latitude,longitude,elevation,utc_offset_seconds,timezone,timezone_abbreviation
49.384884,8.659794,118.0,3600,Europe/Berlin,GMT+1

time,temperature_2m (°C),precipitation (mm),relative_humidity_2m (%),dew_point_2m (°C),apparent_temperature (°C),rain (mm),snow_depth (m),snowfall (cm),weather_code (wmo code),cloud_cover (%),cloud_cover_high (%),cloud_cover_mid (%),cloud_cover_low (%),wind_speed_10m (km/h),wind_direction_100m (°),wind_direction_10m (°),wind_speed_100m (km/h),wind_gusts_10m (km/h),is_day (),sunshine_duration (s),pressure_msl (hPa),surface_pressure (hPa)
2019-12-01T00:00,1.5,0.00,84,-0.9,-2.8,0.00,0.00,0.00,3,100,100,0,0,14.0,92,89,29.5,31.0,0,0.00,1021.8,1006.9
2019-12-01T01:00,1.5,0.00,78,-1.9,-3.1,0.00,0.00,0.00,3,100,100,0,0,15.2,98,94,30.5,29.9,0,0.00,1021.6,1006.7
2019-12-01T02:00,1.3,0.00,79,-2.0,-3.2,0.00,0.00,0.00,3,100,100,0,0,13.8,107,105,28.6,33.5,0,0.00,1021.5,1006.6
2019-12-01T03:00,1.6,0.00,75,-2.4,-3.2,0.00,0.00,0.00,3,100,100,0,0,15.9,99,95,31.0,34.6,0,0.00,1020.7,1005.9
2019-12-01T04:00,1.6,0.00,72,-2.9,-3.0,0.00,0.00,0.00,3,100,100,0,0,14.5,100,97,29.2,34.6,0,0.00,1020.2,1005.4
2019-12-01T05:00,1.8,0.00,69,-3.3,-3.0,0.00,0.00,0.00,3,99,99,10,0,15.5,98,95,30.1,33.1,0,0.00,1019.6,1004.8
2019-12-01T06:00,1.9,0.00,67,-3.5,-3.1,0.00,0.00,0.00,3,100,100,65,0,16.6,95,95,31.5,35.3,0,0.00,1018.7,1003.9
2019-12-01T07:00,2.2,0.00,66,-3.6,-3.0,0.00,0.00,0.00,3,100,100,96,0,17.7,94,92,32.8,38.2,0,0.00,1017.9,1003.1
2019-12-01T08:00,2.3,0.00,66,-3.5,-2.6,0.00,0.00,0.00,3,100,100,94,0,15.5,101,103,28.9,38.2,1,0.00,1017.9,1003.1
2019-12-01T09:00,2.3,0.00,67,-3.1,-2.6,0.00,0.00,0.00,3,100,100,99,0,15.9,94,93,28.9,34.2,1,0.00,1018.1,1003.3
2019-12-01T10:00,2.8,0.00,68,-2.4,-1.6,0.00,0.00,0.00,3,100,100,100,0,13.4,96,95,26.1,34.9,1,0.00,1018.2,1003.5
2019-12-01T11:00,3.5,0.00,67,-2.1,-0.7,0.00,0.00,0.00,3,100,99,100,0,12.3,90,85,20.2,29.9,1,0.00,1018.3,1003.6
2019-12-01T12:00,3.8,0.00,65,-2.2,-0.3,0.00,0.00,0.00,3,100,100,97,0,11.3,78,73,18.4,27.7,1,0.00,1017.9,1003.2
2019-12-01T13:00,4.2,0.00,66,-1.6,0.3,0.00,0.00,0.00,3,100,99,99,0,10.8,80,75,17.9,25.2,1,0.00,1018.3,1003.6
2019-12-01T14:00,3.7,0.10,70,-1.3,-0.2,0.10,0.00,0.00,51,96,1,96,0,10.8,76,69,19.6,23.8,1,0.00,1017.8,1003.1
2019-12-01T15:00,3.6,0.00,71,-1.2,0.2,0.00,0.00,0.00,3,100,0,100,0,7.2,93,90,14.4,23.4,1,0.00,1017.9,1003.2
2019-12-01T16:00,3.4,0.00,70,-1.5,-0.2,0.00,0.00,0.00,3,100,0,100,0,9.0,84,74,17.0,19.1,1,0.00,1017.6,1002.9
2019-12-01T17:00,3.2,0.00,71,-1.5,-0.0,0.00,0.00,0.00,3,100,13,100,0,5.9,89,79,14.4,19.4,0,0.00,1018.0,1003.3
2019-12-01T18:00,3.1,0.00,72,-1.6,-0.3,0.00,0.00,0.00,3,100,97,100,0,6.6,91,81,15.1,15.1,0,0.00,1018.0,1003.3
2019-12-01T19:00,2.9,0.00,73,-1.4,-0.2,0.00,0.00,0.00,3,100,97,99,0,5.6,71,45,13.0,14.8,0,0.00,1018.2,1003.5
2019-12-01T20:00,2.6,0.00,76,-1.2,-0.4,0.00,0.00,0.00,3,99,97,83,4,4.3,59,24,10.5,12.6,0,0.00,1018.7,1003.9
2019-12-01T21:00,2.3,0.00,77,-1.2,-1.0,0.00,0.00,0.00,3,90,84,77,10,6.7,37,16,13.9,13.7,0,0.00,1018.8,1004.0
2019-12-01T22:00,1.7,0.00,81,-1.2,-1.5,0.00,0.00,0.00,3,100,55,100,15,6.6,23,9,15.6,15.1,0,0.00,1019.3,1004.5
2019-12-01T23:00,2.4,0.00,79,-0.9,-0.7,0.00,0.00,0.00,3,100,21,99,4,6.2,24,7,13.4,15.5,0,0.00,1019.6,1004.8
2019-12-02T00:00,2.3,0.00,81,-0.6,-1.0,0.00,0.00,0.00,3,100,0,100,1,7.3,7,351,14.2,14.8,0,0.00,1020.1,1005.3
2019-12-02T01:00,2.5,0.00,79,-0.8,-0.5,0.00,0.00,0.00,3,100,0,99,14,4.7,4,337,10.5,16.2,0,0.00,1020.3,1005.5
2019-12-02T02:00,2.2,0.00,81,-0.8,-1.2,0.00,0.00,0.00,3,99,0,99,5,7.5,359,343,15.1,14.8,0,0.00,1020.7,1005.9
2019-12-02T03:00,2.2,0.00,79,-1.0,-1.3,0.00,0.00,0.00,3,94,0,94,0,8.3,4,355,16.6,19.1,0,0.00,1021.4,1006.6
2019-12-02T04:00,1.7,0.00,83,-0.9,-1.5,0.00,0.00,0.00,3,91,0,91,0,6.6,7,351,14.9,18.0,0,0.00,1022.1,1007.2
2019-12-02T05:00,1.2,0.00,88,-0.5,-1.6,0.00,0.00,0.00,2,59,0,58,1,4.0,13,350,11.4,14.8,0,0.00,1022.6,1007.7
2019-12-02T06:00,0.6,0.00,93,-0.5,-2.7,0.00,0.00,0.00,0,19,0,18,2,7.4,353,337,14.9,14.8,0,0.00,1023.1,1008.2
2019-12-02T07:00,-0.4,0.00,94,-1.3,-3.8,0.00,0.00,0.00,0,0,0,0,0,7.6,2,352,18.0,17.6,0,0.00,1023.9,1008.9
2019-12-02T08:00,-1.3,0.00,94,-2.2,-4.7,0.00,0.00,0.00,0,1,0,0,1,6.5,7,360,16.7,16.6,0,0.00,1024.8,1009.7
2019-12-02T09:00,-0.5,0.00,92,-1.6,-3.7,0.00,0.00,0.00,0,1,0,0,1,6.1,9,357,13.8,14.8,1,1248.92,1025.5,1010.5
2019-12-02T10:00,1.3,0.00,87,-0.6,-1.6,0.00,0.00,0.00,0,4,0,2,3,4.5,344,331,7.9,13.7,1,3600.00,1026.3,1011.4
2019-12-02T11:00,2.6,0.00,83,-0.0,-0.3,0.00,0.00,0.00,0,2,0,1,2,5.4,325,318,7.5,15.8,1,3600.00,1026.9,1012.0
2019-12-02T12:00,3.5,0.00,78,0.1,0.7,0.00,0.00,0.00,0,0,0,0,0,4.7,308,302,6.4,16.2,1,3600.00,1027.1,1012.3
2019-12-02T13:00,4.3,0.00,72,-0.3,1.1,0.00,0.00,0.00,0,1,13,0,1,7.1,318,315,9.2,16.9,1,3600.00,1027.7,1012.9
2019-12-02T14:00,4.6,0.00,71,-0.3,1.6,0.00,0.00,0.00,1,29,28,0,0,5.9,317,313,7.9,18.7,1,3600.00,1027.6,1012.8
2019-12-02T15:00,4.4,0.00,72,-0.2,1.6,0.00,0.00,0.00,2,52,51,0,2,4.5,283,284,6.3,15.5,1,3600.00,1027.4,1012.6
2019-12-02T16:00,2.3,0.00,86,0.2,-0.6,0.00,0.00,0.00,2,58,19,0,49,5.6,289,285,7.6,10.8,1,2992.63,1027.8,1012.9
2019-12-02T17:00,3.9,0.00,73,-0.5,1.2,0.00,0.00,0.00,3,93,1,3,93,3.4,278,212,5.4,9.7,0,0.00,1028.0,1013.2
2019-12-02T18:00,3.1,0.00,79,-0.2,0.3,0.00,0.00,0.00,2,76,0,20,76,4.2,238,200,8.9,7.9,0,0.00,1027.8,1012.9
2019-12-02T19:00,2.1,0.00,84,-0.4,-0.9,0.00,0.00,0.00,3,91,0,7,90,5.0,239,210,11.3,8.6,0,0.00,1028.0,1013.1
2019-12-02T20:00,2.3,0.00,83,-0.3,-0.4,0.00,0.00,0.00,3,96,0,23,96,3.5,243,204,9.7,8.6,0,0.00,1028.9,1014.0
2019-12-02T21:00,2.8,0.00,81,-0.2,-0.0,0.00,0.00,0.00,3,100,0,65,100,4.3,242,204,9.3,8.6,0,0.00,1029.0,1014.1
2019-12-02T22:00,2.5,0.00,84,0.2,-0.1,0.00,0.00,0.00,3,100,0,18,100,3.8,248,197,7.8,8.6,0,0.00,1029.0,1014.1
2019-12-02T23:00,2.5,0.00,86,0.5,0.1,0.00,0.00,0.00,3,100,0,1,100,2.2,281,189,5.9,6.8,0,0.00,1029.3,1014.4
2019-12-03T00:00,2.2,0.00,92,1.0,-0.1,0.00,0.00,0.00,3,87,68,0,62,1.8,328,180,5.5,5.8,0,0.00,1029.8,1014.9
2019-12-03T01:00,0.7,0.00,90,-0.7,-1.9,0.00,0.00,0.00,2,57,30,2,37,2.7,281,157,3.7,6.1,0,0.00,1029.7,1014.7
2019-12-03T02:00,1.9,0.00,85,-0.3,-0.3,0.00,0.00,0.00,1,48,0,7,48,0.5,315,135,4.6,4.3,0,0.00,1030.1,1015.1
2019-12-03T03:00,0.7,0.00,88,-1.0,-1.9,0.00,0.00,0.00,1,20,0,9,19,2.1,300,149,2.9,4.7,0,0.00,1030.2,1015.2
2019-12-03T04:00,-0.2,0.00,89,-1.7,-2.9,0.00,0.00,0.00,0,11,0,7,9,2.5,315,135,1.0,5.0,0,0.00,1029.9,1014.8
2019-12-03T05:00,-1.4,0.00,92,-2.5,-4.4,0.00,0.00,0.00,1,23,0,18,15,3.7,129,119,2.3,7.2,0,0.00,1030.2,1015.1
2019-12-03T06:00,-1.4,0.00,93,-2.4,-4.5,0.00,0.00,0.00,1,26,0,9,26,4.4,171,125,7.3,8.6,0,0.00,1029.6,1014.5
2019-12-03T07:00,-1.6,0.00,93,-2.6,-4.9,0.00,0.00,0.00,1,49,0,1,49,5.0,188,120,7.6,8.3,0,0.00,1029.8,1014.6
2019-12-03T08:00,-0.8,0.00,93,-1.8,-3.7,0.00,0.00,0.00,2,62,0,2,62,3.3,172,103,5.1,7.9,0,0.00,1030.5,1015.4
2019-12-03T09:00,0.8,0.00,91,-0.5,-2.1,0.00,0.00,0.00,2,61,0,1,61,4.2,171,110,4.4,7.6,1,464.00,1030.6,1015.6
2019-12-03T10:00,2.6,0.00,88,0.8,0.1,0.00,0.00,0.00,2,57,0,1,57,3.1,146,111,3.9,9.4,1,3600.00,1030.8,1015.9
2019-12-03T11:00,3.9,0.00,85,1.7,1.5,0.00,0.00,0.00,1,49,0,0,49,3.9,122,124,5.5,11.5,1,3600.00,1030.8,1015.9
2019-12-03T12:00,5.0,0.00,81,2.0,2.6,0.00,0.00,0.00,1,36,0,0,36,4.5,118,119,6.1,13.7,1,3600.00,1030.2,1015.4
2019-12-03T13:00,5.2,0.00,77,1.5,2.8,0.00,0.00,0.00,1,45,0,0,64,3.9,125,124,5.7,14.0,1,3600.00,1029.4,1014.6
2019-12-03T14:00,5.4,0.00,74,1.1,3.0,0.00,0.00,0.00,2,59,0,0,59,2.5,96,90,3.3,11.2,1,3600.00,1028.9,1014.1
2019-12-03T15:00,5.2,0.00,76,1.3,2.8,0.00,0.00,0.00,2,58,0,0,58,3.4,67,72,5.5,8.3,1,3600.00,1028.5,1013.7
2019-12-03T16:00,4.0,0.00,82,1.2,1.4,0.00,0.00,0.00,2,56,0,0,56,4.3,92,95,9.4,8.3,1,2955.14,1028.5,1013.7
2019-12-03T17:00,3.0,0.00,83,0.4,0.1,0.00,0.00,0.00,2,54,0,0,54,5.8,101,97,13.6,11.9,0,0.00,1028.7,1013.8
2019-12-03T18:00,2.3,0.00,85,0.1,-0.8,0.00,0.00,0.00,2,50,0,0,50,6.5,94,87,14.8,13.3,0,0.00,1028.6,1013.7
2019-12-03T19:00,1.9,0.00,88,0.1,-1.3,0.00,0.00,0.00,1,42,0,0,42,7.5,84,73,15.9,14.8,0,0.00,1028.4,1013.5
2019-12-03T20:00,1.3,0.00,91,0.1,-1.9,0.00,0.00,0.00,1,23,0,0,23,7.2,86,87,17.0,15.1,0,0.00,1028.3,1013.3
2019-12-03T21:00,0.7,0.00,91,-0.6,-2.5,0.00,0.00,0.00,0,0,0,0,0,6.9,101,96,18.7,15.1,0,0.00,1027.9,1012.9
2019-12-03T22:00,0.3,0.00,91,-1.0,-3.0,0.00,0.00,0.00,0,0,0,0,0,7.2,100,93,19.4,14.8,0,0.00,1027.8,1012.8
2019-12-03T23:00,0.5,0.00,89,-1.1,-3.1,0.00,0.00,0.00,0,3,0,0,3,8.7,101,97,21.6,18.4,0,0.00,1027.3,1012.3
2019-12-04T00:00,0.0,0.00,90,-1.5,-3.4,0.00,0.00,0.00,0,0,0,0,0,7.2,98,93,18.9,18.4,0,0.00,1026.9,1011.9
2019-12-04T01:00,0.3,0.00,88,-1.4,-3.2,0.00,0.00,0.00,0,1,0,0,1,7.9,97,93,20.3,15.5,0,0.00,1026.5,1011.5
2019-12-04T02:00,0.3,0.00,88,-1.5,-3.2,0.00,0.00,0.00,0,0,0,0,0,8.3,93,88,21.6,18.0,0,0.00,1026.2,1011.2
2019-12-04T03:00,0.3,0.00,86,-1.7,-3.3,0.00,0.00,0.00,0,1,0,0,1,8.4,98,100,22.2,18.7,0,0.00,1025.8,1010.8
2019-12-04T04:00,0.1,0.00,87,-1.9,-3.5,0.00,0.00,0.00,0,1,0,0,1,7.7,101,101,20.9,19.1,0,0.00,1025.1,1010.1
2019-12-04T05:00,0.0,0.00,87,-1.9,-3.5,0.00,0.00,0.00,0,1,0,0,1,7.9,96,90,21.3,18.0,0,0.00,1025.0,1010.0
2019-12-04T06:00,0.1,0.00,86,-2.0,-3.6,0.00,0.00,0.00,0,1,0,0,1,8.3,94,85,22.0,18.7,0,0.00,1024.6,1009.6
2019-12-04T07:00,0.1,0.00,84,-2.2,-3.5,0.00,0.00,0.00,0,1,0,0,1,8.3,95,88,22.4,19.1,0,0.00,1024.5,1009.5
2019-12-04T08:00,-0.1,0.00,84,-2.5,-3.6,0.00,0.00,0.00,0,0,0,0,0,7.3,102,99,21.3,18.7,0,0.00,1024.4,1009.4
2019-12-04T09:00,0.8,0.00,80,-2.2,-2.9,0.00,0.00,0.00,0,0,0,0,0,8.8,105,102,20.5,18.7,1,942.73,1024.8,1009.9
2019-12-04T10:00,2.4,0.00,75,-1.7,-1.4,0.00,0.00,0.00,0,0,0,0,0,9.5,103,101,18.9,21.6,1,3600.00,1024.7,1009.8
2019-12-04T11:00,3.6,0.00,69,-1.6,-0.2,0.00,0.00,0.00,0,0,0,0,0,10.2,101,100,15.4,24.1,1,3600.00,1024.1,1009.3
2019-12-04T12:00,4.8,0.00,64,-1.5,1.0,0.00,0.00,0.00,0,0,0,0,0,9.7,93,94,14.1,24.1,1,3600.00,1023.0,1008.3
2019-12-04T13:00,5.6,0.00,64,-0.7,1.7,0.00,0.00,0.00,0,0,0,0,0,11.0,99,101,15.7,23.4,1,3600.00,1022.5,1007.8
2019-12-04T14:00,5.9,0.00,63,-0.5,2.2,0.00,0.00,0.00,0,0,0,0,0,10.5,96,98,15.9,25.6,1,3600.00,1021.7,1007.1
2019-12-04T15:00,5.8,0.00,66,-0.0,2.5,0.00,0.00,0.00,0,0,0,0,0,8.0,89,85,15.8,24.1,1,3600.00,1021.1,1006.5
2019-12-04T16:00,3.8,0.00,74,-0.4,0.7,0.00,0.00,0.00,0,0,0,0,0,6.3,89,77,16.6,18.4,1,2921.24,1021.1,1006.4
2019-12-04T17:00,2.2,0.00,80,-0.9,-1.1,0.00,0.00,0.00,0,0,0,0,0,7.0,89,78,19.1,15.8,0,0.00,1021.2,1006.4
2019-12-04T18:00,1.6,0.00,82,-1.2,-1.9,0.00,0.00,0.00,0,0,0,0,0,8.0,105,100,21.6,17.3,0,0.00,1021.3,1006.4
2019-12-04T19:00,1.5,0.00,81,-1.5,-2.4,0.00,0.00,0.00,0,0,0,0,0,10.6,111,108,25.4,22.3,0,0.00,1021.6,1006.7
2019-12-04T20:00,1.1,0.00,80,-1.9,-3.1,0.00,0.00,0.00,0,0,0,0,0,12.5,112,108,27.6,26.3,0,0.00,1021.7,1006.8
2019-12-04T21:00,0.4,0.00,81,-2.4,-3.8,0.00,0.00,0.00,0,0,0,0,0,12.0,115,111,26.3,26.3,0,0.00,1021.5,1006.6
2019-12-04T22:00,-0.1,0.00,82,-2.8,-4.3,0.00,0.00,0.00,0,0,0,0,0,11.8,115,110,25.4,25.2,0,0.00,1021.3,1006.4
2019-12-04T23:00,-0.6,0.00,84,-3.0,-4.5,0.00,0.00,0.00,0,0,0,0,0,9.4,117,113,22.5,24.1,0,0.00,1021.4,1006.4
2019-12-05T00:00,-1.4,0.00,87,-3.3,-5.0,0.00,0.00,0.00,0,0,0,0,0,6.8,122,122,18.8,19.8,0,0.00,1022.0,1007.0
2019-12-05T01:00,-2.1,0.00,91,-3.3,-5.7,0.00,0.00,0.00,0,0,0,0,0,6.9,145,133,16.8,14.0,0,0.00,1022.2,1007.1
2019-12-05T02:00,-2.5,0.00,92,-3.6,-6.3,0.00,0.00,0.00,0,5,0,0,5,7.9,163,137,16.2,16.2,0,0.00,1022.6,1007.5
2019-12-05T03:00,-2.6,0.00,93,-3.6,-6.1,0.00,0.00,0.00,0,18,0,0,18,5.9,185,137,12.6,15.8,0,0.00,1022.8,1007.7
2019-12-05T04:00,-2.6,0.00,95,-3.3,-5.9,0.00,0.00,0.00,1,29,0,0,29,5.0,201,150,11.2,12.2,0,0.00,1022.9,1007.8
2019-12-05T05:00,-2.5,0.00,97,-2.9,-5.8,0.00,0.00,0.00,2,61,0,0,61,5.4,201,160,12.3,11.9,0,0.00,1023.0,1007.9
2019-12-05T06:00,-2.2,0.00,97,-2.6,-5.6,0.00,0.00,0.00,2,75,0,0,75,6.4,193,164,12.6,12.6,0,0.00,1023.1,1008.0
2019-12-05T07:00,-1.9,0.00,97,-2.3,-5.5,0.00,0.00,0.00,2,66,0,0,66,7.4,185,157,13.7,15.8,0,0.00,1023.2,1008.1
2019-12-05T08:00,-1.7,0.00,97,-2.1,-5.1,0.00,0.00,0.00,3,99,0,0,99,6.6,183,151,11.9,14.8,0,0.00,1023.3,1008.2
2019-12-05T09:00,-0.6,0.00,93,-1.5,-3.9,0.00,0.00,0.00,3,100,0,0,100,6.9,182,152,12.2,15.5,1,149.47,1023.8,1008.8
2019-12-05T10:00,1.0,0.00,87,-0.9,-2.2,0.00,0.00,0.00,3,100,0,0,100,6.9,186,174,11.2,16.9,1,1915.42,1024.0,1009.1
2019-12-05T11:00,2.3,0.00,85,0.0,-0.6,0.00,0.00,0.00,3,100,0,0,100,5.7,202,198,8.6,16.9,1,2056.99,1024.0,1009.1
2019-12-05T12:00,3.0,0.00,87,1.1,0.2,0.00,0.00,0.00,3,100,0,0,100,5.5,216,212,8.0,15.8,1,1403.29,1023.7,1008.9
2019-12-05T13:00,3.3,0.00,82,0.6,0.3,0.00,0.00,0.00,3,100,0,0,87,6.6,228,225,9.2,16.6,1,0.00,1024.1,1009.3
2019-12-05T14:00,3.3,0.00,82,0.5,0.4,0.00,0.00,0.00,3,100,0,0,100,6.1,228,225,8.7,16.6,1,3337.16,1023.7,1008.9
2019-12-05T15:00,2.9,0.00,85,0.6,0.2,0.00,0.00,0.00,3,89,0,0,89,4.4,214,189,10.4,14.0,1,2172.49,1023.4,1008.6
2019-12-05T16:00,1.9,0.00,91,0.6,-1.1,0.00,0.00,0.00,3,81,0,0,81,6.5,205,174,15.5,13.3,1,1555.87,1023.6,1008.7
2019-12-05T17:00,1.1,0.00,93,0.2,-2.2,0.00,0.00,0.00,2,71,0,0,71,8.4,211,187,20.2,17.6,0,0.00,1023.6,1008.7
2019-12-05T18:00,0.8,0.00,94,0.0,-2.4,0.00,0.00,0.00,2,76,0,0,76,7.6,221,199,19.9,18.4,0,0.00,1023.4,1008.5
2019-12-05T19:00,0.5,0.00,94,-0.3,-2.5,0.00,0.00,0.00,3,100,0,0,100,5.6,224,195,16.5,16.2,0,0.00,1023.6,1008.7
2019-12-05T20:00,1.0,0.00,95,0.3,-2.1,0.00,0.00,0.00,3,100,0,0,100,6.9,215,186,17.6,15.1,0,0.00,1023.4,1008.5
2019-12-05T21:00,1.1,0.00,95,0.4,-2.1,0.00,0.00,0.00,3,97,0,0,97,7.9,220,196,19.2,16.9,0,0.00,1023.2,1008.3
2019-12-05T22:00,0.8,0.00,96,0.3,-2.5,0.00,0.00,0.00,3,89,0,0,89,8.7,222,197,19.9,18.7,0,0.00,1022.8,1007.9
2019-12-05T23:00,0.9,0.00,97,0.5,-2.4,0.00,0.00,0.00,3,81,0,0,81,8.7,221,204,20.2,19.4,0,0.00,1022.8,1007.9
2019-12-06T00:00,1.0,0.00,97,0.6,-2.4,0.00,0.00,0.00,3,100,0,0,100,9.2,229,219,20.2,21.2,0,0.00,1022.8,1007.9
2019-12-06T01:00,0.8,0.00,99,0.6,-2.8,0.00,0.00,0.00,3,95,0,0,82,10.8,225,210,21.4,24.5,0,0.00,1023.0,1008.1
2019-12-06T02:00,0.9,0.00,98,0.6,-2.9,0.00,0.00,0.00,3,89,0,0,89,12.3,222,212,24.7,27.4,0,0.00,1022.3,1007.4
2019-12-06T03:00,1.0,0.00,98,0.6,-2.9,0.00,0.00,0.00,3,100,0,0,100,12.6,221,211,24.8,28.1,0,0.00,1022.2,1007.3
2019-12-06T04:00,1.1,0.00,98,0.9,-2.7,0.00,0.00,0.00,3,100,0,0,100,12.2,225,214,23.4,28.1,0,0.00,1022.1,1007.2
2019-12-06T05:00,1.3,0.00,99,1.1,-2.5,0.00,0.00,0.00,3,100,0,0,100,12.6,222,211,24.2,27.4,0,0.00,1021.6,1006.7
2019-12-06T06:00,1.5,0.00,98,1.2,-2.2,0.00,0.00,0.00,3,100,0,0,100,12.1,225,217,23.4,27.7,0,0.00,1020.9,1006.0
2019-12-06T07:00,1.5,0.00,98,1.2,-2.3,0.00,0.00,0.00,3,100,0,0,100,12.2,217,204,22.9,27.0,0,0.00,1020.7,1005.8
2019-12-06T08:00,1.5,0.00,98,1.1,-2.3,0.00,0.00,0.00,3,100,15,0,100,12.3,212,201,23.5,27.4,0,0.00,1020.7,1005.8
2019-12-06T09:00,1.7,0.00,98,1.4,-2.1,0.00,0.00,0.00,3,100,78,0,100,13.2,209,197,24.3,28.8,1,0.00,1020.5,1005.7
2019-12-06T10:00,1.9,0.00,96,1.4,-1.9,0.00,0.00,0.00,3,99,94,0,79,12.8,209,196,22.6,29.2,1,0.00,1020.3,1005.5
2019-12-06T11:00,2.3,0.00,95,1.6,-1.2,0.00,0.00,0.00,3,99,98,0,60,11.1,210,193,21.9,28.4,1,755.85,1020.0,1005.2
2019-12-06T12:00,2.7,0.00,92,1.6,-0.6,0.00,0.00,0.00,3,99,98,0,53,10.1,212,197,19.9,26.3,1,519.31,1019.2,1004.4
2019-12-06T13:00,2.2,0.00,86,0.1,-1.2,0.00,0.00,0.00,3,99,99,0,94,9.0,196,182,14.6,25.9,1,2673.50,1019.4,1004.6
2019-12-06T14:00,2.8,0.00,85,0.5,-0.8,0.00,0.00,0.00,3,100,99,0,100,10.5,202,174,19.9,23.8,1,30.02,1018.0,1003.3
2019-12-06T15:00,3.1,0.00,86,1.0,-0.4,0.00,0.00,0.00,3,100,100,0,78,10.5,210,186,21.6,24.8,1,0.00,1017.3,1002.6
2019-12-06T16:00,2.6,0.00,92,1.4,-0.6,0.00,0.00,0.00,3,100,100,63,24,9.2,220,191,22.5,24.5,1,0.00,1016.5,1001.8
2019-12-06T17:00,2.4,0.00,92,1.3,-0.8,0.00,0.00,0.00,3,100,99,100,16,8.8,226,199,22.7,22.7,0,0.00,1016.3,1001.6
2019-12-06T18:00,2.5,0.00,92,1.4,-0.8,0.00,0.00,0.00,3,100,100,100,17,10.0,225,206,24.9,24.5,0,0.00,1015.5,1000.8
2019-12-06T19:00,3.1,0.10,91,1.8,-0.6,0.10,0.00,0.00,51,100,100,100,6,12.7,223,209,28.3,28.8,0,0.00,1015.1,1000.4
2019-12-06T20:00,3.9,0.10,88,2.1,-0.3,0.10,0.00,0.00,51,100,100,99,2,16.6,215,204,32.9,37.1,0,0.00,1014.6,1000.0
2019-12-06T21:00,4.2,0.10,87,2.3,-0.0,0.10,0.00,0.00,51,100,99,99,24,16.6,216,207,32.7,38.2,0,0.00,1014.1,999.5
2019-12-06T22:00,4.3,0.20,88,2.6,-0.1,0.20,0.00,0.00,51,99,99,96,49,18.9,220,215,36.8,42.5,0,0.00,1013.5,998.9
2019-12-06T23:00,4.4,0.10,89,2.8,0.1,0.10,0.00,0.00,51,99,89,95,98,17.8,230,227,34.8,43.2,0,0.00,1013.5,998.9
2019-12-07T00:00,4.5,0.30,90,3.0,-0.2,0.30,0.00,0.00,51,100,99,100,100,20.6,230,227,38.3,45.4,0,0.00,1013.4,998.8
2019-12-07T01:00,6.4,0.60,91,5.1,2.3,0.60,0.00,0.00,53,100,82,98,100,20.1,236,234,37.0,55.4,0,0.00,1013.2,998.7
2019-12-07T02:00,6.9,0.20,91,5.6,2.7,0.20,0.00,0.00,51,73,0,62,60,21.2,233,228,38.3,45.7,0,0.00,1012.9,998.4
2019-12-07T03:00,7.5,0.00,91,6.0,3.1,0.00,0.00,0.00,3,97,0,96,79,23.3,233,231,40.6,50.0,0,0.00,1012.8,998.4
2019-12-07T04:00,7.7,0.80,91,6.3,3.2,0.80,0.00,0.00,53,99,0,58,99,24.0,235,234,41.3,52.2,0,0.00,1012.9,998.5
2019-12-07T05:00,7.7,0.00,92,6.5,3.4,0.00,0.00,0.00,2,68,0,49,58,22.9,238,237,39.5,52.2,0,0.00,1013.5,999.1
2019-12-07T06:00,7.3,0.10,94,6.4,3.3,0.10,0.00,0.00,51,92,0,41,90,21.1,241,240,36.9,50.0,0,0.00,1014.1,999.6
2019-12-07T07:00,7.4,0.10,94,6.4,3.8,0.10,0.00,0.00,51,66,2,49,62,18.2,245,243,32.2,45.7,0,0.00,1014.9,1000.4
2019-12-07T08:00,7.1,0.10,95,6.3,3.9,0.10,0.00,0.00,51,91,80,13,57,15.1,244,242,28.5,39.6,0,0.00,1015.5,1001.0
2019-12-07T09:00,6.9,0.10,96,6.3,3.9,0.10,0.00,0.00,51,87,30,7,81,14.2,245,240,26.9,33.1,1,0.00,1016.4,1001.9
2019-12-07T10:00,7.2,0.20,96,6.6,4.7,0.20,0.00,0.00,51,100,1,2,100,10.8,237,233,21.4,31.0,1,0.00,1016.8,1002.3
2019-12-07T11:00,7.8,0.20,91,6.4,4.0,0.20,0.00,0.00,51,93,36,7,89,19.4,242,239,33.5,40.7,1,0.00,1017.0,1002.5
2019-12-07T12:00,8.6,0.00,89,6.9,5.2,0.00,0.00,0.00,2,66,5,10,64,18.0,240,237,29.2,43.2,1,3600.00,1017.1,1002.7
2019-12-07T13:00,9.3,0.30,83,6.5,6.2,0.30,0.00,0.00,51,85,0,5,100,15.2,268,266,24.9,41.4,1,3600.00,1017.2,1002.8
2019-12-07T14:00,9.4,0.00,82,6.4,6.8,0.00,0.00,0.00,2,62,3,9,60,12.0,259,254,20.2,32.8,1,2637.55,1017.2,1002.8
2019-12-07T15:00,9.0,0.00,84,6.5,6.2,0.00,0.00,0.00,1,37,0,26,34,13.4,245,243,23.4,28.4,1,3600.00,1017.1,1002.7
2019-12-07T16:00,7.9,0.00,91,6.6,5.5,0.00,0.00,0.00,1,45,3,19,42,10.7,238,230,22.5,29.2,1,2841.33,1017.7,1003.2
2019-12-07T17:00,6.9,0.00,93,5.9,4.4,0.00,0.00,0.00,2,64,1,30,61,10.0,233,221,22.4,23.8,0,0.00,1018.2,1003.7
2019-12-07T18:00,6.5,0.00,94,5.7,3.7,0.00,0.00,0.00,1,28,7,16,20,11.8,226,218,25.2,24.8,0,0.00,1018.5,1003.9
2019-12-07T19:00,6.1,0.00,95,5.4,3.0,0.00,0.00,0.00,1,42,9,13,35,13.5,232,226,27.7,28.8,0,0.00,1019.2,1004.6
2019-12-07T20:00,6.1,0.00,96,5.5,3.0,0.00,0.00,0.00,2,64,46,11,34,13.7,230,225,28.1,30.2,0,0.00,1019.4,1004.8
2019-12-07T21:00,5.9,0.00,96,5.2,2.7,0.00,0.00,0.00,2,64,46,9,40,13.5,231,226,27.7,30.2,0,0.00,1019.6,1005.0
2019-12-07T22:00,6.4,0.00,95,5.6,3.3,0.00,0.00,0.00,2,76,36,9,73,13.8,234,229,26.8,30.2,0,0.00,1019.9,1005.3
2019-12-07T23:00,6.6,0.00,94,5.7,3.6,0.00,0.00,0.00,2,68,0,6,68,13.2,229,223,26.3,29.9,0,0.00,1019.7,1005.1
2019-12-08T00:00,6.4,0.00,94,5.5,3.3,0.00,0.00,0.00,3,86,34,3,80,13.6,227,220,26.7,29.5,0,0.00,1019.3,1004.7
2019-12-08T01:00,6.6,0.00,92,5.4,3.5,0.00,0.00,0.00,3,97,43,26,36,13.2,231,225,27.4,29.9,0,0.00,1018.3,1003.8
2019-12-08T02:00,6.6,0.00,93,5.5,4.0,0.00,0.00,0.00,3,87,25,0,83,10.2,228,219,22.7,29.2,0,0.00,1017.7,1003.2
2019-12-08T03:00,6.6,0.20,94,5.7,3.7,0.20,0.00,0.00,51,100,40,2,100,12.6,215,204,24.6,26.3,0,0.00,1016.8,1002.3
2019-12-08T04:00,7.6,0.20,90,6.1,3.9,0.20,0.00,0.00,51,45,19,0,31,18.4,223,219,32.6,40.7,0,0.00,1016.0,1001.5
2019-12-08T05:00,6.6,0.00,94,5.6,3.6,0.00,0.00,0.00,3,99,84,0,94,12.6,214,207,25.7,40.0,0,0.00,1015.2,1000.7
2019-12-08T06:00,7.6,0.00,90,6.1,4.3,0.00,0.00,0.00,3,91,80,1,57,15.5,216,211,28.6,34.6,0,0.00,1014.1,999.7
2019-12-08T07:00,7.3,0.00,90,5.8,4.0,0.00,0.00,0.00,3,99,87,1,96,15.4,217,213,29.0,34.6,0,0.00,1013.5,999.1
2019-12-08T08:00,7.4,0.00,88,5.6,4.0,0.00,0.00,0.00,3,100,96,0,100,16.0,216,211,29.9,36.0,0,0.00,1012.9,998.5
2019-12-08T09:00,7.8,0.00,84,5.2,3.9,0.00,0.00,0.00,3,97,96,0,26,18.4,217,215,32.6,40.0,1,0.00,1012.3,997.9
2019-12-08T10:00,8.0,0.00,81,5.0,3.9,0.00,0.00,0.00,3,100,98,0,100,19.3,220,217,33.7,42.5,1,2679.36,1011.9,997.5
2019-12-08T11:00,8.7,0.00,78,5.1,4.6,0.00,0.00,0.00,3,100,100,0,100,20.1,227,224,34.6,44.3,1,0.00,1011.4,997.1
2019-12-08T12:00,9.1,0.00,77,5.3,4.5,0.00,0.00,0.00,3,100,100,0,94,23.4,227,226,39.7,51.8,1,0.00,1010.5,996.2
2019-12-08T13:00,10.4,0.00,74,6.0,5.7,0.00,0.00,0.00,3,100,100,35,33,25.2,223,222,42.5,56.5,1,0.00,1009.3,995.1
2019-12-08T14:00,10.9,0.10,73,6.3,6.2,0.10,0.00,0.00,51,100,100,100,25,25.7,223,222,42.8,57.2,1,0.00,1008.7,994.5
2019-12-08T15:00,10.6,0.30,78,7.0,6.5,0.30,0.00,0.00,51,100,100,100,47,22.8,220,219,38.8,56.2,1,0.00,1007.7,993.5
2019-12-08T16:00,10.5,0.10,82,7.5,6.8,0.10,0.00,0.00,51,100,100,100,100,20.5,220,218,35.8,49.7,1,0.00,1007.1,992.9
2019-12-08T17:00,10.4,0.10,83,7.6,6.7,0.10,0.00,0.00,51,100,100,97,100,21.1,219,217,36.6,46.4,0,0.00,1006.6,992.4
2019-12-08T18:00,10.1,0.40,85,7.6,6.3,0.40,0.00,0.00,51,100,100,87,100,21.4,219,216,36.8,47.5,0,0.00,1005.8,991.6
2019-12-08T19:00,9.7,0.80,89,8.1,6.2,0.80,0.00,0.00,53,100,100,91,100,20.7,224,221,36.7,47.2,0,0.00,1005.3,991.1
2019-12-08T20:00,10.0,0.10,87,8.0,6.5,0.10,0.00,0.00,51,100,100,100,100,20.8,234,233,36.4,47.2,0,0.00,1004.9,990.7
2019-12-08T21:00,10.1,0.10,87,8.0,6.4,0.10,0.00,0.00,51,100,97,100,100,21.5,252,252,37.1,47.5,0,0.00,1004.8,990.6
2019-12-08T22:00,9.7,0.40,89,7.9,6.4,0.40,0.00,0.00,51,100,92,98,68,19.0,253,251,33.1,47.5,0,0.00,1004.8,990.6
2019-12-08T23:00,9.3,0.00,81,6.2,5.4,0.00,0.00,0.00,3,97,95,30,7,20.1,258,255,35.0,45.0,0,0.00,1005.0,990.8
2019-12-09T00:00,8.3,0.00,80,5.0,4.2,0.00,0.00,0.00,3,99,99,22,7,19.3,249,246,34.6,43.9,0,0.00,1005.2,990.9
2019-12-09T01:00,7.8,0.00,84,5.3,4.4,0.00,0.00,0.00,2,70,0,22,21,15.4,240,233,29.2,48.2,0,0.00,1005.7,991.4
2019-12-09T02:00,7.8,0.10,83,5.1,3.8,0.10,0.00,0.00,51,55,0,31,45,19.5,237,232,34.8,50.8,0,0.00,1005.5,991.2
2019-12-09T03:00,7.5,0.80,85,5.1,3.1,0.80,0.00,0.00,53,95,0,58,93,21.4,230,226,37.3,59.0,0,0.00,1005.1,990.8
2019-12-09T04:00,7.4,0.90,87,5.4,2.7,0.90,0.00,0.00,53,97,0,50,97,24.0,224,221,40.2,59.8,0,0.00,1004.5,990.2
2019-12-09T05:00,7.2,0.80,87,5.2,2.2,0.80,0.00,0.00,53,73,0,19,69,26.3,228,228,43.1,71.3,0,0.00,1004.5,990.2
2019-12-09T06:00,7.0,0.10,86,4.9,2.3,0.10,0.00,0.00,51,55,0,2,55,24.0,230,229,40.4,56.2,0,0.00,1004.0,989.7
2019-12-09T07:00,7.0,0.10,85,4.6,2.2,0.10,0.00,0.00,51,62,0,33,56,23.7,229,228,40.1,51.8,0,0.00,1003.8,989.5
2019-12-09T08:00,6.8,0.20,84,4.3,1.7,0.20,0.00,0.00,51,96,6,18,95,25.5,225,225,42.5,54.7,0,0.00,1003.5,989.2
2019-12-09T09:00,6.7,0.20,86,4.6,1.8,0.20,0.00,0.00,51,83,0,28,81,24.7,224,223,40.7,55.1,1,0.00,1003.7,989.4
2019-12-09T10:00,6.7,0.30,87,4.7,1.7,0.30,0.00,0.00,51,74,9,53,70,25.5,227,226,41.0,53.6,1,375.15,1003.6,989.3
2019-12-09T11:00,7.2,0.20,87,5.1,3.0,0.20,0.00,0.00,51,100,44,66,99,20.4,223,221,33.4,58.7,1,3600.00,1003.3,989.0
2019-12-09T12:00,6.9,0.50,86,4.7,2.4,0.50,0.00,0.00,53,98,48,93,89,21.9,227,225,35.7,56.5,1,0.00,1003.0,988.7
2019-12-09T13:00,7.3,0.90,87,5.2,3.5,0.90,0.00,0.00,53,97,93,98,80,17.6,229,227,31.4,57.2,1,0.00,1003.2,988.9
2019-12-09T14:00,7.3,1.20,87,5.4,2.9,1.20,0.00,0.00,55,94,68,85,55,22.7,229,229,36.5,48.2,1,0.00,1003.5,989.2
2019-12-09T15:00,7.3,0.90,85,5.0,3.0,0.90,0.00,0.00,53,75,57,51,14,20.7,242,239,34.0,47.9,1,1244.28,1004.1,989.8
2019-12-09T16:00,6.5,0.70,90,5.0,3.3,0.70,0.00,0.00,53,99,38,99,91,13.2,248,244,24.5,45.4,1,769.59,1004.9,990.5
2019-12-09T17:00,6.4,0.50,90,4.8,3.3,0.50,0.00,0.00,53,67,15,50,52,12.6,248,246,22.5,33.1,0,0.00,1006.1,991.7
2019-12-09T18:00,5.8,0.30,92,4.6,2.6,0.30,0.00,0.00,51,92,73,81,66,13.1,251,254,24.4,28.1,0,0.00,1007.3,992.9
2019-12-09T19:00,5.7,0.30,92,4.5,2.7,0.30,0.00,0.00,51,91,2,57,88,11.7,261,259,22.3,29.2,0,0.00,1008.7,994.2
2019-12-09T20:00,5.6,0.10,93,4.5,2.8,0.10,0.00,0.00,51,100,3,92,99,10.1,275,270,20.2,25.6,0,0.00,1010.2,995.7
2019-12-09T21:00,5.6,0.30,92,4.5,2.5,0.30,0.00,0.00,51,100,0,68,100,12.4,305,300,22.8,25.9,0,0.00,1012.2,997.7
2019-12-09T22:00,5.4,0.40,92,4.2,1.7,0.40,0.00,0.00,51,100,0,90,100,15.5,317,312,27.2,33.1,0,0.00,1014.2,999.6
2019-12-09T23:00,5.6,0.40,91,4.3,1.6,0.40,0.00,0.00,51,95,0,95,32,17.8,332,328,31.1,43.9,0,0.00,1015.9,1001.3
2019-12-10T00:00,5.4,0.00,88,3.5,0.9,0.00,0.00,0.00,1,44,0,14,38,20.2,328,325,34.8,43.9,0,0.00,1018.0,1003.4
2019-12-10T01:00,4.4,0.00,88,2.6,0.2,0.00,0.00,0.00,1,27,0,1,20,17.6,318,316,31.4,43.9,0,0.00,1020.0,1005.3
2019-12-10T02:00,3.9,0.00,88,2.2,0.0,0.00,0.00,0.00,0,19,0,0,19,14.5,317,312,27.5,38.2,0,0.00,1021.7,1007.0
2019-12-10T03:00,3.2,0.00,90,1.7,-0.2,0.00,0.00,0.00,0,14,0,0,14,10.7,310,303,22.5,32.0,0,0.00,1023.3,1008.5
2019-12-10T04:00,2.3,0.00,92,1.1,-0.7,0.00,0.00,0.00,1,37,0,0,37,6.8,305,295,18.1,24.5,0,0.00,1024.3,1009.4
2019-12-10T05:00,1.8,0.00,93,0.8,-1.0,0.00,0.00,0.00,1,33,0,0,33,5.8,290,277,15.7,16.6,0,0.00,1025.3,1010.4
2019-12-10T06:00,1.3,0.00,93,0.3,-1.7,0.00,0.00,0.00,1,41,0,0,41,5.8,286,277,16.5,14.0,0,0.00,1026.3,1011.4
2019-12-10T07:00,0.7,0.00,93,-0.3,-2.3,0.00,0.00,0.00,1,22,0,0,22,5.5,293,281,14.5,14.0,0,0.00,1027.1,1012.1
2019-12-10T08:00,0.2,0.00,93,-0.9,-3.0,0.00,0.00,0.00,0,4,0,0,4,6.0,300,295,15.3,13.0,0,0.00,1027.9,1012.9
2019-12-10T09:00,0.6,0.00,93,-0.4,-1.8,0.00,0.00,0.00,0,0,0,0,0,1.6,291,153,3.1,14.0,1,387.14,1027.7,1012.7
2019-12-10T10:00,2.5,0.00,90,1.1,-0.6,0.00,0.00,0.00,0,0,0,0,0,7.6,219,211,12.5,15.8,1,3600.00,1028.4,1013.5
2019-12-10T11:00,3.2,0.00,88,1.4,-0.1,0.00,0.00,0.00,0,6,0,0,6,9.7,219,219,13.8,23.4,1,3600.00,1029.1,1014.2
2019-12-10T12:00,4.0,0.00,86,1.8,0.8,0.00,0.00,0.00,0,13,0,0,13,9.3,208,208,13.0,23.0,1,3600.00,1028.8,1014.0
2019-12-10T13:00,5.2,0.00,79,1.9,1.6,0.00,0.00,0.00,2,56,11,7,40,12.6,208,207,17.9,27.4,1,3600.00,1029.0,1014.2
2019-12-10T14:00,5.3,0.00,78,1.8,1.5,0.00,0.00,0.00,2,59,0,3,59,13.4,211,211,19.4,30.6,1,3600.00,1028.3,1013.5
2019-12-10T15:00,5.1,0.00,77,1.3,1.3,0.00,0.00,0.00,0,9,0,0,9,12.8,215,212,19.7,30.2,1,3600.00,1027.5,1012.7
2019-12-10T16:00,3.8,0.00,83,1.2,0.7,0.00,0.00,0.00,0,10,1,0,9,7.9,211,204,17.6,28.1,1,2793.60,1026.9,1012.1
2019-12-10T17:00,2.1,0.00,89,0.4,-0.8,0.00,0.00,0.00,0,0,0,0,0,5.8,205,180,15.9,17.3,0,0.00,1026.4,1011.5
2019-12-10T18:00,1.7,0.00,88,-0.1,-1.4,0.00,0.00,0.00,0,1,0,0,0,6.6,194,158,16.7,14.0,0,0.00,1025.8,1010.9
2019-12-10T19:00,1.4,0.00,86,-0.6,-2.0,0.00,0.00,0.00,0,1,0,0,1,8.3,176,146,19.1,17.6,0,0.00,1024.8,1009.9
2019-12-10T20:00,0.8,0.00,84,-1.5,-2.9,0.00,0.00,0.00,0,3,2,0,1,9.4,161,137,21.3,18.7,0,0.00,1024.2,1009.3
2019-12-10T21:00,0.1,0.00,85,-2.1,-3.6,0.00,0.00,0.00,1,41,41,0,0,8.9,161,130,19.8,19.8,0,0.00,1023.5,1008.5
2019-12-10T22:00,-0.3,0.00,84,-2.7,-4.3,0.00,0.00,0.00,1,42,35,13,0,9.8,155,126,20.3,19.1,0,0.00,1022.9,1007.9
2019-12-10T23:00,-0.4,0.00,83,-3.0,-4.5,0.00,0.00,0.00,3,90,78,59,0,11.1,146,126,23.4,22.7,0,0.00,1022.3,1007.3
2019-12-11T00:00,0.1,0.00,84,-2.4,-4.0,0.00,0.00,0.00,3,97,84,86,0,11.2,144,123,21.7,23.0,0,0.00,1021.7,1006.8
2019-12-11T01:00,0.1,0.00,85,-2.1,-4.0,0.00,0.00,0.00,3,92,90,93,0,11.8,145,128,23.8,22.3,0,0.00,1021.8,1006.9
2019-12-11T02:00,1.0,0.00,81,-1.9,-3.2,0.00,0.00,0.00,3,88,81,80,0,11.8,143,130,22.9,24.8,0,0.00,1020.6,1005.7
2019-12-11T03:00,1.2,0.00,79,-2.1,-2.7,0.00,0.00,0.00,3,92,91,4,0,10.5,145,131,21.2,24.5,0,0.00,1019.5,1004.7
2019-12-11T04:00,-0.0,0.00,84,-2.5,-3.9,0.00,0.00,0.00,3,99,99,15,0,9.2,143,121,18.5,21.6,0,0.00,1018.5,1003.6
2019-12-11T05:00,0.1,0.00,80,-3.0,-4.0,0.00,0.00,0.00,3,99,99,84,0,10.5,141,117,18.9,20.9,0,0.00,1017.6,1002.7
2019-12-11T06:00,0.2,0.00,77,-3.4,-3.7,0.00,0.00,0.00,3,99,99,94,0,9.3,146,118,16.9,21.2,0,0.00,1016.7,1001.8
2019-12-11T07:00,0.3,0.00,75,-3.6,-3.7,0.00,0.00,0.00,3,100,99,51,0,9.7,145,117,16.8,19.4,0,0.00,1016.0,1001.2
2019-12-11T08:00,0.3,0.00,74,-3.7,-3.6,0.00,0.00,0.00,3,99,98,39,0,8.9,148,117,15.7,19.4,0,0.00,1015.6,1000.8
2019-12-11T09:00,0.8,0.00,73,-3.5,-3.2,0.00,0.00,0.00,3,99,99,71,0,9.8,146,118,16.9,19.4,1,0.00,1014.9,1000.1
2019-12-11T10:00,2.0,0.00,70,-2.9,-1.9,0.00,0.00,0.00,3,99,99,56,0,9.8,153,126,16.6,20.2,1,0.00,1014.0,999.3
2019-12-11T11:00,3.2,0.00,66,-2.5,-0.7,0.00,0.00,0.00,3,100,99,94,0,9.3,168,144,17.3,20.5,1,0.00,1013.3,998.6
2019-12-11T12:00,4.2,0.00,60,-2.9,0.4,0.00,0.00,0.00,3,100,99,99,36,9.0,193,178,17.4,20.9,1,0.00,1012.4,997.8
2019-12-11T13:00,3.1,0.20,73,-1.2,-0.4,0.20,0.00,0.00,51,100,99,100,92,8.4,158,140,14.4,23.0,1,0.00,1011.8,997.2
2019-12-11T14:00,2.9,0.30,78,-0.6,-0.7,0.30,0.00,0.00,51,100,99,100,81,9.4,143,130,17.2,20.5,1,0.00,1010.7,996.1
2019-12-11T15:00,2.9,0.20,82,0.1,-0.5,0.20,0.00,0.00,51,100,100,100,84,8.7,152,132,15.1,20.2,1,0.00,1009.7,995.1
2019-12-11T16:00,2.9,0.40,85,0.7,-0.2,0.40,0.00,0.00,51,100,99,98,83,7.0,158,125,12.8,18.0,1,0.00,1009.4,994.8
2019-12-11T17:00,2.8,0.50,90,1.3,-0.1,0.50,0.00,0.00,53,100,100,100,86,6.2,173,126,12.7,15.5,0,0.00,1009.1,994.5
2019-12-11T18:00,3.2,0.80,90,1.7,0.0,0.80,0.00,0.00,53,100,99,100,100,9.3,215,193,20.2,19.8,0,0.00,1009.2,994.6
2019-12-11T19:00,3.2,1.60,95,2.5,-0.8,1.60,0.00,0.00,61,100,100,100,100,15.5,224,222,25.7,33.8,0,0.00,1009.2,994.6
2019-12-11T20:00,2.9,1.30,98,2.5,-1.0,1.30,0.00,0.00,61,100,100,100,100,14.7,219,216,25.6,33.8,0,0.00,1009.1,994.5
2019-12-11T21:00,2.9,0.70,97,2.5,-1.1,0.70,0.00,0.00,53,100,100,100,100,15.3,226,223,26.5,33.5,0,0.00,1009.0,994.4
2019-12-11T22:00,3.1,0.40,97,2.6,-0.7,0.40,0.00,0.00,51,100,99,100,97,14.3,226,223,25.7,33.1,0,0.00,1008.6,994.0
2019-12-11T23:00,3.4,0.10,96,2.8,-0.2,0.10,0.00,0.00,51,100,99,85,96,13.8,225,221,26.0,30.6,0,0.00,1008.5,993.9
2019-12-12T00:00,3.7,0.00,96,3.0,0.1,0.00,0.00,0.00,3,100,99,87,99,13.3,224,221,24.7,29.9,0,0.00,1008.3,993.7
2019-12-12T01:00,3.6,0.00,97,3.1,0.3,0.00,0.00,0.00,3,100,100,100,87,11.7,230,225,23.0,28.4,0,0.00,1007.9,993.3
2019-12-12T02:00,3.7,0.00,97,3.2,0.6,0.00,0.00,0.00,3,100,100,97,25,10.4,224,214,20.9,25.6,0,0.00,1007.7,993.2
2019-12-12T03:00,3.5,0.00,96,2.9,0.7,0.00,0.00,0.00,3,100,100,94,23,7.6,217,199,17.5,22.3,0,0.00,1007.3,992.7
2019-12-12T04:00,3.1,0.00,96,2.5,0.3,0.00,0.00,0.00,3,100,100,90,31,7.0,212,192,17.5,17.3,0,0.00,1006.6,992.0
2019-12-12T05:00,3.1,0.00,96,2.5,0.2,0.00,0.00,0.00,3,100,100,85,20,8.3,214,198,18.7,18.4,0,0.00,1006.3,991.7
2019-12-12T06:00,3.0,0.00,96,2.4,0.0,0.00,0.00,0.00,3,100,100,84,38,8.2,212,195,19.6,19.1,0,0.00,1005.9,991.3
2019-12-12T07:00,2.8,0.00,95,2.1,-0.2,0.00,0.00,0.00,3,100,100,87,98,8.5,208,192,19.5,19.1,0,0.00,1006.1,991.5
2019-12-12T08:00,3.3,0.10,94,2.5,0.1,0.10,0.00,0.00,51,100,100,99,100,9.9,210,199,20.8,21.6,0,0.00,1006.2,991.7
2019-12-12T09:00,3.7,0.20,94,2.8,0.1,0.20,0.00,0.00,51,100,100,97,100,13.3,217,213,24.7,28.4,1,0.00,1006.3,991.8
2019-12-12T10:00,3.7,0.10,95,3.0,-0.1,0.10,0.00,0.00,51,100,64,95,100,14.5,218,215,25.4,31.0,1,0.00,1006.1,991.6
2019-12-12T11:00,3.8,0.30,97,3.3,0.2,0.30,0.00,0.00,51,100,0,95,100,13.9,220,217,26.3,31.3,1,0.00,1005.9,991.4
2019-12-12T12:00,3.9,0.20,96,3.3,-0.0,0.20,0.00,0.00,51,100,0,76,100,16.3,226,223,28.3,34.2,1,0.00,1005.2,990.7
2019-12-12T13:00,4.7,0.20,85,2.4,0.7,0.20,0.00,0.00,51,75,0,32,51,15.5,224,222,25.0,38.9,1,0.00,1005.1,990.6
2019-12-12T14:00,4.5,0.10,84,2.1,0.2,0.10,0.00,0.00,51,100,0,33,100,17.6,223,224,27.8,38.9,1,3600.00,1004.5,990.0
2019-12-12T15:00,4.5,0.10,92,3.3,1.0,0.10,0.00,0.00,51,24,0,20,18,12.9,215,210,23.0,37.4,1,396.58,1003.6,989.2
2019-12-12T16:00,3.6,0.00,93,2.6,0.3,0.00,0.00,0.00,1,38,0,13,37,11.3,203,197,21.1,29.2,1,2779.44,1003.0,988.5
2019-12-12T17:00,2.9,0.00,93,1.9,-0.3,0.00,0.00,0.00,1,30,0,0,30,9.4,189,173,20.1,24.5,0,0.00,1002.3,987.8
2019-12-12T18:00,2.3,0.00,91,1.0,-1.1,0.00,0.00,0.00,0,17,0,0,17,9.8,177,156,21.6,21.2,0,0.00,1001.1,986.6
2019-12-12T19:00,1.7,0.00,89,0.1,-2.1,0.00,0.00,0.00,0,3,0,0,3,11.2,155,138,24.3,23.4,0,0.00,999.6,985.1
2019-12-12T20:00,0.9,0.00,88,-0.9,-3.1,0.00,0.00,0.00,0,1,0,0,1,12.2,152,137,25.8,25.6,0,0.00,998.6,984.0
2019-12-12T21:00,0.5,0.00,85,-1.7,-3.8,0.00,0.00,0.00,0,0,0,0,0,13.2,149,133,27.3,27.4,0,0.00,997.2,982.6
2019-12-12T22:00,0.2,0.00,86,-1.8,-4.4,0.00,0.00,0.00,0,0,0,0,0,15.3,137,124,30.3,31.7,0,0.00,995.5,980.9
2019-12-12T23:00,0.1,0.00,87,-1.8,-4.7,0.00,0.00,0.00,0,0,0,0,0,16.3,138,125,31.9,34.2,0,0.00,994.3,979.8
2019-12-13T00:00,0.2,0.00,84,-2.2,-4.8,0.00,0.00,0.00,0,3,3,0,0,17.2,138,127,33.9,36.4,0,0.00,992.3,977.8
2019-12-13T01:00,0.9,0.00,83,-1.7,-4.3,0.00,0.00,0.00,3,100,94,54,0,18.9,142,132,35.9,39.2,0,0.00,990.8,976.4
2019-12-13T02:00,1.5,0.10,79,-1.8,-3.9,0.00,0.00,0.07,71,100,95,100,5,20.1,144,136,37.2,43.2,0,0.00,989.1,974.7
2019-12-13T03:00,2.2,0.50,76,-1.6,-3.0,0.00,0.00,0.35,73,100,99,100,68,19.9,146,139,34.7,42.8,0,0.00,987.5,973.2
2019-12-13T04:00,2.0,1.00,80,-1.2,-3.2,0.00,0.00,0.70,73,100,91,100,100,19.4,140,132,33.7,42.8,0,0.00,985.7,971.4
2019-12-13T05:00,2.0,0.50,81,-0.9,-2.7,0.00,0.01,0.35,73,100,65,99,97,17.1,129,120,30.7,41.4,0,0.00,983.9,969.6
2019-12-13T06:00,2.7,0.10,79,-0.7,-1.7,0.10,0.01,0.00,51,100,100,92,96,14.5,131,117,27.1,35.3,0,0.00,982.2,968.0
2019-12-13T07:00,3.2,0.10,75,-0.8,-1.2,0.10,0.01,0.00,51,100,100,84,62,14.8,127,116,27.0,29.5,0,0.00,980.8,966.6
2019-12-13T08:00,2.8,0.30,78,-0.6,-1.4,0.30,0.01,0.00,51,100,98,100,71,13.5,136,124,26.0,29.9,0,0.00,979.8,965.6
2019-12-13T09:00,2.7,1.70,90,1.2,-1.4,1.40,0.01,0.21,73,100,99,100,83,14.8,144,133,27.3,30.2,1,0.00,979.5,965.3
2019-12-13T10:00,2.5,1.50,95,1.8,-1.8,1.50,0.02,0.00,61,100,100,100,100,16.4,155,151,27.7,36.0,1,0.00,979.3,965.1
2019-12-13T11:00,3.1,0.90,94,2.2,-0.8,0.90,0.02,0.00,53,100,96,86,100,14.5,190,173,26.7,35.6,1,0.00,979.6,965.4
2019-12-13T12:00,5.1,0.70,92,4.0,0.7,0.70,0.02,0.00,53,97,70,83,91,20.4,231,226,35.1,44.6,1,0.00,979.8,965.7
2019-12-13T13:00,5.2,0.20,92,4.0,1.2,0.20,0.02,0.00,51,68,96,100,100,17.8,230,225,32.2,46.4,1,2023.46,980.4,966.3
2019-12-13T14:00,6.0,0.70,89,4.3,0.3,0.70,0.02,0.00,53,98,77,91,88,29.6,234,233,47.5,67.3,1,0.00,981.1,967.1
2019-12-13T15:00,6.0,0.10,87,4.0,0.8,0.10,0.02,0.00,51,100,36,86,100,25.3,237,234,41.8,62.3,1,0.00,982.1,968.0
2019-12-13T16:00,5.4,0.30,90,3.9,0.5,0.30,0.02,0.00,51,100,18,100,95,23.7,231,228,39.9,55.4,1,0.00,983.3,969.2
2019-12-13T17:00,4.8,1.10,93,3.7,-0.4,1.10,0.02,0.00,55,100,38,100,100,25.4,232,231,42.3,55.4,0,0.00,984.3,970.1
2019-12-13T18:00,3.9,1.10,95,3.2,-1.1,1.10,0.02,0.00,55,100,91,99,86,23.4,244,241,38.5,57.2,0,0.00,985.7,971.5
2019-12-13T19:00,4.8,0.40,91,3.4,0.4,0.40,0.01,0.00,51,100,66,100,90,19.5,250,245,34.2,51.1,0,0.00,986.8,972.6
2019-12-13T20:00,5.4,0.20,88,3.7,0.9,0.20,0.01,0.00,51,100,35,100,94,20.9,253,249,35.8,44.6,0,0.00,988.3,974.1
2019-12-13T21:00,5.7,0.10,87,3.6,0.9,0.10,0.01,0.00,51,100,12,100,80,22.5,252,248,37.9,49.0,0,0.00,989.8,975.6
2019-12-13T22:00,5.5,0.10,86,3.4,0.9,0.10,0.01,0.00,51,100,0,100,64,20.8,242,240,35.1,49.0,0,0.00,991.2,977.0
2019-12-13T23:00,5.3,0.20,88,3.5,0.8,0.20,0.01,0.00,51,77,0,17,74,20.5,234,232,35.3,45.0,0,0.00,992.1,977.9
2019-12-14T00:00,5.0,0.10,87,3.0,0.1,0.10,0.01,0.00,51,92,1,14,91,22.2,230,230,37.8,48.2,0,0.00,992.7,978.4
2019-12-14T01:00,4.8,0.00,87,2.7,0.3,0.00,0.01,0.00,2,71,59,81,1,18.9,223,222,34.1,48.2,0,0.00,992.0,977.7
2019-12-14T02:00,4.6,0.00,87,2.6,-0.1,0.00,0.01,0.00,3,100,5,100,3,20.5,221,219,36.5,45.0,0,0.00,991.9,977.6
2019-12-14T03:00,4.6,0.10,87,2.6,0.4,0.10,0.01,0.00,51,100,0,100,95,17.1,206,202,31.6,44.6,0,0.00,991.0,976.7
2019-12-14T04:00,4.8,0.30,88,3.1,0.6,0.30,0.01,0.00,51,99,0,99,96,17.8,199,194,32.0,41.0,0,0.00,990.2,976.0
2019-12-14T05:00,4.9,1.90,90,3.4,0.7,1.70,0.01,0.14,71,99,0,98,99,17.9,202,195,32.2,40.0,0,0.00,989.2,975.0
2019-12-14T06:00,5.1,0.60,91,3.7,0.1,0.60,0.01,0.00,53,99,0,99,77,24.0,216,213,41.3,51.8,0,0.00,988.1,973.9
2019-12-14T07:00,5.7,1.70,90,4.3,0.7,1.70,0.01,0.00,61,100,0,96,100,25.2,224,222,43.3,56.9,0,0.00,988.1,973.9
2019-12-14T08:00,6.9,0.30,89,5.1,1.9,0.30,0.01,0.00,51,88,0,63,80,25.6,235,231,43.6,55.8,0,0.00,988.5,974.4
2019-12-14T09:00,8.4,0.40,83,5.8,2.2,0.40,0.01,0.00,51,81,0,80,14,35.6,260,259,58.4,80.3,1,0.00,990.9,976.8
2019-12-14T10:00,7.8,0.00,77,4.0,2.1,0.00,0.01,0.00,1,41,0,41,2,29.2,269,267,47.9,76.7,1,957.68,994.9,980.7
2019-12-14T11:00,7.8,0.00,75,3.6,2.6,0.00,0.01,0.00,3,97,0,97,31,24.9,257,256,39.8,63.4,1,3600.00,996.9,982.7
2019-12-14T12:00,7.4,0.00,78,3.8,2.2,0.00,0.01,0.00,1,37,0,27,30,26.0,252,251,42.4,56.5,1,0.00,997.7,983.5
2019-12-14T13:00,8.1,0.00,76,4.2,2.2,0.00,0.01,0.00,1,20,0,32,33,30.9,256,255,49.8,59.4,1,3600.00,998.5,984.3
2019-12-14T14:00,8.5,0.00,66,2.6,2.5,0.00,0.01,0.00,0,7,0,1,7,29.8,254,252,48.4,69.1,1,3600.00,1000.0,985.8
2019-12-14T15:00,8.6,0.00,63,2.0,3.2,0.00,0.01,0.00,3,96,0,96,6,24.8,245,244,41.1,65.2,1,3600.00,1000.7,986.5
2019-12-14T16:00,8.7,0.00,63,2.1,3.7,0.00,0.00,0.00,3,89,0,88,4,22.0,232,230,37.7,54.0,1,0.00,1000.6,986.4
2019-12-14T17:00,9.0,0.00,58,1.2,3.5,0.00,0.00,0.00,3,100,28,100,4,24.0,230,229,40.6,52.9,0,0.00,1001.0,986.8
2019-12-14T18:00,8.7,0.20,61,1.7,3.5,0.20,0.00,0.00,51,100,24,100,100,22.9,241,240,39.2,52.9,0,0.00,1001.7,987.5
2019-12-14T19:00,8.7,0.00,66,2.7,3.8,0.00,0.00,0.00,3,82,0,77,69,22.1,245,244,37.8,50.8,0,0.00,1002.7,988.5
2019-12-14T20:00,7.9,0.40,77,4.2,3.8,0.40,0.00,0.00,51,42,0,22,41,18.7,247,245,32.8,48.6,0,0.00,1003.8,989.5
2019-12-14T21:00,7.6,0.00,80,4.4,3.8,0.00,0.00,0.00,1,49,0,0,49,16.9,235,230,30.3,41.0,0,0.00,1004.6,990.3
2019-12-14T22:00,7.1,0.00,84,4.6,3.6,0.00,0.00,0.00,3,92,91,0,37,15.1,219,213,28.4,36.7,0,0.00,1005.1,990.8
2019-12-14T23:00,6.7,0.00,88,4.9,3.2,0.00,0.00,0.00,3,100,100,13,29,15.1,218,213,29.0,33.8,0,0.00,1005.7,991.3
2019-12-15T00:00,6.3,0.00,91,4.9,3.6,0.00,0.00,0.00,3,100,100,100,95,10.2,214,203,22.3,32.8,0,0.00,1005.2,990.8
2019-12-15T01:00,6.7,0.20,91,5.4,4.2,0.20,0.00,0.00,51,100,100,98,95,9.2,199,169,20.2,23.8,0,0.00,1004.5,990.2
2019-12-15T02:00,7.8,0.40,91,6.3,4.7,0.40,0.00,0.00,51,100,100,100,92,14.4,191,177,28.6,29.9,0,0.00,1003.2,988.9
2019-12-15T03:00,8.7,0.90,89,7.0,5.7,0.90,0.00,0.00,53,100,100,100,67,14.9,198,188,29.1,40.3,0,0.00,1002.5,988.3
2019-12-15T04:00,8.7,0.90,90,7.1,5.9,0.90,0.00,0.00,53,100,100,100,100,13.6,203,192,27.4,32.8,0,0.00,1001.5,987.3
2019-12-15T05:00,8.9,1.30,91,7.5,6.2,1.30,0.00,0.00,61,100,99,100,100,13.8,218,208,27.7,33.5,0,0.00,1001.1,986.9
2019-12-15T06:00,9.6,0.70,89,8.0,6.1,0.70,0.00,0.00,53,99,93,79,91,20.4,227,225,37.2,43.2,0,0.00,1000.8,986.7
2019-12-15T07:00,10.6,0.10,85,8.2,6.0,0.10,0.00,0.00,51,100,85,99,97,28.0,227,226,47.4,71.6,0,0.00,1000.6,986.5
2019-12-15T08:00,10.8,0.10,84,8.2,6.4,0.10,0.00,0.00,51,100,88,100,96,27.0,233,233,45.5,63.0,0,0.00,1001.4,987.3
2019-12-15T09:00,11.0,0.10,83,8.2,6.4,0.10,0.00,0.00,51,99,46,98,70,28.6,234,234,47.5,62.6,1,0.00,1002.6,988.5
2019-12-15T10:00,11.0,0.10,83,8.3,6.9,0.10,0.00,0.00,51,99,0,99,90,25.1,232,231,41.8,62.3,1,0.00,1003.3,989.2
2019-12-15T11:00,10.9,0.50,85,8.5,7.2,0.50,0.00,0.00,53,99,29,98,42,22.7,241,241,38.0,54.7,1,0.00,1004.2,990.1
2019-12-15T12:00,10.4,1.60,91,9.0,7.4,1.60,0.00,0.00,61,100,100,100,100,19.2,247,247,33.6,50.0,1,0.00,1004.8,990.6
2019-12-15T13:00,9.7,1.10,87,7.7,6.9,1.10,0.00,0.00,55,100,93,94,69,15.1,270,271,27.4,42.8,1,0.00,1006.1,991.9
2019-12-15T14:00,9.2,0.30,80,5.9,6.2,0.30,0.00,0.00,51,100,98,100,37,13.6,242,233,24.2,34.6,1,0.00,1007.0,992.7
2019-12-15T15:00,8.3,0.20,84,5.8,5.4,0.20,0.00,0.00,51,100,100,100,5,12.8,227,218,24.2,30.2,1,0.00,1007.8,993.5
2019-12-15T16:00,8.2,0.10,91,6.7,5.5,0.10,0.00,0.00,51,99,97,83,51,12.3,222,212,25.2,28.1,1,0.00,1008.7,994.4
2019-12-15T17:00,8.5,0.00,87,6.4,5.3,0.00,0.00,0.00,3,100,97,100,4,15.3,229,223,28.8,33.1,0,0.00,1009.5,995.2
2019-12-15T18:00,8.2,0.00,90,6.6,5.7,0.00,0.00,0.00,3,99,67,98,3,11.2,226,222,23.4,33.1,0,0.00,1009.9,995.6
2019-12-15T19:00,8.2,0.00,92,7.1,5.8,0.00,0.00,0.00,3,96,76,91,6,11.3,225,217,23.9,25.2,0,0.00,1010.2,995.8
2019-12-15T20:00,8.5,0.00,92,7.2,6.0,0.00,0.00,0.00,3,99,95,94,24,11.7,221,214,23.5,26.3,0,0.00,1010.8,996.5
2019-12-15T21:00,8.3,0.00,92,7.2,6.3,0.00,0.00,0.00,3,100,100,99,2,8.9,215,201,20.2,25.6,0,0.00,1011.1,996.7
2019-12-15T22:00,7.9,0.10,95,7.2,6.3,0.10,0.00,0.00,51,100,8,100,94,6.4,191,164,15.0,20.9,0,0.00,1011.3,996.9
2019-12-15T23:00,8.1,0.30,95,7.4,6.4,0.30,0.00,0.00,51,100,55,100,100,7.0,170,145,16.5,15.5,0,0.00,1011.4,997.0
2019-12-16T00:00,8.3,0.80,93,7.3,6.5,0.80,0.00,0.00,53,100,86,100,15,8.0,168,144,17.7,16.9,0,0.00,1011.4,997.0
2019-12-16T01:00,8.0,0.20,93,6.9,5.6,0.20,0.00,0.00,51,100,89,95,0,10.5,138,121,22.2,16.9,0,0.00,1010.9,996.5
2019-12-16T02:00,8.2,0.10,93,7.1,5.9,0.10,0.00,0.00,51,100,91,99,75,10.1,143,125,21.3,22.0,0,0.00,1010.5,996.1
2019-12-16T03:00,8.5,0.30,92,7.3,6.3,0.30,0.00,0.00,51,100,90,100,100,10.0,145,131,21.5,20.9,0,0.00,1010.5,996.2
2019-12-16T04:00,8.7,0.50,93,7.6,6.5,0.50,0.00,0.00,53,100,72,93,100,10.7,141,130,22.5,22.0,0,0.00,1010.3,996.0
2019-12-16T05:00,8.9,0.00,91,7.5,6.5,0.00,0.00,0.00,3,95,88,57,37,11.7,147,135,23.2,24.1,0,0.00,1009.8,995.5
2019-12-16T06:00,8.4,0.00,92,7.2,6.3,0.00,0.00,0.00,3,100,89,100,97,9.2,167,138,18.9,24.1,0,0.00,1009.5,995.2
2019-12-16T07:00,8.7,0.00,91,7.3,7.0,0.00,0.00,0.00,3,100,95,90,98,6.9,187,137,15.6,20.2,0,0.00,1009.5,995.2
2019-12-16T08:00,9.0,0.00,88,7.2,7.3,0.00,0.00,0.00,3,100,98,90,100,6.1,197,152,15.8,15.8,0,0.00,1009.6,995.3
2019-12-16T09:00,8.8,0.00,88,7.0,7.1,0.00,0.00,0.00,3,95,94,31,0,6.8,190,148,15.0,15.5,1,0.00,1009.9,995.6
2019-12-16T10:00,9.3,0.00,89,7.5,7.4,0.00,0.00,0.00,3,97,96,21,29,8.1,187,148,14.2,16.6,1,3600.00,1010.1,995.8
2019-12-16T11:00,10.6,0.00,85,8.2,8.9,0.00,0.00,0.00,3,99,99,5,2,8.2,174,139,14.5,18.7,1,3600.00,1010.0,995.8
2019-12-16T12:00,11.5,0.00,81,8.4,10.2,0.00,0.00,0.00,3,99,99,3,1,5.8,187,158,12.3,19.4,1,3600.00,1009.4,995.2
2019-12-16T13:00,12.4,0.00,81,9.1,10.9,0.00,0.00,0.00,3,98,99,3,8,8.2,185,157,15.5,19.4,1,3600.00,1008.7,994.6
2019-12-16T14:00,13.0,0.00,77,9.1,11.7,0.00,0.00,0.00,3,81,80,2,9,7.0,189,168,13.8,20.2,1,3600.00,1007.9,993.8
2019-12-16T15:00,12.5,0.00,80,9.1,11.3,0.00,0.00,0.00,3,86,86,3,6,6.5,168,146,14.0,17.6,1,3600.00,1007.7,993.6
2019-12-16T16:00,10.4,0.00,89,8.6,9.0,0.00,0.00,0.00,3,85,83,13,6,6.8,150,122,14.5,15.5,1,2792.75,1007.8,993.6
2019-12-16T17:00,9.4,0.00,91,7.9,7.4,0.00,0.00,0.00,2,78,77,3,3,9.6,141,110,18.2,18.4,0,0.00,1007.6,993.3
2019-12-16T18:00,9.3,0.00,89,7.5,6.9,0.00,0.00,0.00,3,80,80,2,2,11.4,145,118,22.8,23.0,0,0.00,1007.3,993.0
2019-12-16T19:00,8.8,0.00,87,6.8,6.0,0.00,0.00,0.00,3,82,81,2,2,13.2,134,112,26.5,26.3,0,0.00,1007.2,992.9
2019-12-16T20:00,8.6,0.00,87,6.5,5.7,0.00,0.00,0.00,2,79,79,1,0,13.6,128,112,28.2,28.1,0,0.00,1007.0,992.7
2019-12-16T21:00,8.2,0.00,88,6.3,5.1,0.00,0.00,0.00,3,90,90,1,0,14.5,125,113,30.5,29.9,0,0.00,1006.8,992.5
2019-12-16T22:00,7.7,0.00,86,5.6,4.5,0.00,0.00,0.00,3,94,94,54,0,14.3,131,115,29.6,30.2,0,0.00,1006.5,992.2
2019-12-16T23:00,7.6,0.00,83,4.9,4.4,0.00,0.00,0.00,3,98,96,91,0,13.2,132,116,27.8,29.5,0,0.00,1006.1,991.8
2019-12-17T00:00,8.0,0.00,80,4.8,4.9,0.00,0.00,0.00,3,85,76,77,0,12.7,133,125,26.7,29.2,0,0.00,1006.3,992.0
2019-12-17T01:00,8.3,0.10,77,4.6,5.0,0.10,0.00,0.00,51,78,24,53,0,13.5,129,132,27.7,41.0,0,0.00,1005.1,990.8
2019-12-17T02:00,8.0,0.60,80,4.8,4.9,0.60,0.00,0.00,53,70,50,47,0,12.9,129,108,23.6,28.1,0,0.00,1004.9,990.6
2019-12-17T03:00,7.7,0.00,84,5.1,5.1,0.00,0.00,0.00,3,98,97,47,0,9.9,128,109,22.0,24.8,0,0.00,1005.5,991.2
2019-12-17T04:00,7.5,0.10,83,4.8,4.7,0.10,0.00,0.00,51,100,99,44,0,10.5,127,112,20.3,22.0,0,0.00,1005.2,990.9
2019-12-17T05:00,6.8,0.20,86,4.7,4.3,0.20,0.00,0.00,51,95,94,30,0,8.6,136,112,15.0,20.9,0,0.00,1005.8,991.4
2019-12-17T06:00,6.8,0.00,86,4.6,4.0,0.00,0.00,0.00,3,82,72,55,0,9.7,128,112,15.1,18.4,0,0.00,1005.6,991.2
2019-12-17T07:00,6.2,1.10,88,4.4,3.6,1.10,0.00,0.00,55,81,77,21,0,8.4,133,121,15.8,18.4,0,0.00,1006.2,991.8
2019-12-17T08:00,6.2,0.00,89,4.5,3.7,0.00,0.00,0.00,3,81,78,22,0,8.2,128,119,17.4,16.9,0,0.00,1006.7,992.3
2019-12-17T09:00,6.6,0.00,87,4.5,3.5,0.00,0.00,0.00,1,41,40,2,0,11.6,123,112,22.9,21.6,1,0.00,1007.1,992.7
2019-12-17T10:00,7.9,0.00,84,5.4,5.1,0.00,0.00,0.00,1,32,7,27,0,11.4,135,118,20.9,23.4,1,3600.00,1007.6,993.3
2019-12-17T11:00,9.5,0.00,82,6.7,7.1,0.00,0.00,0.00,2,63,25,52,0,10.7,146,132,19.2,22.0,1,3600.00,1007.9,993.6
2019-12-17T12:00,10.9,0.00,80,7.5,8.7,0.00,0.00,0.00,2,68,64,13,0,10.1,131,125,18.6,22.0,1,3600.00,1007.6,993.4
2019-12-17T13:00,12.8,0.00,71,7.6,11.6,0.00,0.00,0.00,1,35,86,96,0,4.3,184,180,9.7,21.2,1,3600.00,1007.2,993.1
2019-12-17T14:00,12.1,0.00,78,8.3,10.8,0.00,0.00,0.00,3,100,100,64,0,5.5,136,101,12.0,13.7,1,0.00,1007.2,993.1
2019-12-17T15:00,12.1,0.00,78,8.4,10.8,0.00,0.00,0.00,3,98,64,97,0,6.1,159,118,13.1,14.0,1,849.36,1007.2,993.1
2019-12-17T16:00,10.9,0.00,81,7.8,9.5,0.00,0.00,0.00,3,96,11,96,0,5.6,169,117,13.2,14.8,1,0.00,1007.8,993.6
2019-12-17T17:00,10.6,0.00,80,7.3,8.7,0.00,0.00,0.00,3,100,13,100,0,8.2,159,113,15.0,16.2,0,0.00,1008.0,993.8
2019-12-17T18:00,10.6,0.00,79,7.1,8.3,0.00,0.00,0.00,3,98,14,98,0,10.8,150,120,20.3,21.2,0,0.00,1007.5,993.3
2019-12-17T19:00,10.4,0.00,78,6.7,8.0,0.00,0.00,0.00,3,100,0,100,0,10.1,147,117,21.1,22.0,0,0.00,1007.7,993.5
2019-12-17T20:00,10.5,0.00,77,6.5,8.2,0.00,0.00,0.00,3,100,0,100,0,9.4,134,113,19.9,21.2,0,0.00,1007.7,993.5
2019-12-17T21:00,10.2,0.00,78,6.5,7.9,0.00,0.00,0.00,2,53,0,53,0,9.8,132,118,22.4,21.2,0,0.00,1008.2,994.0
2019-12-17T22:00,8.2,0.00,87,6.2,6.3,0.00,0.00,0.00,2,53,0,53,0,6.6,167,119,14.1,20.5,0,0.00,1009.2,994.9
2019-12-17T23:00,7.7,0.00,88,5.8,5.8,0.00,0.00,0.00,2,70,0,70,0,5.3,209,152,14.8,15.5,0,0.00,1010.1,995.7
2019-12-18T00:00,9.1,0.00,81,6.0,6.6,0.00,0.00,0.00,2,57,0,57,8,10.5,202,176,23.7,24.5,0,0.00,1010.8,996.5
2019-12-18T01:00,7.1,0.00,89,5.4,4.9,0.00,0.00,0.00,0,5,0,24,5,7.6,235,199,21.0,25.2,0,0.00,1011.6,997.2
2019-12-18T02:00,7.6,0.00,87,5.6,5.4,0.00,0.00,0.00,1,39,0,35,15,7.9,218,180,19.7,19.1,0,0.00,1012.3,997.9
2019-12-18T03:00,8.2,0.00,86,6.0,5.9,0.00,0.00,0.00,2,67,0,64,13,9.0,210,182,22.4,20.9,0,0.00,1013.2,998.8
2019-12-18T04:00,8.3,0.00,88,6.3,5.9,0.00,0.00,0.00,3,100,0,100,81,9.6,217,193,22.6,21.6,0,0.00,1013.9,999.5
2019-12-18T05:00,8.5,0.00,88,6.7,6.3,0.00,0.00,0.00,3,93,0,93,6,9.6,212,193,22.0,23.0,0,0.00,1014.7,1000.3
2019-12-18T06:00,7.9,0.00,91,6.5,5.9,0.00,0.00,0.00,3,100,0,100,15,7.6,221,199,19.6,22.0,0,0.00,1015.2,1000.8
2019-12-18T07:00,7.9,0.10,93,6.9,6.1,0.10,0.00,0.00,51,100,0,100,13,6.6,225,193,17.3,18.0,0,0.00,1016.1,1001.7
2019-12-18T08:00,8.1,0.30,94,7.2,6.5,0.30,0.00,0.00,51,100,4,100,3,6.2,222,187,16.6,15.8,0,0.00,1016.8,1002.4
2019-12-18T09:00,8.2,0.20,95,7.4,6.7,0.20,0.00,0.00,51,100,27,100,8,5.9,226,191,15.0,15.1,1,0.00,1017.6,1003.1
2019-12-18T10:00,8.9,0.10,95,8.2,7.4,0.10,0.00,0.00,51,100,78,99,15,7.2,210,177,14.2,15.5,1,0.00,1018.4,1004.0
2019-12-18T11:00,9.4,0.00,95,8.6,7.9,0.00,0.00,0.00,3,94,85,84,37,7.2,201,177,13.1,16.9,1,0.00,1018.9,1004.5
2019-12-18T12:00,10.1,0.00,94,9.1,9.2,0.00,0.00,0.00,3,100,77,8,100,4.0,212,185,6.8,15.5,1,1956.27,1018.9,1004.5
2019-12-18T13:00,11.3,0.00,89,9.6,10.9,0.00,0.00,0.00,3,99,88,6,25,1.8,180,169,1.8,13.0,1,3600.00,1018.6,1004.3
2019-12-18T14:00,11.8,0.00,86,9.5,11.5,0.00,0.00,0.00,3,96,95,1,21,1.1,162,162,1.1,9.7,1,3600.00,1018.4,1004.1
2019-12-18T15:00,11.6,0.00,88,9.7,11.1,0.00,0.00,0.00,3,97,97,0,31,2.8,135,140,5.6,7.6,1,3600.00,1018.7,1004.4
2019-12-18T16:00,10.0,0.00,93,8.9,9.0,0.00,0.00,0.00,3,94,92,0,31,4.7,132,122,9.7,8.3,1,786.79,1019.0,1004.6
2019-12-18T17:00,9.2,0.00,94,8.3,7.8,0.00,0.00,0.00,3,86,84,1,20,6.5,128,109,15.1,12.6,0,0.00,1019.2,1004.8
2019-12-18T18:00,8.7,0.00,94,7.9,6.8,0.00,0.00,0.00,0,11,4,0,8,9.1,113,99,20.7,18.0,0,0.00,1018.9,1004.5
2019-12-18T19:00,8.5,0.00,95,7.7,6.2,0.00,0.00,0.00,0,1,0,0,1,11.3,107,97,24.0,22.0,0,0.00,1018.7,1004.2
2019-12-18T20:00,8.8,0.00,92,7.6,6.0,0.00,0.00,0.00,0,0,0,0,0,14.5,110,104,29.8,29.2,0,0.00,1018.3,1003.9
2019-12-18T21:00,8.6,0.00,92,7.4,5.8,0.00,0.00,0.00,0,0,0,0,0,14.5,114,109,29.5,30.2,0,0.00,1018.3,1003.9
2019-12-18T22:00,8.1,0.00,93,7.0,5.2,0.00,0.00,0.00,0,0,0,0,0,14.5,115,109,29.5,29.9,0,0.00,1018.2,1003.7
2019-12-18T23:00,7.8,0.00,92,6.6,4.8,0.00,0.00,0.00,1,28,0,28,0,14.1,121,109,28.1,29.9,0,0.00,1018.2,1003.7
2019-12-19T00:00,8.0,0.00,90,6.4,4.9,0.00,0.00,0.00,1,30,0,30,0,14.6,122,110,29.0,29.2,0,0.00,1018.1,1003.6
2019-12-19T01:00,7.8,0.00,90,6.2,4.8,0.00,0.00,0.00,0,6,0,15,0,13.6,122,112,28.5,31.3,0,0.00,1018.3,1003.8
2019-12-19T02:00,7.7,0.00,89,6.1,4.5,0.00,0.00,0.00,0,1,0,1,1,15.1,114,102,30.8,30.2,0,0.00,1017.3,1002.8
2019-12-19T03:00,7.9,0.00,89,6.1,4.7,0.00,0.00,0.00,0,0,0,0,0,14.9,110,105,31.0,30.6,0,0.00,1016.8,1002.3
2019-12-19T04:00,7.6,0.00,89,5.9,4.9,0.00,0.00,0.00,0,0,0,0,0,11.3,106,107,27.3,29.9,0,0.00,1016.7,1002.2
2019-12-19T05:00,7.1,0.00,90,5.5,4.7,0.00,0.00,0.00,0,0,0,0,0,9.0,99,90,24.0,23.8,0,0.00,1016.3,1001.8
2019-12-19T06:00,5.1,0.00,93,4.0,2.6,0.00,0.00,0.00,0,1,0,1,0,7.0,107,111,17.3,19.1,0,0.00,1015.9,1001.3
2019-12-19T07:00,6.0,0.00,90,4.4,3.1,0.00,0.00,0.00,0,2,0,2,0,10.4,111,110,24.3,20.2,0,0.00,1016.0,1001.5
2019-12-19T08:00,5.8,0.00,90,4.3,3.0,0.00,0.00,0.00,0,2,0,2,0,10.1,108,107,24.2,25.2,0,0.00,1015.4,1000.9
2019-12-19T09:00,5.2,0.00,92,4.0,3.0,0.00,0.00,0.00,3,85,85,1,0,5.0,114,120,15.3,21.6,1,26.08,1015.4,1000.8
2019-12-19T10:00,6.8,0.00,90,5.2,4.3,0.00,0.00,0.00,1,24,22,0,3,9.1,118,124,17.6,17.3,1,3600.00,1015.1,1000.6
2019-12-19T11:00,8.4,0.00,85,6.0,6.2,0.00,0.00,0.00,3,93,92,1,6,7.6,118,121,14.3,18.4,1,3600.00,1014.7,1000.3
2019-12-19T12:00,8.9,0.00,83,6.2,7.0,0.00,0.00,0.00,3,97,96,39,9,6.6,132,139,10.2,17.6,1,3600.00,1014.0,999.6
2019-12-19T13:00,8.9,0.00,86,6.7,7.5,0.00,0.00,0.00,1,26,59,0,0,3.8,143,163,5.4,16.6,1,2997.29,1013.2,998.8
2019-12-19T14:00,9.3,0.00,85,7.0,7.6,0.00,0.00,0.00,2,79,79,0,0,6.4,122,128,9.4,15.5,1,3600.00,1012.8,998.5
2019-12-19T15:00,9.3,0.00,87,7.2,8.0,0.00,0.00,0.00,1,35,10,29,0,3.8,117,139,8.0,15.5,1,3600.00,1011.6,997.3
2019-12-19T16:00,8.1,0.00,92,6.8,6.4,0.00,0.00,0.00,2,75,0,75,0,6.3,106,114,18.7,19.1,1,2838.36,1010.8,996.4
2019-12-19T17:00,6.0,0.00,96,5.4,4.1,0.00,0.00,0.00,2,66,0,66,0,5.5,170,238,6.2,13.3,0,0.00,1011.5,997.0
2019-12-19T18:00,4.7,0.00,98,4.5,2.8,0.00,0.00,0.00,3,87,0,87,1,4.1,103,52,9.3,8.6,0,0.00,1010.7,996.2
2019-12-19T19:00,6.0,0.00,95,5.2,3.9,0.00,0.00,0.00,3,96,2,96,1,6.5,112,93,17.1,13.7,0,0.00,1009.6,995.1
2019-12-19T20:00,6.8,0.00,92,5.6,4.2,0.00,0.00,0.00,1,39,39,0,0,10.2,112,100,23.7,20.5,0,0.00,1008.8,994.4
2019-12-19T21:00,6.6,0.00,91,5.3,3.9,0.00,0.00,0.00,0,9,9,0,0,10.5,116,112,25.3,22.3,0,0.00,1007.5,993.1
2019-12-19T22:00,6.3,0.00,90,4.8,3.5,0.00,0.00,0.00,1,41,41,0,0,10.5,118,112,25.0,22.3,0,0.00,1006.9,992.5
2019-12-19T23:00,5.8,0.00,89,4.1,3.2,0.00,0.00,0.00,0,10,7,1,3,8.0,130,126,21.7,22.3,0,0.00,1006.5,992.1
2019-12-20T00:00,5.5,0.00,88,3.7,2.6,0.00,0.00,0.00,0,9,0,3,7,9.3,128,103,21.5,18.0,0,0.00,1005.6,991.2
2019-12-20T01:00,4.3,0.00,90,2.8,1.7,0.00,0.00,0.00,0,7,0,27,8,6.3,145,114,16.8,24.8,0,0.00,1004.5,990.0
2019-12-20T02:00,3.8,0.00,91,2.5,1.1,0.00,0.00,0.00,0,11,0,0,11,6.7,135,126,14.8,14.0,0,0.00,1003.3,988.8
2019-12-20T03:00,4.3,0.00,90,2.8,0.8,0.00,0.00,0.00,1,28,19,0,13,12.2,129,118,24.9,22.7,0,0.00,1002.5,988.1
2019-12-20T04:00,5.5,0.00,82,2.6,1.8,0.00,0.00,0.00,1,32,29,0,7,13.8,107,105,30.4,31.7,0,0.00,999.7,985.4
2019-12-20T05:00,5.6,0.00,81,2.6,1.6,0.00,0.00,0.00,1,35,34,1,1,15.7,114,110,31.9,30.2,0,0.00,998.8,984.5
2019-12-20T06:00,5.8,0.00,79,2.5,1.4,0.00,0.00,0.00,3,100,100,1,2,18.3,115,112,36.2,38.9,0,0.00,996.6,982.3
2019-12-20T07:00,5.8,0.00,76,1.9,1.2,0.00,0.00,0.00,3,100,100,8,4,19.0,113,109,37.4,38.9,0,0.00,995.7,981.4
2019-12-20T08:00,6.8,0.00,70,1.6,2.1,0.00,0.00,0.00,3,99,99,24,7,18.9,119,111,36.9,41.0,0,0.00,994.6,980.4
2019-12-20T09:00,7.7,0.00,67,2.0,2.8,0.00,0.00,0.00,3,100,100,86,8,20.9,123,114,40.1,42.5,1,0.00,993.8,979.7
2019-12-20T10:00,9.3,0.00,62,2.4,4.8,0.00,0.00,0.00,3,100,100,99,9,18.8,123,119,36.6,45.0,1,0.00,993.1,979.0
2019-12-20T11:00,9.6,0.10,64,3.1,6.2,0.10,0.00,0.00,51,100,100,100,9,12.2,135,124,26.0,39.2,1,0.00,993.6,979.6
2019-12-20T12:00,8.6,0.80,81,5.5,6.2,0.80,0.00,0.00,53,100,100,100,1,8.8,136,109,16.5,25.9,1,0.00,993.2,979.1
2019-12-20T13:00,7.6,1.30,91,6.3,4.4,1.30,0.00,0.00,61,100,100,100,0,15.5,113,91,23.5,21.2,1,0.00,992.8,978.7
2019-12-20T14:00,8.6,2.10,86,6.5,5.0,2.10,0.00,0.00,61,100,100,100,36,18.7,112,101,34.6,40.0,1,0.00,990.6,976.5
2019-12-20T15:00,8.4,1.20,89,6.6,5.9,1.20,0.00,0.00,55,100,100,100,0,11.2,124,123,24.9,37.4,1,0.00,990.4,976.3
2019-12-20T16:00,8.5,1.30,88,6.6,5.3,1.30,0.00,0.00,61,100,100,100,77,15.8,142,125,30.8,34.6,1,0.00,991.0,976.9
2019-12-20T17:00,8.6,1.00,89,6.9,6.1,1.00,0.00,0.00,55,100,100,100,75,11.9,169,155,26.1,33.5,0,0.00,991.9,977.8
2019-12-20T18:00,8.5,1.30,92,7.3,5.5,1.30,0.00,0.00,61,100,100,100,26,15.6,225,218,30.3,38.9,0,0.00,993.1,979.0
2019-12-20T19:00,8.8,0.70,91,7.4,5.8,0.70,0.00,0.00,53,100,79,100,76,16.2,222,217,30.9,35.3,0,0.00,993.5,979.4
2019-12-20T20:00,8.6,0.20,92,7.3,5.5,0.20,0.00,0.00,51,99,6,99,64,16.3,225,223,30.5,37.1,0,0.00,994.1,980.0
2019-12-20T21:00,8.5,0.10,92,7.3,5.3,0.10,0.00,0.00,51,100,46,100,33,16.9,223,220,30.1,36.7,0,0.00,994.6,980.5
2019-12-20T22:00,7.9,0.00,93,6.8,4.8,0.00,0.00,0.00,3,100,100,99,13,15.5,227,224,28.8,36.4,0,0.00,994.9,980.8
2019-12-20T23:00,7.5,0.00,93,6.4,4.5,0.00,0.00,0.00,3,100,100,100,14,14.5,231,228,27.4,34.2,0,0.00,995.4,981.2
2019-12-21T00:00,7.1,0.00,93,6.1,4.4,0.00,0.00,0.00,3,100,100,40,10,12.0,226,219,24.7,31.7,0,0.00,996.3,982.1
2019-12-21T01:00,7.1,0.00,94,6.2,4.4,0.00,0.00,0.00,0,1,38,15,17,11.8,225,220,24.9,26.6,0,0.00,996.3,982.1
2019-12-21T02:00,6.2,0.00,95,5.4,3.9,0.00,0.00,0.00,1,33,28,4,7,7.8,218,202,20.5,26.3,0,0.00,996.6,982.3
2019-12-21T03:00,5.8,0.00,94,4.8,3.6,0.00,0.00,0.00,1,36,1,1,35,6.5,204,174,17.7,18.0,0,0.00,997.1,982.8
2019-12-21T04:00,5.5,0.00,93,4.4,3.4,0.00,0.00,0.00,1,32,0,5,31,4.6,192,135,12.5,15.8,0,0.00,996.8,982.5
2019-12-21T05:00,4.9,0.00,93,3.9,2.6,0.00,0.00,0.00,0,11,0,3,11,5.7,158,108,10.5,11.5,0,0.00,996.3,982.0
2019-12-21T06:00,4.3,0.00,93,3.3,1.5,0.00,0.00,0.00,0,1,0,0,1,8.7,133,107,15.3,16.6,0,0.00,995.5,981.2
2019-12-21T07:00,3.7,0.00,94,2.8,0.7,0.00,0.00,0.00,0,2,1,0,0,8.9,131,111,18.1,18.7,0,0.00,995.7,981.3
2019-12-21T08:00,3.3,0.00,94,2.4,0.3,0.00,0.00,0.00,1,38,26,0,17,8.7,145,120,17.6,18.0,0,0.00,996.0,981.6
2019-12-21T09:00,3.5,0.00,94,2.6,0.7,0.00,0.00,0.00,1,49,42,12,2,8.0,131,100,12.5,17.3,1,5.35,996.0,981.6
2019-12-21T10:00,4.7,0.00,91,3.4,1.7,0.00,0.00,0.00,1,31,10,21,8,10.0,142,131,17.4,19.8,1,3600.00,996.5,982.2
2019-12-21T11:00,6.0,0.00,88,4.1,3.6,0.00,0.00,0.00,1,23,2,20,6,6.7,139,126,11.0,20.2,1,3600.00,996.7,982.4
2019-12-21T12:00,6.9,0.00,85,4.5,4.6,0.00,0.00,0.00,0,15,2,14,0,6.2,150,144,8.7,16.6,1,3600.00,995.9,981.7
2019-12-21T13:00,7.9,0.00,83,5.3,5.8,0.00,0.00,0.00,2,57,0,6,10,6.7,160,144,10.4,16.9,1,3600.00,995.3,981.1
2019-12-21T14:00,8.5,0.00,81,5.5,6.2,0.00,0.00,0.00,0,6,0,0,6,8.3,173,162,12.7,19.8,1,3600.00,994.5,980.4
2019-12-21T15:00,8.6,0.00,83,5.9,6.1,0.00,0.00,0.00,1,33,0,19,25,9.7,195,182,17.9,21.6,1,3600.00,994.1,980.0
2019-12-21T16:00,7.7,0.00,88,5.8,5.3,0.00,0.00,0.00,1,32,0,28,26,9.4,197,180,20.3,22.3,1,2885.22,993.4,979.3
2019-12-21T17:00,6.8,0.00,89,5.1,4.1,0.00,0.00,0.00,2,59,0,16,58,10.4,199,182,23.6,22.7,0,0.00,993.3,979.1
2019-12-21T18:00,6.7,0.00,82,3.9,3.8,0.00,0.00,0.00,0,10,0,2,9,9.4,190,173,22.3,23.0,0,0.00,992.7,978.5
2019-12-21T19:00,5.1,0.00,88,3.2,2.2,0.00,0.00,0.00,0,1,0,0,1,8.4,165,140,19.7,21.2,0,0.00,991.8,977.6
2019-12-21T20:00,4.3,0.00,88,2.5,1.2,0.00,0.00,0.00,2,58,58,0,0,9.2,150,121,20.3,19.1,0,0.00,990.8,976.5
2019-12-21T21:00,3.8,0.00,89,2.1,0.4,0.00,0.00,0.00,0,0,0,0,0,10.9,147,124,23.2,21.2,0,0.00,990.4,976.1
2019-12-21T22:00,3.7,0.00,90,2.2,0.1,0.00,0.00,0.00,3,100,100,2,0,12.3,129,111,25.1,25.9,0,0.00,989.2,974.9
2019-12-21T23:00,3.6,0.00,90,2.2,-0.2,0.00,0.00,0.00,3,99,99,65,0,14.0,132,116,27.5,39.2,0,0.00,989.1,974.8
2019-12-22T00:00,4.2,0.10,88,2.4,0.3,0.10,0.00,0.00,51,100,100,100,11,14.7,136,121,28.0,30.6,0,0.00,988.7,974.5
2019-12-22T01:00,5.1,0.90,89,3.5,1.6,0.90,0.00,0.00,53,100,100,100,100,13.3,151,142,26.3,30.6,0,0.00,989.0,974.8
2019-12-22T02:00,6.0,2.50,89,4.4,2.5,2.50,0.00,0.00,63,100,100,100,100,14.8,152,135,27.2,30.2,0,0.00,988.1,974.0
2019-12-22T03:00,6.0,0.70,88,4.2,2.2,0.70,0.00,0.00,53,100,98,93,100,16.6,140,131,30.4,36.7,0,0.00,987.2,973.1
2019-12-22T04:00,6.5,0.00,87,4.5,3.5,0.00,0.00,0.00,3,100,100,73,100,11.5,158,139,22.6,34.6,0,0.00,986.9,972.8
2019-12-22T05:00,6.7,0.00,88,4.9,4.3,0.00,0.00,0.00,3,100,100,11,55,8.2,188,151,17.8,24.1,0,0.00,986.6,972.5
2019-12-22T06:00,6.3,0.00,90,4.8,3.9,0.00,0.00,0.00,3,99,99,23,24,7.3,203,169,19.5,19.4,0,0.00,986.5,972.4
2019-12-22T07:00,5.9,0.00,91,4.5,3.6,0.00,0.00,0.00,3,100,100,14,2,6.5,192,146,16.9,18.4,0,0.00,986.5,972.4
2019-12-22T08:00,5.0,0.00,92,3.8,2.4,0.00,0.00,0.00,2,74,71,1,11,7.4,180,137,17.3,16.9,0,0.00,986.8,972.6
2019-12-22T09:00,4.9,0.00,92,3.7,2.3,0.00,0.00,0.00,3,95,14,2,95,8.0,176,126,17.7,18.4,1,0.00,987.2,973.0
2019-12-22T10:00,6.7,0.00,87,4.8,4.1,0.00,0.00,0.00,3,99,19,93,98,9.5,180,143,17.6,20.9,1,0.00,987.6,973.5
2019-12-22T11:00,7.3,0.00,86,5.0,4.6,0.00,0.00,0.00,3,99,16,99,97,9.8,191,163,19.4,21.6,1,0.00,987.9,973.8
2019-12-22T12:00,8.4,0.00,83,5.8,5.0,0.00,0.00,0.00,3,100,100,99,100,16.3,209,205,28.5,33.5,1,0.00,987.9,973.9
2019-12-22T13:00,8.4,0.50,90,6.9,5.6,0.50,0.00,0.00,53,100,43,100,95,13.8,207,200,25.1,40.3,1,0.00,988.3,974.3
2019-12-22T14:00,8.5,0.40,92,7.3,5.4,0.40,0.00,0.00,51,99,66,98,63,16.6,222,219,29.6,36.0,1,0.00,988.7,974.7
2019-12-22T15:00,8.9,0.20,89,7.1,5.2,0.20,0.00,0.00,51,98,10,88,95,19.9,229,228,33.7,41.8,1,678.54,989.4,975.4
2019-12-22T16:00,8.2,0.50,87,6.2,3.9,0.50,0.00,0.00,53,99,16,98,77,22.5,244,243,38.2,49.0,1,0.00,990.5,976.4
2019-12-22T17:00,7.9,0.10,86,5.7,3.8,0.10,0.00,0.00,51,100,0,100,33,20.7,236,231,35.2,48.6,0,0.00,991.7,977.6
2019-12-22T18:00,7.6,0.20,88,5.7,3.0,0.20,0.00,0.00,51,100,43,100,39,23.6,235,232,39.8,51.1,0,0.00,992.9,978.8
2019-12-22T19:00,7.5,0.20,87,5.6,3.0,0.20,0.00,0.00,51,100,84,100,45,23.7,239,237,39.7,51.8,0,0.00,993.8,979.6
2019-12-22T20:00,7.3,0.10,87,5.3,2.9,0.10,0.00,0.00,51,100,96,100,88,21.7,244,243,36.4,51.5,0,0.00,995.1,980.9
2019-12-22T21:00,7.2,0.30,87,5.2,3.1,0.30,0.00,0.00,51,100,34,100,84,20.1,251,249,34.3,46.8,0,0.00,996.0,981.8
2019-12-22T22:00,6.9,0.00,87,4.9,3.1,0.00,0.00,0.00,3,92,20,12,90,17.7,250,246,30.6,43.6,0,0.00,996.6,982.4
2019-12-22T23:00,6.7,0.00,87,4.7,3.0,0.00,0.00,0.00,3,100,12,1,100,16.4,237,232,28.7,38.5,0,0.00,997.9,983.6
2019-12-23T00:00,6.3,0.00,88,4.5,2.4,0.00,0.00,0.00,3,83,0,23,82,17.4,238,236,30.6,37.8,0,0.00,998.8,984.5
2019-12-23T01:00,6.6,0.00,86,4.5,3.1,0.00,0.00,0.00,3,86,69,34,55,15.0,251,246,28.2,37.8,0,0.00,999.5,985.2
2019-12-23T02:00,6.7,0.00,85,4.4,3.0,0.00,0.00,0.00,3,93,83,30,72,15.9,250,245,29.2,34.9,0,0.00,1000.3,986.0
2019-12-23T03:00,6.8,0.00,83,4.2,3.0,0.00,0.00,0.00,3,95,89,43,59,16.6,250,246,29.5,36.7,0,0.00,1001.5,987.2
2019-12-23T04:00,6.4,0.00,85,4.1,2.7,0.00,0.00,0.00,3,97,89,42,96,15.9,246,242,28.7,36.7,0,0.00,1002.6,988.3
2019-12-23T05:00,6.4,0.00,85,4.1,2.9,0.00,0.00,0.00,3,89,62,39,82,14.2,241,234,25.9,34.6,0,0.00,1003.6,989.3
2019-12-23T06:00,6.1,0.00,86,4.0,2.7,0.00,0.00,0.00,3,100,7,81,100,13.5,234,228,25.3,31.3,0,0.00,1004.3,989.9
2019-12-23T07:00,6.0,0.00,88,4.1,2.6,0.00,0.00,0.00,3,100,0,66,100,13.8,232,227,25.1,30.2,0,0.00,1005.0,990.6
2019-12-23T08:00,6.2,0.10,88,4.3,2.6,0.10,0.00,0.00,51,100,0,61,100,14.8,234,231,26.3,31.7,0,0.00,1006.0,991.6
2019-12-23T09:00,6.1,0.20,88,4.3,2.6,0.20,0.00,0.00,51,100,0,99,100,14.4,244,238,25.3,33.5,1,0.00,1007.0,992.6
2019-12-23T10:00,6.2,0.30,90,4.7,2.9,0.30,0.00,0.00,51,92,0,88,58,13.2,248,241,23.7,31.3,1,0.00,1007.8,993.4
2019-12-23T11:00,7.2,0.00,86,5.0,3.6,0.00,0.00,0.00,2,79,0,17,77,16.3,255,252,27.9,34.6,1,0.00,1008.5,994.1
2019-12-23T12:00,8.2,0.10,86,6.0,4.8,0.10,0.00,0.00,51,54,0,23,53,16.3,257,256,27.3,41.0,1,3600.00,1009.0,994.7
2019-12-23T13:00,7.8,0.10,90,6.2,3.6,0.10,0.00,0.00,51,54,7,58,33,22.6,254,253,35.7,36.4,1,3600.00,1009.9,995.5
2019-12-23T14:00,8.1,0.70,94,7.1,4.9,0.70,0.00,0.00,53,100,9,80,100,16.5,252,250,28.0,51.5,1,3600.00,1010.5,996.1
2019-12-23T15:00,7.7,0.40,86,5.6,4.0,0.40,0.00,0.00,51,96,0,95,70,17.9,263,261,30.5,42.5,1,0.00,1011.3,996.9
2019-12-23T16:00,7.3,0.00,85,4.9,3.8,0.00,0.00,0.00,3,95,0,94,65,15.2,260,256,26.7,38.5,1,171.24,1012.5,998.1
2019-12-23T17:00,7.1,0.30,87,5.1,3.6,0.30,0.00,0.00,51,90,0,74,85,16.1,258,254,28.4,34.6,0,0.00,1013.5,999.0
2019-12-23T18:00,7.0,0.10,87,5.0,3.4,0.10,0.00,0.00,51,61,0,53,37,15.9,255,252,28.4,35.6,0,0.00,1014.5,1000.0
2019-12-23T19:00,6.6,0.00,88,4.7,3.1,0.00,0.00,0.00,2,64,0,51,44,14.8,255,252,27.6,34.2,0,0.00,1015.6,1001.1
2019-12-23T20:00,6.4,0.00,88,4.5,2.9,0.00,0.00,0.00,1,32,0,1,31,15.0,256,253,27.9,32.8,0,0.00,1016.2,1001.7
2019-12-23T21:00,5.7,0.00,91,4.4,2.4,0.00,0.00,0.00,1,43,0,2,43,13.7,249,243,26.7,32.8,0,0.00,1016.7,1002.1
2019-12-23T22:00,5.6,0.00,92,4.4,2.1,0.00,0.00,0.00,2,69,0,3,69,14.5,247,243,28.2,32.0,0,0.00,1017.2,1002.6
2019-12-23T23:00,6.1,0.40,90,4.6,2.6,0.40,0.00,0.00,51,88,0,15,88,15.5,247,245,28.1,34.2,0,0.00,1017.7,1003.1
2019-12-24T00:00,6.2,0.20,91,4.8,2.6,0.20,0.00,0.00,51,81,35,1,76,15.5,244,239,28.0,33.8,0,0.00,1018.6,1004.0
2019-12-24T01:00,6.7,0.00,89,5.0,3.2,0.00,0.00,0.00,3,100,88,16,47,15.1,245,242,28.2,33.8,0,0.00,1018.8,1004.2
2019-12-24T02:00,6.3,0.20,89,4.7,3.0,0.20,0.00,0.00,51,98,95,18,60,13.3,241,237,25.9,32.8,0,0.00,1019.4,1004.8
2019-12-24T03:00,6.4,0.00,88,4.6,3.2,0.00,0.00,0.00,3,93,90,17,33,12.5,235,229,24.6,29.2,0,0.00,1019.7,1005.1
2019-12-24T04:00,5.4,0.00,92,4.2,2.6,0.00,0.00,0.00,3,91,89,11,23,10.1,212,197,22.5,27.4,0,0.00,1019.3,1004.7
2019-12-24T05:00,4.9,0.00,93,3.8,1.9,0.00,0.00,0.00,2,79,73,1,27,10.1,200,182,22.7,22.7,0,0.00,1018.7,1004.1
2019-12-24T06:00,5.0,0.00,93,3.9,2.0,0.00,0.00,0.00,3,97,96,3,20,10.9,203,188,23.1,24.5,0,0.00,1018.4,1003.8
2019-12-24T07:00,4.7,0.00,91,3.4,1.5,0.00,0.00,0.00,3,97,97,5,14,11.2,198,186,23.9,24.8,0,0.00,1017.7,1003.1
2019-12-24T08:00,5.1,0.00,88,3.2,1.8,0.00,0.00,0.00,3,97,91,90,8,11.6,200,187,23.8,26.6,0,0.00,1016.8,1002.2
2019-12-24T09:00,5.5,0.10,87,3.4,2.2,0.10,0.00,0.00,51,100,97,100,15,11.7,201,189,22.8,25.9,1,0.00,1016.4,1001.8
2019-12-24T10:00,5.7,0.60,88,3.9,2.5,0.60,0.00,0.00,53,99,97,98,48,12.2,191,178,23.1,27.0,1,0.00,1015.2,1000.6
2019-12-24T11:00,5.4,0.90,88,3.6,2.0,0.90,0.00,0.00,53,100,69,100,100,12.4,175,163,22.4,41.0,1,0.00,1014.1,999.5
2019-12-24T12:00,5.2,1.20,89,3.5,2.1,1.20,0.00,0.00,55,100,13,100,100,10.7,167,147,19.6,46.4,1,0.00,1012.9,998.4
2019-12-24T13:00,6.4,0.50,90,4.8,2.8,0.50,0.00,0.00,53,100,0,100,100,15.5,230,228,27.1,48.6,1,0.00,1012.3,997.8
2019-12-24T14:00,6.6,0.10,91,5.3,3.2,0.10,0.00,0.00,51,99,0,13,98,15.6,226,220,27.7,34.9,1,0.00,1012.0,997.5
2019-12-24T15:00,8.1,0.00,91,6.7,5.1,0.00,0.00,0.00,2,60,0,35,58,14.5,236,228,25.7,34.6,1,0.00,1012.5,998.1
2019-12-24T16:00,8.2,0.30,90,6.7,5.6,0.30,0.00,0.00,51,52,0,24,46,11.7,234,223,23.2,31.7,1,2649.08,1012.8,998.4
2019-12-24T17:00,7.5,0.00,91,6.1,5.1,0.00,0.00,0.00,2,50,3,40,28,9.5,229,209,20.9,39.2,0,0.00,1013.5,999.1
2019-12-24T18:00,6.9,0.50,92,5.7,4.3,0.50,0.00,0.00,53,44,1,35,32,10.3,226,205,22.7,40.0,0,0.00,1013.7,999.2
2019-12-24T19:00,7.3,0.40,90,5.8,4.3,0.40,0.00,0.00,51,59,0,25,56,13.5,244,236,26.9,44.6,0,0.00,1014.1,999.6
2019-12-24T20:00,7.7,0.50,88,5.9,4.3,0.50,0.00,0.00,53,67,0,59,42,15.9,248,245,29.4,46.1,0,0.00,1014.4,1000.0
2019-12-24T21:00,7.7,0.60,88,5.8,4.0,0.60,0.00,0.00,53,49,0,18,43,17.7,249,246,32.0,48.2,0,0.00,1014.6,1000.2
2019-12-24T22:00,7.5,0.00,88,5.7,4.0,0.00,0.00,0.00,2,63,2,52,47,16.7,239,233,30.4,47.5,0,0.00,1014.7,1000.2
2019-12-24T23:00,7.2,0.00,89,5.5,3.7,0.00,0.00,0.00,2,76,0,9,75,16.3,232,229,30.0,36.4,0,0.00,1015.0,1000.5
2019-12-25T00:00,7.0,1.50,90,5.5,3.7,1.50,0.00,0.00,61,68,5,67,9,15.3,226,219,28.3,35.6,0,0.00,1015.3,1000.8
2019-12-25T01:00,7.4,0.20,92,6.2,4.5,0.20,0.00,0.00,51,99,29,100,100,13.5,232,222,25.9,33.1,0,0.00,1015.2,1000.7
2019-12-25T02:00,7.8,0.80,91,6.5,4.7,0.80,0.00,0.00,53,100,46,90,100,15.4,239,233,28.1,48.6,0,0.00,1015.0,1000.6
2019-12-25T03:00,7.9,0.30,89,6.2,4.2,0.30,0.00,0.00,51,97,0,95,87,18.4,243,239,31.9,48.6,0,0.00,1015.3,1000.9
2019-12-25T04:00,7.8,0.40,91,6.3,4.5,0.40,0.00,0.00,51,86,0,50,81,16.3,236,229,28.6,40.0,0,0.00,1015.4,1001.0
2019-12-25T05:00,7.8,0.10,92,6.6,4.3,0.10,0.00,0.00,51,100,0,96,100,18.3,243,238,32.4,46.8,0,0.00,1015.8,1001.3
2019-12-25T06:00,7.8,0.60,92,6.6,4.3,0.60,0.00,0.00,53,81,0,46,73,18.0,243,237,31.6,45.4,0,0.00,1015.8,1001.3
2019-12-25T07:00,7.4,0.30,91,6.1,4.2,0.30,0.00,0.00,51,94,0,66,89,15.6,243,236,28.7,45.7,0,0.00,1015.6,1001.1
2019-12-25T08:00,7.8,0.20,91,6.3,4.6,0.20,0.00,0.00,51,61,0,48,43,15.0,252,249,27.2,38.2,0,0.00,1016.1,1001.6
2019-12-25T09:00,7.5,0.50,92,6.3,4.4,0.50,0.00,0.00,53,81,0,48,76,14.8,266,264,27.4,39.6,1,0.00,1016.9,1002.4
2019-12-25T10:00,7.7,0.80,89,6.0,4.1,0.80,0.00,0.00,53,83,0,57,74,17.7,289,287,29.7,42.1,1,1222.46,1017.7,1003.2
2019-12-25T11:00,8.1,0.10,87,6.0,4.6,0.10,0.00,0.00,51,36,0,23,26,17.0,290,287,27.6,43.6,1,2550.93,1018.6,1004.1
2019-12-25T12:00,8.3,0.10,82,5.4,4.4,0.10,0.00,0.00,51,56,0,22,53,19.0,301,299,30.4,44.6,1,3600.00,1019.3,1004.8
2019-12-25T13:00,8.5,0.10,75,4.4,4.3,0.10,0.00,0.00,51,92,0,35,54,19.7,299,298,30.5,42.5,1,3600.00,1020.0,1005.5
2019-12-25T14:00,8.3,0.20,79,4.8,4.1,0.20,0.00,0.00,51,54,0,46,38,19.7,302,301,31.6,41.8,1,3600.00,1020.9,1006.4
2019-12-25T15:00,7.8,0.10,80,4.6,3.8,0.10,0.00,0.00,51,40,0,31,26,18.2,310,308,30.1,45.0,1,3600.00,1021.8,1007.3
2019-12-25T16:00,7.0,0.00,83,4.3,3.4,0.00,0.00,0.00,2,72,0,60,52,15.2,309,306,27.2,39.2,1,3017.13,1022.9,1008.3
2019-12-25T17:00,6.5,0.00,85,4.1,3.4,0.00,0.00,0.00,2,61,0,47,55,11.5,306,302,22.7,32.8,0,0.00,1024.0,1009.4
2019-12-25T18:00,5.9,0.10,88,4.0,3.4,0.10,0.00,0.00,51,54,0,43,50,6.9,305,298,17.6,25.2,0,0.00,1024.8,1010.1
2019-12-25T19:00,5.2,0.20,91,3.9,2.9,0.20,0.00,0.00,51,97,0,96,91,5.6,311,310,15.8,16.2,0,0.00,1025.5,1010.8
2019-12-25T20:00,5.6,0.00,90,4.0,3.3,0.00,0.00,0.00,3,99,0,89,98,5.6,317,315,14.3,14.0,0,0.00,1025.9,1011.2
2019-12-25T21:00,5.5,0.00,89,3.8,3.3,0.00,0.00,0.00,2,56,0,33,55,5.5,330,337,14.5,13.3,0,0.00,1026.1,1011.4
2019-12-25T22:00,4.1,0.00,92,2.9,1.6,0.00,0.00,0.00,2,50,0,12,49,5.5,327,337,15.4,13.0,0,0.00,1026.4,1011.6
2019-12-25T23:00,3.3,0.00,93,2.4,0.7,0.00,0.00,0.00,1,44,0,9,43,5.8,332,338,14.3,12.6,0,0.00,1026.6,1011.8
2019-12-26T00:00,2.8,0.00,94,2.0,-0.0,0.00,0.00,0.00,1,21,0,6,19,6.7,333,324,10.9,12.2,0,0.00,1026.6,1011.7
2019-12-26T01:00,4.1,0.00,89,2.5,1.6,0.00,0.00,0.00,1,25,0,4,6,5.8,285,277,8.2,11.2,0,0.00,1026.6,1011.8
2019-12-26T02:00,4.4,0.00,88,2.6,2.0,0.00,0.00,0.00,0,15,0,4,15,4.8,331,13,6.6,9.0,0,0.00,1026.8,1012.0
2019-12-26T03:00,4.0,0.00,89,2.3,1.8,0.00,0.00,0.00,0,17,0,1,17,2.9,6,83,3.6,7.6,0,0.00,1026.8,1012.0
2019-12-26T04:00,1.9,0.00,93,1.0,-0.6,0.00,0.00,0.00,0,16,0,1,16,3.7,51,101,2.3,5.4,0,0.00,1026.6,1011.7
2019-12-26T05:00,0.7,0.00,95,0.1,-2.0,0.00,0.00,0.00,1,20,0,1,20,4.0,54,85,3.1,6.8,0,0.00,1026.5,1011.5
2019-12-26T06:00,0.2,0.00,95,-0.5,-2.7,0.00,0.00,0.00,1,33,0,1,33,4.3,84,90,3.3,7.2,0,0.00,1026.5,1011.5
2019-12-26T07:00,0.3,0.00,95,-0.4,-2.5,0.00,0.00,0.00,1,39,0,1,39,4.1,140,105,5.6,7.9,0,0.00,1026.5,1011.5
2019-12-26T08:00,0.4,0.00,96,-0.2,-2.4,0.00,0.00,0.00,0,19,0,0,19,4.8,130,103,8.4,9.7,0,0.00,1026.3,1011.3
2019-12-26T09:00,0.7,0.00,96,0.2,-2.4,0.00,0.00,0.00,0,15,0,0,15,6.5,117,96,10.5,11.9,1,0.00,1026.7,1011.7
2019-12-26T10:00,2.5,0.00,95,1.8,-0.7,0.00,0.00,0.00,2,77,1,1,76,9.1,115,108,15.9,19.1,1,3570.07,1027.0,1012.1
2019-12-26T11:00,3.5,0.00,95,2.7,0.6,0.00,0.00,0.00,3,100,46,47,100,8.3,111,108,12.3,20.9,1,3600.00,1026.7,1011.9
2019-12-26T12:00,4.4,0.00,93,3.3,1.9,0.00,0.00,0.00,3,100,53,37,100,6.3,117,114,8.9,20.2,1,1769.57,1026.4,1011.6
2019-12-26T13:00,5.9,0.00,87,4.0,3.3,0.00,0.00,0.00,3,100,100,95,10,7.8,126,124,11.1,18.4,1,1355.01,1025.5,1010.8
2019-12-26T14:00,6.3,0.00,84,3.8,3.8,0.00,0.00,0.00,3,100,100,96,0,7.3,106,101,10.5,18.0,1,0.00,1024.8,1010.1
2019-12-26T15:00,6.0,0.00,85,3.7,3.4,0.00,0.00,0.00,3,100,100,94,0,7.5,110,107,13.4,16.6,1,0.00,1023.9,1009.2
2019-12-26T16:00,5.4,0.00,88,3.5,2.5,0.00,0.00,0.00,3,100,100,100,0,9.2,120,116,18.7,19.1,1,0.00,1023.9,1009.2
2019-12-26T17:00,4.8,0.00,90,3.4,2.4,0.00,0.00,0.00,3,100,100,95,2,6.1,134,130,16.0,18.7,0,0.00,1024.5,1009.8
2019-12-26T18:00,4.2,0.00,94,3.2,1.9,0.00,0.00,0.00,3,100,98,100,22,4.6,182,162,11.9,13.0,0,0.00,1024.7,1009.9
2019-12-26T19:00,4.3,0.00,95,3.6,2.0,0.00,0.00,0.00,3,98,83,96,3,5.5,203,169,12.1,12.2,0,0.00,1024.7,1009.9
2019-12-26T20:00,4.1,0.00,96,3.5,1.6,0.00,0.00,0.00,2,71,14,66,6,6.7,191,164,15.0,14.4,0,0.00,1024.6,1009.8
2019-12-26T21:00,3.7,0.00,96,3.1,1.0,0.00,0.00,0.00,2,74,0,73,7,7.2,205,183,17.1,16.2,0,0.00,1024.8,1010.0
2019-12-26T22:00,3.7,0.00,95,3.0,1.0,0.00,0.00,0.00,2,77,0,77,3,7.2,202,174,16.3,16.9,0,0.00,1024.6,1009.8
2019-12-26T23:00,3.7,0.00,93,2.7,0.9,0.00,0.00,0.00,3,92,15,48,88,7.3,197,169,17.3,16.9,0,0.00,1024.3,1009.5
2019-12-27T00:00,4.0,0.00,91,2.6,1.3,0.00,0.00,0.00,3,100,29,100,100,6.5,208,183,16.3,17.3,0,0.00,1024.3,1009.5
2019-12-27T01:00,4.4,0.30,94,3.5,1.8,0.30,0.00,0.00,51,100,80,100,100,7.2,208,180,14.7,15.8,0,0.00,1023.6,1008.9
2019-12-27T02:00,4.3,0.90,96,3.7,1.7,0.90,0.00,0.00,53,100,0,99,100,7.9,186,150,13.8,16.2,0,0.00,1022.9,1008.2
2019-12-27T03:00,4.7,0.60,96,4.1,2.5,0.60,0.00,0.00,53,100,0,100,100,5.4,200,138,11.8,15.8,0,0.00,1022.6,1007.9
2019-12-27T04:00,5.2,0.30,95,4.5,3.0,0.30,0.00,0.00,51,100,1,83,100,6.3,202,156,13.6,14.4,0,0.00,1022.4,1007.7
2019-12-27T05:00,5.4,0.20,96,4.8,3.2,0.20,0.00,0.00,51,100,11,100,100,6.3,194,149,13.7,14.4,0,0.00,1021.8,1007.1
2019-12-27T06:00,5.7,0.30,96,5.0,3.8,0.30,0.00,0.00,51,100,0,100,100,4.5,204,151,12.2,14.0,0,0.00,1021.5,1006.9
2019-12-27T07:00,5.8,0.50,97,5.3,4.2,0.50,0.00,0.00,53,100,0,100,100,2.8,204,130,7.9,10.4,0,0.00,1021.8,1007.2
2019-12-27T08:00,5.8,0.40,97,5.3,4.2,0.40,0.00,0.00,51,100,0,100,100,2.9,195,120,5.6,6.5,0,0.00,1022.6,1007.9
2019-12-27T09:00,5.9,0.20,96,5.4,4.3,0.20,0.00,0.00,51,100,0,96,100,3.1,201,135,6.2,6.8,1,0.00,1023.3,1008.6
2019-12-27T10:00,6.2,0.10,96,5.6,4.6,0.10,0.00,0.00,51,100,0,94,100,3.6,63,53,4.0,6.5,1,0.00,1024.4,1009.7
2019-12-27T11:00,6.4,0.10,93,5.3,4.2,0.10,0.00,0.00,51,100,0,19,100,7.6,91,95,15.5,15.1,1,0.00,1025.5,1010.8
2019-12-27T12:00,7.1,0.00,88,5.2,4.9,0.00,0.00,0.00,3,100,0,7,100,7.1,83,75,11.6,17.3,1,684.90,1026.1,1011.5
2019-12-27T13:00,6.8,0.00,93,5.7,4.8,0.00,0.00,0.00,3,100,0,99,100,6.4,50,38,12.3,18.4,1,230.92,1027.2,1012.5
2019-12-27T14:00,6.7,0.00,89,5.0,4.3,0.00,0.00,0.00,3,100,0,80,100,8.4,55,50,15.0,16.6,1,0.00,1028.0,1013.3
2019-12-27T15:00,6.3,0.00,88,4.5,3.7,0.00,0.00,0.00,3,100,2,41,100,8.9,72,69,16.3,18.7,1,0.00,1028.7,1014.0
2019-12-27T16:00,6.0,0.00,87,4.0,3.6,0.00,0.00,0.00,3,100,13,27,100,6.8,69,58,13.9,18.4,1,0.00,1030.0,1015.3
2019-12-27T17:00,5.5,0.00,88,3.6,3.2,0.00,0.00,0.00,2,74,0,2,74,5.1,61,39,12.7,14.0,0,0.00,1031.1,1016.3
2019-12-27T18:00,4.1,0.00,91,2.8,1.6,0.00,0.00,0.00,1,24,0,0,24,5.2,57,34,13.3,11.5,0,0.00,1032.1,1017.2
2019-12-27T19:00,2.7,0.00,92,1.5,-0.1,0.00,0.00,0.00,0,15,0,0,15,5.9,63,43,15.0,12.6,0,0.00,1033.0,1018.0
2019-12-27T20:00,2.0,0.00,92,0.8,-0.9,0.00,0.00,0.00,0,5,0,0,5,6.4,67,52,16.5,13.7,0,0.00,1033.6,1018.6
2019-12-27T21:00,1.7,0.00,90,0.3,-1.5,0.00,0.00,0.00,0,6,0,0,6,7.1,65,49,18.2,15.5,0,0.00,1034.6,1019.6
2019-12-27T22:00,1.5,0.00,88,-0.2,-1.8,0.00,0.00,0.00,0,4,0,0,4,7.8,66,56,19.7,17.3,0,0.00,1035.6,1020.5
2019-12-27T23:00,1.1,0.00,87,-0.7,-2.2,0.00,0.00,0.00,0,13,0,0,13,7.6,77,65,18.9,17.3,0,0.00,1036.1,1021.0
2019-12-28T00:00,1.1,0.00,87,-0.7,-2.3,0.00,0.00,0.00,0,19,1,0,18,7.9,84,74,19.6,16.6,0,0.00,1036.5,1021.4
2019-12-28T01:00,1.8,0.00,85,-0.4,-1.7,0.00,0.00,0.00,1,22,21,0,24,9.1,90,83,21.2,17.6,0,0.00,1037.3,1022.2
2019-12-28T02:00,1.6,0.00,86,-0.4,-1.8,0.00,0.00,0.00,0,17,0,0,17,8.4,92,80,19.8,19.1,0,0.00,1037.6,1022.5
2019-12-28T03:00,0.9,0.00,87,-1.0,-2.5,0.00,0.00,0.00,0,9,0,0,9,7.9,89,74,17.6,17.6,0,0.00,1038.0,1022.9
2019-12-28T04:00,0.2,0.00,88,-1.6,-3.3,0.00,0.00,0.00,0,5,0,0,5,7.9,84,74,17.0,16.6,0,0.00,1038.5,1023.3
2019-12-28T05:00,-0.2,0.00,87,-2.1,-4.0,0.00,0.00,0.00,0,6,0,0,6,9.3,82,77,20.0,18.7,0,0.00,1038.8,1023.6
2019-12-28T06:00,-0.4,0.00,86,-2.5,-4.3,0.00,0.00,0.00,0,8,0,0,8,9.5,82,79,22.6,20.2,0,0.00,1038.6,1023.4
2019-12-28T07:00,-0.4,0.00,85,-2.6,-4.2,0.00,0.00,0.00,0,9,0,0,9,9.0,87,88,22.0,19.8,0,0.00,1039.0,1023.8
2019-12-28T08:00,-0.5,0.00,85,-2.6,-4.3,0.00,0.00,0.00,0,7,0,0,7,8.7,88,85,21.3,19.8,0,0.00,1039.7,1024.5
2019-12-28T09:00,-0.2,0.00,85,-2.4,-3.9,0.00,0.00,0.00,0,9,0,0,9,8.4,85,83,19.9,18.7,1,4.01,1040.5,1025.3
2019-12-28T10:00,1.4,0.00,82,-1.4,-2.3,0.00,0.00,0.00,0,11,0,0,11,9.5,83,81,18.1,19.4,1,3549.72,1041.0,1025.8
2019-12-28T11:00,2.8,0.00,75,-1.2,-1.0,0.00,0.00,0.00,0,11,0,0,11,9.7,93,92,14.8,21.6,1,3600.00,1041.0,1025.9
2019-12-28T12:00,3.3,0.00,66,-2.3,-0.7,0.00,0.00,0.00,0,12,4,0,8,10.9,99,99,15.7,25.6,1,3600.00,1040.8,1025.8
2019-12-28T13:00,4.1,0.00,64,-2.0,0.7,0.00,0.00,0.00,3,95,97,0,8,6.9,86,84,9.4,25.2,1,3600.00,1040.8,1025.8
2019-12-28T14:00,4.2,0.00,63,-2.2,0.6,0.00,0.00,0.00,3,97,97,0,6,8.0,83,82,11.3,18.7,1,3600.00,1040.9,1025.9
2019-12-28T15:00,3.8,0.00,66,-2.1,0.2,0.00,0.00,0.00,3,98,98,0,4,7.9,92,90,13.3,19.4,1,3600.00,1040.7,1025.7
2019-12-28T16:00,2.4,0.00,72,-2.1,-1.1,0.00,0.00,0.00,3,97,97,0,6,7.3,104,101,16.7,17.3,1,2489.49,1040.6,1025.5
2019-12-28T17:00,1.3,0.00,76,-2.5,-2.3,0.00,0.00,0.00,3,97,97,0,3,7.6,99,90,18.9,16.2,0,0.00,1041.0,1025.8
2019-12-28T18:00,0.8,0.00,77,-2.8,-3.1,0.00,0.00,0.00,3,96,96,0,4,9.4,96,90,22.1,19.8,0,0.00,1041.1,1025.9
2019-12-28T19:00,0.6,0.00,76,-3.1,-3.6,0.00,0.00,0.00,3,97,97,0,3,11.3,102,99,25.1,23.8,0,0.00,1041.2,1026.0
2019-12-28T20:00,0.7,0.00,74,-3.4,-3.7,0.00,0.00,0.00,3,99,99,0,4,12.2,106,104,25.4,26.3,0,0.00,1041.2,1026.0
2019-12-28T21:00,-0.0,0.00,76,-3.8,-4.4,0.00,0.00,0.00,3,97,97,1,4,11.6,101,95,24.9,25.9,0,0.00,1041.1,1025.9
2019-12-28T22:00,-0.2,0.00,76,-4.0,-4.5,0.00,0.00,0.00,3,99,99,6,2,11.2,99,96,24.8,24.1,0,0.00,1041.3,1026.1
2019-12-28T23:00,-0.2,0.00,75,-4.1,-4.4,0.00,0.00,0.00,3,97,97,2,1,10.5,99,96,23.3,24.5,0,0.00,1041.3,1026.1
2019-12-29T00:00,-0.2,0.00,75,-4.2,-4.6,0.00,0.00,0.00,3,99,99,16,0,11.3,100,99,23.8,23.4,0,0.00,1040.9,1025.7
2019-12-29T01:00,-1.2,0.00,83,-3.7,-5.6,0.00,0.00,0.00,1,28,48,0,0,12.5,103,102,26.3,24.5,0,0.00,1040.9,1025.6
2019-12-29T02:00,-1.4,0.00,84,-3.8,-5.9,0.00,0.00,0.00,1,34,34,0,0,12.2,108,104,26.5,26.3,0,0.00,1040.5,1025.2
2019-12-29T03:00,-1.8,0.00,86,-3.8,-5.8,0.00,0.00,0.00,1,32,32,1,0,9.6,108,103,22.7,25.9,0,0.00,1040.4,1025.1
2019-12-29T04:00,-2.0,0.00,86,-4.1,-5.8,0.00,0.00,0.00,0,7,0,7,0,7.6,98,87,19.7,20.9,0,0.00,1040.9,1025.6
2019-12-29T05:00,-2.0,0.00,85,-4.3,-6.1,0.00,0.00,0.00,0,1,0,1,0,9.4,98,90,21.8,18.7,0,0.00,1040.7,1025.4
2019-12-29T06:00,-1.8,0.00,81,-4.6,-6.3,0.00,0.00,0.00,0,0,0,0,0,11.9,105,104,25.7,24.8,0,0.00,1039.6,1024.3
2019-12-29T07:00,-1.9,0.00,81,-4.7,-6.2,0.00,0.00,0.00,0,0,0,0,0,10.7,103,102,24.0,24.8,0,0.00,1039.7,1024.4
2019-12-29T08:00,-2.0,0.00,80,-4.9,-6.5,0.00,0.00,0.00,0,6,6,0,0,11.7,103,101,24.8,24.8,0,0.00,1039.8,1024.5
2019-12-29T09:00,-1.7,0.00,79,-4.9,-5.5,0.00,0.00,0.00,1,41,41,0,0,7.3,94,79,18.4,24.1,1,10.90,1040.5,1025.2
2019-12-29T10:00,-0.1,0.00,73,-4.3,-4.1,0.00,0.00,0.00,0,11,11,0,0,8.7,98,95,17.1,18.4,1,3544.54,1040.6,1025.4
2019-12-29T11:00,1.4,0.00,68,-3.9,-2.5,0.00,0.00,0.00,3,96,96,0,0,8.0,100,100,12.4,20.9,1,3600.00,1040.3,1025.2
2019-12-29T12:00,2.5,0.00,65,-3.5,-1.3,0.00,0.00,0.00,3,100,100,0,0,7.6,98,98,10.9,21.2,1,3600.00,1039.4,1024.3
2019-12-29T13:00,2.9,0.00,63,-3.5,-0.7,0.00,0.00,0.00,1,23,2,0,0,6.5,92,93,9.0,18.7,1,3600.00,1039.4,1024.4
2019-12-29T14:00,3.7,0.00,54,-4.8,-0.1,0.00,0.00,0.00,0,1,1,0,0,6.7,101,106,9.5,17.6,1,3600.00,1038.9,1023.9
2019-12-29T15:00,3.5,0.00,52,-5.4,-0.2,0.00,0.00,0.00,3,99,99,0,0,5.9,98,101,10.2,17.3,1,3600.00,1038.6,1023.6
2019-12-29T16:00,0.6,0.00,65,-5.2,-3.2,0.00,0.00,0.00,3,90,90,0,0,6.4,108,117,14.3,12.6,1,3208.20,1038.6,1023.4
2019-12-29T17:00,-1.0,0.00,74,-5.0,-4.8,0.00,0.00,0.00,3,82,82,0,0,6.8,102,87,16.2,14.4,0,0.00,1038.9,1023.6
2019-12-29T18:00,-1.3,0.00,75,-5.1,-5.0,0.00,0.00,0.00,1,32,32,0,0,6.3,99,66,16.4,15.1,0,0.00,1038.5,1023.2
2019-12-29T19:00,-0.9,0.00,72,-5.4,-4.7,0.00,0.00,0.00,0,13,13,0,0,6.9,102,81,19.1,14.8,0,0.00,1038.3,1023.1
2019-12-29T20:00,-1.1,0.00,71,-5.6,-5.0,0.00,0.00,0.00,0,0,0,0,0,7.2,106,93,19.1,15.5,0,0.00,1038.2,1023.0
2019-12-29T21:00,-1.5,0.00,73,-5.8,-5.6,0.00,0.00,0.00,0,0,0,0,0,8.3,105,92,19.7,17.3,0,0.00,1038.0,1022.7
2019-12-29T22:00,-2.6,0.00,77,-6.1,-6.3,0.00,0.00,0.00,0,0,0,0,0,5.5,98,79,14.9,16.9,0,0.00,1038.1,1022.8
2019-12-29T23:00,-2.4,0.00,75,-6.3,-6.3,0.00,0.00,0.00,0,0,0,0,0,6.9,104,96,17.5,13.7,0,0.00,1038.0,1022.7
2019-12-30T00:00,-2.2,0.00,72,-6.5,-6.5,0.00,0.00,0.00,0,0,0,0,0,9.1,104,99,21.5,18.7,0,0.00,1037.8,1022.5
2019-12-30T01:00,-2.0,0.00,79,-5.1,-6.0,0.00,0.00,0.00,0,0,25,0,0,7.8,105,103,19.0,19.4,0,0.00,1038.0,1022.7
2019-12-30T02:00,-2.0,0.00,79,-5.2,-5.9,0.00,0.00,0.00,0,0,0,0,0,7.4,106,104,19.5,16.2,0,0.00,1037.7,1022.4
2019-12-30T03:00,-2.0,0.00,79,-5.2,-6.0,0.00,0.00,0.00,0,0,0,0,0,7.7,107,101,19.6,15.8,0,0.00,1037.7,1022.4
2019-12-30T04:00,-1.8,0.00,77,-5.3,-6.1,0.00,0.00,0.00,0,0,0,0,0,10.0,110,105,22.2,20.2,0,0.00,1036.9,1021.6
2019-12-30T05:00,-1.5,0.00,74,-5.5,-5.8,0.00,0.00,0.00,1,30,30,0,0,9.8,112,107,22.9,22.0,0,0.00,1036.5,1021.3
2019-12-30T06:00,-2.3,0.00,79,-5.4,-6.0,0.00,0.00,0.00,1,47,47,0,0,5.7,113,108,15.6,20.5,0,0.00,1036.0,1020.7
2019-12-30T07:00,-2.1,0.00,77,-5.6,-5.7,0.00,0.00,0.00,0,18,17,0,0,5.3,121,118,15.5,11.5,0,0.00,1035.7,1020.4
2019-12-30T08:00,-2.9,0.00,82,-5.5,-6.6,0.00,0.00,0.00,1,31,31,0,1,6.1,126,118,12.9,11.9,0,0.00,1035.6,1020.3
2019-12-30T09:00,-1.9,0.00,81,-4.7,-5.1,0.00,0.00,0.00,2,60,60,0,1,3.4,129,122,9.7,11.2,1,4.66,1035.9,1020.6
2019-12-30T10:00,0.2,0.00,69,-4.8,-3.4,0.00,0.00,0.00,1,22,20,0,2,5.6,131,140,12.5,13.3,1,3542.67,1035.8,1020.7
2019-12-30T11:00,1.9,0.00,63,-4.4,-1.4,0.00,0.00,0.00,0,4,0,0,4,4.0,156,180,6.3,14.0,1,3600.00,1035.6,1020.6
2019-12-30T12:00,2.9,0.00,61,-3.9,-0.0,0.00,0.00,0.00,0,5,0,0,5,2.1,188,211,2.5,12.6,1,3600.00,1035.1,1020.1
2019-12-30T13:00,3.6,0.00,57,-4.1,0.6,0.00,0.00,0.00,0,7,49,0,2,2.3,196,219,2.6,10.4,1,3600.00,1035.0,1020.1
2019-12-30T14:00,3.9,0.00,55,-4.3,0.7,0.00,0.00,0.00,1,38,37,0,2,3.5,190,204,4.0,11.5,1,3600.00,1034.4,1019.5
2019-12-30T15:00,3.3,0.00,57,-4.3,-0.1,0.00,0.00,0.00,0,4,0,1,4,4.6,183,198,7.6,11.5,1,3600.00,1033.9,1019.0
2019-12-30T16:00,-0.3,0.00,76,-4.0,-4.0,0.00,0.00,0.00,0,7,0,0,7,6.6,189,229,7.3,10.4,1,3265.24,1033.8,1018.7
2019-12-30T17:00,-2.4,0.00,84,-4.7,-6.3,0.00,0.00,0.00,1,36,24,7,11,8.1,185,201,8.3,11.5,0,0.00,1033.9,1018.6
2019-12-30T18:00,-1.7,0.00,85,-3.9,-5.2,0.00,0.00,0.00,1,24,0,18,7,5.7,186,162,13.8,12.2,0,0.00,1033.3,1018.1
2019-12-30T19:00,-2.1,0.00,86,-4.2,-5.6,0.00,0.00,0.00,2,57,0,56,2,5.2,204,155,12.6,11.9,0,0.00,1033.4,1018.2
2019-12-30T20:00,-1.3,0.00,82,-4.0,-4.9,0.00,0.00,0.00,1,31,0,28,3,5.8,196,150,13.5,11.9,0,0.00,1033.2,1018.0
2019-12-30T21:00,-1.2,0.00,80,-4.3,-5.2,0.00,0.00,0.00,1,20,7,11,4,8.8,187,145,18.1,17.3,0,0.00,1032.8,1017.6
2019-12-30T22:00,-1.3,0.00,82,-3.9,-5.1,0.00,0.00,0.00,0,3,0,0,3,7.7,193,152,18.9,18.4,0,0.00,1032.4,1017.2
2019-12-30T23:00,-1.7,0.00,83,-4.2,-5.3,0.00,0.00,0.00,0,2,0,0,2,6.2,203,159,16.8,16.2,0,0.00,1032.6,1017.4
2019-12-31T00:00,-1.4,0.00,84,-3.8,-5.1,0.00,0.00,0.00,0,1,0,0,1,6.6,200,158,16.9,14.0,0,0.00,1032.4,1017.2
2019-12-31T01:00,-1.1,0.00,88,-2.8,-4.7,0.00,0.00,0.00,0,0,0,0,1,7.3,215,189,19.7,13.3,0,0.00,1032.6,1017.4
2019-12-31T02:00,-0.9,0.00,88,-2.6,-4.7,0.00,0.00,0.00,0,5,5,0,0,9.3,215,196,23.8,19.8,0,0.00,1032.4,1017.2
2019-12-31T03:00,-1.0,0.00,88,-2.7,-4.9,0.00,0.00,0.00,0,0,0,0,0,9.7,221,207,24.8,20.2,0,0.00,1032.8,1017.6
2019-12-31T04:00,-0.8,0.00,88,-2.6,-4.9,0.00,0.00,0.00,0,0,0,0,0,10.8,223,210,26.2,23.4,0,0.00,1032.8,1017.6
2019-12-31T05:00,-0.9,0.00,87,-2.8,-4.8,0.00,0.00,0.00,0,0,0,0,0,9.7,224,207,25.0,23.0,0,0.00,1032.7,1017.5
2019-12-31T06:00,-0.8,0.00,85,-2.9,-4.6,0.00,0.00,0.00,0,0,0,0,0,9.0,224,209,24.7,21.2,0,0.00,1032.0,1016.9
2019-12-31T07:00,-0.8,0.00,85,-3.0,-4.6,0.00,0.00,0.00,0,4,4,0,0,8.4,226,205,22.1,20.2,0,0.00,1032.2,1017.1
2019-12-31T08:00,-2.1,0.00,87,-3.9,-5.9,0.00,0.00,0.00,3,89,89,0,0,7.2,232,207,16.9,18.0,0,0.00,1032.4,1017.2
2019-12-31T09:00,0.4,0.00,80,-2.7,-2.8,0.00,0.00,0.00,3,96,96,0,0,4.6,277,231,8.7,14.4,1,0.00,1033.8,1018.7
2019-12-31T10:00,1.1,0.00,77,-2.5,-1.7,0.00,0.00,0.00,3,91,87,31,0,2.0,317,225,7.9,9.7,1,3544.13,1034.5,1019.4
2019-12-31T11:00,2.6,0.00,70,-2.4,-0.2,0.00,0.00,0.00,3,94,81,85,0,2.4,247,207,5.5,10.4,1,3600.00,1034.6,1019.6
2019-12-31T12:00,3.6,0.00,63,-2.8,0.9,0.00,0.00,0.00,2,67,66,1,0,1.6,252,243,2.3,9.4,1,3600.00,1034.3,1019.4
2019-12-31T13:00,4.3,0.00,66,-1.5,1.7,0.00,0.00,0.00,2,72,92,0,26,1.8,261,259,2.2,10.1,1,3600.00,1034.7,1019.8
2019-12-31T14:00,4.3,0.00,66,-1.5,1.7,0.00,0.00,0.00,3,97,94,0,50,1.8,270,270,2.5,9.0,1,3600.00,1034.6,1019.7
2019-12-31T15:00,3.6,0.00,70,-1.4,1.1,0.00,0.00,0.00,2,79,10,1,77,1.3,45,304,0.5,7.6,1,3600.00,1034.7,1019.8
2019-12-31T16:00,3.2,0.00,72,-1.4,0.4,0.00,0.00,0.00,3,90,0,0,90,2.6,346,344,1.5,5.0,1,1864.69,1034.8,1019.8
2019-12-31T17:00,0.9,0.00,84,-1.5,-2.2,0.00,0.00,0.00,3,100,0,0,100,5.2,12,25,5.2,8.3,0,0.00,1035.0,1019.9
2019-12-31T18:00,1.4,0.00,80,-1.6,-1.5,0.00,0.00,0.00,3,100,0,0,100,3.3,43,49,6.4,7.9,0,0.00,1035.0,1019.9
2019-12-31T19:00,1.0,0.00,83,-1.5,-1.9,0.00,0.00,0.00,3,100,0,0,100,3.9,72,68,8.0,8.3,0,0.00,1035.5,1020.4
2019-12-31T20:00,1.4,0.00,82,-1.4,-1.7,0.00,0.00,0.00,3,100,0,0,100,5.2,95,74,12.3,10.8,0,0.00,1036.0,1020.9
2019-12-31T21:00,1.6,0.00,82,-1.1,-1.6,0.00,0.00,0.00,3,100,0,0,100,6.5,96,84,17.0,13.7,0,0.00,1035.9,1020.8
2019-12-31T22:00,1.3,0.00,87,-0.7,-2.1,0.00,0.00,0.00,3,94,0,0,94,7.6,95,90,18.8,15.5,0,0.00,1036.0,1020.9
2019-12-31T23:00,0.8,0.00,90,-0.6,-2.6,0.00,0.00,0.00,2,61,0,0,61,7.6,93,85,19.1,15.8,0,0.00,1035.9,1020.8
2020-01-01T00:00,-0.1,0.00,90,-1.5,-3.6,0.00,0.00,0.00,1,23,0,0,23,7.6,93,82,20.2,15.8,0,0.00,1035.9,1020.7
2020-01-01T01:00,0.5,0.00,91,-0.9,-2.9,0.00,0.00,0.00,0,11,0,0,49,7.6,103,90,18.5,16.2,0,0.00,1035.4,1020.3
2020-01-01T02:00,0.6,0.00,90,-0.8,-2.8,0.00,0.00,0.00,1,44,0,0,44,7.8,96,77,18.1,16.2,0,0.00,1035.0,1019.9
2020-01-01T03:00,0.1,0.00,90,-1.4,-3.4,0.00,0.00,0.00,1,27,0,0,27,7.8,92,77,20.2,16.6,0,0.00,1035.0,1019.9
2020-01-01T04:00,-0.0,0.00,89,-1.6,-3.4,0.00,0.00,0.00,1,25,0,0,25,6.8,97,90,20.0,16.2,0,0.00,1034.8,1019.7
2020-01-01T05:00,-0.5,0.00,90,-1.9,-3.8,0.00,0.00,0.00,1,27,0,0,27,6.2,100,97,19.0,14.8,0,0.00,1034.5,1019.3
2020-01-01T06:00,-0.3,0.00,89,-1.9,-3.8,0.00,0.00,0.00,1,25,0,0,25,7.6,94,85,20.9,15.8,0,0.00,1034.4,1019.3
2020-01-01T07:00,-0.3,0.00,89,-2.0,-3.8,0.00,0.00,0.00,1,21,0,0,21,7.2,101,96,20.9,16.9,0,0.00,1034.1,1019.0
2020-01-01T08:00,-0.9,0.00,90,-2.4,-4.3,0.00,0.00,0.00,0,16,0,0,16,5.9,108,104,18.2,15.8,0,0.00,1034.1,1018.9
2020-01-01T09:00,-0.4,0.00,90,-1.8,-3.8,0.00,0.00,0.00,0,9,0,0,9,6.9,98,81,18.2,14.0,1,4.13,1034.5,1019.3
2020-01-01T10:00,1.5,0.00,87,-0.5,-2.2,0.00,0.00,0.00,0,5,0,0,5,10.1,96,90,19.9,19.4,1,3548.91,1034.5,1019.4
2020-01-01T11:00,3.3,0.00,81,0.4,-0.2,0.00,0.00,0.00,0,4,0,0,4,9.3,103,103,16.6,21.6,1,3600.00,1034.6,1019.6
2020-01-01T12:00,4.4,0.00,78,0.9,1.5,0.00,0.00,0.00,0,3,0,0,3,6.4,113,117,10.2,21.2,1,3600.00,1033.8,1018.9
2020-01-01T13:00,5.1,0.00,78,1.5,2.3,0.00,0.00,0.00,0,3,0,0,37,6.1,130,135,8.4,16.9,1,3600.00,1033.9,1019.0
2020-01-01T14:00,5.6,0.00,74,1.3,2.8,0.00,0.00,0.00,0,6,0,0,6,6.2,109,111,8.8,16.9,1,3600.00,1033.5,1018.7
2020-01-01T15:00,4.9,0.00,79,1.5,2.4,0.00,0.00,0.00,0,2,0,0,2,4.0,105,90,7.1,15.1,1,3600.00,1033.0,1018.1
2020-01-01T16:00,4.4,0.00,81,1.4,1.8,0.00,0.00,0.00,0,2,0,0,2,4.6,93,45,7.6,8.3,1,3389.30,1033.1,1018.2
2020-01-01T17:00,2.8,0.00,90,1.3,0.5,0.00,0.00,0.00,0,1,0,0,1,2.4,166,243,4.5,8.3,0,0.00,1033.4,1018.4
2020-01-01T18:00,1.4,0.00,96,0.8,-1.5,0.00,0.00,0.00,0,3,0,0,3,5.6,232,220,6.4,9.0,0,0.00,1033.5,1018.5
2020-01-01T19:00,-1.1,0.00,99,-1.3,-4.2,0.00,0.00,0.00,1,49,0,0,49,5.4,239,200,4.2,9.4,0,0.00,1033.6,1018.4
2020-01-01T20:00,-2.2,0.00,97,-2.6,-5.2,0.00,0.00,0.00,3,88,0,0,88,3.5,122,156,3.4,9.0,0,0.00,1033.3,1018.1
2020-01-01T21:00,-2.5,0.00,98,-2.7,-5.8,0.00,0.00,0.00,2,77,0,0,77,5.4,125,143,7.0,9.0,0,0.00,1033.2,1017.9
2020-01-01T22:00,-2.6,0.00,98,-2.9,-5.9,0.00,0.00,0.00,2,61,0,0,61,4.9,129,163,7.4,9.4,0,0.00,1033.3,1018.0
2020-01-01T23:00,-3.1,0.00,97,-3.4,-6.4,0.00,0.00,0.00,3,100,0,0,100,4.7,147,180,7.3,8.6,0,0.00,1033.1,1017.8
2020-01-02T00:00,-3.1,0.00,97,-3.4,-6.3,0.00,0.00,0.00,3,100,0,0,100,4.0,177,190,6.8,8.3,0,0.00,1033.0,1017.7
2020-01-02T01:00,-1.9,0.00,98,-2.2,-5.0,0.00,0.00,0.00,3,100,0,0,100,4.4,211,215,6.3,7.6,0,0.00,1033.0,1017.8
2020-01-02T02:00,-1.6,0.00,98,-1.9,-4.3,0.00,0.00,0.00,3,100,0,0,100,2.4,205,153,5.2,10.8,0,0.00,1032.6,1017.4
2020-01-02T03:00,-1.1,0.00,98,-1.4,-4.0,0.00,0.00,0.00,3,100,0,0,100,3.4,188,162,5.4,9.4,0,0.00,1032.8,1017.6
2020-01-02T04:00,-0.9,0.00,99,-1.1,-3.9,0.00,0.00,0.00,3,100,0,0,100,4.9,175,163,8.0,12.2,0,0.00,1032.5,1017.3
2020-01-02T05:00,-0.6,0.00,99,-0.8,-3.7,0.00,0.00,0.00,3,100,0,0,100,5.6,188,165,9.8,13.0,0,0.00,1032.0,1016.9
2020-01-02T06:00,-0.3,0.00,99,-0.4,-3.3,0.00,0.00,0.00,3,100,0,0,100,5.0,195,159,10.0,12.6,0,0.00,1031.9,1016.8
2020-01-02T07:00,-0.0,0.00,99,-0.1,-2.9,0.00,0.00,0.00,3,100,0,0,100,5.2,193,146,9.6,11.5,0,0.00,1031.6,1016.5
2020-01-02T08:00,0.2,0.00,100,0.1,-2.7,0.00,0.00,0.00,3,100,0,0,100,5.4,182,143,9.7,11.2,0,0.00,1031.7,1016.6
2020-01-02T09:00,0.3,0.00,99,0.2,-2.8,0.00,0.00,0.00,3,100,0,0,100,7.1,165,150,10.8,14.8,1,0.00,1032.1,1017.0
2020-01-02T10:00,0.6,0.00,98,0.2,-2.6,0.00,0.00,0.00,3,100,0,0,100,7.1,153,150,10.5,16.6,1,0.00,1032.3,1017.2
2020-01-02T11:00,1.1,0.00,94,0.3,-2.1,0.00,0.00,0.00,3,100,0,0,100,7.4,142,141,10.0,17.3,1,0.00,1032.2,1017.2
2020-01-02T12:00,1.8,0.00,90,0.4,-1.3,0.00,0.00,0.00,3,96,0,0,96,7.4,139,137,10.0,17.6,1,0.00,1031.5,1016.5
2020-01-02T13:00,1.4,0.00,89,-0.1,-1.9,0.00,0.00,0.00,1,31,0,0,100,8.2,139,139,11.5,18.7,1,3600.00,1031.1,1016.1
2020-01-02T14:00,1.8,0.00,87,-0.1,-1.4,0.00,0.00,0.00,3,98,0,0,98,7.2,153,153,10.1,18.0,1,0.00,1030.3,1015.3
2020-01-02T15:00,1.8,0.00,88,-0.1,-1.5,0.00,0.00,0.00,2,68,0,1,68,7.9,123,114,14.6,16.6,1,0.00,1029.6,1014.6
2020-01-02T16:00,1.3,0.00,90,-0.2,-1.9,0.00,0.00,0.00,1,37,0,1,37,7.1,138,139,16.1,17.3,1,2548.63,1029.3,1014.3
2020-01-02T17:00,-0.5,0.00,93,-1.4,-4.0,0.00,0.00,0.00,2,79,46,62,46,8.4,137,121,18.1,16.6,0,0.00,1029.5,1014.4
2020-01-02T18:00,-0.5,0.00,94,-1.3,-4.1,0.00,0.00,0.00,3,100,0,6,100,8.6,138,112,16.6,17.6,0,0.00,1029.2,1014.1
2020-01-02T19:00,0.4,0.00,93,-0.7,-3.1,0.00,0.00,0.00,2,60,0,17,57,8.7,140,114,16.4,17.6,0,0.00,1028.8,1013.8
2020-01-02T20:00,-0.2,0.00,93,-1.1,-3.6,0.00,0.00,0.00,2,67,0,58,41,7.9,145,114,15.0,16.9,0,0.00,1028.6,1013.5
2020-01-02T21:00,0.2,0.00,93,-0.9,-3.3,0.00,0.00,0.00,3,83,0,81,76,8.0,157,117,13.7,16.6,0,0.00,1028.2,1013.2
2020-01-02T22:00,0.6,0.00,92,-0.5,-2.7,0.00,0.00,0.00,3,98,0,98,67,7.7,169,127,14.7,17.3,0,0.00,1027.8,1012.8
2020-01-02T23:00,0.9,0.00,91,-0.3,-2.5,0.00,0.00,0.00,3,95,0,93,71,8.7,178,135,16.6,18.0,0,0.00,1027.6,1012.6
2020-01-03T00:00,1.1,0.00,91,-0.1,-2.3,0.00,0.00,0.00,2,58,0,25,53,8.7,188,150,18.2,18.7,0,0.00,1027.4,1012.4
2020-01-03T01:00,1.0,0.00,94,0.1,-2.6,0.00,0.00,0.00,3,95,97,81,74,10.2,168,129,19.1,19.8,0,0.00,1027.4,1012.4
2020-01-03T02:00,1.5,0.00,92,0.3,-1.9,0.00,0.00,0.00,3,99,82,93,95,8.5,184,152,19.1,20.9,0,0.00,1026.8,1011.9
2020-01-03T03:00,2.1,0.00,90,0.6,-1.0,0.00,0.00,0.00,3,97,40,38,95,7.3,204,169,17.7,19.8,0,0.00,1026.5,1011.6
2020-01-03T04:00,2.3,0.00,90,0.9,-0.9,0.00,0.00,0.00,3,91,64,41,78,8.6,208,178,19.5,19.4,0,0.00,1026.0,1011.1
2020-01-03T05:00,2.5,0.00,90,1.1,-0.8,0.00,0.00,0.00,3,89,86,4,24,9.4,206,178,21.3,21.6,0,0.00,1025.6,1010.7
2020-01-03T06:00,2.0,0.00,91,0.7,-1.5,0.00,0.00,0.00,2,75,63,59,3,10.1,204,178,23.2,22.7,0,0.00,1025.0,1010.1
2020-01-03T07:00,1.7,0.00,90,0.3,-1.9,0.00,0.00,0.00,0,3,0,0,3,10.2,196,172,23.6,23.8,0,0.00,1024.3,1009.4
2020-01-03T08:00,1.5,0.00,88,-0.2,-2.1,0.00,0.00,0.00,3,97,77,90,3,9.7,203,176,23.9,23.4,0,0.00,1024.5,1009.6
2020-01-03T09:00,2.5,0.00,88,0.7,-1.0,0.00,0.00,0.00,2,79,71,70,4,10.5,213,196,24.8,25.2,1,0.00,1024.6,1009.7
2020-01-03T10:00,3.6,0.00,85,1.3,-0.1,0.00,0.00,0.00,3,97,95,93,10,12.5,224,213,25.0,28.1,1,3568.36,1024.8,1010.0
2020-01-03T11:00,4.9,0.00,82,2.0,1.0,0.00,0.00,0.00,3,100,99,100,41,14.3,229,219,26.8,31.7,1,3287.69,1024.9,1010.2
2020-01-03T12:00,5.7,0.00,82,2.9,1.5,0.00,0.00,0.00,3,100,82,100,100,17.6,231,227,31.0,37.8,1,0.00,1024.2,1009.5
2020-01-03T13:00,6.1,0.00,85,3.7,1.9,0.00,0.00,0.00,3,98,14,94,98,18.4,225,222,32.3,42.1,1,0.00,1023.8,1009.1
2020-01-03T14:00,6.3,0.10,86,4.1,2.1,0.10,0.00,0.00,51,99,0,99,98,18.9,225,222,33.3,41.8,1,0.00,1023.5,1008.9
2020-01-03T15:00,6.4,0.10,88,4.6,2.4,0.10,0.00,0.00,51,100,0,14,100,18.4,224,222,32.1,41.4,1,0.00,1023.6,1009.0
2020-01-03T16:00,6.6,0.00,91,5.2,2.8,0.00,0.00,0.00,3,98,0,41,97,18.4,226,222,32.6,39.6,1,0.00,1024.1,1009.5
2020-01-03T17:00,7.2,0.00,91,5.9,3.2,0.00,0.00,0.00,3,100,0,66,100,20.1,226,223,35.1,43.9,0,0.00,1024.2,1009.6
2020-01-03T18:00,7.5,0.00,91,6.1,3.5,0.00,0.00,0.00,3,97,0,50,96,20.7,231,229,36.3,45.0,0,0.00,1024.1,1009.5
2020-01-03T19:00,7.5,0.00,90,6.0,3.5,0.00,0.00,0.00,3,100,21,72,99,20.6,235,234,36.0,46.1,0,0.00,1024.2,1009.6
2020-01-03T20:00,7.4,0.00,91,6.1,3.5,0.00,0.00,0.00,3,99,95,91,88,20.2,233,230,35.5,45.0,0,0.00,1024.5,1009.9
2020-01-03T21:00,7.5,0.00,91,6.2,3.5,0.00,0.00,0.00,3,100,98,86,97,21.1,239,237,36.7,45.7,0,0.00,1024.7,1010.1
2020-01-03T22:00,7.6,0.10,91,6.3,3.6,0.10,0.00,0.00,51,99,66,95,98,20.7,240,239,36.1,46.1,0,0.00,1025.1,1010.5
2020-01-03T23:00,7.5,0.20,93,6.4,4.0,0.20,0.00,0.00,51,100,0,96,100,17.5,242,238,31.1,44.6,0,0.00,1025.9,1011.3
2020-01-04T00:00,7.3,0.70,95,6.6,4.4,0.70,0.00,0.00,53,100,0,100,100,13.9,257,253,26.6,37.4,0,0.00,1026.5,1011.9
2020-01-04T01:00,7.4,1.10,94,6.5,4.3,1.10,0.00,0.00,55,100,0,100,100,15.1,315,310,27.5,33.8,0,0.00,1027.6,1013.0
2020-01-04T02:00,6.3,0.00,92,5.1,3.3,0.00,0.00,0.00,3,100,14,100,100,12.3,324,320,21.9,33.5,0,0.00,1028.4,1013.7
2020-01-04T03:00,6.0,0.00,92,4.7,2.7,0.00,0.00,0.00,3,100,90,85,97,13.4,328,324,24.1,28.8,0,0.00,1029.0,1014.3
2020-01-04T04:00,5.4,0.00,93,4.3,2.3,0.00,0.00,0.00,3,99,98,15,44,11.5,328,321,21.7,29.2,0,0.00,1029.4,1014.6
2020-01-04T05:00,4.4,0.00,94,3.5,1.5,0.00,0.00,0.00,0,12,0,5,12,9.2,318,312,19.9,25.2,0,0.00,1029.9,1015.1
2020-01-04T06:00,2.4,0.00,97,1.9,-0.3,0.00,0.00,0.00,0,8,5,2,3,6.5,308,304,18.2,20.2,0,0.00,1030.0,1015.1
2020-01-04T07:00,1.2,0.00,96,0.7,-1.6,0.00,0.00,0.00,2,78,77,0,2,5.6,299,297,16.9,15.1,0,0.00,1030.6,1015.6
2020-01-04T08:00,0.7,0.00,96,0.1,-2.3,0.00,0.00,0.00,3,95,94,0,34,5.9,287,281,17.7,14.0,0,0.00,1031.2,1016.2
2020-01-04T09:00,1.7,0.00,94,0.9,-1.1,0.00,0.00,0.00,3,92,90,2,21,5.9,272,256,17.3,14.4,1,0.00,1031.6,1016.6
2020-01-04T10:00,3.0,0.00,92,1.9,-0.2,0.00,0.00,0.00,3,88,88,0,1,9.3,265,254,18.1,19.4,1,3583.03,1032.0,1017.1
2020-01-04T11:00,4.1,0.00,89,2.4,0.9,0.00,0.00,0.00,2,72,57,1,36,10.0,253,244,15.8,22.7,1,3600.00,1032.3,1017.4
2020-01-04T12:00,5.0,0.00,82,2.2,1.3,0.00,0.00,0.00,2,59,23,15,46,13.0,251,251,18.7,27.7,1,3600.00,1031.7,1016.9
2020-01-04T13:00,5.9,0.00,75,1.9,1.5,0.00,0.00,0.00,3,96,33,100,85,17.9,253,255,26.3,36.7,1,3600.00,1031.9,1017.1
2020-01-04T14:00,5.2,0.00,81,2.3,1.3,0.00,0.00,0.00,3,99,0,98,73,14.8,259,256,24.6,38.9,1,0.00,1031.6,1016.8
2020-01-04T15:00,5.2,0.00,81,2.1,1.0,0.00,0.00,0.00,3,93,32,91,29,16.2,260,257,27.4,35.3,1,0.00,1031.3,1016.5
2020-01-04T16:00,5.0,0.00,80,1.9,0.9,0.00,0.00,0.00,3,99,2,98,74,15.6,259,255,26.8,35.6,1,499.63,1031.7,1016.9
2020-01-04T17:00,4.7,0.00,81,1.7,0.6,0.00,0.00,0.00,3,100,13,99,87,14.8,256,252,26.0,34.2,0,0.00,1032.1,1017.3
2020-01-04T18:00,4.7,0.00,81,1.7,0.9,0.00,0.00,0.00,3,100,0,92,99,13.3,257,251,23.7,32.0,0,0.00,1032.5,1017.6
2020-01-04T19:00,4.7,0.00,82,1.9,0.9,0.00,0.00,0.00,3,100,0,52,100,13.4,256,250,23.7,29.2,0,0.00,1032.9,1018.0
2020-01-04T20:00,4.8,0.00,83,2.1,1.0,0.00,0.00,0.00,3,100,0,78,100,13.7,250,243,24.1,29.5,0,0.00,1033.4,1018.5
2020-01-04T21:00,4.9,0.00,84,2.4,1.0,0.00,0.00,0.00,3,100,0,43,100,14.3,247,242,25.5,31.0,0,0.00,1033.8,1018.9
2020-01-04T22:00,4.8,0.00,85,2.5,1.0,0.00,0.00,0.00,3,98,0,12,98,14.3,246,242,26.0,31.0,0,0.00,1033.7,1018.8
2020-01-04T23:00,4.6,0.00,87,2.6,0.9,0.00,0.00,0.00,3,100,0,31,100,13.8,247,242,25.5,30.2,0,0.00,1034.2,1019.3
2020-01-05T00:00,4.6,0.00,87,2.6,1.0,0.00,0.00,0.00,3,100,0,91,100,12.5,242,237,23.7,29.2,0,0.00,1034.7,1019.8
2020-01-05T01:00,5.1,0.10,82,2.3,1.5,0.10,0.00,0.00,51,100,0,100,100,12.2,251,246,23.2,26.6,0,0.00,1034.8,1019.9
2020-01-05T02:00,5.1,0.10,85,2.7,1.9,0.10,0.00,0.00,51,100,0,90,100,10.5,259,254,20.2,26.3,0,0.00,1035.1,1020.2
2020-01-05T03:00,4.9,0.00,87,2.9,2.0,0.00,0.00,0.00,3,100,0,93,100,8.2,264,255,17.0,22.3,0,0.00,1035.4,1020.5
2020-01-05T04:00,4.8,0.10,89,3.1,2.2,0.10,0.00,0.00,51,100,0,98,100,6.8,265,252,15.2,17.6,0,0.00,1035.8,1020.9
2020-01-05T05:00,4.7,0.10,90,3.2,2.3,0.10,0.00,0.00,51,100,0,96,100,5.2,268,236,11.5,15.1,0,0.00,1036.1,1021.2
2020-01-05T06:00,4.5,0.10,92,3.4,2.2,0.10,0.00,0.00,51,100,0,71,100,5.1,256,219,10.4,11.5,0,0.00,1035.6,1020.7
2020-01-05T07:00,4.4,0.00,94,3.5,2.1,0.00,0.00,0.00,3,100,0,42,100,5.2,245,214,10.3,10.8,0,0.00,1035.9,1021.0
2020-01-05T08:00,4.4,0.00,94,3.5,2.1,0.00,0.00,0.00,3,100,0,57,100,5.6,235,207,11.4,10.8,0,0.00,1036.0,1021.1
2020-01-05T09:00,4.4,0.00,95,3.6,2.1,0.00,0.00,0.00,3,100,0,69,100,5.4,229,200,10.5,10.4,1,0.00,1036.5,1021.6
2020-01-05T10:00,4.6,0.00,94,3.8,2.3,0.00,0.00,0.00,3,100,0,42,100,6.0,226,205,10.9,11.5,1,0.00,1036.6,1021.7
2020-01-05T11:00,4.9,0.00,93,3.8,2.6,0.00,0.00,0.00,3,100,0,21,100,5.6,216,207,9.8,12.2,1,0.00,1037.0,1022.1
2020-01-05T12:00,5.0,0.00,91,3.7,2.6,0.00,0.00,0.00,3,100,0,12,100,6.6,213,209,9.9,14.8,1,0.00,1036.8,1021.9
2020-01-05T13:00,4.9,0.00,94,4.0,2.8,0.00,0.00,0.00,3,100,0,14,100,4.8,227,222,7.4,16.2,1,0.00,1036.9,1022.0
2020-01-05T14:00,5.3,0.00,91,4.0,3.1,0.00,0.00,0.00,3,100,0,10,100,4.9,221,216,7.1,12.6,1,0.00,1036.5,1021.6
2020-01-05T15:00,5.3,0.00,92,4.1,3.3,0.00,0.00,0.00,3,99,0,11,99,4.2,209,200,6.6,11.9,1,0.00,1036.5,1021.6
2020-01-05T16:00,5.2,0.00,93,4.2,3.3,0.00,0.00,0.00,3,97,0,7,97,3.3,193,167,6.3,9.7,1,0.00,1036.6,1021.7
2020-01-05T17:00,4.7,0.00,95,4.0,2.8,0.00,0.00,0.00,1,46,0,2,45,2.7,186,157,6.5,6.5,0,0.00,1036.5,1021.6
2020-01-05T18:00,3.6,0.00,97,3.1,1.4,0.00,0.00,0.00,1,23,0,0,23,4.1,173,135,8.4,7.9,0,0.00,1036.0,1021.0
2020-01-05T19:00,2.9,0.00,97,2.5,0.5,0.00,0.00,0.00,0,15,0,0,15,4.9,160,126,10.4,9.4,0,0.00,1036.1,1021.1
2020-01-05T20:00,2.1,0.00,98,1.8,-0.5,0.00,0.00,0.00,1,35,0,0,35,5.0,150,111,12.1,10.4,0,0.00,1035.9,1020.9
2020-01-05T21:00,1.9,0.00,98,1.5,-0.7,0.00,0.00,0.00,1,47,0,0,47,4.7,132,86,9.7,10.4,0,0.00,1035.7,1020.6
2020-01-05T22:00,2.1,0.00,97,1.7,-0.6,0.00,0.00,0.00,1,49,27,0,31,6.1,118,87,11.4,12.6,0,0.00,1035.0,1020.0
2020-01-05T23:00,2.1,0.00,96,1.6,-0.8,0.00,0.00,0.00,2,53,48,0,9,6.6,126,99,14.2,13.7,0,0.00,1034.7,1019.7
2020-01-06T00:00,1.6,0.00,96,1.1,-1.2,0.00,0.00,0.00,2,56,52,0,9,5.9,133,104,13.8,13.7,0,0.00,1034.4,1019.4
2020-01-06T01:00,1.9,0.00,97,1.5,-1.1,0.00,0.00,0.00,2,61,47,0,6,8.0,122,98,15.7,12.6,0,0.00,1033.8,1018.8
2020-01-06T02:00,1.6,0.00,96,1.1,-1.3,0.00,0.00,0.00,2,67,66,0,1,6.7,122,106,17.0,15.8,0,0.00,1033.4,1018.4
2020-01-06T03:00,1.3,0.00,96,0.7,-1.7,0.00,0.00,0.00,2,61,61,0,0,7.1,118,105,17.9,14.8,0,0.00,1033.0,1018.0
2020-01-06T04:00,1.0,0.00,96,0.4,-1.9,0.00,0.00,0.00,1,35,35,0,0,5.5,116,101,16.4,14.8,0,0.00,1032.6,1017.5
2020-01-06T05:00,0.1,0.00,95,-0.5,-3.0,0.00,0.00,0.00,2,55,55,0,0,6.1,113,90,12.9,11.5,0,0.00,1032.2,1017.1
2020-01-06T06:00,-0.1,0.00,95,-0.8,-3.2,0.00,0.00,0.00,1,25,25,0,0,5.9,115,104,11.9,10.1,0,0.00,1031.8,1016.7
2020-01-06T07:00,-0.3,0.00,95,-1.1,-3.4,0.00,0.00,0.00,0,6,6,0,0,5.4,120,127,12.1,9.4,0,0.00,1031.7,1016.6
2020-01-06T08:00,-0.6,0.00,94,-1.4,-3.5,0.00,0.00,0.00,0,0,0,0,0,4.2,134,149,10.9,9.4,0,0.00,1031.9,1016.8
2020-01-06T09:00,-0.7,0.00,95,-1.4,-3.7,0.00,0.00,0.00,0,4,0,0,4,4.0,144,153,10.3,9.4,1,1.50,1032.1,1017.0
2020-01-06T10:00,0.4,0.00,92,-0.8,-2.7,0.00,0.00,0.00,2,75,0,0,75,6.0,147,155,8.6,13.3,1,3600.00,1031.9,1016.8
2020-01-06T11:00,1.0,0.00,96,0.5,-1.8,0.00,0.00,0.00,3,100,0,0,100,4.9,155,163,6.8,15.1,1,3600.00,1031.2,1016.2
2020-01-06T12:00,1.4,0.00,97,1.0,-1.2,0.00,0.00,0.00,3,100,0,0,100,4.4,165,171,5.6,14.8,1,3600.00,1030.5,1015.5
2020-01-06T13:00,1.1,0.00,98,0.8,-1.7,0.00,0.00,0.00,3,100,0,0,100,5.1,170,176,6.2,15.5,1,3600.00,1029.9,1014.9
2020-01-06T14:00,1.1,0.00,96,0.6,-1.5,0.00,0.00,0.00,3,100,0,0,100,4.0,164,175,5.2,15.8,1,0.00,1028.9,1013.9
2020-01-06T15:00,1.1,0.00,96,0.5,-1.8,0.00,0.00,0.00,3,100,0,0,100,5.9,164,166,7.9,15.5,1,0.00,1028.7,1013.7
2020-01-06T16:00,0.8,0.00,98,0.5,-2.1,0.00,0.00,0.00,3,100,0,0,100,5.6,158,153,7.8,15.8,1,0.00,1028.4,1013.4
2020-01-06T17:00,0.1,0.00,100,0.0,-2.7,0.00,0.00,0.00,3,92,0,0,92,4.2,151,121,8.2,12.6,0,0.00,1027.9,1012.9
2020-01-06T18:00,-0.6,0.00,100,-0.7,-3.6,0.00,0.00,0.00,2,79,0,0,79,4.9,167,107,9.3,10.1,0,0.00,1027.2,1012.1
2020-01-06T19:00,-0.7,0.00,99,-0.8,-3.8,0.00,0.00,0.00,3,100,0,0,100,6.2,173,111,12.0,13.0,0,0.00,1026.6,1011.5
2020-01-06T20:00,-0.6,0.00,97,-1.0,-3.7,0.00,0.00,0.00,1,43,0,0,43,5.5,175,113,13.0,13.0,0,0.00,1026.3,1011.3
2020-01-06T21:00,-0.1,0.00,94,-1.0,-3.2,0.00,0.00,0.00,1,44,4,0,42,5.9,180,128,14.0,13.7,0,0.00,1026.2,1011.2
2020-01-06T22:00,0.0,0.00,94,-0.9,-3.3,0.00,0.00,0.00,1,27,11,0,18,7.4,189,137,16.0,16.6,0,0.00,1025.7,1010.7
2020-01-06T23:00,0.1,0.00,94,-0.8,-3.5,0.00,0.00,0.00,1,22,17,0,5,8.9,191,148,19.1,19.8,0,0.00,1025.2,1010.2
2020-01-07T00:00,-0.1,0.00,93,-1.1,-3.5,0.00,0.00,0.00,1,20,16,0,5,7.2,217,174,20.3,19.8,0,0.00,1025.5,1010.5
2020-01-07T01:00,1.0,0.00,90,-0.4,-2.7,0.00,0.00,0.00,0,10,13,0,2,10.3,226,216,26.2,23.4,0,0.00,1026.0,1011.0
2020-01-07T02:00,0.6,0.00,90,-0.9,-2.9,0.00,0.00,0.00,2,54,45,0,18,7.9,241,227,23.5,24.5,0,0.00,1026.3,1011.3
2020-01-07T03:00,1.9,0.00,89,0.3,-2.0,0.00,0.00,0.00,3,93,17,84,66,12.0,238,231,27.5,25.9,0,0.00,1026.7,1011.8
2020-01-07T04:00,2.5,0.00,91,1.2,-1.3,0.00,0.00,0.00,3,100,0,89,100,12.3,236,230,25.7,28.8,0,0.00,1026.7,1011.8
2020-01-07T05:00,2.2,0.20,94,1.4,-1.1,0.20,0.00,0.00,51,100,0,98,100,9.5,231,217,22.3,26.3,0,0.00,1027.1,1012.2
2020-01-07T06:00,2.0,0.10,96,1.5,-1.1,0.10,0.00,0.00,51,100,0,59,100,8.0,226,207,19.9,20.9,0,0.00,1027.1,1012.2
2020-01-07T07:00,2.1,0.10,97,1.6,-1.0,0.10,0.00,0.00,51,100,0,69,100,8.6,224,202,19.9,18.0,0,0.00,1027.7,1012.8
2020-01-07T08:00,2.1,0.10,98,1.7,-0.9,0.10,0.00,0.00,51,100,0,6,100,7.9,219,196,18.9,17.6,0,0.00,1028.5,1013.6
2020-01-07T09:00,2.1,0.10,98,1.8,-0.9,0.10,0.00,0.00,51,100,0,23,100,8.0,224,198,18.6,16.6,1,0.00,1029.6,1014.7
2020-01-07T10:00,2.6,0.10,97,2.2,-0.5,0.10,0.00,0.00,51,100,0,2,100,9.0,230,209,19.7,18.4,1,689.20,1030.2,1015.3
2020-01-07T11:00,3.3,0.00,97,2.8,0.3,0.00,0.00,0.00,3,97,0,0,97,8.9,240,223,18.7,19.1,1,1610.06,1030.6,1015.7
2020-01-07T12:00,4.5,0.00,94,3.6,1.4,0.00,0.00,0.00,3,88,0,0,88,10.8,245,233,19.5,21.6,1,2136.08,1030.6,1015.8
2020-01-07T13:00,5.7,0.00,93,4.7,2.7,0.00,0.00,0.00,2,53,0,0,100,11.2,231,225,18.2,22.7,1,2442.93,1030.7,1015.9
2020-01-07T14:00,6.5,0.00,92,5.3,3.9,0.00,0.00,0.00,3,95,3,0,95,9.4,232,223,15.9,24.5,1,976.76,1030.6,1015.9
2020-01-07T15:00,6.4,0.00,90,4.8,4.3,0.00,0.00,0.00,3,100,0,0,100,5.8,228,202,10.2,19.4,1,1422.29,1031.0,1016.3
2020-01-07T16:00,5.9,0.00,93,4.9,3.5,0.00,0.00,0.00,3,100,0,0,100,8.0,188,162,13.4,15.1,1,1020.71,1031.3,1016.5
2020-01-07T17:00,5.4,0.00,94,4.6,3.0,0.00,0.00,0.00,3,100,0,13,100,7.6,205,183,16.3,15.8,0,0.00,1031.5,1016.7
2020-01-07T18:00,5.3,0.00,94,4.4,2.6,0.00,0.00,0.00,3,98,0,52,95,8.8,209,192,18.0,17.6,0,0.00,1031.5,1016.7
2020-01-07T19:00,5.0,0.00,94,4.1,2.2,0.00,0.00,0.00,3,80,0,63,54,9.1,204,187,18.9,18.4,0,0.00,1031.3,1016.5
2020-01-07T20:00,4.4,0.00,95,3.6,1.6,0.00,0.00,0.00,2,53,0,33,36,8.6,195,178,19.0,18.4,0,0.00,1031.1,1016.3
2020-01-07T21:00,3.7,0.00,94,2.8,0.8,0.00,0.00,0.00,1,47,0,1,46,8.8,188,168,20.0,18.4,0,0.00,1031.2,1016.3
2020-01-07T22:00,3.4,0.00,92,2.2,0.7,0.00,0.00,0.00,2,55,0,0,55,6.8,202,177,18.3,18.4,0,0.00,1030.6,1015.7
2020-01-07T23:00,2.9,0.00,92,1.8,0.2,0.00,0.00,0.00,1,26,1,0,25,5.8,202,150,14.4,14.8,0,0.00,1030.2,1015.3
2020-01-08T00:00,1.8,0.00,93,0.9,-1.1,0.00,0.00,0.00,0,11,0,3,9,6.4,178,128,13.0,13.7,0,0.00,1030.0,1015.0
2020-01-08T01:00,3.1,0.00,93,2.1,0.5,0.00,0.00,0.00,3,92,0,8,7,5.4,206,176,14.8,13.3,0,0.00,1030.0,1015.1
2020-01-08T02:00,2.3,0.00,93,1.4,-0.7,0.00,0.00,0.00,1,23,4,19,2,7.6,210,188,19.5,18.0,0,0.00,1029.8,1014.9
2020-01-08T03:00,2.2,0.00,95,1.5,-1.0,0.00,0.00,0.00,3,96,92,60,37,8.6,207,182,20.6,19.1,0,0.00,1030.0,1015.0
2020-01-08T04:00,2.2,0.00,95,1.4,-0.7,0.00,0.00,0.00,2,62,10,6,56,6.5,215,180,17.6,19.8,0,0.00,1030.0,1015.0
2020-01-08T05:00,2.7,0.00,93,1.7,-0.5,0.00,0.00,0.00,2,71,12,30,63,8.8,203,171,19.2,18.7,0,0.00,1029.6,1014.7
2020-01-08T06:00,2.8,0.00,93,1.8,-0.5,0.00,0.00,0.00,3,90,84,19,45,9.9,190,161,20.8,21.2,0,0.00,1028.9,1014.0
2020-01-08T07:00,2.4,0.00,93,1.5,-0.7,0.00,0.00,0.00,3,100,88,99,41,8.3,203,182,20.8,21.2,0,0.00,1029.1,1014.2
2020-01-08T08:00,3.3,0.00,91,1.9,0.0,0.00,0.00,0.00,3,99,97,97,48,9.8,206,186,20.8,20.9,0,0.00,1029.3,1014.4
2020-01-08T09:00,3.5,0.00,89,1.8,0.2,0.00,0.00,0.00,3,98,89,84,78,10.5,204,186,20.9,22.0,1,0.00,1029.4,1014.5
2020-01-08T10:00,4.2,0.00,87,2.1,0.8,0.00,0.00,0.00,3,99,92,54,97,10.9,203,186,21.1,23.8,1,0.00,1029.2,1014.4
2020-01-08T11:00,4.9,0.00,85,2.5,1.6,0.00,0.00,0.00,3,100,86,95,100,10.7,209,194,19.8,23.4,1,0.00,1029.5,1014.7
2020-01-08T12:00,5.1,0.10,86,2.9,1.7,0.10,0.00,0.00,51,100,87,99,100,11.6,202,187,21.8,24.8,1,0.00,1029.0,1014.2
2020-01-08T13:00,5.1,0.10,95,4.3,2.2,0.10,0.00,0.00,51,100,35,100,100,10.4,213,194,20.1,25.6,1,0.00,1029.3,1014.5
2020-01-08T14:00,5.4,0.60,94,4.6,2.8,0.60,0.00,0.00,53,100,22,100,100,9.0,216,196,19.1,22.7,1,0.00,1028.8,1014.0
2020-01-08T15:00,6.0,0.50,94,5.2,3.4,0.50,0.00,0.00,53,100,89,100,100,9.5,211,189,20.2,21.6,1,0.00,1028.5,1013.8
2020-01-08T16:00,6.3,0.50,95,5.5,3.7,0.50,0.00,0.00,53,100,57,100,100,10.5,206,184,21.6,23.0,1,0.00,1028.3,1013.6
2020-01-08T17:00,6.4,0.20,95,5.6,4.4,0.20,0.00,0.00,51,100,66,100,100,6.6,219,202,18.2,23.0,0,0.00,1028.5,1013.8
2020-01-08T18:00,6.6,0.20,95,5.8,4.4,0.20,0.00,0.00,51,100,68,100,100,7.8,220,202,19.4,18.4,0,0.00,1028.3,1013.6
2020-01-08T19:00,6.7,0.20,95,6.0,4.5,0.20,0.00,0.00,51,100,75,100,100,8.0,218,198,19.7,18.7,0,0.00,1028.1,1013.4
2020-01-08T20:00,6.9,0.20,95,6.2,4.7,0.20,0.00,0.00,51,100,29,98,100,8.9,216,194,20.1,19.4,0,0.00,1028.0,1013.3
2020-01-08T21:00,7.1,0.30,95,6.3,4.8,0.30,0.00,0.00,51,100,63,100,100,9.2,219,201,20.7,20.5,0,0.00,1027.7,1013.0
2020-01-08T22:00,7.2,0.40,95,6.5,5.0,0.40,0.00,0.00,51,100,33,100,100,8.7,216,197,20.1,20.5,0,0.00,1027.4,1012.8
2020-01-08T23:00,7.2,0.60,96,6.5,5.1,0.60,0.00,0.00,53,100,36,100,100,7.9,216,196,19.1,19.4,0,0.00,1027.1,1012.5
2020-01-09T00:00,7.2,0.90,96,6.6,5.3,0.90,0.00,0.00,53,100,100,100,100,7.2,212,186,17.8,18.4,0,0.00,1026.9,1012.3
2020-01-09T01:00,7.2,0.90,96,6.5,5.0,0.90,0.00,0.00,53,100,100,100,100,8.6,199,178,19.0,17.3,0,0.00,1026.6,1012.0
2020-01-09T02:00,7.4,0.70,95,6.7,5.4,0.70,0.00,0.00,53,100,100,100,100,8.0,198,170,17.8,19.1,0,0.00,1026.2,1011.6
2020-01-09T03:00,7.7,0.70,95,7.0,5.6,0.70,0.00,0.00,53,100,100,100,100,8.7,195,173,19.0,20.2,0,0.00,1025.8,1011.2
2020-01-09T04:00,7.8,0.70,96,7.1,5.6,0.70,0.00,0.00,53,100,99,100,100,9.7,199,180,20.6,21.6,0,0.00,1025.1,1010.5
2020-01-09T05:00,8.0,0.20,96,7.4,5.8,0.20,0.00,0.00,51,100,99,83,98,10.8,197,180,22.2,24.1,0,0.00,1024.3,1009.7
2020-01-09T06:00,8.3,0.10,95,7.5,6.2,0.10,0.00,0.00,51,100,99,85,87,9.7,198,178,21.2,24.1,0,0.00,1023.2,1008.7
2020-01-09T07:00,8.4,0.10,94,7.6,6.5,0.10,0.00,0.00,51,100,98,94,63,9.1,198,173,19.7,22.0,0,0.00,1022.3,1007.8
2020-01-09T08:00,8.5,0.10,94,7.6,6.6,0.10,0.00,0.00,51,100,99,90,31,8.7,199,173,19.5,20.9,0,0.00,1021.7,1007.2
2020-01-09T09:00,8.6,0.00,93,7.6,6.6,0.00,0.00,0.00,3,100,99,85,34,9.0,202,180,20.5,21.2,1,0.00,1021.3,1006.8
2020-01-09T10:00,9.0,0.00,93,8.0,7.0,0.00,0.00,0.00,3,100,100,98,31,10.0,207,193,21.4,23.4,1,0.00,1021.2,1006.7
2020-01-09T11:00,9.4,0.00,92,8.2,7.2,0.00,0.00,0.00,3,98,96,56,34,12.0,208,196,22.1,25.9,1,0.00,1020.6,1006.2
2020-01-09T12:00,10.4,0.00,90,8.8,8.2,0.00,0.00,0.00,3,100,77,90,100,12.8,214,202,23.4,27.7,1,0.00,1019.9,1005.5
2020-01-09T13:00,10.8,0.00,93,9.7,8.9,0.00,0.00,0.00,3,100,98,95,41,12.1,213,207,22.9,30.2,1,0.00,1019.2,1004.9
2020-01-09T14:00,11.1,0.00,91,9.6,9.2,0.00,0.00,0.00,3,97,94,62,19,12.2,215,208,22.5,28.4,1,0.00,1018.5,1004.2
2020-01-09T15:00,11.4,0.00,86,9.2,9.5,0.00,0.00,0.00,3,97,93,67,8,11.9,215,209,23.0,27.4,1,0.00,1017.6,1003.3
2020-01-09T16:00,11.0,0.00,82,8.0,8.7,0.00,0.00,0.00,3,100,92,98,10,12.2,215,208,24.6,27.0,1,0.00,1017.3,1003.0
2020-01-09T17:00,10.8,0.00,75,6.6,8.2,0.00,0.00,0.00,3,99,45,99,6,11.9,214,205,24.9,27.4,0,0.00,1017.1,1002.8
2020-01-09T18:00,10.6,0.00,69,5.2,7.9,0.00,0.00,0.00,3,100,35,100,5,10.8,217,210,23.9,26.3,0,0.00,1016.5,1002.2
2020-01-09T19:00,10.3,0.10,64,3.8,7.0,0.10,0.00,0.00,51,100,61,100,7,12.3,218,212,25.4,27.4,0,0.00,1016.5,1002.2
2020-01-09T20:00,9.3,0.30,73,4.8,6.6,0.30,0.00,0.00,51,100,55,100,0,9.8,205,188,21.9,26.6,0,0.00,1016.3,1001.9
2020-01-09T21:00,9.4,0.00,71,4.4,6.7,0.00,0.00,0.00,3,100,72,100,0,9.3,210,196,22.4,22.7,0,0.00,1015.8,1001.4
2020-01-09T22:00,9.2,0.20,72,4.5,6.2,0.20,0.00,0.00,51,100,98,100,0,11.3,213,202,24.0,24.8,0,0.00,1015.9,1001.5
2020-01-09T23:00,8.2,0.50,83,5.5,5.6,0.50,0.00,0.00,53,100,49,100,0,10.1,211,197,23.1,25.6,0,0.00,1016.0,1001.6
2020-01-10T00:00,7.7,0.30,86,5.5,5.4,0.30,0.00,0.00,51,98,20,98,16,8.1,214,193,19.5,24.1,0,0.00,1016.0,1001.5
2020-01-10T01:00,8.3,0.20,84,5.7,5.6,0.20,0.00,0.00,51,100,7,100,100,11.4,223,215,24.2,23.4,0,0.00,1016.3,1001.9
2020-01-10T02:00,8.2,0.50,88,6.4,5.8,0.50,0.00,0.00,53,100,99,100,100,10.6,219,208,22.3,27.0,0,0.00,1016.7,1002.3
2020-01-10T03:00,7.9,0.60,88,6.0,4.8,0.60,0.00,0.00,53,100,66,100,91,13.9,219,211,26.9,31.0,0,0.00,1017.2,1002.7
2020-01-10T04:00,7.5,0.30,88,5.7,4.4,0.30,0.00,0.00,51,98,4,98,21,13.9,222,217,27.0,32.0,0,0.00,1017.3,1002.8
2020-01-10T05:00,7.5,0.10,86,5.4,4.3,0.10,0.00,0.00,51,95,5,94,10,13.9,223,217,26.5,31.7,0,0.00,1017.4,1002.9
2020-01-10T06:00,7.1,0.00,88,5.2,4.4,0.00,0.00,0.00,3,87,1,86,23,10.7,225,220,23.4,31.0,0,0.00,1017.8,1003.3
2020-01-10T07:00,6.6,0.00,89,5.0,3.9,0.00,0.00,0.00,1,35,2,23,29,10.3,218,209,23.8,25.2,0,0.00,1018.1,1003.6
2020-01-10T08:00,6.5,0.00,90,4.9,3.8,0.00,0.00,0.00,3,100,0,100,74,10.1,211,197,22.8,24.8,0,0.00,1018.2,1003.6
2020-01-10T09:00,7.4,0.00,86,5.2,4.3,0.00,0.00,0.00,3,91,0,88,83,13.2,217,209,26.0,29.5,1,0.00,1018.7,1004.2
2020-01-10T10:00,8.0,0.00,84,5.5,4.8,0.00,0.00,0.00,1,35,0,20,28,14.1,223,220,26.0,31.3,1,840.83,1019.2,1004.7
2020-01-10T11:00,9.1,0.00,82,6.2,6.3,0.00,0.00,0.00,2,51,0,33,43,12.7,228,225,24.2,31.7,1,3600.00,1019.7,1005.3
2020-01-10T12:00,9.8,0.00,79,6.3,6.9,0.00,0.00,0.00,1,44,0,19,39,13.5,229,228,22.7,31.0,1,3600.00,1019.7,1005.3
2020-01-10T13:00,10.4,0.00,77,6.5,7.1,0.00,0.00,0.00,1,33,0,25,12,16.0,227,224,26.2,34.6,1,3600.00,1019.9,1005.5
2020-01-10T14:00,10.7,0.00,74,6.2,6.8,0.00,0.00,0.00,1,42,0,19,39,20.0,236,236,30.9,43.6,1,3600.00,1020.2,1005.8
2020-01-10T15:00,10.2,0.30,77,6.4,6.5,0.30,0.00,0.00,51,64,0,49,50,19.2,247,247,31.0,43.2,1,3600.00,1020.9,1006.5
2020-01-10T16:00,9.4,0.50,84,6.9,6.5,0.50,0.00,0.00,53,56,0,46,49,14.5,252,251,25.7,40.7,1,3600.00,1021.8,1007.3
2020-01-10T17:00,8.5,0.20,88,6.6,5.5,0.20,0.00,0.00,51,100,0,54,100,14.6,282,279,26.9,30.6,0,0.00,1023.3,1008.8
2020-01-10T18:00,8.1,0.00,82,5.2,4.5,0.00,0.00,0.00,1,39,0,5,39,16.5,296,293,28.5,35.3,0,0.00,1024.7,1010.1
2020-01-10T19:00,6.9,0.00,85,4.5,3.6,0.00,0.00,0.00,2,79,0,16,79,13.1,295,291,25.8,34.9,0,0.00,1026.1,1011.5
2020-01-10T20:00,6.9,0.00,84,4.5,3.9,0.00,0.00,0.00,3,89,0,19,89,11.6,292,286,22.9,28.4,0,0.00,1027.3,1012.6
2020-01-10T21:00,6.7,0.00,84,4.3,3.7,0.00,0.00,0.00,3,94,0,13,94,10.9,287,279,21.9,24.8,0,0.00,1028.3,1013.6
2020-01-10T22:00,6.6,0.00,84,4.0,3.4,0.00,0.00,0.00,3,100,0,14,100,11.9,289,284,22.9,25.2,0,0.00,1029.2,1014.5
2020-01-10T23:00,6.7,0.00,83,4.1,3.5,0.00,0.00,0.00,3,99,0,22,99,11.7,286,281,22.1,25.6,0,0.00,1030.0,1015.3
2020-01-11T00:00,6.7,0.00,84,4.3,3.6,0.00,0.00,0.00,3,100,0,17,100,11.6,290,286,21.4,25.6,0,0.00,1030.7,1016.0
2020-01-11T01:00,6.5,0.00,81,3.4,3.5,0.00,0.00,0.00,3,91,0,2,92,10.3,304,299,19.5,24.8,0,0.00,1031.7,1017.0
2020-01-11T02:00,6.0,0.00,82,3.1,2.8,0.00,0.00,0.00,3,83,0,1,83,11.0,322,322,20.5,23.4,0,0.00,1032.6,1017.8
2020-01-11T03:00,5.1,0.00,84,2.6,2.1,0.00,0.00,0.00,2,62,0,0,62,8.6,334,338,18.4,23.4,0,0.00,1033.1,1018.3
2020-01-11T04:00,3.9,0.00,89,2.2,1.1,0.00,0.00,0.00,1,31,0,0,31,6.9,345,351,17.1,18.4,0,0.00,1033.3,1018.4
2020-01-11T05:00,2.8,0.00,92,1.6,0.0,0.00,0.00,0.00,0,19,0,0,19,6.1,352,3,16.3,15.1,0,0.00,1033.8,1018.8
2020-01-11T06:00,1.1,0.00,94,0.2,-2.0,0.00,0.00,0.00,0,13,0,0,13,6.4,11,47,11.4,13.3,0,0.00,1033.8,1018.7
2020-01-11T07:00,1.4,0.00,92,0.3,-1.1,0.00,0.00,0.00,0,8,0,0,8,2.6,27,124,3.2,11.2,0,0.00,1034.4,1019.3
2020-01-11T08:00,0.0,0.00,95,-0.6,-3.1,0.00,0.00,0.00,0,11,0,0,11,5.8,194,150,4.5,7.2,0,0.00,1034.6,1019.5
2020-01-11T09:00,1.0,0.00,96,0.5,-1.6,0.00,0.00,0.00,0,14,0,0,14,3.7,170,119,8.4,9.4,1,27.99,1034.9,1019.8
2020-01-11T10:00,3.2,0.00,91,1.9,0.6,0.00,0.00,0.00,0,13,0,0,13,5.2,149,106,8.4,11.9,1,3600.00,1034.9,1019.9
2020-01-11T11:00,5.0,0.00,84,2.6,3.0,0.00,0.00,0.00,1,25,11,0,15,2.3,151,141,3.7,11.9,1,3600.00,1035.4,1020.5
2020-01-11T12:00,6.2,0.00,76,2.2,4.0,0.00,0.00,0.00,1,25,6,0,21,2.6,197,196,3.8,11.2,1,3600.00,1035.1,1020.3
2020-01-11T13:00,6.6,0.00,68,1.1,3.5,0.00,0.00,0.00,0,17,2,0,84,7.8,213,214,10.7,15.8,1,3600.00,1034.5,1019.7
2020-01-11T14:00,6.7,0.00,65,0.5,3.7,0.00,0.00,0.00,3,99,97,0,82,6.5,232,236,8.7,19.4,1,1975.80,1034.1,1019.3
2020-01-11T15:00,6.7,0.00,63,0.1,3.9,0.00,0.00,0.00,3,92,91,0,5,4.7,216,212,6.2,16.2,1,3600.00,1033.6,1018.8
2020-01-11T16:00,5.4,0.00,75,1.3,2.9,0.00,0.00,0.00,3,94,94,0,1,4.3,182,180,10.4,11.9,1,3600.00,1033.2,1018.4
2020-01-11T17:00,4.0,0.00,77,0.2,1.0,0.00,0.00,0.00,3,93,92,0,2,6.2,197,173,8.7,11.2,0,0.00,1033.1,1018.2
2020-01-11T18:00,3.0,0.00,80,-0.1,0.2,0.00,0.00,0.00,3,87,86,1,2,4.1,193,128,6.3,9.7,0,0.00,1032.6,1017.7
2020-01-11T19:00,1.6,0.00,85,-0.6,-1.3,0.00,0.00,0.00,3,92,91,0,10,4.9,205,126,6.8,8.3,0,0.00,1032.5,1017.5
2020-01-11T20:00,1.2,0.00,85,-1.0,-1.8,0.00,0.00,0.00,3,97,97,0,10,5.4,200,132,8.4,9.7,0,0.00,1032.1,1017.1
2020-01-11T21:00,1.4,0.00,87,-0.6,-1.6,0.00,0.00,0.00,3,97,97,0,8,5.1,197,129,8.7,9.7,0,0.00,1031.8,1016.8
2020-01-11T22:00,0.6,0.00,88,-1.1,-2.5,0.00,0.00,0.00,3,93,93,0,1,5.4,202,132,7.8,9.4,0,0.00,1031.6,1016.5
2020-01-11T23:00,0.8,0.00,89,-0.9,-2.2,0.00,0.00,0.00,2,74,72,0,1,5.1,188,135,9.8,9.7,0,0.00,1031.3,1016.3
2020-01-12T00:00,0.4,0.00,91,-1.0,-2.7,0.00,0.00,0.00,2,56,55,0,2,5.1,178,129,11.2,10.4,0,0.00,1030.9,1015.8
2020-01-12T01:00,0.4,0.00,91,-0.9,-2.9,0.00,0.00,0.00,1,28,34,0,8,6.7,169,126,12.8,10.4,0,0.00,1030.8,1015.7
2020-01-12T02:00,-0.6,0.00,93,-1.7,-3.8,0.00,0.00,0.00,1,46,40,0,11,5.4,172,127,12.4,13.0,0,0.00,1030.5,1015.4
2020-01-12T03:00,-1.1,0.00,93,-2.1,-4.3,0.00,0.00,0.00,2,64,57,0,16,5.4,177,132,14.1,11.2,0,0.00,1030.2,1015.1
2020-01-12T04:00,-0.5,0.00,92,-1.7,-3.8,0.00,0.00,0.00,1,31,17,0,17,6.4,184,142,16.6,13.7,0,0.00,1029.9,1014.8
2020-01-12T05:00,-0.5,0.00,90,-1.9,-3.9,0.00,0.00,0.00,1,31,26,0,7,6.3,191,149,17.2,14.0,0,0.00,1029.3,1014.2
2020-01-12T06:00,-0.7,0.00,91,-2.0,-4.0,0.00,0.00,0.00,1,47,43,0,8,5.9,202,169,16.6,14.0,0,0.00,1028.9,1013.8
2020-01-12T07:00,-0.7,0.00,92,-1.8,-3.9,0.00,0.00,0.00,2,54,50,0,8,5.4,213,184,16.4,13.7,0,0.00,1028.9,1013.8
2020-01-12T08:00,-0.6,0.00,94,-1.4,-3.9,0.00,0.00,0.00,2,73,72,0,3,6.5,212,180,17.8,15.5,0,0.00,1028.7,1013.6
2020-01-12T09:00,-0.0,0.00,95,-0.7,-3.5,0.00,0.00,0.00,1,44,42,0,3,8.3,214,185,18.7,18.0,1,33.09,1028.7,1013.6
2020-01-12T10:00,1.6,0.00,91,0.3,-2.0,0.00,0.00,0.00,2,60,59,0,3,10.5,207,186,20.3,22.7,1,3600.00,1028.8,1013.8
2020-01-12T11:00,3.2,0.00,85,1.0,-0.6,0.00,0.00,0.00,2,57,56,0,4,12.2,207,199,20.9,27.4,1,3600.00,1028.7,1013.8
2020-01-12T12:00,4.6,0.00,81,1.6,0.8,0.00,0.00,0.00,0,12,11,0,1,13.4,205,200,21.1,31.7,1,3600.00,1028.0,1013.2
2020-01-12T13:00,4.0,0.00,84,1.6,-0.5,0.00,0.00,0.00,1,27,46,0,100,17.7,221,219,26.3,38.2,1,3600.00,1028.3,1013.5
2020-01-12T14:00,4.6,0.00,80,1.4,0.4,0.00,0.00,0.00,3,100,59,0,100,15.5,229,226,25.0,38.2,1,0.00,1027.9,1013.1
2020-01-12T15:00,4.9,0.00,78,1.4,1.0,0.00,0.00,0.00,3,83,36,0,74,13.4,219,211,24.6,33.8,1,0.00,1027.4,1012.6
2020-01-12T16:00,4.6,0.00,79,1.2,0.8,0.00,0.00,0.00,3,100,55,6,100,12.7,212,205,23.5,31.0,1,2906.48,1027.3,1012.5
2020-01-12T17:00,4.3,0.00,80,1.2,0.6,0.00,0.00,0.00,3,100,6,79,100,12.1,207,197,23.8,28.1,0,0.00,1027.3,1012.5
2020-01-12T18:00,4.5,0.00,79,1.2,0.7,0.00,0.00,0.00,3,100,7,53,100,12.2,215,208,23.0,27.0,0,0.00,1027.3,1012.5
2020-01-12T19:00,4.5,0.00,78,1.0,0.8,0.00,0.00,0.00,3,100,21,100,100,12.2,223,214,23.4,27.0,0,0.00,1027.5,1012.7
2020-01-12T20:00,4.7,0.00,79,1.3,0.9,0.00,0.00,0.00,3,100,48,98,100,12.9,224,216,24.4,28.1,0,0.00,1027.5,1012.7
2020-01-12T21:00,4.8,0.00,79,1.5,1.1,0.00,0.00,0.00,3,93,23,43,90,12.6,226,217,24.2,28.1,0,0.00,1027.3,1012.5
2020-01-12T22:00,4.5,0.00,82,1.7,0.8,0.00,0.00,0.00,3,90,44,32,79,12.3,227,218,24.5,27.4,0,0.00,1027.2,1012.4
2020-01-12T23:00,4.3,0.00,84,1.9,0.9,0.00,0.00,0.00,3,81,56,18,53,11.2,224,213,22.7,26.6,0,0.00,1027.2,1012.4
2020-01-13T00:00,4.1,0.00,86,1.9,0.9,0.00,0.00,0.00,2,65,18,9,57,9.7,222,207,21.2,24.1,0,0.00,1027.1,1012.3
2020-01-13T01:00,3.7,0.00,88,2.0,1.0,0.00,0.00,0.00,3,90,43,8,100,6.4,220,196,16.1,21.2,0,0.00,1027.9,1013.1
2020-01-13T02:00,3.8,0.00,88,2.0,1.0,0.00,0.00,0.00,3,100,37,8,100,6.5,211,174,14.7,15.1,0,0.00,1027.6,1012.8
2020-01-13T03:00,4.0,0.00,87,2.0,1.1,0.00,0.00,0.00,3,100,36,11,100,7.6,203,175,16.5,16.6,0,0.00,1027.2,1012.4
2020-01-13T04:00,4.2,0.00,86,2.1,1.2,0.00,0.00,0.00,3,100,20,13,99,8.0,201,175,17.3,17.3,0,0.00,1026.7,1011.9
2020-01-13T05:00,4.2,0.00,87,2.2,1.2,0.00,0.00,0.00,3,98,94,8,76,8.3,199,175,17.9,18.0,0,0.00,1026.0,1011.2
2020-01-13T06:00,4.1,0.00,88,2.3,1.3,0.00,0.00,0.00,3,98,95,11,52,7.2,198,174,15.9,17.6,0,0.00,1025.2,1010.4
2020-01-13T07:00,3.6,0.00,91,2.2,0.9,0.00,0.00,0.00,3,98,97,12,48,6.0,193,163,14.8,15.5,0,0.00,1025.0,1010.2
2020-01-13T08:00,3.2,0.00,92,2.0,0.5,0.00,0.00,0.00,3,99,99,8,46,6.0,184,147,14.4,13.3,0,0.00,1024.4,1009.6
2020-01-13T09:00,3.9,0.00,90,2.4,1.2,0.00,0.00,0.00,3,99,98,3,55,6.6,183,151,14.4,14.0,1,0.00,1024.1,1009.3
2020-01-13T10:00,4.4,0.00,89,2.7,1.8,0.00,0.00,0.00,3,99,99,4,46,6.3,178,149,13.0,14.0,1,0.00,1023.8,1009.1
2020-01-13T11:00,5.7,0.00,84,3.2,3.2,0.00,0.00,0.00,3,99,97,11,45,6.6,171,158,11.3,15.5,1,80.82,1023.6,1008.9
2020-01-13T12:00,6.6,0.00,80,3.4,4.1,0.00,0.00,0.00,3,98,97,12,53,6.5,180,177,9.4,17.3,1,86.79,1022.7,1008.1
2020-01-13T13:00,5.9,0.00,86,3.8,3.3,0.00,0.00,0.00,3,100,0,68,98,7.8,169,158,12.8,16.9,1,228.26,1022.5,1007.9
2020-01-13T14:00,6.0,0.00,87,4.0,3.7,0.00,0.00,0.00,3,100,0,59,100,6.0,173,163,11.3,16.9,1,0.00,1021.4,1006.8
2020-01-13T15:00,6.0,0.00,88,4.2,3.6,0.00,0.00,0.00,3,100,0,3,100,6.8,168,148,12.5,14.8,1,0.00,1020.5,1005.9
2020-01-13T16:00,6.2,0.00,88,4.4,3.9,0.00,0.00,0.00,1,46,0,7,45,6.0,178,155,12.6,16.2,1,121.53,1020.1,1005.5
2020-01-13T17:00,4.5,0.00,94,3.6,2.4,0.00,0.00,0.00,3,100,0,36,100,4.2,192,149,10.7,13.3,0,133.52,1020.2,1005.5
2020-01-13T18:00,5.6,0.00,92,4.4,3.0,0.00,0.00,0.00,2,69,17,52,42,8.2,165,131,15.3,15.5,0,0.00,1019.6,1005.0
2020-01-13T19:00,5.3,0.00,94,4.3,2.6,0.00,0.00,0.00,3,93,67,75,64,9.2,166,135,18.2,18.0,0,0.00,1019.3,1004.7
2020-01-13T20:00,5.5,0.00,93,4.4,2.7,0.00,0.00,0.00,2,54,7,45,44,9.9,163,134,19.6,20.5,0,0.00,1018.6,1004.0
2020-01-13T21:00,5.1,0.00,93,4.0,2.2,0.00,0.00,0.00,1,28,1,27,0,10.2,150,122,21.3,22.3,0,0.00,1017.5,1002.9
2020-01-13T22:00,4.3,0.00,93,3.2,1.5,0.00,0.00,0.00,1,37,0,34,10,8.4,148,121,18.6,20.9,0,0.00,1017.2,1002.5
2020-01-13T23:00,4.0,0.00,93,2.9,1.0,0.00,0.00,0.00,1,38,0,35,12,9.7,156,121,17.4,19.1,0,0.00,1017.2,1002.5
2020-01-14T00:00,4.1,0.00,90,2.6,0.9,0.00,0.00,0.00,3,99,98,33,1,10.2,159,129,20.1,21.6,0,0.00,1016.5,1001.8
2020-01-14T01:00,6.5,0.00,82,3.6,3.4,0.00,0.00,0.00,3,98,95,96,81,10.7,191,168,22.0,21.6,0,0.00,1016.6,1002.1
2020-01-14T02:00,6.1,0.00,83,3.3,2.9,0.00,0.00,0.00,3,100,100,90,0,11.2,189,165,23.0,25.6,0,0.00,1016.0,1001.5
2020-01-14T03:00,5.7,0.00,83,3.0,2.6,0.00,0.00,0.00,3,99,99,17,0,9.7,172,149,21.1,25.6,0,0.00,1015.4,1000.8
2020-01-14T04:00,4.6,0.00,87,2.7,1.7,0.00,0.00,0.00,3,99,99,20,15,8.7,172,128,18.5,22.7,0,0.00,1014.9,1000.3
2020-01-14T05:00,5.1,0.00,81,2.1,2.1,0.00,0.00,0.00,3,99,98,78,2,7.9,195,150,19.4,19.4,0,0.00,1014.7,1000.1
2020-01-14T06:00,5.9,0.00,70,0.8,2.5,0.00,0.00,0.00,0,16,9,7,5,9.9,200,170,23.0,23.8,0,0.00,1014.3,999.8
2020-01-14T07:00,5.5,0.00,63,-1.0,1.6,0.00,0.00,0.00,3,97,94,94,5,10.9,214,197,27.3,25.6,0,0.00,1014.7,1000.1
2020-01-14T08:00,6.4,0.00,54,-2.1,1.8,0.00,0.00,0.00,2,72,30,61,0,15.2,219,216,31.8,34.2,0,0.00,1014.9,1000.4
2020-01-14T09:00,6.5,0.00,55,-1.9,1.8,0.00,0.00,0.00,3,99,96,81,0,16.1,215,209,31.6,36.0,1,0.00,1015.4,1000.9
2020-01-14T10:00,7.1,0.00,55,-1.4,2.5,0.00,0.00,0.00,3,98,98,15,1,15.5,207,202,29.6,36.4,1,0.00,1015.3,1000.8
2020-01-14T11:00,8.6,0.00,54,-0.2,4.3,0.00,0.00,0.00,3,99,99,51,9,14.4,216,212,28.9,35.3,1,3600.00,1015.6,1001.2
2020-01-14T12:00,9.3,0.00,51,-0.4,4.6,0.00,0.00,0.00,3,100,100,99,8,17.3,218,216,30.8,38.2,1,1450.56,1015.3,1000.9
2020-01-14T13:00,9.6,0.00,57,1.4,5.6,0.00,0.00,0.00,3,100,99,71,3,13.8,219,208,27.2,39.6,1,0.00,1015.6,1001.2
2020-01-14T14:00,10.1,0.00,54,1.2,5.8,0.00,0.00,0.00,3,100,99,35,4,16.4,220,218,29.6,36.7,1,0.00,1015.2,1000.9
2020-01-14T15:00,10.4,0.00,53,1.2,5.9,0.00,0.00,0.00,3,100,100,84,0,17.7,215,213,33.1,39.2,1,0.00,1015.0,1000.7
2020-01-14T16:00,10.6,0.00,50,0.6,6.2,0.00,0.00,0.00,3,100,98,100,0,16.1,209,207,31.3,40.0,1,0.00,1015.2,1000.9
2020-01-14T17:00,10.4,0.00,50,0.5,6.4,0.00,0.00,0.00,3,100,100,100,4,13.4,217,216,27.5,36.4,0,0.00,1015.7,1001.4
2020-01-14T18:00,10.2,0.00,52,0.8,6.1,0.00,0.00,0.00,3,100,100,100,9,14.4,217,217,29.0,32.8,0,0.00,1015.9,1001.6
2020-01-14T19:00,9.8,0.00,53,0.8,5.8,0.00,0.00,0.00,3,100,100,81,7,13.2,217,215,27.8,32.8,0,0.00,1016.0,1001.6
2020-01-14T20:00,9.5,0.00,54,0.8,5.8,0.00,0.00,0.00,3,100,100,57,15,12.0,217,213,27.0,29.9,0,0.00,1016.1,1001.7
2020-01-14T21:00,9.7,0.00,53,0.6,5.8,0.00,0.00,0.00,3,96,93,55,27,12.6,211,200,27.3,29.2,0,0.00,1016.3,1001.9
2020-01-14T22:00,9.6,0.00,53,0.5,5.8,0.00,0.00,0.00,2,79,48,62,4,11.9,202,185,25.5,29.5,0,0.00,1016.5,1002.1
2020-01-14T23:00,9.0,0.00,55,0.4,5.3,0.00,0.00,0.00,3,98,97,28,1,11.5,194,176,24.9,27.7,0,0.00,1016.7,1002.3
2020-01-15T00:00,8.2,0.00,57,0.2,4.5,0.00,0.00,0.00,3,100,100,27,0,11.2,199,182,25.2,26.3,0,0.00,1017.0,1002.6
2020-01-15T01:00,8.3,0.00,63,1.6,5.1,0.00,0.00,0.00,3,100,99,8,0,9.1,209,198,23.5,25.6,0,0.00,1017.2,1002.8
2020-01-15T02:00,8.1,0.00,64,1.6,4.8,0.00,0.00,0.00,3,89,88,11,3,9.7,211,195,23.9,23.0,0,0.00,1017.6,1003.1
2020-01-15T03:00,7.7,0.00,64,1.4,4.5,0.00,0.00,0.00,2,60,58,8,2,8.7,206,185,22.4,23.0,0,0.00,1017.5,1003.0
2020-01-15T04:00,6.9,0.00,66,0.9,3.7,0.00,0.00,0.00,2,63,2,59,13,8.6,205,180,22.7,20.9,0,0.00,1017.7,1003.2
2020-01-15T05:00,7.4,0.00,64,1.0,4.1,0.00,0.00,0.00,3,96,0,96,2,9.4,199,173,22.4,22.7,0,0.00,1017.8,1003.3
2020-01-15T06:00,7.7,0.00,64,1.2,4.6,0.00,0.00,0.00,1,21,0,21,0,8.0,198,170,20.5,22.3,0,0.00,1017.5,1003.0
2020-01-15T07:00,6.2,0.00,70,1.2,3.1,0.00,0.00,0.00,0,0,0,0,0,8.0,203,170,21.5,19.8,0,0.00,1017.9,1003.3
2020-01-15T08:00,5.9,0.00,71,1.0,2.6,0.00,0.00,0.00,0,0,0,0,0,9.0,203,175,23.1,21.2,0,0.00,1018.1,1003.5
2020-01-15T09:00,6.3,0.00,68,0.9,2.8,0.00,0.00,0.00,1,35,35,0,0,10.6,208,190,25.6,24.8,1,122.05,1018.5,1003.9
2020-01-15T10:00,7.6,0.00,64,1.3,4.0,0.00,0.00,0.00,1,34,34,0,0,11.7,205,191,24.2,27.0,1,3600.00,1018.7,1004.2
2020-01-15T11:00,9.1,0.00,61,1.9,5.6,0.00,0.00,0.00,1,37,37,0,0,11.5,206,194,22.9,27.7,1,3600.00,1019.0,1004.6
2020-01-15T12:00,10.2,0.00,59,2.5,6.6,0.00,0.00,0.00,1,46,46,0,0,12.8,207,202,20.9,29.9,1,3600.00,1018.6,1004.2
2020-01-15T13:00,11.8,0.00,56,3.4,8.6,0.00,0.00,0.00,1,33,58,0,0,10.8,188,182,16.0,31.3,1,3600.00,1018.6,1004.3
2020-01-15T14:00,12.2,0.00,57,3.9,9.2,0.00,0.00,0.00,2,50,49,2,1,10.7,195,192,17.1,25.6,1,3600.00,1018.2,1003.9
2020-01-15T15:00,12.4,0.00,59,4.6,9.2,0.00,0.00,0.00,1,29,27,3,3,12.5,204,198,23.2,27.7,1,3600.00,1018.2,1003.9
2020-01-15T16:00,11.7,0.00,58,3.7,8.1,0.00,0.00,0.00,0,18,14,4,2,14.5,208,203,28.5,32.8,1,3600.00,1018.7,1004.4
2020-01-15T17:00,10.1,0.00,64,3.5,6.6,0.00,0.00,0.00,1,36,36,0,1,13.2,219,215,28.2,32.4,0,748.21,1019.8,1005.4
2020-01-15T18:00,9.2,0.00,64,2.8,5.7,0.00,0.00,0.00,1,40,28,15,16,12.9,220,216,28.9,29.9,0,0.00,1020.3,1005.9
2020-01-15T19:00,8.8,0.00,62,2.0,5.1,0.00,0.00,0.00,1,32,29,3,3,13.2,221,215,29.4,30.2,0,0.00,1021.2,1006.7
2020-01-15T20:00,8.2,0.00,65,1.9,4.3,0.00,0.00,0.00,1,48,36,23,1,14.3,220,214,30.9,32.0,0,0.00,1022.0,1007.5
2020-01-15T21:00,8.1,0.00,67,2.4,4.1,0.00,0.00,0.00,1,43,29,26,8,15.0,221,215,31.4,33.5,0,0.00,1022.7,1008.2
2020-01-15T22:00,8.1,0.00,69,2.7,4.2,0.00,0.00,0.00,2,78,1,76,12,15.3,223,219,31.3,34.2,0,0.00,1023.4,1008.9
2020-01-15T23:00,8.4,0.00,68,2.9,4.6,0.00,0.00,0.00,3,89,10,75,81,14.8,226,223,29.8,34.6,0,0.00,1024.2,1009.7
2020-01-16T00:00,8.9,0.00,67,3.1,5.1,0.00,0.00,0.00,3,100,1,100,93,14.5,227,224,29.0,33.5,0,0.00,1025.0,1010.5
2020-01-16T01:00,10.0,0.00,67,4.0,6.8,0.00,0.00,0.00,3,100,0,99,99,12.2,228,225,25.7,32.8,0,0.00,1025.6,1011.1
2020-01-16T02:00,10.2,0.00,65,4.0,7.0,0.00,0.00,0.00,3,100,2,100,98,12.3,231,230,25.9,28.4,0,0.00,1025.9,1011.4
2020-01-16T03:00,10.2,0.00,65,4.0,7.1,0.00,0.00,0.00,3,100,76,100,100,11.7,228,223,24.7,27.7,0,0.00,1026.6,1012.1
2020-01-16T04:00,9.9,0.00,67,4.0,6.9,0.00,0.00,0.00,2,60,1,56,39,11.1,224,216,24.4,26.3,0,0.00,1026.8,1012.3
2020-01-16T05:00,8.9,0.00,71,4.0,6.0,0.00,0.00,0.00,0,19,0,14,14,10.1,224,215,24.2,24.5,0,0.00,1027.4,1012.8
2020-01-16T06:00,7.3,0.00,79,3.9,4.7,0.00,0.00,0.00,0,16,0,11,14,7.7,224,208,21.6,22.3,0,0.00,1027.7,1013.1
2020-01-16T07:00,5.9,0.00,85,3.6,3.5,0.00,0.00,0.00,1,24,0,7,22,5.9,223,191,17.6,17.6,0,0.00,1028.1,1013.4
2020-01-16T08:00,5.2,0.00,88,3.3,2.8,0.00,0.00,0.00,1,27,0,2,26,5.8,212,173,15.7,13.7,0,0.00,1028.6,1013.8
2020-01-16T09:00,5.8,0.00,87,3.7,3.3,0.00,0.00,0.00,1,37,0,4,36,6.6,204,167,16.9,14.4,1,93.56,1029.3,1014.6
2020-01-16T10:00,7.7,0.00,80,4.5,5.3,0.00,0.00,0.00,1,45,0,3,45,7.6,201,172,15.4,16.2,1,3600.00,1029.5,1014.8
2020-01-16T11:00,9.4,0.00,74,5.0,7.4,0.00,0.00,0.00,1,32,0,1,32,5.8,195,180,10.0,16.2,1,3600.00,1029.6,1015.0
2020-01-16T12:00,10.7,0.00,70,5.4,8.8,0.00,0.00,0.00,0,15,0,0,15,5.1,180,172,7.2,15.1,1,3600.00,1029.0,1014.5
2020-01-16T13:00,12.8,0.00,64,6.1,10.7,0.00,0.00,0.00,0,8,0,0,1,8.0,125,126,11.4,15.5,1,3600.00,1027.8,1013.4
2020-01-16T14:00,13.2,0.00,63,6.4,11.3,0.00,0.00,0.00,0,0,0,0,0,6.7,127,126,9.5,18.7,1,3600.00,1027.0,1012.7
2020-01-16T15:00,13.1,0.00,66,6.9,11.4,0.00,0.00,0.00,0,1,0,0,1,5.8,122,120,10.2,16.2,1,3600.00,1026.6,1012.3
2020-01-16T16:00,11.5,0.00,73,6.8,9.6,0.00,0.00,0.00,0,0,0,0,0,7.5,113,107,17.3,15.5,1,3600.00,1026.4,1012.0
2020-01-16T17:00,9.4,0.00,80,6.0,6.9,0.00,0.00,0.00,0,0,0,0,0,10.2,119,108,23.5,20.9,0,892.61,1026.1,1011.6
2020-01-16T18:00,8.7,0.00,82,5.8,5.9,0.00,0.00,0.00,0,0,0,0,0,11.4,119,108,25.9,23.4,0,0.00,1025.8,1011.3
2020-01-16T19:00,8.3,0.00,83,5.7,5.4,0.00,0.00,0.00,0,0,0,0,0,12.7,114,105,28.0,26.3,0,0.00,1025.8,1011.2
2020-01-16T20:00,7.9,0.00,84,5.3,4.6,0.00,0.00,0.00,0,0,0,0,0,14.6,122,110,30.1,29.9,0,0.00,1025.8,1011.2
2020-01-16T21:00,7.3,0.00,82,4.4,3.9,0.00,0.00,0.00,0,0,0,0,0,14.5,126,113,29.4,31.0,0,0.00,1025.5,1010.9
2020-01-16T22:00,6.7,0.00,81,3.7,3.1,0.00,0.00,0.00,0,0,0,0,0,13.9,123,111,28.9,30.2,0,0.00,1025.2,1010.6
2020-01-16T23:00,6.1,0.00,82,3.3,2.6,0.00,0.00,0.00,0,0,0,0,0,13.3,121,109,27.6,29.5,0,0.00,1025.0,1010.3
2020-01-17T00:00,5.7,0.00,83,3.0,2.0,0.00,0.00,0.00,0,0,0,0,0,14.0,119,108,28.8,29.2,0,0.00,1024.4,1009.7
2020-01-17T01:00,5.8,0.00,82,3.0,2.3,0.00,0.00,0.00,0,1,2,0,0,12.9,123,113,27.9,29.2,0,0.00,1024.0,1009.3
2020-01-17T02:00,4.6,0.00,88,2.8,1.6,0.00,0.00,0.00,0,0,0,0,0,9.3,131,118,23.2,27.0,0,0.00,1023.6,1008.9
2020-01-17T03:00,3.7,0.00,91,2.3,0.7,0.00,0.00,0.00,0,0,0,0,0,8.2,143,119,18.0,19.4,0,0.00,1023.6,1008.8
2020-01-17T04:00,2.9,0.00,93,1.9,0.0,0.00,0.00,0.00,0,0,0,0,0,7.3,148,101,10.2,16.6,0,0.00,1022.9,1008.1
2020-01-17T05:00,2.5,0.00,93,1.5,-0.5,0.00,0.00,0.00,0,0,0,0,0,7.6,160,109,11.5,14.8,0,0.00,1022.2,1007.4
2020-01-17T06:00,2.4,0.00,93,1.4,-0.7,0.00,0.00,0.00,0,0,0,0,0,7.9,163,114,15.0,15.8,0,0.00,1021.8,1007.0
2020-01-17T07:00,2.2,0.00,93,1.2,-0.9,0.00,0.00,0.00,0,0,0,0,0,8.0,156,108,14.2,15.8,0,0.00,1021.5,1006.7
2020-01-17T08:00,1.8,0.00,93,0.9,-1.4,0.00,0.00,0.00,0,0,0,0,0,8.7,142,107,15.1,16.9,0,0.00,1021.4,1006.6
2020-01-17T09:00,2.2,0.00,92,1.1,-1.1,0.00,0.00,0.00,0,0,0,0,0,9.4,140,108,15.6,18.4,1,197.81,1021.2,1006.4
2020-01-17T10:00,4.6,0.00,84,2.1,1.5,0.00,0.00,0.00,3,88,88,0,0,9.0,156,127,15.3,19.8,1,3600.00,1021.0,1006.3
2020-01-17T11:00,6.9,0.00,75,2.9,4.2,0.00,0.00,0.00,3,93,90,26,14,7.4,175,151,13.7,19.1,1,3600.00,1020.9,1006.3
2020-01-17T12:00,8.1,0.00,70,2.9,5.3,0.00,0.00,0.00,3,87,79,41,7,7.9,187,177,12.3,20.5,1,3600.00,1020.3,1005.8
2020-01-17T13:00,9.3,0.00,69,3.9,6.6,0.00,0.00,0.00,2,59,4,46,28,8.5,196,192,12.0,20.9,1,3600.00,1019.7,1005.3
2020-01-17T14:00,9.6,0.00,70,4.3,7.2,0.00,0.00,0.00,2,64,6,56,31,6.8,189,177,11.3,20.5,1,3600.00,1019.1,1004.7
2020-01-17T15:00,9.7,0.00,72,4.8,7.3,0.00,0.00,0.00,3,99,87,96,63,7.8,206,193,16.4,17.6,1,3600.00,1018.6,1004.2
2020-01-17T16:00,9.2,0.00,77,5.5,6.2,0.00,0.00,0.00,3,100,97,96,99,13.3,223,221,25.2,28.4,1,0.00,1018.8,1004.4
2020-01-17T17:00,8.7,0.10,82,5.7,5.3,0.10,0.00,0.00,51,100,99,99,88,15.6,225,220,28.0,34.2,0,0.00,1019.4,1004.9
2020-01-17T18:00,8.2,0.10,86,6.0,5.2,0.10,0.00,0.00,51,100,100,100,81,13.6,225,220,25.5,33.8,0,0.00,1019.7,1005.2
2020-01-17T19:00,8.0,0.00,88,6.2,5.0,0.00,0.00,0.00,3,100,99,77,53,14.0,232,228,26.1,30.2,0,0.00,1020.1,1005.6
2020-01-17T20:00,7.7,0.00,90,6.1,4.7,0.00,0.00,0.00,3,100,99,30,30,14.1,234,230,26.6,30.6,0,0.00,1020.8,1006.3
2020-01-17T21:00,7.1,0.00,92,5.9,4.3,0.00,0.00,0.00,3,99,99,33,38,12.4,238,234,24.6,30.6,0,0.00,1021.1,1006.5
2020-01-17T22:00,6.6,0.00,95,5.8,4.0,0.00,0.00,0.00,3,96,56,92,23,10.4,243,236,22.2,27.0,0,0.00,1021.5,1006.9
2020-01-17T23:00,6.0,0.00,95,5.2,3.3,0.00,0.00,0.00,3,92,89,38,26,9.9,243,237,22.2,23.0,0,0.00,1022.4,1007.8
2020-01-18T00:00,5.8,0.10,95,5.1,3.2,0.10,0.00,0.00,51,59,28,46,10,9.7,250,243,21.1,22.7,0,0.00,1022.9,1008.2
2020-01-18T01:00,5.3,0.00,95,4.5,2.8,0.00,0.00,0.00,3,100,38,16,22,7.7,254,242,19.8,20.9,0,0.00,1023.5,1008.8
2020-01-18T02:00,5.0,0.00,95,4.2,2.2,0.00,0.00,0.00,3,100,100,1,0,9.2,253,244,21.4,20.2,0,0.00,1024.2,1009.5
2020-01-18T03:00,4.7,0.00,95,3.9,1.7,0.00,0.00,0.00,3,100,100,13,1,10.5,247,243,23.4,23.4,0,0.00,1025.3,1010.6
2020-01-18T04:00,4.5,0.00,95,3.8,1.5,0.00,0.00,0.00,3,100,100,54,1,10.8,246,240,22.9,24.1,0,0.00,1025.4,1010.6
2020-01-18T05:00,3.9,0.00,95,3.2,1.0,0.00,0.00,0.00,3,99,99,63,10,9.4,234,227,21.4,23.4,0,0.00,1026.1,1011.3
2020-01-18T06:00,3.6,0.10,93,2.5,0.4,0.10,0.00,0.00,51,97,96,20,40,9.7,226,228,22.4,21.6,0,0.00,1026.5,1011.7
2020-01-18T07:00,3.4,0.10,95,2.7,0.3,0.10,0.00,0.00,51,82,72,7,43,9.9,226,224,22.1,21.6,0,0.00,1027.0,1012.2
2020-01-18T08:00,3.3,0.00,96,2.7,0.3,0.00,0.00,0.00,1,25,3,3,23,9.3,225,216,20.4,22.0,0,0.00,1027.6,1012.7
2020-01-18T09:00,3.2,0.00,95,2.4,-0.2,0.00,0.00,0.00,2,64,0,0,64,10.9,230,224,22.2,23.4,1,56.78,1027.8,1012.9
2020-01-18T10:00,4.2,0.00,92,3.0,0.6,0.00,0.00,0.00,3,94,0,0,94,13.5,231,228,23.6,29.2,1,3536.68,1027.9,1013.1
2020-01-18T11:00,4.9,0.00,87,2.9,0.8,0.00,0.00,0.00,2,78,0,7,77,16.7,239,237,25.7,36.7,1,825.00,1027.8,1013.0
2020-01-18T12:00,5.3,0.00,83,2.6,1.5,0.00,0.00,0.00,3,94,0,11,94,14.3,243,242,21.4,36.7,1,2950.55,1027.5,1012.7
2020-01-18T13:00,5.9,0.00,79,2.5,1.8,0.00,0.00,0.00,1,48,0,25,36,16.5,250,250,23.7,38.2,1,2606.90,1027.5,1012.8
2020-01-18T14:00,6.0,0.10,77,2.3,2.1,0.10,0.00,0.00,51,66,0,53,56,14.3,258,258,21.0,40.7,1,3600.00,1027.4,1012.7
2020-01-18T15:00,5.6,0.10,82,2.8,2.1,0.10,0.00,0.00,51,59,0,45,51,13.0,268,268,19.5,36.7,1,3600.00,1027.0,1012.3
2020-01-18T16:00,5.2,0.00,80,2.1,1.8,0.00,0.00,0.00,1,31,0,21,27,11.1,260,257,19.0,32.0,1,3600.00,1027.2,1012.4
2020-01-18T17:00,3.5,0.00,91,2.1,0.9,0.00,0.00,0.00,1,20,0,16,14,6.0,247,237,16.0,23.4,0,784.89,1027.7,1012.9
2020-01-18T18:00,2.4,0.00,93,1.4,-0.4,0.00,0.00,0.00,0,12,0,8,8,5.6,256,243,16.0,13.7,0,0.00,1028.1,1013.2
2020-01-18T19:00,1.4,0.00,94,0.6,-1.5,0.00,0.00,0.00,0,9,0,8,5,5.8,259,240,15.0,12.6,0,0.00,1028.6,1013.6
2020-01-18T20:00,0.5,0.00,95,-0.2,-2.6,0.00,0.00,0.00,1,37,0,27,33,6.4,259,232,12.8,12.2,0,0.00,1028.9,1013.9
2020-01-18T21:00,0.1,0.00,95,-0.6,-3.2,0.00,0.00,0.00,0,7,0,5,6,6.9,266,231,10.8,12.2,0,0.00,1029.1,1014.0
2020-01-18T22:00,0.3,0.00,95,-0.4,-2.7,0.00,0.00,0.00,0,9,0,1,9,5.6,284,230,8.9,11.9,0,0.00,1029.6,1014.6
2020-01-18T23:00,1.8,0.00,93,0.8,-1.0,0.00,0.00,0.00,1,26,0,6,24,5.1,307,262,9.5,10.8,0,0.00,1029.9,1014.9
2020-01-19T00:00,0.8,0.00,93,-0.2,-2.3,0.00,0.00,0.00,1,24,0,15,22,6.5,319,304,11.0,11.5,0,0.00,1030.3,1015.3
2020-01-19T01:00,0.3,0.00,91,-1.0,-3.2,0.00,0.00,0.00,1,30,0,8,3,8.4,330,340,15.0,12.6,0,0.00,1030.6,1015.5
2020-01-19T02:00,0.0,0.00,92,-1.1,-3.3,0.00,0.00,0.00,0,9,0,2,8,7.0,326,325,11.7,14.4,0,0.00,1031.1,1016.0
2020-01-19T03:00,-0.4,0.10,93,-1.4,-3.7,0.10,0.00,0.00,51,41,0,31,28,6.8,321,302,11.5,12.2,0,0.00,1031.6,1016.5
2020-01-19T04:00,-0.0,0.20,93,-1.0,-3.1,0.10,0.00,0.07,71,33,0,20,26,5.4,327,307,12.0,11.9,0,0.00,1032.2,1017.1
2020-01-19T05:00,-0.2,0.10,93,-1.1,-3.4,0.00,0.00,0.07,71,54,0,1,53,6.1,338,320,10.5,11.9,0,0.00,1032.4,1017.3
2020-01-19T06:00,0.1,0.00,93,-0.9,-2.8,0.00,0.00,0.00,2,54,0,2,54,4.6,330,309,10.8,11.5,0,0.00,1032.8,1017.7
2020-01-19T07:00,0.2,0.10,94,-0.6,-2.7,0.00,0.00,0.07,71,82,0,25,80,4.6,325,309,11.9,10.1,0,0.00,1033.6,1018.5
2020-01-19T08:00,0.4,0.10,95,-0.3,-2.4,0.00,0.00,0.07,71,69,0,14,69,4.6,328,309,12.3,10.8,0,0.00,1034.1,1019.0
2020-01-19T09:00,0.6,0.10,95,-0.1,-2.3,0.00,0.00,0.07,71,59,0,7,58,5.1,332,315,12.2,10.8,1,0.00,1035.1,1020.0
2020-01-19T10:00,1.7,0.00,92,0.6,-1.6,0.00,0.00,0.00,3,94,0,3,94,8.8,328,325,13.1,18.7,1,3449.58,1035.9,1020.8
2020-01-19T11:00,2.4,0.00,89,0.8,-1.2,0.00,0.00,0.00,3,100,0,1,100,10.9,335,333,15.1,24.5,1,0.00,1036.5,1021.5
2020-01-19T12:00,3.3,0.00,84,0.8,-0.1,0.00,0.00,0.00,3,100,0,18,100,10.0,347,345,14.1,24.1,1,269.82,1036.7,1021.7
2020-01-19T13:00,4.6,0.10,88,2.8,1.8,0.10,0.00,0.00,51,99,0,21,40,8.2,349,345,11.7,23.0,1,207.33,1037.3,1022.4
2020-01-19T14:00,4.9,0.20,85,2.6,1.9,0.20,0.00,0.00,51,72,1,30,68,8.8,350,348,12.4,23.4,1,3600.00,1037.6,1022.7
2020-01-19T15:00,4.3,0.70,85,2.0,1.1,0.50,0.00,0.14,71,34,0,21,22,9.7,359,356,14.0,26.3,1,2639.19,1038.1,1023.1
2020-01-19T16:00,3.9,0.00,88,2.1,1.1,0.00,0.00,0.00,1,32,0,27,15,7.2,358,354,12.6,24.1,1,3600.00,1038.6,1023.6
2020-01-19T17:00,1.8,0.00,93,0.8,-1.0,0.00,0.00,0.00,1,20,0,15,13,5.4,358,352,13.7,15.5,0,933.88,1039.5,1024.4
2020-01-19T18:00,1.7,0.00,92,0.6,-1.2,0.00,0.00,0.00,0,10,0,2,9,6.1,360,357,15.8,13.3,0,0.00,1040.1,1025.0
2020-01-19T19:00,1.2,0.00,93,0.2,-1.9,0.00,0.00,0.00,0,17,0,13,16,6.3,17,24,17.3,15.1,0,0.00,1041.2,1026.0
2020-01-19T20:00,1.1,0.00,92,-0.0,-2.0,0.00,0.00,0.00,1,20,0,16,15,6.7,30,36,17.9,15.1,0,0.00,1041.7,1026.5
2020-01-19T21:00,0.9,0.00,92,-0.2,-2.2,0.00,0.00,0.00,0,15,0,12,9,6.0,32,33,17.5,15.5,0,0.00,1042.6,1027.4
2020-01-19T22:00,0.1,0.00,92,-1.0,-3.0,0.00,0.00,0.00,0,5,0,3,5,5.8,31,22,16.0,14.4,0,0.00,1043.4,1028.1
2020-01-19T23:00,-1.0,0.00,92,-2.1,-4.5,0.00,0.00,0.00,0,3,0,3,2,7.4,39,29,15.3,14.0,0,0.00,1044.0,1028.7
2020-01-20T00:00,-1.3,0.00,92,-2.4,-4.9,0.00,0.00,0.00,0,17,0,5,16,7.5,30,17,14.2,14.4,0,0.00,1044.6,1029.2
2020-01-20T01:00,0.7,0.00,89,-1.0,-2.7,0.00,0.00,0.00,1,40,0,1,19,7.6,42,45,13.0,13.7,0,0.00,1044.7,1029.5
2020-01-20T02:00,0.1,0.00,89,-1.6,-3.4,0.00,0.00,0.00,0,12,0,0,12,7.4,41,43,12.5,13.7,0,0.00,1044.9,1029.6
2020-01-20T03:00,-0.5,0.00,91,-1.8,-3.9,0.00,0.00,0.00,0,1,0,0,1,6.7,41,36,15.3,13.7,0,0.00,1045.1,1029.8
2020-01-20T04:00,-0.5,0.00,91,-1.8,-3.8,0.00,0.00,0.00,0,1,0,0,1,6.4,47,47,16.8,13.7,0,0.00,1044.8,1029.5
2020-01-20T05:00,-0.8,0.00,92,-2.0,-4.2,0.00,0.00,0.00,0,1,0,0,1,6.5,53,56,17.2,13.7,0,0.00,1045.2,1029.9
2020-01-20T06:00,-1.9,0.00,93,-2.9,-5.6,0.00,0.00,0.00,0,0,0,0,0,8.2,59,67,13.9,14.0,0,0.00,1045.5,1030.1
2020-01-20T07:00,-1.2,0.00,91,-2.5,-4.6,0.00,0.00,0.00,0,0,0,0,0,6.3,68,77,10.5,14.0,0,0.00,1046.0,1030.6
2020-01-20T08:00,0.4,0.00,88,-1.3,-2.5,0.00,0.00,0.00,0,0,0,0,0,4.1,99,128,6.9,11.5,0,0.00,1046.3,1031.0
2020-01-20T09:00,0.2,0.00,89,-1.5,-2.4,0.00,0.00,0.00,0,1,0,1,1,1.3,107,56,3.8,8.3,1,380.99,1047.0,1031.7
2020-01-20T10:00,1.2,0.00,89,-0.3,-1.0,0.00,0.00,0.00,0,2,0,1,2,0.4,76,270,3.0,6.1,1,3600.00,1047.4,1032.1
2020-01-20T11:00,2.7,0.00,86,0.6,0.5,0.00,0.00,0.00,0,5,0,0,5,0.8,34,297,1.3,7.9,1,3600.00,1047.3,1032.1
2020-01-20T12:00,4.2,0.00,81,1.2,1.7,0.00,0.00,0.00,3,80,0,0,80,3.4,62,58,5.3,12.2,1,3600.00,1047.0,1031.9
2020-01-20T13:00,6.3,0.00,69,1.1,3.5,0.00,0.00,0.00,3,81,0,0,35,5.6,51,45,7.9,14.8,1,3600.00,1046.5,1031.5
2020-01-20T14:00,6.9,0.00,61,-0.2,3.4,0.00,0.00,0.00,1,34,0,0,34,9.4,73,72,13.6,22.0,1,3600.00,1046.1,1031.2
2020-01-20T15:00,6.5,0.00,58,-1.2,2.5,0.00,0.00,0.00,1,20,0,0,20,11.4,72,72,17.4,25.2,1,3600.00,1045.7,1030.8
2020-01-20T16:00,5.4,0.00,61,-1.6,1.6,0.00,0.00,0.00,0,11,0,0,11,9.8,75,73,18.6,25.2,1,3600.00,1045.5,1030.5
2020-01-20T17:00,2.8,0.00,71,-2.0,-0.7,0.00,0.00,0.00,0,14,0,0,14,7.8,76,68,18.9,21.2,1,1419.91,1045.5,1030.4
2020-01-20T18:00,2.1,0.00,74,-2.0,-1.6,0.00,0.00,0.00,2,74,0,0,74,8.8,67,55,20.7,18.7,0,0.00,1045.4,1030.2
2020-01-20T19:00,1.4,0.00,79,-1.9,-2.3,0.00,0.00,0.00,0,2,0,0,2,9.0,66,53,21.6,19.4,0,0.00,1045.4,1030.2
2020-01-20T20:00,1.2,0.00,81,-1.7,-2.7,0.00,0.00,0.00,0,6,0,0,6,10.2,70,58,23.8,21.6,0,0.00,1045.7,1030.5
2020-01-20T21:00,1.1,0.00,82,-1.6,-2.9,0.00,0.00,0.00,0,1,0,0,1,11.1,77,65,25.5,24.1,0,0.00,1045.5,1030.3
2020-01-20T22:00,1.0,0.00,81,-1.9,-2.9,0.00,0.00,0.00,0,1,0,0,1,10.4,83,70,24.6,24.1,0,0.00,1045.3,1030.1
2020-01-20T23:00,0.5,0.00,82,-2.2,-3.4,0.00,0.00,0.00,0,0,0,0,0,9.8,77,62,23.3,22.7,0,0.00,1044.9,1029.6
2020-01-21T00:00,0.2,0.00,82,-2.6,-3.7,0.00,0.00,0.00,0,0,0,0,0,9.7,73,63,23.3,21.6,0,0.00,1044.9,1029.6
2020-01-21T01:00,-0.1,0.00,83,-2.6,-3.8,0.00,0.00,0.00,0,0,0,0,0,8.5,70,62,21.4,23.4,0,0.00,1044.7,1029.4
2020-01-21T02:00,-0.1,0.00,84,-2.5,-4.1,0.00,0.00,0.00,0,0,0,0,0,10.2,76,72,23.7,22.3,0,0.00,1044.7,1029.4
2020-01-21T03:00,-0.3,0.00,85,-2.5,-4.1,0.00,0.00,0.00,0,0,0,0,0,9.5,82,81,23.3,22.3,0,0.00,1044.2,1028.9
2020-01-21T04:00,-0.9,0.00,86,-2.9,-4.5,0.00,0.00,0.00,0,0,0,0,0,7.2,89,84,19.4,20.9,0,0.00,1043.6,1028.3
2020-01-21T05:00,-1.2,0.00,87,-3.1,-4.9,0.00,0.00,0.00,0,0,0,0,0,7.2,92,90,19.5,16.2,0,0.00,1043.5,1028.2
2020-01-21T06:00,-1.3,0.00,87,-3.2,-5.1,0.00,0.00,0.00,0,0,0,0,0,7.9,94,90,20.6,17.3,0,0.00,1043.4,1028.1
2020-01-21T07:00,-1.3,0.00,87,-3.2,-5.0,0.00,0.00,0.00,0,0,0,0,0,7.7,90,79,20.5,18.0,0,0.00,1043.1,1027.8
2020-01-21T08:00,-1.4,0.00,87,-3.3,-5.1,0.00,0.00,0.00,0,0,0,0,0,7.7,89,79,20.2,16.6,0,0.00,1043.1,1027.8
2020-01-21T09:00,-0.5,0.00,85,-2.8,-4.1,0.00,0.00,0.00,0,0,0,0,0,7.2,97,90,18.5,16.6,1,548.82,1043.2,1027.9
2020-01-21T10:00,1.2,0.00,79,-2.0,-2.2,0.00,0.00,0.00,0,0,0,0,0,6.6,102,103,13.6,16.9,1,3600.00,1042.9,1027.7
2020-01-21T11:00,2.6,0.00,74,-1.6,-0.9,0.00,0.00,0.00,0,0,0,0,0,7.8,103,103,11.4,19.4,1,3600.00,1042.7,1027.6
2020-01-21T12:00,3.7,0.00,70,-1.2,0.5,0.00,0.00,0.00,0,0,0,0,0,6.1,85,87,8.3,19.8,1,3600.00,1042.2,1027.2
2020-01-21T13:00,4.1,0.00,72,-0.5,0.7,0.00,0.00,0.00,0,0,0,0,0,8.0,96,98,10.9,16.9,1,3600.00,1042.2,1027.2
2020-01-21T14:00,4.4,0.00,72,-0.3,1.1,0.00,0.00,0.00,0,0,0,0,0,7.8,99,103,10.9,20.5,1,3600.00,1041.4,1026.4
2020-01-21T15:00,4.5,0.00,71,-0.3,1.1,0.00,0.00,0.00,0,0,0,0,0,7.9,101,106,11.4,20.5,1,3600.00,1041.0,1026.0
2020-01-21T16:00,3.7,0.00,79,0.4,1.1,0.00,0.00,0.00,0,0,0,0,0,3.7,106,119,9.0,18.7,1,3600.00,1040.7,1025.7
2020-01-21T17:00,3.2,0.00,74,-0.9,0.2,0.00,0.00,0.00,0,0,0,0,0,4.9,103,107,7.8,10.4,1,1523.88,1040.3,1025.3
2020-01-21T18:00,-0.3,0.00,85,-2.5,-3.3,0.00,0.00,0.00,0,0,0,0,0,3.6,66,53,4.3,9.0,0,0.00,1039.9,1024.7
2020-01-21T19:00,-2.1,0.00,89,-3.6,-5.3,0.00,0.00,0.00,0,0,0,0,0,4.0,68,80,3.9,8.3,0,0.00,1039.8,1024.5
2020-01-21T20:00,-2.3,0.00,88,-4.0,-5.9,0.00,0.00,0.00,0,0,0,0,0,5.9,121,101,9.2,11.9,0,0.00,1039.8,1024.5
2020-01-21T21:00,-2.5,0.00,88,-4.2,-6.2,0.00,0.00,0.00,0,0,0,0,0,6.6,99,81,12.0,13.7,0,0.00,1039.2,1023.9
2020-01-21T22:00,-2.6,0.00,88,-4.3,-6.3,0.00,0.00,0.00,0,0,0,0,0,6.3,87,77,13.0,13.7,0,0.00,1039.1,1023.8
2020-01-21T23:00,-2.9,0.00,88,-4.6,-6.5,0.00,0.00,0.00,0,0,0,0,0,5.8,90,83,13.7,13.7,0,0.00,1039.0,1023.6
2020-01-22T00:00,-3.3,0.00,88,-4.9,-6.8,0.00,0.00,0.00,0,0,0,0,0,5.2,101,102,13.6,13.0,0,0.00,1038.8,1023.4
2020-01-22T01:00,-2.7,0.00,88,-4.4,-6.5,0.00,0.00,0.00,0,0,0,0,0,6.8,95,93,18.1,11.5,0,0.00,1038.7,1023.4
2020-01-22T02:00,-3.0,0.00,88,-4.7,-7.0,0.00,0.00,0.00,0,1,0,0,1,8.2,102,105,19.8,17.6,0,0.00,1038.1,1022.7
2020-01-22T03:00,-3.3,0.00,87,-5.2,-7.3,0.00,0.00,0.00,0,12,9,0,3,7.8,106,103,19.1,17.6,0,0.00,1037.7,1022.3
2020-01-22T04:00,-3.8,0.00,88,-5.6,-7.4,0.00,0.00,0.00,1,39,37,0,4,5.2,83,56,13.8,16.9,0,0.00,1037.2,1021.8
2020-01-22T05:00,-3.9,0.00,88,-5.6,-7.6,0.00,0.00,0.00,0,5,2,0,3,6.2,31,21,13.9,12.6,0,0.00,1037.4,1022.0
2020-01-22T06:00,-4.7,0.00,89,-6.2,-8.5,0.00,0.00,0.00,0,1,0,0,1,5.8,46,60,11.5,12.6,0,0.00,1036.8,1021.4
2020-01-22T07:00,-3.9,0.00,86,-5.9,-7.4,0.00,0.00,0.00,0,1,0,0,1,4.3,105,114,5.6,10.4,0,0.00,1036.9,1021.5
2020-01-22T08:00,-3.9,0.00,87,-5.8,-7.1,0.00,0.00,0.00,0,1,0,0,1,2.6,54,16,3.1,7.2,0,0.00,1037.4,1022.0
2020-01-22T09:00,-3.2,0.00,86,-5.2,-6.5,0.00,0.00,0.00,0,1,0,0,1,3.7,133,151,5.9,7.2,1,435.63,1037.2,1021.8
2020-01-22T10:00,-1.7,0.00,76,-5.3,-5.3,0.00,0.00,0.00,0,8,0,0,8,5.4,152,160,7.7,15.1,1,3600.00,1036.8,1021.5
2020-01-22T11:00,-0.2,0.00,68,-5.3,-3.3,0.00,0.00,0.00,0,4,0,0,4,1.8,124,143,2.6,15.1,1,3600.00,1036.6,1021.4
2020-01-22T12:00,1.4,0.00,61,-5.2,-1.9,0.00,0.00,0.00,0,0,0,0,0,3.2,349,333,3.7,12.2,1,3600.00,1036.6,1021.5
2020-01-22T13:00,0.5,0.00,76,-3.3,-2.6,0.00,0.00,0.00,0,0,0,0,3,3.4,355,342,4.3,18.7,1,3600.00,1037.4,1022.2
2020-01-22T14:00,1.7,0.00,70,-3.1,-1.9,0.00,0.00,0.00,0,0,0,0,0,7.3,349,340,9.5,19.8,1,3600.00,1036.7,1021.6
2020-01-22T15:00,2.2,0.00,70,-2.8,-0.8,0.00,0.00,0.00,0,0,0,0,0,3.2,288,270,3.4,19.8,1,3600.00,1036.0,1021.0
2020-01-22T16:00,0.4,0.00,79,-2.8,-3.1,0.00,0.00,0.00,0,0,0,0,0,6.9,278,279,10.9,14.8,1,3600.00,1035.9,1020.8
2020-01-22T17:00,-3.0,0.00,94,-3.9,-6.7,0.00,0.00,0.00,0,2,0,0,2,6.7,328,324,13.1,14.8,1,1629.12,1036.0,1020.7
2020-01-22T18:00,-4.4,0.00,96,-5.0,-8.0,0.00,0.00,0.00,0,14,13,0,1,5.5,9,11,13.1,13.3,0,0.00,1036.1,1020.7
2020-01-22T19:00,-4.8,0.00,93,-5.7,-8.5,0.00,0.00,0.00,0,14,14,0,1,5.6,27,40,8.9,10.4,0,0.00,1036.2,1020.8
2020-01-22T20:00,-4.7,0.00,91,-6.0,-8.3,0.00,0.00,0.00,0,11,1,0,10,4.4,63,55,5.6,9.7,0,0.00,1036.2,1020.8
2020-01-22T21:00,-4.1,0.00,89,-5.7,-7.5,0.00,0.00,0.00,1,31,0,0,31,3.9,86,56,5.8,8.6,0,0.00,1036.5,1021.1
2020-01-22T22:00,-3.4,0.00,89,-4.9,-6.8,0.00,0.00,0.00,2,66,0,0,66,4.2,77,59,7.8,9.4,0,0.00,1036.5,1021.1
2020-01-22T23:00,-2.0,0.00,85,-4.2,-5.3,0.00,0.00,0.00,3,100,0,0,100,3.7,75,61,8.2,9.4,0,0.00,1036.7,1021.4
2020-01-23T00:00,-0.9,0.00,79,-4.1,-4.2,0.00,0.00,0.00,3,100,0,0,100,4.1,97,135,8.4,8.3,0,0.00,1036.8,1021.6
2020-01-23T01:00,0.3,0.00,79,-3.0,-2.9,0.00,0.00,0.00,3,100,0,1,99,4.7,96,90,9.8,9.4,0,0.00,1037.3,1022.1
2020-01-23T02:00,-0.2,0.00,81,-3.1,-3.5,0.00,0.00,0.00,3,83,0,1,83,5.0,96,69,9.8,9.7,0,0.00,1036.8,1021.6
2020-01-23T03:00,-0.4,0.00,82,-3.1,-3.6,0.00,0.00,0.00,2,64,0,0,64,4.3,104,85,12.2,10.8,0,0.00,1036.1,1020.9
2020-01-23T04:00,-0.7,0.00,84,-3.1,-4.0,0.00,0.00,0.00,1,40,0,0,40,5.1,102,86,14.3,11.2,0,0.00,1035.5,1020.3
2020-01-23T05:00,-1.0,0.00,86,-3.1,-4.3,0.00,0.00,0.00,2,61,0,0,61,5.0,91,69,14.8,11.5,0,0.00,1035.0,1019.8
2020-01-23T06:00,-0.3,0.00,83,-2.9,-3.9,0.00,0.00,0.00,2,67,0,0,67,7.2,88,72,17.7,15.1,0,0.00,1034.3,1019.2
2020-01-23T07:00,0.4,0.00,80,-2.6,-3.4,0.00,0.00,0.00,3,83,0,0,83,8.5,89,78,19.4,18.0,0,0.00,1033.8,1018.7
2020-01-23T08:00,0.5,0.00,81,-2.4,-3.0,0.00,0.00,0.00,3,82,0,0,82,7.3,88,79,18.4,18.0,0,0.00,1033.6,1018.5
2020-01-23T09:00,1.1,0.00,79,-2.1,-2.5,0.00,0.00,0.00,2,75,0,0,75,7.8,86,77,17.0,16.6,1,0.00,1033.6,1018.5
2020-01-23T10:00,2.4,0.00,73,-1.9,-1.1,0.00,0.00,0.00,2,61,0,0,61,7.2,87,84,14.1,17.3,1,3600.00,1033.4,1018.4
2020-01-23T11:00,3.7,0.00,67,-1.8,0.0,0.00,0.00,0.00,2,50,0,0,50,9.0,90,90,13.3,21.6,1,3600.00,1033.0,1018.1
2020-01-23T12:00,5.1,0.00,63,-1.4,1.5,0.00,0.00,0.00,1,35,0,0,35,9.0,93,95,12.6,22.7,1,3600.00,1032.0,1017.2
2020-01-23T13:00,3.0,0.00,79,-0.3,-0.5,0.00,0.00,0.00,0,16,0,0,100,8.7,104,107,11.9,22.7,1,3600.00,1032.5,1017.6
2020-01-23T14:00,3.3,0.00,76,-0.6,-0.3,0.00,0.00,0.00,3,100,0,0,100,9.4,93,92,13.3,22.3,1,1529.22,1031.3,1016.4
2020-01-23T15:00,3.6,0.00,73,-0.7,-0.1,0.00,0.00,0.00,2,78,0,0,78,9.7,86,86,14.1,23.0,1,3025.25,1030.2,1015.3
2020-01-23T16:00,3.1,0.00,76,-0.7,-0.2,0.00,0.00,0.00,2,59,0,0,59,7.1,78,75,14.3,22.0,1,2711.64,1029.5,1014.6
2020-01-23T17:00,1.3,0.00,86,-0.8,-1.9,0.00,0.00,0.00,2,64,0,0,64,6.3,76,66,16.3,15.1,1,376.76,1028.7,1013.7
2020-01-23T18:00,0.1,0.00,89,-1.5,-3.3,0.00,0.00,0.00,2,65,0,0,65,6.6,88,77,17.7,14.4,0,0.00,1028.6,1013.6
2020-01-23T19:00,0.2,0.00,90,-1.2,-3.5,0.00,0.00,0.00,2,64,0,0,64,9.1,97,83,21.4,18.7,0,0.00,1028.7,1013.7
2020-01-23T20:00,0.2,0.00,90,-1.3,-3.6,0.00,0.00,0.00,1,26,0,0,26,9.7,100,92,23.0,20.9,0,0.00,1028.0,1013.0
2020-01-23T21:00,-0.4,0.00,90,-1.9,-4.2,0.00,0.00,0.00,0,10,0,0,10,9.3,108,103,22.7,20.9,0,0.00,1027.9,1012.8
2020-01-23T22:00,-1.1,0.00,90,-2.5,-4.9,0.00,0.00,0.00,0,5,0,0,5,9.1,112,108,22.6,19.4,0,0.00,1027.9,1012.8
2020-01-23T23:00,-1.8,0.00,90,-3.1,-5.4,0.00,0.00,0.00,0,2,0,0,2,7.4,113,104,19.5,19.4,0,0.00,1027.6,1012.5
2020-01-24T00:00,-2.5,0.00,90,-3.9,-6.1,0.00,0.00,0.00,0,1,0,0,1,6.5,116,109,18.0,15.8,0,0.00,1027.5,1012.3
2020-01-24T01:00,-0.8,0.00,90,-2.3,-4.2,0.00,0.00,0.00,0,1,0,0,67,6.4,141,137,13.8,13.7,0,0.00,1028.5,1013.4
2020-01-24T02:00,-0.8,0.00,89,-2.5,-4.2,0.00,0.00,0.00,2,78,0,0,78,5.9,140,142,10.7,13.3,0,0.00,1027.7,1012.6
2020-01-24T03:00,-1.1,0.00,90,-2.6,-4.8,0.00,0.00,0.00,3,96,0,0,96,7.7,167,169,12.6,16.2,0,0.00,1027.9,1012.8
2020-01-24T04:00,-1.2,0.00,92,-2.3,-4.4,0.00,0.00,0.00,3,98,0,0,98,5.0,195,180,8.6,18.0,0,0.00,1027.2,1012.1
2020-01-24T05:00,-1.1,0.00,94,-2.0,-4.0,0.00,0.00,0.00,3,97,0,0,97,3.3,207,193,4.8,12.2,0,0.00,1026.8,1011.7
2020-01-24T06:00,-1.2,0.00,96,-1.8,-4.2,0.00,0.00,0.00,3,92,0,0,92,3.6,196,186,5.2,9.4,0,0.00,1026.8,1011.7
2020-01-24T07:00,-1.3,0.00,96,-1.8,-4.3,0.00,0.00,0.00,3,99,0,0,99,4.0,180,170,5.4,9.0,0,0.00,1026.7,1011.6
2020-01-24T08:00,-1.3,0.00,95,-1.9,-4.4,0.00,0.00,0.00,3,100,0,0,100,5.2,162,155,6.8,11.9,0,0.00,1026.6,1011.5
2020-01-24T09:00,-1.3,0.00,94,-2.2,-4.7,0.00,0.00,0.00,3,100,0,0,100,6.6,155,151,8.4,14.8,1,0.00,1026.8,1011.7
2020-01-24T10:00,-0.7,0.00,88,-2.4,-4.1,0.00,0.00,0.00,1,36,0,0,36,6.6,152,151,9.3,17.3,1,2113.44,1026.8,1011.7
2020-01-24T11:00,1.1,0.00,80,-2.0,-2.2,0.00,0.00,0.00,0,13,0,0,13,5.6,157,153,7.4,16.9,1,3600.00,1026.6,1011.6
2020-01-24T12:00,2.8,0.00,74,-1.3,-0.2,0.00,0.00,0.00,0,12,0,0,12,4.9,164,163,6.7,16.2,1,3600.00,1025.9,1011.0
2020-01-24T13:00,3.2,0.00,78,-0.4,0.4,0.00,0.00,0.00,0,11,0,0,5,3.9,201,202,5.0,15.8,1,3600.00,1025.3,1010.5
2020-01-24T14:00,4.0,0.00,77,0.3,1.4,0.00,0.00,0.00,0,11,0,0,11,3.8,192,197,5.2,14.4,1,3600.00,1024.7,1009.9
2020-01-24T15:00,4.5,0.00,77,0.8,2.1,0.00,0.00,0.00,0,4,0,0,4,2.5,186,180,3.6,13.7,1,3600.00,1024.2,1009.5
2020-01-24T16:00,4.3,0.00,82,1.5,2.0,0.00,0.00,0.00,0,8,0,0,8,2.8,140,130,5.6,9.7,1,3600.00,1023.9,1009.2
2020-01-24T17:00,1.2,0.00,89,-0.5,-2.0,0.00,0.00,0.00,0,9,0,0,9,6.8,146,108,6.5,10.1,1,1842.69,1023.6,1008.7
2020-01-24T18:00,0.5,0.00,90,-1.0,-2.3,0.00,0.00,0.00,1,25,0,0,25,3.6,180,84,2.2,10.1,0,0.00,1023.7,1008.7
2020-01-24T19:00,0.8,0.00,89,-0.7,-1.8,0.00,0.00,0.00,1,28,0,0,28,2.9,326,60,2.6,7.2,0,0.00,1023.9,1009.0
2020-01-24T20:00,0.6,0.00,89,-1.0,-1.9,0.00,0.00,0.00,1,34,0,0,34,1.8,284,79,1.5,6.8,0,0.00,1024.2,1009.2
2020-01-24T21:00,0.6,0.00,89,-1.0,-2.2,0.00,0.00,0.00,1,33,0,0,33,3.6,210,135,2.9,7.6,0,0.00,1024.0,1009.0
2020-01-24T22:00,0.3,0.00,90,-1.2,-2.7,0.00,0.00,0.00,1,24,0,0,24,4.3,207,114,1.6,8.3,0,0.00,1023.7,1008.7
2020-01-24T23:00,0.1,0.00,91,-1.2,-2.8,0.00,0.00,0.00,2,57,0,0,57,3.9,360,56,4.7,7.9,0,0.00,1023.7,1008.7
2020-01-25T00:00,0.4,0.00,93,-0.6,-2.6,0.00,0.00,0.00,2,78,0,0,78,4.8,6,63,6.5,8.3,0,0.00,1023.8,1008.8
2020-01-25T01:00,0.4,0.00,91,-0.9,-2.6,0.00,0.00,0.00,2,79,0,0,10,5.0,336,21,7.9,7.9,0,0.00,1023.8,1008.8
2020-01-25T02:00,-1.3,0.00,94,-2.1,-4.6,0.00,0.00,0.00,0,12,1,0,11,5.8,337,7,7.4,9.7,0,0.00,1023.8,1008.7
2020-01-25T03:00,-0.9,0.00,95,-1.6,-4.0,0.00,0.00,0.00,1,36,29,0,10,5.0,347,21,10.0,10.4,0,0.00,1023.7,1008.7
2020-01-25T04:00,-1.9,0.00,95,-2.6,-5.1,0.00,0.00,0.00,1,45,38,0,11,4.7,343,58,6.0,10.1,0,0.00,1023.5,1008.4
2020-01-25T05:00,-1.8,0.00,95,-2.6,-4.7,0.00,0.00,0.00,2,74,72,0,9,2.3,252,141,1.1,8.6,0,0.00,1023.4,1008.3
2020-01-25T06:00,-2.3,0.00,96,-2.9,-5.6,0.00,0.00,0.00,1,34,28,0,8,4.7,194,157,3.0,8.6,0,0.00,1023.5,1008.4
2020-01-25T07:00,-1.3,0.00,96,-1.8,-4.1,0.00,0.00,0.00,1,45,17,14,27,2.6,90,106,1.8,8.3,0,0.00,1023.6,1008.6
2020-01-25T08:00,-1.6,0.00,98,-1.8,-4.5,0.00,0.00,0.00,3,93,14,35,89,3.2,112,117,3.9,5.4,0,0.00,1023.8,1008.7
2020-01-25T09:00,-0.7,0.00,98,-0.9,-3.5,0.00,0.00,0.00,3,100,32,0,100,3.9,126,124,6.2,9.0,1,0.00,1024.0,1009.0
2020-01-25T10:00,0.6,0.00,97,0.1,-2.3,0.00,0.00,0.00,3,100,65,0,100,4.8,131,138,6.6,13.7,1,993.19,1024.1,1009.1
2020-01-25T11:00,1.6,0.00,94,0.8,-1.1,0.00,0.00,0.00,3,100,0,0,100,5.2,141,146,7.4,15.5,1,1928.18,1024.6,1009.7
2020-01-25T12:00,2.6,0.00,94,1.8,0.3,0.00,0.00,0.00,3,100,0,0,100,3.1,149,159,4.2,15.5,1,1466.19,1024.3,1009.5
2020-01-25T13:00,2.9,0.00,91,1.5,0.6,0.00,0.00,0.00,3,100,0,98,100,2.7,148,157,3.4,11.9,1,3600.00,1023.8,1009.0
2020-01-25T14:00,3.2,0.00,89,1.6,0.8,0.00,0.00,0.00,3,100,0,65,100,3.4,151,162,4.5,10.1,1,0.00,1023.5,1008.7
2020-01-25T15:00,3.5,0.00,88,1.7,1.4,0.00,0.00,0.00,3,100,0,0,100,1.8,153,169,2.4,11.2,1,952.23,1022.9,1008.1
2020-01-25T16:00,2.4,0.00,94,1.5,0.4,0.00,0.00,0.00,3,93,16,0,91,0.8,63,297,1.6,7.6,1,3600.00,1022.6,1007.8
2020-01-25T17:00,0.1,0.00,96,-0.4,-2.8,0.00,0.00,0.00,3,97,29,0,96,4.9,11,324,3.7,7.2,1,1264.71,1022.3,1007.3
2020-01-25T18:00,1.2,0.00,95,0.5,-1.3,0.00,0.00,0.00,3,96,42,1,93,2.9,76,30,3.0,7.9,0,0.00,1022.5,1007.6
2020-01-25T19:00,-0.4,0.00,97,-0.8,-3.2,0.00,0.00,0.00,2,76,0,7,75,3.8,111,73,5.0,5.8,0,0.00,1022.5,1007.5
2020-01-25T20:00,-0.3,0.00,97,-0.7,-3.1,0.00,0.00,0.00,2,67,30,9,53,3.3,117,77,4.8,6.1,0,0.00,1022.6,1007.6
2020-01-25T21:00,-0.7,0.00,97,-1.1,-3.4,0.00,0.00,0.00,2,79,64,10,41,3.0,113,76,4.7,6.5,0,0.00,1022.1,1007.1
2020-01-25T22:00,-1.7,0.00,96,-2.2,-4.6,0.00,0.00,0.00,2,67,55,13,20,3.1,99,69,4.7,7.2,0,0.00,1022.0,1007.0
2020-01-25T23:00,-2.1,0.00,96,-2.7,-5.1,0.00,0.00,0.00,3,83,76,17,18,3.3,18,49,2.3,6.5,0,0.00,1021.9,1006.8
2020-01-26T00:00,-1.0,0.00,95,-1.6,-3.8,0.00,0.00,0.00,3,100,78,1,100,2.9,351,60,4.7,5.0,0,0.00,1021.8,1006.8
2020-01-26T01:00,0.1,0.00,98,-0.1,-2.4,0.00,0.00,0.00,3,100,94,33,100,2.3,59,72,2.1,5.4,0,0.00,1022.1,1007.2
2020-01-26T02:00,0.7,0.00,98,0.3,-1.8,0.00,0.00,0.00,3,100,97,7,100,2.7,77,67,6.6,5.4,0,0.00,1021.6,1006.7
2020-01-26T03:00,0.7,0.00,98,0.4,-1.8,0.00,0.00,0.00,3,100,97,10,100,2.9,99,120,6.9,5.8,0,0.00,1021.5,1006.6
2020-01-26T04:00,0.8,0.00,98,0.6,-1.5,0.00,0.00,0.00,3,100,92,21,100,1.8,135,191,4.6,5.8,0,0.00,1021.3,1006.4
2020-01-26T05:00,0.6,0.00,100,0.6,-1.8,0.00,0.00,0.00,3,100,81,31,100,2.3,119,141,7.4,5.4,0,0.00,1021.1,1006.2
2020-01-26T06:00,0.5,0.00,100,0.5,-1.8,0.00,0.00,0.00,3,100,90,26,100,2.0,125,135,7.0,5.0,0,0.00,1020.9,1006.0
2020-01-26T07:00,0.6,0.00,99,0.5,-2.1,0.00,0.00,0.00,3,100,93,3,97,4.4,125,125,10.1,7.9,0,0.00,1020.9,1006.0
2020-01-26T08:00,0.6,0.00,99,0.4,-2.3,0.00,0.00,0.00,3,100,97,0,100,5.4,142,143,12.3,10.8,0,0.00,1020.8,1005.9
2020-01-26T09:00,1.0,0.00,98,0.7,-2.0,0.00,0.00,0.00,3,100,50,10,100,6.1,147,130,12.5,13.0,1,0.00,1021.0,1006.1
2020-01-26T10:00,1.8,0.00,98,1.4,-0.9,0.00,0.00,0.00,3,100,51,0,100,5.1,138,129,9.7,13.3,1,0.00,1021.1,1006.3
2020-01-26T11:00,3.0,0.00,95,2.3,0.5,0.00,0.00,0.00,3,100,5,0,100,4.8,137,138,6.9,14.0,1,0.00,1021.0,1006.2
2020-01-26T12:00,4.1,0.00,92,2.9,1.8,0.00,0.00,0.00,3,100,0,4,100,4.5,166,166,5.9,14.4,1,1953.49,1020.6,1005.9
2020-01-26T13:00,4.3,0.00,87,2.3,1.8,0.00,0.00,0.00,2,70,9,9,99,5.1,174,176,6.5,15.5,1,3225.16,1020.5,1005.8
2020-01-26T14:00,5.4,0.00,82,2.6,2.8,0.00,0.00,0.00,2,64,4,2,63,5.8,185,187,7.6,16.6,1,3600.00,1019.8,1005.2
2020-01-26T15:00,5.6,0.00,81,2.6,3.2,0.00,0.00,0.00,1,35,20,14,14,4.8,192,193,7.0,16.2,1,3600.00,1019.4,1004.8
2020-01-26T16:00,3.3,0.00,92,2.2,0.8,0.00,0.00,0.00,1,35,4,24,24,5.2,171,155,9.1,13.3,1,3600.00,1019.2,1004.5
2020-01-26T17:00,1.1,0.00,94,0.2,-2.1,0.00,0.00,0.00,1,36,3,28,26,7.4,173,129,12.7,12.6,1,2059.22,1018.9,1004.1
2020-01-26T18:00,2.4,0.00,91,1.1,-0.6,0.00,0.00,0.00,1,40,1,36,20,6.8,173,122,14.2,13.3,0,0.00,1018.7,1003.9
2020-01-26T19:00,1.8,0.00,92,0.7,-1.1,0.00,0.00,0.00,2,51,16,39,17,6.4,179,128,14.4,13.3,0,0.00,1018.7,1003.9
2020-01-26T20:00,1.5,0.00,92,0.4,-1.6,0.00,0.00,0.00,2,74,61,27,20,7.0,176,125,14.8,14.0,0,0.00,1018.8,1004.0
2020-01-26T21:00,1.5,0.00,92,0.4,-1.7,0.00,0.00,0.00,1,43,35,4,13,7.5,175,125,16.3,15.5,0,0.00,1018.4,1003.6
2020-01-26T22:00,1.0,0.00,93,0.1,-2.1,0.00,0.00,0.00,1,48,45,3,6,7.1,185,131,16.3,15.5,0,0.00,1018.6,1003.8
2020-01-26T23:00,1.1,0.00,93,0.1,-2.0,0.00,0.00,0.00,1,31,19,21,12,7.1,190,139,16.8,15.8,0,0.00,1018.5,1003.7
2020-01-27T00:00,1.8,0.00,93,0.8,-1.4,0.00,0.00,0.00,1,23,3,2,20,8.0,195,153,19.0,18.0,0,0.00,1018.4,1003.6
2020-01-27T01:00,3.0,0.00,95,2.3,0.1,0.00,0.00,0.00,3,83,78,13,10,7.8,187,146,17.1,18.7,0,0.00,1018.6,1003.9
2020-01-27T02:00,2.5,0.00,95,1.8,-0.5,0.00,0.00,0.00,3,92,91,2,16,8.1,189,148,18.2,18.0,0,0.00,1018.1,1003.3
2020-01-27T03:00,2.6,0.00,95,1.9,-0.5,0.00,0.00,0.00,3,96,95,1,35,8.7,195,156,20.1,19.8,0,0.00,1018.0,1003.2
2020-01-27T04:00,3.1,0.00,94,2.3,0.1,0.00,0.00,0.00,3,97,96,23,41,8.5,202,168,20.2,20.2,0,0.00,1017.7,1003.0
2020-01-27T05:00,3.3,0.00,94,2.4,0.2,0.00,0.00,0.00,1,28,10,15,17,9.3,196,164,21.0,20.9,0,0.00,1017.1,1002.4
2020-01-27T06:00,2.9,0.00,95,2.1,-0.2,0.00,0.00,0.00,0,17,5,0,13,8.7,202,173,21.0,20.9,0,0.00,1016.4,1001.7
2020-01-27T07:00,2.7,0.00,95,2.0,-0.4,0.00,0.00,0.00,2,75,71,11,9,8.8,197,161,21.4,20.5,0,0.00,1016.0,1001.3
2020-01-27T08:00,2.8,0.00,95,2.1,-0.3,0.00,0.00,0.00,3,88,76,67,23,9.1,206,173,22.9,21.6,0,0.00,1016.1,1001.4
2020-01-27T09:00,4.1,0.00,94,3.3,1.1,0.00,0.00,0.00,3,97,92,90,28,9.8,211,188,22.8,22.7,1,0.00,1015.9,1001.3
2020-01-27T10:00,5.4,0.00,92,4.2,2.3,0.00,0.00,0.00,3,99,97,85,30,11.6,212,202,23.3,25.6,1,0.00,1015.5,1000.9
2020-01-27T11:00,6.9,0.00,89,5.2,3.9,0.00,0.00,0.00,3,100,100,95,12,12.4,205,197,22.7,29.2,1,3006.91,1014.9,1000.4
2020-01-27T12:00,7.2,0.00,87,5.2,4.1,0.00,0.00,0.00,3,100,99,100,37,13.2,208,202,24.0,29.5,1,0.00,1013.8,999.3
2020-01-27T13:00,8.8,0.00,84,6.2,6.3,0.00,0.00,0.00,3,100,100,98,93,10.0,212,206,17.8,31.3,1,0.00,1012.7,998.3
2020-01-27T14:00,8.5,0.20,83,5.7,5.3,0.20,0.00,0.00,51,100,100,100,100,14.4,218,217,25.1,31.0,1,0.00,1011.6,997.2
2020-01-27T15:00,8.4,0.10,83,5.7,5.1,0.10,0.00,0.00,51,100,100,100,51,14.8,220,219,26.3,32.8,1,0.00,1011.0,996.6
2020-01-27T16:00,7.6,0.50,88,5.7,4.7,0.50,0.00,0.00,53,100,100,100,76,12.9,214,210,24.9,32.4,1,0.00,1010.7,996.3
2020-01-27T17:00,7.1,0.60,88,5.2,4.1,0.60,0.00,0.00,53,100,100,100,66,12.3,209,201,24.7,28.8,1,0.00,1010.0,995.6
2020-01-27T18:00,6.7,0.50,89,4.9,3.7,0.50,0.00,0.00,53,100,100,100,56,11.9,204,194,24.0,27.7,0,0.00,1009.4,995.0
2020-01-27T19:00,6.4,0.50,89,4.7,3.3,0.50,0.00,0.00,53,100,100,100,78,12.3,197,187,24.8,28.4,0,0.00,1008.6,994.2
2020-01-27T20:00,6.1,0.30,89,4.4,2.9,0.30,0.00,0.00,51,100,100,100,29,12.8,183,170,24.9,28.1,0,0.00,1007.6,993.2
2020-01-27T21:00,6.0,0.20,88,4.2,2.5,0.20,0.00,0.00,51,100,98,98,83,14.4,186,176,27.5,31.7,0,0.00,1006.7,992.3
2020-01-27T22:00,6.2,0.70,89,4.6,2.5,0.70,0.00,0.00,53,100,100,100,100,16.8,213,208,31.3,43.6,0,0.00,1006.0,991.6
2020-01-27T23:00,6.2,0.90,91,4.8,2.6,0.90,0.00,0.00,53,100,93,94,100,15.8,213,210,29.4,56.9,0,0.00,1005.2,990.8
2020-01-28T00:00,6.2,0.30,91,4.8,2.5,0.30,0.00,0.00,51,100,99,62,100,16.6,209,204,30.5,57.6,0,0.00,1004.3,989.9
2020-01-28T01:00,6.5,0.60,91,5.1,3.1,0.60,0.00,0.00,53,100,99,96,18,15.3,203,195,28.2,58.0,0,0.00,1003.1,988.8
2020-01-28T02:00,6.8,0.80,90,5.2,2.7,0.80,0.00,0.00,53,100,100,99,100,20.2,215,211,36.0,56.5,0,0.00,1002.1,987.8
2020-01-28T03:00,7.1,1.30,89,5.4,2.5,1.30,0.00,0.00,61,100,100,94,98,24.2,224,223,41.2,71.3,0,0.00,1001.7,987.4
2020-01-28T04:00,7.0,0.70,87,5.0,2.1,0.70,0.00,0.00,53,100,74,35,100,25.0,231,230,42.5,70.9,0,0.00,1001.3,987.0
2020-01-28T05:00,6.9,0.00,86,4.7,2.3,0.00,0.00,0.00,2,72,0,2,72,22.9,229,228,39.3,54.7,0,0.00,1000.8,986.5
2020-01-28T06:00,6.5,0.00,86,4.2,2.3,0.00,0.00,0.00,3,92,82,54,56,19.1,224,221,34.1,50.4,0,0.00,1000.1,985.8
2020-01-28T07:00,6.2,0.10,86,4.0,2.0,0.10,0.00,0.00,51,99,96,94,22,18.5,213,209,33.1,56.2,0,0.00,999.1,984.8
2020-01-28T08:00,5.8,0.30,90,4.3,1.4,0.30,0.00,0.00,51,100,89,99,91,20.6,213,209,36.1,58.3,0,0.00,998.5,984.2
2020-01-28T09:00,6.1,0.50,90,4.7,1.3,0.50,0.00,0.00,53,100,98,97,99,24.3,217,215,41.1,65.5,1,0.00,997.9,983.6
2020-01-28T10:00,5.9,1.70,88,4.0,-0.3,1.70,0.00,0.00,61,100,100,99,20,32.3,238,237,51.9,79.9,1,0.00,998.5,984.2
2020-01-28T11:00,5.5,0.40,86,3.4,-0.2,0.40,0.00,0.00,51,66,36,47,40,27.9,240,240,44.8,68.4,1,0.00,999.6,985.3
2020-01-28T12:00,5.5,1.00,85,3.2,0.4,0.90,0.00,0.07,71,95,92,84,10,24.1,237,235,39.3,71.6,1,3600.00,999.9,985.6
2020-01-28T13:00,5.9,0.10,74,1.7,0.3,0.10,0.00,0.00,51,100,90,17,17,26.1,247,246,42.1,66.2,1,1053.83,1000.7,986.4
2020-01-28T14:00,6.1,0.30,72,1.4,0.1,0.30,0.00,0.00,51,90,70,82,14,28.5,246,245,44.8,65.2,1,3600.00,1001.3,987.0
2020-01-28T15:00,5.5,0.00,72,0.9,-0.6,0.00,0.00,0.00,3,100,100,100,17,28.2,247,245,45.1,67.7,1,1031.68,1001.9,987.5
2020-01-28T16:00,4.9,0.30,72,0.2,-0.3,0.20,0.00,0.07,71,86,80,74,12,21.7,250,249,35.5,69.1,1,0.00,1002.7,988.3
2020-01-28T17:00,4.6,0.10,71,-0.2,-0.5,0.10,0.00,0.00,51,95,89,83,28,20.1,252,249,34.2,47.2,1,833.68,1003.2,988.8
2020-01-28T18:00,3.9,0.00,75,-0.1,-1.2,0.00,0.00,0.00,2,70,38,58,27,20.4,252,249,34.5,48.2,0,0.00,1003.9,989.4
2020-01-28T19:00,3.6,0.00,75,-0.3,-1.1,0.00,0.00,0.00,1,41,9,29,16,17.4,254,248,30.8,43.9,0,0.00,1004.8,990.3
2020-01-28T20:00,2.9,0.00,77,-0.7,-1.0,0.00,0.00,0.00,2,56,43,16,41,11.8,243,232,23.5,38.5,0,0.00,1005.7,991.1
2020-01-28T21:00,2.8,0.00,79,-0.5,-1.1,0.00,0.00,0.00,2,67,47,0,41,11.4,221,204,21.9,26.6,0,0.00,1005.8,991.2
2020-01-28T22:00,2.0,0.00,83,-0.5,-2.1,0.00,0.00,0.00,3,95,92,0,36,13.0,196,182,25.5,26.6,0,0.00,1005.8,991.2
2020-01-28T23:00,2.7,0.00,81,-0.3,-1.5,0.00,0.00,0.00,3,100,98,100,91,14.0,206,198,26.9,31.0,0,0.00,1005.0,990.4
2020-01-29T00:00,3.2,0.20,79,-0.1,-1.1,0.10,0.00,0.07,71,100,100,96,55,15.1,222,218,27.0,32.8,0,0.00,1004.6,990.1
2020-01-29T01:00,2.4,0.40,90,1.0,-1.7,0.40,0.00,0.00,51,100,99,100,52,14.0,223,222,25.7,33.1,0,0.00,1004.4,989.8
2020-01-29T02:00,1.5,2.20,100,1.5,-2.8,0.90,0.00,0.91,75,100,81,90,100,16.6,239,236,28.6,42.8,0,0.00,1004.6,990.0
2020-01-29T03:00,3.4,0.50,89,1.7,-1.1,0.40,0.00,0.07,71,75,3,51,65,18.0,269,267,31.7,48.2,0,0.00,1005.5,991.0
2020-01-29T04:00,3.4,0.00,86,1.3,-1.2,0.00,0.01,0.00,2,50,0,6,48,18.2,264,261,32.2,40.3,0,0.00,1006.6,992.1
2020-01-29T05:00,2.9,0.20,89,1.3,-1.4,0.20,0.01,0.00,51,81,0,7,81,16.1,254,250,28.8,49.3,0,0.00,1007.7,993.1
2020-01-29T06:00,3.1,0.00,86,1.0,-0.9,0.00,0.01,0.00,2,52,0,0,52,13.6,255,248,25.0,36.0,0,0.00,1008.7,994.1
2020-01-29T07:00,2.4,0.00,89,0.7,-1.4,0.00,0.01,0.00,3,86,54,0,71,12.0,240,231,22.9,29.9,0,0.00,1009.5,994.9
2020-01-29T08:00,2.2,0.00,90,0.8,-1.7,0.00,0.01,0.00,3,90,73,0,63,13.0,225,219,24.9,27.7,0,0.00,1010.3,995.6
2020-01-29T09:00,2.9,0.00,87,1.0,-1.3,0.00,0.00,0.00,3,96,0,0,96,15.6,224,220,27.0,32.8,1,238.58,1010.9,996.3
2020-01-29T10:00,3.6,0.20,85,1.4,-0.7,0.10,0.00,0.07,71,92,72,39,74,16.6,226,222,27.0,35.3,1,0.00,1010.9,996.3
2020-01-29T11:00,4.0,0.10,87,2.0,-0.2,0.10,0.00,0.00,51,98,93,69,65,16.3,226,223,28.5,35.3,1,1424.16,1011.1,996.5
2020-01-29T12:00,4.1,0.30,87,2.2,0.2,0.30,0.00,0.00,51,77,30,46,63,14.8,224,221,24.2,46.4,1,899.14,1011.0,996.4
2020-01-29T13:00,5.6,0.10,83,3.0,1.1,0.10,0.00,0.00,51,93,0,17,36,19.8,236,233,30.6,51.1,1,3600.00,1011.3,996.8
2020-01-29T14:00,6.2,0.10,73,1.7,1.2,0.10,0.00,0.00,51,31,0,15,25,21.5,257,256,33.6,56.5,1,3600.00,1011.2,996.7
2020-01-29T15:00,6.4,0.00,71,1.5,1.6,0.00,0.00,0.00,1,49,1,41,22,19.5,254,254,31.5,58.3,1,3600.00,1011.3,996.8
2020-01-29T16:00,6.0,0.00,70,1.0,1.5,0.00,0.00,0.00,0,14,0,10,5,17.5,262,261,29.4,52.2,1,3600.00,1012.1,997.6
2020-01-29T17:00,5.1,0.00,72,0.4,0.5,0.00,0.00,0.00,1,24,6,16,7,17.0,267,264,30.6,40.0,1,2386.66,1013.4,998.8
2020-01-29T18:00,4.0,0.00,76,0.1,-0.0,0.00,0.00,0.00,1,26,11,13,10,12.9,262,257,26.2,37.4,0,0.00,1014.3,999.7
2020-01-29T19:00,3.2,0.10,83,0.5,-0.5,0.10,0.00,0.00,51,36,0,13,32,11.0,257,251,24.0,29.2,0,0.00,1015.5,1000.8
2020-01-29T20:00,2.8,0.40,89,1.2,-0.7,0.40,0.00,0.00,51,54,24,16,33,10.3,254,245,23.2,25.2,0,0.00,1016.3,1001.6
2020-01-29T21:00,2.8,0.30,91,1.4,-0.6,0.30,0.00,0.00,51,31,0,11,31,10.5,249,243,23.1,23.4,0,0.00,1017.0,1002.3
2020-01-29T22:00,2.5,0.70,90,1.1,-0.8,0.70,0.00,0.00,53,54,36,14,25,9.6,242,236,22.9,23.4,0,0.00,1017.4,1002.7
2020-01-29T23:00,2.6,0.00,92,1.4,-0.9,0.00,0.00,0.00,1,41,2,11,38,11.3,238,233,25.1,24.8,0,0.00,1017.8,1003.1
2020-01-30T00:00,2.9,0.00,93,1.9,-0.7,0.00,0.00,0.00,3,92,88,5,31,12.6,238,233,26.7,28.1,0,0.00,1017.9,1003.2
2020-01-30T01:00,4.6,0.00,91,3.2,1.0,0.00,0.00,0.00,3,80,56,96,46,13.2,244,241,26.4,28.4,0,0.00,1018.1,1003.4
2020-01-30T02:00,4.9,0.00,88,3.1,1.4,0.00,0.00,0.00,3,100,85,99,40,12.8,242,238,25.3,29.5,0,0.00,1018.2,1003.6
2020-01-30T03:00,4.7,0.00,90,3.1,1.3,0.00,0.00,0.00,3,99,96,83,11,11.8,238,232,24.3,28.8,0,0.00,1018.1,1003.5
2020-01-30T04:00,4.7,0.00,91,3.4,1.1,0.00,0.00,0.00,3,92,82,64,21,14.3,232,225,27.9,31.0,0,0.00,1017.4,1002.8
2020-01-30T05:00,4.5,0.00,93,3.4,0.9,0.00,0.00,0.00,3,96,94,41,6,14.1,226,220,28.3,31.3,0,0.00,1017.3,1002.7
2020-01-30T06:00,4.2,0.00,93,3.2,0.6,0.00,0.00,0.00,1,34,24,12,17,13.8,225,221,27.5,31.3,0,0.00,1016.7,1002.1
2020-01-30T07:00,3.6,0.00,95,2.8,0.2,0.00,0.00,0.00,1,28,0,0,28,12.3,227,220,25.7,30.6,0,0.00,1016.9,1002.2
2020-01-30T08:00,3.2,0.00,95,2.5,-0.1,0.00,0.00,0.00,1,26,0,0,26,11.0,223,212,24.5,27.7,0,0.00,1016.9,1002.2
2020-01-30T09:00,3.8,0.00,94,2.9,0.4,0.00,0.00,0.00,1,47,0,0,47,12.0,220,213,24.3,26.6,1,1072.80,1016.8,1002.1
2020-01-30T10:00,5.1,0.00,91,3.8,1.9,0.00,0.00,0.00,2,59,28,7,42,11.9,221,215,23.2,28.1,1,3600.00,1016.7,1002.1
2020-01-30T11:00,6.4,0.00,86,4.2,3.2,0.00,0.00,0.00,2,53,45,2,22,12.1,217,210,21.6,28.1,1,3600.00,1016.4,1001.9
2020-01-30T12:00,7.8,0.00,78,4.3,4.5,0.00,0.00,0.00,3,100,100,0,7,13.6,213,212,21.1,32.0,1,3600.00,1015.6,1001.2
2020-01-30T13:00,8.6,0.00,76,4.7,5.0,0.00,0.00,0.00,3,100,100,0,79,15.9,219,219,22.5,32.4,1,3600.00,1015.0,1000.6
2020-01-30T14:00,9.1,0.00,76,5.1,6.8,0.00,0.00,0.00,3,98,98,0,1,7.5,218,215,11.0,34.6,1,538.13,1014.0,999.6
2020-01-30T15:00,9.7,0.00,74,5.3,7.4,0.00,0.00,0.00,3,99,99,0,1,7.6,184,177,11.5,19.4,1,3600.00,1012.5,998.2
2020-01-30T16:00,9.5,0.00,73,4.9,6.9,0.00,0.00,0.00,3,100,100,31,57,9.4,193,180,19.6,21.6,1,3315.41,1011.7,997.4
2020-01-30T17:00,9.0,0.00,68,3.5,5.9,0.00,0.00,0.00,3,100,99,89,21,10.9,201,189,23.9,25.2,1,0.00,1010.9,996.6
2020-01-30T18:00,8.9,0.00,64,2.4,5.4,0.00,0.00,0.00,3,100,98,96,44,11.9,206,194,25.6,26.6,0,0.00,1010.2,995.9
2020-01-30T19:00,8.8,0.20,68,3.3,4.7,0.20,0.00,0.00,51,100,100,100,100,16.8,218,215,30.8,36.4,0,0.00,1010.3,996.0
2020-01-30T20:00,7.8,0.50,82,5.0,3.9,0.50,0.00,0.00,53,100,99,100,100,18.5,217,213,33.2,40.7,0,0.00,1010.1,995.7
2020-01-30T21:00,7.5,0.60,91,6.1,3.9,0.60,0.00,0.00,53,100,95,98,100,17.7,221,218,32.4,40.3,0,0.00,1009.6,995.2
2020-01-30T22:00,7.9,0.10,91,6.5,4.1,0.10,0.00,0.00,51,100,55,38,100,20.4,226,222,36.4,45.4,0,0.00,1009.6,995.2
2020-01-30T23:00,8.6,0.00,92,7.3,4.7,0.00,0.00,0.00,3,99,86,96,80,21.4,226,222,37.7,46.4,0,0.00,1009.4,995.1
2020-01-31T00:00,9.1,0.00,92,7.9,5.3,0.00,0.00,0.00,3,100,74,99,100,21.9,228,225,38.2,47.9,0,0.00,1009.6,995.3
2020-01-31T01:00,10.3,0.00,94,9.3,7.1,0.00,0.00,0.00,3,100,92,100,100,20.7,234,231,36.9,48.2,0,0.00,1009.6,995.4
2020-01-31T02:00,10.9,0.10,94,9.9,8.0,0.10,0.00,0.00,51,100,95,100,100,19.4,230,227,35.0,45.7,0,0.00,1009.7,995.5
2020-01-31T03:00,11.4,0.00,92,10.1,8.5,0.00,0.00,0.00,3,100,0,26,100,19.7,234,230,34.3,43.2,0,0.00,1009.9,995.7
2020-01-31T04:00,11.2,0.00,93,10.1,8.2,0.00,0.00,0.00,3,100,55,20,100,20.6,228,224,35.7,44.6,0,0.00,1009.8,995.6
2020-01-31T05:00,11.0,0.10,94,10.0,8.1,0.10,0.00,0.00,51,100,93,8,100,19.9,232,229,35.4,45.0,0,0.00,1010.4,996.2
2020-01-31T06:00,11.1,0.00,94,10.1,8.4,0.00,0.00,0.00,3,100,75,81,100,18.4,235,231,33.1,43.9,0,0.00,1010.9,996.7
2020-01-31T07:00,11.0,0.20,94,10.0,8.3,0.20,0.00,0.00,51,100,0,4,100,19.0,239,237,33.9,42.1,0,0.00,1011.4,997.2
2020-01-31T08:00,10.9,0.20,93,9.8,8.1,0.20,0.00,0.00,51,100,3,0,100,18.8,240,238,33.4,41.8,1,0.00,1012.4,998.2
2020-01-31T09:00,10.9,0.20,94,9.9,8.2,0.20,0.00,0.00,51,100,86,0,100,18.3,236,234,32.7,41.0,1,0.00,1013.1,998.8
2020-01-31T10:00,11.0,0.20,94,10.1,8.4,0.20,0.00,0.00,51,100,81,0,100,17.9,232,232,31.8,39.6,1,0.00,1013.5,999.2
2020-01-31T11:00,11.3,0.20,92,10.1,8.1,0.20,0.00,0.00,51,98,41,0,96,21.9,232,229,37.2,46.4,1,0.00,1014.0,999.8
2020-01-31T12:00,12.5,0.10,88,10.7,9.8,0.10,0.00,0.00,51,98,5,0,98,20.0,232,231,31.5,49.0,1,3062.39,1014.2,1000.0
2020-01-31T13:00,12.3,0.20,89,10.5,9.6,0.20,0.00,0.00,51,98,2,0,84,19.5,241,240,31.6,45.4,1,1956.05,1014.1,999.9
2020-01-31T14:00,13.1,0.00,87,11.0,11.3,0.00,0.00,0.00,2,52,0,0,52,14.2,251,249,25.5,41.8,1,908.76,1014.2,1000.0
2020-01-31T15:00,13.8,0.00,82,10.9,12.0,0.00,0.00,0.00,3,100,1,0,100,14.3,243,242,24.3,31.7,1,3600.00,1013.9,999.8
2020-01-31T16:00,13.4,0.00,80,10.1,10.7,0.00,0.00,0.00,3,99,0,0,99,18.6,242,238,31.1,40.3,1,1367.61,1014.2,1000.0
2020-01-31T17:00,12.5,0.00,86,10.2,10.5,0.00,0.00,0.00,2,54,21,0,42,14.2,238,234,25.9,40.0,1,650.58,1014.4,1000.2
2020-01-31T18:00,11.4,0.00,91,10.0,9.5,0.00,0.00,0.00,2,50,44,0,27,13.3,234,229,26.8,31.0,0,0.00,1014.1,999.9
2020-01-31T19:00,11.1,0.00,92,9.9,8.9,0.00,0.00,0.00,1,33,4,0,30,15.0,228,224,29.1,32.4,0,0.00,1014.4,1000.1
2020-01-31T20:00,10.9,0.00,93,9.8,8.6,0.00,0.00,0.00,1,26,0,0,26,15.3,228,225,29.8,33.8,0,0.00,1014.5,1000.2
2020-01-31T21:00,10.8,0.00,93,9.7,8.6,0.00,0.00,0.00,1,25,0,0,25,14.8,228,225,29.1,33.8,0,0.00,1014.2,999.9
2020-01-31T22:00,10.6,0.00,93,9.5,8.5,0.00,0.00,0.00,3,100,0,0,100,13.2,229,223,26.6,32.8,0,0.00,1014.3,1000.0
2020-01-31T23:00,11.0,0.00,92,9.7,8.9,0.00,0.00,0.00,3,100,0,0,100,13.8,220,213,25.5,30.6,0,0.00,1013.9,999.6
2020-02-01T00:00,10.5,0.00,93,9.3,8.2,0.00,0.00,0.00,2,72,0,0,72,14.0,218,209,26.4,30.6,0,0.00,1013.7,999.4
2020-02-01T01:00,10.7,0.00,89,9.0,8.8,0.00,0.00,0.00,2,57,0,0,41,11.6,223,216,25.2,33.1,0,0.00,1013.2,998.9
2020-02-01T02:00,10.6,0.00,90,9.1,8.9,0.00,0.00,0.00,3,100,93,0,100,9.7,225,219,22.4,26.6,0,0.00,1013.1,998.8
2020-02-01T03:00,11.0,0.10,89,9.3,9.2,0.10,0.00,0.00,51,99,90,1,95,10.9,222,214,22.4,25.2,0,0.00,1012.5,998.3
2020-02-01T04:00,11.0,0.10,90,9.4,9.2,0.10,0.00,0.00,51,100,90,7,100,11.1,219,209,22.8,24.8,0,0.00,1011.5,997.3
2020-02-01T05:00,11.3,0.10,88,9.4,8.9,0.10,0.00,0.00,51,70,64,3,19,15.5,215,208,28.7,33.1,0,0.00,1010.7,996.5
2020-02-01T06:00,11.0,0.00,90,9.3,8.5,0.00,0.00,0.00,2,78,68,1,50,15.6,224,218,29.5,36.4,0,0.00,1010.1,995.9
2020-02-01T07:00,10.9,0.00,90,9.4,8.5,0.00,0.00,0.00,3,93,91,1,39,15.3,231,227,29.2,34.9,0,0.00,1009.8,995.6
2020-02-01T08:00,10.8,0.00,89,9.1,8.5,0.00,0.00,0.00,2,56,41,1,36,14.0,231,226,27.2,34.6,1,0.00,1009.6,995.4
2020-02-01T09:00,11.2,0.00,86,8.9,8.3,0.00,0.00,0.00,1,43,26,17,19,17.8,226,223,32.1,39.6,1,357.03,1009.2,995.0
2020-02-01T10:00,12.1,0.00,82,9.2,9.0,0.00,0.00,0.00,3,100,100,54,26,19.5,233,232,33.7,43.9,1,3600.00,1008.6,994.5
2020-02-01T11:00,12.2,0.40,83,9.5,8.7,0.40,0.00,0.00,51,100,100,98,8,23.3,231,231,39.2,58.7,1,0.00,1008.2,994.1
2020-02-01T12:00,11.8,0.60,88,9.9,8.8,0.60,0.00,0.00,53,100,99,100,100,20.4,227,226,35.2,57.6,1,0.00,1007.9,993.8
2020-02-01T13:00,11.9,1.20,90,10.4,8.9,1.20,0.00,0.00,55,100,100,100,100,21.1,227,227,36.4,45.4,1,0.00,1008.2,994.1
2020-02-01T14:00,11.8,1.60,92,10.5,8.7,1.60,0.00,0.00,61,100,100,100,94,22.7,228,226,38.7,61.6,1,0.00,1007.7,993.6
2020-02-01T15:00,11.8,0.70,91,10.3,8.5,0.70,0.00,0.00,53,100,100,98,63,22.7,231,229,39.6,51.1,1,0.00,1007.7,993.6
2020-02-01T16:00,11.5,1.10,90,9.9,8.3,1.10,0.00,0.00,55,100,100,100,100,21.6,241,240,37.6,63.0,1,0.00,1008.2,994.0
2020-02-01T17:00,11.1,2.30,91,9.7,7.6,2.30,0.00,0.00,61,100,89,99,100,23.5,249,249,39.6,65.5,1,0.00,1008.7,994.5
2020-02-01T18:00,10.8,0.90,91,9.4,8.1,0.90,0.00,0.00,53,69,0,68,18,17.6,249,244,30.1,51.8,0,0.00,1009.8,995.6
2020-02-01T19:00,10.3,0.10,91,8.9,7.7,0.10,0.00,0.00,51,93,33,91,31,16.2,239,238,29.4,37.4,0,0.00,1010.8,996.5
2020-02-01T20:00,10.0,0.90,93,8.9,7.2,0.90,0.00,0.00,53,98,12,96,65,17.6,243,242,30.8,53.3,0,0.00,1011.7,997.4
2020-02-01T21:00,9.9,0.20,92,8.7,7.0,0.20,0.00,0.00,51,93,13,81,89,17.8,232,228,31.5,54.7,0,0.00,1011.6,997.3
2020-02-01T22:00,9.9,0.40,92,8.6,6.4,0.40,0.00,0.00,51,100,92,99,87,21.1,246,245,36.3,64.8,0,0.00,1012.5,998.2
2020-02-01T23:00,9.7,2.20,91,8.3,5.9,2.20,0.00,0.00,61,100,4,89,100,23.0,247,245,39.5,68.8,0,0.00,1012.7,998.4
2020-02-02T00:00,10.2,0.40,87,8.0,6.1,0.40,0.00,0.00,51,14,0,7,13,24.4,256,254,41.2,68.8,0,0.00,1013.4,999.1
2020-02-02T01:00,8.6,0.00,81,5.5,5.4,0.00,0.00,0.00,0,12,0,0,58,14.4,273,271,27.8,52.9,0,0.00,1014.8,1000.4
2020-02-02T02:00,8.9,0.20,83,6.2,6.2,0.20,0.00,0.00,51,47,0,0,47,12.0,266,263,23.5,32.0,0,0.00,1015.5,1001.1
2020-02-02T03:00,8.4,0.00,83,5.7,5.4,0.00,0.00,0.00,2,64,39,0,41,13.0,268,267,25.2,29.5,0,0.00,1016.0,1001.6
2020-02-02T04:00,8.0,0.00,85,5.6,5.0,0.00,0.00,0.00,3,94,91,24,37,12.6,250,250,25.7,29.2,0,0.00,1016.1,1001.7
2020-02-02T05:00,8.6,0.00,85,6.2,5.6,0.00,0.00,0.00,3,100,98,98,76,13.4,245,246,26.3,32.0,0,0.00,1016.1,1001.7
2020-02-02T06:00,8.6,0.10,88,6.8,6.3,0.10,0.00,0.00,51,100,100,99,100,10.2,252,252,21.2,30.2,0,0.00,1015.3,1000.9
2020-02-02T07:00,8.4,1.60,92,7.2,6.0,1.60,0.00,0.00,61,100,99,100,65,11.5,234,231,23.7,25.9,0,0.00,1015.0,1000.6
2020-02-02T08:00,9.3,1.10,93,8.2,6.4,1.10,0.00,0.00,55,100,100,100,80,16.6,226,222,30.6,36.4,1,0.00,1014.7,1000.3
2020-02-02T09:00,9.2,0.80,93,8.1,6.2,0.80,0.00,0.00,53,100,100,100,83,17.4,211,207,31.2,38.5,1,0.00,1013.7,999.3
2020-02-02T10:00,9.2,0.60,92,8.0,6.5,0.60,0.00,0.00,53,100,98,100,98,15.3,209,207,28.5,38.2,1,0.00,1012.8,998.5
2020-02-02T11:00,9.5,0.90,92,8.3,6.8,0.90,0.00,0.00,53,100,99,100,100,15.4,216,213,28.6,34.2,1,0.00,1011.9,997.6
2020-02-02T12:00,10.1,0.50,92,8.8,7.0,0.50,0.00,0.00,53,100,99,97,100,18.6,229,226,32.9,41.4,1,0.00,1011.3,997.0
2020-02-02T13:00,11.3,0.10,93,10.2,8.4,0.10,0.00,0.00,51,100,99,78,100,20.1,228,226,34.9,45.0,1,0.00,1010.1,995.9
2020-02-02T14:00,12.2,0.30,90,10.7,9.0,0.30,0.00,0.00,51,100,100,98,100,23.2,228,227,39.3,56.2,1,0.00,1009.4,995.3
2020-02-02T15:00,12.7,0.10,91,11.2,9.6,0.10,0.00,0.00,51,100,99,100,99,23.4,235,233,39.5,51.5,1,0.00,1009.4,995.3
2020-02-02T16:00,13.2,0.10,89,11.4,10.6,0.10,0.00,0.00,51,100,100,76,96,20.6,249,245,35.4,63.0,1,0.00,1010.5,996.4
2020-02-02T17:00,13.2,0.10,87,11.1,10.7,0.10,0.00,0.00,51,100,100,98,38,19.0,245,241,33.0,62.3,1,0.00,1011.1,997.0
2020-02-02T18:00,12.9,0.00,89,11.1,10.4,0.00,0.00,0.00,3,100,100,95,84,19.3,252,249,33.7,60.1,0,0.00,1012.2,998.1
2020-02-02T19:00,12.9,0.10,84,10.3,10.0,0.10,0.00,0.00,51,100,100,96,15,20.1,264,261,35.1,60.1,0,0.00,1013.2,999.0
2020-02-02T20:00,12.1,0.00,81,8.9,9.5,0.00,0.00,0.00,3,100,99,92,3,16.0,262,256,29.4,43.6,0,0.00,1013.6,999.4
2020-02-02T21:00,11.5,0.00,76,7.4,8.8,0.00,0.00,0.00,3,100,100,98,1,14.2,264,254,27.2,35.3,0,0.00,1014.0,999.8
2020-02-02T22:00,11.3,0.00,72,6.4,8.0,0.00,0.00,0.00,3,100,100,100,0,15.8,267,258,29.6,35.3,0,0.00,1013.8,999.6
2020-02-02T23:00,10.9,0.10,73,6.3,7.8,0.10,0.00,0.00,51,100,100,100,9,15.2,274,265,28.1,37.1,0,0.00,1014.2,999.9
2020-02-03T00:00,10.1,0.40,81,7.0,7.5,0.40,0.00,0.00,51,100,98,100,29,12.2,254,242,23.2,33.8,0,0.00,1014.1,999.8
2020-02-03T01:00,10.1,0.50,93,9.0,8.0,0.50,0.00,0.00,53,100,94,100,25,12.3,239,232,23.6,26.6,0,0.00,1014.1,999.8
2020-02-03T02:00,10.0,1.00,88,8.1,7.1,1.00,0.00,0.00,55,100,95,99,57,16.0,267,262,29.6,35.3,0,0.00,1014.8,1000.5
2020-02-03T03:00,9.6,0.80,88,7.7,6.9,0.80,0.00,0.00,53,100,99,93,6,14.4,271,266,27.7,34.9,0,0.00,1015.1,1000.7
2020-02-03T04:00,9.5,0.10,85,7.1,6.8,0.10,0.00,0.00,51,99,81,98,0,13.2,265,259,25.3,32.8,0,0.00,1014.9,1000.5
2020-02-03T05:00,9.3,0.10,85,6.9,6.3,0.10,0.00,0.00,51,100,100,100,0,14.7,258,248,27.6,32.0,0,0.00,1015.2,1000.8
2020-02-03T06:00,8.8,0.50,86,6.7,6.0,0.50,0.00,0.00,53,100,99,99,6,13.8,262,250,26.9,32.8,0,0.00,1015.5,1001.1
2020-02-03T07:00,8.6,0.80,88,6.7,5.9,0.80,0.00,0.00,53,100,98,100,40,12.8,260,248,24.9,31.7,0,0.00,1016.0,1001.6
2020-02-03T08:00,8.5,0.50,90,6.9,5.9,0.50,0.00,0.00,53,100,100,98,14,12.0,245,229,22.7,29.2,1,0.00,1016.2,1001.8
2020-02-03T09:00,8.6,0.00,88,6.7,6.1,0.00,0.00,0.00,3,97,44,94,12,11.8,243,230,22.5,27.0,1,0.00,1016.6,1002.2
2020-02-03T10:00,9.0,0.00,87,7.0,6.3,0.00,0.00,0.00,3,99,94,92,7,12.7,239,227,22.8,27.7,1,0.00,1016.8,1002.4
2020-02-03T11:00,9.2,0.00,87,7.1,6.6,0.00,0.00,0.00,3,94,75,81,23,12.7,246,235,23.2,28.4,1,0.00,1017.3,1002.9
2020-02-03T12:00,10.2,0.00,83,7.4,7.4,0.00,0.00,0.00,3,96,88,55,38,14.6,241,230,24.7,32.4,1,1383.06,1017.5,1003.1
2020-02-03T13:00,9.9,0.00,84,7.4,7.0,0.00,0.00,0.00,3,94,99,98,44,15.0,228,222,27.0,34.2,1,2424.72,1017.6,1003.2
2020-02-03T14:00,10.4,0.00,80,7.1,7.2,0.00,0.00,0.00,3,100,99,99,25,16.5,232,226,28.7,36.7,1,0.00,1017.5,1003.2
2020-02-03T15:00,10.2,0.10,82,7.2,7.1,0.10,0.00,0.00,51,100,99,98,37,16.1,226,222,27.7,37.1,1,0.00,1017.2,1002.8
2020-02-03T16:00,9.9,0.40,85,7.4,6.6,0.40,0.00,0.00,51,100,94,100,24,17.8,230,228,30.4,37.4,1,0.00,1017.0,1002.6
2020-02-03T17:00,9.9,0.10,84,7.2,6.7,0.10,0.00,0.00,51,100,87,98,25,17.1,232,229,30.0,38.5,1,0.00,1016.5,1002.1
2020-02-03T18:00,9.8,0.10,84,7.3,6.7,0.10,0.00,0.00,51,100,96,100,10,16.8,233,227,30.3,36.7,0,0.00,1016.0,1001.6
2020-02-03T19:00,9.9,0.00,83,7.1,6.8,0.00,0.00,0.00,3,100,98,100,29,15.9,237,231,28.1,37.4,0,0.00,1015.4,1001.1
2020-02-03T20:00,9.3,0.10,88,7.3,7.2,0.10,0.00,0.00,51,100,96,100,42,9.2,235,222,18.9,34.2,0,0.00,1014.1,999.7
2020-02-03T21:00,8.7,1.10,94,7.9,6.8,1.10,0.00,0.00,55,100,98,100,100,9.1,189,162,16.4,20.9,0,0.00,1011.5,997.2
2020-02-03T22:00,8.7,3.80,96,8.2,7.3,3.80,0.00,0.00,63,100,100,100,100,6.4,173,133,12.3,20.5,0,0.00,1009.1,994.8
2020-02-03T23:00,10.1,2.40,92,8.9,7.1,2.40,0.00,0.00,61,100,100,100,75,18.6,231,224,34.8,60.5,0,0.00,1006.9,992.7
2020-02-04T00:00,11.1,1.60,90,9.6,7.7,1.60,0.00,0.00,61,100,100,100,80,22.5,231,230,39.6,76.3,0,0.00,1004.1,990.0
2020-02-04T01:00,12.1,2.20,84,9.4,7.6,2.20,0.00,0.00,61,100,100,100,98,29.8,237,235,51.0,60.5,0,0.00,1001.2,987.2
2020-02-04T02:00,9.0,5.10,90,7.5,4.0,5.10,0.00,0.00,63,100,100,100,100,29.8,326,323,46.9,91.4,0,0.00,1002.4,988.2
2020-02-04T03:00,6.9,3.30,93,5.8,2.1,3.30,0.00,0.00,63,100,100,100,100,26.2,327,326,42.1,62.6,0,0.00,1003.8,989.5
2020-02-04T04:00,5.2,1.10,92,4.0,-0.3,1.10,0.00,0.00,55,100,99,100,100,27.7,309,308,44.0,60.5,0,0.00,1006.8,992.3
2020-02-04T05:00,5.0,0.30,84,2.6,0.2,0.30,0.00,0.00,51,100,0,100,18,20.9,305,302,34.4,60.1,0,0.00,1009.2,994.7
2020-02-04T06:00,4.6,0.20,85,2.3,0.4,0.20,0.00,0.00,51,99,0,55,99,17.1,291,288,29.7,45.7,0,0.00,1011.0,996.5
2020-02-04T07:00,4.9,0.20,86,2.7,0.8,0.20,0.00,0.00,51,58,0,22,51,17.0,289,283,28.9,49.3,0,0.00,1012.1,997.6
2020-02-04T08:00,4.4,0.40,85,2.0,0.2,0.40,0.00,0.00,51,66,0,61,24,16.4,282,279,28.7,47.9,1,0.00,1013.8,999.2
2020-02-04T09:00,4.3,0.50,84,1.9,0.3,0.50,0.00,0.00,53,75,0,55,59,14.8,278,274,24.7,46.4,1,1207.80,1014.9,1000.3
2020-02-04T10:00,4.7,0.30,86,2.5,1.1,0.30,0.00,0.00,51,92,6,69,91,13.4,266,264,23.8,43.6,1,2079.21,1015.3,1000.7
2020-02-04T11:00,4.8,1.00,86,2.6,1.1,0.60,0.00,0.28,73,48,1,36,37,13.7,270,265,24.8,45.7,1,403.93,1015.4,1000.8
2020-02-04T12:00,5.7,0.20,77,2.0,1.2,0.20,0.00,0.00,51,80,20,74,30,18.7,291,289,28.1,52.6,1,3600.00,1015.3,1000.7
2020-02-04T13:00,6.7,0.10,66,0.9,2.2,0.10,0.00,0.00,51,86,64,85,16,17.2,282,281,25.1,54.7,1,3600.00,1015.6,1001.1
2020-02-04T14:00,5.1,1.00,80,1.9,0.6,0.60,0.00,0.28,73,81,57,73,55,18.4,280,281,27.8,52.9,1,3600.00,1015.9,1001.3
2020-02-04T15:00,5.2,0.60,81,2.1,0.6,0.40,0.00,0.14,71,92,42,91,8,18.9,288,288,29.9,45.7,1,3600.00,1016.4,1001.8
2020-02-04T16:00,5.0,0.40,82,2.1,0.9,0.30,0.00,0.07,71,32,0,21,25,15.7,294,290,27.9,43.2,1,1134.85,1017.3,1002.7
2020-02-04T17:00,4.5,0.00,78,1.1,0.8,0.00,0.00,0.00,0,2,0,0,2,12.0,289,286,22.9,34.9,1,3038.14,1018.1,1003.4
2020-02-04T18:00,3.1,0.00,83,0.5,-0.4,0.00,0.00,0.00,3,100,64,100,30,9.7,276,268,22.8,26.6,0,0.00,1019.3,1004.6
2020-02-04T19:00,3.5,0.00,80,0.4,-0.2,0.00,0.00,0.00,3,100,0,100,67,11.0,268,259,23.1,24.5,0,0.00,1020.2,1005.5
2020-02-04T20:00,3.5,0.60,86,1.3,-0.1,0.60,0.00,0.00,53,94,0,93,59,10.9,264,261,20.6,36.7,0,0.00,1020.9,1006.2
2020-02-04T21:00,3.0,0.50,89,1.4,0.0,0.50,0.00,0.00,53,98,0,93,97,7.6,271,262,15.8,23.8,0,0.00,1021.3,1006.5
2020-02-04T22:00,3.6,0.20,87,1.7,0.5,0.20,0.00,0.00,51,96,0,3,96,8.7,303,294,18.0,19.4,0,0.00,1022.1,1007.3
2020-02-04T23:00,3.9,0.00,89,2.3,0.5,0.00,0.00,0.00,3,100,0,0,100,11.5,319,314,20.9,24.5,0,0.00,1022.9,1008.1
2020-02-05T00:00,4.1,0.00,91,2.8,0.5,0.00,0.00,0.00,3,81,0,0,81,13.4,328,324,23.8,28.4,0,0.00,1023.9,1009.1
2020-02-05T01:00,3.8,0.00,89,2.2,0.1,0.00,0.00,0.00,3,88,0,0,62,13.3,324,319,24.0,31.3,0,0.00,1026.0,1011.2
2020-02-05T02:00,3.5,0.00,91,2.2,-0.1,0.00,0.00,0.00,1,48,0,0,48,12.8,317,310,23.4,28.8,0,0.00,1026.5,1011.7
2020-02-05T03:00,3.2,0.00,92,2.1,-0.6,0.00,0.00,0.00,1,20,0,0,20,13.8,319,313,24.8,30.2,0,0.00,1027.6,1012.7
2020-02-05T04:00,2.6,0.00,93,1.6,-1.2,0.00,0.00,0.00,2,59,0,0,59,13.3,313,308,25.5,29.9,0,0.00,1028.5,1013.6
2020-02-05T05:00,3.0,0.00,90,1.5,-0.9,0.00,0.00,0.00,2,55,0,0,55,13.6,315,310,24.9,30.6,0,0.00,1029.4,1014.5
2020-02-05T06:00,2.9,0.00,91,1.6,-0.7,0.00,0.00,0.00,0,9,0,0,9,12.2,321,315,23.8,29.9,0,0.00,1030.0,1015.1
2020-02-05T07:00,2.2,0.00,92,1.0,-1.5,0.00,0.00,0.00,0,14,0,0,14,11.6,327,324,24.5,27.4,0,0.00,1031.1,1016.1
2020-02-05T08:00,1.9,0.00,92,0.8,-2.0,0.00,0.00,0.00,1,46,0,0,46,13.3,332,327,26.1,29.5,1,0.00,1032.2,1017.2
2020-02-05T09:00,2.9,0.00,90,1.4,-1.4,0.00,0.00,0.00,1,31,0,0,31,15.9,335,332,27.4,34.9,1,1995.72,1033.0,1018.0
2020-02-05T10:00,3.9,0.00,84,1.5,-0.3,0.00,0.00,0.00,1,34,0,0,34,15.5,339,338,23.6,34.9,1,3600.00,1033.5,1018.6
2020-02-05T11:00,4.7,0.00,75,0.7,0.7,0.00,0.00,0.00,1,42,0,0,42,14.0,359,359,20.2,34.9,1,3600.00,1034.6,1019.7
2020-02-05T12:00,5.3,0.00,71,0.4,1.6,0.00,0.00,0.00,1,27,0,0,27,10.9,353,352,14.9,32.0,1,3600.00,1035.4,1020.5
2020-02-05T13:00,6.4,0.00,61,-0.5,2.6,0.00,0.00,0.00,1,23,0,0,23,10.8,340,339,14.9,27.7,1,3600.00,1035.9,1021.1
2020-02-05T14:00,6.6,0.00,58,-1.0,2.8,0.00,0.00,0.00,0,14,0,0,14,10.3,336,335,14.2,27.0,1,3600.00,1036.2,1021.4
2020-02-05T15:00,6.7,0.00,56,-1.4,3.0,0.00,0.00,0.00,0,14,0,0,14,9.8,333,332,13.7,25.6,1,3600.00,1036.0,1021.2
2020-02-05T16:00,6.4,0.00,58,-1.2,2.9,0.00,0.00,0.00,0,5,0,0,5,7.8,330,326,12.1,23.4,1,3600.00,1036.1,1021.3
2020-02-05T17:00,3.6,0.00,78,0.1,0.6,0.00,0.00,0.00,0,1,0,0,1,6.5,315,304,10.2,18.0,1,3147.29,1036.2,1021.2
2020-02-05T18:00,4.9,0.00,65,-1.1,1.8,0.00,0.00,0.00,0,1,0,0,1,5.5,302,281,8.1,11.5,0,0.00,1036.4,1021.5
2020-02-05T19:00,4.4,0.00,67,-1.2,1.7,0.00,0.00,0.00,0,0,0,0,0,3.0,277,166,5.8,9.0,0,0.00,1036.5,1021.6
2020-02-05T20:00,1.4,0.00,76,-2.3,-1.7,0.00,0.00,0.00,0,0,0,0,0,4.3,238,138,4.7,5.8,0,0.00,1036.5,1021.4
2020-02-05T21:00,3.1,0.00,69,-2.1,0.3,0.00,0.00,0.00,0,3,3,0,0,2.4,250,117,4.2,5.8,0,0.00,1036.7,1021.7
2020-02-05T22:00,3.0,0.00,69,-2.2,0.2,0.00,0.00,0.00,0,11,11,0,0,2.6,236,124,5.2,4.0,0,0.00,1036.7,1021.7
2020-02-05T23:00,2.5,0.00,70,-2.4,-0.4,0.00,0.00,0.00,0,0,0,0,0,2.6,231,124,4.6,4.7,0,0.00,1036.5,1021.5
2020-02-06T00:00,0.4,0.00,77,-3.2,-2.8,0.00,0.00,0.00,0,0,0,0,0,4.1,209,128,3.7,5.0,0,0.00,1036.1,1021.0
2020-02-06T01:00,-1.4,0.00,84,-3.8,-5.2,0.00,0.00,0.00,1,33,0,0,0,7.9,188,137,7.6,10.4,0,0.00,1036.2,1021.0
2020-02-06T02:00,-0.7,0.00,83,-3.3,-4.1,0.00,0.00,0.00,0,10,10,0,0,5.6,180,135,10.4,11.5,0,0.00,1035.8,1020.6
2020-02-06T03:00,-2.1,0.00,86,-4.2,-5.8,0.00,0.00,0.00,1,49,37,38,0,7.0,182,125,9.4,10.8,0,0.00,1035.6,1020.3
2020-02-06T04:00,-2.2,0.00,86,-4.3,-5.8,0.00,0.00,0.00,0,10,10,0,0,5.6,180,117,5.4,10.1,0,0.00,1035.0,1019.7
2020-02-06T05:00,-2.4,0.00,85,-4.5,-6.0,0.00,0.00,0.00,3,94,94,0,0,6.0,163,115,4.9,7.9,0,0.00,1034.6,1019.3
2020-02-06T06:00,-2.6,0.00,87,-4.5,-6.2,0.00,0.00,0.00,3,97,97,0,0,6.0,151,123,8.2,10.1,0,0.00,1034.1,1018.8
2020-02-06T07:00,-2.6,0.00,88,-4.3,-6.1,0.00,0.00,0.00,3,94,94,0,0,4.8,150,117,8.7,10.1,0,0.00,1033.7,1018.4
2020-02-06T08:00,-2.5,0.00,89,-4.1,-6.0,0.00,0.00,0.00,3,94,94,0,0,5.3,157,118,8.2,10.1,1,0.00,1033.4,1018.1
2020-02-06T09:00,-1.0,0.00,85,-3.2,-4.5,0.00,0.00,0.00,1,30,30,0,0,6.4,144,106,8.0,12.6,1,1397.98,1033.3,1018.1
2020-02-06T10:00,1.9,0.00,77,-1.8,-0.9,0.00,0.00,0.00,0,6,6,0,0,2.3,129,108,4.6,12.2,1,3600.00,1033.4,1018.4
2020-02-06T11:00,3.9,0.00,70,-1.0,1.6,0.00,0.00,0.00,0,0,0,0,0,0.4,117,180,0.8,9.4,1,3600.00,1033.5,1018.6
2020-02-06T12:00,5.3,0.00,66,-0.5,3.0,0.00,0.00,0.00,0,0,0,0,0,0.4,27,270,0.8,9.4,1,3600.00,1033.3,1018.5
2020-02-06T13:00,5.5,0.00,66,-0.2,2.9,0.00,0.00,0.00,0,0,0,0,0,2.8,328,320,3.4,9.4,1,3600.00,1033.3,1018.5
2020-02-06T14:00,6.3,0.00,62,-0.5,3.7,0.00,0.00,0.00,0,0,0,0,0,3.0,6,346,3.6,13.3,1,3600.00,1032.6,1017.8
2020-02-06T15:00,6.6,0.00,59,-0.8,4.0,0.00,0.00,0.00,0,0,0,0,0,2.4,346,333,3.0,11.9,1,3600.00,1031.6,1016.9
2020-02-06T16:00,6.3,0.00,63,-0.1,3.5,0.00,0.00,0.00,0,1,0,0,1,4.6,347,342,6.6,11.5,1,3600.00,1031.7,1016.9
2020-02-06T17:00,3.8,0.00,80,0.6,1.0,0.00,0.00,0.00,0,1,0,0,1,5.1,329,309,11.3,11.2,1,3256.94,1031.9,1017.0
2020-02-06T18:00,1.5,0.00,88,-0.3,-1.6,0.00,0.00,0.00,0,2,0,0,2,6.6,340,331,13.4,11.5,0,0.00,1031.8,1016.8
2020-02-06T19:00,-0.1,0.00,90,-1.6,-3.6,0.00,0.00,0.00,0,1,0,0,1,7.5,2,17,8.6,11.9,0,0.00,1031.6,1016.5
2020-02-06T20:00,-1.2,0.00,90,-2.6,-4.6,0.00,0.00,0.00,0,1,0,0,1,6.5,32,56,4.7,10.4,0,0.00,1031.2,1016.0
2020-02-06T21:00,-1.9,0.00,89,-3.4,-5.2,0.00,0.00,0.00,0,0,0,0,0,5.1,112,82,1.9,9.4,0,0.00,1031.0,1015.8
2020-02-06T22:00,-1.6,0.00,88,-3.4,-4.7,0.00,0.00,0.00,0,0,0,0,0,3.3,106,84,2.6,7.6,0,0.00,1031.0,1015.8
2020-02-06T23:00,-1.9,0.00,89,-3.4,-5.2,0.00,0.00,0.00,0,0,0,0,0,4.7,103,94,6.3,10.1,0,0.00,1031.1,1015.9
2020-02-07T00:00,-2.6,0.00,90,-3.9,-6.0,0.00,0.00,0.00,0,0,0,0,0,5.1,110,94,9.6,10.8,0,0.00,1031.3,1016.1
2020-02-07T01:00,-2.7,0.00,90,-4.1,-6.2,0.00,0.00,0.00,0,0,0,0,0,5.4,99,90,11.7,11.2,0,0.00,1031.7,1016.5
2020-02-07T02:00,-2.3,0.00,88,-4.0,-5.7,0.00,0.00,0.00,0,0,0,0,0,5.4,102,98,15.1,11.9,0,0.00,1031.0,1015.8
2020-02-07T03:00,-2.2,0.00,88,-4.0,-5.7,0.00,0.00,0.00,0,0,0,0,0,5.4,102,98,15.1,10.8,0,0.00,1031.0,1015.8
2020-02-07T04:00,-2.3,0.00,87,-4.1,-5.8,0.00,0.00,0.00,0,0,0,0,0,5.4,99,90,16.4,11.5,0,0.00,1031.0,1015.8
2020-02-07T05:00,-2.0,0.00,87,-3.9,-5.5,0.00,0.00,0.00,0,0,0,0,0,5.4,97,82,17.1,11.9,0,0.00,1031.0,1015.8
2020-02-07T06:00,-1.7,0.00,87,-3.6,-5.3,0.00,0.00,0.00,0,0,0,0,0,6.5,99,87,18.6,13.7,0,0.00,1030.7,1015.5
2020-02-07T07:00,-1.4,0.00,87,-3.3,-5.2,0.00,0.00,0.00,0,0,0,0,0,8.3,104,92,21.1,16.9,0,0.00,1030.1,1015.0
2020-02-07T08:00,-1.5,0.00,88,-3.3,-5.2,0.00,0.00,0.00,0,0,0,0,0,7.2,105,96,19.7,18.0,1,0.00,1030.1,1014.9
2020-02-07T09:00,0.0,0.00,83,-2.6,-3.8,0.00,0.00,0.00,0,0,0,0,0,9.0,101,95,18.4,17.6,1,2198.58,1030.1,1015.0
2020-02-07T10:00,2.4,0.00,73,-2.0,-1.2,0.00,0.00,0.00,0,0,0,0,0,8.0,99,100,13.8,19.4,1,3600.00,1029.7,1014.8
2020-02-07T11:00,4.5,0.00,65,-1.5,0.8,0.00,0.00,0.00,0,0,0,0,0,8.8,100,102,12.8,21.6,1,3600.00,1029.2,1014.4
2020-02-07T12:00,6.2,0.00,59,-1.2,2.6,0.00,0.00,0.00,0,0,0,0,0,8.8,98,99,12.7,22.0,1,3600.00,1028.5,1013.8
2020-02-07T13:00,6.5,0.00,53,-2.3,2.6,0.00,0.00,0.00,0,0,0,0,0,10.1,105,107,14.1,23.4,1,3600.00,1028.4,1013.7
2020-02-07T14:00,7.8,0.00,44,-3.6,3.6,0.00,0.00,0.00,0,0,0,0,0,10.5,104,106,14.5,25.9,1,3600.00,1027.4,1012.8
2020-02-07T15:00,8.1,0.00,42,-4.0,3.8,0.00,0.00,0.00,0,0,0,0,0,10.7,104,104,14.8,25.6,1,3600.00,1026.7,1012.1
2020-02-07T16:00,7.3,0.00,45,-3.9,3.2,0.00,0.00,0.00,0,0,0,0,0,9.5,100,99,17.9,24.1,1,3600.00,1026.2,1011.6
2020-02-07T17:00,4.4,0.00,56,-3.6,0.4,0.00,0.00,0.00,0,0,0,0,0,9.4,99,94,23.0,20.2,1,3366.97,1026.1,1011.3
2020-02-07T18:00,2.6,0.00,63,-3.6,-1.7,0.00,0.00,0.00,0,0,0,0,0,11.7,104,99,28.2,23.8,0,0.00,1026.0,1011.1
2020-02-07T19:00,2.4,0.00,65,-3.5,-2.3,0.00,0.00,0.00,0,0,0,0,0,14.5,109,104,31.5,29.5,0,0.00,1026.1,1011.2
2020-02-07T20:00,1.8,0.00,68,-3.4,-3.2,0.00,0.00,0.00,0,0,0,0,0,16.4,110,105,33.7,33.8,0,0.00,1025.8,1010.9
2020-02-07T21:00,1.0,0.00,72,-3.5,-4.1,0.00,0.00,0.00,0,0,0,0,0,16.9,112,106,33.8,34.2,0,0.00,1025.7,1010.7
2020-02-07T22:00,0.6,0.00,73,-3.6,-4.5,0.00,0.00,0.00,0,0,0,0,0,17.0,113,107,34.0,35.6,0,0.00,1025.4,1010.4
2020-02-07T23:00,0.2,0.00,75,-3.7,-4.8,0.00,0.00,0.00,0,0,0,0,0,16.5,115,110,32.7,34.9,0,0.00,1025.3,1010.3
2020-02-08T00:00,-0.1,0.00,76,-3.9,-5.0,0.00,0.00,0.00,0,0,0,0,0,15.6,118,113,31.4,33.8,0,0.00,1025.4,1010.4
2020-02-08T01:00,-0.1,0.00,83,-2.6,-4.5,0.00,0.00,0.00,0,0,0,0,0,13.4,127,117,26.5,31.7,0,0.00,1025.9,1010.9
2020-02-08T02:00,-0.6,0.00,85,-2.8,-4.8,0.00,0.00,0.00,0,0,0,0,0,11.4,129,118,24.1,26.3,0,0.00,1025.7,1010.7
2020-02-08T03:00,-1.0,0.00,87,-2.9,-5.1,0.00,0.00,0.00,0,0,0,0,0,10.8,129,116,22.3,23.0,0,0.00,1025.5,1010.4
2020-02-08T04:00,-1.4,0.00,88,-3.1,-5.3,0.00,0.00,0.00,0,0,0,0,0,9.4,129,108,18.9,21.6,0,0.00,1025.1,1010.0
2020-02-08T05:00,-1.6,0.00,88,-3.3,-5.6,0.00,0.00,0.00,1,28,28,0,0,9.1,134,108,16.5,18.4,0,0.00,1025.0,1009.9
2020-02-08T06:00,-1.9,0.00,89,-3.4,-5.7,0.00,0.00,0.00,3,92,88,0,35,8.3,135,108,14.8,17.3,0,0.00,1025.1,1010.0
2020-02-08T07:00,-1.1,0.00,84,-3.4,-5.0,0.00,0.00,0.00,3,99,98,0,65,9.0,133,106,14.3,17.6,0,0.00,1024.9,1009.8
2020-02-08T08:00,-0.2,0.00,80,-3.2,-4.2,0.00,0.00,0.00,3,96,94,1,23,9.8,139,114,16.3,19.8,1,0.00,1024.9,1009.9
2020-02-08T09:00,0.8,0.00,78,-2.6,-3.2,0.00,0.00,0.00,3,96,95,8,30,10.5,145,121,17.1,19.8,1,1272.44,1025.3,1010.3
2020-02-08T10:00,3.2,0.00,69,-1.9,-0.2,0.00,0.00,0.00,3,97,96,61,22,6.4,153,133,12.6,20.2,1,3600.00,1025.6,1010.8
2020-02-08T11:00,5.4,0.00,62,-1.4,2.2,0.00,0.00,0.00,3,94,93,71,16,6.0,155,147,8.4,15.8,1,3600.00,1025.5,1010.8
2020-02-08T12:00,6.7,0.00,56,-1.3,3.4,0.00,0.00,0.00,3,94,88,79,38,6.8,167,162,9.6,17.6,1,3600.00,1025.1,1010.5
2020-02-08T13:00,6.4,0.00,56,-1.7,3.1,0.00,0.00,0.00,3,96,91,71,39,6.2,173,170,8.7,18.7,1,3600.00,1025.5,1010.8
2020-02-08T14:00,7.1,0.00,54,-1.6,3.9,0.00,0.00,0.00,3,96,90,67,11,5.8,158,158,7.8,16.9,1,3600.00,1024.8,1010.2
2020-02-08T15:00,7.7,0.00,53,-1.3,4.5,0.00,0.00,0.00,2,73,32,59,41,6.3,151,149,9.0,16.2,1,3600.00,1024.4,1009.8
2020-02-08T16:00,6.6,0.00,57,-1.2,3.6,0.00,0.00,0.00,1,48,0,46,25,4.6,140,129,12.3,15.1,1,3600.00,1024.0,1009.4
2020-02-08T17:00,4.0,0.00,68,-1.3,0.6,0.00,0.00,0.00,1,30,0,30,2,7.0,131,111,16.3,13.0,1,3477.29,1024.0,1009.2
2020-02-08T18:00,2.2,0.00,76,-1.6,-1.6,0.00,0.00,0.00,1,32,0,32,7,9.3,134,103,19.1,18.0,0,0.00,1024.1,1009.2
2020-02-08T19:00,1.7,0.00,77,-1.9,-2.1,0.00,0.00,0.00,2,53,2,50,11,9.5,140,101,18.7,18.4,0,0.00,1024.2,1009.3
2020-02-08T20:00,2.3,0.00,74,-1.8,-1.4,0.00,0.00,0.00,3,87,79,39,14,9.0,144,113,20.4,19.4,0,0.00,1023.9,1009.0
2020-02-08T21:00,2.4,0.00,76,-1.4,-1.3,0.00,0.00,0.00,3,97,96,35,24,8.8,158,125,18.6,17.6,0,0.00,1024.4,1009.5
2020-02-08T22:00,1.5,0.00,86,-0.7,-2.1,0.00,0.00,0.00,2,52,49,0,6,8.9,168,117,15.8,18.4,0,0.00,1024.2,1009.3
2020-02-08T23:00,0.8,0.00,86,-1.3,-2.7,0.00,0.00,0.00,3,91,91,1,0,8.1,177,122,18.4,17.6,0,0.00,1024.0,1009.1
2020-02-09T00:00,0.7,0.00,82,-2.0,-2.6,0.00,0.00,0.00,3,97,97,1,0,5.9,196,137,16.9,17.3,0,0.00,1024.2,1009.3
2020-02-09T01:00,2.3,0.00,85,-0.0,-1.0,0.00,0.00,0.00,3,98,40,28,21,8.0,191,144,19.4,16.6,0,0.00,1024.2,1009.3
2020-02-09T02:00,2.8,0.00,77,-0.8,-0.8,0.00,0.00,0.00,3,85,64,68,52,9.0,192,157,21.0,20.2,0,0.00,1024.3,1009.5
2020-02-09T03:00,3.7,0.00,71,-1.0,0.0,0.00,0.00,0.00,2,55,18,12,49,9.6,191,167,22.7,22.3,0,0.00,1023.7,1008.9
2020-02-09T04:00,3.4,0.00,75,-0.6,0.0,0.00,0.00,0.00,3,88,0,46,83,8.1,200,167,21.4,22.3,0,0.00,1023.7,1008.9
2020-02-09T05:00,4.1,0.00,74,-0.2,0.5,0.00,0.00,0.00,3,99,0,85,98,9.9,194,161,22.6,23.0,0,0.00,1023.1,1008.4
2020-02-09T06:00,4.6,0.00,74,0.4,1.3,0.00,0.00,0.00,3,98,92,61,74,8.3,204,178,21.7,23.4,0,0.00,1022.9,1008.2
2020-02-09T07:00,4.5,0.00,76,0.6,1.1,0.00,0.00,0.00,3,100,100,39,100,9.4,206,182,24.5,23.0,0,0.00,1022.4,1007.7
2020-02-09T08:00,5.3,0.00,74,1.1,1.6,0.00,0.00,0.00,3,93,79,13,88,11.6,208,196,26.6,27.0,1,0.00,1021.7,1007.0
2020-02-09T09:00,6.1,0.00,75,2.1,2.5,0.00,0.00,0.00,2,58,36,2,36,12.5,208,198,26.9,28.4,1,121.66,1021.2,1006.6
2020-02-09T10:00,7.7,0.00,73,3.2,3.8,0.00,0.00,0.00,1,27,6,0,23,16.2,207,201,29.8,35.6,1,3600.00,1020.6,1006.1
2020-02-09T11:00,9.6,0.00,68,3.9,5.8,0.00,0.00,0.00,2,56,0,53,7,16.2,200,193,28.8,37.8,1,3600.00,1019.4,1005.0
2020-02-09T12:00,11.1,0.00,63,4.3,7.1,0.00,0.00,0.00,3,99,0,99,0,18.0,204,200,30.6,42.1,1,3600.00,1018.3,1004.0
2020-02-09T13:00,12.4,0.00,62,5.3,8.6,0.00,0.00,0.00,1,35,24,0,16,18.4,199,197,27.8,44.3,1,3600.00,1017.2,1003.0
2020-02-09T14:00,13.1,0.00,58,4.9,8.8,0.00,0.00,0.00,3,97,97,1,0,20.9,203,201,32.9,46.8,1,3600.00,1015.4,1001.2
2020-02-09T15:00,13.0,0.00,56,4.3,8.4,0.00,0.00,0.00,3,100,100,81,2,21.7,209,207,36.9,49.0,1,3600.00,1013.8,999.6
2020-02-09T16:00,11.8,0.00,56,3.4,7.0,0.00,0.00,0.00,3,100,99,38,0,22.4,212,210,39.2,51.8,1,3329.15,1012.9,998.7
2020-02-09T17:00,11.1,0.10,59,3.5,6.4,0.10,0.00,0.00,51,100,100,58,0,22.1,207,202,39.1,69.8,1,0.00,1011.1,996.9
2020-02-09T18:00,11.0,0.00,61,3.8,5.9,0.00,0.00,0.00,3,100,100,35,0,24.8,214,213,43.0,76.7,0,0.00,1009.8,995.6
2020-02-09T19:00,11.9,0.00,54,2.8,6.4,0.00,0.00,0.00,3,100,100,100,1,26.2,216,214,45.1,58.0,0,0.00,1008.7,994.6
2020-02-09T20:00,12.5,0.00,48,1.8,6.2,0.00,0.00,0.00,3,100,100,96,2,30.6,211,210,51.1,66.6,0,0.00,1006.9,992.8
2020-02-09T21:00,12.7,0.00,48,1.9,6.3,0.00,0.00,0.00,3,100,99,85,66,31.4,212,210,51.9,68.4,0,0.00,1005.1,991.0
2020-02-09T22:00,13.0,0.00,47,2.0,6.4,0.00,0.00,0.00,3,97,77,95,78,33.2,216,214,55.1,72.7,0,0.00,1003.4,989.4
2020-02-09T23:00,13.4,0.00,48,2.7,6.3,0.00,0.00,0.00,3,97,0,94,95,37.0,222,221,60.4,80.3,0,0.00,1001.9,987.9
2020-02-10T00:00,13.3,0.00,53,4.0,6.3,0.00,0.00,0.00,3,100,0,100,91,38.2,228,227,61.9,84.6,0,0.00,1001.4,987.4
2020-02-10T01:00,13.2,0.10,64,6.5,6.8,0.10,0.00,0.00,51,100,25,100,93,37.2,224,223,60.3,85.3,0,0.00,1000.2,986.2
2020-02-10T02:00,13.2,0.00,63,6.3,6.6,0.00,0.00,0.00,3,96,0,96,82,38.7,224,223,62.4,83.2,0,0.00,998.8,984.9
2020-02-10T03:00,12.3,0.90,72,7.4,5.7,0.90,0.00,0.00,53,87,0,81,67,40.5,227,226,65.5,87.8,0,0.00,997.9,983.9
2020-02-10T04:00,11.3,3.10,83,8.5,5.3,3.10,0.00,0.00,63,98,14,82,95,38.3,241,242,63.7,88.6,0,0.00,997.7,983.7
2020-02-10T05:00,11.2,5.00,85,8.8,4.6,5.00,0.00,0.00,63,100,95,100,98,42.5,241,242,69.8,110.2,0,0.00,997.2,983.2
2020-02-10T06:00,10.7,3.60,89,8.9,4.2,3.60,0.00,0.00,63,99,44,99,65,42.4,240,240,68.7,119.2,0,0.00,997.9,983.8
2020-02-10T07:00,9.7,2.30,86,7.5,2.7,2.30,0.00,0.00,61,81,0,77,58,43.4,256,256,69.7,119.9,0,0.00,999.6,985.5
2020-02-10T08:00,8.7,0.70,85,6.2,1.9,0.70,0.00,0.00,53,98,0,98,18,40.0,254,254,64.6,111.6,1,0.00,1001.1,986.9
2020-02-10T09:00,8.5,0.20,78,4.8,1.8,0.20,0.00,0.00,51,50,0,44,30,37.4,259,259,59.7,86.8,1,0.00,1003.1,988.9
2020-02-10T10:00,8.7,0.00,70,3.6,1.6,0.00,0.00,0.00,2,52,0,49,11,38.0,261,260,59.8,100.8,1,3600.00,1004.5,990.3
2020-02-10T11:00,8.9,0.00,69,3.5,2.0,0.00,0.00,0.00,1,40,0,34,18,36.4,258,259,56.3,101.5,1,3600.00,1005.6,991.3
2020-02-10T12:00,9.1,0.00,63,2.5,1.9,0.00,0.00,0.00,1,49,0,44,22,37.4,257,257,58.0,94.7,1,3600.00,1006.6,992.3
2020-02-10T13:00,9.2,0.00,61,2.1,2.0,0.00,0.00,0.00,1,23,0,33,20,37.1,255,256,56.7,100.1,1,3600.00,1007.6,993.3
2020-02-10T14:00,9.7,0.00,52,0.2,2.1,0.00,0.00,0.00,2,53,6,52,8,37.6,258,258,58.2,98.6,1,3600.00,1008.1,993.9
2020-02-10T15:00,9.6,0.00,52,0.3,2.4,0.00,0.00,0.00,3,80,1,76,28,35.1,252,251,55.3,84.2,1,3600.00,1008.1,993.8
2020-02-10T16:00,9.0,0.00,56,0.6,2.3,0.00,0.00,0.00,3,94,15,94,0,32.1,253,252,51.7,76.3,1,3600.00,1008.5,994.2
2020-02-10T17:00,7.8,0.10,65,1.7,2.2,0.10,0.00,0.00,51,99,52,99,9,25.7,252,252,42.7,71.3,1,0.00,1008.1,993.8
2020-02-10T18:00,7.9,0.20,68,2.3,2.6,0.20,0.00,0.00,51,100,87,100,0,24.5,238,237,40.9,56.2,0,0.00,1006.5,992.2
2020-02-10T19:00,7.2,0.70,70,2.2,1.8,0.70,0.00,0.00,53,99,72,99,12,25.1,233,232,42.2,68.0,0,0.00,1005.1,990.8
2020-02-10T20:00,5.9,0.80,85,3.6,0.4,0.80,0.00,0.00,53,100,97,100,36,27.8,230,229,47.0,76.7,0,0.00,1004.0,989.6
2020-02-10T21:00,6.3,1.10,89,4.6,0.8,1.10,0.00,0.00,55,94,32,93,61,28.9,237,237,48.2,88.6,0,0.00,1002.5,988.2
2020-02-10T22:00,7.7,0.30,84,5.2,1.5,0.30,0.00,0.00,51,97,17,96,58,34.3,247,246,56.4,73.8,0,0.00,1001.3,987.0
2020-02-10T23:00,7.5,0.80,87,5.4,1.1,0.80,0.00,0.00,53,89,28,87,8,36.4,239,238,60.1,99.4,0,0.00,1000.8,986.5
2020-02-11T00:00,6.9,1.90,84,4.4,0.1,1.90,0.00,0.00,61,81,0,81,6,37.4,260,259,60.3,104.8,0,0.00,1001.7,987.4
2020-02-11T01:00,6.7,0.00,75,2.5,-0.4,0.00,0.00,0.00,3,100,0,99,1,37.1,262,262,60.6,80.6,0,0.00,1002.4,988.1
2020-02-11T02:00,7.2,0.00,58,-0.4,-0.3,0.00,0.00,0.00,0,4,0,0,4,36.2,277,276,58.7,81.4,0,0.00,1004.2,989.9
2020-02-11T03:00,6.8,0.00,48,-3.5,-0.6,0.00,0.00,0.00,0,2,0,1,0,33.2,273,273,54.1,79.2,0,0.00,1005.4,991.0
2020-02-11T04:00,6.6,0.00,49,-3.4,-0.5,0.00,0.00,0.00,1,22,0,21,0,30.7,267,267,50.8,72.4,0,0.00,1006.1,991.7
2020-02-11T05:00,6.4,0.00,53,-2.5,-0.6,0.00,0.00,0.00,1,49,0,48,6,30.8,264,264,50.3,68.0,0,0.00,1007.3,992.9
2020-02-11T06:00,6.2,0.00,53,-2.6,-0.5,0.00,0.00,0.00,0,7,0,2,7,28.8,261,261,47.4,67.3,0,0.00,1007.8,993.4
2020-02-11T07:00,5.4,0.00,62,-1.4,-0.9,0.00,0.00,0.00,1,43,0,41,10,27.5,257,256,45.4,63.0,0,0.00,1008.3,993.8
2020-02-11T08:00,4.8,0.10,71,0.0,-1.0,0.10,0.00,0.00,51,54,0,52,17,25.0,259,258,41.9,72.4,1,0.00,1008.8,994.3
2020-02-11T09:00,5.1,0.20,77,1.4,-0.7,0.20,0.00,0.00,51,71,0,54,52,26.8,255,255,43.1,73.1,1,1989.56,1009.3,994.8
2020-02-11T10:00,5.2,0.30,77,1.6,-0.9,0.30,0.00,0.00,51,51,0,49,14,29.0,258,259,46.0,82.4,1,3600.00,1009.4,994.9
2020-02-11T11:00,5.6,0.40,80,2.5,0.0,0.30,0.00,0.07,71,43,0,42,16,26.5,256,255,45.2,81.4,1,3600.00,1009.8,995.3
2020-02-11T12:00,6.5,0.10,69,1.2,-0.3,0.10,0.00,0.00,51,52,0,37,35,32.8,260,261,50.8,72.4,1,3600.00,1009.9,995.5
2020-02-11T13:00,7.0,0.00,60,-0.2,0.7,0.00,0.00,0.00,2,54,5,64,17,28.3,259,258,44.1,81.7,1,3600.00,1010.4,996.0
2020-02-11T14:00,7.0,0.00,60,-0.3,1.5,0.00,0.00,0.00,1,43,1,32,25,23.2,263,263,35.9,83.9,1,3600.00,1010.1,995.7
2020-02-11T15:00,7.9,0.00,49,-2.3,1.0,0.00,0.00,0.00,2,51,1,50,6,30.2,261,261,46.3,77.4,1,3600.00,1010.1,995.7
2020-02-11T16:00,7.1,0.10,55,-1.5,0.3,0.10,0.00,0.00,51,58,2,58,0,30.0,257,256,48.1,77.0,1,3600.00,1010.6,996.2
2020-02-11T17:00,6.3,0.10,58,-1.4,-0.2,0.10,0.00,0.00,51,69,4,58,50,28.3,263,263,45.7,74.5,1,3600.00,1011.4,996.9
2020-02-11T18:00,6.0,0.00,57,-1.8,-0.3,0.00,0.00,0.00,2,67,0,67,0,26.3,258,257,43.5,61.2,0,0.00,1011.9,997.4
2020-02-11T19:00,5.4,0.00,61,-1.5,-0.9,0.00,0.00,0.00,3,97,0,97,1,27.3,253,252,45.2,59.4,0,0.00,1012.2,997.7
2020-02-11T20:00,5.3,0.00,65,-0.8,-1.1,0.00,0.00,0.00,2,53,0,51,8,28.1,257,257,45.8,61.9,0,0.00,1012.9,998.4
2020-02-11T21:00,4.2,0.20,73,-0.3,-1.8,0.20,0.00,0.00,51,47,0,38,29,26.6,261,261,43.8,76.0,0,0.00,1013.7,999.1
2020-02-11T22:00,4.2,0.10,75,0.2,-1.5,0.10,0.00,0.00,51,44,0,41,12,24.3,260,258,40.2,71.6,0,0.00,1014.4,999.8
2020-02-11T23:00,3.9,0.00,75,-0.1,-1.6,0.00,0.00,0.00,0,16,0,15,2,22.6,259,256,38.5,52.6,0,0.00,1015.1,1000.5
2020-02-12T00:00,3.4,0.00,77,-0.2,-1.8,0.00,0.00,0.00,0,1,0,0,1,20.5,256,252,36.1,49.7,0,0.00,1015.4,1000.7
2020-02-12T01:00,3.4,0.00,74,-0.9,-1.8,0.00,0.00,0.00,0,9,31,0,1,19.6,253,250,34.2,45.7,0,0.00,1016.5,1001.8
2020-02-12T02:00,3.2,0.00,74,-0.9,-1.9,0.00,0.00,0.00,2,69,68,0,1,18.8,249,244,33.6,42.8,0,0.00,1016.6,1001.9
2020-02-12T03:00,3.3,0.00,75,-0.7,-1.7,0.00,0.00,0.00,3,82,80,1,16,18.9,245,239,33.5,42.5,0,0.00,1016.6,1001.9
2020-02-12T04:00,3.4,0.00,75,-0.7,-1.7,0.00,0.00,0.00,3,88,83,49,33,19.8,245,241,34.5,44.3,0,0.00,1016.7,1002.0
2020-02-12T05:00,3.5,0.00,73,-0.8,-1.4,0.00,0.00,0.00,3,84,56,78,23,18.1,243,239,31.4,43.9,0,0.00,1016.9,1002.2
2020-02-12T06:00,3.3,0.00,75,-0.7,-1.5,0.00,0.00,0.00,3,95,3,92,48,17.6,244,239,30.9,40.3,0,0.00,1017.5,1002.8
2020-02-12T07:00,3.5,0.00,74,-0.7,-1.4,0.00,0.00,0.00,3,96,17,93,46,18.4,241,235,31.3,40.3,0,0.00,1017.6,1002.9
2020-02-12T08:00,3.1,0.50,77,-0.5,-1.9,0.30,0.00,0.14,71,77,30,58,56,19.5,236,231,33.2,57.2,1,0.00,1017.6,1002.9
2020-02-12T09:00,3.5,0.30,78,0.0,-1.6,0.10,0.00,0.14,71,80,0,74,50,20.5,235,231,33.7,43.9,1,1651.67,1017.8,1003.1
2020-02-12T10:00,4.3,0.20,77,0.7,-0.4,0.20,0.00,0.00,51,99,0,99,24,18.8,228,223,32.4,60.1,1,3600.00,1017.8,1003.1
2020-02-12T11:00,4.1,0.30,79,0.8,-1.1,0.30,0.00,0.00,51,93,54,85,68,21.9,227,224,34.1,60.8,1,0.00,1018.1,1003.4
2020-02-12T12:00,4.3,0.30,82,1.5,-0.7,0.30,0.00,0.00,51,99,50,96,92,21.5,233,232,33.7,60.5,1,0.00,1018.4,1003.7
2020-02-12T13:00,4.7,0.60,84,2.3,0.5,0.60,0.00,0.00,53,94,2,79,46,17.2,236,233,27.5,59.8,1,0.00,1018.7,1004.0
2020-02-12T14:00,5.8,0.10,79,2.4,1.1,0.10,0.00,0.00,51,94,13,85,84,20.3,246,245,31.4,57.2,1,2479.05,1018.5,1003.9
2020-02-12T15:00,5.7,0.40,76,1.9,0.8,0.30,0.00,0.07,71,44,6,40,19,20.9,256,255,34.1,58.3,1,1530.86,1018.4,1003.8
2020-02-12T16:00,5.2,0.90,80,2.1,0.2,0.60,0.00,0.21,73,59,0,51,23,22.5,264,264,35.9,58.3,1,3600.00,1018.7,1004.1
2020-02-12T17:00,5.0,0.10,80,1.8,0.8,0.10,0.00,0.00,51,79,0,75,26,16.2,260,258,28.1,47.5,1,3600.00,1018.9,1004.3
2020-02-12T18:00,4.6,0.10,83,1.9,0.4,0.10,0.00,0.00,51,35,23,10,18,16.5,254,254,29.2,45.4,0,0.00,1019.4,1004.7
2020-02-12T19:00,3.8,0.10,88,2.0,0.0,0.10,0.00,0.00,51,62,0,0,62,13.7,246,240,26.0,36.0,0,0.00,1020.2,1005.5
2020-02-12T20:00,3.7,0.00,88,1.9,-0.1,0.00,0.00,0.00,2,63,61,0,6,13.8,243,237,25.8,31.0,0,0.00,1020.9,1006.2
2020-02-12T21:00,2.9,0.00,91,1.5,-0.7,0.00,0.00,0.00,1,47,41,14,0,11.5,239,231,24.4,30.2,0,0.00,1021.3,1006.5
2020-02-12T22:00,2.3,0.00,93,1.3,-1.2,0.00,0.00,0.00,3,85,83,3,10,10.7,230,225,24.8,25.6,0,0.00,1021.8,1007.0
2020-02-12T23:00,2.4,0.00,94,1.6,-1.3,0.00,0.00,0.00,3,88,87,29,0,12.6,237,233,27.1,27.4,0,0.00,1021.8,1007.0
2020-02-13T00:00,2.4,0.00,95,1.6,-1.1,0.00,0.00,0.00,3,96,94,93,0,11.2,236,230,25.2,27.7,0,0.00,1021.9,1007.1
2020-02-13T01:00,3.0,0.00,93,2.0,-0.3,0.00,0.00,0.00,3,100,100,95,1,10.5,229,218,23.2,25.2,0,0.00,1021.5,1006.7
2020-02-13T02:00,2.5,0.00,94,1.6,-0.4,0.00,0.00,0.00,3,100,100,91,4,7.1,219,195,18.4,23.0,0,0.00,1020.8,1006.0
2020-02-13T03:00,2.2,0.00,95,1.5,-0.7,0.00,0.00,0.00,1,22,0,0,22,7.1,194,156,16.3,17.3,0,0.00,1019.7,1004.9
2020-02-13T04:00,2.1,0.00,95,1.3,-1.0,0.00,0.00,0.00,1,37,0,0,37,7.6,174,135,16.3,16.6,0,0.00,1018.9,1004.1
2020-02-13T05:00,2.1,0.30,93,1.2,-0.8,0.30,0.00,0.00,51,52,3,39,37,6.5,171,124,13.8,16.6,0,0.00,1018.5,1003.7
2020-02-13T06:00,2.1,0.20,92,0.9,-0.9,0.20,0.00,0.00,51,96,92,50,42,6.9,165,129,15.6,15.1,0,0.00,1017.7,1002.9
2020-02-13T07:00,2.0,0.00,90,0.6,-1.2,0.00,0.00,0.00,3,100,100,10,26,8.3,162,124,17.1,17.3,0,0.00,1016.6,1001.8
2020-02-13T08:00,2.3,0.00,88,0.4,-1.2,0.00,0.00,0.00,3,100,100,0,17,9.5,146,119,20.5,21.6,1,0.00,1015.2,1000.5
2020-02-13T09:00,2.8,0.00,86,0.7,-0.9,0.00,0.00,0.00,3,100,100,89,0,11.5,140,122,22.2,25.9,1,0.00,1014.5,999.8
2020-02-13T10:00,3.4,0.00,82,0.7,-0.6,0.00,0.00,0.00,3,100,100,77,0,13.6,145,130,25.1,27.7,1,0.00,1013.2,998.6
2020-02-13T11:00,4.8,0.00,74,0.5,0.3,0.00,0.00,0.00,3,99,98,95,0,16.4,152,142,30.1,38.2,1,0.00,1011.2,996.7
2020-02-13T12:00,6.0,0.10,65,-0.0,1.4,0.10,0.00,0.00,51,100,95,98,0,16.9,156,146,31.6,35.3,1,0.00,1009.5,995.0
2020-02-13T13:00,5.6,0.10,72,1.0,1.1,0.10,0.00,0.00,51,99,99,83,6,17.2,152,143,31.4,58.7,1,0.00,1008.0,993.5
2020-02-13T14:00,5.4,0.80,82,2.5,1.6,0.80,0.00,0.00,53,99,98,87,56,13.9,165,149,25.8,67.0,1,0.00,1006.0,991.6
2020-02-13T15:00,6.1,0.70,82,3.3,3.1,0.70,0.00,0.00,53,100,96,98,62,10.1,200,180,22.5,55.8,1,0.00,1004.6,990.2
2020-02-13T16:00,6.2,1.40,86,3.9,3.4,1.40,0.00,0.00,61,100,100,100,92,8.9,266,284,19.9,44.3,1,0.00,1004.2,989.8
2020-02-13T17:00,5.8,3.20,88,4.0,2.3,3.20,0.00,0.00,63,100,100,65,85,14.4,239,238,27.6,45.0,1,0.00,1004.4,990.0
2020-02-13T18:00,6.0,0.60,89,4.3,2.0,0.60,0.00,0.00,53,100,100,100,1,18.2,224,219,33.4,39.6,0,0.00,1003.5,989.1
2020-02-13T19:00,5.9,0.00,88,4.1,2.3,0.00,0.00,0.00,3,100,100,29,6,15.3,227,221,29.5,40.3,0,0.00,1004.0,989.6
2020-02-13T20:00,5.6,0.00,87,3.6,1.6,0.00,0.00,0.00,3,87,56,82,17,17.0,222,216,32.4,37.8,0,0.00,1004.3,989.9
2020-02-13T21:00,6.3,0.40,89,4.7,2.0,0.40,0.00,0.00,51,100,100,99,28,20.2,223,221,36.7,42.8,0,0.00,1004.4,990.0
2020-02-13T22:00,6.0,0.60,89,4.4,1.7,0.60,0.00,0.00,53,100,92,53,100,20.1,227,226,34.9,51.8,0,0.00,1005.5,991.1
2020-02-13T23:00,6.3,0.20,89,4.5,2.0,0.20,0.00,0.00,51,100,77,100,75,20.0,232,231,34.4,43.6,0,0.00,1006.0,991.6
2020-02-14T00:00,6.6,0.10,88,4.7,1.9,0.10,0.00,0.00,51,100,96,100,86,23.5,238,234,39.6,60.1,0,0.00,1006.8,992.4
2020-02-14T01:00,6.4,0.70,91,5.0,1.6,0.70,0.00,0.00,53,100,19,100,100,24.6,236,235,41.5,54.7,0,0.00,1008.3,993.9
2020-02-14T02:00,6.9,0.30,86,4.8,2.5,0.30,0.00,0.00,51,92,27,90,53,21.5,253,249,36.6,63.4,0,0.00,1010.0,995.6
2020-02-14T03:00,6.5,0.10,86,4.3,2.7,0.10,0.00,0.00,51,15,0,10,13,16.6,261,257,29.5,46.4,0,0.00,1011.9,997.4
2020-02-14T04:00,5.2,0.00,90,3.7,1.9,0.00,0.00,0.00,2,60,0,49,50,12.4,259,253,25.3,35.6,0,0.00,1013.1,998.6
2020-02-14T05:00,5.1,0.00,90,3.6,1.8,0.00,0.00,0.00,2,65,0,49,57,12.3,260,255,24.9,27.7,0,0.00,1014.5,999.9
2020-02-14T06:00,5.2,0.00,90,3.7,1.8,0.00,0.00,0.00,3,84,0,22,82,13.0,260,256,25.2,28.1,0,0.00,1016.1,1001.5
2020-02-14T07:00,5.3,0.00,89,3.6,1.7,0.00,0.00,0.00,3,97,0,97,66,14.3,262,258,26.5,31.3,0,0.00,1017.7,1003.1
2020-02-14T08:00,5.3,0.00,88,3.4,1.7,0.00,0.00,0.00,3,84,0,60,81,13.9,259,253,25.3,31.3,1,0.00,1019.1,1004.5
2020-02-14T09:00,5.6,0.00,86,3.5,1.9,0.00,0.00,0.00,3,96,0,53,96,14.7,254,248,25.5,31.3,1,0.00,1020.6,1006.0
2020-02-14T10:00,6.1,0.10,84,3.7,2.3,0.10,0.00,0.00,51,81,0,46,80,15.6,253,251,26.4,33.5,1,548.18,1021.6,1007.0
2020-02-14T11:00,6.7,0.30,83,4.1,2.8,0.30,0.00,0.00,51,69,0,37,67,17.1,255,255,28.3,36.0,1,1353.33,1022.4,1007.8
2020-02-14T12:00,7.7,0.30,77,3.8,3.5,0.30,0.00,0.00,51,60,0,36,58,18.5,257,257,28.1,40.3,1,3600.00,1022.8,1008.2
2020-02-14T13:00,8.7,0.10,70,3.5,4.6,0.10,0.00,0.00,51,85,0,11,100,17.7,265,264,26.8,39.2,1,3600.00,1023.2,1008.7
2020-02-14T14:00,8.6,0.00,72,3.9,5.3,0.00,0.00,0.00,3,90,0,4,90,13.0,276,275,22.1,38.2,1,0.00,1023.4,1008.9
2020-02-14T15:00,9.1,0.00,68,3.4,5.6,0.00,0.00,0.00,3,100,0,2,100,13.8,285,285,22.0,29.9,1,1134.02,1023.7,1009.2
2020-02-14T16:00,8.7,0.00,71,3.7,5.3,0.00,0.00,0.00,2,69,0,1,69,13.0,268,267,22.0,30.6,1,0.00,1024.0,1009.5
2020-02-14T17:00,8.4,0.00,72,3.6,5.5,0.00,0.00,0.00,3,88,2,0,88,9.0,270,265,18.0,28.4,1,1248.81,1024.5,1010.0
2020-02-14T18:00,6.6,0.00,81,3.5,4.3,0.00,0.00,0.00,2,70,27,0,58,5.1,277,262,12.7,20.2,0,0.00,1024.9,1010.3
2020-02-14T19:00,4.5,0.00,87,2.5,1.8,0.00,0.00,0.00,2,74,44,0,54,6.5,252,214,9.4,13.0,0,0.00,1025.7,1010.9
2020-02-14T20:00,5.1,0.00,87,3.0,2.7,0.00,0.00,0.00,2,76,59,0,41,5.4,223,188,14.3,11.5,0,0.00,1026.3,1011.6
2020-02-14T21:00,4.1,0.00,90,2.6,1.6,0.00,0.00,0.00,3,95,94,0,36,6.0,237,205,16.7,12.6,0,0.00,1026.4,1011.6
2020-02-14T22:00,5.0,0.00,92,3.8,2.5,0.00,0.00,0.00,3,96,95,0,57,6.6,232,209,17.9,15.1,0,0.00,1027.0,1012.2
2020-02-14T23:00,4.8,0.00,93,3.7,2.4,0.00,0.00,0.00,3,97,96,0,42,6.2,216,187,16.5,14.4,0,0.00,1027.1,1012.3
2020-02-15T00:00,4.0,0.00,93,3.0,1.5,0.00,0.00,0.00,2,67,56,0,27,5.8,218,176,15.6,14.0,0,0.00,1027.1,1012.3
2020-02-15T01:00,4.2,0.00,92,3.1,1.8,0.00,0.00,0.00,3,95,11,0,21,5.8,209,173,16.1,13.0,0,0.00,1026.9,1012.1
2020-02-15T02:00,3.8,0.00,92,2.6,1.3,0.00,0.00,0.00,2,60,59,0,3,5.4,193,143,14.1,13.7,0,0.00,1026.6,1011.8
2020-02-15T03:00,3.6,0.00,91,2.3,1.0,0.00,0.00,0.00,3,100,100,0,8,5.9,181,133,14.4,13.0,0,0.00,1026.2,1011.4
2020-02-15T04:00,3.9,0.00,90,2.4,1.3,0.00,0.00,0.00,3,100,100,0,8,5.6,175,130,13.4,13.0,0,0.00,1025.7,1010.9
2020-02-15T05:00,3.8,0.00,91,2.4,1.1,0.00,0.00,0.00,3,98,98,0,3,6.2,159,126,15.8,14.0,0,0.00,1025.3,1010.5
2020-02-15T06:00,2.5,0.00,93,1.5,-0.3,0.00,0.00,0.00,3,90,88,0,12,6.1,171,140,11.3,13.3,0,0.00,1025.3,1010.4
2020-02-15T07:00,3.2,0.00,91,1.8,0.6,0.00,0.00,0.00,3,91,89,0,17,4.8,180,132,10.8,11.9,0,0.00,1025.2,1010.4
2020-02-15T08:00,3.3,0.00,90,1.9,0.5,0.00,0.00,0.00,3,91,87,0,9,6.9,174,129,13.4,14.8,1,0.00,1025.0,1010.2
2020-02-15T09:00,4.8,0.00,86,2.6,1.8,0.00,0.00,0.00,3,95,95,0,4,8.8,183,145,15.9,17.6,1,1476.42,1025.2,1010.5
2020-02-15T10:00,6.4,0.00,80,3.2,3.6,0.00,0.00,0.00,3,93,93,3,1,8.0,183,162,15.5,19.4,1,2458.96,1025.2,1010.5
2020-02-15T11:00,8.1,0.00,74,3.6,5.3,0.00,0.00,0.00,3,94,94,26,1,8.6,188,182,13.1,22.0,1,3600.00,1024.8,1010.2
2020-02-15T12:00,9.8,0.00,68,4.2,6.9,0.00,0.00,0.00,3,93,93,54,1,10.4,197,194,15.0,25.9,1,3600.00,1024.2,1009.7
2020-02-15T13:00,10.1,0.00,69,4.7,6.9,0.00,0.00,0.00,2,76,96,46,10,13.4,196,194,18.7,27.0,1,3600.00,1024.2,1009.7
2020-02-15T14:00,10.4,0.00,65,4.0,7.0,0.00,0.00,0.00,3,83,69,69,2,13.9,192,190,20.6,31.7,1,3461.95,1022.8,1008.4
2020-02-15T15:00,11.2,0.00,61,4.0,7.9,0.00,0.00,0.00,0,1,0,0,1,12.8,201,202,18.9,32.4,1,3600.00,1021.9,1007.5
2020-02-15T16:00,11.2,0.00,64,4.5,8.6,0.00,0.00,0.00,0,0,0,0,0,8.7,198,197,14.8,29.2,1,3600.00,1021.4,1007.0
2020-02-15T17:00,8.5,0.00,80,5.2,6.4,0.00,0.00,0.00,0,0,0,0,0,6.2,194,170,11.5,20.2,1,3600.00,1021.4,1006.9
2020-02-15T18:00,7.7,0.00,76,3.6,5.0,0.00,0.00,0.00,0,0,0,0,0,7.7,169,131,16.5,15.5,0,302.51,1020.2,1005.7
2020-02-15T19:00,6.9,0.00,78,3.3,3.9,0.00,0.00,0.00,3,96,96,0,0,9.7,160,132,21.9,20.5,0,0.00,1019.6,1005.0
2020-02-15T20:00,6.8,0.00,78,3.2,3.5,0.00,0.00,0.00,3,100,100,0,0,11.8,156,128,25.3,23.4,0,0.00,1019.0,1004.4
2020-02-15T21:00,6.8,0.00,75,2.6,3.8,0.00,0.00,0.00,3,100,100,19,0,8.9,192,153,22.1,24.5,0,0.00,1019.1,1004.5
2020-02-15T22:00,7.0,0.00,68,1.5,4.0,0.00,0.00,0.00,3,100,100,100,0,8.0,209,172,21.7,22.0,0,0.00,1019.5,1005.0
2020-02-15T23:00,8.0,0.00,63,1.4,4.3,0.00,0.00,0.00,3,100,100,49,0,12.1,221,207,27.8,34.2,0,0.00,1019.8,1005.3
2020-02-16T00:00,7.9,0.80,71,2.9,4.4,0.80,0.00,0.00,53,99,99,74,0,12.9,220,207,28.1,40.7,0,0.00,1019.4,1004.9
2020-02-16T01:00,8.5,0.00,65,2.4,5.2,0.00,0.00,0.00,3,98,94,97,0,10.7,212,194,26.4,29.5,0,0.00,1019.1,1004.6
2020-02-16T02:00,9.6,0.00,59,2.0,5.7,0.00,0.00,0.00,3,99,98,47,0,14.2,199,189,29.4,31.7,0,0.00,1018.5,1004.1
2020-02-16T03:00,8.9,0.00,59,1.4,5.3,0.00,0.00,0.00,3,100,100,26,0,11.9,205,194,27.7,32.0,0,0.00,1018.0,1003.6
2020-02-16T04:00,9.8,0.00,53,0.7,5.8,0.00,0.00,0.00,3,100,100,21,0,13.1,206,196,29.1,31.3,0,0.00,1017.2,1002.8
2020-02-16T05:00,10.3,0.00,50,0.3,6.1,0.00,0.00,0.00,3,100,100,48,0,14.5,209,203,30.9,33.1,0,0.00,1017.3,1003.0
2020-02-16T06:00,10.4,0.00,51,0.7,6.4,0.00,0.00,0.00,3,100,100,69,0,13.4,208,204,28.2,34.2,0,0.00,1016.6,1002.3
2020-02-16T07:00,10.5,0.00,51,0.6,6.4,0.00,0.00,0.00,3,99,99,42,0,13.7,213,210,29.5,32.0,0,0.00,1016.2,1001.9
2020-02-16T08:00,10.3,0.00,52,0.9,6.0,0.00,0.00,0.00,3,100,99,99,0,15.6,215,214,32.3,51.8,1,0.00,1016.1,1001.8
2020-02-16T09:00,10.9,0.00,52,1.5,7.1,0.00,0.00,0.00,3,100,96,99,0,13.0,210,208,28.4,35.6,1,0.00,1015.8,1001.5
2020-02-16T10:00,11.4,0.00,52,1.8,7.6,0.00,0.00,0.00,3,100,97,94,0,13.1,201,196,27.8,31.0,1,0.00,1015.3,1001.0
2020-02-16T11:00,12.8,0.00,49,2.3,8.7,0.00,0.00,0.00,3,100,92,98,0,16.1,204,200,30.8,36.7,1,0.00,1015.0,1000.8
2020-02-16T12:00,13.3,0.00,49,2.9,9.1,0.00,0.00,0.00,3,83,77,41,0,18.0,216,213,33.3,40.7,1,0.00,1014.9,1000.7
2020-02-16T13:00,15.4,0.00,46,4.0,11.8,0.00,0.00,0.00,2,79,97,0,0,15.1,202,198,25.7,41.8,1,3600.00,1013.8,999.8
2020-02-16T14:00,16.6,0.00,44,4.4,12.9,0.00,0.00,0.00,3,99,99,0,0,16.1,208,207,28.7,36.7,1,3600.00,1012.8,998.8
2020-02-16T15:00,16.9,0.00,42,3.7,12.1,0.00,0.00,0.00,3,93,93,0,0,22.7,212,209,39.2,50.0,1,3600.00,1012.1,998.1
2020-02-16T16:00,17.1,0.00,42,4.2,12.8,0.00,0.00,0.00,3,88,88,0,0,19.9,218,215,35.9,51.1,1,3600.00,1011.7,997.8
2020-02-16T17:00,16.1,0.00,44,4.0,12.2,0.00,0.00,0.00,3,97,97,0,0,17.1,209,205,33.7,44.6,1,3600.00,1011.2,997.2
2020-02-16T18:00,15.2,0.00,45,3.4,11.2,0.00,0.00,0.00,3,94,94,0,0,16.6,206,202,34.1,38.9,0,0.00,1011.0,997.0
2020-02-16T19:00,14.3,0.00,48,3.5,10.4,0.00,0.00,0.00,3,97,97,0,0,15.9,205,198,32.7,38.2,0,0.00,1011.1,997.0
2020-02-16T20:00,14.3,0.00,49,3.7,10.2,0.00,0.00,0.00,3,94,94,0,0,18.0,214,206,35.0,40.7,0,0.00,1011.3,997.2
2020-02-16T21:00,15.0,0.00,45,3.3,10.1,0.00,0.00,0.00,3,100,100,36,0,22.5,217,212,40.6,49.7,0,0.00,1010.9,996.9
2020-02-16T22:00,15.2,0.00,46,3.5,10.2,0.00,0.00,0.00,3,92,91,33,12,23.9,229,226,42.4,53.6,0,0.00,1011.2,997.2
2020-02-16T23:00,15.0,0.00,47,3.8,9.7,0.00,0.00,0.00,3,95,95,1,9,26.4,233,231,45.7,58.3,0,0.00,1011.4,997.4
2020-02-17T00:00,14.9,0.00,47,3.8,9.1,0.00,0.00,0.00,3,98,98,6,5,29.7,232,231,50.0,64.4,0,0.00,1011.6,997.6
2020-02-17T01:00,15.1,0.00,53,5.5,10.0,0.00,0.00,0.00,3,99,94,30,60,27.1,241,241,46.6,69.8,0,0.00,1011.7,997.7
2020-02-17T02:00,14.5,0.10,62,7.4,9.9,0.10,0.00,0.00,51,100,72,100,100,27.2,251,252,45.3,61.6,0,0.00,1013.3,999.2
2020-02-17T03:00,11.5,0.90,83,8.8,8.1,0.90,0.00,0.00,53,100,100,100,86,21.3,281,281,36.6,62.6,0,0.00,1015.9,1001.6
2020-02-17T04:00,10.3,0.30,81,7.1,6.8,0.30,0.00,0.00,51,100,99,98,2,18.8,262,263,32.7,46.8,0,0.00,1016.5,1002.2
2020-02-17T05:00,9.5,0.20,82,6.7,5.8,0.20,0.00,0.00,51,100,100,100,1,19.5,265,266,33.2,43.2,0,0.00,1017.7,1003.3
2020-02-17T06:00,8.3,0.50,86,6.1,4.8,0.50,0.00,0.00,53,100,100,100,3,17.0,263,264,30.5,42.1,0,0.00,1018.1,1003.6
2020-02-17T07:00,7.8,0.50,87,5.7,4.6,0.50,0.00,0.00,53,100,100,100,6,14.5,261,263,26.6,37.8,0,0.00,1018.1,1003.6
2020-02-17T08:00,7.7,0.50,89,5.9,5.1,0.50,0.00,0.00,53,100,98,100,14,10.2,251,252,20.9,32.4,1,0.00,1017.9,1003.4
2020-02-17T09:00,7.9,0.40,89,6.2,5.5,0.40,0.00,0.00,51,100,100,100,83,9.5,256,259,20.0,24.8,1,0.00,1018.0,1003.5
2020-02-17T10:00,8.0,0.90,89,6.2,6.0,0.90,0.00,0.00,53,100,92,100,100,7.2,271,264,15.1,23.0,1,0.00,1018.3,1003.8
2020-02-17T11:00,8.1,1.20,93,7.0,6.4,1.20,0.00,0.00,55,100,94,100,100,6.1,197,180,11.3,18.0,1,0.00,1018.4,1003.9
2020-02-17T12:00,8.4,1.00,94,7.5,6.8,1.00,0.00,0.00,55,100,98,100,91,6.2,213,187,12.5,15.1,1,0.00,1018.5,1004.0
2020-02-17T13:00,9.1,0.40,91,7.7,6.2,0.40,0.00,0.00,51,100,100,100,3,15.9,248,245,27.1,16.6,1,0.00,1018.5,1004.1
2020-02-17T14:00,8.8,0.30,90,7.2,6.1,0.30,0.00,0.00,51,100,100,100,63,13.4,257,256,23.3,34.9,1,0.00,1018.6,1004.2
2020-02-17T15:00,8.8,0.40,89,7.1,6.1,0.40,0.00,0.00,51,100,100,100,100,13.3,252,251,23.1,32.0,1,0.00,1018.5,1004.1
2020-02-17T16:00,8.4,0.70,88,6.6,5.6,0.70,0.00,0.00,53,100,83,100,97,13.2,243,235,23.8,29.9,1,0.00,1018.7,1004.2
2020-02-17T17:00,7.9,0.70,87,5.8,4.9,0.70,0.00,0.00,53,100,11,100,38,13.0,238,231,24.3,29.9,1,0.00,1018.6,1004.1
2020-02-17T18:00,8.2,0.00,89,6.4,4.9,0.00,0.00,0.00,3,100,62,100,4,16.3,232,227,29.0,34.2,0,0.00,1019.0,1004.5
2020-02-17T19:00,8.0,0.10,87,5.9,4.1,0.10,0.00,0.00,51,99,98,98,16,19.6,235,234,33.7,41.4,0,0.00,1019.6,1005.1
2020-02-17T20:00,7.7,0.00,86,5.6,3.9,0.00,0.00,0.00,2,64,4,60,14,18.6,232,229,33.1,43.9,0,0.00,1020.1,1005.6
2020-02-17T21:00,7.2,0.00,87,5.2,3.1,0.00,0.00,0.00,2,52,1,37,34,19.6,235,234,34.7,42.8,0,0.00,1020.5,1005.9
2020-02-17T22:00,7.0,0.00,87,4.9,2.7,0.00,0.00,0.00,1,26,0,11,21,20.7,237,235,35.9,45.7,0,0.00,1021.2,1006.6
2020-02-17T23:00,6.7,0.00,87,4.7,2.6,0.00,0.00,0.00,1,29,0,2,28,19.4,237,235,34.3,45.0,0,0.00,1021.8,1007.2
2020-02-18T00:00,6.4,0.00,87,4.4,2.5,0.00,0.00,0.00,0,16,0,0,16,17.4,238,236,31.4,42.5,0,0.00,1022.8,1008.2
2020-02-18T01:00,6.2,0.00,81,3.1,1.9,0.00,0.00,0.00,1,24,0,31,13,18.4,233,230,33.2,38.2,0,0.00,1023.7,1009.1
2020-02-18T02:00,6.3,0.30,81,3.2,2.0,0.30,0.00,0.00,51,54,0,44,37,18.2,235,232,32.4,40.3,0,0.00,1024.1,1009.5
2020-02-18T03:00,6.0,0.20,81,2.9,1.7,0.20,0.00,0.00,51,49,0,40,33,17.7,235,231,31.8,40.0,0,0.00,1024.8,1010.1
2020-02-18T04:00,5.7,0.00,79,2.4,1.4,0.00,0.00,0.00,1,38,0,5,36,17.4,234,230,31.0,39.2,0,0.00,1025.0,1010.3
2020-02-18T05:00,5.6,0.00,77,1.9,1.2,0.00,0.00,0.00,1,44,0,2,44,18.0,236,233,32.0,40.0,0,0.00,1025.6,1010.9
2020-02-18T06:00,5.5,0.00,77,1.8,1.0,0.00,0.00,0.00,2,65,0,1,65,18.7,239,236,32.5,41.4,0,0.00,1025.8,1011.1
2020-02-18T07:00,5.1,0.10,80,1.9,0.7,0.10,0.00,0.00,51,59,0,16,59,17.7,240,237,30.8,41.0,0,0.00,1026.3,1011.6
2020-02-18T08:00,5.1,0.10,81,2.0,0.7,0.10,0.00,0.00,51,46,0,0,46,17.9,238,236,30.9,38.5,1,0.00,1027.0,1012.2
2020-02-18T09:00,5.8,0.00,78,2.3,1.2,0.00,0.00,0.00,0,16,0,1,16,19.0,238,237,31.7,41.4,1,3425.85,1027.4,1012.7
2020-02-18T10:00,6.8,0.00,71,1.9,1.4,0.00,0.00,0.00,2,57,0,1,57,24.3,240,241,36.4,49.7,1,3600.00,1027.6,1012.9
2020-02-18T11:00,7.5,0.00,64,1.0,2.0,0.00,0.00,0.00,2,64,13,20,55,24.0,246,246,35.8,52.9,1,3600.00,1027.9,1013.3
2020-02-18T12:00,8.2,0.00,57,0.3,2.6,0.00,0.00,0.00,2,69,0,0,69,24.3,249,249,35.9,54.0,1,3600.00,1027.6,1013.0
2020-02-18T13:00,7.9,0.00,63,1.3,2.4,0.00,0.00,0.00,3,100,0,48,16,24.3,242,243,36.2,55.4,1,3600.00,1027.8,1013.2
2020-02-18T14:00,7.8,0.00,64,1.5,2.4,0.00,0.00,0.00,1,48,0,43,22,24.2,240,240,36.3,55.4,1,3600.00,1027.5,1012.9
2020-02-18T15:00,8.2,0.00,59,0.7,2.8,0.00,0.00,0.00,1,40,0,37,19,22.9,240,240,34.5,52.9,1,3600.00,1027.0,1012.4
2020-02-18T16:00,8.1,0.00,60,0.8,3.3,0.00,0.00,0.00,1,35,0,34,24,19.3,234,233,30.2,50.0,1,3600.00,1026.5,1011.9
2020-02-18T17:00,7.6,0.00,61,0.5,3.0,0.00,0.00,0.00,0,6,1,6,0,17.0,235,234,29.5,42.1,1,3600.00,1026.2,1011.6
2020-02-18T18:00,6.7,0.00,60,-0.5,2.3,0.00,0.00,0.00,2,76,71,15,16,15.1,239,237,28.9,37.4,0,468.41,1025.7,1011.0
2020-02-18T19:00,6.6,0.00,58,-1.0,2.1,0.00,0.00,0.00,2,62,53,23,26,14.8,232,229,28.4,33.1,0,0.00,1025.6,1010.9
2020-02-18T20:00,6.5,0.00,59,-1.0,1.7,0.00,0.00,0.00,1,38,34,6,4,17.6,237,235,32.6,38.9,0,0.00,1025.3,1010.6
2020-02-18T21:00,6.2,0.00,66,0.2,1.3,0.00,0.00,0.00,2,68,55,19,27,18.7,238,236,34.0,41.4,0,0.00,1025.0,1010.3
2020-02-18T22:00,5.7,0.10,73,1.2,1.0,0.10,0.00,0.00,51,92,87,39,34,18.7,234,232,33.0,42.8,0,0.00,1024.6,1009.9
2020-02-18T23:00,5.5,0.30,73,0.9,0.8,0.30,0.00,0.00,51,96,92,58,32,18.1,229,226,32.4,41.4,0,0.00,1024.1,1009.4
2020-02-19T00:00,5.2,0.30,76,1.3,0.6,0.30,0.00,0.00,51,96,93,68,19,18.1,227,224,32.9,39.6,0,0.00,1023.3,1008.6
2020-02-19T01:00,5.6,0.00,80,2.5,1.3,0.00,0.00,0.00,3,98,85,92,17,17.6,231,227,31.5,41.4,0,0.00,1022.8,1008.1
2020-02-19T02:00,5.8,0.00,77,2.1,1.5,0.00,0.00,0.00,3,95,82,89,18,17.6,227,223,31.1,38.5,0,0.00,1021.9,1007.3
2020-02-19T03:00,5.6,0.10,77,1.8,1.1,0.10,0.00,0.00,51,99,95,98,28,18.2,223,219,32.6,40.0,0,0.00,1020.9,1006.3
2020-02-19T04:00,5.7,0.10,76,1.8,0.7,0.10,0.00,0.00,51,99,99,86,37,21.6,220,217,36.8,46.1,0,0.00,1019.6,1005.0
2020-02-19T05:00,5.5,0.00,76,1.7,0.2,0.00,0.00,0.00,3,97,95,76,15,23.7,219,216,40.4,51.8,0,0.00,1018.7,1004.1
2020-02-19T06:00,4.8,2.30,87,2.8,-0.3,1.80,0.00,0.35,73,100,98,100,75,23.5,229,229,40.3,51.8,0,0.00,1018.2,1003.6
2020-02-19T07:00,4.7,0.80,91,3.3,-0.7,0.80,0.00,0.00,53,100,100,98,95,26.2,234,233,43.4,57.6,0,0.00,1018.2,1003.6
2020-02-19T08:00,4.3,0.50,94,3.4,-0.6,0.50,0.00,0.00,53,98,2,92,94,22.5,232,230,36.9,56.9,1,0.00,1018.4,1003.7
2020-02-19T09:00,4.7,0.20,91,3.3,0.7,0.20,0.00,0.00,51,78,0,26,75,16.4,242,237,28.2,48.2,1,0.00,1019.4,1004.7
2020-02-19T10:00,5.3,0.70,88,3.4,1.0,0.70,0.00,0.00,53,37,2,24,23,18.4,273,271,29.2,45.0,1,1822.76,1019.9,1005.3
2020-02-19T11:00,6.4,0.10,77,2.7,2.0,0.10,0.00,0.00,51,39,0,24,26,18.5,285,283,27.6,47.9,1,3600.00,1020.9,1006.3
2020-02-19T12:00,6.3,0.50,74,2.0,1.6,0.40,0.00,0.07,71,31,0,28,18,20.0,294,293,29.2,52.2,1,3600.00,1021.6,1007.0
2020-02-19T13:00,6.7,0.10,82,3.8,2.9,0.10,0.00,0.00,51,26,0,34,41,15.5,268,267,22.3,52.6,1,3600.00,1022.4,1007.8
2020-02-19T14:00,7.0,0.20,73,2.4,2.6,0.20,0.00,0.00,51,47,0,35,41,18.4,274,273,27.1,45.0,1,3600.00,1022.7,1008.1
2020-02-19T15:00,7.4,0.10,59,-0.1,2.5,0.10,0.00,0.00,51,22,0,19,10,18.8,277,277,28.3,45.4,1,3600.00,1023.1,1008.5
2020-02-19T16:00,7.8,0.00,49,-2.2,2.7,0.00,0.00,0.00,3,85,26,82,60,17.8,277,277,27.6,42.1,1,3600.00,1023.3,1008.7
2020-02-19T17:00,7.1,0.00,52,-2.0,2.5,0.00,0.00,0.00,2,71,6,66,47,15.2,267,265,26.0,38.2,1,2745.09,1023.9,1009.3
2020-02-19T18:00,6.4,0.00,52,-2.7,1.8,0.00,0.00,0.00,3,100,100,52,60,14.2,257,254,25.8,33.1,0,0.00,1024.4,1009.8
2020-02-19T19:00,5.9,0.00,53,-3.0,1.3,0.00,0.00,0.00,3,92,81,37,57,13.9,252,249,26.1,31.0,0,0.00,1025.1,1010.4
2020-02-19T20:00,4.9,0.00,58,-2.8,0.7,0.00,0.00,0.00,2,61,0,22,60,11.4,241,235,24.7,29.9,0,0.00,1025.2,1010.5
2020-02-19T21:00,4.5,0.00,64,-1.7,0.3,0.00,0.00,0.00,2,50,0,45,32,12.2,231,225,25.6,26.3,0,0.00,1025.5,1010.7
2020-02-19T22:00,4.3,0.00,69,-1.0,0.3,0.00,0.00,0.00,0,15,0,13,8,11.8,229,220,24.5,26.6,0,0.00,1025.6,1010.8
2020-02-19T23:00,3.4,0.00,76,-0.5,-0.5,0.00,0.00,0.00,2,66,0,64,32,11.8,217,207,25.7,25.2,0,0.00,1025.6,1010.8
2020-02-20T00:00,4.1,0.00,73,-0.3,-0.1,0.00,0.00,0.00,3,96,0,95,67,13.8,219,213,26.4,29.5,0,0.00,1025.3,1010.5
2020-02-20T01:00,5.1,0.00,76,1.2,1.2,0.00,0.00,0.00,3,99,0,100,55,13.8,224,221,25.2,33.5,0,0.00,1024.9,1010.2
2020-02-20T02:00,5.2,0.20,80,2.1,1.5,0.20,0.00,0.00,51,100,61,100,90,13.1,223,217,23.7,30.2,0,0.00,1024.7,1010.0
2020-02-20T03:00,5.0,0.30,85,2.7,1.5,0.30,0.00,0.00,51,100,82,99,97,12.9,218,210,23.6,28.4,0,0.00,1024.0,1009.3
2020-02-20T04:00,4.9,0.20,89,3.2,1.5,0.20,0.00,0.00,51,100,73,98,100,12.6,217,211,23.9,28.4,0,0.00,1023.5,1008.8
2020-02-20T05:00,5.0,0.10,88,3.1,1.6,0.10,0.00,0.00,51,99,15,98,93,12.8,221,212,23.2,28.1,0,0.00,1023.4,1008.7
2020-02-20T06:00,5.0,0.10,87,3.1,1.6,0.10,0.00,0.00,51,100,96,95,91,12.1,217,207,22.4,27.4,0,0.00,1022.9,1008.2
2020-02-20T07:00,4.9,0.10,86,2.8,1.4,0.10,0.00,0.00,51,99,96,91,87,12.9,217,210,24.2,27.7,0,0.00,1022.7,1008.0
2020-02-20T08:00,5.1,0.00,86,2.9,1.4,0.00,0.00,0.00,3,99,95,54,98,14.2,215,210,26.1,30.6,1,0.00,1022.8,1008.1
2020-02-20T09:00,5.5,0.00,85,3.2,1.9,0.00,0.00,0.00,3,100,94,48,99,14.0,218,215,24.6,31.0,1,0.00,1022.9,1008.2
2020-02-20T10:00,6.2,0.00,83,3.5,2.6,0.00,0.00,0.00,3,97,84,6,81,14.3,222,219,25.7,31.7,1,0.00,1023.1,1008.5
2020-02-20T11:00,7.6,0.00,77,3.9,4.0,0.00,0.00,0.00,3,92,84,2,51,14.7,218,216,22.0,33.1,1,0.00,1022.6,1008.0
2020-02-20T12:00,8.6,0.00,72,3.8,4.5,0.00,0.00,0.00,3,92,85,0,50,18.4,228,228,26.8,39.6,1,3600.00,1021.9,1007.4
2020-02-20T13:00,9.9,0.00,69,4.4,5.6,0.00,0.00,0.00,3,90,33,71,100,19.9,228,226,29.1,43.2,1,3600.00,1020.8,1006.4
2020-02-20T14:00,8.7,0.10,79,5.2,5.1,0.10,0.00,0.00,51,85,24,24,80,16.6,231,229,27.9,43.2,1,0.00,1020.4,1005.9
2020-02-20T15:00,10.1,0.00,67,4.3,6.0,0.00,0.00,0.00,3,98,0,31,97,18.2,245,245,27.7,40.3,1,3600.00,1019.5,1005.1
2020-02-20T16:00,9.9,0.00,67,4.0,6.1,0.00,0.00,0.00,2,78,0,24,77,16.2,239,238,27.3,40.0,1,0.00,1019.0,1004.6
2020-02-20T17:00,9.5,0.00,67,3.7,5.7,0.00,0.00,0.00,3,81,0,28,80,15.9,233,231,28.0,35.6,1,2174.80,1018.7,1004.3
2020-02-20T18:00,9.0,0.00,67,3.3,5.3,0.00,0.00,0.00,2,53,0,13,52,14.9,235,233,27.7,35.3,0,0.00,1018.0,1003.6
2020-02-20T19:00,8.6,0.00,68,3.1,5.1,0.00,0.00,0.00,1,38,0,3,38,13.2,228,225,26.5,33.5,0,0.00,1017.5,1003.1
2020-02-20T20:00,8.4,0.00,66,2.4,4.4,0.00,0.00,0.00,2,69,0,33,68,15.8,231,229,30.5,34.9,0,0.00,1017.3,1002.9
2020-02-20T21:00,8.6,0.00,65,2.4,4.4,0.00,0.00,0.00,2,57,0,50,50,17.1,230,228,30.7,37.8,0,0.00,1016.8,1002.4
2020-02-20T22:00,8.6,0.00,66,2.7,4.0,0.00,0.00,0.00,3,98,0,97,59,20.1,230,226,35.8,43.2,0,0.00,1016.5,1002.1
2020-02-20T23:00,8.9,0.20,70,3.7,3.6,0.20,0.00,0.00,51,100,0,99,99,26.2,236,236,43.6,56.5,0,0.00,1016.6,1002.2
2020-02-21T00:00,7.9,0.70,83,5.2,2.7,0.70,0.00,0.00,53,99,0,99,60,27.6,263,262,45.3,64.4,0,0.00,1018.1,1003.6
2020-02-21T01:00,6.6,0.10,78,3.1,1.4,0.10,0.00,0.00,51,24,0,0,13,24.5,275,273,41.6,58.3,0,0.00,1020.1,1005.5
2020-02-21T02:00,5.5,0.00,78,1.9,0.3,0.00,0.00,0.00,0,14,0,5,13,23.0,272,269,39.3,53.6,0,0.00,1022.2,1007.5
2020-02-21T03:00,4.8,0.00,77,1.2,0.1,0.00,0.00,0.00,0,1,0,0,1,19.1,277,274,33.4,50.0,0,0.00,1023.9,1009.2
2020-02-21T04:00,3.8,0.00,81,0.8,-0.3,0.00,0.00,0.00,1,45,0,0,45,14.0,275,271,26.8,41.4,0,0.00,1025.4,1010.6
2020-02-21T05:00,3.7,0.00,81,0.7,-0.1,0.00,0.00,0.00,1,40,0,0,40,12.3,267,263,23.8,31.0,0,0.00,1026.4,1011.6
2020-02-21T06:00,3.1,0.00,84,0.7,-0.5,0.00,0.00,0.00,1,40,2,0,39,11.2,253,249,22.6,27.7,0,0.00,1027.4,1012.5
2020-02-21T07:00,3.4,0.00,83,0.8,-0.6,0.00,0.00,0.00,1,42,0,0,42,13.7,254,252,25.4,29.5,0,0.00,1028.3,1013.4
2020-02-21T08:00,3.4,0.00,83,0.8,-0.4,0.00,0.00,0.00,1,44,32,0,18,12.4,266,262,23.5,29.9,1,0.00,1029.0,1014.1
2020-02-21T09:00,4.4,0.00,80,1.2,1.0,0.00,0.00,0.00,1,42,39,0,6,9.8,249,242,16.2,27.4,1,3600.00,1029.8,1015.0
2020-02-21T10:00,5.5,0.00,70,0.5,1.2,0.00,0.00,0.00,2,66,37,0,46,15.1,257,258,21.8,33.5,1,3600.00,1030.0,1015.2
2020-02-21T11:00,6.8,0.00,63,0.4,2.6,0.00,0.00,0.00,2,79,78,0,8,15.0,259,259,21.3,35.6,1,3600.00,1030.4,1015.7
2020-02-21T12:00,7.6,0.00,58,-0.2,3.0,0.00,0.00,0.00,2,56,14,0,49,16.5,259,259,23.5,37.8,1,3600.00,1030.8,1016.1
2020-02-21T13:00,8.5,0.00,48,-1.9,3.1,0.00,0.00,0.00,2,50,0,22,100,20.5,267,267,29.6,40.3,1,3600.00,1030.6,1016.0
2020-02-21T14:00,8.4,0.00,53,-0.6,3.1,0.00,0.00,0.00,3,100,0,15,100,20.5,268,268,30.6,45.7,1,1994.48,1030.4,1015.8
2020-02-21T15:00,8.2,0.00,56,0.0,3.5,0.00,0.00,0.00,3,100,56,55,100,17.8,257,256,26.6,45.0,1,177.20,1030.1,1015.5
2020-02-21T16:00,8.3,0.00,57,0.3,4.1,0.00,0.00,0.00,3,97,84,61,70,14.8,252,252,23.8,38.2,1,0.00,1029.8,1015.2
2020-02-21T17:00,7.9,0.00,59,0.5,4.2,0.00,0.00,0.00,3,91,79,7,66,11.7,231,227,20.5,32.0,1,0.00,1029.6,1015.0
2020-02-21T18:00,6.7,0.00,63,0.1,3.1,0.00,0.00,0.00,2,56,9,3,54,10.0,226,221,21.4,25.6,0,0.00,1029.5,1014.8
2020-02-21T19:00,6.2,0.00,64,-0.0,2.4,0.00,0.00,0.00,1,27,10,2,20,11.8,226,218,25.2,24.8,0,0.00,1029.6,1014.9
2020-02-21T20:00,5.6,0.00,68,0.2,1.7,0.00,0.00,0.00,0,17,7,7,8,11.8,234,230,25.8,26.6,0,0.00,1029.8,1015.0
2020-02-21T21:00,4.6,0.00,73,0.2,1.1,0.00,0.00,0.00,3,88,87,8,5,10.0,236,229,23.9,25.9,0,0.00,1030.1,1015.3
2020-02-21T22:00,4.1,0.00,76,0.3,0.7,0.00,0.00,0.00,1,33,10,27,2,9.2,237,225,22.9,22.0,0,0.00,1030.6,1015.7
2020-02-21T23:00,3.9,0.00,78,0.4,0.5,0.00,0.00,0.00,2,68,0,68,1,9.2,229,211,22.5,20.5,0,0.00,1030.5,1015.6
2020-02-22T00:00,4.0,0.00,78,0.5,0.5,0.00,0.00,0.00,0,2,1,1,1,10.0,221,206,23.0,22.0,0,0.00,1030.2,1015.3
2020-02-22T01:00,4.2,0.00,76,0.4,0.4,0.00,0.00,0.00,0,1,0,0,0,11.8,218,211,26.1,23.4,0,0.00,1029.8,1015.0
2020-02-22T02:00,3.7,0.00,79,0.5,-0.0,0.00,0.00,0.00,0,0,0,0,0,11.7,224,214,26.0,27.0,0,0.00,1029.7,1014.8
2020-02-22T03:00,3.4,0.00,82,0.6,-0.2,0.00,0.00,0.00,0,0,0,0,0,10.7,224,213,25.0,25.9,0,0.00,1029.1,1014.2
2020-02-22T04:00,3.0,0.00,83,0.5,-0.5,0.00,0.00,0.00,1,24,23,0,0,9.7,226,211,23.9,24.5,0,0.00,1029.0,1014.1
2020-02-22T05:00,3.1,0.00,81,0.2,-0.8,0.00,0.00,0.00,3,88,88,0,0,12.2,222,208,27.0,27.4,0,0.00,1029.0,1014.1
2020-02-22T06:00,3.2,0.00,80,0.1,-0.9,0.00,0.00,0.00,0,0,0,0,0,13.4,214,200,28.3,29.9,0,0.00,1028.2,1013.3
2020-02-22T07:00,3.0,0.00,80,-0.0,-1.1,0.00,0.00,0.00,2,72,72,0,0,13.7,223,215,29.0,31.0,0,0.00,1027.9,1013.0
2020-02-22T08:00,3.6,0.00,78,0.1,-0.8,0.00,0.00,0.00,0,14,14,0,0,15.3,229,225,30.1,34.2,1,0.00,1027.5,1012.7
2020-02-22T09:00,5.3,0.00,72,0.6,1.2,0.00,0.00,0.00,0,19,19,0,0,14.1,225,218,29.3,35.3,1,3600.00,1028.0,1013.2
2020-02-22T10:00,7.1,0.00,63,0.6,3.1,0.00,0.00,0.00,0,8,8,0,0,13.5,219,214,21.8,32.8,1,3600.00,1028.2,1013.5
2020-02-22T11:00,8.6,0.00,58,0.9,3.9,0.00,0.00,0.00,3,94,94,0,0,18.9,206,201,28.0,41.4,1,3600.00,1027.7,1013.1
2020-02-22T12:00,9.9,0.00,57,1.7,5.1,0.00,0.00,0.00,2,74,74,0,0,20.5,221,219,30.4,47.9,1,3600.00,1026.2,1011.7
2020-02-22T13:00,9.9,0.00,54,1.0,4.7,0.00,0.00,0.00,3,100,100,96,0,21.7,217,216,32.1,49.7,1,3600.00,1026.6,1012.1
2020-02-22T14:00,10.2,0.00,53,1.0,5.4,0.00,0.00,0.00,3,100,100,100,0,19.2,222,220,31.1,47.5,1,538.06,1025.9,1011.4
2020-02-22T15:00,10.1,0.00,51,0.5,5.1,0.00,0.00,0.00,3,100,100,100,0,20.1,225,224,36.9,46.1,1,0.00,1024.9,1010.4
2020-02-22T16:00,10.4,0.00,50,0.5,5.7,0.00,0.00,0.00,3,100,100,100,1,17.6,236,235,32.2,45.4,1,0.00,1025.3,1010.8
2020-02-22T17:00,10.9,0.00,49,0.7,6.1,0.00,0.00,0.00,3,100,100,100,4,18.9,237,235,34.3,41.4,1,0.00,1024.9,1010.5
2020-02-22T18:00,11.3,0.00,50,1.2,6.2,0.00,0.00,0.00,3,100,99,100,18,21.4,240,241,37.2,47.5,0,0.00,1025.0,1010.6
2020-02-22T19:00,9.8,0.70,67,4.1,5.6,0.70,0.00,0.00,53,100,100,88,97,19.5,245,245,34.5,47.2,0,0.00,1025.8,1011.3
2020-02-22T20:00,10.6,0.00,62,3.7,6.0,0.00,0.00,0.00,3,100,85,100,100,21.4,246,245,37.4,46.4,0,0.00,1026.1,1011.6
2020-02-22T21:00,9.6,0.70,74,5.2,5.5,0.70,0.00,0.00,53,100,100,100,30,20.1,239,237,35.4,46.8,0,0.00,1026.4,1011.9
2020-02-22T22:00,9.2,0.10,78,5.6,5.3,0.10,0.00,0.00,51,100,99,99,100,19.4,237,235,34.3,43.2,0,0.00,1026.8,1012.3
2020-02-22T23:00,9.1,0.00,80,5.9,5.1,0.00,0.00,0.00,3,100,100,95,100,20.7,230,229,35.5,44.6,0,0.00,1026.4,1011.9
2020-02-23T00:00,9.1,0.00,81,6.0,5.0,0.00,0.00,0.00,3,100,100,100,100,20.9,230,228,35.8,45.4,0,0.00,1026.2,1011.7
2020-02-23T01:00,8.3,0.10,87,6.3,4.5,0.10,0.00,0.00,51,100,100,100,74,19.3,229,225,34.4,45.4,0,0.00,1026.7,1012.1
2020-02-23T02:00,8.3,0.30,90,6.8,4.6,0.30,0.00,0.00,51,100,99,100,67,19.6,228,224,34.4,43.9,0,0.00,1026.6,1012.0
2020-02-23T03:00,8.3,0.10,89,6.7,4.6,0.10,0.00,0.00,51,100,98,100,96,19.4,231,228,33.5,43.6,0,0.00,1026.3,1011.7
2020-02-23T04:00,8.4,0.10,90,6.8,4.7,0.10,0.00,0.00,51,100,98,94,39,19.9,228,225,34.2,43.2,0,0.00,1025.6,1011.0
2020-02-23T05:00,8.3,0.10,91,6.8,4.5,0.10,0.00,0.00,51,100,100,100,26,20.2,224,221,34.6,43.6,0,0.00,1025.1,1010.5
2020-02-23T06:00,8.0,0.00,91,6.6,4.2,0.00,0.00,0.00,3,100,100,100,8,20.4,226,224,35.1,43.6,0,0.00,1024.4,1009.8
2020-02-23T07:00,8.0,0.10,91,6.6,4.1,0.10,0.00,0.00,51,100,91,96,81,20.6,227,224,35.4,45.4,0,0.00,1023.8,1009.2
2020-02-23T08:00,8.1,0.10,89,6.5,4.1,0.10,0.00,0.00,51,100,98,96,100,21.5,223,220,37.2,46.8,1,0.00,1023.0,1008.5
2020-02-23T09:00,8.5,0.00,88,6.6,3.9,0.00,0.00,0.00,3,100,92,98,100,25.5,223,220,42.8,55.1,1,0.00,1022.2,1007.7
2020-02-23T10:00,9.1,0.20,86,6.9,4.2,0.20,0.00,0.00,51,100,99,93,89,28.3,228,227,46.4,60.5,1,0.00,1021.4,1006.9
2020-02-23T11:00,9.7,0.10,82,6.7,4.8,0.10,0.00,0.00,51,100,100,94,87,27.8,225,223,47.3,65.2,1,249.79,1020.8,1006.4
2020-02-23T12:00,10.4,0.00,75,6.2,5.7,0.00,0.00,0.00,3,99,98,80,89,26.0,231,229,43.2,62.3,1,0.00,1020.5,1006.1
2020-02-23T13:00,11.5,0.00,74,7.0,6.3,0.00,0.00,0.00,3,97,98,92,96,29.8,234,233,48.5,61.2,1,0.00,1019.3,1005.0
2020-02-23T14:00,11.9,0.00,75,7.6,6.7,0.00,0.00,0.00,3,99,92,74,96,31.5,241,239,51.9,69.1,1,0.00,1019.0,1004.7
2020-02-23T15:00,12.2,0.00,73,7.6,7.1,0.00,0.00,0.00,3,100,98,93,99,30.6,237,236,49.2,72.7,1,0.00,1017.9,1003.6
2020-02-23T16:00,12.3,0.00,74,7.9,7.2,0.00,0.00,0.00,3,99,90,84,97,31.0,238,237,50.1,67.7,1,0.00,1017.1,1002.9
2020-02-23T17:00,12.8,0.00,74,8.3,8.3,0.00,0.00,0.00,3,100,95,100,100,27.9,245,245,45.9,67.3,1,0.00,1017.5,1003.3
2020-02-23T18:00,12.8,0.10,76,8.6,8.3,0.10,0.00,0.00,51,100,96,99,99,28.1,252,251,46.5,61.9,0,0.00,1018.0,1003.8
2020-02-23T19:00,12.5,0.10,77,8.6,7.9,0.10,0.00,0.00,51,99,89,97,96,29.2,250,248,47.6,63.7,0,0.00,1018.6,1004.3
2020-02-23T20:00,12.2,0.10,79,8.7,7.6,0.10,0.00,0.00,51,99,86,98,88,29.0,248,247,47.5,64.1,0,0.00,1018.8,1004.5
2020-02-23T21:00,11.8,0.30,82,8.9,7.9,0.30,0.00,0.00,51,100,82,100,100,24.8,254,253,41.6,63.7,0,0.00,1019.2,1004.9
2020-02-23T22:00,11.2,2.50,90,9.6,7.9,2.50,0.00,0.00,63,100,94,100,100,22.0,267,267,37.8,54.7,0,0.00,1020.1,1005.8
2020-02-23T23:00,9.6,4.20,88,7.7,5.7,4.20,0.00,0.00,63,100,92,98,88,22.5,327,325,37.9,58.3,0,0.00,1022.3,1007.8
2020-02-24T00:00,8.4,0.30,85,6.0,5.0,0.30,0.00,0.00,51,100,83,100,68,16.0,318,316,27.5,48.2,0,0.00,1023.7,1009.2
2020-02-24T01:00,7.7,0.40,84,5.2,4.2,0.40,0.00,0.00,51,100,90,100,95,15.8,330,330,27.7,34.6,0,0.00,1024.6,1010.0
2020-02-24T02:00,7.1,0.50,81,4.1,3.8,0.50,0.00,0.00,53,100,94,100,96,12.9,332,333,23.2,34.6,0,0.00,1025.4,1010.8
2020-02-24T03:00,6.9,0.00,80,3.7,4.1,0.00,0.00,0.00,3,99,76,98,0,9.4,331,328,19.0,28.1,0,0.00,1025.5,1010.9
2020-02-24T04:00,6.5,0.10,83,3.8,4.3,0.10,0.00,0.00,51,100,2,100,2,5.0,335,330,13.5,21.2,0,0.00,1025.6,1010.9
2020-02-24T05:00,6.5,0.20,79,3.1,4.6,0.20,0.00,0.00,51,99,36,99,12,1.8,357,307,6.1,13.0,0,0.00,1025.7,1011.0
2020-02-24T06:00,6.0,0.20,91,4.6,4.2,0.20,0.00,0.00,51,100,29,100,14,3.5,163,156,6.0,7.9,0,0.00,1025.9,1011.2
2020-02-24T07:00,6.1,0.50,91,4.8,3.8,0.50,0.00,0.00,53,100,18,100,87,6.5,173,146,13.8,12.6,0,0.00,1025.3,1010.6
2020-02-24T08:00,6.4,0.60,94,5.5,4.1,0.60,0.00,0.00,53,100,24,100,100,7.6,208,188,14.7,15.1,1,0.00,1025.0,1010.3
2020-02-24T09:00,6.3,0.40,92,5.1,3.7,0.40,0.00,0.00,51,100,96,100,100,9.3,215,208,16.3,19.8,1,0.00,1024.6,1009.9
2020-02-24T10:00,6.2,0.40,92,5.0,3.9,0.40,0.00,0.00,51,100,96,100,100,7.2,194,186,13.0,20.2,1,0.00,1023.8,1009.2
2020-02-24T11:00,6.5,0.50,91,5.2,3.9,0.50,0.00,0.00,53,100,86,100,100,10.1,168,163,15.5,21.6,1,0.00,1022.6,1008.0
2020-02-24T12:00,6.9,0.40,90,5.3,4.1,0.40,0.00,0.00,51,100,94,93,100,11.1,154,151,20.0,24.8,1,0.00,1020.9,1006.3
2020-02-24T13:00,7.0,0.20,92,5.8,4.3,0.20,0.00,0.00,51,100,93,100,100,10.8,155,150,18.7,26.6,1,0.00,1019.8,1005.2
2020-02-24T14:00,7.8,0.20,93,6.8,5.1,0.20,0.00,0.00,51,100,92,97,100,12.8,189,169,23.3,26.6,1,0.00,1017.9,1003.4
2020-02-24T15:00,9.2,0.00,93,8.2,6.9,0.00,0.00,0.00,3,96,78,23,79,12.5,210,192,24.5,29.2,1,380.13,1016.3,1001.9
2020-02-24T16:00,11.4,0.00,91,10.0,9.4,0.00,0.00,0.00,1,26,0,0,26,13.5,220,205,28.9,28.8,1,1078.87,1014.4,1000.1
2020-02-24T17:00,12.2,0.00,86,9.9,9.0,0.00,0.00,0.00,1,29,15,0,16,21.6,235,233,37.0,47.2,1,3600.00,1013.0,998.8
2020-02-24T18:00,11.8,0.00,84,9.1,8.4,0.00,0.00,0.00,3,85,0,0,85,21.3,241,240,38.0,47.5,0,1433.31,1012.3,998.1
2020-02-24T19:00,12.2,0.00,77,8.3,8.5,0.00,0.00,0.00,1,47,0,1,47,22.2,239,238,38.6,49.3,0,0.00,1012.0,997.8
2020-02-24T20:00,11.8,0.00,78,8.0,8.4,0.00,0.00,0.00,2,67,17,0,60,19.6,244,244,34.8,48.2,0,0.00,1011.6,997.4
2020-02-24T21:00,11.2,0.10,80,7.9,7.6,0.10,0.00,0.00,51,100,100,2,72,20.9,265,267,36.1,45.0,0,0.00,1011.8,997.6
2020-02-24T22:00,10.8,0.00,73,6.1,6.4,0.00,0.00,0.00,3,100,100,0,73,23.6,252,251,39.7,51.1,0,0.00,1011.6,997.4
2020-02-24T23:00,10.5,0.00,73,5.9,5.9,0.00,0.00,0.00,3,100,100,30,91,24.3,242,241,40.3,54.0,0,0.00,1011.0,996.8
2020-02-25T00:00,10.2,0.00,75,5.9,5.8,0.00,0.00,0.00,3,100,100,71,99,23.3,240,238,39.2,52.9,0,0.00,1010.3,996.0
2020-02-25T01:00,10.6,0.00,70,5.3,6.2,0.00,0.00,0.00,3,100,97,68,82,21.9,242,240,37.8,51.1,0,0.00,1009.6,995.4
2020-02-25T02:00,10.3,0.00,72,5.6,6.3,0.00,0.00,0.00,3,100,100,65,5,20.1,239,237,34.7,47.9,0,0.00,1009.1,994.9
2020-02-25T03:00,9.9,0.00,77,6.0,6.1,0.00,0.00,0.00,3,100,100,100,100,19.1,240,238,33.7,43.9,0,0.00,1008.4,994.2
2020-02-25T04:00,9.8,0.10,79,6.3,6.1,0.10,0.00,0.00,51,100,100,100,57,19.0,244,243,32.5,42.5,0,0.00,1007.7,993.5
2020-02-25T05:00,9.0,0.80,88,7.2,5.7,0.80,0.00,0.00,53,100,100,100,83,17.9,245,242,31.9,41.4,0,0.00,1007.4,993.1
2020-02-25T06:00,8.7,1.10,91,7.4,5.5,1.10,0.00,0.00,55,100,100,100,50,17.7,234,231,31.5,39.2,0,0.00,1007.1,992.8
2020-02-25T07:00,8.5,0.70,92,7.3,5.1,0.70,0.00,0.00,53,100,100,100,90,18.8,229,227,33.2,40.7,0,0.00,1006.5,992.2
2020-02-25T08:00,8.5,0.80,92,7.2,4.7,0.80,0.00,0.00,53,100,100,100,100,20.9,229,226,36.0,46.1,1,0.00,1006.0,991.7
2020-02-25T09:00,8.3,0.60,91,6.9,4.2,0.60,0.00,0.00,53,100,100,100,100,22.5,224,221,38.7,48.6,1,0.00,1005.8,991.5
2020-02-25T10:00,8.0,0.60,91,6.7,3.9,0.60,0.00,0.00,53,100,100,100,100,22.7,225,223,38.2,51.1,1,0.00,1005.3,991.0
2020-02-25T11:00,7.9,0.50,91,6.6,3.7,0.50,0.00,0.00,53,100,17,100,100,23.2,224,222,38.7,50.0,1,0.00,1004.8,990.5
2020-02-25T12:00,8.2,0.20,89,6.6,4.1,0.20,0.00,0.00,51,100,0,99,100,22.4,227,225,36.9,50.8,1,0.00,1004.4,990.1
2020-02-25T13:00,8.8,0.40,91,7.4,4.9,0.40,0.00,0.00,51,100,0,80,96,21.9,222,221,37.7,48.2,1,0.00,1003.9,989.7
2020-02-25T14:00,8.8,0.70,92,7.7,5.0,0.70,0.00,0.00,53,99,0,98,94,21.6,226,224,37.4,51.8,1,2727.67,1003.2,989.0
2020-02-25T15:00,8.6,0.50,87,6.5,5.2,0.50,0.00,0.00,53,98,0,98,97,17.2,253,250,28.6,45.7,1,0.00,1002.9,988.7
2020-02-25T16:00,8.2,0.30,83,5.5,4.8,0.30,0.00,0.00,51,92,0,91,48,15.1,256,252,26.0,37.8,1,0.00,1002.7,988.5
2020-02-25T17:00,8.0,0.00,84,5.4,5.1,0.00,0.00,0.00,2,57,0,55,8,11.8,238,230,20.4,33.5,1,379.45,1002.2,988.0
2020-02-25T18:00,7.0,0.00,87,5.0,4.1,0.00,0.00,0.00,1,31,1,25,13,11.5,234,226,23.2,26.6,1,955.88,1002.0,987.7
2020-02-25T19:00,6.4,0.00,89,4.8,3.5,0.00,0.00,0.00,1,49,0,44,13,11.5,231,224,23.8,25.9,0,0.00,1001.8,987.5
2020-02-25T20:00,6.4,0.70,89,4.7,2.7,0.70,0.00,0.00,53,71,0,52,48,16.4,238,237,29.3,41.0,0,0.00,1001.6,987.3
2020-02-25T21:00,6.1,0.60,88,4.3,2.2,0.60,0.00,0.00,53,52,0,36,37,17.1,235,231,30.0,52.2,0,0.00,1000.7,986.4
2020-02-25T22:00,5.7,0.00,86,3.5,1.5,0.00,0.00,0.00,3,93,1,90,44,18.4,234,230,32.7,39.6,0,0.00,1000.2,985.9
2020-02-25T23:00,5.6,0.10,86,3.5,1.3,0.10,0.00,0.00,51,99,0,98,39,18.7,234,230,32.2,41.8,0,0.00,999.6,985.3
2020-02-26T00:00,5.2,0.00,88,3.3,1.1,0.00,0.00,0.00,3,99,3,99,31,17.4,233,230,30.6,40.7,0,0.00,999.3,984.9
2020-02-26T01:00,5.0,0.10,91,3.6,1.1,0.10,0.00,0.00,51,99,100,100,35,15.9,221,218,28.3,38.2,0,0.00,998.8,984.4
2020-02-26T02:00,4.4,1.10,90,2.9,-1.0,1.10,0.00,0.00,55,100,100,100,79,26.1,231,231,42.2,54.7,0,0.00,998.6,984.2
2020-02-26T03:00,3.6,0.80,95,2.8,-1.1,0.80,0.00,0.00,53,100,97,100,69,20.7,237,235,34.0,56.9,0,0.00,998.9,984.5
2020-02-26T04:00,3.9,0.00,87,1.9,-1.3,0.00,0.00,0.00,2,78,22,66,38,22.9,243,242,38.0,58.7,0,0.00,999.0,984.6
2020-02-26T05:00,3.0,0.40,86,0.9,-2.2,0.40,0.00,0.00,51,80,29,75,34,21.7,244,243,36.7,63.7,0,0.00,999.4,984.9
2020-02-26T06:00,2.6,0.70,87,0.7,-2.4,0.30,0.00,0.28,73,94,32,63,87,20.5,240,239,34.3,59.4,0,0.00,999.6,985.1
2020-02-26T07:00,2.6,0.10,85,0.4,-2.4,0.10,0.00,0.00,51,76,7,41,63,20.1,236,234,33.2,57.2,0,0.00,999.4,984.9
2020-02-26T08:00,2.6,0.10,85,0.4,-2.0,0.10,0.00,0.00,51,92,20,52,89,17.3,231,228,29.5,50.8,1,0.00,999.6,985.1
2020-02-26T09:00,3.2,0.10,84,0.8,-1.1,0.10,0.00,0.00,51,100,20,58,100,15.3,229,225,26.6,50.4,1,824.84,999.9,985.4
2020-02-26T10:00,3.7,0.10,80,0.6,-1.2,0.10,0.00,0.00,51,73,47,30,58,19.6,235,234,29.8,49.0,1,1767.40,1000.0,985.6
2020-02-26T11:00,5.0,0.10,67,-0.6,-0.7,0.10,0.00,0.00,51,99,73,66,98,23.7,262,261,34.5,56.9,1,3600.00,1000.4,986.0
2020-02-26T12:00,4.8,0.50,65,-1.1,-1.1,0.20,0.00,0.21,73,52,41,15,20,25.0,264,263,36.9,61.2,1,3155.59,1000.8,986.4
2020-02-26T13:00,3.7,0.00,82,0.9,-1.1,0.00,0.00,0.00,2,66,99,100,48,19.5,250,251,31.0,60.5,1,3600.00,1002.6,988.1
2020-02-26T14:00,3.5,0.30,81,0.5,-1.5,0.30,0.00,0.00,51,100,96,100,59,20.6,255,254,33.9,49.7,1,0.00,1003.0,988.5
2020-02-26T15:00,3.3,0.90,85,1.1,-1.2,0.60,0.00,0.21,73,100,97,100,32,17.8,258,256,30.6,45.0,1,0.00,1003.8,989.3
2020-02-26T16:00,3.2,0.60,85,0.9,-1.6,0.60,0.00,0.00,53,100,87,100,58,19.3,264,261,32.2,45.0,1,0.00,1004.6,990.1
2020-02-26T17:00,3.1,0.60,84,0.7,-1.3,0.40,0.00,0.14,71,100,86,99,62,16.4,265,261,27.5,42.5,1,0.00,1005.6,991.1
2020-02-26T18:00,2.7,1.20,86,0.6,-1.3,0.40,0.00,0.56,73,100,80,99,77,13.8,264,263,25.3,39.2,1,0.00,1006.2,991.6
2020-02-26T19:00,3.1,0.00,83,0.5,-1.2,0.00,0.00,0.00,3,91,84,85,15,15.3,262,261,27.2,33.1,0,0.00,1007.4,992.8
2020-02-26T20:00,2.5,0.00,85,0.2,-1.7,0.00,0.00,0.00,3,86,61,80,20,14.5,258,256,26.9,33.1,0,0.00,1008.3,993.7
2020-02-26T21:00,2.1,0.00,87,0.2,-2.2,0.00,0.00,0.00,1,31,18,7,17,14.6,256,254,27.4,31.7,0,0.00,1008.5,993.9
2020-02-26T22:00,1.8,0.00,88,-0.0,-2.3,0.00,0.00,0.00,1,28,0,6,26,13.5,257,254,27.0,31.7,0,0.00,1009.3,994.6
2020-02-26T23:00,1.6,0.00,89,-0.1,-2.6,0.00,0.00,0.00,0,15,0,9,14,13.7,250,247,26.9,30.2,0,0.00,1009.6,994.9
2020-02-27T00:00,1.1,0.00,91,-0.2,-3.1,0.00,0.00,0.00,0,19,0,7,16,13.5,244,241,26.9,29.9,0,0.00,1009.9,995.2
2020-02-27T01:00,1.8,0.10,88,0.1,-2.7,0.10,0.00,0.00,51,24,2,54,38,16.4,234,230,28.9,30.2,0,0.00,1010.4,995.7
2020-02-27T02:00,1.6,0.40,90,0.1,-2.8,0.10,0.00,0.21,73,48,0,37,33,15.5,228,224,28.3,34.9,0,0.00,1010.4,995.7
2020-02-27T03:00,1.2,0.60,89,-0.4,-3.4,0.10,0.00,0.35,73,58,0,48,31,16.0,229,226,29.6,34.9,0,0.00,1010.6,995.9
2020-02-27T04:00,1.1,0.40,90,-0.4,-3.3,0.00,0.00,0.28,73,84,76,31,16,15.5,229,226,29.1,34.9,0,0.00,1010.3,995.6
2020-02-27T05:00,1.1,0.00,90,-0.3,-3.4,0.00,0.00,0.00,2,74,69,8,29,15.8,228,225,29.1,34.6,0,0.00,1010.2,995.5
2020-02-27T06:00,1.0,0.00,90,-0.4,-3.3,0.00,0.00,0.00,3,91,87,14,33,14.6,225,220,27.5,34.2,0,0.00,1009.7,995.0
2020-02-27T07:00,1.0,0.00,89,-0.6,-3.3,0.00,0.00,0.00,3,100,100,100,29,13.8,219,213,25.9,32.0,0,0.00,1009.1,994.4
2020-02-27T08:00,1.0,0.10,90,-0.5,-3.1,0.00,0.00,0.07,71,100,100,100,35,12.8,210,202,23.7,30.2,1,0.00,1008.6,993.9
2020-02-27T09:00,2.0,0.40,87,0.1,-1.7,0.00,0.00,0.28,73,100,100,100,45,11.1,202,193,22.6,28.8,1,0.00,1007.9,993.3
2020-02-27T10:00,3.2,0.00,80,0.1,-0.6,0.00,0.00,0.00,3,100,100,100,40,11.8,197,192,18.4,27.7,1,0.00,1007.2,992.6
2020-02-27T11:00,4.5,0.00,70,-0.5,0.2,0.00,0.00,0.00,3,100,100,100,2,14.3,192,190,21.0,32.8,1,976.58,1005.4,990.9
2020-02-27T12:00,5.0,0.00,60,-2.1,0.5,0.00,0.00,0.00,3,100,100,100,1,14.5,187,186,20.7,33.1,1,0.00,1003.6,989.2
2020-02-27T13:00,5.3,0.10,68,-0.1,1.1,0.10,0.00,0.00,51,100,100,100,0,14.6,173,171,22.1,32.4,1,0.00,1000.5,986.1
2020-02-27T14:00,4.0,0.50,74,-0.1,-0.3,0.50,0.00,0.00,53,100,100,100,10,15.0,158,156,23.7,34.6,1,0.00,998.3,983.9
2020-02-27T15:00,2.5,2.30,97,2.1,-1.8,0.60,0.01,1.19,75,100,100,100,82,17.0,133,126,32.4,34.6,1,0.00,995.9,981.5
2020-02-27T16:00,2.2,1.80,98,1.9,-3.2,0.80,0.02,0.70,73,100,97,100,75,24.6,127,122,42.2,48.2,1,0.00,993.6,979.2
2020-02-27T17:00,2.0,5.10,95,1.3,-3.5,0.80,0.03,3.01,75,96,0,96,65,24.5,130,126,41.2,58.0,1,0.00,990.9,976.5
2020-02-27T18:00,1.6,3.40,98,1.3,-3.2,0.70,0.04,1.89,75,100,69,93,100,19.8,129,127,34.8,75.2,1,0.00,988.7,974.3
2020-02-27T19:00,2.7,2.10,94,1.9,-1.0,1.00,0.04,0.77,73,98,0,92,96,13.1,247,249,26.1,71.3,0,0.00,988.8,974.5
2020-02-27T20:00,1.3,0.20,100,1.2,-4.8,0.20,0.05,0.00,51,100,22,100,100,28.5,304,296,44.1,58.0,0,0.00,993.8,979.3
2020-02-27T21:00,1.7,0.40,97,1.3,-4.2,0.30,0.05,0.07,71,100,6,95,100,27.3,316,311,44.3,65.2,0,0.00,999.2,984.7
2020-02-27T22:00,2.1,0.40,92,1.0,-3.4,0.40,0.05,0.00,51,100,0,100,94,24.5,314,311,40.7,58.7,0,0.00,1003.8,989.2
2020-02-27T23:00,2.4,0.10,90,0.9,-2.4,0.10,0.05,0.00,51,99,0,99,93,19.0,301,299,32.8,53.3,0,0.00,1006.8,992.2
2020-02-28T00:00,2.9,0.00,85,0.5,-2.2,0.00,0.05,0.00,3,97,0,88,90,20.6,299,297,34.5,43.9,0,0.00,1008.8,994.2
2020-02-28T01:00,2.3,0.10,87,0.4,-2.6,0.10,0.05,0.00,51,79,0,68,28,18.8,298,296,33.3,46.1,0,0.00,1011.9,997.2
2020-02-28T02:00,2.3,0.00,87,0.4,-2.2,0.00,0.05,0.00,3,93,0,45,93,16.9,291,290,30.4,41.8,0,0.00,1013.6,998.9
2020-02-28T03:00,2.7,0.00,83,0.2,-2.2,0.00,0.05,0.00,1,44,0,5,44,19.4,290,288,33.0,42.1,0,0.00,1014.9,1000.2
2020-02-28T04:00,2.0,0.00,83,-0.6,-2.5,0.00,0.05,0.00,1,45,0,0,45,15.6,282,278,28.7,42.1,0,0.00,1016.3,1001.5
2020-02-28T05:00,1.3,0.00,87,-0.7,-2.6,0.00,0.05,0.00,1,43,0,0,43,11.3,268,261,23.4,34.2,0,0.00,1017.5,1002.7
2020-02-28T06:00,1.0,0.00,88,-0.7,-2.8,0.00,0.05,0.00,1,38,0,0,38,10.5,248,239,22.6,25.2,0,0.00,1018.7,1003.8
2020-02-28T07:00,0.6,0.00,91,-0.8,-3.3,0.00,0.05,0.00,2,56,0,5,55,11.1,239,234,23.6,23.8,0,0.00,1019.7,1004.8
2020-02-28T08:00,1.0,0.00,89,-0.5,-3.0,0.00,0.05,0.00,2,61,0,50,59,12.3,237,232,22.9,26.6,1,113.58,1020.5,1005.6
2020-02-28T09:00,1.9,0.00,86,-0.2,-2.1,0.00,0.05,0.00,2,51,0,46,38,12.5,226,221,19.9,27.4,1,3600.00,1021.4,1006.6
2020-02-28T10:00,3.2,0.00,77,-0.5,-1.3,0.00,0.05,0.00,1,47,0,22,44,15.9,232,231,22.8,35.3,1,3600.00,1021.9,1007.1
2020-02-28T11:00,4.7,0.00,69,-0.4,-0.1,0.00,0.04,0.00,2,64,0,0,64,17.8,237,238,24.8,39.2,1,3600.00,1021.8,1007.1
2020-02-28T12:00,6.1,0.00,55,-2.2,1.2,0.00,0.04,0.00,3,94,0,0,94,16.7,238,237,23.5,39.6,1,3600.00,1021.2,1006.6
2020-02-28T13:00,7.1,0.00,55,-1.4,2.2,0.00,0.04,0.00,3,100,95,0,90,17.1,246,245,24.5,37.8,1,3600.00,1020.9,1006.3
2020-02-28T14:00,7.7,0.00,45,-3.3,2.8,0.00,0.04,0.00,3,99,98,97,60,16.1,240,241,23.2,38.2,1,3600.00,1019.9,1005.4
2020-02-28T15:00,8.1,0.00,45,-3.2,3.5,0.00,0.04,0.00,3,98,98,28,0,13.5,229,228,19.6,36.4,1,3600.00,1018.8,1004.3
2020-02-28T16:00,8.2,0.00,44,-3.3,3.9,0.00,0.04,0.00,3,97,96,76,3,11.8,219,218,18.4,31.0,1,3600.00,1018.1,1003.6
2020-02-28T17:00,7.2,0.00,50,-2.5,3.0,0.00,0.04,0.00,2,61,48,38,0,12.1,195,192,22.4,26.6,1,3567.59,1017.4,1002.9
2020-02-28T18:00,5.5,0.00,58,-2.0,1.5,0.00,0.04,0.00,3,98,0,98,0,11.2,173,165,23.6,27.7,1,1140.89,1016.6,1002.0
2020-02-28T19:00,5.7,0.00,54,-3.0,1.3,0.00,0.04,0.00,3,91,0,91,0,12.3,159,148,25.1,26.6,0,0.00,1016.0,1001.4
2020-02-28T20:00,5.7,0.00,51,-3.7,1.0,0.00,0.04,0.00,3,96,0,96,0,13.6,159,148,26.7,28.8,0,0.00,1014.7,1000.2
2020-02-28T21:00,5.5,0.00,49,-4.2,1.0,0.00,0.04,0.00,3,95,0,95,29,12.6,164,153,25.1,28.8,0,0.00,1013.6,999.1
2020-02-28T22:00,5.6,0.00,48,-4.5,1.3,0.00,0.04,0.00,3,100,100,100,50,11.1,163,144,22.6,27.0,0,0.00,1012.6,998.1
2020-02-28T23:00,5.7,0.00,51,-3.7,1.4,0.00,0.04,0.00,3,100,94,99,35,11.0,166,148,21.5,23.8,0,0.00,1011.9,997.4
2020-02-29T00:00,5.8,0.40,51,-3.5,1.6,0.10,0.04,0.21,73,98,96,81,1,10.5,187,164,20.7,25.2,0,0.00,1010.9,996.4
2020-02-29T01:00,6.0,0.00,58,-1.5,2.2,0.00,0.04,0.00,3,100,100,100,100,9.7,200,176,20.3,25.6,0,0.00,1009.8,995.3
2020-02-29T02:00,6.0,0.30,68,0.5,2.3,0.30,0.03,0.00,51,100,99,100,89,11.2,203,184,22.7,42.8,0,0.00,1009.0,994.6
2020-02-29T03:00,6.6,0.00,66,0.6,2.6,0.00,0.03,0.00,3,100,100,100,16,13.0,214,204,26.5,29.5,0,0.00,1007.8,993.4
2020-02-29T04:00,6.5,0.20,72,1.7,2.3,0.20,0.03,0.00,51,100,100,100,87,15.6,218,214,29.2,34.2,0,0.00,1007.2,992.8
2020-02-29T05:00,5.8,0.50,88,3.9,2.4,0.50,0.03,0.00,53,100,100,100,4,13.1,209,201,27.2,34.6,0,0.00,1006.2,991.8
2020-02-29T06:00,6.2,0.00,89,4.5,3.2,0.00,0.03,0.00,3,100,100,59,7,11.8,207,200,25.1,29.9,0,0.00,1005.0,990.6
2020-02-29T07:00,6.0,0.00,90,4.4,2.9,0.00,0.03,0.00,3,100,100,14,3,12.1,216,210,26.6,28.1,0,0.00,1004.4,990.0
2020-02-29T08:00,6.5,0.00,87,4.5,3.9,0.00,0.03,0.00,3,99,99,2,1,9.0,202,180,21.0,28.1,1,0.00,1003.3,989.0
2020-02-29T09:00,7.4,0.00,87,5.3,4.7,0.00,0.03,0.00,3,91,91,2,1,10.4,159,136,17.3,22.0,1,751.48,1001.9,987.6
2020-02-29T10:00,9.1,0.00,83,6.3,6.6,0.00,0.03,0.00,3,83,83,0,2,10.5,160,142,18.3,25.6,1,3600.00,1000.6,986.4
2020-02-29T11:00,11.7,0.00,72,6.7,9.0,0.00,0.02,0.00,3,87,87,0,1,12.7,170,165,18.3,31.0,1,3600.00,999.5,985.5
2020-02-29T12:00,14.2,0.00,57,5.7,10.8,0.00,0.02,0.00,2,70,65,33,0,15.6,189,187,23.3,36.7,1,3600.00,998.2,984.3
2020-02-29T13:00,15.3,0.00,54,6.2,12.3,0.00,0.02,0.00,3,81,56,99,0,14.2,176,173,20.6,47.5,1,3600.00,996.8,983.0
2020-02-29T14:00,14.6,0.00,55,5.7,10.6,0.00,0.02,0.00,3,100,100,84,1,19.6,213,212,33.5,42.8,1,0.00,996.1,982.3
2020-02-29T15:00,15.8,0.00,52,6.0,11.3,0.00,0.02,0.00,3,91,85,50,5,23.5,208,205,39.1,47.2,1,1994.06,995.0,981.2
2020-02-29T16:00,15.6,0.10,50,5.2,10.0,0.10,0.01,0.00,51,92,33,90,12,30.0,225,225,48.6,78.1,1,3600.00,994.6,980.8
2020-02-29T17:00,12.6,0.50,70,7.2,8.5,0.50,0.01,0.00,53,100,82,100,21,23.1,239,239,39.1,79.6,1,0.00,995.3,981.4
2020-02-29T18:00,10.5,1.20,87,8.4,7.0,1.20,0.01,0.00,55,100,68,99,100,21.2,253,255,36.6,69.5,1,0.00,996.4,982.4
2020-02-29T19:00,7.9,2.80,85,5.5,3.8,2.80,0.01,0.00,63,100,30,100,64,20.4,264,261,35.1,62.6,0,0.00,999.1,984.9
2020-02-29T20:00,7.1,0.50,85,4.7,3.8,0.50,0.01,0.00,53,100,0,100,0,13.6,228,220,24.2,44.3,0,0.00,1000.4,986.1
2020-02-29T21:00,6.3,0.00,86,4.2,2.7,0.00,0.01,0.00,2,72,51,52,2,14.8,219,214,26.9,32.8,0,0.00,1001.2,986.9
2020-02-29T22:00,5.8,0.00,86,3.7,2.3,0.00,0.01,0.00,3,97,91,74,8,13.7,222,215,26.5,32.4,0,0.00,1002.0,987.6
2020-02-29T23:00,6.0,0.30,83,3.3,2.4,0.30,0.01,0.00,51,98,98,16,31,13.5,219,214,26.1,30.2,0,0.00,1002.5,988.1
2020-03-01T00:00,6.3,0.10,90,4.8,2.7,0.10,0.01,0.00,51,99,98,29,31,15.8,226,221,28.5,47.2,0,0.00,1002.5,988.2
2020-03-01T01:00,6.7,0.10,79,3.3,2.8,0.10,0.01,0.00,51,87,97,70,23,16.3,231,227,30.0,47.9,0,0.00,1002.1,987.8
2020-03-01T02:00,7.2,0.00,77,3.5,3.3,0.00,0.01,0.00,3,99,98,83,26,16.1,233,228,29.0,36.4,0,0.00,1002.4,988.1
2020-03-01T03:00,7.1,0.10,78,3.6,3.3,0.10,0.01,0.00,51,100,99,94,20,15.5,224,222,29.0,49.3,0,0.00,1001.9,987.6
2020-03-01T04:00,7.0,0.20,80,3.8,3.2,0.20,0.01,0.00,51,97,93,95,21,16.3,223,221,29.8,47.9,0,0.00,1001.4,987.1
2020-03-01T05:00,7.0,0.40,80,3.8,2.9,0.40,0.01,0.00,51,100,100,93,30,18.1,224,223,32.1,51.5,0,0.00,1001.7,987.4
2020-03-01T06:00,6.6,0.50,85,4.2,2.4,0.50,0.01,0.00,53,96,83,90,73,19.2,222,220,33.4,53.3,0,0.00,1001.6,987.3
2020-03-01T07:00,6.6,0.30,87,4.5,2.6,0.30,0.00,0.00,51,85,44,80,55,17.9,218,214,31.3,42.1,0,0.00,1001.4,987.1
2020-03-01T08:00,6.9,0.20,86,4.6,3.0,0.20,0.00,0.00,51,73,10,64,37,17.8,215,212,30.8,39.2,1,0.00,1001.2,986.9
2020-03-01T09:00,7.3,1.60,84,4.7,3.3,1.60,0.00,0.00,61,71,0,54,57,18.7,221,220,30.4,39.2,1,1846.52,1000.9,986.6
2020-03-01T10:00,8.0,0.20,82,5.1,3.4,0.20,0.00,0.00,51,85,0,80,48,23.4,227,227,37.2,66.2,1,3016.44,1001.0,986.8
2020-03-01T11:00,8.6,0.10,79,5.2,4.6,0.10,0.00,0.00,51,91,0,55,89,19.4,224,223,30.6,64.1,1,3205.49,1000.7,986.5
2020-03-01T12:00,9.7,0.10,75,5.4,5.6,0.10,0.00,0.00,51,75,49,30,48,20.2,232,231,30.5,64.8,1,3600.00,1000.6,986.5
2020-03-01T13:00,10.5,0.10,68,4.8,6.7,0.10,0.00,0.00,51,56,30,38,11,17.5,235,233,25.9,64.1,1,3600.00,1000.4,986.3
2020-03-01T14:00,11.2,0.00,63,4.4,7.3,0.00,0.00,0.00,1,44,17,26,17,17.1,231,229,24.9,58.0,1,3600.00,999.0,985.0
2020-03-01T15:00,11.1,0.10,60,3.6,7.2,0.10,0.00,0.00,51,51,11,34,33,16.7,234,233,24.5,51.8,1,3600.00,998.2,984.2
2020-03-01T16:00,11.1,0.00,63,4.3,8.3,0.00,0.00,0.00,1,43,15,23,23,9.5,218,217,14.1,37.1,1,3600.00,997.4,983.4
2020-03-01T17:00,10.9,0.00,66,4.7,8.9,0.00,0.00,0.00,2,71,69,16,1,5.1,157,141,11.0,22.0,1,3600.00,995.6,981.6
2020-03-01T18:00,9.2,0.00,64,2.7,6.0,0.00,0.00,0.00,2,59,22,48,3,10.5,157,142,23.9,23.0,1,2229.89,994.4,980.3
2020-03-01T19:00,8.2,0.00,65,2.1,4.8,0.00,0.00,0.00,3,98,93,94,0,11.3,141,127,25.4,23.8,0,0.00,994.0,979.9
2020-03-01T20:00,7.7,0.50,71,2.7,4.0,0.50,0.00,0.00,53,100,98,100,6,13.4,174,156,27.9,36.7,0,0.00,994.6,980.4
2020-03-01T21:00,8.0,1.10,82,5.1,4.3,1.10,0.00,0.00,55,83,64,64,41,17.1,194,187,30.7,45.4,0,0.00,994.5,980.4
2020-03-01T22:00,7.8,0.60,81,4.7,2.2,0.60,0.00,0.00,53,95,44,92,39,29.6,213,212,48.1,67.7,0,0.00,994.9,980.7
2020-03-01T23:00,6.1,0.10,79,2.8,-0.3,0.10,0.00,0.00,51,100,1,75,100,32.2,221,220,51.8,68.8,0,0.00,995.7,981.4
2020-03-02T00:00,4.0,0.30,88,2.2,-2.4,0.30,0.00,0.00,51,95,0,80,90,31.4,233,229,50.6,71.3,0,0.00,996.5,982.1
2020-03-02T01:00,4.0,0.40,86,1.8,-2.1,0.40,0.00,0.00,51,97,84,98,19,29.1,241,239,48.8,74.2,0,0.00,998.4,984.0
2020-03-02T02:00,4.4,0.10,86,2.2,-0.4,0.10,0.00,0.00,51,97,6,95,37,20.7,230,229,35.3,63.7,0,0.00,999.6,985.2
2020-03-02T03:00,4.2,0.00,86,2.1,-0.2,0.00,0.00,0.00,1,26,0,1,25,18.0,237,237,31.5,45.0,0,0.00,999.3,984.9
2020-03-02T04:00,3.7,0.00,87,1.7,-0.1,0.00,0.00,0.00,1,44,0,0,44,13.4,241,243,26.3,39.2,0,0.00,998.9,984.5
2020-03-02T05:00,2.7,0.00,90,1.3,-0.0,0.00,0.00,0.00,2,51,47,0,7,5.3,223,208,16.8,29.5,0,0.00,997.8,983.3
2020-03-02T06:00,2.2,0.00,88,0.4,-0.8,0.00,0.00,0.00,3,100,99,49,1,6.5,197,161,18.1,15.8,0,0.00,996.8,982.3
2020-03-02T07:00,2.4,0.00,87,0.4,-1.1,0.00,0.00,0.00,3,99,99,90,0,9.8,156,126,20.5,19.8,0,0.00,996.2,981.8
2020-03-02T08:00,3.1,0.00,82,0.4,-0.9,0.00,0.00,0.00,3,99,98,97,1,13.3,122,103,23.5,25.6,1,0.00,995.7,981.3
2020-03-02T09:00,4.4,0.00,79,1.2,0.2,0.00,0.00,0.00,1,42,0,42,0,15.4,115,106,28.2,29.5,1,0.00,994.7,980.4
2020-03-02T10:00,7.1,0.00,69,1.8,2.7,0.00,0.00,0.00,3,97,97,0,0,17.1,114,112,26.8,37.4,1,3600.00,993.7,979.5
2020-03-02T11:00,9.2,0.00,60,1.9,4.6,0.00,0.00,0.00,3,100,100,1,0,19.1,114,112,28.0,42.1,1,3600.00,992.4,978.4
2020-03-02T12:00,11.2,0.00,53,1.8,6.6,0.00,0.00,0.00,3,100,100,83,0,19.1,113,112,27.3,43.2,1,3600.00,990.2,976.3
2020-03-02T13:00,11.2,0.00,54,2.2,7.5,0.00,0.00,0.00,3,100,0,99,1,13.0,119,118,17.7,42.5,1,3600.00,990.5,976.6
2020-03-02T14:00,10.6,0.00,55,1.8,6.8,0.00,0.00,0.00,3,100,100,100,0,13.7,117,117,20.3,29.9,1,1333.39,989.7,975.8
2020-03-02T15:00,10.2,0.10,60,2.7,7.2,0.10,0.00,0.00,51,100,100,100,0,9.5,117,115,17.7,31.0,1,0.00,989.7,975.7
2020-03-02T16:00,9.5,0.20,69,4.1,7.3,0.20,0.00,0.00,51,100,100,100,0,5.8,85,68,13.7,20.9,1,0.00,989.0,975.0
2020-03-02T17:00,9.5,0.00,72,4.7,7.5,0.00,0.00,0.00,3,100,100,100,0,4.3,65,24,11.1,13.7,1,0.00,988.9,974.9
2020-03-02T18:00,8.2,0.10,78,4.7,6.0,0.10,0.00,0.00,51,100,100,100,0,6.6,355,331,9.0,11.2,1,0.00,989.5,975.4
2020-03-02T19:00,7.4,0.40,86,5.2,4.5,0.40,0.00,0.00,51,100,100,100,15,11.2,319,320,22.7,21.6,0,0.00,990.6,976.5
2020-03-02T20:00,6.8,0.70,90,5.3,4.0,0.70,0.00,0.00,53,100,100,100,67,11.0,323,328,22.6,23.8,0,0.00,991.1,977.0
2020-03-02T21:00,6.3,0.70,91,5.0,3.7,0.70,0.00,0.00,53,100,100,100,95,9.7,311,315,20.2,23.0,0,0.00,991.7,977.5
2020-03-02T22:00,6.1,0.50,91,4.7,3.5,0.50,0.00,0.00,53,100,100,100,98,8.4,289,290,18.7,20.2,0,0.00,992.8,978.6
2020-03-02T23:00,6.0,0.60,92,4.8,3.4,0.60,0.00,0.00,53,100,100,100,98,8.8,259,251,18.4,18.7,0,0.00,993.8,979.6
2020-03-03T00:00,5.7,0.60,94,4.8,2.8,0.60,0.00,0.00,53,100,100,100,100,11.1,246,241,20.5,23.4,0,0.00,994.7,980.4
2020-03-03T01:00,5.5,0.80,92,4.3,2.2,0.80,0.00,0.00,53,100,97,100,100,13.1,282,278,22.5,28.8,0,0.00,995.6,981.3
2020-03-03T02:00,5.6,1.20,93,4.5,2.6,1.20,0.00,0.00,55,100,92,100,100,11.7,285,281,21.7,28.4,0,0.00,996.5,982.2
2020-03-03T03:00,5.8,1.30,92,4.5,2.1,1.30,0.00,0.00,61,100,99,100,100,16.1,295,290,28.5,34.2,0,0.00,997.5,983.2
2020-03-03T04:00,5.3,1.10,88,3.6,0.4,1.10,0.00,0.00,55,100,99,100,93,23.2,293,289,39.0,50.4,0,0.00,999.3,985.0
2020-03-03T05:00,4.8,0.20,82,2.0,0.3,0.20,0.00,0.00,51,99,96,93,6,18.5,288,283,31.0,50.4,0,0.00,1001.1,986.7
2020-03-03T06:00,4.2,0.00,85,1.8,0.2,0.00,0.00,0.00,3,97,96,2,21,14.8,276,271,26.4,39.6,0,0.00,1002.3,987.9
2020-03-03T07:00,3.4,0.00,90,1.8,-0.4,0.00,0.00,0.00,2,59,19,3,52,13.4,268,262,25.6,32.4,0,0.00,1003.2,988.7
2020-03-03T08:00,3.8,0.00,88,2.0,-0.0,0.00,0.00,0.00,2,69,54,5,37,14.1,256,251,24.5,30.6,1,306.09,1004.1,989.6
2020-03-03T09:00,4.2,0.00,85,1.9,0.1,0.00,0.00,0.00,2,54,38,1,30,15.3,244,243,23.2,32.4,1,3600.00,1004.7,990.2
2020-03-03T10:00,4.8,0.10,79,1.5,0.4,0.10,0.00,0.00,51,39,0,8,38,17.2,252,250,24.6,38.2,1,3600.00,1004.9,990.5
2020-03-03T11:00,5.9,0.20,67,0.3,1.2,0.20,0.00,0.00,51,29,0,18,28,17.8,253,252,24.8,40.3,1,3600.00,1005.0,990.6
2020-03-03T12:00,6.3,0.30,64,-0.0,1.6,0.30,0.00,0.00,51,52,0,32,46,17.4,249,248,24.7,40.0,1,3600.00,1004.9,990.5
2020-03-03T13:00,6.1,0.10,77,2.4,2.2,0.10,0.00,0.00,51,78,0,37,92,14.8,243,244,21.7,41.4,1,3600.00,1005.3,990.9
2020-03-03T14:00,6.2,0.10,79,2.8,2.4,0.10,0.00,0.00,51,59,0,40,40,14.3,234,231,20.9,39.2,1,747.94,1005.0,990.6
2020-03-03T15:00,7.3,0.10,73,2.8,3.7,0.10,0.00,0.00,51,43,0,34,29,13.4,241,239,18.8,44.3,1,3600.00,1005.2,990.9
2020-03-03T16:00,7.1,0.10,71,2.2,3.5,0.10,0.00,0.00,51,51,0,26,40,12.6,245,243,17.9,41.8,1,3600.00,1005.4,991.1
2020-03-03T17:00,6.7,0.10,69,1.4,3.3,0.10,0.00,0.00,51,32,1,22,21,10.1,238,235,15.7,34.6,1,3600.00,1005.7,991.3
2020-03-03T18:00,5.0,0.00,78,1.5,1.9,0.00,0.00,0.00,1,38,25,7,15,8.5,223,216,19.1,21.6,1,2433.13,1006.5,992.0
2020-03-03T19:00,3.7,0.00,88,1.9,0.6,0.00,0.00,0.00,1,38,26,8,15,8.9,222,212,20.9,19.4,0,0.00,1007.6,993.1
2020-03-03T20:00,2.7,0.00,92,1.5,-0.1,0.00,0.00,0.00,1,36,24,3,16,6.2,235,216,17.6,18.7,0,0.00,1008.1,993.5
2020-03-03T21:00,1.7,0.00,94,0.8,-1.0,0.00,0.00,0.00,0,11,0,4,11,5.2,240,205,14.2,13.3,0,0.00,1008.8,994.1
2020-03-03T22:00,1.4,0.00,94,0.6,-1.4,0.00,0.00,0.00,0,7,0,5,6,5.0,221,180,12.5,11.2,0,0.00,1009.8,995.1
2020-03-03T23:00,1.1,0.00,95,0.3,-1.9,0.00,0.00,0.00,0,5,0,2,5,5.8,215,180,13.7,11.5,0,0.00,1010.6,995.9
2020-03-04T00:00,0.6,0.00,96,0.1,-2.4,0.00,0.00,0.00,0,12,0,0,12,5.9,217,191,15.4,12.6,0,0.00,1011.3,996.5
2020-03-04T01:00,1.0,0.00,96,0.5,-1.9,0.00,0.00,0.00,0,3,0,59,10,5.9,227,191,14.8,13.0,0,0.00,1012.0,997.2
2020-03-04T02:00,0.8,0.00,96,0.2,-2.1,0.00,0.00,0.00,1,32,0,26,28,5.5,226,191,15.5,15.1,0,0.00,1012.2,997.4
2020-03-04T03:00,1.1,0.00,95,0.3,-2.0,0.00,0.00,0.00,2,56,0,53,24,6.9,230,208,19.2,16.6,0,0.00,1012.6,997.8
2020-03-04T04:00,1.5,0.10,94,0.7,-1.8,0.10,0.00,0.00,51,50,0,45,19,8.5,230,216,20.7,19.4,0,0.00,1013.0,998.3
2020-03-04T05:00,1.4,0.00,95,0.7,-2.1,0.00,0.00,0.00,1,42,0,19,35,9.8,225,216,21.9,21.2,0,0.00,1013.4,998.6
2020-03-04T06:00,1.3,0.00,96,0.7,-2.2,0.00,0.00,0.00,2,71,0,16,68,9.8,218,208,21.5,22.0,0,0.00,1013.9,999.1
2020-03-04T07:00,1.3,0.00,96,0.7,-2.2,0.00,0.00,0.00,3,94,0,4,93,10.5,215,207,22.0,22.7,0,0.00,1014.1,999.3
2020-03-04T08:00,2.1,0.00,94,1.3,-1.6,0.00,0.00,0.00,3,91,0,27,89,12.3,220,212,22.0,26.3,1,0.00,1014.6,999.9
2020-03-04T09:00,3.1,0.00,89,1.5,-1.2,0.00,0.00,0.00,3,86,0,54,80,16.3,226,227,23.2,33.1,1,752.53,1014.7,1000.0
2020-03-04T10:00,4.1,0.00,87,2.1,-0.2,0.00,0.00,0.00,3,100,2,5,100,17.1,226,224,24.2,37.1,1,3529.47,1014.6,1000.0
2020-03-04T11:00,5.3,0.00,81,2.3,1.0,0.00,0.00,0.00,3,100,82,1,100,17.6,227,226,25.2,37.8,1,576.49,1014.6,1000.0
2020-03-04T12:00,6.1,0.00,75,2.0,1.8,0.00,0.00,0.00,3,100,88,14,97,17.0,234,234,25.0,38.9,1,0.00,1014.5,1000.0
2020-03-04T13:00,6.6,0.30,80,3.4,2.8,0.30,0.00,0.00,51,85,79,35,84,15.5,225,224,22.4,37.8,1,1392.86,1014.6,1000.1
2020-03-04T14:00,7.3,0.10,78,3.6,3.7,0.10,0.00,0.00,51,98,93,78,75,13.8,231,231,20.0,37.8,1,1874.18,1014.1,999.6
2020-03-04T15:00,7.7,0.10,78,4.1,4.5,0.10,0.00,0.00,51,94,86,80,57,12.2,238,236,17.5,38.9,1,2938.09,1013.7,999.3
2020-03-04T16:00,7.8,0.00,77,4.0,4.8,0.00,0.00,0.00,3,93,80,88,44,10.8,240,240,15.8,33.5,1,3132.44,1013.2,998.8
2020-03-04T17:00,7.4,0.00,74,3.1,4.5,0.00,0.00,0.00,3,85,48,81,26,8.9,243,243,13.4,34.6,1,3600.00,1012.8,998.4
2020-03-04T18:00,5.0,0.00,84,2.5,2.5,0.00,0.00,0.00,3,82,36,80,15,5.5,218,191,10.5,19.4,1,1340.29,1012.6,998.1
2020-03-04T19:00,4.8,0.10,82,2.0,2.2,0.10,0.00,0.00,51,63,0,56,32,5.4,207,176,13.7,11.5,0,0.00,1012.8,998.2
2020-03-04T20:00,4.2,0.00,83,1.6,1.5,0.00,0.00,0.00,0,10,0,7,6,5.9,173,128,12.7,11.5,0,0.00,1012.5,997.9
2020-03-04T21:00,3.3,0.00,85,1.1,0.2,0.00,0.00,0.00,0,6,3,3,1,8.2,155,119,17.1,16.2,0,0.00,1011.7,997.1
2020-03-04T22:00,2.5,0.00,87,0.5,-0.8,0.00,0.00,0.00,2,52,17,48,0,8.7,151,120,19.8,17.3,0,0.00,1011.5,996.8
2020-03-04T23:00,2.5,0.00,86,0.4,-1.1,0.00,0.00,0.00,2,72,49,65,0,10.0,136,116,22.9,20.2,0,0.00,1011.4,996.7
2020-03-05T00:00,2.5,0.00,87,0.6,-1.2,0.00,0.00,0.00,3,89,8,89,1,11.2,129,111,23.8,23.0,0,0.00,1010.6,995.9
2020-03-05T01:00,3.4,0.00,85,1.1,-0.0,0.00,0.00,0.00,3,99,0,99,9,10.3,137,115,20.1,23.4,0,0.00,1009.4,994.8
2020-03-05T02:00,3.5,0.00,85,1.2,0.1,0.00,0.00,0.00,3,99,56,99,25,9.9,133,109,18.8,20.9,0,0.00,1008.6,994.0
2020-03-05T03:00,3.4,0.00,85,1.2,-0.1,0.00,0.00,0.00,3,100,72,100,88,10.8,123,105,20.1,21.2,0,0.00,1007.7,993.1
2020-03-05T04:00,3.4,0.20,85,1.0,-0.3,0.20,0.00,0.00,51,100,93,100,96,12.0,126,111,22.2,23.8,0,0.00,1006.9,992.3
2020-03-05T05:00,3.4,0.10,84,0.9,-0.1,0.10,0.00,0.00,51,100,98,100,100,10.6,137,108,17.3,23.8,0,0.00,1006.2,991.7
2020-03-05T06:00,3.6,0.00,82,0.7,-0.2,0.00,0.00,0.00,3,100,100,100,100,12.3,124,105,21.8,24.1,0,0.00,1005.2,990.7
2020-03-05T07:00,3.9,0.00,79,0.7,-0.1,0.00,0.00,0.00,3,100,100,73,85,13.8,127,110,24.9,27.0,1,0.00,1004.3,989.8
2020-03-05T08:00,4.7,0.00,76,0.9,0.7,0.00,0.00,0.00,3,100,100,60,100,13.2,131,116,24.0,27.7,1,0.00,1003.8,989.4
2020-03-05T09:00,5.5,0.00,73,0.9,1.6,0.00,0.00,0.00,3,100,100,89,100,13.2,128,116,23.8,27.0,1,0.00,1002.1,987.7
2020-03-05T10:00,6.3,0.00,71,1.4,2.8,0.00,0.00,0.00,3,100,100,96,100,11.1,132,115,20.4,27.0,1,0.00,1001.6,987.3
2020-03-05T11:00,7.0,0.10,73,2.5,3.5,0.10,0.00,0.00,51,100,100,100,83,12.1,129,113,21.8,23.8,1,0.00,1000.4,986.1
2020-03-05T12:00,8.5,0.30,74,4.0,4.8,0.30,0.00,0.00,51,100,100,100,3,15.0,136,132,22.9,32.4,1,0.00,998.8,984.6
2020-03-05T13:00,7.6,0.30,90,6.1,4.4,0.30,0.00,0.00,51,100,98,100,66,15.0,125,114,29.2,36.4,1,0.00,997.0,982.8
2020-03-05T14:00,7.8,0.80,91,6.3,4.2,0.80,0.00,0.00,53,100,97,100,100,18.4,135,130,31.1,38.9,1,0.00,995.5,981.3
2020-03-05T15:00,7.7,1.90,89,6.0,3.8,1.90,0.00,0.00,61,100,98,100,100,19.4,142,137,33.3,41.4,1,0.00,994.1,980.0
2020-03-05T16:00,7.4,1.60,89,5.7,3.2,1.60,0.00,0.00,61,100,100,100,100,21.2,129,125,36.8,45.0,1,0.00,992.2,978.1
2020-03-05T17:00,7.1,2.00,89,5.4,2.5,2.00,0.00,0.00,61,100,100,100,100,23.7,126,123,40.3,49.3,1,0.00,990.8,976.7
2020-03-05T18:00,6.7,1.60,90,5.2,2.9,1.60,0.00,0.00,61,100,100,100,100,18.3,127,122,33.7,50.0,1,0.00,990.3,976.2
2020-03-05T19:00,6.6,1.50,93,5.6,4.0,1.50,0.00,0.00,61,100,85,68,100,10.5,168,131,18.8,37.8,0,0.00,990.6,976.4
2020-03-05T20:00,8.5,1.20,93,7.5,5.4,1.20,0.00,0.00,55,100,99,100,97,16.4,219,213,30.5,35.6,0,0.00,990.7,976.6
2020-03-05T21:00,8.5,0.50,92,7.3,5.8,0.50,0.00,0.00,53,91,89,16,13,13.3,207,199,26.7,36.0,0,0.00,990.6,976.5
2020-03-05T22:00,8.0,0.00,89,6.3,5.0,0.00,0.00,0.00,3,100,99,93,38,14.1,202,195,28.4,31.3,0,0.00,990.2,976.1
2020-03-05T23:00,8.3,0.10,84,5.8,4.9,0.10,0.00,0.00,51,100,21,98,100,16.3,195,185,29.8,34.6,0,0.00,989.8,975.7
2020-03-06T00:00,8.6,0.00,82,5.7,4.7,0.00,0.00,0.00,3,96,0,89,90,19.1,203,196,33.6,43.2,0,0.00,989.5,975.5
2020-03-06T01:00,8.4,0.10,87,6.3,4.6,0.10,0.00,0.00,51,95,1,46,84,19.8,215,213,35.4,41.8,0,0.00,988.6,974.6
2020-03-06T02:00,8.1,0.60,88,6.3,3.7,0.60,0.00,0.00,53,83,23,70,60,23.2,226,224,39.5,50.0,0,0.00,989.0,974.9
2020-03-06T03:00,7.5,0.20,85,5.2,2.9,0.20,0.00,0.00,51,99,77,98,44,23.2,223,222,38.7,50.4,0,0.00,989.2,975.1
2020-03-06T04:00,6.9,0.30,90,5.3,2.5,0.30,0.00,0.00,51,100,92,100,100,22.5,216,212,38.2,50.0,0,0.00,989.3,975.2
2020-03-06T05:00,6.2,0.40,90,4.7,0.8,0.40,0.00,0.00,51,100,5,100,100,28.3,223,220,47.1,60.5,0,0.00,989.7,975.5
2020-03-06T06:00,5.6,0.70,91,4.2,-0.0,0.70,0.00,0.00,53,100,13,100,100,28.8,226,224,47.9,68.8,0,0.00,990.4,976.2
2020-03-06T07:00,5.3,0.60,91,4.0,-0.3,0.60,0.00,0.00,53,100,0,100,100,28.5,227,226,46.9,68.0,1,0.00,991.2,977.0
2020-03-06T08:00,5.2,0.40,89,3.6,-0.6,0.40,0.00,0.00,51,100,14,100,98,29.0,227,225,47.1,62.6,1,0.00,992.3,978.1
2020-03-06T09:00,5.0,0.30,90,3.5,-0.5,0.30,0.00,0.00,51,100,0,100,94,27.3,231,229,44.3,62.6,1,0.00,993.2,978.9
2020-03-06T10:00,5.3,0.10,90,3.8,-0.0,0.10,0.00,0.00,51,96,15,65,93,26.2,234,233,42.3,59.0,1,0.00,994.0,979.7
2020-03-06T11:00,5.7,0.20,89,4.0,0.6,0.20,0.00,0.00,51,83,0,73,70,25.0,235,234,38.3,59.8,1,0.00,994.7,980.4
2020-03-06T12:00,6.9,0.10,78,3.3,2.1,0.10,0.00,0.00,51,99,3,99,96,22.5,256,254,33.8,56.5,1,2907.87,995.5,981.3
2020-03-06T13:00,5.9,0.40,83,3.2,1.8,0.40,0.00,0.00,51,100,46,100,85,17.6,250,247,29.0,49.0,1,0.00,997.6,983.3
2020-03-06T14:00,5.6,0.90,89,3.9,1.7,0.90,0.00,0.00,53,100,90,100,100,17.1,255,252,27.9,40.7,1,0.00,998.5,984.2
2020-03-06T15:00,5.8,0.50,90,4.3,1.9,0.50,0.00,0.00,53,100,77,100,100,17.2,253,250,28.6,37.8,1,0.00,999.8,985.5
2020-03-06T16:00,5.7,0.70,90,4.3,1.9,0.70,0.00,0.00,53,100,99,100,100,16.8,264,260,28.6,38.2,1,0.00,1000.9,986.6
2020-03-06T17:00,5.7,0.40,90,4.2,2.0,0.40,0.00,0.00,51,100,87,76,99,15.5,276,271,26.8,36.7,1,0.00,1002.0,987.6
2020-03-06T18:00,5.7,0.00,86,3.6,2.2,0.00,0.00,0.00,3,92,41,44,85,14.0,277,271,25.1,33.8,1,0.00,1003.2,988.8
2020-03-06T19:00,5.6,0.00,85,3.3,2.1,0.00,0.00,0.00,2,77,13,39,69,13.0,274,268,24.2,30.6,0,0.00,1004.6,990.2
2020-03-06T20:00,5.1,0.00,88,3.3,1.9,0.00,0.00,0.00,2,57,21,29,43,11.2,268,264,22.7,28.4,0,0.00,1005.5,991.1
2020-03-06T21:00,4.7,0.10,89,3.0,1.4,0.10,0.00,0.00,51,91,76,41,61,11.5,271,266,24.1,25.6,0,0.00,1006.5,992.0
2020-03-06T22:00,4.4,0.20,90,2.8,0.8,0.20,0.00,0.00,51,93,80,50,66,13.4,280,276,25.9,28.8,0,0.00,1007.6,993.1
2020-03-06T23:00,4.4,0.30,90,2.9,0.9,0.30,0.00,0.00,51,92,50,72,83,12.8,285,281,24.6,29.9,0,0.00,1008.5,994.0
2020-03-07T00:00,4.3,0.00,91,3.0,0.8,0.00,0.00,0.00,2,58,3,29,51,12.9,287,283,24.8,28.4,0,0.00,1009.5,995.0
2020-03-07T01:00,4.7,0.00,90,3.2,1.6,0.00,0.00,0.00,2,64,0,78,17,10.4,297,290,20.9,28.8,0,0.00,1010.7,996.2
2020-03-07T02:00,4.7,0.00,90,3.2,1.3,0.00,0.00,0.00,1,45,21,5,40,12.1,287,282,22.6,25.9,0,0.00,1011.7,997.1
2020-03-07T03:00,3.9,0.00,93,2.8,0.5,0.00,0.00,0.00,2,54,38,17,28,12.0,282,279,24.3,27.0,0,0.00,1012.3,997.7
2020-03-07T04:00,3.4,0.00,93,2.4,0.0,0.00,0.00,0.00,2,52,30,14,29,11.4,287,281,23.3,27.0,0,0.00,1013.1,998.5
2020-03-07T05:00,3.2,0.00,93,2.2,-0.0,0.00,0.00,0.00,2,64,3,42,55,9.8,285,276,20.9,25.2,0,0.00,1014.1,999.4
2020-03-07T06:00,3.1,0.00,93,2.2,0.0,0.00,0.00,0.00,2,74,0,49,62,9.0,282,272,19.1,22.0,0,0.00,1015.0,1000.3
2020-03-07T07:00,3.1,0.00,94,2.2,0.3,0.00,0.00,0.00,3,87,0,82,48,7.1,267,255,15.9,20.2,1,0.00,1015.9,1001.2
2020-03-07T08:00,3.6,0.00,94,2.6,0.8,0.00,0.00,0.00,2,78,0,59,66,7.6,250,239,13.4,16.2,1,408.16,1017.0,1002.3
2020-03-07T09:00,4.4,0.10,92,3.2,1.7,0.10,0.00,0.00,51,98,0,3,98,7.6,248,245,11.3,18.7,1,3600.00,1018.0,1003.3
2020-03-07T10:00,5.2,0.10,91,3.8,2.6,0.10,0.00,0.00,51,97,0,5,97,7.3,241,237,10.3,22.3,1,2563.96,1018.6,1004.0
2020-03-07T11:00,6.1,0.10,88,4.2,3.9,0.10,0.00,0.00,51,99,0,8,99,5.9,257,256,8.1,22.7,1,2346.77,1019.1,1004.5
2020-03-07T12:00,6.7,0.10,83,4.0,4.6,0.10,0.00,0.00,51,78,0,15,75,4.6,292,288,5.8,25.2,1,583.65,1019.8,1005.2
2020-03-07T13:00,6.8,0.10,72,2.1,3.4,0.10,0.00,0.00,51,71,0,42,39,11.0,288,289,15.1,28.4,1,3367.26,1020.4,1005.8
2020-03-07T14:00,7.7,0.20,64,1.4,4.0,0.20,0.00,0.00,51,41,0,39,19,12.3,275,273,17.0,30.6,1,3600.00,1020.4,1005.9
2020-03-07T15:00,8.0,0.00,58,0.2,3.9,0.00,0.00,0.00,3,87,0,36,84,13.7,275,275,19.2,31.7,1,3600.00,1020.5,1006.0
2020-03-07T16:00,7.6,0.00,65,1.5,4.0,0.00,0.00,0.00,2,53,0,35,43,12.1,283,282,17.4,31.3,1,2429.88,1021.1,1006.6
2020-03-07T17:00,7.4,0.10,69,2.1,4.2,0.10,0.00,0.00,51,36,0,32,14,9.3,283,283,14.4,27.4,1,3600.00,1021.5,1006.9
2020-03-07T18:00,5.4,0.00,81,2.5,3.0,0.00,0.00,0.00,1,44,0,17,42,4.7,255,238,10.8,20.2,1,2833.92,1021.5,1006.8
2020-03-07T19:00,4.7,0.00,82,1.9,2.0,0.00,0.00,0.00,1,47,0,16,46,5.9,248,227,15.5,12.6,0,0.00,1022.2,1007.5
2020-03-07T20:00,4.3,0.00,82,1.5,1.5,0.00,0.00,0.00,1,41,0,2,41,6.6,246,225,17.4,14.4,0,0.00,1022.9,1008.2
2020-03-07T21:00,3.9,0.00,81,0.9,0.7,0.00,0.00,0.00,1,48,5,2,45,8.7,240,225,21.3,18.4,0,0.00,1023.0,1008.2
2020-03-07T22:00,3.4,0.00,80,0.2,0.3,0.00,0.00,0.00,2,53,22,10,46,6.9,245,227,19.5,18.7,0,0.00,1023.5,1008.7
2020-03-07T23:00,3.0,0.00,80,-0.0,-0.0,0.00,0.00,0.00,3,85,0,84,13,6.2,232,201,16.4,15.1,0,0.00,1023.6,1008.8
2020-03-08T00:00,2.9,0.00,82,0.0,-0.3,0.00,0.00,0.00,3,92,0,90,36,6.9,214,189,17.4,15.5,0,0.00,1023.5,1008.7
2020-03-08T01:00,5.1,0.00,72,0.5,1.4,0.00,0.00,0.00,3,88,16,91,48,11.1,218,209,23.3,15.8,0,0.00,1022.9,1008.2
2020-03-08T02:00,4.7,0.00,75,0.6,1.2,0.00,0.00,0.00,3,95,46,90,45,9.6,214,200,21.3,24.5,0,0.00,1022.7,1008.0
2020-03-08T03:00,4.4,0.00,76,0.6,1.0,0.00,0.00,0.00,3,91,71,73,59,9.3,210,193,20.8,21.2,0,0.00,1022.2,1007.5
2020-03-08T04:00,4.5,0.00,74,0.3,0.9,0.00,0.00,0.00,3,96,36,84,93,10.1,210,197,21.6,22.0,0,0.00,1021.7,1007.0
2020-03-08T05:00,4.7,0.00,70,-0.4,0.9,0.00,0.00,0.00,3,99,84,86,94,10.6,209,198,22.2,23.8,0,0.00,1021.5,1006.8
2020-03-08T06:00,5.0,0.00,65,-1.0,1.1,0.00,0.00,0.00,3,100,86,89,97,10.9,206,197,22.1,24.5,0,0.00,1020.8,1006.1
2020-03-08T07:00,5.2,0.00,63,-1.2,1.2,0.00,0.00,0.00,3,92,76,70,81,11.0,202,191,21.8,24.5,1,0.00,1020.5,1005.8
2020-03-08T08:00,5.5,0.00,64,-0.7,1.7,0.00,0.00,0.00,2,52,28,21,34,10.7,201,192,21.2,24.1,1,100.12,1020.5,1005.9
2020-03-08T09:00,6.7,0.00,61,-0.3,2.8,0.00,0.00,0.00,3,91,76,38,61,12.0,205,201,18.7,27.0,1,3600.00,1020.4,1005.8
2020-03-08T10:00,7.4,0.00,59,-0.2,3.2,0.00,0.00,0.00,3,100,97,91,97,13.8,215,213,21.5,31.7,1,3590.00,1020.2,1005.7
2020-03-08T11:00,7.6,0.00,60,0.3,3.5,0.00,0.00,0.00,3,99,98,71,4,13.5,209,205,21.7,32.4,1,0.00,1019.9,1005.4
2020-03-08T12:00,9.6,0.00,57,1.5,5.2,0.00,0.00,0.00,3,98,96,33,24,17.1,207,205,25.1,38.9,1,3600.00,1018.9,1004.5
2020-03-08T13:00,9.8,0.00,59,2.2,5.6,0.00,0.00,0.00,3,95,94,16,34,16.9,194,192,24.9,41.8,1,3600.00,1018.6,1004.2
2020-03-08T14:00,11.1,0.00,58,3.2,6.7,0.00,0.00,0.00,3,99,98,45,53,19.4,211,211,28.1,41.0,1,3600.00,1017.3,1003.0
2020-03-08T15:00,11.4,0.00,59,3.6,7.1,0.00,0.00,0.00,3,99,97,1,71,19.1,215,216,28.7,45.7,1,383.57,1016.2,1001.9
2020-03-08T16:00,11.3,0.00,60,3.8,7.1,0.00,0.00,0.00,3,100,63,51,100,18.7,219,218,30.0,45.7,1,1425.59,1015.4,1001.1
2020-03-08T17:00,10.7,0.00,63,3.9,7.1,0.00,0.00,0.00,3,99,73,96,9,14.2,209,207,24.3,40.7,1,0.00,1014.9,1000.6
2020-03-08T18:00,9.6,0.00,67,3.8,6.7,0.00,0.00,0.00,3,88,79,65,10,9.7,219,219,21.0,31.0,1,0.00,1014.7,1000.4
2020-03-08T19:00,8.2,0.60,75,4.0,5.6,0.60,0.00,0.00,53,87,50,80,6,7.7,215,208,19.9,22.3,0,0.00,1014.6,1000.2
2020-03-08T20:00,7.9,0.40,80,4.6,5.3,0.40,0.00,0.00,51,65,16,61,11,8.7,211,197,20.5,19.4,0,0.00,1014.6,1000.2
2020-03-08T21:00,7.7,0.10,82,4.9,4.9,0.10,0.00,0.00,51,100,42,100,25,10.5,195,174,22.4,23.0,0,0.00,1013.8,999.4
2020-03-08T22:00,7.3,0.20,88,5.4,4.8,0.20,0.00,0.00,51,100,62,100,58,9.4,198,180,21.2,23.4,0,0.00,1013.6,999.2
2020-03-08T23:00,7.1,0.60,89,5.4,4.5,0.60,0.00,0.00,53,100,48,100,100,10.1,192,176,21.7,22.7,0,0.00,1013.3,998.8
2020-03-09T00:00,7.2,0.40,90,5.6,4.6,0.40,0.00,0.00,51,100,24,100,97,10.2,211,198,21.8,23.4,0,0.00,1012.9,998.5
2020-03-09T01:00,7.5,0.10,91,6.1,4.8,0.10,0.00,0.00,51,100,5,90,94,11.8,216,207,23.7,25.2,0,0.00,1012.4,998.0
2020-03-09T02:00,7.5,0.20,92,6.3,4.8,0.20,0.00,0.00,51,100,33,96,100,12.1,221,217,24.0,27.0,0,0.00,1012.1,997.7
2020-03-09T03:00,7.3,0.40,93,6.3,4.5,0.40,0.00,0.00,51,100,70,98,99,12.7,228,223,24.2,28.1,0,0.00,1011.8,997.4
2020-03-09T04:00,7.1,1.00,95,6.3,4.4,1.00,0.00,0.00,55,97,2,97,91,12.5,240,237,23.7,28.4,0,0.00,1011.5,997.1
2020-03-09T05:00,6.9,0.50,95,6.2,4.5,0.50,0.00,0.00,53,87,5,87,10,9.5,244,233,19.6,26.6,0,0.00,1012.0,997.6
2020-03-09T06:00,6.4,0.00,95,5.6,3.9,0.00,0.00,0.00,3,100,51,100,33,9.1,246,236,20.1,20.5,0,0.00,1012.4,997.9
2020-03-09T07:00,6.2,0.10,95,5.4,3.7,0.10,0.00,0.00,51,97,80,93,30,9.7,251,243,20.2,20.9,1,0.00,1012.9,998.4
2020-03-09T08:00,6.5,0.00,93,5.5,3.8,0.00,0.00,0.00,2,67,43,54,29,11.0,254,247,20.2,23.4,1,0.00,1013.6,999.1
2020-03-09T09:00,7.3,0.00,90,5.7,4.8,0.00,0.00,0.00,3,94,86,89,45,9.7,239,231,15.2,23.8,1,3600.00,1014.3,999.8
2020-03-09T10:00,7.8,0.00,87,5.9,5.2,0.00,0.00,0.00,1,44,8,15,39,10.8,250,249,15.7,27.0,1,3600.00,1014.8,1000.4
2020-03-09T11:00,9.2,0.10,79,5.7,6.5,0.10,0.00,0.00,51,43,1,6,41,11.3,263,263,15.6,33.1,1,3600.00,1014.8,1000.4
2020-03-09T12:00,10.0,0.10,70,4.9,6.9,0.10,0.00,0.00,51,93,3,15,93,12.7,264,263,17.4,39.2,1,3600.00,1014.5,1000.2
2020-03-09T13:00,8.2,0.10,77,4.4,4.3,0.10,0.00,0.00,51,88,16,55,15,17.1,251,252,24.8,39.6,1,3600.00,1015.9,1001.5
2020-03-09T14:00,9.9,0.10,67,4.2,6.5,0.10,0.00,0.00,51,52,10,47,27,14.2,264,261,19.9,39.6,1,3600.00,1015.6,1001.3
2020-03-09T15:00,9.7,0.10,62,2.8,5.6,0.10,0.00,0.00,51,47,7,45,27,17.2,260,260,24.9,38.2,1,3600.00,1015.7,1001.3
2020-03-09T16:00,9.7,0.00,61,2.5,5.5,0.00,0.00,0.00,1,35,1,33,15,16.8,262,261,24.7,38.5,1,3600.00,1016.2,1001.8
2020-03-09T17:00,9.1,0.00,62,2.3,5.6,0.00,0.00,0.00,1,27,1,23,16,12.1,258,258,19.8,36.7,1,3600.00,1016.7,1002.3
2020-03-09T18:00,7.5,0.00,71,2.5,4.8,0.00,0.00,0.00,0,19,0,17,11,7.2,240,233,17.4,26.6,1,3031.11,1017.1,1002.6
2020-03-09T19:00,6.1,0.00,78,2.6,2.8,0.00,0.00,0.00,0,7,0,5,6,10.9,233,224,23.9,22.3,0,0.00,1017.8,1003.2
2020-03-09T20:00,5.2,0.00,84,2.8,1.9,0.00,0.00,0.00,0,4,0,3,3,10.7,232,222,24.3,23.8,0,0.00,1018.5,1003.9
2020-03-09T21:00,4.5,0.00,90,3.0,1.3,0.00,0.00,0.00,0,2,0,1,2,10.7,223,213,24.2,23.0,0,0.00,1018.7,1004.0
2020-03-09T22:00,4.2,0.00,92,3.0,0.9,0.00,0.00,0.00,0,1,0,1,1,11.2,228,220,25.2,24.5,0,0.00,1018.8,1004.1
2020-03-09T23:00,4.0,0.00,93,2.9,0.8,0.00,0.00,0.00,2,63,59,4,8,10.7,229,222,24.2,24.5,0,0.00,1019.3,1004.6
2020-03-10T00:00,3.9,0.00,93,2.9,0.5,0.00,0.00,0.00,3,94,93,5,11,12.0,222,213,25.7,25.9,0,0.00,1018.5,1003.8
2020-03-10T01:00,5.1,0.00,89,3.5,1.4,0.00,0.00,0.00,3,91,33,73,2,14.8,213,206,27.9,27.4,0,0.00,1018.2,1003.6
2020-03-10T02:00,4.8,0.00,90,3.2,1.1,0.00,0.00,0.00,3,100,100,67,5,14.0,213,206,27.9,32.0,0,0.00,1018.0,1003.4
2020-03-10T03:00,5.4,0.00,86,3.2,1.5,0.00,0.00,0.00,3,100,100,90,46,15.5,214,211,28.8,34.6,0,0.00,1016.7,1002.1
2020-03-10T04:00,5.8,0.10,83,3.2,1.7,0.10,0.00,0.00,51,100,100,100,26,17.7,221,218,30.9,38.5,0,0.00,1016.4,1001.8
2020-03-10T05:00,5.8,0.50,86,3.6,1.5,0.50,0.00,0.00,53,100,100,100,54,18.8,217,212,32.4,40.0,0,0.00,1016.3,1001.7
2020-03-10T06:00,5.7,0.70,90,4.2,1.2,0.70,0.00,0.00,53,100,100,100,19,20.9,212,209,35.8,46.1,0,0.00,1014.6,1000.1
2020-03-10T07:00,5.8,0.90,89,4.1,1.2,0.90,0.00,0.00,53,100,100,100,91,21.4,211,207,36.8,46.4,1,0.00,1013.9,999.4
2020-03-10T08:00,5.7,1.80,90,4.1,0.8,1.80,0.00,0.00,61,100,100,100,100,23.9,219,217,40.5,51.5,1,0.00,1013.8,999.3
2020-03-10T09:00,5.5,1.90,92,4.2,0.9,1.90,0.00,0.00,61,100,97,100,100,22.0,221,218,37.3,52.9,1,0.00,1013.7,999.2
2020-03-10T10:00,5.9,0.90,91,4.6,1.6,0.90,0.00,0.00,53,100,70,100,100,20.5,222,218,35.2,48.2,1,0.00,1013.1,998.6
2020-03-10T11:00,6.3,1.30,91,5.0,2.0,1.30,0.00,0.00,61,100,52,100,100,21.4,227,224,36.7,47.2,1,0.00,1013.0,998.5
2020-03-10T12:00,6.7,1.20,92,5.5,2.3,1.20,0.00,0.00,55,100,66,100,100,22.2,226,223,37.4,49.3,1,0.00,1012.6,998.1
2020-03-10T13:00,7.0,0.90,90,5.5,2.8,0.90,0.00,0.00,53,100,98,100,100,21.1,229,227,36.0,48.6,1,0.00,1012.6,998.2
2020-03-10T14:00,7.5,2.00,92,6.3,3.3,2.00,0.00,0.00,61,100,97,100,100,22.2,230,228,37.8,48.2,1,0.00,1012.1,997.7
2020-03-10T15:00,7.9,3.20,92,6.7,3.5,3.20,0.00,0.00,63,100,99,100,100,24.0,230,229,40.4,52.2,1,0.00,1011.9,997.5
2020-03-10T16:00,8.3,1.70,92,7.1,4.1,1.70,0.00,0.00,61,100,98,100,100,24.0,230,227,40.9,52.6,1,0.00,1011.7,997.3
2020-03-10T17:00,8.7,0.30,91,7.3,4.3,0.30,0.00,0.00,51,100,92,100,100,25.1,233,231,42.6,54.4,1,0.00,1011.7,997.4
2020-03-10T18:00,9.0,0.00,90,7.5,4.4,0.00,0.00,0.00,3,100,78,100,100,27.0,234,233,45.7,58.7,1,0.00,1011.8,997.5
2020-03-10T19:00,9.3,0.00,90,7.7,4.8,0.00,0.00,0.00,3,100,73,88,98,27.1,235,234,45.5,59.4,0,0.00,1012.2,997.9
2020-03-10T20:00,9.6,0.00,90,8.0,5.0,0.00,0.00,0.00,3,100,75,63,100,27.4,234,232,46.1,59.4,0,0.00,1012.5,998.2
2020-03-10T21:00,9.8,0.00,89,8.2,5.3,0.00,0.00,0.00,3,100,60,90,100,27.4,232,231,45.7,60.1,0,0.00,1012.7,998.4
2020-03-10T22:00,10.1,0.10,90,8.5,5.8,0.10,0.00,0.00,51,100,46,76,100,27.1,232,230,45.4,59.4,0,0.00,1013.3,999.0
2020-03-10T23:00,10.4,0.10,91,8.9,6.3,0.10,0.00,0.00,51,100,18,97,100,26.0,231,229,44.3,58.7,0,0.00,1013.7,999.4
2020-03-11T00:00,10.7,0.10,91,9.3,6.9,0.10,0.00,0.00,51,100,0,100,100,24.8,231,229,41.5,56.9,0,0.00,1013.8,999.5
2020-03-11T01:00,11.5,0.10,92,10.3,7.7,0.10,0.00,0.00,51,100,74,100,100,26.6,232,230,44.6,53.6,0,0.00,1013.2,999.0
2020-03-11T02:00,11.5,0.00,92,10.3,7.8,0.00,0.00,0.00,3,100,83,100,100,26.1,233,231,43.4,58.7,0,0.00,1013.9,999.7
2020-03-11T03:00,11.7,0.10,91,10.3,8.0,0.10,0.00,0.00,51,98,41,72,94,26.0,229,226,43.4,56.5,0,0.00,1013.8,999.6
2020-03-11T04:00,11.6,0.00,91,10.2,8.0,0.00,0.00,0.00,3,100,48,100,100,25.0,232,230,41.8,56.5,0,0.00,1013.9,999.7
2020-03-11T05:00,11.8,0.10,91,10.4,8.3,0.10,0.00,0.00,51,100,31,95,100,24.8,233,230,41.6,54.4,0,0.00,1014.6,1000.4
2020-03-11T06:00,11.7,0.10,91,10.3,8.2,0.10,0.00,0.00,51,100,16,100,100,24.5,232,229,41.3,54.0,0,0.00,1014.8,1000.6
2020-03-11T07:00,11.5,0.00,91,10.2,7.9,0.00,0.00,0.00,3,100,0,88,100,25.3,231,229,41.9,55.1,1,0.00,1014.8,1000.5
2020-03-11T08:00,11.7,0.00,90,10.0,7.9,0.00,0.00,0.00,3,100,0,88,100,25.9,232,231,43.1,56.5,1,0.00,1015.4,1001.1
2020-03-11T09:00,11.8,0.10,89,10.1,8.0,0.10,0.00,0.00,51,100,0,100,100,26.1,235,235,42.1,56.5,1,0.00,1016.1,1001.8
2020-03-11T10:00,12.2,0.10,85,9.8,8.6,0.10,0.00,0.00,51,99,11,98,59,24.2,236,233,40.1,56.5,1,0.00,1016.8,1002.6
2020-03-11T11:00,13.1,0.00,81,9.9,9.5,0.00,0.00,0.00,3,98,0,98,82,24.6,233,232,38.3,53.3,1,1152.49,1016.9,1002.7
2020-03-11T12:00,13.5,0.30,79,9.9,9.9,0.30,0.00,0.00,51,100,0,100,100,24.0,245,246,37.4,52.6,1,0.00,1017.1,1002.9
2020-03-11T13:00,12.9,0.10,86,10.5,10.0,0.10,0.00,0.00,51,100,0,100,4,20.4,232,229,35.1,51.5,1,0.00,1016.8,1002.6
2020-03-11T14:00,13.6,0.00,80,10.3,10.7,0.00,0.00,0.00,3,98,0,98,93,20.9,232,229,34.9,45.7,1,0.00,1016.9,1002.7
2020-03-11T15:00,13.9,0.00,79,10.4,11.1,0.00,0.00,0.00,3,88,35,80,40,20.1,235,234,33.4,46.1,1,0.00,1016.5,1002.3
2020-03-11T16:00,15.0,0.10,73,10.1,11.7,0.10,0.00,0.00,51,87,0,81,53,22.5,238,238,35.8,49.3,1,3600.00,1016.4,1002.3
2020-03-11T17:00,14.8,0.00,71,9.5,11.6,0.00,0.00,0.00,3,100,0,89,100,20.7,240,239,34.8,48.6,1,1073.87,1016.6,1002.5
2020-03-11T18:00,14.3,0.00,72,9.3,11.2,0.00,0.00,0.00,3,100,1,99,100,19.5,237,236,33.9,45.4,1,0.00,1016.8,1002.7
2020-03-11T19:00,14.1,0.00,72,9.2,11.0,0.00,0.00,0.00,3,99,2,99,36,19.5,234,232,33.3,43.6,0,0.00,1017.0,1002.8
2020-03-11T20:00,13.4,0.00,75,9.2,10.3,0.00,0.00,0.00,2,75,8,72,6,19.9,231,229,34.3,43.2,0,0.00,1017.1,1002.9
2020-03-11T21:00,12.6,0.00,80,9.2,9.6,0.00,0.00,0.00,2,59,32,37,13,19.4,231,228,34.0,43.2,0,0.00,1017.0,1002.8
2020-03-11T22:00,12.0,0.00,82,9.1,9.0,0.00,0.00,0.00,0,15,0,9,12,18.8,227,223,33.6,42.5,0,0.00,1016.6,1002.3
2020-03-11T23:00,11.2,0.00,87,9.0,8.3,0.00,0.00,0.00,1,23,13,13,8,18.1,225,221,33.1,41.0,0,0.00,1016.6,1002.3
2020-03-12T00:00,10.8,0.00,89,9.0,7.7,0.00,0.00,0.00,1,27,1,2,26,19.1,227,223,34.6,41.4,0,0.00,1016.1,1001.8
2020-03-12T01:00,12.0,0.00,80,8.7,9.0,0.00,0.00,0.00,1,45,69,13,2,17.9,224,220,32.8,42.1,0,0.00,1015.2,1001.0
2020-03-12T02:00,11.3,0.00,84,8.7,9.1,0.00,0.00,0.00,3,100,26,100,100,12.7,216,209,26.3,39.2,0,0.00,1014.5,1000.2
2020-03-12T03:00,12.1,0.50,82,9.1,9.3,0.50,0.00,0.00,53,100,13,100,100,17.4,218,214,31.3,36.7,0,0.00,1013.3,999.1
2020-03-12T04:00,12.7,0.20,81,9.6,9.0,0.20,0.00,0.00,51,55,30,7,35,24.9,236,233,41.4,53.3,0,0.00,1013.3,999.1
2020-03-12T05:00,11.6,0.00,84,9.0,8.6,0.00,0.00,0.00,3,88,44,49,78,18.3,252,250,33.0,53.6,0,0.00,1013.6,999.4
2020-03-12T06:00,11.7,0.00,79,8.1,8.1,0.00,0.00,0.00,1,43,38,2,24,21.1,247,247,36.6,46.4,0,0.00,1013.5,999.3
2020-03-12T07:00,11.2,0.00,79,7.7,7.8,0.00,0.00,0.00,2,72,8,65,29,19.1,236,234,34.5,46.4,1,0.00,1013.5,999.3
2020-03-12T08:00,12.1,0.00,74,7.6,8.4,0.00,0.00,0.00,3,100,31,97,99,20.5,234,232,35.3,45.4,1,1657.82,1013.3,999.1
2020-03-12T09:00,12.8,0.00,75,8.4,9.3,0.00,0.00,0.00,3,99,11,98,83,21.1,238,237,34.8,46.8,1,0.00,1013.4,999.2
2020-03-12T10:00,13.0,0.10,76,8.9,9.6,0.10,0.00,0.00,51,88,1,69,81,20.9,241,241,34.5,64.4,1,0.00,1013.7,999.5
2020-03-12T11:00,12.8,0.50,79,9.2,8.2,0.50,0.00,0.00,53,59,1,57,25,29.6,250,249,45.7,65.2,1,535.52,1013.7,999.5
2020-03-12T12:00,13.2,0.60,76,9.0,9.2,0.60,0.00,0.00,53,84,29,65,70,26.0,259,260,39.2,71.3,1,3600.00,1013.8,999.6
2020-03-12T13:00,12.5,0.20,76,8.5,9.4,0.20,0.00,0.00,51,100,0,92,100,18.8,266,266,29.6,65.2,1,3600.00,1014.6,1000.4
2020-03-12T14:00,12.3,0.10,72,7.4,9.0,0.10,0.00,0.00,51,100,0,97,100,18.1,275,276,27.5,42.1,1,0.00,1014.5,1000.3
2020-03-12T15:00,11.8,0.00,69,6.3,8.3,0.00,0.00,0.00,3,100,0,100,100,17.4,276,276,26.4,41.4,1,0.00,1014.5,1000.3
2020-03-12T16:00,11.3,0.00,72,6.4,8.3,0.00,0.00,0.00,3,100,0,99,100,14.4,269,269,23.4,38.5,1,0.00,1014.5,1000.2
2020-03-12T17:00,11.0,0.00,71,6.0,7.9,0.00,0.00,0.00,3,100,0,100,100,14.1,267,264,23.1,34.2,1,0.00,1014.4,1000.1
2020-03-12T18:00,10.6,0.00,68,5.0,7.4,0.00,0.00,0.00,3,99,0,99,95,13.4,266,264,23.1,31.3,1,0.00,1014.7,1000.4
2020-03-12T19:00,10.0,0.00,66,4.0,6.6,0.00,0.00,0.00,3,99,0,99,92,13.4,259,256,23.1,29.9,0,0.00,1015.0,1000.7
2020-03-12T20:00,9.5,0.00,68,3.8,6.0,0.00,0.00,0.00,3,100,0,100,88,13.7,255,252,23.5,31.0,0,0.00,1015.8,1001.4
2020-03-12T21:00,8.8,0.10,71,3.8,5.4,0.10,0.00,0.00,51,100,0,100,2,13.2,248,244,22.9,30.2,0,0.00,1016.0,1001.6
2020-03-12T22:00,8.3,0.10,73,3.8,5.1,0.10,0.00,0.00,51,68,0,68,2,12.2,241,236,22.2,29.5,0,0.00,1016.3,1001.9
2020-03-12T23:00,7.8,0.00,76,3.8,4.4,0.00,0.00,0.00,2,54,0,52,9,13.6,234,230,25.8,29.5,0,0.00,1016.6,1002.1
2020-03-13T00:00,7.4,0.00,79,4.0,3.9,0.00,0.00,0.00,2,50,0,49,4,14.1,241,238,26.3,30.6,0,0.00,1016.7,1002.2
2020-03-13T01:00,7.5,0.00,82,4.5,3.7,0.00,0.00,0.00,3,98,0,97,0,16.8,243,239,29.9,32.0,0,0.00,1016.8,1002.3
2020-03-13T02:00,7.5,0.00,79,4.1,3.6,0.00,0.00,0.00,2,73,0,71,12,17.2,252,250,29.6,38.5,0,0.00,1017.3,1002.8
2020-03-13T03:00,7.0,0.10,77,3.3,3.1,0.10,0.00,0.00,51,96,0,95,19,16.2,259,257,28.9,37.8,0,0.00,1017.5,1003.0
2020-03-13T04:00,6.8,0.00,76,2.9,2.9,0.00,0.00,0.00,1,28,0,27,4,15.6,255,251,27.2,35.6,0,0.00,1017.8,1003.3
2020-03-13T05:00,5.9,0.00,79,2.5,1.9,0.00,0.00,0.00,1,21,0,11,15,15.3,250,246,28.0,34.6,0,0.00,1018.3,1003.7
2020-03-13T06:00,5.3,0.00,80,2.1,1.4,0.00,0.00,0.00,1,27,0,0,27,14.9,253,250,27.4,33.5,0,0.00,1018.6,1004.0
2020-03-13T07:00,5.0,0.00,79,1.6,1.1,0.00,0.00,0.00,0,15,0,0,15,13.9,251,245,26.0,33.1,1,0.00,1019.3,1004.7
2020-03-13T08:00,5.7,0.00,76,1.8,2.0,0.00,0.00,0.00,1,31,0,0,31,12.5,240,231,24.2,32.0,1,2809.17,1019.6,1005.0
2020-03-13T09:00,6.7,0.00,70,1.7,2.0,0.00,0.00,0.00,1,34,0,0,34,19.5,242,242,28.7,40.3,1,3600.00,1020.2,1005.6
2020-03-13T10:00,7.8,0.00,61,0.8,2.3,0.00,0.00,0.00,3,82,0,0,82,23.9,258,258,34.9,51.8,1,3600.00,1020.7,1006.2
2020-03-13T11:00,8.7,0.00,54,-0.2,3.0,0.00,0.00,0.00,2,78,0,3,78,24.6,260,259,35.9,53.3,1,3600.00,1020.7,1006.2
2020-03-13T12:00,9.5,0.00,48,-1.0,3.5,0.00,0.00,0.00,3,100,0,76,100,25.6,260,260,37.3,56.5,1,3600.00,1020.7,1006.3
2020-03-13T13:00,9.6,0.00,53,0.6,4.2,0.00,0.00,0.00,3,100,0,34,13,23.1,254,255,33.3,55.8,1,2747.79,1021.9,1007.5
2020-03-13T14:00,9.6,0.30,52,0.3,4.0,0.30,0.00,0.00,51,49,0,46,16,24.4,257,256,35.9,54.0,1,3600.00,1021.5,1007.1
2020-03-13T15:00,9.8,0.60,53,0.8,4.3,0.60,0.00,0.00,53,43,0,43,25,23.9,264,264,36.2,52.9,1,3600.00,1021.5,1007.1
2020-03-13T16:00,9.6,0.10,55,1.0,4.8,0.10,0.00,0.00,51,68,0,65,58,19.0,261,260,29.5,51.1,1,3600.00,1021.6,1007.2
2020-03-13T17:00,9.4,0.00,54,0.7,5.4,0.00,0.00,0.00,2,73,0,53,71,13.3,274,273,22.4,40.7,1,3600.00,1021.2,1006.8
2020-03-13T18:00,8.8,0.00,55,0.2,5.1,0.00,0.00,0.00,2,63,0,21,62,10.8,268,266,21.3,29.5,1,2821.46,1021.2,1006.7
2020-03-13T19:00,7.4,0.00,60,0.3,4.3,0.00,0.00,0.00,1,47,0,24,45,7.3,260,259,18.6,24.1,0,0.00,1021.6,1007.0
2020-03-13T20:00,5.7,0.00,72,1.0,2.9,0.00,0.00,0.00,1,39,0,11,38,5.4,269,266,15.1,16.9,0,0.00,1022.0,1007.3
2020-03-13T21:00,4.6,0.00,79,1.2,1.7,0.00,0.00,0.00,2,52,0,23,50,6.0,262,237,12.4,13.3,0,0.00,1022.3,1007.6
2020-03-13T22:00,4.3,0.00,81,1.3,1.6,0.00,0.00,0.00,2,55,0,50,36,5.4,245,200,10.3,12.6,0,0.00,1022.7,1008.0
2020-03-13T23:00,4.0,0.00,81,1.1,1.3,0.00,0.00,0.00,2,71,0,46,66,5.1,234,184,9.8,10.8,0,0.00,1022.7,1008.0
2020-03-14T00:00,4.3,0.00,81,1.3,1.8,0.00,0.00,0.00,2,60,0,47,56,4.3,227,180,9.4,9.4,0,0.00,1022.7,1008.0
2020-03-14T01:00,6.7,0.00,70,1.6,4.4,0.00,0.00,0.00,2,51,30,30,24,3.3,325,13,5.7,9.0,0,0.00,1022.4,1007.8
2020-03-14T02:00,6.1,0.00,72,1.5,4.0,0.00,0.00,0.00,0,15,7,9,0,1.0,331,135,4.5,6.8,0,0.00,1022.2,1007.6
2020-03-14T03:00,2.7,0.00,85,0.4,-0.1,0.00,0.00,0.00,3,90,89,18,0,5.0,203,150,2.7,6.1,0,0.00,1022.2,1007.4
2020-03-14T04:00,1.6,0.00,90,0.1,-1.2,0.00,0.00,0.00,3,98,97,36,2,4.6,177,129,6.1,9.0,0,0.00,1022.0,1007.1
2020-03-14T05:00,1.7,0.00,92,0.5,-0.8,0.00,0.00,0.00,3,98,97,55,2,3.4,157,108,4.7,8.3,0,0.00,1022.1,1007.2
2020-03-14T06:00,1.9,0.00,91,0.6,-0.9,0.00,0.00,0.00,3,99,99,96,13,5.1,122,98,6.8,10.1,0,0.00,1022.0,1007.2
2020-03-14T07:00,2.4,0.00,90,0.9,-0.6,0.00,0.00,0.00,3,99,98,72,11,7.2,124,108,11.7,13.0,1,0.00,1021.9,1007.1
2020-03-14T08:00,3.8,0.00,85,1.5,0.8,0.00,0.00,0.00,3,100,99,99,6,7.5,115,107,14.7,15.5,1,0.00,1021.9,1007.2
2020-03-14T09:00,5.0,0.10,80,1.9,2.4,0.10,0.00,0.00,51,100,100,100,1,5.2,114,115,10.6,15.1,1,0.00,1022.2,1007.5
2020-03-14T10:00,6.0,0.20,77,2.3,3.8,0.20,0.00,0.00,51,100,95,98,17,3.4,135,148,5.1,12.6,1,0.00,1022.5,1007.9
2020-03-14T11:00,7.0,0.20,75,2.8,5.1,0.20,0.00,0.00,51,82,46,69,21,1.3,180,214,1.8,12.2,1,713.35,1022.8,1008.2
2020-03-14T12:00,7.8,0.00,72,3.2,6.0,0.00,0.00,0.00,3,99,63,98,13,1.8,225,233,2.0,11.2,1,3600.00,1022.4,1007.9
2020-03-14T13:00,9.5,0.10,58,1.6,7.0,0.10,0.00,0.00,51,99,87,86,1,3.8,214,221,5.2,19.8,1,769.38,1022.6,1008.1
2020-03-14T14:00,9.8,0.10,55,1.2,6.8,0.10,0.00,0.00,51,82,42,74,30,7.7,225,229,9.7,18.0,1,0.00,1022.3,1007.9
2020-03-14T15:00,9.4,0.00,61,2.2,6.4,0.00,0.00,0.00,3,92,34,88,19,8.3,251,252,11.0,22.3,1,1319.02,1022.3,1007.8
2020-03-14T16:00,9.6,0.00,61,2.3,7.4,0.00,0.00,0.00,3,96,0,96,2,2.7,241,247,3.7,20.2,1,2443.14,1022.2,1007.7
2020-03-14T17:00,9.4,0.00,62,2.5,7.2,0.00,0.00,0.00,2,74,0,74,4,3.3,171,174,4.7,10.1,1,2118.83,1022.1,1007.6
2020-03-14T18:00,6.9,0.00,80,3.6,4.5,0.00,0.00,0.00,0,5,0,4,3,5.8,168,158,7.0,8.6,1,3513.63,1022.2,1007.6
2020-03-14T19:00,5.0,0.00,78,1.5,2.3,0.00,0.00,0.00,0,7,0,6,5,5.8,155,120,9.5,11.2,0,0.00,1022.7,1008.0
2020-03-14T20:00,4.9,0.00,76,1.0,2.1,0.00,0.00,0.00,0,18,0,16,12,5.5,166,122,12.2,11.2,0,0.00,1023.1,1008.4
2020-03-14T21:00,4.6,0.00,76,0.8,1.7,0.00,0.00,0.00,1,24,0,23,15,6.2,169,126,13.2,12.6,0,0.00,1023.2,1008.5
2020-03-14T22:00,4.0,0.00,79,0.6,0.8,0.00,0.00,0.00,1,30,0,29,21,7.8,147,112,15.1,15.1,0,0.00,1023.3,1008.5
2020-03-14T23:00,3.8,0.00,79,0.5,0.3,0.00,0.00,0.00,1,21,0,19,16,9.4,136,108,19.1,19.1,0,0.00,1023.2,1008.4
2020-03-15T00:00,3.6,0.00,79,0.3,-0.2,0.00,0.00,0.00,1,20,0,9,20,11.7,128,108,24.1,23.8,0,0.00,1023.0,1008.2
2020-03-15T01:00,4.5,0.00,75,0.5,0.6,0.00,0.00,0.00,0,0,0,11,2,12.8,131,112,25.0,25.2,0,0.00,1022.7,1008.0
2020-03-15T02:00,3.7,0.00,79,0.3,-0.2,0.00,0.00,0.00,3,91,0,91,6,12.0,134,111,23.9,26.3,0,0.00,1022.7,1007.9
2020-03-15T03:00,4.4,0.00,74,0.2,0.4,0.00,0.00,0.00,3,100,8,100,14,13.1,130,111,24.3,26.3,0,0.00,1022.2,1007.5
2020-03-15T04:00,5.0,0.00,71,0.1,1.0,0.00,0.00,0.00,2,75,40,57,16,13.2,127,112,24.9,27.4,0,0.00,1021.6,1006.9
2020-03-15T05:00,4.6,0.00,72,0.0,0.5,0.00,0.00,0.00,0,8,1,7,4,13.8,126,110,26.6,28.1,0,0.00,1021.2,1006.5
2020-03-15T06:00,3.7,0.00,76,-0.1,-0.2,0.00,0.00,0.00,0,14,7,2,8,12.4,131,116,26.0,28.1,0,0.00,1020.9,1006.2
2020-03-15T07:00,3.5,0.00,77,-0.1,-0.5,0.00,0.00,0.00,1,42,34,2,11,12.6,134,117,25.7,25.9,1,0.00,1020.7,1006.0
2020-03-15T08:00,5.1,0.00,73,0.7,1.1,0.00,0.00,0.00,1,36,31,2,8,13.4,128,114,24.6,27.4,1,3061.94,1020.8,1006.1
2020-03-15T09:00,7.3,0.00,66,1.4,3.5,0.00,0.00,0.00,1,33,32,1,2,12.6,123,117,19.3,28.4,1,3600.00,1020.6,1006.1
2020-03-15T10:00,9.5,0.00,60,2.1,5.9,0.00,0.00,0.00,1,36,35,1,0,12.5,126,123,17.8,29.5,1,3600.00,1020.3,1005.9
2020-03-15T11:00,11.7,0.00,53,2.5,8.3,0.00,0.00,0.00,2,61,61,1,0,11.2,141,140,16.1,29.5,1,3600.00,1019.5,1005.2
2020-03-15T12:00,13.1,0.00,47,2.2,10.0,0.00,0.00,0.00,3,84,84,1,0,11.5,160,160,15.7,28.8,1,3600.00,1018.5,1004.3
2020-03-15T13:00,13.9,0.00,43,1.7,11.0,0.00,0.00,0.00,1,46,87,2,0,10.1,146,145,13.5,28.4,1,3600.00,1017.9,1003.7
2020-03-15T14:00,14.3,0.00,43,1.7,11.2,0.00,0.00,0.00,3,86,86,2,0,9.5,153,151,12.6,25.6,1,3600.00,1016.9,1002.8
2020-03-15T15:00,14.8,0.00,41,1.8,11.7,0.00,0.00,0.00,3,85,84,3,1,8.6,167,165,11.4,23.8,1,3600.00,1016.1,1002.0
2020-03-15T16:00,14.9,0.00,41,1.9,12.0,0.00,0.00,0.00,3,81,81,1,1,7.3,188,189,10.5,21.2,1,3600.00,1015.5,1001.4
2020-03-15T17:00,14.1,0.00,55,5.2,12.4,0.00,0.00,0.00,2,75,75,0,0,3.6,185,186,8.3,17.3,1,3600.00,1015.1,1001.0
2020-03-15T18:00,13.7,0.00,45,2.0,11.3,0.00,0.00,0.00,3,84,84,0,0,3.6,166,127,5.9,8.6,1,3600.00,1015.0,1000.9
2020-03-15T19:00,7.7,0.00,72,2.9,5.2,0.00,0.00,0.00,2,66,66,0,0,5.8,131,83,6.6,9.4,0,0.00,1015.1,1000.7
2020-03-15T20:00,7.6,0.00,69,2.3,5.0,0.00,0.00,0.00,3,90,90,0,0,6.1,128,93,10.5,12.2,0,0.00,1015.3,1000.8
2020-03-15T21:00,6.7,0.00,70,1.6,3.7,0.00,0.00,0.00,3,87,87,0,0,7.8,143,103,14.9,15.1,0,0.00,1015.3,1000.8
2020-03-15T22:00,6.6,0.00,69,1.3,3.2,0.00,0.00,0.00,2,79,79,0,0,9.8,142,107,17.4,18.0,0,0.00,1015.4,1000.9
2020-03-15T23:00,6.3,0.00,71,1.5,2.7,0.00,0.00,0.00,2,71,71,0,0,11.9,131,104,21.4,22.7,0,0.00,1015.5,1001.0
2020-03-16T00:00,5.9,0.00,74,1.7,2.3,0.00,0.00,0.00,3,92,92,0,0,11.9,133,104,21.1,23.4,0,0.00,1015.6,1001.1
2020-03-16T01:00,6.2,0.00,73,1.6,2.7,0.00,0.00,0.00,2,77,67,0,0,10.8,142,105,16.9,22.7,0,0.00,1015.2,1000.7
2020-03-16T02:00,5.2,0.00,77,1.5,1.8,0.00,0.00,0.00,2,51,51,0,0,9.9,146,109,16.6,19.8,0,0.00,1015.6,1001.0
2020-03-16T03:00,4.6,0.00,79,1.3,1.3,0.00,0.00,0.00,0,0,0,0,0,9.2,152,116,17.6,18.4,0,0.00,1016.0,1001.4
2020-03-16T04:00,4.0,0.00,82,1.2,0.8,0.00,0.00,0.00,0,8,0,8,0,8.7,164,120,17.2,17.6,0,0.00,1016.5,1001.8
2020-03-16T05:00,4.0,0.00,81,1.1,1.0,0.00,0.00,0.00,0,7,0,7,0,7.1,183,120,16.2,17.3,0,0.00,1017.0,1002.3
2020-03-16T06:00,4.2,0.00,81,1.2,1.4,0.00,0.00,0.00,0,0,0,0,0,6.1,190,130,17.2,15.8,0,0.00,1017.4,1002.7
2020-03-16T07:00,4.7,0.00,79,1.4,1.9,0.00,0.00,0.00,0,0,0,0,0,5.9,199,142,16.4,15.5,1,0.00,1018.5,1003.8
2020-03-16T08:00,7.5,0.00,73,3.0,4.8,0.00,0.00,0.00,0,19,19,0,0,7.2,200,153,14.9,16.6,1,3189.46,1019.5,1005.0
2020-03-16T09:00,10.0,0.00,66,3.9,7.6,0.00,0.00,0.00,1,27,27,0,0,6.9,206,186,13.2,19.1,1,3600.00,1020.2,1005.8
2020-03-16T10:00,12.2,0.00,58,4.1,9.4,0.00,0.00,0.00,1,44,44,0,0,9.4,217,212,13.9,24.1,1,3600.00,1020.7,1006.4
2020-03-16T11:00,13.7,0.00,53,4.3,10.6,0.00,0.00,0.00,1,27,27,1,0,11.6,213,210,16.4,29.2,1,3600.00,1020.7,1006.5
2020-03-16T12:00,14.8,0.00,52,5.1,12.1,0.00,0.00,0.00,0,9,8,2,0,12.1,213,210,16.7,30.6,1,3600.00,1020.8,1006.6
2020-03-16T13:00,16.6,0.00,45,4.7,13.9,0.00,0.00,0.00,1,37,69,0,0,12.5,214,213,16.9,30.2,1,3600.00,1020.5,1006.4
2020-03-16T14:00,16.7,0.00,47,5.5,14.2,0.00,0.00,0.00,2,75,75,0,0,11.5,227,226,15.8,30.6,1,3600.00,1020.4,1006.3
2020-03-16T15:00,17.0,0.00,49,6.2,14.5,0.00,0.00,0.00,2,75,75,0,0,10.2,231,231,14.3,28.1,1,3600.00,1020.6,1006.5
2020-03-16T16:00,16.9,0.00,50,6.5,14.8,0.00,0.00,0.00,2,54,54,0,0,8.7,225,222,12.7,24.8,1,3600.00,1020.9,1006.8
2020-03-16T17:00,16.3,0.00,58,8.1,15.1,0.00,0.00,0.00,3,90,88,22,0,5.2,212,205,11.5,20.5,1,3600.00,1021.3,1007.2
2020-03-16T18:00,13.3,0.00,68,7.6,11.7,0.00,0.00,0.00,3,96,95,24,0,6.5,209,180,13.5,12.6,1,2881.69,1021.4,1007.1
2020-03-16T19:00,11.6,0.00,72,6.7,9.5,0.00,0.00,0.00,3,98,98,40,2,8.5,230,208,12.8,13.7,0,0.00,1022.4,1008.0
2020-03-16T20:00,11.0,0.00,76,6.8,9.1,0.00,0.00,0.00,2,58,33,42,4,7.5,266,253,15.2,13.7,0,0.00,1023.2,1008.8
2020-03-16T21:00,12.7,0.00,66,6.4,11.0,0.00,0.00,0.00,1,33,20,19,12,5.2,278,245,9.8,14.4,0,0.00,1023.7,1009.4
2020-03-16T22:00,10.0,0.00,77,6.1,8.2,0.00,0.00,0.00,3,89,87,12,18,5.1,251,188,7.6,10.1,0,0.00,1024.6,1010.1
2020-03-16T23:00,8.8,0.00,84,6.3,7.0,0.00,0.00,0.00,3,95,93,23,5,5.9,211,166,11.8,11.2,0,0.00,1025.2,1010.7
2020-03-17T00:00,8.1,0.00,87,6.1,6.2,0.00,0.00,0.00,3,99,96,79,0,6.4,204,164,15.0,13.3,0,0.00,1025.6,1011.0
2020-03-17T01:00,9.9,0.00,81,6.8,8.3,0.00,0.00,0.00,3,99,90,99,0,5.4,230,172,8.4,14.8,0,0.00,1025.9,1011.4
2020-03-17T02:00,10.2,0.00,76,6.3,8.6,0.00,0.00,0.00,3,100,94,100,1,4.3,225,175,11.7,10.4,0,0.00,1026.3,1011.8
2020-03-17T03:00,10.3,0.00,76,6.2,8.5,0.00,0.00,0.00,3,99,67,97,5,5.4,230,200,15.1,12.6,0,0.00,1026.3,1011.8
2020-03-17T04:00,9.7,0.00,79,6.3,8.0,0.00,0.00,0.00,3,95,0,95,15,5.6,229,195,14.3,12.6,0,0.00,1026.8,1012.3
2020-03-17T05:00,9.8,0.00,80,6.5,8.0,0.00,0.00,0.00,3,99,0,99,9,6.2,219,187,14.8,13.3,0,0.00,1027.6,1013.1
2020-03-17T06:00,9.7,0.00,83,6.9,7.8,0.00,0.00,0.00,1,43,0,36,31,7.2,211,186,16.8,14.8,0,0.00,1027.8,1013.3
2020-03-17T07:00,8.9,0.00,89,7.2,7.2,0.00,0.00,0.00,3,90,0,89,45,6.1,230,220,15.6,15.1,1,0.00,1028.8,1014.2
2020-03-17T08:00,9.9,0.00,85,7.6,8.2,0.00,0.00,0.00,3,100,0,100,6,7.4,219,194,13.0,14.8,1,0.00,1029.3,1014.8
2020-03-17T09:00,10.2,0.00,85,7.7,8.6,0.00,0.00,0.00,3,98,0,98,1,6.8,221,212,13.3,15.5,1,0.00,1030.0,1015.5
2020-03-17T10:00,11.0,0.00,83,8.3,9.7,0.00,0.00,0.00,3,92,6,91,0,5.9,234,227,8.5,15.8,1,260.52,1030.5,1016.0
2020-03-17T11:00,11.6,0.00,83,8.7,10.3,0.00,0.00,0.00,3,97,6,96,69,6.2,220,216,8.4,16.2,1,412.85,1030.6,1016.1
2020-03-17T12:00,12.7,0.00,79,9.2,11.5,0.00,0.00,0.00,1,40,5,37,0,7.1,227,225,9.4,19.8,1,2479.89,1030.7,1016.3
2020-03-17T13:00,15.0,0.00,67,9.0,13.8,0.00,0.00,0.00,1,23,0,17,88,6.4,243,243,8.0,22.7,1,3600.00,1030.6,1016.3
2020-03-17T14:00,15.9,0.00,64,9.0,14.2,0.00,0.00,0.00,2,66,0,29,64,9.4,263,263,12.3,23.0,1,3600.00,1030.0,1015.8
2020-03-17T15:00,15.7,0.00,63,8.6,14.0,0.00,0.00,0.00,3,95,0,6,95,9.0,294,293,12.6,23.8,1,3187.26,1029.6,1015.3
2020-03-17T16:00,15.7,0.00,64,8.8,14.2,0.00,0.00,0.00,3,97,0,9,97,7.9,312,313,10.7,23.0,1,3600.00,1029.4,1015.2
2020-03-17T17:00,14.8,0.00,70,9.5,13.8,0.00,0.00,0.00,3,98,0,25,98,6.1,8,3,10.2,18.7,1,2981.43,1029.4,1015.1
2020-03-17T18:00,13.7,0.00,77,9.8,13.0,0.00,0.00,0.00,2,59,0,15,58,4.7,32,32,10.2,14.0,1,0.00,1029.6,1015.3
2020-03-17T19:00,11.3,0.00,85,8.8,10.3,0.00,0.00,0.00,1,49,30,9,27,4.7,351,58,4.7,10.1,0,0.00,1029.9,1015.4
2020-03-17T20:00,10.4,0.00,85,7.9,9.6,0.00,0.00,0.00,0,4,0,4,3,1.6,252,117,3.4,7.2,0,0.00,1030.1,1015.6
2020-03-17T21:00,8.6,0.00,89,6.9,7.0,0.00,0.00,0.00,1,31,30,1,1,5.5,205,122,6.0,7.9,0,0.00,1030.3,1015.7
2020-03-17T22:00,8.8,0.00,87,6.8,7.3,0.00,0.00,0.00,2,61,61,0,0,4.7,212,122,5.5,8.3,0,0.00,1030.7,1016.1
2020-03-17T23:00,7.8,0.00,91,6.4,6.1,0.00,0.00,0.00,1,39,38,0,2,5.4,203,132,4.7,7.6,0,0.00,1030.8,1016.1
2020-03-18T00:00,6.7,0.00,94,5.8,4.9,0.00,0.00,0.00,0,11,10,0,1,5.5,173,122,2.9,7.9,0,0.00,1030.7,1016.0
2020-03-18T01:00,7.2,0.00,93,6.1,5.5,0.00,0.00,0.00,2,79,5,0,0,4.9,153,107,4.8,8.3,0,0.00,1030.4,1015.7
2020-03-18T02:00,6.4,0.00,95,5.6,4.5,0.00,0.00,0.00,0,5,5,0,0,5.4,160,110,7.3,11.2,0,0.00,1030.2,1015.5
2020-03-18T03:00,6.1,0.00,95,5.4,4.2,0.00,0.00,0.00,1,24,23,0,0,5.7,164,108,9.0,10.8,0,0.00,1029.8,1015.1
2020-03-18T04:00,6.1,0.00,95,5.4,4.1,0.00,0.00,0.00,0,12,4,9,0,5.7,165,108,10.0,10.8,0,0.00,1029.6,1014.9
2020-03-18T05:00,5.8,0.00,95,5.1,3.8,0.00,0.00,0.00,0,7,1,6,4,5.3,171,118,12.0,11.5,0,0.00,1029.6,1014.8
2020-03-18T06:00,5.6,0.00,95,4.9,3.5,0.00,0.00,0.00,0,3,0,0,3,5.8,175,120,13.0,10.8,0,0.00,1029.5,1014.7
2020-03-18T07:00,6.3,0.00,93,5.3,4.2,0.00,0.00,0.00,0,2,0,0,2,6.5,177,124,14.1,12.6,1,0.00,1029.3,1014.6
2020-03-18T08:00,9.1,0.00,86,6.8,7.4,0.00,0.00,0.00,0,1,0,0,1,6.4,184,137,11.5,13.7,1,3446.62,1029.3,1014.7
2020-03-18T09:00,11.6,0.00,79,8.0,10.8,0.00,0.00,0.00,1,34,0,4,34,2.2,243,261,4.0,13.0,1,3600.00,1029.6,1015.1
2020-03-18T10:00,13.1,0.00,75,8.7,12.0,0.00,0.00,0.00,2,56,0,30,55,4.7,294,293,6.3,15.1,1,3600.00,1029.7,1015.3
2020-03-18T11:00,14.3,0.00,69,8.8,13.2,0.00,0.00,0.00,2,65,0,62,46,5.2,286,282,6.7,16.6,1,3600.00,1029.5,1015.2
2020-03-18T12:00,15.0,0.00,67,9.0,14.0,0.00,0.00,0.00,1,35,0,27,33,4.8,280,283,6.2,16.6,1,3600.00,1029.0,1014.7
2020-03-18T13:00,16.2,0.00,64,9.4,15.2,0.00,0.00,0.00,2,60,0,1,10,5.2,301,304,6.3,18.7,1,3600.00,1028.5,1014.3
2020-03-18T14:00,16.3,0.00,64,9.5,15.4,0.00,0.00,0.00,1,35,16,12,22,5.4,311,312,6.6,17.3,1,3600.00,1027.9,1013.7
2020-03-18T15:00,16.3,0.00,63,9.3,15.2,0.00,0.00,0.00,2,56,28,36,25,5.8,340,338,7.3,17.3,1,3600.00,1027.1,1012.9
2020-03-18T16:00,16.1,0.00,64,9.3,15.0,0.00,0.00,0.00,1,49,19,36,17,6.2,342,339,8.0,16.9,1,3600.00,1026.5,1012.3
2020-03-18T17:00,15.8,0.00,67,9.7,15.3,0.00,0.00,0.00,1,35,2,33,7,3.2,343,333,4.9,15.8,1,3600.00,1026.1,1011.9
2020-03-18T18:00,15.2,0.00,69,9.5,14.6,0.00,0.00,0.00,1,38,21,20,9,3.4,360,342,2.9,7.9,1,3600.00,1025.8,1011.6
2020-03-18T19:00,10.9,0.00,85,8.6,9.5,0.00,0.00,0.00,0,12,0,10,8,7.4,17,14,8.7,10.8,0,0.00,1026.1,1011.7
2020-03-18T20:00,10.5,0.00,87,8.4,9.1,0.00,0.00,0.00,0,16,0,8,15,6.1,26,40,10.8,11.9,0,0.00,1026.4,1011.9
2020-03-18T21:00,9.2,0.00,91,7.7,7.9,0.00,0.00,0.00,1,28,0,19,26,4.4,22,55,6.6,11.9,0,0.00,1026.3,1011.8
2020-03-18T22:00,8.7,0.00,91,7.3,7.5,0.00,0.00,0.00,2,63,0,59,55,3.3,342,41,6.8,9.4,0,0.00,1026.4,1011.8
2020-03-18T23:00,8.6,0.00,91,7.2,7.1,0.00,0.00,0.00,2,69,0,67,54,5.1,335,39,7.6,7.9,0,0.00,1026.5,1011.9
2020-03-19T00:00,9.2,0.00,87,7.1,8.0,0.00,0.00,0.00,2,74,0,72,51,2.5,354,98,3.6,7.6,0,0.00,1026.4,1011.9
2020-03-19T01:00,8.0,0.00,87,6.1,6.6,0.00,0.00,0.00,1,42,0,2,14,3.3,76,84,1.5,6.8,0,0.00,1026.0,1011.4
2020-03-19T02:00,9.6,0.00,80,6.3,8.5,0.00,0.00,0.00,0,4,0,1,4,0.8,297,63,2.4,4.7,0,0.00,1025.8,1011.3
2020-03-19T03:00,8.8,0.00,82,6.0,7.6,0.00,0.00,0.00,0,1,0,0,1,1.1,323,90,1.8,3.2,0,0.00,1025.6,1011.1
2020-03-19T04:00,8.6,0.00,84,6.0,7.4,0.00,0.00,0.00,0,5,0,2,5,1.1,360,90,0.7,4.3,0,0.00,1025.5,1010.9
2020-03-19T05:00,8.1,0.00,85,5.8,6.8,0.00,0.00,0.00,0,18,0,4,18,1.1,37,72,1.8,4.3,0,0.00,1025.5,1010.9
2020-03-19T06:00,6.5,0.00,90,4.9,4.7,0.00,0.00,0.00,0,19,0,2,19,3.8,90,107,2.5,5.8,0,0.00,1025.3,1010.6
2020-03-19T07:00,5.9,0.00,93,4.8,3.8,0.00,0.00,0.00,1,21,0,1,21,5.4,117,110,4.0,7.9,1,0.00,1025.3,1010.6
2020-03-19T08:00,8.6,0.00,87,6.5,7.5,0.00,0.00,0.00,1,27,0,5,26,1.1,129,90,2.3,7.6,1,3576.00,1025.4,1010.9
2020-03-19T09:00,10.7,0.00,81,7.7,9.9,0.00,0.00,0.00,2,61,0,35,59,1.1,315,288,1.0,8.6,1,3600.00,1025.8,1011.4
2020-03-19T10:00,12.4,0.00,77,8.5,11.8,0.00,0.00,0.00,1,48,0,45,28,1.5,307,284,1.8,10.8,1,3600.00,1025.9,1011.5
2020-03-19T11:00,14.0,0.00,72,9.0,13.4,0.00,0.00,0.00,2,57,0,57,8,1.8,292,281,1.9,11.9,1,3600.00,1025.8,1011.5
2020-03-19T12:00,15.2,0.00,66,8.9,14.4,0.00,0.00,0.00,1,46,0,43,25,3.5,297,294,4.0,14.0,1,3600.00,1025.1,1010.9
2020-03-19T13:00,17.6,0.00,52,7.6,16.5,0.00,0.00,0.00,1,38,0,2,5,2.7,300,293,2.9,16.2,1,3600.00,1024.1,1010.0
2020-03-19T14:00,18.0,0.00,52,8.1,17.2,0.00,0.00,0.00,0,5,0,3,4,4.8,297,297,5.6,15.8,1,3600.00,1023.4,1009.3
2020-03-19T15:00,18.0,0.00,53,8.3,16.5,0.00,0.00,0.00,0,4,0,1,4,6.8,305,302,8.8,18.7,1,3600.00,1023.0,1009.0
2020-03-19T16:00,17.5,0.00,55,8.4,15.9,0.00,0.00,0.00,0,3,0,1,3,8.2,325,322,10.6,20.5,1,3600.00,1022.6,1008.5
2020-03-19T17:00,16.9,0.00,59,8.7,15.7,0.00,0.00,0.00,0,17,0,16,3,5.8,356,356,10.1,19.4,1,3600.00,1022.3,1008.2
2020-03-19T18:00,14.9,0.00,68,8.9,13.6,0.00,0.00,0.00,1,36,0,36,7,6.8,21,18,16.2,13.7,1,3600.00,1022.1,1007.9
2020-03-19T19:00,12.7,0.00,74,8.1,11.2,0.00,0.00,0.00,0,19,0,18,11,7.1,21,24,17.0,14.4,0,0.00,1022.2,1007.9
2020-03-19T20:00,11.7,0.00,77,7.8,9.9,0.00,0.00,0.00,1,29,0,27,14,7.8,40,34,19.4,15.8,0,0.00,1022.3,1008.0
2020-03-19T21:00,11.3,0.00,77,7.5,9.5,0.00,0.00,0.00,1,44,0,41,22,7.4,71,61,19.5,15.8,0,0.00,1022.3,1007.9
2020-03-19T22:00,10.5,0.00,81,7.3,8.9,0.00,0.00,0.00,1,43,0,39,28,5.8,81,68,17.5,15.5,0,0.00,1022.4,1008.0
2020-03-19T23:00,9.7,0.00,85,7.3,7.8,0.00,0.00,0.00,1,40,0,38,28,7.9,95,74,13.7,12.6,0,0.00,1022.5,1008.0
2020-03-20T00:00,11.5,0.00,73,6.8,10.3,0.00,0.00,0.00,1,26,0,25,18,3.0,90,14,6.8,12.6,0,0.00,1022.3,1007.9
2020-03-20T01:00,12.0,0.00,76,7.9,10.6,0.00,0.00,0.00,1,34,0,7,5,5.4,111,90,11.2,6.5,0,0.00,1021.7,1007.4
2020-03-20T02:00,9.4,0.00,88,7.6,8.2,0.00,0.00,0.00,1,36,0,34,21,4.2,225,301,0.5,9.7,0,0.00,1021.6,1007.1
2020-03-20T03:00,8.2,0.00,92,7.0,6.5,0.00,0.00,0.00,1,21,0,11,18,6.0,315,327,4.1,7.9,0,0.00,1021.2,1006.7
2020-03-20T04:00,7.3,0.00,94,6.4,5.4,0.00,0.00,0.00,0,13,11,3,0,6.5,353,19,6.2,9.0,0,0.00,1021.2,1006.6
2020-03-20T05:00,8.0,0.00,90,6.4,6.3,0.00,0.00,0.00,1,48,47,3,0,5.3,349,28,7.3,9.4,0,0.00,1021.2,1006.7
2020-03-20T06:00,8.5,0.00,90,6.9,7.3,0.00,0.00,0.00,0,16,13,3,0,2.4,355,63,4.0,7.9,0,0.00,1021.1,1006.6
2020-03-20T07:00,7.6,0.00,93,6.6,6.5,0.00,0.00,0.00,0,4,1,3,0,1.8,270,79,0.4,4.0,1,0.00,1021.3,1006.8
2020-03-20T08:00,9.0,0.00,90,7.5,8.2,0.00,0.00,0.00,0,3,0,3,0,1.1,360,72,0.4,6.8,1,3600.00,1021.5,1007.0
2020-03-20T09:00,11.4,0.00,82,8.5,10.8,0.00,0.00,0.00,0,18,7,12,0,1.8,333,307,1.6,9.7,1,3600.00,1021.8,1007.4
2020-03-20T10:00,13.5,0.00,75,9.2,12.6,0.00,0.00,0.00,1,33,24,13,0,4.2,340,329,5.4,14.4,1,3600.00,1021.6,1007.4
2020-03-20T11:00,15.3,0.00,69,9.6,14.5,0.00,0.00,0.00,1,30,26,6,0,4.8,347,333,6.3,17.3,1,3600.00,1021.2,1007.0
2020-03-20T12:00,16.5,0.00,65,10.0,15.9,0.00,0.00,0.00,0,12,0,12,1,5.6,321,310,6.9,24.8,1,3600.00,1020.5,1006.4
2020-03-20T13:00,17.6,0.00,58,9.2,16.0,0.00,0.00,0.00,1,38,0,12,12,10.8,336,330,14.2,26.3,1,3600.00,1020.4,1006.4
2020-03-20T14:00,17.1,0.00,58,8.9,14.7,0.00,0.00,0.00,1,21,0,19,13,14.5,356,353,19.9,33.5,1,3600.00,1020.1,1006.0
2020-03-20T15:00,17.1,0.00,58,8.8,14.7,0.00,0.00,0.00,0,15,0,14,9,14.1,5,3,19.5,33.8,1,3600.00,1019.6,1005.6
2020-03-20T16:00,16.7,0.00,58,8.4,14.1,0.00,0.00,0.00,0,8,0,4,6,15.1,5,3,22.0,33.5,1,3600.00,1019.3,1005.2
2020-03-20T17:00,15.5,0.00,63,8.5,12.9,0.00,0.00,0.00,0,15,11,5,11,15.5,15,12,24.2,35.6,1,3600.00,1019.5,1005.4
2020-03-20T18:00,14.1,0.00,70,8.6,11.8,0.00,0.00,0.00,2,61,55,11,9,13.0,29,24,23.8,33.1,1,3600.00,1020.0,1005.8
2020-03-20T19:00,12.0,0.00,80,8.6,10.0,0.00,0.00,0.00,2,73,66,27,7,11.6,30,22,23.7,28.1,0,0.00,1020.4,1006.1
2020-03-20T20:00,11.1,0.00,83,8.3,9.0,0.00,0.00,0.00,3,87,82,32,7,11.6,31,22,22.8,25.6,0,0.00,1021.0,1006.6
2020-03-20T21:00,10.4,0.00,84,7.8,8.1,0.00,0.00,0.00,3,91,86,37,11,11.7,44,34,22.9,25.2,0,0.00,1021.2,1006.8
2020-03-20T22:00,9.7,0.00,80,6.4,7.1,0.00,0.00,0.00,2,74,56,56,16,11.8,48,40,22.2,25.6,0,0.00,1021.7,1007.3
2020-03-20T23:00,8.6,0.00,80,5.3,5.8,0.00,0.00,0.00,2,75,30,63,47,10.8,48,37,21.4,24.8,0,0.00,1022.0,1007.5
2020-03-21T00:00,8.1,0.00,78,4.5,5.3,0.00,0.00,0.00,3,97,82,96,27,10.0,49,38,19.9,23.4,0,0.00,1022.0,1007.5
2020-03-21T01:00,8.0,0.00,76,4.0,4.7,0.00,0.00,0.00,3,100,97,98,41,12.8,56,52,22.6,22.0,0,0.00,1022.6,1008.1
2020-03-21T02:00,7.4,0.10,75,3.3,3.9,0.10,0.00,0.00,51,99,90,98,29,12.8,62,58,22.1,27.7,0,0.00,1022.4,1007.8
2020-03-21T03:00,6.7,0.20,76,2.7,3.5,0.20,0.00,0.00,51,100,92,100,100,10.4,56,46,18.7,27.0,0,0.00,1022.5,1007.9
2020-03-21T04:00,6.2,0.60,76,2.4,2.5,0.60,0.00,0.00,53,100,89,100,100,13.8,58,51,23.5,28.4,0,0.00,1022.3,1007.7
2020-03-21T05:00,5.5,0.80,85,3.2,1.8,0.80,0.00,0.00,53,100,66,100,100,14.5,67,63,26.1,32.4,0,0.00,1022.5,1007.8
2020-03-21T06:00,5.3,1.40,88,3.4,2.1,1.40,0.00,0.00,61,100,28,100,92,11.0,60,49,19.5,31.7,0,0.00,1023.0,1008.3
2020-03-21T07:00,4.7,2.10,90,3.3,1.4,2.10,0.00,0.00,61,100,57,100,71,12.3,62,58,19.2,27.7,1,0.00,1023.3,1008.6
2020-03-21T08:00,4.9,1.60,91,3.6,1.5,1.60,0.00,0.00,61,99,17,98,91,13.1,64,58,22.1,28.8,1,0.00,1023.2,1008.5
2020-03-21T09:00,5.4,1.10,90,3.9,1.6,1.10,0.00,0.00,55,100,4,99,93,16.1,64,61,26.1,33.1,1,0.00,1023.2,1008.5
2020-03-21T10:00,5.8,0.50,87,3.8,1.9,0.50,0.00,0.00,53,100,0,100,56,16.7,68,65,27.9,36.7,1,0.00,1023.4,1008.7
2020-03-21T11:00,5.6,0.60,87,3.6,1.6,0.60,0.00,0.00,53,100,0,100,7,17.3,71,67,29.4,37.8,1,0.00,1023.2,1008.5
2020-03-21T12:00,6.1,0.60,85,3.7,1.6,0.60,0.00,0.00,53,100,0,100,24,20.2,73,71,32.8,46.4,1,0.00,1023.0,1008.4
2020-03-21T13:00,5.9,0.50,81,2.9,1.4,0.50,0.00,0.00,53,100,1,98,70,19.8,79,78,30.9,48.6,1,0.00,1023.6,1008.9
2020-03-21T14:00,6.9,0.30,77,3.1,2.7,0.30,0.00,0.00,51,98,0,97,86,17.3,74,73,26.9,45.4,1,0.00,1023.5,1008.9
2020-03-21T15:00,7.3,0.20,72,2.5,2.6,0.20,0.00,0.00,51,99,0,96,99,20.4,65,64,31.1,43.2,1,0.00,1023.3,1008.7
2020-03-21T16:00,7.4,0.10,69,2.1,2.6,0.10,0.00,0.00,51,100,0,86,100,20.3,64,63,31.7,43.2,1,0.00,1023.0,1008.4
2020-03-21T17:00,6.7,0.10,72,2.1,2.1,0.10,0.00,0.00,51,100,0,92,100,19.1,60,58,30.6,44.3,1,0.00,1023.3,1008.7
2020-03-21T18:00,6.1,0.00,73,1.6,1.4,0.00,0.00,0.00,3,97,0,84,94,19.3,66,63,31.9,42.5,1,0.00,1023.4,1008.8
2020-03-21T19:00,5.7,0.00,71,0.8,0.8,0.00,0.00,0.00,2,72,0,62,62,20.3,69,67,33.8,44.6,0,0.00,1023.7,1009.0
2020-03-21T20:00,5.2,0.00,66,-0.6,0.1,0.00,0.00,0.00,2,56,0,51,23,19.7,72,69,33.7,44.3,0,0.00,1024.5,1009.8
2020-03-21T21:00,4.8,0.00,61,-2.0,-0.6,0.00,0.00,0.00,1,25,0,25,1,20.4,76,73,35.3,44.3,0,0.00,1024.9,1010.2
2020-03-21T22:00,4.4,0.00,61,-2.5,-1.0,0.00,0.00,0.00,2,51,0,51,0,19.6,79,76,34.5,45.0,0,0.00,1025.4,1010.6
2020-03-21T23:00,4.1,0.00,61,-2.8,-1.2,0.00,0.00,0.00,1,41,0,41,0,18.9,80,77,33.3,43.2,0,0.00,1025.5,1010.7
2020-03-22T00:00,3.4,0.00,59,-3.7,-2.2,0.00,0.00,0.00,0,1,0,1,0,20.3,80,77,35.9,44.3,0,0.00,1025.6,1010.8
2020-03-22T01:00,3.4,0.00,58,-4.0,-2.3,0.00,0.00,0.00,0,0,0,70,0,20.6,77,74,35.9,45.7,0,0.00,1026.0,1011.2
2020-03-22T02:00,2.9,0.00,55,-5.2,-3.2,0.00,0.00,0.00,1,40,0,40,0,22.4,76,75,38.2,48.6,0,0.00,1026.4,1011.5
2020-03-22T03:00,2.2,0.00,55,-6.0,-4.0,0.00,0.00,0.00,0,1,0,1,1,22.5,79,77,39.2,49.0,0,0.00,1026.2,1011.3
2020-03-22T04:00,1.7,0.00,54,-6.6,-4.4,0.00,0.00,0.00,0,0,0,0,0,21.5,82,80,37.8,49.3,0,0.00,1026.2,1011.3
2020-03-22T05:00,1.2,0.00,55,-6.8,-4.7,0.00,0.00,0.00,0,0,0,0,0,19.9,87,85,35.7,46.8,0,0.00,1026.7,1011.7
2020-03-22T06:00,0.7,0.00,56,-7.0,-5.1,0.00,0.00,0.00,0,0,0,0,0,19.2,85,82,34.7,43.6,0,0.00,1027.2,1012.2
2020-03-22T07:00,0.5,0.00,57,-7.1,-5.3,0.00,0.00,0.00,0,0,0,0,0,19.2,86,84,34.3,42.5,1,41.88,1027.8,1012.8
2020-03-22T08:00,1.5,0.00,54,-6.7,-4.0,0.00,0.00,0.00,0,0,0,0,0,17.1,80,75,28.9,42.8,1,3600.00,1028.2,1013.2
2020-03-22T09:00,2.8,0.00,49,-6.9,-3.3,0.00,0.00,0.00,0,0,0,0,0,21.4,84,83,32.9,47.9,1,3600.00,1028.5,1013.6
2020-03-22T10:00,4.4,0.00,45,-6.4,-1.7,0.00,0.00,0.00,0,0,0,0,0,21.7,86,84,32.1,49.3,1,3600.00,1028.4,1013.6
2020-03-22T11:00,5.8,0.00,42,-6.2,-0.0,0.00,0.00,0.00,0,0,0,0,0,21.8,84,82,31.9,49.7,1,3600.00,1028.5,1013.8
2020-03-22T12:00,7.3,0.00,38,-6.3,1.9,0.00,0.00,0.00,0,0,0,0,0,21.4,84,83,31.1,49.7,1,3600.00,1028.2,1013.5
2020-03-22T13:00,8.1,0.00,37,-5.7,2.9,0.00,0.00,0.00,0,0,0,0,0,21.0,84,84,29.7,50.4,1,3600.00,1028.9,1014.3
2020-03-22T14:00,8.4,0.00,36,-6.0,3.0,0.00,0.00,0.00,0,0,0,0,0,21.4,84,83,30.8,48.6,1,3600.00,1028.7,1014.1
2020-03-22T15:00,8.4,0.00,36,-5.8,2.6,0.00,0.00,0.00,0,0,0,0,0,21.8,83,82,31.6,49.0,1,3600.00,1028.5,1013.9
2020-03-22T16:00,8.2,0.00,38,-5.3,2.3,0.00,0.00,0.00,0,0,0,0,0,21.0,84,83,31.1,48.6,1,3600.00,1028.5,1013.9
2020-03-22T17:00,7.6,0.00,40,-5.2,1.9,0.00,0.00,0.00,0,0,0,0,0,19.9,85,84,31.1,46.4,1,3600.00,1028.7,1014.1
2020-03-22T18:00,6.5,0.00,43,-5.1,1.3,0.00,0.00,0.00,0,0,0,0,0,16.7,86,83,29.6,43.6,1,3600.00,1029.2,1014.5
2020-03-22T19:00,5.2,0.00,43,-6.3,-0.5,0.00,0.00,0.00,0,0,0,0,0,18.8,88,85,33.9,40.3,0,170.24,1030.2,1015.4
2020-03-22T20:00,3.9,0.00,43,-7.5,-2.1,0.00,0.00,0.00,0,0,0,0,0,20.2,91,88,35.3,43.6,0,0.00,1031.2,1016.3
2020-03-22T21:00,2.9,0.00,45,-8.0,-3.2,0.00,0.00,0.00,0,0,0,0,0,20.5,92,89,36.4,45.0,0,0.00,1031.6,1016.7
2020-03-22T22:00,2.1,0.00,45,-8.6,-4.0,0.00,0.00,0.00,0,0,0,0,0,20.2,90,87,36.0,45.0,0,0.00,1032.1,1017.1
2020-03-22T23:00,1.5,0.00,44,-9.4,-4.6,0.00,0.00,0.00,0,0,0,0,0,19.8,89,87,35.6,43.9,0,0.00,1032.4,1017.4
2020-03-23T00:00,1.0,0.00,45,-9.7,-5.1,0.00,0.00,0.00,0,0,0,0,0,19.4,92,89,34.9,43.6,0,0.00,1032.6,1017.5
2020-03-23T01:00,0.8,0.00,46,-9.5,-5.4,0.00,0.00,0.00,0,0,0,0,0,20.6,98,96,36.4,42.8,0,0.00,1033.6,1018.5
2020-03-23T02:00,0.4,0.00,46,-10.0,-5.8,0.00,0.00,0.00,0,0,0,0,0,20.3,98,96,35.6,45.4,0,0.00,1033.7,1018.6
2020-03-23T03:00,-0.1,0.00,48,-9.9,-6.3,0.00,0.00,0.00,0,0,0,0,0,20.3,99,97,35.7,44.6,0,0.00,1033.6,1018.5
2020-03-23T04:00,-0.6,0.00,48,-10.3,-6.9,0.00,0.00,0.00,0,0,0,0,0,20.7,99,97,36.0,45.0,0,0.00,1033.5,1018.3
2020-03-23T05:00,-1.0,0.00,46,-11.3,-7.3,0.00,0.00,0.00,0,0,0,0,0,20.3,97,96,35.9,45.0,0,0.00,1033.5,1018.3
2020-03-23T06:00,-1.5,0.00,45,-11.9,-7.8,0.00,0.00,0.00,0,0,0,0,0,20.3,97,96,35.9,44.6,0,0.00,1033.7,1018.5
2020-03-23T07:00,-1.6,0.00,46,-11.6,-8.0,0.00,0.00,0.00,0,0,0,0,0,20.7,97,97,36.3,45.0,1,94.54,1034.1,1018.9
2020-03-23T08:00,-0.5,0.00,47,-10.4,-6.8,0.00,0.00,0.00,0,0,0,0,0,21.1,98,98,34.2,45.7,1,3600.00,1034.1,1018.9
2020-03-23T09:00,1.0,0.00,45,-9.7,-5.6,0.00,0.00,0.00,0,0,0,0,0,23.0,101,100,34.8,51.5,1,3600.00,1034.1,1019.0
2020-03-23T10:00,3.0,0.00,40,-9.1,-3.4,0.00,0.00,0.00,0,0,0,0,0,22.4,102,101,33.5,51.1,1,3600.00,1034.0,1019.0
2020-03-23T11:00,4.8,0.00,37,-8.8,-1.4,0.00,0.00,0.00,0,0,0,0,0,22.6,104,104,33.1,51.5,1,3600.00,1033.6,1018.7
2020-03-23T12:00,6.1,0.00,35,-8.3,0.4,0.00,0.00,0.00,0,0,0,0,0,22.2,104,103,32.3,51.5,1,3600.00,1033.2,1018.4
2020-03-23T13:00,6.8,0.00,31,-9.0,1.2,0.00,0.00,0.00,0,0,0,0,0,22.2,104,103,31.5,51.1,1,3600.00,1033.5,1018.7
2020-03-23T14:00,7.1,0.00,31,-9.1,1.4,0.00,0.00,0.00,0,0,0,0,0,22.0,106,105,31.5,50.8,1,3600.00,1033.0,1018.3
2020-03-23T15:00,7.2,0.00,31,-8.7,1.3,0.00,0.00,0.00,0,0,0,0,0,20.7,104,103,30.4,49.7,1,3600.00,1032.5,1017.8
2020-03-23T16:00,7.0,0.00,33,-8.4,1.0,0.00,0.00,0.00,0,0,0,0,0,19.4,102,101,28.7,46.8,1,3600.00,1032.2,1017.5
2020-03-23T17:00,6.4,0.00,35,-8.1,0.7,0.00,0.00,0.00,0,0,0,0,0,17.8,99,98,27.7,43.2,1,3600.00,1032.0,1017.2
2020-03-23T18:00,5.3,0.00,39,-7.6,0.3,0.00,0.00,0.00,0,0,0,0,0,13.0,98,96,24.7,38.9,1,3600.00,1032.3,1017.5
2020-03-23T19:00,3.4,0.00,42,-8.3,-1.2,0.00,0.00,0.00,0,0,0,0,0,10.1,94,88,23.1,28.8,0,320.30,1032.9,1018.0
2020-03-23T20:00,2.3,0.00,45,-8.5,-2.4,0.00,0.00,0.00,0,0,0,0,0,10.3,87,78,24.9,23.0,0,0.00,1033.4,1018.4
2020-03-23T21:00,2.1,0.00,43,-9.2,-2.8,0.00,0.00,0.00,0,0,0,0,0,11.9,98,93,26.9,26.6,0,0.00,1033.4,1018.4
2020-03-23T22:00,1.8,0.00,43,-9.4,-3.1,0.00,0.00,0.00,0,0,0,0,0,12.0,103,99,26.6,27.4,0,0.00,1033.4,1018.4
2020-03-23T23:00,1.3,0.00,43,-9.8,-3.8,0.00,0.00,0.00,0,0,0,0,0,13.1,104,99,28.2,28.4,0,0.00,1033.4,1018.4
2020-03-24T00:00,0.8,0.00,43,-10.5,-4.4,0.00,0.00,0.00,0,0,0,0,0,13.4,102,98,28.4,29.5,0,0.00,1033.4,1018.3
2020-03-24T01:00,0.8,0.00,43,-10.5,-4.4,0.00,0.00,0.00,0,0,0,0,0,13.5,104,99,28.2,29.5,0,0.00,1033.1,1018.0
2020-03-24T02:00,0.4,0.00,43,-10.7,-4.9,0.00,0.00,0.00,0,0,0,0,0,13.4,100,96,27.8,29.5,0,0.00,1033.2,1018.1
2020-03-24T03:00,-0.0,0.00,44,-10.9,-5.5,0.00,0.00,0.00,0,0,0,0,0,14.9,100,97,29.6,31.7,0,0.00,1033.1,1018.0
2020-03-24T04:00,-0.4,0.00,45,-10.9,-6.0,0.00,0.00,0.00,0,0,0,0,0,15.2,100,97,30.0,33.5,0,0.00,1033.0,1017.9
2020-03-24T05:00,-1.1,0.00,47,-10.9,-6.4,0.00,0.00,0.00,0,0,0,0,0,13.7,97,93,28.3,33.1,0,0.00,1033.2,1018.0
2020-03-24T06:00,-1.6,0.00,49,-10.9,-7.0,0.00,0.00,0.00,0,0,0,0,0,13.7,94,90,28.9,29.5,0,0.00,1033.3,1018.1
2020-03-24T07:00,-1.3,0.00,51,-10.2,-6.8,0.00,0.00,0.00,0,0,0,0,0,15.2,96,94,29.7,32.0,1,163.75,1033.6,1018.4
2020-03-24T08:00,0.3,0.00,50,-8.8,-5.3,0.00,0.00,0.00,0,0,0,0,0,16.5,100,100,28.1,35.3,1,3600.00,1033.4,1018.3
2020-03-24T09:00,1.9,0.00,47,-8.4,-4.0,0.00,0.00,0.00,0,0,0,0,0,18.9,105,104,28.6,42.8,1,3600.00,1033.3,1018.3
2020-03-24T10:00,3.6,0.00,42,-8.0,-2.4,0.00,0.00,0.00,0,0,0,0,0,19.9,104,103,28.9,45.0,1,3600.00,1033.2,1018.3
2020-03-24T11:00,5.1,0.00,40,-7.3,-0.4,0.00,0.00,0.00,0,0,0,0,0,19.4,100,100,27.8,45.4,1,3600.00,1032.9,1018.1
2020-03-24T12:00,6.5,0.00,38,-6.7,1.6,0.00,0.00,0.00,0,0,0,0,0,18.1,96,96,25.7,44.6,1,3600.00,1032.1,1017.3
2020-03-24T13:00,7.5,0.00,34,-7.3,2.4,0.00,0.00,0.00,0,0,0,0,0,19.9,97,96,27.9,43.6,1,3600.00,1031.3,1016.6
2020-03-24T14:00,7.9,0.00,34,-7.1,2.9,0.00,0.00,0.00,0,0,0,0,0,19.1,93,92,27.4,46.1,1,3600.00,1031.0,1016.3
2020-03-24T15:00,8.3,0.00,33,-7.0,2.9,0.00,0.00,0.00,0,0,0,0,0,19.1,92,91,27.7,43.9,1,3600.00,1030.2,1015.6
2020-03-24T16:00,8.3,0.00,33,-7.1,2.5,0.00,0.00,0.00,0,0,0,0,0,19.1,94,94,28.5,43.6,1,3600.00,1029.3,1014.7
2020-03-24T17:00,7.8,0.00,34,-7.0,2.1,0.00,0.00,0.00,0,0,0,0,0,18.1,95,95,28.6,42.8,1,3600.00,1028.8,1014.2
2020-03-24T18:00,6.4,0.00,39,-6.6,1.7,0.00,0.00,0.00,0,0,0,0,0,12.3,90,87,24.1,39.2,1,3600.00,1028.4,1013.7
2020-03-24T19:00,4.4,0.00,40,-8.0,-0.2,0.00,0.00,0.00,0,0,0,0,0,10.4,84,76,23.9,27.4,0,417.44,1028.8,1014.0
2020-03-24T20:00,3.4,0.00,40,-9.0,-1.4,0.00,0.00,0.00,0,0,0,0,0,11.0,86,79,26.0,24.8,0,0.00,1029.3,1014.4
2020-03-24T21:00,3.3,0.00,36,-10.4,-2.1,0.00,0.00,0.00,0,0,0,0,0,14.1,91,87,29.9,30.2,0,0.00,1029.2,1014.3
2020-03-24T22:00,3.5,0.00,31,-11.9,-2.4,0.00,0.00,0.00,0,0,0,0,0,16.9,94,92,33.2,36.4,0,0.00,1029.3,1014.4
2020-03-24T23:00,2.8,0.00,33,-12.0,-3.1,0.00,0.00,0.00,0,0,0,0,0,16.9,93,90,32.8,37.1,0,0.00,1029.3,1014.4
2020-03-25T00:00,1.9,0.00,36,-11.5,-3.9,0.00,0.00,0.00,0,0,0,0,0,16.2,89,86,32.0,36.4,0,0.00,1029.3,1014.3
2020-03-25T01:00,1.4,0.00,40,-10.7,-3.9,0.00,0.00,0.00,0,0,0,0,0,13.8,88,83,28.8,35.6,0,0.00,1029.2,1014.2
2020-03-25T02:00,1.2,0.00,43,-10.1,-4.0,0.00,0.00,0.00,0,0,0,0,0,13.1,86,81,27.8,29.9,0,0.00,1029.0,1014.0
2020-03-25T03:00,0.5,0.00,46,-9.8,-4.6,0.00,0.00,0.00,0,0,0,0,0,12.6,81,77,27.0,28.8,0,0.00,1028.6,1013.6
2020-03-25T04:00,-0.1,0.00,48,-9.8,-5.3,0.00,0.00,0.00,0,0,0,0,0,12.9,82,77,27.3,27.7,0,0.00,1028.2,1013.2
2020-03-25T05:00,-0.6,0.00,50,-9.7,-5.7,0.00,0.00,0.00,0,0,0,0,0,13.0,81,76,27.7,28.4,0,0.00,1028.2,1013.1
2020-03-25T06:00,-1.0,0.00,52,-9.6,-6.0,0.00,0.00,0.00,0,0,0,0,0,12.4,85,80,27.1,28.4,0,0.00,1028.0,1012.9
2020-03-25T07:00,-0.7,0.00,55,-8.6,-5.6,0.00,0.00,0.00,0,0,0,0,0,11.6,88,83,25.2,27.7,1,316.99,1027.9,1012.8
2020-03-25T08:00,1.1,0.00,53,-7.3,-3.8,0.00,0.00,0.00,0,0,0,0,0,12.7,85,82,21.0,28.1,1,3600.00,1027.7,1012.7
2020-03-25T09:00,2.9,0.00,49,-6.9,-2.3,0.00,0.00,0.00,0,0,0,0,0,14.8,86,84,21.6,34.2,1,3600.00,1027.6,1012.7
2020-03-25T10:00,4.6,0.00,44,-6.5,-0.5,0.00,0.00,0.00,0,0,0,0,0,14.6,81,80,21.1,35.3,1,3600.00,1027.1,1012.3
2020-03-25T11:00,6.2,0.00,40,-6.5,1.3,0.00,0.00,0.00,0,0,0,0,0,15.6,77,75,21.8,37.1,1,3600.00,1026.1,1011.4
2020-03-25T12:00,7.3,0.00,38,-6.1,2.8,0.00,0.00,0.00,0,0,0,0,0,16.6,74,72,23.2,39.2,1,3600.00,1024.9,1010.3
2020-03-25T13:00,8.8,0.00,33,-6.5,4.1,0.00,0.00,0.00,0,0,0,0,0,18.2,77,76,25.5,42.8,1,3600.00,1024.0,1009.5
2020-03-25T14:00,9.0,0.00,33,-6.4,3.8,0.00,0.00,0.00,0,0,0,0,0,20.4,76,76,29.3,46.4,1,3600.00,1023.3,1008.8
2020-03-25T15:00,9.1,0.00,34,-6.0,3.5,0.00,0.00,0.00,0,0,0,0,0,20.7,74,73,30.0,46.8,1,3600.00,1022.6,1008.1
2020-03-25T16:00,8.9,0.00,33,-6.5,2.8,0.00,0.00,0.00,0,0,0,0,0,21.7,79,78,32.7,48.2,1,3600.00,1021.9,1007.4
2020-03-25T17:00,8.4,0.00,33,-7.0,2.4,0.00,0.00,0.00,0,0,0,0,0,20.2,86,85,32.1,48.2,1,3600.00,1021.6,1007.1
2020-03-25T18:00,7.1,0.00,37,-6.7,1.6,0.00,0.00,0.00,0,0,0,0,0,17.3,90,88,30.6,43.9,1,3600.00,1021.7,1007.1
2020-03-25T19:00,5.6,0.00,38,-7.5,0.2,0.00,0.00,0.00,0,0,0,0,0,16.3,55,49,31.1,38.2,0,440.92,1021.2,1006.6
2020-03-25T20:00,5.3,0.00,38,-8.0,-0.7,0.00,0.00,0.00,0,0,0,0,0,19.8,67,63,36.1,42.8,0,0.00,1021.2,1006.5
2020-03-25T21:00,4.8,0.00,38,-8.2,-1.0,0.00,0.00,0.00,0,0,0,0,0,18.8,72,70,34.4,43.2,0,0.00,1021.4,1006.7
2020-03-25T22:00,4.2,0.00,41,-8.0,-1.6,0.00,0.00,0.00,0,0,0,0,0,18.4,80,78,34.0,41.0,0,0.00,1021.5,1006.8
2020-03-25T23:00,3.3,0.00,44,-7.8,-1.8,0.00,0.00,0.00,0,0,0,0,0,13.9,80,73,27.4,40.0,0,0.00,1021.5,1006.7
2020-03-26T00:00,2.5,0.00,47,-7.7,-2.5,0.00,0.00,0.00,0,0,0,0,0,12.8,78,68,26.1,31.3,0,0.00,1021.1,1006.3
2020-03-26T01:00,2.8,0.00,43,-8.4,-2.3,0.00,0.00,0.00,0,0,0,0,0,13.3,78,71,26.8,29.9,0,0.00,1020.6,1005.8
2020-03-26T02:00,2.7,0.00,44,-8.3,-2.6,0.00,0.00,0.00,0,0,0,0,0,14.6,76,70,27.9,32.0,0,0.00,1020.4,1005.6
2020-03-26T03:00,2.0,0.00,47,-8.2,-3.3,0.00,0.00,0.00,0,0,0,0,0,14.5,69,63,27.8,32.0,0,0.00,1019.7,1004.9
2020-03-26T04:00,1.5,0.00,49,-8.1,-3.8,0.00,0.00,0.00,0,0,0,0,0,14.8,79,76,28.9,33.1,0,0.00,1019.7,1004.9
2020-03-26T05:00,1.2,0.00,51,-7.9,-4.1,0.00,0.00,0.00,0,0,0,0,0,15.1,78,72,29.1,33.5,0,0.00,1019.7,1004.8
2020-03-26T06:00,0.8,0.00,52,-8.0,-4.7,0.00,0.00,0.00,0,0,0,0,0,16.8,79,75,30.8,36.4,0,0.00,1019.8,1004.9
2020-03-26T07:00,1.0,0.00,54,-7.3,-4.9,0.00,0.00,0.00,0,0,0,0,0,19.4,81,79,33.9,41.4,1,345.15,1020.0,1005.1
2020-03-26T08:00,2.0,0.00,55,-6.0,-3.8,0.00,0.00,0.00,0,0,0,0,0,20.1,81,81,32.1,43.9,1,3600.00,1020.1,1005.3
2020-03-26T09:00,3.4,0.00,53,-5.4,-2.8,0.00,0.00,0.00,0,0,0,0,0,23.1,86,86,34.7,50.8,1,3600.00,1020.1,1005.4
2020-03-26T10:00,4.9,0.00,52,-4.2,-0.9,0.00,0.00,0.00,0,14,14,0,0,21.2,90,89,31.0,51.1,1,3600.00,1020.3,1005.6
2020-03-26T11:00,6.5,0.00,50,-3.2,1.6,0.00,0.00,0.00,1,25,25,0,0,17.7,88,86,25.2,47.9,1,3600.00,1019.9,1005.3
2020-03-26T12:00,7.9,0.00,48,-2.5,3.7,0.00,0.00,0.00,0,0,0,0,0,16.3,84,82,22.8,41.4,1,3600.00,1019.7,1005.2
2020-03-26T13:00,9.5,0.00,43,-2.6,5.8,0.00,0.00,0.00,3,86,0,0,0,14.0,79,78,19.4,38.9,1,3600.00,1019.3,1004.9
2020-03-26T14:00,10.1,0.00,43,-1.8,6.1,0.00,0.00,0.00,3,91,91,0,0,15.5,86,86,21.6,36.7,1,3600.00,1019.0,1004.6
2020-03-26T15:00,10.5,0.00,44,-1.3,6.0,0.00,0.00,0.00,3,100,100,0,9,16.0,82,81,22.9,37.1,1,3600.00,1018.6,1004.2
2020-03-26T16:00,10.2,0.00,46,-0.9,5.3,0.00,0.00,0.00,3,99,99,1,16,17.9,72,71,26.1,39.6,1,3600.00,1018.6,1004.2
2020-03-26T17:00,9.8,0.00,47,-1.0,4.9,0.00,0.00,0.00,3,99,98,4,43,17.9,74,71,28.1,40.0,1,3195.90,1018.5,1004.1
2020-03-26T18:00,9.1,0.00,50,-0.9,4.5,0.00,0.00,0.00,3,95,95,0,5,15.9,57,52,27.4,38.9,1,108.84,1018.2,1003.8
2020-03-26T19:00,7.7,0.00,52,-1.7,3.2,0.00,0.00,0.00,1,27,27,0,0,14.0,50,42,27.8,34.2,0,104.40,1018.1,1003.6
2020-03-26T20:00,7.0,0.00,53,-1.8,2.5,0.00,0.00,0.00,1,21,9,2,13,14.5,54,46,28.9,31.7,0,0.00,1018.5,1004.0
2020-03-26T21:00,6.8,0.00,54,-1.8,2.4,0.00,0.00,0.00,1,28,27,0,1,13.5,56,46,27.8,31.3,0,0.00,1018.2,1003.7
2020-03-26T22:00,6.1,0.00,58,-1.5,1.8,0.00,0.00,0.00,2,56,56,0,0,13.0,57,48,27.4,29.5,0,0.00,1018.0,1003.4
2020-03-26T23:00,5.7,0.00,61,-1.3,1.4,0.00,0.00,0.00,0,8,8,0,0,13.3,60,52,27.7,28.8,0,0.00,1017.8,1003.2
2020-03-27T00:00,5.4,0.00,61,-1.5,1.0,0.00,0.00,0.00,0,1,0,0,1,14.0,63,55,28.7,30.2,0,0.00,1017.6,1003.0
2020-03-27T01:00,4.5,0.00,62,-2.2,0.4,0.00,0.00,0.00,0,0,0,0,0,11.5,53,41,25.2,30.2,0,0.00,1017.6,1003.0
2020-03-27T02:00,4.5,0.00,62,-2.3,0.2,0.00,0.00,0.00,0,0,0,0,0,12.7,47,35,27.0,27.0,0,0.00,1017.2,1002.6
2020-03-27T03:00,4.2,0.00,61,-2.6,-0.0,0.00,0.00,0.00,0,1,1,0,0,11.8,49,38,25.8,27.4,0,0.00,1016.7,1002.1
2020-03-27T04:00,3.9,0.00,62,-2.8,-0.2,0.00,0.00,0.00,0,0,0,0,0,10.9,57,46,25.5,25.2,0,0.00,1016.7,1002.0
2020-03-27T05:00,3.8,0.00,62,-2.8,-0.3,0.00,0.00,0.00,1,26,26,0,0,10.7,61,50,25.6,24.5,0,0.00,1016.7,1002.0
2020-03-27T06:00,3.6,0.00,64,-2.7,-0.6,0.00,0.00,0.00,0,0,0,0,0,11.2,66,57,25.6,24.1,0,0.00,1016.7,1002.0
2020-03-27T07:00,4.1,0.00,66,-1.7,0.2,0.00,0.00,0.00,0,0,0,0,0,10.5,72,63,24.2,24.1,1,367.35,1016.9,1002.2
2020-03-27T08:00,6.5,0.00,62,-0.3,2.7,0.00,0.00,0.00,0,17,17,0,0,11.0,76,71,22.3,24.8,1,3600.00,1016.9,1002.4
2020-03-27T09:00,8.6,0.00,56,0.3,4.8,0.00,0.00,0.00,3,96,96,0,0,11.6,83,83,17.4,27.4,1,3600.00,1017.1,1002.7
2020-03-27T10:00,10.0,0.00,53,0.7,6.2,0.00,0.00,0.00,3,83,83,0,0,11.9,86,87,16.6,28.8,1,3600.00,1017.0,1002.6
2020-03-27T11:00,11.2,0.00,51,1.4,7.7,0.00,0.00,0.00,1,30,30,0,0,10.9,82,82,14.9,28.8,1,3600.00,1016.7,1002.4
2020-03-27T12:00,12.5,0.00,50,2.3,9.9,0.00,0.00,0.00,0,0,0,0,0,10.3,78,78,14.0,27.4,1,3600.00,1016.2,1002.0
2020-03-27T13:00,14.1,0.00,46,2.7,11.7,0.00,0.00,0.00,0,0,16,0,0,10.8,93,94,14.4,28.1,1,3600.00,1016.0,1001.9
2020-03-27T14:00,14.9,0.00,45,3.2,12.6,0.00,0.00,0.00,0,0,0,0,0,10.1,90,90,13.7,27.4,1,3600.00,1015.5,1001.4
2020-03-27T15:00,15.7,0.00,45,3.7,13.1,0.00,0.00,0.00,0,0,0,0,0,9.1,82,81,12.4,25.6,1,3600.00,1015.0,1000.9
2020-03-27T16:00,16.0,0.00,45,4.2,13.4,0.00,0.00,0.00,0,0,0,0,0,8.4,73,70,12.1,22.7,1,3600.00,1014.8,1000.8
2020-03-27T17:00,15.9,0.00,50,5.5,13.9,0.00,0.00,0.00,0,1,0,0,1,6.0,64,57,11.6,20.2,1,3600.00,1014.6,1000.6
2020-03-27T18:00,13.6,0.00,63,6.8,11.9,0.00,0.00,0.00,0,0,0,0,0,5.9,11,346,13.2,14.4,1,3600.00,1014.5,1000.4
2020-03-27T19:00,10.9,0.00,68,5.3,8.6,0.00,0.00,0.00,0,3,0,3,1,8.1,17,13,19.9,16.2,0,573.58,1014.8,1000.5
2020-03-27T20:00,10.7,0.00,64,4.1,7.6,0.00,0.00,0.00,0,18,0,18,5,12.0,51,39,27.4,24.8,0,0.00,1015.4,1001.1
2020-03-27T21:00,10.2,0.00,63,3.4,7.2,0.00,0.00,0.00,0,2,0,2,0,9.9,56,46,23.9,25.6,0,0.00,1015.7,1001.4
2020-03-27T22:00,9.6,0.00,64,3.1,6.6,0.00,0.00,0.00,0,1,0,1,0,9.8,79,66,24.6,20.9,0,0.00,1016.1,1001.7
2020-03-27T23:00,9.5,0.00,62,2.5,6.2,0.00,0.00,0.00,0,1,0,1,0,10.8,85,75,26.0,23.0,0,0.00,1016.5,1002.1
2020-03-28T00:00,8.9,0.00,63,2.2,5.8,0.00,0.00,0.00,0,0,0,0,0,9.0,90,85,24.1,23.0,0,0.00,1016.8,1002.4
2020-03-28T01:00,7.3,0.00,71,2.4,3.7,0.00,0.00,0.00,0,0,0,0,0,12.3,90,87,20.5,19.8,0,0.00,1016.6,1002.1
2020-03-28T02:00,6.4,0.00,73,1.9,3.2,0.00,0.00,0.00,0,0,0,0,0,9.2,83,69,16.7,20.5,0,0.00,1016.8,1002.3
2020-03-28T03:00,5.4,0.00,77,1.6,2.4,0.00,0.00,0.00,0,0,0,0,0,8.1,81,58,13.5,16.2,0,0.00,1017.0,1002.4
2020-03-28T04:00,5.5,0.00,74,1.3,2.8,0.00,0.00,0.00,0,0,0,0,0,5.5,71,32,8.8,14.0,0,0.00,1017.3,1002.7
2020-03-28T05:00,5.4,0.00,74,1.1,2.8,0.00,0.00,0.00,0,0,0,0,0,4.6,70,39,7.3,10.1,0,0.00,1017.5,1002.9
2020-03-28T06:00,5.3,0.00,75,1.1,2.7,0.00,0.00,0.00,0,0,0,0,0,4.1,23,15,2.7,9.0,0,0.00,1017.9,1003.3
2020-03-28T07:00,4.9,0.00,83,2.2,2.6,0.00,0.00,0.00,0,0,0,0,0,3.4,45,58,4.6,8.6,1,574.74,1018.4,1003.8
2020-03-28T08:00,7.9,0.00,73,3.4,5.8,0.00,0.00,0.00,0,3,3,0,0,3.6,83,84,8.7,11.2,1,3600.00,1018.8,1004.3
2020-03-28T09:00,10.5,0.00,66,4.3,8.7,0.00,0.00,0.00,1,21,21,0,0,2.6,66,56,4.3,11.5,1,3600.00,1018.9,1004.5
2020-03-28T10:00,12.5,0.00,62,5.4,11.0,0.00,0.00,0.00,0,13,13,0,0,2.9,10,353,4.0,13.3,1,3600.00,1018.8,1004.5
2020-03-28T11:00,14.3,0.00,58,6.1,13.0,0.00,0.00,0.00,0,0,0,0,0,4.8,357,347,6.5,16.6,1,3600.00,1018.4,1004.2
2020-03-28T12:00,15.8,0.00,51,5.7,14.8,0.00,0.00,0.00,0,0,0,0,0,5.1,16,4,6.7,17.3,1,3600.00,1017.8,1003.7
2020-03-28T13:00,17.1,0.00,44,4.8,16.0,0.00,0.00,0.00,0,0,0,0,0,5.4,3,352,6.8,17.6,1,3600.00,1017.3,1003.3
2020-03-28T14:00,17.7,0.00,40,3.8,15.8,0.00,0.00,0.00,0,0,0,0,0,8.3,23,18,11.0,20.9,1,3600.00,1016.8,1002.8
2020-03-28T15:00,17.6,0.00,41,4.0,14.7,0.00,0.00,0.00,0,1,0,1,0,11.8,23,20,16.5,27.7,1,3600.00,1016.2,1002.2
2020-03-28T16:00,17.4,0.00,41,4.1,14.2,0.00,0.00,0.00,0,2,0,2,0,12.1,25,23,18.2,28.1,1,3600.00,1015.9,1001.9
2020-03-28T17:00,16.5,0.00,48,5.5,13.7,0.00,0.00,0.00,2,59,0,59,0,11.9,360,357,20.2,28.1,1,3600.00,1015.9,1001.9
2020-03-28T18:00,14.5,0.00,55,5.5,11.3,0.00,0.00,0.00,0,11,0,10,3,14.1,360,356,27.0,31.3,1,3600.00,1016.3,1002.2
2020-03-28T19:00,12.9,0.00,56,4.3,9.6,0.00,0.00,0.00,0,2,0,2,0,13.0,5,2,27.1,31.0,0,493.27,1016.9,1002.7
2020-03-28T20:00,11.4,0.00,56,2.9,7.5,0.00,0.00,0.00,1,41,0,40,11,15.6,18,15,31.1,33.5,0,0.00,1017.9,1003.6
2020-03-28T21:00,10.5,0.00,49,0.3,6.2,0.00,0.00,0.00,1,38,0,38,0,14.9,20,15,30.0,32.8,0,0.00,1018.4,1004.0
2020-03-28T22:00,9.5,0.00,51,-0.2,5.3,0.00,0.00,0.00,1,21,0,21,0,13.8,17,7,27.8,32.0,0,0.00,1019.1,1004.7
2020-03-28T23:00,8.1,0.00,57,0.0,4.1,0.00,0.00,0.00,0,3,0,3,0,12.6,7,358,26.1,29.9,0,0.00,1019.8,1005.3
2020-03-29T00:00,7.0,0.00,64,0.7,3.1,0.00,0.00,0.00,0,0,0,0,0,13.3,5,358,26.8,27.7,0,0.00,1020.2,1005.6
2020-03-29T01:00,7.3,0.00,62,0.6,2.9,0.00,0.00,0.00,0,0,0,24,0,16.2,6,1,30.8,32.0,0,0.00,1020.4,1005.9
2020-03-29T02:00,6.5,0.00,66,0.7,1.8,0.00,0.00,0.00,1,48,0,48,5,18.0,8,2,32.0,38.5,0,0.00,1020.6,1006.0
2020-03-29T03:00,5.5,0.00,68,0.1,0.6,0.00,0.00,0.00,2,59,0,59,8,18.7,6,1,32.6,40.0,0,0.00,1020.7,1006.1
2020-03-29T04:00,4.7,0.00,68,-0.8,-0.3,0.00,0.00,0.00,2,68,0,68,9,18.7,5,1,31.8,40.7,0,0.00,1020.9,1006.2
2020-03-29T05:00,4.1,0.00,68,-1.2,-0.9,0.00,0.00,0.00,3,94,0,94,11,18.4,1,358,30.2,40.0,0,0.00,1021.3,1006.6
2020-03-29T06:00,3.8,0.00,70,-1.2,-1.2,0.00,0.00,0.00,3,100,0,100,18,18.4,359,357,29.2,40.3,0,0.00,1021.3,1006.6
2020-03-29T07:00,3.6,0.00,72,-0.9,-1.1,0.00,0.00,0.00,3,100,0,100,36,17.0,358,355,26.7,39.2,1,0.00,1021.6,1006.8
2020-03-29T08:00,3.6,0.10,76,-0.3,-1.1,0.10,0.00,0.00,51,100,0,100,100,17.3,357,356,26.3,36.7,1,0.00,1022.2,1007.4
2020-03-29T09:00,3.9,0.20,74,-0.3,-0.9,0.20,0.00,0.00,51,100,0,100,96,18.0,360,360,27.0,37.8,1,0.00,1022.2,1007.5
2020-03-29T10:00,5.2,0.10,65,-0.8,0.2,0.10,0.00,0.00,51,100,0,100,97,18.4,5,4,27.8,40.0,1,0.00,1022.1,1007.4
2020-03-29T11:00,6.2,0.00,58,-1.5,1.2,0.00,0.00,0.00,3,100,3,100,97,17.7,3,2,26.3,39.6,1,0.00,1021.9,1007.3
2020-03-29T12:00,6.7,0.00,58,-1.1,1.9,0.00,0.00,0.00,3,100,89,99,100,17.3,359,356,25.2,38.2,1,0.00,1021.9,1007.3
2020-03-29T13:00,7.4,0.00,58,-0.3,2.4,0.00,0.00,0.00,3,100,5,95,100,19.4,2,1,27.7,40.3,1,0.00,1022.4,1007.8
2020-03-29T14:00,7.2,0.00,59,-0.2,2.4,0.00,0.00,0.00,3,100,29,94,100,18.5,10,8,27.0,43.6,1,0.00,1022.6,1008.0
2020-03-29T15:00,6.2,0.10,68,0.8,1.5,0.10,0.00,0.00,51,99,55,99,78,18.5,15,13,27.6,44.3,1,0.00,1023.0,1008.4
2020-03-29T16:00,6.5,0.10,64,0.1,2.0,0.10,0.00,0.00,51,99,1,99,95,16.2,14,13,23.7,40.3,1,0.00,1023.0,1008.4
2020-03-29T17:00,6.6,0.10,59,-0.8,2.2,0.10,0.00,0.00,51,100,2,100,61,15.0,22,21,23.7,34.9,1,0.00,1023.2,1008.6
2020-03-29T18:00,6.4,0.00,60,-0.7,1.9,0.00,0.00,0.00,3,98,1,98,3,15.5,27,25,25.9,33.1,1,0.00,1023.4,1008.8
2020-03-29T19:00,6.0,0.00,59,-1.3,1.6,0.00,0.00,0.00,3,100,8,100,2,14.1,19,15,24.7,33.5,0,0.00,1024.0,1009.3
2020-03-29T20:00,5.2,0.00,66,-0.6,0.4,0.00,0.00,0.00,3,98,2,98,14,17.6,32,28,29.3,37.8,0,0.00,1025.4,1010.7
2020-03-29T21:00,4.4,0.00,68,-1.0,-0.6,0.00,0.00,0.00,3,98,5,98,15,18.6,39,36,30.7,40.0,0,0.00,1026.1,1011.3
2020-03-29T22:00,3.7,0.00,67,-1.9,-1.4,0.00,0.00,0.00,3,99,4,98,40,18.1,38,35,30.8,40.3,0,0.00,1027.1,1012.3
2020-03-29T23:00,3.3,0.00,67,-2.2,-1.8,0.00,0.00,0.00,3,98,0,98,7,18.2,38,34,30.5,40.3,0,0.00,1027.7,1012.8
2020-03-30T00:00,2.9,0.00,65,-2.9,-2.3,0.00,0.00,0.00,3,95,0,92,52,18.4,38,35,30.5,40.0,0,0.00,1028.1,1013.2
2020-03-30T01:00,2.6,0.00,61,-4.1,-2.5,0.00,0.00,0.00,2,60,0,3,1,16.8,39,35,28.9,39.6,0,0.00,1028.9,1014.0
2020-03-30T02:00,1.7,0.00,62,-4.9,-3.4,0.00,0.00,0.00,0,1,0,1,0,15.8,39,35,28.4,36.4,0,0.00,1029.1,1014.1
2020-03-30T03:00,0.9,0.00,60,-6.0,-4.0,0.00,0.00,0.00,0,0,0,0,0,13.6,38,32,25.6,34.2,0,0.00,1028.9,1013.9
2020-03-30T04:00,0.2,0.00,58,-7.2,-4.7,0.00,0.00,0.00,0,0,0,0,0,13.1,39,32,24.9,29.9,0,0.00,1029.1,1014.1
2020-03-30T05:00,-0.6,0.00,59,-7.7,-5.3,0.00,0.00,0.00,0,0,0,0,0,11.1,35,25,22.8,28.4,0,0.00,1029.2,1014.1
2020-03-30T06:00,-1.4,0.00,61,-7.9,-5.9,0.00,0.00,0.00,0,0,0,0,0,10.1,37,27,21.3,24.8,0,0.00,1029.3,1014.2
2020-03-30T07:00,-1.1,0.00,61,-7.6,-5.8,0.00,0.00,0.00,0,0,0,0,0,11.4,38,28,21.5,24.8,1,1283.59,1029.9,1014.8
2020-03-30T08:00,0.2,0.00,54,-8.1,-4.9,0.00,0.00,0.00,0,0,0,0,0,13.8,44,41,20.6,31.0,1,3600.00,1030.1,1015.0
2020-03-30T09:00,1.4,0.00,45,-9.2,-3.8,0.00,0.00,0.00,0,0,0,0,0,14.1,54,52,20.1,33.8,1,3600.00,1029.9,1014.9
2020-03-30T10:00,2.9,0.00,39,-9.9,-2.3,0.00,0.00,0.00,0,0,0,0,0,12.9,55,54,17.6,33.8,1,3600.00,1029.6,1014.7
2020-03-30T11:00,4.2,0.00,36,-9.6,-0.3,0.00,0.00,0.00,0,0,0,0,0,12.0,50,49,16.1,31.7,1,3600.00,1029.0,1014.2
2020-03-30T12:00,5.4,0.00,35,-9.0,1.5,0.00,0.00,0.00,0,0,0,0,0,11.5,47,44,15.3,30.6,1,3600.00,1028.1,1013.3
2020-03-30T13:00,6.4,0.00,33,-8.7,2.5,0.00,0.00,0.00,0,0,0,0,0,12.9,29,27,17.2,31.0,1,3600.00,1027.6,1012.9
2020-03-30T14:00,7.0,0.00,31,-8.9,2.8,0.00,0.00,0.00,0,0,0,0,0,13.4,26,24,18.0,33.5,1,3600.00,1027.1,1012.4
2020-03-30T15:00,7.4,0.00,31,-8.5,3.0,0.00,0.00,0.00,0,0,0,0,0,12.1,24,23,16.6,33.1,1,3600.00,1026.3,1011.7
2020-03-30T16:00,7.3,0.00,34,-7.6,2.4,0.00,0.00,0.00,0,0,0,0,0,12.9,21,18,17.8,31.0,1,3600.00,1025.7,1011.1
2020-03-30T17:00,6.9,0.00,37,-6.8,2.0,0.00,0.00,0.00,0,0,0,0,0,13.5,17,16,19.2,31.0,1,3600.00,1025.6,1011.0
2020-03-30T18:00,5.9,0.00,44,-5.5,1.6,0.00,0.00,0.00,0,0,0,0,0,9.6,15,13,17.9,29.9,1,3600.00,1025.8,1011.1
2020-03-30T19:00,2.2,0.00,64,-4.0,-1.5,0.00,0.00,0.00,0,0,0,0,0,7.1,45,45,11.2,21.2,0,1179.23,1025.9,1011.0
2020-03-30T20:00,1.5,0.00,64,-4.6,-2.1,0.00,0.00,0.00,0,0,0,0,0,5.6,67,63,10.2,12.6,0,0.00,1026.2,1011.3
2020-03-30T21:00,0.7,0.00,67,-4.7,-2.7,0.00,0.00,0.00,1,21,0,3,20,4.4,45,55,9.7,11.2,0,0.00,1026.5,1011.5
2020-03-30T22:00,0.3,0.00,70,-4.5,-3.4,0.00,0.00,0.00,1,44,0,30,39,6.5,13,34,14.1,13.3,0,0.00,1026.8,1011.8
2020-03-30T23:00,1.6,0.00,64,-4.4,-2.2,0.00,0.00,0.00,1,41,0,38,23,7.0,24,35,17.7,15.5,0,0.00,1026.8,1011.9
2020-03-31T00:00,1.1,0.00,73,-3.2,-2.4,0.00,0.00,0.00,2,51,0,49,31,5.9,41,52,16.6,14.4,0,0.00,1026.7,1011.7
2020-03-31T01:00,1.6,0.00,75,-2.3,-1.9,0.00,0.00,0.00,2,59,0,28,71,6.8,36,72,9.8,11.9,0,0.00,1026.3,1011.4
2020-03-31T02:00,2.4,0.00,69,-2.7,-0.7,0.00,0.00,0.00,3,97,0,96,60,4.1,34,52,11.7,10.4,0,0.00,1026.3,1011.4
2020-03-31T03:00,3.5,0.00,70,-1.4,0.3,0.00,0.00,0.00,3,100,0,100,48,6.2,25,21,15.5,12.2,0,0.00,1026.2,1011.4
2020-03-31T04:00,3.8,0.00,76,-0.0,0.6,0.00,0.00,0.00,3,94,0,93,84,7.0,36,35,15.2,14.4,0,0.00,1026.2,1011.4
2020-03-31T05:00,3.4,0.00,81,0.4,0.3,0.00,0.00,0.00,3,86,0,42,85,6.6,53,49,14.4,14.8,0,0.00,1026.4,1011.6
2020-03-31T06:00,3.1,0.00,80,0.0,0.0,0.00,0.00,0.00,3,99,0,48,99,6.1,70,62,13.4,14.0,0,0.00,1026.6,1011.7
2020-03-31T07:00,3.4,0.00,77,-0.2,0.4,0.00,0.00,0.00,3,100,0,46,100,6.1,73,62,12.4,13.7,1,0.00,1027.4,1012.6
2020-03-31T08:00,3.9,0.00,75,-0.2,0.6,0.00,0.00,0.00,1,36,0,13,36,7.9,69,66,12.0,18.0,1,50.36,1027.8,1013.0
2020-03-31T09:00,5.4,0.00,65,-0.6,1.5,0.00,0.00,0.00,2,51,0,0,51,11.3,74,73,15.7,25.6,1,3600.00,1028.1,1013.3
2020-03-31T10:00,6.7,0.00,57,-1.2,2.7,0.00,0.00,0.00,1,20,0,0,20,11.2,71,69,15.3,29.2,1,3600.00,1027.9,1013.2
2020-03-31T11:00,7.4,0.00,51,-2.2,3.4,0.00,0.00,0.00,0,10,0,0,10,11.4,71,72,15.3,29.2,1,3600.00,1027.8,1013.2
2020-03-31T12:00,8.2,0.00,44,-3.2,4.6,0.00,0.00,0.00,1,26,0,22,21,11.4,65,66,15.5,29.5,1,3600.00,1027.4,1012.8
2020-03-31T13:00,9.1,0.00,37,-4.7,4.9,0.00,0.00,0.00,2,62,0,48,0,12.5,58,57,16.5,29.9,1,3600.00,1027.4,1012.8
2020-03-31T14:00,8.9,0.00,37,-5.1,4.3,0.00,0.00,0.00,2,75,0,75,0,14.0,57,55,19.0,33.5,1,3600.00,1027.2,1012.6
2020-03-31T15:00,8.3,0.00,38,-5.2,3.5,0.00,0.00,0.00,3,86,0,86,15,13.5,57,56,18.5,33.8,1,3600.00,1027.0,1012.4
2020-03-31T16:00,7.8,0.00,38,-5.5,3.0,0.00,0.00,0.00,3,86,0,85,20,13.2,60,61,18.2,32.0,1,3600.00,1026.9,1012.3
2020-03-31T17:00,7.2,0.00,40,-5.6,2.4,0.00,0.00,0.00,2,78,0,77,24,12.9,68,67,19.1,30.2,1,3600.00,1026.9,1012.3
2020-03-31T18:00,6.4,0.00,42,-5.5,1.9,0.00,0.00,0.00,3,91,0,90,60,11.1,67,65,18.7,28.8,1,3386.16,1027.0,1012.3
2020-03-31T19:00,4.5,0.00,46,-6.2,0.2,0.00,0.00,0.00,0,12,0,12,0,9.8,59,54,21.0,24.5,0,753.81,1027.4,1012.6
2020-03-31T20:00,3.2,0.00,50,-6.2,-1.1,0.00,0.00,0.00,0,4,0,4,0,9.6,59,56,21.8,20.9,0,0.00,1027.7,1012.8
2020-03-31T21:00,2.3,0.00,51,-6.8,-2.3,0.00,0.00,0.00,0,0,0,0,0,10.8,66,64,24.8,22.7,0,0.00,1027.5,1012.6
2020-03-31T22:00,1.8,0.00,49,-7.7,-3.0,0.00,0.00,0.00,0,0,0,0,0,12.0,72,69,26.5,25.6,0,0.00,1027.3,1012.4
2020-03-31T23:00,1.3,0.00,49,-8.2,-3.5,0.00,0.00,0.00,0,0,0,0,0,11.5,77,76,26.2,25.9,0,0.00,1027.1,1012.1
2020-04-01T00:00,0.8,0.00,50,-8.5,-4.1,0.00,0.00,0.00,0,0,0,0,0,12.1,78,78,26.5,25.2,0,0.00,1026.5,1011.5
2020-04-01T01:00,0.9,0.00,45,-9.6,-4.3,0.00,0.00,0.00,0,0,0,0,0,13.3,95,93,27.8,25.2,0,0.00,1026.0,1011.0
2020-04-01T02:00,0.5,0.00,47,-9.5,-4.7,0.00,0.00,0.00,0,0,0,0,0,13.4,98,96,27.6,27.7,0,0.00,1025.8,1010.8
2020-04-01T03:00,-0.0,0.00,50,-9.2,-5.1,0.00,0.00,0.00,0,0,0,0,0,12.7,98,98,26.2,27.4,0,0.00,1025.3,1010.3
2020-04-01T04:00,-0.7,0.00,54,-8.8,-5.1,0.00,0.00,0.00,0,0,0,0,0,8.3,95,90,21.0,25.9,0,0.00,1024.9,1009.9
2020-04-01T05:00,-2.3,0.00,67,-7.7,-6.3,0.00,0.00,0.00,0,0,0,0,0,6.1,86,62,14.1,17.3,0,0.00,1024.7,1009.6
2020-04-01T06:00,-3.0,0.00,71,-7.5,-7.0,0.00,0.00,0.00,1,28,28,0,0,6.4,94,74,11.2,11.2,0,0.00,1024.3,1009.1
2020-04-01T07:00,-0.8,0.00,66,-6.4,-4.5,0.00,0.00,0.00,0,18,18,0,0,5.1,99,82,11.7,10.4,1,1641.17,1024.5,1009.5
2020-04-01T08:00,1.5,0.00,59,-5.6,-1.7,0.00,0.00,0.00,0,3,3,0,0,2.5,90,90,4.7,11.2,1,3600.00,1024.3,1009.4
2020-04-01T09:00,3.7,0.00,56,-4.2,0.8,0.00,0.00,0.00,0,0,0,0,0,1.3,72,56,2.3,11.2,1,3600.00,1024.0,1009.2
2020-04-01T10:00,5.6,0.00,53,-3.3,2.6,0.00,0.00,0.00,0,0,0,0,0,2.5,18,360,3.4,13.7,1,3600.00,1023.5,1008.8
2020-04-01T11:00,7.0,0.00,48,-3.4,4.6,0.00,0.00,0.00,0,0,0,0,0,2.6,32,16,3.4,15.1,1,3600.00,1022.7,1008.1
2020-04-01T12:00,8.1,0.00,45,-3.1,6.4,0.00,0.00,0.00,0,0,0,0,0,1.8,16,349,2.6,15.1,1,3600.00,1021.6,1007.1
2020-04-01T13:00,9.2,0.00,37,-4.7,7.5,0.00,0.00,0.00,0,0,0,0,0,1.8,83,90,2.9,14.4,1,3600.00,1020.5,1006.1
2020-04-01T14:00,10.1,0.00,38,-3.6,8.4,0.00,0.00,0.00,0,0,0,0,0,1.3,68,56,1.9,13.7,1,3600.00,1019.6,1005.2
2020-04-01T15:00,10.4,0.00,38,-3.4,8.3,0.00,0.00,0.00,0,0,0,0,0,0.7,45,360,1.5,12.6,1,3600.00,1018.7,1004.3
2020-04-01T16:00,10.4,0.00,38,-3.4,7.6,0.00,0.00,0.00,0,0,0,0,0,1.3,315,304,1.0,10.8,1,3600.00,1017.9,1003.6
2020-04-01T17:00,10.0,0.00,41,-2.7,7.0,0.00,0.00,0.00,0,0,0,0,0,3.6,312,307,4.3,11.2,1,3600.00,1017.5,1003.1
2020-04-01T18:00,8.6,0.00,56,0.3,5.8,0.00,0.00,0.00,0,0,0,0,0,4.8,306,297,11.1,11.9,1,3600.00,1017.3,1002.9
2020-04-01T19:00,5.9,0.00,59,-1.6,2.4,0.00,0.00,0.00,0,0,0,0,0,7.4,321,309,18.4,14.8,0,1583.88,1017.2,1002.6
2020-04-01T20:00,4.3,0.00,64,-2.0,0.9,0.00,0.00,0.00,0,0,0,0,0,6.6,356,351,17.7,15.1,0,0.00,1017.4,1002.7
2020-04-01T21:00,3.5,0.00,64,-2.8,-0.3,0.00,0.00,0.00,0,0,0,0,0,8.4,51,40,18.2,16.6,0,0.00,1017.3,1002.6
2020-04-01T22:00,2.8,0.00,60,-4.3,-1.4,0.00,0.00,0.00,0,0,0,0,0,9.7,71,63,20.2,19.8,0,0.00,1017.1,1002.4
2020-04-01T23:00,1.8,0.00,61,-5.0,-2.1,0.00,0.00,0.00,0,0,0,0,0,7.6,89,87,16.6,19.4,0,0.00,1017.0,1002.2
2020-04-02T00:00,0.2,0.00,68,-5.0,-3.4,0.00,0.00,0.00,0,0,0,0,0,5.9,111,104,13.1,15.5,0,0.00,1016.6,1001.7
2020-04-02T01:00,0.0,0.00,70,-4.9,-3.8,0.00,0.00,0.00,0,0,0,0,0,7.3,112,99,14.7,11.9,0,0.00,1016.2,1001.3
2020-04-02T02:00,-1.1,0.00,74,-5.2,-4.7,0.00,0.00,0.00,0,0,0,0,0,4.8,90,63,6.5,12.6,0,0.00,1015.9,1001.0
2020-04-02T03:00,-1.3,0.00,73,-5.5,-4.8,0.00,0.00,0.00,0,0,0,0,0,4.3,360,42,9.0,8.6,0,0.00,1015.8,1000.9
2020-04-02T04:00,-1.5,0.00,73,-5.7,-5.0,0.00,0.00,0.00,0,0,0,0,0,4.1,5,75,8.3,8.6,0,0.00,1015.4,1000.5
2020-04-02T05:00,-1.7,0.00,72,-6.1,-5.2,0.00,0.00,0.00,0,0,0,0,0,4.0,8,85,5.4,7.9,0,0.00,1015.3,1000.4
2020-04-02T06:00,-1.4,0.00,67,-6.7,-4.9,0.00,0.00,0.00,0,0,0,0,0,3.7,45,119,0.5,6.1,1,0.00,1015.3,1000.4
2020-04-02T07:00,-0.1,0.00,69,-5.1,-3.6,0.00,0.00,0.00,0,0,0,0,0,5.1,157,141,5.5,9.0,1,1764.47,1015.3,1000.4
2020-04-02T08:00,2.6,0.00,62,-3.9,-0.5,0.00,0.00,0.00,0,0,0,0,0,2.9,137,150,5.9,11.5,1,3600.00,1015.2,1000.5
2020-04-02T09:00,5.4,0.00,56,-2.8,2.7,0.00,0.00,0.00,0,0,0,0,0,1.3,214,236,1.3,11.2,1,3600.00,1015.1,1000.5
2020-04-02T10:00,7.6,0.00,52,-1.7,4.9,0.00,0.00,0.00,0,0,0,0,0,1.8,281,270,1.8,13.0,1,3600.00,1014.8,1000.4
2020-04-02T11:00,9.5,0.00,47,-1.4,7.3,0.00,0.00,0.00,0,0,0,0,0,2.9,259,263,3.7,15.1,1,3600.00,1014.4,1000.1
2020-04-02T12:00,10.7,0.00,42,-1.8,8.6,0.00,0.00,0.00,0,0,0,0,0,5.4,273,274,6.8,19.1,1,3600.00,1013.6,999.3
2020-04-02T13:00,11.6,0.00,39,-2.1,9.5,0.00,0.00,0.00,0,0,0,0,0,5.9,258,259,7.0,22.0,1,3600.00,1013.3,999.1
2020-04-02T14:00,12.0,0.00,37,-2.3,9.7,0.00,0.00,0.00,0,0,0,0,0,6.5,265,267,8.7,20.5,1,3600.00,1012.3,998.1
2020-04-02T15:00,12.1,0.00,38,-1.7,9.5,0.00,0.00,0.00,0,0,0,0,0,5.8,273,274,7.6,20.5,1,3600.00,1011.8,997.6
2020-04-02T16:00,12.2,0.00,41,-0.6,9.4,0.00,0.00,0.00,0,0,0,0,0,4.3,266,275,5.8,18.4,1,3600.00,1011.3,997.1
2020-04-02T17:00,12.1,0.00,43,-0.1,9.4,0.00,0.00,0.00,0,0,0,0,0,3.8,10,17,4.0,13.7,1,3600.00,1010.8,996.6
2020-04-02T18:00,10.2,0.00,61,3.0,7.9,0.00,0.00,0.00,0,2,0,2,0,4.6,63,51,8.9,11.5,1,3600.00,1010.7,996.4
2020-04-02T19:00,9.1,0.00,54,0.3,6.3,0.00,0.00,0.00,0,0,0,0,0,5.2,63,65,3.2,10.4,0,1673.16,1010.9,996.6
2020-04-02T20:00,4.9,0.00,73,0.4,1.6,0.00,0.00,0.00,0,0,0,0,0,8.7,258,222,12.1,12.2,0,0.00,1011.4,996.9
2020-04-02T21:00,5.8,0.00,66,-0.2,2.2,0.00,0.00,0.00,1,23,23,0,0,9.7,307,297,23.9,20.2,0,0.00,1012.2,997.7
2020-04-02T22:00,4.6,0.00,74,0.3,1.2,0.00,0.00,0.00,0,1,1,0,0,9.0,348,344,22.8,21.2,0,0.00,1012.8,998.2
2020-04-02T23:00,3.2,0.00,81,0.3,0.1,0.00,0.00,0.00,0,7,7,0,0,6.4,336,333,18.9,19.4,0,0.00,1013.5,998.8
2020-04-03T00:00,2.1,0.00,85,-0.2,-1.0,0.00,0.00,0.00,0,1,0,0,1,6.0,332,335,16.8,14.8,0,0.00,1014.0,999.3
2020-04-03T01:00,2.6,0.00,79,-0.7,-0.9,0.00,0.00,0.00,0,17,0,1,1,8.6,320,327,14.1,14.4,0,0.00,1013.9,999.2
2020-04-03T02:00,1.5,0.00,84,-0.9,-1.9,0.00,0.00,0.00,0,5,0,5,1,7.2,295,264,11.9,15.1,0,0.00,1014.0,999.2
2020-04-03T03:00,1.9,0.00,86,-0.2,-1.2,0.00,0.00,0.00,2,74,0,74,1,6.3,223,193,15.3,13.0,0,0.00,1014.4,999.7
2020-04-03T04:00,2.4,0.00,83,-0.2,-0.5,0.00,0.00,0.00,3,80,0,78,18,4.7,226,184,13.5,14.0,0,0.00,1014.8,1000.1
2020-04-03T05:00,2.5,0.00,82,-0.3,-0.6,0.00,0.00,0.00,2,62,0,60,14,6.1,220,177,12.3,11.9,0,0.00,1015.1,1000.4
2020-04-03T06:00,2.2,0.00,84,-0.2,-1.3,0.00,0.00,0.00,1,24,0,23,6,8.6,204,180,17.4,16.6,1,0.00,1015.5,1000.8
2020-04-03T07:00,2.8,0.00,83,0.2,-0.7,0.00,0.00,0.00,1,25,0,23,19,9.3,212,196,18.6,18.4,1,1474.56,1016.1,1001.4
2020-04-03T08:00,4.7,0.00,75,0.7,1.4,0.00,0.00,0.00,2,79,0,76,31,8.7,217,210,14.4,20.9,1,3600.00,1016.5,1001.9
2020-04-03T09:00,5.9,0.00,72,1.1,2.6,0.00,0.00,0.00,3,93,0,92,45,9.1,216,214,13.4,22.3,1,3600.00,1016.8,1002.2
2020-04-03T10:00,7.6,0.00,67,1.8,4.2,0.00,0.00,0.00,3,98,0,97,75,10.5,222,221,14.5,25.6,1,3600.00,1016.9,1002.4
2020-04-03T11:00,8.2,0.00,68,2.6,4.8,0.00,0.00,0.00,3,86,0,83,48,11.2,232,230,15.9,26.6,1,0.00,1017.3,1002.8
2020-04-03T12:00,9.6,0.00,66,3.6,6.3,0.00,0.00,0.00,2,78,0,67,67,12.4,247,248,17.3,29.5,1,3600.00,1017.3,1002.9
2020-04-03T13:00,12.4,0.10,53,3.0,8.9,0.10,0.00,0.00,51,96,0,87,67,12.8,259,259,17.2,30.6,1,3600.00,1017.0,1002.8
2020-04-03T14:00,11.7,0.00,53,2.4,8.0,0.00,0.00,0.00,3,100,0,100,100,13.1,293,291,18.7,28.8,1,782.12,1017.0,1002.7
2020-04-03T15:00,11.5,0.00,52,1.9,7.9,0.00,0.00,0.00,3,95,0,94,80,12.2,296,294,19.2,29.5,1,99.54,1017.1,1002.8
2020-04-03T16:00,11.8,0.00,49,1.3,8.4,0.00,0.00,0.00,3,83,0,83,10,9.7,272,268,16.6,27.7,1,1493.14,1017.2,1002.9
2020-04-03T17:00,11.8,0.00,48,1.2,8.5,0.00,0.00,0.00,3,83,0,83,8,9.2,298,296,15.9,24.5,1,2691.44,1017.5,1003.2
2020-04-03T18:00,10.2,0.00,62,3.2,7.4,0.00,0.00,0.00,2,70,0,68,20,8.2,325,322,16.8,21.6,1,2611.07,1018.2,1003.8
2020-04-03T19:00,7.7,0.00,76,3.8,5.4,0.00,0.00,0.00,2,72,0,68,31,5.9,300,284,11.6,17.6,0,148.41,1018.8,1004.3
2020-04-03T20:00,7.4,0.00,77,3.6,4.9,0.00,0.00,0.00,2,63,0,60,34,6.3,297,294,13.4,11.9,0,0.00,1019.7,1005.2
2020-04-03T21:00,7.0,0.00,75,2.8,4.5,0.00,0.00,0.00,1,44,0,39,38,5.8,323,338,16.2,13.0,0,0.00,1020.1,1005.5
2020-04-03T22:00,5.9,0.00,77,2.1,3.3,0.00,0.00,0.00,1,36,0,32,26,5.6,312,333,16.1,13.0,0,0.00,1020.7,1006.1
2020-04-03T23:00,5.3,0.00,77,1.7,2.5,0.00,0.00,0.00,1,29,0,25,26,6.6,330,347,17.4,13.7,0,0.00,1021.2,1006.5
2020-04-04T00:00,4.0,0.00,83,1.4,1.3,0.00,0.00,0.00,1,20,0,15,18,5.5,356,11,15.5,14.0,0,0.00,1021.9,1007.2
2020-04-04T01:00,3.0,0.00,83,0.3,-0.4,0.00,0.00,0.00,0,14,0,4,5,8.9,3,21,12.6,11.5,0,0.00,1021.6,1006.8
2020-04-04T02:00,2.5,0.00,84,-0.0,-0.7,0.00,0.00,0.00,0,3,0,3,2,7.0,356,21,11.2,13.3,0,0.00,1022.0,1007.2
2020-04-04T03:00,1.8,0.00,84,-0.6,-1.5,0.00,0.00,0.00,0,2,0,2,1,7.5,343,17,10.9,11.5,0,0.00,1022.1,1007.2
2020-04-04T04:00,2.0,0.00,84,-0.5,-1.1,0.00,0.00,0.00,1,34,34,1,0,6.0,353,17,13.8,11.5,0,0.00,1022.5,1007.6
2020-04-04T05:00,1.7,0.00,85,-0.6,-1.5,0.00,0.00,0.00,0,0,0,0,0,6.6,4,22,15.5,12.2,0,0.00,1023.0,1008.1
2020-04-04T06:00,0.5,0.00,87,-1.4,-3.0,0.00,0.00,0.00,0,0,0,0,0,7.7,14,41,12.2,12.6,1,0.00,1023.5,1008.6
2020-04-04T07:00,3.0,0.00,83,0.5,0.6,0.00,0.00,0.00,0,0,0,0,0,2.4,48,117,4.3,11.5,1,2008.23,1024.0,1009.2
2020-04-04T08:00,5.5,0.00,75,1.5,3.2,0.00,0.00,0.00,0,0,0,0,0,2.5,151,172,3.7,10.4,1,3600.00,1024.8,1010.1
2020-04-04T09:00,7.8,0.00,68,2.3,5.9,0.00,0.00,0.00,0,0,0,0,0,1.1,166,198,1.5,11.2,1,3600.00,1024.8,1010.2
2020-04-04T10:00,9.9,0.00,62,2.9,8.1,0.00,0.00,0.00,0,0,0,0,0,0.7,135,180,1.5,11.5,1,3600.00,1025.0,1010.5
2020-04-04T11:00,11.4,0.00,55,2.7,10.1,0.00,0.00,0.00,0,0,0,0,0,1.6,135,153,2.0,13.0,1,3600.00,1024.9,1010.5
2020-04-04T12:00,12.6,0.00,51,2.7,12.0,0.00,0.00,0.00,0,0,0,0,0,1.1,135,162,1.5,13.0,1,3600.00,1024.4,1010.1
2020-04-04T13:00,13.2,0.00,43,1.0,12.3,0.00,0.00,0.00,0,0,0,0,0,1.4,99,90,2.2,13.7,1,3600.00,1024.3,1010.0
2020-04-04T14:00,14.3,0.00,44,2.1,13.2,0.00,0.00,0.00,0,0,0,0,0,3.0,99,104,4.4,14.4,1,3600.00,1023.9,1009.7
2020-04-04T15:00,14.7,0.00,43,2.2,12.8,0.00,0.00,0.00,0,0,0,0,0,4.7,111,113,6.2,15.8,1,3600.00,1023.5,1009.3
2020-04-04T16:00,14.8,0.00,42,2.2,12.1,0.00,0.00,0.00,0,0,0,0,0,6.2,108,111,8.0,16.6,1,3600.00,1023.1,1008.9
2020-04-04T17:00,14.4,0.00,44,2.4,11.6,0.00,0.00,0.00,0,0,0,0,0,7.5,105,107,10.8,18.0,1,3600.00,1022.9,1008.7
2020-04-04T18:00,12.9,0.00,61,5.6,11.1,0.00,0.00,0.00,0,0,0,0,0,4.3,94,85,10.5,17.6,1,3600.00,1023.0,1008.7
2020-04-04T19:00,9.5,0.00,62,2.6,7.0,0.00,0.00,0.00,0,0,0,0,0,5.9,56,38,11.7,11.9,1,1851.08,1023.4,1008.9
2020-04-04T20:00,8.5,0.00,64,2.1,5.6,0.00,0.00,0.00,0,0,0,0,0,7.3,74,57,17.2,15.5,0,0.00,1024.0,1009.5
2020-04-04T21:00,8.0,0.00,61,0.9,4.5,0.00,0.00,0.00,0,0,0,0,0,9.8,91,82,23.4,20.5,0,0.00,1024.4,1009.8
2020-04-04T22:00,8.3,0.00,54,-0.3,4.2,0.00,0.00,0.00,0,0,0,0,0,13.3,97,93,29.7,28.1,0,0.00,1024.5,1010.0
2020-04-04T23:00,8.1,0.00,53,-0.9,3.5,0.00,0.00,0.00,0,0,0,0,0,16.3,100,98,33.6,34.6,0,0.00,1024.9,1010.3
2020-04-05T00:00,7.7,0.00,54,-1.1,3.0,0.00,0.00,0.00,0,0,0,0,0,16.3,99,96,33.5,35.3,0,0.00,1025.0,1010.4
2020-04-05T01:00,8.2,0.00,53,-0.7,3.7,0.00,0.00,0.00,0,0,0,0,0,15.3,104,98,31.5,34.6,0,0.00,1024.6,1010.0
2020-04-05T02:00,7.4,0.00,57,-0.6,3.0,0.00,0.00,0.00,0,0,0,0,0,14.6,104,99,30.4,32.0,0,0.00,1024.3,1009.7
2020-04-05T03:00,6.7,0.00,60,-0.6,2.3,0.00,0.00,0.00,0,0,0,0,0,14.9,102,98,30.9,31.0,0,0.00,1024.1,1009.5
2020-04-05T04:00,6.3,0.00,61,-0.6,1.9,0.00,0.00,0.00,0,0,0,0,0,14.6,102,99,30.6,31.0,0,0.00,1024.2,1009.5
2020-04-05T05:00,5.9,0.00,63,-0.7,1.4,0.00,0.00,0.00,0,0,0,0,0,15.3,103,99,31.4,31.7,0,0.00,1024.6,1009.9
2020-04-05T06:00,5.6,0.00,63,-0.8,1.1,0.00,0.00,0.00,0,0,0,0,0,15.3,104,98,31.9,32.8,1,0.00,1024.7,1010.0
2020-04-05T07:00,6.5,0.00,63,-0.0,2.1,0.00,0.00,0.00,0,0,0,0,0,15.3,103,99,30.3,33.1,1,2130.17,1025.1,1010.4
2020-04-05T08:00,8.5,0.00,60,1.2,4.4,0.00,0.00,0.00,0,0,0,0,0,15.0,102,101,26.1,33.8,1,3600.00,1025.3,1010.8
2020-04-05T09:00,10.7,0.00,57,2.4,6.6,0.00,0.00,0.00,0,0,0,0,0,15.7,107,106,23.7,36.4,1,3600.00,1025.2,1010.8
2020-04-05T10:00,12.6,0.00,53,3.2,8.7,0.00,0.00,0.00,0,0,0,0,0,15.9,109,108,22.9,37.1,1,3600.00,1024.8,1010.5
2020-04-05T11:00,14.4,0.00,49,3.7,11.1,0.00,0.00,0.00,0,0,0,0,0,15.8,112,111,22.6,37.4,1,3600.00,1024.2,1010.0
2020-04-05T12:00,15.8,0.00,44,3.7,13.1,0.00,0.00,0.00,0,0,0,0,0,15.3,114,114,20.9,37.4,1,3600.00,1023.3,1009.1
2020-04-05T13:00,17.9,0.00,37,3.0,15.4,0.00,0.00,0.00,0,0,0,0,0,13.9,112,111,19.1,36.0,1,3600.00,1022.5,1008.5
2020-04-05T14:00,18.3,0.00,36,2.9,15.7,0.00,0.00,0.00,0,0,0,0,0,13.3,112,109,18.6,33.1,1,3600.00,1021.9,1007.9
2020-04-05T15:00,18.5,0.00,36,3.0,15.5,0.00,0.00,0.00,0,0,0,0,0,13.0,106,104,18.0,31.7,1,3600.00,1021.1,1007.1
2020-04-05T16:00,18.3,0.00,36,3.0,14.6,0.00,0.00,0.00,0,0,0,0,0,13.7,106,104,19.8,31.0,1,3600.00,1020.5,1006.5
2020-04-05T17:00,17.6,0.00,38,3.0,13.9,0.00,0.00,0.00,0,0,0,0,0,13.7,106,104,22.8,31.7,1,3600.00,1020.0,1006.0
2020-04-05T18:00,16.0,0.00,42,3.1,12.6,0.00,0.00,0.00,0,0,0,0,0,11.8,107,102,24.5,30.6,1,3600.00,1020.1,1006.0
2020-04-05T19:00,13.9,0.00,43,1.5,10.2,0.00,0.00,0.00,0,0,0,0,0,12.3,104,97,27.9,26.6,1,1939.96,1020.2,1006.0
2020-04-05T20:00,12.7,0.00,45,1.0,8.8,0.00,0.00,0.00,0,0,0,0,0,13.4,105,96,30.1,28.4,0,0.00,1020.5,1006.2
2020-04-05T21:00,11.8,0.00,46,0.7,7.8,0.00,0.00,0.00,0,0,0,0,0,13.8,107,97,30.4,29.2,0,0.00,1020.6,1006.3
2020-04-05T22:00,10.9,0.00,48,0.4,6.8,0.00,0.00,0.00,0,0,0,0,0,13.8,107,99,30.9,29.2,0,0.00,1020.5,1006.1
2020-04-05T23:00,9.9,0.00,51,0.1,5.7,0.00,0.00,0.00,0,0,0,0,0,14.3,107,100,30.5,29.5,0,0.00,1020.6,1006.2
2020-04-06T00:00,9.0,0.00,53,-0.2,4.8,0.00,0.00,0.00,0,0,0,0,0,14.3,110,102,30.3,29.9,0,0.00,1020.6,1006.1
2020-04-06T01:00,9.4,0.00,50,-0.5,5.1,0.00,0.00,0.00,0,0,0,0,0,14.1,117,105,29.8,29.5,0,0.00,1019.7,1005.3
2020-04-06T02:00,8.9,0.00,52,-0.4,4.8,0.00,0.00,0.00,0,0,0,0,0,13.2,115,107,28.7,28.8,0,0.00,1019.9,1005.4
2020-04-06T03:00,7.9,0.00,56,-0.2,4.2,0.00,0.00,0.00,0,0,0,0,0,10.8,125,116,25.4,26.6,0,0.00,1020.1,1005.6
2020-04-06T04:00,7.3,0.00,59,-0.2,3.4,0.00,0.00,0.00,0,0,0,0,0,11.9,129,115,24.6,23.8,0,0.00,1020.4,1005.9
2020-04-06T05:00,6.1,0.00,65,-0.0,2.6,0.00,0.00,0.00,0,0,0,0,0,9.5,143,115,18.5,23.4,0,0.00,1020.9,1006.3
2020-04-06T06:00,5.3,0.00,69,0.1,2.0,0.00,0.00,0.00,0,0,0,0,0,8.0,150,108,14.5,18.0,1,0.00,1021.4,1006.7
2020-04-06T07:00,6.9,0.00,68,1.5,3.7,0.00,0.00,0.00,0,0,0,0,0,9.0,153,113,12.6,16.2,1,2252.17,1021.9,1007.3
2020-04-06T08:00,10.5,0.00,62,3.6,8.0,0.00,0.00,0.00,0,0,0,0,0,6.6,166,135,11.5,16.9,1,3600.00,1022.6,1008.2
2020-04-06T09:00,13.0,0.00,54,4.0,10.6,0.00,0.00,0.00,0,0,0,0,0,6.5,185,180,9.0,18.7,1,3600.00,1023.2,1008.9
2020-04-06T10:00,15.0,0.00,52,5.2,12.7,0.00,0.00,0.00,0,0,0,0,0,7.4,194,194,10.4,21.2,1,3600.00,1023.4,1009.2
2020-04-06T11:00,17.2,0.00,48,6.0,15.5,0.00,0.00,0.00,0,0,0,0,0,8.9,208,207,12.2,24.5,1,3600.00,1023.3,1009.2
2020-04-06T12:00,18.8,0.00,46,6.9,17.7,0.00,0.00,0.00,0,0,0,0,0,9.2,224,222,12.5,25.2,1,3600.00,1023.0,1009.0
2020-04-06T13:00,20.4,0.00,39,6.0,19.3,0.00,0.00,0.00,0,0,0,0,0,8.9,230,230,11.8,25.2,1,3600.00,1022.9,1009.0
2020-04-06T14:00,21.2,0.00,37,5.9,20.0,0.00,0.00,0.00,0,0,0,0,0,8.2,230,229,11.2,23.4,1,3600.00,1022.9,1009.0
2020-04-06T15:00,21.6,0.00,33,4.8,19.5,0.00,0.00,0.00,0,0,0,0,0,9.3,219,216,12.5,22.7,1,3600.00,1022.5,1008.6
2020-04-06T16:00,21.3,0.00,35,5.3,18.8,0.00,0.00,0.00,0,0,0,0,0,9.2,211,211,13.4,23.4,1,3600.00,1022.4,1008.5
2020-04-06T17:00,20.6,0.00,40,6.7,18.8,0.00,0.00,0.00,0,0,0,0,0,6.9,216,219,12.9,22.0,1,3600.00,1022.6,1008.7
2020-04-06T18:00,18.4,0.00,58,10.0,17.6,0.00,0.00,0.00,0,0,0,0,0,5.1,223,219,13.2,16.9,1,3600.00,1022.9,1008.9
2020-04-06T19:00,14.6,0.00,60,7.0,12.5,0.00,0.00,0.00,0,0,0,0,0,9.3,224,208,13.0,14.8,1,2028.78,1023.5,1009.3
2020-04-06T20:00,17.6,0.00,45,5.5,15.4,0.00,0.00,0.00,0,0,0,0,0,7.4,247,209,11.8,14.4,0,0.00,1024.4,1010.3
2020-04-06T21:00,16.4,0.00,49,5.6,14.6,0.00,0.00,0.00,0,0,0,0,0,4.9,268,197,10.1,11.9,0,0.00,1025.4,1011.2
2020-04-06T22:00,15.7,0.00,51,5.5,14.5,0.00,0.00,0.00,0,0,0,0,0,0.5,284,135,5.9,9.4,0,0.00,1025.9,1011.7
2020-04-06T23:00,14.8,0.00,53,5.3,13.5,0.00,0.00,0.00,0,0,0,0,0,1.1,278,108,2.5,4.0,0,0.00,1026.2,1012.0
2020-04-07T00:00,13.8,0.00,56,5.1,12.5,0.00,0.00,0.00,0,0,0,0,0,0.5,281,135,1.8,4.0,0,0.00,1026.6,1012.3
2020-04-07T01:00,10.0,0.00,66,4.0,7.7,0.00,0.00,0.00,0,0,0,0,0,6.1,187,130,5.8,2.9,0,0.00,1026.8,1012.3
2020-04-07T02:00,9.7,0.00,65,3.4,7.7,0.00,0.00,0.00,0,0,0,0,0,2.9,124,60,1.3,8.6,0,0.00,1027.0,1012.5
2020-04-07T03:00,8.9,0.00,67,3.0,6.9,0.00,0.00,0.00,0,0,0,0,0,3.1,90,69,0.7,4.7,0,0.00,1027.4,1012.8
2020-04-07T04:00,9.6,0.00,63,2.8,7.2,0.00,0.00,0.00,0,2,0,2,0,4.6,360,39,5.4,6.8,0,0.00,1028.2,1013.7
2020-04-07T05:00,8.7,0.00,65,2.4,6.4,0.00,0.00,0.00,0,7,0,7,0,4.0,52,95,4.1,7.9,0,0.00,1028.3,1013.7
2020-04-07T06:00,9.3,0.00,61,2.1,7.4,0.00,0.00,0.00,0,7,0,7,0,0.7,281,90,1.8,6.1,1,0.00,1029.0,1014.4
2020-04-07T07:00,8.4,0.00,73,3.7,6.3,0.00,0.00,0.00,0,0,0,0,0,4.0,132,117,4.3,7.9,1,2374.13,1029.5,1014.9
2020-04-07T08:00,11.6,0.00,65,5.2,9.9,0.00,0.00,0.00,0,7,0,7,0,3.6,120,143,8.7,11.9,1,3600.00,1029.8,1015.3
2020-04-07T09:00,14.2,0.00,58,6.0,13.0,0.00,0.00,0.00,0,2,0,2,0,1.1,180,252,0.7,11.2,1,3600.00,1030.2,1015.9
2020-04-07T10:00,16.1,0.00,55,7.0,14.8,0.00,0.00,0.00,0,2,0,2,0,3.6,319,307,3.8,14.0,1,3600.00,1030.3,1016.1
2020-04-07T11:00,18.0,0.00,52,8.0,17.6,0.00,0.00,0.00,0,1,0,1,0,3.6,340,323,4.2,15.1,1,3600.00,1030.2,1016.1
2020-04-07T12:00,19.9,0.00,49,9.0,20.2,0.00,0.00,0.00,0,1,0,1,0,3.5,351,336,4.4,15.1,1,3600.00,1029.6,1015.6
2020-04-07T13:00,21.8,0.00,42,8.4,21.6,0.00,0.00,0.00,0,2,0,0,0,6.9,338,332,8.6,15.1,1,3600.00,1028.6,1014.7
2020-04-07T14:00,22.3,0.00,38,7.5,21.7,0.00,0.00,0.00,0,0,0,0,0,6.6,335,331,8.4,20.2,1,3600.00,1028.2,1014.3
2020-04-07T15:00,22.6,0.00,37,7.2,21.5,0.00,0.00,0.00,3,82,0,82,0,6.6,353,347,8.4,19.8,1,3600.00,1027.5,1013.6
2020-04-07T16:00,22.7,0.00,36,6.8,21.4,0.00,0.00,0.00,0,0,0,0,0,3.3,360,347,4.3,17.6,1,3600.00,1026.8,1012.9
2020-04-07T17:00,22.7,0.00,30,4.1,21.1,0.00,0.00,0.00,0,0,0,0,0,1.3,59,34,2.1,10.1,1,3600.00,1026.3,1012.4
2020-04-07T18:00,19.7,0.00,55,10.3,18.9,0.00,0.00,0.00,0,2,0,2,0,5.7,63,55,15.0,11.2,1,3600.00,1026.4,1012.4
2020-04-07T19:00,17.2,0.00,46,5.5,14.5,0.00,0.00,0.00,0,0,0,0,0,10.6,68,62,25.2,22.3,1,2117.51,1026.8,1012.7
2020-04-07T20:00,16.7,0.00,43,4.2,13.2,0.00,0.00,0.00,0,0,0,0,0,13.9,75,73,30.9,28.4,0,0.00,1027.1,1012.9
2020-04-07T21:00,16.3,0.00,42,3.2,12.7,0.00,0.00,0.00,0,0,0,0,0,13.7,80,76,30.4,29.2,0,0.00,1027.3,1013.1
2020-04-07T22:00,15.3,0.00,43,2.6,11.7,0.00,0.00,0.00,0,0,0,0,0,12.7,83,82,28.7,28.1,0,0.00,1027.3,1013.1
2020-04-07T23:00,14.4,0.00,46,2.8,10.8,0.00,0.00,0.00,0,0,0,0,0,13.0,84,88,29.3,27.4,0,0.00,1027.5,1013.2
2020-04-08T00:00,13.2,0.00,54,4.2,10.2,0.00,0.00,0.00,0,0,0,0,0,11.5,89,90,27.7,27.4,0,0.00,1027.6,1013.3
2020-04-08T01:00,13.1,0.00,56,4.6,10.4,0.00,0.00,0.00,0,0,0,0,0,9.7,89,88,25.6,25.2,0,0.00,1027.1,1012.8
2020-04-08T02:00,12.2,0.00,60,4.7,9.8,0.00,0.00,0.00,0,0,0,0,0,8.0,88,85,23.1,20.5,0,0.00,1026.9,1012.5
2020-04-08T03:00,11.1,0.00,67,5.2,8.9,0.00,0.00,0.00,0,0,0,0,0,7.2,91,90,21.6,17.3,0,0.00,1026.6,1012.2
2020-04-08T04:00,10.0,0.00,72,5.1,7.8,0.00,0.00,0.00,0,0,0,0,0,6.8,97,90,20.7,15.5,0,0.00,1026.4,1011.9
2020-04-08T05:00,9.0,0.00,74,4.6,6.6,0.00,0.00,0.00,0,0,0,0,0,7.6,101,90,19.1,14.4,0,0.00,1026.4,1011.9
2020-04-08T06:00,7.8,0.00,78,4.1,5.1,0.00,0.00,0.00,0,0,0,0,0,8.8,101,81,14.7,14.4,1,0.00,1026.2,1011.6
2020-04-08T07:00,10.9,0.00,69,5.5,9.1,0.00,0.00,0.00,0,0,0,0,0,4.7,102,90,13.6,13.7,1,2495.93,1026.6,1012.2
2020-04-08T08:00,13.6,0.00,58,5.5,11.9,0.00,0.00,0.00,0,0,0,0,0,3.8,106,107,9.3,10.8,1,3600.00,1026.7,1012.4
2020-04-08T09:00,15.7,0.00,51,5.5,13.9,0.00,0.00,0.00,0,0,0,0,0,4.9,107,107,7.5,15.1,1,3600.00,1026.4,1012.2
2020-04-08T10:00,17.7,0.00,45,5.5,15.8,0.00,0.00,0.00,0,0,0,0,0,5.3,113,118,7.4,16.9,1,3600.00,1026.2,1012.1
2020-04-08T11:00,19.3,0.00,40,5.4,18.1,0.00,0.00,0.00,0,0,0,0,0,5.1,131,135,6.6,16.9,1,3600.00,1025.9,1011.9
2020-04-08T12:00,20.6,0.00,37,5.5,20.1,0.00,0.00,0.00,0,0,0,0,0,4.0,159,170,5.0,16.6,1,3600.00,1024.9,1010.9
2020-04-08T13:00,21.0,0.00,34,4.6,20.9,0.00,0.00,0.00,0,0,0,0,0,1.8,270,270,1.4,15.5,1,3600.00,1024.4,1010.5
2020-04-08T14:00,21.6,0.00,36,5.7,21.4,0.00,0.00,0.00,0,0,0,0,0,2.2,252,261,2.3,12.6,1,3600.00,1023.9,1010.0
2020-04-08T15:00,21.7,0.00,37,6.2,20.6,0.00,0.00,0.00,0,0,0,0,0,4.0,274,280,4.7,14.0,1,3600.00,1023.2,1009.3
2020-04-08T16:00,21.3,0.00,40,7.0,19.5,0.00,0.00,0.00,0,0,0,0,0,6.8,291,295,8.9,17.6,1,3600.00,1022.7,1008.8
2020-04-08T17:00,20.5,0.00,45,8.0,18.8,0.00,0.00,0.00,1,31,0,31,1,8.2,310,311,12.8,19.8,1,3600.00,1022.5,1008.6
2020-04-08T18:00,18.8,0.00,57,10.0,18.0,0.00,0.00,0.00,3,84,0,84,0,5.5,332,337,14.7,19.4,1,3600.00,1022.4,1008.4
2020-04-08T19:00,16.2,0.00,61,8.7,14.8,0.00,0.00,0.00,1,20,0,20,0,7.3,331,340,12.7,11.9,1,1261.82,1022.5,1008.4
2020-04-08T20:00,15.7,0.00,59,7.6,14.1,0.00,0.00,0.00,0,0,0,0,0,6.5,335,6,14.7,13.0,0,0.00,1022.9,1008.7
2020-04-08T21:00,13.7,0.00,66,7.5,12.3,0.00,0.00,0.00,0,0,0,0,0,5.2,15,56,10.0,13.0,0,0.00,1023.2,1008.9
2020-04-08T22:00,11.2,0.00,75,6.9,9.6,0.00,0.00,0.00,0,0,0,0,0,5.6,71,75,8.8,13.0,0,0.00,1022.9,1008.5
2020-04-08T23:00,9.5,0.00,79,6.1,8.1,0.00,0.00,0.00,0,0,0,0,0,2.9,95,83,4.0,12.6,0,0.00,1023.0,1008.5
2020-04-09T00:00,9.5,0.00,75,5.3,7.7,0.00,0.00,0.00,0,0,0,0,0,4.8,164,103,7.9,9.7,0,0.00,1023.0,1008.5
2020-04-09T01:00,10.3,0.00,69,4.8,8.2,0.00,0.00,0.00,0,1,0,1,0,5.4,140,110,5.6,11.9,0,0.00,1022.8,1008.4
2020-04-09T02:00,8.8,0.00,72,4.1,6.7,0.00,0.00,0.00,0,0,0,0,0,4.7,155,113,6.0,10.4,0,0.00,1022.6,1008.1
2020-04-09T03:00,8.5,0.00,72,3.6,6.1,0.00,0.00,0.00,0,0,0,0,0,5.9,167,101,4.8,10.1,0,0.00,1022.5,1008.0
2020-04-09T04:00,7.2,0.00,75,3.2,4.8,0.00,0.00,0.00,0,1,0,1,0,5.4,145,90,4.4,8.6,0,0.00,1022.7,1008.1
2020-04-09T05:00,7.6,0.00,73,3.0,5.1,0.00,0.00,0.00,0,4,0,4,0,6.5,141,93,4.6,9.7,0,0.00,1023.1,1008.5
2020-04-09T06:00,7.8,0.00,73,3.2,5.2,0.00,0.00,0.00,0,15,0,15,0,6.6,129,112,6.9,11.2,1,0.00,1023.0,1008.4
2020-04-09T07:00,10.7,0.00,66,4.5,8.4,0.00,0.00,0.00,0,8,0,8,0,6.4,126,128,9.8,12.2,1,2617.46,1023.3,1008.9
2020-04-09T08:00,13.4,0.00,63,6.5,11.8,0.00,0.00,0.00,0,2,0,2,0,5.2,153,164,11.3,14.4,1,3600.00,1023.6,1009.3
2020-04-09T09:00,15.9,0.00,59,7.8,14.6,0.00,0.00,0.00,0,7,0,7,0,5.2,166,168,7.4,15.5,1,3600.00,1024.0,1009.8
2020-04-09T10:00,18.0,0.00,53,8.2,17.0,0.00,0.00,0.00,0,8,0,8,0,4.0,172,175,5.1,15.8,1,3600.00,1024.0,1009.9
2020-04-09T11:00,20.0,0.00,46,7.9,19.5,0.00,0.00,0.00,0,7,0,7,0,3.1,191,201,3.7,14.8,1,3600.00,1023.8,1009.8
2020-04-09T12:00,21.4,0.00,40,7.4,21.5,0.00,0.00,0.00,0,3,0,3,0,2.3,243,252,2.4,13.7,1,3600.00,1023.3,1009.4
2020-04-09T13:00,22.0,0.00,36,6.3,21.3,0.00,0.00,0.00,0,3,0,5,0,7.3,257,259,9.6,14.4,1,3600.00,1023.3,1009.4
2020-04-09T14:00,22.4,0.00,33,5.5,21.4,0.00,0.00,0.00,0,2,0,2,0,6.2,275,277,7.6,20.9,1,3600.00,1023.0,1009.2
2020-04-09T15:00,22.6,0.00,31,4.8,21.3,0.00,0.00,0.00,0,2,0,2,0,4.6,320,315,5.6,17.6,1,3600.00,1022.5,1008.7
2020-04-09T16:00,22.2,0.00,33,5.2,20.2,0.00,0.00,0.00,0,1,0,1,0,5.0,328,330,6.8,14.4,1,3600.00,1022.1,1008.3
2020-04-09T17:00,22.2,0.00,32,4.5,20.4,0.00,0.00,0.00,0,0,0,0,0,3.3,346,347,4.5,13.3,1,3600.00,1021.9,1008.1
2020-04-09T18:00,20.1,0.00,63,12.9,20.3,0.00,0.00,0.00,0,10,0,10,0,4.5,11,14,7.3,8.3,1,3600.00,1022.2,1008.3
2020-04-09T19:00,15.8,0.00,59,7.9,14.1,0.00,0.00,0.00,0,10,0,10,0,8.2,10,29,10.6,12.2,1,2294.63,1022.4,1008.3
2020-04-09T20:00,15.7,0.00,52,5.9,13.7,0.00,0.00,0.00,1,26,0,26,0,6.4,4,43,14.8,12.6,0,0.00,1023.0,1008.8
2020-04-09T21:00,14.7,0.00,56,5.9,12.4,0.00,0.00,0.00,0,15,0,15,0,8.5,43,62,15.8,16.9,0,0.00,1023.3,1009.1
2020-04-09T22:00,13.7,0.00,59,5.8,11.2,0.00,0.00,0.00,0,8,0,8,0,9.5,61,65,19.0,18.7,0,0.00,1023.5,1009.2
2020-04-09T23:00,14.0,0.00,56,5.4,11.3,0.00,0.00,0.00,0,3,0,3,0,10.5,66,59,25.6,21.6,0,0.00,1023.7,1009.4
2020-04-10T00:00,13.7,0.00,62,6.5,11.3,0.00,0.00,0.00,0,0,0,0,0,9.9,72,71,24.9,22.0,0,0.00,1023.8,1009.5
2020-04-10T01:00,11.6,0.00,67,5.6,9.4,0.00,0.00,0.00,0,3,0,1,0,7.2,92,96,13.3,20.5,0,0.00,1023.6,1009.2
2020-04-10T02:00,10.8,0.00,72,6.0,8.8,0.00,0.00,0.00,0,1,0,1,0,6.5,93,93,11.9,12.2,0,0.00,1023.7,1009.3
2020-04-10T03:00,10.6,0.00,74,6.1,8.8,0.00,0.00,0.00,0,1,0,1,0,5.2,90,56,9.7,11.2,0,0.00,1023.9,1009.5
2020-04-10T04:00,8.5,0.00,85,6.2,6.7,0.00,0.00,0.00,0,1,0,1,0,6.1,75,40,12.3,11.5,0,0.00,1023.9,1009.4
2020-04-10T05:00,7.8,0.00,88,6.0,5.7,0.00,0.00,0.00,0,4,0,4,0,7.2,83,53,12.0,12.6,0,0.00,1024.3,1009.7
2020-04-10T06:00,7.8,0.00,89,6.1,5.9,0.00,0.00,0.00,0,4,0,4,0,6.4,82,47,12.7,12.2,1,0.00,1024.5,1009.9
2020-04-10T07:00,11.2,0.00,80,7.9,9.9,0.00,0.00,0.00,0,2,0,2,0,4.9,85,73,12.6,11.9,1,2738.63,1024.7,1010.3
2020-04-10T08:00,14.0,0.00,71,8.8,13.4,0.00,0.00,0.00,0,2,0,1,0,1.8,90,90,5.4,10.8,1,3600.00,1024.7,1010.4
2020-04-10T09:00,16.4,0.00,63,9.3,15.7,0.00,0.00,0.00,0,1,0,1,0,3.3,98,103,5.1,12.6,1,3600.00,1024.5,1010.4
2020-04-10T10:00,18.5,0.00,56,9.6,17.9,0.00,0.00,0.00,0,1,0,1,0,3.3,81,77,4.7,14.0,1,3600.00,1024.2,1010.2
2020-04-10T11:00,20.2,0.00,51,9.6,20.4,0.00,0.00,0.00,0,0,0,0,0,2.3,66,51,3.5,13.7,1,3600.00,1023.9,1009.9
2020-04-10T12:00,21.3,0.00,47,9.4,22.1,0.00,0.00,0.00,0,2,0,2,1,1.5,39,14,2.3,13.0,1,3600.00,1023.4,1009.5
2020-04-10T13:00,22.0,0.00,42,8.4,22.2,0.00,0.00,0.00,1,46,0,27,1,4.4,332,325,5.3,13.3,1,3600.00,1023.4,1009.5
2020-04-10T14:00,22.3,0.00,39,7.8,21.7,0.00,0.00,0.00,1,30,0,30,2,5.9,321,317,7.4,18.0,1,3600.00,1022.8,1009.0
2020-04-10T15:00,22.2,0.00,38,7.4,20.4,0.00,0.00,0.00,0,3,0,3,0,8.7,319,315,11.0,21.6,1,3600.00,1022.3,1008.5
2020-04-10T16:00,21.5,0.00,41,7.5,19.3,0.00,0.00,0.00,0,1,0,1,0,10.1,327,325,14.6,23.4,1,3600.00,1021.8,1007.9
2020-04-10T17:00,20.8,0.00,42,7.3,18.6,0.00,0.00,0.00,0,0,0,0,0,10.7,348,346,17.7,25.2,1,3600.00,1021.7,1007.8
2020-04-10T18:00,19.4,0.00,50,8.7,17.9,0.00,0.00,0.00,0,0,0,0,0,7.3,353,349,17.1,24.8,1,3600.00,1021.9,1007.9
2020-04-10T19:00,16.2,0.00,58,7.9,14.6,0.00,0.00,0.00,0,1,0,1,0,7.3,19,20,17.9,16.2,1,2382.98,1022.0,1007.9
2020-04-10T20:00,14.6,0.00,62,7.4,12.7,0.00,0.00,0.00,0,1,0,1,0,8.4,35,40,19.7,16.6,0,0.00,1022.5,1008.3
2020-04-10T21:00,14.1,0.00,60,6.3,11.6,0.00,0.00,0.00,0,1,0,1,0,10.2,49,58,23.2,20.2,0,0.00,1022.8,1008.6
2020-04-10T22:00,13.7,0.00,56,5.1,11.0,0.00,0.00,0.00,0,1,0,1,0,10.3,66,61,24.8,22.3,0,0.00,1023.2,1008.9
2020-04-10T23:00,13.6,0.00,55,4.7,10.5,0.00,0.00,0.00,0,5,4,1,0,12.8,75,74,28.7,26.3,0,0.00,1023.5,1009.2
2020-04-11T00:00,12.9,0.00,57,4.7,9.9,0.00,0.00,0.00,0,1,0,0,0,11.3,82,83,26.2,27.0,0,0.00,1023.6,1009.3
2020-04-11T01:00,10.3,0.00,72,5.5,7.6,0.00,0.00,0.00,0,0,2,0,0,10.7,87,70,18.8,23.4,0,0.00,1023.7,1009.3
2020-04-11T02:00,10.1,0.00,70,4.9,7.9,0.00,0.00,0.00,0,3,3,0,0,6.6,88,68,18.0,17.3,0,0.00,1023.8,1009.4
2020-04-11T03:00,9.3,0.00,73,4.6,6.9,0.00,0.00,0.00,0,0,0,0,0,7.0,90,69,16.6,13.3,0,0.00,1023.7,1009.2
2020-04-11T04:00,8.4,0.00,76,4.3,6.0,0.00,0.00,0.00,0,0,0,0,0,6.7,82,54,14.9,13.3,0,0.00,1023.9,1009.4
2020-04-11T05:00,8.2,0.00,74,3.8,5.9,0.00,0.00,0.00,0,0,0,0,0,6.0,86,73,17.3,12.6,0,0.00,1024.2,1009.7
2020-04-11T06:00,8.5,0.00,69,3.1,5.8,0.00,0.00,0.00,0,1,0,1,0,7.2,89,84,20.5,15.5,1,0.00,1024.1,1009.6
2020-04-11T07:00,10.3,0.00,65,3.9,7.6,0.00,0.00,0.00,0,1,0,1,0,8.6,90,88,19.1,18.0,1,2859.29,1024.5,1010.1
2020-04-11T08:00,12.7,0.00,58,4.6,10.3,0.00,0.00,0.00,0,0,0,0,0,7.6,92,90,12.2,19.1,1,3600.00,1024.6,1010.3
2020-04-11T09:00,15.1,0.00,53,5.7,12.9,0.00,0.00,0.00,0,0,0,0,0,7.6,92,90,10.8,20.2,1,3600.00,1024.6,1010.4
2020-04-11T10:00,17.4,0.00,48,6.2,15.5,0.00,0.00,0.00,0,0,0,0,0,6.5,90,87,9.4,19.8,1,3600.00,1024.3,1010.2
2020-04-11T11:00,19.2,0.00,42,6.1,18.0,0.00,0.00,0.00,0,0,0,0,0,6.5,95,93,9.0,19.8,1,3600.00,1024.0,1010.0
2020-04-11T12:00,20.5,0.00,39,6.1,19.7,0.00,0.00,0.00,0,0,0,0,0,6.5,99,96,8.8,20.2,1,3600.00,1023.4,1009.5
2020-04-11T13:00,21.3,0.00,35,5.3,21.2,0.00,0.00,0.00,0,0,0,0,0,2.4,77,63,3.3,19.8,1,3600.00,1023.0,1009.1
2020-04-11T14:00,21.8,0.00,36,6.1,21.7,0.00,0.00,0.00,0,0,0,0,0,2.7,29,23,3.7,13.3,1,3600.00,1022.4,1008.5
2020-04-11T15:00,22.0,0.00,36,6.2,21.2,0.00,0.00,0.00,0,0,0,0,0,3.6,4,360,4.7,14.0,1,3600.00,1021.9,1008.1
2020-04-11T16:00,21.9,0.00,36,6.3,20.3,0.00,0.00,0.00,0,0,0,0,0,4.9,350,343,6.2,14.4,1,3600.00,1021.3,1007.5
2020-04-11T17:00,21.4,0.00,39,7.0,19.8,0.00,0.00,0.00,0,0,0,0,0,6.0,340,335,8.4,14.8,1,3600.00,1020.9,1007.0
2020-04-11T18:00,19.7,0.00,53,9.8,18.9,0.00,0.00,0.00,0,1,0,1,0,4.9,346,343,12.2,14.8,1,3600.00,1020.8,1006.9
2020-04-11T19:00,16.4,0.00,58,8.2,15.0,0.00,0.00,0.00,0,1,0,1,0,6.1,28,28,14.3,11.9,1,2471.18,1021.0,1006.9
2020-04-11T20:00,15.0,0.00,57,6.4,12.8,0.00,0.00,0.00,0,2,0,2,0,8.9,84,76,20.3,17.3,0,0.00,1021.3,1007.1
2020-04-11T21:00,13.9,0.00,50,3.7,11.1,0.00,0.00,0.00,0,1,0,1,0,9.0,97,92,22.1,18.7,0,0.00,1021.4,1007.2
2020-04-11T22:00,13.0,0.00,46,1.6,9.6,0.00,0.00,0.00,0,1,0,1,0,10.1,103,94,23.2,20.2,0,0.00,1021.5,1007.2
2020-04-11T23:00,12.3,0.00,44,0.5,8.7,0.00,0.00,0.00,0,2,0,2,0,10.5,106,96,23.9,21.6,0,0.00,1021.5,1007.2
2020-04-12T00:00,11.7,0.00,45,0.2,8.1,0.00,0.00,0.00,0,3,0,3,0,10.0,111,103,23.5,21.6,0,0.00,1021.2,1006.9
2020-04-12T01:00,11.9,0.00,44,0.1,8.4,0.00,0.00,0.00,0,4,0,15,0,9.3,120,106,20.8,20.2,0,0.00,1020.8,1006.5
2020-04-12T02:00,10.8,0.00,48,0.2,7.5,0.00,0.00,0.00,0,4,0,4,0,8.5,126,102,19.1,18.0,0,0.00,1020.3,1005.9
2020-04-12T03:00,10.5,0.00,49,0.2,6.9,0.00,0.00,0.00,0,6,0,6,0,10.0,126,105,20.9,19.1,0,0.00,1019.7,1005.3
2020-04-12T04:00,10.6,0.00,49,0.2,6.8,0.00,0.00,0.00,0,8,0,8,0,12.1,122,100,22.0,23.4,0,0.00,1018.9,1004.5
2020-04-12T05:00,10.1,0.00,52,0.6,6.7,0.00,0.00,0.00,0,7,0,7,0,9.7,126,105,20.1,23.4,0,0.00,1018.8,1004.4
2020-04-12T06:00,9.6,0.00,57,1.4,6.5,0.00,0.00,0.00,1,26,0,26,0,8.2,130,119,20.2,20.5,1,0.00,1018.5,1004.1
2020-04-12T07:00,11.0,0.00,58,3.0,7.8,0.00,0.00,0.00,1,32,0,32,0,10.5,135,117,19.3,19.4,1,2979.37,1018.6,1004.3
2020-04-12T08:00,13.8,0.00,55,4.9,11.4,0.00,0.00,0.00,1,45,0,45,0,7.9,133,120,14.3,22.3,1,3600.00,1018.3,1004.1
2020-04-12T09:00,15.6,0.00,54,6.2,13.7,0.00,0.00,0.00,0,19,0,19,0,5.9,190,191,8.0,18.0,1,3600.00,1018.4,1004.3
2020-04-12T10:00,18.2,0.00,48,6.9,16.2,0.00,0.00,0.00,0,14,0,14,0,8.0,166,162,10.4,20.9,1,3600.00,1017.3,1003.3
2020-04-12T11:00,19.6,0.00,48,8.2,17.7,0.00,0.00,0.00,0,1,0,1,0,11.0,204,203,15.0,27.7,1,3600.00,1016.9,1003.0
2020-04-12T12:00,21.6,0.00,42,8.2,20.3,0.00,0.00,0.00,1,20,0,20,0,12.3,232,230,16.9,30.2,1,3600.00,1016.0,1002.2
2020-04-12T13:00,23.1,0.00,32,5.3,21.3,0.00,0.00,0.00,1,26,0,54,0,11.3,230,233,15.1,36.0,1,3600.00,1015.3,1001.6
2020-04-12T14:00,22.1,0.00,32,4.9,18.7,0.00,0.00,0.00,1,39,1,39,0,15.0,228,228,21.4,35.6,1,3600.00,1015.0,1001.3
2020-04-12T15:00,22.6,0.00,29,3.7,19.1,0.00,0.00,0.00,1,22,15,15,0,13.8,229,227,20.2,34.6,1,3600.00,1014.2,1000.5
2020-04-12T16:00,22.4,0.20,32,4.9,19.5,0.20,0.00,0.00,51,55,27,47,0,11.4,236,235,16.9,33.5,1,3600.00,1013.3,999.6
2020-04-12T17:00,22.0,0.00,37,6.7,20.3,0.00,0.00,0.00,1,42,22,31,0,5.7,236,235,10.9,27.0,1,3600.00,1012.8,999.1
2020-04-12T18:00,19.8,0.00,49,8.6,18.5,0.00,0.00,0.00,1,48,27,45,0,6.2,221,216,14.8,16.6,1,3600.00,1012.8,999.0
2020-04-12T19:00,16.9,0.00,54,7.5,15.3,0.00,0.00,0.00,1,34,11,31,0,6.3,229,204,15.8,16.2,1,2559.18,1013.0,999.0
2020-04-12T20:00,17.3,0.00,48,6.1,15.2,0.00,0.00,0.00,1,20,2,19,0,7.4,240,203,10.8,13.0,0,0.00,1013.1,999.2
2020-04-12T21:00,18.3,0.00,41,4.8,16.0,0.00,0.00,0.00,0,11,4,10,0,7.3,286,303,12.0,11.5,0,0.00,1013.3,999.4
2020-04-12T22:00,15.4,0.00,51,5.2,13.1,0.00,0.00,0.00,0,1,0,1,0,7.3,289,261,12.2,13.3,0,0.00,1013.3,999.3
2020-04-12T23:00,15.0,0.00,50,4.7,13.2,0.00,0.00,0.00,0,1,0,1,0,3.3,285,186,7.1,12.6,0,0.00,1013.5,999.4
2020-04-13T00:00,13.4,0.00,57,5.0,11.9,0.00,0.00,0.00,0,1,0,1,0,1.5,325,104,5.7,7.2,0,0.00,1013.6,999.5
2020-04-13T01:00,9.9,0.00,76,5.9,8.1,0.00,0.00,0.00,0,1,0,0,0,5.7,231,162,7.9,5.4,0,0.00,1013.4,999.1
2020-04-13T02:00,8.4,0.00,83,5.6,6.6,0.00,0.00,0.00,0,2,0,2,0,4.8,247,153,5.5,10.8,0,0.00,1013.1,998.7
2020-04-13T03:00,8.1,0.00,83,5.4,6.2,0.00,0.00,0.00,0,5,0,5,0,5.4,222,160,8.7,9.7,0,0.00,1013.1,998.7
2020-04-13T04:00,7.4,0.00,87,5.4,5.3,0.00,0.00,0.00,1,31,0,31,0,6.5,232,180,11.8,11.2,0,0.00,1013.5,999.1
2020-04-13T05:00,7.6,0.00,86,5.4,5.6,0.00,0.00,0.00,1,43,0,43,0,5.8,223,158,6.9,11.2,0,0.00,1013.5,999.1
2020-04-13T06:00,7.9,0.00,86,5.7,6.3,0.00,0.00,0.00,0,3,0,3,0,3.7,256,169,5.9,10.4,1,0.00,1013.7,999.3
2020-04-13T07:00,10.3,0.00,77,6.4,8.4,0.00,0.00,0.00,0,0,0,0,0,6.8,236,183,11.7,14.0,1,3098.72,1014.0,999.7
2020-04-13T08:00,13.7,0.00,64,6.9,12.1,0.00,0.00,0.00,0,4,0,4,0,5.5,225,203,11.7,14.8,1,3600.00,1014.4,1000.3
2020-04-13T09:00,16.0,0.00,52,6.1,13.8,0.00,0.00,0.00,1,26,0,26,0,8.3,270,270,11.5,21.2,1,3600.00,1014.5,1000.5
2020-04-13T10:00,16.7,0.00,52,6.8,14.1,0.00,0.00,0.00,0,9,0,9,0,12.2,329,326,16.3,28.8,1,3600.00,1015.0,1001.0
2020-04-13T11:00,17.3,0.00,53,7.5,15.1,0.00,0.00,0.00,1,38,7,38,0,14.3,337,335,19.5,34.6,1,3600.00,1015.1,1001.1
2020-04-13T12:00,16.5,0.00,58,8.3,13.9,0.00,0.00,0.00,1,46,2,46,0,18.9,349,347,26.1,43.6,1,3600.00,1015.1,1001.1
2020-04-13T13:00,16.3,0.00,55,7.4,12.8,0.00,0.00,0.00,2,54,15,22,10,19.4,353,350,26.5,47.5,1,3600.00,1016.0,1002.0
2020-04-13T14:00,14.4,0.00,58,6.3,10.2,0.00,0.00,0.00,2,68,37,55,6,24.5,359,357,34.9,54.4,1,3600.00,1016.7,1002.6
2020-04-13T15:00,11.7,0.50,65,5.4,6.9,0.50,0.00,0.00,53,53,37,38,6,25.2,4,2,36.8,55.4,1,3600.00,1017.5,1003.2
2020-04-13T16:00,10.7,0.00,57,2.6,5.5,0.00,0.00,0.00,1,38,11,37,8,24.1,5,3,35.0,56.2,1,3600.00,1018.1,1003.8
2020-04-13T17:00,9.5,0.10,55,1.0,4.6,0.10,0.00,0.00,51,57,0,57,0,19.8,11,10,29.0,53.3,1,3600.00,1018.5,1004.1
2020-04-13T18:00,9.5,0.00,52,-0.0,5.1,0.00,0.00,0.00,3,92,7,92,0,15.0,18,17,23.1,43.2,1,3600.00,1018.6,1004.2
2020-04-13T19:00,9.3,0.00,45,-1.9,5.4,0.00,0.00,0.00,3,87,81,84,0,10.0,16,15,19.5,32.8,1,153.64,1019.1,1004.7
2020-04-13T20:00,8.6,0.00,42,-3.8,4.0,0.00,0.00,0.00,0,1,1,0,0,13.4,16,14,25.5,29.2,0,0.00,1020.0,1005.5
2020-04-13T21:00,7.4,0.00,43,-4.4,2.7,0.00,0.00,0.00,0,0,0,0,0,13.8,22,20,26.8,29.5,0,0.00,1021.1,1006.6
2020-04-13T22:00,6.4,0.00,43,-5.1,1.8,0.00,0.00,0.00,0,0,0,0,0,12.4,27,26,25.1,29.9,0,0.00,1022.0,1007.4
2020-04-13T23:00,4.8,0.00,49,-4.9,0.9,0.00,0.00,0.00,0,0,0,0,0,8.1,22,21,19.9,27.4,0,0.00,1022.2,1007.5
2020-04-14T00:00,3.9,0.00,53,-4.8,-0.1,0.00,0.00,0.00,0,0,0,0,0,7.9,20,24,19.6,17.6,0,0.00,1022.6,1007.8
2020-04-14T01:00,4.1,0.00,53,-4.8,0.0,0.00,0.00,0.00,0,0,0,0,0,8.9,17,21,21.9,17.6,0,0.00,1023.1,1008.4
2020-04-14T02:00,3.2,0.00,55,-4.9,-0.7,0.00,0.00,0.00,0,0,0,0,0,8.0,8,5,20.4,21.6,0,0.00,1023.7,1008.9
2020-04-14T03:00,2.6,0.00,57,-5.0,-1.6,0.00,0.00,0.00,0,0,0,0,0,9.5,17,11,21.4,20.9,0,0.00,1024.2,1009.4
2020-04-14T04:00,1.8,0.00,59,-5.3,-2.1,0.00,0.00,0.00,0,0,0,0,0,7.6,23,19,19.2,20.9,0,0.00,1024.7,1009.8
2020-04-14T05:00,0.6,0.00,66,-4.9,-2.9,0.00,0.00,0.00,0,1,0,0,1,5.2,18,12,14.0,17.6,0,0.00,1024.8,1009.8
2020-04-14T06:00,0.7,0.00,70,-4.2,-2.8,0.00,0.00,0.00,0,4,0,3,4,5.2,357,344,13.0,12.6,1,0.00,1025.1,1010.1
2020-04-14T07:00,2.6,0.00,64,-3.6,-1.1,0.00,0.00,0.00,0,2,0,2,1,7.4,353,346,14.2,18.0,1,3217.25,1025.6,1010.7
2020-04-14T08:00,4.6,0.00,57,-3.2,0.6,0.00,0.00,0.00,0,3,0,3,0,9.8,355,352,13.7,24.1,1,3600.00,1025.8,1011.0
2020-04-14T09:00,6.2,0.00,53,-2.6,1.7,0.00,0.00,0.00,2,61,0,2,61,13.4,7,5,18.1,32.0,1,3600.00,1025.7,1011.0
2020-04-14T10:00,7.1,0.00,48,-3.1,2.8,0.00,0.00,0.00,2,72,0,1,72,11.8,14,12,16.0,32.4,1,3600.00,1025.7,1011.1
2020-04-14T11:00,7.8,0.00,46,-3.1,3.7,0.00,0.00,0.00,3,99,0,2,99,10.7,20,20,14.6,29.9,1,3600.00,1025.6,1011.0
2020-04-14T12:00,8.0,0.00,46,-3.1,3.9,0.00,0.00,0.00,3,100,0,64,100,10.3,25,25,13.9,28.1,1,2968.66,1025.6,1011.0
2020-04-14T13:00,8.4,0.00,45,-2.9,4.6,0.00,0.00,0.00,3,100,0,82,100,8.6,6,2,11.2,26.6,1,0.00,1026.1,1011.5
2020-04-14T14:00,8.4,0.00,44,-3.1,4.8,0.00,0.00,0.00,3,100,0,68,100,7.1,20,15,9.6,23.0,1,0.00,1025.9,1011.3
2020-04-14T15:00,8.9,0.00,43,-3.0,5.3,0.00,0.00,0.00,3,98,0,57,98,7.2,21,18,9.2,20.2,1,2150.95,1025.6,1011.1
2020-04-14T16:00,9.4,0.00,41,-3.1,5.7,0.00,0.00,0.00,3,86,0,33,85,7.4,25,23,10.3,20.5,1,2922.78,1025.3,1010.8
2020-04-14T17:00,9.4,0.00,40,-3.4,5.7,0.00,0.00,0.00,2,78,0,8,78,7.4,33,29,9.9,20.9,1,3600.00,1025.0,1010.5
2020-04-14T18:00,9.3,0.00,41,-3.4,5.7,0.00,0.00,0.00,0,8,0,1,8,7.1,33,30,11.2,19.1,1,3600.00,1025.0,1010.5
2020-04-14T19:00,6.6,0.00,53,-2.3,3.4,0.00,0.00,0.00,0,5,0,0,5,5.4,46,42,13.5,16.2,1,2734.56,1025.3,1010.7
2020-04-14T20:00,5.6,0.00,53,-3.2,1.9,0.00,0.00,0.00,0,0,0,0,0,7.3,68,70,16.6,15.1,0,0.00,1025.8,1011.1
2020-04-14T21:00,4.0,0.00,61,-2.8,0.7,0.00,0.00,0.00,0,0,0,0,0,5.6,72,75,12.5,15.1,0,0.00,1026.3,1011.5
2020-04-14T22:00,2.7,0.00,69,-2.3,-0.4,0.00,0.00,0.00,0,0,0,0,0,4.5,62,76,9.3,11.5,0,0.00,1026.6,1011.7
2020-04-14T23:00,2.2,0.00,71,-2.6,-1.2,0.00,0.00,0.00,0,0,0,0,0,6.2,82,83,12.4,12.6,0,0.00,1026.4,1011.5
2020-04-15T00:00,2.3,0.00,67,-3.1,-1.5,0.00,0.00,0.00,0,0,0,0,0,8.3,113,92,16.5,16.2,0,0.00,1026.1,1011.2
2020-04-15T01:00,2.4,0.00,67,-3.1,-1.3,0.00,0.00,0.00,0,0,0,0,0,7.9,125,106,16.3,16.9,0,0.00,1025.9,1011.0
2020-04-15T02:00,2.0,0.00,67,-3.5,-1.8,0.00,0.00,0.00,0,0,0,0,0,7.9,105,90,17.9,16.2,0,0.00,1026.1,1011.2
2020-04-15T03:00,1.8,0.00,65,-4.0,-2.1,0.00,0.00,0.00,0,0,0,0,0,8.2,108,105,20.5,17.6,0,0.00,1025.7,1010.8
2020-04-15T04:00,1.3,0.00,67,-4.3,-2.6,0.00,0.00,0.00,0,0,0,0,0,7.6,105,98,19.4,17.6,0,0.00,1025.6,1010.7
2020-04-15T05:00,1.1,0.00,66,-4.5,-2.7,0.00,0.00,0.00,0,0,0,0,0,7.2,100,90,18.6,16.6,0,0.00,1025.5,1010.6
2020-04-15T06:00,1.1,0.00,68,-4.2,-2.6,0.00,0.00,0.00,0,0,0,0,0,6.4,108,106,17.4,15.8,1,0.00,1025.5,1010.6
2020-04-15T07:00,3.4,0.00,62,-3.3,-0.2,0.00,0.00,0.00,0,0,0,0,0,7.3,104,99,16.0,16.9,1,3334.84,1026.1,1011.3
2020-04-15T08:00,6.5,0.00,51,-2.9,3.0,0.00,0.00,0.00,0,0,0,0,0,6.3,100,103,9.9,17.6,1,3600.00,1026.2,1011.5
2020-04-15T09:00,8.8,0.00,44,-2.9,5.1,0.00,0.00,0.00,0,0,0,0,0,8.2,116,119,11.6,22.0,1,3600.00,1026.0,1011.5
2020-04-15T10:00,10.6,0.00,39,-2.9,6.9,0.00,0.00,0.00,1,28,28,0,0,9.1,107,108,12.1,24.8,1,3600.00,1025.8,1011.3
2020-04-15T11:00,12.2,0.00,37,-2.0,9.4,0.00,0.00,0.00,0,18,18,0,0,8.3,92,92,11.2,24.8,1,3600.00,1025.4,1011.0
2020-04-15T12:00,13.8,0.00,36,-1.0,11.7,0.00,0.00,0.00,1,29,29,0,0,7.7,98,101,10.2,24.1,1,3600.00,1024.5,1010.2
2020-04-15T13:00,14.7,0.00,34,-1.1,12.5,0.00,0.00,0.00,0,10,42,0,0,9.2,113,116,12.1,23.0,1,3600.00,1024.4,1010.2
2020-04-15T14:00,15.7,0.00,32,-0.8,13.4,0.00,0.00,0.00,2,68,68,0,0,8.7,117,120,11.8,25.6,1,3600.00,1023.8,1009.6
2020-04-15T15:00,16.4,0.00,31,-0.7,13.7,0.00,0.00,0.00,0,5,5,0,0,8.7,112,114,11.3,24.5,1,3600.00,1022.9,1008.8
2020-04-15T16:00,16.8,0.00,31,-0.4,13.3,0.00,0.00,0.00,0,0,0,0,0,8.7,97,95,12.0,23.0,1,3600.00,1022.1,1008.0
2020-04-15T17:00,16.6,0.00,33,0.3,13.3,0.00,0.00,0.00,0,0,0,0,0,8.6,90,90,12.6,22.3,1,3600.00,1021.6,1007.5
2020-04-15T18:00,15.5,0.00,40,2.1,12.7,0.00,0.00,0.00,0,0,0,0,0,7.0,82,78,15.3,20.5,1,3600.00,1021.1,1007.0
2020-04-15T19:00,12.9,0.00,45,1.1,9.7,0.00,0.00,0.00,0,8,8,0,0,8.1,83,77,20.3,16.9,1,2821.88,1020.7,1006.4
2020-04-15T20:00,11.4,0.00,46,0.1,8.0,0.00,0.00,0.00,0,9,9,0,0,8.6,84,75,21.7,18.0,0,0.00,1020.8,1006.5
2020-04-15T21:00,10.2,0.00,47,-0.6,6.7,0.00,0.00,0.00,1,27,27,0,0,8.3,97,85,21.4,18.0,0,0.00,1021.0,1006.6
2020-04-15T22:00,9.8,0.00,47,-0.9,6.1,0.00,0.00,0.00,1,29,29,0,0,10.1,101,90,25.3,20.5,0,0.00,1021.1,1006.7
2020-04-15T23:00,9.6,0.00,47,-1.0,5.6,0.00,0.00,0.00,2,59,59,0,0,11.7,105,101,26.8,24.1,0,0.00,1020.9,1006.5
2020-04-16T00:00,9.2,0.00,47,-1.4,4.8,0.00,0.00,0.00,2,75,75,0,0,13.8,112,105,29.5,27.7,0,0.00,1020.7,1006.2
2020-04-16T01:00,9.3,0.00,45,-2.1,4.8,0.00,0.00,0.00,3,84,51,0,0,13.7,118,108,29.3,29.2,0,0.00,1020.0,1005.6
2020-04-16T02:00,8.3,0.00,48,-2.1,3.9,0.00,0.00,0.00,1,29,29,0,0,13.1,121,111,28.3,27.7,0,0.00,1019.7,1005.2
2020-04-16T03:00,7.7,0.00,50,-2.1,3.5,0.00,0.00,0.00,2,64,64,0,0,11.9,126,115,25.5,27.0,0,0.00,1019.5,1005.0
2020-04-16T04:00,6.5,0.00,55,-2.0,2.6,0.00,0.00,0.00,2,57,57,0,0,10.0,138,120,20.9,23.8,0,0.00,1019.6,1005.0
2020-04-16T05:00,5.8,0.00,58,-1.8,2.3,0.00,0.00,0.00,2,65,65,0,0,7.6,146,115,16.1,19.4,0,0.00,1019.4,1004.8
2020-04-16T06:00,5.6,0.00,61,-1.4,2.1,0.00,0.00,0.00,2,66,66,0,0,7.8,156,112,13.4,14.4,1,0.00,1019.3,1004.7
2020-04-16T07:00,8.1,0.00,58,0.3,4.8,0.00,0.00,0.00,0,0,0,0,0,8.1,169,122,11.7,15.1,1,3451.36,1019.2,1004.7
2020-04-16T08:00,11.8,0.00,51,2.1,9.1,0.00,0.00,0.00,0,0,0,0,0,6.5,185,161,11.9,16.9,1,3600.00,1019.4,1005.1
2020-04-16T09:00,14.2,0.00,46,2.8,11.3,0.00,0.00,0.00,0,13,13,0,0,8.0,195,190,11.2,21.6,1,3600.00,1019.1,1004.9
2020-04-16T10:00,16.3,0.00,44,4.0,13.8,0.00,0.00,0.00,3,89,89,0,0,8.1,201,201,11.2,23.0,1,3600.00,1019.0,1004.9
2020-04-16T11:00,18.1,0.00,43,5.4,16.4,0.00,0.00,0.00,3,93,93,0,0,8.7,211,210,11.8,24.5,1,3600.00,1018.5,1004.5
2020-04-16T12:00,19.7,0.00,43,6.6,18.6,0.00,0.00,0.00,3,91,91,0,0,8.7,223,218,11.7,24.8,1,3600.00,1017.8,1003.9
2020-04-16T13:00,21.3,0.00,39,6.8,20.2,0.00,0.00,0.00,3,91,84,0,0,8.9,216,212,11.6,24.5,1,3600.00,1017.5,1003.7
2020-04-16T14:00,22.6,0.00,33,5.6,21.1,0.00,0.00,0.00,3,89,89,0,0,7.7,237,233,10.7,23.8,1,3600.00,1016.8,1003.1
2020-04-16T15:00,23.2,0.00,31,5.1,20.8,0.00,0.00,0.00,3,87,87,0,0,9.8,277,278,13.8,23.8,1,3600.00,1015.9,1002.2
2020-04-16T16:00,22.9,0.00,34,6.0,20.8,0.00,0.00,0.00,3,84,84,2,0,7.8,290,292,11.5,24.1,1,3600.00,1015.4,1001.7
2020-04-16T17:00,22.6,0.00,40,8.3,21.6,0.00,0.00,0.00,2,74,71,50,0,3.4,300,302,7.1,18.7,1,3600.00,1015.2,1001.5
2020-04-16T18:00,20.8,0.00,67,14.5,22.0,0.00,0.00,0.00,0,13,3,12,0,1.6,124,117,1.3,9.7,1,3600.00,1014.8,1001.0
2020-04-16T19:00,16.8,0.00,62,9.4,15.6,0.00,0.00,0.00,0,12,0,12,0,7.0,156,125,7.1,10.1,1,2908.92,1014.7,1000.7
2020-04-16T20:00,14.5,0.00,62,7.4,13.0,0.00,0.00,0.00,1,37,0,37,0,5.9,166,101,5.9,10.1,0,0.00,1015.2,1001.1
2020-04-16T21:00,14.6,0.00,60,6.9,12.9,0.00,0.00,0.00,2,53,0,53,0,5.8,173,120,9.1,10.1,0,0.00,1015.4,1001.3
2020-04-16T22:00,13.5,0.00,66,7.3,11.8,0.00,0.00,0.00,1,38,27,17,0,6.9,184,133,11.2,10.4,0,0.00,1015.6,1001.4
2020-04-16T23:00,13.0,0.00,65,6.5,11.3,0.00,0.00,0.00,3,94,92,32,0,5.6,207,130,6.4,11.9,0,0.00,1016.0,1001.8
2020-04-17T00:00,12.7,0.00,64,6.1,11.0,0.00,0.00,0.00,3,96,95,21,0,4.9,113,107,4.7,9.4,0,0.00,1015.9,1001.7
2020-04-17T01:00,10.7,0.00,70,5.4,8.5,0.00,0.00,0.00,3,92,96,1,0,7.1,204,131,7.1,13.0,0,0.00,1015.9,1001.6
2020-04-17T02:00,9.9,0.00,71,5.0,7.9,0.00,0.00,0.00,3,97,97,2,0,5.3,191,118,1.8,10.8,0,0.00,1015.7,1001.4
2020-04-17T03:00,10.1,0.00,71,5.1,8.2,0.00,0.00,0.00,3,95,95,1,0,4.6,173,129,2.9,8.3,0,0.00,1015.7,1001.4
2020-04-17T04:00,9.6,0.00,75,5.3,7.6,0.00,0.00,0.00,3,97,97,10,0,5.2,135,106,3.6,8.3,0,0.00,1015.8,1001.4
2020-04-17T05:00,10.1,0.00,71,5.0,8.1,0.00,0.00,0.00,3,98,98,3,0,5.3,153,118,6.4,9.7,0,0.00,1015.9,1001.6
2020-04-17T06:00,10.2,0.00,72,5.4,8.0,0.00,0.00,0.00,3,98,98,19,1,7.4,171,133,11.3,14.4,1,0.00,1015.8,1001.5
2020-04-17T07:00,11.4,0.00,73,6.8,9.8,0.00,0.00,0.00,3,97,96,58,1,5.7,175,125,7.6,14.4,1,0.00,1016.3,1002.0
2020-04-17T08:00,13.6,0.00,69,7.9,12.4,0.00,0.00,0.00,2,60,44,34,1,4.1,177,142,6.8,11.2,1,641.57,1016.2,1002.0
2020-04-17T09:00,16.7,0.00,59,8.7,16.0,0.00,0.00,0.00,1,40,24,24,5,2.2,201,189,3.1,12.2,1,3600.00,1016.1,1002.1
2020-04-17T10:00,18.9,0.00,53,9.2,18.0,0.00,0.00,0.00,0,12,0,12,1,4.2,238,239,5.5,15.8,1,3600.00,1015.9,1002.0
2020-04-17T11:00,20.5,0.00,49,9.4,20.3,0.00,0.00,0.00,2,69,63,18,0,4.5,255,256,5.6,16.6,1,3600.00,1015.6,1001.8
2020-04-17T12:00,21.8,0.00,46,9.5,22.1,0.00,0.00,0.00,0,19,3,17,0,4.3,266,265,5.4,16.9,1,3600.00,1015.3,1001.5
2020-04-17T13:00,22.8,0.00,42,9.2,22.7,0.00,0.00,0.00,2,55,42,26,0,6.3,254,257,7.9,16.9,1,3600.00,1014.6,1000.9
2020-04-17T14:00,22.6,0.00,42,9.1,21.5,0.00,0.00,0.00,1,41,19,35,0,5.7,287,288,7.5,18.4,1,3600.00,1014.4,1000.7
2020-04-17T15:00,22.9,0.00,41,9.0,21.9,0.00,0.00,0.00,1,43,32,19,0,5.1,309,309,6.9,17.3,1,3600.00,1013.9,1000.2
2020-04-17T16:00,22.8,0.00,42,9.2,21.9,0.00,0.00,0.00,1,41,20,33,0,4.4,320,325,5.6,15.8,1,3600.00,1013.6,999.9
2020-04-17T17:00,22.5,0.00,45,9.9,21.8,0.00,0.00,0.00,1,42,16,33,0,4.1,16,15,5.2,12.6,1,3600.00,1013.5,999.8
2020-04-17T18:00,21.1,0.00,58,12.4,21.3,0.00,0.00,0.00,3,98,97,25,0,3.9,32,34,8.9,10.1,1,3600.00,1013.5,999.7
2020-04-17T19:00,18.0,0.00,67,11.8,17.6,0.00,0.00,0.00,3,93,91,17,0,6.6,42,61,8.7,9.7,1,2995.65,1013.5,999.6
2020-04-17T20:00,16.5,0.00,65,10.0,15.9,0.00,0.00,0.00,3,86,86,3,0,4.3,84,85,7.2,10.4,0,0.00,1013.9,999.9
2020-04-17T21:00,15.4,0.00,67,9.4,14.5,0.00,0.00,0.00,3,83,83,3,0,5.1,103,86,9.3,11.5,0,0.00,1014.1,1000.1
2020-04-17T22:00,14.3,0.00,70,8.8,12.9,0.00,0.00,0.00,3,83,83,1,0,7.2,107,87,13.6,14.8,0,0.00,1013.9,999.8
2020-04-17T23:00,13.8,0.00,69,8.1,12.2,0.00,0.00,0.00,3,96,96,3,0,7.6,118,95,16.3,15.5,0,0.00,1014.0,999.9
2020-04-18T00:00,12.4,0.00,75,8.1,11.1,0.00,0.00,0.00,1,37,30,17,0,5.2,134,106,13.5,15.1,0,0.00,1014.2,1000.0
2020-04-18T01:00,13.1,0.00,70,7.8,11.4,0.00,0.00,0.00,2,76,40,0,0,7.7,125,101,8.8,13.3,0,0.00,1013.7,999.5
2020-04-18T02:00,12.8,0.00,71,7.7,11.3,0.00,0.00,0.00,1,20,0,20,0,6.0,132,123,13.5,12.2,0,0.00,1013.7,999.5
2020-04-18T03:00,12.0,0.00,76,7.9,10.5,0.00,0.00,0.00,0,16,2,14,0,6.2,109,97,16.7,13.3,0,0.00,1013.8,999.6
2020-04-18T04:00,11.1,0.00,80,7.8,9.6,0.00,0.00,0.00,1,33,14,27,0,6.1,111,93,15.4,12.2,0,0.00,1013.9,999.6
2020-04-18T05:00,10.4,0.00,85,7.9,8.9,0.00,0.00,0.00,2,69,63,26,0,6.0,123,107,16.7,14.4,0,0.00,1014.2,999.9
2020-04-18T06:00,10.2,0.00,87,8.1,9.1,0.00,0.00,0.00,1,35,7,34,0,4.2,148,121,12.3,12.2,1,0.00,1014.9,1000.6
2020-04-18T07:00,12.8,0.00,77,8.9,11.4,0.00,0.00,0.00,2,66,17,66,0,7.5,153,125,13.4,15.5,1,3600.00,1015.6,1001.4
2020-04-18T08:00,15.2,0.00,69,9.5,14.2,0.00,0.00,0.00,2,69,4,69,0,5.8,180,176,8.3,15.5,1,3600.00,1015.8,1001.7
2020-04-18T09:00,17.3,0.00,61,9.7,16.2,0.00,0.00,0.00,1,43,2,42,0,6.6,214,209,9.6,18.7,1,3600.00,1015.8,1001.8
2020-04-18T10:00,19.1,0.00,51,8.8,17.4,0.00,0.00,0.00,2,62,0,62,0,9.4,223,223,13.2,24.1,1,3600.00,1015.9,1002.0
2020-04-18T11:00,20.4,0.00,48,9.0,19.3,0.00,0.00,0.00,1,21,17,6,0,7.1,247,246,9.4,24.8,1,3600.00,1015.7,1001.9
2020-04-18T12:00,21.8,0.00,45,9.4,22.2,0.00,0.00,0.00,1,20,16,5,0,4.9,253,253,6.0,20.5,1,3600.00,1015.1,1001.3
2020-04-18T13:00,23.1,0.00,38,8.0,23.5,0.00,0.00,0.00,1,34,12,8,0,3.7,275,281,4.3,18.7,1,3600.00,1014.3,1000.6
2020-04-18T14:00,23.8,0.00,37,8.3,23.6,0.00,0.00,0.00,1,41,26,36,0,5.9,231,232,7.9,21.6,1,3600.00,1013.9,1000.2
2020-04-18T15:00,24.1,0.00,37,8.5,21.9,0.00,0.00,0.00,2,59,40,51,0,13.3,231,229,18.2,29.9,1,3600.00,1013.3,999.7
2020-04-18T16:00,23.0,0.00,40,8.8,20.9,0.00,0.00,0.00,1,49,18,44,5,11.9,266,270,16.6,33.5,1,3600.00,1013.3,999.6
2020-04-18T17:00,21.6,0.00,45,9.2,19.6,0.00,0.00,0.00,2,60,9,59,4,12.1,261,260,18.9,29.9,1,3600.00,1013.8,1000.0
2020-04-18T18:00,20.1,0.00,54,10.5,18.8,0.00,0.00,0.00,1,46,6,45,0,9.8,299,298,18.5,27.7,1,3600.00,1014.1,1000.3
2020-04-18T19:00,18.2,0.00,65,11.5,17.4,0.00,0.00,0.00,1,30,8,23,9,8.7,318,315,19.4,22.0,1,3082.05,1014.4,1000.5
2020-04-18T20:00,16.7,0.00,72,11.7,16.1,0.00,0.00,0.00,1,28,12,16,9,8.2,316,319,20.1,18.7,0,0.00,1014.9,1000.9
2020-04-18T21:00,15.8,0.00,76,11.6,15.1,0.00,0.00,0.00,0,15,0,11,7,8.2,307,308,20.8,17.6,0,0.00,1015.3,1001.3
2020-04-18T22:00,14.8,0.00,81,11.6,14.1,0.00,0.00,0.00,0,6,0,5,2,8.2,323,322,20.8,18.4,0,0.00,1015.4,1001.3
2020-04-18T23:00,13.6,0.00,89,11.8,13.0,0.00,0.00,0.00,0,3,0,3,1,7.4,332,337,19.2,18.0,0,0.00,1015.3,1001.1
2020-04-19T00:00,12.8,0.00,92,11.6,12.2,0.00,0.00,0.00,0,2,0,2,0,7.2,338,342,18.6,16.6,0,0.00,1015.5,1001.3
2020-04-19T01:00,12.4,0.00,94,11.4,11.9,0.00,0.00,0.00,0,0,0,0,1,6.0,339,335,16.2,15.5,0,0.00,1015.8,1001.6
2020-04-19T02:00,11.9,0.00,95,11.1,11.3,0.00,0.00,0.00,0,2,0,2,1,6.3,340,336,16.9,15.1,0,0.00,1015.7,1001.5
2020-04-19T03:00,11.2,0.00,96,10.6,10.5,0.00,0.00,0.00,1,35,30,7,0,5.8,344,353,15.4,13.7,0,0.00,1015.7,1001.4
2020-04-19T04:00,11.1,0.00,95,10.4,10.2,0.00,0.00,0.00,1,44,42,5,0,6.8,350,360,16.5,13.3,0,0.00,1015.8,1001.5
2020-04-19T05:00,11.0,0.00,94,10.1,10.0,0.00,0.00,0.00,0,6,0,6,0,6.8,359,3,18.4,15.5,0,0.00,1015.7,1001.4
2020-04-19T06:00,10.6,0.00,95,9.8,9.9,0.00,0.00,0.00,1,22,21,2,1,4.7,6,9,14.5,15.1,1,0.00,1015.6,1001.3
2020-04-19T07:00,12.6,0.00,88,10.6,12.2,0.00,0.00,0.00,0,9,0,2,8,4.3,10,355,9.9,13.0,1,3600.00,1015.9,1001.7
2020-04-19T08:00,14.4,0.00,81,11.1,14.2,0.00,0.00,0.00,1,27,0,6,26,3.7,344,331,5.2,13.3,1,3600.00,1016.6,1002.5
2020-04-19T09:00,15.9,0.00,74,11.2,15.6,0.00,0.00,0.00,1,37,0,32,20,4.9,351,343,6.6,16.2,1,3600.00,1016.4,1002.3
2020-04-19T10:00,17.1,0.00,68,11.2,16.6,0.00,0.00,0.00,1,43,0,29,39,6.2,360,353,7.9,18.7,1,3600.00,1015.8,1001.8
2020-04-19T11:00,17.8,0.10,66,11.5,17.2,0.10,0.00,0.00,51,59,0,25,55,7.3,13,9,9.3,20.9,1,3600.00,1015.6,1001.6
2020-04-19T12:00,18.5,0.30,65,11.8,18.0,0.30,0.00,0.00,51,60,0,35,57,7.1,28,24,9.3,22.0,1,3600.00,1015.3,1001.4
2020-04-19T13:00,20.0,0.20,59,11.9,19.7,0.20,0.00,0.00,51,46,0,13,21,7.6,35,31,10.1,21.6,1,3600.00,1015.0,1001.2
2020-04-19T14:00,20.7,0.00,56,11.6,20.4,0.00,0.00,0.00,2,50,0,10,47,10.1,37,35,13.1,26.6,1,3600.00,1014.4,1000.6
2020-04-19T15:00,19.9,0.10,53,10.1,17.7,0.10,0.00,0.00,51,40,0,36,12,16.0,48,46,22.2,36.7,1,3600.00,1014.0,1000.2
2020-04-19T16:00,19.0,0.00,52,9.0,16.0,0.00,0.00,0.00,1,27,0,27,7,18.3,59,58,26.5,41.0,1,3600.00,1013.8,999.9
2020-04-19T17:00,18.2,0.00,48,7.0,14.6,0.00,0.00,0.00,1,25,0,25,10,19.2,68,67,28.7,42.1,1,3600.00,1014.0,1000.1
2020-04-19T18:00,17.0,0.00,47,5.6,13.3,0.00,0.00,0.00,1,28,0,28,8,17.7,68,66,28.3,42.1,1,3600.00,1014.3,1000.3
2020-04-19T19:00,15.6,0.00,46,4.1,11.8,0.00,0.00,0.00,1,31,0,30,6,16.5,70,67,28.7,37.8,1,3168.09,1014.9,1000.8
2020-04-19T20:00,14.5,0.00,51,4.5,10.6,0.00,0.00,0.00,1,33,0,32,2,17.2,74,70,30.7,36.7,0,0.00,1015.5,1001.4
2020-04-19T21:00,14.0,0.00,53,4.5,10.0,0.00,0.00,0.00,1,39,0,39,0,18.4,77,73,32.9,40.0,0,0.00,1015.7,1001.6
2020-04-19T22:00,13.7,0.00,46,2.2,9.0,0.00,0.00,0.00,1,37,0,37,0,20.3,80,78,35.8,43.9,0,0.00,1015.8,1001.6
2020-04-19T23:00,13.3,0.00,43,0.9,8.3,0.00,0.00,0.00,1,35,0,35,0,20.1,83,81,35.2,44.3,0,0.00,1015.9,1001.7
2020-04-20T00:00,12.7,0.00,44,0.8,7.7,0.00,0.00,0.00,1,23,0,23,0,20.1,84,81,35.1,42.8,0,0.00,1016.0,1001.8
2020-04-20T01:00,11.6,0.00,49,1.1,7.1,0.00,0.00,0.00,0,12,0,16,0,16.9,81,78,31.0,44.3,0,0.00,1016.3,1002.0
2020-04-20T02:00,11.0,0.00,50,1.0,6.2,0.00,0.00,0.00,0,18,0,18,0,19.3,84,81,34.4,40.7,0,0.00,1016.0,1001.7
2020-04-20T03:00,10.5,0.00,54,1.7,5.8,0.00,0.00,0.00,0,14,0,14,0,19.9,85,84,35.4,43.2,0,0.00,1015.7,1001.4
2020-04-20T04:00,10.1,0.00,58,2.3,5.3,0.00,0.00,0.00,0,11,0,11,0,21.0,86,85,36.8,45.0,0,0.00,1015.7,1001.4
2020-04-20T05:00,9.8,0.00,61,2.7,4.8,0.00,0.00,0.00,0,10,0,10,0,22.4,86,85,38.6,47.9,0,0.00,1015.8,1001.4
2020-04-20T06:00,9.7,0.00,56,1.4,4.3,0.00,0.00,0.00,0,9,0,9,0,23.8,86,86,40.4,51.1,1,0.00,1016.0,1001.6
2020-04-20T07:00,10.3,0.00,51,0.5,5.2,0.00,0.00,0.00,0,7,0,7,0,20.6,85,84,35.4,51.8,1,3600.00,1016.1,1001.8
2020-04-20T08:00,11.3,0.00,43,-0.8,5.6,0.00,0.00,0.00,0,5,0,5,0,23.1,87,86,36.1,51.5,1,3600.00,1016.0,1001.7
2020-04-20T09:00,12.9,0.00,37,-1.5,7.1,0.00,0.00,0.00,0,2,0,2,0,23.4,89,88,35.3,52.6,1,3600.00,1015.7,1001.5
2020-04-20T10:00,14.5,0.00,34,-1.3,9.0,0.00,0.00,0.00,0,0,0,0,0,23.4,88,86,34.6,53.3,1,3600.00,1015.2,1001.1
2020-04-20T11:00,16.1,0.00,32,-0.8,11.2,0.00,0.00,0.00,0,0,0,0,0,23.5,84,84,34.4,53.3,1,3600.00,1015.0,1001.0
2020-04-20T12:00,17.3,0.00,30,-0.5,12.6,0.00,0.00,0.00,0,0,0,0,0,24.4,82,82,35.2,54.7,1,3600.00,1014.5,1000.5
2020-04-20T13:00,18.4,0.00,30,0.7,14.1,0.00,0.00,0.00,0,0,0,0,0,23.8,80,80,34.0,55.8,1,3600.00,1014.4,1000.5
2020-04-20T14:00,18.7,0.00,29,0.5,14.1,0.00,0.00,0.00,0,0,0,0,0,24.6,80,79,35.9,55.4,1,3600.00,1014.1,1000.2
2020-04-20T15:00,19.1,0.00,28,0.2,14.0,0.00,0.00,0.00,0,0,0,0,0,25.3,81,79,37.2,55.8,1,3600.00,1013.2,999.3
2020-04-20T16:00,19.1,0.00,27,-0.3,13.2,0.00,0.00,0.00,0,0,0,0,0,25.8,82,82,38.5,56.5,1,3600.00,1012.8,998.9
2020-04-20T17:00,18.6,0.00,28,-0.2,12.8,0.00,0.00,0.00,0,0,0,0,0,25.1,84,83,39.1,56.5,1,3600.00,1012.5,998.6
2020-04-20T18:00,17.8,0.00,31,0.2,12.6,0.00,0.00,0.00,0,0,0,0,0,21.2,82,80,35.2,54.4,1,3600.00,1012.6,998.7
2020-04-20T19:00,16.5,0.00,32,-0.5,11.2,0.00,0.00,0.00,0,1,1,0,0,21.1,79,76,37.0,46.4,1,3253.73,1013.0,999.0
2020-04-20T20:00,15.5,0.00,31,-1.6,10.0,0.00,0.00,0.00,2,54,54,0,0,21.6,79,75,38.2,47.2,0,0.00,1013.7,999.7
2020-04-20T21:00,14.7,0.00,30,-2.6,8.8,0.00,0.00,0.00,3,83,83,0,0,23.0,79,76,40.0,49.7,0,0.00,1014.1,1000.0
2020-04-20T22:00,13.8,0.00,31,-3.1,7.8,0.00,0.00,0.00,3,88,88,0,0,23.9,80,78,41.7,52.2,0,0.00,1014.0,999.9
2020-04-20T23:00,13.2,0.00,32,-3.0,7.1,0.00,0.00,0.00,1,41,41,0,0,24.4,83,81,42.1,52.9,0,0.00,1014.1,999.9
2020-04-21T00:00,12.6,0.00,35,-2.5,6.7,0.00,0.00,0.00,1,22,22,0,0,23.6,84,83,40.9,52.9,0,0.00,1014.3,1000.1
2020-04-21T01:00,11.7,0.00,38,-2.1,6.3,0.00,0.00,0.00,0,17,14,0,0,20.1,84,80,35.9,51.1,0,0.00,1014.6,1000.4
2020-04-21T02:00,11.3,0.00,40,-1.9,5.8,0.00,0.00,0.00,0,2,2,0,0,21.3,82,78,37.4,46.4,0,0.00,1014.1,999.8
2020-04-21T03:00,10.8,0.00,42,-1.7,5.5,0.00,0.00,0.00,1,28,28,0,0,20.1,84,81,35.9,46.4,0,0.00,1014.1,999.8
2020-04-21T04:00,10.3,0.00,43,-1.6,5.2,0.00,0.00,0.00,1,48,48,0,0,18.6,84,80,34.0,43.9,0,0.00,1013.9,999.6
2020-04-21T05:00,9.9,0.00,44,-1.8,4.8,0.00,0.00,0.00,0,3,3,0,0,18.6,84,80,33.7,41.4,0,0.00,1013.9,999.6
2020-04-21T06:00,9.6,0.00,44,-1.9,4.4,0.00,0.00,0.00,0,0,0,0,0,19.4,83,79,34.8,42.5,1,0.00,1014.1,999.8
2020-04-21T07:00,10.4,0.00,45,-0.9,5.7,0.00,0.00,0.00,1,40,40,0,0,16.5,82,79,30.1,45.4,1,3600.00,1014.3,1000.0
2020-04-21T08:00,11.7,0.00,42,-0.8,6.3,0.00,0.00,0.00,3,80,80,0,0,21.5,83,80,33.4,47.9,1,3600.00,1014.3,1000.1
2020-04-21T09:00,13.6,0.00,39,-0.2,8.1,0.00,0.00,0.00,3,87,87,0,0,22.9,83,82,34.4,51.5,1,3600.00,1014.0,999.9
2020-04-21T10:00,15.3,0.00,37,0.7,10.2,0.00,0.00,0.00,3,80,80,0,0,22.8,86,85,33.6,51.8,1,3600.00,1013.7,999.7
2020-04-21T11:00,17.2,0.00,34,1.3,12.7,0.00,0.00,0.00,2,73,73,0,0,23.1,85,85,34.0,52.6,1,3600.00,1013.5,999.5
2020-04-21T12:00,18.9,0.00,31,1.5,14.7,0.00,0.00,0.00,1,48,48,0,0,23.5,85,84,34.4,53.6,1,3600.00,1012.9,999.0
2020-04-21T13:00,20.2,0.00,28,1.2,16.1,0.00,0.00,0.00,1,46,9,0,0,23.4,81,80,33.5,55.1,1,3600.00,1013.2,999.4
2020-04-21T14:00,20.9,0.00,24,-0.2,16.3,0.00,0.00,0.00,0,0,0,0,0,23.9,80,79,34.7,53.3,1,3600.00,1012.8,999.0
2020-04-21T15:00,20.9,0.00,25,0.3,15.8,0.00,0.00,0.00,0,0,0,0,0,25.7,80,79,38.0,56.9,1,3600.00,1012.5,998.7
2020-04-21T16:00,20.7,0.00,27,0.9,15.2,0.00,0.00,0.00,0,0,0,0,0,25.6,81,80,38.6,57.6,1,3600.00,1012.4,998.6
2020-04-21T17:00,20.4,0.00,28,1.2,15.0,0.00,0.00,0.00,0,0,0,0,0,24.1,82,81,37.8,56.2,1,3600.00,1012.6,998.8
2020-04-21T18:00,19.4,0.00,30,1.3,14.4,0.00,0.00,0.00,0,0,0,0,0,20.8,78,76,35.3,52.6,1,3600.00,1013.0,999.2
2020-04-21T19:00,17.9,0.00,31,0.3,12.7,0.00,0.00,0.00,0,0,0,0,0,21.6,81,79,37.9,46.8,1,3338.94,1013.5,999.6
2020-04-21T20:00,16.8,0.00,32,-0.1,11.3,0.00,0.00,0.00,0,0,0,0,0,22.9,85,83,39.8,49.3,0,0.00,1014.4,1000.4
2020-04-21T21:00,15.8,0.00,34,-0.2,10.3,0.00,0.00,0.00,0,0,0,0,0,22.4,87,86,39.3,49.7,0,0.00,1014.9,1000.9
2020-04-21T22:00,14.8,0.00,35,-0.6,9.6,0.00,0.00,0.00,0,0,0,0,0,20.9,89,88,37.1,48.6,0,0.00,1015.3,1001.2
2020-04-21T23:00,14.1,0.00,35,-1.2,8.9,0.00,0.00,0.00,0,0,0,0,0,19.8,89,87,36.0,45.4,0,0.00,1015.7,1001.6
2020-04-22T00:00,13.4,0.00,34,-2.0,8.1,0.00,0.00,0.00,0,0,0,0,0,19.5,88,85,35.7,43.2,0,0.00,1016.0,1001.8
2020-04-22T01:00,12.9,0.00,35,-2.1,7.7,0.00,0.00,0.00,0,0,0,0,0,18.4,90,87,33.8,42.5,0,0.00,1016.0,1001.8
2020-04-22T02:00,12.2,0.00,37,-2.2,7.4,0.00,0.00,0.00,0,0,0,0,0,16.3,89,84,31.0,40.0,0,0.00,1016.1,1001.9
2020-04-22T03:00,11.4,0.00,40,-1.9,7.0,0.00,0.00,0.00,0,0,0,0,0,13.5,83,74,27.6,35.6,0,0.00,1016.2,1001.9
2020-04-22T04:00,10.7,0.00,42,-1.9,6.2,0.00,0.00,0.00,0,0,0,0,0,13.9,84,73,27.9,30.6,0,0.00,1016.5,1002.2
2020-04-22T05:00,10.1,0.00,43,-2.1,5.6,0.00,0.00,0.00,0,0,0,0,0,13.8,82,70,28.0,31.7,0,0.00,1016.8,1002.4
2020-04-22T06:00,9.7,0.00,46,-1.5,5.5,0.00,0.00,0.00,0,0,0,0,0,13.0,81,71,26.6,30.6,1,47.37,1016.9,1002.5
2020-04-22T07:00,11.2,0.00,46,-0.1,7.3,0.00,0.00,0.00,0,0,0,0,0,11.6,80,68,23.7,31.0,1,3600.00,1017.4,1003.1
2020-04-22T08:00,12.7,0.00,41,-0.4,8.0,0.00,0.00,0.00,0,0,0,0,0,16.8,83,80,25.4,37.1,1,3600.00,1017.6,1003.4
2020-04-22T09:00,14.3,0.00,37,-0.1,9.5,0.00,0.00,0.00,0,0,0,0,0,18.4,85,84,27.1,42.1,1,3600.00,1017.4,1003.3
2020-04-22T10:00,16.1,0.00,35,0.6,11.7,0.00,0.00,0.00,0,0,0,0,0,18.4,86,84,26.3,42.8,1,3600.00,1017.2,1003.1
2020-04-22T11:00,18.0,0.00,32,1.0,14.5,0.00,0.00,0.00,0,0,0,0,0,17.8,84,83,25.3,42.5,1,3600.00,1016.9,1002.9
2020-04-22T12:00,19.6,0.00,29,1.3,16.5,0.00,0.00,0.00,0,0,0,0,0,17.8,83,82,25.1,42.1,1,3600.00,1016.6,1002.7
2020-04-22T13:00,20.7,0.00,28,1.8,17.7,0.00,0.00,0.00,0,0,0,0,0,17.9,81,81,24.8,42.1,1,3600.00,1016.5,1002.7
2020-04-22T14:00,21.4,0.00,27,1.6,18.0,0.00,0.00,0.00,0,0,0,0,0,18.7,80,79,26.3,43.2,1,3600.00,1016.3,1002.5
2020-04-22T15:00,21.9,0.00,25,1.0,18.1,0.00,0.00,0.00,0,0,0,0,0,18.4,79,78,26.4,43.2,1,3600.00,1015.8,1002.0
2020-04-22T16:00,22.0,0.00,24,0.3,17.4,0.00,0.00,0.00,0,0,0,0,0,18.5,78,77,27.3,41.8,1,3600.00,1015.5,1001.7
2020-04-22T17:00,21.4,0.00,24,0.2,16.7,0.00,0.00,0.00,0,0,0,0,0,18.3,77,75,28.1,41.8,1,3600.00,1015.5,1001.7
2020-04-22T18:00,20.3,0.00,28,1.1,16.3,0.00,0.00,0.00,0,0,0,0,0,14.0,72,67,25.4,40.3,1,3600.00,1015.8,1002.0
2020-04-22T19:00,18.4,0.00,30,0.6,14.4,0.00,0.00,0.00,0,0,0,0,0,13.6,65,58,27.4,31.3,1,3423.69,1016.4,1002.5
2020-04-22T20:00,17.1,0.00,31,0.0,12.7,0.00,0.00,0.00,0,0,0,0,0,15.3,69,63,30.6,33.1,0,0.00,1017.1,1003.1
2020-04-22T21:00,16.3,0.00,33,0.1,11.8,0.00,0.00,0.00,0,0,0,0,0,16.3,74,72,32.1,34.9,0,0.00,1017.6,1003.5
2020-04-22T22:00,15.6,0.00,35,0.3,10.8,0.00,0.00,0.00,0,0,0,0,0,18.1,79,77,34.1,38.9,0,0.00,1018.0,1003.9
2020-04-22T23:00,14.7,0.00,38,0.4,9.9,0.00,0.00,0.00,0,0,0,0,0,18.5,84,83,34.4,39.2,0,0.00,1018.5,1004.4
2020-04-23T00:00,13.8,0.00,40,0.3,9.0,0.00,0.00,0.00,0,0,0,0,0,18.4,86,87,35.0,39.2,0,0.00,1018.8,1004.6
2020-04-23T01:00,13.2,0.00,42,0.4,8.6,0.00,0.00,0.00,0,0,0,0,0,17.3,86,86,33.6,39.6,0,0.00,1018.8,1004.6
2020-04-23T02:00,12.4,0.00,44,0.4,7.9,0.00,0.00,0.00,0,0,0,0,0,16.6,90,91,32.4,36.0,0,0.00,1019.0,1004.7
2020-04-23T03:00,11.9,0.00,46,0.5,7.7,0.00,0.00,0.00,0,0,0,0,0,14.4,93,93,29.9,34.2,0,0.00,1019.3,1005.0
2020-04-23T04:00,11.0,0.00,48,0.5,7.3,0.00,0.00,0.00,0,0,0,0,0,11.6,91,83,26.6,30.2,0,0.00,1019.5,1005.2
2020-04-23T05:00,10.0,0.00,52,0.5,6.6,0.00,0.00,0.00,0,0,0,0,0,9.4,92,83,23.8,25.2,0,0.00,1019.8,1005.4
2020-04-23T06:00,9.9,0.00,54,1.0,6.5,0.00,0.00,0.00,0,0,0,0,0,10.1,94,86,23.4,21.6,1,46.89,1020.3,1005.9
2020-04-23T07:00,11.6,0.00,51,1.9,8.1,0.00,0.00,0.00,0,0,0,0,0,11.2,95,94,22.8,24.1,1,3600.00,1020.7,1006.4
2020-04-23T08:00,13.4,0.00,46,1.9,9.7,0.00,0.00,0.00,0,0,0,0,0,12.8,99,100,18.6,29.2,1,3600.00,1020.6,1006.4
2020-04-23T09:00,15.2,0.00,42,2.2,11.8,0.00,0.00,0.00,0,0,0,0,0,11.4,102,101,16.2,29.5,1,3600.00,1020.6,1006.5
2020-04-23T10:00,17.1,0.00,38,2.8,14.4,0.00,0.00,0.00,0,0,0,0,0,10.0,104,105,13.7,28.4,1,3600.00,1020.3,1006.2
2020-04-23T11:00,18.7,0.00,36,3.1,16.6,0.00,0.00,0.00,0,0,0,0,0,10.5,104,106,14.5,28.1,1,3600.00,1019.9,1005.9
2020-04-23T12:00,19.8,0.00,33,3.1,17.9,0.00,0.00,0.00,0,0,0,0,0,11.7,106,108,15.4,30.2,1,3600.00,1019.3,1005.4
2020-04-23T13:00,20.8,0.00,30,2.6,19.5,0.00,0.00,0.00,0,0,0,0,0,8.8,101,102,11.7,30.2,1,3600.00,1019.0,1005.1
2020-04-23T14:00,21.2,0.00,29,2.5,19.7,0.00,0.00,0.00,0,0,0,0,0,8.8,97,99,11.6,25.2,1,3600.00,1018.5,1004.7
2020-04-23T15:00,21.5,0.00,29,2.6,19.6,0.00,0.00,0.00,0,0,0,0,0,8.4,99,100,11.3,24.8,1,3600.00,1017.7,1003.9
2020-04-23T16:00,21.4,0.00,29,2.7,18.9,0.00,0.00,0.00,0,0,0,0,0,7.9,104,106,10.4,23.0,1,3600.00,1017.1,1003.3
2020-04-23T17:00,21.1,0.00,30,3.0,18.5,0.00,0.00,0.00,0,0,0,0,0,7.1,110,114,9.6,20.9,1,3600.00,1016.7,1002.9
2020-04-23T18:00,20.2,0.00,40,6.2,18.6,0.00,0.00,0.00,0,0,0,0,0,4.1,124,128,8.3,17.3,1,3600.00,1016.6,1002.7
2020-04-23T19:00,18.9,0.00,40,5.1,16.8,0.00,0.00,0.00,0,0,0,0,0,5.6,135,140,7.1,10.1,1,3508.12,1016.4,1002.5
2020-04-23T20:00,19.0,0.00,34,2.8,17.0,0.00,0.00,0.00,0,0,0,0,0,2.7,113,67,4.7,8.6,0,0.00,1016.5,1002.6
2020-04-23T21:00,13.4,0.00,54,4.2,11.3,0.00,0.00,0.00,0,0,0,0,0,4.4,63,55,4.0,7.9,0,0.00,1016.4,1002.2
2020-04-23T22:00,12.1,0.00,59,4.3,9.8,0.00,0.00,0.00,0,4,4,0,0,5.8,43,60,7.4,12.2,0,0.00,1016.2,1002.0
2020-04-23T23:00,10.4,0.00,65,4.2,8.2,0.00,0.00,0.00,0,0,0,0,0,5.4,56,70,7.8,13.7,0,0.00,1016.1,1001.8
2020-04-24T00:00,9.1,0.00,70,3.9,7.2,0.00,0.00,0.00,0,0,0,0,0,2.9,84,90,3.6,11.9,0,0.00,1015.8,1001.4
2020-04-24T01:00,9.0,0.00,72,4.2,7.0,0.00,0.00,0.00,0,0,1,0,0,4.3,167,114,6.3,8.3,0,0.00,1015.5,1001.1
2020-04-24T02:00,7.5,0.00,77,3.7,4.9,0.00,0.00,0.00,0,5,5,0,0,7.6,142,98,5.9,10.4,0,0.00,1015.2,1000.7
2020-04-24T03:00,7.4,0.00,73,3.0,4.8,0.00,0.00,0.00,3,95,95,0,0,6.9,160,99,4.2,10.1,0,0.00,1014.9,1000.4
2020-04-24T04:00,7.1,0.00,73,2.6,4.3,0.00,0.00,0.00,3,97,97,0,0,7.8,182,124,8.3,10.4,0,0.00,1014.8,1000.3
2020-04-24T05:00,6.5,0.00,75,2.5,3.9,0.00,0.00,0.00,3,96,96,0,0,5.9,184,133,10.8,11.5,0,0.00,1014.4,999.9
2020-04-24T06:00,7.7,0.00,74,3.3,5.2,0.00,0.00,0.00,3,97,97,0,0,6.8,182,115,10.1,13.0,1,0.00,1014.3,999.9
2020-04-24T07:00,10.9,0.00,66,4.8,8.6,0.00,0.00,0.00,3,98,98,0,0,6.9,193,152,13.3,14.8,1,3600.00,1014.8,1000.5
2020-04-24T08:00,13.9,0.00,56,5.3,11.9,0.00,0.00,0.00,3,98,98,0,0,5.8,185,173,8.7,15.8,1,3600.00,1014.6,1000.5
2020-04-24T09:00,16.2,0.00,49,5.5,14.1,0.00,0.00,0.00,3,98,98,0,0,6.8,209,205,9.0,19.1,1,3600.00,1014.3,1000.3
2020-04-24T10:00,18.3,0.00,44,5.8,16.3,0.00,0.00,0.00,3,96,96,0,0,6.9,225,227,9.2,20.2,1,3600.00,1013.7,999.8
2020-04-24T11:00,20.7,0.00,37,5.3,19.3,0.00,0.00,0.00,3,96,96,0,0,7.1,245,246,9.5,21.2,1,3600.00,1013.1,999.3
2020-04-24T12:00,22.1,0.00,31,4.0,20.8,0.00,0.00,0.00,3,87,86,0,0,7.7,278,281,10.2,22.3,1,3600.00,1012.4,998.7
2020-04-24T13:00,22.8,0.00,28,3.3,19.8,0.00,0.00,0.00,2,76,81,5,0,18.4,268,269,25.2,25.9,1,3600.00,1011.9,998.2
2020-04-24T14:00,22.8,0.00,28,3.3,20.0,0.00,0.00,0.00,2,65,65,1,0,16.6,270,270,23.0,43.2,1,3600.00,1011.3,997.6
2020-04-24T15:00,23.1,0.00,26,2.7,20.0,0.00,0.00,0.00,2,65,65,0,0,15.3,279,279,21.1,39.2,1,3600.00,1010.6,997.0
2020-04-24T16:00,22.8,0.00,27,2.8,19.1,0.00,0.00,0.00,2,78,78,0,0,15.0,291,291,21.2,36.0,1,3600.00,1010.1,996.5
2020-04-24T17:00,22.3,0.00,31,4.3,19.0,0.00,0.00,0.00,3,88,87,9,0,13.4,293,294,20.0,34.9,1,3600.00,1009.7,996.0
2020-04-24T18:00,21.4,0.00,33,4.5,18.5,0.00,0.00,0.00,3,85,81,21,0,10.8,294,291,20.1,30.6,1,3600.00,1009.4,995.7
2020-04-24T19:00,19.0,0.00,36,3.7,16.0,0.00,0.00,0.00,3,90,89,0,0,9.8,297,294,23.3,24.5,1,3592.62,1009.6,995.8
2020-04-24T20:00,17.6,0.00,34,1.5,13.9,0.00,0.00,0.00,0,14,14,0,0,12.4,295,296,28.5,26.3,0,0.00,1010.0,996.1
2020-04-24T21:00,15.7,0.00,39,1.7,12.3,0.00,0.00,0.00,0,16,16,0,0,10.7,326,327,24.9,26.6,0,0.00,1010.5,996.5
2020-04-24T22:00,13.9,0.00,52,4.2,11.3,0.00,0.00,0.00,2,65,65,0,0,8.6,337,338,22.3,22.7,0,0.00,1010.7,996.6
2020-04-24T23:00,12.5,0.00,62,5.4,10.3,0.00,0.00,0.00,0,6,6,0,0,6.8,337,342,18.4,19.1,0,0.00,1011.0,996.8
2020-04-25T00:00,11.3,0.00,69,5.7,9.3,0.00,0.00,0.00,0,0,0,0,0,6.3,329,336,17.6,15.1,0,0.00,1011.1,996.9
2020-04-25T01:00,10.9,0.00,71,5.9,8.9,0.00,0.00,0.00,0,0,16,0,1,6.8,322,328,19.2,18.0,0,0.00,1011.2,997.0
2020-04-25T02:00,10.7,0.00,70,5.4,8.3,0.00,0.00,0.00,0,0,0,0,0,8.9,327,339,22.4,18.7,0,0.00,1011.2,997.0
2020-04-25T03:00,10.1,0.00,67,4.2,7.3,0.00,0.00,0.00,0,0,0,0,0,9.6,335,340,23.0,20.9,0,0.00,1011.2,996.9
2020-04-25T04:00,9.2,0.00,67,3.4,6.3,0.00,0.00,0.00,0,0,0,0,0,9.3,343,344,22.6,21.2,0,0.00,1011.4,997.1
2020-04-25T05:00,8.5,0.00,69,3.1,5.4,0.00,0.00,0.00,0,0,0,0,0,9.9,350,350,23.0,21.2,0,0.00,1011.8,997.4
2020-04-25T06:00,8.7,0.00,69,3.4,5.6,0.00,0.00,0.00,0,0,0,0,0,10.8,350,345,23.0,22.7,1,189.36,1012.4,998.0
2020-04-25T07:00,10.3,0.00,65,4.1,7.3,0.00,0.00,0.00,0,0,0,0,0,11.1,352,347,17.1,24.5,1,3600.00,1013.1,998.8
2020-04-25T08:00,11.5,0.00,60,4.0,8.4,0.00,0.00,0.00,0,1,0,0,1,11.2,357,354,15.1,27.4,1,3600.00,1013.2,999.0
2020-04-25T09:00,12.7,0.00,53,3.5,9.6,0.00,0.00,0.00,0,0,0,0,0,10.5,354,352,14.1,27.7,1,3600.00,1013.3,999.1
2020-04-25T10:00,14.0,0.00,48,3.1,11.4,0.00,0.00,0.00,0,0,0,0,0,9.6,352,347,12.4,27.7,1,3600.00,1013.0,998.9
2020-04-25T11:00,15.3,0.00,44,3.2,13.7,0.00,0.00,0.00,0,0,0,0,0,8.1,343,339,10.1,26.6,1,3600.00,1012.8,998.8
2020-04-25T12:00,16.5,0.00,42,3.4,15.3,0.00,0.00,0.00,0,0,0,0,0,8.2,335,331,10.3,25.2,1,3600.00,1012.2,998.2
2020-04-25T13:00,17.0,0.00,39,3.1,15.8,0.00,0.00,0.00,0,0,0,0,0,9.0,335,331,11.1,27.0,1,3600.00,1011.9,998.0
2020-04-25T14:00,17.6,0.00,36,2.5,16.0,0.00,0.00,0.00,0,0,0,0,0,9.7,338,333,12.4,27.4,1,3600.00,1011.3,997.4
2020-04-25T15:00,18.1,0.00,33,1.7,15.8,0.00,0.00,0.00,0,0,0,0,0,9.9,346,341,13.0,27.4,1,3600.00,1010.5,996.6
2020-04-25T16:00,18.1,0.00,32,1.0,15.0,0.00,0.00,0.00,0,0,0,0,0,10.0,349,345,13.2,27.0,1,3600.00,1009.9,996.0
2020-04-25T17:00,17.8,0.00,31,0.5,14.3,0.00,0.00,0.00,0,0,0,0,0,10.0,351,347,13.1,25.9,1,3600.00,1009.6,995.7
2020-04-25T18:00,17.0,0.00,34,0.8,13.4,0.00,0.00,0.00,0,0,0,0,0,10.8,339,334,16.2,24.1,1,3600.00,1009.4,995.5
2020-04-25T19:00,15.0,0.00,39,1.1,11.4,0.00,0.00,0.00,0,0,0,0,0,11.0,344,337,21.8,24.1,1,3600.00,1009.5,995.5
2020-04-25T20:00,12.9,0.00,42,0.1,9.5,0.00,0.00,0.00,0,0,0,0,0,8.8,9,9,20.8,22.7,0,0.00,1010.0,995.9
2020-04-25T21:00,11.2,0.00,46,-0.0,8.0,0.00,0.00,0.00,0,0,0,0,0,7.1,37,45,17.2,18.4,0,0.00,1010.5,996.3
2020-04-25T22:00,9.7,0.00,53,0.5,6.8,0.00,0.00,0.00,0,0,0,0,0,5.7,66,72,12.6,14.8,0,0.00,1010.7,996.4
2020-04-25T23:00,8.5,0.00,59,1.0,5.7,0.00,0.00,0.00,0,0,0,0,0,5.6,88,75,9.4,11.5,0,0.00,1010.8,996.5
2020-04-26T00:00,8.3,0.00,61,1.2,5.2,0.00,0.00,0.00,0,0,0,0,0,8.1,81,77,15.3,15.5,0,0.00,1010.9,996.5
2020-04-26T01:00,8.2,0.00,61,1.0,5.0,0.00,0.00,0.00,0,0,0,0,0,8.4,86,80,17.0,20.2,0,0.00,1011.0,996.6
2020-04-26T02:00,8.4,0.00,60,1.0,4.9,0.00,0.00,0.00,0,0,0,0,0,10.4,99,88,24.8,21.2,0,0.00,1011.0,996.6
2020-04-26T03:00,8.4,0.00,61,1.3,4.9,0.00,0.00,0.00,0,0,0,0,0,10.2,102,100,25.0,22.3,0,0.00,1011.0,996.6
2020-04-26T04:00,8.1,0.00,63,1.4,4.6,0.00,0.00,0.00,0,0,0,0,0,11.2,100,96,25.6,23.8,0,0.00,1011.0,996.6
2020-04-26T05:00,7.6,0.00,65,1.5,4.3,0.00,0.00,0.00,0,0,0,0,0,9.8,102,98,23.6,23.8,0,0.00,1010.9,996.5
2020-04-26T06:00,7.8,0.00,67,2.0,4.8,0.00,0.00,0.00,0,1,0,1,0,8.3,98,85,20.7,21.2,1,279.11,1011.0,996.6
2020-04-26T07:00,10.1,0.00,60,2.6,7.3,0.00,0.00,0.00,0,0,0,0,0,7.6,96,90,16.3,18.7,1,3600.00,1011.3,997.0
2020-04-26T08:00,12.6,0.00,52,3.0,9.8,0.00,0.00,0.00,0,0,0,0,0,8.0,97,98,11.6,20.9,1,3600.00,1011.2,997.1
2020-04-26T09:00,15.0,0.00,45,3.1,12.2,0.00,0.00,0.00,0,0,0,0,0,7.9,103,106,11.1,22.0,1,3600.00,1011.2,997.2
2020-04-26T10:00,16.8,0.00,38,2.5,14.2,0.00,0.00,0.00,0,0,0,0,0,9.0,105,106,12.3,25.2,1,3600.00,1010.9,997.0
2020-04-26T11:00,18.0,0.00,34,2.1,16.2,0.00,0.00,0.00,0,0,0,0,0,8.0,106,108,10.5,25.6,1,3600.00,1010.6,996.7
2020-04-26T12:00,19.0,0.00,32,2.0,18.0,0.00,0.00,0.00,0,2,0,2,0,5.7,107,108,7.5,23.4,1,3600.00,1010.0,996.2
2020-04-26T13:00,19.2,0.00,32,2.1,18.8,0.00,0.00,0.00,1,20,0,0,0,2.9,146,150,3.9,20.2,1,3600.00,1010.1,996.3
2020-04-26T14:00,19.9,0.00,30,1.7,19.5,0.00,0.00,0.00,0,3,0,0,3,2.2,159,171,3.1,15.8,1,3600.00,1009.6,995.8
2020-04-26T15:00,20.3,0.00,28,1.4,19.5,0.00,0.00,0.00,0,0,0,0,0,0.8,198,243,1.1,14.4,1,3600.00,1009.1,995.4
2020-04-26T16:00,20.4,0.00,27,0.9,18.4,0.00,0.00,0.00,0,0,0,0,0,2.0,329,315,2.1,11.9,1,3600.00,1008.6,994.9
2020-04-26T17:00,20.2,0.00,28,0.9,17.5,0.00,0.00,0.00,0,0,0,0,0,4.5,352,346,5.4,13.0,1,3600.00,1008.4,994.7
2020-04-26T18:00,19.3,0.00,32,2.1,16.6,0.00,0.00,0.00,0,1,1,0,0,6.0,346,343,10.4,15.1,1,3600.00,1008.5,994.7
2020-04-26T19:00,16.8,0.00,37,1.9,13.8,0.00,0.00,0.00,0,0,0,0,0,7.8,349,347,17.6,15.8,1,3600.00,1008.7,994.8
2020-04-26T20:00,14.9,0.00,33,-1.1,11.4,0.00,0.00,0.00,0,1,1,0,0,8.2,13,29,18.1,16.2,0,0.00,1008.9,994.9
2020-04-26T21:00,13.1,0.00,40,-0.2,10.0,0.00,0.00,0.00,2,57,56,24,0,6.3,27,59,13.4,15.8,0,0.00,1009.2,995.1
2020-04-26T22:00,12.0,0.00,48,1.4,9.2,0.00,0.00,0.00,2,54,15,53,0,6.2,81,83,11.3,12.6,0,0.00,1009.5,995.3
2020-04-26T23:00,11.5,0.00,52,2.1,8.7,0.00,0.00,0.00,1,49,0,49,0,7.0,119,102,16.9,14.0,0,0.00,1009.7,995.5
2020-04-27T00:00,10.6,0.00,54,1.8,7.6,0.00,0.00,0.00,3,97,0,97,0,7.9,123,106,19.0,15.5,0,0.00,1009.8,995.6
2020-04-27T01:00,11.2,0.00,54,2.1,8.2,0.00,0.00,0.00,3,100,0,80,0,8.2,145,105,14.0,16.9,0,0.00,1009.9,995.7
2020-04-27T02:00,10.5,0.00,54,1.7,7.5,0.00,0.00,0.00,3,80,0,80,0,7.7,174,143,18.1,16.2,0,0.00,1010.1,995.9
2020-04-27T03:00,9.9,0.00,60,2.5,7.3,0.00,0.00,0.00,2,59,0,59,0,5.6,180,105,8.6,15.8,0,0.00,1010.0,995.7
2020-04-27T04:00,9.9,0.00,67,4.0,7.6,0.00,0.00,0.00,1,34,0,34,2,5.9,191,133,15.0,12.6,0,0.00,1009.9,995.6
2020-04-27T05:00,10.9,0.00,75,6.6,9.0,0.00,0.00,0.00,2,51,0,50,7,7.1,206,165,18.4,14.8,0,0.00,1010.1,995.9
2020-04-27T06:00,11.9,0.00,76,7.8,10.3,0.00,0.00,0.00,1,23,0,23,0,6.8,215,180,17.1,15.8,1,20.36,1010.0,995.8
2020-04-27T07:00,13.4,0.00,74,8.8,11.9,0.00,0.00,0.00,0,2,0,2,0,7.6,197,172,13.6,18.7,1,3600.00,1010.3,996.2
2020-04-27T08:00,15.1,0.00,71,9.8,13.7,0.00,0.00,0.00,0,0,0,0,0,9.4,206,203,13.2,23.4,1,3600.00,1010.2,996.2
2020-04-27T09:00,17.2,0.00,58,9.0,15.2,0.00,0.00,0.00,0,0,0,0,0,12.0,226,224,16.5,29.5,1,3600.00,1010.1,996.2
2020-04-27T10:00,18.7,0.00,48,7.5,16.3,0.00,0.00,0.00,1,31,0,29,9,14.5,229,228,19.6,34.9,1,3600.00,1009.6,995.8
2020-04-27T11:00,19.4,0.00,46,7.4,17.0,0.00,0.00,0.00,1,27,1,24,7,14.0,224,224,19.1,35.3,1,3600.00,1009.2,995.4
2020-04-27T12:00,20.3,0.00,39,5.9,17.9,0.00,0.00,0.00,1,29,15,14,5,13.3,219,218,18.2,34.6,1,3600.00,1008.8,995.1
2020-04-27T13:00,21.9,0.00,31,4.2,19.6,0.00,0.00,0.00,2,68,88,4,2,13.5,228,226,17.8,36.0,1,3600.00,1008.4,994.7
2020-04-27T14:00,22.2,0.00,28,3.0,20.2,0.00,0.00,0.00,3,91,91,1,0,11.8,232,230,15.9,33.8,1,3600.00,1007.9,994.3
2020-04-27T15:00,22.7,0.00,23,0.6,19.9,0.00,0.00,0.00,2,77,77,0,0,10.8,245,244,14.7,30.2,1,3600.00,1007.4,993.8
2020-04-27T16:00,22.7,0.00,22,-0.0,19.1,0.00,0.00,0.00,0,0,0,0,0,11.7,261,261,15.7,28.4,1,3600.00,1006.9,993.3
2020-04-27T17:00,22.6,0.00,24,1.0,18.8,0.00,0.00,0.00,2,79,0,79,0,12.5,260,258,18.3,28.4,1,3600.00,1006.3,992.7
2020-04-27T18:00,20.9,0.00,36,5.2,18.8,0.00,0.00,0.00,1,27,2,25,0,6.3,250,246,14.6,29.2,1,3600.00,1006.3,992.6
2020-04-27T19:00,18.3,0.00,57,9.6,17.3,0.00,0.00,0.00,0,18,1,17,0,6.0,282,295,10.3,14.8,1,3600.00,1006.5,992.7
2020-04-27T20:00,16.6,0.00,44,4.4,14.4,0.00,0.00,0.00,0,19,1,19,0,6.3,324,336,15.5,12.6,0,0.00,1007.0,993.1
2020-04-27T21:00,14.8,0.00,53,5.4,12.4,0.00,0.00,0.00,0,19,16,4,0,8.1,331,347,13.5,13.3,0,0.00,1007.4,993.4
2020-04-27T22:00,14.1,0.00,53,4.6,11.8,0.00,0.00,0.00,2,55,55,0,0,6.9,355,28,12.6,13.3,0,0.00,1007.5,993.5
2020-04-27T23:00,13.3,0.00,54,4.2,11.0,0.00,0.00,0.00,2,70,70,0,0,6.0,16,57,10.5,11.9,0,0.00,1007.1,993.0
2020-04-28T00:00,12.2,0.00,56,3.8,10.1,0.00,0.00,0.00,2,77,77,0,0,4.1,36,75,8.0,10.1,0,0.00,1006.9,992.8
2020-04-28T01:00,11.8,0.00,62,4.8,9.8,0.00,0.00,0.00,3,92,93,0,0,5.1,42,86,9.2,9.7,0,0.00,1006.8,992.7
2020-04-28T02:00,9.9,0.00,71,4.8,7.7,0.00,0.00,0.00,3,93,93,2,0,6.2,108,100,9.1,12.6,0,0.00,1006.6,992.4
2020-04-28T03:00,9.3,0.00,73,4.8,7.3,0.00,0.00,0.00,3,93,92,32,0,4.9,132,107,10.2,13.0,0,0.00,1006.3,992.1
2020-04-28T04:00,10.3,0.00,68,4.6,7.8,0.00,0.00,0.00,3,99,92,98,1,8.5,133,118,17.8,16.2,0,0.00,1006.1,991.9
2020-04-28T05:00,11.4,0.00,62,4.4,8.6,0.00,0.00,0.00,3,98,93,94,3,9.4,167,157,20.7,19.4,0,0.00,1006.4,992.3
2020-04-28T06:00,12.2,0.00,64,5.6,10.1,0.00,0.00,0.00,3,98,92,94,5,6.9,197,152,15.8,19.8,1,0.00,1006.6,992.5
2020-04-28T07:00,13.8,0.00,67,7.8,12.1,0.00,0.00,0.00,3,100,88,98,6,7.6,210,177,14.2,16.2,1,0.00,1006.6,992.6
2020-04-28T08:00,15.0,0.00,69,9.3,14.0,0.00,0.00,0.00,3,99,93,98,5,5.5,210,191,10.8,16.6,1,150.01,1006.6,992.6
2020-04-28T09:00,15.6,0.00,72,10.7,14.7,0.00,0.00,0.00,3,98,92,74,28,7.6,189,183,11.3,18.4,1,0.00,1006.5,992.6
2020-04-28T10:00,17.2,0.00,70,11.6,15.7,0.00,0.00,0.00,3,100,95,98,23,13.6,212,212,19.1,33.8,1,3600.00,1006.0,992.1
2020-04-28T11:00,17.6,0.10,68,11.7,15.9,0.10,0.00,0.00,51,99,97,80,56,15.3,230,231,22.0,41.0,1,1352.49,1006.0,992.2
2020-04-28T12:00,18.6,0.00,64,11.6,16.8,0.00,0.00,0.00,3,95,90,56,46,15.6,236,236,21.8,43.2,1,2060.24,1005.7,991.9
2020-04-28T13:00,17.0,0.30,74,12.3,16.3,0.30,0.00,0.00,51,94,85,88,56,9.5,241,241,13.2,50.8,1,3600.00,1005.5,991.6
2020-04-28T14:00,16.0,2.10,80,12.6,14.2,2.10,0.00,0.00,61,100,88,97,54,18.2,238,236,27.2,45.0,1,3057.34,1005.8,991.9
2020-04-28T15:00,15.5,0.10,77,11.5,14.1,0.10,0.00,0.00,51,76,64,34,14,13.0,243,242,20.3,40.7,1,0.00,1005.9,992.0
2020-04-28T16:00,17.2,0.00,62,9.8,14.7,0.00,0.00,0.00,2,79,66,41,32,16.6,252,252,23.8,37.4,1,3600.00,1005.5,991.7
2020-04-28T17:00,17.7,0.00,57,8.9,14.9,0.00,0.00,0.00,2,51,5,45,17,16.6,250,248,24.1,38.2,1,3600.00,1005.3,991.5
2020-04-28T18:00,17.3,0.00,57,8.7,15.0,0.00,0.00,0.00,3,85,49,81,5,13.2,250,248,20.7,36.7,1,3600.00,1005.4,991.6
2020-04-28T19:00,16.1,0.00,62,8.9,14.6,0.00,0.00,0.00,1,32,26,13,2,7.7,249,242,17.0,28.8,1,3600.00,1005.7,991.8
2020-04-28T20:00,13.5,0.00,74,8.9,12.3,0.00,0.00,0.00,3,83,80,34,5,6.6,229,209,16.3,17.3,0,0.00,1006.0,992.0
2020-04-28T21:00,13.4,0.00,75,9.2,11.8,0.00,0.00,0.00,3,100,100,99,23,9.4,212,198,22.5,19.8,0,0.00,1006.5,992.5
2020-04-28T22:00,13.6,0.00,72,8.7,11.6,0.00,0.00,0.00,3,99,98,65,29,11.2,237,228,25.0,23.8,0,0.00,1006.6,992.6
2020-04-28T23:00,13.7,0.00,68,7.8,11.6,0.00,0.00,0.00,3,99,87,98,14,10.9,242,236,24.0,25.6,0,0.00,1007.0,993.0
2020-04-29T00:00,13.1,0.00,71,8.0,11.1,0.00,0.00,0.00,3,86,48,83,13,10.0,231,221,22.5,24.1,0,0.00,1007.0,992.9
2020-04-29T01:00,14.1,0.20,72,9.1,11.8,0.20,0.00,0.00,51,100,100,99,10,14.1,227,220,25.7,26.3,0,0.00,1006.9,992.9
2020-04-29T02:00,13.6,0.00,75,9.3,11.7,0.00,0.00,0.00,3,100,100,96,16,12.0,230,221,22.2,31.0,0,0.00,1006.7,992.7
2020-04-29T03:00,12.9,0.00,80,9.5,10.9,0.00,0.00,0.00,3,100,100,90,24,12.4,223,216,23.7,25.6,0,0.00,1007.0,992.9
2020-04-29T04:00,12.5,0.10,83,9.7,10.5,0.10,0.00,0.00,51,99,98,78,46,13.0,229,224,24.2,28.4,0,0.00,1007.3,993.2
2020-04-29T05:00,12.0,0.10,84,9.5,10.0,0.10,0.00,0.00,51,100,100,59,58,12.7,228,225,23.2,28.1,0,0.00,1007.6,993.5
2020-04-29T06:00,11.9,0.10,85,9.4,10.0,0.10,0.00,0.00,51,100,100,82,100,12.2,233,227,21.6,27.4,1,0.00,1008.1,994.0
2020-04-29T07:00,12.3,0.10,84,9.6,10.6,0.10,0.00,0.00,51,100,100,81,97,10.7,236,230,19.2,26.3,1,0.00,1008.5,994.4
2020-04-29T08:00,12.7,0.10,82,9.7,11.1,0.10,0.00,0.00,51,100,99,90,93,10.5,244,239,16.4,25.6,1,0.00,1008.7,994.6
2020-04-29T09:00,13.6,0.10,75,9.3,11.7,0.10,0.00,0.00,51,100,94,70,100,11.8,242,239,17.1,33.8,1,609.61,1009.0,994.9
2020-04-29T10:00,14.9,0.00,64,8.2,12.4,0.00,0.00,0.00,3,82,11,73,48,13.5,244,241,19.6,37.1,1,1569.76,1008.6,994.6
2020-04-29T11:00,15.9,0.10,64,9.1,13.4,0.10,0.00,0.00,51,46,0,26,39,15.3,237,236,21.4,43.6,1,3600.00,1008.7,994.7
2020-04-29T12:00,16.7,0.10,61,9.1,14.1,0.10,0.00,0.00,51,100,0,25,100,17.1,225,222,23.4,45.4,1,3600.00,1008.5,994.6
2020-04-29T13:00,17.5,0.10,54,8.0,14.6,0.10,0.00,0.00,51,88,0,38,13,16.6,243,243,22.5,45.7,1,3600.00,1008.6,994.7
2020-04-29T14:00,17.1,0.10,52,7.3,14.0,0.10,0.00,0.00,51,46,9,41,12,18.1,229,227,25.3,42.1,1,3600.00,1008.4,994.5
2020-04-29T15:00,17.1,0.20,54,7.6,14.0,0.20,0.00,0.00,51,40,0,39,20,17.3,228,227,24.2,42.8,1,3600.00,1008.1,994.2
2020-04-29T16:00,18.0,0.00,43,5.3,14.4,0.00,0.00,0.00,1,39,0,39,2,16.4,234,232,23.2,39.6,1,3600.00,1007.8,994.0
2020-04-29T17:00,17.1,0.00,48,6.1,13.3,0.00,0.00,0.00,3,85,26,80,24,19.0,241,241,28.4,44.3,1,3600.00,1008.1,994.2
2020-04-29T18:00,16.6,0.00,51,6.4,13.7,0.00,0.00,0.00,2,52,0,52,10,13.5,238,236,21.2,42.1,1,3600.00,1008.2,994.3
2020-04-29T19:00,15.7,0.00,53,6.2,13.0,0.00,0.00,0.00,1,47,0,43,22,12.1,237,233,22.4,29.9,1,3565.22,1008.4,994.4
2020-04-29T20:00,14.5,0.00,58,6.3,12.1,0.00,0.00,0.00,2,70,48,56,11,9.7,232,225,20.0,26.6,0,0.00,1008.6,994.6
2020-04-29T21:00,13.4,0.00,65,6.9,11.3,0.00,0.00,0.00,3,98,97,31,3,8.9,218,207,20.5,21.2,0,0.00,1008.8,994.7
2020-04-29T22:00,12.5,0.00,69,7.0,10.3,0.00,0.00,0.00,3,98,97,8,0,10.2,203,188,23.1,22.3,0,0.00,1008.8,994.7
2020-04-29T23:00,12.4,0.00,69,6.9,9.9,0.00,0.00,0.00,3,100,99,44,15,11.7,202,191,24.5,25.6,0,0.00,1008.7,994.6
2020-04-30T00:00,12.7,0.00,66,6.6,10.3,0.00,0.00,0.00,3,99,97,94,1,10.9,199,186,22.4,26.3,0,0.00,1008.4,994.3
2020-04-30T01:00,12.9,0.00,71,7.9,10.7,0.00,0.00,0.00,3,100,97,100,1,11.4,212,204,22.2,24.1,0,0.00,1008.3,994.2
2020-04-30T02:00,12.4,0.20,77,8.5,10.5,0.20,0.00,0.00,51,100,100,100,2,10.0,205,195,20.3,25.2,0,0.00,1007.9,993.8
2020-04-30T03:00,12.0,0.30,81,8.8,10.0,0.30,0.00,0.00,51,100,100,100,16,11.2,198,186,22.0,24.1,0,0.00,1007.5,993.4
2020-04-30T04:00,11.9,0.10,80,8.6,9.7,0.10,0.00,0.00,51,100,98,98,1,12.3,189,177,23.3,27.0,0,0.00,1006.8,992.7
2020-04-30T05:00,11.7,0.00,79,8.2,9.5,0.00,0.00,0.00,3,100,0,100,39,11.6,170,154,22.3,27.4,0,0.00,1005.9,991.8
2020-04-30T06:00,11.9,0.20,78,8.1,9.7,0.20,0.00,0.00,51,100,5,100,90,11.6,177,164,22.3,25.6,1,0.00,1005.9,991.8
2020-04-30T07:00,12.4,0.90,80,9.0,9.8,0.90,0.00,0.00,53,100,94,82,100,15.6,212,206,27.5,33.5,1,0.00,1006.3,992.2
2020-04-30T08:00,12.6,0.30,82,9.6,10.0,0.30,0.00,0.00,51,100,95,99,100,17.6,214,211,29.1,38.5,1,0.00,1006.5,992.4
2020-04-30T09:00,13.0,0.10,83,10.1,11.1,0.10,0.00,0.00,51,93,87,49,58,13.8,223,221,24.2,37.8,1,0.00,1006.8,992.7
2020-04-30T10:00,14.2,0.00,74,9.7,11.4,0.00,0.00,0.00,3,100,100,100,24,18.6,229,227,27.3,51.5,1,1092.42,1006.6,992.6
2020-04-30T11:00,14.9,0.10,67,8.8,11.8,0.10,0.00,0.00,51,100,99,100,68,19.2,232,232,27.4,53.3,1,2886.37,1006.5,992.5
2020-04-30T12:00,13.4,1.20,76,9.4,10.4,1.20,0.00,0.00,55,100,100,100,96,19.3,235,233,28.7,49.7,1,0.00,1006.7,992.7
2020-04-30T13:00,13.3,0.20,86,10.9,12.0,0.20,0.00,0.00,51,100,99,89,38,10.7,221,220,15.8,41.8,1,168.27,1006.3,992.3
2020-04-30T14:00,13.5,1.20,82,10.6,11.3,1.20,0.00,0.00,55,100,100,97,17,16.6,204,202,24.3,45.0,1,0.00,1005.9,991.9
2020-04-30T15:00,13.8,0.10,78,10.0,11.5,0.10,0.00,0.00,51,100,100,90,12,15.7,204,200,28.8,38.2,1,0.00,1005.4,991.4
2020-04-30T16:00,14.6,0.00,64,7.9,11.2,0.00,0.00,0.00,3,100,100,99,4,19.6,198,197,30.3,44.6,1,0.00,1004.5,990.5
2020-04-30T17:00,14.3,0.00,59,6.3,10.2,0.00,0.00,0.00,3,100,100,88,31,21.7,202,201,33.8,45.7,1,0.00,1004.3,990.3
2020-04-30T18:00,13.4,0.40,66,7.2,9.3,0.40,0.00,0.00,51,100,96,100,95,23.4,211,211,38.0,52.6,1,0.00,1004.6,990.6
2020-04-30T19:00,12.0,0.80,79,8.5,7.8,0.80,0.00,0.00,53,97,7,97,37,26.5,223,222,43.0,61.2,1,0.00,1005.0,990.9
2020-04-30T20:00,11.3,0.20,85,8.9,8.4,0.20,0.00,0.00,51,22,0,16,15,17.4,222,218,29.8,56.5,0,0.00,1005.8,991.7
2020-04-30T21:00,10.4,0.00,90,8.8,8.2,0.00,0.00,0.00,1,32,0,17,26,12.8,219,212,24.9,37.8,0,0.00,1006.6,992.4
2020-04-30T22:00,10.0,0.20,90,8.5,7.9,0.20,0.00,0.00,51,39,0,28,25,11.6,216,210,23.2,41.4,0,0.00,1006.5,992.3
2020-04-30T23:00,9.9,0.60,91,8.6,7.7,0.60,0.00,0.00,53,47,0,31,35,12.9,217,210,24.9,41.4,0,0.00,1006.6,992.4
2020-05-01T00:00,10.1,0.30,90,8.5,7.5,0.30,0.00,0.00,51,44,0,34,32,15.2,220,216,28.3,42.5,0,0.00,1006.5,992.3
2020-05-01T01:00,10.2,0.20,84,7.5,7.3,0.20,0.00,0.00,51,53,0,15,3,15.5,230,226,29.4,35.6,0,0.00,1005.9,991.7
2020-05-01T02:00,9.8,0.00,84,7.2,6.9,0.00,0.00,0.00,1,21,0,21,1,14.6,233,230,28.3,34.2,0,0.00,1005.9,991.7
2020-05-01T03:00,9.4,0.00,85,7.1,6.9,0.00,0.00,0.00,1,40,3,35,14,12.2,233,227,25.2,32.4,0,0.00,1005.9,991.7
2020-05-01T04:00,9.1,0.10,87,7.0,6.8,0.10,0.00,0.00,51,87,72,54,34,10.5,228,221,22.7,28.4,0,0.00,1005.9,991.7
2020-05-01T05:00,9.4,0.30,85,7.0,6.6,0.30,0.00,0.00,51,56,0,42,40,13.4,222,216,26.0,29.5,0,0.00,1005.9,991.7
2020-05-01T06:00,9.7,0.10,84,7.1,6.7,0.10,0.00,0.00,51,56,0,26,46,15.5,229,226,27.6,33.5,1,0.00,1005.8,991.6
2020-05-01T07:00,10.5,0.00,82,7.5,7.8,0.00,0.00,0.00,1,30,0,9,25,14.3,226,223,25.0,33.8,1,3600.00,1006.0,991.8
2020-05-01T08:00,12.0,0.10,74,7.6,9.0,0.10,0.00,0.00,51,72,40,38,52,16.3,224,221,24.4,43.2,1,3600.00,1006.1,992.0
2020-05-01T09:00,12.5,0.10,70,7.2,9.2,0.10,0.00,0.00,51,95,86,82,56,17.9,232,232,26.1,52.9,1,3600.00,1005.9,991.8
2020-05-01T10:00,13.1,0.10,67,7.2,9.8,0.10,0.00,0.00,51,99,92,77,94,17.6,230,229,25.3,56.9,1,2310.25,1005.7,991.7
2020-05-01T11:00,13.5,0.20,65,7.1,10.7,0.20,0.00,0.00,51,100,100,99,86,14.0,238,241,19.9,58.0,1,1151.21,1005.2,991.2
2020-05-01T12:00,11.4,2.20,84,8.8,9.0,2.20,0.00,0.00,61,99,28,97,82,14.4,287,283,21.4,47.2,1,0.00,1005.2,991.1
2020-05-01T13:00,11.2,1.20,87,9.1,9.2,1.20,0.00,0.00,55,96,47,73,19,12.1,250,253,21.4,37.4,1,0.00,1005.2,991.1
2020-05-01T14:00,13.7,0.20,77,9.6,11.6,0.20,0.00,0.00,51,85,75,42,31,13.2,243,244,18.5,50.0,1,3600.00,1004.4,990.4
2020-05-01T15:00,11.9,2.50,81,8.7,8.9,2.50,0.00,0.00,63,100,60,100,41,17.9,240,240,28.2,56.9,1,3600.00,1004.8,990.7
2020-05-01T16:00,11.7,0.20,82,8.8,9.4,0.20,0.00,0.00,51,90,0,88,25,13.3,234,229,21.4,40.0,1,0.00,1004.6,990.5
2020-05-01T17:00,12.6,0.00,75,8.2,9.8,0.00,0.00,0.00,1,42,0,37,14,15.8,226,225,23.4,37.1,1,3600.00,1004.4,990.3
2020-05-01T18:00,12.2,0.00,77,8.2,9.8,0.00,0.00,0.00,1,40,9,30,24,13.5,224,224,21.1,35.6,1,3600.00,1004.6,990.5
2020-05-01T19:00,11.6,0.00,81,8.4,9.5,0.00,0.00,0.00,1,34,0,28,16,11.8,214,207,21.8,29.2,1,3600.00,1005.0,990.9
2020-05-01T20:00,10.5,0.90,87,8.4,8.0,0.90,0.00,0.00,53,46,0,33,38,14.1,226,218,26.7,33.5,0,0.00,1005.5,991.3
2020-05-01T21:00,10.1,0.00,89,8.3,8.0,0.00,0.00,0.00,0,10,0,7,7,11.8,224,220,23.9,30.6,0,0.00,1006.3,992.1
2020-05-01T22:00,9.5,0.00,91,8.1,7.4,0.00,0.00,0.00,0,5,0,5,2,11.3,223,217,24.7,25.9,0,0.00,1006.4,992.2
2020-05-01T23:00,9.3,0.10,91,7.9,7.0,0.10,0.00,0.00,51,70,0,58,59,12.1,222,217,25.7,26.6,0,0.00,1006.8,992.5
2020-05-02T00:00,9.5,0.60,92,8.3,6.9,0.60,0.00,0.00,53,67,0,62,46,14.3,229,225,26.8,31.3,0,0.00,1007.4,993.2
2020-05-02T01:00,9.1,0.90,87,7.1,6.6,0.90,0.00,0.00,53,49,0,18,13,12.4,258,253,25.8,31.7,0,0.00,1007.3,993.0
2020-05-02T02:00,8.8,0.00,89,7.0,6.1,0.00,0.00,0.00,0,3,0,3,0,12.9,253,247,26.0,28.1,0,0.00,1007.6,993.3
2020-05-02T03:00,8.2,0.00,90,6.6,5.3,0.00,0.00,0.00,0,2,0,0,2,14.2,254,249,28.0,32.0,0,0.00,1008.3,994.0
2020-05-02T04:00,7.8,0.00,90,6.3,4.7,0.00,0.00,0.00,0,1,0,0,1,14.7,255,253,28.3,32.4,0,0.00,1008.8,994.4
2020-05-02T05:00,7.3,0.00,89,5.6,4.1,0.00,0.00,0.00,0,2,0,1,2,14.2,255,254,27.9,32.4,0,0.00,1009.4,995.0
2020-05-02T06:00,7.9,0.00,88,6.1,4.6,0.00,0.00,0.00,0,4,0,3,2,15.6,249,247,28.1,34.2,1,1023.44,1010.1,995.7
2020-05-02T07:00,9.3,0.00,79,5.8,5.9,0.00,0.00,0.00,0,8,0,7,3,15.9,244,242,25.6,36.0,1,3600.00,1010.8,996.5
2020-05-02T08:00,10.6,0.00,68,5.0,6.4,0.00,0.00,0.00,0,15,0,9,13,20.2,248,248,29.4,43.9,1,3600.00,1010.8,996.6
2020-05-02T09:00,11.7,0.10,57,3.6,6.9,0.10,0.00,0.00,51,35,0,28,20,23.0,256,256,33.0,51.5,1,3600.00,1011.0,996.8
2020-05-02T10:00,12.5,0.00,51,2.7,7.6,0.00,0.00,0.00,1,30,0,26,14,21.9,261,261,31.4,51.5,1,3600.00,1010.9,996.8
2020-05-02T11:00,13.4,0.00,46,1.9,8.9,0.00,0.00,0.00,1,20,0,19,11,21.3,264,264,30.4,49.7,1,3600.00,1010.5,996.4
2020-05-02T12:00,14.0,0.20,41,1.0,9.4,0.20,0.00,0.00,51,46,0,46,3,23.4,268,267,33.5,52.9,1,3600.00,1010.5,996.4
2020-05-02T13:00,14.8,0.10,43,2.3,10.1,0.10,0.00,0.00,51,53,13,45,24,22.8,265,265,31.8,57.2,1,3600.00,1010.4,996.4
2020-05-02T14:00,14.0,0.10,48,3.2,9.5,0.10,0.00,0.00,51,80,12,79,21,23.1,279,281,32.4,54.0,1,3600.00,1010.6,996.5
2020-05-02T15:00,13.5,0.30,51,3.4,8.5,0.30,0.00,0.00,51,74,12,73,15,23.4,281,281,34.5,54.7,1,3600.00,1010.9,996.8
2020-05-02T16:00,13.5,0.00,49,3.0,8.4,0.00,0.00,0.00,3,91,2,91,10,24.3,290,291,36.0,59.8,1,3600.00,1011.2,997.1
2020-05-02T17:00,12.7,0.10,57,4.3,8.4,0.10,0.00,0.00,51,95,0,95,4,20.2,288,289,29.6,54.0,1,3600.00,1011.8,997.6
2020-05-02T18:00,12.2,0.00,57,4.0,8.5,0.00,0.00,0.00,0,3,0,2,2,15.4,287,286,24.1,43.9,1,3600.00,1012.1,997.9
2020-05-02T19:00,11.5,0.00,62,4.5,8.5,0.00,0.00,0.00,1,31,0,20,27,10.9,300,297,21.1,33.8,1,3600.00,1012.7,998.5
2020-05-02T20:00,10.0,0.00,68,4.4,7.7,0.00,0.00,0.00,0,7,0,6,7,6.4,297,286,16.9,24.5,0,0.00,1013.5,999.2
2020-05-02T21:00,8.1,0.00,79,4.8,6.0,0.00,0.00,0.00,0,9,0,1,9,5.9,277,256,13.8,14.8,0,0.00,1014.6,1000.2
2020-05-02T22:00,7.1,0.00,85,4.8,4.9,0.00,0.00,0.00,1,22,0,0,22,6.6,270,257,14.0,12.2,0,0.00,1015.6,1001.1
2020-05-02T23:00,7.8,0.00,82,4.9,5.8,0.00,0.00,0.00,1,35,0,3,35,5.5,297,281,9.7,12.2,0,0.00,1016.1,1001.6
2020-05-03T00:00,8.2,0.00,80,4.9,6.6,0.00,0.00,0.00,1,25,0,2,25,2.6,293,196,4.7,10.1,0,0.00,1016.7,1002.3
2020-05-03T01:00,6.7,0.00,87,4.7,4.6,0.00,0.00,0.00,1,29,0,33,3,5.5,229,191,6.6,7.6,0,0.00,1017.3,1002.8
2020-05-03T02:00,5.7,0.10,91,4.4,3.4,0.10,0.00,0.00,51,58,0,52,31,6.8,243,205,8.0,11.2,0,0.00,1017.8,1003.2
2020-05-03T03:00,7.4,0.10,83,4.7,5.9,0.10,0.00,0.00,51,48,0,42,24,1.3,286,124,2.6,10.1,0,0.00,1017.8,1003.3
2020-05-03T04:00,6.4,0.00,89,4.6,4.5,0.00,0.00,0.00,1,40,0,34,21,3.5,97,114,2.9,7.2,0,0.00,1018.1,1003.5
2020-05-03T05:00,6.0,0.00,91,4.7,3.8,0.00,0.00,0.00,1,37,0,32,27,6.3,194,167,12.2,12.6,1,0.00,1018.5,1003.9
2020-05-03T06:00,6.8,0.00,90,5.3,5.0,0.00,0.00,0.00,1,32,0,4,31,4.2,203,149,8.2,13.0,1,553.43,1018.8,1004.3
2020-05-03T07:00,8.4,0.00,84,5.8,6.8,0.00,0.00,0.00,0,2,0,0,2,4.1,177,165,6.5,11.9,1,3600.00,1018.9,1004.4
2020-05-03T08:00,10.4,0.00,77,6.6,8.9,0.00,0.00,0.00,3,100,100,2,4,4.4,190,189,6.2,15.5,1,3600.00,1019.5,1005.1
2020-05-03T09:00,12.5,0.00,68,6.7,10.8,0.00,0.00,0.00,3,100,100,2,20,5.9,217,218,7.7,18.7,1,3600.00,1019.5,1005.2
2020-05-03T10:00,13.6,0.00,59,5.9,11.6,0.00,0.00,0.00,3,100,99,1,26,6.9,223,223,8.9,20.5,1,3600.00,1019.5,1005.3
2020-05-03T11:00,14.6,0.00,52,4.8,12.1,0.00,0.00,0.00,3,100,100,70,93,8.8,236,235,11.7,24.1,1,3600.00,1019.4,1005.2
2020-05-03T12:00,15.5,0.00,47,4.3,12.9,0.00,0.00,0.00,3,100,99,100,99,9.2,240,239,12.4,24.8,1,3600.00,1019.2,1005.1
2020-05-03T13:00,15.9,0.00,42,3.0,13.2,0.00,0.00,0.00,3,99,86,95,13,7.7,232,233,10.5,24.8,1,0.00,1019.3,1005.2
2020-05-03T14:00,16.5,0.00,38,2.0,13.8,0.00,0.00,0.00,3,100,91,98,0,5.8,246,248,7.9,20.9,1,3600.00,1018.8,1004.7
2020-05-03T15:00,16.7,0.00,39,2.5,13.9,0.00,0.00,0.00,3,98,28,98,0,7.2,251,252,9.9,19.1,1,842.73,1018.3,1004.3
2020-05-03T16:00,16.7,0.00,40,3.2,14.1,0.00,0.00,0.00,2,76,0,76,0,6.6,225,221,9.2,19.4,1,327.77,1017.9,1003.9
2020-05-03T17:00,16.6,0.00,44,4.2,14.6,0.00,0.00,0.00,1,46,0,46,0,4.5,219,209,7.4,16.6,1,3279.38,1017.6,1003.6
2020-05-03T18:00,16.9,0.00,42,3.8,15.0,0.00,0.00,0.00,1,45,0,45,0,2.6,270,254,4.3,12.2,1,3600.00,1017.4,1003.4
2020-05-03T19:00,13.9,0.00,66,7.7,12.4,0.00,0.00,0.00,2,68,0,68,0,5.8,348,353,8.8,8.6,1,3600.00,1017.7,1003.5
2020-05-03T20:00,13.2,0.00,57,4.7,11.0,0.00,0.00,0.00,2,78,24,72,0,6.4,47,47,12.7,11.5,0,0.00,1017.7,1003.5
2020-05-03T21:00,12.4,0.00,57,4.2,10.0,0.00,0.00,0.00,3,90,67,71,2,7.2,90,87,12.6,14.4,0,0.00,1018.0,1003.7
2020-05-03T22:00,11.6,0.00,62,4.5,9.2,0.00,0.00,0.00,3,98,76,94,1,7.2,134,117,13.5,14.0,0,0.00,1018.0,1003.7
2020-05-03T23:00,11.9,0.00,59,4.2,9.3,0.00,0.00,0.00,3,94,61,89,6,8.4,130,110,17.4,16.6,0,0.00,1017.8,1003.5
2020-05-04T00:00,11.7,0.00,59,3.9,9.0,0.00,0.00,0.00,3,96,85,81,13,9.0,125,106,17.6,17.6,0,0.00,1017.6,1003.3
2020-05-04T01:00,11.4,0.00,65,5.0,9.1,0.00,0.00,0.00,3,85,46,92,5,7.7,126,101,13.4,17.6,0,0.00,1017.4,1003.1
2020-05-04T02:00,10.6,0.00,70,5.4,8.6,0.00,0.00,0.00,3,94,90,61,8,6.0,159,123,13.1,14.4,0,0.00,1017.4,1003.1
2020-05-04T03:00,10.3,0.00,71,5.3,8.0,0.00,0.00,0.00,3,94,91,44,24,7.9,168,129,15.8,15.8,0,0.00,1017.1,1002.8
2020-05-04T04:00,10.3,0.00,73,5.7,8.1,0.00,0.00,0.00,2,76,58,68,29,7.9,212,183,19.9,17.3,0,0.00,1017.0,1002.7
2020-05-04T05:00,10.2,0.00,83,7.4,8.5,0.00,0.00,0.00,3,100,71,33,100,6.9,214,189,17.4,17.6,1,0.00,1017.0,1002.7
2020-05-04T06:00,11.0,0.00,82,8.1,9.3,0.00,0.00,0.00,3,92,85,49,25,7.7,199,169,14.5,16.2,1,0.00,1017.2,1002.9
2020-05-04T07:00,11.7,0.00,80,8.4,10.1,0.00,0.00,0.00,3,95,77,83,15,8.0,192,175,15.1,18.4,1,1045.42,1017.3,1003.0
2020-05-04T08:00,12.8,0.00,77,8.9,11.3,0.00,0.00,0.00,3,91,18,89,0,8.1,198,193,12.5,20.2,1,1943.40,1017.2,1003.0
2020-05-04T09:00,13.4,0.00,78,9.7,12.0,0.00,0.00,0.00,3,92,62,80,2,9.0,199,196,13.0,22.3,1,750.77,1017.1,1002.9
2020-05-04T10:00,14.8,0.00,77,10.7,13.4,0.00,0.00,0.00,3,92,63,79,9,10.8,207,206,15.0,26.3,1,3600.00,1016.6,1002.5
2020-05-04T11:00,16.4,0.00,71,11.1,15.1,0.00,0.00,0.00,3,98,73,92,45,11.4,235,235,15.8,41.8,1,3600.00,1016.6,1002.6
2020-05-04T12:00,17.0,0.00,70,11.5,16.0,0.00,0.00,0.00,3,85,9,74,57,9.4,247,247,12.9,41.8,1,581.61,1016.1,1002.1
2020-05-04T13:00,16.2,0.20,83,13.4,16.2,0.20,0.00,0.00,51,85,5,52,28,7.4,253,256,10.1,41.0,1,3600.00,1015.9,1001.9
2020-05-04T14:00,16.8,0.20,79,13.0,16.5,0.20,0.00,0.00,51,42,18,28,10,8.6,291,292,12.0,30.2,1,3600.00,1015.5,1001.5
2020-05-04T15:00,16.4,1.80,74,11.7,14.7,1.80,0.00,0.00,61,46,13,30,27,14.8,307,304,21.6,42.5,1,3600.00,1015.8,1001.8
2020-05-04T16:00,15.6,0.20,78,11.7,13.6,0.20,0.00,0.00,51,50,13,36,26,16.8,338,337,24.4,42.5,1,3600.00,1015.8,1001.7
2020-05-04T17:00,15.9,0.00,70,10.4,14.1,0.00,0.00,0.00,1,37,1,35,14,13.2,345,343,19.0,37.4,1,3600.00,1015.7,1001.7
2020-05-04T18:00,14.9,0.00,73,10.1,12.5,0.00,0.00,0.00,2,62,21,51,18,16.2,7,4,24.6,36.4,1,3600.00,1016.1,1002.0
2020-05-04T19:00,13.6,0.00,77,9.6,11.7,0.00,0.00,0.00,2,61,3,59,4,12.1,23,17,21.1,34.6,1,3600.00,1016.8,1002.6
2020-05-04T20:00,12.5,0.00,81,9.3,11.0,0.00,0.00,0.00,3,80,9,78,4,8.4,20,10,17.2,25.9,0,0.00,1017.4,1003.2
2020-05-04T21:00,11.9,0.00,82,8.9,10.4,0.00,0.00,0.00,3,92,10,92,2,8.3,10,358,16.5,18.0,0,0.00,1018.2,1003.9
2020-05-04T22:00,11.3,0.00,79,7.9,9.3,0.00,0.00,0.00,3,94,86,60,6,10.1,17,6,18.8,20.9,0,0.00,1018.8,1004.5
2020-05-04T23:00,10.3,0.00,80,7.0,8.2,0.00,0.00,0.00,3,98,95,45,10,9.0,29,16,18.8,21.2,0,0.00,1019.4,1005.0
2020-05-05T00:00,9.9,0.00,78,6.2,7.6,0.00,0.00,0.00,3,99,99,33,5,8.7,37,24,19.0,19.4,0,0.00,1019.4,1005.0
2020-05-05T01:00,8.8,0.00,83,6.0,6.5,0.00,0.00,0.00,3,100,0,1,0,9.2,42,31,20.4,19.1,0,0.00,1019.0,1004.6
2020-05-05T02:00,7.9,0.00,85,5.4,5.4,0.00,0.00,0.00,3,100,100,0,0,9.4,48,40,21.7,19.4,0,0.00,1018.3,1003.8
2020-05-05T03:00,7.6,0.00,86,5.3,5.1,0.00,0.00,0.00,3,100,100,0,0,8.7,52,45,21.0,20.2,0,0.00,1018.4,1003.9
2020-05-05T04:00,7.9,0.00,83,5.2,5.2,0.00,0.00,0.00,3,100,100,0,0,10.2,54,48,22.7,21.6,0,0.00,1018.3,1003.8
2020-05-05T05:00,7.6,0.00,83,4.9,5.4,0.00,0.00,0.00,3,100,100,0,0,7.0,62,55,17.9,21.6,1,0.00,1018.4,1003.9
2020-05-05T06:00,8.4,0.00,79,5.0,5.6,0.00,0.00,0.00,3,100,100,0,1,10.7,55,48,21.2,21.6,1,0.00,1018.5,1004.0
2020-05-05T07:00,9.9,0.00,72,5.1,7.3,0.00,0.00,0.00,3,100,100,6,1,9.7,61,59,18.5,23.8,1,0.00,1018.9,1004.5
2020-05-05T08:00,11.6,0.00,63,4.8,8.9,0.00,0.00,0.00,3,100,100,4,0,9.4,70,67,13.4,22.3,1,3600.00,1018.9,1004.6
2020-05-05T09:00,12.9,0.00,54,3.8,9.9,0.00,0.00,0.00,3,99,99,1,0,10.6,68,66,14.7,26.6,1,3600.00,1018.8,1004.6
2020-05-05T10:00,13.7,0.00,49,3.3,10.8,0.00,0.00,0.00,3,99,99,0,0,8.7,67,66,11.8,26.6,1,3600.00,1019.0,1004.8
2020-05-05T11:00,15.0,0.00,45,3.2,13.1,0.00,0.00,0.00,3,96,95,0,9,8.0,55,54,10.1,23.8,1,3600.00,1018.8,1004.7
2020-05-05T12:00,15.9,0.00,43,3.3,14.8,0.00,0.00,0.00,3,97,97,0,12,6.9,48,47,9.2,23.8,1,3600.00,1018.2,1004.1
2020-05-05T13:00,15.1,0.00,45,3.3,14.0,0.00,0.00,0.00,3,97,94,61,98,7.0,27,21,8.9,22.0,1,3600.00,1018.1,1004.0
2020-05-05T14:00,16.0,0.00,43,3.6,13.3,0.00,0.00,0.00,3,97,53,93,91,8.7,9,7,11.3,23.4,1,3600.00,1018.2,1004.1
2020-05-05T15:00,16.5,0.00,42,3.5,13.6,0.00,0.00,0.00,2,76,5,74,33,10.2,11,10,13.2,26.6,1,3600.00,1018.0,1003.9
2020-05-05T16:00,16.0,0.00,41,2.9,12.6,0.00,0.00,0.00,2,58,58,0,0,12.1,14,12,16.3,29.2,1,3600.00,1017.8,1003.7
2020-05-05T17:00,15.8,0.00,40,2.3,12.3,0.00,0.00,0.00,0,9,8,2,2,11.6,19,16,16.4,29.9,1,3600.00,1018.0,1003.9
2020-05-05T18:00,15.0,0.00,39,1.1,11.2,0.00,0.00,0.00,0,8,1,2,7,12.5,20,18,18.8,28.1,1,3600.00,1018.1,1004.0
2020-05-05T19:00,13.5,0.00,40,0.1,9.7,0.00,0.00,0.00,0,6,0,0,6,11.0,23,19,22.3,27.7,1,3600.00,1018.6,1004.4
2020-05-05T20:00,11.4,0.00,41,-1.4,7.5,0.00,0.00,0.00,0,0,0,0,0,10.8,29,26,24.3,24.5,0,198.69,1019.1,1004.8
2020-05-05T21:00,9.9,0.00,46,-1.1,6.2,0.00,0.00,0.00,0,0,0,0,0,9.8,40,36,23.5,23.4,0,0.00,1020.0,1005.6
2020-05-05T22:00,9.1,0.00,50,-0.8,5.4,0.00,0.00,0.00,0,0,0,0,0,9.7,50,48,23.5,21.6,0,0.00,1020.8,1006.3
2020-05-05T23:00,8.9,0.00,49,-1.2,4.8,0.00,0.00,0.00,0,0,0,0,0,12.4,64,60,27.5,26.3,0,0.00,1021.5,1007.0
2020-05-06T00:00,8.2,0.00,48,-2.0,4.3,0.00,0.00,0.00,0,0,0,0,0,10.5,74,74,24.7,26.6,0,0.00,1022.0,1007.5
2020-05-06T01:00,7.6,0.00,53,-1.4,3.9,0.00,0.00,0.00,0,7,4,0,0,9.4,83,86,22.9,22.7,0,0.00,1022.3,1007.7
2020-05-06T02:00,7.1,0.00,55,-1.3,3.4,0.00,0.00,0.00,1,24,24,0,0,9.3,84,77,22.8,20.5,0,0.00,1022.5,1007.9
2020-05-06T03:00,7.0,0.00,56,-1.3,3.1,0.00,0.00,0.00,1,39,39,0,0,10.7,87,76,25.2,23.0,0,0.00,1022.7,1008.1
2020-05-06T04:00,7.0,0.00,57,-1.0,2.9,0.00,0.00,0.00,3,92,92,0,0,11.9,88,85,26.3,25.9,0,0.00,1022.8,1008.2
2020-05-06T05:00,6.8,0.00,59,-0.7,3.4,0.00,0.00,0.00,3,91,91,0,0,8.4,93,97,21.6,25.6,1,0.00,1023.2,1008.6
2020-05-06T06:00,7.2,0.00,64,0.8,4.4,0.00,0.00,0.00,2,62,62,1,0,5.4,96,98,15.9,18.7,1,288.85,1023.5,1008.9
2020-05-06T07:00,8.9,0.00,57,1.0,6.0,0.00,0.00,0.00,2,51,49,19,0,6.1,92,93,10.1,15.8,1,3600.00,1023.9,1009.4
2020-05-06T08:00,10.7,0.00,52,1.2,7.6,0.00,0.00,0.00,2,51,25,49,0,8.3,92,92,11.5,21.2,1,3600.00,1024.3,1009.9
2020-05-06T09:00,12.1,0.00,46,0.7,8.5,0.00,0.00,0.00,1,21,0,21,0,10.4,90,90,14.4,26.3,1,3600.00,1024.4,1010.0
2020-05-06T10:00,13.3,0.00,40,0.1,10.4,0.00,0.00,0.00,0,0,0,0,0,10.5,83,84,13.8,27.7,1,3600.00,1024.1,1009.8
2020-05-06T11:00,14.3,0.00,36,-0.4,12.1,0.00,0.00,0.00,0,0,0,0,0,9.5,79,79,12.8,27.7,1,3600.00,1024.1,1009.9
2020-05-06T12:00,15.2,0.00,34,-0.7,13.4,0.00,0.00,0.00,0,2,0,0,2,9.0,72,74,11.7,26.6,1,3600.00,1023.7,1009.5
2020-05-06T13:00,15.8,0.00,33,-0.3,14.4,0.00,0.00,0.00,0,1,0,0,0,7.9,65,66,10.3,25.9,1,3600.00,1023.8,1009.6
2020-05-06T14:00,16.3,0.00,34,0.2,14.8,0.00,0.00,0.00,0,0,0,0,0,7.7,55,53,10.1,24.1,1,3600.00,1023.6,1009.5
2020-05-06T15:00,16.6,0.00,34,0.6,14.7,0.00,0.00,0.00,0,5,0,5,0,7.4,48,47,9.7,23.0,1,3600.00,1023.4,1009.3
2020-05-06T16:00,16.6,0.00,35,1.0,14.1,0.00,0.00,0.00,0,2,0,2,0,7.1,43,41,9.4,22.0,1,3600.00,1023.3,1009.2
2020-05-06T17:00,16.4,0.00,36,1.2,13.7,0.00,0.00,0.00,0,1,0,1,0,5.6,41,40,7.7,20.2,1,3600.00,1023.1,1009.0
2020-05-06T18:00,16.0,0.00,38,1.7,13.5,0.00,0.00,0.00,0,1,0,1,0,4.3,47,48,5.9,15.8,1,3600.00,1023.2,1009.1
2020-05-06T19:00,15.3,0.00,40,1.7,13.2,0.00,0.00,0.00,0,2,0,0,2,1.8,76,79,3.0,10.4,1,3600.00,1023.4,1009.2
2020-05-06T20:00,13.8,0.00,45,2.0,11.6,0.00,0.00,0.00,0,0,0,0,0,2.5,164,135,2.6,3.6,0,203.13,1023.8,1009.5
2020-05-06T21:00,11.4,0.00,55,2.7,9.1,0.00,0.00,0.00,0,2,0,0,2,4.0,153,100,3.2,5.8,0,0.00,1024.4,1010.0
2020-05-06T22:00,10.7,0.00,55,2.0,8.4,0.00,0.00,0.00,0,1,0,0,1,3.7,174,101,3.6,6.1,0,0.00,1024.6,1010.2
2020-05-06T23:00,12.1,0.00,44,0.3,9.8,0.00,0.00,0.00,0,0,0,0,0,1.4,220,90,2.8,5.4,0,0.00,1024.7,1010.3
2020-05-07T00:00,11.8,0.00,45,0.2,9.6,0.00,0.00,0.00,0,0,0,0,0,0.7,253,90,3.8,3.6,0,0.00,1025.0,1010.6
2020-05-07T01:00,9.1,0.00,62,2.3,7.1,0.00,0.00,0.00,0,0,0,0,0,1.3,293,56,4.7,3.2,0,0.00,1024.9,1010.4
2020-05-07T02:00,6.3,0.00,76,2.5,3.7,0.00,0.00,0.00,0,0,0,0,0,6.5,354,34,10.1,10.4,0,0.00,1025.1,1010.4
2020-05-07T03:00,6.1,0.00,78,2.5,3.5,0.00,0.00,0.00,0,0,0,0,0,5.8,14,60,10.7,10.8,0,0.00,1025.0,1010.3
2020-05-07T04:00,4.9,0.00,83,2.3,2.5,0.00,0.00,0.00,0,0,0,0,0,4.7,32,81,5.5,10.1,0,0.00,1025.0,1010.3
2020-05-07T05:00,4.5,0.00,86,2.3,2.1,0.00,0.00,0.00,0,0,0,0,0,4.3,114,95,4.3,8.3,1,0.00,1025.3,1010.5
2020-05-07T06:00,6.5,0.00,79,3.0,4.0,0.00,0.00,0.00,0,0,0,0,0,5.8,124,94,7.8,10.8,1,1998.02,1025.5,1010.8
2020-05-07T07:00,9.6,0.00,67,3.8,7.5,0.00,0.00,0.00,0,0,0,0,0,4.8,108,103,10.2,13.3,1,3600.00,1025.4,1010.9
2020-05-07T08:00,12.5,0.00,56,4.0,10.4,0.00,0.00,0.00,0,0,0,0,0,4.8,113,117,7.4,15.5,1,3600.00,1025.1,1010.8
2020-05-07T09:00,15.0,0.00,48,4.1,12.7,0.00,0.00,0.00,0,0,0,0,0,6.4,126,128,8.5,18.7,1,3600.00,1024.6,1010.4
2020-05-07T10:00,16.8,0.00,41,3.6,15.2,0.00,0.00,0.00,0,0,0,0,0,5.6,137,140,7.4,19.4,1,3600.00,1024.2,1010.1
2020-05-07T11:00,17.9,0.00,39,3.7,17.5,0.00,0.00,0.00,0,0,0,0,0,3.1,153,159,4.0,18.4,1,3600.00,1024.1,1010.0
2020-05-07T12:00,18.9,0.00,38,4.1,19.3,0.00,0.00,0.00,0,0,0,0,0,1.1,180,198,1.4,15.5,1,3600.00,1024.0,1010.0
2020-05-07T13:00,19.5,0.00,34,3.4,20.0,0.00,0.00,0.00,0,0,0,0,0,0.5,63,45,0.8,13.3,1,3600.00,1023.6,1009.6
2020-05-07T14:00,20.6,0.00,35,4.6,21.0,0.00,0.00,0.00,0,0,0,0,0,1.3,53,56,1.8,12.6,1,3600.00,1022.8,1008.9
2020-05-07T15:00,21.0,0.00,34,4.6,20.6,0.00,0.00,0.00,0,0,0,0,0,2.6,77,74,3.3,13.3,1,3600.00,1022.1,1008.2
2020-05-07T16:00,21.2,0.00,34,4.6,19.8,0.00,0.00,0.00,3,84,84,0,0,3.6,81,84,4.7,13.3,1,3600.00,1021.3,1007.4
2020-05-07T17:00,21.1,0.00,35,4.9,19.1,0.00,0.00,0.00,3,86,86,0,0,5.1,96,98,6.9,15.1,1,3600.00,1020.5,1006.6
2020-05-07T18:00,20.6,0.00,40,6.4,19.2,0.00,0.00,0.00,0,11,11,0,0,3.1,138,144,4.8,14.0,1,3600.00,1020.5,1006.6
2020-05-07T19:00,19.7,0.00,39,5.4,18.1,0.00,0.00,0.00,0,0,0,0,0,3.3,160,167,4.2,7.6,1,3600.00,1020.4,1006.5
2020-05-07T20:00,17.7,0.00,46,5.8,16.2,0.00,0.00,0.00,3,99,99,0,0,3.3,27,49,3.2,5.0,0,299.00,1020.9,1006.9
2020-05-07T21:00,13.1,0.00,63,6.3,11.3,0.00,0.00,0.00,3,98,98,0,0,6.2,61,69,7.4,10.1,0,0.00,1021.0,1006.7
2020-05-07T22:00,12.7,0.00,59,4.9,10.7,0.00,0.00,0.00,3,99,99,0,0,5.1,96,82,10.1,10.4,0,0.00,1020.5,1006.2
2020-05-07T23:00,12.3,0.00,56,3.7,9.8,0.00,0.00,0.00,3,99,99,0,0,6.5,108,93,14.8,13.3,0,0.00,1020.4,1006.1
2020-05-08T00:00,11.7,0.00,59,3.9,9.3,0.00,0.00,0.00,3,97,97,0,0,6.6,111,103,17.0,14.4,0,0.00,1020.4,1006.1
2020-05-08T01:00,10.8,0.00,60,3.3,8.2,0.00,0.00,0.00,3,89,85,0,0,7.4,110,104,17.2,13.7,0,0.00,1019.5,1005.1
2020-05-08T02:00,10.5,0.00,60,2.9,7.7,0.00,0.00,0.00,3,95,95,1,0,8.0,100,82,17.2,16.2,0,0.00,1019.0,1004.6
2020-05-08T03:00,9.8,0.00,65,3.5,7.4,0.00,0.00,0.00,3,98,98,34,0,5.4,97,86,11.3,15.5,0,0.00,1018.7,1004.3
2020-05-08T04:00,9.2,0.00,70,4.1,7.0,0.00,0.00,0.00,3,87,85,62,0,5.1,111,94,8.1,9.0,0,0.00,1018.9,1004.5
2020-05-08T05:00,8.2,0.00,76,4.2,6.0,0.00,0.00,0.00,1,48,46,23,0,5.1,96,82,6.9,9.4,1,0.00,1018.8,1004.3
2020-05-08T06:00,10.0,0.00,71,5.0,8.2,0.00,0.00,0.00,2,65,65,5,0,4.0,81,85,4.7,8.6,1,1442.63,1018.8,1004.4
2020-05-08T07:00,13.0,0.00,63,6.2,11.8,0.00,0.00,0.00,2,78,78,0,0,1.4,60,90,2.9,9.0,1,3600.00,1019.2,1005.0
2020-05-08T08:00,15.5,0.00,53,6.1,14.4,0.00,0.00,0.00,3,88,88,0,0,0.7,297,270,0.8,9.4,1,3600.00,1019.4,1005.3
2020-05-08T09:00,17.8,0.00,48,6.5,16.8,0.00,0.00,0.00,3,88,88,0,0,1.0,346,315,1.5,11.2,1,3600.00,1018.9,1004.9
2020-05-08T10:00,20.1,0.00,42,6.7,19.8,0.00,0.00,0.00,3,85,85,0,0,1.3,342,304,1.1,11.9,1,3600.00,1018.2,1004.3
2020-05-08T11:00,21.8,0.00,37,6.4,22.0,0.00,0.00,0.00,2,60,60,0,0,1.8,259,259,1.8,13.3,1,3600.00,1017.9,1004.1
2020-05-08T12:00,23.0,0.00,33,5.7,23.4,0.00,0.00,0.00,2,67,67,0,0,3.0,252,256,3.4,15.1,1,3600.00,1017.5,1003.8
2020-05-08T13:00,23.6,0.00,28,4.1,23.7,0.00,0.00,0.00,1,47,14,0,0,3.4,253,252,3.8,15.5,1,3600.00,1016.8,1003.1
2020-05-08T14:00,24.1,0.00,27,4.2,23.9,0.00,0.00,0.00,3,94,94,0,0,3.6,270,270,4.3,15.8,1,3600.00,1016.3,1002.6
2020-05-08T15:00,24.1,0.00,27,3.8,23.1,0.00,0.00,0.00,3,96,96,7,0,3.8,318,311,4.8,15.8,1,3600.00,1015.7,1002.0
2020-05-08T16:00,23.9,0.00,27,3.9,21.7,0.00,0.00,0.00,2,57,55,23,0,5.0,333,330,6.4,15.1,1,3600.00,1015.4,1001.7
2020-05-08T17:00,23.5,0.00,31,5.2,21.6,0.00,0.00,0.00,2,77,62,71,0,4.9,348,343,7.0,14.8,1,3600.00,1014.9,1001.2
2020-05-08T18:00,22.7,0.00,39,8.1,21.5,0.00,0.00,0.00,3,91,80,64,0,4.5,347,346,10.0,13.0,1,3600.00,1014.7,1001.0
2020-05-08T19:00,20.0,0.00,46,7.9,18.5,0.00,0.00,0.00,3,92,1,92,0,6.3,10,13,14.6,12.2,1,3600.00,1014.7,1000.9
2020-05-08T20:00,18.0,0.00,47,6.4,16.1,0.00,0.00,0.00,3,86,4,85,0,6.9,28,39,15.9,13.7,0,0.00,1014.8,1000.9
2020-05-08T21:00,16.8,0.00,51,6.5,14.6,0.00,0.00,0.00,3,99,99,82,0,8.5,54,54,19.1,18.0,0,0.00,1014.9,1000.9
2020-05-08T22:00,16.6,0.00,50,6.0,14.3,0.00,0.00,0.00,3,100,99,98,0,8.9,60,58,18.7,17.3,0,0.00,1014.8,1000.8
2020-05-08T23:00,16.8,0.00,43,4.3,14.2,0.00,0.00,0.00,3,96,96,13,1,8.8,75,81,20.5,19.4,0,0.00,1014.7,1000.7
2020-05-09T00:00,14.6,0.00,50,4.4,12.1,0.00,0.00,0.00,3,97,96,17,1,7.9,102,106,19.5,18.0,0,0.00,1014.9,1000.8
2020-05-09T01:00,14.3,0.00,56,5.7,12.2,0.00,0.00,0.00,3,96,97,37,0,6.6,90,81,12.6,16.9,0,0.00,1013.9,999.8
2020-05-09T02:00,13.0,0.00,64,6.3,11.3,0.00,0.00,0.00,3,99,98,50,0,5.5,88,79,12.2,13.0,0,0.00,1013.9,999.7
2020-05-09T03:00,13.4,0.00,65,6.8,11.8,0.00,0.00,0.00,3,97,97,29,0,5.4,90,86,14.4,11.2,0,0.00,1013.6,999.5
2020-05-09T04:00,11.6,0.00,75,7.4,9.9,0.00,0.00,0.00,3,98,95,89,0,6.9,94,81,10.8,11.5,0,0.00,1013.5,999.3
2020-05-09T05:00,12.3,0.00,75,8.0,11.0,0.00,0.00,0.00,3,89,86,34,0,5.4,95,90,11.6,10.8,1,0.00,1013.3,999.1
2020-05-09T06:00,13.3,0.00,74,8.7,12.5,0.00,0.00,0.00,3,98,88,92,0,2.9,118,150,9.3,10.4,1,114.09,1013.5,999.4
2020-05-09T07:00,15.2,0.00,63,8.2,14.2,0.00,0.00,0.00,3,99,97,93,0,3.8,92,73,9.7,10.4,1,2154.43,1013.5,999.4
2020-05-09T08:00,16.4,0.00,59,8.3,15.7,0.00,0.00,0.00,3,98,87,96,0,1.8,304,281,1.3,10.4,1,2811.34,1013.6,999.6
2020-05-09T09:00,17.3,0.00,57,8.6,16.5,0.00,0.00,0.00,3,99,98,89,0,2.5,13,360,3.3,10.1,1,1323.99,1013.6,999.6
2020-05-09T10:00,17.3,0.10,59,9.2,16.3,0.10,0.00,0.00,51,100,98,97,0,5.3,304,298,6.5,13.7,1,0.00,1014.0,1000.0
2020-05-09T11:00,17.0,0.30,61,9.5,15.9,0.30,0.00,0.00,51,100,99,100,0,6.9,326,321,9.1,20.2,1,0.00,1013.8,999.8
2020-05-09T12:00,16.6,0.30,67,10.6,15.9,0.30,0.00,0.00,51,100,99,100,0,6.1,321,315,7.9,17.6,1,0.00,1013.6,999.6
2020-05-09T13:00,17.4,0.00,73,12.6,17.2,0.00,0.00,0.00,3,86,95,91,0,6.3,345,336,12.3,18.7,1,0.00,1012.7,998.8
2020-05-09T14:00,18.0,0.10,77,13.9,18.0,0.10,0.00,0.00,51,100,78,100,5,8.4,336,329,11.4,21.6,1,0.00,1012.8,998.9
2020-05-09T15:00,19.2,0.00,72,13.9,19.0,0.00,0.00,0.00,3,83,40,77,2,9.6,24,20,12.6,23.4,1,2577.74,1012.0,998.2
2020-05-09T16:00,19.6,0.00,69,13.7,19.4,0.00,0.00,0.00,3,94,81,87,0,9.5,15,9,12.3,25.2,1,3600.00,1011.4,997.6
2020-05-09T17:00,19.3,0.10,66,12.9,18.9,0.10,0.00,0.00,51,87,32,83,0,9.0,41,37,12.5,26.6,1,1664.22,1010.7,996.9
2020-05-09T18:00,18.8,0.10,69,12.9,18.7,0.10,0.00,0.00,51,86,66,67,0,7.4,59,51,11.3,20.9,1,2190.40,1010.1,996.3
2020-05-09T19:00,18.2,0.00,73,13.2,18.6,0.00,0.00,0.00,2,79,55,54,1,4.1,75,52,10.8,15.8,1,3254.33,1010.2,996.3
2020-05-09T20:00,16.4,0.00,76,12.3,16.5,0.00,0.00,0.00,3,88,78,44,3,4.4,90,55,12.2,9.0,0,0.00,1010.4,996.4
2020-05-09T21:00,15.7,0.00,75,11.3,15.1,0.00,0.00,0.00,3,95,92,34,0,6.9,84,62,16.7,14.0,0,0.00,1010.1,996.1
2020-05-09T22:00,14.4,0.00,81,11.2,14.0,0.00,0.00,0.00,3,100,99,57,1,5.0,99,69,14.6,13.7,0,0.00,1010.1,996.1
2020-05-09T23:00,14.0,0.00,84,11.3,13.7,0.00,0.00,0.00,3,100,100,33,2,4.5,95,61,11.9,10.1,0,0.00,1009.6,995.5
2020-05-10T00:00,13.0,0.00,89,11.2,12.4,0.00,0.00,0.00,3,99,99,19,8,6.3,106,66,10.5,10.1,0,0.00,1009.3,995.2
2020-05-10T01:00,13.5,0.00,89,11.7,13.1,0.00,0.00,0.00,3,100,100,41,0,6.1,111,90,11.2,9.7,0,0.00,1008.4,994.3
2020-05-10T02:00,13.6,0.00,88,11.6,12.8,0.00,0.00,0.00,3,99,99,9,0,8.4,98,80,17.8,16.2,0,0.00,1007.5,993.5
2020-05-10T03:00,12.3,0.00,92,11.1,11.6,0.00,0.00,0.00,3,99,99,23,0,6.7,101,74,13.6,16.6,0,0.00,1007.0,992.9
2020-05-10T04:00,12.4,0.00,92,11.2,12.0,0.00,0.00,0.00,3,100,100,47,0,5.5,108,79,10.6,10.8,0,0.00,1007.2,993.1
2020-05-10T05:00,12.8,0.10,92,11.5,12.7,0.10,0.00,0.00,51,100,100,93,10,3.8,150,163,7.1,9.0,1,0.00,1007.2,993.1
2020-05-10T06:00,13.6,0.30,90,12.0,13.3,0.30,0.00,0.00,51,99,98,78,1,6.6,153,139,12.9,12.6,1,0.00,1007.2,993.2
2020-05-10T07:00,14.6,0.00,88,12.7,14.4,0.00,0.00,0.00,3,89,88,36,0,7.4,183,166,13.7,16.9,1,0.00,1007.3,993.3
2020-05-10T08:00,16.9,0.00,79,13.3,16.6,0.00,0.00,0.00,2,78,61,62,0,9.0,214,209,13.0,22.3,1,3600.00,1007.5,993.6
2020-05-10T09:00,17.9,0.10,74,13.1,17.1,0.10,0.00,0.00,51,95,2,95,0,12.1,205,203,17.1,30.2,1,3600.00,1007.4,993.6
2020-05-10T10:00,18.2,0.10,71,12.8,17.3,0.10,0.00,0.00,51,96,0,96,0,12.3,176,173,17.0,30.2,1,2627.22,1007.2,993.4
2020-05-10T11:00,19.1,0.00,66,12.5,18.2,0.00,0.00,0.00,1,21,0,21,1,11.0,172,169,15.3,30.2,1,3600.00,1006.7,992.9
2020-05-10T12:00,21.2,0.00,56,12.2,21.1,0.00,0.00,0.00,0,16,1,15,1,11.5,180,178,15.5,31.0,1,3600.00,1006.1,992.4
2020-05-10T13:00,24.5,0.00,48,12.8,25.0,0.00,0.00,0.00,0,16,2,78,100,12.0,204,201,15.8,31.3,1,3600.00,1005.2,991.7
2020-05-10T14:00,23.9,0.00,49,12.7,23.4,0.00,0.00,0.00,3,87,55,71,62,9.3,215,216,12.7,31.3,1,3600.00,1004.8,991.3
2020-05-10T15:00,23.7,0.00,52,13.2,24.2,0.00,0.00,0.00,3,90,86,33,2,3.8,294,311,4.3,26.3,1,3600.00,1004.1,990.6
2020-05-10T16:00,24.0,0.00,51,13.2,24.3,0.00,0.00,0.00,3,99,99,23,1,4.7,266,274,5.8,23.0,1,3600.00,1003.5,990.0
2020-05-10T17:00,23.1,0.30,56,13.8,23.6,0.30,0.00,0.00,51,83,80,26,0,4.7,287,293,6.0,27.0,1,3600.00,1003.3,989.8
2020-05-10T18:00,22.7,0.00,57,13.6,22.8,0.00,0.00,0.00,2,66,49,35,1,7.0,340,339,10.4,14.8,1,3600.00,1002.9,989.3
2020-05-10T19:00,21.0,0.00,62,13.5,20.3,0.00,0.00,0.00,1,49,13,45,13,12.1,335,333,21.4,24.5,1,3600.00,1003.2,989.6
2020-05-10T20:00,18.7,0.00,74,13.9,19.1,0.00,0.00,0.00,1,38,0,37,21,5.8,11,22,14.7,24.8,0,0.00,1003.7,989.9
2020-05-10T21:00,17.9,0.00,79,14.3,18.1,0.00,0.00,0.00,1,32,5,28,1,7.9,32,30,16.2,14.4,0,0.00,1003.8,990.0
2020-05-10T22:00,17.2,0.00,83,14.3,17.5,0.00,0.00,0.00,3,98,98,33,3,7.4,37,43,16.2,16.9,0,0.00,1003.2,989.4
2020-05-10T23:00,16.7,0.00,86,14.3,17.0,0.00,0.00,0.00,2,70,64,15,7,6.9,35,39,14.0,14.8,0,0.00,1003.0,989.2
2020-05-11T00:00,15.4,0.00,92,14.1,15.8,0.00,0.00,0.00,3,98,97,9,8,6.2,8,7,15.3,14.0,0,0.00,1002.7,988.8
2020-05-11T01:00,15.6,0.00,93,14.5,16.0,0.00,0.00,0.00,3,90,80,54,0,7.3,21,9,16.2,18.4,0,0.00,1002.1,988.2
2020-05-11T02:00,15.6,0.10,92,14.3,15.6,0.10,0.00,0.00,51,98,94,84,10,9.2,27,11,20.3,19.1,0,0.00,1001.5,987.6
2020-05-11T03:00,15.5,0.10,92,14.1,15.1,0.10,0.00,0.00,51,99,97,95,14,11.5,11,358,22.4,23.0,0,0.00,1001.0,987.1
2020-05-11T04:00,15.2,0.00,94,14.2,14.4,0.00,0.00,0.00,3,100,100,77,70,15.1,9,3,26.6,31.0,0,0.00,1000.9,987.0
2020-05-11T05:00,13.4,0.60,93,12.2,11.1,0.60,0.00,0.00,53,100,100,33,96,20.2,3,356,32.8,41.4,1,0.00,1001.0,987.0
2020-05-11T06:00,11.1,0.80,90,9.6,8.0,0.80,0.00,0.00,53,100,100,31,53,20.1,358,350,33.1,46.1,1,0.00,1001.2,987.1
2020-05-11T07:00,9.9,1.20,89,8.2,6.5,1.20,0.00,0.00,55,100,100,68,38,20.2,352,344,32.3,42.8,1,0.00,1001.6,987.5
2020-05-11T08:00,9.0,1.60,87,7.0,5.2,1.60,0.00,0.00,61,100,100,93,15,21.2,356,350,33.2,45.7,1,0.00,1002.0,987.8
2020-05-11T09:00,7.9,2.00,91,6.6,4.2,2.00,0.00,0.00,61,100,100,98,96,19.6,353,346,31.2,46.1,1,0.00,1002.3,988.0
2020-05-11T10:00,7.4,2.30,92,6.1,3.5,2.30,0.00,0.00,61,100,100,100,100,19.7,348,342,30.9,42.5,1,0.00,1002.6,988.3
2020-05-11T11:00,6.8,2.50,91,5.5,2.7,2.50,0.00,0.00,63,100,100,100,100,20.8,347,342,32.6,45.0,1,0.00,1003.3,989.0
2020-05-11T12:00,6.5,3.10,91,5.2,2.5,3.10,0.00,0.00,63,100,100,100,100,19.4,350,345,31.1,45.4,1,0.00,1003.8,989.5
2020-05-11T13:00,5.1,3.20,88,3.3,0.0,3.20,0.00,0.00,63,100,100,100,100,24.0,354,351,38.4,45.4,1,0.00,1005.4,991.0
2020-05-11T14:00,5.1,3.40,89,3.4,-0.1,3.40,0.00,0.00,63,100,100,100,100,24.6,356,354,39.0,54.0,1,0.00,1006.1,991.6
2020-05-11T15:00,5.5,2.30,88,3.8,1.2,2.30,0.00,0.00,61,100,100,100,100,19.8,359,358,30.2,53.6,1,0.00,1007.6,993.1
2020-05-11T16:00,4.7,1.90,92,3.6,0.7,1.90,0.00,0.00,61,100,100,100,100,17.1,355,353,26.0,41.8,1,0.00,1009.4,994.9
2020-05-11T17:00,5.4,1.90,89,3.8,1.6,1.90,0.00,0.00,61,100,100,100,100,15.8,4,1,24.9,37.8,1,0.00,1010.6,996.1
2020-05-11T18:00,5.7,1.30,89,4.0,2.2,1.30,0.00,0.00,61,100,100,100,6,14.3,11,10,23.9,34.9,1,0.00,1011.2,996.7
2020-05-11T19:00,6.4,0.40,83,3.7,3.2,0.40,0.00,0.00,51,100,100,99,7,11.7,15,11,22.0,31.3,1,0.00,1012.0,997.5
2020-05-11T20:00,6.4,0.00,77,2.8,2.7,0.00,0.00,0.00,3,99,99,5,0,14.2,25,21,25.4,31.7,0,0.00,1012.9,998.4
2020-05-11T21:00,5.5,0.00,77,1.7,2.2,0.00,0.00,0.00,3,80,80,3,0,9.8,40,36,22.0,31.7,0,0.00,1014.2,999.7
2020-05-11T22:00,4.4,0.00,81,1.3,1.6,0.00,0.00,0.00,0,16,16,1,0,6.1,47,45,17.6,23.0,0,0.00,1015.1,1000.5
2020-05-11T23:00,3.1,0.00,85,0.8,0.3,0.00,0.00,0.00,0,0,0,0,0,5.9,49,43,15.3,16.2,0,0.00,1016.0,1001.3
2020-05-12T00:00,2.4,0.00,87,0.4,-0.5,0.00,0.00,0.00,0,1,0,0,1,6.1,48,45,13.5,14.4,0,0.00,1016.6,1001.9
2020-05-12T01:00,3.7,0.00,88,1.9,1.0,0.00,0.00,0.00,0,0,0,20,9,6.2,67,54,12.9,13.7,0,0.00,1017.3,1002.6
2020-05-12T02:00,2.2,0.00,91,0.9,-0.6,0.00,0.00,0.00,1,22,0,21,12,5.9,62,43,10.6,14.4,0,0.00,1017.9,1003.1
2020-05-12T03:00,1.5,0.00,92,0.4,-1.4,0.00,0.00,0.00,0,5,0,0,5,6.1,60,62,8.7,11.2,0,0.00,1018.3,1003.5
2020-05-12T04:00,1.0,0.00,92,-0.1,-1.9,0.00,0.00,0.00,0,1,0,0,1,5.2,58,78,6.8,10.8,0,0.00,1018.6,1003.8
2020-05-12T05:00,0.6,0.00,93,-0.4,-2.3,0.00,0.00,0.00,0,0,0,0,0,5.1,70,86,5.4,9.7,1,0.00,1019.1,1004.2
2020-05-12T06:00,3.1,0.00,89,1.4,0.6,0.00,0.00,0.00,0,0,0,0,0,3.8,96,107,3.6,9.4,1,2414.08,1019.6,1004.8
2020-05-12T07:00,5.3,0.00,82,2.6,3.3,0.00,0.00,0.00,0,0,0,0,0,2.1,180,211,1.8,9.4,1,3600.00,1020.0,1005.4
2020-05-12T08:00,7.1,0.00,75,3.0,5.1,0.00,0.00,0.00,0,0,0,0,0,2.5,263,262,2.9,13.3,1,3600.00,1020.1,1005.5
2020-05-12T09:00,8.6,0.00,64,2.1,6.6,0.00,0.00,0.00,0,18,0,0,18,1.5,304,284,1.3,13.7,1,3600.00,1020.0,1005.5
2020-05-12T10:00,10.0,0.00,52,0.6,8.6,0.00,0.00,0.00,2,51,0,0,51,1.5,39,14,2.3,13.7,1,3600.00,1019.6,1005.2
2020-05-12T11:00,11.1,0.00,45,-0.3,10.1,0.00,0.00,0.00,2,50,0,0,50,2.1,45,31,3.1,15.1,1,3600.00,1019.0,1004.7
2020-05-12T12:00,12.1,0.00,42,-0.4,11.7,0.00,0.00,0.00,0,2,0,0,2,1.9,36,22,3.1,15.5,1,3600.00,1018.3,1004.0
2020-05-12T13:00,11.9,0.00,43,-0.2,11.5,0.00,0.00,0.00,2,60,6,0,15,2.9,96,97,3.6,15.5,1,3600.00,1018.2,1003.9
2020-05-12T14:00,12.9,0.00,42,0.3,12.5,0.00,0.00,0.00,3,90,87,0,25,1.8,76,79,3.0,15.8,1,3600.00,1017.6,1003.4
2020-05-12T15:00,13.3,0.00,42,0.5,12.3,0.00,0.00,0.00,3,94,93,0,13,1.9,34,22,2.6,14.8,1,3600.00,1016.9,1002.7
2020-05-12T16:00,13.4,0.00,41,0.6,11.4,0.00,0.00,0.00,3,99,98,0,68,2.2,23,9,2.7,13.7,1,3600.00,1016.2,1002.0
2020-05-12T17:00,13.2,0.00,42,0.7,10.9,0.00,0.00,0.00,3,100,100,0,2,1.9,352,338,2.5,12.6,1,3600.00,1015.9,1001.7
2020-05-12T18:00,12.6,0.00,45,1.1,10.1,0.00,0.00,0.00,3,99,99,0,1,3.6,324,323,4.9,10.4,1,2257.30,1015.5,1001.3
2020-05-12T19:00,11.3,0.00,60,3.8,9.3,0.00,0.00,0.00,3,100,100,0,1,3.6,315,307,8.7,9.7,1,0.00,1015.3,1001.0
2020-05-12T20:00,9.5,0.00,61,2.4,7.0,0.00,0.00,0.00,3,99,99,0,0,5.5,330,328,13.7,10.8,0,0.00,1015.1,1000.7
2020-05-12T21:00,8.8,0.00,63,2.1,6.1,0.00,0.00,0.00,3,99,99,0,0,6.2,5,10,13.7,12.2,0,0.00,1015.0,1000.6
2020-05-12T22:00,8.1,0.00,66,2.1,5.0,0.00,0.00,0.00,3,100,100,0,0,8.6,67,57,18.4,16.6,0,0.00,1014.6,1000.2
2020-05-12T23:00,7.9,0.00,61,0.8,4.3,0.00,0.00,0.00,3,96,96,2,0,10.5,83,82,23.2,21.6,0,0.00,1014.9,1000.5
2020-05-13T00:00,7.3,0.00,60,0.1,3.9,0.00,0.00,0.00,3,96,96,76,0,8.8,85,81,21.3,21.2,0,0.00,1014.7,1000.2
2020-05-13T01:00,6.5,0.00,65,0.5,3.3,0.00,0.00,0.00,3,94,36,26,0,8.3,95,88,19.9,18.7,0,0.00,1014.2,999.7
2020-05-13T02:00,5.8,0.00,68,0.3,2.5,0.00,0.00,0.00,3,89,88,17,0,8.1,89,77,19.4,16.9,0,0.00,1013.7,999.2
2020-05-13T03:00,4.4,0.00,75,0.3,1.5,0.00,0.00,0.00,2,52,52,0,0,5.8,87,68,15.9,16.2,0,0.00,1013.4,998.8
2020-05-13T04:00,3.6,0.00,79,0.3,0.6,0.00,0.00,0.00,0,4,4,0,0,6.5,83,56,9.4,11.2,0,0.00,1013.5,998.9
2020-05-13T05:00,2.8,0.00,84,0.3,-0.2,0.00,0.00,0.00,3,99,99,10,0,5.9,65,43,5.2,9.4,1,0.00,1013.6,998.9
2020-05-13T06:00,5.2,0.00,77,1.5,2.6,0.00,0.00,0.00,3,99,99,1,0,4.4,82,81,5.1,8.3,1,1528.05,1013.8,999.2
2020-05-13T07:00,7.5,0.00,69,2.1,5.2,0.00,0.00,0.00,3,99,99,1,0,3.6,110,127,8.4,11.2,1,2759.48,1013.9,999.5
2020-05-13T08:00,9.5,0.00,62,2.6,7.0,0.00,0.00,0.00,3,98,98,0,0,5.0,73,69,7.5,14.0,1,3036.90,1013.4,999.1
2020-05-13T09:00,11.9,0.00,54,3.0,9.4,0.00,0.00,0.00,3,96,96,6,0,6.1,63,62,8.9,18.7,1,3600.00,1012.5,998.3
2020-05-13T10:00,13.3,0.00,47,2.4,10.7,0.00,0.00,0.00,3,92,92,42,0,6.2,83,80,8.7,19.1,1,3600.00,1011.9,997.8
2020-05-13T11:00,14.4,0.00,43,1.9,12.3,0.00,0.00,0.00,3,99,98,12,0,6.0,75,73,8.2,20.2,1,3600.00,1011.2,997.1
2020-05-13T12:00,15.6,0.00,39,1.6,14.3,0.00,0.00,0.00,3,99,99,0,0,5.0,72,69,6.8,19.8,1,3600.00,1010.6,996.6
2020-05-13T13:00,14.3,0.00,45,2.5,11.3,0.00,0.00,0.00,3,99,100,99,0,8.3,121,124,11.3,18.7,1,2647.78,1010.8,996.7
2020-05-13T14:00,14.3,0.00,45,2.6,11.6,0.00,0.00,0.00,3,100,100,100,0,7.0,108,111,9.1,22.0,1,0.00,1010.2,996.2
2020-05-13T15:00,14.0,0.00,47,2.9,11.4,0.00,0.00,0.00,3,100,92,100,8,7.0,108,111,9.4,18.0,1,0.00,1009.8,995.7
2020-05-13T16:00,13.8,0.00,50,3.7,11.4,0.00,0.00,0.00,3,100,14,100,0,6.4,116,117,9.2,16.9,1,0.00,1009.3,995.2
2020-05-13T17:00,13.7,0.00,53,4.2,11.3,0.00,0.00,0.00,3,100,100,85,0,6.4,132,137,8.7,15.5,1,0.00,1009.1,995.0
2020-05-13T18:00,13.3,0.00,55,4.3,11.1,0.00,0.00,0.00,3,100,100,94,10,5.6,150,153,8.7,15.1,1,16.28,1009.1,995.0
2020-05-13T19:00,12.1,0.00,61,4.9,10.0,0.00,0.00,0.00,3,100,100,98,9,6.1,135,135,12.7,13.0,1,0.00,1008.9,994.8
2020-05-13T20:00,11.1,0.00,66,5.0,9.2,0.00,0.00,0.00,3,98,88,93,39,4.7,142,148,11.8,12.6,0,0.00,1009.5,995.3
2020-05-13T21:00,10.4,0.00,74,5.9,8.8,0.00,0.00,0.00,3,93,27,91,46,3.5,128,114,8.7,9.7,0,0.00,1009.8,995.6
2020-05-13T22:00,10.9,0.00,68,5.1,9.4,0.00,0.00,0.00,3,96,46,93,35,1.8,135,90,3.1,7.2,0,0.00,1010.5,996.3
2020-05-13T23:00,10.0,0.00,75,5.8,8.3,0.00,0.00,0.00,3,100,14,100,52,4.0,326,350,8.3,7.9,0,0.00,1011.0,996.7
2020-05-14T00:00,10.3,0.00,73,5.6,8.1,0.00,0.00,0.00,3,100,0,100,69,7.4,338,331,16.6,14.4,0,0.00,1011.1,996.8
2020-05-14T01:00,9.4,0.00,84,6.9,8.0,0.00,0.00,0.00,3,98,0,97,11,4.0,337,297,8.2,22.0,0,0.00,1012.4,998.1
2020-05-14T02:00,8.9,0.00,78,5.2,6.7,0.00,0.00,0.00,3,98,0,97,13,6.8,7,357,15.2,13.3,0,0.00,1012.9,998.5
2020-05-14T03:00,8.5,0.00,70,3.4,5.4,0.00,0.00,0.00,3,97,0,97,20,10.5,5,354,19.5,20.9,0,0.00,1013.7,999.3
2020-05-14T04:00,7.8,0.00,74,3.4,4.8,0.00,0.00,0.00,2,64,0,59,31,10.1,8,358,19.2,22.3,0,0.00,1014.2,999.8
2020-05-14T05:00,6.9,0.00,80,3.7,3.9,0.00,0.00,0.00,1,44,0,27,35,10.4,9,360,20.4,21.6,1,0.00,1014.9,1000.4
2020-05-14T06:00,7.3,0.00,81,4.3,4.5,0.00,0.00,0.00,1,35,0,14,32,10.1,16,4,19.1,22.3,1,1872.44,1015.5,1001.0
2020-05-14T07:00,8.8,0.00,75,4.7,6.2,0.00,0.00,0.00,1,33,0,10,31,8.8,19,12,13.0,21.6,1,3600.00,1015.9,1001.5
2020-05-14T08:00,10.3,0.00,70,5.1,8.1,0.00,0.00,0.00,1,31,0,19,28,6.8,23,18,9.4,21.2,1,3600.00,1016.2,1001.9
2020-05-14T09:00,12.2,0.00,59,4.4,9.7,0.00,0.00,0.00,2,66,0,20,64,8.2,44,41,10.9,22.3,1,3600.00,1016.3,1002.1
2020-05-14T10:00,13.3,0.20,54,4.3,10.8,0.20,0.00,0.00,51,91,0,89,63,10.0,42,41,13.0,25.9,1,3600.00,1016.3,1002.1
2020-05-14T11:00,13.6,0.00,52,3.8,10.8,0.00,0.00,0.00,2,70,0,69,11,9.6,37,34,13.1,25.9,1,3600.00,1016.3,1002.1
2020-05-14T12:00,14.4,0.00,47,3.2,11.2,0.00,0.00,0.00,3,83,0,83,7,10.6,37,35,14.4,25.9,1,2930.55,1016.0,1001.9
2020-05-14T13:00,14.5,0.00,50,4.2,11.8,0.00,0.00,0.00,3,84,0,92,47,9.4,37,32,12.6,29.5,1,3600.00,1015.9,1001.8
2020-05-14T14:00,15.1,0.00,45,3.4,11.9,0.00,0.00,0.00,3,98,0,98,15,11.1,30,25,15.3,26.6,1,3355.47,1015.5,1001.4
2020-05-14T15:00,14.9,0.00,46,3.4,11.2,0.00,0.00,0.00,3,100,0,100,100,14.3,31,28,20.7,32.0,1,747.31,1015.0,1000.9
2020-05-14T16:00,14.1,0.00,55,5.2,10.3,0.00,0.00,0.00,3,87,0,85,77,18.1,27,23,26.6,39.6,1,1817.54,1014.8,1000.7
2020-05-14T17:00,14.7,0.00,49,3.9,11.0,0.00,0.00,0.00,2,69,0,65,56,14.9,54,53,22.7,40.3,1,2816.68,1014.9,1000.8
2020-05-14T18:00,14.2,0.00,52,4.4,11.0,0.00,0.00,0.00,3,100,0,100,28,12.5,52,49,19.2,32.8,1,3600.00,1015.2,1001.1
2020-05-14T19:00,13.1,0.00,57,4.8,10.3,0.00,0.00,0.00,2,74,0,71,61,10.6,29,18,19.3,27.0,1,0.00,1015.1,1000.9
2020-05-14T20:00,11.9,0.00,57,3.7,8.6,0.00,0.00,0.00,2,77,0,77,11,12.7,23,15,24.2,25.9,1,0.00,1015.0,1000.8
2020-05-14T21:00,11.8,0.00,57,3.5,8.3,0.00,0.00,0.00,3,92,0,92,35,13.7,42,35,26.3,29.5,0,0.00,1015.3,1001.1
2020-05-14T22:00,11.7,0.00,57,3.5,7.9,0.00,0.00,0.00,3,92,0,92,45,15.4,44,37,28.0,33.5,0,0.00,1015.4,1001.2
2020-05-14T23:00,11.6,0.00,57,3.4,7.7,0.00,0.00,0.00,2,68,0,66,43,16.6,48,42,29.6,35.6,0,0.00,1015.2,1000.9
2020-05-15T00:00,11.2,0.00,56,2.8,7.0,0.00,0.00,0.00,2,63,0,62,24,17.4,54,50,31.2,37.8,0,0.00,1015.0,1000.7
2020-05-15T01:00,10.6,0.00,58,2.6,6.4,0.00,0.00,0.00,2,58,0,62,4,17.7,55,51,31.3,37.8,0,0.00,1014.3,1000.0
2020-05-15T02:00,10.4,0.00,58,2.6,6.3,0.00,0.00,0.00,3,83,0,82,23,16.7,62,57,30.1,38.2,0,0.00,1014.4,1000.1
2020-05-15T03:00,10.5,0.00,58,2.6,6.7,0.00,0.00,0.00,3,98,0,98,16,14.6,64,57,26.9,36.0,0,0.00,1014.6,1000.3
2020-05-15T04:00,10.4,0.00,58,2.4,6.8,0.00,0.00,0.00,3,97,1,97,24,12.2,56,47,23.1,31.7,0,0.00,1014.7,1000.4
2020-05-15T05:00,10.2,0.00,57,2.1,6.9,0.00,0.00,0.00,2,75,21,68,8,10.2,52,39,20.0,26.6,1,0.00,1015.1,1000.8
2020-05-15T06:00,10.0,0.00,61,2.8,7.0,0.00,0.00,0.00,3,88,51,76,8,9.2,38,21,16.9,22.7,1,0.00,1015.7,1001.4
2020-05-15T07:00,10.5,0.00,61,3.3,7.7,0.00,0.00,0.00,3,90,16,88,1,8.3,15,2,12.3,20.2,1,2995.76,1016.3,1002.0
2020-05-15T08:00,11.5,0.00,59,3.7,8.7,0.00,0.00,0.00,1,26,0,26,0,9.1,15,7,12.7,22.3,1,3600.00,1016.6,1002.3
2020-05-15T09:00,13.4,0.00,54,4.3,10.7,0.00,0.00,0.00,0,3,0,3,3,9.2,27,21,12.6,24.1,1,3600.00,1016.8,1002.6
2020-05-15T10:00,15.2,0.00,49,4.5,13.0,0.00,0.00,0.00,0,12,0,12,7,10.5,26,22,14.0,26.6,1,3600.00,1017.0,1002.9
2020-05-15T11:00,16.4,0.00,43,3.8,14.0,0.00,0.00,0.00,2,56,0,55,8,14.0,29,26,18.8,33.8,1,3600.00,1017.1,1003.1
2020-05-15T12:00,16.7,0.00,41,3.4,14.2,0.00,0.00,0.00,2,70,0,70,0,13.8,9,6,18.6,34.6,1,3600.00,1017.7,1003.7
2020-05-15T13:00,16.8,0.00,41,3.6,14.5,0.00,0.00,0.00,3,100,0,100,9,10.9,359,354,14.0,36.4,1,3600.00,1018.2,1004.2
2020-05-15T14:00,16.1,0.00,43,3.4,12.4,0.00,0.00,0.00,3,100,0,100,77,14.7,350,349,20.5,34.2,1,3558.24,1018.7,1004.6
2020-05-15T15:00,16.1,0.00,41,2.8,12.3,0.00,0.00,0.00,3,86,0,86,36,14.7,345,343,20.5,35.6,1,1326.14,1019.2,1005.1
2020-05-15T16:00,16.0,0.00,41,2.6,12.3,0.00,0.00,0.00,1,45,0,45,0,13.7,333,330,19.0,33.8,1,3600.00,1019.3,1005.2
2020-05-15T17:00,16.6,0.00,36,1.6,13.8,0.00,0.00,0.00,1,21,0,21,0,6.3,348,347,8.5,31.0,1,3600.00,1019.4,1005.3
2020-05-15T18:00,16.3,0.00,40,2.5,13.8,0.00,0.00,0.00,0,0,0,0,0,5.4,88,90,8.3,15.8,1,3600.00,1019.4,1005.3
2020-05-15T19:00,14.4,0.00,62,7.3,13.1,0.00,0.00,0.00,0,0,0,0,0,4.5,109,119,8.8,13.3,1,3600.00,1019.5,1005.3
2020-05-15T20:00,11.1,0.00,65,4.7,8.7,0.00,0.00,0.00,0,0,0,0,0,7.4,137,137,12.7,11.9,1,1216.15,1019.8,1005.5
2020-05-15T21:00,9.7,0.00,72,4.8,7.5,0.00,0.00,0.00,0,1,0,1,0,5.8,123,97,11.2,11.9,0,0.00,1020.6,1006.2
2020-05-15T22:00,8.6,0.00,78,4.9,6.7,0.00,0.00,0.00,0,4,0,4,0,4.4,130,81,6.1,10.4,0,0.00,1021.0,1006.5
2020-05-15T23:00,7.6,0.00,80,4.4,5.9,0.00,0.00,0.00,0,0,0,0,0,2.3,252,51,1.1,6.8,0,0.00,1021.5,1007.0
2020-05-16T00:00,6.9,0.00,81,3.9,4.7,0.00,0.00,0.00,0,3,0,3,0,4.9,67,73,9.0,9.4,0,0.00,1021.8,1007.2
2020-05-16T01:00,8.3,0.00,71,3.4,5.3,0.00,0.00,0.00,0,0,0,0,0,10.0,37,26,23.1,11.9,0,0.00,1022.1,1007.6
2020-05-16T02:00,7.3,0.00,74,3.1,4.7,0.00,0.00,0.00,0,0,0,0,0,7.1,55,45,20.2,20.5,0,0.00,1022.3,1007.7
2020-05-16T03:00,7.8,0.00,69,2.6,5.4,0.00,0.00,0.00,0,0,0,0,0,4.7,61,9,9.5,14.4,0,0.00,1022.6,1008.1
2020-05-16T04:00,7.2,0.00,73,2.6,4.9,0.00,0.00,0.00,0,0,0,0,0,4.0,50,350,6.1,7.9,0,0.00,1022.7,1008.1
2020-05-16T05:00,5.7,0.00,79,2.4,3.2,0.00,0.00,0.00,0,0,0,0,0,5.2,85,56,9.0,8.6,1,0.00,1022.9,1008.2
2020-05-16T06:00,7.4,0.00,75,3.2,5.2,0.00,0.00,0.00,0,0,0,0,0,4.0,107,117,10.1,9.7,1,2708.94,1023.2,1008.6
2020-05-16T07:00,9.6,0.00,65,3.3,7.8,0.00,0.00,0.00,0,0,0,0,0,1.9,86,68,4.7,9.4,1,3600.00,1023.5,1009.0
2020-05-16T08:00,11.7,0.00,59,3.9,10.0,0.00,0.00,0.00,0,0,0,0,0,2.0,63,45,3.2,11.5,1,3600.00,1023.7,1009.3
2020-05-16T09:00,13.6,0.00,55,4.8,11.9,0.00,0.00,0.00,0,0,0,0,0,2.5,13,352,3.3,13.7,1,3600.00,1023.4,1009.1
2020-05-16T10:00,15.3,0.00,52,5.5,14.4,0.00,0.00,0.00,0,0,0,0,0,4.2,339,329,5.0,16.9,1,3600.00,1022.9,1008.7
2020-05-16T11:00,16.5,0.00,47,5.2,16.1,0.00,0.00,0.00,0,0,0,0,0,5.2,341,335,6.5,19.4,1,3600.00,1022.5,1008.4
2020-05-16T12:00,17.5,0.00,43,4.8,17.5,0.00,0.00,0.00,0,1,0,0,1,5.1,327,321,6.0,19.4,1,3600.00,1022.0,1007.9
2020-05-16T13:00,18.1,0.00,38,3.5,18.1,0.00,0.00,0.00,0,1,0,0,0,4.0,302,297,4.7,21.2,1,3600.00,1021.9,1007.9
2020-05-16T14:00,18.6,0.00,37,3.6,18.0,0.00,0.00,0.00,0,0,0,0,0,6.6,311,311,8.2,20.9,1,3600.00,1021.4,1007.4
2020-05-16T15:00,18.7,0.00,37,3.6,17.4,0.00,0.00,0.00,0,0,0,0,0,7.4,323,321,9.0,22.7,1,3600.00,1020.8,1006.8
2020-05-16T16:00,18.7,0.00,36,3.4,17.0,0.00,0.00,0.00,0,0,0,0,0,5.6,324,320,6.7,21.6,1,3600.00,1020.2,1006.2
2020-05-16T17:00,18.5,0.00,36,3.1,16.1,0.00,0.00,0.00,0,0,0,0,0,5.4,315,312,6.6,17.6,1,3600.00,1020.0,1006.0
2020-05-16T18:00,17.9,0.00,39,3.9,15.6,0.00,0.00,0.00,0,0,0,0,0,5.9,318,317,8.7,15.5,1,3600.00,1019.6,1005.6
2020-05-16T19:00,16.0,0.00,52,6.1,14.2,0.00,0.00,0.00,2,74,74,0,0,6.0,335,335,14.7,14.8,1,3600.00,1019.5,1005.4
2020-05-16T20:00,12.2,0.00,64,5.6,10.0,0.00,0.00,0.00,1,42,27,36,0,8.0,2,18,11.9,13.0,1,1239.92,1019.6,1005.3
2020-05-16T21:00,12.1,0.00,60,4.5,10.1,0.00,0.00,0.00,1,26,0,26,0,4.6,3,51,6.1,12.2,0,0.00,1020.2,1005.9
2020-05-16T22:00,10.7,0.00,64,4.2,8.5,0.00,0.00,0.00,0,0,0,0,0,5.6,19,63,8.8,11.9,0,0.00,1020.1,1005.7
2020-05-16T23:00,9.3,0.00,71,4.3,7.1,0.00,0.00,0.00,0,0,0,0,0,5.8,352,30,13.4,11.9,0,0.00,1020.4,1006.0
2020-05-17T00:00,10.0,0.00,63,3.3,7.0,0.00,0.00,0.00,0,0,0,0,0,9.8,350,352,23.8,20.2,0,0.00,1020.7,1006.3
2020-05-17T01:00,9.0,0.00,69,3.7,6.5,0.00,0.00,0.00,0,0,0,0,0,7.0,6,12,19.9,24.8,0,0.00,1020.4,1005.9
2020-05-17T02:00,9.4,0.00,64,2.8,6.4,0.00,0.00,0.00,0,0,0,0,0,8.8,16,12,22.5,18.0,0,0.00,1020.4,1006.0
2020-05-17T03:00,8.8,0.00,67,3.1,5.8,0.00,0.00,0.00,0,0,0,0,0,9.5,356,349,23.1,20.9,0,0.00,1021.0,1006.5
2020-05-17T04:00,8.1,0.00,72,3.4,5.1,0.00,0.00,0.00,0,0,0,0,0,9.6,357,347,22.7,20.2,0,0.00,1021.6,1007.1
2020-05-17T05:00,7.9,0.00,74,3.5,4.9,0.00,0.00,0.00,0,0,0,0,0,9.8,360,352,23.4,22.0,1,0.00,1022.0,1007.5
2020-05-17T06:00,9.3,0.00,72,4.6,6.4,0.00,0.00,0.00,0,0,0,0,0,10.7,359,348,21.2,22.0,1,2778.21,1022.4,1007.9
2020-05-17T07:00,11.4,0.00,67,5.4,8.7,0.00,0.00,0.00,0,0,0,0,0,10.7,354,346,16.7,24.5,1,3600.00,1023.0,1008.6
2020-05-17T08:00,12.9,0.00,61,5.6,10.0,0.00,0.00,0.00,0,1,0,0,0,12.0,355,351,17.0,28.8,1,3600.00,1023.2,1008.9
2020-05-17T09:00,14.3,0.00,56,5.8,11.9,0.00,0.00,0.00,1,25,23,2,2,9.4,360,356,12.6,28.8,1,3600.00,1023.5,1009.3
2020-05-17T10:00,15.6,0.00,53,6.0,14.2,0.00,0.00,0.00,0,2,0,1,2,8.2,350,345,10.6,25.2,1,3600.00,1023.5,1009.3
2020-05-17T11:00,16.7,0.00,50,6.3,16.0,0.00,0.00,0.00,0,0,0,0,0,7.9,333,330,10.1,24.1,1,3600.00,1023.7,1009.6
2020-05-17T12:00,17.3,0.00,48,6.2,16.2,0.00,0.00,0.00,0,1,0,0,1,8.7,314,312,10.9,25.2,1,3600.00,1023.6,1009.5
2020-05-17T13:00,17.9,0.00,47,6.4,16.3,0.00,0.00,0.00,0,3,0,1,2,9.7,314,312,12.0,25.2,1,3600.00,1023.9,1009.8
2020-05-17T14:00,18.2,0.00,44,5.7,17.0,0.00,0.00,0.00,0,19,19,0,0,10.1,325,325,12.7,27.7,1,3600.00,1023.5,1009.5
2020-05-17T15:00,18.5,0.00,41,5.0,16.9,0.00,0.00,0.00,1,21,21,0,0,9.4,343,342,12.1,27.4,1,3600.00,1023.2,1009.2
2020-05-17T16:00,18.5,0.00,39,4.5,16.4,0.00,0.00,0.00,1,24,24,0,0,9.1,342,342,11.7,25.6,1,3600.00,1023.0,1009.0
2020-05-17T17:00,18.3,0.00,40,4.4,15.8,0.00,0.00,0.00,0,0,0,0,0,7.9,338,336,10.5,24.1,1,3600.00,1022.5,1008.5
2020-05-17T18:00,17.9,0.00,42,4.8,15.5,0.00,0.00,0.00,0,0,0,0,0,7.3,330,327,10.0,20.5,1,3600.00,1022.5,1008.5
2020-05-17T19:00,16.3,0.00,55,7.3,14.9,0.00,0.00,0.00,0,0,0,0,0,4.6,328,321,11.5,16.9,1,3600.00,1022.7,1008.6
2020-05-17T20:00,13.2,0.00,62,6.0,11.2,0.00,0.00,0.00,0,0,0,0,0,6.8,352,357,12.7,11.9,1,1534.44,1022.8,1008.5
2020-05-17T21:00,12.3,0.00,61,5.1,10.3,0.00,0.00,0.00,0,0,0,0,0,5.4,11,42,11.7,12.2,0,0.00,1023.6,1009.3
2020-05-17T22:00,11.2,0.00,65,4.8,9.2,0.00,0.00,0.00,0,0,0,0,0,5.0,32,69,9.4,11.9,0,0.00,1023.9,1009.5
2020-05-17T23:00,9.3,0.00,75,5.0,7.7,0.00,0.00,0.00,0,0,0,0,0,2.6,45,74,4.1,11.5,0,0.00,1024.0,1009.5
2020-05-18T00:00,8.8,0.00,76,4.8,7.2,0.00,0.00,0.00,0,0,0,0,0,2.1,328,59,5.5,7.2,0,0.00,1023.8,1009.3
2020-05-18T01:00,8.1,0.00,85,5.8,6.4,0.00,0.00,0.00,0,0,0,0,0,4.0,31,80,6.3,7.9,0,0.00,1023.9,1009.3
2020-05-18T02:00,7.1,0.00,88,5.3,5.6,0.00,0.00,0.00,0,0,0,0,0,2.2,352,81,5.4,10.1,0,0.00,1024.0,1009.4
2020-05-18T03:00,7.1,0.00,84,4.6,5.1,0.00,0.00,0.00,0,0,0,0,0,4.7,352,58,7.6,7.6,0,0.00,1023.9,1009.3
2020-05-18T04:00,7.4,0.00,81,4.3,5.4,0.00,0.00,0.00,0,0,0,0,0,4.0,8,85,5.1,7.9,0,0.00,1024.0,1009.4
2020-05-18T05:00,7.2,0.00,83,4.6,5.4,0.00,0.00,0.00,0,0,0,0,0,3.5,106,114,2.6,7.6,1,0.00,1024.1,1009.5
2020-05-18T06:00,9.1,0.00,79,5.6,7.2,0.00,0.00,0.00,0,0,0,0,0,5.2,135,102,4.6,10.1,1,2845.66,1024.3,1009.8
2020-05-18T07:00,12.2,0.00,68,6.5,11.0,0.00,0.00,0.00,0,0,0,0,0,2.4,132,117,4.8,10.1,1,3600.00,1024.5,1010.1
2020-05-18T08:00,14.9,0.00,59,7.0,13.6,0.00,0.00,0.00,0,0,0,0,0,3.8,155,163,5.2,13.3,1,3600.00,1024.6,1010.4
2020-05-18T09:00,16.9,0.00,53,7.3,15.5,0.00,0.00,0.00,0,0,0,0,0,5.1,180,184,6.8,17.6,1,3600.00,1024.5,1010.4
2020-05-18T10:00,18.6,0.00,47,6.9,18.0,0.00,0.00,0.00,0,0,0,0,0,3.9,209,214,4.5,17.6,1,3600.00,1024.4,1010.4
2020-05-18T11:00,19.8,0.00,43,6.7,19.9,0.00,0.00,0.00,0,0,0,0,0,3.4,250,252,4.2,16.2,1,3600.00,1024.2,1010.2
2020-05-18T12:00,20.6,0.00,41,6.8,20.9,0.00,0.00,0.00,0,2,2,0,0,5.2,283,282,6.3,19.1,1,3600.00,1023.7,1009.8
2020-05-18T13:00,21.1,0.00,40,6.8,21.4,0.00,0.00,0.00,2,62,74,0,0,5.8,267,270,7.2,21.2,1,3600.00,1023.7,1009.8
2020-05-18T14:00,21.7,0.00,39,7.1,21.8,0.00,0.00,0.00,2,64,64,0,0,5.4,273,274,6.8,20.5,1,3600.00,1023.0,1009.1
2020-05-18T15:00,22.0,0.00,39,7.4,21.9,0.00,0.00,0.00,2,71,71,0,0,4.3,270,270,5.4,19.1,1,3600.00,1022.4,1008.5
2020-05-18T16:00,22.2,0.00,39,7.6,21.6,0.00,0.00,0.00,1,34,34,0,0,3.3,275,276,4.0,16.2,1,3600.00,1022.1,1008.3
2020-05-18T17:00,22.3,0.00,39,7.8,21.5,0.00,0.00,0.00,2,60,60,0,0,1.6,321,333,2.3,13.3,1,3600.00,1021.8,1008.0
2020-05-18T18:00,22.2,0.00,42,8.5,21.4,0.00,0.00,0.00,1,29,29,1,0,2.5,29,45,3.7,9.7,1,3600.00,1021.5,1007.7
2020-05-18T19:00,20.1,0.00,53,10.1,19.2,0.00,0.00,0.00,0,1,0,1,0,6.3,142,149,13.3,13.7,1,3600.00,1021.2,1007.3
2020-05-18T20:00,16.2,0.00,68,10.2,15.0,0.00,0.00,0.00,0,2,0,2,1,8.8,173,168,11.6,13.7,1,1282.61,1021.3,1007.2
2020-05-18T21:00,14.9,0.00,69,9.3,13.5,0.00,0.00,0.00,0,1,0,1,0,8.2,204,157,11.4,12.2,0,0.00,1022.0,1007.8
2020-05-18T22:00,14.1,0.00,70,8.7,12.7,0.00,0.00,0.00,0,1,0,1,0,7.6,233,177,12.1,11.9,0,0.00,1022.0,1007.8
2020-05-18T23:00,16.6,0.00,57,8.0,15.4,0.00,0.00,0.00,0,0,0,0,0,4.6,305,309,10.1,11.5,0,0.00,1022.2,1008.1
2020-05-19T00:00,12.5,0.00,77,8.6,10.8,0.00,0.00,0.00,0,0,0,0,0,8.5,9,36,13.8,13.3,0,0.00,1022.1,1007.8
2020-05-19T01:00,12.7,0.00,75,8.5,10.7,0.00,0.00,0.00,0,0,0,0,0,11.0,22,32,17.1,14.0,0,0.00,1021.9,1007.6
2020-05-19T02:00,12.3,0.00,76,8.2,10.9,0.00,0.00,0.00,0,0,0,0,0,6.5,25,34,17.1,18.4,0,0.00,1021.7,1007.4
2020-05-19T03:00,11.1,0.00,84,8.4,9.6,0.00,0.00,0.00,0,0,0,0,0,7.4,19,47,13.0,13.3,0,0.00,1021.7,1007.3
2020-05-19T04:00,10.8,0.00,84,8.2,9.3,0.00,0.00,0.00,0,0,0,0,0,6.8,352,32,10.9,12.6,0,0.00,1021.7,1007.3
2020-05-19T05:00,10.4,0.00,87,8.2,8.8,0.00,0.00,0.00,0,0,0,0,0,7.7,352,37,12.7,11.9,1,0.00,1021.7,1007.3
2020-05-19T06:00,13.2,0.00,80,9.8,12.6,0.00,0.00,0.00,0,0,0,0,0,3.3,10,41,9.9,11.9,1,2911.22,1021.6,1007.3
2020-05-19T07:00,15.6,0.00,71,10.4,15.4,0.00,0.00,0.00,0,0,0,0,0,2.5,356,315,5.8,9.0,1,3600.00,1021.8,1007.7
2020-05-19T08:00,17.9,0.00,64,11.0,17.2,0.00,0.00,0.00,0,0,0,0,0,6.5,336,326,8.7,17.6,1,3600.00,1021.9,1007.9
2020-05-19T09:00,20.1,0.00,50,9.4,18.9,0.00,0.00,0.00,0,4,4,0,0,7.2,352,342,9.8,20.5,1,3600.00,1021.7,1007.8
2020-05-19T10:00,21.7,0.00,36,6.0,20.2,0.00,0.00,0.00,1,21,6,20,0,8.8,346,341,11.5,23.8,1,3600.00,1021.5,1007.6
2020-05-19T11:00,22.6,0.00,30,4.3,21.3,0.00,0.00,0.00,1,29,0,29,0,8.7,341,336,11.0,24.1,1,3600.00,1021.1,1007.3
2020-05-19T12:00,23.2,0.00,28,3.5,22.0,0.00,0.00,0.00,0,0,0,0,0,9.5,334,331,12.4,26.6,1,3600.00,1020.7,1006.9
2020-05-19T13:00,22.7,0.00,28,3.2,21.5,0.00,0.00,0.00,0,1,26,61,0,9.9,327,327,12.5,26.3,1,3600.00,1020.8,1007.0
2020-05-19T14:00,22.6,0.00,30,3.9,20.3,0.00,0.00,0.00,1,39,0,39,0,7.6,342,341,10.2,24.1,1,3600.00,1020.3,1006.5
2020-05-19T15:00,22.6,0.00,33,5.4,20.2,0.00,0.00,0.00,1,29,24,7,0,8.7,338,336,12.4,21.2,1,3600.00,1019.7,1005.9
2020-05-19T16:00,23.8,0.00,34,6.9,21.5,0.00,0.00,0.00,0,14,0,14,0,11.9,338,335,16.3,28.1,1,3600.00,1019.2,1005.5
2020-05-19T17:00,23.6,0.00,35,7.3,21.1,0.00,0.00,0.00,0,6,0,6,0,12.1,348,348,17.3,29.5,1,3600.00,1018.9,1005.2
2020-05-19T18:00,23.0,0.00,38,8.0,21.0,0.00,0.00,0.00,0,3,0,3,0,9.6,328,326,16.5,27.4,1,3600.00,1018.8,1005.0
2020-05-19T19:00,21.6,0.00,42,8.2,19.4,0.00,0.00,0.00,0,16,0,16,0,11.6,342,338,23.9,25.2,1,3600.00,1019.0,1005.2
2020-05-19T20:00,19.7,0.00,46,7.8,17.9,0.00,0.00,0.00,3,87,0,87,1,8.6,351,358,22.3,25.2,1,1158.50,1019.5,1005.6
2020-05-19T21:00,19.9,0.00,49,8.9,17.6,0.00,0.00,0.00,1,24,0,18,19,13.6,20,17,26.8,29.9,0,0.00,1020.3,1006.4
2020-05-19T22:00,18.7,0.00,55,9.4,16.8,0.00,0.00,0.00,1,35,0,31,19,11.8,16,12,25.4,28.4,0,0.00,1020.6,1006.6
2020-05-19T23:00,18.2,0.00,57,9.4,16.2,0.00,0.00,0.00,1,38,0,35,14,12.1,18,12,25.4,26.3,0,0.00,1020.9,1006.9
2020-05-20T00:00,17.2,0.00,61,9.7,15.6,0.00,0.00,0.00,1,35,0,34,12,10.2,22,18,23.3,25.6,0,0.00,1021.0,1006.9
2020-05-20T01:00,17.1,0.00,61,9.6,15.6,0.00,0.00,0.00,0,10,0,4,0,9.3,35,36,23.3,22.0,0,0.00,1020.5,1006.4
2020-05-20T02:00,15.5,0.00,68,9.5,14.3,0.00,0.00,0.00,0,0,0,0,0,6.9,45,43,17.8,19.8,0,0.00,1020.2,1006.1
2020-05-20T03:00,13.8,0.00,76,9.7,12.9,0.00,0.00,0.00,0,6,0,6,4,5.5,22,11,13.2,14.4,0,0.00,1020.4,1006.2
2020-05-20T04:00,12.8,0.00,81,9.7,12.0,0.00,0.00,0.00,0,15,0,11,11,4.9,34,36,13.0,11.5,0,0.00,1020.3,1006.0
2020-05-20T05:00,12.7,0.00,82,9.7,11.9,0.00,0.00,0.00,1,23,0,21,7,4.5,69,76,10.8,9.7,1,0.00,1020.3,1006.0
2020-05-20T06:00,14.4,0.00,76,10.2,14.0,0.00,0.00,0.00,1,28,0,25,21,3.4,96,122,7.2,8.6,1,2974.88,1020.6,1006.4
2020-05-20T07:00,16.3,0.00,70,10.8,16.2,0.00,0.00,0.00,3,100,0,47,100,1.8,194,233,1.5,8.6,1,3600.00,1020.9,1006.8
2020-05-20T08:00,17.5,0.00,67,11.2,17.5,0.00,0.00,0.00,3,91,0,51,89,3.0,257,256,3.3,11.5,1,3188.61,1021.3,1007.3
2020-05-20T09:00,18.8,0.00,63,11.6,18.7,0.00,0.00,0.00,2,67,0,50,61,4.0,270,265,4.7,13.3,1,3440.70,1021.5,1007.5
2020-05-20T10:00,20.7,0.00,57,11.9,20.4,0.00,0.00,0.00,1,40,0,38,11,5.9,321,317,7.4,18.4,1,3600.00,1021.3,1007.4
2020-05-20T11:00,21.9,0.70,52,11.7,21.8,0.70,0.00,0.00,53,41,0,39,24,9.4,358,358,12.2,24.1,1,3600.00,1021.0,1007.2
2020-05-20T12:00,22.5,0.10,49,11.2,21.8,0.10,0.00,0.00,51,76,0,72,56,10.5,4,4,14.1,27.0,1,3600.00,1020.7,1006.9
2020-05-20T13:00,22.5,0.00,49,11.1,21.8,0.00,0.00,0.00,3,81,0,40,63,9.0,338,337,11.6,29.9,1,3600.00,1020.6,1006.8
2020-05-20T14:00,23.0,0.00,46,10.7,21.7,0.00,0.00,0.00,3,89,2,87,83,9.8,344,343,13.1,24.1,1,3600.00,1020.0,1006.2
2020-05-20T15:00,22.9,0.00,47,11.2,21.7,0.00,0.00,0.00,3,90,0,89,62,10.8,357,358,14.8,26.6,1,3597.51,1019.8,1006.0
2020-05-20T16:00,23.0,0.00,47,11.2,22.1,0.00,0.00,0.00,2,60,0,58,16,8.0,9,10,10.9,25.6,1,1656.36,1019.7,1005.9
2020-05-20T17:00,23.0,0.00,46,10.7,22.0,0.00,0.00,0.00,2,74,0,68,56,8.7,9,7,12.0,20.5,1,3600.00,1019.6,1005.8
2020-05-20T18:00,22.5,0.00,48,11.0,21.8,0.00,0.00,0.00,2,77,9,75,0,6.9,10,9,12.1,20.5,1,3600.00,1019.5,1005.7
2020-05-20T19:00,21.6,0.00,50,10.8,20.7,0.00,0.00,0.00,1,43,0,41,8,8.1,36,32,16.5,16.9,1,3564.71,1019.9,1006.1
2020-05-20T20:00,19.9,0.00,57,11.2,18.6,0.00,0.00,0.00,1,23,0,20,11,11.3,73,68,22.2,23.8,1,440.41,1020.2,1006.3
2020-05-20T21:00,17.9,0.00,67,11.8,17.0,0.00,0.00,0.00,1,25,0,17,22,9.6,74,70,21.3,23.8,0,0.00,1020.9,1006.9
2020-05-20T22:00,17.2,0.00,71,11.8,16.3,0.00,0.00,0.00,1,34,0,32,18,10.2,73,67,21.9,20.9,0,0.00,1021.4,1007.3
2020-05-20T23:00,16.6,0.00,73,11.7,15.4,0.00,0.00,0.00,0,14,0,12,7,11.5,72,70,24.2,23.4,0,0.00,1021.6,1007.5
2020-05-21T00:00,15.9,0.00,75,11.5,14.7,0.00,0.00,0.00,0,4,0,4,3,11.5,74,70,24.4,23.8,0,0.00,1021.6,1007.5
2020-05-21T01:00,16.3,0.00,73,11.4,15.0,0.00,0.00,0.00,0,7,8,2,5,12.0,76,74,24.9,23.8,0,0.00,1021.4,1007.3
2020-05-21T02:00,15.4,0.00,77,11.3,14.2,0.00,0.00,0.00,1,48,48,1,2,10.5,86,84,23.4,24.5,0,0.00,1021.2,1007.0
2020-05-21T03:00,14.3,0.00,81,11.1,13.7,0.00,0.00,0.00,1,35,33,1,3,6.8,92,87,19.1,22.0,0,0.00,1021.4,1007.2
2020-05-21T04:00,12.3,0.00,90,10.7,11.6,0.00,0.00,0.00,1,31,24,1,9,6.6,88,61,12.2,14.8,0,0.00,1021.3,1007.0
2020-05-21T05:00,12.4,0.00,91,10.9,12.1,0.00,0.00,0.00,0,12,0,1,12,3.8,79,41,9.2,10.8,1,0.00,1021.5,1007.2
2020-05-21T06:00,14.3,0.00,82,11.3,14.0,0.00,0.00,0.00,0,13,0,0,13,4.9,80,54,10.2,11.2,1,3036.57,1021.9,1007.7
2020-05-21T07:00,16.4,0.00,73,11.6,16.1,0.00,0.00,0.00,0,10,0,0,10,5.4,85,82,8.3,14.4,1,3600.00,1022.1,1008.0
2020-05-21T08:00,18.5,0.00,66,12.1,18.3,0.00,0.00,0.00,0,2,0,0,2,5.8,90,90,7.9,17.3,1,3600.00,1022.1,1008.1
2020-05-21T09:00,20.3,0.00,60,12.3,20.4,0.00,0.00,0.00,0,1,0,0,1,4.0,101,100,5.9,17.3,1,3600.00,1022.2,1008.3
2020-05-21T10:00,21.9,0.00,51,11.4,22.6,0.00,0.00,0.00,2,79,0,0,79,3.1,70,69,4.2,16.2,1,3600.00,1021.7,1007.9
2020-05-21T11:00,23.0,0.00,46,10.6,23.7,0.00,0.00,0.00,1,26,0,0,26,2.7,73,67,3.8,15.1,1,3600.00,1021.4,1007.6
2020-05-21T12:00,23.9,0.00,43,10.7,25.7,0.00,0.00,0.00,0,2,0,0,2,2.5,84,90,3.3,15.1,1,3600.00,1021.1,1007.4
2020-05-21T13:00,25.0,0.00,38,9.6,26.7,0.00,0.00,0.00,0,19,0,73,20,1.8,217,233,1.8,14.8,1,3600.00,1020.7,1007.0
2020-05-21T14:00,25.5,0.00,37,9.5,25.2,0.00,0.00,0.00,3,91,0,91,0,5.1,263,266,5.8,16.6,1,3600.00,1020.3,1006.6
2020-05-21T15:00,25.2,0.00,39,10.2,24.9,0.00,0.00,0.00,1,30,11,21,2,6.4,295,297,8.4,20.2,1,3600.00,1020.3,1006.6
2020-05-21T16:00,25.0,0.00,40,10.5,24.2,0.00,0.00,0.00,1,43,38,8,0,6.5,326,326,8.3,19.8,1,3600.00,1020.3,1006.6
2020-05-21T17:00,24.8,0.00,41,10.8,24.2,0.00,0.00,0.00,2,63,59,10,0,5.2,348,348,7.0,18.4,1,3600.00,1020.2,1006.5
2020-05-21T18:00,24.4,0.00,43,11.1,24.0,0.00,0.00,0.00,3,89,86,25,0,4.8,15,13,7.1,14.8,1,3600.00,1020.0,1006.3
2020-05-21T19:00,22.8,0.00,68,16.7,24.6,0.00,0.00,0.00,2,77,72,21,0,3.6,30,45,5.8,11.9,1,3600.00,1020.2,1006.4
2020-05-21T20:00,21.4,0.00,55,12.0,21.4,0.00,0.00,0.00,1,26,9,19,0,3.8,63,73,4.0,6.1,1,886.50,1020.8,1006.9
2020-05-21T21:00,19.1,0.00,61,11.5,18.5,0.00,0.00,0.00,0,16,8,8,0,7.4,113,104,14.5,13.7,0,0.00,1021.2,1007.2
2020-05-21T22:00,17.9,0.00,59,9.8,16.6,0.00,0.00,0.00,0,2,0,2,0,8.5,119,102,19.8,16.9,0,0.00,1021.5,1007.5
2020-05-21T23:00,17.1,0.00,60,9.2,15.5,0.00,0.00,0.00,0,0,0,0,0,9.0,125,106,21.0,18.4,0,0.00,1021.4,1007.3
2020-05-22T00:00,16.3,0.00,63,9.2,14.6,0.00,0.00,0.00,2,79,79,0,0,9.7,129,105,21.3,19.4,0,0.00,1021.2,1007.1
2020-05-22T01:00,16.0,0.00,71,10.8,14.8,0.00,0.00,0.00,3,91,90,0,0,9.9,133,109,20.6,20.9,0,0.00,1021.1,1007.0
2020-05-22T02:00,15.4,0.00,74,10.8,14.1,0.00,0.00,0.00,3,99,99,0,0,10.0,134,105,19.9,19.4,0,0.00,1020.9,1006.8
2020-05-22T03:00,14.9,0.00,76,10.8,13.9,0.00,0.00,0.00,3,100,100,0,0,8.7,137,107,17.6,19.4,0,0.00,1020.6,1006.4
2020-05-22T04:00,14.6,0.00,78,10.8,13.6,0.00,0.00,0.00,3,99,99,0,0,8.7,137,107,16.3,16.9,0,0.00,1020.5,1006.3
2020-05-22T05:00,14.6,0.00,78,10.8,13.4,0.00,0.00,0.00,3,80,80,0,0,9.5,139,119,18.6,18.7,1,0.00,1020.4,1006.2
2020-05-22T06:00,15.8,0.00,75,11.3,14.8,0.00,0.00,0.00,3,82,82,0,0,9.6,147,124,16.4,19.1,1,3087.51,1020.6,1006.5
2020-05-22T07:00,18.1,0.00,68,12.0,17.7,0.00,0.00,0.00,3,96,96,8,0,6.9,157,133,12.1,18.7,1,3600.00,1020.9,1006.9
2020-05-22T08:00,20.4,0.00,61,12.6,20.3,0.00,0.00,0.00,3,100,100,66,0,5.9,173,166,8.4,17.3,1,3600.00,1021.0,1007.1
2020-05-22T09:00,21.6,0.00,58,13.0,21.5,0.00,0.00,0.00,3,100,99,75,0,6.9,191,186,9.5,18.7,1,2947.31,1021.0,1007.1
2020-05-22T10:00,23.5,0.00,53,13.3,23.2,0.00,0.00,0.00,3,100,100,67,0,9.3,198,196,12.9,24.1,1,3600.00,1020.9,1007.1
2020-05-22T11:00,24.6,0.00,48,13.0,23.8,0.00,0.00,0.00,3,100,100,28,0,11.4,200,198,15.7,27.4,1,2947.07,1020.8,1007.1
2020-05-22T12:00,25.8,0.00,45,12.9,24.8,0.00,0.00,0.00,3,100,100,63,0,13.0,211,208,18.1,31.0,1,3023.36,1020.7,1007.0
2020-05-22T13:00,25.1,0.00,51,14.2,24.6,0.00,0.00,0.00,3,100,100,100,1,12.4,218,216,17.4,31.0,1,0.00,1020.8,1007.1
2020-05-22T14:00,24.7,0.00,52,14.2,24.2,0.00,0.00,0.00,3,100,100,95,0,12.3,206,201,19.2,27.4,1,0.00,1020.3,1006.6
2020-05-22T15:00,24.2,0.00,56,14.8,24.3,0.00,0.00,0.00,3,100,100,91,0,10.1,202,197,18.3,27.4,1,0.00,1019.9,1006.2
2020-05-22T16:00,24.7,0.00,53,14.4,24.5,0.00,0.00,0.00,3,100,100,97,0,10.7,201,194,18.5,24.1,1,0.00,1019.7,1006.0
2020-05-22T17:00,24.0,0.00,55,14.4,23.9,0.00,0.00,0.00,3,100,99,79,4,10.7,200,192,21.1,24.5,1,0.00,1019.5,1005.8
2020-05-22T18:00,23.5,0.00,56,14.2,23.2,0.00,0.00,0.00,3,100,100,100,1,11.3,197,189,23.0,24.5,1,0.00,1019.1,1005.4
2020-05-22T19:00,22.4,0.20,60,14.2,22.0,0.20,0.00,0.00,51,100,100,100,1,11.6,211,202,23.9,26.6,1,0.00,1019.5,1005.7
2020-05-22T20:00,21.2,0.20,66,14.6,21.4,0.20,0.00,0.00,51,100,100,100,2,9.0,220,203,20.7,30.2,1,0.00,1019.9,1006.0
2020-05-22T21:00,20.4,0.50,74,15.6,21.4,0.50,0.00,0.00,53,100,100,100,2,6.3,264,257,17.7,23.0,0,0.00,1020.6,1006.7
2020-05-22T22:00,19.5,0.70,84,16.8,21.2,0.70,0.00,0.00,53,99,94,95,4,4.9,264,253,14.5,17.6,0,0.00,1020.9,1007.0
2020-05-22T23:00,19.0,0.10,84,16.1,20.5,0.10,0.00,0.00,51,99,91,93,12,3.7,235,191,10.6,13.3,0,0.00,1020.8,1006.8
2020-05-23T00:00,18.3,0.00,87,16.1,19.8,0.00,0.00,0.00,3,99,92,96,9,4.1,237,195,11.2,11.2,0,0.00,1020.7,1006.7
2020-05-23T01:00,18.8,0.00,85,16.3,20.1,0.00,0.00,0.00,3,97,90,30,10,5.8,332,330,13.8,12.6,0,0.00,1020.8,1006.8
2020-05-23T02:00,17.8,0.00,92,16.5,18.7,0.00,0.00,0.00,3,96,94,48,8,9.1,353,342,18.5,18.4,0,0.00,1020.8,1006.8
2020-05-23T03:00,17.2,0.00,94,16.2,18.1,0.00,0.00,0.00,3,87,73,50,25,8.1,359,347,18.4,19.8,0,0.00,1021.0,1006.9
2020-05-23T04:00,16.8,0.10,94,15.8,17.6,0.10,0.00,0.00,51,87,52,72,6,8.1,341,328,16.4,17.3,0,0.00,1021.3,1007.2
2020-05-23T05:00,16.5,0.20,94,15.6,17.2,0.20,0.00,0.00,51,100,33,83,100,8.5,330,324,17.4,18.7,1,0.00,1021.8,1007.7
2020-05-23T06:00,16.3,0.20,86,14.0,15.4,0.20,0.00,0.00,51,99,51,90,98,15.5,319,318,24.8,31.7,1,0.00,1022.4,1008.3
2020-05-23T07:00,15.4,0.10,77,11.4,14.9,0.10,0.00,0.00,51,100,27,100,100,6.7,318,306,10.7,31.7,1,0.00,1022.6,1008.4
2020-05-23T08:00,15.4,0.00,72,10.4,14.8,0.00,0.00,0.00,3,100,22,100,96,5.4,302,290,8.9,15.5,1,0.00,1022.5,1008.3
2020-05-23T09:00,15.9,0.00,66,9.6,14.5,0.00,0.00,0.00,3,100,80,100,37,8.9,311,310,13.3,19.1,1,0.00,1022.8,1008.7
2020-05-23T10:00,16.1,0.00,58,8.0,13.5,0.00,0.00,0.00,3,100,87,100,2,14.0,315,314,20.9,29.5,1,0.00,1023.1,1009.0
2020-05-23T11:00,15.3,0.40,56,6.5,11.7,0.40,0.00,0.00,51,100,100,100,0,18.2,311,309,27.1,39.2,1,0.00,1024.3,1010.1
2020-05-23T12:00,13.0,1.30,76,9.0,10.3,1.30,0.00,0.00,61,100,100,100,0,16.6,335,333,25.8,41.0,1,0.00,1025.0,1010.7
2020-05-23T13:00,12.3,1.60,84,9.7,10.3,1.60,0.00,0.00,61,100,100,100,100,13.0,315,314,19.3,35.6,1,0.00,1026.4,1012.0
2020-05-23T14:00,12.2,1.00,87,10.1,10.7,1.00,0.00,0.00,55,100,100,100,50,10.7,283,282,15.5,27.0,1,0.00,1026.4,1012.0
2020-05-23T15:00,12.6,0.30,82,9.6,10.4,0.30,0.00,0.00,51,100,100,100,25,14.2,263,263,20.0,31.0,1,0.00,1027.0,1012.6
2020-05-23T16:00,12.7,0.20,79,9.2,10.2,0.20,0.00,0.00,51,100,100,66,38,15.5,267,267,22.7,33.8,1,0.00,1027.1,1012.7
2020-05-23T17:00,13.5,0.10,72,8.5,11.1,0.10,0.00,0.00,51,100,100,4,29,13.1,252,249,18.6,34.6,1,0.00,1027.8,1013.5
2020-05-23T18:00,14.1,0.00,64,7.5,11.7,0.00,0.00,0.00,3,100,100,7,81,12.3,242,238,19.5,29.9,1,0.00,1028.3,1014.0
2020-05-23T19:00,13.6,0.00,68,7.8,11.0,0.00,0.00,0.00,3,100,100,45,65,13.7,236,235,23.9,29.5,1,0.00,1028.7,1014.4
2020-05-23T20:00,13.4,0.00,69,7.8,10.8,0.00,0.00,0.00,1,39,0,32,32,13.7,242,240,24.5,29.9,1,0.00,1029.1,1014.7
2020-05-23T21:00,12.5,0.00,72,7.5,9.8,0.00,0.00,0.00,0,19,0,19,1,13.9,241,239,26.3,30.2,0,0.00,1029.1,1014.7
2020-05-23T22:00,11.6,0.00,76,7.5,9.2,0.00,0.00,0.00,0,13,0,13,0,12.3,241,238,25.1,30.2,0,0.00,1029.1,1014.7
2020-05-23T23:00,11.0,0.00,79,7.6,8.9,0.00,0.00,0.00,0,17,0,14,8,10.5,240,229,22.9,26.6,0,0.00,1029.5,1015.0
2020-05-24T00:00,10.7,0.00,82,7.7,8.7,0.00,0.00,0.00,0,15,0,12,11,9.4,236,220,21.3,23.0,0,0.00,1029.7,1015.2
2020-05-24T01:00,10.1,0.00,87,8.0,8.3,0.00,0.00,0.00,0,5,0,66,81,9.2,234,222,20.9,21.6,0,0.00,1030.4,1015.9
2020-05-24T02:00,10.5,0.30,87,8.3,8.3,0.30,0.00,0.00,51,26,0,23,12,11.8,230,220,22.5,25.6,0,0.00,1030.5,1016.0
2020-05-24T03:00,10.2,0.00,88,8.4,7.9,0.00,0.00,0.00,1,22,0,20,13,12.9,239,234,25.5,28.1,0,0.00,1030.1,1015.6
2020-05-24T04:00,10.0,0.00,89,8.3,7.7,0.00,0.00,0.00,0,17,0,14,8,12.8,237,230,25.8,28.8,0,0.00,1030.3,1015.8
2020-05-24T05:00,9.7,0.00,92,8.4,7.5,0.00,0.00,0.00,3,81,81,0,1,12.3,226,218,25.0,28.1,1,0.00,1030.4,1015.8
2020-05-24T06:00,10.4,0.00,90,8.7,8.1,0.00,0.00,0.00,3,84,84,0,2,13.5,233,226,24.4,29.9,1,3209.38,1030.6,1016.1
2020-05-24T07:00,11.5,0.00,84,9.0,9.4,0.00,0.00,0.00,3,94,94,11,1,12.8,238,232,19.6,29.9,1,3600.00,1030.9,1016.4
2020-05-24T08:00,13.0,0.00,76,8.9,10.8,0.00,0.00,0.00,1,26,0,0,26,13.3,253,251,18.4,29.9,1,3600.00,1030.9,1016.5
2020-05-24T09:00,15.0,0.10,58,6.9,11.6,0.10,0.00,0.00,51,16,0,7,14,17.7,268,266,24.9,40.0,1,3600.00,1030.6,1016.3
2020-05-24T10:00,16.0,0.00,47,4.6,12.6,0.00,0.00,0.00,0,17,0,0,17,18.0,269,269,25.2,42.1,1,3600.00,1030.1,1015.9
2020-05-24T11:00,17.0,0.00,40,3.3,13.4,0.00,0.00,0.00,3,92,0,92,18,20.2,275,275,28.2,46.4,1,3600.00,1029.9,1015.7
2020-05-24T12:00,17.7,0.00,37,2.7,13.7,0.00,0.00,0.00,3,92,0,92,0,19.9,283,283,28.0,46.8,1,3600.00,1029.5,1015.3
2020-05-24T13:00,17.7,0.00,43,4.9,14.6,0.00,0.00,0.00,3,96,52,36,20,17.8,278,277,24.7,45.4,1,3600.00,1030.3,1016.1
2020-05-24T14:00,18.5,0.00,38,3.8,15.1,0.00,0.00,0.00,3,100,3,100,5,17.6,281,281,24.6,40.7,1,3600.00,1029.8,1015.7
2020-05-24T15:00,18.1,0.00,40,4.2,14.2,0.00,0.00,0.00,3,100,37,100,6,17.3,288,287,25.4,40.7,1,0.00,1029.8,1015.7
2020-05-24T16:00,17.9,0.00,43,5.0,14.0,0.00,0.00,0.00,3,94,0,94,55,18.4,293,293,27.3,40.3,1,345.33,1030.0,1015.9
2020-05-24T17:00,17.4,0.00,46,5.8,14.0,0.00,0.00,0.00,3,93,56,83,52,16.0,293,293,25.3,40.3,1,0.00,1030.0,1015.8
2020-05-24T18:00,17.5,0.00,47,6.0,14.0,0.00,0.00,0.00,3,100,80,100,99,16.6,289,288,25.8,40.0,1,3600.00,1030.2,1016.0
2020-05-24T19:00,16.5,0.00,53,6.8,13.8,0.00,0.00,0.00,3,100,98,100,100,12.5,285,282,22.7,36.0,1,0.00,1030.4,1016.2
2020-05-24T20:00,15.7,0.00,59,7.7,13.1,0.00,0.00,0.00,3,100,83,100,100,14.0,315,314,23.9,29.2,1,0.00,1031.0,1016.7
2020-05-24T21:00,14.6,0.20,71,9.4,12.9,0.20,0.00,0.00,51,100,4,100,100,10.7,311,312,19.9,30.6,0,0.00,1031.8,1017.5
2020-05-24T22:00,14.2,0.00,73,9.4,12.9,0.00,0.00,0.00,3,90,65,68,16,7.6,316,315,16.5,23.4,0,0.00,1032.1,1017.7
2020-05-24T23:00,13.5,0.00,77,9.6,12.5,0.00,0.00,0.00,3,97,47,94,12,5.9,319,317,15.3,17.3,0,0.00,1032.1,1017.7
2020-05-25T00:00,13.1,0.00,80,9.7,12.3,0.00,0.00,0.00,3,99,12,99,51,5.0,304,300,13.5,13.7,0,0.00,1031.9,1017.5
2020-05-25T01:00,11.4,0.00,91,10.0,10.4,0.00,0.00,0.00,2,68,5,28,23,7.2,273,252,13.0,14.4,0,0.00,1031.9,1017.4
2020-05-25T02:00,11.6,0.00,91,10.1,11.0,0.00,0.00,0.00,1,47,0,46,5,4.5,302,284,13.6,14.4,0,0.00,1032.0,1017.5
2020-05-25T03:00,11.6,0.00,90,10.0,10.8,0.00,0.00,0.00,2,62,0,62,4,5.6,322,315,16.4,13.7,0,0.00,1032.0,1017.5
2020-05-25T04:00,11.7,0.00,89,9.9,10.7,0.00,0.00,0.00,1,39,0,38,9,6.6,324,331,17.3,15.1,0,0.00,1032.1,1017.6
2020-05-25T05:00,11.3,0.00,90,9.7,10.2,0.00,0.00,0.00,1,48,0,46,16,6.8,326,335,17.4,15.5,1,0.00,1032.4,1017.9
2020-05-25T06:00,12.3,0.00,87,10.2,11.1,0.00,0.00,0.00,2,54,0,50,37,8.3,324,326,16.0,17.3,1,2381.45,1032.6,1018.1
2020-05-25T07:00,13.3,0.00,83,10.6,12.3,0.00,0.00,0.00,1,46,0,37,29,7.9,312,309,13.0,19.1,1,3600.00,1032.9,1018.5
2020-05-25T08:00,14.4,0.00,78,10.7,13.1,0.00,0.00,0.00,1,43,0,34,32,10.4,314,314,14.5,24.5,1,3600.00,1033.0,1018.6
2020-05-25T09:00,15.6,0.00,74,11.0,14.3,0.00,0.00,0.00,1,39,0,23,38,10.9,314,314,15.0,34.2,1,3600.00,1033.0,1018.7
2020-05-25T10:00,16.7,0.00,70,11.2,15.4,0.00,0.00,0.00,1,38,0,31,30,11.0,313,311,14.8,37.1,1,3600.00,1032.6,1018.4
2020-05-25T11:00,17.4,0.00,63,10.4,15.7,0.00,0.00,0.00,2,53,0,46,28,14.0,327,325,19.0,38.5,1,3600.00,1032.2,1018.0
2020-05-25T12:00,18.6,0.00,53,8.8,16.1,0.00,0.00,0.00,2,76,0,49,70,16.8,326,325,23.1,38.2,1,3600.00,1031.9,1017.8
2020-05-25T13:00,17.6,0.00,59,9.5,15.1,0.00,0.00,0.00,3,80,0,52,18,16.4,321,320,22.5,42.5,1,3600.00,1032.4,1018.2
2020-05-25T14:00,18.1,0.00,55,9.0,15.1,0.00,0.00,0.00,2,53,0,49,20,18.6,329,328,26.0,42.5,1,3600.00,1032.2,1018.0
2020-05-25T15:00,19.1,0.00,50,8.4,16.1,0.00,0.00,0.00,1,46,0,40,39,17.2,329,327,24.4,41.8,1,3600.00,1031.7,1017.6
2020-05-25T16:00,19.1,0.00,49,8.0,15.6,0.00,0.00,0.00,3,99,0,86,99,20.3,337,335,29.8,45.4,1,3600.00,1031.4,1017.3
2020-05-25T17:00,18.5,0.00,53,8.7,15.9,0.00,0.00,0.00,2,68,0,58,64,15.7,341,340,23.6,45.0,1,670.08,1031.4,1017.3
2020-05-25T18:00,18.3,0.00,54,8.8,15.5,0.00,0.00,0.00,1,37,0,37,0,16.5,338,337,25.2,38.5,1,3600.00,1031.4,1017.2
2020-05-25T19:00,17.5,0.00,58,9.1,15.6,0.00,0.00,0.00,1,41,0,41,0,11.5,323,319,21.3,35.3,1,3600.00,1031.6,1017.4
2020-05-25T20:00,16.4,0.00,61,9.0,14.5,0.00,0.00,0.00,1,45,0,45,0,11.0,327,322,22.9,25.6,1,1226.92,1031.8,1017.6
2020-05-25T21:00,15.6,0.00,61,8.1,13.6,0.00,0.00,0.00,0,15,0,15,0,10.5,349,344,23.5,24.1,0,0.00,1032.5,1018.2
2020-05-25T22:00,14.7,0.00,61,7.3,12.7,0.00,0.00,0.00,0,8,0,5,8,9.0,360,358,22.0,23.0,0,0.00,1032.8,1018.5
2020-05-25T23:00,12.8,0.00,69,7.3,11.1,0.00,0.00,0.00,0,1,0,0,1,6.7,12,16,18.4,19.8,0,0.00,1033.2,1018.8
2020-05-26T00:00,11.0,0.00,76,7.0,9.4,0.00,0.00,0.00,0,0,0,0,0,6.0,23,33,16.0,15.5,0,0.00,1033.3,1018.8
2020-05-26T01:00,10.4,0.00,83,7.7,8.7,0.00,0.00,0.00,0,0,0,0,2,7.6,13,25,15.5,13.3,0,0.00,1033.1,1018.5
2020-05-26T02:00,10.4,0.00,82,7.4,8.7,0.00,0.00,0.00,0,1,0,0,1,7.0,12,12,18.0,14.4,0,0.00,1032.9,1018.3
2020-05-26T03:00,9.6,0.00,84,7.1,8.0,0.00,0.00,0.00,0,1,0,0,1,6.2,42,36,17.3,15.1,0,0.00,1033.1,1018.5
2020-05-26T04:00,8.5,0.00,88,6.5,6.7,0.00,0.00,0.00,0,7,0,0,7,5.8,72,60,14.8,13.3,0,0.00,1033.4,1018.7
2020-05-26T05:00,8.2,0.00,89,6.5,6.5,0.00,0.00,0.00,0,15,0,0,15,5.9,76,47,11.5,11.5,1,0.00,1033.5,1018.8
2020-05-26T06:00,10.9,0.00,78,7.3,9.7,0.00,0.00,0.00,0,17,0,0,17,3.9,67,34,9.4,10.1,1,3313.89,1033.9,1019.4
2020-05-26T07:00,13.3,0.00,71,8.1,12.5,0.00,0.00,0.00,1,32,24,0,11,1.9,49,22,3.8,9.7,1,3600.00,1034.1,1019.7
2020-05-26T08:00,15.2,0.00,65,8.6,14.4,0.00,0.00,0.00,1,39,26,0,18,2.5,17,360,3.8,12.2,1,3600.00,1034.2,1019.9
2020-05-26T09:00,16.8,0.00,56,8.0,15.4,0.00,0.00,0.00,2,62,14,0,55,6.1,10,3,8.0,18.4,1,3600.00,1034.3,1020.0
2020-05-26T10:00,17.8,0.00,48,6.8,16.5,0.00,0.00,0.00,1,33,6,2,29,8.9,17,14,11.3,24.1,1,3600.00,1034.1,1019.9
2020-05-26T11:00,18.7,0.00,43,6.0,17.7,0.00,0.00,0.00,3,80,9,13,78,10.1,19,17,13.3,27.7,1,3600.00,1034.1,1019.9
2020-05-26T12:00,20.0,0.00,38,5.2,19.0,0.00,0.00,0.00,3,80,5,79,0,10.5,20,16,13.8,28.1,1,3600.00,1033.7,1019.6
2020-05-26T13:00,19.6,0.00,41,6.0,18.7,0.00,0.00,0.00,3,100,10,100,98,9.2,16,11,12.0,29.2,1,3600.00,1033.6,1019.5
2020-05-26T14:00,19.8,0.00,40,5.8,17.6,0.00,0.00,0.00,3,98,5,98,12,8.2,27,23,11.3,23.4,1,3503.39,1033.2,1019.1
2020-05-26T15:00,19.9,0.00,39,5.5,17.6,0.00,0.00,0.00,3,90,4,90,0,7.9,44,43,10.9,22.0,1,1545.65,1033.1,1019.0
2020-05-26T16:00,19.5,0.00,42,6.1,17.1,0.00,0.00,0.00,3,98,1,98,10,9.7,58,59,13.1,21.6,1,1465.60,1033.2,1019.1
2020-05-26T17:00,18.9,0.00,46,6.9,16.1,0.00,0.00,0.00,3,93,0,93,28,13.6,59,58,19.4,29.9,1,3175.51,1033.3,1019.2
2020-05-26T18:00,18.5,0.00,44,6.1,15.7,0.00,0.00,0.00,2,59,24,44,18,11.9,60,61,17.9,30.6,1,3211.22,1033.4,1019.2
2020-05-26T19:00,17.6,0.00,48,6.4,15.1,0.00,0.00,0.00,1,38,15,25,21,10.6,72,72,19.4,26.6,1,3600.00,1033.6,1019.4
2020-05-26T20:00,15.8,0.00,53,6.3,13.5,0.00,0.00,0.00,0,16,12,5,0,9.4,84,86,20.6,23.4,1,1726.61,1033.7,1019.4
2020-05-26T21:00,14.0,0.00,60,6.4,11.8,0.00,0.00,0.00,0,7,2,5,1,8.9,78,76,21.7,20.5,0,0.00,1034.2,1019.8
2020-05-26T22:00,13.1,0.00,66,6.8,11.0,0.00,0.00,0.00,0,6,1,5,0,8.9,78,69,21.0,19.4,0,0.00,1034.5,1020.1
2020-05-26T23:00,12.1,0.00,71,7.1,10.1,0.00,0.00,0.00,0,9,5,4,0,8.1,80,69,19.4,18.7,0,0.00,1034.4,1019.9
2020-05-27T00:00,11.7,0.00,73,7.0,9.6,0.00,0.00,0.00,1,36,35,2,0,8.9,75,69,20.9,18.7,0,0.00,1034.4,1019.9
2020-05-27T01:00,12.1,0.00,71,7.0,10.0,0.00,0.00,0.00,2,74,79,2,0,9.4,82,86,22.6,19.1,0,0.00,1034.0,1019.5
2020-05-27T02:00,11.6,0.00,72,6.8,9.5,0.00,0.00,0.00,0,2,0,1,0,9.1,92,97,22.3,20.2,0,0.00,1034.1,1019.6
2020-05-27T03:00,10.8,0.00,76,6.7,8.9,0.00,0.00,0.00,0,1,0,1,0,7.2,96,96,21.0,19.4,0,0.00,1033.9,1019.3
2020-05-27T04:00,9.5,0.00,82,6.5,7.7,0.00,0.00,0.00,0,1,0,1,0,6.3,101,103,17.2,16.2,0,0.00,1033.9,1019.3
2020-05-27T05:00,9.1,0.00,85,6.7,7.3,0.00,0.00,0.00,0,0,0,0,0,6.2,102,97,11.8,13.0,1,0.00,1034.1,1019.5
2020-05-27T06:00,11.6,0.00,76,7.6,10.4,0.00,0.00,0.00,0,0,0,0,0,3.6,95,53,8.7,10.8,1,3362.79,1034.1,1019.6
2020-05-27T07:00,14.0,0.00,67,8.0,13.1,0.00,0.00,0.00,0,0,0,0,0,2.0,75,45,4.1,9.7,1,3600.00,1034.3,1019.9
2020-05-27T08:00,16.0,0.00,61,8.5,15.3,0.00,0.00,0.00,0,2,2,0,0,1.8,50,37,2.8,11.2,1,3600.00,1034.1,1019.8
2020-05-27T09:00,17.8,0.00,55,8.8,17.2,0.00,0.00,0.00,1,27,27,0,0,2.1,54,31,3.1,13.0,1,3600.00,1033.8,1019.6
2020-05-27T10:00,19.4,0.00,46,7.6,19.1,0.00,0.00,0.00,2,74,36,23,58,4.3,54,48,6.2,16.2,1,3600.00,1033.5,1019.4
2020-05-27T11:00,20.8,0.00,38,6.1,19.9,0.00,0.00,0.00,3,84,48,69,12,6.8,59,58,9.2,20.2,1,3600.00,1033.0,1018.9
2020-05-27T12:00,21.8,0.00,36,6.1,21.3,0.00,0.00,0.00,2,68,60,21,0,8.2,68,67,10.5,23.4,1,3600.00,1032.5,1018.5
2020-05-27T13:00,22.2,0.00,35,5.9,21.6,0.00,0.00,0.00,2,78,82,1,0,7.1,51,49,9.2,23.8,1,3600.00,1032.0,1018.0
2020-05-27T14:00,22.7,0.00,33,5.8,22.3,0.00,0.00,0.00,2,77,77,0,0,7.8,55,56,10.1,22.7,1,3600.00,1031.5,1017.6
2020-05-27T15:00,23.0,0.00,32,5.3,22.4,0.00,0.00,0.00,2,54,52,4,0,5.5,62,67,6.9,22.7,1,3600.00,1031.0,1017.1
2020-05-27T16:00,23.6,0.00,29,4.6,22.1,0.00,0.00,0.00,0,14,14,0,0,1.9,90,112,2.2,17.3,1,3600.00,1030.2,1016.3
2020-05-27T17:00,23.2,0.00,31,5.3,21.1,0.00,0.00,0.00,0,6,0,6,0,6.5,328,326,8.9,15.1,1,3600.00,1029.7,1015.8
2020-05-27T18:00,21.9,0.00,37,6.5,19.3,0.00,0.00,0.00,1,24,19,6,0,11.5,325,321,18.1,26.6,1,3600.00,1029.5,1015.5
2020-05-27T19:00,20.8,0.00,42,7.3,18.8,0.00,0.00,0.00,1,37,32,8,0,9.1,348,342,19.1,25.9,1,3600.00,1029.6,1015.6
2020-05-27T20:00,18.5,0.00,46,6.8,16.4,0.00,0.00,0.00,1,37,22,20,0,8.7,50,45,19.2,20.2,1,2240.58,1029.8,1015.7
2020-05-27T21:00,17.5,0.00,48,6.4,15.2,0.00,0.00,0.00,2,50,21,37,0,9.3,111,103,21.5,18.7,0,0.00,1030.2,1016.0
2020-05-27T22:00,16.8,0.00,51,6.5,14.8,0.00,0.00,0.00,2,62,19,54,0,7.5,118,107,18.4,18.4,0,0.00,1030.2,1016.0
2020-05-27T23:00,15.2,0.00,61,7.8,13.8,0.00,0.00,0.00,2,53,0,53,0,5.1,114,94,12.2,15.1,0,0.00,1030.1,1015.8
2020-05-28T00:00,13.9,0.00,71,8.8,12.9,0.00,0.00,0.00,2,63,21,54,0,4.8,98,63,5.4,9.4,0,0.00,1030.0,1015.7
2020-05-28T01:00,13.9,0.00,69,8.2,12.8,0.00,0.00,0.00,2,76,75,50,0,4.3,164,90,7.9,7.2,0,0.00,1029.4,1015.1
2020-05-28T02:00,15.8,0.00,55,6.9,14.8,0.00,0.00,0.00,1,44,7,44,2,1.1,231,90,4.6,6.8,0,0.00,1029.2,1015.0
2020-05-28T03:00,13.8,0.00,65,7.4,12.5,0.00,0.00,0.00,3,81,38,75,2,4.5,338,29,6.6,5.8,0,0.00,1028.9,1014.6
2020-05-28T04:00,12.9,0.10,72,7.9,11.5,0.10,0.00,0.00,51,98,17,98,0,5.8,358,353,13.0,10.8,0,0.00,1029.1,1014.7
2020-05-28T05:00,13.7,0.00,70,8.3,11.7,0.00,0.00,0.00,2,56,0,56,1,10.6,4,350,21.3,19.8,1,0.00,1029.1,1014.8
2020-05-28T06:00,14.8,0.00,73,10.1,12.9,0.00,0.00,0.00,1,49,0,49,12,13.3,27,19,24.6,28.8,1,3390.10,1029.6,1015.3
2020-05-28T07:00,15.6,0.00,72,10.5,14.0,0.00,0.00,0.00,1,46,0,45,4,12.0,27,21,18.5,28.8,1,3600.00,1030.1,1015.8
2020-05-28T08:00,16.4,0.00,69,10.7,15.0,0.00,0.00,0.00,1,44,0,42,10,10.8,25,21,15.1,27.4,1,3600.00,1030.3,1016.1
2020-05-28T09:00,18.3,0.00,59,10.1,16.8,0.00,0.00,0.00,1,34,0,23,28,10.6,31,28,14.7,31.3,1,3600.00,1030.0,1015.9
2020-05-28T10:00,19.1,0.00,55,9.8,17.1,0.00,0.00,0.00,1,28,0,22,18,13.0,29,28,17.7,31.7,1,3600.00,1029.7,1015.6
2020-05-28T11:00,20.0,0.00,49,9.0,18.9,0.00,0.00,0.00,1,22,0,0,22,12.9,26,23,17.6,33.1,1,3600.00,1029.6,1015.6
2020-05-28T12:00,20.9,0.00,41,7.2,19.9,0.00,0.00,0.00,1,26,0,0,26,13.6,21,17,18.5,34.2,1,3600.00,1029.0,1015.0
2020-05-28T13:00,21.5,0.00,40,7.4,20.8,0.00,0.00,0.00,2,51,56,27,14,11.5,17,14,15.0,36.7,1,3600.00,1028.5,1014.5
2020-05-28T14:00,21.7,0.00,37,6.5,19.9,0.00,0.00,0.00,1,27,10,19,2,14.1,9,6,18.9,34.6,1,3600.00,1028.1,1014.2
2020-05-28T15:00,21.3,0.00,34,4.9,18.0,0.00,0.00,0.00,2,56,32,36,0,17.5,11,9,23.9,40.3,1,3600.00,1027.8,1013.8
2020-05-28T16:00,21.3,0.00,29,2.4,17.3,0.00,0.00,0.00,0,2,0,2,0,17.8,20,18,24.9,41.4,1,3600.00,1027.3,1013.3
2020-05-28T17:00,21.0,0.00,27,1.1,16.4,0.00,0.00,0.00,0,0,0,0,0,17.9,25,22,25.8,41.0,1,3600.00,1027.1,1013.1
2020-05-28T18:00,20.3,0.00,27,0.5,16.0,0.00,0.00,0.00,0,0,0,0,0,15.5,29,28,23.8,40.0,1,3600.00,1027.0,1013.0
2020-05-28T19:00,18.9,0.00,32,1.8,15.5,0.00,0.00,0.00,0,0,0,0,0,10.7,34,33,20.8,34.6,1,3600.00,1027.1,1013.0
2020-05-28T20:00,17.0,0.00,36,1.7,13.4,0.00,0.00,0.00,0,3,3,0,0,11.9,39,35,24.9,24.5,1,2571.53,1027.3,1013.1
2020-05-28T21:00,15.6,0.00,42,2.7,12.2,0.00,0.00,0.00,1,49,49,0,0,12.0,46,44,25.2,28.1,0,0.00,1028.0,1013.8
2020-05-28T22:00,14.4,0.00,46,2.8,11.2,0.00,0.00,0.00,3,91,91,0,0,10.7,45,45,24.9,25.6,0,0.00,1028.2,1013.9
2020-05-28T23:00,14.6,0.00,44,2.4,10.6,0.00,0.00,0.00,2,65,65,0,0,15.2,71,68,30.4,32.4,0,0.00,1028.4,1014.1
2020-05-29T00:00,13.8,0.00,47,2.6,10.2,0.00,0.00,0.00,0,7,7,0,0,13.1,82,81,27.6,32.8,0,0.00,1028.3,1014.0
2020-05-29T01:00,13.0,0.00,51,3.0,9.7,0.00,0.00,0.00,0,0,0,0,0,11.2,92,92,25.2,28.1,0,0.00,1028.0,1013.6
2020-05-29T02:00,11.9,0.00,55,3.2,8.8,0.00,0.00,0.00,0,0,0,0,0,10.4,94,92,23.4,24.1,0,0.00,1028.0,1013.6
2020-05-29T03:00,11.0,0.00,59,3.4,8.2,0.00,0.00,0.00,0,0,0,0,0,9.0,91,88,20.9,22.3,0,0.00,1027.7,1013.2
2020-05-29T04:00,10.1,0.00,63,3.4,7.6,0.00,0.00,0.00,0,0,0,0,0,6.9,85,81,18.1,19.1,0,0.00,1027.7,1013.2
2020-05-29T05:00,9.9,0.00,66,3.7,7.5,0.00,0.00,0.00,0,0,0,0,0,5.9,84,76,16.7,15.1,1,0.00,1027.9,1013.4
2020-05-29T06:00,11.8,0.00,60,4.4,9.5,0.00,0.00,0.00,0,1,0,1,0,6.6,80,68,14.3,13.7,1,3453.61,1027.8,1013.4
2020-05-29T07:00,14.4,0.00,53,5.0,12.3,0.00,0.00,0.00,0,0,0,0,0,5.9,80,76,9.9,16.2,1,3600.00,1027.7,1013.4
2020-05-29T08:00,16.3,0.00,50,5.8,14.2,0.00,0.00,0.00,0,0,0,0,0,7.3,80,79,10.2,20.2,1,3600.00,1027.4,1013.2
2020-05-29T09:00,17.9,0.00,46,6.0,15.5,0.00,0.00,0.00,0,0,0,0,0,9.3,75,74,12.7,24.5,1,3600.00,1027.2,1013.1
2020-05-29T10:00,19.1,0.00,42,5.9,17.0,0.00,0.00,0.00,0,12,0,12,1,12.6,75,77,17.1,31.0,1,3600.00,1026.9,1012.8
2020-05-29T11:00,20.2,0.00,37,5.1,18.3,0.00,0.00,0.00,1,38,0,38,0,13.6,73,73,18.8,34.2,1,3600.00,1026.4,1012.4
2020-05-29T12:00,20.7,0.00,32,3.4,18.3,0.00,0.00,0.00,3,85,0,85,0,13.6,68,68,18.6,34.2,1,3600.00,1025.6,1011.6
2020-05-29T13:00,20.8,0.00,33,4.0,18.3,0.00,0.00,0.00,2,72,8,84,0,12.7,82,82,17.1,33.8,1,3600.00,1025.3,1011.4
2020-05-29T14:00,20.8,0.00,33,3.8,17.4,0.00,0.00,0.00,3,100,13,100,0,15.6,62,61,21.6,36.7,1,3600.00,1024.6,1010.7
2020-05-29T15:00,20.4,0.00,34,3.9,16.8,0.00,0.00,0.00,2,67,10,63,0,14.6,69,70,20.1,37.4,1,2659.47,1024.3,1010.3
2020-05-29T16:00,21.0,0.00,29,2.3,17.4,0.00,0.00,0.00,3,100,0,100,0,12.5,78,78,17.3,33.8,1,3600.00,1023.5,1009.6
2020-05-29T17:00,20.7,0.00,29,2.2,17.2,0.00,0.00,0.00,3,100,0,100,0,11.5,75,76,16.8,29.5,1,3600.00,1023.0,1009.1
2020-05-29T18:00,19.9,0.00,32,2.6,16.3,0.00,0.00,0.00,3,96,0,96,0,13.0,92,93,21.3,28.1,1,0.00,1022.9,1008.9
2020-05-29T19:00,18.8,0.00,38,4.2,15.4,0.00,0.00,0.00,0,3,0,3,0,13.7,87,88,24.2,31.7,1,3600.00,1022.8,1008.8
2020-05-29T20:00,17.0,0.00,42,3.8,13.8,0.00,0.00,0.00,0,10,0,10,0,11.5,93,92,24.1,29.5,1,2629.80,1022.7,1008.6
2020-05-29T21:00,15.7,0.00,46,4.2,12.7,0.00,0.00,0.00,0,1,0,1,0,11.4,82,79,25.1,26.3,0,0.00,1023.1,1008.9
2020-05-29T22:00,14.5,0.00,51,4.5,11.6,0.00,0.00,0.00,0,2,0,2,0,10.3,70,65,23.7,25.2,0,0.00,1023.1,1008.9
2020-05-29T23:00,14.5,0.00,48,3.8,10.7,0.00,0.00,0.00,0,2,0,2,0,16.3,69,65,31.7,32.8,0,0.00,1023.5,1009.3
2020-05-30T00:00,14.3,0.00,46,2.9,10.3,0.00,0.00,0.00,0,0,0,0,0,16.1,77,74,31.0,36.7,0,0.00,1023.4,1009.2
2020-05-30T01:00,14.4,0.00,47,3.4,10.5,0.00,0.00,0.00,0,1,3,1,0,16.0,82,81,31.6,34.9,0,0.00,1022.8,1008.6
2020-05-30T02:00,13.8,0.00,50,3.6,10.0,0.00,0.00,0.00,1,33,32,8,0,15.7,84,81,30.8,34.6,0,0.00,1022.7,1008.5
2020-05-30T03:00,13.3,0.00,53,3.8,9.6,0.00,0.00,0.00,1,29,28,13,0,15.3,81,82,31.0,33.1,0,0.00,1022.6,1008.3
2020-05-30T04:00,12.9,0.00,55,4.1,9.2,0.00,0.00,0.00,2,50,49,4,0,15.3,76,75,30.4,32.8,0,0.00,1022.6,1008.3
2020-05-30T05:00,12.7,0.00,56,4.3,9.5,0.00,0.00,0.00,1,27,27,0,0,12.8,75,68,26.8,31.7,1,0.00,1022.6,1008.3
2020-05-30T06:00,13.6,0.00,57,5.2,10.7,0.00,0.00,0.00,0,11,11,0,0,11.6,75,68,23.1,27.4,1,3495.43,1022.7,1008.4
2020-05-30T07:00,15.5,0.00,52,5.7,12.9,0.00,0.00,0.00,0,3,1,2,0,10.8,72,69,17.1,25.6,1,3600.00,1022.8,1008.6
2020-05-30T08:00,17.4,0.00,46,5.6,14.7,0.00,0.00,0.00,0,1,0,1,0,11.4,68,66,16.3,27.7,1,3600.00,1022.7,1008.6
2020-05-30T09:00,18.6,0.00,41,5.0,15.4,0.00,0.00,0.00,0,0,0,0,0,14.0,62,61,19.5,33.5,1,3600.00,1022.4,1008.4
2020-05-30T10:00,19.6,0.00,36,4.1,16.6,0.00,0.00,0.00,1,36,0,36,0,16.0,54,54,21.9,37.8,1,3600.00,1022.0,1008.0
2020-05-30T11:00,20.7,0.00,32,3.3,17.7,0.00,0.00,0.00,3,87,0,87,0,15.1,51,50,21.0,38.2,1,3600.00,1021.2,1007.3
2020-05-30T12:00,20.9,0.00,31,3.0,16.9,0.00,0.00,0.00,1,32,1,32,0,18.9,49,50,26.0,42.5,1,3600.00,1020.8,1006.9
2020-05-30T13:00,20.6,0.00,32,3.1,18.0,0.00,0.00,0.00,1,46,52,20,0,17.1,45,44,23.4,48.2,1,3600.00,1021.1,1007.2
2020-05-30T14:00,21.0,0.00,30,2.6,17.2,0.00,0.00,0.00,3,100,91,98,0,19.9,51,49,27.7,43.9,1,3600.00,1020.4,1006.5
2020-05-30T15:00,20.2,0.00,31,2.6,15.8,0.00,0.00,0.00,3,98,93,79,0,18.4,58,59,26.2,47.5,1,1972.28,1020.3,1006.4
2020-05-30T16:00,19.8,0.00,34,3.4,15.3,0.00,0.00,0.00,3,98,89,88,0,20.4,55,54,29.2,46.1,1,3600.00,1020.3,1006.4
2020-05-30T17:00,19.4,0.00,33,2.7,15.4,0.00,0.00,0.00,3,88,62,83,0,15.9,70,72,23.3,45.4,1,0.00,1020.1,1006.2
2020-05-30T18:00,18.8,0.00,35,3.2,14.3,0.00,0.00,0.00,3,95,52,92,1,19.9,59,58,30.7,42.5,1,3600.00,1020.0,1006.0
2020-05-30T19:00,17.8,0.00,38,3.3,14.0,0.00,0.00,0.00,2,59,25,51,0,15.8,61,60,25.6,43.2,1,0.00,1020.5,1006.5
2020-05-30T20:00,16.7,0.00,39,2.8,12.7,0.00,0.00,0.00,1,43,28,33,0,16.0,69,67,28.1,34.2,1,1257.86,1020.8,1006.7
2020-05-30T21:00,15.6,0.00,43,3.0,11.7,0.00,0.00,0.00,1,23,16,17,0,15.5,68,65,27.9,34.6,0,0.00,1021.6,1007.5
2020-05-30T22:00,14.7,0.00,46,3.3,11.0,0.00,0.00,0.00,1,27,19,10,0,14.5,73,71,27.1,33.1,0,0.00,1021.8,1007.6
2020-05-30T23:00,13.8,0.00,49,3.4,10.4,0.00,0.00,0.00,0,17,10,9,0,13.1,81,81,25.9,31.3,0,0.00,1021.9,1007.7
2020-05-31T00:00,12.9,0.00,53,3.6,9.9,0.00,0.00,0.00,0,11,2,10,0,10.2,75,72,22.4,28.4,0,0.00,1021.8,1007.5
2020-05-31T01:00,12.0,0.00,59,4.2,9.5,0.00,0.00,0.00,0,6,18,3,0,8.0,80,82,20.1,22.7,0,0.00,1021.3,1007.0
2020-05-31T02:00,11.2,0.00,62,4.3,8.7,0.00,0.00,0.00,0,1,0,1,0,8.1,73,69,20.3,18.4,0,0.00,1021.1,1006.7
2020-05-31T03:00,10.9,0.00,64,4.3,8.2,0.00,0.00,0.00,0,1,0,1,0,9.5,62,53,22.4,20.5,0,0.00,1021.0,1006.6
2020-05-31T04:00,10.7,0.00,66,4.5,8.1,0.00,0.00,0.00,0,1,0,1,0,8.9,67,63,21.9,20.9,0,0.00,1020.7,1006.3
2020-05-31T05:00,10.5,0.00,69,5.0,8.3,0.00,0.00,0.00,0,2,0,2,0,6.8,69,65,18.5,19.8,1,0.00,1020.8,1006.4
2020-05-31T06:00,12.1,0.00,66,5.8,10.2,0.00,0.00,0.00,2,74,73,1,0,5.6,60,40,12.1,15.1,1,3534.78,1021.1,1006.8
2020-05-31T07:00,14.0,0.00,59,6.0,12.1,0.00,0.00,0.00,3,98,98,1,0,5.9,56,52,9.1,16.2,1,3600.00,1020.9,1006.7
2020-05-31T08:00,15.7,0.00,52,5.8,13.7,0.00,0.00,0.00,3,97,97,0,0,6.6,63,61,9.7,19.1,1,3600.00,1020.9,1006.8
2020-05-31T09:00,17.3,0.00,44,5.0,14.8,0.00,0.00,0.00,3,93,92,1,12,8.6,58,57,11.5,23.0,1,3600.00,1020.6,1006.5
2020-05-31T10:00,18.7,0.00,39,4.3,16.3,0.00,0.00,0.00,2,59,18,49,6,11.8,52,52,15.9,30.2,1,3600.00,1020.5,1006.5
2020-05-31T11:00,19.2,0.00,34,3.1,16.4,0.00,0.00,0.00,3,88,24,85,0,11.9,62,61,15.9,30.6,1,3600.00,1020.3,1006.3
2020-05-31T12:00,19.6,0.00,32,2.6,16.4,0.00,0.00,0.00,3,93,70,80,0,11.6,72,74,15.5,30.2,1,3600.00,1019.9,1006.0
2020-05-31T13:00,20.3,0.00,34,3.9,17.7,0.00,0.00,0.00,3,100,82,100,0,11.5,89,90,15.5,30.6,1,3600.00,1020.2,1006.3
2020-05-31T14:00,20.5,0.00,33,3.8,17.4,0.00,0.00,0.00,3,100,14,100,0,12.3,84,83,17.0,30.6,1,3600.00,1019.8,1005.9
2020-05-31T15:00,20.5,0.00,35,4.7,17.3,0.00,0.00,0.00,3,92,11,91,0,14.3,72,72,19.7,34.6,1,3600.00,1019.9,1006.0
2020-05-31T16:00,20.3,0.00,36,4.7,16.9,0.00,0.00,0.00,3,100,54,100,0,14.7,69,68,20.1,35.3,1,3600.00,1019.9,1006.0
2020-05-31T17:00,20.6,0.00,34,4.3,17.2,0.00,0.00,0.00,3,100,1,100,0,13.4,61,59,18.5,34.6,1,3600.00,1019.6,1005.7
2020-05-31T18:00,19.5,0.00,39,5.1,16.0,0.00,0.00,0.00,0,3,3,0,0,16.1,45,42,23.4,34.9,1,3600.00,1019.8,1005.9
2020-05-31T19:00,18.7,0.00,40,4.9,15.8,0.00,0.00,0.00,0,4,0,4,0,11.3,53,53,19.8,36.0,1,3600.00,1020.2,1006.2
2020-05-31T20:00,16.8,0.00,47,5.4,14.4,0.00,0.00,0.00,0,19,16,4,0,8.2,77,75,19.6,24.5,1,2740.38,1020.6,1006.5
2020-05-31T21:00,15.3,0.00,51,5.2,12.9,0.00,0.00,0.00,2,66,65,3,0,8.0,77,63,19.9,18.7,0,0.00,1021.2,1007.0
2020-05-31T22:00,15.0,0.00,49,4.3,12.0,0.00,0.00,0.00,1,44,43,2,0,11.4,72,66,25.7,23.8,0,0.00,1021.3,1007.1
2020-05-31T23:00,15.2,0.00,48,4.4,11.7,0.00,0.00,0.00,0,15,15,1,0,14.8,91,91,29.2,31.7,0,0.00,1021.5,1007.3
2020-06-01T00:00,14.0,0.00,55,5.1,11.0,0.00,0.00,0.00,1,21,16,6,0,12.3,97,95,25.8,31.7,0,0.00,1021.5,1007.3
2020-06-01T01:00,14.3,0.00,58,6.2,11.3,0.00,0.00,0.00,0,5,0,26,0,13.6,101,101,27.2,26.3,0,0.00,1021.4,1007.2
2020-06-01T02:00,13.7,0.00,61,6.4,11.0,0.00,0.00,0.00,0,0,0,0,0,12.0,100,97,25.6,28.4,0,0.00,1021.2,1007.0
2020-06-01T03:00,13.0,0.00,64,6.5,10.6,0.00,0.00,0.00,0,0,0,0,0,10.5,101,94,23.4,25.9,0,0.00,1021.0,1006.7
2020-06-01T04:00,12.4,0.00,68,6.6,10.2,0.00,0.00,0.00,0,0,0,0,0,9.0,99,88,20.8,22.7,0,0.00,1020.9,1006.6
2020-06-01T05:00,12.2,0.00,70,6.8,10.1,0.00,0.00,0.00,0,0,0,0,0,8.8,92,81,20.2,19.1,1,0.00,1021.3,1007.0
2020-06-01T06:00,13.9,0.00,65,7.5,11.6,0.00,0.00,0.00,0,0,0,0,0,10.9,87,81,20.5,22.0,1,3571.61,1021.6,1007.4
2020-06-01T07:00,16.1,0.00,58,7.8,13.8,0.00,0.00,0.00,0,0,0,0,0,11.5,89,88,17.3,26.3,1,3600.00,1021.7,1007.6
2020-06-01T08:00,18.2,0.00,52,8.3,15.9,0.00,0.00,0.00,0,0,0,0,0,12.6,90,90,18.4,30.2,1,3600.00,1021.6,1007.6
2020-06-01T09:00,19.9,0.00,47,8.4,17.7,0.00,0.00,0.00,0,0,0,0,0,12.6,90,92,17.6,32.0,1,3600.00,1021.3,1007.4
2020-06-01T10:00,21.8,0.00,42,8.4,20.4,0.00,0.00,0.00,0,3,0,3,0,11.9,89,88,16.6,31.3,1,3600.00,1020.8,1007.0
2020-06-01T11:00,23.2,0.00,39,8.5,22.4,0.00,0.00,0.00,0,2,0,2,1,11.9,86,87,16.2,31.3,1,3600.00,1020.4,1006.6
2020-06-01T12:00,24.6,0.00,35,8.2,23.9,0.00,0.00,0.00,2,68,0,68,0,13.4,82,84,17.8,33.5,1,3600.00,1019.9,1006.2
2020-06-01T13:00,25.1,0.00,33,7.5,23.8,0.00,0.00,0.00,2,52,0,50,0,12.1,81,80,15.7,33.8,1,3600.00,1019.6,1005.9
2020-06-01T14:00,25.1,0.00,34,7.9,24.0,0.00,0.00,0.00,0,1,0,1,0,12.1,79,80,15.7,30.6,1,3600.00,1019.3,1005.6
2020-06-01T15:00,25.4,0.00,33,8.0,24.6,0.00,0.00,0.00,0,0,0,0,0,10.5,81,82,14.2,30.6,1,3600.00,1018.9,1005.3
2020-06-01T16:00,25.6,0.00,32,7.8,24.2,0.00,0.00,0.00,0,0,0,0,0,9.9,79,80,13.2,27.4,1,3600.00,1018.5,1004.9
2020-06-01T17:00,25.4,0.00,32,7.7,23.3,0.00,0.00,0.00,0,0,0,0,0,10.3,78,78,14.0,25.2,1,3600.00,1018.1,1004.5
2020-06-01T18:00,24.9,0.00,33,7.6,22.8,0.00,0.00,0.00,0,0,0,0,0,10.2,74,72,15.4,24.8,1,3600.00,1018.0,1004.3
2020-06-01T19:00,23.5,0.00,38,8.5,21.9,0.00,0.00,0.00,0,0,0,0,0,7.8,60,56,16.6,23.8,1,3600.00,1018.1,1004.4
2020-06-01T20:00,21.1,0.00,43,7.9,19.1,0.00,0.00,0.00,0,0,0,0,0,9.4,45,40,21.9,19.8,1,2792.48,1018.3,1004.5
2020-06-01T21:00,19.8,0.00,43,7.0,17.3,0.00,0.00,0.00,0,0,0,0,0,12.0,49,46,26.8,24.5,0,0.00,1018.6,1004.7
2020-06-01T22:00,19.7,0.00,43,6.8,16.6,0.00,0.00,0.00,0,0,0,0,0,15.3,66,63,31.6,32.0,0,0.00,1019.0,1005.1
2020-06-01T23:00,18.9,0.00,45,6.6,15.7,0.00,0.00,0.00,0,0,0,0,0,15.8,79,78,31.6,33.8,0,0.00,1019.2,1005.2
2020-06-02T00:00,18.0,0.00,48,6.7,14.8,0.00,0.00,0.00,0,0,0,0,0,16.5,80,80,32.5,34.2,0,0.00,1019.1,1005.1
2020-06-02T01:00,18.0,0.00,51,7.8,15.2,0.00,0.00,0.00,0,0,37,0,0,15.2,84,86,30.8,35.3,0,0.00,1018.4,1004.4
2020-06-02T02:00,17.3,0.00,54,8.0,15.0,0.00,0.00,0.00,0,19,19,0,0,11.8,84,78,26.4,31.3,0,0.00,1018.2,1004.2
2020-06-02T03:00,15.2,0.00,64,8.4,13.9,0.00,0.00,0.00,1,29,29,0,0,6.2,91,83,19.1,24.5,0,0.00,1018.1,1004.0
2020-06-02T04:00,14.0,0.00,70,8.7,12.6,0.00,0.00,0.00,1,22,22,0,0,6.6,85,45,11.6,14.0,0,0.00,1018.2,1004.0
2020-06-02T05:00,13.4,0.00,76,9.3,12.4,0.00,0.00,0.00,0,0,0,0,0,5.9,88,52,11.9,11.9,1,0.00,1018.4,1004.2
2020-06-02T06:00,16.0,0.00,65,9.4,14.9,0.00,0.00,0.00,0,0,0,0,0,6.4,90,74,13.7,12.2,1,3600.00,1018.5,1004.4
2020-06-02T07:00,18.1,0.00,57,9.4,16.9,0.00,0.00,0.00,0,0,0,0,0,7.2,90,87,10.8,17.6,1,3600.00,1018.6,1004.6
2020-06-02T08:00,20.1,0.00,50,9.4,18.9,0.00,0.00,0.00,0,0,0,0,0,7.6,96,95,10.5,20.5,1,3600.00,1018.4,1004.5
2020-06-02T09:00,21.9,0.00,45,9.4,20.9,0.00,0.00,0.00,0,0,0,0,0,5.8,90,90,7.9,20.5,1,3600.00,1018.2,1004.4
2020-06-02T10:00,23.5,0.00,41,9.4,23.6,0.00,0.00,0.00,0,0,0,0,0,4.7,80,81,6.2,18.7,1,3600.00,1017.7,1004.0
2020-06-02T11:00,24.9,0.00,37,9.1,25.4,0.00,0.00,0.00,0,0,0,0,0,5.2,75,74,7.1,19.1,1,3600.00,1017.2,1003.6
2020-06-02T12:00,25.7,0.00,34,8.7,26.5,0.00,0.00,0.00,1,43,43,1,0,5.8,85,86,7.6,20.2,1,3600.00,1016.5,1002.9
2020-06-02T13:00,25.8,0.00,33,8.1,26.8,0.00,0.00,0.00,2,66,91,0,0,4.2,72,70,5.7,20.2,1,3600.00,1016.0,1002.4
2020-06-02T14:00,26.4,0.00,31,8.1,27.3,0.00,0.00,0.00,2,63,63,0,0,3.9,70,68,5.4,18.0,1,3600.00,1015.3,1001.7
2020-06-02T15:00,26.8,0.00,31,8.3,27.3,0.00,0.00,0.00,2,63,63,1,0,3.3,76,77,4.5,16.9,1,3600.00,1014.4,1000.9
2020-06-02T16:00,26.9,0.00,31,8.4,26.9,0.00,0.00,0.00,1,47,46,2,0,1.8,74,79,2.6,15.5,1,3600.00,1013.7,1000.2
2020-06-02T17:00,26.8,0.00,31,8.5,26.2,0.00,0.00,0.00,0,14,13,2,0,1.1,315,288,1.5,11.9,1,3600.00,1012.9,999.4
2020-06-02T18:00,26.4,0.00,33,8.8,25.6,0.00,0.00,0.00,0,14,11,3,0,3.3,315,311,4.1,10.1,1,3600.00,1012.2,998.7
2020-06-02T19:00,25.6,0.00,38,10.1,25.1,0.00,0.00,0.00,2,56,53,8,0,3.3,321,311,5.1,9.7,1,3600.00,1012.0,998.5
2020-06-02T20:00,24.1,0.00,39,9.4,23.6,0.00,0.00,0.00,3,100,100,12,0,2.7,355,23,4.0,5.8,1,2842.66,1011.7,998.1
2020-06-02T21:00,21.0,0.00,48,9.6,19.9,0.00,0.00,0.00,3,100,100,1,0,6.5,107,93,12.4,11.2,0,0.00,1011.8,998.0
2020-06-02T22:00,20.3,0.00,43,7.2,18.2,0.00,0.00,0.00,3,98,98,0,0,9.4,110,94,21.1,19.4,0,0.00,1011.6,997.8
2020-06-02T23:00,19.2,0.00,44,6.8,17.1,0.00,0.00,0.00,3,98,98,0,0,9.0,99,92,19.7,19.1,0,0.00,1011.3,997.5
2020-06-03T00:00,17.6,0.00,50,7.1,15.8,0.00,0.00,0.00,3,96,96,1,0,7.4,112,104,17.1,18.0,0,0.00,1010.8,996.9
2020-06-03T01:00,16.4,0.00,59,8.4,15.1,0.00,0.00,0.00,3,98,99,41,0,5.9,141,137,14.3,16.6,0,0.00,1010.5,996.5
2020-06-03T02:00,17.3,0.00,56,8.5,15.5,0.00,0.00,0.00,3,99,98,26,0,9.5,126,115,20.6,19.4,0,0.00,1009.8,995.9
2020-06-03T03:00,16.7,0.00,58,8.5,14.9,0.00,0.00,0.00,3,99,98,45,0,9.7,134,112,20.1,19.4,0,0.00,1009.1,995.2
2020-06-03T04:00,16.8,0.00,57,8.1,14.8,0.00,0.00,0.00,3,97,95,47,0,10.4,131,110,20.7,21.6,0,0.00,1008.3,994.4
2020-06-03T05:00,16.2,0.00,59,8.3,14.6,0.00,0.00,0.00,3,96,95,27,0,8.2,142,128,18.2,20.9,1,0.00,1008.1,994.2
2020-06-03T06:00,16.9,0.00,59,8.9,15.3,0.00,0.00,0.00,3,98,97,23,0,8.9,160,133,15.7,18.4,1,202.15,1008.0,994.1
2020-06-03T07:00,18.8,0.00,55,9.7,18.0,0.00,0.00,0.00,3,97,96,23,0,4.7,151,122,7.4,16.9,1,2124.60,1007.8,994.0
2020-06-03T08:00,20.5,0.00,52,10.4,19.4,0.00,0.00,0.00,3,96,95,22,0,7.9,151,150,10.3,19.4,1,3600.00,1007.2,993.5
2020-06-03T09:00,22.3,0.00,48,10.9,21.6,0.00,0.00,0.00,3,93,92,16,0,6.9,187,189,9.1,21.2,1,3600.00,1006.8,993.2
2020-06-03T10:00,23.6,0.00,45,11.0,23.1,0.00,0.00,0.00,3,94,94,9,0,5.9,215,218,7.5,20.2,1,3600.00,1006.3,992.7
2020-06-03T11:00,25.3,0.00,39,10.4,25.6,0.00,0.00,0.00,3,89,88,6,0,6.4,246,243,7.9,27.0,1,3600.00,1005.7,992.2
2020-06-03T12:00,26.4,0.10,33,9.1,26.6,0.10,0.00,0.00,51,71,65,28,0,8.0,280,280,10.6,28.1,1,3600.00,1004.7,991.3
2020-06-03T13:00,26.5,0.00,30,7.7,25.1,0.00,0.00,0.00,2,72,84,13,0,14.1,274,276,18.8,25.6,1,3600.00,1003.6,990.2
2020-06-03T14:00,26.9,0.00,28,7.0,25.6,0.00,0.00,0.00,2,52,49,14,0,11.6,285,286,14.9,35.3,1,3600.00,1002.8,989.4
2020-06-03T15:00,26.7,0.00,30,7.6,25.2,0.00,0.00,0.00,3,85,84,25,0,11.1,248,245,14.4,29.9,1,3600.00,1002.6,989.2
2020-06-03T16:00,26.5,0.00,30,7.3,24.9,0.00,0.00,0.00,2,74,70,24,0,6.0,242,245,7.7,28.8,1,3600.00,1001.8,988.4
2020-06-03T17:00,25.9,0.00,32,7.8,24.5,0.00,0.00,0.00,2,63,52,34,0,5.4,311,312,6.6,18.4,1,3600.00,1001.1,987.7
2020-06-03T18:00,25.2,0.00,36,9.2,24.1,0.00,0.00,0.00,2,74,63,39,0,6.0,337,335,8.2,20.2,1,3600.00,1001.0,987.6
2020-06-03T19:00,23.8,0.10,42,9.9,22.3,0.10,0.00,0.00,51,98,95,65,0,9.7,275,274,16.3,19.4,1,3600.00,1001.5,988.0
2020-06-03T20:00,21.5,0.00,50,10.6,20.8,0.00,0.00,0.00,3,96,95,17,0,5.6,301,310,13.9,24.5,1,0.00,1001.5,987.9
2020-06-03T21:00,20.2,0.00,54,10.6,19.9,0.00,0.00,0.00,3,97,96,14,0,3.2,4,63,5.1,11.5,0,0.00,1001.2,987.6
2020-06-03T22:00,18.7,0.00,60,10.7,18.2,0.00,0.00,0.00,3,96,95,9,0,5.0,123,120,7.3,9.4,0,0.00,1000.9,987.2
2020-06-03T23:00,17.9,0.00,63,10.8,17.2,0.00,0.00,0.00,3,96,96,8,0,6.4,186,153,15.9,13.7,0,0.00,1000.6,986.9
2020-06-04T00:00,17.6,0.00,71,12.2,17.2,0.00,0.00,0.00,3,80,78,10,0,7.2,201,174,17.3,14.4,0,0.00,999.9,986.1
2020-06-04T01:00,17.5,0.00,67,11.2,16.9,0.00,0.00,0.00,2,67,100,78,0,6.5,198,177,14.8,19.4,0,0.00,999.5,985.8
2020-06-04T02:00,17.0,0.00,70,11.5,16.4,0.00,0.00,0.00,3,100,99,42,0,6.8,187,155,14.9,15.1,0,0.00,998.8,985.0
2020-06-04T03:00,16.6,0.00,72,11.5,15.9,0.00,0.00,0.00,3,100,100,73,0,7.6,207,183,17.4,16.6,0,0.00,998.3,984.5
2020-06-04T04:00,16.3,0.00,75,12.0,15.5,0.00,0.00,0.00,3,96,95,73,1,9.6,225,214,19.9,20.9,0,0.00,998.0,984.2
2020-06-04T05:00,15.7,0.50,83,12.9,15.5,0.50,0.00,0.00,53,99,83,98,0,7.6,227,211,16.3,20.9,1,0.00,997.7,983.9
2020-06-04T06:00,16.0,0.30,88,13.9,15.9,0.30,0.00,0.00,51,100,56,100,4,8.9,229,223,16.3,19.8,1,0.00,997.6,983.8
2020-06-04T07:00,15.8,0.50,92,14.5,15.9,0.50,0.00,0.00,53,98,92,89,10,9.3,221,216,16.3,20.2,1,0.00,997.3,983.5
2020-06-04T08:00,16.1,0.80,90,14.4,15.9,0.80,0.00,0.00,53,100,89,100,27,11.6,235,234,17.1,29.9,1,0.00,997.1,983.3
2020-06-04T09:00,16.7,0.40,88,14.7,17.2,0.40,0.00,0.00,51,98,95,76,41,7.5,217,215,10.8,31.3,1,0.00,996.7,983.0
2020-06-04T10:00,17.2,0.20,87,15.1,17.8,0.20,0.00,0.00,51,99,97,59,43,7.4,210,209,10.8,27.0,1,0.00,996.4,982.7
2020-06-04T11:00,17.5,1.30,80,14.1,16.3,1.30,0.00,0.00,61,98,96,36,22,17.5,234,233,25.0,42.8,1,914.42,996.2,982.5
2020-06-04T12:00,18.9,0.20,76,14.7,19.1,0.20,0.00,0.00,51,96,95,15,13,9.4,248,252,12.8,43.2,1,3600.00,995.6,982.0
2020-06-04T13:00,18.2,2.00,81,14.8,19.0,2.00,0.00,0.00,61,97,100,49,54,8.2,231,232,11.5,50.0,1,3600.00,996.0,982.3
2020-06-04T14:00,18.4,0.20,77,14.3,17.8,0.20,0.00,0.00,51,100,100,73,100,13.6,232,230,18.2,36.7,1,0.00,995.5,981.8
2020-06-04T15:00,17.8,1.10,78,13.9,17.3,1.10,0.00,0.00,55,100,99,31,75,12.2,271,272,16.9,37.4,1,0.00,995.4,981.7
2020-06-04T16:00,17.3,1.90,80,13.8,17.4,1.90,0.00,0.00,61,99,98,27,54,7.6,270,270,10.8,38.5,1,2466.78,995.5,981.8
2020-06-04T17:00,17.9,0.00,74,13.3,17.8,0.00,0.00,0.00,3,97,96,22,15,7.9,243,240,10.9,31.3,1,698.06,995.1,981.4
2020-06-04T18:00,17.9,0.10,72,12.7,17.1,0.10,0.00,0.00,51,99,97,80,85,11.2,232,230,17.9,30.6,1,221.67,995.0,981.3
2020-06-04T19:00,15.3,4.20,86,12.9,14.5,4.20,0.00,0.00,63,100,100,36,93,11.9,286,284,19.1,33.1,1,0.00,995.9,982.1
2020-06-04T20:00,14.9,0.10,85,12.5,14.5,0.10,0.00,0.00,51,100,100,25,78,8.2,307,299,13.9,24.1,1,0.00,996.4,982.6
2020-06-04T21:00,14.2,0.80,88,12.2,13.1,0.80,0.00,0.00,53,98,97,35,26,11.7,319,313,20.9,22.7,0,0.00,997.2,983.3
2020-06-04T22:00,13.6,0.20,88,11.6,12.4,0.20,0.00,0.00,51,99,98,97,62,11.2,325,320,21.0,27.4,0,0.00,997.9,984.0
2020-06-04T23:00,13.5,0.00,86,11.1,12.1,0.00,0.00,0.00,3,94,90,60,41,12.0,320,314,20.7,25.2,0,0.00,998.2,984.3
2020-06-05T00:00,12.8,0.00,87,10.6,11.3,0.00,0.00,0.00,3,89,52,72,57,11.2,309,303,21.3,25.2,0,0.00,998.5,984.5
2020-06-05T01:00,12.7,0.10,90,11.1,11.5,0.10,0.00,0.00,51,54,4,88,19,10.3,285,282,18.6,27.0,0,0.00,999.2,985.2
2020-06-05T02:00,12.3,0.10,90,10.6,11.2,0.10,0.00,0.00,51,96,0,95,13,8.3,274,268,17.3,27.0,0,0.00,999.2,985.2
2020-06-05T03:00,12.1,0.10,86,9.8,10.2,0.10,0.00,0.00,51,99,0,99,10,12.3,277,273,21.7,26.3,0,0.00,999.1,985.1
2020-06-05T04:00,11.8,0.00,85,9.3,9.7,0.00,0.00,0.00,2,74,0,74,11,12.6,275,273,22.0,27.0,0,0.00,999.3,985.3
2020-06-05T05:00,11.4,0.00,86,9.2,9.6,0.00,0.00,0.00,3,91,0,91,12,10.8,274,274,19.9,26.6,1,0.00,999.9,985.9
2020-06-05T06:00,11.4,0.00,81,8.3,9.2,0.00,0.00,0.00,3,84,0,83,27,11.5,274,272,19.1,27.7,1,0.00,1000.3,986.2
2020-06-05T07:00,11.7,0.10,78,8.0,9.8,0.10,0.00,0.00,51,96,0,96,27,9.8,263,262,14.9,25.6,1,540.86,1000.5,986.5
2020-06-05T08:00,12.2,0.10,74,7.7,10.3,0.10,0.00,0.00,51,91,0,89,29,9.3,254,254,13.5,33.1,1,0.00,1000.4,986.4
2020-06-05T09:00,12.9,0.20,69,7.4,10.5,0.20,0.00,0.00,51,90,0,88,30,12.1,253,253,17.0,34.6,1,827.91,1000.3,986.3
2020-06-05T10:00,14.6,0.20,57,6.1,11.4,0.20,0.00,0.00,51,86,0,83,45,15.2,235,234,20.7,34.2,1,3600.00,999.7,985.8
2020-06-05T11:00,14.8,0.00,57,6.3,11.0,0.00,0.00,0.00,3,100,0,100,98,19.2,219,218,27.2,42.5,1,3600.00,999.4,985.5
2020-06-05T12:00,13.3,0.70,71,8.2,9.7,0.70,0.00,0.00,53,100,0,100,34,21.3,218,219,32.0,45.7,1,0.00,999.5,985.6
2020-06-05T13:00,13.7,0.30,67,7.6,9.9,0.30,0.00,0.00,51,100,0,40,42,21.6,225,224,31.3,46.1,1,0.00,999.4,985.5
2020-06-05T14:00,15.9,0.00,53,6.2,11.4,0.00,0.00,0.00,3,84,0,83,29,24.7,227,226,35.9,55.8,1,3600.00,998.8,985.0
2020-06-05T15:00,15.4,0.20,59,7.4,11.4,0.20,0.00,0.00,51,100,0,100,100,23.1,219,217,34.6,64.8,1,3600.00,998.6,984.8
2020-06-05T16:00,14.0,1.10,74,9.3,10.4,1.10,0.00,0.00,55,100,1,99,100,22.9,225,222,37.4,51.1,1,0.00,998.6,984.7
2020-06-05T17:00,13.0,0.80,84,10.3,9.4,0.80,0.00,0.00,53,91,0,90,11,25.7,230,228,42.4,56.5,1,0.00,999.0,985.0
2020-06-05T18:00,13.6,0.10,82,10.6,10.2,0.10,0.00,0.00,51,88,0,88,10,24.7,229,227,40.8,56.2,1,839.08,999.3,985.4
2020-06-05T19:00,13.3,0.60,85,10.8,10.1,0.60,0.00,0.00,53,95,0,93,37,23.7,229,229,39.6,62.6,1,695.50,999.5,985.6
2020-06-05T20:00,12.6,1.70,91,11.2,10.6,1.70,0.00,0.00,61,100,0,100,100,16.4,254,255,28.5,61.9,1,0.00,1000.5,986.5
2020-06-05T21:00,12.4,0.90,91,10.9,10.5,0.90,0.00,0.00,53,100,0,100,17,14.9,254,250,26.2,46.8,0,0.00,1001.5,987.5
2020-06-05T22:00,12.1,0.70,88,10.1,10.3,0.70,0.00,0.00,53,99,0,99,4,12.6,250,243,23.8,33.1,0,0.00,1002.1,988.1
2020-06-05T23:00,11.7,0.40,89,10.0,10.0,0.40,0.00,0.00,51,100,0,100,83,11.8,240,232,22.4,28.8,0,0.00,1002.7,988.6
2020-06-06T00:00,11.9,0.20,89,10.1,10.5,0.20,0.00,0.00,51,79,0,78,30,9.3,228,216,18.4,26.6,0,0.00,1002.6,988.5
2020-06-06T01:00,11.0,0.10,90,9.5,9.9,0.10,0.00,0.00,51,100,0,100,18,7.1,227,210,16.3,22.3,0,0.00,1002.7,988.6
2020-06-06T02:00,11.2,0.40,94,10.2,10.0,0.40,0.00,0.00,51,99,0,99,14,8.4,206,190,17.6,18.7,0,0.00,1002.5,988.4
2020-06-06T03:00,11.3,1.00,94,10.4,10.2,1.00,0.00,0.00,55,100,0,100,9,8.4,207,190,17.7,18.4,0,0.00,1002.1,988.0
2020-06-06T04:00,11.7,0.60,94,10.8,10.4,0.60,0.00,0.00,53,100,0,100,3,10.4,222,214,20.4,23.0,0,0.00,1002.3,988.2
2020-06-06T05:00,11.9,0.50,93,10.7,10.4,0.50,0.00,0.00,53,100,0,100,8,11.4,242,235,21.6,25.9,1,0.00,1002.7,988.6
2020-06-06T06:00,11.6,0.80,88,9.7,10.0,0.80,0.00,0.00,53,100,0,100,100,10.3,248,241,20.2,25.2,1,0.00,1003.4,989.3
2020-06-06T07:00,11.6,1.00,89,9.8,10.8,1.00,0.00,0.00,55,100,0,100,100,5.3,226,208,12.0,23.4,1,0.00,1003.6,989.5
2020-06-06T08:00,11.9,0.90,91,10.5,10.9,0.90,0.00,0.00,53,100,0,100,100,7.6,201,185,14.2,16.6,1,0.00,1004.1,990.0
2020-06-06T09:00,12.2,0.80,90,10.7,10.9,0.80,0.00,0.00,53,100,0,100,47,10.5,191,186,18.7,22.0,1,0.00,1004.3,990.2
2020-06-06T10:00,12.5,0.30,89,10.7,10.8,0.30,0.00,0.00,51,100,0,100,70,13.0,188,182,21.4,26.6,1,0.00,1004.3,990.2
2020-06-06T11:00,13.0,0.00,83,10.1,11.0,0.00,0.00,0.00,3,100,0,100,95,13.4,190,188,20.5,30.2,1,0.00,1004.7,990.7
2020-06-06T12:00,13.6,0.10,78,9.9,11.3,0.10,0.00,0.00,51,67,0,56,58,15.9,219,219,23.1,34.6,1,0.00,1004.9,990.9
2020-06-06T13:00,13.8,0.20,78,10.1,11.8,0.20,0.00,0.00,51,48,31,45,62,13.4,207,204,19.8,52.2,1,3600.00,1005.0,991.0
2020-06-06T14:00,15.4,0.10,71,10.1,13.0,0.10,0.00,0.00,51,78,9,69,56,16.4,207,206,23.0,52.9,1,3600.00,1005.1,991.2
2020-06-06T15:00,15.4,0.10,78,11.5,13.5,0.10,0.00,0.00,51,97,60,91,71,16.0,205,203,22.6,52.6,1,3600.00,1005.2,991.3
2020-06-06T16:00,15.4,0.00,74,10.8,13.4,0.00,0.00,0.00,3,86,80,26,18,15.8,216,215,23.5,50.4,1,1090.80,1005.0,991.1
2020-06-06T17:00,16.9,0.10,61,9.3,14.4,0.10,0.00,0.00,51,97,96,24,16,15.4,234,233,22.2,38.2,1,3600.00,1004.6,990.8
2020-06-06T18:00,16.8,0.00,59,8.7,14.7,0.00,0.00,0.00,3,100,100,95,10,12.2,217,214,19.0,34.2,1,3600.00,1004.5,990.6
2020-06-06T19:00,16.0,0.00,63,8.8,14.0,0.00,0.00,0.00,3,100,100,100,2,11.5,209,200,20.9,27.4,1,0.00,1004.7,990.8
2020-06-06T20:00,14.8,0.10,72,9.7,12.9,0.10,0.00,0.00,51,100,77,100,13,12.9,198,193,23.5,27.7,1,0.00,1005.4,991.4
2020-06-06T21:00,13.8,0.30,83,11.0,12.3,0.30,0.00,0.00,51,100,85,100,72,11.8,205,200,21.9,28.4,0,0.00,1006.3,992.3
2020-06-06T22:00,13.3,0.30,89,11.4,12.2,0.30,0.00,0.00,51,99,54,98,39,10.0,204,193,19.7,25.9,0,0.00,1006.5,992.5
2020-06-06T23:00,12.9,0.00,92,11.6,11.9,0.00,0.00,0.00,3,98,68,97,4,10.1,207,197,19.3,21.6,0,0.00,1006.5,992.4
2020-06-07T00:00,12.8,0.00,91,11.4,11.6,0.00,0.00,0.00,3,98,0,98,48,10.7,203,192,20.7,23.0,0,0.00,1006.6,992.5
2020-06-07T01:00,12.8,0.20,89,11.0,11.7,0.20,0.00,0.00,51,99,96,94,12,9.7,214,207,20.8,24.8,0,0.00,1006.3,992.2
2020-06-07T02:00,12.6,0.20,90,11.1,11.5,0.20,0.00,0.00,51,100,99,100,7,9.7,209,195,20.6,21.2,0,0.00,1006.4,992.3
2020-06-07T03:00,12.6,0.30,90,11.0,11.1,0.30,0.00,0.00,51,99,45,99,0,12.2,205,194,23.8,25.9,0,0.00,1006.6,992.5
2020-06-07T04:00,12.4,0.10,89,10.7,11.1,0.10,0.00,0.00,51,91,18,89,4,10.7,204,194,21.3,25.9,0,0.00,1006.5,992.4
2020-06-07T05:00,11.8,0.00,85,9.4,10.2,0.00,0.00,0.00,3,99,97,61,1,9.9,202,190,21.0,23.0,1,0.00,1006.7,992.6
2020-06-07T06:00,12.2,0.00,84,9.6,10.7,0.00,0.00,0.00,3,100,100,26,3,9.5,216,205,18.6,21.2,1,0.00,1007.2,993.1
2020-06-07T07:00,12.9,0.00,85,10.5,11.7,0.00,0.00,0.00,3,100,100,3,3,9.4,227,220,17.3,21.2,1,627.21,1007.7,993.6
2020-06-07T08:00,13.8,0.00,82,10.9,12.5,0.00,0.00,0.00,3,100,100,1,1,10.9,239,236,16.0,25.6,1,207.12,1008.0,994.0
2020-06-07T09:00,14.5,0.00,76,10.4,13.3,0.00,0.00,0.00,3,100,100,10,14,9.1,238,236,12.8,25.6,1,0.00,1008.2,994.2
2020-06-07T10:00,15.3,0.00,69,9.7,13.9,0.00,0.00,0.00,3,100,100,22,6,8.5,247,242,11.8,23.0,1,0.00,1008.6,994.6
2020-06-07T11:00,16.5,0.00,55,7.3,14.4,0.00,0.00,0.00,3,100,100,16,8,9.7,246,243,13.4,24.5,1,1750.06,1008.6,994.7
2020-06-07T12:00,17.5,0.00,47,6.2,14.9,0.00,0.00,0.00,3,100,100,5,14,11.6,250,248,15.7,28.1,1,3440.34,1008.6,994.7
2020-06-07T13:00,17.6,0.00,50,7.1,15.2,0.00,0.00,0.00,3,100,87,44,25,12.7,256,255,17.5,29.2,1,3600.00,1009.5,995.6
2020-06-07T14:00,17.9,0.00,45,5.8,14.8,0.00,0.00,0.00,3,91,81,58,31,13.6,254,253,18.3,32.0,1,3600.00,1009.7,995.8
2020-06-07T15:00,17.7,0.00,48,6.5,14.9,0.00,0.00,0.00,3,81,8,78,57,13.4,281,284,18.4,32.0,1,3600.00,1009.7,995.8
2020-06-07T16:00,17.6,0.00,53,7.8,15.2,0.00,0.00,0.00,1,40,12,32,0,12.2,312,313,16.8,32.4,1,3600.00,1009.9,996.0
2020-06-07T17:00,17.9,0.00,50,7.4,15.5,0.00,0.00,0.00,1,49,0,49,1,11.6,299,300,16.1,29.2,1,3600.00,1010.0,996.1
2020-06-07T18:00,17.4,0.00,52,7.5,15.3,0.00,0.00,0.00,2,54,0,54,0,10.2,314,315,15.5,27.4,1,3600.00,1010.1,996.2
2020-06-07T19:00,16.6,0.00,58,8.3,15.1,0.00,0.00,0.00,1,27,0,27,1,7.5,340,343,13.8,23.8,1,3600.00,1010.5,996.6
2020-06-07T20:00,14.2,0.00,73,9.5,13.4,0.00,0.00,0.00,1,33,0,32,2,4.8,29,63,8.2,16.2,1,2965.40,1010.8,996.7
2020-06-07T21:00,13.4,0.00,73,8.6,12.4,0.00,0.00,0.00,1,27,0,26,9,4.4,80,99,6.2,9.7,0,0.00,1011.4,997.3
2020-06-07T22:00,12.0,0.00,80,8.7,11.0,0.00,0.00,0.00,1,33,0,32,21,4.2,129,110,6.9,9.4,0,0.00,1011.8,997.6
2020-06-07T23:00,11.6,0.00,81,8.5,10.4,0.00,0.00,0.00,1,49,0,48,13,5.0,165,120,8.6,8.6,0,0.00,1012.1,997.9
2020-06-08T00:00,10.9,0.00,83,8.2,9.7,0.00,0.00,0.00,2,70,0,69,14,4.9,180,107,5.4,8.6,0,0.00,1012.1,997.9
2020-06-08T01:00,12.1,0.00,82,9.1,11.6,0.00,0.00,0.00,2,58,0,63,15,1.9,225,112,4.6,7.2,0,0.00,1012.8,998.6
2020-06-08T02:00,11.0,0.30,88,9.1,10.1,0.30,0.00,0.00,51,59,0,59,6,4.9,158,107,5.8,10.1,0,0.00,1012.8,998.6
2020-06-08T03:00,10.5,0.10,90,9.0,9.5,0.10,0.00,0.00,51,61,0,61,32,4.8,141,103,7.4,11.9,0,0.00,1012.7,998.4
2020-06-08T04:00,10.0,0.10,93,8.9,9.3,0.10,0.00,0.00,51,100,4,100,23,2.9,162,83,3.4,9.7,0,0.00,1012.7,998.4
2020-06-08T05:00,11.2,0.00,89,9.4,10.3,0.00,0.00,0.00,3,100,0,100,13,5.4,137,110,6.9,10.4,1,0.00,1012.6,998.4
2020-06-08T06:00,12.0,0.00,87,9.9,11.1,0.00,0.00,0.00,3,95,1,94,3,6.4,156,164,12.6,13.0,1,0.00,1013.4,999.2
2020-06-08T07:00,12.2,0.00,87,10.1,12.0,0.00,0.00,0.00,3,90,82,73,5,2.0,143,135,3.6,13.0,1,138.22,1014.0,999.8
2020-06-08T08:00,13.6,0.00,81,10.4,13.4,0.00,0.00,0.00,3,95,93,37,0,2.2,76,81,3.0,10.8,1,2145.40,1013.8,999.7
2020-06-08T09:00,15.7,0.00,72,10.8,15.8,0.00,0.00,0.00,3,97,97,4,0,1.0,53,45,1.8,12.2,1,3600.00,1013.6,999.6
2020-06-08T10:00,17.3,0.00,63,10.1,17.4,0.00,0.00,0.00,3,100,100,4,4,2.4,32,27,3.4,16.6,1,3600.00,1013.3,999.4
2020-06-08T11:00,18.4,0.00,59,10.3,19.0,0.00,0.00,0.00,3,100,100,52,1,1.9,97,112,2.9,18.7,1,3600.00,1013.2,999.3
2020-06-08T12:00,19.0,0.00,59,10.9,19.9,0.00,0.00,0.00,3,83,61,75,29,1.8,202,217,1.9,20.9,1,3600.00,1013.2,999.3
2020-06-08T13:00,16.2,0.10,74,11.6,16.2,0.10,0.00,0.00,51,79,5,91,44,11.9,69,65,16.2,22.0,1,3600.00,1013.8,999.8
2020-06-08T14:00,18.3,0.00,56,9.4,17.7,0.00,0.00,0.00,2,79,4,79,0,3.1,55,45,4.4,27.7,1,3600.00,1013.1,999.2
2020-06-08T15:00,19.3,0.00,50,8.7,19.5,0.00,0.00,0.00,1,23,0,21,4,2.6,79,74,3.7,15.5,1,3600.00,1013.0,999.1
2020-06-08T16:00,19.4,0.10,49,8.5,18.3,0.10,0.00,0.00,51,49,0,48,21,5.2,81,78,6.9,18.7,1,3600.00,1012.6,998.8
2020-06-08T17:00,18.3,0.20,54,8.8,16.6,0.20,0.00,0.00,51,59,16,51,10,9.4,71,67,13.0,21.2,1,3600.00,1012.6,998.7
2020-06-08T18:00,18.0,0.20,58,9.5,16.8,0.20,0.00,0.00,51,97,95,40,0,7.1,56,49,10.4,22.3,1,3600.00,1012.8,998.9
2020-06-08T19:00,17.3,0.00,63,10.2,16.6,0.00,0.00,0.00,3,97,96,33,9,5.0,81,69,11.7,15.8,1,2677.13,1013.2,999.3
2020-06-08T20:00,15.7,0.00,73,10.9,15.2,0.00,0.00,0.00,3,98,97,28,1,5.1,94,86,10.5,11.5,1,0.00,1013.1,999.1
2020-06-08T21:00,14.6,0.00,73,9.9,13.9,0.00,0.00,0.00,3,99,99,30,0,4.2,51,31,7.4,10.1,0,0.00,1013.6,999.5
2020-06-08T22:00,14.4,0.00,73,9.6,13.3,0.00,0.00,0.00,3,97,96,29,0,6.8,29,32,13.2,13.3,0,0.00,1013.6,999.5
2020-06-08T23:00,13.3,0.00,74,8.8,11.9,0.00,0.00,0.00,3,94,92,32,2,6.9,47,51,16.3,14.4,0,0.00,1013.8,999.6
2020-06-09T00:00,13.1,0.00,71,7.9,11.5,0.00,0.00,0.00,3,97,94,68,5,7.5,54,55,18.3,15.5,0,0.00,1013.9,999.7
2020-06-09T01:00,12.6,0.00,71,7.5,11.0,0.00,0.00,0.00,3,100,44,48,0,6.4,46,47,16.5,16.6,0,0.00,1014.3,1000.1
2020-06-09T02:00,12.5,0.00,72,7.5,10.9,0.00,0.00,0.00,3,95,95,8,0,6.2,58,54,16.5,13.3,0,0.00,1014.1,999.9
2020-06-09T03:00,11.2,0.00,78,7.4,9.7,0.00,0.00,0.00,3,94,90,65,0,5.5,67,58,16.0,13.3,0,0.00,1014.1,999.8
2020-06-09T04:00,10.8,0.00,80,7.6,9.3,0.00,0.00,0.00,3,97,97,63,0,6.0,72,65,14.0,11.5,0,0.00,1013.9,999.6
2020-06-09T05:00,11.1,0.00,84,8.6,9.9,0.00,0.00,0.00,3,99,98,74,0,5.9,73,47,10.9,11.9,1,0.00,1014.2,999.9
2020-06-09T06:00,13.1,0.00,72,8.3,12.4,0.00,0.00,0.00,3,100,98,97,3,1.5,74,315,6.4,10.8,1,0.00,1014.6,1000.4
2020-06-09T07:00,14.1,0.00,70,8.7,13.5,0.00,0.00,0.00,3,100,98,97,3,1.3,45,304,2.0,5.8,1,0.00,1015.0,1000.9
2020-06-09T08:00,15.3,0.00,66,9.0,14.8,0.00,0.00,0.00,3,100,95,100,0,1.8,14,349,3.0,9.0,1,1043.45,1015.2,1001.1
2020-06-09T09:00,15.7,0.20,67,9.5,15.2,0.20,0.00,0.00,51,100,97,100,5,2.2,6,351,3.3,9.4,1,0.00,1015.5,1001.4
2020-06-09T10:00,15.9,0.30,68,10.0,15.0,0.30,0.00,0.00,51,100,95,100,0,5.8,8,4,8.0,13.7,1,0.00,1015.6,1001.6
2020-06-09T11:00,16.2,0.20,68,10.2,15.0,0.20,0.00,0.00,51,100,72,100,37,8.6,17,15,12.1,20.2,1,0.00,1015.5,1001.5
2020-06-09T12:00,16.8,0.10,69,11.0,15.8,0.10,0.00,0.00,51,100,9,100,0,8.6,27,22,11.8,22.0,1,0.00,1015.4,1001.4
2020-06-09T13:00,16.0,0.00,75,11.5,15.2,0.00,0.00,0.00,3,100,98,100,1,9.1,12,7,12.5,29.5,1,213.87,1015.6,1001.6
2020-06-09T14:00,17.3,0.00,63,10.1,15.9,0.00,0.00,0.00,3,100,95,100,19,9.4,36,32,13.4,28.4,1,0.00,1015.1,1001.1
2020-06-09T15:00,17.4,0.00,61,9.9,16.0,0.00,0.00,0.00,3,100,98,99,22,8.9,45,43,12.7,22.7,1,0.00,1014.9,1000.9
2020-06-09T16:00,16.8,0.00,68,10.9,16.3,0.00,0.00,0.00,3,100,97,99,17,5.2,40,34,8.9,19.8,1,0.00,1014.9,1000.9
2020-06-09T17:00,16.3,0.40,75,11.8,16.3,0.40,0.00,0.00,51,100,99,100,3,4.0,29,360,7.4,12.6,1,0.00,1014.8,1000.8
2020-06-09T18:00,16.1,0.00,77,12.1,15.9,0.00,0.00,0.00,3,100,100,100,9,5.6,6,345,10.9,13.0,1,0.00,1014.8,1000.8
2020-06-09T19:00,15.9,0.00,79,12.2,15.8,0.00,0.00,0.00,3,100,95,100,8,5.4,14,352,12.2,12.6,1,0.00,1014.8,1000.8
2020-06-09T20:00,15.5,0.00,80,12.0,15.3,0.00,0.00,0.00,3,100,80,100,3,5.2,28,12,13.8,12.2,1,0.00,1014.8,1000.7
2020-06-09T21:00,15.3,0.00,79,11.7,14.9,0.00,0.00,0.00,3,100,86,100,4,6.5,36,19,15.5,14.0,0,0.00,1015.2,1001.1
2020-06-09T22:00,15.0,0.00,80,11.6,14.5,0.00,0.00,0.00,3,100,67,100,4,6.3,28,13,15.1,14.8,0,0.00,1015.4,1001.3
2020-06-09T23:00,14.6,0.00,84,11.9,14.4,0.00,0.00,0.00,3,100,38,100,10,5.4,21,4,13.9,14.0,0,0.00,1015.3,1001.2
2020-06-10T00:00,14.2,0.00,87,12.2,14.1,0.00,0.00,0.00,3,100,30,100,13,5.4,18,356,13.7,12.2,0,0.00,1015.0,1000.9
2020-06-10T01:00,14.2,0.00,81,11.0,13.6,0.00,0.00,0.00,3,100,1,100,100,6.3,33,13,15.1,12.6,0,0.00,1015.1,1001.0
2020-06-10T02:00,14.1,0.10,83,11.2,13.5,0.10,0.00,0.00,51,100,25,100,100,6.6,12,351,13.6,14.4,0,0.00,1014.9,1000.8
2020-06-10T03:00,13.8,0.10,87,11.7,13.2,0.10,0.00,0.00,51,100,4,100,100,7.6,359,341,15.1,15.5,0,0.00,1014.6,1000.5
2020-06-10T04:00,13.7,0.40,91,12.2,13.2,0.40,0.00,0.00,51,100,88,93,100,7.9,357,344,15.9,16.9,0,0.00,1014.3,1000.2
2020-06-10T05:00,13.6,0.50,93,12.5,13.3,0.50,0.00,0.00,53,100,45,100,100,7.3,4,349,15.5,16.6,1,0.00,1014.4,1000.3
2020-06-10T06:00,13.5,0.40,92,12.3,13.2,0.40,0.00,0.00,51,100,59,100,10,7.2,9,354,15.7,16.2,1,0.00,1014.3,1000.2
2020-06-10T07:00,13.7,0.20,92,12.4,13.3,0.20,0.00,0.00,51,100,89,100,14,7.9,13,360,15.5,16.9,1,0.00,1014.5,1000.4
2020-06-10T08:00,14.5,0.10,89,12.7,14.2,0.10,0.00,0.00,51,98,64,96,13,8.0,14,355,15.2,18.0,1,0.00,1014.3,1000.2
2020-06-10T09:00,15.9,0.10,79,12.3,14.9,0.10,0.00,0.00,51,100,43,100,51,11.4,27,24,16.6,26.3,1,1114.81,1014.1,1000.1
2020-06-10T10:00,16.3,0.10,75,11.8,15.4,0.10,0.00,0.00,51,100,87,98,100,9.7,34,31,14.3,25.9,1,0.00,1013.8,999.8
2020-06-10T11:00,16.2,0.40,75,11.8,15.1,0.40,0.00,0.00,51,100,96,99,100,10.9,35,34,15.8,24.8,1,0.00,1013.4,999.4
2020-06-10T12:00,15.9,0.20,78,12.1,15.0,0.20,0.00,0.00,51,100,87,100,100,10.2,22,18,14.7,24.8,1,0.00,1013.2,999.2
2020-06-10T13:00,15.6,0.00,79,12.1,14.9,0.00,0.00,0.00,3,100,93,100,100,9.0,30,29,12.9,27.0,1,0.00,1013.6,999.6
2020-06-10T14:00,15.8,0.10,78,11.9,15.2,0.10,0.00,0.00,51,100,94,100,77,8.2,23,15,12.1,19.4,1,0.00,1013.3,999.3
2020-06-10T15:00,16.0,0.00,78,12.1,15.3,0.00,0.00,0.00,3,100,93,100,93,9.0,8,5,12.7,19.8,1,0.00,1013.1,999.1
2020-06-10T16:00,16.1,0.00,77,12.0,15.5,0.00,0.00,0.00,3,100,98,100,75,8.6,5,2,12.6,19.8,1,0.00,1013.1,999.1
2020-06-10T17:00,16.5,0.00,73,11.6,15.9,0.00,0.00,0.00,3,100,99,100,1,7.2,8,360,10.9,19.4,1,0.00,1012.6,998.6
2020-06-10T18:00,16.5,0.00,75,12.0,16.3,0.00,0.00,0.00,3,100,98,100,0,5.3,346,332,8.9,15.8,1,0.00,1012.2,998.2
2020-06-10T19:00,16.2,0.00,80,12.7,16.4,0.00,0.00,0.00,3,100,100,100,1,4.6,347,321,9.3,12.6,1,0.00,1012.1,998.1
2020-06-10T20:00,15.3,0.00,86,12.9,15.7,0.00,0.00,0.00,3,100,100,100,9,3.2,28,360,9.3,10.1,1,0.00,1012.2,998.2
2020-06-10T21:00,14.6,0.00,89,12.8,14.8,0.00,0.00,0.00,3,100,100,100,1,4.6,60,39,7.1,8.6,0,0.00,1012.4,998.3
2020-06-10T22:00,14.2,0.00,88,12.2,14.4,0.00,0.00,0.00,3,100,100,100,0,3.3,63,41,5.6,8.3,0,0.00,1012.3,998.2
2020-06-10T23:00,13.9,0.00,87,11.8,14.0,0.00,0.00,0.00,3,100,100,100,0,2.8,58,40,5.5,6.5,0,0.00,1012.2,998.1
2020-06-11T00:00,13.6,0.00,87,11.5,13.6,0.00,0.00,0.00,3,100,100,100,4,3.1,56,45,6.5,6.8,0,0.00,1011.9,997.8
2020-06-11T01:00,13.5,0.00,87,11.4,13.3,0.00,0.00,0.00,3,99,100,99,5,4.0,47,27,8.4,7.9,0,0.00,1012.0,997.9
2020-06-11T02:00,13.1,0.00,87,11.0,12.9,0.00,0.00,0.00,3,97,96,89,8,3.6,25,6,9.5,9.4,0,0.00,1011.5,997.4
2020-06-11T03:00,12.3,0.20,91,10.8,11.8,0.20,0.00,0.00,51,97,91,81,26,4.7,13,4,11.4,10.1,0,0.00,1011.3,997.1
2020-06-11T04:00,12.2,0.00,92,10.9,11.9,0.00,0.00,0.00,3,100,93,100,81,4.0,358,350,11.5,10.8,0,0.00,1011.1,996.9
2020-06-11T05:00,12.5,0.00,92,11.3,12.3,0.00,0.00,0.00,3,100,90,100,97,4.5,356,346,10.8,9.4,1,0.00,1011.0,996.9
2020-06-11T06:00,13.2,0.10,91,11.7,12.6,0.10,0.00,0.00,51,100,85,100,26,7.2,357,342,12.6,14.0,1,0.00,1011.0,996.9
2020-06-11T07:00,13.6,0.10,90,12.0,13.4,0.10,0.00,0.00,51,100,78,100,100,5.8,6,353,10.9,14.4,1,0.00,1011.1,997.0
2020-06-11T08:00,14.0,0.10,89,12.3,13.9,0.10,0.00,0.00,51,100,91,100,100,5.9,2,349,9.4,13.7,1,0.00,1010.9,996.8
2020-06-11T09:00,14.4,0.10,88,12.5,14.3,0.10,0.00,0.00,51,100,87,100,100,5.9,355,349,8.3,14.4,1,0.00,1010.9,996.8
2020-06-11T10:00,14.8,0.10,85,12.4,14.7,0.10,0.00,0.00,51,100,95,99,85,5.8,10,4,8.0,14.8,1,0.00,1010.6,996.6
2020-06-11T11:00,15.8,0.00,77,11.8,15.4,0.00,0.00,0.00,3,100,87,99,15,6.8,29,25,9.0,17.6,1,0.00,1010.2,996.2
2020-06-11T12:00,17.3,0.00,68,11.4,16.4,0.00,0.00,0.00,3,96,92,63,43,8.7,44,42,11.5,22.7,1,1685.75,1009.7,995.8
2020-06-11T13:00,15.7,0.00,83,12.9,16.1,0.00,0.00,0.00,3,100,13,100,99,6.4,40,38,9.4,25.9,1,3600.00,1010.2,996.2
2020-06-11T14:00,16.6,0.20,76,12.4,16.1,0.20,0.00,0.00,51,100,17,100,79,8.7,45,42,11.7,20.5,1,0.00,1010.1,996.2
2020-06-11T15:00,17.5,0.20,71,12.2,17.0,0.20,0.00,0.00,51,74,39,63,11,8.4,46,43,11.5,22.7,1,1278.95,1009.8,995.9
2020-06-11T16:00,18.3,0.10,66,12.0,18.0,0.10,0.00,0.00,51,70,35,52,36,6.4,50,47,8.4,22.0,1,3600.00,1009.2,995.4
2020-06-11T17:00,18.8,0.10,65,12.2,18.8,0.10,0.00,0.00,51,73,38,59,15,4.1,23,15,5.5,17.6,1,3600.00,1008.6,994.8
2020-06-11T18:00,19.1,0.00,64,12.1,19.5,0.00,0.00,0.00,3,100,36,10,100,1.5,18,346,2.3,13.0,1,3600.00,1008.6,994.8
2020-06-11T19:00,19.1,0.00,64,12.0,19.6,0.00,0.00,0.00,3,97,23,1,96,0.5,63,45,1.6,6.5,1,3600.00,1008.5,994.7
2020-06-11T20:00,18.4,0.00,67,12.1,18.8,0.00,0.00,0.00,1,47,13,3,44,1.5,140,166,2.8,3.6,1,892.81,1008.4,994.6
2020-06-11T21:00,17.4,0.00,71,12.1,17.8,0.00,0.00,0.00,0,11,0,3,10,1.6,156,63,3.5,5.4,0,0.00,1009.3,995.4
2020-06-11T22:00,14.2,0.00,88,12.2,14.2,0.00,0.00,0.00,0,17,0,10,15,4.1,86,52,5.8,8.3,0,0.00,1009.5,995.5
2020-06-11T23:00,13.9,0.00,90,12.3,13.4,0.00,0.00,0.00,0,11,0,8,10,8.4,79,65,15.4,16.6,0,0.00,1009.6,995.5
2020-06-12T00:00,14.0,0.00,89,12.3,13.4,0.00,0.00,0.00,0,3,0,2,2,9.3,82,74,21.4,19.1,0,0.00,1009.2,995.2
2020-06-12T01:00,14.0,0.00,89,12.2,13.5,0.00,0.00,0.00,0,0,0,1,0,8.4,90,83,21.2,19.1,0,0.00,1009.0,995.0
2020-06-12T02:00,13.3,0.00,90,11.7,12.8,0.00,0.00,0.00,2,64,64,0,0,6.5,94,93,19.5,17.3,0,0.00,1008.8,994.7
2020-06-12T03:00,12.8,0.00,91,11.4,12.3,0.00,0.00,0.00,3,92,92,0,0,6.5,92,90,19.1,14.4,0,0.00,1008.6,994.5
2020-06-12T04:00,13.0,0.00,91,11.5,12.4,0.00,0.00,0.00,0,1,1,0,0,7.3,99,101,20.1,15.5,0,0.00,1008.4,994.3
2020-06-12T05:00,13.3,0.00,91,11.9,12.5,0.00,0.00,0.00,0,1,1,0,0,9.3,103,103,22.2,19.1,1,0.00,1008.2,994.1
2020-06-12T06:00,14.9,0.00,88,12.8,14.3,0.00,0.00,0.00,0,1,0,0,1,9.8,100,98,19.8,20.5,1,3600.00,1008.1,994.1
2020-06-12T07:00,17.0,0.00,81,13.8,16.8,0.00,0.00,0.00,0,0,0,0,0,10.1,90,88,15.8,23.0,1,3600.00,1008.1,994.2
2020-06-12T08:00,19.4,0.00,74,14.6,19.3,0.00,0.00,0.00,0,0,0,0,0,10.9,82,82,16.0,26.3,1,3600.00,1007.7,993.9
2020-06-12T09:00,21.4,0.00,67,15.0,21.2,0.00,0.00,0.00,0,0,0,0,0,12.6,87,87,18.0,29.9,1,3600.00,1007.4,993.7
2020-06-12T10:00,22.7,0.00,61,14.9,23.0,0.00,0.00,0.00,0,0,0,0,0,14.1,96,96,19.6,33.5,1,3600.00,1006.9,993.3
2020-06-12T11:00,24.1,0.00,56,14.8,24.9,0.00,0.00,0.00,0,1,0,0,1,14.6,105,106,20.5,34.9,1,3600.00,1006.4,992.9
2020-06-12T12:00,25.4,0.00,48,13.7,25.9,0.00,0.00,0.00,1,20,0,18,4,15.7,111,110,22.0,42.8,1,3600.00,1005.7,992.2
2020-06-12T13:00,26.6,0.00,43,12.9,26.8,0.00,0.00,0.00,0,19,39,13,0,14.2,111,111,19.3,36.7,1,3600.00,1005.4,992.0
2020-06-12T14:00,26.8,0.00,41,12.4,27.1,0.00,0.00,0.00,3,86,84,15,0,13.5,107,106,18.8,34.6,1,3600.00,1005.1,991.7
2020-06-12T15:00,26.6,0.00,42,12.6,25.7,0.00,0.00,0.00,2,73,68,15,0,15.1,95,91,22.0,34.2,1,3600.00,1004.5,991.1
2020-06-12T16:00,27.0,0.00,40,12.3,25.6,0.00,0.00,0.00,2,79,79,5,0,16.6,95,94,24.9,37.4,1,3600.00,1004.2,990.8
2020-06-12T17:00,26.8,0.00,42,12.7,25.4,0.00,0.00,0.00,2,54,53,1,0,15.0,102,101,24.3,37.4,1,3600.00,1004.1,990.7
2020-06-12T18:00,26.2,0.00,46,13.8,26.0,0.00,0.00,0.00,2,68,66,13,0,10.1,91,88,19.8,34.2,1,3600.00,1004.3,990.9
2020-06-12T19:00,24.8,0.00,51,14.1,24.7,0.00,0.00,0.00,2,66,63,9,0,9.9,88,80,22.0,23.8,1,3600.00,1004.5,991.0
2020-06-12T20:00,23.0,0.00,56,13.7,22.6,0.00,0.00,0.00,1,28,25,6,0,11.0,81,67,24.4,22.3,1,3217.50,1004.5,990.9
2020-06-12T21:00,22.0,0.00,57,13.1,21.4,0.00,0.00,0.00,0,13,10,3,0,11.1,83,77,25.8,25.9,0,0.00,1005.0,991.4
2020-06-12T22:00,21.2,0.00,59,12.8,20.0,0.00,0.00,0.00,0,3,1,2,0,14.0,84,78,29.3,27.7,0,0.00,1005.5,991.8
2020-06-12T23:00,20.6,0.00,60,12.5,19.3,0.00,0.00,0.00,0,3,2,1,0,14.2,86,83,30.0,30.2,0,0.00,1005.8,992.1
2020-06-13T00:00,19.0,0.00,66,12.5,18.6,0.00,0.00,0.00,0,9,0,9,0,8.0,140,162,19.4,30.2,0,0.00,1007.0,993.2
2020-06-13T01:00,18.0,0.00,71,12.7,17.0,0.00,0.00,0.00,0,2,10,8,0,12.4,290,296,29.2,17.6,0,0.00,1008.6,994.7
2020-06-13T02:00,17.7,0.00,72,12.5,17.0,0.00,0.00,0.00,1,37,6,33,0,10.0,307,308,22.1,30.6,0,0.00,1009.3,995.4
2020-06-13T03:00,17.3,0.00,71,11.9,16.5,0.00,0.00,0.00,1,49,0,49,1,9.2,328,334,19.9,22.3,0,0.00,1009.8,995.9
2020-06-13T04:00,16.9,0.00,74,12.2,16.4,0.00,0.00,0.00,1,40,0,40,0,7.9,338,321,19.9,22.7,0,0.00,1009.7,995.8
2020-06-13T05:00,16.4,0.00,79,12.7,16.3,0.00,0.00,0.00,2,50,0,50,0,6.2,327,306,15.4,18.0,1,0.00,1010.2,996.2
2020-06-13T06:00,17.3,0.00,78,13.5,17.8,0.00,0.00,0.00,2,76,0,76,0,4.3,325,270,8.8,14.4,1,3383.72,1010.5,996.6
2020-06-13T07:00,17.6,0.00,78,13.7,17.8,0.00,0.00,0.00,3,96,0,96,0,6.6,245,229,9.5,14.0,1,418.51,1011.1,997.2
2020-06-13T08:00,17.7,0.00,76,13.5,17.8,0.00,0.00,0.00,3,100,0,100,0,6.9,243,242,10.5,15.8,1,0.00,1011.7,997.8
2020-06-13T09:00,17.9,0.10,77,13.8,18.1,0.10,0.00,0.00,51,99,0,99,0,6.6,264,261,9.8,18.0,1,0.00,1012.1,998.2
2020-06-13T10:00,18.7,0.00,75,14.3,19.2,0.00,0.00,0.00,3,100,0,100,0,6.0,292,287,8.6,17.3,1,0.00,1011.9,998.0
2020-06-13T11:00,20.0,0.00,71,14.6,20.6,0.00,0.00,0.00,3,100,0,100,0,6.3,288,283,8.3,18.0,1,0.00,1011.9,998.1
2020-06-13T12:00,21.5,0.00,61,13.8,21.6,0.00,0.00,0.00,1,41,0,41,0,7.4,316,313,9.9,19.1,1,1375.83,1011.5,997.8
2020-06-13T13:00,22.2,0.00,54,12.6,22.0,0.00,0.00,0.00,2,55,0,73,0,10.0,296,291,14.0,26.3,1,3600.00,1011.0,997.3
2020-06-13T14:00,23.2,0.00,49,12.0,22.1,0.00,0.00,0.00,2,52,0,52,0,11.4,305,305,15.8,26.3,1,3600.00,1010.3,996.7
2020-06-13T15:00,24.0,0.00,46,11.8,23.0,0.00,0.00,0.00,1,38,0,38,0,12.2,313,313,17.3,29.2,1,3600.00,1009.8,996.2
2020-06-13T16:00,24.3,0.00,47,12.3,23.3,0.00,0.00,0.00,1,27,0,27,0,11.8,311,308,16.6,29.9,1,3600.00,1009.5,995.9
2020-06-13T17:00,23.8,0.10,50,12.8,22.9,0.10,0.00,0.00,51,49,0,49,2,12.5,305,303,18.1,28.4,1,3600.00,1009.2,995.6
2020-06-13T18:00,22.9,0.20,55,13.5,22.4,0.20,0.00,0.00,51,63,20,58,3,11.2,272,264,19.8,28.8,1,3600.00,1009.7,996.1
2020-06-13T19:00,21.0,0.30,64,14.0,20.5,0.30,0.00,0.00,51,92,43,90,0,12.7,273,263,23.1,28.4,1,3402.69,1010.2,996.5
2020-06-13T20:00,19.6,0.60,74,14.9,19.3,0.60,0.00,0.00,53,96,53,93,1,13.2,286,281,24.4,28.1,1,692.99,1011.0,997.2
2020-06-13T21:00,18.6,0.40,79,14.9,18.3,0.40,0.00,0.00,51,81,70,39,9,13.4,305,301,25.6,28.1,0,0.00,1011.7,997.8
2020-06-13T22:00,18.2,0.10,78,14.4,17.7,0.10,0.00,0.00,51,76,58,46,10,13.5,303,299,26.1,28.4,0,0.00,1011.8,997.9
2020-06-13T23:00,17.5,0.90,80,14.1,16.8,0.90,0.00,0.00,53,100,73,35,100,13.9,297,291,26.2,31.0,0,0.00,1012.2,998.3
2020-06-14T00:00,17.1,1.20,90,15.4,17.8,1.20,0.00,0.00,55,100,84,100,100,8.0,290,278,18.3,28.8,0,0.00,1012.2,998.3
2020-06-14T01:00,17.7,2.00,77,13.6,16.9,2.00,0.00,0.00,61,98,92,49,28,13.7,279,272,25.2,18.0,0,0.00,1012.1,998.2
2020-06-14T02:00,17.4,0.00,82,14.3,17.2,0.00,0.00,0.00,3,100,99,60,46,11.4,269,259,22.0,29.2,0,0.00,1012.4,998.5
2020-06-14T03:00,17.3,0.10,86,14.9,17.1,0.10,0.00,0.00,51,100,100,64,100,12.8,261,254,23.3,26.6,0,0.00,1012.3,998.4
2020-06-14T04:00,17.2,0.40,86,14.8,16.9,0.40,0.00,0.00,51,100,100,34,100,13.3,264,257,23.5,29.9,0,0.00,1012.5,998.6
2020-06-14T05:00,16.8,0.70,89,15.0,16.8,0.70,0.00,0.00,53,100,100,65,100,11.4,254,246,20.2,28.8,1,0.00,1013.0,999.0
2020-06-14T06:00,16.4,0.90,94,15.4,16.5,0.90,0.00,0.00,53,100,100,78,100,11.9,247,241,21.5,25.9,1,0.00,1013.3,999.3
2020-06-14T07:00,16.4,0.70,94,15.4,16.3,0.70,0.00,0.00,53,100,100,87,100,12.6,260,257,22.3,27.7,1,0.00,1013.4,999.4
2020-06-14T08:00,16.7,0.40,94,15.7,16.7,0.40,0.00,0.00,51,100,100,98,100,12.7,259,255,21.7,27.7,1,0.00,1013.6,999.6
2020-06-14T09:00,17.6,0.30,87,15.5,17.3,0.30,0.00,0.00,51,100,100,96,100,14.2,265,263,21.3,32.0,1,0.00,1013.9,1000.0
2020-06-14T10:00,17.5,0.70,91,15.9,17.2,0.70,0.00,0.00,53,100,100,98,2,15.9,268,267,23.4,36.4,1,0.00,1014.1,1000.1
2020-06-14T11:00,17.7,0.80,91,16.1,17.5,0.80,0.00,0.00,53,100,95,98,8,15.6,257,255,23.2,35.3,1,0.00,1014.4,1000.5
2020-06-14T12:00,17.8,1.30,91,16.3,17.6,1.30,0.00,0.00,61,100,85,100,20,16.6,255,252,24.6,36.7,1,77.66,1014.4,1000.5
2020-06-14T13:00,17.6,0.60,85,15.1,17.0,0.60,0.00,0.00,53,100,59,100,100,15.8,260,258,22.7,40.0,1,0.00,1015.5,1001.5
2020-06-14T14:00,17.0,0.80,92,15.6,16.6,0.80,0.00,0.00,53,100,96,100,100,15.5,236,234,23.6,33.8,1,0.00,1015.6,1001.6
2020-06-14T15:00,16.4,0.70,94,15.4,15.9,0.70,0.00,0.00,53,100,100,100,56,15.9,241,237,26.7,34.9,1,0.00,1015.6,1001.6
2020-06-14T16:00,16.5,1.00,94,15.5,16.4,1.00,0.00,0.00,55,100,17,100,54,13.2,249,244,23.5,33.8,1,0.00,1015.5,1001.5
2020-06-14T17:00,16.8,0.80,93,15.7,17.0,0.80,0.00,0.00,53,100,0,100,100,11.9,250,245,22.2,28.1,1,0.00,1015.4,1001.4
2020-06-14T18:00,16.6,0.70,93,15.4,16.7,0.70,0.00,0.00,53,99,0,99,87,11.4,250,242,21.1,26.6,1,0.00,1015.3,1001.3
2020-06-14T19:00,16.5,0.50,93,15.3,16.7,0.50,0.00,0.00,53,100,22,100,0,10.8,257,249,20.3,24.8,1,0.00,1015.4,1001.4
2020-06-14T20:00,16.3,0.50,93,15.1,16.6,0.50,0.00,0.00,53,100,66,100,24,9.7,257,248,19.6,23.4,1,0.00,1015.6,1001.6
2020-06-14T21:00,16.0,1.30,93,14.9,16.3,1.30,0.00,0.00,61,100,66,100,0,9.5,256,245,19.6,21.6,0,0.00,1015.9,1001.9
2020-06-14T22:00,15.9,1.60,93,14.7,16.2,1.60,0.00,0.00,61,100,23,100,1,8.6,261,248,18.2,20.9,0,0.00,1016.0,1001.9
2020-06-14T23:00,15.6,0.70,93,14.6,15.9,0.70,0.00,0.00,53,100,32,100,10,8.7,259,246,18.4,19.4,0,0.00,1016.1,1002.0
2020-06-15T00:00,15.5,0.30,93,14.4,15.5,0.30,0.00,0.00,51,100,25,100,18,9.5,259,245,19.1,20.5,0,0.00,1015.9,1001.8
2020-06-15T01:00,15.4,0.10,94,14.4,15.6,0.10,0.00,0.00,51,91,47,80,25,8.4,254,239,16.9,21.6,0,0.00,1016.7,1002.6
2020-06-15T02:00,15.3,0.10,95,14.5,15.5,0.10,0.00,0.00,51,74,39,56,36,8.9,254,243,18.3,20.2,0,0.00,1016.5,1002.4
2020-06-15T03:00,15.3,0.10,95,14.5,15.8,0.10,0.00,0.00,51,100,93,96,100,6.3,259,239,15.0,19.1,0,0.00,1016.5,1002.4
2020-06-15T04:00,15.3,0.10,95,14.5,15.7,0.10,0.00,0.00,51,100,96,100,100,7.0,255,235,15.6,15.5,0,0.00,1016.6,1002.5
2020-06-15T05:00,15.4,0.10,95,14.6,15.9,0.10,0.00,0.00,51,100,97,100,100,7.1,256,240,14.8,15.8,1,0.00,1016.8,1002.7
2020-06-15T06:00,15.6,0.00,94,14.6,15.8,0.00,0.00,0.00,3,100,98,100,18,8.5,250,234,14.9,17.3,1,0.00,1017.1,1003.0
2020-06-15T07:00,16.0,0.00,93,14.8,16.4,0.00,0.00,0.00,3,100,98,100,45,7.7,255,242,13.8,17.6,1,0.00,1017.3,1003.2
2020-06-15T08:00,16.3,0.10,92,14.9,16.8,0.10,0.00,0.00,51,100,99,100,28,7.4,258,247,11.8,18.0,1,0.00,1017.5,1003.4
2020-06-15T09:00,16.9,0.10,88,14.9,17.4,0.10,0.00,0.00,51,100,99,100,35,7.7,264,259,10.9,19.4,1,0.00,1017.6,1003.6
2020-06-15T10:00,17.6,0.10,84,14.8,18.0,0.10,0.00,0.00,51,100,99,86,36,7.7,284,281,10.4,19.8,1,0.00,1017.7,1003.7
2020-06-15T11:00,18.9,0.10,80,15.4,19.6,0.10,0.00,0.00,51,100,100,56,11,8.0,300,297,10.8,25.6,1,974.03,1017.6,1003.7
2020-06-15T12:00,19.6,0.10,76,15.3,20.2,0.10,0.00,0.00,51,100,100,64,12,8.2,308,308,11.0,27.7,1,1032.94,1017.7,1003.8
2020-06-15T13:00,19.7,0.10,76,15.4,19.9,0.10,0.00,0.00,51,100,100,90,16,10.8,301,300,14.7,22.3,1,2851.02,1017.3,1003.4
2020-06-15T14:00,17.8,3.20,90,16.1,18.3,3.20,0.00,0.00,63,100,100,100,60,10.3,309,306,15.3,29.5,1,294.76,1017.4,1003.4
2020-06-15T15:00,18.2,0.60,87,16.0,19.4,0.60,0.00,0.00,53,100,100,100,2,6.1,302,298,9.4,23.0,1,0.00,1017.4,1003.4
2020-06-15T16:00,18.6,0.30,88,16.7,20.2,0.30,0.00,0.00,51,100,100,99,9,5.4,313,312,7.9,17.6,1,0.00,1017.3,1003.4
2020-06-15T17:00,18.5,0.30,86,16.1,19.9,0.30,0.00,0.00,51,100,100,100,14,4.7,354,360,6.9,18.7,1,0.00,1017.3,1003.4
2020-06-15T18:00,18.4,0.10,87,16.3,20.4,0.10,0.00,0.00,51,100,100,100,1,1.4,347,360,3.3,11.2,1,0.00,1017.4,1003.4
2020-06-15T19:00,18.1,0.10,92,16.8,20.2,0.10,0.00,0.00,51,100,100,100,0,2.0,276,225,3.3,6.1,1,0.00,1017.3,1003.3
2020-06-15T20:00,17.5,0.20,95,16.7,19.4,0.20,0.00,0.00,51,100,100,100,1,2.8,255,230,5.6,6.1,1,0.00,1017.4,1003.4
2020-06-15T21:00,16.9,0.20,96,16.3,18.6,0.20,0.00,0.00,51,100,100,100,0,3.6,262,233,5.1,6.5,0,0.00,1017.6,1003.6
2020-06-15T22:00,16.6,0.20,96,15.9,18.1,0.20,0.00,0.00,51,100,99,100,1,3.8,275,229,4.3,6.8,0,0.00,1017.8,1003.8
2020-06-15T23:00,16.4,0.20,96,15.8,17.9,0.20,0.00,0.00,51,100,96,100,1,3.4,270,238,5.8,6.8,0,0.00,1017.7,1003.6
2020-06-16T00:00,16.1,0.10,97,15.6,17.4,0.10,0.00,0.00,51,100,97,100,3,3.8,266,229,5.8,6.8,0,0.00,1017.7,1003.6
2020-06-16T01:00,15.8,0.10,97,15.4,17.1,0.10,0.00,0.00,51,100,99,100,3,3.3,219,186,7.9,7.2,0,0.00,1017.9,1003.8
2020-06-16T02:00,15.8,0.60,97,15.4,17.3,0.60,0.00,0.00,53,100,98,100,1,2.3,231,198,6.9,6.1,0,0.00,1017.5,1003.4
2020-06-16T03:00,15.8,0.60,97,15.2,16.8,0.60,0.00,0.00,53,100,98,100,1,4.6,239,219,11.3,9.4,0,0.00,1017.3,1003.2
2020-06-16T04:00,15.6,0.70,96,15.0,16.6,0.70,0.00,0.00,53,100,98,100,2,4.5,229,209,11.0,10.8,0,0.00,1017.2,1003.1
2020-06-16T05:00,15.5,0.70,96,14.8,16.7,0.70,0.00,0.00,53,100,98,100,3,2.5,217,180,7.2,9.4,1,0.00,1017.1,1003.0
2020-06-16T06:00,15.5,0.60,95,14.8,16.5,0.60,0.00,0.00,53,100,95,100,6,4.0,207,180,8.0,8.3,1,0.00,1017.1,1003.0
2020-06-16T07:00,15.7,0.40,94,14.7,16.6,0.40,0.00,0.00,51,100,92,100,7,4.0,198,170,7.2,9.4,1,0.00,1017.3,1003.2
2020-06-16T08:00,16.0,0.40,93,14.9,17.1,0.40,0.00,0.00,51,100,94,100,11,3.6,188,174,5.4,9.4,1,0.00,1017.1,1003.0
2020-06-16T09:00,16.5,0.30,93,15.4,17.8,0.30,0.00,0.00,51,100,92,100,15,3.5,207,204,4.8,10.8,1,0.00,1017.1,1003.1
2020-06-16T10:00,16.9,0.30,90,15.2,17.9,0.30,0.00,0.00,51,100,82,100,43,4.8,230,228,6.1,12.6,1,0.00,1016.9,1002.9
2020-06-16T11:00,17.3,0.20,87,15.1,18.3,0.20,0.00,0.00,51,100,72,100,39,4.7,246,247,6.3,14.0,1,0.00,1016.9,1002.9
2020-06-16T12:00,17.5,0.20,86,15.1,18.6,0.20,0.00,0.00,51,100,48,100,34,4.0,262,260,5.4,13.7,1,0.00,1016.5,1002.5
2020-06-16T13:00,18.2,0.10,84,15.4,19.6,0.10,0.00,0.00,51,100,97,99,0,2.3,50,51,2.8,13.0,1,0.00,1016.1,1002.2
2020-06-16T14:00,18.7,0.00,82,15.6,20.3,0.00,0.00,0.00,3,100,100,100,12,1.8,252,259,2.3,16.9,1,0.00,1016.0,1002.1
2020-06-16T15:00,18.6,0.20,82,15.6,20.2,0.20,0.00,0.00,51,100,100,98,23,2.2,278,279,2.5,10.1,1,0.00,1015.9,1002.0
2020-06-16T16:00,19.0,0.20,81,15.7,20.5,0.20,0.00,0.00,51,99,98,90,23,3.1,308,306,4.1,18.4,1,0.00,1015.2,1001.3
2020-06-16T17:00,19.4,0.10,78,15.4,20.9,0.10,0.00,0.00,51,96,94,56,19,2.5,6,360,3.3,18.0,1,3600.00,1014.6,1000.7
2020-06-16T18:00,19.4,0.00,76,15.0,20.6,0.00,0.00,0.00,3,86,85,4,14,3.3,355,347,4.3,10.8,1,2236.01,1014.1,1000.2
2020-06-16T19:00,19.1,0.00,79,15.3,20.3,0.00,0.00,0.00,2,71,71,2,1,3.7,356,349,5.8,10.8,1,3600.00,1014.0,1000.1
2020-06-16T20:00,17.3,0.00,88,15.3,18.4,0.00,0.00,0.00,2,60,60,2,0,4.8,346,333,5.9,7.9,1,3373.55,1014.1,1000.1
2020-06-16T21:00,15.5,0.00,91,14.1,15.9,0.00,0.00,0.00,3,84,84,2,0,6.0,21,33,7.0,8.3,0,0.00,1014.2,1000.2
2020-06-16T22:00,14.4,0.00,94,13.4,14.8,0.00,0.00,0.00,2,79,78,2,0,4.7,65,67,7.6,9.0,0,0.00,1014.6,1000.5
2020-06-16T23:00,13.9,0.00,94,12.9,14.2,0.00,0.00,0.00,3,80,79,6,0,4.1,90,75,8.3,8.3,0,0.00,1014.6,1000.5
2020-06-17T00:00,13.1,0.00,95,12.3,13.2,0.00,0.00,0.00,2,63,60,8,0,4.0,103,80,6.6,8.6,0,0.00,1014.3,1000.1
2020-06-17T01:00,14.8,0.00,96,14.2,15.5,0.00,0.00,0.00,2,60,86,19,4,4.2,55,70,7.5,8.6,0,0.00,1013.7,999.6
2020-06-17T02:00,14.2,0.00,96,13.5,14.8,0.00,0.00,0.00,3,80,78,13,4,4.0,61,80,7.4,9.4,0,0.00,1013.1,999.0
2020-06-17T03:00,13.4,0.00,96,12.8,13.5,0.00,0.00,0.00,3,80,75,22,3,4.9,59,73,6.3,8.3,0,0.00,1012.7,998.6
2020-06-17T04:00,13.3,0.00,96,12.6,13.4,0.00,0.00,0.00,3,97,95,42,4,4.6,39,51,4.6,8.3,0,0.00,1012.3,998.2
2020-06-17T05:00,14.4,0.00,94,13.5,15.0,0.00,0.00,0.00,3,99,92,91,5,3.9,51,68,5.1,7.9,1,0.00,1012.1,998.0
2020-06-17T06:00,15.5,0.00,92,14.1,16.5,0.00,0.00,0.00,3,99,90,97,17,2.3,66,108,4.3,8.6,1,0.00,1012.3,998.3
2020-06-17T07:00,16.3,0.00,90,14.7,17.7,0.00,0.00,0.00,3,99,70,98,23,0.8,99,153,2.2,6.8,1,0.00,1012.6,998.6
2020-06-17T08:00,17.2,0.00,88,15.1,18.7,0.00,0.00,0.00,3,93,53,87,6,1.1,180,198,1.1,7.6,1,0.00,1012.4,998.5
2020-06-17T09:00,18.6,0.00,83,15.6,20.5,0.00,0.00,0.00,3,90,83,47,19,0.4,270,270,0.4,11.9,1,2992.04,1012.1,998.2
2020-06-17T10:00,19.8,0.00,80,16.3,21.4,0.00,0.00,0.00,3,97,90,85,24,3.9,333,326,4.8,17.6,1,3600.00,1011.7,997.9
2020-06-17T11:00,20.5,0.10,81,17.2,22.2,0.10,0.00,0.00,51,96,90,54,67,6.2,329,324,8.4,22.7,1,3600.00,1011.2,997.4
2020-06-17T12:00,21.1,0.30,76,16.8,22.4,0.30,0.00,0.00,51,97,85,82,85,7.3,286,281,9.3,28.8,1,3600.00,1010.6,996.9
2020-06-17T13:00,20.9,9.90,78,16.9,22.3,9.90,0.00,0.00,65,88,99,95,0,6.7,74,74,9.3,28.8,1,3600.00,1010.2,996.5
2020-06-17T14:00,21.6,0.20,77,17.4,23.7,0.20,0.00,0.00,51,99,99,48,6,3.9,67,68,5.5,22.3,1,1836.74,1009.4,995.7
2020-06-17T15:00,22.0,0.20,75,17.5,24.5,0.20,0.00,0.00,51,95,94,47,4,1.5,153,194,1.6,22.0,1,1854.48,1009.4,995.7
2020-06-17T16:00,21.7,1.80,78,17.7,24.0,1.80,0.00,0.00,61,92,90,23,20,3.4,322,328,4.1,27.0,1,3600.00,1009.3,995.6
2020-06-17T17:00,19.6,5.90,84,16.8,20.6,5.90,0.00,0.00,63,100,100,95,19,9.7,72,75,14.0,22.0,1,2106.19,1009.7,995.9
2020-06-17T18:00,18.0,0.60,91,16.5,17.8,0.60,0.00,0.00,53,100,100,96,13,16.8,188,189,27.6,32.8,1,0.00,1010.2,996.3
2020-06-17T19:00,16.1,0.90,95,15.3,16.0,0.90,0.00,0.00,53,100,99,71,26,13.1,207,201,23.5,38.5,1,0.00,1010.3,996.3
2020-06-17T20:00,15.9,0.30,94,15.0,15.5,0.30,0.00,0.00,51,99,96,67,48,13.7,212,203,24.3,28.4,1,0.00,1010.6,996.6
2020-06-17T21:00,15.7,0.00,92,14.4,15.3,0.00,0.00,0.00,3,98,95,60,17,12.9,226,216,23.7,29.5,0,0.00,1011.2,997.2
2020-06-17T22:00,15.3,0.00,92,14.1,14.5,0.00,0.00,0.00,3,100,97,99,27,14.5,220,215,26.3,30.6,0,0.00,1011.5,997.5
2020-06-17T23:00,15.2,0.00,94,14.2,14.2,0.00,0.00,0.00,3,98,96,67,23,16.4,222,220,28.6,34.9,0,0.00,1011.9,997.9
2020-06-18T00:00,14.8,0.00,95,13.9,13.8,0.00,0.00,0.00,3,99,71,98,27,15.3,224,221,27.7,34.9,0,0.00,1012.1,998.0
2020-06-18T01:00,14.2,0.00,96,13.5,13.3,0.00,0.00,0.00,3,100,0,42,30,13.2,229,225,25.3,32.4,0,0.00,1013.3,999.2
2020-06-18T02:00,14.0,0.00,95,13.2,13.4,0.00,0.00,0.00,3,86,80,35,25,11.2,233,228,22.6,28.8,0,0.00,1013.2,999.1
2020-06-18T03:00,13.7,0.00,96,13.0,13.3,0.00,0.00,0.00,3,95,94,15,14,9.2,227,219,19.6,24.8,0,0.00,1013.2,999.1
2020-06-18T04:00,13.3,0.00,97,12.8,12.9,0.00,0.00,0.00,3,83,81,10,15,8.7,221,210,19.1,20.5,0,0.00,1013.2,999.1
2020-06-18T05:00,13.3,0.00,96,12.7,12.9,0.00,0.00,0.00,1,42,25,17,16,8.4,224,211,18.1,19.4,1,0.00,1013.4,999.3
2020-06-18T06:00,13.9,0.00,95,13.0,13.4,0.00,0.00,0.00,1,25,15,7,10,9.4,223,212,18.1,20.9,1,3600.00,1013.6,999.5
2020-06-18T07:00,15.0,0.00,88,13.1,14.5,0.00,0.00,0.00,2,53,19,2,47,10.0,224,221,14.0,24.1,1,3600.00,1013.6,999.5
2020-06-18T08:00,16.5,0.00,80,13.1,15.9,0.00,0.00,0.00,2,53,2,1,52,11.2,231,230,15.3,26.6,1,3600.00,1013.6,999.6
2020-06-18T09:00,17.9,0.10,74,13.2,17.2,0.10,0.00,0.00,51,51,23,14,35,11.8,242,243,15.9,28.8,1,3600.00,1013.6,999.7
2020-06-18T10:00,19.0,0.10,67,12.8,18.3,0.10,0.00,0.00,51,43,13,24,30,12.1,248,247,16.3,29.5,1,3600.00,1013.5,999.6
2020-06-18T11:00,20.0,0.10,62,12.4,19.5,0.10,0.00,0.00,51,45,8,28,32,12.4,245,244,16.7,30.2,1,3600.00,1013.5,999.7
2020-06-18T12:00,20.8,0.10,58,12.1,20.4,0.10,0.00,0.00,51,35,2,31,26,12.1,242,243,16.3,30.2,1,3600.00,1013.2,999.4
2020-06-18T13:00,20.3,0.10,63,13.0,20.8,0.10,0.00,0.00,51,21,1,34,10,10.4,248,250,13.6,30.2,1,3600.00,1013.4,999.6
2020-06-18T14:00,21.1,0.00,58,12.4,21.0,0.00,0.00,0.00,1,29,0,27,9,9.9,251,251,13.3,27.0,1,3600.00,1013.1,999.3
2020-06-18T15:00,21.8,0.00,53,11.7,21.6,0.00,0.00,0.00,1,24,1,23,5,8.5,257,258,11.4,25.2,1,3600.00,1012.8,999.1
2020-06-18T16:00,22.1,0.00,50,11.2,21.5,0.00,0.00,0.00,0,18,1,18,1,7.2,268,267,10.1,22.3,1,3600.00,1012.2,998.5
2020-06-18T17:00,22.2,0.00,48,10.8,21.1,0.00,0.00,0.00,1,21,0,21,1,9.0,275,272,12.6,20.9,1,3600.00,1012.1,998.4
2020-06-18T18:00,21.4,0.00,53,11.3,20.5,0.00,0.00,0.00,1,33,8,29,7,8.7,276,275,14.8,22.0,1,3600.00,1012.6,998.9
2020-06-18T19:00,20.1,0.00,65,13.4,20.5,0.00,0.00,0.00,1,36,22,20,2,5.0,277,270,12.7,20.2,1,3600.00,1013.0,999.2
2020-06-18T20:00,17.6,0.00,79,14.0,18.0,0.00,0.00,0.00,1,24,16,12,0,6.5,278,270,10.2,11.2,1,3414.88,1013.4,999.5
2020-06-18T21:00,15.8,0.00,81,12.6,15.6,0.00,0.00,0.00,1,35,28,10,1,7.3,262,237,10.5,11.2,0,0.00,1014.0,1000.0
2020-06-18T22:00,14.9,0.00,85,12.5,14.7,0.00,0.00,0.00,0,13,5,8,1,6.9,265,242,13.0,11.9,0,0.00,1014.3,1000.2
2020-06-18T23:00,14.0,0.00,88,12.1,13.7,0.00,0.00,0.00,1,20,15,6,1,6.7,261,216,10.9,11.9,0,0.00,1014.8,1000.7
2020-06-19T00:00,13.6,0.00,89,11.8,13.3,0.00,0.00,0.00,0,9,5,5,0,5.8,250,202,10.4,11.2,0,0.00,1014.9,1000.8
2020-06-19T01:00,16.1,0.00,79,12.4,16.7,0.00,0.00,0.00,0,10,19,21,2,0.8,293,153,4.7,10.8,0,0.00,1015.3,1001.3
2020-06-19T02:00,13.7,0.00,90,12.1,13.7,0.00,0.00,0.00,3,92,92,1,0,4.3,231,180,7.4,8.6,0,0.00,1015.1,1001.0
2020-06-19T03:00,12.4,0.00,94,11.4,11.9,0.00,0.00,0.00,3,85,85,2,0,6.1,241,183,7.4,10.8,0,0.00,1015.3,1001.1
2020-06-19T04:00,12.9,0.00,94,11.9,12.7,0.00,0.00,0.00,3,94,94,2,5,5.1,216,172,8.0,10.1,0,0.00,1015.7,1001.5
2020-06-19T05:00,13.0,0.00,95,12.2,12.7,0.00,0.00,0.00,3,100,100,2,13,6.2,220,187,11.8,11.5,1,0.00,1015.9,1001.7
2020-06-19T06:00,14.3,0.00,90,12.7,14.0,0.00,0.00,0.00,3,100,100,5,11,7.4,218,203,14.6,15.5,1,3600.00,1016.4,1002.3
2020-06-19T07:00,15.5,0.00,84,12.9,15.4,0.00,0.00,0.00,3,100,100,1,3,7.3,218,213,11.0,17.6,1,2457.59,1016.7,1002.6
2020-06-19T08:00,16.9,0.00,78,13.1,16.7,0.00,0.00,0.00,3,100,100,6,0,8.1,226,225,10.9,20.9,1,3600.00,1016.9,1002.9
2020-06-19T09:00,18.1,0.00,74,13.4,17.9,0.00,0.00,0.00,3,100,100,44,0,8.7,235,232,11.9,23.0,1,3600.00,1017.0,1003.0
2020-06-19T10:00,19.1,0.00,70,13.5,18.8,0.00,0.00,0.00,3,100,100,50,7,9.9,238,237,13.1,31.3,1,3600.00,1017.0,1003.1
2020-06-19T11:00,19.5,0.00,66,13.1,19.0,0.00,0.00,0.00,3,100,100,85,4,10.5,241,239,14.0,31.3,1,1230.49,1017.0,1003.1
2020-06-19T12:00,19.9,0.00,62,12.4,19.2,0.00,0.00,0.00,3,100,100,93,5,10.0,250,249,13.8,30.6,1,0.00,1017.1,1003.2
2020-06-19T13:00,19.6,0.00,71,14.1,19.0,0.00,0.00,0.00,3,100,100,62,2,12.9,218,216,17.7,28.1,1,2078.02,1017.5,1003.6
2020-06-19T14:00,19.5,0.10,69,13.8,19.3,0.10,0.00,0.00,51,98,98,83,2,10.0,240,240,13.7,31.3,1,2520.10,1017.3,1003.4
2020-06-19T15:00,20.0,0.00,64,13.0,19.8,0.00,0.00,0.00,3,98,97,92,6,7.7,244,242,10.8,25.2,1,1813.80,1017.0,1003.1
2020-06-19T16:00,20.6,0.00,59,12.3,20.2,0.00,0.00,0.00,3,93,88,84,9,7.6,243,239,10.5,24.5,1,3428.29,1017.1,1003.3
2020-06-19T17:00,21.2,0.00,55,11.8,20.4,0.00,0.00,0.00,3,84,79,30,20,8.9,258,256,12.1,26.6,1,3600.00,1017.1,1003.3
2020-06-19T18:00,20.5,0.00,59,12.2,19.8,0.00,0.00,0.00,3,84,69,30,62,9.7,243,239,15.0,26.3,1,3600.00,1017.4,1003.5
2020-06-19T19:00,18.2,0.30,75,13.7,18.3,0.30,0.00,0.00,51,66,57,40,4,7.2,253,252,13.6,24.8,1,3600.00,1018.1,1004.1
2020-06-19T20:00,16.7,0.00,83,13.9,17.3,0.00,0.00,0.00,2,74,55,43,24,4.4,219,189,12.0,16.2,1,2269.89,1018.3,1004.3
2020-06-19T21:00,16.5,0.00,83,13.5,16.4,0.00,0.00,0.00,2,76,69,20,10,7.9,225,210,19.9,15.8,0,0.00,1018.7,1004.6
2020-06-19T22:00,15.8,0.00,85,13.3,15.8,0.00,0.00,0.00,3,80,75,17,9,7.1,247,225,18.1,16.9,0,0.00,1019.1,1005.0
2020-06-19T23:00,15.0,0.00,88,13.1,15.0,0.00,0.00,0.00,2,61,46,22,15,6.4,245,223,16.7,14.8,0,0.00,1019.5,1005.4
2020-06-20T00:00,14.4,0.00,91,13.0,14.7,0.00,0.00,0.00,2,60,46,20,15,4.9,250,216,13.4,13.7,0,0.00,1019.8,1005.6
2020-06-20T01:00,14.8,0.00,92,13.5,15.0,0.00,0.00,0.00,2,75,93,39,1,5.9,242,223,14.3,10.4,0,0.00,1020.2,1006.0
2020-06-20T02:00,13.9,0.00,96,13.2,14.2,0.00,0.00,0.00,3,97,95,45,0,4.9,261,234,11.7,12.2,0,0.00,1020.0,1005.8
2020-06-20T03:00,13.8,0.00,96,13.1,14.2,0.00,0.00,0.00,3,94,90,41,0,4.0,263,207,8.4,9.7,0,0.00,1020.0,1005.8
2020-06-20T04:00,13.3,0.00,97,12.8,13.4,0.00,0.00,0.00,3,89,85,31,0,4.7,245,189,6.8,7.9,0,0.00,1020.2,1006.0
2020-06-20T05:00,13.5,0.00,96,13.0,13.9,0.00,0.00,0.00,2,64,50,26,12,4.0,231,185,7.9,9.0,1,0.00,1020.6,1006.4
2020-06-20T06:00,14.9,0.10,93,13.8,15.4,0.10,0.00,0.00,51,53,33,28,14,4.7,217,184,7.2,10.8,1,3600.00,1020.9,1006.7
2020-06-20T07:00,15.7,0.00,90,14.0,16.2,0.00,0.00,0.00,1,41,19,27,9,5.5,214,212,7.8,14.8,1,3600.00,1021.2,1007.1
2020-06-20T08:00,17.0,0.00,84,14.3,17.6,0.00,0.00,0.00,1,44,27,22,3,4.9,236,234,6.5,15.8,1,3600.00,1021.4,1007.3
2020-06-20T09:00,18.3,0.00,79,14.5,19.0,0.00,0.00,0.00,0,19,0,17,3,4.8,257,257,6.3,16.6,1,3600.00,1021.5,1007.5
2020-06-20T10:00,19.6,0.00,73,14.7,20.9,0.00,0.00,0.00,0,14,0,10,9,5.8,270,270,7.2,25.2,1,3600.00,1021.5,1007.5
2020-06-20T11:00,20.8,0.00,68,14.7,22.5,0.00,0.00,0.00,1,27,0,18,17,6.6,280,279,8.4,26.6,1,3600.00,1021.4,1007.5
2020-06-20T12:00,21.4,0.10,64,14.4,22.8,0.10,0.00,0.00,51,30,0,27,9,7.7,297,298,9.7,28.1,1,3600.00,1021.0,1007.1
2020-06-20T13:00,21.8,0.00,57,12.8,21.4,0.00,0.00,0.00,1,28,0,58,23,12.5,314,314,16.5,22.3,1,3600.00,1020.5,1006.7
2020-06-20T14:00,21.4,0.10,60,13.3,21.2,0.10,0.00,0.00,51,41,0,40,4,9.0,292,286,12.4,31.3,1,3600.00,1020.7,1006.8
2020-06-20T15:00,22.1,0.00,51,11.6,21.4,0.00,0.00,0.00,1,37,0,35,10,9.2,309,309,12.5,24.1,1,3600.00,1020.4,1006.6
2020-06-20T16:00,22.0,0.00,50,11.2,20.8,0.00,0.00,0.00,1,35,7,30,8,10.4,315,314,14.3,25.2,1,3600.00,1020.2,1006.4
2020-06-20T17:00,21.5,0.00,53,11.6,20.6,0.00,0.00,0.00,1,28,0,28,0,9.4,320,320,13.6,25.2,1,3600.00,1019.8,1006.0
2020-06-20T18:00,21.3,0.00,54,11.5,20.4,0.00,0.00,0.00,1,33,0,29,20,9.4,320,317,15.1,22.0,1,3600.00,1020.1,1006.2
2020-06-20T19:00,19.5,0.10,72,14.3,19.6,0.10,0.00,0.00,51,49,0,41,30,8.9,344,339,16.1,26.3,1,3600.00,1020.4,1006.5
2020-06-20T20:00,18.1,0.00,83,15.1,19.2,0.00,0.00,0.00,1,44,0,44,5,3.8,342,319,9.4,19.4,1,3069.84,1020.6,1006.6
2020-06-20T21:00,16.8,0.00,87,14.7,17.6,0.00,0.00,0.00,1,25,0,25,1,4.8,334,318,10.8,9.4,0,0.00,1020.9,1006.8
2020-06-20T22:00,15.4,0.00,91,13.9,15.7,0.00,0.00,0.00,0,13,0,12,5,6.9,328,332,10.2,10.8,0,0.00,1021.0,1006.9
2020-06-20T23:00,15.4,0.00,89,13.5,15.6,0.00,0.00,0.00,0,17,0,12,11,6.2,324,353,9.8,11.2,0,0.00,1021.3,1007.1
2020-06-21T00:00,15.2,0.00,88,13.2,15.3,0.00,0.00,0.00,1,24,0,13,19,6.3,323,347,9.5,9.7,0,0.00,1021.2,1007.0
2020-06-21T01:00,16.4,0.00,87,14.3,17.1,0.00,0.00,0.00,0,18,0,12,11,4.7,299,293,7.4,9.7,0,0.00,1021.3,1007.2
2020-06-21T02:00,15.6,0.00,91,14.1,16.4,0.00,0.00,0.00,0,18,0,6,16,3.1,302,234,5.5,7.6,0,0.00,1021.1,1007.0
2020-06-21T03:00,13.4,0.00,96,12.8,13.5,0.00,0.00,0.00,0,12,1,0,12,5.1,233,176,3.6,6.5,0,0.00,1020.8,1006.6
2020-06-21T04:00,13.5,0.00,96,12.8,13.6,0.00,0.00,0.00,0,7,0,0,6,4.7,231,176,4.6,7.9,0,0.00,1020.7,1006.5
2020-06-21T05:00,12.7,0.00,98,12.3,12.7,0.00,0.00,0.00,0,7,0,0,7,4.4,236,171,5.2,6.8,1,0.00,1020.8,1006.5
2020-06-21T06:00,14.8,0.00,92,13.6,15.7,0.00,0.00,0.00,0,3,0,1,3,1.8,253,169,3.8,6.5,1,3600.00,1021.3,1007.1
2020-06-21T07:00,16.5,0.00,84,13.8,17.6,0.00,0.00,0.00,0,0,0,0,0,0.8,135,153,0.5,7.9,1,3600.00,1021.4,1007.3
2020-06-21T08:00,18.2,0.00,76,13.8,19.3,0.00,0.00,0.00,0,3,0,1,3,1.0,225,225,1.0,9.7,1,3600.00,1021.6,1007.6
2020-06-21T09:00,19.7,0.00,69,13.9,20.4,0.00,0.00,0.00,0,9,0,4,9,3.4,255,252,4.1,14.0,1,3600.00,1021.5,1007.6
2020-06-21T10:00,21.0,0.00,63,13.7,21.9,0.00,0.00,0.00,0,9,1,4,7,6.5,265,264,8.3,19.1,1,3600.00,1021.1,1007.2
2020-06-21T11:00,22.0,0.00,56,12.8,22.6,0.00,0.00,0.00,1,28,0,24,12,8.6,285,285,11.2,23.8,1,3600.00,1021.1,1007.3
2020-06-21T12:00,22.2,0.10,54,12.5,23.0,0.10,0.00,0.00,51,53,0,51,23,7.8,294,292,9.8,23.8,1,3600.00,1021.0,1007.2
2020-06-21T13:00,23.2,0.00,52,12.8,23.7,0.00,0.00,0.00,1,31,0,39,5,5.8,264,263,7.2,21.6,1,3600.00,1020.6,1006.8
2020-06-21T14:00,23.5,0.00,52,13.0,24.5,0.00,0.00,0.00,1,40,20,25,3,5.2,254,254,6.7,18.4,1,3600.00,1020.5,1006.7
2020-06-21T15:00,23.8,0.00,50,12.8,24.9,0.00,0.00,0.00,0,18,0,17,2,2.6,238,236,3.4,17.3,1,3600.00,1020.4,1006.7
2020-06-21T16:00,24.1,0.00,49,12.7,24.8,0.00,0.00,0.00,1,27,0,27,2,1.8,108,90,2.3,11.9,1,3600.00,1019.9,1006.2
2020-06-21T17:00,24.1,0.00,50,13.0,24.4,0.00,0.00,0.00,1,26,0,26,0,4.3,74,66,5.2,12.2,1,3600.00,1019.6,1005.9
2020-06-21T18:00,24.0,0.00,52,13.5,24.7,0.00,0.00,0.00,0,9,0,9,0,3.1,49,45,3.8,11.9,1,3600.00,1019.6,1005.9
2020-06-21T19:00,23.6,0.00,58,14.9,24.8,0.00,0.00,0.00,1,20,0,20,0,2.9,270,263,4.3,7.9,1,3600.00,1019.8,1006.1
2020-06-21T20:00,21.0,0.00,67,14.5,21.4,0.00,0.00,0.00,1,20,0,19,9,7.1,268,255,17.7,14.4,1,3456.49,1020.0,1006.1
2020-06-21T21:00,19.1,0.00,73,14.2,19.6,0.00,0.00,0.00,2,71,64,20,9,5.8,269,248,14.8,15.8,0,0.00,1020.7,1006.7
2020-06-21T22:00,17.8,0.00,78,14.0,18.3,0.00,0.00,0.00,2,50,3,47,14,5.9,262,232,13.4,12.2,0,0.00,1021.3,1007.3
2020-06-21T23:00,17.6,0.00,79,13.9,18.1,0.00,0.00,0.00,1,44,0,43,9,5.1,251,219,13.3,11.9,0,0.00,1021.7,1007.6
2020-06-22T00:00,17.2,0.00,80,13.7,17.6,0.00,0.00,0.00,1,37,0,36,14,5.4,259,228,14.7,11.9,0,0.00,1021.8,1007.7
2020-06-22T01:00,17.1,0.00,82,14.0,17.1,0.00,0.00,0.00,1,43,0,83,17,8.6,295,285,13.9,11.5,0,0.00,1022.1,1008.0
2020-06-22T02:00,17.1,0.00,81,13.8,17.6,0.00,0.00,0.00,1,42,0,41,6,4.7,272,238,10.1,14.0,0,0.00,1022.0,1007.9
2020-06-22T03:00,16.5,0.00,81,13.3,16.8,0.00,0.00,0.00,2,66,0,66,18,5.0,236,201,11.7,10.4,0,0.00,1022.3,1008.2
2020-06-22T04:00,16.3,0.00,81,13.0,16.3,0.00,0.00,0.00,3,89,0,88,51,5.9,233,194,13.6,13.0,0,0.00,1022.4,1008.3
2020-06-22T05:00,16.8,0.00,80,13.4,16.9,0.00,0.00,0.00,3,86,1,85,12,6.4,236,207,15.6,14.4,1,0.00,1022.6,1008.5
2020-06-22T06:00,17.4,0.00,83,14.6,17.9,0.00,0.00,0.00,2,62,0,61,32,6.8,231,205,13.0,14.0,1,1702.01,1023.0,1008.9
2020-06-22T07:00,18.6,0.00,81,15.3,19.2,0.00,0.00,0.00,3,100,0,59,100,8.0,244,243,11.6,18.4,1,3600.00,1023.6,1009.6
2020-06-22T08:00,19.4,0.10,77,15.4,19.6,0.10,0.00,0.00,51,100,0,46,100,11.3,282,279,15.8,25.6,1,3600.00,1023.9,1009.9
2020-06-22T09:00,19.4,0.20,78,15.5,19.6,0.20,0.00,0.00,51,100,0,23,100,11.3,294,292,16.1,25.9,1,0.00,1024.1,1010.1
2020-06-22T10:00,19.6,0.20,77,15.5,19.5,0.20,0.00,0.00,51,100,0,11,100,13.4,307,306,18.5,30.2,1,879.87,1024.3,1010.3
2020-06-22T11:00,19.4,0.00,77,15.2,19.3,0.00,0.00,0.00,3,100,0,4,100,12.5,321,321,17.7,30.6,1,611.97,1024.6,1010.6
2020-06-22T12:00,20.4,0.00,71,14.9,20.5,0.00,0.00,0.00,2,61,0,1,61,10.2,315,315,13.7,29.5,1,2569.60,1024.8,1010.8
2020-06-22T13:00,22.9,0.00,57,13.9,23.7,0.00,0.00,0.00,1,20,0,0,10,11.5,308,309,15.1,26.6,1,3600.00,1024.6,1010.8
2020-06-22T14:00,23.5,0.00,52,13.2,24.4,0.00,0.00,0.00,0,4,0,0,4,11.7,312,313,15.5,29.5,1,3600.00,1024.5,1010.7
2020-06-22T15:00,23.7,0.00,48,12.2,23.8,0.00,0.00,0.00,0,1,0,0,1,12.2,319,317,16.6,30.2,1,3600.00,1024.2,1010.4
2020-06-22T16:00,23.9,0.00,48,12.1,23.6,0.00,0.00,0.00,0,8,0,0,8,11.1,326,324,15.3,29.9,1,3600.00,1023.9,1010.1
2020-06-22T17:00,23.5,0.00,50,12.4,22.5,0.00,0.00,0.00,0,2,0,0,2,11.8,339,337,16.2,27.0,1,3600.00,1023.6,1009.8
2020-06-22T18:00,23.0,0.00,51,12.3,22.3,0.00,0.00,0.00,0,0,0,0,0,9.8,335,332,15.5,27.0,1,3600.00,1023.7,1009.9
2020-06-22T19:00,22.0,0.00,59,13.6,22.1,0.00,0.00,0.00,0,5,0,0,5,7.4,330,321,15.8,22.7,1,3600.00,1023.6,1009.7
2020-06-22T20:00,20.0,0.00,67,13.8,20.2,0.00,0.00,0.00,0,15,0,0,15,7.2,2,354,18.0,16.6,1,3464.82,1023.6,1009.6
2020-06-22T21:00,19.0,0.00,74,14.2,19.1,0.00,0.00,0.00,0,16,0,0,16,8.6,38,33,20.0,18.7,0,0.00,1024.3,1010.3
2020-06-22T22:00,17.5,0.00,82,14.4,18.0,0.00,0.00,0.00,0,12,6,0,6,6.4,47,43,16.8,18.0,0,0.00,1024.6,1010.5
2020-06-22T23:00,16.5,0.00,87,14.3,16.9,0.00,0.00,0.00,1,36,34,0,3,6.7,51,54,15.9,14.0,0,0.00,1024.8,1010.7
2020-06-23T00:00,15.9,0.00,89,14.0,16.2,0.00,0.00,0.00,1,39,36,0,4,6.7,49,54,15.3,14.0,0,0.00,1024.8,1010.6
2020-06-23T01:00,14.7,0.00,91,13.2,14.6,0.00,0.00,0.00,1,43,20,0,0,7.6,75,59,10.8,13.7,0,0.00,1024.7,1010.5
2020-06-23T02:00,14.1,0.00,92,12.8,14.2,0.00,0.00,0.00,0,0,0,0,0,5.4,53,42,7.2,11.9,0,0.00,1024.7,1010.4
2020-06-23T03:00,13.7,0.00,93,12.6,13.8,0.00,0.00,0.00,0,12,0,0,11,5.1,39,51,7.9,9.4,0,0.00,1024.6,1010.3
2020-06-23T04:00,13.8,0.00,92,12.6,13.9,0.00,0.00,0.00,1,26,0,0,26,4.7,45,58,10.2,9.4,0,0.00,1024.6,1010.3
2020-06-23T05:00,14.8,0.00,88,12.9,14.9,0.00,0.00,0.00,1,32,0,0,32,5.5,63,67,14.2,11.2,1,0.00,1024.7,1010.5
2020-06-23T06:00,17.0,0.00,79,13.4,17.3,0.00,0.00,0.00,1,29,0,0,29,5.4,69,70,13.1,11.5,1,3600.00,1024.8,1010.7
2020-06-23T07:00,19.1,0.00,70,13.5,19.8,0.00,0.00,0.00,1,27,0,0,27,2.7,70,67,7.3,11.5,1,3600.00,1025.1,1011.1
2020-06-23T08:00,21.0,0.00,61,13.2,21.5,0.00,0.00,0.00,1,31,0,0,31,3.2,69,63,5.0,11.9,1,3600.00,1025.0,1011.1
2020-06-23T09:00,22.5,0.00,53,12.3,22.6,0.00,0.00,0.00,0,7,0,0,7,4.3,54,48,6.2,14.8,1,3600.00,1025.0,1011.1
2020-06-23T10:00,23.6,0.00,45,11.1,24.0,0.00,0.00,0.00,0,7,0,0,7,5.6,45,40,7.6,17.3,1,3600.00,1024.7,1010.9
2020-06-23T11:00,24.3,0.00,41,10.1,24.8,0.00,0.00,0.00,0,0,0,0,0,7.4,45,43,9.7,20.9,1,3600.00,1024.5,1010.7
2020-06-23T12:00,24.9,0.00,39,9.9,25.7,0.00,0.00,0.00,0,0,0,0,0,7.9,46,43,10.4,22.0,1,3600.00,1024.3,1010.6
2020-06-23T13:00,25.8,0.00,41,11.6,27.0,0.00,0.00,0.00,0,0,0,0,4,8.9,61,58,11.9,22.3,1,3600.00,1024.0,1010.3
2020-06-23T14:00,25.8,0.00,41,11.7,26.7,0.00,0.00,0.00,0,11,0,0,11,9.1,58,56,12.3,24.5,1,3600.00,1023.6,1009.9
2020-06-23T15:00,26.1,0.00,41,11.6,26.8,0.00,0.00,0.00,0,0,0,0,0,8.4,53,50,11.3,24.1,1,3600.00,1023.3,1009.6
2020-06-23T16:00,26.2,0.00,41,11.7,26.2,0.00,0.00,0.00,0,0,0,0,0,8.4,45,43,11.2,22.0,1,3600.00,1022.9,1009.2
2020-06-23T17:00,26.1,0.00,42,12.2,25.6,0.00,0.00,0.00,0,1,0,0,1,8.0,37,36,11.3,21.2,1,3600.00,1022.4,1008.7
2020-06-23T18:00,25.5,0.00,45,12.8,25.2,0.00,0.00,0.00,0,5,0,1,5,8.0,29,27,14.0,19.4,1,3600.00,1022.4,1008.7
2020-06-23T19:00,24.0,0.00,55,14.4,24.4,0.00,0.00,0.00,0,7,0,0,7,7.0,24,21,15.8,19.4,1,3600.00,1022.3,1008.5
2020-06-23T20:00,21.7,0.00,61,14.0,22.0,0.00,0.00,0.00,0,3,0,0,3,6.9,42,39,17.1,15.8,1,3470.89,1022.6,1008.7
2020-06-23T21:00,19.9,0.00,65,13.2,19.8,0.00,0.00,0.00,0,0,0,0,0,8.0,62,54,18.7,16.9,0,0.00,1023.2,1009.2
2020-06-23T22:00,18.7,0.00,68,12.7,18.3,0.00,0.00,0.00,0,0,0,0,0,8.4,63,59,19.3,17.6,0,0.00,1023.4,1009.4
2020-06-23T23:00,18.5,0.00,66,11.9,17.6,0.00,0.00,0.00,0,0,0,0,0,10.3,69,65,23.9,21.6,0,0.00,1023.5,1009.5
2020-06-24T00:00,18.6,0.00,60,10.8,17.1,0.00,0.00,0.00,0,0,0,0,0,11.8,79,78,27.2,24.8,0,0.00,1023.3,1009.3
2020-06-24T01:00,18.7,0.00,58,10.1,17.0,0.00,0.00,0.00,0,0,0,0,0,11.6,85,83,26.0,25.9,0,0.00,1022.9,1008.9
2020-06-24T02:00,17.8,0.00,60,10.1,16.2,0.00,0.00,0.00,0,0,0,0,0,10.9,84,81,24.6,24.1,0,0.00,1022.6,1008.5
2020-06-24T03:00,17.2,0.00,63,10.2,15.6,0.00,0.00,0.00,0,0,0,0,0,11.3,82,81,25.1,23.4,0,0.00,1022.4,1008.3
2020-06-24T04:00,16.8,0.00,65,10.3,15.3,0.00,0.00,0.00,0,0,0,0,0,11.3,83,81,25.4,23.8,0,0.00,1022.4,1008.3
2020-06-24T05:00,16.8,0.00,66,10.4,15.3,0.00,0.00,0.00,0,0,0,0,0,10.9,83,81,25.1,23.8,1,0.00,1022.5,1008.4
2020-06-24T06:00,17.8,0.00,65,11.1,16.7,0.00,0.00,0.00,0,0,0,0,0,9.8,84,82,22.1,23.4,1,3600.00,1022.7,1008.6
2020-06-24T07:00,19.6,0.00,59,11.5,18.6,0.00,0.00,0.00,0,0,0,0,0,9.8,83,82,17.1,22.3,1,3600.00,1022.7,1008.7
2020-06-24T08:00,21.4,0.00,52,11.1,20.3,0.00,0.00,0.00,0,0,0,0,0,10.2,80,80,15.0,24.1,1,3600.00,1022.8,1008.9
2020-06-24T09:00,22.9,0.00,44,10.0,21.2,0.00,0.00,0.00,0,0,0,0,0,12.5,79,78,17.6,28.8,1,3600.00,1022.6,1008.8
2020-06-24T10:00,23.8,0.00,41,9.6,22.7,0.00,0.00,0.00,0,0,0,0,0,12.2,76,76,16.7,30.6,1,3600.00,1022.3,1008.5
2020-06-24T11:00,24.6,0.00,39,9.7,24.2,0.00,0.00,0.00,0,0,0,0,0,11.5,69,70,15.4,29.5,1,3600.00,1022.0,1008.3
2020-06-24T12:00,25.4,0.00,38,9.9,25.6,0.00,0.00,0.00,0,0,0,0,0,11.0,71,71,15.3,28.4,1,3600.00,1021.5,1007.8
2020-06-24T13:00,26.5,0.00,35,9.7,26.8,0.00,0.00,0.00,0,0,0,0,0,10.7,76,76,14.5,29.5,1,3600.00,1021.0,1007.4
2020-06-24T14:00,26.6,0.00,35,9.9,26.8,0.00,0.00,0.00,0,0,0,0,0,10.7,79,78,14.7,27.7,1,3600.00,1020.6,1007.0
2020-06-24T15:00,26.6,0.00,36,10.3,26.3,0.00,0.00,0.00,0,0,0,0,0,12.3,83,83,17.1,29.5,1,3600.00,1020.5,1006.9
2020-06-24T16:00,26.4,0.00,37,10.5,25.4,0.00,0.00,0.00,0,0,0,0,0,13.0,83,84,18.1,30.6,1,3600.00,1020.3,1006.7
2020-06-24T17:00,26.0,0.00,39,10.8,24.6,0.00,0.00,0.00,0,0,0,0,0,11.5,88,88,16.9,30.2,1,3600.00,1019.8,1006.2
2020-06-24T18:00,25.4,0.00,41,11.2,24.0,0.00,0.00,0.00,0,0,0,0,0,11.6,82,83,18.9,27.0,1,3600.00,1019.9,1006.2
2020-06-24T19:00,24.0,0.00,49,12.6,23.7,0.00,0.00,0.00,0,0,0,0,0,7.6,88,87,16.9,26.3,1,3600.00,1019.9,1006.2
2020-06-24T20:00,21.7,0.00,55,12.2,21.3,0.00,0.00,0.00,0,0,0,0,0,7.3,80,70,18.3,17.6,1,3474.68,1020.0,1006.2
2020-06-24T21:00,20.1,0.00,56,11.0,19.1,0.00,0.00,0.00,3,83,83,0,0,8.9,73,63,20.7,19.1,0,0.00,1020.2,1006.3
2020-06-24T22:00,19.9,0.00,54,10.3,18.3,0.00,0.00,0.00,2,76,76,0,0,11.6,65,60,26.3,23.4,0,0.00,1020.3,1006.4
2020-06-24T23:00,20.3,0.00,51,9.7,17.9,0.00,0.00,0.00,0,6,6,0,0,16.0,77,76,32.1,32.8,0,0.00,1020.5,1006.6
2020-06-25T00:00,19.7,0.00,53,9.8,17.2,0.00,0.00,0.00,0,0,0,0,0,16.7,86,84,32.1,35.6,0,0.00,1020.5,1006.6
2020-06-25T01:00,19.8,0.00,57,11.0,17.9,0.00,0.00,0.00,3,83,0,0,0,14.9,85,83,31.5,36.4,0,0.00,1020.0,1006.1
2020-06-25T02:00,19.0,0.00,60,11.0,17.3,0.00,0.00,0.00,0,0,0,0,0,14.0,92,90,29.2,31.7,0,0.00,1020.0,1006.0
2020-06-25T03:00,18.1,0.00,64,11.2,16.2,0.00,0.00,0.00,0,0,0,0,0,15.5,93,93,30.6,31.3,0,0.00,1019.9,1005.9
2020-06-25T04:00,17.3,0.00,67,11.2,15.6,0.00,0.00,0.00,0,9,9,0,0,14.2,98,97,28.7,32.8,0,0.00,1019.7,1005.7
2020-06-25T05:00,16.8,0.00,69,11.1,15.2,0.00,0.00,0.00,2,68,68,0,0,13.5,99,99,27.0,29.5,1,0.00,1019.7,1005.6
2020-06-25T06:00,17.6,0.00,68,11.5,16.2,0.00,0.00,0.00,0,6,6,0,0,12.3,98,97,24.4,27.7,1,3600.00,1019.7,1005.7
2020-06-25T07:00,19.1,0.00,64,12.1,17.8,0.00,0.00,0.00,1,28,28,0,0,13.0,96,96,19.9,29.2,1,3600.00,1019.7,1005.7
2020-06-25T08:00,20.7,0.00,61,12.9,19.9,0.00,0.00,0.00,1,43,43,0,0,11.7,99,101,16.8,29.5,1,3600.00,1019.5,1005.6
2020-06-25T09:00,22.0,0.00,58,13.3,21.4,0.00,0.00,0.00,0,0,0,0,0,11.2,94,96,15.5,27.7,1,3600.00,1019.3,1005.5
2020-06-25T10:00,23.2,0.00,53,13.2,23.6,0.00,0.00,0.00,0,0,0,0,0,9.8,95,96,13.0,28.1,1,3600.00,1018.9,1005.2
2020-06-25T11:00,24.5,0.00,51,13.7,25.8,0.00,0.00,0.00,1,22,0,2,21,9.0,92,95,12.2,25.6,1,3600.00,1018.7,1005.0
2020-06-25T12:00,25.7,0.00,48,13.8,26.8,0.00,0.00,0.00,3,100,0,92,100,9.7,88,88,13.0,25.2,1,3600.00,1018.0,1004.4
2020-06-25T13:00,24.1,0.00,57,15.0,23.7,0.00,0.00,0.00,3,100,0,100,83,14.2,75,74,19.7,26.6,1,1611.76,1018.3,1004.6
2020-06-25T14:00,24.3,0.00,56,15.0,24.3,0.00,0.00,0.00,0,11,0,11,0,12.0,73,74,16.2,34.2,1,3600.00,1017.8,1004.1
2020-06-25T15:00,24.9,0.00,53,14.8,25.8,0.00,0.00,0.00,0,3,0,3,0,8.9,76,76,11.9,29.5,1,3600.00,1017.3,1003.7
2020-06-25T16:00,25.3,0.00,51,14.3,25.8,0.00,0.00,0.00,0,12,0,10,3,9.4,74,72,12.8,24.1,1,3600.00,1016.9,1003.3
2020-06-25T17:00,25.2,0.00,49,13.6,24.6,0.00,0.00,0.00,0,13,0,13,0,12.1,77,78,17.0,28.1,1,3600.00,1016.4,1002.8
2020-06-25T18:00,24.7,0.00,49,13.3,23.9,0.00,0.00,0.00,0,9,0,9,0,12.7,82,83,18.9,28.8,1,3600.00,1016.0,1002.4
2020-06-25T19:00,23.8,0.00,53,13.6,23.4,0.00,0.00,0.00,0,8,0,8,0,10.4,89,88,19.1,28.1,1,3600.00,1015.9,1002.2
2020-06-25T20:00,22.2,0.00,57,13.4,21.7,0.00,0.00,0.00,0,11,0,11,0,10.8,95,94,23.1,23.8,1,3476.18,1016.2,1002.4
2020-06-25T21:00,20.9,0.00,60,12.8,20.3,0.00,0.00,0.00,0,9,0,9,0,9.7,101,94,23.1,23.8,0,0.00,1016.5,1002.7
2020-06-25T22:00,19.9,0.00,63,12.7,19.3,0.00,0.00,0.00,0,5,0,5,0,9.7,97,88,22.1,21.6,0,0.00,1016.8,1002.9
2020-06-25T23:00,19.2,0.00,65,12.4,18.4,0.00,0.00,0.00,0,2,0,2,0,10.4,95,88,23.9,22.0,0,0.00,1016.5,1002.6
2020-06-26T00:00,18.7,0.00,65,12.0,17.5,0.00,0.00,0.00,0,1,0,1,0,11.9,101,93,25.6,24.5,0,0.00,1016.2,1002.3
2020-06-26T01:00,18.7,0.00,65,12.0,17.3,0.00,0.00,0.00,0,0,0,0,0,13.8,105,97,28.4,25.9,0,0.00,1015.3,1001.4
2020-06-26T02:00,18.0,0.00,66,11.6,16.4,0.00,0.00,0.00,0,0,0,0,0,13.8,107,99,28.6,28.4,0,0.00,1015.0,1001.1
2020-06-26T03:00,17.5,0.00,67,11.4,15.8,0.00,0.00,0.00,0,0,0,0,0,14.3,106,102,29.2,29.2,0,0.00,1014.8,1000.8
2020-06-26T04:00,17.1,0.00,69,11.4,15.2,0.00,0.00,0.00,0,0,0,0,0,16.0,101,98,31.6,32.8,0,0.00,1014.4,1000.4
2020-06-26T05:00,16.8,0.00,72,11.7,14.8,0.00,0.00,0.00,0,0,0,0,0,16.9,102,101,32.1,34.6,1,0.00,1014.1,1000.1
2020-06-26T06:00,17.6,0.00,72,12.4,15.8,0.00,0.00,0.00,0,0,0,0,0,17.2,103,100,32.8,36.0,1,3600.00,1014.8,1000.8
2020-06-26T07:00,19.1,0.00,68,13.0,17.6,0.00,0.00,0.00,0,0,0,0,0,16.5,101,100,26.1,37.1,1,3600.00,1014.9,1001.0
2020-06-26T08:00,20.9,0.00,63,13.6,20.0,0.00,0.00,0.00,0,6,0,6,0,13.9,107,107,20.3,36.0,1,3600.00,1014.7,1000.9
2020-06-26T09:00,22.8,0.00,58,14.1,22.3,0.00,0.00,0.00,0,15,0,15,3,12.3,120,122,17.1,32.0,1,3600.00,1014.4,1000.7
2020-06-26T10:00,24.3,0.00,55,14.7,24.4,0.00,0.00,0.00,0,8,0,8,7,12.5,130,129,17.4,31.0,1,3600.00,1014.0,1000.4
2020-06-26T11:00,25.9,0.00,52,15.2,27.1,0.00,0.00,0.00,0,4,0,4,2,11.4,146,145,15.3,31.0,1,3600.00,1013.6,1000.0
2020-06-26T12:00,27.0,0.00,50,15.7,29.3,0.00,0.00,0.00,0,1,0,1,0,8.7,184,185,11.2,29.2,1,3600.00,1013.3,999.8
2020-06-26T13:00,28.2,0.00,47,15.7,30.9,0.00,0.00,0.00,0,5,0,2,5,8.2,130,128,10.7,24.1,1,3600.00,1012.3,998.9
2020-06-26T14:00,29.2,0.00,43,15.5,31.9,0.00,0.00,0.00,0,2,1,1,0,6.3,157,156,8.2,22.0,1,3600.00,1011.8,998.4
2020-06-26T15:00,29.4,0.00,41,14.7,29.8,0.00,0.00,0.00,1,41,28,19,2,16.4,230,230,22.5,34.6,1,3600.00,1011.6,998.2
2020-06-26T16:00,27.0,0.10,56,17.5,27.3,0.10,0.00,0.00,51,89,88,12,2,16.8,235,235,24.1,46.4,1,3600.00,1011.5,998.0
2020-06-26T17:00,26.9,0.00,58,17.9,27.9,0.00,0.00,0.00,3,100,100,3,0,12.5,227,226,17.6,37.8,1,3600.00,1011.5,998.0
2020-06-26T18:00,25.9,0.00,63,18.4,27.3,0.00,0.00,0.00,3,98,97,4,20,11.5,226,226,17.6,29.9,1,3600.00,1011.8,998.3
2020-06-26T19:00,25.3,0.00,68,19.0,27.4,0.00,0.00,0.00,3,100,100,1,3,8.5,214,208,16.1,25.6,1,1138.13,1011.6,998.0
2020-06-26T20:00,24.1,0.00,73,19.0,26.0,0.00,0.00,0.00,3,100,100,4,9,9.5,215,205,19.9,20.2,1,0.00,1011.7,998.1
2020-06-26T21:00,23.5,0.00,74,18.6,24.8,0.00,0.00,0.00,3,100,100,7,17,12.4,216,210,24.5,25.2,0,0.00,1012.6,998.9
2020-06-26T22:00,22.6,0.00,78,18.5,23.7,0.00,0.00,0.00,2,68,57,8,28,13.6,222,217,25.2,30.2,0,0.00,1013.0,999.3
2020-06-26T23:00,21.6,0.00,83,18.6,23.2,0.00,0.00,0.00,2,69,59,30,11,10.9,224,214,22.4,28.4,0,0.00,1012.9,999.2
2020-06-27T00:00,20.7,0.00,89,18.8,22.7,0.00,0.00,0.00,0,7,2,5,3,9.1,224,214,21.1,22.7,0,0.00,1013.0,999.2
2020-06-27T01:00,20.1,0.00,90,18.4,22.4,0.00,0.00,0.00,1,21,1,18,10,5.1,210,188,14.2,19.8,0,0.00,1012.6,998.8
2020-06-27T02:00,19.0,0.30,93,17.9,21.3,0.30,0.00,0.00,51,5,0,0,5,4.3,224,185,13.0,15.5,0,0.00,1013.0,999.1
2020-06-27T03:00,19.0,0.00,93,17.9,21.0,0.00,0.00,0.00,0,4,2,2,0,5.8,202,158,13.2,12.2,0,0.00,1012.8,998.9
2020-06-27T04:00,18.5,0.00,95,17.6,20.3,0.00,0.00,0.00,2,53,52,2,0,6.5,189,146,14.2,13.0,0,0.00,1012.6,998.7
2020-06-27T05:00,18.6,0.00,95,17.7,20.4,0.00,0.00,0.00,3,99,99,5,2,7.2,195,162,16.4,15.1,1,0.00,1012.6,998.7
2020-06-27T06:00,20.0,0.00,90,18.3,21.7,0.00,0.00,0.00,3,100,100,18,6,9.0,181,157,16.6,18.7,1,3600.00,1012.6,998.8
2020-06-27T07:00,21.6,0.00,80,18.1,23.3,0.00,0.00,0.00,3,99,98,8,1,8.4,194,187,13.7,19.8,1,3600.00,1012.9,999.2
2020-06-27T08:00,22.4,0.00,74,17.6,23.9,0.00,0.00,0.00,3,98,98,2,0,8.8,202,199,12.8,22.0,1,3600.00,1013.0,999.3
2020-06-27T09:00,24.0,0.00,67,17.5,25.3,0.00,0.00,0.00,2,50,48,7,0,9.4,199,198,13.0,24.5,1,3600.00,1012.9,999.3
2020-06-27T10:00,25.7,0.00,58,16.9,26.9,0.00,0.00,0.00,2,61,61,0,0,11.3,204,202,15.3,28.4,1,3600.00,1012.5,999.0
2020-06-27T11:00,27.1,0.00,53,16.7,28.6,0.00,0.00,0.00,2,69,69,2,1,13.6,218,217,18.7,41.0,1,3600.00,1012.2,998.7
2020-06-27T12:00,28.2,0.00,50,16.8,29.1,0.00,0.00,0.00,3,97,97,6,12,18.4,223,222,25.5,44.3,1,3600.00,1012.1,998.7
2020-06-27T13:00,22.9,0.80,77,18.6,24.9,0.80,0.00,0.00,53,100,59,77,34,8.3,216,214,15.5,45.7,1,3600.00,1013.5,999.8
2020-06-27T14:00,24.9,0.00,68,18.5,26.8,0.00,0.00,0.00,3,99,13,98,1,8.3,232,236,11.8,22.7,1,3600.00,1012.9,999.3
2020-06-27T15:00,25.3,0.00,63,17.7,26.2,0.00,0.00,0.00,3,94,4,93,1,12.8,221,220,18.6,29.2,1,299.62,1012.6,999.0
2020-06-27T16:00,25.3,0.00,60,17.0,25.9,0.00,0.00,0.00,1,20,0,20,1,12.6,210,207,18.2,31.0,1,2790.57,1012.3,998.7
2020-06-27T17:00,26.5,0.00,52,16.0,26.5,0.00,0.00,0.00,1,34,0,33,2,14.2,218,216,20.5,41.4,1,3600.00,1011.9,998.4
2020-06-27T18:00,26.6,0.00,49,15.1,26.6,0.00,0.00,0.00,1,21,0,18,8,11.8,221,218,20.2,38.9,1,3600.00,1012.0,998.5
2020-06-27T19:00,25.8,0.00,53,15.4,26.3,0.00,0.00,0.00,1,20,1,14,9,9.4,233,230,19.3,30.6,1,3600.00,1012.2,998.7
2020-06-27T20:00,24.2,0.00,56,14.8,24.4,0.00,0.00,0.00,0,15,0,15,1,9.0,250,247,21.1,21.6,1,3472.19,1012.6,999.0
2020-06-27T21:00,22.9,0.00,61,14.9,23.2,0.00,0.00,0.00,1,26,0,25,0,8.9,255,256,21.6,21.2,0,0.00,1013.4,999.7
2020-06-27T22:00,21.7,0.00,69,15.8,22.7,0.00,0.00,0.00,1,33,3,31,0,6.8,251,245,18.7,19.8,0,0.00,1013.9,1000.2
2020-06-27T23:00,20.7,0.00,77,16.5,22.2,0.00,0.00,0.00,1,28,3,25,3,5.2,257,245,14.8,15.8,0,0.00,1014.1,1000.3
2020-06-28T00:00,20.0,0.00,81,16.7,21.7,0.00,0.00,0.00,1,33,16,19,4,4.4,240,189,8.7,12.2,0,0.00,1014.0,1000.2
2020-06-28T01:00,20.3,0.00,78,16.4,21.4,0.00,0.00,0.00,3,88,1,33,1,8.0,195,170,19.4,13.7,0,0.00,1013.7,999.9
2020-06-28T02:00,20.0,0.00,81,16.5,21.2,0.00,0.00,0.00,3,81,74,27,3,6.9,202,186,17.4,18.0,0,0.00,1013.6,999.8
2020-06-28T03:00,19.4,0.00,85,16.8,20.8,0.00,0.00,0.00,2,77,74,14,1,7.0,211,192,18.1,15.8,0,0.00,1013.6,999.7
2020-06-28T04:00,19.2,0.00,87,17.0,20.5,0.00,0.00,0.00,3,89,84,30,16,7.6,219,199,18.9,16.6,0,0.00,1013.8,999.9
2020-06-28T05:00,19.7,0.40,86,17.2,20.4,0.40,0.00,0.00,51,87,78,47,11,13.1,223,217,26.5,28.4,1,0.00,1014.3,1000.5
2020-06-28T06:00,20.1,0.20,86,17.6,21.0,0.20,0.00,0.00,51,78,48,57,8,12.6,222,217,22.4,28.8,1,1629.04,1014.5,1000.7
2020-06-28T07:00,20.8,0.00,85,18.2,22.2,0.00,0.00,0.00,2,71,48,42,21,10.9,216,207,18.6,27.0,1,3600.00,1014.7,1000.9
2020-06-28T08:00,21.9,0.00,80,18.2,23.0,0.00,0.00,0.00,3,81,70,47,36,12.9,215,210,18.9,37.4,1,3600.00,1014.8,1001.0
2020-06-28T09:00,22.0,0.10,74,17.2,22.1,0.10,0.00,0.00,51,66,54,31,16,16.5,226,224,23.9,49.0,1,3600.00,1014.9,1001.1
2020-06-28T10:00,23.0,0.20,68,16.8,22.8,0.20,0.00,0.00,51,66,50,28,16,17.4,246,246,24.5,40.0,1,3600.00,1015.1,1001.4
2020-06-28T11:00,23.6,0.10,58,14.9,23.2,0.10,0.00,0.00,51,43,14,33,11,18.3,251,250,25.5,42.1,1,3600.00,1015.3,1001.6
2020-06-28T12:00,23.6,0.00,55,14.2,22.4,0.00,0.00,0.00,3,84,24,79,8,20.4,253,253,29.0,46.4,1,3600.00,1015.3,1001.6
2020-06-28T13:00,22.9,0.00,49,11.5,21.5,0.00,0.00,0.00,3,80,96,91,1,15.9,258,257,22.5,46.8,1,3600.00,1015.7,1002.0
2020-06-28T14:00,23.9,0.00,41,9.9,21.4,0.00,0.00,0.00,3,100,99,65,0,17.4,257,257,25.8,37.4,1,943.80,1015.2,1001.5
2020-06-28T15:00,22.2,0.00,52,12.0,19.9,0.00,0.00,0.00,3,99,99,23,2,20.1,298,299,29.0,47.2,1,3600.00,1015.9,1002.1
2020-06-28T16:00,20.8,0.00,56,11.8,18.7,0.00,0.00,0.00,3,100,100,75,3,18.4,292,293,26.8,44.6,1,1497.22,1016.5,1002.7
2020-06-28T17:00,19.1,0.20,65,12.5,18.1,0.20,0.00,0.00,51,100,100,100,3,12.0,312,311,17.3,41.0,1,0.00,1016.4,1002.5
2020-06-28T18:00,18.5,0.20,70,12.9,18.2,0.20,0.00,0.00,51,100,100,100,11,8.2,300,299,12.4,27.4,1,0.00,1016.6,1002.7
2020-06-28T19:00,18.2,0.30,72,13.1,18.2,0.30,0.00,0.00,51,100,92,100,1,6.3,259,257,9.5,19.1,1,0.00,1016.8,1002.8
2020-06-28T20:00,17.3,1.00,86,15.0,18.0,1.00,0.00,0.00,55,100,100,100,0,6.6,212,202,13.1,15.5,1,0.00,1016.8,1002.8
2020-06-28T21:00,16.7,1.40,90,15.0,17.1,1.40,0.00,0.00,61,100,100,100,0,8.7,221,218,16.6,19.1,0,0.00,1017.1,1003.1
2020-06-28T22:00,16.1,0.60,91,14.7,16.4,0.60,0.00,0.00,53,100,100,38,0,8.6,220,213,16.4,19.4,0,0.00,1017.1,1003.0
2020-06-28T23:00,15.7,0.00,91,14.1,16.2,0.00,0.00,0.00,3,100,98,100,0,5.8,213,202,13.8,18.7,0,0.00,1016.6,1002.5
2020-06-29T00:00,15.8,0.00,90,14.1,16.2,0.00,0.00,0.00,3,95,92,60,0,6.3,220,211,14.1,14.4,0,0.00,1016.3,1002.2
2020-06-29T01:00,15.7,0.00,93,14.5,15.6,0.00,0.00,0.00,2,69,0,62,19,11.1,236,234,20.0,13.7,0,0.00,1016.7,1002.6
2020-06-29T02:00,15.3,0.00,94,14.3,15.3,0.00,0.00,0.00,2,51,19,35,27,9.0,224,217,18.1,24.1,0,0.00,1016.3,1002.2
2020-06-29T03:00,15.0,0.00,95,14.2,15.2,0.00,0.00,0.00,3,99,99,36,12,8.4,215,205,17.6,19.4,0,0.00,1016.0,1001.9
2020-06-29T04:00,14.9,0.10,95,14.1,15.3,0.10,0.00,0.00,51,100,100,41,16,6.4,228,223,15.5,18.7,0,0.00,1015.6,1001.5
2020-06-29T05:00,14.8,0.10,96,14.1,15.5,0.10,0.00,0.00,51,60,54,11,16,4.6,236,231,13.0,14.4,1,0.00,1015.2,1001.1
2020-06-29T06:00,15.7,0.10,91,14.3,16.0,0.10,0.00,0.00,51,100,100,63,21,7.9,242,240,13.8,15.8,1,2878.51,1015.1,1001.1
2020-06-29T07:00,16.1,0.20,90,14.4,16.2,0.20,0.00,0.00,51,87,81,31,24,9.3,243,242,13.7,21.6,1,0.00,1015.3,1001.3
2020-06-29T08:00,17.0,0.00,88,15.0,17.3,0.00,0.00,0.00,1,47,6,37,21,8.9,226,223,12.5,22.3,1,3600.00,1015.3,1001.3
2020-06-29T09:00,18.2,0.00,86,15.8,18.6,0.00,0.00,0.00,3,95,22,28,92,10.3,210,209,14.2,25.2,1,3600.00,1015.2,1001.3
2020-06-29T10:00,18.1,0.40,82,15.0,17.9,0.40,0.00,0.00,51,98,19,98,25,12.7,225,223,18.3,34.2,1,3600.00,1015.5,1001.6
2020-06-29T11:00,18.2,0.20,80,14.6,18.2,0.20,0.00,0.00,51,72,0,68,15,10.0,231,229,13.8,37.8,1,219.48,1014.9,1001.0
2020-06-29T12:00,19.2,0.00,72,14.1,18.9,0.00,0.00,0.00,1,34,0,25,19,11.5,223,221,15.3,39.2,1,3600.00,1014.6,1000.7
2020-06-29T13:00,21.4,0.00,63,14.0,21.3,0.00,0.00,0.00,1,41,0,49,23,15.6,219,218,21.3,42.5,1,3600.00,1014.3,1000.5
2020-06-29T14:00,21.7,0.10,58,13.0,20.8,0.10,0.00,0.00,51,42,0,39,10,14.2,236,234,20.0,42.1,1,3600.00,1013.5,999.8
2020-06-29T15:00,22.5,0.00,50,11.6,21.0,0.00,0.00,0.00,1,39,0,39,7,14.5,243,240,20.3,34.6,1,3600.00,1012.8,999.1
2020-06-29T16:00,22.6,0.00,49,11.4,20.8,0.00,0.00,0.00,1,33,0,33,3,15.1,238,237,21.2,34.9,1,3600.00,1012.5,998.8
2020-06-29T17:00,22.6,0.00,47,10.9,20.7,0.00,0.00,0.00,1,45,0,45,4,15.1,252,252,22.7,34.2,1,3600.00,1012.4,998.7
2020-06-29T18:00,21.9,0.10,51,11.4,20.4,0.10,0.00,0.00,51,55,0,53,34,12.9,253,252,21.4,36.0,1,3600.00,1012.5,998.8
2020-06-29T19:00,21.2,0.00,56,12.1,20.6,0.00,0.00,0.00,1,21,0,20,8,8.4,254,250,17.2,28.1,1,3600.00,1012.5,998.7
2020-06-29T20:00,19.0,0.00,66,12.5,19.0,0.00,0.00,0.00,1,31,0,31,17,5.4,270,262,14.8,19.4,1,3458.77,1012.7,998.8
2020-06-29T21:00,17.6,0.00,65,10.8,16.9,0.00,0.00,0.00,1,31,0,28,17,6.0,293,287,17.3,13.3,0,0.00,1013.5,999.6
2020-06-29T22:00,16.7,0.00,67,10.5,16.0,0.00,0.00,0.00,1,32,0,19,29,5.7,299,288,14.0,14.4,0,0.00,1014.0,1000.0
2020-06-29T23:00,16.2,0.00,69,10.4,15.6,0.00,0.00,0.00,1,38,0,35,29,5.0,244,210,11.6,12.2,0,0.00,1014.0,1000.0
2020-06-30T00:00,15.9,0.00,67,9.8,14.6,0.00,0.00,0.00,2,74,0,73,14,8.5,227,208,20.1,18.0,0,0.00,1013.9,999.9
2020-06-30T01:00,15.8,0.00,69,10.2,14.5,0.00,0.00,0.00,0,10,0,28,24,9.2,239,228,20.7,23.8,0,0.00,1014.1,1000.1
2020-06-30T02:00,14.9,0.00,75,10.5,13.8,0.00,0.00,0.00,0,5,0,5,1,8.3,229,214,20.2,19.8,0,0.00,1014.0,999.9
2020-06-30T03:00,13.8,0.00,78,10.1,12.8,0.00,0.00,0.00,0,1,0,1,0,7.2,235,217,18.9,18.0,0,0.00,1013.9,999.8
2020-06-30T04:00,13.2,0.00,80,9.8,12.1,0.00,0.00,0.00,1,26,0,25,6,7.3,226,200,17.1,15.5,0,0.00,1014.0,999.8
2020-06-30T05:00,13.4,0.00,80,10.0,12.1,0.00,0.00,0.00,1,47,0,45,18,8.9,216,201,19.6,18.7,1,0.00,1014.4,1000.2
2020-06-30T06:00,14.5,0.00,77,10.6,13.2,0.00,0.00,0.00,1,27,0,25,22,10.0,220,210,18.7,21.6,1,3570.27,1014.5,1000.4
2020-06-30T07:00,15.5,0.00,73,10.6,14.2,0.00,0.00,0.00,1,25,0,15,23,10.3,221,216,15.3,24.8,1,3600.00,1014.6,1000.5
2020-06-30T08:00,16.9,0.00,66,10.6,15.4,0.00,0.00,0.00,0,13,0,3,11,12.0,227,226,16.8,28.8,1,3600.00,1014.5,1000.5
2020-06-30T09:00,18.5,0.00,59,10.4,16.8,0.00,0.00,0.00,1,31,0,31,6,12.3,235,232,16.8,30.6,1,3600.00,1014.3,1000.4
2020-06-30T10:00,19.7,0.00,51,9.4,17.2,0.00,0.00,0.00,3,100,0,78,100,16.8,238,239,23.3,37.1,1,3600.00,1013.9,1000.1
2020-06-30T11:00,19.6,0.00,53,9.7,17.4,0.00,0.00,0.00,3,100,0,100,100,14.2,236,234,21.8,38.9,1,0.00,1013.7,999.9
2020-06-30T12:00,20.5,0.00,50,9.8,17.9,0.00,0.00,0.00,3,100,0,100,99,17.2,242,241,25.8,36.7,1,0.00,1013.2,999.4
2020-06-30T13:00,19.7,0.00,58,11.2,17.5,0.00,0.00,0.00,3,100,0,97,90,17.0,233,234,23.4,38.5,1,0.00,1013.9,1000.1
2020-06-30T14:00,20.3,0.00,56,11.2,18.1,0.00,0.00,0.00,3,100,0,38,100,17.3,239,239,24.7,37.8,1,1186.18,1013.3,999.5
2020-06-30T15:00,21.6,0.00,53,11.6,19.5,0.00,0.00,0.00,3,100,0,81,100,18.2,245,245,26.9,40.0,1,485.54,1012.7,999.0
2020-06-30T16:00,21.6,0.00,55,12.0,19.5,0.00,0.00,0.00,3,100,0,50,100,18.6,249,248,28.6,41.0,1,120.82,1012.5,998.8
2020-06-30T17:00,21.8,0.00,54,12.2,20.1,0.00,0.00,0.00,3,94,0,24,94,16.5,250,250,25.7,41.8,1,1783.34,1012.1,998.4
2020-06-30T18:00,22.0,0.00,54,12.3,20.8,0.00,0.00,0.00,3,100,0,37,100,12.8,258,259,22.5,36.4,1,1065.50,1011.8,998.1
2020-06-30T19:00,21.1,0.00,59,12.9,20.6,0.00,0.00,0.00,1,45,0,19,43,9.7,269,270,19.4,29.2,1,0.00,1011.6,997.9
2020-06-30T20:00,19.6,0.00,66,13.2,19.7,0.00,0.00,0.00,1,24,0,22,9,6.4,259,254,16.9,22.0,1,3448.48,1011.5,997.7
2020-06-30T21:00,18.1,0.00,71,12.8,18.0,0.00,0.00,0.00,1,23,0,21,11,6.1,253,242,16.2,15.1,0,0.00,1011.9,998.0
2020-06-30T22:00,17.4,0.00,74,12.7,17.4,0.00,0.00,0.00,1,20,0,18,11,5.4,240,217,14.5,13.7,0,0.00,1012.0,998.1
2020-06-30T23:00,17.1,0.00,75,12.6,17.0,0.00,0.00,0.00,1,27,0,24,14,6.0,226,197,15.5,13.7,0,0.00,1012.0,998.1
2020-07-01T00:00,16.9,0.00,75,12.5,16.6,0.00,0.00,0.00,1,33,0,31,18,7.2,210,186,17.9,15.5,0,0.00,1011.9,998.0
2020-07-01T01:00,15.3,0.00,89,13.5,15.2,0.00,0.00,0.00,1,31,0,1,2,8.0,229,188,13.3,16.2,0,0.00,1011.8,997.8
2020-07-01T02:00,15.5,0.00,88,13.4,15.8,0.00,0.00,0.00,0,6,0,0,6,4.9,215,163,11.4,14.8,0,0.00,1011.7,997.7
2020-07-01T03:00,15.1,0.00,89,13.3,15.4,0.00,0.00,0.00,0,8,0,0,8,5.2,200,146,11.8,11.5,0,0.00,1011.2,997.2
2020-07-01T04:00,15.0,0.00,90,13.3,15.1,0.00,0.00,0.00,0,8,0,0,8,6.0,194,147,13.4,12.2,0,0.00,1011.2,997.2
2020-07-01T05:00,15.3,0.00,88,13.3,15.5,0.00,0.00,0.00,0,8,0,0,8,6.1,193,152,14.8,13.7,1,0.00,1011.1,997.1
2020-07-01T06:00,17.0,0.00,83,14.1,17.2,0.00,0.00,0.00,0,3,0,0,3,7.9,194,164,15.2,16.2,1,3534.74,1011.1,997.2
2020-07-01T07:00,18.7,0.00,78,14.9,19.1,0.00,0.00,0.00,0,2,0,0,2,8.7,194,187,13.7,21.2,1,3600.00,1011.2,997.3
2020-07-01T08:00,20.3,0.00,74,15.5,20.7,0.00,0.00,0.00,1,46,45,0,1,9.5,194,191,13.0,24.1,1,3600.00,1010.9,997.1
2020-07-01T09:00,22.0,0.00,68,15.8,22.3,0.00,0.00,0.00,2,71,70,0,4,11.2,196,195,15.4,27.7,1,3600.00,1010.5,996.8
2020-07-01T10:00,23.6,0.00,62,16.0,24.3,0.00,0.00,0.00,2,76,72,0,14,13.2,211,209,18.4,32.0,1,3600.00,1010.0,996.4
2020-07-01T11:00,25.4,0.00,56,15.9,25.8,0.00,0.00,0.00,3,100,74,18,100,16.4,231,230,23.1,38.9,1,3600.00,1009.7,996.2
2020-07-01T12:00,25.7,0.10,55,16.0,25.5,0.10,0.00,0.00,51,69,59,43,13,15.0,226,224,22.1,38.2,1,3600.00,1009.2,995.7
2020-07-01T13:00,26.6,0.30,54,16.5,27.7,0.30,0.00,0.00,51,49,1,5,48,15.7,240,238,21.3,47.5,1,3600.00,1009.2,995.7
2020-07-01T14:00,26.9,0.10,54,16.9,28.0,0.10,0.00,0.00,51,60,0,25,59,14.3,245,245,20.3,38.5,1,3600.00,1008.9,995.5
2020-07-01T15:00,27.5,0.00,51,16.5,28.0,0.00,0.00,0.00,3,96,2,37,96,13.6,237,238,19.3,37.4,1,3600.00,1008.3,994.9
2020-07-01T16:00,26.6,0.10,54,16.6,26.4,0.10,0.00,0.00,51,53,24,39,13,17.1,248,248,24.5,38.9,1,3600.00,1008.2,994.7
2020-07-01T17:00,26.4,0.00,54,16.4,26.7,0.00,0.00,0.00,1,24,7,14,17,13.4,244,243,20.8,38.2,1,3600.00,1008.1,994.6
2020-07-01T18:00,24.0,0.50,69,18.1,25.1,0.50,0.00,0.00,53,63,19,46,46,13.0,229,226,20.2,39.2,1,3600.00,1008.8,995.2
2020-07-01T19:00,22.8,0.40,80,19.1,25.1,0.40,0.00,0.00,51,41,12,32,27,7.2,199,174,13.0,28.8,1,3600.00,1008.8,995.2
2020-07-01T20:00,21.3,1.00,86,18.9,22.9,1.00,0.00,0.00,55,100,31,63,100,12.0,230,226,23.0,24.1,1,3251.73,1009.4,995.7
2020-07-01T21:00,20.3,1.00,90,18.5,21.8,1.00,0.00,0.00,55,51,0,44,37,11.2,227,220,21.7,30.2,0,0.00,1010.0,996.2
2020-07-01T22:00,19.6,0.10,92,18.3,20.8,0.10,0.00,0.00,51,41,0,38,19,12.6,214,207,24.9,31.0,0,0.00,1010.6,996.8
2020-07-01T23:00,19.2,0.10,94,18.2,20.3,0.10,0.00,0.00,51,40,0,37,34,13.0,226,224,26.5,27.7,0,0.00,1011.0,997.2
2020-07-02T00:00,19.1,0.10,95,18.3,20.4,0.10,0.00,0.00,51,45,0,39,27,12.2,231,227,24.9,27.7,0,0.00,1011.1,997.3
2020-07-02T01:00,19.5,0.00,91,18.0,21.0,0.00,0.00,0.00,1,45,1,96,43,9.4,233,223,21.3,25.9,0,0.00,1011.1,997.3
2020-07-02T02:00,19.4,0.80,94,18.3,21.4,0.80,0.00,0.00,53,100,4,100,19,6.8,254,238,14.6,27.0,0,0.00,1011.3,997.5
2020-07-02T03:00,19.0,0.80,94,18.1,21.5,0.80,0.00,0.00,53,94,7,93,1,3.4,257,212,8.1,27.4,0,0.00,1011.4,997.6
2020-07-02T04:00,18.7,0.70,93,17.6,20.5,0.70,0.00,0.00,53,100,3,100,12,5.9,238,227,12.8,22.7,0,0.00,1011.7,997.8
2020-07-02T05:00,18.6,0.50,94,17.6,20.5,0.50,0.00,0.00,53,100,1,100,48,5.4,227,217,12.2,25.6,1,0.00,1011.7,997.8
2020-07-02T06:00,18.5,0.60,93,17.4,20.0,0.60,0.00,0.00,53,98,8,97,18,7.6,227,225,14.3,24.5,1,0.00,1011.9,998.0
2020-07-02T07:00,18.5,1.10,92,17.1,19.5,1.10,0.00,0.00,55,98,1,98,51,10.2,223,222,17.8,29.9,1,0.00,1012.2,998.3
2020-07-02T08:00,18.4,0.90,91,16.9,19.3,0.90,0.00,0.00,53,100,0,100,57,10.4,225,224,17.8,31.7,1,0.00,1012.3,998.4
2020-07-02T09:00,18.7,0.70,93,17.6,19.9,0.70,0.00,0.00,53,84,2,81,45,10.4,216,214,16.0,32.0,1,0.00,1012.4,998.5
2020-07-02T10:00,20.2,0.20,90,18.5,21.8,0.20,0.00,0.00,51,69,5,49,53,10.4,216,214,15.5,32.0,1,3600.00,1012.3,998.5
2020-07-02T11:00,21.4,0.20,85,18.7,22.9,0.20,0.00,0.00,51,76,1,16,74,12.2,224,223,17.1,40.0,1,3600.00,1012.0,998.3
2020-07-02T12:00,22.5,0.10,76,18.0,23.7,0.10,0.00,0.00,51,33,1,24,18,13.3,220,218,17.9,47.9,1,3600.00,1011.7,998.0
2020-07-02T13:00,21.4,0.30,67,15.1,22.2,0.30,0.00,0.00,51,56,54,66,26,15.1,221,220,21.4,51.1,1,3600.00,1012.9,999.2
2020-07-02T14:00,22.3,0.10,60,14.1,21.4,0.10,0.00,0.00,51,58,40,30,21,15.3,230,229,22.0,36.4,1,3600.00,1012.2,998.5
2020-07-02T15:00,23.7,0.00,50,12.7,22.4,0.00,0.00,0.00,2,64,56,8,16,15.3,243,240,21.7,36.4,1,3600.00,1011.8,998.2
2020-07-02T16:00,24.2,0.00,46,11.8,22.4,0.00,0.00,0.00,2,60,53,14,9,16.6,258,257,23.9,37.4,1,3600.00,1011.7,998.1
2020-07-02T17:00,23.6,0.00,45,10.9,21.5,0.00,0.00,0.00,3,80,64,54,6,16.2,259,258,24.2,37.4,1,3600.00,1011.8,998.2
2020-07-02T18:00,23.0,0.00,45,10.4,21.6,0.00,0.00,0.00,3,84,68,61,0,10.8,275,274,19.2,36.0,1,3600.00,1012.0,998.3
2020-07-02T19:00,21.8,0.00,49,10.5,19.8,0.00,0.00,0.00,3,91,17,90,23,14.7,284,281,25.9,30.6,1,1355.05,1012.7,999.0
2020-07-02T20:00,20.4,0.00,58,11.7,19.2,0.00,0.00,0.00,2,67,28,60,17,11.9,285,284,22.4,33.1,1,272.03,1013.7,999.9
2020-07-02T21:00,19.2,0.00,60,11.3,18.0,0.00,0.00,0.00,3,91,83,59,6,11.0,282,281,21.7,25.9,0,0.00,1014.6,1000.7
2020-07-02T22:00,18.5,0.00,64,11.6,17.5,0.00,0.00,0.00,2,67,51,41,10,10.3,286,282,21.0,24.1,0,0.00,1015.4,1001.5
2020-07-02T23:00,18.1,0.00,69,12.2,17.3,0.00,0.00,0.00,3,95,87,87,13,10.0,289,285,20.2,23.0,0,0.00,1015.8,1001.9
2020-07-03T00:00,17.8,0.00,71,12.4,17.3,0.00,0.00,0.00,3,97,92,73,3,8.7,292,287,17.1,22.0,0,0.00,1016.1,1002.1
2020-07-03T01:00,17.0,0.00,73,12.0,16.6,0.00,0.00,0.00,2,65,67,28,6,7.0,323,325,16.7,18.7,0,0.00,1016.7,1002.7
2020-07-03T02:00,16.0,0.00,78,12.1,15.8,0.00,0.00,0.00,3,98,98,21,3,5.9,312,313,16.1,15.5,0,0.00,1017.0,1002.9
2020-07-03T03:00,15.6,0.00,80,12.2,15.4,0.00,0.00,0.00,1,20,2,19,0,5.7,294,288,15.0,13.0,0,0.00,1017.2,1003.1
2020-07-03T04:00,14.2,0.00,87,12.0,14.0,0.00,0.00,0.00,0,9,0,9,0,5.1,286,278,14.6,12.6,0,0.00,1017.5,1003.3
2020-07-03T05:00,13.8,0.00,89,11.9,13.7,0.00,0.00,0.00,0,0,0,0,0,4.7,281,266,12.8,12.2,1,0.00,1018.0,1003.8
2020-07-03T06:00,15.3,0.00,83,12.4,15.2,0.00,0.00,0.00,0,0,0,0,0,5.9,270,256,11.9,13.3,1,3457.75,1018.5,1004.4
2020-07-03T07:00,16.6,0.00,72,11.5,15.9,0.00,0.00,0.00,0,0,0,0,0,7.6,264,262,10.9,19.1,1,3600.00,1018.9,1004.8
2020-07-03T08:00,17.8,0.00,61,10.2,16.4,0.00,0.00,0.00,0,0,0,0,0,9.7,272,270,13.3,24.1,1,3600.00,1018.9,1004.9
2020-07-03T09:00,19.0,0.00,54,9.5,17.3,0.00,0.00,0.00,0,0,0,0,0,11.2,271,272,15.1,27.7,1,3600.00,1019.0,1005.1
2020-07-03T10:00,20.3,0.00,48,8.9,19.1,0.00,0.00,0.00,0,0,0,0,0,11.9,270,270,16.2,29.9,1,3600.00,1018.9,1005.0
2020-07-03T11:00,21.4,0.00,44,8.6,20.6,0.00,0.00,0.00,0,1,0,0,1,12.6,270,270,17.3,32.0,1,3600.00,1018.9,1005.1
2020-07-03T12:00,22.5,0.00,39,8.0,21.7,0.00,0.00,0.00,1,48,0,48,0,13.8,277,277,18.8,33.8,1,3600.00,1018.8,1005.0
2020-07-03T13:00,23.4,0.00,39,8.7,22.3,0.00,0.00,0.00,2,78,4,31,0,13.4,256,256,17.8,33.8,1,3600.00,1018.7,1005.0
2020-07-03T14:00,23.7,0.00,37,8.3,22.1,0.00,0.00,0.00,1,34,1,34,0,11.7,260,259,16.5,31.7,1,3600.00,1018.2,1004.5
2020-07-03T15:00,24.2,0.00,34,7.6,22.6,0.00,0.00,0.00,3,96,0,96,0,11.5,270,270,15.8,28.8,1,3600.00,1017.9,1004.2
2020-07-03T16:00,23.7,0.00,37,8.1,21.5,0.00,0.00,0.00,3,90,0,90,0,11.6,277,277,17.1,28.1,1,3600.00,1017.7,1004.0
2020-07-03T17:00,23.4,0.00,38,8.4,21.4,0.00,0.00,0.00,3,98,0,98,0,10.9,278,278,17.1,27.0,1,3600.00,1017.8,1004.1
2020-07-03T18:00,22.8,0.00,43,9.6,21.5,0.00,0.00,0.00,0,1,0,1,0,8.3,273,272,15.1,25.9,1,3600.00,1017.7,1003.9
2020-07-03T19:00,21.8,0.00,50,10.8,20.9,0.00,0.00,0.00,0,0,0,0,0,7.7,249,242,17.3,19.4,1,3600.00,1017.8,1004.0
2020-07-03T20:00,19.5,0.00,56,10.4,18.5,0.00,0.00,0.00,0,4,0,3,2,7.7,287,281,19.6,18.0,1,3403.09,1018.1,1004.2
2020-07-03T21:00,18.0,0.00,56,9.0,16.8,0.00,0.00,0.00,0,12,0,11,8,6.6,297,292,19.0,16.9,0,0.00,1018.9,1004.9
2020-07-03T22:00,16.6,0.00,66,10.3,15.6,0.00,0.00,0.00,0,12,0,11,10,8.0,289,265,13.3,14.0,0,0.00,1019.4,1005.3
2020-07-03T23:00,18.9,0.00,52,8.8,17.8,0.00,0.00,0.00,0,14,0,13,9,5.2,283,236,9.3,13.3,0,0.00,1019.9,1005.9
2020-07-04T00:00,18.3,0.00,56,9.4,17.9,0.00,0.00,0.00,0,11,0,11,3,1.8,291,169,5.0,9.0,0,0.00,1019.8,1005.8
2020-07-04T01:00,15.8,0.00,74,11.2,15.4,0.00,0.00,0.00,0,10,77,7,12,4.7,252,171,5.7,7.6,0,0.00,1020.1,1006.0
2020-07-04T02:00,15.1,0.00,75,10.7,14.9,0.00,0.00,0.00,3,90,89,0,4,2.9,261,150,4.4,8.6,0,0.00,1019.9,1005.8
2020-07-04T03:00,14.4,0.00,78,10.6,14.0,0.00,0.00,0.00,3,82,82,0,3,3.5,256,156,4.5,7.2,0,0.00,1019.7,1005.5
2020-07-04T04:00,13.5,0.00,84,10.8,13.1,0.00,0.00,0.00,2,75,75,0,1,4.7,218,171,8.2,9.7,0,0.00,1019.7,1005.5
2020-07-04T05:00,14.0,0.00,84,11.4,13.4,0.00,0.00,0.00,1,45,42,0,5,7.0,203,168,14.5,14.0,1,0.00,1019.9,1005.7
2020-07-04T06:00,15.1,0.00,82,12.0,14.5,0.00,0.00,0.00,3,92,91,1,12,8.6,199,178,16.7,17.3,1,3416.49,1020.0,1005.9
2020-07-04T07:00,16.9,0.00,75,12.5,16.4,0.00,0.00,0.00,3,87,85,9,13,8.9,205,201,14.3,21.2,1,3600.00,1020.4,1006.3
2020-07-04T08:00,18.7,0.00,68,12.8,18.0,0.00,0.00,0.00,1,27,27,1,1,11.2,214,213,16.1,27.0,1,3600.00,1020.2,1006.2
2020-07-04T09:00,20.5,0.00,58,12.0,19.1,0.00,0.00,0.00,1,24,24,3,0,13.8,223,221,19.6,32.8,1,3600.00,1020.1,1006.2
2020-07-04T10:00,21.7,0.00,50,10.9,20.3,0.00,0.00,0.00,2,53,52,3,0,16.1,229,228,22.5,37.8,1,3600.00,1019.7,1005.9
2020-07-04T11:00,22.8,0.00,47,10.9,21.9,0.00,0.00,0.00,1,37,30,4,9,16.3,231,229,22.8,38.5,1,3600.00,1019.3,1005.5
2020-07-04T12:00,23.8,0.00,44,10.7,23.1,0.00,0.00,0.00,1,40,33,0,11,16.8,227,225,23.2,39.2,1,3600.00,1018.8,1005.1
2020-07-04T13:00,24.4,0.00,43,11.2,23.2,0.00,0.00,0.00,1,44,64,0,7,21.2,223,222,29.8,41.0,1,3600.00,1018.5,1004.8
2020-07-04T14:00,24.8,0.00,41,10.8,23.6,0.00,0.00,0.00,1,45,45,0,1,19.2,231,230,27.4,47.9,1,3600.00,1018.0,1004.3
2020-07-04T15:00,25.7,0.00,39,10.7,24.3,0.00,0.00,0.00,2,61,58,21,0,18.7,233,232,27.0,43.9,1,3600.00,1017.5,1003.9
2020-07-04T16:00,25.7,0.00,39,10.6,23.7,0.00,0.00,0.00,3,94,39,94,0,17.9,240,240,26.3,43.2,1,3600.00,1017.1,1003.5
2020-07-04T17:00,25.2,0.00,41,10.9,23.0,0.00,0.00,0.00,3,100,1,100,1,16.3,255,256,26.1,40.3,1,3600.00,1017.1,1003.5
2020-07-04T18:00,24.6,0.00,47,12.4,23.9,0.00,0.00,0.00,1,39,0,38,1,10.2,252,252,19.4,36.7,1,3216.22,1016.9,1003.2
2020-07-04T19:00,24.0,0.00,48,12.2,22.9,0.00,0.00,0.00,2,73,49,52,3,12.1,243,240,23.5,27.0,1,3600.00,1017.1,1003.4
2020-07-04T20:00,22.8,0.00,49,11.6,21.6,0.00,0.00,0.00,3,97,51,94,2,11.4,246,242,24.0,27.4,1,1852.61,1017.1,1003.4
2020-07-04T21:00,22.6,0.00,48,11.2,21.3,0.00,0.00,0.00,3,100,26,100,6,11.7,255,252,23.1,26.3,0,0.00,1017.5,1003.7
2020-07-04T22:00,22.0,0.00,51,11.4,20.9,0.00,0.00,0.00,3,100,1,100,6,10.4,253,250,21.1,25.6,0,0.00,1017.8,1004.0
2020-07-04T23:00,21.5,0.00,53,11.6,20.5,0.00,0.00,0.00,3,96,0,96,10,10.3,240,234,21.1,23.4,0,0.00,1017.8,1004.0
2020-07-05T00:00,21.0,0.00,56,11.9,20.0,0.00,0.00,0.00,3,98,0,98,92,10.5,228,218,21.4,24.5,0,0.00,1017.6,1003.8
2020-07-05T01:00,21.2,0.00,57,12.3,20.4,0.00,0.00,0.00,2,50,0,100,12,10.0,240,232,21.3,25.9,0,0.00,1017.4,1003.6
2020-07-05T02:00,21.2,0.00,58,12.6,20.3,0.00,0.00,0.00,2,60,0,59,15,11.3,237,233,21.9,25.2,0,0.00,1017.4,1003.6
2020-07-05T03:00,20.5,0.00,60,12.6,19.5,0.00,0.00,0.00,3,100,0,100,10,12.2,228,223,24.2,26.6,0,0.00,1017.0,1003.2
2020-07-05T04:00,20.6,0.00,61,12.7,19.3,0.00,0.00,0.00,3,100,0,100,10,14.3,226,219,25.7,31.0,0,0.00,1016.9,1003.1
2020-07-05T05:00,20.3,0.00,64,13.2,19.1,0.00,0.00,0.00,2,51,0,42,27,14.9,222,217,26.5,32.4,1,0.00,1016.8,1002.9
2020-07-05T06:00,20.1,0.00,68,13.9,19.0,0.00,0.00,0.00,2,73,0,36,69,16.0,228,224,27.3,34.9,1,3227.32,1017.1,1003.2
2020-07-05T07:00,20.6,0.00,68,14.4,19.7,0.00,0.00,0.00,3,100,0,27,100,16.1,224,220,25.5,35.6,1,3600.00,1017.2,1003.4
2020-07-05T08:00,21.3,0.00,68,15.1,19.7,0.00,0.00,0.00,3,100,0,12,100,22.1,241,240,33.0,47.2,1,141.55,1017.0,1003.2
2020-07-05T09:00,22.0,0.00,67,15.5,20.5,0.00,0.00,0.00,3,100,0,4,100,22.8,239,239,33.6,49.3,1,1693.96,1016.9,1003.1
2020-07-05T10:00,22.1,0.10,68,16.0,21.1,0.10,0.00,0.00,51,100,0,1,100,21.3,242,242,31.4,49.7,1,0.00,1016.8,1003.0
2020-07-05T11:00,23.2,0.10,63,15.7,22.0,0.10,0.00,0.00,51,100,0,0,100,21.4,238,237,31.4,46.8,1,0.00,1016.6,1002.9
2020-07-05T12:00,24.0,0.00,62,16.2,22.9,0.00,0.00,0.00,3,100,0,6,100,22.2,229,228,32.4,49.0,1,1264.17,1016.3,1002.6
2020-07-05T13:00,24.6,0.00,61,16.5,23.5,0.00,0.00,0.00,3,100,0,9,81,22.4,244,244,32.0,52.2,1,2943.39,1016.3,1002.6
2020-07-05T14:00,25.0,0.00,59,16.5,23.9,0.00,0.00,0.00,3,100,0,6,100,22.9,240,240,33.5,50.8,1,3600.00,1015.7,1002.1
2020-07-05T15:00,25.3,0.00,57,16.3,24.3,0.00,0.00,0.00,3,100,0,13,100,21.7,244,243,32.0,51.1,1,2488.04,1015.4,1001.8
2020-07-05T16:00,25.1,0.00,58,16.3,24.3,0.00,0.00,0.00,3,93,0,2,93,20.7,248,247,31.2,48.2,1,586.93,1014.9,1001.3
2020-07-05T17:00,25.3,0.00,57,16.1,24.5,0.00,0.00,0.00,1,40,0,1,40,20.1,246,246,30.6,47.9,1,3600.00,1014.6,1001.0
2020-07-05T18:00,25.2,0.00,56,15.8,24.5,0.00,0.00,0.00,0,12,0,5,10,17.8,250,249,28.0,44.3,1,3600.00,1014.1,1000.5
2020-07-05T19:00,24.4,0.00,58,15.5,24.0,0.00,0.00,0.00,1,41,0,39,9,15.3,253,251,26.4,39.2,1,3600.00,1013.9,1000.3
2020-07-05T20:00,23.5,0.00,59,14.9,23.1,0.00,0.00,0.00,1,39,0,24,30,13.5,241,236,25.6,33.8,1,3360.59,1013.7,1000.0
2020-07-05T21:00,22.8,0.00,59,14.3,22.5,0.00,0.00,0.00,3,100,0,39,100,11.6,245,240,24.2,29.5,0,0.00,1014.0,1000.3
2020-07-05T22:00,22.5,0.00,60,14.4,22.5,0.00,0.00,0.00,2,79,0,73,77,9.4,255,247,20.5,25.6,0,0.00,1014.1,1000.4
2020-07-05T23:00,22.0,0.00,63,14.7,21.7,0.00,0.00,0.00,3,95,0,95,73,12.6,241,233,24.3,27.7,0,0.00,1014.0,1000.3
2020-07-06T00:00,21.9,0.00,66,15.2,21.3,0.00,0.00,0.00,2,52,0,48,16,15.5,242,239,27.2,33.8,0,0.00,1013.7,1000.0
2020-07-06T01:00,21.9,0.00,67,15.6,21.8,0.00,0.00,0.00,2,68,1,100,100,13.6,242,238,24.5,36.7,0,0.00,1013.5,999.8
2020-07-06T02:00,21.3,0.10,72,16.1,21.4,0.10,0.00,0.00,51,80,0,73,65,13.2,241,241,23.4,29.9,0,0.00,1013.3,999.5
2020-07-06T03:00,19.7,1.40,88,17.7,20.5,1.40,0.00,0.00,61,100,0,100,100,13.4,264,262,25.0,29.5,0,0.00,1013.2,999.4
2020-07-06T04:00,19.1,1.00,84,16.3,18.8,1.00,0.00,0.00,55,100,0,100,100,16.4,287,285,27.9,35.3,0,0.00,1013.6,999.7
2020-07-06T05:00,17.4,0.00,72,12.2,15.9,0.00,0.00,0.00,3,100,0,100,100,14.9,290,285,25.3,36.7,1,0.00,1014.4,1000.4
2020-07-06T06:00,16.5,0.00,71,11.2,14.6,0.00,0.00,0.00,3,100,0,100,3,15.3,306,304,25.0,31.7,1,0.00,1015.4,1001.4
2020-07-06T07:00,15.4,0.00,66,9.1,13.1,0.00,0.00,0.00,3,100,0,100,0,14.2,295,294,21.1,36.0,1,669.90,1016.4,1002.3
2020-07-06T08:00,15.4,0.00,65,8.9,13.1,0.00,0.00,0.00,0,5,0,4,2,13.4,277,278,19.6,31.3,1,0.00,1016.8,1002.7
2020-07-06T09:00,17.1,0.00,56,8.3,14.3,0.00,0.00,0.00,2,54,0,0,54,16.2,274,274,22.4,38.2,1,3600.00,1016.8,1002.8
2020-07-06T10:00,18.1,0.00,50,7.6,15.2,0.00,0.00,0.00,3,83,0,0,83,16.6,273,272,22.7,38.5,1,3600.00,1016.8,1002.8
2020-07-06T11:00,19.1,0.00,45,7.0,16.0,0.00,0.00,0.00,2,67,0,65,36,18.5,277,277,25.8,42.5,1,3600.00,1016.8,1002.9
2020-07-06T12:00,20.3,0.00,40,6.3,17.5,0.00,0.00,0.00,2,58,0,58,2,20.0,277,277,28.0,46.1,1,3600.00,1016.9,1003.0
2020-07-06T13:00,20.1,0.00,42,6.8,17.2,0.00,0.00,0.00,2,75,0,53,12,19.9,289,290,27.4,49.0,1,3600.00,1017.4,1003.5
2020-07-06T14:00,20.0,0.00,40,5.9,15.9,0.00,0.00,0.00,2,77,0,77,1,22.5,282,282,32.0,49.7,1,3600.00,1017.6,1003.7
2020-07-06T15:00,19.4,0.00,42,6.3,15.0,0.00,0.00,0.00,3,87,0,87,2,23.3,291,292,33.6,52.2,1,3600.00,1018.1,1004.2
2020-07-06T16:00,19.1,0.00,43,6.3,15.2,0.00,0.00,0.00,2,75,0,75,0,20.5,290,288,30.2,51.5,1,2014.02,1018.4,1004.5
2020-07-06T17:00,19.3,0.00,43,6.3,15.5,0.00,0.00,0.00,1,48,0,48,0,20.0,294,293,29.5,46.4,1,3600.00,1018.6,1004.7
2020-07-06T18:00,19.0,0.00,42,5.9,15.2,0.00,0.00,0.00,1,39,0,39,0,18.9,301,301,29.1,43.6,1,3600.00,1019.0,1005.1
2020-07-06T19:00,18.4,0.00,45,6.4,15.4,0.00,0.00,0.00,1,41,0,40,11,14.3,311,311,24.5,41.0,1,3600.00,1019.5,1005.5
2020-07-06T20:00,17.5,0.00,47,6.1,14.9,0.00,0.00,0.00,0,12,0,11,8,10.7,307,303,21.1,31.3,1,3335.62,1019.9,1005.9
2020-07-06T21:00,16.1,0.00,51,6.1,13.9,0.00,0.00,0.00,0,13,0,3,13,8.4,302,295,20.4,23.8,0,0.00,1020.6,1006.5
2020-07-06T22:00,14.9,0.00,56,6.3,12.9,0.00,0.00,0.00,0,7,0,5,6,7.4,325,321,19.7,18.7,0,0.00,1021.3,1007.1
2020-07-06T23:00,13.9,0.00,62,6.9,12.2,0.00,0.00,0.00,0,5,0,3,5,6.2,324,324,17.3,16.6,0,0.00,1021.8,1007.6
2020-07-07T00:00,13.0,0.00,69,7.4,11.5,0.00,0.00,0.00,0,0,0,0,0,5.4,324,323,15.5,14.0,0,0.00,1021.9,1007.6
2020-07-07T01:00,11.8,0.00,80,8.4,10.1,0.00,0.00,0.00,0,0,0,0,0,8.8,347,12,12.9,12.2,0,0.00,1022.3,1008.0
2020-07-07T02:00,11.2,0.00,81,8.0,9.7,0.00,0.00,0.00,0,0,0,0,0,6.5,346,6,11.5,14.4,0,0.00,1022.3,1007.9
2020-07-07T03:00,11.2,0.00,81,8.0,9.8,0.00,0.00,0.00,0,5,0,1,4,5.8,349,22,9.2,11.9,0,0.00,1022.3,1007.9
2020-07-07T04:00,13.3,0.00,69,7.8,12.6,0.00,0.00,0.00,0,6,0,0,6,1.1,342,90,3.4,10.1,0,0.00,1022.4,1008.1
2020-07-07T05:00,13.1,0.00,70,7.8,12.1,0.00,0.00,0.00,0,5,0,4,0,2.6,240,164,2.9,4.7,1,0.00,1022.5,1008.2
2020-07-07T06:00,13.1,0.00,76,9.0,12.4,0.00,0.00,0.00,0,3,0,2,2,2.7,228,203,4.3,5.8,1,3282.84,1022.6,1008.3
2020-07-07T07:00,14.4,0.00,73,9.7,13.9,0.00,0.00,0.00,0,5,0,2,4,2.6,198,196,3.4,10.4,1,3600.00,1022.5,1008.3
2020-07-07T08:00,15.8,0.00,67,9.7,15.3,0.00,0.00,0.00,0,3,0,1,3,3.0,195,194,4.1,13.0,1,3600.00,1022.2,1008.1
2020-07-07T09:00,17.2,0.00,60,9.4,16.4,0.00,0.00,0.00,1,32,0,1,32,4.4,215,215,5.7,16.2,1,3600.00,1021.9,1007.8
2020-07-07T10:00,18.3,0.00,54,8.9,17.4,0.00,0.00,0.00,2,54,0,39,52,6.4,252,254,8.3,20.2,1,3600.00,1021.6,1007.6
2020-07-07T11:00,19.1,0.00,50,8.5,17.8,0.00,0.00,0.00,2,62,0,60,23,7.1,257,255,9.3,21.2,1,3600.00,1021.3,1007.3
2020-07-07T12:00,19.8,0.00,46,7.9,18.7,0.00,0.00,0.00,3,83,0,82,18,7.4,255,256,9.7,22.3,1,3600.00,1021.0,1007.1
2020-07-07T13:00,20.4,0.00,44,7.8,19.1,0.00,0.00,0.00,3,100,0,100,13,6.1,298,298,7.7,22.0,1,3600.00,1020.8,1006.9
2020-07-07T14:00,20.0,0.00,46,8.1,18.5,0.00,0.00,0.00,3,89,7,89,0,6.4,317,317,8.4,18.0,1,407.12,1020.4,1006.5
2020-07-07T15:00,20.4,0.00,45,8.0,19.1,0.00,0.00,0.00,2,69,0,69,0,4.8,346,347,5.9,18.4,1,2310.02,1020.1,1006.2
2020-07-07T16:00,20.8,0.00,43,7.9,19.8,0.00,0.00,0.00,1,37,6,33,0,3.4,29,32,4.5,15.5,1,3600.00,1019.4,1005.5
2020-07-07T17:00,21.1,0.00,42,7.6,19.9,0.00,0.00,0.00,0,1,0,1,0,4.1,39,45,5.1,14.0,1,3600.00,1018.7,1004.9
2020-07-07T18:00,21.3,0.00,41,7.5,20.2,0.00,0.00,0.00,0,10,0,10,0,2.9,77,90,3.3,13.0,1,3600.00,1018.2,1004.4
2020-07-07T19:00,20.5,0.00,54,10.8,20.3,0.00,0.00,0.00,0,15,9,6,0,3.0,101,104,5.9,8.6,1,3600.00,1017.8,1003.9
2020-07-07T20:00,17.7,0.00,67,11.6,17.2,0.00,0.00,0.00,0,18,0,18,0,6.8,129,148,7.4,8.6,1,3308.16,1017.8,1003.8
2020-07-07T21:00,16.9,0.00,62,9.6,15.8,0.00,0.00,0.00,1,20,0,20,0,6.6,174,167,6.5,9.7,0,0.00,1018.3,1004.3
2020-07-07T22:00,17.9,0.00,53,8.2,17.1,0.00,0.00,0.00,0,16,0,16,1,2.2,232,99,4.1,9.0,0,0.00,1018.4,1004.4
2020-07-07T23:00,17.9,0.00,52,7.8,17.1,0.00,0.00,0.00,1,26,0,26,0,1.6,274,63,5.1,5.0,0,0.00,1018.5,1004.5
2020-07-08T00:00,17.8,0.00,52,7.8,16.7,0.00,0.00,0.00,1,20,0,20,0,3.3,266,186,5.4,5.8,0,0.00,1018.2,1004.2
2020-07-08T01:00,16.4,0.00,66,10.0,15.7,0.00,0.00,0.00,0,15,5,78,0,4.7,225,171,9.2,9.4,0,0.00,1017.8,1003.7
2020-07-08T02:00,15.3,0.00,72,10.2,14.9,0.00,0.00,0.00,3,100,0,100,0,3.6,249,186,10.0,10.1,0,0.00,1017.7,1003.6
2020-07-08T03:00,15.5,0.00,71,10.3,15.0,0.00,0.00,0.00,1,44,0,44,0,4.3,256,204,11.5,11.2,0,0.00,1017.3,1003.2
2020-07-08T04:00,14.8,0.00,72,9.8,13.8,0.00,0.00,0.00,1,39,7,35,2,6.5,224,180,12.5,13.3,0,0.00,1017.0,1002.9
2020-07-08T05:00,14.1,0.00,72,9.2,12.6,0.00,0.00,0.00,2,79,77,8,1,8.6,211,180,17.6,16.9,1,0.00,1016.9,1002.7
2020-07-08T06:00,15.2,0.00,69,9.6,13.5,0.00,0.00,0.00,3,90,65,82,0,10.7,211,200,21.8,23.0,1,3235.34,1017.0,1002.9
2020-07-08T07:00,16.3,0.00,66,10.0,14.8,0.00,0.00,0.00,2,79,1,79,9,10.5,223,218,18.1,24.8,1,3600.00,1017.3,1003.2
2020-07-08T08:00,18.0,0.00,60,10.1,16.4,0.00,0.00,0.00,3,82,0,81,15,11.2,226,222,17.1,27.4,1,3600.00,1017.1,1003.1
2020-07-08T09:00,20.0,0.00,53,10.0,18.2,0.00,0.00,0.00,3,85,0,85,15,12.6,235,233,18.1,30.6,1,3600.00,1016.8,1002.9
2020-07-08T10:00,21.4,0.00,48,9.8,19.3,0.00,0.00,0.00,3,92,0,92,0,13.9,239,239,19.7,32.0,1,3600.00,1016.7,1002.9
2020-07-08T11:00,22.3,0.00,44,9.4,20.0,0.00,0.00,0.00,3,100,0,100,4,14.7,253,253,22.2,33.5,1,724.22,1016.5,1002.7
2020-07-08T12:00,23.6,0.00,41,9.6,21.1,0.00,0.00,0.00,3,100,31,100,1,16.7,261,263,24.0,34.6,1,1550.89,1016.1,1002.4
2020-07-08T13:00,20.7,0.00,55,11.2,21.5,0.00,0.00,0.00,3,100,96,95,0,3.9,277,292,5.8,45.4,1,3600.00,1016.6,1002.8
2020-07-08T14:00,21.4,0.00,55,12.0,20.4,0.00,0.00,0.00,3,100,75,100,1,11.0,320,322,14.6,23.8,1,0.00,1016.4,1002.6
2020-07-08T15:00,19.2,0.20,68,13.2,18.4,0.20,0.00,0.00,51,99,88,97,0,12.6,360,358,16.9,32.0,1,386.69,1017.0,1003.1
2020-07-08T16:00,18.6,0.00,69,12.9,18.4,0.00,0.00,0.00,3,85,44,75,1,7.6,2,360,10.1,28.8,1,0.00,1017.4,1003.5
2020-07-08T17:00,19.2,0.00,69,13.3,19.2,0.00,0.00,0.00,2,65,0,64,0,7.0,10,12,9.9,19.1,1,843.21,1017.0,1003.1
2020-07-08T18:00,20.0,0.00,66,13.6,20.2,0.00,0.00,0.00,3,97,5,97,0,6.6,351,347,9.5,18.7,1,3600.00,1017.0,1003.1
2020-07-08T19:00,19.2,0.00,72,13.9,19.5,0.00,0.00,0.00,3,100,12,99,1,6.2,8,7,10.9,16.6,1,0.00,1017.1,1003.2
2020-07-08T20:00,18.0,0.00,76,13.6,18.1,0.00,0.00,0.00,3,100,32,100,100,6.7,29,36,11.1,15.1,1,0.00,1017.3,1003.3
2020-07-08T21:00,17.4,0.10,80,13.9,18.0,0.10,0.00,0.00,51,100,58,100,68,4.5,37,76,7.2,13.0,0,0.00,1017.6,1003.6
2020-07-08T22:00,17.2,0.20,83,14.3,18.0,0.20,0.00,0.00,51,100,1,100,67,4.0,60,95,5.8,7.6,0,0.00,1018.0,1004.0
2020-07-08T23:00,17.0,0.00,85,14.5,17.6,0.00,0.00,0.00,3,100,0,100,72,6.3,108,114,8.0,8.6,0,0.00,1018.2,1004.2
2020-07-09T00:00,17.0,0.00,84,14.3,17.4,0.00,0.00,0.00,3,99,0,99,18,6.8,139,122,12.0,12.6,0,0.00,1017.8,1003.8
2020-07-09T01:00,16.7,0.00,91,15.1,17.5,0.00,0.00,0.00,1,42,9,30,12,6.0,162,123,11.4,12.6,0,0.00,1017.6,1003.6
2020-07-09T02:00,15.9,0.00,92,14.7,16.6,0.00,0.00,0.00,2,68,64,15,9,5.6,175,135,12.6,11.2,0,0.00,1017.2,1003.1
2020-07-09T03:00,15.9,0.00,91,14.3,16.5,0.00,0.00,0.00,1,47,38,25,5,5.0,198,150,12.9,11.5,0,0.00,1016.9,1002.8
2020-07-09T04:00,15.8,0.00,89,14.1,16.3,0.00,0.00,0.00,1,35,32,8,0,5.4,214,172,14.3,12.2,0,0.00,1016.9,1002.8
2020-07-09T05:00,15.8,0.00,90,14.2,16.5,0.00,0.00,0.00,2,74,37,62,3,5.1,221,184,14.3,12.6,1,0.00,1017.0,1002.9
2020-07-09T06:00,17.0,0.00,89,15.1,17.6,0.00,0.00,0.00,2,54,15,43,11,7.3,217,191,14.4,14.8,1,3186.54,1017.0,1003.0
2020-07-09T07:00,18.5,0.00,85,15.9,19.5,0.00,0.00,0.00,3,95,76,89,16,6.8,217,205,13.6,17.3,1,3600.00,1017.1,1003.2
2020-07-09T08:00,19.4,0.00,82,16.2,20.5,0.00,0.00,0.00,3,84,79,20,21,6.8,220,212,11.8,17.6,1,2480.07,1017.1,1003.2
2020-07-09T09:00,21.6,0.00,73,16.5,22.7,0.00,0.00,0.00,2,70,61,8,19,8.0,217,216,11.3,21.6,1,3600.00,1016.7,1002.9
2020-07-09T10:00,23.8,0.00,61,16.0,24.6,0.00,0.00,0.00,2,63,55,0,18,10.9,225,224,14.8,27.0,1,3600.00,1016.3,1002.6
2020-07-09T11:00,25.7,0.00,52,15.2,26.1,0.00,0.00,0.00,1,26,3,23,12,15.6,230,230,21.5,36.4,1,3600.00,1015.8,1002.2
2020-07-09T12:00,26.6,0.10,47,14.5,26.4,0.10,0.00,0.00,51,45,0,35,36,17.0,234,234,23.5,38.9,1,3600.00,1015.4,1001.9
2020-07-09T13:00,28.2,0.00,42,14.0,27.8,0.00,0.00,0.00,1,49,0,25,0,16.6,247,246,22.7,38.9,1,3600.00,1014.7,1001.2
2020-07-09T14:00,28.7,0.00,37,12.8,28.0,0.00,0.00,0.00,1,44,1,43,0,17.2,251,250,24.7,39.2,1,3600.00,1013.8,1000.4
2020-07-09T15:00,29.1,0.00,35,12.1,27.2,0.00,0.00,0.00,3,100,0,100,0,19.0,246,245,28.0,42.5,1,3600.00,1013.2,999.8
2020-07-09T16:00,28.4,0.00,38,12.9,27.2,0.00,0.00,0.00,2,78,0,78,0,14.9,252,250,25.0,42.5,1,134.20,1012.9,999.5
2020-07-09T17:00,28.2,0.00,41,13.6,27.2,0.00,0.00,0.00,1,41,0,41,0,14.1,251,251,24.7,36.7,1,3600.00,1012.5,999.1
2020-07-09T18:00,28.1,0.00,41,13.5,27.5,0.00,0.00,0.00,1,22,0,22,0,11.6,256,254,22.3,31.7,1,3600.00,1012.1,998.7
2020-07-09T19:00,26.5,0.00,48,14.6,26.8,0.00,0.00,0.00,0,2,0,2,0,8.4,264,260,20.3,27.0,1,3600.00,1011.9,998.4
2020-07-09T20:00,23.3,0.00,59,15.0,24.0,0.00,0.00,0.00,0,3,0,3,0,6.8,269,267,16.2,19.4,1,3245.69,1012.0,998.3
2020-07-09T21:00,21.4,0.00,63,14.2,21.6,0.00,0.00,0.00,0,4,0,4,0,8.1,294,302,13.0,14.4,0,0.00,1012.6,998.9
2020-07-09T22:00,24.4,0.00,47,12.2,24.2,0.00,0.00,0.00,0,18,10,9,2,6.0,291,303,11.2,14.0,0,0.00,1013.0,999.4
2020-07-09T23:00,19.3,0.00,69,13.5,19.3,0.00,0.00,0.00,1,22,6,18,0,7.2,31,84,7.6,11.2,0,0.00,1012.9,999.0
2020-07-10T00:00,19.6,0.00,66,13.1,19.2,0.00,0.00,0.00,0,15,0,15,0,9.0,143,127,14.4,16.6,0,0.00,1012.9,999.1
2020-07-10T01:00,19.2,0.00,73,14.3,19.5,0.00,0.00,0.00,0,11,43,0,0,7.4,212,137,11.0,18.0,0,0.00,1012.1,998.3
2020-07-10T02:00,19.9,0.00,68,13.9,20.3,0.00,0.00,0.00,0,3,1,2,0,5.9,198,142,14.3,14.8,0,0.00,1011.4,997.6
2020-07-10T03:00,19.6,0.00,70,13.9,19.7,0.00,0.00,0.00,0,4,0,4,0,7.8,196,158,19.5,17.6,0,0.00,1010.8,997.0
2020-07-10T04:00,19.3,0.00,70,13.8,19.2,0.00,0.00,0.00,1,38,38,0,0,9.1,199,171,22.1,20.5,0,0.00,1010.5,996.7
2020-07-10T05:00,19.4,0.00,71,13.9,19.3,0.00,0.00,0.00,1,22,22,0,0,9.1,212,187,23.8,22.0,1,0.00,1010.4,996.6
2020-07-10T06:00,21.0,0.00,66,14.4,20.5,0.00,0.00,0.00,1,33,31,3,0,13.7,223,215,28.5,29.9,1,3136.53,1010.4,996.7
2020-07-10T07:00,22.5,0.00,63,15.0,22.2,0.00,0.00,0.00,2,52,52,0,0,13.4,227,216,27.8,32.8,1,3600.00,1010.6,996.9
2020-07-10T08:00,24.0,0.00,57,14.9,23.3,0.00,0.00,0.00,3,86,85,7,0,15.8,231,227,23.8,36.0,1,3600.00,1011.1,997.5
2020-07-10T09:00,25.1,0.00,53,14.7,24.2,0.00,0.00,0.00,3,94,92,25,0,16.3,245,245,23.4,37.8,1,3600.00,1011.0,997.4
2020-07-10T10:00,25.4,0.00,50,14.3,24.3,0.00,0.00,0.00,3,90,88,14,0,17.2,251,250,24.4,39.6,1,3600.00,1011.2,997.7
2020-07-10T11:00,26.1,0.00,47,14.0,25.1,0.00,0.00,0.00,2,64,34,45,23,21.2,255,255,30.2,47.2,1,3600.00,1011.6,998.1
2020-07-10T12:00,26.2,0.00,47,14.1,24.8,0.00,0.00,0.00,1,47,3,37,39,22.9,262,263,32.7,51.5,1,3600.00,1011.8,998.3
2020-07-10T13:00,24.7,0.00,48,12.8,22.8,0.00,0.00,0.00,2,61,44,91,80,24.4,260,261,34.7,54.7,1,3600.00,1013.4,999.8
2020-07-10T14:00,23.5,0.00,50,12.4,21.0,0.00,0.00,0.00,3,98,85,97,1,22.3,270,270,32.0,53.3,1,2731.40,1013.9,1000.2
2020-07-10T15:00,22.8,0.00,51,12.3,20.4,0.00,0.00,0.00,3,99,32,99,0,21.3,278,281,31.7,49.7,1,2322.83,1014.3,1000.6
2020-07-10T16:00,22.4,0.00,51,11.8,20.2,0.00,0.00,0.00,3,100,90,100,0,18.6,288,288,28.0,46.8,1,0.00,1014.3,1000.6
2020-07-10T17:00,21.0,0.30,61,13.2,20.0,0.30,0.00,0.00,51,100,91,100,1,13.6,309,307,22.5,41.0,1,0.00,1014.8,1001.0
2020-07-10T18:00,20.7,0.00,60,12.6,19.6,0.00,0.00,0.00,3,98,5,98,0,13.0,313,312,21.7,29.5,1,0.00,1015.5,1001.7
2020-07-10T19:00,20.3,0.00,60,12.3,19.3,0.00,0.00,0.00,3,100,99,99,1,11.5,318,316,20.4,28.4,1,0.00,1016.1,1002.3
2020-07-10T20:00,19.6,0.00,62,12.1,18.6,0.00,0.00,0.00,3,100,100,99,0,10.9,329,326,19.7,25.2,1,0.00,1016.4,1002.5
2020-07-10T21:00,18.7,0.10,65,12.0,17.8,0.10,0.00,0.00,51,100,100,100,2,10.3,351,348,19.7,23.0,0,0.00,1017.4,1003.5
2020-07-10T22:00,18.0,0.00,66,11.7,17.2,0.00,0.00,0.00,3,100,100,100,5,8.8,351,348,17.9,22.0,0,0.00,1018.0,1004.0
2020-07-10T23:00,17.7,0.00,67,11.4,16.9,0.00,0.00,0.00,3,100,100,100,10,8.2,348,345,17.3,18.4,0,0.00,1018.5,1004.5
2020-07-11T00:00,17.3,0.00,67,11.2,16.0,0.00,0.00,0.00,3,100,100,100,9,11.7,345,342,19.7,24.8,0,0.00,1019.0,1005.0
2020-07-11T01:00,16.7,0.20,81,13.5,16.3,0.20,0.00,0.00,51,100,100,100,100,10.4,353,346,21.0,25.2,0,0.00,1019.3,1005.2
2020-07-11T02:00,16.1,1.10,89,14.3,15.9,1.10,0.00,0.00,55,100,100,100,100,10.5,342,333,20.5,22.3,0,0.00,1019.7,1005.6
2020-07-11T03:00,15.7,0.90,90,14.0,15.6,0.90,0.00,0.00,53,89,59,84,2,9.0,4,355,18.4,22.3,0,0.00,1019.7,1005.6
2020-07-11T04:00,15.3,0.10,88,13.3,15.0,0.10,0.00,0.00,51,32,0,25,23,8.6,7,358,18.1,19.4,0,0.00,1019.8,1005.7
2020-07-11T05:00,14.5,0.00,90,12.9,14.4,0.00,0.00,0.00,0,16,0,5,13,7.0,5,348,16.3,18.7,1,0.00,1020.4,1006.2
2020-07-11T06:00,15.0,0.00,88,13.1,14.9,0.00,0.00,0.00,1,21,0,1,21,7.7,7,349,14.2,16.2,1,3085.42,1021.3,1007.1
2020-07-11T07:00,15.8,0.00,81,12.5,15.2,0.00,0.00,0.00,1,20,0,7,19,9.5,358,351,13.0,21.2,1,3600.00,1021.8,1007.7
2020-07-11T08:00,16.7,0.00,72,11.7,15.7,0.00,0.00,0.00,0,10,0,2,10,10.2,357,352,13.7,24.8,1,3600.00,1022.2,1008.1
2020-07-11T09:00,18.1,0.00,61,10.4,16.7,0.00,0.00,0.00,1,26,0,23,8,10.6,353,350,14.2,26.6,1,3600.00,1022.2,1008.2
2020-07-11T10:00,19.0,0.00,54,9.5,17.5,0.00,0.00,0.00,1,32,0,32,3,10.2,343,342,13.9,27.0,1,3600.00,1022.5,1008.5
2020-07-11T11:00,19.9,0.00,47,8.2,18.4,0.00,0.00,0.00,1,30,0,29,18,10.5,339,338,13.9,27.4,1,3600.00,1022.8,1008.8
2020-07-11T12:00,20.8,0.00,42,7.5,19.4,0.00,0.00,0.00,2,57,0,57,20,11.4,338,336,15.2,29.2,1,3600.00,1022.9,1009.0
2020-07-11T13:00,21.1,0.00,40,7.1,19.3,0.00,0.00,0.00,2,78,0,44,2,11.0,342,341,14.8,29.5,1,3600.00,1023.2,1009.3
2020-07-11T14:00,21.5,0.00,38,6.4,19.7,0.00,0.00,0.00,1,41,0,41,0,10.9,351,351,14.6,28.8,1,3600.00,1023.2,1009.3
2020-07-11T15:00,22.1,0.00,34,5.4,20.3,0.00,0.00,0.00,1,32,0,32,0,8.7,346,343,11.5,27.7,1,3600.00,1023.0,1009.1
2020-07-11T16:00,22.2,0.00,32,4.8,19.0,0.00,0.00,0.00,3,100,0,100,0,13.4,342,340,18.2,29.5,1,3600.00,1022.8,1009.0
2020-07-11T17:00,21.0,0.00,35,5.1,17.5,0.00,0.00,0.00,3,81,0,81,0,15.5,359,1,23.4,37.1,1,1316.27,1023.1,1009.2
2020-07-11T18:00,21.1,0.00,34,4.8,18.0,0.00,0.00,0.00,2,51,0,51,0,12.7,347,345,19.9,34.2,1,3600.00,1023.2,1009.3
2020-07-11T19:00,20.0,0.00,41,6.3,17.5,0.00,0.00,0.00,2,51,0,51,0,10.8,359,356,20.2,29.9,1,3600.00,1023.6,1009.6
2020-07-11T20:00,17.8,0.00,52,8.0,16.5,0.00,0.00,0.00,1,48,0,48,0,5.2,9,12,13.8,23.8,1,3173.10,1023.8,1009.7
2020-07-11T21:00,16.9,0.00,51,6.8,15.3,0.00,0.00,0.00,1,47,0,47,0,5.8,11,30,14.7,11.9,0,0.00,1024.4,1010.3
2020-07-11T22:00,16.6,0.00,49,5.8,14.3,0.00,0.00,0.00,1,35,0,35,0,8.4,13,20,19.9,17.6,0,0.00,1024.8,1010.7
2020-07-11T23:00,15.8,0.00,51,5.6,13.4,0.00,0.00,0.00,1,26,0,26,0,8.6,18,22,20.5,19.1,0,0.00,1025.2,1011.0
2020-07-12T00:00,14.7,0.00,56,6.0,12.6,0.00,0.00,0.00,0,16,0,16,0,7.4,28,23,18.7,18.0,0,0.00,1025.2,1011.0
2020-07-12T01:00,12.8,0.00,70,7.5,11.2,0.00,0.00,0.00,0,10,0,1,2,6.5,43,34,13.2,16.9,0,0.00,1025.5,1011.2
2020-07-12T02:00,12.3,0.00,70,7.0,10.6,0.00,0.00,0.00,0,5,0,5,1,6.1,56,50,15.6,13.3,0,0.00,1025.3,1010.9
2020-07-12T03:00,11.7,0.00,72,6.9,10.1,0.00,0.00,0.00,0,0,0,0,0,5.7,65,55,15.9,13.0,0,0.00,1025.0,1010.6
2020-07-12T04:00,10.6,0.00,79,7.0,8.8,0.00,0.00,0.00,0,0,0,0,0,7.1,74,60,12.8,11.9,0,0.00,1025.1,1010.7
2020-07-12T05:00,12.6,0.00,65,6.3,11.0,0.00,0.00,0.00,0,0,0,0,0,4.5,85,61,9.0,11.9,1,0.00,1025.6,1011.3
2020-07-12T06:00,13.0,0.00,70,7.7,12.4,0.00,0.00,0.00,0,0,0,0,0,0.4,95,270,4.0,8.3,1,3033.29,1026.1,1011.8
2020-07-12T07:00,15.1,0.00,64,8.3,14.6,0.00,0.00,0.00,0,0,0,0,0,0.7,90,270,0.4,7.2,1,3600.00,1026.6,1012.4
2020-07-12T08:00,17.3,0.00,57,8.8,16.8,0.00,0.00,0.00,0,0,0,0,0,1.3,360,326,1.4,9.7,1,3600.00,1026.6,1012.5
2020-07-12T09:00,19.4,0.00,51,9.1,18.9,0.00,0.00,0.00,0,0,0,0,0,1.9,360,338,2.5,12.2,1,3600.00,1026.4,1012.4
2020-07-12T10:00,21.2,0.00,42,7.8,21.0,0.00,0.00,0.00,1,37,0,37,0,3.7,23,11,4.7,14.8,1,3600.00,1026.2,1012.3
2020-07-12T11:00,22.4,0.00,38,7.3,21.9,0.00,0.00,0.00,1,40,0,40,0,4.9,25,17,6.8,16.9,1,3600.00,1025.7,1011.8
2020-07-12T12:00,23.4,0.00,33,6.1,23.1,0.00,0.00,0.00,3,97,0,97,0,7.1,34,30,9.1,20.9,1,3600.00,1025.4,1011.6
2020-07-12T13:00,23.4,0.00,35,6.9,22.6,0.00,0.00,0.00,3,83,0,71,0,8.4,45,43,10.7,23.4,1,3600.00,1025.7,1011.9
2020-07-12T14:00,23.2,0.00,35,6.9,21.2,0.00,0.00,0.00,1,43,0,43,0,8.2,62,61,10.6,22.0,1,3600.00,1025.4,1011.6
2020-07-12T15:00,24.0,0.00,32,6.2,23.0,0.00,0.00,0.00,3,83,0,83,0,6.8,69,72,8.9,22.7,1,3600.00,1024.9,1011.1
2020-07-12T16:00,24.2,0.00,31,5.9,22.2,0.00,0.00,0.00,3,84,0,84,0,6.7,72,74,9.1,19.8,1,3600.00,1024.4,1010.6
2020-07-12T17:00,24.4,0.00,30,5.7,22.6,0.00,0.00,0.00,2,52,0,52,0,5.2,72,74,7.2,18.4,1,3600.00,1024.0,1010.2
2020-07-12T18:00,23.8,0.00,33,6.6,21.9,0.00,0.00,0.00,3,80,0,80,0,7.1,61,60,11.9,16.2,1,3600.00,1023.9,1010.1
2020-07-12T19:00,22.1,0.00,39,7.7,20.0,0.00,0.00,0.00,1,24,0,24,0,10.5,65,63,20.6,24.1,1,3600.00,1024.0,1010.1
2020-07-12T20:00,19.8,0.00,46,7.7,18.2,0.00,0.00,0.00,2,67,49,35,0,6.8,90,90,17.6,23.8,1,3132.93,1023.9,1009.9
2020-07-12T21:00,18.8,0.00,44,6.4,16.4,0.00,0.00,0.00,2,72,57,36,0,10.4,76,70,23.7,20.9,0,0.00,1024.4,1010.4
2020-07-12T22:00,18.0,0.00,48,6.9,15.5,0.00,0.00,0.00,3,90,88,20,0,11.6,75,68,26.1,24.8,0,0.00,1024.5,1010.4
2020-07-12T23:00,17.4,0.00,52,7.4,14.9,0.00,0.00,0.00,3,90,90,2,0,12.5,75,72,27.2,27.0,0,0.00,1024.4,1010.3
2020-07-13T00:00,17.0,0.00,55,7.8,14.4,0.00,0.00,0.00,3,87,87,1,0,14.2,80,81,29.6,29.9,0,0.00,1024.5,1010.4
2020-07-13T01:00,16.9,0.00,56,8.0,14.4,0.00,0.00,0.00,3,94,94,0,0,13.5,82,81,28.4,29.9,0,0.00,1024.0,1009.9
2020-07-13T02:00,16.5,0.00,56,7.8,13.9,0.00,0.00,0.00,3,88,88,0,0,13.5,83,81,28.3,28.4,0,0.00,1023.8,1009.7
2020-07-13T03:00,15.7,0.00,60,7.8,13.7,0.00,0.00,0.00,3,98,98,0,0,9.7,87,86,24.2,27.7,0,0.00,1023.8,1009.6
2020-07-13T04:00,14.3,0.00,66,8.0,12.8,0.00,0.00,0.00,3,99,99,0,0,6.8,90,93,20.2,20.9,0,0.00,1023.7,1009.5
2020-07-13T05:00,13.9,0.00,69,8.3,12.5,0.00,0.00,0.00,3,99,99,0,0,6.5,91,87,19.4,15.1,1,0.00,1023.7,1009.4
2020-07-13T06:00,15.3,0.00,67,9.1,14.1,0.00,0.00,0.00,3,100,100,1,0,6.3,88,77,16.6,14.4,1,1258.46,1023.9,1009.7
2020-07-13T07:00,17.1,0.00,60,9.4,16.2,0.00,0.00,0.00,3,99,99,2,0,5.0,92,90,9.4,14.4,1,3600.00,1024.0,1009.9
2020-07-13T08:00,19.0,0.00,55,9.8,18.2,0.00,0.00,0.00,3,98,98,1,0,4.8,102,103,7.0,14.8,1,3600.00,1023.8,1009.8
2020-07-13T09:00,20.9,0.00,50,10.2,20.3,0.00,0.00,0.00,3,99,99,0,0,4.5,100,104,6.2,15.8,1,3600.00,1023.4,1009.5
2020-07-13T10:00,22.6,0.00,44,9.6,22.5,0.00,0.00,0.00,3,98,98,0,0,4.6,103,108,6.6,16.9,1,3600.00,1022.8,1009.0
2020-07-13T11:00,23.7,0.00,37,8.1,23.6,0.00,0.00,0.00,3,95,95,13,3,6.0,103,107,8.1,19.4,1,3600.00,1022.5,1008.7
2020-07-13T12:00,24.4,0.00,35,7.8,24.4,0.00,0.00,0.00,3,97,97,15,0,6.7,102,106,8.8,21.2,1,3600.00,1021.9,1008.2
2020-07-13T13:00,25.4,0.00,30,6.6,25.2,0.00,0.00,0.00,3,99,95,32,0,7.2,84,84,9.8,21.6,1,3600.00,1021.4,1007.7
2020-07-13T14:00,25.5,0.00,29,6.3,24.2,0.00,0.00,0.00,3,98,93,75,0,5.6,47,40,7.4,19.4,1,3600.00,1020.5,1006.8
2020-07-13T15:00,25.7,0.00,29,6.1,23.8,0.00,0.00,0.00,3,99,90,94,0,7.4,27,23,9.7,19.8,1,3600.00,1020.0,1006.3
2020-07-13T16:00,25.6,0.00,29,6.2,23.5,0.00,0.00,0.00,3,96,73,85,0,7.9,27,24,10.1,20.2,1,3600.00,1019.4,1005.8
2020-07-13T17:00,25.2,0.00,32,7.1,23.6,0.00,0.00,0.00,3,82,56,61,0,5.9,45,43,8.7,19.4,1,1996.00,1018.8,1005.1
2020-07-13T18:00,24.9,0.00,35,8.3,23.8,0.00,0.00,0.00,2,77,41,61,0,4.7,88,86,8.6,14.8,1,3600.00,1018.5,1004.8
2020-07-13T19:00,23.5,0.00,47,11.4,23.2,0.00,0.00,0.00,2,70,31,57,0,4.7,110,113,11.5,12.6,1,3600.00,1018.3,1004.6
2020-07-13T20:00,22.1,0.00,43,8.8,20.7,0.00,0.00,0.00,2,63,27,49,0,7.3,111,101,17.0,14.4,1,1814.36,1018.1,1004.3
2020-07-13T21:00,21.3,0.00,41,7.4,19.0,0.00,0.00,0.00,2,74,40,58,0,10.6,121,114,23.1,21.6,0,0.00,1018.3,1004.5
2020-07-13T22:00,19.9,0.00,45,7.7,18.1,0.00,0.00,0.00,3,80,65,46,0,8.2,126,113,20.1,21.6,0,0.00,1018.3,1004.4
2020-07-13T23:00,18.1,0.00,52,8.2,16.7,0.00,0.00,0.00,3,85,83,12,0,6.2,128,100,15.1,17.6,0,0.00,1018.0,1004.0
2020-07-14T00:00,17.2,0.00,55,8.2,15.6,0.00,0.00,0.00,3,84,80,20,0,7.6,111,93,15.8,14.8,0,0.00,1018.0,1004.0
2020-07-14T01:00,16.1,0.00,61,8.6,14.9,0.00,0.00,0.00,3,86,84,38,0,5.7,118,108,15.5,18.0,0,0.00,1017.7,1003.6
2020-07-14T02:00,15.1,0.00,64,8.4,13.7,0.00,0.00,0.00,3,87,78,40,0,6.8,122,93,17.8,15.8,0,0.00,1017.4,1003.3
2020-07-14T03:00,15.7,0.00,63,8.6,14.1,0.00,0.00,0.00,3,92,87,45,0,8.5,130,102,19.4,16.9,0,0.00,1017.0,1002.9
2020-07-14T04:00,15.5,0.00,64,8.8,14.1,0.00,0.00,0.00,3,87,79,39,0,7.6,133,109,18.3,18.0,0,0.00,1016.6,1002.5
2020-07-14T05:00,14.9,0.00,69,9.3,13.8,0.00,0.00,0.00,2,67,51,33,0,5.7,132,108,14.5,15.5,1,0.00,1016.5,1002.4
2020-07-14T06:00,16.0,0.00,66,9.7,14.6,0.00,0.00,0.00,2,50,35,25,0,9.4,129,113,17.7,18.0,1,2706.07,1016.5,1002.4
2020-07-14T07:00,18.2,0.00,60,10.4,17.0,0.00,0.00,0.00,2,60,53,16,0,9.2,124,116,16.1,21.2,1,3600.00,1016.3,1002.4
2020-07-14T08:00,20.4,0.00,54,10.7,19.6,0.00,0.00,0.00,2,75,69,22,0,6.9,131,133,10.0,20.2,1,3600.00,1016.1,1002.3
2020-07-14T09:00,22.2,0.00,49,10.9,21.6,0.00,0.00,0.00,3,85,74,45,0,6.1,149,152,8.4,18.7,1,3600.00,1015.9,1002.1
2020-07-14T10:00,23.7,0.00,44,10.8,23.2,0.00,0.00,0.00,3,86,58,69,0,5.0,177,180,6.5,18.4,1,3600.00,1015.5,1001.8
2020-07-14T11:00,25.1,0.00,36,9.0,24.9,0.00,0.00,0.00,1,44,15,35,0,4.4,215,215,5.7,16.6,1,3600.00,1015.0,1001.4
2020-07-14T12:00,25.5,0.00,33,7.9,25.0,0.00,0.00,0.00,2,53,45,15,0,3.3,232,229,4.1,16.2,1,3600.00,1014.5,1000.9
2020-07-14T13:00,25.8,0.00,34,8.5,25.3,0.00,0.00,0.00,3,85,76,41,0,5.5,238,238,6.8,14.4,1,3600.00,1013.7,1000.1
2020-07-14T14:00,26.0,0.00,34,8.8,25.0,0.00,0.00,0.00,3,87,82,37,0,4.3,222,222,5.4,16.9,1,3600.00,1013.1,999.6
2020-07-14T15:00,26.1,0.00,34,8.9,25.2,0.00,0.00,0.00,3,91,85,45,0,4.2,200,200,5.4,14.8,1,3600.00,1012.6,999.1
2020-07-14T16:00,25.9,0.00,34,9.0,24.7,0.00,0.00,0.00,3,92,87,48,0,6.4,205,207,8.4,16.2,1,3600.00,1012.4,998.9
2020-07-14T17:00,25.6,0.00,36,9.3,24.5,0.00,0.00,0.00,3,96,90,77,0,6.3,197,193,8.7,18.7,1,3600.00,1012.1,998.6
2020-07-14T18:00,24.9,0.00,36,8.8,23.3,0.00,0.00,0.00,3,99,78,95,0,9.2,295,296,16.3,16.9,1,1829.00,1011.9,998.3
2020-07-14T19:00,22.9,0.00,42,9.3,20.5,0.00,0.00,0.00,3,100,91,99,0,15.6,311,308,27.3,37.4,1,0.00,1012.5,998.8
2020-07-14T20:00,21.9,0.00,45,9.4,20.2,0.00,0.00,0.00,3,100,99,100,0,10.9,308,304,20.5,33.5,1,0.00,1012.8,999.1
2020-07-14T21:00,20.7,0.00,53,10.9,19.2,0.00,0.00,0.00,3,100,96,100,0,12.2,333,332,20.3,25.6,0,0.00,1013.3,999.5
2020-07-14T22:00,19.8,0.00,62,12.2,19.3,0.00,0.00,0.00,3,95,27,94,0,7.7,329,323,16.0,25.6,0,0.00,1013.6,999.8
2020-07-14T23:00,19.4,0.00,65,12.7,18.9,0.00,0.00,0.00,3,93,87,63,0,8.9,323,317,17.5,19.4,0,0.00,1013.7,999.8
2020-07-15T00:00,18.5,0.00,68,12.4,18.2,0.00,0.00,0.00,3,95,92,44,5,7.3,308,303,15.9,19.1,0,0.00,1013.7,999.8
2020-07-15T01:00,17.2,0.00,82,14.1,17.2,0.00,0.00,0.00,3,97,100,100,0,9.1,355,351,17.3,15.5,0,0.00,1013.7,999.7
2020-07-15T02:00,17.0,1.20,86,14.6,18.0,1.20,0.00,0.00,55,99,99,86,0,3.4,358,328,9.0,18.7,0,0.00,1013.5,999.5
2020-07-15T03:00,16.5,0.20,91,15.0,17.7,0.20,0.00,0.00,51,100,99,90,18,3.3,338,319,7.8,7.9,0,0.00,1013.3,999.3
2020-07-15T04:00,16.2,0.20,92,14.9,17.4,0.20,0.00,0.00,51,100,100,67,13,2.8,325,310,7.5,8.3,0,0.00,1013.3,999.3
2020-07-15T05:00,16.4,0.60,94,15.4,18.0,0.60,0.00,0.00,53,100,100,93,3,1.6,315,243,3.1,7.6,1,0.00,1013.0,999.0
2020-07-15T06:00,16.5,0.40,93,15.3,17.8,0.40,0.00,0.00,51,100,100,100,21,3.6,236,225,6.5,8.6,1,0.00,1013.3,999.3
2020-07-15T07:00,16.7,0.40,87,14.6,17.3,0.40,0.00,0.00,51,100,100,100,24,6.5,239,236,10.5,20.5,1,0.00,1013.5,999.5
2020-07-15T08:00,16.5,0.80,87,14.4,16.7,0.80,0.00,0.00,53,100,100,100,56,8.2,253,255,13.6,24.5,1,0.00,1013.9,999.9
2020-07-15T09:00,16.5,0.60,90,14.9,17.2,0.60,0.00,0.00,53,100,100,100,91,6.8,248,245,10.5,24.5,1,0.00,1014.0,1000.0
2020-07-15T10:00,16.6,0.60,93,15.4,17.5,0.60,0.00,0.00,53,100,41,100,100,6.2,256,260,8.9,23.4,1,0.00,1014.3,1000.3
2020-07-15T11:00,15.8,1.20,91,14.3,15.9,1.20,0.00,0.00,55,100,0,100,66,9.0,309,307,13.0,28.1,1,0.00,1014.8,1000.8
2020-07-15T12:00,16.2,0.30,87,14.0,16.9,0.30,0.00,0.00,51,99,0,99,8,4.1,322,308,5.9,20.2,1,0.00,1014.9,1000.9
2020-07-15T13:00,16.7,0.00,82,13.7,16.6,0.00,0.00,0.00,3,94,58,100,49,9.0,310,307,12.8,16.2,1,957.05,1015.0,1001.0
2020-07-15T14:00,17.1,0.30,82,14.1,17.4,0.30,0.00,0.00,51,92,28,88,16,7.4,319,313,10.5,22.0,1,0.00,1014.9,1000.9
2020-07-15T15:00,19.0,0.10,66,12.6,18.6,0.10,0.00,0.00,51,43,4,30,31,8.0,293,288,11.0,20.9,1,3600.00,1014.6,1000.7
2020-07-15T16:00,20.5,0.10,55,11.3,19.7,0.10,0.00,0.00,51,67,48,39,19,8.5,301,298,11.8,24.8,1,3600.00,1014.4,1000.6
2020-07-15T17:00,21.0,0.00,51,10.5,20.3,0.00,0.00,0.00,3,89,84,42,0,5.4,246,233,7.1,22.3,1,3600.00,1014.0,1000.2
2020-07-15T18:00,20.4,0.00,64,13.4,19.7,0.00,0.00,0.00,3,100,38,100,10,12.0,220,219,16.9,27.0,1,3600.00,1014.2,1000.4
2020-07-15T19:00,19.0,0.40,75,14.4,19.1,0.40,0.00,0.00,51,31,0,30,10,9.0,219,217,13.8,28.1,1,3600.00,1014.9,1001.0
2020-07-15T20:00,17.8,0.00,81,14.6,18.2,0.00,0.00,0.00,2,63,14,56,18,7.7,208,191,15.5,22.3,1,2900.93,1015.1,1001.2
2020-07-15T21:00,17.2,0.00,84,14.5,17.7,0.00,0.00,0.00,3,80,50,62,1,6.6,213,193,15.9,15.5,0,0.00,1015.7,1001.7
2020-07-15T22:00,16.4,0.00,86,14.0,17.0,0.00,0.00,0.00,3,100,100,87,3,4.7,229,212,13.3,13.0,0,0.00,1016.1,1002.1
2020-07-15T23:00,16.3,0.00,89,14.4,16.9,0.00,0.00,0.00,3,100,100,99,5,5.8,291,274,10.0,9.0,0,0.00,1016.5,1002.5
2020-07-16T00:00,17.0,0.00,77,12.9,16.8,0.00,0.00,0.00,3,99,98,93,1,7.4,342,346,16.6,13.3,0,0.00,1016.8,1002.8
2020-07-16T01:00,16.7,0.00,87,14.5,17.6,0.00,0.00,0.00,3,100,94,100,9,4.0,295,270,9.5,19.4,0,0.00,1016.8,1002.8
2020-07-16T02:00,16.2,0.20,88,14.2,17.1,0.20,0.00,0.00,51,100,30,100,0,2.9,311,277,7.7,9.0,0,0.00,1016.6,1002.6
2020-07-16T03:00,15.9,0.30,91,14.4,16.9,0.30,0.00,0.00,51,100,77,100,0,2.5,308,270,5.9,6.5,0,0.00,1016.6,1002.5
2020-07-16T04:00,15.8,0.50,93,14.7,16.9,0.50,0.00,0.00,53,100,13,100,10,3.2,295,270,6.0,7.6,0,0.00,1016.8,1002.7
2020-07-16T05:00,15.6,0.40,92,14.4,16.6,0.40,0.00,0.00,51,100,91,100,12,3.3,277,264,5.8,8.6,1,0.00,1017.0,1002.9
2020-07-16T06:00,15.6,0.30,90,13.9,16.5,0.30,0.00,0.00,51,100,75,100,94,2.3,235,231,4.4,8.3,1,0.00,1016.8,1002.7
2020-07-16T07:00,15.5,0.30,93,14.3,16.0,0.30,0.00,0.00,51,100,79,100,94,6.6,227,225,12.7,14.8,1,0.00,1017.0,1002.9
2020-07-16T08:00,15.9,0.30,94,14.9,16.3,0.30,0.00,0.00,51,100,62,99,59,7.9,237,231,15.1,21.6,1,0.00,1017.2,1003.1
2020-07-16T09:00,15.6,0.90,90,13.9,14.7,0.90,0.00,0.00,53,100,82,100,13,14.4,273,271,23.1,27.4,1,0.00,1017.3,1003.2
2020-07-16T10:00,15.4,0.60,91,14.0,15.0,0.60,0.00,0.00,53,100,96,100,31,11.9,287,284,20.3,29.9,1,0.00,1017.8,1003.7
2020-07-16T11:00,15.9,0.30,90,14.2,15.7,0.30,0.00,0.00,51,100,96,100,44,10.2,282,280,15.5,25.9,1,0.00,1018.1,1004.0
2020-07-16T12:00,16.5,0.20,87,14.3,16.5,0.20,0.00,0.00,51,100,98,100,65,9.2,281,281,13.2,26.6,1,0.00,1018.1,1004.0
2020-07-16T13:00,15.6,0.30,89,13.8,15.6,0.30,0.00,0.00,51,100,79,100,95,8.5,257,258,13.3,24.5,1,0.00,1018.5,1004.4
2020-07-16T14:00,15.8,0.80,89,14.1,15.7,0.80,0.00,0.00,53,100,48,100,95,10.1,271,270,14.8,23.4,1,0.00,1018.4,1004.3
2020-07-16T15:00,16.3,0.40,84,13.6,16.1,0.40,0.00,0.00,51,100,71,100,94,9.5,284,281,13.7,22.7,1,0.00,1018.2,1004.1
2020-07-16T16:00,16.4,0.10,85,13.9,16.8,0.10,0.00,0.00,51,100,65,100,43,5.8,272,266,8.6,22.3,1,0.00,1018.2,1004.1
2020-07-16T17:00,16.5,0.00,85,14.0,17.3,0.00,0.00,0.00,3,100,10,100,48,3.8,245,229,6.0,14.4,1,0.00,1018.2,1004.1
2020-07-16T18:00,16.4,0.10,88,14.4,17.1,0.10,0.00,0.00,51,100,69,100,100,5.1,205,188,7.6,11.2,1,0.00,1018.2,1004.1
2020-07-16T19:00,16.3,0.30,91,14.8,17.2,0.30,0.00,0.00,51,100,1,100,100,4.5,225,209,8.1,10.8,1,0.00,1018.4,1004.3
2020-07-16T20:00,16.0,0.30,95,15.1,17.1,0.30,0.00,0.00,51,100,0,100,97,4.1,241,225,9.0,9.7,1,0.00,1018.2,1004.1
2020-07-16T21:00,15.9,0.20,95,15.0,16.9,0.20,0.00,0.00,51,100,0,100,100,4.3,250,228,10.4,9.7,0,0.00,1018.5,1004.4
2020-07-16T22:00,15.8,0.10,94,14.9,16.7,0.10,0.00,0.00,51,100,0,100,79,5.3,256,242,12.2,11.9,0,0.00,1018.6,1004.5
2020-07-16T23:00,15.7,0.00,94,14.8,16.5,0.00,0.00,0.00,3,99,0,98,34,5.9,273,259,12.6,12.6,0,0.00,1018.9,1004.8
2020-07-17T00:00,15.6,0.00,94,14.6,16.2,0.00,0.00,0.00,3,86,0,82,34,5.7,300,288,12.9,13.0,0,0.00,1018.9,1004.8
2020-07-17T01:00,15.6,0.00,94,14.6,16.4,0.00,0.00,0.00,3,93,0,100,29,5.0,303,291,12.0,13.0,0,0.00,1019.0,1004.9
2020-07-17T02:00,15.6,0.10,93,14.5,16.2,0.10,0.00,0.00,51,99,0,99,34,5.8,307,300,12.6,11.9,0,0.00,1018.8,1004.7
2020-07-17T03:00,15.5,0.10,91,14.0,15.7,0.10,0.00,0.00,51,100,0,100,32,7.4,317,317,14.8,15.1,0,0.00,1018.8,1004.7
2020-07-17T04:00,15.2,0.00,95,14.4,15.9,0.00,0.00,0.00,3,97,0,96,46,5.2,327,326,12.0,15.1,0,0.00,1018.9,1004.8
2020-07-17T05:00,15.1,0.00,96,14.5,15.9,0.00,0.00,0.00,2,77,0,73,30,4.3,340,336,10.4,11.2,1,0.00,1019.1,1005.0
2020-07-17T06:00,15.6,0.00,90,14.0,15.9,0.00,0.00,0.00,2,63,0,48,49,6.8,2,357,11.9,15.5,1,0.00,1019.5,1005.4
2020-07-17T07:00,16.2,0.00,90,14.5,16.8,0.00,0.00,0.00,1,44,0,29,32,5.9,19,11,8.8,16.2,1,2653.47,1019.8,1005.7
2020-07-17T08:00,17.3,0.00,86,14.8,18.1,0.00,0.00,0.00,1,31,0,18,24,5.0,9,360,6.6,16.6,1,3600.00,1020.3,1006.3
2020-07-17T09:00,18.5,0.00,82,15.4,19.6,0.00,0.00,0.00,2,57,0,24,51,4.5,353,346,5.8,18.0,1,3600.00,1020.5,1006.5
2020-07-17T10:00,19.5,0.00,77,15.4,20.7,0.00,0.00,0.00,2,51,0,25,41,3.8,330,319,5.0,22.0,1,3600.00,1020.4,1006.5
2020-07-17T11:00,20.4,0.00,73,15.3,21.5,0.00,0.00,0.00,3,81,0,34,78,4.6,317,309,5.9,24.5,1,3600.00,1020.2,1006.3
2020-07-17T12:00,21.1,0.20,68,14.9,22.1,0.20,0.00,0.00,51,55,8,49,6,6.9,325,321,8.8,24.8,1,3600.00,1020.0,1006.1
2020-07-17T13:00,21.5,0.10,56,12.4,22.3,0.10,0.00,0.00,51,64,23,68,14,6.9,353,351,9.1,23.0,1,3600.00,1020.1,1006.3
2020-07-17T14:00,22.2,0.00,52,11.9,21.4,0.00,0.00,0.00,2,68,22,51,48,9.8,355,354,13.0,24.5,1,3600.00,1020.0,1006.2
2020-07-17T15:00,22.6,0.00,48,11.0,21.3,0.00,0.00,0.00,3,81,64,47,16,10.5,354,354,14.5,26.3,1,3600.00,1019.7,1005.9
2020-07-17T16:00,22.4,0.00,47,10.6,21.0,0.00,0.00,0.00,1,44,21,29,5,10.5,4,4,14.4,25.6,1,3600.00,1019.7,1005.9
2020-07-17T17:00,22.5,0.00,46,10.4,21.3,0.00,0.00,0.00,1,44,2,43,0,9.0,358,355,13.0,24.8,1,3600.00,1019.6,1005.8
2020-07-17T18:00,22.3,0.00,48,10.7,21.3,0.00,0.00,0.00,1,47,0,47,0,7.8,348,347,12.1,21.6,1,3600.00,1019.4,1005.6
2020-07-17T19:00,21.1,0.00,59,12.7,21.2,0.00,0.00,0.00,2,53,0,53,1,5.2,335,326,12.7,18.0,1,3600.00,1019.3,1005.4
2020-07-17T20:00,19.6,0.00,61,12.0,19.3,0.00,0.00,0.00,3,89,0,89,6,5.7,343,342,14.7,11.9,1,1605.67,1019.4,1005.5
2020-07-17T21:00,18.8,0.00,62,11.3,18.3,0.00,0.00,0.00,3,94,0,94,11,6.0,20,25,14.6,12.6,0,0.00,1019.8,1005.8
2020-07-17T22:00,18.1,0.00,64,11.1,17.5,0.00,0.00,0.00,3,82,0,82,0,6.8,71,65,15.3,14.0,0,0.00,1020.3,1006.3
2020-07-17T23:00,17.4,0.00,63,10.4,16.5,0.00,0.00,0.00,3,80,0,80,2,7.3,86,79,16.6,15.1,0,0.00,1020.5,1006.5
2020-07-18T00:00,16.8,0.00,63,9.8,15.8,0.00,0.00,0.00,3,94,0,94,3,6.6,90,81,15.8,15.1,0,0.00,1020.6,1006.5
2020-07-18T01:00,16.6,0.00,74,11.8,16.4,0.00,0.00,0.00,1,42,0,95,4,4.7,119,94,9.5,13.3,0,0.00,1020.7,1006.6
2020-07-18T02:00,15.7,0.00,77,11.7,15.6,0.00,0.00,0.00,1,46,0,46,6,4.1,124,105,8.3,9.4,0,0.00,1020.4,1006.3
2020-07-18T03:00,15.1,0.00,78,11.3,14.6,0.00,0.00,0.00,1,36,0,36,1,5.7,126,108,9.8,11.2,0,0.00,1020.3,1006.1
2020-07-18T04:00,14.7,0.00,76,10.6,13.8,0.00,0.00,0.00,1,33,0,33,0,7.4,118,104,11.4,14.4,0,0.00,1020.1,1005.9
2020-07-18T05:00,14.4,0.00,77,10.5,13.8,0.00,0.00,0.00,2,54,0,54,0,5.4,107,94,9.8,14.4,1,0.00,1020.0,1005.8
2020-07-18T06:00,15.8,0.00,75,11.3,15.5,0.00,0.00,0.00,3,86,0,86,0,4.8,105,103,7.1,10.8,1,1070.12,1020.2,1006.1
2020-07-18T07:00,17.4,0.00,70,11.8,17.3,0.00,0.00,0.00,1,33,0,33,0,4.0,111,117,7.0,10.8,1,2244.02,1020.3,1006.3
2020-07-18T08:00,19.4,0.00,61,11.8,19.3,0.00,0.00,0.00,1,22,0,22,0,4.3,111,114,6.2,13.3,1,3600.00,1020.5,1006.6
2020-07-18T09:00,21.2,0.00,55,11.7,21.2,0.00,0.00,0.00,1,25,4,22,1,3.5,111,114,5.0,14.0,1,3600.00,1020.2,1006.3
2020-07-18T10:00,22.4,0.00,50,11.6,22.9,0.00,0.00,0.00,1,24,20,4,0,1.5,72,76,2.3,13.7,1,3600.00,1019.9,1006.1
2020-07-18T11:00,23.7,0.00,44,10.9,24.8,0.00,0.00,0.00,3,84,25,79,3,3.5,32,24,4.7,14.8,1,3600.00,1019.4,1005.7
2020-07-18T12:00,24.7,0.00,40,10.2,26.0,0.00,0.00,0.00,3,99,68,98,0,3.8,21,17,5.0,16.2,1,3600.00,1019.0,1005.3
2020-07-18T13:00,24.4,0.00,40,9.8,24.2,0.00,0.00,0.00,3,100,37,95,0,1.1,101,108,1.8,15.8,1,2714.88,1019.0,1005.3
2020-07-18T14:00,24.5,0.00,40,10.1,24.4,0.00,0.00,0.00,3,100,43,100,0,1.3,198,214,1.1,8.6,1,1068.93,1018.7,1005.0
2020-07-18T15:00,24.7,0.00,40,10.3,24.5,0.00,0.00,0.00,3,99,52,97,0,1.9,196,202,2.6,9.4,1,493.73,1018.5,1004.8
2020-07-18T16:00,24.9,0.00,40,10.3,24.7,0.00,0.00,0.00,3,96,67,87,0,2.3,194,198,3.0,10.4,1,3112.77,1018.1,1004.4
2020-07-18T17:00,24.7,0.00,41,10.5,24.5,0.00,0.00,0.00,3,99,47,98,0,2.5,174,180,3.3,9.7,1,1838.03,1017.8,1004.1
2020-07-18T18:00,24.1,0.00,59,15.7,25.8,0.00,0.00,0.00,3,98,93,79,0,1.6,163,153,3.8,7.9,1,8.54,1017.7,1004.0
2020-07-18T19:00,24.3,0.00,42,10.7,24.2,0.00,0.00,0.00,3,87,74,50,0,2.0,203,225,2.7,5.4,1,1371.15,1017.4,1003.7
2020-07-18T20:00,23.5,0.00,46,11.2,23.2,0.00,0.00,0.00,3,83,74,35,1,4.7,266,293,5.4,6.8,1,2839.01,1017.5,1003.8
2020-07-18T21:00,20.2,0.00,61,12.4,20.3,0.00,0.00,0.00,3,91,89,24,2,4.1,333,52,3.2,6.8,0,0.00,1017.8,1003.9
2020-07-18T22:00,19.0,0.00,63,11.7,18.6,0.00,0.00,0.00,3,89,86,19,0,5.8,61,83,7.4,12.2,0,0.00,1018.0,1004.1
2020-07-18T23:00,17.4,0.00,65,10.9,16.8,0.00,0.00,0.00,1,21,5,16,0,6.1,94,90,10.5,13.3,0,0.00,1018.0,1004.0
2020-07-19T00:00,16.6,0.00,67,10.4,15.8,0.00,0.00,0.00,0,18,7,12,0,5.9,124,101,12.2,12.6,0,0.00,1017.7,1003.7
2020-07-19T01:00,15.1,0.00,81,11.9,14.8,0.00,0.00,0.00,1,21,1,3,0,5.8,133,112,11.7,14.0,0,0.00,1018.1,1004.0
2020-07-19T02:00,14.5,0.00,82,11.4,14.1,0.00,0.00,0.00,0,7,6,1,0,6.1,130,93,12.3,12.2,0,0.00,1017.9,1003.8
2020-07-19T03:00,14.6,0.00,79,11.0,13.9,0.00,0.00,0.00,2,51,51,0,0,6.5,114,90,12.2,13.3,0,0.00,1017.6,1003.5
2020-07-19T04:00,14.2,0.00,79,10.7,13.5,0.00,0.00,0.00,0,3,3,0,0,6.6,121,103,12.6,13.0,0,0.00,1017.3,1003.1
2020-07-19T05:00,14.0,0.00,79,10.4,13.0,0.00,0.00,0.00,0,0,0,0,0,8.0,120,100,15.3,15.8,1,0.00,1017.3,1003.1
2020-07-19T06:00,15.6,0.00,76,11.3,14.8,0.00,0.00,0.00,0,0,0,0,0,7.6,118,98,14.7,16.6,1,2619.05,1017.2,1003.1
2020-07-19T07:00,18.3,0.00,69,12.6,18.3,0.00,0.00,0.00,0,0,0,0,0,5.8,127,120,11.3,15.1,1,3600.00,1017.4,1003.4
2020-07-19T08:00,20.9,0.00,62,13.3,21.4,0.00,0.00,0.00,0,0,0,0,0,3.8,135,139,5.6,13.7,1,3600.00,1017.5,1003.7
2020-07-19T09:00,23.0,0.00,55,13.4,23.6,0.00,0.00,0.00,0,0,0,0,0,3.4,156,162,4.3,13.3,1,3600.00,1017.3,1003.6
2020-07-19T10:00,24.8,0.00,47,12.8,25.8,0.00,0.00,0.00,1,40,40,0,0,3.8,194,197,4.5,14.4,1,3600.00,1017.2,1003.5
2020-07-19T11:00,25.9,0.00,42,11.9,27.2,0.00,0.00,0.00,0,18,18,0,0,4.3,225,228,5.6,16.6,1,3600.00,1016.9,1003.3
2020-07-19T12:00,26.5,0.00,39,11.4,28.1,0.00,0.00,0.00,1,27,27,0,0,3.8,228,229,4.8,16.6,1,3600.00,1016.5,1002.9
2020-07-19T13:00,27.0,0.00,36,10.6,28.6,0.00,0.00,0.00,2,73,95,0,0,4.6,223,225,5.9,16.9,1,3600.00,1016.4,1002.9
2020-07-19T14:00,27.2,0.00,35,10.4,28.1,0.00,0.00,0.00,3,96,96,1,0,3.5,247,246,4.7,16.2,1,3600.00,1016.0,1002.5
2020-07-19T15:00,27.5,0.00,35,10.5,28.1,0.00,0.00,0.00,3,99,99,5,0,2.5,264,270,3.6,14.4,1,3600.00,1015.5,1002.0
2020-07-19T16:00,27.4,0.00,35,10.5,27.4,0.00,0.00,0.00,3,97,96,20,0,0.7,180,180,0.7,11.9,1,3600.00,1015.1,1001.6
2020-07-19T17:00,27.1,0.00,36,10.9,27.0,0.00,0.00,0.00,3,98,98,5,0,2.3,74,72,2.6,7.2,1,3600.00,1014.8,1001.3
2020-07-19T18:00,27.1,0.00,37,11.3,27.1,0.00,0.00,0.00,3,96,96,5,0,3.1,48,45,4.3,7.6,1,3600.00,1014.6,1001.1
2020-07-19T19:00,24.9,0.00,68,18.6,27.5,0.00,0.00,0.00,3,88,88,4,0,4.1,124,135,5.2,7.2,1,3600.00,1014.6,1001.0
2020-07-19T20:00,22.0,0.00,61,14.1,22.3,0.00,0.00,0.00,2,53,52,2,0,6.4,157,142,8.2,10.1,1,1766.43,1014.4,1000.7
2020-07-19T21:00,20.1,0.00,62,12.7,19.9,0.00,0.00,0.00,0,1,0,1,0,7.0,158,125,8.6,11.2,0,0.00,1014.8,1001.0
2020-07-19T22:00,19.1,0.00,63,11.9,18.9,0.00,0.00,0.00,0,3,0,3,0,5.8,165,97,8.2,11.2,0,0.00,1015.1,1001.2
2020-07-19T23:00,19.8,0.00,55,10.6,19.0,0.00,0.00,0.00,0,2,0,2,0,7.2,151,108,11.1,13.7,0,0.00,1015.4,1001.5
2020-07-20T00:00,18.4,0.00,61,10.8,17.7,0.00,0.00,0.00,0,0,0,0,0,6.2,165,126,12.7,14.8,0,0.00,1015.4,1001.5
2020-07-20T01:00,18.5,0.00,64,11.5,18.0,0.00,0.00,0.00,0,0,24,3,0,6.8,191,148,16.9,11.9,0,0.00,1015.4,1001.5
2020-07-20T02:00,16.4,0.00,75,12.0,16.1,0.00,0.00,0.00,2,66,66,0,0,6.5,219,180,12.5,14.8,0,0.00,1015.6,1001.6
2020-07-20T03:00,15.7,0.00,80,12.3,15.5,0.00,0.00,0.00,3,81,81,0,0,6.2,232,173,8.2,11.2,0,0.00,1015.5,1001.4
2020-07-20T04:00,17.9,0.00,69,12.2,18.2,0.00,0.00,0.00,3,91,91,0,0,2.3,300,162,5.8,9.7,0,0.00,1015.7,1001.7
2020-07-20T05:00,17.8,0.00,70,12.2,18.2,0.00,0.00,0.00,3,93,92,7,0,1.3,329,124,6.3,4.7,1,0.00,1015.7,1001.7
2020-07-20T06:00,17.6,0.00,79,13.9,18.6,0.00,0.00,0.00,3,96,96,2,0,2.2,337,360,8.2,6.8,1,395.31,1015.9,1001.9
2020-07-20T07:00,19.0,0.00,71,13.6,19.8,0.00,0.00,0.00,2,77,77,0,0,2.9,360,353,7.6,9.4,1,3121.86,1016.0,1002.1
2020-07-20T08:00,20.9,0.00,66,14.2,21.8,0.00,0.00,0.00,2,51,50,3,0,2.6,323,304,3.6,10.1,1,3600.00,1016.2,1002.4
2020-07-20T09:00,22.4,0.00,61,14.5,22.6,0.00,0.00,0.00,1,27,0,27,0,8.7,316,312,11.5,23.4,1,3600.00,1016.8,1003.0
2020-07-20T10:00,23.8,0.00,57,14.8,24.1,0.00,0.00,0.00,1,47,0,46,1,8.5,336,332,11.4,23.0,1,3600.00,1017.0,1003.3
2020-07-20T11:00,24.4,0.00,53,14.1,24.0,0.00,0.00,0.00,1,47,0,47,0,11.6,346,344,15.2,27.7,1,3600.00,1017.2,1003.5
2020-07-20T12:00,25.0,0.00,48,13.1,24.6,0.00,0.00,0.00,1,33,0,33,0,11.7,352,351,15.6,28.8,1,3600.00,1017.4,1003.8
2020-07-20T13:00,27.4,0.00,44,14.0,28.7,0.00,0.00,0.00,1,40,0,38,0,4.3,12,5,5.2,28.4,1,3600.00,1016.5,1003.0
2020-07-20T14:00,27.6,0.00,42,13.6,28.9,0.00,0.00,0.00,1,43,0,43,0,3.9,328,326,4.7,16.9,1,3600.00,1016.1,1002.6
2020-07-20T15:00,27.7,0.00,41,13.2,27.8,0.00,0.00,0.00,1,36,0,36,0,7.7,321,319,10.2,19.8,1,3600.00,1016.0,1002.5
2020-07-20T16:00,27.1,0.00,42,13.1,26.3,0.00,0.00,0.00,1,37,17,33,0,11.8,335,333,15.9,27.0,1,3600.00,1016.1,1002.6
2020-07-20T17:00,26.5,0.00,43,12.9,25.6,0.00,0.00,0.00,1,34,0,34,0,11.9,355,355,17.3,28.1,1,3600.00,1016.4,1002.8
2020-07-20T18:00,25.7,0.00,44,12.7,25.0,0.00,0.00,0.00,1,48,16,39,4,10.7,347,346,18.1,27.0,1,3600.00,1016.5,1002.9
2020-07-20T19:00,24.0,0.00,54,14.1,23.3,0.00,0.00,0.00,1,23,12,13,0,13.4,352,346,23.6,29.9,1,3600.00,1017.1,1003.4
2020-07-20T20:00,22.6,0.00,58,13.9,21.9,0.00,0.00,0.00,2,79,71,28,0,13.1,357,352,24.9,28.8,1,2722.41,1017.5,1003.7
2020-07-20T21:00,21.4,0.00,62,13.8,20.6,0.00,0.00,0.00,3,89,83,34,0,13.5,356,351,25.6,28.8,0,0.00,1018.4,1004.6
2020-07-20T22:00,20.7,0.00,63,13.5,20.2,0.00,0.00,0.00,3,81,74,28,0,11.2,9,4,22.3,28.8,0,0.00,1018.9,1005.0
2020-07-20T23:00,19.7,0.00,65,13.0,19.3,0.00,0.00,0.00,1,23,0,23,0,9.0,12,2,19.5,23.4,0,0.00,1019.4,1005.5
2020-07-21T00:00,18.5,0.00,70,12.9,18.1,0.00,0.00,0.00,0,10,2,9,2,9.1,5,353,19.2,19.1,0,0.00,1019.6,1005.6
2020-07-21T01:00,18.2,0.00,75,13.6,17.8,0.00,0.00,0.00,2,62,5,20,0,10.7,359,348,21.6,21.2,0,0.00,1020.1,1006.1
2020-07-21T02:00,17.8,0.00,74,13.2,17.3,0.00,0.00,0.00,0,3,0,3,0,10.0,24,15,21.3,22.0,0,0.00,1020.0,1006.0
2020-07-21T03:00,16.9,0.00,77,12.9,16.5,0.00,0.00,0.00,0,2,0,0,2,8.8,26,12,20.4,20.5,0,0.00,1019.9,1005.8
2020-07-21T04:00,16.1,0.00,80,12.7,15.9,0.00,0.00,0.00,0,13,0,2,12,6.8,14,357,16.7,18.4,0,0.00,1020.1,1006.0
2020-07-21T05:00,15.7,0.00,82,12.6,15.5,0.00,0.00,0.00,1,27,0,18,24,7.3,9,351,15.7,14.4,1,0.00,1020.4,1006.3
2020-07-21T06:00,16.6,0.00,79,12.9,16.3,0.00,0.00,0.00,1,41,0,34,27,8.4,7,350,15.2,16.9,1,2212.05,1020.8,1006.7
2020-07-21T07:00,17.8,0.00,73,12.9,17.6,0.00,0.00,0.00,1,28,0,20,20,7.3,360,351,10.4,17.6,1,3600.00,1021.4,1007.4
2020-07-21T08:00,19.4,0.00,66,12.9,19.3,0.00,0.00,0.00,1,23,0,18,19,6.6,353,347,8.7,18.4,1,3600.00,1021.6,1007.6
2020-07-21T09:00,20.8,0.00,60,12.7,20.6,0.00,0.00,0.00,2,57,46,13,16,7.2,349,342,9.2,20.2,1,3600.00,1021.7,1007.8
2020-07-21T10:00,22.1,0.00,53,12.0,21.7,0.00,0.00,0.00,2,79,76,9,10,7.5,349,343,9.5,21.2,1,3600.00,1021.6,1007.8
2020-07-21T11:00,23.4,0.00,47,11.5,23.8,0.00,0.00,0.00,3,89,89,1,2,8.0,343,342,10.1,22.7,1,3600.00,1021.6,1007.8
2020-07-21T12:00,24.4,0.00,42,10.7,25.2,0.00,0.00,0.00,2,67,66,0,1,8.2,334,331,10.8,24.1,1,3600.00,1021.4,1007.7
2020-07-21T13:00,24.6,0.00,44,11.6,26.0,0.00,0.00,0.00,1,31,0,0,6,7.6,354,352,9.8,27.7,1,3600.00,1021.2,1007.5
2020-07-21T14:00,25.2,0.00,39,10.2,25.8,0.00,0.00,0.00,0,12,0,0,12,8.9,331,328,11.9,24.8,1,3600.00,1020.9,1007.2
2020-07-21T15:00,25.5,0.00,33,8.1,24.6,0.00,0.00,0.00,0,0,0,0,0,10.5,331,329,14.0,27.4,1,3600.00,1020.6,1006.9
2020-07-21T16:00,25.5,0.00,30,6.9,23.8,0.00,0.00,0.00,0,0,0,0,0,11.2,340,339,14.9,27.4,1,3600.00,1020.3,1006.6
2020-07-21T17:00,25.3,0.00,30,6.6,22.7,0.00,0.00,0.00,0,0,0,0,0,11.5,347,346,16.6,27.4,1,3600.00,1019.9,1006.2
2020-07-21T18:00,24.6,0.00,32,6.7,22.1,0.00,0.00,0.00,0,0,0,0,0,11.2,347,345,18.1,27.0,1,3600.00,1020.1,1006.4
2020-07-21T19:00,23.1,0.00,35,7.0,20.7,0.00,0.00,0.00,0,0,0,0,0,11.4,335,332,22.6,25.9,1,3600.00,1020.3,1006.5
2020-07-21T20:00,21.3,0.00,35,5.3,18.1,0.00,0.00,0.00,0,0,0,0,0,14.2,338,336,28.3,29.9,1,2660.90,1020.8,1006.9
2020-07-21T21:00,20.1,0.00,37,5.1,16.8,0.00,0.00,0.00,0,0,0,0,0,14.0,344,342,28.0,31.3,0,0.00,1021.5,1007.6
2020-07-21T22:00,18.8,0.00,42,5.7,15.8,0.00,0.00,0.00,0,0,0,0,0,13.2,351,349,27.0,30.2,0,0.00,1022.0,1008.0
2020-07-21T23:00,17.8,0.00,46,6.1,14.9,0.00,0.00,0.00,0,0,0,0,0,13.1,357,352,26.7,28.8,0,0.00,1022.3,1008.3
2020-07-22T00:00,16.9,0.00,52,6.8,14.4,0.00,0.00,0.00,0,0,0,0,0,11.5,12,4,25.0,27.4,0,0.00,1022.6,1008.5
2020-07-22T01:00,16.5,0.00,55,7.4,14.3,0.00,0.00,0.00,0,0,0,0,0,10.1,37,27,23.9,23.8,0,0.00,1022.7,1008.6
2020-07-22T02:00,15.5,0.00,59,7.5,13.7,0.00,0.00,0.00,0,0,0,0,0,8.2,51,38,21.3,21.6,0,0.00,1022.7,1008.5
2020-07-22T03:00,14.5,0.00,63,7.6,13.0,0.00,0.00,0.00,0,0,0,0,0,6.0,52,33,18.2,16.9,0,0.00,1022.3,1008.1
2020-07-22T04:00,12.9,0.00,74,8.3,11.3,0.00,0.00,0.00,0,0,0,0,0,7.7,61,37,13.5,13.0,0,0.00,1022.3,1008.0
2020-07-22T05:00,15.1,0.00,59,7.1,13.7,0.00,0.00,0.00,0,0,0,0,0,4.3,90,95,9.0,12.2,1,0.00,1022.6,1008.4
2020-07-22T06:00,14.8,0.00,79,11.1,15.0,0.00,0.00,0.00,0,0,0,0,0,0.8,107,297,4.9,7.9,1,2419.64,1022.9,1008.7
2020-07-22T07:00,16.5,0.00,60,8.7,15.8,0.00,0.00,0.00,0,0,0,0,0,2.2,36,360,3.1,7.9,1,3600.00,1022.9,1008.8
2020-07-22T08:00,18.4,0.00,54,9.0,17.6,0.00,0.00,0.00,0,0,0,0,0,3.4,42,32,4.8,13.0,1,3600.00,1022.6,1008.6
2020-07-22T09:00,20.2,0.00,51,9.7,20.0,0.00,0.00,0.00,0,0,0,0,0,0.8,45,27,1.5,13.0,1,3600.00,1022.4,1008.5
2020-07-22T10:00,21.9,0.00,47,10.1,22.6,0.00,0.00,0.00,2,72,72,0,0,0.8,333,297,0.8,11.5,1,3600.00,1022.3,1008.4
2020-07-22T11:00,23.3,0.00,42,9.8,24.6,0.00,0.00,0.00,3,81,81,0,0,1.1,346,342,1.5,13.0,1,3600.00,1021.7,1007.9
2020-07-22T12:00,24.5,0.00,37,9.0,25.7,0.00,0.00,0.00,2,72,72,0,0,3.1,343,339,3.8,15.1,1,3600.00,1021.1,1007.4
2020-07-22T13:00,26.0,0.00,34,9.0,26.9,0.00,0.00,0.00,3,81,90,0,0,5.5,348,349,7.0,18.4,1,3600.00,1019.8,1006.2
2020-07-22T14:00,26.5,0.00,33,9.0,27.5,0.00,0.00,0.00,3,87,87,0,0,4.2,332,329,5.3,18.7,1,3600.00,1019.1,1005.5
2020-07-22T15:00,26.9,0.00,32,8.8,27.0,0.00,0.00,0.00,3,88,88,0,0,6.3,331,329,8.2,19.1,1,3600.00,1018.5,1004.9
2020-07-22T16:00,26.8,0.00,30,7.7,25.2,0.00,0.00,0.00,0,14,14,0,0,10.3,333,331,13.4,25.2,1,3600.00,1017.8,1004.2
2020-07-22T17:00,26.3,0.00,28,6.2,23.7,0.00,0.00,0.00,1,35,35,0,0,11.0,338,337,15.2,26.6,1,3600.00,1017.1,1003.5
2020-07-22T18:00,25.7,0.00,29,6.2,23.8,0.00,0.00,0.00,3,89,89,0,0,6.6,349,347,11.7,25.6,1,3600.00,1017.0,1003.4
2020-07-22T19:00,23.8,0.00,37,8.4,22.5,0.00,0.00,0.00,2,61,61,0,0,6.2,348,339,15.1,16.9,1,3600.00,1017.1,1003.4
2020-07-22T20:00,22.0,0.00,32,4.4,19.3,0.00,0.00,0.00,0,14,14,0,0,9.4,359,358,22.7,19.4,1,1899.81,1017.3,1003.5
2020-07-22T21:00,20.6,0.00,34,4.1,17.8,0.00,0.00,0.00,0,1,1,0,0,9.8,29,28,23.4,20.9,0,0.00,1017.5,1003.7
2020-07-22T22:00,19.1,0.00,38,4.3,16.5,0.00,0.00,0.00,0,0,0,0,0,8.6,29,22,21.4,20.5,0,0.00,1017.7,1003.8
2020-07-22T23:00,17.8,0.00,43,5.0,15.5,0.00,0.00,0.00,0,0,0,0,0,7.2,10,354,19.0,17.6,0,0.00,1017.8,1003.8
2020-07-23T00:00,16.9,0.00,48,5.7,14.6,0.00,0.00,0.00,0,2,2,0,0,8.6,347,338,19.9,16.9,0,0.00,1017.9,1003.9
2020-07-23T01:00,15.0,0.00,61,7.6,13.2,0.00,0.00,0.00,0,0,0,2,0,8.0,359,352,14.4,20.2,0,0.00,1018.1,1004.0
2020-07-23T02:00,15.3,0.00,58,7.2,13.6,0.00,0.00,0.00,1,23,14,13,0,6.5,4,357,16.2,13.0,0,0.00,1018.0,1003.9
2020-07-23T03:00,15.1,0.00,60,7.5,13.1,0.00,0.00,0.00,1,20,19,3,0,9.0,9,2,20.1,18.0,0,0.00,1017.8,1003.7
2020-07-23T04:00,14.5,0.00,65,8.1,12.8,0.00,0.00,0.00,0,8,6,7,0,8.3,13,2,19.6,18.0,0,0.00,1017.8,1003.7
2020-07-23T05:00,13.6,0.00,74,9.0,12.5,0.00,0.00,0.00,0,0,0,0,0,5.9,25,14,15.9,16.9,1,0.00,1017.9,1003.7
2020-07-23T06:00,14.9,0.00,74,10.3,14.5,0.00,0.00,0.00,0,0,0,0,0,3.8,36,17,9.3,11.5,1,2351.03,1017.9,1003.8
2020-07-23T07:00,16.7,0.00,67,10.5,16.3,0.00,0.00,0.00,0,0,0,0,0,3.4,339,328,5.0,11.2,1,3600.00,1018.0,1004.0
2020-07-23T08:00,18.6,0.00,61,10.9,18.2,0.00,0.00,0.00,0,0,0,0,0,4.3,342,336,5.7,14.4,1,3600.00,1017.9,1003.9
2020-07-23T09:00,20.7,0.00,54,11.1,20.2,0.00,0.00,0.00,0,0,0,0,0,5.2,351,344,6.9,17.3,1,3600.00,1017.8,1003.9
2020-07-23T10:00,22.6,0.00,47,10.6,22.6,0.00,0.00,0.00,0,13,13,0,0,5.2,351,344,7.3,18.4,1,3600.00,1017.2,1003.4
2020-07-23T11:00,24.0,0.00,41,10.1,24.6,0.00,0.00,0.00,1,45,45,0,0,5.6,337,333,7.4,19.8,1,3600.00,1016.7,1003.0
2020-07-23T12:00,25.0,0.00,38,9.6,25.6,0.00,0.00,0.00,2,63,63,0,0,6.9,322,317,8.7,21.6,1,3600.00,1016.2,1002.6
2020-07-23T13:00,26.0,0.00,35,9.5,26.5,0.00,0.00,0.00,1,36,17,0,0,8.4,323,320,10.8,23.4,1,3600.00,1015.9,1002.3
2020-07-23T14:00,26.4,0.00,33,8.9,26.4,0.00,0.00,0.00,1,37,37,0,0,9.8,326,324,13.0,26.6,1,3600.00,1015.2,1001.6
2020-07-23T15:00,26.7,0.00,32,8.5,26.0,0.00,0.00,0.00,2,65,63,35,0,10.4,329,326,13.9,27.4,1,3600.00,1014.7,1001.2
2020-07-23T16:00,26.7,0.00,31,8.3,25.3,0.00,0.00,0.00,2,76,53,59,0,9.5,333,331,12.6,27.0,1,3600.00,1014.2,1000.7
2020-07-23T17:00,26.5,0.00,32,8.3,24.8,0.00,0.00,0.00,2,79,71,33,0,8.9,341,339,12.2,24.1,1,3600.00,1013.5,1000.0
2020-07-23T18:00,25.9,0.00,34,8.8,24.5,0.00,0.00,0.00,2,53,43,22,0,7.1,339,336,11.2,21.6,1,3600.00,1013.2,999.7
2020-07-23T19:00,24.4,0.00,50,13.4,24.9,0.00,0.00,0.00,1,44,1,43,0,4.1,331,322,10.3,16.9,1,3600.00,1013.0,999.4
2020-07-23T20:00,21.4,0.00,52,11.2,20.6,0.00,0.00,0.00,3,95,48,93,0,8.0,344,350,11.6,11.9,1,2531.76,1012.9,999.1
2020-07-23T21:00,21.7,0.00,43,8.4,20.4,0.00,0.00,0.00,3,92,7,92,0,5.5,6,23,13.8,12.6,0,0.00,1013.0,999.3
2020-07-23T22:00,21.2,0.00,44,8.5,20.0,0.00,0.00,0.00,3,100,100,100,0,5.9,49,47,14.3,12.2,0,0.00,1013.2,999.4
2020-07-23T23:00,19.8,0.00,52,9.6,18.9,0.00,0.00,0.00,3,99,0,99,0,5.4,62,53,11.4,11.9,0,0.00,1013.2,999.4
2020-07-24T00:00,19.0,0.00,52,8.8,17.9,0.00,0.00,0.00,2,63,39,41,0,5.2,78,78,12.5,9.7,0,0.00,1012.9,999.0
2020-07-24T01:00,18.1,0.00,52,8.1,16.3,0.00,0.00,0.00,1,40,48,87,0,9.0,123,119,21.6,10.4,0,0.00,1012.9,999.0
2020-07-24T02:00,17.5,0.00,55,8.4,16.1,0.00,0.00,0.00,3,81,25,78,0,7.0,121,111,17.6,18.0,0,0.00,1012.6,998.7
2020-07-24T03:00,16.2,0.00,63,9.3,15.3,0.00,0.00,0.00,3,88,84,43,0,4.7,120,99,12.9,13.7,0,0.00,1012.3,998.3
2020-07-24T04:00,14.9,0.00,73,10.1,14.0,0.00,0.00,0.00,3,92,86,50,0,6.1,135,93,8.7,10.1,0,0.00,1012.2,998.2
2020-07-24T05:00,15.9,0.00,66,9.6,15.0,0.00,0.00,0.00,3,99,98,77,0,5.8,140,97,10.7,10.1,1,0.00,1012.1,998.1
2020-07-24T06:00,17.2,0.00,65,10.6,16.5,0.00,0.00,0.00,3,100,93,99,0,6.0,142,123,11.0,13.0,1,0.00,1012.0,998.1
2020-07-24T07:00,18.1,0.00,64,11.1,17.6,0.00,0.00,0.00,3,100,90,100,0,5.5,169,169,11.4,12.2,1,0.00,1012.4,998.5
2020-07-24T08:00,19.1,0.00,61,11.4,18.7,0.00,0.00,0.00,3,100,90,100,0,5.6,159,153,8.9,14.0,1,0.00,1012.7,998.8
2020-07-24T09:00,19.8,0.00,60,11.7,19.7,0.00,0.00,0.00,3,98,91,86,0,4.2,214,211,6.5,14.0,1,0.00,1013.0,999.2
2020-07-24T10:00,21.7,0.00,52,11.5,21.6,0.00,0.00,0.00,3,86,0,86,0,3.8,230,221,5.6,13.0,1,2143.35,1013.0,999.3
2020-07-24T11:00,24.1,0.00,43,10.8,23.1,0.00,0.00,0.00,3,99,0,99,0,8.3,255,252,11.2,20.9,1,3600.00,1013.0,999.4
2020-07-24T12:00,25.7,0.00,35,8.9,24.1,0.00,0.00,0.00,0,0,0,0,0,13.9,260,260,18.6,33.1,1,3600.00,1012.7,999.1
2020-07-24T13:00,22.3,0.00,55,13.0,22.9,0.00,0.00,0.00,0,0,1,2,0,10.1,186,184,14.1,35.3,1,3600.00,1013.4,999.7
2020-07-24T14:00,25.2,0.00,42,11.5,25.7,0.00,0.00,0.00,1,32,0,32,0,10.0,248,244,12.8,39.6,1,3600.00,1012.6,999.0
2020-07-24T15:00,25.9,0.00,38,10.4,24.9,0.00,0.00,0.00,1,26,0,26,0,9.4,255,252,12.7,27.0,1,3600.00,1012.1,998.6
2020-07-24T16:00,26.3,0.00,34,9.4,24.2,0.00,0.00,0.00,2,52,0,52,0,13.1,261,261,18.6,30.6,1,3600.00,1011.7,998.2
2020-07-24T17:00,25.7,0.00,37,9.7,23.7,0.00,0.00,0.00,2,58,0,58,0,12.8,257,254,19.2,31.0,1,3600.00,1011.7,998.2
2020-07-24T18:00,25.2,0.00,38,10.0,23.8,0.00,0.00,0.00,1,49,0,49,0,9.8,251,246,17.9,29.2,1,3600.00,1011.9,998.3
2020-07-24T19:00,24.4,0.00,42,10.5,23.3,0.00,0.00,0.00,2,74,0,74,0,8.2,227,218,17.6,22.7,1,3600.00,1012.0,998.4
2020-07-24T20:00,22.8,0.00,50,11.7,22.1,0.00,0.00,0.00,2,69,0,69,0,8.6,213,202,18.0,18.7,1,887.52,1012.3,998.6
2020-07-24T21:00,21.0,0.00,58,12.4,20.9,0.00,0.00,0.00,1,25,0,24,9,5.4,250,233,14.6,18.4,0,0.00,1012.7,998.9
2020-07-24T22:00,19.6,0.00,62,12.2,19.4,0.00,0.00,0.00,1,20,0,19,5,5.8,307,292,15.4,12.2,0,0.00,1013.2,999.4
2020-07-24T23:00,18.6,0.00,68,12.6,18.4,0.00,0.00,0.00,1,29,0,27,17,6.6,314,292,14.0,12.6,0,0.00,1013.8,999.9
2020-07-25T00:00,18.6,0.00,72,13.4,18.8,0.00,0.00,0.00,1,30,0,25,22,6.3,314,283,10.4,12.6,0,0.00,1014.1,1000.2
2020-07-25T01:00,18.8,0.00,68,12.8,18.7,0.00,0.00,0.00,1,28,0,39,16,6.4,254,232,13.1,10.8,0,0.00,1014.0,1000.1
2020-07-25T02:00,18.4,0.00,69,12.7,18.5,0.00,0.00,0.00,1,36,0,33,25,5.1,253,231,13.9,11.5,0,0.00,1014.1,1000.2
2020-07-25T03:00,18.0,0.00,72,13.0,18.1,0.00,0.00,0.00,1,44,0,41,26,5.6,253,230,15.0,11.5,0,0.00,1014.2,1000.3
2020-07-25T04:00,17.5,0.00,77,13.3,17.9,0.00,0.00,0.00,2,54,0,52,22,4.6,273,252,13.3,11.5,0,0.00,1014.2,1000.2
2020-07-25T05:00,17.2,0.00,82,14.1,17.7,0.00,0.00,0.00,2,54,0,53,23,5.6,298,285,11.4,10.1,1,0.00,1014.5,1000.5
2020-07-25T06:00,18.6,0.00,78,14.8,19.9,0.00,0.00,0.00,1,28,0,23,12,2.3,299,252,7.4,10.1,1,882.98,1014.7,1000.8
2020-07-25T07:00,19.6,0.00,70,14.1,20.3,0.00,0.00,0.00,1,38,0,36,20,4.0,256,243,5.9,11.5,1,3600.00,1014.9,1001.0
2020-07-25T08:00,20.8,0.00,66,14.2,21.4,0.00,0.00,0.00,2,55,51,7,1,4.9,257,253,6.3,15.1,1,3600.00,1015.2,1001.4
2020-07-25T09:00,22.4,0.00,56,13.1,22.3,0.00,0.00,0.00,3,94,92,13,23,7.2,270,267,9.4,20.2,1,3600.00,1015.0,1001.3
2020-07-25T10:00,23.5,0.10,50,12.6,23.4,0.10,0.00,0.00,51,97,96,16,14,8.3,272,270,11.2,27.4,1,3600.00,1014.7,1001.0
2020-07-25T11:00,24.6,0.10,46,12.2,24.5,0.10,0.00,0.00,51,91,89,19,0,8.3,266,265,11.2,24.1,1,3600.00,1014.4,1000.8
2020-07-25T12:00,25.2,0.00,43,11.7,24.8,0.00,0.00,0.00,1,38,19,23,0,6.4,248,243,8.6,23.4,1,3600.00,1014.1,1000.5
2020-07-25T13:00,24.9,0.00,45,12.1,25.4,0.00,0.00,0.00,2,51,1,42,0,7.3,242,237,9.8,20.5,1,3600.00,1014.1,1000.5
2020-07-25T14:00,26.0,0.00,41,11.8,25.8,0.00,0.00,0.00,2,69,0,69,0,6.5,237,236,8.6,20.9,1,3600.00,1013.4,999.9
2020-07-25T15:00,26.6,0.00,38,11.2,25.9,0.00,0.00,0.00,3,100,4,100,0,6.9,230,227,9.4,19.1,1,3600.00,1012.8,999.3
2020-07-25T16:00,26.8,0.00,38,11.2,26.3,0.00,0.00,0.00,0,11,0,11,0,6.2,222,216,8.7,18.7,1,3163.26,1012.1,998.6
2020-07-25T17:00,27.3,0.00,36,11.0,26.4,0.00,0.00,0.00,2,56,1,56,0,7.9,208,204,10.6,19.1,1,3600.00,1011.4,997.9
2020-07-25T18:00,26.4,0.00,40,11.7,25.3,0.00,0.00,0.00,3,99,99,8,0,10.4,179,178,16.6,24.1,1,3600.00,1011.1,997.6
2020-07-25T19:00,24.9,0.00,47,12.7,24.7,0.00,0.00,0.00,3,98,97,28,0,6.7,168,164,15.8,24.1,1,3600.00,1010.9,997.3
2020-07-25T20:00,23.1,0.00,51,12.3,22.9,0.00,0.00,0.00,3,97,96,30,0,6.3,170,149,15.0,15.5,1,0.00,1010.7,997.1
2020-07-25T21:00,22.5,0.00,51,11.8,22.1,0.00,0.00,0.00,3,81,77,20,0,6.7,167,144,16.2,14.0,0,0.00,1010.7,997.0
2020-07-25T22:00,21.8,0.00,51,11.3,20.9,0.00,0.00,0.00,3,99,98,48,0,9.2,161,132,19.8,17.3,0,0.00,1010.5,996.8
2020-07-25T23:00,22.1,0.00,49,11.0,20.7,0.00,0.00,0.00,3,99,99,8,0,11.5,144,129,24.5,23.4,0,0.00,1010.0,996.3
2020-07-26T00:00,21.6,0.00,51,11.2,20.2,0.00,0.00,0.00,3,96,95,51,0,12.4,139,126,25.8,24.8,0,0.00,1009.5,995.8
2020-07-26T01:00,21.7,0.00,54,12.0,20.8,0.00,0.00,0.00,3,100,100,94,0,10.7,159,147,23.9,25.9,0,0.00,1009.6,995.9
2020-07-26T02:00,20.7,0.00,59,12.5,20.7,0.00,0.00,0.00,3,99,99,93,0,5.4,212,188,15.7,22.3,0,0.00,1009.9,996.2
2020-07-26T03:00,21.1,0.00,59,12.8,20.1,0.00,0.00,0.00,3,99,99,84,0,12.8,281,281,26.1,23.8,0,0.00,1010.4,996.7
2020-07-26T04:00,19.3,0.30,77,15.2,20.5,0.30,0.00,0.00,51,100,100,100,3,3.2,276,243,10.5,31.3,0,0.00,1010.8,997.0
2020-07-26T05:00,18.9,0.70,82,15.8,19.9,0.70,0.00,0.00,53,100,100,84,1,6.5,204,177,14.2,26.3,1,0.00,1010.9,997.1
2020-07-26T06:00,18.7,0.10,86,16.3,19.5,0.10,0.00,0.00,51,100,100,78,31,9.9,208,199,19.7,24.5,1,0.00,1011.2,997.3
2020-07-26T07:00,18.9,0.20,87,16.8,19.6,0.20,0.00,0.00,51,34,0,32,8,11.8,217,207,21.1,38.2,1,0.00,1011.8,997.9
2020-07-26T08:00,21.0,0.00,78,16.9,21.5,0.00,0.00,0.00,1,20,0,18,12,13.0,218,214,19.2,29.2,1,3600.00,1012.0,998.2
2020-07-26T09:00,22.4,0.10,66,15.8,21.7,0.10,0.00,0.00,51,87,1,86,14,18.5,238,237,26.4,43.6,1,3600.00,1012.1,998.4
2020-07-26T10:00,23.3,0.10,57,14.4,21.9,0.10,0.00,0.00,51,30,3,25,13,19.3,244,243,27.5,44.3,1,3600.00,1012.2,998.5
2020-07-26T11:00,24.0,0.10,56,14.6,22.7,0.10,0.00,0.00,51,93,8,67,90,20.0,247,247,28.1,51.1,1,3600.00,1012.8,999.2
2020-07-26T12:00,23.5,0.90,60,15.3,22.8,0.90,0.00,0.00,53,82,0,30,78,17.2,254,254,24.4,51.1,1,3600.00,1013.0,999.3
2020-07-26T13:00,23.6,0.00,67,17.1,24.0,0.00,0.00,0.00,3,93,96,30,12,16.3,243,242,22.7,49.3,1,3600.00,1013.3,999.6
2020-07-26T14:00,23.4,0.10,62,15.8,23.5,0.10,0.00,0.00,51,96,93,32,27,14.4,265,266,20.6,45.7,1,3600.00,1013.4,999.7
2020-07-26T15:00,23.8,0.00,58,15.1,23.2,0.00,0.00,0.00,2,60,39,32,9,15.6,284,285,21.9,46.1,1,3600.00,1013.6,999.9
2020-07-26T16:00,24.4,0.10,50,13.3,23.5,0.10,0.00,0.00,51,22,0,22,1,13.1,291,291,18.9,36.0,1,3600.00,1013.5,999.9
2020-07-26T17:00,25.1,0.00,43,11.6,23.7,0.00,0.00,0.00,1,29,0,26,6,12.3,286,285,18.0,30.6,1,3600.00,1013.6,1000.0
2020-07-26T18:00,24.6,0.00,43,11.2,23.6,0.00,0.00,0.00,1,46,34,18,2,9.7,286,285,16.5,28.4,1,3600.00,1014.0,1000.4
2020-07-26T19:00,23.4,0.00,51,12.7,23.4,0.00,0.00,0.00,3,98,98,14,0,5.4,276,270,13.8,22.3,1,3600.00,1014.7,1001.0
2020-07-26T20:00,20.6,0.00,56,11.6,20.2,0.00,0.00,0.00,3,100,100,11,0,6.3,271,257,15.1,13.0,1,1511.60,1015.2,1001.4
2020-07-26T21:00,19.9,0.00,56,10.9,19.2,0.00,0.00,0.00,3,99,99,8,1,6.1,283,270,17.7,13.3,0,0.00,1016.1,1002.2
2020-07-26T22:00,18.5,0.00,62,11.2,17.9,0.00,0.00,0.00,3,93,93,11,0,6.6,275,257,16.3,13.3,0,0.00,1016.9,1003.0
2020-07-26T23:00,18.8,0.00,62,11.2,18.4,0.00,0.00,0.00,3,87,85,12,0,5.4,279,250,9.5,13.3,0,0.00,1017.6,1003.7
2020-07-27T00:00,19.3,0.00,57,10.6,19.3,0.00,0.00,0.00,2,74,69,15,3,0.8,345,153,4.1,9.7,0,0.00,1017.8,1003.9
2020-07-27T01:00,16.8,0.00,91,15.4,17.8,0.00,0.00,0.00,1,37,84,0,0,5.6,208,140,6.1,4.7,0,0.00,1018.0,1004.0
2020-07-27T02:00,16.4,0.00,91,14.8,17.4,0.00,0.00,0.00,2,65,65,0,0,3.8,135,107,4.6,8.6,0,0.00,1018.0,1003.9
2020-07-27T03:00,16.2,0.00,92,14.9,16.6,0.00,0.00,0.00,2,62,61,2,0,8.4,136,121,14.5,16.2,0,0.00,1017.8,1003.7
2020-07-27T04:00,15.8,0.00,93,14.8,16.2,0.00,0.00,0.00,3,82,73,79,3,8.1,133,111,16.8,16.9,0,0.00,1018.0,1003.9
2020-07-27T05:00,16.1,0.00,92,14.7,16.4,0.00,0.00,0.00,3,90,60,82,4,8.4,133,115,17.3,17.3,1,0.00,1018.0,1003.9
2020-07-27T06:00,16.9,0.00,87,14.8,17.3,0.00,0.00,0.00,2,67,0,67,3,8.2,127,105,15.4,18.0,1,138.56,1017.6,1003.6
2020-07-27T07:00,18.7,0.00,80,15.1,19.4,0.00,0.00,0.00,3,92,0,92,1,7.1,114,105,13.0,16.6,1,3600.00,1017.8,1003.9
2020-07-27T08:00,19.7,0.00,76,15.3,20.2,0.00,0.00,0.00,2,60,30,48,0,8.7,119,114,14.0,20.2,1,438.96,1017.4,1003.5
2020-07-27T09:00,22.1,0.00,68,15.9,22.8,0.00,0.00,0.00,1,23,20,5,0,9.2,136,135,13.0,23.0,1,3600.00,1016.9,1003.1
2020-07-27T10:00,24.6,0.00,57,15.6,25.6,0.00,0.00,0.00,1,27,24,6,0,9.3,167,167,12.6,24.8,1,3600.00,1016.6,1002.9
2020-07-27T11:00,26.0,0.00,50,14.8,27.3,0.00,0.00,0.00,1,43,31,26,9,8.7,185,187,11.9,24.5,1,3600.00,1015.8,1002.2
2020-07-27T12:00,27.0,0.00,43,13.3,27.8,0.00,0.00,0.00,2,60,55,8,6,10.1,195,197,13.8,26.6,1,3600.00,1014.9,1001.4
2020-07-27T13:00,27.9,0.00,39,12.6,28.1,0.00,0.00,0.00,2,74,92,35,0,12.5,199,198,16.7,30.2,1,3600.00,1014.4,1000.9
2020-07-27T14:00,28.1,0.00,37,12.1,27.7,0.00,0.00,0.00,3,96,95,37,0,13.0,209,208,18.0,31.3,1,3600.00,1013.5,1000.0
2020-07-27T15:00,27.9,0.00,39,12.7,26.8,0.00,0.00,0.00,3,97,95,66,0,12.8,212,212,18.3,32.0,1,3600.00,1012.9,999.4
2020-07-27T16:00,28.3,0.00,40,13.4,27.8,0.00,0.00,0.00,3,92,92,0,0,10.7,193,192,15.5,29.5,1,3600.00,1011.9,998.5
2020-07-27T17:00,28.8,0.00,39,13.7,28.4,0.00,0.00,0.00,2,67,67,0,0,10.7,196,194,17.2,25.9,1,3600.00,1011.1,997.7
2020-07-27T18:00,28.7,0.00,42,14.6,29.0,0.00,0.00,0.00,2,74,74,0,0,8.7,192,187,17.3,25.6,1,3600.00,1010.6,997.2
2020-07-27T19:00,27.0,0.00,51,15.9,28.1,0.00,0.00,0.00,2,61,61,0,0,6.6,184,167,17.7,20.9,1,3600.00,1010.2,996.7
2020-07-27T20:00,25.1,0.00,52,14.6,25.5,0.00,0.00,0.00,1,32,32,0,0,7.9,166,137,19.3,16.9,1,1803.81,1010.1,996.6
2020-07-27T21:00,23.6,0.00,56,14.4,23.8,0.00,0.00,0.00,1,33,33,0,0,8.5,157,126,20.0,17.3,0,0.00,1010.2,996.6
2020-07-27T22:00,22.7,0.00,58,14.0,22.7,0.00,0.00,0.00,1,29,29,0,0,9.1,163,124,19.9,18.7,0,0.00,1010.0,996.3
2020-07-27T23:00,22.2,0.00,60,13.9,22.3,0.00,0.00,0.00,2,52,52,0,0,7.8,196,167,21.0,19.4,0,0.00,1009.8,996.1
2020-07-28T00:00,21.3,0.00,63,14.1,21.7,0.00,0.00,0.00,1,32,32,0,0,6.1,223,180,18.1,17.6,0,0.00,1010.0,996.3
2020-07-28T01:00,21.3,0.00,64,14.2,21.7,0.00,0.00,0.00,0,0,0,1,0,6.6,212,171,18.3,16.6,0,0.00,1009.6,995.9
2020-07-28T02:00,21.3,0.00,60,13.2,20.9,0.00,0.00,0.00,0,3,0,3,0,9.6,215,193,24.6,21.2,0,0.00,1009.6,995.9
2020-07-28T03:00,20.8,0.00,60,12.9,20.3,0.00,0.00,0.00,0,0,0,0,0,9.4,224,203,23.9,22.7,0,0.00,1009.9,996.2
2020-07-28T04:00,20.4,0.00,61,12.8,19.8,0.00,0.00,0.00,0,0,0,0,0,10.2,217,198,24.7,21.6,0,0.00,1010.3,996.5
2020-07-28T05:00,20.1,0.00,64,13.1,19.5,0.00,0.00,0.00,1,20,0,20,0,10.6,226,208,25.0,23.8,1,0.00,1011.1,997.3
2020-07-28T06:00,20.7,0.00,65,13.9,20.4,0.00,0.00,0.00,0,10,0,10,0,10.2,228,212,23.2,23.0,1,1867.44,1011.6,997.8
2020-07-28T07:00,22.5,0.00,61,14.7,22.4,0.00,0.00,0.00,0,15,0,1,15,11.5,230,221,23.5,25.2,1,3600.00,1012.0,998.3
2020-07-28T08:00,24.0,0.00,54,14.2,23.4,0.00,0.00,0.00,1,34,0,9,33,13.7,242,240,19.7,31.0,1,3600.00,1012.4,998.8
2020-07-28T09:00,24.9,0.00,52,14.5,24.3,0.00,0.00,0.00,2,52,31,19,30,14.4,234,233,20.6,32.8,1,3600.00,1012.4,998.8
2020-07-28T10:00,25.6,0.00,52,14.9,24.2,0.00,0.00,0.00,3,97,35,72,95,20.5,246,246,30.0,45.0,1,3600.00,1012.6,999.0
2020-07-28T11:00,25.4,0.00,52,14.7,24.0,0.00,0.00,0.00,3,97,90,68,33,19.7,250,249,28.8,46.4,1,1957.77,1013.2,999.6
2020-07-28T12:00,26.0,0.00,48,14.2,24.5,0.00,0.00,0.00,3,100,96,91,9,19.7,255,255,28.6,44.3,1,2250.71,1013.0,999.5
2020-07-28T13:00,27.8,0.00,38,12.3,25.8,0.00,0.00,0.00,3,98,90,100,0,18.8,243,244,25.8,46.1,1,3600.00,1012.5,999.0
2020-07-28T14:00,27.4,0.00,40,12.6,25.4,0.00,0.00,0.00,3,86,0,86,1,18.7,266,268,27.4,44.3,1,1738.72,1011.9,998.4
2020-07-28T15:00,27.3,0.00,44,13.9,25.8,0.00,0.00,0.00,1,40,15,30,3,19.2,277,276,27.6,42.8,1,3600.00,1012.1,998.6
2020-07-28T16:00,27.4,0.00,43,13.8,25.4,0.00,0.00,0.00,3,93,90,28,2,21.6,267,266,31.0,47.5,1,3600.00,1012.5,999.0
2020-07-28T17:00,26.4,0.00,45,13.5,24.7,0.00,0.00,0.00,3,99,99,0,24,19.3,278,279,28.4,47.9,1,3600.00,1013.1,999.6
2020-07-28T18:00,24.8,0.00,43,11.2,22.7,0.00,0.00,0.00,3,99,99,0,2,17.1,297,298,28.3,42.8,1,186.27,1013.7,1000.1
2020-07-28T19:00,23.6,0.00,42,10.0,21.6,0.00,0.00,0.00,3,99,99,0,0,13.4,298,297,24.2,37.4,1,0.00,1014.3,1000.6
2020-07-28T20:00,22.6,0.00,39,8.0,20.2,0.00,0.00,0.00,3,93,93,0,0,12.3,277,275,23.9,29.2,1,0.00,1015.1,1001.4
2020-07-28T21:00,21.6,0.00,42,8.1,19.2,0.00,0.00,0.00,3,86,86,0,0,12.6,277,272,25.0,27.4,0,0.00,1016.1,1002.3
2020-07-28T22:00,20.1,0.00,49,9.1,18.5,0.00,0.00,0.00,2,56,56,0,0,9.7,294,292,21.7,27.0,0,0.00,1017.0,1003.1
2020-07-28T23:00,18.8,0.00,53,9.1,17.0,0.00,0.00,0.00,3,88,88,0,0,10.6,327,325,22.9,23.0,0,0.00,1017.8,1003.9
2020-07-29T00:00,17.0,0.00,60,9.3,16.0,0.00,0.00,0.00,0,0,0,0,0,5.4,322,323,15.6,22.7,0,0.00,1018.0,1004.0
2020-07-29T01:00,17.3,0.00,66,10.9,16.5,0.00,0.00,0.00,0,0,0,5,33,7.1,328,336,16.2,13.3,0,0.00,1018.1,1004.1
2020-07-29T02:00,17.6,0.00,62,10.2,16.7,0.00,0.00,0.00,1,20,0,7,19,6.1,325,320,15.8,14.4,0,0.00,1018.5,1004.5
2020-07-29T03:00,16.3,0.00,68,10.3,15.5,0.00,0.00,0.00,0,1,0,0,1,5.6,328,320,14.4,14.0,0,0.00,1018.8,1004.7
2020-07-29T04:00,14.6,0.00,77,10.6,13.8,0.00,0.00,0.00,2,54,54,0,0,6.4,347,344,11.1,11.9,0,0.00,1018.9,1004.7
2020-07-29T05:00,16.0,0.00,69,10.2,15.4,0.00,0.00,0.00,3,86,86,0,0,4.7,346,337,5.9,10.8,1,0.00,1019.2,1005.1
2020-07-29T06:00,15.7,0.00,85,13.1,16.5,0.00,0.00,0.00,0,3,0,0,3,1.5,304,284,2.6,7.6,1,1835.33,1019.7,1005.6
2020-07-29T07:00,17.4,0.00,67,11.3,17.6,0.00,0.00,0.00,0,4,0,0,4,1.1,207,180,1.6,7.2,1,3600.00,1020.1,1006.1
2020-07-29T08:00,19.1,0.00,61,11.4,19.2,0.00,0.00,0.00,0,4,0,0,4,2.1,240,239,2.9,11.2,1,3600.00,1020.5,1006.5
2020-07-29T09:00,20.7,0.00,51,10.3,20.1,0.00,0.00,0.00,0,0,0,0,0,4.7,260,261,6.2,16.2,1,3600.00,1020.6,1006.7
2020-07-29T10:00,22.0,0.00,47,10.1,21.7,0.00,0.00,0.00,2,68,68,0,0,6.3,257,257,8.1,20.2,1,3600.00,1020.5,1006.7
2020-07-29T11:00,23.2,0.00,42,9.7,23.4,0.00,0.00,0.00,1,31,31,0,0,7.1,254,255,9.3,22.3,1,3600.00,1020.2,1006.4
2020-07-29T12:00,24.5,0.00,37,9.0,24.8,0.00,0.00,0.00,2,62,62,0,0,7.9,256,254,10.4,23.4,1,3600.00,1019.9,1006.2
2020-07-29T13:00,24.7,0.00,38,9.5,25.7,0.00,0.00,0.00,0,2,0,0,0,5.8,242,240,7.7,23.8,1,3600.00,1019.7,1006.0
2020-07-29T14:00,25.7,0.00,35,9.1,26.6,0.00,0.00,0.00,2,69,69,0,0,4.7,254,247,6.4,20.2,1,3600.00,1019.1,1005.5
2020-07-29T15:00,26.5,0.00,32,8.5,27.0,0.00,0.00,0.00,2,67,67,0,0,3.4,257,252,4.8,17.6,1,3600.00,1018.6,1005.0
2020-07-29T16:00,26.9,0.00,30,8.0,26.5,0.00,0.00,0.00,0,14,14,0,0,3.6,270,270,4.7,14.4,1,3600.00,1018.1,1004.5
2020-07-29T17:00,27.0,0.00,30,8.0,25.8,0.00,0.00,0.00,0,0,0,0,0,4.2,297,301,5.6,13.3,1,3600.00,1017.8,1004.2
2020-07-29T18:00,26.4,0.00,34,9.5,25.5,0.00,0.00,0.00,1,36,36,0,0,4.6,320,321,8.4,12.6,1,3600.00,1017.7,1004.1
2020-07-29T19:00,24.2,0.00,48,12.5,24.2,0.00,0.00,0.00,3,83,83,0,0,5.1,344,352,12.8,13.0,1,3600.00,1017.8,1004.1
2020-07-29T20:00,21.2,0.00,46,9.2,20.1,0.00,0.00,0.00,2,76,76,0,0,6.5,354,6,14.8,12.2,1,2099.48,1018.0,1004.2
2020-07-29T21:00,20.4,0.00,46,8.4,18.8,0.00,0.00,0.00,2,74,74,0,0,7.4,19,29,18.7,15.1,0,0.00,1018.7,1004.8
2020-07-29T22:00,18.9,0.00,51,8.6,17.6,0.00,0.00,0.00,2,56,56,0,0,6.6,24,45,16.6,15.5,0,0.00,1018.9,1005.0
2020-07-29T23:00,17.8,0.00,55,8.7,16.5,0.00,0.00,0.00,1,33,33,0,0,6.4,32,38,16.5,13.0,0,0.00,1019.2,1005.2
2020-07-30T00:00,17.9,0.00,54,8.4,16.2,0.00,0.00,0.00,0,14,14,0,0,8.7,40,30,22.0,18.0,0,0.00,1019.4,1005.4
2020-07-30T01:00,16.8,0.00,60,9.0,15.6,0.00,0.00,0.00,0,0,45,0,0,6.9,52,43,19.7,18.0,0,0.00,1019.3,1005.2
2020-07-30T02:00,14.7,0.00,72,9.7,13.4,0.00,0.00,0.00,1,20,20,0,0,8.5,61,54,13.5,15.8,0,0.00,1019.5,1005.3
2020-07-30T03:00,16.9,0.00,58,8.7,16.0,0.00,0.00,0.00,0,0,0,0,0,3.9,60,34,7.1,12.6,0,0.00,1019.8,1005.7
2020-07-30T04:00,15.6,0.00,65,9.1,14.7,0.00,0.00,0.00,0,0,0,0,0,4.5,47,29,5.9,7.2,0,0.00,1020.1,1006.0
2020-07-30T05:00,13.2,0.00,79,9.7,12.3,0.00,0.00,0.00,0,0,0,0,0,5.4,73,70,6.0,8.3,1,0.00,1020.2,1006.0
2020-07-30T06:00,15.0,0.00,76,10.8,14.8,0.00,0.00,0.00,0,0,0,0,0,2.6,106,106,6.7,8.6,1,1851.14,1020.4,1006.2
2020-07-30T07:00,17.6,0.00,65,10.8,17.7,0.00,0.00,0.00,0,0,0,0,0,1.0,99,135,4.4,7.6,1,3600.00,1020.6,1006.6
2020-07-30T08:00,20.1,0.00,56,10.9,20.1,0.00,0.00,0.00,0,0,0,0,0,1.6,74,63,2.6,9.4,1,3600.00,1020.5,1006.6
2020-07-30T09:00,22.3,0.00,50,11.4,22.5,0.00,0.00,0.00,0,0,0,0,0,1.5,82,76,2.5,11.5,1,3600.00,1020.4,1006.6
2020-07-30T10:00,24.2,0.00,45,11.6,25.2,0.00,0.00,0.00,0,0,0,0,0,0.7,34,360,1.3,11.2,1,3600.00,1020.4,1006.7
2020-07-30T11:00,26.0,0.00,40,11.5,27.7,0.00,0.00,0.00,0,0,0,0,0,0.7,34,360,1.3,12.2,1,3600.00,1020.0,1006.4
2020-07-30T12:00,27.4,0.00,34,10.2,29.2,0.00,0.00,0.00,0,0,0,0,0,0.8,207,243,0.8,11.9,1,3600.00,1019.6,1006.0
2020-07-30T13:00,27.7,0.00,31,8.9,29.3,0.00,0.00,0.00,0,0,0,0,0,1.1,180,198,1.4,12.2,1,3600.00,1019.4,1005.8
2020-07-30T14:00,28.7,0.00,29,8.8,30.2,0.00,0.00,0.00,0,0,0,0,0,0.7,270,270,0.7,12.2,1,3600.00,1018.8,1005.3
2020-07-30T15:00,29.3,0.00,26,8.0,30.0,0.00,0.00,0.00,0,0,0,0,0,0.8,360,333,1.1,11.2,1,3600.00,1018.2,1004.7
2020-07-30T16:00,29.6,0.00,25,7.4,29.3,0.00,0.00,0.00,0,0,0,0,0,1.8,360,360,2.2,10.4,1,3600.00,1017.9,1004.5
2020-07-30T17:00,29.6,0.00,25,7.3,28.5,0.00,0.00,0.00,0,0,0,0,0,2.3,21,18,3.1,10.1,1,3600.00,1017.4,1004.0
2020-07-30T18:00,28.8,0.00,44,15.3,30.4,0.00,0.00,0.00,0,0,0,0,0,1.1,76,108,1.5,8.3,1,3600.00,1017.0,1003.5
2020-07-30T19:00,28.3,0.00,36,11.7,28.5,0.00,0.00,0.00,0,0,0,0,0,2.3,198,219,2.3,4.7,1,3600.00,1016.8,1003.3
2020-07-30T20:00,24.2,0.00,44,11.2,23.5,0.00,0.00,0.00,0,0,0,0,0,6.9,345,354,8.2,9.4,1,2021.44,1017.0,1003.3
2020-07-30T21:00,23.3,0.00,39,8.6,21.8,0.00,0.00,0.00,0,0,0,0,0,7.9,24,24,18.9,15.5,0,0.00,1017.5,1003.8
2020-07-30T22:00,22.7,0.00,38,7.7,20.4,0.00,0.00,0.00,0,0,0,0,0,11.5,54,51,26.8,23.4,0,0.00,1017.7,1003.9
2020-07-30T23:00,22.2,0.00,37,6.9,19.8,0.00,0.00,0.00,0,0,0,0,0,10.6,59,62,24.9,23.4,0,0.00,1017.7,1003.9
2020-07-31T00:00,21.6,0.00,40,7.4,19.4,0.00,0.00,0.00,0,0,0,0,0,10.4,68,70,24.4,21.2,0,0.00,1017.5,1003.7
2020-07-31T01:00,20.2,0.00,47,8.6,18.7,0.00,0.00,0.00,0,0,0,0,0,7.2,88,87,19.5,20.5,0,0.00,1017.7,1003.8
2020-07-31T02:00,18.2,0.00,55,9.1,17.0,0.00,0.00,0.00,0,0,0,0,0,6.5,97,90,17.8,14.4,0,0.00,1017.6,1003.6
2020-07-31T03:00,17.0,0.00,62,9.6,16.0,0.00,0.00,0.00,0,0,0,0,0,6.5,91,87,15.5,13.0,0,0.00,1017.7,1003.7
2020-07-31T04:00,16.1,0.00,67,10.0,15.1,0.00,0.00,0.00,0,0,0,0,0,6.8,95,90,12.6,11.9,0,0.00,1017.7,1003.6
2020-07-31T05:00,15.6,0.00,70,10.2,14.7,0.00,0.00,0.00,0,0,0,0,0,6.6,93,77,11.9,11.5,1,0.00,1017.7,1003.6
2020-07-31T06:00,17.8,0.00,66,11.3,17.4,0.00,0.00,0.00,0,0,0,0,0,5.0,79,60,12.8,11.2,1,1765.72,1017.7,1003.7
2020-07-31T07:00,20.6,0.00,58,12.0,20.7,0.00,0.00,0.00,0,0,0,0,0,3.4,51,32,7.9,10.8,1,3600.00,1017.8,1003.9
2020-07-31T08:00,22.9,0.00,52,12.5,23.3,0.00,0.00,0.00,0,0,0,0,0,2.9,167,187,3.3,10.4,1,3600.00,1018.1,1004.3
2020-07-31T09:00,25.1,0.00,46,12.7,25.4,0.00,0.00,0.00,0,0,0,0,0,3.4,106,108,5.2,13.3,1,3600.00,1017.9,1004.3
2020-07-31T10:00,27.6,0.00,39,12.5,28.3,0.00,0.00,0.00,0,0,0,0,0,4.5,103,104,6.6,15.8,1,3600.00,1017.5,1004.0
2020-07-31T11:00,29.7,0.00,32,11.4,30.5,0.00,0.00,0.00,0,0,0,0,0,5.9,100,101,8.0,18.0,1,3600.00,1017.2,1003.8
2020-07-31T12:00,31.2,0.00,29,11.0,32.3,0.00,0.00,0.00,0,0,0,0,0,5.5,98,101,7.6,18.7,1,3600.00,1016.7,1003.3
2020-07-31T13:00,32.7,0.00,25,10.2,33.9,0.00,0.00,0.00,0,0,0,0,0,4.9,121,126,6.3,18.0,1,3600.00,1016.0,1002.7
2020-07-31T14:00,33.1,0.00,25,10.6,34.5,0.00,0.00,0.00,0,0,0,0,0,4.0,115,117,5.2,16.6,1,3600.00,1015.5,1002.2
2020-07-31T15:00,33.5,0.00,25,10.9,34.4,0.00,0.00,0.00,0,0,0,0,0,4.7,106,113,6.4,15.1,1,3600.00,1014.9,1001.7
2020-07-31T16:00,33.7,0.00,26,11.4,33.9,0.00,0.00,0.00,0,0,0,0,0,5.1,99,98,7.3,15.1,1,3600.00,1014.5,1001.3
2020-07-31T17:00,33.5,0.00,29,12.9,33.6,0.00,0.00,0.00,0,0,0,0,0,5.2,103,102,8.1,14.8,1,3600.00,1014.0,1000.8
2020-07-31T18:00,32.5,0.00,36,15.5,33.7,0.00,0.00,0.00,0,0,0,0,0,4.5,106,104,9.0,13.7,1,3600.00,1013.8,1000.5
2020-07-31T19:00,29.8,0.00,52,18.9,32.2,0.00,0.00,0.00,0,0,0,0,0,6.0,114,115,11.4,11.9,1,3600.00,1013.7,1000.3
2020-07-31T20:00,26.2,0.00,46,13.6,26.3,0.00,0.00,0.00,0,0,0,0,0,7.6,108,95,14.3,13.3,1,1941.84,1014.1,1000.6
2020-07-31T21:00,26.1,0.00,41,11.8,25.3,0.00,0.00,0.00,0,0,0,0,0,8.7,98,85,20.0,17.6,0,0.00,1014.4,1000.8
2020-07-31T22:00,25.0,0.00,41,10.7,23.8,0.00,0.00,0.00,0,0,0,0,0,9.7,98,92,24.0,20.2,0,0.00,1014.5,1000.9
2020-07-31T23:00,24.5,0.00,41,10.5,23.0,0.00,0.00,0.00,0,0,0,0,0,11.3,104,97,25.9,22.7,0,0.00,1014.6,1001.0
2020-08-01T00:00,24.1,0.00,42,10.4,22.4,0.00,0.00,0.00,0,0,0,0,0,12.4,102,98,27.3,24.8,0,0.00,1014.5,1000.9
2020-08-01T01:00,23.3,0.00,47,11.4,22.2,0.00,0.00,0.00,0,0,1,0,0,10.3,103,102,24.7,26.3,0,0.00,1014.4,1000.7
2020-08-01T02:00,22.5,0.00,50,11.6,21.4,0.00,0.00,0.00,0,0,0,0,0,10.9,103,96,26.2,22.3,0,0.00,1014.0,1000.3
2020-08-01T03:00,22.5,0.00,50,11.7,21.2,0.00,0.00,0.00,0,6,6,0,0,12.7,103,98,28.5,26.3,0,0.00,1013.5,999.8
2020-08-01T04:00,21.1,0.00,56,12.1,20.7,0.00,0.00,0.00,3,89,89,0,0,7.2,109,117,21.3,26.3,0,0.00,1013.6,999.8
2020-08-01T05:00,19.7,0.00,63,12.4,19.6,0.00,0.00,0.00,3,85,85,0,0,6.0,116,115,17.6,15.1,1,0.00,1014.0,1000.2
2020-08-01T06:00,20.5,0.00,64,13.5,20.7,0.00,0.00,0.00,0,0,0,0,0,6.5,117,109,16.9,14.8,1,953.94,1014.3,1000.5
2020-08-01T07:00,22.6,0.00,58,14.0,22.8,0.00,0.00,0.00,0,16,16,0,0,7.8,117,112,15.8,16.9,1,3600.00,1014.2,1000.5
2020-08-01T08:00,24.8,0.00,52,14.1,25.1,0.00,0.00,0.00,1,37,35,4,0,6.7,140,144,9.4,17.3,1,3600.00,1014.4,1000.8
2020-08-01T09:00,26.3,0.00,48,14.4,26.8,0.00,0.00,0.00,2,69,68,7,0,6.2,185,187,8.0,18.7,1,3600.00,1014.4,1000.9
2020-08-01T10:00,27.5,0.00,46,14.7,28.4,0.00,0.00,0.00,1,49,48,4,0,4.8,259,257,5.9,17.6,1,3600.00,1014.5,1001.0
2020-08-01T11:00,29.1,0.00,42,14.8,30.5,0.00,0.00,0.00,3,97,97,20,0,5.7,288,288,7.2,18.4,1,3600.00,1014.5,1001.1
2020-08-01T12:00,30.2,0.00,39,14.8,30.8,0.00,0.00,0.00,2,69,69,5,0,6.5,327,326,8.6,18.4,1,3600.00,1014.1,1000.7
2020-08-01T13:00,30.3,0.00,38,14.5,31.1,0.00,0.00,0.00,1,34,27,19,0,11.8,310,308,15.1,21.2,1,3600.00,1014.8,1001.4
2020-08-01T14:00,31.0,0.00,38,14.9,31.9,0.00,0.00,0.00,2,64,23,59,0,13.1,329,328,17.6,33.1,1,3600.00,1014.2,1000.9
2020-08-01T15:00,30.6,0.00,39,15.1,30.6,0.00,0.00,0.00,3,100,78,100,0,11.6,340,338,15.7,32.4,1,3600.00,1014.0,1000.6
2020-08-01T16:00,30.4,0.00,41,15.6,31.1,0.00,0.00,0.00,1,47,11,41,0,8.0,354,352,11.2,27.4,1,1190.33,1013.5,1000.1
2020-08-01T17:00,30.7,0.00,40,15.6,31.7,0.00,0.00,0.00,1,46,17,36,0,5.8,3,356,7.9,20.2,1,3600.00,1013.2,999.9
2020-08-01T18:00,30.4,0.00,43,16.3,31.9,0.00,0.00,0.00,0,12,11,2,0,4.2,346,340,7.4,14.8,1,3600.00,1013.1,999.7
2020-08-01T19:00,28.6,0.00,60,20.0,31.8,0.00,0.00,0.00,1,25,22,4,0,4.3,336,318,8.7,11.9,1,3600.00,1013.1,999.7
2020-08-01T20:00,29.1,0.00,42,15.0,30.1,0.00,0.00,0.00,1,36,32,7,0,4.7,3,32,6.8,10.1,1,1389.43,1013.1,999.7
2020-08-01T21:00,25.9,0.00,56,16.4,27.7,0.00,0.00,0.00,2,63,60,11,0,2.9,40,83,2.8,6.8,0,0.00,1013.2,999.7
2020-08-01T22:00,24.0,0.00,61,15.9,25.5,0.00,0.00,0.00,3,98,97,18,0,3.8,69,73,5.0,7.6,0,0.00,1013.0,999.4
2020-08-01T23:00,22.8,0.00,64,15.7,23.8,0.00,0.00,0.00,3,100,100,7,1,6.4,93,74,7.9,13.0,0,0.00,1012.6,998.9
2020-08-02T00:00,22.2,0.00,66,15.6,23.1,0.00,0.00,0.00,3,90,90,6,1,6.6,90,81,7.2,13.0,0,0.00,1012.2,998.5
2020-08-02T01:00,23.8,0.00,62,16.1,24.3,0.00,0.00,0.00,3,88,100,100,0,10.8,194,180,23.1,13.0,0,0.00,1013.4,999.8
2020-08-02T02:00,23.8,0.00,60,15.6,23.9,0.00,0.00,0.00,3,100,100,98,0,12.2,216,208,24.0,29.2,0,0.00,1013.2,999.6
2020-08-02T03:00,22.0,0.60,74,17.0,23.6,0.60,0.00,0.00,53,100,100,100,0,6.0,219,197,14.3,24.8,0,0.00,1013.5,999.8
2020-08-02T04:00,20.7,0.70,87,18.5,22.7,0.70,0.00,0.00,53,96,95,66,0,8.0,198,172,18.2,17.6,0,0.00,1013.7,999.9
2020-08-02T05:00,20.9,0.00,83,17.8,22.4,0.00,0.00,0.00,3,95,94,14,0,8.9,218,201,19.7,19.1,1,0.00,1013.3,999.5
2020-08-02T06:00,20.7,0.00,85,18.1,22.7,0.00,0.00,0.00,3,96,95,26,1,6.6,246,229,13.4,18.7,1,0.00,1013.2,999.4
2020-08-02T07:00,21.3,0.00,83,18.4,22.5,0.00,0.00,0.00,3,97,96,35,13,13.3,308,303,21.0,25.9,1,2322.59,1013.7,999.9
2020-08-02T08:00,21.2,0.20,81,17.9,21.7,0.20,0.00,0.00,51,98,97,45,22,16.5,327,324,24.2,36.0,1,1155.48,1014.2,1000.4
2020-08-02T09:00,21.1,0.50,81,17.8,21.8,0.50,0.00,0.00,53,98,98,29,0,14.8,339,337,21.2,36.7,1,2347.56,1014.6,1000.8
2020-08-02T10:00,22.6,0.10,72,17.2,23.8,0.10,0.00,0.00,51,100,99,22,45,8.8,344,341,11.6,33.1,1,3395.98,1014.7,1001.0
2020-08-02T11:00,23.5,0.00,66,16.8,24.3,0.00,0.00,0.00,3,100,100,10,8,10.2,320,318,13.6,25.9,1,3600.00,1014.9,1001.2
2020-08-02T12:00,24.5,0.00,56,15.3,24.8,0.00,0.00,0.00,3,100,100,1,13,10.2,319,318,13.8,27.4,1,3600.00,1014.5,1000.9
2020-08-02T13:00,22.6,0.00,72,17.3,24.3,0.00,0.00,0.00,3,95,96,33,2,6.1,299,298,8.2,27.7,1,3117.63,1014.7,1001.0
2020-08-02T14:00,24.6,0.00,57,15.5,25.9,0.00,0.00,0.00,3,87,80,49,0,6.4,288,286,8.3,20.2,1,3600.00,1014.2,1000.6
2020-08-02T15:00,25.0,0.00,53,14.9,25.5,0.00,0.00,0.00,3,100,100,33,8,7.6,282,278,10.3,22.0,1,3600.00,1013.6,1000.0
2020-08-02T16:00,25.1,0.00,52,14.6,25.8,0.00,0.00,0.00,3,98,98,18,3,5.5,261,259,6.9,21.6,1,3600.00,1013.3,999.7
2020-08-02T17:00,24.9,0.00,52,14.4,25.5,0.00,0.00,0.00,3,98,97,26,2,5.4,198,200,6.8,16.2,1,3404.84,1013.2,999.6
2020-08-02T18:00,24.4,0.00,54,14.5,24.9,0.00,0.00,0.00,3,96,92,53,3,6.7,167,164,9.6,16.2,1,3393.31,1012.9,999.3
2020-08-02T19:00,23.7,0.00,58,15.0,24.6,0.00,0.00,0.00,3,99,99,46,1,5.5,192,191,11.8,15.5,1,1811.28,1012.7,999.1
2020-08-02T20:00,22.1,0.00,66,15.3,23.2,0.00,0.00,0.00,3,100,100,31,3,4.7,211,212,13.9,13.0,1,170.47,1012.6,998.9
2020-08-02T21:00,22.5,0.00,62,14.9,23.7,0.00,0.00,0.00,3,100,100,24,1,2.7,270,293,5.0,10.4,0,0.00,1012.9,999.2
2020-08-02T22:00,21.3,0.00,67,14.9,21.8,0.00,0.00,0.00,3,100,100,18,6,7.4,343,337,17.7,13.7,0,0.00,1013.0,999.2
2020-08-02T23:00,21.3,0.00,55,11.8,20.2,0.00,0.00,0.00,3,100,100,32,18,11.2,343,339,22.6,23.0,0,0.00,1013.1,999.3
2020-08-03T00:00,20.0,0.00,62,12.5,18.7,0.00,0.00,0.00,3,93,91,33,8,13.7,343,337,25.3,28.8,0,0.00,1013.3,999.5
2020-08-03T01:00,20.2,0.00,62,12.7,19.4,0.00,0.00,0.00,3,87,96,98,0,10.7,355,346,20.2,29.2,0,0.00,1013.4,999.6
2020-08-03T02:00,19.7,0.00,66,13.1,19.2,0.00,0.00,0.00,3,100,96,100,0,10.1,4,356,18.8,22.7,0,0.00,1013.2,999.4
2020-08-03T03:00,19.0,0.50,74,14.3,19.0,0.50,0.00,0.00,53,100,88,100,1,9.5,4,351,17.3,21.2,0,0.00,1012.8,998.9
2020-08-03T04:00,18.3,0.30,81,15.1,18.7,0.30,0.00,0.00,51,100,84,100,0,9.0,7,358,17.1,19.4,0,0.00,1012.5,998.6
2020-08-03T05:00,17.9,0.20,85,15.4,18.8,0.20,0.00,0.00,51,99,60,99,0,6.6,7,351,13.8,18.4,0,0.00,1012.7,998.8
2020-08-03T06:00,17.9,0.20,86,15.6,18.7,0.20,0.00,0.00,51,87,27,85,3,7.0,358,339,12.2,14.0,1,0.00,1012.7,998.8
2020-08-03T07:00,18.0,0.20,85,15.4,18.6,0.20,0.00,0.00,51,91,2,90,13,8.2,333,322,12.6,17.3,1,491.76,1013.1,999.2
2020-08-03T08:00,18.2,0.40,83,15.3,18.8,0.40,0.00,0.00,51,95,23,94,10,8.6,350,345,12.1,19.8,1,3600.00,1013.2,999.3
2020-08-03T09:00,18.7,0.20,80,15.2,19.3,0.20,0.00,0.00,51,100,97,94,10,7.8,15,13,11.2,19.8,1,0.00,1012.6,998.7
2020-08-03T10:00,20.1,0.00,72,14.9,20.9,0.00,0.00,0.00,3,100,99,100,3,5.9,39,38,7.9,20.5,1,3600.00,1012.2,998.4
2020-08-03T11:00,20.4,0.00,68,14.3,21.5,0.00,0.00,0.00,3,99,97,97,6,1.8,34,37,2.6,18.0,1,0.00,1012.1,998.3
2020-08-03T12:00,20.8,0.00,66,14.1,21.7,0.00,0.00,0.00,3,96,92,79,11,3.0,350,346,4.0,13.7,1,94.37,1011.8,998.0
2020-08-03T13:00,19.4,0.00,78,15.4,20.2,0.00,0.00,0.00,3,96,99,85,0,6.5,67,71,9.0,16.9,1,1357.64,1011.8,998.0
2020-08-03T14:00,21.2,0.10,67,14.9,22.0,0.10,0.00,0.00,51,99,99,61,2,5.4,5,4,8.0,17.3,1,0.00,1010.9,997.2
2020-08-03T15:00,20.0,0.70,73,15.1,20.2,0.70,0.00,0.00,53,99,98,35,9,9.7,36,39,14.7,21.6,1,0.00,1010.7,996.9
2020-08-03T16:00,20.6,0.00,70,14.9,21.3,0.00,0.00,0.00,3,99,99,79,0,6.6,36,41,9.3,23.8,1,1440.34,1010.5,996.7
2020-08-03T17:00,20.6,0.20,68,14.6,21.2,0.20,0.00,0.00,51,100,99,87,34,5.8,8,7,8.0,17.6,1,0.00,1010.6,996.8
2020-08-03T18:00,18.8,1.90,81,15.6,19.7,1.90,0.00,0.00,61,100,100,97,27,6.6,15,9,11.2,17.3,1,0.00,1011.1,997.3
2020-08-03T19:00,18.1,0.50,86,15.8,19.8,0.50,0.00,0.00,53,100,100,99,0,1.8,5,281,4.3,14.4,1,0.00,1011.0,997.1
2020-08-03T20:00,17.6,0.40,91,16.1,18.9,0.40,0.00,0.00,51,100,100,98,4,5.4,286,274,10.5,11.2,1,0.00,1011.3,997.4
2020-08-03T21:00,17.2,0.20,91,15.8,18.5,0.20,0.00,0.00,51,100,100,99,5,4.7,306,302,10.3,11.5,0,0.00,1011.5,997.6
2020-08-03T22:00,16.8,0.10,89,15.0,17.6,0.10,0.00,0.00,51,100,100,99,13,6.3,331,329,14.0,14.0,0,0.00,1011.5,997.6
2020-08-03T23:00,16.2,0.00,89,14.4,17.0,0.00,0.00,0.00,3,100,100,16,7,4.3,355,360,12.3,14.0,0,0.00,1011.9,997.9
2020-08-04T00:00,16.4,0.00,88,14.3,17.1,0.00,0.00,0.00,3,100,100,59,5,4.3,333,336,12.1,9.7,0,0.00,1011.7,997.7
2020-08-04T01:00,16.2,0.00,91,14.6,17.1,0.00,0.00,0.00,3,100,100,93,1,4.1,270,255,10.8,13.0,0,0.00,1012.6,998.6
2020-08-04T02:00,15.8,0.00,92,14.4,16.8,0.00,0.00,0.00,3,100,100,60,1,2.9,288,263,8.0,9.7,0,0.00,1012.7,998.7
2020-08-04T03:00,15.8,0.00,90,14.2,16.6,0.00,0.00,0.00,3,100,100,39,0,4.0,304,275,9.6,9.0,0,0.00,1012.5,998.5
2020-08-04T04:00,15.0,0.00,92,13.7,15.5,0.00,0.00,0.00,3,100,100,10,0,4.5,325,299,10.1,9.7,0,0.00,1012.6,998.5
2020-08-04T05:00,14.4,0.00,92,13.1,14.6,0.00,0.00,0.00,3,100,100,10,0,4.8,351,318,9.5,10.4,0,0.00,1013.1,999.0
2020-08-04T06:00,15.4,0.00,84,12.7,15.2,0.00,0.00,0.00,3,100,100,0,2,6.9,351,332,14.6,13.7,1,0.00,1013.5,999.5
2020-08-04T07:00,16.1,0.00,75,11.7,15.4,0.00,0.00,0.00,3,100,100,16,6,8.7,353,343,15.6,18.7,1,0.00,1014.3,1000.3
2020-08-04T08:00,17.4,0.00,65,10.9,16.5,0.00,0.00,0.00,3,100,100,22,7,8.3,358,355,11.9,20.2,1,3568.21,1014.8,1000.8
2020-08-04T09:00,19.1,0.00,59,10.9,18.3,0.00,0.00,0.00,1,25,0,24,12,7.3,358,351,10.1,20.9,1,3600.00,1015.2,1001.3
2020-08-04T10:00,20.6,0.00,53,10.7,19.8,0.00,0.00,0.00,1,25,0,24,10,6.8,2,357,9.0,26.3,1,3600.00,1015.3,1001.5
2020-08-04T11:00,21.5,0.00,49,10.3,20.9,0.00,0.00,0.00,2,68,0,65,18,8.0,20,18,10.4,26.3,1,3600.00,1015.5,1001.7
2020-08-04T12:00,21.5,0.00,48,10.1,20.5,0.00,0.00,0.00,2,66,0,66,5,6.8,5,360,9.0,23.8,1,3600.00,1015.7,1001.9
2020-08-04T13:00,23.1,0.00,44,10.3,21.6,0.00,0.00,0.00,1,47,0,48,7,11.1,337,335,14.5,19.8,1,3600.00,1016.0,1002.3
2020-08-04T14:00,23.3,0.00,41,9.1,22.3,0.00,0.00,0.00,2,64,0,61,10,8.7,337,336,11.8,27.4,1,3600.00,1016.1,1002.4
2020-08-04T15:00,23.0,0.00,39,8.5,21.2,0.00,0.00,0.00,1,46,0,46,2,9.7,339,338,13.1,23.8,1,3600.00,1016.2,1002.5
2020-08-04T16:00,23.1,0.00,39,8.3,21.2,0.00,0.00,0.00,1,36,0,36,0,10.3,335,335,13.9,24.8,1,3600.00,1016.2,1002.5
2020-08-04T17:00,22.9,0.00,40,8.6,20.9,0.00,0.00,0.00,0,14,0,14,0,11.1,327,324,15.9,25.6,1,3600.00,1016.1,1002.4
2020-08-04T18:00,22.3,0.00,43,9.1,20.7,0.00,0.00,0.00,0,14,0,14,0,9.2,315,312,15.3,25.6,1,3561.20,1016.2,1002.4
2020-08-04T19:00,20.8,0.00,53,10.8,20.3,0.00,0.00,0.00,0,14,0,14,0,5.5,288,281,14.0,20.9,1,3600.00,1016.4,1002.6
2020-08-04T20:00,18.9,0.00,54,9.5,17.8,0.00,0.00,0.00,0,16,0,16,0,6.5,283,276,16.2,13.0,1,1050.35,1016.6,1002.7
2020-08-04T21:00,19.2,0.00,53,9.5,18.1,0.00,0.00,0.00,0,19,0,19,0,6.4,278,227,10.2,13.3,0,0.00,1017.2,1003.3
2020-08-04T22:00,16.9,0.00,64,10.0,16.2,0.00,0.00,0.00,1,31,0,31,0,4.9,193,144,9.3,9.4,0,0.00,1017.4,1003.4
2020-08-04T23:00,15.8,0.00,72,10.7,15.2,0.00,0.00,0.00,1,27,0,27,0,5.9,173,128,12.3,13.0,0,0.00,1017.8,1003.7
2020-08-05T00:00,15.2,0.00,76,11.0,14.8,0.00,0.00,0.00,1,29,2,28,0,5.0,180,120,9.4,11.2,0,0.00,1018.1,1004.0
2020-08-05T01:00,15.4,0.00,81,12.2,15.0,0.00,0.00,0.00,2,63,0,14,0,7.1,177,139,14.1,11.9,0,0.00,1018.4,1004.3
2020-08-05T02:00,14.4,0.00,86,12.0,14.2,0.00,0.00,0.00,0,11,0,11,0,5.1,189,141,13.1,14.4,0,0.00,1018.7,1004.5
2020-08-05T03:00,14.3,0.00,85,11.9,14.2,0.00,0.00,0.00,0,16,2,15,0,5.1,189,135,11.7,10.8,0,0.00,1018.8,1004.6
2020-08-05T04:00,13.6,0.00,89,11.9,13.3,0.00,0.00,0.00,0,7,0,7,0,6.0,170,123,12.1,11.9,0,0.00,1018.8,1004.6
2020-08-05T05:00,13.0,0.00,92,11.7,12.6,0.00,0.00,0.00,1,20,19,2,0,6.1,164,118,12.0,12.2,0,0.00,1018.9,1004.7
2020-08-05T06:00,13.8,0.00,88,11.8,13.2,0.00,0.00,0.00,1,29,29,0,0,8.1,153,122,12.9,15.1,1,763.49,1019.0,1004.8
2020-08-05T07:00,16.3,0.00,77,12.3,15.8,0.00,0.00,0.00,0,0,0,0,0,7.9,138,129,14.5,18.7,1,3600.00,1019.4,1005.3
2020-08-05T08:00,18.5,0.00,68,12.5,18.2,0.00,0.00,0.00,0,0,0,0,0,6.9,138,137,9.2,19.1,1,3600.00,1019.5,1005.5
2020-08-05T09:00,20.5,0.00,59,12.3,20.5,0.00,0.00,0.00,0,0,0,0,0,5.2,148,146,6.8,18.4,1,3600.00,1019.4,1005.5
2020-08-05T10:00,22.4,0.00,51,11.8,22.7,0.00,0.00,0.00,0,0,0,0,0,4.5,150,151,5.8,16.9,1,3600.00,1019.3,1005.5
2020-08-05T11:00,23.6,0.00,45,10.9,24.3,0.00,0.00,0.00,0,0,0,0,0,5.1,135,135,6.6,18.0,1,3600.00,1019.0,1005.3
2020-08-05T12:00,24.5,0.00,40,10.1,25.1,0.00,0.00,0.00,0,9,0,0,9,7.1,119,120,9.0,21.2,1,3600.00,1018.7,1005.0
2020-08-05T13:00,25.3,0.00,38,9.9,25.2,0.00,0.00,0.00,0,0,0,15,0,11.3,112,112,14.7,24.5,1,3600.00,1018.4,1004.8
2020-08-05T14:00,25.7,0.00,35,9.2,25.2,0.00,0.00,0.00,0,11,0,11,0,10.5,111,112,14.2,28.8,1,3600.00,1017.7,1004.1
2020-08-05T15:00,26.0,0.00,35,9.3,25.4,0.00,0.00,0.00,0,2,0,2,0,10.8,110,111,14.6,27.4,1,3600.00,1017.4,1003.8
2020-08-05T16:00,26.0,0.00,34,9.1,24.6,0.00,0.00,0.00,0,0,0,0,0,10.9,108,107,14.8,27.4,1,3600.00,1017.2,1003.6
2020-08-05T17:00,25.8,0.00,35,9.1,24.1,0.00,0.00,0.00,0,0,0,0,0,10.0,106,105,14.2,26.6,1,3600.00,1017.0,1003.4
2020-08-05T18:00,25.2,0.00,38,9.7,23.9,0.00,0.00,0.00,0,0,0,0,0,8.0,108,108,14.0,23.4,1,3600.00,1017.0,1003.4
2020-08-05T19:00,23.1,0.00,50,12.2,22.9,0.00,0.00,0.00,0,0,0,0,0,5.6,120,117,15.0,19.1,1,3600.00,1017.2,1003.5
2020-08-05T20:00,21.3,0.00,48,9.9,19.9,0.00,0.00,0.00,0,0,0,0,0,9.4,122,113,22.0,18.0,0,1141.46,1017.4,1003.6
2020-08-05T21:00,19.9,0.00,55,10.5,18.8,0.00,0.00,0.00,0,0,0,0,0,8.6,135,123,20.9,21.6,0,0.00,1018.1,1004.2
2020-08-05T22:00,18.5,0.00,61,10.9,17.6,0.00,0.00,0.00,0,0,0,0,0,8.3,129,108,19.5,18.0,0,0.00,1018.5,1004.5
2020-08-05T23:00,17.6,0.00,66,11.1,16.8,0.00,0.00,0.00,0,0,0,0,0,7.4,133,104,17.8,18.0,0,0.00,1018.9,1004.9
2020-08-06T00:00,17.0,0.00,68,11.1,16.2,0.00,0.00,0.00,0,0,0,0,0,8.0,123,100,18.5,16.9,0,0.00,1019.2,1005.2
2020-08-06T01:00,16.6,0.00,71,11.4,15.9,0.00,0.00,0.00,0,0,0,0,0,8.0,122,100,17.8,16.6,0,0.00,1019.2,1005.1
2020-08-06T02:00,15.6,0.00,75,11.3,14.8,0.00,0.00,0.00,0,13,13,0,0,8.5,118,102,19.2,17.3,0,0.00,1019.3,1005.2
2020-08-06T03:00,15.4,0.00,76,11.2,14.4,0.00,0.00,0.00,0,5,5,0,0,9.1,112,99,19.1,18.7,0,0.00,1019.4,1005.3
2020-08-06T04:00,15.1,0.00,77,11.1,14.1,0.00,0.00,0.00,0,0,0,0,0,9.5,110,101,19.9,19.8,0,0.00,1019.4,1005.3
2020-08-06T05:00,14.6,0.00,80,11.1,13.7,0.00,0.00,0.00,0,0,0,0,0,8.4,105,97,17.9,19.4,0,0.00,1019.7,1005.5
2020-08-06T06:00,15.4,0.00,78,11.6,14.8,0.00,0.00,0.00,0,1,0,0,1,6.9,94,84,14.1,17.3,1,743.79,1020.3,1006.2
2020-08-06T07:00,17.9,0.00,70,12.4,17.9,0.00,0.00,0.00,0,3,0,0,3,5.4,93,90,12.3,14.4,1,3600.00,1020.7,1006.7
2020-08-06T08:00,20.9,0.00,60,13.0,21.0,0.00,0.00,0.00,0,0,0,0,0,6.1,90,93,9.4,16.6,1,3600.00,1020.9,1007.0
2020-08-06T09:00,23.3,0.00,53,13.0,23.0,0.00,0.00,0.00,0,0,0,0,0,8.5,101,102,11.7,22.0,1,3600.00,1021.0,1007.2
2020-08-06T10:00,24.7,0.00,47,12.7,24.3,0.00,0.00,0.00,0,0,0,0,0,10.7,108,110,14.3,27.0,1,3600.00,1020.8,1007.1
2020-08-06T11:00,26.0,0.00,44,12.6,26.1,0.00,0.00,0.00,0,0,0,0,0,11.5,102,104,15.8,29.5,1,3600.00,1020.6,1007.0
2020-08-06T12:00,27.0,0.00,41,12.8,27.6,0.00,0.00,0.00,0,0,0,0,0,11.8,101,102,15.7,29.9,1,3600.00,1020.1,1006.5
2020-08-06T13:00,28.1,0.00,41,13.5,29.1,0.00,0.00,0.00,0,0,0,0,0,11.7,106,108,15.4,30.2,1,3600.00,1019.7,1006.2
2020-08-06T14:00,28.6,0.00,40,13.5,29.3,0.00,0.00,0.00,0,0,0,0,0,11.8,108,110,15.9,29.9,1,3600.00,1019.3,1005.8
2020-08-06T15:00,28.8,0.00,39,13.5,29.2,0.00,0.00,0.00,0,0,0,0,0,11.7,107,108,15.8,29.9,1,3600.00,1019.0,1005.5
2020-08-06T16:00,29.0,0.00,38,13.5,29.0,0.00,0.00,0.00,0,2,0,2,0,10.1,103,107,14.1,29.2,1,3600.00,1018.7,1005.2
2020-08-06T17:00,29.0,0.00,38,13.5,28.7,0.00,0.00,0.00,1,28,26,2,0,9.8,105,107,13.8,25.2,1,3600.00,1018.4,1004.9
2020-08-06T18:00,28.5,0.00,41,14.0,28.8,0.00,0.00,0.00,1,24,24,1,0,7.0,121,125,12.6,22.7,1,3600.00,1018.3,1004.8
2020-08-06T19:00,26.2,0.00,56,16.7,27.8,0.00,0.00,0.00,0,15,15,0,0,5.1,132,129,13.0,17.3,1,3600.00,1018.5,1004.9
2020-08-06T20:00,24.0,0.00,56,14.7,24.5,0.00,0.00,0.00,0,18,18,0,0,6.9,97,81,15.6,13.7,0,765.23,1019.0,1005.3
2020-08-06T21:00,23.8,0.00,52,13.5,23.4,0.00,0.00,0.00,0,2,0,2,0,10.5,87,82,24.5,21.6,0,0.00,1019.5,1005.8
2020-08-06T22:00,22.9,0.00,52,12.6,22.4,0.00,0.00,0.00,0,2,0,2,0,8.8,105,102,22.4,22.0,0,0.00,1019.7,1005.9
2020-08-06T23:00,21.5,0.00,57,12.6,21.0,0.00,0.00,0.00,0,4,3,1,0,9.0,109,92,19.5,19.1,0,0.00,1020.1,1006.3
2020-08-07T00:00,20.8,0.00,59,12.6,20.2,0.00,0.00,0.00,0,4,4,0,0,9.4,107,94,20.4,19.4,0,0.00,1019.9,1006.0
2020-08-07T01:00,20.7,0.00,59,12.4,20.2,0.00,0.00,0.00,0,0,0,0,0,8.6,105,105,20.9,19.4,0,0.00,1019.9,1006.0
2020-08-07T02:00,18.9,0.00,68,12.9,18.8,0.00,0.00,0.00,0,0,0,0,0,6.4,114,106,16.6,17.6,0,0.00,1019.9,1005.9
2020-08-07T03:00,18.1,0.00,73,13.2,18.1,0.00,0.00,0.00,0,0,0,0,0,6.9,113,99,15.6,14.8,0,0.00,1019.9,1005.9
2020-08-07T04:00,17.4,0.00,78,13.5,17.7,0.00,0.00,0.00,0,0,0,0,0,5.9,103,79,12.9,14.8,0,0.00,1019.9,1005.9
2020-08-07T05:00,16.9,0.00,81,13.7,17.2,0.00,0.00,0.00,0,0,0,0,0,5.4,94,82,10.1,12.2,0,0.00,1020.1,1006.0
2020-08-07T06:00,17.6,0.00,80,14.2,18.0,0.00,0.00,0.00,0,0,0,0,0,6.5,94,90,10.1,13.3,1,618.52,1020.4,1006.4
2020-08-07T07:00,20.7,0.00,71,15.3,21.8,0.00,0.00,0.00,0,0,0,0,0,4.0,85,80,8.7,13.3,1,3600.00,1020.9,1007.0
2020-08-07T08:00,23.6,0.00,62,15.8,25.3,0.00,0.00,0.00,0,0,0,0,0,1.8,77,79,3.3,10.8,1,3600.00,1021.1,1007.3
2020-08-07T09:00,25.9,0.00,55,16.2,27.6,0.00,0.00,0.00,0,0,0,0,0,3.2,86,90,4.7,12.6,1,3600.00,1020.8,1007.1
2020-08-07T10:00,27.9,0.00,48,16.0,29.3,0.00,0.00,0.00,0,0,0,0,0,6.6,97,103,9.1,19.1,1,3600.00,1020.5,1006.9
2020-08-07T11:00,29.3,0.00,44,15.9,30.8,0.00,0.00,0.00,0,0,0,0,0,9.8,104,107,13.4,25.6,1,3600.00,1020.3,1006.8
2020-08-07T12:00,30.4,0.00,42,15.9,32.1,0.00,0.00,0.00,0,0,0,0,0,10.9,104,107,14.5,28.4,1,3600.00,1020.0,1006.6
2020-08-07T13:00,31.6,0.00,38,15.7,33.4,0.00,0.00,0.00,0,0,0,0,0,10.8,103,105,14.4,28.4,1,3600.00,1019.2,1005.8
2020-08-07T14:00,31.9,0.00,38,15.8,33.8,0.00,0.00,0.00,0,0,0,0,0,10.0,109,111,13.3,28.1,1,3600.00,1018.9,1005.5
2020-08-07T15:00,32.3,0.00,37,15.8,33.8,0.00,0.00,0.00,0,12,0,12,0,9.5,112,115,12.4,25.9,1,3600.00,1018.6,1005.3
2020-08-07T16:00,32.2,0.00,37,15.7,32.8,0.00,0.00,0.00,1,20,1,20,0,9.7,114,117,13.0,24.5,1,3600.00,1018.3,1005.0
2020-08-07T17:00,31.9,0.00,38,15.9,32.5,0.00,0.00,0.00,1,22,0,21,0,9.1,122,124,13.1,23.8,1,3600.00,1018.0,1004.7
2020-08-07T18:00,31.1,0.00,42,16.7,32.4,0.00,0.00,0.00,0,17,0,17,0,6.6,131,135,12.5,21.6,1,3600.00,1017.8,1004.4
2020-08-07T19:00,28.9,0.00,55,19.1,31.6,0.00,0.00,0.00,0,12,0,12,0,5.0,147,150,12.0,16.2,1,3600.00,1018.0,1004.5
2020-08-07T20:00,26.3,0.00,58,17.4,28.0,0.00,0.00,0.00,0,9,0,9,0,6.1,152,130,13.0,11.9,0,525.73,1018.1,1004.5
2020-08-07T21:00,25.3,0.00,60,17.1,27.1,0.00,0.00,0.00,0,5,0,5,0,5.1,142,98,11.8,11.5,0,0.00,1018.5,1004.9
2020-08-07T22:00,24.0,0.00,64,16.8,25.3,0.00,0.00,0.00,0,2,0,2,0,7.3,111,79,12.0,14.4,0,0.00,1018.7,1005.0
2020-08-07T23:00,23.8,0.00,60,15.5,24.3,0.00,0.00,0.00,0,1,0,1,0,8.6,101,90,17.6,16.6,0,0.00,1019.0,1005.3
2020-08-08T00:00,23.6,0.00,58,15.0,23.8,0.00,0.00,0.00,0,0,0,0,0,10.1,128,107,21.8,20.9,0,0.00,1019.3,1005.6
2020-08-08T01:00,23.2,0.00,62,15.4,23.5,0.00,0.00,0.00,0,0,0,0,0,10.4,132,110,21.7,20.2,0,0.00,1019.3,1005.5
2020-08-08T02:00,22.1,0.00,65,15.2,22.4,0.00,0.00,0.00,0,0,0,0,0,9.9,129,109,21.8,21.6,0,0.00,1019.4,1005.6
2020-08-08T03:00,21.4,0.00,66,14.8,21.7,0.00,0.00,0.00,0,0,0,0,0,8.8,132,109,19.4,20.5,0,0.00,1019.4,1005.6
2020-08-08T04:00,20.9,0.00,67,14.6,21.1,0.00,0.00,0.00,0,0,0,0,0,8.9,130,111,19.2,18.0,0,0.00,1019.5,1005.6
2020-08-08T05:00,20.3,0.00,69,14.4,20.5,0.00,0.00,0.00,0,0,0,0,0,8.2,124,105,18.7,17.6,0,0.00,1019.8,1005.9
2020-08-08T06:00,20.6,0.00,68,14.6,20.7,0.00,0.00,0.00,0,0,0,0,0,9.6,116,103,19.2,19.1,1,500.84,1020.2,1006.3
2020-08-08T07:00,22.8,0.00,62,15.1,23.2,0.00,0.00,0.00,0,0,0,0,0,9.3,112,106,17.9,20.5,1,3600.00,1020.6,1006.8
2020-08-08T08:00,25.5,0.00,54,15.6,26.2,0.00,0.00,0.00,0,0,0,0,0,7.9,113,114,12.1,20.2,1,3600.00,1020.7,1007.0
2020-08-08T09:00,28.2,0.00,46,15.4,29.0,0.00,0.00,0.00,0,0,0,0,0,6.7,126,126,9.3,19.4,1,3600.00,1020.7,1007.2
2020-08-08T10:00,30.3,0.00,37,14.1,31.2,0.00,0.00,0.00,0,0,0,0,0,5.5,147,148,7.3,18.7,1,3600.00,1020.4,1007.0
2020-08-08T11:00,31.6,0.00,34,13.7,33.1,0.00,0.00,0.00,0,0,0,0,0,4.7,144,148,6.2,17.6,1,3600.00,1020.0,1006.6
2020-08-08T12:00,32.4,0.00,33,14.3,34.5,0.00,0.00,0.00,0,0,0,0,0,5.1,124,129,6.5,17.6,1,3600.00,1019.6,1006.3
2020-08-08T13:00,33.1,0.00,34,15.2,35.3,0.00,0.00,0.00,0,0,0,1,0,7.5,138,145,9.2,18.4,1,3600.00,1019.1,1005.8
2020-08-08T14:00,33.5,0.00,33,15.1,35.3,0.00,0.00,0.00,0,4,0,4,0,7.3,152,160,9.3,22.3,1,3600.00,1018.5,1005.2
2020-08-08T15:00,33.8,0.00,32,14.9,35.4,0.00,0.00,0.00,0,16,3,14,0,6.3,159,167,8.1,22.0,1,3600.00,1018.1,1004.8
2020-08-08T16:00,34.0,0.00,31,14.5,35.0,0.00,0.00,0.00,1,30,1,30,0,4.4,160,171,5.4,19.4,1,3600.00,1017.7,1004.4
2020-08-08T17:00,33.8,0.00,32,14.7,34.9,0.00,0.00,0.00,0,18,0,18,0,2.9,163,173,3.8,13.7,1,3600.00,1017.3,1004.0
2020-08-08T18:00,32.3,0.00,62,24.2,38.1,0.00,0.00,0.00,0,13,2,12,0,2.9,174,180,3.6,9.4,1,3600.00,1017.2,1003.9
2020-08-08T19:00,30.3,0.00,52,19.4,33.2,0.00,0.00,0.00,0,17,5,13,0,4.4,161,145,8.8,7.6,1,3600.00,1017.3,1003.9
2020-08-08T20:00,28.1,0.00,46,15.2,29.0,0.00,0.00,0.00,0,14,5,11,0,5.7,147,125,12.0,11.2,0,408.29,1017.4,1003.9
2020-08-08T21:00,27.3,0.00,45,14.5,27.6,0.00,0.00,0.00,0,16,1,15,0,7.7,150,118,14.2,15.1,0,0.00,1017.6,1004.1
2020-08-08T22:00,26.1,0.00,47,14.0,26.4,0.00,0.00,0.00,0,4,0,4,0,7.1,156,114,15.3,16.6,0,0.00,1017.7,1004.1
2020-08-08T23:00,25.0,0.00,49,13.7,25.3,0.00,0.00,0.00,0,8,0,8,0,6.0,156,107,13.0,14.4,0,0.00,1017.7,1004.1
2020-08-09T00:00,23.7,0.00,53,13.5,24.0,0.00,0.00,0.00,0,7,0,7,0,5.5,159,101,10.0,12.2,0,0.00,1017.5,1003.8
2020-08-09T01:00,23.4,0.00,55,13.8,23.7,0.00,0.00,0.00,0,8,0,1,0,6.2,143,111,13.6,12.2,0,0.00,1017.6,1003.9
2020-08-09T02:00,21.7,0.00,60,13.6,21.8,0.00,0.00,0.00,0,1,0,1,0,6.7,134,106,15.0,14.4,0,0.00,1017.7,1003.9
2020-08-09T03:00,21.0,0.00,63,13.8,21.2,0.00,0.00,0.00,0,3,0,3,0,6.9,128,99,14.1,13.3,0,0.00,1017.9,1004.1
2020-08-09T04:00,20.7,0.00,65,13.8,20.6,0.00,0.00,0.00,0,3,0,3,0,8.7,117,97,15.8,16.6,0,0.00,1017.9,1004.0
2020-08-09T05:00,20.4,0.00,66,13.8,20.5,0.00,0.00,0.00,0,3,0,3,0,7.8,114,103,16.6,17.3,0,0.00,1017.9,1004.0
2020-08-09T06:00,21.0,0.00,66,14.3,21.4,0.00,0.00,0.00,0,5,0,5,0,6.8,113,108,14.8,15.5,1,391.17,1018.1,1004.3
2020-08-09T07:00,23.4,0.00,60,15.1,24.0,0.00,0.00,0.00,0,5,0,5,0,7.3,121,123,13.9,15.8,1,3600.00,1018.5,1004.8
2020-08-09T08:00,26.2,0.00,52,15.6,27.2,0.00,0.00,0.00,0,4,0,4,0,5.9,122,128,9.4,15.5,1,3600.00,1018.5,1004.9
2020-08-09T09:00,28.9,0.00,45,15.8,30.0,0.00,0.00,0.00,0,3,0,3,0,5.6,131,135,7.7,16.9,1,3600.00,1018.2,1004.7
2020-08-09T10:00,31.2,0.00,38,15.2,32.3,0.00,0.00,0.00,0,2,0,2,0,5.7,139,145,7.7,18.0,1,3600.00,1018.0,1004.6
2020-08-09T11:00,32.9,0.00,30,13.2,33.6,0.00,0.00,0.00,0,3,0,3,0,8.4,132,137,11.2,22.7,1,3600.00,1017.5,1004.2
2020-08-09T12:00,33.8,0.00,27,12.3,34.3,0.00,0.00,0.00,0,3,0,2,0,10.0,128,131,12.8,25.9,1,3600.00,1017.1,1003.8
2020-08-09T13:00,34.4,0.00,28,13.4,35.5,0.00,0.00,0.00,0,4,5,16,0,9.2,120,121,11.6,26.3,1,3600.00,1016.4,1003.2
2020-08-09T14:00,34.0,0.00,28,12.7,33.9,0.00,0.00,0.00,1,41,17,34,0,10.0,117,120,13.4,25.6,1,3600.00,1016.0,1002.8
2020-08-09T15:00,34.0,0.00,28,13.0,33.7,0.00,0.00,0.00,1,44,31,32,0,8.2,112,113,11.3,25.2,1,3600.00,1015.5,1002.3
2020-08-09T16:00,33.9,0.00,28,12.8,33.5,0.00,0.00,0.00,2,56,43,27,0,8.8,102,102,12.1,22.0,1,3600.00,1015.0,1001.8
2020-08-09T17:00,33.3,0.00,30,13.3,33.1,0.00,0.00,0.00,2,53,47,14,0,8.2,107,105,12.4,22.0,1,3600.00,1014.5,1001.3
2020-08-09T18:00,32.2,0.00,36,15.3,33.2,0.00,0.00,0.00,2,53,45,16,0,5.1,131,129,10.5,19.4,1,3600.00,1014.4,1001.1
2020-08-09T19:00,29.8,0.00,49,18.0,31.9,0.00,0.00,0.00,1,20,6,16,0,5.9,141,133,11.5,12.6,1,3600.00,1014.5,1001.1
2020-08-09T20:00,27.3,0.00,48,15.2,28.0,0.00,0.00,0.00,0,15,1,14,0,6.9,122,96,12.3,11.9,0,300.09,1014.7,1001.2
2020-08-09T21:00,26.5,0.00,47,14.4,27.3,0.00,0.00,0.00,1,20,2,18,0,4.5,112,76,10.5,11.5,0,0.00,1014.8,1001.3
2020-08-09T22:00,25.3,0.00,51,14.5,25.8,0.00,0.00,0.00,0,13,0,13,0,6.4,96,74,10.5,12.6,0,0.00,1014.9,1001.3
2020-08-09T23:00,24.4,0.00,54,14.4,24.9,0.00,0.00,0.00,0,10,0,10,0,6.2,90,80,11.5,12.6,0,0.00,1015.0,1001.4
2020-08-10T00:00,23.5,0.00,56,14.2,24.0,0.00,0.00,0.00,0,11,0,11,0,6.4,119,106,12.7,12.6,0,0.00,1015.0,1001.3
2020-08-10T01:00,23.8,0.00,57,14.9,24.4,0.00,0.00,0.00,0,12,3,9,0,7.2,78,87,17.3,12.6,0,0.00,1014.5,1000.8
2020-08-10T02:00,22.0,0.00,65,15.2,22.8,0.00,0.00,0.00,0,13,6,7,0,6.9,120,133,11.6,15.5,0,0.00,1014.6,1000.9
2020-08-10T03:00,21.1,0.00,67,14.8,22.0,0.00,0.00,0.00,0,10,3,7,0,4.7,119,94,10.3,11.2,0,0.00,1014.8,1001.0
2020-08-10T04:00,20.7,0.00,69,14.9,21.7,0.00,0.00,0.00,0,10,2,8,0,4.6,94,72,11.2,10.4,0,0.00,1014.7,1000.9
2020-08-10T05:00,20.1,0.00,73,15.0,21.1,0.00,0.00,0.00,0,6,0,5,0,4.1,71,52,7.6,9.4,0,0.00,1014.6,1000.8
2020-08-10T06:00,20.7,0.00,72,15.5,21.8,0.00,0.00,0.00,0,2,0,2,0,5.2,78,74,8.5,11.2,1,201.50,1014.5,1000.7
2020-08-10T07:00,23.2,0.00,64,16.1,24.9,0.00,0.00,0.00,0,2,0,2,0,2.3,82,108,5.1,10.4,1,3600.00,1014.8,1001.1
2020-08-10T08:00,26.0,0.00,54,16.1,27.5,0.00,0.00,0.00,1,37,36,1,0,3.4,98,108,5.1,11.9,1,3600.00,1014.8,1001.2
2020-08-10T09:00,28.7,0.00,45,15.6,29.8,0.00,0.00,0.00,0,10,9,1,0,5.0,115,120,6.8,15.8,1,3600.00,1014.7,1001.3
2020-08-10T10:00,31.1,0.00,37,14.7,32.0,0.00,0.00,0.00,0,2,0,2,0,6.4,130,133,8.4,18.7,1,3600.00,1014.6,1001.3
2020-08-10T11:00,32.5,0.00,32,13.7,33.3,0.00,0.00,0.00,0,1,0,1,0,9.2,127,129,12.1,24.5,1,3600.00,1014.4,1001.1
2020-08-10T12:00,33.2,0.00,31,13.8,34.3,0.00,0.00,0.00,0,8,8,1,0,10.0,118,120,13.0,28.1,1,3600.00,1014.0,1000.8
2020-08-10T13:00,33.8,0.00,32,14.7,36.1,0.00,0.00,0.00,1,40,73,18,0,4.4,123,125,6.0,28.1,1,3600.00,1013.5,1000.3
2020-08-10T14:00,33.4,0.00,33,14.9,33.9,0.00,0.00,0.00,3,86,82,35,0,9.9,12,10,12.5,23.4,1,3600.00,1013.2,1000.0
2020-08-10T15:00,31.7,0.00,39,16.1,31.8,0.00,0.00,0.00,3,91,90,18,0,14.4,13,13,19.6,36.7,1,3600.00,1013.3,1000.0
2020-08-10T16:00,33.0,0.00,32,14.0,33.6,0.00,0.00,0.00,2,50,46,10,0,4.7,360,356,6.1,33.1,1,3600.00,1012.4,999.2
2020-08-10T17:00,32.9,0.00,32,14.1,33.3,0.00,0.00,0.00,3,87,87,8,0,6.3,351,347,8.8,15.1,1,3600.00,1012.1,998.9
2020-08-10T18:00,32.0,0.00,36,15.0,32.2,0.00,0.00,0.00,3,87,86,8,0,9.7,3,2,15.9,22.7,1,3600.00,1012.3,999.0
2020-08-10T19:00,29.7,0.00,46,16.8,31.3,0.00,0.00,0.00,3,89,88,10,0,5.4,6,4,14.8,22.7,1,3600.00,1012.6,999.2
2020-08-10T20:00,29.0,0.00,40,14.0,28.7,0.00,0.00,0.00,3,93,93,15,0,10.5,33,22,22.4,19.8,0,22.06,1012.9,999.5
2020-08-10T21:00,28.6,0.00,41,14.0,27.8,0.00,0.00,0.00,3,96,96,10,0,14.4,83,77,29.0,29.9,0,0.00,1013.2,999.8
2020-08-10T22:00,27.4,0.00,45,14.6,27.1,0.00,0.00,0.00,3,95,95,8,0,12.6,97,93,26.8,30.2,0,0.00,1013.7,1000.2
2020-08-10T23:00,26.7,0.00,48,14.7,26.4,0.00,0.00,0.00,3,95,94,7,0,12.4,102,100,26.5,27.0,0,0.00,1013.9,1000.4
2020-08-11T00:00,26.0,0.00,50,14.9,25.4,0.00,0.00,0.00,2,64,62,6,0,14.9,108,105,29.9,30.6,0,0.00,1014.2,1000.6
2020-08-11T01:00,25.7,0.00,53,15.4,25.9,0.00,0.00,0.00,1,39,11,64,0,11.0,125,113,22.8,31.7,0,0.00,1014.1,1000.5
2020-08-11T02:00,25.2,0.00,55,15.5,25.8,0.00,0.00,0.00,1,38,34,6,0,8.6,109,92,19.8,22.7,0,0.00,1014.3,1000.7
2020-08-11T03:00,23.4,0.00,63,15.8,24.5,0.00,0.00,0.00,2,50,47,9,0,5.8,96,90,17.0,18.0,0,0.00,1014.3,1000.6
2020-08-11T04:00,23.8,0.00,60,15.6,23.9,0.00,0.00,0.00,1,41,41,1,0,12.1,95,100,26.0,23.8,0,0.00,1014.5,1000.8
2020-08-11T05:00,23.4,0.00,60,15.3,23.1,0.00,0.00,0.00,1,39,38,2,0,14.0,99,102,27.7,28.1,0,0.00,1014.7,1001.0
2020-08-11T06:00,23.3,0.00,61,15.4,22.8,0.00,0.00,0.00,2,69,65,13,0,15.8,109,111,29.7,32.8,1,114.74,1015.1,1001.4
2020-08-11T07:00,24.0,0.00,61,15.9,23.9,0.00,0.00,0.00,1,25,17,10,0,14.5,117,117,25.0,33.1,1,3600.00,1015.3,1001.6
2020-08-11T08:00,25.7,0.00,57,16.5,26.2,0.00,0.00,0.00,1,31,23,10,0,11.9,120,119,17.4,31.0,1,3600.00,1015.7,1002.1
2020-08-11T09:00,27.7,0.00,52,16.9,28.8,0.00,0.00,0.00,1,27,22,6,0,8.7,121,120,11.8,27.7,1,3600.00,1015.8,1002.3
2020-08-11T10:00,29.7,0.00,47,17.1,31.3,0.00,0.00,0.00,0,9,0,8,0,7.1,119,120,9.5,23.0,1,3600.00,1015.8,1002.4
2020-08-11T11:00,31.3,0.00,42,16.9,33.6,0.00,0.00,0.00,1,32,25,9,0,6.2,124,126,8.3,21.6,1,3600.00,1015.8,1002.5
2020-08-11T12:00,32.6,0.00,38,16.6,35.4,0.00,0.00,0.00,2,56,55,2,0,5.5,111,113,7.0,21.2,1,3600.00,1015.5,1002.2
2020-08-11T13:00,33.6,0.00,34,15.6,35.8,0.00,0.00,0.00,1,36,80,4,0,7.3,162,169,9.1,21.6,1,3600.00,1014.9,1001.7
2020-08-11T14:00,33.4,0.00,31,14.2,34.1,0.00,0.00,0.00,3,85,84,15,0,7.4,118,119,9.8,21.2,1,3600.00,1014.4,1001.2
2020-08-11T15:00,33.8,0.00,29,13.1,33.4,0.00,0.00,0.00,2,66,66,4,0,11.6,119,120,15.6,29.2,1,3600.00,1013.8,1000.6
2020-08-11T16:00,33.9,0.00,28,12.9,33.5,0.00,0.00,0.00,1,44,42,4,0,10.0,104,105,13.4,28.4,1,3600.00,1013.7,1000.5
2020-08-11T17:00,33.3,0.00,29,12.9,32.4,0.00,0.00,0.00,2,61,58,13,0,12.0,106,106,16.9,27.0,1,3600.00,1013.6,1000.4
2020-08-11T18:00,31.2,0.00,40,16.1,31.1,0.00,0.00,0.00,3,87,85,35,0,14.5,97,97,22.9,32.0,1,3600.00,1014.2,1000.9
2020-08-11T19:00,29.8,0.00,45,16.6,30.2,0.00,0.00,0.00,3,93,90,46,0,13.0,89,88,23.8,32.0,1,3374.74,1014.5,1001.1
2020-08-11T20:00,28.6,0.00,48,16.4,29.0,0.00,0.00,0.00,3,93,93,11,0,12.8,98,100,24.7,27.7,0,0.00,1014.7,1001.3
2020-08-11T21:00,27.7,0.00,51,16.7,27.9,0.00,0.00,0.00,2,63,62,3,0,14.4,96,94,27.2,30.2,0,0.00,1015.2,1001.7
2020-08-11T22:00,26.8,0.00,56,17.3,27.2,0.00,0.00,0.00,2,71,71,1,0,14.9,101,98,28.6,30.6,0,0.00,1015.4,1001.9
2020-08-11T23:00,26.3,0.00,60,17.9,26.9,0.00,0.00,0.00,0,7,6,2,0,15.1,106,102,29.3,32.8,0,0.00,1015.5,1001.9
2020-08-12T00:00,25.6,0.00,63,18.0,26.5,0.00,0.00,0.00,2,61,61,3,0,13.5,110,106,26.9,32.0,0,0.00,1015.5,1001.9
2020-08-12T01:00,24.5,0.00,65,17.4,24.3,0.00,0.00,0.00,0,6,88,31,0,19.4,120,121,33.5,28.1,0,0.00,1015.3,1001.7
2020-08-12T02:00,23.1,0.00,73,18.0,24.1,0.00,0.00,0.00,1,49,30,30,0,13.6,114,107,25.6,40.3,0,0.00,1015.4,1001.7
2020-08-12T03:00,22.7,0.00,76,18.1,23.9,0.00,0.00,0.00,2,67,52,35,0,11.5,112,104,23.7,27.7,0,0.00,1015.5,1001.8
2020-08-12T04:00,22.8,0.00,74,18.0,23.8,0.00,0.00,0.00,1,29,5,25,0,12.4,109,100,24.7,25.9,0,0.00,1015.2,1001.5
2020-08-12T05:00,22.5,0.00,74,17.7,23.4,0.00,0.00,0.00,0,16,1,16,0,12.9,107,103,26.0,27.0,0,0.00,1015.2,1001.5
2020-08-12T06:00,22.8,0.00,73,17.7,23.4,0.00,0.00,0.00,1,28,4,27,0,14.5,109,104,27.0,29.5,1,37.71,1015.5,1001.8
2020-08-12T07:00,24.2,0.00,68,17.8,24.6,0.00,0.00,0.00,1,20,0,20,0,16.1,107,106,27.6,34.2,1,3600.00,1015.5,1001.8
2020-08-12T08:00,25.8,0.00,62,17.9,26.4,0.00,0.00,0.00,0,6,2,5,0,15.4,112,111,22.5,35.3,1,3600.00,1015.7,1002.1
2020-08-12T09:00,27.7,0.00,56,18.1,28.8,0.00,0.00,0.00,0,19,15,5,0,12.2,116,114,17.2,34.6,1,3600.00,1015.6,1002.1
2020-08-12T10:00,29.7,0.00,50,18.1,31.3,0.00,0.00,0.00,1,28,20,12,0,9.6,104,103,13.0,29.9,1,3600.00,1015.6,1002.2
2020-08-12T11:00,31.1,0.00,45,17.7,32.6,0.00,0.00,0.00,1,41,12,33,0,11.2,110,111,14.6,28.1,1,3600.00,1015.4,1002.1
2020-08-12T12:00,32.3,0.00,40,17.0,33.8,0.00,0.00,0.00,0,19,7,14,0,11.3,117,117,15.0,33.8,1,3600.00,1015.0,1001.7
2020-08-12T13:00,33.7,0.00,35,15.9,35.1,0.00,0.00,0.00,0,17,78,60,0,11.2,112,111,14.7,32.4,1,3600.00,1013.7,1000.5
2020-08-12T14:00,33.0,0.00,35,15.4,33.2,0.00,0.00,0.00,2,67,59,32,0,13.4,119,117,18.5,32.0,1,3600.00,1013.3,1000.1
2020-08-12T15:00,33.1,0.00,35,15.4,33.4,0.00,0.00,0.00,3,87,82,31,0,10.3,126,126,14.2,31.7,1,3600.00,1013.1,999.9
2020-08-12T16:00,32.8,0.00,35,15.1,33.2,0.00,0.00,0.00,3,96,92,53,0,8.8,159,161,12.3,24.1,1,3600.00,1013.2,1000.0
2020-08-12T17:00,31.8,0.00,45,18.5,34.4,0.00,0.00,0.00,3,97,95,34,0,3.4,200,212,7.3,21.2,1,0.00,1012.8,999.5
2020-08-12T18:00,30.9,0.00,52,20.0,34.2,0.00,0.00,0.00,3,98,97,27,0,3.1,302,306,6.8,11.5,1,1660.77,1013.1,999.8
2020-08-12T19:00,28.9,0.00,59,20.2,32.1,0.00,0.00,0.00,3,85,82,17,0,5.2,320,304,8.9,9.4,1,1313.27,1013.2,999.8
2020-08-12T20:00,29.2,0.00,47,16.6,31.0,0.00,0.00,0.00,2,75,73,8,0,3.1,338,306,3.9,9.0,0,0.00,1013.2,999.8
2020-08-12T21:00,25.3,0.00,62,17.5,27.3,0.00,0.00,0.00,2,56,54,6,0,4.3,80,66,4.0,7.2,0,0.00,1013.2,999.6
2020-08-12T22:00,24.9,0.00,60,16.7,26.4,0.00,0.00,0.00,3,85,85,1,0,5.8,150,120,11.6,11.9,0,0.00,1013.4,999.8
2020-08-12T23:00,23.7,0.00,66,16.9,25.5,0.00,0.00,0.00,2,76,76,1,0,4.3,178,114,9.0,11.9,0,0.00,1013.4,999.7
2020-08-13T00:00,23.6,0.00,64,16.4,24.9,0.00,0.00,0.00,2,63,63,1,0,5.9,140,104,8.9,11.5,0,0.00,1013.5,999.8
2020-08-13T01:00,23.6,0.00,62,15.9,24.2,0.00,0.00,0.00,1,21,40,44,1,9.5,77,65,12.6,13.0,0,0.00,1012.8,999.2
2020-08-13T02:00,24.1,0.00,64,16.8,24.3,0.00,0.00,0.00,2,69,69,0,0,14.9,116,110,30.9,29.5,0,0.00,1012.3,998.7
2020-08-13T03:00,23.2,0.00,71,17.5,23.9,0.00,0.00,0.00,3,94,93,18,0,13.6,152,140,25.6,33.8,0,0.00,1013.1,999.4
2020-08-13T04:00,22.1,0.00,76,17.7,24.2,0.00,0.00,0.00,3,100,100,7,0,4.7,155,122,11.9,28.8,0,0.00,1012.8,999.1
2020-08-13T05:00,21.8,0.00,78,17.9,23.4,0.00,0.00,0.00,3,98,98,28,0,8.6,111,92,12.3,16.9,0,0.00,1012.5,998.8
2020-08-13T06:00,22.2,0.00,78,18.1,24.0,0.00,0.00,0.00,3,98,98,18,0,8.2,131,128,17.1,16.6,1,0.00,1012.8,999.1
2020-08-13T07:00,23.5,0.00,74,18.5,25.6,0.00,0.00,0.00,3,100,100,10,1,7.2,144,143,14.2,19.4,1,572.06,1012.9,999.2
2020-08-13T08:00,23.0,4.00,82,19.7,26.1,4.00,0.00,0.00,63,97,96,20,0,3.9,221,214,7.7,17.3,1,584.76,1013.9,1000.2
2020-08-13T09:00,23.3,0.60,80,19.7,26.0,0.60,0.00,0.00,53,99,99,74,0,6.6,60,68,8.7,16.2,1,463.16,1014.1,1000.4
2020-08-13T10:00,23.3,0.00,79,19.5,26.0,0.00,0.00,0.00,3,100,96,100,0,6.1,112,118,8.6,16.9,1,0.00,1014.6,1000.9
2020-08-13T11:00,23.8,0.00,76,19.4,26.8,0.00,0.00,0.00,3,99,91,97,0,3.2,156,153,4.3,15.1,1,0.00,1014.6,1000.9
2020-08-13T12:00,24.6,0.00,72,19.2,27.6,0.00,0.00,0.00,3,100,97,99,0,3.7,168,169,5.2,12.6,1,0.00,1014.5,1000.9
2020-08-13T13:00,26.6,0.00,64,19.3,28.6,0.00,0.00,0.00,3,98,100,100,0,10.0,215,218,14.0,15.8,1,1061.46,1015.0,1001.5
2020-08-13T14:00,26.5,0.10,58,17.6,28.3,0.10,0.00,0.00,51,100,100,100,0,6.8,208,205,9.8,22.7,1,0.00,1014.8,1001.3
2020-08-13T15:00,25.6,0.60,66,18.7,27.6,0.60,0.00,0.00,53,100,100,100,0,8.0,177,175,12.3,16.6,1,0.00,1015.1,1001.5
2020-08-13T16:00,23.8,0.50,81,20.4,26.4,0.50,0.00,0.00,53,100,100,100,0,10.2,161,157,16.7,20.5,1,0.00,1014.6,1000.9
2020-08-13T17:00,22.9,0.20,86,20.4,25.7,0.20,0.00,0.00,51,100,100,100,0,8.4,154,149,14.8,20.2,1,0.00,1014.1,1000.4
2020-08-13T18:00,23.1,0.00,83,20.1,25.7,0.00,0.00,0.00,3,100,100,100,0,8.9,147,137,15.4,18.7,1,0.00,1013.6,999.9
2020-08-13T19:00,22.7,0.00,86,20.2,25.2,0.00,0.00,0.00,3,100,100,89,0,9.9,133,123,18.6,19.8,1,0.00,1013.7,1000.0
2020-08-13T20:00,22.2,0.00,88,20.1,24.6,0.00,0.00,0.00,3,100,100,77,0,10.2,124,108,19.5,20.2,0,0.00,1013.8,1000.1
2020-08-13T21:00,22.0,0.00,88,19.9,24.2,0.00,0.00,0.00,3,100,100,89,0,10.7,122,110,20.4,21.6,0,0.00,1013.7,1000.0
2020-08-13T22:00,21.8,0.00,88,19.6,23.9,0.00,0.00,0.00,3,100,100,99,0,10.5,126,112,20.4,22.3,0,0.00,1013.9,1000.2
2020-08-13T23:00,21.5,0.00,86,19.2,23.6,0.00,0.00,0.00,3,99,98,93,0,9.4,124,108,18.2,21.2,0,0.00,1014.1,1000.3
2020-08-14T00:00,21.1,0.00,86,18.6,22.8,0.00,0.00,0.00,3,96,90,82,0,10.6,119,108,20.1,20.9,0,0.00,1013.8,1000.0
2020-08-14T01:00,20.6,0.00,86,18.2,23.0,0.00,0.00,0.00,3,90,11,64,0,4.1,183,105,6.8,20.9,0,0.00,1014.1,1000.3
2020-08-14T02:00,20.4,0.00,86,18.0,22.6,0.00,0.00,0.00,2,66,4,65,0,4.4,180,81,2.5,10.8,0,0.00,1013.7,999.9
2020-08-14T03:00,20.1,0.00,87,18.0,22.1,0.00,0.00,0.00,3,100,13,100,0,6.0,192,123,10.7,12.2,0,0.00,1013.6,999.8
2020-08-14T04:00,21.6,0.00,78,17.5,23.3,0.00,0.00,0.00,3,100,68,100,0,6.7,203,164,16.5,14.4,0,0.00,1013.6,999.8
2020-08-14T05:00,21.7,0.00,74,16.9,23.0,0.00,0.00,0.00,2,78,74,19,0,8.0,198,175,17.4,16.9,0,0.00,1013.5,999.8
2020-08-14T06:00,21.2,0.00,74,16.4,22.2,0.00,0.00,0.00,3,100,23,100,0,8.3,196,175,18.0,16.9,1,0.00,1013.5,999.7
2020-08-14T07:00,22.1,0.00,69,16.0,22.5,0.00,0.00,0.00,3,100,6,100,0,10.9,195,188,19.7,22.3,1,3193.52,1013.7,1000.0
2020-08-14T08:00,22.0,0.00,68,15.8,22.6,0.00,0.00,0.00,3,100,0,100,0,9.2,205,201,13.9,23.0,1,0.00,1014.2,1000.5
2020-08-14T09:00,22.4,0.00,67,16.0,23.6,0.00,0.00,0.00,3,100,11,100,6,5.4,203,200,7.4,20.2,1,0.00,1014.2,1000.5
2020-08-14T10:00,24.1,0.00,61,16.2,25.8,0.00,0.00,0.00,3,100,63,100,5,3.3,235,229,4.4,14.8,1,2194.85,1014.2,1000.6
2020-08-14T11:00,25.7,0.00,57,16.5,27.4,0.00,0.00,0.00,3,97,36,95,0,4.0,249,243,5.0,15.1,1,3600.00,1013.8,1000.2
2020-08-14T12:00,26.4,0.00,54,16.5,28.1,0.00,0.00,0.00,3,99,28,99,0,3.7,243,241,4.8,15.1,1,3342.56,1013.6,1000.1
2020-08-14T13:00,23.5,0.00,72,18.1,25.7,0.00,0.00,0.00,3,95,45,78,35,5.1,260,266,6.2,16.2,1,1551.18,1015.2,1001.5
2020-08-14T14:00,24.2,0.30,70,18.3,27.0,0.30,0.00,0.00,51,100,58,99,42,1.8,288,281,2.3,15.5,1,3600.00,1014.7,1001.1
2020-08-14T15:00,22.6,2.60,80,19.0,25.3,2.60,0.00,0.00,63,93,87,22,49,4.7,74,81,6.4,13.3,1,8.52,1014.2,1000.5
2020-08-14T16:00,22.6,1.60,81,19.1,25.1,1.60,0.00,0.00,61,96,95,21,4,5.8,145,150,7.5,16.2,1,2011.91,1013.8,1000.1
2020-08-14T17:00,22.1,0.30,84,19.3,24.4,0.30,0.00,0.00,51,99,98,24,2,8.6,201,202,12.0,18.7,1,0.00,1013.9,1000.2
2020-08-14T18:00,21.8,0.10,85,19.3,24.3,0.10,0.00,0.00,51,99,99,1,7,6.9,228,227,10.2,20.2,1,621.39,1013.9,1000.2
2020-08-14T19:00,21.3,0.10,89,19.4,24.6,0.10,0.00,0.00,51,100,100,58,18,2.2,216,189,4.9,15.5,1,0.00,1014.8,1001.0
2020-08-14T20:00,20.7,0.10,92,19.4,23.6,0.10,0.00,0.00,51,100,99,26,6,4.0,203,180,8.2,8.6,0,0.00,1014.9,1001.1
2020-08-14T21:00,20.2,0.00,95,19.3,23.0,0.00,0.00,0.00,3,98,98,25,0,4.5,213,194,11.2,9.4,0,0.00,1015.1,1001.3
2020-08-14T22:00,20.1,0.00,96,19.4,22.8,0.00,0.00,0.00,3,91,91,6,0,5.7,213,198,13.8,11.9,0,0.00,1014.9,1001.1
2020-08-14T23:00,19.8,0.00,96,19.2,22.5,0.00,0.00,0.00,2,55,51,8,0,5.2,225,214,13.7,11.9,0,0.00,1014.8,1000.9
2020-08-15T00:00,19.1,0.00,97,18.6,21.6,0.00,0.00,0.00,1,31,21,16,1,4.7,231,212,13.0,11.5,0,0.00,1015.1,1001.2
2020-08-15T01:00,19.9,0.00,93,18.7,22.5,0.00,0.00,0.00,2,58,48,30,5,4.7,221,184,12.5,10.1,0,0.00,1015.1,1001.3
2020-08-15T02:00,19.7,0.00,95,18.8,22.0,0.00,0.00,0.00,2,60,53,7,13,6.7,214,196,16.1,14.4,0,0.00,1014.9,1001.0
2020-08-15T03:00,19.1,0.00,97,18.5,21.5,0.00,0.00,0.00,2,72,65,20,13,4.6,221,198,12.5,14.4,0,0.00,1014.8,1000.9
2020-08-15T04:00,18.4,0.00,98,18.1,20.8,0.00,0.00,0.00,2,78,75,8,12,4.0,216,175,9.3,10.1,0,0.00,1014.6,1000.7
2020-08-15T05:00,18.5,0.00,98,18.2,20.9,0.00,0.00,0.00,2,52,48,7,6,4.4,202,171,11.6,10.4,0,0.00,1014.5,1000.6
2020-08-15T06:00,18.8,0.00,97,18.3,21.1,0.00,0.00,0.00,1,33,3,29,9,4.7,203,171,10.2,9.7,1,0.00,1014.8,1000.9
2020-08-15T07:00,19.7,0.00,93,18.5,21.8,0.00,0.00,0.00,2,56,10,37,40,6.9,193,189,9.3,15.8,1,3600.00,1015.1,1001.2
2020-08-15T08:00,20.9,0.00,87,18.7,23.1,0.00,0.00,0.00,2,61,17,47,24,7.0,205,201,9.5,18.4,1,3600.00,1015.2,1001.4
2020-08-15T09:00,22.1,0.00,81,18.6,24.4,0.00,0.00,0.00,2,58,10,55,0,5.9,217,218,7.7,18.4,1,3600.00,1015.3,1001.5
2020-08-15T10:00,23.3,0.10,74,18.5,25.8,0.10,0.00,0.00,51,62,17,54,0,4.4,215,215,5.7,17.6,1,3600.00,1015.2,1001.5
2020-08-15T11:00,24.9,0.10,67,18.5,27.9,0.10,0.00,0.00,51,44,10,36,5,3.6,211,217,4.2,16.6,1,3600.00,1015.0,1001.4
2020-08-15T12:00,25.9,0.10,62,18.1,28.7,0.10,0.00,0.00,51,15,9,3,7,4.4,212,215,5.5,16.9,1,3600.00,1014.3,1000.7
2020-08-15T13:00,28.5,0.00,46,15.6,31.2,0.00,0.00,0.00,0,17,23,9,4,2.3,196,198,2.6,17.6,1,3600.00,1014.1,1000.7
2020-08-15T14:00,28.7,0.00,43,14.9,30.3,0.00,0.00,0.00,2,72,69,15,1,2.6,277,286,2.9,13.7,1,3600.00,1013.6,1000.2
2020-08-15T15:00,27.2,0.40,54,17.0,28.0,0.40,0.00,0.00,51,89,82,28,28,10.9,343,343,13.9,27.0,1,3600.00,1013.7,1000.2
2020-08-15T16:00,26.1,0.00,60,17.9,27.6,0.00,0.00,0.00,2,68,58,26,0,9.4,8,7,12.7,27.7,1,3600.00,1013.1,999.6
2020-08-15T17:00,26.9,0.00,54,16.9,28.6,0.00,0.00,0.00,1,33,12,24,0,4.9,19,17,6.5,22.0,1,3600.00,1012.9,999.4
2020-08-15T18:00,26.3,0.00,58,17.5,27.9,0.00,0.00,0.00,1,38,23,21,0,7.8,26,22,11.6,16.9,1,3600.00,1012.9,999.4
2020-08-15T19:00,24.6,0.00,70,18.7,27.0,0.00,0.00,0.00,2,70,62,23,0,5.6,45,40,13.2,18.7,1,3600.00,1013.0,999.4
2020-08-15T20:00,22.7,0.00,77,18.6,25.2,0.00,0.00,0.00,3,88,85,21,7,4.6,73,51,10.9,11.9,0,0.00,1013.1,999.4
2020-08-15T21:00,22.7,0.00,75,18.0,24.6,0.00,0.00,0.00,3,90,87,16,16,6.7,91,74,16.2,14.0,0,0.00,1013.2,999.5
2020-08-15T22:00,22.7,0.00,69,16.7,23.5,0.00,0.00,0.00,3,91,90,11,11,10.1,97,88,22.1,20.5,0,0.00,1013.2,999.5
2020-08-15T23:00,22.3,0.00,71,16.8,23.1,0.00,0.00,0.00,2,67,62,9,6,11.2,97,92,23.9,23.0,0,0.00,1013.2,999.5
2020-08-16T00:00,21.7,0.00,75,17.2,22.6,0.00,0.00,0.00,0,12,2,9,3,11.3,101,97,24.2,23.8,0,0.00,1013.1,999.4
2020-08-16T01:00,22.2,0.00,79,18.4,23.3,0.00,0.00,0.00,0,9,1,16,0,13.1,103,99,26.3,23.4,0,0.00,1012.7,999.0
2020-08-16T02:00,21.4,0.00,83,18.4,23.2,0.00,0.00,0.00,1,23,4,19,2,8.4,116,110,20.0,27.0,0,0.00,1012.5,998.8
2020-08-16T03:00,20.7,0.00,87,18.4,22.7,0.00,0.00,0.00,2,56,36,31,1,7.8,116,103,18.0,18.0,0,0.00,1012.3,998.5
2020-08-16T04:00,20.4,0.00,88,18.4,22.1,0.00,0.00,0.00,2,61,36,40,0,9.4,101,88,18.7,18.4,0,0.00,1012.0,998.2
2020-08-16T05:00,20.4,0.00,87,18.1,21.9,0.00,0.00,0.00,2,62,42,35,0,9.5,89,81,20.2,19.8,0,0.00,1011.8,998.0
2020-08-16T06:00,20.5,0.00,85,17.8,21.9,0.00,0.00,0.00,1,42,17,30,3,9.8,96,96,20.3,19.8,1,0.00,1012.0,998.2
2020-08-16T07:00,21.7,0.00,79,17.8,23.0,0.00,0.00,0.00,1,32,14,23,3,10.8,95,92,21.0,23.0,1,3600.00,1011.8,998.1
2020-08-16T08:00,23.5,0.00,71,18.0,24.7,0.00,0.00,0.00,1,37,23,20,2,11.3,96,97,16.7,26.6,1,3600.00,1011.7,998.1
2020-08-16T09:00,25.0,0.00,66,18.1,26.5,0.00,0.00,0.00,0,19,9,11,3,10.4,109,110,14.5,25.9,1,3600.00,1011.7,998.1
2020-08-16T10:00,26.6,0.00,58,17.7,27.6,0.00,0.00,0.00,0,4,0,3,2,11.5,109,110,15.6,28.1,1,3600.00,1011.4,997.9
2020-08-16T11:00,28.1,0.00,50,16.8,29.6,0.00,0.00,0.00,0,12,0,10,5,10.8,115,116,14.7,29.2,1,3600.00,1011.1,997.7
2020-08-16T12:00,29.0,0.00,46,16.0,30.8,0.00,0.00,0.00,1,47,0,47,0,8.5,125,126,11.4,28.1,1,3600.00,1010.7,997.3
2020-08-16T13:00,29.9,0.00,41,15.0,31.0,0.00,0.00,0.00,2,54,1,29,1,4.6,135,135,6.1,23.8,1,3600.00,1010.5,997.2
2020-08-16T14:00,30.3,0.00,38,14.2,31.6,0.00,0.00,0.00,1,47,23,33,2,4.3,172,175,5.4,16.6,1,3600.00,1009.9,996.6
2020-08-16T15:00,30.2,0.00,38,14.4,30.9,0.00,0.00,0.00,1,43,36,16,0,5.4,164,160,6.7,16.6,1,3600.00,1009.6,996.3
2020-08-16T16:00,30.5,0.00,37,14.3,31.0,0.00,0.00,0.00,3,80,79,9,0,6.0,164,163,7.9,17.6,1,3600.00,1009.0,995.7
2020-08-16T17:00,30.1,0.00,39,14.6,30.7,0.00,0.00,0.00,3,96,96,12,0,6.0,165,163,8.6,16.9,1,3600.00,1008.6,995.3
2020-08-16T18:00,29.0,0.00,43,15.0,29.6,0.00,0.00,0.00,3,98,97,34,0,6.8,183,183,13.0,16.2,1,3600.00,1008.9,995.5
2020-08-16T19:00,26.7,0.00,50,15.4,27.6,0.00,0.00,0.00,3,94,93,24,0,6.1,171,152,13.1,16.6,1,779.30,1009.0,995.5
2020-08-16T20:00,25.7,0.00,53,15.5,25.7,0.00,0.00,0.00,3,86,85,12,0,12.3,118,111,24.5,23.0,0,0.00,1009.3,995.8
2020-08-16T21:00,23.8,0.00,67,17.3,24.5,0.00,0.00,0.00,3,95,93,23,0,12.8,115,112,25.0,29.5,0,0.00,1009.5,995.9
2020-08-16T22:00,23.0,0.00,71,17.5,23.9,0.00,0.00,0.00,3,97,96,22,0,12.1,115,107,25.0,26.6,0,0.00,1009.5,995.9
2020-08-16T23:00,22.6,0.00,73,17.4,23.7,0.00,0.00,0.00,3,96,96,3,0,10.5,125,121,23.0,25.2,0,0.00,1009.5,995.8
2020-08-17T00:00,21.8,0.00,78,17.7,23.2,0.00,0.00,0.00,3,98,98,2,0,9.8,129,118,21.3,22.0,0,0.00,1009.5,995.8
2020-08-17T01:00,21.8,0.00,70,16.2,23.0,0.00,0.00,0.00,3,93,100,45,8,6.4,243,232,13.7,21.6,0,0.00,1010.2,996.5
2020-08-17T02:00,21.2,0.00,77,17.0,22.8,0.00,0.00,0.00,3,99,99,41,22,6.1,262,242,13.4,16.2,0,0.00,1010.5,996.8
2020-08-17T03:00,20.6,0.20,82,17.5,22.1,0.20,0.00,0.00,51,100,100,9,0,8.3,279,272,16.8,19.8,0,0.00,1010.7,996.9
2020-08-17T04:00,19.8,0.10,89,17.8,21.5,0.10,0.00,0.00,51,100,100,94,0,7.7,248,242,15.2,17.6,0,0.00,1010.7,996.9
2020-08-17T05:00,19.8,0.50,93,18.6,22.0,0.50,0.00,0.00,53,100,100,100,3,6.6,258,257,13.6,18.4,0,0.00,1010.7,996.9
2020-08-17T06:00,19.7,0.80,95,19.0,22.1,0.80,0.00,0.00,53,100,100,100,1,6.6,262,257,12.7,14.0,1,0.00,1010.6,996.8
2020-08-17T07:00,19.7,0.80,95,18.9,22.2,0.80,0.00,0.00,53,100,99,83,3,5.6,254,243,10.5,14.4,1,0.00,1010.9,997.1
2020-08-17T08:00,20.0,0.20,92,18.7,22.4,0.20,0.00,0.00,51,99,99,16,8,5.7,227,215,8.4,13.3,1,0.00,1011.4,997.6
2020-08-17T09:00,21.2,0.10,82,18.0,23.0,0.10,0.00,0.00,51,100,100,15,23,7.6,215,211,10.6,20.2,1,3600.00,1011.5,997.8
2020-08-17T10:00,22.5,0.00,70,16.6,23.4,0.00,0.00,0.00,3,99,98,30,45,9.4,225,223,12.7,24.5,1,3600.00,1011.6,997.9
2020-08-17T11:00,22.8,0.00,66,16.0,23.0,0.00,0.00,0.00,3,98,96,56,14,12.3,220,218,16.4,29.9,1,3600.00,1011.5,997.8
2020-08-17T12:00,22.9,0.00,65,15.9,23.1,0.00,0.00,0.00,3,100,99,56,35,12.2,229,227,16.3,31.3,1,3600.00,1011.5,997.8
2020-08-17T13:00,21.8,0.10,76,17.4,23.0,0.10,0.00,0.00,51,100,98,39,14,9.6,195,193,12.7,30.2,1,2523.35,1011.9,998.2
2020-08-17T14:00,23.0,0.30,72,17.8,24.5,0.30,0.00,0.00,51,97,97,20,3,9.0,178,175,11.9,30.2,1,3600.00,1011.7,998.0
2020-08-17T15:00,23.3,0.00,70,17.5,24.7,0.00,0.00,0.00,3,99,98,18,20,9.1,178,173,12.2,29.5,1,2539.54,1011.1,997.5
2020-08-17T16:00,24.0,0.00,65,17.0,25.8,0.00,0.00,0.00,2,58,51,16,4,4.8,177,167,6.1,27.7,1,3600.00,1010.4,996.8
2020-08-17T17:00,23.4,0.90,66,16.6,24.4,0.90,0.00,0.00,53,64,40,44,49,8.7,226,228,12.0,23.4,1,3600.00,1010.7,997.1
2020-08-17T18:00,21.3,0.70,80,17.7,23.2,0.70,0.00,0.00,53,57,38,37,0,5.9,304,322,9.6,22.7,1,3600.00,1011.1,997.4
2020-08-17T19:00,20.9,0.00,84,18.1,22.9,0.00,0.00,0.00,2,64,51,28,7,6.4,106,106,9.0,13.7,1,3600.00,1011.2,997.4
2020-08-17T20:00,20.2,0.00,85,17.6,21.6,0.00,0.00,0.00,3,91,88,31,4,8.5,141,126,18.2,17.3,0,0.00,1011.7,997.9
2020-08-17T21:00,19.5,0.00,84,16.8,21.1,0.00,0.00,0.00,3,80,75,19,8,5.5,177,148,14.4,16.9,0,0.00,1011.9,998.1
2020-08-17T22:00,18.8,0.00,86,16.4,20.2,0.00,0.00,0.00,3,87,83,20,9,5.6,199,165,15.6,11.9,0,0.00,1012.0,998.1
2020-08-17T23:00,19.1,0.00,85,16.4,20.3,0.00,0.00,0.00,3,92,90,17,4,6.6,216,193,18.3,14.4,0,0.00,1012.1,998.3
2020-08-18T00:00,19.0,0.00,86,16.6,20.3,0.00,0.00,0.00,3,91,88,24,1,6.7,236,216,18.2,16.2,0,0.00,1012.1,998.2
2020-08-18T01:00,18.1,0.00,83,15.3,18.9,0.00,0.00,0.00,3,94,99,37,11,6.6,219,193,13.0,15.1,0,0.00,1012.2,998.3
2020-08-18T02:00,17.9,0.00,86,15.4,19.1,0.00,0.00,0.00,3,97,90,71,1,4.3,258,185,7.0,12.2,0,0.00,1012.3,998.4
2020-08-18T03:00,18.6,0.00,81,15.2,19.6,0.00,0.00,0.00,2,52,5,51,0,4.7,217,176,7.7,9.0,0,0.00,1012.0,998.1
2020-08-18T04:00,17.5,0.00,86,15.1,18.5,0.00,0.00,0.00,1,46,7,43,0,4.7,221,184,10.0,9.7,0,0.00,1011.8,997.9
2020-08-18T05:00,17.4,0.00,86,15.1,18.2,0.00,0.00,0.00,1,45,13,38,3,6.0,219,197,15.9,12.6,0,0.00,1012.0,998.1
2020-08-18T06:00,17.7,0.00,86,15.3,18.6,0.00,0.00,0.00,2,54,36,33,2,5.6,227,207,14.3,13.0,1,0.00,1012.2,998.3
2020-08-18T07:00,19.0,0.00,80,15.5,20.0,0.00,0.00,0.00,0,14,0,13,1,5.4,238,228,10.2,13.7,1,3600.00,1012.2,998.3
2020-08-18T08:00,20.5,0.00,70,14.9,21.2,0.00,0.00,0.00,0,5,0,5,1,6.2,263,260,8.7,16.6,1,3600.00,1012.4,998.6
2020-08-18T09:00,21.9,0.00,62,14.3,22.2,0.00,0.00,0.00,1,41,41,1,0,7.2,274,273,9.7,20.5,1,3600.00,1012.6,998.9
2020-08-18T10:00,23.3,0.00,55,13.8,23.4,0.00,0.00,0.00,1,22,19,4,0,8.0,260,260,10.6,31.3,1,3600.00,1012.5,998.8
2020-08-18T11:00,24.4,0.10,49,12.9,24.4,0.10,0.00,0.00,51,55,34,33,6,10.1,265,266,13.7,32.4,1,3600.00,1012.2,998.6
2020-08-18T12:00,25.0,0.00,45,12.2,24.6,0.00,0.00,0.00,2,76,68,22,8,10.1,267,266,13.3,27.4,1,3600.00,1011.7,998.1
2020-08-18T13:00,25.2,0.00,47,13.0,24.7,0.00,0.00,0.00,1,31,58,40,4,13.8,263,263,18.5,28.1,1,3600.00,1011.7,998.1
2020-08-18T14:00,24.3,0.20,52,13.8,23.4,0.20,0.00,0.00,51,40,19,34,1,14.5,284,284,20.0,38.2,1,3600.00,1011.6,998.0
2020-08-18T15:00,25.0,0.00,46,12.5,24.2,0.00,0.00,0.00,2,78,1,78,0,10.6,287,288,14.7,38.2,1,3600.00,1010.9,997.3
2020-08-18T16:00,25.3,0.00,43,11.8,24.4,0.00,0.00,0.00,2,54,13,48,1,9.6,288,290,12.9,33.5,1,3600.00,1010.6,997.1
2020-08-18T17:00,25.3,0.00,44,12.2,25.0,0.00,0.00,0.00,3,99,97,53,16,6.6,290,292,9.6,25.9,1,3600.00,1010.6,997.1
2020-08-18T18:00,20.8,1.00,71,15.5,20.5,1.00,0.00,0.00,55,99,96,90,15,15.0,284,280,23.0,33.1,1,2848.92,1011.8,998.0
2020-08-18T19:00,19.9,0.30,77,15.7,21.6,0.30,0.00,0.00,51,97,96,73,3,1.3,287,56,6.0,31.0,1,0.00,1011.7,997.9
2020-08-18T20:00,19.0,0.00,88,17.0,21.1,0.00,0.00,0.00,3,93,92,25,9,2.4,338,63,3.9,6.1,0,0.00,1012.2,998.3
2020-08-18T21:00,18.7,0.00,91,17.1,20.9,0.00,0.00,0.00,1,43,8,38,0,2.3,252,141,4.6,5.4,0,0.00,1012.6,998.7
2020-08-18T22:00,18.3,0.00,88,16.3,19.9,0.00,0.00,0.00,2,65,57,27,7,3.7,229,169,7.1,7.6,0,0.00,1012.8,998.9
2020-08-18T23:00,17.9,0.40,88,15.8,19.1,0.40,0.00,0.00,51,72,66,23,0,5.4,243,233,15.0,21.6,0,0.00,1013.2,999.3
2020-08-19T00:00,16.8,0.10,92,15.5,18.1,0.10,0.00,0.00,51,30,14,18,13,3.7,234,169,6.2,16.9,0,0.00,1013.1,999.1
2020-08-19T01:00,17.1,0.50,87,14.9,17.7,0.50,0.00,0.00,53,37,9,32,5,7.1,165,150,16.8,20.9,0,0.00,1013.3,999.3
2020-08-19T02:00,15.9,0.00,92,14.6,16.5,0.00,0.00,0.00,1,44,1,44,2,5.6,188,153,10.9,14.4,0,0.00,1013.2,999.2
2020-08-19T03:00,16.6,0.00,90,15.0,17.5,0.00,0.00,0.00,1,33,0,33,0,5.0,194,159,13.0,10.4,0,0.00,1013.0,999.0
2020-08-19T04:00,15.8,0.00,93,14.6,16.4,0.00,0.00,0.00,0,18,0,18,0,5.9,217,169,11.3,10.8,0,0.00,1012.5,998.5
2020-08-19T05:00,16.6,0.00,87,14.5,17.5,0.00,0.00,0.00,0,10,0,10,0,3.9,225,146,6.6,10.1,0,0.00,1012.4,998.4
2020-08-19T06:00,16.4,0.00,90,14.8,17.5,0.00,0.00,0.00,0,4,0,4,0,3.8,174,131,6.5,7.6,1,0.00,1012.4,998.4
2020-08-19T07:00,17.8,0.00,88,15.7,18.7,0.00,0.00,0.00,3,96,96,1,0,7.1,153,131,10.5,15.1,1,3600.00,1012.5,998.6
2020-08-19T08:00,19.3,0.00,81,15.9,20.3,0.00,0.00,0.00,3,91,91,0,0,6.9,144,141,9.8,18.4,1,3600.00,1012.4,998.6
2020-08-19T09:00,20.7,0.00,74,15.9,21.8,0.00,0.00,0.00,2,75,75,0,0,6.0,162,163,8.0,18.7,1,3600.00,1012.3,998.5
2020-08-19T10:00,22.4,0.00,66,15.7,23.6,0.00,0.00,0.00,2,70,70,0,0,5.0,177,180,6.8,18.4,1,3600.00,1012.3,998.6
2020-08-19T11:00,24.0,0.00,58,15.1,25.9,0.00,0.00,0.00,2,60,56,7,7,4.7,177,180,6.1,18.0,1,3600.00,1011.9,998.3
2020-08-19T12:00,25.2,0.00,51,14.3,26.6,0.00,0.00,0.00,3,94,94,6,3,5.2,159,164,7.0,18.0,1,3600.00,1011.0,997.4
2020-08-19T13:00,25.6,0.00,48,13.7,26.9,0.00,0.00,0.00,3,100,99,24,2,6.0,196,197,7.9,19.1,1,3600.00,1010.9,997.4
2020-08-19T14:00,25.9,0.00,46,13.5,26.4,0.00,0.00,0.00,3,90,88,16,0,4.0,203,207,5.5,18.4,1,3600.00,1010.4,996.9
2020-08-19T15:00,26.6,0.00,44,13.5,27.4,0.00,0.00,0.00,3,98,97,6,0,4.1,212,218,5.5,15.8,1,3600.00,1009.9,996.4
2020-08-19T16:00,26.8,0.00,43,13.3,27.2,0.00,0.00,0.00,3,82,80,12,0,4.3,202,204,5.8,15.1,1,3600.00,1009.5,996.0
2020-08-19T17:00,26.5,0.00,45,13.5,27.0,0.00,0.00,0.00,1,32,31,3,1,4.0,169,170,5.5,14.0,1,3600.00,1009.2,995.7
2020-08-19T18:00,26.0,0.00,51,15.1,27.1,0.00,0.00,0.00,3,93,93,13,0,3.6,150,143,7.1,12.2,1,3600.00,1009.1,995.6
2020-08-19T19:00,24.2,0.00,55,14.6,24.7,0.00,0.00,0.00,3,94,93,12,0,6.4,117,106,13.7,12.2,1,2508.47,1008.6,995.0
2020-08-19T20:00,23.1,0.00,55,13.7,22.9,0.00,0.00,0.00,3,95,95,0,0,9.6,109,103,21.3,18.7,0,0.00,1008.6,995.0
2020-08-19T21:00,22.2,0.00,57,13.4,22.0,0.00,0.00,0.00,3,88,87,3,0,9.0,114,106,21.3,20.2,0,0.00,1009.0,995.3
2020-08-19T22:00,21.4,0.00,60,13.4,21.0,0.00,0.00,0.00,3,87,86,5,0,10.0,111,103,22.8,20.2,0,0.00,1009.0,995.3
2020-08-19T23:00,21.1,0.00,61,13.4,20.6,0.00,0.00,0.00,1,47,44,5,0,10.9,121,107,23.1,22.0,0,0.00,1008.6,994.9
2020-08-20T00:00,20.4,0.00,65,13.6,20.0,0.00,0.00,0.00,3,81,60,66,0,11.0,126,109,23.7,23.8,0,0.00,1008.4,994.7
2020-08-20T01:00,21.7,0.00,60,13.7,21.2,0.00,0.00,0.00,3,96,71,100,0,11.3,128,117,22.3,22.7,0,0.00,1008.6,994.9
2020-08-20T02:00,21.1,0.00,63,13.8,20.7,0.00,0.00,0.00,3,100,74,100,0,11.0,130,113,20.2,22.7,0,0.00,1008.5,994.8
2020-08-20T03:00,20.9,0.00,64,13.9,20.7,0.00,0.00,0.00,3,89,50,80,1,9.7,135,112,17.3,22.0,0,0.00,1008.5,994.8
2020-08-20T04:00,20.4,0.00,67,14.1,20.9,0.00,0.00,0.00,2,65,15,61,8,5.6,182,135,13.0,19.1,0,0.00,1009.1,995.4
2020-08-20T05:00,19.9,0.20,71,14.5,20.7,0.20,0.00,0.00,51,89,33,85,0,4.2,230,160,11.8,12.6,0,0.00,1009.5,995.7
2020-08-20T06:00,19.9,0.50,78,15.9,21.6,0.50,0.00,0.00,53,97,49,95,1,2.1,227,149,5.9,10.8,1,0.00,1009.9,996.1
2020-08-20T07:00,20.7,0.00,78,16.7,22.2,0.00,0.00,0.00,2,58,46,32,0,5.5,159,113,6.2,10.8,1,0.00,1010.0,996.3
2020-08-20T08:00,22.1,0.00,73,17.1,23.6,0.00,0.00,0.00,0,8,3,7,1,6.6,126,119,9.3,15.1,1,3034.27,1010.4,996.7
2020-08-20T09:00,24.1,0.00,65,17.0,25.8,0.00,0.00,0.00,0,13,0,8,9,5.0,155,150,6.8,16.2,1,3600.00,1011.0,997.4
2020-08-20T10:00,26.3,0.00,56,16.8,27.9,0.00,0.00,0.00,1,33,33,0,0,4.8,156,153,6.3,16.6,1,3600.00,1010.8,997.3
2020-08-20T11:00,28.2,0.00,49,16.5,30.6,0.00,0.00,0.00,0,0,0,0,0,4.3,180,180,5.8,17.3,1,3600.00,1010.8,997.4
2020-08-20T12:00,29.6,0.00,44,16.0,32.3,0.00,0.00,0.00,0,0,0,0,0,3.8,197,197,4.9,16.9,1,3600.00,1010.6,997.3
2020-08-20T13:00,30.6,0.00,43,16.5,33.0,0.00,0.00,0.00,0,1,0,0,0,7.9,144,141,10.3,17.6,1,3600.00,1010.4,997.1
2020-08-20T14:00,31.4,0.00,40,16.2,33.5,0.00,0.00,0.00,1,45,0,45,1,7.7,144,143,10.3,22.3,1,3600.00,1010.1,996.8
2020-08-20T15:00,31.8,0.00,39,16.0,33.1,0.00,0.00,0.00,1,31,0,31,0,6.5,180,183,9.0,21.6,1,3600.00,1009.7,996.5
2020-08-20T16:00,31.8,0.10,39,16.0,32.9,0.10,0.00,0.00,51,24,0,24,0,6.5,182,183,9.0,18.7,1,3600.00,1009.3,996.1
2020-08-20T17:00,31.6,0.00,40,16.2,32.6,0.00,0.00,0.00,0,6,0,6,0,7.2,154,153,11.6,17.6,1,3600.00,1008.9,995.7
2020-08-20T18:00,30.5,0.00,45,17.2,32.1,0.00,0.00,0.00,1,35,35,0,0,6.7,147,144,14.6,19.1,1,3600.00,1009.0,995.7
2020-08-20T19:00,27.9,0.00,52,17.1,29.4,0.00,0.00,0.00,1,20,20,0,0,7.1,125,114,18.1,15.8,1,3590.60,1009.3,995.9
2020-08-20T20:00,26.5,0.00,54,16.4,27.2,0.00,0.00,0.00,1,30,30,1,0,10.3,117,102,23.0,20.9,0,0.00,1009.9,996.4
2020-08-20T21:00,25.9,0.00,55,16.2,26.2,0.00,0.00,0.00,0,0,0,0,0,12.4,109,100,27.0,24.8,0,0.00,1010.1,996.6
2020-08-20T22:00,25.6,0.00,56,16.1,25.5,0.00,0.00,0.00,0,1,0,1,0,14.8,106,103,30.8,30.2,0,0.00,1010.0,996.5
2020-08-20T23:00,24.6,0.00,60,16.4,24.6,0.00,0.00,0.00,0,13,11,2,0,15.2,110,104,30.6,31.3,0,0.00,1010.2,996.6
2020-08-21T00:00,24.1,0.00,63,16.6,24.0,0.00,0.00,0.00,0,0,0,0,0,16.2,118,107,31.7,33.1,0,0.00,1010.2,996.6
2020-08-21T01:00,24.3,0.00,63,16.8,24.7,0.00,0.00,0.00,0,9,0,0,0,13.9,130,115,27.8,35.6,0,0.00,1010.0,996.4
2020-08-21T02:00,23.4,0.00,66,16.8,23.8,0.00,0.00,0.00,0,3,0,3,0,13.6,129,112,27.9,28.8,0,0.00,1010.0,996.4
2020-08-21T03:00,22.6,0.00,68,16.5,23.0,0.00,0.00,0.00,0,2,0,2,0,12.6,136,114,24.4,28.1,0,0.00,1010.1,996.4
2020-08-21T04:00,21.8,0.00,71,16.4,22.5,0.00,0.00,0.00,0,2,0,2,0,10.2,136,108,18.6,25.2,0,0.00,1010.1,996.4
2020-08-21T05:00,21.4,0.00,73,16.3,22.0,0.00,0.00,0.00,0,2,0,2,0,10.6,125,100,17.1,20.9,0,0.00,1009.7,996.0
2020-08-21T06:00,21.1,0.00,75,16.5,21.9,0.00,0.00,0.00,1,31,31,0,0,9.8,139,114,17.1,21.2,1,0.00,1010.2,996.5
2020-08-21T07:00,22.7,0.00,70,17.0,23.8,0.00,0.00,0.00,1,49,49,0,0,8.9,144,117,14.2,19.4,1,3600.00,1010.9,997.2
2020-08-21T08:00,25.7,0.00,60,17.4,27.3,0.00,0.00,0.00,1,24,24,0,0,6.6,162,139,11.4,18.0,1,3600.00,1011.2,997.7
2020-08-21T09:00,27.7,0.00,52,16.9,28.7,0.00,0.00,0.00,0,10,1,9,0,9.7,215,211,14.0,24.8,1,3600.00,1011.6,998.2
2020-08-21T10:00,29.8,0.00,43,15.7,29.8,0.00,0.00,0.00,2,62,0,62,0,13.4,211,207,18.9,31.0,1,3600.00,1011.5,998.1
2020-08-21T11:00,30.4,0.00,39,15.0,29.9,0.00,0.00,0.00,2,53,0,53,0,14.8,214,214,20.8,33.8,1,3600.00,1011.4,998.1
2020-08-21T12:00,31.6,0.00,37,15.2,31.8,0.00,0.00,0.00,1,46,42,7,0,15.9,230,231,22.0,37.8,1,3600.00,1011.5,998.2
2020-08-21T13:00,33.2,0.00,36,16.0,34.5,0.00,0.00,0.00,0,16,0,67,0,13.2,223,223,17.8,37.4,1,3600.00,1011.3,998.1
2020-08-21T14:00,32.4,0.00,38,16.3,32.6,0.00,0.00,0.00,0,16,0,16,0,13.9,235,233,19.4,32.4,1,3600.00,1011.4,998.2
2020-08-21T15:00,32.9,0.00,37,16.4,33.4,0.00,0.00,0.00,0,16,0,16,0,13.7,245,243,18.7,33.1,1,3600.00,1011.2,998.0
2020-08-21T16:00,32.6,0.00,37,16.0,32.7,0.00,0.00,0.00,1,40,7,37,0,13.1,249,249,18.5,32.8,1,3600.00,1011.4,998.2
2020-08-21T17:00,31.5,0.00,39,15.8,31.3,0.00,0.00,0.00,3,89,24,86,0,14.8,274,274,22.4,33.1,1,3600.00,1011.9,998.6
2020-08-21T18:00,28.8,0.00,49,17.1,29.5,0.00,0.00,0.00,2,78,16,77,0,12.6,324,323,20.6,33.1,1,960.42,1012.2,998.8
2020-08-21T19:00,27.2,0.00,56,17.8,28.8,0.00,0.00,0.00,1,33,13,27,0,8.4,346,353,16.3,27.0,1,912.23,1012.6,999.1
2020-08-21T20:00,25.2,0.00,66,18.4,27.7,0.00,0.00,0.00,1,31,0,30,0,3.6,350,45,6.2,16.9,0,0.00,1013.2,999.6
2020-08-21T21:00,24.5,0.00,69,18.4,27.3,0.00,0.00,0.00,1,49,44,25,0,2.2,214,90,1.3,17.3,0,0.00,1013.6,1000.0
2020-08-21T22:00,23.7,0.00,72,18.3,26.4,0.00,0.00,0.00,3,94,91,46,0,2.2,207,90,4.0,19.4,0,0.00,1013.5,999.8
2020-08-21T23:00,24.4,0.10,68,18.1,26.6,0.10,0.00,0.00,51,83,25,80,0,5.1,264,274,13.4,11.9,0,0.00,1014.3,1000.7
2020-08-22T00:00,23.7,0.00,72,18.3,25.3,0.00,0.00,0.00,3,96,26,95,0,10.1,277,276,20.7,21.6,0,0.00,1015.3,1001.6
2020-08-22T01:00,23.9,0.10,69,17.9,25.5,0.10,0.00,0.00,51,93,35,87,0,8.2,251,247,20.9,33.5,0,0.00,1014.6,1000.9
2020-08-22T02:00,23.9,0.00,68,17.8,24.9,0.00,0.00,0.00,3,98,73,96,0,12.7,255,255,22.7,38.9,0,0.00,1015.5,1001.8
2020-08-22T03:00,22.6,0.60,77,18.4,24.4,0.60,0.00,0.00,53,100,96,100,0,8.9,249,243,16.2,39.2,0,0.00,1016.2,1002.5
2020-08-22T04:00,21.3,1.90,90,19.6,23.3,1.90,0.00,0.00,61,100,83,100,0,11.3,233,233,21.1,42.1,0,0.00,1016.4,1002.6
2020-08-22T05:00,20.7,4.10,93,19.5,22.7,4.10,0.00,0.00,63,100,60,100,0,11.4,240,235,21.6,40.3,0,0.00,1016.8,1003.0
2020-08-22T06:00,20.5,1.50,93,19.4,22.7,1.50,0.00,0.00,61,97,92,65,0,8.9,233,223,17.2,27.7,1,0.00,1016.9,1003.1
2020-08-22T07:00,20.3,0.20,93,19.1,21.9,0.20,0.00,0.00,51,100,100,73,11,12.5,230,226,21.5,26.6,1,0.00,1017.5,1003.6
2020-08-22T08:00,20.6,0.30,89,18.7,22.1,0.30,0.00,0.00,51,100,100,72,7,12.0,230,226,19.7,28.4,1,0.00,1017.6,1003.7
2020-08-22T09:00,20.2,0.20,90,18.5,21.3,0.20,0.00,0.00,51,100,100,100,9,13.8,235,231,23.3,32.0,1,0.00,1018.0,1004.1
2020-08-22T10:00,20.6,0.10,86,18.2,21.5,0.10,0.00,0.00,51,97,96,12,11,14.5,229,226,21.4,32.0,1,0.00,1018.3,1004.4
2020-08-22T11:00,22.7,0.10,68,16.4,22.6,0.10,0.00,0.00,51,96,94,30,29,15.8,236,235,22.1,37.1,1,3600.00,1018.3,1004.5
2020-08-22T12:00,23.9,0.00,58,15.2,23.2,0.00,0.00,0.00,3,80,76,0,18,16.7,234,233,23.5,39.2,1,3600.00,1018.0,1004.3
2020-08-22T13:00,25.4,0.00,45,12.7,24.2,0.00,0.00,0.00,0,14,0,8,21,17.1,248,248,23.7,40.0,1,3600.00,1017.8,1004.2
2020-08-22T14:00,25.8,0.00,42,11.8,24.3,0.00,0.00,0.00,1,29,0,28,10,18.7,252,251,26.2,42.8,1,3600.00,1017.9,1004.3
2020-08-22T15:00,26.2,0.00,38,10.7,23.6,0.00,0.00,0.00,2,63,0,63,0,20.3,251,250,28.9,44.6,1,3600.00,1017.3,1003.7
2020-08-22T16:00,25.4,0.00,42,11.5,22.6,0.00,0.00,0.00,3,90,0,90,0,21.8,261,261,32.1,48.2,1,3600.00,1017.3,1003.7
2020-08-22T17:00,24.5,0.00,45,11.7,22.1,0.00,0.00,0.00,1,43,0,43,0,19.7,262,262,29.8,47.9,1,1364.60,1017.6,1003.9
2020-08-22T18:00,24.1,0.00,45,11.5,22.1,0.00,0.00,0.00,2,75,0,75,16,16.4,261,261,26.6,42.5,1,3600.00,1017.6,1003.9
2020-08-22T19:00,23.1,0.00,48,11.5,21.9,0.00,0.00,0.00,2,61,0,60,6,11.4,261,259,21.1,36.0,1,3370.02,1017.7,1004.0
2020-08-22T20:00,22.1,0.00,50,11.3,20.9,0.00,0.00,0.00,0,18,0,18,0,10.5,248,243,21.8,24.8,0,0.00,1018.2,1004.4
2020-08-22T21:00,20.9,0.00,54,11.3,20.0,0.00,0.00,0.00,3,85,79,29,0,8.9,239,230,21.8,22.7,0,0.00,1018.5,1004.6
2020-08-22T22:00,20.5,0.00,57,11.7,19.7,0.00,0.00,0.00,2,78,53,54,1,8.6,228,213,20.9,19.8,0,0.00,1018.5,1004.6
2020-08-22T23:00,20.4,0.00,59,12.1,19.7,0.00,0.00,0.00,2,75,53,50,1,9.1,227,214,21.1,20.5,0,0.00,1018.2,1004.3
2020-08-23T00:00,19.6,0.00,64,12.5,19.1,0.00,0.00,0.00,1,44,3,42,1,8.3,227,214,20.1,20.2,0,0.00,1018.1,1004.2
2020-08-23T01:00,20.6,0.00,60,12.7,19.6,0.00,0.00,0.00,1,28,0,32,9,12.7,223,215,25.5,18.7,0,0.00,1017.9,1004.0
2020-08-23T02:00,20.1,0.00,62,12.5,19.1,0.00,0.00,0.00,1,37,22,29,0,11.8,227,220,24.2,28.1,0,0.00,1017.7,1003.8
2020-08-23T03:00,19.0,0.00,67,12.6,18.4,0.00,0.00,0.00,2,71,64,49,0,9.3,228,216,20.9,25.6,0,0.00,1017.8,1003.9
2020-08-23T04:00,18.6,0.00,68,12.5,18.0,0.00,0.00,0.00,1,37,0,33,12,9.3,219,208,21.3,20.2,0,0.00,1017.5,1003.6
2020-08-23T05:00,18.2,0.00,68,12.2,17.4,0.00,0.00,0.00,3,93,13,92,31,9.7,229,222,21.9,20.5,0,0.00,1017.3,1003.3
2020-08-23T06:00,18.8,0.00,66,12.3,17.7,0.00,0.00,0.00,3,100,6,81,100,12.3,233,230,23.4,25.9,1,0.00,1017.6,1003.7
2020-08-23T07:00,18.9,0.10,71,13.5,18.3,0.10,0.00,0.00,51,69,3,69,7,12.0,227,221,22.7,27.4,1,324.12,1017.7,1003.8
2020-08-23T08:00,19.7,0.10,69,13.9,19.1,0.10,0.00,0.00,51,46,0,45,9,12.8,232,230,19.2,28.8,1,3600.00,1018.0,1004.1
2020-08-23T09:00,21.1,0.00,62,13.6,20.3,0.00,0.00,0.00,1,41,1,28,31,13.4,244,243,18.8,37.1,1,3600.00,1017.9,1004.1
2020-08-23T10:00,22.0,0.10,59,13.6,21.0,0.10,0.00,0.00,51,48,0,42,16,14.5,252,251,19.7,38.2,1,3600.00,1018.0,1004.2
2020-08-23T11:00,22.4,0.10,56,13.1,21.1,0.10,0.00,0.00,51,36,0,33,11,15.3,255,255,21.2,35.6,1,3600.00,1017.9,1004.1
2020-08-23T12:00,22.9,0.00,52,12.4,21.0,0.00,0.00,0.00,2,55,0,55,13,18.7,260,259,26.3,42.8,1,3600.00,1017.7,1004.0
2020-08-23T13:00,22.8,0.00,47,11.0,20.1,0.00,0.00,0.00,1,47,0,59,18,20.3,258,258,28.4,44.3,1,3600.00,1018.2,1004.4
2020-08-23T14:00,22.7,0.10,48,11.0,20.2,0.10,0.00,0.00,51,60,0,59,18,19.2,258,257,27.3,45.7,1,3600.00,1018.1,1004.3
2020-08-23T15:00,23.0,0.00,45,10.3,20.4,0.00,0.00,0.00,1,35,0,34,8,18.2,258,256,26.1,43.2,1,3600.00,1017.8,1004.1
2020-08-23T16:00,23.5,0.00,41,9.7,20.9,0.00,0.00,0.00,1,22,0,15,17,17.4,265,264,25.3,41.4,1,3600.00,1017.3,1003.6
2020-08-23T17:00,23.5,0.00,40,9.1,20.6,0.00,0.00,0.00,1,48,0,48,3,17.9,279,280,26.6,40.0,1,3600.00,1017.2,1003.5
2020-08-23T18:00,22.2,0.00,42,8.6,19.6,0.00,0.00,0.00,2,63,0,62,15,15.0,292,291,24.9,39.6,1,3600.00,1017.4,1003.6
2020-08-23T19:00,21.4,0.00,44,8.5,18.6,0.00,0.00,0.00,1,48,0,47,9,16.3,278,276,27.6,34.6,1,2951.97,1017.6,1003.8
2020-08-23T20:00,20.0,0.00,53,10.0,17.9,0.00,0.00,0.00,1,32,0,29,9,14.3,281,280,25.7,35.3,0,0.00,1018.5,1004.6
2020-08-23T21:00,19.0,0.00,57,10.2,17.6,0.00,0.00,0.00,2,58,0,55,26,10.0,288,283,20.8,30.2,0,0.00,1018.8,1004.9
2020-08-23T22:00,17.7,0.00,64,10.7,17.1,0.00,0.00,0.00,1,38,1,34,19,5.7,298,288,15.1,21.2,0,0.00,1018.9,1004.9
2020-08-23T23:00,16.2,0.00,77,12.2,16.0,0.00,0.00,0.00,1,34,0,32,17,6.2,306,280,9.8,12.6,0,0.00,1019.0,1004.9
2020-08-24T00:00,16.1,0.00,78,12.2,16.2,0.00,0.00,0.00,1,48,2,45,25,4.3,263,204,5.8,10.8,0,0.00,1018.9,1004.8
2020-08-24T01:00,17.6,0.00,67,11.4,17.4,0.00,0.00,0.00,3,87,0,100,11,4.1,251,232,11.0,10.4,0,0.00,1019.0,1005.0
2020-08-24T02:00,17.2,0.00,68,11.2,16.9,0.00,0.00,0.00,3,100,7,100,6,4.9,238,216,12.8,10.1,0,0.00,1018.6,1004.6
2020-08-24T03:00,17.4,0.00,67,11.2,16.9,0.00,0.00,0.00,3,92,0,92,5,6.1,248,242,14.7,12.6,0,0.00,1018.4,1004.4
2020-08-24T04:00,17.3,0.00,68,11.4,16.7,0.00,0.00,0.00,3,87,19,84,3,7.1,255,246,14.9,14.4,0,0.00,1018.1,1004.1
2020-08-24T05:00,16.3,0.00,74,11.8,15.9,0.00,0.00,0.00,3,100,96,100,6,6.4,255,243,15.3,14.8,0,0.00,1018.0,1003.9
2020-08-24T06:00,16.4,0.00,76,12.2,16.3,0.00,0.00,0.00,3,93,87,48,8,5.6,256,243,13.4,13.7,1,0.00,1017.9,1003.8
2020-08-24T07:00,17.1,0.00,74,12.4,17.1,0.00,0.00,0.00,3,93,86,51,15,5.3,252,242,9.4,13.3,1,151.49,1017.9,1003.9
2020-08-24T08:00,18.1,0.00,69,12.3,17.9,0.00,0.00,0.00,3,92,86,48,9,6.6,261,257,9.1,16.9,1,2961.04,1017.8,1003.8
2020-08-24T09:00,19.3,0.00,60,11.3,18.5,0.00,0.00,0.00,2,55,22,43,0,8.0,280,280,10.6,21.2,1,3600.00,1017.7,1003.8
2020-08-24T10:00,20.3,0.10,53,10.3,18.8,0.10,0.00,0.00,51,70,1,67,31,11.3,262,261,15.3,27.0,1,3600.00,1017.8,1003.9
2020-08-24T11:00,20.2,0.00,53,10.2,18.5,0.00,0.00,0.00,3,95,87,63,31,12.3,266,267,17.0,31.0,1,3600.00,1017.8,1003.9
2020-08-24T12:00,20.7,0.00,50,10.1,18.8,0.00,0.00,0.00,3,96,92,57,26,13.3,250,251,18.3,30.6,1,3600.00,1017.4,1003.6
2020-08-24T13:00,19.1,0.10,66,12.5,18.2,0.10,0.00,0.00,51,86,6,46,10,11.0,220,218,15.1,38.2,1,3600.00,1017.8,1003.9
2020-08-24T14:00,21.1,0.00,52,10.8,19.4,0.00,0.00,0.00,2,51,28,40,14,13.2,243,241,18.2,31.7,1,3600.00,1017.2,1003.4
2020-08-24T15:00,22.3,0.00,45,9.7,20.2,0.00,0.00,0.00,1,39,0,36,11,13.8,262,261,18.9,32.8,1,3600.00,1016.6,1002.8
2020-08-24T16:00,22.6,0.00,41,8.9,20.3,0.00,0.00,0.00,2,54,6,50,11,13.5,262,261,18.9,32.8,1,3600.00,1016.2,1002.5
2020-08-24T17:00,22.1,0.00,41,8.3,19.5,0.00,0.00,0.00,3,100,0,100,6,14.6,280,280,22.0,33.1,1,3600.00,1016.0,1002.2
2020-08-24T18:00,21.3,0.00,47,9.4,19.4,0.00,0.00,0.00,2,68,0,68,7,11.4,288,288,18.6,32.8,1,2193.84,1015.9,1002.1
2020-08-24T19:00,20.1,0.00,50,9.4,18.9,0.00,0.00,0.00,1,34,0,34,0,7.4,285,284,16.8,25.2,1,2206.11,1015.9,1002.0
2020-08-24T20:00,18.6,0.00,56,9.6,17.5,0.00,0.00,0.00,1,22,0,21,1,6.7,287,286,17.0,16.6,0,0.00,1016.5,1002.6
2020-08-24T21:00,17.5,0.00,62,10.1,16.7,0.00,0.00,0.00,1,35,0,35,2,5.4,278,270,15.6,14.8,0,0.00,1017.0,1003.0
2020-08-24T22:00,16.6,0.00,67,10.4,16.0,0.00,0.00,0.00,1,31,0,31,0,5.3,264,242,14.1,12.2,0,0.00,1017.1,1003.1
2020-08-24T23:00,16.1,0.00,69,10.4,15.4,0.00,0.00,0.00,3,98,0,98,9,5.8,259,240,15.7,12.6,0,0.00,1017.4,1003.3
2020-08-25T00:00,16.3,0.00,71,10.9,15.9,0.00,0.00,0.00,2,53,0,47,18,4.4,263,235,11.3,12.6,0,0.00,1017.2,1003.1
2020-08-25T01:00,16.2,0.00,73,11.3,15.9,0.00,0.00,0.00,2,66,0,64,4,4.4,243,171,6.4,9.4,0,0.00,1016.8,1002.7
2020-08-25T02:00,17.0,0.00,64,10.2,17.0,0.00,0.00,0.00,2,66,0,65,10,0.4,299,90,3.7,6.8,0,0.00,1016.7,1002.7
2020-08-25T03:00,15.8,0.00,69,10.1,15.1,0.00,0.00,0.00,2,54,2,51,15,4.6,148,129,3.4,8.6,0,0.00,1016.3,1002.2
2020-08-25T04:00,14.4,0.00,73,9.7,13.5,0.00,0.00,0.00,1,29,0,27,7,5.5,146,113,8.3,11.2,0,0.00,1016.2,1002.1
2020-08-25T05:00,13.9,0.00,74,9.4,12.8,0.00,0.00,0.00,0,16,11,4,3,6.9,146,118,13.5,13.0,0,0.00,1015.6,1001.5
2020-08-25T06:00,13.7,0.00,76,9.6,12.5,0.00,0.00,0.00,0,8,0,2,8,7.6,149,121,15.5,15.1,1,0.00,1015.5,1001.3
2020-08-25T07:00,15.6,0.00,70,10.2,14.5,0.00,0.00,0.00,0,7,7,1,1,7.7,151,127,13.5,16.2,1,3395.92,1015.2,1001.1
2020-08-25T08:00,18.1,0.00,61,10.5,17.5,0.00,0.00,0.00,2,73,73,1,0,5.6,144,140,8.5,16.2,1,3600.00,1014.9,1001.0
2020-08-25T09:00,20.3,0.00,53,10.3,19.6,0.00,0.00,0.00,3,100,100,28,0,5.2,165,168,7.1,16.9,1,3600.00,1014.7,1000.9
2020-08-25T10:00,21.2,0.00,50,10.2,20.4,0.00,0.00,0.00,3,100,100,80,0,5.4,186,188,7.2,17.3,1,3600.00,1014.6,1000.8
2020-08-25T11:00,21.8,0.00,47,10.0,20.7,0.00,0.00,0.00,3,100,100,89,0,7.6,184,185,10.1,20.2,1,573.69,1014.2,1000.4
2020-08-25T12:00,21.9,0.00,46,9.8,20.4,0.00,0.00,0.00,3,100,100,94,0,9.4,188,187,12.7,22.7,1,0.00,1013.8,1000.1
2020-08-25T13:00,21.4,0.00,55,12.1,20.4,0.00,0.00,0.00,3,98,65,93,0,11.7,193,191,16.2,24.1,1,0.00,1013.9,1000.1
2020-08-25T14:00,22.3,0.00,52,12.0,21.2,0.00,0.00,0.00,3,86,1,85,0,11.5,186,184,16.3,28.4,1,2025.78,1012.9,999.2
2020-08-25T15:00,23.3,0.00,47,11.3,21.9,0.00,0.00,0.00,3,95,1,95,0,12.6,187,185,17.8,29.5,1,3600.00,1012.0,998.3
2020-08-25T16:00,23.2,0.00,46,10.8,21.9,0.00,0.00,0.00,3,100,37,100,0,10.0,167,165,16.2,29.5,1,1180.06,1010.9,997.3
2020-08-25T17:00,22.4,0.00,52,12.1,22.0,0.00,0.00,0.00,3,80,37,68,0,7.3,185,171,15.9,23.0,1,0.00,1010.2,996.5
2020-08-25T18:00,23.0,0.00,49,11.7,22.3,0.00,0.00,0.00,0,7,4,3,0,8.7,182,175,18.0,21.2,1,3600.00,1009.5,995.9
2020-08-25T19:00,21.2,0.00,52,11.0,20.2,0.00,0.00,0.00,0,1,0,1,0,8.9,182,166,21.3,20.5,1,3026.66,1009.1,995.4
2020-08-25T20:00,20.0,0.00,54,10.3,18.6,0.00,0.00,0.00,0,9,0,9,0,10.7,185,160,24.2,23.4,0,0.00,1009.2,995.4
2020-08-25T21:00,19.8,0.00,53,9.9,18.1,0.00,0.00,0.00,1,23,0,23,0,11.4,190,167,25.9,25.6,0,0.00,1009.1,995.3
2020-08-25T22:00,20.0,0.00,50,9.2,18.1,0.00,0.00,0.00,1,44,39,8,0,11.2,196,174,26.6,26.6,0,0.00,1008.7,994.9
2020-08-25T23:00,20.0,0.00,47,8.5,17.9,0.00,0.00,0.00,3,95,95,1,0,11.6,223,216,28.0,27.0,0,0.00,1008.6,994.8
2020-08-26T00:00,20.8,0.00,44,8.2,18.2,0.00,0.00,0.00,3,99,99,4,0,15.0,230,224,31.7,34.2,0,0.00,1008.5,994.8
2020-08-26T01:00,21.6,0.00,42,8.1,18.9,0.00,0.00,0.00,3,99,97,12,4,15.3,229,227,31.6,37.4,0,0.00,1007.5,993.8
2020-08-26T02:00,21.8,0.00,42,8.2,18.9,0.00,0.00,0.00,3,91,86,38,20,16.7,238,233,32.9,36.4,0,0.00,1007.5,993.8
2020-08-26T03:00,22.8,0.00,51,12.1,20.4,0.00,0.00,0.00,3,81,69,33,31,20.3,244,243,35.6,44.3,0,0.00,1007.9,994.3
2020-08-26T04:00,21.9,0.00,61,14.2,19.9,0.00,0.00,0.00,2,52,43,0,16,23.1,250,249,38.6,50.0,0,0.00,1008.8,995.1
2020-08-26T05:00,20.4,0.00,69,14.5,18.7,0.00,0.00,0.00,1,32,0,0,32,21.6,247,246,36.6,50.0,0,0.00,1009.7,995.9
2020-08-26T06:00,19.5,0.10,71,14.1,17.7,0.10,0.00,0.00,51,83,0,3,83,21.4,251,250,35.7,47.2,1,0.00,1011.0,997.2
2020-08-26T07:00,19.3,0.10,67,13.0,16.8,0.10,0.00,0.00,51,51,0,7,50,23.4,248,247,36.8,50.4,1,372.17,1011.7,997.9
2020-08-26T08:00,19.5,0.00,62,12.0,16.4,0.00,0.00,0.00,1,46,0,2,46,25.0,242,242,37.4,54.0,1,3600.00,1012.2,998.4
2020-08-26T09:00,19.6,0.00,57,10.8,15.9,0.00,0.00,0.00,3,95,0,3,95,27.3,248,247,39.9,59.0,1,3600.00,1012.9,999.1
2020-08-26T10:00,19.9,0.00,53,10.1,15.5,0.00,0.00,0.00,3,97,0,7,97,30.4,251,251,44.9,65.2,1,3600.00,1013.5,999.7
2020-08-26T11:00,20.7,0.00,48,9.4,15.9,0.00,0.00,0.00,2,68,0,12,67,31.9,252,252,47.4,67.0,1,2451.09,1013.6,999.8
2020-08-26T12:00,22.0,0.00,44,9.1,17.2,0.00,0.00,0.00,1,27,0,2,27,31.6,249,249,46.1,72.4,1,3600.00,1013.6,999.9
2020-08-26T13:00,23.0,0.00,42,9.4,19.1,0.00,0.00,0.00,1,48,1,15,43,30.2,262,262,43.6,72.0,1,3600.00,1013.7,1000.0
2020-08-26T14:00,24.0,0.00,38,8.9,19.7,0.00,0.00,0.00,1,44,29,13,20,30.9,258,258,44.8,70.2,1,3600.00,1013.6,1000.0
2020-08-26T15:00,24.3,0.00,36,8.3,19.6,0.00,0.00,0.00,1,27,0,27,0,29.4,263,263,43.1,68.0,1,3600.00,1014.0,1000.4
2020-08-26T16:00,24.8,0.00,33,7.4,20.2,0.00,0.00,0.00,0,7,0,7,0,26.7,266,265,39.3,65.5,1,3600.00,1014.0,1000.4
2020-08-26T17:00,24.1,0.00,35,7.6,19.8,0.00,0.00,0.00,0,6,0,6,0,25.0,275,276,37.6,59.4,1,3600.00,1014.5,1000.9
2020-08-26T18:00,23.4,0.00,37,7.7,19.7,0.00,0.00,0.00,0,9,0,9,2,21.0,282,282,33.8,54.4,1,3600.00,1015.1,1001.4
2020-08-26T19:00,21.9,0.00,40,7.8,18.6,0.00,0.00,0.00,1,26,23,2,4,18.7,292,293,32.3,46.1,1,2909.33,1016.0,1002.2
2020-08-26T20:00,20.3,0.00,46,8.4,17.9,0.00,0.00,0.00,3,93,93,3,4,13.4,301,301,26.0,40.7,0,0.00,1016.9,1003.0
2020-08-26T21:00,19.2,0.00,51,8.9,17.0,0.00,0.00,0.00,3,100,100,1,1,12.5,320,319,25.5,29.5,0,0.00,1017.8,1003.9
2020-08-26T22:00,18.3,0.00,57,9.7,16.0,0.00,0.00,0.00,3,95,95,2,1,14.8,316,317,28.0,32.0,0,0.00,1018.5,1004.5
2020-08-26T23:00,17.6,0.00,61,9.9,15.8,0.00,0.00,0.00,2,76,76,1,1,12.1,298,297,24.5,32.0,0,0.00,1018.9,1004.9
2020-08-27T00:00,16.2,0.00,68,10.2,15.3,0.00,0.00,0.00,1,31,31,0,0,6.6,289,279,17.5,27.0,0,0.00,1019.3,1005.2
2020-08-27T01:00,15.1,0.00,78,11.3,14.3,0.00,0.00,0.00,1,30,74,1,1,8.6,295,272,13.5,15.5,0,0.00,1019.3,1005.2
2020-08-27T02:00,15.7,0.00,76,11.4,15.5,0.00,0.00,0.00,2,57,57,0,0,3.8,273,197,7.2,15.1,0,0.00,1019.2,1005.1
2020-08-27T03:00,15.5,0.00,74,11.0,15.5,0.00,0.00,0.00,0,10,10,0,0,2.3,270,162,4.7,8.3,0,0.00,1019.3,1005.2
2020-08-27T04:00,13.7,0.00,84,11.0,13.1,0.00,0.00,0.00,3,100,100,0,0,5.8,245,202,7.6,9.7,0,0.00,1019.0,1004.8
2020-08-27T05:00,13.5,0.00,87,11.3,13.1,0.00,0.00,0.00,2,79,79,0,0,5.7,252,215,8.3,10.1,0,0.00,1018.7,1004.5
2020-08-27T06:00,15.4,0.00,77,11.4,15.5,0.00,0.00,0.00,0,13,12,0,1,1.6,279,333,6.6,9.7,1,0.00,1018.6,1004.5
2020-08-27T07:00,16.0,0.00,75,11.6,16.3,0.00,0.00,0.00,3,93,93,1,2,1.1,309,18,4.6,6.1,1,3231.04,1018.5,1004.4
2020-08-27T08:00,17.7,0.00,68,11.6,18.0,0.00,0.00,0.00,3,95,95,3,6,1.3,236,214,1.3,9.0,1,3600.00,1018.5,1004.5
2020-08-27T09:00,19.1,0.00,63,11.9,19.3,0.00,0.00,0.00,3,90,89,5,11,2.5,225,225,3.1,12.6,1,3600.00,1018.2,1004.3
2020-08-27T10:00,20.5,0.00,56,11.3,20.4,0.00,0.00,0.00,2,79,76,5,10,3.4,239,238,4.2,15.1,1,3600.00,1017.9,1004.0
2020-08-27T11:00,22.0,0.00,48,10.4,21.8,0.00,0.00,0.00,3,100,100,37,12,5.1,264,262,6.5,18.7,1,3600.00,1017.5,1003.7
2020-08-27T12:00,22.5,0.00,45,10.1,21.5,0.00,0.00,0.00,3,100,100,97,23,7.0,258,258,8.8,20.9,1,3600.00,1017.1,1003.3
2020-08-27T13:00,21.1,0.00,51,10.5,20.4,0.00,0.00,0.00,3,97,79,100,61,5.3,243,242,6.4,21.2,1,0.00,1016.8,1003.0
2020-08-27T14:00,21.7,0.00,49,10.5,21.2,0.00,0.00,0.00,1,27,3,0,25,4.4,218,215,5.9,17.6,1,1423.47,1015.9,1002.1
2020-08-27T15:00,23.3,0.00,43,9.9,22.6,0.00,0.00,0.00,2,67,0,66,32,6.8,240,238,8.7,20.9,1,3600.00,1015.4,1001.7
2020-08-27T16:00,23.4,0.00,41,9.5,22.4,0.00,0.00,0.00,1,28,1,27,8,6.0,208,205,7.7,20.5,1,3600.00,1014.2,1000.5
2020-08-27T17:00,23.5,0.00,40,9.0,22.2,0.00,0.00,0.00,0,0,0,0,0,7.1,171,165,9.1,19.4,1,3600.00,1013.8,1000.1
2020-08-27T18:00,22.5,0.00,44,9.5,20.6,0.00,0.00,0.00,0,1,1,0,0,11.8,130,130,18.9,27.4,1,3600.00,1012.3,998.6
2020-08-27T19:00,20.3,0.00,52,10.1,19.3,0.00,0.00,0.00,0,1,0,1,0,6.9,137,129,17.6,25.9,1,2790.78,1012.3,998.5
2020-08-27T20:00,19.2,0.00,55,9.9,17.5,0.00,0.00,0.00,0,1,0,1,0,11.4,138,125,24.2,23.0,0,0.00,1011.5,997.7
2020-08-27T21:00,18.6,0.00,57,9.9,16.7,0.00,0.00,0.00,0,1,0,1,0,12.4,140,126,25.8,24.8,0,0.00,1010.8,996.9
2020-08-27T22:00,18.4,0.00,57,9.7,16.3,0.00,0.00,0.00,0,5,0,5,0,13.8,133,123,28.5,28.8,0,0.00,1010.0,996.1
2020-08-27T23:00,18.1,0.00,58,9.8,16.1,0.00,0.00,0.00,1,22,0,22,0,13.4,137,121,27.0,28.4,0,0.00,1009.4,995.5
2020-08-28T00:00,17.8,0.00,60,10.0,16.2,0.00,0.00,0.00,2,63,34,45,0,11.0,154,131,22.9,27.4,0,0.00,1008.7,994.8
2020-08-28T01:00,18.3,0.00,59,10.1,16.9,0.00,0.00,0.00,3,81,66,31,6,9.7,163,129,20.4,23.0,0,0.00,1008.1,994.3
2020-08-28T02:00,17.8,0.20,62,10.3,16.6,0.20,0.00,0.00,51,62,32,49,2,8.9,176,137,19.9,22.0,0,0.00,1007.2,993.4
2020-08-28T03:00,17.6,0.20,64,10.8,16.9,0.20,0.00,0.00,51,82,50,62,74,6.0,230,213,18.4,20.2,0,0.00,1007.4,993.5
2020-08-28T04:00,17.7,0.70,73,12.8,17.3,0.70,0.00,0.00,53,91,26,88,48,8.9,233,230,19.8,36.4,0,0.00,1007.1,993.3
2020-08-28T05:00,16.5,3.00,87,14.3,16.6,3.00,0.00,0.00,63,100,13,100,7,9.3,227,208,21.7,37.1,0,0.00,1007.5,993.6
2020-08-28T06:00,17.0,0.20,87,14.7,16.9,0.20,0.00,0.00,51,70,0,69,3,10.9,205,189,21.4,39.6,1,0.00,1007.1,993.2
2020-08-28T07:00,17.5,0.00,87,15.3,17.7,0.00,0.00,0.00,1,27,0,22,13,10.8,209,195,19.8,23.0,1,3148.23,1006.7,992.9
2020-08-28T08:00,19.0,0.00,79,15.2,19.2,0.00,0.00,0.00,3,98,0,98,46,10.6,213,208,19.0,24.8,1,3600.00,1006.6,992.8
2020-08-28T09:00,19.0,0.00,76,14.6,18.9,0.00,0.00,0.00,2,62,0,49,35,11.0,216,212,20.6,24.8,1,0.00,1006.2,992.4
2020-08-28T10:00,21.1,0.00,60,13.1,19.3,0.00,0.00,0.00,2,61,42,46,7,18.6,229,229,27.1,40.0,1,3600.00,1005.9,992.2
2020-08-28T11:00,20.6,0.30,50,9.9,17.0,0.30,0.00,0.00,51,100,100,93,2,24.2,224,223,35.1,55.4,1,3600.00,1006.7,993.0
2020-08-28T12:00,16.9,1.80,81,13.7,16.8,1.80,0.00,0.00,61,100,100,99,0,8.9,173,159,17.4,52.6,1,0.00,1005.5,991.6
2020-08-28T13:00,19.6,0.00,80,16.1,19.7,0.00,0.00,0.00,3,84,97,93,0,13.3,181,177,20.2,27.7,1,0.00,1004.7,991.0
2020-08-28T14:00,19.3,0.10,81,16.0,19.1,0.10,0.00,0.00,51,98,97,48,9,15.5,198,193,22.7,33.8,1,996.14,1004.1,990.4
2020-08-28T15:00,19.7,0.00,71,14.3,18.3,0.00,0.00,0.00,3,100,100,62,13,19.6,214,212,28.3,42.1,1,3365.11,1004.2,990.5
2020-08-28T16:00,19.4,0.00,66,12.9,17.7,0.00,0.00,0.00,3,100,100,88,2,18.1,207,203,27.4,43.6,1,0.00,1004.2,990.5
2020-08-28T17:00,19.3,0.00,68,13.2,18.3,0.00,0.00,0.00,3,100,100,49,0,13.3,187,182,22.1,39.2,1,0.00,1003.3,989.6
2020-08-28T18:00,18.9,0.00,69,13.1,17.5,0.00,0.00,0.00,3,100,100,23,1,16.4,199,195,28.2,35.6,1,0.00,1003.5,989.8
2020-08-28T19:00,18.6,0.00,65,11.9,17.3,0.00,0.00,0.00,3,94,94,18,0,12.9,204,198,24.0,35.3,1,0.00,1003.4,989.6
2020-08-28T20:00,17.5,0.00,68,11.6,16.3,0.00,0.00,0.00,3,97,97,34,0,11.4,212,204,24.1,27.0,0,0.00,1003.8,990.0
2020-08-28T21:00,17.4,0.00,72,12.3,16.0,0.00,0.00,0.00,3,98,98,66,10,14.4,218,212,27.4,30.2,0,0.00,1004.0,990.2
2020-08-28T22:00,17.3,0.00,74,12.7,15.8,0.00,0.00,0.00,3,96,95,23,12,15.9,217,213,28.3,33.5,0,0.00,1004.2,990.4
2020-08-28T23:00,17.0,0.00,78,13.1,15.6,0.00,0.00,0.00,3,87,84,18,14,16.1,226,222,28.8,34.9,0,0.00,1004.5,990.7
2020-08-29T00:00,16.6,0.00,80,13.0,15.4,0.00,0.00,0.00,3,94,93,21,0,14.3,226,223,27.0,34.6,0,0.00,1004.8,990.9
2020-08-29T01:00,16.1,0.00,86,13.8,15.9,0.00,0.00,0.00,3,95,94,50,23,9.7,241,239,18.8,31.0,0,0.00,1005.4,991.5
2020-08-29T02:00,15.5,0.10,88,13.4,15.1,0.10,0.00,0.00,51,96,94,30,20,10.2,235,231,21.2,23.8,0,0.00,1005.7,991.8
2020-08-29T03:00,15.3,0.00,88,13.3,15.1,0.00,0.00,0.00,3,99,99,57,9,8.4,234,227,18.8,23.8,0,0.00,1005.6,991.7
2020-08-29T04:00,14.9,0.00,89,13.1,14.8,0.00,0.00,0.00,3,98,98,3,2,7.7,227,217,18.6,19.4,0,0.00,1005.4,991.4
2020-08-29T05:00,14.6,0.00,88,12.7,14.2,0.00,0.00,0.00,3,99,99,4,0,8.5,220,208,18.9,18.7,0,0.00,1005.4,991.4
2020-08-29T06:00,14.4,0.00,87,12.3,13.7,0.00,0.00,0.00,3,100,100,57,0,9.4,203,184,19.5,19.8,1,0.00,1005.8,991.8
2020-08-29T07:00,15.1,0.00,83,12.2,14.3,0.00,0.00,0.00,3,100,99,51,0,10.0,201,193,18.9,20.9,1,0.00,1006.1,992.1
2020-08-29T08:00,16.2,0.00,77,12.3,15.6,0.00,0.00,0.00,3,100,100,32,0,9.2,213,211,15.1,21.6,1,0.00,1006.4,992.5
2020-08-29T09:00,17.4,0.00,71,12.2,16.6,0.00,0.00,0.00,3,94,94,6,0,10.1,216,215,14.7,24.8,1,1664.01,1006.4,992.6
2020-08-29T10:00,19.0,0.00,62,11.4,17.7,0.00,0.00,0.00,3,98,98,4,5,11.3,218,217,15.1,28.1,1,3600.00,1006.5,992.7
2020-08-29T11:00,19.7,0.00,56,10.8,18.6,0.00,0.00,0.00,3,100,100,11,3,9.3,216,216,12.4,28.1,1,3600.00,1006.2,992.5
2020-08-29T12:00,20.5,0.00,53,10.6,19.3,0.00,0.00,0.00,3,99,99,10,2,9.8,207,208,13.4,25.9,1,3600.00,1006.0,992.3
2020-08-29T13:00,19.6,0.00,61,11.8,19.1,0.00,0.00,0.00,3,100,70,46,20,8.4,220,223,10.7,29.5,1,3600.00,1006.9,993.1
2020-08-29T14:00,20.7,0.00,52,10.5,19.3,0.00,0.00,0.00,3,100,100,69,12,10.2,221,222,13.8,30.2,1,3600.00,1006.5,992.8
2020-08-29T15:00,20.1,0.00,52,10.0,18.7,0.00,0.00,0.00,3,100,100,30,7,9.5,216,217,13.4,26.6,1,0.00,1006.5,992.8
2020-08-29T16:00,20.4,0.00,51,9.8,18.8,0.00,0.00,0.00,3,99,99,24,6,10.7,220,220,15.1,25.2,1,0.00,1006.3,992.6
2020-08-29T17:00,20.3,0.00,51,10.0,19.3,0.00,0.00,0.00,3,100,100,19,2,7.1,222,221,10.2,25.2,1,3600.00,1006.1,992.4
2020-08-29T18:00,19.7,0.00,57,11.0,19.4,0.00,0.00,0.00,3,99,99,26,0,3.7,209,209,8.2,16.9,1,606.56,1006.2,992.5
2020-08-29T19:00,17.6,0.00,69,12.0,17.3,0.00,0.00,0.00,3,99,99,24,1,6.2,233,234,9.5,9.7,1,0.00,1006.3,992.5
2020-08-29T20:00,17.0,0.00,69,11.3,16.4,0.00,0.00,0.00,3,100,100,52,0,6.9,253,276,10.1,11.2,0,0.00,1006.5,992.6
2020-08-29T21:00,18.9,0.00,56,10.0,18.2,0.00,0.00,0.00,3,94,93,2,7,4.3,276,336,7.2,10.8,0,0.00,1006.6,992.8
2020-08-29T22:00,18.6,0.00,57,9.9,18.4,0.00,0.00,0.00,3,99,99,1,17,1.1,249,108,3.1,6.8,0,0.00,1007.0,993.2
2020-08-29T23:00,16.1,0.00,72,11.0,15.7,0.00,0.00,0.00,3,95,95,46,16,4.6,195,129,4.1,6.5,0,0.00,1007.0,993.1
2020-08-30T00:00,15.2,0.00,77,11.1,14.6,0.00,0.00,0.00,3,99,99,85,14,6.0,191,155,7.7,8.6,0,0.00,1007.1,993.1
2020-08-30T01:00,14.8,0.00,86,12.5,14.5,0.00,0.00,0.00,3,98,83,73,11,6.9,180,141,6.8,9.4,0,0.00,1007.4,993.4
2020-08-30T02:00,15.6,0.10,79,12.0,15.9,0.10,0.00,0.00,51,96,87,93,3,2.1,315,31,4.6,13.7,0,0.00,1007.2,993.3
2020-08-30T03:00,14.5,0.00,86,12.1,14.7,0.00,0.00,0.00,3,100,100,100,10,2.6,68,124,1.9,5.8,0,0.00,1007.0,993.0
2020-08-30T04:00,14.4,0.00,87,12.4,14.7,0.00,0.00,0.00,3,100,100,100,20,3.1,167,159,4.8,6.8,0,0.00,1007.2,993.2
2020-08-30T05:00,14.5,0.10,88,12.5,15.1,0.10,0.00,0.00,51,100,99,100,0,0.8,297,27,2.4,6.1,0,0.00,1007.0,993.0
2020-08-30T06:00,14.1,0.10,92,12.7,14.4,0.10,0.00,0.00,51,97,92,89,5,3.3,337,347,8.2,7.2,1,0.00,1007.1,993.1
2020-08-30T07:00,14.7,0.20,90,13.2,14.8,0.20,0.00,0.00,51,100,100,98,12,6.4,331,317,11.9,13.0,1,0.00,1007.3,993.3
2020-08-30T08:00,15.5,0.30,87,13.4,15.7,0.30,0.00,0.00,51,100,100,99,11,5.9,339,322,10.0,16.6,1,0.00,1007.6,993.6
2020-08-30T09:00,15.6,0.60,90,14.1,16.4,0.60,0.00,0.00,53,100,100,100,30,3.9,352,338,5.4,16.6,1,0.00,1008.2,994.2
2020-08-30T10:00,15.7,0.60,91,14.3,16.5,0.60,0.00,0.00,53,100,99,99,10,3.9,339,326,5.0,16.2,1,0.00,1008.5,994.5
2020-08-30T11:00,16.0,0.60,90,14.4,16.8,0.60,0.00,0.00,53,100,100,98,10,4.6,353,342,6.2,19.1,1,0.00,1008.6,994.7
2020-08-30T12:00,16.4,0.70,88,14.4,17.1,0.70,0.00,0.00,53,100,100,100,4,4.8,319,312,6.6,13.0,1,0.00,1008.4,994.5
2020-08-30T13:00,17.3,0.90,80,13.8,17.1,0.90,0.00,0.00,53,100,100,52,10,9.7,323,318,13.9,17.6,1,0.00,1008.6,994.7
2020-08-30T14:00,18.6,0.30,74,13.9,18.4,0.30,0.00,0.00,51,100,100,100,7,10.0,311,308,14.3,25.9,1,0.00,1008.6,994.8
2020-08-30T15:00,17.5,0.60,84,14.9,18.3,0.60,0.00,0.00,53,100,100,100,0,5.9,322,308,13.3,25.2,1,0.00,1009.2,995.3
2020-08-30T16:00,17.6,0.50,87,15.4,18.6,0.50,0.00,0.00,53,100,100,100,0,5.2,282,258,8.8,13.3,1,0.00,1009.6,995.7
2020-08-30T17:00,17.2,0.30,90,15.5,17.9,0.30,0.00,0.00,51,100,100,100,7,7.8,252,236,14.3,15.5,1,0.00,1010.3,996.4
2020-08-30T18:00,16.6,0.30,90,15.0,16.9,0.30,0.00,0.00,51,100,100,99,1,9.4,259,247,18.4,19.8,1,0.00,1011.1,997.1
2020-08-30T19:00,16.0,0.30,93,14.8,16.3,0.30,0.00,0.00,51,100,100,100,1,8.7,249,240,17.8,20.5,1,0.00,1012.0,998.0
2020-08-30T20:00,15.4,0.40,95,14.6,15.5,0.40,0.00,0.00,51,100,99,100,1,9.1,228,214,16.8,19.1,0,0.00,1013.0,999.0
2020-08-30T21:00,14.8,0.20,95,14.0,14.7,0.20,0.00,0.00,51,100,100,100,5,9.4,221,212,18.1,20.2,0,0.00,1013.7,999.6
2020-08-30T22:00,14.4,0.30,95,13.6,14.0,0.30,0.00,0.00,51,100,99,99,23,10.5,225,218,19.9,22.0,0,0.00,1014.4,1000.3
2020-08-30T23:00,14.2,0.30,95,13.4,13.5,0.30,0.00,0.00,51,100,100,99,6,12.2,221,214,22.7,25.2,0,0.00,1015.0,1000.9
2020-08-31T00:00,14.0,0.10,94,13.0,13.1,0.10,0.00,0.00,51,100,100,93,23,12.5,228,224,23.2,27.4,0,0.00,1015.4,1001.3
2020-08-31T01:00,13.9,0.10,96,13.2,13.5,0.10,0.00,0.00,51,100,93,99,86,9.9,220,213,19.2,27.0,0,0.00,1015.8,1001.7
2020-08-31T02:00,13.9,0.40,96,13.2,13.6,0.40,0.00,0.00,51,100,100,95,41,9.2,219,211,17.7,22.0,0,0.00,1015.9,1001.8
2020-08-31T03:00,13.9,0.70,96,13.3,13.5,0.70,0.00,0.00,53,100,96,99,43,10.2,226,219,19.1,22.0,0,0.00,1015.9,1001.8
2020-08-31T04:00,13.8,0.60,96,13.3,13.4,0.60,0.00,0.00,53,99,90,98,26,10.1,222,215,18.9,22.0,0,0.00,1015.8,1001.6
2020-08-31T05:00,13.8,0.20,96,13.3,13.4,0.20,0.00,0.00,51,100,82,97,39,9.7,218,211,18.7,21.2,0,0.00,1015.8,1001.6
2020-08-31T06:00,13.8,0.00,96,13.1,13.5,0.00,0.00,0.00,3,99,92,95,82,8.9,215,207,17.1,20.9,1,0.00,1016.3,1002.1
2020-08-31T07:00,14.0,0.00,95,13.2,13.8,0.00,0.00,0.00,3,100,92,75,100,8.6,221,213,15.8,19.4,1,0.00,1016.8,1002.6
2020-08-31T08:00,14.6,0.10,92,13.3,14.1,0.10,0.00,0.00,51,100,83,44,100,11.1,234,234,15.5,24.8,1,271.79,1017.2,1003.1
2020-08-31T09:00,15.7,0.10,85,13.2,15.4,0.10,0.00,0.00,51,89,81,1,71,8.7,252,253,11.7,24.1,1,637.71,1017.1,1003.0
2020-08-31T10:00,17.0,0.10,77,12.9,17.1,0.10,0.00,0.00,51,94,67,3,89,5.7,236,235,7.8,20.9,1,3600.00,1017.1,1003.1
2020-08-31T11:00,18.0,0.10,71,12.7,18.2,0.10,0.00,0.00,51,53,24,19,39,3.9,201,202,5.0,17.6,1,3600.00,1017.4,1003.4
2020-08-31T12:00,18.7,0.00,69,13.0,19.4,0.00,0.00,0.00,3,84,77,15,37,1.8,146,143,2.6,17.6,1,3600.00,1017.2,1003.3
2020-08-31T13:00,18.4,0.00,79,14.7,19.6,0.00,0.00,0.00,2,66,33,77,16,2.3,286,288,2.6,16.9,1,3600.00,1017.6,1003.6
2020-08-31T14:00,19.8,0.20,75,15.2,21.3,0.20,0.00,0.00,51,71,22,60,42,3.5,336,336,4.3,15.8,1,3600.00,1017.1,1003.2
2020-08-31T15:00,20.1,0.10,72,14.9,21.4,0.10,0.00,0.00,51,89,87,21,12,2.3,21,18,3.1,15.8,1,3600.00,1016.8,1002.9
2020-08-31T16:00,20.0,0.10,67,13.6,20.7,0.10,0.00,0.00,51,99,97,71,51,2.6,347,344,3.3,12.6,1,3600.00,1016.6,1002.7
2020-08-31T17:00,17.6,2.10,82,14.5,18.0,2.10,0.00,0.00,61,99,99,78,11,7.6,338,335,10.5,20.2,1,987.81,1016.9,1002.9
2020-08-31T18:00,17.2,0.20,83,14.3,18.2,0.20,0.00,0.00,51,99,98,59,18,2.9,117,120,4.0,16.9,1,0.00,1017.1,1003.1
2020-08-31T19:00,16.1,1.60,93,15.0,17.4,1.60,0.00,0.00,61,98,97,49,25,2.4,24,27,3.5,11.2,1,0.00,1017.4,1003.3
2020-08-31T20:00,15.7,0.30,95,14.8,16.9,0.30,0.00,0.00,51,98,96,57,0,2.5,322,278,5.9,5.8,0,0.00,1017.4,1003.3
2020-08-31T21:00,15.4,0.10,96,14.7,16.3,0.10,0.00,0.00,51,97,95,30,10,4.1,333,315,10.5,8.6,0,0.00,1017.5,1003.4
2020-08-31T22:00,14.8,0.00,97,14.3,15.7,0.00,0.00,0.00,3,96,94,32,12,3.5,8,336,8.0,8.6,0,0.00,1017.7,1003.6
2020-08-31T23:00,14.4,0.10,97,14.0,15.2,0.10,0.00,0.00,51,92,88,29,34,3.4,25,342,6.0,10.4,0,0.00,1018.0,1003.8
2020-09-01T00:00,14.6,0.00,95,13.9,15.3,0.00,0.00,0.00,3,94,91,25,25,3.9,354,326,6.9,13.3,0,0.00,1017.7,1003.6
2020-09-01T01:00,14.4,0.00,95,13.6,14.8,0.00,0.00,0.00,3,95,66,23,24,5.1,10,356,10.6,10.1,0,0.00,1017.8,1003.7
2020-09-01T02:00,13.8,0.20,95,13.1,13.9,0.20,0.00,0.00,51,78,70,27,21,6.2,14,7,14.8,18.4,0,0.00,1017.6,1003.4
2020-09-01T03:00,13.5,0.00,94,12.6,13.5,0.00,0.00,0.00,3,89,80,60,24,5.4,46,48,15.0,13.7,0,0.00,1017.6,1003.4
2020-09-01T04:00,13.0,0.00,95,12.2,12.9,0.00,0.00,0.00,3,87,82,26,22,5.4,53,42,11.3,12.2,0,0.00,1017.3,1003.1
2020-09-01T05:00,12.8,0.00,94,11.9,12.6,0.00,0.00,0.00,3,86,76,39,17,5.5,54,23,9.3,10.1,0,0.00,1017.2,1003.0
2020-09-01T06:00,13.7,0.30,91,12.3,14.0,0.30,0.00,0.00,51,85,67,49,31,3.0,62,346,6.1,9.4,1,0.00,1017.4,1003.2
2020-09-01T07:00,14.1,0.70,94,13.2,14.6,0.70,0.00,0.00,53,92,77,67,22,3.1,349,291,1.8,6.5,1,624.39,1017.9,1003.7
2020-09-01T08:00,14.8,0.50,90,13.2,15.2,0.50,0.00,0.00,53,93,69,88,22,4.6,325,321,5.7,14.0,1,3600.00,1018.0,1003.9
2020-09-01T09:00,15.2,0.30,89,13.4,15.4,0.30,0.00,0.00,51,98,24,98,10,5.8,331,330,7.4,15.1,1,589.97,1017.9,1003.8
2020-09-01T10:00,16.0,0.10,86,13.6,16.2,0.10,0.00,0.00,51,92,37,86,27,6.2,345,339,8.2,22.7,1,1041.45,1017.7,1003.6
2020-09-01T11:00,17.5,0.10,76,13.2,17.4,0.10,0.00,0.00,51,96,78,87,53,7.4,345,337,9.7,25.2,1,3600.00,1017.5,1003.5
2020-09-01T12:00,17.2,0.20,79,13.6,17.2,0.20,0.00,0.00,51,98,89,84,42,7.9,342,336,10.6,25.6,1,1487.28,1017.3,1003.3
2020-09-01T13:00,18.4,0.20,70,12.8,18.7,0.20,0.00,0.00,51,98,89,59,3,3.7,63,61,5.6,25.6,1,2128.85,1017.2,1003.2
2020-09-01T14:00,20.0,0.00,64,13.1,20.4,0.00,0.00,0.00,3,87,66,70,23,3.7,102,119,5.2,25.6,1,3600.00,1016.5,1002.6
2020-09-01T15:00,19.8,0.10,59,11.6,19.4,0.10,0.00,0.00,51,100,58,100,100,6.0,352,343,8.0,23.8,1,3600.00,1016.2,1002.3
2020-09-01T16:00,17.0,2.60,83,14.0,16.9,2.60,0.00,0.00,63,91,69,55,68,9.3,27,28,14.5,26.6,1,2128.22,1016.4,1002.4
2020-09-01T17:00,17.4,0.10,77,13.3,17.4,0.10,0.00,0.00,51,69,55,35,3,7.0,94,102,10.8,21.6,1,2109.65,1016.1,1002.1
2020-09-01T18:00,17.4,0.00,75,13.0,18.0,0.00,0.00,0.00,2,63,56,23,3,2.6,60,74,5.8,15.8,1,3600.00,1016.0,1002.0
2020-09-01T19:00,15.9,0.00,82,12.9,16.4,0.00,0.00,0.00,2,78,70,30,2,2.2,8,261,2.5,6.8,1,1700.52,1016.1,1002.0
2020-09-01T20:00,14.2,0.00,92,13.0,14.3,0.00,0.00,0.00,3,91,89,27,0,5.7,303,288,6.0,8.6,0,0.00,1016.7,1002.6
2020-09-01T21:00,14.2,0.00,90,12.5,14.3,0.00,0.00,0.00,2,65,58,20,3,4.6,335,342,6.0,8.6,0,0.00,1017.0,1002.8
2020-09-01T22:00,12.8,0.00,92,11.5,12.4,0.00,0.00,0.00,0,15,0,15,0,5.4,35,48,5.7,8.6,0,0.00,1017.0,1002.8
2020-09-01T23:00,12.5,0.00,91,11.1,12.1,0.00,0.00,0.00,0,18,0,18,0,5.2,63,56,11.3,10.1,0,0.00,1016.9,1002.7
2020-09-02T00:00,12.5,0.00,90,10.9,11.7,0.00,0.00,0.00,0,12,0,12,0,7.2,80,72,16.5,14.4,0,0.00,1016.9,1002.7
2020-09-02T01:00,12.2,0.00,89,10.5,11.4,0.00,0.00,0.00,0,10,0,7,0,7.0,78,69,17.3,14.4,0,0.00,1017.3,1003.0
2020-09-02T02:00,11.8,0.00,89,10.1,11.1,0.00,0.00,0.00,0,12,0,12,0,5.4,82,70,15.3,14.0,0,0.00,1017.4,1003.1
2020-09-02T03:00,11.2,0.00,91,9.8,10.4,0.00,0.00,0.00,1,32,0,32,0,5.0,82,69,13.1,10.8,0,0.00,1017.4,1003.1
2020-09-02T04:00,10.8,0.00,93,9.6,9.9,0.00,0.00,0.00,1,32,0,32,0,5.4,88,70,11.5,9.7,0,0.00,1017.4,1003.1
2020-09-02T05:00,11.8,0.00,88,9.8,11.2,0.00,0.00,0.00,1,20,0,20,0,3.6,90,45,6.5,10.1,0,0.00,1017.4,1003.1
2020-09-02T06:00,9.9,0.00,94,9.0,9.0,0.00,0.00,0.00,1,23,0,23,0,4.2,97,70,6.2,7.6,1,0.00,1018.0,1003.6
2020-09-02T07:00,12.4,0.00,87,10.3,11.8,0.00,0.00,0.00,1,40,26,20,0,4.8,88,77,9.4,11.2,1,2731.19,1018.5,1004.2
2020-09-02T08:00,14.5,0.00,79,10.8,14.2,0.00,0.00,0.00,3,92,90,20,0,3.7,100,101,6.2,12.2,1,3600.00,1018.5,1004.3
2020-09-02T09:00,16.1,0.00,72,10.9,15.8,0.00,0.00,0.00,2,54,41,24,0,3.5,110,114,5.4,13.7,1,3600.00,1018.7,1004.6
2020-09-02T10:00,17.5,0.00,64,10.6,17.2,0.00,0.00,0.00,3,95,93,33,2,3.2,108,117,4.6,14.4,1,3600.00,1018.7,1004.7
2020-09-02T11:00,18.3,0.00,59,10.1,17.9,0.00,0.00,0.00,1,23,3,19,7,2.9,95,97,4.0,17.3,1,3600.00,1018.7,1004.7
2020-09-02T12:00,19.6,0.00,51,9.2,19.8,0.00,0.00,0.00,1,36,17,19,22,1.5,108,135,2.3,18.0,1,3600.00,1018.3,1004.4
2020-09-02T13:00,19.6,0.00,51,9.2,19.6,0.00,0.00,0.00,1,34,0,77,11,3.7,94,101,5.1,16.6,1,3600.00,1018.5,1004.6
2020-09-02T14:00,20.0,0.00,49,9.0,19.4,0.00,0.00,0.00,0,18,0,17,1,1.8,106,127,2.6,14.0,1,3600.00,1018.1,1004.2
2020-09-02T15:00,20.6,0.00,47,9.0,20.3,0.00,0.00,0.00,1,21,0,21,1,1.3,207,214,1.6,14.4,1,3600.00,1017.9,1004.0
2020-09-02T16:00,20.6,0.00,47,8.7,19.9,0.00,0.00,0.00,1,31,0,30,6,2.5,277,270,2.9,12.2,1,3600.00,1018.0,1004.1
2020-09-02T17:00,20.2,0.00,48,8.9,19.5,0.00,0.00,0.00,1,30,0,30,5,2.9,304,300,3.9,10.8,1,3600.00,1017.8,1003.9
2020-09-02T18:00,19.7,0.00,56,10.7,19.6,0.00,0.00,0.00,1,24,0,24,1,2.2,350,351,4.0,8.6,1,3600.00,1018.1,1004.2
2020-09-02T19:00,17.6,0.00,60,9.8,16.6,0.00,0.00,0.00,0,10,0,10,0,6.2,3,10,7.2,8.3,1,2059.99,1018.7,1004.7
2020-09-02T20:00,15.1,0.00,70,9.6,14.0,0.00,0.00,0.00,0,14,0,14,5,6.9,22,39,9.7,11.2,0,0.00,1019.7,1005.6
2020-09-02T21:00,14.9,0.00,67,8.9,13.9,0.00,0.00,0.00,0,17,0,17,3,4.3,75,85,7.1,10.8,0,0.00,1020.1,1005.9
2020-09-02T22:00,14.2,0.00,69,8.5,13.2,0.00,0.00,0.00,1,33,0,33,1,4.0,139,100,7.1,9.4,0,0.00,1020.3,1006.1
2020-09-02T23:00,13.5,0.00,73,8.8,12.5,0.00,0.00,0.00,1,23,0,23,0,4.7,180,94,5.8,8.6,0,0.00,1020.2,1006.0
2020-09-03T00:00,14.6,0.00,64,7.9,13.7,0.00,0.00,0.00,1,21,0,21,0,2.2,209,99,3.7,6.8,0,0.00,1020.3,1006.1
2020-09-03T01:00,12.9,0.00,77,9.0,11.6,0.00,0.00,0.00,0,19,23,11,0,7.4,136,104,12.0,6.8,0,0.00,1020.2,1005.9
2020-09-03T02:00,12.0,0.00,81,8.8,10.7,0.00,0.00,0.00,1,22,5,18,0,7.2,139,108,13.8,14.4,0,0.00,1020.2,1005.9
2020-09-03T03:00,11.9,0.00,82,8.8,10.5,0.00,0.00,0.00,1,46,33,19,0,7.5,140,107,14.6,14.8,0,0.00,1020.1,1005.8
2020-09-03T04:00,11.5,0.00,83,8.8,10.1,0.00,0.00,0.00,2,58,57,3,0,7.1,136,105,14.0,14.4,0,0.00,1020.1,1005.8
2020-09-03T05:00,10.6,0.00,88,8.8,9.5,0.00,0.00,0.00,3,89,89,3,0,5.7,153,125,14.2,14.0,0,0.00,1020.6,1006.2
2020-09-03T06:00,10.9,0.00,87,8.9,9.4,0.00,0.00,0.00,3,96,96,1,0,7.8,157,124,14.5,14.4,1,0.00,1021.1,1006.7
2020-09-03T07:00,12.8,0.00,81,9.7,11.3,0.00,0.00,0.00,3,95,95,0,0,9.3,159,126,14.2,18.4,1,150.14,1021.1,1006.8
2020-09-03T08:00,15.1,0.00,76,10.9,14.3,0.00,0.00,0.00,3,92,92,2,0,6.9,175,152,11.6,18.4,1,3266.72,1021.7,1007.5
2020-09-03T09:00,17.4,0.00,70,11.9,16.9,0.00,0.00,0.00,3,92,92,52,0,7.4,198,194,10.2,19.8,1,3600.00,1022.2,1008.1
2020-09-03T10:00,19.2,0.00,63,12.1,18.6,0.00,0.00,0.00,3,97,95,86,0,8.9,207,207,11.8,23.0,1,3600.00,1022.2,1008.2
2020-09-03T11:00,20.1,0.00,59,11.8,19.3,0.00,0.00,0.00,3,100,100,100,0,9.7,218,219,13.3,24.5,1,3188.64,1022.4,1008.5
2020-09-03T12:00,20.7,0.00,53,10.9,19.3,0.00,0.00,0.00,3,82,0,82,0,11.5,228,226,15.5,27.0,1,2106.19,1022.4,1008.5
2020-09-03T13:00,22.4,0.00,47,10.6,20.6,0.00,0.00,0.00,3,98,40,71,0,13.4,212,211,17.8,29.2,1,3600.00,1021.5,1007.7
2020-09-03T14:00,22.0,0.00,48,10.5,20.0,0.00,0.00,0.00,3,99,92,95,34,14.8,228,227,21.2,33.1,1,3600.00,1021.5,1007.7
2020-09-03T15:00,22.1,0.00,47,10.2,20.0,0.00,0.00,0.00,3,99,89,90,66,14.8,236,236,21.3,33.8,1,2709.31,1021.6,1007.8
2020-09-03T16:00,21.3,0.00,52,11.1,20.3,0.00,0.00,0.00,3,92,85,53,0,9.0,246,247,15.8,33.5,1,0.00,1021.4,1007.5
2020-09-03T17:00,21.6,0.00,49,10.4,20.3,0.00,0.00,0.00,3,93,38,90,3,9.4,273,274,15.1,24.8,1,3600.00,1021.6,1007.7
2020-09-03T18:00,20.3,0.00,59,11.9,20.1,0.00,0.00,0.00,3,95,65,93,38,5.1,300,309,12.4,21.6,1,147.27,1021.9,1008.0
2020-09-03T19:00,18.7,0.00,67,12.5,18.8,0.00,0.00,0.00,3,100,73,99,100,4.3,327,360,7.3,11.9,1,0.00,1022.1,1008.1
2020-09-03T20:00,18.9,0.00,69,13.1,19.7,0.00,0.00,0.00,3,100,80,98,100,1.5,236,104,6.5,8.6,0,0.00,1022.7,1008.7
2020-09-03T21:00,19.4,0.00,56,10.5,18.6,0.00,0.00,0.00,3,92,64,63,72,6.4,230,207,17.4,14.0,0,0.00,1023.0,1009.0
2020-09-03T22:00,19.4,0.00,53,9.5,18.0,0.00,0.00,0.00,3,100,7,100,39,8.7,219,204,20.7,19.1,0,0.00,1022.9,1008.9
2020-09-03T23:00,19.1,0.00,55,9.8,17.7,0.00,0.00,0.00,2,69,19,61,3,9.2,214,201,20.8,20.2,0,0.00,1023.2,1009.2
2020-09-04T00:00,17.8,0.00,61,10.2,16.6,0.00,0.00,0.00,2,74,62,32,4,9.0,213,196,21.4,20.2,0,0.00,1023.2,1009.1
2020-09-04T01:00,16.6,0.00,67,10.4,15.5,0.00,0.00,0.00,3,80,58,10,8,8.1,214,193,21.3,21.2,0,0.00,1023.6,1009.5
2020-09-04T02:00,16.7,0.00,66,10.4,15.3,0.00,0.00,0.00,1,40,37,6,3,9.9,216,199,24.0,22.3,0,0.00,1023.4,1009.3
2020-09-04T03:00,16.1,0.00,68,10.3,14.9,0.00,0.00,0.00,1,39,32,10,8,8.6,220,202,23.0,22.7,0,0.00,1023.3,1009.2
2020-09-04T04:00,16.0,0.00,68,10.1,14.8,0.00,0.00,0.00,1,46,34,14,17,8.6,217,195,22.1,20.2,0,0.00,1023.2,1009.1
2020-09-04T05:00,15.9,0.00,68,9.9,14.5,0.00,0.00,0.00,2,54,46,10,12,9.3,215,196,22.8,20.9,0,0.00,1023.1,1008.9
2020-09-04T06:00,15.7,0.00,68,9.8,14.4,0.00,0.00,0.00,2,55,50,9,8,8.6,215,195,22.0,20.9,1,0.00,1023.5,1009.3
2020-09-04T07:00,16.7,0.00,67,10.6,15.7,0.00,0.00,0.00,1,36,32,6,4,7.6,217,199,18.5,19.4,1,1935.51,1023.9,1009.8
2020-09-04T08:00,18.6,0.00,61,10.8,17.6,0.00,0.00,0.00,1,37,32,7,7,8.2,220,209,14.1,19.8,1,3600.00,1024.4,1010.4
2020-09-04T09:00,20.6,0.00,55,11.1,19.5,0.00,0.00,0.00,1,27,26,0,0,9.4,210,203,13.7,23.4,1,3600.00,1024.4,1010.5
2020-09-04T10:00,22.8,0.00,49,11.4,21.6,0.00,0.00,0.00,1,23,23,1,0,11.0,207,203,15.3,27.0,1,3600.00,1024.2,1010.4
2020-09-04T11:00,24.7,0.00,44,11.5,23.8,0.00,0.00,0.00,1,47,33,23,0,11.8,219,218,16.1,28.8,1,3600.00,1023.8,1010.1
2020-09-04T12:00,26.0,0.00,41,11.7,25.2,0.00,0.00,0.00,2,79,16,76,0,12.7,226,225,17.6,31.0,1,3600.00,1023.4,1009.7
2020-09-04T13:00,26.6,0.00,38,11.2,24.9,0.00,0.00,0.00,2,78,6,26,2,13.8,220,219,19.2,31.3,1,3600.00,1022.8,1009.2
2020-09-04T14:00,26.9,0.00,38,11.2,25.8,0.00,0.00,0.00,3,86,70,73,0,14.3,222,221,19.9,33.8,1,3600.00,1022.2,1008.6
2020-09-04T15:00,26.5,0.00,39,11.6,25.2,0.00,0.00,0.00,3,87,87,4,0,12.5,228,229,17.8,33.8,1,3600.00,1021.8,1008.2
2020-09-04T16:00,26.2,0.00,41,12.1,25.2,0.00,0.00,0.00,2,64,64,0,0,10.7,224,222,16.0,29.5,1,3600.00,1021.2,1007.6
2020-09-04T17:00,25.6,0.00,45,12.7,25.3,0.00,0.00,0.00,1,46,25,44,0,7.6,213,211,13.8,25.2,1,3600.00,1020.7,1007.0
2020-09-04T18:00,24.0,0.00,56,14.6,24.8,0.00,0.00,0.00,2,79,0,79,0,5.0,194,180,13.0,18.4,1,3600.00,1020.4,1006.7
2020-09-04T19:00,21.9,0.00,57,12.9,21.8,0.00,0.00,0.00,0,0,0,0,0,6.3,185,149,13.7,12.6,1,1452.88,1019.9,1006.1
2020-09-04T20:00,20.9,0.00,58,12.5,20.7,0.00,0.00,0.00,0,0,0,0,0,6.6,180,135,13.7,13.0,0,0.00,1019.9,1006.0
2020-09-04T21:00,20.1,0.00,60,12.0,19.7,0.00,0.00,0.00,2,68,64,57,0,7.0,188,145,16.3,14.4,0,0.00,1019.8,1005.9
2020-09-04T22:00,19.5,0.00,62,12.0,19.1,0.00,0.00,0.00,0,3,3,1,0,6.8,196,155,16.9,14.4,0,0.00,1019.7,1005.8
2020-09-04T23:00,18.4,0.00,68,12.3,18.1,0.00,0.00,0.00,0,0,0,0,0,6.6,189,139,16.4,14.0,0,0.00,1019.3,1005.3
2020-09-05T00:00,17.4,0.00,74,12.6,17.4,0.00,0.00,0.00,0,0,0,0,0,5.6,184,130,14.1,13.0,0,0.00,1018.9,1004.9
2020-09-05T01:00,18.2,0.00,72,13.2,18.2,0.00,0.00,0.00,1,30,2,6,0,6.9,162,118,15.1,11.2,0,0.00,1018.4,1004.4
2020-09-05T02:00,17.8,0.00,75,13.4,17.7,0.00,0.00,0.00,0,13,10,8,0,7.6,168,121,15.1,14.8,0,0.00,1017.5,1003.5
2020-09-05T03:00,17.3,0.00,78,13.4,17.2,0.00,0.00,0.00,0,7,0,7,0,8.1,184,135,17.3,16.6,0,0.00,1017.1,1003.1
2020-09-05T04:00,17.3,0.00,77,13.3,17.2,0.00,0.00,0.00,0,14,11,4,0,7.7,194,152,17.8,16.9,0,0.00,1016.6,1002.6
2020-09-05T05:00,17.0,0.00,79,13.4,17.0,0.00,0.00,0.00,1,47,47,0,0,6.8,213,177,17.2,16.9,0,0.00,1016.4,1002.4
2020-09-05T06:00,16.7,0.00,82,13.5,16.9,0.00,0.00,0.00,2,63,59,17,0,6.1,220,177,14.6,15.8,1,0.00,1016.3,1002.3
2020-09-05T07:00,18.3,0.00,75,13.8,18.2,0.00,0.00,0.00,3,99,99,71,0,8.6,215,182,17.1,18.7,1,2479.13,1016.2,1002.3
2020-09-05T08:00,19.3,0.00,70,13.7,19.3,0.00,0.00,0.00,3,100,100,91,0,8.0,239,234,16.3,19.1,1,0.00,1016.5,1002.6
2020-09-05T09:00,20.1,0.00,66,13.4,19.9,0.00,0.00,0.00,3,83,70,65,0,8.6,285,285,12.3,21.2,1,392.28,1017.1,1003.2
2020-09-05T10:00,20.2,0.00,67,14.0,20.1,0.00,0.00,0.00,0,15,4,12,0,9.8,307,306,13.1,23.8,1,3600.00,1017.4,1003.5
2020-09-05T11:00,21.8,0.00,67,15.4,22.0,0.00,0.00,0.00,3,92,0,8,92,12.5,311,309,17.1,33.1,1,3600.00,1017.8,1004.0
2020-09-05T12:00,22.8,0.00,62,15.1,23.0,0.00,0.00,0.00,1,23,0,11,21,10.4,304,304,13.5,31.7,1,3600.00,1017.6,1003.8
2020-09-05T13:00,22.6,0.00,61,14.6,22.6,0.00,0.00,0.00,3,81,0,84,68,11.5,302,302,14.9,42.1,1,3600.00,1017.8,1004.0
2020-09-05T14:00,21.3,0.00,64,14.3,20.7,0.00,0.00,0.00,2,72,0,70,12,13.8,329,327,18.9,35.3,1,3600.00,1017.9,1004.1
2020-09-05T15:00,19.9,0.70,70,14.3,19.4,0.70,0.00,0.00,53,100,97,86,7,12.8,340,338,18.3,34.2,1,1410.39,1018.2,1004.3
2020-09-05T16:00,19.4,0.60,72,14.2,19.6,0.60,0.00,0.00,53,100,91,100,40,8.3,326,326,11.7,32.4,1,524.48,1018.1,1004.2
2020-09-05T17:00,18.7,0.80,83,15.7,19.7,0.80,0.00,0.00,53,99,96,89,0,6.3,254,239,9.3,27.7,1,0.00,1018.0,1004.1
2020-09-05T18:00,18.3,0.30,86,15.8,19.2,0.30,0.00,0.00,51,100,98,82,45,7.2,303,297,12.5,15.8,1,0.00,1018.4,1004.4
2020-09-05T19:00,17.5,0.00,75,13.1,17.8,0.00,0.00,0.00,3,99,0,75,98,4.3,346,336,12.2,15.5,0,0.00,1018.7,1004.7
2020-09-05T20:00,17.8,0.00,70,12.1,17.7,0.00,0.00,0.00,3,96,0,96,8,4.7,12,9,8.5,10.4,0,0.00,1019.0,1005.0
2020-09-05T21:00,17.0,0.00,74,12.3,17.4,0.00,0.00,0.00,3,100,0,100,13,2.2,337,279,2.7,8.6,0,0.00,1019.3,1005.3
2020-09-05T22:00,16.4,0.00,84,13.8,17.2,0.00,0.00,0.00,3,100,0,100,24,3.0,290,284,7.3,7.2,0,0.00,1019.9,1005.8
2020-09-05T23:00,16.3,0.00,85,13.9,17.1,0.00,0.00,0.00,3,97,0,97,23,2.9,347,353,7.8,6.5,0,0.00,1019.8,1005.7
2020-09-06T00:00,16.2,0.00,75,11.9,16.0,0.00,0.00,0.00,3,100,0,100,26,5.2,352,348,13.1,10.4,0,0.00,1019.9,1005.8
2020-09-06T01:00,16.0,0.00,84,13.2,16.5,0.00,0.00,0.00,3,96,2,67,100,3.5,344,336,9.3,16.9,0,0.00,1020.3,1006.2
2020-09-06T02:00,15.5,0.00,87,13.4,16.1,0.00,0.00,0.00,3,100,2,53,100,3.3,336,319,9.8,8.6,0,0.00,1020.2,1006.1
2020-09-06T03:00,15.2,0.00,84,12.4,15.2,0.00,0.00,0.00,3,100,13,92,100,4.7,2,356,12.2,10.4,0,0.00,1020.1,1006.0
2020-09-06T04:00,15.1,0.00,77,11.1,14.6,0.00,0.00,0.00,3,100,0,100,36,5.4,7,356,12.0,11.9,0,0.00,1020.0,1005.9
2020-09-06T05:00,14.7,0.00,76,10.6,14.0,0.00,0.00,0.00,3,96,0,96,21,5.5,2,349,12.2,11.2,0,0.00,1019.8,1005.6
2020-09-06T06:00,14.1,0.00,77,10.2,13.1,0.00,0.00,0.00,2,58,0,57,24,7.0,359,348,14.8,13.7,1,0.00,1019.8,1005.6
2020-09-06T07:00,14.3,0.00,76,10.1,13.1,0.00,0.00,0.00,2,62,43,34,17,7.9,11,360,14.7,15.8,1,969.98,1020.1,1005.9
2020-09-06T08:00,15.2,0.00,70,9.8,14.1,0.00,0.00,0.00,3,95,95,16,4,7.2,8,360,10.5,17.3,1,3600.00,1020.2,1006.1
2020-09-06T09:00,16.4,0.00,61,8.9,15.0,0.00,0.00,0.00,3,98,98,8,4,7.3,356,351,10.1,19.1,1,3600.00,1020.3,1006.2
2020-09-06T10:00,17.4,0.00,50,6.9,15.4,0.00,0.00,0.00,3,99,99,9,2,8.7,347,343,11.4,22.7,1,3600.00,1020.3,1006.3
2020-09-06T11:00,18.0,0.00,47,6.4,15.9,0.00,0.00,0.00,3,99,99,30,0,8.4,343,340,10.9,23.4,1,3600.00,1020.1,1006.1
2020-09-06T12:00,18.3,0.00,44,6.0,16.2,0.00,0.00,0.00,3,100,100,58,0,7.3,342,340,9.4,22.3,1,864.36,1019.7,1005.7
2020-09-06T13:00,19.2,0.00,44,6.7,17.1,0.00,0.00,0.00,3,100,98,95,48,8.5,326,324,10.9,22.3,1,3600.00,1019.2,1005.3
2020-09-06T14:00,18.8,0.00,45,6.6,16.7,0.00,0.00,0.00,3,100,100,100,9,8.5,333,332,11.3,21.2,1,0.00,1019.3,1005.3
2020-09-06T15:00,18.8,0.00,45,6.5,16.5,0.00,0.00,0.00,3,100,100,96,0,9.3,346,347,12.2,21.6,1,0.00,1019.1,1005.1
2020-09-06T16:00,18.4,0.00,45,6.4,16.2,0.00,0.00,0.00,3,99,98,85,0,8.6,2,360,12.6,22.0,1,0.00,1018.8,1004.8
2020-09-06T17:00,18.4,0.00,44,6.0,16.2,0.00,0.00,0.00,2,68,0,68,1,7.9,2,3,12.2,20.5,1,0.00,1018.9,1004.9
2020-09-06T18:00,17.6,0.00,48,6.4,15.8,0.00,0.00,0.00,1,40,0,39,1,5.8,5,4,13.0,18.7,1,1861.66,1019.4,1005.4
2020-09-06T19:00,14.6,0.00,60,6.9,12.7,0.00,0.00,0.00,0,18,6,15,1,7.1,4,15,11.2,13.7,0,646.86,1019.6,1005.4
2020-09-06T20:00,15.5,0.00,50,5.0,13.5,0.00,0.00,0.00,3,88,74,86,0,5.6,360,45,9.0,12.2,0,0.00,1020.0,1005.9
2020-09-06T21:00,13.7,0.00,57,5.2,11.7,0.00,0.00,0.00,0,8,5,4,0,5.5,14,58,10.4,10.4,0,0.00,1020.3,1006.1
2020-09-06T22:00,12.3,0.00,64,5.7,10.4,0.00,0.00,0.00,0,11,0,11,3,5.3,19,62,6.5,9.7,0,0.00,1020.5,1006.2
2020-09-06T23:00,11.3,0.00,70,6.1,9.6,0.00,0.00,0.00,0,18,0,17,8,4.3,354,42,6.9,8.6,0,0.00,1021.2,1006.8
2020-09-07T00:00,10.9,0.00,72,6.1,9.4,0.00,0.00,0.00,0,12,0,12,0,3.4,10,58,8.0,7.9,0,0.00,1021.4,1007.0
2020-09-07T01:00,10.6,0.00,75,6.4,8.7,0.00,0.00,0.00,0,13,0,18,13,6.4,27,52,10.1,7.2,0,0.00,1021.8,1007.4
2020-09-07T02:00,10.5,0.00,72,5.7,8.5,0.00,0.00,0.00,1,45,0,44,8,5.9,27,38,14.2,12.6,0,0.00,1021.9,1007.5
2020-09-07T03:00,11.5,0.00,69,6.1,9.4,0.00,0.00,0.00,1,45,0,44,13,7.4,37,39,17.2,15.1,0,0.00,1021.8,1007.4
2020-09-07T04:00,11.3,0.00,72,6.4,9.4,0.00,0.00,0.00,0,0,0,0,0,6.9,35,39,17.1,15.8,0,0.00,1021.7,1007.3
2020-09-07T05:00,9.7,0.00,80,6.5,7.9,0.00,0.00,0.00,0,0,0,0,0,6.3,16,13,13.5,14.0,0,0.00,1021.7,1007.3
2020-09-07T06:00,10.9,0.00,74,6.5,9.9,0.00,0.00,0.00,0,0,0,0,0,0.7,355,180,4.0,12.2,1,0.00,1022.6,1008.2
2020-09-07T07:00,10.9,0.00,78,7.3,9.3,0.00,0.00,0.00,0,1,0,0,1,5.8,159,158,8.1,11.9,1,2310.54,1023.4,1009.0
2020-09-07T08:00,13.1,0.00,70,7.6,12.3,0.00,0.00,0.00,0,1,0,0,1,0.7,101,90,1.8,11.9,1,3600.00,1023.9,1009.6
2020-09-07T09:00,15.8,0.00,61,8.3,15.2,0.00,0.00,0.00,0,0,0,0,0,0.5,63,45,1.6,10.1,1,3600.00,1024.1,1009.9
2020-09-07T10:00,18.0,0.00,55,8.7,17.3,0.00,0.00,0.00,0,0,0,0,0,2.3,330,309,2.9,12.6,1,3600.00,1024.3,1010.2
2020-09-07T11:00,19.6,0.00,49,8.6,19.1,0.00,0.00,0.00,1,28,0,5,27,4.3,345,336,5.6,16.6,1,3600.00,1024.3,1010.3
2020-09-07T12:00,20.8,0.00,44,8.0,20.1,0.00,0.00,0.00,2,61,0,60,39,4.0,360,350,5.0,16.9,1,3600.00,1023.9,1010.0
2020-09-07T13:00,21.3,0.00,40,7.2,21.2,0.00,0.00,0.00,2,50,0,42,0,1.5,9,346,2.2,15.8,1,3600.00,1023.7,1009.8
2020-09-07T14:00,21.7,0.00,38,6.8,20.7,0.00,0.00,0.00,3,92,0,92,0,2.2,353,351,2.9,11.9,1,3600.00,1023.5,1009.6
2020-09-07T15:00,21.9,0.00,37,6.7,20.6,0.00,0.00,0.00,3,90,0,90,0,3.0,350,346,4.0,12.2,1,3600.00,1023.3,1009.4
2020-09-07T16:00,21.9,0.00,37,6.6,20.6,0.00,0.00,0.00,3,100,0,100,0,2.9,343,330,3.8,12.6,1,3600.00,1023.4,1009.5
2020-09-07T17:00,21.4,0.00,42,7.9,20.3,0.00,0.00,0.00,3,95,0,95,0,3.3,326,319,5.2,10.8,1,3600.00,1023.5,1009.6
2020-09-07T18:00,20.1,0.00,47,8.3,18.8,0.00,0.00,0.00,3,88,0,88,7,5.4,320,312,12.8,11.5,1,3162.74,1023.9,1009.9
2020-09-07T19:00,18.7,0.00,45,6.4,16.7,0.00,0.00,0.00,2,65,0,65,6,7.3,333,327,17.4,15.5,0,0.00,1024.4,1010.4
2020-09-07T20:00,17.4,0.00,49,6.5,15.6,0.00,0.00,0.00,1,21,0,20,4,6.2,1,21,14.0,15.5,0,0.00,1025.0,1010.9
2020-09-07T21:00,16.0,0.00,57,7.4,14.1,0.00,0.00,0.00,0,1,0,1,1,8.2,63,67,15.3,16.2,0,0.00,1025.1,1010.9
2020-09-07T22:00,14.6,0.00,62,7.4,12.6,0.00,0.00,0.00,0,1,0,1,0,8.8,94,81,17.3,17.3,0,0.00,1025.4,1011.2
2020-09-07T23:00,13.7,0.00,64,7.0,11.7,0.00,0.00,0.00,0,1,0,0,1,8.6,104,92,17.5,17.6,0,0.00,1025.8,1011.5
2020-09-08T00:00,12.6,0.00,68,6.9,10.8,0.00,0.00,0.00,0,0,0,0,0,6.6,123,112,16.7,17.3,0,0.00,1026.1,1011.7
2020-09-08T01:00,11.3,0.00,80,7.9,9.9,0.00,0.00,0.00,3,80,18,0,0,6.1,142,118,11.8,13.0,0,0.00,1026.6,1012.2
2020-09-08T02:00,10.8,0.00,78,7.1,9.1,0.00,0.00,0.00,1,20,20,0,0,6.5,130,93,11.8,12.6,0,0.00,1026.5,1012.0
2020-09-08T03:00,10.5,0.00,77,6.7,8.5,0.00,0.00,0.00,1,39,39,0,0,7.7,135,101,13.2,15.1,0,0.00,1026.4,1011.9
2020-09-08T04:00,10.5,0.00,77,6.6,8.5,0.00,0.00,0.00,2,63,63,0,0,8.1,134,103,14.0,15.8,0,0.00,1026.5,1012.0
2020-09-08T05:00,10.4,0.00,78,6.7,8.5,0.00,0.00,0.00,0,0,0,0,0,7.1,134,105,14.5,16.2,0,0.00,1026.4,1011.9
2020-09-08T06:00,9.2,0.00,86,6.9,7.5,0.00,0.00,0.00,0,0,0,0,0,5.6,137,105,12.7,13.7,1,0.00,1026.8,1012.3
2020-09-08T07:00,11.6,0.00,78,7.8,10.1,0.00,0.00,0.00,0,0,0,0,0,6.2,138,111,11.2,10.4,1,2226.13,1027.6,1013.2
2020-09-08T08:00,14.9,0.00,67,8.8,13.7,0.00,0.00,0.00,0,5,5,0,0,6.1,140,135,12.3,15.1,1,3600.00,1027.9,1013.6
2020-09-08T09:00,17.5,0.00,59,9.5,16.6,0.00,0.00,0.00,0,14,14,0,0,5.5,147,148,7.3,15.8,1,3600.00,1028.2,1014.1
2020-09-08T10:00,19.8,0.00,52,9.8,19.0,0.00,0.00,0.00,0,2,2,0,0,5.2,164,168,6.7,17.3,1,3600.00,1028.1,1014.1
2020-09-08T11:00,21.5,0.00,46,9.4,21.2,0.00,0.00,0.00,0,0,0,0,0,4.0,205,207,5.2,17.3,1,3600.00,1028.1,1014.1
2020-09-08T12:00,22.5,0.00,41,8.7,22.5,0.00,0.00,0.00,0,0,0,0,0,3.8,219,221,4.6,15.8,1,3600.00,1027.7,1013.8
2020-09-08T13:00,23.3,0.00,39,8.7,23.2,0.00,0.00,0.00,1,23,25,0,0,5.2,196,196,6.4,15.8,1,3600.00,1026.8,1012.9
2020-09-08T14:00,23.7,0.00,38,8.7,23.4,0.00,0.00,0.00,0,0,0,0,0,5.4,216,217,6.7,17.6,1,3600.00,1026.5,1012.7
2020-09-08T15:00,24.0,0.00,37,8.3,23.0,0.00,0.00,0.00,0,0,0,0,0,5.6,223,225,7.4,17.6,1,3600.00,1026.1,1012.3
2020-09-08T16:00,24.0,0.00,36,7.9,22.7,0.00,0.00,0.00,0,0,0,0,0,5.1,225,225,6.6,17.3,1,3600.00,1025.8,1012.0
2020-09-08T17:00,23.7,0.00,39,8.8,22.9,0.00,0.00,0.00,0,0,0,0,0,3.4,203,198,4.7,14.0,1,3600.00,1025.4,1011.6
2020-09-08T18:00,21.6,0.00,63,14.2,22.4,0.00,0.00,0.00,0,0,0,0,0,3.9,138,112,5.4,8.6,1,3600.00,1025.3,1011.4
2020-09-08T19:00,18.5,0.00,56,9.6,17.4,0.00,0.00,0.00,0,0,0,0,0,6.3,119,103,7.4,10.4,0,928.24,1025.3,1011.2
2020-09-08T20:00,18.2,0.00,54,8.7,16.9,0.00,0.00,0.00,0,0,0,0,0,6.5,133,109,11.7,12.6,0,0.00,1025.7,1011.6
2020-09-08T21:00,17.0,0.00,57,8.3,15.7,0.00,0.00,0.00,0,0,0,0,0,6.3,148,114,13.1,13.0,0,0.00,1025.9,1011.8
2020-09-08T22:00,16.2,0.00,59,8.3,14.8,0.00,0.00,0.00,0,0,0,0,0,6.6,169,131,15.0,12.2,0,0.00,1026.0,1011.8
2020-09-08T23:00,15.8,0.00,63,8.7,14.4,0.00,0.00,0.00,0,0,0,0,0,7.0,167,125,16.2,13.7,0,0.00,1026.1,1011.9
2020-09-09T00:00,15.1,0.00,67,9.0,13.9,0.00,0.00,0.00,0,0,0,0,0,5.8,162,112,14.0,14.0,0,0.00,1025.7,1011.5
2020-09-09T01:00,14.1,0.00,74,9.6,13.2,0.00,0.00,0.00,0,0,0,0,0,5.7,152,108,12.2,11.5,0,0.00,1025.5,1011.2
2020-09-09T02:00,13.3,0.00,79,9.7,12.1,0.00,0.00,0.00,0,0,0,0,0,7.2,143,108,14.4,13.7,0,0.00,1025.4,1011.1
2020-09-09T03:00,13.0,0.00,81,9.7,11.9,0.00,0.00,0.00,0,0,0,0,0,7.0,140,102,13.6,13.7,0,0.00,1024.9,1010.6
2020-09-09T04:00,12.6,0.00,83,9.7,11.4,0.00,0.00,0.00,0,0,0,0,0,7.8,145,112,14.0,14.8,0,0.00,1024.7,1010.4
2020-09-09T05:00,12.1,0.00,85,9.7,10.8,0.00,0.00,0.00,0,0,0,0,0,8.9,150,117,15.0,17.3,0,0.00,1024.4,1010.0
2020-09-09T06:00,11.6,0.00,88,9.7,10.4,0.00,0.00,0.00,0,0,0,0,0,8.1,160,122,15.7,16.9,1,0.00,1024.1,1009.7
2020-09-09T07:00,13.5,0.00,81,10.3,12.3,0.00,0.00,0.00,0,0,0,0,0,8.8,167,125,14.4,16.9,1,2141.64,1024.2,1009.9
2020-09-09T08:00,16.6,0.00,70,11.2,16.0,0.00,0.00,0.00,0,0,0,0,0,6.9,173,152,11.6,16.9,1,3600.00,1023.9,1009.8
2020-09-09T09:00,18.9,0.00,63,11.6,18.4,0.00,0.00,0.00,0,0,0,0,0,6.8,182,180,9.0,19.1,1,3600.00,1023.9,1009.9
2020-09-09T10:00,20.9,0.00,56,11.7,20.5,0.00,0.00,0.00,0,0,0,0,0,6.4,198,196,8.3,19.4,1,3600.00,1023.9,1010.0
2020-09-09T11:00,22.9,0.00,48,11.3,22.8,0.00,0.00,0.00,0,0,0,0,0,6.3,212,211,8.1,19.8,1,3600.00,1023.4,1009.6
2020-09-09T12:00,24.4,0.00,41,10.4,24.6,0.00,0.00,0.00,0,0,0,0,0,6.1,232,230,8.2,19.8,1,3600.00,1022.7,1009.0
2020-09-09T13:00,25.4,0.00,37,9.9,25.6,0.00,0.00,0.00,0,0,0,0,0,6.0,253,253,7.5,19.8,1,3600.00,1022.1,1008.4
2020-09-09T14:00,25.6,0.00,37,9.9,25.7,0.00,0.00,0.00,0,0,0,0,0,5.4,249,250,7.0,19.1,1,3600.00,1021.4,1007.7
2020-09-09T15:00,26.1,0.00,36,9.9,25.7,0.00,0.00,0.00,0,0,0,0,0,4.5,220,209,6.1,17.3,1,3600.00,1020.6,1007.0
2020-09-09T16:00,26.3,0.00,36,9.9,25.7,0.00,0.00,0.00,0,0,0,0,0,4.0,248,243,5.8,14.8,1,3600.00,1019.9,1006.3
2020-09-09T17:00,26.1,0.00,41,11.9,26.3,0.00,0.00,0.00,1,20,0,20,1,3.0,205,194,5.2,12.2,1,3600.00,1019.3,1005.7
2020-09-09T18:00,23.8,0.00,56,14.4,24.5,0.00,0.00,0.00,2,59,0,57,22,5.2,311,304,12.5,9.0,1,3600.00,1019.5,1005.8
2020-09-09T19:00,22.3,0.00,63,14.8,23.0,0.00,0.00,0.00,1,49,0,39,45,6.4,330,322,17.1,16.9,0,192.90,1019.9,1006.1
2020-09-09T20:00,22.9,0.00,60,14.7,23.7,0.00,0.00,0.00,2,51,0,50,15,4.7,330,337,7.9,14.0,0,0.00,1020.2,1006.4
2020-09-09T21:00,20.0,0.00,76,15.5,21.0,0.00,0.00,0.00,1,34,0,32,20,5.4,289,266,8.8,10.1,0,0.00,1020.2,1006.3
2020-09-09T22:00,18.9,0.00,78,15.0,19.7,0.00,0.00,0.00,1,26,0,18,24,6.2,277,260,12.7,11.2,0,0.00,1020.6,1006.6
2020-09-09T23:00,18.6,0.00,79,14.9,19.5,0.00,0.00,0.00,1,29,0,7,28,5.1,309,309,13.8,11.5,0,0.00,1020.6,1006.6
2020-09-10T00:00,18.1,0.00,81,14.8,19.0,0.00,0.00,0.00,1,41,0,6,40,5.2,337,335,14.5,11.2,0,0.00,1020.8,1006.8
2020-09-10T01:00,18.7,0.00,80,15.1,19.5,0.00,0.00,0.00,1,47,7,57,27,6.1,348,315,10.3,13.3,0,0.00,1021.0,1007.0
2020-09-10T02:00,17.7,0.00,85,15.2,18.6,0.00,0.00,0.00,2,64,1,60,31,5.6,352,333,12.7,12.2,0,0.00,1021.1,1007.1
2020-09-10T03:00,17.5,0.00,87,15.2,18.4,0.00,0.00,0.00,3,100,0,97,100,5.4,346,312,10.7,11.5,0,0.00,1021.2,1007.2
2020-09-10T04:00,18.2,0.00,83,15.2,19.3,0.00,0.00,0.00,3,82,0,80,38,4.4,333,305,11.3,10.4,0,0.00,1021.3,1007.3
2020-09-10T05:00,18.1,0.00,83,15.2,18.8,0.00,0.00,0.00,2,65,0,58,58,7.1,339,330,15.0,13.7,0,0.00,1021.1,1007.1
2020-09-10T06:00,17.6,0.00,88,15.5,18.3,0.00,0.00,0.00,3,96,46,90,86,8.0,2,352,17.7,16.9,1,0.00,1020.9,1006.9
2020-09-10T07:00,18.3,0.10,85,15.8,19.0,0.10,0.00,0.00,51,100,84,100,100,9.0,10,360,16.5,18.0,1,0.00,1021.1,1007.1
2020-09-10T08:00,18.6,0.20,85,15.9,19.4,0.20,0.00,0.00,51,100,84,100,100,8.0,8,355,13.4,18.4,1,0.00,1021.3,1007.3
2020-09-10T09:00,18.6,0.40,82,15.5,19.0,0.40,0.00,0.00,51,100,84,100,100,9.8,359,354,14.4,20.9,1,0.00,1021.8,1007.8
2020-09-10T10:00,18.2,0.60,86,15.8,19.1,0.60,0.00,0.00,53,100,87,100,100,7.6,9,360,13.5,20.9,1,0.00,1021.9,1007.9
2020-09-10T11:00,18.8,0.80,82,15.6,19.7,0.80,0.00,0.00,53,100,91,100,100,6.9,17,9,10.9,17.3,1,0.00,1022.2,1008.2
2020-09-10T12:00,19.0,0.60,79,15.2,20.0,0.60,0.00,0.00,53,100,82,100,97,4.9,29,17,8.2,15.1,1,0.00,1021.7,1007.7
2020-09-10T13:00,18.4,0.10,77,14.2,18.8,0.10,0.00,0.00,51,100,91,47,17,6.6,29,22,9.5,13.0,1,0.00,1021.7,1007.7
2020-09-10T14:00,20.9,0.00,64,13.8,21.4,0.00,0.00,0.00,2,62,60,6,0,5.4,57,53,7.3,20.5,1,3600.00,1020.9,1007.0
2020-09-10T15:00,21.8,0.00,59,13.4,22.2,0.00,0.00,0.00,0,6,1,5,0,4.9,41,36,6.6,18.4,1,3600.00,1020.0,1006.2
2020-09-10T16:00,22.3,0.00,55,12.9,22.5,0.00,0.00,0.00,0,4,0,3,0,5.0,6,360,6.9,16.6,1,3600.00,1019.3,1005.5
2020-09-10T17:00,22.3,0.00,54,12.6,22.5,0.00,0.00,0.00,1,42,38,7,0,4.3,4,355,5.4,15.5,1,3600.00,1018.8,1005.0
2020-09-10T18:00,21.0,0.00,71,15.5,22.4,0.00,0.00,0.00,2,51,48,6,0,3.3,4,347,5.4,11.2,1,3600.00,1018.2,1004.4
2020-09-10T19:00,19.4,0.00,65,12.7,19.4,0.00,0.00,0.00,1,47,41,10,4,5.5,357,349,6.1,8.3,0,103.03,1018.0,1004.1
2020-09-10T20:00,17.5,0.00,74,12.9,17.8,0.00,0.00,0.00,2,60,51,19,8,4.5,35,61,4.4,7.9,0,0.00,1018.3,1004.3
2020-09-10T21:00,17.5,0.00,74,12.9,17.6,0.00,0.00,0.00,1,47,32,21,15,5.5,85,79,7.6,10.8,0,0.00,1018.4,1004.4
2020-09-10T22:00,16.5,0.00,80,13.0,16.7,0.00,0.00,0.00,1,41,18,25,21,5.4,111,86,10.0,12.2,0,0.00,1018.4,1004.3
2020-09-10T23:00,15.7,0.00,83,12.8,16.1,0.00,0.00,0.00,1,32,8,23,20,3.8,114,73,7.1,10.8,0,0.00,1018.5,1004.4
2020-09-11T00:00,15.0,0.00,86,12.6,15.4,0.00,0.00,0.00,1,34,5,28,20,2.3,63,51,2.4,7.9,0,0.00,1018.3,1004.2
2020-09-11T01:00,16.0,0.00,74,11.5,15.5,0.00,0.00,0.00,1,30,19,58,3,6.9,59,39,10.5,5.8,0,0.00,1017.9,1003.8
2020-09-11T02:00,16.2,0.00,71,10.9,15.9,0.00,0.00,0.00,2,61,0,61,0,4.2,84,70,10.1,10.1,0,0.00,1017.6,1003.5
2020-09-11T03:00,15.4,0.00,77,11.4,15.0,0.00,0.00,0.00,1,42,0,42,0,5.1,99,86,8.8,8.6,0,0.00,1017.4,1003.3
2020-09-11T04:00,15.0,0.00,79,11.4,14.7,0.00,0.00,0.00,3,100,0,100,5,4.3,118,114,6.9,8.3,0,0.00,1017.3,1003.2
2020-09-11T05:00,15.4,0.00,76,11.2,15.1,0.00,0.00,0.00,3,96,0,96,13,4.2,121,110,9.2,8.3,0,0.00,1017.2,1003.1
2020-09-11T06:00,15.0,0.00,84,12.3,15.1,0.00,0.00,0.00,3,80,0,79,18,3.8,97,49,5.8,8.3,1,0.00,1017.0,1002.9
2020-09-11T07:00,15.9,0.00,78,12.1,15.6,0.00,0.00,0.00,3,88,0,87,22,6.3,353,347,8.7,11.5,1,532.31,1017.4,1003.3
2020-09-11T08:00,17.6,0.00,69,11.8,17.4,0.00,0.00,0.00,3,100,0,100,20,5.2,352,348,8.0,13.7,1,1112.77,1017.8,1003.8
2020-09-11T09:00,18.7,0.00,65,12.0,18.6,0.00,0.00,0.00,3,94,0,93,34,4.9,351,343,6.6,13.3,1,1493.90,1017.9,1004.0
2020-09-11T10:00,20.4,0.00,59,12.2,20.1,0.00,0.00,0.00,1,30,0,29,1,6.6,339,331,8.9,18.4,1,3600.00,1017.9,1004.0
2020-09-11T11:00,22.5,0.00,50,11.4,21.9,0.00,0.00,0.00,0,11,0,11,0,6.8,342,335,9.1,20.2,1,3600.00,1017.9,1004.1
2020-09-11T12:00,23.9,0.00,40,9.5,23.6,0.00,0.00,0.00,0,10,0,10,0,4.8,339,333,6.2,20.2,1,3600.00,1017.4,1003.7
2020-09-11T13:00,24.9,0.00,43,11.6,25.3,0.00,0.00,0.00,0,7,0,7,2,5.6,351,345,6.9,16.9,1,3600.00,1017.0,1003.4
2020-09-11T14:00,25.4,0.00,42,11.7,25.7,0.00,0.00,0.00,0,6,0,6,0,4.8,342,333,5.7,18.4,1,3600.00,1016.5,1002.9
2020-09-11T15:00,25.7,0.00,42,11.7,25.7,0.00,0.00,0.00,0,2,0,2,0,4.3,318,312,5.4,16.2,1,3600.00,1016.2,1002.6
2020-09-11T16:00,25.5,0.00,42,11.6,25.1,0.00,0.00,0.00,0,1,0,1,0,5.5,305,302,7.0,15.1,1,3600.00,1015.9,1002.3
2020-09-11T17:00,24.8,0.00,44,11.6,24.3,0.00,0.00,0.00,0,0,0,0,0,6.1,316,315,9.9,15.5,1,3600.00,1015.9,1002.3
2020-09-11T18:00,22.6,0.00,51,11.8,22.2,0.00,0.00,0.00,0,10,0,9,5,6.4,336,333,16.1,15.8,1,3600.00,1016.3,1002.6
2020-09-11T19:00,20.6,0.00,51,10.0,19.5,0.00,0.00,0.00,0,14,0,13,8,7.4,3,14,18.0,15.1,0,273.41,1016.4,1002.6
2020-09-11T20:00,19.5,0.00,55,10.2,18.5,0.00,0.00,0.00,0,14,0,13,4,6.8,39,58,15.3,14.8,0,0.00,1016.8,1002.9
2020-09-11T21:00,19.0,0.00,56,10.0,17.8,0.00,0.00,0.00,0,13,0,11,7,8.7,64,73,18.4,16.6,0,0.00,1017.0,1003.1
2020-09-11T22:00,18.4,0.00,57,9.8,17.0,0.00,0.00,0.00,0,9,0,8,6,9.1,74,81,17.2,17.3,0,0.00,1017.0,1003.1
2020-09-11T23:00,17.6,0.00,60,9.7,16.2,0.00,0.00,0.00,0,0,0,0,0,9.0,91,90,15.5,18.0,0,0.00,1017.1,1003.1
2020-09-12T00:00,16.8,0.00,63,9.6,15.4,0.00,0.00,0.00,0,1,0,1,1,8.4,105,100,18.3,18.4,0,0.00,1017.3,1003.3
2020-09-12T01:00,15.9,0.00,70,10.5,15.2,0.00,0.00,0.00,0,14,0,15,15,5.9,96,76,10.1,16.6,0,0.00,1017.6,1003.5
2020-09-12T02:00,15.1,0.00,73,10.2,14.5,0.00,0.00,0.00,3,97,0,97,21,4.0,93,63,7.9,10.1,0,0.00,1017.8,1003.7
2020-09-12T03:00,15.8,0.00,70,10.4,15.4,0.00,0.00,0.00,3,100,0,95,100,3.2,78,63,5.2,7.6,0,0.00,1018.0,1003.9
2020-09-12T04:00,16.0,0.00,70,10.6,15.6,0.00,0.00,0.00,3,99,0,99,96,4.4,81,81,6.6,9.0,0,0.00,1017.8,1003.7
2020-09-12T05:00,16.3,0.00,70,10.8,15.9,0.00,0.00,0.00,3,86,0,69,85,4.5,99,104,6.9,9.4,0,0.00,1017.9,1003.8
2020-09-12T06:00,15.9,0.00,73,11.0,15.4,0.00,0.00,0.00,1,32,0,30,26,5.3,118,118,9.8,10.1,1,0.00,1018.2,1004.1
2020-09-12T07:00,16.5,0.00,73,11.7,15.9,0.00,0.00,0.00,0,2,0,2,0,7.1,124,114,13.0,13.0,1,1743.13,1018.5,1004.4
2020-09-12T08:00,18.8,0.00,71,13.4,19.1,0.00,0.00,0.00,0,5,0,5,4,5.0,124,120,9.6,14.4,1,3600.00,1018.8,1004.8
2020-09-12T09:00,20.9,0.00,69,15.0,22.0,0.00,0.00,0.00,0,11,0,3,11,3.9,152,158,5.3,14.0,1,3600.00,1019.3,1005.4
2020-09-12T10:00,22.6,0.00,65,15.7,24.0,0.00,0.00,0.00,0,15,0,1,15,3.8,189,197,4.4,14.8,1,3600.00,1019.7,1005.9
2020-09-12T11:00,24.3,0.00,60,16.0,25.8,0.00,0.00,0.00,0,11,0,1,11,3.9,198,202,4.6,15.5,1,3600.00,1019.7,1006.0
2020-09-12T12:00,25.6,0.00,53,15.3,27.5,0.00,0.00,0.00,0,6,0,0,6,3.3,228,229,4.3,15.5,1,3600.00,1019.4,1005.8
2020-09-12T13:00,26.2,0.00,42,12.5,27.1,0.00,0.00,0.00,0,7,8,5,2,4.4,259,261,5.5,17.6,1,3600.00,1019.7,1006.1
2020-09-12T14:00,26.6,0.00,42,12.6,27.3,0.00,0.00,0.00,0,2,0,2,0,5.1,257,262,6.6,17.3,1,3600.00,1019.5,1005.9
2020-09-12T15:00,26.9,0.00,42,12.8,27.4,0.00,0.00,0.00,0,1,0,1,0,3.4,247,252,4.7,16.9,1,3600.00,1019.4,1005.8
2020-09-12T16:00,27.1,0.00,41,12.6,27.8,0.00,0.00,0.00,0,1,0,1,0,0.7,225,270,1.5,13.0,1,3600.00,1019.2,1005.6
2020-09-12T17:00,27.1,0.00,42,13.2,27.6,0.00,0.00,0.00,0,1,0,1,0,3.6,141,135,5.1,8.3,1,3600.00,1019.0,1005.4
2020-09-12T18:00,24.1,0.00,57,15.0,25.0,0.00,0.00,0.00,0,2,0,2,0,5.1,152,135,13.0,10.1,1,3600.00,1019.4,1005.7
2020-09-12T19:00,22.4,0.00,53,12.5,22.0,0.00,0.00,0.00,0,16,0,16,0,8.4,166,137,18.2,16.6,0,183.66,1020.2,1006.4
2020-09-12T20:00,20.9,0.00,57,12.0,20.5,0.00,0.00,0.00,0,14,0,14,1,6.4,193,153,15.9,17.6,0,0.00,1021.0,1007.1
2020-09-12T21:00,20.8,0.00,57,11.8,20.5,0.00,0.00,0.00,0,0,0,0,0,6.0,207,155,10.9,11.9,0,0.00,1021.5,1007.6
2020-09-12T22:00,20.1,0.00,60,12.1,20.2,0.00,0.00,0.00,0,0,0,0,0,3.3,270,186,7.6,12.2,0,0.00,1022.3,1008.4
2020-09-12T23:00,18.0,0.00,69,12.2,17.6,0.00,0.00,0.00,0,0,0,0,0,7.3,359,351,19.1,14.4,0,0.00,1023.0,1009.0
2020-09-13T00:00,17.6,0.00,72,12.4,16.9,0.00,0.00,0.00,1,37,37,0,0,9.8,7,354,22.1,19.8,0,0.00,1023.5,1009.4
2020-09-13T01:00,15.4,0.00,84,12.6,14.9,0.00,0.00,0.00,2,65,83,0,0,8.5,3,348,12.3,20.2,0,0.00,1023.5,1009.3
2020-09-13T02:00,15.4,0.00,83,12.6,15.4,0.00,0.00,0.00,3,85,85,0,0,5.3,35,28,13.2,13.0,0,0.00,1023.8,1009.6
2020-09-13T03:00,14.3,0.00,90,12.7,14.4,0.00,0.00,0.00,3,82,82,0,0,5.0,8,360,9.8,10.1,0,0.00,1024.4,1010.2
2020-09-13T04:00,13.6,0.00,93,12.5,13.5,0.00,0.00,0.00,3,85,85,0,0,5.9,24,47,7.1,9.0,0,0.00,1024.4,1010.1
2020-09-13T05:00,13.2,0.00,93,12.1,13.0,0.00,0.00,0.00,2,70,70,0,0,5.6,110,105,4.2,7.9,0,0.00,1024.5,1010.2
2020-09-13T06:00,12.6,0.00,95,11.7,12.4,0.00,0.00,0.00,1,40,40,0,0,4.9,138,107,4.3,7.9,1,0.00,1024.9,1010.6
2020-09-13T07:00,14.5,0.00,89,12.7,14.8,0.00,0.00,0.00,0,19,19,0,0,3.8,40,73,2.8,7.6,1,1801.54,1025.7,1011.4
2020-09-13T08:00,17.0,0.00,80,13.5,17.7,0.00,0.00,0.00,2,57,57,0,0,2.3,49,72,3.8,10.1,1,3600.00,1026.0,1011.9
2020-09-13T09:00,19.4,0.00,71,14.1,20.7,0.00,0.00,0.00,2,52,52,0,0,0.4,18,360,1.1,10.1,1,3600.00,1026.4,1012.4
2020-09-13T10:00,21.6,0.00,64,14.4,22.7,0.00,0.00,0.00,2,54,54,0,0,1.8,321,307,2.3,12.2,1,3600.00,1026.8,1012.9
2020-09-13T11:00,23.7,0.00,56,14.4,25.0,0.00,0.00,0.00,0,19,19,0,0,3.1,323,315,3.6,14.4,1,3600.00,1026.8,1013.0
2020-09-13T12:00,25.4,0.00,50,14.1,27.1,0.00,0.00,0.00,0,0,0,0,0,2.1,310,301,2.8,14.4,1,3600.00,1026.3,1012.6
2020-09-13T13:00,26.4,0.00,44,13.3,28.1,0.00,0.00,0.00,1,42,72,0,0,1.5,281,284,1.8,13.3,1,3600.00,1026.0,1012.3
2020-09-13T14:00,27.4,0.00,41,13.1,28.9,0.00,0.00,0.00,3,86,86,0,0,0.7,297,270,0.8,11.9,1,3600.00,1025.6,1012.0
2020-09-13T15:00,27.9,0.00,38,12.4,28.5,0.00,0.00,0.00,3,80,80,0,0,1.3,143,146,1.8,10.4,1,3600.00,1025.2,1011.6
2020-09-13T16:00,28.0,0.00,37,12.1,28.1,0.00,0.00,0.00,3,95,95,0,0,3.3,125,131,4.4,10.4,1,3600.00,1025.0,1011.4
2020-09-13T17:00,27.2,0.00,45,14.2,28.0,0.00,0.00,0.00,3,94,94,0,0,3.6,123,127,7.3,10.8,1,3600.00,1024.8,1011.2
2020-09-13T18:00,24.0,0.00,62,16.2,25.2,0.00,0.00,0.00,3,88,88,0,0,6.5,117,109,10.1,9.7,1,3600.00,1024.6,1010.8
2020-09-13T19:00,21.3,0.00,57,12.4,21.1,0.00,0.00,0.00,3,92,92,0,0,6.6,102,81,12.5,12.2,0,0.00,1024.7,1010.8
2020-09-13T20:00,20.6,0.00,58,12.1,20.2,0.00,0.00,0.00,2,71,71,0,0,6.8,93,72,14.8,13.7,0,0.00,1025.2,1011.2
2020-09-13T21:00,19.1,0.00,63,11.8,18.5,0.00,0.00,0.00,2,64,64,0,0,7.9,96,74,14.5,15.5,0,0.00,1025.5,1011.5
2020-09-13T22:00,18.9,0.00,63,11.7,18.2,0.00,0.00,0.00,3,84,84,0,0,8.5,97,78,15.6,16.9,0,0.00,1025.7,1011.7
2020-09-13T23:00,19.4,0.00,60,11.6,18.4,0.00,0.00,0.00,3,85,85,0,0,10.1,98,94,22.6,20.5,0,0.00,1026.0,1012.0
2020-09-14T00:00,19.2,0.00,62,11.8,18.2,0.00,0.00,0.00,3,87,87,0,0,10.1,111,107,23.9,20.9,0,0.00,1025.9,1011.9
2020-09-14T01:00,18.9,0.00,69,13.0,18.3,0.00,0.00,0.00,3,93,92,0,0,11.0,116,109,24.0,21.6,0,0.00,1025.9,1011.9
2020-09-14T02:00,18.0,0.00,75,13.4,17.4,0.00,0.00,0.00,3,95,95,0,0,11.6,115,106,25.0,23.8,0,0.00,1026.0,1011.9
2020-09-14T03:00,17.7,0.00,77,13.7,17.1,0.00,0.00,0.00,3,92,92,0,0,12.6,112,103,26.0,25.6,0,0.00,1025.9,1011.8
2020-09-14T04:00,17.3,0.00,80,13.7,16.7,0.00,0.00,0.00,3,93,93,0,0,12.1,111,100,24.6,25.9,0,0.00,1025.8,1011.7
2020-09-14T05:00,16.7,0.00,83,13.7,16.2,0.00,0.00,0.00,3,84,84,0,0,11.7,107,99,23.7,24.8,0,0.00,1025.7,1011.6
2020-09-14T06:00,16.1,0.00,85,13.7,15.7,0.00,0.00,0.00,3,90,90,0,0,10.9,104,99,23.1,23.8,0,0.00,1025.3,1011.1
2020-09-14T07:00,17.2,0.00,81,13.9,16.8,0.00,0.00,0.00,3,86,86,0,0,11.4,105,103,23.5,23.8,1,1671.97,1025.6,1011.5
2020-09-14T08:00,19.7,0.00,72,14.5,19.6,0.00,0.00,0.00,0,4,4,0,0,10.5,107,106,19.6,24.5,1,3600.00,1025.8,1011.8
2020-09-14T09:00,21.9,0.00,64,14.9,22.0,0.00,0.00,0.00,0,11,11,0,0,10.7,110,110,15.7,26.3,1,3600.00,1025.8,1011.9
2020-09-14T10:00,24.1,0.00,57,15.1,24.3,0.00,0.00,0.00,1,27,27,0,0,10.4,110,110,14.6,26.6,1,3600.00,1025.8,1012.0
2020-09-14T11:00,25.9,0.00,53,15.5,26.6,0.00,0.00,0.00,1,46,46,0,0,9.8,112,114,13.6,26.6,1,3600.00,1025.4,1011.7
2020-09-14T12:00,27.5,0.00,48,15.4,28.7,0.00,0.00,0.00,2,77,77,0,0,9.0,114,113,12.6,25.9,1,3600.00,1024.9,1011.3
2020-09-14T13:00,28.8,0.00,42,14.5,29.8,0.00,0.00,0.00,3,84,90,0,0,8.2,114,113,10.6,24.8,1,3600.00,1024.5,1010.9
2020-09-14T14:00,29.5,0.00,39,14.1,30.3,0.00,0.00,0.00,3,89,89,0,0,7.3,109,110,9.9,22.0,1,3600.00,1023.9,1010.4
2020-09-14T15:00,29.9,0.00,38,13.9,30.0,0.00,0.00,0.00,3,83,83,0,0,7.4,105,104,10.0,20.2,1,3600.00,1023.3,1009.8
2020-09-14T16:00,29.8,0.00,38,13.8,29.9,0.00,0.00,0.00,2,77,77,0,0,7.3,101,101,11.0,19.1,1,3600.00,1022.5,1009.0
2020-09-14T17:00,28.8,0.00,44,15.3,29.7,0.00,0.00,0.00,2,54,54,0,0,5.7,107,108,12.4,18.0,1,3600.00,1022.1,1008.6
2020-09-14T18:00,25.6,0.00,57,16.4,27.0,0.00,0.00,0.00,2,54,54,0,0,5.7,115,108,14.3,14.0,1,3600.00,1021.9,1008.2
2020-09-14T19:00,23.6,0.00,59,15.0,24.3,0.00,0.00,0.00,1,48,48,0,0,6.9,118,99,17.9,14.8,0,0.00,1021.8,1008.0
2020-09-14T20:00,22.9,0.00,60,14.7,23.1,0.00,0.00,0.00,2,68,68,0,0,9.7,111,92,23.1,20.2,0,0.00,1021.9,1008.1
2020-09-14T21:00,22.4,0.00,62,14.7,22.4,0.00,0.00,0.00,3,83,83,0,0,10.5,109,96,24.8,22.0,0,0.00,1022.1,1008.3
2020-09-14T22:00,21.6,0.00,65,14.7,21.6,0.00,0.00,0.00,3,84,84,0,0,11.0,115,101,24.2,22.7,0,0.00,1022.2,1008.3
2020-09-14T23:00,20.7,0.00,69,14.8,20.6,0.00,0.00,0.00,3,87,87,0,0,11.4,115,101,23.8,23.0,0,0.00,1022.1,1008.2
2020-09-15T00:00,20.2,0.00,71,14.7,20.0,0.00,0.00,0.00,3,87,87,0,0,12.1,112,102,24.5,24.5,0,0.00,1021.9,1008.0
2020-09-15T01:00,19.6,0.00,75,15.0,19.7,0.00,0.00,0.00,3,84,71,0,0,10.7,110,102,23.3,24.5,0,0.00,1021.8,1007.8
2020-09-15T02:00,17.7,0.00,83,14.8,18.2,0.00,0.00,0.00,2,74,74,0,0,7.3,107,101,18.8,21.6,0,0.00,1021.7,1007.7
2020-09-15T03:00,17.2,0.00,85,14.6,17.5,0.00,0.00,0.00,2,74,74,0,0,8.0,107,100,19.6,16.2,0,0.00,1021.5,1007.4
2020-09-15T04:00,16.6,0.00,87,14.4,16.9,0.00,0.00,0.00,2,60,60,0,0,7.8,110,103,19.1,16.9,0,0.00,1021.4,1007.3
2020-09-15T05:00,15.8,0.00,90,14.1,16.3,0.00,0.00,0.00,2,79,79,0,0,5.8,108,97,15.1,15.8,0,0.00,1021.4,1007.3
2020-09-15T06:00,15.7,0.00,90,14.0,16.0,0.00,0.00,0.00,1,40,40,0,0,6.2,109,100,13.3,11.9,0,0.00,1021.3,1007.2
2020-09-15T07:00,16.6,0.00,86,14.2,16.9,0.00,0.00,0.00,0,9,9,0,0,7.8,112,103,13.2,14.4,1,1142.61,1021.5,1007.4
2020-09-15T08:00,18.9,0.00,78,14.9,19.7,0.00,0.00,0.00,0,2,2,0,0,5.3,116,118,10.0,14.8,1,3600.00,1021.7,1007.7
2020-09-15T09:00,21.3,0.00,71,15.7,22.6,0.00,0.00,0.00,0,16,16,0,0,4.1,130,135,5.6,14.4,1,3600.00,1021.9,1008.0
2020-09-15T10:00,23.3,0.00,65,16.3,24.9,0.00,0.00,0.00,1,38,38,0,0,3.9,153,158,4.8,15.1,1,3600.00,1021.9,1008.1
2020-09-15T11:00,25.2,0.00,59,16.6,27.2,0.00,0.00,0.00,1,47,47,0,0,3.3,180,186,4.0,15.1,1,3600.00,1021.7,1008.0
2020-09-15T12:00,26.8,0.00,54,16.6,29.2,0.00,0.00,0.00,2,50,50,0,0,3.2,204,207,3.5,15.1,1,3600.00,1021.2,1007.6
2020-09-15T13:00,28.3,0.00,44,14.9,30.3,0.00,0.00,0.00,1,47,39,0,0,2.2,286,279,2.6,14.8,1,3600.00,1020.4,1006.9
2020-09-15T14:00,29.0,0.00,41,14.3,30.7,0.00,0.00,0.00,1,40,40,0,0,2.2,278,270,2.5,12.6,1,3600.00,1019.8,1006.3
2020-09-15T15:00,29.4,0.00,38,13.7,30.3,0.00,0.00,0.00,0,0,0,0,0,2.5,283,278,3.3,11.9,1,3600.00,1019.2,1005.7
2020-09-15T16:00,29.5,0.00,38,13.5,30.0,0.00,0.00,0.00,0,0,0,0,0,3.5,302,294,4.7,11.5,1,3600.00,1018.6,1005.1
2020-09-15T17:00,28.7,0.00,45,15.7,30.2,0.00,0.00,0.00,0,0,0,0,0,3.3,315,311,6.6,10.8,1,3600.00,1018.3,1004.8
2020-09-15T18:00,25.5,0.00,62,17.8,27.2,0.00,0.00,0.00,0,0,0,0,0,7.1,328,330,9.4,10.4,1,3600.00,1018.3,1004.7
2020-09-15T19:00,22.7,0.00,57,13.8,22.9,0.00,0.00,0.00,0,0,0,0,0,7.2,360,27,11.2,13.0,0,1.63,1018.4,1004.6
2020-09-15T20:00,22.1,0.00,59,13.7,22.4,0.00,0.00,0.00,0,0,0,0,0,5.5,24,58,10.6,12.2,0,0.00,1018.5,1004.7
2020-09-15T21:00,20.5,0.00,66,13.9,20.7,0.00,0.00,0.00,0,0,0,0,0,7.0,44,69,12.0,14.0,0,0.00,1018.6,1004.7
2020-09-15T22:00,19.2,0.00,70,13.5,19.4,0.00,0.00,0.00,0,10,10,0,0,6.6,63,77,10.1,14.4,0,0.00,1018.9,1005.0
2020-09-15T23:00,18.1,0.00,75,13.7,18.5,0.00,0.00,0.00,0,14,14,0,0,5.4,77,86,6.3,13.0,0,0.00,1019.1,1005.1
2020-09-16T00:00,17.3,0.00,81,14.0,17.9,0.00,0.00,0.00,1,26,26,0,0,4.3,110,90,4.2,11.2,0,0.00,1019.1,1005.1
2020-09-16T01:00,17.6,0.00,80,14.1,18.3,0.00,0.00,0.00,1,39,10,0,0,4.3,90,85,3.6,9.7,0,0.00,1018.9,1004.9
2020-09-16T02:00,16.1,0.00,86,13.8,16.6,0.00,0.00,0.00,1,43,43,0,0,5.0,90,90,1.1,10.1,0,0.00,1019.0,1004.9
2020-09-16T03:00,17.5,0.00,78,13.6,17.9,0.00,0.00,0.00,1,46,46,0,0,5.4,81,94,2.2,7.9,0,0.00,1018.8,1004.8
2020-09-16T04:00,19.3,0.00,68,13.3,20.0,0.00,0.00,0.00,1,43,43,0,0,1.9,259,112,1.8,7.9,0,0.00,1018.7,1004.8
2020-09-16T05:00,15.8,0.00,85,13.3,15.8,0.00,0.00,0.00,2,63,63,0,0,7.3,172,123,5.1,8.6,0,0.00,1018.8,1004.7
2020-09-16T06:00,15.6,0.00,86,13.3,15.8,0.00,0.00,0.00,2,74,74,0,0,5.9,148,101,6.8,10.1,0,0.00,1018.7,1004.6
2020-09-16T07:00,17.2,0.00,81,14.0,17.9,0.00,0.00,0.00,3,85,85,1,0,3.9,173,124,6.2,9.7,1,526.65,1018.8,1004.8
2020-09-16T08:00,20.1,0.00,70,14.5,21.0,0.00,0.00,0.00,3,90,90,1,0,3.9,155,112,6.0,10.4,1,3600.00,1019.1,1005.2
2020-09-16T09:00,22.4,0.00,62,14.7,23.6,0.00,0.00,0.00,3,94,94,1,0,2.5,96,90,3.3,10.1,1,3600.00,1019.4,1005.6
2020-09-16T10:00,24.5,0.00,55,14.9,26.0,0.00,0.00,0.00,3,90,89,25,0,0.5,90,135,1.1,18.4,1,3600.00,1019.5,1005.8
2020-09-16T11:00,26.3,0.00,50,15.1,27.8,0.00,0.00,0.00,3,91,90,20,0,1.3,198,214,1.1,18.0,1,3600.00,1019.3,1005.7
2020-09-16T12:00,27.6,0.00,47,15.2,29.0,0.00,0.00,0.00,3,86,85,25,0,2.3,211,219,2.1,11.2,1,3600.00,1018.9,1005.3
2020-09-16T13:00,27.8,0.00,49,16.1,29.5,0.00,0.00,0.00,3,81,90,3,0,3.3,233,229,3.6,13.7,1,3600.00,1018.6,1005.1
2020-09-16T14:00,28.6,0.00,46,15.8,30.0,0.00,0.00,0.00,3,92,92,2,0,3.8,219,221,4.6,13.3,1,3600.00,1018.0,1004.5
2020-09-16T15:00,28.4,0.00,46,15.7,29.6,0.00,0.00,0.00,3,92,92,2,0,5.2,209,205,6.6,14.0,1,3600.00,1017.9,1004.4
2020-09-16T16:00,28.8,0.00,45,15.5,30.1,0.00,0.00,0.00,3,95,94,9,0,3.8,228,229,5.4,14.8,1,3600.00,1017.7,1004.2
2020-09-16T17:00,28.4,0.00,44,14.8,29.7,0.00,0.00,0.00,3,89,87,23,0,1.8,252,259,2.3,10.1,1,3600.00,1017.7,1004.2
2020-09-16T18:00,25.8,0.00,56,16.2,27.0,0.00,0.00,0.00,3,88,86,29,0,6.1,233,230,13.6,10.8,1,1542.32,1017.9,1004.3
2020-09-16T19:00,24.1,0.00,56,14.9,24.9,0.00,0.00,0.00,3,87,80,42,0,5.8,250,240,16.1,13.7,0,0.00,1018.1,1004.4
2020-09-16T20:00,25.2,0.00,51,14.2,26.1,0.00,0.00,0.00,3,90,78,68,0,3.3,270,319,7.9,11.9,0,0.00,1018.6,1004.9
2020-09-16T21:00,23.1,0.00,57,14.2,23.0,0.00,0.00,0.00,2,77,70,29,0,9.8,334,336,23.7,20.2,0,0.00,1019.1,1005.3
2020-09-16T22:00,22.3,0.00,63,15.0,22.3,0.00,0.00,0.00,1,31,22,12,0,11.9,353,346,25.0,25.6,0,0.00,1019.6,1005.8
2020-09-16T23:00,21.2,0.00,70,15.5,21.4,0.00,0.00,0.00,0,0,0,0,0,11.2,351,345,24.8,25.2,0,0.00,1020.1,1006.2
2020-09-17T00:00,20.6,0.00,75,16.1,20.7,0.00,0.00,0.00,0,0,0,0,0,13.3,356,347,26.7,28.1,0,0.00,1020.3,1006.4
2020-09-17T01:00,20.0,0.00,76,15.6,19.3,0.00,0.00,0.00,0,0,20,1,0,17.7,359,354,32.8,31.0,0,0.00,1020.7,1006.8
2020-09-17T02:00,19.4,0.00,77,15.3,19.1,0.00,0.00,0.00,0,8,0,8,0,13.8,2,354,26.6,37.4,0,0.00,1020.9,1006.9
2020-09-17T03:00,18.5,0.00,80,14.9,18.7,0.00,0.00,0.00,0,6,6,0,0,9.4,9,360,19.7,29.2,0,0.00,1021.5,1007.5
2020-09-17T04:00,17.6,0.00,82,14.5,17.9,0.00,0.00,0.00,0,13,12,0,1,8.4,7,350,17.8,19.8,0,0.00,1021.8,1007.7
2020-09-17T05:00,17.1,0.00,81,13.9,16.8,0.00,0.00,0.00,0,7,0,0,7,10.9,5,351,21.7,22.7,0,0.00,1022.0,1007.9
2020-09-17T06:00,16.6,0.00,81,13.2,15.9,0.00,0.00,0.00,0,2,0,0,2,11.5,11,360,22.0,25.6,0,0.00,1022.5,1008.4
2020-09-17T07:00,16.7,0.00,79,13.0,16.3,0.00,0.00,0.00,0,7,0,0,7,9.4,16,356,17.2,24.1,1,974.54,1023.2,1009.1
2020-09-17T08:00,18.0,0.00,71,12.6,17.4,0.00,0.00,0.00,1,21,0,0,21,9.5,17,9,13.9,23.0,1,3600.00,1023.6,1009.5
2020-09-17T09:00,19.6,0.00,66,13.1,19.3,0.00,0.00,0.00,1,36,0,0,36,8.9,38,32,12.3,23.0,1,3600.00,1024.1,1010.1
2020-09-17T10:00,21.2,0.00,64,14.1,21.1,0.00,0.00,0.00,2,55,0,0,55,9.8,63,62,13.4,24.5,1,3600.00,1024.0,1010.1
2020-09-17T11:00,22.9,0.00,59,14.3,22.6,0.00,0.00,0.00,3,100,0,0,100,11.2,71,69,15.3,27.7,1,3600.00,1023.8,1010.0
2020-09-17T12:00,23.2,0.00,57,14.3,22.7,0.00,0.00,0.00,3,100,0,0,100,12.6,69,70,17.3,30.6,1,3600.00,1023.5,1009.7
2020-09-17T13:00,20.9,0.00,62,13.3,20.0,0.00,0.00,0.00,3,100,0,0,100,13.5,61,61,19.3,32.8,1,3139.13,1024.4,1010.5
2020-09-17T14:00,21.0,0.00,60,13.0,20.1,0.00,0.00,0.00,3,98,0,0,98,12.4,60,60,17.4,32.4,1,0.00,1024.0,1010.1
2020-09-17T15:00,22.3,0.00,56,13.2,21.6,0.00,0.00,0.00,2,52,0,1,52,11.3,58,59,15.7,29.5,1,3598.97,1023.4,1009.5
2020-09-17T16:00,22.7,0.00,53,12.6,21.7,0.00,0.00,0.00,1,39,0,1,38,12.0,57,57,16.7,28.1,1,3600.00,1022.9,1009.1
2020-09-17T17:00,22.1,0.00,51,11.4,20.5,0.00,0.00,0.00,2,55,0,1,55,13.4,64,63,19.6,29.2,1,3600.00,1022.7,1008.8
2020-09-17T18:00,20.9,0.00,52,10.8,19.3,0.00,0.00,0.00,1,27,0,0,27,12.4,70,68,21.9,29.2,1,3600.00,1023.2,1009.3
2020-09-17T19:00,19.5,0.00,52,9.5,17.6,0.00,0.00,0.00,0,14,0,0,14,12.3,64,58,23.2,27.0,0,0.00,1023.7,1009.7
2020-09-17T20:00,18.7,0.00,50,7.9,16.2,0.00,0.00,0.00,0,13,0,0,13,13.1,65,58,25.4,28.4,0,0.00,1024.1,1010.1
2020-09-17T21:00,17.9,0.00,52,7.9,15.2,0.00,0.00,0.00,0,8,0,0,8,14.2,71,66,27.4,30.6,0,0.00,1024.3,1010.2
2020-09-17T22:00,17.2,0.00,54,7.7,14.5,0.00,0.00,0.00,0,13,0,0,13,14.8,81,77,28.5,31.7,0,0.00,1024.1,1010.0
2020-09-17T23:00,16.9,0.00,54,7.5,14.0,0.00,0.00,0.00,0,19,0,0,19,15.6,85,82,30.0,33.5,0,0.00,1023.9,1009.8
2020-09-18T00:00,16.8,0.00,54,7.6,13.6,0.00,0.00,0.00,0,12,0,0,12,17.7,82,78,32.7,37.4,0,0.00,1023.6,1009.5
2020-09-18T01:00,16.2,0.00,56,7.4,13.1,0.00,0.00,0.00,0,9,0,0,21,16.7,86,84,30.7,40.3,0,0.00,1023.5,1009.4
2020-09-18T02:00,15.5,0.00,59,7.5,12.4,0.00,0.00,0.00,0,16,3,0,13,17.1,87,83,31.4,36.0,0,0.00,1023.2,1009.0
2020-09-18T03:00,15.1,0.00,60,7.5,11.8,0.00,0.00,0.00,0,12,0,0,12,18.1,85,83,32.9,38.2,0,0.00,1023.1,1008.9
2020-09-18T04:00,14.8,0.00,61,7.2,11.4,0.00,0.00,0.00,0,7,0,0,7,18.0,88,88,32.8,38.9,0,0.00,1023.2,1009.0
2020-09-18T05:00,14.3,0.00,61,7.0,11.2,0.00,0.00,0.00,0,6,0,0,6,15.8,92,91,29.9,38.2,0,0.00,1023.1,1008.9
2020-09-18T06:00,14.0,0.00,62,6.8,11.0,0.00,0.00,0.00,1,22,4,0,19,14.8,92,89,28.5,33.8,0,0.00,1023.3,1009.1
2020-09-18T07:00,14.5,0.00,61,7.1,11.5,0.00,0.00,0.00,0,18,0,0,18,15.5,93,89,29.2,34.2,1,730.05,1023.6,1009.4
2020-09-18T08:00,15.7,0.00,58,7.5,12.4,0.00,0.00,0.00,0,12,1,0,11,18.0,91,90,28.4,38.5,1,3600.00,1023.8,1009.6
2020-09-18T09:00,17.4,0.00,56,8.5,14.4,0.00,0.00,0.00,0,4,0,0,4,18.1,95,96,27.1,42.1,1,3600.00,1023.9,1009.8
2020-09-18T10:00,19.4,0.00,53,9.6,16.9,0.00,0.00,0.00,0,1,0,0,1,16.3,95,95,23.1,41.0,1,3600.00,1023.9,1009.9
2020-09-18T11:00,21.2,0.00,50,10.3,19.2,0.00,0.00,0.00,0,0,0,0,0,15.9,94,93,22.4,37.8,1,3600.00,1023.5,1009.6
2020-09-18T12:00,22.6,0.00,47,10.6,21.0,0.00,0.00,0.00,0,0,0,0,0,15.9,96,95,22.1,37.8,1,3600.00,1022.8,1009.0
2020-09-18T13:00,23.2,0.00,47,11.1,21.8,0.00,0.00,0.00,0,0,0,0,0,15.7,100,99,21.5,37.8,1,3600.00,1022.8,1009.0
2020-09-18T14:00,23.7,0.00,44,10.9,22.2,0.00,0.00,0.00,0,0,0,0,0,15.0,99,100,20.8,37.1,1,3600.00,1022.3,1008.5
2020-09-18T15:00,24.0,0.00,43,10.5,22.0,0.00,0.00,0.00,0,0,0,0,0,14.9,98,98,21.1,35.6,1,3600.00,1021.7,1008.0
2020-09-18T16:00,23.8,0.00,42,10.1,21.6,0.00,0.00,0.00,0,0,0,0,0,15.6,96,97,22.5,34.9,1,3600.00,1021.3,1007.5
2020-09-18T17:00,23.1,0.00,43,9.8,21.0,0.00,0.00,0.00,0,0,0,0,0,14.2,98,97,22.9,34.6,1,3600.00,1021.1,1007.3
2020-09-18T18:00,21.4,0.00,46,9.4,19.4,0.00,0.00,0.00,0,0,0,0,0,12.3,98,95,24.0,31.0,1,3600.00,1021.2,1007.3
2020-09-18T19:00,19.8,0.00,47,8.1,17.3,0.00,0.00,0.00,0,0,0,0,0,13.7,97,93,27.9,28.4,0,0.00,1021.3,1007.4
2020-09-18T20:00,19.2,0.00,43,6.3,15.9,0.00,0.00,0.00,0,0,0,0,0,16.3,99,95,32.1,34.6,0,0.00,1021.2,1007.2
2020-09-18T21:00,18.3,0.00,44,5.8,14.8,0.00,0.00,0.00,0,0,0,0,0,17.2,103,100,33.3,36.4,0,0.00,1021.2,1007.2
2020-09-18T22:00,17.5,0.00,45,5.4,13.7,0.00,0.00,0.00,0,0,0,0,0,17.9,103,100,34.3,38.2,0,0.00,1020.9,1006.9
2020-09-18T23:00,16.5,0.00,47,5.1,12.9,0.00,0.00,0.00,0,0,0,0,0,16.5,103,100,32.8,38.2,0,0.00,1021.1,1007.0
2020-09-19T00:00,15.6,0.00,50,5.1,12.0,0.00,0.00,0.00,0,0,0,0,0,16.0,102,99,32.1,34.9,0,0.00,1021.0,1006.9
2020-09-19T01:00,15.4,0.00,52,5.5,11.6,0.00,0.00,0.00,0,0,0,0,0,18.4,104,101,34.6,37.1,0,0.00,1020.6,1006.5
2020-09-19T02:00,14.4,0.00,55,5.6,10.7,0.00,0.00,0.00,0,0,0,0,0,18.1,105,103,34.3,38.5,0,0.00,1020.6,1006.4
2020-09-19T03:00,13.7,0.00,58,5.6,10.1,0.00,0.00,0.00,0,0,0,0,0,17.1,102,98,32.8,37.8,0,0.00,1020.2,1006.0
2020-09-19T04:00,13.2,0.00,60,5.6,9.7,0.00,0.00,0.00,0,0,0,0,0,16.7,97,96,32.6,34.9,0,0.00,1019.6,1005.4
2020-09-19T05:00,12.8,0.00,61,5.4,9.2,0.00,0.00,0.00,0,0,0,0,0,17.1,98,98,32.7,34.9,0,0.00,1019.3,1005.1
2020-09-19T06:00,12.3,0.00,62,5.3,8.8,0.00,0.00,0.00,0,0,0,0,0,16.4,97,99,31.6,35.3,0,0.00,1019.4,1005.1
2020-09-19T07:00,12.6,0.00,62,5.6,9.4,0.00,0.00,0.00,0,0,0,0,0,14.4,101,103,27.5,33.5,1,1021.75,1019.6,1005.3
2020-09-19T08:00,14.1,0.00,58,6.0,11.2,0.00,0.00,0.00,0,0,0,0,0,13.2,101,101,20.9,29.9,1,3600.00,1019.7,1005.5
2020-09-19T09:00,16.1,0.00,53,6.5,13.6,0.00,0.00,0.00,0,0,0,0,0,10.9,98,99,15.6,29.9,1,3600.00,1019.6,1005.5
2020-09-19T10:00,18.1,0.00,50,7.5,16.5,0.00,0.00,0.00,0,0,0,0,0,6.6,101,103,9.2,26.6,1,3600.00,1019.6,1005.6
2020-09-19T11:00,20.0,0.00,47,8.3,19.2,0.00,0.00,0.00,0,0,0,0,0,4.7,87,86,6.5,20.2,1,3600.00,1019.3,1005.4
2020-09-19T12:00,21.8,0.00,43,8.8,21.6,0.00,0.00,0.00,0,0,0,0,0,4.0,78,85,5.2,17.3,1,3600.00,1018.4,1004.6
2020-09-19T13:00,22.5,0.00,39,8.0,22.7,0.00,0.00,0.00,0,0,29,0,0,0.7,72,90,1.1,16.2,1,3600.00,1018.3,1004.5
2020-09-19T14:00,23.7,0.00,38,8.6,23.6,0.00,0.00,0.00,0,0,0,0,0,1.8,292,281,1.9,12.2,1,3600.00,1017.7,1004.0
2020-09-19T15:00,24.1,0.00,37,8.4,23.3,0.00,0.00,0.00,0,0,0,0,0,2.4,310,297,2.8,12.2,1,3600.00,1017.0,1003.3
2020-09-19T16:00,24.2,0.00,37,8.5,23.4,0.00,0.00,0.00,0,0,0,0,0,2.6,315,304,3.1,11.9,1,3600.00,1016.5,1002.8
2020-09-19T17:00,24.0,0.00,37,8.5,23.2,0.00,0.00,0.00,1,39,39,0,0,2.3,337,321,2.7,9.7,1,3600.00,1016.1,1002.4
2020-09-19T18:00,21.5,0.00,49,10.3,20.8,0.00,0.00,0.00,2,73,73,0,0,5.8,306,292,6.2,7.9,1,3506.99,1016.1,1002.3
2020-09-19T19:00,21.3,0.00,42,8.0,20.4,0.00,0.00,0.00,3,86,86,0,0,2.9,304,7,5.2,8.3,0,0.00,1016.2,1002.4
2020-09-19T20:00,16.9,0.00,61,9.3,16.0,0.00,0.00,0.00,3,88,88,0,0,4.6,87,72,6.8,9.4,0,0.00,1016.3,1002.3
2020-09-19T21:00,16.2,0.00,63,9.2,15.0,0.00,0.00,0.00,3,84,84,0,0,7.1,89,75,15.5,14.4,0,0.00,1016.4,1002.4
2020-09-19T22:00,15.7,0.00,61,8.2,13.9,0.00,0.00,0.00,2,67,67,0,0,8.7,83,73,17.8,16.9,0,0.00,1016.3,1002.2
2020-09-19T23:00,15.6,0.00,57,7.2,13.4,0.00,0.00,0.00,2,69,69,0,0,9.6,85,77,20.2,19.4,0,0.00,1016.1,1002.0
2020-09-20T00:00,15.4,0.00,57,6.8,13.2,0.00,0.00,0.00,3,93,93,0,0,9.1,89,83,21.2,19.4,0,0.00,1015.9,1001.8
2020-09-20T01:00,15.7,0.00,59,7.7,13.9,0.00,0.00,0.00,3,94,96,0,0,8.3,96,90,19.9,18.4,0,0.00,1015.7,1001.6
2020-09-20T02:00,14.6,0.00,65,8.1,13.1,0.00,0.00,0.00,3,91,91,0,0,6.5,97,87,17.1,16.9,0,0.00,1015.7,1001.6
2020-09-20T03:00,12.8,0.00,76,8.8,11.5,0.00,0.00,0.00,3,92,92,0,0,6.5,100,87,12.8,13.3,0,0.00,1015.7,1001.5
2020-09-20T04:00,12.3,0.00,79,8.8,11.2,0.00,0.00,0.00,3,93,93,0,0,5.6,79,50,9.5,10.8,0,0.00,1015.9,1001.7
2020-09-20T05:00,12.7,0.00,76,8.7,11.5,0.00,0.00,0.00,3,96,96,0,0,5.7,68,55,12.8,11.5,0,0.00,1015.6,1001.4
2020-09-20T06:00,11.9,0.00,80,8.5,10.7,0.00,0.00,0.00,3,91,91,0,0,5.4,74,70,13.1,11.9,0,0.00,1015.4,1001.2
2020-09-20T07:00,13.1,0.00,85,10.6,12.8,0.00,0.00,0.00,3,89,89,0,0,3.1,103,144,6.6,10.8,1,0.00,1015.8,1001.6
2020-09-20T08:00,14.9,0.00,67,8.7,14.2,0.00,0.00,0.00,3,93,93,0,0,2.1,172,211,2.5,8.6,1,3600.00,1016.3,1002.2
2020-09-20T09:00,16.9,0.00,61,9.3,16.5,0.00,0.00,0.00,3,93,93,0,0,1.1,53,18,1.8,9.0,1,3600.00,1016.4,1002.4
2020-09-20T10:00,19.2,0.00,55,10.0,18.8,0.00,0.00,0.00,3,96,96,0,0,2.7,45,23,4.1,13.0,1,3600.00,1016.1,1002.2
2020-09-20T11:00,21.2,0.00,51,10.7,21.0,0.00,0.00,0.00,3,94,94,0,0,2.7,45,23,4.1,13.7,1,3600.00,1015.8,1002.0
2020-09-20T12:00,22.9,0.00,46,10.7,22.9,0.00,0.00,0.00,3,94,94,0,0,3.1,39,21,4.6,14.8,1,3600.00,1015.3,1001.6
2020-09-20T13:00,24.0,0.00,42,10.3,23.9,0.00,0.00,0.00,3,91,90,0,0,4.7,11,360,5.9,15.8,1,3600.00,1014.9,1001.2
2020-09-20T14:00,24.8,0.00,40,10.4,24.5,0.00,0.00,0.00,3,92,92,0,0,4.4,21,9,6.2,17.3,1,3600.00,1014.4,1000.8
2020-09-20T15:00,25.2,0.00,39,10.3,24.6,0.00,0.00,0.00,2,69,69,0,0,4.5,25,14,6.0,15.8,1,3600.00,1013.9,1000.3
2020-09-20T16:00,25.3,0.00,38,10.0,24.4,0.00,0.00,0.00,1,45,45,0,0,5.7,39,35,7.9,14.8,1,3600.00,1013.6,1000.0
2020-09-20T17:00,24.4,0.00,39,9.6,23.3,0.00,0.00,0.00,0,1,1,0,0,6.3,61,59,11.9,15.8,1,3600.00,1013.7,1000.1
2020-09-20T18:00,21.7,0.00,42,8.1,20.0,0.00,0.00,0.00,0,0,0,0,0,8.2,81,75,19.3,16.9,1,3375.12,1014.4,1000.6
2020-09-20T19:00,19.7,0.00,43,6.8,17.5,0.00,0.00,0.00,0,0,0,0,0,9.4,92,88,22.7,20.5,0,0.00,1014.9,1001.0
2020-09-20T20:00,17.9,0.00,49,7.0,16.1,0.00,0.00,0.00,0,0,0,0,0,7.2,91,72,18.0,20.2,0,0.00,1015.1,1001.2
2020-09-20T21:00,16.5,0.00,55,7.4,14.7,0.00,0.00,0.00,0,0,0,0,0,7.4,74,61,15.7,15.8,0,0.00,1015.1,1001.1
2020-09-20T22:00,15.7,0.00,59,7.7,14.1,0.00,0.00,0.00,0,0,0,0,0,6.8,79,72,15.0,15.5,0,0.00,1015.2,1001.1
2020-09-20T23:00,15.1,0.00,63,8.1,13.7,0.00,0.00,0.00,0,0,0,0,0,6.3,84,77,14.5,14.4,0,0.00,1015.2,1001.1
2020-09-21T00:00,13.8,0.00,72,8.7,12.5,0.00,0.00,0.00,0,0,0,0,0,6.2,92,83,11.9,12.6,0,0.00,1015.2,1001.1
2020-09-21T01:00,13.6,0.00,73,8.8,12.4,0.00,0.00,0.00,0,0,0,0,0,5.8,90,68,8.6,11.2,0,0.00,1015.6,1001.4
2020-09-21T02:00,11.9,0.00,80,8.6,10.7,0.00,0.00,0.00,0,0,0,0,0,6.0,80,73,8.4,10.4,0,0.00,1015.7,1001.5
2020-09-21T03:00,11.8,0.00,82,8.7,10.7,0.00,0.00,0.00,0,0,0,0,0,5.2,82,74,9.8,10.1,0,0.00,1015.5,1001.3
2020-09-21T04:00,11.5,0.00,83,8.8,10.4,0.00,0.00,0.00,0,0,0,0,0,5.4,98,94,12.7,10.8,0,0.00,1015.5,1001.2
2020-09-21T05:00,11.2,0.00,85,8.8,10.1,0.00,0.00,0.00,0,0,0,0,0,5.4,102,94,15.1,11.5,0,0.00,1015.4,1001.1
2020-09-21T06:00,10.7,0.00,88,8.8,9.5,0.00,0.00,0.00,0,0,0,0,0,5.8,97,83,14.5,11.2,0,0.00,1015.6,1001.3
2020-09-21T07:00,12.2,0.00,86,9.9,11.7,0.00,0.00,0.00,0,0,0,0,0,3.2,92,63,9.0,11.2,1,661.73,1016.0,1001.8
2020-09-21T08:00,14.9,0.00,71,9.7,14.6,0.00,0.00,0.00,0,0,0,0,0,1.3,45,326,2.5,7.6,1,3600.00,1016.4,1002.3
2020-09-21T09:00,17.3,0.00,63,10.2,17.2,0.00,0.00,0.00,0,0,0,0,0,1.1,11,342,1.8,10.4,1,3600.00,1016.3,1002.3
2020-09-21T10:00,19.6,0.00,57,10.9,19.8,0.00,0.00,0.00,0,0,0,0,0,0.0,90,270,1.1,10.4,1,3600.00,1016.2,1002.3
2020-09-21T11:00,21.5,0.00,52,11.3,21.9,0.00,0.00,0.00,0,2,0,0,2,0.4,90,270,0.4,10.8,1,3600.00,1016.0,1002.2
2020-09-21T12:00,23.1,0.00,48,11.5,23.9,0.00,0.00,0.00,0,6,0,0,6,1.1,243,252,0.8,12.2,1,3600.00,1015.4,1001.7
2020-09-21T13:00,24.0,0.00,45,11.3,24.3,0.00,0.00,0.00,0,2,0,0,0,4.3,176,185,5.4,13.7,1,3600.00,1015.1,1001.4
2020-09-21T14:00,24.7,0.00,44,11.7,25.0,0.00,0.00,0.00,0,0,0,0,0,4.1,188,195,5.1,16.9,1,3600.00,1014.7,1001.1
2020-09-21T15:00,25.0,0.00,43,11.6,25.0,0.00,0.00,0.00,0,0,0,0,0,3.1,209,216,3.7,16.2,1,3600.00,1014.2,1000.6
2020-09-21T16:00,24.9,0.00,43,11.5,25.0,0.00,0.00,0.00,0,0,0,0,0,2.4,236,243,2.6,13.0,1,3600.00,1013.8,1000.2
2020-09-21T17:00,24.3,0.00,49,12.8,24.8,0.00,0.00,0.00,0,0,0,0,0,2.6,236,236,3.9,10.1,1,3600.00,1013.7,1000.1
2020-09-21T18:00,20.9,0.00,64,13.9,21.1,0.00,0.00,0.00,0,0,0,0,0,6.6,245,241,6.8,9.0,1,3243.17,1013.8,1000.0
2020-09-21T19:00,22.2,0.00,49,11.0,21.7,0.00,0.00,0.00,0,0,0,0,0,5.6,275,297,4.3,10.4,0,0.00,1013.9,1000.2
2020-09-21T20:00,18.6,0.00,64,11.7,18.2,0.00,0.00,0.00,0,1,0,0,1,6.3,332,24,5.3,7.9,0,0.00,1014.0,1000.1
2020-09-21T21:00,18.2,0.00,65,11.5,17.9,0.00,0.00,0.00,0,8,1,3,7,4.6,3,51,7.2,9.7,0,0.00,1014.0,1000.1
2020-09-21T22:00,17.0,0.00,71,11.8,17.0,0.00,0.00,0.00,0,18,2,8,15,4.2,6,59,6.9,9.0,0,0.00,1013.9,999.9
2020-09-21T23:00,16.5,0.00,75,12.0,16.3,0.00,0.00,0.00,0,18,0,1,18,5.4,354,53,6.9,7.9,0,0.00,1013.7,999.7
2020-09-22T00:00,16.7,0.00,73,11.9,16.7,0.00,0.00,0.00,0,8,0,1,7,4.4,20,81,4.2,7.6,0,0.00,1013.3,999.3
2020-09-22T01:00,15.4,0.00,81,12.2,15.6,0.00,0.00,0.00,0,2,1,1,0,3.4,94,108,5.4,6.5,0,0.00,1013.2,999.2
2020-09-22T02:00,14.1,0.00,88,12.1,14.1,0.00,0.00,0.00,0,3,0,3,0,4.2,141,110,5.1,8.3,0,0.00,1013.0,998.9
2020-09-22T03:00,13.8,0.00,89,12.0,13.7,0.00,0.00,0.00,0,7,0,7,0,4.5,170,104,4.0,7.6,0,0.00,1012.9,998.8
2020-09-22T04:00,13.3,0.00,91,11.9,13.2,0.00,0.00,0.00,0,7,1,6,0,4.8,187,132,5.8,7.2,0,0.00,1012.8,998.7
2020-09-22T05:00,13.1,0.00,92,11.9,13.1,0.00,0.00,0.00,0,7,3,4,0,4.3,180,132,7.6,7.9,0,0.00,1012.9,998.8
2020-09-22T06:00,13.4,0.00,92,12.1,13.3,0.00,0.00,0.00,0,7,1,6,0,5.3,168,118,8.8,10.1,0,0.00,1012.9,998.8
2020-09-22T07:00,14.5,0.00,88,12.5,14.1,0.00,0.00,0.00,0,8,2,6,2,7.7,165,118,10.8,14.0,1,369.60,1012.9,998.8
2020-09-22T08:00,17.4,0.00,75,13.0,17.5,0.00,0.00,0.00,0,15,0,14,11,5.6,186,153,10.5,14.8,1,3600.00,1013.1,999.2
2020-09-22T09:00,19.5,0.00,69,13.6,19.8,0.00,0.00,0.00,0,17,0,12,15,5.4,203,200,7.4,16.2,1,3600.00,1013.1,999.3
2020-09-22T10:00,21.3,0.00,64,14.1,21.9,0.00,0.00,0.00,0,12,0,3,12,5.2,196,196,6.7,17.6,1,3600.00,1012.9,999.1
2020-09-22T11:00,23.0,0.00,58,14.3,23.6,0.00,0.00,0.00,0,4,1,0,4,5.5,189,191,7.3,18.7,1,3600.00,1012.5,998.8
2020-09-22T12:00,24.3,0.00,53,14.2,25.0,0.00,0.00,0.00,0,1,1,0,0,6.6,190,189,8.4,20.5,1,3600.00,1011.8,998.2
2020-09-22T13:00,25.9,0.00,44,12.7,26.2,0.00,0.00,0.00,0,5,10,2,1,6.3,193,193,8.1,21.2,1,3600.00,1011.0,997.5
2020-09-22T14:00,26.3,0.00,41,11.9,26.0,0.00,0.00,0.00,0,6,3,4,0,7.3,199,200,9.9,25.2,1,3600.00,1010.2,996.7
2020-09-22T15:00,26.4,0.00,38,10.9,25.5,0.00,0.00,0.00,1,24,16,13,0,8.0,215,216,10.6,21.2,1,3600.00,1009.5,996.0
2020-09-22T16:00,26.1,0.00,37,10.2,24.9,0.00,0.00,0.00,1,45,40,9,0,8.4,212,211,11.0,20.9,1,3600.00,1008.8,995.3
2020-09-22T17:00,25.1,0.00,41,10.9,24.4,0.00,0.00,0.00,3,93,93,2,0,6.1,208,208,12.2,19.8,1,3600.00,1008.2,994.7
2020-09-22T18:00,22.1,0.00,53,11.9,21.8,0.00,0.00,0.00,3,92,91,3,0,6.0,208,197,13.0,14.8,1,3111.25,1008.2,994.5
2020-09-22T19:00,21.4,0.00,52,11.1,20.6,0.00,0.00,0.00,3,98,98,5,0,7.2,200,177,17.2,14.0,0,0.00,1008.2,994.5
2020-09-22T20:00,20.6,0.00,59,12.2,20.1,0.00,0.00,0.00,3,95,95,10,0,7.7,193,169,19.2,15.5,0,0.00,1008.4,994.7
2020-09-22T21:00,19.9,0.00,66,13.3,19.8,0.00,0.00,0.00,3,94,93,19,0,8.3,198,180,20.8,18.0,0,0.00,1008.6,994.8
2020-09-22T22:00,19.1,0.00,70,13.4,19.1,0.00,0.00,0.00,3,97,96,24,2,7.3,212,189,18.3,17.6,0,0.00,1008.6,994.8
2020-09-22T23:00,18.8,0.00,71,13.4,18.7,0.00,0.00,0.00,3,94,93,17,3,7.6,213,188,18.5,16.6,0,0.00,1008.5,994.7
2020-09-23T00:00,18.2,0.00,75,13.7,18.3,0.00,0.00,0.00,0,16,3,12,9,7.9,216,196,20.1,17.6,0,0.00,1008.4,994.6
2020-09-23T01:00,17.8,0.00,76,13.6,17.7,0.00,0.00,0.00,0,10,4,17,1,8.4,198,160,17.8,19.4,0,0.00,1008.2,994.3
2020-09-23T02:00,16.8,0.00,82,13.8,17.0,0.00,0.00,0.00,0,13,10,1,3,7.2,209,183,18.0,18.4,0,0.00,1007.9,994.0
2020-09-23T03:00,16.2,0.00,87,14.0,16.0,0.00,0.00,0.00,2,76,76,2,2,10.1,207,197,23.5,20.5,0,0.00,1008.0,994.1
2020-09-23T04:00,15.9,0.00,86,13.6,15.3,0.00,0.00,0.00,2,65,57,21,0,11.9,222,215,26.0,24.1,0,0.00,1008.0,994.1
2020-09-23T05:00,15.6,0.00,88,13.6,15.2,0.00,0.00,0.00,2,52,21,40,1,11.0,228,221,24.7,25.2,0,0.00,1008.2,994.2
2020-09-23T06:00,15.6,0.00,89,13.8,15.5,0.00,0.00,0.00,1,41,0,41,1,9.2,219,206,21.0,23.4,0,0.00,1008.2,994.2
2020-09-23T07:00,15.6,0.00,89,13.9,15.5,0.00,0.00,0.00,1,30,0,28,3,9.4,215,203,20.2,19.4,1,191.32,1008.6,994.6
2020-09-23T08:00,17.2,0.00,80,13.7,16.9,0.00,0.00,0.00,1,21,0,21,1,10.2,227,222,16.8,22.3,1,3600.00,1008.7,994.8
2020-09-23T09:00,18.7,0.00,69,12.9,18.0,0.00,0.00,0.00,1,36,6,32,2,10.7,234,230,15.2,25.9,1,3600.00,1008.8,995.0
2020-09-23T10:00,20.3,0.00,61,12.5,19.4,0.00,0.00,0.00,1,45,6,41,5,11.8,241,239,16.1,28.4,1,3600.00,1008.9,995.2
2020-09-23T11:00,21.8,0.00,53,11.9,20.6,0.00,0.00,0.00,3,84,2,84,3,12.0,250,249,16.1,29.9,1,3600.00,1008.9,995.2
2020-09-23T12:00,22.3,0.00,52,12.1,21.2,0.00,0.00,0.00,3,93,0,93,4,12.2,237,236,16.4,34.9,1,3600.00,1008.6,994.9
2020-09-23T13:00,20.4,0.00,65,13.5,19.7,0.00,0.00,0.00,3,100,0,100,1,12.0,221,219,16.6,36.0,1,3600.00,1008.9,995.2
2020-09-23T14:00,19.6,0.10,71,14.1,19.2,0.10,0.00,0.00,51,91,0,91,0,11.7,216,214,16.5,28.4,1,0.00,1008.7,994.9
2020-09-23T15:00,20.0,0.00,68,13.9,19.6,0.00,0.00,0.00,1,23,0,23,1,11.8,209,207,16.4,27.7,1,2492.26,1007.9,994.2
2020-09-23T16:00,21.2,0.00,61,13.5,20.4,0.00,0.00,0.00,1,26,0,25,1,12.6,213,211,17.7,30.2,1,3600.00,1007.5,993.8
2020-09-23T17:00,21.0,0.00,60,13.0,20.4,0.00,0.00,0.00,1,29,4,26,0,10.3,198,192,15.5,29.5,1,3600.00,1006.9,993.2
2020-09-23T18:00,19.9,0.00,64,12.8,19.4,0.00,0.00,0.00,1,27,18,12,0,8.9,181,166,18.0,22.7,1,2979.48,1006.4,992.7
2020-09-23T19:00,18.6,0.00,67,12.4,17.9,0.00,0.00,0.00,2,76,72,14,0,9.5,186,169,21.7,20.2,0,0.00,1006.6,992.8
2020-09-23T20:00,18.1,0.00,69,12.2,17.3,0.00,0.00,0.00,3,93,92,14,0,9.8,191,172,22.4,21.2,0,0.00,1006.7,992.9
2020-09-23T21:00,18.0,0.00,68,12.1,17.2,0.00,0.00,0.00,3,98,98,12,0,10.0,188,167,22.6,21.2,0,0.00,1006.6,992.8
2020-09-23T22:00,18.0,0.00,68,11.9,17.0,0.00,0.00,0.00,3,97,97,11,0,10.6,170,152,23.0,22.7,0,0.00,1006.1,992.3
2020-09-23T23:00,17.3,0.00,70,11.7,16.4,0.00,0.00,0.00,3,97,97,5,0,9.8,184,163,22.0,22.7,0,0.00,1006.2,992.3
2020-09-24T00:00,16.9,0.00,70,11.4,16.1,0.00,0.00,0.00,3,98,98,5,0,8.8,188,161,20.4,21.6,0,0.00,1005.9,992.0
2020-09-24T01:00,16.8,0.00,75,12.4,16.0,0.00,0.00,0.00,3,90,92,11,0,10.3,180,155,22.7,20.5,0,0.00,1005.2,991.3
2020-09-24T02:00,16.5,0.00,75,12.1,15.7,0.00,0.00,0.00,2,50,3,49,12,9.8,188,156,22.2,23.4,0,0.00,1005.0,991.1
2020-09-24T03:00,17.1,0.00,72,12.0,16.2,0.00,0.00,0.00,2,61,4,59,6,10.1,209,186,23.8,23.4,0,0.00,1005.0,991.2
2020-09-24T04:00,18.1,0.00,70,12.5,16.5,0.00,0.00,0.00,2,59,0,58,6,15.8,227,223,30.1,33.8,0,0.00,1004.8,991.0
2020-09-24T05:00,17.8,0.00,74,13.1,15.7,0.00,0.00,0.00,3,97,0,69,94,21.0,231,231,35.8,48.2,0,0.00,1005.5,991.7
2020-09-24T06:00,17.4,0.10,79,13.6,15.5,0.10,0.00,0.00,51,54,0,43,39,20.8,234,233,34.8,46.8,0,0.00,1006.0,992.2
2020-09-24T07:00,16.7,0.00,82,13.7,15.5,0.00,0.00,0.00,1,21,0,16,10,16.3,245,242,27.4,45.0,1,0.00,1006.9,993.0
2020-09-24T08:00,17.1,0.00,74,12.5,15.4,0.00,0.00,0.00,1,24,0,19,12,17.1,243,242,25.0,37.4,1,3600.00,1007.8,993.9
2020-09-24T09:00,17.7,0.00,66,11.2,15.6,0.00,0.00,0.00,1,31,0,7,28,16.9,240,241,24.0,38.5,1,3600.00,1008.5,994.6
2020-09-24T10:00,18.5,0.00,56,9.6,16.0,0.00,0.00,0.00,2,75,1,71,15,16.1,243,243,22.5,40.0,1,3600.00,1008.6,994.8
2020-09-24T11:00,18.5,0.00,55,9.3,16.0,0.00,0.00,0.00,3,97,73,89,9,15.8,247,249,22.3,38.2,1,3600.00,1008.6,994.8
2020-09-24T12:00,19.1,0.00,53,9.2,16.4,0.00,0.00,0.00,3,100,81,99,63,16.9,242,243,23.7,37.1,1,646.33,1008.1,994.3
2020-09-24T13:00,19.6,0.00,56,10.7,18.3,0.00,0.00,0.00,3,95,91,71,8,10.2,232,231,13.3,37.8,1,0.00,1007.5,993.7
2020-09-24T14:00,20.3,0.00,55,10.9,18.6,0.00,0.00,0.00,3,99,94,54,97,13.4,210,211,18.2,32.8,1,3600.00,1006.9,993.2
2020-09-24T15:00,20.3,0.00,55,11.1,19.3,0.00,0.00,0.00,3,94,94,3,4,9.5,204,205,13.0,31.7,1,1130.05,1006.1,992.4
2020-09-24T16:00,20.3,0.00,56,11.3,19.8,0.00,0.00,0.00,2,61,59,7,3,6.1,180,180,8.3,23.4,1,3600.00,1005.2,991.5
2020-09-24T17:00,20.3,0.00,56,11.2,19.5,0.00,0.00,0.00,3,97,96,37,1,8.2,157,157,12.1,19.1,1,3600.00,1004.1,990.4
2020-09-24T18:00,18.7,0.00,63,11.5,18.3,0.00,0.00,0.00,3,99,98,75,1,6.1,144,135,14.7,19.1,1,0.00,1003.4,989.7
2020-09-24T19:00,17.8,0.30,69,12.1,17.5,0.30,0.00,0.00,51,100,99,98,18,6.0,147,163,14.6,28.1,0,0.00,1003.4,989.6
2020-09-24T20:00,16.5,2.30,89,14.7,17.3,2.30,0.00,0.00,61,100,100,95,6,5.4,194,176,13.0,23.8,0,0.00,1003.5,989.6
2020-09-24T21:00,16.5,0.50,88,14.4,16.6,0.50,0.00,0.00,53,100,100,21,0,9.2,139,129,18.1,20.2,0,0.00,1002.0,988.2
2020-09-24T22:00,15.9,0.30,89,14.1,16.0,0.30,0.00,0.00,51,100,100,49,11,8.9,178,166,19.8,21.6,0,0.00,1001.8,987.9
2020-09-24T23:00,15.6,0.40,92,14.3,15.9,0.40,0.00,0.00,51,100,100,31,1,7.9,173,150,17.1,27.0,0,0.00,1001.3,987.4
2020-09-25T00:00,15.5,0.00,91,14.0,15.4,0.00,0.00,0.00,3,100,100,11,15,9.6,188,167,20.4,27.4,0,0.00,1000.5,986.6
2020-09-25T01:00,15.0,0.20,91,13.5,14.4,0.20,0.00,0.00,51,99,100,42,15,11.7,200,191,22.5,28.8,0,0.00,1001.0,987.1
2020-09-25T02:00,14.7,0.20,90,13.1,13.7,0.20,0.00,0.00,51,100,90,98,2,13.6,208,202,25.3,29.2,0,0.00,1000.4,986.5
2020-09-25T03:00,14.0,1.30,90,12.4,11.5,1.30,0.00,0.00,61,99,96,86,21,22.7,228,228,37.2,42.8,0,0.00,1000.6,986.7
2020-09-25T04:00,13.0,1.00,81,9.9,10.9,1.00,0.00,0.00,55,96,8,96,1,14.1,253,251,24.8,52.9,0,0.00,1001.1,987.1
2020-09-25T05:00,12.6,0.00,81,9.3,10.6,0.00,0.00,0.00,2,76,12,74,0,12.3,233,230,23.1,29.9,0,0.00,1000.9,986.9
2020-09-25T06:00,12.3,0.00,84,9.7,10.1,0.00,0.00,0.00,3,87,9,86,0,14.8,232,229,26.1,31.7,0,0.00,1000.4,986.4
2020-09-25T07:00,11.8,0.00,85,9.3,9.1,0.00,0.00,0.00,3,100,93,100,10,17.2,235,233,29.0,34.9,1,0.00,1001.0,987.0
2020-09-25T08:00,12.1,0.00,78,8.4,9.4,0.00,0.00,0.00,3,100,100,100,16,15.4,238,237,25.9,39.2,1,0.00,1001.0,987.0
2020-09-25T09:00,12.2,0.00,71,7.1,9.0,0.00,0.00,0.00,3,100,99,100,18,16.6,235,236,25.4,37.4,1,0.00,1001.2,987.2
2020-09-25T10:00,13.0,0.00,62,5.8,9.1,0.00,0.00,0.00,3,100,100,100,17,20.0,236,236,29.6,44.3,1,1329.04,1001.5,987.5
2020-09-25T11:00,13.4,0.00,57,5.1,9.6,0.00,0.00,0.00,3,100,100,97,25,17.6,239,239,25.2,44.6,1,0.00,1001.2,987.2
2020-09-25T12:00,13.8,0.00,54,4.5,9.9,0.00,0.00,0.00,3,100,100,97,28,17.3,229,228,24.8,39.2,1,0.00,1001.0,987.1
2020-09-25T13:00,12.7,0.10,62,5.7,9.2,0.10,0.00,0.00,51,100,100,85,40,16.7,217,217,23.9,38.9,1,428.92,1001.0,987.0
2020-09-25T14:00,12.7,0.10,61,5.5,9.0,0.10,0.00,0.00,51,100,100,70,30,17.9,219,218,26.1,40.0,1,0.00,1001.0,987.0
2020-09-25T15:00,13.3,0.00,57,4.9,9.8,0.00,0.00,0.00,3,100,100,86,45,15.4,214,213,22.6,39.6,1,0.00,1000.3,986.3
2020-09-25T16:00,13.8,0.00,51,3.9,9.8,0.00,0.00,0.00,3,100,100,95,47,17.7,222,219,26.5,36.7,1,0.00,999.8,985.9
2020-09-25T17:00,13.6,0.00,52,3.9,9.7,0.00,0.00,0.00,3,100,100,7,36,16.9,221,220,26.6,40.0,1,0.00,999.4,985.5
2020-09-25T18:00,12.9,0.00,56,4.3,8.9,0.00,0.00,0.00,3,100,100,31,47,18.4,231,230,30.2,39.6,1,0.00,999.4,985.4
2020-09-25T19:00,11.7,0.00,67,5.8,8.2,0.00,0.00,0.00,3,100,100,38,46,16.4,238,237,26.7,40.7,0,0.00,999.9,985.9
2020-09-25T20:00,11.2,0.00,70,5.9,7.9,0.00,0.00,0.00,3,100,100,55,61,15.3,243,240,25.0,35.3,0,0.00,1000.7,986.6
2020-09-25T21:00,11.1,0.00,71,6.0,7.5,0.00,0.00,0.00,3,81,56,46,52,17.3,262,258,28.0,36.7,0,0.00,1000.8,986.7
2020-09-25T22:00,10.4,0.00,73,5.9,7.2,0.00,0.00,0.00,2,72,33,44,57,15.0,257,253,25.5,37.4,0,0.00,1001.2,987.1
2020-09-25T23:00,10.1,0.00,75,5.9,7.0,0.00,0.00,0.00,3,96,71,63,81,14.2,250,246,23.8,32.4,0,0.00,1001.6,987.5
2020-09-26T00:00,10.2,0.00,74,5.7,6.9,0.00,0.00,0.00,3,100,100,90,100,15.1,244,242,24.8,33.1,0,0.00,1001.3,987.2
2020-09-26T01:00,10.2,0.00,76,6.2,6.8,0.00,0.00,0.00,3,100,87,99,100,16.9,243,241,28.3,39.6,0,0.00,1001.4,987.3
2020-09-26T02:00,10.3,0.10,76,6.3,6.9,0.10,0.00,0.00,51,100,100,92,100,16.8,242,239,27.7,39.6,0,0.00,1001.1,987.0
2020-09-26T03:00,10.2,0.00,76,6.2,6.6,0.00,0.00,0.00,3,100,100,60,58,17.9,247,245,29.7,38.9,0,0.00,1000.8,986.7
2020-09-26T04:00,9.8,0.00,76,5.9,6.3,0.00,0.00,0.00,3,100,100,43,83,16.9,240,236,28.2,39.2,0,0.00,1000.6,986.5
2020-09-26T05:00,9.6,0.10,75,5.4,5.7,0.10,0.00,0.00,51,100,100,100,92,19.0,240,237,31.3,41.4,0,0.00,1000.4,986.3
2020-09-26T06:00,9.5,0.00,74,5.1,5.3,0.00,0.00,0.00,3,100,100,100,87,20.7,232,229,33.1,45.4,0,0.00,999.9,985.8
2020-09-26T07:00,9.3,0.20,75,5.0,5.2,0.20,0.00,0.00,51,100,100,100,89,19.6,232,229,31.8,45.4,1,0.00,999.9,985.7
2020-09-26T08:00,8.5,1.00,86,6.4,4.7,1.00,0.00,0.00,55,100,100,100,100,19.6,226,223,32.8,44.3,1,0.00,999.8,985.6
2020-09-26T09:00,8.5,1.60,90,7.0,4.9,1.60,0.00,0.00,61,100,100,98,100,19.9,229,226,32.7,43.9,1,0.00,999.3,985.1
2020-09-26T10:00,9.6,0.60,85,7.1,5.4,0.60,0.00,0.00,53,100,99,86,100,23.8,239,238,37.3,50.4,1,1424.37,999.0,984.9
2020-09-26T11:00,10.9,0.20,78,7.2,7.0,0.20,0.00,0.00,51,100,79,99,100,21.3,256,254,32.2,49.7,1,2485.38,999.3,985.2
2020-09-26T12:00,11.2,1.60,79,7.7,7.9,1.60,0.00,0.00,61,100,88,100,100,18.5,252,249,28.7,45.0,1,735.23,999.2,985.2
2020-09-26T13:00,9.7,0.30,84,7.1,5.8,0.30,0.00,0.00,51,100,94,100,100,21.3,238,236,33.7,42.5,1,0.00,999.9,985.8
2020-09-26T14:00,10.2,0.10,78,6.6,5.5,0.10,0.00,0.00,51,100,100,84,100,25.9,246,245,39.8,56.2,1,0.00,999.3,985.2
2020-09-26T15:00,11.3,0.00,71,6.3,7.5,0.00,0.00,0.00,3,100,99,95,75,20.0,243,240,31.2,54.0,1,0.00,999.0,985.0
2020-09-26T16:00,10.7,0.80,79,7.2,7.0,0.80,0.00,0.00,53,100,100,100,100,20.1,237,234,32.3,43.2,1,0.00,999.0,984.9
2020-09-26T17:00,10.1,1.40,90,8.5,7.1,1.40,0.00,0.00,61,100,100,99,94,18.2,250,245,31.1,42.8,1,0.00,999.3,985.2
2020-09-26T18:00,10.2,0.50,90,8.7,7.6,0.50,0.00,0.00,53,100,100,100,87,15.3,255,251,27.2,38.9,1,0.00,999.6,985.5
2020-09-26T19:00,10.1,0.90,91,8.7,7.5,0.90,0.00,0.00,53,100,100,100,100,15.6,247,244,27.3,33.8,0,0.00,999.8,985.7
2020-09-26T20:00,10.0,1.50,92,8.7,7.5,1.50,0.00,0.00,61,100,100,100,100,14.8,251,247,26.0,33.8,0,0.00,999.6,985.5
2020-09-26T21:00,9.9,1.90,93,8.8,7.4,1.90,0.00,0.00,61,100,100,100,100,14.7,254,253,25.4,31.7,0,0.00,999.8,985.7
2020-09-26T22:00,9.7,2.30,93,8.6,7.0,2.30,0.00,0.00,61,100,100,100,100,16.3,251,248,28.2,36.4,0,0.00,999.8,985.7
2020-09-26T23:00,9.4,2.20,93,8.4,6.6,2.20,0.00,0.00,61,100,100,100,100,16.8,245,242,28.5,37.1,0,0.00,999.8,985.7
2020-09-27T00:00,9.2,1.80,94,8.2,6.4,1.80,0.00,0.00,61,100,100,100,100,15.6,237,232,26.6,36.7,0,0.00,999.7,985.5
2020-09-27T01:00,9.2,1.60,96,8.5,6.5,1.60,0.00,0.00,61,100,100,100,93,15.4,240,237,25.0,34.6,0,0.00,1000.0,985.8
2020-09-27T02:00,9.2,2.10,90,7.6,5.7,2.10,0.00,0.00,61,100,100,100,94,19.9,228,228,32.4,40.7,0,0.00,999.8,985.6
2020-09-27T03:00,9.0,1.50,93,7.9,6.0,1.50,0.00,0.00,61,100,100,100,100,17.1,227,224,28.5,41.8,0,0.00,999.8,985.6
2020-09-27T04:00,9.1,1.30,92,7.9,5.8,1.30,0.00,0.00,61,100,100,100,99,18.6,222,221,29.8,38.9,0,0.00,999.7,985.5
2020-09-27T05:00,9.1,1.20,93,8.0,5.9,1.20,0.00,0.00,55,100,100,100,100,18.1,218,215,30.0,39.6,0,0.00,999.6,985.4
2020-09-27T06:00,9.1,1.10,93,8.0,6.1,1.10,0.00,0.00,55,100,98,100,99,17.2,205,200,29.5,38.9,0,0.00,999.7,985.5
2020-09-27T07:00,9.0,0.50,91,7.7,5.8,0.50,0.00,0.00,53,100,0,100,72,18.0,201,196,31.2,39.2,1,0.00,999.9,985.7
2020-09-27T08:00,9.4,0.10,88,7.5,6.4,0.10,0.00,0.00,51,100,0,100,29,16.0,200,194,27.2,39.2,1,0.00,1000.6,986.4
2020-09-27T09:00,10.5,0.00,80,7.2,7.5,0.00,0.00,0.00,3,91,0,45,88,15.6,198,199,23.1,34.6,1,3600.00,1001.3,987.2
2020-09-27T10:00,11.5,0.00,72,6.6,8.1,0.00,0.00,0.00,3,100,0,7,100,17.2,200,200,24.5,37.8,1,2628.98,1002.2,988.1
2020-09-27T11:00,12.5,0.00,64,5.9,9.3,0.00,0.00,0.00,3,100,0,22,100,15.0,192,191,21.3,37.8,1,685.52,1002.8,988.8
2020-09-27T12:00,12.9,0.10,63,6.0,9.8,0.10,0.00,0.00,51,100,0,66,100,14.0,178,179,19.8,33.5,1,412.18,1003.3,989.3
2020-09-27T13:00,12.5,0.00,66,6.3,9.6,0.00,0.00,0.00,3,100,0,1,100,13.4,185,186,18.8,32.8,1,0.00,1004.1,990.0
2020-09-27T14:00,13.1,0.00,64,6.4,10.3,0.00,0.00,0.00,3,100,0,75,100,13.1,196,196,18.0,31.3,1,0.00,1004.7,990.7
2020-09-27T15:00,13.0,0.00,65,6.5,10.1,0.00,0.00,0.00,3,100,0,0,100,13.2,211,209,18.9,30.2,1,0.00,1005.2,991.2
2020-09-27T16:00,13.1,0.00,65,6.7,10.9,0.00,0.00,0.00,2,68,0,0,68,9.4,214,212,14.3,30.6,1,205.84,1005.5,991.5
2020-09-27T17:00,13.2,0.00,65,6.9,11.6,0.00,0.00,0.00,0,3,0,1,3,5.2,198,196,9.1,22.0,1,3600.00,1006.0,992.0
2020-09-27T18:00,10.7,0.00,76,6.7,8.9,0.00,0.00,0.00,1,20,0,17,8,6.0,239,253,8.4,13.0,1,2456.39,1006.8,992.6
2020-09-27T19:00,9.5,0.00,80,6.2,7.5,0.00,0.00,0.00,0,6,0,0,5,7.3,250,261,12.6,12.2,0,0.00,1007.5,993.3
2020-09-27T20:00,11.4,0.00,67,5.5,9.3,0.00,0.00,0.00,0,4,0,0,4,6.4,236,223,10.9,13.7,0,0.00,1008.3,994.1
2020-09-27T21:00,8.0,0.00,82,5.1,5.9,0.00,0.00,0.00,0,8,0,0,8,6.3,205,156,9.5,12.2,0,0.00,1008.7,994.4
2020-09-27T22:00,7.8,0.00,83,5.1,5.8,0.00,0.00,0.00,0,16,0,0,16,5.9,180,142,9.7,11.2,0,0.00,1009.4,995.0
2020-09-27T23:00,7.4,0.00,85,5.1,5.3,0.00,0.00,0.00,2,68,62,0,16,5.6,182,135,11.2,11.2,0,0.00,1009.7,995.3
2020-09-28T00:00,8.2,0.00,80,5.0,6.2,0.00,0.00,0.00,3,83,83,0,0,5.6,202,135,9.7,11.2,0,0.00,1009.6,995.3
2020-09-28T01:00,9.8,0.00,74,5.3,8.3,0.00,0.00,0.00,1,45,35,0,0,2.3,217,108,5.4,9.7,0,0.00,1009.4,995.1
2020-09-28T02:00,9.5,0.00,75,5.3,7.9,0.00,0.00,0.00,2,51,49,0,2,3.4,249,238,6.2,5.4,0,0.00,1009.6,995.3
2020-09-28T03:00,7.9,0.00,83,5.1,6.0,0.00,0.00,0.00,2,62,60,0,5,4.4,225,171,6.1,6.8,0,0.00,1010.1,995.7
2020-09-28T04:00,6.4,0.00,90,4.9,4.3,0.00,0.00,0.00,1,30,21,7,12,6.3,182,156,12.2,11.5,0,0.00,1010.4,996.0
2020-09-28T05:00,5.7,0.00,93,4.7,3.7,0.00,0.00,0.00,0,3,3,0,1,5.1,177,135,12.3,13.7,0,0.00,1010.7,996.2
2020-09-28T06:00,5.2,0.00,93,4.2,3.1,0.00,0.00,0.00,0,2,0,0,2,4.6,178,135,10.8,10.1,0,0.00,1010.8,996.3
2020-09-28T07:00,5.9,0.00,93,4.8,3.9,0.00,0.00,0.00,0,5,0,0,5,4.6,172,129,9.8,9.4,1,46.22,1011.0,996.5
2020-09-28T08:00,8.3,0.00,84,5.8,6.6,0.00,0.00,0.00,0,0,0,0,0,4.4,165,145,7.1,12.2,1,3600.00,1011.3,996.9
2020-09-28T09:00,10.6,0.00,77,6.8,9.1,0.00,0.00,0.00,0,0,0,0,0,4.6,163,162,6.0,15.1,1,3600.00,1011.8,997.5
2020-09-28T10:00,12.4,0.00,69,6.8,11.0,0.00,0.00,0.00,0,0,0,0,0,4.0,205,207,5.2,15.5,1,3600.00,1012.0,997.8
2020-09-28T11:00,13.7,0.00,63,6.8,12.2,0.00,0.00,0.00,0,4,3,0,0,4.7,208,212,6.1,17.3,1,3600.00,1011.9,997.8
2020-09-28T12:00,14.8,0.00,58,6.6,13.4,0.00,0.00,0.00,2,61,61,0,0,6.0,204,205,7.9,19.4,1,3600.00,1011.8,997.8
2020-09-28T13:00,15.8,0.00,55,6.9,13.2,0.00,0.00,0.00,3,99,16,2,10,12.7,209,209,17.2,24.8,1,3600.00,1011.6,997.6
2020-09-28T14:00,16.3,0.00,52,6.5,13.5,0.00,0.00,0.00,3,94,66,85,66,13.2,211,209,18.1,30.2,1,3600.00,1011.3,997.3
2020-09-28T15:00,16.2,0.00,52,6.4,13.4,0.00,0.00,0.00,3,99,60,98,41,12.8,222,220,17.8,31.0,1,3600.00,1011.2,997.2
2020-09-28T16:00,15.6,0.00,57,7.0,13.6,0.00,0.00,0.00,2,79,0,74,34,8.7,231,228,14.3,28.4,1,9.41,1011.2,997.2
2020-09-28T17:00,15.1,0.00,63,8.1,14.0,0.00,0.00,0.00,2,79,0,79,18,4.4,236,235,10.9,19.8,1,3331.95,1011.5,997.5
2020-09-28T18:00,13.3,0.00,68,7.5,11.8,0.00,0.00,0.00,3,87,0,87,17,5.2,260,254,14.3,11.2,1,831.70,1012.1,998.0
2020-09-28T19:00,12.8,0.00,70,7.5,11.3,0.00,0.00,0.00,2,72,0,68,31,6.2,256,249,15.2,13.0,0,0.00,1013.1,998.9
2020-09-28T20:00,11.9,0.00,76,7.8,10.5,0.00,0.00,0.00,1,48,0,43,29,5.6,242,230,15.1,13.0,0,0.00,1014.0,999.8
2020-09-28T21:00,11.2,0.00,81,8.0,9.8,0.00,0.00,0.00,1,32,0,22,24,6.1,223,208,15.8,13.3,0,0.00,1014.6,1000.3
2020-09-28T22:00,10.3,0.00,87,8.2,9.0,0.00,0.00,0.00,1,24,0,23,10,5.8,206,184,14.8,13.3,0,0.00,1014.9,1000.6
2020-09-28T23:00,9.7,0.00,90,8.1,8.4,0.00,0.00,0.00,1,24,0,21,9,5.6,192,153,13.6,12.6,0,0.00,1015.0,1000.7
2020-09-29T00:00,9.4,0.00,91,8.1,8.0,0.00,0.00,0.00,1,38,0,31,21,6.4,180,142,13.7,13.0,0,0.00,1014.8,1000.4
2020-09-29T01:00,9.5,0.00,93,8.4,8.4,0.00,0.00,0.00,2,61,0,24,55,4.9,187,144,12.7,13.7,0,0.00,1014.8,1000.4
2020-09-29T02:00,10.2,0.00,89,8.5,8.8,0.00,0.00,0.00,3,98,0,23,97,6.9,170,133,13.9,14.0,0,0.00,1014.8,1000.5
2020-09-29T03:00,11.1,0.00,84,8.5,9.7,0.00,0.00,0.00,3,100,0,72,100,6.7,171,144,14.2,15.8,0,0.00,1014.9,1000.6
2020-09-29T04:00,11.2,0.00,84,8.7,9.9,0.00,0.00,0.00,3,100,2,82,100,6.4,171,137,11.3,14.4,0,0.00,1015.0,1000.7
2020-09-29T05:00,11.2,0.10,86,9.0,10.0,0.10,0.00,0.00,51,100,1,98,100,6.1,171,140,11.3,13.3,0,0.00,1015.1,1000.8
2020-09-29T06:00,11.5,0.10,88,9.5,10.5,0.10,0.00,0.00,51,100,0,36,100,5.9,193,166,12.6,12.6,0,0.00,1015.1,1000.8
2020-09-29T07:00,11.8,0.00,90,10.2,11.0,0.00,0.00,0.00,3,100,0,21,100,5.8,206,180,11.6,12.6,1,0.00,1015.6,1001.4
2020-09-29T08:00,12.5,0.10,92,11.2,11.7,0.10,0.00,0.00,51,100,0,22,100,7.4,225,219,12.2,14.4,1,0.00,1016.2,1002.0
2020-09-29T09:00,12.9,0.20,92,11.7,11.9,0.20,0.00,0.00,51,100,0,21,100,10.2,229,228,15.8,21.2,1,0.00,1016.9,1002.7
2020-09-29T10:00,12.9,0.40,94,11.9,11.6,0.40,0.00,0.00,51,100,0,3,100,12.8,224,220,21.1,27.0,1,0.00,1017.4,1003.2
2020-09-29T11:00,13.2,0.20,93,12.1,11.6,0.20,0.00,0.00,51,100,0,10,100,15.5,225,222,24.4,32.8,1,0.00,1017.9,1003.7
2020-09-29T12:00,13.4,0.10,90,11.9,11.7,0.10,0.00,0.00,51,100,0,70,100,15.8,228,227,23.7,34.2,1,0.00,1018.0,1003.8
2020-09-29T13:00,13.5,0.00,85,11.0,11.3,0.00,0.00,0.00,3,100,1,97,100,17.3,239,239,24.9,34.2,1,0.00,1018.7,1004.5
2020-09-29T14:00,13.5,1.00,84,10.9,11.4,1.00,0.00,0.00,55,100,20,100,100,16.7,238,237,24.6,36.4,1,0.00,1018.6,1004.4
2020-09-29T15:00,13.3,0.20,88,11.4,12.1,0.20,0.00,0.00,51,100,0,100,100,11.0,234,229,18.6,35.3,1,0.00,1018.7,1004.5
2020-09-29T16:00,13.3,0.20,91,11.9,12.3,0.20,0.00,0.00,51,100,0,89,100,10.3,226,216,17.6,23.4,1,0.00,1018.6,1004.4
2020-09-29T17:00,13.3,0.10,92,12.1,12.7,0.10,0.00,0.00,51,99,0,95,97,8.4,220,211,15.6,21.6,1,0.00,1018.8,1004.6
2020-09-29T18:00,13.1,0.10,93,12.0,12.7,0.10,0.00,0.00,51,100,0,98,100,7.4,220,209,15.6,17.6,1,0.00,1019.0,1004.8
2020-09-29T19:00,12.9,0.10,94,12.0,12.4,0.10,0.00,0.00,51,100,1,91,99,7.8,217,202,16.2,15.8,0,0.00,1019.1,1004.9
2020-09-29T20:00,12.8,0.10,94,11.9,12.0,0.10,0.00,0.00,51,100,13,69,100,8.9,218,207,17.7,18.4,0,0.00,1018.9,1004.7
2020-09-29T21:00,12.4,0.00,95,11.6,11.8,0.00,0.00,0.00,3,93,23,67,85,7.6,219,205,16.6,18.4,0,0.00,1019.1,1004.8
2020-09-29T22:00,12.2,0.00,95,11.4,11.6,0.00,0.00,0.00,2,79,25,60,62,6.8,219,205,15.9,15.8,0,0.00,1019.3,1005.0
2020-09-29T23:00,12.1,0.00,95,11.3,11.6,0.00,0.00,0.00,3,88,2,55,83,6.6,220,202,15.1,14.8,0,0.00,1019.2,1004.9
2020-09-30T00:00,11.9,0.00,96,11.2,11.3,0.00,0.00,0.00,3,89,0,35,86,6.5,219,199,14.8,14.0,0,0.00,1019.0,1004.7
2020-09-30T01:00,11.2,0.00,97,10.7,10.8,0.00,0.00,0.00,3,92,26,22,41,4.4,224,189,12.0,14.0,0,0.00,1018.9,1004.6
2020-09-30T02:00,11.4,0.00,96,10.8,11.0,0.00,0.00,0.00,2,76,56,48,53,4.4,207,171,10.9,9.7,0,0.00,1018.9,1004.6
2020-09-30T03:00,11.5,0.00,97,11.0,11.1,0.00,0.00,0.00,3,89,78,48,60,4.7,206,176,11.6,10.1,0,0.00,1018.5,1004.2
2020-09-30T04:00,11.6,0.00,98,11.2,11.2,0.00,0.00,0.00,3,92,88,26,65,4.8,199,167,11.0,10.4,0,0.00,1018.2,1003.9
2020-09-30T05:00,11.4,0.00,98,11.1,11.1,0.00,0.00,0.00,3,89,83,14,60,4.4,199,171,11.0,10.1,0,0.00,1018.0,1003.7
2020-09-30T06:00,11.1,0.00,98,10.8,10.7,0.00,0.00,0.00,3,99,94,6,92,4.0,210,185,10.8,9.7,0,0.00,1017.9,1003.6
2020-09-30T07:00,11.7,0.00,97,11.2,11.3,0.00,0.00,0.00,3,99,95,1,83,4.7,209,171,9.5,9.4,1,0.00,1018.0,1003.7
2020-09-30T08:00,12.5,0.00,94,11.6,12.3,0.00,0.00,0.00,3,97,95,0,57,4.8,186,167,6.5,11.9,1,344.27,1017.9,1003.7
2020-09-30T09:00,13.8,0.00,89,12.1,13.6,0.00,0.00,0.00,3,95,92,0,44,6.0,163,163,7.5,16.6,1,3600.00,1017.6,1003.4
2020-09-30T10:00,15.2,0.00,84,12.6,15.2,0.00,0.00,0.00,3,100,19,0,100,5.6,165,165,7.1,17.3,1,3600.00,1017.3,1003.2
2020-09-30T11:00,16.5,0.10,76,12.2,16.5,0.10,0.00,0.00,51,100,2,0,100,4.7,177,180,6.1,17.3,1,3600.00,1016.9,1002.9
2020-09-30T12:00,16.9,0.10,73,12.0,16.9,0.10,0.00,0.00,51,100,0,7,100,4.1,164,165,5.2,15.8,1,2032.06,1016.5,1002.5
2020-09-30T13:00,17.0,0.10,68,11.1,16.9,0.10,0.00,0.00,51,100,0,1,73,2.6,122,124,3.4,16.2,1,1219.93,1016.0,1002.0
2020-09-30T14:00,17.5,0.00,65,10.9,17.2,0.00,0.00,0.00,2,79,0,1,78,3.8,107,107,4.9,12.6,1,3489.16,1015.1,1001.1
2020-09-30T15:00,17.8,0.00,63,10.6,17.3,0.00,0.00,0.00,3,100,0,2,100,4.5,108,104,5.7,13.7,1,3600.00,1014.4,1000.5
2020-09-30T16:00,17.6,0.00,63,10.5,16.9,0.00,0.00,0.00,3,100,0,2,100,5.7,109,108,7.6,14.0,1,2550.13,1013.9,1000.0
2020-09-30T17:00,16.9,0.00,68,10.8,15.8,0.00,0.00,0.00,0,18,0,1,17,9.0,91,90,14.0,18.7,1,2969.17,1013.5,999.5
2020-09-30T18:00,14.8,0.00,76,10.6,13.6,0.00,0.00,0.00,0,1,0,1,0,9.4,95,94,21.0,20.5,1,2071.23,1013.3,999.2
2020-09-30T19:00,13.3,0.00,82,10.3,12.3,0.00,0.00,0.00,0,1,0,0,1,7.6,95,85,19.2,19.4,0,0.00,1013.4,999.3
2020-09-30T20:00,13.1,0.00,82,10.2,11.6,0.00,0.00,0.00,0,5,4,0,1,10.5,103,94,22.9,20.2,0,0.00,1013.0,998.9
2020-09-30T21:00,13.1,0.00,82,10.1,11.6,0.00,0.00,0.00,1,40,39,1,1,10.2,106,100,24.4,22.0,0,0.00,1012.4,998.3
2020-09-30T22:00,13.1,0.00,82,10.1,11.4,0.00,0.00,0.00,0,1,0,0,1,11.7,104,101,26.4,24.8,0,0.00,1012.0,997.9
2020-09-30T23:00,12.7,0.00,84,10.1,10.9,0.00,0.00,0.00,2,67,66,0,5,12.8,110,106,27.2,26.6,0,0.00,1011.6,997.5
2020-10-01T00:00,12.3,0.00,86,10.1,10.4,0.00,0.00,0.00,0,9,0,0,9,13.3,117,109,27.4,27.7,0,0.00,1011.2,997.0
2020-10-01T01:00,12.1,0.00,90,10.5,10.3,0.00,0.00,0.00,0,11,35,0,22,13.9,123,115,27.6,27.7,0,0.00,1010.5,996.3
2020-10-01T02:00,12.0,0.00,91,10.5,10.2,0.00,0.00,0.00,2,57,55,0,4,13.0,131,118,26.0,28.8,0,0.00,1009.7,995.5
2020-10-01T03:00,11.6,0.00,92,10.3,10.3,0.00,0.00,0.00,2,79,74,0,21,9.6,132,124,21.4,27.0,0,0.00,1009.2,995.0
2020-10-01T04:00,11.0,0.00,94,10.0,9.7,0.00,0.00,0.00,2,63,53,1,22,8.7,137,114,17.3,19.8,0,0.00,1008.6,994.4
2020-10-01T05:00,10.9,0.00,94,9.9,9.4,0.00,0.00,0.00,3,97,96,0,12,9.8,123,107,17.7,19.8,0,0.00,1007.8,993.6
2020-10-01T06:00,10.3,0.00,95,9.5,8.9,0.00,0.00,0.00,3,95,94,0,24,9.2,130,116,17.4,19.8,0,0.00,1007.3,993.1
2020-10-01T07:00,10.5,0.00,94,9.5,8.9,0.00,0.00,0.00,3,99,98,3,36,9.6,129,110,16.1,18.7,1,0.00,1007.1,992.9
2020-10-01T08:00,12.1,0.00,87,10.1,10.9,0.00,0.00,0.00,3,89,86,9,21,8.7,127,114,14.4,19.4,1,767.76,1006.6,992.5
2020-10-01T09:00,14.2,0.00,81,10.9,13.3,0.00,0.00,0.00,3,81,77,32,14,7.6,127,121,11.3,19.1,1,3600.00,1006.0,992.0
2020-10-01T10:00,16.1,0.00,72,11.1,15.1,0.00,0.00,0.00,2,76,70,55,2,9.4,158,157,12.8,23.8,1,3600.00,1005.3,991.4
2020-10-01T11:00,17.6,0.00,66,11.2,16.5,0.00,0.00,0.00,3,88,70,72,1,9.7,167,165,12.9,24.8,1,3600.00,1004.8,991.0
2020-10-01T12:00,18.7,0.00,61,11.0,17.5,0.00,0.00,0.00,2,75,49,49,20,9.8,164,163,13.5,25.2,1,3600.00,1004.2,990.4
2020-10-01T13:00,18.7,0.00,64,11.8,17.6,0.00,0.00,0.00,2,50,39,29,4,11.0,163,161,15.0,26.6,1,3600.00,1004.3,990.5
2020-10-01T14:00,19.3,0.00,57,10.6,17.9,0.00,0.00,0.00,3,100,100,66,8,11.2,195,195,15.6,27.4,1,3600.00,1003.5,989.8
2020-10-01T15:00,18.7,0.20,61,11.0,17.0,0.20,0.00,0.00,51,100,100,98,38,13.8,220,221,19.7,29.5,1,3600.00,1003.6,989.8
2020-10-01T16:00,16.3,1.00,80,12.9,15.5,1.00,0.00,0.00,55,100,100,100,9,11.2,202,201,19.9,30.6,1,0.00,1003.6,989.7
2020-10-01T17:00,15.5,0.20,85,13.0,14.0,0.20,0.00,0.00,51,99,96,89,29,17.1,228,226,29.1,37.8,1,0.00,1003.8,989.9
2020-10-01T18:00,14.7,0.00,86,12.4,13.7,0.00,0.00,0.00,2,58,32,41,1,11.8,232,230,22.0,35.6,1,0.00,1004.0,990.1
2020-10-01T19:00,13.2,0.00,90,11.7,12.7,0.00,0.00,0.00,3,80,76,32,0,6.9,227,219,18.3,25.6,0,0.00,1004.3,990.3
2020-10-01T20:00,12.5,0.00,92,11.2,12.3,0.00,0.00,0.00,3,100,100,44,7,4.3,201,156,12.0,17.3,0,0.00,1004.2,990.1
2020-10-01T21:00,12.1,0.00,91,10.7,11.6,0.00,0.00,0.00,3,100,100,0,20,5.2,194,155,13.0,12.6,0,0.00,1003.9,989.8
2020-10-01T22:00,12.0,0.00,90,10.4,11.1,0.00,0.00,0.00,3,100,100,12,26,6.6,198,167,16.3,15.8,0,0.00,1003.9,989.8
2020-10-01T23:00,11.9,0.00,90,10.4,11.0,0.00,0.00,0.00,3,100,100,13,12,6.8,188,155,15.3,15.8,0,0.00,1003.5,989.4
2020-10-02T00:00,11.6,0.00,92,10.4,10.9,0.00,0.00,0.00,3,100,100,35,0,6.1,170,130,12.8,15.5,0,0.00,1002.7,988.6
2020-10-02T01:00,11.7,0.00,95,10.9,10.8,0.00,0.00,0.00,3,100,100,19,20,7.6,143,121,16.7,13.7,0,0.00,1001.9,987.8
2020-10-02T02:00,11.3,0.00,95,10.5,10.5,0.00,0.00,0.00,3,100,100,0,67,6.6,124,99,14.8,15.8,0,0.00,1001.3,987.2
2020-10-02T03:00,11.4,0.00,95,10.6,10.3,0.00,0.00,0.00,3,100,100,0,3,8.7,116,97,17.2,17.6,0,0.00,1000.0,986.0
2020-10-02T04:00,11.4,0.00,92,10.1,9.9,0.00,0.00,0.00,3,100,100,38,0,10.6,117,108,22.7,22.3,0,0.00,999.2,985.2
2020-10-02T05:00,11.5,0.00,90,9.9,9.6,0.00,0.00,0.00,3,100,100,97,0,12.6,119,110,25.1,25.9,0,0.00,998.8,984.8
2020-10-02T06:00,11.8,0.00,88,9.9,9.5,0.00,0.00,0.00,3,100,100,99,0,15.7,117,110,29.6,32.0,0,0.00,998.0,984.0
2020-10-02T07:00,12.3,0.00,85,9.8,9.4,0.00,0.00,0.00,3,100,100,82,0,19.4,111,105,35.6,40.0,1,0.00,996.7,982.7
2020-10-02T08:00,13.2,0.00,78,9.5,9.8,0.00,0.00,0.00,3,100,100,55,0,22.6,110,107,39.5,46.4,1,272.59,996.0,982.1
2020-10-02T09:00,15.1,0.00,75,10.8,12.2,0.00,0.00,0.00,3,100,100,95,0,21.4,104,103,37.9,48.2,1,3600.00,995.3,981.5
2020-10-02T10:00,15.2,0.00,79,11.6,12.9,0.00,0.00,0.00,3,100,99,98,0,19.3,105,104,41.0,49.3,1,0.00,994.9,981.1
2020-10-02T11:00,17.2,0.00,70,11.6,14.8,0.00,0.00,0.00,3,98,0,98,0,19.9,96,96,32.2,44.6,1,0.00,994.0,980.3
2020-10-02T12:00,18.4,0.00,63,11.3,15.7,0.00,0.00,0.00,3,92,84,52,0,20.9,94,93,32.5,46.8,1,919.53,993.0,979.4
2020-10-02T13:00,18.3,0.00,68,12.2,16.6,0.00,0.00,0.00,3,100,94,95,0,16.2,94,90,29.6,49.7,1,3600.00,991.4,977.8
2020-10-02T14:00,21.0,0.00,56,11.9,18.3,0.00,0.00,0.00,3,100,100,95,0,22.3,92,92,34.2,50.0,1,3600.00,989.8,976.3
2020-10-02T15:00,21.5,0.00,55,12.2,19.0,0.00,0.00,0.00,3,100,100,93,0,21.6,92,91,34.9,49.3,1,2456.09,988.9,975.5
2020-10-02T16:00,21.3,0.00,54,11.7,18.4,0.00,0.00,0.00,3,100,100,94,0,23.8,95,93,39.7,51.5,1,443.61,987.8,974.4
2020-10-02T17:00,20.5,0.00,56,11.4,17.3,0.00,0.00,0.00,3,100,100,100,0,24.4,100,99,41.7,52.9,1,0.00,987.8,974.3
2020-10-02T18:00,19.5,0.10,61,11.8,16.6,0.10,0.00,0.00,51,100,100,99,0,23.1,95,92,40.1,52.9,1,0.00,987.7,974.2
2020-10-02T19:00,19.4,0.00,60,11.5,16.4,0.00,0.00,0.00,3,99,98,91,0,23.6,99,97,40.8,51.1,0,0.00,987.4,973.9
2020-10-02T20:00,19.1,0.00,60,11.2,16.4,0.00,0.00,0.00,3,97,92,90,0,21.0,98,97,37.5,50.8,0,0.00,987.2,973.7
2020-10-02T21:00,18.8,0.00,61,11.1,16.6,0.00,0.00,0.00,3,100,100,87,0,17.7,97,96,33.0,44.6,0,0.00,987.0,973.5
2020-10-02T22:00,17.9,0.00,64,11.0,16.4,0.00,0.00,0.00,3,97,97,22,0,12.7,98,98,27.2,37.4,0,0.00,987.1,973.5
2020-10-02T23:00,17.1,0.00,66,10.7,15.7,0.00,0.00,0.00,3,98,98,11,0,10.8,103,92,24.0,27.4,0,0.00,987.3,973.7
2020-10-03T00:00,15.8,0.00,70,10.4,15.1,0.00,0.00,0.00,3,99,99,11,0,5.8,121,112,17.3,24.5,0,0.00,987.3,973.6
2020-10-03T01:00,16.0,0.00,63,9.0,14.2,0.00,0.00,0.00,3,97,100,76,0,10.1,109,94,20.6,23.4,0,0.00,987.2,973.5
2020-10-03T02:00,15.4,0.00,67,9.4,13.9,0.00,0.00,0.00,3,100,100,24,0,9.2,170,154,19.0,20.2,0,0.00,987.9,974.2
2020-10-03T03:00,13.8,0.00,87,11.8,13.1,0.00,0.00,0.00,3,100,100,12,3,8.9,172,159,16.3,25.2,0,0.00,988.7,974.9
2020-10-03T04:00,13.0,0.00,92,11.7,11.6,0.00,0.00,0.00,3,100,100,65,2,12.8,225,218,23.9,26.6,0,0.00,988.9,975.1
2020-10-03T05:00,12.9,0.00,92,11.5,12.4,0.00,0.00,0.00,3,100,100,100,15,6.1,240,208,12.9,26.6,0,0.00,988.9,975.1
2020-10-03T06:00,12.7,0.00,91,11.3,11.9,0.00,0.00,0.00,3,81,59,47,30,8.3,227,214,15.3,17.3,0,0.00,989.3,975.5
2020-10-03T07:00,12.6,0.00,86,10.3,10.9,0.00,0.00,0.00,3,96,50,87,58,12.8,237,238,23.7,28.8,1,0.00,990.3,976.4
2020-10-03T08:00,13.0,0.00,80,9.7,10.9,0.00,0.00,0.00,3,93,9,90,28,13.8,236,231,22.1,28.4,1,0.00,990.8,977.0
2020-10-03T09:00,13.1,0.00,78,9.4,10.9,0.00,0.00,0.00,3,80,66,58,18,14.0,250,247,21.4,34.2,1,160.61,991.4,977.6
2020-10-03T10:00,13.9,0.00,72,8.9,11.4,0.00,0.00,0.00,3,99,96,83,28,15.5,246,245,22.1,35.3,1,3600.00,992.8,979.0
2020-10-03T11:00,13.0,1.00,80,9.6,10.4,1.00,0.00,0.00,55,100,50,100,19,17.0,234,234,25.3,37.8,1,0.00,994.0,980.1
2020-10-03T12:00,12.1,0.60,87,9.9,9.9,0.60,0.00,0.00,53,99,46,99,24,15.0,226,224,22.9,37.4,1,0.00,994.9,981.0
2020-10-03T13:00,11.2,0.50,92,10.0,9.4,0.50,0.00,0.00,53,100,3,100,9,11.8,215,211,17.6,36.7,1,0.00,995.6,981.6
2020-10-03T14:00,11.9,0.40,86,9.6,9.9,0.40,0.00,0.00,51,66,36,44,23,12.9,204,203,18.9,33.8,1,0.00,995.5,981.5
2020-10-03T15:00,13.0,0.00,79,9.3,11.4,0.00,0.00,0.00,0,7,5,0,3,9.7,205,202,14.3,28.8,1,3600.00,995.0,981.1
2020-10-03T16:00,14.1,0.00,70,8.7,12.5,0.00,0.00,0.00,0,0,0,0,0,8.7,178,175,12.2,24.5,1,3600.00,994.4,980.6
2020-10-03T17:00,13.8,0.00,71,8.6,12.4,0.00,0.00,0.00,0,0,0,0,0,7.1,143,135,13.6,21.6,1,3600.00,994.0,980.2
2020-10-03T18:00,11.2,0.00,82,8.3,9.8,0.00,0.00,0.00,0,2,1,0,1,6.3,119,114,16.1,16.6,0,1684.34,994.0,980.0
2020-10-03T19:00,11.3,0.00,81,8.1,9.1,0.00,0.00,0.00,1,24,23,1,0,11.7,115,101,25.8,22.7,0,0.00,993.9,979.9
2020-10-03T20:00,11.6,0.00,78,7.9,8.8,0.00,0.00,0.00,0,5,5,1,0,15.3,135,124,30.3,31.0,0,0.00,993.6,979.6
2020-10-03T21:00,11.1,0.00,78,7.5,8.4,0.00,0.00,0.00,0,9,0,9,0,14.2,141,126,28.9,31.0,0,0.00,993.6,979.6
2020-10-03T22:00,10.9,0.00,77,7.1,7.9,0.00,0.00,0.00,2,61,49,34,0,15.4,142,127,30.8,32.4,0,0.00,993.3,979.3
2020-10-03T23:00,10.7,0.00,75,6.5,7.4,0.00,0.00,0.00,1,20,0,20,0,16.8,137,125,32.4,35.6,0,0.00,992.9,978.9
2020-10-04T00:00,10.6,0.00,73,5.9,7.1,0.00,0.00,0.00,1,25,0,25,0,16.9,138,128,32.9,35.6,0,0.00,992.5,978.5
2020-10-04T01:00,12.0,0.00,67,6.1,8.6,0.00,0.00,0.00,3,100,100,97,0,16.6,154,139,28.5,36.0,0,0.00,993.7,979.8
2020-10-04T02:00,11.8,0.10,69,6.4,8.1,0.10,0.00,0.00,51,100,100,100,11,19.2,150,142,35.3,58.0,0,0.00,993.3,979.4
2020-10-04T03:00,13.3,0.00,61,5.9,8.8,0.00,0.00,0.00,1,30,14,22,13,23.8,184,181,39.7,54.7,0,0.00,993.4,979.5
2020-10-04T04:00,12.1,0.10,66,6.0,7.8,0.10,0.00,0.00,51,100,98,90,21,23.0,201,197,39.0,51.8,0,0.00,994.1,980.2
2020-10-04T05:00,11.6,0.00,71,6.4,7.5,0.00,0.00,0.00,2,56,2,53,17,21.6,211,208,36.5,51.1,0,0.00,994.8,980.8
2020-10-04T06:00,11.3,0.00,70,6.0,7.1,0.00,0.00,0.00,0,12,0,9,6,21.9,215,213,37.2,47.5,0,0.00,995.5,981.5
2020-10-04T07:00,10.7,0.00,70,5.6,6.7,0.00,0.00,0.00,2,62,59,2,5,20.0,212,208,34.8,47.9,1,0.00,996.8,982.8
2020-10-04T08:00,11.4,0.00,67,5.5,7.5,0.00,0.00,0.00,3,92,87,28,50,19.0,215,213,33.4,47.9,1,3524.61,997.8,983.8
2020-10-04T09:00,11.8,0.00,68,6.2,7.5,0.00,0.00,0.00,3,100,89,100,100,22.7,216,216,35.3,46.4,1,1085.92,998.9,984.9
2020-10-04T10:00,11.6,0.00,72,6.7,8.2,0.00,0.00,0.00,3,99,0,98,56,17.6,211,208,28.3,49.7,1,0.00,999.8,985.8
2020-10-04T11:00,13.1,0.00,60,5.4,8.4,0.00,0.00,0.00,2,68,0,29,61,24.4,224,224,37.7,61.6,1,734.51,1000.3,986.3
2020-10-04T12:00,14.3,0.00,51,4.2,9.7,0.00,0.00,0.00,1,20,0,7,18,21.7,221,220,31.9,52.6,1,3600.00,1000.4,986.5
2020-10-04T13:00,15.2,0.00,54,6.0,11.5,0.00,0.00,0.00,1,22,3,14,58,18.8,232,234,26.4,55.8,1,3600.00,1000.5,986.6
2020-10-04T14:00,16.0,0.00,50,5.6,12.4,0.00,0.00,0.00,3,86,4,71,83,17.1,218,219,24.3,41.8,1,3600.00,1000.3,986.5
2020-10-04T15:00,15.9,0.00,52,6.1,12.9,0.00,0.00,0.00,3,93,90,33,20,13.9,197,197,20.3,38.9,1,3600.00,1000.3,986.5
2020-10-04T16:00,15.5,0.00,56,6.9,13.5,0.00,0.00,0.00,3,85,84,26,1,8.0,194,190,13.4,31.3,1,3600.00,1000.3,986.4
2020-10-04T17:00,15.2,0.00,57,6.8,12.9,0.00,0.00,0.00,1,32,21,26,1,9.8,177,163,19.8,21.6,1,3213.97,1000.1,986.2
2020-10-04T18:00,14.4,0.00,56,5.8,11.4,0.00,0.00,0.00,3,97,90,94,16,12.9,200,193,26.1,31.3,0,1018.56,1001.0,987.1
2020-10-04T19:00,13.4,0.20,67,7.3,11.5,0.20,0.00,0.00,51,95,89,82,2,8.3,180,162,18.0,40.0,0,0.00,1001.6,987.6
2020-10-04T20:00,12.0,0.00,76,7.9,10.6,0.00,0.00,0.00,3,89,39,87,0,5.9,167,133,14.4,19.1,0,0.00,1001.7,987.7
2020-10-04T21:00,12.0,0.00,75,7.8,9.7,0.00,0.00,0.00,3,87,1,87,0,12.0,160,141,24.5,23.8,0,0.00,1002.1,988.1
2020-10-04T22:00,12.4,0.00,74,7.9,9.5,0.00,0.00,0.00,3,100,100,95,1,15.9,156,147,29.6,34.6,0,0.00,1002.7,988.7
2020-10-04T23:00,12.1,0.10,78,8.3,9.6,0.10,0.00,0.00,51,100,100,68,0,14.3,152,141,27.4,33.1,0,0.00,1002.7,988.6
2020-10-05T00:00,11.8,0.00,80,8.5,9.6,0.00,0.00,0.00,3,100,100,22,0,12.2,159,146,24.3,29.9,0,0.00,1002.7,988.6
2020-10-05T01:00,12.0,0.00,70,6.6,9.6,0.00,0.00,0.00,3,98,90,87,47,10.3,166,151,23.0,25.6,0,0.00,1002.7,988.6
2020-10-05T02:00,12.3,0.00,68,6.6,9.7,0.00,0.00,0.00,3,97,34,96,27,11.4,203,193,23.5,24.5,0,0.00,1003.3,989.2
2020-10-05T03:00,12.3,0.00,74,7.9,9.9,0.00,0.00,0.00,3,100,1,100,0,13.0,218,214,24.6,29.9,0,0.00,1003.2,989.2
2020-10-05T04:00,12.0,0.00,74,7.4,9.7,0.00,0.00,0.00,3,100,1,100,0,10.6,199,190,21.7,29.2,0,0.00,1003.1,989.0
2020-10-05T05:00,12.1,0.00,67,6.1,9.5,0.00,0.00,0.00,3,100,4,100,0,11.2,208,201,22.4,24.8,0,0.00,1003.5,989.4
2020-10-05T06:00,11.9,0.00,64,5.2,8.8,0.00,0.00,0.00,0,2,0,2,0,12.9,208,203,24.8,28.1,0,0.00,1004.0,989.9
2020-10-05T07:00,10.6,0.00,71,5.5,7.7,0.00,0.00,0.00,3,99,99,0,0,12.4,210,206,25.3,28.4,1,0.00,1004.3,990.2
2020-10-05T08:00,11.5,0.00,73,6.8,8.9,0.00,0.00,0.00,3,98,98,1,0,12.1,209,203,25.6,31.7,1,3430.75,1004.7,990.6
2020-10-05T09:00,12.8,0.00,68,7.0,9.6,0.00,0.00,0.00,3,100,100,68,3,16.1,208,207,24.5,35.3,1,3600.00,1005.0,990.9
2020-10-05T10:00,13.1,0.10,67,7.1,9.4,0.10,0.00,0.00,51,100,97,100,11,20.4,211,212,30.2,43.9,1,2029.98,1005.2,991.2
2020-10-05T11:00,13.4,0.10,65,7.0,9.4,0.10,0.00,0.00,51,100,100,99,27,22.2,215,216,32.6,48.2,1,3600.00,1005.5,991.5
2020-10-05T12:00,13.4,0.10,65,6.8,9.2,0.10,0.00,0.00,51,98,26,98,40,22.8,219,219,34.0,49.7,1,889.41,1005.7,991.7
2020-10-05T13:00,14.2,0.00,63,7.3,10.5,0.00,0.00,0.00,3,100,95,99,16,20.8,211,210,31.0,50.4,1,1258.38,1005.1,991.1
2020-10-05T14:00,13.9,0.00,60,6.3,10.1,0.00,0.00,0.00,3,98,65,95,49,19.5,212,210,31.7,45.0,1,0.00,1004.9,990.9
2020-10-05T15:00,14.1,0.00,57,5.7,9.3,0.00,0.00,0.00,3,98,88,65,86,25.7,217,217,39.3,57.2,1,887.62,1005.1,991.1
2020-10-05T16:00,13.4,0.20,65,6.9,10.0,0.20,0.00,0.00,51,100,99,62,100,17.9,219,218,28.2,54.7,1,1565.84,1005.8,991.8
2020-10-05T17:00,12.6,0.40,71,7.5,9.6,0.40,0.00,0.00,51,100,99,78,100,16.1,212,209,26.9,46.4,1,0.00,1006.2,992.1
2020-10-05T18:00,11.8,0.90,79,8.3,8.5,0.90,0.00,0.00,53,100,95,62,100,19.2,211,208,32.5,47.9,0,0.00,1006.6,992.5
2020-10-05T19:00,11.4,0.80,83,8.7,8.1,0.80,0.00,0.00,53,100,51,100,100,19.8,211,207,33.9,54.0,0,0.00,1007.0,992.9
2020-10-05T20:00,11.3,0.80,84,8.6,8.1,0.80,0.00,0.00,53,78,34,69,29,19.0,211,207,32.6,52.6,0,0.00,1007.3,993.1
2020-10-05T21:00,10.7,0.50,85,8.4,7.6,0.50,0.00,0.00,53,100,0,96,100,18.4,210,206,32.4,48.2,0,0.00,1007.4,993.2
2020-10-05T22:00,10.9,0.20,86,8.6,7.9,0.20,0.00,0.00,51,99,96,86,73,18.2,212,207,31.7,40.7,0,0.00,1007.3,993.1
2020-10-05T23:00,10.9,0.10,87,8.8,7.9,0.10,0.00,0.00,51,100,100,99,20,18.4,213,211,32.3,40.0,0,0.00,1007.1,992.9
2020-10-06T00:00,10.9,0.30,89,9.2,8.3,0.30,0.00,0.00,51,100,98,100,98,16.6,214,210,29.9,39.6,0,0.00,1007.2,993.0
2020-10-06T01:00,11.9,1.20,90,10.3,8.6,1.20,0.00,0.00,55,100,93,98,77,23.5,209,205,41.1,36.4,0,0.00,1006.3,992.2
2020-10-06T02:00,12.1,0.90,91,10.7,8.6,0.90,0.00,0.00,53,100,89,100,97,25.0,225,223,42.0,56.2,0,0.00,1006.3,992.2
2020-10-06T03:00,12.3,1.30,92,11.0,8.7,1.30,0.00,0.00,61,100,93,100,100,26.8,230,229,44.5,58.7,0,0.00,1006.7,992.6
2020-10-06T04:00,12.1,0.80,92,10.9,9.1,0.80,0.00,0.00,53,100,80,100,100,22.2,229,227,37.3,58.0,0,0.00,1007.0,992.9
2020-10-06T05:00,11.7,0.50,95,10.9,8.6,0.50,0.00,0.00,53,100,0,96,100,23.0,230,229,38.1,58.3,0,0.00,1007.6,993.5
2020-10-06T06:00,11.7,0.30,87,9.6,8.4,0.30,0.00,0.00,51,98,0,65,96,22.4,229,226,37.3,52.6,0,0.00,1007.8,993.7
2020-10-06T07:00,11.5,0.00,85,9.1,8.7,0.00,0.00,0.00,2,68,0,62,50,17.7,222,219,30.1,48.2,1,0.00,1008.0,993.8
2020-10-06T08:00,11.5,0.30,86,9.2,8.7,0.30,0.00,0.00,51,100,5,92,99,17.5,216,212,29.4,38.2,1,1722.87,1007.9,993.7
2020-10-06T09:00,12.0,0.00,81,8.8,9.3,0.00,0.00,0.00,2,71,33,25,54,16.7,215,213,29.2,40.7,1,0.00,1007.9,993.8
2020-10-06T10:00,13.7,0.00,72,8.7,11.0,0.00,0.00,0.00,3,96,94,31,45,15.9,207,205,23.8,37.1,1,3600.00,1007.2,993.2
2020-10-06T11:00,13.9,0.10,70,8.6,10.8,0.10,0.00,0.00,51,99,95,91,26,18.7,207,205,28.7,58.7,1,2077.08,1006.9,992.9
2020-10-06T12:00,12.8,1.50,80,9.4,10.2,1.50,0.00,0.00,61,100,100,92,48,16.9,199,196,28.9,58.0,1,0.00,1006.5,992.4
2020-10-06T13:00,12.7,0.40,84,10.2,10.5,0.40,0.00,0.00,51,100,97,92,99,15.8,202,197,26.5,56.2,1,0.00,1006.5,992.4
2020-10-06T14:00,13.0,0.90,84,10.3,10.4,0.90,0.00,0.00,53,97,90,69,41,18.2,212,210,29.3,38.5,1,0.00,1005.6,991.5
2020-10-06T15:00,13.7,0.10,85,11.3,11.8,0.10,0.00,0.00,51,68,57,35,9,15.2,219,211,31.5,54.7,1,1440.21,1004.9,990.9
2020-10-06T16:00,13.8,0.20,83,10.9,10.8,0.20,0.00,0.00,51,85,76,53,14,22.4,234,233,36.9,57.6,1,3600.00,1005.2,991.2
2020-10-06T17:00,13.2,0.00,82,10.3,10.5,0.00,0.00,0.00,3,100,85,100,9,19.0,236,233,32.7,48.6,1,922.64,1005.3,991.3
2020-10-06T18:00,13.1,0.10,81,9.9,10.4,0.10,0.00,0.00,51,48,24,37,13,18.0,236,233,31.4,50.0,0,0.00,1005.4,991.4
2020-10-06T19:00,12.5,0.10,82,9.6,10.0,0.10,0.00,0.00,51,50,26,42,15,16.4,245,244,29.8,39.6,0,0.00,1005.5,991.4
2020-10-06T20:00,12.2,0.10,83,9.4,9.7,0.10,0.00,0.00,51,93,24,91,31,15.7,239,238,28.9,46.4,0,0.00,1005.8,991.7
2020-10-06T21:00,11.9,0.30,85,9.5,9.4,0.30,0.00,0.00,51,100,37,84,100,16.6,231,228,29.5,44.6,0,0.00,1006.2,992.1
2020-10-06T22:00,11.4,0.60,90,9.8,9.0,0.60,0.00,0.00,53,78,56,60,24,16.1,233,228,28.3,41.4,0,0.00,1006.6,992.5
2020-10-06T23:00,11.4,0.20,89,9.6,8.6,0.20,0.00,0.00,51,74,55,46,38,17.9,241,240,31.3,40.0,0,0.00,1007.1,993.0
2020-10-07T00:00,11.0,0.40,92,9.7,8.5,0.40,0.00,0.00,51,58,0,53,42,16.6,235,231,29.5,41.4,0,0.00,1007.6,993.4
2020-10-07T01:00,10.7,0.00,90,9.1,8.2,0.00,0.00,0.00,2,61,0,42,27,15.8,229,225,29.6,38.2,0,0.00,1008.1,993.9
2020-10-07T02:00,10.8,0.00,90,9.2,8.1,0.00,0.00,0.00,2,58,0,50,40,17.3,226,222,30.8,37.1,0,0.00,1008.5,994.3
2020-10-07T03:00,10.7,0.00,88,8.8,7.7,0.00,0.00,0.00,2,73,0,63,54,18.4,231,228,32.3,39.6,0,0.00,1008.7,994.5
2020-10-07T04:00,10.5,0.00,89,8.8,7.7,0.00,0.00,0.00,3,89,0,62,80,17.1,227,222,30.1,40.0,0,0.00,1009.0,994.8
2020-10-07T05:00,10.5,0.50,90,8.9,7.8,0.50,0.00,0.00,53,96,0,95,43,16.5,229,226,28.6,39.6,0,0.00,1009.7,995.5
2020-10-07T06:00,10.5,0.30,90,9.0,7.9,0.30,0.00,0.00,51,93,0,91,73,16.4,236,230,29.3,40.3,0,0.00,1010.3,996.1
2020-10-07T07:00,10.9,0.10,90,9.3,8.3,0.10,0.00,0.00,51,75,0,64,60,16.4,233,230,28.8,38.9,1,0.00,1011.0,996.8
2020-10-07T08:00,11.3,0.00,89,9.5,8.7,0.00,0.00,0.00,3,99,0,96,96,17.4,237,236,29.2,37.1,1,238.69,1012.1,997.9
2020-10-07T09:00,11.7,0.10,87,9.6,9.2,0.10,0.00,0.00,51,100,0,92,100,16.5,240,238,27.4,42.8,1,0.00,1013.0,998.8
2020-10-07T10:00,12.3,0.20,86,10.1,10.1,0.20,0.00,0.00,51,78,0,37,70,15.3,232,229,23.8,38.2,1,0.00,1013.5,999.3
2020-10-07T11:00,13.2,0.30,80,9.8,10.8,0.30,0.00,0.00,51,81,0,45,79,15.9,246,245,23.7,39.6,1,3600.00,1014.1,999.9
2020-10-07T12:00,13.9,0.20,74,9.2,11.6,0.20,0.00,0.00,51,45,0,34,39,13.8,245,242,20.3,38.9,1,3600.00,1014.3,1000.2
2020-10-07T13:00,14.8,0.10,72,9.9,12.4,0.10,0.00,0.00,51,42,55,29,56,16.8,248,247,24.1,41.4,1,3600.00,1014.9,1000.8
2020-10-07T14:00,15.5,0.10,59,7.5,12.0,0.10,0.00,0.00,51,64,4,57,27,19.6,264,263,29.0,48.6,1,3600.00,1015.2,1001.1
2020-10-07T15:00,14.4,0.00,68,8.6,11.4,0.00,0.00,0.00,2,75,0,74,26,17.9,256,255,27.1,48.6,1,3600.00,1015.9,1001.8
2020-10-07T16:00,14.4,0.00,68,8.6,11.7,0.00,0.00,0.00,3,86,71,50,11,16.3,244,242,24.5,45.7,1,3600.00,1016.3,1002.2
2020-10-07T17:00,13.3,0.00,75,9.1,11.2,0.00,0.00,0.00,2,57,32,36,7,12.6,239,233,22.3,35.6,1,3215.86,1016.8,1002.6
2020-10-07T18:00,12.6,0.00,78,8.9,10.6,0.00,0.00,0.00,1,31,4,27,4,11.9,241,235,23.4,27.7,0,396.55,1017.7,1003.5
2020-10-07T19:00,11.8,0.00,83,9.0,9.9,0.00,0.00,0.00,1,29,1,25,6,10.7,236,225,22.3,26.3,0,0.00,1018.7,1004.4
2020-10-07T20:00,11.2,0.00,85,8.8,9.2,0.00,0.00,0.00,2,57,36,26,27,11.7,232,223,24.3,25.2,0,0.00,1019.7,1005.4
2020-10-07T21:00,11.1,0.00,84,8.5,8.9,0.00,0.00,0.00,2,70,2,67,36,12.7,231,225,25.4,27.7,0,0.00,1020.5,1006.1
2020-10-07T22:00,11.2,0.00,83,8.5,8.9,0.00,0.00,0.00,1,41,0,24,38,13.0,235,228,24.6,28.1,0,0.00,1021.1,1006.7
2020-10-07T23:00,10.5,0.10,88,8.5,8.4,0.10,0.00,0.00,51,17,0,12,13,11.5,231,224,23.6,28.1,0,0.00,1021.7,1007.3
2020-10-08T00:00,9.8,0.00,93,8.6,7.7,0.00,0.00,0.00,1,32,0,18,29,11.6,223,216,24.7,24.8,0,0.00,1021.9,1007.5
2020-10-08T01:00,10.0,0.00,92,8.7,8.0,0.00,0.00,0.00,1,30,0,51,71,11.0,222,212,22.9,26.3,0,0.00,1022.2,1007.8
2020-10-08T02:00,10.6,0.20,90,9.0,8.5,0.20,0.00,0.00,51,48,11,38,31,12.1,210,203,23.2,25.6,0,0.00,1022.2,1007.8
2020-10-08T03:00,10.3,0.10,92,9.1,8.2,0.10,0.00,0.00,51,32,10,11,24,13.0,215,208,25.6,27.4,0,0.00,1022.0,1007.6
2020-10-08T04:00,10.2,0.00,94,9.2,8.2,0.00,0.00,0.00,1,43,0,26,30,12.6,216,211,25.5,28.8,0,0.00,1021.9,1007.5
2020-10-08T05:00,10.2,0.00,94,9.3,8.3,0.00,0.00,0.00,3,99,0,99,33,12.2,216,208,24.8,27.7,0,0.00,1021.9,1007.5
2020-10-08T06:00,10.9,0.10,92,9.6,9.0,0.10,0.00,0.00,51,100,0,100,20,12.1,211,203,23.4,27.4,0,0.00,1021.5,1007.1
2020-10-08T07:00,11.1,0.30,92,9.9,9.2,0.30,0.00,0.00,51,100,0,100,17,12.8,208,202,24.8,28.4,1,0.00,1021.3,1006.9
2020-10-08T08:00,11.5,0.20,91,10.0,9.5,0.20,0.00,0.00,51,100,0,100,30,13.6,207,202,25.9,29.9,1,0.00,1021.6,1007.3
2020-10-08T09:00,11.8,0.20,90,10.2,9.7,0.20,0.00,0.00,51,100,0,100,87,14.5,204,199,26.8,32.0,1,0.00,1021.4,1007.1
2020-10-08T10:00,12.5,0.10,87,10.4,10.2,0.10,0.00,0.00,51,100,0,100,100,16.7,209,205,28.5,36.4,1,0.00,1021.2,1006.9
2020-10-08T11:00,13.6,0.00,81,10.4,11.0,0.00,0.00,0.00,3,100,0,86,100,18.5,215,213,31.1,39.2,1,0.00,1020.9,1006.7
2020-10-08T12:00,15.2,0.00,75,10.7,12.9,0.00,0.00,0.00,3,98,0,7,98,17.3,212,211,28.2,40.0,1,0.00,1020.2,1006.1
2020-10-08T13:00,15.0,0.00,77,11.0,12.6,0.00,0.00,0.00,3,99,73,31,67,18.2,220,218,29.9,52.9,1,0.00,1019.8,1005.6
2020-10-08T14:00,16.1,0.00,74,11.4,13.4,0.00,0.00,0.00,3,100,37,75,100,21.2,229,228,32.7,58.0,1,1328.74,1019.6,1005.5
2020-10-08T15:00,16.0,0.00,74,11.4,13.3,0.00,0.00,0.00,3,100,38,3,100,21.3,237,236,34.0,51.5,1,1657.83,1019.3,1005.2
2020-10-08T16:00,16.7,0.00,69,10.9,14.0,0.00,0.00,0.00,3,99,90,3,90,20.6,239,237,32.0,49.3,1,3073.05,1019.0,1004.9
2020-10-08T17:00,16.4,0.00,70,10.9,14.2,0.00,0.00,0.00,3,95,93,1,38,16.9,222,220,28.8,44.3,1,783.99,1018.8,1004.7
2020-10-08T18:00,15.5,0.00,74,10.9,13.3,0.00,0.00,0.00,3,85,82,5,31,16.3,224,221,29.5,37.1,0,0.00,1019.3,1005.2
2020-10-08T19:00,14.8,0.00,78,11.1,13.0,0.00,0.00,0.00,3,100,76,54,100,14.8,230,225,28.3,35.6,0,0.00,1019.8,1005.6
2020-10-08T20:00,15.5,0.00,75,11.1,13.2,0.00,0.00,0.00,3,98,94,59,82,17.9,224,220,31.1,38.5,0,0.00,1019.7,1005.6
2020-10-08T21:00,15.5,0.00,75,11.1,13.3,0.00,0.00,0.00,3,97,46,95,29,17.3,227,223,30.6,39.2,0,0.00,1019.7,1005.6
2020-10-08T22:00,15.4,0.00,76,11.1,13.2,0.00,0.00,0.00,3,100,99,100,11,17.4,225,220,30.5,38.5,0,0.00,1019.9,1005.8
2020-10-08T23:00,15.2,0.00,77,11.1,13.1,0.00,0.00,0.00,3,100,100,100,39,16.5,228,224,29.3,38.2,0,0.00,1020.1,1006.0
2020-10-09T00:00,14.9,0.00,79,11.2,12.7,0.00,0.00,0.00,3,99,97,96,68,17.1,229,224,30.1,36.7,0,0.00,1020.1,1005.9
2020-10-09T01:00,14.9,0.00,79,11.2,12.5,0.00,0.00,0.00,3,97,95,66,20,18.6,227,223,33.1,39.2,0,0.00,1020.0,1005.8
2020-10-09T02:00,14.7,0.10,79,11.1,12.6,0.10,0.00,0.00,51,98,93,92,15,16.8,230,228,30.4,41.0,0,0.00,1020.1,1005.9
2020-10-09T03:00,14.3,0.40,83,11.5,12.5,0.40,0.00,0.00,51,100,90,58,100,15.6,233,230,28.3,37.1,0,0.00,1019.9,1005.7
2020-10-09T04:00,14.2,0.00,84,11.5,12.5,0.00,0.00,0.00,3,99,49,22,99,15.0,230,226,27.3,33.5,0,0.00,1019.9,1005.7
2020-10-09T05:00,14.1,0.00,84,11.4,12.5,0.00,0.00,0.00,3,98,92,64,91,14.0,225,222,26.0,32.4,0,0.00,1019.9,1005.7
2020-10-09T06:00,14.0,0.00,85,11.5,12.5,0.00,0.00,0.00,3,100,95,95,100,13.6,225,220,24.9,29.9,0,0.00,1019.9,1005.7
2020-10-09T07:00,14.0,0.00,86,11.7,12.6,0.00,0.00,0.00,3,100,98,100,100,12.8,224,218,23.9,29.2,1,0.00,1019.8,1005.6
2020-10-09T08:00,14.1,0.10,86,11.9,13.0,0.10,0.00,0.00,51,99,98,52,60,11.3,224,217,20.9,28.1,1,0.00,1020.0,1005.8
2020-10-09T09:00,15.0,0.00,83,12.2,14.3,0.00,0.00,0.00,3,95,94,19,30,9.8,222,216,17.8,24.5,1,0.00,1020.2,1006.0
2020-10-09T10:00,15.9,0.00,79,12.2,14.7,0.00,0.00,0.00,3,97,96,50,32,12.4,219,216,18.4,28.1,1,1248.08,1020.1,1006.0
2020-10-09T11:00,17.0,0.00,74,12.2,15.4,0.00,0.00,0.00,3,97,95,86,8,15.3,220,219,22.5,35.3,1,3600.00,1020.0,1005.9
2020-10-09T12:00,17.9,0.00,68,11.9,16.0,0.00,0.00,0.00,3,92,91,54,28,17.1,230,229,24.8,38.5,1,3600.00,1019.8,1005.8
2020-10-09T13:00,15.3,0.10,85,12.8,14.4,0.10,0.00,0.00,51,100,100,100,3,12.5,216,213,22.2,38.9,1,3213.61,1019.8,1005.7
2020-10-09T14:00,15.5,0.80,85,12.9,14.5,0.80,0.00,0.00,53,99,97,96,0,13.0,212,208,23.0,28.8,1,0.00,1019.5,1005.4
2020-10-09T15:00,16.3,0.20,84,13.6,15.9,0.20,0.00,0.00,51,100,91,100,26,10.8,219,217,18.9,28.4,1,490.78,1018.9,1004.8
2020-10-09T16:00,15.5,1.50,90,13.8,15.1,1.50,0.00,0.00,61,95,23,94,7,11.5,219,212,21.8,30.6,1,0.00,1018.7,1004.6
2020-10-09T17:00,15.5,0.20,87,13.4,14.5,0.20,0.00,0.00,51,98,29,79,96,14.3,229,225,25.3,30.2,1,0.00,1018.6,1004.5
2020-10-09T18:00,15.1,0.50,88,13.2,14.1,0.50,0.00,0.00,53,100,0,85,100,14.0,237,235,26.1,32.8,0,0.00,1018.7,1004.6
2020-10-09T19:00,14.7,0.50,92,13.4,14.1,0.50,0.00,0.00,53,100,0,100,100,11.6,243,240,23.0,33.8,0,0.00,1018.9,1004.7
2020-10-09T20:00,14.4,1.10,95,13.6,14.0,1.10,0.00,0.00,55,95,0,93,93,10.4,243,236,20.3,32.0,0,0.00,1018.8,1004.6
2020-10-09T21:00,14.3,0.30,96,13.6,14.0,0.30,0.00,0.00,51,100,0,65,100,10.2,242,238,20.5,31.0,0,0.00,1018.7,1004.5
2020-10-09T22:00,14.3,0.50,95,13.5,13.5,0.50,0.00,0.00,53,100,0,100,100,12.7,257,255,23.3,27.0,0,0.00,1018.8,1004.6
2020-10-09T23:00,14.0,0.50,94,13.1,13.6,0.50,0.00,0.00,53,94,0,72,91,9.8,267,262,18.8,27.4,0,0.00,1019.0,1004.8
2020-10-10T00:00,13.5,0.00,93,12.4,13.0,0.00,0.00,0.00,2,51,0,35,41,8.3,274,265,17.7,21.6,0,0.00,1019.0,1004.8
2020-10-10T01:00,13.3,0.00,92,12.0,12.5,0.00,0.00,0.00,3,100,55,81,100,9.4,272,268,18.7,19.1,0,0.00,1019.3,1005.1
2020-10-10T02:00,12.7,0.00,85,10.2,11.3,0.00,0.00,0.00,3,100,26,97,100,10.0,288,285,18.6,23.4,0,0.00,1019.2,1004.9
2020-10-10T03:00,12.0,0.00,85,9.5,10.5,0.00,0.00,0.00,3,100,48,100,17,9.8,272,262,19.1,22.0,0,0.00,1019.5,1005.2
2020-10-10T04:00,11.7,0.00,86,9.4,10.3,0.00,0.00,0.00,3,96,93,70,1,8.4,265,260,16.6,21.6,0,0.00,1019.8,1005.5
2020-10-10T05:00,11.2,0.00,87,9.2,10.0,0.00,0.00,0.00,3,95,93,35,17,6.8,258,252,15.5,18.4,0,0.00,1020.2,1005.9
2020-10-10T06:00,10.7,0.00,90,9.0,9.6,0.00,0.00,0.00,3,98,98,32,8,5.6,265,255,13.7,15.8,0,0.00,1020.4,1006.0
2020-10-10T07:00,10.3,0.00,91,8.9,9.1,0.00,0.00,0.00,3,98,93,92,4,6.1,273,267,14.1,14.0,1,0.00,1020.6,1006.2
2020-10-10T08:00,11.0,0.00,87,8.9,9.7,0.00,0.00,0.00,3,100,99,98,1,6.6,272,257,11.5,15.5,1,1726.33,1021.3,1006.9
2020-10-10T09:00,11.4,0.00,82,8.3,9.8,0.00,0.00,0.00,3,99,98,87,9,7.7,283,281,11.1,18.7,1,0.00,1021.8,1007.4
2020-10-10T10:00,11.6,0.00,78,7.9,9.6,0.00,0.00,0.00,3,99,98,90,16,9.8,300,298,13.7,22.7,1,0.00,1022.1,1007.8
2020-10-10T11:00,12.0,0.00,72,7.2,9.9,0.00,0.00,0.00,3,99,98,48,14,9.1,305,304,12.7,23.8,1,0.00,1022.7,1008.4
2020-10-10T12:00,12.8,0.00,64,6.2,10.5,0.00,0.00,0.00,3,95,93,14,20,9.0,300,299,12.4,22.7,1,1077.44,1022.6,1008.3
2020-10-10T13:00,12.6,0.00,71,7.5,11.1,0.00,0.00,0.00,1,29,0,36,83,5.9,283,284,7.8,23.4,1,3600.00,1022.9,1008.6
2020-10-10T14:00,12.6,0.90,70,7.2,10.3,0.90,0.00,0.00,53,57,0,54,12,10.4,291,290,13.9,28.8,1,3600.00,1022.4,1008.1
2020-10-10T15:00,13.0,0.10,62,5.8,10.6,0.10,0.00,0.00,51,35,0,33,18,9.2,284,281,13.4,24.5,1,3600.00,1022.2,1007.9
2020-10-10T16:00,13.0,0.00,57,4.8,10.3,0.00,0.00,0.00,1,21,0,17,15,10.0,290,291,15.7,23.0,1,3600.00,1021.8,1007.5
2020-10-10T17:00,12.0,0.00,63,5.1,9.7,0.00,0.00,0.00,0,6,0,5,2,7.1,287,285,15.8,22.7,1,3600.00,1021.8,1007.5
2020-10-10T18:00,9.8,0.00,69,4.4,7.3,0.00,0.00,0.00,0,8,0,7,1,7.9,272,267,19.8,16.6,0,257.01,1021.8,1007.4
2020-10-10T19:00,9.1,0.00,70,3.9,6.3,0.00,0.00,0.00,0,2,0,0,2,8.8,265,258,22.0,19.1,0,0.00,1022.2,1007.7
2020-10-10T20:00,8.2,0.00,75,3.9,5.6,0.00,0.00,0.00,0,1,0,1,0,7.9,259,246,20.5,19.1,0,0.00,1022.5,1008.0
2020-10-10T21:00,7.3,0.00,79,4.0,4.8,0.00,0.00,0.00,0,2,0,2,0,7.4,243,227,19.8,17.3,0,0.00,1022.7,1008.1
2020-10-10T22:00,6.9,0.00,81,3.9,4.3,0.00,0.00,0.00,0,2,0,2,0,8.1,238,225,20.9,18.0,0,0.00,1022.6,1008.0
2020-10-10T23:00,6.4,0.00,83,3.8,3.8,0.00,0.00,0.00,0,19,17,2,0,7.9,231,210,20.0,18.0,0,0.00,1022.4,1007.8
2020-10-11T00:00,6.1,0.00,84,3.6,3.4,0.00,0.00,0.00,1,30,19,22,0,8.1,220,201,19.7,17.6,0,0.00,1022.1,1007.5
2020-10-11T01:00,7.6,0.00,76,3.6,4.8,0.00,0.00,0.00,2,52,2,33,15,8.9,212,201,18.6,18.7,0,0.00,1022.0,1007.4
2020-10-11T02:00,6.5,0.00,83,3.8,3.6,0.00,0.00,0.00,2,59,22,46,21,9.4,211,198,20.7,19.1,0,0.00,1021.7,1007.1
2020-10-11T03:00,6.5,0.10,84,4.0,3.5,0.10,0.00,0.00,51,84,18,80,22,10.3,214,205,22.3,21.6,0,0.00,1021.4,1006.8
2020-10-11T04:00,7.0,0.40,84,4.4,4.1,0.40,0.00,0.00,51,90,2,56,85,10.4,220,214,21.2,23.0,0,0.00,1021.3,1006.7
2020-10-11T05:00,6.7,0.30,88,4.8,3.9,0.30,0.00,0.00,51,100,1,100,94,9.9,227,224,20.6,22.3,0,0.00,1021.3,1006.7
2020-10-11T06:00,6.8,0.30,89,5.2,4.2,0.30,0.00,0.00,51,100,0,69,100,9.9,228,224,18.9,21.6,0,0.00,1021.4,1006.8
2020-10-11T07:00,6.8,0.30,90,5.3,4.4,0.30,0.00,0.00,51,98,0,50,97,8.4,227,220,16.3,20.5,1,0.00,1021.3,1006.7
2020-10-11T08:00,7.1,0.00,90,5.6,4.9,0.00,0.00,0.00,2,70,0,10,68,7.1,222,210,13.0,18.4,1,322.33,1021.4,1006.8
2020-10-11T09:00,7.9,0.00,89,6.2,6.0,0.00,0.00,0.00,1,39,0,4,39,6.8,216,212,9.8,17.3,1,3600.00,1021.5,1007.0
2020-10-11T10:00,9.2,0.00,82,6.4,7.4,0.00,0.00,0.00,2,56,0,14,53,6.2,234,234,8.0,18.4,1,3600.00,1021.2,1006.7
2020-10-11T11:00,10.4,0.10,74,6.0,8.7,0.10,0.00,0.00,51,41,0,8,41,4.8,257,257,6.3,18.4,1,3600.00,1021.0,1006.6
2020-10-11T12:00,11.3,0.10,68,5.7,9.2,0.10,0.00,0.00,51,42,0,27,38,6.9,265,264,9.0,19.8,1,3600.00,1020.4,1006.1
2020-10-11T13:00,11.5,0.10,67,5.6,9.1,0.10,0.00,0.00,51,51,1,52,29,8.7,277,277,11.3,25.2,1,3600.00,1020.5,1006.2
2020-10-11T14:00,11.1,0.90,68,5.4,8.9,0.90,0.00,0.00,53,63,3,56,29,7.2,268,267,9.7,22.0,1,3600.00,1020.1,1005.8
2020-10-11T15:00,11.3,0.70,70,6.0,9.4,0.70,0.00,0.00,53,65,19,59,3,6.1,299,298,8.2,18.7,1,3600.00,1019.8,1005.5
2020-10-11T16:00,11.2,0.10,71,6.0,9.7,0.10,0.00,0.00,51,28,2,21,16,3.3,321,311,5.1,22.7,1,3600.00,1019.8,1005.5
2020-10-11T17:00,10.2,0.10,84,7.6,9.1,0.10,0.00,0.00,51,15,0,9,13,3.1,235,216,4.4,9.7,1,3600.00,1019.9,1005.5
2020-10-11T18:00,9.4,0.00,83,6.7,7.8,0.00,0.00,0.00,1,33,0,15,32,5.6,222,207,4.8,8.6,0,109.01,1020.3,1005.9
2020-10-11T19:00,6.7,0.00,94,5.8,4.6,0.00,0.00,0.00,1,20,0,11,19,7.3,216,200,6.7,9.7,0,0.00,1020.7,1006.1
2020-10-11T20:00,6.0,0.00,95,5.3,3.7,0.00,0.00,0.00,0,16,0,16,1,7.4,240,227,11.6,11.2,0,0.00,1020.8,1006.2
2020-10-11T21:00,8.2,0.00,90,6.6,6.5,0.00,0.00,0.00,1,20,0,3,19,5.2,254,236,10.5,11.9,0,0.00,1021.0,1006.5
2020-10-11T22:00,6.6,0.00,93,5.5,5.0,0.00,0.00,0.00,1,24,0,2,24,3.8,249,163,6.2,9.0,0,0.00,1021.2,1006.6
2020-10-11T23:00,5.9,0.00,95,5.1,4.1,0.00,0.00,0.00,1,27,0,6,25,4.0,260,170,4.0,7.2,0,0.00,1021.4,1006.8
2020-10-12T00:00,5.3,0.00,96,4.7,3.5,0.00,0.00,0.00,1,40,0,35,20,4.0,276,175,3.6,6.8,0,0.00,1021.1,1006.4
2020-10-12T01:00,5.2,0.00,97,4.8,3.2,0.00,0.00,0.00,2,62,0,69,40,5.2,249,168,5.0,7.2,0,0.00,1021.5,1006.8
2020-10-12T02:00,6.1,0.00,97,5.6,4.4,0.00,0.00,0.00,2,56,0,48,49,3.7,282,209,7.0,8.3,0,0.00,1021.6,1007.0
2020-10-12T03:00,6.4,0.20,96,5.8,4.9,0.20,0.00,0.00,51,55,0,52,19,3.1,282,216,7.0,7.6,0,0.00,1021.3,1006.7
2020-10-12T04:00,5.6,0.00,97,5.1,3.7,0.00,0.00,0.00,2,52,0,44,34,4.8,273,222,7.2,8.6,0,0.00,1021.4,1006.8
2020-10-12T05:00,6.5,0.00,95,5.7,4.9,0.00,0.00,0.00,1,31,0,15,26,3.6,249,217,9.2,8.6,0,0.00,1021.3,1006.7
2020-10-12T06:00,5.4,0.00,97,4.9,3.5,0.00,0.00,0.00,1,23,0,11,18,4.8,248,228,11.6,9.7,0,0.00,1021.1,1006.4
2020-10-12T07:00,5.0,0.00,97,4.6,2.9,0.00,0.00,0.00,1,39,0,12,36,5.2,257,236,11.1,10.4,1,0.00,1021.2,1006.5
2020-10-12T08:00,7.0,0.00,94,6.1,5.3,0.00,0.00,0.00,2,70,0,9,69,4.6,250,219,8.4,11.2,1,2758.87,1021.5,1006.9
2020-10-12T09:00,8.2,0.00,88,6.4,6.4,0.00,0.00,0.00,3,100,0,34,100,5.6,246,243,7.1,14.8,1,3600.00,1021.8,1007.3
2020-10-12T10:00,8.7,0.00,88,6.7,6.9,0.00,0.00,0.00,3,100,0,43,100,6.2,249,249,8.1,16.6,1,0.00,1021.7,1007.2
2020-10-12T11:00,9.4,0.30,88,7.4,7.9,0.30,0.00,0.00,51,100,0,50,100,5.4,252,250,7.2,16.9,1,0.00,1021.7,1007.2
2020-10-12T12:00,10.2,0.10,82,7.3,8.7,0.10,0.00,0.00,51,60,0,12,59,5.4,276,274,7.2,16.9,1,3055.24,1021.1,1006.7
2020-10-12T13:00,10.1,0.20,89,8.4,8.9,0.20,0.00,0.00,51,49,0,51,73,5.7,238,235,8.1,19.4,1,3600.00,1020.7,1006.3
2020-10-12T14:00,11.5,0.10,81,8.3,10.0,0.10,0.00,0.00,51,72,0,27,67,7.0,249,249,9.2,21.2,1,3600.00,1020.0,1005.7
2020-10-12T15:00,11.7,0.10,81,8.5,10.2,0.10,0.00,0.00,51,32,0,24,21,7.3,239,237,9.7,23.8,1,3600.00,1019.5,1005.2
2020-10-12T16:00,11.5,0.10,76,7.5,9.9,0.10,0.00,0.00,51,27,0,24,17,6.8,254,252,9.3,23.8,1,3600.00,1019.0,1004.7
2020-10-12T17:00,10.5,0.00,83,7.7,9.1,0.00,0.00,0.00,1,44,0,32,33,5.5,240,247,12.4,16.6,1,3600.00,1018.9,1004.5
2020-10-12T18:00,8.6,0.20,92,7.4,7.2,0.20,0.00,0.00,51,94,0,66,90,5.2,291,304,10.0,11.9,0,0.00,1019.2,1004.7
2020-10-12T19:00,8.7,0.10,93,7.7,7.6,0.10,0.00,0.00,51,49,0,45,28,3.3,227,186,6.4,9.0,0,0.00,1019.0,1004.5
2020-10-12T20:00,8.1,0.00,96,7.5,6.8,0.00,0.00,0.00,2,55,0,53,21,4.6,231,198,9.2,8.3,0,0.00,1018.8,1004.3
2020-10-12T21:00,7.4,0.00,97,7.0,5.8,0.00,0.00,0.00,1,36,4,32,3,5.4,252,200,8.0,9.4,0,0.00,1018.5,1004.0
2020-10-12T22:00,6.3,0.00,98,6.1,4.5,0.00,0.00,0.00,2,55,35,31,3,5.6,221,165,6.6,8.6,0,0.00,1018.3,1003.7
2020-10-12T23:00,5.7,0.00,99,5.5,3.6,0.00,0.00,0.00,2,59,49,20,14,6.2,215,170,8.8,9.7,0,0.00,1018.1,1003.5
2020-10-13T00:00,5.2,0.00,100,5.2,3.1,0.00,0.00,0.00,1,41,1,35,30,6.2,219,159,7.9,9.7,0,0.00,1017.7,1003.1
2020-10-13T01:00,7.1,0.00,98,6.8,5.8,0.00,0.00,0.00,1,44,1,1,86,3.5,204,156,4.3,9.0,0,0.00,1017.5,1003.0
2020-10-13T02:00,7.0,0.00,98,6.7,5.6,0.00,0.00,0.00,1,48,4,16,43,3.7,194,169,7.4,7.6,0,0.00,1017.1,1002.6
2020-10-13T03:00,6.7,0.00,98,6.4,5.2,0.00,0.00,0.00,3,100,2,18,100,4.0,191,170,9.2,8.3,0,0.00,1016.5,1002.0
2020-10-13T04:00,6.8,0.00,98,6.5,5.3,0.00,0.00,0.00,3,86,2,3,85,4.1,170,142,8.0,10.1,0,0.00,1016.0,1001.5
2020-10-13T05:00,6.5,0.00,98,6.2,4.9,0.00,0.00,0.00,2,58,11,1,53,4.3,167,132,8.1,9.4,0,0.00,1015.7,1001.2
2020-10-13T06:00,6.6,0.00,98,6.3,4.9,0.00,0.00,0.00,2,56,24,0,42,5.2,156,124,8.7,10.4,0,0.00,1015.6,1001.1
2020-10-13T07:00,6.5,0.00,98,6.2,4.5,0.00,0.00,0.00,2,79,35,7,67,7.1,144,131,12.4,13.7,1,0.00,1015.5,1001.0
2020-10-13T08:00,7.0,0.00,97,6.5,4.9,0.00,0.00,0.00,2,77,36,15,63,8.7,136,132,13.0,18.4,1,358.23,1015.7,1001.2
2020-10-13T09:00,8.1,0.00,91,6.7,6.0,0.00,0.00,0.00,3,100,28,14,100,8.4,140,140,11.2,21.2,1,2590.97,1015.5,1001.1
2020-10-13T10:00,9.2,0.00,85,6.8,7.5,0.00,0.00,0.00,2,69,3,3,67,6.4,133,133,8.4,20.5,1,3600.00,1015.2,1000.8
2020-10-13T11:00,10.5,0.10,74,6.1,8.8,0.10,0.00,0.00,51,43,7,7,39,5.3,118,118,6.9,18.0,1,3600.00,1014.4,1000.1
2020-10-13T12:00,11.8,0.00,66,5.6,9.7,0.00,0.00,0.00,2,60,13,9,55,6.9,117,118,8.9,19.4,1,3600.00,1013.6,999.4
2020-10-13T13:00,12.1,0.00,78,8.4,10.9,0.00,0.00,0.00,3,85,24,30,20,5.2,29,25,6.6,20.5,1,3600.00,1013.5,999.3
2020-10-13T14:00,12.5,0.10,76,8.4,11.3,0.10,0.00,0.00,51,83,21,44,77,5.6,45,40,7.6,23.8,1,3600.00,1012.9,998.7
2020-10-13T15:00,12.1,0.10,76,8.0,10.7,0.10,0.00,0.00,51,56,15,19,42,5.9,77,76,8.1,23.8,1,3600.00,1012.4,998.2
2020-10-13T16:00,11.9,0.10,71,6.8,9.9,0.10,0.00,0.00,51,37,6,31,9,8.0,84,82,11.2,22.7,1,3600.00,1012.2,998.0
2020-10-13T17:00,10.7,0.00,72,5.9,8.7,0.00,0.00,0.00,2,62,43,31,18,7.0,76,69,14.5,18.4,1,3600.00,1012.4,998.1
2020-10-13T18:00,9.0,0.00,78,5.3,6.9,0.00,0.00,0.00,2,57,46,17,14,6.7,81,74,16.4,14.8,0,0.00,1012.7,998.4
2020-10-13T19:00,7.9,0.00,82,5.1,5.8,0.00,0.00,0.00,0,17,3,13,11,6.6,76,68,16.3,14.0,0,0.00,1013.1,998.7
2020-10-13T20:00,7.4,0.00,84,4.9,5.0,0.00,0.00,0.00,0,15,0,13,9,7.9,72,66,19.7,16.9,0,0.00,1013.3,998.9
2020-10-13T21:00,6.9,0.00,85,4.6,4.5,0.00,0.00,0.00,0,8,0,6,7,7.4,72,67,19.4,16.9,0,0.00,1013.3,998.8
2020-10-13T22:00,6.6,0.00,86,4.4,4.0,0.00,0.00,0.00,0,3,0,2,2,8.6,73,68,21.9,18.0,0,0.00,1013.7,999.2
2020-10-13T23:00,6.2,0.00,86,4.1,3.6,0.00,0.00,0.00,0,2,0,2,1,7.6,76,71,20.4,18.0,0,0.00,1013.8,999.3
2020-10-14T00:00,5.5,0.00,89,3.8,3.1,0.00,0.00,0.00,0,12,0,12,0,6.2,76,69,18.2,16.2,0,0.00,1013.8,999.3
2020-10-14T01:00,5.3,0.00,90,3.8,2.4,0.00,0.00,0.00,1,28,21,74,1,10.0,77,69,17.0,13.7,0,0.00,1014.0,999.4
2020-10-14T02:00,7.3,0.00,81,4.2,5.6,0.00,0.00,0.00,1,40,18,30,0,2.0,63,315,4.8,16.6,0,0.00,1014.3,999.8
2020-10-14T03:00,4.9,0.00,92,3.6,2.7,0.00,0.00,0.00,3,88,87,21,0,4.7,355,328,4.0,7.9,0,0.00,1014.3,999.7
2020-10-14T04:00,5.7,0.00,89,4.0,3.6,0.00,0.00,0.00,3,95,95,41,0,4.1,35,15,4.4,8.3,0,0.00,1014.1,999.6
2020-10-14T05:00,5.9,0.00,88,4.1,4.0,0.00,0.00,0.00,3,98,98,83,0,3.3,21,354,3.1,7.6,0,0.00,1013.8,999.3
2020-10-14T06:00,4.5,0.00,94,3.6,2.3,0.00,0.00,0.00,3,100,100,91,0,4.2,354,340,9.8,9.0,0,0.00,1013.7,999.1
2020-10-14T07:00,4.8,0.00,94,3.9,2.7,0.00,0.00,0.00,3,98,97,94,0,4.8,7,347,12.7,10.8,1,0.00,1014.1,999.5
2020-10-14T08:00,6.6,0.00,88,4.7,4.3,0.00,0.00,0.00,3,99,96,98,9,6.8,6,342,13.4,14.4,1,0.00,1014.3,999.8
2020-10-14T09:00,8.4,0.00,83,5.6,6.2,0.00,0.00,0.00,3,100,99,99,35,7.0,360,348,10.4,17.3,1,1141.90,1014.5,1000.1
2020-10-14T10:00,9.3,0.40,82,6.4,7.2,0.40,0.00,0.00,51,100,100,98,10,8.1,354,347,11.2,19.4,1,0.00,1014.6,1000.2
2020-10-14T11:00,9.9,0.00,78,6.3,7.3,0.00,0.00,0.00,3,100,100,99,52,11.7,13,9,16.6,26.3,1,0.00,1014.6,1000.3
2020-10-14T12:00,11.0,0.10,71,5.9,8.2,0.10,0.00,0.00,51,100,100,100,31,11.9,16,14,16.5,28.4,1,0.00,1014.3,1000.0
2020-10-14T13:00,10.5,0.20,72,5.7,7.7,0.20,0.00,0.00,51,100,100,100,27,12.3,4,3,17.3,28.1,1,0.00,1014.5,1000.2
2020-10-14T14:00,10.2,0.10,76,6.1,7.6,0.10,0.00,0.00,51,100,100,100,19,11.5,1,360,16.9,26.6,1,0.00,1014.2,999.9
2020-10-14T15:00,10.1,0.20,79,6.6,7.7,0.20,0.00,0.00,51,100,100,100,13,10.5,356,354,15.9,26.3,1,0.00,1014.0,999.7
2020-10-14T16:00,9.9,0.20,82,6.9,7.5,0.20,0.00,0.00,51,100,100,100,26,10.5,359,356,17.3,25.2,1,0.00,1014.2,999.9
2020-10-14T17:00,9.2,0.30,85,6.8,7.0,0.30,0.00,0.00,51,100,100,100,19,9.4,1,356,17.3,22.7,1,0.00,1014.4,1000.0
2020-10-14T18:00,8.7,0.30,90,7.1,6.7,0.30,0.00,0.00,51,100,100,100,2,8.7,360,353,17.6,20.2,0,0.00,1014.5,1000.1
2020-10-14T19:00,8.5,0.30,90,7.0,6.3,0.30,0.00,0.00,51,100,100,100,5,9.7,4,358,19.5,21.2,0,0.00,1014.9,1000.5
2020-10-14T20:00,8.1,0.20,90,6.6,5.9,0.20,0.00,0.00,51,100,99,100,11,9.0,4,355,18.4,22.7,0,0.00,1015.0,1000.6
2020-10-14T21:00,7.8,0.30,91,6.5,5.6,0.30,0.00,0.00,51,100,99,100,9,8.5,358,348,17.7,20.5,0,0.00,1015.1,1000.7
2020-10-14T22:00,7.7,0.30,92,6.4,5.5,0.30,0.00,0.00,51,100,100,100,19,8.5,358,348,17.3,19.1,0,0.00,1015.2,1000.7
2020-10-14T23:00,7.6,0.30,92,6.4,5.5,0.30,0.00,0.00,51,100,100,100,33,7.9,356,344,16.6,18.7,0,0.00,1015.2,1000.7
2020-10-15T00:00,7.7,0.30,93,6.6,5.6,0.30,0.00,0.00,51,100,38,100,99,8.0,354,342,16.3,18.0,0,0.00,1015.0,1000.6
2020-10-15T01:00,7.8,0.20,94,6.9,5.9,0.20,0.00,0.00,51,100,48,100,95,7.2,346,333,14.8,19.8,0,0.00,1015.3,1000.9
2020-10-15T02:00,7.7,0.10,95,6.9,5.7,0.10,0.00,0.00,51,100,40,100,84,8.7,352,343,17.1,18.7,0,0.00,1015.1,1000.7
2020-10-15T03:00,7.8,0.10,94,6.8,5.6,0.10,0.00,0.00,51,100,60,100,100,9.1,1,353,17.6,19.8,0,0.00,1014.7,1000.3
2020-10-15T04:00,7.7,0.10,93,6.7,5.5,0.10,0.00,0.00,51,100,72,100,99,9.7,4,356,18.8,20.9,0,0.00,1014.2,999.8
2020-10-15T05:00,7.7,0.10,92,6.5,5.4,0.10,0.00,0.00,51,100,48,100,100,9.4,6,356,18.1,21.2,0,0.00,1014.2,999.8
2020-10-15T06:00,7.7,0.00,93,6.7,5.7,0.00,0.00,0.00,3,100,0,99,100,8.3,9,358,16.8,20.2,0,0.00,1014.3,999.9
2020-10-15T07:00,7.8,0.10,93,6.8,6.0,0.10,0.00,0.00,51,100,0,99,100,6.5,16,360,14.6,17.6,1,0.00,1014.7,1000.3
2020-10-15T08:00,8.1,0.10,91,6.8,6.3,0.10,0.00,0.00,51,100,0,100,100,6.5,20,3,13.8,14.8,1,0.00,1015.2,1000.8
2020-10-15T09:00,8.3,0.10,93,7.3,6.5,0.10,0.00,0.00,51,100,0,100,100,7.6,12,357,15.1,16.9,1,0.00,1015.4,1001.0
2020-10-15T10:00,8.6,0.30,93,7.6,6.6,0.30,0.00,0.00,51,100,0,99,100,9.7,7,356,17.4,20.2,1,0.00,1015.4,1001.0
2020-10-15T11:00,9.1,0.20,92,7.8,6.6,0.20,0.00,0.00,51,99,0,98,98,13.0,7,2,21.4,26.3,1,0.00,1015.6,1001.2
2020-10-15T12:00,10.0,0.00,84,7.5,7.0,0.00,0.00,0.00,3,99,0,99,99,15.9,22,18,24.4,34.2,1,0.00,1015.3,1001.0
2020-10-15T13:00,9.4,0.00,87,7.4,7.3,0.00,0.00,0.00,3,100,0,100,100,9.8,18,8,18.2,33.5,1,0.00,1015.9,1001.5
2020-10-15T14:00,9.8,0.00,84,7.3,7.3,0.00,0.00,0.00,3,100,0,99,100,12.5,17,12,19.2,26.6,1,0.00,1015.8,1001.5
2020-10-15T15:00,9.6,0.00,86,7.4,7.3,0.00,0.00,0.00,3,100,0,98,100,11.6,16,7,19.8,27.0,1,0.00,1015.8,1001.4
2020-10-15T16:00,10.1,0.00,85,7.7,8.0,0.00,0.00,0.00,3,98,0,98,96,10.1,14,360,18.2,25.2,1,0.00,1016.0,1001.7
2020-10-15T17:00,9.7,0.10,86,7.6,7.6,0.10,0.00,0.00,51,100,0,100,100,10.1,12,2,18.4,23.0,1,0.00,1016.0,1001.6
2020-10-15T18:00,9.6,0.10,88,7.7,7.4,0.10,0.00,0.00,51,100,1,100,96,10.8,12,2,20.3,23.4,0,0.00,1016.3,1001.9
2020-10-15T19:00,9.6,0.10,88,7.7,7.2,0.10,0.00,0.00,51,100,11,100,95,11.9,15,5,21.7,25.6,0,0.00,1016.5,1002.1
2020-10-15T20:00,9.5,0.10,88,7.6,7.1,0.10,0.00,0.00,51,99,0,99,97,12.0,16,7,22.1,25.9,0,0.00,1016.6,1002.2
2020-10-15T21:00,9.5,0.00,88,7.6,7.0,0.00,0.00,0.00,3,99,0,99,92,12.8,18,10,23.5,27.0,0,0.00,1016.9,1002.5
2020-10-15T22:00,9.5,0.00,87,7.5,7.0,0.00,0.00,0.00,3,97,0,97,39,12.9,21,13,23.6,27.7,0,0.00,1017.1,1002.7
2020-10-15T23:00,9.5,0.00,87,7.4,7.0,0.00,0.00,0.00,2,68,0,67,27,12.3,24,15,22.9,27.7,0,0.00,1017.3,1002.9
2020-10-16T00:00,9.0,0.00,88,7.2,6.8,0.00,0.00,0.00,1,45,0,41,26,10.6,21,10,21.2,26.3,0,0.00,1017.4,1003.0
2020-10-16T01:00,9.2,0.00,91,7.9,7.2,0.00,0.00,0.00,2,61,0,100,100,9.8,5,352,18.8,23.0,0,0.00,1017.7,1003.3
2020-10-16T02:00,9.2,0.50,92,7.9,7.1,0.50,0.00,0.00,53,100,0,100,100,10.8,12,360,20.3,23.0,0,0.00,1018.0,1003.6
2020-10-16T03:00,9.0,0.20,91,7.6,6.9,0.20,0.00,0.00,51,88,0,87,24,10.1,15,2,19.4,22.7,0,0.00,1017.9,1003.5
2020-10-16T04:00,8.7,0.10,93,7.6,6.7,0.10,0.00,0.00,51,99,0,98,38,9.0,18,5,18.6,21.2,0,0.00,1017.9,1003.5
2020-10-16T05:00,8.6,0.20,93,7.5,6.8,0.20,0.00,0.00,51,100,0,100,46,8.3,12,358,17.3,19.4,0,0.00,1018.1,1003.7
2020-10-16T06:00,8.5,0.20,93,7.5,6.6,0.20,0.00,0.00,51,100,0,100,46,8.4,5,350,16.6,18.0,0,0.00,1018.2,1003.8
2020-10-16T07:00,8.4,0.20,94,7.5,6.4,0.20,0.00,0.00,51,99,0,99,97,8.8,355,341,17.0,18.7,1,0.00,1018.3,1003.8
2020-10-16T08:00,8.6,0.10,93,7.6,6.5,0.10,0.00,0.00,51,100,2,99,100,9.9,355,341,17.3,20.5,1,0.00,1018.7,1004.2
2020-10-16T09:00,9.1,0.10,92,7.8,7.1,0.10,0.00,0.00,51,100,0,99,100,9.3,1,347,16.6,20.5,1,0.00,1019.0,1004.6
2020-10-16T10:00,9.2,0.20,93,8.1,7.4,0.20,0.00,0.00,51,100,0,99,100,8.7,360,343,15.8,19.8,1,0.00,1019.1,1004.7
2020-10-16T11:00,9.6,0.40,93,8.6,7.9,0.40,0.00,0.00,51,100,0,100,100,9.0,360,344,16.9,18.4,1,0.00,1019.4,1005.0
2020-10-16T12:00,10.0,0.20,90,8.5,8.4,0.20,0.00,0.00,51,100,0,100,100,8.0,1,333,14.8,20.2,1,0.00,1019.4,1005.0
2020-10-16T13:00,9.7,0.10,91,8.3,8.1,0.10,0.00,0.00,51,100,0,99,31,7.9,2,344,13.7,18.0,1,0.00,1019.7,1005.3
2020-10-16T14:00,10.6,0.00,85,8.1,8.8,0.00,0.00,0.00,3,98,0,98,76,9.2,17,11,13.9,23.0,1,441.97,1019.4,1005.0
2020-10-16T15:00,10.7,0.00,85,8.2,8.8,0.00,0.00,0.00,3,100,0,96,100,9.7,8,360,16.0,20.2,1,0.00,1019.4,1005.0
2020-10-16T16:00,10.3,0.10,85,8.0,8.2,0.10,0.00,0.00,51,100,0,85,100,10.8,1,356,18.4,23.4,1,0.00,1019.2,1004.8
2020-10-16T17:00,10.0,0.00,85,7.6,7.9,0.00,0.00,0.00,3,99,6,97,98,10.1,1,354,18.0,23.0,1,0.00,1019.2,1004.8
2020-10-16T18:00,9.7,0.00,82,6.9,7.4,0.00,0.00,0.00,3,100,2,100,100,10.1,9,2,18.9,21.6,0,0.00,1019.7,1005.3
2020-10-16T19:00,9.4,0.00,80,6.1,7.0,0.00,0.00,0.00,3,97,7,70,97,9.4,12,7,18.8,21.2,0,0.00,1020.4,1006.0
2020-10-16T20:00,8.8,0.00,80,5.6,6.3,0.00,0.00,0.00,3,92,1,34,91,9.4,11,4,19.1,20.2,0,0.00,1020.6,1006.1
2020-10-16T21:00,8.0,0.00,81,5.0,5.4,0.00,0.00,0.00,2,63,0,56,54,9.2,17,11,19.9,19.8,0,0.00,1020.7,1006.2
2020-10-16T22:00,7.7,0.00,81,4.7,5.3,0.00,0.00,0.00,3,89,0,85,80,7.6,26,19,18.0,19.4,0,0.00,1020.6,1006.1
2020-10-16T23:00,7.8,0.10,81,4.7,5.6,0.10,0.00,0.00,51,89,2,73,84,6.0,28,17,15.1,16.2,0,0.00,1020.6,1006.1
2020-10-17T00:00,7.8,0.00,81,4.8,5.7,0.00,0.00,0.00,3,94,9,75,92,5.8,17,356,13.6,13.3,0,0.00,1020.4,1005.9
2020-10-17T01:00,7.7,0.00,85,5.3,5.8,0.00,0.00,0.00,2,72,0,90,82,4.7,24,4,10.6,12.6,0,0.00,1020.4,1005.9
2020-10-17T02:00,7.5,0.00,86,5.2,5.5,0.00,0.00,0.00,3,89,0,86,87,5.4,9,356,10.9,11.2,0,0.00,1020.2,1005.7
2020-10-17T03:00,6.9,0.00,88,5.1,5.0,0.00,0.00,0.00,2,74,0,52,70,5.1,7,356,11.3,11.5,0,0.00,1019.8,1005.2
2020-10-17T04:00,6.2,0.00,92,5.0,4.3,0.00,0.00,0.00,2,55,0,44,41,4.7,9,360,11.7,10.4,0,0.00,1019.8,1005.2
2020-10-17T05:00,5.5,0.00,94,4.7,3.6,0.00,0.00,0.00,1,47,0,42,25,4.3,13,5,11.4,10.1,0,0.00,1019.8,1005.2
2020-10-17T06:00,5.0,0.00,95,4.2,3.0,0.00,0.00,0.00,1,49,0,43,28,4.4,16,9,12.0,9.7,0,0.00,1019.7,1005.0
2020-10-17T07:00,4.8,0.00,95,4.0,2.7,0.00,0.00,0.00,1,38,0,26,27,4.0,19,10,9.9,9.4,1,0.00,1019.8,1005.1
2020-10-17T08:00,6.3,0.00,89,4.6,4.3,0.00,0.00,0.00,2,51,2,29,43,4.3,12,360,8.5,10.1,1,1962.64,1020.2,1005.6
2020-10-17T09:00,7.6,0.00,84,5.1,5.8,0.00,0.00,0.00,2,59,12,47,46,4.5,354,346,6.5,12.6,1,3600.00,1020.4,1005.9
2020-10-17T10:00,9.0,0.00,79,5.5,7.2,0.00,0.00,0.00,2,67,0,61,50,4.7,357,351,6.5,15.1,1,3600.00,1020.2,1005.7
2020-10-17T11:00,9.9,0.00,74,5.6,8.1,0.00,0.00,0.00,3,85,0,74,82,5.1,6,4,6.5,15.5,1,3600.00,1020.3,1005.9
2020-10-17T12:00,10.4,0.00,72,5.6,8.5,0.00,0.00,0.00,3,96,0,78,95,5.4,3,360,7.2,15.5,1,3600.00,1020.2,1005.8
2020-10-17T13:00,9.7,0.00,80,6.5,7.8,0.00,0.00,0.00,3,99,0,98,19,6.9,353,351,9.1,15.8,1,2769.08,1020.0,1005.6
2020-10-17T14:00,10.0,0.10,76,6.0,8.1,0.10,0.00,0.00,51,99,0,98,42,5.8,8,4,8.0,17.3,1,279.16,1019.8,1005.4
2020-10-17T15:00,10.0,0.10,76,6.0,8.2,0.10,0.00,0.00,51,95,0,94,37,5.4,9,4,7.3,15.1,1,530.05,1019.9,1005.5
2020-10-17T16:00,10.1,0.00,75,5.9,8.2,0.00,0.00,0.00,3,86,0,83,38,5.8,14,7,7.4,14.8,1,2076.83,1019.9,1005.5
2020-10-17T17:00,9.3,0.00,82,6.4,7.9,0.00,0.00,0.00,2,76,0,71,34,3.6,11,354,7.7,13.7,1,1803.16,1019.8,1005.4
2020-10-17T18:00,8.2,0.00,89,6.5,6.6,0.00,0.00,0.00,2,67,0,64,17,4.4,7,351,9.4,8.6,0,0.00,1020.3,1005.8
2020-10-17T19:00,7.5,0.00,92,6.3,5.8,0.00,0.00,0.00,2,53,0,49,19,4.8,21,13,10.8,9.4,0,0.00,1020.8,1006.3
2020-10-17T20:00,7.1,0.00,93,6.0,5.3,0.00,0.00,0.00,1,45,0,42,16,4.9,43,36,11.7,10.1,0,0.00,1021.1,1006.5
2020-10-17T21:00,6.3,0.00,94,5.4,4.5,0.00,0.00,0.00,1,43,0,36,19,4.5,58,61,9.4,10.1,0,0.00,1021.5,1006.9
2020-10-17T22:00,5.2,0.00,96,4.6,3.1,0.00,0.00,0.00,1,34,0,26,18,5.2,67,74,4.7,8.6,0,0.00,1021.5,1006.8
2020-10-17T23:00,5.0,0.00,96,4.4,3.2,0.00,0.00,0.00,1,20,0,19,12,3.1,344,54,2.6,7.6,0,0.00,1021.9,1007.2
2020-10-18T00:00,4.5,0.00,96,3.9,2.4,0.00,0.00,0.00,1,29,0,26,21,4.1,335,45,6.0,6.5,0,0.00,1022.0,1007.3
2020-10-18T01:00,7.2,0.00,94,6.3,5.5,0.00,0.00,0.00,1,46,0,74,87,4.7,351,356,12.0,7.2,0,0.00,1022.2,1007.6
2020-10-18T02:00,6.8,0.00,95,6.1,5.1,0.00,0.00,0.00,3,94,0,33,93,4.3,345,360,8.2,9.4,0,0.00,1022.3,1007.7
2020-10-18T03:00,7.1,0.00,95,6.3,5.7,0.00,0.00,0.00,2,61,0,15,60,3.2,324,333,8.5,7.2,0,0.00,1022.3,1007.7
2020-10-18T04:00,6.7,0.00,95,6.0,5.1,0.00,0.00,0.00,1,34,0,16,31,4.1,320,322,10.7,8.6,0,0.00,1022.4,1007.8
2020-10-18T05:00,5.3,0.00,98,5.0,3.2,0.00,0.00,0.00,1,36,0,30,19,5.6,309,297,9.7,9.4,0,0.00,1022.6,1007.9
2020-10-18T06:00,4.9,0.00,99,4.8,3.0,0.00,0.00,0.00,0,13,0,7,11,4.7,279,247,6.6,10.1,0,0.00,1022.8,1008.1
2020-10-18T07:00,5.4,0.00,100,5.4,3.6,0.00,0.00,0.00,0,15,0,1,15,4.5,260,241,6.2,8.6,1,0.00,1023.2,1008.5
2020-10-18T08:00,6.1,0.00,97,5.7,4.8,0.00,0.00,0.00,3,95,0,0,95,1.8,261,233,4.7,7.9,1,1782.89,1023.9,1009.2
2020-10-18T09:00,7.1,0.00,93,6.1,6.0,0.00,0.00,0.00,2,53,0,0,53,1.0,252,225,2.3,9.0,1,3600.00,1024.3,1009.7
2020-10-18T10:00,8.9,0.00,82,6.0,7.3,0.00,0.00,0.00,0,3,0,0,3,3.8,254,253,5.2,14.4,1,3600.00,1024.3,1009.8
2020-10-18T11:00,10.3,0.00,72,5.4,8.4,0.00,0.00,0.00,0,6,0,0,6,5.2,261,258,6.6,17.3,1,3600.00,1024.4,1010.0
2020-10-18T12:00,11.2,0.00,63,4.5,8.8,0.00,0.00,0.00,1,41,0,0,41,7.2,270,270,9.0,19.8,1,3600.00,1024.2,1009.8
2020-10-18T13:00,10.6,0.00,65,4.4,8.3,0.00,0.00,0.00,2,70,0,22,80,6.8,288,288,9.1,20.5,1,3600.00,1024.1,1009.7
2020-10-18T14:00,10.5,0.00,67,4.6,8.4,0.00,0.00,0.00,2,68,0,64,61,5.4,279,278,7.3,17.3,1,1705.86,1023.8,1009.4
2020-10-18T15:00,10.9,0.00,64,4.3,8.4,0.00,0.00,0.00,2,56,0,49,36,7.2,276,273,9.8,17.3,1,3600.00,1023.4,1009.0
2020-10-18T16:00,10.8,0.00,65,4.5,8.8,0.00,0.00,0.00,2,55,0,45,52,5.0,255,249,8.6,17.3,1,3600.00,1023.3,1008.9
2020-10-18T17:00,9.4,0.00,78,5.7,7.7,0.00,0.00,0.00,1,49,0,39,43,4.3,202,180,7.8,11.9,1,3373.15,1023.2,1008.7
2020-10-18T18:00,8.2,0.00,78,4.6,6.1,0.00,0.00,0.00,2,56,0,48,41,5.3,180,152,11.5,9.7,0,0.00,1023.6,1009.1
2020-10-18T19:00,8.0,0.00,79,4.6,5.8,0.00,0.00,0.00,2,55,0,39,52,6.3,187,156,14.2,12.6,0,0.00,1024.3,1009.7
2020-10-18T20:00,7.6,0.00,82,4.8,5.6,0.00,0.00,0.00,2,62,0,48,60,5.1,217,176,13.1,12.6,0,0.00,1024.3,1009.7
2020-10-18T21:00,6.8,0.00,89,5.1,4.9,0.00,0.00,0.00,2,76,51,47,39,4.7,242,189,9.8,10.4,0,0.00,1024.5,1009.9
2020-10-18T22:00,6.1,0.00,91,4.8,4.0,0.00,0.00,0.00,3,84,63,49,53,5.2,229,164,6.6,9.0,0,0.00,1024.6,1009.9
2020-10-18T23:00,6.6,0.00,91,5.2,4.7,0.00,0.00,0.00,3,97,91,52,62,4.6,210,162,7.9,7.9,0,0.00,1024.6,1010.0
2020-10-19T00:00,7.2,0.00,89,5.5,5.4,0.00,0.00,0.00,3,95,75,53,77,4.3,200,156,9.6,8.6,0,0.00,1024.5,1009.9
2020-10-19T01:00,6.7,0.00,91,5.3,4.6,0.00,0.00,0.00,2,76,78,66,67,6.1,234,183,9.8,9.7,0,0.00,1024.5,1009.9
2020-10-19T02:00,7.0,0.00,92,5.8,5.3,0.00,0.00,0.00,3,91,19,86,83,4.5,231,166,7.4,9.7,0,0.00,1024.5,1009.9
2020-10-19T03:00,7.2,0.00,91,5.9,5.5,0.00,0.00,0.00,3,93,0,89,91,4.3,198,156,8.3,7.9,0,0.00,1024.1,1009.5
2020-10-19T04:00,6.8,0.00,93,5.8,5.1,0.00,0.00,0.00,3,87,0,83,84,4.7,196,157,12.0,9.7,0,0.00,1023.9,1009.3
2020-10-19T05:00,6.9,0.00,93,5.9,5.4,0.00,0.00,0.00,3,81,0,77,77,3.7,199,151,11.0,10.1,0,0.00,1024.1,1009.5
2020-10-19T06:00,6.7,0.00,94,5.8,5.1,0.00,0.00,0.00,2,77,0,74,72,3.3,195,131,8.6,7.6,0,0.00,1024.3,1009.7
2020-10-19T07:00,6.9,0.00,92,5.7,5.2,0.00,0.00,0.00,3,85,0,83,80,3.7,177,119,7.9,7.2,1,0.00,1024.2,1009.6
2020-10-19T08:00,7.9,0.00,88,6.0,6.1,0.00,0.00,0.00,3,87,0,85,83,5.1,173,129,8.4,10.4,1,140.58,1024.8,1010.2
2020-10-19T09:00,9.0,0.00,83,6.2,7.3,0.00,0.00,0.00,3,81,41,65,59,4.9,156,144,7.1,13.0,1,2086.22,1025.0,1010.5
2020-10-19T10:00,10.0,0.00,78,6.4,8.4,0.00,0.00,0.00,2,66,23,55,50,4.8,155,153,6.8,14.8,1,3600.00,1024.7,1010.2
2020-10-19T11:00,11.4,0.00,72,6.5,9.6,0.00,0.00,0.00,2,51,24,35,5,5.8,172,173,7.6,16.9,1,3600.00,1024.5,1010.1
2020-10-19T12:00,12.3,0.00,65,5.9,10.3,0.00,0.00,0.00,1,32,0,22,23,6.6,187,189,8.7,19.1,1,3600.00,1024.2,1009.9
2020-10-19T13:00,13.3,0.00,53,4.0,11.1,0.00,0.00,0.00,1,22,53,11,27,5.3,204,208,7.1,18.7,1,3600.00,1023.0,1008.7
2020-10-19T14:00,13.2,0.00,52,3.5,10.6,0.00,0.00,0.00,3,93,9,6,92,7.5,196,197,10.5,18.7,1,3600.00,1022.2,1007.9
2020-10-19T15:00,13.4,0.00,52,3.8,11.3,0.00,0.00,0.00,0,11,0,1,11,4.0,153,153,5.6,18.4,1,3600.00,1021.7,1007.4
2020-10-19T16:00,13.1,0.00,56,4.6,11.2,0.00,0.00,0.00,0,18,0,0,18,4.1,113,105,7.4,11.2,1,3600.00,1021.5,1007.2
2020-10-19T17:00,11.0,0.00,62,3.9,8.3,0.00,0.00,0.00,0,19,7,0,13,8.6,98,88,19.7,17.3,1,3253.13,1020.7,1006.3
2020-10-19T18:00,9.6,0.00,63,2.8,6.3,0.00,0.00,0.00,0,5,1,0,5,11.3,104,97,25.2,23.4,0,0.00,1020.7,1006.3
2020-10-19T19:00,8.9,0.00,63,2.1,5.4,0.00,0.00,0.00,0,5,2,0,3,11.3,103,97,25.8,23.4,0,0.00,1020.7,1006.2
2020-10-19T20:00,8.5,0.00,63,1.8,4.7,0.00,0.00,0.00,0,3,2,0,1,13.1,103,98,28.5,26.6,0,0.00,1020.6,1006.1
2020-10-19T21:00,8.4,0.00,61,1.2,4.2,0.00,0.00,0.00,0,1,1,0,0,15.3,105,99,31.4,31.3,0,0.00,1020.5,1006.0
2020-10-19T22:00,7.8,0.00,65,1.7,3.5,0.00,0.00,0.00,0,16,16,0,0,16.5,113,106,32.6,33.8,0,0.00,1020.2,1005.7
2020-10-19T23:00,7.4,0.00,70,2.3,3.0,0.00,0.00,0.00,3,96,96,0,0,17.8,119,111,34.2,36.7,0,0.00,1019.7,1005.2
2020-10-20T00:00,7.3,0.00,73,2.8,3.1,0.00,0.00,0.00,3,99,99,0,0,16.9,126,117,33.0,37.4,0,0.00,1019.0,1004.5
2020-10-20T01:00,7.0,0.00,79,3.7,3.5,0.00,0.00,0.00,3,87,10,2,0,14.2,136,120,27.7,35.3,0,0.00,1018.5,1004.0
2020-10-20T02:00,6.0,0.00,85,3.7,2.7,0.00,0.00,0.00,0,0,0,0,0,12.1,134,113,24.7,28.8,0,0.00,1018.0,1003.4
2020-10-20T03:00,5.9,0.00,86,3.7,2.4,0.00,0.00,0.00,2,77,70,27,0,13.2,126,112,26.6,26.3,0,0.00,1017.6,1003.0
2020-10-20T04:00,5.7,0.00,86,3.5,2.3,0.00,0.00,0.00,3,84,84,0,0,13.0,123,109,25.5,26.6,0,0.00,1017.0,1002.4
2020-10-20T05:00,5.4,0.00,87,3.4,2.2,0.00,0.00,0.00,3,91,91,1,0,11.4,127,114,23.9,25.6,0,0.00,1016.9,1002.3
2020-10-20T06:00,5.5,0.00,86,3.4,2.3,0.00,0.00,0.00,3,95,95,0,0,11.2,127,111,23.4,23.0,0,0.00,1016.8,1002.2
2020-10-20T07:00,5.7,0.00,85,3.3,2.3,0.00,0.00,0.00,3,99,99,0,0,12.4,126,112,25.5,25.6,1,0.00,1016.0,1001.4
2020-10-20T08:00,7.0,0.00,80,3.8,3.9,0.00,0.00,0.00,3,100,100,0,0,11.6,127,116,22.9,24.8,1,440.99,1016.3,1001.8
2020-10-20T09:00,8.9,0.00,75,4.7,6.2,0.00,0.00,0.00,3,100,100,0,0,9.5,127,119,18.5,23.4,1,2297.76,1016.9,1002.5
2020-10-20T10:00,11.7,0.00,66,5.6,9.2,0.00,0.00,0.00,3,100,100,0,0,10.0,129,128,15.3,23.4,1,3600.00,1016.3,1002.0
2020-10-20T11:00,13.1,0.00,63,6.1,11.0,0.00,0.00,0.00,3,100,100,0,1,7.7,144,139,11.6,23.4,1,386.90,1016.2,1002.0
2020-10-20T12:00,14.6,0.00,57,6.2,12.6,0.00,0.00,0.00,3,100,100,0,1,7.3,174,169,10.5,19.1,1,2311.19,1016.2,1002.1
2020-10-20T13:00,15.6,0.00,60,7.7,13.8,0.00,0.00,0.00,3,99,100,0,0,8.0,191,190,11.4,23.0,1,3600.00,1015.0,1000.9
2020-10-20T14:00,15.9,0.00,60,8.2,14.7,0.00,0.00,0.00,3,99,99,7,0,4.7,183,184,6.8,19.1,1,3600.00,1014.5,1000.5
2020-10-20T15:00,16.1,0.00,60,8.5,14.8,0.00,0.00,0.00,3,100,100,91,3,6.4,165,164,10.0,15.5,1,3600.00,1014.2,1000.2
2020-10-20T16:00,14.7,0.00,71,9.4,13.9,0.00,0.00,0.00,3,100,100,84,0,4.5,163,151,12.4,15.8,1,0.00,1014.1,1000.0
2020-10-20T17:00,13.5,0.00,74,8.9,12.4,0.00,0.00,0.00,3,100,100,100,0,5.2,178,146,13.3,11.9,1,0.00,1014.4,1000.3
2020-10-20T18:00,13.6,0.00,72,8.7,12.3,0.00,0.00,0.00,3,100,100,8,0,6.1,160,118,13.8,13.3,0,0.00,1013.9,999.8
2020-10-20T19:00,12.6,0.00,78,8.9,11.6,0.00,0.00,0.00,3,100,100,100,0,4.9,165,107,10.0,13.3,0,0.00,1014.5,1000.3
2020-10-20T20:00,12.7,0.10,80,9.2,11.5,0.10,0.00,0.00,51,100,100,94,0,6.8,149,115,12.6,13.3,0,0.00,1013.7,999.5
2020-10-20T21:00,12.8,0.00,80,9.4,11.5,0.00,0.00,0.00,3,100,100,100,0,7.4,135,113,16.8,16.2,0,0.00,1013.4,999.2
2020-10-20T22:00,12.6,0.00,81,9.4,11.2,0.00,0.00,0.00,3,100,97,100,0,8.0,125,98,13.7,15.1,0,0.00,1013.0,998.8
2020-10-20T23:00,12.7,0.00,80,9.3,11.1,0.00,0.00,0.00,3,100,100,94,0,10.0,114,105,18.9,19.4,0,0.00,1012.5,998.3
2020-10-21T00:00,12.5,0.00,79,9.0,10.4,0.00,0.00,0.00,3,100,100,96,0,12.4,114,107,25.1,24.8,0,0.00,1012.0,997.8
2020-10-21T01:00,12.0,0.00,74,7.5,9.2,0.00,0.00,0.00,3,100,99,74,0,14.7,123,112,28.1,27.7,0,0.00,1011.1,996.9
2020-10-21T02:00,12.4,0.00,63,5.6,9.0,0.00,0.00,0.00,3,99,98,69,0,15.4,120,111,30.5,32.0,0,0.00,1010.5,996.4
2020-10-21T03:00,11.3,0.00,67,5.4,8.9,0.00,0.00,0.00,3,94,92,37,0,8.4,137,121,19.4,31.3,0,0.00,1010.5,996.3
2020-10-21T04:00,11.0,0.00,67,5.0,8.4,0.00,0.00,0.00,3,91,80,58,0,9.3,134,118,20.9,22.7,0,0.00,1010.1,995.9
2020-10-21T05:00,10.9,0.00,67,5.0,8.2,0.00,0.00,0.00,3,99,59,98,0,9.7,135,117,18.3,18.7,0,0.00,1010.0,995.8
2020-10-21T06:00,11.6,0.00,65,5.2,8.9,0.00,0.00,0.00,3,100,79,100,0,10.8,137,116,19.6,22.0,0,0.00,1010.0,995.8
2020-10-21T07:00,11.7,0.00,66,5.4,9.1,0.00,0.00,0.00,3,100,100,100,0,9.6,128,110,17.4,21.2,1,0.00,1009.9,995.7
2020-10-21T08:00,11.9,0.00,68,6.2,9.8,0.00,0.00,0.00,3,100,100,100,0,7.8,129,124,18.4,19.1,1,0.00,1010.5,996.3
2020-10-21T09:00,12.9,0.00,69,7.5,11.5,0.00,0.00,0.00,3,100,95,100,0,5.4,112,110,13.6,16.9,1,0.00,1010.4,996.3
2020-10-21T10:00,14.4,0.00,65,7.9,12.7,0.00,0.00,0.00,1,38,31,11,0,8.1,132,135,13.0,19.1,1,288.38,1010.4,996.4
2020-10-21T11:00,16.4,0.00,61,8.8,15.1,0.00,0.00,0.00,3,84,36,75,0,7.1,159,165,10.0,21.6,1,3600.00,1010.2,996.3
2020-10-21T12:00,17.3,0.00,59,9.1,16.2,0.00,0.00,0.00,2,78,0,78,0,6.2,182,187,8.3,20.2,1,3600.00,1010.3,996.4
2020-10-21T13:00,19.2,0.00,56,10.1,18.2,0.00,0.00,0.00,0,15,73,0,0,7.2,149,153,10.5,18.7,1,3600.00,1009.7,995.9
2020-10-21T14:00,19.7,0.00,55,10.4,18.5,0.00,0.00,0.00,2,64,64,0,0,8.8,165,161,12.7,21.6,1,3600.00,1009.4,995.6
2020-10-21T15:00,19.8,0.00,53,9.9,18.3,0.00,0.00,0.00,1,40,40,0,0,10.6,163,162,17.3,24.8,1,3600.00,1009.4,995.6
2020-10-21T16:00,18.5,0.00,55,9.3,16.9,0.00,0.00,0.00,1,36,32,5,0,9.2,182,169,19.8,26.3,1,3600.00,1009.5,995.7
2020-10-21T17:00,16.0,0.00,63,8.8,14.6,0.00,0.00,0.00,3,83,81,11,0,6.9,192,174,19.1,23.0,1,3015.94,1009.7,995.7
2020-10-21T18:00,15.6,0.00,60,8.0,14.0,0.00,0.00,0.00,3,85,84,12,1,7.6,198,183,21.6,19.8,0,0.00,1010.2,996.2
2020-10-21T19:00,15.7,0.00,59,7.8,13.7,0.00,0.00,0.00,1,20,15,6,0,10.0,204,193,25.3,24.1,0,0.00,1011.2,997.2
2020-10-21T20:00,14.9,0.00,61,7.4,12.7,0.00,0.00,0.00,2,59,58,3,0,10.3,208,192,25.8,24.8,0,0.00,1011.8,997.8
2020-10-21T21:00,14.3,0.00,60,6.7,11.9,0.00,0.00,0.00,0,10,0,9,0,10.2,208,188,25.8,25.6,0,0.00,1012.6,998.5
2020-10-21T22:00,14.6,0.00,58,6.4,11.8,0.00,0.00,0.00,1,24,8,18,0,12.7,204,187,28.8,28.8,0,0.00,1013.1,999.0
2020-10-21T23:00,14.1,0.00,60,6.6,11.5,0.00,0.00,0.00,2,55,49,13,0,12.0,209,196,28.0,28.8,0,0.00,1013.8,999.7
2020-10-22T00:00,13.8,0.00,63,7.0,11.4,0.00,0.00,0.00,1,30,25,5,5,11.0,216,203,27.3,27.0,0,0.00,1014.2,1000.1
2020-10-22T01:00,14.1,0.00,71,8.9,12.7,0.00,0.00,0.00,1,26,69,37,9,7.5,217,197,22.1,25.9,0,0.00,1013.9,999.8
2020-10-22T02:00,13.7,0.00,71,8.4,11.8,0.00,0.00,0.00,2,64,60,13,0,9.7,219,202,25.4,23.0,0,0.00,1014.3,1000.2
2020-10-22T03:00,13.2,0.00,75,8.8,11.5,0.00,0.00,0.00,3,97,97,2,0,9.3,220,208,25.0,23.8,0,0.00,1014.2,1000.0
2020-10-22T04:00,13.3,0.00,77,9.3,11.5,0.00,0.00,0.00,3,93,93,3,0,10.8,212,195,26.4,24.8,0,0.00,1014.3,1000.1
2020-10-22T05:00,13.2,0.00,78,9.5,11.5,0.00,0.00,0.00,2,54,50,10,0,10.6,215,204,25.9,25.2,0,0.00,1014.8,1000.6
2020-10-22T06:00,12.6,0.00,81,9.5,11.1,0.00,0.00,0.00,1,30,26,7,0,8.9,221,212,24.0,24.5,0,0.00,1015.4,1001.2
2020-10-22T07:00,12.1,0.00,83,9.3,10.6,0.00,0.00,0.00,1,32,28,6,0,8.7,214,197,23.6,21.6,1,0.00,1015.5,1001.3
2020-10-22T08:00,13.1,0.00,79,9.5,11.6,0.00,0.00,0.00,2,67,67,0,0,9.2,211,191,22.6,22.0,1,1764.21,1015.9,1001.7
2020-10-22T09:00,15.1,0.00,72,10.1,13.7,0.00,0.00,0.00,2,77,77,1,0,9.6,209,193,19.8,22.3,1,3600.00,1016.2,1002.1
2020-10-22T10:00,17.2,0.00,64,10.4,16.0,0.00,0.00,0.00,2,67,62,16,0,9.1,205,198,16.7,23.0,1,3600.00,1016.3,1002.3
2020-10-22T11:00,18.9,0.00,58,10.5,17.5,0.00,0.00,0.00,3,90,89,10,3,10.1,210,207,15.8,25.9,1,3600.00,1016.3,1002.4
2020-10-22T12:00,19.8,0.00,55,10.5,18.3,0.00,0.00,0.00,3,86,82,16,10,11.8,213,211,18.0,28.4,1,3600.00,1016.0,1002.1
2020-10-22T13:00,19.6,0.00,60,11.6,18.2,0.00,0.00,0.00,3,88,93,36,13,12.6,184,182,18.4,29.2,1,3600.00,1015.7,1001.8
2020-10-22T14:00,19.9,0.00,60,12.0,19.4,0.00,0.00,0.00,3,98,98,16,9,7.6,178,172,11.9,28.1,1,3600.00,1014.9,1001.1
2020-10-22T15:00,20.0,0.00,62,12.6,19.7,0.00,0.00,0.00,2,65,64,3,1,7.3,166,160,13.7,18.7,1,2878.52,1014.4,1000.6
2020-10-22T16:00,19.9,0.00,63,12.8,19.5,0.00,0.00,0.00,1,39,0,16,30,8.7,191,185,19.1,20.5,1,3600.00,1014.6,1000.8
2020-10-22T17:00,18.8,0.00,62,11.5,17.6,0.00,0.00,0.00,3,100,100,85,31,11.6,212,206,24.6,25.2,1,2897.56,1014.8,1000.9
2020-10-22T18:00,18.4,0.00,63,11.2,16.6,0.00,0.00,0.00,3,100,100,95,11,14.8,214,209,28.8,31.0,0,0.00,1015.1,1001.2
2020-10-22T19:00,17.0,0.00,68,11.1,15.0,0.00,0.00,0.00,3,100,100,100,7,16.2,215,212,30.0,37.1,0,0.00,1016.0,1002.0
2020-10-22T20:00,16.0,0.00,76,11.9,14.6,0.00,0.00,0.00,3,100,100,100,0,13.4,216,211,25.8,34.9,0,0.00,1016.3,1002.2
2020-10-22T21:00,15.4,0.10,82,12.3,14.5,0.10,0.00,0.00,51,100,86,100,0,10.7,210,200,21.9,29.5,0,0.00,1016.1,1002.0
2020-10-22T22:00,15.0,0.10,86,12.6,14.8,0.10,0.00,0.00,51,100,99,100,0,6.8,218,205,17.4,23.8,0,0.00,1016.2,1002.1
2020-10-22T23:00,14.9,0.00,87,12.7,14.6,0.00,0.00,0.00,3,100,100,93,7,7.5,215,197,18.4,18.0,0,0.00,1016.3,1002.2
2020-10-23T00:00,14.4,0.00,89,12.7,14.3,0.00,0.00,0.00,3,99,99,34,7,6.8,217,198,18.0,18.0,0,0.00,1015.8,1001.7
2020-10-23T01:00,14.7,0.00,93,13.5,14.1,0.00,0.00,0.00,3,100,100,71,10,11.8,203,192,23.9,19.4,0,0.00,1015.5,1001.4
2020-10-23T02:00,14.6,0.20,92,13.3,13.7,0.20,0.00,0.00,51,100,100,98,16,12.7,211,205,25.5,28.1,0,0.00,1015.7,1001.6
2020-10-23T03:00,14.2,0.20,92,12.9,13.5,0.20,0.00,0.00,51,100,100,96,15,10.5,214,207,22.3,28.1,0,0.00,1015.3,1001.2
2020-10-23T04:00,13.8,0.10,92,12.5,13.3,0.10,0.00,0.00,51,100,100,100,11,8.8,213,199,19.8,23.8,0,0.00,1015.2,1001.1
2020-10-23T05:00,13.4,0.20,92,12.2,13.1,0.20,0.00,0.00,51,100,99,100,16,6.9,198,171,16.6,20.5,0,0.00,1014.9,1000.7
2020-10-23T06:00,13.3,0.20,92,12.1,12.7,0.20,0.00,0.00,51,100,96,100,13,8.1,178,148,16.9,18.0,0,0.00,1014.5,1000.3
2020-10-23T07:00,13.2,0.20,92,11.9,12.5,0.20,0.00,0.00,51,100,99,99,8,8.5,180,152,18.0,19.1,1,0.00,1014.2,1000.0
2020-10-23T08:00,13.7,0.10,90,12.1,13.0,0.10,0.00,0.00,51,100,99,91,3,8.9,188,159,17.1,19.8,1,0.00,1014.3,1000.2
2020-10-23T09:00,14.5,0.00,88,12.5,14.0,0.00,0.00,0.00,3,100,100,46,0,9.1,192,171,16.2,19.8,1,0.00,1014.2,1000.1
2020-10-23T10:00,15.4,0.00,83,12.5,15.0,0.00,0.00,0.00,3,100,100,93,5,7.9,190,177,14.3,20.2,1,170.14,1013.9,999.9
2020-10-23T11:00,15.6,0.20,82,12.5,15.1,0.20,0.00,0.00,51,100,97,100,3,8.9,202,194,14.4,20.9,1,0.00,1013.9,999.9
2020-10-23T12:00,15.0,0.50,89,13.2,14.7,0.50,0.00,0.00,53,100,79,100,13,8.8,202,189,16.3,21.2,1,0.00,1013.6,999.5
2020-10-23T13:00,14.9,0.70,93,13.8,13.8,0.70,0.00,0.00,53,100,72,100,99,15.9,221,219,26.6,20.2,1,0.00,1013.4,999.3
2020-10-23T14:00,14.8,0.90,92,13.5,14.5,0.90,0.00,0.00,53,100,46,100,100,10.0,223,218,18.8,33.8,1,0.00,1012.8,998.7
2020-10-23T15:00,14.9,0.60,92,13.7,14.7,0.60,0.00,0.00,53,100,93,100,52,9.2,235,231,17.6,24.5,1,0.00,1012.9,998.8
2020-10-23T16:00,14.5,3.00,93,13.4,14.6,3.00,0.00,0.00,63,96,90,81,5,6.7,213,196,15.1,22.3,1,0.00,1012.9,998.8
2020-10-23T17:00,14.4,0.90,94,13.4,14.2,0.90,0.00,0.00,53,100,94,97,100,8.9,216,207,18.6,19.1,1,0.00,1013.0,998.9
2020-10-23T18:00,14.1,0.20,96,13.4,13.6,0.20,0.00,0.00,51,100,100,71,16,11.0,220,212,21.2,24.5,0,0.00,1013.2,999.1
2020-10-23T19:00,13.9,0.20,96,13.3,13.4,0.20,0.00,0.00,51,90,68,56,70,11.0,218,212,22.0,23.4,0,0.00,1013.9,999.8
2020-10-23T20:00,13.7,0.70,96,13.1,13.0,0.70,0.00,0.00,53,100,100,19,79,11.2,233,230,22.4,25.2,0,0.00,1014.0,999.9
2020-10-23T21:00,13.8,0.30,95,13.0,12.8,0.30,0.00,0.00,51,100,99,32,33,13.5,233,228,24.9,29.2,0,0.00,1014.2,1000.1
2020-10-23T22:00,13.6,0.00,95,12.8,12.7,0.00,0.00,0.00,3,100,100,23,30,12.5,232,226,23.8,29.2,0,0.00,1015.0,1000.9
2020-10-23T23:00,13.0,0.00,96,12.3,12.1,0.00,0.00,0.00,3,93,90,8,31,10.7,227,220,22.2,27.4,0,0.00,1015.4,1001.2
2020-10-24T00:00,12.6,0.00,96,12.0,11.6,0.00,0.00,0.00,3,99,83,11,97,11.0,224,218,22.7,23.4,0,0.00,1015.6,1001.4
2020-10-24T01:00,13.1,0.00,98,12.7,12.7,0.00,0.00,0.00,3,100,91,7,35,8.5,242,234,18.7,24.1,0,0.00,1016.1,1001.9
2020-10-24T02:00,12.6,0.00,98,12.3,12.4,0.00,0.00,0.00,1,44,0,24,39,6.7,234,216,15.5,18.4,0,0.00,1016.1,1001.9
2020-10-24T03:00,12.2,0.00,99,12.0,11.9,0.00,0.00,0.00,1,37,0,20,34,6.6,229,209,14.3,14.8,0,0.00,1016.3,1002.1
2020-10-24T04:00,12.1,0.00,99,11.9,11.6,0.00,0.00,0.00,1,21,0,3,20,7.6,227,211,15.8,15.8,0,0.00,1016.3,1002.1
2020-10-24T05:00,11.7,0.10,97,11.3,10.8,0.10,0.00,0.00,51,72,0,3,72,8.9,227,223,19.6,19.1,0,0.00,1017.0,1002.7
2020-10-24T06:00,11.8,0.20,97,11.3,10.7,0.20,0.00,0.00,51,75,0,2,75,10.1,223,215,21.1,21.6,0,0.00,1017.4,1003.1
2020-10-24T07:00,11.7,0.00,96,11.2,10.4,0.00,0.00,0.00,2,51,0,3,50,11.3,217,207,22.9,23.8,0,0.00,1017.4,1003.1
2020-10-24T08:00,12.0,0.00,95,11.2,10.5,0.00,0.00,0.00,2,79,0,2,79,12.9,213,207,23.2,27.4,1,571.05,1017.8,1003.5
2020-10-24T09:00,12.7,0.00,92,11.4,10.8,0.00,0.00,0.00,2,69,0,2,68,15.5,228,226,25.2,33.1,1,3384.93,1018.2,1004.0
2020-10-24T10:00,13.3,0.00,87,11.1,11.2,0.00,0.00,0.00,2,77,0,2,77,16.5,236,234,24.9,36.4,1,3600.00,1018.4,1004.2
2020-10-24T11:00,14.0,0.00,77,10.0,11.0,0.00,0.00,0.00,3,100,0,2,100,20.5,233,232,30.1,44.6,1,3600.00,1018.3,1004.1
2020-10-24T12:00,14.9,0.00,71,9.7,12.0,0.00,0.00,0.00,3,99,0,1,99,19.1,225,224,28.0,44.3,1,3600.00,1018.1,1004.0
2020-10-24T13:00,16.0,0.00,66,9.7,13.0,0.00,0.00,0.00,2,76,0,10,94,20.4,228,228,29.3,42.5,1,3600.00,1017.8,1003.7
2020-10-24T14:00,16.0,0.00,63,9.1,13.0,0.00,0.00,0.00,3,99,0,51,99,18.8,228,227,28.3,43.6,1,3470.86,1017.3,1003.2
2020-10-24T15:00,15.8,0.00,66,9.6,13.5,0.00,0.00,0.00,3,99,0,95,99,14.9,219,217,23.6,41.0,1,0.00,1017.0,1002.9
2020-10-24T16:00,15.5,0.00,70,10.1,14.0,0.00,0.00,0.00,2,62,0,36,59,10.7,205,200,19.0,32.4,1,611.97,1016.5,1002.4
2020-10-24T17:00,14.4,0.00,75,10.0,13.1,0.00,0.00,0.00,3,85,0,20,84,8.8,208,199,19.2,24.1,1,2122.80,1016.2,1002.1
2020-10-24T18:00,13.3,0.00,80,9.8,11.8,0.00,0.00,0.00,1,21,0,19,15,9.5,193,171,20.7,19.8,0,0.00,1015.9,1001.7
2020-10-24T19:00,12.6,0.00,81,9.5,11.0,0.00,0.00,0.00,0,13,0,11,6,10.1,196,178,23.2,22.3,0,0.00,1015.9,1001.7
2020-10-24T20:00,12.1,0.00,82,9.1,10.4,0.00,0.00,0.00,0,14,0,9,10,9.7,196,178,22.5,22.3,0,0.00,1015.8,1001.6
2020-10-24T21:00,11.3,0.00,84,8.7,9.7,0.00,0.00,0.00,0,18,0,16,6,8.9,188,166,20.7,21.2,0,0.00,1015.3,1001.0
2020-10-24T22:00,10.9,0.00,85,8.4,9.2,0.00,0.00,0.00,1,24,1,22,7,9.0,184,157,20.2,19.8,0,0.00,1015.0,1000.7
2020-10-24T23:00,10.6,0.00,84,8.0,8.8,0.00,0.00,0.00,2,56,42,20,10,8.8,177,145,19.1,19.8,0,0.00,1014.6,1000.3
2020-10-25T00:00,10.4,0.00,82,7.4,8.3,0.00,0.00,0.00,3,93,91,20,14,9.7,168,135,19.5,20.2,0,0.00,1013.8,999.5
2020-10-25T01:00,10.7,0.00,84,8.2,8.8,0.00,0.00,0.00,3,97,70,19,0,9.6,167,146,20.3,20.9,0,0.00,1013.6,999.3
2020-10-25T02:00,9.9,0.00,88,8.0,8.1,0.00,0.00,0.00,3,90,90,2,0,8.7,171,138,18.9,20.5,0,0.00,1013.1,998.8
2020-10-25T03:00,9.3,0.00,90,7.7,7.4,0.00,0.00,0.00,0,4,3,1,0,8.6,164,123,16.9,18.7,0,0.00,1012.6,998.3
2020-10-25T04:00,9.1,0.00,89,7.3,6.9,0.00,0.00,0.00,0,0,0,0,0,10.2,150,122,20.0,21.2,0,0.00,1011.5,997.2
2020-10-25T05:00,8.5,0.00,90,7.0,6.5,0.00,0.00,0.00,0,10,10,0,0,8.7,151,114,16.9,20.9,0,0.00,1011.5,997.1
2020-10-25T06:00,8.3,0.00,91,6.9,6.0,0.00,0.00,0.00,3,86,86,0,0,10.5,141,112,18.9,20.5,0,0.00,1011.0,996.6
2020-10-25T07:00,8.3,0.00,90,6.8,5.8,0.00,0.00,0.00,3,91,91,0,0,11.4,129,108,21.8,22.7,0,0.00,1010.0,995.7
2020-10-25T08:00,9.2,0.00,87,7.1,6.9,0.00,0.00,0.00,0,8,8,0,0,10.8,127,111,21.1,23.4,1,326.97,1010.2,995.9
2020-10-25T09:00,11.4,0.00,78,7.7,8.8,0.00,0.00,0.00,2,75,75,0,0,13.7,126,117,23.7,28.4,1,3600.00,1009.3,995.1
2020-10-25T10:00,13.8,0.00,69,8.3,11.7,0.00,0.00,0.00,3,84,84,0,0,11.2,138,135,16.6,29.9,1,3600.00,1008.6,994.5
2020-10-25T11:00,15.7,0.00,64,8.9,14.3,0.00,0.00,0.00,1,44,44,0,0,7.6,160,161,10.7,25.9,1,3600.00,1008.3,994.3
2020-10-25T12:00,17.1,0.00,59,9.0,15.8,0.00,0.00,0.00,1,32,32,0,1,7.2,182,183,10.1,20.5,1,3600.00,1007.6,993.7
2020-10-25T13:00,16.9,0.00,58,8.7,14.6,0.00,0.00,0.00,1,38,90,1,0,13.4,201,200,18.5,26.3,1,3600.00,1007.4,993.5
2020-10-25T14:00,16.7,0.00,61,9.1,14.8,0.00,0.00,0.00,3,81,74,34,0,11.3,190,187,16.8,30.2,1,3600.00,1006.6,992.7
2020-10-25T15:00,17.4,0.00,58,9.0,15.7,0.00,0.00,0.00,2,79,15,76,1,9.7,183,182,15.5,27.7,1,3600.00,1005.9,992.1
2020-10-25T16:00,16.2,0.00,69,10.5,15.7,0.00,0.00,0.00,3,96,79,91,3,4.3,189,175,11.3,22.7,1,294.15,1005.5,991.6
2020-10-25T17:00,15.1,0.00,68,9.2,14.0,0.00,0.00,0.00,3,83,81,16,1,6.5,200,183,16.5,15.5,1,0.00,1005.6,991.7
2020-10-25T18:00,13.5,0.00,72,8.6,12.0,0.00,0.00,0.00,3,95,80,85,22,7.6,219,211,20.5,17.3,0,0.00,1005.8,991.8
2020-10-25T19:00,14.1,0.20,77,10.1,12.0,0.20,0.00,0.00,51,97,13,95,48,14.5,231,228,27.7,33.8,0,0.00,1006.5,992.5
2020-10-25T20:00,13.3,0.40,84,10.7,12.5,0.40,0.00,0.00,51,98,74,93,39,7.3,247,237,18.1,32.0,0,0.00,1006.1,992.1
2020-10-25T21:00,12.4,0.10,91,10.9,12.1,0.10,0.00,0.00,51,100,89,99,7,4.0,233,180,10.8,17.3,0,0.00,1005.7,991.6
2020-10-25T22:00,12.6,0.00,90,11.0,12.2,0.00,0.00,0.00,3,100,90,98,3,4.8,191,153,11.0,11.9,0,0.00,1005.2,991.1
2020-10-25T23:00,12.5,0.00,91,11.1,12.0,0.00,0.00,0.00,3,100,79,100,30,5.5,189,157,12.0,13.0,0,0.00,1004.9,990.8
2020-10-26T00:00,12.2,0.20,94,11.2,11.8,0.20,0.00,0.00,51,100,95,100,24,5.5,187,148,11.6,12.6,0,0.00,1004.7,990.6
2020-10-26T01:00,11.3,0.80,94,10.4,10.8,0.80,0.00,0.00,53,100,100,100,92,4.7,244,203,9.2,21.2,0,0.00,1005.0,990.9
2020-10-26T02:00,11.6,1.10,93,10.5,11.2,1.10,0.00,0.00,55,100,100,100,94,4.0,207,170,8.0,13.7,0,0.00,1004.8,990.7
2020-10-26T03:00,11.4,1.20,94,10.5,10.8,1.20,0.00,0.00,55,100,100,100,100,5.1,204,184,10.6,11.2,0,0.00,1004.6,990.5
2020-10-26T04:00,11.3,1.00,95,10.5,10.8,1.00,0.00,0.00,55,100,100,100,87,4.3,207,175,10.5,13.7,0,0.00,1004.4,990.3
2020-10-26T05:00,11.2,0.50,94,10.3,10.8,0.50,0.00,0.00,53,100,100,100,1,3.9,198,158,10.2,10.8,0,0.00,1003.8,989.7
2020-10-26T06:00,11.0,0.60,94,10.1,10.2,0.60,0.00,0.00,53,100,100,100,69,5.4,208,188,13.0,11.5,0,0.00,1003.9,989.8
2020-10-26T07:00,11.0,0.90,94,10.1,10.0,0.90,0.00,0.00,53,100,100,100,62,7.2,217,207,16.7,16.2,0,0.00,1004.1,990.0
2020-10-26T08:00,11.0,1.30,89,9.2,9.2,1.30,0.00,0.00,61,100,100,100,45,11.0,226,221,21.1,23.8,1,0.00,1004.6,990.5
2020-10-26T09:00,10.7,1.20,94,9.7,8.7,1.20,0.00,0.00,55,100,100,100,6,13.5,230,226,24.0,29.9,1,0.00,1005.5,991.3
2020-10-26T10:00,10.5,0.40,92,9.3,8.5,0.40,0.00,0.00,51,100,100,100,18,12.8,234,232,21.7,29.9,1,0.00,1005.7,991.5
2020-10-26T11:00,10.8,0.50,85,8.4,8.5,0.50,0.00,0.00,53,100,100,100,51,13.1,236,233,20.5,33.1,1,0.00,1006.2,992.0
2020-10-26T12:00,11.4,0.20,88,9.5,9.2,0.20,0.00,0.00,51,100,100,100,22,14.3,229,227,20.9,31.0,1,0.00,1006.0,991.9
2020-10-26T13:00,10.3,0.40,89,8.5,7.3,0.40,0.00,0.00,51,100,82,16,23,17.7,221,219,26.8,38.2,1,0.00,1007.1,992.9
2020-10-26T14:00,11.1,0.10,84,8.5,8.4,0.10,0.00,0.00,51,100,100,97,26,15.5,227,226,22.2,37.4,1,3600.00,1006.3,992.1
2020-10-26T15:00,10.8,0.00,82,7.9,7.7,0.00,0.00,0.00,3,100,100,49,28,17.3,226,223,26.7,39.2,1,0.00,1006.8,992.6
2020-10-26T16:00,10.5,0.00,84,7.9,8.0,0.00,0.00,0.00,3,100,100,72,2,13.0,219,214,22.5,37.8,1,0.00,1006.8,992.6
2020-10-26T17:00,9.9,0.00,83,7.1,7.2,0.00,0.00,0.00,3,100,100,49,1,13.4,217,211,24.7,29.5,1,0.00,1007.2,993.0
2020-10-26T18:00,9.5,0.00,83,6.7,6.8,0.00,0.00,0.00,3,100,100,83,6,12.6,217,211,24.4,29.2,0,0.00,1007.2,993.0
2020-10-26T19:00,9.3,0.00,82,6.4,6.3,0.00,0.00,0.00,3,96,93,81,12,14.3,213,208,26.8,31.0,0,0.00,1007.9,993.6
2020-10-26T20:00,9.0,0.00,81,5.8,5.8,0.00,0.00,0.00,3,98,97,82,14,14.5,211,207,27.6,32.0,0,0.00,1008.5,994.2
2020-10-26T21:00,8.5,0.00,81,5.4,5.6,0.00,0.00,0.00,3,96,88,90,18,11.9,212,205,24.1,31.7,0,0.00,1008.5,994.2
2020-10-26T22:00,8.4,0.00,81,5.3,5.4,0.00,0.00,0.00,3,99,99,90,19,12.4,214,210,25.2,27.4,0,0.00,1009.1,994.8
2020-10-26T23:00,8.2,0.00,83,5.5,5.4,0.00,0.00,0.00,3,99,98,49,11,11.4,219,215,23.8,27.0,0,0.00,1008.9,994.6
2020-10-27T00:00,7.9,0.00,85,5.5,5.2,0.00,0.00,0.00,3,98,98,0,7,10.8,214,210,23.1,25.6,0,0.00,1009.0,994.6
2020-10-27T01:00,8.0,0.00,87,6.0,5.2,0.00,0.00,0.00,3,97,96,40,10,12.3,217,212,24.9,24.5,0,0.00,1009.4,995.0
2020-10-27T02:00,7.8,0.00,88,6.0,5.0,0.00,0.00,0.00,0,15,4,10,7,12.4,219,216,25.9,28.4,0,0.00,1009.3,994.9
2020-10-27T03:00,7.3,0.00,90,5.8,4.4,0.00,0.00,0.00,0,9,0,3,8,12.3,217,212,26.2,27.7,0,0.00,1009.5,995.1
2020-10-27T04:00,7.0,0.00,91,5.6,4.1,0.00,0.00,0.00,0,5,0,2,5,11.8,217,211,25.7,27.0,0,0.00,1009.2,994.8
2020-10-27T05:00,6.7,0.00,91,5.4,3.9,0.00,0.00,0.00,0,9,1,3,8,11.5,219,212,24.9,25.9,0,0.00,1009.3,994.9
2020-10-27T06:00,6.6,0.00,91,5.3,3.9,0.00,0.00,0.00,0,11,0,1,11,10.3,214,205,23.9,24.8,0,0.00,1010.1,995.7
2020-10-27T07:00,6.4,0.00,92,5.1,3.7,0.00,0.00,0.00,1,32,0,0,32,10.0,211,201,23.1,23.0,0,0.00,1010.5,996.1
2020-10-27T08:00,7.3,0.00,88,5.4,4.6,0.00,0.00,0.00,2,79,0,1,79,10.6,208,198,21.6,23.0,1,637.22,1011.1,996.7
2020-10-27T09:00,8.7,0.00,81,5.7,6.0,0.00,0.00,0.00,3,100,0,0,100,11.3,213,211,19.8,25.6,1,3600.00,1011.4,997.1
2020-10-27T10:00,9.8,0.00,77,6.0,6.7,0.00,0.00,0.00,3,99,0,6,99,14.2,218,216,21.8,32.4,1,7.08,1011.3,997.0
2020-10-27T11:00,10.5,0.00,74,6.0,6.5,0.00,0.00,0.00,2,54,0,1,54,20.4,224,224,30.3,45.4,1,2586.89,1011.4,997.1
2020-10-27T12:00,11.1,0.00,70,5.9,7.3,0.00,0.00,0.00,3,96,0,2,96,19.4,227,227,28.3,44.6,1,2643.11,1011.5,997.3
2020-10-27T13:00,11.8,0.10,65,5.5,8.4,0.10,0.00,0.00,51,100,1,39,21,15.8,202,201,22.6,42.5,1,750.04,1011.8,997.6
2020-10-27T14:00,12.2,0.00,64,5.6,8.4,0.00,0.00,0.00,3,85,52,45,74,18.7,213,214,27.6,43.6,1,3600.00,1011.5,997.3
2020-10-27T15:00,11.9,0.00,67,5.9,8.5,0.00,0.00,0.00,3,99,99,38,50,16.3,209,208,25.5,41.0,1,1066.40,1011.4,997.2
2020-10-27T16:00,11.7,0.00,67,5.7,8.3,0.00,0.00,0.00,3,93,91,36,15,15.9,202,198,26.3,36.4,1,2058.84,1011.2,997.0
2020-10-27T17:00,11.3,0.00,66,5.2,8.0,0.00,0.00,0.00,3,93,93,2,6,14.4,198,193,26.1,34.9,1,122.28,1011.1,996.9
2020-10-27T18:00,10.4,0.00,68,4.6,7.0,0.00,0.00,0.00,0,12,11,0,1,14.2,194,187,27.4,31.7,0,0.00,1011.0,996.7
2020-10-27T19:00,9.4,0.00,69,4.1,6.1,0.00,0.00,0.00,0,12,1,10,1,12.6,189,180,26.6,31.0,0,0.00,1011.3,997.0
2020-10-27T20:00,8.7,0.00,71,3.7,5.4,0.00,0.00,0.00,1,44,31,19,0,12.4,185,172,26.4,28.1,0,0.00,1011.1,996.8
2020-10-27T21:00,8.4,0.00,70,3.3,5.1,0.00,0.00,0.00,2,53,36,28,0,11.8,184,168,25.3,27.4,0,0.00,1011.2,996.8
2020-10-27T22:00,7.9,0.00,71,3.0,4.7,0.00,0.00,0.00,3,97,94,55,1,11.1,176,155,24.2,26.3,0,0.00,1011.2,996.8
2020-10-27T23:00,8.7,0.00,69,3.2,5.4,0.00,0.00,0.00,3,100,96,100,2,11.7,166,146,23.0,25.6,0,0.00,1011.0,996.7
2020-10-28T00:00,9.3,0.00,67,3.5,6.2,0.00,0.00,0.00,3,100,96,100,100,11.1,170,151,21.2,25.9,0,0.00,1010.8,996.5
2020-10-28T01:00,10.5,0.20,66,4.4,7.5,0.20,0.00,0.00,51,100,90,100,100,11.2,197,180,21.4,25.6,0,0.00,1010.8,996.6
2020-10-28T02:00,9.9,0.70,78,6.3,7.3,0.70,0.00,0.00,53,92,72,78,69,10.8,187,165,20.7,25.6,0,0.00,1010.6,996.3
2020-10-28T03:00,10.2,0.00,78,6.6,7.7,0.00,0.00,0.00,3,97,46,37,94,11.5,201,184,23.1,25.6,0,0.00,1010.5,996.2
2020-10-28T04:00,10.7,0.00,77,6.8,7.9,0.00,0.00,0.00,3,100,91,41,100,13.7,215,207,26.7,29.9,0,0.00,1010.4,996.2
2020-10-28T05:00,11.2,0.00,74,6.8,8.1,0.00,0.00,0.00,3,100,90,98,97,15.3,214,210,28.3,32.8,0,0.00,1010.6,996.4
2020-10-28T06:00,11.0,0.30,80,7.7,8.1,0.30,0.00,0.00,51,100,87,100,11,15.5,209,205,28.5,34.6,0,0.00,1010.7,996.5
2020-10-28T07:00,10.7,0.40,86,8.5,8.2,0.40,0.00,0.00,51,96,0,95,32,14.7,210,205,27.1,33.5,0,0.00,1010.8,996.6
2020-10-28T08:00,10.8,0.10,89,9.0,8.2,0.10,0.00,0.00,51,99,0,98,82,15.5,218,216,28.4,33.8,1,0.00,1011.7,997.5
2020-10-28T09:00,11.3,0.10,88,9.4,8.3,0.10,0.00,0.00,51,73,0,69,25,18.9,224,220,32.3,40.3,1,0.00,1012.7,998.5
2020-10-28T10:00,12.0,0.00,87,10.0,9.4,0.00,0.00,0.00,1,44,0,39,14,17.9,218,214,31.3,41.8,1,2257.33,1012.9,998.7
2020-10-28T11:00,13.1,0.00,82,10.1,9.8,0.00,0.00,0.00,2,77,43,51,48,22.3,218,218,33.6,45.0,1,3600.00,1013.3,999.1
2020-10-28T12:00,13.8,0.00,79,10.2,10.9,0.00,0.00,0.00,3,98,38,96,39,19.9,227,225,29.5,55.8,1,3600.00,1013.7,999.6
2020-10-28T13:00,13.6,0.00,83,10.7,11.1,0.00,0.00,0.00,2,63,57,33,33,18.9,222,220,28.8,49.3,1,0.00,1013.7,999.6
2020-10-28T14:00,14.0,0.00,74,9.4,10.8,0.00,0.00,0.00,2,78,69,39,10,20.9,231,229,31.7,49.0,1,3600.00,1013.6,999.5
2020-10-28T15:00,13.8,0.00,72,8.7,10.9,0.00,0.00,0.00,3,97,95,33,7,17.6,227,226,27.5,45.7,1,3600.00,1013.6,999.5
2020-10-28T16:00,13.2,0.00,71,8.1,10.2,0.00,0.00,0.00,3,96,95,17,15,17.1,228,226,29.3,40.3,1,3600.00,1014.0,999.8
2020-10-28T17:00,12.6,0.00,69,7.1,9.6,0.00,0.00,0.00,3,95,94,48,15,15.0,228,224,27.5,37.4,1,297.67,1014.3,1000.1
2020-10-28T18:00,12.1,0.00,70,6.7,9.2,0.00,0.00,0.00,3,99,98,65,12,14.0,228,222,27.0,33.1,0,0.00,1014.5,1000.3
2020-10-28T19:00,11.6,0.00,72,6.7,9.0,0.00,0.00,0.00,3,100,99,92,23,11.8,220,211,24.8,31.3,0,0.00,1014.8,1000.6
2020-10-28T20:00,11.9,0.00,69,6.4,9.0,0.00,0.00,0.00,3,99,98,65,1,13.4,210,200,26.1,29.5,0,0.00,1014.5,1000.3
2020-10-28T21:00,11.6,0.00,73,7.0,8.6,0.00,0.00,0.00,3,100,100,100,0,15.2,209,202,28.4,33.5,0,0.00,1014.4,1000.2
2020-10-28T22:00,12.0,0.10,74,7.6,9.0,0.10,0.00,0.00,51,100,99,100,7,16.2,216,212,28.9,35.6,0,0.00,1014.6,1000.4
2020-10-28T23:00,11.7,0.20,78,8.0,8.6,0.20,0.00,0.00,51,100,35,100,82,17.6,219,215,30.5,38.2,0,0.00,1014.5,1000.3
2020-10-29T00:00,11.6,0.10,79,8.0,8.3,0.10,0.00,0.00,51,100,25,100,98,19.4,223,220,33.1,42.5,0,0.00,1014.6,1000.4
2020-10-29T01:00,11.7,0.30,82,8.6,8.6,0.30,0.00,0.00,51,100,98,100,71,18.8,226,225,34.4,42.5,0,0.00,1014.1,999.9
2020-10-29T02:00,11.6,0.30,85,9.1,8.1,0.30,0.00,0.00,51,100,87,100,51,22.2,230,228,37.6,58.0,0,0.00,1014.1,999.9
2020-10-29T03:00,11.4,0.40,86,9.1,8.0,0.40,0.00,0.00,51,100,97,100,46,21.5,233,232,36.8,58.7,0,0.00,1014.3,1000.0
2020-10-29T04:00,11.2,0.20,85,8.8,7.6,0.20,0.00,0.00,51,100,99,100,85,22.0,239,238,36.8,52.6,0,0.00,1014.5,1000.2
2020-10-29T05:00,10.6,1.10,91,9.1,7.8,1.10,0.00,0.00,55,100,85,100,91,17.1,244,242,29.9,53.3,0,0.00,1015.1,1000.8
2020-10-29T06:00,10.4,0.70,92,9.2,8.3,0.70,0.00,0.00,53,100,70,100,60,13.2,239,235,23.9,45.4,0,0.00,1015.2,1000.9
2020-10-29T07:00,10.3,2.30,93,9.2,8.8,2.30,0.00,0.00,61,100,81,100,100,9.2,253,244,19.2,38.2,0,0.00,1015.8,1001.5
2020-10-29T08:00,10.5,1.70,89,8.8,8.3,1.70,0.00,0.00,61,97,0,97,11,13.1,259,249,24.6,28.8,1,0.00,1016.6,1002.3
2020-10-29T09:00,10.7,0.10,86,8.4,7.9,0.10,0.00,0.00,51,62,0,39,53,16.1,255,254,27.2,45.0,1,0.00,1018.3,1004.0
2020-10-29T10:00,11.6,0.10,84,9.1,9.3,0.10,0.00,0.00,51,89,83,40,31,14.5,255,251,24.6,45.4,1,3600.00,1019.0,1004.7
2020-10-29T11:00,11.9,0.00,80,8.7,9.2,0.00,0.00,0.00,3,100,100,87,27,15.9,260,257,25.2,39.6,1,2012.90,1019.8,1005.5
2020-10-29T12:00,12.1,0.00,78,8.4,9.3,0.00,0.00,0.00,3,100,100,85,40,16.0,262,261,24.7,41.4,1,0.00,1020.3,1006.0
2020-10-29T13:00,12.0,0.10,78,8.2,9.3,0.10,0.00,0.00,51,100,100,64,16,15.0,249,249,22.8,41.0,1,0.00,1020.6,1006.3
2020-10-29T14:00,12.6,0.00,73,7.8,9.7,0.00,0.00,0.00,3,98,90,96,94,16.1,243,243,23.8,52.2,1,2133.14,1020.5,1006.2
2020-10-29T15:00,12.3,0.00,75,8.1,9.6,0.00,0.00,0.00,3,100,100,96,49,15.1,242,242,24.5,52.2,1,0.00,1020.6,1006.3
2020-10-29T16:00,11.7,0.30,81,8.5,9.0,0.30,0.00,0.00,51,100,98,99,82,16.1,251,250,27.0,34.6,1,0.00,1021.2,1006.9
2020-10-29T17:00,11.4,0.50,84,8.8,9.1,0.50,0.00,0.00,53,100,98,100,95,13.5,256,254,24.4,36.4,1,0.00,1021.5,1007.1
2020-10-29T18:00,11.0,0.40,90,9.5,9.3,0.40,0.00,0.00,51,100,100,99,60,10.8,249,244,21.7,28.8,0,0.00,1021.7,1007.3
2020-10-29T19:00,10.8,0.80,92,9.5,9.1,0.80,0.00,0.00,53,100,100,100,100,10.6,240,235,21.3,24.1,0,0.00,1022.1,1007.7
2020-10-29T20:00,10.8,1.10,93,9.6,9.0,1.10,0.00,0.00,55,100,99,100,93,11.7,228,223,22.4,25.9,0,0.00,1022.2,1007.8
2020-10-29T21:00,10.7,1.20,93,9.7,8.9,1.20,0.00,0.00,55,100,97,100,100,11.8,224,218,22.9,26.3,0,0.00,1022.3,1007.9
2020-10-29T22:00,10.8,1.00,93,9.8,8.7,1.00,0.00,0.00,55,100,97,100,100,14.4,222,217,26.5,31.0,0,0.00,1022.1,1007.7
2020-10-29T23:00,10.9,1.30,93,9.8,8.5,1.30,0.00,0.00,61,100,99,100,100,15.6,222,218,28.3,34.2,0,0.00,1022.1,1007.7
2020-10-30T00:00,11.0,1.40,93,10.0,8.5,1.40,0.00,0.00,61,100,92,100,94,17.1,225,221,30.5,37.4,0,0.00,1021.9,1007.5
2020-10-30T01:00,11.5,0.30,94,10.5,8.9,0.30,0.00,0.00,51,98,100,96,90,18.5,235,233,33.1,42.8,0,0.00,1021.6,1007.3
2020-10-30T02:00,11.8,0.20,93,10.7,9.1,0.20,0.00,0.00,51,95,84,68,77,19.8,236,233,34.5,44.3,0,0.00,1021.7,1007.4
2020-10-30T03:00,12.0,0.00,93,10.9,9.6,0.00,0.00,0.00,3,91,33,43,86,18.3,229,225,32.4,43.2,0,0.00,1021.3,1007.0
2020-10-30T04:00,12.2,0.00,93,11.1,10.0,0.00,0.00,0.00,3,100,94,76,100,17.4,233,230,31.1,40.0,0,0.00,1021.5,1007.2
2020-10-30T05:00,12.4,0.20,94,11.5,10.0,0.20,0.00,0.00,51,100,93,79,99,19.7,233,230,34.4,43.2,0,0.00,1021.7,1007.4
2020-10-30T06:00,12.6,0.10,93,11.5,10.3,0.10,0.00,0.00,51,100,89,99,72,18.9,234,231,32.8,43.2,0,0.00,1021.9,1007.6
2020-10-30T07:00,12.6,0.00,92,11.4,10.5,0.00,0.00,0.00,3,99,96,97,38,17.4,235,232,30.3,41.0,0,0.00,1022.2,1007.9
2020-10-30T08:00,12.5,0.00,93,11.4,10.8,0.00,0.00,0.00,3,99,84,97,96,14.5,231,226,26.1,37.4,1,0.00,1022.8,1008.5
2020-10-30T09:00,12.7,0.50,94,11.8,10.8,0.50,0.00,0.00,53,100,37,38,100,16.6,223,221,28.8,34.9,1,0.00,1023.1,1008.8
2020-10-30T10:00,12.8,0.60,94,11.8,10.6,0.60,0.00,0.00,53,100,62,87,100,18.6,230,229,31.4,40.3,1,0.00,1023.6,1009.3
2020-10-30T11:00,13.4,0.20,92,12.1,11.6,0.20,0.00,0.00,51,100,70,81,100,17.1,231,228,30.0,40.0,1,0.00,1024.0,1009.7
2020-10-30T12:00,13.7,0.10,90,12.1,12.1,0.10,0.00,0.00,51,99,64,85,95,15.5,231,228,27.4,36.4,1,0.00,1024.1,1009.8
2020-10-30T13:00,13.6,0.00,92,12.3,11.5,0.00,0.00,0.00,3,99,98,51,82,19.5,233,231,34.9,33.5,1,0.00,1024.3,1010.0
2020-10-30T14:00,14.0,0.20,91,12.6,12.6,0.20,0.00,0.00,51,99,97,81,60,15.0,227,222,25.7,40.7,1,1076.52,1024.0,1009.7
2020-10-30T15:00,13.9,0.00,88,12.0,12.3,0.00,0.00,0.00,3,100,25,11,100,15.5,228,224,26.3,34.2,1,0.00,1024.1,1009.8
2020-10-30T16:00,14.0,0.00,88,12.0,12.5,0.00,0.00,0.00,2,68,18,4,61,14.1,233,230,24.4,33.1,1,0.00,1024.2,1009.9
2020-10-30T17:00,13.5,0.00,88,11.6,11.9,0.00,0.00,0.00,2,59,0,4,59,14.5,238,235,26.7,30.6,1,467.63,1024.6,1010.3
2020-10-30T18:00,13.0,0.00,89,11.2,11.3,0.00,0.00,0.00,2,70,0,7,69,14.3,240,236,27.4,31.3,0,0.00,1025.0,1010.7
2020-10-30T19:00,12.9,0.00,89,11.1,11.2,0.00,0.00,0.00,2,70,0,6,69,13.7,237,235,26.1,31.0,0,0.00,1025.4,1011.1
2020-10-30T20:00,12.7,0.00,88,10.8,11.0,0.00,0.00,0.00,1,44,0,6,44,13.3,234,229,25.8,28.8,0,0.00,1025.8,1011.5
2020-10-30T21:00,12.2,0.00,90,10.5,10.5,0.00,0.00,0.00,1,47,0,5,47,12.2,232,227,25.4,28.1,0,0.00,1025.9,1011.5
2020-10-30T22:00,11.8,0.00,91,10.4,10.3,0.00,0.00,0.00,2,63,0,3,63,11.0,235,229,24.1,25.9,0,0.00,1026.2,1011.8
2020-10-30T23:00,11.6,0.00,92,10.4,10.3,0.00,0.00,0.00,2,56,0,2,56,9.7,236,228,21.8,23.8,0,0.00,1026.4,1012.0
2020-10-31T00:00,10.9,0.00,94,10.1,10.1,0.00,0.00,0.00,1,44,0,0,44,6.1,235,220,17.1,20.5,0,0.00,1026.5,1012.1
2020-10-31T01:00,11.7,0.00,89,10.0,10.7,0.00,0.00,0.00,1,42,0,0,100,6.9,232,219,17.9,14.0,0,0.00,1026.5,1012.1
2020-10-31T02:00,12.1,0.00,88,10.1,11.3,0.00,0.00,0.00,3,100,3,0,100,5.3,228,208,14.0,15.8,0,0.00,1026.6,1012.2
2020-10-31T03:00,12.1,0.00,88,10.2,11.6,0.00,0.00,0.00,3,100,0,0,100,3.6,216,180,10.3,11.9,0,0.00,1026.2,1011.8
2020-10-31T04:00,12.0,0.00,88,10.0,11.3,0.00,0.00,0.00,3,100,9,0,100,4.9,196,163,10.5,9.0,0,0.00,1025.7,1011.3
2020-10-31T05:00,11.7,0.00,88,9.8,10.7,0.00,0.00,0.00,3,98,77,0,92,6.9,194,171,13.7,13.0,0,0.00,1025.6,1011.2
2020-10-31T06:00,11.1,0.00,90,9.5,10.0,0.00,0.00,0.00,3,95,84,0,68,6.6,206,193,15.6,13.7,0,0.00,1025.4,1011.0
2020-10-31T07:00,9.9,0.00,94,9.0,8.9,0.00,0.00,0.00,3,92,88,0,30,4.7,214,184,13.0,13.3,0,0.00,1025.2,1010.7
2020-10-31T08:00,10.2,0.00,93,9.1,9.2,0.00,0.00,0.00,3,86,84,0,10,5.1,171,129,9.1,10.8,1,0.00,1025.0,1010.5
2020-10-31T09:00,11.7,0.00,86,9.5,10.6,0.00,0.00,0.00,2,79,78,0,8,6.9,146,137,12.2,15.8,1,3600.00,1024.7,1010.3
2020-10-31T10:00,13.2,0.00,80,9.8,12.2,0.00,0.00,0.00,2,75,74,0,4,6.5,148,146,9.4,16.6,1,3600.00,1024.1,1009.8
2020-10-31T11:00,14.7,0.00,73,9.9,13.3,0.00,0.00,0.00,2,69,68,0,1,9.2,143,141,13.1,22.7,1,3600.00,1023.1,1008.9
2020-10-31T12:00,16.0,0.00,66,9.7,14.1,0.00,0.00,0.00,2,74,74,0,0,12.1,144,143,17.3,28.8,1,3600.00,1022.2,1008.1
2020-10-31T13:00,16.6,0.00,64,9.8,15.3,0.00,0.00,0.00,2,77,45,0,0,8.4,186,190,11.2,28.8,1,3600.00,1021.9,1007.8
2020-10-31T14:00,16.7,0.00,64,10.0,15.6,0.00,0.00,0.00,0,0,0,0,0,7.6,197,199,10.1,21.6,1,3600.00,1020.8,1006.7
2020-10-31T15:00,16.3,0.00,66,10.0,15.2,0.00,0.00,0.00,0,1,0,0,1,7.8,197,202,10.9,19.8,1,3600.00,1020.4,1006.3
2020-10-31T16:00,15.0,0.00,74,10.4,14.3,0.00,0.00,0.00,0,0,0,0,0,5.5,206,212,11.6,18.7,1,3600.00,1020.1,1005.9
2020-10-31T17:00,11.7,0.00,85,9.3,10.6,0.00,0.00,0.00,0,0,0,0,0,5.9,199,194,15.3,13.7,1,1858.43,1019.9,1005.6
2020-10-31T18:00,11.2,0.00,85,8.7,9.9,0.00,0.00,0.00,0,13,13,0,0,6.6,197,171,17.7,15.5,0,0.00,1019.8,1005.5
2020-10-31T19:00,11.3,0.00,85,8.9,9.9,0.00,0.00,0.00,2,65,65,0,0,7.1,196,165,18.7,17.3,0,0.00,1019.8,1005.5
2020-10-31T20:00,10.6,0.00,88,8.7,9.2,0.00,0.00,0.00,3,88,88,0,0,7.2,206,180,18.8,17.3,0,0.00,1019.8,1005.4
2020-10-31T21:00,10.5,0.00,89,8.7,8.9,0.00,0.00,0.00,3,95,95,0,0,8.0,202,170,19.9,18.7,0,0.00,1019.5,1005.1
2020-10-31T22:00,10.2,0.00,89,8.5,8.7,0.00,0.00,0.00,3,98,98,49,0,7.9,210,183,20.3,19.8,0,0.00,1019.8,1005.4
2020-10-31T23:00,10.6,0.40,87,8.5,9.2,0.40,0.00,0.00,51,86,8,85,2,7.1,210,165,17.4,19.4,0,0.00,1019.7,1005.3
2020-11-01T00:00,11.0,0.00,84,8.4,9.5,0.00,0.00,0.00,3,94,68,84,22,7.7,200,152,16.5,17.6,0,0.00,1019.5,1005.2
2020-11-01T01:00,11.3,0.00,79,7.8,9.6,0.00,0.00,0.00,3,84,89,85,100,7.3,207,171,18.5,20.2,0,0.00,1019.7,1005.4
2020-11-01T02:00,11.8,0.00,78,8.1,10.2,0.00,0.00,0.00,3,97,94,63,69,7.5,216,197,19.6,20.2,0,0.00,1019.2,1004.9
2020-11-01T03:00,11.7,0.00,80,8.4,10.0,0.00,0.00,0.00,3,100,94,96,100,8.9,220,207,21.7,20.9,0,0.00,1019.3,1005.0
2020-11-01T04:00,12.4,0.00,77,8.5,10.5,0.00,0.00,0.00,3,100,100,100,100,10.2,216,198,21.9,23.0,0,0.00,1019.2,1004.9
2020-11-01T05:00,12.2,0.30,79,8.6,10.3,0.30,0.00,0.00,51,100,100,93,100,10.5,207,186,21.7,23.8,0,0.00,1018.9,1004.6
2020-11-01T06:00,12.4,0.00,77,8.4,10.4,0.00,0.00,0.00,3,100,100,100,96,10.7,209,194,22.7,23.8,0,0.00,1018.5,1004.2
2020-11-01T07:00,12.3,0.30,79,8.8,10.3,0.30,0.00,0.00,51,100,100,100,12,11.4,212,198,23.3,25.2,0,0.00,1018.3,1004.0
2020-11-01T08:00,12.1,0.20,84,9.4,10.1,0.20,0.00,0.00,51,100,100,100,73,12.2,215,204,24.6,26.3,1,0.00,1018.3,1004.0
2020-11-01T09:00,12.0,1.10,90,10.4,10.3,1.10,0.00,0.00,55,100,100,100,80,12.6,218,207,25.4,28.1,1,0.00,1018.4,1004.1
2020-11-01T10:00,12.4,0.20,89,10.7,10.6,0.20,0.00,0.00,51,99,86,95,36,14.0,213,206,26.1,30.6,1,0.00,1018.1,1003.8
2020-11-01T11:00,13.3,0.00,89,11.5,11.9,0.00,0.00,0.00,3,100,0,100,23,12.9,214,207,23.4,31.0,1,0.00,1018.1,1003.9
2020-11-01T12:00,14.1,0.00,89,12.3,13.0,0.00,0.00,0.00,3,96,0,96,15,12.6,215,207,23.8,28.8,1,0.00,1017.9,1003.7
2020-11-01T13:00,15.1,0.10,88,13.1,13.6,0.10,0.00,0.00,51,100,96,95,16,17.3,206,203,30.1,33.1,1,0.00,1017.3,1003.2
2020-11-01T14:00,15.0,0.90,91,13.6,13.6,0.90,0.00,0.00,53,100,51,100,99,17.6,218,215,30.8,39.6,1,0.00,1016.9,1002.8
2020-11-01T15:00,15.1,1.20,91,13.6,13.9,1.20,0.00,0.00,55,100,58,100,74,16.1,216,209,28.9,38.5,1,0.00,1016.5,1002.4
2020-11-01T16:00,14.8,1.80,92,13.5,13.8,1.80,0.00,0.00,61,100,50,100,100,14.3,214,208,26.5,53.3,1,0.00,1016.5,1002.4
2020-11-01T17:00,14.6,0.70,92,13.3,13.5,0.70,0.00,0.00,53,100,37,98,100,14.7,209,202,27.9,32.8,1,0.00,1016.1,1002.0
2020-11-01T18:00,14.6,0.20,92,13.3,13.5,0.20,0.00,0.00,51,100,43,100,100,14.8,220,214,27.8,33.1,0,0.00,1016.4,1002.3
2020-11-01T19:00,14.6,0.20,93,13.4,13.5,0.20,0.00,0.00,51,100,91,96,100,15.0,220,215,28.6,33.8,0,0.00,1016.3,1002.2
2020-11-01T20:00,14.9,0.10,90,13.3,13.6,0.10,0.00,0.00,51,100,87,100,100,16.1,225,220,29.8,35.3,0,0.00,1016.4,1002.3
2020-11-01T21:00,15.0,0.00,88,13.1,13.7,0.00,0.00,0.00,3,100,94,82,99,16.0,220,216,29.4,36.0,0,0.00,1016.2,1002.1
2020-11-01T22:00,15.1,0.00,87,13.0,13.9,0.00,0.00,0.00,3,100,98,93,100,15.0,219,215,27.9,34.6,0,0.00,1015.9,1001.8
2020-11-01T23:00,15.2,0.00,86,12.8,14.0,0.00,0.00,0.00,3,100,99,64,78,14.4,217,212,27.0,33.1,0,0.00,1015.9,1001.8
2020-11-02T00:00,15.1,0.00,85,12.6,13.8,0.00,0.00,0.00,3,98,90,80,82,14.2,220,216,27.3,32.0,0,0.00,1015.7,1001.6
2020-11-02T01:00,15.4,0.00,88,13.4,14.4,0.00,0.00,0.00,3,100,96,100,93,14.3,226,223,28.0,32.8,0,0.00,1016.1,1002.0
2020-11-02T02:00,15.5,0.40,88,13.5,14.6,0.40,0.00,0.00,51,100,92,99,100,13.9,218,211,27.9,32.0,0,0.00,1015.7,1001.6
2020-11-02T03:00,16.0,0.00,82,12.9,14.4,0.00,0.00,0.00,3,100,92,86,100,16.9,222,220,31.1,36.7,0,0.00,1015.2,1001.2
2020-11-02T04:00,15.9,0.00,82,12.9,14.1,0.00,0.00,0.00,3,98,94,88,19,18.9,230,228,34.0,40.3,0,0.00,1015.3,1001.3
2020-11-02T05:00,16.0,0.00,83,13.1,14.0,0.00,0.00,0.00,3,98,97,68,63,20.1,227,224,36.2,43.9,0,0.00,1015.4,1001.4
2020-11-02T06:00,16.1,0.00,82,13.0,14.3,0.00,0.00,0.00,3,95,94,18,3,19.1,225,223,34.4,44.6,0,0.00,1015.0,1001.0
2020-11-02T07:00,15.6,0.00,84,12.9,13.9,0.00,0.00,0.00,3,97,92,48,86,18.1,229,227,33.4,41.8,0,0.00,1015.2,1001.1
2020-11-02T08:00,16.4,0.00,82,13.3,14.9,0.00,0.00,0.00,3,99,98,20,96,17.6,227,226,31.8,40.0,1,0.00,1015.5,1001.5
2020-11-02T09:00,17.3,0.00,79,13.7,15.8,0.00,0.00,0.00,3,95,83,0,86,18.3,226,225,31.8,40.7,1,0.00,1016.0,1002.0
2020-11-02T10:00,18.2,0.00,78,14.3,17.1,0.00,0.00,0.00,3,99,68,5,98,17.1,224,221,30.0,41.4,1,294.30,1016.2,1002.3
2020-11-02T11:00,18.6,0.00,78,14.6,18.0,0.00,0.00,0.00,2,75,68,12,20,14.6,217,213,25.7,38.5,1,1010.44,1016.1,1002.2
2020-11-02T12:00,20.0,0.00,73,14.9,19.1,0.00,0.00,0.00,3,88,57,81,64,17.0,215,212,25.9,38.5,1,3600.00,1015.8,1001.9
2020-11-02T13:00,21.4,0.00,68,15.2,21.0,0.00,0.00,0.00,1,37,8,53,14,15.0,208,204,23.2,38.9,1,3596.38,1014.9,1001.1
2020-11-02T14:00,21.7,0.00,64,14.5,19.6,0.00,0.00,0.00,1,45,0,45,1,23.9,226,224,38.7,54.7,1,3600.00,1014.6,1000.8
2020-11-02T15:00,21.0,0.00,66,14.3,19.3,0.00,0.00,0.00,2,61,43,34,0,20.6,224,223,34.4,51.8,1,3600.00,1014.6,1000.8
2020-11-02T16:00,20.1,0.00,65,13.4,18.7,0.00,0.00,0.00,2,73,72,4,0,17.3,228,227,31.6,45.4,1,3600.00,1014.6,1000.8
2020-11-02T17:00,19.0,0.00,66,12.5,17.4,0.00,0.00,0.00,1,49,49,0,0,16.3,230,227,31.4,39.2,1,987.60,1014.7,1000.8
2020-11-02T18:00,18.2,0.00,69,12.4,16.9,0.00,0.00,0.00,3,81,74,27,1,14.3,233,229,29.3,36.4,0,0.00,1015.2,1001.3
2020-11-02T19:00,17.8,0.00,71,12.4,16.5,0.00,0.00,0.00,2,54,52,5,2,14.1,234,230,28.6,32.8,0,0.00,1015.8,1001.8
2020-11-02T20:00,17.3,0.00,73,12.5,15.7,0.00,0.00,0.00,0,7,0,3,5,16.3,232,229,31.5,35.6,0,0.00,1016.4,1002.4
2020-11-02T21:00,17.0,0.00,72,12.0,15.1,0.00,0.00,0.00,3,83,0,83,11,17.6,226,223,32.8,39.2,0,0.00,1016.9,1002.9
2020-11-02T22:00,17.0,0.10,73,12.1,15.1,0.10,0.00,0.00,51,65,6,60,20,17.3,226,222,31.3,40.3,0,0.00,1017.5,1003.5
2020-11-02T23:00,16.9,0.00,74,12.3,15.3,0.00,0.00,0.00,3,100,64,99,94,15.3,229,225,28.6,37.8,0,0.00,1018.1,1004.1
2020-11-03T00:00,16.8,0.00,79,13.0,15.6,0.00,0.00,0.00,3,100,22,89,100,14.7,244,239,26.4,34.2,0,0.00,1018.6,1004.6
2020-11-03T01:00,14.0,0.20,89,12.2,12.3,0.20,0.00,0.00,51,100,0,84,100,16.2,323,323,27.8,31.7,0,0.00,1020.5,1006.3
2020-11-03T02:00,13.5,0.20,86,11.2,12.0,0.20,0.00,0.00,51,100,0,100,100,13.1,309,307,22.8,34.2,0,0.00,1021.6,1007.4
2020-11-03T03:00,12.9,0.30,90,11.3,12.1,0.30,0.00,0.00,51,100,0,100,100,8.4,307,301,16.7,28.1,0,0.00,1022.1,1007.8
2020-11-03T04:00,12.7,0.50,90,11.2,11.9,0.50,0.00,0.00,53,100,0,100,4,8.1,293,291,15.6,18.7,0,0.00,1022.8,1008.5
2020-11-03T05:00,12.4,0.70,93,11.3,11.9,0.70,0.00,0.00,53,100,0,100,8,6.1,276,273,13.0,18.7,0,0.00,1023.3,1009.0
2020-11-03T06:00,12.1,0.40,95,11.3,11.4,0.40,0.00,0.00,51,100,0,100,20,7.3,260,259,14.6,15.8,0,0.00,1023.4,1009.1
2020-11-03T07:00,11.8,0.10,94,10.8,11.2,0.10,0.00,0.00,51,100,0,100,16,6.2,243,234,12.9,15.8,0,0.00,1023.6,1009.2
2020-11-03T08:00,11.8,0.00,93,10.7,11.1,0.00,0.00,0.00,3,100,0,100,2,6.1,236,230,11.7,13.7,1,0.00,1023.9,1009.5
2020-11-03T09:00,11.9,0.00,92,10.7,11.1,0.00,0.00,0.00,3,100,0,100,3,6.4,245,243,11.1,13.7,1,0.00,1024.3,1009.9
2020-11-03T10:00,11.8,0.00,90,10.2,11.0,0.00,0.00,0.00,3,99,0,99,5,6.4,237,232,9.9,14.8,1,0.00,1024.3,1009.9
2020-11-03T11:00,11.9,0.00,85,9.5,10.9,0.00,0.00,0.00,3,95,0,95,5,5.9,232,232,8.7,14.4,1,0.00,1024.4,1010.0
2020-11-03T12:00,12.2,0.00,80,8.8,11.0,0.00,0.00,0.00,3,99,0,99,7,5.8,247,248,8.2,15.5,1,0.00,1024.5,1010.1
2020-11-03T13:00,12.4,0.00,77,8.4,10.8,0.00,0.00,0.00,3,100,6,100,10,7.9,225,223,10.7,16.2,1,0.00,1024.9,1010.5
2020-11-03T14:00,12.3,0.10,77,8.3,10.4,0.10,0.00,0.00,51,100,8,100,34,9.4,224,220,14.5,21.6,1,0.00,1024.8,1010.4
2020-11-03T15:00,12.1,0.10,81,8.8,10.4,0.10,0.00,0.00,51,100,1,100,13,9.0,216,209,15.5,21.2,1,0.00,1024.6,1010.2
2020-11-03T16:00,11.8,0.00,83,9.0,10.1,0.00,0.00,0.00,3,100,78,100,18,9.8,214,208,17.4,20.9,1,0.00,1024.7,1010.3
2020-11-03T17:00,11.2,0.00,87,9.1,9.2,0.00,0.00,0.00,3,100,40,100,30,11.9,218,215,21.0,24.8,1,0.00,1025.1,1010.7
2020-11-03T18:00,10.9,0.00,88,9.0,9.0,0.00,0.00,0.00,3,100,59,100,31,11.3,218,211,21.0,25.2,0,0.00,1025.4,1011.0
2020-11-03T19:00,10.8,0.00,88,8.9,8.8,0.00,0.00,0.00,3,100,100,100,4,11.8,216,211,21.9,25.6,0,0.00,1025.9,1011.5
2020-11-03T20:00,10.6,0.10,87,8.5,8.3,0.10,0.00,0.00,51,100,100,100,36,12.8,231,232,23.1,27.7,0,0.00,1026.3,1011.8
2020-11-03T21:00,10.2,0.30,88,8.3,8.1,0.30,0.00,0.00,51,100,100,100,42,11.4,238,235,21.2,28.4,0,0.00,1026.9,1012.4
2020-11-03T22:00,10.2,0.10,86,8.0,8.2,0.10,0.00,0.00,51,98,94,97,9,10.5,255,254,19.0,24.8,0,0.00,1027.2,1012.7
2020-11-03T23:00,9.6,0.10,87,7.5,7.8,0.10,0.00,0.00,51,92,68,91,6,7.6,268,262,16.6,22.7,0,0.00,1027.6,1013.1
2020-11-04T00:00,8.5,0.00,91,7.1,7.0,0.00,0.00,0.00,3,82,78,71,1,5.2,270,258,14.4,17.3,0,0.00,1027.9,1013.3
2020-11-04T01:00,8.6,0.00,88,6.7,6.9,0.00,0.00,0.00,1,47,85,72,3,6.1,282,273,15.5,12.6,0,0.00,1028.6,1014.0
2020-11-04T02:00,7.3,0.00,92,6.1,5.6,0.00,0.00,0.00,3,86,81,72,2,4.8,275,257,11.9,14.0,0,0.00,1028.9,1014.2
2020-11-04T03:00,7.2,0.00,93,6.2,5.5,0.00,0.00,0.00,3,81,65,72,0,4.6,250,225,9.6,10.8,0,0.00,1029.1,1014.4
2020-11-04T04:00,6.4,0.00,96,5.7,4.5,0.00,0.00,0.00,1,27,17,17,0,5.5,229,212,10.5,10.1,0,0.00,1029.4,1014.7
2020-11-04T05:00,5.1,0.00,98,4.8,2.8,0.00,0.00,0.00,1,23,18,7,6,7.1,230,221,10.7,11.2,0,0.00,1029.8,1015.0
2020-11-04T06:00,5.3,0.00,98,5.1,3.2,0.00,0.00,0.00,3,82,77,55,12,6.1,243,230,8.9,11.2,0,0.00,1030.0,1015.2
2020-11-04T07:00,4.9,0.00,99,4.8,2.9,0.00,0.00,0.00,3,95,91,87,16,5.4,282,290,8.5,9.0,0,0.00,1030.2,1015.4
2020-11-04T08:00,6.2,0.00,99,6.0,4.6,0.00,0.00,0.00,3,97,88,92,31,3.9,321,338,10.2,8.3,1,0.00,1030.9,1016.1
2020-11-04T09:00,6.9,0.00,94,5.9,5.2,0.00,0.00,0.00,3,95,71,92,10,4.1,341,345,6.5,11.5,1,867.26,1031.6,1016.9
2020-11-04T10:00,7.7,0.00,87,5.6,5.9,0.00,0.00,0.00,3,87,65,75,9,4.5,350,346,6.2,13.3,1,2530.41,1031.6,1016.9
2020-11-04T11:00,8.8,0.00,79,5.4,6.8,0.00,0.00,0.00,3,88,80,53,9,5.9,355,349,7.6,16.9,1,3600.00,1032.0,1017.4
2020-11-04T12:00,9.7,0.00,74,5.3,7.6,0.00,0.00,0.00,2,54,38,36,12,6.1,360,357,8.3,18.0,1,3600.00,1032.0,1017.4
2020-11-04T13:00,10.9,0.00,65,4.7,8.7,0.00,0.00,0.00,2,66,32,25,75,6.1,29,28,8.2,18.0,1,3600.00,1031.7,1017.2
2020-11-04T14:00,11.1,0.00,63,4.3,8.7,0.00,0.00,0.00,2,79,66,3,59,7.5,21,17,10.0,18.4,1,3600.00,1031.6,1017.1
2020-11-04T15:00,11.1,0.00,61,3.9,8.4,0.00,0.00,0.00,2,63,29,0,55,9.0,18,16,12.5,20.2,1,3600.00,1031.9,1017.4
2020-11-04T16:00,10.4,0.00,64,3.8,7.9,0.00,0.00,0.00,1,34,1,0,33,7.0,27,21,13.4,20.5,1,3600.00,1032.2,1017.6
2020-11-04T17:00,7.9,0.00,74,3.6,5.5,0.00,0.00,0.00,1,40,0,10,36,5.9,22,14,14.4,15.8,0,1165.24,1032.8,1018.1
2020-11-04T18:00,7.2,0.00,77,3.4,4.4,0.00,0.00,0.00,1,31,2,12,24,8.9,17,14,20.3,17.6,0,0.00,1033.6,1018.9
2020-11-04T19:00,7.0,0.00,75,2.9,4.0,0.00,0.00,0.00,1,31,15,9,16,9.2,27,31,21.4,19.1,0,0.00,1034.3,1019.5
2020-11-04T20:00,6.5,0.00,75,2.4,3.4,0.00,0.00,0.00,0,10,0,8,3,9.3,33,36,21.6,19.4,0,0.00,1034.7,1019.9
2020-11-04T21:00,6.1,0.00,76,2.2,3.0,0.00,0.00,0.00,0,7,0,7,1,9.2,37,42,22.1,19.4,0,0.00,1035.3,1020.5
2020-11-04T22:00,5.6,0.00,78,2.1,2.7,0.00,0.00,0.00,0,8,0,8,0,7.7,44,49,20.1,19.1,0,0.00,1035.8,1020.9
2020-11-04T23:00,4.8,0.00,83,2.2,2.1,0.00,0.00,0.00,0,8,0,7,0,6.6,52,41,16.9,16.6,0,0.00,1036.4,1021.5
2020-11-05T00:00,4.2,0.00,86,2.1,1.5,0.00,0.00,0.00,0,7,0,7,0,6.0,50,33,16.1,14.0,0,0.00,1036.6,1021.7
2020-11-05T01:00,3.8,0.00,89,2.2,1.2,0.00,0.00,0.00,0,0,0,0,0,6.0,53,33,17.5,13.0,0,0.00,1036.8,1021.8
2020-11-05T02:00,3.7,0.00,87,1.7,0.9,0.00,0.00,0.00,0,0,0,0,0,5.9,59,38,17.3,15.1,0,0.00,1037.3,1022.3
2020-11-05T03:00,3.3,0.00,88,1.4,0.5,0.00,0.00,0.00,0,0,0,0,0,5.9,60,38,16.6,13.7,0,0.00,1037.2,1022.2
2020-11-05T04:00,2.9,0.00,88,1.1,0.1,0.00,0.00,0.00,0,0,0,0,0,5.8,56,30,15.6,12.6,0,0.00,1037.2,1022.2
2020-11-05T05:00,2.8,0.00,89,1.2,0.0,0.00,0.00,0.00,0,0,0,0,0,5.6,49,27,16.6,12.6,0,0.00,1037.7,1022.7
2020-11-05T06:00,2.5,0.00,90,1.1,-0.3,0.00,0.00,0.00,0,0,0,0,0,5.8,53,30,16.7,12.6,0,0.00,1037.8,1022.8
2020-11-05T07:00,1.8,0.00,92,0.6,-1.3,0.00,0.00,0.00,0,0,0,0,0,7.1,59,41,15.5,13.3,0,0.00,1038.0,1022.9
2020-11-05T08:00,2.7,0.00,92,1.5,-0.0,0.00,0.00,0.00,0,0,0,0,0,5.6,54,27,12.9,13.7,1,70.32,1038.7,1023.6
2020-11-05T09:00,5.6,0.00,83,2.9,3.4,0.00,0.00,0.00,0,0,0,0,0,3.8,63,41,10.1,10.8,1,3600.00,1038.8,1023.9
2020-11-05T10:00,7.8,0.00,76,3.8,5.8,0.00,0.00,0.00,0,0,0,0,0,3.9,62,56,6.1,12.6,1,3600.00,1038.6,1023.8
2020-11-05T11:00,9.6,0.00,70,4.3,7.5,0.00,0.00,0.00,0,0,0,0,0,4.5,68,61,6.6,14.8,1,3600.00,1038.6,1023.9
2020-11-05T12:00,10.7,0.00,63,4.0,8.5,0.00,0.00,0.00,0,0,0,0,0,5.5,65,58,7.6,16.2,1,3600.00,1038.1,1023.5
2020-11-05T13:00,11.2,0.00,59,3.4,8.8,0.00,0.00,0.00,0,0,0,0,0,5.7,59,55,7.6,17.3,1,3600.00,1037.8,1023.2
2020-11-05T14:00,11.6,0.00,56,3.1,9.1,0.00,0.00,0.00,0,0,0,0,0,6.2,57,54,8.6,16.6,1,3600.00,1037.0,1022.4
2020-11-05T15:00,11.5,0.00,56,3.1,9.0,0.00,0.00,0.00,0,0,0,0,0,6.1,52,50,8.7,16.6,1,3600.00,1036.7,1022.1
2020-11-05T16:00,10.0,0.00,67,4.2,7.8,0.00,0.00,0.00,0,0,0,0,0,5.4,47,42,13.2,14.4,1,3600.00,1036.8,1022.2
2020-11-05T17:00,7.2,0.00,75,3.1,4.5,0.00,0.00,0.00,0,0,0,0,0,7.4,58,51,18.3,15.1,0,1324.93,1036.8,1022.0
2020-11-05T18:00,5.9,0.00,82,3.0,3.1,0.00,0.00,0.00,0,0,0,0,0,7.7,65,53,19.0,16.6,0,0.00,1036.9,1022.0
2020-11-05T19:00,5.3,0.00,84,2.8,2.3,0.00,0.00,0.00,0,0,0,0,0,8.8,67,55,21.1,18.0,0,0.00,1037.2,1022.3
2020-11-05T20:00,5.2,0.00,83,2.6,2.1,0.00,0.00,0.00,0,0,0,0,0,9.7,71,59,22.9,19.8,0,0.00,1037.2,1022.3
2020-11-05T21:00,5.1,0.00,83,2.4,2.1,0.00,0.00,0.00,0,5,5,0,0,9.0,77,67,22.9,19.8,0,0.00,1037.0,1022.1
2020-11-05T22:00,5.0,0.00,82,2.2,1.9,0.00,0.00,0.00,0,8,8,0,0,8.6,85,75,22.4,19.1,0,0.00,1036.8,1021.9
2020-11-05T23:00,4.4,0.00,84,1.9,1.5,0.00,0.00,0.00,0,0,0,0,0,6.9,90,81,20.2,18.0,0,0.00,1036.4,1021.5
2020-11-06T00:00,3.2,0.00,86,1.2,0.3,0.00,0.00,0.00,0,0,0,0,0,6.6,91,81,17.3,15.1,0,0.00,1036.4,1021.4
2020-11-06T01:00,3.0,0.00,85,0.7,-0.4,0.00,0.00,0.00,0,0,0,0,0,9.7,96,90,16.3,13.7,0,0.00,1036.4,1021.4
2020-11-06T02:00,2.8,0.00,85,0.6,-0.2,0.00,0.00,0.00,0,0,0,0,0,6.8,97,90,18.8,17.6,0,0.00,1036.1,1021.1
2020-11-06T03:00,2.8,0.00,85,0.6,-0.2,0.00,0.00,0.00,0,0,0,0,0,6.5,94,84,19.9,14.8,0,0.00,1035.7,1020.7
2020-11-06T04:00,2.3,0.00,86,0.2,-0.8,0.00,0.00,0.00,0,0,0,0,0,6.5,95,87,18.8,15.1,0,0.00,1035.3,1020.3
2020-11-06T05:00,1.3,0.00,88,-0.5,-2.0,0.00,0.00,0.00,0,0,0,0,0,7.6,97,87,17.1,14.8,0,0.00,1035.1,1020.0
2020-11-06T06:00,0.3,0.00,89,-1.4,-3.3,0.00,0.00,0.00,0,0,0,0,0,8.4,96,80,14.8,15.8,0,0.00,1035.0,1019.9
2020-11-06T07:00,0.7,0.00,87,-1.2,-2.7,0.00,0.00,0.00,0,0,0,0,0,7.3,92,79,16.9,15.5,0,0.00,1034.9,1019.8
2020-11-06T08:00,2.4,0.00,84,-0.1,-0.7,0.00,0.00,0.00,0,0,0,0,0,6.3,89,77,19.4,14.8,1,28.43,1035.1,1020.1
2020-11-06T09:00,5.1,0.00,73,0.7,2.0,0.00,0.00,0.00,0,0,0,0,0,7.6,92,90,17.3,17.3,1,3600.00,1035.2,1020.3
2020-11-06T10:00,7.5,0.00,66,1.5,4.6,0.00,0.00,0.00,0,0,0,0,0,6.9,96,96,11.2,18.0,1,3600.00,1034.9,1020.2
2020-11-06T11:00,9.3,0.00,63,2.6,6.5,0.00,0.00,0.00,0,0,0,0,0,7.3,99,101,10.9,19.8,1,3600.00,1034.5,1019.9
2020-11-06T12:00,10.7,0.00,57,2.5,7.7,0.00,0.00,0.00,0,0,0,0,0,9.0,93,95,13.3,23.0,1,3600.00,1033.9,1019.3
2020-11-06T13:00,11.2,0.00,57,2.9,7.7,0.00,0.00,0.00,0,0,0,0,0,13.0,96,96,18.4,25.9,1,3600.00,1032.9,1018.4
2020-11-06T14:00,11.4,0.00,59,3.6,8.0,0.00,0.00,0.00,0,2,0,0,2,12.8,106,106,18.7,30.2,1,3600.00,1032.2,1017.7
2020-11-06T15:00,11.5,0.00,60,3.9,8.4,0.00,0.00,0.00,0,2,0,0,2,11.2,112,111,18.3,28.8,1,3600.00,1031.6,1017.1
2020-11-06T16:00,10.5,0.00,64,4.0,7.7,0.00,0.00,0.00,0,3,0,0,3,9.4,114,113,20.1,25.2,1,3600.00,1031.0,1016.5
2020-11-06T17:00,8.4,0.00,72,3.5,5.6,0.00,0.00,0.00,0,3,0,0,3,8.9,123,117,22.4,20.9,0,1175.48,1030.8,1016.2
2020-11-06T18:00,7.6,0.00,75,3.5,4.5,0.00,0.00,0.00,0,3,0,0,3,11.0,128,122,25.6,23.4,0,0.00,1030.9,1016.2
2020-11-06T19:00,7.2,0.00,78,3.7,3.8,0.00,0.00,0.00,0,2,0,0,2,13.4,118,110,28.7,28.1,0,0.00,1030.6,1015.9
2020-11-06T20:00,6.7,0.00,82,3.8,3.1,0.00,0.00,0.00,0,1,0,0,1,14.2,113,106,29.4,29.5,0,0.00,1030.2,1015.5
2020-11-06T21:00,6.1,0.00,85,3.8,2.5,0.00,0.00,0.00,0,1,0,0,1,14.4,109,103,29.4,29.9,0,0.00,1030.0,1015.3
2020-11-06T22:00,5.7,0.00,87,3.8,2.2,0.00,0.00,0.00,0,1,0,0,1,13.9,109,107,28.9,29.9,0,0.00,1029.8,1015.0
2020-11-06T23:00,5.3,0.00,89,3.7,1.9,0.00,0.00,0.00,0,2,0,0,2,12.9,109,108,27.0,28.4,0,0.00,1030.0,1015.2
2020-11-07T00:00,5.0,0.00,91,3.6,1.6,0.00,0.00,0.00,0,2,0,0,2,13.1,107,106,27.6,27.0,0,0.00,1029.6,1014.8
2020-11-07T01:00,4.2,0.00,93,3.2,0.6,0.00,0.00,0.00,0,3,0,0,1,14.0,111,108,27.8,26.6,0,0.00,1029.6,1014.8
2020-11-07T02:00,4.0,0.00,93,3.0,0.5,0.00,0.00,0.00,0,0,0,0,0,12.8,112,112,26.8,28.1,0,0.00,1029.2,1014.4
2020-11-07T03:00,4.1,0.00,93,3.1,0.6,0.00,0.00,0.00,0,1,0,0,1,12.8,114,112,26.8,25.9,0,0.00,1029.1,1014.3
2020-11-07T04:00,4.3,0.00,92,3.2,1.0,0.00,0.00,0.00,0,3,0,0,3,11.8,113,110,25.5,27.0,0,0.00,1028.8,1014.0
2020-11-07T05:00,4.2,0.00,92,3.0,1.2,0.00,0.00,0.00,0,4,0,0,4,9.3,110,103,21.4,24.8,0,0.00,1028.7,1013.9
2020-11-07T06:00,4.1,0.00,92,2.8,1.2,0.00,0.00,0.00,0,7,0,0,7,8.4,108,100,20.8,19.4,0,0.00,1028.5,1013.7
2020-11-07T07:00,3.1,0.00,93,2.1,0.5,0.00,0.00,0.00,0,8,0,0,8,5.1,106,86,14.6,18.0,0,0.00,1028.4,1013.5
2020-11-07T08:00,3.8,0.00,92,2.6,1.1,0.00,0.00,0.00,0,9,0,0,9,6.8,104,90,16.7,13.7,1,0.00,1028.5,1013.7
2020-11-07T09:00,5.9,0.00,84,3.4,3.0,0.00,0.00,0.00,0,10,0,0,10,9.1,104,99,19.3,20.2,1,3600.00,1028.2,1013.5
2020-11-07T10:00,8.0,0.00,77,4.3,5.7,0.00,0.00,0.00,0,10,0,0,10,6.6,101,99,11.4,20.2,1,3600.00,1028.0,1013.4
2020-11-07T11:00,9.9,0.00,72,5.1,8.0,0.00,0.00,0.00,0,6,0,0,6,4.3,90,85,6.8,17.6,1,3600.00,1027.8,1013.3
2020-11-07T12:00,11.6,0.00,68,5.9,9.8,0.00,0.00,0.00,0,4,0,0,4,5.4,95,94,7.6,15.5,1,3600.00,1027.1,1012.7
2020-11-07T13:00,12.6,0.00,63,5.7,10.6,0.00,0.00,0.00,0,2,0,0,2,6.6,111,112,8.9,16.2,1,3600.00,1026.1,1011.7
2020-11-07T14:00,13.2,0.00,63,6.3,11.1,0.00,0.00,0.00,0,1,0,0,1,7.8,103,103,11.1,18.7,1,3600.00,1025.3,1011.0
2020-11-07T15:00,13.2,0.00,66,7.1,11.5,0.00,0.00,0.00,0,1,0,0,1,6.8,107,108,11.3,18.7,1,3600.00,1024.9,1010.6
2020-11-07T16:00,11.4,0.00,80,8.1,10.1,0.00,0.00,0.00,0,1,0,0,1,5.2,112,115,13.6,15.5,1,3600.00,1024.9,1010.5
2020-11-07T17:00,8.2,0.00,87,6.1,5.9,0.00,0.00,0.00,0,1,0,0,1,8.9,113,111,16.0,14.4,0,918.97,1024.8,1010.2
2020-11-07T18:00,7.9,0.00,88,6.0,5.9,0.00,0.00,0.00,0,5,5,0,0,6.5,109,90,16.7,14.4,0,0.00,1024.8,1010.2
2020-11-07T19:00,7.9,0.00,89,6.2,5.9,0.00,0.00,0.00,1,20,9,12,0,6.8,109,93,17.9,13.7,0,0.00,1025.0,1010.4
2020-11-07T20:00,7.5,0.00,91,6.1,5.4,0.00,0.00,0.00,1,31,0,31,0,7.7,113,101,17.6,14.8,0,0.00,1024.7,1010.1
2020-11-07T21:00,7.6,0.00,89,5.9,5.2,0.00,0.00,0.00,1,24,0,24,0,9.5,108,99,20.5,19.4,0,0.00,1024.4,1009.8
2020-11-07T22:00,6.9,0.00,89,5.3,4.9,0.00,0.00,0.00,0,0,0,0,0,5.9,107,101,17.3,19.4,0,0.00,1024.6,1010.0
2020-11-07T23:00,5.3,0.00,91,3.9,2.9,0.00,0.00,0.00,0,5,0,5,0,6.2,101,83,12.8,11.9,0,0.00,1024.9,1010.2
2020-11-08T00:00,4.9,0.00,90,3.4,2.5,0.00,0.00,0.00,0,4,0,3,1,5.4,98,86,10.5,10.4,0,0.00,1024.8,1010.1
2020-11-08T01:00,5.3,0.00,89,3.6,2.7,0.00,0.00,0.00,0,5,43,0,0,7.0,121,111,17.3,10.1,0,0.00,1024.6,1009.9
2020-11-08T02:00,4.3,0.00,92,3.0,1.8,0.00,0.00,0.00,2,68,68,0,0,6.0,124,115,16.6,14.4,0,0.00,1024.7,1009.9
2020-11-08T03:00,3.9,0.00,92,2.8,1.5,0.00,0.00,0.00,2,70,69,0,2,5.2,131,106,13.8,10.4,0,0.00,1025.3,1010.5
2020-11-08T04:00,4.1,0.00,92,2.9,1.3,0.00,0.00,0.00,1,34,30,1,5,7.9,132,106,15.0,14.0,0,0.00,1025.2,1010.4
2020-11-08T05:00,4.2,0.00,93,3.1,1.6,0.00,0.00,0.00,2,66,65,2,2,7.3,141,110,13.0,15.1,0,0.00,1025.2,1010.4
2020-11-08T06:00,4.2,0.00,93,3.1,1.7,0.00,0.00,0.00,1,45,29,22,1,5.8,162,120,11.4,13.3,0,0.00,1025.4,1010.6
2020-11-08T07:00,4.6,0.00,92,3.4,2.1,0.00,0.00,0.00,2,54,37,27,3,6.4,165,128,12.3,11.9,0,0.00,1025.4,1010.6
2020-11-08T08:00,5.1,0.00,90,3.6,2.8,0.00,0.00,0.00,2,66,53,26,5,5.1,165,129,10.0,11.5,1,0.00,1025.9,1011.2
2020-11-08T09:00,7.2,0.00,84,4.7,5.1,0.00,0.00,0.00,3,83,77,23,2,5.2,164,146,9.0,11.9,1,3569.17,1026.2,1011.6
2020-11-08T10:00,9.4,0.00,80,6.2,7.8,0.00,0.00,0.00,3,87,84,18,4,3.8,137,139,5.9,12.2,1,3600.00,1026.1,1011.6
2020-11-08T11:00,11.4,0.00,75,7.1,10.0,0.00,0.00,0.00,3,85,82,20,3,4.4,160,171,5.4,13.0,1,3600.00,1026.1,1011.7
2020-11-08T12:00,12.8,0.00,71,7.6,11.6,0.00,0.00,0.00,3,91,90,18,1,4.0,172,180,5.1,14.4,1,3600.00,1026.0,1011.7
2020-11-08T13:00,13.9,0.00,67,7.9,13.0,0.00,0.00,0.00,3,92,85,13,1,2.5,221,225,3.3,13.7,1,3600.00,1025.0,1010.7
2020-11-08T14:00,14.1,0.10,68,8.3,13.3,0.10,0.00,0.00,51,66,52,36,1,2.3,288,288,2.3,10.4,1,3600.00,1024.4,1010.1
2020-11-08T15:00,14.1,0.00,70,8.7,13.7,0.00,0.00,0.00,1,42,26,28,1,0.4,90,270,0.7,9.0,1,3600.00,1024.1,1009.8
2020-11-08T16:00,11.6,0.10,88,9.6,10.9,0.10,0.00,0.00,51,77,72,33,0,4.2,225,250,5.6,9.4,1,3600.00,1024.4,1010.0
2020-11-08T17:00,11.4,0.20,83,8.7,10.7,0.20,0.00,0.00,51,94,93,34,0,2.4,176,297,5.4,6.8,0,315.81,1024.4,1010.0
2020-11-08T18:00,11.5,0.10,81,8.4,10.8,0.10,0.00,0.00,51,99,98,45,0,2.3,171,72,6.6,5.0,0,0.00,1024.8,1010.4
2020-11-08T19:00,9.6,0.20,88,7.6,8.3,0.20,0.00,0.00,51,99,98,36,0,4.7,144,90,6.7,6.8,0,0.00,1024.7,1010.2
2020-11-08T20:00,10.3,0.10,85,7.9,9.4,0.10,0.00,0.00,51,99,98,29,0,2.5,165,82,4.1,7.2,0,0.00,1024.5,1010.1
2020-11-08T21:00,10.0,0.10,86,7.8,9.1,0.10,0.00,0.00,51,99,99,42,0,2.2,180,81,1.8,4.3,0,0.00,1024.5,1010.0
2020-11-08T22:00,10.1,0.10,85,7.8,9.2,0.10,0.00,0.00,51,98,97,84,0,2.4,360,63,0.4,4.3,0,0.00,1024.5,1010.0
2020-11-08T23:00,11.3,0.00,80,8.1,10.5,0.00,0.00,0.00,3,88,76,80,0,2.1,338,59,1.9,4.3,0,0.00,1024.6,1010.2
2020-11-09T00:00,9.3,0.00,89,7.6,8.0,0.00,0.00,0.00,2,69,11,66,2,4.6,150,141,2.9,5.4,0,0.00,1024.8,1010.3
2020-11-09T01:00,7.5,0.00,97,7.0,5.7,0.00,0.00,0.00,1,32,37,27,0,6.9,142,141,8.2,9.0,0,0.00,1024.7,1010.1
2020-11-09T02:00,7.2,0.20,96,6.6,5.6,0.20,0.00,0.00,51,50,29,42,0,4.6,146,129,9.6,13.7,0,0.00,1024.9,1010.3
2020-11-09T03:00,6.8,0.00,95,6.1,5.0,0.00,0.00,0.00,2,60,58,11,0,5.1,117,98,8.0,9.0,0,0.00,1024.7,1010.1
2020-11-09T04:00,6.0,0.00,96,5.5,4.2,0.00,0.00,0.00,1,40,27,31,0,4.7,124,90,5.2,8.6,0,0.00,1024.4,1009.7
2020-11-09T05:00,6.0,0.00,95,5.2,4.2,0.00,0.00,0.00,3,93,92,6,1,4.0,106,85,6.7,7.6,0,0.00,1024.3,1009.6
2020-11-09T06:00,5.5,0.00,95,4.8,3.4,0.00,0.00,0.00,3,99,99,3,0,5.4,108,98,5.7,8.3,0,0.00,1024.3,1009.6
2020-11-09T07:00,5.7,0.00,95,5.0,3.7,0.00,0.00,0.00,3,99,99,64,0,5.5,98,101,5.1,7.9,0,0.00,1024.4,1009.7
2020-11-09T08:00,6.2,0.00,94,5.3,4.6,0.00,0.00,0.00,3,97,96,94,0,3.4,94,122,4.7,7.6,1,0.00,1024.9,1010.2
2020-11-09T09:00,7.4,0.00,92,6.2,5.7,0.00,0.00,0.00,3,95,0,95,1,5.2,93,106,7.9,10.4,1,0.00,1025.2,1010.6
2020-11-09T10:00,8.8,0.00,89,7.2,7.6,0.00,0.00,0.00,2,69,0,69,0,3.5,103,114,6.6,11.9,1,3600.00,1025.4,1010.9
2020-11-09T11:00,10.1,0.00,88,8.3,9.4,0.00,0.00,0.00,0,3,0,2,1,1.9,130,158,2.8,11.5,1,3600.00,1025.6,1011.1
2020-11-09T12:00,11.5,0.00,85,9.0,10.8,0.00,0.00,0.00,0,0,0,0,0,3.1,121,135,4.2,12.6,1,3600.00,1025.3,1010.9
2020-11-09T13:00,13.5,0.00,77,9.5,13.1,0.00,0.00,0.00,0,0,0,0,0,1.9,140,158,2.8,12.6,1,3600.00,1024.3,1010.0
2020-11-09T14:00,14.0,0.00,76,9.8,13.7,0.00,0.00,0.00,0,3,1,2,1,1.8,129,143,2.3,9.7,1,3600.00,1024.1,1009.8
2020-11-09T15:00,13.9,0.00,76,9.8,13.3,0.00,0.00,0.00,0,11,0,8,10,3.7,120,119,5.0,9.7,1,3600.00,1024.0,1009.7
2020-11-09T16:00,12.4,0.00,88,10.6,11.8,0.00,0.00,0.00,0,19,0,18,13,5.5,117,113,8.0,10.1,1,3600.00,1024.1,1009.8
2020-11-09T17:00,9.6,0.00,91,8.2,8.0,0.00,0.00,0.00,0,7,0,7,5,7.7,122,118,9.4,10.1,0,388.82,1024.4,1009.9
2020-11-09T18:00,9.0,0.00,92,7.8,7.7,0.00,0.00,0.00,0,0,0,0,0,5.2,114,106,12.2,11.2,0,0.00,1024.7,1010.2
2020-11-09T19:00,8.4,0.00,93,7.4,6.7,0.00,0.00,0.00,0,1,0,1,0,7.1,113,105,15.6,14.0,0,0.00,1025.1,1010.5
2020-11-09T20:00,7.7,0.00,94,6.8,5.7,0.00,0.00,0.00,0,2,0,2,0,7.9,111,93,17.0,15.5,0,0.00,1025.3,1010.7
2020-11-09T21:00,7.4,0.00,94,6.5,5.3,0.00,0.00,0.00,0,0,0,0,0,8.3,108,92,17.4,17.3,0,0.00,1025.1,1010.5
2020-11-09T22:00,7.0,0.00,94,6.1,4.9,0.00,0.00,0.00,0,0,0,0,0,7.2,111,93,15.4,16.2,0,0.00,1025.2,1010.6
2020-11-09T23:00,6.7,0.00,95,5.9,4.6,0.00,0.00,0.00,0,1,1,0,0,7.2,107,90,14.7,14.8,0,0.00,1025.4,1010.8
2020-11-10T00:00,5.9,0.00,96,5.4,4.0,0.00,0.00,0.00,1,24,23,0,0,5.2,101,78,11.7,14.0,0,0.00,1025.5,1010.8
2020-11-10T01:00,6.5,0.00,96,5.9,4.5,0.00,0.00,0.00,1,23,0,0,2,6.5,102,93,14.3,9.7,0,0.00,1025.8,1011.1
2020-11-10T02:00,6.1,0.00,97,5.7,4.0,0.00,0.00,0.00,0,17,0,0,17,6.9,96,84,16.3,14.4,0,0.00,1025.9,1011.2
2020-11-10T03:00,6.0,0.00,99,5.8,4.1,0.00,0.00,0.00,1,41,0,0,41,5.8,99,90,14.2,14.8,0,0.00,1026.2,1011.5
2020-11-10T04:00,6.0,0.00,99,5.9,4.2,0.00,0.00,0.00,3,100,0,0,100,5.0,103,111,11.4,11.5,0,0.00,1026.4,1011.7
2020-11-10T05:00,6.2,0.00,99,6.1,4.4,0.00,0.00,0.00,3,93,0,0,93,5.2,100,106,12.4,10.8,0,0.00,1026.5,1011.8
2020-11-10T06:00,6.3,0.00,100,6.3,4.7,0.00,0.00,0.00,3,100,0,0,100,4.3,105,114,10.0,11.2,0,0.00,1026.6,1011.9
2020-11-10T07:00,6.4,0.00,100,6.4,4.9,0.00,0.00,0.00,3,100,0,0,100,4.1,105,105,8.2,9.7,0,0.00,1026.8,1012.1
2020-11-10T08:00,6.7,0.00,99,6.6,5.0,0.00,0.00,0.00,3,100,0,0,100,5.4,97,94,8.7,11.9,1,0.00,1027.2,1012.5
2020-11-10T09:00,7.1,0.00,99,6.9,5.5,0.00,0.00,0.00,3,100,0,0,100,5.4,92,90,8.3,14.0,1,0.00,1027.5,1012.8
2020-11-10T10:00,8.0,0.00,96,7.4,6.7,0.00,0.00,0.00,3,100,1,0,100,4.7,93,94,6.8,14.0,1,118.21,1027.6,1013.0
2020-11-10T11:00,9.0,0.00,93,8.0,7.9,0.00,0.00,0.00,3,100,31,0,100,3.8,101,107,5.5,13.7,1,0.00,1027.8,1013.2
2020-11-10T12:00,9.9,0.00,91,8.4,9.0,0.00,0.00,0.00,3,100,72,0,100,2.7,107,113,3.8,13.3,1,1710.62,1027.8,1013.3
2020-11-10T13:00,9.3,0.00,87,7.2,8.1,0.00,0.00,0.00,3,100,71,6,100,3.3,94,96,4.7,11.5,1,1269.60,1027.9,1013.4
2020-11-10T14:00,9.8,0.00,86,7.6,8.8,0.00,0.00,0.00,3,100,97,18,100,2.5,90,98,4.3,10.8,1,311.08,1027.5,1013.0
2020-11-10T15:00,10.0,0.00,86,7.8,9.2,0.00,0.00,0.00,3,100,96,20,100,1.9,135,158,2.5,9.4,1,0.00,1027.6,1013.1
2020-11-10T16:00,9.7,0.00,89,7.9,9.0,0.00,0.00,0.00,3,100,96,40,100,1.3,180,236,1.8,7.6,1,0.00,1027.8,1013.3
2020-11-10T17:00,8.5,0.00,96,7.9,7.5,0.00,0.00,0.00,3,96,71,27,87,2.5,180,278,2.2,4.0,0,0.00,1027.9,1013.3
2020-11-10T18:00,7.8,0.00,97,7.4,6.8,0.00,0.00,0.00,2,65,26,16,53,1.9,153,338,1.6,3.6,0,0.00,1028.0,1013.4
2020-11-10T19:00,6.5,0.00,99,6.4,4.9,0.00,0.00,0.00,3,100,36,11,100,4.3,349,355,1.8,6.5,0,0.00,1028.1,1013.4
2020-11-10T20:00,6.2,0.00,100,6.2,4.7,0.00,0.00,0.00,3,98,91,6,78,3.4,11,18,3.7,6.8,0,0.00,1028.1,1013.4
2020-11-10T21:00,5.5,0.00,100,5.5,3.8,0.00,0.00,0.00,3,100,90,14,100,3.8,18,41,2.3,6.5,0,0.00,1028.2,1013.5
2020-11-10T22:00,6.5,0.00,99,6.4,5.3,0.00,0.00,0.00,3,100,40,27,100,2.0,346,45,1.5,6.5,0,0.00,1028.5,1013.8
2020-11-10T23:00,6.2,0.00,99,6.1,4.8,0.00,0.00,0.00,2,76,0,9,75,2.6,56,74,1.3,4.0,0,0.00,1028.6,1013.9
2020-11-11T00:00,6.0,0.00,98,5.8,4.5,0.00,0.00,0.00,2,71,0,7,70,3.3,90,84,1.4,4.3,0,0.00,1028.6,1013.9
2020-11-11T01:00,6.0,0.00,96,5.4,4.3,0.00,0.00,0.00,3,88,0,4,54,3.5,119,114,9.0,4.3,0,0.00,1028.9,1014.2
2020-11-11T02:00,5.8,0.00,97,5.3,4.1,0.00,0.00,0.00,2,71,0,4,71,3.3,129,139,9.2,7.6,0,0.00,1028.9,1014.2
2020-11-11T03:00,5.7,0.00,97,5.2,4.1,0.00,0.00,0.00,3,86,0,9,86,3.1,142,159,8.2,6.5,0,0.00,1028.9,1014.2
2020-11-11T04:00,5.9,0.00,97,5.4,4.3,0.00,0.00,0.00,3,100,0,21,100,2.9,117,83,6.4,5.8,0,0.00,1028.7,1014.0
2020-11-11T05:00,6.6,0.00,93,5.6,5.1,0.00,0.00,0.00,3,99,0,22,99,2.9,100,83,8.0,5.4,0,0.00,1028.4,1013.7
2020-11-11T06:00,7.0,0.00,92,5.8,5.5,0.00,0.00,0.00,3,96,0,11,96,2.9,118,120,7.7,6.5,0,0.00,1028.2,1013.5
2020-11-11T07:00,7.1,0.00,92,5.9,5.6,0.00,0.00,0.00,3,97,0,9,97,3.6,129,135,7.9,6.5,0,0.00,1027.8,1013.1
2020-11-11T08:00,7.4,0.00,91,6.1,5.7,0.00,0.00,0.00,3,100,0,11,100,5.1,136,141,10.4,10.4,1,0.00,1028.0,1013.4
2020-11-11T09:00,7.9,0.00,91,6.5,6.4,0.00,0.00,0.00,3,100,0,11,100,4.2,130,121,8.9,10.4,1,0.00,1028.1,1013.5
2020-11-11T10:00,8.7,0.00,90,7.1,7.5,0.00,0.00,0.00,3,100,0,8,100,3.1,130,135,5.6,10.4,1,0.00,1028.0,1013.4
2020-11-11T11:00,10.0,0.00,86,7.9,8.8,0.00,0.00,0.00,3,100,0,4,100,4.7,124,122,6.5,13.0,1,6.37,1027.5,1013.0
2020-11-11T12:00,11.1,0.00,84,8.5,9.7,0.00,0.00,0.00,3,100,0,0,100,6.9,129,129,9.2,17.6,1,488.52,1026.7,1012.3
2020-11-11T13:00,9.9,0.00,87,7.8,8.3,0.00,0.00,0.00,3,100,0,3,100,7.2,126,127,9.8,17.6,1,993.46,1026.1,1011.6
2020-11-11T14:00,10.2,0.00,86,8.0,8.8,0.00,0.00,0.00,3,100,0,3,100,5.6,114,117,7.9,16.9,1,0.00,1025.6,1011.1
2020-11-11T15:00,10.2,0.00,86,8.0,8.7,0.00,0.00,0.00,3,100,0,3,100,6.7,103,106,9.6,15.5,1,0.00,1025.0,1010.5
2020-11-11T16:00,10.0,0.00,88,8.1,8.7,0.00,0.00,0.00,3,100,0,2,100,5.6,101,105,11.0,15.5,1,0.00,1024.9,1010.4
2020-11-11T17:00,9.3,0.00,92,8.1,8.2,0.00,0.00,0.00,3,100,0,1,100,3.6,104,96,10.7,11.9,0,0.00,1024.8,1010.3
2020-11-11T18:00,8.7,0.00,95,7.9,7.5,0.00,0.00,0.00,3,100,0,2,100,4.5,105,76,8.6,8.3,0,0.00,1024.8,1010.3
2020-11-11T19:00,9.1,0.00,93,8.1,7.9,0.00,0.00,0.00,3,83,0,2,82,4.4,105,81,11.2,9.0,0,0.00,1024.6,1010.1
2020-11-11T20:00,9.3,0.00,93,8.2,8.0,0.00,0.00,0.00,2,67,0,1,67,6.1,110,93,14.9,12.6,0,0.00,1024.1,1009.6
2020-11-11T21:00,8.8,0.00,94,7.9,7.5,0.00,0.00,0.00,1,40,0,0,40,5.1,107,94,14.7,12.6,0,0.00,1023.8,1009.3
2020-11-11T22:00,8.4,0.00,94,7.4,6.8,0.00,0.00,0.00,1,36,0,0,36,5.9,112,101,16.3,11.9,0,0.00,1023.4,1008.9
2020-11-11T23:00,8.2,0.00,94,7.3,6.4,0.00,0.00,0.00,1,37,0,0,37,7.6,115,109,19.0,15.5,0,0.00,1023.2,1008.7
2020-11-12T00:00,8.4,0.00,94,7.5,6.4,0.00,0.00,0.00,3,93,0,0,93,9.2,122,116,21.2,19.1,0,0.00,1022.8,1008.3
2020-11-12T01:00,8.1,0.00,95,7.4,5.6,0.00,0.00,0.00,2,52,2,0,36,11.9,131,125,24.2,23.8,0,0.00,1022.5,1008.0
2020-11-12T02:00,8.2,0.00,96,7.6,6.0,0.00,0.00,0.00,1,39,23,0,21,10.5,141,139,21.8,25.2,0,0.00,1022.1,1007.6
2020-11-12T03:00,7.4,0.00,98,7.0,5.4,0.00,0.00,0.00,2,76,51,0,51,8.0,160,153,18.3,22.3,0,0.00,1022.1,1007.5
2020-11-12T04:00,7.3,0.00,97,6.9,5.5,0.00,0.00,0.00,3,82,72,1,62,7.0,153,125,12.6,17.6,0,0.00,1021.7,1007.1
2020-11-12T05:00,7.6,0.00,96,7.0,5.7,0.00,0.00,0.00,3,100,99,75,75,7.6,138,121,15.0,16.2,0,0.00,1021.2,1006.7
2020-11-12T06:00,7.8,0.00,95,7.0,5.8,0.00,0.00,0.00,3,100,99,2,43,7.9,140,120,15.1,16.2,0,0.00,1021.1,1006.6
2020-11-12T07:00,7.6,0.00,95,6.8,5.3,0.00,0.00,0.00,3,100,100,69,15,9.8,137,118,18.1,19.8,0,0.00,1020.8,1006.3
2020-11-12T08:00,7.7,0.00,94,6.7,5.4,0.00,0.00,0.00,3,99,98,6,17,9.8,150,126,18.2,20.2,1,0.00,1020.9,1006.4
2020-11-12T09:00,8.3,0.00,92,7.1,6.2,0.00,0.00,0.00,3,93,92,8,23,8.9,172,140,16.0,19.8,1,0.00,1021.4,1006.9
2020-11-12T10:00,10.0,0.00,86,7.9,8.3,0.00,0.00,0.00,1,27,17,4,12,7.8,186,167,14.1,19.4,1,3600.00,1021.5,1007.1
2020-11-12T11:00,11.5,0.00,81,8.3,9.6,0.00,0.00,0.00,3,91,0,91,4,9.7,199,195,14.5,24.1,1,3600.00,1021.6,1007.3
2020-11-12T12:00,11.9,0.00,79,8.4,10.0,0.00,0.00,0.00,3,100,0,100,91,9.7,210,207,15.0,24.5,1,3468.64,1021.7,1007.4
2020-11-12T13:00,10.9,0.10,86,8.6,9.2,0.10,0.00,0.00,51,100,0,96,100,9.0,217,203,17.5,27.4,1,0.00,1021.8,1007.4
2020-11-12T14:00,11.1,0.10,86,8.9,9.1,0.10,0.00,0.00,51,96,0,95,50,11.4,218,208,21.0,25.2,1,0.00,1021.4,1007.0
2020-11-12T15:00,11.3,0.00,87,9.3,9.4,0.00,0.00,0.00,3,98,0,58,97,11.5,225,221,20.4,25.9,1,0.00,1021.4,1007.0
2020-11-12T16:00,11.3,0.00,89,9.6,9.8,0.00,0.00,0.00,2,65,43,10,38,9.9,229,224,19.1,25.2,1,227.45,1021.6,1007.2
2020-11-12T17:00,10.2,0.00,94,9.2,8.7,0.00,0.00,0.00,3,90,86,6,26,9.1,226,214,21.6,22.0,0,56.14,1021.8,1007.4
2020-11-12T18:00,9.9,0.00,94,9.0,8.4,0.00,0.00,0.00,2,51,40,0,18,8.9,230,220,22.0,20.2,0,0.00,1022.2,1007.8
2020-11-12T19:00,9.5,0.00,94,8.6,7.8,0.00,0.00,0.00,2,57,54,2,4,8.7,233,222,22.1,20.2,0,0.00,1022.6,1008.1
2020-11-12T20:00,8.4,0.00,95,7.6,6.8,0.00,0.00,0.00,2,61,56,10,10,6.6,239,225,19.7,19.4,0,0.00,1022.6,1008.1
2020-11-12T21:00,6.7,0.00,97,6.2,4.7,0.00,0.00,0.00,1,25,16,9,6,7.2,247,217,14.8,15.5,0,0.00,1022.8,1008.2
2020-11-12T22:00,6.1,0.00,98,5.9,4.3,0.00,0.00,0.00,1,27,11,11,19,5.2,228,164,9.2,14.0,0,0.00,1023.0,1008.4
2020-11-12T23:00,6.7,0.00,98,6.4,5.0,0.00,0.00,0.00,1,40,0,10,40,5.2,195,146,11.2,10.8,0,0.00,1023.2,1008.6
2020-11-13T00:00,6.9,0.00,97,6.5,5.3,0.00,0.00,0.00,1,33,0,12,33,4.4,184,125,10.1,10.8,0,0.00,1023.0,1008.4
2020-11-13T01:00,6.9,0.00,96,6.3,5.2,0.00,0.00,0.00,1,27,0,16,39,4.7,178,122,10.4,10.4,0,0.00,1022.6,1008.0
2020-11-13T02:00,7.0,0.00,97,6.5,5.2,0.00,0.00,0.00,1,47,0,18,46,6.1,160,118,11.8,11.9,0,0.00,1022.5,1007.9
2020-11-13T03:00,7.2,0.00,96,6.6,5.3,0.00,0.00,0.00,3,96,0,48,96,7.2,140,108,12.3,13.3,0,0.00,1022.2,1007.6
2020-11-13T04:00,7.9,0.00,95,7.2,6.0,0.00,0.00,0.00,3,98,0,57,97,8.0,138,117,15.0,16.2,0,0.00,1021.7,1007.2
2020-11-13T05:00,7.9,0.00,95,7.2,5.9,0.00,0.00,0.00,3,89,41,59,80,8.2,141,119,15.9,15.8,0,0.00,1021.4,1006.9
2020-11-13T06:00,7.7,0.00,95,6.9,5.5,0.00,0.00,0.00,3,100,10,99,100,9.7,137,117,17.8,18.7,0,0.00,1020.9,1006.4
2020-11-13T07:00,8.0,0.00,93,7.0,5.9,0.00,0.00,0.00,2,77,11,71,70,9.1,149,124,16.0,19.8,0,0.00,1020.7,1006.2
2020-11-13T08:00,7.4,0.00,95,6.6,5.6,0.00,0.00,0.00,2,68,53,30,20,6.3,153,121,12.1,17.6,1,0.00,1021.1,1006.6
2020-11-13T09:00,8.2,0.00,92,7.1,6.3,0.00,0.00,0.00,3,90,86,19,30,7.7,159,118,11.2,15.5,1,3044.13,1021.6,1007.1
2020-11-13T10:00,9.6,0.00,89,7.9,7.9,0.00,0.00,0.00,2,70,46,34,40,7.6,174,135,13.0,17.3,1,3600.00,1021.4,1007.0
2020-11-13T11:00,11.0,0.00,82,8.1,9.6,0.00,0.00,0.00,2,79,66,36,21,6.4,204,196,10.6,17.3,1,3600.00,1021.6,1007.2
2020-11-13T12:00,11.8,0.00,79,8.2,10.3,0.00,0.00,0.00,2,62,18,53,2,7.2,189,180,11.3,19.4,1,3600.00,1021.2,1006.9
2020-11-13T13:00,11.8,0.00,82,8.9,10.4,0.00,0.00,0.00,2,62,37,76,21,7.7,178,169,11.5,21.6,1,3600.00,1020.8,1006.5
2020-11-13T14:00,12.8,0.00,78,9.1,11.3,0.00,0.00,0.00,3,82,69,42,18,8.7,169,163,13.6,20.5,1,3600.00,1020.0,1005.7
2020-11-13T15:00,13.2,0.00,78,9.4,11.9,0.00,0.00,0.00,3,90,76,59,16,7.6,187,175,14.5,20.9,1,3600.00,1019.7,1005.5
2020-11-13T16:00,12.2,0.00,83,9.4,11.4,0.00,0.00,0.00,3,100,94,100,12,4.7,195,171,12.7,17.6,1,3600.00,1019.8,1005.5
2020-11-13T17:00,12.0,0.00,83,9.2,10.9,0.00,0.00,0.00,3,100,92,100,3,6.4,180,142,14.0,14.4,0,0.00,1019.7,1005.4
2020-11-13T18:00,12.0,0.00,82,9.1,10.7,0.00,0.00,0.00,3,100,96,100,10,6.7,184,144,14.8,15.1,0,0.00,1019.8,1005.5
2020-11-13T19:00,12.1,0.00,82,9.0,10.8,0.00,0.00,0.00,3,100,99,73,18,7.0,193,159,16.6,16.6,0,0.00,1020.0,1005.7
2020-11-13T20:00,12.0,0.00,83,9.1,10.5,0.00,0.00,0.00,3,98,87,85,32,8.4,210,187,19.2,18.7,0,0.00,1020.5,1006.2
2020-11-13T21:00,11.5,0.10,86,9.3,10.2,0.10,0.00,0.00,51,100,99,100,85,8.0,209,185,19.3,18.7,0,0.00,1020.6,1006.3
2020-11-13T22:00,11.4,0.20,87,9.3,10.2,0.20,0.00,0.00,51,99,94,79,80,6.9,209,174,16.9,18.0,0,0.00,1020.9,1006.6
2020-11-13T23:00,11.4,0.10,86,9.2,10.2,0.10,0.00,0.00,51,82,72,56,7,6.5,209,174,15.6,15.8,0,0.00,1021.2,1006.9
2020-11-14T00:00,10.2,0.00,89,8.5,9.0,0.00,0.00,0.00,3,99,10,99,4,5.1,218,184,15.6,15.5,0,0.00,1021.6,1007.2
2020-11-14T01:00,10.8,0.70,88,8.9,9.4,0.70,0.00,0.00,53,87,0,61,8,7.4,193,157,16.6,17.3,0,0.00,1021.3,1006.9
2020-11-14T02:00,10.5,0.00,89,8.8,9.2,0.00,0.00,0.00,2,71,0,71,5,6.8,196,155,16.5,17.3,0,0.00,1021.2,1006.8
2020-11-14T03:00,10.5,0.30,89,8.7,9.2,0.30,0.00,0.00,51,86,0,86,9,6.3,194,149,15.2,15.1,0,0.00,1021.1,1006.7
2020-11-14T04:00,10.5,0.10,88,8.6,9.3,0.10,0.00,0.00,51,79,0,79,3,6.0,207,163,15.0,14.4,0,0.00,1021.1,1006.7
2020-11-14T05:00,10.6,0.00,87,8.6,9.4,0.00,0.00,0.00,3,100,73,99,1,5.5,214,169,14.3,13.7,0,0.00,1021.1,1006.7
2020-11-14T06:00,10.7,0.00,87,8.7,9.4,0.00,0.00,0.00,3,99,71,98,0,6.9,207,174,15.8,14.8,0,0.00,1021.0,1006.6
2020-11-14T07:00,10.6,0.00,87,8.6,9.1,0.00,0.00,0.00,3,99,75,96,0,7.7,196,169,17.2,16.6,0,0.00,1020.9,1006.5
2020-11-14T08:00,10.5,0.00,87,8.5,9.1,0.00,0.00,0.00,3,92,60,82,0,6.6,188,151,15.3,16.6,1,0.00,1021.1,1006.7
2020-11-14T09:00,11.1,0.00,87,8.9,9.8,0.00,0.00,0.00,3,83,71,48,0,6.9,177,141,13.0,14.0,1,650.46,1021.3,1006.9
2020-11-14T10:00,12.3,0.00,85,9.8,11.2,0.00,0.00,0.00,1,31,30,1,0,6.7,169,144,11.7,15.5,1,3600.00,1021.2,1006.9
2020-11-14T11:00,13.8,0.00,79,10.1,12.9,0.00,0.00,0.00,1,20,0,20,0,6.3,167,156,9.6,17.3,1,3600.00,1021.0,1006.8
2020-11-14T12:00,14.9,0.00,71,9.6,13.7,0.00,0.00,0.00,1,44,4,44,0,7.3,192,189,10.7,19.1,1,3600.00,1020.3,1006.1
2020-11-14T13:00,15.6,0.00,66,9.2,14.3,0.00,0.00,0.00,1,48,15,0,0,7.2,167,162,10.0,20.5,1,3600.00,1019.6,1005.5
2020-11-14T14:00,15.9,0.00,65,9.3,14.7,0.00,0.00,0.00,2,67,67,0,0,7.3,170,169,10.2,18.7,1,3600.00,1019.0,1004.9
2020-11-14T15:00,15.5,0.00,69,9.9,14.6,0.00,0.00,0.00,3,80,80,0,0,6.0,165,163,11.2,17.6,1,3600.00,1018.7,1004.6
2020-11-14T16:00,13.7,0.00,79,10.0,12.7,0.00,0.00,0.00,2,65,65,0,0,6.9,146,133,15.6,14.0,1,3600.00,1018.4,1004.2
2020-11-14T17:00,11.6,0.00,87,9.5,10.3,0.00,0.00,0.00,0,11,11,0,0,8.0,138,117,18.4,16.2,0,3.67,1018.0,1003.7
2020-11-14T18:00,10.7,0.00,88,8.8,9.2,0.00,0.00,0.00,0,10,10,0,0,7.6,134,109,18.1,16.6,0,0.00,1018.0,1003.7
2020-11-14T19:00,10.0,0.00,88,8.2,8.5,0.00,0.00,0.00,1,35,35,0,0,7.2,142,108,15.9,15.5,0,0.00,1018.1,1003.7
2020-11-14T20:00,9.9,0.00,88,8.1,8.1,0.00,0.00,0.00,1,24,24,0,0,8.9,152,117,17.6,17.3,0,0.00,1017.9,1003.5
2020-11-14T21:00,9.7,0.00,89,7.9,7.8,0.00,0.00,0.00,0,18,18,0,0,8.7,162,120,17.4,17.6,0,0.00,1017.9,1003.5
2020-11-14T22:00,9.1,0.00,89,7.4,7.3,0.00,0.00,0.00,0,0,0,0,0,7.9,163,114,15.8,17.3,0,0.00,1018.1,1003.7
2020-11-14T23:00,8.6,0.00,90,7.0,6.7,0.00,0.00,0.00,0,3,3,0,0,7.7,160,118,15.7,15.8,0,0.00,1018.2,1003.8
2020-11-15T00:00,8.1,0.00,91,6.7,6.1,0.00,0.00,0.00,2,67,67,0,0,8.2,169,128,17.2,17.6,0,0.00,1018.2,1003.7
2020-11-15T01:00,8.3,0.00,90,6.7,6.4,0.00,0.00,0.00,3,90,88,0,2,7.7,180,131,18.0,17.6,0,0.00,1018.3,1003.8
2020-11-15T02:00,8.1,0.00,87,6.1,5.9,0.00,0.00,0.00,3,90,90,0,3,8.0,189,144,20.1,18.0,0,0.00,1017.8,1003.3
2020-11-15T03:00,8.8,0.00,81,5.8,6.6,0.00,0.00,0.00,3,94,93,0,11,7.9,199,164,21.3,18.7,0,0.00,1017.6,1003.2
2020-11-15T04:00,9.1,0.00,79,5.7,7.0,0.00,0.00,0.00,3,93,92,0,9,6.8,199,162,19.5,19.1,0,0.00,1017.2,1002.8
2020-11-15T05:00,8.4,0.00,83,5.6,6.4,0.00,0.00,0.00,3,93,93,3,1,6.5,192,146,17.7,16.9,0,0.00,1017.0,1002.6
2020-11-15T06:00,7.7,0.00,87,5.6,5.7,0.00,0.00,0.00,3,95,93,25,6,6.1,191,135,16.5,16.2,0,0.00,1016.8,1002.3
2020-11-15T07:00,7.6,0.00,88,5.7,5.5,0.00,0.00,0.00,3,96,93,30,16,6.9,186,129,16.3,15.5,0,0.00,1016.6,1002.1
2020-11-15T08:00,8.0,0.00,87,5.9,5.8,0.00,0.00,0.00,3,90,90,0,2,8.1,171,122,16.4,16.9,1,0.00,1016.3,1001.8
2020-11-15T09:00,9.6,0.00,82,6.7,7.4,0.00,0.00,0.00,1,45,44,9,0,9.7,153,121,16.9,19.1,1,1418.92,1016.3,1001.9
2020-11-15T10:00,11.6,0.00,78,7.8,9.6,0.00,0.00,0.00,2,62,60,7,0,10.0,141,120,18.2,22.3,1,3600.00,1015.5,1001.2
2020-11-15T11:00,13.6,0.00,73,8.8,11.9,0.00,0.00,0.00,2,57,57,0,0,9.4,142,130,15.9,23.0,1,3600.00,1014.6,1000.5
2020-11-15T12:00,15.4,0.00,68,9.5,14.0,0.00,0.00,0.00,1,48,48,0,0,8.5,156,152,13.0,23.0,1,3600.00,1013.4,999.4
2020-11-15T13:00,16.6,0.00,66,10.2,15.7,0.00,0.00,0.00,2,61,47,0,5,6.5,162,161,9.1,23.8,1,3600.00,1012.7,998.7
2020-11-15T14:00,17.1,0.00,64,10.2,15.7,0.00,0.00,0.00,1,20,19,0,1,9.9,149,147,15.5,22.7,1,3600.00,1011.2,997.3
2020-11-15T15:00,16.8,0.00,66,10.3,15.5,0.00,0.00,0.00,1,46,46,0,0,9.3,158,152,18.3,24.5,1,3600.00,1010.5,996.6
2020-11-15T16:00,15.3,0.00,69,9.6,13.4,0.00,0.00,0.00,3,100,100,0,0,12.0,149,141,25.5,25.6,1,3600.00,1009.6,995.6
2020-11-15T17:00,13.9,0.00,67,7.8,11.4,0.00,0.00,0.00,3,100,100,0,0,13.5,158,146,28.7,28.8,0,0.00,1009.5,995.4
2020-11-15T18:00,13.2,0.00,66,6.9,10.5,0.00,0.00,0.00,3,100,100,0,0,12.9,161,144,27.1,28.8,0,0.00,1009.5,995.4
2020-11-15T19:00,12.5,0.00,65,6.1,9.9,0.00,0.00,0.00,3,100,100,94,0,10.6,169,145,23.5,27.4,0,0.00,1009.2,995.1
2020-11-15T20:00,12.3,0.10,68,6.6,10.2,0.10,0.00,0.00,51,100,100,100,11,8.4,194,155,20.0,23.8,0,0.00,1009.5,995.4
2020-11-15T21:00,12.9,0.60,73,8.1,10.2,0.60,0.00,0.00,53,100,100,99,2,14.5,187,166,28.3,29.9,0,0.00,1008.9,994.8
2020-11-15T22:00,13.1,0.30,80,9.7,10.9,0.30,0.00,0.00,51,100,100,100,7,14.3,198,192,28.7,36.7,0,0.00,1008.7,994.6
2020-11-15T23:00,12.4,1.20,88,10.6,11.1,1.20,0.00,0.00,55,100,100,100,100,10.0,234,232,21.9,39.2,0,0.00,1009.5,995.4
2020-11-16T00:00,12.0,2.70,92,10.7,10.1,2.70,0.00,0.00,63,100,100,100,57,14.5,242,240,27.4,35.3,0,0.00,1010.0,995.8
2020-11-16T01:00,12.0,0.40,93,10.9,10.7,0.40,0.00,0.00,51,100,100,59,53,10.3,222,209,20.4,32.4,0,0.00,1010.5,996.3
2020-11-16T02:00,11.5,0.60,90,9.9,9.5,0.60,0.00,0.00,53,100,100,70,46,13.6,242,238,24.8,41.0,0,0.00,1011.2,997.0
2020-11-16T03:00,10.9,0.50,88,8.9,8.1,0.50,0.00,0.00,53,100,48,100,47,17.2,247,244,30.2,45.7,0,0.00,1012.7,998.4
2020-11-16T04:00,10.5,0.10,85,8.1,7.6,0.10,0.00,0.00,51,30,1,9,27,16.4,233,230,28.8,37.8,0,0.00,1013.4,999.1
2020-11-16T05:00,9.6,0.10,86,7.4,6.4,0.10,0.00,0.00,51,100,0,79,100,17.3,227,225,31.3,38.2,0,0.00,1014.1,999.8
2020-11-16T06:00,9.7,0.30,85,7.3,6.6,0.30,0.00,0.00,51,100,0,54,100,16.5,227,226,29.0,39.2,0,0.00,1014.8,1000.5
2020-11-16T07:00,9.6,0.10,85,7.3,6.6,0.10,0.00,0.00,51,57,0,15,56,15.5,232,228,26.9,36.0,0,0.00,1015.6,1001.2
2020-11-16T08:00,9.4,0.00,85,7.0,6.3,0.00,0.00,0.00,3,97,0,29,97,16.0,228,224,28.8,33.8,1,0.00,1016.2,1001.8
2020-11-16T09:00,9.9,0.00,82,7.1,6.5,0.00,0.00,0.00,1,40,0,34,28,17.9,234,232,30.4,38.2,1,0.00,1017.2,1002.8
2020-11-16T10:00,10.7,0.00,80,7.4,7.6,0.00,0.00,0.00,3,100,0,90,100,16.3,227,225,28.5,39.6,1,3600.00,1017.7,1003.4
2020-11-16T11:00,10.3,0.20,82,7.3,6.8,0.20,0.00,0.00,51,100,0,63,100,18.8,225,223,31.1,40.0,1,0.00,1018.3,1003.9
2020-11-16T12:00,10.7,0.00,81,7.5,7.1,0.00,0.00,0.00,1,29,0,23,22,20.5,221,219,33.7,43.6,1,0.00,1018.5,1004.2
2020-11-16T13:00,11.2,0.00,81,8.1,7.5,0.00,0.00,0.00,1,44,0,87,64,21.9,228,228,33.1,46.8,1,3600.00,1019.2,1004.9
2020-11-16T14:00,11.2,0.00,82,8.2,8.0,0.00,0.00,0.00,3,87,0,85,32,18.3,226,223,29.5,46.4,1,1098.24,1019.7,1005.4
2020-11-16T15:00,11.1,0.00,82,8.2,8.0,0.00,0.00,0.00,3,95,0,94,35,17.6,231,227,29.5,40.0,1,299.33,1020.0,1005.7
2020-11-16T16:00,11.0,0.00,81,7.9,8.1,0.00,0.00,0.00,3,97,0,95,87,15.7,238,233,26.9,38.2,1,0.00,1020.6,1006.2
2020-11-16T17:00,10.9,0.00,80,7.6,8.1,0.00,0.00,0.00,3,100,17,99,100,14.8,240,236,26.3,34.2,0,0.00,1021.6,1007.2
2020-11-16T18:00,10.7,0.10,81,7.6,8.0,0.10,0.00,0.00,51,89,1,53,86,14.0,240,235,24.8,32.4,0,0.00,1022.6,1008.2
2020-11-16T19:00,10.4,0.10,84,7.8,7.9,0.10,0.00,0.00,51,100,0,100,71,13.0,235,228,23.8,30.2,0,0.00,1023.3,1008.9
2020-11-16T20:00,10.1,0.10,86,7.9,7.8,0.10,0.00,0.00,51,94,0,90,87,12.2,231,225,23.1,28.1,0,0.00,1023.9,1009.5
2020-11-16T21:00,9.9,0.00,86,7.7,7.4,0.00,0.00,0.00,2,69,8,50,61,13.0,231,226,23.6,27.4,0,0.00,1024.4,1009.9
2020-11-16T22:00,9.7,0.00,86,7.5,7.2,0.00,0.00,0.00,2,76,23,45,67,13.0,233,228,24.2,27.7,0,0.00,1025.1,1010.6
2020-11-16T23:00,9.4,0.00,87,7.4,7.0,0.00,0.00,0.00,2,64,30,39,38,12.0,234,231,23.5,27.7,0,0.00,1025.5,1011.0
2020-11-17T00:00,9.1,0.00,89,7.4,6.7,0.00,0.00,0.00,2,62,0,32,60,11.5,231,226,23.1,25.9,0,0.00,1025.8,1011.3
2020-11-17T01:00,9.0,0.00,86,6.8,6.6,0.00,0.00,0.00,2,76,65,52,90,11.0,235,229,22.5,24.8,0,0.00,1026.4,1011.9
2020-11-17T02:00,9.7,0.00,82,6.9,7.1,0.00,0.00,0.00,3,100,69,41,99,12.2,232,225,22.3,26.6,0,0.00,1026.5,1012.0
2020-11-17T03:00,9.8,0.00,82,6.8,7.2,0.00,0.00,0.00,3,99,96,42,88,12.2,233,227,22.1,27.4,0,0.00,1026.4,1011.9
2020-11-17T04:00,9.6,0.00,83,6.8,7.3,0.00,0.00,0.00,3,96,92,13,68,10.6,224,215,19.9,26.6,0,0.00,1026.5,1012.0
2020-11-17T05:00,9.1,0.00,86,6.9,6.6,0.00,0.00,0.00,3,98,97,9,29,11.1,217,209,21.3,23.8,0,0.00,1026.6,1012.1
2020-11-17T06:00,8.2,0.00,92,6.9,6.0,0.00,0.00,0.00,3,95,94,4,19,9.7,220,211,21.7,23.8,0,0.00,1027.1,1012.5
2020-11-17T07:00,8.0,0.00,93,6.9,5.7,0.00,0.00,0.00,3,97,96,19,17,10.0,216,206,21.9,22.0,0,0.00,1027.6,1013.0
2020-11-17T08:00,8.4,0.00,90,6.8,6.0,0.00,0.00,0.00,2,75,66,27,17,10.5,212,202,21.2,23.0,1,0.00,1028.2,1013.6
2020-11-17T09:00,9.1,0.00,87,7.0,6.6,0.00,0.00,0.00,3,95,83,87,17,11.6,211,202,22.6,25.6,1,1044.65,1028.7,1014.1
2020-11-17T10:00,9.7,0.00,84,7.1,7.3,0.00,0.00,0.00,3,98,90,86,31,11.4,213,208,20.6,25.6,1,0.00,1028.9,1014.4
2020-11-17T11:00,10.9,0.00,79,7.4,8.3,0.00,0.00,0.00,3,99,96,51,87,13.2,213,209,20.1,29.9,1,3600.00,1029.3,1014.8
2020-11-17T12:00,11.5,0.00,76,7.5,8.6,0.00,0.00,0.00,3,100,99,49,100,15.2,213,211,22.7,33.5,1,2596.03,1029.0,1014.5
2020-11-17T13:00,11.5,0.00,75,7.3,8.7,0.00,0.00,0.00,3,100,98,46,99,14.3,214,214,21.8,36.0,1,0.00,1029.0,1014.6
2020-11-17T14:00,11.9,0.00,73,7.3,9.1,0.00,0.00,0.00,3,98,97,3,73,14.4,219,217,22.3,32.4,1,0.00,1028.9,1014.5
2020-11-17T15:00,12.1,0.00,73,7.4,9.5,0.00,0.00,0.00,3,98,97,5,42,13.0,216,214,21.7,31.7,1,91.77,1028.6,1014.2
2020-11-17T16:00,11.4,0.00,76,7.4,9.2,0.00,0.00,0.00,3,94,93,2,28,10.2,206,198,20.4,28.1,1,258.94,1028.8,1014.3
2020-11-17T17:00,10.1,0.00,82,7.2,8.2,0.00,0.00,0.00,3,97,95,0,49,8.5,205,192,20.3,22.3,0,0.00,1029.0,1014.5
2020-11-17T18:00,9.8,0.00,84,7.2,7.8,0.00,0.00,0.00,3,97,93,0,63,8.4,215,200,20.2,18.7,0,0.00,1029.3,1014.8
2020-11-17T19:00,9.4,0.00,86,7.2,7.6,0.00,0.00,0.00,3,95,73,0,81,7.4,223,203,18.1,18.0,0,0.00,1029.3,1014.7
2020-11-17T20:00,9.3,0.00,87,7.3,7.7,0.00,0.00,0.00,2,54,7,0,51,6.0,223,197,15.8,16.2,0,0.00,1029.3,1014.7
2020-11-17T21:00,8.2,0.00,92,6.9,6.7,0.00,0.00,0.00,2,53,0,0,53,4.5,234,194,12.4,13.3,0,0.00,1029.5,1014.9
2020-11-17T22:00,8.1,0.00,92,6.9,6.6,0.00,0.00,0.00,2,66,26,0,54,4.7,221,171,11.0,10.1,0,0.00,1029.4,1014.8
2020-11-17T23:00,7.9,0.00,93,6.8,6.4,0.00,0.00,0.00,2,65,34,0,46,4.3,211,156,9.7,10.1,0,0.00,1029.7,1015.1
2020-11-18T00:00,7.3,0.00,94,6.5,5.9,0.00,0.00,0.00,2,56,30,0,38,3.8,200,131,7.3,9.0,0,0.00,1029.4,1014.7
2020-11-18T01:00,7.7,0.00,94,6.9,6.2,0.00,0.00,0.00,1,31,0,0,50,5.2,157,124,11.0,7.9,0,0.00,1029.1,1014.5
2020-11-18T02:00,6.9,0.00,95,6.1,5.3,0.00,0.00,0.00,2,59,0,0,59,4.0,168,117,8.8,10.1,0,0.00,1029.0,1014.3
2020-11-18T03:00,7.0,0.00,94,6.1,5.3,0.00,0.00,0.00,2,64,0,0,64,5.0,164,120,9.3,9.4,0,0.00,1028.9,1014.2
2020-11-18T04:00,6.9,0.00,94,5.9,4.9,0.00,0.00,0.00,2,62,0,0,62,6.8,147,115,12.5,13.0,0,0.00,1028.8,1014.1
2020-11-18T05:00,6.7,0.00,93,5.7,4.5,0.00,0.00,0.00,1,48,0,0,48,7.8,136,112,14.5,15.5,0,0.00,1028.6,1013.9
2020-11-18T06:00,6.0,0.00,95,5.2,3.8,0.00,0.00,0.00,1,32,0,0,32,6.5,135,109,13.2,15.1,0,0.00,1028.6,1013.9
2020-11-18T07:00,5.6,0.00,95,4.8,3.3,0.00,0.00,0.00,0,19,3,0,17,6.8,132,108,13.5,13.3,0,0.00,1028.6,1013.8
2020-11-18T08:00,5.3,0.00,94,4.4,2.9,0.00,0.00,0.00,0,1,0,0,1,7.2,125,108,15.0,14.0,1,0.00,1028.2,1013.4
2020-11-18T09:00,6.7,0.00,89,5.0,4.2,0.00,0.00,0.00,0,0,0,0,0,8.9,122,122,17.5,18.0,1,2517.28,1028.4,1013.7
2020-11-18T10:00,8.2,0.00,82,5.4,5.8,0.00,0.00,0.00,0,7,7,0,0,8.7,132,135,13.5,20.2,1,3600.00,1028.2,1013.6
2020-11-18T11:00,9.6,0.00,77,5.8,7.4,0.00,0.00,0.00,1,24,24,0,0,7.3,145,147,10.1,20.9,1,3600.00,1027.9,1013.4
2020-11-18T12:00,10.9,0.00,74,6.5,9.2,0.00,0.00,0.00,1,27,27,0,0,5.8,146,150,7.8,18.7,1,3600.00,1026.9,1012.4
2020-11-18T13:00,11.8,0.00,70,6.4,10.2,0.00,0.00,0.00,0,10,1,0,0,4.7,153,157,6.4,16.6,1,3600.00,1026.3,1011.9
2020-11-18T14:00,12.3,0.00,69,6.9,10.8,0.00,0.00,0.00,0,0,0,0,0,4.7,164,171,6.4,14.4,1,3600.00,1025.6,1011.2
2020-11-18T15:00,12.2,0.00,72,7.3,10.7,0.00,0.00,0.00,0,0,0,0,0,5.4,175,180,8.0,13.7,1,3600.00,1025.0,1010.6
2020-11-18T16:00,10.2,0.00,84,7.5,8.9,0.00,0.00,0.00,1,28,28,0,0,4.3,159,156,10.0,13.3,1,3600.00,1024.6,1010.1
2020-11-18T17:00,7.9,0.00,88,6.0,6.1,0.00,0.00,0.00,1,46,46,0,0,5.9,175,128,11.6,12.6,0,26.70,1024.4,1009.8
2020-11-18T18:00,8.2,0.00,86,6.0,6.3,0.00,0.00,0.00,0,0,0,0,0,6.1,174,130,13.4,13.3,0,0.00,1024.0,1009.5
2020-11-18T19:00,7.6,0.00,87,5.7,5.6,0.00,0.00,0.00,0,1,1,0,0,6.1,176,130,15.2,14.4,0,0.00,1023.4,1008.8
2020-11-18T20:00,7.4,0.00,87,5.4,5.4,0.00,0.00,0.00,1,42,42,0,0,6.1,186,135,16.3,14.4,0,0.00,1023.2,1008.6
2020-11-18T21:00,7.8,0.00,86,5.6,5.6,0.00,0.00,0.00,2,62,62,0,0,7.4,196,157,19.5,17.3,0,0.00,1022.9,1008.3
2020-11-18T22:00,7.8,0.00,87,5.7,5.4,0.00,0.00,0.00,2,60,60,0,0,8.7,203,175,21.5,20.5,0,0.00,1022.9,1008.3
2020-11-18T23:00,7.4,0.00,88,5.5,4.9,0.00,0.00,0.00,2,74,74,0,0,9.0,210,180,22.4,21.2,0,0.00,1022.8,1008.2
2020-11-19T00:00,7.7,0.00,86,5.5,5.1,0.00,0.00,0.00,3,84,84,0,0,10.2,215,190,25.4,23.8,0,0.00,1022.6,1008.0
2020-11-19T01:00,7.6,0.00,84,5.0,4.8,0.00,0.00,0.00,1,30,67,0,0,10.5,214,196,26.2,25.2,0,0.00,1022.6,1008.0
2020-11-19T02:00,7.2,0.00,83,4.5,4.3,0.00,0.00,0.00,3,85,85,0,0,10.6,213,190,26.6,25.2,0,0.00,1022.0,1007.4
2020-11-19T03:00,7.1,0.00,82,4.3,4.3,0.00,0.00,0.00,3,98,98,0,0,10.1,207,178,24.3,25.2,0,0.00,1021.7,1007.1
2020-11-19T04:00,7.1,0.00,82,4.3,4.5,0.00,0.00,0.00,3,99,99,0,3,7.9,219,183,22.5,23.8,0,0.00,1021.3,1006.7
2020-11-19T05:00,8.2,0.00,76,4.2,5.3,0.00,0.00,0.00,3,97,92,45,94,10.5,226,207,26.5,24.8,0,0.00,1020.9,1006.4
2020-11-19T06:00,9.9,0.00,73,5.2,6.2,0.00,0.00,0.00,3,96,75,85,61,17.1,233,229,31.6,37.1,0,0.00,1020.8,1006.4
2020-11-19T07:00,9.8,0.00,77,6.0,5.8,0.00,0.00,0.00,3,100,13,95,100,20.3,235,233,36.2,43.9,0,0.00,1020.9,1006.5
2020-11-19T08:00,9.5,0.50,83,6.8,6.0,0.50,0.00,0.00,53,100,0,98,100,18.7,233,232,33.4,44.3,1,0.00,1021.6,1007.2
2020-11-19T09:00,9.2,0.60,93,8.2,6.5,0.60,0.00,0.00,53,100,0,100,100,15.3,232,229,29.2,40.3,1,0.00,1022.2,1007.7
2020-11-19T10:00,9.8,0.10,94,8.9,7.7,0.10,0.00,0.00,51,100,0,100,37,12.8,239,232,24.4,32.4,1,0.00,1023.0,1008.5
2020-11-19T11:00,10.3,0.00,89,8.5,8.0,0.00,0.00,0.00,3,100,0,99,40,13.0,271,264,22.7,28.1,1,0.00,1023.9,1009.5
2020-11-19T12:00,10.1,0.00,83,7.3,7.2,0.00,0.00,0.00,1,23,0,20,8,15.0,258,253,25.0,32.0,1,0.00,1024.0,1009.5
2020-11-19T13:00,10.2,0.00,75,5.9,6.3,0.00,0.00,0.00,3,90,0,1,84,19.4,252,252,28.5,39.6,1,3600.00,1024.6,1010.1
2020-11-19T14:00,10.3,0.00,73,5.7,7.1,0.00,0.00,0.00,3,100,0,80,100,14.3,248,245,24.5,41.8,1,0.00,1024.7,1010.2
2020-11-19T15:00,9.9,0.10,76,5.8,6.4,0.10,0.00,0.00,51,100,0,70,100,17.1,263,262,28.0,39.6,1,0.00,1024.9,1010.4
2020-11-19T16:00,9.3,0.20,78,5.8,5.5,0.20,0.00,0.00,51,96,0,93,95,19.1,273,273,31.0,40.3,1,0.00,1025.7,1011.2
2020-11-19T17:00,8.8,0.20,82,6.0,5.7,0.20,0.00,0.00,51,53,0,47,45,14.3,256,252,25.2,40.3,0,0.00,1026.1,1011.6
2020-11-19T18:00,8.3,0.00,84,5.7,5.3,0.00,0.00,0.00,2,76,0,73,27,12.9,249,243,24.7,31.0,0,0.00,1026.8,1012.2
2020-11-19T19:00,8.0,0.10,85,5.7,5.1,0.10,0.00,0.00,51,83,19,52,73,12.8,255,254,23.8,28.8,0,0.00,1027.4,1012.8
2020-11-19T20:00,7.8,0.20,87,5.8,4.9,0.20,0.00,0.00,51,100,0,92,100,12.2,256,251,22.3,27.7,0,0.00,1028.1,1013.5
2020-11-19T21:00,7.4,0.30,91,6.0,4.7,0.30,0.00,0.00,51,100,0,63,100,11.8,256,250,21.9,25.9,0,0.00,1028.4,1013.7
2020-11-19T22:00,7.3,0.20,93,6.3,4.9,0.20,0.00,0.00,51,86,0,20,85,10.1,281,274,19.1,25.6,0,0.00,1028.9,1014.2
2020-11-19T23:00,6.8,0.00,94,5.8,4.6,0.00,0.00,0.00,3,94,0,13,94,7.8,292,283,17.9,21.2,0,0.00,1029.3,1014.6
2020-11-20T00:00,7.1,0.00,91,5.7,4.6,0.00,0.00,0.00,3,96,0,87,96,9.8,310,306,19.7,21.2,0,0.00,1029.8,1015.1
2020-11-20T01:00,6.4,0.00,93,5.3,3.6,0.00,0.00,0.00,1,42,0,32,19,10.8,327,323,21.6,27.0,0,0.00,1031.1,1016.4
2020-11-20T02:00,6.0,0.00,94,5.0,2.9,0.00,0.00,0.00,0,12,0,10,10,12.7,334,331,24.5,27.7,0,0.00,1031.6,1016.8
2020-11-20T03:00,5.3,0.00,94,4.4,2.3,0.00,0.00,0.00,0,17,0,15,10,11.3,340,338,23.0,27.7,0,0.00,1032.1,1017.3
2020-11-20T04:00,4.5,0.00,95,3.7,2.0,0.00,0.00,0.00,0,5,0,2,4,6.8,346,342,17.5,25.6,0,0.00,1032.5,1017.6
2020-11-20T05:00,2.4,0.00,97,1.9,-0.3,0.00,0.00,0.00,0,1,0,0,1,6.4,343,333,12.4,16.6,0,0.00,1033.1,1018.1
2020-11-20T06:00,1.7,0.00,97,1.3,-1.2,0.00,0.00,0.00,0,10,0,0,10,6.9,331,317,10.3,13.3,0,0.00,1033.2,1018.2
2020-11-20T07:00,2.6,0.00,98,2.2,0.1,0.00,0.00,0.00,0,12,0,0,12,5.2,314,295,9.9,12.2,0,0.00,1033.6,1018.6
2020-11-20T08:00,2.3,0.00,99,2.1,-0.3,0.00,0.00,0.00,0,14,0,0,14,5.2,308,286,8.2,10.1,1,0.00,1034.3,1019.3
2020-11-20T09:00,4.1,0.00,96,3.5,1.8,0.00,0.00,0.00,0,15,0,1,15,5.3,313,298,8.9,10.4,1,2310.29,1035.4,1020.5
2020-11-20T10:00,4.9,0.00,92,3.7,2.6,0.00,0.00,0.00,1,43,0,10,43,5.4,321,318,7.4,14.8,1,3600.00,1035.7,1020.8
2020-11-20T11:00,5.7,0.00,87,3.6,3.2,0.00,0.00,0.00,1,43,0,18,42,6.4,315,313,8.1,16.9,1,3600.00,1036.0,1021.1
2020-11-20T12:00,6.4,0.00,83,3.7,4.1,0.00,0.00,0.00,1,27,0,20,20,5.7,305,305,7.5,17.6,1,3600.00,1035.6,1020.8
2020-11-20T13:00,6.3,0.00,81,3.3,3.3,0.00,0.00,0.00,1,22,0,32,12,9.6,327,326,13.3,24.1,1,3600.00,1036.1,1021.3
2020-11-20T14:00,6.5,0.00,77,2.8,3.6,0.00,0.00,0.00,1,41,0,41,6,8.7,323,322,12.1,23.0,1,3600.00,1036.0,1021.2
2020-11-20T15:00,6.2,0.00,78,2.6,3.1,0.00,0.00,0.00,2,54,0,48,20,9.7,331,329,14.0,22.3,1,3600.00,1035.9,1021.1
2020-11-20T16:00,5.3,0.00,86,3.2,3.2,0.00,0.00,0.00,0,6,0,5,2,3.5,306,294,8.0,21.2,1,3600.00,1035.7,1020.8
2020-11-20T17:00,5.0,0.00,85,2.7,2.6,0.00,0.00,0.00,0,1,0,0,0,4.8,304,312,6.5,10.1,0,1.30,1036.1,1021.2
2020-11-20T18:00,4.6,0.00,87,2.6,2.7,0.00,0.00,0.00,0,1,0,0,0,1.8,319,53,3.8,8.6,0,0.00,1036.5,1021.6
2020-11-20T19:00,2.7,0.00,91,1.3,0.4,0.00,0.00,0.00,0,1,0,0,0,2.2,326,90,1.3,4.7,0,0.00,1036.7,1021.7
2020-11-20T20:00,0.8,0.00,94,0.0,-2.0,0.00,0.00,0.00,0,0,0,0,0,4.6,141,108,2.3,7.9,0,0.00,1037.1,1022.0
2020-11-20T21:00,0.5,0.00,95,-0.2,-2.4,0.00,0.00,0.00,0,0,0,0,0,5.0,165,111,5.6,9.0,0,0.00,1037.2,1022.1
2020-11-20T22:00,0.2,0.00,94,-0.6,-2.8,0.00,0.00,0.00,0,0,0,0,0,5.3,183,118,7.2,9.4,0,0.00,1037.3,1022.1
2020-11-20T23:00,-0.2,0.00,95,-0.8,-3.3,0.00,0.00,0.00,0,3,0,0,3,6.1,180,118,9.0,9.7,0,0.00,1037.0,1021.8
2020-11-21T00:00,-0.4,0.00,95,-1.1,-3.4,0.00,0.00,0.00,0,9,0,0,9,4.9,180,107,6.1,9.7,0,0.00,1037.5,1022.3
2020-11-21T01:00,0.4,0.00,93,-0.6,-2.5,0.00,0.00,0.00,0,2,0,0,0,4.3,177,114,7.9,10.4,0,0.00,1037.3,1022.1
2020-11-21T02:00,-0.8,0.00,93,-1.8,-3.9,0.00,0.00,0.00,0,0,0,0,0,5.1,159,98,5.0,11.9,0,0.00,1037.0,1021.8
2020-11-21T03:00,-0.3,0.00,92,-1.4,-3.5,0.00,0.00,0.00,0,0,0,0,0,5.8,141,112,9.2,11.5,0,0.00,1037.0,1021.8
2020-11-21T04:00,-0.0,0.00,94,-0.8,-3.9,0.00,0.00,0.00,0,0,0,0,0,10.8,130,116,19.7,20.9,0,0.00,1036.7,1021.5
2020-11-21T05:00,0.2,0.00,94,-0.7,-3.5,0.00,0.00,0.00,0,0,0,0,0,10.0,129,120,23.1,22.7,0,0.00,1036.4,1021.2
2020-11-21T06:00,-0.2,0.00,93,-1.1,-3.6,0.00,0.00,0.00,0,0,0,0,0,7.6,132,115,18.9,20.5,0,0.00,1036.5,1021.3
2020-11-21T07:00,-0.7,0.00,93,-1.7,-3.9,0.00,0.00,0.00,3,95,95,0,0,5.4,135,110,14.8,16.2,0,0.00,1036.4,1021.2
2020-11-21T08:00,-0.8,0.00,92,-1.9,-4.2,0.00,0.00,0.00,3,99,99,0,0,6.8,132,108,16.1,13.3,1,0.00,1036.4,1021.2
2020-11-21T09:00,1.1,0.00,87,-0.7,-2.7,0.00,0.00,0.00,3,95,95,0,0,11.0,134,122,20.6,22.7,1,1352.91,1036.3,1021.2
2020-11-21T10:00,2.6,0.00,81,-0.4,-0.7,0.00,0.00,0.00,3,93,93,0,1,7.4,137,133,12.2,22.0,1,3600.00,1036.2,1021.2
2020-11-21T11:00,3.9,0.00,75,-0.1,0.6,0.00,0.00,0.00,1,32,31,0,1,7.8,148,146,11.0,19.4,1,3600.00,1035.9,1021.0
2020-11-21T12:00,5.2,0.00,71,0.3,2.1,0.00,0.00,0.00,2,74,74,0,0,7.0,157,159,9.4,20.2,1,3600.00,1035.1,1020.2
2020-11-21T13:00,5.5,0.00,71,0.6,2.5,0.00,0.00,0.00,1,38,86,40,0,6.4,162,164,9.1,18.7,1,3600.00,1034.9,1020.1
2020-11-21T14:00,5.9,0.00,67,0.3,3.4,0.00,0.00,0.00,2,69,68,3,0,2.6,204,214,3.5,16.2,1,3600.00,1034.6,1019.8
2020-11-21T15:00,5.8,0.00,67,0.2,3.2,0.00,0.00,0.00,0,0,0,0,0,3.3,180,186,4.3,10.4,1,3600.00,1033.9,1019.1
2020-11-21T16:00,3.6,0.00,83,1.0,0.7,0.00,0.00,0.00,2,57,57,0,0,5.9,166,169,7.4,9.4,1,3550.34,1033.5,1018.6
2020-11-21T17:00,3.3,0.00,76,-0.5,0.2,0.00,0.00,0.00,1,30,29,0,0,5.9,175,166,8.3,10.4,0,0.00,1033.2,1018.3
2020-11-21T18:00,3.6,0.00,75,-0.5,0.7,0.00,0.00,0.00,2,58,58,1,0,5.0,193,150,7.8,9.7,0,0.00,1033.2,1018.3
2020-11-21T19:00,0.8,0.00,86,-1.3,-2.4,0.00,0.00,0.00,1,47,46,2,2,6.1,184,140,10.8,10.8,0,0.00,1033.0,1017.9
2020-11-21T20:00,0.6,0.00,87,-1.2,-2.4,0.00,0.00,0.00,1,29,25,2,5,5.1,185,141,12.3,10.8,0,0.00,1032.7,1017.6
2020-11-21T21:00,-0.0,0.00,89,-1.6,-3.2,0.00,0.00,0.00,1,24,21,1,3,5.5,201,148,12.3,10.4,0,0.00,1032.6,1017.5
2020-11-21T22:00,-0.1,0.00,89,-1.7,-3.4,0.00,0.00,0.00,1,47,46,0,3,6.4,209,164,12.7,11.5,0,0.00,1032.4,1017.3
2020-11-21T23:00,0.1,0.00,91,-1.3,-3.0,0.00,0.00,0.00,1,31,29,0,3,5.3,204,152,12.6,11.5,0,0.00,1032.1,1017.0
2020-11-22T00:00,0.3,0.00,91,-0.9,-2.7,0.00,0.00,0.00,0,9,0,7,3,5.2,198,155,13.7,10.8,0,0.00,1031.8,1016.7
2020-11-22T01:00,0.4,0.00,97,0.0,-2.4,0.00,0.00,0.00,1,37,0,48,33,4.8,205,167,12.7,12.2,0,0.00,1032.0,1016.9
2020-11-22T02:00,1.0,0.00,96,0.5,-1.8,0.00,0.00,0.00,2,64,7,58,15,5.4,196,160,12.8,11.2,0,0.00,1031.6,1016.6
2020-11-22T03:00,1.3,0.00,96,0.7,-1.8,0.00,0.00,0.00,3,83,48,70,1,7.2,191,162,14.7,14.0,0,0.00,1031.3,1016.3
2020-11-22T04:00,1.4,0.00,95,0.8,-1.8,0.00,0.00,0.00,3,93,55,86,6,8.0,195,172,16.8,16.6,0,0.00,1031.2,1016.2
2020-11-22T05:00,1.9,0.00,93,1.0,-1.3,0.00,0.00,0.00,3,80,60,47,21,8.3,204,182,16.6,17.3,0,0.00,1031.2,1016.2
2020-11-22T06:00,1.9,0.00,93,0.9,-1.3,0.00,0.00,0.00,3,81,59,59,40,8.3,204,182,17.4,18.0,0,0.00,1031.0,1016.0
2020-11-22T07:00,1.8,0.00,93,0.9,-1.4,0.00,0.00,0.00,3,86,72,43,46,8.7,206,185,17.6,18.0,0,0.00,1030.9,1015.9
2020-11-22T08:00,1.5,0.00,94,0.7,-1.7,0.00,0.00,0.00,3,80,76,5,38,8.3,206,182,17.2,18.4,1,0.00,1030.7,1015.7
2020-11-22T09:00,2.3,0.00,90,0.9,-1.0,0.00,0.00,0.00,3,93,92,1,12,9.1,202,173,17.1,19.1,1,537.35,1030.7,1015.7
2020-11-22T10:00,3.4,0.00,85,1.1,0.4,0.00,0.00,0.00,3,97,97,0,6,7.2,204,186,13.4,19.1,1,1636.19,1030.7,1015.8
2020-11-22T11:00,4.7,0.00,79,1.4,1.7,0.00,0.00,0.00,3,90,88,0,15,7.6,193,183,11.4,18.7,1,3321.71,1030.6,1015.8
2020-11-22T12:00,5.6,0.00,76,1.7,2.6,0.00,0.00,0.00,3,91,89,0,18,8.3,192,185,12.1,19.8,1,3382.47,1029.9,1015.1
2020-11-22T13:00,5.9,0.00,78,2.3,2.9,0.00,0.00,0.00,3,94,28,44,13,8.4,193,190,11.4,20.5,1,3600.00,1029.8,1015.0
2020-11-22T14:00,6.2,0.00,76,2.3,3.3,0.00,0.00,0.00,1,38,1,12,31,8.0,194,188,11.5,20.2,1,3600.00,1029.2,1014.5
2020-11-22T15:00,6.3,0.00,74,2.0,3.3,0.00,0.00,0.00,3,98,97,39,26,8.3,192,185,12.5,21.2,1,3600.00,1028.8,1014.1
2020-11-22T16:00,5.4,0.00,77,1.7,2.4,0.00,0.00,0.00,3,99,98,67,28,7.6,189,172,15.3,17.6,1,0.00,1028.6,1013.8
2020-11-22T17:00,5.0,0.00,76,1.1,1.9,0.00,0.00,0.00,3,99,98,81,23,7.6,200,183,16.9,17.3,0,0.00,1028.5,1013.7
2020-11-22T18:00,4.5,0.00,77,0.8,1.5,0.00,0.00,0.00,3,99,98,67,28,7.0,212,192,16.5,15.5,0,0.00,1028.7,1013.9
2020-11-22T19:00,4.3,0.00,77,0.7,1.2,0.00,0.00,0.00,3,98,98,45,39,7.5,216,197,17.3,15.8,0,0.00,1029.0,1014.2
2020-11-22T20:00,4.2,0.00,79,0.9,1.3,0.00,0.00,0.00,3,99,95,82,90,6.4,218,196,15.6,15.8,0,0.00,1029.0,1014.2
2020-11-22T21:00,4.6,0.50,81,1.5,1.5,0.50,0.00,0.00,53,100,99,96,100,8.0,208,185,15.5,15.5,0,0.00,1029.0,1014.2
2020-11-22T22:00,4.5,0.40,84,2.0,1.4,0.40,0.00,0.00,51,100,88,97,100,8.8,207,189,16.6,17.6,0,0.00,1029.0,1014.2
2020-11-22T23:00,4.5,0.00,86,2.4,1.7,0.00,0.00,0.00,3,100,65,98,100,7.6,210,188,14.5,16.9,0,0.00,1028.8,1014.0
2020-11-23T00:00,4.2,0.00,88,2.4,1.2,0.00,0.00,0.00,3,100,80,58,100,8.8,211,189,17.3,17.3,0,0.00,1028.7,1013.9
2020-11-23T01:00,4.9,0.00,79,1.7,2.2,0.00,0.00,0.00,3,98,62,85,100,6.2,220,201,14.6,19.1,0,0.00,1028.6,1013.8
2020-11-23T02:00,5.6,0.00,78,2.1,2.7,0.00,0.00,0.00,3,100,40,70,100,7.1,220,204,14.1,14.8,0,0.00,1028.6,1013.8
2020-11-23T03:00,5.6,0.00,80,2.5,2.7,0.00,0.00,0.00,3,100,89,93,100,7.8,211,193,14.7,15.8,0,0.00,1028.3,1013.6
2020-11-23T04:00,5.7,0.00,82,2.8,2.6,0.00,0.00,0.00,3,100,0,97,100,9.5,212,205,18.3,19.4,0,0.00,1028.3,1013.6
2020-11-23T05:00,5.6,0.10,82,2.7,2.4,0.10,0.00,0.00,51,100,0,70,100,10.8,218,210,20.0,22.0,0,0.00,1028.4,1013.7
2020-11-23T06:00,5.4,0.20,82,2.6,2.1,0.20,0.00,0.00,51,100,0,84,100,10.7,226,220,20.1,22.3,0,0.00,1028.8,1014.0
2020-11-23T07:00,5.1,0.40,86,3.0,2.1,0.40,0.00,0.00,51,100,0,100,100,9.7,222,207,18.4,22.3,0,0.00,1028.8,1014.0
2020-11-23T08:00,5.0,0.50,92,3.7,2.2,0.50,0.00,0.00,53,100,0,99,100,8.5,218,208,16.9,19.4,1,0.00,1029.1,1014.3
2020-11-23T09:00,5.1,0.20,91,3.7,2.5,0.20,0.00,0.00,51,100,0,98,100,7.6,219,205,15.3,16.9,1,0.00,1030.0,1015.2
2020-11-23T10:00,5.3,0.00,91,3.9,2.6,0.00,0.00,0.00,3,96,0,93,82,8.4,216,200,15.5,16.9,1,0.00,1030.3,1015.5
2020-11-23T11:00,5.7,0.00,90,4.2,3.3,0.00,0.00,0.00,3,95,0,76,94,6.4,219,207,12.0,16.9,1,0.00,1030.8,1016.0
2020-11-23T12:00,6.6,0.00,89,4.9,4.6,0.00,0.00,0.00,3,95,0,89,90,5.3,214,208,7.8,16.2,1,3600.00,1030.8,1016.1
2020-11-23T13:00,6.0,0.00,94,5.0,4.2,0.00,0.00,0.00,3,99,0,91,85,3.5,162,156,4.6,15.1,1,1549.78,1030.8,1016.0
2020-11-23T14:00,6.6,0.00,92,5.4,4.9,0.00,0.00,0.00,2,75,0,57,72,3.9,153,158,4.8,11.2,1,0.00,1030.8,1016.1
2020-11-23T15:00,6.7,0.00,92,5.5,5.0,0.00,0.00,0.00,3,87,31,58,79,4.0,153,153,5.6,11.2,1,2796.74,1030.6,1015.9
2020-11-23T16:00,6.4,0.00,93,5.4,4.5,0.00,0.00,0.00,3,98,93,41,71,4.8,149,153,7.6,10.8,1,19.58,1030.9,1016.2
2020-11-23T17:00,5.8,0.00,96,5.2,3.6,0.00,0.00,0.00,3,96,89,23,66,6.8,148,148,12.3,13.3,0,0.00,1030.8,1016.0
2020-11-23T18:00,5.4,0.00,96,4.8,3.2,0.00,0.00,0.00,2,79,60,14,46,6.3,131,121,13.8,13.7,0,0.00,1030.7,1015.9
2020-11-23T19:00,5.1,0.00,96,4.5,2.8,0.00,0.00,0.00,1,39,1,8,38,6.4,126,117,15.2,13.7,0,0.00,1030.6,1015.8
2020-11-23T20:00,4.4,0.00,96,3.8,1.9,0.00,0.00,0.00,1,20,0,2,20,7.2,128,117,16.4,14.4,0,0.00,1030.6,1015.8
2020-11-23T21:00,3.8,0.00,96,3.3,1.2,0.00,0.00,0.00,0,11,0,3,10,7.4,121,104,17.6,15.1,0,0.00,1030.7,1015.8
2020-11-23T22:00,3.7,0.00,96,3.1,0.8,0.00,0.00,0.00,0,15,0,5,14,8.7,118,107,19.7,17.3,0,0.00,1030.7,1015.8
2020-11-23T23:00,3.6,0.00,97,3.1,0.7,0.00,0.00,0.00,0,9,0,6,9,9.1,119,108,20.9,18.7,0,0.00,1030.5,1015.6
2020-11-24T00:00,3.7,0.00,97,3.2,0.8,0.00,0.00,0.00,0,11,0,6,10,8.6,114,105,20.5,18.7,0,0.00,1030.2,1015.3
2020-11-24T01:00,4.3,0.00,96,3.6,1.0,0.00,0.00,0.00,0,12,0,2,13,11.8,118,113,24.5,18.7,0,0.00,1029.8,1015.0
2020-11-24T02:00,4.1,0.00,95,3.4,0.9,0.00,0.00,0.00,0,6,0,2,5,11.5,110,104,24.1,23.8,0,0.00,1029.4,1014.6
2020-11-24T03:00,3.8,0.00,95,3.1,0.5,0.00,0.00,0.00,0,3,0,2,3,11.4,110,108,24.5,23.4,0,0.00,1029.0,1014.1
2020-11-24T04:00,3.4,0.00,96,2.8,0.2,0.00,0.00,0.00,0,10,0,0,10,10.5,112,106,23.7,23.4,0,0.00,1028.5,1013.6
2020-11-24T05:00,3.2,0.00,95,2.5,0.1,0.00,0.00,0.00,0,14,0,0,14,9.3,112,103,21.8,22.3,0,0.00,1028.3,1013.4
2020-11-24T06:00,3.1,0.00,95,2.5,0.1,0.00,0.00,0.00,1,31,0,0,31,9.1,109,99,20.9,19.4,0,0.00,1027.9,1013.0
2020-11-24T07:00,3.1,0.00,96,2.5,0.1,0.00,0.00,0.00,2,60,0,0,60,8.3,110,108,19.9,19.1,0,0.00,1027.8,1012.9
2020-11-24T08:00,3.3,0.00,97,2.9,0.5,0.00,0.00,0.00,3,86,0,0,86,8.4,112,115,18.3,18.4,1,0.00,1027.9,1013.0
2020-11-24T09:00,3.9,0.00,97,3.5,0.8,0.00,0.00,0.00,3,100,0,0,100,11.0,112,113,17.9,23.0,1,0.00,1028.0,1013.2
2020-11-24T10:00,4.8,0.00,96,4.2,1.6,0.00,0.00,0.00,3,100,0,0,100,11.9,116,115,17.6,26.3,1,0.00,1027.8,1013.0
2020-11-24T11:00,5.7,0.00,93,4.7,2.6,0.00,0.00,0.00,3,100,0,0,100,12.2,118,118,17.6,27.4,1,237.31,1027.7,1013.0
2020-11-24T12:00,6.3,0.00,91,5.0,3.3,0.00,0.00,0.00,3,100,0,0,100,12.1,117,117,17.4,27.4,1,0.00,1026.9,1012.2
2020-11-24T13:00,6.1,0.00,89,4.5,2.9,0.00,0.00,0.00,3,100,0,0,100,12.7,120,119,18.2,27.4,1,0.00,1026.0,1011.3
2020-11-24T14:00,6.7,0.00,86,4.6,3.9,0.00,0.00,0.00,3,100,0,0,100,10.7,123,123,15.4,28.1,1,0.00,1025.2,1010.6
2020-11-24T15:00,7.0,0.00,84,4.6,4.5,0.00,0.00,0.00,3,100,0,0,100,8.3,127,124,12.1,24.1,1,0.00,1024.8,1010.2
2020-11-24T16:00,6.9,0.00,85,4.5,4.4,0.00,0.00,0.00,3,100,0,0,100,8.0,121,117,13.4,18.7,1,0.00,1024.2,1009.6
2020-11-24T17:00,6.3,0.00,88,4.5,3.7,0.00,0.00,0.00,3,85,0,0,85,8.7,117,114,16.9,18.0,0,0.00,1023.9,1009.3
2020-11-24T18:00,5.7,0.00,91,4.4,3.0,0.00,0.00,0.00,1,36,0,0,36,8.8,113,109,18.7,18.4,0,0.00,1023.7,1009.0
2020-11-24T19:00,5.0,0.00,93,3.9,2.3,0.00,0.00,0.00,0,18,0,0,18,8.2,115,105,19.0,18.0,0,0.00,1023.3,1008.6
2020-11-24T20:00,4.1,0.00,93,3.1,1.3,0.00,0.00,0.00,0,17,0,0,17,8.1,116,111,19.6,16.9,0,0.00,1023.0,1008.3
2020-11-24T21:00,3.4,0.00,94,2.5,0.5,0.00,0.00,0.00,0,18,0,0,18,8.1,117,111,19.3,17.3,0,0.00,1023.0,1008.2
2020-11-24T22:00,2.9,0.00,94,2.0,-0.1,0.00,0.00,0.00,0,12,0,0,12,7.9,116,106,18.0,16.6,0,0.00,1022.8,1008.0
2020-11-24T23:00,2.4,0.00,94,1.5,-0.7,0.00,0.00,0.00,0,11,0,0,11,8.0,117,108,18.5,16.2,0,0.00,1022.7,1007.9
2020-11-25T00:00,2.1,0.00,94,1.2,-0.9,0.00,0.00,0.00,0,7,0,0,7,7.8,117,112,18.5,16.2,0,0.00,1022.5,1007.7
2020-11-25T01:00,2.1,0.00,95,1.4,-1.1,0.00,0.00,0.00,0,6,35,0,16,9.2,117,116,19.8,15.8,0,0.00,1022.6,1007.8
2020-11-25T02:00,1.6,0.00,95,0.9,-1.3,0.00,0.00,0.00,1,22,0,0,22,6.5,122,124,16.2,19.1,0,0.00,1022.3,1007.4
2020-11-25T03:00,1.3,0.00,95,0.6,-1.8,0.00,0.00,0.00,3,83,0,0,83,7.5,134,125,15.0,14.8,0,0.00,1022.4,1007.5
2020-11-25T04:00,1.5,0.00,94,0.6,-1.9,0.00,0.00,0.00,3,95,0,0,95,9.2,131,116,15.8,18.0,0,0.00,1022.0,1007.1
2020-11-25T05:00,1.9,0.00,93,0.9,-1.3,0.00,0.00,0.00,3,91,0,0,91,8.4,129,115,15.9,20.2,0,0.00,1021.6,1006.8
2020-11-25T06:00,1.8,0.00,94,0.9,-1.2,0.00,0.00,0.00,3,81,0,0,81,6.9,139,118,12.5,17.3,0,0.00,1021.8,1006.9
2020-11-25T07:00,1.5,0.00,94,0.7,-1.9,0.00,0.00,0.00,2,65,0,0,65,9.8,124,114,18.2,20.2,0,0.00,1021.6,1006.7
2020-11-25T08:00,1.3,0.00,94,0.4,-2.1,0.00,0.00,0.00,2,60,0,0,60,9.0,122,113,18.3,19.8,1,0.00,1021.9,1007.0
2020-11-25T09:00,1.9,0.00,91,0.6,-1.4,0.00,0.00,0.00,1,49,0,0,49,8.7,120,114,15.8,19.1,1,1113.38,1022.3,1007.4
2020-11-25T10:00,3.0,0.00,88,1.3,0.0,0.00,0.00,0.00,0,18,0,0,18,7.2,118,117,11.4,19.4,1,3600.00,1022.3,1007.5
2020-11-25T11:00,4.7,0.00,83,2.0,2.0,0.00,0.00,0.00,0,11,0,0,11,6.0,123,123,8.6,18.0,1,3600.00,1022.2,1007.5
2020-11-25T12:00,6.3,0.00,77,2.6,3.7,0.00,0.00,0.00,0,8,0,0,8,5.6,139,140,7.7,16.9,1,3600.00,1021.7,1007.1
2020-11-25T13:00,5.1,0.00,80,2.0,2.1,0.00,0.00,0.00,0,9,0,0,6,8.5,125,126,11.9,16.6,1,3600.00,1022.0,1007.3
2020-11-25T14:00,6.0,0.00,77,2.3,3.1,0.00,0.00,0.00,0,2,0,0,2,8.1,121,122,11.8,21.6,1,3600.00,1021.5,1006.9
2020-11-25T15:00,6.3,0.00,77,2.7,3.7,0.00,0.00,0.00,0,2,0,0,2,6.4,129,133,10.2,19.8,1,3600.00,1021.3,1006.7
2020-11-25T16:00,4.5,0.00,87,2.5,2.1,0.00,0.00,0.00,0,3,0,0,3,4.9,130,126,12.3,14.4,1,3293.73,1021.5,1006.8
2020-11-25T17:00,3.1,0.00,91,1.7,0.2,0.00,0.00,0.00,0,4,0,0,4,6.7,127,106,15.4,13.0,0,0.00,1021.5,1006.7
2020-11-25T18:00,2.5,0.00,92,1.4,-0.5,0.00,0.00,0.00,0,4,0,0,4,7.3,130,101,15.1,14.4,0,0.00,1021.5,1006.7
2020-11-25T19:00,2.1,0.00,93,1.0,-0.9,0.00,0.00,0.00,0,7,4,0,3,7.0,134,102,13.5,14.4,0,0.00,1021.6,1006.8
2020-11-25T20:00,1.7,0.00,94,0.8,-1.3,0.00,0.00,0.00,1,28,27,0,2,6.9,135,99,11.7,13.7,0,0.00,1021.7,1006.8
2020-11-25T21:00,1.6,0.00,93,0.6,-1.4,0.00,0.00,0.00,2,55,55,0,0,6.6,137,103,12.2,13.3,0,0.00,1021.5,1006.6
2020-11-25T22:00,1.5,0.00,93,0.5,-1.6,0.00,0.00,0.00,2,75,75,0,0,6.8,139,108,14.3,13.3,0,0.00,1021.8,1006.9
2020-11-25T23:00,1.2,0.00,93,0.3,-1.8,0.00,0.00,0.00,3,93,93,0,0,6.2,143,111,13.9,13.3,0,0.00,1022.2,1007.3
2020-11-26T00:00,1.0,0.00,93,-0.0,-2.0,0.00,0.00,0.00,2,77,77,0,0,5.7,152,108,12.2,11.9,0,0.00,1022.4,1007.5
2020-11-26T01:00,1.2,0.00,99,1.0,-1.9,0.00,0.00,0.00,2,60,52,3,85,8.0,124,117,16.1,10.8,0,0.00,1023.3,1008.4
2020-11-26T02:00,1.2,0.00,99,1.0,-1.9,0.00,0.00,0.00,3,100,26,17,100,7.3,126,123,12.9,16.2,0,0.00,1023.7,1008.8
2020-11-26T03:00,0.6,0.00,100,0.6,-2.4,0.00,0.00,0.00,3,100,18,17,100,6.5,135,124,12.7,15.1,0,0.00,1024.0,1009.1
2020-11-26T04:00,0.8,0.00,99,0.6,-2.2,0.00,0.00,0.00,3,100,39,22,100,6.9,143,129,11.3,13.7,0,0.00,1023.9,1009.0
2020-11-26T05:00,0.4,0.00,99,0.3,-2.7,0.00,0.00,0.00,3,99,47,34,97,6.8,148,122,13.1,13.7,0,0.00,1023.9,1008.9
2020-11-26T06:00,0.6,0.00,98,0.4,-2.4,0.00,0.00,0.00,3,90,47,40,79,6.6,153,135,13.4,14.0,0,0.00,1023.7,1008.8
2020-11-26T07:00,0.3,0.00,98,0.0,-2.7,0.00,0.00,0.00,2,79,35,2,69,6.1,151,118,11.9,13.3,0,0.00,1023.7,1008.7
2020-11-26T08:00,0.7,0.00,96,0.1,-2.2,0.00,0.00,0.00,2,65,0,11,60,5.2,149,115,10.5,12.2,1,0.00,1024.0,1009.1
2020-11-26T09:00,1.8,0.00,91,0.5,-1.1,0.00,0.00,0.00,1,33,1,9,27,5.5,142,113,10.0,11.9,1,949.48,1024.4,1009.5
2020-11-26T10:00,3.7,0.00,85,1.3,1.3,0.00,0.00,0.00,1,24,2,2,22,3.2,129,117,7.4,11.9,1,3600.00,1024.3,1009.5
2020-11-26T11:00,5.6,0.00,78,2.0,3.3,0.00,0.00,0.00,1,22,4,4,18,3.1,132,144,4.8,11.5,1,3600.00,1024.4,1009.7
2020-11-26T12:00,6.9,0.00,74,2.6,4.7,0.00,0.00,0.00,1,23,3,16,9,2.9,153,173,4.0,11.5,1,3600.00,1023.8,1009.2
2020-11-26T13:00,5.8,0.00,78,2.2,3.7,0.00,0.00,0.00,1,20,0,0,10,2.2,166,189,3.0,11.5,1,3600.00,1024.1,1009.4
2020-11-26T14:00,6.4,0.00,77,2.6,4.3,0.00,0.00,0.00,0,8,0,0,8,2.6,135,146,4.1,10.1,1,3600.00,1023.5,1008.9
2020-11-26T15:00,6.6,0.00,78,3.1,4.6,0.00,0.00,0.00,0,6,0,0,6,2.7,138,157,4.8,10.4,1,3600.00,1022.9,1008.3
2020-11-26T16:00,6.3,0.00,76,2.5,4.2,0.00,0.00,0.00,0,4,0,0,4,2.6,135,214,4.6,7.2,1,3237.10,1022.8,1008.2
2020-11-26T17:00,5.2,0.00,82,2.3,2.8,0.00,0.00,0.00,0,3,0,0,3,4.7,112,90,7.8,7.6,0,0.00,1022.6,1007.9
2020-11-26T18:00,1.7,0.00,92,0.6,-1.2,0.00,0.00,0.00,0,2,0,0,2,5.8,117,86,10.5,10.1,0,0.00,1022.5,1007.6
2020-11-26T19:00,1.0,0.00,93,-0.1,-2.0,0.00,0.00,0.00,0,3,0,0,3,5.4,118,70,9.8,9.7,0,0.00,1022.5,1007.6
2020-11-26T20:00,0.4,0.00,93,-0.6,-2.7,0.00,0.00,0.00,0,2,0,1,2,5.9,101,47,5.9,9.0,0,0.00,1022.3,1007.4
2020-11-26T21:00,0.2,0.00,93,-0.9,-2.9,0.00,0.00,0.00,0,1,0,0,1,5.5,98,58,5.1,8.3,0,0.00,1022.1,1007.2
2020-11-26T22:00,0.2,0.00,92,-0.9,-2.8,0.00,0.00,0.00,0,6,0,5,6,5.4,108,86,8.0,9.0,0,0.00,1022.1,1007.2
2020-11-26T23:00,1.0,0.00,91,-0.4,-2.0,0.00,0.00,0.00,0,12,0,11,9,5.6,117,105,15.0,11.5,0,0.00,1021.9,1007.0
2020-11-27T00:00,2.3,0.00,85,0.1,-0.3,0.00,0.00,0.00,0,18,0,16,14,3.4,117,58,8.0,11.2,0,0.00,1022.2,1007.4
2020-11-27T01:00,-0.1,0.00,95,-0.9,-3.6,0.00,0.00,0.00,1,31,0,8,1,8.4,125,130,13.7,9.4,0,0.00,1022.4,1007.4
2020-11-27T02:00,0.9,0.00,93,-0.1,-2.2,0.00,0.00,0.00,1,47,0,47,0,6.7,129,126,17.7,14.0,0,0.00,1022.1,1007.2
2020-11-27T03:00,0.9,0.00,94,0.0,-1.8,0.00,0.00,0.00,3,82,0,82,0,4.2,141,121,12.0,14.8,0,0.00,1022.2,1007.3
2020-11-27T04:00,1.3,0.00,93,0.3,-1.2,0.00,0.00,0.00,2,78,0,78,1,2.6,149,106,8.4,9.0,0,0.00,1022.0,1007.1
2020-11-27T05:00,1.3,0.00,93,0.4,-1.2,0.00,0.00,0.00,1,48,0,48,3,3.2,147,117,8.6,7.2,0,0.00,1021.9,1007.0
2020-11-27T06:00,1.4,0.00,93,0.3,-1.2,0.00,0.00,0.00,1,25,0,23,12,3.6,153,127,8.9,7.9,0,0.00,1021.4,1006.5
2020-11-27T07:00,0.5,0.00,94,-0.3,-2.3,0.00,0.00,0.00,0,13,0,10,9,4.7,155,122,8.4,8.3,0,0.00,1021.3,1006.4
2020-11-27T08:00,-0.1,0.00,94,-0.9,-3.1,0.00,0.00,0.00,0,5,0,3,5,5.2,139,102,7.1,9.4,1,0.00,1021.7,1006.7
2020-11-27T09:00,1.9,0.00,90,0.4,-0.8,0.00,0.00,0.00,0,4,0,1,4,4.3,128,95,8.7,8.3,1,1628.24,1021.8,1007.0
2020-11-27T10:00,4.0,0.00,83,1.4,1.7,0.00,0.00,0.00,0,5,0,0,5,3.0,120,104,7.9,9.7,1,3600.00,1021.7,1007.0
2020-11-27T11:00,6.0,0.00,78,2.4,4.0,0.00,0.00,0.00,0,9,0,0,9,1.9,108,112,3.4,9.7,1,3600.00,1021.7,1007.1
2020-11-27T12:00,7.4,0.00,75,3.2,5.6,0.00,0.00,0.00,0,13,0,0,12,1.1,127,162,1.8,9.4,1,3600.00,1021.4,1006.8
2020-11-27T13:00,6.6,0.00,77,2.8,4.7,0.00,0.00,0.00,0,16,0,0,22,1.3,360,326,1.4,8.6,1,3600.00,1021.4,1006.8
2020-11-27T14:00,7.2,0.00,77,3.3,5.3,0.00,0.00,0.00,0,18,0,0,18,2.2,30,360,2.9,8.3,1,3600.00,1020.8,1006.2
2020-11-27T15:00,7.2,0.00,79,3.8,5.2,0.00,0.00,0.00,1,21,0,1,21,3.2,355,333,4.0,9.4,1,3600.00,1020.6,1006.0
2020-11-27T16:00,4.7,0.00,91,3.3,2.3,0.00,0.00,0.00,0,10,0,4,10,5.2,7,304,2.9,7.2,1,3183.77,1020.6,1005.9
2020-11-27T17:00,2.3,0.00,95,1.6,-0.6,0.00,0.00,0.00,0,0,0,0,0,6.5,45,357,5.6,9.4,0,0.00,1020.5,1005.7
2020-11-27T18:00,1.8,0.00,96,1.2,-1.0,0.00,0.00,0.00,0,0,0,0,0,5.9,79,43,9.5,9.7,0,0.00,1020.5,1005.7
2020-11-27T19:00,1.3,0.00,94,0.5,-1.7,0.00,0.00,0.00,0,0,0,0,0,6.4,98,63,12.7,10.8,0,0.00,1020.4,1005.5
2020-11-27T20:00,1.3,0.00,92,0.2,-1.8,0.00,0.00,0.00,0,0,0,0,0,6.4,97,74,14.9,11.9,0,0.00,1020.4,1005.5
2020-11-27T21:00,0.7,0.00,92,-0.5,-2.7,0.00,0.00,0.00,0,0,0,0,0,7.9,102,90,15.1,13.3,0,0.00,1020.4,1005.5
2020-11-27T22:00,0.5,0.00,92,-0.7,-2.9,0.00,0.00,0.00,0,0,0,0,0,7.6,103,90,15.5,13.3,0,0.00,1020.8,1005.9
2020-11-27T23:00,0.7,0.00,91,-0.6,-2.4,0.00,0.00,0.00,0,0,0,0,0,6.0,98,73,16.0,13.0,0,0.00,1020.6,1005.7
2020-11-28T00:00,-0.2,0.00,91,-1.4,-3.5,0.00,0.00,0.00,0,0,0,0,0,6.4,99,74,13.8,12.2,0,0.00,1020.6,1005.7
2020-11-28T01:00,-0.8,0.00,92,-1.9,-4.5,0.00,0.00,0.00,0,0,0,0,0,8.3,97,72,14.5,11.9,0,0.00,1021.2,1006.2
2020-11-28T02:00,-0.8,0.00,91,-2.0,-4.0,0.00,0.00,0.00,0,0,0,0,0,5.3,92,62,13.3,13.7,0,0.00,1020.9,1005.9
2020-11-28T03:00,-1.2,0.00,91,-2.6,-4.6,0.00,0.00,0.00,0,0,0,0,0,6.0,96,73,13.0,11.2,0,0.00,1021.1,1006.1
2020-11-28T04:00,-1.3,0.00,90,-2.7,-4.8,0.00,0.00,0.00,0,0,0,0,0,6.6,99,81,13.5,11.2,0,0.00,1020.8,1005.8
2020-11-28T05:00,-1.4,0.00,90,-2.9,-4.9,0.00,0.00,0.00,0,0,0,0,0,6.5,95,71,13.0,11.5,0,0.00,1020.7,1005.7
2020-11-28T06:00,-1.5,0.00,90,-2.9,-4.9,0.00,0.00,0.00,0,0,0,0,0,5.9,87,52,11.9,11.2,0,0.00,1020.6,1005.6
2020-11-28T07:00,-1.6,0.00,91,-2.9,-5.0,0.00,0.00,0.00,0,0,0,0,0,6.2,85,54,12.3,10.8,0,0.00,1020.8,1005.8
2020-11-28T08:00,-1.8,0.00,91,-3.1,-5.2,0.00,0.00,0.00,0,0,0,0,0,6.2,87,54,11.9,11.2,1,0.00,1021.1,1006.1
2020-11-28T09:00,0.6,0.00,87,-1.3,-2.2,0.00,0.00,0.00,0,0,0,0,0,3.1,82,36,9.8,11.2,1,1538.68,1021.5,1006.6
2020-11-28T10:00,2.5,0.00,79,-0.7,-0.1,0.00,0.00,0.00,0,0,0,0,0,2.3,72,18,7.2,9.0,1,3600.00,1021.5,1006.7
2020-11-28T11:00,4.4,0.00,74,0.2,1.8,0.00,0.00,0.00,0,0,0,0,0,3.4,42,18,5.4,11.5,1,3600.00,1021.4,1006.7
2020-11-28T12:00,6.2,0.00,70,1.2,3.6,0.00,0.00,0.00,0,0,0,0,0,4.2,35,20,5.7,13.0,1,3600.00,1020.9,1006.3
2020-11-28T13:00,6.1,0.00,74,1.8,3.5,0.00,0.00,0.00,0,0,0,0,0,5.1,51,45,7.4,13.0,1,3600.00,1021.0,1006.4
2020-11-28T14:00,7.1,0.00,73,2.5,4.7,0.00,0.00,0.00,0,0,0,0,0,4.4,47,35,6.4,14.8,1,3600.00,1020.5,1005.9
2020-11-28T15:00,7.0,0.00,80,3.7,5.2,0.00,0.00,0.00,0,0,0,0,0,2.2,37,360,5.4,11.9,1,3600.00,1020.3,1005.7
2020-11-28T16:00,4.7,0.00,84,2.3,2.2,0.00,0.00,0.00,0,0,0,0,0,5.2,58,16,8.1,9.4,1,3133.87,1020.3,1005.6
2020-11-28T17:00,2.4,0.00,90,0.9,-0.5,0.00,0.00,0.00,0,0,0,0,0,6.1,78,62,15.8,13.7,0,0.00,1020.5,1005.7
2020-11-28T18:00,2.5,0.00,87,0.6,-0.9,0.00,0.00,0.00,0,0,0,0,0,9.4,83,72,23.2,20.2,0,0.00,1020.8,1006.0
2020-11-28T19:00,2.1,0.00,89,0.5,-1.5,0.00,0.00,0.00,1,32,27,0,7,10.7,83,78,25.4,23.4,0,0.00,1021.3,1006.5
2020-11-28T20:00,2.2,0.00,90,0.8,-1.5,0.00,0.00,0.00,3,86,81,0,28,11.7,87,81,26.3,25.9,0,0.00,1021.8,1007.0
2020-11-28T21:00,2.0,0.00,91,0.7,-1.5,0.00,0.00,0.00,3,89,84,0,31,10.2,90,82,24.1,25.9,0,0.00,1022.2,1007.4
2020-11-28T22:00,2.0,0.00,91,0.8,-1.3,0.00,0.00,0.00,3,86,77,0,41,8.7,86,73,20.9,22.7,0,0.00,1022.7,1007.8
2020-11-28T23:00,2.4,0.00,90,0.9,-1.0,0.00,0.00,0.00,3,97,70,0,90,10.0,85,75,21.3,22.0,0,0.00,1023.0,1008.2
2020-11-29T00:00,2.7,0.00,87,0.8,-1.0,0.00,0.00,0.00,3,100,73,0,100,11.8,84,78,22.4,25.2,0,0.00,1023.2,1008.4
2020-11-29T01:00,2.5,0.00,83,-0.2,-1.5,0.00,0.00,0.00,3,93,79,0,84,12.3,87,83,22.0,25.9,0,0.00,1023.4,1008.6
2020-11-29T02:00,1.9,0.00,82,-0.8,-2.4,0.00,0.00,0.00,3,98,72,0,93,14.1,87,84,24.2,29.5,0,0.00,1023.5,1008.6
2020-11-29T03:00,1.4,0.00,83,-1.2,-2.9,0.00,0.00,0.00,3,96,39,0,93,13.5,86,81,22.4,31.0,0,0.00,1024.0,1009.1
2020-11-29T04:00,1.3,0.00,83,-1.2,-2.6,0.00,0.00,0.00,3,92,28,0,91,10.5,83,74,18.8,28.8,0,0.00,1024.1,1009.2
2020-11-29T05:00,1.2,0.00,84,-1.2,-2.6,0.00,0.00,0.00,3,92,42,0,87,10.2,80,67,18.6,22.7,0,0.00,1024.0,1009.1
2020-11-29T06:00,1.1,0.00,82,-1.7,-3.0,0.00,0.00,0.00,3,86,37,0,79,12.1,80,73,20.8,25.6,0,0.00,1024.2,1009.3
2020-11-29T07:00,0.7,0.00,81,-2.2,-3.7,0.00,0.00,0.00,3,92,22,0,90,13.1,80,74,22.0,27.7,0,0.00,1024.5,1009.5
2020-11-29T08:00,0.5,0.00,80,-2.6,-3.9,0.00,0.00,0.00,3,92,0,0,92,13.3,82,77,21.1,28.4,1,0.00,1025.0,1010.0
2020-11-29T09:00,0.7,0.00,77,-2.9,-3.8,0.00,0.00,0.00,3,95,0,0,95,13.0,89,85,20.2,28.4,1,0.00,1025.8,1010.8
2020-11-29T10:00,1.0,0.00,74,-3.0,-3.4,0.00,0.00,0.00,3,87,0,0,87,12.6,90,88,18.4,28.8,1,0.00,1026.2,1011.2
2020-11-29T11:00,1.8,0.00,70,-3.1,-2.5,0.00,0.00,0.00,3,80,0,0,80,11.6,88,85,16.6,28.4,1,3600.00,1026.3,1011.4
2020-11-29T12:00,2.7,0.00,66,-3.1,-1.5,0.00,0.00,0.00,0,17,0,0,17,10.8,89,88,15.5,27.4,1,3600.00,1026.0,1011.1
2020-11-29T13:00,2.4,0.00,68,-2.9,-1.5,0.00,0.00,0.00,0,6,0,0,93,9.4,88,88,13.0,25.9,1,3600.00,1026.0,1011.1
2020-11-29T14:00,2.9,0.00,66,-2.8,-0.8,0.00,0.00,0.00,2,69,0,0,69,8.3,90,88,11.9,22.7,1,3600.00,1025.8,1011.0
2020-11-29T15:00,3.1,0.00,66,-2.5,-0.5,0.00,0.00,0.00,2,55,0,0,55,7.6,92,90,11.5,20.2,1,3600.00,1025.5,1010.7
2020-11-29T16:00,2.3,0.00,74,-1.8,-0.7,0.00,0.00,0.00,1,48,0,0,48,4.2,80,59,10.6,16.9,1,3087.46,1025.7,1010.8
2020-11-29T17:00,0.7,0.00,81,-2.2,-2.5,0.00,0.00,0.00,1,43,0,0,43,4.7,64,32,9.2,9.4,0,0.00,1026.0,1011.0
2020-11-29T18:00,0.4,0.00,83,-2.1,-2.7,0.00,0.00,0.00,2,50,0,0,50,4.6,70,39,11.5,9.7,0,0.00,1026.3,1011.3
2020-11-29T19:00,0.8,0.00,81,-2.1,-2.4,0.00,0.00,0.00,2,62,0,0,62,5.5,83,58,14.9,11.9,0,0.00,1026.8,1011.8
2020-11-29T20:00,1.0,0.00,80,-2.1,-2.4,0.00,0.00,0.00,2,70,0,0,70,6.1,87,62,15.1,13.0,0,0.00,1026.9,1011.9
2020-11-29T21:00,0.7,0.00,81,-2.3,-2.8,0.00,0.00,0.00,2,59,0,0,59,6.6,89,68,15.8,14.0,0,0.00,1027.1,1012.1
2020-11-29T22:00,0.3,0.00,81,-2.5,-3.2,0.00,0.00,0.00,1,29,0,0,29,6.8,89,65,15.8,14.4,0,0.00,1027.0,1012.0
2020-11-29T23:00,-0.7,0.00,85,-2.8,-4.2,0.00,0.00,0.00,0,11,0,0,11,6.8,80,58,15.0,14.0,0,0.00,1027.3,1012.2
2020-11-30T00:00,-1.3,0.00,86,-3.3,-4.9,0.00,0.00,0.00,0,3,0,0,3,7.0,88,78,16.9,14.8,0,0.00,1027.5,1012.4
2020-11-30T01:00,-0.6,0.00,87,-2.4,-4.1,0.00,0.00,0.00,0,1,0,0,13,6.9,99,99,17.5,15.1,0,0.00,1027.4,1012.3
2020-11-30T02:00,-1.6,0.00,88,-3.3,-5.2,0.00,0.00,0.00,0,6,0,0,6,6.6,104,99,16.3,14.8,0,0.00,1027.5,1012.4
2020-11-30T03:00,-2.2,0.00,89,-3.8,-5.8,0.00,0.00,0.00,0,3,0,0,3,6.5,100,93,16.5,14.0,0,0.00,1027.5,1012.3
2020-11-30T04:00,-2.7,0.00,89,-4.2,-6.3,0.00,0.00,0.00,0,2,0,0,2,6.2,102,97,15.8,13.7,0,0.00,1027.5,1012.3
2020-11-30T05:00,-3.0,0.00,89,-4.5,-6.6,0.00,0.00,0.00,0,1,0,0,1,5.8,104,97,14.8,13.0,0,0.00,1027.6,1012.4
2020-11-30T06:00,-3.7,0.00,90,-5.1,-7.3,0.00,0.00,0.00,0,1,0,0,1,5.1,101,94,11.4,11.5,0,0.00,1027.9,1012.7
2020-11-30T07:00,-3.8,0.00,91,-5.1,-7.3,0.00,0.00,0.00,0,1,0,0,1,4.5,109,104,11.0,9.4,0,0.00,1027.9,1012.7
2020-11-30T08:00,-3.9,0.00,91,-5.2,-7.3,0.00,0.00,0.00,0,1,0,0,1,4.5,111,104,11.2,9.0,1,0.00,1028.0,1012.7
2020-11-30T09:00,-2.2,0.00,85,-4.4,-5.8,0.00,0.00,0.00,0,0,0,0,0,6.4,113,106,12.1,13.3,1,1365.77,1028.4,1013.2
2020-11-30T10:00,-0.3,0.00,75,-4.1,-3.5,0.00,0.00,0.00,0,0,0,0,0,3.7,118,119,6.9,13.3,1,3600.00,1028.4,1013.3
2020-11-30T11:00,1.1,0.00,76,-2.6,-1.5,0.00,0.00,0.00,0,0,0,0,0,1.1,143,180,1.8,12.6,1,3600.00,1028.6,1013.6
2020-11-30T12:00,1.9,0.00,75,-2.0,-0.8,0.00,0.00,0.00,0,0,0,0,0,1.9,180,202,2.5,10.4,1,3600.00,1028.0,1013.1
2020-11-30T13:00,1.6,0.00,70,-3.2,-2.1,0.00,0.00,0.00,0,0,0,0,1,7.7,188,191,9.8,14.8,1,3600.00,1027.6,1012.7
2020-11-30T14:00,1.5,0.00,72,-3.0,-2.2,0.00,0.00,0.00,0,1,0,0,1,7.9,201,204,10.8,21.2,1,3600.00,1026.9,1012.0
2020-11-30T15:00,0.9,0.00,77,-2.7,-2.7,0.00,0.00,0.00,0,2,0,0,2,7.4,210,209,10.8,20.2,1,3600.00,1026.4,1011.4
2020-11-30T16:00,-1.2,0.00,88,-3.0,-4.7,0.00,0.00,0.00,0,0,0,0,0,6.5,195,183,15.6,16.9,1,3044.24,1026.1,1011.0
2020-11-30T17:00,-1.9,0.00,87,-3.7,-5.8,0.00,0.00,0.00,0,14,0,14,0,8.7,195,175,21.2,18.0,0,0.00,1025.6,1010.5
2020-11-30T18:00,-2.0,0.00,88,-3.7,-5.9,0.00,0.00,0.00,1,30,0,30,19,8.9,217,201,22.6,19.1,0,0.00,1025.6,1010.5
2020-11-30T19:00,-1.6,0.00,89,-3.2,-5.7,0.00,0.00,0.00,3,84,0,61,81,10.2,213,198,23.2,22.3,0,0.00,1025.3,1010.2
2020-11-30T20:00,-1.1,0.00,87,-3.0,-5.4,0.00,0.00,0.00,1,45,0,43,10,11.6,217,206,23.4,25.2,0,0.00,1024.5,1009.5
2020-11-30T21:00,-1.3,0.00,88,-3.1,-5.6,0.00,0.00,0.00,3,100,98,52,100,11.4,219,208,24.6,25.6,0,0.00,1023.7,1008.7
2020-11-30T22:00,-0.3,0.00,83,-2.9,-4.7,0.00,0.00,0.00,3,100,100,100,100,12.2,218,208,23.8,27.7,0,0.00,1023.1,1008.1
2020-11-30T23:00,0.2,0.50,84,-2.2,-4.1,0.10,0.00,0.28,73,100,100,100,93,12.8,214,202,23.9,27.7,0,0.00,1022.4,1007.5
2020-12-01T00:00,0.3,0.90,87,-1.5,-4.2,0.00,0.00,0.63,73,100,100,100,81,15.0,215,207,27.4,32.8,0,0.00,1021.5,1006.6
2020-12-01T01:00,0.2,0.90,91,-1.2,-4.3,0.00,0.01,0.63,73,100,93,100,57,15.1,212,205,27.2,33.8,0,0.00,1020.6,1005.7
2020-12-01T02:00,0.3,0.70,91,-1.0,-4.1,0.00,0.01,0.49,73,100,78,100,73,14.7,214,208,25.7,33.8,0,0.00,1019.8,1004.9
2020-12-01T03:00,0.4,1.20,93,-0.6,-3.8,0.10,0.02,0.77,73,100,92,100,96,13.8,219,213,25.1,32.4,0,0.00,1019.0,1004.1
2020-12-01T04:00,0.6,1.50,94,-0.3,-3.6,0.00,0.02,1.05,75,99,31,99,94,13.9,223,217,25.5,30.6,0,0.00,1017.9,1003.0
2020-12-01T05:00,0.6,1.50,95,-0.0,-3.6,0.00,0.03,1.05,75,100,58,100,100,14.1,223,218,26.5,31.3,0,0.00,1017.2,1002.4
2020-12-01T06:00,0.7,1.30,95,0.0,-3.3,0.00,0.04,0.91,75,100,3,87,100,13.2,221,215,25.0,31.3,0,0.00,1016.7,1001.9
2020-12-01T07:00,0.8,0.50,96,0.2,-3.3,0.00,0.04,0.35,73,100,0,89,100,13.2,222,215,25.5,28.8,0,0.00,1016.6,1001.8
2020-12-01T08:00,0.9,0.40,97,0.4,-3.0,0.10,0.04,0.21,73,100,0,90,100,12.6,223,217,24.0,28.4,0,0.00,1016.2,1001.4
2020-12-01T09:00,1.0,0.30,97,0.5,-2.8,0.10,0.05,0.14,71,100,1,77,100,11.9,222,215,22.7,26.3,1,0.00,1016.4,1001.6
2020-12-01T10:00,1.5,0.10,94,0.6,-2.3,0.00,0.05,0.07,71,100,1,64,100,11.8,224,218,21.6,25.2,1,0.00,1016.3,1001.5
2020-12-01T11:00,1.9,0.00,93,0.8,-1.6,0.00,0.05,0.00,3,100,0,96,100,10.4,220,214,18.4,23.8,1,0.00,1016.4,1001.6
2020-12-01T12:00,2.1,0.00,92,1.0,-1.4,0.00,0.05,0.00,3,100,0,99,100,10.6,211,208,16.8,22.7,1,0.00,1016.3,1001.5
2020-12-01T13:00,1.5,0.00,97,1.1,-1.6,0.00,0.05,0.00,3,100,0,95,100,7.7,225,221,11.7,22.0,1,0.00,1016.8,1002.0
2020-12-01T14:00,1.4,0.20,97,1.0,-1.3,0.20,0.04,0.00,51,100,0,38,100,4.8,223,207,7.9,16.2,1,0.00,1016.7,1001.9
2020-12-01T15:00,1.7,0.00,95,1.1,-1.1,0.00,0.04,0.00,3,100,0,50,100,5.8,188,184,8.0,13.0,1,0.00,1017.0,1002.2
2020-12-01T16:00,1.2,0.00,99,1.0,-1.1,0.00,0.04,0.00,3,100,0,49,100,2.2,201,171,5.0,13.0,1,0.00,1017.3,1002.5
2020-12-01T17:00,1.0,0.00,98,0.7,-1.7,0.00,0.04,0.00,3,100,0,13,100,4.6,145,129,7.0,8.6,0,0.00,1017.7,1002.9
2020-12-01T18:00,0.9,0.00,99,0.8,-2.0,0.00,0.04,0.00,3,100,0,17,100,6.1,151,135,11.1,12.2,0,0.00,1018.2,1003.4
2020-12-01T19:00,0.9,0.00,99,0.7,-1.8,0.00,0.04,0.00,3,100,0,72,100,4.5,149,119,9.2,12.2,0,0.00,1018.6,1003.7
2020-12-01T20:00,0.9,0.00,99,0.7,-1.8,0.00,0.04,0.00,3,100,1,6,100,4.3,114,90,7.1,9.4,0,0.00,1018.6,1003.7
2020-12-01T21:00,0.8,0.00,98,0.5,-1.8,0.00,0.04,0.00,3,100,10,11,100,3.6,102,84,7.0,9.0,0,0.00,1019.0,1004.1
2020-12-01T22:00,1.0,0.00,97,0.5,-1.8,0.00,0.04,0.00,3,94,10,42,93,4.7,85,81,8.7,9.7,0,0.00,1019.3,1004.4
2020-12-01T23:00,1.0,0.00,95,0.4,-1.6,0.00,0.04,0.00,3,100,43,69,100,4.0,72,63,10.6,10.1,0,0.00,1019.4,1004.5
2020-12-02T00:00,1.1,0.00,95,0.4,-1.4,0.00,0.04,0.00,3,98,35,95,97,3.3,61,41,9.5,8.6,0,0.00,1019.7,1004.8
2020-12-02T01:00,0.8,0.00,96,0.2,-2.1,0.00,0.04,0.00,3,90,0,2,93,5.0,70,60,10.7,8.6,0,0.00,1019.7,1004.8
2020-12-02T02:00,1.0,0.00,93,0.1,-1.9,0.00,0.04,0.00,2,52,0,4,51,5.6,78,63,14.3,12.2,0,0.00,1019.8,1004.9
2020-12-02T03:00,0.5,0.00,93,-0.5,-2.8,0.00,0.04,0.00,2,68,0,8,66,7.1,67,49,16.8,15.1,0,0.00,1019.8,1004.9
2020-12-02T04:00,0.6,0.00,92,-0.5,-2.8,0.00,0.04,0.00,3,83,0,13,83,8.4,64,50,18.4,17.6,0,0.00,1019.5,1004.6
2020-12-02T05:00,0.4,0.00,92,-0.7,-3.2,0.00,0.04,0.00,3,86,0,6,86,9.4,64,58,20.8,19.4,0,0.00,1019.4,1004.5
2020-12-02T06:00,0.9,0.00,91,-0.4,-2.9,0.00,0.04,0.00,3,96,0,5,96,10.8,74,69,21.8,22.7,0,0.00,1019.3,1004.4
2020-12-02T07:00,0.8,0.00,91,-0.5,-2.9,0.00,0.04,0.00,3,99,0,1,99,10.1,80,73,20.8,22.7,0,0.00,1019.3,1004.4
2020-12-02T08:00,0.7,0.00,91,-0.5,-3.0,0.00,0.04,0.00,3,86,0,0,86,10.2,81,72,20.8,21.2,0,0.00,1019.1,1004.2
2020-12-02T09:00,1.1,0.00,89,-0.5,-2.5,0.00,0.04,0.00,2,79,0,0,79,9.7,77,63,18.5,20.9,1,149.40,1019.1,1004.2
2020-12-02T10:00,2.0,0.00,86,-0.1,-1.2,0.00,0.04,0.00,2,67,0,0,67,7.6,77,65,14.4,19.1,1,3600.00,1018.6,1003.8
2020-12-02T11:00,3.2,0.00,81,0.2,0.4,0.00,0.04,0.00,2,63,3,0,63,4.7,93,86,7.6,16.2,1,3600.00,1018.3,1003.6
2020-12-02T12:00,3.8,0.00,78,0.4,1.5,0.00,0.04,0.00,2,65,1,0,65,1.8,76,53,3.0,13.0,1,3600.00,1017.3,1002.6
2020-12-02T13:00,2.8,0.00,76,-1.1,-0.2,0.00,0.04,0.00,3,100,0,0,100,4.4,79,81,5.9,11.5,1,3600.00,1017.2,1002.5
2020-12-02T14:00,2.7,0.00,76,-1.1,-0.3,0.00,0.04,0.00,3,100,0,0,100,4.8,81,77,6.6,11.9,1,0.00,1016.6,1001.9
2020-12-02T15:00,2.7,0.00,75,-1.2,-0.3,0.00,0.04,0.00,3,100,0,0,100,4.7,84,81,6.5,12.2,1,0.00,1016.2,1001.5
2020-12-02T16:00,2.3,0.00,86,0.2,-0.0,0.00,0.04,0.00,3,97,0,0,97,1.6,66,27,3.5,10.8,1,0.00,1016.0,1001.3
2020-12-02T17:00,1.7,0.00,86,-0.4,-0.9,0.00,0.04,0.00,3,100,0,0,100,2.6,360,344,4.0,4.7,0,0.00,1015.8,1001.0
2020-12-02T18:00,1.2,0.00,91,-0.1,-1.4,0.00,0.04,0.00,3,100,0,0,100,3.1,23,21,4.7,5.4,0,0.00,1015.6,1000.8
2020-12-02T19:00,1.1,0.00,92,-0.1,-1.5,0.00,0.04,0.00,3,100,0,0,100,3.1,73,54,4.9,5.0,0,0.00,1015.3,1000.5
2020-12-02T20:00,1.1,0.00,87,-0.7,-1.5,0.00,0.04,0.00,3,100,0,0,100,2.6,103,106,6.3,5.0,0,0.00,1015.4,1000.6
2020-12-02T21:00,0.9,0.00,85,-1.3,-2.2,0.00,0.04,0.00,3,100,0,0,100,5.2,124,124,8.3,10.1,0,0.00,1015.4,1000.6
2020-12-02T22:00,0.7,0.00,85,-1.6,-2.4,0.00,0.04,0.00,3,100,0,0,100,4.5,122,119,6.8,10.1,0,0.00,1015.1,1000.3
2020-12-02T23:00,0.4,0.00,85,-1.8,-2.9,0.00,0.04,0.00,3,99,0,0,99,6.3,120,114,10.8,12.6,0,0.00,1014.7,999.9
2020-12-03T00:00,0.0,0.00,85,-2.2,-3.4,0.00,0.04,0.00,3,93,0,0,93,6.8,120,108,12.1,14.4,0,0.00,1014.3,999.5
2020-12-03T01:00,0.1,0.00,86,-2.0,-3.1,0.00,0.04,0.00,3,96,0,0,93,5.4,168,132,8.8,13.3,0,0.00,1014.3,999.5
2020-12-03T02:00,0.4,0.00,88,-1.3,-2.6,0.00,0.04,0.00,3,95,0,0,95,4.7,218,184,11.0,10.8,0,0.00,1013.5,998.7
2020-12-03T03:00,0.8,0.00,91,-0.5,-2.3,0.00,0.04,0.00,3,95,0,0,95,6.0,219,205,12.5,13.0,0,0.00,1012.5,997.7
2020-12-03T04:00,0.8,0.00,92,-0.3,-2.3,0.00,0.04,0.00,3,97,0,0,97,6.2,209,190,11.9,13.0,0,0.00,1011.6,996.8
2020-12-03T05:00,1.0,0.00,92,-0.2,-2.4,0.00,0.04,0.00,3,99,0,0,99,8.0,189,172,14.6,16.2,0,0.00,1011.4,996.7
2020-12-03T06:00,1.1,0.00,91,-0.2,-2.3,0.00,0.04,0.00,3,100,0,18,100,8.4,189,173,15.3,18.4,0,0.00,1011.1,996.4
2020-12-03T07:00,1.2,0.00,90,-0.3,-2.3,0.00,0.04,0.00,3,100,24,57,100,8.6,193,178,15.9,18.4,0,0.00,1010.1,995.4
2020-12-03T08:00,1.3,0.00,89,-0.4,-2.2,0.00,0.04,0.00,3,100,85,53,100,8.8,189,171,16.8,19.1,0,0.00,1009.6,994.9
2020-12-03T09:00,1.6,0.00,86,-0.5,-2.0,0.00,0.04,0.00,3,100,96,42,98,9.2,185,169,17.3,19.8,1,0.00,1009.2,994.5
2020-12-03T10:00,2.1,0.00,83,-0.4,-1.5,0.00,0.04,0.00,3,97,38,32,96,9.7,173,158,17.1,20.9,1,0.00,1008.3,993.7
2020-12-03T11:00,2.8,0.00,78,-0.7,-0.7,0.00,0.04,0.00,3,82,8,22,80,8.7,158,150,13.6,20.5,1,102.18,1007.5,992.9
2020-12-03T12:00,3.5,0.00,73,-0.9,-0.1,0.00,0.04,0.00,3,84,0,29,83,8.8,173,171,12.3,21.2,1,1567.93,1006.5,992.0
2020-12-03T13:00,3.3,0.00,77,-0.3,-0.4,0.00,0.04,0.00,3,97,0,29,89,10.5,153,149,15.0,20.5,1,3600.00,1005.5,991.0
2020-12-03T14:00,3.8,0.00,75,-0.2,-0.1,0.00,0.04,0.00,3,84,0,25,84,11.5,151,148,17.2,25.2,1,852.64,1004.1,989.6
2020-12-03T15:00,3.9,0.00,76,0.0,0.3,0.00,0.04,0.00,2,76,0,58,73,10.2,144,138,17.0,24.8,1,0.00,1003.0,988.5
2020-12-03T16:00,3.7,0.00,76,-0.1,-0.1,0.00,0.04,0.00,2,79,1,73,59,10.9,141,134,21.0,22.7,1,1353.67,1002.1,987.6
2020-12-03T17:00,3.1,0.00,76,-0.7,-1.4,0.00,0.04,0.00,2,51,5,32,42,15.2,133,126,28.8,30.6,0,0.00,1001.1,986.6
2020-12-03T18:00,2.4,0.00,77,-1.2,-2.3,0.00,0.04,0.00,3,99,98,64,81,16.3,143,133,31.6,33.8,0,0.00,1000.1,985.6
2020-12-03T19:00,2.1,0.00,73,-2.1,-2.7,0.00,0.04,0.00,3,100,100,32,42,16.6,138,129,31.4,34.6,0,0.00,998.9,984.4
2020-12-03T20:00,1.7,0.00,74,-2.5,-3.4,0.00,0.04,0.00,3,100,100,21,21,17.8,131,122,33.2,36.7,0,0.00,997.5,983.0
2020-12-03T21:00,1.2,0.00,74,-2.9,-4.1,0.00,0.04,0.00,3,99,99,32,5,19.2,128,120,35.6,40.0,0,0.00,996.3,981.8
2020-12-03T22:00,1.1,0.00,73,-3.2,-4.2,0.00,0.04,0.00,3,100,99,91,6,18.8,129,122,34.8,41.0,0,0.00,995.6,981.1
2020-12-03T23:00,1.7,0.00,70,-3.2,-3.6,0.00,0.04,0.00,3,100,100,100,0,18.8,128,119,33.8,39.6,0,0.00,994.6,980.1
2020-12-04T00:00,1.6,0.00,70,-3.3,-3.6,0.00,0.04,0.00,3,100,99,100,0,18.2,128,117,33.8,38.9,0,0.00,993.5,979.1
2020-12-04T01:00,2.2,0.10,72,-2.3,-3.4,0.10,0.04,0.00,51,100,100,100,1,21.0,126,121,38.2,43.6,0,0.00,992.8,978.4
2020-12-04T02:00,2.5,0.20,71,-2.2,-3.1,0.20,0.04,0.00,51,100,100,100,4,21.5,129,121,38.4,44.3,0,0.00,991.9,977.5
2020-12-04T03:00,2.8,0.00,68,-2.5,-2.8,0.00,0.04,0.00,3,100,100,99,0,21.2,130,125,37.6,46.4,0,0.00,991.2,976.8
2020-12-04T04:00,2.7,0.10,68,-2.6,-2.5,0.10,0.04,0.00,51,100,100,100,6,18.5,134,123,34.1,45.0,0,0.00,990.9,976.5
2020-12-04T05:00,3.0,0.40,70,-1.9,-2.1,0.40,0.04,0.00,51,100,100,100,0,18.6,133,122,34.4,38.5,0,0.00,990.3,976.0
2020-12-04T06:00,3.0,0.60,80,-0.2,-1.7,0.60,0.04,0.00,53,100,100,100,0,17.4,137,120,32.9,38.9,0,0.00,990.2,975.9
2020-12-04T07:00,3.1,0.40,82,0.2,-1.5,0.40,0.04,0.00,51,100,100,100,1,16.9,130,117,32.2,36.7,0,0.00,990.1,975.8
2020-12-04T08:00,3.1,0.10,78,-0.3,-1.4,0.10,0.03,0.00,51,100,42,100,2,15.8,122,114,30.6,35.3,0,0.00,990.4,976.1
2020-12-04T09:00,3.3,0.00,78,-0.2,-1.0,0.00,0.03,0.00,3,100,100,99,1,14.8,119,113,28.8,32.0,1,0.00,990.4,976.1
2020-12-04T10:00,3.7,0.00,77,0.1,-0.5,0.00,0.03,0.00,3,100,99,98,0,14.5,121,117,27.6,30.6,1,0.00,990.5,976.2
2020-12-04T11:00,4.5,0.00,76,0.7,1.0,0.00,0.03,0.00,3,100,100,100,0,10.1,121,117,19.7,29.5,1,0.00,990.6,976.3
2020-12-04T12:00,5.8,0.00,72,1.1,2.9,0.00,0.03,0.00,3,100,100,100,5,6.3,148,149,11.5,21.2,1,2992.49,990.9,976.7
2020-12-04T13:00,4.6,0.30,88,2.9,1.6,0.30,0.03,0.00,51,100,100,100,0,9.3,122,118,18.3,16.2,1,0.00,990.8,976.5
2020-12-04T14:00,5.1,0.10,89,3.5,2.2,0.10,0.03,0.00,51,100,100,98,0,9.4,102,94,14.3,20.2,1,0.00,989.9,975.7
2020-12-04T15:00,5.0,0.00,88,3.2,2.2,0.00,0.03,0.00,3,100,100,100,0,8.3,111,108,14.2,20.5,1,0.00,990.1,975.9
2020-12-04T16:00,4.2,0.10,90,2.7,0.7,0.10,0.03,0.00,51,100,100,100,0,12.3,113,111,23.5,24.8,1,0.00,991.0,976.7
2020-12-04T17:00,3.6,0.10,90,2.1,0.5,0.10,0.03,0.00,51,100,99,98,0,9.5,100,99,19.0,24.8,0,0.00,990.8,976.5
2020-12-04T18:00,3.2,0.10,92,2.1,0.2,0.10,0.03,0.00,51,100,96,99,3,8.3,107,108,17.7,19.1,0,0.00,991.3,977.0
2020-12-04T19:00,2.8,0.10,90,1.4,0.2,0.10,0.03,0.00,51,99,99,33,60,4.5,109,119,12.2,16.9,0,0.00,992.1,977.7
2020-12-04T20:00,1.4,0.00,93,0.4,-1.4,0.00,0.03,0.00,3,97,96,35,36,4.7,108,94,9.4,9.7,0,0.00,992.1,977.7
2020-12-04T21:00,1.3,0.00,92,0.1,-1.7,0.00,0.03,0.00,3,97,96,6,19,6.0,129,107,9.2,12.6,0,0.00,992.4,977.9
2020-12-04T22:00,0.6,0.00,93,-0.4,-2.4,0.00,0.03,0.00,3,95,95,5,1,5.4,121,94,6.3,13.0,0,0.00,991.8,977.3
2020-12-04T23:00,-0.3,0.00,94,-1.2,-3.3,0.00,0.03,0.00,3,96,92,72,0,4.7,115,99,6.0,11.9,0,0.00,992.2,977.7
2020-12-05T00:00,-0.1,0.00,94,-0.9,-3.0,0.00,0.03,0.00,3,99,96,99,0,4.3,107,114,3.8,10.4,0,0.00,992.2,977.7
2020-12-05T01:00,1.4,0.20,92,0.2,-1.2,0.20,0.03,0.00,51,100,100,99,24,3.6,191,135,7.3,7.2,0,0.00,992.8,978.4
2020-12-05T02:00,2.0,0.70,94,1.2,-0.1,0.70,0.03,0.00,53,100,100,100,25,1.1,200,72,4.2,9.4,0,0.00,992.8,978.4
2020-12-05T03:00,2.1,1.20,95,1.5,-0.2,1.20,0.03,0.00,55,100,97,100,100,3.2,242,243,7.7,6.5,0,0.00,993.6,979.2
2020-12-05T04:00,2.6,1.60,96,2.0,-0.6,1.60,0.03,0.00,61,100,97,100,96,9.1,202,189,18.3,18.4,0,0.00,994.8,980.4
2020-12-05T05:00,3.0,1.50,97,2.5,-0.5,1.50,0.03,0.00,61,100,80,100,87,12.1,215,210,23.8,26.6,0,0.00,996.2,981.8
2020-12-05T06:00,3.2,0.80,94,2.4,-0.5,0.80,0.03,0.00,53,100,92,100,36,13.5,230,226,25.0,28.4,0,0.00,997.1,982.7
2020-12-05T07:00,3.0,0.30,95,2.3,-0.1,0.30,0.03,0.00,51,100,100,99,8,9.3,223,216,19.1,28.8,0,0.00,998.2,983.8
2020-12-05T08:00,2.0,0.10,96,1.4,-0.5,0.10,0.03,0.00,51,100,89,98,2,4.0,212,180,13.1,20.5,0,0.00,999.2,984.7
2020-12-05T09:00,2.2,0.00,94,1.4,-0.4,0.00,0.03,0.00,3,100,100,0,0,4.6,204,162,12.2,12.6,1,148.11,999.5,985.0
2020-12-05T10:00,3.2,0.00,93,2.1,0.4,0.00,0.03,0.00,3,100,100,0,1,7.0,185,145,11.6,14.4,1,1206.11,1000.5,986.0
2020-12-05T11:00,4.2,0.00,90,2.6,1.3,0.00,0.03,0.00,3,98,98,1,1,7.9,145,133,12.7,17.3,1,2568.71,1001.1,986.7
2020-12-05T12:00,5.1,0.00,85,2.8,2.5,0.00,0.03,0.00,3,100,100,1,1,6.3,126,121,9.3,19.1,1,3600.00,1000.8,986.4
2020-12-05T13:00,5.2,0.00,88,3.5,2.5,0.00,0.03,0.00,3,100,100,34,100,8.1,134,135,12.0,16.2,1,432.21,1001.9,987.5
2020-12-05T14:00,4.9,0.00,89,3.2,1.8,0.00,0.03,0.00,3,100,100,68,66,10.4,106,104,16.9,22.0,1,0.00,1001.6,987.2
2020-12-05T15:00,4.8,0.00,87,2.9,1.3,0.00,0.03,0.00,3,100,100,79,52,12.6,105,103,22.0,25.6,1,0.00,1001.7,987.3
2020-12-05T16:00,4.5,0.00,87,2.5,1.1,0.00,0.03,0.00,3,100,100,100,17,11.4,102,101,21.0,27.4,1,0.00,1001.6,987.2
2020-12-05T17:00,3.6,0.00,89,1.9,0.2,0.00,0.03,0.00,3,100,100,100,0,10.4,96,92,22.1,23.8,0,0.00,1001.1,986.6
2020-12-05T18:00,3.2,0.00,89,1.5,-0.5,0.00,0.03,0.00,3,100,100,100,0,12.7,102,98,25.4,25.6,0,0.00,1001.5,987.0
2020-12-05T19:00,3.1,0.00,88,1.3,-0.6,0.00,0.03,0.00,3,100,100,100,0,12.4,104,100,25.6,29.9,0,0.00,1001.7,987.2
2020-12-05T20:00,3.0,0.00,88,1.2,-0.4,0.00,0.03,0.00,3,100,100,100,0,10.1,98,90,21.4,26.6,0,0.00,1001.4,986.9
2020-12-05T21:00,3.0,0.10,89,1.3,-0.2,0.10,0.03,0.00,51,100,100,100,0,8.7,100,95,19.8,20.9,0,0.00,1001.4,986.9
2020-12-05T22:00,2.9,0.10,89,1.3,-0.3,0.10,0.03,0.00,51,100,99,100,0,8.6,95,90,19.5,18.7,0,0.00,1000.8,986.3
2020-12-05T23:00,2.6,0.00,90,1.2,-0.3,0.00,0.03,0.00,3,97,97,46,0,6.5,94,90,17.0,18.7,0,0.00,1001.2,986.7
2020-12-06T00:00,2.1,0.00,92,1.0,-0.5,0.00,0.03,0.00,3,100,97,99,26,3.8,68,41,10.5,14.8,0,0.00,1001.4,986.9
2020-12-06T01:00,2.8,0.20,92,1.7,0.1,0.20,0.03,0.00,51,100,100,92,100,5.7,72,72,14.3,9.7,0,0.00,1000.4,985.9
2020-12-06T02:00,3.2,0.30,94,2.3,0.7,0.30,0.03,0.00,51,100,100,98,100,5.1,23,356,9.4,12.2,0,0.00,1000.2,985.7
2020-12-06T03:00,3.3,0.40,94,2.4,1.1,0.40,0.03,0.00,51,100,100,86,100,2.9,43,30,8.9,10.1,0,0.00,1000.4,985.9
2020-12-06T04:00,3.2,0.50,94,2.4,1.3,0.50,0.03,0.00,53,100,99,80,94,1.5,27,284,3.2,6.8,0,0.00,1000.0,985.5
2020-12-06T05:00,2.9,0.40,96,2.3,0.5,0.40,0.03,0.00,51,100,99,89,92,4.4,320,305,8.4,10.4,0,0.00,999.9,985.4
2020-12-06T06:00,2.8,0.30,97,2.4,0.4,0.30,0.03,0.00,51,100,100,100,100,4.6,335,315,10.3,11.2,0,0.00,999.6,985.1
2020-12-06T07:00,2.7,0.60,98,2.4,0.3,0.60,0.03,0.00,53,100,100,84,72,4.6,306,288,9.3,14.8,0,0.00,1000.3,985.8
2020-12-06T08:00,2.5,0.60,98,2.3,0.1,0.50,0.03,0.07,71,100,100,77,92,4.6,317,309,9.4,13.7,0,0.00,1000.4,985.9
2020-12-06T09:00,2.7,0.10,97,2.3,0.2,0.10,0.03,0.00,51,100,94,75,95,5.1,325,309,8.8,11.2,1,0.00,1000.0,985.5
2020-12-06T10:00,3.1,0.00,93,2.2,0.9,0.00,0.03,0.00,3,100,99,80,100,3.0,9,14,4.4,13.0,1,0.00,1000.5,986.0
2020-12-06T11:00,3.4,0.00,93,2.3,1.2,0.00,0.03,0.00,3,100,100,94,100,3.4,241,238,4.5,9.4,1,0.00,1000.6,986.1
2020-12-06T12:00,3.8,0.00,92,2.5,1.0,0.00,0.03,0.00,3,100,100,1,100,7.0,257,258,9.6,17.3,1,0.00,1000.5,986.1
2020-12-06T13:00,3.8,0.00,92,2.7,1.0,0.00,0.03,0.00,3,100,100,99,100,7.7,224,221,10.9,18.7,1,0.00,1000.5,986.1
2020-12-06T14:00,3.5,0.10,97,3.0,0.5,0.10,0.03,0.00,51,100,100,100,100,9.0,245,247,15.1,19.8,1,0.00,999.9,985.5
2020-12-06T15:00,3.7,0.10,97,3.3,1.1,0.10,0.03,0.00,51,100,100,76,94,7.1,248,246,12.4,19.1,1,0.00,999.4,985.0
2020-12-06T16:00,3.8,0.00,97,3.4,1.4,0.00,0.03,0.00,3,100,100,93,63,5.4,268,270,11.5,17.3,1,0.00,999.6,985.2
2020-12-06T17:00,3.6,0.10,98,3.3,1.5,0.10,0.03,0.00,51,100,100,100,100,4.0,217,180,7.2,11.9,0,0.00,1000.4,986.0
2020-12-06T18:00,3.7,0.70,98,3.3,1.2,0.70,0.03,0.00,53,100,100,100,100,6.2,243,234,12.9,12.6,0,0.00,1000.2,985.8
2020-12-06T19:00,3.6,0.60,97,3.2,1.1,0.60,0.03,0.00,53,100,95,100,100,5.8,282,277,12.5,13.0,0,0.00,999.5,985.1
2020-12-06T20:00,3.6,0.30,97,3.1,1.2,0.30,0.03,0.00,51,100,89,97,100,5.4,284,266,11.5,13.0,0,0.00,999.2,984.8
2020-12-06T21:00,3.6,0.30,97,3.1,1.1,0.30,0.03,0.00,51,100,100,100,100,5.9,248,232,11.6,12.2,0,0.00,999.9,985.5
2020-12-06T22:00,3.5,0.60,98,3.1,1.0,0.60,0.03,0.00,53,100,100,100,100,5.8,253,240,12.1,11.9,0,0.00,999.8,985.4
2020-12-06T23:00,3.5,0.70,97,3.1,0.9,0.70,0.03,0.00,53,100,98,100,100,6.8,262,238,13.1,14.0,0,0.00,999.3,984.9
2020-12-07T00:00,3.6,0.70,97,3.1,0.6,0.70,0.03,0.00,53,100,98,100,100,9.4,250,238,17.2,19.1,0,0.00,999.4,985.0
2020-12-07T01:00,3.5,0.70,97,3.0,0.2,0.70,0.03,0.00,53,100,78,99,98,11.2,245,237,19.8,19.4,0,0.00,998.3,983.9
2020-12-07T02:00,3.4,0.20,97,3.0,0.2,0.20,0.03,0.00,51,100,99,100,99,10.7,234,225,18.8,23.8,0,0.00,998.2,983.8
2020-12-07T03:00,3.3,0.30,97,2.8,0.0,0.30,0.03,0.00,51,100,93,100,100,10.9,232,226,19.7,23.8,0,0.00,998.4,984.0
2020-12-07T04:00,3.2,0.30,96,2.7,-0.1,0.30,0.03,0.00,51,100,90,100,100,10.9,224,214,19.6,23.0,0,0.00,998.5,984.1
2020-12-07T05:00,3.0,0.20,97,2.5,-0.7,0.20,0.03,0.00,51,100,94,100,100,13.5,220,214,24.8,28.4,0,0.00,998.8,984.3
2020-12-07T06:00,3.0,0.30,96,2.4,-0.8,0.30,0.03,0.00,51,100,67,100,100,14.2,221,216,25.3,29.9,0,0.00,999.5,985.0
2020-12-07T07:00,2.9,0.20,96,2.4,-0.9,0.20,0.02,0.00,51,100,0,100,100,14.5,225,222,26.0,31.3,0,0.00,1000.1,985.6
2020-12-07T08:00,2.9,0.10,96,2.3,-0.7,0.10,0.02,0.00,51,93,0,80,90,12.7,228,225,23.2,31.0,0,0.00,1000.7,986.2
2020-12-07T09:00,3.0,0.10,96,2.4,-0.4,0.10,0.02,0.00,51,96,0,85,95,11.3,223,217,20.6,27.7,1,0.00,1001.7,987.2
2020-12-07T10:00,3.3,0.10,96,2.6,0.0,0.10,0.02,0.00,51,88,0,76,78,10.6,222,215,19.4,24.5,1,0.00,1002.2,987.7
2020-12-07T11:00,4.1,0.00,92,2.9,0.7,0.00,0.02,0.00,1,44,0,7,42,12.0,222,221,17.1,27.0,1,3600.00,1002.3,987.8
2020-12-07T12:00,4.9,0.00,88,3.1,1.6,0.00,0.02,0.00,2,50,0,0,50,11.1,210,209,15.8,26.6,1,3600.00,1002.2,987.8
2020-12-07T13:00,5.2,0.00,86,3.0,2.3,0.00,0.02,0.00,3,95,0,0,55,8.8,217,215,12.1,25.6,1,3600.00,1002.1,987.7
2020-12-07T14:00,5.5,0.00,81,2.5,2.5,0.00,0.02,0.00,2,53,32,0,48,8.7,210,210,12.4,20.9,1,3600.00,1002.2,987.8
2020-12-07T15:00,5.4,0.00,80,2.2,2.8,0.00,0.02,0.00,3,100,77,2,98,6.1,184,183,9.4,20.2,1,3600.00,1002.5,988.1
2020-12-07T16:00,4.3,0.00,88,2.6,2.1,0.00,0.02,0.00,3,96,91,11,71,3.8,173,139,6.2,13.0,1,368.99,1002.6,988.2
2020-12-07T17:00,3.8,0.00,86,1.8,1.4,0.00,0.02,0.00,3,99,94,55,91,3.9,141,112,7.9,7.9,0,0.00,1002.7,988.2
2020-12-07T18:00,2.7,0.10,90,1.2,0.1,0.10,0.02,0.00,51,91,89,33,6,4.7,115,90,9.5,9.7,0,0.00,1002.8,988.3
2020-12-07T19:00,2.5,0.00,91,1.2,-0.5,0.00,0.02,0.00,2,73,67,16,14,7.2,102,90,16.2,14.4,0,0.00,1002.8,988.3
2020-12-07T20:00,2.8,0.00,91,1.5,-0.6,0.00,0.02,0.00,2,67,51,8,49,10.5,102,94,23.2,21.2,0,0.00,1002.9,988.4
2020-12-07T21:00,2.6,0.00,91,1.3,-1.0,0.00,0.02,0.00,2,57,34,27,36,11.4,106,101,23.2,23.8,0,0.00,1003.2,988.7
2020-12-07T22:00,1.9,0.00,91,0.7,-1.7,0.00,0.02,0.00,0,12,0,2,11,11.3,104,97,22.6,23.8,0,0.00,1003.0,988.4
2020-12-07T23:00,0.9,0.00,92,-0.2,-2.9,0.00,0.02,0.00,0,17,15,3,1,11.6,102,97,24.3,24.1,0,0.00,1002.8,988.2
2020-12-08T00:00,0.6,0.00,91,-0.7,-3.5,0.00,0.02,0.00,0,0,0,0,0,12.4,104,98,25.9,25.6,0,0.00,1002.8,988.2
2020-12-08T01:00,0.7,0.00,91,-0.6,-3.5,0.00,0.02,0.00,0,1,24,0,2,13.4,103,95,26.2,26.3,0,0.00,1002.9,988.3
2020-12-08T02:00,0.8,0.00,90,-0.6,-3.3,0.00,0.02,0.00,1,42,42,0,0,12.3,101,97,26.8,27.4,0,0.00,1002.4,987.8
2020-12-08T03:00,0.7,0.00,91,-0.7,-3.3,0.00,0.02,0.00,1,41,9,40,0,11.8,104,102,26.0,26.3,0,0.00,1002.4,987.8
2020-12-08T04:00,0.4,0.00,91,-0.9,-3.5,0.00,0.02,0.00,3,89,66,81,0,11.3,107,107,25.3,25.2,0,0.00,1002.4,987.8
2020-12-08T05:00,0.5,0.00,91,-0.8,-3.6,0.00,0.02,0.00,3,89,16,89,0,12.4,100,100,26.0,25.6,0,0.00,1002.1,987.5
2020-12-08T06:00,0.8,0.00,91,-0.6,-3.2,0.00,0.02,0.00,3,87,61,75,0,12.1,99,100,25.2,27.0,0,0.00,1002.0,987.4
2020-12-08T07:00,0.4,0.00,91,-0.9,-2.9,0.00,0.02,0.00,3,89,58,78,0,6.9,99,99,18.9,25.2,0,0.00,1002.4,987.8
2020-12-08T08:00,-0.5,0.00,92,-1.7,-3.8,0.00,0.02,0.00,3,99,97,81,0,5.8,98,94,17.5,15.8,0,0.00,1002.8,988.1
2020-12-08T09:00,0.4,0.00,91,-0.9,-2.8,0.00,0.02,0.00,3,98,98,36,3,6.7,106,106,16.9,14.4,1,0.00,1003.3,988.6
2020-12-08T10:00,1.3,0.00,89,-0.3,-2.2,0.00,0.02,0.00,2,74,73,1,4,9.0,94,90,18.4,18.7,1,0.00,1003.1,988.5
2020-12-08T11:00,2.7,0.00,84,0.3,-0.3,0.00,0.02,0.00,3,84,83,10,3,6.1,92,90,9.4,19.4,1,3600.00,1003.3,988.8
2020-12-08T12:00,3.4,0.00,81,0.5,0.3,0.00,0.02,0.00,0,7,4,2,4,7.0,103,102,10.0,18.0,1,3600.00,1003.4,988.9
2020-12-08T13:00,4.6,0.00,79,1.3,1.9,0.00,0.02,0.00,0,4,0,0,2,5.8,82,83,8.0,18.0,1,3600.00,1002.9,988.5
2020-12-08T14:00,5.3,0.00,76,1.4,2.8,0.00,0.02,0.00,0,9,0,7,4,3.9,72,68,5.7,16.6,1,3600.00,1002.7,988.3
2020-12-08T15:00,5.3,0.00,77,1.6,3.1,0.00,0.02,0.00,2,70,67,9,3,1.9,36,22,3.1,11.5,1,3600.00,1002.8,988.4
2020-12-08T16:00,2.3,0.00,90,0.8,-0.8,0.00,0.02,0.00,3,93,93,5,2,7.0,343,325,7.5,9.0,1,2814.43,1003.2,988.6
2020-12-08T17:00,3.1,0.00,86,1.0,0.4,0.00,0.02,0.00,3,99,99,0,3,4.8,7,13,6.2,10.4,0,0.00,1004.0,989.5
2020-12-08T18:00,-0.2,0.00,94,-1.0,-3.4,0.00,0.02,0.00,3,100,100,1,3,5.9,18,11,5.7,9.0,0,0.00,1004.4,989.7
2020-12-08T19:00,-0.1,0.00,94,-0.9,-3.2,0.00,0.02,0.00,3,100,100,21,3,5.6,15,15,7.1,9.0,0,0.00,1004.8,990.1
2020-12-08T20:00,-0.5,0.00,94,-1.4,-3.8,0.00,0.02,0.00,3,100,100,27,1,6.6,25,22,6.8,9.0,0,0.00,1005.0,990.3
2020-12-08T21:00,1.1,0.00,89,-0.5,-1.5,0.00,0.02,0.00,3,100,100,54,1,2.3,352,18,2.5,9.4,0,0.00,1005.5,990.8
2020-12-08T22:00,1.0,0.00,90,-0.5,-1.8,0.00,0.02,0.00,3,100,100,96,0,3.9,312,304,5.4,5.4,0,0.00,1005.6,990.9
2020-12-08T23:00,-0.8,0.00,95,-1.5,-4.0,0.00,0.02,0.00,3,100,100,97,0,5.8,304,270,7.8,8.3,0,0.00,1006.2,991.4
2020-12-09T00:00,-0.4,0.00,97,-0.8,-3.1,0.00,0.02,0.00,3,100,99,99,5,3.5,294,246,7.9,8.3,0,0.00,1006.9,992.1
2020-12-09T01:00,-0.1,0.00,99,-0.2,-2.9,0.00,0.02,0.00,3,100,96,100,65,4.3,294,275,8.7,7.6,0,0.00,1007.2,992.5
2020-12-09T02:00,0.2,0.00,99,0.1,-2.2,0.00,0.02,0.00,3,100,99,100,43,1.8,275,180,4.0,8.3,0,0.00,1007.8,993.1
2020-12-09T03:00,0.6,0.20,99,0.4,-2.0,0.00,0.02,0.14,71,100,98,100,63,3.5,280,246,6.2,6.8,0,0.00,1008.0,993.3
2020-12-09T04:00,0.5,0.30,99,0.4,-2.0,0.00,0.02,0.21,73,100,70,100,100,3.3,266,229,5.4,8.6,0,0.00,1008.1,993.4
2020-12-09T05:00,0.5,0.20,99,0.4,-2.4,0.00,0.02,0.14,71,100,50,100,100,5.3,225,208,9.2,10.4,0,0.00,1008.8,994.1
2020-12-09T06:00,0.7,0.20,99,0.5,-2.0,0.10,0.02,0.07,71,100,29,100,73,4.1,242,232,9.8,10.8,0,0.00,1009.3,994.6
2020-12-09T07:00,0.8,0.10,99,0.6,-2.0,0.00,0.02,0.07,71,100,92,99,82,4.7,266,261,11.2,10.1,0,0.00,1009.2,994.5
2020-12-09T08:00,0.3,0.00,99,0.2,-2.4,0.00,0.02,0.00,3,89,63,13,76,4.3,295,270,8.4,10.1,0,0.00,1009.5,994.7
2020-12-09T09:00,0.9,0.00,98,0.6,-1.6,0.00,0.02,0.00,3,99,95,65,86,3.1,285,216,5.6,7.6,1,0.00,1010.5,995.8
2020-12-09T10:00,1.6,0.00,95,0.9,-0.9,0.00,0.02,0.00,3,100,96,72,100,3.6,278,264,5.1,9.7,1,603.09,1011.0,996.3
2020-12-09T11:00,2.0,0.00,94,1.1,-1.1,0.00,0.02,0.00,3,100,92,52,100,7.2,302,297,10.2,16.6,1,0.00,1010.8,996.1
2020-12-09T12:00,2.8,0.00,90,1.3,-0.2,0.00,0.02,0.00,3,100,78,0,100,7.4,318,317,10.2,20.2,1,888.94,1010.5,995.9
2020-12-09T13:00,3.3,0.00,87,1.3,0.1,0.00,0.02,0.00,3,100,100,99,100,8.6,328,327,12.3,19.8,1,284.63,1010.6,996.0
2020-12-09T14:00,3.5,0.00,85,1.3,0.6,0.00,0.02,0.00,3,100,100,96,100,6.8,331,328,9.5,19.4,1,0.00,1010.5,995.9
2020-12-09T15:00,3.6,0.00,84,1.2,0.9,0.00,0.02,0.00,3,100,100,100,99,5.4,317,312,7.9,15.8,1,0.00,1010.9,996.3
2020-12-09T16:00,3.2,0.30,88,1.4,0.6,0.30,0.02,0.00,51,100,100,100,98,4.7,335,337,8.4,12.6,1,0.00,1011.1,996.5
2020-12-09T17:00,2.8,0.30,91,1.4,0.3,0.30,0.02,0.00,51,100,90,100,92,3.7,344,349,7.9,11.2,0,0.00,1011.0,996.4
2020-12-09T18:00,2.7,0.20,90,1.2,0.5,0.20,0.02,0.00,51,100,93,100,93,1.8,322,233,4.1,8.6,0,0.00,1011.1,996.5
2020-12-09T19:00,2.3,0.20,96,1.7,0.1,0.20,0.02,0.00,51,100,94,100,91,2.1,279,211,4.4,4.3,0,0.00,1011.0,996.3
2020-12-09T20:00,2.3,0.10,95,1.6,-0.3,0.10,0.02,0.00,51,100,90,100,98,4.7,266,247,9.7,9.0,0,0.00,1011.3,996.6
2020-12-09T21:00,1.7,0.10,95,1.1,-1.4,0.10,0.02,0.00,51,100,0,100,99,8.1,262,257,13.1,18.0,0,0.00,1011.8,997.1
2020-12-09T22:00,1.1,0.10,94,0.3,-2.1,0.00,0.02,0.07,71,100,0,100,98,7.1,252,246,11.4,17.6,0,0.00,1012.1,997.4
2020-12-09T23:00,0.8,0.10,94,-0.0,-2.1,0.00,0.02,0.07,71,100,0,100,97,5.7,244,235,9.2,15.1,0,0.00,1012.2,997.4
2020-12-10T00:00,0.7,0.10,94,-0.1,-2.1,0.00,0.02,0.07,71,100,0,100,92,4.9,223,216,7.9,11.9,0,0.00,1011.9,997.1
2020-12-10T01:00,0.8,0.00,96,0.2,-2.0,0.00,0.02,0.00,3,91,0,1,97,4.2,255,250,7.1,11.2,0,0.00,1011.1,996.3
2020-12-10T02:00,0.7,0.00,96,0.1,-1.9,0.00,0.02,0.00,3,91,0,13,91,3.1,246,249,6.3,9.4,0,0.00,1010.7,995.9
2020-12-10T03:00,0.8,0.00,94,-0.0,-1.7,0.00,0.02,0.00,3,95,0,19,95,2.3,252,252,3.4,8.6,0,0.00,1010.5,995.8
2020-12-10T04:00,0.8,0.00,93,-0.2,-1.5,0.00,0.02,0.00,3,87,0,23,86,1.1,248,252,1.9,5.4,0,0.00,1009.9,995.2
2020-12-10T05:00,0.7,0.00,93,-0.3,-1.7,0.00,0.02,0.00,3,93,0,28,93,1.5,264,256,3.3,4.3,0,0.00,1009.3,994.6
2020-12-10T06:00,0.4,0.00,95,-0.3,-2.2,0.00,0.02,0.00,3,91,0,0,91,2.6,281,286,3.7,5.0,0,0.00,1009.0,994.3
2020-12-10T07:00,0.6,0.00,90,-0.9,-1.8,0.00,0.02,0.00,3,89,0,0,89,0.8,360,63,0.7,4.7,0,0.00,1008.7,994.0
2020-12-10T08:00,0.2,0.00,95,-0.5,-2.4,0.00,0.02,0.00,3,84,0,0,84,2.3,16,39,2.6,4.7,0,0.00,1008.9,994.1
2020-12-10T09:00,0.5,0.00,91,-0.8,-2.4,0.00,0.02,0.00,2,71,0,0,71,4.5,58,76,5.5,9.7,1,0.00,1009.1,994.4
2020-12-10T10:00,0.8,0.00,87,-1.0,-2.1,0.00,0.02,0.00,2,79,0,0,79,4.2,67,70,5.5,11.5,1,436.05,1008.9,994.2
2020-12-10T11:00,1.1,0.00,86,-1.0,-1.9,0.00,0.02,0.00,3,100,0,0,100,4.7,96,99,6.5,13.3,1,0.00,1008.8,994.1
2020-12-10T12:00,1.6,0.00,84,-0.9,-1.2,0.00,0.02,0.00,3,100,0,0,100,3.7,120,119,5.0,14.0,1,0.00,1008.3,993.6
2020-12-10T13:00,1.7,0.00,80,-1.4,-0.9,0.00,0.02,0.00,3,100,0,0,100,2.1,188,211,2.5,11.9,1,0.00,1008.3,993.6
2020-12-10T14:00,1.8,0.00,81,-1.2,-0.7,0.00,0.02,0.00,3,100,0,7,100,1.1,243,270,0.8,8.6,1,0.00,1008.0,993.3
2020-12-10T15:00,2.0,0.00,80,-1.1,-0.6,0.00,0.02,0.00,3,100,0,0,100,2.3,108,108,3.4,7.6,1,0.00,1007.8,993.2
2020-12-10T16:00,1.9,0.00,84,-0.6,-1.0,0.00,0.02,0.00,3,90,0,0,90,4.7,118,113,9.8,11.9,1,0.00,1007.8,993.2
2020-12-10T17:00,1.0,0.00,90,-0.4,-1.8,0.00,0.02,0.00,2,77,0,0,77,4.0,115,80,9.5,10.1,0,0.00,1007.9,993.2
2020-12-10T18:00,1.1,0.00,90,-0.4,-1.7,0.00,0.02,0.00,3,91,15,0,89,4.0,116,80,10.0,8.3,0,0.00,1007.9,993.2
2020-12-10T19:00,1.5,0.00,89,-0.2,-1.6,0.00,0.02,0.00,3,98,94,0,75,6.2,127,100,13.9,12.6,0,0.00,1007.8,993.1
2020-12-10T20:00,0.9,0.00,91,-0.4,-2.5,0.00,0.02,0.00,3,97,96,0,32,8.0,128,108,17.4,16.2,0,0.00,1007.9,993.2
2020-12-10T21:00,0.8,0.00,90,-0.7,-2.8,0.00,0.02,0.00,3,97,96,0,17,9.5,138,127,19.9,19.4,0,0.00,1008.0,993.3
2020-12-10T22:00,0.1,0.00,91,-1.2,-3.4,0.00,0.02,0.00,3,98,97,13,25,7.9,150,137,17.9,19.8,0,0.00,1008.1,993.4
2020-12-10T23:00,0.0,0.00,90,-1.4,-3.4,0.00,0.02,0.00,3,83,72,53,33,7.4,153,133,16.1,16.2,0,0.00,1008.0,993.3
2020-12-11T00:00,-0.5,0.00,91,-1.9,-4.2,0.00,0.02,0.00,3,95,94,18,9,8.4,145,130,18.4,17.6,0,0.00,1007.3,992.5
2020-12-11T01:00,0.3,0.00,91,-1.1,-3.1,0.00,0.02,0.00,3,97,94,41,23,7.1,153,135,15.0,17.3,0,0.00,1007.1,992.4
2020-12-11T02:00,0.1,0.00,91,-1.2,-3.3,0.00,0.02,0.00,3,95,93,30,16,7.6,139,121,16.6,15.8,0,0.00,1006.3,991.6
2020-12-11T03:00,-0.3,0.00,92,-1.5,-3.9,0.00,0.02,0.00,3,96,95,22,8,8.9,135,122,19.3,17.3,0,0.00,1005.5,990.8
2020-12-11T04:00,0.2,0.00,91,-1.0,-3.8,0.00,0.02,0.00,3,97,96,77,4,12.2,134,124,23.9,24.1,0,0.00,1004.5,989.8
2020-12-11T05:00,0.3,0.00,91,-1.0,-3.8,0.00,0.02,0.00,3,95,93,89,1,12.5,130,123,25.3,26.3,0,0.00,1003.4,988.7
2020-12-11T06:00,0.3,0.00,91,-1.0,-3.8,0.00,0.02,0.00,3,94,94,76,2,11.9,125,115,23.8,25.9,0,0.00,1002.7,988.0
2020-12-11T07:00,0.2,0.00,90,-1.2,-4.2,0.00,0.02,0.00,3,96,96,31,3,14.2,121,114,27.3,28.8,0,0.00,1001.8,987.2
2020-12-11T08:00,0.1,0.00,89,-1.5,-4.3,0.00,0.02,0.00,3,94,92,73,4,14.3,122,115,27.5,29.5,0,0.00,1001.6,987.0
2020-12-11T09:00,0.5,0.00,85,-1.7,-4.2,0.00,0.02,0.00,2,79,71,24,23,15.8,120,114,28.2,31.7,1,0.00,1001.3,986.7
2020-12-11T10:00,1.6,0.00,80,-1.4,-3.0,0.00,0.02,0.00,3,100,99,3,23,15.6,118,113,28.8,33.1,1,3600.00,1000.3,985.8
2020-12-11T11:00,2.9,0.00,75,-1.1,-1.9,0.00,0.02,0.00,3,100,100,14,18,16.8,114,113,26.0,36.4,1,3600.00,999.5,985.0
2020-12-11T12:00,3.8,0.00,72,-0.8,-0.7,0.00,0.02,0.00,3,100,100,5,17,15.0,120,120,22.1,36.4,1,3600.00,998.9,984.5
2020-12-11T13:00,2.2,0.00,84,-0.2,-2.7,0.00,0.01,0.00,3,100,100,12,1,18.8,109,110,33.1,32.8,1,3409.33,997.6,983.1
2020-12-11T14:00,3.3,0.00,83,0.7,-1.2,0.00,0.01,0.00,3,100,99,58,42,16.6,124,124,27.5,38.2,1,2176.49,997.5,983.1
2020-12-11T15:00,3.3,0.00,85,1.0,-1.0,0.00,0.01,0.00,3,100,100,83,28,16.3,123,115,28.7,36.7,1,102.47,996.7,982.3
2020-12-11T16:00,3.3,0.10,87,1.3,-0.4,0.10,0.01,0.00,51,100,100,100,94,12.3,131,122,23.5,33.1,1,0.00,996.8,982.4
2020-12-11T17:00,3.4,0.50,90,1.9,0.0,0.50,0.01,0.00,53,100,94,100,100,10.5,139,121,20.2,24.8,0,0.00,996.7,982.3
2020-12-11T18:00,3.6,0.70,90,2.1,-0.1,0.70,0.01,0.00,53,100,95,98,100,13.5,135,119,24.9,26.6,0,0.00,996.4,982.0
2020-12-11T19:00,3.8,0.20,90,2.4,-0.0,0.20,0.01,0.00,51,100,89,94,100,14.6,137,130,27.5,29.9,0,0.00,996.2,981.8
2020-12-11T20:00,3.9,0.10,92,2.7,0.3,0.10,0.01,0.00,51,100,84,82,100,13.6,137,130,26.2,29.5,0,0.00,996.1,981.7
2020-12-11T21:00,3.9,0.00,89,2.3,0.1,0.00,0.01,0.00,3,97,89,31,93,13.6,130,122,24.5,28.1,0,0.00,996.1,981.7
2020-12-11T22:00,3.5,0.00,89,1.8,-0.2,0.00,0.01,0.00,3,100,93,94,100,13.0,129,118,23.6,27.0,0,0.00,996.0,981.6
2020-12-11T23:00,3.4,0.00,88,1.7,-0.2,0.00,0.01,0.00,3,100,92,83,100,12.2,129,114,21.3,25.9,0,0.00,996.1,981.7
2020-12-12T00:00,3.4,0.00,89,1.7,-0.1,0.00,0.01,0.00,3,100,90,99,100,11.5,128,110,19.7,23.8,0,0.00,995.8,981.4
2020-12-12T01:00,3.9,0.00,91,2.5,0.1,0.00,0.01,0.00,3,100,28,66,91,14.7,111,101,27.7,22.3,0,0.00,995.2,980.8
2020-12-12T02:00,3.9,0.00,91,2.5,0.0,0.00,0.01,0.00,3,91,34,86,84,14.5,111,104,26.7,29.2,0,0.00,994.7,980.3
2020-12-12T03:00,4.0,0.00,90,2.5,0.5,0.00,0.01,0.00,2,68,54,30,14,12.2,128,118,23.3,28.1,0,0.00,995.1,980.7
2020-12-12T04:00,3.2,0.00,93,2.1,-0.1,0.00,0.01,0.00,3,85,80,7,31,10.0,154,116,17.6,24.8,0,0.00,995.4,981.0
2020-12-12T05:00,2.9,0.00,93,1.9,0.1,0.00,0.01,0.00,2,50,5,16,42,6.6,177,119,14.4,19.8,0,0.00,995.8,981.4
2020-12-12T06:00,2.5,0.00,94,1.6,-0.1,0.00,0.01,0.00,1,26,2,22,6,5.0,187,120,11.3,14.8,0,0.00,996.0,981.6
2020-12-12T07:00,1.5,0.00,94,0.7,-1.2,0.00,0.01,0.00,0,15,2,3,13,4.7,173,113,9.4,12.2,0,0.00,996.3,981.8
2020-12-12T08:00,1.0,0.00,95,0.3,-1.8,0.00,0.01,0.00,3,99,54,97,85,5.1,150,98,8.7,11.2,0,0.00,997.0,982.5
2020-12-12T09:00,2.8,0.00,95,2.0,0.1,0.00,0.01,0.00,3,99,90,99,64,6.3,154,103,9.2,13.0,1,0.00,997.7,983.2
2020-12-12T10:00,3.9,0.10,94,3.0,1.0,0.10,0.01,0.00,51,98,19,97,42,8.6,163,123,12.4,15.8,1,0.00,998.4,984.0
2020-12-12T11:00,5.1,0.00,93,4.0,2.5,0.00,0.01,0.00,3,100,32,91,100,7.9,180,141,13.3,16.9,1,0.00,999.1,984.7
2020-12-12T12:00,6.0,0.00,91,4.6,3.5,0.00,0.01,0.00,3,99,25,84,96,8.0,193,170,14.4,17.6,1,0.00,999.6,985.3
2020-12-12T13:00,6.0,0.00,97,5.5,4.2,0.00,0.01,0.00,3,99,68,66,100,5.1,133,129,8.4,19.8,1,412.75,999.1,984.8
2020-12-12T14:00,6.4,0.10,95,5.6,4.6,0.10,0.01,0.00,51,100,89,95,100,4.4,151,125,8.2,8.6,1,0.00,999.6,985.3
2020-12-12T15:00,6.5,0.30,95,5.8,4.7,0.30,0.01,0.00,51,100,75,95,100,5.2,186,164,9.8,10.1,1,0.00,1000.1,985.8
2020-12-12T16:00,6.1,0.20,97,5.6,4.2,0.20,0.01,0.00,51,100,58,99,100,5.0,219,201,11.5,10.8,1,0.00,1001.0,986.7
2020-12-12T17:00,5.9,0.20,98,5.5,4.2,0.20,0.01,0.00,51,100,51,92,100,3.8,248,229,11.6,10.4,0,0.00,1001.9,987.5
2020-12-12T18:00,5.8,0.30,98,5.5,4.2,0.30,0.01,0.00,51,100,35,100,100,3.4,245,212,10.3,9.0,0,0.00,1002.7,988.3
2020-12-12T19:00,5.9,0.40,98,5.6,4.1,0.40,0.01,0.00,51,100,4,92,100,4.8,243,222,12.9,10.4,0,0.00,1003.3,988.9
2020-12-12T20:00,6.0,0.20,98,5.8,4.1,0.20,0.01,0.00,51,98,0,96,96,5.7,239,215,14.7,12.6,0,0.00,1004.2,989.8
2020-12-12T21:00,6.0,0.20,98,5.7,4.0,0.20,0.01,0.00,51,100,0,86,99,6.1,234,208,14.7,13.0,0,0.00,1004.7,990.3
2020-12-12T22:00,5.9,0.10,98,5.7,4.0,0.10,0.01,0.00,51,100,0,46,100,5.7,236,215,14.3,13.0,0,0.00,1005.3,990.9
2020-12-12T23:00,5.9,0.00,99,5.7,3.8,0.00,0.01,0.00,3,90,0,23,90,6.7,236,216,15.6,13.3,0,0.00,1006.0,991.6
2020-12-13T00:00,5.9,0.00,99,5.7,3.8,0.00,0.01,0.00,3,85,0,31,85,6.9,234,219,15.5,14.4,0,0.00,1006.6,992.2
2020-12-13T01:00,5.6,0.00,96,5.0,3.5,0.00,0.01,0.00,3,82,0,47,30,5.8,223,184,15.3,14.4,0,0.00,1007.1,992.7
2020-12-13T02:00,5.5,0.50,96,4.9,3.2,0.50,0.01,0.00,53,79,0,76,39,7.6,228,205,18.9,16.6,0,0.00,1007.5,993.0
2020-12-13T03:00,5.7,0.30,96,5.0,3.2,0.30,0.01,0.00,51,79,0,73,67,8.9,230,212,19.7,18.7,0,0.00,1008.1,993.6
2020-12-13T04:00,5.4,0.10,98,5.0,2.9,0.10,0.01,0.00,51,64,0,62,27,8.5,229,208,19.1,19.1,0,0.00,1008.6,994.1
2020-12-13T05:00,5.0,0.20,98,4.7,2.4,0.20,0.01,0.00,51,57,0,52,26,8.6,230,213,19.2,18.0,0,0.00,1009.5,995.0
2020-12-13T06:00,5.0,0.10,98,4.6,2.5,0.10,0.01,0.00,51,92,0,88,89,8.0,231,207,17.7,18.4,0,0.00,1010.4,995.9
2020-12-13T07:00,5.0,0.00,98,4.8,2.6,0.00,0.01,0.00,2,74,0,35,70,8.1,232,212,16.9,17.3,0,0.00,1011.0,996.5
2020-12-13T08:00,4.9,0.00,99,4.7,2.3,0.00,0.01,0.00,3,100,0,17,100,8.7,242,225,18.4,18.0,0,0.00,1011.8,997.3
2020-12-13T09:00,5.2,0.00,98,4.9,2.8,0.00,0.01,0.00,3,80,0,4,80,7.4,249,231,15.4,18.0,1,0.00,1012.4,997.9
2020-12-13T10:00,5.9,0.00,96,5.3,3.5,0.00,0.01,0.00,2,51,0,2,50,8.2,242,229,15.1,16.9,1,2014.67,1013.0,998.5
2020-12-13T11:00,6.7,0.00,91,5.4,4.1,0.00,0.01,0.00,3,82,0,0,82,10.5,230,229,15.1,21.2,1,3600.00,1013.5,999.0
2020-12-13T12:00,7.3,0.00,87,5.2,4.4,0.00,0.00,0.00,3,99,0,6,99,11.3,232,233,16.4,25.2,1,3600.00,1013.8,999.3
2020-12-13T13:00,8.5,0.00,88,6.6,6.2,0.00,0.00,0.00,2,77,0,4,15,9.8,242,242,14.7,24.8,1,2843.25,1013.5,999.1
2020-12-13T14:00,8.9,0.00,82,6.0,6.3,0.00,0.00,0.00,1,24,0,19,18,10.8,245,244,15.5,23.4,1,3600.00,1013.4,999.0
2020-12-13T15:00,8.3,0.00,85,5.9,6.0,0.00,0.00,0.00,3,83,0,79,33,8.2,233,232,13.9,23.4,1,3600.00,1013.8,999.4
2020-12-13T16:00,7.3,0.00,91,5.9,5.0,0.00,0.00,0.00,3,88,75,46,38,8.2,205,195,15.9,17.3,1,978.43,1014.1,999.6
2020-12-13T17:00,6.2,0.00,94,5.4,3.8,0.00,0.00,0.00,3,90,85,30,30,8.5,202,192,18.3,17.6,0,0.00,1014.5,1000.0
2020-12-13T18:00,5.2,0.00,96,4.6,2.8,0.00,0.00,0.00,3,96,93,22,56,7.0,208,192,17.9,18.0,0,0.00,1014.9,1000.3
2020-12-13T19:00,5.4,0.00,96,4.7,3.1,0.00,0.00,0.00,3,98,93,85,56,6.5,201,174,15.4,16.6,0,0.00,1014.7,1000.1
2020-12-13T20:00,5.0,0.00,95,4.3,3.0,0.00,0.00,0.00,3,98,87,85,26,4.7,190,148,12.4,14.8,0,0.00,1014.3,999.7
2020-12-13T21:00,5.1,0.00,94,4.3,3.1,0.00,0.00,0.00,3,95,66,84,13,4.6,182,135,10.8,11.5,0,0.00,1014.5,999.9
2020-12-13T22:00,4.7,0.00,95,3.9,2.3,0.00,0.00,0.00,3,93,0,92,16,6.2,152,126,12.2,12.2,0,0.00,1015.0,1000.4
2020-12-13T23:00,5.2,0.00,95,4.4,2.3,0.00,0.00,0.00,3,89,0,89,2,10.3,125,115,20.7,20.2,0,0.00,1014.6,1000.0
2020-12-14T00:00,5.2,0.00,94,4.4,2.4,0.00,0.00,0.00,2,78,4,77,0,10.3,136,126,21.1,22.3,0,0.00,1014.4,999.8
2020-12-14T01:00,3.4,0.00,95,2.7,0.1,0.00,0.00,0.00,2,76,75,15,0,11.0,137,122,21.7,20.9,0,0.00,1014.2,999.5
2020-12-14T02:00,2.8,0.00,94,1.9,-0.6,0.00,0.00,0.00,3,98,84,86,3,10.8,139,116,20.7,22.0,0,0.00,1014.2,999.5
2020-12-14T03:00,3.9,0.00,89,2.3,0.5,0.00,0.00,0.00,3,100,83,100,100,11.3,131,112,19.9,23.4,0,0.00,1014.0,999.4
2020-12-14T04:00,4.4,0.00,87,2.5,0.9,0.00,0.00,0.00,3,99,45,98,99,12.1,133,120,22.7,24.5,0,0.00,1013.8,999.2
2020-12-14T05:00,4.7,0.00,86,2.6,1.2,0.00,0.00,0.00,3,89,47,73,75,12.6,127,117,23.1,25.9,0,0.00,1013.6,999.0
2020-12-14T06:00,4.7,0.00,86,2.5,1.2,0.00,0.00,0.00,3,93,90,25,14,12.7,125,115,24.6,25.6,0,0.00,1013.4,998.8
2020-12-14T07:00,4.4,0.00,87,2.3,0.7,0.00,0.00,0.00,2,53,34,3,29,13.4,124,114,26.5,26.6,0,0.00,1013.1,998.5
2020-12-14T08:00,4.5,0.00,85,2.2,0.6,0.00,0.00,0.00,1,20,4,9,16,14.5,126,117,28.1,29.2,0,0.00,1013.1,998.5
2020-12-14T09:00,4.4,0.00,85,2.1,0.7,0.00,0.00,0.00,0,13,0,9,12,13.2,130,119,26.6,28.8,1,85.29,1013.6,999.0
2020-12-14T10:00,5.7,0.00,80,2.5,2.1,0.00,0.00,0.00,0,7,0,6,6,12.9,129,120,23.6,27.0,1,3600.00,1013.6,999.1
2020-12-14T11:00,7.1,0.00,74,2.9,3.9,0.00,0.00,0.00,0,3,0,3,2,10.7,128,123,18.7,25.9,1,3600.00,1013.7,999.2
2020-12-14T12:00,8.4,0.00,70,3.3,5.7,0.00,0.00,0.00,1,36,35,2,1,7.7,131,131,11.5,23.0,1,3600.00,1013.6,999.2
2020-12-14T13:00,7.9,0.00,76,4.0,5.4,0.00,0.00,0.00,3,81,78,89,97,7.0,124,125,11.7,18.7,1,3600.00,1013.8,999.4
2020-12-14T14:00,8.1,0.00,78,4.5,5.5,0.00,0.00,0.00,3,95,91,51,34,8.7,129,128,15.3,18.4,1,0.00,1013.5,999.1
2020-12-14T15:00,8.0,0.00,80,4.7,5.5,0.00,0.00,0.00,3,99,99,91,14,7.9,127,120,16.2,18.7,1,3600.00,1013.1,998.7
2020-12-14T16:00,7.2,0.00,82,4.4,4.3,0.00,0.00,0.00,3,99,99,96,2,10.5,118,106,22.4,20.9,1,0.00,1012.8,998.4
2020-12-14T17:00,7.2,0.00,81,4.2,4.1,0.00,0.00,0.00,3,99,99,87,0,12.1,122,113,25.6,24.8,0,0.00,1012.5,998.1
2020-12-14T18:00,7.1,0.00,83,4.3,4.0,0.00,0.00,0.00,3,100,100,89,0,11.4,124,108,23.9,24.5,0,0.00,1012.3,997.9
2020-12-14T19:00,7.3,0.00,82,4.5,4.1,0.00,0.00,0.00,3,100,99,98,0,12.9,122,108,25.9,25.6,0,0.00,1012.1,997.7
2020-12-14T20:00,7.4,0.00,82,4.5,4.2,0.00,0.00,0.00,3,100,97,98,0,12.9,120,113,26.3,27.0,0,0.00,1011.7,997.3
2020-12-14T21:00,6.9,0.00,84,4.3,3.9,0.00,0.00,0.00,1,36,35,3,0,11.1,126,119,24.0,25.9,0,0.00,1012.1,997.7
2020-12-14T22:00,5.5,0.00,88,3.7,2.4,0.00,0.00,0.00,2,53,48,11,0,10.9,123,107,23.7,22.7,0,0.00,1012.5,998.0
2020-12-14T23:00,5.3,0.00,86,3.2,1.9,0.00,0.00,0.00,2,51,47,12,0,12.0,120,106,24.8,24.5,0,0.00,1012.3,997.8
2020-12-15T00:00,4.6,0.00,88,2.9,1.6,0.00,0.00,0.00,3,93,91,39,9,9.7,127,117,21.3,24.1,0,0.00,1012.6,998.0
2020-12-15T01:00,5.0,0.00,85,2.8,2.2,0.00,0.00,0.00,3,100,99,89,10,7.9,131,114,16.3,19.4,0,0.00,1012.4,997.9
2020-12-15T02:00,4.4,0.00,88,2.6,1.3,0.00,0.00,0.00,3,99,99,52,0,9.8,133,114,17.8,19.4,0,0.00,1012.3,997.7
2020-12-15T03:00,3.2,0.00,92,2.1,0.4,0.00,0.00,0.00,3,100,100,96,0,7.0,135,111,14.8,19.4,0,0.00,1013.0,998.4
2020-12-15T04:00,4.3,0.00,86,2.1,1.0,0.00,0.00,0.00,3,100,100,100,0,10.2,132,108,17.8,19.8,0,0.00,1012.6,998.0
2020-12-15T05:00,4.9,0.20,83,2.3,1.9,0.20,0.00,0.00,51,100,100,100,0,8.9,146,117,16.9,20.2,0,0.00,1012.3,997.7
2020-12-15T06:00,5.2,0.20,84,2.8,2.2,0.20,0.00,0.00,51,99,72,99,0,9.3,134,106,16.0,18.4,0,0.00,1012.0,997.5
2020-12-15T07:00,4.8,0.10,88,3.0,2.0,0.10,0.00,0.00,51,100,95,98,8,8.4,131,115,15.8,18.7,0,0.00,1012.5,997.9
2020-12-15T08:00,5.3,0.00,85,2.9,2.0,0.00,0.00,0.00,3,99,97,92,12,11.4,124,108,21.3,24.1,0,0.00,1012.1,997.6
2020-12-15T09:00,5.9,0.00,82,3.1,2.9,0.00,0.00,0.00,3,100,95,100,22,9.5,134,127,19.9,22.0,1,0.00,1012.8,998.3
2020-12-15T10:00,6.3,0.00,82,3.5,3.5,0.00,0.00,0.00,3,100,37,100,31,8.8,147,125,15.9,19.1,1,0.00,1013.2,998.7
2020-12-15T11:00,7.0,0.00,83,4.2,4.3,0.00,0.00,0.00,3,100,73,100,21,8.5,157,126,13.7,18.4,1,0.00,1013.5,999.0
2020-12-15T12:00,7.5,0.10,85,5.1,5.1,0.10,0.00,0.00,51,99,79,97,16,7.7,166,131,11.9,17.6,1,0.00,1013.5,999.1
2020-12-15T13:00,8.3,0.00,93,7.2,6.2,0.00,0.00,0.00,3,100,91,100,96,8.9,171,148,15.7,17.3,1,0.00,1013.4,999.0
2020-12-15T14:00,8.3,0.30,93,7.3,6.3,0.30,0.00,0.00,51,100,90,100,98,8.8,191,168,17.6,20.5,1,0.00,1013.6,999.2
2020-12-15T15:00,8.3,0.20,93,7.3,6.2,0.20,0.00,0.00,51,100,85,99,30,9.4,200,180,19.9,20.5,1,0.00,1013.9,999.5
2020-12-15T16:00,8.3,0.30,93,7.3,6.2,0.30,0.00,0.00,51,100,38,100,22,9.7,210,195,21.9,22.0,1,0.00,1014.6,1000.2
2020-12-15T17:00,8.4,0.70,94,7.5,6.3,0.70,0.00,0.00,53,100,97,100,100,9.5,218,209,22.0,22.3,0,0.00,1015.2,1000.8
2020-12-15T18:00,8.4,0.60,95,7.6,6.2,0.60,0.00,0.00,53,100,100,100,100,11.2,225,220,23.9,24.5,0,0.00,1015.8,1001.4
2020-12-15T19:00,8.4,0.30,95,7.7,6.2,0.30,0.00,0.00,51,100,98,100,98,10.7,224,220,23.4,24.8,0,0.00,1016.4,1002.0
2020-12-15T20:00,8.2,0.10,96,7.5,6.4,0.10,0.00,0.00,51,100,9,100,13,7.9,223,210,19.1,23.8,0,0.00,1016.4,1002.0
2020-12-15T21:00,7.4,0.00,97,6.9,5.7,0.00,0.00,0.00,1,22,6,6,14,6.5,213,186,16.7,17.6,0,0.00,1016.5,1002.0
2020-12-15T22:00,6.5,0.00,97,6.1,4.6,0.00,0.00,0.00,1,29,9,0,26,6.5,205,177,16.7,14.4,0,0.00,1016.9,1002.4
2020-12-15T23:00,5.8,0.00,98,5.5,4.0,0.00,0.00,0.00,1,48,30,1,27,5.1,213,176,13.8,14.0,0,0.00,1017.6,1003.0
2020-12-16T00:00,5.6,0.00,99,5.4,3.8,0.00,0.00,0.00,2,66,55,1,25,4.1,210,142,8.7,10.4,0,0.00,1017.8,1003.2
2020-12-16T01:00,6.8,0.00,97,6.3,4.8,0.00,0.00,0.00,3,85,84,2,59,7.2,110,96,12.6,8.3,0,0.00,1016.9,1002.4
2020-12-16T02:00,6.4,0.00,98,6.1,4.5,0.00,0.00,0.00,3,97,94,9,56,6.2,121,100,13.4,14.4,0,0.00,1017.3,1002.8
2020-12-16T03:00,6.3,0.00,97,5.9,4.1,0.00,0.00,0.00,3,97,94,51,29,8.0,116,95,15.6,15.5,0,0.00,1017.5,1002.9
2020-12-16T04:00,6.1,0.00,97,5.6,4.0,0.00,0.00,0.00,3,94,8,93,37,6.8,122,108,17.0,15.8,0,0.00,1017.7,1003.1
2020-12-16T05:00,6.3,0.00,97,5.9,4.6,0.00,0.00,0.00,3,100,40,95,100,4.3,113,85,12.9,14.0,0,0.00,1017.9,1003.3
2020-12-16T06:00,6.5,0.10,97,6.1,4.8,0.10,0.00,0.00,51,100,87,100,93,5.2,95,65,11.9,9.7,0,0.00,1018.1,1003.5
2020-12-16T07:00,7.1,0.00,96,6.5,4.9,0.00,0.00,0.00,3,96,80,90,14,9.0,102,90,18.4,18.0,0,0.00,1018.0,1003.5
2020-12-16T08:00,7.4,0.00,94,6.5,4.8,0.00,0.00,0.00,3,95,16,94,9,11.9,108,104,23.8,24.5,0,0.00,1018.2,1003.7
2020-12-16T09:00,7.1,0.00,94,6.3,4.7,0.00,0.00,0.00,3,94,2,94,2,9.9,114,123,21.7,24.5,1,0.00,1018.8,1004.3
2020-12-16T10:00,7.6,0.00,92,6.5,5.2,0.00,0.00,0.00,3,98,0,98,5,10.3,121,126,19.7,20.9,1,3600.00,1019.2,1004.7
2020-12-16T11:00,7.9,0.00,92,6.7,5.4,0.00,0.00,0.00,3,92,0,92,14,11.1,122,119,19.9,22.7,1,0.00,1019.3,1004.8
2020-12-16T12:00,8.4,0.00,91,7.0,6.1,0.00,0.00,0.00,3,80,0,80,9,10.8,122,116,18.6,22.7,1,0.00,1019.0,1004.5
2020-12-16T13:00,9.9,0.00,87,7.8,7.8,0.00,0.00,0.00,1,41,0,6,3,10.8,119,116,16.4,22.0,1,31.84,1018.1,1003.7
2020-12-16T14:00,10.5,0.00,85,8.1,8.7,0.00,0.00,0.00,0,7,0,1,7,8.7,128,128,12.8,24.1,1,3600.00,1018.0,1003.7
2020-12-16T15:00,10.3,0.00,88,8.5,9.3,0.00,0.00,0.00,2,50,3,9,48,3.9,142,146,8.7,19.4,1,3600.00,1018.0,1003.6
2020-12-16T16:00,8.3,0.00,94,7.3,6.8,0.00,0.00,0.00,0,15,0,0,15,5.0,132,111,10.2,10.1,1,2796.79,1018.0,1003.5
2020-12-16T17:00,8.1,0.00,92,7.0,6.0,0.00,0.00,0.00,1,44,42,1,3,9.2,124,101,19.2,17.6,0,0.00,1018.2,1003.7
2020-12-16T18:00,7.5,0.00,93,6.4,5.4,0.00,0.00,0.00,2,68,67,1,3,8.4,136,115,20.1,18.7,0,0.00,1018.4,1003.9
2020-12-16T19:00,7.4,0.00,93,6.4,5.1,0.00,0.00,0.00,1,38,37,0,1,9.8,138,118,21.4,20.2,0,0.00,1018.6,1004.1
2020-12-16T20:00,7.0,0.00,94,6.1,4.5,0.00,0.00,0.00,2,75,75,0,0,10.5,130,112,22.0,21.2,0,0.00,1018.9,1004.4
2020-12-16T21:00,6.3,0.00,95,5.6,3.9,0.00,0.00,0.00,3,95,95,0,1,9.2,127,116,20.3,21.2,0,0.00,1019.4,1004.8
2020-12-16T22:00,6.3,0.00,94,5.4,3.4,0.00,0.00,0.00,3,94,93,6,1,11.8,120,113,25.0,24.1,0,0.00,1019.4,1004.8
2020-12-16T23:00,5.9,0.00,94,5.0,3.2,0.00,0.00,0.00,3,88,87,28,0,10.0,122,120,22.2,24.1,0,0.00,1019.6,1005.0
2020-12-17T00:00,5.4,0.00,94,4.6,2.8,0.00,0.00,0.00,3,91,91,21,0,9.0,126,127,20.4,20.9,0,0.00,1019.9,1005.3
2020-12-17T01:00,5.9,0.00,95,5.1,3.2,0.00,0.00,0.00,3,98,96,97,4,10.0,125,116,20.2,18.7,0,0.00,1019.8,1005.2
2020-12-17T02:00,6.0,0.00,94,5.0,3.3,0.00,0.00,0.00,3,94,93,6,11,9.8,133,114,16.3,20.2,0,0.00,1019.8,1005.2
2020-12-17T03:00,5.6,0.00,94,4.7,2.6,0.00,0.00,0.00,1,35,22,19,2,11.8,135,113,21.4,24.5,0,0.00,1019.8,1005.2
2020-12-17T04:00,4.9,0.00,94,4.0,2.1,0.00,0.00,0.00,3,88,84,29,5,9.7,147,112,17.2,24.1,0,0.00,1019.9,1005.2
2020-12-17T05:00,5.0,0.00,93,3.9,2.2,0.00,0.00,0.00,3,90,89,1,10,9.2,149,116,16.8,19.4,0,0.00,1019.9,1005.2
2020-12-17T06:00,4.5,0.00,94,3.6,1.7,0.00,0.00,0.00,3,93,91,17,13,8.9,160,117,17.2,19.8,0,0.00,1020.0,1005.3
2020-12-17T07:00,4.7,0.00,93,3.6,2.0,0.00,0.00,0.00,3,91,89,24,14,8.2,181,128,17.3,19.1,0,0.00,1020.6,1005.9
2020-12-17T08:00,5.0,0.00,90,3.5,2.2,0.00,0.00,0.00,0,11,0,11,1,9.2,188,149,20.7,20.5,0,0.00,1021.2,1006.5
2020-12-17T09:00,5.9,0.00,87,3.9,2.9,0.00,0.00,0.00,1,21,0,2,21,10.2,200,172,23.0,23.0,1,32.56,1022.0,1007.4
2020-12-17T10:00,7.2,0.00,84,4.8,4.2,0.00,0.00,0.00,3,87,0,86,11,12.0,204,189,23.2,26.3,1,3600.00,1022.3,1007.7
2020-12-17T11:00,8.1,0.00,83,5.5,5.3,0.00,0.00,0.00,3,90,0,88,37,11.6,214,202,22.1,27.0,1,3525.84,1022.8,1008.3
2020-12-17T12:00,8.7,0.00,84,6.1,5.9,0.00,0.00,0.00,3,99,0,43,99,12.2,232,223,24.1,27.4,1,0.00,1023.2,1008.7
2020-12-17T13:00,8.0,0.00,92,6.7,5.4,0.00,0.00,0.00,2,53,0,64,82,12.0,229,219,23.0,27.4,1,3600.00,1023.7,1009.1
2020-12-17T14:00,8.8,0.00,90,7.3,6.5,0.00,0.00,0.00,2,71,0,61,45,10.7,224,213,20.6,25.6,1,2224.11,1023.6,1009.1
2020-12-17T15:00,8.8,0.00,91,7.4,6.6,0.00,0.00,0.00,1,44,25,9,24,10.5,220,211,20.2,22.7,1,3600.00,1023.8,1009.3
2020-12-17T16:00,7.9,0.00,94,7.0,5.7,0.00,0.00,0.00,1,44,31,4,18,10.2,216,203,22.2,22.7,1,2809.84,1024.2,1009.6
2020-12-17T17:00,6.7,0.00,95,6.0,4.5,0.00,0.00,0.00,2,59,56,2,7,8.1,218,201,21.0,22.0,0,0.00,1024.8,1010.2
2020-12-17T18:00,5.9,0.00,96,5.3,3.8,0.00,0.00,0.00,1,48,34,1,22,6.6,219,193,18.9,18.0,0,0.00,1025.1,1010.4
2020-12-17T19:00,5.6,0.00,96,5.0,3.5,0.00,0.00,0.00,0,9,0,1,8,6.1,216,180,17.0,15.1,0,0.00,1025.3,1010.6
2020-12-17T20:00,4.8,0.00,97,4.3,2.5,0.00,0.00,0.00,0,5,0,1,5,6.2,211,170,16.8,13.7,0,0.00,1025.6,1010.9
2020-12-17T21:00,4.5,0.00,96,3.9,2.1,0.00,0.00,0.00,1,38,0,0,38,6.2,209,173,16.9,13.7,0,0.00,1026.0,1011.2
2020-12-17T22:00,5.0,0.00,96,4.4,2.7,0.00,0.00,0.00,1,32,0,2,31,6.1,211,177,16.3,14.0,0,0.00,1026.2,1011.5
2020-12-17T23:00,4.6,0.00,96,4.1,2.3,0.00,0.00,0.00,1,20,0,3,19,6.2,207,173,16.6,13.3,0,0.00,1026.2,1011.4
2020-12-18T00:00,3.9,0.00,97,3.5,1.5,0.00,0.00,0.00,0,13,0,3,13,5.5,208,169,15.1,13.3,0,0.00,1026.3,1011.5
2020-12-18T01:00,4.4,0.00,96,3.8,2.0,0.00,0.00,0.00,0,4,0,3,24,6.4,198,137,10.6,12.2,0,0.00,1026.1,1011.3
2020-12-18T02:00,4.1,0.00,96,3.5,1.7,0.00,0.00,0.00,1,46,37,1,14,6.4,174,133,13.0,13.0,0,0.00,1026.0,1011.2
2020-12-18T03:00,3.6,0.00,95,2.9,1.0,0.00,0.00,0.00,0,11,2,1,9,7.0,161,125,15.3,14.8,0,0.00,1026.4,1011.6
2020-12-18T04:00,2.7,0.00,96,2.1,0.1,0.00,0.00,0.00,1,29,16,0,16,5.5,158,113,12.8,14.0,0,0.00,1026.4,1011.5
2020-12-18T05:00,2.1,0.00,96,1.6,-0.6,0.00,0.00,0.00,0,19,10,0,16,5.9,150,104,11.6,11.5,0,0.00,1026.2,1011.3
2020-12-18T06:00,2.3,0.00,99,2.1,-0.6,0.00,0.00,0.00,2,54,4,0,53,7.1,143,105,13.1,13.7,0,0.00,1025.9,1011.0
2020-12-18T07:00,2.1,0.00,99,2.0,-1.0,0.00,0.00,0.00,2,79,1,0,79,8.8,130,102,14.6,17.3,0,0.00,1025.9,1011.0
2020-12-18T08:00,2.2,0.00,100,2.2,-1.2,0.00,0.00,0.00,3,100,2,1,100,10.7,125,110,19.7,21.2,0,0.00,1026.0,1011.1
2020-12-18T09:00,2.6,0.00,99,2.5,-0.8,0.00,0.00,0.00,3,100,0,0,100,11.6,120,106,21.1,22.7,1,0.00,1026.1,1011.2
2020-12-18T10:00,3.8,0.00,97,3.4,0.6,0.00,0.00,0.00,3,99,0,1,99,10.9,119,107,21.4,23.0,1,2006.91,1026.0,1011.2
2020-12-18T11:00,5.5,0.00,93,4.5,2.7,0.00,0.00,0.00,2,64,7,60,7,9.9,119,109,18.8,23.0,1,3600.00,1025.9,1011.2
2020-12-18T12:00,7.2,0.00,88,5.4,4.9,0.00,0.00,0.00,2,58,21,45,8,7.7,122,118,14.4,22.0,1,3600.00,1025.4,1010.8
2020-12-18T13:00,6.0,0.00,96,5.4,3.8,0.00,0.00,0.00,1,45,2,0,100,6.8,115,115,9.5,18.4,1,3600.00,1025.3,1010.6
2020-12-18T14:00,6.7,0.00,94,5.8,4.8,0.00,0.00,0.00,3,100,0,0,100,5.7,122,125,8.1,17.3,1,3231.66,1024.8,1010.2
2020-12-18T15:00,6.7,0.00,94,5.9,5.1,0.00,0.00,0.00,3,97,0,0,97,4.1,124,135,6.5,14.4,1,1877.35,1024.4,1009.8
2020-12-18T16:00,6.3,0.00,96,5.7,5.0,0.00,0.00,0.00,1,39,0,0,39,1.9,115,22,5.2,9.4,1,2826.30,1024.3,1009.7
2020-12-18T17:00,5.3,0.00,100,5.3,3.6,0.00,0.00,0.00,3,100,3,0,100,3.6,114,37,7.1,6.8,0,0.00,1023.9,1009.2
2020-12-18T18:00,2.4,0.00,100,2.4,-0.1,0.00,0.00,0.00,3,99,0,0,99,5.4,118,82,9.8,9.4,0,0.00,1023.5,1008.7
2020-12-18T19:00,3.3,0.00,99,3.1,0.7,0.00,0.00,0.00,0,11,0,0,11,6.7,124,106,17.4,14.0,0,0.00,1022.8,1008.0
2020-12-18T20:00,4.0,0.00,95,3.3,1.2,0.00,0.00,0.00,0,1,0,0,0,8.0,122,108,21.2,16.6,0,0.00,1022.5,1007.8
2020-12-18T21:00,4.3,0.00,94,3.4,1.5,0.00,0.00,0.00,0,1,0,0,1,8.2,126,119,21.4,16.6,0,0.00,1022.4,1007.7
2020-12-18T22:00,4.6,0.00,93,3.5,1.5,0.00,0.00,0.00,0,3,0,0,3,10.6,124,114,23.6,21.6,0,0.00,1022.3,1007.6
2020-12-18T23:00,4.1,0.00,93,3.1,1.2,0.00,0.00,0.00,1,46,0,40,43,9.2,130,121,21.7,21.2,0,0.00,1022.1,1007.4
2020-12-19T00:00,4.6,0.00,92,3.4,1.6,0.00,0.00,0.00,2,55,0,41,52,9.8,127,118,22.4,20.9,0,0.00,1021.8,1007.1
2020-12-19T01:00,4.5,0.00,93,3.4,1.9,0.00,0.00,0.00,3,100,0,16,28,6.9,132,137,18.9,19.8,0,0.00,1021.6,1006.9
2020-12-19T02:00,4.0,0.00,93,3.0,0.7,0.00,0.00,0.00,1,45,0,28,44,11.3,131,117,22.7,21.6,0,0.00,1021.2,1006.5
2020-12-19T03:00,4.8,0.00,89,3.1,1.5,0.00,0.00,0.00,1,36,0,28,32,11.6,125,116,23.3,23.8,0,0.00,1020.7,1006.0
2020-12-19T04:00,4.7,0.00,89,3.0,1.5,0.00,0.00,0.00,1,45,0,39,32,11.0,127,113,22.4,22.7,0,0.00,1020.2,1005.5
2020-12-19T05:00,4.7,0.00,88,3.0,1.4,0.00,0.00,0.00,0,12,0,5,11,11.6,124,112,23.9,23.4,0,0.00,1019.8,1005.1
2020-12-19T06:00,4.4,0.00,89,2.8,1.0,0.00,0.00,0.00,0,5,0,1,5,12.1,125,117,25.6,24.5,0,0.00,1019.6,1004.9
2020-12-19T07:00,4.0,0.00,91,2.6,0.5,0.00,0.00,0.00,0,17,0,15,10,12.2,129,114,24.6,24.5,0,0.00,1019.6,1004.9
2020-12-19T08:00,4.2,0.00,89,2.6,0.8,0.00,0.00,0.00,0,19,0,19,6,11.6,131,116,23.5,24.1,0,0.00,1019.8,1005.1
2020-12-19T09:00,4.4,0.00,88,2.7,1.1,0.00,0.00,0.00,1,29,0,28,6,11.4,130,118,23.0,23.0,1,7.43,1020.2,1005.5
2020-12-19T10:00,5.7,0.00,85,3.3,2.6,0.00,0.00,0.00,0,18,0,17,6,10.9,131,124,21.4,22.3,1,3600.00,1020.5,1005.9
2020-12-19T11:00,7.2,0.00,81,4.1,4.5,0.00,0.00,0.00,1,26,0,23,9,8.7,135,135,16.8,22.3,1,3600.00,1020.5,1005.9
2020-12-19T12:00,8.4,0.00,78,4.8,6.1,0.00,0.00,0.00,1,25,0,19,12,7.2,141,143,11.5,19.8,1,3600.00,1020.2,1005.7
2020-12-19T13:00,8.9,0.00,78,5.3,6.2,0.00,0.00,0.00,0,19,0,66,7,10.3,119,119,16.4,17.6,1,3600.00,1019.7,1005.2
2020-12-19T14:00,9.3,0.00,78,5.6,6.9,0.00,0.00,0.00,3,87,3,86,6,9.1,128,124,16.9,22.3,1,3600.00,1019.3,1004.9
2020-12-19T15:00,9.2,0.00,79,5.7,6.8,0.00,0.00,0.00,3,94,82,69,8,9.0,119,106,18.5,19.8,1,843.12,1018.8,1004.4
2020-12-19T16:00,8.6,0.00,80,5.3,6.1,0.00,0.00,0.00,3,93,89,47,22,9.2,119,111,21.4,19.4,1,1592.38,1019.1,1004.6
2020-12-19T17:00,7.5,0.00,83,4.8,5.1,0.00,0.00,0.00,3,91,89,16,19,7.6,126,109,18.8,18.7,0,0.00,1019.3,1004.8
2020-12-19T18:00,7.5,0.00,81,4.4,4.4,0.00,0.00,0.00,3,95,95,0,7,12.0,132,111,23.7,24.8,0,0.00,1019.1,1004.6
2020-12-19T19:00,6.4,0.00,86,4.3,3.9,0.00,0.00,0.00,3,96,96,5,14,8.0,147,117,15.4,23.8,0,0.00,1019.7,1005.1
2020-12-19T20:00,5.9,0.00,88,4.1,3.3,0.00,0.00,0.00,3,97,96,19,23,8.0,137,108,13.2,16.2,0,0.00,1020.0,1005.4
2020-12-19T21:00,5.6,0.00,88,3.7,2.9,0.00,0.00,0.00,3,95,94,11,23,8.6,136,105,13.5,16.2,0,0.00,1020.1,1005.5
2020-12-19T22:00,5.9,0.00,85,3.5,3.1,0.00,0.00,0.00,3,94,93,17,21,8.6,135,105,12.7,16.9,0,0.00,1020.1,1005.5
2020-12-19T23:00,5.4,0.00,85,3.2,2.7,0.00,0.00,0.00,1,26,8,15,14,8.0,132,108,14.0,16.6,0,0.00,1020.3,1005.7
2020-12-20T00:00,4.6,0.00,87,2.7,1.7,0.00,0.00,0.00,2,51,25,30,30,8.6,132,105,15.0,16.9,0,0.00,1020.4,1005.7
2020-12-20T01:00,5.8,0.00,79,2.5,2.9,0.00,0.00,0.00,2,58,25,92,10,8.6,135,112,15.3,18.4,0,0.00,1020.4,1005.8
2020-12-20T02:00,6.2,0.00,76,2.2,2.8,0.00,0.00,0.00,3,82,11,79,19,10.9,117,98,18.5,21.6,0,0.00,1020.0,1005.4
2020-12-20T03:00,6.2,0.00,75,2.0,2.7,0.00,0.00,0.00,3,86,65,69,30,11.4,121,108,20.7,22.7,0,0.00,1020.0,1005.4
2020-12-20T04:00,5.9,0.00,76,1.9,2.5,0.00,0.00,0.00,3,98,67,96,15,11.0,127,113,22.1,22.7,0,0.00,1020.1,1005.5
2020-12-20T05:00,6.4,0.00,75,2.2,3.0,0.00,0.00,0.00,3,99,75,99,0,10.8,137,116,19.6,22.3,0,0.00,1019.9,1005.3
2020-12-20T06:00,6.4,0.00,78,2.8,3.5,0.00,0.00,0.00,3,99,63,99,17,8.1,163,122,15.8,22.0,0,0.00,1020.1,1005.5
2020-12-20T07:00,6.2,0.10,83,3.5,3.8,0.10,0.00,0.00,51,100,85,100,1,5.8,188,120,13.1,17.6,0,0.00,1020.4,1005.8
2020-12-20T08:00,6.2,0.10,87,4.2,3.7,0.10,0.00,0.00,51,100,93,100,3,7.4,176,129,14.1,16.2,0,0.00,1020.6,1006.0
2020-12-20T09:00,6.3,0.20,89,4.6,3.7,0.20,0.00,0.00,51,100,53,100,0,8.3,170,124,14.6,16.9,1,0.00,1020.7,1006.1
2020-12-20T10:00,6.6,0.20,90,5.0,4.2,0.20,0.00,0.00,51,100,52,100,0,8.0,164,126,14.2,17.6,1,0.00,1020.9,1006.3
2020-12-20T11:00,7.2,0.20,90,5.6,5.0,0.20,0.00,0.00,51,100,58,100,17,7.4,180,137,13.0,16.2,1,0.00,1021.2,1006.6
2020-12-20T12:00,7.8,0.10,90,6.3,5.7,0.10,0.00,0.00,51,98,58,95,33,7.8,183,146,13.3,16.2,1,0.00,1021.0,1006.5
2020-12-20T13:00,8.1,0.10,94,7.3,6.4,0.10,0.00,0.00,51,93,0,67,86,6.6,177,151,12.3,18.4,1,0.00,1021.2,1006.7
2020-12-20T14:00,8.5,0.10,94,7.7,6.8,0.10,0.00,0.00,51,95,0,63,92,7.3,174,160,13.0,17.6,1,3600.00,1020.9,1006.4
2020-12-20T15:00,8.1,0.30,96,7.6,6.5,0.30,0.00,0.00,51,100,10,100,100,6.5,193,174,13.3,15.8,1,2155.12,1021.3,1006.8
2020-12-20T16:00,7.9,0.40,96,7.4,6.3,0.40,0.00,0.00,51,99,34,99,97,6.2,187,159,13.8,14.4,1,0.00,1021.7,1007.2
2020-12-20T17:00,7.8,0.10,96,7.2,6.0,0.10,0.00,0.00,51,93,20,91,25,6.9,198,174,15.9,14.8,0,0.00,1022.1,1007.6
2020-12-20T18:00,7.3,0.00,96,6.7,5.5,0.00,0.00,0.00,3,85,71,79,3,6.5,205,180,16.3,15.1,0,0.00,1022.5,1007.9
2020-12-20T19:00,6.3,0.00,97,5.8,4.4,0.00,0.00,0.00,3,96,92,94,9,6.1,208,180,16.8,14.8,0,0.00,1023.0,1008.4
2020-12-20T20:00,6.3,0.00,96,5.7,4.1,0.00,0.00,0.00,3,97,90,96,31,7.2,210,186,18.2,15.8,0,0.00,1023.5,1008.9
2020-12-20T21:00,6.3,0.00,96,5.6,4.1,0.00,0.00,0.00,1,36,0,25,28,7.7,210,191,19.2,17.6,0,0.00,1023.9,1009.3
2020-12-20T22:00,5.7,0.00,96,5.1,3.3,0.00,0.00,0.00,1,44,0,7,43,7.9,214,196,20.0,18.0,0,0.00,1024.3,1009.6
2020-12-20T23:00,5.6,0.00,96,5.0,3.3,0.00,0.00,0.00,1,29,0,7,26,7.5,216,197,19.1,18.0,0,0.00,1024.6,1009.9
2020-12-21T00:00,5.1,0.00,97,4.7,2.8,0.00,0.00,0.00,0,16,2,4,14,7.3,221,200,19.1,17.3,0,0.00,1025.3,1010.6
2020-12-21T01:00,5.1,0.00,97,4.6,3.0,0.00,0.00,0.00,1,45,21,51,17,5.6,233,207,17.2,16.6,0,0.00,1024.8,1010.1
2020-12-21T02:00,4.9,0.10,96,4.3,2.7,0.10,0.00,0.00,51,26,0,24,17,5.9,223,191,15.8,14.4,0,0.00,1025.1,1010.4
2020-12-21T03:00,4.6,0.00,96,4.0,2.2,0.00,0.00,0.00,0,2,0,2,1,6.3,207,167,15.3,13.7,0,0.00,1024.9,1010.2
2020-12-21T04:00,4.1,0.00,97,3.6,1.6,0.00,0.00,0.00,1,22,10,5,11,7.0,202,168,17.9,15.5,0,0.00,1024.8,1010.0
2020-12-21T05:00,3.9,0.00,97,3.5,1.6,0.00,0.00,0.00,2,57,51,9,12,5.2,202,155,14.7,15.1,0,0.00,1024.7,1009.9
2020-12-21T06:00,3.9,0.00,97,3.5,1.6,0.00,0.00,0.00,1,24,22,3,1,5.1,189,135,12.0,12.2,0,0.00,1024.1,1009.3
2020-12-21T07:00,3.8,0.00,97,3.4,1.1,0.00,0.00,0.00,3,88,87,1,12,8.2,164,131,18.0,16.6,0,0.00,1024.0,1009.2
2020-12-21T08:00,3.7,0.00,96,3.2,1.1,0.00,0.00,0.00,3,99,99,1,2,7.2,152,108,14.7,17.3,0,0.00,1024.1,1009.3
2020-12-21T09:00,4.0,0.00,96,3.3,1.2,0.00,0.00,0.00,3,99,99,2,0,8.3,137,108,14.3,16.2,1,0.00,1023.9,1009.1
2020-12-21T10:00,4.7,0.00,94,3.9,1.9,0.00,0.00,0.00,3,100,100,100,0,9.1,130,108,15.6,18.0,1,0.00,1023.9,1009.2
2020-12-21T11:00,5.7,0.00,93,4.6,3.0,0.00,0.00,0.00,3,100,100,87,0,9.1,130,108,14.6,18.4,1,0.00,1023.6,1008.9
2020-12-21T12:00,6.8,0.00,91,5.4,4.4,0.00,0.00,0.00,3,100,99,99,0,8.2,139,119,13.3,18.4,1,0.00,1023.0,1008.4
2020-12-21T13:00,7.3,0.10,93,6.2,4.9,0.10,0.00,0.00,51,99,86,97,58,9.7,158,132,16.3,17.6,1,0.00,1022.3,1007.7
2020-12-21T14:00,7.5,0.10,92,6.2,5.1,0.10,0.00,0.00,51,100,99,98,0,9.8,153,126,16.1,20.2,1,0.00,1021.2,1006.7
2020-12-21T15:00,7.9,0.00,90,6.3,5.3,0.00,0.00,0.00,3,100,100,75,33,11.5,141,122,21.0,23.4,1,0.00,1019.9,1005.4
2020-12-21T16:00,7.7,0.00,90,6.1,5.0,0.00,0.00,0.00,3,100,99,97,48,11.7,145,133,23.3,23.8,1,0.00,1019.6,1005.1
2020-12-21T17:00,7.7,0.20,89,6.0,5.1,0.20,0.00,0.00,51,100,100,100,94,11.3,158,143,22.9,25.9,0,0.00,1019.1,1004.6
2020-12-21T18:00,7.8,1.00,90,6.2,5.0,1.00,0.00,0.00,55,100,100,100,100,12.3,155,142,25.0,25.6,0,0.00,1018.7,1004.2
2020-12-21T19:00,7.8,0.90,90,6.3,5.0,0.90,0.00,0.00,53,100,94,100,100,12.6,176,160,24.5,28.1,0,0.00,1018.4,1003.9
2020-12-21T20:00,8.0,0.20,87,6.1,4.9,0.20,0.00,0.00,51,100,99,100,100,14.4,189,176,26.3,30.6,0,0.00,1018.1,1003.6
2020-12-21T21:00,8.2,0.00,88,6.2,5.0,0.00,0.00,0.00,3,100,98,69,100,15.3,199,188,28.1,33.1,0,0.00,1017.7,1003.2
2020-12-21T22:00,8.3,0.00,88,6.4,5.3,0.00,0.00,0.00,3,100,98,100,100,14.2,209,201,26.7,33.1,0,0.00,1017.7,1003.2
2020-12-21T23:00,8.4,0.60,91,6.9,5.4,0.60,0.00,0.00,53,100,96,98,97,15.0,212,204,28.8,33.1,0,0.00,1017.3,1002.9
2020-12-22T00:00,8.7,0.30,90,7.2,5.5,0.30,0.00,0.00,51,100,91,90,100,17.0,222,216,31.4,37.4,0,0.00,1017.3,1002.9
2020-12-22T01:00,9.0,0.20,93,8.0,5.8,0.20,0.00,0.00,51,100,100,92,98,18.6,228,226,33.7,47.9,0,0.00,1017.0,1002.6
2020-12-22T02:00,9.8,0.00,92,8.6,6.1,0.00,0.00,0.00,3,100,95,5,100,22.7,229,228,39.6,49.3,0,0.00,1016.5,1002.1
2020-12-22T03:00,10.7,0.00,90,9.1,7.0,0.00,0.00,0.00,3,100,87,26,99,23.3,237,235,40.0,52.9,0,0.00,1016.4,1002.1
2020-12-22T04:00,10.8,0.10,90,9.2,7.0,0.10,0.00,0.00,51,100,91,90,100,24.2,230,229,41.9,52.6,0,0.00,1016.1,1001.8
2020-12-22T05:00,11.4,0.00,90,9.8,7.5,0.00,0.00,0.00,3,100,100,100,100,26.2,233,233,44.5,56.9,0,0.00,1016.3,1002.0
2020-12-22T06:00,11.8,0.10,88,9.9,8.2,0.10,0.00,0.00,51,100,76,87,100,24.8,235,234,42.4,58.3,0,0.00,1016.5,1002.2
2020-12-22T07:00,11.5,0.10,89,9.8,8.4,0.10,0.00,0.00,51,100,90,85,100,20.9,229,228,36.5,63.7,0,0.00,1016.6,1002.3
2020-12-22T08:00,11.5,0.00,89,9.8,8.1,0.00,0.00,0.00,3,99,85,57,91,23.2,230,228,39.9,49.7,0,0.00,1016.8,1002.5
2020-12-22T09:00,11.9,0.00,87,9.9,8.2,0.00,0.00,0.00,3,99,93,95,65,25.6,232,231,43.4,55.8,1,0.00,1017.3,1003.0
2020-12-22T10:00,11.8,0.60,88,9.9,8.3,0.60,0.00,0.00,53,99,91,98,29,23.8,232,231,40.8,55.4,1,0.00,1017.9,1003.6
2020-12-22T11:00,11.9,0.00,89,10.2,8.5,0.00,0.00,0.00,3,99,81,25,98,24.1,233,232,40.9,52.6,1,1178.97,1018.5,1004.2
2020-12-22T12:00,12.4,0.00,88,10.4,8.9,0.00,0.00,0.00,3,97,72,33,95,24.5,235,234,40.3,52.9,1,0.00,1018.4,1004.1
2020-12-22T13:00,12.7,0.10,91,11.2,9.7,0.10,0.00,0.00,51,100,29,32,42,23.0,235,235,38.0,52.9,1,754.55,1018.2,1004.0
2020-12-22T14:00,13.1,0.00,89,11.3,10.3,0.00,0.00,0.00,3,100,91,21,98,22.2,234,234,36.4,49.7,1,3600.00,1017.9,1003.7
2020-12-22T15:00,13.1,0.00,89,11.2,10.4,0.00,0.00,0.00,3,96,83,54,90,20.5,233,232,34.5,47.9,1,0.00,1017.9,1003.7
2020-12-22T16:00,12.9,0.00,89,11.2,10.4,0.00,0.00,0.00,3,84,51,68,40,20.0,233,232,34.5,44.3,1,0.00,1018.2,1004.0
2020-12-22T17:00,12.5,0.30,91,11.2,10.1,0.30,0.00,0.00,51,100,91,88,100,19.2,233,230,33.9,43.2,0,0.00,1018.3,1004.0
2020-12-22T18:00,12.7,0.20,91,11.3,10.0,0.20,0.00,0.00,51,99,76,94,98,20.7,231,230,36.1,44.6,0,0.00,1018.2,1004.0
2020-12-22T19:00,12.7,0.20,91,11.3,9.8,0.20,0.00,0.00,51,98,95,52,90,22.2,230,228,38.6,48.6,0,0.00,1018.1,1003.9
2020-12-22T20:00,12.4,0.20,91,11.1,9.9,0.20,0.00,0.00,51,88,69,55,51,19.6,225,224,34.4,48.2,0,0.00,1018.1,1003.8
2020-12-22T21:00,12.1,1.70,93,11.1,9.6,1.70,0.00,0.00,61,100,94,97,100,19.6,225,224,34.4,55.8,0,0.00,1018.1,1003.8
2020-12-22T22:00,12.4,0.30,91,11.1,9.8,0.30,0.00,0.00,51,98,94,69,55,20.4,231,229,35.8,44.6,0,0.00,1018.2,1003.9
2020-12-22T23:00,12.6,0.00,91,11.1,10.1,0.00,0.00,0.00,3,95,57,67,92,19.6,231,229,34.8,44.6,0,0.00,1017.9,1003.7
2020-12-23T00:00,12.7,0.00,89,10.8,10.2,0.00,0.00,0.00,3,95,77,72,70,18.9,232,230,33.8,43.2,0,0.00,1017.6,1003.4
2020-12-23T01:00,12.7,0.30,92,11.5,10.4,0.30,0.00,0.00,51,96,83,49,89,18.7,235,232,33.9,44.6,0,0.00,1017.4,1003.2
2020-12-23T02:00,12.7,0.20,91,11.3,10.6,0.20,0.00,0.00,51,100,100,100,100,16.6,226,222,30.3,45.4,0,0.00,1016.9,1002.7
2020-12-23T03:00,12.5,0.40,92,11.2,10.4,0.40,0.00,0.00,51,100,86,100,15,17.1,229,224,31.9,46.1,0,0.00,1017.1,1002.9
2020-12-23T04:00,12.3,1.30,92,11.1,10.5,1.30,0.00,0.00,61,100,90,100,100,14.8,230,229,28.1,49.0,0,0.00,1016.8,1002.6
2020-12-23T05:00,12.2,1.40,93,11.0,10.4,1.40,0.00,0.00,61,100,99,100,93,14.0,234,228,27.3,47.2,0,0.00,1016.7,1002.5
2020-12-23T06:00,11.7,1.90,94,10.8,10.5,1.90,0.00,0.00,61,100,96,100,99,9.9,226,213,21.4,34.9,0,0.00,1016.1,1001.8
2020-12-23T07:00,11.4,0.80,95,10.5,10.3,0.80,0.00,0.00,53,100,99,99,100,8.2,216,195,18.3,34.6,0,0.00,1015.9,1001.6
2020-12-23T08:00,11.1,0.50,94,10.2,9.8,0.50,0.00,0.00,53,100,99,100,100,9.4,216,198,20.1,43.9,0,0.00,1015.8,1001.5
2020-12-23T09:00,10.9,0.30,94,10.0,9.4,0.30,0.00,0.00,51,100,100,100,35,10.4,211,194,21.0,41.8,1,0.00,1015.8,1001.5
2020-12-23T10:00,11.0,0.60,93,9.9,9.5,0.60,0.00,0.00,53,100,99,100,20,10.2,216,198,21.7,24.1,1,0.00,1015.7,1001.4
2020-12-23T11:00,11.2,0.90,93,10.1,9.5,0.90,0.00,0.00,53,100,99,95,5,11.8,216,203,23.5,26.6,1,0.00,1015.4,1001.1
2020-12-23T12:00,11.4,0.40,91,10.0,9.6,0.40,0.00,0.00,51,100,100,100,1,12.0,213,201,22.7,29.2,1,0.00,1014.7,1000.4
2020-12-23T13:00,12.2,0.40,90,10.7,10.8,0.40,0.00,0.00,51,100,100,100,24,11.0,226,221,21.4,29.2,1,0.00,1013.8,999.6
2020-12-23T14:00,12.1,0.70,92,10.9,10.7,0.70,0.00,0.00,53,100,100,100,28,11.7,203,191,22.3,30.2,1,0.00,1012.7,998.5
2020-12-23T15:00,11.9,0.70,92,10.7,10.4,0.70,0.00,0.00,53,100,100,100,27,11.7,205,198,23.5,42.8,1,0.00,1012.0,997.8
2020-12-23T16:00,12.1,0.70,91,10.7,9.6,0.70,0.00,0.00,53,100,100,99,82,18.3,229,225,33.4,47.9,1,0.00,1012.1,997.9
2020-12-23T17:00,12.3,1.10,91,10.9,9.6,1.10,0.00,0.00,55,100,98,100,79,20.6,236,234,36.2,58.3,0,0.00,1012.2,998.0
2020-12-23T18:00,12.1,1.50,92,10.9,10.2,1.50,0.00,0.00,61,99,97,92,12,15.1,240,237,28.4,53.3,0,0.00,1012.2,998.0
2020-12-23T19:00,11.8,1.30,93,10.7,9.5,1.30,0.00,0.00,61,100,100,99,8,17.4,241,240,32.4,43.2,0,0.00,1012.3,998.1
2020-12-23T20:00,11.7,0.50,91,10.3,9.7,0.50,0.00,0.00,53,100,98,100,0,14.4,223,217,27.2,40.3,0,0.00,1011.9,997.7
2020-12-23T21:00,11.6,1.50,91,10.1,9.4,1.50,0.00,0.00,61,99,98,72,0,15.1,223,220,28.3,34.2,0,0.00,1012.0,997.8
2020-12-23T22:00,11.1,0.60,93,10.0,9.1,0.60,0.00,0.00,53,100,99,100,24,13.7,230,225,27.3,33.5,0,0.00,1011.8,997.6
2020-12-23T23:00,11.2,0.80,91,9.9,8.8,0.80,0.00,0.00,53,100,98,98,18,16.1,233,230,30.1,45.7,0,0.00,1011.6,997.4
2020-12-24T00:00,11.4,0.60,86,9.1,7.8,0.60,0.00,0.00,53,100,93,100,1,22.8,238,235,39.8,47.9,0,0.00,1011.7,997.5
2020-12-24T01:00,10.0,1.00,86,7.8,7.1,1.00,0.00,0.00,55,100,90,94,12,16.1,232,230,30.5,52.6,0,0.00,1011.9,997.6
2020-12-24T02:00,10.0,0.10,85,7.6,6.6,0.10,0.00,0.00,51,98,94,78,1,19.4,240,239,33.2,40.7,0,0.00,1011.7,997.4
2020-12-24T03:00,9.5,0.10,85,7.1,5.8,0.10,0.00,0.00,51,85,70,72,21,20.0,237,236,34.3,44.6,0,0.00,1011.9,997.6
2020-12-24T04:00,9.0,0.00,84,6.4,5.4,0.00,0.00,0.00,1,35,4,33,17,18.1,236,235,31.9,43.9,0,0.00,1011.4,997.1
2020-12-24T05:00,8.2,0.00,85,5.7,4.6,0.00,0.00,0.00,1,29,0,26,6,17.1,233,231,31.1,39.6,0,0.00,1011.0,996.6
2020-12-24T06:00,7.4,0.20,88,5.6,3.6,0.20,0.00,0.00,51,44,0,39,17,18.6,228,227,32.9,51.5,0,0.00,1011.1,996.7
2020-12-24T07:00,6.8,0.60,94,5.9,3.2,0.60,0.00,0.00,53,98,4,98,43,17.4,222,220,30.9,55.8,0,0.00,1010.6,996.2
2020-12-24T08:00,7.3,0.50,92,6.2,3.7,0.50,0.00,0.00,53,100,30,100,61,18.0,220,217,31.4,40.0,0,0.00,1009.8,995.4
2020-12-24T09:00,7.5,1.20,91,6.0,3.2,1.20,0.00,0.00,55,100,68,100,100,22.7,229,228,38.3,47.5,1,0.00,1009.6,995.2
2020-12-24T10:00,7.3,1.00,89,5.7,2.6,1.00,0.00,0.00,55,100,0,100,100,24.7,235,233,41.6,55.4,1,0.00,1009.9,995.5
2020-12-24T11:00,7.3,0.60,88,5.5,2.8,0.60,0.00,0.00,53,88,0,49,83,23.0,239,238,37.8,54.4,1,0.00,1010.2,995.8
2020-12-24T12:00,7.6,0.20,88,5.7,3.0,0.20,0.00,0.00,51,84,0,61,79,24.1,240,238,38.4,52.6,1,2311.49,1010.2,995.8
2020-12-24T13:00,7.9,0.40,87,5.9,4.5,0.40,0.00,0.00,51,92,0,95,95,16.4,239,237,27.8,52.9,1,1462.47,1010.3,995.9
2020-12-24T14:00,8.1,0.00,88,6.2,5.1,0.00,0.00,0.00,3,98,9,97,81,13.9,251,245,24.8,38.5,1,0.00,1010.1,995.7
2020-12-24T15:00,7.7,0.30,87,5.7,4.9,0.30,0.00,0.00,51,100,55,100,83,12.1,265,260,21.0,40.3,1,0.00,1009.9,995.5
2020-12-24T16:00,7.4,0.10,89,5.7,5.1,0.10,0.00,0.00,51,100,98,100,67,8.0,259,252,15.4,25.6,1,0.00,1010.3,995.9
2020-12-24T17:00,6.9,0.30,93,5.9,5.4,0.30,0.00,0.00,51,99,98,83,80,3.7,279,259,9.5,16.6,0,0.00,1010.4,996.0
2020-12-24T18:00,6.7,0.90,94,5.8,5.3,0.90,0.00,0.00,53,100,99,87,100,2.8,329,310,7.6,8.3,0,0.00,1010.4,996.0
2020-12-24T19:00,6.3,1.30,92,5.1,3.3,1.30,0.00,0.00,61,100,96,97,100,12.0,1,351,20.5,22.0,0,0.00,1010.8,996.3
2020-12-24T20:00,4.6,1.10,92,3.4,0.4,1.10,0.00,0.00,55,100,96,100,100,17.7,3,358,28.5,38.5,0,0.00,1012.1,997.5
2020-12-24T21:00,3.6,1.90,97,3.1,-0.8,1.90,0.00,0.00,61,100,97,100,100,19.3,356,351,33.6,39.6,0,0.00,1013.1,998.5
2020-12-24T22:00,3.4,1.50,97,3.0,-0.7,1.50,0.00,0.00,61,100,96,100,100,17.2,348,344,29.4,41.0,0,0.00,1013.8,999.2
2020-12-24T23:00,3.3,1.00,97,2.9,-0.5,1.00,0.00,0.00,55,100,97,100,100,15.1,336,332,26.0,36.4,0,0.00,1014.6,999.9
2020-12-25T00:00,3.4,0.70,97,2.9,-0.2,0.70,0.00,0.00,53,100,92,100,100,13.1,326,323,22.6,31.3,0,0.00,1015.3,1000.6
2020-12-25T01:00,3.5,0.90,94,2.6,0.1,0.90,0.00,0.00,53,100,2,100,100,11.3,303,301,17.2,28.1,0,0.00,1016.2,1001.5
2020-12-25T02:00,3.3,1.10,97,2.8,0.1,1.10,0.00,0.00,55,100,2,100,100,10.5,311,308,18.6,24.1,0,0.00,1016.2,1001.5
2020-12-25T03:00,3.3,0.50,96,2.7,-0.3,0.50,0.00,0.00,53,100,0,97,100,13.5,320,316,21.7,29.9,0,0.00,1016.9,1002.2
2020-12-25T04:00,3.1,0.40,97,2.7,-0.1,0.40,0.00,0.00,51,100,0,93,100,10.5,320,311,18.7,29.2,0,0.00,1017.4,1002.7
2020-12-25T05:00,3.3,0.40,97,2.8,0.3,0.40,0.00,0.00,51,100,0,94,100,9.2,329,321,18.1,21.2,0,0.00,1017.7,1003.0
2020-12-25T06:00,3.5,0.10,94,2.6,-0.0,0.10,0.00,0.00,51,92,0,47,89,12.6,327,323,21.6,26.6,0,0.00,1018.0,1003.3
2020-12-25T07:00,3.3,0.00,93,2.3,-0.5,0.00,0.00,0.00,3,96,0,7,96,13.7,335,330,23.4,29.2,0,0.00,1018.7,1004.0
2020-12-25T08:00,3.3,0.00,92,2.1,-0.6,0.00,0.00,0.00,3,100,0,94,98,14.5,346,341,24.1,30.6,0,0.00,1019.2,1004.5
2020-12-25T09:00,3.4,0.10,90,1.9,-0.6,0.10,0.00,0.00,51,97,0,94,64,14.6,349,344,23.9,31.0,1,0.00,1020.0,1005.3
2020-12-25T10:00,3.4,0.00,89,1.8,-0.5,0.00,0.00,0.00,3,85,0,72,60,14.0,345,342,22.7,32.4,1,0.00,1020.8,1006.0
2020-12-25T11:00,3.6,0.00,88,1.8,-0.2,0.00,0.00,0.00,2,67,0,21,62,13.8,343,340,20.7,31.7,1,3600.00,1021.5,1006.7
2020-12-25T12:00,3.8,0.00,84,1.3,-0.0,0.00,0.00,0.00,3,81,0,5,80,12.9,344,342,18.7,31.0,1,3600.00,1021.9,1007.2
2020-12-25T13:00,4.0,0.00,77,0.4,-0.1,0.00,0.00,0.00,2,59,0,0,20,13.7,348,346,19.8,29.9,1,1863.78,1022.4,1007.7
2020-12-25T14:00,4.2,0.00,72,-0.4,-0.1,0.00,0.00,0.00,0,16,0,0,16,14.6,351,350,21.1,32.4,1,3600.00,1022.2,1007.5
2020-12-25T15:00,3.9,0.00,69,-1.3,-0.3,0.00,0.00,0.00,0,12,0,0,12,13.2,350,349,21.2,33.1,1,3600.00,1022.6,1007.8
2020-12-25T16:00,2.6,0.00,75,-1.3,-0.7,0.00,0.00,0.00,0,5,0,0,5,6.7,347,344,15.9,28.8,1,3051.30,1023.1,1008.3
2020-12-25T17:00,0.2,0.00,85,-2.1,-3.1,0.00,0.00,0.00,0,7,0,0,7,5.8,357,4,13.0,15.1,0,0.00,1023.5,1008.5
2020-12-25T18:00,-0.5,0.00,87,-2.5,-3.9,0.00,0.00,0.00,1,37,0,0,37,6.2,349,7,11.4,12.2,0,0.00,1023.9,1008.9
2020-12-25T19:00,-0.2,0.00,87,-2.0,-3.4,0.00,0.00,0.00,2,58,0,2,57,5.2,334,344,14.8,11.5,0,0.00,1024.4,1009.4
2020-12-25T20:00,0.5,0.00,90,-1.0,-2.8,0.00,0.00,0.00,0,8,0,0,8,6.4,339,333,17.0,14.0,0,0.00,1024.7,1009.7
2020-12-25T21:00,-0.3,0.00,93,-1.3,-3.5,0.00,0.00,0.00,1,29,0,0,29,6.3,343,336,17.0,14.4,0,0.00,1025.3,1010.3
2020-12-25T22:00,-0.8,0.00,95,-1.5,-4.0,0.00,0.00,0.00,1,31,0,0,31,5.6,341,333,15.6,14.0,0,0.00,1025.7,1010.7
2020-12-25T23:00,-1.2,0.00,95,-1.8,-4.3,0.00,0.00,0.00,1,30,0,0,30,4.9,347,343,14.1,12.6,0,0.00,1026.1,1011.0
2020-12-26T00:00,-2.2,0.00,96,-2.7,-5.6,0.00,0.00,0.00,1,33,0,0,33,6.5,347,341,11.1,11.2,0,0.00,1026.2,1011.1
2020-12-26T01:00,0.9,0.00,89,-0.6,-1.8,0.00,0.00,0.00,1,35,0,1,1,3.6,22,37,5.8,10.8,0,0.00,1025.9,1010.9
2020-12-26T02:00,-2.0,0.00,95,-2.6,-5.6,0.00,0.00,0.00,0,5,0,0,5,7.3,299,290,8.2,9.7,0,0.00,1026.2,1011.1
2020-12-26T03:00,-1.2,0.00,97,-1.6,-4.5,0.00,0.00,0.00,0,4,0,0,4,5.9,301,284,9.7,11.5,0,0.00,1026.7,1011.6
2020-12-26T04:00,-1.1,0.00,98,-1.4,-4.1,0.00,0.00,0.00,0,5,1,0,4,4.4,289,235,7.6,9.7,0,0.00,1026.9,1011.8
2020-12-26T05:00,-1.8,0.00,99,-2.0,-4.8,0.00,0.00,0.00,3,92,10,11,90,3.8,257,197,6.6,9.0,0,0.00,1027.2,1012.1
2020-12-26T06:00,-1.2,0.00,99,-1.3,-4.1,0.00,0.00,0.00,3,98,95,1,84,4.0,221,175,6.6,7.9,0,0.00,1027.1,1012.0
2020-12-26T07:00,-0.9,0.00,99,-1.1,-3.9,0.00,0.00,0.00,3,100,99,35,99,4.3,214,185,8.3,10.1,0,0.00,1027.2,1012.1
2020-12-26T08:00,-0.8,0.00,97,-1.2,-4.1,0.00,0.00,0.00,3,100,97,64,93,7.2,200,186,13.8,14.4,0,0.00,1027.4,1012.3
2020-12-26T09:00,-0.3,0.00,94,-1.1,-3.8,0.00,0.00,0.00,3,100,94,70,100,8.0,199,188,14.1,17.6,1,0.00,1027.2,1012.2
2020-12-26T10:00,0.2,0.00,92,-0.9,-3.4,0.00,0.00,0.00,3,100,95,24,98,8.9,206,201,14.0,19.8,1,0.00,1027.3,1012.3
2020-12-26T11:00,0.6,0.00,91,-0.7,-3.1,0.00,0.00,0.00,3,87,12,9,85,10.0,210,206,15.3,22.3,1,103.19,1027.3,1012.3
2020-12-26T12:00,1.6,0.00,88,-0.2,-2.2,0.00,0.00,0.00,2,58,0,4,58,10.8,218,217,15.6,24.5,1,2304.48,1027.0,1012.1
2020-12-26T13:00,2.5,0.00,87,0.6,-1.3,0.00,0.00,0.00,1,35,0,18,99,12.5,225,224,17.8,28.1,1,3600.00,1026.8,1011.9
2020-12-26T14:00,3.2,0.00,81,0.2,-0.8,0.00,0.00,0.00,3,82,0,10,82,13.0,230,226,19.2,29.2,1,401.68,1026.2,1011.4
2020-12-26T15:00,3.3,0.00,78,-0.2,-0.9,0.00,0.00,0.00,3,90,0,12,90,14.0,224,222,21.6,30.2,1,336.90,1025.3,1010.5
2020-12-26T16:00,2.8,0.00,82,-0.1,-1.3,0.00,0.00,0.00,3,99,0,9,99,13.2,219,215,22.5,29.9,1,992.50,1024.9,1010.1
2020-12-26T17:00,2.8,0.00,81,-0.1,-1.3,0.00,0.00,0.00,3,89,1,6,89,13.0,224,219,22.4,28.8,0,0.00,1024.7,1009.9
2020-12-26T18:00,2.6,0.00,81,-0.3,-1.5,0.00,0.00,0.00,3,82,0,2,82,12.7,226,223,22.7,28.4,0,0.00,1024.4,1009.6
2020-12-26T19:00,2.3,0.00,81,-0.6,-1.7,0.00,0.00,0.00,3,90,13,0,88,12.1,222,217,21.9,28.1,0,0.00,1023.6,1008.7
2020-12-26T20:00,2.0,0.00,82,-0.8,-2.2,0.00,0.00,0.00,2,56,7,0,53,13.0,211,204,23.9,28.4,0,0.00,1022.9,1008.0
2020-12-26T21:00,1.2,0.00,82,-1.5,-3.1,0.00,0.00,0.00,2,52,14,0,44,13.0,207,199,24.6,29.2,0,0.00,1022.0,1007.1
2020-12-26T22:00,0.7,0.00,78,-2.7,-3.7,0.00,0.00,0.00,1,43,27,0,23,12.6,210,204,25.0,28.4,0,0.00,1021.4,1006.5
2020-12-26T23:00,0.1,0.00,77,-3.5,-4.3,0.00,0.00,0.00,1,28,0,0,28,12.1,211,203,25.2,27.7,0,0.00,1020.3,1005.4
2020-12-27T00:00,-0.3,0.00,78,-3.6,-4.7,0.00,0.00,0.00,1,41,15,0,31,11.7,206,198,24.0,27.4,0,0.00,1019.1,1004.2
2020-12-27T01:00,1.3,0.00,77,-2.4,-3.3,0.00,0.00,0.00,3,100,69,0,94,14.1,207,199,24.1,25.9,0,0.00,1017.9,1003.1
2020-12-27T02:00,1.2,0.00,77,-2.4,-3.4,0.00,0.00,0.00,3,100,100,0,67,14.6,196,189,25.1,31.7,0,0.00,1016.1,1001.3
2020-12-27T03:00,0.7,0.00,77,-2.8,-4.0,0.00,0.00,0.00,3,100,100,0,84,15.1,187,179,27.2,33.1,0,0.00,1014.2,999.4
2020-12-27T04:00,1.0,0.00,74,-3.2,-3.7,0.00,0.00,0.00,3,100,100,0,83,14.1,191,183,25.3,33.8,0,0.00,1012.8,998.0
2020-12-27T05:00,1.1,0.00,71,-3.5,-3.4,0.00,0.00,0.00,3,100,100,0,88,13.1,183,171,23.1,31.0,0,0.00,1011.0,996.3
2020-12-27T06:00,1.2,0.00,71,-3.5,-3.3,0.00,0.00,0.00,3,100,100,0,74,13.2,181,169,23.0,29.9,0,0.00,1009.1,994.4
2020-12-27T07:00,1.3,0.00,71,-3.4,-3.1,0.00,0.00,0.00,3,100,100,1,89,12.3,177,165,22.3,29.2,0,0.00,1007.3,992.6
2020-12-27T08:00,1.3,0.00,71,-3.3,-2.9,0.00,0.00,0.00,3,100,100,5,40,11.2,178,165,20.9,27.7,0,0.00,1005.9,991.3
2020-12-27T09:00,1.2,0.00,73,-3.1,-3.1,0.00,0.00,0.00,3,100,100,12,64,11.9,173,155,22.1,25.9,1,0.00,1004.9,990.3
2020-12-27T10:00,2.2,0.00,70,-2.7,-2.1,0.00,0.00,0.00,3,100,100,39,95,12.6,167,153,23.2,28.4,1,65.26,1002.9,988.3
2020-12-27T11:00,3.1,0.00,67,-2.4,-1.4,0.00,0.00,0.00,3,100,100,23,58,13.9,168,155,26.1,30.2,1,0.00,1000.9,986.4
2020-12-27T12:00,4.3,0.00,64,-1.9,-0.2,0.00,0.00,0.00,3,100,100,26,35,14.4,165,148,28.4,32.0,1,788.39,998.5,984.1
2020-12-27T13:00,2.8,0.00,71,-1.9,-2.2,0.00,0.00,0.00,3,100,100,67,67,17.6,149,139,31.8,34.6,1,0.00,997.4,983.0
2020-12-27T14:00,3.1,0.00,68,-2.1,-1.6,0.00,0.00,0.00,3,100,100,88,89,15.8,148,139,30.6,37.4,1,0.00,995.4,981.0
2020-12-27T15:00,3.6,0.00,66,-2.2,-1.3,0.00,0.00,0.00,3,100,100,70,19,16.3,148,137,28.0,35.3,1,0.00,993.3,979.0
2020-12-27T16:00,3.8,0.10,67,-1.7,-1.2,0.10,0.00,0.00,51,100,100,99,0,18.4,149,138,32.3,38.5,1,0.00,991.5,977.2
2020-12-27T17:00,3.4,0.00,68,-1.9,-1.9,0.00,0.00,0.00,3,100,100,96,3,19.9,143,135,35.0,41.8,0,0.00,989.7,975.4
2020-12-27T18:00,2.9,0.10,65,-3.0,-2.4,0.10,0.00,0.00,51,100,100,99,4,18.9,147,138,34.2,41.8,0,0.00,988.3,974.0
2020-12-27T19:00,3.1,0.20,62,-3.4,-2.2,0.20,0.00,0.00,51,100,100,96,0,18.6,146,134,33.7,39.6,0,0.00,987.0,972.7
2020-12-27T20:00,3.2,0.10,60,-3.8,-2.3,0.10,0.00,0.00,51,100,100,100,1,19.7,141,130,35.8,40.3,0,0.00,985.9,971.6
2020-12-27T21:00,3.8,0.10,60,-3.2,-1.7,0.10,0.00,0.00,51,100,100,100,6,19.9,148,139,36.9,42.8,0,0.00,984.7,970.5
2020-12-27T22:00,4.4,0.30,65,-1.7,-0.8,0.30,0.00,0.00,51,100,97,100,65,19.4,150,140,35.3,42.1,0,0.00,984.3,970.1
2020-12-27T23:00,4.4,0.30,67,-1.2,-0.7,0.30,0.00,0.00,51,100,100,100,82,18.8,152,144,34.3,40.0,0,0.00,983.9,969.7
2020-12-28T00:00,3.2,0.60,77,-0.4,-1.7,0.60,0.00,0.00,53,100,100,100,82,18.4,147,140,35.5,39.6,0,0.00,983.6,969.4
2020-12-28T01:00,6.0,0.20,88,4.1,2.5,0.20,0.00,0.00,51,100,91,100,22,14.8,202,193,27.9,38.9,0,0.00,982.6,968.5
2020-12-28T02:00,6.1,0.80,84,3.6,1.7,0.80,0.00,0.00,53,100,100,100,47,19.7,207,201,35.4,42.8,0,0.00,982.1,968.0
2020-12-28T03:00,5.5,0.70,87,3.5,1.1,0.70,0.01,0.00,53,100,99,100,95,19.8,203,199,35.3,46.1,0,0.00,982.0,967.9
2020-12-28T04:00,5.3,0.40,89,3.6,1.6,0.40,0.01,0.00,51,100,85,100,89,14.9,195,187,27.2,43.6,0,0.00,981.8,967.7
2020-12-28T05:00,5.0,0.30,90,3.5,1.9,0.30,0.01,0.00,51,99,96,15,91,10.9,200,186,21.4,33.1,0,0.00,981.7,967.6
2020-12-28T06:00,4.3,0.10,92,3.0,1.3,0.10,0.01,0.00,51,100,100,41,53,9.4,159,140,18.1,24.5,0,0.00,981.5,967.4
2020-12-28T07:00,3.7,0.10,91,2.3,0.4,0.10,0.01,0.00,51,100,100,90,48,10.2,152,135,20.5,22.0,0,0.00,981.5,967.3
2020-12-28T08:00,3.6,0.00,90,2.1,0.3,0.00,0.01,0.00,3,100,100,100,44,10.5,146,131,21.3,21.6,0,0.00,981.7,967.5
2020-12-28T09:00,3.5,0.10,92,2.3,0.3,0.10,0.01,0.00,51,100,97,97,92,9.4,152,133,19.5,21.6,1,0.00,981.7,967.5
2020-12-28T10:00,4.1,0.20,92,2.9,1.2,0.20,0.01,0.00,51,100,99,91,99,8.7,156,138,16.1,20.5,1,0.00,981.7,967.5
2020-12-28T11:00,4.6,0.30,92,3.4,1.9,0.30,0.01,0.00,51,100,100,100,100,8.0,156,144,14.2,18.7,1,0.00,981.5,967.4
2020-12-28T12:00,4.5,0.80,92,3.4,1.7,0.80,0.01,0.00,53,100,100,100,91,8.8,168,161,15.8,18.7,1,0.00,981.3,967.2
2020-12-28T13:00,5.7,1.40,88,3.8,2.0,1.40,0.01,0.00,61,100,100,96,1,15.0,150,145,26.9,27.7,1,0.00,980.5,966.4
2020-12-28T14:00,5.8,0.40,90,4.3,2.3,0.40,0.01,0.00,51,100,100,99,84,15.0,167,163,24.8,39.2,1,0.00,980.2,966.2
2020-12-28T15:00,4.2,1.10,94,3.2,0.3,1.10,0.01,0.00,55,100,100,98,100,15.4,197,196,23.3,39.6,1,0.00,980.8,966.7
2020-12-28T16:00,3.9,0.10,95,3.2,0.7,0.10,0.01,0.00,51,100,100,96,90,10.9,202,189,19.4,33.1,1,0.00,981.0,966.8
2020-12-28T17:00,4.2,0.00,92,3.1,0.7,0.00,0.01,0.00,3,100,100,94,62,12.8,208,202,23.2,27.0,0,0.00,981.7,967.6
2020-12-28T18:00,3.9,0.10,91,2.6,0.4,0.10,0.01,0.00,51,95,88,87,13,12.4,215,210,22.8,33.5,0,0.00,981.7,967.5
2020-12-28T19:00,3.1,0.00,92,1.9,0.1,0.00,0.01,0.00,3,99,99,99,3,7.6,196,180,18.3,27.0,0,0.00,981.7,967.5
2020-12-28T20:00,2.0,0.00,92,0.8,-1.0,0.00,0.01,0.00,0,1,0,0,1,7.0,181,159,17.6,17.3,0,0.00,982.0,967.7
2020-12-28T21:00,0.9,0.00,91,-0.4,-2.4,0.00,0.01,0.00,0,0,0,0,0,7.4,166,133,17.5,17.6,0,0.00,982.5,968.2
2020-12-28T22:00,0.3,0.00,89,-1.3,-3.2,0.00,0.01,0.00,1,32,30,7,1,7.5,161,125,15.6,16.9,0,0.00,982.6,968.2
2020-12-28T23:00,0.1,0.00,87,-1.7,-3.7,0.00,0.01,0.00,3,100,100,99,0,9.5,140,115,19.7,19.4,0,0.00,982.5,968.1
2020-12-29T00:00,0.4,0.10,87,-1.5,-3.5,0.00,0.01,0.07,71,100,99,100,92,10.5,148,121,20.4,22.7,0,0.00,982.9,968.5
2020-12-29T01:00,1.9,0.10,87,-0.0,-2.3,0.00,0.01,0.07,71,95,97,93,72,14.0,130,116,27.3,25.9,0,0.00,981.9,967.6
2020-12-29T02:00,2.4,0.20,85,0.2,-1.9,0.20,0.01,0.00,51,94,90,46,38,15.1,141,128,28.2,50.0,0,0.00,981.5,967.3
2020-12-29T03:00,2.9,0.30,83,0.3,-1.1,0.30,0.01,0.00,51,97,92,65,66,12.8,182,164,25.6,42.8,0,0.00,981.9,967.7
2020-12-29T04:00,3.8,0.20,84,1.4,-0.5,0.20,0.01,0.00,51,99,98,99,83,16.1,199,190,30.5,33.5,0,0.00,982.4,968.2
2020-12-29T05:00,2.9,1.20,93,1.9,-2.2,1.20,0.01,0.00,55,100,97,99,89,22.4,215,213,37.0,51.1,0,0.00,983.6,969.4
2020-12-29T06:00,2.4,1.30,95,1.8,-2.6,1.20,0.01,0.07,71,100,98,99,91,21.6,225,224,35.9,49.7,0,0.00,984.6,970.3
2020-12-29T07:00,2.4,1.10,96,1.8,-2.1,0.90,0.01,0.14,71,99,76,97,92,18.6,235,234,31.6,54.4,0,0.00,985.9,971.6
2020-12-29T08:00,2.8,0.40,93,1.8,-1.9,0.40,0.01,0.00,51,100,77,100,100,20.1,235,234,34.2,43.6,0,0.00,987.3,973.0
2020-12-29T09:00,3.1,0.10,91,1.8,-1.9,0.10,0.01,0.00,51,98,63,29,97,21.6,238,237,35.6,46.4,1,0.00,988.9,974.6
2020-12-29T10:00,3.2,0.00,91,1.9,-1.5,0.00,0.01,0.00,3,98,88,81,73,19.7,237,235,32.6,46.4,1,0.00,990.4,976.1
2020-12-29T11:00,3.6,0.00,90,2.1,-0.8,0.00,0.01,0.00,3,100,99,96,88,18.2,233,231,30.8,42.1,1,0.00,992.0,977.7
2020-12-29T12:00,3.6,0.00,90,2.1,-0.7,0.00,0.01,0.00,3,91,22,83,85,17.4,232,230,28.7,40.3,1,0.00,992.9,978.6
2020-12-29T13:00,4.2,0.00,86,2.0,-0.0,0.00,0.01,0.00,2,65,0,18,33,16.9,231,230,25.1,42.8,1,1219.06,993.6,979.3
2020-12-29T14:00,5.0,0.00,81,2.0,1.1,0.00,0.01,0.00,1,22,0,12,17,14.3,220,219,21.5,36.0,1,3600.00,994.2,979.9
2020-12-29T15:00,5.0,0.00,81,1.9,1.6,0.00,0.01,0.00,1,35,24,6,19,10.3,213,209,17.2,31.7,1,3600.00,994.8,980.5
2020-12-29T16:00,4.0,0.00,86,1.8,1.0,0.00,0.01,0.00,0,14,1,5,9,7.9,194,180,17.8,22.7,1,3259.42,995.3,980.9
2020-12-29T17:00,2.9,0.00,89,1.2,-0.4,0.00,0.01,0.00,1,42,10,25,28,9.4,194,173,22.3,20.2,0,0.00,995.7,981.3
2020-12-29T18:00,3.3,0.00,87,1.4,-0.6,0.00,0.01,0.00,2,52,33,18,27,13.2,214,206,27.5,28.4,0,0.00,996.4,982.0
2020-12-29T19:00,3.1,0.00,89,1.4,-0.5,0.00,0.01,0.00,2,70,62,18,12,11.5,226,219,24.7,29.5,0,0.00,997.3,982.9
2020-12-29T20:00,2.2,0.10,91,0.9,-1.1,0.10,0.01,0.00,51,82,76,29,20,8.5,228,216,21.4,25.6,0,0.00,998.2,983.7
2020-12-29T21:00,1.7,0.30,92,0.6,-1.4,0.30,0.01,0.00,51,88,74,75,30,7.2,219,198,18.9,19.8,0,0.00,999.0,984.5
2020-12-29T22:00,2.0,0.20,92,0.9,-0.9,0.20,0.01,0.00,51,84,51,78,26,6.5,208,177,16.3,17.6,0,0.00,999.3,984.8
2020-12-29T23:00,2.0,0.10,92,0.9,-0.9,0.10,0.01,0.00,51,93,40,89,47,6.4,202,164,14.7,15.8,0,0.00,999.5,985.0
2020-12-30T00:00,1.7,0.00,92,0.6,-1.3,0.00,0.01,0.00,2,68,40,52,39,6.7,200,164,16.5,16.2,0,0.00,999.9,985.4
2020-12-30T01:00,2.7,0.00,92,1.6,-0.1,0.00,0.01,0.00,3,99,87,90,30,6.8,203,177,17.6,17.3,0,0.00,999.7,985.2
2020-12-30T02:00,3.1,0.10,93,2.1,0.1,0.10,0.01,0.00,51,93,89,83,24,7.9,203,183,18.1,17.6,0,0.00,999.7,985.2
2020-12-30T03:00,2.7,0.00,94,1.8,-0.4,0.00,0.01,0.00,3,87,72,75,45,8.7,202,185,19.9,19.4,0,0.00,1000.2,985.7
2020-12-30T04:00,2.4,0.00,93,1.4,-0.8,0.00,0.01,0.00,3,89,12,5,89,8.5,209,192,20.1,20.2,0,0.00,1000.6,986.1
2020-12-30T05:00,2.5,0.00,91,1.2,-0.7,0.00,0.01,0.00,3,88,79,79,27,8.6,215,202,19.4,21.2,0,0.00,1001.1,986.6
2020-12-30T06:00,1.5,0.00,92,0.4,-1.7,0.00,0.01,0.00,1,38,0,1,37,7.9,224,210,20.4,19.8,0,0.00,1001.5,986.9
2020-12-30T07:00,1.3,0.00,92,0.1,-2.0,0.00,0.01,0.00,1,26,4,2,23,7.8,229,214,19.9,19.4,0,0.00,1002.3,987.7
2020-12-30T08:00,0.9,0.00,92,-0.2,-2.3,0.00,0.01,0.00,1,22,0,1,22,7.1,223,204,18.8,18.4,0,0.00,1003.1,988.5
2020-12-30T09:00,1.0,0.00,92,-0.1,-2.4,0.00,0.01,0.00,1,39,0,4,38,8.3,217,198,19.8,18.4,1,0.00,1003.9,989.3
2020-12-30T10:00,2.0,0.00,91,0.7,-1.5,0.00,0.01,0.00,2,53,3,2,51,10.5,216,202,19.6,22.0,1,3541.95,1004.6,990.0
2020-12-30T11:00,2.9,0.00,88,1.1,-0.6,0.00,0.01,0.00,2,67,0,4,66,10.6,221,215,17.1,24.1,1,3600.00,1005.3,990.7
2020-12-30T12:00,3.6,0.00,86,1.4,0.2,0.00,0.01,0.00,2,63,4,0,61,10.7,225,222,15.8,25.2,1,3600.00,1005.3,990.8
2020-12-30T13:00,4.3,0.00,92,3.2,1.3,0.00,0.01,0.00,2,67,36,46,100,10.0,207,201,16.9,30.6,1,3600.00,1004.7,990.2
2020-12-30T14:00,4.4,0.20,93,3.4,1.3,0.20,0.01,0.00,51,64,14,15,57,10.9,220,214,17.9,29.5,1,360.88,1005.0,990.5
2020-12-30T15:00,4.4,0.00,92,3.1,1.2,0.00,0.01,0.00,2,62,0,37,52,10.7,217,213,17.5,26.3,1,3600.00,1005.2,990.7
2020-12-30T16:00,3.8,0.00,93,2.8,0.8,0.00,0.01,0.00,2,56,1,25,50,9.3,214,208,18.7,23.4,1,3319.10,1005.6,991.1
2020-12-30T17:00,3.3,0.10,94,2.4,0.1,0.10,0.01,0.00,51,42,0,14,40,10.5,224,221,21.4,21.6,0,0.00,1006.3,991.8
2020-12-30T18:00,2.9,0.10,93,2.0,-0.3,0.10,0.01,0.00,51,41,0,23,35,9.7,236,231,20.8,24.1,0,0.00,1007.0,992.4
2020-12-30T19:00,2.5,0.00,95,1.8,-0.6,0.00,0.01,0.00,1,46,0,15,45,8.4,234,227,19.1,20.9,0,0.00,1007.7,993.1
2020-12-30T20:00,2.0,0.00,97,1.6,-1.0,0.00,0.01,0.00,2,52,0,12,49,7.7,232,221,17.9,18.4,0,0.00,1008.2,993.6
2020-12-30T21:00,2.0,0.00,97,1.6,-1.1,0.00,0.01,0.00,1,41,0,6,40,8.5,228,216,18.9,18.4,0,0.00,1008.5,993.9
2020-12-30T22:00,2.0,0.00,96,1.5,-1.3,0.00,0.01,0.00,1,42,0,6,42,9.4,224,212,20.4,20.2,0,0.00,1008.9,994.2
2020-12-30T23:00,1.8,0.00,96,1.3,-1.7,0.00,0.01,0.00,2,77,69,1,26,10.9,217,207,22.6,22.3,0,0.00,1009.0,994.3
2020-12-31T00:00,1.8,0.00,96,1.2,-2.0,0.00,0.01,0.00,3,83,76,2,33,12.8,220,212,25.3,27.4,0,0.00,1009.2,994.5
2020-12-31T01:00,2.6,0.00,92,1.5,-0.9,0.00,0.01,0.00,3,89,84,79,65,10.5,216,207,20.9,27.7,0,0.00,1009.1,994.5
2020-12-31T02:00,2.0,0.00,93,1.0,-0.9,0.00,0.01,0.00,3,87,84,22,8,6.7,214,196,17.9,22.7,0,0.00,1008.7,994.1
2020-12-31T03:00,1.3,0.00,92,0.1,-2.0,0.00,0.01,0.00,3,100,88,99,9,7.6,205,185,19.5,18.0,0,0.00,1008.5,993.8
2020-12-31T04:00,0.8,0.00,91,-0.6,-2.4,0.00,0.01,0.00,2,76,73,0,12,6.8,189,162,17.9,18.0,0,0.00,1008.3,993.6
2020-12-31T05:00,0.3,0.00,91,-1.1,-3.0,0.00,0.01,0.00,1,22,0,2,20,6.4,174,142,15.9,16.6,0,0.00,1007.9,993.2
2020-12-31T06:00,-0.1,0.00,90,-1.6,-3.7,0.00,0.01,0.00,3,97,90,94,26,7.9,162,129,16.3,16.2,0,0.00,1007.6,992.9
2020-12-31T07:00,0.1,0.00,88,-1.6,-3.6,0.00,0.01,0.00,3,99,97,98,5,9.3,150,126,19.2,21.2,0,0.00,1007.2,992.5
2020-12-31T08:00,0.4,0.20,86,-1.6,-3.5,0.00,0.01,0.14,71,87,79,66,0,11.0,140,122,22.0,23.4,0,0.00,1007.1,992.4
2020-12-31T09:00,0.3,0.00,87,-1.6,-3.7,0.00,0.01,0.00,3,87,77,66,0,11.3,140,121,22.2,23.0,1,0.00,1007.2,992.5
2020-12-31T10:00,1.4,0.00,83,-1.1,-2.6,0.00,0.01,0.00,3,100,80,100,2,11.8,145,128,22.0,24.1,1,1891.38,1006.9,992.2
2020-12-31T11:00,2.2,0.10,83,-0.4,-1.7,0.00,0.01,0.07,71,98,92,98,72,11.3,159,149,20.1,24.8,1,0.00,1006.8,992.2
2020-12-31T12:00,2.0,0.80,87,-0.0,-1.8,0.10,0.01,0.49,73,99,94,98,89,11.0,169,148,18.4,24.5,1,0.00,1006.4,991.8
2020-12-31T13:00,1.7,1.40,93,0.7,-2.2,0.10,0.01,0.91,75,100,38,97,95,13.0,145,136,23.3,23.4,1,0.00,1005.3,990.7
2020-12-31T14:00,2.3,0.10,91,1.0,-1.4,0.10,0.01,0.00,51,100,0,93,99,11.5,145,131,21.0,26.6,1,0.00,1004.7,990.1
2020-12-31T15:00,2.7,0.00,89,1.1,-0.8,0.00,0.01,0.00,3,100,0,35,100,10.5,147,131,18.0,24.1,1,0.00,1004.4,989.8
2020-12-31T16:00,2.8,0.00,89,1.1,-0.5,0.00,0.01,0.00,3,99,17,56,98,9.0,149,127,16.3,21.6,1,0.00,1004.3,989.8
2020-12-31T17:00,2.9,0.00,88,1.1,-0.3,0.00,0.01,0.00,3,99,29,87,98,8.6,153,123,15.8,18.4,0,0.00,1004.4,989.9
2020-12-31T18:00,3.0,0.20,89,1.3,-0.3,0.20,0.01,0.00,51,100,69,99,96,9.2,170,138,17.2,18.7,0,0.00,1004.4,989.9
2020-12-31T19:00,3.2,0.60,91,1.9,0.1,0.60,0.01,0.00,53,100,42,100,86,8.8,183,161,18.4,19.1,0,0.00,1004.3,989.8
2020-12-31T20:00,3.3,0.60,92,2.1,0.2,0.60,0.01,0.00,53,100,45,100,88,9.1,189,173,19.3,20.5,0,0.00,1004.4,989.9
2020-12-31T21:00,3.3,0.70,92,2.1,0.3,0.70,0.01,0.00,53,100,1,100,100,8.2,178,157,16.9,20.5,0,0.00,1004.7,990.2
2020-12-31T22:00,3.1,0.50,93,2.0,0.1,0.50,0.01,0.00,53,100,81,53,99,7.9,153,129,15.3,18.4,0,0.00,1004.9,990.4
2020-12-31T23:00,3.0,0.20,92,1.8,-0.1,0.20,0.01,0.00,51,100,29,51,100,8.5,165,144,17.1,18.4,0,0.00,1005.2,990.7
2021-01-01T00:00,3.5,0.00,91,2.2,0.3,0.00,0.01,0.00,3,100,0,14,100,9.8,212,197,19.6,20.5,0,0.00,1005.3,990.8
2021-01-01T01:00,3.4,0.10,96,2.7,0.7,0.10,0.01,0.00,51,62,0,21,99,6.8,224,212,15.5,24.5,0,0.00,1005.2,990.7
2021-01-01T02:00,3.3,0.00,97,2.9,0.6,0.00,0.01,0.00,3,88,0,9,88,7.4,229,219,16.6,16.6,0,0.00,1005.3,990.8
2021-01-01T03:00,3.1,0.10,97,2.7,0.6,0.10,0.01,0.00,51,67,0,12,64,5.4,235,228,14.0,16.9,0,0.00,1005.7,991.1
2021-01-01T04:00,2.6,0.00,98,2.3,-0.1,0.00,0.01,0.00,3,100,82,99,49,6.6,234,221,15.2,14.4,0,0.00,1006.2,991.6
2021-01-01T05:00,2.6,0.00,97,2.2,-0.4,0.00,0.01,0.00,3,97,91,80,56,8.4,235,230,16.8,18.4,0,0.00,1006.5,991.9
2021-01-01T06:00,2.2,0.00,97,1.8,-0.6,0.00,0.01,0.00,3,100,95,99,78,6.4,235,227,14.5,18.0,0,0.00,1006.6,992.0
2021-01-01T07:00,2.2,0.00,96,1.7,-0.7,0.00,0.01,0.00,3,100,90,95,90,6.6,227,221,14.3,14.4,0,0.00,1007.1,992.5
2021-01-01T08:00,2.0,0.00,96,1.5,-0.9,0.00,0.01,0.00,3,100,52,61,99,7.2,227,217,14.8,15.5,0,0.00,1007.8,993.2
2021-01-01T09:00,2.0,0.00,96,1.5,-1.1,0.00,0.01,0.00,3,97,13,16,96,8.1,216,201,15.2,16.6,1,0.00,1008.4,993.8
2021-01-01T10:00,2.3,0.00,95,1.6,-0.9,0.00,0.01,0.00,3,99,11,2,99,9.4,217,212,15.4,19.8,1,0.00,1008.9,994.3
2021-01-01T11:00,2.8,0.00,94,2.0,-0.5,0.00,0.01,0.00,3,99,0,2,99,9.7,224,222,14.5,21.2,1,0.00,1009.4,994.8
2021-01-01T12:00,3.1,0.00,93,2.1,0.1,0.00,0.01,0.00,3,81,0,18,80,8.4,229,227,11.5,21.6,1,7.94,1009.5,994.9
2021-01-01T13:00,3.8,0.10,86,1.6,1.5,0.10,0.01,0.00,51,48,0,37,74,3.0,287,284,3.8,19.1,1,3600.00,1009.3,994.7
2021-01-01T14:00,3.7,0.10,87,1.8,1.3,0.10,0.01,0.00,51,67,2,43,64,3.3,279,276,4.4,10.4,1,2791.89,1009.1,994.5
2021-01-01T15:00,3.4,0.40,87,1.5,1.1,0.40,0.01,0.00,51,72,29,53,55,3.1,256,249,4.5,10.8,1,3501.00,1009.8,995.2
2021-01-01T16:00,2.7,0.10,95,2.0,0.5,0.10,0.01,0.00,51,80,25,54,71,2.5,212,188,3.4,8.6,1,1873.21,1010.1,995.5
2021-01-01T17:00,2.0,0.00,93,0.9,-0.6,0.00,0.01,0.00,3,85,26,40,76,4.2,212,200,4.7,5.8,0,0.00,1010.2,995.5
2021-01-01T18:00,2.0,0.00,95,1.2,-0.5,0.00,0.01,0.00,3,84,24,49,79,3.6,237,217,6.0,6.1,0,0.00,1010.7,996.0
2021-01-01T19:00,2.4,0.00,92,1.2,-0.1,0.00,0.01,0.00,2,79,24,31,73,3.5,261,246,4.7,6.5,0,0.00,1011.2,996.5
2021-01-01T20:00,2.4,0.00,91,1.2,0.1,0.00,0.01,0.00,2,68,37,2,50,2.5,311,8,3.8,5.0,0,0.00,1011.6,996.9
2021-01-01T21:00,0.9,0.00,95,0.2,-1.9,0.00,0.01,0.00,2,76,71,3,28,4.6,348,18,5.2,6.1,0,0.00,1011.9,997.1
2021-01-01T22:00,0.0,0.00,97,-0.4,-2.9,0.00,0.01,0.00,1,43,0,1,43,5.1,19,39,6.5,7.9,0,0.00,1012.4,997.6
2021-01-01T23:00,-0.5,0.00,97,-0.9,-3.3,0.00,0.01,0.00,2,73,0,2,72,3.8,63,73,7.2,8.3,0,0.00,1012.7,997.9
2021-01-02T00:00,-0.3,0.00,97,-0.7,-3.0,0.00,0.01,0.00,3,99,91,6,96,3.3,83,84,5.8,8.6,0,0.00,1012.9,998.1
2021-01-02T01:00,0.8,0.00,98,0.5,-1.8,0.00,0.01,0.00,3,90,0,1,88,4.0,72,63,9.4,9.4,0,0.00,1013.2,998.4
2021-01-02T02:00,0.6,0.00,96,0.1,-2.0,0.00,0.01,0.00,2,68,0,0,68,3.4,68,58,9.7,9.4,0,0.00,1013.2,998.4
2021-01-02T03:00,0.4,0.00,96,-0.1,-2.3,0.00,0.01,0.00,2,52,0,0,52,3.3,65,49,7.6,7.9,0,0.00,1013.6,998.8
2021-01-02T04:00,0.1,0.00,96,-0.4,-2.7,0.00,0.01,0.00,2,75,22,0,68,3.6,52,37,6.4,6.8,0,0.00,1013.8,999.0
2021-01-02T05:00,0.0,0.00,96,-0.5,-2.7,0.00,0.01,0.00,3,99,96,0,70,3.6,9,360,6.6,6.8,0,0.00,1013.6,998.8
2021-01-02T06:00,-0.2,0.00,97,-0.6,-3.0,0.00,0.01,0.00,3,98,96,0,60,4.0,360,360,9.0,7.2,0,0.00,1013.6,998.8
2021-01-02T07:00,-0.6,0.00,97,-1.0,-3.6,0.00,0.01,0.00,3,95,93,0,61,5.0,22,21,7.8,7.9,0,0.00,1013.6,998.7
2021-01-02T08:00,-0.4,0.00,96,-0.9,-3.2,0.00,0.01,0.00,3,80,66,1,45,3.6,40,37,9.4,7.6,0,0.00,1013.6,998.7
2021-01-02T09:00,-0.4,0.00,96,-0.9,-3.1,0.00,0.01,0.00,1,39,2,0,38,3.4,45,32,10.2,9.0,1,0.00,1013.9,999.0
2021-01-02T10:00,0.9,0.00,93,-0.1,-2.0,0.00,0.01,0.00,2,61,26,0,48,4.7,81,86,7.3,11.5,1,3560.47,1014.4,999.6
2021-01-02T11:00,1.6,0.00,92,0.4,-1.0,0.00,0.01,0.00,2,65,15,0,59,3.3,78,77,5.2,11.9,1,3600.00,1014.6,999.8
2021-01-02T12:00,2.5,0.00,88,0.8,-0.1,0.00,0.01,0.00,2,63,0,0,63,4.2,30,20,5.8,12.6,1,3600.00,1014.1,999.4
2021-01-02T13:00,3.7,0.00,71,-1.2,-0.0,0.00,0.01,0.00,3,92,58,11,66,9.4,46,43,13.5,16.2,1,3600.00,1013.6,999.0
2021-01-02T14:00,3.7,0.00,66,-2.1,-0.2,0.00,0.01,0.00,3,97,69,6,96,10.0,52,49,15.1,21.2,1,2550.47,1013.0,998.4
2021-01-02T15:00,3.6,0.00,70,-1.5,-0.4,0.00,0.01,0.00,3,93,47,1,87,11.1,55,54,18.1,24.8,1,1701.30,1013.0,998.4
2021-01-02T16:00,2.7,0.00,77,-1.0,-0.7,0.00,0.01,0.00,3,80,1,0,80,7.1,52,49,15.1,23.8,1,3514.13,1013.1,998.4
2021-01-02T17:00,2.0,0.00,81,-1.0,-1.3,0.00,0.01,0.00,3,83,51,0,67,7.1,36,24,15.5,15.5,0,0.00,1013.0,998.3
2021-01-02T18:00,1.1,0.00,85,-1.2,-2.3,0.00,0.01,0.00,2,78,59,16,64,7.8,30,22,18.2,16.9,0,0.00,1012.9,998.1
2021-01-02T19:00,1.1,0.00,84,-1.3,-2.4,0.00,0.01,0.00,3,90,31,33,83,7.8,31,22,18.1,17.3,0,0.00,1012.9,998.1
2021-01-02T20:00,1.4,0.00,81,-1.5,-2.2,0.00,0.01,0.00,3,89,6,27,86,8.1,31,21,18.1,17.6,0,0.00,1013.0,998.3
2021-01-02T21:00,1.5,0.00,79,-1.8,-2.2,0.00,0.01,0.00,3,95,0,84,82,9.3,26,13,19.2,19.4,0,0.00,1012.8,998.1
2021-01-02T22:00,1.3,0.00,78,-2.0,-2.5,0.00,0.01,0.00,3,98,85,82,74,9.4,26,18,20.0,20.2,0,0.00,1012.6,997.9
2021-01-02T23:00,1.4,0.00,78,-2.1,-2.4,0.00,0.01,0.00,3,98,95,7,65,9.6,30,20,19.5,20.9,0,0.00,1012.4,997.7
2021-01-03T00:00,0.5,0.00,83,-2.1,-3.1,0.00,0.01,0.00,3,100,99,4,69,8.0,32,18,18.3,20.5,0,0.00,1012.2,997.4
2021-01-03T01:00,1.0,0.00,81,-1.8,-2.4,0.00,0.01,0.00,3,99,97,0,98,7.3,27,9,15.3,18.4,0,0.00,1011.7,997.0
2021-01-03T02:00,1.2,0.00,81,-1.7,-2.4,0.00,0.01,0.00,3,100,99,29,93,8.7,20,5,16.9,18.4,0,0.00,1011.4,996.7
2021-01-03T03:00,1.3,0.00,80,-1.7,-2.4,0.00,0.01,0.00,3,100,100,79,96,8.9,24,14,16.1,19.8,0,0.00,1011.5,996.8
2021-01-03T04:00,1.1,0.00,82,-1.6,-2.3,0.00,0.01,0.00,3,100,100,94,97,7.2,17,360,13.9,18.7,0,0.00,1011.4,996.7
2021-01-03T05:00,0.9,0.10,85,-1.4,-2.5,0.00,0.01,0.07,71,100,100,94,99,7.3,7,351,13.8,15.8,0,0.00,1011.2,996.5
2021-01-03T06:00,0.8,0.10,86,-1.2,-2.8,0.00,0.01,0.07,71,100,99,85,86,8.7,6,355,15.9,18.0,0,0.00,1011.0,996.3
2021-01-03T07:00,0.7,0.20,88,-1.0,-2.9,0.00,0.01,0.14,71,99,98,64,24,8.8,2,351,16.9,19.1,0,0.00,1011.1,996.3
2021-01-03T08:00,0.5,0.10,91,-0.9,-2.9,0.00,0.01,0.07,71,100,98,84,76,7.7,1,349,15.8,18.7,0,0.00,1011.2,996.4
2021-01-03T09:00,0.7,0.10,91,-0.7,-2.5,0.00,0.01,0.07,71,99,99,82,46,6.5,10,354,13.9,16.2,1,0.00,1011.5,996.7
2021-01-03T10:00,1.3,0.10,89,-0.3,-1.7,0.00,0.01,0.07,71,99,98,71,32,5.2,14,348,10.7,14.0,1,0.00,1011.6,996.9
2021-01-03T11:00,1.9,0.20,87,0.0,-0.9,0.10,0.02,0.07,71,100,99,100,99,4.7,6,356,6.9,11.9,1,469.93,1012.0,997.3
2021-01-03T12:00,1.7,0.40,92,0.5,-1.0,0.10,0.02,0.21,73,100,98,100,94,4.3,338,318,6.6,12.2,1,0.00,1011.9,997.2
2021-01-03T13:00,2.4,0.30,86,0.3,-0.6,0.10,0.02,0.14,71,100,68,62,100,5.9,317,308,7.9,12.2,1,0.00,1011.7,997.0
2021-01-03T14:00,2.5,0.10,86,0.4,-0.6,0.10,0.02,0.00,51,100,83,91,100,6.6,324,319,9.3,15.8,1,0.00,1011.7,997.0
2021-01-03T15:00,2.0,0.20,92,0.8,-0.9,0.20,0.02,0.00,51,100,89,97,100,6.4,327,317,9.9,16.2,1,0.00,1011.9,997.2
2021-01-03T16:00,1.8,0.20,94,0.9,-1.0,0.20,0.02,0.00,51,99,90,87,95,5.1,335,315,7.6,13.7,1,0.00,1012.1,997.4
2021-01-03T17:00,1.5,0.10,96,0.9,-1.2,0.10,0.02,0.00,51,99,83,96,96,4.8,335,318,7.6,10.4,0,0.00,1012.3,997.6
2021-01-03T18:00,1.2,0.10,99,1.0,-1.4,0.10,0.02,0.00,51,100,66,99,98,4.7,344,328,7.9,9.7,0,0.00,1012.6,997.9
2021-01-03T19:00,1.1,0.20,100,1.0,-1.3,0.20,0.02,0.00,51,100,66,97,100,3.1,352,315,5.1,9.7,0,0.00,1012.7,997.9
2021-01-03T20:00,1.1,0.10,100,1.0,-1.1,0.10,0.02,0.00,51,100,38,98,100,1.0,360,315,1.4,6.8,0,0.00,1013.1,998.3
2021-01-03T21:00,1.0,0.10,100,1.0,-1.1,0.10,0.02,0.00,51,100,7,98,100,0.8,162,153,1.1,4.3,0,0.00,1013.3,998.5
2021-01-03T22:00,1.0,0.10,100,1.0,-1.3,0.10,0.02,0.00,51,100,3,98,100,2.6,162,164,3.4,7.2,0,0.00,1013.5,998.7
2021-01-03T23:00,1.1,0.10,100,1.0,-1.4,0.10,0.02,0.00,51,100,45,97,100,3.3,168,167,5.2,9.0,0,0.00,1013.6,998.8
2021-01-04T00:00,1.1,0.00,99,1.0,-1.3,0.00,0.02,0.00,3,100,85,97,100,3.0,170,166,4.0,9.0,0,0.00,1013.6,998.8
2021-01-04T01:00,1.4,0.00,97,1.0,-1.1,0.00,0.02,0.00,3,100,61,99,100,3.2,117,117,5.6,7.6,0,0.00,1013.7,998.9
2021-01-04T02:00,1.5,0.00,96,0.9,-1.1,0.00,0.02,0.00,3,99,73,95,98,4.3,113,114,8.2,9.4,0,0.00,1013.5,998.8
2021-01-04T03:00,1.2,0.00,97,0.8,-1.2,0.00,0.03,0.00,3,97,80,87,95,3.1,111,111,8.1,9.7,0,0.00,1013.8,999.0
2021-01-04T04:00,0.9,0.00,97,0.4,-1.7,0.00,0.03,0.00,3,98,77,85,92,3.7,108,101,9.4,7.9,0,0.00,1013.9,999.1
2021-01-04T05:00,0.7,0.00,96,0.2,-2.1,0.00,0.03,0.00,3,98,73,90,89,4.4,103,99,11.4,10.1,0,0.00,1014.0,999.2
2021-01-04T06:00,0.6,0.00,96,-0.0,-2.3,0.00,0.03,0.00,3,95,74,80,68,5.1,95,94,11.6,11.2,0,0.00,1014.0,999.2
2021-01-04T07:00,0.2,0.00,95,-0.5,-2.8,0.00,0.03,0.00,3,87,65,38,63,5.8,91,86,14.0,12.6,0,0.00,1014.4,999.6
2021-01-04T08:00,0.3,0.00,93,-0.7,-2.7,0.00,0.03,0.00,3,93,27,6,92,5.5,85,79,13.4,13.3,0,0.00,1014.4,999.6
2021-01-04T09:00,0.7,0.00,92,-0.5,-2.4,0.00,0.03,0.00,3,90,7,0,89,5.7,82,72,12.4,12.2,1,0.00,1014.6,999.8
2021-01-04T10:00,1.5,0.00,88,-0.2,-1.4,0.00,0.03,0.00,3,91,51,0,83,5.0,75,60,10.0,11.9,1,2333.76,1014.6,999.8
2021-01-04T11:00,2.3,0.00,85,0.1,-0.4,0.00,0.03,0.00,3,90,10,0,89,4.3,72,66,6.8,12.2,1,2320.08,1014.6,999.9
2021-01-04T12:00,3.2,0.00,80,0.2,0.2,0.00,0.03,0.00,3,86,11,0,85,6.5,85,84,9.0,16.2,1,3600.00,1014.3,999.6
2021-01-04T13:00,3.6,0.00,78,0.1,0.5,0.00,0.02,0.00,3,94,3,6,72,6.8,90,87,9.7,16.6,1,2993.53,1013.7,999.1
2021-01-04T14:00,3.8,0.00,70,-1.2,0.4,0.00,0.02,0.00,3,100,0,0,100,7.4,78,76,10.3,17.3,1,3600.00,1013.3,998.7
2021-01-04T15:00,3.3,0.00,75,-0.6,-0.0,0.00,0.02,0.00,3,100,0,1,100,7.8,69,68,12.3,17.3,1,0.00,1013.3,998.7
2021-01-04T16:00,2.9,0.00,76,-0.9,-0.6,0.00,0.02,0.00,3,98,0,0,98,8.6,73,68,15.0,17.6,1,0.00,1013.5,998.8
2021-01-04T17:00,2.4,0.00,74,-1.7,-1.3,0.00,0.02,0.00,3,94,7,0,94,9.2,71,64,16.7,19.1,0,0.00,1013.6,998.9
2021-01-04T18:00,2.2,0.00,74,-1.9,-1.6,0.00,0.02,0.00,3,92,24,0,90,9.0,75,67,17.6,19.4,0,0.00,1013.7,999.0
2021-01-04T19:00,1.9,0.00,76,-1.8,-1.5,0.00,0.02,0.00,3,96,0,0,96,7.0,86,78,15.2,19.4,0,0.00,1013.9,999.2
2021-01-04T20:00,1.3,0.00,81,-1.6,-1.8,0.00,0.02,0.00,3,86,1,0,86,4.5,83,61,12.3,15.5,0,0.00,1013.8,999.0
2021-01-04T21:00,1.2,0.00,82,-1.5,-1.9,0.00,0.02,0.00,3,98,76,0,92,5.1,71,45,13.0,11.9,0,0.00,1013.7,998.9
2021-01-04T22:00,1.6,0.00,81,-1.3,-1.7,0.00,0.02,0.00,3,97,83,0,87,6.1,64,45,14.8,14.0,0,0.00,1013.7,999.0
2021-01-04T23:00,1.6,0.00,82,-1.2,-1.6,0.00,0.02,0.00,3,98,90,0,86,5.8,49,30,13.3,14.0,0,0.00,1013.5,998.8
2021-01-05T00:00,1.4,0.00,84,-1.0,-2.0,0.00,0.02,0.00,3,99,95,0,92,7.2,37,27,15.7,15.5,0,0.00,1013.6,998.8
2021-01-05T01:00,1.8,0.00,84,-0.6,-1.2,0.00,0.02,0.00,3,96,87,0,100,4.8,51,42,11.5,17.3,0,0.00,1013.0,998.3
2021-01-05T02:00,2.0,0.00,87,0.1,-0.9,0.00,0.02,0.00,3,100,89,0,100,5.0,42,30,11.2,11.2,0,0.00,1013.0,998.3
2021-01-05T03:00,2.2,0.00,88,0.4,-0.9,0.00,0.02,0.00,3,100,90,0,100,7.5,43,35,14.8,15.8,0,0.00,1013.0,998.3
2021-01-05T04:00,2.3,0.00,86,0.2,-1.0,0.00,0.02,0.00,3,100,92,0,99,8.2,52,49,15.9,18.0,0,0.00,1012.9,998.2
2021-01-05T05:00,2.2,0.00,86,0.0,-1.1,0.00,0.02,0.00,3,98,93,23,92,7.5,46,35,15.5,18.0,0,0.00,1012.8,998.1
2021-01-05T06:00,2.1,0.00,85,-0.1,-1.2,0.00,0.02,0.00,3,100,86,8,100,8.4,37,25,16.7,17.3,0,0.00,1012.8,998.1
2021-01-05T07:00,2.2,0.00,84,-0.1,-1.1,0.00,0.02,0.00,3,100,69,74,100,7.7,37,28,15.4,18.0,0,0.00,1013.2,998.5
2021-01-05T08:00,2.2,0.10,85,-0.1,-0.9,0.10,0.02,0.00,51,100,61,100,100,6.6,35,22,14.0,16.6,0,0.00,1013.5,998.8
2021-01-05T09:00,2.0,0.10,88,0.2,-1.0,0.10,0.02,0.00,51,100,37,100,100,6.0,39,25,12.5,14.4,1,0.00,1013.7,999.0
2021-01-05T10:00,2.1,0.10,89,0.5,-0.7,0.10,0.03,0.00,51,100,18,100,100,5.2,42,12,10.7,13.0,1,0.00,1013.5,998.8
2021-01-05T11:00,2.5,0.10,88,0.6,-0.1,0.10,0.02,0.00,51,100,1,84,99,4.0,34,360,7.8,11.2,1,0.00,1013.7,999.0
2021-01-05T12:00,2.8,0.00,87,0.8,0.2,0.00,0.02,0.00,3,100,0,53,100,4.0,15,350,7.1,10.1,1,0.00,1013.5,998.8
2021-01-05T13:00,3.8,0.00,81,0.8,0.6,0.00,0.02,0.00,3,99,1,5,100,7.9,55,51,11.9,13.7,1,0.00,1013.2,998.6
2021-01-05T14:00,3.8,0.00,82,1.0,0.7,0.00,0.02,0.00,3,100,0,15,100,7.9,51,47,12.5,17.3,1,0.00,1012.9,998.3
2021-01-05T15:00,3.7,0.00,83,1.1,0.7,0.00,0.02,0.00,3,100,0,40,100,7.1,39,30,12.5,17.3,1,0.00,1013.1,998.5
2021-01-05T16:00,3.6,0.00,84,1.1,0.7,0.00,0.02,0.00,3,100,54,47,100,6.3,30,24,11.6,15.5,1,0.00,1013.2,998.6
2021-01-05T17:00,3.2,0.00,86,1.1,0.2,0.00,0.02,0.00,3,99,47,51,99,6.6,35,22,14.0,14.0,0,0.00,1013.4,998.7
2021-01-05T18:00,3.2,0.00,85,1.0,0.0,0.00,0.02,0.00,2,69,9,24,65,8.2,34,23,16.9,17.6,0,0.00,1013.3,998.6
2021-01-05T19:00,2.6,0.00,88,0.7,-0.5,0.00,0.02,0.00,1,21,0,11,17,7.0,32,21,17.8,17.6,0,0.00,1013.2,998.5
2021-01-05T20:00,0.7,0.00,91,-0.6,-2.4,0.00,0.02,0.00,1,46,0,33,34,5.9,50,43,16.4,15.8,0,0.00,1013.2,998.4
2021-01-05T21:00,-0.1,0.00,93,-1.2,-3.5,0.00,0.02,0.00,2,54,0,48,30,7.4,74,61,13.1,13.7,0,0.00,1013.6,998.8
2021-01-05T22:00,-0.1,0.00,92,-1.2,-3.1,0.00,0.02,0.00,2,58,7,44,40,5.2,60,25,12.4,13.7,0,0.00,1013.7,998.9
2021-01-05T23:00,0.2,0.00,91,-1.0,-2.9,0.00,0.02,0.00,2,73,7,67,34,5.6,42,15,14.0,12.2,0,0.00,1013.9,999.1
2021-01-06T00:00,0.4,0.00,91,-0.9,-2.9,0.00,0.02,0.00,3,100,1,100,82,6.9,30,6,15.3,14.8,0,0.00,1013.9,999.1
2021-01-06T01:00,1.7,0.00,94,0.8,-1.2,0.00,0.03,0.00,3,100,9,71,96,5.8,19,4,13.0,15.8,0,0.00,1013.2,998.5
2021-01-06T02:00,1.6,0.10,94,0.7,-1.2,0.00,0.03,0.07,71,95,0,70,92,5.4,34,20,10.9,13.7,0,0.00,1013.3,998.6
2021-01-06T03:00,1.3,0.10,94,0.5,-1.3,0.10,0.03,0.00,51,98,0,63,98,3.7,41,11,10.0,10.8,0,0.00,1013.6,998.8
2021-01-06T04:00,1.5,0.10,94,0.7,-1.3,0.10,0.03,0.00,51,100,100,61,98,4.8,22,347,9.7,9.7,0,0.00,1013.4,998.7
2021-01-06T05:00,1.4,0.00,93,0.4,-1.6,0.00,0.03,0.00,3,100,100,59,95,6.5,9,354,13.1,13.3,0,0.00,1013.1,998.4
2021-01-06T06:00,1.4,0.00,93,0.4,-1.5,0.00,0.03,0.00,3,100,99,96,93,5.4,13,356,12.6,14.0,0,0.00,1012.9,998.2
2021-01-06T07:00,1.3,0.00,95,0.6,-1.6,0.00,0.03,0.00,3,100,100,100,89,5.9,4,346,11.5,11.9,0,0.00,1013.0,998.3
2021-01-06T08:00,1.1,0.10,97,0.6,-1.9,0.00,0.03,0.07,71,100,100,99,34,6.2,360,339,11.2,12.2,0,0.00,1013.4,998.6
2021-01-06T09:00,1.0,0.20,98,0.7,-2.1,0.00,0.03,0.14,71,100,100,99,90,7.1,356,336,10.8,14.0,1,0.00,1013.6,998.8
2021-01-06T10:00,1.3,0.40,98,1.0,-1.7,0.10,0.03,0.21,73,100,100,100,100,7.2,352,333,10.5,15.1,1,0.00,1013.9,999.1
2021-01-06T11:00,1.4,0.50,97,1.0,-1.7,0.10,0.04,0.28,73,100,100,100,100,7.8,353,338,11.3,16.9,1,0.00,1014.0,999.2
2021-01-06T12:00,1.7,0.40,97,1.3,-1.4,0.20,0.04,0.14,71,100,100,100,100,8.1,352,339,12.4,17.6,1,0.00,1013.9,999.2
2021-01-06T13:00,2.5,0.30,88,0.8,-0.7,0.30,0.04,0.00,51,100,99,98,76,8.3,360,355,12.6,18.4,1,0.00,1013.5,998.8
2021-01-06T14:00,2.9,0.10,86,0.8,-0.2,0.10,0.04,0.00,51,100,100,98,93,6.9,360,351,10.4,18.0,1,0.00,1013.2,998.5
2021-01-06T15:00,3.1,0.10,84,0.7,0.4,0.10,0.04,0.00,51,100,99,97,100,4.8,342,333,7.2,15.1,1,0.00,1013.4,998.7
2021-01-06T16:00,2.7,0.10,91,1.4,0.2,0.10,0.04,0.00,51,100,96,99,100,4.2,311,290,7.1,10.4,1,0.00,1013.7,999.0
2021-01-06T17:00,2.4,0.10,93,1.5,-0.2,0.10,0.04,0.00,51,100,95,97,99,5.2,315,304,10.2,10.8,0,0.00,1013.9,999.2
2021-01-06T18:00,2.3,0.10,95,1.6,-0.4,0.10,0.04,0.00,51,100,93,96,98,5.4,319,312,10.0,11.5,0,0.00,1014.1,999.4
2021-01-06T19:00,2.1,0.20,96,1.6,-0.5,0.20,0.04,0.00,51,100,71,100,98,5.4,318,312,9.2,11.5,0,0.00,1014.5,999.8
2021-01-06T20:00,2.1,0.10,97,1.6,-0.5,0.10,0.04,0.00,51,100,93,100,99,4.5,310,299,8.4,11.2,0,0.00,1014.6,999.9
2021-01-06T21:00,2.1,0.10,97,1.7,-0.3,0.10,0.04,0.00,51,100,98,91,99,3.6,288,264,8.0,9.7,0,0.00,1014.7,1000.0
2021-01-06T22:00,2.1,0.10,97,1.6,-0.5,0.10,0.04,0.00,51,100,96,69,100,5.1,288,266,10.6,10.4,0,0.00,1014.7,1000.0
2021-01-06T23:00,2.1,0.10,96,1.5,-0.8,0.10,0.04,0.00,51,99,94,47,97,6.4,311,297,12.5,13.3,0,0.00,1014.9,1000.2
2021-01-07T00:00,1.8,0.00,96,1.2,-1.1,0.00,0.04,0.00,3,99,85,59,98,6.9,308,298,13.3,15.1,0,0.00,1015.2,1000.4
2021-01-07T01:00,1.9,0.00,95,1.2,-0.9,0.00,0.04,0.00,3,99,22,83,99,5.8,277,266,12.3,15.1,0,0.00,1015.4,1000.6
2021-01-07T02:00,1.9,0.10,90,0.4,-1.1,0.10,0.04,0.00,51,92,6,56,89,5.8,270,263,12.6,14.0,0,0.00,1015.4,1000.6
2021-01-07T03:00,1.4,0.00,95,0.7,-1.1,0.00,0.04,0.00,3,95,13,69,93,3.5,264,246,9.8,13.3,0,0.00,1015.4,1000.6
2021-01-07T04:00,1.3,0.00,90,-0.1,-1.7,0.00,0.04,0.00,3,92,0,41,91,6.0,243,237,12.9,13.0,0,0.00,1015.4,1000.6
2021-01-07T05:00,0.9,0.10,92,-0.3,-2.0,0.00,0.04,0.07,71,91,0,65,90,5.4,239,233,13.4,13.3,0,0.00,1015.3,1000.5
2021-01-07T06:00,0.7,0.10,95,-0.0,-2.2,0.00,0.04,0.07,71,98,0,66,97,4.7,247,238,12.1,12.2,0,0.00,1015.2,1000.4
2021-01-07T07:00,0.7,0.00,98,0.3,-2.1,0.00,0.04,0.00,3,93,0,84,91,4.7,249,238,11.2,11.9,0,0.00,1015.4,1000.6
2021-01-07T08:00,0.5,0.00,99,0.3,-2.4,0.00,0.04,0.00,3,85,0,75,83,5.5,255,247,12.7,13.0,0,0.00,1015.6,1000.8
2021-01-07T09:00,0.3,0.00,98,-0.0,-2.8,0.00,0.04,0.00,2,62,0,38,61,6.1,249,242,13.1,13.3,1,0.00,1016.0,1001.2
2021-01-07T10:00,0.5,0.00,97,0.1,-2.6,0.00,0.04,0.00,2,63,0,0,63,7.0,239,235,11.8,16.2,1,3600.00,1016.2,1001.4
2021-01-07T11:00,0.8,0.00,94,-0.0,-2.3,0.00,0.04,0.00,2,55,0,9,55,6.7,235,234,10.1,17.6,1,3600.00,1016.3,1001.5
2021-01-07T12:00,1.5,0.00,83,-1.0,-1.9,0.00,0.04,0.00,2,66,0,54,61,8.0,236,234,10.9,20.5,1,3600.00,1016.1,1001.3
2021-01-07T13:00,1.9,0.00,84,-0.5,-1.6,0.00,0.04,0.00,2,59,0,70,55,8.5,219,216,12.0,21.2,1,3600.00,1015.1,1000.3
2021-01-07T14:00,2.5,0.00,78,-0.9,-1.3,0.00,0.04,0.00,3,92,0,91,69,10.4,228,226,15.0,23.4,1,2496.27,1014.5,999.8
2021-01-07T15:00,2.9,0.00,74,-1.2,-1.0,0.00,0.04,0.00,2,56,0,52,22,10.9,226,226,16.5,24.8,1,3600.00,1014.3,999.6
2021-01-07T16:00,2.3,0.00,78,-1.2,-1.4,0.00,0.04,0.00,2,59,0,43,44,9.4,229,227,18.6,24.1,1,3600.00,1014.4,999.7
2021-01-07T17:00,1.1,0.00,84,-1.3,-2.4,0.00,0.04,0.00,2,72,0,63,45,8.4,229,223,19.9,20.5,0,0.00,1014.5,999.7
2021-01-07T18:00,1.0,0.00,89,-0.6,-2.6,0.00,0.04,0.00,2,77,0,72,45,9.5,225,217,20.4,20.5,0,0.00,1014.6,999.8
2021-01-07T19:00,0.7,0.00,92,-0.5,-3.1,0.00,0.04,0.00,3,99,0,98,71,10.8,225,217,21.9,22.7,0,0.00,1014.7,999.9
2021-01-07T20:00,0.6,0.10,91,-0.6,-3.2,0.00,0.04,0.07,71,100,0,97,100,11.2,229,222,21.9,24.1,0,0.00,1014.9,1000.1
2021-01-07T21:00,0.8,0.20,90,-0.6,-3.1,0.00,0.04,0.14,71,100,0,100,100,11.8,234,230,21.7,25.2,0,0.00,1014.9,1000.1
2021-01-07T22:00,0.8,0.20,90,-0.7,-3.2,0.00,0.04,0.14,71,100,0,100,100,11.9,238,235,21.7,25.9,0,0.00,1015.0,1000.2
2021-01-07T23:00,0.6,0.20,91,-0.7,-3.3,0.00,0.04,0.14,71,99,0,99,82,11.0,238,232,20.4,25.6,0,0.00,1015.0,1000.2
2021-01-08T00:00,0.4,0.10,92,-0.7,-3.4,0.00,0.04,0.07,71,91,26,84,67,10.7,233,225,20.8,23.8,0,0.00,1015.0,1000.2
2021-01-08T01:00,0.8,0.10,95,0.1,-2.6,0.00,0.04,0.07,71,98,16,100,94,8.9,235,227,17.1,23.0,0,0.00,1014.9,1000.1
2021-01-08T02:00,0.9,0.30,94,0.1,-2.8,0.00,0.04,0.21,73,100,0,100,100,10.8,224,217,20.1,22.7,0,0.00,1014.6,999.8
2021-01-08T03:00,0.9,0.20,94,0.0,-3.0,0.00,0.04,0.14,71,99,72,98,97,12.0,227,221,22.7,25.9,0,0.00,1014.7,999.9
2021-01-08T04:00,1.0,0.10,93,-0.0,-2.9,0.00,0.04,0.07,71,95,4,91,84,12.2,230,225,23.0,27.0,0,0.00,1014.7,999.9
2021-01-08T05:00,0.9,0.00,93,-0.1,-3.1,0.00,0.04,0.00,3,96,0,90,94,12.8,226,220,23.2,27.7,0,0.00,1014.5,999.7
2021-01-08T06:00,0.7,0.20,94,-0.1,-3.4,0.00,0.04,0.14,71,100,0,100,100,13.3,224,218,24.2,28.4,0,0.00,1014.4,999.6
2021-01-08T07:00,0.9,0.20,93,-0.0,-3.2,0.00,0.04,0.14,71,99,0,98,71,13.2,230,223,24.0,28.8,0,0.00,1014.4,999.6
2021-01-08T08:00,1.0,0.10,92,-0.2,-3.0,0.00,0.05,0.07,71,99,0,99,72,12.7,233,227,22.9,28.1,0,0.00,1015.0,1000.2
2021-01-08T09:00,0.9,0.60,93,-0.2,-3.2,0.00,0.05,0.42,73,100,0,100,98,13.2,232,227,23.3,29.2,1,0.00,1015.6,1000.8
2021-01-08T10:00,0.9,0.90,92,-0.2,-3.2,0.00,0.05,0.63,73,100,0,100,99,13.2,231,225,25.6,28.8,1,0.00,1016.2,1001.4
2021-01-08T11:00,0.9,0.70,91,-0.4,-3.2,0.00,0.05,0.49,73,100,0,98,100,13.2,231,227,22.3,28.8,1,0.00,1016.6,1001.8
2021-01-08T12:00,1.0,0.40,88,-0.7,-3.2,0.00,0.05,0.28,73,100,0,97,99,13.5,229,226,21.9,29.9,1,0.00,1016.8,1002.0
2021-01-08T13:00,1.3,0.40,92,0.1,-2.5,0.00,0.06,0.28,73,100,0,99,99,11.1,244,241,18.0,29.9,1,0.00,1016.2,1001.4
2021-01-08T14:00,1.3,0.40,92,0.1,-2.3,0.00,0.06,0.28,73,100,0,98,100,10.5,247,243,17.3,24.8,1,0.00,1016.3,1001.5
2021-01-08T15:00,1.4,0.30,91,0.1,-2.1,0.00,0.06,0.21,73,99,0,93,98,9.3,246,242,15.3,23.4,1,0.00,1016.5,1001.7
2021-01-08T16:00,1.2,0.10,94,0.3,-1.9,0.00,0.06,0.07,71,95,0,88,90,7.2,246,233,13.0,20.2,1,0.00,1016.9,1002.1
2021-01-08T17:00,0.9,0.10,95,0.2,-2.1,0.10,0.06,0.00,51,91,0,81,83,5.9,247,227,12.1,14.8,0,0.00,1017.4,1002.6
2021-01-08T18:00,0.6,0.10,96,0.0,-2.2,0.00,0.06,0.07,71,99,0,88,99,4.9,245,216,11.1,12.6,0,0.00,1017.9,1003.0
2021-01-08T19:00,0.5,0.10,96,-0.0,-2.5,0.00,0.06,0.07,71,97,0,92,96,6.3,238,211,12.3,12.2,0,0.00,1018.4,1003.5
2021-01-08T20:00,0.5,0.10,96,-0.1,-2.6,0.00,0.06,0.07,71,96,0,87,96,6.1,246,220,12.2,13.0,0,0.00,1018.7,1003.8
2021-01-08T21:00,0.5,0.10,95,-0.1,-2.3,0.00,0.06,0.07,71,98,0,68,98,4.8,272,243,11.2,12.6,0,0.00,1019.2,1004.3
2021-01-08T22:00,0.6,0.00,94,-0.2,-2.1,0.00,0.06,0.00,2,64,0,26,62,4.1,307,285,10.8,10.8,0,0.00,1019.5,1004.6
2021-01-08T23:00,-0.3,0.00,96,-0.9,-3.3,0.00,0.06,0.00,3,81,0,7,81,4.6,327,309,10.7,9.7,0,0.00,1019.7,1004.8
2021-01-09T00:00,-0.5,0.00,95,-1.2,-3.6,0.00,0.06,0.00,2,69,0,9,69,5.4,336,307,8.7,10.4,0,0.00,1020.2,1005.2
2021-01-09T01:00,-1.1,0.00,97,-1.5,-4.4,0.00,0.06,0.00,2,77,0,13,100,6.1,261,225,8.8,9.4,0,0.00,1020.4,1005.4
2021-01-09T02:00,0.3,0.00,96,-0.3,-2.2,0.00,0.06,0.00,3,93,0,25,92,1.9,300,292,5.0,9.0,0,0.00,1020.5,1005.6
2021-01-09T03:00,0.3,0.00,94,-0.5,-2.0,0.00,0.06,0.00,2,62,0,21,61,0.7,331,90,3.7,4.7,0,0.00,1020.7,1005.8
2021-01-09T04:00,-0.8,0.00,97,-1.2,-3.7,0.00,0.06,0.00,2,76,0,8,75,3.7,315,299,6.1,6.5,0,0.00,1021.0,1006.0
2021-01-09T05:00,-0.4,0.00,97,-0.7,-3.3,0.00,0.06,0.00,3,93,0,0,93,4.4,334,325,11.6,9.7,0,0.00,1021.3,1006.3
2021-01-09T06:00,-0.2,0.00,97,-0.6,-3.3,0.00,0.06,0.00,2,63,0,0,63,5.9,360,346,12.2,13.0,0,0.00,1021.5,1006.5
2021-01-09T07:00,-0.9,0.00,96,-1.4,-3.9,0.00,0.06,0.00,1,27,0,0,27,4.4,18,351,10.6,12.6,0,0.00,1021.6,1006.6
2021-01-09T08:00,-2.8,0.00,95,-3.5,-6.2,0.00,0.06,0.00,0,3,0,0,3,5.0,24,360,10.6,11.2,0,0.00,1022.3,1007.2
2021-01-09T09:00,-2.0,0.00,94,-2.8,-5.5,0.00,0.06,0.00,0,6,0,0,6,6.2,34,21,13.5,12.6,1,21.04,1023.0,1007.9
2021-01-09T10:00,-0.9,0.00,90,-2.4,-4.4,0.00,0.06,0.00,0,2,0,0,2,6.6,45,41,10.7,15.8,1,3600.00,1023.5,1008.5
2021-01-09T11:00,0.2,0.00,85,-2.0,-3.1,0.00,0.06,0.00,0,1,0,0,1,5.9,42,38,8.7,16.2,1,3600.00,1023.7,1008.7
2021-01-09T12:00,1.5,0.00,78,-2.0,-2.1,0.00,0.06,0.00,1,31,0,0,31,7.6,35,31,10.6,19.1,1,3600.00,1023.7,1008.8
2021-01-09T13:00,2.8,0.00,71,-2.0,-0.7,0.00,0.06,0.00,2,51,0,0,50,7.2,21,18,10.0,20.2,1,3600.00,1023.0,1008.2
2021-01-09T14:00,3.0,0.00,68,-2.4,-1.0,0.00,0.06,0.00,2,54,0,0,54,10.2,12,8,14.3,23.4,1,3600.00,1023.0,1008.2
2021-01-09T15:00,2.4,0.00,70,-2.4,-1.7,0.00,0.06,0.00,1,48,0,0,48,11.4,15,11,16.4,24.8,1,3600.00,1023.2,1008.4
2021-01-09T16:00,1.6,0.00,75,-2.3,-2.3,0.00,0.06,0.00,2,77,0,0,77,10.0,19,15,17.5,24.8,1,3600.00,1023.7,1008.8
2021-01-09T17:00,0.6,0.00,80,-2.4,-3.1,0.00,0.06,0.00,2,73,0,0,73,8.4,28,20,17.9,20.9,0,0.00,1023.9,1009.0
2021-01-09T18:00,-0.3,0.00,84,-2.6,-4.1,0.00,0.06,0.00,0,7,0,0,7,8.9,28,21,19.5,18.0,0,0.00,1023.9,1008.9
2021-01-09T19:00,-1.5,0.00,87,-3.3,-5.4,0.00,0.06,0.00,0,1,0,0,1,9.3,29,28,21.7,19.4,0,0.00,1024.2,1009.1
2021-01-09T20:00,-1.9,0.00,87,-3.7,-6.0,0.00,0.06,0.00,0,1,0,0,1,9.5,35,37,21.5,19.4,0,0.00,1024.6,1009.5
2021-01-09T21:00,-2.1,0.00,87,-4.0,-6.2,0.00,0.06,0.00,1,25,0,0,25,9.4,40,43,21.7,19.4,0,0.00,1025.0,1009.9
2021-01-09T22:00,-1.8,0.00,84,-4.1,-5.8,0.00,0.06,0.00,1,37,0,1,37,9.0,47,53,21.1,19.8,0,0.00,1025.1,1010.0
2021-01-09T23:00,-1.6,0.00,83,-4.1,-5.5,0.00,0.06,0.00,1,38,0,0,38,8.6,51,57,20.0,18.7,0,0.00,1025.3,1010.2
2021-01-10T00:00,-2.1,0.00,86,-4.2,-5.9,0.00,0.06,0.00,0,14,0,0,14,7.2,49,53,17.6,17.3,0,0.00,1025.3,1010.2
2021-01-10T01:00,-0.7,0.00,85,-2.9,-4.1,0.00,0.06,0.00,0,17,0,20,74,6.3,60,59,15.3,14.8,0,0.00,1025.0,1010.0
2021-01-10T02:00,-0.7,0.00,84,-3.0,-4.2,0.00,0.06,0.00,2,71,0,3,71,6.4,62,63,15.5,14.0,0,0.00,1024.9,1009.9
2021-01-10T03:00,-0.9,0.00,85,-3.0,-4.3,0.00,0.06,0.00,2,62,0,0,62,6.0,71,73,15.3,13.3,0,0.00,1025.2,1010.2
2021-01-10T04:00,-1.5,0.00,88,-3.2,-4.8,0.00,0.06,0.00,2,73,0,1,73,5.1,80,82,14.3,12.2,0,0.00,1025.2,1010.1
2021-01-10T05:00,-1.9,0.00,89,-3.4,-5.2,0.00,0.06,0.00,1,48,0,1,48,4.3,85,85,12.3,11.2,0,0.00,1025.0,1009.9
2021-01-10T06:00,-3.3,0.00,90,-4.7,-6.8,0.00,0.06,0.00,1,20,0,1,20,5.1,90,86,10.4,11.2,0,0.00,1025.1,1009.9
2021-01-10T07:00,-3.1,0.00,90,-4.5,-6.6,0.00,0.06,0.00,0,5,0,1,5,5.4,97,90,13.8,11.5,0,0.00,1025.0,1009.8
2021-01-10T08:00,-3.3,0.00,90,-4.7,-6.8,0.00,0.06,0.00,0,3,0,1,3,5.4,93,82,15.1,12.2,0,0.00,1025.5,1010.3
2021-01-10T09:00,-2.6,0.00,89,-4.1,-6.2,0.00,0.06,0.00,0,4,0,1,3,6.2,94,83,14.8,13.0,1,44.44,1025.7,1010.5
2021-01-10T10:00,-0.6,0.00,83,-3.1,-3.9,0.00,0.06,0.00,0,1,0,0,1,4.7,92,81,11.2,14.0,1,3600.00,1025.6,1010.6
2021-01-10T11:00,1.2,0.00,77,-2.4,-1.9,0.00,0.06,0.00,0,0,0,0,0,4.1,80,75,6.2,12.6,1,3600.00,1025.7,1010.8
2021-01-10T12:00,2.3,0.00,71,-2.4,-0.8,0.00,0.06,0.00,0,2,0,0,2,4.2,66,59,6.3,13.7,1,3600.00,1025.5,1010.6
2021-01-10T13:00,2.8,0.00,60,-4.3,-0.8,0.00,0.06,0.00,1,32,0,0,0,5.9,43,38,8.4,17.3,1,3600.00,1024.7,1009.9
2021-01-10T14:00,3.2,0.00,58,-4.2,-0.5,0.00,0.06,0.00,1,25,0,0,25,6.8,66,65,9.8,17.3,1,3600.00,1024.3,1009.5
2021-01-10T15:00,3.1,0.00,59,-4.1,-0.3,0.00,0.06,0.00,1,37,0,0,37,5.4,75,70,8.2,16.9,1,3600.00,1024.0,1009.2
2021-01-10T16:00,1.1,0.00,78,-2.3,-2.2,0.00,0.06,0.00,1,44,0,0,44,5.4,57,37,7.3,12.2,1,3600.00,1024.4,1009.5
2021-01-10T17:00,-1.6,0.00,82,-4.3,-5.3,0.00,0.06,0.00,2,56,0,0,56,6.6,62,45,9.8,11.2,0,166.81,1024.7,1009.6
2021-01-10T18:00,-1.5,0.00,84,-3.8,-4.8,0.00,0.06,0.00,2,53,0,0,53,4.8,84,63,13.4,11.2,0,0.00,1024.8,1009.7
2021-01-10T19:00,-1.2,0.00,82,-3.8,-4.8,0.00,0.06,0.00,1,45,0,0,45,6.5,78,56,15.1,13.3,0,0.00,1024.9,1009.8
2021-01-10T20:00,-2.3,0.00,86,-4.4,-6.1,0.00,0.06,0.00,0,1,0,0,1,6.9,68,62,16.3,13.7,0,0.00,1025.0,1009.9
2021-01-10T21:00,-2.8,0.00,86,-4.8,-6.6,0.00,0.06,0.00,0,0,0,0,0,7.2,86,90,17.0,14.4,0,0.00,1024.9,1009.8
2021-01-10T22:00,-3.1,0.00,87,-5.0,-6.9,0.00,0.06,0.00,0,0,0,0,0,6.8,96,93,17.0,14.8,0,0.00,1025.3,1010.1
2021-01-10T23:00,-3.5,0.00,88,-5.2,-7.2,0.00,0.06,0.00,0,0,0,0,0,6.1,98,90,16.0,14.4,0,0.00,1025.5,1010.3
2021-01-11T00:00,-4.4,0.00,90,-5.8,-8.1,0.00,0.06,0.00,0,0,0,0,0,5.4,105,98,12.7,13.0,0,0.00,1025.7,1010.5
2021-01-11T01:00,-4.5,0.00,92,-5.7,-8.5,0.00,0.06,0.00,0,0,0,0,13,7.7,133,127,9.4,10.4,0,0.00,1025.2,1010.0
2021-01-11T02:00,-3.7,0.00,92,-4.9,-7.2,0.00,0.06,0.00,2,57,0,0,57,4.7,118,99,10.6,11.5,0,0.00,1025.2,1010.0
2021-01-11T03:00,-2.9,0.00,91,-4.1,-6.3,0.00,0.06,0.00,2,70,0,0,70,5.4,118,110,12.2,10.8,0,0.00,1025.4,1010.2
2021-01-11T04:00,-3.4,0.00,93,-4.3,-6.8,0.00,0.06,0.00,2,69,0,0,69,4.6,113,108,9.4,10.8,0,0.00,1025.4,1010.2
2021-01-11T05:00,-3.0,0.00,96,-3.5,-6.3,0.00,0.06,0.00,2,72,0,0,72,4.7,122,122,8.9,10.4,0,0.00,1025.0,1009.8
2021-01-11T06:00,-3.5,0.00,98,-3.8,-6.8,0.00,0.06,0.00,3,100,0,0,100,4.3,113,114,5.5,11.9,0,0.00,1025.0,1009.8
2021-01-11T07:00,-3.7,0.00,97,-4.1,-7.2,0.00,0.06,0.00,3,100,0,0,100,5.6,129,130,7.9,13.7,0,0.00,1024.9,1009.7
2021-01-11T08:00,-3.7,0.00,97,-4.1,-7.3,0.00,0.06,0.00,3,100,0,0,100,6.7,127,126,9.5,15.1,0,0.00,1025.1,1009.9
2021-01-11T09:00,-3.4,0.00,96,-4.0,-7.0,0.00,0.06,0.00,3,100,0,1,100,5.8,122,120,8.9,15.8,1,0.00,1025.5,1010.3
2021-01-11T10:00,-2.5,0.00,89,-4.1,-6.4,0.00,0.06,0.00,2,79,7,1,78,7.9,135,133,11.2,19.1,1,0.00,1025.3,1010.2
2021-01-11T11:00,-0.8,0.00,77,-4.3,-4.5,0.00,0.06,0.00,1,36,27,19,7,6.9,143,141,9.5,20.2,1,3600.00,1025.3,1010.3
2021-01-11T12:00,0.6,0.00,67,-4.7,-3.1,0.00,0.06,0.00,1,39,24,24,3,6.7,164,164,9.3,19.1,1,3600.00,1024.6,1009.6
2021-01-11T13:00,-0.1,0.00,67,-5.4,-3.9,0.00,0.06,0.00,1,45,90,21,2,6.5,175,180,9.0,19.8,1,3600.00,1024.6,1009.6
2021-01-11T14:00,0.4,0.00,62,-6.0,-3.6,0.00,0.06,0.00,2,55,38,31,2,7.5,192,197,10.3,20.5,1,3600.00,1023.8,1008.8
2021-01-11T15:00,0.2,0.00,63,-6.0,-3.9,0.00,0.06,0.00,2,55,0,55,1,8.2,202,203,11.6,19.4,1,3600.00,1023.3,1008.3
2021-01-11T16:00,-0.9,0.00,69,-5.8,-4.6,0.00,0.06,0.00,1,48,34,30,0,5.8,207,202,12.9,19.8,1,3600.00,1023.2,1008.2
2021-01-11T17:00,-2.6,0.00,80,-5.5,-6.7,0.00,0.06,0.00,1,36,23,29,0,8.3,196,180,19.5,16.9,0,122.83,1022.8,1007.7
2021-01-11T18:00,-2.9,0.00,81,-5.7,-7.0,0.00,0.06,0.00,2,66,35,50,9,7.9,204,183,19.7,17.6,0,0.00,1022.5,1007.4
2021-01-11T19:00,-2.9,0.00,77,-6.4,-7.0,0.00,0.06,0.00,2,76,44,68,8,8.3,215,198,20.7,17.6,0,0.00,1022.5,1007.4
2021-01-11T20:00,-2.7,0.00,72,-7.0,-7.2,0.00,0.06,0.00,3,95,88,66,39,10.4,215,200,23.3,22.0,0,0.00,1022.1,1007.0
2021-01-11T21:00,-1.9,0.00,69,-6.7,-6.8,0.00,0.06,0.00,3,95,3,70,90,13.0,217,208,25.7,27.7,0,0.00,1021.6,1006.6
2021-01-11T22:00,-1.4,0.00,68,-6.6,-6.5,0.00,0.06,0.00,3,88,0,4,88,14.4,217,212,27.2,31.0,0,0.00,1020.9,1005.9
2021-01-11T23:00,-1.1,0.00,66,-6.6,-6.3,0.00,0.06,0.00,3,98,68,2,93,14.8,223,219,27.8,32.0,0,0.00,1020.6,1005.6
2021-01-12T00:00,-0.6,0.00,64,-6.5,-6.0,0.00,0.06,0.00,3,100,100,2,90,16.6,220,214,30.4,36.0,0,0.00,1020.1,1005.1
2021-01-12T01:00,0.1,0.00,74,-4.0,-5.1,0.00,0.06,0.00,3,100,99,6,92,17.3,219,216,30.2,38.2,0,0.00,1019.6,1004.7
2021-01-12T02:00,0.3,0.00,75,-3.6,-5.1,0.00,0.06,0.00,3,100,99,32,100,19.5,218,214,33.3,41.8,0,0.00,1018.8,1003.9
2021-01-12T03:00,0.6,0.10,76,-3.1,-4.9,0.00,0.06,0.07,71,100,100,81,100,20.5,221,218,34.9,44.6,0,0.00,1018.2,1003.3
2021-01-12T04:00,0.8,0.10,79,-2.5,-4.8,0.00,0.06,0.07,71,100,100,100,96,21.0,222,218,35.9,45.4,0,0.00,1017.6,1002.8
2021-01-12T05:00,0.9,0.10,79,-2.3,-4.8,0.00,0.06,0.07,71,100,99,100,96,22.6,220,217,38.1,48.6,0,0.00,1016.3,1001.5
2021-01-12T06:00,1.0,0.10,81,-1.9,-4.8,0.00,0.06,0.07,71,100,100,100,98,23.2,219,216,39.2,50.4,0,0.00,1015.3,1000.5
2021-01-12T07:00,1.2,0.30,83,-1.4,-4.6,0.00,0.06,0.21,73,100,100,100,86,23.7,223,221,40.0,51.8,0,0.00,1014.3,999.5
2021-01-12T08:00,1.3,1.00,87,-0.6,-4.6,0.00,0.06,0.70,73,100,100,100,64,25.2,226,223,42.5,54.7,0,0.00,1013.6,998.8
2021-01-12T09:00,1.3,1.00,89,-0.2,-4.7,0.00,0.07,0.70,73,100,100,100,68,26.5,229,227,44.4,57.6,1,0.00,1013.3,998.5
2021-01-12T10:00,1.5,1.00,91,0.1,-4.6,0.10,0.07,0.63,73,100,100,100,84,27.2,225,223,46.1,59.4,1,0.00,1012.8,998.1
2021-01-12T11:00,1.6,1.00,93,0.6,-4.3,0.20,0.08,0.56,73,100,6,100,92,26.5,225,224,45.1,59.8,1,0.00,1012.5,997.8
2021-01-12T12:00,1.7,0.50,94,0.8,-4.0,0.20,0.08,0.21,73,100,0,100,91,25.2,227,224,42.8,58.0,1,0.00,1012.0,997.3
2021-01-12T13:00,1.6,0.20,91,0.3,-4.2,0.20,0.08,0.00,51,100,0,100,86,25.0,230,229,42.7,55.1,1,0.00,1011.2,996.5
2021-01-12T14:00,2.0,0.50,92,0.8,-3.7,0.20,0.08,0.21,73,100,0,100,85,25.3,231,229,43.0,55.4,1,0.00,1010.7,996.0
2021-01-12T15:00,2.1,0.40,94,1.2,-3.4,0.40,0.08,0.00,51,100,0,100,82,24.3,232,230,41.6,55.8,1,0.00,1010.5,995.8
2021-01-12T16:00,2.3,0.20,94,1.4,-2.9,0.20,0.08,0.00,51,98,0,97,91,22.7,236,234,39.1,52.9,1,0.00,1010.8,996.1
2021-01-12T17:00,2.5,0.30,94,1.6,-2.5,0.30,0.08,0.00,51,100,0,99,99,21.6,239,237,38.0,49.3,0,0.00,1011.2,996.5
2021-01-12T18:00,2.6,0.70,94,1.8,-2.1,0.70,0.07,0.00,53,100,0,99,100,19.7,243,242,35.4,46.8,0,0.00,1011.7,997.0
2021-01-12T19:00,2.7,0.60,94,1.8,-1.3,0.60,0.07,0.00,53,100,0,99,100,14.8,260,257,28.5,42.5,0,0.00,1012.7,998.0
2021-01-12T20:00,2.8,0.60,95,2.0,-0.7,0.60,0.07,0.00,53,99,0,96,99,11.1,310,299,23.5,32.0,0,0.00,1013.8,999.1
2021-01-12T21:00,2.7,0.00,90,1.2,-1.0,0.00,0.07,0.00,1,20,0,14,18,12.5,315,309,23.9,27.7,0,0.00,1014.7,1000.0
2021-01-12T22:00,0.5,0.00,93,-0.4,-2.7,0.00,0.07,0.00,0,2,0,1,2,7.0,310,305,19.4,27.0,0,0.00,1015.7,1000.9
2021-01-12T23:00,-0.4,0.00,93,-1.4,-3.7,0.00,0.07,0.00,1,45,0,1,45,6.6,299,292,18.5,16.9,0,0.00,1016.7,1001.8
2021-01-13T00:00,-0.2,0.00,92,-1.3,-3.4,0.00,0.07,0.00,1,43,0,0,43,6.3,300,294,17.4,16.2,0,0.00,1017.9,1003.0
2021-01-13T01:00,-0.6,0.00,91,-1.8,-3.9,0.00,0.07,0.00,1,40,0,0,26,6.6,302,292,17.8,15.1,0,0.00,1018.2,1003.3
2021-01-13T02:00,-0.8,0.00,91,-2.1,-4.0,0.00,0.07,0.00,0,6,0,0,6,5.2,295,282,15.5,14.4,0,0.00,1018.6,1003.7
2021-01-13T03:00,-1.3,0.00,91,-2.5,-4.6,0.00,0.07,0.00,0,12,0,0,12,5.4,289,270,14.5,13.0,0,0.00,1019.0,1004.0
2021-01-13T04:00,-1.1,0.00,91,-2.4,-4.4,0.00,0.07,0.00,0,4,0,0,4,5.2,274,245,14.8,12.6,0,0.00,1019.2,1004.2
2021-01-13T05:00,-1.3,0.00,92,-2.5,-4.6,0.00,0.07,0.00,0,1,1,0,0,5.7,263,235,15.6,13.0,0,0.00,1019.4,1004.4
2021-01-13T06:00,-1.5,0.00,92,-2.6,-4.9,0.00,0.07,0.00,2,59,59,0,0,5.9,260,232,16.1,13.7,0,0.00,1019.6,1004.6
2021-01-13T07:00,-1.7,0.00,93,-2.8,-5.0,0.00,0.07,0.00,1,47,47,0,1,5.1,260,231,15.0,13.7,0,0.00,1019.7,1004.7
2021-01-13T08:00,-1.6,0.00,92,-2.7,-4.9,0.00,0.07,0.00,1,41,41,1,1,5.4,261,228,15.7,13.3,0,0.00,1020.0,1005.0
2021-01-13T09:00,-1.1,0.00,92,-2.2,-4.5,0.00,0.07,0.00,0,4,0,3,3,6.4,257,223,15.9,14.8,1,73.65,1020.5,1005.5
2021-01-13T10:00,0.4,0.00,91,-0.9,-3.3,0.00,0.07,0.00,1,46,23,7,28,9.3,238,216,17.0,19.4,1,3600.00,1020.4,1005.5
2021-01-13T11:00,2.0,0.00,88,0.2,-1.8,0.00,0.07,0.00,1,26,19,1,9,11.6,240,234,19.5,25.9,1,3600.00,1020.4,1005.6
2021-01-13T12:00,3.4,0.00,82,0.5,-1.5,0.00,0.07,0.00,1,37,0,0,37,19.4,251,252,28.1,39.2,1,3600.00,1020.1,1005.4
2021-01-13T13:00,3.2,0.00,80,0.0,-1.5,0.00,0.07,0.00,1,30,0,0,87,17.6,255,255,28.4,44.6,1,3600.00,1019.6,1004.9
2021-01-13T14:00,3.6,0.00,75,-0.4,-1.0,0.00,0.07,0.00,2,63,0,1,63,16.7,252,251,28.3,38.2,1,3600.00,1018.6,1003.9
2021-01-13T15:00,3.6,0.00,70,-1.4,-1.4,0.00,0.06,0.00,2,61,24,0,49,18.6,254,255,30.7,42.5,1,3600.00,1017.9,1003.2
2021-01-13T16:00,2.9,0.00,75,-1.1,-1.9,0.00,0.06,0.00,2,75,46,0,55,17.1,255,255,29.9,40.3,1,3600.00,1017.5,1002.8
2021-01-13T17:00,1.9,0.00,84,-0.6,-2.4,0.00,0.06,0.00,3,84,69,0,51,14.6,254,254,28.0,36.7,0,0.00,1016.9,1002.1
2021-01-13T18:00,1.9,0.00,87,0.0,-1.9,0.00,0.06,0.00,3,99,49,1,98,11.9,265,268,23.9,32.4,0,0.00,1016.3,1001.5
2021-01-13T19:00,2.5,0.00,90,0.9,-1.0,0.00,0.06,0.00,3,100,99,83,99,10.5,260,266,21.5,26.6,0,0.00,1015.7,1001.0
2021-01-13T20:00,2.9,0.00,92,1.7,-0.4,0.00,0.06,0.00,3,100,75,97,100,9.7,263,268,20.7,24.5,0,0.00,1015.3,1000.6
2021-01-13T21:00,3.1,0.00,92,2.0,-0.1,0.00,0.06,0.00,3,100,8,98,100,9.1,275,279,19.9,22.7,0,0.00,1015.0,1000.3
2021-01-13T22:00,3.2,0.00,93,2.1,-0.2,0.00,0.06,0.00,3,100,56,97,100,11.0,292,293,21.8,24.1,0,0.00,1015.1,1000.4
2021-01-13T23:00,3.1,0.00,93,2.2,-0.3,0.00,0.06,0.00,3,97,40,92,51,11.4,298,294,22.4,25.9,0,0.00,1015.5,1000.8
2021-01-14T00:00,2.8,0.00,94,1.9,-0.8,0.00,0.06,0.00,3,92,0,91,23,12.0,295,291,23.5,26.6,0,0.00,1015.7,1001.0
2021-01-14T01:00,2.7,0.00,88,0.9,-0.9,0.00,0.06,0.00,3,89,30,85,40,10.7,292,290,22.1,27.4,0,0.00,1015.4,1000.7
2021-01-14T02:00,2.8,0.00,87,0.8,-1.2,0.00,0.06,0.00,3,99,42,93,91,13.2,286,281,25.9,28.8,0,0.00,1015.6,1000.9
2021-01-14T03:00,3.0,0.00,84,0.5,-1.1,0.00,0.06,0.00,3,100,2,100,90,14.1,294,289,26.0,32.0,0,0.00,1016.1,1001.4
2021-01-14T04:00,2.8,0.20,85,0.5,-1.1,0.20,0.06,0.00,51,99,0,99,82,13.1,305,302,23.8,31.3,0,0.00,1016.6,1001.9
2021-01-14T05:00,2.4,0.10,88,0.7,-1.5,0.10,0.06,0.00,51,100,20,100,27,13.0,310,304,23.0,28.8,0,0.00,1017.0,1002.3
2021-01-14T06:00,2.0,0.10,89,0.3,-1.8,0.10,0.06,0.00,51,97,9,97,3,11.5,308,302,21.0,28.4,0,0.00,1017.6,1002.8
2021-01-14T07:00,1.4,0.00,90,-0.1,-2.0,0.00,0.06,0.00,3,100,63,100,4,8.6,308,303,17.9,24.8,0,0.00,1018.2,1003.4
2021-01-14T08:00,0.8,0.00,92,-0.4,-2.2,0.00,0.06,0.00,3,100,94,100,4,5.9,314,308,15.0,19.1,0,0.00,1019.0,1004.1
2021-01-14T09:00,0.8,0.00,91,-0.5,-2.2,0.00,0.06,0.00,3,100,93,100,1,5.5,315,302,13.7,13.7,1,0.00,1019.5,1004.6
2021-01-14T10:00,1.1,0.00,90,-0.4,-1.8,0.00,0.06,0.00,3,100,91,100,1,4.9,328,324,11.5,12.6,1,0.00,1020.1,1005.2
2021-01-14T11:00,1.3,0.00,88,-0.5,-1.5,0.00,0.06,0.00,3,99,77,99,0,4.3,342,336,9.1,11.2,1,0.00,1020.5,1005.6
2021-01-14T12:00,1.6,0.00,82,-1.1,-1.3,0.00,0.06,0.00,3,99,62,98,0,4.1,350,345,6.2,11.5,1,0.00,1020.6,1005.8
2021-01-14T13:00,1.8,0.00,81,-1.2,-1.1,0.00,0.06,0.00,3,94,90,99,2,3.8,27,17,5.6,11.9,1,0.00,1020.5,1005.7
2021-01-14T14:00,2.1,0.00,77,-1.5,-0.4,0.00,0.06,0.00,3,99,81,99,17,0.8,135,153,1.5,9.4,1,0.00,1020.2,1005.4
2021-01-14T15:00,2.1,0.00,78,-1.2,-0.6,0.00,0.06,0.00,3,99,96,99,19,2.6,142,146,4.1,7.2,1,0.00,1020.0,1005.2
2021-01-14T16:00,1.6,0.00,86,-0.4,-1.0,0.00,0.06,0.00,3,100,98,100,7,3.1,145,144,7.5,7.2,1,0.00,1019.9,1005.1
2021-01-14T17:00,0.6,0.00,91,-0.7,-2.2,0.00,0.06,0.00,3,100,97,100,9,3.9,149,146,9.7,8.6,0,0.00,1020.0,1005.1
2021-01-14T18:00,0.5,0.00,91,-0.7,-2.4,0.00,0.06,0.00,3,99,96,98,29,4.6,131,108,12.0,10.1,0,0.00,1019.8,1004.9
2021-01-14T19:00,0.5,0.00,89,-1.1,-3.0,0.00,0.06,0.00,3,99,95,98,11,8.0,116,100,18.4,16.9,0,0.00,1019.6,1004.7
2021-01-14T20:00,0.4,0.00,84,-2.1,-3.6,0.00,0.06,0.00,3,100,97,100,0,10.5,103,94,22.2,21.6,0,0.00,1019.3,1004.4
2021-01-14T21:00,0.3,0.00,79,-3.0,-4.0,0.00,0.06,0.00,3,100,79,100,0,12.2,94,90,24.5,25.6,0,0.00,1019.3,1004.4
2021-01-14T22:00,0.0,0.00,76,-3.6,-4.7,0.00,0.06,0.00,3,100,78,100,0,14.0,92,89,27.4,29.5,0,0.00,1019.0,1004.1
2021-01-14T23:00,-0.1,0.00,77,-3.6,-4.9,0.00,0.06,0.00,3,100,97,98,0,14.4,93,90,27.8,31.3,0,0.00,1019.0,1004.1
2021-01-15T00:00,-0.5,0.00,77,-4.1,-5.2,0.00,0.06,0.00,3,98,98,80,0,14.1,96,94,27.2,31.3,0,0.00,1019.2,1004.3
2021-01-15T01:00,-0.2,0.00,72,-4.6,-5.2,0.00,0.06,0.00,3,95,97,2,1,15.5,92,87,28.8,30.6,0,0.00,1019.1,1004.2
2021-01-15T02:00,-0.8,0.00,73,-5.0,-5.7,0.00,0.06,0.00,3,98,98,0,0,14.6,86,81,28.5,32.8,0,0.00,1019.2,1004.2
2021-01-15T03:00,-1.2,0.00,75,-5.1,-5.9,0.00,0.06,0.00,3,97,97,0,1,12.9,82,77,26.9,31.3,0,0.00,1019.7,1004.7
2021-01-15T04:00,-1.6,0.00,76,-5.3,-6.0,0.00,0.06,0.00,3,93,93,0,0,10.6,76,66,23.7,27.7,0,0.00,1020.1,1005.1
2021-01-15T05:00,-1.9,0.00,76,-5.6,-6.3,0.00,0.06,0.00,3,95,95,0,0,10.5,69,59,23.1,23.0,0,0.00,1020.8,1005.8
2021-01-15T06:00,-2.2,0.00,76,-5.8,-6.7,0.00,0.06,0.00,3,84,84,0,2,11.3,66,59,24.5,24.5,0,0.00,1021.1,1006.0
2021-01-15T07:00,-2.4,0.00,77,-5.9,-7.1,0.00,0.06,0.00,3,95,95,0,1,12.0,62,57,25.3,25.2,0,0.00,1021.8,1006.7
2021-01-15T08:00,-2.6,0.00,77,-6.0,-7.3,0.00,0.06,0.00,3,85,84,0,5,11.8,62,59,25.0,25.2,0,0.00,1022.6,1007.5
2021-01-15T09:00,-2.2,0.00,77,-5.8,-6.7,0.00,0.06,0.00,1,39,37,0,4,11.2,61,57,23.0,24.8,1,92.34,1023.3,1008.2
2021-01-15T10:00,-0.7,0.00,74,-4.8,-4.8,0.00,0.06,0.00,1,31,30,0,1,9.5,56,53,18.7,23.4,1,3600.00,1023.9,1008.9
2021-01-15T11:00,0.9,0.00,70,-3.9,-3.0,0.00,0.06,0.00,0,9,5,0,4,8.4,44,40,12.5,21.2,1,3600.00,1024.7,1009.8
2021-01-15T12:00,2.0,0.00,66,-3.7,-1.9,0.00,0.06,0.00,1,23,0,0,23,8.6,27,22,12.1,21.2,1,3600.00,1025.1,1010.2
2021-01-15T13:00,3.0,0.00,63,-3.4,-1.2,0.00,0.06,0.00,1,40,0,0,1,10.6,23,18,14.8,23.8,1,3600.00,1025.2,1010.4
2021-01-15T14:00,3.1,0.00,60,-3.9,-1.2,0.00,0.06,0.00,0,2,0,0,2,11.5,24,20,16.1,26.3,1,3600.00,1025.1,1010.3
2021-01-15T15:00,2.5,0.00,67,-3.1,-1.9,0.00,0.06,0.00,0,16,0,14,13,12.6,16,13,18.3,27.7,1,3600.00,1025.8,1010.9
2021-01-15T16:00,1.5,0.00,74,-2.6,-2.6,0.00,0.06,0.00,2,51,0,47,39,10.7,16,14,19.1,27.7,1,3600.00,1026.6,1011.7
2021-01-15T17:00,0.2,0.00,82,-2.5,-3.7,0.00,0.06,0.00,3,85,0,79,83,9.2,15,11,19.4,22.7,0,327.99,1027.3,1012.3
2021-01-15T18:00,0.3,0.00,84,-2.1,-3.5,0.00,0.06,0.00,2,64,0,48,61,8.8,16,12,18.7,20.9,0,0.00,1027.8,1012.8
2021-01-15T19:00,-0.7,0.00,89,-2.4,-4.3,0.00,0.06,0.00,0,19,0,12,17,7.3,12,9,17.7,19.4,0,0.00,1028.4,1013.3
2021-01-15T20:00,-1.8,0.00,89,-3.4,-5.3,0.00,0.06,0.00,0,15,0,10,13,5.9,5,11,15.9,15.8,0,0.00,1028.7,1013.5
2021-01-15T21:00,-3.0,0.00,89,-4.5,-6.5,0.00,0.06,0.00,0,15,0,8,15,5.6,358,15,13.3,13.0,0,0.00,1029.0,1013.8
2021-01-15T22:00,-3.6,0.00,90,-4.9,-7.3,0.00,0.06,0.00,1,41,0,10,41,6.5,338,6,11.3,11.2,0,0.00,1029.1,1013.8
2021-01-15T23:00,-2.5,0.00,90,-3.9,-5.9,0.00,0.06,0.00,2,66,0,17,66,4.7,326,337,13.5,10.8,0,0.00,1029.4,1014.2
2021-01-16T00:00,-1.7,0.00,92,-2.8,-5.0,0.00,0.06,0.00,2,56,0,9,56,5.7,329,325,14.7,12.2,0,0.00,1029.7,1014.5
2021-01-16T01:00,-0.8,0.00,90,-2.3,-4.3,0.00,0.06,0.00,2,73,0,19,34,7.0,322,325,16.4,13.0,0,0.00,1029.4,1014.3
2021-01-16T02:00,-1.4,0.00,91,-2.6,-5.0,0.00,0.06,0.00,2,66,0,9,66,7.4,324,331,17.3,15.8,0,0.00,1029.4,1014.3
2021-01-16T03:00,-1.8,0.00,92,-3.0,-5.3,0.00,0.06,0.00,2,60,0,2,60,6.6,332,331,17.1,15.8,0,0.00,1029.5,1014.3
2021-01-16T04:00,-1.9,0.00,91,-3.1,-5.3,0.00,0.06,0.00,2,59,0,0,59,5.7,335,325,15.9,14.8,0,0.00,1029.3,1014.1
2021-01-16T05:00,-2.2,0.00,91,-3.4,-5.8,0.00,0.06,0.00,2,52,0,1,52,6.6,324,311,17.0,14.4,0,0.00,1029.3,1014.1
2021-01-16T06:00,-2.4,0.00,90,-3.8,-6.1,0.00,0.06,0.00,1,25,0,1,25,6.9,326,317,16.6,15.5,0,0.00,1029.3,1014.1
2021-01-16T07:00,-3.3,0.00,90,-4.7,-6.9,0.00,0.06,0.00,0,5,0,0,5,5.9,324,317,15.5,14.8,0,0.00,1029.3,1014.1
2021-01-16T08:00,-4.5,0.00,91,-5.7,-8.1,0.00,0.06,0.00,0,2,0,0,2,5.0,337,339,11.8,13.0,0,0.00,1029.2,1013.9
2021-01-16T09:00,-3.5,0.00,91,-4.7,-6.6,0.00,0.06,0.00,0,7,5,0,2,2.5,342,352,8.0,10.4,1,195.25,1029.4,1014.1
2021-01-16T10:00,-2.0,0.00,82,-4.6,-5.0,0.00,0.06,0.00,2,65,64,0,4,1.8,293,259,2.7,7.9,1,3600.00,1029.4,1014.2
2021-01-16T11:00,-0.8,0.00,73,-5.1,-4.1,0.00,0.06,0.00,1,29,18,0,13,3.4,256,252,4.5,12.6,1,3600.00,1029.1,1014.0
2021-01-16T12:00,-0.1,0.00,67,-5.4,-3.8,0.00,0.06,0.00,2,53,43,0,18,6.0,247,245,7.4,16.9,1,3600.00,1028.5,1013.4
2021-01-16T13:00,0.0,0.00,70,-4.7,-3.9,0.00,0.06,0.00,3,100,6,0,100,8.0,262,265,10.9,18.4,1,3600.00,1027.6,1012.6
2021-01-16T14:00,0.4,0.00,67,-5.0,-3.8,0.00,0.06,0.00,3,100,98,0,100,9.2,257,259,13.3,22.0,1,0.00,1026.7,1011.7
2021-01-16T15:00,0.7,0.00,66,-5.0,-3.7,0.00,0.06,0.00,3,100,100,0,99,10.5,250,248,14.9,23.4,1,0.00,1025.9,1010.9
2021-01-16T16:00,0.4,0.00,69,-4.6,-3.9,0.00,0.06,0.00,3,100,100,0,61,10.6,247,246,16.5,23.8,1,0.00,1025.5,1010.5
2021-01-16T17:00,-0.1,0.00,74,-4.2,-4.1,0.00,0.06,0.00,3,100,100,28,79,9.2,234,231,16.0,23.8,0,0.00,1025.2,1010.2
2021-01-16T18:00,-0.6,0.00,83,-3.1,-4.6,0.00,0.06,0.00,3,100,100,91,93,9.9,217,213,16.7,20.9,0,0.00,1024.8,1009.8
2021-01-16T19:00,-0.9,0.00,86,-2.9,-4.9,0.00,0.06,0.00,3,100,100,100,92,10.3,212,205,18.3,22.3,0,0.00,1023.9,1008.9
2021-01-16T20:00,-1.0,0.00,86,-3.1,-4.9,0.00,0.06,0.00,3,100,100,100,71,9.1,208,198,17.1,22.3,0,0.00,1023.4,1008.4
2021-01-16T21:00,-1.1,0.00,83,-3.5,-4.8,0.00,0.06,0.00,3,100,100,100,38,7.8,204,193,15.3,21.2,0,0.00,1022.6,1007.6
2021-01-16T22:00,-1.2,0.10,83,-3.7,-5.1,0.00,0.06,0.07,71,100,100,100,19,8.7,206,197,16.4,19.4,0,0.00,1022.2,1007.2
2021-01-16T23:00,-1.2,0.40,85,-3.4,-5.2,0.00,0.06,0.28,73,100,99,96,46,9.0,196,185,16.9,20.5,0,0.00,1021.4,1006.4
2021-01-17T00:00,-1.4,0.40,87,-3.2,-5.2,0.00,0.06,0.28,73,100,97,98,96,8.8,186,171,15.9,20.2,0,0.00,1020.6,1005.6
2021-01-17T01:00,-2.0,0.40,90,-3.5,-5.7,0.00,0.06,0.28,73,100,98,100,100,7.2,169,162,11.0,18.7,0,0.00,1020.1,1005.1
2021-01-17T02:00,-1.9,0.70,89,-3.4,-5.6,0.00,0.07,0.49,73,100,100,99,99,7.4,154,141,11.6,16.2,0,0.00,1019.2,1004.2
2021-01-17T03:00,-1.7,0.70,89,-3.3,-5.4,0.00,0.07,0.49,73,100,100,96,99,7.1,148,135,12.3,15.8,0,0.00,1018.5,1003.5
2021-01-17T04:00,-1.7,0.60,89,-3.2,-5.2,0.00,0.08,0.42,73,100,98,99,98,6.6,161,139,11.0,14.8,0,0.00,1018.0,1003.0
2021-01-17T05:00,-1.5,0.30,90,-3.0,-4.9,0.00,0.08,0.21,73,100,97,81,98,5.9,171,137,9.5,13.7,0,0.00,1017.6,1002.6
2021-01-17T06:00,-1.3,0.10,90,-2.8,-4.7,0.00,0.08,0.07,71,100,97,96,99,5.5,202,169,9.7,11.5,0,0.00,1017.9,1002.9
2021-01-17T07:00,-1.2,0.10,92,-2.4,-4.4,0.00,0.08,0.07,71,100,97,95,97,5.4,211,176,9.2,11.9,0,0.00,1017.7,1002.7
2021-01-17T08:00,-1.0,0.10,93,-2.0,-4.2,0.00,0.08,0.07,71,100,97,90,95,5.1,203,172,7.4,10.8,0,0.00,1017.8,1002.9
2021-01-17T09:00,-0.7,0.00,93,-1.8,-3.9,0.00,0.08,0.00,3,100,97,85,87,5.5,226,212,9.9,11.2,1,0.00,1018.6,1003.7
2021-01-17T10:00,-0.1,0.00,89,-1.6,-3.5,0.00,0.09,0.00,3,99,97,79,88,7.2,246,243,10.6,16.9,1,0.00,1019.0,1004.1
2021-01-17T11:00,0.4,0.00,85,-1.8,-2.8,0.00,0.09,0.00,3,99,96,52,93,5.4,252,250,7.2,16.6,1,0.00,1019.4,1004.5
2021-01-17T12:00,1.1,0.00,81,-1.8,-2.0,0.00,0.09,0.00,3,99,93,74,93,4.6,253,252,6.0,14.0,1,0.00,1019.6,1004.7
2021-01-17T13:00,0.1,0.00,88,-1.6,-2.9,0.00,0.09,0.00,3,99,96,90,95,4.4,263,261,6.2,15.5,1,0.00,1020.0,1005.1
2021-01-17T14:00,0.2,0.10,89,-1.5,-2.7,0.00,0.09,0.07,71,99,71,82,98,3.8,254,253,6.7,11.5,1,0.00,1019.9,1005.0
2021-01-17T15:00,0.4,0.00,90,-1.1,-2.2,0.00,0.09,0.00,3,99,74,83,99,1.9,243,248,4.8,11.2,1,0.00,1020.3,1005.4
2021-01-17T16:00,0.8,0.00,85,-1.5,-1.8,0.00,0.09,0.00,3,99,75,89,97,1.5,243,194,4.0,7.2,1,0.00,1021.2,1006.3
2021-01-17T17:00,0.2,0.10,92,-0.9,-2.4,0.00,0.09,0.07,71,99,14,78,98,2.6,227,164,5.9,7.9,0,0.00,1021.9,1007.0
2021-01-17T18:00,0.4,0.10,93,-0.6,-2.4,0.00,0.09,0.07,71,100,3,88,100,3.4,230,198,9.4,7.9,0,0.00,1022.5,1007.6
2021-01-17T19:00,0.5,0.10,95,-0.2,-2.3,0.00,0.09,0.07,71,99,0,37,99,3.9,242,202,10.6,8.6,0,0.00,1022.9,1008.0
2021-01-17T20:00,0.6,0.00,96,0.1,-2.2,0.00,0.09,0.00,3,100,0,28,100,4.6,250,198,10.4,9.7,0,0.00,1023.3,1008.4
2021-01-17T21:00,0.9,0.00,96,0.3,-1.8,0.00,0.09,0.00,3,100,0,16,100,4.0,268,207,10.8,10.1,0,0.00,1023.6,1008.7
2021-01-17T22:00,1.2,0.00,95,0.5,-1.5,0.00,0.09,0.00,3,100,0,13,100,4.3,272,222,11.9,10.4,0,0.00,1024.0,1009.1
2021-01-17T23:00,1.5,0.00,95,0.8,-1.4,0.00,0.09,0.00,3,97,0,17,96,6.1,258,225,15.1,13.3,0,0.00,1024.2,1009.3
2021-01-18T00:00,1.5,0.20,95,0.8,-1.5,0.20,0.09,0.00,51,89,0,29,88,6.7,261,234,16.0,14.8,0,0.00,1024.7,1009.8
2021-01-18T01:00,1.5,0.00,95,0.8,-1.8,0.00,0.09,0.00,3,94,73,78,98,8.7,251,228,19.5,17.3,0,0.00,1025.0,1010.1
2021-01-18T02:00,1.6,0.00,96,1.0,-1.6,0.00,0.09,0.00,3,100,81,69,100,8.7,250,228,18.8,18.7,0,0.00,1025.1,1010.2
2021-01-18T03:00,1.5,0.10,96,1.0,-1.7,0.10,0.09,0.00,51,99,31,96,97,8.8,250,235,18.8,19.1,0,0.00,1025.4,1010.5
2021-01-18T04:00,1.4,0.50,97,1.0,-2.0,0.50,0.09,0.00,53,99,2,98,98,9.7,236,219,19.5,20.2,0,0.00,1025.5,1010.6
2021-01-18T05:00,1.4,0.60,99,1.2,-2.0,0.60,0.09,0.00,53,100,0,100,100,9.9,242,226,19.7,20.9,0,0.00,1025.5,1010.6
2021-01-18T06:00,1.5,0.30,98,1.2,-1.9,0.30,0.09,0.00,51,99,0,92,99,10.0,244,232,20.0,20.9,0,0.00,1025.7,1010.8
2021-01-18T07:00,1.4,0.00,97,1.0,-2.2,0.00,0.09,0.00,3,97,0,47,97,11.1,250,241,21.9,23.0,0,0.00,1026.1,1011.2
2021-01-18T08:00,1.5,0.00,95,0.8,-2.2,0.00,0.09,0.00,3,98,83,32,90,11.6,253,244,21.9,24.1,0,0.00,1026.8,1011.9
2021-01-18T09:00,1.6,0.00,95,0.9,-2.1,0.00,0.09,0.00,3,99,92,10,82,11.7,242,236,22.1,24.1,1,0.00,1027.1,1012.2
2021-01-18T10:00,1.9,0.00,94,1.1,-1.9,0.00,0.09,0.00,3,97,90,1,74,12.5,235,231,22.8,26.3,1,0.00,1027.1,1012.2
2021-01-18T11:00,2.3,0.10,93,1.3,-1.6,0.10,0.09,0.00,51,95,54,2,95,13.6,234,230,23.7,28.8,1,2928.07,1027.1,1012.2
2021-01-18T12:00,2.6,0.00,94,1.7,-1.5,0.00,0.09,0.00,3,92,54,0,85,15.4,235,233,26.1,32.4,1,555.86,1027.1,1012.2
2021-01-18T13:00,3.9,0.00,85,1.6,-0.1,0.00,0.09,0.00,3,84,24,55,40,14.9,240,238,22.9,35.6,1,2920.66,1026.6,1011.8
2021-01-18T14:00,4.7,0.10,79,1.4,0.4,0.10,0.08,0.00,51,55,38,27,19,16.4,238,237,24.1,36.7,1,3600.00,1025.9,1011.1
2021-01-18T15:00,4.4,0.10,81,1.5,-0.2,0.10,0.08,0.00,51,56,1,45,42,18.6,238,238,28.0,41.8,1,3600.00,1025.4,1010.6
2021-01-18T16:00,3.8,0.00,85,1.4,-0.2,0.00,0.08,0.00,3,98,86,82,96,14.0,243,241,24.3,39.2,1,3600.00,1025.4,1010.6
2021-01-18T17:00,3.4,0.00,86,1.2,-0.4,0.00,0.08,0.00,3,96,82,67,82,12.2,248,246,22.5,31.0,0,0.00,1025.7,1010.9
2021-01-18T18:00,3.1,0.00,87,1.1,-0.5,0.00,0.08,0.00,3,92,29,63,81,11.3,247,243,21.5,27.0,0,0.00,1025.8,1011.0
2021-01-18T19:00,2.8,0.00,88,1.0,-0.9,0.00,0.08,0.00,3,84,0,48,73,12.3,239,232,22.8,26.3,0,0.00,1025.7,1010.8
2021-01-18T20:00,2.6,0.00,88,0.9,-1.4,0.00,0.08,0.00,2,79,67,25,37,14.0,228,222,25.5,30.2,0,0.00,1025.4,1010.5
2021-01-18T21:00,1.9,0.00,90,0.4,-2.2,0.00,0.08,0.00,3,93,52,74,84,14.2,217,210,26.7,31.3,0,0.00,1025.2,1010.3
2021-01-18T22:00,1.9,0.00,89,0.2,-2.4,0.00,0.07,0.00,3,90,6,51,89,14.6,224,218,27.0,32.0,0,0.00,1025.3,1010.4
2021-01-18T23:00,2.1,0.00,89,0.5,-2.4,0.00,0.07,0.00,3,94,70,58,76,16.6,226,221,29.5,35.6,0,0.00,1025.0,1010.1
2021-01-19T00:00,2.2,0.00,87,0.3,-2.5,0.00,0.07,0.00,3,98,93,55,78,17.9,224,220,31.6,38.5,0,0.00,1024.6,1009.7
2021-01-19T01:00,2.2,0.00,84,-0.3,-2.2,0.00,0.07,0.00,3,100,98,19,55,15.6,226,220,28.3,38.9,0,0.00,1024.5,1009.6
2021-01-19T02:00,1.8,0.00,86,-0.4,-2.7,0.00,0.07,0.00,3,99,98,16,36,15.5,220,216,28.6,33.8,0,0.00,1024.1,1009.2
2021-01-19T03:00,1.3,0.00,87,-0.6,-3.2,0.00,0.07,0.00,3,99,99,5,38,15.7,217,212,29.3,33.8,0,0.00,1023.4,1008.5
2021-01-19T04:00,1.1,0.00,88,-0.7,-3.3,0.00,0.07,0.00,3,81,70,12,62,14.8,215,209,28.2,33.5,0,0.00,1022.7,1007.8
2021-01-19T05:00,1.3,0.00,85,-1.0,-3.2,0.00,0.07,0.00,3,99,96,66,56,15.2,217,211,28.8,33.5,0,0.00,1022.1,1007.2
2021-01-19T06:00,1.4,0.00,82,-1.3,-3.0,0.00,0.07,0.00,3,100,99,96,86,14.5,213,207,27.4,33.5,0,0.00,1021.2,1006.3
2021-01-19T07:00,2.0,0.00,79,-1.3,-2.5,0.00,0.07,0.00,3,98,93,15,82,14.5,215,210,26.7,33.1,0,0.00,1020.2,1005.4
2021-01-19T08:00,1.8,0.00,79,-1.4,-2.8,0.00,0.07,0.00,3,99,97,67,78,15.6,213,209,28.4,34.2,0,0.00,1019.7,1004.9
2021-01-19T09:00,2.2,0.00,76,-1.5,-2.6,0.00,0.07,0.00,3,100,80,100,80,16.8,214,211,29.6,37.1,1,0.00,1019.0,1004.2
2021-01-19T10:00,2.8,0.00,72,-1.8,-2.0,0.00,0.07,0.00,3,100,99,100,89,16.5,219,216,30.5,38.9,1,0.00,1018.2,1003.5
2021-01-19T11:00,3.2,0.00,68,-2.1,-1.6,0.00,0.07,0.00,3,100,95,99,91,15.9,217,213,29.6,36.0,1,0.00,1017.5,1002.8
2021-01-19T12:00,3.2,0.00,66,-2.6,-2.6,0.00,0.07,0.00,3,100,100,100,45,22.7,223,222,37.7,50.0,1,0.00,1016.6,1001.9
2021-01-19T13:00,1.9,0.20,84,-0.4,-3.1,0.20,0.07,0.00,51,100,98,99,29,19.2,218,210,38.0,51.1,1,0.00,1016.1,1001.3
2021-01-19T14:00,2.6,0.60,87,0.7,-3.1,0.60,0.07,0.00,53,100,99,100,90,24.8,231,229,41.7,53.3,1,0.00,1015.0,1000.3
2021-01-19T15:00,3.2,0.20,86,1.1,-2.3,0.20,0.07,0.00,51,100,100,100,100,23.8,234,232,40.5,53.6,1,0.00,1014.7,1000.0
2021-01-19T16:00,3.8,0.20,83,1.2,-1.4,0.20,0.07,0.00,51,100,100,97,94,22.3,237,236,38.8,51.8,1,0.00,1014.8,1000.2
2021-01-19T17:00,3.9,0.00,80,0.8,-1.0,0.00,0.06,0.00,3,100,100,46,100,19.6,237,234,34.8,48.6,1,0.00,1015.0,1000.4
2021-01-19T18:00,3.6,2.60,85,1.3,-1.1,1.70,0.06,0.63,73,98,84,87,78,19.2,234,232,34.1,42.8,0,0.00,1015.1,1000.4
2021-01-19T19:00,3.6,0.50,85,1.4,-0.7,0.50,0.06,0.00,53,93,91,25,3,16.6,234,231,30.9,41.8,0,0.00,1014.7,1000.0
2021-01-19T20:00,3.2,0.00,84,0.8,-0.9,0.00,0.06,0.00,3,98,98,0,3,14.0,233,228,29.0,37.1,0,0.00,1014.4,999.7
2021-01-19T21:00,2.5,0.00,85,0.2,-1.4,0.00,0.06,0.00,3,95,95,0,1,12.0,227,221,28.0,32.0,0,0.00,1014.2,999.5
2021-01-19T22:00,1.7,0.00,86,-0.4,-1.8,0.00,0.06,0.00,3,89,89,0,0,8.6,224,213,24.4,28.8,0,0.00,1013.9,999.2
2021-01-19T23:00,0.0,0.00,87,-1.9,-3.5,0.00,0.06,0.00,2,75,69,0,21,7.3,224,200,19.6,23.4,0,0.00,1013.9,999.1
2021-01-20T00:00,1.0,0.00,83,-1.5,-2.3,0.00,0.06,0.00,3,83,58,33,64,6.5,217,183,19.8,19.4,0,0.00,1013.4,998.6
2021-01-20T01:00,1.7,0.00,82,-1.1,-1.6,0.00,0.06,0.00,2,75,72,14,18,6.4,203,164,18.4,19.4,0,0.00,1012.9,998.2
2021-01-20T02:00,1.6,0.00,79,-1.7,-1.8,0.00,0.06,0.00,2,62,60,5,0,6.9,212,189,21.2,21.2,0,0.00,1012.2,997.5
2021-01-20T03:00,1.5,0.00,77,-2.1,-2.0,0.00,0.06,0.00,3,80,72,34,0,7.2,218,207,21.5,20.2,0,0.00,1011.8,997.1
2021-01-20T04:00,2.4,0.00,72,-2.2,-1.3,0.00,0.06,0.00,3,99,98,41,7,8.7,219,210,24.1,22.7,0,0.00,1011.4,996.7
2021-01-20T05:00,2.2,0.00,73,-2.2,-1.6,0.00,0.06,0.00,3,99,98,8,0,9.3,212,196,24.1,23.4,0,0.00,1010.9,996.2
2021-01-20T06:00,1.8,0.00,73,-2.4,-2.0,0.00,0.06,0.00,3,99,99,32,0,9.2,210,191,24.2,23.4,0,0.00,1010.6,995.9
2021-01-20T07:00,2.4,0.00,70,-2.4,-1.5,0.00,0.06,0.00,3,99,98,88,0,9.7,200,176,24.1,23.8,0,0.00,1010.2,995.5
2021-01-20T08:00,2.5,0.00,69,-2.6,-1.4,0.00,0.06,0.00,3,99,97,79,0,9.6,197,167,23.7,23.8,0,0.00,1009.8,995.2
2021-01-20T09:00,3.4,0.00,67,-2.1,-0.4,0.00,0.06,0.00,3,100,99,92,0,9.4,194,162,22.3,23.8,1,0.00,1009.5,994.9
2021-01-20T10:00,4.5,0.00,65,-1.5,0.6,0.00,0.06,0.00,3,99,99,82,0,10.6,198,170,23.1,24.8,1,0.00,1009.1,994.6
2021-01-20T11:00,5.9,0.00,62,-0.7,2.1,0.00,0.06,0.00,3,98,88,94,0,10.8,201,180,21.2,25.6,1,2242.74,1009.0,994.5
2021-01-20T12:00,7.3,0.00,62,0.4,3.8,0.00,0.06,0.00,3,84,79,37,0,9.6,192,167,18.4,25.6,1,2632.69,1008.2,993.8
2021-01-20T13:00,8.0,0.00,68,2.5,4.7,0.00,0.05,0.00,3,100,92,76,0,11.2,137,130,18.6,23.0,1,3600.00,1006.8,992.5
2021-01-20T14:00,8.5,0.00,68,2.9,5.2,0.00,0.05,0.00,3,99,81,95,0,11.2,152,140,20.5,24.8,1,3499.97,1005.7,991.4
2021-01-20T15:00,8.3,0.00,68,2.7,5.0,0.00,0.05,0.00,3,87,78,58,0,10.7,149,135,20.5,24.8,1,0.00,1004.9,990.6
2021-01-20T16:00,7.4,0.00,69,2.0,4.0,0.00,0.05,0.00,3,85,77,54,2,10.7,149,123,20.2,23.0,1,3600.00,1004.5,990.2
2021-01-20T17:00,5.6,0.00,72,1.0,2.1,0.00,0.05,0.00,3,86,79,48,1,10.6,155,118,19.0,22.3,1,375.15,1004.2,989.8
2021-01-20T18:00,5.2,0.00,72,0.6,1.4,0.00,0.05,0.00,2,68,16,62,0,12.1,140,117,24.0,24.1,0,0.00,1004.1,989.7
2021-01-20T19:00,4.8,0.00,69,-0.4,0.9,0.00,0.04,0.00,1,29,15,18,0,11.8,141,117,23.1,24.1,0,0.00,1004.0,989.6
2021-01-20T20:00,3.6,0.00,68,-1.7,-0.4,0.00,0.04,0.00,2,52,52,0,0,11.3,140,112,21.2,23.8,0,0.00,1004.0,989.5
2021-01-20T21:00,3.1,0.00,64,-3.0,-1.4,0.00,0.04,0.00,1,20,0,20,0,13.4,140,114,23.5,26.3,0,0.00,1003.8,989.3
2021-01-20T22:00,2.9,0.00,65,-3.1,-1.5,0.00,0.04,0.00,2,76,49,72,0,12.6,142,117,24.1,26.6,0,0.00,1003.5,989.0
2021-01-20T23:00,3.5,0.00,62,-3.0,-0.9,0.00,0.04,0.00,1,29,27,3,0,12.6,138,114,24.2,25.9,0,0.00,1003.1,988.6
2021-01-21T00:00,2.9,0.00,64,-3.3,-1.4,0.00,0.04,0.00,2,73,51,55,0,11.9,148,119,23.8,25.2,0,0.00,1002.6,988.1
2021-01-21T01:00,6.0,0.00,53,-2.8,1.4,0.00,0.04,0.00,2,67,30,1,0,14.5,161,145,31.7,25.2,0,0.00,1001.2,986.9
2021-01-21T02:00,6.2,0.00,52,-2.9,1.6,0.00,0.04,0.00,3,100,98,99,2,14.5,175,153,31.5,32.4,0,0.00,1000.7,986.4
2021-01-21T03:00,7.6,0.00,50,-2.2,3.1,0.00,0.04,0.00,3,90,88,25,1,14.4,165,148,28.7,35.6,0,0.00,1000.2,986.0
2021-01-21T04:00,6.6,0.00,52,-2.5,1.9,0.00,0.04,0.00,0,13,6,8,0,14.9,167,148,31.1,34.2,0,0.00,999.7,985.4
2021-01-21T05:00,5.9,0.00,57,-1.9,1.7,0.00,0.04,0.00,2,56,0,56,0,12.6,173,153,28.0,33.1,0,0.00,999.7,985.4
2021-01-21T06:00,6.4,0.00,55,-1.9,2.1,0.00,0.04,0.00,3,83,0,83,0,13.3,189,167,30.2,31.3,0,0.00,999.7,985.4
2021-01-21T07:00,10.1,0.00,46,-1.1,4.6,0.00,0.04,0.00,3,85,0,84,4,21.5,206,201,39.1,46.8,0,0.00,999.5,985.4
2021-01-21T08:00,10.7,0.20,46,-0.4,5.0,0.20,0.04,0.00,51,85,0,85,7,24.0,209,206,42.2,52.2,0,0.00,999.3,985.2
2021-01-21T09:00,10.6,0.00,49,0.5,4.8,0.00,0.04,0.00,2,78,11,75,3,25.8,215,213,43.7,56.2,1,0.00,1000.0,985.9
2021-01-21T10:00,10.3,0.00,56,2.0,4.8,0.00,0.04,0.00,3,92,0,88,80,25.5,215,213,42.9,56.9,1,977.46,1000.3,986.2
2021-01-21T11:00,10.5,0.00,60,3.1,5.3,0.00,0.04,0.00,3,100,0,100,92,24.8,221,220,41.4,56.5,1,140.36,1001.0,986.9
2021-01-21T12:00,10.4,0.00,64,3.9,5.3,0.00,0.03,0.00,3,96,64,82,76,25.0,218,216,41.3,56.2,1,0.00,1001.5,987.4
2021-01-21T13:00,9.1,0.00,85,6.7,6.0,0.00,0.03,0.00,3,100,74,77,58,15.0,242,240,26.9,55.4,1,0.00,1000.8,986.6
2021-01-21T14:00,9.6,0.10,85,7.2,6.9,0.10,0.03,0.00,51,100,98,100,100,13.1,238,238,22.5,33.8,1,0.00,1000.7,986.6
2021-01-21T15:00,8.4,0.40,92,7.2,6.7,0.40,0.02,0.00,51,100,91,91,100,6.9,269,279,15.5,29.2,1,0.00,1000.8,986.6
2021-01-21T16:00,7.6,0.40,95,6.8,6.5,0.40,0.02,0.00,51,100,98,100,89,1.8,257,37,4.8,17.3,1,0.00,1000.5,986.3
2021-01-21T17:00,7.4,0.40,94,6.5,5.4,0.40,0.02,0.00,51,99,93,61,81,7.0,161,125,13.0,14.4,1,0.00,999.9,985.7
2021-01-21T18:00,8.4,0.00,90,6.9,5.5,0.00,0.02,0.00,3,100,100,91,31,14.5,174,157,27.2,31.0,0,0.00,998.9,984.7
2021-01-21T19:00,8.7,0.00,85,6.4,5.6,0.00,0.02,0.00,3,100,100,97,9,14.8,181,167,28.8,33.1,0,0.00,998.4,984.2
2021-01-21T20:00,8.4,0.00,83,5.6,5.2,0.00,0.02,0.00,3,100,100,98,17,14.2,177,164,28.8,32.4,0,0.00,997.8,983.6
2021-01-21T21:00,8.1,0.50,87,6.0,5.0,0.50,0.02,0.00,53,100,100,100,20,14.7,172,158,29.4,52.6,0,0.00,997.0,982.8
2021-01-21T22:00,7.7,1.10,86,5.6,4.1,1.10,0.01,0.00,55,100,100,100,100,17.3,175,163,32.9,37.8,0,0.00,996.8,982.6
2021-01-21T23:00,8.9,0.70,82,6.0,4.8,0.70,0.01,0.00,53,100,100,75,82,21.3,198,191,37.5,46.1,0,0.00,996.6,982.5
2021-01-22T00:00,9.2,0.00,80,5.9,5.1,0.00,0.01,0.00,3,100,100,34,76,21.3,198,192,37.8,49.0,0,0.00,996.1,982.0
2021-01-22T01:00,11.3,0.00,62,4.3,6.0,0.00,0.01,0.00,2,77,93,87,9,26.6,211,208,45.6,47.2,0,0.00,994.6,980.6
2021-01-22T02:00,10.9,0.00,61,3.7,5.3,0.00,0.01,0.00,2,73,70,18,0,28.5,209,206,47.7,61.9,0,0.00,994.2,980.2
2021-01-22T03:00,10.4,0.00,62,3.5,4.9,0.00,0.01,0.00,1,38,32,14,2,27.3,213,211,46.1,78.5,0,0.00,994.0,980.0
2021-01-22T04:00,10.2,0.00,61,2.9,4.8,0.00,0.01,0.00,2,71,45,50,39,26.3,214,213,44.8,59.8,0,0.00,993.9,979.9
2021-01-22T05:00,10.2,0.00,59,2.6,4.9,0.00,0.01,0.00,3,89,61,78,37,24.7,216,214,42.3,58.0,0,0.00,994.0,980.0
2021-01-22T06:00,10.0,0.00,60,2.5,4.8,0.00,0.01,0.00,3,93,65,70,78,23.9,215,214,40.6,54.4,0,0.00,993.8,979.8
2021-01-22T07:00,9.4,0.20,67,3.6,4.5,0.20,0.01,0.00,51,100,92,97,97,23.7,217,216,40.6,54.4,0,0.00,993.7,979.6
2021-01-22T08:00,9.2,0.20,71,4.2,5.0,0.20,0.01,0.00,51,100,41,100,96,19.2,219,218,34.0,51.5,0,0.00,993.8,979.7
2021-01-22T09:00,9.1,0.20,72,4.3,5.1,0.20,0.01,0.00,51,90,26,88,54,17.9,216,214,32.2,42.5,1,0.00,993.8,979.7
2021-01-22T10:00,8.9,1.10,78,5.2,5.2,1.10,0.01,0.00,55,97,29,97,40,17.3,215,211,31.1,39.6,1,382.76,993.6,979.5
2021-01-22T11:00,9.5,0.70,77,5.6,6.0,0.70,0.00,0.00,53,100,82,100,4,16.8,224,225,30.0,37.4,1,0.00,993.6,979.5
2021-01-22T12:00,8.8,0.70,85,6.4,5.9,0.70,0.00,0.00,53,100,84,100,74,13.2,224,223,26.5,36.4,1,0.00,993.8,979.7
2021-01-22T13:00,5.0,0.90,92,3.9,1.2,0.90,0.00,0.00,53,100,99,100,90,16.3,351,346,24.8,29.9,1,0.00,994.9,980.6
2021-01-22T14:00,4.7,0.30,89,3.0,1.1,0.30,0.00,0.00,51,100,96,92,100,13.3,352,347,20.0,34.2,1,0.00,995.4,981.1
2021-01-22T15:00,4.8,0.10,87,2.7,1.3,0.10,0.00,0.00,51,100,58,97,100,12.4,14,8,19.6,28.8,1,0.00,995.7,981.4
2021-01-22T16:00,4.4,0.10,88,2.6,1.6,0.10,0.00,0.00,51,100,94,99,71,7.6,28,8,15.9,26.3,1,0.00,995.6,981.3
2021-01-22T17:00,4.1,0.20,93,3.0,1.5,0.20,0.00,0.00,51,100,100,100,31,6.6,348,331,10.7,16.2,1,0.00,996.1,981.7
2021-01-22T18:00,4.0,0.40,93,2.9,1.4,0.40,0.00,0.00,51,100,9,100,13,6.1,7,357,11.3,13.3,0,0.00,996.5,982.1
2021-01-22T19:00,3.6,0.30,93,2.6,0.8,0.30,0.00,0.00,51,100,98,90,13,7.4,27,14,13.7,15.8,0,0.00,996.3,981.9
2021-01-22T20:00,3.2,0.20,93,2.2,0.3,0.20,0.00,0.00,51,100,100,70,0,7.6,20,8,14.6,17.6,0,0.00,996.2,981.8
2021-01-22T21:00,2.8,0.10,93,1.8,-0.1,0.10,0.00,0.00,51,100,100,100,12,7.3,7,349,15.2,17.6,0,0.00,996.3,981.9
2021-01-22T22:00,2.9,0.50,94,2.1,-0.7,0.50,0.00,0.00,53,100,100,100,68,12.7,333,325,21.4,25.9,0,0.00,996.9,982.5
2021-01-22T23:00,2.3,1.20,99,2.2,-1.3,1.00,0.01,0.14,71,100,100,100,98,12.2,337,332,20.8,28.4,0,0.00,997.4,982.9
2021-01-23T00:00,2.3,1.20,99,2.2,-1.0,0.90,0.01,0.21,73,100,100,100,100,10.5,331,319,19.0,25.2,0,0.00,997.9,983.4
2021-01-23T01:00,2.7,0.80,95,2.0,-0.4,0.80,0.01,0.00,53,100,100,100,11,8.7,305,294,17.1,22.7,0,0.00,998.6,984.1
2021-01-23T02:00,3.0,0.30,95,2.3,-0.3,0.30,0.01,0.00,51,100,100,100,6,10.6,299,294,20.1,22.3,0,0.00,999.0,984.5
2021-01-23T03:00,3.1,0.30,94,2.2,-0.2,0.30,0.01,0.00,51,100,100,100,12,10.2,295,288,19.8,23.8,0,0.00,999.5,985.0
2021-01-23T04:00,2.9,0.10,94,2.1,0.2,0.10,0.01,0.00,51,100,100,100,7,6.5,285,276,14.9,22.0,0,0.00,1000.3,985.8
2021-01-23T05:00,2.6,0.00,95,2.0,0.2,0.00,0.01,0.00,3,100,100,98,19,3.9,253,214,9.8,14.8,0,0.00,1000.6,986.1
2021-01-23T06:00,2.2,0.00,97,1.8,-0.7,0.00,0.01,0.00,3,100,100,95,30,7.3,207,189,14.2,14.0,0,0.00,1000.8,986.3
2021-01-23T07:00,2.2,0.00,98,1.9,-1.3,0.00,0.01,0.00,3,100,100,87,100,11.8,221,218,22.5,23.8,0,0.00,1000.4,985.9
2021-01-23T08:00,2.4,0.00,98,2.0,-1.3,0.00,0.01,0.00,3,100,97,34,100,12.7,228,223,22.4,28.8,0,0.00,1000.9,986.4
2021-01-23T09:00,2.5,0.00,96,1.9,-1.1,0.00,0.01,0.00,3,99,90,3,94,11.8,224,220,20.1,27.4,1,0.00,1001.0,986.5
2021-01-23T10:00,3.0,0.00,94,2.1,-0.3,0.00,0.01,0.00,3,99,98,6,57,10.3,215,209,18.1,24.8,1,0.00,1000.4,985.9
2021-01-23T11:00,3.9,0.00,88,2.2,0.1,0.00,0.01,0.00,3,97,95,18,47,14.2,216,216,19.6,30.6,1,3600.00,1000.0,985.6
2021-01-23T12:00,4.5,0.00,85,2.1,0.6,0.00,0.01,0.00,3,99,99,22,59,14.6,219,218,20.7,32.0,1,3600.00,999.4,985.0
2021-01-23T13:00,5.0,0.00,84,2.5,1.7,0.00,0.01,0.00,3,100,98,43,41,11.2,219,220,15.9,33.1,1,3600.00,998.5,984.2
2021-01-23T14:00,5.2,0.20,84,2.7,2.3,0.20,0.01,0.00,51,98,94,45,64,8.7,223,222,12.7,25.9,1,3600.00,997.7,983.4
2021-01-23T15:00,5.4,0.10,84,3.0,2.6,0.10,0.01,0.00,51,100,100,84,55,8.0,202,198,11.6,24.8,1,3592.36,997.0,982.7
2021-01-23T16:00,5.1,0.00,85,2.8,2.6,0.00,0.01,0.00,3,100,100,100,28,5.9,158,142,9.7,23.8,1,0.00,996.4,982.1
2021-01-23T17:00,4.0,0.00,88,2.3,1.2,0.00,0.01,0.00,3,100,99,75,9,7.0,131,102,14.3,14.4,1,0.00,995.7,981.3
2021-01-23T18:00,3.1,0.00,89,1.4,-0.3,0.00,0.01,0.00,3,94,91,39,6,10.1,108,96,22.0,19.8,0,0.00,995.2,980.8
2021-01-23T19:00,3.1,0.00,86,0.9,-0.5,0.00,0.01,0.00,3,100,97,99,1,11.1,135,119,23.9,23.8,0,0.00,994.7,980.3
2021-01-23T20:00,3.0,0.00,82,0.2,-0.9,0.00,0.01,0.00,3,100,100,95,28,12.2,143,133,25.2,25.6,0,0.00,994.5,980.1
2021-01-23T21:00,3.0,0.10,84,0.6,-0.8,0.10,0.01,0.00,51,100,99,100,97,11.8,160,142,23.8,26.3,0,0.00,994.3,979.9
2021-01-23T22:00,3.1,0.30,87,1.2,-0.5,0.30,0.01,0.00,51,98,90,97,65,11.2,156,140,20.9,25.6,0,0.00,994.0,979.6
2021-01-23T23:00,2.4,0.40,93,1.4,-1.0,0.40,0.01,0.00,51,99,97,88,92,10.2,144,132,20.4,23.4,0,0.00,994.0,979.6
2021-01-24T00:00,2.6,0.20,93,1.5,-0.8,0.20,0.01,0.00,51,93,56,66,87,10.0,187,167,19.6,27.7,0,0.00,993.9,979.5
2021-01-24T01:00,2.7,0.30,94,1.9,-1.5,0.30,0.01,0.00,51,100,96,91,100,16.5,207,203,27.9,31.7,0,0.00,993.6,979.2
2021-01-24T02:00,2.0,1.10,100,1.9,-2.3,0.90,0.02,0.14,71,100,93,100,100,16.9,210,207,28.7,37.1,0,0.00,993.7,979.3
2021-01-24T03:00,2.1,0.90,99,2.0,-2.7,0.80,0.02,0.07,71,100,67,100,95,20.9,226,224,33.9,39.2,0,0.00,993.8,979.4
2021-01-24T04:00,2.2,0.20,89,0.6,-3.1,0.20,0.02,0.00,51,99,32,79,98,22.7,252,250,37.5,49.7,0,0.00,994.7,980.3
2021-01-24T05:00,2.0,0.10,88,0.3,-3.8,0.10,0.02,0.00,51,100,2,100,83,25.3,252,250,41.3,55.1,0,0.00,995.8,981.3
2021-01-24T06:00,1.5,0.30,86,-0.6,-4.2,0.10,0.02,0.14,71,100,1,100,85,24.1,253,250,40.0,55.1,0,0.00,997.0,982.5
2021-01-24T07:00,1.0,0.10,85,-1.3,-4.7,0.00,0.02,0.07,71,98,0,89,96,22.7,249,247,37.4,52.6,0,0.00,997.9,983.4
2021-01-24T08:00,0.6,0.00,84,-1.9,-5.0,0.00,0.02,0.00,3,99,0,97,93,21.4,244,241,35.3,49.3,0,0.00,998.9,984.3
2021-01-24T09:00,0.8,0.10,82,-1.9,-5.0,0.00,0.02,0.07,71,100,3,100,90,22.9,240,237,36.6,49.0,1,0.00,999.7,985.1
2021-01-24T10:00,1.1,0.20,81,-1.8,-4.5,0.00,0.02,0.14,71,100,55,100,81,22.0,238,235,36.6,50.8,1,0.00,999.9,985.3
2021-01-24T11:00,1.4,0.20,80,-1.7,-4.5,0.00,0.03,0.14,71,100,70,100,99,24.5,243,242,39.9,52.9,1,0.00,1000.3,985.7
2021-01-24T12:00,2.2,0.00,74,-2.0,-4.1,0.00,0.03,0.00,3,98,77,94,94,26.1,246,246,40.6,54.7,1,0.00,1000.8,986.3
2021-01-24T13:00,2.3,0.00,79,-0.9,-3.6,0.00,0.03,0.00,3,94,0,90,92,25.0,259,258,38.9,58.3,1,0.00,1001.8,987.3
2021-01-24T14:00,3.0,0.00,70,-2.0,-2.7,0.00,0.03,0.00,2,74,5,45,67,22.4,259,259,35.2,52.6,1,259.17,1002.0,987.5
2021-01-24T15:00,3.3,0.00,64,-2.9,-2.0,0.00,0.03,0.00,1,47,0,8,46,19.0,262,260,29.4,50.0,1,3600.00,1002.5,988.0
2021-01-24T16:00,3.0,0.00,65,-2.9,-1.5,0.00,0.03,0.00,1,21,0,2,21,13.2,261,259,22.3,41.0,1,3600.00,1002.8,988.3
2021-01-24T17:00,1.5,0.00,71,-3.1,-2.2,0.00,0.03,0.00,1,25,0,1,25,7.6,255,251,18.6,28.4,1,1928.51,1003.0,988.4
2021-01-24T18:00,0.4,0.00,77,-3.2,-3.2,0.00,0.03,0.00,3,100,100,88,37,7.0,248,235,18.6,17.3,0,0.00,1003.1,988.4
2021-01-24T19:00,-0.3,0.00,81,-3.2,-3.6,0.00,0.03,0.00,3,100,100,73,23,5.1,223,184,13.8,15.8,0,0.00,1002.7,988.0
2021-01-24T20:00,0.3,0.00,78,-3.1,-3.0,0.00,0.03,0.00,3,100,99,92,3,4.7,223,184,12.7,11.2,0,0.00,1002.9,988.2
2021-01-24T21:00,-0.5,0.00,80,-3.5,-4.1,0.00,0.03,0.00,3,100,100,100,20,6.9,174,141,14.5,13.7,0,0.00,1002.8,988.1
2021-01-24T22:00,-0.3,0.00,78,-3.7,-4.1,0.00,0.03,0.00,3,100,99,100,14,8.0,157,126,16.8,16.2,0,0.00,1002.5,987.8
2021-01-24T23:00,-0.3,0.00,77,-3.8,-4.2,0.00,0.03,0.00,3,100,97,100,4,8.5,151,126,18.5,18.0,0,0.00,1002.0,987.3
2021-01-25T00:00,-0.4,0.20,77,-4.0,-4.5,0.00,0.03,0.14,71,98,12,98,16,9.4,143,122,19.0,19.1,0,0.00,1001.6,986.9
2021-01-25T01:00,-0.3,0.10,77,-3.9,-4.5,0.00,0.03,0.07,71,100,69,94,87,10.6,136,125,19.6,20.5,0,0.00,1001.0,986.3
2021-01-25T02:00,-0.2,0.10,76,-4.0,-4.5,0.00,0.03,0.07,71,92,68,82,62,11.0,121,109,19.4,22.3,0,0.00,1000.3,985.7
2021-01-25T03:00,-0.4,0.20,75,-4.3,-4.9,0.00,0.03,0.14,71,95,13,66,91,12.5,115,108,22.6,35.3,0,0.00,1000.3,985.6
2021-01-25T04:00,-0.2,0.20,74,-4.3,-4.6,0.00,0.03,0.14,71,99,98,97,69,11.3,123,112,21.4,25.6,0,0.00,1000.1,985.5
2021-01-25T05:00,-0.1,0.20,74,-4.1,-4.3,0.00,0.03,0.14,71,100,99,97,90,10.0,143,128,18.5,23.4,0,0.00,1000.2,985.6
2021-01-25T06:00,-0.0,0.60,79,-3.2,-3.8,0.00,0.03,0.42,73,97,94,85,84,7.9,159,133,13.1,20.5,0,0.00,1000.2,985.6
2021-01-25T07:00,-0.2,0.30,86,-2.2,-3.6,0.00,0.03,0.21,73,99,98,93,69,6.3,185,156,11.6,15.8,0,0.00,1000.6,985.9
2021-01-25T08:00,-0.3,0.10,93,-1.4,-3.2,0.00,0.03,0.07,71,99,98,87,86,3.7,226,191,10.4,12.6,0,0.00,1001.3,986.6
2021-01-25T09:00,0.1,0.10,94,-0.8,-2.7,0.00,0.04,0.07,71,100,99,94,99,3.8,252,229,8.3,9.4,1,0.00,1002.2,987.5
2021-01-25T10:00,0.6,0.20,92,-0.5,-2.2,0.00,0.04,0.14,71,100,99,89,96,3.9,258,248,7.0,10.4,1,0.00,1002.8,988.2
2021-01-25T11:00,1.1,0.20,90,-0.4,-1.9,0.00,0.04,0.14,71,100,96,98,37,5.2,259,254,7.7,13.3,1,0.00,1003.4,988.8
2021-01-25T12:00,1.8,0.10,87,-0.2,-1.5,0.00,0.04,0.07,71,100,92,93,97,7.6,274,273,10.1,18.7,1,0.00,1004.2,989.6
2021-01-25T13:00,2.2,0.10,86,0.1,-0.8,0.10,0.04,0.00,51,100,89,93,39,6.5,261,264,9.1,19.1,1,0.00,1004.9,990.3
2021-01-25T14:00,2.7,0.20,84,0.3,-0.3,0.10,0.04,0.07,71,95,86,89,12,6.2,265,263,8.7,18.4,1,2949.30,1005.2,990.6
2021-01-25T15:00,2.4,0.10,86,0.3,-0.6,0.10,0.04,0.00,51,83,57,70,52,6.3,261,257,8.8,17.3,1,0.00,1005.9,991.3
2021-01-25T16:00,2.2,0.10,89,0.6,-1.0,0.10,0.04,0.00,51,91,57,65,84,7.5,243,235,12.6,15.8,1,841.47,1006.6,992.0
2021-01-25T17:00,1.9,0.10,90,0.5,-1.3,0.10,0.04,0.00,51,86,70,56,33,8.2,294,285,15.8,18.0,1,56.46,1007.8,993.2
2021-01-25T18:00,0.9,0.10,94,0.1,-2.6,0.10,0.04,0.00,51,83,60,77,15,9.4,307,302,19.0,19.8,0,0.00,1009.0,994.3
2021-01-25T19:00,0.4,0.30,94,-0.5,-3.2,0.00,0.04,0.21,73,83,0,72,80,9.5,303,299,20.3,20.5,0,0.00,1010.4,995.6
2021-01-25T20:00,0.6,0.10,94,-0.3,-3.1,0.00,0.04,0.07,71,66,0,32,64,10.2,309,302,20.7,22.0,0,0.00,1011.3,996.5
2021-01-25T21:00,0.5,0.00,94,-0.4,-3.2,0.00,0.04,0.00,2,76,0,0,76,10.0,316,311,20.6,22.7,0,0.00,1012.5,997.7
2021-01-25T22:00,0.3,0.00,93,-0.7,-3.4,0.00,0.04,0.00,2,51,0,0,51,10.0,314,308,20.1,22.3,0,0.00,1013.7,998.9
2021-01-25T23:00,-0.7,0.00,94,-1.6,-4.0,0.00,0.04,0.00,0,12,1,4,8,6.6,300,292,17.1,21.6,0,0.00,1014.5,999.6
2021-01-26T00:00,-1.8,0.00,93,-2.8,-5.2,0.00,0.04,0.00,2,61,54,9,10,5.6,270,255,15.8,15.1,0,0.00,1015.3,1000.3
2021-01-26T01:00,-1.2,0.00,91,-2.4,-4.6,0.00,0.04,0.00,3,94,85,83,35,6.4,258,243,18.0,14.4,0,0.00,1015.4,1000.5
2021-01-26T02:00,-1.1,0.00,92,-2.2,-4.7,0.00,0.04,0.00,3,98,90,91,36,7.9,246,231,19.7,18.0,0,0.00,1015.7,1000.8
2021-01-26T03:00,-0.2,0.00,90,-1.6,-4.3,0.00,0.04,0.00,3,93,83,67,46,12.0,238,226,23.0,25.6,0,0.00,1015.8,1000.9
2021-01-26T04:00,-0.0,0.00,89,-1.7,-4.6,0.00,0.04,0.00,3,98,84,97,42,15.1,237,232,27.9,32.0,0,0.00,1016.0,1001.1
2021-01-26T05:00,0.5,0.20,86,-1.6,-4.4,0.00,0.04,0.14,71,94,70,91,76,17.7,237,232,30.2,37.8,0,0.00,1016.2,1001.4
2021-01-26T06:00,0.6,0.10,86,-1.4,-4.5,0.00,0.04,0.07,71,100,83,100,90,19.1,241,238,32.9,40.7,0,0.00,1016.6,1001.8
2021-01-26T07:00,0.9,0.20,84,-1.5,-4.4,0.00,0.04,0.14,71,100,94,100,97,20.0,236,232,33.4,43.6,0,0.00,1016.8,1002.0
2021-01-26T08:00,1.3,0.00,82,-1.5,-4.0,0.00,0.04,0.00,3,100,23,86,100,19.9,241,238,32.9,43.2,0,0.00,1017.2,1002.4
2021-01-26T09:00,1.6,0.00,79,-1.7,-3.7,0.00,0.04,0.00,3,99,0,65,99,19.7,250,246,32.6,42.8,1,0.00,1017.9,1003.1
2021-01-26T10:00,1.8,0.00,76,-1.9,-3.6,0.00,0.04,0.00,3,98,0,73,98,20.9,253,251,33.8,45.4,1,0.00,1018.4,1003.6
2021-01-26T11:00,1.7,0.00,78,-1.6,-3.7,0.00,0.04,0.00,2,73,0,39,72,20.6,242,241,33.3,45.4,1,0.00,1018.9,1004.1
2021-01-26T12:00,2.6,0.00,71,-2.1,-2.9,0.00,0.04,0.00,2,54,0,5,53,21.3,248,246,32.3,50.0,1,3600.00,1019.2,1004.4
2021-01-26T13:00,3.5,0.00,67,-2.1,-2.3,0.00,0.05,0.00,2,54,83,72,71,23.1,260,259,34.7,47.9,1,3600.00,1019.6,1004.9
2021-01-26T14:00,3.6,0.00,69,-1.6,-1.6,0.00,0.05,0.00,3,99,84,62,97,19.4,261,259,31.4,49.3,1,211.91,1019.6,1004.9
2021-01-26T15:00,3.4,0.00,69,-1.7,-1.9,0.00,0.05,0.00,3,97,94,35,72,20.3,259,258,32.3,44.6,1,287.79,1019.7,1005.0
2021-01-26T16:00,3.4,0.00,67,-2.1,-2.0,0.00,0.05,0.00,3,97,79,48,88,19.8,260,258,32.2,44.6,1,2657.95,1020.1,1005.4
2021-01-26T17:00,2.8,0.00,68,-2.6,-2.2,0.00,0.05,0.00,3,84,33,48,78,17.1,257,255,29.5,42.8,1,37.89,1020.8,1006.0
2021-01-26T18:00,2.2,0.00,71,-2.5,-2.3,0.00,0.05,0.00,3,80,58,16,56,13.6,263,258,25.4,36.7,0,0.00,1021.3,1006.5
2021-01-26T19:00,1.2,0.00,77,-2.3,-2.5,0.00,0.05,0.00,2,53,0,8,53,8.7,257,246,19.2,29.9,0,0.00,1021.7,1006.8
2021-01-26T20:00,0.1,0.00,86,-2.0,-3.4,0.00,0.05,0.00,3,92,81,35,58,7.7,242,221,18.4,19.4,0,0.00,1022.2,1007.3
2021-01-26T21:00,-0.3,0.00,92,-1.5,-3.8,0.00,0.05,0.00,3,98,96,74,42,7.7,228,208,18.4,16.9,0,0.00,1022.1,1007.1
2021-01-26T22:00,0.3,0.00,93,-0.7,-3.3,0.00,0.05,0.00,3,100,100,100,30,9.0,221,209,20.7,18.7,0,0.00,1022.0,1007.1
2021-01-26T23:00,0.4,0.00,93,-0.7,-3.5,0.00,0.05,0.00,3,87,0,84,27,11.0,226,221,23.7,23.4,0,0.00,1022.1,1007.2
2021-01-27T00:00,-0.1,0.00,93,-1.1,-3.9,0.00,0.05,0.00,1,20,0,6,17,10.0,226,218,22.7,23.8,0,0.00,1021.9,1006.9
2021-01-27T01:00,-0.1,0.00,91,-1.3,-3.8,0.00,0.05,0.00,0,14,66,52,7,9.6,223,214,22.7,21.2,0,0.00,1021.6,1006.6
2021-01-27T02:00,-0.5,0.00,92,-1.6,-4.0,0.00,0.05,0.00,3,87,83,34,2,8.0,226,216,20.9,20.9,0,0.00,1021.0,1006.0
2021-01-27T03:00,-1.0,0.00,92,-2.1,-4.4,0.00,0.05,0.00,3,99,99,42,1,6.5,228,214,18.9,18.0,0,0.00,1020.5,1005.5
2021-01-27T04:00,-1.0,0.00,92,-2.2,-4.2,0.00,0.05,0.00,3,100,100,94,1,5.6,227,207,16.8,16.2,0,0.00,1020.2,1005.2
2021-01-27T05:00,-0.7,0.00,90,-2.1,-4.0,0.00,0.05,0.00,3,100,100,100,1,6.3,218,193,16.9,15.1,0,0.00,1019.4,1004.4
2021-01-27T06:00,-0.6,0.00,88,-2.3,-4.0,0.00,0.05,0.00,3,100,100,91,0,6.3,227,211,16.8,15.5,0,0.00,1018.8,1003.9
2021-01-27T07:00,-0.7,0.00,88,-2.4,-4.4,0.00,0.05,0.00,3,100,99,100,0,8.2,227,209,19.4,19.4,0,0.00,1018.3,1003.4
2021-01-27T08:00,-0.1,0.10,84,-2.6,-4.0,0.00,0.05,0.07,71,100,100,99,18,9.3,209,193,19.3,20.9,0,0.00,1017.7,1002.8
2021-01-27T09:00,0.3,0.10,79,-2.9,-3.9,0.00,0.05,0.07,71,100,100,100,51,11.0,201,191,20.9,23.8,1,0.00,1017.9,1003.0
2021-01-27T10:00,0.5,0.30,80,-2.6,-3.6,0.00,0.05,0.21,73,100,100,99,83,11.2,193,182,20.3,24.8,1,0.00,1017.6,1002.7
2021-01-27T11:00,1.1,0.60,80,-2.0,-2.9,0.00,0.05,0.42,73,100,99,100,76,10.8,188,182,18.2,24.8,1,0.00,1017.7,1002.9
2021-01-27T12:00,1.2,0.70,82,-1.5,-2.8,0.00,0.06,0.49,73,100,98,98,83,11.2,186,180,18.1,25.9,1,0.00,1017.2,1002.4
2021-01-27T13:00,1.7,0.30,84,-0.6,-2.5,0.00,0.06,0.21,73,100,0,98,100,13.7,200,198,19.9,25.6,1,0.00,1016.4,1001.6
2021-01-27T14:00,1.6,0.10,86,-0.5,-2.5,0.00,0.06,0.07,71,97,0,82,96,13.3,199,193,22.9,30.6,1,0.00,1015.6,1000.8
2021-01-27T15:00,2.0,0.00,84,-0.5,-2.1,0.00,0.06,0.00,3,99,0,99,99,12.4,211,202,24.4,30.6,1,0.00,1015.1,1000.4
2021-01-27T16:00,1.9,0.10,85,-0.4,-2.2,0.00,0.06,0.07,71,100,2,100,100,13.0,232,228,22.8,31.7,1,0.00,1015.3,1000.5
2021-01-27T17:00,1.9,0.30,88,0.0,-1.9,0.10,0.06,0.14,71,100,80,35,100,11.5,234,229,21.4,28.1,1,0.00,1015.0,1000.3
2021-01-27T18:00,2.3,0.10,87,0.4,-1.5,0.10,0.06,0.00,51,100,55,89,100,11.5,236,231,22.1,25.2,0,0.00,1015.1,1000.4
2021-01-27T19:00,2.6,0.10,89,0.9,-1.2,0.10,0.06,0.00,51,100,41,18,100,12.2,241,236,23.0,26.3,0,0.00,1015.1,1000.4
2021-01-27T20:00,2.8,0.00,90,1.2,-0.9,0.00,0.06,0.00,3,100,8,25,100,11.8,248,243,22.1,26.3,0,0.00,1015.1,1000.4
2021-01-27T21:00,2.8,0.00,91,1.4,-0.8,0.00,0.06,0.00,3,100,76,30,100,11.6,249,244,22.8,25.2,0,0.00,1015.0,1000.3
2021-01-27T22:00,2.9,0.00,91,1.6,-0.7,0.00,0.06,0.00,3,100,95,37,100,11.8,250,247,22.7,25.6,0,0.00,1015.3,1000.6
2021-01-27T23:00,3.0,0.00,91,1.7,-0.6,0.00,0.06,0.00,3,100,95,40,100,11.5,243,238,22.5,25.2,0,0.00,1015.4,1000.7
2021-01-28T00:00,2.9,0.00,92,1.8,-0.6,0.00,0.06,0.00,3,100,89,15,99,11.2,234,228,22.2,24.5,0,0.00,1015.3,1000.6
2021-01-28T01:00,2.5,0.00,92,1.3,-0.8,0.00,0.06,0.00,3,100,100,0,100,8.9,231,220,19.5,24.5,0,0.00,1015.2,1000.5
2021-01-28T02:00,2.6,0.00,92,1.5,-0.8,0.00,0.06,0.00,3,100,100,8,100,10.4,222,214,21.4,22.0,0,0.00,1014.7,1000.0
2021-01-28T03:00,2.9,0.00,91,1.6,-0.5,0.00,0.06,0.00,3,100,100,70,97,10.5,214,202,21.3,22.7,0,0.00,1014.0,999.3
2021-01-28T04:00,3.2,0.10,91,1.8,-0.2,0.10,0.06,0.00,51,100,100,98,100,10.4,207,194,21.1,22.7,0,0.00,1012.9,998.3
2021-01-28T05:00,3.3,0.40,92,2.2,0.0,0.40,0.05,0.00,51,100,100,100,100,10.2,205,190,20.6,22.7,0,0.00,1011.9,997.3
2021-01-28T06:00,3.5,0.60,95,2.8,0.5,0.60,0.05,0.00,53,100,100,100,100,9.4,204,187,20.9,22.7,0,0.00,1010.4,995.8
2021-01-28T07:00,3.9,0.80,95,3.2,1.0,0.80,0.05,0.00,53,100,100,100,100,8.6,202,178,19.1,22.0,0,0.00,1009.2,994.6
2021-01-28T08:00,4.1,1.60,96,3.5,1.4,1.60,0.05,0.00,61,100,100,100,100,8.1,198,167,17.4,19.8,0,0.00,1008.2,993.7
2021-01-28T09:00,4.5,2.00,96,3.9,1.7,2.00,0.05,0.00,61,100,100,100,100,9.1,193,162,19.2,20.9,1,0.00,1006.7,992.2
2021-01-28T10:00,5.3,2.00,95,4.6,2.4,2.00,0.05,0.00,61,100,100,100,100,10.9,206,189,23.2,25.6,1,0.00,1005.7,991.3
2021-01-28T11:00,6.0,2.70,94,5.2,2.8,2.70,0.05,0.00,63,100,100,100,100,13.8,224,219,27.0,30.2,1,0.00,1005.1,990.7
2021-01-28T12:00,6.4,1.80,95,5.6,2.7,1.80,0.04,0.00,61,100,100,87,84,17.5,222,217,32.1,37.8,1,0.00,1004.1,989.7
2021-01-28T13:00,6.9,2.40,96,6.2,3.3,2.40,0.04,0.00,61,100,31,80,100,17.8,229,228,32.7,41.4,1,0.00,1002.9,988.6
2021-01-28T14:00,8.9,0.30,94,8.0,5.7,0.30,0.04,0.00,51,100,6,99,100,18.3,233,227,32.1,62.6,1,247.58,1001.7,987.5
2021-01-28T15:00,10.7,0.70,88,8.8,7.2,0.70,0.04,0.00,53,94,7,91,80,21.4,256,253,37.5,64.1,1,0.00,1001.5,987.4
2021-01-28T16:00,11.3,0.50,87,9.2,8.1,0.50,0.03,0.00,53,98,10,28,97,20.6,265,264,36.5,65.9,1,825.81,1001.8,987.7
2021-01-28T17:00,11.0,0.80,89,9.3,7.6,0.80,0.03,0.00,53,93,35,82,90,21.5,260,256,38.1,63.7,1,164.07,1002.5,988.4
2021-01-28T18:00,11.1,0.70,87,9.0,7.8,0.70,0.03,0.00,53,93,86,13,88,21.2,263,260,36.3,65.5,0,0.00,1003.5,989.4
2021-01-28T19:00,10.6,0.40,87,8.5,7.5,0.40,0.02,0.00,51,97,96,16,45,18.8,268,263,33.5,63.0,0,0.00,1004.4,990.3
2021-01-28T20:00,9.9,0.20,88,8.1,6.9,0.20,0.02,0.00,51,97,94,42,66,16.9,253,246,30.5,41.0,0,0.00,1004.7,990.5
2021-01-28T21:00,9.7,0.10,88,7.9,6.5,0.10,0.02,0.00,51,96,94,23,35,18.2,248,240,32.6,38.5,0,0.00,1005.2,991.0
2021-01-28T22:00,9.3,0.10,89,7.6,6.0,0.10,0.02,0.00,51,100,89,96,13,18.4,238,235,33.5,41.4,0,0.00,1006.0,991.8
2021-01-28T23:00,9.2,0.00,93,8.2,6.1,0.00,0.02,0.00,2,71,0,66,23,17.8,238,234,32.7,39.6,0,0.00,1006.2,992.0
2021-01-29T00:00,8.9,0.30,94,8.1,6.3,0.30,0.01,0.00,51,100,100,23,96,14.5,243,243,28.7,47.9,0,0.00,1005.9,991.6
2021-01-29T01:00,8.4,0.00,94,7.5,6.4,0.00,0.01,0.00,3,100,100,64,45,9.2,257,259,22.2,40.7,0,0.00,1004.4,990.1
2021-01-29T02:00,9.0,0.00,94,8.1,6.7,0.00,0.01,0.00,3,100,100,91,21,12.2,246,242,26.0,27.4,0,0.00,1003.2,989.0
2021-01-29T03:00,8.7,1.20,96,8.1,6.2,1.20,0.01,0.00,55,100,99,100,100,13.6,217,212,27.5,39.2,0,0.00,1002.4,988.2
2021-01-29T04:00,9.2,1.20,94,8.3,6.4,1.20,0.01,0.00,55,100,92,99,100,16.1,225,220,30.3,41.8,0,0.00,1001.0,986.8
2021-01-29T05:00,9.5,0.50,93,8.5,5.9,0.50,0.01,0.00,53,100,99,92,100,21.9,226,224,37.9,50.8,0,0.00,999.8,985.7
2021-01-29T06:00,9.4,1.10,92,8.1,5.9,1.10,0.01,0.00,55,100,94,97,100,20.1,219,216,35.6,57.2,0,0.00,998.5,984.4
2021-01-29T07:00,9.0,1.10,91,7.5,4.4,1.10,0.01,0.00,55,100,89,98,100,27.0,223,222,46.4,67.7,0,0.00,997.7,983.6
2021-01-29T08:00,9.3,1.00,92,8.0,5.3,1.00,0.01,0.00,55,100,92,95,100,23.7,240,237,40.5,73.1,0,0.00,997.8,983.7
2021-01-29T09:00,9.3,0.50,89,7.5,5.0,0.50,0.01,0.00,53,100,99,95,84,24.6,266,264,41.9,70.2,1,0.00,998.7,984.6
2021-01-29T10:00,9.0,1.10,89,7.4,5.4,1.10,0.01,0.00,55,98,89,91,55,19.9,255,253,34.0,73.1,1,0.00,999.5,985.3
2021-01-29T11:00,9.5,0.00,87,7.4,5.4,0.00,0.01,0.00,3,100,5,13,100,23.7,255,253,38.3,64.8,1,0.00,1000.2,986.1
2021-01-29T12:00,10.1,0.10,81,7.0,5.8,0.10,0.01,0.00,51,89,75,36,60,24.3,255,255,38.7,63.7,1,2468.95,1000.6,986.5
2021-01-29T13:00,10.7,0.20,69,5.2,5.4,0.20,0.00,0.00,51,84,61,38,31,27.7,251,252,42.2,60.1,1,3600.00,1000.7,986.6
2021-01-29T14:00,10.6,0.00,65,4.4,4.7,0.00,0.00,0.00,3,98,21,98,39,31.5,254,254,48.0,62.3,1,3600.00,1000.1,986.0
2021-01-29T15:00,10.1,0.00,75,5.8,5.5,0.00,0.00,0.00,3,84,75,65,6,23.8,250,250,38.6,65.9,1,3600.00,999.8,985.7
2021-01-29T16:00,9.0,0.40,82,6.1,4.9,0.40,0.00,0.00,51,88,54,44,71,21.5,250,249,35.5,57.2,1,3600.00,999.9,985.7
2021-01-29T17:00,8.2,0.30,86,6.0,4.4,0.30,0.00,0.00,51,88,74,48,68,19.0,247,245,32.8,54.7,1,0.00,1000.2,986.0
2021-01-29T18:00,7.4,1.40,91,6.0,4.1,1.40,0.00,0.00,61,100,93,100,100,15.3,246,243,28.4,54.0,0,0.00,1000.2,985.9
2021-01-29T19:00,7.5,0.80,90,5.9,3.5,0.80,0.00,0.00,53,100,90,97,100,20.2,239,239,34.7,42.5,0,0.00,1000.2,986.0
2021-01-29T20:00,7.5,0.30,90,5.9,3.3,0.30,0.00,0.00,51,100,68,90,100,21.7,240,238,36.3,56.5,0,0.00,1000.4,986.2
2021-01-29T21:00,7.4,0.40,89,5.7,3.6,0.40,0.00,0.00,51,100,0,78,100,18.5,245,241,31.4,55.1,0,0.00,1001.1,986.8
2021-01-29T22:00,7.1,0.20,91,5.7,3.3,0.20,0.00,0.00,51,90,0,81,89,19.0,245,243,32.1,40.0,0,0.00,1001.7,987.4
2021-01-29T23:00,7.3,0.00,91,5.9,3.8,0.00,0.00,0.00,1,23,0,5,23,16.8,259,255,29.3,40.3,0,0.00,1002.3,988.0
2021-01-30T00:00,6.8,0.00,90,5.3,2.8,0.00,0.00,0.00,2,59,0,8,57,19.2,259,257,34.5,40.7,0,0.00,1003.2,988.9
2021-01-30T01:00,7.1,0.20,88,5.2,3.1,0.20,0.00,0.00,51,95,12,30,38,19.2,255,253,33.5,43.9,0,0.00,1003.3,989.0
2021-01-30T02:00,6.8,0.00,88,5.0,2.9,0.00,0.00,0.00,1,38,0,23,35,18.2,246,243,32.4,41.4,0,0.00,1003.4,989.1
2021-01-30T03:00,6.5,0.10,90,5.0,2.6,0.10,0.00,0.00,51,89,0,82,86,17.9,243,242,32.0,39.6,0,0.00,1003.6,989.3
2021-01-30T04:00,6.7,0.00,90,5.2,3.1,0.00,0.00,0.00,3,100,59,99,99,16.6,246,243,29.5,38.5,0,0.00,1003.4,989.1
2021-01-30T05:00,6.7,0.80,93,5.6,3.4,0.80,0.00,0.00,53,100,98,99,89,14.7,240,239,26.9,36.4,0,0.00,1002.8,988.5
2021-01-30T06:00,6.9,1.20,92,5.7,2.9,1.20,0.00,0.00,55,100,99,99,99,20.0,245,242,34.6,42.8,0,0.00,1002.0,987.7
2021-01-30T07:00,6.9,0.80,91,5.6,3.0,0.80,0.00,0.00,53,100,95,100,94,18.9,248,246,33.0,43.9,0,0.00,1001.8,987.5
2021-01-30T08:00,6.7,0.30,89,5.0,3.3,0.30,0.00,0.00,51,100,99,100,9,14.9,253,250,26.8,41.4,1,0.00,1001.7,987.4
2021-01-30T09:00,6.4,0.00,91,5.1,3.7,0.00,0.00,0.00,3,100,100,100,43,10.0,253,249,20.4,32.8,1,0.00,1001.8,987.5
2021-01-30T10:00,7.0,0.10,91,5.6,3.9,0.10,0.00,0.00,51,100,91,99,48,13.7,244,243,23.7,29.2,1,0.00,1001.4,987.1
2021-01-30T11:00,7.4,0.30,87,5.4,4.6,0.30,0.00,0.00,51,100,99,100,90,11.1,255,257,19.0,29.5,1,30.53,1001.4,987.1
2021-01-30T12:00,7.4,0.40,91,6.0,4.7,0.40,0.00,0.00,51,100,70,100,100,11.9,244,241,18.0,28.8,1,0.00,1001.1,986.8
2021-01-30T13:00,7.4,1.00,92,6.3,4.9,1.00,0.00,0.00,55,100,94,100,80,10.5,233,232,18.0,28.4,1,0.00,999.6,985.4
2021-01-30T14:00,7.5,0.90,91,6.1,5.5,0.90,0.00,0.00,53,100,98,100,65,6.7,236,234,12.2,22.7,1,0.00,999.0,984.8
2021-01-30T15:00,7.1,0.70,94,6.2,5.9,0.70,0.00,0.00,53,100,100,100,88,1.8,68,53,1.9,14.8,1,0.00,998.5,984.3
2021-01-30T16:00,6.1,0.80,93,5.1,3.2,0.80,0.00,0.00,53,100,100,100,96,11.6,90,83,18.0,21.2,1,0.00,998.3,984.0
2021-01-30T17:00,4.2,0.60,92,2.9,-0.1,0.60,0.00,0.00,53,100,100,100,99,17.7,85,84,29.6,37.1,1,0.00,998.2,983.8
2021-01-30T18:00,3.7,0.40,93,2.6,-0.6,0.40,0.00,0.00,51,100,100,100,100,17.5,83,81,31.2,37.4,0,0.00,998.5,984.1
2021-01-30T19:00,3.3,0.40,92,2.1,-1.1,0.40,0.00,0.00,51,100,100,100,100,18.2,83,81,31.6,38.2,0,0.00,998.6,984.2
2021-01-30T20:00,2.8,0.70,91,1.5,-1.8,0.70,0.00,0.00,53,100,98,91,58,18.4,80,78,31.8,38.9,0,0.00,998.4,983.9
2021-01-30T21:00,2.5,0.60,91,1.2,-2.0,0.60,0.00,0.00,53,100,98,100,100,17.4,79,77,30.4,38.5,0,0.00,998.7,984.2
2021-01-30T22:00,2.2,0.70,92,1.0,-2.0,0.70,0.00,0.00,53,100,98,100,100,15.6,79,75,27.2,36.4,0,0.00,999.1,984.6
2021-01-30T23:00,2.1,0.50,91,0.8,-1.9,0.50,0.00,0.00,53,100,98,100,100,13.6,78,73,24.6,32.4,0,0.00,999.5,985.0
2021-01-31T00:00,2.0,0.20,90,0.6,-1.8,0.20,0.00,0.00,51,100,98,100,84,12.1,80,73,23.0,28.8,0,0.00,999.8,985.3
2021-01-31T01:00,1.4,0.10,83,-1.2,-2.9,0.10,0.00,0.00,51,100,100,100,94,13.4,81,76,24.0,27.0,0,0.00,1001.0,986.4
2021-01-31T02:00,1.4,0.00,81,-1.5,-2.7,0.00,0.00,0.00,3,100,71,100,93,11.4,82,77,20.7,28.4,0,0.00,1001.2,986.6
2021-01-31T03:00,1.3,0.00,79,-1.9,-2.5,0.00,0.00,0.00,3,100,49,100,88,9.7,83,75,18.1,24.5,0,0.00,1001.3,986.7
2021-01-31T04:00,1.0,0.00,78,-2.4,-3.0,0.00,0.00,0.00,3,98,0,97,95,10.2,75,67,18.3,22.0,0,0.00,1001.9,987.3
2021-01-31T05:00,0.8,0.00,77,-2.8,-3.2,0.00,0.00,0.00,3,96,1,95,89,10.4,76,70,20.0,23.4,0,0.00,1002.1,987.5
2021-01-31T06:00,0.6,0.00,77,-3.0,-3.5,0.00,0.00,0.00,3,97,68,90,75,10.7,82,76,19.7,23.8,0,0.00,1002.1,987.5
2021-01-31T07:00,0.5,0.00,77,-3.0,-3.7,0.00,0.00,0.00,3,93,55,83,71,10.7,83,76,20.0,23.0,0,0.00,1002.2,987.6
2021-01-31T08:00,0.3,0.00,78,-3.1,-3.8,0.00,0.00,0.00,3,85,61,42,62,10.5,77,68,20.7,22.7,1,0.00,1002.7,988.0
2021-01-31T09:00,0.8,0.00,78,-2.6,-3.3,0.00,0.00,0.00,1,47,0,7,45,11.4,86,79,22.4,24.5,1,229.44,1003.0,988.4
2021-01-31T10:00,2.3,0.00,74,-1.8,-1.6,0.00,0.00,0.00,1,23,0,8,20,10.2,85,80,16.6,23.4,1,3600.00,1003.1,988.5
2021-01-31T11:00,3.7,0.00,71,-1.0,-0.2,0.00,0.00,0.00,2,52,0,6,51,11.2,94,92,15.9,25.9,1,3600.00,1003.2,988.7
2021-01-31T12:00,4.7,0.00,70,-0.3,0.8,0.00,0.00,0.00,2,60,0,6,59,11.8,102,102,16.9,27.7,1,3600.00,1002.8,988.4
2021-01-31T13:00,3.5,0.00,75,-0.6,-0.7,0.00,0.00,0.00,2,53,0,89,98,13.5,100,99,19.4,28.4,1,3600.00,1003.1,988.6
2021-01-31T14:00,3.5,0.00,75,-0.4,-0.3,0.00,0.00,0.00,3,99,43,94,97,11.4,103,103,17.4,28.8,1,0.00,1002.5,988.0
2021-01-31T15:00,3.7,0.00,76,-0.2,-0.0,0.00,0.00,0.00,3,99,69,87,99,10.7,104,102,16.7,25.2,1,0.00,1001.7,987.2
2021-01-31T16:00,3.9,0.00,75,-0.0,0.3,0.00,0.00,0.00,3,100,38,87,100,10.1,107,107,15.8,23.8,1,0.00,1001.4,987.0
2021-01-31T17:00,3.7,0.00,78,0.1,-0.1,0.00,0.00,0.00,3,100,82,59,98,11.1,107,103,19.9,23.0,1,0.00,1000.7,986.3
2021-01-31T18:00,3.5,0.00,79,0.2,-0.4,0.00,0.00,0.00,3,100,98,99,100,12.5,110,108,22.5,25.6,0,0.00,1000.2,985.8
2021-01-31T19:00,3.4,0.20,81,0.4,-0.7,0.20,0.00,0.00,51,100,95,99,100,14.1,111,109,25.1,28.4,0,0.00,999.4,985.0
2021-01-31T20:00,3.3,0.10,83,0.7,-1.0,0.10,0.00,0.00,51,100,97,92,84,15.3,109,105,27.1,31.3,0,0.00,998.6,984.2
2021-01-31T21:00,3.3,0.00,84,0.8,-1.1,0.00,0.00,0.00,3,100,99,99,69,15.8,111,107,28.5,32.4,0,0.00,997.7,983.3
2021-01-31T22:00,3.2,0.10,85,1.0,-1.0,0.10,0.00,0.00,51,100,98,100,98,15.1,114,108,27.9,32.4,0,0.00,997.2,982.8
2021-01-31T23:00,3.6,0.30,87,1.6,-0.7,0.30,0.00,0.00,51,100,99,100,72,16.2,114,107,29.5,33.1,0,0.00,996.3,981.9
2021-02-01T00:00,3.8,0.10,88,1.9,-0.3,0.10,0.00,0.00,51,100,100,100,45,15.4,113,106,28.6,33.1,0,0.00,995.7,981.3
2021-02-01T01:00,3.5,0.00,91,2.1,-0.3,0.00,0.00,0.00,3,100,67,100,39,14.2,120,114,26.9,33.1,0,0.00,994.8,980.4
2021-02-01T02:00,3.5,0.20,93,2.4,-0.5,0.20,0.00,0.00,51,100,27,100,71,15.5,120,112,29.5,31.7,0,0.00,994.0,979.6
2021-02-01T03:00,3.8,0.50,93,2.7,-0.3,0.50,0.00,0.00,53,100,81,100,99,16.1,117,110,29.9,33.1,0,0.00,993.3,979.0
2021-02-01T04:00,4.0,0.50,92,2.9,0.1,0.50,0.00,0.00,53,100,90,100,100,15.4,118,111,29.0,33.1,0,0.00,992.9,978.6
2021-02-01T05:00,4.2,0.40,93,3.1,0.4,0.40,0.00,0.00,51,100,96,100,100,14.9,120,110,28.2,31.3,0,0.00,992.7,978.4
2021-02-01T06:00,4.5,0.30,93,3.4,0.8,0.30,0.00,0.00,51,100,97,100,100,14.3,121,108,27.3,30.6,0,0.00,992.3,978.0
2021-02-01T07:00,4.9,0.30,93,3.8,1.2,0.30,0.00,0.00,51,100,96,99,100,14.8,125,113,27.4,29.9,0,0.00,992.0,977.7
2021-02-01T08:00,5.1,0.30,93,4.0,1.7,0.30,0.00,0.00,51,100,94,93,100,13.4,128,114,25.6,29.9,1,0.00,992.2,977.9
2021-02-01T09:00,5.5,0.50,92,4.4,2.4,0.50,0.00,0.00,53,100,94,88,100,11.9,133,119,22.7,27.4,1,0.00,992.5,978.3
2021-02-01T10:00,6.0,0.40,93,5.0,3.4,0.40,0.00,0.00,51,100,98,100,100,9.8,145,126,18.4,24.1,1,0.00,992.7,978.5
2021-02-01T11:00,6.3,0.50,93,5.3,3.9,0.50,0.00,0.00,53,100,99,100,100,8.4,161,133,15.6,20.2,1,0.00,993.1,978.9
2021-02-01T12:00,6.9,0.60,93,5.8,4.5,0.60,0.00,0.00,53,100,98,65,96,8.8,184,161,17.0,18.7,1,0.00,993.6,979.4
2021-02-01T13:00,5.8,0.20,95,5.0,3.6,0.20,0.00,0.00,51,99,95,96,100,6.8,150,122,11.6,20.2,1,0.00,994.0,979.8
2021-02-01T14:00,6.4,1.70,95,5.7,4.6,1.70,0.00,0.00,61,100,90,72,100,4.9,184,144,10.5,25.2,1,0.00,994.2,980.0
2021-02-01T15:00,6.9,0.30,95,6.1,5.0,0.30,0.00,0.00,51,100,56,77,100,6.6,232,229,10.5,13.7,1,0.00,994.8,980.6
2021-02-01T16:00,6.6,0.20,98,6.2,5.0,0.20,0.00,0.00,51,100,97,100,91,3.9,259,248,7.3,15.5,1,0.00,995.6,981.4
2021-02-01T17:00,6.2,0.10,99,6.0,5.0,0.10,0.00,0.00,51,89,14,88,33,1.3,236,124,2.6,9.4,1,0.00,996.3,982.0
2021-02-01T18:00,5.6,0.00,98,5.4,4.3,0.00,0.00,0.00,2,79,0,54,72,1.1,253,90,3.8,6.5,0,0.00,997.4,983.1
2021-02-01T19:00,5.2,0.00,98,4.9,3.6,0.00,0.00,0.00,3,91,4,59,90,2.0,315,45,3.1,5.4,0,0.00,998.5,984.2
2021-02-01T20:00,5.4,0.00,97,4.9,3.8,0.00,0.00,0.00,3,99,18,84,99,2.8,349,40,3.7,6.8,0,0.00,999.5,985.2
2021-02-01T21:00,5.5,0.10,96,4.8,3.8,0.10,0.00,0.00,51,98,0,94,97,2.5,310,360,5.6,6.8,0,0.00,1000.4,986.0
2021-02-01T22:00,5.4,0.10,96,4.9,3.7,0.10,0.00,0.00,51,99,0,93,98,3.2,287,297,8.7,7.9,0,0.00,1001.3,986.9
2021-02-01T23:00,5.3,0.10,98,4.9,3.4,0.10,0.00,0.00,51,100,0,99,100,4.4,282,261,12.1,10.4,0,0.00,1002.2,987.8
2021-02-02T00:00,5.4,0.10,97,5.0,3.2,0.10,0.00,0.00,51,100,0,99,100,6.2,278,263,14.9,14.4,0,0.00,1003.6,989.2
2021-02-02T01:00,6.0,0.40,97,5.6,4.3,0.40,0.00,0.00,51,100,0,100,99,4.2,257,239,12.9,14.0,0,0.00,1003.8,989.4
2021-02-02T02:00,6.5,0.50,97,6.0,4.1,0.50,0.00,0.00,53,100,0,80,100,10.0,248,240,20.2,20.2,0,0.00,1004.6,990.2
2021-02-02T03:00,6.6,0.30,94,5.7,3.9,0.30,0.00,0.00,51,100,4,65,100,11.2,255,249,21.2,27.0,0,0.00,1005.1,990.7
2021-02-02T04:00,6.4,0.00,93,5.3,3.7,0.00,0.00,0.00,3,100,100,21,63,10.9,244,236,20.4,24.5,0,0.00,1005.6,991.2
2021-02-02T05:00,5.7,0.00,94,4.8,3.0,0.00,0.00,0.00,3,98,96,5,57,9.7,237,231,20.1,23.4,0,0.00,1006.1,991.7
2021-02-02T06:00,5.0,0.00,95,4.2,2.4,0.00,0.00,0.00,3,100,95,93,100,7.8,228,214,17.8,21.6,0,0.00,1006.1,991.6
2021-02-02T07:00,5.5,0.00,95,4.8,3.1,0.00,0.00,0.00,3,100,61,30,100,7.6,204,180,16.1,18.4,0,0.00,1005.8,991.4
2021-02-02T08:00,5.6,0.10,96,5.0,3.0,0.10,0.00,0.00,51,100,98,100,100,8.9,178,153,16.9,18.7,1,0.00,1005.3,990.9
2021-02-02T09:00,5.9,0.60,95,5.1,3.4,0.60,0.00,0.00,53,100,92,100,100,8.4,168,140,15.8,19.1,1,0.00,1004.8,990.4
2021-02-02T10:00,6.5,1.00,94,5.6,4.0,1.00,0.00,0.00,55,100,99,100,100,10.0,159,142,19.7,21.6,1,0.00,1004.3,989.9
2021-02-02T11:00,7.2,0.70,93,6.2,4.8,0.70,0.00,0.00,53,100,95,100,100,10.1,172,145,19.2,23.4,1,0.00,1003.5,989.2
2021-02-02T12:00,8.0,1.00,92,6.8,5.5,1.00,0.00,0.00,55,100,80,100,100,11.4,190,169,22.0,25.2,1,0.00,1003.0,988.7
2021-02-02T13:00,8.3,1.60,92,7.2,5.9,1.60,0.00,0.00,61,100,73,99,100,11.4,208,193,22.4,37.4,1,0.00,1002.5,988.3
2021-02-02T14:00,9.2,1.00,94,8.3,6.0,1.00,0.00,0.00,55,100,53,100,84,18.6,227,226,33.4,39.2,1,0.00,1002.0,987.8
2021-02-02T15:00,9.9,0.10,91,8.5,6.9,0.10,0.00,0.00,51,97,82,87,34,17.6,229,226,31.1,43.9,1,0.00,1002.3,988.1
2021-02-02T16:00,9.9,1.10,95,9.1,7.6,1.10,0.00,0.00,55,100,93,40,100,13.8,227,223,26.7,40.3,1,0.00,1002.2,988.0
2021-02-02T17:00,10.8,0.70,92,9.5,7.9,0.70,0.00,0.00,53,95,91,31,52,18.4,232,231,33.6,45.0,1,0.00,1002.3,988.2
2021-02-02T18:00,10.4,0.60,94,9.4,7.9,0.60,0.00,0.00,53,100,93,66,100,16.1,231,231,30.0,51.8,0,0.00,1003.2,989.1
2021-02-02T19:00,10.2,1.80,95,9.4,7.9,1.80,0.00,0.00,61,100,94,63,99,14.7,239,239,28.1,40.7,0,0.00,1003.7,989.5
2021-02-02T20:00,10.1,1.50,96,9.4,7.8,1.50,0.00,0.00,61,100,86,40,100,14.2,241,240,27.1,41.8,0,0.00,1004.1,989.9
2021-02-02T21:00,10.3,0.40,94,9.3,7.5,0.40,0.00,0.00,51,93,83,69,54,17.5,239,238,31.5,43.2,0,0.00,1004.5,990.3
2021-02-02T22:00,10.2,0.40,94,9.3,7.6,0.40,0.00,0.00,51,100,83,99,78,16.5,236,234,30.4,44.6,0,0.00,1005.0,990.8
2021-02-02T23:00,9.8,0.80,94,8.9,7.4,0.80,0.00,0.00,53,100,5,53,100,14.5,228,222,27.8,47.5,0,0.00,1005.3,991.1
2021-02-03T00:00,10.1,0.20,94,9.1,7.5,0.20,0.00,0.00,51,90,0,32,88,15.8,227,221,29.5,43.2,0,0.00,1005.4,991.2
2021-02-03T01:00,10.1,0.20,93,9.1,7.8,0.20,0.00,0.00,51,98,48,84,100,14.0,227,224,26.5,34.9,0,0.00,1005.6,991.4
2021-02-03T02:00,10.0,0.10,94,9.0,7.7,0.10,0.00,0.00,51,99,87,16,95,13.9,223,217,26.0,31.3,0,0.00,1005.5,991.3
2021-02-03T03:00,10.1,0.30,94,9.1,7.8,0.30,0.00,0.00,51,97,88,29,73,13.9,220,211,26.3,30.2,0,0.00,1005.1,990.9
2021-02-03T04:00,10.0,0.10,94,9.1,7.8,0.10,0.00,0.00,51,99,96,22,78,13.5,218,209,26.6,30.6,0,0.00,1004.7,990.5
2021-02-03T05:00,9.9,0.00,95,9.1,8.0,0.00,0.00,0.00,3,100,100,80,83,11.5,221,212,23.7,29.9,0,0.00,1004.5,990.3
2021-02-03T06:00,9.8,0.10,95,9.0,8.0,0.10,0.00,0.00,51,100,100,98,77,10.5,221,211,22.7,28.1,0,0.00,1004.1,989.9
2021-02-03T07:00,10.0,0.10,95,9.2,8.2,0.10,0.00,0.00,51,99,88,96,35,10.6,220,208,22.2,25.2,0,0.00,1003.7,989.5
2021-02-03T08:00,9.6,0.40,95,8.8,7.9,0.40,0.00,0.00,51,100,95,99,87,9.4,201,180,19.7,23.8,1,0.00,1003.4,989.2
2021-02-03T09:00,9.9,0.40,95,9.1,8.0,0.40,0.00,0.00,51,100,93,100,6,11.5,191,180,23.1,31.3,1,0.00,1003.3,989.1
2021-02-03T10:00,9.8,1.60,94,8.9,7.9,1.60,0.00,0.00,61,97,93,83,83,11.5,155,136,20.6,52.6,1,0.00,1001.9,987.7
2021-02-03T11:00,10.7,0.60,91,9.3,8.2,0.60,0.00,0.00,53,100,100,100,0,15.9,159,152,29.3,32.8,1,0.00,1001.1,987.0
2021-02-03T12:00,10.6,1.10,92,9.3,8.2,1.10,0.00,0.00,55,100,100,100,95,15.3,173,165,27.9,34.9,1,0.00,1000.8,986.7
2021-02-03T13:00,11.7,1.60,92,10.5,8.8,1.60,0.00,0.00,61,100,100,100,100,20.9,228,228,36.2,38.2,1,0.00,999.7,985.7
2021-02-03T14:00,11.6,1.70,86,9.3,7.8,1.70,0.00,0.00,61,66,57,48,1,24.8,234,230,42.5,65.9,1,0.00,1000.1,986.1
2021-02-03T15:00,11.8,0.20,77,7.9,7.9,0.20,0.00,0.00,51,100,100,100,21,22.9,227,225,38.7,65.5,1,2287.13,1000.3,986.3
2021-02-03T16:00,11.5,0.00,74,6.9,6.9,0.00,0.00,0.00,3,96,91,87,1,26.0,221,221,43.6,56.9,1,0.00,1000.2,986.2
2021-02-03T17:00,11.1,0.00,69,5.5,6.3,0.00,0.00,0.00,2,70,30,63,21,25.3,222,221,43.1,56.9,1,0.00,1000.7,986.6
2021-02-03T18:00,10.9,0.00,66,4.9,5.9,0.00,0.00,0.00,3,98,9,97,31,25.8,221,221,43.6,56.9,0,0.00,1001.3,987.2
2021-02-03T19:00,10.4,0.20,72,5.6,5.5,0.20,0.00,0.00,51,96,38,93,85,25.7,224,223,42.8,71.6,0,0.00,1002.0,987.9
2021-02-03T20:00,10.0,0.50,80,6.7,5.6,0.50,0.00,0.00,53,86,50,50,70,24.2,224,221,41.0,72.0,0,0.00,1002.1,988.0
2021-02-03T21:00,9.4,1.10,87,7.4,5.2,1.10,0.00,0.00,55,95,8,75,92,24.4,229,226,42.4,72.0,0,0.00,1002.7,988.5
2021-02-03T22:00,9.6,0.20,86,7.3,5.0,0.20,0.00,0.00,51,74,0,22,72,26.4,240,238,43.4,59.4,0,0.00,1004.4,990.2
2021-02-03T23:00,8.8,0.40,85,6.4,4.7,0.40,0.00,0.00,51,90,0,58,85,21.6,248,244,36.8,70.2,0,0.00,1006.7,992.4
2021-02-04T00:00,8.4,0.10,82,5.5,4.4,0.10,0.00,0.00,51,97,0,96,70,19.7,248,242,33.9,47.2,0,0.00,1008.7,994.4
2021-02-04T01:00,8.1,0.10,83,5.5,4.5,0.10,0.00,0.00,51,100,0,100,39,17.4,242,236,31.4,43.2,0,0.00,1009.6,995.3
2021-02-04T02:00,7.9,0.10,85,5.5,4.2,0.10,0.00,0.00,51,100,10,100,100,17.8,232,228,30.8,39.2,0,0.00,1011.1,996.7
2021-02-04T03:00,7.4,0.30,86,5.3,3.4,0.30,0.00,0.00,51,99,0,82,98,19.2,234,232,32.8,40.7,0,0.00,1012.2,997.8
2021-02-04T04:00,7.3,0.00,84,4.8,3.4,0.00,0.00,0.00,2,65,0,19,60,18.0,242,241,30.9,41.4,0,0.00,1012.8,998.4
2021-02-04T05:00,6.4,0.00,87,4.4,2.5,0.00,0.00,0.00,1,34,0,17,31,17.3,248,247,31.2,38.9,0,0.00,1013.7,999.2
2021-02-04T06:00,5.9,0.00,89,4.2,2.2,0.00,0.00,0.00,1,40,0,10,40,16.3,245,242,30.6,37.1,0,0.00,1014.4,999.9
2021-02-04T07:00,5.5,0.00,91,4.2,2.1,0.00,0.00,0.00,1,28,0,7,27,13.5,247,245,27.7,34.9,0,0.00,1015.2,1000.6
2021-02-04T08:00,4.9,0.00,93,3.9,1.8,0.00,0.00,0.00,0,5,0,1,5,11.1,245,241,25.4,29.9,1,0.00,1015.8,1001.2
2021-02-04T09:00,5.8,0.00,92,4.5,2.8,0.00,0.00,0.00,0,3,2,0,1,11.4,245,242,23.5,24.5,1,1975.44,1016.6,1002.0
2021-02-04T10:00,7.3,0.00,88,5.5,4.6,0.00,0.00,0.00,0,1,1,0,0,11.0,247,247,20.3,24.8,1,3600.00,1017.0,1002.5
2021-02-04T11:00,8.7,0.00,81,5.5,5.7,0.00,0.00,0.00,1,27,8,0,21,12.4,261,260,17.9,28.4,1,3600.00,1017.4,1003.0
2021-02-04T12:00,9.7,0.00,73,5.0,7.0,0.00,0.00,0.00,1,46,9,1,41,9.7,273,272,13.3,28.8,1,3600.00,1017.2,1002.8
2021-02-04T13:00,10.1,0.00,70,4.8,8.4,0.00,0.00,0.00,3,94,95,1,47,3.2,265,270,4.0,24.1,1,3600.00,1016.9,1002.5
2021-02-04T14:00,10.5,0.00,68,4.8,8.7,0.00,0.00,0.00,3,100,96,56,100,3.4,253,252,4.9,14.4,1,3600.00,1016.3,1002.0
2021-02-04T15:00,10.1,0.00,69,4.7,8.1,0.00,0.00,0.00,3,99,95,79,57,5.1,144,141,6.7,12.6,1,0.00,1016.0,1001.7
2021-02-04T16:00,9.7,0.00,72,4.8,7.5,0.00,0.00,0.00,3,98,93,82,7,6.8,111,108,12.3,15.8,1,370.40,1015.4,1001.1
2021-02-04T17:00,8.1,0.00,79,4.7,6.0,0.00,0.00,0.00,3,99,93,86,32,5.7,113,108,14.0,14.8,1,975.32,1015.5,1001.1
2021-02-04T18:00,7.4,0.00,80,4.2,4.8,0.00,0.00,0.00,3,98,90,92,10,8.0,117,95,15.3,14.8,0,0.00,1015.4,1000.9
2021-02-04T19:00,6.7,0.00,81,3.7,4.0,0.00,0.00,0.00,3,98,90,87,6,8.8,113,99,19.5,17.3,0,0.00,1015.1,1000.6
2021-02-04T20:00,6.5,0.00,80,3.3,3.5,0.00,0.00,0.00,3,99,95,93,5,10.1,102,88,21.3,19.1,0,0.00,1014.8,1000.3
2021-02-04T21:00,7.7,0.00,72,3.1,4.4,0.00,0.00,0.00,3,98,93,91,0,12.0,104,97,24.9,24.1,0,0.00,1014.4,1000.0
2021-02-04T22:00,7.4,0.00,73,2.8,3.9,0.00,0.00,0.00,3,97,93,78,2,12.2,111,104,24.7,24.8,0,0.00,1014.4,999.9
2021-02-04T23:00,7.1,0.00,74,2.7,3.6,0.00,0.00,0.00,3,100,100,90,3,12.4,111,107,25.1,25.2,0,0.00,1014.2,999.7
2021-02-05T00:00,6.9,0.00,75,2.7,3.4,0.00,0.00,0.00,3,100,100,100,6,12.4,112,107,25.2,25.2,0,0.00,1014.0,999.5
2021-02-05T01:00,5.3,0.10,88,3.4,2.4,0.10,0.00,0.00,51,99,98,84,0,8.8,136,109,16.5,25.2,0,0.00,1013.8,999.2
2021-02-05T02:00,5.7,0.20,89,3.9,2.8,0.20,0.00,0.00,51,95,85,90,0,9.6,129,103,15.9,19.4,0,0.00,1013.5,999.0
2021-02-05T03:00,5.9,0.00,89,4.3,3.3,0.00,0.00,0.00,3,100,97,100,0,8.8,124,109,16.6,19.8,0,0.00,1013.1,998.6
2021-02-05T04:00,6.0,0.30,92,4.7,3.6,0.30,0.00,0.00,51,100,98,100,0,7.8,124,112,16.9,16.9,0,0.00,1012.9,998.4
2021-02-05T05:00,6.1,0.60,92,4.9,3.6,0.60,0.00,0.00,53,100,100,100,99,8.6,122,112,18.8,16.9,0,0.00,1013.0,998.5
2021-02-05T06:00,6.3,0.80,93,5.2,3.9,0.80,0.00,0.00,53,100,91,100,100,8.4,128,115,18.2,18.0,0,0.00,1013.1,998.6
2021-02-05T07:00,6.4,0.70,93,5.4,4.1,0.70,0.00,0.00,53,100,14,100,13,7.9,134,120,16.0,16.9,0,0.00,1013.2,998.7
2021-02-05T08:00,6.5,0.50,94,5.5,4.2,0.50,0.00,0.00,53,98,91,92,0,7.8,142,124,15.1,15.5,1,0.00,1013.7,999.2
2021-02-05T09:00,6.9,0.30,94,5.9,4.7,0.30,0.00,0.00,51,99,55,99,6,7.7,146,131,15.3,16.2,1,0.00,1013.9,999.4
2021-02-05T10:00,7.2,0.30,94,6.4,5.4,0.30,0.00,0.00,51,100,0,100,47,6.4,157,133,12.1,15.5,1,0.00,1014.0,999.5
2021-02-05T11:00,7.7,0.30,95,6.9,5.8,0.30,0.00,0.00,51,99,62,95,99,7.2,147,127,12.0,14.4,1,0.00,1014.0,999.6
2021-02-05T12:00,8.5,0.00,92,7.2,6.9,0.00,0.00,0.00,3,100,72,98,100,5.9,146,133,9.6,14.8,1,0.00,1014.1,999.7
2021-02-05T13:00,7.8,0.00,92,6.5,6.5,0.00,0.00,0.00,3,100,69,100,100,2.9,93,83,6.5,13.7,1,0.00,1013.5,999.1
2021-02-05T14:00,8.1,0.20,92,6.9,6.8,0.20,0.00,0.00,51,100,79,70,100,3.9,114,124,6.3,8.6,1,0.00,1013.2,998.8
2021-02-05T15:00,8.3,0.10,92,7.0,7.3,0.10,0.00,0.00,51,100,80,100,100,1.3,68,34,1.9,9.7,1,0.00,1013.4,999.0
2021-02-05T16:00,7.8,0.20,96,7.2,6.6,0.20,0.00,0.00,51,100,99,100,100,3.5,347,336,6.6,8.3,1,0.00,1013.5,999.1
2021-02-05T17:00,7.6,0.00,97,7.2,6.6,0.00,0.00,0.00,3,100,99,27,100,2.3,27,39,5.6,7.9,1,0.00,1013.5,999.1
2021-02-05T18:00,7.4,0.00,97,6.9,6.3,0.00,0.00,0.00,3,100,99,78,100,1.9,104,158,4.5,4.7,0,0.00,1013.6,999.2
2021-02-05T19:00,7.3,0.00,97,6.8,6.1,0.00,0.00,0.00,3,100,100,83,0,2.9,87,90,6.8,5.0,0,0.00,1013.4,999.0
2021-02-05T20:00,6.9,0.10,97,6.5,5.5,0.10,0.00,0.00,51,99,99,21,5,3.5,113,114,9.0,17.3,0,0.00,1013.0,998.5
2021-02-05T21:00,6.0,0.10,98,5.6,4.3,0.10,0.00,0.00,51,100,100,79,1,4.1,124,105,10.9,9.4,0,0.00,1013.1,998.6
2021-02-05T22:00,6.2,0.10,97,5.7,3.9,0.10,0.00,0.00,51,100,100,99,1,8.0,114,100,17.7,16.2,0,0.00,1012.5,998.0
2021-02-05T23:00,6.4,0.20,95,5.6,4.0,0.20,0.00,0.00,51,100,100,99,1,9.0,100,92,19.8,18.4,0,0.00,1012.4,997.9
2021-02-06T00:00,6.3,0.10,93,5.3,3.9,0.10,0.00,0.00,51,100,100,100,20,8.3,94,85,18.8,19.1,0,0.00,1012.1,997.6
2021-02-06T01:00,6.5,0.60,94,5.7,3.8,0.60,0.00,0.00,53,100,99,96,0,11.2,95,90,22.4,20.2,0,0.00,1011.3,996.8
2021-02-06T02:00,6.8,0.60,94,5.9,4.6,0.60,0.00,0.00,53,100,99,95,100,8.0,90,82,18.0,23.8,0,0.00,1011.0,996.6
2021-02-06T03:00,6.7,0.50,94,5.8,4.9,0.50,0.00,0.00,53,100,93,91,100,5.0,78,60,13.6,16.6,0,0.00,1010.7,996.3
2021-02-06T04:00,6.7,0.50,93,5.7,4.6,0.50,0.00,0.00,53,100,94,100,99,7.0,85,78,17.0,14.4,0,0.00,1010.3,995.9
2021-02-06T05:00,6.8,0.30,92,5.7,4.3,0.30,0.00,0.00,51,100,50,100,100,9.6,85,77,21.0,19.8,0,0.00,1009.6,995.2
2021-02-06T06:00,7.0,0.00,90,5.5,4.5,0.00,0.00,0.00,3,100,82,99,100,9.2,86,79,19.9,20.5,0,0.00,1009.1,994.7
2021-02-06T07:00,6.9,0.00,90,5.5,4.4,0.00,0.00,0.00,3,100,33,100,100,9.4,82,72,20.4,19.8,0,0.00,1008.8,994.4
2021-02-06T08:00,6.8,0.10,91,5.4,4.3,0.10,0.00,0.00,51,100,87,76,100,9.1,90,81,19.4,19.8,1,0.00,1008.8,994.4
2021-02-06T09:00,7.1,0.60,90,5.6,4.1,0.60,0.00,0.00,53,100,94,87,100,12.6,94,90,23.5,25.6,1,0.00,1008.6,994.2
2021-02-06T10:00,7.4,0.30,91,6.0,4.5,0.30,0.00,0.00,51,100,96,75,100,12.8,101,100,23.1,32.0,1,0.00,1008.1,993.7
2021-02-06T11:00,8.1,0.30,90,6.5,5.5,0.30,0.00,0.00,51,97,91,34,89,11.3,99,97,20.1,32.0,1,0.00,1007.5,993.2
2021-02-06T12:00,8.9,0.20,88,7.1,6.3,0.20,0.00,0.00,51,98,98,29,1,12.4,99,100,18.9,34.9,1,0.00,1006.9,992.6
2021-02-06T13:00,9.0,0.20,91,7.6,7.0,0.20,0.00,0.00,51,78,95,46,95,9.0,98,92,13.4,34.9,1,3167.44,1006.5,992.2
2021-02-06T14:00,10.0,0.00,83,7.2,7.6,0.00,0.00,0.00,3,100,100,34,100,11.6,121,120,16.3,25.9,1,3600.00,1006.0,991.8
2021-02-06T15:00,10.0,0.00,85,7.5,8.0,0.00,0.00,0.00,3,100,96,49,100,9.0,93,90,14.4,24.8,1,0.00,1005.2,991.0
2021-02-06T16:00,9.7,0.00,86,7.4,6.9,0.00,0.00,0.00,3,94,74,32,78,14.1,94,93,22.7,29.5,1,0.00,1004.4,990.2
2021-02-06T17:00,8.5,0.00,88,6.6,5.5,0.00,0.00,0.00,3,95,92,48,28,14.9,85,82,26.8,31.3,1,746.91,1003.7,989.5
2021-02-06T18:00,7.3,0.10,90,5.8,3.9,0.10,0.00,0.00,51,99,98,61,0,16.2,81,78,30.6,32.8,0,0.00,1003.0,988.7
2021-02-06T19:00,7.1,0.80,90,5.6,3.4,0.80,0.00,0.00,53,100,100,84,0,17.7,88,85,33.2,36.0,0,0.00,1002.7,988.4
2021-02-06T20:00,7.2,0.30,91,5.9,3.4,0.30,0.00,0.00,51,99,99,95,0,18.4,89,86,34.2,37.8,0,0.00,1002.0,987.7
2021-02-06T21:00,7.2,0.20,90,5.7,3.4,0.20,0.00,0.00,51,98,95,49,0,19.1,93,92,35.0,39.2,0,0.00,1001.4,987.1
2021-02-06T22:00,7.1,0.10,90,5.5,3.1,0.10,0.00,0.00,51,98,97,57,0,19.2,98,98,34.9,40.7,0,0.00,1001.1,986.8
2021-02-06T23:00,6.6,0.10,90,5.1,2.5,0.10,0.00,0.00,51,98,97,60,0,19.6,98,97,35.6,42.1,0,0.00,1000.4,986.1
2021-02-07T00:00,6.1,0.20,90,4.6,2.2,0.20,0.00,0.00,51,97,95,55,0,17.6,100,101,32.6,41.4,0,0.00,1000.5,986.2
2021-02-07T01:00,5.1,0.00,91,3.7,0.6,0.00,0.00,0.00,3,91,99,99,1,20.9,92,93,37.1,37.1,0,0.00,1000.9,986.5
2021-02-07T02:00,5.2,0.30,91,3.9,-0.2,0.30,0.00,0.00,51,75,69,30,1,27.4,92,92,47.2,55.1,0,0.00,999.4,985.1
2021-02-07T03:00,4.8,0.10,92,3.6,-0.1,0.10,0.00,0.00,51,84,79,31,0,23.1,102,105,41.5,68.0,0,0.00,998.6,984.2
2021-02-07T04:00,4.6,0.00,92,3.5,-0.3,0.00,0.00,0.00,3,92,91,22,7,23.3,103,103,41.0,48.6,0,0.00,998.1,983.7
2021-02-07T05:00,4.6,0.20,92,3.4,-0.2,0.20,0.00,0.00,51,97,92,72,15,22.5,107,106,40.0,52.9,0,0.00,997.6,983.2
2021-02-07T06:00,4.9,0.00,92,3.6,-0.0,0.00,0.00,0.00,3,85,75,48,23,23.1,108,108,41.0,49.0,0,0.00,996.7,982.4
2021-02-07T07:00,4.8,0.00,91,3.5,0.3,0.00,0.00,0.00,3,100,89,99,92,20.5,112,112,36.8,46.8,0,0.00,996.6,982.3
2021-02-07T08:00,5.1,0.10,91,3.7,0.8,0.10,0.00,0.00,51,100,89,99,78,19.3,111,111,33.6,42.1,1,0.00,996.6,982.3
2021-02-07T09:00,5.1,0.30,93,4.1,1.0,0.30,0.00,0.00,51,100,88,100,35,18.6,109,108,32.8,38.9,1,0.00,996.6,982.3
2021-02-07T10:00,5.5,0.20,93,4.5,1.6,0.20,0.00,0.00,51,100,95,90,100,17.1,113,112,30.8,37.8,1,0.00,996.7,982.4
2021-02-07T11:00,5.8,0.30,94,4.9,2.3,0.30,0.00,0.00,51,100,60,99,100,15.5,117,115,27.9,35.3,1,0.00,996.7,982.4
2021-02-07T12:00,6.5,0.30,93,5.5,3.7,0.30,0.00,0.00,51,100,87,87,100,11.3,130,121,21.5,31.7,1,0.00,996.7,982.5
2021-02-07T13:00,7.3,0.30,91,6.0,5.7,0.30,0.00,0.00,51,100,35,79,98,4.0,183,185,7.2,23.4,1,0.00,996.8,982.6
2021-02-07T14:00,7.6,0.10,91,6.2,5.7,0.10,0.00,0.00,51,100,98,73,87,6.5,214,214,9.1,16.2,1,0.00,996.6,982.4
2021-02-07T15:00,7.6,0.10,87,5.7,5.7,0.10,0.00,0.00,51,100,98,94,94,5.4,272,274,8.3,15.8,1,0.00,996.4,982.2
2021-02-07T16:00,7.5,0.10,87,5.4,5.5,0.10,0.00,0.00,51,99,98,84,65,5.8,295,300,8.4,14.4,1,0.00,996.5,982.3
2021-02-07T17:00,6.7,0.10,91,5.3,4.4,0.10,0.00,0.00,51,100,97,100,89,7.6,314,315,14.0,16.6,1,0.00,996.6,982.4
2021-02-07T18:00,6.1,0.10,93,5.0,3.8,0.10,0.00,0.00,51,100,98,100,22,7.1,341,345,13.3,17.3,0,0.00,997.0,982.7
2021-02-07T19:00,5.4,0.10,95,4.7,3.2,0.10,0.00,0.00,51,100,100,100,21,6.4,351,344,13.1,15.1,0,0.00,997.3,983.0
2021-02-07T20:00,4.9,0.20,96,4.3,2.8,0.20,0.00,0.00,51,100,100,100,37,4.6,333,321,8.9,13.7,0,0.00,997.7,983.4
2021-02-07T21:00,4.4,0.40,97,3.9,2.2,0.40,0.00,0.00,51,100,99,100,49,4.8,330,318,8.7,11.9,0,0.00,997.8,983.4
2021-02-07T22:00,4.0,0.40,98,3.8,2.2,0.40,0.00,0.00,51,100,100,100,100,2.5,349,315,5.5,11.2,0,0.00,998.0,983.6
2021-02-07T23:00,4.1,0.20,98,3.8,1.9,0.20,0.00,0.00,51,100,100,100,16,4.7,344,328,7.9,10.1,0,0.00,997.8,983.4
2021-02-08T00:00,3.5,0.10,98,3.3,1.3,0.10,0.00,0.00,51,100,100,100,57,4.4,350,325,8.4,10.8,0,0.00,997.9,983.5
2021-02-08T01:00,2.9,0.20,97,2.5,0.5,0.20,0.00,0.00,51,100,100,100,80,4.1,321,308,6.9,10.1,0,0.00,998.0,983.6
2021-02-08T02:00,2.5,0.10,98,2.3,-0.1,0.10,0.00,0.00,51,100,95,100,100,6.1,328,315,8.1,12.6,0,0.00,998.0,983.5
2021-02-08T03:00,2.4,0.10,98,2.2,-0.1,0.10,0.00,0.00,51,100,94,100,95,4.8,315,297,6.1,12.6,0,0.00,998.0,983.5
2021-02-08T04:00,2.4,0.10,96,1.8,-0.2,0.10,0.00,0.00,51,100,97,65,100,4.7,317,302,6.4,12.2,0,0.00,997.6,983.1
2021-02-08T05:00,2.2,0.00,97,1.8,0.0,0.00,0.00,0.00,3,100,87,1,100,2.5,42,360,4.8,11.5,0,0.00,997.6,983.1
2021-02-08T06:00,2.0,0.00,98,1.7,-0.3,0.00,0.00,0.00,3,100,92,12,99,2.5,78,45,5.2,5.4,0,0.00,997.7,983.2
2021-02-08T07:00,1.5,0.00,98,1.2,-0.7,0.00,0.00,0.00,3,100,8,9,100,1.8,63,11,3.2,5.4,0,0.00,997.4,982.9
2021-02-08T08:00,1.2,0.00,99,1.1,-1.0,0.00,0.00,0.00,3,100,0,0,100,1.4,51,360,2.3,4.0,1,0.00,997.7,983.2
2021-02-08T09:00,1.2,0.00,99,1.0,-1.0,0.00,0.00,0.00,3,100,0,0,100,1.1,121,162,2.1,6.5,1,950.70,997.7,983.2
2021-02-08T10:00,1.3,0.00,96,0.7,-1.3,0.00,0.00,0.00,3,99,0,0,99,3.7,101,101,5.5,11.2,1,806.32,997.4,982.9
2021-02-08T11:00,2.2,0.00,86,0.1,-0.7,0.00,0.00,0.00,3,99,0,79,99,5.4,85,82,7.6,15.5,1,2493.40,997.3,982.8
2021-02-08T12:00,2.7,0.10,81,-0.2,-0.5,0.10,0.00,0.00,51,100,0,96,100,7.6,92,90,10.4,18.4,1,1240.91,996.9,982.5
2021-02-08T13:00,1.5,0.50,85,-0.7,-1.1,0.10,0.00,0.28,73,100,0,100,100,1.9,103,112,3.3,18.7,1,0.00,997.2,982.7
2021-02-08T14:00,1.1,0.40,89,-0.5,-1.6,0.00,0.00,0.28,73,100,0,100,99,3.4,285,288,4.1,10.1,1,0.00,996.8,982.3
2021-02-08T15:00,1.1,0.10,87,-0.9,-2.5,0.00,0.00,0.07,71,100,0,100,98,9.3,292,286,12.8,21.6,1,0.00,996.9,982.4
2021-02-08T16:00,-0.4,0.40,84,-2.9,-4.8,0.00,0.00,0.28,73,100,0,100,92,12.6,307,301,18.5,28.8,1,0.00,997.7,983.1
2021-02-08T17:00,-0.8,0.40,81,-3.7,-5.0,0.00,0.00,0.28,73,100,0,100,85,10.7,327,320,15.4,28.1,1,0.00,997.9,983.3
2021-02-08T18:00,-0.9,0.20,80,-3.9,-4.8,0.00,0.01,0.14,71,100,0,100,57,8.3,335,326,11.9,23.4,0,0.00,998.4,983.7
2021-02-08T19:00,-1.1,0.10,80,-4.1,-4.6,0.00,0.01,0.07,71,56,0,49,22,6.0,345,335,8.6,18.0,0,0.00,998.9,984.2
2021-02-08T20:00,-1.8,0.00,82,-4.4,-5.3,0.00,0.01,0.00,3,84,0,36,80,5.6,340,320,8.4,13.7,0,0.00,999.4,984.7
2021-02-08T21:00,-2.0,0.00,81,-4.8,-5.6,0.00,0.01,0.00,3,96,0,37,96,5.2,344,326,6.7,13.0,0,0.00,999.9,985.2
2021-02-08T22:00,-2.1,0.00,81,-5.0,-5.6,0.00,0.01,0.00,3,99,0,29,99,4.8,322,312,6.4,12.2,0,0.00,1000.3,985.6
2021-02-08T23:00,-2.3,0.00,80,-5.4,-6.0,0.00,0.01,0.00,3,98,0,41,97,5.4,317,307,7.4,14.4,0,0.00,1000.8,986.0
2021-02-09T00:00,-2.5,0.00,79,-5.7,-6.4,0.00,0.01,0.00,3,88,0,1,88,7.1,321,315,9.7,16.2,0,0.00,1001.1,986.3
2021-02-09T01:00,-3.1,0.00,83,-5.6,-6.9,0.00,0.01,0.00,2,64,0,54,73,6.3,340,329,11.8,17.3,0,0.00,1001.8,987.0
2021-02-09T02:00,-3.0,0.00,81,-5.7,-6.8,0.00,0.01,0.00,2,56,0,44,48,6.5,340,326,9.6,14.8,0,0.00,1002.0,987.2
2021-02-09T03:00,-3.5,0.00,82,-6.0,-7.4,0.00,0.01,0.00,2,58,0,0,58,6.9,340,321,11.5,15.1,0,0.00,1002.0,987.2
2021-02-09T04:00,-3.8,0.00,82,-6.3,-7.8,0.00,0.01,0.00,2,71,0,0,71,7.7,6,349,13.8,15.5,0,0.00,1001.7,986.8
2021-02-09T05:00,-3.4,0.00,80,-6.3,-7.3,0.00,0.01,0.00,3,87,0,0,87,6.3,6,336,10.5,15.8,0,0.00,1002.1,987.3
2021-02-09T06:00,-3.5,0.00,77,-6.9,-7.5,0.00,0.01,0.00,3,96,0,0,96,6.8,345,335,9.7,15.5,0,0.00,1003.0,988.1
2021-02-09T07:00,-3.8,0.00,76,-7.5,-7.9,0.00,0.01,0.00,3,96,0,0,96,7.2,332,323,9.3,16.2,0,0.00,1003.7,988.8
2021-02-09T08:00,-4.5,0.00,75,-8.3,-9.0,0.00,0.01,0.00,3,92,0,30,92,9.5,328,323,13.1,21.2,1,0.00,1004.6,989.7
2021-02-09T09:00,-5.0,0.00,74,-8.9,-9.7,0.00,0.01,0.00,3,94,0,50,94,10.7,345,340,15.3,24.8,1,0.00,1005.4,990.4
2021-02-09T10:00,-4.6,0.00,73,-8.8,-9.2,0.00,0.01,0.00,3,96,0,47,96,10.0,352,347,13.4,24.8,1,0.00,1005.3,990.3
2021-02-09T11:00,-4.0,0.00,70,-8.6,-8.5,0.00,0.01,0.00,3,91,11,43,89,9.2,345,339,12.3,23.8,1,0.00,1005.8,990.9
2021-02-09T12:00,-3.3,0.00,66,-8.8,-7.9,0.00,0.01,0.00,3,96,0,28,96,9.4,341,337,12.2,23.4,1,1569.96,1006.0,991.1
2021-02-09T13:00,-4.2,0.00,67,-9.5,-8.8,0.00,0.01,0.00,3,96,0,2,82,9.7,349,345,12.8,25.2,1,1899.93,1006.2,991.3
2021-02-09T14:00,-2.8,0.00,57,-10.3,-7.5,0.00,0.01,0.00,2,78,0,3,78,9.7,337,333,12.9,26.3,1,3600.00,1006.4,991.5
2021-02-09T15:00,-3.1,0.00,56,-10.7,-7.8,0.00,0.01,0.00,2,69,0,6,69,9.2,331,329,11.9,26.3,1,3600.00,1007.1,992.2
2021-02-09T16:00,-3.5,0.00,57,-10.9,-8.1,0.00,0.01,0.00,2,73,0,8,73,8.7,346,343,11.5,23.8,1,3600.00,1007.2,992.3
2021-02-09T17:00,-4.1,0.00,59,-10.9,-8.7,0.00,0.01,0.00,3,88,0,14,87,8.6,2,360,12.2,21.6,1,3293.82,1007.2,992.2
2021-02-09T18:00,-4.3,0.00,59,-11.0,-8.8,0.00,0.01,0.00,3,89,6,2,88,8.4,27,20,12.1,19.8,0,0.00,1007.1,992.1
2021-02-09T19:00,-4.5,0.00,59,-11.3,-9.2,0.00,0.01,0.00,3,90,3,0,90,9.4,38,32,13.3,19.4,0,0.00,1007.2,992.2
2021-02-09T20:00,-5.1,0.00,58,-12.0,-9.9,0.00,0.01,0.00,3,83,0,0,83,9.4,46,40,14.5,22.3,0,0.00,1007.4,992.4
2021-02-09T21:00,-5.6,0.00,58,-12.6,-10.3,0.00,0.01,0.00,3,83,12,0,81,8.5,47,36,13.8,20.2,0,0.00,1007.4,992.4
2021-02-09T22:00,-5.7,0.00,56,-13.0,-10.1,0.00,0.01,0.00,3,91,22,0,89,6.6,56,41,10.9,18.0,0,0.00,1007.7,992.6
2021-02-09T23:00,-5.7,0.00,56,-13.1,-10.3,0.00,0.01,0.00,3,85,0,0,85,7.8,44,34,12.0,16.9,0,0.00,1007.2,992.2
2021-02-10T00:00,-6.4,0.00,59,-13.2,-11.0,0.00,0.01,0.00,0,7,2,1,6,7.5,34,17,13.5,17.3,0,0.00,1006.8,991.7
2021-02-10T01:00,-6.0,0.00,63,-12.0,-10.6,0.00,0.01,0.00,0,8,98,11,69,8.0,45,36,11.7,15.1,0,0.00,1006.3,991.2
2021-02-10T02:00,-5.8,0.00,61,-12.1,-10.5,0.00,0.01,0.00,3,100,100,78,75,8.4,40,31,11.8,18.7,0,0.00,1005.9,990.9
2021-02-10T03:00,-6.0,0.00,61,-12.4,-10.6,0.00,0.01,0.00,3,99,98,74,84,8.0,45,36,11.7,19.1,0,0.00,1005.6,990.6
2021-02-10T04:00,-5.8,0.00,61,-12.2,-10.6,0.00,0.01,0.00,3,100,100,99,89,8.9,48,43,13.0,20.5,0,0.00,1005.1,990.1
2021-02-10T05:00,-5.8,0.00,62,-11.9,-10.5,0.00,0.01,0.00,3,100,100,99,96,8.9,47,40,13.2,21.2,0,0.00,1005.2,990.2
2021-02-10T06:00,-5.7,0.10,63,-11.6,-10.5,0.00,0.01,0.07,71,100,100,99,98,9.3,34,28,13.5,21.6,0,0.00,1005.4,990.4
2021-02-10T07:00,-5.8,0.10,64,-11.6,-10.4,0.00,0.01,0.07,71,100,100,99,99,8.4,28,20,12.2,22.0,0,0.00,1005.5,990.5
2021-02-10T08:00,-5.9,0.10,64,-11.6,-10.5,0.00,0.01,0.07,71,100,100,100,96,8.7,32,24,12.3,20.2,1,0.00,1006.1,991.1
2021-02-10T09:00,-5.7,0.10,62,-11.8,-10.4,0.00,0.01,0.07,71,100,100,100,85,9.0,36,29,12.9,22.7,1,0.00,1006.9,991.9
2021-02-10T10:00,-5.5,0.20,61,-11.9,-10.3,0.00,0.01,0.14,71,100,90,100,89,9.4,29,23,12.7,22.0,1,0.00,1007.6,992.6
2021-02-10T11:00,-4.6,0.10,55,-12.3,-9.7,0.00,0.02,0.07,71,100,91,100,80,11.0,35,32,15.0,27.0,1,0.00,1008.0,993.0
2021-02-10T12:00,-3.8,0.10,50,-12.8,-8.8,0.00,0.02,0.07,71,100,96,100,76,10.7,37,33,14.4,27.0,1,0.00,1008.7,993.7
2021-02-10T13:00,-5.7,0.10,62,-11.9,-10.7,0.00,0.02,0.07,71,100,98,96,91,11.2,24,21,15.8,27.0,1,0.00,1009.7,994.6
2021-02-10T14:00,-5.0,0.20,58,-12.0,-10.3,0.00,0.02,0.14,71,100,99,95,84,12.8,14,10,17.8,29.5,1,0.00,1010.2,995.1
2021-02-10T15:00,-5.4,0.10,64,-11.2,-10.5,0.00,0.02,0.07,71,100,99,97,80,11.7,11,9,18.7,29.9,1,0.00,1011.0,995.9
2021-02-10T16:00,-4.7,0.10,60,-11.2,-9.6,0.00,0.02,0.07,71,98,92,95,80,10.3,14,12,17.5,27.4,1,0.00,1011.9,996.8
2021-02-10T17:00,-4.3,0.00,59,-11.2,-9.2,0.00,0.02,0.00,3,80,13,76,23,10.1,10,6,18.3,24.5,1,0.00,1012.8,997.7
2021-02-10T18:00,-4.6,0.00,56,-12.1,-9.9,0.00,0.02,0.00,0,16,5,11,1,12.6,7,2,21.0,25.2,0,0.00,1014.0,998.9
2021-02-10T19:00,-6.3,0.00,64,-12.0,-11.6,0.00,0.02,0.00,0,0,0,0,0,13.0,13,6,24.0,27.4,0,0.00,1015.7,1000.5
2021-02-10T20:00,-7.2,0.00,67,-12.2,-12.1,0.00,0.02,0.00,0,18,16,0,2,10.1,24,17,20.5,27.4,0,0.00,1016.9,1001.6
2021-02-10T21:00,-7.4,0.00,67,-12.5,-11.9,0.00,0.02,0.00,1,34,28,0,9,7.3,24,9,16.1,21.2,0,0.00,1018.1,1002.8
2021-02-10T22:00,-7.5,0.00,68,-12.4,-11.7,0.00,0.02,0.00,1,35,23,0,17,4.8,30,13,12.9,15.8,0,0.00,1019.2,1003.9
2021-02-10T23:00,-7.9,0.00,70,-12.4,-11.8,0.00,0.02,0.00,1,27,25,0,4,3.2,31,360,9.2,12.2,0,0.00,1020.5,1005.1
2021-02-11T00:00,-8.3,0.00,74,-12.1,-12.2,0.00,0.02,0.00,0,0,0,0,0,2.9,15,353,7.1,9.4,0,0.00,1021.7,1006.3
2021-02-11T01:00,-8.4,0.00,74,-12.2,-12.6,0.00,0.02,0.00,0,0,0,0,0,5.7,31,35,7.6,9.0,0,0.00,1022.5,1007.1
2021-02-11T02:00,-7.9,0.00,72,-12.1,-12.1,0.00,0.02,0.00,0,0,0,0,0,5.1,30,51,5.8,10.8,0,0.00,1023.3,1007.9
2021-02-11T03:00,-8.4,0.00,74,-12.2,-12.6,0.00,0.02,0.00,0,1,0,0,0,5.6,51,75,4.6,10.8,0,0.00,1024.0,1008.5
2021-02-11T04:00,-8.7,0.00,76,-12.2,-12.7,0.00,0.02,0.00,0,19,0,0,19,3.6,104,96,1.5,10.8,0,0.00,1024.6,1009.1
2021-02-11T05:00,-8.6,0.00,75,-12.2,-12.4,0.00,0.02,0.00,3,87,0,0,87,3.0,202,104,1.9,8.3,0,0.00,1025.3,1009.8
2021-02-11T06:00,-7.7,0.00,72,-11.9,-11.4,0.00,0.02,0.00,3,100,0,2,100,1.5,243,104,0.8,6.8,0,0.00,1026.2,1010.8
2021-02-11T07:00,-6.9,0.00,69,-11.6,-10.5,0.00,0.02,0.00,3,93,0,0,93,1.5,270,135,0.0,5.0,0,0.00,1026.8,1011.4
2021-02-11T08:00,-6.6,0.00,69,-11.4,-10.1,0.00,0.02,0.00,3,93,0,0,93,1.1,243,180,0.8,4.7,1,0.00,1027.8,1012.4
2021-02-11T09:00,-6.0,0.00,67,-11.1,-9.4,0.00,0.02,0.00,3,96,0,0,96,0.8,90,153,0.7,3.6,1,0.00,1028.5,1013.1
2021-02-11T10:00,-4.9,0.00,64,-10.7,-8.5,0.00,0.02,0.00,2,75,0,0,75,1.8,51,53,2.3,5.8,1,2248.06,1028.9,1013.6
2021-02-11T11:00,-2.9,0.00,56,-10.4,-6.6,0.00,0.02,0.00,1,41,0,0,41,2.6,56,56,3.9,14.0,1,3600.00,1029.1,1013.9
2021-02-11T12:00,-1.6,0.00,49,-10.9,-5.3,0.00,0.02,0.00,2,52,0,0,52,2.2,84,90,3.3,14.4,1,3600.00,1029.3,1014.2
2021-02-11T13:00,-2.9,0.00,63,-8.9,-6.7,0.00,0.02,0.00,2,66,0,0,99,4.3,176,185,5.4,14.8,1,3600.00,1029.7,1014.5
2021-02-11T14:00,-2.2,0.00,57,-9.5,-5.9,0.00,0.02,0.00,3,98,0,0,98,3.7,138,151,4.8,14.8,1,967.15,1029.6,1014.4
2021-02-11T15:00,-1.5,0.00,48,-11.0,-5.3,0.00,0.02,0.00,3,100,0,0,100,3.4,102,108,5.2,14.4,1,2255.44,1029.4,1014.3
2021-02-11T16:00,-1.4,0.00,44,-12.1,-5.2,0.00,0.02,0.00,3,89,0,0,89,2.9,86,83,4.7,12.6,1,0.00,1029.8,1014.7
2021-02-11T17:00,-1.7,0.00,45,-12.2,-5.3,0.00,0.02,0.00,3,93,0,0,93,1.3,63,326,1.6,9.4,1,1836.85,1029.9,1014.7
2021-02-11T18:00,-4.2,0.00,60,-10.7,-8.3,0.00,0.02,0.00,2,73,0,0,73,5.6,328,333,5.5,7.9,0,0.00,1030.2,1014.9
2021-02-11T19:00,-4.8,0.00,69,-9.5,-8.6,0.00,0.02,0.00,2,50,0,0,50,4.4,10,9,8.0,9.4,0,0.00,1031.0,1015.7
2021-02-11T20:00,-4.6,0.00,66,-9.9,-9.0,0.00,0.02,0.00,2,69,0,0,69,8.1,62,58,17.9,15.5,0,0.00,1030.8,1015.5
2021-02-11T21:00,-5.0,0.00,71,-9.5,-9.4,0.00,0.02,0.00,3,88,0,0,88,8.0,61,63,19.0,16.6,0,0.00,1031.0,1015.6
2021-02-11T22:00,-4.3,0.00,69,-9.2,-8.7,0.00,0.02,0.00,3,92,0,0,92,8.2,63,61,18.5,17.3,0,0.00,1030.9,1015.6
2021-02-11T23:00,-3.8,0.00,67,-8.9,-8.3,0.00,0.02,0.00,3,94,0,0,94,9.0,72,67,17.8,18.0,0,0.00,1031.0,1015.7
2021-02-12T00:00,-4.4,0.00,71,-8.8,-9.0,0.00,0.02,0.00,3,92,0,0,92,9.8,79,73,19.4,19.4,0,0.00,1031.0,1015.7
2021-02-12T01:00,-5.2,0.00,70,-9.7,-9.7,0.00,0.02,0.00,0,1,0,0,1,8.9,80,76,20.8,21.6,0,0.00,1031.0,1015.6
2021-02-12T02:00,-5.5,0.00,75,-9.3,-10.6,0.00,0.02,0.00,0,0,0,0,0,12.5,77,72,24.7,25.9,0,0.00,1030.9,1015.5
2021-02-12T03:00,-6.0,0.00,77,-9.4,-11.0,0.00,0.02,0.00,0,0,0,0,0,12.2,78,71,23.9,25.9,0,0.00,1031.0,1015.6
2021-02-12T04:00,-6.2,0.00,78,-9.5,-11.1,0.00,0.02,0.00,0,0,0,0,0,11.5,81,76,23.0,24.8,0,0.00,1030.9,1015.5
2021-02-12T05:00,-6.4,0.00,78,-9.6,-11.4,0.00,0.02,0.00,0,0,0,0,0,12.2,81,76,24.0,24.8,0,0.00,1031.1,1015.7
2021-02-12T06:00,-6.6,0.00,77,-9.9,-11.9,0.00,0.02,0.00,0,1,1,0,0,13.7,77,72,26.2,28.1,0,0.00,1031.1,1015.6
2021-02-12T07:00,-6.8,0.00,76,-10.4,-12.1,0.00,0.02,0.00,0,1,1,0,0,13.8,79,75,26.4,28.4,0,0.00,1030.8,1015.3
2021-02-12T08:00,-6.8,0.00,73,-10.8,-12.1,0.00,0.02,0.00,0,0,0,0,0,13.2,82,79,25.1,28.4,1,0.00,1031.4,1015.9
2021-02-12T09:00,-5.5,0.00,64,-11.3,-10.9,0.00,0.02,0.00,0,0,0,0,0,14.0,79,78,23.4,30.2,1,2828.05,1031.5,1016.1
2021-02-12T10:00,-3.9,0.00,54,-11.9,-9.5,0.00,0.02,0.00,0,0,0,0,0,15.4,81,79,22.3,35.3,1,3600.00,1030.9,1015.6
2021-02-12T11:00,-2.6,0.00,46,-12.7,-8.6,0.00,0.02,0.00,0,0,0,0,0,17.4,85,84,24.9,40.0,1,3600.00,1030.7,1015.5
2021-02-12T12:00,-1.7,0.00,41,-13.4,-8.2,0.00,0.02,0.00,0,0,0,0,0,20.2,86,86,28.9,45.7,1,3600.00,1030.5,1015.3
2021-02-12T13:00,-1.7,0.00,49,-11.1,-7.7,0.00,0.02,0.00,0,0,0,0,0,18.4,90,90,26.3,45.7,1,3600.00,1031.2,1016.0
2021-02-12T14:00,-1.3,0.00,47,-11.2,-7.5,0.00,0.02,0.00,0,0,0,0,0,19.2,84,84,27.5,43.6,1,3600.00,1031.0,1015.8
2021-02-12T15:00,-1.5,0.00,46,-11.5,-7.9,0.00,0.02,0.00,0,0,0,0,0,20.7,84,83,30.1,46.1,1,3600.00,1031.0,1015.8
2021-02-12T16:00,-2.0,0.00,48,-11.6,-8.4,0.00,0.02,0.00,0,0,0,0,0,20.2,80,79,30.0,46.1,1,3600.00,1031.3,1016.1
2021-02-12T17:00,-3.0,0.00,51,-11.8,-9.0,0.00,0.02,0.00,0,0,0,0,0,17.8,78,76,30.1,43.9,1,3600.00,1031.6,1016.3
2021-02-12T18:00,-4.1,0.00,54,-12.0,-10.1,0.00,0.02,0.00,0,0,0,0,0,17.6,78,75,31.7,38.5,0,131.55,1031.9,1016.6
2021-02-12T19:00,-4.0,0.00,49,-13.1,-10.2,0.00,0.02,0.00,0,0,0,0,0,18.2,81,76,32.8,40.0,0,0.00,1032.2,1016.9
2021-02-12T20:00,-4.7,0.00,55,-12.4,-10.5,0.00,0.02,0.00,0,0,0,0,0,16.6,69,63,30.6,39.2,0,0.00,1032.8,1017.4
2021-02-12T21:00,-5.1,0.00,62,-11.4,-11.3,0.00,0.02,0.00,0,0,0,0,0,19.0,78,75,34.6,41.0,0,0.00,1033.3,1017.9
2021-02-12T22:00,-5.3,0.00,58,-12.4,-11.6,0.00,0.02,0.00,0,0,0,0,0,19.3,84,81,34.7,42.1,0,0.00,1033.8,1018.4
2021-02-12T23:00,-5.9,0.00,60,-12.4,-12.2,0.00,0.02,0.00,0,0,0,0,0,20.1,83,81,35.9,43.6,0,0.00,1034.6,1019.1
2021-02-13T00:00,-6.5,0.00,67,-11.7,-12.9,0.00,0.02,0.00,0,0,0,0,0,20.4,83,81,35.9,45.0,0,0.00,1035.2,1019.7
2021-02-13T01:00,-6.7,0.00,69,-11.5,-12.7,0.00,0.02,0.00,0,0,0,0,0,17.8,86,83,32.1,44.3,0,0.00,1035.6,1020.1
2021-02-13T02:00,-7.0,0.00,67,-12.1,-13.0,0.00,0.02,0.00,0,5,0,0,5,17.3,81,78,31.3,39.2,0,0.00,1036.3,1020.7
2021-02-13T03:00,-7.2,0.00,66,-12.6,-13.2,0.00,0.02,0.00,0,7,0,0,7,17.2,83,79,31.2,38.5,0,0.00,1036.5,1020.9
2021-02-13T04:00,-7.4,0.00,64,-13.0,-13.2,0.00,0.02,0.00,0,9,0,0,9,16.4,84,81,29.3,38.5,0,0.00,1036.6,1021.0
2021-02-13T05:00,-7.5,0.00,63,-13.2,-13.3,0.00,0.02,0.00,0,10,0,0,10,16.0,84,82,28.9,36.0,0,0.00,1037.1,1021.5
2021-02-13T06:00,-7.5,0.00,63,-13.3,-13.3,0.00,0.02,0.00,0,7,0,0,7,15.6,85,83,28.6,35.6,0,0.00,1037.5,1021.9
2021-02-13T07:00,-7.6,0.00,64,-13.2,-13.3,0.00,0.02,0.00,0,2,0,0,2,15.2,87,86,27.8,34.6,0,0.00,1037.7,1022.1
2021-02-13T08:00,-7.6,0.00,66,-12.8,-13.2,0.00,0.02,0.00,0,0,0,0,0,15.1,89,89,27.7,33.8,1,0.00,1038.1,1022.5
2021-02-13T09:00,-6.4,0.00,61,-12.6,-11.9,0.00,0.02,0.00,0,0,0,0,0,14.4,88,86,23.8,34.2,1,2939.22,1038.7,1023.1
2021-02-13T10:00,-4.8,0.00,55,-12.5,-10.6,0.00,0.02,0.00,0,0,0,0,0,16.6,89,88,24.8,38.9,1,3600.00,1038.7,1023.2
2021-02-13T11:00,-2.9,0.00,50,-12.0,-9.0,0.00,0.02,0.00,0,0,0,0,0,18.0,91,90,26.3,42.1,1,3600.00,1038.5,1023.1
2021-02-13T12:00,-1.3,0.00,43,-12.2,-7.5,0.00,0.02,0.00,0,0,0,0,0,19.1,93,92,27.8,44.3,1,3600.00,1038.3,1023.0
2021-02-13T13:00,-1.3,0.00,45,-11.6,-7.4,0.00,0.02,0.00,0,0,0,0,0,18.4,91,90,26.3,45.0,1,3600.00,1038.6,1023.3
2021-02-13T14:00,-0.5,0.00,41,-12.3,-6.6,0.00,0.02,0.00,0,0,0,0,0,18.0,92,90,25.9,43.6,1,3600.00,1038.5,1023.3
2021-02-13T15:00,-0.3,0.00,38,-12.9,-6.3,0.00,0.02,0.00,0,0,0,0,0,17.7,88,86,25.2,41.8,1,3600.00,1038.4,1023.2
2021-02-13T16:00,-0.4,0.00,40,-12.5,-6.3,0.00,0.02,0.00,0,0,0,0,0,17.0,87,85,25.2,40.0,1,3600.00,1038.3,1023.1
2021-02-13T17:00,-1.5,0.00,46,-11.6,-6.8,0.00,0.02,0.00,0,0,0,0,0,12.9,82,77,23.3,37.4,1,3600.00,1038.3,1023.0
2021-02-13T18:00,-3.5,0.00,57,-10.7,-8.7,0.00,0.02,0.00,0,0,0,0,0,12.8,80,74,25.9,28.1,0,258.21,1038.8,1023.4
2021-02-13T19:00,-4.1,0.00,63,-10.0,-9.3,0.00,0.02,0.00,0,0,0,0,0,13.6,85,79,27.8,29.9,0,0.00,1039.3,1023.9
2021-02-13T20:00,-4.3,0.00,65,-10.0,-9.5,0.00,0.02,0.00,0,0,0,0,0,13.0,90,85,27.4,29.9,0,0.00,1040.0,1024.5
2021-02-13T21:00,-4.5,0.00,65,-10.0,-9.7,0.00,0.02,0.00,0,0,0,0,0,13.3,91,87,28.1,29.2,0,0.00,1040.3,1024.8
2021-02-13T22:00,-4.6,0.00,66,-10.0,-9.8,0.00,0.02,0.00,0,0,0,0,0,13.3,93,90,27.8,29.5,0,0.00,1040.6,1025.1
2021-02-13T23:00,-5.0,0.00,67,-10.1,-10.2,0.00,0.02,0.00,0,0,0,0,0,13.3,95,92,27.8,29.5,0,0.00,1040.7,1025.2
2021-02-14T00:00,-5.4,0.00,68,-10.3,-10.5,0.00,0.02,0.00,0,0,0,0,0,12.6,95,90,26.7,29.5,0,0.00,1041.1,1025.6
2021-02-14T01:00,-5.2,0.00,69,-9.9,-10.3,0.00,0.02,0.00,0,0,0,0,0,12.6,98,92,27.2,28.1,0,0.00,1041.1,1025.6
2021-02-14T02:00,-5.2,0.00,67,-10.3,-10.8,0.00,0.02,0.00,0,0,0,0,0,15.6,100,98,30.4,32.8,0,0.00,1040.6,1025.1
2021-02-14T03:00,-5.2,0.00,65,-10.7,-11.2,0.00,0.02,0.00,0,0,0,0,0,18.4,101,101,34.5,38.9,0,0.00,1040.2,1024.7
2021-02-14T04:00,-5.1,0.00,63,-11.1,-11.1,0.00,0.02,0.00,0,0,0,0,0,17.7,101,102,33.4,40.3,0,0.00,1040.3,1024.8
2021-02-14T05:00,-5.3,0.00,62,-11.4,-10.8,0.00,0.02,0.00,0,0,0,0,0,14.6,102,99,30.1,37.8,0,0.00,1040.5,1025.0
2021-02-14T06:00,-5.3,0.00,61,-11.5,-10.9,0.00,0.02,0.00,0,0,0,0,0,15.7,102,99,31.6,34.2,0,0.00,1040.4,1024.9
2021-02-14T07:00,-5.4,0.00,62,-11.5,-11.2,0.00,0.02,0.00,0,0,0,0,0,17.0,104,103,33.0,36.4,0,0.00,1040.4,1024.9
2021-02-14T08:00,-5.3,0.00,62,-11.5,-11.3,0.00,0.02,0.00,0,0,0,0,0,18.0,103,102,34.3,38.5,1,0.00,1040.5,1025.0
2021-02-14T09:00,-3.7,0.00,55,-11.5,-9.6,0.00,0.02,0.00,0,0,0,0,0,17.7,103,103,35.5,40.7,1,3051.01,1040.8,1025.4
2021-02-14T10:00,-1.6,0.00,45,-11.9,-7.8,0.00,0.02,0.00,0,0,0,0,0,19.0,105,105,29.9,42.5,1,3600.00,1040.5,1025.2
2021-02-14T11:00,0.7,0.00,36,-12.6,-5.5,0.00,0.02,0.00,0,4,4,0,0,19.2,108,107,29.1,45.7,1,3600.00,1039.8,1024.6
2021-02-14T12:00,3.0,0.00,29,-13.3,-2.7,0.00,0.02,0.00,2,56,56,0,0,15.0,112,111,21.3,43.9,1,3600.00,1040.2,1025.1
2021-02-14T13:00,3.1,0.00,35,-10.8,-2.6,0.00,0.02,0.00,3,98,95,0,0,16.4,110,109,23.3,37.4,1,3600.00,1039.9,1024.9
2021-02-14T14:00,4.1,0.00,32,-11.3,-1.8,0.00,0.02,0.00,3,98,98,0,0,17.3,111,111,24.7,39.2,1,3600.00,1039.2,1024.2
2021-02-14T15:00,4.5,0.00,30,-11.5,-1.4,0.00,0.02,0.00,3,90,89,0,0,17.2,111,110,25.1,39.6,1,3600.00,1038.6,1023.6
2021-02-14T16:00,4.0,0.00,32,-11.2,-1.8,0.00,0.02,0.00,2,71,71,0,0,16.8,108,105,27.2,38.5,1,3600.00,1038.2,1023.2
2021-02-14T17:00,2.3,0.00,37,-11.0,-3.5,0.00,0.02,0.00,2,69,69,0,0,17.3,110,107,31.4,37.4,1,3600.00,1037.9,1022.8
2021-02-14T18:00,0.3,0.00,43,-10.8,-5.5,0.00,0.02,0.00,3,96,96,9,0,16.9,109,106,33.6,36.7,0,112.09,1037.7,1022.5
2021-02-14T19:00,-0.1,0.00,45,-10.7,-6.2,0.00,0.02,0.00,3,96,95,87,0,18.7,108,106,36.0,39.2,0,0.00,1037.6,1022.4
2021-02-14T20:00,-0.6,0.00,47,-10.7,-6.7,0.00,0.02,0.00,3,94,89,72,0,19.1,111,110,35.6,40.3,0,0.00,1037.4,1022.2
2021-02-14T21:00,-1.5,0.00,49,-10.8,-7.6,0.00,0.02,0.00,3,96,93,77,0,19.0,117,115,35.4,41.0,0,0.00,1037.1,1021.8
2021-02-14T22:00,-1.8,0.00,49,-11.2,-7.6,0.00,0.02,0.00,3,93,90,59,0,16.7,121,115,31.8,40.3,0,0.00,1037.0,1021.7
2021-02-14T23:00,-2.4,0.00,49,-11.7,-8.2,0.00,0.02,0.00,3,95,95,10,0,16.4,122,116,32.2,36.0,0,0.00,1037.0,1021.7
2021-02-15T00:00,-2.3,0.00,47,-12.2,-8.3,0.00,0.02,0.00,3,96,96,0,0,17.2,122,116,32.9,36.0,0,0.00,1036.9,1021.6
2021-02-15T01:00,-2.3,0.00,48,-11.8,-8.4,0.00,0.02,0.00,3,97,79,0,0,18.7,125,118,35.7,39.2,0,0.00,1036.4,1021.1
2021-02-15T02:00,-2.6,0.00,49,-11.8,-8.5,0.00,0.02,0.00,3,85,85,0,0,17.6,122,116,34.0,39.6,0,0.00,1036.0,1020.7
2021-02-15T03:00,-3.1,0.00,50,-12.0,-8.8,0.00,0.02,0.00,2,56,56,0,0,16.0,122,113,31.4,36.7,0,0.00,1036.0,1020.7
2021-02-15T04:00,-3.4,0.00,50,-12.3,-9.2,0.00,0.02,0.00,2,72,72,0,0,16.5,119,110,32.1,33.5,0,0.00,1035.4,1020.1
2021-02-15T05:00,-3.4,0.00,49,-12.6,-9.3,0.00,0.02,0.00,3,100,100,47,0,16.5,120,113,31.1,33.5,0,0.00,1034.9,1019.6
2021-02-15T06:00,-3.1,0.00,47,-12.9,-8.8,0.00,0.02,0.00,3,99,98,97,0,15.6,118,113,29.0,34.2,0,0.00,1034.6,1019.3
2021-02-15T07:00,-3.0,0.00,45,-13.1,-8.7,0.00,0.02,0.00,3,99,99,97,0,15.3,118,114,28.2,31.3,0,0.00,1034.1,1018.8
2021-02-15T08:00,-2.7,0.00,44,-13.2,-8.3,0.00,0.02,0.00,3,100,99,98,0,14.3,119,115,26.3,31.3,1,0.00,1033.6,1018.3
2021-02-15T09:00,-1.5,0.00,41,-13.1,-6.7,0.00,0.02,0.00,3,100,99,98,0,11.6,122,120,21.7,28.8,1,0.00,1033.8,1018.6
2021-02-15T10:00,-0.2,0.00,39,-12.6,-5.2,0.00,0.02,0.00,3,100,100,100,0,10.9,127,124,17.5,24.5,1,0.00,1033.5,1018.4
2021-02-15T11:00,1.1,0.00,38,-11.6,-3.7,0.00,0.02,0.00,3,100,98,100,0,9.7,133,129,14.8,24.1,1,0.00,1033.3,1018.2
2021-02-15T12:00,2.5,0.00,38,-10.4,-2.1,0.00,0.02,0.00,3,100,98,97,7,8.4,145,140,12.7,22.3,1,0.00,1032.6,1017.6
2021-02-15T13:00,1.8,0.00,47,-8.5,-2.8,0.00,0.02,0.00,3,99,96,99,10,9.5,145,143,13.7,21.6,1,0.00,1032.4,1017.4
2021-02-15T14:00,2.0,0.10,50,-7.3,-2.2,0.00,0.02,0.07,71,99,96,98,5,8.4,152,140,13.8,22.3,1,0.00,1031.3,1016.3
2021-02-15T15:00,1.9,0.30,58,-5.4,-2.0,0.00,0.02,0.21,73,100,81,100,42,7.7,167,131,12.9,19.1,1,0.00,1030.7,1015.7
2021-02-15T16:00,2.3,0.20,63,-4.1,-1.9,0.10,0.02,0.07,71,100,100,100,11,10.2,162,132,17.8,20.5,1,0.00,1029.6,1014.7
2021-02-15T17:00,1.9,0.50,72,-2.7,-2.2,0.50,0.02,0.00,53,94,73,87,6,10.7,157,135,20.7,22.7,1,0.00,1028.8,1013.9
2021-02-15T18:00,1.2,0.10,80,-1.9,-2.6,0.10,0.02,0.00,51,100,5,100,8,9.7,176,149,20.6,22.0,0,0.00,1028.3,1013.3
2021-02-15T19:00,1.7,0.00,79,-1.5,-1.9,0.00,0.02,0.00,3,100,2,100,31,8.7,196,156,19.8,21.6,0,0.00,1028.0,1013.1
2021-02-15T20:00,1.8,0.30,85,-0.5,-1.9,0.30,0.02,0.00,51,100,56,100,100,10.2,209,188,23.8,24.5,0,0.00,1027.5,1012.6
2021-02-15T21:00,2.1,0.20,84,-0.4,-1.3,0.20,0.02,0.00,51,100,89,100,100,8.2,222,195,21.2,24.8,0,0.00,1027.3,1012.4
2021-02-15T22:00,2.1,0.00,82,-0.6,-1.2,0.00,0.02,0.00,3,100,88,100,100,7.4,226,194,20.4,20.9,0,0.00,1027.5,1012.6
2021-02-15T23:00,2.8,0.00,81,-0.1,-0.5,0.00,0.02,0.00,3,100,58,95,100,8.4,232,205,21.8,20.5,0,0.00,1027.4,1012.5
2021-02-16T00:00,2.9,0.00,84,0.5,-0.3,0.00,0.02,0.00,3,100,52,70,100,7.6,234,205,20.6,20.5,0,0.00,1027.2,1012.3
2021-02-16T01:00,1.7,0.00,94,0.9,-1.2,0.00,0.02,0.00,3,100,58,75,100,5.8,231,187,15.9,19.1,0,0.00,1027.1,1012.2
2021-02-16T02:00,1.8,0.10,93,0.8,-1.1,0.10,0.02,0.00,51,100,3,98,100,6.1,222,180,16.1,17.6,0,0.00,1027.0,1012.1
2021-02-16T03:00,2.3,0.20,92,1.2,-0.8,0.20,0.02,0.00,51,100,30,100,100,7.6,217,180,18.5,18.0,0,0.00,1026.3,1011.4
2021-02-16T04:00,2.0,0.10,92,0.9,-1.0,0.10,0.02,0.00,51,87,0,48,84,6.9,212,174,17.5,17.6,0,0.00,1025.6,1010.7
2021-02-16T05:00,2.0,0.00,90,0.6,-1.1,0.00,0.02,0.00,3,100,5,100,100,7.4,208,166,17.6,16.9,0,0.00,1025.3,1010.4
2021-02-16T06:00,2.2,0.10,90,0.8,-1.0,0.10,0.02,0.00,51,100,0,73,100,7.6,207,172,19.3,17.3,0,0.00,1024.9,1010.0
2021-02-16T07:00,2.1,0.10,90,0.7,-1.0,0.10,0.02,0.00,51,96,42,91,66,7.6,208,177,20.5,18.0,0,0.00,1024.5,1009.6
2021-02-16T08:00,2.1,0.00,89,0.6,-0.9,0.00,0.02,0.00,2,79,62,66,46,6.8,208,180,20.0,17.6,1,0.00,1024.2,1009.3
2021-02-16T09:00,3.4,0.00,84,1.0,0.0,0.00,0.02,0.00,2,51,18,10,38,9.9,213,190,20.1,20.5,1,2050.10,1024.1,1009.3
2021-02-16T10:00,4.8,0.00,81,1.9,1.7,0.00,0.02,0.00,2,76,75,3,2,9.0,207,178,17.4,21.2,1,3600.00,1023.7,1009.0
2021-02-16T11:00,6.8,0.00,74,2.5,4.1,0.00,0.01,0.00,3,81,31,74,0,6.8,202,180,12.4,20.5,1,3600.00,1022.7,1008.1
2021-02-16T12:00,7.8,0.00,70,2.6,5.1,0.00,0.01,0.00,1,49,31,35,0,6.6,184,171,10.1,19.4,1,3600.00,1022.1,1007.6
2021-02-16T13:00,8.6,0.00,76,4.6,6.2,0.00,0.01,0.00,2,74,83,65,0,7.9,157,141,12.1,20.5,1,3600.00,1020.6,1006.1
2021-02-16T14:00,9.8,0.00,69,4.4,7.1,0.00,0.01,0.00,3,94,93,70,0,9.7,147,135,13.8,22.7,1,3600.00,1019.7,1005.3
2021-02-16T15:00,9.6,0.00,71,4.5,6.6,0.00,0.01,0.00,3,98,98,51,0,11.0,142,122,17.4,22.3,1,3600.00,1018.7,1004.3
2021-02-16T16:00,8.7,0.00,74,4.3,5.6,0.00,0.01,0.00,3,98,98,41,0,12.2,132,118,22.4,24.8,1,3600.00,1017.2,1002.8
2021-02-16T17:00,6.4,0.00,84,3.9,3.6,0.00,0.01,0.00,3,99,98,32,0,8.9,134,117,21.1,24.5,1,2354.67,1016.5,1002.0
2021-02-16T18:00,3.9,0.00,89,2.3,1.0,0.00,0.01,0.00,3,94,94,0,1,7.9,150,106,17.4,18.4,0,0.00,1016.3,1001.6
2021-02-16T19:00,4.2,0.00,87,2.2,1.3,0.00,0.01,0.00,2,79,79,0,0,7.7,194,127,17.8,17.3,0,0.00,1016.4,1001.8
2021-02-16T20:00,4.3,0.00,86,2.2,1.5,0.00,0.01,0.00,3,92,92,0,2,7.3,211,171,18.9,17.6,0,0.00,1016.1,1001.5
2021-02-16T21:00,4.3,0.00,88,2.6,1.5,0.00,0.01,0.00,3,94,92,72,17,7.6,211,175,20.5,19.1,0,0.00,1015.8,1001.2
2021-02-16T22:00,4.4,0.00,87,2.5,1.3,0.00,0.01,0.00,3,100,55,100,8,9.0,216,185,23.5,21.2,0,0.00,1015.7,1001.1
2021-02-16T23:00,5.2,0.00,87,3.2,1.8,0.00,0.01,0.00,3,100,100,100,63,12.5,215,198,28.7,27.4,0,0.00,1016.1,1001.5
2021-02-17T00:00,5.0,0.30,90,3.6,1.5,0.30,0.01,0.00,51,100,39,100,95,13.5,219,209,30.7,31.3,0,0.00,1016.4,1001.8
2021-02-17T01:00,6.6,0.90,92,5.4,3.1,0.90,0.01,0.00,53,86,0,95,80,16.0,232,224,31.8,38.9,0,0.00,1017.1,1002.6
2021-02-17T02:00,7.0,0.00,93,5.9,3.7,0.00,0.01,0.00,2,76,65,27,30,15.3,248,243,30.2,36.0,0,0.00,1017.9,1003.4
2021-02-17T03:00,6.4,0.00,93,5.3,3.1,0.00,0.01,0.00,3,81,79,2,10,14.7,256,253,30.0,33.5,0,0.00,1018.6,1004.0
2021-02-17T04:00,5.6,0.00,93,4.6,2.2,0.00,0.01,0.00,0,17,0,10,14,14.5,254,251,30.3,33.1,0,0.00,1019.1,1004.5
2021-02-17T05:00,5.0,0.00,95,4.2,1.6,0.00,0.01,0.00,1,44,32,0,19,13.7,245,240,29.8,32.4,0,0.00,1019.5,1004.9
2021-02-17T06:00,4.9,0.00,95,4.2,1.5,0.00,0.01,0.00,3,94,0,1,94,13.6,242,238,29.5,31.3,0,0.00,1020.1,1005.4
2021-02-17T07:00,5.8,0.00,95,5.0,2.6,0.00,0.01,0.00,3,96,0,1,96,13.4,238,234,26.9,31.7,0,0.00,1020.4,1005.8
2021-02-17T08:00,5.9,0.00,95,5.2,2.8,0.00,0.01,0.00,3,99,0,2,99,13.0,232,226,26.1,29.5,1,0.00,1021.0,1006.4
2021-02-17T09:00,6.1,0.00,95,5.4,3.0,0.00,0.00,0.00,3,99,0,3,99,13.5,230,226,26.3,29.2,1,0.00,1021.7,1007.1
2021-02-17T10:00,6.7,0.00,94,5.8,3.5,0.00,0.00,0.00,3,97,0,1,97,14.8,232,229,25.9,32.0,1,0.00,1021.9,1007.3
2021-02-17T11:00,7.1,0.00,94,6.2,4.1,0.00,0.00,0.00,3,97,0,0,97,14.0,232,228,26.1,31.7,1,0.00,1022.2,1007.6
2021-02-17T12:00,7.9,0.10,91,6.6,4.5,0.10,0.00,0.00,51,100,0,1,100,17.7,237,237,26.8,37.1,1,1326.71,1022.3,1007.8
2021-02-17T13:00,10.1,0.10,78,6.4,6.4,0.10,0.00,0.00,51,78,0,27,55,18.7,243,242,27.9,38.9,1,389.79,1021.7,1007.3
2021-02-17T14:00,10.8,0.00,69,5.4,6.9,0.00,0.00,0.00,2,64,0,24,61,18.4,245,244,27.1,42.1,1,3600.00,1021.3,1006.9
2021-02-17T15:00,10.8,0.00,70,5.6,7.8,0.00,0.00,0.00,2,69,0,26,67,13.2,238,235,20.4,40.0,1,3600.00,1021.1,1006.7
2021-02-17T16:00,10.8,0.00,71,5.7,8.1,0.00,0.00,0.00,3,90,53,52,77,11.1,238,234,18.8,29.5,1,3600.00,1021.0,1006.6
2021-02-17T17:00,9.5,0.00,76,5.5,7.0,0.00,0.00,0.00,2,67,37,33,46,9.8,239,234,20.5,24.8,1,628.99,1021.2,1006.8
2021-02-17T18:00,7.8,0.00,84,5.2,5.4,0.00,0.00,0.00,2,60,26,17,46,7.9,236,223,20.5,21.2,0,0.00,1021.4,1006.9
2021-02-17T19:00,6.6,0.00,88,4.7,4.2,0.00,0.00,0.00,2,60,35,16,38,7.1,238,221,19.9,17.6,0,0.00,1021.6,1007.0
2021-02-17T20:00,5.4,0.00,89,3.8,3.0,0.00,0.00,0.00,1,27,0,15,25,6.2,244,216,17.6,16.2,0,0.00,1021.4,1006.7
2021-02-17T21:00,4.5,0.00,92,3.2,2.0,0.00,0.00,0.00,1,24,5,10,18,5.9,230,194,16.4,14.0,0,0.00,1021.4,1006.7
2021-02-17T22:00,4.0,0.00,92,2.9,1.3,0.00,0.00,0.00,2,62,55,8,15,7.1,208,165,16.8,14.0,0,0.00,1021.5,1006.8
2021-02-17T23:00,3.8,0.00,92,2.6,1.1,0.00,0.00,0.00,3,92,91,7,12,6.8,191,148,17.2,14.8,0,0.00,1021.5,1006.8
2021-02-18T00:00,3.2,0.00,92,2.0,0.5,0.00,0.00,0.00,3,88,87,5,9,6.2,174,126,14.8,14.4,0,0.00,1021.2,1006.4
2021-02-18T01:00,2.6,0.00,93,1.7,-0.4,0.00,0.00,0.00,3,89,92,3,6,7.9,148,106,13.6,13.0,0,0.00,1021.1,1006.3
2021-02-18T02:00,2.5,0.00,92,1.4,-0.9,0.00,0.00,0.00,3,96,95,10,1,10.3,125,102,18.1,20.2,0,0.00,1020.5,1005.7
2021-02-18T03:00,2.2,0.00,92,1.1,-1.3,0.00,0.00,0.00,3,96,96,3,0,10.4,121,104,21.0,21.2,0,0.00,1020.0,1005.2
2021-02-18T04:00,2.0,0.00,92,0.9,-1.7,0.00,0.00,0.00,3,96,96,0,0,11.5,120,104,24.0,23.4,0,0.00,1019.6,1004.8
2021-02-18T05:00,1.9,0.00,91,0.5,-1.9,0.00,0.00,0.00,3,94,94,0,0,12.0,126,111,25.8,24.5,0,0.00,1019.2,1004.4
2021-02-18T06:00,1.7,0.00,90,0.2,-2.2,0.00,0.00,0.00,3,96,96,0,0,11.8,129,113,25.6,24.8,0,0.00,1018.8,1004.0
2021-02-18T07:00,1.6,0.00,90,0.2,-2.3,0.00,0.00,0.00,3,98,98,5,0,12.2,128,114,25.9,24.5,0,0.00,1018.2,1003.4
2021-02-18T08:00,2.1,0.00,88,0.3,-1.8,0.00,0.00,0.00,3,98,98,29,0,12.4,127,112,25.2,25.2,1,0.00,1018.1,1003.3
2021-02-18T09:00,3.4,0.00,84,0.9,-0.5,0.00,0.00,0.00,3,95,93,58,0,13.4,123,114,25.5,26.6,1,49.19,1017.9,1003.2
2021-02-18T10:00,5.7,0.00,77,2.0,2.0,0.00,0.00,0.00,3,98,98,3,0,12.7,126,119,23.5,27.4,1,3600.00,1017.5,1002.9
2021-02-18T11:00,7.9,0.00,70,2.8,4.5,0.00,0.00,0.00,3,97,98,25,0,12.1,126,127,18.3,27.4,1,3600.00,1017.1,1002.6
2021-02-18T12:00,9.0,0.00,67,3.2,5.5,0.00,0.00,0.00,3,99,99,46,1,13.3,123,123,20.1,29.5,1,3600.00,1016.4,1002.0
2021-02-18T13:00,11.2,0.00,60,3.8,8.2,0.00,0.00,0.00,3,99,97,80,2,10.7,131,130,14.8,29.5,1,2902.85,1015.6,1001.3
2021-02-18T14:00,11.6,0.00,61,4.3,8.5,0.00,0.00,0.00,3,100,99,97,1,11.9,121,119,17.3,25.9,1,3600.00,1014.6,1000.4
2021-02-18T15:00,11.7,0.00,64,5.2,8.8,0.00,0.00,0.00,3,99,98,76,0,12.1,120,117,22.4,26.6,1,0.00,1013.6,999.4
2021-02-18T16:00,11.6,0.00,64,5.0,8.5,0.00,0.00,0.00,3,100,98,84,0,12.3,133,128,24.7,26.6,1,0.00,1013.0,998.8
2021-02-18T17:00,11.4,0.00,61,4.2,7.9,0.00,0.00,0.00,3,95,92,48,1,14.6,142,130,30.0,31.3,1,0.00,1012.2,998.0
2021-02-18T18:00,10.5,0.00,63,3.6,6.7,0.00,0.00,0.00,3,91,90,20,1,15.4,136,123,30.8,31.7,0,0.00,1011.7,997.4
2021-02-18T19:00,8.9,0.00,69,3.5,5.6,0.00,0.00,0.00,3,99,99,29,0,12.4,149,126,26.0,31.3,0,0.00,1011.8,997.5
2021-02-18T20:00,7.8,0.10,71,2.8,4.8,0.10,0.00,0.00,51,100,99,30,2,9.2,181,138,17.6,25.6,0,0.00,1012.3,997.9
2021-02-18T21:00,8.2,0.00,72,3.5,5.2,0.00,0.00,0.00,3,99,96,69,14,10.4,193,160,23.3,23.0,0,0.00,1012.7,998.3
2021-02-18T22:00,7.8,0.20,75,3.6,4.5,0.20,0.00,0.00,51,100,99,96,62,12.6,202,185,27.5,43.9,0,0.00,1013.6,999.2
2021-02-18T23:00,7.5,0.70,86,5.3,3.8,0.70,0.00,0.00,53,100,72,94,100,17.3,221,211,33.4,37.8,0,0.00,1015.0,1000.5
2021-02-19T00:00,8.8,0.40,89,7.0,5.6,0.40,0.00,0.00,51,66,38,52,26,16.5,238,234,30.6,40.0,0,0.00,1015.7,1001.3
2021-02-19T01:00,8.2,0.10,93,7.1,5.4,0.10,0.00,0.00,51,80,0,92,57,13.6,244,238,26.4,35.6,0,0.00,1016.4,1002.0
2021-02-19T02:00,7.7,0.00,94,6.9,5.3,0.00,0.00,0.00,3,95,92,49,18,11.3,254,248,22.5,29.9,0,0.00,1017.1,1002.6
2021-02-19T03:00,6.5,0.00,91,5.1,4.0,0.00,0.00,0.00,3,98,98,24,7,8.4,268,260,20.2,24.8,0,0.00,1017.9,1003.4
2021-02-19T04:00,5.1,0.00,90,3.6,2.8,0.00,0.00,0.00,3,97,97,6,3,5.2,269,254,16.2,19.4,0,0.00,1018.4,1003.8
2021-02-19T05:00,3.3,0.00,92,2.1,0.7,0.00,0.00,0.00,3,87,87,10,1,6.0,258,213,11.8,14.0,0,0.00,1019.2,1004.5
2021-02-19T06:00,3.4,0.00,93,2.4,1.0,0.00,0.00,0.00,3,84,83,2,1,4.7,208,157,8.5,13.3,0,0.00,1019.5,1004.8
2021-02-19T07:00,2.7,0.00,99,2.5,0.1,0.00,0.00,0.00,3,81,81,2,0,6.3,190,156,16.1,13.3,0,0.00,1020.0,1005.2
2021-02-19T08:00,3.0,0.00,99,2.9,0.6,0.00,0.00,0.00,2,77,75,2,11,5.3,198,152,15.5,12.6,1,0.00,1020.8,1006.0
2021-02-19T09:00,5.1,0.00,98,4.7,2.7,0.00,0.00,0.00,3,100,81,1,100,7.6,190,155,14.3,15.8,1,3600.00,1021.4,1006.7
2021-02-19T10:00,6.9,0.00,94,6.0,4.9,0.00,0.00,0.00,3,88,86,2,46,6.9,184,171,10.8,18.0,1,3600.00,1021.4,1006.8
2021-02-19T11:00,8.4,0.00,89,6.7,6.8,0.00,0.00,0.00,3,88,87,2,6,5.4,178,172,8.3,18.4,1,3600.00,1021.3,1006.8
2021-02-19T12:00,10.2,0.00,79,6.8,8.5,0.00,0.00,0.00,3,83,83,1,2,5.9,195,194,8.6,18.4,1,3600.00,1021.1,1006.7
2021-02-19T13:00,11.0,0.00,67,5.1,8.7,0.00,0.00,0.00,2,73,78,73,20,7.9,156,156,10.6,20.5,1,3600.00,1020.4,1006.0
2021-02-19T14:00,11.3,0.00,68,5.6,9.2,0.00,0.00,0.00,3,88,84,42,35,7.0,170,168,9.9,19.4,1,3600.00,1019.8,1005.5
2021-02-19T15:00,12.2,0.00,65,5.9,10.0,0.00,0.00,0.00,2,76,73,4,12,8.3,189,185,11.7,20.5,1,3600.00,1019.3,1005.0
2021-02-19T16:00,12.0,0.00,68,6.2,10.0,0.00,0.00,0.00,3,98,94,3,60,7.1,221,221,11.0,20.9,1,3600.00,1019.3,1005.0
2021-02-19T17:00,10.4,0.00,83,7.7,9.2,0.00,0.00,0.00,3,96,96,7,2,3.5,193,156,6.6,16.6,1,3281.61,1018.9,1004.5
2021-02-19T18:00,7.9,0.00,84,5.4,6.0,0.00,0.00,0.00,3,98,98,9,2,5.7,138,108,10.7,10.1,0,0.00,1018.8,1004.3
2021-02-19T19:00,7.5,0.00,84,5.1,5.0,0.00,0.00,0.00,3,87,85,12,8,9.2,127,101,17.5,16.9,0,0.00,1018.9,1004.4
2021-02-19T20:00,7.4,0.00,84,4.9,4.5,0.00,0.00,0.00,3,94,93,11,6,11.3,119,99,23.4,21.6,0,0.00,1019.1,1004.6
2021-02-19T21:00,7.1,0.00,86,4.9,4.1,0.00,0.00,0.00,3,97,92,73,7,11.9,121,104,24.9,23.4,0,0.00,1019.2,1004.7
2021-02-19T22:00,7.3,0.00,85,4.9,4.2,0.00,0.00,0.00,3,98,89,80,2,12.9,124,108,26.0,25.6,0,0.00,1019.2,1004.7
2021-02-19T23:00,6.9,0.00,86,4.8,3.9,0.00,0.00,0.00,3,93,91,28,3,12.2,132,109,23.7,25.6,0,0.00,1019.4,1004.9
2021-02-20T00:00,6.2,0.00,89,4.6,3.2,0.00,0.00,0.00,3,94,93,20,9,12.0,134,106,21.1,24.5,0,0.00,1019.3,1004.7
2021-02-20T01:00,7.1,0.00,88,5.3,4.3,0.00,0.00,0.00,3,95,93,48,1,10.8,135,105,18.3,23.0,0,0.00,1019.1,1004.6
2021-02-20T02:00,6.7,0.00,90,5.2,4.2,0.00,0.00,0.00,3,86,78,37,5,9.4,144,108,16.5,20.5,0,0.00,1019.0,1004.4
2021-02-20T03:00,6.5,0.00,91,5.1,4.0,0.00,0.00,0.00,3,81,76,22,8,8.8,149,109,15.5,18.0,0,0.00,1018.9,1004.3
2021-02-20T04:00,5.8,0.00,92,4.5,3.2,0.00,0.00,0.00,3,89,89,2,3,8.4,149,110,16.0,16.9,0,0.00,1018.6,1004.0
2021-02-20T05:00,5.2,0.00,92,4.0,2.5,0.00,0.00,0.00,0,3,3,0,0,8.8,145,109,15.8,16.9,0,0.00,1018.6,1004.0
2021-02-20T06:00,4.6,0.00,92,3.5,1.9,0.00,0.00,0.00,0,7,7,0,0,8.2,143,113,15.4,17.3,0,0.00,1018.8,1004.1
2021-02-20T07:00,4.0,0.00,93,2.9,1.2,0.00,0.00,0.00,2,58,57,1,0,8.1,141,111,14.8,16.2,0,0.00,1019.2,1004.5
2021-02-20T08:00,4.7,0.00,91,3.3,1.6,0.00,0.00,0.00,2,76,75,1,1,10.4,139,110,16.3,19.1,1,0.00,1019.5,1004.8
2021-02-20T09:00,7.0,0.00,84,4.4,4.1,0.00,0.00,0.00,2,68,68,1,1,10.5,145,121,16.8,20.5,1,3600.00,1020.0,1005.4
2021-02-20T10:00,9.6,0.00,76,5.6,7.5,0.00,0.00,0.00,3,81,81,1,1,7.1,145,131,12.7,20.9,1,3600.00,1020.2,1005.8
2021-02-20T11:00,11.9,0.00,68,6.2,9.9,0.00,0.00,0.00,3,92,92,0,0,7.0,149,145,9.7,19.1,1,3600.00,1020.3,1006.0
2021-02-20T12:00,13.8,0.00,63,6.8,11.7,0.00,0.00,0.00,3,90,90,0,0,8.5,127,126,12.1,20.9,1,3600.00,1019.4,1005.2
2021-02-20T13:00,14.7,0.00,61,7.1,12.6,0.00,0.00,0.00,3,92,78,0,0,9.2,146,149,13.0,25.2,1,3600.00,1018.0,1003.9
2021-02-20T14:00,15.7,0.00,57,7.2,13.7,0.00,0.00,0.00,2,73,73,0,0,8.7,156,156,12.2,23.4,1,3600.00,1017.1,1003.0
2021-02-20T15:00,16.4,0.00,56,7.6,14.7,0.00,0.00,0.00,3,91,91,0,0,7.3,170,171,10.6,21.2,1,3600.00,1016.8,1002.8
2021-02-20T16:00,16.2,0.00,64,9.5,15.5,0.00,0.00,0.00,3,91,91,0,0,3.7,167,169,8.1,18.0,1,3600.00,1016.6,1002.6
2021-02-20T17:00,14.0,0.00,72,9.0,12.9,0.00,0.00,0.00,3,85,85,0,0,5.5,156,148,7.9,10.8,1,3600.00,1016.3,1002.1
2021-02-20T18:00,12.6,0.00,68,6.9,10.9,0.00,0.00,0.00,1,47,47,0,0,5.9,168,128,8.8,10.8,0,1159.70,1016.5,1002.3
2021-02-20T19:00,9.9,0.00,79,6.4,8.2,0.00,0.00,0.00,0,10,10,0,0,5.1,143,94,9.5,11.5,0,0.00,1016.8,1002.4
2021-02-20T20:00,8.6,0.00,84,6.1,6.4,0.00,0.00,0.00,0,0,0,0,0,8.4,133,97,15.8,15.8,0,0.00,1017.1,1002.7
2021-02-20T21:00,7.9,0.00,84,5.3,5.1,0.00,0.00,0.00,0,0,0,0,0,10.7,134,104,19.9,20.2,0,0.00,1017.4,1002.9
2021-02-20T22:00,7.8,0.00,79,4.4,4.6,0.00,0.00,0.00,0,0,0,0,0,12.7,124,105,26.0,24.8,0,0.00,1017.7,1003.2
2021-02-20T23:00,7.6,0.00,80,4.3,4.3,0.00,0.00,0.00,0,0,0,0,0,13.0,120,104,27.7,26.3,0,0.00,1017.8,1003.3
2021-02-21T00:00,7.1,0.00,79,3.7,3.8,0.00,0.00,0.00,0,0,0,0,0,12.7,121,105,27.0,26.6,0,0.00,1017.9,1003.4
2021-02-21T01:00,7.4,0.00,74,3.0,4.1,0.00,0.00,0.00,0,0,0,0,0,11.6,127,106,23.1,25.2,0,0.00,1017.6,1003.1
2021-02-21T02:00,5.8,0.00,80,2.7,2.6,0.00,0.00,0.00,0,0,0,0,0,10.4,134,110,19.6,22.7,0,0.00,1018.0,1003.4
2021-02-21T03:00,5.5,0.00,81,2.5,2.3,0.00,0.00,0.00,0,0,0,0,0,10.5,128,106,18.7,20.9,0,0.00,1017.9,1003.3
2021-02-21T04:00,4.7,0.00,86,2.6,1.6,0.00,0.00,0.00,0,0,0,0,0,9.0,136,113,16.5,20.2,0,0.00,1018.0,1003.4
2021-02-21T05:00,4.0,0.00,89,2.4,1.0,0.00,0.00,0.00,0,0,0,0,0,8.6,138,105,13.0,17.3,0,0.00,1018.4,1003.7
2021-02-21T06:00,3.4,0.00,89,1.8,0.6,0.00,0.00,0.00,0,0,0,0,0,6.6,144,99,8.0,16.2,0,0.00,1018.7,1004.0
2021-02-21T07:00,2.8,0.00,90,1.4,-0.1,0.00,0.00,0.00,0,6,6,0,0,6.7,140,106,9.4,13.7,0,0.00,1018.8,1004.0
2021-02-21T08:00,3.4,0.00,87,1.5,0.3,0.00,0.00,0.00,2,54,54,0,0,8.4,120,100,11.6,15.5,1,35.26,1019.1,1004.4
2021-02-21T09:00,6.7,0.00,77,3.0,3.8,0.00,0.00,0.00,2,59,59,0,0,8.7,106,107,14.2,16.9,1,3600.00,1019.4,1004.8
2021-02-21T10:00,9.7,0.00,68,4.1,7.2,0.00,0.00,0.00,0,0,0,0,0,7.1,107,114,13.2,17.6,1,3600.00,1019.3,1004.9
2021-02-21T11:00,11.9,0.00,62,4.8,9.8,0.00,0.00,0.00,0,9,9,0,0,6.2,121,126,9.2,18.0,1,3600.00,1019.3,1005.0
2021-02-21T12:00,13.9,0.00,56,5.3,11.9,0.00,0.00,0.00,0,0,0,0,0,5.4,121,127,7.6,17.6,1,3600.00,1019.0,1004.8
2021-02-21T13:00,15.8,0.00,51,5.6,13.9,0.00,0.00,0.00,0,0,0,0,0,5.8,97,94,8.7,15.8,1,3600.00,1017.8,1003.7
2021-02-21T14:00,17.2,0.00,48,6.0,15.3,0.00,0.00,0.00,0,0,0,0,0,6.1,90,87,8.6,16.9,1,3600.00,1016.9,1002.9
2021-02-21T15:00,17.7,0.00,48,6.5,15.9,0.00,0.00,0.00,0,0,0,0,0,5.8,99,97,8.8,15.8,1,3600.00,1016.6,1002.6
2021-02-21T16:00,17.1,0.00,55,8.0,15.6,0.00,0.00,0.00,0,0,0,0,0,6.6,89,81,14.8,16.6,1,3600.00,1016.2,1002.2
2021-02-21T17:00,14.8,0.00,64,8.1,13.3,0.00,0.00,0.00,0,0,0,0,0,6.8,93,72,18.8,15.8,1,3600.00,1016.0,1001.9
2021-02-21T18:00,12.9,0.00,63,6.1,10.2,0.00,0.00,0.00,0,0,0,0,0,11.3,99,83,27.0,22.7,0,1373.52,1016.2,1002.0
2021-02-21T19:00,11.6,0.00,63,4.9,8.3,0.00,0.00,0.00,0,0,0,0,0,14.1,107,96,30.4,28.8,0,0.00,1016.8,1002.5
2021-02-21T20:00,10.2,0.00,66,4.2,6.5,0.00,0.00,0.00,0,0,0,0,0,15.8,107,102,32.8,33.1,0,0.00,1017.4,1003.0
2021-02-21T21:00,8.9,0.00,69,3.6,5.0,0.00,0.00,0.00,0,0,0,0,0,16.5,107,100,33.1,33.5,0,0.00,1017.5,1003.1
2021-02-21T22:00,8.2,0.00,72,3.4,4.2,0.00,0.00,0.00,0,0,0,0,0,16.8,106,99,33.3,33.8,0,0.00,1017.8,1003.3
2021-02-21T23:00,7.5,0.00,76,3.5,3.6,0.00,0.00,0.00,0,0,0,0,0,16.0,104,98,31.9,33.8,0,0.00,1018.0,1003.5
2021-02-22T00:00,6.6,0.00,80,3.5,3.1,0.00,0.00,0.00,0,0,0,0,0,13.6,105,101,28.3,32.4,0,0.00,1018.3,1003.8
2021-02-22T01:00,6.7,0.00,79,3.3,3.1,0.00,0.00,0.00,0,0,0,0,0,13.9,111,107,28.9,27.4,0,0.00,1018.1,1003.6
2021-02-22T02:00,6.3,0.00,81,3.2,2.8,0.00,0.00,0.00,0,0,0,0,0,12.8,112,106,27.5,29.9,0,0.00,1018.5,1003.9
2021-02-22T03:00,5.1,0.00,86,3.0,2.1,0.00,0.00,0.00,0,0,0,0,0,9.8,124,114,22.1,25.6,0,0.00,1019.1,1004.5
2021-02-22T04:00,4.4,0.00,89,2.8,1.4,0.00,0.00,0.00,0,0,0,0,0,9.5,129,115,21.3,20.9,0,0.00,1019.6,1004.9
2021-02-22T05:00,3.8,0.00,91,2.4,0.8,0.00,0.00,0.00,0,0,0,0,0,8.7,136,114,17.1,18.7,0,0.00,1020.0,1005.3
2021-02-22T06:00,3.1,0.00,92,1.9,0.0,0.00,0.00,0.00,0,0,0,0,0,8.5,149,118,16.3,16.9,0,0.00,1020.3,1005.5
2021-02-22T07:00,2.7,0.00,93,1.6,-0.4,0.00,0.00,0.00,0,5,5,0,0,8.3,144,108,13.4,16.9,0,0.00,1020.6,1005.8
2021-02-22T08:00,3.1,0.00,91,1.8,-0.0,0.00,0.00,0.00,1,29,29,0,0,9.0,140,113,14.1,16.6,1,44.19,1021.0,1006.2
2021-02-22T09:00,5.9,0.00,82,3.1,3.2,0.00,0.00,0.00,1,45,45,0,0,7.6,129,109,13.8,16.9,1,3600.00,1021.6,1007.0
2021-02-22T10:00,8.8,0.00,74,4.5,6.8,0.00,0.00,0.00,3,82,82,0,0,4.6,110,108,7.3,15.8,1,3600.00,1022.1,1007.6
2021-02-22T11:00,11.4,0.00,67,5.6,9.7,0.00,0.00,0.00,3,94,94,0,0,4.0,93,95,6.1,13.7,1,3600.00,1022.1,1007.7
2021-02-22T12:00,13.7,0.00,61,6.4,12.5,0.00,0.00,0.00,3,95,95,0,0,1.8,83,79,2.9,13.7,1,3600.00,1022.2,1008.0
2021-02-22T13:00,14.1,0.00,61,6.7,12.4,0.00,0.00,0.00,3,84,95,0,0,5.8,98,97,8.0,10.4,1,3600.00,1022.7,1008.5
2021-02-22T14:00,14.9,0.00,58,6.8,13.4,0.00,0.00,0.00,3,97,97,0,0,4.9,105,107,7.1,16.2,1,3600.00,1022.3,1008.1
2021-02-22T15:00,15.1,0.00,58,6.9,13.9,0.00,0.00,0.00,3,84,84,0,0,3.0,103,104,4.8,13.7,1,3600.00,1022.9,1008.7
2021-02-22T16:00,15.2,0.00,58,7.0,14.2,0.00,0.00,0.00,1,46,46,0,0,1.9,84,68,3.6,10.8,1,3600.00,1023.3,1009.1
2021-02-22T17:00,12.3,0.00,80,9.0,11.2,0.00,0.00,0.00,2,78,78,0,0,5.7,356,325,4.7,6.8,1,3600.00,1023.7,1009.4
2021-02-22T18:00,8.6,0.00,85,6.3,6.4,0.00,0.00,0.00,2,74,74,0,0,8.3,356,342,5.8,11.2,0,1139.89,1024.5,1010.0
2021-02-22T19:00,7.9,0.00,87,5.9,6.1,0.00,0.00,0.00,1,43,42,0,0,5.5,95,67,8.7,11.2,0,0.00,1025.3,1010.7
2021-02-22T20:00,6.5,0.00,89,4.8,4.3,0.00,0.00,0.00,1,41,41,0,0,6.5,130,96,12.3,11.9,0,0.00,1025.8,1011.1
2021-02-22T21:00,6.5,0.00,85,4.2,4.5,0.00,0.00,0.00,2,69,69,0,0,4.0,162,117,6.8,11.9,0,0.00,1026.7,1012.0
2021-02-22T22:00,5.6,0.00,90,4.0,3.1,0.00,0.00,0.00,2,73,73,0,0,7.1,146,120,14.8,13.7,0,0.00,1027.4,1012.7
2021-02-22T23:00,4.7,0.00,91,3.4,2.3,0.00,0.00,0.00,2,62,62,0,0,6.3,160,121,14.9,13.7,0,0.00,1028.7,1013.9
2021-02-23T00:00,4.8,0.00,91,3.5,2.4,0.00,0.00,0.00,2,58,58,0,0,6.0,174,123,13.4,11.9,0,0.00,1029.5,1014.7
2021-02-23T01:00,5.8,0.00,93,4.7,3.1,0.00,0.00,0.00,1,39,67,3,0,9.1,144,99,15.2,11.9,0,0.00,1029.9,1015.1
2021-02-23T02:00,5.1,0.00,94,4.1,2.8,0.00,0.00,0.00,2,56,24,43,1,5.7,183,125,12.3,15.8,0,0.00,1030.7,1015.9
2021-02-23T03:00,5.7,0.00,92,4.5,3.6,0.00,0.00,0.00,2,65,24,55,2,5.5,187,122,9.4,12.2,0,0.00,1031.3,1016.5
2021-02-23T04:00,6.0,0.00,91,4.6,3.6,0.00,0.00,0.00,1,48,0,46,5,7.7,166,127,11.5,14.0,0,0.00,1031.5,1016.7
2021-02-23T05:00,5.3,0.00,93,4.3,2.7,0.00,0.00,0.00,0,9,0,7,5,8.3,161,124,14.1,16.2,0,0.00,1032.3,1017.5
2021-02-23T06:00,5.3,0.00,93,4.2,2.7,0.00,0.00,0.00,1,44,30,17,11,7.9,160,114,13.8,15.1,0,0.00,1032.7,1017.9
2021-02-23T07:00,5.7,0.00,91,4.3,3.2,0.00,0.00,0.00,1,42,36,8,9,7.8,158,112,13.6,15.8,0,0.00,1032.9,1018.1
2021-02-23T08:00,5.8,0.00,91,4.4,3.3,0.00,0.00,0.00,0,19,18,0,1,7.8,148,112,13.6,14.8,1,0.00,1033.7,1018.9
2021-02-23T09:00,8.1,0.00,84,5.6,5.9,0.00,0.00,0.00,0,3,2,0,0,7.7,141,118,13.0,16.6,1,3600.00,1034.3,1019.6
2021-02-23T10:00,10.8,0.00,76,6.7,8.9,0.00,0.00,0.00,0,14,12,2,0,6.9,147,141,12.5,17.3,1,3600.00,1034.5,1019.9
2021-02-23T11:00,13.1,0.00,68,7.4,11.6,0.00,0.00,0.00,1,20,0,20,0,6.0,153,155,8.0,18.0,1,3600.00,1034.9,1020.4
2021-02-23T12:00,15.2,0.00,60,7.4,13.4,0.00,0.00,0.00,1,27,0,27,0,7.3,161,160,9.9,19.1,1,3600.00,1034.8,1020.5
2021-02-23T13:00,16.5,0.00,59,8.4,15.0,0.00,0.00,0.00,0,2,0,0,0,7.0,189,192,9.5,22.3,1,3600.00,1034.3,1020.0
2021-02-23T14:00,17.1,0.00,53,7.4,15.3,0.00,0.00,0.00,0,3,0,1,2,7.5,198,197,10.2,19.8,1,3600.00,1034.1,1019.9
2021-02-23T15:00,17.5,0.00,51,7.2,15.8,0.00,0.00,0.00,0,1,0,1,0,6.9,188,186,9.8,19.8,1,3600.00,1033.6,1019.4
2021-02-23T16:00,17.2,0.00,56,8.4,15.9,0.00,0.00,0.00,0,0,0,0,0,5.8,184,184,10.8,17.3,1,3600.00,1033.2,1019.0
2021-02-23T17:00,15.1,0.00,70,9.7,14.3,0.00,0.00,0.00,0,0,0,0,0,4.8,187,167,12.0,14.4,1,3600.00,1033.0,1018.7
2021-02-23T18:00,11.9,0.00,73,7.2,10.1,0.00,0.00,0.00,0,0,0,0,0,7.2,191,162,15.0,14.0,0,1584.15,1033.2,1018.7
2021-02-23T19:00,11.2,0.00,75,7.0,9.5,0.00,0.00,0.00,0,0,0,0,0,6.7,204,164,16.6,14.0,0,0.00,1033.9,1019.4
2021-02-23T20:00,10.2,0.00,81,7.0,8.5,0.00,0.00,0.00,0,1,1,0,0,6.4,202,164,17.4,14.4,0,0.00,1034.4,1019.8
2021-02-23T21:00,9.0,0.00,83,6.2,7.0,0.00,0.00,0.00,0,0,0,0,0,6.8,198,148,14.8,14.0,0,0.00,1034.4,1019.7
2021-02-23T22:00,8.7,0.00,83,5.9,6.8,0.00,0.00,0.00,0,0,0,0,0,5.9,185,128,11.9,13.7,0,0.00,1034.8,1020.1
2021-02-23T23:00,7.9,0.00,86,5.7,6.0,0.00,0.00,0.00,0,0,0,0,0,5.5,176,113,10.8,11.9,0,0.00,1034.9,1020.2
2021-02-24T00:00,7.2,0.00,90,5.7,5.2,0.00,0.00,0.00,0,0,0,0,0,6.0,170,107,10.6,11.5,0,0.00,1034.9,1020.1
2021-02-24T01:00,7.9,0.00,91,6.5,5.8,0.00,0.00,0.00,0,0,0,0,0,8.2,161,113,13.3,16.6,0,0.00,1034.8,1020.1
2021-02-24T02:00,7.1,0.00,93,6.0,4.9,0.00,0.00,0.00,0,0,0,0,0,8.0,172,117,14.9,16.6,0,0.00,1035.0,1020.2
2021-02-24T03:00,6.8,0.00,92,5.6,4.7,0.00,0.00,0.00,0,0,0,0,0,6.8,180,122,15.8,16.2,0,0.00,1034.9,1020.1
2021-02-24T04:00,6.7,0.00,90,5.3,4.5,0.00,0.00,0.00,0,0,0,0,0,6.9,187,129,16.7,14.8,0,0.00,1035.1,1020.3
2021-02-24T05:00,7.0,0.00,87,5.0,4.7,0.00,0.00,0.00,0,0,0,0,0,7.4,184,133,17.0,15.5,0,0.00,1035.1,1020.3
2021-02-24T06:00,6.9,0.00,86,4.7,4.5,0.00,0.00,0.00,0,0,0,0,0,7.7,184,139,17.7,16.2,0,0.00,1034.9,1020.1
2021-02-24T07:00,6.5,0.00,85,4.2,4.1,0.00,0.00,0.00,0,0,0,0,0,7.1,182,135,17.7,16.2,0,0.00,1034.8,1020.0
2021-02-24T08:00,7.2,0.00,82,4.4,4.7,0.00,0.00,0.00,0,0,0,0,0,7.4,177,129,16.2,15.5,1,168.48,1034.8,1020.0
2021-02-24T09:00,9.9,0.00,75,5.7,7.6,0.00,0.00,0.00,0,0,0,0,0,8.1,170,135,14.6,16.6,1,3600.00,1035.0,1020.4
2021-02-24T10:00,12.4,0.00,68,6.7,10.6,0.00,0.00,0.00,0,0,0,0,0,6.6,165,151,11.2,16.6,1,3600.00,1034.7,1020.2
2021-02-24T11:00,14.4,0.00,61,7.0,12.7,0.00,0.00,0.00,0,0,0,0,0,6.3,170,167,8.4,17.6,1,3600.00,1034.4,1020.0
2021-02-24T12:00,16.1,0.00,58,7.8,14.7,0.00,0.00,0.00,0,0,0,0,0,5.9,170,169,8.0,17.6,1,3600.00,1034.1,1019.8
2021-02-24T13:00,17.7,0.00,51,7.4,16.4,0.00,0.00,0.00,0,0,0,0,0,4.7,187,189,6.2,17.6,1,3600.00,1033.0,1018.8
2021-02-24T14:00,18.4,0.00,51,8.1,17.2,0.00,0.00,0.00,0,0,0,0,0,5.1,171,176,6.9,15.5,1,3600.00,1032.2,1018.0
2021-02-24T15:00,18.8,0.00,52,8.7,17.8,0.00,0.00,0.00,0,0,0,0,0,4.7,174,176,6.5,15.1,1,3600.00,1031.7,1017.6
2021-02-24T16:00,18.7,0.00,57,9.9,18.1,0.00,0.00,0.00,0,0,0,0,0,3.7,167,169,6.3,13.3,1,3600.00,1031.2,1017.1
2021-02-24T17:00,16.2,0.00,74,11.5,15.9,0.00,0.00,0.00,0,0,0,0,0,5.1,145,135,8.8,10.1,1,3600.00,1030.8,1016.6
2021-02-24T18:00,12.2,0.00,79,8.6,10.8,0.00,0.00,0.00,0,0,0,0,0,7.1,127,105,10.8,11.9,0,1688.99,1030.4,1016.0
2021-02-24T19:00,11.3,0.00,82,8.3,10.1,0.00,0.00,0.00,0,0,0,0,0,5.1,135,98,9.2,11.9,0,0.00,1030.6,1016.1
2021-02-24T20:00,9.8,0.00,84,7.3,8.4,0.00,0.00,0.00,0,0,0,0,0,4.7,143,99,7.2,9.7,0,0.00,1030.7,1016.1
2021-02-24T21:00,9.9,0.00,84,7.2,8.2,0.00,0.00,0.00,0,0,0,0,0,6.5,135,96,10.2,11.9,0,0.00,1030.4,1015.8
2021-02-24T22:00,10.0,0.00,86,7.8,7.8,0.00,0.00,0.00,0,0,0,0,0,11.0,134,109,21.4,22.0,0,0.00,1030.1,1015.6
2021-02-24T23:00,9.0,0.00,88,7.2,6.9,0.00,0.00,0.00,0,0,0,0,0,9.2,141,116,21.0,21.6,0,0.00,1030.3,1015.7
2021-02-25T00:00,8.4,0.00,87,6.3,6.0,0.00,0.00,0.00,0,0,0,0,0,9.7,141,112,20.0,19.1,0,0.00,1030.1,1015.5
2021-02-25T01:00,8.3,0.00,81,5.3,5.9,0.00,0.00,0.00,0,0,0,0,0,7.9,161,129,17.5,18.7,0,0.00,1030.1,1015.5
2021-02-25T02:00,7.6,0.00,80,4.3,5.3,0.00,0.00,0.00,0,0,0,0,0,6.7,190,126,14.6,15.8,0,0.00,1030.4,1015.7
2021-02-25T03:00,8.1,0.00,78,4.4,5.5,0.00,0.00,0.00,0,0,0,0,0,8.4,181,133,18.0,16.9,0,0.00,1030.1,1015.5
2021-02-25T04:00,7.5,0.00,79,4.1,4.9,0.00,0.00,0.00,0,0,0,0,0,8.0,181,144,19.1,17.3,0,0.00,1030.0,1015.3
2021-02-25T05:00,6.2,0.00,82,3.4,3.9,0.00,0.00,0.00,0,0,0,0,0,5.6,186,130,14.8,16.9,0,0.00,1030.1,1015.4
2021-02-25T06:00,5.6,0.00,82,2.8,3.2,0.00,0.00,0.00,0,0,0,0,0,4.8,185,117,11.6,13.3,0,0.00,1030.1,1015.3
2021-02-25T07:00,4.6,0.00,86,2.4,2.1,0.00,0.00,0.00,0,0,0,0,0,5.3,178,118,12.2,12.2,0,0.00,1029.9,1015.1
2021-02-25T08:00,5.5,0.00,83,2.8,3.0,0.00,0.00,0.00,0,0,0,0,0,5.6,182,117,11.2,12.6,1,392.86,1030.3,1015.5
2021-02-25T09:00,8.9,0.00,73,4.3,6.6,0.00,0.00,0.00,0,0,0,0,0,6.4,193,133,11.1,14.4,1,3600.00,1030.4,1015.8
2021-02-25T10:00,11.5,0.00,64,4.9,9.4,0.00,0.00,0.00,0,0,0,0,0,5.8,189,176,9.5,15.8,1,3600.00,1030.4,1015.9
2021-02-25T11:00,13.5,0.00,58,5.5,11.4,0.00,0.00,0.00,0,0,0,0,0,6.6,196,189,9.3,18.7,1,3600.00,1030.4,1016.0
2021-02-25T12:00,15.2,0.00,53,5.6,12.9,0.00,0.00,0.00,0,0,0,0,0,8.1,207,201,11.3,22.0,1,3600.00,1030.0,1015.7
2021-02-25T13:00,16.9,0.00,44,4.4,14.3,0.00,0.00,0.00,0,0,0,0,0,8.6,203,202,11.8,23.4,1,3600.00,1029.0,1014.8
2021-02-25T14:00,17.2,0.00,44,4.8,14.6,0.00,0.00,0.00,0,0,0,0,0,8.5,207,208,11.8,22.0,1,3600.00,1028.4,1014.2
2021-02-25T15:00,17.3,0.00,45,5.1,15.0,0.00,0.00,0.00,0,0,0,0,0,7.6,213,211,10.7,21.6,1,3600.00,1027.9,1013.7
2021-02-25T16:00,16.8,0.00,49,6.1,15.0,0.00,0.00,0.00,0,0,0,0,0,5.5,204,203,10.6,18.7,1,3600.00,1027.5,1013.3
2021-02-25T17:00,14.5,0.00,67,8.6,13.3,0.00,0.00,0.00,0,0,0,0,0,5.5,205,191,11.9,14.4,1,3600.00,1027.5,1013.2
2021-02-25T18:00,10.1,0.00,71,5.0,7.5,0.00,0.00,0.00,0,0,0,0,0,9.0,201,164,12.3,14.4,1,1793.45,1027.8,1013.3
2021-02-25T19:00,9.3,0.00,73,4.8,6.8,0.00,0.00,0.00,0,0,0,0,0,8.2,214,165,13.5,14.8,0,0.00,1028.4,1013.8
2021-02-25T20:00,8.8,0.00,75,4.5,6.5,0.00,0.00,0.00,0,0,0,0,0,6.4,211,142,11.3,14.4,0,0.00,1028.2,1013.6
2021-02-25T21:00,7.6,0.00,79,4.2,5.1,0.00,0.00,0.00,0,17,17,0,0,7.1,210,150,12.4,13.0,0,0.00,1028.6,1014.0
2021-02-25T22:00,7.4,0.00,79,4.0,5.1,0.00,0.00,0.00,3,81,81,0,0,5.4,227,143,8.9,13.3,0,0.00,1029.0,1014.3
2021-02-25T23:00,6.4,0.00,86,4.2,4.2,0.00,0.00,0.00,3,87,87,0,0,5.6,222,153,9.7,11.9,0,0.00,1029.2,1014.5
2021-02-26T00:00,5.9,0.00,89,4.3,3.7,0.00,0.00,0.00,1,32,32,0,0,5.8,221,158,11.0,11.9,0,0.00,1029.3,1014.6
2021-02-26T01:00,5.8,0.00,92,4.6,3.2,0.00,0.00,0.00,1,47,46,0,0,9.0,233,178,13.1,11.9,0,0.00,1029.5,1014.8
2021-02-26T02:00,5.5,0.00,91,4.1,3.3,0.00,0.00,0.00,1,35,33,4,0,5.7,221,162,10.0,15.1,0,0.00,1029.6,1014.8
2021-02-26T03:00,6.2,0.00,89,4.5,3.8,0.00,0.00,0.00,2,61,30,45,3,7.2,202,162,15.2,13.7,0,0.00,1029.6,1014.9
2021-02-26T04:00,6.2,0.00,88,4.4,4.0,0.00,0.00,0.00,1,32,14,22,0,5.7,203,162,14.8,14.4,0,0.00,1029.5,1014.8
2021-02-26T05:00,6.0,0.00,87,4.1,3.7,0.00,0.00,0.00,1,24,23,1,0,6.1,212,180,16.5,12.6,0,0.00,1029.6,1014.9
2021-02-26T06:00,4.2,0.00,92,3.0,1.4,0.00,0.00,0.00,1,25,23,2,0,7.6,228,185,13.0,12.6,0,0.00,1029.7,1014.9
2021-02-26T07:00,4.7,0.00,91,3.3,2.5,0.00,0.00,0.00,0,1,0,0,1,4.3,253,180,7.5,12.2,0,0.00,1030.0,1015.2
2021-02-26T08:00,5.0,0.00,95,4.2,3.2,0.00,0.00,0.00,0,1,0,0,1,2.5,273,188,7.2,8.6,1,273.98,1030.5,1015.7
2021-02-26T09:00,7.5,0.00,87,5.5,6.2,0.00,0.00,0.00,0,12,0,0,11,1.5,291,256,6.2,7.9,1,3600.00,1030.8,1016.1
2021-02-26T10:00,9.5,0.00,81,6.3,7.8,0.00,0.00,0.00,2,53,24,0,41,4.8,300,297,7.1,15.1,1,3600.00,1031.1,1016.5
2021-02-26T11:00,10.9,0.00,83,8.0,8.8,0.00,0.00,0.00,3,100,58,23,100,10.7,322,320,14.6,24.8,1,3600.00,1031.5,1017.0
2021-02-26T12:00,11.1,0.00,84,8.4,8.7,0.00,0.00,0.00,3,100,82,54,100,13.3,328,327,18.3,29.9,1,2093.15,1031.7,1017.2
2021-02-26T13:00,10.7,0.10,81,7.6,7.6,0.10,0.00,0.00,51,100,86,95,99,17.2,342,340,24.6,32.4,1,0.00,1031.5,1017.0
2021-02-26T14:00,9.7,0.10,79,6.3,6.2,0.10,0.00,0.00,51,99,90,46,94,17.4,356,353,25.6,38.5,1,0.00,1031.7,1017.1
2021-02-26T15:00,8.2,0.00,81,5.1,4.6,0.00,0.00,0.00,3,99,86,53,95,16.8,354,350,25.0,38.5,1,0.00,1032.0,1017.3
2021-02-26T16:00,8.1,0.00,80,4.9,4.4,0.00,0.00,0.00,3,100,0,37,100,16.2,351,347,24.0,37.4,1,0.00,1032.4,1017.7
2021-02-26T17:00,7.4,0.00,79,4.1,3.7,0.00,0.00,0.00,3,100,0,44,100,15.9,358,354,24.1,36.0,1,0.00,1032.6,1017.9
2021-02-26T18:00,6.8,0.00,79,3.4,3.4,0.00,0.00,0.00,1,44,0,38,36,12.8,356,350,21.6,34.6,1,0.00,1033.3,1018.5
2021-02-26T19:00,6.1,0.00,82,3.3,3.1,0.00,0.00,0.00,3,100,0,100,70,10.2,359,350,19.8,28.1,0,0.00,1034.1,1019.3
2021-02-26T20:00,6.2,0.00,82,3.4,3.5,0.00,0.00,0.00,2,62,0,61,15,7.3,3,349,15.1,22.7,0,0.00,1034.5,1019.7
2021-02-26T21:00,5.2,0.00,88,3.5,2.9,0.00,0.00,0.00,1,35,0,31,12,5.7,2,342,13.0,16.6,0,0.00,1035.0,1020.1
2021-02-26T22:00,4.3,0.00,93,3.2,1.9,0.00,0.00,0.00,1,26,0,1,26,5.8,12,4,14.0,13.3,0,0.00,1035.3,1020.4
2021-02-26T23:00,3.1,0.00,93,2.1,0.5,0.00,0.00,0.00,0,9,0,2,9,5.6,13,27,14.1,13.0,0,0.00,1035.9,1020.9
2021-02-27T00:00,2.5,0.00,92,1.4,-0.3,0.00,0.00,0.00,0,4,0,2,4,5.6,7,27,14.2,13.0,0,0.00,1036.1,1021.1
2021-02-27T01:00,3.1,0.00,91,1.8,0.1,0.00,0.00,0.00,1,38,0,2,4,7.6,15,19,19.0,15.5,0,0.00,1036.3,1021.3
2021-02-27T02:00,2.8,0.00,91,1.5,-0.2,0.00,0.00,0.00,0,4,0,2,4,7.6,25,25,19.8,16.9,0,0.00,1036.5,1021.5
2021-02-27T03:00,2.8,0.00,89,1.2,-0.5,0.00,0.00,0.00,0,4,0,2,4,9.2,33,31,22.4,19.8,0,0.00,1036.5,1021.5
2021-02-27T04:00,2.6,0.00,88,0.8,-0.8,0.00,0.00,0.00,0,5,0,4,4,9.5,35,29,22.5,20.9,0,0.00,1036.5,1021.5
2021-02-27T05:00,2.2,0.00,88,0.4,-1.2,0.00,0.00,0.00,0,4,0,4,3,8.9,33,27,21.9,20.2,0,0.00,1036.8,1021.8
2021-02-27T06:00,1.9,0.00,88,0.2,-1.5,0.00,0.00,0.00,0,11,0,2,11,8.7,36,30,21.7,19.1,0,0.00,1037.4,1022.3
2021-02-27T07:00,1.6,0.00,89,-0.0,-1.7,0.00,0.00,0.00,0,4,0,1,4,8.2,42,38,21.4,18.4,0,0.00,1037.7,1022.6
2021-02-27T08:00,2.2,0.00,88,0.4,-0.9,0.00,0.00,0.00,0,1,0,0,1,7.2,42,37,18.4,18.0,1,638.82,1038.3,1023.2
2021-02-27T09:00,4.6,0.00,80,1.5,1.9,0.00,0.00,0.00,0,0,0,0,0,5.6,38,27,11.8,15.8,1,3600.00,1039.0,1024.1
2021-02-27T10:00,6.6,0.00,75,2.5,4.1,0.00,0.00,0.00,0,1,0,0,1,5.8,28,22,8.5,16.6,1,3600.00,1038.9,1024.1
2021-02-27T11:00,8.3,0.00,65,2.1,5.2,0.00,0.00,0.00,0,6,0,0,6,9.1,37,34,12.6,23.0,1,3600.00,1038.8,1024.0
2021-02-27T12:00,9.2,0.00,55,0.7,5.6,0.00,0.00,0.00,1,27,0,0,27,10.7,44,40,14.5,27.0,1,3600.00,1038.8,1024.1
2021-02-27T13:00,9.5,0.00,52,0.2,5.6,0.00,0.00,0.00,0,1,0,0,19,12.5,46,44,16.5,27.7,1,3600.00,1038.2,1023.5
2021-02-27T14:00,9.5,0.00,53,0.4,5.5,0.00,0.00,0.00,0,13,0,0,13,13.5,45,44,18.3,32.0,1,3600.00,1038.0,1023.3
2021-02-27T15:00,9.3,0.00,56,1.0,5.5,0.00,0.00,0.00,0,0,0,0,0,12.8,41,38,17.6,32.0,1,3600.00,1037.6,1022.9
2021-02-27T16:00,9.0,0.00,57,1.0,5.3,0.00,0.00,0.00,0,0,0,0,0,12.0,44,41,17.1,30.2,1,3600.00,1037.3,1022.6
2021-02-27T17:00,8.3,0.00,60,1.1,5.0,0.00,0.00,0.00,0,1,0,0,1,8.7,49,45,15.8,27.4,1,3600.00,1037.1,1022.4
2021-02-27T18:00,5.6,0.00,71,0.7,2.5,0.00,0.00,0.00,0,3,0,0,3,7.4,53,43,18.0,19.8,1,2001.08,1037.3,1022.4
2021-02-27T19:00,4.3,0.00,77,0.6,1.1,0.00,0.00,0.00,0,6,0,0,6,8.4,65,59,20.3,18.4,0,0.00,1038.0,1023.0
2021-02-27T20:00,3.5,0.00,81,0.5,0.2,0.00,0.00,0.00,0,12,0,0,12,8.2,73,67,20.7,18.4,0,0.00,1038.3,1023.3
2021-02-27T21:00,3.5,0.00,81,0.5,0.1,0.00,0.00,0.00,1,22,0,0,22,9.2,72,64,22.0,20.5,0,0.00,1038.5,1023.5
2021-02-27T22:00,3.8,0.00,78,0.4,0.2,0.00,0.00,0.00,1,27,0,0,27,10.0,70,60,22.2,22.0,0,0.00,1038.4,1023.4
2021-02-27T23:00,3.4,0.00,80,0.2,-0.2,0.00,0.00,0.00,0,12,0,0,12,10.2,65,51,23.0,22.3,0,0.00,1038.5,1023.5
2021-02-28T00:00,2.9,0.00,82,0.0,-0.8,0.00,0.00,0.00,0,3,0,0,3,10.5,63,49,23.5,22.7,0,0.00,1038.4,1023.4
2021-02-28T01:00,2.3,0.00,84,-0.1,-1.2,0.00,0.00,0.00,0,1,0,0,0,8.8,66,55,22.1,23.0,0,0.00,1038.2,1023.1
2021-02-28T02:00,2.2,0.00,82,-0.5,-1.3,0.00,0.00,0.00,0,0,0,0,0,9.3,72,62,22.7,20.5,0,0.00,1038.0,1022.9
2021-02-28T03:00,1.8,0.00,84,-0.6,-1.9,0.00,0.00,0.00,0,0,0,0,0,9.6,79,70,22.7,20.9,0,0.00,1037.6,1022.5
2021-02-28T04:00,1.4,0.00,87,-0.6,-2.2,0.00,0.00,0.00,0,0,0,0,0,9.4,80,67,22.7,21.2,0,0.00,1037.3,1022.2
2021-02-28T05:00,0.8,0.00,88,-1.0,-2.7,0.00,0.00,0.00,0,0,0,0,0,8.4,73,59,21.1,20.9,0,0.00,1037.2,1022.1
2021-02-28T06:00,0.5,0.00,87,-1.4,-3.1,0.00,0.00,0.00,0,0,0,0,0,8.4,77,65,21.8,19.1,0,0.00,1037.2,1022.1
2021-02-28T07:00,0.4,0.00,86,-1.6,-3.2,0.00,0.00,0.00,0,0,0,0,0,8.5,86,78,22.4,19.8,0,0.00,1036.9,1021.8
2021-02-28T08:00,1.2,0.00,84,-1.2,-2.5,0.00,0.00,0.00,0,0,0,0,0,9.4,86,72,20.9,20.5,1,873.33,1036.9,1021.8
2021-02-28T09:00,3.5,0.00,75,-0.5,-0.1,0.00,0.00,0.00,0,0,0,0,0,9.6,77,70,16.6,22.7,1,3600.00,1037.0,1022.0
2021-02-28T10:00,5.7,0.00,68,0.2,2.0,0.00,0.00,0.00,0,0,0,0,0,11.3,75,73,16.8,27.4,1,3600.00,1036.7,1021.8
2021-02-28T11:00,7.6,0.00,62,0.9,3.9,0.00,0.00,0.00,0,0,0,0,0,11.9,77,76,17.0,29.5,1,3600.00,1036.4,1021.6
2021-02-28T12:00,9.0,0.00,57,1.0,5.3,0.00,0.00,0.00,0,0,0,0,0,11.7,80,79,16.1,29.5,1,3600.00,1035.9,1021.2
2021-02-28T13:00,9.6,0.00,57,1.6,6.3,0.00,0.00,0.00,0,0,0,0,0,9.8,82,84,13.4,29.2,1,3600.00,1035.4,1020.8
2021-02-28T14:00,10.4,0.00,53,1.3,7.0,0.00,0.00,0.00,0,0,0,0,0,10.0,75,77,14.1,25.9,1,3600.00,1034.5,1019.9
2021-02-28T15:00,10.9,0.00,51,1.0,7.4,0.00,0.00,0.00,0,0,0,0,0,10.0,76,75,13.7,25.9,1,3600.00,1033.9,1019.3
2021-02-28T16:00,10.8,0.00,50,0.9,7.4,0.00,0.00,0.00,0,0,0,0,0,9.6,72,70,13.7,24.1,1,3600.00,1033.3,1018.8
2021-02-28T17:00,9.8,0.00,56,1.5,6.8,0.00,0.00,0.00,0,0,0,0,0,7.2,67,63,15.6,22.0,1,3600.00,1033.1,1018.5
2021-02-28T18:00,6.7,0.00,65,0.6,3.5,0.00,0.00,0.00,0,0,0,0,0,7.5,64,55,18.4,16.9,1,2104.19,1033.4,1018.6
2021-02-28T19:00,5.1,0.00,71,0.2,1.8,0.00,0.00,0.00,0,0,0,0,0,8.5,66,54,20.9,18.4,0,0.00,1033.9,1019.1
2021-02-28T20:00,4.5,0.00,71,-0.3,1.0,0.00,0.00,0.00,0,0,0,0,0,9.5,71,61,23.2,20.5,0,0.00,1034.0,1019.1
2021-02-28T21:00,4.2,0.00,70,-0.7,0.6,0.00,0.00,0.00,0,0,0,0,0,9.5,77,65,23.7,20.9,0,0.00,1034.0,1019.1
2021-02-28T22:00,3.8,0.00,71,-1.0,0.3,0.00,0.00,0.00,0,0,0,0,0,8.8,79,71,23.1,20.5,0,0.00,1034.1,1019.2
2021-02-28T23:00,3.3,0.00,71,-1.4,-0.2,0.00,0.00,0.00,0,0,0,0,0,8.1,83,77,22.1,19.4,0,0.00,1034.0,1019.1
2021-03-01T00:00,2.5,0.00,75,-1.4,-0.8,0.00,0.00,0.00,0,0,0,0,0,6.9,84,81,20.6,18.0,0,0.00,1033.9,1018.9
2021-03-01T01:00,1.6,0.00,81,-1.3,-2.2,0.00,0.00,0.00,0,0,0,0,0,10.1,92,90,18.4,15.8,0,0.00,1033.3,1018.3
2021-03-01T02:00,1.0,0.00,82,-1.8,-2.4,0.00,0.00,0.00,0,0,0,0,0,6.8,93,87,16.2,18.7,0,0.00,1033.5,1018.4
2021-03-01T03:00,0.4,0.00,83,-2.1,-3.0,0.00,0.00,0.00,0,0,0,0,0,6.5,95,93,16.3,14.0,0,0.00,1033.5,1018.4
2021-03-01T04:00,0.4,0.00,83,-2.2,-3.0,0.00,0.00,0.00,0,0,0,0,0,6.5,96,96,19.2,14.4,0,0.00,1033.4,1018.3
2021-03-01T05:00,0.6,0.00,82,-2.1,-2.9,0.00,0.00,0.00,0,0,0,0,0,7.2,94,90,20.2,15.5,0,0.00,1033.3,1018.2
2021-03-01T06:00,0.3,0.00,83,-2.2,-3.1,0.00,0.00,0.00,0,0,0,0,0,6.9,93,84,19.5,15.5,0,0.00,1033.5,1018.4
2021-03-01T07:00,0.0,0.00,84,-2.4,-3.4,0.00,0.00,0.00,0,0,0,0,0,6.6,90,77,19.1,14.8,0,0.00,1033.7,1018.6
2021-03-01T08:00,1.3,0.00,82,-1.4,-1.8,0.00,0.00,0.00,0,0,0,0,0,5.5,91,79,16.6,14.4,1,1132.64,1034.2,1019.1
2021-03-01T09:00,4.2,0.00,71,-0.5,1.2,0.00,0.00,0.00,0,0,0,0,0,5.0,92,90,11.9,14.4,1,3600.00,1034.2,1019.3
2021-03-01T10:00,6.8,0.00,63,0.2,3.7,0.00,0.00,0.00,0,0,0,0,0,7.2,92,93,10.8,19.4,1,3600.00,1034.0,1019.2
2021-03-01T11:00,9.1,0.00,56,0.7,5.9,0.00,0.00,0.00,0,0,0,0,0,7.9,92,93,11.2,21.6,1,3600.00,1033.6,1019.0
2021-03-01T12:00,10.9,0.00,49,0.7,7.6,0.00,0.00,0.00,0,0,0,0,0,8.3,90,90,11.5,22.3,1,3600.00,1033.2,1018.7
2021-03-01T13:00,12.5,0.00,43,0.3,9.1,0.00,0.00,0.00,0,0,0,0,0,9.6,101,103,13.6,22.7,1,3600.00,1032.2,1017.8
2021-03-01T14:00,13.0,0.00,44,1.1,9.5,0.00,0.00,0.00,0,0,0,0,0,10.6,100,100,15.0,26.6,1,3600.00,1031.5,1017.1
2021-03-01T15:00,13.3,0.00,46,1.9,10.0,0.00,0.00,0.00,0,0,0,0,0,10.1,90,88,14.4,26.6,1,3600.00,1031.0,1016.6
2021-03-01T16:00,13.3,0.00,47,2.3,10.2,0.00,0.00,0.00,0,0,0,0,0,8.8,81,78,13.8,24.5,1,3600.00,1030.6,1016.2
2021-03-01T17:00,12.0,0.00,58,3.9,9.7,0.00,0.00,0.00,0,0,0,0,0,5.8,71,60,14.1,20.9,1,3600.00,1030.4,1016.0
2021-03-01T18:00,9.1,0.00,63,2.5,6.1,0.00,0.00,0.00,0,0,0,0,0,8.8,67,55,20.3,17.6,1,2206.76,1030.6,1016.0
2021-03-01T19:00,8.3,0.00,62,1.6,4.7,0.00,0.00,0.00,0,0,0,0,0,11.6,76,68,27.4,24.5,0,0.00,1031.0,1016.4
2021-03-01T20:00,7.9,0.00,63,1.3,4.3,0.00,0.00,0.00,0,0,0,0,0,11.7,86,79,27.4,25.2,0,0.00,1031.3,1016.6
2021-03-01T21:00,7.4,0.00,65,1.4,3.8,0.00,0.00,0.00,0,0,0,0,0,11.9,93,90,27.8,25.2,0,0.00,1031.2,1016.5
2021-03-01T22:00,7.0,0.00,68,1.5,3.2,0.00,0.00,0.00,0,0,0,0,0,12.7,99,97,28.8,27.4,0,0.00,1031.4,1016.7
2021-03-01T23:00,6.2,0.00,72,1.5,2.5,0.00,0.00,0.00,0,0,0,0,0,12.8,104,101,28.6,27.7,0,0.00,1031.8,1017.0
2021-03-02T00:00,5.5,0.00,75,1.4,1.6,0.00,0.00,0.00,0,0,0,0,0,13.6,105,101,29.4,28.8,0,0.00,1031.8,1017.0
2021-03-02T01:00,6.7,0.00,70,1.6,2.6,0.00,0.00,0.00,0,0,0,0,0,15.0,103,100,31.1,30.2,0,0.00,1031.2,1016.5
2021-03-02T02:00,6.0,0.00,74,1.8,2.1,0.00,0.00,0.00,0,0,0,0,0,14.1,108,105,29.9,31.0,0,0.00,1031.5,1016.7
2021-03-02T03:00,5.5,0.00,77,1.8,1.4,0.00,0.00,0.00,0,0,0,0,0,15.1,107,102,31.2,31.3,0,0.00,1031.5,1016.7
2021-03-02T04:00,4.9,0.00,81,1.9,1.0,0.00,0.00,0.00,0,0,0,0,0,14.2,108,106,29.5,31.7,0,0.00,1031.5,1016.7
2021-03-02T05:00,4.4,0.00,84,1.9,0.6,0.00,0.00,0.00,0,0,0,0,0,13.9,108,107,28.7,29.5,0,0.00,1031.7,1016.8
2021-03-02T06:00,3.9,0.00,86,1.8,0.1,0.00,0.00,0.00,0,0,0,0,0,13.2,107,107,27.6,28.4,0,0.00,1032.1,1017.2
2021-03-02T07:00,3.3,0.00,88,1.6,-0.3,0.00,0.00,0.00,0,0,0,0,0,12.2,108,109,26.2,27.0,0,0.00,1032.3,1017.4
2021-03-02T08:00,3.8,0.00,86,1.7,0.3,0.00,0.00,0.00,0,0,0,0,0,11.2,110,111,22.5,24.8,1,1374.78,1032.8,1017.9
2021-03-02T09:00,5.9,0.00,78,2.3,2.7,0.00,0.00,0.00,0,0,0,0,0,9.4,107,108,16.2,22.3,1,3600.00,1033.2,1018.4
2021-03-02T10:00,7.8,0.00,71,3.0,5.2,0.00,0.00,0.00,0,0,0,0,0,7.1,111,114,10.0,22.0,1,3600.00,1033.1,1018.4
2021-03-02T11:00,9.9,0.00,65,3.7,7.6,0.00,0.00,0.00,0,0,0,0,0,5.2,111,115,7.0,19.1,1,3600.00,1033.3,1018.7
2021-03-02T12:00,11.6,0.00,60,4.1,9.7,0.00,0.00,0.00,0,0,0,0,0,3.4,114,122,4.3,16.9,1,3600.00,1033.2,1018.7
2021-03-02T13:00,12.8,0.00,53,3.5,11.2,0.00,0.00,0.00,0,0,0,0,0,1.3,101,124,1.8,14.0,1,3600.00,1032.4,1018.0
2021-03-02T14:00,13.8,0.00,52,4.2,12.3,0.00,0.00,0.00,0,0,0,0,0,1.1,166,198,1.5,10.8,1,3600.00,1031.9,1017.5
2021-03-02T15:00,14.3,0.00,51,4.4,12.8,0.00,0.00,0.00,0,0,0,0,0,0.5,153,225,0.8,10.4,1,3600.00,1031.5,1017.2
2021-03-02T16:00,14.3,0.00,51,4.4,12.9,0.00,0.00,0.00,0,0,0,0,0,0.7,270,270,0.4,8.3,1,3600.00,1031.1,1016.8
2021-03-02T17:00,13.1,0.00,77,9.3,12.5,0.00,0.00,0.00,0,0,0,0,0,2.8,321,310,2.3,5.8,1,3600.00,1030.9,1016.5
2021-03-02T18:00,10.1,0.00,71,5.1,8.0,0.00,0.00,0.00,0,0,0,0,0,6.6,348,338,5.2,9.0,1,2308.79,1031.1,1016.5
2021-03-02T19:00,6.5,0.00,86,4.3,4.0,0.00,0.00,0.00,0,0,0,0,0,7.6,27,31,5.6,10.4,0,0.00,1031.6,1016.9
2021-03-02T20:00,6.2,0.00,86,4.0,4.0,0.00,0.00,0.00,0,0,0,0,0,5.3,63,62,4.8,10.8,0,0.00,1031.8,1017.0
2021-03-02T21:00,6.1,0.00,83,3.5,4.0,0.00,0.00,0.00,0,0,0,0,0,4.1,94,75,5.1,9.4,0,0.00,1031.8,1017.0
2021-03-02T22:00,5.1,0.00,86,2.9,2.8,0.00,0.00,0.00,0,0,0,0,0,4.3,118,85,7.7,10.1,0,0.00,1031.8,1017.0
2021-03-02T23:00,4.1,0.00,87,2.1,1.5,0.00,0.00,0.00,0,0,0,0,0,5.1,132,98,9.2,9.7,0,0.00,1031.8,1016.9
2021-03-03T00:00,3.5,0.00,88,1.8,0.9,0.00,0.00,0.00,0,0,0,0,0,5.6,130,105,10.7,10.8,0,0.00,1031.8,1016.9
2021-03-03T01:00,3.5,0.00,89,1.9,0.8,0.00,0.00,0.00,0,0,0,0,0,6.1,111,87,11.2,13.0,0,0.00,1031.2,1016.3
2021-03-03T02:00,2.6,0.00,91,1.3,-0.1,0.00,0.00,0.00,0,0,0,0,0,5.0,116,90,10.8,13.7,0,0.00,1031.2,1016.3
2021-03-03T03:00,2.5,0.00,90,1.1,-0.3,0.00,0.00,0.00,0,0,0,0,0,5.8,120,94,12.4,11.2,0,0.00,1031.1,1016.2
2021-03-03T04:00,1.7,0.00,92,0.6,-1.2,0.00,0.00,0.00,0,0,0,0,0,5.5,130,113,12.8,11.5,0,0.00,1031.1,1016.1
2021-03-03T05:00,2.0,0.00,94,1.1,-1.1,0.00,0.00,0.00,1,22,22,0,0,7.4,140,113,15.1,14.4,0,0.00,1031.3,1016.3
2021-03-03T06:00,1.6,0.00,95,0.9,-1.6,0.00,0.00,0.00,1,20,20,0,0,8.1,149,111,13.9,15.1,0,0.00,1031.2,1016.2
2021-03-03T07:00,1.7,0.00,94,0.8,-1.4,0.00,0.00,0.00,0,1,0,0,0,7.9,163,120,13.6,15.5,0,0.00,1030.9,1015.9
2021-03-03T08:00,3.4,0.00,90,1.9,0.3,0.00,0.00,0.00,0,3,0,0,3,8.4,175,133,13.7,15.8,1,1481.97,1031.2,1016.3
2021-03-03T09:00,6.8,0.00,81,3.7,4.3,0.00,0.00,0.00,0,11,11,0,0,6.6,182,151,11.2,15.8,1,3600.00,1031.6,1016.9
2021-03-03T10:00,9.5,0.00,71,4.4,7.1,0.00,0.00,0.00,0,6,6,0,0,7.3,176,169,10.5,19.4,1,3600.00,1031.3,1016.7
2021-03-03T11:00,11.3,0.00,61,4.0,8.7,0.00,0.00,0.00,0,6,6,0,0,8.0,191,190,11.0,22.0,1,3600.00,1031.1,1016.6
2021-03-03T12:00,13.0,0.00,55,4.1,10.4,0.00,0.00,0.00,1,48,48,0,0,8.1,201,201,11.2,22.7,1,3600.00,1030.6,1016.2
2021-03-03T13:00,13.4,0.00,56,4.8,11.0,0.00,0.00,0.00,1,49,78,0,0,7.6,198,199,10.2,22.7,1,3600.00,1030.1,1015.7
2021-03-03T14:00,14.3,0.00,55,5.2,11.8,0.00,0.00,0.00,2,74,74,2,0,8.5,207,208,11.8,22.3,1,3600.00,1029.2,1014.9
2021-03-03T15:00,14.8,0.00,54,5.6,12.5,0.00,0.00,0.00,2,78,66,39,0,8.2,208,209,11.4,22.3,1,3600.00,1028.3,1014.0
2021-03-03T16:00,14.6,0.00,56,5.9,12.6,0.00,0.00,0.00,3,82,65,49,0,7.1,204,204,10.6,20.9,1,3600.00,1027.7,1013.4
2021-03-03T17:00,13.3,0.00,68,7.5,11.9,0.00,0.00,0.00,2,74,64,30,0,4.7,194,184,11.9,16.9,1,3600.00,1027.1,1012.8
2021-03-03T18:00,10.5,0.00,74,6.0,8.5,0.00,0.00,0.00,2,77,56,50,0,6.5,200,180,16.9,13.0,1,2410.23,1026.8,1012.3
2021-03-03T19:00,9.1,0.00,79,5.6,7.0,0.00,0.00,0.00,2,52,51,2,0,6.9,215,189,19.4,14.4,0,0.00,1027.0,1012.5
2021-03-03T20:00,7.5,0.00,83,4.8,5.0,0.00,0.00,0.00,1,22,0,22,0,8.3,231,198,16.1,14.4,0,0.00,1026.8,1012.2
2021-03-03T21:00,8.0,0.00,81,4.8,5.8,0.00,0.00,0.00,2,79,0,79,0,6.5,256,199,11.5,14.4,0,0.00,1026.6,1012.0
2021-03-03T22:00,6.6,0.00,88,4.7,4.6,0.00,0.00,0.00,3,92,0,92,0,4.5,260,166,8.4,11.9,0,0.00,1026.2,1011.5
2021-03-03T23:00,6.5,0.00,89,4.8,4.6,0.00,0.00,0.00,2,78,6,77,0,4.7,225,157,8.7,9.7,0,0.00,1026.0,1011.3
2021-03-04T00:00,7.2,0.00,90,5.6,5.4,0.00,0.00,0.00,2,71,35,66,0,4.7,208,148,10.6,9.7,0,0.00,1025.3,1010.7
2021-03-04T01:00,6.5,0.00,83,3.8,4.0,0.00,0.00,0.00,1,35,73,2,0,6.6,217,189,19.0,11.9,0,0.00,1024.8,1010.2
2021-03-04T02:00,5.1,0.00,88,3.2,2.6,0.00,0.00,0.00,2,67,66,1,0,5.8,222,184,15.0,16.6,0,0.00,1024.5,1009.8
2021-03-04T03:00,4.5,0.00,90,3.0,2.0,0.00,0.00,0.00,0,16,14,4,0,5.8,215,180,14.5,11.9,0,0.00,1023.8,1009.1
2021-03-04T04:00,4.4,0.00,91,3.0,1.8,0.00,0.00,0.00,1,24,0,24,0,6.5,212,183,17.0,13.3,0,0.00,1023.4,1008.7
2021-03-04T05:00,4.3,0.00,90,2.9,1.8,0.00,0.00,0.00,1,32,0,32,0,6.2,206,173,16.4,13.7,0,0.00,1022.9,1008.2
2021-03-04T06:00,4.5,0.00,90,3.0,1.7,0.00,0.00,0.00,1,37,0,37,0,8.3,207,185,20.3,17.3,0,0.00,1022.8,1008.1
2021-03-04T07:00,4.6,0.10,90,3.1,1.8,0.10,0.00,0.00,51,52,0,52,0,8.4,209,187,20.9,18.4,0,0.00,1022.4,1007.7
2021-03-04T08:00,5.7,0.00,85,3.5,2.8,0.00,0.00,0.00,0,0,0,0,0,9.8,215,197,21.0,20.2,1,922.01,1022.5,1007.8
2021-03-04T09:00,7.6,0.00,78,4.1,4.8,0.00,0.00,0.00,0,1,0,0,1,9.5,217,209,17.5,22.0,1,3600.00,1022.2,1007.6
2021-03-04T10:00,9.2,0.00,72,4.5,6.3,0.00,0.00,0.00,2,54,0,52,13,10.3,219,216,14.8,25.6,1,3600.00,1021.5,1007.0
2021-03-04T11:00,10.5,0.00,68,4.9,7.7,0.00,0.00,0.00,2,50,0,50,21,11.0,219,218,15.3,27.0,1,3600.00,1021.0,1006.6
2021-03-04T12:00,11.6,0.00,66,5.6,9.0,0.00,0.00,0.00,2,67,0,65,9,10.7,226,225,15.0,27.7,1,3600.00,1020.3,1006.0
2021-03-04T13:00,13.8,0.00,54,4.6,10.6,0.00,0.00,0.00,1,40,0,56,10,13.1,235,233,18.1,28.8,1,3600.00,1019.2,1005.0
2021-03-04T14:00,14.0,0.00,54,4.9,10.5,0.00,0.00,0.00,3,97,0,97,8,15.1,253,252,21.4,43.2,1,3600.00,1018.3,1004.1
2021-03-04T15:00,12.0,0.00,67,6.0,9.6,0.00,0.00,0.00,3,82,0,80,21,9.8,254,253,16.5,34.6,1,0.00,1018.2,1003.9
2021-03-04T16:00,11.6,0.00,68,5.9,8.8,0.00,0.00,0.00,3,84,0,84,8,11.7,251,252,17.9,26.6,1,3600.00,1017.7,1003.4
2021-03-04T17:00,11.0,0.00,72,6.1,8.7,0.00,0.00,0.00,2,54,0,52,31,9.0,249,247,16.2,25.9,1,2737.50,1017.2,1002.9
2021-03-04T18:00,9.6,0.10,78,6.0,7.4,0.10,0.00,0.00,51,79,48,68,43,8.3,253,252,18.8,22.7,1,1987.68,1017.2,1002.8
2021-03-04T19:00,8.5,0.90,87,6.5,6.1,0.90,0.00,0.00,53,95,82,69,74,10.3,283,282,21.4,23.4,0,0.00,1017.7,1003.3
2021-03-04T20:00,7.9,0.40,91,6.5,5.7,0.40,0.00,0.00,51,92,89,18,19,9.1,283,279,20.3,23.4,0,0.00,1017.6,1003.1
2021-03-04T21:00,7.1,0.20,93,6.1,4.4,0.20,0.00,0.00,51,85,75,52,24,11.8,315,308,22.9,23.8,0,0.00,1018.0,1003.5
2021-03-04T22:00,6.2,0.00,93,5.2,2.8,0.00,0.00,0.00,3,100,50,36,100,15.1,325,322,25.9,31.7,0,0.00,1018.5,1003.9
2021-03-04T23:00,5.2,0.00,91,3.8,1.3,0.00,0.00,0.00,3,100,97,87,100,16.1,324,321,26.3,34.2,0,0.00,1019.0,1004.4
2021-03-05T00:00,4.3,0.20,92,3.0,0.5,0.20,0.00,0.00,51,100,93,23,100,14.6,324,320,25.0,34.2,0,0.00,1019.6,1004.9
2021-03-05T01:00,4.5,0.10,94,3.6,0.5,0.10,0.00,0.00,51,100,0,79,100,16.8,323,318,28.8,32.0,0,0.00,1019.8,1005.1
2021-03-05T02:00,4.8,0.20,91,3.5,1.0,0.20,0.00,0.00,51,100,0,99,100,15.5,343,338,24.8,35.6,0,0.00,1020.4,1005.7
2021-03-05T03:00,4.3,0.00,89,2.7,0.5,0.00,0.00,0.00,3,99,0,82,98,15.0,353,350,23.9,32.8,0,0.00,1020.7,1006.0
2021-03-05T04:00,4.0,0.00,87,2.0,0.4,0.00,0.00,0.00,3,99,0,71,99,12.3,359,353,21.6,31.3,0,0.00,1021.0,1006.3
2021-03-05T05:00,3.9,0.00,87,1.9,0.7,0.00,0.00,0.00,3,98,0,56,98,9.6,354,347,17.0,26.6,0,0.00,1021.4,1006.7
2021-03-05T06:00,3.8,0.00,90,2.4,0.7,0.00,0.00,0.00,3,98,0,61,98,9.3,349,344,16.5,20.9,0,0.00,1021.9,1007.2
2021-03-05T07:00,3.7,0.00,90,2.2,0.5,0.00,0.00,0.00,3,98,0,49,98,9.4,347,342,16.6,20.5,1,0.00,1022.3,1007.5
2021-03-05T08:00,3.5,0.00,88,1.7,0.3,0.00,0.00,0.00,3,85,0,42,85,9.6,347,340,17.0,21.2,1,0.00,1023.1,1008.3
2021-03-05T09:00,3.7,0.00,84,1.2,0.1,0.00,0.00,0.00,3,88,0,16,87,11.3,347,343,16.6,24.5,1,1094.58,1023.8,1009.0
2021-03-05T10:00,4.3,0.10,81,1.4,0.3,0.10,0.00,0.00,51,80,0,30,80,14.0,1,359,20.2,31.7,1,2227.94,1024.2,1009.4
2021-03-05T11:00,4.7,0.20,77,1.0,0.6,0.20,0.00,0.00,51,84,0,78,69,14.0,25,23,20.6,32.4,1,1125.56,1024.6,1009.9
2021-03-05T12:00,5.5,0.00,69,0.4,1.2,0.00,0.00,0.00,3,94,0,90,90,15.5,27,25,21.7,34.2,1,3600.00,1025.0,1010.3
2021-03-05T13:00,6.0,0.20,71,1.2,2.4,0.20,0.00,0.00,51,57,0,65,5,11.6,9,7,15.7,34.6,1,1104.16,1025.7,1011.0
2021-03-05T14:00,6.6,0.10,64,0.2,2.8,0.10,0.00,0.00,51,35,0,32,15,11.3,19,17,15.3,27.7,1,3600.00,1025.7,1011.0
2021-03-05T15:00,6.3,0.00,62,-0.5,2.1,0.00,0.00,0.00,2,66,0,49,57,13.7,31,30,18.9,31.7,1,3600.00,1026.2,1011.5
2021-03-05T16:00,5.4,0.10,72,0.8,1.5,0.10,0.00,0.00,51,77,0,76,13,13.0,36,34,18.6,32.4,1,3600.00,1027.1,1012.4
2021-03-05T17:00,5.3,0.10,69,0.1,1.9,0.10,0.00,0.00,51,53,0,50,13,9.0,34,29,14.3,29.2,1,1855.07,1027.5,1012.8
2021-03-05T18:00,4.8,0.00,68,-0.7,1.3,0.00,0.00,0.00,2,60,0,40,57,8.2,26,15,16.4,19.4,1,2005.62,1028.0,1013.2
2021-03-05T19:00,4.0,0.00,65,-1.9,0.1,0.00,0.00,0.00,1,42,0,39,31,9.7,40,31,19.7,20.2,0,0.00,1029.1,1014.3
2021-03-05T20:00,2.6,0.00,64,-3.5,-1.5,0.00,0.00,0.00,0,1,0,1,0,9.7,59,51,22.3,20.9,0,0.00,1029.9,1015.0
2021-03-05T21:00,1.6,0.00,58,-5.7,-2.9,0.00,0.00,0.00,0,0,0,0,0,10.8,66,60,24.8,23.4,0,0.00,1030.7,1015.7
2021-03-05T22:00,1.0,0.00,57,-6.6,-3.7,0.00,0.00,0.00,0,0,0,0,0,11.8,67,63,26.6,25.2,0,0.00,1031.3,1016.3
2021-03-05T23:00,0.7,0.00,58,-6.7,-4.1,0.00,0.00,0.00,0,0,0,0,0,12.3,72,69,27.2,26.3,0,0.00,1031.9,1016.8
2021-03-06T00:00,0.2,0.00,59,-6.8,-4.5,0.00,0.00,0.00,0,0,0,0,0,11.7,76,72,26.4,26.3,0,0.00,1032.3,1017.2
2021-03-06T01:00,-0.3,0.00,61,-6.8,-4.8,0.00,0.00,0.00,0,0,0,0,0,10.3,84,78,23.9,25.2,0,0.00,1032.7,1017.6
2021-03-06T02:00,-0.6,0.00,62,-6.9,-5.0,0.00,0.00,0.00,0,0,0,0,0,9.8,87,82,23.4,22.0,0,0.00,1032.8,1017.7
2021-03-06T03:00,-1.0,0.00,63,-7.1,-5.4,0.00,0.00,0.00,0,0,0,0,0,9.9,86,80,23.4,22.0,0,0.00,1032.6,1017.4
2021-03-06T04:00,-1.2,0.00,64,-7.1,-5.7,0.00,0.00,0.00,0,0,0,0,0,10.2,86,80,23.8,22.3,0,0.00,1032.7,1017.5
2021-03-06T05:00,-1.4,0.00,65,-7.2,-6.0,0.00,0.00,0.00,0,0,0,0,0,10.7,84,78,24.6,23.0,0,0.00,1032.7,1017.5
2021-03-06T06:00,-1.5,0.00,65,-7.2,-6.0,0.00,0.00,0.00,0,0,0,0,0,10.0,82,77,23.6,23.0,0,0.00,1032.9,1017.7
2021-03-06T07:00,-1.8,0.00,67,-7.2,-6.1,0.00,0.00,0.00,0,0,0,0,0,8.9,82,76,22.2,21.6,1,0.00,1033.0,1017.8
2021-03-06T08:00,-0.4,0.00,65,-6.1,-4.8,0.00,0.00,0.00,0,0,0,0,0,9.7,81,75,20.8,21.2,1,1882.51,1033.5,1018.4
2021-03-06T09:00,1.9,0.00,58,-5.4,-2.4,0.00,0.00,0.00,0,0,0,0,0,10.3,81,78,16.0,24.1,1,3600.00,1033.8,1018.8
2021-03-06T10:00,3.7,0.00,51,-5.5,-1.0,0.00,0.00,0.00,0,0,0,0,0,12.6,90,90,17.6,29.2,1,3600.00,1033.5,1018.6
2021-03-06T11:00,4.9,0.00,45,-6.0,-0.0,0.00,0.00,0.00,0,0,0,0,0,13.7,91,92,19.1,32.8,1,3600.00,1033.3,1018.4
2021-03-06T12:00,6.0,0.00,42,-5.8,1.3,0.00,0.00,0.00,0,0,0,0,0,13.0,84,84,18.1,32.8,1,3600.00,1032.8,1018.0
2021-03-06T13:00,6.9,0.00,43,-4.9,2.5,0.00,0.00,0.00,0,0,0,0,0,13.3,88,87,18.0,32.4,1,3600.00,1032.4,1017.7
2021-03-06T14:00,7.4,0.00,42,-4.8,3.0,0.00,0.00,0.00,0,0,0,0,0,12.3,86,85,17.0,32.4,1,3600.00,1031.7,1017.0
2021-03-06T15:00,7.6,0.00,41,-4.7,3.2,0.00,0.00,0.00,1,20,20,0,0,11.2,91,90,15.5,29.9,1,3600.00,1031.1,1016.4
2021-03-06T16:00,7.5,0.00,41,-5.0,3.1,0.00,0.00,0.00,0,0,0,0,0,10.9,86,84,15.2,27.4,1,3600.00,1030.4,1015.7
2021-03-06T17:00,6.8,0.00,44,-4.6,2.7,0.00,0.00,0.00,0,0,0,0,0,9.0,77,74,15.5,25.2,1,3600.00,1029.8,1015.1
2021-03-06T18:00,4.2,0.00,53,-4.6,0.4,0.00,0.00,0.00,0,0,0,0,0,7.4,73,67,18.4,20.2,1,2710.78,1029.6,1014.8
2021-03-06T19:00,2.8,0.00,54,-5.6,-1.5,0.00,0.00,0.00,0,0,0,0,0,9.5,69,61,23.1,20.2,0,0.00,1029.8,1014.9
2021-03-06T20:00,1.9,0.00,54,-6.4,-2.4,0.00,0.00,0.00,0,0,0,0,0,9.7,71,63,23.6,20.9,0,0.00,1029.8,1014.8
2021-03-06T21:00,1.3,0.00,56,-6.6,-3.1,0.00,0.00,0.00,0,0,0,0,0,9.8,75,66,23.5,20.9,0,0.00,1029.9,1014.9
2021-03-06T22:00,0.7,0.00,57,-7.0,-3.8,0.00,0.00,0.00,0,3,3,0,0,10.0,81,75,23.7,21.2,0,0.00,1029.7,1014.7
2021-03-06T23:00,0.3,0.00,57,-7.3,-4.4,0.00,0.00,0.00,1,22,22,0,0,10.9,86,81,24.9,22.7,0,0.00,1029.5,1014.5
2021-03-07T00:00,0.1,0.00,56,-7.6,-4.6,0.00,0.00,0.00,1,29,29,0,0,11.5,88,88,25.9,24.1,0,0.00,1029.1,1014.1
2021-03-07T01:00,0.3,0.00,56,-7.6,-4.5,0.00,0.00,0.00,0,0,0,0,0,11.7,100,101,25.2,23.8,0,0.00,1028.6,1013.6
2021-03-07T02:00,-0.2,0.00,57,-7.6,-5.1,0.00,0.00,0.00,0,0,0,0,0,12.7,106,105,27.0,26.3,0,0.00,1028.2,1013.1
2021-03-07T03:00,-1.0,0.00,60,-7.7,-5.8,0.00,0.00,0.00,0,0,0,0,0,12.3,110,105,26.4,26.3,0,0.00,1027.6,1012.5
2021-03-07T04:00,-1.7,0.00,63,-7.8,-6.4,0.00,0.00,0.00,0,0,0,0,0,11.1,112,103,24.4,25.2,0,0.00,1026.9,1011.8
2021-03-07T05:00,-2.1,0.00,65,-7.8,-6.8,0.00,0.00,0.00,0,0,0,0,0,10.9,108,98,24.2,23.4,0,0.00,1026.5,1011.4
2021-03-07T06:00,-2.5,0.00,67,-7.7,-6.6,0.00,0.00,0.00,0,0,0,0,0,7.3,102,79,19.5,22.7,0,0.00,1026.4,1011.2
2021-03-07T07:00,-3.8,0.00,75,-7.5,-7.7,0.00,0.00,0.00,0,0,0,0,0,5.8,92,60,12.2,15.5,1,0.00,1026.3,1011.1
2021-03-07T08:00,-1.4,0.00,69,-6.3,-5.1,0.00,0.00,0.00,0,0,0,0,0,5.2,96,74,10.1,10.8,1,2008.80,1026.1,1011.0
2021-03-07T09:00,1.3,0.00,61,-5.3,-1.9,0.00,0.00,0.00,0,0,0,0,0,2.5,90,82,4.7,11.2,1,3600.00,1026.0,1011.1
2021-03-07T10:00,3.3,0.00,57,-4.4,0.3,0.00,0.00,0.00,0,0,0,0,0,1.9,76,68,3.0,11.5,1,3600.00,1025.5,1010.7
2021-03-07T11:00,5.2,0.00,55,-3.2,2.4,0.00,0.00,0.00,0,0,0,0,0,1.5,59,45,2.1,12.2,1,3600.00,1024.9,1010.2
2021-03-07T12:00,6.8,0.00,53,-2.2,4.5,0.00,0.00,0.00,0,1,0,0,1,0.0,90,270,0.7,11.9,1,3600.00,1024.2,1009.6
2021-03-07T13:00,7.6,0.00,50,-2.2,5.2,0.00,0.00,0.00,0,5,0,1,0,1.5,256,256,1.5,13.3,1,3600.00,1023.4,1008.8
2021-03-07T14:00,8.3,0.00,50,-1.6,5.6,0.00,0.00,0.00,0,1,0,1,0,3.6,275,276,4.0,15.1,1,3600.00,1022.5,1008.0
2021-03-07T15:00,8.6,0.00,48,-1.7,5.6,0.00,0.00,0.00,0,0,0,0,0,4.3,274,275,5.1,15.1,1,3600.00,1021.7,1007.2
2021-03-07T16:00,8.3,0.00,48,-2.0,4.9,0.00,0.00,0.00,0,0,0,0,0,6.6,290,292,8.4,17.6,1,3600.00,1021.1,1006.6
2021-03-07T17:00,7.3,0.00,52,-2.0,3.8,0.00,0.00,0.00,0,0,0,0,0,6.9,311,309,11.0,18.0,1,3600.00,1020.7,1006.2
2021-03-07T18:00,4.4,0.00,64,-1.9,1.0,0.00,0.00,0.00,0,0,0,0,0,6.4,332,333,16.3,16.2,1,2809.61,1020.7,1006.0
2021-03-07T19:00,2.9,0.00,63,-3.5,-0.8,0.00,0.00,0.00,0,0,0,0,0,7.6,345,355,19.4,15.5,0,0.00,1021.1,1006.3
2021-03-07T20:00,1.8,0.00,66,-3.9,-1.9,0.00,0.00,0.00,0,0,0,0,0,7.4,13,29,17.7,15.8,0,0.00,1021.3,1006.5
2021-03-07T21:00,0.7,0.00,69,-4.3,-3.0,0.00,0.00,0.00,0,0,0,0,0,6.9,21,43,15.8,15.5,0,0.00,1021.4,1006.5
2021-03-07T22:00,-1.1,0.00,75,-5.0,-4.9,0.00,0.00,0.00,0,0,0,0,0,6.5,355,19,13.4,14.0,0,0.00,1021.7,1006.7
2021-03-07T23:00,-1.2,0.00,73,-5.5,-4.9,0.00,0.00,0.00,0,0,0,0,0,6.0,16,17,16.9,13.0,0,0.00,1022.2,1007.2
2021-03-08T00:00,-1.7,0.00,75,-5.5,-5.5,0.00,0.00,0.00,0,0,0,0,0,6.1,38,28,16.9,12.2,0,0.00,1022.5,1007.4
2021-03-08T01:00,-2.3,0.00,82,-5.0,-6.5,0.00,0.00,0.00,0,0,0,0,0,9.7,50,39,15.1,12.2,0,0.00,1022.2,1007.1
2021-03-08T02:00,-2.8,0.00,83,-5.2,-6.5,0.00,0.00,0.00,0,0,0,0,0,6.1,30,3,8.7,14.4,0,0.00,1022.5,1007.4
2021-03-08T03:00,-3.5,0.00,87,-5.3,-7.3,0.00,0.00,0.00,0,0,0,0,0,6.5,23,3,9.0,10.1,0,0.00,1022.2,1007.1
2021-03-08T04:00,-3.7,0.00,88,-5.4,-7.5,0.00,0.00,0.00,0,0,0,0,0,6.4,41,27,10.0,10.1,0,0.00,1022.1,1006.9
2021-03-08T05:00,-2.6,0.00,83,-5.1,-6.1,0.00,0.00,0.00,0,3,0,0,3,4.6,67,51,7.4,10.4,0,0.00,1022.2,1007.1
2021-03-08T06:00,-2.3,0.00,81,-5.0,-5.6,0.00,0.00,0.00,0,1,0,0,1,3.8,72,41,5.7,7.6,0,0.00,1022.5,1007.4
2021-03-08T07:00,-1.9,0.00,79,-5.1,-5.1,0.00,0.00,0.00,0,4,0,2,2,2.2,101,81,3.7,6.8,1,0.00,1022.8,1007.7
2021-03-08T08:00,-1.4,0.00,80,-4.3,-4.3,0.00,0.00,0.00,0,3,0,0,3,1.5,18,346,2.3,5.4,1,2134.59,1023.4,1008.4
2021-03-08T09:00,1.1,0.00,73,-3.2,-1.7,0.00,0.00,0.00,0,19,0,1,19,1.1,342,270,1.1,8.6,1,3600.00,1023.7,1008.8
2021-03-08T10:00,3.3,0.00,68,-2.0,0.7,0.00,0.00,0.00,0,13,0,1,13,1.1,342,288,1.1,10.4,1,3600.00,1023.4,1008.6
2021-03-08T11:00,5.3,0.00,61,-1.6,2.4,0.00,0.00,0.00,2,74,16,1,69,3.4,60,58,5.0,14.0,1,3600.00,1023.0,1008.3
2021-03-08T12:00,7.0,0.00,52,-2.3,3.5,0.00,0.00,0.00,3,81,7,1,80,7.1,75,75,10.0,19.4,1,3600.00,1022.6,1008.0
2021-03-08T13:00,8.1,0.00,46,-2.8,4.4,0.00,0.00,0.00,3,100,38,5,93,8.0,84,82,10.5,23.0,1,3600.00,1022.4,1007.9
2021-03-08T14:00,8.2,0.00,46,-2.8,4.4,0.00,0.00,0.00,3,96,53,20,92,8.6,92,92,11.2,22.7,1,3600.00,1021.7,1007.2
2021-03-08T15:00,8.0,0.00,49,-2.2,4.3,0.00,0.00,0.00,3,89,63,66,71,8.7,83,85,11.6,22.3,1,3600.00,1021.4,1006.9
2021-03-08T16:00,7.8,0.00,49,-2.2,4.1,0.00,0.00,0.00,3,92,5,63,91,8.3,86,88,11.5,21.2,1,3600.00,1021.1,1006.6
2021-03-08T17:00,7.3,0.00,54,-1.3,4.2,0.00,0.00,0.00,3,97,0,64,97,5.2,100,102,9.9,19.4,1,366.87,1020.9,1006.3
2021-03-08T18:00,5.6,0.00,66,-0.3,2.8,0.00,0.00,0.00,3,89,0,87,59,4.2,67,59,10.2,11.5,1,0.00,1021.0,1006.4
2021-03-08T19:00,4.5,0.00,66,-1.2,1.0,0.00,0.00,0.00,2,67,0,45,66,8.2,55,49,17.6,16.2,0,0.00,1021.5,1006.8
2021-03-08T20:00,3.5,0.00,73,-0.9,-0.1,0.00,0.00,0.00,1,43,0,2,43,8.9,64,58,20.0,18.4,0,0.00,1021.8,1007.0
2021-03-08T21:00,1.9,0.00,81,-1.0,-1.7,0.00,0.00,0.00,0,14,0,3,13,8.5,71,62,20.2,18.4,0,0.00,1021.6,1006.8
2021-03-08T22:00,1.0,0.00,86,-1.1,-2.5,0.00,0.00,0.00,0,5,0,3,4,8.1,79,69,19.1,18.0,0,0.00,1021.6,1006.7
2021-03-08T23:00,0.2,0.00,87,-1.7,-3.2,0.00,0.00,0.00,0,3,0,3,3,6.5,89,87,18.0,16.9,0,0.00,1021.6,1006.7
2021-03-09T00:00,-1.3,0.00,89,-3.0,-4.8,0.00,0.00,0.00,2,67,66,3,1,6.4,104,117,13.7,14.0,0,0.00,1021.6,1006.6
2021-03-09T01:00,-1.4,0.00,90,-2.9,-5.2,0.00,0.00,0.00,3,97,97,2,21,8.7,108,95,14.8,11.5,0,0.00,1021.2,1006.2
2021-03-09T02:00,-1.2,0.00,88,-2.9,-4.4,0.00,0.00,0.00,3,98,98,7,20,4.6,99,72,13.1,14.0,0,0.00,1021.0,1006.0
2021-03-09T03:00,-1.5,0.00,89,-3.1,-4.8,0.00,0.00,0.00,3,99,99,26,11,4.6,100,72,12.1,10.1,0,0.00,1020.4,1005.4
2021-03-09T04:00,-1.7,0.00,89,-3.2,-4.9,0.00,0.00,0.00,3,99,99,26,8,4.3,88,66,9.4,9.7,0,0.00,1020.0,1005.0
2021-03-09T05:00,-1.8,0.00,90,-3.2,-5.0,0.00,0.00,0.00,3,100,100,70,9,3.9,63,68,7.2,9.0,0,0.00,1019.9,1004.9
2021-03-09T06:00,-1.3,0.00,91,-2.7,-4.3,0.00,0.00,0.00,3,99,99,98,6,3.3,47,77,6.4,8.6,0,0.00,1019.8,1004.8
2021-03-09T07:00,-0.7,0.00,88,-2.4,-3.7,0.00,0.00,0.00,3,100,99,98,9,3.6,59,96,6.3,7.9,1,0.00,1019.8,1004.8
2021-03-09T08:00,0.5,0.00,85,-1.8,-2.7,0.00,0.00,0.00,3,99,99,97,0,5.4,96,110,6.9,10.4,1,0.00,1020.0,1005.1
2021-03-09T09:00,2.2,0.00,77,-1.3,-0.5,0.00,0.00,0.00,3,99,97,96,0,2.7,107,113,4.9,11.5,1,0.00,1020.1,1005.3
2021-03-09T10:00,3.9,0.00,71,-0.8,1.4,0.00,0.00,0.00,3,99,96,96,2,1.1,101,108,1.8,10.1,1,1368.24,1020.0,1005.3
2021-03-09T11:00,5.2,0.00,67,-0.4,2.8,0.00,0.00,0.00,3,99,96,97,3,1.6,307,297,1.8,10.8,1,3600.00,1020.0,1005.4
2021-03-09T12:00,5.9,0.00,65,-0.2,3.2,0.00,0.00,0.00,3,98,97,56,1,3.4,308,302,4.1,13.7,1,1553.63,1019.7,1005.1
2021-03-09T13:00,6.9,0.00,58,-0.9,4.0,0.00,0.00,0.00,3,98,0,43,12,3.8,228,229,4.8,15.1,1,3600.00,1019.5,1004.9
2021-03-09T14:00,7.5,0.00,54,-1.3,4.1,0.00,0.00,0.00,2,56,39,31,21,6.8,249,252,8.9,20.5,1,3600.00,1018.7,1004.2
2021-03-09T15:00,7.5,0.00,54,-1.2,3.9,0.00,0.00,0.00,3,85,56,40,65,8.8,259,261,11.4,22.3,1,3600.00,1018.3,1003.8
2021-03-09T16:00,7.4,0.00,55,-1.0,3.8,0.00,0.00,0.00,3,89,7,79,76,8.8,252,251,11.7,22.7,1,3600.00,1018.2,1003.7
2021-03-09T17:00,6.8,0.00,59,-0.6,3.7,0.00,0.00,0.00,3,100,0,100,100,6.2,251,249,11.0,21.2,1,1076.44,1018.1,1003.6
2021-03-09T18:00,6.3,0.00,63,-0.1,3.4,0.00,0.00,0.00,3,100,0,97,100,5.0,273,270,11.9,14.4,1,0.00,1018.4,1003.8
2021-03-09T19:00,5.7,0.00,72,1.0,2.4,0.00,0.00,0.00,3,100,0,100,100,8.7,295,294,16.7,18.7,0,0.00,1019.1,1004.5
2021-03-09T20:00,5.0,0.10,81,2.0,2.3,0.10,0.00,0.00,51,56,0,56,16,5.8,284,277,11.9,18.7,0,0.00,1019.3,1004.7
2021-03-09T21:00,3.5,0.30,90,2.0,1.1,0.30,0.00,0.00,51,59,0,51,45,4.1,253,232,10.1,13.0,0,0.00,1019.5,1004.8
2021-03-09T22:00,3.0,0.20,92,1.9,0.3,0.20,0.00,0.00,51,83,0,78,65,5.9,237,218,13.8,11.9,0,0.00,1019.7,1004.9
2021-03-09T23:00,3.1,0.10,94,2.2,0.4,0.10,0.00,0.00,51,83,0,53,77,6.1,231,208,13.8,13.7,0,0.00,1019.9,1005.1
2021-03-10T00:00,2.9,0.20,95,2.2,0.3,0.20,0.00,0.00,51,100,0,55,99,6.0,227,205,13.2,12.6,0,0.00,1019.9,1005.1
2021-03-10T01:00,3.0,0.00,95,2.3,0.5,0.00,0.00,0.00,3,100,0,6,95,5.1,236,219,13.0,13.0,0,0.00,1019.7,1004.9
2021-03-10T02:00,3.8,0.10,95,3.0,1.5,0.10,0.00,0.00,51,46,0,27,38,4.7,238,212,11.0,11.5,0,0.00,1020.0,1005.3
2021-03-10T03:00,3.1,0.00,97,2.6,0.8,0.00,0.00,0.00,1,34,0,14,30,4.6,228,198,10.2,10.1,0,0.00,1019.8,1005.0
2021-03-10T04:00,2.4,0.00,98,2.1,-0.0,0.00,0.00,0.00,1,46,0,15,44,4.6,226,198,11.5,9.4,0,0.00,1019.9,1005.1
2021-03-10T05:00,2.2,0.00,98,1.9,-0.2,0.00,0.00,0.00,3,94,0,77,93,4.4,226,189,10.9,9.4,0,0.00,1020.1,1005.3
2021-03-10T06:00,2.8,0.00,97,2.4,0.2,0.00,0.00,0.00,3,98,0,75,98,6.0,223,197,13.2,13.0,0,0.00,1020.4,1005.6
2021-03-10T07:00,2.9,0.00,97,2.5,0.4,0.00,0.00,0.00,3,100,0,21,100,5.7,241,215,12.7,12.6,1,0.00,1020.5,1005.7
2021-03-10T08:00,3.5,0.00,96,2.9,0.9,0.00,0.00,0.00,2,60,0,2,60,6.4,256,232,11.9,14.4,1,57.90,1021.2,1006.4
2021-03-10T09:00,4.4,0.00,92,3.2,1.9,0.00,0.00,0.00,3,100,100,0,56,6.4,258,254,8.8,16.6,1,2982.21,1021.6,1006.9
2021-03-10T10:00,5.4,0.00,87,3.4,2.8,0.00,0.00,0.00,3,100,100,1,58,7.2,243,243,9.7,18.7,1,3600.00,1021.6,1006.9
2021-03-10T11:00,6.7,0.00,79,3.3,4.0,0.00,0.00,0.00,3,100,100,6,53,7.8,236,236,10.4,20.5,1,3600.00,1021.6,1007.0
2021-03-10T12:00,8.0,0.00,69,2.7,4.9,0.00,0.00,0.00,3,100,100,7,62,9.7,238,239,12.8,24.5,1,3600.00,1021.0,1006.5
2021-03-10T13:00,8.7,0.10,62,1.9,5.0,0.10,0.00,0.00,51,89,100,76,80,12.7,234,235,17.3,24.8,1,3600.00,1020.9,1006.4
2021-03-10T14:00,8.9,0.00,56,0.5,5.2,0.00,0.00,0.00,3,100,100,91,36,11.0,234,232,15.5,28.1,1,0.00,1020.2,1005.7
2021-03-10T15:00,9.6,0.00,49,-0.7,6.0,0.00,0.00,0.00,3,96,58,88,84,9.2,240,239,12.9,25.2,1,462.51,1019.3,1004.9
2021-03-10T16:00,9.8,0.00,49,-0.4,5.9,0.00,0.00,0.00,3,99,60,96,79,11.8,231,230,17.1,26.6,1,3600.00,1018.6,1004.2
2021-03-10T17:00,9.3,0.00,53,0.3,6.3,0.00,0.00,0.00,3,100,100,93,71,6.2,220,216,12.3,26.6,1,0.00,1018.3,1003.9
2021-03-10T18:00,7.9,0.00,59,0.3,4.5,0.00,0.00,0.00,3,100,99,98,29,8.7,176,163,19.1,17.3,1,0.00,1017.9,1003.4
2021-03-10T19:00,7.0,0.00,64,0.7,3.9,0.00,0.00,0.00,3,100,100,97,1,7.8,178,158,18.4,20.5,0,0.00,1017.5,1003.0
2021-03-10T20:00,6.0,0.00,69,0.6,2.8,0.00,0.00,0.00,3,100,100,98,13,7.6,167,135,17.4,16.6,0,0.00,1017.2,1002.6
2021-03-10T21:00,6.4,0.00,65,0.3,3.0,0.00,0.00,0.00,3,100,100,100,15,9.2,164,135,19.1,18.4,0,0.00,1016.6,1002.1
2021-03-10T22:00,6.7,0.00,62,-0.1,2.8,0.00,0.00,0.00,3,100,100,100,0,12.1,156,143,24.8,24.8,0,0.00,1015.8,1001.3
2021-03-10T23:00,6.6,0.00,63,-0.0,2.8,0.00,0.00,0.00,3,100,100,99,0,10.9,177,163,22.7,25.6,0,0.00,1015.0,1000.5
2021-03-11T00:00,6.4,0.10,64,0.1,2.8,0.10,0.00,0.00,51,100,99,100,0,10.1,203,182,21.5,23.8,0,0.00,1014.6,1000.1
2021-03-11T01:00,7.0,0.10,64,0.8,3.0,0.10,0.00,0.00,51,100,100,100,7,13.9,220,211,27.1,25.6,0,0.00,1013.6,999.1
2021-03-11T02:00,6.8,0.40,73,2.2,2.7,0.40,0.00,0.00,51,100,98,99,72,16.0,211,203,28.9,35.3,0,0.00,1013.0,998.5
2021-03-11T03:00,6.8,0.10,72,2.1,2.9,0.10,0.00,0.00,51,100,98,100,18,14.4,194,183,26.4,34.6,0,0.00,1011.3,996.9
2021-03-11T04:00,6.7,0.30,75,2.5,3.0,0.30,0.00,0.00,51,100,100,100,100,13.1,200,189,25.7,31.0,0,0.00,1010.0,995.6
2021-03-11T05:00,7.0,0.00,69,1.7,3.1,0.00,0.00,0.00,3,100,100,100,100,13.8,217,208,27.0,30.2,0,0.00,1009.6,995.2
2021-03-11T06:00,7.8,0.00,61,0.8,3.2,0.00,0.00,0.00,3,100,100,92,87,17.7,224,219,32.6,38.2,0,0.00,1008.9,994.5
2021-03-11T07:00,8.7,0.00,56,0.3,3.2,0.00,0.00,0.00,3,100,100,26,91,23.2,231,229,39.9,50.0,1,0.00,1008.5,994.2
2021-03-11T08:00,9.2,0.00,55,0.7,4.0,0.00,0.00,0.00,3,100,100,23,51,22.1,228,226,38.0,51.1,1,0.00,1008.4,994.1
2021-03-11T09:00,10.3,0.00,54,1.3,5.2,0.00,0.00,0.00,3,100,100,100,77,21.5,221,218,37.0,48.6,1,0.00,1007.6,993.4
2021-03-11T10:00,10.9,0.00,56,2.4,5.9,0.00,0.00,0.00,3,99,96,94,82,22.7,225,222,38.9,50.8,1,0.00,1007.1,992.9
2021-03-11T11:00,11.6,0.00,59,3.8,6.1,0.00,0.00,0.00,3,100,98,97,92,27.8,226,223,44.8,59.4,1,0.00,1006.6,992.5
2021-03-11T12:00,11.3,0.20,67,5.5,5.7,0.20,0.00,0.00,51,100,88,100,16,30.3,225,224,49.6,66.6,1,0.00,1006.1,992.0
2021-03-11T13:00,11.0,0.30,84,8.3,6.5,0.30,0.00,0.00,51,98,0,89,66,27.2,228,227,45.9,66.2,1,0.00,1005.4,991.3
2021-03-11T14:00,11.4,0.60,84,8.8,6.8,0.60,0.00,0.00,53,100,1,95,100,29.5,233,231,47.8,64.4,1,52.32,1005.1,991.0
2021-03-11T15:00,11.1,0.50,86,8.8,7.1,0.50,0.00,0.00,53,92,0,82,85,25.6,232,231,42.1,69.1,1,0.00,1004.4,990.3
2021-03-11T16:00,11.4,0.20,84,8.8,6.9,0.20,0.00,0.00,51,85,0,84,17,29.0,236,235,46.7,74.2,1,1323.83,1004.1,990.0
2021-03-11T17:00,11.1,0.10,80,7.7,6.7,0.10,0.00,0.00,51,32,0,24,25,26.5,240,239,43.5,75.2,1,1086.78,1004.2,990.1
2021-03-11T18:00,10.2,0.50,81,7.0,5.6,0.50,0.00,0.00,53,90,0,87,33,25.6,246,246,43.0,71.3,1,3199.44,1004.7,990.5
2021-03-11T19:00,9.6,0.60,82,6.8,5.6,0.60,0.00,0.00,53,98,1,98,17,21.9,249,247,37.8,68.8,0,0.00,1005.4,991.2
2021-03-11T20:00,9.0,0.30,84,6.5,5.1,0.30,0.00,0.00,51,100,7,100,7,20.5,244,242,35.3,62.6,0,0.00,1006.0,991.7
2021-03-11T21:00,8.4,0.10,87,6.3,4.7,0.10,0.00,0.00,51,98,16,97,15,18.7,236,232,32.7,45.4,0,0.00,1006.2,991.9
2021-03-11T22:00,8.2,0.00,84,5.6,4.1,0.00,0.00,0.00,3,98,30,98,22,20.4,240,238,35.0,43.9,0,0.00,1007.0,992.7
2021-03-11T23:00,7.7,0.60,87,5.6,3.5,0.60,0.00,0.00,53,74,24,68,23,21.3,242,242,35.9,55.8,0,0.00,1007.8,993.5
2021-03-12T00:00,6.9,1.50,87,4.9,2.2,1.50,0.00,0.00,61,69,15,57,46,23.2,242,242,38.8,57.2,0,0.00,1008.5,994.1
2021-03-12T01:00,6.5,0.40,85,4.2,1.7,0.40,0.00,0.00,51,71,12,100,38,23.4,248,247,39.2,66.6,0,0.00,1009.7,995.3
2021-03-12T02:00,6.4,0.10,82,3.6,1.4,0.10,0.00,0.00,51,46,0,23,37,24.2,247,245,40.2,67.3,0,0.00,1010.4,996.0
2021-03-12T03:00,5.7,0.00,82,3.0,0.7,0.00,0.00,0.00,1,35,0,0,35,22.9,251,248,38.9,52.9,0,0.00,1011.0,996.5
2021-03-12T04:00,5.5,0.00,82,2.6,0.9,0.00,0.00,0.00,1,33,0,0,33,19.5,248,245,33.4,50.0,0,0.00,1011.7,997.2
2021-03-12T05:00,5.3,0.10,83,2.6,0.8,0.10,0.00,0.00,51,91,36,11,86,19.2,241,240,33.2,42.5,0,0.00,1012.6,998.1
2021-03-12T06:00,5.3,0.10,84,2.7,0.8,0.10,0.00,0.00,51,83,0,17,82,19.2,238,236,32.9,53.3,0,0.00,1013.4,998.9
2021-03-12T07:00,5.2,0.20,84,2.7,0.7,0.20,0.00,0.00,51,64,0,13,63,19.5,241,240,32.9,43.6,1,0.00,1013.6,999.0
2021-03-12T08:00,5.4,0.00,82,2.7,0.8,0.00,0.00,0.00,1,46,0,11,46,20.0,241,240,32.6,42.5,1,2149.56,1014.1,999.6
2021-03-12T09:00,6.4,0.10,77,2.6,1.7,0.10,0.00,0.00,51,18,0,11,16,20.7,240,239,32.1,44.3,1,3600.00,1014.1,999.6
2021-03-12T10:00,7.4,0.00,67,1.6,2.2,0.00,0.00,0.00,2,50,21,31,21,22.6,246,245,33.0,50.4,1,3600.00,1014.1,999.7
2021-03-12T11:00,8.0,0.00,59,0.6,2.8,0.00,0.00,0.00,1,41,7,27,27,21.9,243,243,31.9,49.7,1,3600.00,1013.9,999.5
2021-03-12T12:00,8.9,0.00,53,-0.2,2.9,0.00,0.00,0.00,2,51,0,26,47,25.9,245,245,37.4,56.9,1,3600.00,1013.2,998.8
2021-03-12T13:00,8.1,0.10,72,3.4,3.3,0.10,0.00,0.00,51,65,0,51,63,22.3,233,232,33.4,57.6,1,3600.00,1013.4,999.0
2021-03-12T14:00,9.1,0.00,67,3.3,4.3,0.00,0.00,0.00,1,39,0,22,28,22.3,233,232,32.9,64.4,1,3600.00,1012.7,998.4
2021-03-12T15:00,10.3,0.00,62,3.4,5.7,0.00,0.00,0.00,1,36,8,21,22,20.9,226,226,30.6,67.7,1,3600.00,1011.7,997.4
2021-03-12T16:00,8.0,1.00,78,4.4,3.4,1.00,0.00,0.00,55,89,81,75,19,22.1,226,224,35.9,64.4,1,3600.00,1011.6,997.2
2021-03-12T17:00,8.4,0.00,73,3.8,4.0,0.00,0.00,0.00,3,98,97,82,19,19.9,225,222,33.3,47.2,1,2766.01,1010.6,996.3
2021-03-12T18:00,8.4,0.00,68,2.8,3.9,0.00,0.00,0.00,3,95,82,91,16,19.4,225,223,33.9,44.3,1,0.00,1009.8,995.5
2021-03-12T19:00,8.6,0.00,62,1.8,3.6,0.00,0.00,0.00,3,99,97,93,10,21.9,231,229,38.1,48.2,0,0.00,1009.7,995.4
2021-03-12T20:00,8.2,0.00,63,1.6,3.2,0.00,0.00,0.00,3,100,99,96,20,21.9,225,222,37.7,48.6,0,0.00,1009.3,995.0
2021-03-12T21:00,7.1,0.50,77,3.3,1.8,0.50,0.00,0.00,53,100,83,99,60,25.3,232,230,42.6,69.8,0,0.00,1009.7,995.3
2021-03-12T22:00,6.1,1.50,89,4.5,0.8,1.50,0.00,0.00,61,100,93,99,100,27.1,236,234,44.8,76.0,0,0.00,1010.2,995.7
2021-03-12T23:00,5.6,0.50,90,4.2,1.1,0.50,0.00,0.00,53,100,85,100,88,21.6,229,226,35.7,58.7,0,0.00,1010.5,996.0
2021-03-13T00:00,5.2,0.70,94,4.3,1.0,0.70,0.00,0.00,53,100,90,98,95,19.4,224,220,32.8,46.8,0,0.00,1010.2,995.7
2021-03-13T01:00,5.5,1.80,90,4.0,0.9,1.80,0.00,0.00,61,100,94,100,85,22.2,224,220,37.2,43.2,0,0.00,1010.4,995.9
2021-03-13T02:00,5.7,0.70,90,4.3,1.4,0.70,0.00,0.00,53,97,48,91,81,20.2,218,215,34.4,48.2,0,0.00,1009.7,995.2
2021-03-13T03:00,6.0,0.60,91,4.7,1.6,0.60,0.00,0.00,53,100,92,100,100,21.2,222,220,35.9,55.1,0,0.00,1008.8,994.4
2021-03-13T04:00,6.1,1.00,91,4.8,1.7,1.00,0.00,0.00,55,100,98,95,100,21.8,221,219,37.5,46.8,0,0.00,1007.6,993.2
2021-03-13T05:00,6.7,0.40,88,4.8,1.5,0.40,0.00,0.00,51,100,98,99,83,26.5,224,222,44.0,57.6,0,0.00,1007.2,992.8
2021-03-13T06:00,6.4,0.20,90,4.9,1.6,0.20,0.00,0.00,51,100,98,91,100,24.0,219,216,40.5,57.6,0,0.00,1006.4,992.0
2021-03-13T07:00,6.7,0.10,87,4.6,1.8,0.10,0.00,0.00,51,100,98,42,86,24.6,215,212,41.3,54.7,1,0.00,1005.6,991.2
2021-03-13T08:00,7.0,0.00,83,4.3,1.8,0.00,0.00,0.00,3,100,99,7,92,25.8,212,208,42.5,56.2,1,0.00,1004.7,990.4
2021-03-13T09:00,7.7,0.00,78,4.0,2.1,0.00,0.00,0.00,3,99,97,43,97,28.3,217,214,46.2,61.2,1,0.00,1004.0,989.7
2021-03-13T10:00,8.7,0.10,70,3.6,2.6,0.10,0.00,0.00,51,99,98,91,15,31.0,218,216,50.8,69.1,1,0.00,1002.9,988.7
2021-03-13T11:00,9.4,0.10,67,3.6,3.2,0.10,0.00,0.00,51,100,94,100,72,31.8,216,215,51.5,75.2,1,0.00,1002.0,987.8
2021-03-13T12:00,9.6,0.30,66,3.6,3.1,0.30,0.00,0.00,51,100,91,100,84,34.1,223,222,54.5,83.9,1,0.00,1001.7,987.5
2021-03-13T13:00,8.3,1.10,83,5.6,2.2,1.10,0.00,0.00,55,100,96,99,100,34.0,251,252,54.4,75.6,1,0.00,1002.9,988.7
2021-03-13T14:00,7.4,2.20,90,5.8,2.2,2.20,0.00,0.00,61,100,93,99,29,28.3,246,244,45.8,89.6,1,0.00,1003.1,988.8
2021-03-13T15:00,7.0,1.00,84,4.4,1.4,1.00,0.00,0.00,55,100,97,99,37,29.5,233,232,47.3,73.8,1,0.00,1003.2,988.9
2021-03-13T16:00,7.3,0.20,84,4.7,1.6,0.20,0.00,0.00,51,89,15,88,17,30.1,229,228,47.7,75.6,1,1670.17,1003.4,989.1
2021-03-13T17:00,7.3,0.20,82,4.5,2.2,0.20,0.00,0.00,51,100,21,100,35,25.5,227,225,41.3,72.7,1,3194.44,1003.6,989.3
2021-03-13T18:00,6.7,0.20,85,4.4,2.1,0.20,0.00,0.00,51,100,33,100,100,22.0,232,232,36.4,69.8,1,0.00,1004.0,989.7
2021-03-13T19:00,6.4,0.60,86,4.2,1.6,0.60,0.00,0.00,53,100,76,98,59,23.2,238,237,38.2,69.8,0,0.00,1004.4,990.0
2021-03-13T20:00,6.1,0.70,87,4.0,1.3,0.70,0.00,0.00,53,100,29,100,58,23.0,238,238,37.6,61.6,0,0.00,1004.5,990.1
2021-03-13T21:00,5.6,0.20,92,4.4,1.3,0.20,0.00,0.00,51,100,5,100,39,20.6,225,223,34.9,58.0,0,0.00,1004.4,990.0
2021-03-13T22:00,4.9,0.10,93,3.8,0.6,0.10,0.00,0.00,51,100,94,100,98,19.1,224,221,32.3,44.3,0,0.00,1004.4,990.0
2021-03-13T23:00,4.6,0.10,94,3.8,0.7,0.10,0.00,0.00,51,100,99,100,64,16.8,228,225,29.1,41.0,0,0.00,1004.6,990.1
2021-03-14T00:00,4.8,0.20,94,4.0,0.9,0.20,0.00,0.00,51,100,100,100,95,17.2,237,237,29.4,40.3,0,0.00,1004.4,990.0
2021-03-14T01:00,4.5,0.90,85,2.2,0.3,0.90,0.00,0.00,53,100,91,98,72,16.6,241,243,28.4,42.8,0,0.00,1005.4,990.9
2021-03-14T02:00,4.3,0.30,87,2.2,0.2,0.30,0.00,0.00,51,99,90,98,83,16.1,245,246,27.1,37.8,0,0.00,1006.2,991.7
2021-03-14T03:00,3.9,0.50,87,2.0,-0.3,0.50,0.00,0.00,53,100,96,100,71,16.3,250,252,27.6,38.5,0,0.00,1006.5,992.0
2021-03-14T04:00,3.8,0.40,90,2.3,-0.2,0.40,0.00,0.00,51,100,95,100,100,15.5,254,252,26.9,34.6,0,0.00,1007.0,992.5
2021-03-14T05:00,3.5,0.70,92,2.3,-0.5,0.70,0.00,0.00,53,100,89,100,100,15.4,262,259,26.2,39.6,0,0.00,1007.9,993.3
2021-03-14T06:00,3.2,0.90,91,1.8,-0.7,0.80,0.00,0.07,71,100,91,97,100,14.4,268,267,25.2,39.6,0,0.00,1009.3,994.7
2021-03-14T07:00,3.3,0.10,88,1.4,-1.1,0.10,0.00,0.00,51,80,5,76,36,17.0,255,253,28.4,36.4,1,0.00,1010.5,995.9
2021-03-14T08:00,3.2,0.00,88,1.4,-1.0,0.00,0.00,0.00,2,78,0,1,78,15.6,246,244,26.0,36.0,1,978.58,1011.6,997.0
2021-03-14T09:00,3.8,0.10,85,1.5,-1.2,0.10,0.00,0.00,51,31,1,22,28,20.8,251,252,30.9,44.6,1,3600.00,1012.3,997.7
2021-03-14T10:00,4.8,0.20,77,1.1,-0.2,0.20,0.00,0.00,51,34,0,27,28,20.8,256,256,30.5,46.8,1,3600.00,1012.6,998.0
2021-03-14T11:00,5.7,0.20,73,1.2,0.9,0.20,0.00,0.00,51,96,83,89,68,19.7,254,252,28.1,47.9,1,3600.00,1012.8,998.3
2021-03-14T12:00,5.9,0.20,79,2.6,1.7,0.20,0.00,0.00,51,100,97,96,93,17.3,240,239,25.0,48.2,1,3168.61,1012.9,998.4
2021-03-14T13:00,5.6,0.30,75,1.6,1.3,0.30,0.00,0.00,51,99,85,95,62,16.5,252,254,23.8,41.8,1,0.00,1013.8,999.3
2021-03-14T14:00,4.8,1.00,89,3.1,1.0,1.00,0.00,0.00,55,98,86,97,28,15.0,245,243,21.9,38.9,1,0.00,1013.7,999.1
2021-03-14T15:00,4.8,0.60,91,3.5,1.4,0.60,0.00,0.00,53,92,68,50,77,12.8,252,248,18.6,35.3,1,824.24,1013.6,999.0
2021-03-14T16:00,5.9,0.40,79,2.5,2.1,0.40,0.00,0.00,51,65,26,52,41,14.4,273,271,20.9,32.4,1,3600.00,1013.6,999.1
2021-03-14T17:00,6.6,0.20,75,2.4,3.5,0.20,0.00,0.00,51,60,36,43,30,9.1,284,279,15.2,34.9,1,3600.00,1013.5,999.0
2021-03-14T18:00,5.6,0.00,80,2.5,2.7,0.00,0.00,0.00,1,29,0,24,18,8.2,288,285,17.8,20.9,1,3488.56,1013.8,999.3
2021-03-14T19:00,4.0,0.00,86,1.9,1.1,0.00,0.00,0.00,1,35,0,23,27,7.1,266,255,19.1,24.5,0,0.00,1014.7,1000.1
2021-03-14T20:00,3.8,0.30,89,2.2,0.7,0.30,0.00,0.00,51,50,0,39,37,9.2,253,244,21.9,23.8,0,0.00,1015.3,1000.6
2021-03-14T21:00,3.8,0.50,90,2.3,0.5,0.50,0.00,0.00,53,74,22,35,58,10.2,259,252,22.0,23.4,0,0.00,1015.6,1000.9
2021-03-14T22:00,3.5,0.10,90,2.0,0.4,0.10,0.00,0.00,51,93,89,14,41,8.7,263,253,20.0,22.7,0,0.00,1015.8,1001.1
2021-03-14T23:00,3.1,0.10,92,1.9,0.2,0.10,0.00,0.00,51,95,93,26,20,7.1,262,246,18.2,19.4,0,0.00,1016.0,1001.3
2021-03-15T00:00,2.5,0.40,91,1.2,-0.4,0.40,0.00,0.00,51,43,17,29,25,6.4,253,232,17.7,16.9,0,0.00,1015.6,1000.9
2021-03-15T01:00,3.1,0.50,93,2.1,0.4,0.50,0.00,0.00,53,76,78,56,29,6.4,243,218,16.9,15.5,0,0.00,1015.6,1000.9
2021-03-15T02:00,3.1,0.80,93,2.1,0.3,0.80,0.00,0.00,53,59,0,49,34,7.2,231,207,16.6,19.1,0,0.00,1015.2,1000.5
2021-03-15T03:00,2.9,0.50,92,1.8,-0.3,0.50,0.00,0.00,53,73,48,57,25,9.0,227,209,19.6,19.8,0,0.00,1014.4,999.7
2021-03-15T04:00,3.0,0.00,94,2.2,-0.6,0.00,0.00,0.00,3,100,77,100,40,12.7,223,215,24.7,26.3,0,0.00,1013.5,998.8
2021-03-15T05:00,3.2,0.40,95,2.5,-1.0,0.40,0.00,0.00,51,100,92,99,84,16.6,227,222,29.5,36.0,0,0.00,1012.9,998.3
2021-03-15T06:00,2.9,2.70,97,2.5,-1.4,1.70,0.00,0.70,73,100,51,99,100,17.6,214,211,29.6,39.2,0,0.00,1012.2,997.5
2021-03-15T07:00,3.0,2.80,96,2.5,-1.5,1.60,0.00,0.84,75,100,0,92,100,19.1,227,224,32.1,50.4,1,0.00,1011.4,996.8
2021-03-15T08:00,3.2,1.10,95,2.5,-1.2,0.90,0.00,0.14,71,100,0,82,100,18.8,234,234,31.5,41.4,1,0.00,1011.2,996.6
2021-03-15T09:00,3.8,0.50,95,3.1,-0.3,0.50,0.00,0.00,53,100,15,76,100,17.4,249,246,28.1,40.7,1,0.00,1011.5,996.9
2021-03-15T10:00,5.3,0.10,88,3.6,1.3,0.10,0.00,0.00,51,100,2,50,100,17.0,267,264,26.7,40.0,1,608.00,1011.9,997.4
2021-03-15T11:00,6.4,0.10,88,4.5,3.2,0.10,0.00,0.00,51,96,1,49,96,12.4,294,287,20.1,37.1,1,636.67,1012.2,997.7
2021-03-15T12:00,5.7,1.30,88,3.8,2.0,1.30,0.00,0.00,61,77,11,61,56,15.3,314,311,22.7,38.2,1,1615.07,1012.8,998.3
2021-03-15T13:00,7.8,0.10,81,4.7,4.2,0.10,0.00,0.00,51,55,37,20,43,16.1,315,312,22.9,41.8,1,3600.00,1013.0,998.6
2021-03-15T14:00,8.1,0.10,60,0.8,3.2,0.10,0.00,0.00,51,34,2,28,19,19.8,324,323,28.6,46.4,1,3600.00,1013.2,998.8
2021-03-15T15:00,8.7,0.00,55,0.2,3.8,0.00,0.00,0.00,1,27,0,24,9,19.1,319,317,27.3,45.4,1,3600.00,1013.3,998.9
2021-03-15T16:00,8.8,0.10,58,1.1,4.1,0.10,0.00,0.00,51,21,0,16,12,18.8,315,313,27.5,51.5,1,3600.00,1013.6,999.2
2021-03-15T17:00,7.3,0.20,71,2.4,3.3,0.20,0.00,0.00,51,56,0,48,25,15.0,320,318,24.8,51.5,1,3600.00,1014.5,1000.0
2021-03-15T18:00,6.7,0.00,71,1.8,2.9,0.00,0.00,0.00,1,25,0,24,11,13.5,314,312,25.2,32.4,1,3584.29,1015.1,1000.6
2021-03-15T19:00,5.6,0.00,74,1.3,1.6,0.00,0.00,0.00,1,36,0,28,26,14.1,313,310,26.5,31.0,0,0.00,1016.4,1001.8
2021-03-15T20:00,5.0,0.10,79,1.6,1.3,0.10,0.00,0.00,51,60,0,51,34,12.5,307,303,24.9,30.6,0,0.00,1017.0,1002.4
2021-03-15T21:00,4.7,0.10,80,1.6,1.0,0.10,0.00,0.00,51,61,0,30,58,13.0,307,304,24.9,28.8,0,0.00,1017.6,1003.0
2021-03-15T22:00,4.5,0.10,83,1.8,0.7,0.10,0.00,0.00,51,46,0,21,43,13.1,307,302,24.7,29.5,0,0.00,1018.2,1003.5
2021-03-15T23:00,4.2,0.00,83,1.6,0.5,0.00,0.00,0.00,2,53,0,7,53,12.5,310,303,24.3,28.8,0,0.00,1018.6,1003.9
2021-03-16T00:00,3.8,0.00,86,1.7,0.2,0.00,0.00,0.00,1,48,0,5,48,12.4,313,306,24.5,28.1,0,0.00,1019.2,1004.5
2021-03-16T01:00,3.7,0.10,84,1.2,-0.3,0.10,0.00,0.00,51,70,0,24,35,13.5,302,299,25.9,27.7,0,0.00,1019.9,1005.2
2021-03-16T02:00,3.5,0.10,87,1.5,-0.1,0.10,0.00,0.00,51,48,0,42,27,11.8,299,293,23.4,29.2,0,0.00,1020.3,1005.6
2021-03-16T03:00,3.5,0.20,88,1.8,-0.2,0.20,0.00,0.00,51,56,3,38,50,13.0,298,294,25.0,27.7,0,0.00,1020.7,1006.0
2021-03-16T04:00,3.6,0.10,89,2.0,-0.2,0.10,0.00,0.00,51,86,0,53,84,13.4,298,294,25.0,29.5,0,0.00,1020.8,1006.1
2021-03-16T05:00,3.9,0.10,89,2.2,-0.1,0.10,0.00,0.00,51,71,0,19,69,15.0,304,300,26.2,31.7,0,0.00,1021.4,1006.7
2021-03-16T06:00,3.6,0.30,90,2.2,-0.4,0.30,0.00,0.00,51,62,0,22,59,15.7,310,307,27.1,33.1,0,0.00,1021.9,1007.1
2021-03-16T07:00,3.4,0.10,91,2.1,-0.6,0.10,0.00,0.00,51,58,0,19,57,15.3,311,309,26.3,33.1,1,0.00,1022.8,1008.0
2021-03-16T08:00,4.0,0.10,89,2.4,0.1,0.10,0.00,0.00,51,73,0,17,70,14.9,309,307,25.1,33.5,1,2764.01,1023.3,1008.5
2021-03-16T09:00,4.8,0.10,88,3.0,1.0,0.10,0.00,0.00,51,87,0,17,87,14.3,300,298,22.1,33.8,1,3600.00,1023.9,1009.2
2021-03-16T10:00,5.3,0.10,88,3.5,1.5,0.10,0.00,0.00,51,95,0,30,95,15.0,303,300,21.9,34.6,1,3600.00,1024.2,1009.5
2021-03-16T11:00,6.6,0.10,80,3.4,3.0,0.10,0.00,0.00,51,56,0,25,53,13.6,309,307,19.5,37.8,1,3600.00,1024.2,1009.6
2021-03-16T12:00,7.3,0.10,73,2.8,3.6,0.10,0.00,0.00,51,54,0,25,50,14.1,309,308,19.5,42.1,1,3600.00,1024.0,1009.4
2021-03-16T13:00,7.2,0.10,69,1.8,3.9,0.10,0.00,0.00,51,51,3,78,79,9.7,273,272,13.3,41.8,1,3600.00,1024.5,1009.9
2021-03-16T14:00,6.2,0.30,71,1.3,2.6,0.30,0.00,0.00,51,81,63,46,29,11.9,271,273,16.9,31.0,1,2090.28,1024.0,1009.3
2021-03-16T15:00,7.7,0.20,58,-0.2,3.5,0.20,0.00,0.00,51,91,77,56,50,14.0,282,282,19.5,30.6,1,3600.00,1023.6,1009.0
2021-03-16T16:00,6.8,0.20,69,1.5,2.6,0.20,0.00,0.00,51,97,88,78,31,15.8,293,291,23.1,37.1,1,3600.00,1023.6,1009.0
2021-03-16T17:00,6.5,0.10,77,2.8,3.5,0.10,0.00,0.00,51,97,96,33,18,8.7,283,277,14.4,34.6,1,872.92,1023.2,1008.6
2021-03-16T18:00,5.2,0.40,84,2.8,1.5,0.40,0.00,0.00,51,96,90,56,33,14.2,306,306,24.0,28.8,1,2914.82,1023.3,1008.6
2021-03-16T19:00,4.3,0.30,91,2.9,1.9,0.30,0.00,0.00,51,98,93,73,23,5.4,310,312,15.1,29.2,0,0.00,1023.4,1008.7
2021-03-16T20:00,4.3,0.10,91,3.0,2.0,0.10,0.00,0.00,51,99,97,79,60,4.8,300,283,13.7,14.4,0,0.00,1023.5,1008.8
2021-03-16T21:00,4.2,0.20,93,3.2,1.9,0.20,0.00,0.00,51,88,74,81,52,4.9,302,287,12.8,13.7,0,0.00,1023.5,1008.8
2021-03-16T22:00,3.9,0.20,95,3.1,1.9,0.20,0.00,0.00,51,100,84,99,85,2.9,292,263,8.6,11.9,0,0.00,1023.3,1008.5
2021-03-16T23:00,3.8,0.10,95,3.1,1.8,0.10,0.00,0.00,51,100,88,100,97,2.7,275,247,7.6,7.2,0,0.00,1023.3,1008.5
2021-03-17T00:00,3.8,0.10,96,3.2,1.8,0.10,0.00,0.00,51,97,44,94,86,2.6,276,236,6.9,6.5,0,0.00,1023.1,1008.3
2021-03-17T01:00,3.5,0.00,97,3.0,1.2,0.00,0.00,0.00,2,67,0,23,28,5.0,283,240,7.8,5.4,0,0.00,1022.9,1008.1
2021-03-17T02:00,3.0,0.00,97,2.5,0.6,0.00,0.00,0.00,1,25,0,4,25,4.5,273,241,6.5,7.9,0,0.00,1022.6,1007.8
2021-03-17T03:00,3.5,0.00,96,2.9,1.3,0.00,0.00,0.00,1,48,0,24,44,3.3,291,276,6.2,7.2,0,0.00,1022.5,1007.7
2021-03-17T04:00,2.2,0.00,98,1.9,-0.2,0.00,0.00,0.00,3,93,0,90,56,4.0,334,350,9.2,8.6,0,0.00,1022.6,1007.8
2021-03-17T05:00,2.5,0.10,97,2.0,-0.1,0.10,0.00,0.00,51,100,0,100,100,5.8,356,360,14.1,12.2,0,0.00,1022.8,1008.0
2021-03-17T06:00,3.2,0.20,94,2.4,0.6,0.20,0.00,0.00,51,100,0,100,87,6.2,353,350,13.8,14.0,0,0.00,1023.0,1008.2
2021-03-17T07:00,3.1,0.10,95,2.4,0.5,0.10,0.00,0.00,51,74,0,71,50,6.0,342,335,12.9,13.3,1,0.00,1023.3,1008.5
2021-03-17T08:00,3.5,0.00,94,2.7,0.8,0.00,0.00,0.00,2,55,0,37,51,7.1,341,330,13.0,15.5,1,2045.78,1023.8,1009.0
2021-03-17T09:00,4.5,0.00,85,2.1,1.6,0.00,0.00,0.00,3,92,0,89,88,7.2,345,342,10.0,25.2,1,3600.00,1024.0,1009.3
2021-03-17T10:00,4.3,0.20,81,1.4,1.7,0.20,0.00,0.00,51,97,0,96,87,4.9,351,343,6.6,23.8,1,611.05,1023.9,1009.2
2021-03-17T11:00,4.3,0.10,81,1.4,1.8,0.10,0.00,0.00,51,100,0,100,100,4.2,340,340,5.4,13.7,1,0.00,1024.1,1009.3
2021-03-17T12:00,3.9,0.40,86,1.7,1.7,0.40,0.00,0.00,51,100,0,100,96,2.4,36,27,3.1,13.0,1,0.00,1023.9,1009.1
2021-03-17T13:00,5.6,0.80,83,2.9,1.7,0.80,0.00,0.00,53,100,0,36,62,15.5,289,288,22.4,9.4,1,0.00,1023.2,1008.5
2021-03-17T14:00,4.6,0.40,83,1.9,0.5,0.40,0.00,0.00,51,82,0,60,75,15.8,15,12,24.3,39.2,1,2545.81,1023.3,1008.6
2021-03-17T15:00,5.3,0.00,72,0.7,1.8,0.00,0.00,0.00,1,44,0,38,19,10.4,16,14,14.6,36.0,1,3600.00,1023.1,1008.4
2021-03-17T16:00,5.9,0.00,64,-0.4,2.0,0.00,0.00,0.00,1,48,0,36,45,11.2,7,6,15.6,25.6,1,3600.00,1023.1,1008.4
2021-03-17T17:00,5.4,0.00,66,-0.5,1.4,0.00,0.00,0.00,2,62,0,35,57,11.9,15,14,17.1,29.5,1,3600.00,1023.4,1008.7
2021-03-17T18:00,4.6,0.00,69,-0.7,1.2,0.00,0.00,0.00,2,62,0,36,62,8.0,19,18,15.3,26.3,1,3335.43,1023.8,1009.1
2021-03-17T19:00,3.2,0.10,76,-0.6,0.0,0.10,0.00,0.00,51,44,0,39,35,6.5,4,357,15.5,18.0,0,0.00,1024.5,1009.7
2021-03-17T20:00,2.6,0.10,78,-0.9,-0.9,0.10,0.00,0.00,51,60,0,49,56,7.9,11,360,18.7,17.6,0,0.00,1025.2,1010.3
2021-03-17T21:00,2.6,0.00,74,-1.6,-1.0,0.00,0.00,0.00,3,85,0,77,82,8.8,17,12,19.6,19.1,0,0.00,1025.3,1010.4
2021-03-17T22:00,2.0,0.00,73,-2.4,-1.8,0.00,0.00,0.00,1,31,0,29,22,8.6,18,15,20.5,19.1,0,0.00,1025.4,1010.5
2021-03-17T23:00,0.9,0.00,75,-3.0,-2.9,0.00,0.00,0.00,1,27,0,26,10,8.2,20,15,20.7,18.7,0,0.00,1026.0,1011.0
2021-03-18T00:00,0.2,0.00,77,-3.3,-3.6,0.00,0.00,0.00,1,25,0,17,24,8.2,20,15,20.3,18.4,0,0.00,1026.3,1011.3
2021-03-18T01:00,0.6,0.00,80,-2.5,-2.7,0.00,0.00,0.00,0,13,1,40,22,5.7,47,35,11.7,17.3,0,0.00,1026.2,1011.2
2021-03-18T02:00,-0.4,0.00,83,-2.9,-3.7,0.00,0.00,0.00,2,61,46,38,19,5.0,34,21,9.6,11.5,0,0.00,1026.0,1011.0
2021-03-18T03:00,-0.5,0.00,84,-2.9,-3.7,0.00,0.00,0.00,1,40,0,38,17,4.6,35,39,7.5,8.6,0,0.00,1025.7,1010.7
2021-03-18T04:00,-1.5,0.00,84,-3.9,-5.0,0.00,0.00,0.00,1,20,0,18,16,5.2,4,25,5.4,9.0,0,0.00,1025.7,1010.6
2021-03-18T05:00,-2.9,0.00,87,-4.7,-6.5,0.00,0.00,0.00,0,18,0,9,16,6.1,332,3,8.5,9.4,0,0.00,1025.9,1010.7
2021-03-18T06:00,-2.7,0.00,87,-4.5,-6.3,0.00,0.00,0.00,0,8,0,1,7,6.0,350,17,9.9,9.7,0,0.00,1025.7,1010.5
2021-03-18T07:00,-2.4,0.00,88,-4.1,-5.8,0.00,0.00,0.00,0,1,0,0,1,4.7,360,32,7.9,10.1,1,0.00,1025.7,1010.6
2021-03-18T08:00,0.3,0.00,80,-2.7,-2.6,0.00,0.00,0.00,1,23,0,23,0,2.3,350,342,6.2,8.3,1,3420.55,1025.7,1010.7
2021-03-18T09:00,2.6,0.00,73,-1.8,-0.1,0.00,0.00,0.00,1,36,0,36,0,1.9,315,292,2.5,10.8,1,3600.00,1025.7,1010.8
2021-03-18T10:00,4.4,0.00,68,-0.9,1.6,0.00,0.00,0.00,1,35,0,33,5,3.4,301,288,4.2,14.8,1,3600.00,1025.1,1010.3
2021-03-18T11:00,5.6,0.20,61,-1.3,2.4,0.20,0.00,0.00,51,44,0,40,28,5.9,315,313,7.6,18.7,1,3600.00,1024.4,1009.7
2021-03-18T12:00,6.1,0.10,56,-2.0,2.6,0.10,0.00,0.00,51,46,0,40,35,7.4,333,331,9.7,21.2,1,3600.00,1023.9,1009.2
2021-03-18T13:00,6.8,0.10,54,-1.8,3.0,0.10,0.00,0.00,51,59,0,38,12,9.2,320,318,11.8,22.3,1,3600.00,1023.8,1009.2
2021-03-18T14:00,7.0,0.10,49,-2.9,3.2,0.10,0.00,0.00,51,44,0,40,11,9.4,316,317,12.5,25.6,1,3600.00,1022.8,1008.2
2021-03-18T15:00,7.0,0.00,49,-3.0,3.0,0.00,0.00,0.00,1,45,16,43,18,9.6,307,304,12.6,25.2,1,3600.00,1022.1,1007.5
2021-03-18T16:00,6.6,0.10,53,-2.3,2.7,0.10,0.00,0.00,51,49,0,40,29,10.3,308,306,14.1,24.8,1,3600.00,1021.6,1007.0
2021-03-18T17:00,5.8,0.00,60,-1.3,1.8,0.00,0.00,0.00,1,37,11,19,32,11.5,319,319,16.6,27.0,1,3600.00,1021.0,1006.4
2021-03-18T18:00,4.5,0.00,73,0.1,1.7,0.00,0.00,0.00,2,58,39,45,0,4.3,323,312,10.8,24.8,1,3600.00,1020.4,1005.7
2021-03-18T19:00,4.1,0.00,70,-0.9,1.3,0.00,0.00,0.00,2,67,63,19,7,3.6,312,270,5.4,10.4,0,0.00,1020.1,1005.4
2021-03-18T20:00,3.0,0.00,76,-0.9,0.2,0.00,0.00,0.00,3,94,92,40,7,3.6,265,174,4.0,7.2,0,0.00,1019.7,1004.9
2021-03-18T21:00,0.9,0.00,89,-0.6,-2.2,0.00,0.00,0.00,3,99,97,94,29,5.9,258,227,8.8,9.7,0,0.00,1019.3,1004.4
2021-03-18T22:00,1.8,0.10,91,0.5,-1.1,0.10,0.00,0.00,51,100,96,99,70,5.5,292,281,14.7,11.9,0,0.00,1019.4,1004.6
2021-03-18T23:00,1.8,0.30,92,0.7,-0.8,0.30,0.00,0.00,51,99,97,98,43,3.4,306,288,8.5,12.2,0,0.00,1019.1,1004.3
2021-03-19T00:00,1.3,0.30,96,0.8,-1.2,0.20,0.00,0.07,71,100,98,99,60,3.1,327,315,6.0,7.2,0,0.00,1018.7,1003.9
2021-03-19T01:00,1.3,0.20,100,1.3,-0.7,0.20,0.00,0.00,51,100,95,99,100,0.5,329,315,2.1,5.8,0,0.00,1018.4,1003.6
2021-03-19T02:00,1.3,0.20,100,1.3,-0.9,0.20,0.00,0.00,51,100,0,97,100,2.2,169,180,1.8,6.8,0,0.00,1018.0,1003.2
2021-03-19T03:00,1.2,0.00,100,1.2,-0.8,0.00,0.00,0.00,3,100,0,14,100,0.8,153,153,0.8,7.6,0,0.00,1018.0,1003.2
2021-03-19T04:00,1.2,0.00,99,1.1,-1.2,0.00,0.00,0.00,3,100,0,77,100,3.4,63,72,4.8,8.3,0,0.00,1017.8,1003.0
2021-03-19T05:00,1.0,0.00,98,0.7,-1.4,0.00,0.00,0.00,3,99,0,95,95,2.6,58,74,6.8,8.3,0,0.00,1018.0,1003.2
2021-03-19T06:00,1.0,0.00,98,0.6,-1.4,0.00,0.00,0.00,3,90,0,84,77,2.6,37,34,7.2,7.2,0,0.00,1018.0,1003.2
2021-03-19T07:00,1.2,0.00,97,0.7,-1.8,0.00,0.00,0.00,3,100,0,57,100,6.2,13,10,11.1,11.5,1,0.00,1018.6,1003.8
2021-03-19T08:00,2.0,0.10,94,1.1,-1.1,0.00,0.00,0.07,71,75,0,42,70,7.5,25,17,13.5,18.0,1,327.70,1019.1,1004.3
2021-03-19T09:00,3.0,0.20,85,0.8,-0.6,0.20,0.00,0.00,51,71,0,59,57,11.1,31,29,16.8,24.8,1,3600.00,1019.4,1004.6
2021-03-19T10:00,3.8,0.10,83,1.1,0.1,0.10,0.00,0.00,51,93,0,85,78,11.5,23,20,16.5,31.0,1,3430.52,1019.7,1005.0
2021-03-19T11:00,4.3,0.10,81,1.3,0.8,0.10,0.00,0.00,51,94,0,15,94,10.9,22,17,15.5,32.8,1,1511.81,1020.2,1005.5
2021-03-19T12:00,6.1,0.20,74,1.9,2.7,0.20,0.00,0.00,51,86,0,21,83,11.0,21,19,15.4,41.4,1,3600.00,1020.3,1005.7
2021-03-19T13:00,6.2,0.20,72,1.6,2.3,0.20,0.00,0.00,51,94,0,19,79,13.5,17,16,18.8,41.8,1,3600.00,1021.1,1006.5
2021-03-19T14:00,6.0,0.20,67,0.3,1.5,0.20,0.00,0.00,51,71,0,44,57,16.3,25,22,22.7,42.8,1,3600.00,1021.1,1006.5
2021-03-19T15:00,5.7,1.00,64,-0.6,1.0,0.50,0.00,0.35,73,44,0,42,4,17.2,29,26,24.3,43.2,1,3600.00,1021.4,1006.8
2021-03-19T16:00,5.9,0.10,53,-2.9,0.9,0.10,0.00,0.00,51,30,0,26,8,17.3,32,31,25.1,38.9,1,3600.00,1021.6,1007.0
2021-03-19T17:00,5.4,0.00,54,-3.2,0.5,0.00,0.00,0.00,1,28,0,26,14,15.8,36,35,25.0,38.5,1,3600.00,1022.1,1007.4
2021-03-19T18:00,4.5,0.00,57,-3.3,0.2,0.00,0.00,0.00,0,13,0,12,5,11.8,28,23,22.4,34.2,1,3600.00,1022.7,1008.0
2021-03-19T19:00,2.9,0.00,60,-4.1,-1.4,0.00,0.00,0.00,0,0,0,0,0,10.5,20,16,23.0,26.3,0,0.00,1023.5,1008.7
2021-03-19T20:00,1.8,0.00,68,-3.6,-2.4,0.00,0.00,0.00,0,0,0,0,0,10.5,21,16,24.3,23.0,0,0.00,1024.0,1009.1
2021-03-19T21:00,1.3,0.00,74,-2.8,-2.9,0.00,0.00,0.00,0,0,0,0,0,11.4,28,24,25.6,25.2,0,0.00,1024.7,1009.8
2021-03-19T22:00,0.7,0.00,77,-2.9,-3.3,0.00,0.00,0.00,0,0,0,0,0,9.5,30,25,22.9,24.5,0,0.00,1025.2,1010.2
2021-03-19T23:00,-0.2,0.00,81,-3.0,-3.9,0.00,0.00,0.00,0,0,0,0,0,7.4,35,29,19.9,20.9,0,0.00,1025.8,1010.8
2021-03-20T00:00,-1.6,0.00,85,-3.8,-5.2,0.00,0.00,0.00,0,0,0,0,0,6.0,41,25,15.3,16.9,0,0.00,1026.4,1011.3
2021-03-20T01:00,-1.1,0.00,84,-3.5,-4.6,0.00,0.00,0.00,0,2,0,0,0,6.1,52,40,17.4,13.0,0,0.00,1026.6,1011.5
2021-03-20T02:00,-0.9,0.00,81,-3.7,-4.6,0.00,0.00,0.00,0,6,0,2,5,7.1,60,49,19.5,16.2,0,0.00,1026.9,1011.8
2021-03-20T03:00,-1.4,0.00,82,-4.1,-5.0,0.00,0.00,0.00,0,11,0,3,10,6.4,62,52,18.4,15.8,0,0.00,1027.0,1011.9
2021-03-20T04:00,-2.0,0.00,82,-4.6,-5.6,0.00,0.00,0.00,1,30,17,17,1,6.1,61,45,16.9,14.8,0,0.00,1027.1,1012.0
2021-03-20T05:00,-2.0,0.00,81,-4.8,-5.9,0.00,0.00,0.00,2,52,13,34,27,7.9,53,43,19.8,16.9,0,0.00,1027.5,1012.4
2021-03-20T06:00,-1.6,0.00,76,-5.2,-5.7,0.00,0.00,0.00,1,25,0,10,18,9.1,59,56,20.7,19.4,0,0.00,1027.8,1012.7
2021-03-20T07:00,-1.8,0.00,77,-5.3,-6.0,0.00,0.00,0.00,0,11,0,11,0,9.0,63,61,20.3,19.8,1,0.00,1028.2,1013.1
2021-03-20T08:00,-0.5,0.00,69,-5.5,-4.8,0.00,0.00,0.00,0,0,0,0,0,10.2,66,67,15.8,22.7,1,3600.00,1029.0,1013.9
2021-03-20T09:00,0.8,0.00,58,-6.5,-3.4,0.00,0.00,0.00,0,16,16,0,0,8.6,66,68,12.2,23.4,1,3600.00,1029.4,1014.4
2021-03-20T10:00,2.1,0.00,50,-7.2,-1.9,0.00,0.00,0.00,2,55,55,0,0,7.1,48,49,9.7,22.7,1,3600.00,1029.3,1014.4
2021-03-20T11:00,3.3,0.00,45,-7.7,-0.7,0.00,0.00,0.00,3,82,81,0,3,6.8,34,32,9.1,21.2,1,3600.00,1029.3,1014.4
2021-03-20T12:00,4.1,0.00,43,-7.4,0.5,0.00,0.00,0.00,2,68,67,0,2,7.3,22,20,9.7,22.7,1,3600.00,1029.0,1014.2
2021-03-20T13:00,4.8,0.00,43,-6.8,1.6,0.00,0.00,0.00,1,28,82,29,26,5.9,351,346,7.3,23.8,1,3600.00,1028.6,1013.8
2021-03-20T14:00,5.2,0.00,44,-6.2,1.5,0.00,0.00,0.00,2,75,22,67,10,7.4,340,337,9.6,22.3,1,3600.00,1028.0,1013.2
2021-03-20T15:00,5.3,0.00,44,-6.1,1.1,0.00,0.00,0.00,3,80,14,75,21,8.6,347,345,11.4,24.1,1,3600.00,1027.6,1012.8
2021-03-20T16:00,5.2,0.00,43,-6.4,1.1,0.00,0.00,0.00,0,13,0,12,1,8.0,352,350,10.9,23.8,1,3600.00,1027.3,1012.6
2021-03-20T17:00,4.9,0.00,45,-6.0,0.9,0.00,0.00,0.00,1,27,0,27,0,7.7,352,349,10.5,21.2,1,3600.00,1027.0,1012.2
2021-03-20T18:00,3.3,0.00,61,-3.4,0.1,0.00,0.00,0.00,1,27,0,27,0,4.0,356,350,10.1,18.4,1,3600.00,1026.7,1011.9
2021-03-20T19:00,1.2,0.00,68,-4.0,-2.3,0.00,0.00,0.00,1,38,0,38,0,6.1,5,360,8.0,10.4,0,0.00,1026.8,1011.8
2021-03-20T20:00,0.9,0.00,70,-4.0,-2.5,0.00,0.00,0.00,3,87,0,87,0,4.6,27,51,5.6,9.7,0,0.00,1026.8,1011.8
2021-03-20T21:00,1.4,0.00,71,-3.2,-1.6,0.00,0.00,0.00,3,87,0,87,3,2.9,59,97,2.1,7.6,0,0.00,1026.8,1011.9
2021-03-20T22:00,1.9,0.00,74,-2.2,-0.7,0.00,0.00,0.00,3,93,0,93,18,1.5,259,104,1.8,5.8,0,0.00,1026.6,1011.7
2021-03-20T23:00,1.8,0.00,75,-2.3,-1.1,0.00,0.00,0.00,3,89,6,88,54,2.7,258,157,5.2,4.7,0,0.00,1026.4,1011.5
2021-03-21T00:00,1.6,0.00,72,-2.9,-1.5,0.00,0.00,0.00,3,88,17,86,74,3.4,252,198,7.2,6.5,0,0.00,1026.0,1011.1
2021-03-21T01:00,2.3,0.00,64,-3.9,-1.1,0.00,0.00,0.00,3,81,4,88,78,4.8,229,193,12.0,6.8,0,0.00,1025.7,1010.8
2021-03-21T02:00,2.2,0.00,61,-4.5,-1.3,0.00,0.00,0.00,2,74,0,49,73,5.2,231,205,12.5,10.8,0,0.00,1025.3,1010.4
2021-03-21T03:00,1.7,0.00,62,-4.7,-1.9,0.00,0.00,0.00,2,62,0,13,62,5.8,229,202,13.3,11.5,0,0.00,1024.5,1009.6
2021-03-21T04:00,1.1,0.00,67,-4.3,-2.3,0.00,0.00,0.00,2,61,20,17,56,4.9,243,216,13.4,11.5,0,0.00,1024.1,1009.2
2021-03-21T05:00,0.8,0.00,71,-3.9,-2.6,0.00,0.00,0.00,2,55,1,6,55,5.0,246,210,13.0,10.4,0,0.00,1023.5,1008.6
2021-03-21T06:00,0.6,0.00,75,-3.4,-2.6,0.00,0.00,0.00,3,99,38,6,99,4.1,263,232,12.3,10.4,0,0.00,1023.3,1008.4
2021-03-21T07:00,1.8,0.00,70,-3.2,-1.7,0.00,0.00,0.00,3,99,52,18,98,5.9,254,218,12.0,12.2,1,0.00,1023.0,1008.1
2021-03-21T08:00,2.5,0.00,70,-2.5,-1.0,0.00,0.00,0.00,3,88,0,81,81,6.4,242,218,12.2,14.4,1,0.00,1022.6,1007.8
2021-03-21T09:00,3.3,0.00,72,-1.2,0.1,0.00,0.00,0.00,3,100,0,100,99,6.3,249,239,10.0,15.5,1,1168.62,1022.5,1007.7
2021-03-21T10:00,3.3,0.30,80,0.3,0.3,0.30,0.00,0.00,51,100,0,100,100,6.4,243,232,10.5,15.5,1,0.00,1022.2,1007.4
2021-03-21T11:00,3.7,0.40,85,1.5,0.4,0.40,0.00,0.00,51,100,32,90,100,9.4,229,227,14.3,20.9,1,0.00,1021.9,1007.1
2021-03-21T12:00,4.0,0.20,90,2.5,0.7,0.20,0.00,0.00,51,100,20,8,100,10.8,224,217,17.6,22.7,1,0.00,1021.5,1006.8
2021-03-21T13:00,7.1,0.00,75,2.9,3.5,0.00,0.00,0.00,3,100,69,35,100,13.4,296,290,19.6,26.3,1,0.00,1021.2,1006.6
2021-03-21T14:00,7.2,0.10,78,3.7,4.4,0.10,0.00,0.00,51,98,90,24,82,9.0,311,299,16.6,29.9,1,0.00,1020.5,1006.0
2021-03-21T15:00,8.4,0.00,60,1.1,4.1,0.00,0.00,0.00,3,100,81,17,100,16.5,318,314,24.7,35.6,1,2397.43,1019.7,1005.2
2021-03-21T16:00,8.0,0.00,63,1.4,3.3,0.00,0.00,0.00,3,96,84,1,78,18.9,323,320,29.8,42.5,1,0.00,1019.5,1005.0
2021-03-21T17:00,8.1,0.00,59,0.5,3.6,0.00,0.00,0.00,3,91,56,2,81,16.6,324,321,27.3,40.7,1,2026.99,1019.2,1004.7
2021-03-21T18:00,7.2,0.00,62,0.4,2.6,0.00,0.00,0.00,2,71,40,8,52,16.9,333,331,28.7,36.7,1,2003.78,1019.6,1005.1
2021-03-21T19:00,5.7,0.00,68,0.2,1.6,0.00,0.00,0.00,3,81,58,1,55,13.8,329,327,26.0,36.7,0,0.00,1020.4,1005.8
2021-03-21T20:00,5.1,0.00,70,0.1,1.2,0.00,0.00,0.00,3,96,92,0,59,11.8,328,322,23.3,29.9,0,0.00,1020.8,1006.1
2021-03-21T21:00,4.6,0.00,72,-0.1,0.8,0.00,0.00,0.00,3,87,84,2,50,10.9,330,326,22.4,25.9,0,0.00,1021.4,1006.7
2021-03-21T22:00,4.1,0.00,73,-0.2,0.6,0.00,0.00,0.00,3,90,79,7,57,9.5,336,331,20.1,24.1,0,0.00,1021.7,1007.0
2021-03-21T23:00,3.2,0.00,79,-0.0,0.1,0.00,0.00,0.00,3,96,89,19,65,6.6,337,331,16.5,21.2,0,0.00,1022.0,1007.2
2021-03-22T00:00,2.7,0.00,84,0.2,-0.2,0.00,0.00,0.00,3,87,72,28,65,5.6,326,320,15.6,15.5,0,0.00,1022.0,1007.2
2021-03-22T01:00,4.3,0.00,75,0.2,0.8,0.00,0.00,0.00,2,66,0,13,57,9.6,310,304,20.2,15.8,0,0.00,1022.0,1007.3
2021-03-22T02:00,3.9,0.10,80,0.7,0.3,0.10,0.00,0.00,51,90,69,11,67,10.4,320,314,21.7,22.7,0,0.00,1022.0,1007.3
2021-03-22T03:00,3.7,0.00,81,0.7,-0.2,0.00,0.00,0.00,3,92,81,1,60,12.5,330,327,23.7,27.4,0,0.00,1021.6,1006.9
2021-03-22T04:00,3.4,0.00,79,0.1,-0.5,0.00,0.00,0.00,3,88,75,10,52,12.2,344,341,22.5,27.0,0,0.00,1021.8,1007.0
2021-03-22T05:00,2.7,0.00,79,-0.6,-1.0,0.00,0.00,0.00,2,78,72,5,20,9.9,346,341,19.6,26.3,0,0.00,1022.2,1007.4
2021-03-22T06:00,0.8,0.00,88,-0.9,-2.5,0.00,0.00,0.00,3,91,79,0,55,7.4,341,337,18.7,21.6,0,0.00,1022.5,1007.6
2021-03-22T07:00,1.6,0.00,85,-0.7,-1.7,0.00,0.00,0.00,3,99,74,0,98,7.2,336,333,16.9,17.3,1,0.00,1022.8,1007.9
2021-03-22T08:00,2.9,0.00,82,0.0,-0.4,0.00,0.00,0.00,3,100,84,0,97,7.5,332,325,15.5,18.4,1,0.00,1023.4,1008.6
2021-03-22T09:00,3.7,0.00,83,1.0,0.1,0.00,0.00,0.00,3,98,65,0,94,11.3,338,338,16.3,23.8,1,0.00,1023.8,1009.0
2021-03-22T10:00,5.5,0.00,66,-0.3,1.5,0.00,0.00,0.00,3,99,78,0,95,12.1,355,350,17.0,28.1,1,3600.00,1023.6,1008.9
2021-03-22T11:00,5.7,0.00,63,-0.8,1.3,0.00,0.00,0.00,3,81,50,1,63,14.5,354,353,21.0,32.4,1,0.00,1023.7,1009.0
2021-03-22T12:00,6.1,0.00,63,-0.4,2.0,0.00,0.00,0.00,3,100,20,0,100,13.4,350,346,19.4,32.4,1,274.79,1023.8,1009.1
2021-03-22T13:00,6.3,0.00,69,1.1,3.0,0.00,0.00,0.00,3,100,0,29,100,9.3,329,324,12.6,32.0,1,0.00,1024.2,1009.6
2021-03-22T14:00,6.2,0.00,70,1.1,2.7,0.00,0.00,0.00,3,100,0,32,100,10.2,324,321,14.7,22.3,1,0.00,1024.2,1009.5
2021-03-22T15:00,6.2,0.10,72,1.6,2.3,0.10,0.00,0.00,51,89,0,63,89,13.8,327,327,20.1,29.5,1,0.00,1024.1,1009.4
2021-03-22T16:00,6.3,0.00,72,1.7,2.9,0.00,0.00,0.00,3,97,0,64,96,10.8,310,307,15.6,30.2,1,0.00,1024.1,1009.5
2021-03-22T17:00,6.1,0.00,76,2.2,2.9,0.00,0.00,0.00,3,90,0,42,90,9.8,302,298,15.7,24.1,1,0.00,1024.0,1009.3
2021-03-22T18:00,5.7,0.00,80,2.5,2.6,0.00,0.00,0.00,2,79,0,31,78,9.7,307,301,17.2,22.0,1,0.00,1024.3,1009.6
2021-03-22T19:00,4.9,0.00,85,2.7,2.1,0.00,0.00,0.00,3,98,0,50,98,7.5,313,305,16.8,20.5,0,0.00,1025.1,1010.4
2021-03-22T20:00,4.5,0.00,89,2.8,1.8,0.00,0.00,0.00,3,85,0,40,84,7.4,321,313,17.1,16.2,0,0.00,1025.7,1010.9
2021-03-22T21:00,4.4,0.00,89,2.8,1.6,0.00,0.00,0.00,3,98,0,12,98,7.5,332,325,17.6,16.2,0,0.00,1026.2,1011.4
2021-03-22T22:00,4.7,0.00,87,2.7,2.0,0.00,0.00,0.00,3,100,0,7,100,7.3,334,327,16.4,16.9,0,0.00,1026.2,1011.4
2021-03-22T23:00,4.5,0.00,87,2.6,1.7,0.00,0.00,0.00,3,80,0,2,80,7.2,339,333,16.2,16.2,0,0.00,1026.3,1011.5
2021-03-23T00:00,3.9,0.00,90,2.4,1.0,0.00,0.00,0.00,3,82,0,2,82,7.8,346,347,17.8,16.6,0,0.00,1026.5,1011.7
2021-03-23T01:00,4.2,0.00,86,2.1,1.5,0.00,0.00,0.00,3,99,15,0,78,5.8,354,356,14.8,16.2,0,0.00,1026.4,1011.6
2021-03-23T02:00,4.2,0.00,86,2.1,1.6,0.00,0.00,0.00,3,97,38,0,96,5.4,1,360,14.8,13.3,0,0.00,1026.5,1011.7
2021-03-23T03:00,4.1,0.00,87,2.1,1.7,0.00,0.00,0.00,3,85,0,2,85,4.0,357,350,12.6,12.6,0,0.00,1026.3,1011.5
2021-03-23T04:00,3.8,0.00,90,2.2,1.4,0.00,0.00,0.00,2,75,0,3,74,3.9,346,326,10.7,9.0,0,0.00,1026.3,1011.5
2021-03-23T05:00,3.2,0.00,92,2.1,0.8,0.00,0.00,0.00,2,63,0,3,63,4.3,334,312,10.0,8.6,0,0.00,1026.4,1011.6
2021-03-23T06:00,2.9,0.00,93,1.9,0.3,0.00,0.00,0.00,2,63,0,4,62,5.4,334,312,10.0,9.0,0,0.00,1026.6,1011.7
2021-03-23T07:00,3.4,0.00,92,2.3,1.1,0.00,0.00,0.00,2,76,0,1,76,3.6,341,323,9.9,9.7,1,0.00,1027.1,1012.3
2021-03-23T08:00,4.9,0.00,85,2.6,2.6,0.00,0.00,0.00,3,83,22,0,78,3.8,336,319,8.7,10.1,1,2749.26,1027.4,1012.6
2021-03-23T09:00,6.3,0.00,77,2.5,4.0,0.00,0.00,0.00,3,88,56,0,75,4.1,320,315,5.6,13.3,1,3600.00,1027.7,1013.0
2021-03-23T10:00,7.5,0.00,66,1.5,4.8,0.00,0.00,0.00,3,94,66,17,84,5.7,309,305,7.4,16.9,1,3600.00,1027.7,1013.1
2021-03-23T11:00,8.2,0.00,61,1.1,5.1,0.00,0.00,0.00,3,100,81,63,100,7.9,293,294,10.2,22.0,1,3600.00,1027.5,1012.9
2021-03-23T12:00,8.3,0.00,62,1.4,5.4,0.00,0.00,0.00,3,100,98,91,100,6.8,289,288,8.8,22.0,1,958.67,1027.2,1012.6
2021-03-23T13:00,7.9,0.00,62,1.0,5.1,0.00,0.00,0.00,3,100,99,95,100,5.6,297,297,7.2,19.4,1,0.00,1027.4,1012.8
2021-03-23T14:00,8.1,0.00,62,1.1,5.5,0.00,0.00,0.00,3,100,93,93,100,4.0,274,275,5.1,15.5,1,0.00,1027.0,1012.4
2021-03-23T15:00,8.4,0.00,61,1.3,6.0,0.00,0.00,0.00,3,100,89,76,100,2.7,287,293,3.8,13.3,1,6.24,1026.7,1012.1
2021-03-23T16:00,8.6,0.00,61,1.4,6.3,0.00,0.00,0.00,3,100,0,1,100,2.9,299,300,3.7,12.2,1,1391.26,1026.4,1011.8
2021-03-23T17:00,8.6,0.00,61,1.4,6.2,0.00,0.00,0.00,3,100,0,0,100,3.4,305,302,4.4,11.9,1,2968.45,1026.2,1011.6
2021-03-23T18:00,7.8,0.00,76,3.9,6.1,0.00,0.00,0.00,2,63,0,0,63,1.8,308,307,4.1,10.8,1,0.00,1026.1,1011.5
2021-03-23T19:00,7.7,0.00,64,1.2,5.5,0.00,0.00,0.00,2,53,0,0,53,1.5,45,104,1.0,4.7,0,0.00,1026.3,1011.7
2021-03-23T20:00,5.0,0.00,80,1.8,2.4,0.00,0.00,0.00,1,36,0,0,36,4.7,108,99,5.7,7.9,0,0.00,1026.6,1011.8
2021-03-23T21:00,4.2,0.00,82,1.4,1.6,0.00,0.00,0.00,1,28,0,0,28,4.4,121,99,7.6,9.0,0,0.00,1026.5,1011.7
2021-03-23T22:00,3.1,0.00,87,1.1,0.5,0.00,0.00,0.00,1,23,0,0,23,4.3,133,95,8.4,9.4,0,0.00,1026.5,1011.6
2021-03-23T23:00,2.4,0.00,89,0.8,-0.4,0.00,0.00,0.00,0,16,0,0,16,5.1,143,94,9.5,10.8,0,0.00,1026.7,1011.8
2021-03-24T00:00,1.6,0.00,91,0.3,-1.4,0.00,0.00,0.00,0,7,0,0,7,5.8,139,94,10.0,11.9,0,0.00,1026.7,1011.8
2021-03-24T01:00,1.1,0.00,90,-0.3,-1.8,0.00,0.00,0.00,0,5,0,0,5,5.4,148,110,12.8,11.9,0,0.00,1026.8,1011.8
2021-03-24T02:00,0.9,0.00,89,-0.7,-2.3,0.00,0.00,0.00,0,4,0,0,4,6.4,140,106,14.6,12.2,0,0.00,1026.8,1011.8
2021-03-24T03:00,0.8,0.00,89,-0.8,-2.5,0.00,0.00,0.00,0,2,0,0,2,7.2,133,96,14.8,14.0,0,0.00,1026.5,1011.5
2021-03-24T04:00,0.6,0.00,89,-0.9,-2.7,0.00,0.00,0.00,0,1,0,0,1,7.3,133,101,14.3,14.0,0,0.00,1026.3,1011.3
2021-03-24T05:00,0.3,0.00,90,-1.2,-3.1,0.00,0.00,0.00,0,1,0,0,1,7.3,135,110,15.3,14.4,0,0.00,1026.4,1011.4
2021-03-24T06:00,-0.3,0.00,91,-1.5,-3.6,0.00,0.00,0.00,0,0,0,0,0,6.6,135,112,15.3,14.0,0,0.00,1026.5,1011.5
2021-03-24T07:00,0.4,0.00,90,-1.0,-3.1,0.00,0.00,0.00,0,0,0,0,0,8.6,129,112,16.6,16.2,1,103.00,1026.6,1011.6
2021-03-24T08:00,3.0,0.00,82,0.2,-0.4,0.00,0.00,0.00,0,0,0,0,0,8.8,128,125,16.9,20.2,1,3600.00,1026.6,1011.7
2021-03-24T09:00,5.6,0.00,74,1.3,2.7,0.00,0.00,0.00,0,0,0,0,0,6.4,137,142,9.4,20.2,1,3600.00,1026.9,1012.2
2021-03-24T10:00,7.8,0.00,68,2.3,5.2,0.00,0.00,0.00,1,25,25,3,0,6.1,150,152,7.9,18.7,1,3600.00,1026.5,1011.9
2021-03-24T11:00,9.8,0.00,62,2.9,7.5,0.00,0.00,0.00,1,29,29,3,0,5.5,166,169,7.4,19.4,1,3600.00,1026.0,1011.5
2021-03-24T12:00,11.2,0.00,58,3.1,9.6,0.00,0.00,0.00,1,32,32,0,0,4.6,198,198,5.7,18.7,1,3600.00,1025.6,1011.2
2021-03-24T13:00,11.9,0.00,54,3.0,10.4,0.00,0.00,0.00,2,55,21,0,0,4.9,194,197,5.9,17.3,1,3600.00,1025.3,1010.9
2021-03-24T14:00,12.8,0.00,52,3.1,11.1,0.00,0.00,0.00,1,36,36,0,0,5.2,202,205,6.6,18.0,1,3600.00,1024.5,1010.2
2021-03-24T15:00,13.2,0.00,51,3.2,11.1,0.00,0.00,0.00,1,35,35,0,0,5.4,216,222,6.7,17.6,1,3600.00,1023.8,1009.5
2021-03-24T16:00,13.3,0.00,51,3.3,10.9,0.00,0.00,0.00,2,66,66,0,0,5.6,215,220,7.0,16.9,1,3600.00,1023.2,1008.9
2021-03-24T17:00,12.8,0.00,55,3.9,10.6,0.00,0.00,0.00,0,1,1,0,0,5.1,217,219,7.7,15.5,1,3600.00,1022.9,1008.6
2021-03-24T18:00,10.2,0.00,74,5.8,8.2,0.00,0.00,0.00,0,0,0,0,0,6.1,196,180,7.9,12.2,1,3600.00,1022.8,1008.4
2021-03-24T19:00,7.3,0.00,73,2.7,4.5,0.00,0.00,0.00,0,0,0,0,0,8.0,191,153,9.5,11.5,0,335.91,1022.8,1008.2
2021-03-24T20:00,6.0,0.00,77,2.2,3.0,0.00,0.00,0.00,0,0,0,0,0,8.4,200,155,11.8,13.0,0,0.00,1023.0,1008.4
2021-03-24T21:00,5.4,0.00,78,1.9,2.4,0.00,0.00,0.00,0,0,0,0,0,8.1,205,159,12.7,13.0,0,0.00,1023.2,1008.5
2021-03-24T22:00,4.8,0.00,80,1.6,1.8,0.00,0.00,0.00,0,19,19,0,0,7.3,201,147,12.3,12.6,0,0.00,1023.2,1008.5
2021-03-24T23:00,4.3,0.00,82,1.5,1.4,0.00,0.00,0.00,0,17,17,0,0,6.6,190,131,12.1,12.2,0,0.00,1023.0,1008.3
2021-03-25T00:00,4.0,0.00,84,1.5,1.2,0.00,0.00,0.00,1,26,26,0,0,5.9,182,128,12.2,11.5,0,0.00,1022.6,1007.9
2021-03-25T01:00,4.3,0.00,84,1.8,1.4,0.00,0.00,0.00,3,89,93,0,0,7.0,162,111,14.0,11.9,0,0.00,1022.2,1007.5
2021-03-25T02:00,4.0,0.00,85,1.7,1.1,0.00,0.00,0.00,2,72,72,0,0,6.8,164,115,13.5,13.7,0,0.00,1021.8,1007.1
2021-03-25T03:00,3.3,0.00,87,1.3,0.5,0.00,0.00,0.00,2,60,60,0,0,6.1,175,118,12.6,13.0,0,0.00,1021.5,1006.7
2021-03-25T04:00,3.1,0.00,87,1.1,0.1,0.00,0.00,0.00,3,80,80,0,0,7.1,179,120,14.4,13.7,0,0.00,1021.5,1006.7
2021-03-25T05:00,2.9,0.00,85,0.7,-0.2,0.00,0.00,0.00,2,74,73,0,1,7.3,179,123,15.8,15.1,0,0.00,1021.3,1006.5
2021-03-25T06:00,2.9,0.00,83,0.2,-0.3,0.00,0.00,0.00,1,46,46,0,0,7.1,184,131,17.0,14.8,0,0.00,1021.3,1006.5
2021-03-25T07:00,3.9,0.00,78,0.4,0.6,0.00,0.00,0.00,3,94,94,0,0,8.9,179,137,18.4,17.6,1,41.49,1021.4,1006.7
2021-03-25T08:00,6.7,0.00,70,1.6,3.2,0.00,0.00,0.00,3,97,97,0,0,10.9,180,153,19.4,22.3,1,3600.00,1021.8,1007.2
2021-03-25T09:00,8.7,0.00,65,2.5,5.5,0.00,0.00,0.00,3,98,98,3,0,9.7,189,180,15.3,23.4,1,3600.00,1022.0,1007.5
2021-03-25T10:00,10.5,0.00,65,4.3,7.8,0.00,0.00,0.00,3,98,97,18,0,9.5,206,205,13.2,24.5,1,3600.00,1022.0,1007.6
2021-03-25T11:00,12.1,0.00,65,5.8,9.8,0.00,0.00,0.00,3,98,97,35,1,8.7,219,218,12.0,24.5,1,3600.00,1021.8,1007.5
2021-03-25T12:00,13.0,0.00,65,6.6,10.8,0.00,0.00,0.00,3,98,96,44,1,9.4,225,223,12.7,23.8,1,3600.00,1021.6,1007.3
2021-03-25T13:00,14.9,0.00,55,5.9,12.5,0.00,0.00,0.00,3,97,96,16,0,9.4,231,230,12.5,27.0,1,3600.00,1021.1,1006.9
2021-03-25T14:00,15.3,0.00,53,5.9,12.6,0.00,0.00,0.00,3,95,95,5,0,11.1,242,241,15.1,26.6,1,3600.00,1020.5,1006.4
2021-03-25T15:00,15.6,0.00,52,5.8,12.6,0.00,0.00,0.00,3,84,82,17,3,12.9,249,247,17.8,29.5,1,3600.00,1020.1,1006.0
2021-03-25T16:00,15.3,0.00,52,5.5,12.1,0.00,0.00,0.00,3,87,83,32,25,13.8,254,255,20.2,32.0,1,3600.00,1020.1,1006.0
2021-03-25T17:00,14.3,0.00,56,5.8,11.5,0.00,0.00,0.00,3,88,79,82,14,12.1,261,260,21.1,31.0,1,3600.00,1020.2,1006.0
2021-03-25T18:00,12.4,0.00,65,6.0,10.1,0.00,0.00,0.00,1,30,0,30,6,8.4,266,263,19.5,27.0,1,3600.00,1020.6,1006.3
2021-03-25T19:00,9.6,0.00,75,5.5,7.5,0.00,0.00,0.00,0,17,0,17,0,6.7,260,254,18.6,18.7,0,108.82,1021.2,1006.8
2021-03-25T20:00,8.1,0.00,81,5.1,6.0,0.00,0.00,0.00,1,21,0,21,0,6.3,257,246,18.5,14.8,0,0.00,1021.7,1007.2
2021-03-25T21:00,7.6,0.00,84,5.0,5.3,0.00,0.00,0.00,0,12,0,12,2,6.9,256,242,18.9,14.4,0,0.00,1022.3,1007.7
2021-03-25T22:00,6.7,0.00,87,4.7,4.5,0.00,0.00,0.00,0,14,0,14,5,6.1,258,242,18.0,14.8,0,0.00,1022.6,1008.0
2021-03-25T23:00,5.8,0.00,91,4.4,3.6,0.00,0.00,0.00,0,10,0,10,1,5.6,256,230,16.0,13.7,0,0.00,1023.1,1008.4
2021-03-26T00:00,5.0,0.00,94,4.1,2.8,0.00,0.00,0.00,1,20,0,16,11,5.2,243,196,13.7,12.6,0,0.00,1023.0,1008.3
2021-03-26T01:00,4.9,0.00,92,3.7,2.0,0.00,0.00,0.00,1,48,0,20,9,9.7,246,222,17.4,10.8,0,0.00,1022.7,1008.0
2021-03-26T02:00,5.0,0.00,92,3.9,2.8,0.00,0.00,0.00,1,26,0,25,18,5.2,237,196,13.3,15.8,0,0.00,1022.7,1008.0
2021-03-26T03:00,4.3,0.00,94,3.4,2.0,0.00,0.00,0.00,1,39,0,37,22,5.4,223,176,12.2,10.8,0,0.00,1022.6,1007.9
2021-03-26T04:00,4.8,0.00,93,3.7,2.6,0.00,0.00,0.00,1,35,0,31,30,4.7,204,148,10.6,10.4,0,0.00,1022.5,1007.8
2021-03-26T05:00,4.5,0.00,93,3.5,2.3,0.00,0.00,0.00,1,30,0,13,29,4.6,197,135,10.9,10.1,0,0.00,1022.2,1007.5
2021-03-26T06:00,4.7,0.00,93,3.6,2.4,0.00,0.00,0.00,0,8,0,4,8,5.4,184,127,11.2,11.2,0,0.00,1022.0,1007.3
2021-03-26T07:00,5.0,0.00,92,3.9,2.6,0.00,0.00,0.00,0,10,0,5,9,6.4,158,117,11.6,12.2,1,186.50,1022.0,1007.3
2021-03-26T08:00,7.6,0.00,84,5.1,5.3,0.00,0.00,0.00,0,7,0,4,7,7.0,145,125,12.7,15.5,1,3600.00,1022.0,1007.4
2021-03-26T09:00,9.9,0.00,76,5.8,7.9,0.00,0.00,0.00,0,5,0,3,5,6.8,151,148,9.5,18.0,1,3600.00,1021.8,1007.4
2021-03-26T10:00,11.8,0.00,69,6.3,9.9,0.00,0.00,0.00,1,28,26,1,3,6.2,173,173,8.4,19.1,1,3600.00,1021.5,1007.2
2021-03-26T11:00,13.4,0.00,64,6.7,11.6,0.00,0.00,0.00,1,48,47,0,1,7.6,197,199,9.8,21.6,1,3600.00,1021.1,1006.9
2021-03-26T12:00,14.5,0.00,59,6.5,12.9,0.00,0.00,0.00,1,46,42,2,6,9.0,203,203,12.1,24.8,1,3600.00,1020.1,1005.9
2021-03-26T13:00,15.3,0.00,53,5.8,13.4,0.00,0.00,0.00,2,60,60,2,19,10.0,209,210,13.2,26.3,1,3600.00,1019.7,1005.6
2021-03-26T14:00,15.3,0.00,51,5.3,13.0,0.00,0.00,0.00,2,55,43,3,20,10.0,217,218,13.6,26.6,1,3600.00,1018.9,1004.8
2021-03-26T15:00,15.6,0.00,49,4.9,12.8,0.00,0.00,0.00,3,86,84,10,2,10.7,212,213,14.4,25.9,1,3600.00,1018.0,1003.9
2021-03-26T16:00,15.3,0.00,48,4.5,12.5,0.00,0.00,0.00,3,94,91,49,0,10.2,213,212,14.6,27.4,1,3600.00,1017.4,1003.3
2021-03-26T17:00,14.7,0.00,52,4.9,12.3,0.00,0.00,0.00,3,96,78,91,0,7.7,171,169,13.8,24.1,1,3600.00,1016.8,1002.7
2021-03-26T18:00,12.7,0.00,64,6.1,10.9,0.00,0.00,0.00,3,95,86,90,1,5.5,186,169,14.8,18.0,1,414.32,1016.7,1002.5
2021-03-26T19:00,10.9,0.00,69,5.5,9.0,0.00,0.00,0.00,3,94,82,79,47,5.8,211,180,12.6,12.2,0,0.00,1016.8,1002.5
2021-03-26T20:00,10.1,0.00,74,5.6,8.1,0.00,0.00,0.00,3,95,90,80,24,6.3,238,204,12.3,13.0,0,0.00,1016.9,1002.5
2021-03-26T21:00,9.8,0.00,74,5.4,7.9,0.00,0.00,0.00,3,94,94,66,4,5.4,239,200,13.4,12.6,0,0.00,1017.0,1002.6
2021-03-26T22:00,8.6,0.00,81,5.5,6.8,0.00,0.00,0.00,3,98,98,53,8,4.8,225,167,11.7,12.2,0,0.00,1017.0,1002.6
2021-03-26T23:00,8.8,0.00,81,5.7,6.8,0.00,0.00,0.00,2,75,34,65,4,6.5,203,161,14.5,14.4,0,0.00,1016.6,1002.2
2021-03-27T00:00,8.7,0.00,82,5.8,6.3,0.00,0.00,0.00,2,71,5,71,0,9.6,185,160,21.3,20.2,0,0.00,1016.2,1001.8
2021-03-27T01:00,8.9,0.00,82,6.1,6.1,0.00,0.00,0.00,2,75,0,86,26,12.8,208,196,28.2,23.4,0,0.00,1016.4,1002.0
2021-03-27T02:00,9.4,0.30,83,6.6,7.0,0.30,0.00,0.00,51,97,79,94,5,10.4,211,194,22.3,28.8,0,0.00,1016.1,1001.7
2021-03-27T03:00,9.2,0.40,86,7.0,6.2,0.40,0.00,0.00,51,62,9,59,22,15.1,215,208,29.0,37.1,0,0.00,1016.1,1001.7
2021-03-27T04:00,8.8,0.70,88,7.0,5.1,0.70,0.00,0.00,53,97,1,74,94,20.1,251,249,34.6,43.6,0,0.00,1017.0,1002.6
2021-03-27T05:00,8.0,0.00,81,4.9,3.8,0.00,0.00,0.00,3,97,0,97,15,20.7,266,263,34.6,44.3,0,0.00,1019.0,1004.5
2021-03-27T06:00,6.7,0.00,81,3.7,2.4,0.00,0.00,0.00,2,56,0,45,35,19.1,261,258,32.1,44.6,0,0.00,1021.1,1006.5
2021-03-27T07:00,6.0,0.00,82,3.1,1.9,0.00,0.00,0.00,1,31,0,3,31,17.3,256,253,29.3,41.8,1,0.00,1022.6,1008.0
2021-03-27T08:00,6.5,0.00,79,3.1,2.1,0.00,0.00,0.00,1,44,0,0,44,18.9,247,246,29.0,38.5,1,3600.00,1023.4,1008.8
2021-03-27T09:00,7.1,0.20,74,2.8,2.1,0.20,0.00,0.00,51,27,0,15,25,23.2,245,244,34.1,50.0,1,3600.00,1024.0,1009.4
2021-03-27T10:00,8.2,0.20,65,2.1,2.8,0.20,0.00,0.00,51,21,0,7,19,24.2,248,247,35.4,63.4,1,3600.00,1024.7,1010.1
2021-03-27T11:00,9.4,0.00,57,1.4,4.0,0.00,0.00,0.00,1,37,0,16,30,23.9,253,252,34.7,61.9,1,3600.00,1025.2,1010.7
2021-03-27T12:00,9.7,0.00,55,1.1,4.0,0.00,0.00,0.00,1,34,0,29,18,26.1,258,258,37.9,66.2,1,3600.00,1025.6,1011.1
2021-03-27T13:00,10.6,0.10,53,1.5,5.0,0.10,0.00,0.00,51,39,0,24,20,26.1,245,244,37.8,69.1,1,3600.00,1025.6,1011.1
2021-03-27T14:00,10.3,0.00,51,0.7,4.4,0.00,0.00,0.00,2,64,0,62,13,27.7,251,252,40.6,66.6,1,3600.00,1025.9,1011.4
2021-03-27T15:00,9.9,0.10,53,0.6,4.0,0.10,0.00,0.00,51,58,0,57,7,26.6,261,261,39.4,66.6,1,3600.00,1026.3,1011.8
2021-03-27T16:00,8.9,0.10,61,1.7,3.6,0.10,0.00,0.00,51,65,0,61,18,23.6,257,258,35.9,59.0,1,3600.00,1027.0,1012.4
2021-03-27T17:00,8.4,0.20,68,2.8,3.8,0.20,0.00,0.00,51,65,0,60,27,20.5,268,269,31.7,54.7,1,3600.00,1027.4,1012.8
2021-03-27T18:00,8.1,0.00,70,3.0,4.0,0.00,0.00,0.00,2,56,0,50,26,17.3,269,269,28.8,48.2,1,3600.00,1027.9,1013.3
2021-03-27T19:00,7.4,0.00,71,2.4,3.6,0.00,0.00,0.00,2,75,0,74,13,14.1,253,251,26.0,37.4,0,6.92,1028.4,1013.7
2021-03-27T20:00,6.9,0.00,73,2.4,3.2,0.00,0.00,0.00,2,79,0,78,19,13.7,250,247,25.6,31.3,0,0.00,1029.3,1014.6
2021-03-27T21:00,6.7,0.00,76,2.8,3.4,0.00,0.00,0.00,3,80,9,74,25,11.2,267,264,21.3,29.9,0,0.00,1030.1,1015.4
2021-03-27T22:00,6.3,0.10,79,3.0,3.6,0.10,0.00,0.00,51,53,1,48,29,7.2,274,270,17.0,24.8,0,0.00,1030.5,1015.8
2021-03-27T23:00,5.1,0.00,86,3.0,2.7,0.00,0.00,0.00,2,64,14,54,49,5.2,261,245,15.3,17.6,0,0.00,1031.0,1016.2
2021-03-28T00:00,5.2,0.00,86,3.0,2.8,0.00,0.00,0.00,2,73,32,58,44,5.4,245,222,15.5,13.7,0,0.00,1030.9,1016.1
2021-03-28T01:00,5.6,0.00,76,1.7,2.6,0.00,0.00,0.00,3,98,85,58,57,7.6,238,211,18.6,15.1,0,0.00,1030.6,1015.8
2021-03-28T02:00,6.0,0.00,74,1.7,2.9,0.00,0.00,0.00,2,78,23,70,72,8.4,234,211,19.1,20.2,0,0.00,1030.7,1015.9
2021-03-28T03:00,5.4,0.00,78,1.9,2.8,0.00,0.00,0.00,3,98,95,58,50,5.2,222,192,14.0,18.0,0,0.00,1030.5,1015.7
2021-03-28T04:00,4.9,0.00,81,2.0,2.3,0.00,0.00,0.00,3,97,92,61,51,5.5,215,191,14.5,12.2,0,0.00,1030.8,1016.0
2021-03-28T05:00,4.6,0.00,83,1.9,2.0,0.00,0.00,0.00,3,96,95,15,10,5.4,212,176,14.1,12.2,0,0.00,1030.9,1016.1
2021-03-28T06:00,3.7,0.00,86,1.6,0.9,0.00,0.00,0.00,3,92,91,6,6,6.6,204,171,16.6,13.7,0,0.00,1030.8,1015.9
2021-03-28T07:00,4.3,0.00,83,1.7,1.5,0.00,0.00,0.00,3,96,95,3,21,6.9,211,189,17.6,15.1,1,0.00,1031.5,1016.6
2021-03-28T08:00,6.1,0.00,77,2.3,3.0,0.00,0.00,0.00,3,92,89,58,9,9.0,216,203,18.6,20.2,1,3397.40,1031.9,1017.1
2021-03-28T09:00,7.8,0.00,71,2.9,4.7,0.00,0.00,0.00,1,39,37,1,2,10.1,219,215,15.9,23.8,1,2974.04,1032.1,1017.4
2021-03-28T10:00,10.3,0.00,64,3.7,7.0,0.00,0.00,0.00,2,70,70,1,2,12.3,219,218,17.1,29.5,1,3600.00,1031.9,1017.3
2021-03-28T11:00,11.9,0.00,57,3.6,8.7,0.00,0.00,0.00,1,30,27,1,4,13.3,219,218,18.2,32.4,1,3600.00,1031.8,1017.3
2021-03-28T12:00,12.7,0.00,51,2.7,9.1,0.00,0.00,0.00,3,88,19,19,85,16.3,234,235,22.2,38.2,1,3600.00,1031.6,1017.2
2021-03-28T13:00,13.6,0.00,46,2.2,9.3,0.00,0.00,0.00,3,88,72,16,61,17.3,238,239,23.8,37.8,1,3600.00,1031.0,1016.6
2021-03-28T14:00,14.3,0.00,43,1.8,10.4,0.00,0.00,0.00,1,29,10,23,0,15.1,233,232,21.3,39.6,1,3600.00,1029.9,1015.6
2021-03-28T15:00,14.4,0.00,45,2.7,10.7,0.00,0.00,0.00,3,97,96,20,1,15.3,229,227,21.4,35.6,1,3600.00,1029.4,1015.1
2021-03-28T16:00,14.4,0.00,46,3.0,10.7,0.00,0.00,0.00,3,91,89,23,1,13.9,235,233,20.2,35.3,1,3600.00,1029.4,1015.1
2021-03-28T17:00,13.9,0.00,49,3.5,10.8,0.00,0.00,0.00,3,96,95,46,0,10.6,243,242,18.5,31.7,1,3600.00,1029.4,1015.1
2021-03-28T18:00,12.3,0.00,60,4.8,10.1,0.00,0.00,0.00,3,99,99,7,0,6.6,247,241,16.5,24.1,1,3583.10,1029.4,1015.0
2021-03-28T19:00,10.2,0.00,64,3.8,7.6,0.00,0.00,0.00,3,97,97,6,0,7.9,243,231,20.1,17.3,0,0.00,1029.9,1015.4
2021-03-28T20:00,9.3,0.00,69,3.9,6.9,0.00,0.00,0.00,3,95,94,12,0,6.4,240,218,18.7,18.0,0,0.00,1030.4,1015.8
2021-03-28T21:00,8.2,0.00,75,4.0,5.8,0.00,0.00,0.00,3,99,99,0,0,6.6,231,202,18.2,15.1,0,0.00,1030.7,1016.1
2021-03-28T22:00,7.0,0.00,81,3.9,4.6,0.00,0.00,0.00,3,99,99,2,0,6.3,237,204,16.4,14.8,0,0.00,1031.1,1016.4
2021-03-28T23:00,6.6,0.00,83,3.8,4.3,0.00,0.00,0.00,3,99,99,2,0,5.8,234,187,14.2,13.7,0,0.00,1031.3,1016.6
2021-03-29T00:00,6.4,0.00,84,3.8,4.1,0.00,0.00,0.00,3,97,97,3,0,5.4,228,176,14.0,12.6,0,0.00,1031.4,1016.7
2021-03-29T01:00,6.3,0.00,82,3.5,3.5,0.00,0.00,0.00,3,94,98,45,0,8.6,232,178,12.3,12.6,0,0.00,1031.3,1016.5
2021-03-29T02:00,7.0,0.00,77,3.3,4.7,0.00,0.00,0.00,3,96,96,81,0,4.7,225,171,12.2,15.1,0,0.00,1031.6,1016.9
2021-03-29T03:00,6.8,0.00,77,3.1,4.4,0.00,0.00,0.00,2,57,45,28,0,5.4,220,172,14.6,12.2,0,0.00,1031.6,1016.9
2021-03-29T04:00,5.7,0.00,80,2.6,3.1,0.00,0.00,0.00,1,22,22,0,0,6.2,219,173,16.1,13.3,0,0.00,1031.7,1016.9
2021-03-29T05:00,5.2,0.00,81,2.3,2.5,0.00,0.00,0.00,0,13,11,4,0,6.7,207,164,17.4,14.0,0,0.00,1031.8,1017.0
2021-03-29T06:00,4.7,0.00,82,2.0,2.0,0.00,0.00,0.00,2,51,0,51,0,6.5,204,161,16.9,14.0,0,0.00,1032.1,1017.3
2021-03-29T07:00,5.7,0.00,78,2.3,2.8,0.00,0.00,0.00,0,15,11,7,0,7.8,197,158,17.0,15.5,1,292.56,1032.6,1017.8
2021-03-29T08:00,8.1,0.00,71,3.2,5.3,0.00,0.00,0.00,1,23,4,21,0,8.1,194,167,15.2,18.0,1,3600.00,1033.1,1018.4
2021-03-29T09:00,10.5,0.00,63,3.8,7.8,0.00,0.00,0.00,0,9,0,9,0,8.4,194,190,12.2,20.9,1,3600.00,1033.3,1018.7
2021-03-29T10:00,12.6,0.00,58,4.5,10.0,0.00,0.00,0.00,0,0,0,0,0,8.9,203,201,12.1,23.0,1,3600.00,1033.2,1018.7
2021-03-29T11:00,14.6,0.00,53,5.2,12.4,0.00,0.00,0.00,0,0,0,0,0,9.2,206,206,12.4,24.1,1,3600.00,1033.3,1018.9
2021-03-29T12:00,16.1,0.00,50,5.7,14.4,0.00,0.00,0.00,0,15,15,0,0,9.9,212,213,13.1,25.6,1,3600.00,1033.0,1018.7
2021-03-29T13:00,18.1,0.00,40,4.3,15.9,0.00,0.00,0.00,0,7,38,0,0,11.8,217,218,15.7,25.6,1,3600.00,1032.4,1018.2
2021-03-29T14:00,18.4,0.00,39,4.3,16.1,0.00,0.00,0.00,3,86,86,3,0,11.5,219,221,15.9,28.8,1,3600.00,1032.0,1017.8
2021-03-29T15:00,18.6,0.00,40,4.9,16.1,0.00,0.00,0.00,1,42,42,0,0,10.8,216,217,14.7,27.7,1,3600.00,1031.6,1017.5
2021-03-29T16:00,18.5,0.00,42,5.5,16.0,0.00,0.00,0.00,0,2,2,0,0,9.3,208,208,14.3,25.2,1,3600.00,1031.2,1017.1
2021-03-29T17:00,17.8,0.00,50,7.1,16.0,0.00,0.00,0.00,1,21,21,0,0,6.7,196,196,14.2,22.3,1,3600.00,1030.9,1016.7
2021-03-29T18:00,15.1,0.00,60,7.4,13.4,0.00,0.00,0.00,1,27,27,0,0,6.5,197,186,17.0,15.8,1,3600.00,1031.2,1016.9
2021-03-29T19:00,11.4,0.00,64,4.8,8.8,0.00,0.00,0.00,1,36,36,0,0,8.7,207,187,18.2,14.8,0,919.43,1031.3,1016.8
2021-03-29T20:00,9.5,0.00,69,4.1,6.6,0.00,0.00,0.00,1,42,42,0,0,10.1,220,182,15.6,15.5,0,0.00,1032.0,1017.4
2021-03-29T21:00,10.6,0.00,60,3.2,7.9,0.00,0.00,0.00,1,40,40,0,0,7.2,231,162,11.5,15.1,0,0.00,1032.4,1017.9
2021-03-29T22:00,9.5,0.00,64,3.0,7.0,0.00,0.00,0.00,0,0,0,0,0,5.9,229,137,6.6,11.2,0,0.00,1032.6,1018.0
2021-03-29T23:00,7.9,0.00,69,2.6,5.3,0.00,0.00,0.00,0,0,0,0,0,6.0,203,123,2.7,8.6,0,0.00,1032.7,1018.0
2021-03-30T00:00,7.1,0.00,71,2.1,4.6,0.00,0.00,0.00,0,0,0,0,0,5.2,146,115,1.3,8.3,0,0.00,1032.8,1018.1
2021-03-30T01:00,6.6,0.00,72,1.9,3.6,0.00,0.00,0.00,0,0,0,0,0,7.6,173,115,5.8,9.7,0,0.00,1032.2,1017.5
2021-03-30T02:00,6.1,0.00,71,1.2,3.4,0.00,0.00,0.00,0,0,0,0,0,5.5,147,101,6.0,11.2,0,0.00,1032.2,1017.4
2021-03-30T03:00,5.6,0.00,74,1.2,2.7,0.00,0.00,0.00,0,0,0,0,0,6.2,133,100,7.4,10.4,0,0.00,1032.0,1017.2
2021-03-30T04:00,4.5,0.00,78,1.0,1.4,0.00,0.00,0.00,0,0,0,0,0,8.1,139,103,7.1,11.5,0,0.00,1031.9,1017.0
2021-03-30T05:00,4.6,0.00,76,0.8,1.5,0.00,0.00,0.00,0,1,1,0,0,7.4,123,104,9.9,11.9,0,0.00,1032.1,1017.2
2021-03-30T06:00,4.8,0.00,75,0.7,1.8,0.00,0.00,0.00,1,33,33,0,0,6.3,117,103,12.6,11.9,0,0.00,1032.1,1017.3
2021-03-30T07:00,5.9,0.00,75,1.8,3.0,0.00,0.00,0.00,1,37,37,0,0,7.3,117,101,14.2,14.0,1,1156.71,1032.5,1017.7
2021-03-30T08:00,9.2,0.00,70,4.1,6.7,0.00,0.00,0.00,1,37,37,0,0,7.6,110,109,14.6,16.2,1,3600.00,1032.7,1018.1
2021-03-30T09:00,12.9,0.00,61,5.5,11.1,0.00,0.00,0.00,1,35,35,0,0,4.5,113,119,9.0,15.5,1,3600.00,1032.9,1018.5
2021-03-30T10:00,15.6,0.00,52,5.8,14.1,0.00,0.00,0.00,1,30,30,0,0,3.1,122,135,4.7,13.3,1,3600.00,1032.8,1018.5
2021-03-30T11:00,17.6,0.00,47,6.3,16.9,0.00,0.00,0.00,1,41,41,0,0,1.6,106,117,2.6,12.2,1,3600.00,1032.5,1018.3
2021-03-30T12:00,19.3,0.00,42,6.0,19.0,0.00,0.00,0.00,2,60,60,0,0,1.1,108,108,2.3,10.8,1,3600.00,1031.9,1017.8
2021-03-30T13:00,21.3,0.00,25,0.7,20.2,0.00,0.00,0.00,2,77,70,0,0,1.4,99,90,2.2,10.4,1,3600.00,1031.1,1017.1
2021-03-30T14:00,21.7,0.00,27,2.1,20.6,0.00,0.00,0.00,3,80,80,0,0,1.5,11,346,1.8,9.4,1,3600.00,1030.4,1016.4
2021-03-30T15:00,21.9,0.00,28,2.6,20.3,0.00,0.00,0.00,2,74,74,0,0,2.3,360,342,2.9,9.4,1,3600.00,1029.7,1015.7
2021-03-30T16:00,21.9,0.00,29,3.1,20.0,0.00,0.00,0.00,1,28,28,0,0,2.2,16,360,2.6,9.0,1,3600.00,1029.0,1015.1
2021-03-30T17:00,20.4,0.00,58,11.9,20.5,0.00,0.00,0.00,0,16,16,0,0,3.2,354,333,3.6,7.2,1,3600.00,1028.4,1014.4
2021-03-30T18:00,18.4,0.00,56,9.5,17.4,0.00,0.00,0.00,1,25,25,0,0,5.4,360,352,5.8,7.6,1,3600.00,1028.3,1014.2
2021-03-30T19:00,13.6,0.00,69,8.1,12.1,0.00,0.00,0.00,1,41,41,0,0,6.9,40,43,6.1,10.1,0,1168.63,1028.2,1013.9
2021-03-30T20:00,12.3,0.00,68,6.6,10.8,0.00,0.00,0.00,2,60,60,0,0,4.3,90,66,7.9,11.2,0,0.00,1028.1,1013.7
2021-03-30T21:00,10.5,0.00,65,4.2,8.2,0.00,0.00,0.00,2,52,52,0,0,6.6,104,81,13.0,14.4,0,0.00,1027.9,1013.4
2021-03-30T22:00,9.9,0.00,60,2.4,6.8,0.00,0.00,0.00,1,32,32,0,0,9.4,105,94,19.7,19.1,0,0.00,1027.7,1013.2
2021-03-30T23:00,9.6,0.00,61,2.5,6.7,0.00,0.00,0.00,0,18,18,0,0,8.1,106,103,21.3,19.1,0,0.00,1027.7,1013.2
2021-03-31T00:00,9.3,0.00,65,3.1,6.4,0.00,0.00,0.00,1,26,26,0,0,8.7,111,97,22.0,17.6,0,0.00,1027.6,1013.1
2021-03-31T01:00,10.7,0.00,61,3.4,7.5,0.00,0.00,0.00,1,36,49,0,0,11.4,121,103,24.9,19.1,0,0.00,1027.0,1012.5
2021-03-31T02:00,10.6,0.00,61,3.4,7.3,0.00,0.00,0.00,1,43,43,0,0,12.2,121,104,25.7,24.5,0,0.00,1026.6,1012.1
2021-03-31T03:00,10.3,0.00,60,3.0,6.9,0.00,0.00,0.00,1,25,25,0,0,12.3,120,111,26.9,25.6,0,0.00,1026.0,1011.5
2021-03-31T04:00,9.3,0.00,64,2.8,6.1,0.00,0.00,0.00,0,14,14,0,0,10.2,120,113,24.8,24.8,0,0.00,1025.8,1011.3
2021-03-31T05:00,8.2,0.00,67,2.5,5.1,0.00,0.00,0.00,0,13,13,0,0,9.5,127,119,23.4,20.5,0,0.00,1025.8,1011.2
2021-03-31T06:00,7.7,0.00,68,2.1,4.4,0.00,0.00,0.00,0,18,18,0,0,10.5,132,121,23.2,21.2,0,0.00,1025.7,1011.1
2021-03-31T07:00,8.3,0.00,69,2.9,5.2,0.00,0.00,0.00,0,13,13,0,0,10.0,137,120,19.1,20.9,1,1208.74,1025.8,1011.2
2021-03-31T08:00,10.7,0.00,66,4.6,8.1,0.00,0.00,0.00,0,15,15,0,0,8.9,139,122,15.3,20.2,1,3600.00,1025.7,1011.3
2021-03-31T09:00,13.7,0.00,62,6.6,11.9,0.00,0.00,0.00,1,20,20,0,0,6.4,142,133,10.5,19.1,1,3600.00,1025.6,1011.3
2021-03-31T10:00,16.5,0.00,56,7.6,15.0,0.00,0.00,0.00,0,0,0,0,0,5.4,160,160,7.3,16.9,1,3600.00,1025.5,1011.3
2021-03-31T11:00,18.3,0.00,52,8.3,17.4,0.00,0.00,0.00,0,0,0,0,0,6.1,180,180,8.3,18.4,1,3600.00,1025.0,1010.9
2021-03-31T12:00,19.9,0.00,49,8.7,19.4,0.00,0.00,0.00,0,0,0,0,0,6.6,189,189,8.8,19.4,1,3600.00,1024.4,1010.4
2021-03-31T13:00,21.9,0.00,35,5.8,20.9,0.00,0.00,0.00,0,0,0,0,0,6.6,200,202,8.4,19.4,1,3600.00,1023.2,1009.3
2021-03-31T14:00,22.4,0.00,34,5.7,21.3,0.00,0.00,0.00,0,0,0,0,0,6.3,208,211,8.5,18.4,1,3600.00,1022.5,1008.7
2021-03-31T15:00,22.8,0.00,33,5.7,21.4,0.00,0.00,0.00,0,0,0,0,0,5.3,207,208,7.2,17.3,1,3600.00,1021.7,1007.9
2021-03-31T16:00,22.8,0.00,36,6.8,21.2,0.00,0.00,0.00,0,0,0,0,0,4.9,195,197,7.1,14.8,1,3600.00,1021.0,1007.2
2021-03-31T17:00,22.6,0.00,40,8.1,21.3,0.00,0.00,0.00,0,0,0,0,0,5.2,195,192,8.2,12.6,1,3600.00,1020.5,1006.7
2021-03-31T18:00,18.9,0.00,64,11.9,18.5,0.00,0.00,0.00,0,4,4,0,0,6.6,195,171,8.6,10.1,1,3600.00,1020.5,1006.5
2021-03-31T19:00,17.2,0.00,50,6.7,15.2,0.00,0.00,0.00,0,0,0,0,0,7.6,195,155,9.7,11.2,0,1320.09,1020.4,1006.3
2021-03-31T20:00,14.9,0.00,55,5.9,12.7,0.00,0.00,0.00,0,0,0,0,0,7.8,204,146,10.6,11.9,0,0.00,1020.5,1006.3
2021-03-31T21:00,13.7,0.00,57,5.4,11.4,0.00,0.00,0.00,0,0,0,0,0,7.4,209,141,10.3,11.9,0,0.00,1020.5,1006.3
2021-03-31T22:00,14.1,0.00,53,4.7,11.9,0.00,0.00,0.00,0,0,0,0,0,6.1,213,135,8.6,11.5,0,0.00,1020.6,1006.4
2021-03-31T23:00,13.4,0.00,55,4.5,11.3,0.00,0.00,0.00,0,0,0,0,0,5.1,218,129,5.9,9.7,0,0.00,1020.9,1006.7
2021-04-01T00:00,11.4,0.00,64,4.8,9.2,0.00,0.00,0.00,0,0,0,0,0,6.1,211,140,4.2,9.4,0,0.00,1020.8,1006.5
2021-04-01T01:00,10.5,0.00,69,4.9,8.1,0.00,0.00,0.00,0,0,6,0,0,7.7,180,139,4.3,9.7,0,0.00,1020.1,1005.7
2021-04-01T02:00,9.4,0.00,73,4.8,7.1,0.00,0.00,0.00,0,4,4,0,0,7.1,169,131,7.7,11.5,0,0.00,1019.7,1005.3
2021-04-01T03:00,9.4,0.00,73,4.9,7.3,0.00,0.00,0.00,0,0,0,0,0,5.7,174,125,10.1,11.2,0,0.00,1019.4,1005.0
2021-04-01T04:00,9.2,0.00,76,5.1,7.1,0.00,0.00,0.00,0,0,0,0,0,6.1,180,135,10.8,11.5,0,0.00,1019.4,1005.0
2021-04-01T05:00,8.1,0.00,82,5.3,6.1,0.00,0.00,0.00,0,0,0,0,0,5.6,204,135,7.1,10.8,0,0.00,1019.6,1005.1
2021-04-01T06:00,8.6,0.00,84,6.0,6.7,0.00,0.00,0.00,0,19,19,0,0,5.6,186,140,6.5,10.1,0,0.00,1019.5,1005.0
2021-04-01T07:00,9.5,0.00,86,7.3,7.6,0.00,0.00,0.00,2,60,60,0,0,8.1,185,148,11.9,14.8,1,1375.78,1019.6,1005.2
2021-04-01T08:00,12.0,0.00,81,8.9,11.0,0.00,0.00,0.00,0,0,0,0,0,5.2,194,164,10.7,15.1,1,3600.00,1020.0,1005.7
2021-04-01T09:00,14.7,0.00,74,10.1,14.1,0.00,0.00,0.00,0,1,1,0,0,4.4,194,189,5.9,14.4,1,3600.00,1020.0,1005.8
2021-04-01T10:00,16.7,0.00,70,11.1,16.5,0.00,0.00,0.00,0,16,16,0,0,3.8,256,253,4.5,14.4,1,3600.00,1020.0,1005.9
2021-04-01T11:00,18.5,0.00,64,11.6,18.8,0.00,0.00,0.00,2,79,79,0,0,4.0,278,275,5.1,15.8,1,3600.00,1019.7,1005.7
2021-04-01T12:00,19.9,0.00,58,11.5,20.5,0.00,0.00,0.00,0,16,16,0,0,5.4,276,274,6.5,17.6,1,3600.00,1019.1,1005.2
2021-04-01T13:00,21.8,0.00,47,9.8,21.6,0.00,0.00,0.00,0,3,0,64,0,7.4,318,317,9.7,21.6,1,3600.00,1018.5,1004.7
2021-04-01T14:00,22.0,0.00,42,8.4,20.7,0.00,0.00,0.00,1,30,13,20,0,9.9,331,327,13.2,24.5,1,3600.00,1017.9,1004.1
2021-04-01T15:00,22.0,0.00,40,7.7,20.3,0.00,0.00,0.00,0,0,0,0,0,10.1,325,325,14.0,24.1,1,3600.00,1017.4,1003.6
2021-04-01T16:00,21.7,0.00,43,8.5,19.9,0.00,0.00,0.00,0,0,0,0,0,9.8,324,324,15.5,25.2,1,3600.00,1017.1,1003.3
2021-04-01T17:00,21.0,0.00,47,9.2,19.7,0.00,0.00,0.00,0,0,0,0,0,7.8,329,326,16.0,23.4,1,3600.00,1016.8,1003.0
2021-04-01T18:00,18.8,0.00,50,8.3,16.7,0.00,0.00,0.00,0,0,0,0,0,11.6,331,330,25.5,24.8,1,3600.00,1017.4,1003.5
2021-04-01T19:00,16.4,0.00,52,6.6,13.9,0.00,0.00,0.00,1,25,25,0,0,11.6,338,338,27.1,26.6,0,1477.71,1017.9,1003.8
2021-04-01T20:00,14.9,0.00,57,6.5,12.2,0.00,0.00,0.00,0,0,0,0,0,12.3,345,345,28.7,26.3,0,0.00,1018.3,1004.2
2021-04-01T21:00,14.2,0.00,67,8.1,11.6,0.00,0.00,0.00,0,0,0,0,0,13.8,356,353,28.9,30.2,0,0.00,1019.1,1004.9
2021-04-01T22:00,13.1,0.00,73,8.3,10.7,0.00,0.00,0.00,0,16,16,0,0,13.3,6,358,27.5,29.9,0,0.00,1019.7,1005.5
2021-04-01T23:00,11.8,0.00,74,7.4,9.0,0.00,0.00,0.00,2,52,52,0,0,14.1,7,3,28.0,30.2,0,0.00,1020.6,1006.3
2021-04-02T00:00,10.1,0.00,75,5.9,7.5,0.00,0.00,0.00,0,19,19,0,0,10.8,12,4,23.2,30.2,0,0.00,1021.0,1006.6
2021-04-02T01:00,10.0,0.00,72,5.1,7.5,0.00,0.00,0.00,1,28,29,0,0,8.8,24,19,20.5,23.4,0,0.00,1020.7,1006.3
2021-04-02T02:00,8.9,0.00,68,3.4,6.0,0.00,0.00,0.00,1,31,31,0,0,9.2,22,11,20.2,19.8,0,0.00,1021.0,1006.5
2021-04-02T03:00,7.5,0.00,71,2.6,4.3,0.00,0.00,0.00,1,27,27,0,0,10.1,15,2,21.7,21.2,0,0.00,1021.1,1006.6
2021-04-02T04:00,6.2,0.00,76,2.3,2.9,0.00,0.00,0.00,0,0,0,0,0,10.5,17,4,22.6,22.7,0,0.00,1021.3,1006.7
2021-04-02T05:00,5.0,0.00,82,2.2,1.9,0.00,0.00,0.00,0,0,0,0,0,9.4,16,2,21.0,22.3,0,0.00,1021.4,1006.7
2021-04-02T06:00,4.2,0.00,87,2.2,1.3,0.00,0.00,0.00,0,0,0,0,0,7.6,20,8,19.1,19.8,1,0.00,1021.7,1007.0
2021-04-02T07:00,5.1,0.00,84,2.6,2.1,0.00,0.00,0.00,0,2,1,0,1,8.8,24,9,16.9,17.3,1,1726.30,1022.1,1007.4
2021-04-02T08:00,7.0,0.00,76,3.2,4.2,0.00,0.00,0.00,0,1,0,0,1,8.6,21,15,12.3,20.5,1,3600.00,1022.4,1007.8
2021-04-02T09:00,8.7,0.00,70,3.6,6.0,0.00,0.00,0.00,1,30,29,0,1,8.4,24,20,11.4,22.3,1,3600.00,1022.2,1007.7
2021-04-02T10:00,10.2,0.00,62,3.1,7.1,0.00,0.00,0.00,1,35,0,0,35,9.9,24,19,13.4,25.6,1,3600.00,1022.1,1007.7
2021-04-02T11:00,11.1,0.00,59,3.3,8.0,0.00,0.00,0.00,1,41,0,0,41,10.7,16,14,14.2,27.7,1,3600.00,1021.9,1007.5
2021-04-02T12:00,11.7,0.00,58,3.6,8.9,0.00,0.00,0.00,1,40,0,0,40,11.6,8,5,14.9,29.5,1,3600.00,1021.4,1007.1
2021-04-02T13:00,11.7,0.00,56,3.1,9.1,0.00,0.00,0.00,2,64,0,0,10,11.5,7,4,15.2,31.0,1,3600.00,1021.5,1007.2
2021-04-02T14:00,11.9,0.00,55,3.0,9.0,0.00,0.00,0.00,0,13,0,0,13,13.0,1,358,17.3,32.4,1,3600.00,1021.0,1006.7
2021-04-02T15:00,12.1,0.00,54,3.1,8.7,0.00,0.00,0.00,0,8,0,0,8,14.8,359,357,19.8,34.6,1,3600.00,1020.5,1006.2
2021-04-02T16:00,11.7,0.00,53,2.4,7.9,0.00,0.00,0.00,1,34,0,0,34,14.4,360,359,20.2,35.3,1,3600.00,1020.3,1006.0
2021-04-02T17:00,11.6,0.00,52,2.0,7.8,0.00,0.00,0.00,0,6,0,0,6,14.1,359,357,20.9,34.2,1,3600.00,1020.3,1006.0
2021-04-02T18:00,10.9,0.00,57,2.7,8.2,0.00,0.00,0.00,0,0,0,0,0,6.8,1,360,14.8,31.7,1,3600.00,1020.1,1005.7
2021-04-02T19:00,7.9,0.00,68,2.5,5.4,0.00,0.00,0.00,0,13,0,0,13,5.8,355,356,15.5,15.8,0,1649.35,1020.5,1006.0
2021-04-02T20:00,8.2,0.00,64,1.9,4.3,0.00,0.00,0.00,2,54,0,0,54,13.8,335,332,27.1,27.0,0,0.00,1021.3,1006.8
2021-04-02T21:00,8.0,0.00,62,1.2,3.5,0.00,0.00,0.00,1,49,0,0,49,17.6,348,345,30.1,37.8,0,0.00,1021.9,1007.4
2021-04-02T22:00,6.9,0.00,64,0.7,2.5,0.00,0.00,0.00,1,20,0,0,20,16.5,353,349,28.3,37.4,0,0.00,1022.8,1008.2
2021-04-02T23:00,5.7,0.00,68,0.2,1.5,0.00,0.00,0.00,2,74,0,0,74,14.8,1,357,26.3,35.3,0,0.00,1023.2,1008.5
2021-04-03T00:00,5.4,0.00,70,0.3,1.5,0.00,0.00,0.00,3,97,0,1,97,12.2,1,358,22.7,31.7,0,0.00,1023.4,1008.7
2021-04-03T01:00,5.7,0.00,61,-1.2,1.1,0.00,0.00,0.00,3,81,0,2,98,16.0,14,14,26.0,27.4,0,0.00,1023.9,1009.2
2021-04-03T02:00,5.6,0.00,57,-2.4,1.5,0.00,0.00,0.00,3,91,1,4,91,11.2,5,2,19.5,34.2,0,0.00,1023.9,1009.2
2021-04-03T03:00,5.5,0.00,57,-2.2,2.1,0.00,0.00,0.00,3,93,75,10,74,6.9,1,354,14.0,24.5,0,0.00,1023.4,1008.7
2021-04-03T04:00,4.8,0.00,63,-1.6,1.7,0.00,0.00,0.00,1,25,16,12,10,4.9,351,343,13.1,15.8,0,0.00,1023.6,1008.9
2021-04-03T05:00,3.3,0.00,73,-1.0,0.2,0.00,0.00,0.00,0,13,0,8,12,5.6,333,333,15.3,12.2,0,0.00,1023.5,1008.7
2021-04-03T06:00,3.2,0.00,75,-0.7,-0.2,0.00,0.00,0.00,1,40,7,23,34,8.4,348,350,19.8,17.6,1,0.00,1023.9,1009.1
2021-04-03T07:00,4.4,0.00,78,0.8,1.1,0.00,0.00,0.00,0,4,0,1,3,8.4,356,350,17.3,20.2,1,1198.34,1024.3,1009.5
2021-04-03T08:00,5.8,0.00,73,1.4,2.0,0.00,0.00,0.00,1,20,0,0,20,12.6,4,2,18.4,27.4,1,3600.00,1024.7,1010.0
2021-04-03T09:00,6.7,0.00,65,0.5,2.5,0.00,0.00,0.00,0,18,0,0,18,14.6,11,10,20.5,34.9,1,3600.00,1025.3,1010.7
2021-04-03T10:00,7.7,0.00,59,0.2,3.7,0.00,0.00,0.00,0,5,0,0,5,12.7,9,7,17.5,34.6,1,3600.00,1025.4,1010.8
2021-04-03T11:00,9.7,0.00,52,0.2,6.0,0.00,0.00,0.00,2,73,0,37,72,13.8,22,20,18.6,33.8,1,3600.00,1025.1,1010.6
2021-04-03T12:00,9.9,0.00,49,-0.3,5.7,0.00,0.00,0.00,3,92,16,81,90,13.8,30,28,19.2,33.8,1,3600.00,1025.0,1010.5
2021-04-03T13:00,9.8,0.00,46,-1.2,5.9,0.00,0.00,0.00,3,100,0,100,83,11.3,33,31,15.9,32.8,1,3600.00,1025.3,1010.8
2021-04-03T14:00,10.1,0.00,45,-1.3,6.3,0.00,0.00,0.00,3,100,0,100,100,9.8,28,24,13.8,26.3,1,0.00,1024.9,1010.4
2021-04-03T15:00,10.5,0.00,42,-1.8,6.5,0.00,0.00,0.00,3,100,2,100,24,11.2,23,21,16.0,25.2,1,0.00,1024.5,1010.1
2021-04-03T16:00,10.6,0.00,41,-2.1,6.2,0.00,0.00,0.00,3,100,49,100,11,13.4,21,20,19.7,29.9,1,134.43,1024.3,1009.9
2021-04-03T17:00,10.3,0.00,44,-1.5,6.0,0.00,0.00,0.00,3,89,60,71,49,13.8,21,20,21.2,32.4,1,795.31,1024.2,1009.8
2021-04-03T18:00,9.7,0.00,45,-1.7,5.8,0.00,0.00,0.00,3,96,76,84,17,10.3,26,25,18.8,30.2,1,2884.13,1024.4,1009.9
2021-04-03T19:00,8.8,0.00,46,-2.2,5.0,0.00,0.00,0.00,1,40,17,35,1,9.2,39,39,18.9,23.0,0,0.00,1024.7,1010.2
2021-04-03T20:00,6.7,0.00,54,-2.1,3.1,0.00,0.00,0.00,0,10,0,10,0,7.9,40,43,19.2,20.5,0,0.00,1025.2,1010.6
2021-04-03T21:00,5.6,0.00,57,-2.3,1.8,0.00,0.00,0.00,1,20,15,6,0,8.9,39,43,21.8,19.1,0,0.00,1025.4,1010.7
2021-04-03T22:00,5.2,0.00,58,-2.5,1.3,0.00,0.00,0.00,0,1,0,1,0,9.7,41,42,23.2,20.9,0,0.00,1025.6,1010.9
2021-04-03T23:00,4.7,0.00,60,-2.4,0.9,0.00,0.00,0.00,0,4,4,1,0,8.9,38,43,21.5,20.5,0,0.00,1025.6,1010.8
2021-04-04T00:00,4.0,0.00,64,-2.2,0.4,0.00,0.00,0.00,0,0,0,0,0,7.7,33,41,19.0,18.7,0,0.00,1025.5,1010.7
2021-04-04T01:00,3.7,0.00,64,-2.4,0.1,0.00,0.00,0.00,0,0,0,0,0,7.7,32,37,19.6,15.8,0,0.00,1025.1,1010.3
2021-04-04T02:00,3.1,0.00,68,-2.2,-0.3,0.00,0.00,0.00,0,1,0,1,0,6.6,30,29,19.2,16.2,0,0.00,1024.9,1010.1
2021-04-04T03:00,1.8,0.00,78,-1.7,-1.8,0.00,0.00,0.00,0,6,0,1,5,8.0,21,5,15.8,14.8,0,0.00,1024.9,1010.0
2021-04-04T04:00,1.5,0.00,80,-1.7,-1.9,0.00,0.00,0.00,0,5,0,1,4,7.0,14,339,11.9,14.4,0,0.00,1024.8,1009.9
2021-04-04T05:00,3.2,0.00,71,-1.5,0.3,0.00,0.00,0.00,0,2,0,1,1,3.2,33,360,7.3,11.9,0,0.00,1025.0,1010.2
2021-04-04T06:00,2.8,0.00,74,-1.4,0.4,0.00,0.00,0.00,0,1,0,1,0,0.4,83,180,2.9,6.8,1,0.00,1024.9,1010.1
2021-04-04T07:00,2.6,0.00,79,-0.6,-0.0,0.00,0.00,0.00,0,1,0,1,0,2.8,284,320,1.5,4.3,1,1976.10,1024.9,1010.0
2021-04-04T08:00,4.6,0.00,76,0.6,1.8,0.00,0.00,0.00,0,2,0,1,2,4.7,332,328,6.1,13.7,1,3600.00,1025.1,1010.3
2021-04-04T09:00,6.6,0.00,70,1.5,4.0,0.00,0.00,0.00,0,1,0,1,1,4.6,327,321,6.0,15.8,1,3600.00,1025.0,1010.4
2021-04-04T10:00,8.3,0.00,66,2.3,5.7,0.00,0.00,0.00,0,1,0,1,1,5.9,323,317,7.7,19.1,1,3600.00,1024.5,1010.0
2021-04-04T11:00,9.8,0.00,59,2.1,7.6,0.00,0.00,0.00,1,36,0,1,36,6.4,322,317,8.2,20.9,1,3600.00,1024.1,1009.6
2021-04-04T12:00,10.6,0.00,55,2.0,8.1,0.00,0.00,0.00,2,68,0,1,68,7.7,321,319,9.7,22.7,1,3600.00,1023.7,1009.3
2021-04-04T13:00,11.6,0.00,48,0.8,8.6,0.00,0.00,0.00,1,48,0,1,98,6.8,301,302,8.4,25.2,1,3600.00,1023.1,1008.7
2021-04-04T14:00,11.9,0.00,46,0.6,9.0,0.00,0.00,0.00,1,31,0,0,31,8.4,312,313,10.7,23.4,1,3600.00,1022.4,1008.1
2021-04-04T15:00,12.0,0.00,46,0.7,8.7,0.00,0.00,0.00,0,0,0,0,0,8.7,315,315,11.2,23.4,1,3600.00,1021.6,1007.3
2021-04-04T16:00,11.7,0.00,49,1.4,8.4,0.00,0.00,0.00,0,0,0,0,0,9.4,316,317,12.5,24.5,1,3600.00,1020.9,1006.6
2021-04-04T17:00,11.1,0.00,53,1.9,8.3,0.00,0.00,0.00,0,1,0,0,1,7.1,329,330,9.7,24.1,1,3600.00,1020.2,1005.9
2021-04-04T18:00,10.2,0.00,64,3.7,8.2,0.00,0.00,0.00,0,0,0,0,0,3.3,11,13,7.3,18.0,1,3600.00,1019.8,1005.4
2021-04-04T19:00,8.6,0.00,63,1.9,6.0,0.00,0.00,0.00,0,0,0,0,0,5.2,43,65,5.9,8.6,1,1828.71,1019.4,1004.9
2021-04-04T20:00,8.7,0.00,60,1.5,6.3,0.00,0.00,0.00,0,0,0,0,0,3.6,15,53,4.1,7.6,0,0.00,1019.3,1004.8
2021-04-04T21:00,4.7,0.00,80,1.5,1.7,0.00,0.00,0.00,0,0,0,0,0,7.3,348,9,8.5,10.1,0,0.00,1019.3,1004.6
2021-04-04T22:00,4.4,0.00,81,1.4,1.7,0.00,0.00,0.00,0,12,12,0,0,5.4,357,4,11.9,10.8,0,0.00,1018.5,1003.8
2021-04-04T23:00,2.8,0.00,86,0.7,-0.4,0.00,0.00,0.00,0,0,0,0,0,7.7,13,41,7.8,10.8,0,0.00,1017.7,1003.0
2021-04-05T00:00,3.0,0.00,82,0.2,0.5,0.00,0.00,0.00,0,0,0,0,0,2.6,188,106,2.5,10.4,0,0.00,1016.9,1002.2
2021-04-05T01:00,2.7,0.00,85,0.4,-0.4,0.00,0.00,0.00,0,0,2,0,0,6.9,215,152,7.0,10.4,0,0.00,1015.8,1001.1
2021-04-05T02:00,3.3,0.00,85,1.0,0.4,0.00,0.00,0.00,3,87,87,0,0,6.5,214,177,15.6,14.8,0,0.00,1015.3,1000.6
2021-04-05T03:00,3.2,0.00,90,1.7,0.1,0.00,0.00,0.00,3,97,97,0,0,8.7,224,197,21.4,18.7,0,0.00,1014.1,999.4
2021-04-05T04:00,3.6,0.00,89,2.0,0.4,0.00,0.00,0.00,3,97,97,0,0,9.3,226,208,23.7,20.9,0,0.00,1013.3,998.7
2021-04-05T05:00,4.3,0.00,87,2.2,0.7,0.00,0.00,0.00,3,97,97,0,0,12.0,228,219,26.5,25.9,0,0.00,1012.3,997.7
2021-04-05T06:00,4.6,0.00,87,2.5,0.9,0.00,0.00,0.00,3,97,97,0,0,13.5,232,226,27.9,29.2,1,0.00,1011.7,997.1
2021-04-05T07:00,5.7,0.00,80,2.6,1.6,0.00,0.00,0.00,3,98,98,0,2,16.2,235,233,28.5,35.6,1,0.00,1011.1,996.6
2021-04-05T08:00,6.5,0.00,76,2.6,2.3,0.00,0.00,0.00,3,99,98,89,2,16.8,230,227,26.6,36.4,1,799.64,1010.8,996.4
2021-04-05T09:00,7.7,0.00,70,2.6,2.9,0.00,0.00,0.00,3,100,100,95,12,21.2,238,238,31.1,47.9,1,3600.00,1010.1,995.7
2021-04-05T10:00,8.3,0.00,68,2.7,3.4,0.00,0.00,0.00,3,100,100,100,46,22.0,248,249,32.3,48.2,1,1187.70,1009.4,995.1
2021-04-05T11:00,8.7,0.00,67,2.8,3.2,0.00,0.00,0.00,3,100,100,100,100,26.4,263,264,39.5,56.9,1,0.00,1009.1,994.8
2021-04-05T12:00,8.8,0.00,67,3.1,3.8,0.00,0.00,0.00,3,100,96,99,78,22.7,267,267,35.0,57.6,1,0.00,1008.8,994.5
2021-04-05T13:00,7.4,0.10,73,2.8,2.5,0.10,0.00,0.00,51,100,96,100,83,22.1,254,254,34.5,52.2,1,0.00,1008.8,994.4
2021-04-05T14:00,6.5,0.60,81,3.5,1.6,0.60,0.00,0.00,53,100,35,100,81,22.7,255,255,36.5,48.6,1,0.00,1008.4,994.0
2021-04-05T15:00,4.3,1.50,90,2.8,-1.5,1.50,0.00,0.00,61,100,0,100,94,28.5,303,302,44.7,63.7,1,0.00,1009.6,995.1
2021-04-05T16:00,3.2,0.60,90,1.8,-2.1,0.60,0.00,0.00,53,100,0,100,53,24.1,323,322,37.8,59.8,1,0.00,1010.4,995.8
2021-04-05T17:00,2.3,0.20,81,-0.7,-2.6,0.20,0.00,0.00,51,100,0,100,7,17.7,324,322,31.2,53.3,1,0.00,1011.4,996.7
2021-04-05T18:00,2.5,0.00,76,-1.3,-2.5,0.00,0.00,0.00,1,41,0,37,12,17.8,319,317,28.6,40.0,1,0.00,1012.1,997.4
2021-04-05T19:00,2.0,0.00,70,-2.9,-2.4,0.00,0.00,0.00,0,15,0,0,15,12.6,314,307,23.9,38.2,1,1213.14,1012.7,998.0
2021-04-05T20:00,1.3,0.00,66,-4.3,-3.4,0.00,0.00,0.00,0,1,0,0,1,14.0,321,318,26.9,31.0,0,0.00,1013.8,999.0
2021-04-05T21:00,0.6,0.00,67,-4.8,-4.1,0.00,0.00,0.00,0,0,0,0,0,12.7,320,315,25.5,31.0,0,0.00,1014.8,1000.0
2021-04-05T22:00,0.1,0.00,68,-5.1,-4.5,0.00,0.00,0.00,0,0,0,0,0,11.8,311,308,24.5,28.4,0,0.00,1015.3,1000.4
2021-04-05T23:00,-0.7,0.00,73,-4.9,-4.7,0.00,0.00,0.00,0,0,0,0,0,8.7,302,294,20.9,26.3,0,0.00,1015.9,1001.0
2021-04-06T00:00,-1.6,0.00,80,-4.5,-5.3,0.00,0.00,0.00,0,0,0,0,0,6.5,275,251,17.0,20.5,0,0.00,1016.2,1001.2
2021-04-06T01:00,-1.0,0.00,79,-4.1,-5.4,0.00,0.00,0.00,0,0,0,0,4,12.0,252,249,24.9,19.8,0,0.00,1016.0,1001.1
2021-04-06T02:00,-1.1,0.00,82,-3.9,-5.9,0.00,0.00,0.00,1,25,0,0,25,14.2,237,234,27.4,29.5,0,0.00,1016.0,1001.1
2021-04-06T03:00,-1.2,0.00,84,-3.6,-6.0,0.00,0.00,0.00,3,92,0,90,35,15.3,231,229,27.2,32.8,0,0.00,1015.4,1000.5
2021-04-06T04:00,-1.1,0.10,83,-3.7,-5.9,0.00,0.00,0.07,71,90,0,89,25,14.8,236,231,26.2,33.1,0,0.00,1015.3,1000.4
2021-04-06T05:00,-1.1,0.00,81,-3.9,-6.0,0.00,0.00,0.00,3,100,0,45,100,15.7,236,233,27.5,33.8,0,0.00,1015.0,1000.1
2021-04-06T06:00,-0.6,0.00,80,-3.6,-5.6,0.00,0.00,0.00,3,87,0,44,79,15.9,234,231,30.4,33.8,1,0.00,1014.7,999.8
2021-04-06T07:00,-0.3,0.00,80,-3.4,-5.3,0.00,0.00,0.00,3,91,0,58,86,16.4,232,232,28.7,34.9,1,74.96,1014.9,1000.0
2021-04-06T08:00,0.5,0.00,75,-3.4,-4.6,0.00,0.00,0.00,3,93,0,79,87,17.1,237,235,25.8,37.4,1,973.93,1015.1,1000.3
2021-04-06T09:00,1.7,0.00,70,-3.1,-3.3,0.00,0.00,0.00,3,80,0,59,63,17.1,240,240,24.5,38.2,1,1889.48,1015.0,1000.2
2021-04-06T10:00,4.0,0.10,59,-3.2,-0.6,0.00,0.00,0.07,71,86,0,76,66,14.0,272,270,19.5,44.6,1,3600.00,1014.4,999.8
2021-04-06T11:00,5.0,0.10,58,-2.7,0.4,0.00,0.00,0.07,71,98,0,77,95,14.2,281,279,19.4,43.6,1,3600.00,1014.1,999.5
2021-04-06T12:00,5.1,0.70,50,-4.5,-0.1,0.00,0.00,0.49,73,64,0,64,4,17.2,303,303,24.2,40.7,1,2203.11,1013.3,998.7
2021-04-06T13:00,3.1,0.20,74,-1.2,-1.7,0.00,0.00,0.14,71,54,3,94,1,17.0,279,276,23.7,45.7,1,3600.00,1014.1,999.4
2021-04-06T14:00,4.2,0.30,65,-1.8,-1.0,0.10,0.00,0.14,71,87,0,86,29,19.5,272,272,27.7,45.7,1,2558.04,1013.3,998.7
2021-04-06T15:00,4.6,0.10,63,-1.9,-0.7,0.10,0.00,0.00,51,79,0,78,23,19.4,287,288,27.6,50.0,1,3600.00,1012.8,998.2
2021-04-06T16:00,5.1,0.00,52,-3.9,-0.4,0.00,0.00,0.00,2,51,2,49,6,19.6,279,277,28.4,51.5,1,3600.00,1012.2,997.7
2021-04-06T17:00,5.2,0.00,48,-5.0,-0.7,0.00,0.00,0.00,2,67,0,66,12,20.9,286,285,30.7,51.8,1,3600.00,1011.7,997.2
2021-04-06T18:00,3.3,0.10,66,-2.4,-1.5,0.00,0.00,0.07,71,98,1,98,8,16.3,299,298,27.2,50.0,1,3600.00,1012.0,997.4
2021-04-06T19:00,2.9,0.00,64,-3.2,-1.5,0.00,0.00,0.00,3,95,2,95,1,12.9,299,297,23.5,36.4,1,0.00,1011.9,997.3
2021-04-06T20:00,2.5,0.00,62,-4.1,-1.8,0.00,0.00,0.00,3,97,11,97,14,11.1,290,283,21.1,28.1,0,0.00,1012.5,997.8
2021-04-06T21:00,2.2,0.00,62,-4.4,-2.3,0.00,0.00,0.00,3,96,31,96,20,12.2,288,284,22.7,26.6,0,0.00,1012.7,998.0
2021-04-06T22:00,1.6,0.10,66,-4.1,-3.1,0.00,0.00,0.07,71,98,86,97,25,13.4,296,294,23.7,28.8,0,0.00,1013.1,998.4
2021-04-06T23:00,0.9,0.10,72,-3.7,-3.7,0.00,0.00,0.07,71,98,93,98,8,13.6,291,287,23.6,29.9,0,0.00,1013.5,998.7
2021-04-07T00:00,0.3,0.10,75,-3.7,-4.1,0.00,0.00,0.07,71,99,94,99,0,12.1,284,280,21.9,29.2,0,0.00,1013.7,998.9
2021-04-07T01:00,0.3,0.00,77,-3.2,-4.0,0.00,0.00,0.00,3,99,75,99,28,11.8,302,297,21.2,27.0,0,0.00,1014.3,999.5
2021-04-07T02:00,0.1,0.10,77,-3.5,-3.9,0.00,0.01,0.07,71,99,66,98,16,9.4,280,274,18.3,25.6,0,0.00,1014.6,999.8
2021-04-07T03:00,-0.1,0.10,78,-3.6,-4.4,0.00,0.01,0.07,71,96,13,91,89,11.3,267,263,20.2,23.8,0,0.00,1015.0,1000.1
2021-04-07T04:00,-0.2,0.20,80,-3.3,-4.6,0.00,0.01,0.14,71,95,7,72,86,11.9,280,273,20.8,25.9,0,0.00,1015.5,1000.6
2021-04-07T05:00,0.1,0.10,79,-3.2,-4.2,0.00,0.01,0.07,71,58,0,7,57,11.7,295,288,20.6,25.9,0,0.00,1016.1,1001.2
2021-04-07T06:00,-0.7,0.00,82,-3.4,-4.9,0.00,0.01,0.00,3,87,0,0,87,11.3,286,277,21.8,26.3,1,0.00,1016.9,1002.0
2021-04-07T07:00,0.1,0.00,76,-3.5,-4.4,0.00,0.01,0.00,2,74,0,0,74,13.3,272,268,21.3,28.1,1,510.53,1018.0,1003.1
2021-04-07T08:00,0.7,0.10,71,-4.0,-4.4,0.00,0.01,0.07,71,82,0,76,32,16.6,271,270,24.5,37.8,1,3177.38,1018.9,1004.0
2021-04-07T09:00,0.9,0.90,71,-3.7,-4.0,0.00,0.01,0.63,73,100,0,100,53,15.3,241,240,21.4,49.7,1,3600.00,1019.3,1004.4
2021-04-07T10:00,1.9,0.30,68,-3.4,-3.9,0.00,0.01,0.21,73,100,0,98,100,21.4,251,250,30.9,47.2,1,859.83,1019.3,1004.5
2021-04-07T11:00,3.4,0.20,61,-3.4,-2.1,0.00,0.01,0.14,71,99,0,99,86,19.8,260,258,28.9,47.9,1,861.38,1019.2,1004.5
2021-04-07T12:00,3.5,0.20,59,-3.7,-2.6,0.00,0.01,0.14,71,100,0,100,60,23.6,257,258,34.7,50.0,1,0.00,1019.0,1004.3
2021-04-07T13:00,3.4,0.30,63,-3.1,-2.7,0.00,0.02,0.21,73,99,0,98,92,23.7,261,260,35.3,52.2,1,0.00,1020.0,1005.3
2021-04-07T14:00,3.5,0.10,60,-3.6,-3.2,0.00,0.02,0.07,71,99,1,99,99,27.8,260,260,40.9,59.8,1,0.00,1020.1,1005.4
2021-04-07T15:00,3.6,0.10,62,-3.0,-2.8,0.10,0.02,0.00,51,97,65,91,90,25.9,269,268,38.5,59.8,1,1119.41,1020.6,1005.9
2021-04-07T16:00,3.0,0.20,68,-2.4,-2.8,0.00,0.02,0.14,71,99,78,95,95,22.9,258,257,34.6,55.8,1,0.00,1021.0,1006.2
2021-04-07T17:00,3.9,0.10,66,-1.9,-0.8,0.10,0.02,0.00,51,100,93,98,100,15.3,260,255,26.3,49.0,1,0.00,1020.9,1006.2
2021-04-07T18:00,4.5,0.10,64,-1.7,-0.4,0.10,0.02,0.00,51,100,87,100,100,17.1,279,278,29.2,38.9,1,0.00,1021.0,1006.3
2021-04-07T19:00,4.4,0.00,61,-2.4,-0.5,0.00,0.02,0.00,3,100,83,100,46,16.6,276,274,28.6,37.8,1,0.00,1021.5,1006.8
2021-04-07T20:00,4.2,0.00,60,-2.8,-0.7,0.00,0.02,0.00,3,91,44,89,61,16.2,277,274,27.9,37.4,0,0.00,1022.3,1007.6
2021-04-07T21:00,3.8,0.00,61,-3.0,-0.7,0.00,0.02,0.00,3,83,3,77,61,13.3,278,273,24.3,35.3,0,0.00,1022.8,1008.0
2021-04-07T22:00,3.4,0.00,63,-3.1,-1.1,0.00,0.02,0.00,2,59,0,58,26,13.0,269,265,24.8,29.5,0,0.00,1023.1,1008.3
2021-04-07T23:00,2.8,0.00,65,-3.1,-1.5,0.00,0.02,0.00,1,37,0,32,12,12.2,284,284,23.4,29.2,0,0.00,1023.6,1008.8
2021-04-08T00:00,1.6,0.00,71,-3.1,-2.5,0.00,0.02,0.00,2,75,0,71,31,10.5,297,292,22.2,27.0,0,0.00,1024.1,1009.2
2021-04-08T01:00,2.1,0.00,80,-1.0,-1.8,0.00,0.02,0.00,3,97,0,78,5,10.9,285,279,22.7,24.8,0,0.00,1024.0,1009.1
2021-04-08T02:00,2.3,0.00,77,-1.4,-1.7,0.00,0.02,0.00,2,72,0,72,5,11.4,284,281,21.9,25.6,0,0.00,1024.3,1009.4
2021-04-08T03:00,1.6,0.00,78,-1.8,-2.1,0.00,0.02,0.00,1,41,3,40,2,8.8,284,279,20.0,24.8,0,0.00,1024.9,1010.0
2021-04-08T04:00,0.9,0.00,79,-2.4,-2.7,0.00,0.02,0.00,1,45,36,31,2,7.6,279,275,18.9,19.8,0,0.00,1025.2,1010.2
2021-04-08T05:00,-0.2,0.00,82,-2.8,-3.7,0.00,0.02,0.00,1,30,24,25,4,6.5,271,267,18.0,17.3,0,0.00,1025.6,1010.6
2021-04-08T06:00,-1.4,0.00,85,-3.7,-5.0,0.00,0.02,0.00,2,57,31,49,24,6.5,271,267,15.1,14.4,1,0.00,1026.0,1010.9
2021-04-08T07:00,1.0,0.00,80,-2.0,-2.2,0.00,0.02,0.00,2,58,39,30,32,5.2,265,245,11.6,13.3,1,2472.28,1026.6,1011.6
2021-04-08T08:00,2.6,0.00,71,-2.2,-0.7,0.00,0.02,0.00,2,69,44,26,47,5.5,254,247,7.9,15.8,1,3600.00,1027.1,1012.2
2021-04-08T09:00,3.8,0.00,66,-2.1,0.5,0.00,0.02,0.00,2,62,6,40,52,5.4,265,262,7.6,17.3,1,3600.00,1027.4,1012.6
2021-04-08T10:00,5.1,0.00,57,-2.7,1.7,0.00,0.02,0.00,3,93,1,90,92,6.1,270,267,8.3,19.8,1,3600.00,1027.3,1012.5
2021-04-08T11:00,5.8,0.00,51,-3.6,2.2,0.00,0.02,0.00,3,100,0,100,100,6.8,254,252,9.0,20.2,1,3600.00,1027.1,1012.4
2021-04-08T12:00,6.0,0.00,49,-4.0,2.4,0.00,0.02,0.00,3,100,0,98,100,6.3,240,239,8.7,20.2,1,0.00,1026.8,1012.1
2021-04-08T13:00,6.0,0.00,49,-4.1,2.6,0.00,0.01,0.00,3,100,0,55,97,5.0,201,201,7.0,18.7,1,263.80,1026.7,1012.0
2021-04-08T14:00,7.3,0.00,44,-4.0,3.6,0.00,0.01,0.00,2,72,0,14,71,6.9,217,219,9.5,19.8,1,3593.48,1025.8,1011.2
2021-04-08T15:00,8.3,0.00,42,-3.8,4.2,0.00,0.01,0.00,1,41,0,27,39,10.4,236,236,14.3,26.6,1,3600.00,1025.2,1010.6
2021-04-08T16:00,8.3,0.00,42,-3.8,4.1,0.00,0.01,0.00,2,55,0,54,24,10.9,243,243,15.3,27.0,1,3600.00,1024.6,1010.0
2021-04-08T17:00,8.2,0.00,43,-3.5,4.1,0.00,0.01,0.00,1,46,0,45,31,10.0,235,232,14.5,26.6,1,3600.00,1024.0,1009.5
2021-04-08T18:00,7.5,0.00,49,-2.4,3.9,0.00,0.01,0.00,1,20,0,18,19,7.6,230,225,15.6,23.4,1,3600.00,1023.8,1009.2
2021-04-08T19:00,3.8,0.00,67,-1.9,0.2,0.00,0.01,0.00,0,5,0,5,3,7.9,247,227,14.0,17.6,1,2185.32,1023.6,1008.8
2021-04-08T20:00,6.3,0.00,50,-3.3,3.0,0.00,0.01,0.00,0,6,5,2,0,5.2,255,192,8.2,14.0,0,0.00,1023.7,1009.1
2021-04-08T21:00,2.7,0.00,68,-2.7,-0.7,0.00,0.01,0.00,1,30,29,0,0,6.4,178,142,11.9,11.5,0,0.00,1023.6,1008.8
2021-04-08T22:00,2.3,0.00,68,-3.0,-1.2,0.00,0.01,0.00,1,38,38,0,0,6.7,168,126,14.3,13.7,0,0.00,1023.0,1008.2
2021-04-08T23:00,2.3,0.00,66,-3.4,-1.9,0.00,0.01,0.00,2,58,54,43,0,10.7,152,130,22.9,20.5,0,0.00,1022.5,1007.7
2021-04-09T00:00,2.0,0.00,68,-3.3,-2.3,0.00,0.01,0.00,3,82,65,72,0,11.9,144,125,25.8,23.8,0,0.00,1022.4,1007.6
2021-04-09T01:00,2.8,0.00,64,-3.3,-1.5,0.00,0.01,0.00,1,37,84,22,0,11.4,136,118,23.7,24.8,0,0.00,1021.4,1006.6
2021-04-09T02:00,1.6,0.00,69,-3.5,-2.6,0.00,0.01,0.00,2,61,60,0,0,10.8,133,111,23.2,22.7,0,0.00,1021.0,1006.2
2021-04-09T03:00,0.8,0.00,72,-3.7,-3.3,0.00,0.01,0.00,3,99,99,0,0,10.2,140,113,20.2,21.2,0,0.00,1020.5,1005.6
2021-04-09T04:00,0.6,0.00,73,-3.7,-3.4,0.00,0.01,0.00,1,42,42,0,0,9.2,151,116,17.2,19.8,0,0.00,1020.3,1005.4
2021-04-09T05:00,0.2,0.00,75,-3.8,-3.8,0.00,0.01,0.00,3,97,97,2,0,9.0,164,119,16.5,18.0,0,0.00,1020.0,1005.1
2021-04-09T06:00,0.9,0.00,71,-3.7,-3.0,0.00,0.01,0.00,3,97,97,0,0,8.8,168,125,17.3,18.0,1,0.00,1019.5,1004.6
2021-04-09T07:00,2.8,0.00,68,-2.4,-0.9,0.00,0.01,0.00,3,100,100,10,0,8.7,175,135,16.6,17.6,1,160.80,1019.5,1004.7
2021-04-09T08:00,5.4,0.00,62,-1.4,1.9,0.00,0.01,0.00,3,100,100,40,0,7.9,176,156,14.1,18.4,1,3600.00,1019.4,1004.8
2021-04-09T09:00,7.5,0.00,55,-1.0,3.9,0.00,0.01,0.00,3,99,99,26,0,9.0,189,185,13.1,23.4,1,3600.00,1019.2,1004.7
2021-04-09T10:00,9.5,0.00,51,-0.2,6.0,0.00,0.01,0.00,3,100,100,99,0,9.1,201,198,13.1,24.8,1,3600.00,1018.7,1004.3
2021-04-09T11:00,10.8,0.00,47,0.1,7.1,0.00,0.01,0.00,3,99,97,95,0,11.0,200,199,15.7,28.1,1,3600.00,1018.2,1003.9
2021-04-09T12:00,11.8,0.00,47,0.8,8.0,0.00,0.01,0.00,3,97,96,56,0,12.2,201,199,17.0,29.5,1,3600.00,1017.3,1003.0
2021-04-09T13:00,13.3,0.00,45,1.5,10.3,0.00,0.01,0.00,3,85,93,71,0,15.0,216,215,20.4,36.0,1,3600.00,1016.1,1001.9
2021-04-09T14:00,13.8,0.00,44,1.8,10.3,0.00,0.01,0.00,3,95,94,70,0,16.1,221,220,22.7,37.8,1,3600.00,1015.6,1001.5
2021-04-09T15:00,14.4,0.00,43,2.0,10.4,0.00,0.01,0.00,3,96,96,75,0,16.8,226,225,24.2,38.9,1,3600.00,1015.0,1000.9
2021-04-09T16:00,14.3,0.00,46,2.9,10.5,0.00,0.01,0.00,3,95,95,56,0,14.8,226,225,22.1,38.9,1,3600.00,1014.5,1000.4
2021-04-09T17:00,13.8,0.00,53,4.3,10.9,0.00,0.01,0.00,2,72,50,61,0,10.4,216,214,18.8,33.5,1,3600.00,1014.2,1000.1
2021-04-09T18:00,12.5,0.00,62,5.4,10.4,0.00,0.00,0.00,3,92,86,77,0,6.4,223,218,17.3,24.1,1,3600.00,1014.2,1000.0
2021-04-09T19:00,9.6,0.00,68,4.0,7.1,0.00,0.00,0.00,3,88,84,38,0,7.3,230,200,16.9,15.8,1,518.21,1014.0,999.7
2021-04-09T20:00,9.6,0.00,66,3.5,7.2,0.00,0.00,0.00,3,94,51,91,0,5.9,224,169,15.5,15.8,0,0.00,1014.3,1000.0
2021-04-09T21:00,11.1,0.00,61,3.9,8.0,0.00,0.00,0.00,3,96,14,95,1,11.7,228,214,27.0,24.5,0,0.00,1014.9,1000.6
2021-04-09T22:00,10.3,0.20,71,5.2,7.9,0.20,0.00,0.00,51,97,21,97,0,8.6,228,213,22.2,28.8,0,0.00,1014.8,1000.5
2021-04-09T23:00,9.6,0.00,75,5.4,7.1,0.00,0.00,0.00,2,73,0,73,6,9.7,201,178,22.0,20.9,0,0.00,1014.3,1000.0
2021-04-10T00:00,9.1,0.00,76,5.1,6.5,0.00,0.00,0.00,2,66,0,65,23,9.7,190,165,22.7,22.0,0,0.00,1013.8,999.4
2021-04-10T01:00,10.4,0.00,66,4.3,7.4,0.00,0.00,0.00,3,100,23,58,6,11.2,202,186,25.2,26.3,0,0.00,1013.0,998.7
2021-04-10T02:00,10.9,0.00,66,4.8,7.3,0.00,0.00,0.00,3,97,7,96,4,16.2,217,212,31.4,34.2,0,0.00,1012.8,998.5
2021-04-10T03:00,10.2,0.50,77,6.4,6.8,0.50,0.00,0.00,53,94,40,91,41,17.0,219,216,31.7,43.9,0,0.00,1012.7,998.4
2021-04-10T04:00,10.1,0.20,76,6.1,6.4,0.20,0.00,0.00,51,94,81,72,33,18.4,221,219,33.9,40.3,0,0.00,1012.8,998.5
2021-04-10T05:00,9.6,0.20,79,6.2,5.8,0.20,0.00,0.00,51,100,24,98,100,19.4,235,235,34.2,43.2,0,0.00,1013.4,999.1
2021-04-10T06:00,9.4,0.10,82,6.5,5.9,0.10,0.00,0.00,51,100,48,99,100,18.2,234,231,31.7,41.8,1,0.00,1013.9,999.6
2021-04-10T07:00,9.4,0.00,79,5.9,5.7,0.00,0.00,0.00,3,100,81,82,100,18.2,234,232,31.7,39.6,1,0.00,1014.8,1000.4
2021-04-10T08:00,9.4,0.00,75,5.3,5.7,0.00,0.00,0.00,3,100,74,78,100,17.1,233,231,29.0,39.6,1,0.00,1015.4,1001.0
2021-04-10T09:00,9.4,0.00,76,5.3,6.1,0.00,0.00,0.00,3,100,40,99,100,14.3,227,225,24.0,37.1,1,0.00,1015.8,1001.4
2021-04-10T10:00,9.2,0.10,78,5.5,6.6,0.10,0.00,0.00,51,100,0,100,100,10.4,228,224,18.9,31.7,1,0.00,1016.1,1001.7
2021-04-10T11:00,10.7,0.00,70,5.5,8.1,0.00,0.00,0.00,3,100,4,66,100,10.6,217,215,15.4,25.9,1,0.00,1016.0,1001.7
2021-04-10T12:00,12.4,0.00,63,5.5,9.4,0.00,0.00,0.00,3,100,0,85,100,13.0,221,219,18.1,30.6,1,1773.49,1015.5,1001.3
2021-04-10T13:00,10.6,0.00,75,6.4,8.6,0.00,0.00,0.00,3,100,81,97,100,7.6,191,185,11.4,30.6,1,680.01,1015.2,1000.9
2021-04-10T14:00,11.0,0.20,76,6.9,9.1,0.20,0.00,0.00,51,99,97,87,82,7.1,174,165,10.5,20.2,1,0.00,1014.7,1000.4
2021-04-10T15:00,12.3,0.00,70,7.0,10.6,0.00,0.00,0.00,3,88,79,57,16,6.3,161,156,8.8,19.1,1,0.00,1013.7,999.5
2021-04-10T16:00,13.8,0.00,66,7.5,12.3,0.00,0.00,0.00,3,96,95,78,11,6.2,197,201,8.7,19.1,1,3600.00,1013.1,999.0
2021-04-10T17:00,13.9,0.00,65,7.5,12.8,0.00,0.00,0.00,3,93,49,90,0,2.5,186,180,3.6,18.0,1,3328.66,1012.3,998.2
2021-04-10T18:00,13.0,0.00,76,8.9,12.2,0.00,0.00,0.00,3,95,87,88,0,3.3,106,84,7.9,9.0,1,799.55,1011.9,997.8
2021-04-10T19:00,11.6,0.00,77,7.7,9.7,0.00,0.00,0.00,3,98,94,83,0,8.8,111,102,18.9,16.2,1,0.00,1011.6,997.4
2021-04-10T20:00,11.5,0.00,74,7.1,8.9,0.00,0.00,0.00,3,99,90,98,0,12.7,113,105,26.1,25.9,0,0.00,1011.4,997.2
2021-04-10T21:00,11.8,0.00,71,6.8,9.3,0.00,0.00,0.00,3,91,61,81,0,11.5,118,110,25.0,25.9,0,0.00,1011.3,997.1
2021-04-10T22:00,11.1,0.00,74,6.6,8.6,0.00,0.00,0.00,3,97,94,79,3,11.0,130,122,24.5,23.8,0,0.00,1011.1,996.9
2021-04-10T23:00,10.9,0.00,74,6.5,8.1,0.00,0.00,0.00,3,94,94,12,2,12.8,147,130,26.8,26.3,0,0.00,1010.9,996.7
2021-04-11T00:00,9.6,0.00,77,5.8,7.1,0.00,0.00,0.00,3,98,97,25,16,9.9,176,147,23.5,26.3,0,0.00,1010.7,996.4
2021-04-11T01:00,9.4,0.00,82,6.5,7.3,0.00,0.00,0.00,3,96,72,21,14,7.8,200,167,16.5,21.6,0,0.00,1010.0,995.7
2021-04-11T02:00,8.4,0.00,81,5.3,6.3,0.00,0.00,0.00,3,93,79,70,30,5.9,211,169,15.2,16.2,0,0.00,1009.8,995.5
2021-04-11T03:00,9.2,0.00,75,4.9,6.8,0.00,0.00,0.00,2,69,51,43,24,7.8,192,158,18.4,16.2,0,0.00,1009.5,995.2
2021-04-11T04:00,8.8,0.00,75,4.7,6.4,0.00,0.00,0.00,2,71,63,29,26,8.0,192,162,19.8,17.6,0,0.00,1009.4,995.1
2021-04-11T05:00,8.7,0.00,77,4.9,6.3,0.00,0.00,0.00,3,86,75,50,32,8.0,199,172,19.8,18.7,0,0.00,1009.3,995.0
2021-04-11T06:00,8.6,0.00,79,5.1,6.2,0.00,0.00,0.00,2,72,60,34,20,8.3,204,178,19.7,18.4,1,0.00,1009.5,995.2
2021-04-11T07:00,9.7,0.00,77,5.9,7.4,0.00,0.00,0.00,2,75,54,60,19,9.0,199,175,18.7,19.8,1,2833.65,1009.7,995.4
2021-04-11T08:00,10.7,0.20,76,6.6,8.5,0.20,0.00,0.00,51,92,84,56,2,9.0,195,180,17.1,20.9,1,3526.19,1010.0,995.8
2021-04-11T09:00,12.0,0.20,73,7.4,10.1,0.20,0.00,0.00,51,78,7,76,4,8.8,204,199,13.4,23.4,1,3600.00,1010.0,995.8
2021-04-11T10:00,12.8,0.00,71,7.7,11.1,0.00,0.00,0.00,2,51,0,47,19,7.8,206,202,11.6,23.0,1,3600.00,1010.1,996.0
2021-04-11T11:00,15.0,0.00,64,8.3,12.8,0.00,0.00,0.00,1,46,1,11,44,11.8,220,220,16.4,29.2,1,3600.00,1009.8,995.8
2021-04-11T12:00,16.2,0.00,58,7.8,13.4,0.00,0.00,0.00,3,92,87,32,37,17.8,228,228,24.7,39.6,1,3600.00,1009.4,995.5
2021-04-11T13:00,15.1,0.00,62,7.9,13.0,0.00,0.00,0.00,3,99,99,54,13,10.6,250,252,14.6,45.0,1,3600.00,1009.5,995.5
2021-04-11T14:00,15.6,0.00,62,8.3,13.7,0.00,0.00,0.00,3,97,96,29,6,9.8,262,264,13.1,28.4,1,3600.00,1009.3,995.3
2021-04-11T15:00,15.9,0.00,60,8.2,13.3,0.00,0.00,0.00,3,95,80,81,41,14.1,267,266,19.1,31.7,1,3600.00,1009.6,995.6
2021-04-11T16:00,13.8,0.20,72,8.7,11.3,0.20,0.00,0.00,51,100,79,100,100,14.6,291,290,21.5,36.0,1,2329.03,1010.6,996.5
2021-04-11T17:00,10.5,0.50,88,8.6,8.0,0.50,0.00,0.00,53,100,50,100,100,14.2,334,330,21.6,32.8,1,0.00,1011.7,997.4
2021-04-11T18:00,7.6,1.20,96,6.9,4.4,1.20,0.00,0.00,55,100,45,99,62,16.0,334,329,25.3,34.9,1,0.00,1013.1,998.7
2021-04-11T19:00,6.3,1.00,92,5.2,2.5,1.00,0.00,0.00,55,100,99,72,100,17.9,333,330,28.2,38.9,1,0.00,1014.1,999.6
2021-04-11T20:00,5.4,0.70,95,4.7,1.8,0.70,0.00,0.00,53,100,97,100,100,15.3,327,321,25.5,38.2,0,0.00,1015.6,1001.0
2021-04-11T21:00,5.0,0.90,94,4.1,0.9,0.90,0.00,0.00,53,100,97,100,100,18.0,333,327,29.1,36.7,0,0.00,1016.8,1002.2
2021-04-11T22:00,4.1,0.90,93,3.0,-0.1,0.90,0.00,0.00,53,100,98,100,100,17.2,344,340,26.2,39.6,0,0.00,1018.1,1003.4
2021-04-11T23:00,3.7,0.60,94,2.8,-0.2,0.60,0.00,0.00,53,100,99,100,100,15.5,341,338,24.4,36.4,0,0.00,1018.9,1004.2
2021-04-12T00:00,3.6,0.40,94,2.7,-0.2,0.40,0.00,0.00,51,100,95,100,100,14.7,335,332,23.4,33.8,0,0.00,1020.0,1005.3
2021-04-12T01:00,4.3,0.40,89,2.6,0.5,0.40,0.00,0.00,51,100,88,100,94,14.0,346,342,23.1,31.7,0,0.00,1020.5,1005.8
2021-04-12T02:00,4.2,0.20,92,3.0,0.7,0.20,0.00,0.00,51,100,87,100,87,12.3,333,328,20.9,30.2,0,0.00,1021.2,1006.5
2021-04-12T03:00,4.1,0.40,92,2.9,0.5,0.40,0.00,0.00,51,100,0,100,56,13.3,330,327,21.9,28.1,0,0.00,1021.8,1007.1
2021-04-12T04:00,4.0,0.40,92,2.8,0.5,0.40,0.00,0.00,51,100,20,100,34,12.1,333,330,20.6,28.4,0,0.00,1022.4,1007.7
2021-04-12T05:00,3.9,0.20,92,2.7,0.5,0.20,0.00,0.00,51,100,100,100,14,11.6,331,324,19.8,25.9,0,0.00,1023.3,1008.5
2021-04-12T06:00,3.6,0.10,91,2.2,0.2,0.10,0.00,0.00,51,100,100,100,23,11.5,324,321,20.1,24.8,1,0.00,1024.0,1009.2
2021-04-12T07:00,3.8,0.10,90,2.3,0.4,0.10,0.00,0.00,51,100,100,100,9,10.9,322,316,17.4,24.8,1,0.00,1025.1,1010.3
2021-04-12T08:00,3.9,0.00,88,2.1,0.4,0.00,0.00,0.00,3,100,100,100,7,12.0,321,319,17.1,26.6,1,0.00,1026.1,1011.3
2021-04-12T09:00,4.4,0.00,83,1.7,0.7,0.00,0.00,0.00,3,100,98,100,25,12.5,320,319,17.4,28.8,1,0.00,1026.9,1012.1
2021-04-12T10:00,5.6,0.00,69,0.3,1.6,0.00,0.00,0.00,3,100,83,100,30,13.2,326,325,17.9,31.3,1,3600.00,1027.0,1012.3
2021-04-12T11:00,6.5,0.00,61,-0.5,2.5,0.00,0.00,0.00,3,98,77,97,25,12.3,320,320,16.4,31.7,1,3600.00,1027.5,1012.8
2021-04-12T12:00,7.2,0.00,56,-1.0,3.3,0.00,0.00,0.00,3,95,59,94,24,11.2,304,303,14.8,30.6,1,3600.00,1027.4,1012.8
2021-04-12T13:00,7.6,0.10,51,-2.0,3.7,0.10,0.00,0.00,51,36,1,41,11,9.9,290,289,12.6,28.8,1,3600.00,1027.8,1013.2
2021-04-12T14:00,8.2,0.00,47,-2.6,4.7,0.00,0.00,0.00,1,49,0,49,13,11.0,281,281,14.7,28.4,1,3600.00,1027.8,1013.2
2021-04-12T15:00,8.4,0.00,45,-3.0,4.2,0.00,0.00,0.00,2,73,0,71,42,11.8,293,293,16.0,29.2,1,3600.00,1027.6,1013.0
2021-04-12T16:00,8.1,0.00,45,-3.0,3.8,0.00,0.00,0.00,2,60,0,59,35,11.8,288,290,15.9,29.9,1,3600.00,1027.8,1013.2
2021-04-12T17:00,7.9,0.00,47,-2.8,4.1,0.00,0.00,0.00,1,32,0,27,23,8.7,289,287,12.2,28.1,1,3600.00,1028.0,1013.4
2021-04-12T18:00,7.6,0.00,48,-2.6,4.2,0.00,0.00,0.00,1,41,0,40,16,6.4,310,308,11.8,20.9,1,3600.00,1028.0,1013.4
2021-04-12T19:00,5.7,0.00,55,-2.7,2.2,0.00,0.00,0.00,0,16,0,15,10,7.1,337,336,17.3,14.8,1,2538.23,1028.1,1013.4
2021-04-12T20:00,4.1,0.00,62,-2.5,0.2,0.00,0.00,0.00,0,0,0,0,0,9.4,354,2,21.7,20.9,0,0.00,1029.0,1014.2
2021-04-12T21:00,2.5,0.00,75,-1.5,-0.8,0.00,0.00,0.00,0,0,0,0,0,6.5,347,3,18.1,19.8,0,0.00,1029.4,1014.5
2021-04-12T22:00,2.0,0.00,82,-0.8,-1.2,0.00,0.00,0.00,0,0,0,0,0,6.4,359,16,16.9,14.4,0,0.00,1029.5,1014.5
2021-04-12T23:00,1.5,0.00,84,-0.8,-1.6,0.00,0.00,0.00,0,0,0,0,0,6.2,354,10,16.3,13.3,0,0.00,1029.6,1014.6
2021-04-13T00:00,1.3,0.00,86,-0.8,-1.9,0.00,0.00,0.00,0,0,0,0,0,6.9,356,6,17.7,14.4,0,0.00,1029.9,1014.9
2021-04-13T01:00,0.2,0.00,90,-1.2,-3.3,0.00,0.00,0.00,0,2,2,32,28,8.4,3,10,13.3,14.8,0,0.00,1030.5,1015.4
2021-04-13T02:00,1.0,0.00,89,-0.6,-1.9,0.00,0.00,0.00,2,62,14,52,45,4.7,9,23,13.1,13.7,0,0.00,1030.5,1015.5
2021-04-13T03:00,1.3,0.00,87,-0.6,-1.5,0.00,0.00,0.00,3,89,13,83,83,4.3,2,360,12.6,10.4,0,0.00,1030.6,1015.6
2021-04-13T04:00,1.9,0.00,84,-0.5,-1.0,0.00,0.00,0.00,2,65,2,61,56,4.5,358,346,11.9,10.8,0,0.00,1030.8,1015.8
2021-04-13T05:00,1.1,0.00,89,-0.6,-2.0,0.00,0.00,0.00,0,12,1,11,0,6.0,350,335,13.9,12.6,0,0.00,1031.0,1016.0
2021-04-13T06:00,-0.1,0.00,91,-1.4,-3.4,0.00,0.00,0.00,0,11,0,11,0,6.5,356,354,15.2,13.3,1,0.00,1031.4,1016.3
2021-04-13T07:00,1.5,0.00,86,-0.6,-1.8,0.00,0.00,0.00,0,0,0,0,0,6.9,2,351,13.7,16.2,1,3076.50,1031.9,1016.9
2021-04-13T08:00,3.3,0.00,78,-0.1,0.1,0.00,0.00,0.00,0,0,0,0,0,7.4,352,346,10.2,19.8,1,3600.00,1032.4,1017.5
2021-04-13T09:00,5.1,0.00,66,-0.8,1.3,0.00,0.00,0.00,0,19,0,11,19,10.1,357,354,13.7,25.6,1,3600.00,1032.3,1017.5
2021-04-13T10:00,6.2,0.00,54,-2.4,2.1,0.00,0.00,0.00,1,25,0,19,20,11.5,359,356,15.5,28.8,1,3600.00,1032.2,1017.4
2021-04-13T11:00,7.0,0.10,48,-3.2,3.1,0.10,0.00,0.00,51,48,0,44,14,11.2,359,356,15.1,29.5,1,3600.00,1032.1,1017.4
2021-04-13T12:00,7.7,0.10,46,-3.2,4.5,0.10,0.00,0.00,51,51,0,50,3,9.9,351,350,13.1,29.2,1,3600.00,1031.4,1016.7
2021-04-13T13:00,8.0,0.10,45,-3.3,4.9,0.10,0.00,0.00,51,49,0,58,3,10.8,359,356,14.4,28.1,1,3600.00,1031.6,1016.9
2021-04-13T14:00,8.3,0.10,43,-3.6,5.0,0.10,0.00,0.00,51,37,0,36,1,10.1,357,354,13.3,28.8,1,3600.00,1031.4,1016.8
2021-04-13T15:00,8.6,0.00,41,-3.9,5.1,0.00,0.00,0.00,1,30,0,30,0,8.8,353,348,11.6,27.0,1,3600.00,1030.9,1016.3
2021-04-13T16:00,8.6,0.00,41,-3.8,4.4,0.00,0.00,0.00,1,24,0,24,2,10.5,356,352,14.1,25.9,1,3600.00,1030.4,1015.8
2021-04-13T17:00,8.2,0.00,44,-3.2,4.2,0.00,0.00,0.00,0,14,0,14,0,9.6,351,347,13.1,26.3,1,3600.00,1030.1,1015.5
2021-04-13T18:00,7.5,0.00,50,-2.4,3.8,0.00,0.00,0.00,0,5,0,5,1,7.9,342,336,13.7,23.0,1,3600.00,1029.9,1015.2
2021-04-13T19:00,5.2,0.00,61,-1.8,1.8,0.00,0.00,0.00,0,1,0,1,1,6.9,336,332,16.9,18.0,1,2625.74,1030.2,1015.4
2021-04-13T20:00,4.2,0.00,63,-2.2,0.5,0.00,0.00,0.00,0,2,0,2,1,9.1,5,7,21.7,18.0,0,0.00,1030.9,1016.0
2021-04-13T21:00,3.2,0.00,72,-1.4,-0.3,0.00,0.00,0.00,1,26,0,26,0,8.3,33,34,20.1,20.5,0,0.00,1031.3,1016.4
2021-04-13T22:00,2.2,0.00,80,-0.8,-1.2,0.00,0.00,0.00,0,1,0,1,0,8.3,32,34,20.4,17.6,0,0.00,1031.4,1016.4
2021-04-13T23:00,1.9,0.00,83,-0.8,-1.6,0.00,0.00,0.00,0,1,0,1,0,8.2,33,41,20.6,18.4,0,0.00,1031.5,1016.5
2021-04-14T00:00,1.3,0.00,85,-0.9,-1.8,0.00,0.00,0.00,0,1,0,1,1,6.2,29,36,17.2,17.6,0,0.00,1031.3,1016.3
2021-04-14T01:00,0.4,0.00,82,-2.3,-3.0,0.00,0.00,0.00,0,2,2,9,6,6.8,32,32,14.1,14.0,0,0.00,1030.9,1015.8
2021-04-14T02:00,0.1,0.00,83,-2.4,-3.2,0.00,0.00,0.00,1,32,29,11,2,5.4,35,37,13.2,13.3,0,0.00,1030.7,1015.6
2021-04-14T03:00,-0.7,0.00,85,-2.9,-4.1,0.00,0.00,0.00,0,13,0,13,0,5.9,47,52,12.7,11.2,0,0.00,1030.4,1015.3
2021-04-14T04:00,-1.4,0.00,88,-3.2,-5.0,0.00,0.00,0.00,0,15,0,15,0,6.6,40,41,9.4,11.2,0,0.00,1030.3,1015.1
2021-04-14T05:00,-1.8,0.00,88,-3.4,-5.3,0.00,0.00,0.00,0,13,0,13,0,6.4,31,38,9.7,10.4,0,0.00,1030.2,1015.0
2021-04-14T06:00,-1.0,0.00,86,-3.0,-4.3,0.00,0.00,0.00,0,17,0,17,0,5.1,50,51,8.9,10.4,1,0.00,1030.6,1015.5
2021-04-14T07:00,1.3,0.00,82,-1.5,-1.1,0.00,0.00,0.00,1,25,0,23,11,0.4,51,270,5.1,8.6,1,3194.02,1031.0,1016.0
2021-04-14T08:00,3.4,0.10,77,-0.2,1.1,0.10,0.00,0.00,51,71,0,68,20,1.0,360,315,1.4,9.0,1,3600.00,1031.3,1016.4
2021-04-14T09:00,5.1,0.10,72,0.5,2.5,0.10,0.00,0.00,51,64,0,60,24,3.2,311,297,3.8,17.6,1,3600.00,1031.1,1016.3
2021-04-14T10:00,6.5,0.10,69,1.3,3.6,0.10,0.00,0.00,51,46,0,35,36,6.1,323,315,7.7,25.9,1,3600.00,1030.6,1015.9
2021-04-14T11:00,7.6,0.10,66,1.7,4.5,0.10,0.00,0.00,51,83,0,20,80,8.6,331,327,11.1,27.7,1,3600.00,1030.1,1015.4
2021-04-14T12:00,7.8,0.10,60,0.6,4.3,0.10,0.00,0.00,51,68,8,20,60,10.4,348,346,14.3,28.1,1,3600.00,1029.2,1014.6
2021-04-14T13:00,8.0,0.20,52,-1.3,4.1,0.20,0.00,0.00,51,57,0,29,13,10.5,15,16,13.8,28.4,1,3600.00,1029.1,1014.5
2021-04-14T14:00,8.0,0.00,43,-3.7,3.9,0.00,0.00,0.00,1,47,1,42,11,11.0,11,11,14.7,27.4,1,3600.00,1028.8,1014.2
2021-04-14T15:00,8.2,0.00,42,-3.9,4.0,0.00,0.00,0.00,1,44,11,38,2,10.3,13,12,14.1,29.2,1,3600.00,1028.2,1013.6
2021-04-14T16:00,8.3,0.00,41,-4.3,4.3,0.00,0.00,0.00,1,46,35,22,1,9.0,5,2,12.3,25.9,1,3600.00,1027.7,1013.1
2021-04-14T17:00,8.1,0.00,42,-4.1,3.8,0.00,0.00,0.00,2,53,52,1,1,10.9,10,8,15.0,25.6,1,3600.00,1027.2,1012.6
2021-04-14T18:00,7.4,0.00,46,-3.3,3.6,0.00,0.00,0.00,3,80,80,0,1,8.3,6,2,14.5,25.6,1,3600.00,1026.9,1012.3
2021-04-14T19:00,4.7,0.00,59,-2.6,1.3,0.00,0.00,0.00,3,86,85,0,7,6.2,357,353,15.5,18.4,1,2712.92,1027.1,1012.3
2021-04-14T20:00,3.3,0.00,63,-3.0,-0.1,0.00,0.00,0.00,3,88,86,3,13,6.3,10,13,16.5,14.0,0,0.00,1027.7,1012.8
2021-04-14T21:00,2.3,0.00,67,-3.2,-1.2,0.00,0.00,0.00,3,82,82,0,2,6.4,42,43,15.5,13.7,0,0.00,1028.1,1013.2
2021-04-14T22:00,1.0,0.00,75,-2.9,-2.5,0.00,0.00,0.00,3,84,84,1,0,6.1,40,40,13.6,13.3,0,0.00,1028.2,1013.2
2021-04-14T23:00,0.7,0.00,78,-2.7,-2.9,0.00,0.00,0.00,3,89,88,3,0,6.9,34,39,17.4,14.8,0,0.00,1028.3,1013.3
2021-04-15T00:00,0.4,0.00,81,-2.5,-3.0,0.00,0.00,0.00,1,36,34,7,4,6.6,37,29,18.0,14.8,0,0.00,1028.2,1013.2
2021-04-15T01:00,0.4,0.00,86,-1.6,-2.9,0.00,0.00,0.00,1,20,1,24,6,6.6,52,29,12.3,14.0,0,0.00,1028.4,1013.4
2021-04-15T02:00,-0.1,0.10,87,-2.0,-3.3,0.10,0.00,0.00,51,22,4,17,9,5.3,48,28,14.0,13.7,0,0.00,1028.2,1013.2
2021-04-15T03:00,-0.5,0.10,86,-2.5,-3.8,0.00,0.00,0.07,71,20,0,16,10,5.6,56,45,15.3,11.5,0,0.00,1028.2,1013.1
2021-04-15T04:00,-1.2,0.00,88,-3.0,-4.8,0.00,0.00,0.00,0,2,0,2,0,6.7,63,54,13.7,11.5,0,0.00,1028.2,1013.1
2021-04-15T05:00,-1.4,0.00,85,-3.5,-4.9,0.00,0.00,0.00,0,0,0,0,0,6.2,59,36,9.7,12.2,0,0.00,1028.3,1013.2
2021-04-15T06:00,-2.1,0.00,89,-3.6,-5.7,0.00,0.00,0.00,0,0,0,0,0,6.3,47,24,9.4,10.1,1,0.00,1028.8,1013.6
2021-04-15T07:00,1.0,0.00,83,-1.6,-1.9,0.00,0.00,0.00,0,0,0,0,0,3.3,41,13,8.2,10.1,1,3310.15,1029.0,1014.0
2021-04-15T08:00,3.3,0.00,77,-0.4,0.7,0.00,0.00,0.00,0,0,0,0,0,2.7,360,337,4.0,11.5,1,3600.00,1029.3,1014.4
2021-04-15T09:00,5.4,0.00,71,0.6,2.7,0.00,0.00,0.00,0,5,0,3,3,4.0,4,350,5.4,23.0,1,3600.00,1029.3,1014.5
2021-04-15T10:00,7.1,0.10,67,1.3,4.5,0.10,0.00,0.00,51,35,0,11,30,5.1,3,356,6.5,28.4,1,3600.00,1028.8,1014.1
2021-04-15T11:00,8.1,0.10,62,1.4,5.6,0.10,0.00,0.00,51,95,0,16,94,6.9,358,354,9.0,29.2,1,3600.00,1028.6,1014.0
2021-04-15T12:00,8.1,0.10,58,0.3,4.5,0.10,0.00,0.00,51,69,0,35,57,10.4,22,20,13.6,27.0,1,3600.00,1028.1,1013.5
2021-04-15T13:00,5.4,0.10,75,1.4,1.9,0.10,0.00,0.00,51,32,2,100,17,13.0,32,34,19.6,29.9,1,3600.00,1028.5,1013.7
2021-04-15T14:00,8.6,0.00,53,-0.5,4.9,0.00,0.00,0.00,2,69,0,66,16,10.2,32,32,14.4,32.0,1,3600.00,1027.6,1013.0
2021-04-15T15:00,9.2,0.00,53,0.1,5.5,0.00,0.00,0.00,1,48,0,45,12,10.5,27,27,14.5,29.9,1,3600.00,1026.9,1012.4
2021-04-15T16:00,8.3,0.00,52,-1.1,4.0,0.00,0.00,0.00,2,70,0,70,10,13.7,44,45,19.6,33.5,1,3600.00,1026.8,1012.2
2021-04-15T17:00,8.5,0.00,45,-2.8,4.0,0.00,0.00,0.00,1,44,9,39,0,13.3,38,38,19.2,31.7,1,3600.00,1026.5,1011.9
2021-04-15T18:00,8.0,0.00,49,-2.2,4.4,0.00,0.00,0.00,0,18,13,9,0,7.6,36,31,14.7,29.9,1,3600.00,1026.3,1011.7
2021-04-15T19:00,5.9,0.00,53,-2.9,2.2,0.00,0.00,0.00,3,97,96,12,2,7.6,13,5,18.9,17.3,1,2799.75,1026.1,1011.4
2021-04-15T20:00,5.0,0.00,55,-3.2,0.6,0.00,0.00,0.00,3,98,98,35,0,12.6,28,24,26.6,27.4,0,0.00,1026.9,1012.1
2021-04-15T21:00,4.8,0.00,57,-2.9,0.6,0.00,0.00,0.00,3,97,97,56,0,11.5,41,39,24.0,28.1,0,0.00,1027.5,1012.7
2021-04-15T22:00,3.8,0.00,64,-2.4,-0.1,0.00,0.00,0.00,3,98,94,94,0,9.9,48,44,22.7,24.5,0,0.00,1027.6,1012.8
2021-04-15T23:00,3.2,0.00,67,-2.2,-0.6,0.00,0.00,0.00,3,96,19,96,0,9.2,57,51,21.1,21.6,0,0.00,1027.6,1012.7
2021-04-16T00:00,2.3,0.00,72,-2.1,-1.2,0.00,0.00,0.00,2,63,0,63,0,7.1,61,49,18.0,19.8,0,0.00,1027.6,1012.7
2021-04-16T01:00,2.9,0.00,70,-2.1,-0.6,0.00,0.00,0.00,3,84,39,80,4,7.8,66,56,18.9,15.8,0,0.00,1027.2,1012.3
2021-04-16T02:00,1.8,0.00,78,-1.6,-1.5,0.00,0.00,0.00,3,89,33,87,15,6.3,50,31,16.1,16.6,0,0.00,1026.7,1011.8
2021-04-16T03:00,1.5,0.00,82,-1.2,-1.8,0.00,0.00,0.00,3,92,73,81,26,6.9,38,28,16.9,14.4,0,0.00,1026.5,1011.6
2021-04-16T04:00,1.7,0.10,83,-0.8,-1.4,0.10,0.00,0.00,51,97,33,96,67,6.2,32,21,15.7,15.1,0,0.00,1026.2,1011.3
2021-04-16T05:00,2.3,0.10,84,-0.2,-0.8,0.10,0.00,0.00,51,97,1,97,46,6.1,20,3,14.9,14.8,0,0.00,1026.0,1011.1
2021-04-16T06:00,2.5,0.00,85,0.2,-0.6,0.00,0.00,0.00,2,66,0,65,24,6.8,20,3,14.9,14.8,1,0.00,1026.1,1011.2
2021-04-16T07:00,3.0,0.00,83,0.5,0.0,0.00,0.00,0.00,2,63,0,40,57,6.5,22,6,12.4,15.5,1,3424.77,1026.2,1011.3
2021-04-16T08:00,4.4,0.00,77,0.8,1.6,0.00,0.00,0.00,2,63,0,60,52,5.5,19,11,7.6,15.8,1,3600.00,1026.3,1011.5
2021-04-16T09:00,5.9,0.10,68,0.3,2.5,0.10,0.00,0.00,51,36,0,27,27,8.9,51,50,12.5,22.3,1,3600.00,1026.2,1011.5
2021-04-16T10:00,7.3,0.10,56,-1.0,3.6,0.10,0.00,0.00,51,76,0,62,67,9.4,45,43,12.7,24.8,1,3600.00,1026.0,1011.4
2021-04-16T11:00,7.7,0.00,51,-1.9,3.8,0.00,0.00,0.00,3,98,0,95,96,10.7,46,45,14.5,26.6,1,3600.00,1025.9,1011.3
2021-04-16T12:00,7.2,0.00,54,-1.5,3.1,0.00,0.00,0.00,3,97,0,63,97,12.3,52,50,16.9,28.1,1,0.00,1025.8,1011.2
2021-04-16T13:00,6.6,0.00,62,-0.2,3.0,0.00,0.00,0.00,3,100,0,98,99,9.7,48,48,13.5,29.2,1,1183.19,1025.9,1011.2
2021-04-16T14:00,7.3,0.00,59,-0.3,3.8,0.00,0.00,0.00,3,100,0,98,100,9.2,41,39,12.5,24.1,1,0.00,1025.6,1011.0
2021-04-16T15:00,7.7,0.00,57,-0.2,3.7,0.00,0.00,0.00,3,100,0,98,100,12.0,39,39,16.6,28.1,1,0.00,1025.2,1010.6
2021-04-16T16:00,7.0,0.00,61,-0.0,3.1,0.00,0.00,0.00,3,100,0,89,100,11.8,42,40,17.3,28.8,1,0.00,1025.1,1010.5
2021-04-16T17:00,6.8,0.00,64,0.5,2.9,0.00,0.00,0.00,3,100,0,72,100,13.1,33,32,19.0,28.8,1,0.00,1024.8,1010.2
2021-04-16T18:00,6.5,0.00,67,0.8,2.9,0.00,0.00,0.00,3,100,0,57,100,11.2,36,33,17.3,28.8,1,0.00,1024.8,1010.2
2021-04-16T19:00,6.1,0.00,69,0.9,3.1,0.00,0.00,0.00,2,62,20,40,47,6.9,49,47,13.8,24.1,1,0.00,1025.1,1010.4
2021-04-16T20:00,4.4,0.00,78,0.9,1.8,0.00,0.00,0.00,3,92,63,78,77,4.6,75,72,12.7,15.1,0,0.00,1025.5,1010.7
2021-04-16T21:00,4.6,0.00,77,0.9,2.0,0.00,0.00,0.00,3,99,74,96,32,4.1,104,105,11.5,11.2,0,0.00,1025.8,1011.0
2021-04-16T22:00,4.3,0.00,80,1.2,1.9,0.00,0.00,0.00,3,99,82,96,11,3.0,102,76,8.8,10.8,0,0.00,1025.7,1010.9
2021-04-16T23:00,4.2,0.00,80,1.0,1.8,0.00,0.00,0.00,3,94,58,88,23,3.4,65,32,6.8,8.3,0,0.00,1025.7,1010.9
2021-04-17T00:00,3.8,0.00,82,1.0,1.2,0.00,0.00,0.00,3,82,33,74,28,4.2,41,31,6.6,8.6,0,0.00,1025.6,1010.8
2021-04-17T01:00,4.3,0.00,81,1.4,1.8,0.00,0.00,0.00,3,81,12,95,34,4.0,19,27,8.8,9.7,0,0.00,1025.0,1010.2
2021-04-17T02:00,4.2,0.00,79,0.9,1.5,0.00,0.00,0.00,3,87,1,87,31,5.4,6,20,10.9,10.8,0,0.00,1024.5,1009.7
2021-04-17T03:00,3.2,0.00,83,0.6,0.3,0.00,0.00,0.00,3,94,45,94,23,5.9,357,14,14.4,12.2,0,0.00,1024.2,1009.4
2021-04-17T04:00,3.1,0.00,83,0.5,0.1,0.00,0.00,0.00,3,88,24,86,18,6.1,11,28,15.4,13.3,0,0.00,1024.0,1009.2
2021-04-17T05:00,2.9,0.00,82,0.1,-0.1,0.00,0.00,0.00,3,94,0,93,17,5.7,19,35,15.3,13.3,0,0.00,1023.8,1009.0
2021-04-17T06:00,3.6,0.00,80,0.4,0.9,0.00,0.00,0.00,3,98,0,98,8,4.2,20,31,12.6,13.0,1,0.00,1023.8,1009.0
2021-04-17T07:00,4.9,0.00,75,0.8,2.4,0.00,0.00,0.00,3,91,0,91,0,3.3,15,347,8.6,9.7,1,0.00,1024.1,1009.4
2021-04-17T08:00,6.5,0.00,70,1.3,4.1,0.00,0.00,0.00,2,57,0,57,0,2.7,360,337,4.3,10.8,1,3600.00,1024.0,1009.4
2021-04-17T09:00,8.6,0.00,63,1.8,6.1,0.00,0.00,0.00,2,55,0,55,0,4.3,11,360,5.9,15.1,1,3600.00,1023.9,1009.4
2021-04-17T10:00,10.0,0.00,53,0.8,6.8,0.00,0.00,0.00,2,53,2,50,14,8.4,11,7,11.0,22.3,1,3600.00,1023.5,1009.0
2021-04-17T11:00,10.4,0.00,47,-0.6,7.1,0.00,0.00,0.00,3,94,27,93,10,10.5,9,6,13.8,27.7,1,3600.00,1023.3,1008.9
2021-04-17T12:00,10.9,0.00,43,-1.2,7.8,0.00,0.00,0.00,1,36,0,34,5,10.8,7,4,14.5,28.8,1,3600.00,1022.6,1008.2
2021-04-17T13:00,11.3,0.00,40,-1.7,8.5,0.00,0.00,0.00,2,63,20,67,0,11.2,3,360,14.4,30.6,1,3600.00,1021.9,1007.5
2021-04-17T14:00,12.4,0.00,37,-1.9,9.7,0.00,0.00,0.00,3,88,17,87,26,9.0,10,5,12.4,29.2,1,3600.00,1021.1,1006.8
2021-04-17T15:00,11.6,0.00,49,1.3,7.0,0.00,0.00,0.00,3,100,80,100,82,18.4,14,11,25.6,40.0,1,3600.00,1020.7,1006.4
2021-04-17T16:00,9.9,0.00,56,1.5,5.6,0.00,0.00,0.00,3,97,72,94,73,16.4,16,15,23.9,43.2,1,0.00,1021.1,1006.7
2021-04-17T17:00,9.3,0.00,59,1.7,5.3,0.00,0.00,0.00,3,94,14,94,59,14.2,27,24,20.9,36.0,1,948.56,1021.1,1006.6
2021-04-17T18:00,8.4,0.00,64,2.1,5.0,0.00,0.00,0.00,3,93,2,92,32,11.3,29,27,18.0,31.0,1,0.00,1021.4,1006.9
2021-04-17T19:00,7.9,0.00,67,2.1,4.7,0.00,0.00,0.00,3,95,0,90,87,9.5,28,25,16.8,24.1,1,0.00,1021.7,1007.2
2021-04-17T20:00,7.0,0.00,72,2.3,4.1,0.00,0.00,0.00,3,96,0,96,88,8.3,38,34,15.6,20.5,0,0.00,1022.3,1007.7
2021-04-17T21:00,6.5,0.10,77,2.7,4.1,0.10,0.00,0.00,51,99,0,99,49,4.4,63,55,10.9,18.0,0,0.00,1022.5,1007.9
2021-04-17T22:00,6.0,0.10,84,3.5,4.0,0.10,0.00,0.00,51,99,0,99,94,2.9,95,90,7.6,10.4,0,0.00,1022.5,1007.9
2021-04-17T23:00,5.8,0.00,87,3.9,3.9,0.00,0.00,0.00,3,99,0,99,99,2.9,111,90,5.0,7.2,0,0.00,1022.5,1007.9
2021-04-18T00:00,6.1,0.00,81,3.0,4.4,0.00,0.00,0.00,3,100,0,99,100,0.0,135,270,2.0,6.1,0,0.00,1022.5,1007.9
2021-04-18T01:00,5.4,0.00,88,3.5,3.6,0.00,0.00,0.00,3,100,0,90,85,2.3,156,198,3.5,3.6,0,0.00,1022.2,1007.5
2021-04-18T02:00,5.3,0.20,90,3.8,3.3,0.20,0.00,0.00,51,100,0,99,100,3.1,189,201,6.6,6.8,0,0.00,1021.8,1007.1
2021-04-18T03:00,4.9,0.00,95,4.2,3.0,0.00,0.00,0.00,3,100,0,60,99,3.3,193,193,4.8,6.5,0,0.00,1021.6,1006.9
2021-04-18T04:00,5.3,0.00,88,3.5,3.5,0.00,0.00,0.00,3,90,0,37,88,1.3,248,304,1.9,5.4,0,0.00,1021.5,1006.8
2021-04-18T05:00,4.8,0.00,92,3.6,2.9,0.00,0.00,0.00,3,98,0,97,86,2.4,315,333,4.1,5.0,0,0.00,1021.3,1006.6
2021-04-18T06:00,5.0,0.00,92,3.7,3.0,0.00,0.00,0.00,3,96,0,95,95,3.1,333,339,8.0,6.8,1,0.00,1021.3,1006.6
2021-04-18T07:00,5.7,0.00,89,4.0,3.7,0.00,0.00,0.00,1,23,0,13,20,3.8,345,343,8.2,10.1,1,0.00,1021.5,1006.9
2021-04-18T08:00,7.0,0.00,83,4.3,5.3,0.00,0.00,0.00,2,69,0,9,68,2.6,355,344,4.0,11.5,1,3600.00,1021.7,1007.1
2021-04-18T09:00,8.4,0.00,76,4.3,6.5,0.00,0.00,0.00,3,89,0,18,89,3.3,9,6,4.4,13.0,1,3600.00,1021.3,1006.8
2021-04-18T10:00,9.6,0.00,71,4.6,7.6,0.00,0.00,0.00,3,100,0,20,100,5.1,354,352,6.5,16.2,1,3600.00,1021.1,1006.7
2021-04-18T11:00,9.7,0.10,71,4.7,7.3,0.10,0.00,0.00,51,100,0,75,100,7.1,332,330,9.3,18.7,1,0.00,1021.1,1006.7
2021-04-18T12:00,10.2,0.30,68,4.7,7.7,0.30,0.00,0.00,51,88,2,85,83,8.7,344,343,11.6,22.3,1,3423.68,1020.8,1006.4
2021-04-18T13:00,11.3,0.10,68,5.6,9.2,0.10,0.00,0.00,51,96,37,43,100,6.8,5,360,9.0,22.7,1,3600.00,1020.6,1006.3
2021-04-18T14:00,11.5,0.10,65,5.2,9.0,0.10,0.00,0.00,51,89,57,75,70,8.7,328,322,11.5,23.4,1,1848.56,1020.3,1006.0
2021-04-18T15:00,10.3,2.10,75,6.1,8.0,2.10,0.00,0.00,61,74,40,61,13,8.9,321,317,12.5,23.4,1,636.93,1020.3,1005.9
2021-04-18T16:00,10.9,0.30,74,6.3,9.3,0.30,0.00,0.00,51,90,71,53,70,4.2,310,301,6.1,21.2,1,2557.22,1020.0,1005.6
2021-04-18T17:00,11.1,0.10,71,6.0,9.3,0.10,0.00,0.00,51,85,73,37,56,5.5,299,293,7.4,13.7,1,3600.00,1019.9,1005.6
2021-04-18T18:00,10.7,0.10,72,5.9,9.3,0.10,0.00,0.00,51,92,79,74,42,2.5,356,360,4.7,13.7,1,1947.94,1020.1,1005.7
2021-04-18T19:00,8.9,0.10,86,6.7,7.6,0.10,0.00,0.00,51,95,80,87,22,3.2,127,153,3.6,7.6,1,0.00,1020.3,1005.8
2021-04-18T20:00,8.2,0.00,93,7.1,6.9,0.00,0.00,0.00,3,87,82,34,17,3.8,180,163,5.4,7.2,0,0.00,1020.6,1006.1
2021-04-18T21:00,6.3,0.00,96,5.6,4.1,0.00,0.00,0.00,2,72,59,26,40,7.2,221,180,7.1,9.7,0,0.00,1020.7,1006.1
2021-04-18T22:00,6.0,0.00,95,5.3,3.9,0.00,0.00,0.00,2,52,4,30,39,6.5,239,199,9.2,9.7,0,0.00,1020.5,1005.9
2021-04-18T23:00,5.3,0.00,96,4.7,3.1,0.00,0.00,0.00,2,79,27,69,40,6.4,249,196,8.1,9.7,0,0.00,1020.6,1005.9
2021-04-19T00:00,4.9,0.00,97,4.5,2.9,0.00,0.00,0.00,3,96,26,96,18,5.1,250,176,5.4,9.0,0,0.00,1020.6,1005.9
2021-04-19T01:00,6.9,0.30,91,5.6,5.4,0.30,0.00,0.00,51,100,8,100,13,2.5,307,172,1.8,7.2,0,0.00,1020.2,1005.6
2021-04-19T02:00,6.8,0.80,95,6.1,5.0,0.80,0.00,0.00,53,94,0,94,14,5.4,203,172,5.5,10.4,0,0.00,1019.9,1005.3
2021-04-19T03:00,6.5,0.70,96,5.9,4.7,0.70,0.00,0.00,53,75,43,68,33,5.2,200,168,8.4,10.8,0,0.00,1019.6,1005.0
2021-04-19T04:00,6.1,0.10,97,5.7,4.5,0.10,0.00,0.00,51,83,0,52,79,3.4,234,198,9.8,10.1,0,0.00,1019.5,1004.9
2021-04-19T05:00,6.0,0.00,97,5.6,4.4,0.00,0.00,0.00,3,100,0,92,100,3.2,241,180,8.2,7.2,0,0.00,1019.4,1004.8
2021-04-19T06:00,6.1,0.20,97,5.7,4.5,0.20,0.00,0.00,51,40,0,25,39,3.6,252,186,7.2,8.3,1,0.00,1019.6,1005.0
2021-04-19T07:00,6.8,0.30,94,5.9,5.5,0.30,0.00,0.00,51,62,0,21,59,1.8,293,217,4.7,6.8,1,1504.50,1019.8,1005.2
2021-04-19T08:00,8.2,0.00,91,6.9,6.7,0.00,0.00,0.00,3,100,4,11,100,4.6,330,321,5.8,13.7,1,3600.00,1019.9,1005.4
2021-04-19T09:00,9.7,0.00,89,7.9,8.6,0.00,0.00,0.00,3,98,40,4,98,3.6,328,315,4.7,15.8,1,3600.00,1019.7,1005.3
2021-04-19T10:00,10.7,0.10,85,8.4,10.0,0.10,0.00,0.00,51,49,14,20,37,1.8,270,259,1.8,14.0,1,3515.66,1019.4,1005.0
2021-04-19T11:00,12.0,0.10,82,9.0,11.4,0.10,0.00,0.00,51,89,0,21,88,2.3,231,231,2.3,16.9,1,3600.00,1019.4,1005.1
2021-04-19T12:00,13.0,0.20,74,8.6,12.4,0.20,0.00,0.00,51,46,22,30,16,3.3,265,257,4.0,21.6,1,3600.00,1019.0,1004.8
2021-04-19T13:00,10.8,0.20,70,5.6,9.6,0.20,0.00,0.00,51,45,3,44,47,3.7,141,151,4.6,21.2,1,3600.00,1019.5,1005.1
2021-04-19T14:00,11.8,0.20,68,6.1,9.9,0.20,0.00,0.00,51,53,1,43,42,6.2,158,159,7.8,19.1,1,3600.00,1019.2,1004.9
2021-04-19T15:00,12.3,0.10,63,5.4,10.5,0.10,0.00,0.00,51,76,59,31,39,4.3,184,185,5.1,19.1,1,3600.00,1018.9,1004.6
2021-04-19T16:00,12.6,0.10,60,4.9,10.9,0.10,0.00,0.00,51,91,80,40,66,3.1,225,225,4.1,15.5,1,3600.00,1018.4,1004.2
2021-04-19T17:00,12.5,0.00,62,5.4,11.1,0.00,0.00,0.00,3,86,81,39,34,1.3,225,236,1.5,12.6,1,3600.00,1018.4,1004.1
2021-04-19T18:00,12.2,0.00,62,5.1,10.9,0.00,0.00,0.00,2,66,56,21,29,0.4,315,270,0.5,8.3,1,3600.00,1018.4,1004.1
2021-04-19T19:00,9.7,0.00,82,6.7,8.1,0.00,0.00,0.00,2,72,62,17,32,5.0,261,249,4.4,6.1,1,2571.86,1018.4,1004.0
2021-04-19T20:00,10.3,0.00,77,6.4,8.7,0.00,0.00,0.00,2,57,46,10,18,4.5,270,256,4.3,8.6,0,0.00,1018.8,1004.4
2021-04-19T21:00,7.7,0.00,87,5.6,6.1,0.00,0.00,0.00,1,28,16,7,15,3.3,143,103,1.8,5.4,0,0.00,1019.1,1004.6
2021-04-19T22:00,6.6,0.00,91,5.2,4.9,0.00,0.00,0.00,0,11,1,6,9,3.7,132,101,4.8,7.9,0,0.00,1018.9,1004.3
2021-04-19T23:00,5.7,0.00,94,4.9,3.6,0.00,0.00,0.00,0,14,0,6,13,5.8,133,97,8.9,11.5,0,0.00,1018.8,1004.2
2021-04-20T00:00,5.0,0.00,96,4.3,2.9,0.00,0.00,0.00,1,25,0,13,24,4.7,148,99,9.4,11.9,0,0.00,1019.0,1004.4
2021-04-20T01:00,4.9,0.00,95,4.1,2.7,0.00,0.00,0.00,1,24,0,10,24,5.4,165,110,8.2,9.7,0,0.00,1019.0,1004.4
2021-04-20T02:00,4.6,0.00,93,3.6,2.4,0.00,0.00,0.00,0,18,0,11,17,4.7,176,99,5.1,9.7,0,0.00,1018.7,1004.0
2021-04-20T03:00,4.0,0.00,94,3.1,1.7,0.00,0.00,0.00,0,14,0,9,13,4.7,180,99,3.2,7.9,0,0.00,1018.5,1003.8
2021-04-20T04:00,3.6,0.00,95,2.8,1.2,0.00,0.00,0.00,0,7,0,5,6,4.7,150,94,2.9,7.2,0,0.00,1018.4,1003.7
2021-04-20T05:00,2.7,0.00,96,2.2,0.2,0.00,0.00,0.00,0,7,2,0,5,5.4,114,90,3.5,7.6,0,0.00,1018.3,1003.5
2021-04-20T06:00,3.8,0.00,95,3.0,1.7,0.00,0.00,0.00,0,3,0,1,3,3.8,118,107,5.3,9.0,1,0.00,1018.5,1003.8
2021-04-20T07:00,6.3,0.00,89,4.7,4.4,0.00,0.00,0.00,0,6,1,0,4,4.3,126,114,6.7,11.2,1,3600.00,1018.7,1004.1
2021-04-20T08:00,8.8,0.00,84,6.2,7.5,0.00,0.00,0.00,0,13,10,0,4,2.8,135,140,4.6,11.9,1,3600.00,1018.9,1004.5
2021-04-20T09:00,10.8,0.00,77,6.9,9.5,0.00,0.00,0.00,0,0,0,0,0,3.3,156,167,4.3,14.4,1,3600.00,1018.6,1004.3
2021-04-20T10:00,12.6,0.00,66,6.5,11.6,0.00,0.00,0.00,2,51,0,0,51,2.6,156,164,3.5,14.8,1,3600.00,1018.1,1003.9
2021-04-20T11:00,13.7,0.00,62,6.6,13.1,0.00,0.00,0.00,1,28,0,8,25,1.4,158,180,1.9,18.4,1,3600.00,1017.9,1003.7
2021-04-20T12:00,14.6,0.00,60,6.9,14.5,0.00,0.00,0.00,1,21,0,5,19,0.8,207,243,0.8,18.4,1,3600.00,1017.3,1003.2
2021-04-20T13:00,14.7,0.10,55,5.8,14.7,0.10,0.00,0.00,51,37,0,23,13,0.7,270,270,0.7,18.7,1,3600.00,1016.9,1002.8
2021-04-20T14:00,15.3,0.10,52,5.6,14.8,0.10,0.00,0.00,51,62,0,60,19,1.5,180,194,1.8,12.2,1,3600.00,1016.6,1002.5
2021-04-20T15:00,15.3,0.00,51,5.1,14.1,0.00,0.00,0.00,1,46,0,46,20,0.0,270,270,0.0,12.2,1,3600.00,1016.1,1002.0
2021-04-20T16:00,15.3,0.00,50,5.1,13.9,0.00,0.00,0.00,1,26,0,25,12,1.5,360,346,1.8,10.1,1,3600.00,1015.6,1001.5
2021-04-20T17:00,15.3,0.00,51,5.1,13.8,0.00,0.00,0.00,0,7,0,7,3,2.3,326,321,2.6,10.1,1,3600.00,1015.3,1001.2
2021-04-20T18:00,14.9,0.00,54,5.7,13.4,0.00,0.00,0.00,0,5,0,5,1,3.1,333,324,4.0,9.0,1,3600.00,1015.2,1001.1
2021-04-20T19:00,13.6,0.00,58,5.5,11.7,0.00,0.00,0.00,0,5,0,4,1,5.1,322,309,5.9,7.2,1,3229.70,1015.2,1001.0
2021-04-20T20:00,10.9,0.00,68,5.3,8.8,0.00,0.00,0.00,0,4,0,4,1,6.9,345,9,8.6,9.7,0,0.00,1015.8,1001.5
2021-04-20T21:00,8.8,0.00,80,5.4,6.9,0.00,0.00,0.00,0,4,0,4,1,4.7,25,58,8.4,10.8,0,0.00,1016.0,1001.6
2021-04-20T22:00,7.4,0.00,87,5.5,5.3,0.00,0.00,0.00,0,3,0,3,0,6.6,81,81,9.1,13.3,0,0.00,1016.1,1001.6
2021-04-20T23:00,6.1,0.00,92,4.9,3.8,0.00,0.00,0.00,0,1,0,1,0,7.2,111,84,10.0,14.4,0,0.00,1016.2,1001.7
2021-04-21T00:00,5.6,0.00,91,4.3,3.3,0.00,0.00,0.00,0,1,0,1,0,6.1,128,90,10.0,14.4,0,0.00,1016.4,1001.8
2021-04-21T01:00,5.5,0.00,91,4.1,3.3,0.00,0.00,0.00,0,1,0,5,0,5.0,141,111,9.7,12.2,0,0.00,1016.0,1001.4
2021-04-21T02:00,5.1,0.00,89,3.5,2.8,0.00,0.00,0.00,0,3,0,3,0,5.8,144,94,8.5,10.4,0,0.00,1015.8,1001.2
2021-04-21T03:00,5.5,0.00,85,3.2,3.1,0.00,0.00,0.00,0,2,0,2,1,5.4,119,86,7.4,11.2,0,0.00,1015.7,1001.1
2021-04-21T04:00,5.0,0.00,88,3.1,2.4,0.00,0.00,0.00,0,2,0,2,1,6.5,127,90,9.0,12.6,0,0.00,1015.8,1001.2
2021-04-21T05:00,4.7,0.00,88,2.9,2.1,0.00,0.00,0.00,0,2,0,2,0,6.1,111,87,8.1,13.7,0,0.00,1015.6,1001.0
2021-04-21T06:00,4.9,0.00,88,3.0,2.8,0.00,0.00,0.00,0,15,0,15,0,3.3,85,77,4.3,12.6,1,0.00,1015.9,1001.3
2021-04-21T07:00,7.7,0.00,83,5.1,6.1,0.00,0.00,0.00,0,19,0,19,0,2.9,79,97,3.7,9.0,1,3600.00,1016.4,1001.9
2021-04-21T08:00,10.6,0.00,73,6.0,9.5,0.00,0.00,0.00,0,19,0,19,0,0.8,104,153,1.5,8.6,1,3600.00,1016.6,1002.3
2021-04-21T09:00,12.8,0.00,66,6.7,11.9,0.00,0.00,0.00,0,12,0,12,0,0.8,207,243,0.8,10.1,1,3600.00,1016.8,1002.6
2021-04-21T10:00,14.8,0.00,61,7.4,14.0,0.00,0.00,0.00,0,7,0,7,0,2.2,270,270,2.5,13.3,1,3600.00,1016.4,1002.3
2021-04-21T11:00,16.2,0.00,55,7.1,15.9,0.00,0.00,0.00,0,6,3,5,0,3.9,293,292,4.7,17.3,1,3600.00,1016.4,1002.4
2021-04-21T12:00,16.9,0.00,49,6.2,16.5,0.00,0.00,0.00,0,15,2,14,0,5.2,306,304,6.2,18.4,1,3600.00,1015.9,1001.9
2021-04-21T13:00,17.8,0.00,39,3.7,15.7,0.00,0.00,0.00,1,28,0,46,0,9.8,300,298,12.4,18.4,1,3600.00,1015.5,1001.5
2021-04-21T14:00,17.2,0.00,42,4.2,14.7,0.00,0.00,0.00,1,47,0,47,0,10.5,310,308,13.6,27.7,1,3600.00,1015.4,1001.4
2021-04-21T15:00,17.2,0.00,42,4.1,14.6,0.00,0.00,0.00,0,8,1,8,0,9.4,315,313,12.2,25.9,1,3600.00,1015.1,1001.1
2021-04-21T16:00,17.4,0.00,41,4.1,14.9,0.00,0.00,0.00,0,6,1,5,0,8.5,324,324,11.6,23.8,1,3600.00,1014.7,1000.7
2021-04-21T17:00,17.0,0.00,43,4.4,14.3,0.00,0.00,0.00,0,9,1,8,0,9.7,335,333,14.3,23.0,1,3600.00,1014.6,1000.6
2021-04-21T18:00,15.6,0.00,51,5.5,12.9,0.00,0.00,0.00,1,20,0,20,5,10.8,1,358,19.8,23.8,1,3600.00,1015.1,1001.0
2021-04-21T19:00,12.8,0.00,70,7.5,11.3,0.00,0.00,0.00,1,32,11,25,4,5.7,21,18,15.4,23.8,1,3315.56,1015.6,1001.4
2021-04-21T20:00,10.8,0.00,79,7.3,9.2,0.00,0.00,0.00,2,71,64,19,7,6.0,17,25,14.7,12.6,0,0.00,1016.3,1002.0
2021-04-21T21:00,9.5,0.00,85,7.2,8.0,0.00,0.00,0.00,3,89,85,25,7,5.5,9,23,13.1,12.2,0,0.00,1016.9,1002.5
2021-04-21T22:00,8.7,0.00,89,7.1,7.2,0.00,0.00,0.00,1,31,4,27,7,5.2,346,12,14.5,11.5,0,0.00,1017.5,1003.1
2021-04-21T23:00,8.9,0.00,88,7.0,7.2,0.00,0.00,0.00,1,34,0,31,10,6.6,351,351,17.9,13.3,0,0.00,1018.1,1003.7
2021-04-22T00:00,9.3,0.00,84,6.6,6.9,0.00,0.00,0.00,1,39,0,31,34,10.3,359,348,23.0,21.2,0,0.00,1018.5,1004.1
2021-04-22T01:00,9.3,0.00,77,5.5,6.8,0.00,0.00,0.00,1,36,44,6,1,9.5,20,9,22.5,24.1,0,0.00,1018.5,1004.1
2021-04-22T02:00,8.5,0.00,81,5.4,5.8,0.00,0.00,0.00,2,60,53,15,5,10.5,16,4,22.8,21.6,0,0.00,1018.8,1004.3
2021-04-22T03:00,8.0,0.00,83,5.3,5.2,0.00,0.00,0.00,1,43,33,13,9,10.9,5,354,23.5,22.7,0,0.00,1019.4,1004.9
2021-04-22T04:00,7.2,0.00,86,5.1,4.3,0.00,0.00,0.00,2,71,68,7,6,11.9,2,355,24.5,24.8,0,0.00,1020.0,1005.5
2021-04-22T05:00,6.4,0.00,86,4.3,3.3,0.00,0.00,0.00,2,75,75,1,1,11.9,4,357,23.8,25.2,0,0.00,1020.6,1006.0
2021-04-22T06:00,5.7,0.00,81,2.7,2.3,0.00,0.00,0.00,2,57,57,0,0,11.9,11,360,21.6,24.8,1,0.00,1021.6,1007.0
2021-04-22T07:00,6.0,0.00,72,1.3,2.4,0.00,0.00,0.00,2,67,65,0,5,11.7,15,9,17.1,26.3,1,3600.00,1022.6,1008.0
2021-04-22T08:00,7.0,0.00,67,1.3,3.6,0.00,0.00,0.00,2,57,56,0,0,10.1,9,4,14.2,25.9,1,3600.00,1023.2,1008.6
2021-04-22T09:00,8.2,0.00,60,1.0,4.7,0.00,0.00,0.00,1,48,48,0,0,10.5,7,4,14.2,27.0,1,3600.00,1023.6,1009.1
2021-04-22T10:00,9.4,0.00,52,0.1,6.0,0.00,0.00,0.00,3,86,86,0,0,11.2,8,4,14.9,29.2,1,3600.00,1023.7,1009.2
2021-04-22T11:00,10.3,0.00,47,-0.7,7.2,0.00,0.00,0.00,2,58,58,0,0,11.9,4,360,15.5,30.6,1,3600.00,1024.1,1009.7
2021-04-22T12:00,11.3,0.00,43,-0.7,8.9,0.00,0.00,0.00,3,81,81,0,0,10.8,1,358,14.4,30.6,1,3600.00,1023.8,1009.4
2021-04-22T13:00,12.4,0.00,38,-1.6,9.7,0.00,0.00,0.00,2,68,80,0,0,12.0,355,351,15.5,29.9,1,3600.00,1023.6,1009.3
2021-04-22T14:00,12.7,0.00,38,-1.3,9.9,0.00,0.00,0.00,1,26,26,0,0,12.1,354,350,15.9,31.3,1,3600.00,1023.3,1009.0
2021-04-22T15:00,13.0,0.00,39,-0.6,9.9,0.00,0.00,0.00,1,32,32,0,0,12.4,354,352,16.7,31.3,1,3600.00,1023.1,1008.8
2021-04-22T16:00,13.3,0.00,38,-0.7,9.5,0.00,0.00,0.00,3,92,92,0,0,12.0,355,353,16.6,30.6,1,3600.00,1022.9,1008.6
2021-04-22T17:00,12.9,0.00,39,-0.9,8.9,0.00,0.00,0.00,2,68,68,0,0,11.5,4,4,16.2,29.2,1,3600.00,1023.2,1008.9
2021-04-22T18:00,12.1,0.00,46,0.8,8.9,0.00,0.00,0.00,1,48,48,0,0,8.1,20,21,14.6,25.9,1,3600.00,1023.5,1009.2
2021-04-22T19:00,9.3,0.00,65,3.1,6.9,0.00,0.00,0.00,0,6,6,0,0,5.7,29,35,11.9,18.7,1,3401.37,1023.6,1009.1
2021-04-22T20:00,7.3,0.00,68,1.7,4.4,0.00,0.00,0.00,2,59,59,0,0,6.8,351,3,15.3,13.3,0,0.00,1024.5,1009.9
2021-04-22T21:00,7.3,0.00,65,1.2,4.3,0.00,0.00,0.00,0,13,12,0,0,6.9,360,9,18.7,15.5,0,0.00,1025.1,1010.5
2021-04-22T22:00,6.3,0.00,70,1.2,3.2,0.00,0.00,0.00,1,24,24,0,1,7.9,24,24,19.7,16.6,0,0.00,1025.7,1011.0
2021-04-22T23:00,6.1,0.00,68,0.6,2.7,0.00,0.00,0.00,0,1,0,0,1,8.9,51,47,22.5,19.4,0,0.00,1026.2,1011.5
2021-04-23T00:00,5.4,0.00,69,0.2,2.1,0.00,0.00,0.00,0,0,0,0,0,7.9,61,60,20.6,19.1,0,0.00,1026.3,1011.6
2021-04-23T01:00,5.2,0.00,67,-0.4,2.0,0.00,0.00,0.00,0,0,0,0,0,6.9,66,62,20.1,17.3,0,0.00,1025.8,1011.1
2021-04-23T02:00,3.1,0.00,79,-0.2,-0.3,0.00,0.00,0.00,0,0,0,0,0,8.0,68,63,13.2,15.1,0,0.00,1026.0,1011.2
2021-04-23T03:00,5.0,0.00,66,-0.8,2.3,0.00,0.00,0.00,0,0,0,0,0,3.2,94,117,5.8,12.6,0,0.00,1026.4,1011.7
2021-04-23T04:00,4.1,0.00,71,-0.7,1.4,0.00,0.00,0.00,0,0,0,0,0,3.6,151,127,3.7,6.1,0,0.00,1026.7,1011.9
2021-04-23T05:00,2.9,0.00,76,-0.9,0.4,0.00,0.00,0.00,0,0,0,0,0,1.5,219,76,2.3,5.8,0,0.00,1027.0,1012.1
2021-04-23T06:00,2.4,0.00,83,-0.2,-0.1,0.00,0.00,0.00,0,0,0,0,0,2.0,333,45,4.0,5.8,1,47.34,1027.5,1012.6
2021-04-23T07:00,5.2,0.00,75,1.1,2.8,0.00,0.00,0.00,0,0,0,0,0,3.3,4,6,5.4,9.7,1,3600.00,1027.8,1013.0
2021-04-23T08:00,7.9,0.00,64,1.6,5.5,0.00,0.00,0.00,0,0,0,0,0,3.9,348,338,5.2,13.3,1,3600.00,1028.2,1013.6
2021-04-23T09:00,10.0,0.00,59,2.3,7.5,0.00,0.00,0.00,0,0,0,0,0,4.9,351,343,6.6,16.9,1,3600.00,1028.1,1013.6
2021-04-23T10:00,11.5,0.00,52,1.9,9.2,0.00,0.00,0.00,0,0,0,0,0,6.6,358,351,8.6,20.5,1,3600.00,1028.0,1013.6
2021-04-23T11:00,12.6,0.00,49,2.2,10.8,0.00,0.00,0.00,0,0,0,0,0,8.0,358,352,10.1,23.8,1,3600.00,1028.0,1013.6
2021-04-23T12:00,13.5,0.00,47,2.4,12.2,0.00,0.00,0.00,0,0,0,0,0,8.0,358,355,10.1,24.5,1,3600.00,1027.7,1013.4
2021-04-23T13:00,14.8,0.00,43,2.3,13.9,0.00,0.00,0.00,1,35,40,0,0,6.2,343,339,7.5,23.8,1,3600.00,1026.9,1012.6
2021-04-23T14:00,15.4,0.00,41,2.3,14.2,0.00,0.00,0.00,2,56,56,0,0,6.8,340,335,8.4,21.2,1,3600.00,1026.6,1012.4
2021-04-23T15:00,15.6,0.00,40,2.1,13.6,0.00,0.00,0.00,0,3,3,0,0,8.3,346,342,10.7,23.4,1,3600.00,1026.3,1012.1
2021-04-23T16:00,15.5,0.00,40,1.9,12.5,0.00,0.00,0.00,0,0,0,0,0,9.4,358,353,12.6,24.5,1,3600.00,1025.9,1011.7
2021-04-23T17:00,15.0,0.00,40,1.5,11.5,0.00,0.00,0.00,0,0,0,0,0,10.5,9,6,14.6,24.5,1,3600.00,1025.5,1011.3
2021-04-23T18:00,13.9,0.00,44,1.9,10.7,0.00,0.00,0.00,0,0,0,0,0,9.1,13,9,15.9,24.5,1,3600.00,1025.5,1011.2
2021-04-23T19:00,11.4,0.00,52,2.0,8.4,0.00,0.00,0.00,0,0,0,0,0,8.4,27,20,19.3,20.2,1,3487.09,1025.7,1011.3
2021-04-23T20:00,9.4,0.00,58,1.5,6.2,0.00,0.00,0.00,0,0,0,0,0,9.2,41,39,21.4,18.7,0,0.00,1026.1,1011.6
2021-04-23T21:00,8.3,0.00,63,1.7,5.1,0.00,0.00,0.00,0,0,0,0,0,9.2,47,48,21.7,18.7,0,0.00,1026.4,1011.8
2021-04-23T22:00,7.6,0.00,66,1.7,4.4,0.00,0.00,0.00,0,0,0,0,0,9.6,53,56,22.6,19.4,0,0.00,1026.3,1011.7
2021-04-23T23:00,7.5,0.00,67,1.8,4.1,0.00,0.00,0.00,0,0,0,0,0,10.5,63,63,24.3,21.2,0,0.00,1026.4,1011.8
2021-04-24T00:00,7.0,0.00,70,1.9,3.9,0.00,0.00,0.00,0,0,0,0,0,9.2,75,79,23.1,21.2,0,0.00,1026.2,1011.6
2021-04-24T01:00,6.4,0.00,70,1.3,3.4,0.00,0.00,0.00,0,0,0,0,0,7.2,91,87,20.2,19.4,0,0.00,1025.1,1010.4
2021-04-24T02:00,4.7,0.00,78,1.2,1.6,0.00,0.00,0.00,0,0,0,0,0,8.0,93,82,14.4,15.8,0,0.00,1025.1,1010.4
2021-04-24T03:00,4.3,0.00,78,0.8,1.3,0.00,0.00,0.00,0,0,0,0,0,6.8,88,65,10.8,12.6,0,0.00,1024.9,1010.1
2021-04-24T04:00,3.2,0.00,83,0.5,0.1,0.00,0.00,0.00,2,74,74,0,0,6.7,86,54,10.1,11.2,0,0.00,1024.8,1010.0
2021-04-24T05:00,2.3,0.00,86,0.2,-0.7,0.00,0.00,0.00,0,16,16,0,0,6.3,62,31,6.9,10.4,0,0.00,1025.0,1010.1
2021-04-24T06:00,3.4,0.00,86,1.2,0.8,0.00,0.00,0.00,1,23,23,0,0,4.3,53,48,5.4,10.1,1,110.54,1025.2,1010.4
2021-04-24T07:00,6.4,0.00,73,1.9,4.3,0.00,0.00,0.00,1,40,40,0,0,1.8,90,127,5.8,8.3,1,3600.00,1025.4,1010.7
2021-04-24T08:00,8.9,0.00,65,2.8,7.1,0.00,0.00,0.00,2,59,59,0,0,0.8,315,297,0.5,9.0,1,3600.00,1025.5,1011.0
2021-04-24T09:00,11.3,0.00,60,3.9,9.4,0.00,0.00,0.00,3,99,99,0,0,2.5,339,315,3.1,13.3,1,3600.00,1025.2,1010.8
2021-04-24T10:00,13.5,0.00,56,4.9,12.2,0.00,0.00,0.00,3,88,88,0,0,3.6,331,315,4.5,15.8,1,3600.00,1024.7,1010.4
2021-04-24T11:00,15.2,0.00,50,4.9,14.6,0.00,0.00,0.00,3,96,96,0,0,4.2,339,329,5.0,16.9,1,3600.00,1024.3,1010.1
2021-04-24T12:00,16.3,0.00,45,4.4,15.8,0.00,0.00,0.00,3,98,98,0,3,5.2,339,335,6.2,18.7,1,3600.00,1023.5,1009.4
2021-04-24T13:00,17.4,0.00,37,2.7,16.2,0.00,0.00,0.00,3,98,98,0,0,7.4,334,331,9.2,19.1,1,3600.00,1022.8,1008.7
2021-04-24T14:00,17.5,0.00,38,2.9,15.8,0.00,0.00,0.00,3,94,94,0,0,9.7,341,338,12.2,25.6,1,3600.00,1022.4,1008.3
2021-04-24T15:00,17.4,0.00,38,2.9,14.9,0.00,0.00,0.00,3,97,97,0,0,11.4,351,347,15.3,28.8,1,3600.00,1021.9,1007.8
2021-04-24T16:00,17.1,0.00,38,2.6,13.9,0.00,0.00,0.00,2,55,55,0,0,11.9,359,355,16.2,29.2,1,3600.00,1021.4,1007.3
2021-04-24T17:00,16.3,0.00,40,2.7,12.7,0.00,0.00,0.00,0,16,16,0,0,13.3,4,2,18.8,29.9,1,3600.00,1021.3,1007.2
2021-04-24T18:00,14.7,0.00,45,2.9,11.0,0.00,0.00,0.00,0,11,11,0,0,13.7,7,5,22.1,31.0,1,3600.00,1021.6,1007.4
2021-04-24T19:00,12.5,0.00,49,2.2,9.0,0.00,0.00,0.00,1,48,48,0,0,11.9,9,5,24.1,29.5,1,3572.67,1022.1,1007.8
2021-04-24T20:00,10.7,0.00,55,2.0,7.1,0.00,0.00,0.00,2,58,58,0,0,12.4,13,10,26.6,25.9,0,0.00,1022.5,1008.1
2021-04-24T21:00,9.6,0.00,60,2.2,6.0,0.00,0.00,0.00,2,71,71,0,0,12.5,17,12,26.4,27.0,0,0.00,1022.6,1008.1
2021-04-24T22:00,8.4,0.00,67,2.6,5.2,0.00,0.00,0.00,3,86,86,0,0,10.6,27,18,24.3,26.3,0,0.00,1022.9,1008.4
2021-04-24T23:00,7.8,0.00,70,2.7,4.7,0.00,0.00,0.00,3,93,93,0,0,9.8,35,24,22.8,22.7,0,0.00,1023.2,1008.6
2021-04-25T00:00,7.0,0.00,73,2.4,4.1,0.00,0.00,0.00,3,89,89,0,0,8.1,35,21,20.2,20.9,0,0.00,1023.7,1009.1
2021-04-25T01:00,6.7,0.00,73,2.1,3.8,0.00,0.00,0.00,3,94,96,0,0,7.3,38,20,18.7,17.3,0,0.00,1023.0,1008.4
2021-04-25T02:00,6.7,0.00,72,2.0,3.7,0.00,0.00,0.00,3,98,98,0,0,7.9,40,24,19.4,16.6,0,0.00,1023.0,1008.4
2021-04-25T03:00,6.3,0.00,72,1.7,3.5,0.00,0.00,0.00,3,94,94,0,0,6.9,47,28,18.3,16.9,0,0.00,1022.9,1008.3
2021-04-25T04:00,5.3,0.00,76,1.5,2.5,0.00,0.00,0.00,0,0,0,0,0,6.6,42,22,17.3,15.1,0,0.00,1022.8,1008.1
2021-04-25T05:00,4.2,0.00,81,1.3,1.3,0.00,0.00,0.00,0,0,0,0,0,6.2,38,21,16.9,14.4,0,0.00,1022.8,1008.1
2021-04-25T06:00,4.7,0.00,81,1.6,2.0,0.00,0.00,0.00,0,0,0,0,0,5.5,33,11,15.1,13.0,1,187.18,1023.3,1008.6
2021-04-25T07:00,6.7,0.00,72,2.1,4.2,0.00,0.00,0.00,0,0,0,0,0,4.7,29,9,9.0,13.3,1,3600.00,1024.0,1009.4
2021-04-25T08:00,8.8,0.00,66,2.7,6.2,0.00,0.00,0.00,0,0,0,0,0,5.8,18,7,8.0,16.9,1,3600.00,1024.1,1009.6
2021-04-25T09:00,10.7,0.00,58,2.7,8.0,0.00,0.00,0.00,0,0,0,0,0,6.6,18,13,9.1,20.2,1,3600.00,1024.0,1009.6
2021-04-25T10:00,12.1,0.00,50,2.0,9.5,0.00,0.00,0.00,0,15,0,0,15,8.5,17,12,11.3,23.8,1,3600.00,1023.8,1009.5
2021-04-25T11:00,12.9,0.00,46,1.6,10.7,0.00,0.00,0.00,0,8,0,0,8,10.0,16,13,12.8,27.4,1,3600.00,1023.7,1009.4
2021-04-25T12:00,13.7,0.00,43,1.4,11.7,0.00,0.00,0.00,0,1,0,0,1,10.3,16,12,13.5,28.1,1,3600.00,1023.2,1008.9
2021-04-25T13:00,14.7,0.00,40,1.2,12.7,0.00,0.00,0.00,0,2,0,0,0,11.6,21,16,15.0,28.4,1,3600.00,1022.7,1008.5
2021-04-25T14:00,15.0,0.00,39,1.2,12.8,0.00,0.00,0.00,0,0,0,0,0,11.9,18,14,15.5,30.6,1,3600.00,1022.5,1008.3
2021-04-25T15:00,15.1,0.00,39,1.2,12.3,0.00,0.00,0.00,0,0,0,0,0,12.2,17,14,16.2,30.6,1,3600.00,1022.1,1007.9
2021-04-25T16:00,14.9,0.00,39,1.1,11.3,0.00,0.00,0.00,0,0,0,0,0,12.9,21,18,17.3,31.0,1,3600.00,1021.6,1007.4
2021-04-25T17:00,14.3,0.00,39,0.6,10.3,0.00,0.00,0.00,0,0,0,0,0,13.6,25,22,19.0,31.3,1,3600.00,1021.4,1007.2
2021-04-25T18:00,13.3,0.00,42,0.7,9.4,0.00,0.00,0.00,0,0,0,0,0,12.8,25,22,20.3,31.0,1,3600.00,1021.4,1007.1
2021-04-25T19:00,11.5,0.00,49,1.0,7.8,0.00,0.00,0.00,0,0,0,0,0,11.6,20,16,23.0,28.4,1,3600.00,1021.6,1007.3
2021-04-25T20:00,9.7,0.00,53,0.5,5.5,0.00,0.00,0.00,0,13,13,0,0,15.0,25,21,28.5,31.7,0,0.00,1022.0,1007.6
2021-04-25T21:00,8.6,0.00,56,0.3,4.3,0.00,0.00,0.00,1,37,37,0,0,15.1,39,33,29.2,32.8,0,0.00,1022.2,1007.7
2021-04-25T22:00,7.9,0.00,57,-0.2,3.6,0.00,0.00,0.00,1,46,46,0,0,14.7,59,54,28.9,32.0,0,0.00,1022.3,1007.8
2021-04-25T23:00,7.1,0.00,53,-1.8,2.7,0.00,0.00,0.00,0,0,0,0,0,13.7,71,67,27.8,31.3,0,0.00,1022.5,1007.9
2021-04-26T00:00,6.4,0.00,53,-2.4,1.9,0.00,0.00,0.00,0,0,0,0,0,13.8,77,70,28.1,29.5,0,0.00,1022.2,1007.6
2021-04-26T01:00,6.9,0.00,52,-2.3,2.3,0.00,0.00,0.00,0,0,0,0,0,14.3,85,78,28.6,31.0,0,0.00,1021.7,1007.1
2021-04-26T02:00,6.4,0.00,54,-2.3,1.7,0.00,0.00,0.00,0,9,9,0,0,15.3,82,75,29.8,32.0,0,0.00,1021.2,1006.6
2021-04-26T03:00,5.8,0.00,55,-2.6,1.0,0.00,0.00,0.00,0,17,17,0,0,15.8,79,73,30.8,33.5,0,0.00,1020.6,1006.0
2021-04-26T04:00,5.3,0.00,55,-3.0,0.7,0.00,0.00,0.00,0,8,8,0,0,14.5,77,71,29.5,33.5,0,0.00,1020.1,1005.5
2021-04-26T05:00,4.7,0.00,57,-3.1,0.6,0.00,0.00,0.00,0,0,0,0,0,10.8,81,75,25.2,31.0,0,0.00,1019.7,1005.0
2021-04-26T06:00,4.5,0.00,62,-2.3,0.8,0.00,0.00,0.00,0,0,0,0,0,8.0,82,72,20.0,23.4,1,276.11,1020.1,1005.4
2021-04-26T07:00,6.0,0.00,58,-1.7,2.3,0.00,0.00,0.00,0,0,0,0,0,9.1,78,72,15.8,20.9,1,3600.00,1020.2,1005.6
2021-04-26T08:00,7.9,0.00,54,-0.9,4.0,0.00,0.00,0.00,0,0,0,0,0,10.8,77,75,15.5,26.3,1,3600.00,1020.1,1005.6
2021-04-26T09:00,9.8,0.00,49,-0.4,6.0,0.00,0.00,0.00,0,0,0,0,0,11.1,79,77,15.4,27.7,1,3600.00,1019.6,1005.2
2021-04-26T10:00,11.6,0.00,45,0.2,8.5,0.00,0.00,0.00,0,0,0,0,0,10.7,77,76,14.8,28.8,1,3600.00,1019.0,1004.7
2021-04-26T11:00,13.1,0.00,43,0.7,10.8,0.00,0.00,0.00,0,0,0,0,0,9.8,68,66,13.2,28.4,1,3600.00,1018.4,1004.2
2021-04-26T12:00,14.1,0.00,39,0.4,12.2,0.00,0.00,0.00,0,0,0,0,0,10.0,61,60,13.2,27.7,1,3600.00,1017.7,1003.5
2021-04-26T13:00,15.1,0.00,37,0.4,13.5,0.00,0.00,0.00,0,0,0,0,0,8.9,60,58,11.6,29.2,1,3600.00,1016.6,1002.5
2021-04-26T14:00,15.6,0.00,35,0.1,13.6,0.00,0.00,0.00,0,0,0,0,0,9.8,68,66,12.8,26.6,1,3600.00,1015.6,1001.5
2021-04-26T15:00,15.8,0.00,33,-0.4,13.2,0.00,0.00,0.00,0,0,0,0,0,10.0,66,64,13.4,26.6,1,3600.00,1014.7,1000.7
2021-04-26T16:00,15.6,0.00,31,-1.4,12.1,0.00,0.00,0.00,0,0,0,0,0,10.6,56,55,14.3,26.6,1,3600.00,1014.1,1000.1
2021-04-26T17:00,15.0,0.00,31,-2.2,10.7,0.00,0.00,0.00,0,0,0,0,0,12.6,54,53,17.3,28.8,1,3600.00,1013.6,999.5
2021-04-26T18:00,14.0,0.00,32,-2.3,9.9,0.00,0.00,0.00,0,0,0,0,0,11.3,60,59,18.7,28.4,1,3600.00,1013.3,999.2
2021-04-26T19:00,11.7,0.00,39,-1.7,8.0,0.00,0.00,0.00,0,0,0,0,0,8.9,63,58,20.3,25.2,1,3600.00,1013.0,998.8
2021-04-26T20:00,9.8,0.00,40,-3.1,5.6,0.00,0.00,0.00,0,0,0,0,0,10.9,62,56,25.3,23.8,0,0.00,1013.2,998.9
2021-04-26T21:00,8.7,0.00,40,-4.1,4.5,0.00,0.00,0.00,0,0,0,0,0,10.4,65,56,24.6,23.8,0,0.00,1013.6,999.2
2021-04-26T22:00,8.0,0.00,41,-4.5,3.5,0.00,0.00,0.00,0,0,0,0,0,12.3,64,58,27.5,25.6,0,0.00,1013.5,999.1
2021-04-26T23:00,7.9,0.00,42,-4.2,2.7,0.00,0.00,0.00,1,46,46,0,0,17.2,73,70,33.5,34.9,0,0.00,1013.3,998.9
2021-04-27T00:00,7.2,0.00,45,-3.8,1.7,0.00,0.00,0.00,1,47,47,0,0,19.5,74,74,36.2,40.3,0,0.00,1013.0,998.6
2021-04-27T01:00,7.0,0.00,43,-4.7,1.4,0.00,0.00,0.00,1,47,49,0,0,19.6,82,84,36.7,42.1,0,0.00,1011.9,997.5
2021-04-27T02:00,6.5,0.00,45,-4.6,1.0,0.00,0.00,0.00,2,71,71,0,0,19.1,84,86,35.5,41.4,0,0.00,1011.5,997.0
2021-04-27T03:00,6.1,0.00,46,-4.6,0.7,0.00,0.00,0.00,2,78,78,0,0,18.1,86,85,33.6,40.0,0,0.00,1011.3,996.8
2021-04-27T04:00,5.8,0.00,47,-4.7,0.6,0.00,0.00,0.00,3,83,83,0,0,16.3,87,85,31.4,37.8,0,0.00,1011.2,996.7
2021-04-27T05:00,5.2,0.00,48,-4.8,0.5,0.00,0.00,0.00,3,98,98,0,0,13.4,86,82,28.1,34.9,0,0.00,1011.0,996.5
2021-04-27T06:00,5.3,0.00,51,-4.1,0.9,0.00,0.00,0.00,3,96,96,0,0,11.5,84,76,23.9,29.5,1,0.00,1011.3,996.8
2021-04-27T07:00,6.3,0.00,51,-3.1,2.3,0.00,0.00,0.00,3,96,96,0,0,10.0,84,77,17.7,25.2,1,3600.00,1011.4,996.9
2021-04-27T08:00,8.0,0.00,47,-2.6,4.0,0.00,0.00,0.00,3,95,95,0,0,9.8,86,84,14.1,24.5,1,3600.00,1011.3,996.9
2021-04-27T09:00,9.8,0.00,45,-1.6,6.4,0.00,0.00,0.00,3,88,88,0,0,7.3,80,79,10.2,24.1,1,3600.00,1011.0,996.7
2021-04-27T10:00,12.0,0.00,42,-0.5,9.4,0.00,0.00,0.00,3,80,80,0,0,6.1,66,62,8.7,21.2,1,3600.00,1010.5,996.3
2021-04-27T11:00,13.9,0.00,37,-0.4,12.0,0.00,0.00,0.00,1,21,21,0,0,6.4,66,63,8.7,21.2,1,3600.00,1009.9,995.8
2021-04-27T12:00,15.1,0.00,33,-0.9,13.4,0.00,0.00,0.00,0,14,14,0,0,7.7,80,79,10.2,23.8,1,3600.00,1009.0,995.0
2021-04-27T13:00,16.3,0.00,30,-1.1,14.6,0.00,0.00,0.00,0,0,0,0,0,8.3,86,85,10.8,25.9,1,3600.00,1008.2,994.3
2021-04-27T14:00,16.8,0.00,29,-1.4,14.8,0.00,0.00,0.00,0,0,0,0,0,9.1,85,83,11.6,25.2,1,3600.00,1007.6,993.7
2021-04-27T15:00,17.1,0.00,29,-1.2,14.6,0.00,0.00,0.00,0,0,0,0,0,9.0,87,88,11.9,25.2,1,3600.00,1006.8,992.9
2021-04-27T16:00,17.1,0.00,29,-0.9,13.9,0.00,0.00,0.00,0,0,0,0,0,9.0,87,88,12.3,24.5,1,3600.00,1006.2,992.3
2021-04-27T17:00,16.8,0.00,31,-0.3,13.4,0.00,0.00,0.00,0,0,0,0,0,8.7,87,85,12.3,23.8,1,3600.00,1005.7,991.8
2021-04-27T18:00,16.2,0.00,37,1.5,13.3,0.00,0.00,0.00,0,1,1,0,0,6.4,77,74,11.4,21.2,1,3600.00,1005.6,991.7
2021-04-27T19:00,13.4,0.00,48,2.5,10.8,0.00,0.00,0.00,1,21,21,0,0,6.4,54,38,15.2,14.8,1,3600.00,1005.6,991.6
2021-04-27T20:00,11.6,0.00,49,1.1,8.2,0.00,0.00,0.00,0,17,17,0,0,9.4,55,47,21.5,18.7,0,0.00,1006.0,991.9
2021-04-27T21:00,10.8,0.00,49,0.6,7.1,0.00,0.00,0.00,0,0,0,0,0,11.2,64,57,25.6,23.0,0,0.00,1006.3,992.1
2021-04-27T22:00,10.6,0.00,46,-0.4,6.7,0.00,0.00,0.00,0,1,1,0,0,11.5,78,70,26.9,24.5,0,0.00,1006.1,991.9
2021-04-27T23:00,10.0,0.00,46,-1.0,6.3,0.00,0.00,0.00,0,0,0,0,0,10.1,90,84,25.2,24.5,0,0.00,1006.2,992.0
2021-04-28T00:00,9.1,0.00,49,-1.0,5.6,0.00,0.00,0.00,0,0,0,0,0,8.4,101,100,23.5,22.0,0,0.00,1006.2,991.9
2021-04-28T01:00,8.8,0.00,51,-0.8,5.4,0.00,0.00,0.00,0,0,0,0,0,7.9,107,106,23.3,18.4,0,0.00,1005.7,991.4
2021-04-28T02:00,8.7,0.00,51,-1.0,5.0,0.00,0.00,0.00,0,0,0,0,0,9.3,107,106,24.0,20.2,0,0.00,1005.4,991.1
2021-04-28T03:00,8.5,0.00,51,-1.0,4.4,0.00,0.00,0.00,0,0,0,0,0,11.9,100,95,27.4,24.8,0,0.00,1005.2,990.9
2021-04-28T04:00,8.2,0.00,52,-1.0,4.0,0.00,0.00,0.00,0,0,0,0,0,12.7,101,97,27.9,27.0,0,0.00,1004.8,990.5
2021-04-28T05:00,7.5,0.00,57,-0.6,3.8,0.00,0.00,0.00,2,57,57,0,0,9.7,99,92,24.1,26.6,0,0.00,1004.9,990.6
2021-04-28T06:00,7.3,0.00,64,0.9,4.3,0.00,0.00,0.00,2,67,67,0,0,6.9,104,99,18.9,20.5,1,486.93,1005.4,991.1
2021-04-28T07:00,9.3,0.00,61,2.1,6.2,0.00,0.00,0.00,2,75,75,0,0,8.5,106,102,16.5,18.7,1,3600.00,1005.5,991.3
2021-04-28T08:00,11.4,0.00,57,3.2,8.6,0.00,0.00,0.00,1,41,41,0,0,8.4,113,115,12.1,21.2,1,3600.00,1005.4,991.3
2021-04-28T09:00,13.6,0.00,51,3.7,11.0,0.00,0.00,0.00,2,71,71,0,0,7.7,125,127,10.6,22.0,1,3600.00,1005.1,991.1
2021-04-28T10:00,15.7,0.00,46,4.1,13.8,0.00,0.00,0.00,2,65,65,0,0,6.4,140,142,8.4,22.0,1,3600.00,1004.7,990.8
2021-04-28T11:00,17.6,0.00,41,4.2,16.7,0.00,0.00,0.00,2,55,55,0,0,5.1,167,172,6.6,20.2,1,3600.00,1004.4,990.6
2021-04-28T12:00,19.2,0.00,35,3.4,18.5,0.00,0.00,0.00,1,43,42,0,0,5.8,200,202,7.3,19.8,1,3600.00,1003.8,990.1
2021-04-28T13:00,19.8,0.00,30,1.9,18.7,0.00,0.00,0.00,0,14,0,0,0,7.4,227,227,9.4,20.9,1,3600.00,1003.6,989.9
2021-04-28T14:00,20.4,0.00,31,2.6,19.5,0.00,0.00,0.00,0,0,0,0,0,5.4,231,233,6.9,22.3,1,3600.00,1002.8,989.1
2021-04-28T15:00,21.0,0.00,30,2.8,19.3,0.00,0.00,0.00,1,21,6,18,0,7.3,200,200,9.6,21.2,1,3600.00,1002.2,988.6
2021-04-28T16:00,21.1,0.00,30,2.9,18.4,0.00,0.00,0.00,2,73,0,73,0,8.6,182,180,11.5,22.3,1,3600.00,1001.7,988.1
2021-04-28T17:00,20.8,0.00,30,2.5,17.7,0.00,0.00,0.00,3,100,69,100,0,9.4,199,198,14.1,22.3,1,3600.00,1001.2,987.6
2021-04-28T18:00,18.9,0.00,35,2.9,15.1,0.00,0.00,0.00,3,100,93,99,0,14.4,273,274,24.2,27.0,1,0.00,1001.5,987.8
2021-04-28T19:00,14.5,0.00,61,7.0,11.9,0.00,0.00,0.00,3,100,98,100,0,12.8,284,281,21.5,44.6,1,0.00,1002.8,988.9
2021-04-28T20:00,13.7,0.20,65,7.1,11.6,0.20,0.00,0.00,51,100,99,100,3,9.3,247,242,16.0,26.3,0,0.00,1003.7,989.7
2021-04-28T21:00,12.2,0.90,78,8.5,10.8,0.90,0.00,0.00,53,100,100,100,0,7.0,210,192,11.6,19.8,0,0.00,1003.9,989.8
2021-04-28T22:00,11.4,1.50,89,9.7,10.6,1.50,0.00,0.00,61,100,100,100,100,5.1,199,176,8.8,14.4,0,0.00,1003.6,989.5
2021-04-28T23:00,11.0,0.70,91,9.7,10.0,0.70,0.00,0.00,53,100,100,99,98,6.5,201,186,12.3,15.1,0,0.00,1003.9,989.8
2021-04-29T00:00,10.7,0.70,93,9.6,9.8,0.70,0.00,0.00,53,100,97,98,100,5.8,189,173,11.3,14.4,0,0.00,1003.7,989.6
2021-04-29T01:00,10.6,1.20,90,9.0,9.5,1.20,0.00,0.00,55,100,41,97,68,5.2,153,146,12.6,12.6,0,0.00,1003.2,989.1
2021-04-29T02:00,10.5,0.20,94,9.5,9.5,0.20,0.00,0.00,51,100,98,100,100,5.6,197,207,12.1,13.3,0,0.00,1003.4,989.3
2021-04-29T03:00,10.5,0.20,94,9.6,9.4,0.20,0.00,0.00,51,78,5,66,66,6.7,235,234,14.0,16.6,0,0.00,1003.8,989.7
2021-04-29T04:00,10.2,0.00,93,9.1,8.4,0.00,0.00,0.00,3,82,69,40,29,10.6,248,242,20.2,23.0,0,0.00,1004.4,990.2
2021-04-29T05:00,9.3,0.00,94,8.4,7.4,0.00,0.00,0.00,1,43,2,38,13,10.0,238,229,22.0,23.4,0,0.00,1004.8,990.6
2021-04-29T06:00,9.2,0.00,93,8.1,6.9,0.00,0.00,0.00,0,19,0,18,4,12.0,232,226,24.1,25.2,1,201.24,1005.5,991.3
2021-04-29T07:00,10.4,0.00,91,9.0,8.4,0.00,0.00,0.00,1,40,7,37,1,11.7,231,225,23.8,28.4,1,3600.00,1006.0,991.8
2021-04-29T08:00,11.6,0.00,85,9.2,8.5,0.00,0.00,0.00,3,95,0,92,52,19.5,231,231,28.2,41.4,1,3600.00,1006.2,992.1
2021-04-29T09:00,12.1,0.00,83,9.3,9.2,0.00,0.00,0.00,3,83,26,75,26,18.0,233,233,26.0,42.5,1,1187.47,1006.6,992.5
2021-04-29T10:00,13.4,0.10,75,9.1,10.9,0.10,0.00,0.00,51,37,9,25,19,15.8,236,235,22.3,39.6,1,3600.00,1006.7,992.7
2021-04-29T11:00,14.8,0.10,65,8.3,12.2,0.10,0.00,0.00,51,67,29,54,21,16.4,242,241,22.9,45.0,1,3600.00,1006.6,992.6
2021-04-29T12:00,15.2,0.10,55,6.1,11.5,0.10,0.00,0.00,51,67,53,30,23,18.3,239,238,25.2,45.4,1,3600.00,1006.6,992.6
2021-04-29T13:00,13.4,0.00,67,7.4,10.3,0.00,0.00,0.00,2,75,36,62,13,19.7,249,249,28.1,51.8,1,3600.00,1006.9,992.9
2021-04-29T14:00,14.7,0.10,53,5.3,10.6,0.10,0.00,0.00,51,85,81,24,8,21.3,258,258,30.6,59.8,1,3600.00,1006.9,992.9
2021-04-29T15:00,15.2,0.10,47,4.0,11.2,0.10,0.00,0.00,51,77,72,25,20,19.2,265,265,27.1,48.6,1,3600.00,1006.9,992.9
2021-04-29T16:00,15.4,0.00,46,3.8,11.3,0.00,0.00,0.00,0,17,8,7,10,17.5,256,256,24.9,46.4,1,3600.00,1006.7,992.8
2021-04-29T17:00,15.4,0.00,45,3.5,11.2,0.00,0.00,0.00,1,29,17,15,7,18.4,258,258,26.9,41.0,1,3600.00,1006.9,992.9
2021-04-29T18:00,14.7,0.00,45,2.9,10.8,0.00,0.00,0.00,1,41,27,16,18,15.5,267,266,24.5,41.4,1,3600.00,1007.2,993.2
2021-04-29T19:00,13.4,0.00,48,2.5,10.0,0.00,0.00,0.00,1,26,0,25,15,11.4,281,281,22.4,33.8,1,3600.00,1007.9,993.8
2021-04-29T20:00,11.7,0.00,53,2.4,7.6,0.00,0.00,0.00,1,44,3,38,23,16.4,323,322,29.3,33.8,0,0.00,1009.1,994.9
2021-04-29T21:00,10.5,0.00,57,2.4,6.6,0.00,0.00,0.00,0,6,0,6,0,14.9,324,323,27.1,35.6,0,0.00,1010.1,995.9
2021-04-29T22:00,9.1,0.00,62,2.2,5.3,0.00,0.00,0.00,0,0,0,0,0,13.6,322,320,26.6,31.7,0,0.00,1011.0,996.7
2021-04-29T23:00,7.8,0.00,68,2.2,4.5,0.00,0.00,0.00,0,0,0,0,0,10.4,317,316,23.2,29.2,0,0.00,1011.8,997.4
2021-04-30T00:00,6.5,0.00,75,2.3,3.6,0.00,0.00,0.00,1,31,31,0,0,7.4,313,313,19.4,22.7,0,0.00,1012.4,997.9
2021-04-30T01:00,5.3,0.00,80,2.0,2.4,0.00,0.00,0.00,2,71,39,10,17,7.6,348,360,11.8,16.2,0,0.00,1013.0,998.5
2021-04-30T02:00,4.5,0.00,83,1.9,1.8,0.00,0.00,0.00,2,52,46,8,10,5.9,353,11,9.4,12.2,0,0.00,1013.0,998.4
2021-04-30T03:00,3.9,0.00,85,1.5,1.1,0.00,0.00,0.00,1,23,20,3,2,6.0,4,25,9.7,10.4,0,0.00,1013.3,998.7
2021-04-30T04:00,3.1,0.00,86,1.1,0.4,0.00,0.00,0.00,2,57,55,4,2,5.4,16,53,7.9,10.1,0,0.00,1013.3,998.6
2021-04-30T05:00,2.4,0.00,89,0.7,-0.4,0.00,0.00,0.00,3,93,92,4,0,5.0,27,69,5.6,8.6,0,0.00,1013.2,998.5
2021-04-30T06:00,4.1,0.00,83,1.6,1.8,0.00,0.00,0.00,3,87,87,3,0,3.0,45,76,4.1,7.2,1,198.86,1013.6,999.0
2021-04-30T07:00,7.1,0.00,71,2.2,4.9,0.00,0.00,0.00,3,97,96,87,0,2.4,27,27,4.0,9.0,1,3600.00,1013.7,999.2
2021-04-30T08:00,8.4,0.00,63,1.7,5.8,0.00,0.00,0.00,3,100,100,100,0,5.4,12,8,7.0,15.8,1,3600.00,1013.4,999.0
2021-04-30T09:00,9.3,0.00,59,1.6,6.5,0.00,0.00,0.00,3,100,96,100,0,5.8,8,4,7.6,17.3,1,1450.94,1013.1,998.8
2021-04-30T10:00,9.9,0.00,57,1.8,6.7,0.00,0.00,0.00,3,100,100,100,0,9.4,332,328,12.2,24.5,1,1508.88,1013.2,998.9
2021-04-30T11:00,9.1,0.00,60,1.7,6.0,0.00,0.00,0.00,3,100,100,98,0,8.7,321,318,11.5,24.8,1,0.00,1014.0,999.6
2021-04-30T12:00,8.9,0.30,61,1.8,6.0,0.30,0.00,0.00,51,100,98,100,0,6.8,331,328,9.0,21.2,1,0.00,1014.1,999.7
2021-04-30T13:00,7.9,0.40,73,3.4,5.7,0.40,0.00,0.00,51,100,100,100,70,4.7,106,113,6.4,17.6,1,0.00,1013.9,999.5
2021-04-30T14:00,8.1,0.30,75,4.0,6.5,0.30,0.00,0.00,51,100,100,100,96,1.0,346,315,1.5,13.0,1,0.00,1013.8,999.4
2021-04-30T15:00,8.2,0.20,74,3.8,6.4,0.20,0.00,0.00,51,100,98,100,99,2.2,278,270,2.5,11.9,1,0.00,1013.7,999.3
2021-04-30T16:00,7.9,0.10,78,4.3,6.1,0.10,0.00,0.00,51,100,98,97,90,3.0,288,284,3.4,10.8,1,0.00,1013.2,998.8
2021-04-30T17:00,8.7,0.00,74,4.4,7.2,0.00,0.00,0.00,3,100,100,100,89,1.4,284,270,1.5,13.3,1,0.00,1013.3,998.9
2021-04-30T18:00,8.2,0.00,77,4.4,6.2,0.00,0.00,0.00,3,100,100,100,90,4.5,252,256,5.7,12.2,1,0.00,1013.4,999.0
2021-04-30T19:00,7.7,0.00,81,4.7,5.6,0.00,0.00,0.00,3,100,100,100,74,5.8,263,263,9.4,13.0,1,0.00,1013.8,999.4
2021-04-30T20:00,7.1,0.00,85,4.7,5.3,0.00,0.00,0.00,3,100,100,100,1,3.5,257,246,9.6,11.9,0,0.00,1014.0,999.5
2021-04-30T21:00,6.6,0.00,88,4.7,4.8,0.00,0.00,0.00,3,99,94,95,14,4.0,213,185,8.6,8.3,0,0.00,1014.5,1000.0
2021-04-30T22:00,6.4,0.00,90,4.9,4.5,0.00,0.00,0.00,3,94,92,10,20,4.6,184,162,9.7,9.7,0,0.00,1014.5,1000.0
2021-04-30T23:00,4.9,0.00,95,4.1,2.7,0.00,0.00,0.00,3,88,88,3,2,5.4,191,160,9.2,9.7,0,0.00,1014.7,1000.1
2021-05-01T00:00,4.3,0.00,96,3.7,2.0,0.00,0.00,0.00,3,96,95,3,5,5.8,207,173,8.9,9.4,0,0.00,1014.9,1000.3
2021-05-01T01:00,5.7,0.00,97,5.2,3.8,0.00,0.00,0.00,3,97,96,24,32,4.9,227,197,8.9,9.7,0,0.00,1015.1,1000.5
2021-05-01T02:00,5.1,0.00,97,4.7,3.1,0.00,0.00,0.00,3,100,96,80,100,4.8,209,153,7.4,10.1,0,0.00,1014.8,1000.2
2021-05-01T03:00,6.2,0.00,95,5.5,4.5,0.00,0.00,0.00,3,99,94,36,94,4.2,158,121,6.6,9.4,0,0.00,1014.4,999.9
2021-05-01T04:00,5.2,0.00,98,4.9,3.4,0.00,0.00,0.00,3,98,78,13,92,3.6,163,127,6.0,9.0,0,0.00,1014.0,999.4
2021-05-01T05:00,5.0,0.00,98,4.7,3.2,0.00,0.00,0.00,3,100,98,76,100,3.8,184,163,9.4,7.6,0,0.00,1013.9,999.3
2021-05-01T06:00,6.1,0.00,95,5.3,4.3,0.00,0.00,0.00,3,99,94,85,88,3.8,174,139,6.9,9.0,1,0.00,1013.8,999.3
2021-05-01T07:00,7.0,0.00,89,5.3,5.4,0.00,0.00,0.00,3,100,100,91,65,2.9,149,150,4.2,10.1,1,0.00,1014.0,999.5
2021-05-01T08:00,8.0,0.00,83,5.3,6.4,0.00,0.00,0.00,3,100,96,99,95,3.1,153,159,4.0,12.2,1,0.00,1013.8,999.4
2021-05-01T09:00,9.4,0.00,77,5.5,8.1,0.00,0.00,0.00,3,100,94,100,83,1.0,326,315,1.3,12.6,1,3126.99,1013.4,999.1
2021-05-01T10:00,11.1,0.00,68,5.3,9.6,0.00,0.00,0.00,3,100,99,100,61,2.1,352,329,2.5,12.6,1,3600.00,1013.4,999.1
2021-05-01T11:00,11.5,0.00,65,5.2,9.6,0.00,0.00,0.00,3,100,100,100,84,4.4,315,305,5.1,14.8,1,0.00,1013.3,999.1
2021-05-01T12:00,11.4,0.10,67,5.6,9.1,0.10,0.00,0.00,51,100,99,100,0,8.3,305,304,10.6,21.2,1,0.00,1013.0,998.8
2021-05-01T13:00,12.3,0.10,64,5.6,9.8,0.10,0.00,0.00,51,100,28,97,94,9.0,331,331,11.9,22.7,1,0.00,1012.5,998.3
2021-05-01T14:00,13.3,0.00,57,5.1,11.1,0.00,0.00,0.00,3,100,100,100,55,7.2,358,354,9.4,23.8,1,2067.77,1011.7,997.6
2021-05-01T15:00,12.5,0.20,61,5.1,10.2,0.20,0.00,0.00,51,100,98,100,70,7.8,349,347,11.0,20.5,1,0.00,1011.4,997.2
2021-05-01T16:00,12.4,0.20,62,5.4,10.1,0.20,0.00,0.00,51,100,98,100,94,8.3,358,358,11.9,19.8,1,0.00,1011.1,996.9
2021-05-01T17:00,12.8,0.00,57,4.5,10.4,0.00,0.00,0.00,3,100,99,100,82,7.2,6,6,10.5,20.2,1,0.00,1010.7,996.6
2021-05-01T18:00,12.7,0.00,54,3.7,10.1,0.00,0.00,0.00,3,100,100,100,53,7.3,355,351,12.6,16.6,1,0.00,1010.6,996.5
2021-05-01T19:00,11.3,0.00,64,4.8,8.5,0.00,0.00,0.00,3,100,100,100,48,10.2,346,342,19.3,21.2,1,0.00,1011.1,996.9
2021-05-01T20:00,10.5,0.10,68,4.9,7.7,0.10,0.00,0.00,51,100,100,100,19,10.8,359,356,21.2,23.4,0,0.00,1011.5,997.2
2021-05-01T21:00,10.1,0.20,67,4.3,7.2,0.20,0.00,0.00,51,100,100,100,70,10.2,345,342,20.9,23.0,0,0.00,1011.7,997.4
2021-05-01T22:00,9.6,0.10,59,2.0,6.0,0.10,0.00,0.00,51,100,100,100,0,11.8,340,337,23.3,24.8,0,0.00,1012.0,997.7
2021-05-01T23:00,9.3,0.10,56,0.8,5.2,0.10,0.00,0.00,51,100,100,100,8,13.9,342,339,25.7,28.8,0,0.00,1011.8,997.5
2021-05-02T00:00,8.9,0.00,54,0.2,5.0,0.00,0.00,0.00,3,100,100,100,0,12.2,338,332,23.7,28.8,0,0.00,1012.3,998.0
2021-05-02T01:00,7.7,0.00,76,3.7,4.7,0.00,0.00,0.00,3,100,100,100,59,10.2,325,315,22.0,25.9,0,0.00,1012.6,998.2
2021-05-02T02:00,7.6,0.20,80,4.4,4.9,0.20,0.00,0.00,51,100,100,100,18,9.4,322,310,19.2,22.3,0,0.00,1013.3,998.9
2021-05-02T03:00,7.1,0.00,83,4.4,5.1,0.00,0.00,0.00,3,100,100,100,1,4.8,328,318,14.1,19.4,0,0.00,1013.5,999.0
2021-05-02T04:00,6.7,0.00,83,4.1,4.6,0.00,0.00,0.00,3,100,100,100,12,4.7,315,293,13.2,12.2,0,0.00,1014.1,999.6
2021-05-02T05:00,6.6,0.00,82,3.7,4.3,0.00,0.00,0.00,3,100,100,100,10,5.7,316,305,15.0,12.2,0,0.00,1014.7,1000.2
2021-05-02T06:00,6.7,0.00,81,3.8,4.0,0.00,0.00,0.00,3,100,83,100,6,8.7,318,312,18.9,17.6,1,0.00,1015.4,1000.9
2021-05-02T07:00,7.6,0.00,79,4.2,4.8,0.00,0.00,0.00,3,84,34,82,22,9.7,324,318,17.0,21.2,1,81.43,1016.2,1001.7
2021-05-02T08:00,8.5,0.00,75,4.3,5.4,0.00,0.00,0.00,1,46,0,43,15,12.0,328,327,17.0,27.7,1,3600.00,1016.6,1002.2
2021-05-02T09:00,9.5,0.00,69,4.1,6.3,0.00,0.00,0.00,0,15,0,5,13,12.6,324,323,17.3,36.4,1,3600.00,1016.9,1002.5
2021-05-02T10:00,10.8,0.10,60,3.3,7.4,0.10,0.00,0.00,51,33,0,31,7,13.8,304,303,18.7,39.2,1,3600.00,1017.1,1002.8
2021-05-02T11:00,11.7,0.10,48,1.1,8.0,0.10,0.00,0.00,51,29,0,26,11,15.8,294,294,21.7,38.2,1,3600.00,1017.1,1002.8
2021-05-02T12:00,12.6,0.10,41,-0.1,9.1,0.10,0.00,0.00,51,29,0,28,7,16.1,296,297,22.1,41.0,1,3600.00,1017.1,1002.9
2021-05-02T13:00,11.7,0.00,42,-0.9,8.4,0.00,0.00,0.00,1,47,0,69,2,14.3,285,280,20.1,41.8,1,3600.00,1017.7,1003.4
2021-05-02T14:00,12.2,0.00,41,-0.8,7.6,0.00,0.00,0.00,1,45,0,45,6,15.8,301,300,21.8,38.9,1,3600.00,1017.9,1003.6
2021-05-02T15:00,12.5,0.10,40,-0.6,8.4,0.10,0.00,0.00,51,53,0,53,4,16.8,307,305,22.9,39.6,1,3600.00,1018.0,1003.8
2021-05-02T16:00,12.3,0.00,40,-0.8,7.8,0.00,0.00,0.00,1,32,0,32,2,15.3,315,313,21.4,40.0,1,3600.00,1018.0,1003.7
2021-05-02T17:00,12.2,0.00,39,-1.3,7.8,0.00,0.00,0.00,1,24,0,23,3,13.8,322,321,19.5,36.7,1,3600.00,1018.2,1003.9
2021-05-02T18:00,11.6,0.00,40,-1.4,7.5,0.00,0.00,0.00,1,21,0,21,1,11.6,325,324,17.6,31.3,1,3600.00,1018.1,1003.8
2021-05-02T19:00,9.8,0.00,52,0.5,7.0,0.00,0.00,0.00,1,20,0,19,3,5.3,330,332,13.7,25.6,1,3600.00,1018.7,1004.3
2021-05-02T20:00,7.4,0.00,59,-0.1,4.2,0.00,0.00,0.00,1,38,0,37,6,6.9,337,351,14.0,12.6,0,0.00,1019.3,1004.8
2021-05-02T21:00,7.4,0.00,56,-0.8,4.2,0.00,0.00,0.00,1,28,0,28,19,6.6,340,347,18.0,13.3,0,0.00,1020.3,1005.8
2021-05-02T22:00,6.9,0.00,58,-0.9,3.5,0.00,0.00,0.00,0,10,0,7,8,7.9,346,344,20.8,19.1,0,0.00,1021.0,1006.4
2021-05-02T23:00,4.8,0.00,71,0.0,1.7,0.00,0.00,0.00,0,8,0,8,0,6.1,353,357,15.6,16.9,0,0.00,1021.4,1006.7
2021-05-03T00:00,4.1,0.00,77,0.5,1.1,0.00,0.00,0.00,1,21,0,21,1,6.6,352,13,10.2,12.6,0,0.00,1021.8,1007.1
2021-05-03T01:00,6.2,0.00,65,0.0,3.3,0.00,0.00,0.00,1,21,0,33,12,5.2,299,335,8.2,11.2,0,0.00,1022.2,1007.6
2021-05-03T02:00,5.0,0.00,74,0.8,2.2,0.00,0.00,0.00,1,26,0,25,9,5.4,301,278,9.2,10.4,0,0.00,1022.5,1007.8
2021-05-03T03:00,3.3,0.00,86,1.2,0.7,0.00,0.00,0.00,1,37,0,33,25,4.4,249,189,5.0,9.0,0,0.00,1022.6,1007.8
2021-05-03T04:00,3.1,0.00,89,1.5,0.5,0.00,0.00,0.00,1,29,0,23,21,4.7,208,157,6.9,8.6,0,0.00,1022.6,1007.8
2021-05-03T05:00,2.5,0.00,91,1.2,-0.2,0.00,0.00,0.00,1,35,0,33,9,5.5,222,191,9.7,10.1,1,0.00,1023.1,1008.3
2021-05-03T06:00,4.2,0.00,89,2.5,1.9,0.00,0.00,0.00,1,38,0,35,20,4.3,214,175,9.1,10.4,1,675.77,1023.6,1008.9
2021-05-03T07:00,5.8,0.00,83,3.1,3.6,0.00,0.00,0.00,1,35,0,31,26,4.4,204,189,6.3,13.0,1,3600.00,1024.1,1009.4
2021-05-03T08:00,7.8,0.00,72,3.0,5.4,0.00,0.00,0.00,1,31,0,27,28,4.9,218,216,5.9,15.8,1,3600.00,1024.3,1009.7
2021-05-03T09:00,9.7,0.10,59,2.2,6.9,0.10,0.00,0.00,51,36,14,26,1,7.0,235,235,8.8,20.2,1,3600.00,1024.0,1009.5
2021-05-03T10:00,10.9,0.00,51,1.0,7.3,0.00,0.00,0.00,1,43,6,35,15,10.9,253,253,14.7,27.0,1,3600.00,1023.8,1009.4
2021-05-03T11:00,12.5,0.00,40,-0.7,8.9,0.00,0.00,0.00,3,88,0,88,11,13.1,251,249,17.5,32.4,1,3600.00,1023.0,1008.7
2021-05-03T12:00,13.0,0.00,35,-2.1,8.5,0.00,0.00,0.00,3,100,100,100,0,14.5,248,247,19.9,33.8,1,3600.00,1022.1,1007.8
2021-05-03T13:00,12.8,0.00,40,-0.3,8.6,0.00,0.00,0.00,3,91,82,64,5,14.0,242,241,19.2,38.2,1,3600.00,1022.0,1007.7
2021-05-03T14:00,13.9,0.00,35,-1.3,9.4,0.00,0.00,0.00,3,100,29,100,0,15.1,237,237,21.1,34.9,1,3600.00,1020.8,1006.6
2021-05-03T15:00,13.9,0.00,34,-1.5,9.3,0.00,0.00,0.00,3,100,1,100,0,15.5,243,242,22.2,35.6,1,1129.82,1020.0,1005.8
2021-05-03T16:00,13.6,0.00,37,-0.9,9.1,0.00,0.00,0.00,3,100,100,99,0,15.8,244,243,23.7,35.3,1,0.00,1019.2,1005.0
2021-05-03T17:00,13.5,0.00,39,-0.3,9.4,0.00,0.00,0.00,3,100,98,83,0,13.1,240,238,21.1,34.9,1,0.00,1018.8,1004.6
2021-05-03T18:00,13.2,0.00,44,1.0,9.7,0.00,0.00,0.00,3,98,95,60,0,10.1,220,215,17.9,29.5,1,350.02,1018.2,1004.0
2021-05-03T19:00,11.8,0.00,51,2.1,9.1,0.00,0.00,0.00,3,95,93,56,4,5.8,216,202,14.7,22.3,1,2055.08,1017.5,1003.2
2021-05-03T20:00,9.5,0.00,56,1.2,6.6,0.00,0.00,0.00,3,92,89,37,2,6.2,205,173,15.5,13.3,0,0.00,1017.1,1002.7
2021-05-03T21:00,9.1,0.00,56,0.9,5.8,0.00,0.00,0.00,1,39,30,12,0,9.3,179,152,21.2,18.4,0,0.00,1016.6,1002.2
2021-05-03T22:00,8.7,0.00,57,0.6,5.1,0.00,0.00,0.00,3,95,95,4,0,10.6,172,152,24.7,22.0,0,0.00,1016.0,1001.6
2021-05-03T23:00,8.2,0.00,58,0.5,4.6,0.00,0.00,0.00,3,100,100,4,0,10.6,171,156,25.5,22.7,0,0.00,1015.6,1001.2
2021-05-04T00:00,8.1,0.00,59,0.5,4.4,0.00,0.00,0.00,3,100,100,0,0,11.4,164,152,27.0,24.5,0,0.00,1014.7,1000.3
2021-05-04T01:00,8.6,0.00,58,0.8,5.0,0.00,0.00,0.00,3,100,100,0,2,11.2,195,178,25.8,24.5,0,0.00,1013.1,998.7
2021-05-04T02:00,7.8,0.00,60,0.5,4.1,0.00,0.00,0.00,3,98,98,0,0,11.5,201,184,26.2,26.6,0,0.00,1012.3,997.9
2021-05-04T03:00,7.9,0.00,58,0.0,4.0,0.00,0.00,0.00,3,98,98,0,0,12.2,196,180,28.1,28.4,0,0.00,1011.0,996.6
2021-05-04T04:00,9.4,0.00,49,-0.7,4.9,0.00,0.00,0.00,3,99,99,0,0,15.7,207,200,32.0,34.6,0,0.00,1009.8,995.5
2021-05-04T05:00,10.8,0.00,45,-0.8,5.3,0.00,0.00,0.00,3,100,100,70,0,22.3,219,219,39.4,49.0,1,0.00,1008.8,994.6
2021-05-04T06:00,10.7,0.00,46,-0.4,5.6,0.00,0.00,0.00,3,100,100,94,0,20.4,224,225,36.2,49.7,1,0.00,1008.7,994.5
2021-05-04T07:00,11.0,0.00,47,0.0,5.9,0.00,0.00,0.00,3,100,99,96,1,20.4,224,224,35.1,46.1,1,0.00,1008.4,994.2
2021-05-04T08:00,12.1,0.00,44,0.3,6.6,0.00,0.00,0.00,3,100,75,100,14,22.9,224,222,37.7,49.7,1,0.00,1007.8,993.7
2021-05-04T09:00,13.4,0.00,44,1.4,8.6,0.00,0.00,0.00,3,100,100,100,35,19.6,225,224,32.3,50.8,1,0.00,1007.4,993.3
2021-05-04T10:00,14.0,0.00,42,1.3,8.5,0.00,0.00,0.00,3,100,67,100,0,24.8,230,229,39.6,52.6,1,0.00,1007.3,993.3
2021-05-04T11:00,12.8,0.00,51,2.9,7.3,0.00,0.00,0.00,3,98,10,98,36,26.4,245,246,44.0,59.8,1,0.00,1007.9,993.8
2021-05-04T12:00,12.5,0.10,53,3.3,6.5,0.10,0.00,0.00,51,100,10,100,23,30.1,234,233,48.0,61.9,1,0.00,1007.8,993.7
2021-05-04T13:00,12.7,0.00,56,4.1,7.1,0.00,0.00,0.00,3,100,100,100,100,28.3,229,228,44.1,70.9,1,0.00,1007.9,993.8
2021-05-04T14:00,11.7,0.10,63,4.9,6.3,0.10,0.00,0.00,51,100,84,100,100,28.5,225,224,46.1,64.1,1,0.00,1007.6,993.5
2021-05-04T15:00,11.7,0.10,65,5.4,6.6,0.10,0.00,0.00,51,100,90,100,4,27.1,223,221,44.1,61.6,1,0.00,1007.2,993.1
2021-05-04T16:00,11.9,0.10,67,6.0,7.1,0.10,0.00,0.00,51,100,0,100,27,25.8,230,230,41.4,59.8,1,0.00,1007.0,992.9
2021-05-04T17:00,11.1,0.30,75,6.7,6.2,0.30,0.00,0.00,51,99,25,98,83,27.4,239,237,44.3,62.6,1,0.00,1007.0,992.8
2021-05-04T18:00,10.6,0.20,77,6.8,6.5,0.20,0.00,0.00,51,95,78,87,9,22.7,239,237,37.3,59.4,1,0.00,1006.6,992.4
2021-05-04T19:00,10.4,0.00,77,6.4,6.4,0.00,0.00,0.00,3,100,0,100,1,20.8,238,236,34.8,49.3,1,0.00,1006.3,992.1
2021-05-04T20:00,10.0,0.10,78,6.3,6.3,0.10,0.00,0.00,51,100,0,100,0,19.1,236,234,32.4,45.7,0,0.00,1006.4,992.2
2021-05-04T21:00,9.7,0.00,80,6.3,6.3,0.00,0.00,0.00,3,99,0,99,0,16.6,234,229,29.1,41.4,0,0.00,1006.4,992.2
2021-05-04T22:00,9.4,0.10,81,6.3,6.1,0.10,0.00,0.00,51,100,0,100,0,15.9,236,232,27.8,36.4,0,0.00,1006.4,992.2
2021-05-04T23:00,9.0,0.30,83,6.3,5.9,0.30,0.00,0.00,51,100,89,100,7,14.3,233,229,25.2,34.6,0,0.00,1006.3,992.0
2021-05-05T00:00,8.5,0.30,86,6.3,5.7,0.30,0.00,0.00,51,100,90,100,15,12.7,231,225,23.6,31.0,0,0.00,1006.0,991.7
2021-05-05T01:00,7.1,0.10,81,4.0,3.2,0.10,0.00,0.00,51,98,90,94,45,16.6,222,219,29.6,30.2,0,0.00,1006.0,991.7
2021-05-05T02:00,7.0,0.00,81,4.0,3.3,0.00,0.00,0.00,3,99,95,94,83,15.6,233,230,28.0,35.6,0,0.00,1005.7,991.4
2021-05-05T03:00,7.1,0.00,84,4.5,3.6,0.00,0.00,0.00,3,100,98,98,10,14.5,229,224,25.8,33.5,0,0.00,1005.1,990.8
2021-05-05T04:00,6.9,0.00,87,4.9,3.3,0.00,0.00,0.00,3,100,100,100,5,16.0,228,226,29.1,34.2,0,0.00,1005.1,990.8
2021-05-05T05:00,7.0,0.00,87,5.1,3.7,0.00,0.00,0.00,3,96,89,95,0,14.7,237,234,26.6,34.6,1,0.00,1005.2,990.9
2021-05-05T06:00,7.3,0.00,84,4.8,3.8,0.00,0.00,0.00,3,80,42,74,18,15.5,245,242,26.6,33.1,1,0.00,1006.0,991.7
2021-05-05T07:00,7.9,0.10,75,3.8,3.7,0.10,0.00,0.00,51,8,0,1,8,18.8,254,253,29.6,40.0,1,3600.00,1006.7,992.4
2021-05-05T08:00,8.8,0.00,65,2.6,4.2,0.00,0.00,0.00,0,13,0,12,4,19.9,259,257,29.4,49.7,1,3600.00,1007.2,992.9
2021-05-05T09:00,9.6,0.00,58,1.8,4.4,0.00,0.00,0.00,1,48,0,41,17,23.2,259,258,33.3,61.2,1,3600.00,1007.5,993.3
2021-05-05T10:00,10.1,0.00,58,2.1,4.8,0.00,0.00,0.00,1,34,1,13,25,24.0,258,257,34.2,69.5,1,3600.00,1008.0,993.8
2021-05-05T11:00,11.0,0.20,61,3.7,6.7,0.20,0.00,0.00,51,49,19,17,36,23.0,251,250,32.8,69.8,1,3600.00,1008.3,994.1
2021-05-05T12:00,9.3,1.30,71,4.3,5.0,1.30,0.00,0.00,61,80,39,19,73,22.4,257,255,32.6,70.9,1,3600.00,1009.2,994.9
2021-05-05T13:00,10.4,0.10,55,1.7,5.3,0.10,0.00,0.00,51,46,36,88,32,25.0,263,263,35.9,66.6,1,3600.00,1009.7,995.5
2021-05-05T14:00,10.4,1.10,52,0.9,4.9,1.10,0.00,0.00,55,47,20,40,10,24.2,259,259,35.5,64.8,1,3600.00,1010.3,996.1
2021-05-05T15:00,11.4,0.00,44,-0.3,6.0,0.00,0.00,0.00,1,47,27,25,22,23.1,261,259,33.2,60.1,1,3600.00,1010.7,996.5
2021-05-05T16:00,11.7,0.00,43,-0.6,6.1,0.00,0.00,0.00,2,72,30,55,55,23.1,256,256,33.4,55.8,1,3600.00,1010.7,996.5
2021-05-05T17:00,11.5,0.20,47,0.4,6.2,0.20,0.00,0.00,51,91,15,90,26,22.0,251,252,32.3,54.7,1,3600.00,1010.9,996.7
2021-05-05T18:00,9.3,0.50,67,3.5,5.6,0.50,0.00,0.00,53,89,5,88,43,14.8,269,269,22.7,51.5,1,3600.00,1011.7,997.4
2021-05-05T19:00,7.7,0.90,77,3.9,3.6,0.90,0.00,0.00,53,90,1,90,3,18.0,241,237,29.7,47.2,1,1144.23,1012.0,997.6
2021-05-05T20:00,6.8,0.00,81,3.7,3.1,0.00,0.00,0.00,3,95,77,87,1,15.1,245,242,26.9,38.9,0,0.00,1012.7,998.2
2021-05-05T21:00,6.5,0.00,82,3.7,3.2,0.00,0.00,0.00,3,88,88,0,0,12.3,237,230,22.9,33.1,0,0.00,1013.3,998.8
2021-05-05T22:00,5.4,0.00,86,3.3,2.4,0.00,0.00,0.00,2,75,55,52,0,10.2,235,225,22.5,26.6,0,0.00,1013.4,998.9
2021-05-05T23:00,5.0,0.00,88,3.2,2.1,0.00,0.00,0.00,3,81,12,80,0,9.5,229,217,21.9,22.7,0,0.00,1013.4,998.8
2021-05-06T00:00,5.4,0.00,86,3.3,2.4,0.00,0.00,0.00,3,100,0,100,0,9.8,227,216,21.1,22.3,0,0.00,1013.2,998.7
2021-05-06T01:00,6.0,0.00,78,2.4,2.6,0.00,0.00,0.00,3,99,87,74,0,11.4,217,208,21.3,25.6,0,0.00,1013.1,998.6
2021-05-06T02:00,5.6,0.00,82,2.8,2.2,0.00,0.00,0.00,2,70,49,55,35,11.8,225,218,23.4,26.3,0,0.00,1012.7,998.2
2021-05-06T03:00,5.5,0.00,83,2.9,1.9,0.00,0.00,0.00,3,89,86,40,13,13.8,236,231,27.0,30.6,0,0.00,1012.3,997.8
2021-05-06T04:00,5.5,0.00,84,2.9,1.9,0.00,0.00,0.00,3,91,73,89,0,13.2,229,225,26.0,31.3,0,0.00,1012.0,997.5
2021-05-06T05:00,5.5,0.00,84,3.0,2.0,0.00,0.00,0.00,3,100,79,100,8,12.7,228,223,24.7,30.2,1,0.00,1011.9,997.4
2021-05-06T06:00,6.0,0.40,84,3.4,2.7,0.40,0.00,0.00,51,99,25,99,53,12.1,239,233,22.3,28.4,1,0.00,1012.1,997.6
2021-05-06T07:00,6.3,0.50,83,3.7,3.5,0.50,0.00,0.00,53,100,5,100,98,9.2,250,244,16.9,26.6,1,0.00,1011.7,997.2
2021-05-06T08:00,6.3,0.40,90,4.8,4.4,0.40,0.00,0.00,51,100,0,100,97,4.3,223,204,7.9,20.5,1,0.00,1011.7,997.2
2021-05-06T09:00,6.4,0.20,91,5.0,4.4,0.20,0.00,0.00,51,100,93,99,86,5.2,161,146,7.6,12.2,1,0.00,1011.5,997.0
2021-05-06T10:00,7.1,0.10,85,4.8,4.8,0.10,0.00,0.00,51,100,100,94,87,7.2,182,177,10.4,18.0,1,0.00,1011.2,996.8
2021-05-06T11:00,8.1,0.10,82,5.2,5.7,0.10,0.00,0.00,51,100,99,99,35,7.9,186,180,11.2,20.5,1,0.00,1010.7,996.3
2021-05-06T12:00,9.3,0.20,74,5.0,6.0,0.20,0.00,0.00,51,100,98,100,38,14.3,222,221,19.9,33.1,1,0.00,1009.8,995.5
2021-05-06T13:00,8.7,0.30,79,5.3,5.8,0.30,0.00,0.00,51,100,100,100,100,11.7,224,223,17.1,39.6,1,0.00,1009.3,995.0
2021-05-06T14:00,9.2,0.40,76,5.2,6.1,0.40,0.00,0.00,51,100,100,100,100,12.8,202,202,17.9,28.4,1,0.00,1008.0,993.7
2021-05-06T15:00,8.4,1.00,90,6.9,6.1,1.00,0.00,0.00,55,100,100,100,100,10.2,195,188,19.7,29.2,1,0.00,1007.2,992.9
2021-05-06T16:00,8.4,1.20,88,6.5,5.5,1.20,0.00,0.00,55,100,100,99,100,13.8,205,200,23.4,29.9,1,0.00,1006.3,992.0
2021-05-06T17:00,8.1,1.50,91,6.7,6.2,1.50,0.00,0.00,61,100,91,92,100,6.6,153,131,11.3,38.9,1,0.00,1004.8,990.5
2021-05-06T18:00,8.0,1.90,91,6.7,5.6,1.90,0.00,0.00,61,100,86,100,100,10.8,106,94,19.1,55.1,1,0.00,1003.4,989.1
2021-05-06T19:00,7.9,1.70,91,6.5,5.4,1.70,0.00,0.00,61,56,4,52,34,11.4,130,125,21.7,52.9,1,0.00,1003.0,988.7
2021-05-06T20:00,7.9,0.20,92,6.6,5.9,0.20,0.00,0.00,51,72,13,63,55,7.2,236,243,18.2,35.3,0,0.00,1003.3,989.0
2021-05-06T21:00,7.2,1.50,96,6.6,5.0,1.50,0.00,0.00,61,100,7,66,100,9.2,328,318,17.5,39.6,0,0.00,1004.9,990.6
2021-05-06T22:00,7.1,0.00,95,6.3,4.6,0.00,0.00,0.00,3,100,0,0,100,11.1,306,295,20.4,24.1,0,0.00,1006.4,992.0
2021-05-06T23:00,7.1,0.00,93,6.0,4.1,0.00,0.00,0.00,3,100,0,41,100,13.1,266,262,23.1,28.4,0,0.00,1007.9,993.5
2021-05-07T00:00,7.2,0.10,91,5.7,4.3,0.10,0.00,0.00,51,95,0,71,89,12.6,266,265,22.4,29.9,0,0.00,1008.8,994.4
2021-05-07T01:00,7.2,0.00,91,5.9,4.8,0.00,0.00,0.00,2,66,2,97,43,9.4,272,268,19.5,27.7,0,0.00,1008.8,994.4
2021-05-07T02:00,7.0,0.20,90,5.6,4.1,0.20,0.00,0.00,51,100,0,100,78,12.7,277,277,22.9,28.4,0,0.00,1009.1,994.7
2021-05-07T03:00,6.7,0.60,91,5.4,4.2,0.60,0.00,0.00,53,100,30,100,51,9.4,282,277,18.0,27.7,0,0.00,1009.2,994.8
2021-05-07T04:00,6.5,0.30,92,5.3,4.1,0.30,0.00,0.00,51,100,18,100,90,8.5,264,258,16.3,21.2,0,0.00,1009.6,995.2
2021-05-07T05:00,6.4,0.30,93,5.3,3.9,0.30,0.00,0.00,51,100,0,100,55,8.7,282,275,16.2,18.7,1,0.00,1010.1,995.7
2021-05-07T06:00,6.4,0.10,90,4.9,3.5,0.10,0.00,0.00,51,99,0,99,35,11.3,302,297,19.1,23.8,1,0.00,1011.0,996.5
2021-05-07T07:00,6.5,0.00,88,4.6,3.4,0.00,0.00,0.00,3,86,0,85,16,11.8,302,297,19.1,24.8,1,0.00,1012.0,997.5
2021-05-07T08:00,7.0,0.00,78,3.5,3.4,0.00,0.00,0.00,0,15,0,2,14,14.2,302,300,20.9,31.3,1,3193.79,1012.8,998.4
2021-05-07T09:00,8.6,0.00,62,1.7,4.4,0.00,0.00,0.00,0,19,0,0,19,15.9,296,295,22.4,37.1,1,3600.00,1013.5,999.1
2021-05-07T10:00,9.8,0.20,48,-0.8,5.3,0.20,0.00,0.00,51,43,0,39,26,17.4,293,292,24.2,40.0,1,3600.00,1014.1,999.8
2021-05-07T11:00,10.7,0.20,45,-0.8,6.2,0.20,0.00,0.00,51,45,0,45,5,18.3,281,280,25.3,47.5,1,3600.00,1014.4,1000.1
2021-05-07T12:00,11.8,0.00,39,-1.7,6.7,0.00,0.00,0.00,2,53,0,53,8,22.0,273,272,31.0,51.1,1,3600.00,1014.8,1000.6
2021-05-07T13:00,8.0,0.40,71,3.0,3.8,0.40,0.00,0.00,51,41,0,31,34,21.8,289,286,31.7,60.1,1,3600.00,1016.9,1002.4
2021-05-07T14:00,11.0,0.10,46,-0.0,6.6,0.10,0.00,0.00,51,25,0,24,11,20.0,296,296,28.0,51.8,1,3600.00,1017.0,1002.7
2021-05-07T15:00,12.0,0.00,41,-1.0,7.3,0.00,0.00,0.00,2,56,0,55,31,21.7,300,299,30.6,49.0,1,3600.00,1017.4,1003.1
2021-05-07T16:00,11.8,0.00,42,-0.6,6.7,0.00,0.00,0.00,1,40,0,39,15,19.6,314,314,27.7,49.0,1,3600.00,1018.0,1003.7
2021-05-07T17:00,11.8,0.00,39,-1.6,7.3,0.00,0.00,0.00,1,25,0,25,0,15.0,314,316,21.6,43.9,1,3600.00,1018.5,1004.2
2021-05-07T18:00,11.7,0.00,39,-1.8,7.7,0.00,0.00,0.00,0,7,0,7,0,11.0,317,319,17.6,33.5,1,3600.00,1018.5,1004.2
2021-05-07T19:00,9.6,0.00,60,2.2,7.1,0.00,0.00,0.00,1,21,0,21,0,4.7,337,351,11.8,24.1,1,3600.00,1018.9,1004.5
2021-05-07T20:00,6.6,0.00,64,0.3,3.5,0.00,0.00,0.00,1,35,0,35,0,7.3,345,20,10.8,12.2,0,205.32,1019.2,1004.6
2021-05-07T21:00,6.1,0.00,64,-0.2,3.0,0.00,0.00,0.00,1,44,0,44,0,6.4,35,74,10.1,11.9,0,0.00,1020.0,1005.4
2021-05-07T22:00,5.6,0.00,64,-0.6,2.4,0.00,0.00,0.00,1,20,0,19,3,6.6,99,99,9.1,12.2,0,0.00,1020.3,1005.7
2021-05-07T23:00,4.5,0.00,68,-0.8,1.1,0.00,0.00,0.00,1,29,0,29,0,7.9,134,106,13.5,15.1,0,0.00,1020.6,1005.9
2021-05-08T00:00,3.9,0.00,71,-0.8,0.4,0.00,0.00,0.00,2,65,0,65,3,8.4,134,97,15.5,16.2,0,0.00,1020.8,1006.1
2021-05-08T01:00,4.9,0.00,69,-0.2,1.2,0.00,0.00,0.00,0,12,0,37,10,10.6,130,114,22.2,18.0,0,0.00,1020.9,1006.2
2021-05-08T02:00,5.0,0.00,69,-0.3,1.2,0.00,0.00,0.00,2,77,75,7,2,11.4,130,114,23.0,22.3,0,0.00,1020.8,1006.1
2021-05-08T03:00,4.1,0.00,73,-0.3,0.2,0.00,0.00,0.00,0,8,2,6,0,11.6,127,112,23.1,22.7,0,0.00,1020.5,1005.8
2021-05-08T04:00,3.5,0.00,76,-0.3,-0.2,0.00,0.00,0.00,1,23,14,4,9,10.2,131,113,21.4,22.7,0,0.00,1020.3,1005.6
2021-05-08T05:00,3.2,0.00,78,-0.3,-0.6,0.00,0.00,0.00,2,76,75,1,2,10.7,130,104,19.4,21.2,1,0.00,1020.1,1005.3
2021-05-08T06:00,4.6,0.00,74,0.3,0.9,0.00,0.00,0.00,3,100,100,0,0,10.8,126,105,18.6,22.0,1,1872.45,1019.8,1005.1
2021-05-08T07:00,6.7,0.00,68,1.2,3.3,0.00,0.00,0.00,3,100,100,5,0,10.0,124,111,18.2,22.3,1,3600.00,1020.0,1005.4
2021-05-08T08:00,9.5,0.00,60,2.1,6.4,0.00,0.00,0.00,2,78,78,3,0,8.8,128,125,12.8,23.0,1,3600.00,1019.9,1005.5
2021-05-08T09:00,12.0,0.00,54,2.9,9.2,0.00,0.00,0.00,3,100,100,50,0,8.2,151,151,11.1,23.0,1,3600.00,1019.5,1005.2
2021-05-08T10:00,14.0,0.00,46,2.4,11.6,0.00,0.00,0.00,3,100,100,68,0,7.7,190,191,10.2,22.3,1,3600.00,1019.3,1005.1
2021-05-08T11:00,15.0,0.00,41,1.7,12.4,0.00,0.00,0.00,3,100,99,100,0,9.0,197,196,12.1,24.5,1,3600.00,1018.5,1004.4
2021-05-08T12:00,15.3,0.00,39,1.2,12.2,0.00,0.00,0.00,3,100,100,100,0,7.8,194,193,10.4,24.5,1,2000.38,1018.0,1003.9
2021-05-08T13:00,15.9,0.00,39,2.0,12.7,0.00,0.00,0.00,3,100,1,99,0,9.1,170,171,12.1,21.2,1,0.00,1017.0,1002.9
2021-05-08T14:00,15.9,0.00,42,3.0,12.9,0.00,0.00,0.00,3,92,67,85,0,9.4,158,157,12.8,23.4,1,805.05,1016.2,1002.1
2021-05-08T15:00,15.9,0.00,45,3.9,13.0,0.00,0.00,0.00,3,100,98,94,2,9.8,166,163,13.7,23.4,1,1637.59,1015.7,1001.6
2021-05-08T16:00,15.9,0.00,47,4.6,13.1,0.00,0.00,0.00,3,100,96,100,23,10.1,149,145,14.7,23.0,1,0.00,1014.8,1000.8
2021-05-08T17:00,15.8,0.00,50,5.4,13.2,0.00,0.00,0.00,3,91,91,7,6,10.0,132,131,15.5,23.8,1,0.00,1014.1,1000.1
2021-05-08T18:00,16.0,0.00,52,6.1,13.8,0.00,0.00,0.00,2,54,49,9,11,8.3,127,124,14.4,24.1,1,3600.00,1013.8,999.8
2021-05-08T19:00,14.3,0.00,61,6.9,12.3,0.00,0.00,0.00,2,54,53,4,1,8.4,126,115,18.6,18.4,1,3600.00,1013.6,999.5
2021-05-08T20:00,12.6,0.00,62,5.6,9.7,0.00,0.00,0.00,0,11,7,4,1,11.8,125,110,25.4,22.7,0,110.54,1013.4,999.2
2021-05-08T21:00,12.6,0.00,62,5.6,9.6,0.00,0.00,0.00,0,7,0,4,6,12.8,126,112,27.3,25.6,0,0.00,1013.5,999.3
2021-05-08T22:00,12.0,0.00,67,6.0,9.1,0.00,0.00,0.00,0,13,10,3,2,13.2,131,112,26.6,25.9,0,0.00,1013.2,999.0
2021-05-08T23:00,11.3,0.00,73,6.5,8.4,0.00,0.00,0.00,0,2,0,2,1,13.6,137,112,25.5,27.0,0,0.00,1013.4,999.2
2021-05-09T00:00,10.6,0.00,77,6.7,7.9,0.00,0.00,0.00,2,66,65,1,1,12.9,139,108,22.7,26.6,0,0.00,1012.9,998.6
2021-05-09T01:00,10.2,0.00,75,6.1,7.6,0.00,0.00,0.00,2,64,80,0,0,11.1,144,103,18.3,25.9,0,0.00,1011.8,997.5
2021-05-09T02:00,9.5,0.00,79,6.1,6.9,0.00,0.00,0.00,2,61,61,0,0,11.0,142,109,20.0,20.5,0,0.00,1011.3,997.0
2021-05-09T03:00,9.6,0.00,80,6.3,6.8,0.00,0.00,0.00,3,90,90,1,1,12.6,127,103,22.1,23.4,0,0.00,1010.6,996.3
2021-05-09T04:00,9.7,0.00,80,6.4,6.8,0.00,0.00,0.00,1,43,39,5,1,13.4,125,110,26.7,27.0,0,0.00,1010.6,996.3
2021-05-09T05:00,9.6,0.00,80,6.3,6.7,0.00,0.00,0.00,0,13,5,8,0,13.2,125,112,27.7,26.6,1,0.00,1010.9,996.6
2021-05-09T06:00,10.8,0.00,76,6.7,8.1,0.00,0.00,0.00,1,40,20,26,1,13.0,122,109,25.4,27.7,1,1606.70,1010.6,996.4
2021-05-09T07:00,13.3,0.00,71,8.0,11.1,0.00,0.00,0.00,1,43,25,25,1,11.5,120,110,22.4,26.3,1,3600.00,1010.9,996.8
2021-05-09T08:00,16.4,0.00,63,9.3,14.4,0.00,0.00,0.00,1,43,40,5,0,11.9,118,115,19.2,27.0,1,3600.00,1010.4,996.4
2021-05-09T09:00,19.5,0.00,57,10.8,18.0,0.00,0.00,0.00,1,44,44,0,0,11.5,124,122,16.9,28.1,1,3600.00,1009.9,996.1
2021-05-09T10:00,22.1,0.00,53,12.2,22.0,0.00,0.00,0.00,0,0,0,0,0,9.5,143,143,13.1,27.7,1,3600.00,1009.4,995.7
2021-05-09T11:00,24.4,0.00,49,12.9,25.1,0.00,0.00,0.00,0,10,10,0,0,9.9,148,147,13.6,25.2,1,3600.00,1008.7,995.1
2021-05-09T12:00,26.6,0.00,42,12.6,27.3,0.00,0.00,0.00,0,14,14,0,0,11.6,151,150,16.1,28.4,1,3600.00,1007.8,994.4
2021-05-09T13:00,27.6,0.00,35,10.8,28.0,0.00,0.00,0.00,2,79,88,0,0,10.8,158,154,14.4,41.8,1,3600.00,1006.9,993.5
2021-05-09T14:00,28.1,0.00,33,10.2,27.3,0.00,0.00,0.00,3,90,88,16,0,15.6,166,165,22.3,35.6,1,3600.00,1005.9,992.5
2021-05-09T15:00,28.2,0.00,29,8.6,25.9,0.00,0.00,0.00,1,47,11,44,0,17.3,216,216,26.6,39.6,1,3600.00,1005.5,992.2
2021-05-09T16:00,27.5,0.00,36,10.9,26.4,0.00,0.00,0.00,1,22,1,21,0,9.7,236,239,16.6,39.6,1,3600.00,1004.9,991.5
2021-05-09T17:00,27.4,0.00,35,10.7,26.3,0.00,0.00,0.00,1,29,20,14,0,9.2,229,228,17.1,24.1,1,3600.00,1004.6,991.2
2021-05-09T18:00,25.6,0.00,51,14.8,26.4,0.00,0.00,0.00,2,71,70,3,0,5.2,220,205,13.6,22.3,1,3600.00,1004.5,991.1
2021-05-09T19:00,22.8,0.00,55,13.2,22.8,0.00,0.00,0.00,3,89,89,3,0,7.2,220,207,16.9,13.7,1,3600.00,1004.4,990.8
2021-05-09T20:00,21.0,0.00,50,10.3,19.9,0.00,0.00,0.00,2,77,76,11,0,8.0,215,190,21.5,18.0,0,0.00,1004.9,991.2
2021-05-09T21:00,18.2,0.00,66,11.8,17.5,0.00,0.00,0.00,3,83,80,16,0,8.6,225,178,14.3,16.6,0,0.00,1005.5,991.7
2021-05-09T22:00,22.0,0.00,48,10.4,21.8,0.00,0.00,0.00,2,60,57,7,0,2.3,265,108,7.6,14.8,0,0.00,1005.2,991.6
2021-05-09T23:00,18.1,0.00,62,10.8,17.4,0.00,0.00,0.00,3,88,88,2,0,6.3,108,103,8.0,12.2,0,0.00,1005.0,991.2
2021-05-10T00:00,15.8,0.00,74,11.1,14.7,0.00,0.00,0.00,1,38,38,1,0,9.8,118,107,18.4,18.0,0,0.00,1005.0,991.1
2021-05-10T01:00,16.5,0.00,68,10.6,16.0,0.00,0.00,0.00,1,24,40,16,0,4.7,200,122,7.3,29.5,0,0.00,1004.7,990.8
2021-05-10T02:00,16.6,0.00,67,10.6,15.9,0.00,0.00,0.00,3,97,91,94,0,6.3,187,149,9.1,11.9,0,0.00,1004.8,990.9
2021-05-10T03:00,17.7,0.00,63,10.5,16.2,0.00,0.00,0.00,1,44,44,1,0,11.3,147,127,21.4,22.0,0,0.00,1004.4,990.6
2021-05-10T04:00,16.5,0.00,67,10.2,14.5,0.00,0.00,0.00,3,85,85,0,0,14.0,106,90,25.9,27.4,0,0.00,1003.4,989.5
2021-05-10T05:00,15.3,0.00,71,10.1,13.4,0.00,0.00,0.00,3,96,24,95,0,13.2,137,125,29.3,28.4,1,0.00,1004.5,990.6
2021-05-10T06:00,17.9,0.00,53,8.1,14.5,0.00,0.00,0.00,2,62,37,52,0,19.6,186,174,35.5,41.0,1,104.88,1005.9,992.1
2021-05-10T07:00,17.4,0.00,68,11.5,16.4,0.00,0.00,0.00,3,98,90,94,0,10.2,213,198,16.7,41.8,1,3600.00,1006.7,992.8
2021-05-10T08:00,17.8,0.00,70,12.4,17.8,0.00,0.00,0.00,3,96,90,59,0,5.3,253,242,10.9,23.0,1,0.00,1008.3,994.4
2021-05-10T09:00,19.0,0.00,64,12.0,18.7,0.00,0.00,0.00,2,66,66,0,0,6.6,252,248,10.2,17.3,1,2868.87,1008.4,994.6
2021-05-10T10:00,20.9,0.00,56,11.7,19.3,0.00,0.00,0.00,2,70,70,0,0,15.6,241,241,22.6,37.1,1,3600.00,1008.3,994.6
2021-05-10T11:00,22.3,0.00,50,11.3,21.2,0.00,0.00,0.00,3,93,92,11,0,17.1,236,235,24.4,40.3,1,3600.00,1008.0,994.4
2021-05-10T12:00,22.9,0.00,46,10.5,21.4,0.00,0.00,0.00,3,100,99,50,1,19.3,238,237,26.9,44.3,1,3600.00,1008.6,995.0
2021-05-10T13:00,18.8,0.20,57,10.2,17.0,0.20,0.00,0.00,51,100,100,100,0,16.1,252,250,21.6,44.6,1,3600.00,1010.9,997.1
2021-05-10T14:00,16.4,0.70,72,11.4,16.0,0.70,0.00,0.00,53,100,100,70,0,5.1,223,219,6.9,62.3,1,0.00,1011.0,997.0
2021-05-10T15:00,17.1,0.00,66,10.6,15.8,0.00,0.00,0.00,3,100,100,94,4,10.2,225,222,13.7,25.9,1,1694.41,1011.2,997.3
2021-05-10T16:00,15.9,0.10,72,10.8,14.9,0.10,0.00,0.00,51,100,100,95,0,7.9,216,210,11.1,25.9,1,0.00,1010.7,996.7
2021-05-10T17:00,15.4,0.30,77,11.4,15.0,0.30,0.00,0.00,51,100,100,100,0,5.6,227,230,8.4,19.4,1,0.00,1010.5,996.5
2021-05-10T18:00,14.9,0.30,84,12.2,14.8,0.30,0.00,0.00,51,100,100,100,10,5.8,186,180,10.5,14.0,1,0.00,1010.7,996.7
2021-05-10T19:00,14.4,0.70,91,12.9,14.4,0.70,0.00,0.00,53,100,100,100,0,5.9,227,232,11.7,12.6,1,0.00,1010.5,996.4
2021-05-10T20:00,13.7,1.20,94,12.8,14.2,1.20,0.00,0.00,55,100,100,100,0,2.8,232,220,8.2,12.6,0,0.00,1010.6,996.5
2021-05-10T21:00,13.5,1.10,95,12.6,13.9,1.10,0.00,0.00,55,100,100,100,0,2.4,232,207,5.9,12.2,0,0.00,1010.7,996.6
2021-05-10T22:00,13.1,0.90,96,12.5,13.2,0.90,0.00,0.00,53,100,98,97,0,4.1,249,232,10.0,9.4,0,0.00,1010.9,996.8
2021-05-10T23:00,12.5,0.60,97,12.0,12.6,0.60,0.00,0.00,53,97,96,48,0,3.6,264,225,6.9,8.6,0,0.00,1010.7,996.6
2021-05-11T00:00,12.7,0.50,96,12.0,13.1,0.50,0.00,0.00,53,97,61,96,0,1.3,292,146,3.9,6.1,0,0.00,1010.2,996.1
2021-05-11T01:00,12.4,0.70,96,11.7,12.7,0.70,0.00,0.00,53,100,46,97,1,1.4,276,180,3.6,3.2,0,0.00,1009.6,995.5
2021-05-11T02:00,12.1,0.00,97,11.7,12.3,0.00,0.00,0.00,3,99,38,99,12,2.2,260,171,4.0,7.6,0,0.00,1009.8,995.6
2021-05-11T03:00,11.9,0.20,98,11.6,11.6,0.20,0.00,0.00,51,99,1,99,0,5.4,340,352,11.8,10.1,0,0.00,1008.7,994.6
2021-05-11T04:00,11.8,0.30,98,11.5,11.6,0.30,0.00,0.00,51,74,16,73,0,4.9,311,287,12.5,13.0,0,0.00,1008.8,994.6
2021-05-11T05:00,11.7,0.50,98,11.3,11.7,0.50,0.00,0.00,53,91,30,89,15,2.5,342,278,6.8,10.4,1,0.00,1008.9,994.7
2021-05-11T06:00,11.7,1.70,98,11.4,11.8,1.70,0.00,0.00,61,97,95,58,3,2.0,16,45,6.7,6.5,1,0.00,1008.6,994.4
2021-05-11T07:00,12.7,0.70,96,12.0,12.9,0.70,0.00,0.00,53,98,95,85,23,2.5,283,262,3.3,12.6,1,1129.80,1008.6,994.5
2021-05-11T08:00,12.8,0.90,98,12.5,12.6,0.90,0.00,0.00,53,99,96,96,73,6.8,279,273,10.9,15.8,1,0.00,1008.5,994.4
2021-05-11T09:00,12.9,0.90,97,12.5,12.5,0.90,0.00,0.00,53,100,91,98,45,8.0,283,275,12.6,17.3,1,0.00,1008.4,994.3
2021-05-11T10:00,13.8,0.60,94,12.8,13.4,0.60,0.00,0.00,53,98,93,92,47,8.8,262,261,13.1,21.2,1,0.00,1008.9,994.8
2021-05-11T11:00,14.0,0.50,92,12.7,14.1,0.50,0.00,0.00,53,99,90,95,22,5.2,300,295,7.1,21.2,1,0.00,1008.6,994.6
2021-05-11T12:00,14.4,0.20,91,13.0,14.3,0.20,0.00,0.00,51,100,99,100,62,7.2,272,270,10.1,19.1,1,0.00,1008.8,994.8
2021-05-11T13:00,15.4,0.20,78,11.6,13.9,0.20,0.00,0.00,51,100,99,100,89,13.4,308,306,17.9,22.7,1,0.00,1008.5,994.5
2021-05-11T14:00,14.0,1.30,91,12.5,13.3,1.30,0.00,0.00,61,100,98,100,44,9.9,314,314,15.5,29.2,1,0.00,1008.8,994.8
2021-05-11T15:00,14.5,0.70,89,12.7,14.4,0.70,0.00,0.00,53,100,100,100,33,6.0,298,295,8.5,21.6,1,0.00,1008.6,994.6
2021-05-11T16:00,14.4,1.60,90,12.8,14.1,1.60,0.00,0.00,61,100,100,100,22,8.3,275,272,11.6,22.7,1,0.00,1008.7,994.7
2021-05-11T17:00,14.0,1.90,91,12.6,13.6,1.90,0.00,0.00,61,100,100,100,27,8.3,252,252,14.8,19.4,1,0.00,1009.3,995.2
2021-05-11T18:00,13.6,0.70,93,12.5,12.9,0.70,0.00,0.00,53,100,100,100,19,10.1,239,235,18.1,20.5,1,0.00,1009.5,995.4
2021-05-11T19:00,13.3,0.40,89,11.6,12.2,0.40,0.00,0.00,51,100,100,100,31,11.0,239,238,20.2,23.0,1,0.00,1009.8,995.7
2021-05-11T20:00,12.8,0.20,94,11.9,11.8,0.20,0.00,0.00,51,100,100,100,13,10.5,234,229,20.6,23.4,0,0.00,1010.4,996.3
2021-05-11T21:00,12.3,0.10,95,11.5,11.1,0.10,0.00,0.00,51,100,100,99,20,11.7,230,225,22.2,23.8,0,0.00,1011.2,997.0
2021-05-11T22:00,12.0,0.20,95,11.2,10.7,0.20,0.00,0.00,51,100,100,100,39,11.7,239,236,22.6,25.9,0,0.00,1011.6,997.4
2021-05-11T23:00,11.7,0.30,95,10.9,10.5,0.30,0.00,0.00,51,100,99,95,40,10.0,237,229,19.8,25.6,0,0.00,1012.0,997.8
2021-05-12T00:00,11.5,0.30,95,10.8,10.5,0.30,0.00,0.00,51,99,99,89,51,8.4,242,230,17.1,21.2,0,0.00,1012.0,997.8
2021-05-12T01:00,12.2,0.10,92,11.0,11.2,0.10,0.00,0.00,51,100,100,100,99,8.3,274,265,17.0,18.0,0,0.00,1011.7,997.5
2021-05-12T02:00,12.0,0.40,94,11.1,11.2,0.40,0.00,0.00,51,100,100,100,100,8.0,271,260,16.6,18.4,0,0.00,1012.0,997.8
2021-05-12T03:00,11.8,0.50,93,10.7,10.8,0.50,0.00,0.00,53,100,99,100,100,8.5,271,258,17.3,19.1,0,0.00,1011.9,997.7
2021-05-12T04:00,11.5,0.40,93,10.4,10.1,0.40,0.00,0.00,51,100,100,100,98,10.4,264,256,19.6,22.3,0,0.00,1012.1,997.9
2021-05-12T05:00,11.1,0.50,93,10.0,9.6,0.50,0.00,0.00,53,100,100,100,98,10.1,262,253,19.2,23.4,1,0.00,1012.4,998.2
2021-05-12T06:00,11.0,0.40,92,9.7,9.5,0.40,0.00,0.00,51,100,100,100,95,9.6,260,250,17.9,22.3,1,0.00,1012.7,998.5
2021-05-12T07:00,11.0,0.30,93,9.9,9.4,0.30,0.00,0.00,51,100,100,100,94,10.3,249,245,17.3,22.0,1,0.00,1013.3,999.0
2021-05-12T08:00,11.0,0.30,93,9.8,9.4,0.30,0.00,0.00,51,100,100,100,95,10.8,245,244,18.2,23.0,1,0.00,1013.7,999.4
2021-05-12T09:00,11.1,0.20,91,9.6,9.3,0.20,0.00,0.00,51,100,100,100,99,11.3,246,243,17.7,24.5,1,0.00,1013.7,999.4
2021-05-12T10:00,11.6,0.20,87,9.4,9.4,0.20,0.00,0.00,51,100,100,100,79,13.6,257,258,19.2,30.2,1,0.00,1013.4,999.2
2021-05-12T11:00,12.5,0.10,79,8.9,10.4,0.10,0.00,0.00,51,100,99,99,44,12.4,277,278,17.1,31.0,1,0.00,1013.5,999.3
2021-05-12T12:00,13.0,0.00,74,8.5,11.2,0.00,0.00,0.00,3,100,99,86,59,9.4,294,293,12.6,28.4,1,311.05,1013.4,999.2
2021-05-12T13:00,14.2,0.00,73,9.5,12.5,0.00,0.00,0.00,3,100,100,100,27,10.5,242,243,14.3,22.3,1,448.84,1012.1,998.0
2021-05-12T14:00,14.4,0.10,73,9.7,13.4,0.10,0.00,0.00,51,100,100,100,23,6.5,252,251,9.1,25.9,1,0.00,1011.8,997.7
2021-05-12T15:00,16.0,0.00,68,10.0,15.2,0.00,0.00,0.00,3,98,72,96,15,5.0,270,270,6.5,18.7,1,3600.00,1011.2,997.2
2021-05-12T16:00,15.0,0.60,73,10.2,13.9,0.60,0.00,0.00,53,84,57,73,8,8.3,268,265,10.4,21.6,1,3600.00,1011.3,997.3
2021-05-12T17:00,14.5,0.10,72,9.5,13.9,0.10,0.00,0.00,51,71,40,60,21,2.7,288,293,3.4,21.6,1,3600.00,1011.2,997.1
2021-05-12T18:00,14.3,0.00,74,9.7,13.9,0.00,0.00,0.00,3,83,75,49,1,1.9,74,68,2.6,11.2,1,3600.00,1010.8,996.7
2021-05-12T19:00,13.6,0.00,82,10.6,13.4,0.00,0.00,0.00,3,91,90,21,1,3.1,158,159,6.6,6.8,1,2639.52,1010.9,996.8
2021-05-12T20:00,11.3,0.00,90,9.7,10.5,0.00,0.00,0.00,3,97,96,17,12,5.4,121,94,6.3,7.9,0,0.00,1011.0,996.8
2021-05-12T21:00,10.5,0.00,92,9.3,9.6,0.00,0.00,0.00,1,47,19,32,15,5.1,105,86,8.6,9.0,0,0.00,1011.2,997.0
2021-05-12T22:00,10.2,0.00,93,9.2,9.2,0.00,0.00,0.00,2,55,23,42,19,5.2,122,106,11.0,9.7,0,0.00,1011.1,996.8
2021-05-12T23:00,9.9,0.00,94,9.1,8.8,0.00,0.00,0.00,2,54,21,39,19,6.2,120,100,14.2,12.6,0,0.00,1010.9,996.6
2021-05-13T00:00,9.9,0.00,95,9.1,8.6,0.00,0.00,0.00,2,64,46,37,18,7.3,130,110,16.1,14.4,0,0.00,1010.6,996.3
2021-05-13T01:00,10.1,0.00,90,8.5,8.7,0.00,0.00,0.00,2,52,86,87,15,7.0,145,111,13.7,16.2,0,0.00,1010.3,996.0
2021-05-13T02:00,9.7,0.00,91,8.3,8.6,0.00,0.00,0.00,2,65,36,57,9,4.2,169,121,9.2,13.7,0,0.00,1009.8,995.5
2021-05-13T03:00,8.5,0.00,92,7.2,7.0,0.00,0.00,0.00,2,71,61,44,3,4.7,170,122,8.0,9.7,0,0.00,1009.7,995.4
2021-05-13T04:00,7.7,0.00,93,6.6,5.9,0.00,0.00,0.00,3,81,70,78,0,5.9,194,128,5.9,9.0,0,0.00,1009.3,994.9
2021-05-13T05:00,8.5,0.00,88,6.7,7.1,0.00,0.00,0.00,2,62,51,52,0,3.8,212,131,3.4,8.6,1,0.00,1009.1,994.8
2021-05-13T06:00,9.4,0.00,88,7.5,8.2,0.00,0.00,0.00,1,34,31,20,0,4.2,176,149,4.7,7.6,1,1524.06,1008.9,994.6
2021-05-13T07:00,11.0,0.00,83,8.2,10.1,0.00,0.00,0.00,0,14,8,12,0,3.2,184,180,5.1,10.8,1,3600.00,1008.7,994.5
2021-05-13T08:00,12.9,0.00,76,8.7,12.0,0.00,0.00,0.00,0,4,0,4,0,3.9,214,214,5.2,14.4,1,3600.00,1008.8,994.7
2021-05-13T09:00,14.6,0.00,68,8.7,13.3,0.00,0.00,0.00,1,23,21,2,0,6.4,234,232,8.5,19.1,1,3600.00,1008.7,994.7
2021-05-13T10:00,16.1,0.00,59,8.0,15.0,0.00,0.00,0.00,1,30,23,11,3,8.6,248,248,11.6,24.1,1,3600.00,1008.1,994.2
2021-05-13T11:00,16.8,0.00,54,7.4,15.8,0.00,0.00,0.00,2,57,51,15,13,8.2,256,255,10.7,24.8,1,3600.00,1007.6,993.7
2021-05-13T12:00,17.3,0.00,52,7.5,15.9,0.00,0.00,0.00,3,90,86,36,11,10.6,246,246,14.2,26.3,1,3600.00,1007.2,993.3
2021-05-13T13:00,16.1,0.00,62,8.9,13.2,0.00,0.00,0.00,3,98,74,38,18,19.5,250,251,27.6,31.7,1,3600.00,1007.2,993.3
2021-05-13T14:00,16.6,0.20,54,7.3,13.9,0.20,0.00,0.00,51,86,80,35,9,16.6,253,252,23.0,43.2,1,3600.00,1007.2,993.3
2021-05-13T15:00,15.4,0.10,63,8.4,12.8,0.10,0.00,0.00,51,99,98,46,24,14.4,257,257,20.3,38.9,1,3600.00,1007.4,993.4
2021-05-13T16:00,16.0,0.00,61,8.4,13.3,0.00,0.00,0.00,3,90,81,47,25,15.5,246,245,21.3,34.6,1,3600.00,1007.2,993.3
2021-05-13T17:00,15.1,0.10,61,7.7,11.9,0.10,0.00,0.00,51,100,100,37,23,17.3,251,249,25.2,38.9,1,3600.00,1007.1,993.1
2021-05-13T18:00,14.1,0.00,64,7.5,11.3,0.00,0.00,0.00,3,99,99,20,20,14.6,251,250,22.1,38.5,1,3600.00,1007.4,993.4
2021-05-13T19:00,13.2,0.00,68,7.4,11.2,0.00,0.00,0.00,3,98,97,9,24,8.9,247,243,16.8,31.7,1,3600.00,1007.6,993.5
2021-05-13T20:00,11.8,0.00,72,6.8,9.9,0.00,0.00,0.00,3,97,96,19,22,7.1,249,240,17.3,19.8,0,0.00,1007.8,993.7
2021-05-13T21:00,10.7,0.00,74,6.4,9.0,0.00,0.00,0.00,3,98,98,23,7,5.7,253,235,15.8,15.5,0,0.00,1008.4,994.2
2021-05-13T22:00,10.1,0.00,75,5.9,8.1,0.00,0.00,0.00,3,98,98,26,12,6.1,239,220,16.8,13.3,0,0.00,1008.7,994.5
2021-05-13T23:00,10.1,0.00,74,5.6,7.9,0.00,0.00,0.00,3,90,86,15,37,7.7,236,221,19.5,16.6,0,0.00,1008.8,994.6
2021-05-14T00:00,9.6,0.00,77,5.7,7.4,0.00,0.00,0.00,3,90,85,14,31,7.4,248,227,19.4,16.9,0,0.00,1009.0,994.7
2021-05-14T01:00,8.7,0.00,87,6.6,7.0,0.00,0.00,0.00,2,69,86,35,21,5.9,237,218,15.9,16.6,0,0.00,1008.9,994.6
2021-05-14T02:00,8.9,0.00,86,6.6,7.2,0.00,0.00,0.00,3,93,89,64,16,6.0,233,205,16.2,13.7,0,0.00,1008.9,994.6
2021-05-14T03:00,8.7,0.00,87,6.6,6.9,0.00,0.00,0.00,3,97,92,87,22,6.8,229,205,16.6,14.8,0,0.00,1008.7,994.4
2021-05-14T04:00,8.7,0.00,87,6.7,6.7,0.00,0.00,0.00,3,96,90,85,34,7.9,221,204,18.1,16.9,0,0.00,1008.8,994.5
2021-05-14T05:00,8.5,0.00,89,6.7,6.6,0.00,0.00,0.00,2,61,18,53,34,6.9,222,208,16.6,17.3,1,0.00,1009.0,994.7
2021-05-14T06:00,9.0,0.00,88,7.1,7.1,0.00,0.00,0.00,1,38,0,29,29,8.1,217,201,14.9,15.8,1,1041.27,1009.0,994.7
2021-05-14T07:00,10.1,0.00,84,7.6,8.1,0.00,0.00,0.00,1,38,0,5,37,9.4,215,212,13.7,21.6,1,3600.00,1009.1,994.9
2021-05-14T08:00,11.6,0.00,79,8.2,9.7,0.00,0.00,0.00,1,37,0,5,36,9.7,222,219,13.0,24.5,1,3600.00,1009.5,995.3
2021-05-14T09:00,13.1,0.00,72,8.3,11.1,0.00,0.00,0.00,1,32,0,18,25,10.4,236,236,14.3,26.6,1,3600.00,1009.6,995.5
2021-05-14T10:00,14.4,0.30,65,7.8,12.0,0.30,0.00,0.00,51,39,0,34,19,12.1,243,243,16.1,29.2,1,3600.00,1009.4,995.4
2021-05-14T11:00,15.3,0.20,58,7.1,12.9,0.20,0.00,0.00,51,32,0,31,16,12.9,247,247,17.6,31.7,1,3600.00,1009.4,995.4
2021-05-14T12:00,16.0,0.10,53,6.5,13.8,0.10,0.00,0.00,51,46,0,43,23,13.1,255,254,17.6,32.0,1,3600.00,1009.0,995.0
2021-05-14T13:00,17.7,0.00,52,7.9,16.8,0.00,0.00,0.00,1,47,17,8,71,9.0,220,217,11.8,33.8,1,3600.00,1008.2,994.3
2021-05-14T14:00,17.9,0.10,54,8.4,16.4,0.10,0.00,0.00,51,100,51,44,100,12.5,229,231,16.6,29.2,1,3600.00,1008.1,994.2
2021-05-14T15:00,13.7,3.90,77,9.7,11.3,3.90,0.00,0.00,63,98,97,93,38,15.8,238,240,23.3,45.7,1,3600.00,1009.5,995.4
2021-05-14T16:00,14.7,0.00,70,9.2,13.0,0.00,0.00,0.00,2,74,72,13,3,9.8,246,246,13.4,35.3,1,2273.30,1009.1,995.1
2021-05-14T17:00,15.2,0.00,60,7.5,12.6,0.00,0.00,0.00,3,87,83,17,28,13.3,252,251,19.4,31.3,1,3600.00,1008.8,994.8
2021-05-14T18:00,14.7,0.00,65,8.2,12.6,0.00,0.00,0.00,1,30,23,8,6,11.4,247,246,18.1,29.9,1,3600.00,1008.9,994.9
2021-05-14T19:00,13.7,0.00,71,8.4,12.0,0.00,0.00,0.00,1,49,32,25,19,8.7,238,232,17.5,25.6,1,3600.00,1009.3,995.2
2021-05-14T20:00,11.8,0.00,78,8.0,10.3,0.00,0.00,0.00,2,70,55,48,18,6.9,238,223,17.5,19.4,1,564.87,1009.8,995.6
2021-05-14T21:00,11.5,0.00,78,7.8,9.8,0.00,0.00,0.00,2,72,35,66,27,7.7,235,217,18.9,16.9,0,0.00,1010.4,996.2
2021-05-14T22:00,11.1,0.00,79,7.6,9.3,0.00,0.00,0.00,3,95,89,87,32,7.6,224,205,18.6,17.3,0,0.00,1010.7,996.5
2021-05-14T23:00,10.6,0.00,82,7.7,8.6,0.00,0.00,0.00,1,46,31,22,23,9.4,211,198,22.3,20.5,0,0.00,1010.9,996.7
2021-05-15T00:00,10.6,0.00,82,7.7,8.1,0.00,0.00,0.00,2,53,5,43,33,13.2,220,215,26.3,28.4,0,0.00,1011.0,996.8
2021-05-15T01:00,10.3,0.00,83,7.6,7.6,0.00,0.00,0.00,1,27,2,15,6,14.0,219,215,26.9,28.8,0,0.00,1010.8,996.5
2021-05-15T02:00,9.8,0.00,85,7.4,7.3,0.00,0.00,0.00,1,22,15,14,0,12.3,217,212,24.9,29.9,0,0.00,1010.6,996.3
2021-05-15T03:00,9.1,0.00,88,7.2,6.8,0.00,0.00,0.00,0,10,4,3,6,11.0,218,212,23.6,27.0,0,0.00,1010.3,996.0
2021-05-15T04:00,8.5,0.00,90,7.0,6.2,0.00,0.00,0.00,1,36,21,4,25,10.3,217,209,23.4,24.8,0,0.00,1010.0,995.7
2021-05-15T05:00,8.5,0.00,90,6.9,6.2,0.00,0.00,0.00,3,85,9,20,83,10.2,219,212,22.3,24.5,1,0.00,1010.1,995.8
2021-05-15T06:00,9.6,0.00,86,7.3,7.4,0.00,0.00,0.00,3,96,87,16,78,10.5,217,211,21.3,25.6,1,0.00,1010.3,996.0
2021-05-15T07:00,10.5,0.00,81,7.4,8.0,0.00,0.00,0.00,2,53,0,16,50,12.3,213,212,19.0,27.7,1,772.68,1010.4,996.2
2021-05-15T08:00,11.5,0.10,76,7.5,8.8,0.10,0.00,0.00,51,89,87,6,24,13.9,206,205,20.0,31.7,1,3600.00,1010.2,996.0
2021-05-15T09:00,12.9,0.00,72,8.0,10.1,0.00,0.00,0.00,3,100,100,81,21,15.3,215,214,21.2,41.0,1,3600.00,1009.8,995.7
2021-05-15T10:00,13.5,0.10,71,8.3,10.9,0.10,0.00,0.00,51,78,28,74,26,14.6,218,218,20.0,42.1,1,3600.00,1009.5,995.4
2021-05-15T11:00,14.3,0.10,70,8.8,12.3,0.10,0.00,0.00,51,95,1,94,25,14.5,215,215,19.7,42.8,1,3600.00,1008.9,994.9
2021-05-15T12:00,14.5,0.10,68,8.7,12.4,0.10,0.00,0.00,51,100,52,100,34,15.1,213,213,20.6,42.5,1,3600.00,1008.2,994.2
2021-05-15T13:00,15.0,0.70,60,7.2,12.1,0.70,0.00,0.00,53,100,3,99,19,14.3,209,208,19.8,49.7,1,2489.36,1006.8,992.8
2021-05-15T14:00,13.2,0.30,70,7.8,10.8,0.30,0.00,0.00,51,96,0,96,6,12.2,227,227,18.1,45.4,1,0.00,1006.6,992.5
2021-05-15T15:00,13.4,0.10,69,7.9,11.7,0.10,0.00,0.00,51,88,0,87,33,7.6,193,188,11.1,28.1,1,976.27,1005.9,991.9
2021-05-15T16:00,14.2,0.00,61,6.8,10.9,0.00,0.00,0.00,2,59,2,56,17,16.8,212,211,25.1,36.7,1,2844.77,1005.2,991.2
2021-05-15T17:00,13.5,0.40,68,7.8,10.2,0.40,0.00,0.00,51,94,3,93,88,18.5,213,213,28.1,46.4,1,3600.00,1005.0,991.0
2021-05-15T18:00,12.9,0.50,76,8.7,10.2,0.50,0.00,0.00,53,69,6,61,40,15.9,216,213,26.6,40.0,1,460.75,1004.8,990.8
2021-05-15T19:00,12.3,0.20,76,8.1,8.9,0.20,0.00,0.00,51,93,12,91,38,19.7,219,218,33.0,47.5,1,2989.89,1004.9,990.8
2021-05-15T20:00,11.6,0.30,78,7.9,8.1,0.30,0.00,0.00,51,100,99,99,29,20.2,222,220,34.1,49.3,1,0.00,1005.2,991.1
2021-05-15T21:00,11.0,0.30,82,8.0,7.7,0.30,0.00,0.00,51,100,100,100,11,18.8,219,216,32.5,43.9,0,0.00,1005.8,991.6
2021-05-15T22:00,10.4,0.30,86,8.2,7.1,0.30,0.00,0.00,51,97,19,95,80,19.7,220,218,33.5,42.5,0,0.00,1006.3,992.1
2021-05-15T23:00,10.1,0.30,90,8.5,6.9,0.30,0.00,0.00,51,96,0,82,93,18.9,230,228,32.2,42.5,0,0.00,1006.4,992.2
2021-05-16T00:00,10.1,0.00,89,8.4,7.2,0.00,0.00,0.00,2,61,0,31,55,16.8,229,227,29.6,40.7,0,0.00,1006.5,992.3
2021-05-16T01:00,9.1,0.00,94,8.2,6.9,0.00,0.00,0.00,2,63,1,62,5,12.2,232,227,24.1,36.7,0,0.00,1006.7,992.4
2021-05-16T02:00,9.2,0.10,93,8.2,6.8,0.10,0.00,0.00,51,65,15,52,37,13.6,226,220,26.0,29.2,0,0.00,1006.5,992.3
2021-05-16T03:00,9.2,0.70,93,8.2,6.8,0.70,0.00,0.00,53,95,14,51,92,13.6,218,212,25.4,29.5,0,0.00,1006.4,992.2
2021-05-16T04:00,9.4,0.60,91,8.0,6.8,0.60,0.00,0.00,53,90,21,86,51,13.9,217,211,25.2,30.6,0,0.00,1006.3,992.1
2021-05-16T05:00,9.2,0.60,92,8.0,6.6,0.60,0.00,0.00,53,89,26,55,81,14.1,219,212,25.9,30.2,1,0.00,1006.3,992.1
2021-05-16T06:00,9.8,0.30,92,8.5,6.9,0.30,0.00,0.00,51,82,20,80,14,16.6,224,221,29.0,36.7,1,0.00,1006.6,992.4
2021-05-16T07:00,10.3,0.10,90,8.8,8.0,0.10,0.00,0.00,51,35,0,3,34,14.1,222,220,22.9,39.6,1,3291.52,1006.6,992.4
2021-05-16T08:00,11.5,0.00,86,9.3,9.4,0.00,0.00,0.00,1,40,1,9,38,13.0,225,224,19.3,36.0,1,3600.00,1006.7,992.6
2021-05-16T09:00,13.1,0.10,77,9.1,10.4,0.10,0.00,0.00,51,79,7,39,76,17.3,229,228,25.0,47.9,1,3600.00,1006.5,992.4
2021-05-16T10:00,13.5,0.20,75,9.2,10.8,0.20,0.00,0.00,51,57,14,43,38,17.3,234,234,24.8,52.6,1,3600.00,1006.3,992.3
2021-05-16T11:00,15.0,0.10,71,9.7,12.7,0.10,0.00,0.00,51,51,13,12,43,16.2,233,233,22.9,54.7,1,3600.00,1006.0,992.0
2021-05-16T12:00,14.9,0.20,68,8.9,12.1,0.20,0.00,0.00,51,51,12,41,26,22.1,239,240,31.2,52.2,1,3600.00,1005.6,991.6
2021-05-16T13:00,13.9,0.10,72,8.9,11.9,0.10,0.00,0.00,51,39,15,29,11,15.7,218,217,22.0,54.0,1,3600.00,1004.9,990.9
2021-05-16T14:00,15.8,0.00,60,8.0,13.8,0.00,0.00,0.00,2,53,17,46,17,15.6,222,220,22.2,49.0,1,3600.00,1004.0,990.1
2021-05-16T15:00,14.4,0.60,71,9.3,12.1,0.60,0.00,0.00,53,56,39,34,19,14.6,237,237,21.6,48.2,1,3600.00,1004.0,990.0
2021-05-16T16:00,15.8,0.00,61,8.2,13.2,0.00,0.00,0.00,2,57,34,49,8,14.0,224,224,20.6,34.2,1,3600.00,1003.2,989.3
2021-05-16T17:00,16.1,0.00,60,8.3,13.5,0.00,0.00,0.00,3,94,92,80,1,14.3,216,214,20.4,37.4,1,3600.00,1002.7,988.8
2021-05-16T18:00,14.8,0.20,66,8.4,12.3,0.20,0.00,0.00,51,100,99,91,22,14.3,226,225,22.9,37.4,1,2921.35,1002.8,988.9
2021-05-16T19:00,13.3,0.60,77,9.4,11.5,0.60,0.00,0.00,53,85,76,60,28,11.2,217,213,20.3,32.8,1,0.00,1002.8,988.8
2021-05-16T20:00,12.6,0.10,82,9.6,9.9,0.10,0.00,0.00,51,94,92,86,13,17.2,220,217,30.1,36.4,1,0.00,1002.8,988.8
2021-05-16T21:00,11.6,0.10,88,9.7,9.3,0.10,0.00,0.00,51,59,38,25,26,15.5,228,228,28.0,37.4,0,0.00,1003.4,989.3
2021-05-16T22:00,10.7,0.70,92,9.5,8.5,0.70,0.00,0.00,53,65,43,33,39,14.3,226,223,26.0,33.8,0,0.00,1003.9,989.8
2021-05-16T23:00,10.6,0.00,93,9.6,8.8,0.00,0.00,0.00,2,70,50,27,36,11.8,224,220,22.4,30.6,0,0.00,1004.0,989.9
2021-05-17T00:00,10.5,0.00,95,9.7,8.5,0.00,0.00,0.00,1,47,35,8,29,12.8,224,218,23.7,26.6,0,0.00,1004.5,990.3
2021-05-17T01:00,10.3,0.00,91,8.9,7.6,0.00,0.00,0.00,1,49,36,93,26,16.7,237,233,30.2,30.6,0,0.00,1004.7,990.5
2021-05-17T02:00,10.2,0.40,90,8.6,7.6,0.40,0.00,0.00,51,80,37,75,13,14.8,233,227,27.2,36.7,0,0.00,1004.8,990.6
2021-05-17T03:00,10.0,0.80,89,8.2,7.0,0.80,0.00,0.00,53,93,0,91,51,16.8,228,225,29.6,35.6,0,0.00,1005.1,990.9
2021-05-17T04:00,9.7,0.20,91,8.2,6.7,0.20,0.00,0.00,51,100,1,94,100,17.3,225,223,29.8,38.9,0,0.00,1005.3,991.1
2021-05-17T05:00,9.7,0.10,90,8.2,6.5,0.10,0.00,0.00,51,94,0,56,93,18.6,229,227,31.4,39.2,1,0.00,1005.6,991.4
2021-05-17T06:00,9.8,0.30,87,7.7,6.1,0.30,0.00,0.00,51,62,0,52,53,21.0,231,231,34.1,44.3,1,7.14,1006.3,992.1
2021-05-17T07:00,10.1,0.30,91,8.7,7.2,0.30,0.00,0.00,51,55,0,45,37,17.3,229,227,30.9,44.3,1,3600.00,1006.8,992.6
2021-05-17T08:00,11.0,0.10,87,9.0,8.1,0.10,0.00,0.00,51,74,1,55,64,17.8,223,222,27.0,39.2,1,3600.00,1007.2,993.0
2021-05-17T09:00,11.8,0.20,84,9.2,8.8,0.20,0.00,0.00,51,68,6,27,62,19.1,224,223,28.0,43.9,1,3600.00,1007.6,993.5
2021-05-17T10:00,12.8,0.30,80,9.4,9.7,0.30,0.00,0.00,51,88,77,42,57,20.1,226,226,29.3,49.0,1,3600.00,1007.5,993.4
2021-05-17T11:00,12.4,1.80,82,9.4,9.7,1.80,0.00,0.00,61,97,78,92,65,17.6,235,235,26.1,57.2,1,2209.43,1007.8,993.7
2021-05-17T12:00,11.8,1.60,82,8.8,8.7,1.60,0.00,0.00,61,74,56,48,30,19.0,238,237,29.3,49.0,1,0.00,1007.9,993.8
2021-05-17T13:00,11.7,0.50,84,9.0,8.6,0.50,0.00,0.00,53,73,69,70,10,19.4,230,230,29.1,55.1,1,3600.00,1008.2,994.0
2021-05-17T14:00,13.1,0.10,76,8.9,10.3,0.10,0.00,0.00,51,83,67,58,49,17.3,226,225,26.2,47.5,1,2138.46,1007.8,993.7
2021-05-17T15:00,12.8,2.50,75,8.4,8.7,2.50,0.00,0.00,63,93,82,69,38,25.4,236,235,37.8,56.9,1,3600.00,1007.9,993.8
2021-05-17T16:00,13.7,0.10,75,9.4,11.1,0.10,0.00,0.00,51,66,41,32,43,17.1,241,240,26.4,53.3,1,1603.22,1008.0,994.0
2021-05-17T17:00,13.5,1.60,75,9.2,10.2,1.60,0.00,0.00,61,98,95,65,53,21.0,253,254,32.4,56.5,1,3600.00,1008.7,994.6
2021-05-17T18:00,12.6,0.30,81,9.4,9.6,0.30,0.00,0.00,51,62,52,26,16,19.0,241,237,30.9,50.0,1,0.00,1009.0,994.9
2021-05-17T19:00,12.4,0.00,82,9.4,9.5,0.00,0.00,0.00,3,94,75,79,37,18.7,234,232,31.5,41.0,1,3600.00,1009.5,995.4
2021-05-17T20:00,11.6,0.50,85,9.2,8.8,0.50,0.00,0.00,53,75,33,57,28,17.7,241,241,30.8,40.0,1,0.00,1010.3,996.1
2021-05-17T21:00,11.1,0.50,88,9.2,8.6,0.50,0.00,0.00,53,64,4,63,4,15.9,238,232,29.0,38.9,0,0.00,1011.3,997.1
2021-05-17T22:00,10.6,0.20,90,9.1,8.3,0.20,0.00,0.00,51,54,1,51,12,14.1,237,230,26.3,34.6,0,0.00,1011.8,997.5
2021-05-17T23:00,10.1,0.40,93,9.0,7.9,0.40,0.00,0.00,51,77,0,73,37,13.2,231,225,25.4,30.2,0,0.00,1012.3,998.0
2021-05-18T00:00,9.9,0.30,94,8.9,7.7,0.30,0.00,0.00,51,60,0,54,21,13.0,230,224,24.3,28.8,0,0.00,1012.7,998.4
2021-05-18T01:00,10.1,0.00,92,8.9,7.9,0.00,0.00,0.00,3,94,25,99,35,13.0,233,228,24.4,28.4,0,0.00,1013.0,998.7
2021-05-18T02:00,10.0,0.40,94,9.1,7.7,0.40,0.00,0.00,51,100,94,100,20,14.0,234,228,25.5,29.5,0,0.00,1013.3,999.0
2021-05-18T03:00,9.7,0.60,94,8.8,7.5,0.60,0.00,0.00,53,99,46,99,55,13.0,230,224,23.5,31.7,0,0.00,1013.5,999.2
2021-05-18T04:00,9.5,0.40,94,8.7,7.4,0.40,0.00,0.00,51,77,0,72,52,12.0,237,231,22.4,27.7,0,0.00,1013.7,999.4
2021-05-18T05:00,9.2,0.30,94,8.3,7.1,0.30,0.00,0.00,51,44,0,27,40,11.5,238,231,22.0,26.3,1,0.00,1014.0,999.6
2021-05-18T06:00,9.6,0.00,93,8.5,7.4,0.00,0.00,0.00,1,43,0,1,43,12.3,238,232,22.2,27.0,1,1929.08,1014.8,1000.5
2021-05-18T07:00,10.4,0.00,91,9.1,8.3,0.00,0.00,0.00,2,52,1,39,37,13.0,240,236,21.3,32.0,1,3600.00,1015.3,1001.0
2021-05-18T08:00,11.3,0.10,88,9.4,9.1,0.10,0.00,0.00,51,74,6,59,49,13.9,240,239,20.8,33.5,1,3600.00,1015.7,1001.4
2021-05-18T09:00,11.6,0.20,87,9.6,9.2,0.20,0.00,0.00,51,77,15,55,61,15.6,241,241,22.6,35.6,1,3600.00,1015.8,1001.5
2021-05-18T10:00,12.6,0.30,84,9.9,10.2,0.30,0.00,0.00,51,61,23,14,47,15.8,243,243,21.9,39.2,1,3600.00,1015.5,1001.3
2021-05-18T11:00,13.5,0.30,78,9.8,11.5,0.30,0.00,0.00,51,68,33,14,53,15.5,240,239,21.3,42.5,1,3600.00,1015.1,1000.9
2021-05-18T12:00,14.5,0.20,72,9.6,12.9,0.20,0.00,0.00,51,69,47,34,57,14.6,238,237,19.9,42.1,1,3600.00,1014.6,1000.5
2021-05-18T13:00,13.6,2.50,65,7.0,10.3,2.50,0.00,0.00,63,80,76,29,16,19.5,248,247,28.3,45.0,1,3600.00,1014.6,1000.5
2021-05-18T14:00,14.8,0.00,60,7.2,12.2,0.00,0.00,0.00,3,100,62,25,100,16.2,266,266,22.7,52.9,1,3600.00,1014.1,1000.0
2021-05-18T15:00,14.6,0.10,64,8.0,12.4,0.10,0.00,0.00,51,78,49,27,58,11.4,293,294,16.0,43.2,1,3600.00,1014.1,1000.0
2021-05-18T16:00,15.0,0.10,63,8.0,13.0,0.10,0.00,0.00,51,100,56,23,100,9.5,262,261,13.1,38.2,1,3600.00,1013.6,999.5
2021-05-18T17:00,12.4,2.50,79,8.8,10.3,2.50,0.00,0.00,63,94,93,46,9,12.4,254,253,19.8,31.7,1,744.36,1014.1,999.9
2021-05-18T18:00,12.7,0.00,75,8.3,11.3,0.00,0.00,0.00,3,82,78,36,10,7.0,256,249,11.5,26.6,1,2780.01,1014.0,999.8
2021-05-18T19:00,12.1,0.40,79,8.6,10.3,0.40,0.00,0.00,51,90,86,38,24,9.7,276,274,18.1,22.7,1,3600.00,1014.4,1000.2
2021-05-18T20:00,10.9,0.40,85,8.6,9.6,0.40,0.00,0.00,51,83,72,32,30,6.5,295,289,16.3,23.4,1,27.09,1015.1,1000.8
2021-05-18T21:00,9.9,0.00,90,8.3,8.8,0.00,0.00,0.00,3,91,87,17,27,4.8,302,297,12.3,14.8,0,0.00,1015.7,1001.4
2021-05-18T22:00,8.9,0.00,91,7.4,7.3,0.00,0.00,0.00,3,91,90,8,17,6.0,291,287,12.0,11.9,0,0.00,1015.9,1001.5
2021-05-18T23:00,8.5,0.00,92,7.2,7.0,0.00,0.00,0.00,3,96,95,9,15,5.4,279,262,13.5,11.9,0,0.00,1016.1,1001.7
2021-05-19T00:00,7.9,0.00,94,7.0,6.4,0.00,0.00,0.00,3,94,93,6,14,5.2,268,245,13.7,11.9,0,0.00,1016.5,1002.0
2021-05-19T01:00,9.1,0.00,93,8.0,7.7,0.00,0.00,0.00,3,95,88,40,0,6.1,282,273,16.2,11.2,0,0.00,1017.1,1002.7
2021-05-19T02:00,7.4,0.00,96,6.7,5.6,0.00,0.00,0.00,3,80,79,4,3,6.2,276,260,13.0,16.2,0,0.00,1017.2,1002.7
2021-05-19T03:00,6.4,0.00,97,6.0,4.4,0.00,0.00,0.00,3,82,78,18,17,6.9,259,231,11.4,12.2,0,0.00,1017.2,1002.7
2021-05-19T04:00,6.5,0.00,98,6.1,4.6,0.00,0.00,0.00,2,59,47,14,23,5.8,235,202,10.1,11.9,0,0.00,1017.4,1002.9
2021-05-19T05:00,7.5,0.00,97,7.1,5.7,0.00,0.00,0.00,1,48,14,24,38,7.0,219,201,15.3,14.0,1,0.00,1017.8,1003.3
2021-05-19T06:00,8.5,0.00,96,7.8,6.6,0.00,0.00,0.00,1,48,8,33,28,9.0,221,217,15.8,18.0,1,1584.69,1018.3,1003.8
2021-05-19T07:00,9.3,0.10,93,8.3,7.4,0.10,0.00,0.00,51,47,2,39,28,9.4,224,220,13.5,21.6,1,3600.00,1018.6,1004.2
2021-05-19T08:00,10.4,0.10,90,8.7,8.7,0.10,0.00,0.00,51,66,36,36,42,9.2,219,219,13.0,27.7,1,3600.00,1019.0,1004.6
2021-05-19T09:00,11.4,0.20,91,9.9,10.1,0.20,0.00,0.00,51,74,31,25,71,8.3,215,214,11.9,27.7,1,3600.00,1019.1,1004.8
2021-05-19T10:00,12.8,0.40,88,10.9,11.8,0.40,0.00,0.00,51,94,21,5,94,8.5,210,208,11.6,31.3,1,3600.00,1018.4,1004.2
2021-05-19T11:00,13.9,0.50,85,11.5,13.3,0.50,0.00,0.00,53,100,25,11,100,9.2,211,211,12.6,34.6,1,3600.00,1017.9,1003.7
2021-05-19T12:00,14.6,0.60,78,10.9,13.6,0.60,0.00,0.00,53,80,28,13,77,8.7,230,228,11.8,34.9,1,3600.00,1017.5,1003.4
2021-05-19T13:00,16.6,0.40,41,3.4,13.3,0.40,0.00,0.00,51,87,78,31,0,11.7,287,288,15.8,32.0,1,3600.00,1017.0,1003.0
2021-05-19T14:00,15.4,0.10,51,5.2,12.5,0.10,0.00,0.00,51,91,86,43,35,17.7,300,299,24.5,41.4,1,3600.00,1017.2,1003.1
2021-05-19T15:00,15.6,0.20,49,5.0,12.6,0.20,0.00,0.00,51,91,84,44,30,13.7,274,275,18.8,41.0,1,3600.00,1017.2,1003.1
2021-05-19T16:00,14.3,0.20,60,6.7,11.1,0.20,0.00,0.00,51,100,100,24,27,16.3,243,242,23.5,38.9,1,3600.00,1017.6,1003.4
2021-05-19T17:00,13.3,0.00,67,7.4,10.8,0.00,0.00,0.00,3,98,97,83,1,12.2,230,227,18.7,36.7,1,0.00,1017.6,1003.4
2021-05-19T18:00,13.3,0.00,70,7.9,11.1,0.00,0.00,0.00,3,97,96,68,2,11.5,229,226,17.6,28.1,1,778.07,1017.6,1003.4
2021-05-19T19:00,11.9,0.50,79,8.4,9.9,0.50,0.00,0.00,53,79,72,20,33,11.1,235,234,19.7,26.3,1,1615.26,1018.0,1003.7
2021-05-19T20:00,11.0,0.10,83,8.2,9.4,0.10,0.00,0.00,51,97,95,33,41,7.8,224,214,18.1,23.4,1,0.00,1018.3,1004.0
2021-05-19T21:00,10.7,0.00,83,7.9,8.5,0.00,0.00,0.00,3,100,100,46,48,11.5,229,224,22.7,24.1,0,0.00,1019.3,1004.9
2021-05-19T22:00,10.2,0.00,84,7.6,8.1,0.00,0.00,0.00,3,100,99,45,38,10.1,241,235,20.6,24.1,0,0.00,1019.9,1005.5
2021-05-19T23:00,9.6,0.00,87,7.6,7.6,0.00,0.00,0.00,3,80,73,29,16,9.2,229,219,19.6,21.6,0,0.00,1020.0,1005.6
2021-05-20T00:00,8.9,0.10,92,7.6,7.0,0.10,0.00,0.00,51,79,56,23,54,8.8,224,215,19.6,19.8,0,0.00,1020.5,1006.0
2021-05-20T01:00,9.2,0.40,91,7.9,7.0,0.40,0.00,0.00,51,77,23,45,49,11.5,233,226,23.1,19.1,0,0.00,1020.8,1006.3
2021-05-20T02:00,8.9,0.00,92,7.7,7.0,0.00,0.00,0.00,1,42,2,23,32,8.4,240,227,17.9,24.5,0,0.00,1021.0,1006.5
2021-05-20T03:00,8.5,0.20,94,7.7,7.0,0.20,0.00,0.00,51,51,0,42,23,6.0,224,197,13.0,18.0,0,0.00,1021.1,1006.6
2021-05-20T04:00,8.5,0.40,95,7.8,6.7,0.40,0.00,0.00,51,96,0,54,94,7.9,216,204,16.5,16.2,0,0.00,1021.5,1007.0
2021-05-20T05:00,8.7,0.20,96,8.0,6.9,0.20,0.00,0.00,51,93,0,48,91,8.4,228,220,16.6,18.4,1,0.00,1021.7,1007.2
2021-05-20T06:00,8.9,0.10,95,8.1,7.1,0.10,0.00,0.00,51,76,0,48,70,9.3,225,216,16.8,19.1,1,0.00,1022.1,1007.6
2021-05-20T07:00,9.5,0.00,92,8.3,7.6,0.00,0.00,0.00,2,50,0,26,46,10.1,238,235,14.4,23.4,1,3600.00,1022.6,1008.1
2021-05-20T08:00,10.6,0.00,89,8.8,9.1,0.00,0.00,0.00,1,34,0,20,28,7.6,241,239,10.3,25.2,1,3600.00,1022.9,1008.5
2021-05-20T09:00,11.8,0.00,84,9.2,10.4,0.00,0.00,0.00,2,59,1,6,57,7.9,232,231,10.0,27.0,1,3600.00,1023.0,1008.6
2021-05-20T10:00,13.1,0.10,81,10.0,11.8,0.10,0.00,0.00,51,79,1,6,78,9.7,223,222,12.7,29.9,1,3600.00,1022.9,1008.6
2021-05-20T11:00,13.8,0.10,77,9.9,12.4,0.10,0.00,0.00,51,30,1,10,26,11.0,218,218,14.6,30.6,1,3600.00,1022.6,1008.4
2021-05-20T12:00,14.5,0.10,69,8.9,12.9,0.10,0.00,0.00,51,33,0,30,13,13.0,227,226,17.6,32.4,1,3600.00,1022.3,1008.1
2021-05-20T13:00,15.9,0.10,67,9.9,14.8,0.10,0.00,0.00,51,56,0,12,38,12.2,227,227,16.3,33.5,1,3600.00,1021.7,1007.6
2021-05-20T14:00,15.8,0.10,62,8.7,14.4,0.10,0.00,0.00,51,51,19,39,9,12.2,228,227,16.6,31.7,1,3600.00,1021.1,1007.0
2021-05-20T15:00,16.2,0.00,55,7.1,14.1,0.00,0.00,0.00,1,48,4,43,27,14.3,232,231,19.7,33.8,1,3600.00,1020.6,1006.5
2021-05-20T16:00,16.0,0.00,55,6.9,13.0,0.00,0.00,0.00,3,99,99,38,21,15.3,230,229,21.5,34.6,1,3600.00,1019.8,1005.7
2021-05-20T17:00,15.9,0.00,54,6.7,12.7,0.00,0.00,0.00,3,100,99,93,82,16.2,234,233,23.7,36.4,1,3600.00,1019.4,1005.3
2021-05-20T18:00,15.3,0.00,60,7.6,12.8,0.00,0.00,0.00,3,99,98,13,36,12.5,229,229,20.4,36.0,1,0.00,1019.0,1004.9
2021-05-20T19:00,14.5,0.00,63,7.6,12.6,0.00,0.00,0.00,3,99,98,58,14,9.0,238,233,18.3,27.0,1,0.00,1018.7,1004.5
2021-05-20T20:00,13.0,0.00,69,7.5,11.5,0.00,0.00,0.00,3,98,98,41,0,5.9,214,191,15.3,20.5,1,0.00,1018.2,1004.0
2021-05-20T21:00,12.1,0.00,71,7.0,10.1,0.00,0.00,0.00,3,97,96,30,1,8.7,198,175,19.7,18.0,0,0.00,1018.0,1003.7
2021-05-20T22:00,11.8,0.00,72,6.9,9.6,0.00,0.00,0.00,3,97,95,49,0,9.4,185,162,21.3,19.4,0,0.00,1017.6,1003.3
2021-05-20T23:00,12.0,0.00,67,6.0,9.5,0.00,0.00,0.00,3,97,95,49,0,10.5,171,149,21.8,22.7,0,0.00,1016.6,1002.3
2021-05-21T00:00,11.7,0.00,68,5.9,9.0,0.00,0.00,0.00,3,98,98,28,0,11.4,171,156,24.1,23.8,0,0.00,1015.9,1001.6
2021-05-21T01:00,11.4,0.00,68,5.8,8.8,0.00,0.00,0.00,3,96,99,3,0,10.1,201,182,23.5,23.8,0,0.00,1015.1,1000.8
2021-05-21T02:00,11.1,0.00,67,5.3,8.4,0.00,0.00,0.00,3,98,98,25,0,10.5,202,184,24.1,24.1,0,0.00,1014.2,999.9
2021-05-21T03:00,11.4,0.00,66,5.3,8.7,0.00,0.00,0.00,3,98,98,29,0,10.1,203,186,24.2,25.2,0,0.00,1013.3,999.1
2021-05-21T04:00,11.0,0.00,67,5.2,8.6,0.00,0.00,0.00,3,99,98,35,13,8.3,203,180,20.3,23.8,0,0.00,1012.6,998.4
2021-05-21T05:00,10.9,0.20,69,5.5,8.6,0.20,0.00,0.00,51,100,98,97,6,8.4,199,173,19.5,20.5,1,0.00,1012.0,997.8
2021-05-21T06:00,12.0,0.10,68,6.2,9.7,0.10,0.00,0.00,51,100,100,29,4,8.7,196,173,19.1,22.0,1,0.00,1011.6,997.4
2021-05-21T07:00,12.6,0.00,68,6.9,10.5,0.00,0.00,0.00,3,100,100,7,2,9.1,203,187,19.2,22.3,1,0.00,1010.9,996.8
2021-05-21T08:00,13.8,0.00,68,8.1,12.0,0.00,0.00,0.00,3,100,100,89,4,9.0,214,203,19.5,23.0,1,0.00,1010.7,996.6
2021-05-21T09:00,14.6,0.00,66,8.3,12.7,0.00,0.00,0.00,3,100,100,98,17,10.2,219,212,19.5,25.2,1,0.00,1010.4,996.4
2021-05-21T10:00,14.8,0.00,66,8.5,12.5,0.00,0.00,0.00,3,100,100,100,6,13.4,216,211,23.2,31.0,1,0.00,1010.2,996.2
2021-05-21T11:00,14.8,0.00,67,8.7,12.1,0.00,0.00,0.00,3,100,100,96,20,15.9,221,218,25.8,35.6,1,0.00,1010.3,996.3
2021-05-21T12:00,15.5,0.10,62,8.3,11.3,0.10,0.00,0.00,51,100,100,52,28,25.2,236,236,38.1,54.0,1,0.00,1010.0,996.0
2021-05-21T13:00,15.1,0.20,67,9.1,11.5,0.20,0.00,0.00,51,100,100,29,31,23.1,233,231,34.4,57.6,1,0.00,1010.5,996.5
2021-05-21T14:00,14.8,0.50,75,10.4,11.8,0.50,0.00,0.00,53,100,100,30,51,21.6,226,226,32.3,59.8,1,1322.24,1010.1,996.1
2021-05-21T15:00,15.3,0.10,67,9.1,11.7,0.10,0.00,0.00,51,100,100,40,10,22.5,230,229,34.5,60.8,1,0.00,1009.8,995.8
2021-05-21T16:00,15.4,0.10,61,8.0,11.5,0.10,0.00,0.00,51,91,87,27,23,22.5,231,231,34.6,54.0,1,1117.14,1009.5,995.5
2021-05-21T17:00,15.5,0.00,59,7.6,11.9,0.00,0.00,0.00,2,50,1,8,49,19.9,227,226,30.3,48.6,1,3600.00,1008.5,994.5
2021-05-21T18:00,15.0,0.00,58,6.9,11.5,0.00,0.00,0.00,2,78,12,60,75,18.4,222,219,29.1,42.8,1,3600.00,1007.7,993.7
2021-05-21T19:00,13.7,0.00,66,7.4,10.5,0.00,0.00,0.00,3,100,100,40,28,17.1,208,205,28.7,40.0,1,3515.30,1007.8,993.8
2021-05-21T20:00,12.6,0.00,68,6.9,9.5,0.00,0.00,0.00,3,100,100,31,24,15.6,210,206,27.1,37.1,1,0.00,1007.7,993.6
2021-05-21T21:00,12.3,0.00,68,6.6,9.3,0.00,0.00,0.00,3,100,100,86,26,14.7,208,205,26.1,33.8,0,0.00,1008.2,994.1
2021-05-21T22:00,11.6,0.10,67,5.6,8.1,0.10,0.00,0.00,51,53,34,39,8,16.0,213,211,28.1,34.9,0,0.00,1008.3,994.1
2021-05-21T23:00,10.0,0.90,77,6.2,6.3,0.90,0.00,0.00,53,100,100,94,100,18.2,213,210,32.1,40.0,0,0.00,1009.1,994.9
2021-05-22T00:00,9.8,0.60,81,6.7,6.7,0.60,0.00,0.00,53,99,97,75,42,15.8,212,207,28.0,38.9,0,0.00,1008.8,994.5
2021-05-22T01:00,10.5,0.20,83,7.8,7.4,0.20,0.00,0.00,51,78,15,100,60,17.3,225,223,30.8,38.5,0,0.00,1008.0,993.8
2021-05-22T02:00,10.0,2.10,91,8.6,6.7,2.10,0.00,0.00,61,85,5,77,48,19.8,234,233,34.3,46.4,0,0.00,1008.5,994.3
2021-05-22T03:00,10.0,0.50,87,8.0,6.4,0.50,0.00,0.00,53,59,0,51,28,21.4,235,234,36.0,51.1,0,0.00,1008.7,994.5
2021-05-22T04:00,9.5,0.00,88,7.6,5.9,0.00,0.00,0.00,1,25,0,21,11,20.2,224,221,34.6,46.1,0,0.00,1008.9,994.6
2021-05-22T05:00,9.1,0.10,90,7.5,5.9,0.10,0.00,0.00,51,34,0,26,27,17.9,222,220,31.6,43.6,1,0.00,1009.1,994.8
2021-05-22T06:00,9.6,0.10,87,7.5,6.4,0.10,0.00,0.00,51,27,0,4,26,17.8,227,223,30.1,39.6,1,2898.71,1009.5,995.2
2021-05-22T07:00,10.4,0.10,83,7.7,7.2,0.10,0.00,0.00,51,19,0,18,5,17.8,228,227,28.8,40.7,1,3600.00,1009.5,995.3
2021-05-22T08:00,11.2,0.20,75,6.9,6.7,0.20,0.00,0.00,51,38,0,12,37,25.5,234,234,38.4,53.6,1,3600.00,1009.6,995.4
2021-05-22T09:00,12.1,0.10,66,5.9,7.2,0.10,0.00,0.00,51,28,0,22,22,26.2,236,236,38.6,57.6,1,3600.00,1009.7,995.5
2021-05-22T10:00,13.2,0.10,57,4.9,8.0,0.10,0.00,0.00,51,41,0,38,16,27.0,236,236,39.6,59.4,1,3600.00,1009.6,995.5
2021-05-22T11:00,14.2,0.10,50,3.9,9.0,0.10,0.00,0.00,51,27,0,27,12,26.9,238,238,39.6,59.8,1,3600.00,1009.5,995.5
2021-05-22T12:00,15.1,0.10,46,3.6,10.4,0.10,0.00,0.00,51,42,0,39,15,26.9,240,240,39.5,60.5,1,3600.00,1009.5,995.5
2021-05-22T13:00,15.2,0.00,51,5.2,11.0,0.00,0.00,0.00,1,41,0,29,15,25.1,241,241,36.6,59.8,1,3600.00,1009.8,995.8
2021-05-22T14:00,15.7,0.10,47,4.3,11.1,0.10,0.00,0.00,51,36,0,34,12,25.3,240,240,37.1,56.5,1,3600.00,1009.9,995.9
2021-05-22T15:00,15.9,0.00,47,4.7,11.4,0.00,0.00,0.00,1,23,2,21,3,23.7,242,242,35.1,61.2,1,3600.00,1009.8,995.8
2021-05-22T16:00,16.0,0.10,50,5.6,11.6,0.10,0.00,0.00,51,21,0,19,10,23.2,244,244,34.0,58.0,1,3600.00,1009.7,995.7
2021-05-22T17:00,15.6,0.00,52,5.9,11.6,0.00,0.00,0.00,1,28,10,22,8,20.6,250,251,31.0,56.9,1,3600.00,1009.9,995.9
2021-05-22T18:00,15.2,0.00,55,6.2,11.8,0.00,0.00,0.00,3,89,88,52,4,16.7,245,245,27.1,52.9,1,3600.00,1010.2,996.2
2021-05-22T19:00,14.2,0.00,58,6.1,10.9,0.00,0.00,0.00,3,83,74,63,14,15.6,245,244,27.9,46.4,1,3600.00,1010.8,996.7
2021-05-22T20:00,12.9,0.00,62,5.8,9.9,0.00,0.00,0.00,3,98,91,97,0,13.2,250,248,25.6,34.6,1,586.85,1011.1,997.0
2021-05-22T21:00,12.3,0.00,66,6.1,9.6,0.00,0.00,0.00,3,93,60,92,0,12.2,249,246,23.6,29.9,0,0.00,1012.0,997.8
2021-05-22T22:00,11.5,0.00,71,6.5,9.1,0.00,0.00,0.00,2,51,21,45,5,10.1,250,243,20.7,27.4,0,0.00,1012.3,998.1
2021-05-22T23:00,10.0,0.00,80,6.8,8.0,0.00,0.00,0.00,3,92,85,83,24,7.9,234,219,19.6,23.0,0,0.00,1012.7,998.4
2021-05-23T00:00,10.5,0.00,79,6.9,8.2,0.00,0.00,0.00,3,100,100,94,5,10.4,234,226,21.7,23.0,0,0.00,1012.9,998.6
2021-05-23T01:00,10.4,0.00,82,7.4,8.0,0.00,0.00,0.00,3,90,97,99,0,11.5,233,226,23.4,23.0,0,0.00,1013.2,998.9
2021-05-23T02:00,10.1,0.00,84,7.6,7.9,0.00,0.00,0.00,3,100,94,100,1,10.8,240,233,22.1,25.2,0,0.00,1013.0,998.7
2021-05-23T03:00,9.9,0.00,85,7.4,7.7,0.00,0.00,0.00,3,98,91,97,0,10.0,240,229,20.3,24.1,0,0.00,1013.5,999.2
2021-05-23T04:00,9.5,0.00,86,7.2,7.2,0.00,0.00,0.00,1,47,2,41,16,10.7,228,220,21.4,23.8,0,0.00,1014.2,999.9
2021-05-23T05:00,9.2,0.00,86,7.1,6.5,0.00,0.00,0.00,1,49,17,25,38,13.5,228,222,24.7,28.4,1,0.00,1015.0,1000.6
2021-05-23T06:00,9.6,0.00,84,7.1,6.7,0.00,0.00,0.00,2,73,14,62,54,14.8,233,229,26.7,33.8,1,2356.43,1016.0,1001.6
2021-05-23T07:00,10.0,0.00,81,7.0,6.9,0.00,0.00,0.00,2,65,0,54,49,16.3,237,235,25.5,37.8,1,1634.12,1016.5,1002.2
2021-05-23T08:00,11.0,0.00,76,7.0,7.5,0.00,0.00,0.00,2,53,1,40,38,18.5,245,243,27.1,43.6,1,3600.00,1016.9,1002.6
2021-05-23T09:00,12.0,0.10,72,7.1,8.6,0.10,0.00,0.00,51,64,0,45,52,18.1,250,249,26.1,46.1,1,3600.00,1017.4,1003.1
2021-05-23T10:00,12.5,0.00,72,7.7,9.5,0.00,0.00,0.00,2,60,0,33,50,16.3,246,245,22.9,45.7,1,3600.00,1017.6,1003.4
2021-05-23T11:00,13.9,0.10,70,8.4,11.3,0.10,0.00,0.00,51,49,0,14,44,15.8,240,240,21.6,49.3,1,3600.00,1017.6,1003.4
2021-05-23T12:00,14.6,0.10,67,8.6,12.4,0.10,0.00,0.00,51,64,0,32,56,16.0,239,239,22.3,51.1,1,3600.00,1017.7,1003.6
2021-05-23T13:00,14.1,0.10,69,8.6,10.9,0.10,0.00,0.00,51,57,0,62,3,21.2,235,235,30.0,50.4,1,3600.00,1018.0,1003.8
2021-05-23T14:00,13.7,0.90,70,8.4,10.9,0.90,0.00,0.00,53,60,0,46,46,16.0,260,261,23.0,51.5,1,3600.00,1018.0,1003.8
2021-05-23T15:00,14.8,1.30,65,8.3,11.9,1.30,0.00,0.00,61,72,0,68,27,16.7,238,237,23.5,38.9,1,3600.00,1017.6,1003.5
2021-05-23T16:00,15.6,0.00,57,7.2,12.3,0.00,0.00,0.00,1,33,0,30,11,17.4,243,243,25.0,47.2,1,3600.00,1017.3,1003.2
2021-05-23T17:00,15.7,0.00,53,6.1,12.3,0.00,0.00,0.00,2,63,0,42,59,16.5,247,247,24.7,38.2,1,3600.00,1017.1,1003.0
2021-05-23T18:00,15.3,0.00,57,6.9,12.8,0.00,0.00,0.00,1,39,0,27,34,11.4,242,242,19.2,35.6,1,3600.00,1016.9,1002.8
2021-05-23T19:00,14.4,0.00,62,7.1,12.2,0.00,0.00,0.00,2,53,0,49,43,10.3,235,234,20.2,25.2,1,3600.00,1017.2,1003.1
2021-05-23T20:00,12.8,0.00,69,7.2,11.0,0.00,0.00,0.00,1,41,0,38,27,7.1,232,221,17.4,22.7,1,741.01,1017.2,1003.0
2021-05-23T21:00,11.0,0.00,78,7.4,9.4,0.00,0.00,0.00,0,19,0,14,17,5.8,237,210,15.1,15.8,0,0.00,1017.8,1003.5
2021-05-23T22:00,9.6,0.00,84,7.0,7.9,0.00,0.00,0.00,0,4,0,3,4,6.4,214,164,10.9,13.3,0,0.00,1017.9,1003.5
2021-05-23T23:00,9.6,0.00,83,6.9,8.0,0.00,0.00,0.00,0,0,0,0,0,5.1,182,129,10.4,11.9,0,0.00,1017.6,1003.2
2021-05-24T00:00,9.2,0.00,84,6.6,7.2,0.00,0.00,0.00,0,0,0,0,0,7.9,150,114,14.2,15.1,0,0.00,1017.3,1002.9
2021-05-24T01:00,8.9,0.00,81,5.8,6.2,0.00,0.00,0.00,1,28,2,0,0,11.3,120,107,24.2,20.5,0,0.00,1016.6,1002.2
2021-05-24T02:00,8.4,0.00,80,5.1,5.5,0.00,0.00,0.00,0,0,0,0,0,11.5,119,110,25.6,23.0,0,0.00,1016.3,1001.9
2021-05-24T03:00,8.0,0.00,81,4.9,4.9,0.00,0.00,0.00,0,0,0,0,0,12.6,127,114,26.5,26.3,0,0.00,1015.7,1001.3
2021-05-24T04:00,7.6,0.00,81,4.5,4.5,0.00,0.00,0.00,2,75,75,0,0,11.8,130,113,24.8,25.6,0,0.00,1015.5,1001.0
2021-05-24T05:00,7.2,0.00,82,4.4,4.4,0.00,0.00,0.00,2,63,63,0,0,10.4,134,110,21.4,23.8,1,0.00,1015.3,1000.8
2021-05-24T06:00,8.8,0.00,78,5.1,6.0,0.00,0.00,0.00,3,100,100,0,0,10.9,126,107,20.1,21.6,1,3200.84,1014.8,1000.4
2021-05-24T07:00,10.9,0.00,73,6.2,8.4,0.00,0.00,0.00,2,68,68,0,0,10.6,122,118,19.9,23.8,1,3600.00,1014.6,1000.3
2021-05-24T08:00,13.5,0.00,66,7.3,11.3,0.00,0.00,0.00,2,67,67,0,0,9.9,123,123,14.6,25.2,1,3600.00,1014.0,999.9
2021-05-24T09:00,15.6,0.00,61,8.0,13.8,0.00,0.00,0.00,3,92,92,0,0,8.9,137,137,12.2,24.5,1,3600.00,1013.3,999.3
2021-05-24T10:00,17.6,0.00,53,7.9,16.9,0.00,0.00,0.00,3,100,100,0,0,6.8,154,155,9.2,23.0,1,3600.00,1012.5,998.6
2021-05-24T11:00,19.0,0.00,49,8.1,18.5,0.00,0.00,0.00,3,98,98,0,0,7.2,180,183,9.7,21.2,1,3600.00,1011.7,997.9
2021-05-24T12:00,19.6,0.00,45,7.2,18.4,0.00,0.00,0.00,3,86,83,22,0,10.6,215,215,14.0,26.3,1,3600.00,1010.9,997.1
2021-05-24T13:00,19.5,0.00,43,6.7,17.5,0.00,0.00,0.00,2,75,95,7,4,11.5,211,212,15.5,27.0,1,3600.00,1010.5,996.7
2021-05-24T14:00,19.7,0.00,42,6.5,18.2,0.00,0.00,0.00,3,100,100,42,11,13.0,219,219,17.7,31.3,1,3600.00,1010.1,996.3
2021-05-24T15:00,19.0,0.00,44,6.5,15.6,0.00,0.00,0.00,3,100,100,63,0,17.1,220,221,24.5,37.8,1,3600.00,1010.1,996.3
2021-05-24T16:00,17.5,0.00,53,7.8,14.1,0.00,0.00,0.00,3,100,99,98,21,19.1,258,258,28.3,40.7,1,3150.58,1010.7,996.8
2021-05-24T17:00,14.7,0.00,66,8.5,12.3,0.00,0.00,0.00,3,100,97,100,9,14.1,264,266,21.3,42.8,1,0.00,1011.5,997.5
2021-05-24T18:00,14.4,0.10,69,8.8,12.8,0.10,0.00,0.00,51,87,75,69,10,8.9,212,207,14.1,31.0,1,0.00,1011.6,997.5
2021-05-24T19:00,14.0,0.00,71,8.9,12.1,0.00,0.00,0.00,3,100,57,100,1,10.9,197,189,19.6,25.2,1,1433.49,1011.5,997.4
2021-05-24T20:00,13.3,0.00,74,8.8,11.3,0.00,0.00,0.00,2,72,61,60,7,11.2,191,182,21.7,25.2,1,0.00,1011.5,997.4
2021-05-24T21:00,12.6,0.60,79,9.0,9.8,0.60,0.00,0.00,53,43,1,37,21,16.9,221,218,29.9,42.8,0,0.00,1012.3,998.1
2021-05-24T22:00,11.9,0.00,76,7.8,8.3,0.00,0.00,0.00,1,49,44,28,1,20.4,230,228,35.5,43.9,0,0.00,1012.9,998.7
2021-05-24T23:00,10.9,0.00,77,7.0,7.8,0.00,0.00,0.00,3,89,5,89,0,16.1,231,230,29.5,44.6,0,0.00,1013.6,999.3
2021-05-25T00:00,10.6,0.00,78,7.0,7.6,0.00,0.00,0.00,3,93,0,93,3,15.1,232,230,27.7,35.6,0,0.00,1014.0,999.7
2021-05-25T01:00,9.4,0.00,79,6.0,6.1,0.00,0.00,0.00,0,19,0,18,10,15.8,232,229,29.0,36.0,0,0.00,1015.3,1000.9
2021-05-25T02:00,8.8,0.00,78,5.3,5.3,0.00,0.00,0.00,1,48,3,10,45,16.1,233,230,29.6,36.0,0,0.00,1015.3,1000.9
2021-05-25T03:00,8.7,0.00,79,5.3,4.9,0.00,0.00,0.00,3,100,32,51,100,18.1,227,224,31.8,39.2,0,0.00,1015.5,1001.1
2021-05-25T04:00,8.7,0.20,81,5.6,4.8,0.20,0.00,0.00,51,86,51,54,75,19.1,228,226,32.6,42.5,0,0.00,1015.7,1001.3
2021-05-25T05:00,8.6,0.10,79,5.2,4.6,0.10,0.00,0.00,51,75,58,53,31,19.1,229,227,32.4,42.5,1,0.00,1016.2,1001.8
2021-05-25T06:00,8.6,0.40,79,5.2,4.2,0.40,0.00,0.00,51,75,44,56,43,21.8,231,231,35.1,45.4,1,1616.37,1016.7,1002.3
2021-05-25T07:00,8.9,0.20,80,5.6,4.7,0.20,0.00,0.00,51,100,30,96,100,21.2,230,228,34.2,58.7,1,3600.00,1017.1,1002.7
2021-05-25T08:00,8.5,0.60,83,5.7,3.4,0.60,0.00,0.00,53,100,79,100,84,27.2,234,233,43.3,61.2,1,0.00,1017.6,1003.2
2021-05-25T09:00,8.6,0.70,82,5.7,3.5,0.70,0.00,0.00,53,100,33,100,84,27.6,234,234,44.1,60.1,1,0.00,1018.0,1003.6
2021-05-25T10:00,8.9,0.70,85,6.5,4.3,0.70,0.00,0.00,53,98,40,94,89,25.8,230,229,41.4,62.6,1,0.00,1018.4,1004.0
2021-05-25T11:00,10.6,0.30,80,7.3,6.5,0.30,0.00,0.00,51,86,29,62,69,23.0,242,241,36.2,61.6,1,1137.02,1018.7,1004.3
2021-05-25T12:00,11.8,1.60,74,7.3,7.3,1.60,0.00,0.00,61,95,44,86,55,26.1,242,242,38.8,68.8,1,2825.49,1018.7,1004.4
2021-05-25T13:00,12.5,0.20,70,7.1,8.6,0.20,0.00,0.00,51,76,56,96,68,21.6,236,237,31.9,67.7,1,1684.93,1019.0,1004.7
2021-05-25T14:00,10.4,1.70,79,7.0,5.4,1.70,0.00,0.00,61,93,88,68,36,29.2,240,241,44.8,65.9,1,312.02,1019.5,1005.1
2021-05-25T15:00,12.7,0.00,69,7.2,8.2,0.00,0.00,0.00,3,89,79,61,30,26.0,235,233,39.8,59.4,1,3600.00,1018.9,1004.7
2021-05-25T16:00,13.1,0.00,63,6.3,8.7,0.00,0.00,0.00,3,99,86,95,27,24.0,235,234,36.7,63.4,1,3600.00,1018.4,1004.2
2021-05-25T17:00,13.3,0.00,63,6.3,9.2,0.00,0.00,0.00,3,98,78,96,18,21.7,235,234,33.6,64.1,1,27.46,1018.3,1004.1
2021-05-25T18:00,13.2,0.10,62,6.0,9.2,0.10,0.00,0.00,51,88,0,85,76,20.0,247,247,33.7,57.2,1,320.79,1018.3,1004.1
2021-05-25T19:00,11.8,0.40,69,6.4,8.3,0.40,0.00,0.00,51,60,0,59,20,17.9,260,261,30.3,53.6,1,2113.57,1018.9,1004.6
2021-05-25T20:00,11.3,0.00,71,6.2,8.0,0.00,0.00,0.00,2,77,21,71,17,16.3,253,252,29.4,38.2,1,742.92,1019.3,1005.0
2021-05-25T21:00,10.9,0.10,72,6.1,7.8,0.10,0.00,0.00,51,64,0,64,12,14.3,243,242,26.6,35.6,0,0.00,1019.6,1005.3
2021-05-25T22:00,10.4,0.30,77,6.5,7.4,0.30,0.00,0.00,51,98,97,68,12,14.6,241,237,26.7,33.1,0,0.00,1019.8,1005.4
2021-05-25T23:00,10.1,0.20,78,6.5,7.0,0.20,0.00,0.00,51,99,98,57,35,14.5,234,228,27.6,31.7,0,0.00,1019.5,1005.1
2021-05-26T00:00,9.7,0.40,82,6.8,6.8,0.40,0.00,0.00,51,100,100,98,59,13.8,233,227,26.2,33.1,0,0.00,1019.2,1004.8
2021-05-26T01:00,9.9,0.40,85,7.4,8.1,0.40,0.00,0.00,51,100,98,83,12,7.2,223,207,17.6,32.4,0,0.00,1018.3,1003.9
2021-05-26T02:00,9.7,0.10,85,7.4,7.0,0.10,0.00,0.00,51,100,100,100,25,13.7,223,215,25.5,33.5,0,0.00,1018.0,1003.6
2021-05-26T03:00,9.2,0.30,90,7.6,7.0,0.30,0.00,0.00,51,100,91,99,14,10.5,224,211,21.4,38.5,0,0.00,1017.3,1002.9
2021-05-26T04:00,8.9,0.30,88,7.0,7.0,0.30,0.00,0.00,51,93,40,91,36,7.8,218,202,17.7,24.1,0,0.00,1016.8,1002.4
2021-05-26T05:00,8.9,0.10,88,7.1,6.7,0.10,0.00,0.00,51,56,0,53,9,10.1,200,180,20.3,22.7,1,0.00,1016.4,1002.0
2021-05-26T06:00,9.8,0.20,86,7.6,7.2,0.20,0.00,0.00,51,99,0,99,52,13.1,211,201,23.9,27.7,1,2197.42,1016.0,1001.6
2021-05-26T07:00,10.5,0.40,88,8.6,8.1,0.40,0.00,0.00,51,100,0,100,97,14.3,218,214,24.1,32.0,1,137.48,1015.6,1001.3
2021-05-26T08:00,10.2,0.90,89,8.5,7.5,0.90,0.00,0.00,53,100,0,100,77,15.6,222,220,27.3,33.5,1,0.00,1015.7,1001.4
2021-05-26T09:00,10.5,0.50,90,8.8,7.1,0.50,0.00,0.00,53,100,100,100,99,20.9,226,225,33.9,47.2,1,0.00,1015.4,1001.1
2021-05-26T10:00,10.4,0.90,89,8.6,7.2,0.90,0.00,0.00,53,100,81,100,99,19.2,222,218,31.9,47.5,1,0.00,1015.2,1000.9
2021-05-26T11:00,11.0,0.60,84,8.4,7.5,0.60,0.00,0.00,53,100,76,100,100,20.7,217,215,33.1,43.6,1,0.00,1014.8,1000.5
2021-05-26T12:00,11.0,0.30,86,8.8,7.6,0.30,0.00,0.00,51,100,88,100,100,21.0,222,219,34.2,46.4,1,0.00,1014.5,1000.2
2021-05-26T13:00,11.8,0.10,88,9.8,8.5,0.10,0.00,0.00,51,99,95,35,56,22.0,213,212,34.0,52.9,1,0.00,1014.1,999.9
2021-05-26T14:00,13.6,0.10,81,10.4,10.1,0.10,0.00,0.00,51,98,93,58,59,24.4,212,211,36.3,58.0,1,2381.35,1013.5,999.4
2021-05-26T15:00,13.1,0.70,84,10.5,9.4,0.70,0.00,0.00,53,98,96,72,54,26.2,227,227,40.2,65.5,1,2346.40,1013.6,999.4
2021-05-26T16:00,13.5,0.10,76,9.3,9.8,0.10,0.00,0.00,51,99,96,96,37,23.9,237,236,36.9,63.4,1,1598.78,1013.6,999.5
2021-05-26T17:00,12.9,0.90,78,9.3,9.7,0.90,0.00,0.00,53,98,94,96,48,20.9,245,243,33.8,54.7,1,984.91,1014.2,1000.0
2021-05-26T18:00,12.5,0.10,77,8.5,9.2,0.10,0.00,0.00,51,97,94,83,15,19.8,252,251,31.8,49.3,1,0.00,1015.0,1000.8
2021-05-26T19:00,12.3,0.00,74,7.8,9.3,0.00,0.00,0.00,3,99,97,84,6,16.3,245,242,27.7,42.1,1,0.00,1015.3,1001.1
2021-05-26T20:00,11.7,0.00,73,7.0,8.7,0.00,0.00,0.00,3,98,97,54,22,15.0,244,243,26.7,34.6,1,0.00,1015.9,1001.6
2021-05-26T21:00,10.8,0.10,78,7.1,8.0,0.10,0.00,0.00,51,72,56,29,38,13.8,239,237,26.0,32.4,0,0.00,1016.6,1002.3
2021-05-26T22:00,10.0,0.10,86,7.7,7.3,0.10,0.00,0.00,51,13,3,0,10,14.0,233,228,27.2,29.9,0,0.00,1017.1,1002.7
2021-05-26T23:00,9.2,0.00,90,7.6,6.5,0.00,0.00,0.00,1,33,25,1,12,14.6,234,230,28.4,31.3,0,0.00,1017.4,1003.0
2021-05-27T00:00,8.7,0.00,92,7.4,6.2,0.00,0.00,0.00,2,67,52,0,32,12.2,234,227,25.5,31.0,0,0.00,1017.7,1003.3
2021-05-27T01:00,8.6,0.00,94,7.6,6.5,0.00,0.00,0.00,1,31,11,33,35,10.2,239,228,22.8,26.6,0,0.00,1017.6,1003.2
2021-05-27T02:00,8.4,0.00,94,7.5,6.3,0.00,0.00,0.00,1,39,0,37,20,9.7,231,219,21.8,22.3,0,0.00,1017.7,1003.2
2021-05-27T03:00,8.0,0.00,95,7.2,5.9,0.00,0.00,0.00,1,37,0,31,27,9.1,230,214,20.7,20.9,0,0.00,1017.9,1003.4
2021-05-27T04:00,7.8,0.00,95,7.1,5.7,0.00,0.00,0.00,1,30,0,15,29,9.7,222,207,21.4,21.6,0,0.00,1018.1,1003.6
2021-05-27T05:00,7.7,0.00,95,7.0,5.7,0.00,0.00,0.00,1,40,0,36,35,8.9,226,212,19.9,21.6,1,0.00,1018.2,1003.7
2021-05-27T06:00,8.6,0.00,93,7.6,6.6,0.00,0.00,0.00,1,30,0,28,19,9.2,235,219,17.6,20.5,1,3355.00,1018.6,1004.2
2021-05-27T07:00,10.0,0.00,86,7.8,7.9,0.00,0.00,0.00,1,20,0,5,20,10.5,237,232,15.9,24.8,1,3600.00,1019.0,1004.6
2021-05-27T08:00,11.5,0.00,77,7.7,9.1,0.00,0.00,0.00,2,72,0,68,64,12.6,236,233,17.9,29.2,1,3600.00,1019.2,1004.9
2021-05-27T09:00,12.7,0.00,72,7.7,10.0,0.00,0.00,0.00,3,89,50,77,71,13.9,235,233,19.7,39.2,1,3600.00,1019.0,1004.7
2021-05-27T10:00,13.7,0.00,65,7.3,10.9,0.00,0.00,0.00,3,99,97,89,93,14.5,253,251,20.4,39.6,1,3600.00,1019.1,1004.9
2021-05-27T11:00,13.8,0.10,66,7.6,11.5,0.10,0.00,0.00,51,84,40,68,60,11.2,267,266,15.9,37.8,1,608.47,1019.3,1005.1
2021-05-27T12:00,15.2,0.00,62,7.9,12.8,0.00,0.00,0.00,3,97,88,95,51,12.4,262,260,17.5,37.4,1,3600.00,1019.2,1005.1
2021-05-27T13:00,15.5,0.00,58,7.3,12.9,0.00,0.00,0.00,3,98,86,99,82,12.6,257,257,17.4,38.5,1,3274.57,1018.9,1004.8
2021-05-27T14:00,13.5,0.80,75,9.2,11.0,0.80,0.00,0.00,53,100,100,100,31,15.7,281,279,23.1,38.2,1,0.00,1019.6,1005.4
2021-05-27T15:00,13.6,0.30,76,9.4,12.0,0.30,0.00,0.00,51,100,94,100,35,10.2,279,278,15.3,34.6,1,0.00,1019.9,1005.7
2021-05-27T16:00,13.9,0.30,73,9.2,12.3,0.30,0.00,0.00,51,99,2,99,10,9.7,274,274,14.1,31.7,1,0.00,1020.1,1005.9
2021-05-27T17:00,13.9,0.20,74,9.3,12.7,0.20,0.00,0.00,51,99,0,99,9,6.9,254,242,10.5,23.0,1,0.00,1020.0,1005.8
2021-05-27T18:00,13.4,0.20,81,10.2,12.6,0.20,0.00,0.00,51,96,7,96,17,6.3,263,257,11.3,17.6,1,0.00,1020.1,1005.9
2021-05-27T19:00,12.7,0.00,88,10.8,12.3,0.00,0.00,0.00,3,94,0,94,10,4.2,227,200,9.4,14.4,1,0.00,1020.2,1005.9
2021-05-27T20:00,11.8,0.00,92,10.6,11.4,0.00,0.00,0.00,2,68,0,58,42,3.9,255,236,10.8,10.1,1,0.00,1020.8,1006.5
2021-05-27T21:00,10.5,0.20,95,9.7,9.7,0.20,0.00,0.00,51,57,0,49,31,5.0,288,240,8.3,10.1,0,0.00,1021.6,1007.2
2021-05-27T22:00,10.1,0.10,94,9.2,9.1,0.10,0.00,0.00,51,66,0,59,53,5.1,308,274,8.7,10.1,0,0.00,1022.0,1007.6
2021-05-27T23:00,9.6,0.00,93,8.5,8.3,0.00,0.00,0.00,2,76,0,63,71,6.4,329,317,10.5,11.5,0,0.00,1022.1,1007.7
2021-05-28T00:00,9.9,0.00,91,8.6,8.7,0.00,0.00,0.00,2,54,0,20,52,6.0,342,343,12.5,11.5,0,0.00,1022.2,1007.8
2021-05-28T01:00,10.5,0.00,83,7.8,9.1,0.00,0.00,0.00,1,46,0,11,37,5.5,346,349,15.2,12.2,0,0.00,1022.3,1007.9
2021-05-28T02:00,9.6,0.00,88,7.7,8.2,0.00,0.00,0.00,1,49,0,5,48,5.4,341,340,15.6,14.0,0,0.00,1022.7,1008.2
2021-05-28T03:00,8.9,0.00,91,7.5,7.6,0.00,0.00,0.00,2,52,0,2,52,4.9,347,343,12.9,12.2,0,0.00,1022.9,1008.4
2021-05-28T04:00,8.5,0.00,92,7.3,7.1,0.00,0.00,0.00,1,43,0,10,42,4.8,346,333,11.5,10.4,0,0.00,1023.1,1008.6
2021-05-28T05:00,8.5,0.00,93,7.5,7.1,0.00,0.00,0.00,1,27,0,15,25,4.9,345,343,12.3,10.4,1,0.00,1023.2,1008.7
2021-05-28T06:00,9.6,0.00,91,8.2,8.2,0.00,0.00,0.00,1,20,1,13,15,6.7,349,344,12.8,14.4,1,3401.31,1023.4,1008.9
2021-05-28T07:00,10.7,0.00,87,8.6,9.1,0.00,0.00,0.00,2,62,42,9,33,8.8,351,351,11.7,20.5,1,3600.00,1023.8,1009.4
2021-05-28T08:00,12.1,0.00,79,8.6,10.7,0.00,0.00,0.00,2,61,10,7,55,6.8,360,357,9.4,21.2,1,3600.00,1024.1,1009.7
2021-05-28T09:00,13.5,0.00,68,7.6,12.0,0.00,0.00,0.00,3,100,6,4,100,5.9,355,346,8.0,19.4,1,3600.00,1023.9,1009.6
2021-05-28T10:00,14.1,0.10,64,7.4,12.4,0.10,0.00,0.00,51,99,51,7,97,7.2,358,354,9.7,19.8,1,1830.43,1023.7,1009.5
2021-05-28T11:00,14.9,0.10,61,7.4,13.0,0.10,0.00,0.00,51,94,42,87,77,7.9,360,357,10.4,21.2,1,2010.69,1023.6,1009.4
2021-05-28T12:00,15.4,0.10,59,7.4,13.4,0.10,0.00,0.00,51,100,78,96,100,8.7,7,5,11.6,22.7,1,3600.00,1023.4,1009.2
2021-05-28T13:00,15.8,0.00,57,7.2,13.8,0.00,0.00,0.00,2,76,0,97,100,8.5,15,12,10.8,23.4,1,648.53,1023.3,1009.1
2021-05-28T14:00,15.9,0.00,55,7.0,14.2,0.00,0.00,0.00,3,97,75,90,53,6.3,19,13,8.8,21.6,1,2717.59,1022.9,1008.8
2021-05-28T15:00,16.7,0.00,50,6.4,15.0,0.00,0.00,0.00,3,87,34,86,16,5.5,25,23,7.6,17.6,1,3600.00,1022.4,1008.3
2021-05-28T16:00,16.8,0.00,50,6.2,14.7,0.00,0.00,0.00,3,100,7,100,100,7.7,40,37,10.7,18.4,1,3600.00,1021.9,1007.8
2021-05-28T17:00,16.3,0.00,54,7.1,14.6,0.00,0.00,0.00,3,97,6,96,83,6.4,48,47,9.7,18.7,1,859.63,1021.8,1007.7
2021-05-28T18:00,16.4,0.00,55,7.4,15.1,0.00,0.00,0.00,3,80,55,65,12,4.2,58,59,6.8,15.5,1,2664.46,1021.6,1007.5
2021-05-28T19:00,15.9,0.00,66,9.5,15.4,0.00,0.00,0.00,3,86,73,68,7,2.3,45,18,3.6,9.4,1,1662.86,1021.8,1007.7
2021-05-28T20:00,12.9,0.00,77,8.9,11.8,0.00,0.00,0.00,3,89,82,73,1,5.6,25,15,6.8,8.3,1,909.72,1022.0,1007.7
2021-05-28T21:00,12.3,0.00,75,7.9,10.9,0.00,0.00,0.00,3,98,96,92,1,6.1,40,45,12.8,12.6,0,0.00,1022.4,1008.1
2021-05-28T22:00,12.3,0.00,72,7.3,10.5,0.00,0.00,0.00,3,96,84,92,2,7.6,59,59,18.1,16.2,0,0.00,1022.7,1008.4
2021-05-28T23:00,12.1,0.00,69,6.6,10.0,0.00,0.00,0.00,3,98,75,96,2,8.6,65,68,20.3,18.0,0,0.00,1022.8,1008.5
2021-05-29T00:00,11.7,0.00,69,6.3,9.6,0.00,0.00,0.00,2,66,18,63,4,7.9,62,66,19.5,18.0,0,0.00,1022.9,1008.5
2021-05-29T01:00,10.5,0.00,72,5.6,8.2,0.00,0.00,0.00,2,76,92,95,0,7.9,80,74,17.2,19.8,0,0.00,1022.6,1008.2
2021-05-29T02:00,11.1,0.00,67,5.3,8.7,0.00,0.00,0.00,3,94,92,81,0,8.5,70,62,20.3,18.0,0,0.00,1022.5,1008.1
2021-05-29T03:00,11.0,0.00,66,4.9,8.3,0.00,0.00,0.00,0,18,17,9,0,9.8,67,62,23.4,20.5,0,0.00,1022.7,1008.3
2021-05-29T04:00,10.2,0.00,70,4.9,7.4,0.00,0.00,0.00,0,0,0,0,0,10.2,73,72,24.1,21.2,0,0.00,1022.7,1008.3
2021-05-29T05:00,9.5,0.00,76,5.4,7.2,0.00,0.00,0.00,0,6,6,0,0,7.9,76,74,20.8,21.2,1,0.00,1023.2,1008.7
2021-05-29T06:00,10.6,0.00,77,6.8,8.9,0.00,0.00,0.00,0,0,0,0,0,6.3,79,77,15.4,16.9,1,3445.11,1023.6,1009.2
2021-05-29T07:00,12.8,0.00,70,7.5,11.7,0.00,0.00,0.00,0,2,0,2,0,3.0,74,76,6.7,13.7,1,3600.00,1024.0,1009.7
2021-05-29T08:00,14.7,0.00,64,8.1,13.8,0.00,0.00,0.00,0,0,0,0,0,2.5,17,352,3.8,11.5,1,3600.00,1024.1,1009.9
2021-05-29T09:00,16.3,0.10,54,7.0,14.6,0.10,0.00,0.00,51,38,0,32,24,6.5,12,6,8.5,18.0,1,3600.00,1024.2,1010.1
2021-05-29T10:00,17.0,0.00,50,6.4,15.0,0.00,0.00,0.00,1,26,0,19,18,10.2,12,8,13.6,25.2,1,3600.00,1024.1,1010.0
2021-05-29T11:00,17.6,0.00,49,6.7,16.0,0.00,0.00,0.00,1,23,0,23,6,12.3,7,7,16.7,30.6,1,3600.00,1024.2,1010.1
2021-05-29T12:00,17.6,0.00,49,6.8,15.7,0.00,0.00,0.00,1,30,0,30,6,13.1,9,8,17.9,32.0,1,3600.00,1024.2,1010.1
2021-05-29T13:00,18.8,0.00,44,6.3,16.9,0.00,0.00,0.00,1,29,0,23,1,11.4,15,13,14.9,32.0,1,3600.00,1023.7,1009.7
2021-05-29T14:00,18.9,0.00,44,6.3,17.5,0.00,0.00,0.00,1,34,0,34,6,11.1,17,13,14.7,28.4,1,3600.00,1023.6,1009.6
2021-05-29T15:00,18.9,0.00,43,6.1,16.6,0.00,0.00,0.00,3,97,0,97,0,11.7,18,18,15.9,28.1,1,3600.00,1023.5,1009.5
2021-05-29T16:00,18.8,0.00,43,6.0,16.2,0.00,0.00,0.00,2,73,0,73,0,11.2,23,21,16.0,27.7,1,3600.00,1023.5,1009.5
2021-05-29T17:00,18.2,0.00,47,6.8,15.5,0.00,0.00,0.00,2,58,0,58,0,12.6,22,20,19.4,27.7,1,3600.00,1023.6,1009.6
2021-05-29T18:00,17.7,0.00,53,7.9,15.8,0.00,0.00,0.00,1,36,0,36,0,9.1,21,18,17.0,28.4,1,3600.00,1023.7,1009.6
2021-05-29T19:00,16.6,0.00,60,8.9,15.4,0.00,0.00,0.00,1,27,0,27,0,6.3,25,24,15.1,20.5,1,3600.00,1023.8,1009.7
2021-05-29T20:00,14.6,0.00,64,7.9,12.8,0.00,0.00,0.00,0,2,0,2,0,8.5,58,54,19.6,16.9,1,2607.96,1024.2,1010.0
2021-05-29T21:00,13.0,0.00,68,7.3,10.9,0.00,0.00,0.00,0,8,0,8,2,9.7,65,63,21.9,20.5,0,0.00,1024.9,1010.6
2021-05-29T22:00,12.0,0.00,72,7.1,9.9,0.00,0.00,0.00,0,11,0,11,3,9.5,66,65,22.1,20.2,0,0.00,1025.3,1010.9
2021-05-29T23:00,11.4,0.00,73,6.8,9.3,0.00,0.00,0.00,0,5,0,5,1,8.9,62,58,21.3,20.2,0,0.00,1025.5,1011.1
2021-05-30T00:00,10.7,0.00,77,6.7,8.6,0.00,0.00,0.00,0,14,0,14,0,8.7,57,48,21.4,19.1,0,0.00,1025.9,1011.5
2021-05-30T01:00,12.0,0.00,69,6.5,9.5,0.00,0.00,0.00,1,22,0,64,5,10.5,65,59,25.0,21.6,0,0.00,1025.4,1011.0
2021-05-30T02:00,11.8,0.00,69,6.2,9.3,0.00,0.00,0.00,2,55,0,54,12,10.8,74,64,24.7,23.0,0,0.00,1025.4,1011.0
2021-05-30T03:00,11.4,0.00,71,6.2,8.9,0.00,0.00,0.00,1,29,0,28,14,10.5,82,74,24.3,23.0,0,0.00,1025.6,1011.2
2021-05-30T04:00,10.5,0.00,74,6.2,8.2,0.00,0.00,0.00,0,10,0,3,10,9.5,86,79,23.4,22.3,0,0.00,1025.8,1011.3
2021-05-30T05:00,9.8,0.00,79,6.4,7.8,0.00,0.00,0.00,0,0,0,0,0,7.6,88,82,21.3,20.9,1,0.00,1026.1,1011.6
2021-05-30T06:00,10.8,0.00,78,7.2,8.9,0.00,0.00,0.00,0,0,0,0,0,8.3,89,85,18.0,18.4,1,3486.47,1026.3,1011.9
2021-05-30T07:00,12.5,0.00,74,7.9,10.7,0.00,0.00,0.00,0,0,0,0,0,8.3,88,88,13.0,20.2,1,3600.00,1026.4,1012.0
2021-05-30T08:00,14.2,0.00,68,8.4,12.6,0.00,0.00,0.00,0,0,0,0,0,7.6,86,85,11.2,21.6,1,3600.00,1026.5,1012.2
2021-05-30T09:00,15.9,0.00,61,8.3,14.4,0.00,0.00,0.00,0,0,0,0,0,7.3,73,70,10.1,20.9,1,3600.00,1026.4,1012.2
2021-05-30T10:00,17.4,0.00,53,7.8,16.7,0.00,0.00,0.00,0,3,0,0,3,7.1,68,66,9.7,20.9,1,3600.00,1026.0,1011.9
2021-05-30T11:00,18.7,0.00,46,6.7,18.0,0.00,0.00,0.00,1,21,0,19,14,9.2,60,59,12.4,24.5,1,3600.00,1025.6,1011.5
2021-05-30T12:00,19.5,0.00,40,5.6,18.0,0.00,0.00,0.00,2,59,0,59,0,14.1,58,58,19.1,33.1,1,3600.00,1025.1,1011.1
2021-05-30T13:00,20.1,0.00,40,6.2,18.0,0.00,0.00,0.00,3,89,0,56,0,14.3,57,56,19.3,36.4,1,3600.00,1025.1,1011.1
2021-05-30T14:00,20.0,0.00,39,5.7,17.3,0.00,0.00,0.00,3,100,0,100,0,16.4,53,52,22.9,37.1,1,3600.00,1024.5,1010.5
2021-05-30T15:00,19.4,0.00,42,6.2,16.1,0.00,0.00,0.00,3,86,0,86,0,16.0,56,54,23.6,37.4,1,2654.37,1024.0,1010.0
2021-05-30T16:00,19.1,0.00,45,6.8,15.9,0.00,0.00,0.00,1,46,0,46,0,16.1,65,63,24.3,36.0,1,2213.00,1023.8,1009.8
2021-05-30T17:00,19.3,0.00,41,5.7,16.2,0.00,0.00,0.00,3,87,0,87,0,14.2,63,63,21.7,36.7,1,3600.00,1023.3,1009.3
2021-05-30T18:00,18.6,0.00,47,6.9,15.8,0.00,0.00,0.00,2,58,0,58,1,13.6,55,53,23.8,31.7,1,3600.00,1023.2,1009.2
2021-05-30T19:00,17.4,0.00,49,6.6,14.8,0.00,0.00,0.00,0,14,0,14,0,11.7,49,45,23.2,30.6,1,3600.00,1023.2,1009.1
2021-05-30T20:00,15.6,0.00,52,5.9,12.7,0.00,0.00,0.00,0,1,0,1,0,12.9,62,60,26.9,28.1,1,2664.43,1023.4,1009.2
2021-05-30T21:00,14.1,0.00,56,5.5,11.4,0.00,0.00,0.00,0,0,0,0,0,11.0,72,71,24.9,28.1,0,0.00,1023.7,1009.5
2021-05-30T22:00,13.3,0.00,59,5.3,10.2,0.00,0.00,0.00,0,0,0,0,0,12.9,74,72,28.0,27.0,0,0.00,1023.9,1009.6
2021-05-30T23:00,12.7,0.00,58,4.8,9.7,0.00,0.00,0.00,0,0,0,0,0,11.8,80,78,27.0,28.1,0,0.00,1023.8,1009.5
2021-05-31T00:00,11.7,0.00,60,4.3,8.8,0.00,0.00,0.00,0,0,0,0,0,10.7,79,76,25.3,25.9,0,0.00,1023.6,1009.2
2021-05-31T01:00,11.8,0.00,59,4.1,8.9,0.00,0.00,0.00,0,0,0,0,0,10.5,81,74,24.8,24.5,0,0.00,1023.2,1008.8
2021-05-31T02:00,11.2,0.00,60,3.8,8.0,0.00,0.00,0.00,0,0,0,0,0,11.7,84,79,26.0,24.8,0,0.00,1023.0,1008.6
2021-05-31T03:00,10.6,0.00,62,3.6,7.4,0.00,0.00,0.00,0,0,0,0,0,12.0,84,74,26.4,25.2,0,0.00,1022.8,1008.4
2021-05-31T04:00,10.4,0.00,62,3.5,7.1,0.00,0.00,0.00,0,0,0,0,0,12.4,84,80,27.2,26.3,0,0.00,1022.6,1008.2
2021-05-31T05:00,10.2,0.00,65,4.0,7.1,0.00,0.00,0.00,0,0,0,0,0,11.2,87,86,25.6,26.3,1,0.00,1022.8,1008.4
2021-05-31T06:00,11.4,0.00,66,5.3,8.7,0.00,0.00,0.00,0,0,0,0,0,10.1,86,86,22.0,24.1,1,3525.40,1023.0,1008.6
2021-05-31T07:00,13.4,0.00,62,6.3,11.1,0.00,0.00,0.00,0,0,0,0,0,9.4,87,88,15.9,22.3,1,3600.00,1022.9,1008.6
2021-05-31T08:00,15.2,0.00,57,6.7,12.9,0.00,0.00,0.00,0,0,0,0,0,9.7,90,90,14.0,24.1,1,3600.00,1022.8,1008.6
2021-05-31T09:00,16.4,0.00,52,6.6,14.0,0.00,0.00,0.00,0,0,0,0,0,11.2,93,94,15.5,27.7,1,3600.00,1022.7,1008.6
2021-05-31T10:00,17.3,0.00,49,6.6,15.7,0.00,0.00,0.00,0,1,0,0,1,11.6,82,83,16.0,29.5,1,3600.00,1022.5,1008.4
2021-05-31T11:00,18.2,0.00,46,6.3,16.8,0.00,0.00,0.00,0,16,0,0,16,13.3,77,77,18.1,32.8,1,3600.00,1022.2,1008.2
2021-05-31T12:00,18.9,0.00,44,6.2,17.6,0.00,0.00,0.00,0,12,0,0,12,13.4,75,76,18.3,33.1,1,3600.00,1021.8,1007.8
2021-05-31T13:00,20.2,0.00,44,7.4,19.9,0.00,0.00,0.00,0,10,0,0,8,10.5,84,84,13.8,33.1,1,3600.00,1021.1,1007.2
2021-05-31T14:00,20.6,0.00,42,7.2,20.1,0.00,0.00,0.00,0,8,0,0,8,10.4,87,88,14.1,27.4,1,3600.00,1020.6,1006.7
2021-05-31T15:00,20.9,0.00,40,6.9,19.8,0.00,0.00,0.00,0,0,0,0,0,10.8,86,86,14.8,27.4,1,3600.00,1020.2,1006.3
2021-05-31T16:00,20.9,0.00,39,6.6,19.0,0.00,0.00,0.00,0,0,0,0,0,11.3,83,83,15.6,27.4,1,3600.00,1019.7,1005.8
2021-05-31T17:00,20.6,0.00,40,6.5,18.0,0.00,0.00,0.00,0,0,0,0,0,11.4,80,79,16.5,27.0,1,3600.00,1019.2,1005.3
2021-05-31T18:00,19.9,0.00,43,7.0,17.7,0.00,0.00,0.00,0,0,0,0,0,10.1,75,73,17.1,26.3,1,3600.00,1019.1,1005.2
2021-05-31T19:00,18.3,0.00,54,8.9,16.9,0.00,0.00,0.00,0,0,0,0,0,7.0,65,55,16.3,23.0,1,3600.00,1019.0,1005.0
2021-05-31T20:00,15.8,0.00,60,8.0,14.1,0.00,0.00,0.00,0,0,0,0,0,7.9,58,51,18.8,16.2,1,2719.76,1019.0,1004.9
2021-05-31T21:00,14.7,0.00,59,6.7,12.3,0.00,0.00,0.00,0,0,0,0,0,10.5,63,59,24.3,21.6,0,0.00,1019.4,1005.2
2021-05-31T22:00,14.4,0.00,53,4.9,11.3,0.00,0.00,0.00,0,0,0,0,0,12.7,81,75,28.8,26.3,0,0.00,1019.6,1005.4
2021-05-31T23:00,13.9,0.00,55,4.9,11.0,0.00,0.00,0.00,0,0,0,0,0,11.5,103,92,26.2,28.8,0,0.00,1020.0,1005.8
2021-06-01T00:00,12.7,0.00,60,5.3,10.0,0.00,0.00,0.00,0,0,0,0,0,10.5,107,98,24.8,24.5,0,0.00,1019.9,1005.6
2021-06-01T01:00,12.6,0.00,60,5.1,9.7,0.00,0.00,0.00,0,0,0,0,0,11.6,107,95,26.3,22.7,0,0.00,1019.2,1004.9
2021-06-01T02:00,12.2,0.00,59,4.5,9.2,0.00,0.00,0.00,0,0,0,0,0,11.3,103,97,26.3,24.8,0,0.00,1019.3,1005.0
2021-06-01T03:00,11.3,0.00,61,4.2,8.4,0.00,0.00,0.00,0,0,0,0,0,10.5,105,96,24.2,24.1,0,0.00,1019.4,1005.1
2021-06-01T04:00,10.6,0.00,63,3.9,7.7,0.00,0.00,0.00,0,0,0,0,0,10.1,101,92,22.7,22.7,0,0.00,1019.2,1004.8
2021-06-01T05:00,10.3,0.00,66,4.2,7.3,0.00,0.00,0.00,0,0,0,0,0,10.9,102,99,24.3,22.7,1,0.00,1019.2,1004.8
2021-06-01T06:00,12.0,0.00,63,5.3,9.0,0.00,0.00,0.00,0,0,0,0,0,12.4,98,98,25.5,25.9,1,3561.90,1019.2,1004.9
2021-06-01T07:00,14.1,0.00,60,6.5,11.5,0.00,0.00,0.00,0,0,0,0,0,12.0,97,97,21.0,26.3,1,3600.00,1019.2,1005.0
2021-06-01T08:00,16.1,0.00,57,7.5,13.8,0.00,0.00,0.00,0,0,0,0,0,11.3,99,99,16.8,27.7,1,3600.00,1019.0,1004.9
2021-06-01T09:00,18.1,0.00,52,8.1,16.2,0.00,0.00,0.00,0,0,0,0,0,10.3,103,102,14.8,27.4,1,3600.00,1018.7,1004.7
2021-06-01T10:00,19.7,0.00,43,6.8,17.8,0.00,0.00,0.00,0,0,0,0,0,13.5,106,106,19.1,31.7,1,3600.00,1018.4,1004.5
2021-06-01T11:00,20.7,0.00,41,7.0,19.2,0.00,0.00,0.00,0,0,0,0,0,14.8,102,103,20.3,35.3,1,3600.00,1018.0,1004.1
2021-06-01T12:00,21.6,0.00,38,6.8,20.4,0.00,0.00,0.00,0,0,0,0,0,14.5,104,104,20.4,35.3,1,3600.00,1017.3,1003.5
2021-06-01T13:00,22.8,0.00,38,7.6,22.0,0.00,0.00,0.00,0,0,0,0,0,14.2,107,106,19.2,35.3,1,3600.00,1016.5,1002.8
2021-06-01T14:00,23.0,0.00,37,7.4,22.1,0.00,0.00,0.00,0,0,0,0,0,13.5,107,106,18.4,34.2,1,3600.00,1016.0,1002.3
2021-06-01T15:00,23.3,0.00,36,7.4,22.0,0.00,0.00,0.00,0,0,0,0,0,13.1,107,106,18.4,32.4,1,3600.00,1015.4,1001.7
2021-06-01T16:00,23.3,0.00,36,7.4,21.5,0.00,0.00,0.00,0,0,0,0,0,12.9,104,103,18.2,31.3,1,3600.00,1014.9,1001.2
2021-06-01T17:00,23.0,0.00,37,7.5,20.6,0.00,0.00,0.00,0,0,0,0,0,11.9,105,104,17.9,29.9,1,3600.00,1014.4,1000.7
2021-06-01T18:00,22.4,0.00,42,8.9,21.0,0.00,0.00,0.00,0,0,0,0,0,7.9,108,106,15.5,27.4,1,3600.00,1014.3,1000.6
2021-06-01T19:00,20.6,0.00,56,11.4,20.2,0.00,0.00,0.00,0,0,0,0,0,5.2,113,106,14.5,18.7,1,3600.00,1014.0,1000.2
2021-06-01T20:00,17.7,0.00,60,9.7,16.8,0.00,0.00,0.00,0,0,0,0,0,5.8,115,90,14.7,12.6,1,2773.87,1014.3,1000.4
2021-06-01T21:00,15.6,0.00,67,9.4,14.3,0.00,0.00,0.00,0,0,0,0,0,7.4,102,76,15.5,15.1,0,0.00,1014.9,1000.8
2021-06-01T22:00,14.7,0.00,70,9.2,13.1,0.00,0.00,0.00,0,0,0,0,0,9.5,103,81,19.2,19.4,0,0.00,1015.2,1001.1
2021-06-01T23:00,14.3,0.00,67,8.3,12.3,0.00,0.00,0.00,0,0,0,0,0,10.5,102,84,22.5,22.0,0,0.00,1015.4,1001.3
2021-06-02T00:00,13.7,0.00,66,7.5,11.6,0.00,0.00,0.00,0,0,0,0,0,10.1,109,92,22.4,22.0,0,0.00,1015.4,1001.2
2021-06-02T01:00,13.1,0.00,67,7.0,11.0,0.00,0.00,0.00,0,0,0,0,0,9.1,114,99,20.9,21.2,0,0.00,1014.8,1000.6
2021-06-02T02:00,12.4,0.00,68,6.7,10.1,0.00,0.00,0.00,0,1,1,0,0,9.9,117,100,20.9,19.8,0,0.00,1014.9,1000.7
2021-06-02T03:00,12.1,0.00,68,6.3,9.7,0.00,0.00,0.00,0,4,4,0,0,10.5,112,96,21.3,20.9,0,0.00,1015.0,1000.8
2021-06-02T04:00,12.0,0.00,67,6.1,9.3,0.00,0.00,0.00,0,4,4,0,0,11.4,111,101,23.9,23.0,0,0.00,1015.1,1000.9
2021-06-02T05:00,11.9,0.00,69,6.3,9.2,0.00,0.00,0.00,0,2,2,0,0,11.6,105,95,24.3,23.4,1,0.00,1015.2,1001.0
2021-06-02T06:00,13.3,0.00,68,7.5,11.0,0.00,0.00,0.00,0,0,0,0,0,11.5,108,104,24.6,23.8,1,3595.98,1015.6,1001.4
2021-06-02T07:00,15.6,0.00,62,8.4,13.4,0.00,0.00,0.00,0,0,0,0,0,11.6,112,112,21.8,25.6,1,3600.00,1015.9,1001.8
2021-06-02T08:00,17.5,0.00,55,8.5,15.4,0.00,0.00,0.00,0,0,0,0,0,11.8,114,113,17.4,27.7,1,3600.00,1016.0,1002.0
2021-06-02T09:00,19.6,0.00,49,8.7,17.7,0.00,0.00,0.00,1,26,26,0,0,11.3,114,112,16.1,28.1,1,3600.00,1015.9,1002.0
2021-06-02T10:00,21.5,0.00,44,8.7,20.5,0.00,0.00,0.00,1,26,26,0,0,10.9,117,117,15.0,27.7,1,3600.00,1016.1,1002.3
2021-06-02T11:00,23.0,0.00,39,8.2,22.5,0.00,0.00,0.00,0,0,0,0,0,10.7,124,123,14.3,27.7,1,3600.00,1016.1,1002.4
2021-06-02T12:00,24.1,0.00,35,7.7,24.2,0.00,0.00,0.00,0,0,0,0,0,8.7,130,128,11.2,27.4,1,3600.00,1016.1,1002.4
2021-06-02T13:00,25.0,0.00,31,6.5,25.7,0.00,0.00,0.00,2,67,26,4,0,4.9,107,107,6.0,23.4,1,3600.00,1015.7,1002.1
2021-06-02T14:00,25.6,0.00,31,7.2,26.5,0.00,0.00,0.00,3,81,80,5,0,2.7,119,113,3.7,16.9,1,3600.00,1015.6,1002.0
2021-06-02T15:00,25.9,0.00,32,7.9,26.3,0.00,0.00,0.00,3,87,86,9,0,3.3,80,77,4.0,13.0,1,3600.00,1015.5,1001.9
2021-06-02T16:00,26.1,0.00,32,8.3,25.8,0.00,0.00,0.00,1,45,39,10,0,3.4,76,72,4.5,13.0,1,3600.00,1015.3,1001.7
2021-06-02T17:00,25.8,0.00,34,8.7,25.0,0.00,0.00,0.00,1,20,13,9,0,2.9,119,120,3.7,12.2,1,3600.00,1015.2,1001.6
2021-06-02T18:00,25.5,0.00,36,9.4,24.8,0.00,0.00,0.00,2,62,57,12,0,4.1,135,135,5.6,9.7,1,3600.00,1015.5,1001.9
2021-06-02T19:00,23.3,0.00,61,15.3,24.5,0.00,0.00,0.00,2,73,70,15,0,4.0,128,117,8.2,9.4,1,3600.00,1016.0,1002.3
2021-06-02T20:00,19.9,0.00,65,13.2,19.8,0.00,0.00,0.00,2,76,73,13,0,7.4,135,104,8.1,10.4,1,2339.84,1016.5,1002.6
2021-06-02T21:00,18.9,0.00,61,11.1,18.4,0.00,0.00,0.00,2,72,70,11,0,5.9,144,101,6.7,10.4,0,0.00,1017.4,1003.5
2021-06-02T22:00,17.1,0.00,70,11.5,16.4,0.00,0.00,0.00,2,56,50,14,0,7.6,194,149,10.7,11.5,0,0.00,1018.2,1004.2
2021-06-02T23:00,18.8,0.00,58,10.4,18.3,0.00,0.00,0.00,2,64,58,17,0,4.2,246,160,7.1,11.5,0,0.00,1018.9,1004.9
2021-06-03T00:00,15.9,0.00,70,10.5,15.5,0.00,0.00,0.00,3,87,85,19,0,3.5,34,114,1.3,6.5,0,0.00,1019.0,1004.9
2021-06-03T01:00,16.1,0.00,60,8.4,14.6,0.00,0.00,0.00,2,75,28,13,0,7.2,174,143,10.1,9.0,0,0.00,1019.0,1004.9
2021-06-03T02:00,15.4,0.00,67,9.4,14.1,0.00,0.00,0.00,1,21,1,20,0,7.6,237,185,11.2,13.7,0,0.00,1019.3,1005.2
2021-06-03T03:00,15.2,0.00,80,11.7,14.9,0.00,0.00,0.00,1,25,2,29,0,5.4,233,188,13.9,12.6,0,0.00,1019.8,1005.7
2021-06-03T04:00,14.4,0.00,89,12.6,14.3,0.00,0.00,0.00,0,19,0,19,0,5.9,239,166,8.4,11.2,0,0.00,1019.7,1005.5
2021-06-03T05:00,15.2,0.00,88,13.3,15.5,0.00,0.00,0.00,0,9,0,9,0,5.4,215,172,13.7,10.8,1,0.00,1020.1,1006.0
2021-06-03T06:00,17.0,0.00,83,14.1,17.5,0.00,0.00,0.00,1,29,0,29,0,6.2,217,173,13.1,11.9,1,3600.00,1020.5,1006.4
2021-06-03T07:00,18.7,0.00,77,14.6,19.4,0.00,0.00,0.00,1,37,5,35,0,5.5,205,191,9.5,14.8,1,3600.00,1021.0,1007.0
2021-06-03T08:00,20.2,0.00,71,14.7,20.8,0.00,0.00,0.00,1,44,10,39,0,7.0,216,215,9.8,18.4,1,3600.00,1021.4,1007.5
2021-06-03T09:00,21.7,0.00,64,14.6,22.0,0.00,0.00,0.00,3,82,9,81,0,8.3,216,214,11.1,21.6,1,3600.00,1021.7,1007.8
2021-06-03T10:00,22.7,0.00,60,14.5,23.1,0.00,0.00,0.00,3,96,3,96,0,7.8,205,202,10.3,22.0,1,3600.00,1021.8,1008.0
2021-06-03T11:00,23.1,0.00,57,14.2,23.3,0.00,0.00,0.00,3,96,1,96,0,8.0,186,185,10.1,22.0,1,3600.00,1021.8,1008.0
2021-06-03T12:00,23.3,0.00,55,13.7,23.3,0.00,0.00,0.00,2,70,0,70,1,8.3,165,162,10.8,22.0,1,3600.00,1021.8,1008.0
2021-06-03T13:00,23.2,0.00,66,16.4,24.0,0.00,0.00,0.00,1,20,48,38,15,13.7,209,207,18.5,25.2,1,3600.00,1020.9,1007.1
2021-06-03T14:00,24.9,0.00,56,15.5,25.6,0.00,0.00,0.00,2,72,70,16,1,7.6,180,177,9.7,29.9,1,3600.00,1020.4,1006.7
2021-06-03T15:00,25.4,0.00,53,15.0,26.5,0.00,0.00,0.00,3,84,79,29,3,7.3,150,147,10.0,25.6,1,3600.00,1020.0,1006.3
2021-06-03T16:00,25.4,0.10,52,14.9,26.0,0.10,0.00,0.00,51,94,90,46,13,6.9,152,152,9.3,24.1,1,3600.00,1019.8,1006.1
2021-06-03T17:00,24.6,0.00,57,15.5,25.3,0.00,0.00,0.00,3,97,96,36,1,8.4,134,133,11.5,21.2,1,2899.81,1019.6,1005.9
2021-06-03T18:00,24.3,0.00,61,16.4,26.0,0.00,0.00,0.00,3,99,98,26,0,3.3,141,131,5.1,19.1,1,21.65,1019.9,1006.2
2021-06-03T19:00,23.4,0.00,75,18.7,26.5,0.00,0.00,0.00,3,99,99,26,2,1.1,22,18,1.9,7.6,1,0.00,1020.2,1006.4
2021-06-03T20:00,21.3,0.00,78,17.3,23.2,0.00,0.00,0.00,3,99,98,75,0,4.7,322,328,8.7,7.9,1,0.00,1020.5,1006.6
2021-06-03T21:00,20.4,0.00,80,16.7,21.5,0.00,0.00,0.00,3,99,98,72,0,8.1,330,328,16.6,15.8,0,0.00,1020.9,1007.0
2021-06-03T22:00,19.5,0.00,85,16.9,20.8,0.00,0.00,0.00,3,100,99,99,0,7.7,346,349,16.7,15.8,0,0.00,1021.2,1007.2
2021-06-03T23:00,19.1,0.10,87,16.9,20.7,0.10,0.00,0.00,51,100,98,100,0,5.8,355,7,13.4,14.8,0,0.00,1021.2,1007.2
2021-06-04T00:00,18.5,0.00,90,16.7,19.9,0.00,0.00,0.00,3,98,96,79,4,6.4,10,38,9.9,11.9,0,0.00,1020.9,1006.9
2021-06-04T01:00,17.9,0.00,90,16.3,19.5,0.00,0.00,0.00,3,97,51,15,0,4.1,13,52,6.3,12.6,0,0.00,1020.5,1006.5
2021-06-04T02:00,16.7,0.00,95,15.8,18.1,0.00,0.00,0.00,2,76,75,4,3,3.5,28,66,6.1,8.6,0,0.00,1020.2,1006.1
2021-06-04T03:00,15.9,0.00,97,15.4,17.3,0.00,0.00,0.00,3,85,84,7,8,2.7,117,113,2.4,7.6,0,0.00,1020.3,1006.2
2021-06-04T04:00,15.7,0.00,97,15.1,16.9,0.00,0.00,0.00,1,47,36,18,15,3.5,160,114,5.4,7.9,0,0.00,1020.5,1006.4
2021-06-04T05:00,15.9,0.10,95,15.1,17.1,0.10,0.00,0.00,51,71,58,35,13,3.2,135,90,4.6,11.9,1,0.00,1020.9,1006.8
2021-06-04T06:00,17.3,0.00,91,15.9,18.7,0.00,0.00,0.00,2,68,52,36,14,4.0,107,90,4.9,13.3,1,3600.00,1021.3,1007.2
2021-06-04T07:00,19.2,0.00,85,16.6,20.9,0.00,0.00,0.00,1,47,35,19,10,4.5,101,104,7.3,11.5,1,3600.00,1021.6,1007.6
2021-06-04T08:00,21.1,0.00,76,16.7,22.5,0.00,0.00,0.00,1,28,22,8,2,6.4,128,133,8.7,17.6,1,3600.00,1021.7,1007.8
2021-06-04T09:00,22.6,0.00,70,16.8,24.1,0.00,0.00,0.00,1,35,10,29,2,6.2,167,170,8.1,19.1,1,3600.00,1021.8,1008.0
2021-06-04T10:00,24.0,0.00,65,16.9,25.9,0.00,0.00,0.00,2,60,34,41,0,5.8,200,202,7.3,19.1,1,3600.00,1021.7,1008.0
2021-06-04T11:00,24.6,0.20,63,17.0,26.9,0.20,0.00,0.00,51,66,59,26,9,6.4,223,223,8.4,20.5,1,3600.00,1021.5,1007.8
2021-06-04T12:00,25.2,0.20,59,16.7,27.5,0.20,0.00,0.00,51,66,58,19,8,5.6,219,220,7.4,20.2,1,3600.00,1021.2,1007.5
2021-06-04T13:00,25.0,0.00,58,16.3,26.6,0.00,0.00,0.00,2,70,95,35,24,10.5,212,211,13.6,24.5,1,3600.00,1020.7,1007.0
2021-06-04T14:00,25.2,0.00,59,16.7,26.1,0.00,0.00,0.00,3,99,99,25,0,9.3,200,196,12.6,25.6,1,3600.00,1020.3,1006.6
2021-06-04T15:00,26.1,0.00,54,16.0,26.4,0.00,0.00,0.00,3,99,99,25,8,11.6,198,196,15.9,33.1,1,3600.00,1019.7,1006.1
2021-06-04T16:00,25.8,0.10,54,15.6,26.5,0.10,0.00,0.00,51,95,94,22,6,8.2,212,209,11.5,31.0,1,3600.00,1019.4,1005.8
2021-06-04T17:00,25.7,0.00,54,15.7,26.4,0.00,0.00,0.00,3,97,97,27,11,8.0,202,198,10.5,24.1,1,3600.00,1019.0,1005.4
2021-06-04T18:00,24.9,0.20,59,16.4,26.3,0.20,0.00,0.00,51,98,97,22,6,5.9,198,194,9.4,20.9,1,3600.00,1019.4,1005.7
2021-06-04T19:00,23.9,0.00,67,17.5,25.9,0.00,0.00,0.00,3,97,96,11,2,4.8,164,153,10.5,14.4,1,3600.00,1019.5,1005.8
2021-06-04T20:00,23.1,0.00,68,16.9,24.9,0.00,0.00,0.00,3,93,91,19,9,4.5,162,151,8.3,10.8,1,0.00,1019.6,1005.8
2021-06-04T21:00,19.6,1.90,87,17.4,21.5,1.90,0.00,0.00,61,94,92,53,2,5.0,232,249,11.0,13.0,0,0.00,1020.5,1006.6
2021-06-04T22:00,19.3,0.00,90,17.5,21.2,0.00,0.00,0.00,3,92,91,17,0,4.9,180,144,12.6,11.5,0,0.00,1020.2,1006.3
2021-06-04T23:00,18.4,0.00,92,17.0,20.2,0.00,0.00,0.00,3,80,79,8,0,4.6,188,135,10.9,11.2,0,0.00,1019.9,1005.9
2021-06-05T00:00,17.3,0.00,93,16.2,18.6,0.00,0.00,0.00,2,62,58,10,0,5.8,220,176,11.8,10.8,0,0.00,1020.0,1006.0
2021-06-05T01:00,17.9,0.00,93,16.7,19.2,0.00,0.00,0.00,2,52,100,33,0,7.2,157,162,17.6,11.2,0,0.00,1019.6,1005.6
2021-06-05T02:00,17.3,0.00,95,16.5,18.4,0.00,0.00,0.00,3,100,100,4,0,7.8,206,202,19.2,18.0,0,0.00,1019.9,1005.9
2021-06-05T03:00,16.9,0.00,96,16.3,18.1,0.00,0.00,0.00,3,97,96,14,2,6.5,209,186,17.7,18.0,0,0.00,1019.9,1005.8
2021-06-05T04:00,16.8,0.00,92,15.6,17.6,0.00,0.00,0.00,3,95,86,67,4,7.2,207,183,18.2,16.6,0,0.00,1019.9,1005.8
2021-06-05T05:00,16.8,0.00,91,15.3,17.7,0.00,0.00,0.00,3,99,98,74,14,5.9,219,194,14.3,16.6,1,0.00,1020.1,1006.0
2021-06-05T06:00,17.2,0.00,91,15.8,18.2,0.00,0.00,0.00,3,100,100,37,27,6.5,216,177,10.3,13.7,1,0.00,1020.1,1006.1
2021-06-05T07:00,17.7,0.10,91,16.2,19.1,0.10,0.00,0.00,51,99,87,94,31,5.2,225,196,8.7,14.4,1,0.00,1020.2,1006.2
2021-06-05T08:00,18.7,0.10,88,16.7,20.1,0.10,0.00,0.00,51,100,95,100,31,6.3,211,211,7.6,15.8,1,473.52,1020.5,1006.5
2021-06-05T09:00,19.1,0.10,87,16.9,20.0,0.10,0.00,0.00,51,98,95,71,55,10.7,212,213,14.4,25.6,1,3557.27,1021.0,1007.0
2021-06-05T10:00,19.6,0.10,84,16.8,20.2,0.10,0.00,0.00,51,94,88,65,28,12.3,218,218,16.4,28.8,1,1669.31,1020.8,1006.9
2021-06-05T11:00,20.8,0.20,79,16.9,21.6,0.20,0.00,0.00,51,95,82,84,36,10.7,220,220,14.6,31.3,1,3600.00,1020.7,1006.8
2021-06-05T12:00,21.2,0.10,75,16.7,22.3,0.10,0.00,0.00,51,94,65,81,37,8.7,230,228,11.8,27.7,1,3600.00,1020.5,1006.6
2021-06-05T13:00,19.8,0.10,82,16.6,20.6,0.10,0.00,0.00,51,76,72,48,32,10.5,219,218,15.3,25.9,1,2713.36,1020.2,1006.3
2021-06-05T14:00,20.6,0.20,77,16.5,20.8,0.20,0.00,0.00,51,95,89,67,23,14.3,230,231,20.2,34.2,1,3600.00,1020.4,1006.5
2021-06-05T15:00,20.6,0.10,72,15.3,20.7,0.10,0.00,0.00,51,91,90,5,13,11.5,225,224,16.3,33.5,1,2909.82,1019.9,1006.0
2021-06-05T16:00,21.5,0.40,66,14.9,21.6,0.40,0.00,0.00,51,100,94,98,14,10.2,227,225,13.8,28.1,1,3600.00,1019.8,1006.0
2021-06-05T17:00,20.1,0.40,75,15.4,20.5,0.40,0.00,0.00,51,95,92,90,17,9.2,205,201,13.5,27.0,1,17.78,1019.9,1006.0
2021-06-05T18:00,19.6,0.10,79,16.0,20.5,0.10,0.00,0.00,51,97,94,91,2,8.1,186,167,14.1,19.8,1,0.00,1019.8,1005.9
2021-06-05T19:00,19.7,0.00,80,16.2,20.9,0.00,0.00,0.00,3,92,80,77,27,6.5,209,199,13.2,17.3,1,264.14,1019.9,1006.0
2021-06-05T20:00,18.4,0.10,85,15.9,19.7,0.10,0.00,0.00,51,96,93,79,35,4.7,279,274,11.7,13.3,1,0.00,1020.3,1006.3
2021-06-05T21:00,17.8,0.20,88,15.7,18.7,0.20,0.00,0.00,51,99,97,92,72,6.7,300,286,15.3,14.0,0,0.00,1021.1,1007.1
2021-06-05T22:00,17.3,0.30,90,15.7,18.1,0.30,0.00,0.00,51,100,94,91,100,7.6,294,278,15.3,15.5,0,0.00,1021.4,1007.3
2021-06-05T23:00,17.1,0.30,93,16.0,17.7,0.30,0.00,0.00,51,100,79,71,100,9.5,309,299,17.7,18.7,0,0.00,1021.5,1007.4
2021-06-06T00:00,16.6,0.30,95,15.8,16.7,0.30,0.00,0.00,51,100,94,48,100,12.2,318,313,20.9,25.2,0,0.00,1021.5,1007.4
2021-06-06T01:00,16.2,0.20,96,15.5,16.9,0.20,0.00,0.00,51,99,93,27,45,8.0,313,306,16.8,25.6,0,0.00,1021.7,1007.6
2021-06-06T02:00,16.1,0.00,95,15.4,16.7,0.00,0.00,0.00,3,100,92,30,100,8.4,318,313,16.8,18.0,0,0.00,1021.6,1007.5
2021-06-06T03:00,16.2,0.00,94,15.3,16.6,0.00,0.00,0.00,3,100,91,32,100,8.9,323,317,16.7,19.1,0,0.00,1021.4,1007.3
2021-06-06T04:00,15.9,0.20,96,15.3,16.4,0.20,0.00,0.00,51,100,96,61,100,8.9,327,320,17.2,19.1,0,0.00,1021.5,1007.4
2021-06-06T05:00,15.8,0.20,96,15.1,15.9,0.20,0.00,0.00,51,100,96,56,99,11.1,329,324,19.7,22.7,1,0.00,1021.4,1007.3
2021-06-06T06:00,15.7,0.20,94,14.8,15.5,0.20,0.00,0.00,51,100,85,50,100,12.3,332,328,21.6,26.6,1,0.00,1021.5,1007.4
2021-06-06T07:00,15.9,0.10,93,14.8,15.7,0.10,0.00,0.00,51,100,71,42,100,12.1,330,323,20.0,26.6,1,0.00,1021.7,1007.6
2021-06-06T08:00,16.0,0.10,92,14.7,15.9,0.10,0.00,0.00,51,100,73,45,100,11.4,329,325,17.3,26.6,1,0.00,1021.9,1007.8
2021-06-06T09:00,16.2,0.10,91,14.7,16.0,0.10,0.00,0.00,51,99,65,53,97,11.9,329,325,17.3,26.3,1,0.00,1021.9,1007.8
2021-06-06T10:00,16.6,0.00,87,14.4,16.1,0.00,0.00,0.00,3,100,72,97,100,13.4,335,333,18.7,29.2,1,0.00,1021.9,1007.8
2021-06-06T11:00,17.3,0.00,83,14.4,16.9,0.00,0.00,0.00,3,100,68,97,100,12.4,339,338,17.3,29.2,1,0.00,1022.0,1007.9
2021-06-06T12:00,18.0,0.00,80,14.5,17.8,0.00,0.00,0.00,3,100,35,90,100,11.2,341,339,15.6,27.7,1,0.00,1021.9,1007.9
2021-06-06T13:00,19.0,0.00,76,14.6,18.6,0.00,0.00,0.00,3,98,84,100,100,13.0,333,332,18.2,25.9,1,0.00,1021.2,1007.2
2021-06-06T14:00,19.6,0.00,72,14.4,19.6,0.00,0.00,0.00,3,97,87,84,93,9.7,340,338,13.8,27.7,1,0.00,1021.1,1007.2
2021-06-06T15:00,19.8,0.00,70,14.2,20.0,0.00,0.00,0.00,3,100,84,99,85,8.0,353,352,12.0,22.3,1,0.00,1021.1,1007.2
2021-06-06T16:00,19.9,0.00,71,14.4,20.0,0.00,0.00,0.00,3,100,92,99,12,8.8,344,341,13.1,18.4,1,0.00,1021.0,1007.1
2021-06-06T17:00,19.6,0.00,72,14.4,19.3,0.00,0.00,0.00,3,100,95,98,63,12.2,339,336,19.7,25.9,1,0.00,1020.7,1006.8
2021-06-06T18:00,19.5,0.00,72,14.3,18.9,0.00,0.00,0.00,3,99,95,96,53,13.4,342,340,21.2,30.6,1,0.00,1020.5,1006.6
2021-06-06T19:00,18.8,0.00,74,14.0,18.3,0.00,0.00,0.00,3,99,89,96,35,12.7,347,345,22.5,28.8,1,0.00,1020.5,1006.5
2021-06-06T20:00,18.1,0.00,75,13.7,17.8,0.00,0.00,0.00,3,98,81,92,33,10.0,344,339,19.8,27.4,1,0.00,1020.8,1006.8
2021-06-06T21:00,17.4,0.00,79,13.7,17.3,0.00,0.00,0.00,3,98,91,87,44,9.0,338,331,18.6,21.6,0,0.00,1021.2,1007.1
2021-06-06T22:00,16.8,0.00,82,13.8,16.7,0.00,0.00,0.00,3,97,90,76,21,8.9,339,333,18.9,19.4,0,0.00,1021.3,1007.2
2021-06-06T23:00,16.3,0.00,85,13.8,16.1,0.00,0.00,0.00,3,96,92,64,11,9.4,345,337,19.7,19.8,0,0.00,1021.4,1007.3
2021-06-07T00:00,15.7,0.00,88,13.8,15.6,0.00,0.00,0.00,3,97,96,49,2,9.4,351,342,20.1,20.5,0,0.00,1021.3,1007.2
2021-06-07T01:00,15.7,0.00,92,14.3,15.9,0.00,0.00,0.00,3,97,95,95,1,7.9,356,344,17.0,19.8,0,0.00,1021.3,1007.2
2021-06-07T02:00,15.5,0.10,93,14.3,15.7,0.10,0.00,0.00,51,99,97,86,96,8.1,360,347,17.3,17.6,0,0.00,1021.3,1007.2
2021-06-07T03:00,15.2,0.10,94,14.2,15.4,0.10,0.00,0.00,51,81,79,23,27,8.4,354,340,17.4,17.6,0,0.00,1021.1,1006.9
2021-06-07T04:00,14.8,0.10,95,14.1,14.9,0.10,0.00,0.00,51,95,94,18,23,8.5,359,348,18.0,18.0,0,0.00,1021.1,1006.9
2021-06-07T05:00,14.8,0.00,95,14.0,14.8,0.00,0.00,0.00,3,96,94,26,20,8.7,3,353,18.0,18.0,1,0.00,1021.1,1006.9
2021-06-07T06:00,15.6,0.00,93,14.5,15.7,0.00,0.00,0.00,3,82,76,29,25,9.4,6,353,16.7,19.1,1,743.66,1021.1,1007.0
2021-06-07T07:00,16.5,0.20,91,14.9,16.9,0.20,0.00,0.00,51,77,55,50,51,8.6,355,345,13.0,19.1,1,3600.00,1021.2,1007.1
2021-06-07T08:00,17.3,0.20,89,15.4,17.5,0.20,0.00,0.00,51,79,43,66,35,10.8,3,360,15.1,24.1,1,3447.13,1021.4,1007.3
2021-06-07T09:00,18.4,0.00,82,15.3,18.5,0.00,0.00,0.00,3,97,60,71,95,11.2,17,15,15.8,25.6,1,2705.35,1021.3,1007.3
2021-06-07T10:00,19.6,0.00,74,14.9,19.7,0.00,0.00,0.00,3,100,22,41,100,10.6,31,28,14.7,26.3,1,3189.62,1021.2,1007.3
2021-06-07T11:00,20.8,0.10,68,14.7,21.0,0.10,0.00,0.00,51,73,51,42,40,8.7,31,30,11.8,25.9,1,3600.00,1021.1,1007.2
2021-06-07T12:00,21.4,0.10,65,14.5,21.6,0.10,0.00,0.00,51,96,93,42,39,8.8,16,12,12.0,23.0,1,3600.00,1020.7,1006.8
2021-06-07T13:00,18.4,0.20,90,16.7,19.6,0.20,0.00,0.00,51,92,81,39,89,8.1,335,328,11.1,23.0,1,3600.00,1021.3,1007.3
2021-06-07T14:00,19.0,0.40,84,16.2,19.7,0.40,0.00,0.00,51,98,96,46,56,9.4,357,353,13.0,22.3,1,0.00,1021.4,1007.4
2021-06-07T15:00,19.9,0.20,78,15.9,20.2,0.20,0.00,0.00,51,99,99,33,71,11.5,8,4,16.0,26.3,1,511.10,1020.8,1006.9
2021-06-07T16:00,20.9,0.10,71,15.3,21.1,0.10,0.00,0.00,51,99,96,10,84,10.4,7,2,14.5,26.6,1,3124.09,1020.4,1006.5
2021-06-07T17:00,20.9,0.00,68,14.8,21.1,0.00,0.00,0.00,3,95,93,4,36,9.5,357,349,13.7,24.5,1,1455.55,1020.1,1006.2
2021-06-07T18:00,20.8,0.00,69,14.9,21.1,0.00,0.00,0.00,3,95,93,0,36,9.0,343,337,13.6,22.3,1,3600.00,1020.0,1006.1
2021-06-07T19:00,20.0,0.00,76,15.6,20.6,0.00,0.00,0.00,3,96,93,1,78,8.7,331,322,16.9,19.4,1,2813.51,1020.2,1006.3
2021-06-07T20:00,18.9,0.00,80,15.3,19.4,0.00,0.00,0.00,3,92,88,2,31,8.5,338,332,18.6,19.1,1,340.13,1020.5,1006.5
2021-06-07T21:00,17.6,0.00,85,15.1,18.2,0.00,0.00,0.00,3,89,83,4,33,7.8,351,347,18.9,17.6,0,0.00,1021.2,1007.2
2021-06-07T22:00,16.9,0.00,89,15.0,17.4,0.00,0.00,0.00,3,80,76,20,4,7.9,7,360,18.5,16.2,0,0.00,1021.4,1007.3
2021-06-07T23:00,16.2,0.00,91,14.8,16.6,0.00,0.00,0.00,3,82,76,24,6,7.6,15,8,19.0,16.9,0,0.00,1021.1,1007.0
2021-06-08T00:00,15.7,0.00,93,14.5,16.2,0.00,0.00,0.00,3,90,85,30,11,6.9,23,9,17.6,16.2,0,0.00,1021.2,1007.1
2021-06-08T01:00,16.3,0.00,96,15.6,17.2,0.00,0.00,0.00,3,91,40,13,1,6.5,8,354,15.6,14.4,0,0.00,1020.9,1006.8
2021-06-08T02:00,14.9,0.00,97,14.4,15.5,0.00,0.00,0.00,3,80,80,4,1,5.2,6,344,13.0,14.0,0,0.00,1021.0,1006.8
2021-06-08T03:00,14.2,0.00,98,13.9,14.6,0.00,0.00,0.00,2,78,77,3,1,5.6,17,345,9.8,11.2,0,0.00,1020.9,1006.7
2021-06-08T04:00,14.4,0.00,98,14.1,15.0,0.00,0.00,0.00,3,86,81,23,21,5.4,4,312,5.4,9.4,0,0.00,1021.4,1007.2
2021-06-08T05:00,15.0,0.00,98,14.7,15.9,0.00,0.00,0.00,3,90,84,35,42,4.3,21,5,7.0,7.2,1,0.00,1021.6,1007.4
2021-06-08T06:00,16.0,0.00,96,15.3,16.8,0.00,0.00,0.00,3,96,94,35,6,6.3,34,24,10.9,12.6,1,1705.43,1021.4,1007.3
2021-06-08T07:00,17.4,0.00,91,16.0,18.9,0.00,0.00,0.00,3,98,97,28,6,4.0,29,360,8.2,13.0,1,3600.00,1021.6,1007.5
2021-06-08T08:00,18.9,0.00,85,16.2,20.3,0.00,0.00,0.00,3,99,97,32,71,4.9,38,36,6.4,13.7,1,3600.00,1021.8,1007.8
2021-06-08T09:00,20.8,0.00,76,16.3,22.6,0.00,0.00,0.00,3,100,95,38,99,2.1,60,59,2.9,14.0,1,3600.00,1021.7,1007.8
2021-06-08T10:00,21.4,0.30,71,16.0,23.2,0.30,0.00,0.00,51,96,92,49,42,1.8,82,79,2.5,11.2,1,2774.31,1021.8,1007.9
2021-06-08T11:00,21.9,0.20,70,16.2,23.8,0.20,0.00,0.00,51,94,88,41,49,1.5,27,14,2.4,12.6,1,3600.00,1021.5,1007.7
2021-06-08T12:00,22.6,0.30,72,17.3,24.5,0.30,0.00,0.00,51,100,82,25,100,4.6,313,309,5.9,18.7,1,3600.00,1021.3,1007.5
2021-06-08T13:00,22.9,5.10,68,16.7,24.3,5.10,0.00,0.00,63,100,48,12,27,6.5,360,354,8.3,23.0,1,3600.00,1021.1,1007.3
2021-06-08T14:00,23.7,0.00,65,16.7,25.7,0.00,0.00,0.00,2,63,53,10,20,7.2,2,357,9.4,20.5,1,3600.00,1020.8,1007.0
2021-06-08T15:00,23.9,0.00,63,16.5,25.1,0.00,0.00,0.00,2,53,45,9,15,9.0,5,2,11.9,23.4,1,3600.00,1020.5,1006.8
2021-06-08T16:00,23.9,0.00,63,16.4,25.1,0.00,0.00,0.00,2,63,45,4,47,7.3,13,9,10.0,23.8,1,3600.00,1019.9,1006.2
2021-06-08T17:00,23.5,0.00,65,16.6,25.1,0.00,0.00,0.00,3,100,47,21,100,4.4,360,351,6.1,19.1,1,3600.00,1020.1,1006.3
2021-06-08T18:00,21.6,1.60,76,17.1,23.4,1.60,0.00,0.00,61,84,65,13,64,4.3,288,294,5.7,14.4,1,3600.00,1020.6,1006.8
2021-06-08T19:00,19.5,1.40,87,17.2,20.5,1.40,0.00,0.00,61,99,96,97,0,10.6,22,10,17.4,24.5,1,653.42,1020.9,1007.0
2021-06-08T20:00,18.7,0.00,90,17.0,20.3,0.00,0.00,0.00,3,92,92,5,0,5.8,13,360,12.9,20.9,1,0.00,1021.0,1007.0
2021-06-08T21:00,17.6,0.00,93,16.5,19.0,0.00,0.00,0.00,3,82,82,1,0,5.8,1,356,14.0,12.2,0,0.00,1021.4,1007.4
2021-06-08T22:00,16.9,0.00,94,16.0,18.2,0.00,0.00,0.00,3,94,94,2,0,5.1,5,4,13.7,13.0,0,0.00,1021.4,1007.3
2021-06-08T23:00,16.0,0.00,96,15.3,17.1,0.00,0.00,0.00,3,100,100,0,0,5.2,12,12,12.5,10.8,0,0.00,1021.4,1007.3
2021-06-09T00:00,15.0,0.00,96,14.4,15.4,0.00,0.00,0.00,3,95,95,0,0,6.5,27,34,11.3,10.4,0,0.00,1021.3,1007.1
2021-06-09T01:00,14.8,0.00,94,13.9,15.3,0.00,0.00,0.00,2,77,97,20,0,5.5,4,58,9.7,10.4,0,0.00,1021.2,1007.0
2021-06-09T02:00,15.6,0.00,90,13.9,16.1,0.00,0.00,0.00,3,99,98,47,0,5.1,348,45,8.8,10.1,0,0.00,1021.1,1007.0
2021-06-09T03:00,15.6,0.00,89,13.9,16.1,0.00,0.00,0.00,3,93,90,40,0,5.0,349,21,9.2,9.0,0,0.00,1021.1,1007.0
2021-06-09T04:00,16.1,0.00,88,14.1,17.1,0.00,0.00,0.00,1,27,6,24,0,2.4,4,63,5.8,8.3,0,0.00,1021.0,1006.9
2021-06-09T05:00,15.8,0.00,89,14.0,16.9,0.00,0.00,0.00,0,8,1,7,1,1.8,5,53,4.3,5.4,1,0.00,1021.1,1007.0
2021-06-09T06:00,16.2,0.00,90,14.6,17.3,0.00,0.00,0.00,0,10,9,1,1,2.9,82,120,5.4,7.2,1,3600.00,1021.1,1007.0
2021-06-09T07:00,17.9,0.00,87,15.7,19.7,0.00,0.00,0.00,0,15,15,0,0,0.8,124,207,1.3,7.9,1,3600.00,1020.9,1006.9
2021-06-09T08:00,19.3,0.00,85,16.6,21.2,0.00,0.00,0.00,1,31,30,0,0,2.6,230,236,2.8,12.2,1,3600.00,1021.2,1007.2
2021-06-09T09:00,20.7,0.00,80,17.2,22.8,0.00,0.00,0.00,1,48,45,3,5,3.1,253,249,3.8,15.1,1,3600.00,1021.3,1007.4
2021-06-09T10:00,22.1,0.10,75,17.5,24.8,0.10,0.00,0.00,51,31,19,9,19,3.1,292,291,3.9,16.6,1,3600.00,1021.3,1007.5
2021-06-09T11:00,22.9,0.10,70,17.0,25.7,0.10,0.00,0.00,51,35,13,6,26,3.9,306,304,4.9,16.6,1,3600.00,1021.2,1007.4
2021-06-09T12:00,23.6,0.10,63,16.2,26.0,0.10,0.00,0.00,51,33,15,13,22,5.9,319,317,7.7,19.1,1,3600.00,1020.9,1007.1
2021-06-09T13:00,24.0,0.00,61,15.9,26.4,0.00,0.00,0.00,1,35,44,30,6,7.1,331,330,9.0,24.5,1,3600.00,1020.7,1007.0
2021-06-09T14:00,24.4,0.00,59,15.8,26.2,0.00,0.00,0.00,1,31,9,24,11,6.9,334,332,9.2,20.5,1,3600.00,1020.1,1006.4
2021-06-09T15:00,24.8,0.00,56,15.6,26.6,0.00,0.00,0.00,1,49,33,24,21,5.8,342,338,7.2,19.8,1,3600.00,1019.9,1006.2
2021-06-09T16:00,24.9,0.00,55,15.2,26.2,0.00,0.00,0.00,2,61,51,21,7,3.8,291,287,5.0,18.4,1,3600.00,1019.5,1005.8
2021-06-09T17:00,22.2,0.40,70,16.4,23.2,0.40,0.00,0.00,51,90,85,27,27,8.3,108,108,11.4,22.7,1,3600.00,1020.1,1006.3
2021-06-09T18:00,21.9,0.00,73,16.8,23.9,0.00,0.00,0.00,2,78,70,32,0,2.5,135,135,3.1,19.4,1,3133.52,1020.0,1006.2
2021-06-09T19:00,21.6,0.00,79,17.9,24.0,0.00,0.00,0.00,2,63,48,31,0,3.1,191,201,5.9,9.4,1,3600.00,1020.2,1006.4
2021-06-09T20:00,20.2,0.00,87,17.9,22.3,0.00,0.00,0.00,1,28,4,26,1,5.1,239,231,11.3,10.1,1,2799.79,1020.5,1006.6
2021-06-09T21:00,18.2,0.00,93,17.0,19.7,0.00,0.00,0.00,1,27,0,23,13,6.6,237,209,8.6,10.1,0,0.00,1021.0,1007.0
2021-06-09T22:00,19.4,0.00,89,17.6,21.6,0.00,0.00,0.00,1,20,0,14,13,3.5,222,156,4.8,9.4,0,0.00,1021.1,1007.1
2021-06-09T23:00,17.6,0.00,95,16.7,19.1,0.00,0.00,0.00,0,14,2,9,7,5.4,215,160,7.0,7.2,0,0.00,1021.2,1007.2
2021-06-10T00:00,17.4,0.00,94,16.5,19.1,0.00,0.00,0.00,2,54,49,9,5,4.3,219,138,5.1,8.3,0,0.00,1021.0,1007.0
2021-06-10T01:00,18.2,0.00,90,16.5,19.9,0.00,0.00,0.00,2,60,87,6,1,3.6,255,217,8.2,5.8,0,0.00,1020.9,1006.9
2021-06-10T02:00,15.7,0.00,95,14.9,16.7,0.00,0.00,0.00,2,59,55,10,0,3.9,169,112,1.8,6.8,0,0.00,1021.0,1006.9
2021-06-10T03:00,15.2,0.00,97,14.6,15.8,0.00,0.00,0.00,1,39,29,14,0,5.9,194,137,4.5,8.3,0,0.00,1020.8,1006.6
2021-06-10T04:00,15.0,0.00,97,14.6,15.9,0.00,0.00,0.00,0,19,14,6,0,4.6,200,135,4.2,8.3,0,0.00,1020.6,1006.4
2021-06-10T05:00,15.6,0.00,97,15.2,16.7,0.00,0.00,0.00,0,6,0,5,2,4.1,180,128,5.8,8.3,1,0.00,1020.8,1006.7
2021-06-10T06:00,17.0,0.00,97,16.4,18.6,0.00,0.00,0.00,3,100,0,9,100,4.0,193,153,4.8,10.1,1,3600.00,1020.9,1006.8
2021-06-10T07:00,17.9,0.00,95,17.1,20.0,0.00,0.00,0.00,2,79,17,13,72,2.9,188,187,2.5,10.8,1,3600.00,1021.0,1007.0
2021-06-10T08:00,19.4,0.00,89,17.5,21.7,0.00,0.00,0.00,2,77,24,13,67,2.6,187,196,2.9,11.9,1,3600.00,1021.4,1007.4
2021-06-10T09:00,21.0,0.00,79,17.3,23.1,0.00,0.00,0.00,2,79,48,4,59,2.9,238,240,3.4,13.3,1,3600.00,1021.4,1007.5
2021-06-10T10:00,22.3,0.00,76,17.8,25.4,0.00,0.00,0.00,2,67,64,1,10,2.9,243,240,3.2,14.8,1,3600.00,1021.3,1007.5
2021-06-10T11:00,23.5,0.00,70,17.6,27.1,0.00,0.00,0.00,2,66,61,5,16,3.1,238,234,3.4,15.8,1,3600.00,1021.2,1007.4
2021-06-10T12:00,24.4,0.00,63,17.0,28.0,0.00,0.00,0.00,0,18,6,13,2,4.6,253,252,6.0,17.3,1,3600.00,1020.7,1007.0
2021-06-10T13:00,25.5,0.00,51,14.6,27.6,0.00,0.00,0.00,0,15,4,52,3,5.1,360,352,6.5,22.0,1,3600.00,1020.1,1006.4
2021-06-10T14:00,25.7,0.00,52,15.0,27.2,0.00,0.00,0.00,1,38,0,38,9,4.7,343,337,6.0,16.2,1,3600.00,1019.6,1006.0
2021-06-10T15:00,25.5,0.10,52,14.8,26.0,0.10,0.00,0.00,51,70,44,48,0,8.0,348,350,10.7,19.8,1,3600.00,1019.2,1005.6
2021-06-10T16:00,23.0,0.20,67,16.6,23.7,0.20,0.00,0.00,51,87,78,40,9,10.8,101,105,14.7,25.6,1,3600.00,1019.7,1005.9
2021-06-10T17:00,22.7,0.00,70,17.0,24.4,0.00,0.00,0.00,3,89,86,32,1,4.9,158,163,6.6,27.0,1,3600.00,1019.5,1005.7
2021-06-10T18:00,23.1,0.00,69,17.1,25.0,0.00,0.00,0.00,2,73,62,30,3,4.3,317,312,5.9,12.6,1,3600.00,1019.6,1005.8
2021-06-10T19:00,22.7,0.00,71,17.2,25.0,0.00,0.00,0.00,2,62,29,46,21,1.4,309,270,2.3,11.9,1,3600.00,1019.4,1005.6
2021-06-10T20:00,21.0,0.00,84,18.2,23.5,0.00,0.00,0.00,2,63,46,32,0,3.6,127,127,7.2,6.8,1,2044.40,1019.5,1005.6
2021-06-10T21:00,19.2,0.00,91,17.7,21.2,0.00,0.00,0.00,3,83,79,20,0,5.2,160,146,9.6,9.0,0,0.00,1019.8,1005.9
2021-06-10T22:00,18.5,0.00,92,17.1,20.1,0.00,0.00,0.00,3,89,87,12,0,5.8,191,150,7.7,9.4,0,0.00,1019.7,1005.7
2021-06-10T23:00,17.6,0.00,93,16.5,19.0,0.00,0.00,0.00,3,96,95,7,0,5.4,203,143,7.4,7.9,0,0.00,1019.9,1005.9
2021-06-11T00:00,16.7,0.00,95,15.9,17.9,0.00,0.00,0.00,2,79,78,2,0,5.4,197,127,6.0,7.9,0,0.00,1019.6,1005.5
2021-06-11T01:00,15.8,0.00,88,13.8,15.9,0.00,0.00,0.00,0,2,7,2,0,7.6,130,135,13.6,7.9,0,0.00,1019.4,1005.3
2021-06-11T02:00,17.0,0.00,79,13.3,17.6,0.00,0.00,0.00,0,2,1,2,0,3.4,141,122,4.6,11.5,0,0.00,1019.6,1005.6
2021-06-11T03:00,15.6,0.00,85,13.1,15.7,0.00,0.00,0.00,0,2,0,1,0,5.8,101,90,7.7,11.5,0,0.00,1019.5,1005.4
2021-06-11T04:00,14.5,0.00,91,13.0,14.6,0.00,0.00,0.00,0,5,0,5,0,5.4,92,86,8.6,11.9,0,0.00,1019.4,1005.2
2021-06-11T05:00,14.3,0.00,92,13.1,14.6,0.00,0.00,0.00,0,13,11,2,0,4.1,108,105,8.0,10.4,1,0.00,1019.5,1005.3
2021-06-11T06:00,16.1,0.00,89,14.2,17.1,0.00,0.00,0.00,0,7,5,1,0,2.1,148,149,3.4,8.3,1,3600.00,1019.6,1005.5
2021-06-11T07:00,18.4,0.00,81,15.0,19.9,0.00,0.00,0.00,0,1,0,1,0,1.3,135,146,2.0,8.3,1,3600.00,1019.7,1005.7
2021-06-11T08:00,20.3,0.00,75,15.8,22.2,0.00,0.00,0.00,0,1,0,1,0,0.7,315,270,0.5,9.0,1,3600.00,1019.9,1006.0
2021-06-11T09:00,22.0,0.00,70,16.2,24.0,0.00,0.00,0.00,0,0,0,0,0,1.3,225,236,1.5,11.2,1,3600.00,1019.7,1005.9
2021-06-11T10:00,23.7,0.00,64,16.4,26.4,0.00,0.00,0.00,0,14,14,0,0,2.6,230,236,2.8,13.7,1,3600.00,1019.5,1005.8
2021-06-11T11:00,25.0,0.00,56,15.8,28.0,0.00,0.00,0.00,0,7,0,6,3,3.8,252,253,4.6,15.5,1,3600.00,1019.3,1005.6
2021-06-11T12:00,25.8,0.00,48,14.0,27.8,0.00,0.00,0.00,0,18,0,17,3,4.1,282,285,5.2,15.8,1,3600.00,1019.1,1005.5
2021-06-11T13:00,26.9,0.00,40,12.2,28.4,0.00,0.00,0.00,1,24,0,36,0,4.3,320,318,5.6,17.6,1,3600.00,1018.9,1005.3
2021-06-11T14:00,26.8,0.00,41,12.5,27.7,0.00,0.00,0.00,1,30,0,30,0,6.1,317,315,7.9,17.6,1,3600.00,1018.5,1004.9
2021-06-11T15:00,26.8,0.00,42,12.7,27.1,0.00,0.00,0.00,1,35,0,35,0,7.7,316,319,9.9,19.8,1,3600.00,1018.2,1004.6
2021-06-11T16:00,26.6,0.00,43,13.0,26.4,0.00,0.00,0.00,1,30,0,30,0,7.9,318,317,10.7,19.8,1,3600.00,1017.8,1004.2
2021-06-11T17:00,26.2,0.00,45,13.5,26.2,0.00,0.00,0.00,1,36,0,36,0,7.7,313,311,12.2,19.8,1,3600.00,1017.6,1004.0
2021-06-11T18:00,25.6,0.00,53,15.2,26.5,0.00,0.00,0.00,2,78,67,33,0,5.4,307,307,10.8,19.1,1,3600.00,1017.5,1003.9
2021-06-11T19:00,24.3,0.00,66,17.6,26.5,0.00,0.00,0.00,1,47,30,24,0,4.0,290,280,10.4,13.0,1,3600.00,1017.7,1004.0
2021-06-11T20:00,22.2,0.00,72,17.0,23.8,0.00,0.00,0.00,1,23,9,15,1,5.8,280,277,12.4,10.1,1,3224.16,1017.9,1004.1
2021-06-11T21:00,20.0,0.00,78,16.0,20.8,0.00,0.00,0.00,3,95,94,12,0,8.3,278,275,12.7,12.2,0,0.00,1018.6,1004.7
2021-06-11T22:00,21.0,0.00,70,15.3,21.8,0.00,0.00,0.00,3,93,93,8,1,6.9,273,264,11.9,12.6,0,0.00,1018.8,1005.0
2021-06-11T23:00,20.5,0.00,72,15.2,21.4,0.00,0.00,0.00,3,92,91,7,1,5.9,307,322,9.5,10.8,0,0.00,1019.1,1005.2
2021-06-12T00:00,19.8,0.00,74,15.0,20.7,0.00,0.00,0.00,1,31,27,6,1,5.2,5,25,8.7,9.0,0,0.00,1019.1,1005.2
2021-06-12T01:00,18.0,0.00,78,14.2,18.2,0.00,0.00,0.00,0,14,82,25,0,7.6,52,82,8.7,8.3,0,0.00,1018.6,1004.6
2021-06-12T02:00,17.1,0.00,79,13.5,17.7,0.00,0.00,0.00,3,98,98,9,0,3.9,162,124,1.1,10.4,0,0.00,1018.7,1004.7
2021-06-12T03:00,17.0,0.00,82,13.9,17.6,0.00,0.00,0.00,3,96,95,14,0,4.4,174,125,6.5,9.0,0,0.00,1018.6,1004.6
2021-06-12T04:00,16.3,0.00,87,14.0,16.9,0.00,0.00,0.00,3,95,95,15,4,4.6,225,141,6.1,8.6,0,0.00,1018.8,1004.7
2021-06-12T05:00,16.8,0.00,87,14.5,17.9,0.00,0.00,0.00,3,80,80,4,0,2.1,284,121,1.5,6.8,1,0.00,1018.9,1004.8
2021-06-12T06:00,18.1,0.00,86,15.7,19.3,0.00,0.00,0.00,3,94,94,0,0,4.7,208,157,6.9,10.1,1,3600.00,1019.0,1005.0
2021-06-12T07:00,19.6,0.00,83,16.6,21.1,0.00,0.00,0.00,3,96,96,0,0,5.2,256,254,7.4,13.7,1,3600.00,1019.3,1005.4
2021-06-12T08:00,21.1,0.00,75,16.6,22.4,0.00,0.00,0.00,3,97,97,0,2,7.0,286,282,9.3,19.4,1,3600.00,1019.6,1005.7
2021-06-12T09:00,22.6,0.00,69,16.6,23.7,0.00,0.00,0.00,3,98,98,0,5,7.9,297,294,10.5,21.6,1,3600.00,1019.7,1005.9
2021-06-12T10:00,24.0,0.00,62,16.3,25.0,0.00,0.00,0.00,3,97,97,8,23,11.0,282,281,15.1,27.7,1,3600.00,1019.4,1005.7
2021-06-12T11:00,25.1,0.10,56,15.8,25.7,0.10,0.00,0.00,51,96,94,24,9,13.9,280,280,19.0,32.4,1,3600.00,1019.2,1005.5
2021-06-12T12:00,25.4,0.30,54,15.4,25.7,0.30,0.00,0.00,51,90,86,29,12,16.6,289,288,23.2,38.2,1,3600.00,1019.1,1005.4
2021-06-12T13:00,26.9,0.20,47,14.7,26.9,0.20,0.00,0.00,51,95,96,35,13,16.2,287,287,22.6,39.6,1,3600.00,1018.3,1004.7
2021-06-12T14:00,26.1,0.10,48,14.1,25.2,0.10,0.00,0.00,51,98,97,31,3,17.3,288,287,24.9,38.9,1,3600.00,1018.3,1004.7
2021-06-12T15:00,26.3,0.00,47,14.0,24.9,0.00,0.00,0.00,3,98,97,32,18,20.0,293,293,29.0,44.3,1,3600.00,1018.4,1004.8
2021-06-12T16:00,25.1,0.00,50,13.8,22.9,0.00,0.00,0.00,3,98,92,72,8,23.0,312,311,34.7,49.0,1,3600.00,1018.8,1005.1
2021-06-12T17:00,22.8,0.00,59,14.5,21.1,0.00,0.00,0.00,3,81,21,75,1,21.6,329,330,32.6,51.5,1,1727.99,1019.6,1005.8
2021-06-12T18:00,22.6,0.00,59,14.2,21.4,0.00,0.00,0.00,1,32,0,28,25,17.7,321,321,26.9,46.8,1,3600.00,1020.0,1006.2
2021-06-12T19:00,21.8,0.00,61,13.9,20.6,0.00,0.00,0.00,2,79,2,76,38,16.6,327,326,27.6,38.2,1,3600.00,1020.7,1006.9
2021-06-12T20:00,20.9,0.00,60,12.9,19.6,0.00,0.00,0.00,3,98,11,56,98,15.0,333,330,25.9,36.4,1,890.65,1021.4,1007.5
2021-06-12T21:00,19.9,0.00,61,12.3,18.5,0.00,0.00,0.00,2,68,54,18,27,14.6,341,340,25.5,34.6,0,0.00,1022.1,1008.2
2021-06-12T22:00,18.6,0.00,66,12.1,17.9,0.00,0.00,0.00,2,55,52,1,6,9.5,341,335,19.5,31.7,0,0.00,1022.9,1008.9
2021-06-12T23:00,16.9,0.00,71,11.7,16.4,0.00,0.00,0.00,1,43,42,0,1,7.3,355,351,18.8,20.5,0,0.00,1023.4,1009.3
2021-06-13T00:00,16.1,0.00,69,10.4,15.0,0.00,0.00,0.00,2,69,69,0,1,8.0,351,352,20.1,17.6,0,0.00,1023.9,1009.7
2021-06-13T01:00,16.3,0.00,68,10.5,15.1,0.00,0.00,0.00,0,0,26,0,1,9.0,344,344,21.3,19.1,0,0.00,1024.2,1010.1
2021-06-13T02:00,15.8,0.00,71,10.5,14.4,0.00,0.00,0.00,0,3,0,0,3,10.3,336,335,23.2,22.3,0,0.00,1024.6,1010.4
2021-06-13T03:00,14.9,0.00,75,10.5,13.7,0.00,0.00,0.00,0,3,0,0,3,9.4,337,337,21.5,22.7,0,0.00,1024.7,1010.5
2021-06-13T04:00,13.9,0.00,80,10.6,13.0,0.00,0.00,0.00,0,2,0,0,2,7.7,347,349,19.2,20.5,0,0.00,1025.0,1010.7
2021-06-13T05:00,13.5,0.00,84,10.8,12.7,0.00,0.00,0.00,0,5,0,0,5,6.9,2,6,16.6,16.9,1,0.00,1025.5,1011.2
2021-06-13T06:00,14.6,0.00,80,11.3,13.9,0.00,0.00,0.00,1,20,0,0,20,7.6,10,3,14.3,17.3,1,3600.00,1026.1,1011.8
2021-06-13T07:00,15.8,0.00,72,10.7,14.6,0.00,0.00,0.00,0,4,0,0,4,9.5,13,9,13.3,22.3,1,3600.00,1026.7,1012.5
2021-06-13T08:00,16.6,0.00,65,9.9,15.3,0.00,0.00,0.00,0,2,0,0,2,9.2,13,11,12.6,24.5,1,3600.00,1027.1,1012.9
2021-06-13T09:00,17.5,0.00,60,9.6,16.4,0.00,0.00,0.00,1,25,0,0,25,7.6,2,360,9.7,23.8,1,3600.00,1027.4,1013.3
2021-06-13T10:00,18.5,0.00,56,9.5,18.2,0.00,0.00,0.00,0,12,0,0,12,7.6,354,352,9.8,23.0,1,3600.00,1027.3,1013.2
2021-06-13T11:00,19.5,0.00,53,9.5,19.6,0.00,0.00,0.00,0,1,0,0,1,8.4,352,350,10.9,24.5,1,3600.00,1027.3,1013.3
2021-06-13T12:00,20.3,0.00,50,9.4,20.9,0.00,0.00,0.00,0,0,0,0,0,8.4,354,350,10.9,24.8,1,3600.00,1027.0,1013.0
2021-06-13T13:00,21.3,0.00,45,8.8,21.6,0.00,0.00,0.00,0,0,0,0,0,9.6,350,347,12.1,24.5,1,3600.00,1026.8,1012.9
2021-06-13T14:00,21.9,0.00,42,8.4,22.0,0.00,0.00,0.00,0,0,0,0,0,9.4,2,360,12.6,26.6,1,3600.00,1026.2,1012.3
2021-06-13T15:00,22.4,0.00,40,8.1,22.0,0.00,0.00,0.00,0,0,0,0,0,9.4,8,7,12.7,25.9,1,3600.00,1025.9,1012.0
2021-06-13T16:00,22.6,0.00,39,7.8,21.4,0.00,0.00,0.00,0,0,0,0,0,9.9,13,10,13.3,25.2,1,3600.00,1025.6,1011.7
2021-06-13T17:00,22.5,0.00,40,8.0,20.5,0.00,0.00,0.00,0,0,0,0,0,9.6,21,20,13.1,24.8,1,3600.00,1025.3,1011.4
2021-06-13T18:00,22.0,0.00,42,8.5,20.3,0.00,0.00,0.00,0,0,0,0,0,8.6,34,33,13.0,22.7,1,3600.00,1025.0,1011.1
2021-06-13T19:00,20.6,0.00,50,9.9,19.4,0.00,0.00,0.00,0,0,0,0,0,7.5,55,55,15.8,20.2,1,3600.00,1025.0,1011.0
2021-06-13T20:00,18.3,0.00,57,9.7,17.0,0.00,0.00,0.00,0,0,0,0,0,7.9,61,60,19.3,17.3,1,3289.03,1024.9,1010.8
2021-06-13T21:00,16.9,0.00,61,9.4,15.4,0.00,0.00,0.00,0,0,0,0,0,9.2,66,69,21.6,19.1,0,0.00,1025.1,1011.0
2021-06-13T22:00,16.2,0.00,65,9.6,14.7,0.00,0.00,0.00,0,0,0,0,0,9.6,79,77,22.0,20.2,0,0.00,1025.0,1010.8
2021-06-13T23:00,15.6,0.00,68,9.7,14.1,0.00,0.00,0.00,0,0,0,0,0,9.5,86,81,22.0,19.8,0,0.00,1025.0,1010.8
2021-06-14T00:00,15.1,0.00,67,9.0,13.3,0.00,0.00,0.00,0,0,0,0,0,10.5,83,84,23.9,21.6,0,0.00,1024.8,1010.6
2021-06-14T01:00,15.1,0.00,64,8.4,13.3,0.00,0.00,0.00,0,0,0,0,0,9.7,92,94,23.4,25.2,0,0.00,1024.4,1010.2
2021-06-14T02:00,14.9,0.00,64,8.3,13.0,0.00,0.00,0.00,0,0,0,0,0,10.1,96,96,24.3,21.6,0,0.00,1024.3,1010.1
2021-06-14T03:00,14.5,0.00,66,8.3,12.4,0.00,0.00,0.00,0,0,0,0,0,10.9,95,96,24.6,22.7,0,0.00,1024.1,1009.9
2021-06-14T04:00,14.0,0.00,68,8.2,11.8,0.00,0.00,0.00,0,0,0,0,0,11.9,96,95,25.7,24.5,0,0.00,1023.7,1009.4
2021-06-14T05:00,13.9,0.00,69,8.4,11.8,0.00,0.00,0.00,0,0,0,0,0,12.0,97,97,25.4,25.2,1,0.00,1023.4,1009.1
2021-06-14T06:00,15.0,0.00,69,9.3,13.2,0.00,0.00,0.00,0,0,0,0,0,11.0,99,101,21.9,24.8,1,3600.00,1023.1,1008.9
2021-06-14T07:00,16.6,0.00,64,9.9,15.2,0.00,0.00,0.00,0,0,0,0,0,9.7,102,105,15.1,23.0,1,3600.00,1023.2,1009.1
2021-06-14T08:00,18.3,0.00,61,10.6,17.4,0.00,0.00,0.00,0,0,0,0,0,7.4,102,104,10.3,22.7,1,3600.00,1023.1,1009.1
2021-06-14T09:00,20.2,0.00,55,10.9,19.3,0.00,0.00,0.00,0,0,0,0,0,8.6,104,105,11.9,22.7,1,3600.00,1022.8,1008.9
2021-06-14T10:00,21.7,0.00,48,10.3,21.3,0.00,0.00,0.00,0,0,0,0,0,9.6,109,110,13.0,25.2,1,3600.00,1022.4,1008.5
2021-06-14T11:00,22.8,0.00,44,10.1,23.1,0.00,0.00,0.00,0,0,0,0,0,9.2,111,111,12.3,25.6,1,3600.00,1021.9,1008.1
2021-06-14T12:00,23.9,0.00,42,10.2,24.7,0.00,0.00,0.00,0,0,0,0,0,8.1,102,103,10.7,25.2,1,3600.00,1021.3,1007.5
2021-06-14T13:00,25.0,0.00,39,10.2,26.0,0.00,0.00,0.00,0,0,0,0,0,7.6,98,98,10.2,23.4,1,3600.00,1020.6,1006.9
2021-06-14T14:00,25.6,0.00,39,10.5,26.8,0.00,0.00,0.00,0,0,0,0,0,6.1,90,90,8.3,22.3,1,3600.00,1020.1,1006.4
2021-06-14T15:00,26.1,0.00,38,10.7,27.2,0.00,0.00,0.00,0,0,0,0,0,5.0,90,90,6.5,19.4,1,3600.00,1019.5,1005.9
2021-06-14T16:00,26.3,0.00,38,10.9,26.8,0.00,0.00,0.00,0,0,0,0,0,4.3,97,95,5.8,16.6,1,3600.00,1019.0,1005.4
2021-06-14T17:00,26.3,0.00,39,11.3,26.1,0.00,0.00,0.00,0,0,0,0,0,3.6,90,90,4.7,14.4,1,3600.00,1018.4,1004.8
2021-06-14T18:00,26.0,0.00,42,12.0,26.1,0.00,0.00,0.00,0,0,0,0,0,3.3,76,77,4.5,11.2,1,3600.00,1018.1,1004.5
2021-06-14T19:00,25.3,0.00,47,13.1,25.9,0.00,0.00,0.00,0,0,0,0,0,2.8,110,130,4.2,8.6,1,3600.00,1018.1,1004.5
2021-06-14T20:00,22.2,0.00,63,14.9,23.1,0.00,0.00,0.00,0,0,0,0,0,5.3,127,118,5.4,7.6,1,3317.65,1018.0,1004.2
2021-06-14T21:00,19.7,0.00,69,13.8,20.2,0.00,0.00,0.00,0,0,0,0,0,4.8,97,77,8.7,10.1,0,0.00,1018.6,1004.7
2021-06-14T22:00,18.5,0.00,73,13.6,18.3,0.00,0.00,0.00,0,0,0,0,0,9.0,90,74,16.2,17.3,0,0.00,1018.9,1004.9
2021-06-14T23:00,18.0,0.00,69,12.2,17.3,0.00,0.00,0.00,0,0,0,0,0,9.8,92,84,20.9,19.8,0,0.00,1018.8,1004.8
2021-06-15T00:00,17.2,0.00,67,11.1,16.1,0.00,0.00,0.00,0,0,0,0,0,9.4,94,88,20.2,19.4,0,0.00,1018.7,1004.7
2021-06-15T01:00,16.6,0.00,67,10.5,15.6,0.00,0.00,0.00,0,0,0,0,0,7.9,109,106,19.8,18.7,0,0.00,1018.5,1004.4
2021-06-15T02:00,15.6,0.00,70,10.3,14.6,0.00,0.00,0.00,0,0,0,0,0,7.4,112,104,19.4,16.2,0,0.00,1018.4,1004.3
2021-06-15T03:00,15.0,0.00,73,10.3,14.1,0.00,0.00,0.00,0,0,0,0,0,6.9,105,84,17.1,15.1,0,0.00,1018.4,1004.3
2021-06-15T04:00,14.0,0.00,79,10.3,13.3,0.00,0.00,0.00,0,0,0,0,0,5.5,96,67,11.2,14.4,0,0.00,1018.4,1004.2
2021-06-15T05:00,13.7,0.00,82,10.7,13.2,0.00,0.00,0.00,0,0,0,0,0,5.2,63,65,7.2,10.8,1,0.00,1018.6,1004.4
2021-06-15T06:00,16.1,0.00,76,11.9,15.6,0.00,0.00,0.00,1,26,26,0,0,7.2,75,87,8.6,13.7,1,3600.00,1018.6,1004.5
2021-06-15T07:00,19.1,0.00,69,13.4,19.7,0.00,0.00,0.00,1,29,29,0,0,3.7,84,101,7.2,14.0,1,3600.00,1018.8,1004.9
2021-06-15T08:00,21.8,0.00,61,14.0,22.7,0.00,0.00,0.00,3,82,82,0,0,2.2,6,360,3.6,11.2,1,3600.00,1019.1,1005.3
2021-06-15T09:00,24.1,0.00,54,14.2,24.5,0.00,0.00,0.00,3,92,92,0,0,6.6,353,347,9.1,18.7,1,3600.00,1019.1,1005.4
2021-06-15T10:00,25.8,0.00,47,13.8,26.9,0.00,0.00,0.00,3,92,92,0,0,6.5,9,3,8.8,19.4,1,3600.00,1018.9,1005.3
2021-06-15T11:00,27.0,0.00,43,13.5,28.7,0.00,0.00,0.00,3,98,98,0,0,5.2,39,34,6.9,19.1,1,3600.00,1018.8,1005.2
2021-06-15T12:00,27.7,0.00,41,13.2,29.7,0.00,0.00,0.00,3,85,85,0,0,3.8,73,73,4.9,17.3,1,3600.00,1018.3,1004.8
2021-06-15T13:00,28.3,0.00,39,13.1,30.5,0.00,0.00,0.00,2,75,74,0,0,4.2,23,20,5.5,14.8,1,3600.00,1018.2,1004.7
2021-06-15T14:00,28.6,0.00,39,13.2,30.9,0.00,0.00,0.00,2,69,69,0,0,4.5,14,14,5.9,16.2,1,3600.00,1017.8,1004.3
2021-06-15T15:00,28.9,0.00,38,13.1,30.4,0.00,0.00,0.00,3,84,84,0,0,5.8,9,4,7.3,17.3,1,3600.00,1017.4,1003.9
2021-06-15T16:00,28.6,0.00,38,13.0,29.1,0.00,0.00,0.00,3,87,86,7,0,7.8,16,13,10.5,20.5,1,3600.00,1017.2,1003.7
2021-06-15T17:00,28.3,0.00,40,13.4,28.6,0.00,0.00,0.00,3,90,90,1,0,5.3,58,62,6.8,20.5,1,3600.00,1016.7,1003.2
2021-06-15T18:00,27.7,0.00,43,14.0,28.0,0.00,0.00,0.00,3,90,90,1,0,6.9,136,137,11.5,16.6,1,3600.00,1016.3,1002.8
2021-06-15T19:00,26.0,0.00,54,16.1,27.2,0.00,0.00,0.00,2,75,74,4,0,6.1,142,140,14.6,16.6,1,3600.00,1016.0,1002.4
2021-06-15T20:00,23.3,0.00,64,16.1,24.5,0.00,0.00,0.00,3,99,99,5,0,5.9,125,104,13.2,13.3,1,2063.29,1016.0,1002.3
2021-06-15T21:00,22.2,0.00,65,15.3,23.0,0.00,0.00,0.00,3,90,90,5,0,6.5,98,71,13.4,13.0,0,0.00,1016.4,1002.6
2021-06-15T22:00,20.9,0.00,69,15.1,21.5,0.00,0.00,0.00,3,95,95,10,0,7.0,104,78,13.4,14.0,0,0.00,1016.5,1002.7
2021-06-15T23:00,20.4,0.00,69,14.4,20.6,0.00,0.00,0.00,3,96,96,8,0,8.0,78,63,17.3,15.8,0,0.00,1016.5,1002.7
2021-06-16T00:00,20.2,0.00,67,13.8,19.9,0.00,0.00,0.00,3,96,96,0,0,10.0,75,77,23.5,19.4,0,0.00,1016.6,1002.7
2021-06-16T01:00,19.3,0.00,72,14.1,19.6,0.00,0.00,0.00,3,97,97,1,0,6.8,97,108,20.3,21.2,0,0.00,1016.5,1002.6
2021-06-16T02:00,18.6,0.00,75,14.0,18.8,0.00,0.00,0.00,3,96,96,1,0,7.1,102,105,19.8,15.1,0,0.00,1016.4,1002.5
2021-06-16T03:00,18.6,0.00,77,14.5,18.9,0.00,0.00,0.00,3,97,97,0,0,8.3,100,92,21.5,17.6,0,0.00,1016.4,1002.5
2021-06-16T04:00,18.3,0.00,79,14.5,18.6,0.00,0.00,0.00,3,95,95,0,0,7.9,101,93,20.9,17.6,0,0.00,1016.0,1002.1
2021-06-16T05:00,18.5,0.00,78,14.5,18.7,0.00,0.00,0.00,3,91,91,0,0,8.3,102,95,21.0,18.0,1,0.00,1015.8,1001.9
2021-06-16T06:00,19.8,0.00,74,14.9,20.2,0.00,0.00,0.00,3,91,91,0,0,8.2,106,105,19.1,18.4,1,3182.89,1015.7,1001.8
2021-06-16T07:00,21.6,0.00,67,15.2,22.3,0.00,0.00,0.00,2,60,60,0,0,7.0,106,111,13.1,18.0,1,3600.00,1015.7,1001.9
2021-06-16T08:00,23.4,0.00,62,15.6,24.3,0.00,0.00,0.00,3,86,86,0,0,7.1,110,114,10.4,18.4,1,3600.00,1015.5,1001.8
2021-06-16T09:00,25.2,0.00,55,15.6,26.0,0.00,0.00,0.00,3,91,91,0,0,7.9,113,114,11.0,20.9,1,3600.00,1015.2,1001.6
2021-06-16T10:00,26.8,0.00,49,15.3,27.8,0.00,0.00,0.00,3,90,90,0,0,8.7,119,120,11.9,22.7,1,3600.00,1014.9,1001.4
2021-06-16T11:00,28.2,0.00,44,14.8,29.5,0.00,0.00,0.00,3,95,95,0,0,8.5,127,126,11.3,22.7,1,3600.00,1014.6,1001.1
2021-06-16T12:00,29.4,0.00,40,14.4,31.3,0.00,0.00,0.00,3,98,98,1,0,7.6,136,135,10.4,22.7,1,3600.00,1014.2,1000.8
2021-06-16T13:00,30.0,0.00,40,14.9,32.4,0.00,0.00,0.00,3,97,94,1,0,5.4,129,127,6.9,21.6,1,3600.00,1013.7,1000.3
2021-06-16T14:00,30.3,0.00,40,15.2,32.6,0.00,0.00,0.00,3,95,95,1,0,4.4,133,125,5.9,16.9,1,3600.00,1013.2,999.8
2021-06-16T15:00,30.7,0.00,38,14.9,32.8,0.00,0.00,0.00,3,97,97,1,0,3.1,132,126,4.3,14.8,1,3600.00,1012.7,999.4
2021-06-16T16:00,30.9,0.00,38,14.8,32.6,0.00,0.00,0.00,3,97,97,0,0,2.3,135,129,3.6,12.2,1,3600.00,1012.5,999.2
2021-06-16T17:00,30.9,0.00,38,14.9,32.1,0.00,0.00,0.00,3,96,95,2,0,2.5,107,98,3.8,10.1,1,3600.00,1012.0,998.7
2021-06-16T18:00,30.7,0.00,39,15.3,31.8,0.00,0.00,0.00,3,96,96,1,0,4.7,96,90,6.5,9.7,1,3600.00,1011.5,998.2
2021-06-16T19:00,28.5,0.00,57,19.2,31.3,0.00,0.00,0.00,3,95,95,1,0,4.3,108,95,11.4,10.4,1,3600.00,1011.3,997.9
2021-06-16T20:00,25.5,0.00,62,17.8,27.5,0.00,0.00,0.00,3,96,96,1,0,5.9,120,104,14.5,12.2,1,0.00,1011.6,998.1
2021-06-16T21:00,23.9,0.00,63,16.4,25.0,0.00,0.00,0.00,2,66,64,4,0,7.7,123,101,17.7,15.5,0,0.00,1012.3,998.7
2021-06-16T22:00,23.3,0.00,61,15.3,23.4,0.00,0.00,0.00,1,23,22,2,0,11.0,119,101,23.5,22.0,0,0.00,1012.7,999.0
2021-06-16T23:00,22.9,0.00,59,14.6,22.7,0.00,0.00,0.00,3,80,80,1,0,12.1,122,107,26.2,24.8,0,0.00,1012.8,999.1
2021-06-17T00:00,22.4,0.00,59,14.1,22.0,0.00,0.00,0.00,3,83,83,0,0,12.3,120,105,25.8,25.6,0,0.00,1012.7,999.0
2021-06-17T01:00,22.1,0.00,58,13.5,21.1,0.00,0.00,0.00,2,62,86,0,0,13.9,118,107,28.7,25.9,0,0.00,1012.5,998.8
2021-06-17T02:00,21.2,0.00,60,13.0,19.9,0.00,0.00,0.00,2,70,70,0,0,15.5,116,108,31.2,32.0,0,0.00,1012.2,998.5
2021-06-17T03:00,20.6,0.00,60,12.6,19.2,0.00,0.00,0.00,1,40,40,0,0,15.3,113,105,31.0,32.4,0,0.00,1011.9,998.1
2021-06-17T04:00,19.9,0.00,62,12.4,18.6,0.00,0.00,0.00,0,19,19,0,0,13.6,116,107,28.8,31.3,0,0.00,1012.2,998.4
2021-06-17T05:00,19.6,0.00,64,12.5,18.4,0.00,0.00,0.00,1,22,22,0,0,13.6,117,107,28.2,28.1,1,0.00,1012.5,998.7
2021-06-17T06:00,20.6,0.00,63,13.3,19.8,0.00,0.00,0.00,1,39,39,0,0,13.0,115,109,26.3,27.7,1,3600.00,1012.9,999.1
2021-06-17T07:00,22.3,0.00,60,14.2,21.8,0.00,0.00,0.00,0,1,1,0,0,12.7,120,119,23.7,27.4,1,3600.00,1012.9,999.2
2021-06-17T08:00,24.2,0.00,56,14.9,24.2,0.00,0.00,0.00,0,0,0,0,0,11.5,132,131,17.1,27.4,1,3600.00,1013.3,999.7
2021-06-17T09:00,26.5,0.00,52,15.8,27.0,0.00,0.00,0.00,1,44,44,0,0,9.9,135,134,13.7,27.4,1,3600.00,1013.2,999.7
2021-06-17T10:00,28.6,0.00,47,16.2,30.6,0.00,0.00,0.00,2,69,65,12,0,6.4,165,164,8.6,24.5,1,3600.00,1013.2,999.8
2021-06-17T11:00,30.1,0.00,44,16.4,32.6,0.00,0.00,0.00,2,68,68,0,0,6.5,180,180,8.3,19.1,1,3600.00,1013.1,999.7
2021-06-17T12:00,31.3,0.00,41,16.4,34.3,0.00,0.00,0.00,2,64,64,1,0,6.5,200,199,8.4,19.8,1,3600.00,1013.0,999.7
2021-06-17T13:00,31.7,0.00,42,17.3,35.0,0.00,0.00,0.00,1,32,83,5,0,6.8,156,155,8.7,20.5,1,3600.00,1012.7,999.4
2021-06-17T14:00,32.1,0.00,39,16.5,34.8,0.00,0.00,0.00,2,64,52,25,0,6.5,182,183,8.6,22.7,1,3600.00,1012.4,999.1
2021-06-17T15:00,32.5,0.00,37,15.9,34.4,0.00,0.00,0.00,1,39,24,21,0,5.4,183,180,7.6,18.7,1,3600.00,1012.0,998.8
2021-06-17T16:00,32.6,0.00,36,15.8,33.6,0.00,0.00,0.00,2,69,63,21,0,7.7,208,208,10.6,19.4,1,3600.00,1011.9,998.7
2021-06-17T17:00,31.6,0.00,40,16.3,32.5,0.00,0.00,0.00,2,76,71,23,0,8.4,225,227,13.7,22.0,1,3600.00,1011.6,998.3
2021-06-17T18:00,30.7,0.00,48,18.5,33.2,0.00,0.00,0.00,2,60,51,20,0,4.3,220,222,8.9,20.5,1,3600.00,1011.4,998.1
2021-06-17T19:00,30.7,0.00,44,17.2,32.6,0.00,0.00,0.00,1,36,27,13,0,4.3,255,275,7.1,11.5,1,3600.00,1011.4,998.1
2021-06-17T20:00,27.7,0.00,62,19.7,30.9,0.00,0.00,0.00,0,9,0,9,0,3.6,330,45,2.9,7.2,1,3387.38,1011.5,998.1
2021-06-17T21:00,25.7,0.00,63,18.1,28.1,0.00,0.00,0.00,0,7,0,7,0,3.9,51,68,5.1,8.6,0,0.00,1012.0,998.5
2021-06-17T22:00,23.7,0.00,72,18.2,26.0,0.00,0.00,0.00,0,6,0,6,0,4.4,30,55,5.8,10.1,0,0.00,1012.3,998.7
2021-06-17T23:00,22.0,0.00,79,18.2,24.0,0.00,0.00,0.00,0,6,0,6,0,6.9,83,81,8.4,14.0,0,0.00,1012.6,998.9
2021-06-18T00:00,21.9,0.00,72,16.6,23.1,0.00,0.00,0.00,0,6,0,6,0,7.2,115,90,11.1,15.5,0,0.00,1012.7,999.0
2021-06-18T01:00,23.0,0.00,50,12.1,22.0,0.00,0.00,0.00,0,5,0,4,0,10.9,111,98,22.8,14.4,0,0.00,1012.7,999.0
2021-06-18T02:00,22.0,0.00,53,12.1,21.2,0.00,0.00,0.00,0,4,0,4,0,9.7,118,105,21.3,22.0,0,0.00,1012.5,998.8
2021-06-18T03:00,21.3,0.00,57,12.4,20.8,0.00,0.00,0.00,0,8,0,8,0,8.1,120,111,20.8,20.5,0,0.00,1012.3,998.6
2021-06-18T04:00,20.0,0.00,64,13.0,20.1,0.00,0.00,0.00,1,32,0,32,0,5.7,171,198,15.7,16.6,0,0.00,1013.1,999.3
2021-06-18T05:00,19.8,0.00,69,13.9,20.2,0.00,0.00,0.00,0,2,0,2,0,5.8,45,68,5.1,13.3,1,0.00,1013.6,999.8
2021-06-18T06:00,20.5,0.00,73,15.4,21.6,0.00,0.00,0.00,0,2,0,2,0,4.5,233,151,7.7,12.2,1,3600.00,1014.0,1000.2
2021-06-18T07:00,23.0,0.00,69,16.9,24.8,0.00,0.00,0.00,0,6,0,6,0,4.2,230,211,8.4,12.2,1,3600.00,1014.2,1000.5
2021-06-18T08:00,25.1,0.00,65,18.0,27.5,0.00,0.00,0.00,0,9,0,9,0,3.3,318,319,4.8,13.0,1,3600.00,1013.8,1000.2
2021-06-18T09:00,26.7,0.00,62,18.9,29.4,0.00,0.00,0.00,0,15,0,14,0,4.2,333,329,5.6,15.1,1,3600.00,1013.5,1000.0
2021-06-18T10:00,28.3,0.00,59,19.4,31.9,0.00,0.00,0.00,1,30,1,29,0,2.5,354,352,3.6,15.5,1,3600.00,1013.5,1000.1
2021-06-18T11:00,29.5,0.00,54,19.3,33.6,0.00,0.00,0.00,0,12,1,12,0,1.0,45,45,1.5,13.3,1,3600.00,1013.3,999.9
2021-06-18T12:00,31.0,0.00,48,18.6,35.8,0.00,0.00,0.00,0,5,0,5,0,0.7,153,180,0.8,11.5,1,3600.00,1012.9,999.6
2021-06-18T13:00,32.7,0.00,35,15.4,35.3,0.00,0.00,0.00,0,18,46,18,0,6.6,245,248,7.6,18.4,1,3600.00,1012.5,999.3
2021-06-18T14:00,30.8,0.10,42,16.5,33.5,0.10,0.00,0.00,51,84,75,46,0,3.6,270,270,4.7,28.8,1,3600.00,1012.9,999.6
2021-06-18T15:00,31.5,0.00,40,16.2,33.6,0.00,0.00,0.00,2,60,52,19,0,1.1,360,360,1.1,13.3,1,3600.00,1012.4,999.1
2021-06-18T16:00,31.9,0.00,39,16.4,34.2,0.00,0.00,0.00,2,59,55,10,0,0.0,270,270,0.0,9.4,1,3600.00,1011.9,998.6
2021-06-18T17:00,31.9,0.00,39,16.4,33.8,0.00,0.00,0.00,3,87,84,24,0,2.6,238,236,3.4,8.6,1,3600.00,1011.7,998.4
2021-06-18T18:00,31.0,0.00,46,18.0,33.2,0.00,0.00,0.00,3,94,93,20,0,4.1,251,255,8.8,12.6,1,3600.00,1011.9,998.6
2021-06-18T19:00,29.2,0.00,55,19.1,31.8,0.00,0.00,0.00,3,82,80,15,0,5.2,254,258,12.8,11.2,1,2401.01,1012.2,998.8
2021-06-18T20:00,27.3,0.00,60,18.8,29.5,0.00,0.00,0.00,3,93,93,8,0,6.7,259,254,12.8,11.2,1,1274.88,1012.5,999.0
2021-06-18T21:00,26.5,0.00,53,16.2,27.5,0.00,0.00,0.00,2,76,75,5,0,7.5,252,235,19.4,14.4,0,0.00,1013.2,999.7
2021-06-18T22:00,25.1,0.00,62,17.2,26.7,0.00,0.00,0.00,3,83,82,5,0,6.5,277,267,18.8,15.8,0,0.00,1013.8,1000.2
2021-06-18T23:00,23.3,0.00,74,18.4,25.3,0.00,0.00,0.00,3,80,78,9,0,8.0,280,265,13.9,13.7,0,0.00,1013.9,1000.2
2021-06-19T00:00,22.6,0.00,77,18.3,24.7,0.00,0.00,0.00,2,76,74,8,0,6.9,267,227,12.6,13.3,0,0.00,1014.2,1000.5
2021-06-19T01:00,22.5,0.00,78,18.5,24.8,0.00,0.00,0.00,3,89,74,33,0,5.6,193,135,8.1,12.2,0,0.00,1014.3,1000.6
2021-06-19T02:00,22.6,0.00,73,17.4,24.5,0.00,0.00,0.00,3,86,79,46,0,5.2,228,205,14.0,10.8,0,0.00,1014.7,1001.0
2021-06-19T03:00,22.3,0.00,73,17.3,24.0,0.00,0.00,0.00,1,48,40,22,0,5.6,225,195,14.8,11.9,0,0.00,1014.6,1000.9
2021-06-19T04:00,21.5,0.00,78,17.5,23.5,0.00,0.00,0.00,0,8,3,5,0,4.8,252,228,13.7,11.9,0,0.00,1014.8,1001.0
2021-06-19T05:00,21.0,0.00,83,18.0,23.4,0.00,0.00,0.00,0,11,5,7,0,3.9,264,214,10.1,10.8,1,0.00,1015.3,1001.5
2021-06-19T06:00,22.3,0.00,78,18.3,24.6,0.00,0.00,0.00,1,40,38,4,0,4.8,260,228,9.9,11.9,1,3600.00,1016.0,1002.2
2021-06-19T07:00,23.6,0.00,71,18.0,26.3,0.00,0.00,0.00,1,49,47,3,0,1.3,315,304,2.5,11.5,1,3600.00,1016.1,1002.4
2021-06-19T08:00,25.0,0.00,65,18.0,27.6,0.00,0.00,0.00,0,5,1,4,0,1.8,7,360,2.9,11.2,1,3600.00,1016.0,1002.4
2021-06-19T09:00,26.5,0.00,59,17.9,29.3,0.00,0.00,0.00,2,72,72,1,0,0.5,225,225,0.5,10.8,1,3600.00,1015.7,1002.1
2021-06-19T10:00,28.0,0.00,54,17.7,31.3,0.00,0.00,0.00,2,67,67,0,0,1.1,166,180,1.5,11.9,1,3600.00,1014.9,1001.4
2021-06-19T11:00,29.3,0.00,49,17.5,33.1,0.00,0.00,0.00,0,0,0,0,0,2.2,90,90,2.5,13.0,1,3600.00,1014.3,1000.9
2021-06-19T12:00,30.4,0.00,45,17.2,34.3,0.00,0.00,0.00,2,78,74,1,0,3.6,129,135,4.6,16.9,1,3600.00,1014.0,1000.6
2021-06-19T13:00,31.1,0.00,42,16.8,34.1,0.00,0.00,0.00,1,38,98,9,0,6.7,142,144,8.7,20.2,1,3600.00,1013.2,999.9
2021-06-19T14:00,31.8,0.00,38,15.7,33.5,0.00,0.00,0.00,3,82,80,15,0,8.0,156,153,10.6,24.5,1,3600.00,1012.6,999.3
2021-06-19T15:00,31.9,0.00,38,15.9,33.0,0.00,0.00,0.00,3,83,81,12,0,7.7,155,152,10.3,24.5,1,3600.00,1012.1,998.8
2021-06-19T16:00,32.0,0.00,36,15.2,32.4,0.00,0.00,0.00,2,71,56,46,0,11.9,166,166,16.0,27.7,1,3600.00,1011.5,998.2
2021-06-19T17:00,30.8,0.00,39,15.4,31.5,0.00,0.00,0.00,3,91,90,22,0,7.2,154,153,11.6,28.4,1,3600.00,1011.3,998.0
2021-06-19T18:00,30.1,0.00,43,16.2,31.0,0.00,0.00,0.00,3,88,87,12,0,8.5,121,118,15.5,21.6,1,3600.00,1010.8,997.5
2021-06-19T19:00,29.0,0.00,54,18.7,31.4,0.00,0.00,0.00,3,95,95,1,0,5.5,110,113,13.8,20.5,1,3600.00,1010.7,997.3
2021-06-19T20:00,27.3,0.00,58,18.2,29.1,0.00,0.00,0.00,3,99,99,3,0,8.1,107,103,18.8,16.9,1,0.00,1010.8,997.3
2021-06-19T21:00,26.1,0.00,60,17.8,27.5,0.00,0.00,0.00,3,98,98,4,0,10.1,101,92,22.0,20.5,0,0.00,1010.6,997.1
2021-06-19T22:00,26.0,0.00,58,17.0,27.0,0.00,0.00,0.00,3,100,100,6,0,9.6,106,110,23.6,25.2,0,0.00,1010.3,996.8
2021-06-19T23:00,21.6,1.90,84,18.8,23.0,1.90,0.00,0.00,61,100,100,95,1,12.7,185,165,23.9,41.0,0,0.00,1012.3,998.6
2021-06-20T00:00,21.1,0.00,87,18.9,23.3,0.00,0.00,0.00,3,100,100,8,2,7.2,131,143,15.8,29.2,0,0.00,1011.4,997.7
2021-06-20T01:00,25.0,0.00,68,18.6,25.1,0.00,0.00,0.00,3,100,100,13,0,20.6,158,147,41.2,15.5,0,0.00,1008.1,994.6
2021-06-20T02:00,25.6,0.00,63,18.0,26.1,0.00,0.00,0.00,3,100,100,16,4,16.5,200,196,31.8,43.6,0,0.00,1009.1,995.6
2021-06-20T03:00,24.2,0.00,71,18.6,25.1,0.00,0.00,0.00,3,99,96,71,2,15.7,243,238,28.7,37.1,0,0.00,1010.2,996.6
2021-06-20T04:00,23.0,0.10,75,18.4,23.9,0.10,0.00,0.00,51,99,96,95,1,14.8,240,241,26.6,34.6,0,0.00,1011.1,997.4
2021-06-20T05:00,22.4,0.00,73,17.2,23.3,0.00,0.00,0.00,3,97,74,94,0,11.5,239,238,20.5,33.1,1,0.00,1011.7,998.0
2021-06-20T06:00,22.3,0.00,69,16.4,23.1,0.00,0.00,0.00,3,94,94,7,0,10.0,254,255,19.1,26.3,1,0.00,1011.6,997.9
2021-06-20T07:00,23.0,0.00,62,15.5,23.1,0.00,0.00,0.00,3,95,94,17,0,12.1,254,253,18.0,27.4,1,3600.00,1011.9,998.2
2021-06-20T08:00,23.7,0.00,58,15.0,24.1,0.00,0.00,0.00,3,95,93,29,0,8.1,228,225,11.2,27.7,1,3600.00,1012.1,998.5
2021-06-20T09:00,24.9,0.00,52,14.4,25.0,0.00,0.00,0.00,3,100,100,41,0,9.2,208,206,12.2,24.5,1,3600.00,1012.0,998.4
2021-06-20T10:00,25.6,0.00,47,13.6,25.8,0.00,0.00,0.00,3,97,97,7,0,6.8,213,212,8.6,24.8,1,3600.00,1011.2,997.7
2021-06-20T11:00,26.8,0.00,43,13.2,27.2,0.00,0.00,0.00,3,98,97,10,1,9.7,199,202,13.0,26.6,1,3600.00,1011.3,997.8
2021-06-20T12:00,27.8,0.00,40,13.2,29.0,0.00,0.00,0.00,3,94,88,68,0,8.5,193,192,11.1,26.3,1,3600.00,1010.6,997.2
2021-06-20T13:00,26.9,0.00,51,16.0,27.5,0.00,0.00,0.00,3,93,99,15,25,12.3,148,148,17.0,39.6,1,3600.00,1010.1,996.6
2021-06-20T14:00,26.9,0.00,53,16.6,28.0,0.00,0.00,0.00,3,92,90,18,0,8.5,129,126,11.5,28.1,1,1868.30,1009.0,995.6
2021-06-20T15:00,28.8,0.00,48,16.5,30.6,0.00,0.00,0.00,3,100,100,13,0,8.8,129,125,12.0,27.0,1,3600.00,1007.7,994.4
2021-06-20T16:00,29.0,0.00,46,16.3,29.7,0.00,0.00,0.00,3,99,99,7,0,10.2,124,122,14.3,24.5,1,3600.00,1006.8,993.5
2021-06-20T17:00,28.7,0.00,48,16.7,29.2,0.00,0.00,0.00,3,100,100,2,0,12.7,117,115,18.2,28.8,1,3600.00,1006.1,992.8
2021-06-20T18:00,28.0,0.00,53,17.4,28.9,0.00,0.00,0.00,3,100,100,0,0,11.8,111,110,18.1,29.2,1,3083.39,1005.7,992.3
2021-06-20T19:00,26.8,0.00,58,18.0,28.6,0.00,0.00,0.00,3,100,100,6,0,7.3,104,99,16.3,26.3,1,0.00,1005.1,991.7
2021-06-20T20:00,25.5,0.00,62,17.7,27.2,0.00,0.00,0.00,3,100,100,59,0,7.2,99,84,15.7,16.6,1,0.00,1005.2,991.7
2021-06-20T21:00,24.7,0.20,64,17.4,25.5,0.20,0.00,0.00,51,100,100,81,0,12.6,103,95,24.8,27.0,0,0.00,1005.0,991.5
2021-06-20T22:00,23.5,0.50,73,18.3,25.4,0.50,0.00,0.00,53,100,100,52,12,7.2,156,186,15.3,26.6,0,0.00,1005.8,992.2
2021-06-20T23:00,21.1,2.50,92,19.7,23.7,2.50,0.00,0.00,63,99,98,92,40,7.6,220,211,16.4,25.6,0,0.00,1006.5,992.8
2021-06-21T00:00,20.8,2.50,93,19.7,24.0,2.50,0.00,0.00,63,100,99,56,100,3.3,153,139,4.8,23.0,0,0.00,1006.6,992.9
2021-06-21T01:00,18.6,1.40,90,17.0,18.6,1.40,0.00,0.00,61,100,89,97,2,16.9,144,130,27.3,15.5,0,0.00,1007.1,993.3
2021-06-21T02:00,18.8,0.00,89,16.9,19.3,0.00,0.00,0.00,3,91,80,73,2,12.6,177,167,24.9,34.2,0,0.00,1007.0,993.2
2021-06-21T03:00,18.8,0.00,89,16.9,19.5,0.00,0.00,0.00,3,100,37,8,100,12.3,209,201,23.0,27.4,0,0.00,1007.3,993.5
2021-06-21T04:00,18.8,0.00,87,16.5,19.0,0.00,0.00,0.00,1,24,11,6,14,14.0,215,209,25.6,30.6,0,0.00,1007.5,993.7
2021-06-21T05:00,18.2,0.00,87,16.0,18.1,0.00,0.00,0.00,1,25,18,9,1,14.3,221,219,26.3,31.3,1,0.00,1007.8,994.0
2021-06-21T06:00,18.6,0.00,86,16.3,19.1,0.00,0.00,0.00,2,60,56,10,1,11.2,220,213,22.5,31.3,1,3600.00,1007.9,994.1
2021-06-21T07:00,19.5,0.00,83,16.5,19.9,0.00,0.00,0.00,3,98,98,1,1,12.4,214,210,19.2,29.2,1,3600.00,1008.1,994.3
2021-06-21T08:00,20.4,0.00,79,16.6,20.7,0.00,0.00,0.00,1,23,22,0,1,13.7,207,203,19.8,31.7,1,3600.00,1008.2,994.5
2021-06-21T09:00,22.3,0.00,68,16.1,22.2,0.00,0.00,0.00,0,15,2,0,13,15.3,210,210,21.3,36.0,1,3600.00,1008.1,994.5
2021-06-21T10:00,23.8,0.00,58,15.2,23.5,0.00,0.00,0.00,1,31,0,0,31,17.8,223,223,24.7,41.4,1,3600.00,1008.1,994.5
2021-06-21T11:00,24.8,0.00,53,14.5,24.8,0.00,0.00,0.00,1,23,0,0,23,16.3,226,225,22.7,41.4,1,3600.00,1008.0,994.5
2021-06-21T12:00,25.8,0.00,47,13.7,25.9,0.00,0.00,0.00,1,23,0,3,22,16.1,231,231,22.5,39.6,1,3600.00,1008.1,994.6
2021-06-21T13:00,23.3,0.00,65,16.5,26.0,0.00,0.00,0.00,1,23,9,6,81,9.1,253,252,12.1,38.5,1,3600.00,1009.1,995.5
2021-06-21T14:00,24.5,0.00,60,16.3,26.4,0.00,0.00,0.00,2,53,29,16,31,5.2,288,295,6.8,30.6,1,3600.00,1008.6,995.0
2021-06-21T15:00,25.5,0.00,57,16.4,28.0,0.00,0.00,0.00,2,57,49,15,7,2.5,264,262,3.6,29.5,1,3600.00,1008.4,994.9
2021-06-21T16:00,25.6,0.00,53,15.4,26.9,0.00,0.00,0.00,3,90,86,27,7,4.2,248,250,5.8,24.5,1,3600.00,1007.9,994.4
2021-06-21T17:00,25.4,0.00,51,14.7,26.3,0.00,0.00,0.00,3,84,84,4,1,4.4,260,261,6.2,15.1,1,3600.00,1007.5,994.0
2021-06-21T18:00,25.4,0.00,51,14.6,26.4,0.00,0.00,0.00,3,87,87,0,0,2.9,270,270,4.0,12.6,1,3600.00,1007.5,994.0
2021-06-21T19:00,25.2,0.00,54,15.3,26.6,0.00,0.00,0.00,3,94,93,0,6,2.1,297,301,3.2,7.9,1,3600.00,1008.1,994.6
2021-06-21T20:00,23.0,0.00,70,17.2,24.8,0.00,0.00,0.00,3,93,92,3,15,4.6,353,18,5.8,6.5,1,2071.40,1008.5,994.9
2021-06-21T21:00,22.3,0.00,63,14.8,22.7,0.00,0.00,0.00,3,97,97,1,19,8.0,356,355,17.7,14.4,0,0.00,1009.3,995.6
2021-06-21T22:00,20.9,0.00,70,15.3,20.7,0.00,0.00,0.00,3,99,99,74,14,13.7,8,360,24.7,28.4,0,0.00,1010.1,996.4
2021-06-21T23:00,20.1,0.00,72,14.8,20.0,0.00,0.00,0.00,3,99,99,34,0,11.9,30,25,22.1,28.1,0,0.00,1010.0,996.2
2021-06-22T00:00,18.8,0.00,75,14.3,19.1,0.00,0.00,0.00,3,84,77,42,0,7.3,43,33,15.8,24.8,0,0.00,1010.2,996.4
2021-06-22T01:00,18.6,0.00,87,16.4,19.7,0.00,0.00,0.00,1,37,100,81,8,7.6,19,355,13.0,15.1,0,0.00,1011.1,997.2
2021-06-22T02:00,17.8,0.00,90,16.1,18.9,0.00,0.00,0.00,1,25,23,3,5,6.3,11,347,12.8,16.9,0,0.00,1010.8,996.9
2021-06-22T03:00,16.4,0.00,94,15.5,17.6,0.00,0.00,0.00,2,78,75,15,9,4.7,15,351,10.8,12.6,0,0.00,1010.9,996.9
2021-06-22T04:00,16.2,0.00,95,15.4,17.4,0.00,0.00,0.00,3,86,83,25,11,4.3,27,5,10.1,9.7,0,0.00,1011.2,997.2
2021-06-22T05:00,16.3,0.00,95,15.4,17.3,0.00,0.00,0.00,3,95,19,94,3,5.8,21,356,11.2,11.9,1,0.00,1011.0,997.0
2021-06-22T06:00,16.8,0.00,92,15.6,18.0,0.00,0.00,0.00,1,30,14,20,10,4.7,12,351,7.0,20.5,1,725.50,1011.5,997.6
2021-06-22T07:00,18.0,0.20,88,15.9,19.6,0.20,0.00,0.00,51,91,79,73,26,2.9,45,30,4.1,19.1,1,3600.00,1011.9,998.0
2021-06-22T08:00,19.0,0.00,84,16.3,20.7,0.00,0.00,0.00,3,100,74,98,100,3.1,66,54,4.3,11.5,1,3600.00,1012.0,998.2
2021-06-22T09:00,19.9,0.10,80,16.4,21.7,0.10,0.00,0.00,51,97,40,93,79,2.7,114,113,4.3,11.9,1,0.00,1012.1,998.3
2021-06-22T10:00,20.8,0.30,79,17.1,23.3,0.30,0.00,0.00,51,90,78,59,43,0.0,90,270,0.4,15.5,1,1332.70,1012.2,998.4
2021-06-22T11:00,21.6,0.30,78,17.6,23.9,0.30,0.00,0.00,51,100,72,86,100,3.1,349,339,3.7,18.7,1,2621.38,1012.2,998.5
2021-06-22T12:00,21.0,0.30,79,17.3,22.8,0.30,0.00,0.00,51,100,94,96,94,5.8,8,4,7.6,19.1,1,1169.81,1012.2,998.4
2021-06-22T13:00,19.0,0.30,83,16.1,20.6,0.30,0.00,0.00,51,100,73,100,11,3.3,318,319,4.3,17.3,1,0.00,1013.6,999.7
2021-06-22T14:00,19.5,0.90,84,16.7,21.0,0.90,0.00,0.00,53,100,83,100,36,5.2,298,295,6.9,16.9,1,393.51,1013.6,999.7
2021-06-22T15:00,18.9,1.80,87,16.6,20.4,1.80,0.00,0.00,61,94,18,94,0,5.0,20,21,7.3,15.5,1,0.00,1013.8,999.9
2021-06-22T16:00,20.3,0.10,77,16.2,22.1,0.10,0.00,0.00,51,37,9,17,26,2.5,13,8,3.3,17.3,1,3600.00,1014.1,1000.3
2021-06-22T17:00,21.0,0.00,71,15.5,22.3,0.00,0.00,0.00,2,70,43,8,49,3.8,321,319,4.6,12.6,1,3600.00,1014.1,1000.3
2021-06-22T18:00,20.8,0.00,71,15.4,21.9,0.00,0.00,0.00,2,68,56,22,17,4.4,330,325,5.8,15.1,1,3600.00,1014.2,1000.4
2021-06-22T19:00,20.3,0.00,75,15.6,21.4,0.00,0.00,0.00,2,53,44,18,19,5.6,19,15,8.8,12.2,1,3600.00,1014.6,1000.8
2021-06-22T20:00,19.0,0.00,85,16.3,20.6,0.00,0.00,0.00,2,59,40,26,19,3.8,50,41,9.4,13.0,1,2471.67,1015.0,1001.1
2021-06-22T21:00,18.0,0.00,91,16.4,19.5,0.00,0.00,0.00,1,43,28,16,10,4.8,70,48,5.4,7.6,0,0.00,1015.4,1001.5
2021-06-22T22:00,16.8,0.00,94,15.7,17.9,0.00,0.00,0.00,1,31,27,7,1,5.3,73,62,6.0,7.9,0,0.00,1015.6,1001.6
2021-06-22T23:00,16.2,0.00,94,15.3,17.4,0.00,0.00,0.00,3,88,87,6,0,4.2,72,70,7.2,8.6,0,0.00,1015.8,1001.8
2021-06-23T00:00,16.0,0.00,94,15.0,16.9,0.00,0.00,0.00,3,93,93,3,2,5.0,75,69,8.6,9.4,0,0.00,1016.1,1002.0
2021-06-23T01:00,16.7,0.00,96,16.1,18.2,0.00,0.00,0.00,3,95,100,15,39,3.8,56,41,9.1,10.1,0,0.00,1016.5,1002.5
2021-06-23T02:00,16.5,0.30,96,15.9,18.1,0.30,0.00,0.00,51,100,100,41,44,3.1,85,45,7.6,12.2,0,0.00,1016.8,1002.8
2021-06-23T03:00,16.6,0.00,96,15.9,18.1,0.00,0.00,0.00,3,100,100,17,30,3.4,56,18,7.8,6.5,0,0.00,1016.7,1002.7
2021-06-23T04:00,16.3,0.30,95,15.6,17.6,0.30,0.00,0.00,51,98,98,4,43,3.9,51,22,9.7,8.6,0,0.00,1016.8,1002.8
2021-06-23T05:00,16.6,0.00,94,15.7,18.3,0.00,0.00,0.00,3,89,87,5,33,2.0,37,315,3.6,7.9,1,0.00,1017.1,1003.1
2021-06-23T06:00,17.0,0.00,94,16.0,18.0,0.00,0.00,0.00,3,100,79,15,100,6.9,317,309,9.4,14.4,1,0.00,1017.5,1003.5
2021-06-23T07:00,17.6,0.00,91,16.1,18.7,0.00,0.00,0.00,3,100,5,16,100,6.5,329,326,8.4,17.3,1,2095.34,1018.0,1004.0
2021-06-23T08:00,18.5,0.00,87,16.3,20.0,0.00,0.00,0.00,3,100,0,7,100,4.7,10,4,6.2,16.6,1,2615.86,1018.3,1004.3
2021-06-23T09:00,19.8,0.00,82,16.6,21.9,0.00,0.00,0.00,3,100,0,3,100,1.3,333,326,1.6,15.1,1,3600.00,1018.4,1004.5
2021-06-23T10:00,20.7,0.00,82,17.4,22.7,0.00,0.00,0.00,3,97,3,5,97,3.9,309,304,4.6,18.4,1,3600.00,1018.3,1004.4
2021-06-23T11:00,21.5,0.00,80,17.9,23.7,0.00,0.00,0.00,3,94,16,4,93,5.6,319,315,7.1,18.7,1,3600.00,1018.2,1004.4
2021-06-23T12:00,22.3,0.00,71,16.7,23.8,0.00,0.00,0.00,1,30,20,5,18,7.9,318,317,10.2,22.7,1,3600.00,1017.8,1004.0
2021-06-23T13:00,22.0,0.10,75,17.3,24.1,0.10,0.00,0.00,51,81,44,14,0,6.9,40,39,8.9,25.9,1,3600.00,1018.0,1004.2
2021-06-23T14:00,23.4,0.00,66,16.8,26.5,0.00,0.00,0.00,2,63,60,12,2,2.5,360,360,3.2,19.4,1,3600.00,1017.5,1003.8
2021-06-23T15:00,24.2,0.00,64,16.9,26.9,0.00,0.00,0.00,2,79,74,17,15,2.4,304,297,2.6,18.7,1,3600.00,1017.2,1003.5
2021-06-23T16:00,23.8,0.20,65,16.8,25.3,0.20,0.00,0.00,51,90,83,40,13,5.6,311,310,7.1,20.5,1,3600.00,1016.9,1003.2
2021-06-23T17:00,22.6,0.00,70,16.8,23.4,0.00,0.00,0.00,3,100,100,25,9,10.7,13,14,14.8,25.2,1,3600.00,1016.8,1003.1
2021-06-23T18:00,22.1,0.00,72,16.8,23.0,0.00,0.00,0.00,3,98,98,18,5,10.1,3,360,14.4,24.8,1,3600.00,1017.2,1003.4
2021-06-23T19:00,20.3,1.30,80,16.8,21.4,1.30,0.00,0.00,61,98,98,24,0,8.9,26,21,16.4,23.4,1,0.00,1017.5,1003.6
2021-06-23T20:00,19.4,0.00,86,17.0,21.3,0.00,0.00,0.00,3,100,100,19,2,3.7,32,11,10.2,18.0,1,0.00,1017.3,1003.4
2021-06-23T21:00,18.5,0.00,90,16.9,20.0,0.00,0.00,0.00,3,100,100,8,6,6.5,7,354,15.2,13.0,0,0.00,1017.5,1003.6
2021-06-23T22:00,18.1,0.00,92,16.8,19.7,0.00,0.00,0.00,3,100,100,24,16,5.8,14,4,15.2,13.7,0,0.00,1017.7,1003.7
2021-06-23T23:00,17.7,0.10,93,16.6,19.2,0.10,0.00,0.00,51,100,100,21,28,5.5,4,349,14.1,12.6,0,0.00,1017.8,1003.8
2021-06-24T00:00,17.7,0.10,94,16.6,19.0,0.10,0.00,0.00,51,100,100,27,20,6.7,353,344,15.2,13.7,0,0.00,1017.7,1003.7
2021-06-24T01:00,17.9,0.10,90,16.1,19.0,0.10,0.00,0.00,51,100,100,79,7,6.5,70,56,11.8,14.4,0,0.00,1018.1,1004.1
2021-06-24T02:00,17.6,1.00,93,16.4,18.8,1.00,0.00,0.00,55,100,100,85,2,7.4,108,104,17.8,17.6,0,0.00,1017.7,1003.7
2021-06-24T03:00,17.2,0.80,95,16.5,18.9,0.80,0.00,0.00,53,100,100,98,4,3.7,162,151,10.6,16.2,0,0.00,1017.9,1003.9
2021-06-24T04:00,17.3,1.00,96,16.7,19.3,1.00,0.00,0.00,55,100,100,100,1,2.5,172,135,5.4,7.9,0,0.00,1017.6,1003.6
2021-06-24T05:00,17.0,0.40,97,16.6,19.0,0.40,0.00,0.00,51,100,100,100,2,2.3,56,51,1.3,5.8,1,0.00,1017.3,1003.3
2021-06-24T06:00,17.3,0.40,96,16.6,19.0,0.40,0.00,0.00,51,100,100,99,0,4.1,56,52,7.8,7.6,1,0.00,1017.2,1003.2
2021-06-24T07:00,18.1,0.20,92,16.8,19.8,0.20,0.00,0.00,51,99,98,80,0,4.3,57,42,8.6,10.4,1,0.00,1017.0,1003.0
2021-06-24T08:00,18.8,0.10,88,16.8,20.7,0.10,0.00,0.00,51,100,100,100,0,3.0,94,104,4.7,10.8,1,0.00,1017.4,1003.5
2021-06-24T09:00,18.0,1.20,92,16.7,19.5,1.20,0.00,0.00,55,99,95,93,32,6.0,161,163,9.9,12.6,1,0.00,1017.6,1003.6
2021-06-24T10:00,18.3,1.00,90,16.5,20.0,1.00,0.00,0.00,55,87,69,59,19,3.4,146,148,5.2,14.4,1,0.00,1017.8,1003.8
2021-06-24T11:00,20.0,0.30,86,17.7,22.6,0.30,0.00,0.00,51,75,43,59,38,1.4,99,90,2.2,13.3,1,3600.00,1017.9,1004.0
2021-06-24T12:00,21.0,0.50,85,18.3,23.8,0.50,0.00,0.00,53,88,48,45,77,4.0,360,355,5.0,17.3,1,3600.00,1017.5,1003.7
2021-06-24T13:00,20.8,0.40,71,15.2,21.6,0.40,0.00,0.00,51,86,98,100,65,6.3,68,59,8.6,21.6,1,3600.00,1017.4,1003.6
2021-06-24T14:00,19.5,2.40,81,16.2,21.4,2.40,0.00,0.00,61,96,91,35,64,1.5,351,315,2.2,23.0,1,0.00,1017.3,1003.4
2021-06-24T15:00,19.4,5.30,79,15.6,20.8,5.30,0.00,0.00,63,100,100,10,38,3.3,18,13,4.6,22.0,1,189.03,1017.0,1003.1
2021-06-24T16:00,19.2,0.20,80,15.7,20.4,0.20,0.00,0.00,51,100,100,30,31,5.1,328,315,6.8,13.0,1,0.00,1017.0,1003.1
2021-06-24T17:00,19.3,0.10,80,15.7,20.0,0.10,0.00,0.00,51,100,100,24,34,8.4,323,317,11.3,19.1,1,67.52,1016.8,1002.9
2021-06-24T18:00,19.3,0.00,78,15.4,20.0,0.00,0.00,0.00,3,99,99,14,31,7.7,326,319,10.9,20.9,1,2998.53,1017.2,1003.3
2021-06-24T19:00,18.5,0.70,81,15.1,19.0,0.70,0.00,0.00,53,94,90,29,54,8.3,312,304,13.0,18.4,1,3600.00,1017.5,1003.5
2021-06-24T20:00,17.7,0.20,88,15.6,18.5,0.20,0.00,0.00,51,88,76,38,46,7.3,302,290,14.1,18.0,1,0.00,1017.7,1003.7
2021-06-24T21:00,17.1,0.10,91,15.7,18.1,0.10,0.00,0.00,51,94,84,59,36,6.3,315,301,13.2,15.5,0,0.00,1018.2,1004.2
2021-06-24T22:00,16.8,0.00,93,15.7,18.1,0.00,0.00,0.00,3,98,92,77,26,4.7,315,302,11.2,13.3,0,0.00,1018.3,1004.3
2021-06-24T23:00,16.5,0.00,95,15.7,17.9,0.00,0.00,0.00,3,94,12,92,25,3.6,296,276,9.2,10.1,0,0.00,1018.5,1004.4
2021-06-25T00:00,16.3,0.10,96,15.6,17.4,0.10,0.00,0.00,51,100,3,100,38,5.0,264,249,10.9,10.4,0,0.00,1018.5,1004.4
2021-06-25T01:00,16.7,0.80,94,15.8,17.8,0.80,0.00,0.00,53,99,91,100,60,5.5,291,281,12.0,13.7,0,0.00,1018.8,1004.7
2021-06-25T02:00,16.4,0.40,90,14.8,16.9,0.40,0.00,0.00,51,100,94,98,22,7.2,256,252,14.8,16.2,0,0.00,1018.7,1004.6
2021-06-25T03:00,16.1,0.30,94,15.2,16.8,0.30,0.00,0.00,51,98,92,90,32,7.3,253,250,13.2,15.8,0,0.00,1018.6,1004.5
2021-06-25T04:00,15.8,0.40,96,15.2,16.5,0.40,0.00,0.00,51,100,75,100,43,7.1,254,246,13.1,15.5,0,0.00,1018.5,1004.4
2021-06-25T05:00,15.9,0.50,95,15.0,16.6,0.50,0.00,0.00,53,100,78,100,53,6.6,268,257,11.5,15.1,1,0.00,1018.4,1004.3
2021-06-25T06:00,16.0,0.60,95,15.2,16.9,0.60,0.00,0.00,53,100,52,100,37,5.8,279,270,10.9,13.7,1,0.00,1018.6,1004.5
2021-06-25T07:00,16.2,0.30,95,15.3,16.8,0.30,0.00,0.00,51,100,60,100,76,8.1,297,291,13.4,17.6,1,0.00,1018.8,1004.7
2021-06-25T08:00,16.5,0.10,92,15.2,16.9,0.10,0.00,0.00,51,100,87,99,33,8.7,303,300,12.5,19.4,1,0.00,1019.0,1004.9
2021-06-25T09:00,16.8,0.10,90,15.2,17.3,0.10,0.00,0.00,51,100,90,99,42,8.8,306,305,12.4,21.2,1,0.00,1019.4,1005.3
2021-06-25T10:00,17.2,0.00,89,15.4,17.8,0.00,0.00,0.00,3,99,55,97,67,7.7,303,298,11.2,21.2,1,0.00,1019.4,1005.4
2021-06-25T11:00,17.9,0.10,87,15.6,18.7,0.10,0.00,0.00,51,97,70,91,72,7.2,300,297,10.0,20.5,1,0.00,1019.5,1005.5
2021-06-25T12:00,19.3,0.10,80,15.8,20.2,0.10,0.00,0.00,51,97,94,39,26,7.3,283,281,9.6,22.0,1,3600.00,1019.2,1005.3
2021-06-25T13:00,20.5,0.10,75,15.8,21.1,0.10,0.00,0.00,51,96,1,63,74,9.8,309,306,12.5,24.8,1,3600.00,1018.8,1004.9
2021-06-25T14:00,19.9,0.50,72,14.7,20.0,0.50,0.00,0.00,53,73,2,70,23,9.4,267,263,12.6,24.8,1,3409.77,1018.8,1004.9
2021-06-25T15:00,20.6,0.00,72,15.5,21.0,0.00,0.00,0.00,2,79,42,68,12,10.0,246,244,13.4,25.6,1,3600.00,1018.8,1004.9
2021-06-25T16:00,19.5,0.90,78,15.5,19.7,0.90,0.00,0.00,53,71,58,40,12,11.7,237,236,15.4,27.7,1,3600.00,1018.7,1004.8
2021-06-25T17:00,19.7,0.10,74,14.9,20.4,0.10,0.00,0.00,51,80,36,72,15,6.0,245,245,8.4,27.7,1,3600.00,1018.4,1004.5
2021-06-25T18:00,20.0,0.00,69,14.0,20.5,0.00,0.00,0.00,1,42,4,35,21,5.3,243,242,8.0,16.2,1,3600.00,1018.3,1004.4
2021-06-25T19:00,19.9,0.00,70,14.3,20.8,0.00,0.00,0.00,1,35,0,29,25,3.8,234,229,8.0,13.7,1,3600.00,1018.4,1004.5
2021-06-25T20:00,18.3,0.00,79,14.5,19.1,0.00,0.00,0.00,1,30,1,20,22,4.6,218,198,10.5,9.0,1,3475.19,1018.5,1004.5
2021-06-25T21:00,17.4,0.00,79,13.7,17.6,0.00,0.00,0.00,1,39,0,12,36,6.1,207,183,15.8,12.6,0,0.00,1019.2,1005.2
2021-06-25T22:00,16.8,0.00,82,13.8,17.2,0.00,0.00,0.00,1,29,2,21,23,5.8,210,176,14.5,13.3,0,0.00,1019.4,1005.3
2021-06-25T23:00,16.0,0.00,86,13.7,16.3,0.00,0.00,0.00,1,37,0,35,24,5.4,207,172,14.5,11.9,0,0.00,1019.4,1005.3
2021-06-26T00:00,15.3,0.00,89,13.5,15.8,0.00,0.00,0.00,0,15,0,15,1,4.5,198,151,12.5,10.8,0,0.00,1019.4,1005.3
2021-06-26T01:00,14.5,0.00,89,12.8,14.8,0.00,0.00,0.00,0,7,0,7,2,3.9,207,112,5.6,9.4,0,0.00,1019.7,1005.5
2021-06-26T02:00,14.2,0.00,89,12.4,14.5,0.00,0.00,0.00,0,7,6,2,0,3.4,166,108,4.5,7.6,0,0.00,1019.6,1005.4
2021-06-26T03:00,13.5,0.00,92,12.1,13.5,0.00,0.00,0.00,0,3,0,2,0,4.2,156,110,6.3,8.3,0,0.00,1019.3,1005.1
2021-06-26T04:00,12.8,0.00,93,11.7,12.7,0.00,0.00,0.00,0,7,5,2,0,4.6,157,108,5.5,8.3,0,0.00,1019.2,1005.0
2021-06-26T05:00,13.4,0.00,92,12.0,13.5,0.00,0.00,0.00,0,9,5,5,0,3.3,131,96,3.8,7.9,1,0.00,1019.3,1005.1
2021-06-26T06:00,15.6,0.00,86,13.3,15.9,0.00,0.00,0.00,0,9,0,9,0,5.4,97,94,6.2,10.4,1,3600.00,1019.4,1005.3
2021-06-26T07:00,17.8,0.00,78,13.8,18.4,0.00,0.00,0.00,1,35,20,19,0,3.9,106,112,6.7,11.5,1,3600.00,1019.6,1005.6
2021-06-26T08:00,19.4,0.00,69,13.7,19.9,0.00,0.00,0.00,1,49,31,26,0,4.9,108,107,6.8,14.4,1,3600.00,1019.8,1005.9
2021-06-26T09:00,20.4,0.00,65,13.7,20.7,0.00,0.00,0.00,1,20,0,18,5,6.3,113,114,8.2,17.3,1,3600.00,1019.6,1005.7
2021-06-26T10:00,21.3,0.10,59,13.1,21.5,0.10,0.00,0.00,51,69,53,27,28,6.9,126,129,9.3,19.8,1,3600.00,1019.1,1005.3
2021-06-26T11:00,22.3,0.20,55,12.9,23.3,0.20,0.00,0.00,51,99,98,42,31,6.6,135,135,8.7,20.9,1,3600.00,1018.9,1005.1
2021-06-26T12:00,22.6,0.10,54,12.7,23.6,0.10,0.00,0.00,51,99,99,46,25,3.9,141,146,5.1,19.8,1,3600.00,1018.5,1004.7
2021-06-26T13:00,23.4,0.00,51,12.6,23.9,0.00,0.00,0.00,3,99,97,55,3,2.4,36,27,3.1,15.1,1,3600.00,1018.1,1004.4
2021-06-26T14:00,23.7,0.00,50,12.6,24.5,0.00,0.00,0.00,3,95,91,42,1,1.4,22,360,1.9,11.9,1,3600.00,1017.9,1004.2
2021-06-26T15:00,24.2,0.00,48,12.4,25.0,0.00,0.00,0.00,3,94,90,37,1,1.1,27,18,1.6,10.8,1,3600.00,1017.5,1003.8
2021-06-26T16:00,24.4,0.00,48,12.6,24.5,0.00,0.00,0.00,3,89,88,25,1,4.5,79,76,5.5,12.6,1,3600.00,1016.9,1003.2
2021-06-26T17:00,24.1,0.00,51,13.3,24.1,0.00,0.00,0.00,0,17,13,4,6,6.8,92,93,9.0,17.3,1,3600.00,1016.7,1003.0
2021-06-26T18:00,23.4,0.00,55,14.0,23.7,0.00,0.00,0.00,1,35,0,31,25,7.0,100,102,10.2,16.9,1,3600.00,1016.6,1002.9
2021-06-26T19:00,22.4,0.00,67,15.9,23.7,0.00,0.00,0.00,3,93,92,10,0,4.7,84,86,10.5,16.2,1,3600.00,1016.6,1002.8
2021-06-26T20:00,20.2,0.00,77,16.0,21.6,0.00,0.00,0.00,3,100,100,5,0,4.8,78,77,10.7,10.4,1,3475.92,1016.9,1003.0
2021-06-26T21:00,19.1,0.00,78,15.2,19.9,0.00,0.00,0.00,3,99,99,8,0,6.0,80,73,13.9,12.6,0,0.00,1017.4,1003.5
2021-06-26T22:00,18.7,0.00,77,14.6,19.2,0.00,0.00,0.00,3,100,100,14,10,7.1,74,66,17.2,14.8,0,0.00,1017.4,1003.5
2021-06-26T23:00,18.8,0.00,73,13.8,18.9,0.00,0.00,0.00,3,84,80,25,12,8.1,81,77,20.4,18.0,0,0.00,1017.3,1003.4
2021-06-27T00:00,18.8,0.00,72,13.6,18.7,0.00,0.00,0.00,3,98,97,33,3,8.6,89,90,21.2,19.1,0,0.00,1017.1,1003.2
2021-06-27T01:00,19.4,0.00,70,13.7,19.0,0.00,0.00,0.00,2,67,77,19,0,10.9,93,96,23.8,22.0,0,0.00,1016.4,1002.5
2021-06-27T02:00,18.9,0.00,71,13.4,18.3,0.00,0.00,0.00,2,55,26,46,0,11.6,97,97,25.0,24.1,0,0.00,1016.4,1002.5
2021-06-27T03:00,18.3,0.00,73,13.3,17.7,0.00,0.00,0.00,1,30,7,26,0,10.8,104,105,24.1,24.5,0,0.00,1016.5,1002.6
2021-06-27T04:00,17.7,0.00,76,13.4,17.0,0.00,0.00,0.00,3,86,86,7,0,12.1,101,100,25.7,24.8,0,0.00,1016.1,1002.1
2021-06-27T05:00,17.5,0.00,78,13.7,16.9,0.00,0.00,0.00,3,95,95,0,0,12.5,103,102,26.2,25.9,1,0.00,1016.0,1002.0
2021-06-27T06:00,18.5,0.00,77,14.4,18.1,0.00,0.00,0.00,3,83,83,0,0,12.4,100,100,24.9,28.4,1,3600.00,1015.6,1001.7
2021-06-27T07:00,20.1,0.00,73,15.2,20.2,0.00,0.00,0.00,3,100,100,1,0,10.7,104,104,18.2,26.6,1,3600.00,1015.9,1002.0
2021-06-27T08:00,21.5,0.00,70,15.7,21.9,0.00,0.00,0.00,3,100,100,0,0,10.6,106,108,15.4,25.6,1,3600.00,1015.8,1002.0
2021-06-27T09:00,23.1,0.00,65,16.3,23.7,0.00,0.00,0.00,3,99,99,0,0,10.7,103,102,14.8,25.9,1,3600.00,1015.5,1001.8
2021-06-27T10:00,24.6,0.00,61,16.5,25.8,0.00,0.00,0.00,3,100,100,0,0,9.6,104,103,13.4,25.9,1,3600.00,1015.3,1001.7
2021-06-27T11:00,26.0,0.00,53,15.7,27.7,0.00,0.00,0.00,1,36,17,24,7,9.4,114,113,13.0,24.8,1,3600.00,1015.0,1001.4
2021-06-27T12:00,26.5,0.00,51,15.4,28.1,0.00,0.00,0.00,3,98,98,21,2,10.2,109,108,14.1,25.9,1,3600.00,1014.8,1001.3
2021-06-27T13:00,26.6,0.00,51,15.6,28.1,0.00,0.00,0.00,1,36,99,68,5,11.9,104,104,16.0,25.9,1,3600.00,1014.4,1000.9
2021-06-27T14:00,26.3,0.00,51,15.4,26.3,0.00,0.00,0.00,3,99,99,5,0,12.8,103,101,18.5,29.5,1,3600.00,1013.9,1000.4
2021-06-27T15:00,26.9,0.00,50,15.5,27.3,0.00,0.00,0.00,3,99,99,19,0,12.1,107,107,17.0,30.2,1,3600.00,1013.5,1000.0
2021-06-27T16:00,26.8,0.00,51,15.8,27.5,0.00,0.00,0.00,3,99,99,91,0,8.4,110,110,12.6,28.1,1,3600.00,1013.7,1000.2
2021-06-27T17:00,26.1,0.00,59,17.5,28.0,0.00,0.00,0.00,3,99,97,77,1,5.5,75,58,10.0,19.8,1,0.00,1013.5,1000.0
2021-06-27T18:00,25.5,0.00,65,18.6,28.2,0.00,0.00,0.00,3,99,99,85,3,3.3,93,103,6.5,14.4,1,929.57,1014.0,1000.4
2021-06-27T19:00,23.2,0.30,70,17.5,25.0,0.30,0.00,0.00,51,99,97,74,0,5.4,106,98,13.5,11.2,1,0.00,1014.0,1000.3
2021-06-27T20:00,22.1,0.00,76,17.7,24.1,0.00,0.00,0.00,3,98,98,12,0,4.7,84,58,13.4,12.6,1,0.00,1014.1,1000.4
2021-06-27T21:00,21.0,0.00,78,17.1,22.8,0.00,0.00,0.00,3,99,99,4,0,4.8,72,42,11.7,9.7,0,0.00,1014.5,1000.7
2021-06-27T22:00,19.9,0.00,85,17.3,21.9,0.00,0.00,0.00,3,94,94,2,0,4.2,77,59,9.6,9.7,0,0.00,1014.6,1000.8
2021-06-27T23:00,18.8,0.00,90,17.2,20.7,0.00,0.00,0.00,3,83,83,0,0,4.7,100,81,10.6,9.4,0,0.00,1014.6,1000.7
2021-06-28T00:00,18.5,0.00,89,16.6,19.8,0.00,0.00,0.00,2,62,62,1,0,6.9,104,84,13.7,13.3,0,0.00,1014.3,1000.4
2021-06-28T01:00,21.1,0.00,78,17.1,21.9,0.00,0.00,0.00,3,94,100,2,0,12.0,142,139,25.1,13.3,0,0.00,1014.6,1000.8
2021-06-28T02:00,20.3,0.00,82,17.0,21.3,0.00,0.00,0.00,3,100,99,23,0,10.1,167,145,19.2,24.8,0,0.00,1014.8,1001.0
2021-06-28T03:00,19.4,0.00,86,17.0,21.3,0.00,0.00,0.00,3,91,82,82,0,4.2,201,149,12.0,20.2,0,0.00,1014.6,1000.7
2021-06-28T04:00,19.6,0.00,84,16.8,21.2,0.00,0.00,0.00,3,100,91,100,0,5.0,201,159,12.3,11.2,0,0.00,1014.5,1000.6
2021-06-28T05:00,19.3,0.00,86,17.0,20.9,0.00,0.00,0.00,3,90,39,85,0,6.1,203,177,13.7,13.3,1,0.00,1014.4,1000.5
2021-06-28T06:00,20.1,0.00,84,17.4,21.7,0.00,0.00,0.00,0,18,18,2,0,7.1,180,150,11.5,13.3,1,2030.13,1014.3,1000.5
2021-06-28T07:00,21.2,0.00,79,17.4,22.7,0.00,0.00,0.00,0,5,5,1,0,7.6,172,172,10.9,19.1,1,3600.00,1014.7,1000.9
2021-06-28T08:00,22.5,0.00,72,17.1,24.6,0.00,0.00,0.00,0,8,6,2,0,2.5,186,188,3.3,18.4,1,3600.00,1015.0,1001.3
2021-06-28T09:00,23.7,0.00,67,17.3,25.9,0.00,0.00,0.00,1,46,38,13,0,2.3,286,288,2.6,11.9,1,3600.00,1015.0,1001.3
2021-06-28T10:00,24.8,0.00,63,17.3,27.3,0.00,0.00,0.00,3,91,90,8,0,2.9,270,270,3.2,13.3,1,3600.00,1014.9,1001.3
2021-06-28T11:00,25.9,0.00,60,17.5,29.5,0.00,0.00,0.00,3,91,90,8,0,1.3,225,236,1.5,14.0,1,3600.00,1014.5,1000.9
2021-06-28T12:00,27.0,0.00,56,17.3,31.0,0.00,0.00,0.00,3,98,98,0,0,1.1,135,162,1.5,11.9,1,3600.00,1014.3,1000.8
2021-06-28T13:00,27.6,0.00,53,17.2,31.9,0.00,0.00,0.00,3,99,98,2,0,0.7,45,360,1.0,12.6,1,3600.00,1013.7,1000.2
2021-06-28T14:00,28.2,0.00,53,17.8,32.0,0.00,0.00,0.00,3,97,96,31,0,2.3,219,231,2.3,11.9,1,3600.00,1013.2,999.8
2021-06-28T15:00,27.8,0.00,55,18.0,29.7,0.00,0.00,0.00,3,95,93,36,0,6.4,286,286,7.9,16.9,1,3600.00,1013.5,1000.0
2021-06-28T16:00,27.1,0.00,57,17.7,28.9,0.00,0.00,0.00,3,96,92,53,1,6.4,310,308,8.4,19.1,1,3600.00,1013.6,1000.1
2021-06-28T17:00,26.8,0.00,58,17.9,29.0,0.00,0.00,0.00,3,100,100,28,0,4.3,310,312,6.1,15.8,1,2487.07,1013.0,999.5
2021-06-28T18:00,25.7,0.00,64,18.4,27.6,0.00,0.00,0.00,3,100,100,66,4,8.0,290,288,13.4,17.3,1,0.00,1013.7,1000.1
2021-06-28T19:00,22.1,3.40,84,19.3,23.7,3.40,0.00,0.00,63,100,100,19,8,12.5,283,282,20.3,24.1,1,0.00,1014.7,1001.0
2021-06-28T20:00,20.7,0.20,89,18.8,22.9,0.20,0.00,0.00,51,100,100,55,1,7.3,346,11,13.7,25.2,1,0.00,1014.3,1000.5
2021-06-28T21:00,20.5,0.60,93,19.3,23.6,0.60,0.00,0.00,53,100,100,64,2,2.7,351,67,6.9,14.8,0,0.00,1014.8,1001.0
2021-06-28T22:00,20.4,0.30,93,19.2,23.7,0.30,0.00,0.00,51,100,100,44,1,1.1,342,72,3.4,5.0,0,0.00,1014.7,1000.9
2021-06-28T23:00,19.8,0.10,93,18.7,22.4,0.10,0.00,0.00,51,100,99,62,5,4.6,186,162,7.2,7.6,0,0.00,1014.5,1000.7
2021-06-29T00:00,19.1,0.10,96,18.5,21.6,0.10,0.00,0.00,51,99,98,66,0,3.8,210,163,8.7,12.6,0,0.00,1014.5,1000.6
2021-06-29T01:00,18.9,0.90,88,16.8,20.0,0.90,0.00,0.00,53,100,98,18,0,8.3,181,185,18.7,15.8,0,0.00,1014.1,1000.2
2021-06-29T02:00,18.1,0.00,88,16.1,18.9,0.00,0.00,0.00,2,68,63,26,3,8.3,191,182,18.7,22.3,0,0.00,1014.2,1000.3
2021-06-29T03:00,17.3,0.00,89,15.4,17.9,0.00,0.00,0.00,3,96,54,92,0,7.9,162,133,17.8,19.1,0,0.00,1014.0,1000.0
2021-06-29T04:00,16.9,0.00,91,15.5,18.2,0.00,0.00,0.00,3,100,100,98,24,4.1,203,142,9.4,16.6,0,0.00,1014.1,1000.1
2021-06-29T05:00,17.8,0.10,88,15.9,19.2,0.10,0.00,0.00,51,100,100,99,7,4.0,222,175,10.7,10.8,1,0.00,1014.2,1000.3
2021-06-29T06:00,18.1,0.10,90,16.3,19.7,0.10,0.00,0.00,51,100,100,36,0,3.8,241,197,9.0,10.1,1,0.00,1013.6,999.7
2021-06-29T07:00,18.4,0.00,90,16.7,20.1,0.00,0.00,0.00,3,100,100,0,2,4.2,240,211,7.9,12.2,1,0.00,1013.5,999.6
2021-06-29T08:00,18.8,0.00,87,16.5,20.6,0.00,0.00,0.00,3,100,100,0,6,2.9,185,173,4.0,10.4,1,0.00,1013.6,999.7
2021-06-29T09:00,19.6,0.00,80,16.1,21.0,0.00,0.00,0.00,1,44,39,0,7,5.0,162,159,6.8,14.8,1,0.00,1013.4,999.6
2021-06-29T10:00,21.5,0.00,65,14.6,23.1,0.00,0.00,0.00,1,40,35,0,7,2.9,180,173,3.6,17.6,1,3600.00,1012.9,999.2
2021-06-29T11:00,22.8,0.00,56,13.7,25.1,0.00,0.00,0.00,1,20,20,0,0,2.2,277,279,2.9,14.4,1,3600.00,1012.2,998.5
2021-06-29T12:00,23.7,0.00,55,14.2,26.7,0.00,0.00,0.00,1,20,16,0,5,3.2,275,270,4.0,15.1,1,3600.00,1011.7,998.1
2021-06-29T13:00,21.6,0.00,75,16.9,24.7,0.00,0.00,0.00,3,80,91,31,2,9.2,216,219,12.4,18.7,1,3600.00,1010.6,996.9
2021-06-29T14:00,22.3,0.30,72,17.0,23.3,0.30,0.00,0.00,51,99,96,89,90,14.8,231,229,20.7,34.9,1,3600.00,1010.3,996.6
2021-06-29T15:00,18.2,4.90,87,16.1,16.6,4.90,0.00,0.00,63,100,100,100,84,25.5,231,230,42.5,59.4,1,0.00,1011.9,998.0
2021-06-29T16:00,16.9,3.80,88,14.9,16.0,3.80,0.00,0.00,63,100,100,100,12,17.3,231,228,29.7,55.4,1,0.00,1012.4,998.4
2021-06-29T17:00,16.5,3.70,90,14.9,16.8,3.70,0.00,0.00,63,100,100,87,0,9.4,238,230,16.2,43.6,1,0.00,1012.2,998.2
2021-06-29T18:00,16.8,0.20,89,15.0,17.0,0.20,0.00,0.00,51,100,100,7,0,10.1,220,215,16.1,28.8,1,0.00,1012.4,998.4
2021-06-29T19:00,16.8,0.00,90,15.2,16.9,0.00,0.00,0.00,3,100,100,15,10,11.6,222,216,20.9,24.8,1,0.00,1012.6,998.6
2021-06-29T20:00,16.8,0.00,89,14.9,17.0,0.00,0.00,0.00,0,6,2,0,5,9.7,232,225,18.7,24.8,1,0.00,1012.1,998.1
2021-06-29T21:00,16.0,0.00,92,14.7,16.3,0.00,0.00,0.00,0,16,0,0,15,8.9,229,220,20.7,22.0,0,0.00,1012.6,998.6
2021-06-29T22:00,15.7,0.00,92,14.4,16.2,0.00,0.00,0.00,0,15,0,2,14,6.9,235,219,17.6,20.2,0,0.00,1012.5,998.5
2021-06-29T23:00,15.2,0.00,93,14.0,15.5,0.00,0.00,0.00,0,5,4,1,0,6.5,231,214,16.6,16.2,0,0.00,1012.2,998.2
2021-06-30T00:00,14.4,0.00,94,13.4,14.7,0.00,0.00,0.00,1,48,47,2,0,5.6,229,207,15.3,14.8,0,0.00,1012.4,998.3
2021-06-30T01:00,15.6,0.00,91,14.2,15.4,0.00,0.00,0.00,2,54,26,67,25,10.8,223,217,19.4,14.4,0,0.00,1013.0,999.0
2021-06-30T02:00,15.2,0.10,93,14.0,15.0,0.10,0.00,0.00,51,93,84,84,33,10.2,221,212,20.7,22.7,0,0.00,1013.2,999.2
2021-06-30T03:00,15.1,0.20,93,14.0,15.2,0.20,0.00,0.00,51,100,100,100,31,8.3,236,236,18.2,23.4,0,0.00,1013.0,999.0
2021-06-30T04:00,15.1,0.20,91,13.7,14.0,0.20,0.00,0.00,51,100,100,97,77,15.6,223,220,26.7,31.3,0,0.00,1013.1,999.0
2021-06-30T05:00,15.0,0.20,90,13.5,14.2,0.20,0.00,0.00,51,100,100,89,12,13.2,228,225,22.7,32.8,1,0.00,1013.4,999.3
2021-06-30T06:00,14.7,0.20,87,12.5,12.9,0.20,0.00,0.00,51,99,86,97,42,17.8,224,223,28.3,35.3,1,0.00,1013.5,999.4
2021-06-30T07:00,14.5,0.30,88,12.5,12.2,0.30,0.00,0.00,51,83,0,56,74,20.9,229,229,33.7,43.6,1,0.00,1013.6,999.5
2021-06-30T08:00,15.1,0.20,87,12.9,13.6,0.20,0.00,0.00,51,79,0,76,32,16.1,233,231,25.2,43.6,1,375.10,1013.9,999.8
2021-06-30T09:00,15.6,0.00,81,12.4,13.8,0.00,0.00,0.00,3,94,0,93,17,17.6,235,235,26.1,38.2,1,1957.38,1013.9,999.9
2021-06-30T10:00,17.0,0.10,73,12.1,15.1,0.10,0.00,0.00,51,100,11,99,25,17.1,235,235,24.6,47.5,1,3600.00,1013.9,999.9
2021-06-30T11:00,16.8,0.10,75,12.3,15.4,0.10,0.00,0.00,51,99,10,98,30,14.4,238,238,20.4,47.5,1,0.00,1014.1,1000.1
2021-06-30T12:00,16.6,0.10,78,12.8,15.3,0.10,0.00,0.00,51,84,4,80,25,15.2,233,234,21.3,44.6,1,0.00,1013.9,999.9
2021-06-30T13:00,17.1,0.10,76,12.8,15.3,0.10,0.00,0.00,51,70,77,100,11,18.2,231,231,25.4,44.3,1,3600.00,1013.7,999.7
2021-06-30T14:00,16.6,0.60,80,13.2,15.6,0.60,0.00,0.00,53,83,71,60,8,13.6,222,220,19.4,39.6,1,1494.64,1013.3,999.3
2021-06-30T15:00,18.4,0.10,68,12.3,17.4,0.10,0.00,0.00,51,76,63,42,20,13.8,232,231,19.2,33.1,1,3600.00,1012.6,998.7
2021-06-30T16:00,18.9,0.10,63,11.7,17.2,0.10,0.00,0.00,51,75,39,57,42,15.4,234,233,21.9,34.6,1,3600.00,1012.7,998.8
2021-06-30T17:00,17.3,0.30,74,12.7,15.7,0.30,0.00,0.00,51,80,60,34,52,16.5,238,238,25.1,37.1,1,3600.00,1012.9,999.0
2021-06-30T18:00,16.7,0.10,81,13.4,15.5,0.10,0.00,0.00,51,98,36,97,26,15.8,229,229,24.2,36.0,1,1463.94,1012.9,998.9
2021-06-30T19:00,15.9,0.10,83,13.1,14.8,0.10,0.00,0.00,51,83,32,76,29,14.2,219,216,22.3,35.6,1,0.00,1013.2,999.2
2021-06-30T20:00,15.2,0.00,88,13.2,14.7,0.00,0.00,0.00,3,82,62,62,15,10.0,210,206,17.1,30.2,1,666.17,1013.4,999.3
2021-06-30T21:00,14.6,0.10,92,13.4,14.5,0.10,0.00,0.00,51,98,94,75,60,7.9,239,231,16.8,21.6,0,0.00,1013.8,999.7
2021-06-30T22:00,14.8,0.40,90,13.3,14.0,0.40,0.00,0.00,51,100,44,80,100,12.8,258,254,21.7,25.2,0,0.00,1014.2,1000.1
2021-06-30T23:00,14.7,0.30,90,13.0,13.8,0.30,0.00,0.00,51,100,41,100,100,12.6,255,250,21.2,28.8,0,0.00,1014.6,1000.5
2021-07-01T00:00,14.4,0.50,91,13.0,13.5,0.50,0.00,0.00,53,100,79,100,100,13.1,244,238,21.6,27.0,0,0.00,1015.0,1000.9
2021-07-01T01:00,14.3,0.50,89,12.5,13.0,0.50,0.00,0.00,53,100,65,77,91,14.0,247,247,24.2,29.2,0,0.00,1015.2,1001.1
2021-07-01T02:00,14.2,0.20,90,12.5,13.1,0.20,0.00,0.00,51,100,67,100,100,12.9,250,247,21.9,31.7,0,0.00,1015.3,1001.2
2021-07-01T03:00,14.2,0.20,87,12.1,13.0,0.20,0.00,0.00,51,100,79,100,100,12.7,256,255,21.5,27.4,0,0.00,1015.2,1001.1
2021-07-01T04:00,14.0,0.20,92,12.7,13.2,0.20,0.00,0.00,51,100,94,100,100,11.2,252,249,20.0,26.6,0,0.00,1015.3,1001.2
2021-07-01T05:00,14.0,0.20,88,12.1,13.2,0.20,0.00,0.00,51,100,2,100,100,10.2,250,247,18.8,23.8,1,0.00,1015.6,1001.5
2021-07-01T06:00,14.1,0.10,90,12.4,13.1,0.10,0.00,0.00,51,100,37,100,72,11.8,253,250,19.6,24.5,1,0.00,1015.9,1001.8
2021-07-01T07:00,14.0,0.00,91,12.6,13.2,0.00,0.00,0.00,3,100,21,100,48,11.4,254,252,18.7,25.6,1,0.00,1016.2,1002.1
2021-07-01T08:00,14.4,0.10,88,12.4,13.0,0.10,0.00,0.00,51,96,91,48,45,14.2,254,254,21.0,29.5,1,0.00,1016.3,1002.2
2021-07-01T09:00,15.4,0.20,80,11.9,13.7,0.20,0.00,0.00,51,100,100,50,64,16.1,259,260,23.1,35.6,1,3419.87,1016.1,1002.0
2021-07-01T10:00,15.9,0.20,77,11.8,14.2,0.20,0.00,0.00,51,100,100,41,100,15.2,263,263,21.4,35.6,1,0.00,1016.2,1002.1
2021-07-01T11:00,16.5,0.10,72,11.4,14.8,0.10,0.00,0.00,51,100,100,98,100,14.8,269,269,20.9,33.5,1,0.00,1016.5,1002.5
2021-07-01T12:00,16.7,0.10,70,11.3,15.0,0.10,0.00,0.00,51,100,0,100,100,14.8,271,270,21.2,32.4,1,0.00,1016.5,1002.5
2021-07-01T13:00,15.3,0.00,88,13.3,14.1,0.00,0.00,0.00,3,100,32,100,99,15.0,244,243,23.7,32.4,1,0.00,1017.0,1002.9
2021-07-01T14:00,15.5,0.40,85,13.0,14.1,0.40,0.00,0.00,51,100,56,99,100,16.1,259,260,24.2,35.3,1,0.00,1017.2,1003.1
2021-07-01T15:00,17.0,0.10,73,12.1,15.3,0.10,0.00,0.00,51,100,38,79,100,16.2,267,267,23.8,36.4,1,817.85,1017.1,1003.1
2021-07-01T16:00,17.9,0.00,65,11.2,16.3,0.00,0.00,0.00,3,100,8,62,100,13.7,274,273,20.6,35.3,1,1206.89,1017.0,1003.0
2021-07-01T17:00,18.3,0.00,62,10.8,16.7,0.00,0.00,0.00,3,100,16,73,100,12.7,285,285,19.7,30.2,1,925.61,1016.9,1003.0
2021-07-01T18:00,18.1,0.00,63,10.9,16.6,0.00,0.00,0.00,3,94,4,39,92,12.6,294,294,20.1,31.7,1,2465.51,1016.8,1002.8
2021-07-01T19:00,17.6,0.00,67,11.4,16.7,0.00,0.00,0.00,3,95,89,34,57,9.0,274,272,17.0,27.4,1,0.00,1016.9,1002.9
2021-07-01T20:00,16.5,0.00,74,11.8,16.0,0.00,0.00,0.00,3,90,80,30,46,7.7,264,259,17.0,20.2,1,69.76,1017.2,1003.2
2021-07-01T21:00,15.6,0.00,80,12.2,15.4,0.00,0.00,0.00,3,98,92,89,44,6.3,262,257,16.0,16.9,0,0.00,1017.7,1003.6
2021-07-01T22:00,15.8,0.00,81,12.5,15.8,0.00,0.00,0.00,2,54,30,32,21,5.0,257,240,12.6,14.4,0,0.00,1017.9,1003.8
2021-07-01T23:00,14.3,0.00,89,12.6,14.4,0.00,0.00,0.00,1,49,11,36,32,5.1,241,219,13.2,11.2,0,0.00,1017.9,1003.7
2021-07-02T00:00,14.0,0.00,91,12.6,14.0,0.00,0.00,0.00,2,52,9,33,35,5.7,233,215,14.4,11.9,0,0.00,1017.8,1003.6
2021-07-02T01:00,14.8,0.00,92,13.5,15.5,0.00,0.00,0.00,2,67,17,94,100,3.2,227,180,7.4,13.0,0,0.00,1017.7,1003.6
2021-07-02T02:00,14.8,0.00,93,13.6,15.3,0.00,0.00,0.00,3,100,0,22,100,4.3,247,228,10.2,9.7,0,0.00,1017.6,1003.5
2021-07-02T03:00,14.2,0.00,95,13.5,14.9,0.00,0.00,0.00,3,89,0,40,88,3.1,264,225,7.2,9.7,0,0.00,1017.4,1003.2
2021-07-02T04:00,14.3,0.00,95,13.5,15.0,0.00,0.00,0.00,1,33,0,25,27,3.2,212,180,5.5,7.2,0,0.00,1017.3,1003.2
2021-07-02T05:00,13.7,0.00,96,13.0,13.6,0.00,0.00,0.00,0,16,0,6,15,6.8,212,198,14.1,13.7,1,0.00,1017.7,1003.5
2021-07-02T06:00,14.1,0.00,91,12.7,13.9,0.00,0.00,0.00,0,7,0,1,6,7.3,225,213,13.2,16.2,1,3503.46,1017.9,1003.7
2021-07-02T07:00,15.1,0.00,84,12.4,14.8,0.00,0.00,0.00,0,5,0,0,5,7.3,255,250,10.0,18.4,1,3600.00,1018.3,1004.2
2021-07-02T08:00,16.3,0.00,78,12.4,15.5,0.00,0.00,0.00,1,20,4,0,17,10.0,282,283,13.6,24.1,1,3600.00,1018.6,1004.5
2021-07-02T09:00,17.5,0.00,69,11.8,16.6,0.00,0.00,0.00,0,18,8,0,11,9.9,290,289,13.4,26.3,1,3600.00,1018.9,1004.9
2021-07-02T10:00,18.9,0.00,59,10.7,18.1,0.00,0.00,0.00,1,47,0,0,46,11.1,294,295,15.0,26.6,1,3600.00,1019.1,1005.1
2021-07-02T11:00,20.2,0.00,54,10.7,19.4,0.00,0.00,0.00,3,100,0,19,100,12.2,299,298,16.4,31.7,1,3600.00,1018.9,1005.0
2021-07-02T12:00,20.5,0.00,55,11.1,19.4,0.00,0.00,0.00,2,69,1,67,48,9.5,295,295,12.7,30.2,1,2936.70,1018.8,1004.9
2021-07-02T13:00,20.8,0.00,56,11.6,19.6,0.00,0.00,0.00,3,97,8,99,61,11.4,282,281,15.1,23.8,1,3600.00,1018.8,1004.9
2021-07-02T14:00,21.0,0.00,56,11.9,20.1,0.00,0.00,0.00,3,97,11,97,24,10.2,280,280,13.9,27.0,1,3600.00,1018.5,1004.7
2021-07-02T15:00,21.4,0.00,54,11.8,20.9,0.00,0.00,0.00,1,45,0,43,25,7.3,289,290,9.9,24.8,1,2847.85,1018.2,1004.4
2021-07-02T16:00,22.0,0.00,52,11.7,21.7,0.00,0.00,0.00,2,70,0,70,14,5.1,315,321,7.1,19.4,1,3600.00,1018.2,1004.4
2021-07-02T17:00,22.0,0.00,51,11.4,22.0,0.00,0.00,0.00,2,50,0,50,2,2.6,281,286,3.7,15.5,1,3600.00,1017.9,1004.1
2021-07-02T18:00,22.0,0.00,53,11.9,21.8,0.00,0.00,0.00,2,63,0,62,15,5.2,260,258,8.0,13.0,1,3600.00,1017.9,1004.1
2021-07-02T19:00,21.0,0.00,63,13.8,21.4,0.00,0.00,0.00,1,30,0,26,23,5.4,229,217,12.0,12.6,1,3600.00,1017.6,1003.8
2021-07-02T20:00,19.0,0.00,70,13.5,19.2,0.00,0.00,0.00,1,41,0,37,24,6.5,230,214,16.9,13.7,1,3428.33,1017.4,1003.5
2021-07-02T21:00,17.9,0.00,73,12.9,17.9,0.00,0.00,0.00,0,6,0,5,5,6.3,231,211,16.6,13.3,0,0.00,1017.7,1003.7
2021-07-02T22:00,16.1,0.00,82,13.0,16.2,0.00,0.00,0.00,0,4,0,2,3,6.3,224,193,14.5,12.6,0,0.00,1018.0,1003.9
2021-07-02T23:00,15.5,0.00,85,12.9,15.6,0.00,0.00,0.00,0,7,0,1,7,5.4,219,184,13.8,11.2,0,0.00,1018.2,1004.1
2021-07-03T00:00,14.4,0.00,89,12.6,14.2,0.00,0.00,0.00,2,59,49,7,19,6.9,231,189,12.0,11.5,0,0.00,1018.4,1004.2
2021-07-03T01:00,14.9,0.00,86,12.6,14.8,0.00,0.00,0.00,3,87,98,25,21,6.4,193,133,9.3,11.5,0,0.00,1017.7,1003.6
2021-07-03T02:00,15.1,0.00,84,12.3,15.1,0.00,0.00,0.00,3,99,98,19,18,5.0,173,111,8.7,10.1,0,0.00,1017.7,1003.6
2021-07-03T03:00,14.5,0.00,87,12.3,14.3,0.00,0.00,0.00,3,82,77,17,17,6.2,157,111,10.2,12.2,0,0.00,1017.6,1003.5
2021-07-03T04:00,14.2,0.00,88,12.3,14.1,0.00,0.00,0.00,1,35,31,10,7,5.6,155,105,10.3,12.2,0,0.00,1017.6,1003.4
2021-07-03T05:00,13.7,0.00,91,12.2,13.7,0.00,0.00,0.00,1,39,35,6,3,4.7,147,94,7.3,10.8,1,0.00,1017.4,1003.2
2021-07-03T06:00,15.5,0.00,85,13.1,15.5,0.00,0.00,0.00,2,51,49,3,0,7.1,128,105,8.7,13.3,1,3465.64,1017.4,1003.3
2021-07-03T07:00,17.7,0.00,79,14.0,18.2,0.00,0.00,0.00,2,60,59,2,0,5.8,115,112,9.5,14.8,1,3600.00,1017.3,1003.3
2021-07-03T08:00,19.8,0.00,71,14.4,20.5,0.00,0.00,0.00,1,47,47,1,0,4.6,123,129,6.0,14.8,1,3600.00,1017.2,1003.3
2021-07-03T09:00,21.5,0.00,65,14.6,22.6,0.00,0.00,0.00,3,96,96,0,0,2.7,151,157,3.7,14.4,1,3600.00,1017.0,1003.2
2021-07-03T10:00,22.9,0.00,57,13.8,24.5,0.00,0.00,0.00,2,59,59,0,0,2.9,185,187,4.0,13.7,1,3600.00,1016.7,1003.0
2021-07-03T11:00,23.9,0.00,51,13.2,26.0,0.00,0.00,0.00,1,44,44,0,0,3.4,195,198,4.1,14.8,1,3600.00,1016.2,1002.5
2021-07-03T12:00,24.7,0.00,48,13.0,27.0,0.00,0.00,0.00,0,18,17,1,1,4.3,222,228,5.4,16.2,1,3600.00,1015.9,1002.3
2021-07-03T13:00,25.4,0.00,44,12.4,27.8,0.00,0.00,0.00,0,5,0,13,14,3.6,219,225,4.6,16.6,1,3600.00,1015.0,1001.4
2021-07-03T14:00,25.8,0.00,43,12.2,27.6,0.00,0.00,0.00,1,31,26,6,2,2.9,252,263,3.4,14.8,1,3600.00,1014.4,1000.8
2021-07-03T15:00,25.9,0.00,42,12.0,26.9,0.00,0.00,0.00,3,88,87,4,0,3.9,302,304,4.7,13.7,1,3600.00,1013.9,1000.3
2021-07-03T16:00,26.0,0.00,41,11.9,26.4,0.00,0.00,0.00,3,100,100,3,0,4.6,288,288,5.7,14.8,1,3600.00,1013.6,1000.0
2021-07-03T17:00,25.3,0.00,46,12.8,25.5,0.00,0.00,0.00,3,100,100,55,0,4.3,291,294,6.2,14.4,1,3051.25,1013.4,999.8
2021-07-03T18:00,25.4,0.00,44,12.2,25.6,0.00,0.00,0.00,3,100,100,48,0,3.6,315,315,4.6,11.9,1,3600.00,1013.2,999.6
2021-07-03T19:00,23.5,0.00,67,17.1,25.6,0.00,0.00,0.00,3,100,100,53,0,2.7,341,337,7.6,8.6,1,1357.63,1013.2,999.5
2021-07-03T20:00,22.8,0.00,56,13.7,23.5,0.00,0.00,0.00,3,100,100,74,1,2.9,294,240,4.3,6.8,1,0.00,1013.2,999.5
2021-07-03T21:00,20.7,0.00,68,14.5,20.4,0.00,0.00,0.00,3,100,100,72,13,12.6,219,207,24.1,23.8,0,0.00,1013.9,1000.1
2021-07-03T22:00,19.4,0.00,77,15.3,19.5,0.00,0.00,0.00,3,100,100,80,0,11.2,227,225,22.7,28.1,0,0.00,1014.0,1000.1
2021-07-03T23:00,18.9,0.00,79,15.2,19.2,0.00,0.00,0.00,3,98,97,79,0,9.8,218,208,19.7,23.8,0,0.00,1014.1,1000.2
2021-07-04T00:00,18.2,0.00,81,14.9,18.3,0.00,0.00,0.00,3,85,69,71,0,10.2,209,198,20.1,20.9,0,0.00,1013.9,1000.0
2021-07-04T01:00,17.9,0.00,93,16.8,18.7,0.00,0.00,0.00,3,99,75,67,0,10.4,213,200,21.4,21.6,0,0.00,1013.7,999.8
2021-07-04T02:00,17.3,0.00,94,16.4,18.2,0.00,0.00,0.00,3,81,64,51,0,8.8,206,192,18.8,22.0,0,0.00,1013.5,999.5
2021-07-04T03:00,16.7,0.00,94,15.8,17.6,0.00,0.00,0.00,2,56,17,48,5,7.6,206,188,17.6,18.7,0,0.00,1013.3,999.3
2021-07-04T04:00,16.4,0.00,94,15.5,17.1,0.00,0.00,0.00,3,99,97,87,0,7.8,189,167,16.8,16.2,0,0.00,1013.2,999.2
2021-07-04T05:00,16.7,0.00,92,15.4,17.4,0.00,0.00,0.00,3,93,87,61,0,7.6,191,172,15.7,17.3,1,0.00,1013.2,999.2
2021-07-04T06:00,17.3,0.00,90,15.6,18.1,0.00,0.00,0.00,2,72,66,19,7,7.3,206,189,14.0,16.2,1,0.00,1013.2,999.3
2021-07-04T07:00,18.5,0.00,87,16.2,19.4,0.00,0.00,0.00,3,80,79,4,2,8.2,210,203,11.6,19.4,1,3600.00,1012.8,998.9
2021-07-04T08:00,19.8,0.00,82,16.6,20.6,0.00,0.00,0.00,2,70,67,4,9,10.0,219,218,13.8,24.5,1,3600.00,1012.7,998.9
2021-07-04T09:00,21.1,0.10,76,16.7,21.9,0.10,0.00,0.00,51,45,23,12,39,10.2,228,228,13.5,27.0,1,3600.00,1012.3,998.5
2021-07-04T10:00,22.1,0.30,72,16.8,23.5,0.30,0.00,0.00,51,36,7,29,18,8.4,221,220,11.0,25.6,1,3600.00,1011.6,997.9
2021-07-04T11:00,22.7,0.10,72,17.5,24.6,0.10,0.00,0.00,51,99,98,41,68,8.5,217,216,11.3,24.8,1,3600.00,1011.4,997.7
2021-07-04T12:00,23.1,0.10,71,17.6,25.1,0.10,0.00,0.00,51,100,99,47,19,7.6,211,211,9.7,25.6,1,3600.00,1010.7,997.1
2021-07-04T13:00,21.1,0.00,77,16.8,21.6,0.00,0.00,0.00,3,100,100,95,18,12.8,219,220,18.4,27.0,1,3600.00,1010.3,996.6
2021-07-04T14:00,21.5,0.60,74,16.6,22.4,0.60,0.00,0.00,53,100,100,100,0,9.4,220,220,12.8,33.5,1,2980.85,1009.7,996.0
2021-07-04T15:00,20.3,0.60,79,16.4,20.7,0.60,0.00,0.00,53,99,98,84,48,12.1,238,240,18.6,24.8,1,0.00,1010.0,996.2
2021-07-04T16:00,20.6,0.20,80,17.1,21.8,0.20,0.00,0.00,51,100,99,98,7,9.0,243,241,12.9,27.0,1,0.00,1010.2,996.4
2021-07-04T17:00,21.1,0.00,74,16.2,21.2,0.00,0.00,0.00,3,100,100,100,25,13.7,242,240,19.7,33.5,1,931.02,1010.3,996.6
2021-07-04T18:00,19.8,0.50,77,15.8,20.0,0.50,0.00,0.00,53,100,99,100,18,12.5,257,258,19.9,33.5,1,0.00,1010.7,996.9
2021-07-04T19:00,19.2,0.40,82,16.0,20.2,0.40,0.00,0.00,51,100,100,82,13,7.3,263,261,12.7,27.0,1,0.00,1011.0,997.2
2021-07-04T20:00,18.2,0.30,87,15.9,19.0,0.30,0.00,0.00,51,100,100,56,41,8.4,224,220,17.1,24.5,1,0.00,1011.3,997.4
2021-07-04T21:00,17.5,0.40,90,15.9,17.9,0.40,0.00,0.00,51,99,99,31,33,11.2,226,225,20.9,23.8,0,0.00,1011.9,998.0
2021-07-04T22:00,17.0,0.40,94,16.1,17.5,0.40,0.00,0.00,51,63,48,21,18,10.7,232,228,21.5,24.8,0,0.00,1012.4,998.4
2021-07-04T23:00,16.9,0.00,94,15.9,17.3,0.00,0.00,0.00,1,36,0,35,0,10.8,224,217,21.1,23.8,0,0.00,1012.7,998.7
2021-07-05T00:00,16.4,0.00,94,15.5,16.9,0.00,0.00,0.00,1,24,2,22,0,9.2,226,219,20.4,23.4,0,0.00,1012.8,998.8
2021-07-05T01:00,16.4,0.00,94,15.5,16.9,0.00,0.00,0.00,1,25,2,34,33,9.0,210,196,18.7,20.9,0,0.00,1012.7,998.7
2021-07-05T02:00,16.2,0.00,94,15.2,16.7,0.00,0.00,0.00,1,48,0,44,29,8.6,215,202,19.9,20.2,0,0.00,1012.6,998.6
2021-07-05T03:00,16.0,0.00,93,14.9,16.4,0.00,0.00,0.00,2,56,29,39,2,8.2,212,195,19.1,19.8,0,0.00,1012.0,998.0
2021-07-05T04:00,15.7,0.00,94,14.7,15.9,0.00,0.00,0.00,3,92,85,42,28,9.1,214,198,20.5,20.5,0,0.00,1012.1,998.1
2021-07-05T05:00,15.9,0.00,93,14.8,16.0,0.00,0.00,0.00,3,96,95,11,23,10.2,215,203,20.7,22.3,1,0.00,1012.1,998.1
2021-07-05T06:00,16.5,0.00,90,14.9,16.3,0.00,0.00,0.00,3,99,99,86,24,12.6,217,207,22.6,27.4,1,0.00,1012.4,998.4
2021-07-05T07:00,17.2,0.00,89,15.3,17.3,0.00,0.00,0.00,3,98,87,98,14,11.3,211,202,19.7,28.4,1,345.51,1012.1,998.2
2021-07-05T08:00,17.4,0.20,86,15.1,17.3,0.20,0.00,0.00,51,100,89,100,19,12.8,214,212,19.2,28.1,1,0.00,1012.4,998.5
2021-07-05T09:00,17.5,0.10,87,15.3,17.8,0.10,0.00,0.00,51,98,4,98,1,10.3,213,209,15.9,28.8,1,0.00,1012.7,998.8
2021-07-05T10:00,18.6,0.00,81,15.4,18.8,0.00,0.00,0.00,3,98,0,98,9,11.0,213,212,15.9,28.4,1,2385.53,1012.3,998.4
2021-07-05T11:00,19.9,0.00,73,14.9,20.1,0.00,0.00,0.00,3,98,1,98,11,9.8,206,204,14.0,27.4,1,3600.00,1012.3,998.5
2021-07-05T12:00,20.9,0.00,69,15.0,21.0,0.00,0.00,0.00,3,100,0,100,5,10.5,198,196,14.3,37.4,1,3600.00,1011.9,998.1
2021-07-05T13:00,18.1,0.00,85,15.5,18.6,0.00,0.00,0.00,3,98,0,100,100,9.4,228,227,13.5,26.3,1,0.00,1011.3,997.4
2021-07-05T14:00,18.7,0.50,85,16.1,19.7,0.50,0.00,0.00,53,100,0,43,100,7.6,193,188,11.4,21.2,1,0.00,1011.1,997.2
2021-07-05T15:00,20.4,0.10,77,16.2,21.1,0.10,0.00,0.00,51,99,97,41,49,10.3,211,209,15.2,37.8,1,10.82,1010.9,997.1
2021-07-05T16:00,22.2,0.10,67,15.8,21.9,0.10,0.00,0.00,51,49,0,29,38,15.1,221,220,21.4,39.6,1,3600.00,1010.6,996.9
2021-07-05T17:00,21.4,0.40,73,16.4,21.8,0.40,0.00,0.00,51,61,0,58,18,12.3,221,220,18.6,45.4,1,3600.00,1010.5,996.8
2021-07-05T18:00,21.8,0.00,71,16.4,22.8,0.00,0.00,0.00,3,90,86,24,12,8.5,211,208,15.2,27.7,1,3600.00,1010.3,996.6
2021-07-05T19:00,21.3,0.00,73,16.2,22.3,0.00,0.00,0.00,2,67,60,19,20,7.8,204,193,16.6,19.8,1,3600.00,1010.6,996.9
2021-07-05T20:00,20.0,0.00,76,15.6,20.8,0.00,0.00,0.00,3,96,95,6,7,7.4,181,157,17.3,17.6,1,3225.53,1010.6,996.8
2021-07-05T21:00,19.2,0.00,76,14.9,19.5,0.00,0.00,0.00,3,87,82,28,16,9.1,171,146,20.4,18.7,0,0.00,1011.1,997.3
2021-07-05T22:00,19.0,0.00,76,14.6,19.0,0.00,0.00,0.00,0,16,0,14,11,10.2,165,141,22.4,21.2,0,0.00,1010.9,997.1
2021-07-05T23:00,18.6,0.00,78,14.7,18.5,0.00,0.00,0.00,0,10,0,10,0,11.2,150,135,24.8,23.0,0,0.00,1010.9,997.0
2021-07-06T00:00,18.2,0.00,80,14.7,18.1,0.00,0.00,0.00,0,0,0,0,0,11.2,151,132,24.3,23.8,0,0.00,1010.5,996.6
2021-07-06T01:00,17.1,0.00,87,14.9,17.8,0.00,0.00,0.00,0,0,0,2,0,6.1,180,135,15.8,23.0,0,0.00,1010.0,996.1
2021-07-06T02:00,16.9,0.00,86,14.6,17.0,0.00,0.00,0.00,0,0,0,0,0,9.4,146,113,18.2,18.0,0,0.00,1009.6,995.7
2021-07-06T03:00,16.5,0.00,88,14.5,16.1,0.00,0.00,0.00,0,1,0,1,0,13.1,117,99,24.1,24.8,0,0.00,1008.8,994.9
2021-07-06T04:00,16.4,0.00,89,14.6,16.1,0.00,0.00,0.00,0,11,6,2,4,12.3,126,111,25.3,27.4,0,0.00,1009.0,995.1
2021-07-06T05:00,16.7,0.00,87,14.6,16.2,0.00,0.00,0.00,1,42,40,3,0,14.0,126,108,26.8,28.1,1,0.00,1008.6,994.7
2021-07-06T06:00,18.3,0.00,81,15.0,17.8,0.00,0.00,0.00,0,11,8,4,0,14.7,124,112,27.8,31.0,1,3343.15,1007.9,994.1
2021-07-06T07:00,20.2,0.00,77,16.0,20.7,0.00,0.00,0.00,1,21,2,19,1,10.7,137,130,20.6,31.0,1,3600.00,1008.3,994.6
2021-07-06T08:00,22.1,0.00,70,16.4,22.7,0.00,0.00,0.00,2,70,17,65,1,11.2,146,140,16.6,25.2,1,3600.00,1008.3,994.6
2021-07-06T09:00,23.3,0.00,66,16.7,23.7,0.00,0.00,0.00,3,99,98,62,0,13.3,182,182,19.1,32.8,1,3600.00,1008.8,995.2
2021-07-06T10:00,22.2,0.30,71,16.7,22.6,0.30,0.00,0.00,51,99,98,76,1,13.4,209,207,19.0,32.4,1,3600.00,1009.3,995.6
2021-07-06T11:00,21.7,0.80,78,17.7,22.7,0.80,0.00,0.00,53,100,100,100,0,12.5,215,213,18.4,36.4,1,789.95,1010.0,996.3
2021-07-06T12:00,19.9,4.10,92,18.6,21.0,4.10,0.00,0.00,63,100,99,96,6,13.6,223,217,24.2,34.2,1,0.00,1011.0,997.2
2021-07-06T13:00,19.4,2.10,86,17.0,19.6,2.10,0.00,0.00,61,97,100,92,2,15.5,197,193,24.0,45.7,1,0.00,1011.9,998.1
2021-07-06T14:00,18.9,1.40,93,17.8,19.7,1.40,0.00,0.00,61,100,100,98,31,13.8,222,221,23.7,34.9,1,0.00,1012.3,998.4
2021-07-06T15:00,19.6,1.90,92,18.2,20.9,1.90,0.00,0.00,61,100,100,100,15,11.7,225,223,19.9,31.0,1,0.00,1012.6,998.8
2021-07-06T16:00,18.4,1.10,88,16.4,19.3,1.10,0.00,0.00,55,100,100,94,3,9.2,229,228,17.1,29.9,1,0.00,1012.4,998.5
2021-07-06T17:00,19.1,0.00,84,16.3,19.7,0.00,0.00,0.00,3,100,100,99,2,10.5,245,248,15.9,26.6,1,0.00,1012.5,998.6
2021-07-06T18:00,18.0,0.00,79,14.3,17.9,0.00,0.00,0.00,3,100,100,98,1,10.3,246,245,18.5,26.6,1,0.00,1012.8,998.9
2021-07-06T19:00,17.4,0.30,79,13.7,17.2,0.30,0.00,0.00,51,100,100,94,0,9.4,218,212,18.7,23.0,1,0.00,1013.6,999.7
2021-07-06T20:00,16.4,1.00,87,14.3,16.6,1.00,0.00,0.00,55,100,100,98,0,8.4,212,200,18.3,20.9,1,0.00,1013.6,999.6
2021-07-06T21:00,16.0,0.50,89,14.3,16.4,0.50,0.00,0.00,53,100,100,100,0,6.7,210,196,16.6,18.7,0,0.00,1014.4,1000.4
2021-07-06T22:00,15.8,0.20,92,14.4,16.6,0.20,0.00,0.00,51,100,100,100,0,4.2,225,200,10.7,15.5,0,0.00,1014.2,1000.2
2021-07-06T23:00,15.6,0.00,89,13.8,16.2,0.00,0.00,0.00,3,100,100,100,0,4.1,233,218,12.1,10.1,0,0.00,1014.5,1000.5
2021-07-07T00:00,15.7,0.00,90,14.1,16.2,0.00,0.00,0.00,3,100,99,100,0,5.1,211,184,13.4,11.9,0,0.00,1014.8,1000.8
2021-07-07T01:00,15.9,0.00,96,15.3,16.8,0.00,0.00,0.00,3,100,48,51,17,6.1,222,208,14.0,11.9,0,0.00,1015.4,1001.4
2021-07-07T02:00,15.2,0.00,97,14.8,15.8,0.00,0.00,0.00,3,100,100,66,26,6.8,198,177,14.8,14.4,0,0.00,1015.8,1001.7
2021-07-07T03:00,15.0,0.00,97,14.6,16.0,0.00,0.00,0.00,3,100,100,99,9,3.3,197,167,10.1,15.5,0,0.00,1015.5,1001.4
2021-07-07T04:00,15.0,0.00,96,14.4,15.9,0.00,0.00,0.00,3,100,100,98,14,4.0,208,190,10.6,9.4,0,0.00,1015.6,1001.5
2021-07-07T05:00,15.0,0.00,96,14.3,15.6,0.00,0.00,0.00,3,100,100,98,26,5.2,215,196,12.7,11.9,1,0.00,1016.2,1002.1
2021-07-07T06:00,15.0,0.00,96,14.3,15.8,0.00,0.00,0.00,3,98,93,92,23,4.5,226,209,11.5,11.9,1,0.00,1016.5,1002.4
2021-07-07T07:00,15.7,0.00,93,14.5,16.6,0.00,0.00,0.00,3,98,79,95,12,4.3,221,204,8.2,14.0,1,0.00,1016.7,1002.6
2021-07-07T08:00,16.3,0.00,90,14.7,17.0,0.00,0.00,0.00,3,100,100,100,4,5.8,193,187,8.1,15.1,1,0.00,1017.2,1003.2
2021-07-07T09:00,17.1,0.00,87,14.8,17.7,0.00,0.00,0.00,3,100,100,73,6,6.8,180,177,9.4,18.0,1,0.00,1017.7,1003.7
2021-07-07T10:00,17.8,0.00,82,14.7,18.4,0.00,0.00,0.00,3,100,100,77,4,6.5,178,174,8.6,18.0,1,0.00,1017.9,1003.9
2021-07-07T11:00,18.3,0.00,80,14.7,18.9,0.00,0.00,0.00,3,100,100,90,0,6.3,170,167,8.0,17.6,1,0.00,1018.1,1004.1
2021-07-07T12:00,19.3,0.00,74,14.5,19.8,0.00,0.00,0.00,3,80,49,78,3,6.9,153,152,8.9,18.7,1,1373.11,1018.0,1004.1
2021-07-07T13:00,22.0,0.00,66,15.3,22.5,0.00,0.00,0.00,1,27,0,29,11,8.8,169,171,11.4,21.2,1,3600.00,1017.7,1003.9
2021-07-07T14:00,22.7,0.10,58,14.1,23.8,0.10,0.00,0.00,51,39,0,34,13,8.4,189,190,11.3,24.1,1,3600.00,1017.6,1003.8
2021-07-07T15:00,23.1,0.00,54,13.4,23.6,0.00,0.00,0.00,1,26,0,25,4,7.2,197,198,9.8,22.7,1,3600.00,1017.6,1003.9
2021-07-07T16:00,23.3,0.00,54,13.4,23.7,0.00,0.00,0.00,1,25,0,25,1,6.5,185,183,8.7,20.2,1,3600.00,1017.5,1003.8
2021-07-07T17:00,23.3,0.00,55,13.7,23.6,0.00,0.00,0.00,1,26,0,25,1,5.9,169,169,7.7,18.0,1,3600.00,1017.3,1003.6
2021-07-07T18:00,22.9,0.00,59,14.4,23.5,0.00,0.00,0.00,1,33,1,32,0,5.5,157,157,8.2,15.5,1,3600.00,1017.4,1003.7
2021-07-07T19:00,21.8,0.00,68,15.5,22.7,0.00,0.00,0.00,0,16,0,16,0,6.4,132,128,13.5,13.7,1,3600.00,1017.6,1003.8
2021-07-07T20:00,19.9,0.00,76,15.5,20.4,0.00,0.00,0.00,0,12,3,10,0,9.1,117,108,20.3,18.4,1,3316.90,1018.0,1004.1
2021-07-07T21:00,18.5,0.00,81,15.3,19.0,0.00,0.00,0.00,0,10,3,8,0,9.1,122,108,20.9,19.1,0,0.00,1018.6,1004.6
2021-07-07T22:00,17.7,0.00,85,15.2,18.2,0.00,0.00,0.00,0,5,2,5,0,8.8,117,102,19.8,18.7,0,0.00,1018.6,1004.6
2021-07-07T23:00,17.0,0.00,88,15.1,17.5,0.00,0.00,0.00,1,25,14,21,0,8.4,116,100,19.6,18.0,0,0.00,1018.8,1004.8
2021-07-08T00:00,16.5,0.00,91,15.0,17.1,0.00,0.00,0.00,1,35,20,31,0,6.9,117,96,15.8,17.3,0,0.00,1019.0,1004.9
2021-07-08T01:00,16.8,0.00,93,15.6,17.5,0.00,0.00,0.00,1,33,100,98,0,8.0,115,100,16.7,15.8,0,0.00,1019.3,1005.2
2021-07-08T02:00,17.2,0.00,91,15.6,17.8,0.00,0.00,0.00,3,100,100,99,0,8.6,109,105,17.9,17.3,0,0.00,1019.2,1005.2
2021-07-08T03:00,16.9,0.00,92,15.5,17.7,0.00,0.00,0.00,3,98,95,95,0,7.2,105,96,16.8,16.9,0,0.00,1019.1,1005.1
2021-07-08T04:00,16.4,0.00,94,15.4,17.3,0.00,0.00,0.00,3,100,93,100,0,6.6,106,99,15.7,15.1,0,0.00,1019.0,1004.9
2021-07-08T05:00,16.4,0.00,93,15.3,17.4,0.00,0.00,0.00,3,99,43,99,0,5.8,104,90,12.2,13.7,1,0.00,1019.1,1005.0
2021-07-08T06:00,17.0,0.00,91,15.6,18.1,0.00,0.00,0.00,1,43,22,36,0,5.4,100,86,12.1,13.3,1,0.00,1019.1,1005.1
2021-07-08T07:00,18.8,0.00,86,16.4,20.4,0.00,0.00,0.00,2,52,35,40,0,4.0,99,95,6.9,12.6,1,3600.00,1019.4,1005.4
2021-07-08T08:00,20.3,0.00,81,16.8,22.2,0.00,0.00,0.00,3,97,27,97,0,3.2,86,90,4.7,12.6,1,3600.00,1019.6,1005.7
2021-07-08T09:00,21.4,0.00,76,16.9,23.7,0.00,0.00,0.00,3,97,65,94,7,1.0,68,45,1.9,12.2,1,3600.00,1019.5,1005.7
2021-07-08T10:00,22.2,0.00,72,17.0,24.4,0.00,0.00,0.00,3,98,85,92,16,2.1,352,329,2.5,15.5,1,3600.00,1019.2,1005.4
2021-07-08T11:00,22.9,0.00,71,17.5,25.1,0.00,0.00,0.00,3,91,78,76,32,4.7,300,293,5.8,22.3,1,3600.00,1018.7,1004.9
2021-07-08T12:00,22.8,1.90,70,17.2,24.5,1.90,0.00,0.00,61,99,99,35,73,6.4,322,322,8.2,22.3,1,3600.00,1018.5,1004.7
2021-07-08T13:00,20.4,8.00,79,16.5,22.1,8.00,0.00,0.00,65,86,100,72,0,3.3,333,319,4.0,20.2,1,1909.81,1020.0,1006.1
2021-07-08T14:00,20.8,1.10,79,17.0,22.6,1.10,0.00,0.00,55,100,100,34,14,4.3,266,265,5.1,18.4,1,0.00,1019.3,1005.4
2021-07-08T15:00,20.2,0.80,82,17.1,21.5,0.80,0.00,0.00,53,100,100,27,26,8.7,275,277,11.6,22.0,1,0.00,1019.1,1005.2
2021-07-08T16:00,19.7,0.30,86,17.3,21.1,0.30,0.00,0.00,51,100,99,26,86,8.7,305,308,11.9,26.3,1,1432.90,1019.3,1005.4
2021-07-08T17:00,18.9,1.30,85,16.3,19.5,1.30,0.00,0.00,61,99,98,34,43,10.8,333,330,15.8,24.5,1,689.83,1019.7,1005.7
2021-07-08T18:00,18.7,0.10,87,16.5,19.3,0.10,0.00,0.00,51,100,100,27,21,11.7,343,342,17.7,25.6,1,824.84,1019.7,1005.7
2021-07-08T19:00,18.1,0.10,88,16.2,19.1,0.10,0.00,0.00,51,95,93,37,26,7.5,334,325,12.4,25.9,1,0.00,1019.9,1005.9
2021-07-08T20:00,17.6,0.10,92,16.3,18.8,0.10,0.00,0.00,51,97,96,46,31,6.6,333,319,13.4,15.5,1,0.00,1019.9,1005.9
2021-07-08T21:00,17.1,0.00,93,15.9,18.1,0.00,0.00,0.00,3,100,100,37,28,6.8,339,328,15.4,16.2,0,0.00,1020.2,1006.1
2021-07-08T22:00,16.9,0.10,91,15.4,17.8,0.10,0.00,0.00,51,100,100,58,100,6.6,327,315,15.1,15.1,0,0.00,1020.6,1006.5
2021-07-08T23:00,16.6,0.40,92,15.4,16.8,0.40,0.00,0.00,51,100,98,85,99,11.5,318,314,20.9,23.4,0,0.00,1020.7,1006.6
2021-07-09T00:00,16.1,0.90,94,15.1,16.3,0.90,0.00,0.00,53,100,100,81,100,10.7,321,315,20.5,24.5,0,0.00,1020.7,1006.6
2021-07-09T01:00,16.5,0.80,92,15.2,16.4,0.80,0.00,0.00,53,100,100,100,49,12.3,327,322,21.6,22.3,0,0.00,1019.8,1005.7
2021-07-09T02:00,16.2,1.40,95,15.4,16.3,1.40,0.00,0.00,61,100,100,100,100,11.8,305,297,21.5,25.9,0,0.00,1019.9,1005.8
2021-07-09T03:00,16.1,2.30,94,15.2,15.9,2.30,0.00,0.00,61,100,100,100,96,13.2,308,305,24.1,27.7,0,0.00,1019.9,1005.8
2021-07-09T04:00,16.1,0.90,94,15.2,16.1,0.90,0.00,0.00,53,100,100,98,46,11.8,313,308,22.2,28.4,0,0.00,1019.7,1005.6
2021-07-09T05:00,15.9,0.60,94,14.9,15.9,0.60,0.00,0.00,53,100,100,98,27,11.3,316,307,21.6,25.9,1,0.00,1020.0,1005.9
2021-07-09T06:00,15.9,0.40,95,15.0,16.0,0.40,0.00,0.00,51,100,99,97,11,10.2,299,288,18.8,24.8,1,0.00,1020.4,1006.3
2021-07-09T07:00,16.2,0.20,94,15.2,16.4,0.20,0.00,0.00,51,100,100,100,18,10.6,287,280,19.2,23.8,1,0.00,1020.8,1006.7
2021-07-09T08:00,17.1,0.00,89,15.3,17.0,0.00,0.00,0.00,3,100,100,100,17,12.5,292,288,18.3,27.4,1,0.00,1021.0,1006.9
2021-07-09T09:00,17.9,0.10,86,15.5,18.0,0.10,0.00,0.00,51,99,85,97,19,12.3,304,302,17.4,36.7,1,1061.05,1021.1,1007.1
2021-07-09T10:00,18.9,0.10,81,15.5,19.2,0.10,0.00,0.00,51,93,47,89,42,10.5,303,301,15.1,31.3,1,1656.29,1021.1,1007.1
2021-07-09T11:00,19.6,0.20,77,15.5,20.1,0.20,0.00,0.00,51,95,13,94,53,8.7,319,318,12.5,28.8,1,3600.00,1021.2,1007.3
2021-07-09T12:00,18.7,2.60,83,15.8,18.9,2.60,0.00,0.00,63,67,45,44,4,12.0,324,321,17.0,30.2,1,2106.60,1021.4,1007.4
2021-07-09T13:00,21.1,0.20,75,16.5,22.7,0.20,0.00,0.00,51,92,21,36,26,9.2,322,321,11.8,30.6,1,3600.00,1020.9,1007.0
2021-07-09T14:00,21.7,0.20,70,16.0,22.6,0.20,0.00,0.00,51,86,60,74,44,9.8,325,324,13.2,31.0,1,3600.00,1020.6,1006.8
2021-07-09T15:00,19.9,2.50,77,15.8,20.4,2.50,0.00,0.00,63,57,9,50,15,10.2,317,309,14.8,32.4,1,3600.00,1020.8,1006.9
2021-07-09T16:00,20.4,1.10,77,16.2,21.2,1.10,0.00,0.00,55,56,22,44,8,9.3,326,324,13.0,28.1,1,3600.00,1020.9,1007.0
2021-07-09T17:00,19.5,1.60,79,15.7,20.3,1.60,0.00,0.00,61,53,14,39,23,7.2,10,6,9.9,27.7,1,3600.00,1021.0,1007.0
2021-07-09T18:00,19.1,0.30,81,15.7,20.5,0.30,0.00,0.00,51,62,0,62,1,3.7,312,299,4.8,17.6,1,3600.00,1021.0,1007.0
2021-07-09T19:00,18.7,0.10,85,16.0,20.2,0.10,0.00,0.00,51,50,0,50,3,3.6,270,264,4.7,11.5,1,3600.00,1021.1,1007.1
2021-07-09T20:00,17.5,0.00,93,16.4,19.2,0.00,0.00,0.00,2,52,0,52,0,3.4,243,238,8.0,9.0,1,2413.29,1021.2,1007.2
2021-07-09T21:00,16.0,0.00,96,15.4,16.9,0.00,0.00,0.00,1,42,0,42,0,6.1,232,220,8.2,9.0,0,0.00,1021.5,1007.4
2021-07-09T22:00,17.1,0.00,94,16.0,18.6,0.00,0.00,0.00,1,30,0,30,0,3.7,228,169,5.4,9.0,0,0.00,1021.6,1007.5
2021-07-09T23:00,15.0,0.00,97,14.6,15.9,0.00,0.00,0.00,1,26,0,26,0,4.6,197,135,3.8,6.5,0,0.00,1021.4,1007.2
2021-07-10T00:00,15.0,0.00,97,14.6,15.8,0.00,0.00,0.00,1,49,29,23,10,4.4,169,125,5.5,7.9,0,0.00,1021.1,1006.9
2021-07-10T01:00,15.2,0.00,96,14.6,16.0,0.00,0.00,0.00,3,99,0,26,3,5.2,145,106,11.4,8.3,0,0.00,1021.1,1006.9
2021-07-10T02:00,14.6,0.00,97,14.0,15.2,0.00,0.00,0.00,1,36,0,35,4,4.7,135,94,10.7,11.2,0,0.00,1020.5,1006.3
2021-07-10T03:00,14.0,0.00,97,13.5,14.5,0.00,0.00,0.00,2,53,0,51,16,4.7,127,81,9.0,9.7,0,0.00,1020.1,1005.9
2021-07-10T04:00,14.9,0.00,96,14.2,15.2,0.00,0.00,0.00,1,40,0,38,7,6.8,115,90,13.9,13.3,0,0.00,1019.6,1005.4
2021-07-10T05:00,15.1,0.00,95,14.3,15.3,0.00,0.00,0.00,3,89,88,12,5,8.1,119,111,18.8,16.6,1,0.00,1019.4,1005.3
2021-07-10T06:00,16.0,0.00,93,14.9,16.3,0.00,0.00,0.00,1,29,22,5,8,9.4,122,122,17.5,18.4,1,3156.40,1019.3,1005.2
2021-07-10T07:00,17.1,0.00,90,15.5,17.8,0.00,0.00,0.00,3,88,88,1,2,8.3,124,124,13.5,19.8,1,3600.00,1019.3,1005.3
2021-07-10T08:00,18.6,0.00,85,16.1,19.6,0.00,0.00,0.00,3,91,91,0,0,6.9,137,137,9.4,20.2,1,3600.00,1019.1,1005.1
2021-07-10T09:00,20.1,0.00,78,16.2,21.6,0.00,0.00,0.00,2,79,79,0,0,4.7,155,157,6.0,18.7,1,3600.00,1018.6,1004.7
2021-07-10T10:00,21.6,0.10,69,15.7,23.7,0.10,0.00,0.00,51,98,98,17,9,3.6,171,180,4.4,23.4,1,3600.00,1018.2,1004.4
2021-07-10T11:00,22.3,0.00,63,14.9,23.6,0.00,0.00,0.00,3,96,95,23,6,2.6,186,196,3.6,15.1,1,3600.00,1017.7,1003.9
2021-07-10T12:00,22.9,0.00,58,14.3,24.1,0.00,0.00,0.00,3,97,96,37,6,2.9,202,210,3.9,13.3,1,3600.00,1017.2,1003.5
2021-07-10T13:00,24.4,0.00,48,12.7,25.1,0.00,0.00,0.00,1,43,94,21,1,4.6,137,141,5.9,13.3,1,3600.00,1016.2,1002.5
2021-07-10T14:00,24.4,0.00,51,13.5,25.5,0.00,0.00,0.00,3,97,95,30,7,5.9,164,166,7.9,18.0,1,3600.00,1015.9,1002.2
2021-07-10T15:00,24.0,0.10,54,14.0,24.2,0.10,0.00,0.00,51,91,88,26,18,7.3,149,147,9.7,19.4,1,3600.00,1015.4,1001.7
2021-07-10T16:00,24.0,0.00,54,14.2,24.3,0.00,0.00,0.00,1,26,10,19,0,7.4,114,113,9.8,19.4,1,3600.00,1014.6,1000.9
2021-07-10T17:00,24.1,0.00,55,14.6,24.6,0.00,0.00,0.00,1,39,1,36,22,7.4,113,113,10.2,19.4,1,3600.00,1014.1,1000.5
2021-07-10T18:00,23.4,0.00,60,15.2,23.8,0.00,0.00,0.00,1,25,0,25,0,8.6,93,92,14.1,19.8,1,3600.00,1013.8,1000.1
2021-07-10T19:00,22.5,0.00,69,16.6,24.1,0.00,0.00,0.00,2,71,60,46,5,5.0,93,90,12.3,19.4,1,3600.00,1014.1,1000.4
2021-07-10T20:00,20.5,0.00,77,16.4,22.0,0.00,0.00,0.00,3,93,82,86,2,4.8,120,132,10.8,10.8,1,2022.79,1014.2,1000.4
2021-07-10T21:00,20.6,0.30,73,15.6,22.0,0.30,0.00,0.00,51,100,100,95,2,3.2,137,207,6.9,10.4,0,0.00,1015.0,1001.2
2021-07-10T22:00,19.0,0.80,85,16.5,20.7,0.80,0.00,0.00,53,100,97,95,6,3.7,235,241,10.1,8.6,0,0.00,1015.2,1001.3
2021-07-10T23:00,18.0,0.60,94,17.1,19.8,0.60,0.00,0.00,53,100,99,78,45,4.9,261,253,12.0,17.6,0,0.00,1015.5,1001.6
2021-07-11T00:00,17.8,0.20,95,16.9,19.6,0.20,0.00,0.00,51,100,99,88,14,4.1,236,218,9.6,10.8,0,0.00,1015.7,1001.7
2021-07-11T01:00,17.0,0.50,91,15.5,17.1,0.50,0.00,0.00,53,100,100,99,84,12.3,221,220,21.9,19.8,0,0.00,1016.2,1002.2
2021-07-11T02:00,16.8,0.80,95,16.0,17.4,0.80,0.00,0.00,53,100,100,98,38,10.0,223,218,18.3,24.8,0,0.00,1016.0,1002.0
2021-07-11T03:00,16.5,0.30,94,15.5,16.5,0.30,0.00,0.00,51,100,100,99,100,13.0,233,231,22.1,25.6,0,0.00,1016.3,1002.3
2021-07-11T04:00,16.2,0.50,94,15.2,16.0,0.50,0.00,0.00,53,100,100,100,95,13.1,240,238,22.4,27.0,0,0.00,1016.4,1002.4
2021-07-11T05:00,15.9,0.30,96,15.2,16.1,0.30,0.00,0.00,51,100,92,98,49,10.6,238,235,19.1,27.7,1,0.00,1016.6,1002.5
2021-07-11T06:00,16.1,0.20,95,15.3,16.5,0.20,0.00,0.00,51,100,90,100,28,8.9,237,230,16.4,22.7,1,0.00,1016.8,1002.7
2021-07-11T07:00,16.2,0.30,96,15.5,16.6,0.30,0.00,0.00,51,100,85,100,46,9.5,236,233,16.9,20.5,1,0.00,1017.1,1003.0
2021-07-11T08:00,16.5,0.40,94,15.5,17.2,0.40,0.00,0.00,51,98,52,95,36,8.0,249,243,13.1,20.2,1,0.00,1017.4,1003.4
2021-07-11T09:00,17.0,0.20,91,15.5,17.6,0.20,0.00,0.00,51,83,22,73,51,8.7,257,253,12.6,20.2,1,0.00,1017.7,1003.7
2021-07-11T10:00,18.5,0.20,88,16.5,19.7,0.20,0.00,0.00,51,70,23,56,45,6.8,268,267,9.4,21.2,1,3600.00,1017.5,1003.5
2021-07-11T11:00,19.2,0.10,84,16.5,20.7,0.10,0.00,0.00,51,95,83,89,51,4.7,273,274,6.1,19.4,1,3600.00,1017.7,1003.8
2021-07-11T12:00,20.0,0.20,82,16.8,22.1,0.20,0.00,0.00,51,96,90,88,50,1.8,270,270,2.2,18.7,1,2775.54,1017.7,1003.8
2021-07-11T13:00,19.8,0.20,71,14.3,20.5,0.20,0.00,0.00,51,91,0,94,33,5.2,257,258,6.6,16.9,1,1719.43,1018.0,1004.1
2021-07-11T14:00,20.6,0.00,68,14.4,21.3,0.00,0.00,0.00,1,40,0,39,8,5.1,276,278,6.5,22.0,1,3600.00,1017.5,1003.6
2021-07-11T15:00,21.4,0.00,64,14.2,22.5,0.00,0.00,0.00,1,38,0,33,13,7.2,277,276,9.4,21.6,1,3600.00,1017.2,1003.4
2021-07-11T16:00,21.5,0.00,61,13.7,22.0,0.00,0.00,0.00,1,42,0,36,19,4.5,285,284,5.6,20.9,1,3600.00,1016.8,1003.0
2021-07-11T17:00,21.6,0.00,61,13.7,22.6,0.00,0.00,0.00,1,35,0,34,5,1.1,315,342,1.5,16.6,1,3600.00,1016.2,1002.4
2021-07-11T18:00,21.5,0.00,62,13.9,22.2,0.00,0.00,0.00,1,27,0,27,1,3.5,72,66,4.6,10.1,1,3600.00,1016.0,1002.2
2021-07-11T19:00,21.1,0.00,67,14.6,22.1,0.00,0.00,0.00,0,11,0,11,1,3.3,104,96,4.5,10.1,1,3600.00,1015.9,1002.1
2021-07-11T20:00,18.3,0.00,83,15.3,19.3,0.00,0.00,0.00,0,4,0,4,2,5.7,128,108,5.9,7.6,1,3180.46,1015.8,1001.9
2021-07-11T21:00,17.0,0.00,82,14.0,17.6,0.00,0.00,0.00,0,12,10,3,1,4.8,146,117,8.3,9.4,0,0.00,1016.1,1002.1
2021-07-11T22:00,16.1,0.00,84,13.5,16.6,0.00,0.00,0.00,0,7,6,1,1,4.6,159,108,8.1,9.0,0,0.00,1015.8,1001.8
2021-07-11T23:00,15.5,0.00,85,13.1,15.9,0.00,0.00,0.00,0,11,11,0,0,4.0,145,95,7.0,8.6,0,0.00,1015.8,1001.7
2021-07-12T00:00,15.1,0.00,86,12.9,15.3,0.00,0.00,0.00,1,26,26,0,0,5.1,121,86,8.4,9.7,0,0.00,1015.7,1001.6
2021-07-12T01:00,15.2,0.00,86,12.9,15.0,0.00,0.00,0.00,3,95,15,0,0,7.6,118,98,16.8,13.3,0,0.00,1014.9,1000.8
2021-07-12T02:00,15.0,0.00,86,12.6,14.6,0.00,0.00,0.00,0,18,18,0,0,8.4,109,97,19.5,16.6,0,0.00,1014.3,1000.2
2021-07-12T03:00,14.8,0.00,86,12.4,14.2,0.00,0.00,0.00,0,0,0,0,0,9.1,104,97,20.4,18.0,0,0.00,1014.0,999.9
2021-07-12T04:00,14.3,0.00,88,12.3,13.6,0.00,0.00,0.00,0,0,0,0,0,9.2,106,101,20.6,18.7,0,0.00,1014.0,999.9
2021-07-12T05:00,14.3,0.00,89,12.4,13.5,0.00,0.00,0.00,0,0,0,0,0,10.5,103,98,22.5,20.9,1,0.00,1013.4,999.3
2021-07-12T06:00,15.8,0.00,85,13.3,15.3,0.00,0.00,0.00,3,92,92,0,0,10.6,105,100,21.7,22.0,1,3050.69,1013.1,999.1
2021-07-12T07:00,17.8,0.00,80,14.3,17.7,0.00,0.00,0.00,3,92,92,0,0,10.2,103,100,18.5,23.4,1,3600.00,1012.7,998.8
2021-07-12T08:00,19.7,0.00,75,15.2,20.0,0.00,0.00,0.00,3,96,96,0,0,9.8,99,98,14.6,23.4,1,3600.00,1012.5,998.7
2021-07-12T09:00,21.1,0.00,71,15.7,21.3,0.00,0.00,0.00,3,95,95,0,0,11.3,96,97,15.9,26.3,1,3600.00,1011.5,997.8
2021-07-12T10:00,22.7,0.00,64,15.5,22.9,0.00,0.00,0.00,3,94,94,0,0,12.0,106,106,17.2,29.2,1,3600.00,1011.0,997.3
2021-07-12T11:00,23.5,0.00,59,15.1,23.7,0.00,0.00,0.00,3,84,84,0,0,12.0,105,106,16.4,28.8,1,3600.00,1010.7,997.1
2021-07-12T12:00,25.0,0.00,53,14.9,26.5,0.00,0.00,0.00,3,98,98,0,4,11.5,106,104,15.7,29.5,1,3600.00,1010.1,996.6
2021-07-12T13:00,25.2,0.00,57,16.0,27.5,0.00,0.00,0.00,3,98,79,66,0,8.9,120,117,12.1,28.8,1,3600.00,1010.3,996.8
2021-07-12T14:00,24.3,0.50,64,17.0,25.0,0.50,0.00,0.00,53,92,88,80,0,11.7,81,79,16.8,27.4,1,3600.00,1009.5,995.9
2021-07-12T15:00,26.0,0.00,54,15.9,26.9,0.00,0.00,0.00,3,95,95,3,0,10.7,112,110,14.7,28.4,1,3600.00,1009.0,995.5
2021-07-12T16:00,26.4,0.00,52,15.7,27.4,0.00,0.00,0.00,3,99,98,69,0,8.4,131,130,11.5,25.2,1,3600.00,1008.7,995.2
2021-07-12T17:00,26.0,0.00,55,16.3,27.4,0.00,0.00,0.00,3,93,92,18,1,5.1,137,135,8.4,20.5,1,1935.52,1008.5,995.0
2021-07-12T18:00,25.5,0.00,66,18.8,28.4,0.00,0.00,0.00,3,90,90,4,1,2.4,90,63,4.7,11.9,1,35.95,1008.4,994.9
2021-07-12T19:00,24.2,0.00,80,20.5,27.8,0.00,0.00,0.00,3,86,85,4,0,3.6,63,37,6.4,7.6,1,2406.07,1008.2,994.6
2021-07-12T20:00,22.0,0.00,81,18.6,24.4,0.00,0.00,0.00,3,80,79,18,1,5.7,61,35,9.0,8.3,1,502.46,1007.8,994.1
2021-07-12T21:00,20.2,0.00,83,17.3,22.1,0.00,0.00,0.00,3,99,99,7,11,5.1,70,39,8.4,9.7,0,0.00,1007.9,994.2
2021-07-12T22:00,19.5,0.00,84,16.8,21.4,0.00,0.00,0.00,3,100,99,44,36,3.8,7,17,5.8,8.6,0,0.00,1007.9,994.1
2021-07-12T23:00,19.8,0.00,81,16.5,21.2,0.00,0.00,0.00,3,100,100,84,10,5.9,346,349,13.7,17.3,0,0.00,1007.8,994.0
2021-07-13T00:00,19.3,0.30,85,16.8,21.0,0.30,0.00,0.00,51,100,100,80,3,4.4,360,9,12.2,16.6,0,0.00,1007.3,993.5
2021-07-13T01:00,18.8,0.70,94,17.8,20.7,0.70,0.00,0.00,53,99,100,99,0,5.9,296,281,14.8,13.0,0,0.00,1009.1,995.3
2021-07-13T02:00,18.6,0.70,95,17.8,20.9,0.70,0.00,0.00,53,100,99,89,6,3.4,314,302,10.4,12.2,0,0.00,1008.9,995.1
2021-07-13T03:00,18.5,2.10,96,17.9,20.6,2.10,0.00,0.00,61,100,100,100,34,5.6,249,230,10.8,10.8,0,0.00,1008.9,995.1
2021-07-13T04:00,18.3,6.10,98,18.0,20.4,6.10,0.00,0.00,63,100,100,100,100,5.6,221,207,11.5,13.7,0,0.00,1008.8,995.0
2021-07-13T05:00,18.2,9.80,99,18.0,20.8,9.80,0.00,0.00,65,100,100,100,95,1.6,297,333,5.6,11.2,1,0.00,1008.3,994.5
2021-07-13T06:00,18.2,8.40,98,17.8,20.3,8.40,0.00,0.00,65,100,99,100,96,5.1,355,356,12.3,13.7,1,0.00,1007.6,993.8
2021-07-13T07:00,18.5,4.10,98,18.1,20.7,4.10,0.00,0.00,63,99,66,96,97,5.2,261,245,6.9,10.1,1,0.00,1007.6,993.8
2021-07-13T08:00,18.6,0.80,100,18.6,20.8,0.80,0.00,0.00,53,99,72,98,90,6.6,245,241,9.5,25.9,1,0.00,1007.7,993.9
2021-07-13T09:00,18.6,0.80,93,17.5,20.2,0.80,0.00,0.00,53,100,83,100,75,6.9,223,219,9.4,26.3,1,0.00,1007.7,993.9
2021-07-13T10:00,18.5,0.80,94,17.6,19.8,0.80,0.00,0.00,53,100,98,98,100,9.6,219,214,14.8,29.9,1,0.00,1007.8,994.0
2021-07-13T11:00,18.4,0.50,95,17.6,19.2,0.50,0.00,0.00,53,100,94,95,100,13.0,208,204,20.5,27.0,1,0.00,1008.0,994.2
2021-07-13T12:00,18.1,0.30,96,17.4,18.4,0.30,0.00,0.00,51,100,95,63,99,16.0,210,203,25.8,34.2,1,0.00,1008.1,994.3
2021-07-13T13:00,16.1,0.10,94,15.1,15.3,0.10,0.00,0.00,51,100,98,100,100,16.8,231,228,31.2,41.8,1,3323.35,1010.3,996.3
2021-07-13T14:00,16.0,1.20,95,15.1,15.3,1.20,0.00,0.00,55,100,100,88,94,16.5,227,224,27.2,37.1,1,0.00,1010.8,996.8
2021-07-13T15:00,17.0,0.40,85,14.5,15.5,0.40,0.00,0.00,51,100,95,100,100,20.4,235,234,30.0,49.0,1,0.00,1011.0,997.1
2021-07-13T16:00,16.7,0.10,88,14.7,16.1,0.10,0.00,0.00,51,93,89,18,44,14.8,227,225,22.2,43.2,1,0.00,1010.6,996.7
2021-07-13T17:00,17.7,0.00,80,14.2,16.1,0.00,0.00,0.00,3,100,89,17,99,20.5,232,232,30.5,45.4,1,3600.00,1010.5,996.6
2021-07-13T18:00,17.7,0.00,78,13.8,16.4,0.00,0.00,0.00,3,100,100,37,57,16.9,242,241,25.0,44.6,1,382.69,1010.4,996.5
2021-07-13T19:00,17.8,0.00,78,13.8,17.4,0.00,0.00,0.00,3,98,97,7,41,11.2,238,237,19.6,36.0,1,2111.44,1010.4,996.5
2021-07-13T20:00,17.3,0.00,80,13.8,17.4,0.00,0.00,0.00,3,96,91,4,52,7.8,239,236,16.3,24.1,1,0.00,1010.5,996.6
2021-07-13T21:00,17.4,0.00,79,13.7,17.3,0.00,0.00,0.00,2,69,41,5,47,8.9,236,230,17.9,18.7,0,0.00,1010.9,997.0
2021-07-13T22:00,16.4,0.00,83,13.6,16.0,0.00,0.00,0.00,2,62,57,3,12,10.7,232,225,21.8,22.7,0,0.00,1010.3,996.4
2021-07-13T23:00,15.6,0.00,87,13.5,15.3,0.00,0.00,0.00,3,84,82,1,9,9.7,230,222,22.0,23.0,0,0.00,1010.4,996.4
2021-07-14T00:00,14.8,0.00,92,13.5,14.8,0.00,0.00,0.00,3,84,82,0,16,8.0,228,216,19.4,21.2,0,0.00,1010.5,996.5
2021-07-14T01:00,14.9,0.00,91,13.4,14.7,0.00,0.00,0.00,3,87,73,0,36,8.7,202,197,18.6,18.7,0,0.00,1011.8,997.8
2021-07-14T02:00,14.7,0.00,91,13.3,14.8,0.00,0.00,0.00,3,90,84,29,45,6.4,218,207,16.4,19.1,0,0.00,1011.5,997.5
2021-07-14T03:00,14.8,0.00,89,12.9,14.4,0.00,0.00,0.00,3,88,87,1,9,8.7,217,204,18.0,18.4,0,0.00,1011.2,997.2
2021-07-14T04:00,14.2,0.00,89,12.4,13.7,0.00,0.00,0.00,3,100,100,83,22,8.3,220,214,19.4,20.9,0,0.00,1011.3,997.2
2021-07-14T05:00,14.1,0.00,90,12.5,13.6,0.00,0.00,0.00,3,100,100,16,29,8.7,216,204,18.8,18.7,1,0.00,1011.4,997.3
2021-07-14T06:00,14.7,0.00,88,12.7,14.0,0.00,0.00,0.00,3,100,100,7,31,10.1,208,197,20.5,22.3,1,0.00,1011.5,997.5
2021-07-14T07:00,15.5,0.00,85,12.9,15.0,0.00,0.00,0.00,3,100,100,23,12,9.7,219,211,15.9,22.3,1,0.00,1011.4,997.4
2021-07-14T08:00,16.7,0.00,81,13.4,15.5,0.00,0.00,0.00,3,100,99,12,49,15.9,231,231,22.5,34.6,1,3600.00,1011.3,997.4
2021-07-14T09:00,17.5,0.00,75,13.1,16.2,0.00,0.00,0.00,3,100,99,79,79,15.5,226,224,22.1,35.3,1,1102.95,1011.3,997.4
2021-07-14T10:00,17.9,0.00,72,12.8,16.8,0.00,0.00,0.00,3,100,100,100,70,13.5,225,224,19.3,34.9,1,0.00,1011.6,997.7
2021-07-14T11:00,18.2,0.10,70,12.6,17.1,0.10,0.00,0.00,51,100,100,100,89,13.0,228,226,18.9,30.2,1,0.00,1011.6,997.7
2021-07-14T12:00,19.0,0.20,67,12.7,18.2,0.20,0.00,0.00,51,100,100,100,91,11.5,238,238,16.5,28.8,1,0.00,1011.9,998.1
2021-07-14T13:00,17.0,0.60,88,15.1,16.5,0.60,0.00,0.00,53,100,100,100,35,14.9,217,217,22.1,25.9,1,0.00,1011.9,998.0
2021-07-14T14:00,17.4,0.60,89,15.7,17.6,0.60,0.00,0.00,53,100,100,98,12,12.0,219,219,17.7,31.7,1,0.00,1011.9,998.0
2021-07-14T15:00,18.3,0.20,84,15.6,17.8,0.20,0.00,0.00,51,48,26,0,39,16.8,226,227,23.9,35.6,1,1336.01,1011.5,997.6
2021-07-14T16:00,19.3,0.20,81,15.9,19.2,0.20,0.00,0.00,51,99,97,29,59,14.5,223,222,20.6,37.8,1,3600.00,1011.5,997.7
2021-07-14T17:00,18.4,0.10,81,15.2,18.2,0.10,0.00,0.00,51,100,100,8,22,13.2,208,206,20.0,33.8,1,0.00,1011.4,997.5
2021-07-14T18:00,18.4,0.00,81,15.2,18.1,0.00,0.00,0.00,3,96,96,3,28,14.0,204,203,21.3,31.0,1,0.00,1011.2,997.3
2021-07-14T19:00,17.7,0.00,85,15.1,17.2,0.00,0.00,0.00,2,78,64,17,38,14.5,207,203,23.3,32.8,1,857.98,1011.1,997.2
2021-07-14T20:00,16.8,0.10,87,14.7,16.5,0.10,0.00,0.00,51,51,0,11,47,12.5,199,192,22.4,31.7,1,1438.62,1010.9,997.0
2021-07-14T21:00,16.3,0.10,89,14.4,15.7,0.10,0.00,0.00,51,100,0,2,100,13.7,193,185,24.0,28.8,0,0.00,1011.2,997.2
2021-07-14T22:00,16.2,0.00,89,14.4,15.5,0.00,0.00,0.00,3,100,0,2,100,14.8,190,183,24.9,32.4,0,0.00,1011.0,997.0
2021-07-14T23:00,16.0,0.00,92,14.7,15.6,0.00,0.00,0.00,3,100,0,3,100,13.4,193,185,23.2,31.0,0,0.00,1010.8,996.8
2021-07-15T00:00,16.1,0.10,91,14.6,15.6,0.10,0.00,0.00,51,100,0,18,100,14.0,199,192,24.4,30.2,0,0.00,1010.8,996.8
2021-07-15T01:00,15.7,0.10,93,14.6,16.1,0.10,0.00,0.00,51,100,2,10,100,7.2,168,162,15.8,31.7,0,0.00,1011.4,997.4
2021-07-15T02:00,15.9,0.00,91,14.5,15.8,0.00,0.00,0.00,3,80,75,5,39,10.9,195,188,19.7,24.1,0,0.00,1010.8,996.8
2021-07-15T03:00,15.0,0.00,94,14.1,15.3,0.00,0.00,0.00,3,96,94,3,49,6.6,189,171,14.6,22.3,0,0.00,1011.0,997.0
2021-07-15T04:00,14.4,0.00,95,13.6,15.1,0.00,0.00,0.00,3,100,85,18,100,3.4,167,122,8.1,14.4,0,0.00,1011.5,997.4
2021-07-15T05:00,15.4,0.00,92,14.2,15.6,0.00,0.00,0.00,3,100,57,0,100,7.9,156,141,13.0,15.8,1,0.00,1011.4,997.4
2021-07-15T06:00,15.6,0.00,92,14.4,16.0,0.00,0.00,0.00,3,100,74,0,100,6.9,150,137,12.4,16.6,1,0.00,1011.5,997.5
2021-07-15T07:00,16.1,0.00,91,14.6,16.7,0.00,0.00,0.00,3,100,94,0,100,6.5,182,177,8.6,13.3,1,0.00,1011.8,997.8
2021-07-15T08:00,16.3,0.10,92,15.0,16.8,0.10,0.00,0.00,51,100,47,0,100,8.0,216,216,11.1,20.5,1,0.00,1012.0,998.0
2021-07-15T09:00,16.9,0.20,89,15.1,17.8,0.20,0.00,0.00,51,99,17,13,99,5.5,261,259,7.3,17.6,1,0.00,1012.6,998.6
2021-07-15T10:00,18.6,0.30,80,15.2,19.8,0.30,0.00,0.00,51,82,27,2,76,3.8,293,287,4.7,16.6,1,3600.00,1012.6,998.7
2021-07-15T11:00,19.7,0.00,74,15.0,21.0,0.00,0.00,0.00,3,97,44,0,94,2.2,286,279,2.6,14.4,1,3600.00,1012.6,998.8
2021-07-15T12:00,20.6,0.30,70,15.0,21.5,0.30,0.00,0.00,51,69,34,60,31,4.7,305,302,5.7,15.8,1,3535.92,1012.7,998.9
2021-07-15T13:00,21.8,0.10,63,14.4,23.2,0.10,0.00,0.00,51,70,99,43,14,3.3,18,6,4.6,16.6,1,3600.00,1013.2,999.5
2021-07-15T14:00,22.5,0.00,58,13.7,23.5,0.00,0.00,0.00,3,88,80,51,22,5.5,342,337,6.8,16.9,1,3600.00,1013.0,999.3
2021-07-15T15:00,22.1,0.00,58,13.5,22.0,0.00,0.00,0.00,3,97,95,55,31,8.4,352,350,10.9,20.2,1,3600.00,1013.3,999.6
2021-07-15T16:00,22.0,0.10,61,14.0,22.3,0.10,0.00,0.00,51,100,100,32,22,6.5,360,357,8.6,21.2,1,3600.00,1013.2,999.5
2021-07-15T17:00,22.3,0.00,60,14.1,22.7,0.00,0.00,0.00,2,58,50,20,13,6.1,5,3,8.3,16.2,1,3600.00,1013.5,999.8
2021-07-15T18:00,21.5,0.00,63,14.3,22.1,0.00,0.00,0.00,3,90,84,51,25,5.4,20,20,7.3,15.5,1,3600.00,1013.7,999.9
2021-07-15T19:00,20.8,0.00,72,15.6,22.1,0.00,0.00,0.00,3,85,80,40,20,3.7,36,29,6.2,12.2,1,2157.81,1014.2,1000.4
2021-07-15T20:00,20.4,0.00,71,15.0,21.6,0.00,0.00,0.00,3,96,87,68,12,2.8,38,40,4.1,6.8,1,333.50,1014.6,1000.8
2021-07-15T21:00,19.4,0.00,76,15.1,20.6,0.00,0.00,0.00,2,78,62,59,1,3.4,214,198,2.6,4.7,0,0.00,1015.3,1001.4
2021-07-15T22:00,18.8,0.20,79,15.1,20.1,0.20,0.00,0.00,51,47,3,44,6,2.6,221,146,3.8,11.9,0,0.00,1015.8,1001.9
2021-07-15T23:00,16.6,0.00,91,15.0,17.5,0.00,0.00,0.00,2,58,11,46,25,4.8,207,138,4.0,6.1,0,0.00,1016.1,1002.1
2021-07-16T00:00,15.8,0.10,93,14.7,16.9,0.10,0.00,0.00,51,54,24,29,31,3.3,117,96,0.8,15.1,0,0.00,1016.3,1002.2
2021-07-16T01:00,15.8,0.10,97,15.2,16.5,0.10,0.00,0.00,51,96,69,1,17,7.1,309,330,10.2,13.7,0,0.00,1016.6,1002.5
2021-07-16T02:00,16.1,0.00,95,15.3,17.0,0.00,0.00,0.00,3,94,93,0,14,5.8,346,356,15.2,12.6,0,0.00,1016.9,1002.8
2021-07-16T03:00,15.9,0.00,95,15.2,16.8,0.00,0.00,0.00,3,94,92,62,7,5.8,357,360,15.5,12.6,0,0.00,1016.8,1002.7
2021-07-16T04:00,15.4,0.00,96,14.8,16.2,0.00,0.00,0.00,1,28,16,22,0,4.9,13,17,12.6,12.6,0,0.00,1016.8,1002.7
2021-07-16T05:00,14.9,0.00,97,14.4,15.7,0.00,0.00,0.00,0,16,0,16,1,4.6,26,39,10.0,11.5,1,0.00,1017.3,1003.2
2021-07-16T06:00,16.3,0.00,94,15.3,17.6,0.00,0.00,0.00,1,38,0,31,13,3.1,31,54,6.3,9.0,1,2818.68,1017.7,1003.6
2021-07-16T07:00,17.5,0.00,92,16.2,19.4,0.00,0.00,0.00,3,86,78,33,15,1.8,13,360,3.3,8.3,1,3600.00,1017.9,1003.9
2021-07-16T08:00,18.9,0.00,87,16.6,20.2,0.00,0.00,0.00,3,81,63,21,62,6.8,360,357,9.0,16.9,1,3600.00,1018.4,1004.5
2021-07-16T09:00,20.1,0.00,83,17.1,21.4,0.00,0.00,0.00,2,58,14,7,51,7.9,350,344,10.6,22.7,1,3600.00,1018.5,1004.6
2021-07-16T10:00,21.5,0.10,81,18.1,23.2,0.10,0.00,0.00,51,69,21,6,66,8.7,340,336,11.8,23.8,1,3600.00,1018.5,1004.7
2021-07-16T11:00,21.0,4.80,79,17.2,21.3,4.80,0.00,0.00,63,90,88,17,13,15.6,354,353,21.3,33.5,1,3600.00,1018.8,1004.9
2021-07-16T12:00,21.5,1.50,77,17.3,22.8,1.50,0.00,0.00,61,69,64,18,1,9.3,29,28,13.2,35.6,1,3600.00,1018.9,1005.1
2021-07-16T13:00,24.1,0.20,62,16.2,25.4,0.20,0.00,0.00,51,56,12,11,1,11.3,347,343,14.4,26.6,1,3600.00,1018.9,1005.2
2021-07-16T14:00,24.4,0.00,58,15.6,25.6,0.00,0.00,0.00,2,72,56,41,7,12.4,346,343,16.7,29.9,1,3600.00,1018.8,1005.1
2021-07-16T15:00,24.0,0.00,59,15.4,24.1,0.00,0.00,0.00,1,44,16,32,12,13.8,354,351,19.2,31.7,1,3600.00,1019.1,1005.4
2021-07-16T16:00,23.7,0.10,68,17.5,24.2,0.10,0.00,0.00,51,47,8,40,15,14.6,352,350,20.7,33.8,1,3600.00,1019.1,1005.4
2021-07-16T17:00,22.9,0.10,69,16.9,22.9,0.10,0.00,0.00,51,53,27,36,21,16.0,354,352,23.9,35.6,1,3600.00,1019.4,1005.6
2021-07-16T18:00,22.5,0.10,73,17.3,23.2,0.10,0.00,0.00,51,64,40,35,21,12.9,350,347,20.8,35.3,1,3600.00,1019.4,1005.6
2021-07-16T19:00,21.9,0.10,75,17.2,22.8,0.10,0.00,0.00,51,60,41,27,16,11.0,345,341,20.1,27.0,1,3600.00,1019.8,1006.0
2021-07-16T20:00,20.7,0.00,78,16.7,21.5,0.00,0.00,0.00,1,37,22,13,13,10.8,334,330,22.1,23.8,1,2955.63,1020.1,1006.2
2021-07-16T21:00,19.4,0.00,80,15.9,19.6,0.00,0.00,0.00,1,34,26,8,6,12.4,338,334,24.9,26.3,0,0.00,1021.2,1007.2
2021-07-16T22:00,18.6,0.00,83,15.6,18.7,0.00,0.00,0.00,2,50,42,11,4,12.4,344,338,24.7,26.3,0,0.00,1021.8,1007.8
2021-07-16T23:00,17.6,0.00,87,15.4,17.7,0.00,0.00,0.00,2,76,74,8,2,12.1,344,337,24.4,25.9,0,0.00,1022.2,1008.1
2021-07-17T00:00,17.1,0.00,90,15.5,17.1,0.00,0.00,0.00,3,88,87,5,1,12.5,349,342,24.9,25.9,0,0.00,1022.3,1008.2
2021-07-17T01:00,17.8,0.00,90,16.2,18.2,0.00,0.00,0.00,3,92,87,13,2,12.0,357,351,23.4,26.3,0,0.00,1022.3,1008.3
2021-07-17T02:00,17.4,0.00,91,15.9,17.8,0.00,0.00,0.00,2,73,72,3,2,10.9,360,352,22.0,25.6,0,0.00,1022.4,1008.3
2021-07-17T03:00,16.9,0.00,93,15.8,17.4,0.00,0.00,0.00,2,73,72,2,3,9.6,355,347,20.6,23.0,0,0.00,1022.2,1008.1
2021-07-17T04:00,16.5,0.00,94,15.6,17.1,0.00,0.00,0.00,1,43,41,2,3,8.9,348,339,19.5,20.5,0,0.00,1022.0,1007.9
2021-07-17T05:00,16.4,0.00,94,15.5,16.9,0.00,0.00,0.00,2,74,30,0,66,9.3,356,347,19.9,19.8,1,0.00,1022.2,1008.1
2021-07-17T06:00,17.3,0.00,91,15.8,17.9,0.00,0.00,0.00,2,76,74,3,11,9.4,353,342,18.1,20.9,1,1597.68,1022.5,1008.4
2021-07-17T07:00,18.5,0.00,86,16.1,19.2,0.00,0.00,0.00,3,91,88,12,46,9.7,350,345,14.6,22.3,1,3600.00,1022.4,1008.4
2021-07-17T08:00,19.7,0.00,81,16.3,19.8,0.00,0.00,0.00,3,90,59,31,74,14.1,357,356,19.8,31.0,1,3600.00,1022.6,1008.6
2021-07-17T09:00,20.7,0.00,78,16.7,21.1,0.00,0.00,0.00,2,64,26,14,54,13.0,357,355,18.0,33.5,1,3600.00,1022.5,1008.6
2021-07-17T10:00,22.0,0.00,74,17.0,22.6,0.00,0.00,0.00,2,67,3,22,60,12.4,351,350,16.8,30.6,1,3600.00,1022.3,1008.4
2021-07-17T11:00,22.6,0.00,72,17.2,23.3,0.00,0.00,0.00,3,83,0,51,80,13.2,350,349,18.3,32.4,1,3600.00,1022.0,1008.2
2021-07-17T12:00,23.7,0.00,68,17.4,24.7,0.00,0.00,0.00,3,83,0,42,81,13.2,350,349,18.3,32.0,1,3600.00,1021.8,1008.0
2021-07-17T13:00,21.9,0.00,75,17.3,22.8,0.00,0.00,0.00,2,73,44,91,100,13.2,335,334,17.1,31.7,1,3600.00,1022.5,1008.6
2021-07-17T14:00,21.3,0.10,77,17.2,21.9,0.10,0.00,0.00,51,95,67,80,73,13.2,338,338,18.6,34.9,1,1237.76,1022.3,1008.4
2021-07-17T15:00,23.2,0.00,71,17.5,24.2,0.00,0.00,0.00,3,100,83,14,100,11.5,348,346,15.8,31.3,1,3600.00,1021.6,1007.8
2021-07-17T16:00,23.5,0.00,71,18.0,25.0,0.00,0.00,0.00,3,94,92,22,22,9.7,316,309,13.5,27.4,1,3600.00,1021.0,1007.2
2021-07-17T17:00,24.2,0.00,70,18.4,26.2,0.00,0.00,0.00,2,77,73,13,10,7.9,323,317,11.3,23.8,1,3600.00,1020.4,1006.7
2021-07-17T18:00,25.0,0.00,65,18.0,26.5,0.00,0.00,0.00,1,30,7,20,19,9.4,359,356,15.8,21.6,1,3600.00,1020.1,1006.4
2021-07-17T19:00,23.9,0.00,72,18.5,26.1,0.00,0.00,0.00,2,77,72,16,11,6.6,1,347,16.2,21.2,1,3600.00,1019.9,1006.2
2021-07-17T20:00,22.8,0.00,72,17.4,23.8,0.00,0.00,0.00,2,75,72,1,13,11.2,6,358,23.9,24.1,1,2506.54,1020.2,1006.4
2021-07-17T21:00,22.1,0.00,70,16.3,22.3,0.00,0.00,0.00,1,47,47,0,0,13.7,14,14,27.4,30.6,0,0.00,1020.9,1007.1
2021-07-17T22:00,20.3,0.00,77,16.1,20.9,0.00,0.00,0.00,1,38,38,0,0,10.5,7,4,23.9,30.2,0,0.00,1021.3,1007.4
2021-07-17T23:00,19.5,0.00,77,15.3,19.4,0.00,0.00,0.00,1,25,25,0,0,12.6,5,358,27.1,26.6,0,0.00,1021.3,1007.3
2021-07-18T00:00,18.7,0.00,67,12.5,17.5,0.00,0.00,0.00,0,4,4,0,0,13.7,3,358,28.5,29.5,0,0.00,1021.0,1007.0
2021-07-18T01:00,17.9,0.00,67,11.6,16.7,0.00,0.00,0.00,0,0,27,0,0,11.5,8,2,26.2,29.5,0,0.00,1021.2,1007.2
2021-07-18T02:00,16.9,0.00,70,11.4,15.9,0.00,0.00,0.00,0,7,7,0,0,9.7,6,360,23.5,25.2,0,0.00,1021.4,1007.3
2021-07-18T03:00,16.1,0.00,73,11.3,15.2,0.00,0.00,0.00,0,0,0,0,0,9.0,5,355,21.7,22.0,0,0.00,1021.5,1007.4
2021-07-18T04:00,15.5,0.00,77,11.5,14.5,0.00,0.00,0.00,0,0,0,0,0,9.8,3,354,22.7,21.6,0,0.00,1021.5,1007.4
2021-07-18T05:00,14.9,0.00,83,12.0,14.2,0.00,0.00,0.00,0,0,0,0,0,9.4,8,358,21.8,22.0,1,0.00,1021.5,1007.3
2021-07-18T06:00,15.8,0.00,84,13.1,15.5,0.00,0.00,0.00,0,0,0,0,0,9.1,6,351,18.4,20.2,1,2694.13,1021.6,1007.5
2021-07-18T07:00,17.3,0.00,81,14.0,17.2,0.00,0.00,0.00,0,0,0,0,0,9.5,357,349,14.4,22.0,1,3600.00,1021.6,1007.5
2021-07-18T08:00,18.8,0.00,77,14.8,19.0,0.00,0.00,0.00,0,0,0,0,0,9.8,355,352,13.7,24.1,1,3600.00,1021.9,1007.9
2021-07-18T09:00,20.4,0.00,74,15.6,21.1,0.00,0.00,0.00,0,0,0,0,0,8.4,355,350,11.6,24.1,1,3600.00,1021.9,1008.0
2021-07-18T10:00,22.1,0.00,69,16.3,23.8,0.00,0.00,0.00,0,1,0,0,1,8.0,358,352,10.4,23.0,1,3600.00,1021.7,1007.9
2021-07-18T11:00,23.4,0.00,64,16.2,24.9,0.00,0.00,0.00,2,58,0,0,58,10.1,3,360,13.3,25.9,1,3600.00,1021.5,1007.7
2021-07-18T12:00,24.5,0.00,58,15.7,25.8,0.00,0.00,0.00,1,33,0,0,33,11.5,7,4,15.2,28.4,1,3600.00,1021.0,1007.3
2021-07-18T13:00,25.4,0.00,57,16.3,27.5,0.00,0.00,0.00,0,12,0,0,10,12.0,357,353,15.9,30.6,1,3600.00,1020.7,1007.0
2021-07-18T14:00,25.9,0.00,54,15.9,27.6,0.00,0.00,0.00,0,3,0,0,3,11.9,3,360,16.2,29.5,1,3600.00,1020.2,1006.6
2021-07-18T15:00,26.4,0.00,52,15.9,27.7,0.00,0.00,0.00,0,1,0,0,1,12.6,5,2,17.3,29.9,1,3600.00,1019.7,1006.1
2021-07-18T16:00,26.5,0.00,51,15.4,27.0,0.00,0.00,0.00,0,0,0,0,0,13.4,6,6,19.2,31.0,1,3600.00,1019.3,1005.7
2021-07-18T17:00,26.3,0.00,50,15.2,26.2,0.00,0.00,0.00,0,0,0,0,0,13.1,9,8,20.4,31.0,1,3600.00,1018.9,1005.3
2021-07-18T18:00,25.6,0.00,56,16.3,26.2,0.00,0.00,0.00,0,0,0,0,0,10.5,16,16,19.1,30.2,1,3600.00,1018.7,1005.1
2021-07-18T19:00,24.3,0.00,65,17.2,25.6,0.00,0.00,0.00,0,1,0,0,1,8.7,27,24,19.3,24.1,1,3600.00,1018.8,1005.1
2021-07-18T20:00,22.3,0.00,72,17.0,23.6,0.00,0.00,0.00,0,5,0,0,5,8.0,36,36,20.1,20.5,1,2849.95,1019.1,1005.3
2021-07-18T21:00,21.1,0.00,75,16.5,22.1,0.00,0.00,0.00,0,1,0,0,1,8.5,31,28,21.0,19.1,0,0.00,1019.6,1005.7
2021-07-18T22:00,20.5,0.00,76,16.1,21.2,0.00,0.00,0.00,0,0,0,0,0,9.5,25,25,22.7,20.5,0,0.00,1019.9,1006.0
2021-07-18T23:00,20.0,0.00,76,15.6,20.6,0.00,0.00,0.00,0,0,0,0,0,8.7,28,24,22.1,20.5,0,0.00,1019.9,1006.0
2021-07-19T00:00,19.1,0.00,78,15.2,19.7,0.00,0.00,0.00,0,0,0,0,0,8.1,27,21,20.3,19.1,0,0.00,1019.7,1005.8
2021-07-19T01:00,18.9,0.00,80,15.3,19.6,0.00,0.00,0.00,0,0,0,0,1,7.3,22,20,19.4,18.4,0,0.00,1019.7,1005.7
2021-07-19T02:00,18.2,0.00,83,15.3,18.9,0.00,0.00,0.00,0,7,0,0,7,7.0,19,12,18.7,16.2,0,0.00,1019.8,1005.8
2021-07-19T03:00,17.9,0.00,86,15.4,18.6,0.00,0.00,0.00,0,6,0,0,6,7.7,18,11,19.4,16.2,0,0.00,1019.6,1005.6
2021-07-19T04:00,17.4,0.00,89,15.6,18.2,0.00,0.00,0.00,0,7,0,0,7,7.6,19,5,19.0,16.6,0,0.00,1019.5,1005.5
2021-07-19T05:00,17.0,0.00,92,15.6,17.9,0.00,0.00,0.00,0,17,0,0,17,6.5,14,354,16.3,15.8,1,0.00,1019.7,1005.6
2021-07-19T06:00,17.9,0.00,89,16.1,19.1,0.00,0.00,0.00,1,22,0,0,22,6.3,12,347,12.5,13.7,1,2630.11,1019.8,1005.8
2021-07-19T07:00,19.2,0.00,84,16.5,20.8,0.00,0.00,0.00,0,13,0,0,13,4.6,357,342,6.5,13.3,1,3600.00,1019.8,1005.9
2021-07-19T08:00,20.6,0.00,82,17.3,22.2,0.00,0.00,0.00,0,13,0,0,13,6.8,334,328,9.2,18.0,1,3600.00,1019.6,1005.7
2021-07-19T09:00,22.1,0.00,75,17.5,23.4,0.00,0.00,0.00,1,36,0,0,36,9.5,353,349,12.7,23.8,1,3600.00,1019.6,1005.8
2021-07-19T10:00,23.3,0.00,70,17.6,24.6,0.00,0.00,0.00,1,31,0,7,30,10.9,353,351,14.9,27.0,1,3600.00,1019.1,1005.4
2021-07-19T11:00,23.7,0.00,68,17.4,24.8,0.00,0.00,0.00,1,20,0,4,19,11.4,353,349,15.2,28.4,1,3600.00,1018.8,1005.1
2021-07-19T12:00,24.4,0.00,65,17.3,26.6,0.00,0.00,0.00,0,17,0,13,10,10.9,347,343,14.1,28.1,1,3600.00,1018.6,1004.9
2021-07-19T13:00,25.0,0.00,59,16.5,26.4,0.00,0.00,0.00,0,11,0,0,19,13.0,349,346,16.9,29.9,1,3600.00,1018.6,1004.9
2021-07-19T14:00,24.9,0.00,57,15.7,26.4,0.00,0.00,0.00,1,21,0,0,21,13.2,351,349,17.9,32.0,1,3600.00,1018.1,1004.4
2021-07-19T15:00,24.9,0.00,55,15.2,25.7,0.00,0.00,0.00,0,4,0,0,4,14.4,350,347,19.8,34.2,1,3600.00,1017.9,1004.2
2021-07-19T16:00,24.7,0.00,53,14.5,24.7,0.00,0.00,0.00,0,2,0,0,1,13.8,356,353,19.1,34.2,1,3600.00,1017.7,1004.0
2021-07-19T17:00,24.2,0.00,54,14.3,23.6,0.00,0.00,0.00,0,2,0,2,2,13.7,2,360,19.8,32.0,1,3600.00,1017.5,1003.8
2021-07-19T18:00,23.2,0.00,58,14.4,23.0,0.00,0.00,0.00,0,7,0,6,4,11.6,17,16,18.1,31.3,1,3600.00,1017.5,1003.8
2021-07-19T19:00,22.1,0.00,61,14.4,22.2,0.00,0.00,0.00,1,21,0,21,2,9.2,24,21,18.9,25.9,1,3600.00,1017.6,1003.8
2021-07-19T20:00,20.5,0.00,67,14.1,20.8,0.00,0.00,0.00,1,36,0,24,32,6.8,33,32,17.2,20.5,1,2793.92,1017.7,1003.8
2021-07-19T21:00,19.4,0.00,71,13.9,19.7,0.00,0.00,0.00,1,40,0,18,38,6.1,6,3,16.3,14.8,0,0.00,1018.5,1004.6
2021-07-19T22:00,19.1,0.00,71,13.7,18.7,0.00,0.00,0.00,0,17,0,4,17,11.2,3,358,23.4,22.7,0,0.00,1019.0,1005.1
2021-07-19T23:00,18.2,0.00,72,13.1,17.6,0.00,0.00,0.00,0,17,0,0,17,10.9,17,9,23.0,24.8,0,0.00,1019.1,1005.1
2021-07-20T00:00,17.4,0.00,77,13.2,17.0,0.00,0.00,0.00,0,19,0,0,19,9.3,26,16,20.8,23.0,0,0.00,1019.1,1005.1
2021-07-20T01:00,16.7,0.00,83,13.7,16.7,0.00,0.00,0.00,1,26,0,0,24,7.7,47,37,18.6,19.4,0,0.00,1019.3,1005.2
2021-07-20T02:00,16.2,0.00,84,13.4,16.5,0.00,0.00,0.00,1,39,0,3,38,5.2,47,25,14.3,16.2,0,0.00,1019.3,1005.2
2021-07-20T03:00,15.8,0.00,86,13.5,16.3,0.00,0.00,0.00,1,35,0,1,35,4.5,14,346,10.7,11.2,0,0.00,1019.1,1005.0
2021-07-20T04:00,15.8,0.00,86,13.5,16.2,0.00,0.00,0.00,1,41,0,0,41,5.1,12,356,12.5,10.8,0,0.00,1019.2,1005.1
2021-07-20T05:00,15.3,0.00,89,13.5,15.6,0.00,0.00,0.00,1,40,0,0,40,5.1,22,8,12.4,10.8,1,0.00,1019.3,1005.2
2021-07-20T06:00,15.8,0.00,88,13.8,16.2,0.00,0.00,0.00,1,35,0,0,35,5.5,28,11,10.6,11.5,1,2565.06,1019.5,1005.4
2021-07-20T07:00,17.1,0.00,83,14.1,17.8,0.00,0.00,0.00,1,29,0,0,29,4.3,13,5,6.3,12.6,1,3600.00,1019.7,1005.7
2021-07-20T08:00,18.5,0.00,78,14.5,19.2,0.00,0.00,0.00,1,28,0,0,28,4.9,351,343,6.6,14.8,1,3600.00,1019.8,1005.8
2021-07-20T09:00,19.8,0.00,69,13.9,20.0,0.00,0.00,0.00,1,25,0,0,25,7.2,347,342,9.3,19.4,1,3600.00,1020.0,1006.1
2021-07-20T10:00,20.7,0.00,64,13.7,20.8,0.00,0.00,0.00,1,21,0,0,21,8.2,340,337,10.7,22.3,1,3600.00,1020.1,1006.2
2021-07-20T11:00,21.4,0.00,61,13.4,21.7,0.00,0.00,0.00,1,21,0,0,21,8.5,337,332,11.0,23.8,1,3600.00,1020.0,1006.2
2021-07-20T12:00,22.1,0.00,55,12.6,23.1,0.00,0.00,0.00,1,36,0,0,36,9.2,334,329,11.6,25.2,1,3600.00,1019.8,1006.0
2021-07-20T13:00,23.1,0.00,50,12.3,23.9,0.00,0.00,0.00,0,18,0,0,20,9.1,346,342,11.5,25.9,1,3600.00,1019.4,1005.6
2021-07-20T14:00,23.3,0.00,50,12.2,24.3,0.00,0.00,0.00,0,10,0,0,10,9.3,348,344,12.1,25.2,1,3600.00,1019.2,1005.5
2021-07-20T15:00,23.5,0.00,49,12.1,24.2,0.00,0.00,0.00,1,20,0,0,20,9.1,344,342,12.0,24.8,1,3600.00,1019.1,1005.4
2021-07-20T16:00,23.4,0.00,48,11.9,23.3,0.00,0.00,0.00,0,5,0,0,5,9.3,348,347,12.5,24.1,1,3600.00,1019.0,1005.3
2021-07-20T17:00,23.2,0.00,49,11.8,22.4,0.00,0.00,0.00,0,0,0,0,0,9.4,357,356,13.0,23.8,1,3600.00,1018.9,1005.2
2021-07-20T18:00,22.7,0.00,52,12.3,22.3,0.00,0.00,0.00,0,0,0,0,0,8.0,358,355,12.6,22.3,1,3600.00,1018.9,1005.1
2021-07-20T19:00,21.6,0.00,62,14.0,22.0,0.00,0.00,0.00,0,0,0,0,0,5.8,3,356,13.3,18.7,1,3600.00,1019.1,1005.3
2021-07-20T20:00,19.4,0.00,66,12.9,19.1,0.00,0.00,0.00,0,0,0,0,0,7.8,37,34,18.0,15.1,1,2735.81,1019.6,1005.7
2021-07-20T21:00,18.1,0.00,64,11.3,17.1,0.00,0.00,0.00,0,0,0,0,0,9.6,52,56,22.3,20.2,0,0.00,1020.3,1006.3
2021-07-20T22:00,17.3,0.00,66,10.9,16.2,0.00,0.00,0.00,0,0,0,0,0,9.3,54,62,21.7,19.8,0,0.00,1020.7,1006.6
2021-07-20T23:00,16.8,0.00,67,10.7,15.4,0.00,0.00,0.00,0,0,0,0,0,11.0,66,71,24.3,21.6,0,0.00,1021.0,1006.9
2021-07-21T00:00,16.4,0.00,70,11.0,15.2,0.00,0.00,0.00,0,0,0,0,0,10.2,78,80,23.2,22.7,0,0.00,1021.1,1007.0
2021-07-21T01:00,14.4,0.00,81,11.3,13.4,0.00,0.00,0.00,0,0,0,0,0,9.6,84,70,15.9,20.9,0,0.00,1021.3,1007.1
2021-07-21T02:00,14.1,0.00,78,10.4,13.3,0.00,0.00,0.00,0,1,0,0,1,6.3,85,77,15.2,15.1,0,0.00,1021.3,1007.1
2021-07-21T03:00,14.1,0.00,76,9.9,13.2,0.00,0.00,0.00,0,1,0,0,1,6.1,88,87,17.3,13.0,0,0.00,1021.2,1007.0
2021-07-21T04:00,13.0,0.00,81,9.8,12.0,0.00,0.00,0.00,0,0,0,0,0,6.6,85,77,15.2,13.0,0,0.00,1021.2,1006.9
2021-07-21T05:00,12.3,0.00,85,9.8,11.3,0.00,0.00,0.00,0,0,0,0,0,6.3,79,59,11.7,11.9,1,0.00,1021.5,1007.2
2021-07-21T06:00,14.5,0.00,79,10.9,14.3,0.00,0.00,0.00,0,0,0,0,0,3.4,80,58,9.9,10.8,1,2499.09,1021.9,1007.7
2021-07-21T07:00,16.3,0.00,71,11.1,16.2,0.00,0.00,0.00,0,0,0,0,0,2.4,72,63,4.6,9.0,1,3600.00,1022.3,1008.2
2021-07-21T08:00,18.1,0.00,68,12.0,18.5,0.00,0.00,0.00,0,0,0,0,0,1.6,45,27,2.5,10.1,1,3600.00,1022.6,1008.6
2021-07-21T09:00,19.9,0.00,64,12.8,20.4,0.00,0.00,0.00,0,0,0,0,0,1.9,40,22,2.8,11.5,1,3600.00,1022.7,1008.7
2021-07-21T10:00,21.3,0.00,58,12.8,22.5,0.00,0.00,0.00,0,0,0,0,0,3.0,24,14,4.3,14.0,1,3600.00,1022.5,1008.6
2021-07-21T11:00,22.4,0.00,54,12.7,24.1,0.00,0.00,0.00,0,9,0,0,9,4.3,8,360,5.4,16.6,1,3600.00,1022.4,1008.6
2021-07-21T12:00,23.2,0.00,52,12.8,25.2,0.00,0.00,0.00,0,13,0,0,13,5.1,3,356,6.5,18.0,1,3600.00,1022.3,1008.5
2021-07-21T13:00,24.1,0.00,50,12.9,26.2,0.00,0.00,0.00,0,6,8,0,24,5.4,6,360,6.9,18.4,1,3600.00,1022.0,1008.2
2021-07-21T14:00,24.4,0.00,48,12.8,26.1,0.00,0.00,0.00,0,10,2,0,8,5.8,11,7,7.3,18.7,1,3600.00,1021.6,1007.9
2021-07-21T15:00,24.7,0.00,47,12.7,26.0,0.00,0.00,0.00,0,3,0,0,3,5.8,14,7,7.4,18.7,1,3600.00,1021.4,1007.7
2021-07-21T16:00,24.8,0.00,47,12.7,25.5,0.00,0.00,0.00,0,0,0,0,0,5.8,3,356,7.6,17.6,1,3600.00,1021.2,1007.5
2021-07-21T17:00,24.6,0.00,48,12.8,24.4,0.00,0.00,0.00,0,0,0,0,0,7.2,4,360,9.4,17.6,1,3600.00,1021.0,1007.3
2021-07-21T18:00,24.0,0.00,50,13.0,23.8,0.00,0.00,0.00,0,11,11,0,0,7.6,10,5,12.1,18.0,1,3600.00,1020.8,1007.1
2021-07-21T19:00,22.4,0.00,59,14.1,22.7,0.00,0.00,0.00,2,66,66,0,0,7.3,18,11,16.6,18.0,1,3600.00,1020.7,1006.9
2021-07-21T20:00,20.3,0.00,64,13.3,20.1,0.00,0.00,0.00,2,76,76,0,0,8.0,31,27,19.4,16.9,1,2675.67,1021.0,1007.1
2021-07-21T21:00,18.9,0.00,67,12.7,18.5,0.00,0.00,0.00,2,72,72,0,0,8.4,41,43,19.1,17.3,0,0.00,1021.6,1007.6
2021-07-21T22:00,17.8,0.00,71,12.5,17.4,0.00,0.00,0.00,2,67,67,0,0,8.4,41,47,18.6,17.3,0,0.00,1021.8,1007.8
2021-07-21T23:00,17.5,0.00,71,12.1,16.7,0.00,0.00,0.00,0,9,8,0,0,9.9,44,44,22.7,19.8,0,0.00,1022.0,1007.9
2021-07-22T00:00,17.3,0.00,72,12.2,16.5,0.00,0.00,0.00,0,0,0,0,0,10.5,54,52,23.7,21.2,0,0.00,1021.7,1007.6
2021-07-22T01:00,17.0,0.00,73,12.2,16.3,0.00,0.00,0.00,0,0,0,0,2,9.5,64,61,21.3,21.2,0,0.00,1021.7,1007.6
2021-07-22T02:00,16.3,0.00,76,12.1,15.8,0.00,0.00,0.00,0,3,0,0,3,7.8,76,77,19.6,19.1,0,0.00,1021.5,1007.4
2021-07-22T03:00,15.4,0.00,80,12.0,15.2,0.00,0.00,0.00,0,4,0,0,4,5.6,79,75,17.6,15.8,0,0.00,1021.3,1007.1
2021-07-22T04:00,16.0,0.00,74,11.4,15.7,0.00,0.00,0.00,0,3,0,0,3,5.4,78,48,10.7,12.6,0,0.00,1021.5,1007.4
2021-07-22T05:00,15.6,0.00,76,11.4,15.6,0.00,0.00,0.00,0,2,0,0,2,3.3,63,6,4.8,9.0,1,0.00,1021.7,1007.6
2021-07-22T06:00,15.7,0.00,81,12.4,16.1,0.00,0.00,0.00,0,1,0,0,1,2.2,68,360,3.9,5.8,1,2432.30,1021.9,1007.8
2021-07-22T07:00,17.4,0.00,74,12.7,18.1,0.00,0.00,0.00,0,0,0,0,0,0.5,63,315,0.8,6.5,1,3600.00,1021.9,1007.8
2021-07-22T08:00,19.0,0.00,70,13.5,19.9,0.00,0.00,0.00,0,0,0,0,0,1.5,11,346,1.8,9.7,1,3600.00,1022.0,1008.0
2021-07-22T09:00,20.8,0.00,66,14.3,21.7,0.00,0.00,0.00,0,0,0,0,0,3.3,360,347,4.3,13.7,1,3600.00,1021.7,1007.8
2021-07-22T10:00,22.6,0.00,62,15.0,24.3,0.00,0.00,0.00,0,0,0,0,0,4.6,353,342,5.8,16.6,1,3600.00,1021.5,1007.7
2021-07-22T11:00,24.0,0.00,56,14.8,26.4,0.00,0.00,0.00,0,1,0,0,1,4.2,352,340,5.4,16.9,1,3600.00,1021.2,1007.5
2021-07-22T12:00,25.0,0.00,52,14.4,27.6,0.00,0.00,0.00,0,0,0,0,0,4.2,335,329,5.2,16.6,1,3600.00,1020.7,1007.0
2021-07-22T13:00,25.9,0.00,49,14.4,28.4,0.00,0.00,0.00,0,14,0,0,3,5.8,333,330,7.2,18.7,1,3600.00,1020.1,1006.5
2021-07-22T14:00,26.2,0.00,48,14.2,28.0,0.00,0.00,0.00,0,13,0,0,13,8.3,327,326,10.7,22.7,1,3600.00,1019.4,1005.8
2021-07-22T15:00,26.1,0.00,46,13.7,26.8,0.00,0.00,0.00,1,26,0,0,26,10.6,339,336,14.2,26.3,1,3600.00,1019.1,1005.5
2021-07-22T16:00,25.8,0.00,46,13.4,25.6,0.00,0.00,0.00,0,17,0,0,17,11.4,349,347,15.7,27.7,1,3600.00,1018.6,1005.0
2021-07-22T17:00,25.5,0.00,46,13.2,24.9,0.00,0.00,0.00,0,8,0,1,8,10.9,352,351,15.6,27.4,1,3600.00,1018.4,1004.8
2021-07-22T18:00,24.6,0.00,50,13.3,24.2,0.00,0.00,0.00,0,3,0,0,2,9.4,4,4,15.9,25.9,1,3600.00,1018.2,1004.5
2021-07-22T19:00,23.2,0.00,59,14.8,23.9,0.00,0.00,0.00,0,2,0,0,2,5.8,22,22,15.2,21.2,1,3600.00,1018.1,1004.4
2021-07-22T20:00,20.9,0.00,63,13.6,21.1,0.00,0.00,0.00,0,3,0,1,3,6.5,33,34,16.7,13.7,1,2613.52,1018.3,1004.5
2021-07-22T21:00,19.5,0.00,66,13.1,19.4,0.00,0.00,0.00,0,2,0,1,2,7.4,39,43,17.7,14.8,0,0.00,1018.7,1004.8
2021-07-22T22:00,19.0,0.00,66,12.4,18.5,0.00,0.00,0.00,0,2,0,2,0,8.4,48,50,21.4,17.6,0,0.00,1018.7,1004.8
2021-07-22T23:00,18.4,0.00,66,12.0,17.9,0.00,0.00,0.00,0,2,0,2,0,7.5,52,55,20.0,17.6,0,0.00,1018.5,1004.5
2021-07-23T00:00,16.7,0.00,78,12.8,16.4,0.00,0.00,0.00,0,3,0,3,0,7.6,61,65,15.6,15.1,0,0.00,1018.2,1004.2
2021-07-23T01:00,17.2,0.00,77,13.2,17.8,0.00,0.00,0.00,0,5,0,9,3,2.8,360,40,0.7,12.6,0,0.00,1018.4,1004.4
2021-07-23T02:00,15.7,0.00,87,13.6,16.3,0.00,0.00,0.00,1,35,0,33,26,3.7,333,61,4.0,6.1,0,0.00,1018.3,1004.2
2021-07-23T03:00,15.4,0.00,88,13.5,16.2,0.00,0.00,0.00,1,37,0,37,2,2.2,342,81,3.4,5.8,0,0.00,1018.1,1004.0
2021-07-23T04:00,14.7,0.00,91,13.2,15.3,0.00,0.00,0.00,0,15,0,15,2,3.3,51,84,2.3,5.8,0,0.00,1017.8,1003.7
2021-07-23T05:00,14.3,0.00,92,13.0,14.7,0.00,0.00,0.00,0,3,0,2,1,3.6,125,96,4.4,6.8,1,0.00,1017.6,1003.4
2021-07-23T06:00,15.9,0.00,87,13.7,16.4,0.00,0.00,0.00,0,1,0,1,0,4.7,129,94,5.1,9.0,1,2364.80,1017.6,1003.5
2021-07-23T07:00,18.1,0.00,80,14.5,19.3,0.00,0.00,0.00,0,0,0,0,0,2.3,151,162,4.5,9.4,1,3600.00,1017.5,1003.5
2021-07-23T08:00,20.0,0.00,72,14.9,21.3,0.00,0.00,0.00,0,0,0,0,0,1.8,198,217,2.3,10.8,1,3600.00,1017.6,1003.7
2021-07-23T09:00,21.7,0.00,67,15.3,23.3,0.00,0.00,0.00,0,0,0,0,0,1.1,288,270,1.1,10.8,1,3600.00,1017.3,1003.5
2021-07-23T10:00,23.3,0.00,61,15.4,25.4,0.00,0.00,0.00,0,0,0,0,0,2.6,360,344,3.2,13.3,1,3600.00,1017.1,1003.4
2021-07-23T11:00,24.7,0.00,55,15.0,27.5,0.00,0.00,0.00,0,9,0,0,9,1.8,27,360,2.4,14.0,1,3600.00,1016.6,1002.9
2021-07-23T12:00,25.5,0.00,49,14.1,28.2,0.00,0.00,0.00,1,20,0,0,20,1.6,236,243,1.3,12.6,1,3600.00,1016.1,1002.5
2021-07-23T13:00,25.9,0.00,47,13.8,27.9,0.00,0.00,0.00,0,0,9,3,22,2.5,326,315,2.6,12.6,1,3600.00,1015.3,1001.7
2021-07-23T14:00,26.5,0.00,46,13.9,29.2,0.00,0.00,0.00,0,10,8,2,0,2.2,278,279,2.5,14.0,1,3600.00,1014.6,1001.1
2021-07-23T15:00,27.0,0.00,43,13.4,29.1,0.00,0.00,0.00,0,0,0,0,0,1.9,292,292,1.9,13.0,1,3600.00,1014.0,1000.5
2021-07-23T16:00,27.2,0.00,42,13.2,28.5,0.00,0.00,0.00,0,0,0,0,0,2.7,339,337,3.1,11.5,1,3600.00,1013.6,1000.1
2021-07-23T17:00,27.1,0.00,43,13.5,27.7,0.00,0.00,0.00,0,0,0,0,0,3.2,10,360,4.0,11.5,1,3600.00,1013.1,999.6
2021-07-23T18:00,26.8,0.00,46,14.2,27.5,0.00,0.00,0.00,2,63,63,0,0,4.0,35,27,5.7,10.4,1,3600.00,1012.7,999.2
2021-07-23T19:00,25.8,0.00,58,16.9,27.9,0.00,0.00,0.00,3,95,95,0,0,2.6,39,34,5.1,9.7,1,3600.00,1012.2,998.7
2021-07-23T20:00,21.9,0.00,72,16.7,23.3,0.00,0.00,0.00,3,85,85,0,1,6.4,48,38,9.2,10.1,1,2549.42,1011.8,998.1
2021-07-23T21:00,21.6,0.00,66,14.9,21.6,0.00,0.00,0.00,0,1,0,0,1,11.5,59,51,24.7,22.3,0,0.00,1012.1,998.4
2021-07-23T22:00,21.1,0.00,62,13.4,20.4,0.00,0.00,0.00,0,11,11,0,0,12.1,74,67,27.0,25.2,0,0.00,1012.1,998.3
2021-07-23T23:00,20.7,0.00,62,13.0,19.9,0.00,0.00,0.00,3,85,85,0,0,11.7,86,81,26.3,25.2,0,0.00,1011.9,998.1
2021-07-24T00:00,20.4,0.00,64,13.4,19.8,0.00,0.00,0.00,3,98,98,0,0,11.2,94,88,25.6,24.8,0,0.00,1011.3,997.5
2021-07-24T01:00,20.9,0.00,65,14.1,20.3,0.00,0.00,0.00,3,100,27,8,0,13.1,101,99,28.9,23.8,0,0.00,1010.3,996.6
2021-07-24T02:00,19.9,0.00,69,14.1,20.1,0.00,0.00,0.00,3,100,100,39,0,7.3,104,99,21.1,28.1,0,0.00,1010.6,996.8
2021-07-24T03:00,20.2,0.00,68,14.0,19.7,0.00,0.00,0.00,3,100,100,14,0,12.4,103,100,26.6,25.2,0,0.00,1010.1,996.3
2021-07-24T04:00,19.8,0.00,69,14.0,19.1,0.00,0.00,0.00,3,100,100,0,0,13.7,111,108,28.5,28.8,0,0.00,1009.5,995.7
2021-07-24T05:00,19.2,0.00,72,14.0,19.1,0.00,0.00,0.00,3,100,100,1,0,9.4,111,108,22.0,28.4,1,0.00,1010.0,996.2
2021-07-24T06:00,19.4,0.00,73,14.4,18.9,0.00,0.00,0.00,3,100,100,2,1,12.7,106,97,25.9,25.6,1,0.00,1009.6,995.8
2021-07-24T07:00,20.4,0.00,72,15.2,20.7,0.00,0.00,0.00,3,100,100,22,0,9.7,140,153,19.2,27.4,1,0.00,1010.1,996.3
2021-07-24T08:00,21.5,0.00,70,15.8,22.4,0.00,0.00,0.00,3,100,100,86,0,7.3,172,169,10.9,22.0,1,2075.72,1010.8,997.1
2021-07-24T09:00,22.0,0.50,72,16.8,23.5,0.50,0.00,0.00,53,100,97,100,0,5.8,191,176,7.7,20.5,1,2877.79,1011.0,997.3
2021-07-24T10:00,21.1,0.80,81,17.7,22.6,0.80,0.00,0.00,53,100,100,100,0,8.3,166,162,12.2,19.4,1,0.00,1010.9,997.2
2021-07-24T11:00,20.4,0.70,90,18.7,22.5,0.70,0.00,0.00,53,100,100,100,0,7.6,122,109,13.1,20.2,1,0.00,1010.7,996.9
2021-07-24T12:00,21.4,0.40,86,18.9,23.4,0.40,0.00,0.00,51,100,99,100,0,8.8,131,125,14.3,33.5,1,0.00,1010.3,996.6
2021-07-24T13:00,27.5,0.10,54,17.3,27.9,0.10,0.00,0.00,51,97,95,83,0,14.8,196,198,21.0,41.8,1,2696.23,1009.2,995.8
2021-07-24T14:00,24.0,0.80,73,18.8,24.5,0.80,0.00,0.00,53,100,99,78,1,18.7,259,259,27.5,41.0,1,2764.76,1009.4,995.8
2021-07-24T15:00,24.5,0.10,69,18.4,26.4,0.10,0.00,0.00,51,94,93,19,18,8.1,288,291,11.4,39.2,1,1779.15,1009.5,995.9
2021-07-24T16:00,25.0,0.00,66,18.1,26.7,0.00,0.00,0.00,3,96,65,94,18,8.4,315,320,11.2,32.8,1,3600.00,1009.5,996.0
2021-07-24T17:00,24.5,0.00,68,18.2,26.8,0.00,0.00,0.00,2,54,45,14,12,4.9,33,36,6.0,20.9,1,3600.00,1009.3,995.7
2021-07-24T18:00,24.5,0.00,68,18.3,26.5,0.00,0.00,0.00,3,84,81,17,8,6.5,34,34,8.3,14.8,1,3600.00,1008.9,995.3
2021-07-24T19:00,23.6,0.00,81,20.1,27.0,0.00,0.00,0.00,3,99,99,25,17,3.1,25,21,6.0,15.1,1,3600.00,1009.0,995.4
2021-07-24T20:00,21.8,0.00,81,18.4,24.1,0.00,0.00,0.00,3,100,100,38,6,5.1,351,352,9.1,7.9,1,0.00,1009.1,995.4
2021-07-24T21:00,21.9,0.00,77,17.6,24.2,0.00,0.00,0.00,3,99,99,9,5,2.6,297,214,4.8,10.1,0,0.00,1009.6,995.9
2021-07-24T22:00,20.0,0.00,90,18.2,21.5,0.00,0.00,0.00,3,96,95,13,29,10.1,183,178,19.1,23.0,0,0.00,1010.6,996.8
2021-07-24T23:00,19.0,1.60,93,17.8,21.3,1.60,0.00,0.00,61,88,85,17,22,3.4,193,162,7.8,32.0,0,0.00,1010.5,996.7
2021-07-25T00:00,18.6,0.00,95,17.8,21.0,0.00,0.00,0.00,2,69,67,8,2,3.2,200,180,10.4,9.4,0,0.00,1010.1,996.3
2021-07-25T01:00,18.3,0.00,93,17.1,20.1,0.00,0.00,0.00,1,42,87,3,2,4.8,166,138,13.4,19.4,0,0.00,1009.5,995.6
2021-07-25T02:00,18.2,0.20,94,17.3,20.0,0.20,0.00,0.00,51,72,58,38,5,5.5,173,122,12.3,19.4,0,0.00,1009.4,995.5
2021-07-25T03:00,18.4,0.00,94,17.5,20.4,0.00,0.00,0.00,0,19,2,10,12,4.7,208,180,14.3,12.2,0,0.00,1009.4,995.6
2021-07-25T04:00,18.2,0.00,94,17.2,19.4,0.00,0.00,0.00,0,12,0,11,5,9.4,213,198,20.6,19.4,0,0.00,1010.1,996.2
2021-07-25T05:00,17.4,0.00,94,16.5,18.4,0.00,0.00,0.00,0,5,0,4,3,9.0,212,196,19.1,21.2,1,0.00,1010.2,996.3
2021-07-25T06:00,17.7,0.00,94,16.7,18.7,0.00,0.00,0.00,0,5,0,1,5,9.3,208,196,17.6,19.8,1,2228.07,1010.2,996.3
2021-07-25T07:00,18.5,0.00,91,17.0,19.5,0.00,0.00,0.00,2,50,0,0,50,10.2,221,219,14.3,24.5,1,3600.00,1010.3,996.4
2021-07-25T08:00,19.7,0.00,85,17.2,21.0,0.00,0.00,0.00,3,86,66,1,62,8.9,231,230,12.0,24.1,1,3600.00,1010.5,996.7
2021-07-25T09:00,21.2,0.00,76,16.8,22.3,0.00,0.00,0.00,3,93,80,2,66,8.8,236,235,11.7,22.7,1,3600.00,1010.4,996.7
2021-07-25T10:00,22.4,0.00,69,16.4,23.6,0.00,0.00,0.00,2,69,28,3,58,6.7,236,234,9.1,22.3,1,3600.00,1010.3,996.6
2021-07-25T11:00,23.6,0.00,61,15.6,24.6,0.00,0.00,0.00,2,78,0,11,77,6.4,218,218,8.2,19.4,1,3600.00,1010.2,996.6
2021-07-25T12:00,24.5,0.00,58,15.7,26.5,0.00,0.00,0.00,1,29,4,7,25,5.0,209,210,6.6,24.1,1,3600.00,1009.9,996.3
2021-07-25T13:00,23.8,0.00,69,17.7,26.3,0.00,0.00,0.00,1,38,74,12,70,10.4,181,180,14.0,21.6,1,3600.00,1010.2,996.6
2021-07-25T14:00,22.8,0.30,73,17.7,24.3,0.30,0.00,0.00,51,79,74,30,0,8.9,137,137,11.7,27.4,1,3600.00,1009.8,996.2
2021-07-25T15:00,24.4,0.00,63,16.8,26.2,0.00,0.00,0.00,2,77,65,36,5,9.9,161,161,13.0,25.6,1,3600.00,1009.8,996.2
2021-07-25T16:00,24.1,0.10,65,17.0,25.3,0.10,0.00,0.00,51,86,82,33,7,8.6,180,182,11.9,25.9,1,3600.00,1009.7,996.1
2021-07-25T17:00,24.2,0.00,66,17.4,25.8,0.00,0.00,0.00,3,95,93,20,22,7.2,195,198,10.0,24.1,1,3600.00,1009.4,995.8
2021-07-25T18:00,23.2,0.40,70,17.5,24.8,0.40,0.00,0.00,51,30,8,18,10,6.8,184,177,10.1,24.8,1,3600.00,1009.8,996.2
2021-07-25T19:00,22.9,0.00,74,18.0,25.1,0.00,0.00,0.00,1,44,34,17,1,4.3,190,180,9.9,15.8,1,3600.00,1009.9,996.3
2021-07-25T20:00,20.8,0.00,82,17.6,22.9,0.00,0.00,0.00,2,55,51,12,0,4.8,194,167,11.5,10.4,1,2013.51,1010.1,996.4
2021-07-25T21:00,19.8,0.00,85,17.2,21.6,0.00,0.00,0.00,0,17,13,4,0,5.2,199,168,12.2,10.8,0,0.00,1010.9,997.1
2021-07-25T22:00,18.8,0.00,89,16.9,20.4,0.00,0.00,0.00,1,43,38,8,0,5.0,205,159,11.1,10.8,0,0.00,1011.3,997.4
2021-07-25T23:00,18.0,0.00,90,16.4,19.5,0.00,0.00,0.00,1,48,46,4,0,4.4,208,125,6.9,10.4,0,0.00,1011.1,997.2
2021-07-26T00:00,17.8,0.00,91,16.3,19.4,0.00,0.00,0.00,3,84,83,4,0,3.9,180,112,6.1,7.9,0,0.00,1010.8,996.9
2021-07-26T01:00,18.5,0.00,94,17.5,20.1,0.00,0.00,0.00,3,87,71,18,1,7.4,171,137,10.9,9.4,0,0.00,1011.1,997.2
2021-07-26T02:00,18.4,0.00,94,17.4,19.8,0.00,0.00,0.00,3,98,97,12,0,8.0,176,153,17.0,16.6,0,0.00,1011.2,997.3
2021-07-26T03:00,18.1,0.00,93,16.9,19.5,0.00,0.00,0.00,3,99,99,5,0,7.0,198,168,15.9,16.9,0,0.00,1011.2,997.3
2021-07-26T04:00,17.6,0.00,91,16.1,18.8,0.00,0.00,0.00,3,96,95,8,0,6.1,213,180,15.4,15.1,0,0.00,1011.6,997.7
2021-07-26T05:00,17.6,0.00,89,15.8,18.6,0.00,0.00,0.00,3,84,82,8,0,6.3,203,167,14.5,14.4,1,0.00,1011.9,998.0
2021-07-26T06:00,18.0,0.00,88,15.9,19.1,0.00,0.00,0.00,1,43,38,10,1,6.2,203,170,12.9,13.7,1,577.91,1012.0,998.1
2021-07-26T07:00,19.3,0.00,84,16.4,20.5,0.00,0.00,0.00,0,9,4,6,0,6.8,207,198,10.5,16.9,1,3600.00,1012.4,998.6
2021-07-26T08:00,20.6,0.00,78,16.6,22.2,0.00,0.00,0.00,1,47,45,4,0,4.6,223,219,6.4,17.3,1,3600.00,1012.6,998.8
2021-07-26T09:00,22.0,0.00,69,16.1,23.3,0.00,0.00,0.00,1,26,15,15,1,5.4,219,217,6.9,16.9,1,3600.00,1012.8,999.1
2021-07-26T10:00,23.2,0.00,63,15.6,24.1,0.00,0.00,0.00,1,39,29,10,13,8.2,229,229,11.0,31.3,1,3600.00,1012.8,999.1
2021-07-26T11:00,24.2,0.00,59,15.7,25.5,0.00,0.00,0.00,1,32,14,19,12,9.6,235,236,12.7,33.5,1,3600.00,1012.6,999.0
2021-07-26T12:00,24.7,0.00,54,14.8,25.9,0.00,0.00,0.00,1,43,27,28,5,8.2,233,232,11.3,25.6,1,3600.00,1012.4,998.8
2021-07-26T13:00,23.1,0.00,71,17.5,25.3,0.00,0.00,0.00,2,57,63,16,25,6.6,219,221,9.2,23.0,1,3600.00,1012.5,998.8
2021-07-26T14:00,23.4,2.80,68,17.1,24.6,2.80,0.00,0.00,63,95,94,19,20,12.3,230,230,16.4,31.0,1,3600.00,1012.2,998.5
2021-07-26T15:00,22.3,0.40,74,17.4,24.1,0.40,0.00,0.00,51,62,46,43,0,5.7,219,215,7.9,32.0,1,1108.35,1012.1,998.4
2021-07-26T16:00,23.3,0.10,68,17.0,24.4,0.10,0.00,0.00,51,82,66,64,8,9.3,206,208,13.2,30.6,1,3600.00,1012.4,998.7
2021-07-26T17:00,23.0,0.00,69,16.9,24.1,0.00,0.00,0.00,2,79,67,38,10,8.7,218,218,12.3,23.8,1,3600.00,1012.2,998.5
2021-07-26T18:00,22.7,0.00,70,16.9,23.9,0.00,0.00,0.00,1,44,25,30,4,7.9,220,219,12.3,27.7,1,3600.00,1012.2,998.5
2021-07-26T19:00,21.9,0.00,74,17.2,23.4,0.00,0.00,0.00,2,78,70,29,5,6.9,212,208,14.1,18.0,1,3600.00,1012.5,998.8
2021-07-26T20:00,20.8,0.00,79,17.0,22.2,0.00,0.00,0.00,2,67,54,29,3,7.4,210,203,17.1,15.5,1,1041.67,1013.3,999.5
2021-07-26T21:00,19.8,0.00,84,17.0,20.9,0.00,0.00,0.00,1,26,17,16,3,9.2,218,211,20.0,19.8,0,0.00,1013.9,1000.1
2021-07-26T22:00,18.9,0.00,87,16.8,20.0,0.00,0.00,0.00,1,30,16,20,1,8.5,227,216,20.1,19.8,0,0.00,1014.2,1000.3
2021-07-26T23:00,18.4,0.00,90,16.8,19.6,0.00,0.00,0.00,0,16,1,15,1,8.1,235,225,19.7,19.1,0,0.00,1014.4,1000.5
2021-07-27T00:00,18.0,0.00,92,16.6,19.2,0.00,0.00,0.00,0,4,0,4,0,7.7,236,221,19.2,19.1,0,0.00,1014.6,1000.7
2021-07-27T01:00,17.8,0.00,91,16.4,18.6,0.00,0.00,0.00,0,9,1,45,24,10.1,204,178,19.7,18.0,0,0.00,1015.0,1001.1
2021-07-27T02:00,17.4,0.10,92,16.2,18.7,0.10,0.00,0.00,51,48,0,47,9,5.9,214,191,16.6,21.6,0,0.00,1014.9,1000.9
2021-07-27T03:00,17.4,0.00,93,16.2,18.6,0.00,0.00,0.00,0,8,0,7,2,6.1,231,208,15.9,14.8,0,0.00,1014.4,1000.4
2021-07-27T04:00,16.9,0.00,94,16.0,17.7,0.00,0.00,0.00,0,16,0,16,0,8.3,211,198,18.9,18.0,0,0.00,1014.7,1000.7
2021-07-27T05:00,16.7,0.00,95,15.9,17.4,0.00,0.00,0.00,1,25,13,9,10,9.3,207,193,20.1,19.8,1,0.00,1015.0,1001.0
2021-07-27T06:00,17.2,0.00,94,16.3,18.1,0.00,0.00,0.00,1,35,25,1,14,9.1,212,198,17.8,20.2,1,1758.92,1015.0,1001.0
2021-07-27T07:00,18.3,0.00,91,16.8,19.7,0.00,0.00,0.00,3,88,88,0,2,7.1,219,210,13.8,19.1,1,3600.00,1014.7,1000.8
2021-07-27T08:00,19.6,0.00,85,17.1,21.1,0.00,0.00,0.00,3,100,100,0,0,6.6,222,221,9.7,19.1,1,3600.00,1014.7,1000.8
2021-07-27T09:00,20.6,0.00,79,16.9,21.9,0.00,0.00,0.00,3,96,96,0,0,8.2,222,221,11.2,21.2,1,3600.00,1014.8,1001.0
2021-07-27T10:00,21.6,0.00,73,16.5,22.6,0.00,0.00,0.00,3,100,100,7,6,8.8,215,215,11.9,22.3,1,2089.42,1014.8,1001.0
2021-07-27T11:00,23.3,0.00,65,16.4,24.7,0.00,0.00,0.00,3,100,100,56,12,8.9,224,223,12.0,29.5,1,3600.00,1014.8,1001.1
2021-07-27T12:00,23.8,0.00,60,15.5,24.5,0.00,0.00,0.00,3,100,100,42,2,8.0,244,243,10.8,28.8,1,2880.88,1014.4,1000.7
2021-07-27T13:00,24.2,0.00,56,15.0,25.0,0.00,0.00,0.00,3,99,100,67,4,6.1,183,180,7.9,21.6,1,1577.02,1013.7,1000.1
2021-07-27T14:00,22.8,0.20,65,15.9,22.9,0.20,0.00,0.00,51,100,100,99,10,13.3,162,161,18.2,33.8,1,0.00,1013.9,1000.2
2021-07-27T15:00,22.9,0.00,69,17.0,24.0,0.00,0.00,0.00,3,100,100,35,26,8.9,150,148,12.4,31.0,1,0.00,1013.6,999.9
2021-07-27T16:00,23.0,0.00,69,17.0,24.7,0.00,0.00,0.00,3,100,100,84,9,5.2,148,146,6.8,28.4,1,0.00,1013.1,999.4
2021-07-27T17:00,22.9,0.10,70,17.1,25.2,0.10,0.00,0.00,51,100,99,96,16,1.5,158,166,1.9,24.5,1,0.00,1012.6,998.9
2021-07-27T18:00,23.1,0.10,67,16.6,25.2,0.10,0.00,0.00,51,100,99,97,16,1.3,217,214,1.8,7.9,1,0.00,1012.6,998.9
2021-07-27T19:00,22.0,0.00,82,18.8,25.0,0.00,0.00,0.00,3,99,99,95,1,2.0,300,315,2.9,5.8,1,0.00,1012.5,998.8
2021-07-27T20:00,20.9,0.00,81,17.5,23.0,0.00,0.00,0.00,3,99,98,89,0,4.0,274,275,4.7,6.8,1,0.00,1012.6,998.8
2021-07-27T21:00,20.2,0.50,80,16.6,21.7,0.50,0.00,0.00,53,83,80,43,0,5.8,254,240,13.5,11.2,0,0.00,1013.4,999.6
2021-07-27T22:00,19.0,0.40,85,16.5,20.4,0.40,0.00,0.00,51,100,95,98,0,5.8,265,263,15.5,15.1,0,0.00,1013.9,1000.0
2021-07-27T23:00,18.4,0.00,90,16.8,20.0,0.00,0.00,0.00,3,99,0,99,0,5.1,297,315,8.0,13.0,0,0.00,1013.7,999.8
2021-07-28T00:00,18.3,0.00,90,16.7,20.2,0.00,0.00,0.00,3,100,0,100,0,3.0,243,194,4.0,9.7,0,0.00,1013.5,999.6
2021-07-28T01:00,18.0,0.10,92,16.6,18.9,0.10,0.00,0.00,51,100,44,99,51,9.2,235,222,15.0,9.4,0,0.00,1014.1,1000.2
2021-07-28T02:00,17.6,0.10,93,16.5,18.1,0.10,0.00,0.00,51,42,0,37,16,11.8,223,218,21.1,37.1,0,0.00,1014.2,1000.3
2021-07-28T03:00,16.9,0.00,94,15.9,17.6,0.00,0.00,0.00,2,68,58,36,2,9.1,222,214,18.9,25.6,0,0.00,1014.1,1000.1
2021-07-28T04:00,16.3,0.00,93,15.1,16.8,0.00,0.00,0.00,3,89,82,42,1,7.9,230,219,17.9,20.5,0,0.00,1013.9,999.9
2021-07-28T05:00,15.6,0.00,94,14.6,16.3,0.00,0.00,0.00,1,43,38,9,0,5.6,219,195,14.8,18.0,1,0.00,1013.8,999.8
2021-07-28T06:00,16.4,0.00,94,15.4,17.2,0.00,0.00,0.00,3,96,96,0,1,6.9,199,171,13.3,15.1,1,1588.57,1013.7,999.7
2021-07-28T07:00,17.5,0.00,90,15.8,18.0,0.00,0.00,0.00,3,100,100,0,40,9.8,190,186,13.9,20.9,1,3600.00,1013.9,1000.0
2021-07-28T08:00,18.1,0.00,89,16.2,18.9,0.00,0.00,0.00,3,100,100,4,14,8.9,199,194,13.0,24.5,1,0.00,1014.3,1000.4
2021-07-28T09:00,19.1,0.00,84,16.4,20.1,0.00,0.00,0.00,3,99,99,10,23,8.4,192,190,12.1,21.6,1,0.00,1014.1,1000.2
2021-07-28T10:00,20.4,0.00,76,16.1,20.8,0.00,0.00,0.00,3,100,100,20,10,11.4,209,208,16.1,37.8,1,1525.70,1013.9,1000.1
2021-07-28T11:00,21.6,0.00,67,15.3,21.0,0.00,0.00,0.00,3,99,98,18,16,16.1,231,231,22.5,47.5,1,3231.68,1014.2,1000.4
2021-07-28T12:00,22.5,0.10,62,14.8,21.6,0.10,0.00,0.00,51,89,85,26,16,18.9,235,235,26.4,47.5,1,3600.00,1013.6,999.9
2021-07-28T13:00,22.2,0.50,66,15.6,22.6,0.50,0.00,0.00,53,41,0,42,10,16.2,217,217,22.6,47.5,1,3600.00,1013.7,1000.0
2021-07-28T14:00,23.4,0.10,62,15.7,23.5,0.10,0.00,0.00,51,35,0,31,16,15.3,240,240,21.6,50.4,1,3600.00,1013.6,999.9
2021-07-28T15:00,22.4,0.20,64,15.3,22.0,0.20,0.00,0.00,51,78,0,78,5,15.4,234,233,21.9,55.8,1,3600.00,1013.8,1000.1
2021-07-28T16:00,22.5,0.00,61,14.6,21.5,0.00,0.00,0.00,2,55,0,47,33,17.0,235,234,25.1,36.7,1,3600.00,1013.5,999.8
2021-07-28T17:00,22.8,0.10,59,14.5,21.9,0.10,0.00,0.00,51,30,0,22,21,16.1,243,243,24.1,38.9,1,3600.00,1013.2,999.5
2021-07-28T18:00,22.6,0.10,61,14.7,22.4,0.10,0.00,0.00,51,11,0,11,5,12.0,238,237,18.6,35.6,1,3600.00,1013.1,999.4
2021-07-28T19:00,21.7,0.00,66,15.0,22.1,0.00,0.00,0.00,0,10,0,9,4,8.9,231,227,17.1,26.6,1,3600.00,1013.3,999.6
2021-07-28T20:00,20.1,0.00,71,14.6,20.2,0.00,0.00,0.00,1,33,0,20,28,9.5,239,233,20.7,22.7,1,2199.68,1013.9,1000.1
2021-07-28T21:00,19.3,0.10,74,14.6,19.5,0.10,0.00,0.00,51,38,0,26,30,8.7,237,225,20.1,20.9,0,0.00,1014.6,1000.7
2021-07-28T22:00,18.9,0.00,75,14.4,19.1,0.00,0.00,0.00,1,39,0,38,15,8.7,236,225,19.5,20.5,0,0.00,1014.9,1001.0
2021-07-28T23:00,18.3,0.10,78,14.3,18.5,0.10,0.00,0.00,51,89,0,89,1,7.6,237,225,18.0,20.5,0,0.00,1015.1,1001.2
2021-07-29T00:00,18.2,0.00,79,14.4,18.6,0.00,0.00,0.00,1,43,0,43,2,7.2,230,217,17.4,17.6,0,0.00,1015.0,1001.1
2021-07-29T01:00,17.2,0.00,87,15.0,17.4,0.00,0.00,0.00,0,14,0,22,5,9.7,238,231,22.0,17.6,0,0.00,1015.1,1001.1
2021-07-29T02:00,16.5,0.00,88,14.5,16.9,0.00,0.00,0.00,0,12,0,12,0,7.6,236,225,20.8,22.3,0,0.00,1014.6,1000.6
2021-07-29T03:00,16.2,0.00,89,14.4,16.4,0.00,0.00,0.00,0,8,0,7,2,8.4,224,205,20.9,19.1,0,0.00,1014.3,1000.3
2021-07-29T04:00,16.4,0.00,89,14.6,16.2,0.00,0.00,0.00,0,12,0,10,5,11.9,224,215,25.7,25.9,0,0.00,1014.5,1000.5
2021-07-29T05:00,16.4,0.00,89,14.5,16.1,0.00,0.00,0.00,0,17,0,15,14,12.3,227,220,26.2,27.7,1,0.00,1014.6,1000.6
2021-07-29T06:00,17.1,0.00,85,14.5,16.6,0.00,0.00,0.00,0,10,0,7,9,13.3,227,221,25.7,29.2,1,1705.08,1014.8,1000.8
2021-07-29T07:00,18.4,0.00,78,14.5,17.9,0.00,0.00,0.00,0,3,0,2,2,13.5,230,226,24.0,31.3,1,3600.00,1015.0,1001.1
2021-07-29T08:00,19.5,0.00,67,13.2,18.0,0.00,0.00,0.00,0,1,0,1,1,17.2,235,233,25.6,38.5,1,3600.00,1015.1,1001.2
2021-07-29T09:00,20.5,0.00,59,12.2,18.5,0.00,0.00,0.00,0,5,0,0,5,17.9,236,236,25.7,41.0,1,3600.00,1015.2,1001.4
2021-07-29T10:00,21.4,0.00,53,11.4,19.3,0.00,0.00,0.00,1,21,0,0,21,20.0,240,240,27.9,44.6,1,3600.00,1015.1,1001.3
2021-07-29T11:00,22.2,0.00,49,11.0,20.3,0.00,0.00,0.00,1,25,0,15,25,20.9,243,243,29.5,47.5,1,3600.00,1015.1,1001.4
2021-07-29T12:00,22.9,0.00,46,10.6,21.0,0.00,0.00,0.00,1,27,0,21,25,20.6,245,245,29.0,47.9,1,3600.00,1014.7,1001.0
2021-07-29T13:00,22.5,0.00,48,10.9,21.4,0.00,0.00,0.00,1,41,0,69,42,18.7,250,251,26.4,50.4,1,3600.00,1015.0,1001.3
2021-07-29T14:00,23.2,0.00,44,10.2,20.9,0.00,0.00,0.00,1,44,0,42,17,20.5,247,248,28.9,46.1,1,3600.00,1014.4,1000.7
2021-07-29T15:00,23.7,0.00,41,9.5,21.5,0.00,0.00,0.00,2,57,0,57,0,18.6,251,252,26.3,46.4,1,3600.00,1013.9,1000.2
2021-07-29T16:00,24.1,0.00,39,9.3,21.5,0.00,0.00,0.00,0,5,0,5,0,17.5,250,251,25.6,42.5,1,3600.00,1013.3,999.7
2021-07-29T17:00,23.4,0.00,42,9.9,20.6,0.00,0.00,0.00,0,12,0,12,4,19.0,259,260,28.6,42.8,1,3600.00,1013.3,999.6
2021-07-29T18:00,22.3,0.00,48,10.8,20.5,0.00,0.00,0.00,0,8,0,8,1,13.5,279,279,21.5,42.5,1,3600.00,1013.0,999.3
2021-07-29T19:00,21.1,0.00,55,11.8,20.7,0.00,0.00,0.00,0,6,0,5,3,6.8,271,267,15.8,29.9,1,3600.00,1013.1,999.3
2021-07-29T20:00,18.5,0.00,65,11.9,18.2,0.00,0.00,0.00,1,22,21,1,1,5.9,270,259,14.4,16.6,1,2123.06,1013.2,999.3
2021-07-29T21:00,17.2,0.00,73,12.3,16.8,0.00,0.00,0.00,1,40,37,0,5,7.2,285,273,10.8,13.0,0,0.00,1013.8,999.8
2021-07-29T22:00,19.1,0.00,60,11.2,18.9,0.00,0.00,0.00,2,64,60,1,9,4.0,294,275,7.9,12.2,0,0.00,1013.9,1000.0
2021-07-29T23:00,18.9,0.00,61,11.3,19.0,0.00,0.00,0.00,2,69,66,1,8,1.8,285,169,4.1,8.3,0,0.00,1013.9,1000.0
2021-07-30T00:00,15.9,0.00,78,12.1,15.9,0.00,0.00,0.00,3,88,86,4,12,4.4,225,171,4.1,7.9,0,0.00,1013.9,999.9
2021-07-30T01:00,15.5,0.00,80,12.1,15.4,0.00,0.00,0.00,1,49,66,1,3,5.2,213,164,6.0,8.6,0,0.00,1013.4,999.4
2021-07-30T02:00,14.5,0.00,85,12.0,14.4,0.00,0.00,0.00,0,17,0,3,17,5.0,215,150,5.7,9.7,0,0.00,1013.4,999.3
2021-07-30T03:00,14.4,0.00,85,11.9,14.4,0.00,0.00,0.00,0,16,0,1,15,4.2,163,121,3.8,8.6,0,0.00,1013.2,999.1
2021-07-30T04:00,14.3,0.00,84,11.6,13.9,0.00,0.00,0.00,0,10,0,0,10,5.7,159,125,10.0,11.2,0,0.00,1013.0,998.9
2021-07-30T05:00,13.7,0.00,87,11.5,13.4,0.00,0.00,0.00,0,7,0,0,7,5.2,170,124,12.4,11.5,1,0.00,1012.8,998.7
2021-07-30T06:00,14.9,0.00,83,12.1,14.7,0.00,0.00,0.00,0,2,0,0,2,5.9,172,128,10.5,11.5,1,1537.80,1012.7,998.6
2021-07-30T07:00,17.0,0.00,76,12.8,17.1,0.00,0.00,0.00,0,0,0,0,0,5.6,155,135,9.5,14.0,1,3600.00,1012.6,998.6
2021-07-30T08:00,19.0,0.00,70,13.4,19.2,0.00,0.00,0.00,0,17,17,0,0,5.6,155,153,7.6,16.2,1,3600.00,1012.4,998.5
2021-07-30T09:00,20.9,0.00,63,13.6,21.2,0.00,0.00,0.00,1,49,49,0,0,5.8,177,176,7.6,17.6,1,3600.00,1012.1,998.3
2021-07-30T10:00,22.5,0.00,56,13.3,23.0,0.00,0.00,0.00,0,17,16,0,1,7.1,212,210,9.4,20.9,1,3600.00,1011.9,998.2
2021-07-30T11:00,23.8,0.00,51,13.2,24.5,0.00,0.00,0.00,0,0,0,0,0,9.5,220,217,12.8,25.6,1,3600.00,1011.4,997.8
2021-07-30T12:00,25.1,0.00,48,13.4,26.1,0.00,0.00,0.00,0,13,13,0,0,10.7,224,222,14.5,28.1,1,3600.00,1010.8,997.2
2021-07-30T13:00,25.1,0.00,52,14.6,25.8,0.00,0.00,0.00,0,1,0,54,100,15.8,236,235,22.1,29.2,1,3600.00,1010.2,996.7
2021-07-30T14:00,24.8,0.00,54,14.7,24.2,0.00,0.00,0.00,2,56,0,56,1,14.5,227,226,20.6,34.9,1,1359.41,1009.1,995.6
2021-07-30T15:00,26.3,0.00,49,14.8,25.6,0.00,0.00,0.00,3,100,0,88,100,17.5,238,238,25.4,39.2,1,3600.00,1008.1,994.6
2021-07-30T16:00,25.4,0.00,54,15.4,24.9,0.00,0.00,0.00,3,85,0,27,85,15.8,244,243,24.5,40.0,1,0.00,1008.0,994.5
2021-07-30T17:00,25.2,0.10,55,15.5,24.8,0.10,0.00,0.00,51,69,54,38,25,15.5,244,242,24.5,40.0,1,3600.00,1008.1,994.6
2021-07-30T18:00,24.6,0.00,59,16.1,24.5,0.00,0.00,0.00,0,16,9,7,7,14.5,241,240,24.3,34.2,1,3600.00,1008.2,994.7
2021-07-30T19:00,23.5,0.00,63,16.1,23.4,0.00,0.00,0.00,1,41,19,27,24,15.1,247,245,26.6,33.1,1,3600.00,1008.6,995.0
2021-07-30T20:00,22.1,0.00,69,16.0,21.8,0.00,0.00,0.00,0,19,0,18,10,15.7,236,233,27.5,39.6,1,863.68,1008.9,995.2
2021-07-30T21:00,20.7,0.00,79,16.8,21.1,0.00,0.00,0.00,1,21,0,21,2,13.7,229,225,25.8,33.8,0,0.00,1009.5,995.8
2021-07-30T22:00,20.1,0.00,83,17.1,20.4,0.00,0.00,0.00,1,32,0,26,23,14.8,242,241,27.2,32.0,0,0.00,1010.0,996.2
2021-07-30T23:00,19.7,0.00,76,15.4,19.5,0.00,0.00,0.00,1,27,0,19,21,13.7,254,252,25.1,32.8,0,0.00,1010.4,996.6
2021-07-31T00:00,18.9,0.00,73,14.0,18.4,0.00,0.00,0.00,0,8,0,3,7,12.2,256,251,23.1,29.9,0,0.00,1010.8,997.0
2021-07-31T01:00,17.9,0.00,83,14.9,18.3,0.00,0.00,0.00,0,3,0,6,4,8.7,251,240,22.1,27.0,0,0.00,1011.0,997.1
2021-07-31T02:00,17.9,0.00,69,12.2,16.7,0.00,0.00,0.00,0,2,0,2,0,12.8,257,254,25.8,28.4,0,0.00,1011.0,997.1
2021-07-31T03:00,16.8,0.00,68,10.9,15.5,0.00,0.00,0.00,0,11,0,7,10,10.3,254,245,22.8,28.1,0,0.00,1011.4,997.5
2021-07-31T04:00,16.0,0.00,70,10.5,14.7,0.00,0.00,0.00,0,7,0,4,7,9.9,239,226,22.3,23.4,0,0.00,1011.4,997.4
2021-07-31T05:00,15.2,0.00,74,10.6,13.8,0.00,0.00,0.00,0,1,0,1,0,10.7,229,220,23.7,23.8,1,0.00,1011.4,997.4
2021-07-31T06:00,15.6,0.00,77,11.5,14.4,0.00,0.00,0.00,0,0,0,0,0,11.6,238,234,23.3,25.6,1,1643.56,1011.4,997.4
2021-07-31T07:00,16.9,0.00,72,11.9,15.7,0.00,0.00,0.00,0,0,0,0,0,12.3,241,238,20.1,27.7,1,3600.00,1011.4,997.5
2021-07-31T08:00,18.4,0.00,65,11.8,16.7,0.00,0.00,0.00,1,21,21,0,0,14.8,242,241,21.3,33.1,1,3600.00,1011.6,997.7
2021-07-31T09:00,19.7,0.00,60,11.6,17.8,0.00,0.00,0.00,1,27,27,0,0,16.1,242,241,22.9,37.8,1,3600.00,1011.5,997.7
2021-07-31T10:00,21.2,0.00,52,11.0,18.8,0.00,0.00,0.00,1,47,5,0,44,20.9,251,251,29.7,47.5,1,3600.00,1011.4,997.7
2021-07-31T11:00,22.2,0.00,48,10.6,19.3,0.00,0.00,0.00,3,100,17,80,100,22.5,250,250,32.2,50.8,1,3600.00,1011.0,997.3
2021-07-31T12:00,22.2,0.00,48,10.8,19.5,0.00,0.00,0.00,3,100,30,94,100,20.1,246,246,29.2,50.4,1,1773.61,1010.9,997.2
2021-07-31T13:00,22.2,0.00,52,11.8,20.1,0.00,0.00,0.00,2,62,81,55,22,18.4,254,253,25.9,45.4,1,3600.00,1011.3,997.6
2021-07-31T14:00,22.5,0.10,50,11.7,20.6,0.10,0.00,0.00,51,92,89,28,11,17.5,256,256,24.4,42.8,1,3600.00,1011.1,997.4
2021-07-31T15:00,22.9,0.00,48,11.3,21.2,0.00,0.00,0.00,2,79,63,45,45,16.4,256,255,23.1,40.3,1,3600.00,1010.7,997.0
2021-07-31T16:00,23.2,0.00,46,10.8,21.3,0.00,0.00,0.00,3,87,76,48,20,14.1,252,251,19.7,37.8,1,3600.00,1010.1,996.5
2021-07-31T17:00,23.0,0.00,45,10.4,21.3,0.00,0.00,0.00,2,58,2,57,16,12.3,252,249,18.2,32.4,1,3600.00,1009.8,996.2
2021-07-31T18:00,22.6,0.00,46,10.5,21.2,0.00,0.00,0.00,3,85,73,45,13,10.2,247,247,16.8,28.4,1,3600.00,1009.9,996.2
2021-07-31T19:00,21.4,0.00,54,11.8,21.0,0.00,0.00,0.00,2,67,7,64,19,6.0,256,253,14.8,23.0,1,3600.00,1010.2,996.5
2021-07-31T20:00,19.7,0.00,59,11.4,19.4,0.00,0.00,0.00,3,94,87,56,26,5.1,276,274,14.1,14.0,1,431.68,1010.2,996.4
2021-07-31T21:00,18.5,0.00,62,11.0,17.9,0.00,0.00,0.00,3,90,89,25,13,5.6,294,297,15.3,11.5,0,0.00,1010.6,996.7
2021-07-31T22:00,17.6,0.00,63,10.5,16.9,0.00,0.00,0.00,3,100,100,74,16,6.1,317,320,16.8,13.0,0,0.00,1010.4,996.5
2021-07-31T23:00,17.3,0.00,65,10.7,16.6,0.00,0.00,0.00,3,100,100,97,23,6.2,340,339,16.5,13.0,0,0.00,1010.8,996.9
2021-08-01T00:00,16.7,0.00,72,11.6,16.5,0.00,0.00,0.00,3,100,100,100,13,4.5,334,346,12.4,13.7,0,0.00,1010.4,996.5
2021-08-01T01:00,16.2,0.00,82,13.1,16.1,0.00,0.00,0.00,3,100,100,27,1,7.7,253,233,10.1,9.4,0,0.00,1010.3,996.3
2021-08-01T02:00,16.6,0.00,78,12.7,16.5,0.00,0.00,0.00,3,100,100,59,3,6.2,269,260,16.2,13.7,0,0.00,1009.9,996.0
2021-08-01T03:00,16.4,0.00,78,12.7,16.4,0.00,0.00,0.00,3,100,100,90,0,6.1,307,310,15.4,14.0,0,0.00,1009.9,996.0
2021-08-01T04:00,15.8,0.10,84,13.1,16.2,0.10,0.00,0.00,51,100,100,98,3,3.5,303,294,11.2,13.0,0,0.00,1009.9,995.9
2021-08-01T05:00,15.7,0.20,86,13.4,16.4,0.20,0.00,0.00,51,100,100,99,0,2.8,267,220,6.8,8.6,1,0.00,1009.9,995.9
2021-08-01T06:00,15.8,0.30,89,14.0,16.3,0.30,0.00,0.00,51,100,100,92,6,5.6,235,225,10.6,10.8,1,0.00,1010.3,996.3
2021-08-01T07:00,16.0,0.30,89,14.2,16.4,0.30,0.00,0.00,51,100,100,39,7,6.4,243,243,10.5,15.1,1,0.00,1010.2,996.2
2021-08-01T08:00,16.5,0.10,86,14.2,17.0,0.10,0.00,0.00,51,99,99,39,24,6.2,253,249,8.7,15.8,1,0.00,1010.4,996.5
2021-08-01T09:00,17.7,0.00,80,14.3,18.2,0.00,0.00,0.00,3,99,99,48,41,6.3,241,239,8.2,25.6,1,2544.33,1010.6,996.7
2021-08-01T10:00,18.7,0.00,77,14.6,19.0,0.00,0.00,0.00,3,100,99,37,24,8.1,225,225,10.7,27.4,1,2966.57,1010.8,997.0
2021-08-01T11:00,19.3,0.00,75,14.7,19.6,0.00,0.00,0.00,3,99,99,22,24,8.4,225,223,11.2,29.5,1,980.22,1010.7,996.9
2021-08-01T12:00,20.1,0.00,72,14.8,20.3,0.00,0.00,0.00,3,97,94,17,85,9.0,219,217,12.0,33.1,1,769.94,1010.3,996.5
2021-08-01T13:00,18.9,0.10,78,15.1,19.5,0.10,0.00,0.00,51,94,65,9,14,7.6,211,211,9.7,34.2,1,3600.00,1010.8,997.0
2021-08-01T14:00,21.2,0.10,68,15.0,22.3,0.10,0.00,0.00,51,46,22,26,12,9.3,243,242,12.6,33.1,1,3600.00,1010.2,996.5
2021-08-01T15:00,22.1,0.00,59,13.6,22.0,0.00,0.00,0.00,2,69,56,35,14,11.7,261,261,16.0,34.9,1,3600.00,1010.0,996.3
2021-08-01T16:00,22.1,0.00,49,10.7,20.8,0.00,0.00,0.00,2,67,56,41,8,10.0,252,249,14.0,34.9,1,3600.00,1009.7,996.0
2021-08-01T17:00,22.3,0.00,44,9.5,20.4,0.00,0.00,0.00,3,85,81,38,1,11.6,255,254,17.1,26.6,1,3600.00,1009.7,996.0
2021-08-01T18:00,21.3,0.00,46,9.4,19.3,0.00,0.00,0.00,3,92,85,49,13,12.8,251,248,21.3,28.1,1,3600.00,1010.1,996.4
2021-08-01T19:00,19.8,0.00,60,11.7,18.7,0.00,0.00,0.00,3,93,89,51,30,11.2,229,222,19.6,29.5,1,3393.66,1010.8,997.0
2021-08-01T20:00,17.9,0.00,74,13.3,17.8,0.00,0.00,0.00,3,91,80,51,45,7.7,227,217,17.3,24.5,1,21.75,1011.5,997.6
2021-08-01T21:00,17.6,0.30,78,13.8,17.5,0.30,0.00,0.00,51,79,41,68,0,9.0,238,241,18.3,19.1,0,0.00,1012.2,998.3
2021-08-01T22:00,17.1,0.00,83,14.3,17.4,0.00,0.00,0.00,1,32,1,25,11,7.4,239,231,16.3,19.8,0,0.00,1012.4,998.5
2021-08-01T23:00,16.2,0.00,88,14.3,16.7,0.00,0.00,0.00,0,12,2,11,0,6.4,249,232,15.8,15.8,0,0.00,1012.6,998.6
2021-08-02T00:00,15.4,0.00,90,13.8,15.4,0.00,0.00,0.00,0,8,4,5,0,8.2,239,229,18.9,17.3,0,0.00,1012.9,998.9
2021-08-02T01:00,14.9,0.00,96,14.2,14.8,0.00,0.00,0.00,1,25,1,44,2,10.2,233,228,20.3,17.6,0,0.00,1014.1,1000.0
2021-08-02T02:00,14.6,0.00,96,13.9,14.5,0.00,0.00,0.00,1,39,2,35,23,9.4,227,220,19.4,21.6,0,0.00,1014.1,1000.0
2021-08-02T03:00,14.2,0.00,96,13.5,14.2,0.00,0.00,0.00,1,44,10,33,33,7.7,229,221,18.1,20.5,0,0.00,1014.0,999.9
2021-08-02T04:00,14.0,0.00,96,13.4,13.9,0.00,0.00,0.00,3,84,73,28,37,8.1,223,212,18.6,17.6,0,0.00,1014.3,1000.2
2021-08-02T05:00,13.8,0.00,96,13.1,13.8,0.00,0.00,0.00,2,72,56,33,21,6.9,231,223,17.1,18.0,1,0.00,1014.7,1000.6
2021-08-02T06:00,14.3,0.00,95,13.4,14.1,0.00,0.00,0.00,2,70,53,30,23,8.5,225,216,16.3,17.3,1,310.57,1015.0,1000.9
2021-08-02T07:00,15.2,0.00,90,13.6,14.5,0.00,0.00,0.00,3,92,82,27,55,12.7,227,225,18.3,27.0,1,3600.00,1015.4,1001.3
2021-08-02T08:00,16.1,0.00,89,14.2,15.8,0.00,0.00,0.00,3,85,51,37,74,10.9,227,226,15.8,29.5,1,3600.00,1015.6,1001.6
2021-08-02T09:00,16.8,0.10,87,14.7,16.9,0.10,0.00,0.00,51,62,3,46,55,9.9,225,224,13.7,28.1,1,3600.00,1015.6,1001.6
2021-08-02T10:00,17.9,0.10,82,14.8,18.0,0.10,0.00,0.00,51,50,2,18,48,10.2,221,219,14.3,26.3,1,3600.00,1015.4,1001.5
2021-08-02T11:00,19.5,0.10,73,14.6,19.7,0.10,0.00,0.00,51,22,0,17,12,11.0,219,218,14.8,30.6,1,3600.00,1015.0,1001.1
2021-08-02T12:00,20.8,0.10,65,14.0,20.9,0.10,0.00,0.00,51,33,0,28,14,14.0,212,209,18.6,36.4,1,3600.00,1014.5,1000.7
2021-08-02T13:00,21.2,0.00,61,13.4,20.5,0.00,0.00,0.00,1,34,7,53,51,16.6,248,248,22.5,38.9,1,3600.00,1014.8,1001.0
2021-08-02T14:00,20.9,0.50,60,12.9,20.1,0.50,0.00,0.00,53,58,4,56,9,12.5,252,252,17.1,40.0,1,3600.00,1014.7,1000.9
2021-08-02T15:00,21.4,0.20,55,12.1,20.1,0.20,0.00,0.00,51,53,0,51,24,15.3,247,246,21.1,35.6,1,3600.00,1014.3,1000.5
2021-08-02T16:00,21.4,0.10,56,12.1,19.9,0.10,0.00,0.00,51,34,3,29,21,14.6,254,254,20.6,38.5,1,3600.00,1014.2,1000.4
2021-08-02T17:00,21.3,0.00,51,10.9,19.7,0.00,0.00,0.00,0,18,0,18,2,12.8,259,259,18.7,36.7,1,3600.00,1014.1,1000.3
2021-08-02T18:00,21.0,0.10,55,11.5,19.7,0.10,0.00,0.00,51,34,0,32,10,12.0,255,254,18.6,32.0,1,3600.00,1014.2,1000.4
2021-08-02T19:00,19.5,0.10,64,12.4,18.8,0.10,0.00,0.00,51,64,29,40,23,9.6,257,257,18.5,29.9,1,3600.00,1014.6,1000.7
2021-08-02T20:00,17.6,0.00,73,12.7,17.7,0.00,0.00,0.00,2,55,40,18,20,5.4,270,266,15.1,20.5,1,701.63,1015.0,1001.0
2021-08-02T21:00,16.6,0.00,79,12.9,16.7,0.00,0.00,0.00,2,72,67,16,2,5.2,254,236,13.1,12.2,0,0.00,1015.4,1001.4
2021-08-02T22:00,16.0,0.00,83,13.1,16.2,0.00,0.00,0.00,2,79,79,0,0,5.6,239,220,14.7,11.9,0,0.00,1015.7,1001.7
2021-08-02T23:00,15.1,0.00,88,13.2,15.3,0.00,0.00,0.00,1,42,42,1,0,5.8,229,210,15.8,12.2,0,0.00,1015.9,1001.8
2021-08-03T00:00,14.5,0.00,91,13.1,14.6,0.00,0.00,0.00,0,5,0,4,0,6.3,229,211,16.3,13.0,0,0.00,1016.1,1002.0
2021-08-03T01:00,14.5,0.00,96,13.9,14.9,0.00,0.00,0.00,0,8,1,65,0,5.9,203,166,14.8,13.0,0,0.00,1015.8,1001.7
2021-08-03T02:00,14.8,0.00,96,14.1,15.2,0.00,0.00,0.00,3,80,0,77,14,5.8,202,173,14.4,13.3,0,0.00,1015.7,1001.6
2021-08-03T03:00,15.0,0.00,95,14.1,15.5,0.00,0.00,0.00,3,89,58,74,6,5.5,194,148,11.9,13.0,0,0.00,1015.4,1001.3
2021-08-03T04:00,14.8,0.00,94,13.9,15.2,0.00,0.00,0.00,3,94,93,26,0,5.6,183,140,11.9,13.0,0,0.00,1015.1,1001.0
2021-08-03T05:00,14.1,0.00,94,13.2,14.4,0.00,0.00,0.00,3,98,98,23,1,5.1,182,135,11.5,12.2,0,0.00,1015.0,1000.9
2021-08-03T06:00,14.8,0.00,91,13.4,15.0,0.00,0.00,0.00,3,100,99,61,7,6.0,185,147,12.3,13.0,1,0.00,1014.9,1000.8
2021-08-03T07:00,15.9,0.30,87,13.7,16.1,0.30,0.00,0.00,51,100,100,41,8,6.9,197,174,12.4,18.0,1,0.00,1015.1,1001.1
2021-08-03T08:00,16.5,0.50,86,14.1,16.9,0.50,0.00,0.00,53,100,99,87,2,6.4,205,196,9.5,20.9,1,545.85,1015.2,1001.2
2021-08-03T09:00,16.8,1.40,89,15.0,17.4,1.40,0.00,0.00,61,100,99,98,0,7.2,201,198,10.0,18.4,1,618.81,1015.1,1001.1
2021-08-03T10:00,16.7,0.80,87,14.6,17.1,0.80,0.00,0.00,53,99,96,96,3,8.0,196,190,11.6,28.1,1,0.00,1015.2,1001.2
2021-08-03T11:00,17.9,0.30,82,14.7,18.0,0.30,0.00,0.00,51,97,94,89,18,10.0,212,210,14.4,35.6,1,1076.62,1015.1,1001.2
2021-08-03T12:00,18.8,0.30,78,14.9,18.6,0.30,0.00,0.00,51,89,68,75,15,12.6,210,211,17.4,43.2,1,2313.72,1014.5,1000.6
2021-08-03T13:00,19.3,0.10,73,14.3,19.2,0.10,0.00,0.00,51,82,100,100,38,10.4,194,194,14.8,48.2,1,3600.00,1013.7,999.8
2021-08-03T14:00,18.0,0.50,76,13.7,17.3,0.50,0.00,0.00,53,75,10,70,23,12.8,214,212,18.2,31.0,1,0.00,1013.6,999.7
2021-08-03T15:00,19.0,0.40,75,14.5,19.1,0.40,0.00,0.00,51,63,51,34,16,9.1,201,198,13.1,36.0,1,3600.00,1012.8,998.9
2021-08-03T16:00,19.8,0.20,70,14.2,18.8,0.20,0.00,0.00,51,58,29,44,12,16.3,215,215,23.0,41.8,1,3600.00,1012.2,998.4
2021-08-03T17:00,19.0,0.60,73,14.1,17.7,0.60,0.00,0.00,53,100,100,41,35,18.2,230,231,27.1,43.6,1,3600.00,1012.3,998.4
2021-08-03T18:00,17.6,0.90,83,14.6,16.6,0.90,0.00,0.00,53,100,100,72,35,17.7,235,232,28.7,39.6,1,0.00,1012.9,999.0
2021-08-03T19:00,16.8,0.30,88,14.7,16.3,0.30,0.00,0.00,51,100,100,60,7,13.6,226,220,23.7,42.8,1,0.00,1012.9,998.9
2021-08-03T20:00,16.1,0.70,91,14.7,15.9,0.70,0.00,0.00,53,100,100,45,57,11.8,231,230,22.3,31.7,1,0.00,1013.1,999.1
2021-08-03T21:00,15.9,0.30,91,14.4,15.7,0.30,0.00,0.00,51,96,93,38,40,10.9,227,224,21.1,27.7,0,0.00,1013.9,999.9
2021-08-03T22:00,15.5,0.30,90,14.0,14.9,0.30,0.00,0.00,51,79,66,27,48,13.2,226,225,24.4,28.4,0,0.00,1014.3,1000.3
2021-08-03T23:00,15.3,0.20,90,13.7,14.4,0.20,0.00,0.00,51,92,85,83,43,14.3,228,227,25.7,30.6,0,0.00,1014.7,1000.6
2021-08-04T00:00,15.1,0.00,93,13.9,14.5,0.00,0.00,0.00,3,90,13,87,31,12.8,233,230,23.1,30.2,0,0.00,1014.6,1000.5
2021-08-04T01:00,15.2,0.00,94,14.2,14.9,0.00,0.00,0.00,2,70,97,95,69,11.3,215,211,22.0,27.0,0,0.00,1014.6,1000.5
2021-08-04T02:00,15.0,0.70,94,14.0,14.5,0.70,0.00,0.00,53,100,26,100,100,12.6,223,217,23.4,27.7,0,0.00,1014.6,1000.5
2021-08-04T03:00,15.0,0.60,94,14.0,14.3,0.60,0.00,0.00,53,100,0,100,100,13.5,226,222,23.7,29.9,0,0.00,1014.5,1000.4
2021-08-04T04:00,14.7,0.20,94,13.7,14.4,0.20,0.00,0.00,51,98,0,97,91,10.5,220,211,19.2,28.8,0,0.00,1014.4,1000.3
2021-08-04T05:00,14.5,0.20,94,13.5,14.0,0.20,0.00,0.00,51,99,63,96,95,11.2,210,201,20.3,23.8,0,0.00,1014.5,1000.4
2021-08-04T06:00,14.5,0.00,93,13.5,14.3,0.00,0.00,0.00,2,61,30,39,18,8.9,220,212,16.9,23.4,1,0.00,1014.5,1000.4
2021-08-04T07:00,15.2,0.00,91,13.7,15.1,0.00,0.00,0.00,3,96,92,48,34,9.2,228,225,13.5,19.8,1,3600.00,1014.5,1000.4
2021-08-04T08:00,15.8,0.00,86,13.5,15.7,0.00,0.00,0.00,3,97,89,71,47,8.4,239,239,11.3,20.9,1,3600.00,1014.4,1000.4
2021-08-04T09:00,16.7,0.10,80,13.3,16.6,0.10,0.00,0.00,51,100,34,100,70,7.8,236,236,10.4,20.5,1,3600.00,1014.7,1000.7
2021-08-04T10:00,17.2,0.10,78,13.4,17.4,0.10,0.00,0.00,51,76,0,70,45,5.8,211,210,7.6,20.2,1,1838.80,1014.5,1000.5
2021-08-04T11:00,18.0,0.00,75,13.5,18.2,0.00,0.00,0.00,3,99,98,46,40,6.1,211,208,8.4,19.1,1,3537.21,1014.5,1000.6
2021-08-04T12:00,18.9,0.00,72,13.7,19.3,0.00,0.00,0.00,3,100,100,29,20,5.3,210,208,7.1,18.4,1,3530.98,1014.0,1000.1
2021-08-04T13:00,19.8,0.00,58,11.3,19.2,0.00,0.00,0.00,3,100,99,26,0,6.6,190,193,8.4,19.1,1,3600.00,1013.7,999.9
2021-08-04T14:00,20.4,0.00,55,11.2,20.2,0.00,0.00,0.00,3,100,100,24,24,3.6,212,217,4.7,18.7,1,3600.00,1013.2,999.4
2021-08-04T15:00,20.9,0.00,52,10.8,20.2,0.00,0.00,0.00,3,100,100,36,52,6.5,234,236,8.5,18.4,1,3600.00,1013.0,999.2
2021-08-04T16:00,20.8,0.00,53,10.9,20.3,0.00,0.00,0.00,3,100,100,51,1,5.4,219,217,6.9,18.4,1,232.41,1012.6,998.8
2021-08-04T17:00,20.6,0.00,54,11.0,20.0,0.00,0.00,0.00,3,98,98,67,3,6.3,213,211,8.6,16.2,1,3179.58,1012.4,998.6
2021-08-04T18:00,20.1,0.00,56,11.1,19.6,0.00,0.00,0.00,3,94,92,61,17,6.0,202,197,9.7,16.2,1,1380.31,1012.0,998.2
2021-08-04T19:00,18.9,0.00,66,12.4,18.9,0.00,0.00,0.00,3,97,96,42,8,4.9,208,197,12.2,14.0,1,2047.74,1011.9,998.0
2021-08-04T20:00,17.3,0.00,71,12.0,17.1,0.00,0.00,0.00,3,99,99,50,7,5.4,229,217,14.8,11.2,1,0.00,1012.0,998.1
2021-08-04T21:00,16.5,0.00,77,12.6,16.5,0.00,0.00,0.00,3,99,98,68,13,5.4,243,228,13.4,11.2,0,0.00,1012.3,998.3
2021-08-04T22:00,15.8,0.00,84,13.0,16.0,0.00,0.00,0.00,3,98,97,72,15,5.2,243,214,10.5,10.1,0,0.00,1012.1,998.1
2021-08-04T23:00,15.7,0.00,85,13.1,16.0,0.00,0.00,0.00,3,83,75,62,20,5.2,233,205,13.6,10.8,0,0.00,1012.4,998.4
2021-08-05T00:00,15.6,0.00,87,13.4,15.8,0.00,0.00,0.00,2,63,46,51,33,5.8,227,202,15.3,12.2,0,0.00,1012.5,998.5
2021-08-05T01:00,15.6,0.00,90,14.0,16.1,0.00,0.00,0.00,1,31,73,100,4,5.3,238,208,9.4,11.9,0,0.00,1012.6,998.6
2021-08-05T02:00,15.9,0.00,89,14.1,16.7,0.00,0.00,0.00,3,97,91,80,7,3.5,242,204,9.3,9.7,0,0.00,1012.4,998.4
2021-08-05T03:00,15.6,0.00,92,14.3,16.4,0.00,0.00,0.00,3,93,80,82,19,4.4,224,189,9.9,9.7,0,0.00,1012.1,998.1
2021-08-05T04:00,14.8,0.00,96,14.1,15.4,0.00,0.00,0.00,2,73,2,72,22,4.7,216,184,10.3,9.4,0,0.00,1011.9,997.8
2021-08-05T05:00,14.5,0.00,96,13.9,14.9,0.00,0.00,0.00,1,37,4,34,1,5.8,209,184,13.5,11.9,0,0.00,1011.5,997.4
2021-08-05T06:00,14.8,0.00,96,14.1,15.3,0.00,0.00,0.00,1,23,0,20,7,6.2,208,187,13.0,11.9,1,312.77,1011.6,997.6
2021-08-05T07:00,15.8,0.00,92,14.5,16.3,0.00,0.00,0.00,1,34,0,34,1,7.1,208,204,10.6,16.9,1,3600.00,1011.6,997.6
2021-08-05T08:00,17.0,0.00,87,14.8,17.4,0.00,0.00,0.00,1,49,0,47,6,8.1,216,212,11.1,20.2,1,3600.00,1011.7,997.8
2021-08-05T09:00,18.2,0.00,80,14.7,18.4,0.00,0.00,0.00,2,64,1,64,3,9.2,221,222,12.5,23.8,1,3600.00,1011.6,997.7
2021-08-05T10:00,19.5,0.10,72,14.3,19.4,0.10,0.00,0.00,51,86,5,84,12,9.9,224,224,13.5,25.9,1,3600.00,1011.3,997.5
2021-08-05T11:00,20.4,0.10,69,14.5,20.3,0.10,0.00,0.00,51,66,7,60,21,10.9,225,224,14.8,28.1,1,3600.00,1011.0,997.2
2021-08-05T12:00,21.4,0.10,65,14.5,22.3,0.10,0.00,0.00,51,47,16,36,8,10.2,228,228,13.5,29.2,1,3600.00,1010.6,996.9
2021-08-05T13:00,22.9,0.00,49,11.5,23.2,0.00,0.00,0.00,1,44,49,6,0,9.4,219,220,12.5,28.8,1,3600.00,1009.4,995.8
2021-08-05T14:00,23.2,0.00,48,11.6,22.9,0.00,0.00,0.00,1,44,10,45,4,12.0,226,226,16.0,29.5,1,3600.00,1008.7,995.1
2021-08-05T15:00,22.9,0.00,53,12.7,21.9,0.00,0.00,0.00,2,50,20,38,35,13.8,223,223,18.6,32.0,1,3600.00,1008.3,994.7
2021-08-05T16:00,22.6,0.20,58,13.8,22.1,0.20,0.00,0.00,51,51,23,37,25,11.4,234,235,16.0,32.4,1,3600.00,1008.2,994.6
2021-08-05T17:00,21.0,0.40,65,14.2,20.4,0.40,0.00,0.00,51,94,91,34,21,13.5,230,228,19.4,29.5,1,3600.00,1008.2,994.5
2021-08-05T18:00,20.5,0.00,70,14.8,20.3,0.00,0.00,0.00,3,97,96,12,33,12.1,213,210,18.5,29.2,1,3600.00,1007.9,994.2
2021-08-05T19:00,19.5,0.00,77,15.4,19.6,0.00,0.00,0.00,1,49,9,35,34,11.4,208,204,18.7,26.6,1,2382.65,1008.0,994.2
2021-08-05T20:00,17.6,0.70,87,15.4,17.9,0.70,0.00,0.00,53,91,1,83,87,10.6,212,204,19.9,24.5,0,191.59,1008.6,994.7
2021-08-05T21:00,17.2,1.40,94,16.2,17.9,1.40,0.00,0.00,61,74,0,51,66,9.5,213,205,18.0,22.3,0,0.00,1008.7,994.8
2021-08-05T22:00,17.0,0.70,93,15.9,17.7,0.70,0.00,0.00,53,64,0,49,43,9.0,219,209,17.1,21.6,0,0.00,1008.4,994.5
2021-08-05T23:00,16.5,0.30,95,15.6,17.0,0.30,0.00,0.00,51,52,0,35,34,9.3,220,208,19.2,21.2,0,0.00,1008.4,994.5
2021-08-06T00:00,16.4,0.20,95,15.6,17.3,0.20,0.00,0.00,51,30,0,22,21,7.0,216,192,16.5,20.5,0,0.00,1008.0,994.1
2021-08-06T01:00,16.4,0.00,92,15.1,16.7,0.00,0.00,0.00,3,88,56,70,16,9.5,216,205,21.4,16.9,0,0.00,1007.7,993.8
2021-08-06T02:00,16.3,0.00,91,14.8,16.6,0.00,0.00,0.00,3,87,87,2,0,8.8,208,192,20.5,20.9,0,0.00,1007.2,993.3
2021-08-06T03:00,15.5,0.00,92,14.2,15.8,0.00,0.00,0.00,2,74,67,23,0,7.3,207,189,19.0,19.8,0,0.00,1007.0,993.1
2021-08-06T04:00,15.4,0.30,91,14.0,15.4,0.30,0.00,0.00,51,100,95,100,26,9.1,203,187,21.1,22.3,0,0.00,1007.0,993.0
2021-08-06T05:00,15.6,2.10,92,14.3,16.1,2.10,0.00,0.00,61,100,95,52,100,6.1,200,177,14.9,28.1,0,0.00,1006.9,993.0
2021-08-06T06:00,15.9,0.90,90,14.2,15.9,0.90,0.00,0.00,53,94,71,59,89,9.0,188,164,17.5,24.8,1,0.00,1006.9,993.0
2021-08-06T07:00,16.7,0.20,88,14.6,16.5,0.20,0.00,0.00,51,94,14,89,54,11.9,206,194,21.3,25.2,1,0.00,1007.0,993.1
2021-08-06T08:00,17.3,0.00,87,15.0,16.8,0.00,0.00,0.00,2,56,16,12,47,14.8,218,214,25.4,32.8,1,441.26,1007.3,993.4
2021-08-06T09:00,18.6,0.10,81,15.2,17.7,0.10,0.00,0.00,51,32,0,27,22,18.1,228,227,27.3,38.2,1,3600.00,1007.4,993.6
2021-08-06T10:00,19.6,0.10,74,14.9,18.4,0.10,0.00,0.00,51,53,0,39,41,19.7,236,235,28.6,50.8,1,3600.00,1007.7,993.9
2021-08-06T11:00,20.4,0.00,73,15.3,19.7,0.00,0.00,0.00,1,49,0,34,36,16.6,228,228,23.7,51.8,1,3600.00,1007.8,994.1
2021-08-06T12:00,21.4,0.10,67,15.1,20.6,0.10,0.00,0.00,51,52,0,46,23,17.6,228,227,24.7,51.5,1,3600.00,1007.6,993.9
2021-08-06T13:00,20.8,0.10,67,14.5,19.5,0.10,0.00,0.00,51,41,0,53,19,20.3,237,237,29.7,54.7,1,3600.00,1007.7,994.0
2021-08-06T14:00,21.1,0.10,63,13.9,19.0,0.10,0.00,0.00,51,61,0,57,19,23.0,245,245,33.7,55.1,1,3600.00,1007.5,993.8
2021-08-06T15:00,21.5,0.00,59,13.1,19.2,0.00,0.00,0.00,2,61,0,57,20,22.9,248,248,33.8,51.1,1,3600.00,1007.6,993.9
2021-08-06T16:00,21.8,0.00,55,12.3,19.4,0.00,0.00,0.00,2,67,5,60,37,21.2,250,249,32.2,50.4,1,3600.00,1007.6,993.9
2021-08-06T17:00,21.7,0.00,55,12.2,19.7,0.00,0.00,0.00,3,90,78,41,52,18.8,243,241,30.3,46.4,1,3355.02,1007.4,993.7
2021-08-06T18:00,21.3,0.00,59,12.9,19.8,0.00,0.00,0.00,3,88,85,16,4,16.4,243,241,27.5,40.7,1,3600.00,1007.4,993.7
2021-08-06T19:00,20.2,0.00,63,13.1,19.3,0.00,0.00,0.00,3,88,87,6,4,12.9,245,243,24.2,36.0,1,3600.00,1007.4,993.7
2021-08-06T20:00,19.0,0.00,68,13.0,18.4,0.00,0.00,0.00,3,80,77,9,11,10.5,244,239,22.1,28.1,0,0.00,1007.9,994.1
2021-08-06T21:00,17.8,0.00,74,13.2,17.8,0.00,0.00,0.00,3,88,87,8,5,7.4,236,227,19.2,22.7,0,0.00,1008.7,994.8
2021-08-06T22:00,16.8,0.00,80,13.3,16.9,0.00,0.00,0.00,3,88,86,10,0,6.4,238,227,18.6,16.9,0,0.00,1008.5,994.6
2021-08-06T23:00,15.8,0.00,86,13.4,16.0,0.00,0.00,0.00,3,92,90,17,1,5.7,239,215,15.2,15.1,0,0.00,1008.7,994.7
2021-08-07T00:00,15.6,0.00,86,13.4,16.0,0.00,0.00,0.00,3,95,93,27,2,4.6,213,162,11.2,12.6,0,0.00,1008.5,994.5
2021-08-07T01:00,15.3,0.00,88,13.4,15.4,0.00,0.00,0.00,3,97,97,28,13,6.3,198,156,14.0,14.0,0,0.00,1008.4,994.4
2021-08-07T02:00,15.6,0.00,84,12.9,15.7,0.00,0.00,0.00,3,95,95,5,4,5.4,183,138,14.1,12.6,0,0.00,1008.1,994.1
2021-08-07T03:00,15.4,0.00,83,12.5,15.2,0.00,0.00,0.00,3,86,83,21,0,6.4,162,117,13.7,13.0,0,0.00,1007.7,993.7
2021-08-07T04:00,14.7,0.00,86,12.4,14.4,0.00,0.00,0.00,3,93,85,52,0,6.6,148,112,13.6,13.7,0,0.00,1007.3,993.3
2021-08-07T05:00,14.8,0.00,86,12.4,14.6,0.00,0.00,0.00,3,99,98,65,3,6.4,158,117,12.8,14.0,0,0.00,1007.3,993.3
2021-08-07T06:00,15.5,0.00,84,12.8,15.4,0.00,0.00,0.00,3,99,99,50,12,7.1,164,120,12.0,14.8,1,0.00,1007.1,993.2
2021-08-07T07:00,16.9,0.00,80,13.4,17.0,0.00,0.00,0.00,3,100,98,96,2,6.6,170,131,10.6,14.8,1,0.00,1007.0,993.1
2021-08-07T08:00,17.8,0.00,76,13.6,18.0,0.00,0.00,0.00,3,100,100,29,1,6.6,161,135,11.0,14.8,1,0.00,1007.0,993.2
2021-08-07T09:00,19.7,0.00,68,13.6,19.9,0.00,0.00,0.00,3,100,100,39,2,6.2,165,159,8.6,16.9,1,1130.05,1006.7,993.0
2021-08-07T10:00,20.7,0.00,65,13.8,21.0,0.00,0.00,0.00,3,99,98,20,6,6.2,171,170,8.8,16.6,1,410.11,1006.0,992.3
2021-08-07T11:00,21.9,0.00,60,13.7,21.8,0.00,0.00,0.00,3,100,100,57,6,8.8,168,168,11.8,22.3,1,3600.00,1005.7,992.1
2021-08-07T12:00,21.9,0.00,59,13.6,21.9,0.00,0.00,0.00,3,100,100,85,4,8.0,171,172,10.9,22.7,1,0.00,1005.5,991.9
2021-08-07T13:00,20.9,0.80,66,14.3,20.6,0.80,0.00,0.00,53,100,98,78,10,12.0,186,187,17.4,19.8,1,0.00,1005.1,991.4
2021-08-07T14:00,21.6,0.10,60,13.5,20.5,0.10,0.00,0.00,51,100,100,100,14,15.7,200,200,21.9,36.7,1,3600.00,1005.2,991.6
2021-08-07T15:00,19.5,0.60,73,14.5,19.0,0.60,0.00,0.00,53,100,100,95,15,13.7,200,198,21.9,36.4,1,0.00,1005.5,991.8
2021-08-07T16:00,18.7,0.10,74,14.0,17.5,0.10,0.00,0.00,51,99,98,80,11,16.8,212,211,27.2,36.4,1,0.00,1006.3,992.5
2021-08-07T17:00,18.5,0.00,75,14.0,17.9,0.00,0.00,0.00,3,100,100,100,1,13.1,203,201,20.8,37.1,1,0.00,1006.1,992.3
2021-08-07T18:00,18.4,0.00,76,14.1,17.6,0.00,0.00,0.00,2,64,56,25,0,14.8,200,194,24.5,32.0,1,0.00,1005.9,992.1
2021-08-07T19:00,18.1,0.00,78,14.2,17.4,0.00,0.00,0.00,0,0,0,0,0,13.7,204,198,24.5,33.5,1,3600.00,1006.0,992.2
2021-08-07T20:00,16.8,0.00,83,13.8,16.5,0.00,0.00,0.00,0,5,1,3,3,10.6,207,198,22.5,30.2,0,746.42,1006.6,992.7
2021-08-07T21:00,16.3,0.00,84,13.5,16.0,0.00,0.00,0.00,1,20,0,18,8,9.4,202,187,21.0,24.1,0,0.00,1007.6,993.7
2021-08-07T22:00,16.1,0.30,85,13.5,15.3,0.30,0.00,0.00,51,50,1,33,38,13.5,221,214,26.0,34.6,0,0.00,1008.0,994.1
2021-08-07T23:00,16.1,0.00,88,14.1,15.3,0.00,0.00,0.00,1,41,0,38,8,14.2,218,210,26.1,31.3,0,0.00,1008.7,994.8
2021-08-08T00:00,15.8,0.00,90,14.1,15.0,0.00,0.00,0.00,1,36,0,34,15,15.0,215,207,27.2,32.4,0,0.00,1009.3,995.3
2021-08-08T01:00,16.4,0.00,89,14.5,15.8,0.00,0.00,0.00,1,35,0,22,19,14.3,228,223,26.3,32.8,0,0.00,1009.3,995.4
2021-08-08T02:00,15.6,0.70,92,14.3,15.0,0.70,0.00,0.00,53,58,18,26,39,13.5,219,214,25.4,35.6,0,0.00,1009.8,995.8
2021-08-08T03:00,15.2,1.00,93,14.0,14.8,1.00,0.00,0.00,55,21,0,10,14,11.4,214,204,23.6,37.4,0,0.00,1010.0,996.0
2021-08-08T04:00,15.1,0.00,92,13.8,14.4,0.00,0.00,0.00,0,16,0,8,12,13.0,216,208,25.5,28.1,0,0.00,1010.2,996.2
2021-08-08T05:00,14.8,0.00,91,13.4,13.7,0.00,0.00,0.00,1,35,0,2,34,14.9,217,212,28.3,32.0,0,0.00,1010.9,996.9
2021-08-08T06:00,15.0,0.00,90,13.4,13.8,0.00,0.00,0.00,1,27,0,3,27,15.3,215,210,27.4,33.1,1,204.61,1011.6,997.6
2021-08-08T07:00,15.5,0.10,89,13.7,14.4,0.10,0.00,0.00,51,27,0,8,25,15.5,215,211,26.7,37.1,1,3600.00,1012.3,998.3
2021-08-08T08:00,16.2,0.20,85,13.8,15.1,0.20,0.00,0.00,51,29,0,4,27,16.0,213,211,23.7,37.4,1,3600.00,1012.7,998.7
2021-08-08T09:00,17.2,0.10,79,13.5,15.9,0.10,0.00,0.00,51,88,84,11,24,16.5,225,224,23.4,41.8,1,3600.00,1012.9,999.0
2021-08-08T10:00,18.0,0.10,73,13.1,16.4,0.10,0.00,0.00,51,85,77,28,18,17.6,227,226,25.0,46.1,1,3600.00,1013.1,999.2
2021-08-08T11:00,18.6,0.10,68,12.6,16.7,0.10,0.00,0.00,51,90,85,34,11,18.1,239,239,25.7,46.4,1,3600.00,1013.4,999.5
2021-08-08T12:00,19.3,0.10,64,12.4,17.4,0.10,0.00,0.00,51,87,80,46,9,18.2,237,236,25.8,49.0,1,3600.00,1013.4,999.5
2021-08-08T13:00,18.8,0.10,71,13.3,17.4,0.10,0.00,0.00,51,33,0,33,4,16.3,229,229,24.2,49.0,1,3600.00,1013.9,1000.0
2021-08-08T14:00,20.3,0.00,57,11.6,18.3,0.00,0.00,0.00,2,77,55,52,12,18.8,243,244,26.6,47.9,1,3600.00,1013.8,1000.0
2021-08-08T15:00,19.0,1.00,64,12.1,17.1,1.00,0.00,0.00,55,82,73,47,14,17.1,262,263,24.7,49.3,1,3600.00,1014.7,1000.8
2021-08-08T16:00,18.4,0.20,67,12.1,16.8,0.20,0.00,0.00,51,49,45,9,2,15.4,249,249,22.3,49.0,1,3600.00,1015.2,1001.3
2021-08-08T17:00,19.1,0.00,58,10.7,17.3,0.00,0.00,0.00,1,37,16,33,9,13.6,249,248,20.1,45.7,1,3600.00,1015.5,1001.6
2021-08-08T18:00,19.0,0.00,56,9.9,17.4,0.00,0.00,0.00,0,14,0,14,1,11.0,241,238,19.0,45.7,1,3600.00,1015.6,1001.7
2021-08-08T19:00,18.1,0.00,60,10.2,16.5,0.00,0.00,0.00,0,17,0,16,1,11.5,234,231,22.2,26.3,1,3600.00,1016.2,1002.2
2021-08-08T20:00,16.6,0.00,67,10.4,15.4,0.00,0.00,0.00,0,7,0,7,0,8.7,234,228,20.6,25.9,0,410.25,1016.6,1002.6
2021-08-08T21:00,15.3,0.00,73,10.6,14.3,0.00,0.00,0.00,0,4,0,4,0,8.4,218,200,20.5,19.8,0,0.00,1017.4,1003.3
2021-08-08T22:00,15.0,0.00,75,10.7,13.7,0.00,0.00,0.00,1,47,44,6,0,9.9,207,190,23.3,21.6,0,0.00,1018.1,1004.0
2021-08-08T23:00,14.5,0.00,80,11.1,13.6,0.00,0.00,0.00,0,5,2,3,0,8.8,213,199,22.4,21.2,0,0.00,1018.3,1004.1
2021-08-09T00:00,14.0,0.00,82,11.0,13.2,0.00,0.00,0.00,3,94,94,1,1,7.4,213,194,20.1,19.4,0,0.00,1018.5,1004.3
2021-08-09T01:00,14.6,0.00,85,12.1,14.2,0.00,0.00,0.00,1,42,97,2,12,7.1,215,195,18.4,16.9,0,0.00,1018.6,1004.4
2021-08-09T02:00,13.9,0.00,88,12.0,13.6,0.00,0.00,0.00,0,15,12,1,6,6.2,215,187,17.1,16.2,0,0.00,1018.6,1004.4
2021-08-09T03:00,13.1,0.00,89,11.4,12.8,0.00,0.00,0.00,3,84,84,4,0,5.0,201,159,13.9,14.4,0,0.00,1018.6,1004.4
2021-08-09T04:00,13.0,0.00,89,11.2,12.5,0.00,0.00,0.00,3,94,93,9,6,6.2,187,144,14.2,13.3,0,0.00,1018.8,1004.6
2021-08-09T05:00,12.7,0.00,90,11.1,12.2,0.00,0.00,0.00,3,97,96,36,13,6.1,180,135,13.3,13.7,0,0.00,1019.0,1004.7
2021-08-09T06:00,13.4,0.00,86,11.2,12.6,0.00,0.00,0.00,1,37,18,30,0,7.8,161,124,13.0,15.1,1,0.00,1018.9,1004.7
2021-08-09T07:00,14.9,0.00,81,11.7,14.3,0.00,0.00,0.00,1,22,0,21,3,7.9,154,133,13.2,17.3,1,3600.00,1018.9,1004.8
2021-08-09T08:00,16.7,0.00,74,12.1,16.4,0.00,0.00,0.00,0,11,1,4,9,6.7,148,144,9.4,18.0,1,3600.00,1018.9,1004.8
2021-08-09T09:00,18.7,0.00,67,12.3,18.3,0.00,0.00,0.00,1,46,29,17,23,7.6,180,177,10.4,20.9,1,3600.00,1019.0,1005.0
2021-08-09T10:00,20.1,0.00,61,12.3,19.1,0.00,0.00,0.00,2,60,54,8,11,11.6,197,196,15.8,28.4,1,3600.00,1018.8,1004.9
2021-08-09T11:00,21.6,0.00,54,11.9,20.5,0.00,0.00,0.00,2,54,36,32,8,15.0,216,215,21.4,34.9,1,3600.00,1018.8,1005.0
2021-08-09T12:00,22.1,0.00,50,11.1,20.0,0.00,0.00,0.00,1,40,14,32,8,17.9,231,230,25.4,40.7,1,3600.00,1018.7,1004.9
2021-08-09T13:00,21.1,0.00,60,13.1,21.1,0.00,0.00,0.00,2,62,1,98,8,11.5,245,250,16.3,42.1,1,3600.00,1019.1,1005.2
2021-08-09T14:00,21.3,0.00,56,12.2,20.2,0.00,0.00,0.00,3,83,71,73,5,12.3,230,230,17.9,26.6,1,1610.01,1018.9,1005.1
2021-08-09T15:00,21.9,0.00,53,11.9,20.4,0.00,0.00,0.00,3,90,84,64,5,14.3,231,231,20.5,35.6,1,3600.00,1018.8,1005.0
2021-08-09T16:00,21.8,0.00,54,12.0,20.5,0.00,0.00,0.00,3,83,77,42,5,12.8,232,232,19.2,33.5,1,3600.00,1018.7,1004.9
2021-08-09T17:00,22.2,0.00,51,11.5,20.8,0.00,0.00,0.00,2,50,0,49,2,12.7,228,227,19.9,30.6,1,3600.00,1018.5,1004.7
2021-08-09T18:00,21.8,0.00,53,11.9,21.0,0.00,0.00,0.00,1,38,1,36,5,9.4,223,220,17.6,28.8,1,3600.00,1018.3,1004.5
2021-08-09T19:00,20.3,0.00,61,12.6,20.0,0.00,0.00,0.00,1,35,0,32,21,7.6,232,225,18.2,21.6,1,3600.00,1018.3,1004.4
2021-08-09T20:00,18.2,0.00,68,12.3,18.0,0.00,0.00,0.00,1,44,0,43,16,6.1,238,225,16.5,18.0,0,203.90,1018.7,1004.7
2021-08-09T21:00,17.5,0.00,72,12.3,17.4,0.00,0.00,0.00,1,40,1,38,25,5.7,225,198,14.3,13.7,0,0.00,1018.9,1004.9
2021-08-09T22:00,17.6,0.00,70,12.2,17.2,0.00,0.00,0.00,2,50,3,48,16,7.3,217,200,19.0,15.5,0,0.00,1019.1,1005.1
2021-08-09T23:00,17.2,0.00,74,12.6,17.0,0.00,0.00,0.00,1,40,0,35,28,6.4,222,207,18.4,16.9,0,0.00,1019.6,1005.6
2021-08-10T00:00,16.3,0.00,80,12.8,16.3,0.00,0.00,0.00,0,8,0,4,7,6.4,212,196,17.8,14.4,0,0.00,1019.3,1005.2
2021-08-10T01:00,16.8,0.00,77,12.7,16.9,0.00,0.00,0.00,3,91,72,36,19,5.2,233,168,10.8,14.0,0,0.00,1019.3,1005.2
2021-08-10T02:00,15.6,0.00,82,12.4,15.7,0.00,0.00,0.00,3,82,73,33,9,4.3,188,132,8.0,10.8,0,0.00,1018.9,1004.8
2021-08-10T03:00,15.1,0.00,83,12.3,14.9,0.00,0.00,0.00,3,87,83,42,7,6.4,175,133,12.6,12.6,0,0.00,1018.6,1004.5
2021-08-10T04:00,15.1,0.00,83,12.3,14.8,0.00,0.00,0.00,3,85,76,55,12,6.7,172,144,15.3,13.7,0,0.00,1018.6,1004.5
2021-08-10T05:00,14.7,0.10,85,12.3,14.4,0.10,0.00,0.00,51,92,80,80,6,6.9,176,137,14.8,18.7,0,0.00,1018.7,1004.6
2021-08-10T06:00,15.4,0.30,86,13.0,15.6,0.30,0.00,0.00,51,93,90,43,9,5.4,196,143,11.6,19.4,1,0.00,1018.9,1004.8
2021-08-10T07:00,16.6,0.10,84,13.8,16.6,0.10,0.00,0.00,51,95,94,21,16,8.0,185,153,12.3,15.8,1,742.12,1018.7,1004.6
2021-08-10T08:00,17.8,0.00,79,14.2,18.2,0.00,0.00,0.00,2,71,52,45,0,6.6,195,189,10.0,18.4,1,3600.00,1018.8,1004.8
2021-08-10T09:00,19.5,0.00,74,14.7,20.2,0.00,0.00,0.00,2,79,1,79,0,5.9,227,227,7.9,18.0,1,3600.00,1018.8,1004.9
2021-08-10T10:00,20.6,0.00,69,14.6,21.3,0.00,0.00,0.00,2,78,0,78,0,5.3,243,242,7.2,17.6,1,3600.00,1018.9,1005.0
2021-08-10T11:00,21.3,0.00,65,14.4,21.8,0.00,0.00,0.00,1,42,0,41,0,5.9,252,256,8.3,18.0,1,3600.00,1019.1,1005.3
2021-08-10T12:00,22.7,0.00,58,13.9,23.6,0.00,0.00,0.00,1,37,6,33,1,7.0,257,258,9.3,20.9,1,3600.00,1018.8,1005.0
2021-08-10T13:00,22.6,0.00,54,12.9,23.2,0.00,0.00,0.00,1,46,1,86,15,8.4,207,205,10.9,24.5,1,3600.00,1018.9,1005.1
2021-08-10T14:00,22.2,0.00,56,12.9,22.4,0.00,0.00,0.00,3,86,5,85,0,5.0,216,210,6.7,19.4,1,3147.98,1018.3,1004.5
2021-08-10T15:00,22.5,0.00,56,13.3,22.8,0.00,0.00,0.00,3,92,3,91,1,5.0,202,201,6.6,14.4,1,3600.00,1017.9,1004.1
2021-08-10T16:00,23.5,0.00,51,12.8,23.3,0.00,0.00,0.00,2,71,5,39,64,7.4,231,231,10.2,17.6,1,3600.00,1017.6,1003.9
2021-08-10T17:00,23.4,0.00,52,13.0,22.8,0.00,0.00,0.00,3,81,2,56,76,10.6,241,242,16.9,24.5,1,3600.00,1017.1,1003.4
2021-08-10T18:00,22.6,0.00,60,14.5,23.1,0.00,0.00,0.00,1,24,0,15,19,7.1,256,255,14.5,24.5,1,751.86,1017.1,1003.3
2021-08-10T19:00,21.1,0.00,69,15.2,22.1,0.00,0.00,0.00,1,31,0,30,1,5.2,255,254,13.8,16.2,1,3600.00,1017.2,1003.4
2021-08-10T20:00,18.9,0.00,76,14.6,19.3,0.00,0.00,0.00,2,56,25,41,2,7.3,259,250,11.0,12.6,0,111.19,1017.4,1003.5
2021-08-10T21:00,18.7,0.00,77,14.5,19.3,0.00,0.00,0.00,2,74,57,34,31,5.8,254,210,9.3,12.2,0,0.00,1018.0,1004.1
2021-08-10T22:00,19.1,0.00,73,14.2,19.8,0.00,0.00,0.00,2,67,40,41,37,4.6,252,198,8.0,10.4,0,0.00,1018.4,1004.5
2021-08-10T23:00,17.5,0.00,81,14.2,18.0,0.00,0.00,0.00,2,74,40,41,47,5.6,303,315,12.0,11.2,0,0.00,1019.1,1005.1
2021-08-11T00:00,17.0,0.00,84,14.3,17.8,0.00,0.00,0.00,1,35,3,27,15,4.1,333,52,6.4,10.8,0,0.00,1019.1,1005.1
2021-08-11T01:00,16.7,0.00,89,14.9,17.3,0.00,0.00,0.00,1,35,0,60,18,6.9,360,9,10.8,8.3,0,0.00,1019.4,1005.3
2021-08-11T02:00,17.2,0.20,86,14.8,17.9,0.20,0.00,0.00,51,50,0,46,10,6.1,18,45,11.4,25.2,0,0.00,1019.3,1005.3
2021-08-11T03:00,17.0,0.20,89,15.1,17.8,0.20,0.00,0.00,51,56,0,50,18,6.1,4,40,10.8,13.0,0,0.00,1019.2,1005.2
2021-08-11T04:00,16.0,0.10,93,14.8,17.1,0.10,0.00,0.00,51,51,0,41,28,3.1,18,111,1.1,11.9,0,0.00,1019.1,1005.0
2021-08-11T05:00,16.4,0.20,93,15.3,17.2,0.20,0.00,0.00,51,51,0,48,20,6.5,170,146,12.1,12.6,0,0.00,1019.3,1005.2
2021-08-11T06:00,16.6,0.00,92,15.3,17.6,0.00,0.00,0.00,1,35,0,35,1,5.5,156,122,12.6,12.2,1,0.00,1019.5,1005.4
2021-08-11T07:00,17.7,0.00,89,15.9,19.1,0.00,0.00,0.00,1,20,0,20,0,4.1,148,105,8.1,10.8,1,3600.00,1019.7,1005.7
2021-08-11T08:00,19.4,0.00,84,16.6,21.6,0.00,0.00,0.00,1,33,25,10,0,0.7,45,360,0.5,9.7,1,3600.00,1019.9,1006.0
2021-08-11T09:00,21.0,0.00,77,16.8,23.1,0.00,0.00,0.00,0,2,0,2,0,1.6,233,243,1.8,10.8,1,3600.00,1020.0,1006.1
2021-08-11T10:00,22.5,0.00,71,17.0,24.9,0.00,0.00,0.00,0,5,1,4,0,2.4,234,243,3.1,13.7,1,3600.00,1020.2,1006.4
2021-08-11T11:00,23.7,0.10,65,16.8,26.1,0.10,0.00,0.00,51,88,82,37,4,4.7,259,261,5.9,16.6,1,3600.00,1020.2,1006.5
2021-08-11T12:00,24.4,0.10,60,16.1,26.1,0.10,0.00,0.00,51,97,95,42,14,6.2,275,277,8.0,18.7,1,3600.00,1020.1,1006.4
2021-08-11T13:00,24.8,0.00,58,16.0,26.2,0.00,0.00,0.00,3,87,85,46,17,6.2,259,263,7.7,20.5,1,3600.00,1019.6,1005.9
2021-08-11T14:00,25.2,0.10,57,15.9,26.8,0.10,0.00,0.00,51,67,56,20,21,4.9,298,306,6.1,19.1,1,3600.00,1019.3,1005.6
2021-08-11T15:00,25.5,0.00,56,16.0,27.2,0.00,0.00,0.00,3,97,95,30,10,4.6,333,342,5.6,16.9,1,3600.00,1019.1,1005.5
2021-08-11T16:00,25.3,0.00,56,16.0,26.5,0.00,0.00,0.00,3,99,95,79,0,5.6,49,50,7.1,15.5,1,3600.00,1018.8,1005.1
2021-08-11T17:00,25.1,0.00,56,15.8,26.1,0.00,0.00,0.00,3,100,98,80,4,6.8,75,72,10.0,16.6,1,955.66,1018.5,1004.8
2021-08-11T18:00,24.1,0.00,65,17.1,25.9,0.00,0.00,0.00,3,99,97,74,21,5.2,72,65,11.7,16.2,1,0.00,1018.7,1005.0
2021-08-11T19:00,23.0,0.00,69,17.1,24.8,0.00,0.00,0.00,3,88,86,9,11,5.0,66,60,12.6,11.9,1,623.40,1018.8,1005.0
2021-08-11T20:00,21.0,0.00,76,16.7,22.6,0.00,0.00,0.00,2,65,65,1,2,4.8,78,77,10.7,10.4,0,0.00,1019.0,1005.1
2021-08-11T21:00,20.0,0.00,81,16.6,21.4,0.00,0.00,0.00,1,46,44,0,3,6.5,103,84,13.3,12.2,0,0.00,1019.5,1005.6
2021-08-11T22:00,19.3,0.00,81,15.9,20.1,0.00,0.00,0.00,0,7,2,0,5,7.9,112,90,16.6,15.8,0,0.00,1020.0,1006.1
2021-08-11T23:00,18.4,0.00,81,15.1,19.0,0.00,0.00,0.00,1,49,46,0,5,8.0,114,98,17.7,15.8,0,0.00,1020.4,1006.4
2021-08-12T00:00,18.2,0.00,78,14.3,18.3,0.00,0.00,0.00,0,1,1,0,0,8.8,115,102,19.0,17.3,0,0.00,1020.3,1006.3
2021-08-12T01:00,17.9,0.00,84,15.2,18.3,0.00,0.00,0.00,1,38,61,0,2,9.3,126,106,18.6,17.6,0,0.00,1020.2,1006.2
2021-08-12T02:00,17.1,0.00,89,15.2,17.7,0.00,0.00,0.00,2,69,68,0,2,7.6,129,109,17.1,18.0,0,0.00,1020.2,1006.1
2021-08-12T03:00,16.9,0.00,90,15.2,17.4,0.00,0.00,0.00,0,12,11,0,1,8.4,122,100,17.0,16.2,0,0.00,1020.2,1006.1
2021-08-12T04:00,16.6,0.00,91,15.2,16.9,0.00,0.00,0.00,1,26,25,0,2,9.7,119,105,19.8,19.4,0,0.00,1019.9,1005.8
2021-08-12T05:00,16.4,0.00,92,15.1,16.8,0.00,0.00,0.00,2,65,63,0,6,8.9,120,104,19.5,19.4,0,0.00,1020.1,1006.0
2021-08-12T06:00,16.9,0.00,90,15.3,17.5,0.00,0.00,0.00,2,68,65,1,9,8.4,117,100,17.4,17.6,1,36.57,1020.1,1006.0
2021-08-12T07:00,18.8,0.00,84,16.0,19.7,0.00,0.00,0.00,3,91,90,1,8,8.0,117,108,15.0,17.3,1,3600.00,1020.2,1006.2
2021-08-12T08:00,21.1,0.00,76,16.8,22.7,0.00,0.00,0.00,1,47,45,1,4,5.4,113,110,9.0,17.3,1,3600.00,1020.5,1006.6
2021-08-12T09:00,23.4,0.00,69,17.4,25.3,0.00,0.00,0.00,3,86,86,0,1,5.2,123,124,7.3,15.8,1,3600.00,1020.3,1006.5
2021-08-12T10:00,25.1,0.00,63,17.6,27.1,0.00,0.00,0.00,3,91,91,0,0,5.4,139,138,7.1,16.9,1,3600.00,1020.1,1006.4
2021-08-12T11:00,26.5,0.00,56,17.1,28.8,0.00,0.00,0.00,3,98,98,0,0,4.9,161,163,6.5,16.9,1,3600.00,1020.2,1006.6
2021-08-12T12:00,26.8,0.00,52,16.1,28.4,0.00,0.00,0.00,3,97,97,0,0,3.4,157,162,4.7,16.6,1,3600.00,1019.9,1006.3
2021-08-12T13:00,27.1,0.00,53,16.6,28.9,0.00,0.00,0.00,3,94,98,0,0,3.7,124,119,5.2,12.6,1,3600.00,1019.4,1005.8
2021-08-12T14:00,27.9,0.00,50,16.7,30.4,0.00,0.00,0.00,3,97,97,14,0,1.5,135,135,2.0,14.0,1,3600.00,1019.3,1005.8
2021-08-12T15:00,28.5,0.00,48,16.3,30.8,0.00,0.00,0.00,3,91,91,0,0,2.1,39,31,2.3,10.4,1,3600.00,1019.0,1005.5
2021-08-12T16:00,28.7,0.00,46,16.0,30.6,0.00,0.00,0.00,3,88,88,0,0,2.5,50,45,2.8,11.2,1,3600.00,1018.5,1005.0
2021-08-12T17:00,28.5,0.00,47,16.2,30.1,0.00,0.00,0.00,3,87,87,0,0,3.3,59,49,4.2,10.1,1,3600.00,1018.1,1004.6
2021-08-12T18:00,28.2,0.00,48,16.3,30.0,0.00,0.00,0.00,3,80,80,0,0,2.7,73,67,3.8,9.0,1,3600.00,1018.2,1004.7
2021-08-12T19:00,26.4,0.00,63,18.7,29.2,0.00,0.00,0.00,1,24,24,0,0,2.9,31,360,2.1,5.0,1,3600.00,1018.7,1005.1
2021-08-12T20:00,22.8,0.00,74,18.0,25.0,0.00,0.00,0.00,1,47,43,7,0,4.8,22,42,6.6,9.4,0,114.95,1018.9,1005.1
2021-08-12T21:00,21.8,0.00,77,17.5,23.7,0.00,0.00,0.00,3,100,100,13,0,5.6,51,63,9.2,11.5,0,0.00,1019.0,1005.2
2021-08-12T22:00,20.8,0.00,78,16.8,22.3,0.00,0.00,0.00,2,61,57,9,0,6.3,90,77,9.4,12.2,0,0.00,1019.2,1005.3
2021-08-12T23:00,20.2,0.00,77,15.9,21.2,0.00,0.00,0.00,3,82,82,1,0,6.9,104,84,10.7,13.7,0,0.00,1019.4,1005.5
2021-08-13T00:00,18.9,0.00,82,15.8,20.2,0.00,0.00,0.00,3,82,82,1,0,4.3,132,114,9.7,13.3,0,0.00,1019.6,1005.6
2021-08-13T01:00,19.9,0.00,79,16.2,21.1,0.00,0.00,0.00,1,49,12,10,8,6.1,96,93,17.4,8.6,0,0.00,1019.8,1005.9
2021-08-13T02:00,18.6,0.00,86,16.2,19.6,0.00,0.00,0.00,2,62,60,7,0,7.3,105,99,9.7,11.9,0,0.00,1019.8,1005.8
2021-08-13T03:00,18.5,0.00,85,15.9,19.8,0.00,0.00,0.00,2,55,54,2,0,4.8,113,103,10.2,9.7,0,0.00,1019.8,1005.8
2021-08-13T04:00,17.2,0.00,91,15.7,18.2,0.00,0.00,0.00,1,44,40,7,0,5.8,131,120,7.7,9.0,0,0.00,1020.1,1006.1
2021-08-13T05:00,17.1,0.00,90,15.5,18.2,0.00,0.00,0.00,1,36,4,33,3,4.9,140,107,8.9,8.3,0,0.00,1020.6,1006.5
2021-08-13T06:00,18.6,0.00,82,15.5,19.2,0.00,0.00,0.00,1,42,5,38,5,8.3,124,85,10.9,15.1,1,0.00,1020.6,1006.6
2021-08-13T07:00,20.4,0.00,78,16.5,21.7,0.00,0.00,0.00,0,19,0,19,1,6.2,148,111,10.2,16.2,1,3600.00,1020.6,1006.7
2021-08-13T08:00,23.0,0.00,73,17.8,25.0,0.00,0.00,0.00,3,93,92,16,10,5.7,175,162,8.7,15.1,1,3600.00,1021.1,1007.3
2021-08-13T09:00,24.4,0.00,70,18.5,26.2,0.00,0.00,0.00,3,98,98,2,5,8.5,210,208,11.6,21.6,1,3600.00,1021.2,1007.5
2021-08-13T10:00,25.7,0.00,66,18.8,27.8,0.00,0.00,0.00,3,98,98,1,0,8.2,212,209,11.0,22.7,1,3600.00,1021.5,1007.8
2021-08-13T11:00,27.2,0.00,61,19.1,29.7,0.00,0.00,0.00,3,94,93,1,1,10.2,219,219,13.8,25.9,1,3600.00,1021.6,1008.0
2021-08-13T12:00,28.4,0.00,57,19.0,31.1,0.00,0.00,0.00,3,89,87,18,6,11.5,239,238,15.5,32.8,1,3600.00,1021.2,1007.7
2021-08-13T13:00,28.5,0.00,57,19.3,31.9,0.00,0.00,0.00,3,94,78,24,7,5.4,231,233,6.9,32.8,1,3600.00,1021.5,1008.0
2021-08-13T14:00,29.3,0.00,53,18.6,31.9,0.00,0.00,0.00,3,83,75,33,6,7.1,238,240,9.4,26.6,1,3600.00,1021.2,1007.7
2021-08-13T15:00,29.6,0.00,45,16.5,30.0,0.00,0.00,0.00,1,35,13,28,0,12.1,244,243,17.2,27.4,1,3600.00,1020.8,1007.3
2021-08-13T16:00,29.6,0.00,44,16.0,29.6,0.00,0.00,0.00,2,79,74,22,5,14.0,257,258,21.4,32.4,1,3600.00,1020.5,1007.0
2021-08-13T17:00,29.1,0.00,46,16.4,29.3,0.00,0.00,0.00,2,64,63,5,0,13.4,262,262,21.1,33.5,1,3600.00,1020.3,1006.8
2021-08-13T18:00,27.9,0.00,52,17.0,28.9,0.00,0.00,0.00,0,16,15,2,0,9.9,261,260,19.3,30.6,1,3600.00,1020.5,1006.9
2021-08-13T19:00,25.9,0.00,58,17.1,27.1,0.00,0.00,0.00,0,8,0,8,0,8.4,263,260,20.3,23.0,1,3600.00,1020.8,1007.1
2021-08-13T20:00,24.2,0.00,62,16.4,25.1,0.00,0.00,0.00,0,5,3,1,1,9.3,264,257,22.4,19.8,0,43.15,1021.3,1007.6
2021-08-13T21:00,21.7,0.00,74,17.0,23.4,0.00,0.00,0.00,1,46,37,0,14,5.4,315,307,14.3,19.8,0,0.00,1021.8,1007.9
2021-08-13T22:00,20.7,0.00,83,17.7,22.7,0.00,0.00,0.00,0,11,0,0,11,5.2,354,335,13.8,11.2,0,0.00,1022.3,1008.4
2021-08-13T23:00,19.9,0.00,89,18.0,22.1,0.00,0.00,0.00,0,9,0,0,9,4.8,355,347,12.3,10.4,0,0.00,1022.7,1008.7
2021-08-14T00:00,19.3,0.00,92,17.9,21.4,0.00,0.00,0.00,0,3,0,0,3,5.1,357,4,12.3,10.4,0,0.00,1022.6,1008.6
2021-08-14T01:00,18.1,0.00,93,17.0,19.8,0.00,0.00,0.00,0,3,0,5,0,5.6,360,45,6.8,10.4,0,0.00,1022.4,1008.4
2021-08-14T02:00,17.7,0.00,94,16.7,19.4,0.00,0.00,0.00,0,0,0,0,0,4.1,66,105,3.5,8.3,0,0.00,1022.3,1008.2
2021-08-14T03:00,17.2,0.00,95,16.5,18.9,0.00,0.00,0.00,0,0,0,0,0,4.1,162,135,6.8,7.9,0,0.00,1022.1,1008.0
2021-08-14T04:00,16.3,0.00,96,15.7,17.5,0.00,0.00,0.00,0,0,0,0,0,5.2,155,106,5.2,7.9,0,0.00,1022.1,1008.0
2021-08-14T05:00,16.1,0.00,96,15.4,17.1,0.00,0.00,0.00,0,0,0,0,0,5.2,139,102,3.8,7.9,0,0.00,1022.0,1007.9
2021-08-14T06:00,17.2,0.00,94,16.2,18.8,0.00,0.00,0.00,0,0,0,0,0,3.8,145,107,4.4,7.2,1,45.13,1022.0,1007.9
2021-08-14T07:00,19.4,0.00,86,17.0,21.3,0.00,0.00,0.00,1,20,0,19,0,3.6,143,135,5.4,10.4,1,3600.00,1022.2,1008.2
2021-08-14T08:00,21.1,0.00,80,17.6,23.4,0.00,0.00,0.00,3,96,0,96,0,3.3,162,167,4.6,12.2,1,3600.00,1022.3,1008.4
2021-08-14T09:00,22.5,0.00,78,18.4,25.2,0.00,0.00,0.00,0,14,0,14,0,2.7,204,203,3.5,12.6,1,3600.00,1022.3,1008.5
2021-08-14T10:00,24.4,0.00,71,18.8,27.2,0.00,0.00,0.00,0,16,0,16,0,3.3,265,264,4.3,14.4,1,3600.00,1022.2,1008.5
2021-08-14T11:00,26.1,0.00,58,17.2,28.5,0.00,0.00,0.00,0,15,0,15,0,5.2,286,282,6.7,17.3,1,3600.00,1021.8,1008.1
2021-08-14T12:00,27.2,0.00,50,15.8,29.7,0.00,0.00,0.00,0,7,0,7,0,4.9,283,287,6.3,18.0,1,3600.00,1021.1,1007.5
2021-08-14T13:00,27.7,0.00,50,16.4,30.8,0.00,0.00,0.00,0,1,0,0,1,4.3,318,318,5.4,17.3,1,3600.00,1020.3,1006.7
2021-08-14T14:00,28.1,0.00,51,16.9,31.4,0.00,0.00,0.00,0,1,0,1,0,3.4,322,328,4.1,16.9,1,3600.00,1019.7,1006.2
2021-08-14T15:00,28.4,0.00,49,16.7,31.0,0.00,0.00,0.00,0,5,0,5,0,2.9,108,97,3.4,14.8,1,3600.00,1019.2,1005.7
2021-08-14T16:00,28.7,0.00,48,16.6,29.8,0.00,0.00,0.00,0,3,0,2,1,7.7,122,118,10.2,19.4,1,3600.00,1018.6,1005.1
2021-08-14T17:00,28.8,0.00,48,16.8,30.2,0.00,0.00,0.00,1,21,0,19,7,6.9,90,81,9.4,19.8,1,3600.00,1018.0,1004.5
2021-08-14T18:00,27.9,0.00,54,17.7,29.5,0.00,0.00,0.00,1,34,0,32,14,7.6,68,59,13.6,16.6,1,3600.00,1017.8,1004.3
2021-08-14T19:00,25.9,0.00,62,18.2,28.0,0.00,0.00,0.00,1,33,0,32,15,5.9,92,76,11.5,16.9,1,3600.00,1017.3,1003.7
2021-08-14T20:00,23.8,0.00,72,18.5,26.0,0.00,0.00,0.00,1,31,0,26,28,6.3,148,114,11.5,11.9,0,0.00,1017.5,1003.8
2021-08-14T21:00,24.9,0.00,64,17.7,27.5,0.00,0.00,0.00,1,40,0,26,38,1.4,249,360,3.1,11.2,0,0.00,1017.9,1004.2
2021-08-14T22:00,23.0,0.00,69,17.0,24.1,0.00,0.00,0.00,1,21,0,7,21,9.1,4,7,20.2,17.6,0,0.00,1018.1,1004.4
2021-08-14T23:00,22.1,0.00,67,15.6,22.7,0.00,0.00,0.00,0,19,0,3,19,8.3,360,358,20.2,19.1,0,0.00,1018.2,1004.4
2021-08-15T00:00,20.9,0.00,71,15.3,21.5,0.00,0.00,0.00,0,14,0,0,14,7.8,359,347,18.7,16.9,0,0.00,1018.2,1004.4
2021-08-15T01:00,19.5,0.00,82,16.3,20.7,0.00,0.00,0.00,0,11,0,0,0,6.3,351,347,16.0,16.2,0,0.00,1017.6,1003.7
2021-08-15T02:00,18.5,0.00,86,16.2,19.7,0.00,0.00,0.00,0,0,0,0,0,6.1,7,360,13.8,12.6,0,0.00,1017.3,1003.4
2021-08-15T03:00,17.7,0.00,88,15.7,18.7,0.00,0.00,0.00,0,0,0,0,0,6.5,5,3,15.2,13.0,0,0.00,1017.1,1003.1
2021-08-15T04:00,17.2,0.00,87,14.9,17.8,0.00,0.00,0.00,0,0,0,0,0,6.5,12,6,16.2,13.3,0,0.00,1016.9,1002.9
2021-08-15T05:00,16.6,0.00,87,14.4,17.2,0.00,0.00,0.00,0,0,0,0,0,5.5,14,11,14.8,13.0,0,0.00,1016.8,1002.8
2021-08-15T06:00,16.9,0.00,87,14.7,17.9,0.00,0.00,0.00,0,8,0,0,8,3.9,30,34,11.6,11.2,1,47.30,1017.1,1003.1
2021-08-15T07:00,19.0,0.00,77,14.9,20.1,0.00,0.00,0.00,0,8,0,0,8,3.1,43,36,7.4,9.0,1,3600.00,1017.1,1003.2
2021-08-15T08:00,21.1,0.00,70,15.4,22.5,0.00,0.00,0.00,0,4,1,0,3,3.0,24,14,4.3,11.2,1,3600.00,1016.9,1003.1
2021-08-15T09:00,23.4,0.00,61,15.4,24.9,0.00,0.00,0.00,3,86,86,2,0,2.5,11,360,3.7,12.2,1,3600.00,1016.7,1003.0
2021-08-15T10:00,25.3,0.00,55,15.5,27.1,0.00,0.00,0.00,1,44,43,3,0,1.5,37,14,1.8,12.2,1,3600.00,1016.3,1002.7
2021-08-15T11:00,26.6,0.00,52,15.9,29.3,0.00,0.00,0.00,2,51,48,6,0,0.8,207,243,0.8,11.2,1,3600.00,1015.7,1002.1
2021-08-15T12:00,27.7,0.00,50,16.3,30.7,0.00,0.00,0.00,2,72,69,10,0,2.5,249,262,3.1,13.7,1,3600.00,1015.3,1001.8
2021-08-15T13:00,28.4,0.00,49,16.6,31.1,0.00,0.00,0.00,3,91,95,14,0,6.5,3,360,7.9,14.4,1,3600.00,1014.1,1000.6
2021-08-15T14:00,28.9,0.00,48,16.9,31.7,0.00,0.00,0.00,3,96,94,23,2,3.4,340,342,4.2,18.4,1,3600.00,1013.2,999.8
2021-08-15T15:00,29.1,0.00,47,16.7,31.1,0.00,0.00,0.00,3,92,90,28,0,2.4,291,297,3.1,14.4,1,3600.00,1012.7,999.3
2021-08-15T16:00,29.0,0.00,47,16.5,30.6,0.00,0.00,0.00,2,66,36,52,2,4.2,298,301,5.3,12.6,1,3600.00,1012.0,998.6
2021-08-15T17:00,28.7,0.00,48,16.7,30.5,0.00,0.00,0.00,3,92,90,28,9,3.8,254,253,5.2,14.4,1,3600.00,1011.8,998.4
2021-08-15T18:00,27.4,0.10,54,17.4,29.0,0.10,0.00,0.00,51,89,86,38,23,7.0,202,201,12.4,15.1,1,3600.00,1011.8,998.3
2021-08-15T19:00,25.3,0.10,67,18.9,27.6,0.10,0.00,0.00,51,44,28,25,0,7.3,201,200,16.2,20.9,1,3600.00,1011.8,998.2
2021-08-15T20:00,23.8,0.00,74,18.8,26.2,0.00,0.00,0.00,1,45,34,17,3,5.4,198,176,14.0,15.8,0,0.00,1011.3,997.7
2021-08-15T21:00,23.6,0.00,75,19.0,25.8,0.00,0.00,0.00,1,41,32,14,3,8.2,215,195,19.7,16.9,0,0.00,1011.5,997.9
2021-08-15T22:00,22.8,0.00,85,20.1,25.4,0.00,0.00,0.00,2,53,49,10,1,8.6,228,213,20.9,19.4,0,0.00,1011.4,997.7
2021-08-15T23:00,22.1,0.00,90,20.3,25.0,0.00,0.00,0.00,3,98,98,15,1,8.0,231,216,20.2,18.7,0,0.00,1011.3,997.6
2021-08-16T00:00,22.2,0.00,89,20.2,25.0,0.00,0.00,0.00,3,94,93,27,11,8.0,227,207,19.4,18.0,0,0.00,1010.9,997.2
2021-08-16T01:00,21.2,0.10,84,18.4,22.6,0.10,0.00,0.00,51,90,86,20,6,11.4,211,191,22.6,20.2,0,0.00,1010.9,997.2
2021-08-16T02:00,20.6,0.00,89,18.7,22.7,0.00,0.00,0.00,3,93,90,33,17,7.6,223,205,19.4,28.1,0,0.00,1010.6,996.8
2021-08-16T03:00,20.1,0.20,92,18.7,22.5,0.20,0.00,0.00,51,94,91,29,10,5.6,232,220,15.9,17.3,0,0.00,1010.8,997.0
2021-08-16T04:00,19.9,0.20,91,18.4,21.5,0.20,0.00,0.00,51,81,70,35,6,9.7,278,270,21.1,20.2,0,0.00,1011.3,997.5
2021-08-16T05:00,19.3,0.20,80,15.8,19.3,0.20,0.00,0.00,51,96,93,47,12,13.5,308,304,24.3,31.0,0,0.00,1012.1,998.3
2021-08-16T06:00,18.2,0.40,81,14.9,18.7,0.40,0.00,0.00,51,100,99,83,100,8.0,289,278,15.3,28.4,1,0.00,1012.7,998.8
2021-08-16T07:00,18.0,0.50,86,15.7,18.7,0.50,0.00,0.00,53,100,100,100,100,8.9,237,230,16.7,19.8,1,0.00,1013.6,999.7
2021-08-16T08:00,17.7,0.70,87,15.5,17.8,0.70,0.00,0.00,53,100,100,100,100,11.7,228,223,19.9,25.9,1,0.00,1013.8,999.9
2021-08-16T09:00,18.3,0.20,79,14.5,18.1,0.20,0.00,0.00,51,45,37,11,5,11.5,228,226,17.3,26.3,1,0.00,1013.8,999.9
2021-08-16T10:00,20.4,0.00,61,12.6,18.7,0.00,0.00,0.00,3,100,100,100,100,17.4,240,240,24.5,38.9,1,3600.00,1014.0,1000.2
2021-08-16T11:00,19.5,0.00,64,12.4,17.6,0.00,0.00,0.00,3,100,67,95,100,18.0,254,254,26.6,40.3,1,0.00,1014.3,1000.4
2021-08-16T12:00,20.2,0.00,60,12.3,18.2,0.00,0.00,0.00,3,100,31,93,100,18.5,256,257,27.1,42.1,1,0.00,1014.2,1000.4
2021-08-16T13:00,20.4,0.00,56,11.4,17.8,0.00,0.00,0.00,3,96,100,17,0,20.6,258,258,29.4,43.6,1,276.24,1014.0,1000.2
2021-08-16T14:00,20.8,0.00,57,12.1,17.9,0.00,0.00,0.00,3,100,43,76,100,24.6,251,249,35.9,55.1,1,3192.16,1013.2,999.4
2021-08-16T15:00,21.4,0.00,53,11.4,18.5,0.00,0.00,0.00,1,44,0,19,39,22.4,265,265,33.2,54.4,1,2676.51,1013.0,999.2
2021-08-16T16:00,21.4,0.00,53,11.4,18.5,0.00,0.00,0.00,3,90,0,88,83,22.8,260,258,33.7,50.4,1,3600.00,1013.1,999.3
2021-08-16T17:00,20.9,0.10,53,11.0,17.7,0.10,0.00,0.00,51,100,0,100,100,23.9,258,258,36.1,50.8,1,2467.94,1013.6,999.8
2021-08-16T18:00,18.3,1.40,75,13.7,16.6,1.40,0.00,0.00,61,100,0,100,51,19.4,262,260,32.4,51.1,1,0.00,1014.2,1000.3
2021-08-16T19:00,16.7,2.30,88,14.7,15.5,2.30,0.00,0.00,61,100,74,100,100,18.5,302,299,31.4,43.9,1,0.00,1015.6,1001.6
2021-08-16T20:00,16.0,0.70,88,14.0,15.3,0.70,0.00,0.00,53,100,91,100,16,13.5,308,304,23.6,39.6,0,0.00,1016.4,1002.3
2021-08-16T21:00,15.2,0.60,88,13.2,14.0,0.60,0.00,0.00,53,100,98,99,31,15.3,322,319,26.6,33.1,0,0.00,1017.5,1003.4
2021-08-16T22:00,14.5,1.10,90,12.8,13.6,1.10,0.00,0.00,55,100,95,100,16,12.1,310,307,21.7,33.1,0,0.00,1018.2,1004.0
2021-08-16T23:00,14.3,0.90,89,12.5,13.1,0.90,0.00,0.00,53,100,84,100,50,13.5,301,299,23.6,29.5,0,0.00,1018.6,1004.4
2021-08-17T00:00,14.4,0.10,86,12.0,13.0,0.10,0.00,0.00,51,98,0,98,14,13.3,293,289,23.1,29.2,0,0.00,1019.0,1004.8
2021-08-17T01:00,12.9,0.00,83,10.2,10.9,0.00,0.00,0.00,0,16,0,0,4,14.4,305,302,25.9,29.9,0,0.00,1019.7,1005.5
2021-08-17T02:00,11.9,0.00,85,9.5,10.1,0.00,0.00,0.00,0,0,0,0,0,11.5,303,302,22.9,31.7,0,0.00,1019.9,1005.6
2021-08-17T03:00,11.2,0.00,90,9.6,10.1,0.00,0.00,0.00,0,3,0,0,3,7.1,290,285,18.8,25.2,0,0.00,1020.2,1005.9
2021-08-17T04:00,10.9,0.00,92,9.6,9.9,0.00,0.00,0.00,0,16,0,0,16,6.2,274,263,16.6,17.6,0,0.00,1020.5,1006.1
2021-08-17T05:00,10.8,0.00,94,9.8,9.9,0.00,0.00,0.00,0,16,0,0,16,5.6,252,230,14.8,15.1,0,0.00,1020.6,1006.2
2021-08-17T06:00,11.4,0.00,94,10.5,10.5,0.00,0.00,0.00,0,17,0,4,16,7.0,231,215,15.3,14.8,1,0.00,1020.8,1006.5
2021-08-17T07:00,12.5,0.00,90,11.0,11.6,0.00,0.00,0.00,3,92,92,7,7,8.4,226,223,12.5,19.1,1,3600.00,1021.0,1006.7
2021-08-17T08:00,13.8,0.00,80,10.5,12.6,0.00,0.00,0.00,3,90,82,0,42,9.7,238,239,12.8,23.0,1,3600.00,1021.3,1007.1
2021-08-17T09:00,15.2,0.00,71,9.9,13.7,0.00,0.00,0.00,3,94,92,3,63,9.9,251,251,13.3,25.2,1,3600.00,1021.5,1007.3
2021-08-17T10:00,16.9,0.00,60,9.2,15.1,0.00,0.00,0.00,3,100,99,2,64,10.9,261,262,14.6,27.0,1,3600.00,1021.4,1007.3
2021-08-17T11:00,17.5,0.00,54,8.1,15.2,0.00,0.00,0.00,3,95,87,37,62,12.2,251,251,16.7,28.8,1,484.17,1020.7,1006.7
2021-08-17T12:00,18.2,0.00,50,7.5,15.6,0.00,0.00,0.00,3,89,70,12,67,13.2,247,248,18.4,32.0,1,1219.28,1020.2,1006.2
2021-08-17T13:00,17.8,0.00,57,9.2,15.8,0.00,0.00,0.00,3,98,76,5,4,12.4,250,248,16.9,35.3,1,3600.00,1020.7,1006.7
2021-08-17T14:00,19.7,0.00,44,7.3,18.0,0.00,0.00,0.00,3,100,100,93,100,13.3,265,267,18.1,33.5,1,3600.00,1019.7,1005.8
2021-08-17T15:00,19.2,0.00,44,6.7,16.6,0.00,0.00,0.00,3,100,79,100,7,11.9,272,275,17.3,32.8,1,0.00,1018.9,1005.0
2021-08-17T16:00,18.3,0.20,53,8.6,15.7,0.20,0.00,0.00,51,100,100,100,73,15.1,281,282,23.9,34.2,1,0.00,1019.2,1005.2
2021-08-17T17:00,17.7,0.00,58,9.3,16.0,0.00,0.00,0.00,3,100,100,100,1,10.8,271,270,18.7,32.4,1,0.00,1018.8,1004.8
2021-08-17T18:00,17.4,0.10,62,10.0,16.2,0.10,0.00,0.00,51,100,99,100,1,8.4,279,277,14.6,23.4,1,0.00,1018.4,1004.4
2021-08-17T19:00,16.1,0.80,74,11.4,15.7,0.80,0.00,0.00,53,100,100,100,33,5.6,287,285,12.1,18.4,1,0.00,1018.6,1004.5
2021-08-17T20:00,15.3,1.60,87,13.1,15.6,1.60,0.00,0.00,61,100,100,100,80,5.2,268,258,11.5,12.6,0,0.00,1018.5,1004.4
2021-08-17T21:00,14.7,1.60,90,13.0,14.4,1.60,0.00,0.00,61,100,77,100,50,8.0,250,243,15.7,19.4,0,0.00,1018.7,1004.6
2021-08-17T22:00,14.7,1.30,92,13.4,14.8,1.30,0.00,0.00,61,100,0,100,100,6.7,223,216,14.3,18.0,0,0.00,1018.4,1004.3
2021-08-17T23:00,14.7,0.80,93,13.6,14.5,0.80,0.00,0.00,53,100,0,100,99,9.1,240,236,17.4,21.6,0,0.00,1018.6,1004.5
2021-08-18T00:00,14.6,0.50,93,13.5,14.3,0.50,0.00,0.00,53,100,0,99,100,9.8,247,246,18.7,23.4,0,0.00,1018.5,1004.3
2021-08-18T01:00,14.6,0.30,92,13.3,14.1,0.30,0.00,0.00,51,100,0,96,98,10.6,247,242,20.0,21.2,0,0.00,1018.8,1004.6
2021-08-18T02:00,14.5,0.10,93,13.4,14.1,0.10,0.00,0.00,51,100,0,96,100,9.8,242,234,18.4,23.4,0,0.00,1018.5,1004.3
2021-08-18T03:00,14.4,0.10,94,13.4,14.1,0.10,0.00,0.00,51,100,0,99,100,9.7,232,225,18.2,21.2,0,0.00,1018.5,1004.3
2021-08-18T04:00,14.4,0.30,95,13.5,13.9,0.30,0.00,0.00,51,100,0,97,100,11.2,229,222,20.4,24.1,0,0.00,1018.2,1004.0
2021-08-18T05:00,14.5,0.30,94,13.6,14.0,0.30,0.00,0.00,51,100,0,98,100,11.2,233,228,20.3,24.5,0,0.00,1018.3,1004.1
2021-08-18T06:00,14.5,0.20,95,13.7,14.1,0.20,0.00,0.00,51,100,0,98,100,11.0,236,229,20.0,24.1,1,0.00,1018.3,1004.1
2021-08-18T07:00,14.9,0.00,93,13.8,14.5,0.00,0.00,0.00,3,100,0,100,100,11.2,234,228,19.6,23.8,1,0.00,1018.3,1004.2
2021-08-18T08:00,15.3,0.10,91,13.9,14.7,0.10,0.00,0.00,51,100,0,100,100,12.7,236,235,21.3,27.0,1,0.00,1018.4,1004.3
2021-08-18T09:00,16.1,0.00,89,14.3,16.0,0.00,0.00,0.00,3,99,0,99,99,10.7,229,225,15.8,27.7,1,0.00,1018.5,1004.4
2021-08-18T10:00,16.9,0.10,85,14.5,16.9,0.10,0.00,0.00,51,98,0,96,97,10.2,230,228,14.6,27.4,1,89.19,1018.4,1004.4
2021-08-18T11:00,18.0,0.10,77,14.0,17.7,0.10,0.00,0.00,51,68,0,59,45,10.8,242,240,15.1,29.5,1,0.00,1018.3,1004.3
2021-08-18T12:00,19.7,0.40,67,13.5,18.6,0.40,0.00,0.00,51,58,0,58,3,15.2,256,256,21.1,34.2,1,3600.00,1017.8,1003.9
2021-08-18T13:00,17.9,0.80,78,14.0,17.8,0.80,0.00,0.00,53,52,0,75,73,9.3,238,234,14.1,37.8,1,3600.00,1018.3,1004.3
2021-08-18T14:00,19.4,0.80,71,14.1,18.2,0.80,0.00,0.00,53,66,0,59,55,17.6,246,247,24.8,37.8,1,3600.00,1017.9,1004.0
2021-08-18T15:00,19.6,0.20,70,13.9,18.4,0.20,0.00,0.00,51,73,0,57,68,17.3,249,249,24.3,39.2,1,3600.00,1017.6,1003.7
2021-08-18T16:00,20.2,0.00,65,13.4,18.8,0.00,0.00,0.00,3,92,0,58,90,17.0,248,249,24.4,38.2,1,3600.00,1017.2,1003.3
2021-08-18T17:00,19.7,0.00,68,13.7,18.6,0.00,0.00,0.00,3,83,0,41,82,16.0,239,239,23.4,37.8,1,3600.00,1017.0,1003.1
2021-08-18T18:00,19.3,0.10,70,13.8,18.5,0.10,0.00,0.00,51,85,0,60,84,13.4,237,234,21.6,35.3,1,3600.00,1016.4,1002.5
2021-08-18T19:00,18.7,0.00,73,13.8,18.3,0.00,0.00,0.00,2,65,0,58,53,11.2,235,230,21.0,29.2,1,1623.11,1016.3,1002.4
2021-08-18T20:00,17.9,0.00,77,13.8,17.7,0.00,0.00,0.00,3,100,0,100,100,10.1,242,235,20.5,24.1,0,0.00,1016.7,1002.7
2021-08-18T21:00,17.8,0.00,78,13.9,17.6,0.00,0.00,0.00,3,99,0,99,94,9.5,239,233,19.7,21.6,0,0.00,1016.7,1002.7
2021-08-18T22:00,17.7,0.00,79,14.0,17.4,0.00,0.00,0.00,3,100,0,100,94,10.5,238,232,19.9,22.3,0,0.00,1016.8,1002.8
2021-08-18T23:00,17.3,0.00,82,14.2,17.2,0.00,0.00,0.00,3,100,0,100,94,9.9,235,226,18.9,22.3,0,0.00,1016.9,1002.9
2021-08-19T00:00,17.0,0.00,84,14.2,16.8,0.00,0.00,0.00,3,100,0,100,100,10.5,227,221,20.1,22.3,0,0.00,1016.9,1002.9
2021-08-19T01:00,16.6,0.00,86,14.2,16.4,0.00,0.00,0.00,3,100,0,34,34,10.7,235,228,21.2,22.7,0,0.00,1017.2,1003.2
2021-08-19T02:00,16.2,0.00,88,14.1,16.1,0.00,0.00,0.00,2,53,0,47,42,9.7,237,228,19.8,23.4,0,0.00,1016.8,1002.7
2021-08-19T03:00,15.7,0.00,90,14.1,15.5,0.00,0.00,0.00,2,72,0,67,61,10.2,232,222,20.0,22.0,0,0.00,1016.6,1002.5
2021-08-19T04:00,15.7,0.10,91,14.2,15.7,0.10,0.00,0.00,51,100,0,100,100,9.3,218,208,18.7,21.6,0,0.00,1016.4,1002.3
2021-08-19T05:00,15.9,0.50,90,14.3,15.8,0.50,0.00,0.00,53,100,0,100,100,10.5,219,211,19.5,22.0,0,0.00,1016.2,1002.1
2021-08-19T06:00,15.8,0.20,92,14.5,15.8,0.20,0.00,0.00,51,72,0,58,65,10.3,225,216,19.3,22.3,1,0.00,1016.2,1002.1
2021-08-19T07:00,16.3,0.00,91,14.8,16.3,0.00,0.00,0.00,2,54,0,38,49,10.8,226,217,19.1,22.7,1,1207.41,1016.5,1002.5
2021-08-19T08:00,17.2,0.10,87,14.9,17.1,0.10,0.00,0.00,51,67,0,60,33,11.5,223,219,17.6,25.9,1,3600.00,1016.6,1002.6
2021-08-19T09:00,18.2,0.10,80,14.7,17.7,0.10,0.00,0.00,51,100,0,92,100,14.0,243,244,19.8,31.3,1,3600.00,1016.6,1002.6
2021-08-19T10:00,18.9,0.30,77,14.8,18.5,0.30,0.00,0.00,51,81,0,75,61,13.7,252,252,19.7,31.3,1,147.59,1016.7,1002.8
2021-08-19T11:00,20.2,0.10,69,14.3,19.4,0.10,0.00,0.00,51,98,0,97,70,14.6,254,254,20.2,32.4,1,3059.80,1016.7,1002.8
2021-08-19T12:00,20.5,0.00,66,14.0,19.9,0.00,0.00,0.00,3,95,0,94,53,13.1,255,254,18.3,32.8,1,935.93,1016.4,1002.6
2021-08-19T13:00,20.8,0.00,67,14.4,20.2,0.00,0.00,0.00,3,86,0,81,95,13.9,248,249,19.1,29.9,1,2441.61,1016.5,1002.7
2021-08-19T14:00,21.2,0.00,64,14.1,20.7,0.00,0.00,0.00,2,67,0,58,55,12.5,252,252,17.4,30.6,1,2989.26,1016.3,1002.5
2021-08-19T15:00,21.9,0.00,61,14.0,21.5,0.00,0.00,0.00,3,98,0,98,35,11.3,254,253,15.7,29.2,1,3600.00,1015.9,1002.1
2021-08-19T16:00,22.2,0.00,58,13.6,21.9,0.00,0.00,0.00,3,98,0,98,49,10.0,258,257,14.3,25.9,1,3600.00,1015.6,1001.8
2021-08-19T17:00,21.9,0.00,59,13.5,22.0,0.00,0.00,0.00,3,92,0,91,35,7.2,265,264,12.3,23.4,1,0.00,1015.4,1001.6
2021-08-19T18:00,21.7,0.00,61,13.9,22.1,0.00,0.00,0.00,3,98,34,66,97,5.9,279,281,11.7,18.0,1,1881.52,1015.2,1001.4
2021-08-19T19:00,20.4,0.00,68,14.3,21.0,0.00,0.00,0.00,3,100,40,100,34,5.2,286,286,13.5,13.7,1,55.82,1015.3,1001.5
2021-08-19T20:00,19.6,0.00,70,14.0,19.9,0.00,0.00,0.00,3,93,19,91,21,6.4,286,286,15.4,13.0,0,0.00,1015.8,1001.9
2021-08-19T21:00,18.9,0.00,74,14.2,19.5,0.00,0.00,0.00,2,71,31,54,19,5.2,280,282,13.9,13.0,0,0.00,1016.0,1002.1
2021-08-19T22:00,17.6,0.00,82,14.4,18.2,0.00,0.00,0.00,2,59,18,47,12,6.1,275,270,12.3,10.8,0,0.00,1016.3,1002.3
2021-08-19T23:00,17.4,0.00,83,14.4,18.0,0.00,0.00,0.00,1,48,7,40,12,5.8,270,240,9.7,11.2,0,0.00,1016.5,1002.5
2021-08-20T00:00,16.7,0.00,86,14.3,17.4,0.00,0.00,0.00,3,80,13,76,14,4.4,250,189,7.3,9.7,0,0.00,1016.4,1002.4
2021-08-20T01:00,16.6,0.00,89,14.7,17.1,0.00,0.00,0.00,3,82,6,87,28,7.4,240,223,11.6,7.9,0,0.00,1016.6,1002.6
2021-08-20T02:00,16.8,0.10,89,15.1,18.0,0.10,0.00,0.00,51,63,11,57,15,3.5,245,204,6.8,11.5,0,0.00,1016.5,1002.5
2021-08-20T03:00,16.1,0.20,92,14.7,17.1,0.20,0.00,0.00,51,43,0,38,26,3.3,248,193,5.8,7.6,0,0.00,1016.6,1002.5
2021-08-20T04:00,17.0,0.10,86,14.6,18.2,0.10,0.00,0.00,51,41,3,35,24,2.3,295,231,6.0,7.9,0,0.00,1016.6,1002.6
2021-08-20T05:00,16.9,0.10,87,14.7,18.0,0.10,0.00,0.00,51,88,79,32,30,2.8,292,230,5.8,6.8,0,0.00,1016.7,1002.7
2021-08-20T06:00,16.0,0.10,93,15.0,17.3,0.10,0.00,0.00,51,53,6,37,39,2.3,287,198,4.9,7.2,1,0.00,1017.0,1002.9
2021-08-20T07:00,17.4,0.00,89,15.5,18.7,0.00,0.00,0.00,1,30,0,17,29,3.3,266,229,5.8,9.0,1,3600.00,1017.3,1003.3
2021-08-20T08:00,18.2,0.00,82,15.1,19.0,0.00,0.00,0.00,1,35,0,28,26,5.8,270,266,7.6,15.8,1,3600.00,1017.8,1003.8
2021-08-20T09:00,18.9,0.00,75,14.5,19.5,0.00,0.00,0.00,1,49,1,43,34,5.9,281,281,7.7,18.0,1,3600.00,1017.9,1004.0
2021-08-20T10:00,20.0,0.00,68,13.9,20.3,0.00,0.00,0.00,1,33,18,10,16,6.5,275,276,8.3,19.1,1,3600.00,1018.1,1004.2
2021-08-20T11:00,21.5,0.00,62,14.0,21.7,0.00,0.00,0.00,2,65,20,4,55,9.7,273,274,13.0,26.3,1,3600.00,1017.9,1004.1
2021-08-20T12:00,22.4,0.00,57,13.5,22.3,0.00,0.00,0.00,2,63,42,9,51,9.1,277,277,12.0,26.3,1,3600.00,1017.7,1003.9
2021-08-20T13:00,22.8,0.00,56,13.7,23.1,0.00,0.00,0.00,3,99,3,34,32,7.9,268,270,10.4,24.1,1,3600.00,1017.6,1003.8
2021-08-20T14:00,23.6,0.00,53,13.6,23.9,0.00,0.00,0.00,1,37,0,36,22,8.2,291,293,10.8,22.3,1,3600.00,1017.4,1003.7
2021-08-20T15:00,23.7,0.00,52,13.4,23.9,0.00,0.00,0.00,2,51,0,48,31,6.3,295,294,8.4,22.7,1,3600.00,1017.2,1003.5
2021-08-20T16:00,24.1,0.00,50,13.0,24.5,0.00,0.00,0.00,2,55,0,54,28,3.6,270,264,5.0,16.9,1,3600.00,1017.2,1003.5
2021-08-20T17:00,24.2,0.00,49,12.9,24.8,0.00,0.00,0.00,3,94,0,94,7,2.3,229,219,3.3,11.5,1,3600.00,1016.9,1003.2
2021-08-20T18:00,24.0,0.00,53,13.8,25.1,0.00,0.00,0.00,3,97,12,97,18,0.8,198,153,1.1,7.9,1,3600.00,1016.9,1003.2
2021-08-20T19:00,21.9,0.00,76,17.5,24.0,0.00,0.00,0.00,3,99,10,99,25,4.0,94,90,4.7,5.4,1,3177.69,1017.2,1003.4
2021-08-20T20:00,19.2,0.00,78,15.2,20.1,0.00,0.00,0.00,2,74,0,73,24,5.6,115,105,6.8,8.6,0,0.00,1017.8,1003.9
2021-08-20T21:00,19.2,0.00,76,14.8,20.0,0.00,0.00,0.00,2,57,0,54,33,5.0,126,111,9.3,9.4,0,0.00,1018.2,1004.3
2021-08-20T22:00,18.6,0.00,78,14.7,19.2,0.00,0.00,0.00,1,21,0,11,19,6.5,137,109,12.7,13.0,0,0.00,1018.4,1004.4
2021-08-20T23:00,17.6,0.00,81,14.3,18.0,0.00,0.00,0.00,0,19,0,14,17,6.6,132,103,15.0,13.3,0,0.00,1018.7,1004.7
2021-08-21T00:00,17.3,0.00,80,13.8,17.5,0.00,0.00,0.00,1,32,0,28,23,7.0,130,102,15.1,14.0,0,0.00,1018.8,1004.8
2021-08-21T01:00,18.0,0.00,70,12.5,17.2,0.00,0.00,0.00,1,46,0,29,29,10.7,108,110,23.1,15.8,0,0.00,1018.7,1004.7
2021-08-21T02:00,16.9,0.00,74,12.3,16.1,0.00,0.00,0.00,1,33,0,18,31,10.2,112,108,22.9,22.3,0,0.00,1018.6,1004.6
2021-08-21T03:00,16.4,0.00,76,12.2,15.6,0.00,0.00,0.00,1,34,2,17,31,10.1,113,107,21.9,21.2,0,0.00,1018.4,1004.3
2021-08-21T04:00,16.0,0.00,78,12.2,15.4,0.00,0.00,0.00,2,62,50,9,23,8.8,112,102,19.4,20.9,0,0.00,1018.3,1004.2
2021-08-21T05:00,15.6,0.00,80,12.2,15.2,0.00,0.00,0.00,3,96,95,4,22,7.7,112,101,18.6,18.4,0,0.00,1018.1,1004.0
2021-08-21T06:00,15.6,0.00,80,12.3,15.3,0.00,0.00,0.00,3,99,98,4,30,7.2,110,96,16.9,16.6,1,0.00,1018.4,1004.3
2021-08-21T07:00,17.0,0.00,77,12.9,16.9,0.00,0.00,0.00,3,98,97,4,23,6.8,102,87,14.0,15.1,1,47.45,1018.7,1004.7
2021-08-21T08:00,19.1,0.00,70,13.6,19.3,0.00,0.00,0.00,3,95,95,2,15,6.3,106,103,10.5,16.2,1,1968.27,1018.7,1004.8
2021-08-21T09:00,20.9,0.00,66,14.2,21.2,0.00,0.00,0.00,1,48,46,1,5,7.6,114,115,10.6,19.8,1,3600.00,1018.6,1004.7
2021-08-21T10:00,22.6,0.00,62,14.9,23.2,0.00,0.00,0.00,2,50,48,0,2,7.1,121,120,9.7,20.5,1,3600.00,1018.8,1005.0
2021-08-21T11:00,24.2,0.00,58,15.3,25.6,0.00,0.00,0.00,0,1,0,0,1,6.6,138,139,8.7,20.5,1,3600.00,1018.5,1004.8
2021-08-21T12:00,25.4,0.00,54,15.4,27.8,0.00,0.00,0.00,1,24,24,0,0,4.7,180,180,6.1,19.8,1,3600.00,1018.3,1004.7
2021-08-21T13:00,26.2,0.00,55,16.4,29.1,0.00,0.00,0.00,1,21,37,0,0,4.7,167,171,6.3,18.0,1,3600.00,1017.5,1003.9
2021-08-21T14:00,27.0,0.00,50,15.8,29.4,0.00,0.00,0.00,0,19,15,0,5,5.3,204,208,7.1,17.6,1,3600.00,1017.1,1003.5
2021-08-21T15:00,27.2,0.00,48,15.4,28.8,0.00,0.00,0.00,1,22,21,0,1,5.9,229,232,7.7,19.1,1,3600.00,1016.7,1003.2
2021-08-21T16:00,27.3,0.00,47,15.0,28.4,0.00,0.00,0.00,1,28,26,2,0,3.6,222,225,4.8,17.6,1,3600.00,1016.2,1002.7
2021-08-21T17:00,27.1,0.00,48,15.1,28.4,0.00,0.00,0.00,3,83,81,7,1,2.8,225,230,4.1,12.6,1,3600.00,1016.0,1002.5
2021-08-21T18:00,26.8,0.00,49,15.3,28.0,0.00,0.00,0.00,3,92,91,8,0,3.8,152,131,5.3,8.6,1,3600.00,1015.7,1002.2
2021-08-21T19:00,23.6,0.00,67,17.0,25.3,0.00,0.00,0.00,3,93,92,16,0,5.2,186,164,13.0,10.1,1,3510.12,1016.1,1002.4
2021-08-21T20:00,22.0,0.00,71,16.4,23.3,0.00,0.00,0.00,3,94,94,16,9,5.8,205,180,15.9,13.7,0,0.00,1016.3,1002.5
2021-08-21T21:00,21.4,0.00,73,16.4,22.7,0.00,0.00,0.00,3,96,95,14,1,6.0,198,163,15.5,12.2,0,0.00,1016.2,1002.4
2021-08-21T22:00,21.0,0.00,75,16.5,22.3,0.00,0.00,0.00,3,98,97,73,0,6.3,203,167,16.8,13.7,0,0.00,1015.9,1002.1
2021-08-21T23:00,20.2,0.00,81,16.9,21.8,0.00,0.00,0.00,3,94,93,21,0,5.5,223,191,14.3,19.8,0,0.00,1016.0,1002.2
2021-08-22T00:00,20.2,0.00,81,16.8,21.8,0.00,0.00,0.00,3,100,100,26,6,5.8,231,202,15.9,12.6,0,0.00,1016.0,1002.2
2021-08-22T01:00,19.3,0.10,88,17.2,20.5,0.10,0.00,0.00,51,100,100,56,0,9.3,201,193,22.0,18.7,0,0.00,1016.3,1002.4
2021-08-22T02:00,18.4,0.40,89,16.6,18.2,0.40,0.00,0.00,51,100,100,95,1,16.9,202,196,32.2,37.8,0,0.00,1016.7,1002.8
2021-08-22T03:00,18.1,0.40,90,16.4,18.5,0.40,0.00,0.00,51,100,100,35,0,12.0,207,201,23.5,36.0,0,0.00,1017.0,1003.0
2021-08-22T04:00,17.8,0.00,92,16.4,18.8,0.00,0.00,0.00,1,46,3,44,0,7.9,230,223,18.9,25.6,0,0.00,1016.8,1002.8
2021-08-22T05:00,17.6,0.00,94,16.5,18.7,0.00,0.00,0.00,3,98,2,98,0,8.1,229,212,18.1,18.7,0,0.00,1016.8,1002.8
2021-08-22T06:00,17.7,0.00,94,16.7,18.6,0.00,0.00,0.00,3,80,72,41,3,9.5,220,209,19.4,19.4,1,0.00,1017.1,1003.1
2021-08-22T07:00,18.2,0.10,93,17.1,19.0,0.10,0.00,0.00,51,99,99,47,15,11.2,225,220,20.9,22.3,1,3491.55,1017.6,1003.6
2021-08-22T08:00,18.3,0.30,95,17.4,19.1,0.30,0.00,0.00,51,99,99,56,24,12.7,230,227,22.0,32.0,1,1915.82,1018.1,1004.1
2021-08-22T09:00,18.6,0.00,92,17.2,19.2,0.00,0.00,0.00,3,100,100,39,57,13.9,235,233,20.7,30.6,1,0.00,1018.2,1004.2
2021-08-22T10:00,19.5,0.10,88,17.5,20.6,0.10,0.00,0.00,51,100,99,92,88,11.2,232,230,16.4,35.6,1,0.00,1018.4,1004.5
2021-08-22T11:00,18.6,1.10,90,17.0,19.3,1.10,0.00,0.00,55,98,94,79,34,12.0,227,224,17.8,32.0,1,0.00,1018.6,1004.6
2021-08-22T12:00,19.3,0.30,91,17.9,20.6,0.30,0.00,0.00,51,97,86,87,32,10.5,222,218,16.1,29.9,1,0.00,1018.3,1004.4
2021-08-22T13:00,18.8,0.50,91,17.3,20.1,0.50,0.00,0.00,53,87,99,72,3,8.4,230,227,14.6,35.3,1,482.43,1018.4,1004.5
2021-08-22T14:00,18.6,1.20,89,16.7,19.6,1.20,0.00,0.00,55,98,92,95,0,9.3,238,234,14.4,32.8,1,0.00,1018.0,1004.0
2021-08-22T15:00,18.4,1.80,91,16.8,19.3,1.80,0.00,0.00,61,100,69,100,0,9.7,216,211,14.7,21.6,1,0.00,1017.9,1003.9
2021-08-22T16:00,17.7,2.40,86,15.4,17.6,2.40,0.00,0.00,61,80,45,62,33,13.6,257,259,21.8,31.0,1,0.00,1017.8,1003.8
2021-08-22T17:00,18.0,1.80,86,15.6,18.5,1.80,0.00,0.00,61,47,2,44,9,9.3,246,242,13.4,32.8,1,2259.13,1017.9,1003.9
2021-08-22T18:00,17.8,0.00,85,15.3,18.2,0.00,0.00,0.00,1,43,0,40,16,9.0,226,217,14.0,21.6,1,3600.00,1018.1,1004.1
2021-08-22T19:00,16.9,0.30,87,14.8,17.2,0.30,0.00,0.00,51,17,0,14,8,9.0,227,217,17.8,21.2,1,3396.72,1018.5,1004.5
2021-08-22T20:00,15.9,0.00,92,14.6,16.3,0.00,0.00,0.00,1,22,0,17,13,7.9,231,210,17.7,19.1,0,0.00,1019.1,1005.0
2021-08-22T21:00,15.7,0.00,93,14.5,16.0,0.00,0.00,0.00,1,33,9,18,19,8.2,224,203,18.1,18.4,0,0.00,1019.6,1005.5
2021-08-22T22:00,15.4,0.00,94,14.4,15.5,0.00,0.00,0.00,2,61,23,40,33,9.0,215,203,19.9,19.1,0,0.00,1019.8,1005.7
2021-08-22T23:00,15.4,0.30,93,14.3,15.4,0.30,0.00,0.00,51,98,6,62,96,9.7,221,211,20.9,21.2,0,0.00,1020.0,1005.9
2021-08-23T00:00,15.4,0.70,94,14.4,15.1,0.70,0.00,0.00,53,100,0,52,99,11.8,226,220,21.9,24.1,0,0.00,1020.2,1006.1
2021-08-23T01:00,15.5,0.40,93,14.5,15.8,0.40,0.00,0.00,51,95,92,66,64,7.9,234,231,16.5,24.5,0,0.00,1020.6,1006.5
2021-08-23T02:00,15.4,0.10,94,14.5,15.5,0.10,0.00,0.00,51,76,0,47,69,9.2,234,225,18.8,19.1,0,0.00,1020.4,1006.3
2021-08-23T03:00,15.1,0.10,94,14.2,15.5,0.10,0.00,0.00,51,82,40,27,64,6.6,236,225,15.3,19.1,0,0.00,1020.4,1006.2
2021-08-23T04:00,15.1,0.30,95,14.4,15.5,0.30,0.00,0.00,51,88,13,31,82,6.9,225,208,14.3,15.8,0,0.00,1020.4,1006.2
2021-08-23T05:00,15.1,0.10,97,14.5,15.9,0.10,0.00,0.00,51,100,99,35,100,4.7,235,212,10.1,14.8,0,0.00,1020.5,1006.3
2021-08-23T06:00,15.1,0.20,97,14.6,15.6,0.20,0.00,0.00,51,95,78,34,89,7.0,229,215,12.5,16.6,1,0.00,1020.7,1006.5
2021-08-23T07:00,15.5,0.10,96,14.8,16.0,0.10,0.00,0.00,51,98,82,40,95,7.0,238,235,12.8,15.8,1,0.00,1020.7,1006.6
2021-08-23T08:00,16.0,0.10,93,14.9,16.3,0.10,0.00,0.00,51,89,48,7,85,9.0,231,233,12.5,20.2,1,0.00,1020.6,1006.5
2021-08-23T09:00,17.2,0.20,86,14.7,17.7,0.20,0.00,0.00,51,71,35,6,57,7.1,254,255,9.3,22.0,1,3600.00,1020.7,1006.6
2021-08-23T10:00,18.1,0.20,85,15.5,18.8,0.20,0.00,0.00,51,84,68,11,53,7.6,264,262,9.8,22.7,1,3600.00,1020.8,1006.8
2021-08-23T11:00,18.8,0.10,82,15.7,19.9,0.10,0.00,0.00,51,47,23,12,35,5.9,259,259,7.7,23.4,1,3600.00,1021.2,1007.2
2021-08-23T12:00,19.9,0.10,76,15.6,21.0,0.10,0.00,0.00,51,48,2,41,21,5.8,303,300,7.3,23.4,1,3600.00,1021.0,1007.1
2021-08-23T13:00,19.6,0.10,73,14.7,20.3,0.10,0.00,0.00,51,39,0,81,36,6.6,320,319,8.4,22.7,1,3600.00,1021.4,1007.5
2021-08-23T14:00,20.4,0.00,72,15.2,21.2,0.00,0.00,0.00,3,92,0,91,22,6.2,326,324,8.3,22.0,1,3123.73,1021.2,1007.3
2021-08-23T15:00,20.7,0.00,68,14.6,21.2,0.00,0.00,0.00,2,54,6,45,22,7.0,342,339,9.1,22.3,1,3600.00,1020.9,1007.0
2021-08-23T16:00,21.2,0.00,64,14.1,21.2,0.00,0.00,0.00,1,48,8,40,21,8.9,346,346,12.2,21.2,1,3600.00,1020.9,1007.0
2021-08-23T17:00,21.1,0.00,63,13.9,20.7,0.00,0.00,0.00,2,58,0,55,24,11.5,1,360,16.6,26.6,1,3600.00,1021.1,1007.2
2021-08-23T18:00,20.0,0.00,70,14.4,20.0,0.00,0.00,0.00,2,78,0,75,19,10.0,23,21,16.5,26.3,1,3600.00,1021.3,1007.4
2021-08-23T19:00,19.1,0.00,76,14.8,19.6,0.00,0.00,0.00,1,43,0,42,21,7.4,29,23,15.6,21.6,1,566.23,1021.8,1007.8
2021-08-23T20:00,18.0,0.00,81,14.6,18.4,0.00,0.00,0.00,1,30,0,24,15,7.6,47,45,17.3,18.4,0,0.00,1022.7,1008.7
2021-08-23T21:00,16.8,0.00,85,14.4,17.3,0.00,0.00,0.00,1,22,0,22,12,6.4,53,47,15.7,17.3,0,0.00,1023.2,1009.1
2021-08-23T22:00,16.1,0.00,87,13.9,16.5,0.00,0.00,0.00,1,32,0,32,4,6.2,61,54,16.1,14.4,0,0.00,1023.5,1009.4
2021-08-23T23:00,15.7,0.00,86,13.3,15.9,0.00,0.00,0.00,1,28,0,27,5,6.1,60,50,15.8,14.8,0,0.00,1023.7,1009.5
2021-08-24T00:00,15.0,0.00,86,12.6,14.9,0.00,0.00,0.00,0,12,0,10,6,6.5,61,56,15.6,14.8,0,0.00,1023.8,1009.6
2021-08-24T01:00,14.6,0.00,90,13.0,14.5,0.00,0.00,0.00,0,11,0,9,29,6.9,65,62,16.7,15.1,0,0.00,1024.0,1009.8
2021-08-24T02:00,14.2,0.00,89,12.3,13.9,0.00,0.00,0.00,1,28,0,5,28,6.6,67,61,16.8,15.5,0,0.00,1024.2,1009.9
2021-08-24T03:00,13.6,0.00,89,11.8,13.1,0.00,0.00,0.00,1,21,0,15,19,7.2,62,53,17.1,15.5,0,0.00,1024.2,1009.9
2021-08-24T04:00,12.9,0.00,90,11.4,12.5,0.00,0.00,0.00,0,9,0,8,4,5.9,52,43,15.1,15.5,0,0.00,1024.0,1009.7
2021-08-24T05:00,12.5,0.00,91,11.1,11.9,0.00,0.00,0.00,1,35,0,25,33,6.5,38,34,16.9,14.4,0,0.00,1024.1,1009.8
2021-08-24T06:00,13.5,0.00,87,11.4,12.9,0.00,0.00,0.00,3,100,0,100,35,7.1,26,15,17.2,15.5,1,0.00,1024.3,1010.0
2021-08-24T07:00,15.0,0.00,81,11.8,14.2,0.00,0.00,0.00,1,33,0,30,15,9.3,24,13,17.4,19.4,1,715.72,1024.4,1010.2
2021-08-24T08:00,15.9,0.00,74,11.3,14.7,0.00,0.00,0.00,0,14,0,13,10,11.1,33,29,16.4,25.2,1,3600.00,1024.6,1010.4
2021-08-24T09:00,17.2,0.00,68,11.1,16.0,0.00,0.00,0.00,0,10,0,10,1,10.6,40,35,14.6,26.6,1,3600.00,1024.6,1010.5
2021-08-24T10:00,18.5,0.00,64,11.6,17.5,0.00,0.00,0.00,0,7,0,5,5,10.4,49,46,14.3,26.6,1,3600.00,1024.6,1010.6
2021-08-24T11:00,20.4,0.00,58,11.8,19.7,0.00,0.00,0.00,3,100,0,11,100,11.9,62,61,16.3,29.5,1,3600.00,1024.1,1010.2
2021-08-24T12:00,20.5,0.10,59,12.2,19.2,0.10,0.00,0.00,51,100,0,21,100,13.7,64,63,19.2,31.3,1,3600.00,1023.7,1009.8
2021-08-24T13:00,18.3,0.00,72,13.1,17.6,0.00,0.00,0.00,3,96,0,65,78,11.6,83,83,17.1,33.5,1,0.00,1024.9,1010.8
2021-08-24T14:00,20.5,0.00,61,12.6,19.4,0.00,0.00,0.00,3,100,0,59,100,12.9,74,72,18.3,31.3,1,3600.00,1024.5,1010.5
2021-08-24T15:00,19.5,0.00,65,12.8,18.5,0.00,0.00,0.00,3,83,0,80,70,13.2,65,64,19.8,30.2,1,0.00,1024.5,1010.5
2021-08-24T16:00,20.3,0.00,60,12.3,19.3,0.00,0.00,0.00,2,50,0,45,37,12.1,68,67,17.9,30.6,1,3600.00,1024.2,1010.2
2021-08-24T17:00,20.5,0.00,58,12.0,19.5,0.00,0.00,0.00,2,56,0,51,48,11.3,70,68,17.7,28.1,1,3600.00,1023.9,1010.0
2021-08-24T18:00,19.7,0.00,63,12.5,19.1,0.00,0.00,0.00,1,28,1,24,19,9.6,43,34,17.6,25.2,1,3600.00,1023.7,1009.7
2021-08-24T19:00,18.3,0.00,67,12.0,17.3,0.00,0.00,0.00,1,37,25,14,11,10.8,38,30,21.8,23.4,1,3166.22,1023.8,1009.8
2021-08-24T20:00,17.1,0.00,67,10.9,15.7,0.00,0.00,0.00,2,51,46,7,7,10.9,51,46,23.6,24.1,0,0.00,1024.0,1009.9
2021-08-24T21:00,16.0,0.00,71,10.7,14.6,0.00,0.00,0.00,1,38,37,2,1,10.8,61,53,24.3,23.8,0,0.00,1024.0,1009.8
2021-08-24T22:00,15.8,0.00,71,10.6,14.2,0.00,0.00,0.00,0,2,0,1,0,12.4,71,64,26.3,26.6,0,0.00,1024.1,1009.9
2021-08-24T23:00,15.6,0.00,71,10.4,14.0,0.00,0.00,0.00,0,1,0,1,0,11.5,76,70,25.2,27.0,0,0.00,1023.9,1009.7
2021-08-25T00:00,15.1,0.00,73,10.2,13.6,0.00,0.00,0.00,0,1,0,1,0,11.1,74,65,25.1,25.9,0,0.00,1023.7,1009.5
2021-08-25T01:00,15.5,0.00,74,10.8,13.7,0.00,0.00,0.00,0,1,0,20,9,14.3,81,78,27.7,25.9,0,0.00,1023.9,1009.7
2021-08-25T02:00,15.1,0.00,76,10.9,13.3,0.00,0.00,0.00,0,16,0,16,5,13.8,83,81,27.6,31.0,0,0.00,1023.6,1009.4
2021-08-25T03:00,14.8,0.00,78,10.9,13.1,0.00,0.00,0.00,0,12,1,11,1,13.6,84,79,27.2,30.2,0,0.00,1023.3,1009.1
2021-08-25T04:00,14.4,0.00,80,11.0,12.8,0.00,0.00,0.00,0,13,6,8,0,12.4,84,80,26.0,29.5,0,0.00,1023.0,1008.8
2021-08-25T05:00,13.8,0.00,83,11.0,12.5,0.00,0.00,0.00,0,1,1,1,0,10.6,86,80,24.5,27.0,0,0.00,1022.6,1008.4
2021-08-25T06:00,13.5,0.00,85,11.0,12.2,0.00,0.00,0.00,0,0,0,0,0,10.4,85,76,23.5,23.8,1,0.00,1022.6,1008.3
2021-08-25T07:00,14.8,0.00,81,11.6,13.9,0.00,0.00,0.00,0,0,0,0,0,9.9,86,80,20.6,22.7,1,3415.31,1022.6,1008.4
2021-08-25T08:00,16.6,0.00,74,11.9,15.9,0.00,0.00,0.00,0,0,0,0,0,9.1,84,81,14.1,22.7,1,3600.00,1022.6,1008.5
2021-08-25T09:00,18.3,0.00,63,11.3,17.2,0.00,0.00,0.00,0,0,0,0,0,10.2,84,82,14.5,24.8,1,3600.00,1022.5,1008.5
2021-08-25T10:00,19.5,0.00,55,10.3,18.1,0.00,0.00,0.00,0,0,0,0,0,10.5,83,84,14.5,27.0,1,3600.00,1022.2,1008.2
2021-08-25T11:00,20.3,0.00,52,10.3,19.8,0.00,0.00,0.00,1,48,43,0,9,9.3,75,77,12.7,26.6,1,3600.00,1021.7,1007.8
2021-08-25T12:00,21.0,0.00,50,10.3,20.7,0.00,0.00,0.00,2,53,36,0,28,9.6,69,70,13.1,25.2,1,3600.00,1021.1,1007.2
2021-08-25T13:00,21.8,0.00,46,9.7,21.6,0.00,0.00,0.00,2,58,1,11,79,9.2,62,59,12.2,25.9,1,3600.00,1020.4,1006.6
2021-08-25T14:00,22.2,0.00,45,9.6,21.3,0.00,0.00,0.00,1,40,34,9,0,7.4,49,47,10.0,23.4,1,3600.00,1019.7,1005.9
2021-08-25T15:00,22.2,0.00,46,10.0,21.2,0.00,0.00,0.00,1,49,49,0,0,6.9,42,39,9.2,20.2,1,3600.00,1019.1,1005.3
2021-08-25T16:00,22.3,0.00,46,10.2,21.6,0.00,0.00,0.00,2,51,51,0,0,5.2,29,25,6.6,19.1,1,3600.00,1018.4,1004.6
2021-08-25T17:00,22.0,0.00,48,10.5,21.4,0.00,0.00,0.00,0,2,0,1,0,5.4,357,352,7.2,14.8,1,3600.00,1017.9,1004.1
2021-08-25T18:00,21.0,0.00,58,12.3,21.0,0.00,0.00,0.00,0,5,0,5,1,4.9,332,324,10.6,13.7,1,3600.00,1017.2,1003.4
2021-08-25T19:00,18.8,0.00,63,11.7,18.1,0.00,0.00,0.00,3,100,100,7,6,7.9,335,330,19.0,16.2,1,3049.35,1017.2,1003.3
2021-08-25T20:00,17.3,0.00,66,10.9,16.5,0.00,0.00,0.00,3,100,100,7,0,7.4,343,346,18.8,17.6,0,0.00,1017.3,1003.3
2021-08-25T21:00,16.5,0.00,70,11.0,16.0,0.00,0.00,0.00,2,79,79,0,0,5.7,348,18,14.0,15.8,0,0.00,1017.1,1003.1
2021-08-25T22:00,15.7,0.00,71,10.4,14.9,0.00,0.00,0.00,3,87,0,87,0,5.8,319,338,15.8,12.2,0,0.00,1017.0,1002.9
2021-08-25T23:00,16.4,0.00,70,10.9,15.6,0.00,0.00,0.00,3,82,0,82,0,7.2,328,323,18.3,17.6,0,0.00,1016.7,1002.7
2021-08-26T00:00,15.9,0.00,74,11.3,15.2,0.00,0.00,0.00,0,14,0,14,0,7.4,327,331,18.5,16.9,0,0.00,1016.3,1002.2
2021-08-26T01:00,14.5,0.00,81,11.4,14.0,0.00,0.00,0.00,0,3,1,2,0,6.4,313,313,18.3,16.2,0,0.00,1015.7,1001.6
2021-08-26T02:00,14.6,0.00,79,10.9,13.5,0.00,0.00,0.00,0,2,0,2,0,9.2,314,315,22.1,18.7,0,0.00,1015.3,1001.2
2021-08-26T03:00,14.3,0.00,80,10.9,13.2,0.00,0.00,0.00,2,70,0,70,1,9.4,319,320,22.5,22.0,0,0.00,1015.0,1000.9
2021-08-26T04:00,14.7,0.00,80,11.3,13.7,0.00,0.00,0.00,1,28,0,26,18,9.5,310,307,20.7,22.3,0,0.00,1014.4,1000.3
2021-08-26T05:00,14.2,0.00,84,11.6,13.4,0.00,0.00,0.00,3,80,0,80,29,9.2,305,301,19.9,21.2,0,0.00,1014.3,1000.2
2021-08-26T06:00,14.4,0.10,85,11.9,13.7,0.10,0.00,0.00,51,100,0,100,88,9.0,299,293,17.7,20.9,1,0.00,1013.9,999.8
2021-08-26T07:00,14.4,1.40,91,13.0,14.2,1.40,0.00,0.00,61,100,0,100,100,8.0,285,275,14.9,20.5,1,0.00,1013.8,999.7
2021-08-26T08:00,14.6,1.90,92,13.3,14.4,1.90,0.00,0.00,61,100,0,100,100,8.0,270,260,14.8,18.0,1,0.00,1013.8,999.7
2021-08-26T09:00,14.9,2.20,93,13.8,14.7,2.20,0.00,0.00,61,100,0,99,100,9.7,270,266,15.5,20.5,1,0.00,1013.8,999.7
2021-08-26T10:00,15.1,1.40,92,13.8,14.1,1.40,0.00,0.00,61,57,0,53,35,15.1,312,308,26.0,30.6,1,0.00,1013.6,999.5
2021-08-26T11:00,16.5,0.30,78,12.7,14.7,0.30,0.00,0.00,51,82,0,8,81,18.1,317,316,25.7,40.7,1,3600.00,1013.7,999.7
2021-08-26T12:00,17.7,0.00,60,9.7,15.3,0.00,0.00,0.00,0,19,0,0,19,15.8,312,311,22.4,41.4,1,3600.00,1013.6,999.7
2021-08-26T13:00,19.0,0.00,50,8.4,16.5,0.00,0.00,0.00,2,78,0,43,100,18.7,334,332,26.1,37.1,1,3600.00,1013.7,999.8
2021-08-26T14:00,18.2,0.00,57,9.7,15.5,0.00,0.00,0.00,3,94,0,69,94,17.9,323,322,25.7,42.8,1,3600.00,1013.7,999.8
2021-08-26T15:00,17.9,0.00,60,9.9,15.9,0.00,0.00,0.00,2,52,0,51,24,13.5,314,314,19.1,41.0,1,482.20,1013.4,999.5
2021-08-26T16:00,18.5,0.00,57,9.7,16.2,0.00,0.00,0.00,1,36,0,32,24,15.3,316,315,21.9,34.6,1,3600.00,1013.3,999.4
2021-08-26T17:00,18.6,0.00,53,8.9,16.3,0.00,0.00,0.00,2,55,0,51,26,13.5,319,318,20.7,34.2,1,3600.00,1012.9,999.0
2021-08-26T18:00,17.9,0.00,59,9.7,16.0,0.00,0.00,0.00,2,54,0,48,45,12.5,317,314,21.7,29.9,1,3600.00,1012.8,998.9
2021-08-26T19:00,16.9,0.00,63,9.9,15.2,0.00,0.00,0.00,1,42,0,29,33,11.1,326,324,21.8,27.7,1,2931.54,1013.2,999.2
2021-08-26T20:00,16.1,0.00,68,10.1,14.2,0.00,0.00,0.00,1,42,0,38,24,13.1,330,328,24.8,27.7,0,0.00,1013.9,999.9
2021-08-26T21:00,15.2,0.00,75,10.7,13.8,0.00,0.00,0.00,2,59,0,56,34,10.6,335,332,21.1,28.4,0,0.00,1014.4,1000.3
2021-08-26T22:00,14.8,0.00,79,11.1,13.9,0.00,0.00,0.00,3,83,0,83,24,8.2,323,319,17.5,23.0,0,0.00,1014.6,1000.5
2021-08-26T23:00,14.6,0.10,80,11.2,13.9,0.10,0.00,0.00,51,52,0,33,41,7.7,313,307,16.3,18.4,0,0.00,1014.9,1000.8
2021-08-27T00:00,13.9,0.00,84,11.2,13.1,0.00,0.00,0.00,3,99,0,98,33,7.9,297,286,17.4,17.3,0,0.00,1014.9,1000.8
2021-08-27T01:00,14.1,0.00,88,12.2,13.6,0.00,0.00,0.00,2,72,0,94,20,8.0,309,306,16.1,19.4,0,0.00,1015.2,1001.1
2021-08-27T02:00,13.8,0.10,90,12.2,13.3,0.10,0.00,0.00,51,73,0,65,48,8.5,330,324,15.8,19.8,0,0.00,1015.2,1001.1
2021-08-27T03:00,13.6,0.00,92,12.2,13.1,0.00,0.00,0.00,1,44,0,42,20,7.9,347,344,16.6,18.0,0,0.00,1015.2,1001.0
2021-08-27T04:00,12.9,0.00,94,11.9,12.6,0.00,0.00,0.00,1,45,0,45,0,6.0,349,343,15.0,16.9,0,0.00,1015.2,1001.0
2021-08-27T05:00,12.4,0.00,95,11.6,11.8,0.00,0.00,0.00,0,15,0,15,9,7.4,338,331,17.1,15.8,0,0.00,1015.2,1001.0
2021-08-27T06:00,12.1,0.00,95,11.4,11.5,0.00,0.00,0.00,1,27,0,27,2,7.4,336,331,17.4,18.4,1,0.00,1015.5,1001.3
2021-08-27T07:00,13.0,0.00,92,11.8,12.3,0.00,0.00,0.00,0,10,0,10,1,8.9,334,328,16.4,19.4,1,3249.75,1015.9,1001.7
2021-08-27T08:00,14.1,0.00,85,11.5,12.5,0.00,0.00,0.00,1,30,0,15,24,13.7,336,337,19.7,31.0,1,3600.00,1016.4,1002.3
2021-08-27T09:00,15.0,0.00,77,11.0,13.2,0.00,0.00,0.00,1,40,0,25,33,14.2,333,333,20.1,32.8,1,3600.00,1016.6,1002.5
2021-08-27T10:00,15.9,0.00,72,10.8,14.3,0.00,0.00,0.00,1,32,0,22,21,12.7,326,325,17.4,33.1,1,3600.00,1016.7,1002.6
2021-08-27T11:00,17.2,0.00,62,9.8,15.3,0.00,0.00,0.00,1,32,0,17,25,12.2,316,315,16.5,32.4,1,3600.00,1016.6,1002.6
2021-08-27T12:00,18.2,0.20,56,9.2,16.0,0.20,0.00,0.00,51,45,0,45,18,14.5,306,305,20.1,33.8,1,3600.00,1015.9,1002.0
2021-08-27T13:00,16.8,0.20,61,9.2,14.6,0.20,0.00,0.00,51,51,1,77,35,13.5,279,279,18.6,34.9,1,3600.00,1016.7,1002.7
2021-08-27T14:00,17.3,0.00,60,9.4,15.3,0.00,0.00,0.00,3,81,11,75,36,12.9,284,283,18.2,32.8,1,3600.00,1016.5,1002.5
2021-08-27T15:00,17.9,0.00,57,9.2,15.8,0.00,0.00,0.00,3,98,50,96,35,12.6,298,297,17.6,30.6,1,3600.00,1016.1,1002.1
2021-08-27T16:00,17.7,0.00,57,9.2,15.9,0.00,0.00,0.00,3,100,51,100,8,10.9,297,297,15.8,29.2,1,0.00,1015.9,1001.9
2021-08-27T17:00,17.1,0.00,63,10.1,15.5,0.00,0.00,0.00,3,100,66,100,4,10.7,292,290,17.1,25.2,1,0.00,1015.8,1001.8
2021-08-27T18:00,16.8,0.00,68,10.8,15.6,0.00,0.00,0.00,3,94,66,87,11,10.2,293,293,17.6,24.8,1,508.18,1015.8,1001.8
2021-08-27T19:00,15.5,0.40,80,12.0,14.6,0.40,0.00,0.00,51,95,84,71,33,10.5,299,297,19.0,26.3,1,0.00,1016.1,1002.0
2021-08-27T20:00,14.9,0.20,85,12.4,14.3,0.20,0.00,0.00,51,97,92,62,41,9.1,285,279,17.6,23.8,0,0.00,1016.1,1002.0
2021-08-27T21:00,14.5,0.20,88,12.6,14.2,0.20,0.00,0.00,51,90,78,61,41,7.6,286,278,16.5,22.3,0,0.00,1016.0,1001.9
2021-08-27T22:00,14.3,0.10,91,12.8,13.9,0.10,0.00,0.00,51,99,75,23,96,8.6,308,303,17.9,18.7,0,0.00,1016.2,1002.1
2021-08-27T23:00,14.4,0.10,91,13.0,13.8,0.10,0.00,0.00,51,43,1,7,40,10.2,315,309,18.8,20.9,0,0.00,1016.4,1002.3
2021-08-28T00:00,13.8,0.30,93,12.6,12.9,0.30,0.00,0.00,51,54,2,29,47,11.9,326,325,22.3,25.6,0,0.00,1016.6,1002.4
2021-08-28T01:00,13.6,0.00,95,12.7,13.2,0.00,0.00,0.00,1,49,33,25,1,8.1,340,339,16.9,25.2,0,0.00,1017.3,1003.1
2021-08-28T02:00,12.8,0.00,95,12.1,12.7,0.00,0.00,0.00,0,12,0,11,1,5.1,330,321,14.2,17.6,0,0.00,1017.0,1002.8
2021-08-28T03:00,12.7,0.00,96,12.1,12.5,0.00,0.00,0.00,1,32,22,8,15,5.4,317,307,14.3,13.3,0,0.00,1017.2,1003.0
2021-08-28T04:00,12.4,0.00,97,11.9,12.2,0.00,0.00,0.00,2,53,0,30,39,5.5,314,302,14.5,12.2,0,0.00,1017.2,1003.0
2021-08-28T05:00,12.4,0.00,97,12.0,12.0,0.00,0.00,0.00,3,100,94,18,100,6.9,326,317,15.3,14.4,0,0.00,1017.1,1002.9
2021-08-28T06:00,12.6,0.00,96,12.0,11.9,0.00,0.00,0.00,3,100,96,12,100,9.0,337,331,17.3,19.8,1,0.00,1017.5,1003.3
2021-08-28T07:00,13.2,0.00,94,12.3,12.7,0.00,0.00,0.00,3,99,96,87,40,7.9,340,336,10.4,18.7,1,0.00,1017.7,1003.5
2021-08-28T08:00,13.7,0.00,92,12.4,13.0,0.00,0.00,0.00,3,99,97,83,37,9.4,338,337,12.4,21.2,1,0.00,1017.9,1003.7
2021-08-28T09:00,13.7,0.30,94,12.7,13.4,0.30,0.00,0.00,51,100,99,98,13,7.3,342,340,10.6,23.0,1,0.00,1017.8,1003.6
2021-08-28T10:00,14.0,0.30,90,12.4,13.8,0.30,0.00,0.00,51,98,20,98,29,6.3,351,347,8.8,20.2,1,0.00,1017.9,1003.7
2021-08-28T11:00,15.2,0.10,88,13.1,15.6,0.10,0.00,0.00,51,39,0,38,3,4.1,328,322,5.5,21.6,1,1921.88,1017.9,1003.8
2021-08-28T12:00,16.7,0.00,84,13.9,17.3,0.00,0.00,0.00,3,99,95,84,69,4.3,297,294,5.6,24.1,1,3600.00,1017.6,1003.6
2021-08-28T13:00,17.0,0.00,66,10.7,16.0,0.00,0.00,0.00,3,99,1,45,17,7.7,334,332,10.0,26.6,1,3600.00,1017.7,1003.7
2021-08-28T14:00,17.2,0.20,65,10.6,16.1,0.20,0.00,0.00,51,90,14,88,37,8.8,326,325,11.7,22.7,1,3600.00,1017.5,1003.5
2021-08-28T15:00,17.2,0.00,62,10.0,15.7,0.00,0.00,0.00,3,99,84,95,57,10.5,330,329,15.0,24.8,1,1624.14,1017.4,1003.4
2021-08-28T16:00,16.8,0.00,67,10.6,15.8,0.00,0.00,0.00,3,91,70,70,8,8.1,346,347,11.9,24.8,1,0.00,1017.4,1003.4
2021-08-28T17:00,17.2,0.00,64,10.3,16.4,0.00,0.00,0.00,1,33,10,24,6,6.3,350,347,8.4,20.2,1,3600.00,1017.4,1003.4
2021-08-28T18:00,17.0,0.00,65,10.4,16.1,0.00,0.00,0.00,1,42,39,1,4,6.6,335,331,11.1,17.3,1,3600.00,1017.3,1003.3
2021-08-28T19:00,15.1,0.00,74,10.5,14.4,0.00,0.00,0.00,3,96,96,2,1,6.2,333,324,15.3,15.1,1,2693.58,1017.6,1003.5
2021-08-28T20:00,13.9,0.00,80,10.6,13.2,0.00,0.00,0.00,3,98,98,10,0,5.9,345,349,15.6,14.0,0,0.00,1018.2,1004.0
2021-08-28T21:00,13.1,0.00,86,10.7,12.4,0.00,0.00,0.00,3,100,100,13,0,5.8,338,356,12.4,11.9,0,0.00,1018.3,1004.1
2021-08-28T22:00,12.9,0.00,86,10.6,12.0,0.00,0.00,0.00,3,100,100,65,6,6.9,310,321,10.7,11.5,0,0.00,1018.4,1004.2
2021-08-28T23:00,13.9,0.00,85,11.4,13.7,0.00,0.00,0.00,3,99,96,99,12,4.3,285,275,12.7,10.8,0,0.00,1018.5,1004.3
2021-08-29T00:00,13.7,0.10,88,11.8,13.6,0.10,0.00,0.00,51,100,67,100,16,4.7,294,279,12.2,10.1,0,0.00,1018.5,1004.3
2021-08-29T01:00,13.9,0.30,88,12.0,13.7,0.30,0.00,0.00,51,100,80,100,2,5.3,306,298,13.4,13.7,0,0.00,1018.1,1003.9
2021-08-29T02:00,14.0,0.80,94,13.0,14.2,0.80,0.00,0.00,53,100,99,100,15,4.7,298,279,11.4,11.9,0,0.00,1017.7,1003.5
2021-08-29T03:00,14.0,0.60,96,13.3,14.3,0.60,0.00,0.00,53,100,85,100,71,5.2,301,282,11.3,11.2,0,0.00,1017.6,1003.4
2021-08-29T04:00,14.0,0.90,96,13.4,14.3,0.90,0.00,0.00,53,100,14,100,34,5.8,293,270,11.8,11.9,0,0.00,1017.2,1003.0
2021-08-29T05:00,14.1,0.70,96,13.4,13.7,0.70,0.00,0.00,53,100,78,100,96,10.0,309,300,18.9,20.2,0,0.00,1016.8,1002.6
2021-08-29T06:00,14.3,0.80,95,13.5,13.6,0.80,0.00,0.00,53,100,69,100,77,12.3,323,320,22.1,27.4,1,0.00,1016.7,1002.6
2021-08-29T07:00,14.2,0.80,95,13.4,13.4,0.80,0.00,0.00,53,100,48,99,100,13.0,323,318,23.1,28.1,1,0.00,1016.7,1002.6
2021-08-29T08:00,14.5,0.20,93,13.4,13.4,0.20,0.00,0.00,51,100,74,85,100,14.9,326,323,24.7,31.7,1,0.00,1016.5,1002.4
2021-08-29T09:00,14.8,0.10,92,13.5,13.3,0.10,0.00,0.00,51,97,19,95,79,17.8,329,328,28.6,37.4,1,0.00,1016.5,1002.4
2021-08-29T10:00,15.4,0.10,88,13.4,13.7,0.10,0.00,0.00,51,95,43,88,87,19.2,334,334,28.3,42.1,1,828.90,1016.6,1002.5
2021-08-29T11:00,16.2,0.10,83,13.4,14.8,0.10,0.00,0.00,51,99,70,99,89,16.4,335,334,24.3,41.8,1,93.00,1016.8,1002.7
2021-08-29T12:00,16.4,0.00,84,13.6,15.8,0.00,0.00,0.00,3,100,93,100,54,11.6,327,324,17.7,36.0,1,0.00,1016.7,1002.7
2021-08-29T13:00,14.8,0.10,92,13.5,13.7,0.10,0.00,0.00,51,100,96,100,98,15.5,337,335,24.7,27.7,1,0.00,1017.2,1003.1
2021-08-29T14:00,15.2,0.90,91,13.7,14.3,0.90,0.00,0.00,53,100,91,100,100,14.3,329,326,21.8,33.1,1,0.00,1016.9,1002.8
2021-08-29T15:00,15.0,0.50,92,13.8,14.6,0.50,0.00,0.00,53,100,85,100,99,11.5,316,311,19.1,31.3,1,0.00,1016.7,1002.6
2021-08-29T16:00,15.2,0.80,90,13.6,14.6,0.80,0.00,0.00,53,100,91,100,98,12.0,314,309,19.9,25.6,1,0.00,1016.6,1002.5
2021-08-29T17:00,15.3,0.20,90,13.7,15.0,0.20,0.00,0.00,51,100,89,100,17,10.0,308,300,17.7,27.0,1,0.00,1016.2,1002.1
2021-08-29T18:00,15.2,0.30,92,14.0,14.9,0.30,0.00,0.00,51,100,0,100,55,10.8,311,307,19.1,23.0,1,0.00,1016.1,1002.0
2021-08-29T19:00,15.2,0.10,92,13.9,15.2,0.10,0.00,0.00,51,99,3,98,45,8.6,312,303,16.6,22.7,1,0.00,1016.2,1002.1
2021-08-29T20:00,14.9,0.10,93,13.9,15.1,0.10,0.00,0.00,51,89,19,86,51,7.4,311,299,15.8,18.0,0,0.00,1016.4,1002.3
2021-08-29T21:00,14.8,0.10,95,14.0,14.9,0.10,0.00,0.00,51,97,2,97,37,8.0,309,297,16.6,20.2,0,0.00,1016.3,1002.2
2021-08-29T22:00,14.7,0.00,96,14.0,15.0,0.00,0.00,0.00,3,97,16,96,28,6.5,314,304,15.0,17.3,0,0.00,1016.2,1002.1
2021-08-29T23:00,14.5,0.00,96,13.9,14.8,0.00,0.00,0.00,2,79,3,72,39,6.2,319,306,14.8,14.4,0,0.00,1016.3,1002.2
2021-08-30T00:00,14.4,0.00,97,13.9,14.4,0.00,0.00,0.00,2,58,13,41,37,8.0,318,306,17.1,16.9,0,0.00,1016.0,1001.9
2021-08-30T01:00,14.6,0.00,97,14.0,14.5,0.00,0.00,0.00,2,68,75,90,70,9.2,302,291,17.8,18.0,0,0.00,1016.2,1002.1
2021-08-30T02:00,14.7,0.20,97,14.1,14.6,0.20,0.00,0.00,51,99,93,86,21,9.5,306,295,18.6,21.2,0,0.00,1016.0,1001.9
2021-08-30T03:00,14.6,0.30,97,14.1,14.2,0.30,0.00,0.00,51,99,92,94,35,11.5,318,311,21.4,24.1,0,0.00,1015.9,1001.8
2021-08-30T04:00,14.6,0.30,96,13.9,14.3,0.30,0.00,0.00,51,96,84,84,73,10.7,316,310,20.6,24.8,0,0.00,1015.7,1001.6
2021-08-30T05:00,14.7,0.20,94,13.7,14.0,0.20,0.00,0.00,51,100,99,99,89,12.6,326,323,23.4,27.4,0,0.00,1015.6,1001.5
2021-08-30T06:00,14.6,0.30,95,13.8,14.0,0.30,0.00,0.00,51,99,77,94,75,12.0,326,321,22.3,27.4,1,0.00,1015.8,1001.7
2021-08-30T07:00,14.6,1.40,95,13.9,14.0,1.40,0.00,0.00,61,99,96,75,83,12.6,328,323,23.0,28.4,1,0.00,1016.0,1001.9
2021-08-30T08:00,15.3,1.40,93,14.2,14.7,1.40,0.00,0.00,61,92,35,85,78,13.8,332,327,24.8,31.0,1,0.00,1016.1,1002.0
2021-08-30T09:00,16.2,0.40,88,14.2,14.9,0.40,0.00,0.00,51,90,15,74,84,18.4,346,348,28.9,38.2,1,412.24,1016.2,1002.2
2021-08-30T10:00,17.3,0.10,86,14.9,16.3,0.10,0.00,0.00,51,98,81,94,3,17.9,351,351,26.6,40.0,1,2349.72,1016.4,1002.4
2021-08-30T11:00,18.0,0.10,81,14.8,16.9,0.10,0.00,0.00,51,99,96,93,0,18.4,357,356,27.0,41.0,1,3600.00,1016.8,1002.8
2021-08-30T12:00,18.3,0.00,77,14.2,17.2,0.00,0.00,0.00,3,91,79,75,11,16.9,351,349,24.8,41.4,1,2747.51,1016.8,1002.8
2021-08-30T13:00,18.4,0.00,75,13.9,17.1,0.00,0.00,0.00,3,97,94,52,14,17.6,340,337,25.7,42.1,1,3600.00,1016.6,1002.7
2021-08-30T14:00,19.2,0.00,72,14.1,17.4,0.00,0.00,0.00,3,97,92,75,25,21.3,359,358,31.3,47.9,1,3600.00,1016.6,1002.7
2021-08-30T15:00,18.2,0.00,74,13.4,16.7,0.00,0.00,0.00,3,97,96,33,25,17.7,7,6,26.1,46.8,1,3600.00,1017.0,1003.0
2021-08-30T16:00,18.4,0.10,73,13.5,17.2,0.10,0.00,0.00,51,88,64,74,8,15.5,4,1,22.7,39.6,1,3600.00,1017.3,1003.3
2021-08-30T17:00,18.0,0.10,76,13.8,17.8,0.10,0.00,0.00,51,96,94,42,11,9.8,355,352,15.5,35.6,1,3600.00,1017.5,1003.5
2021-08-30T18:00,18.1,0.00,77,14.0,18.1,0.00,0.00,0.00,2,69,60,23,14,8.8,350,341,16.1,23.0,1,3535.49,1017.6,1003.6
2021-08-30T19:00,16.9,0.00,83,14.0,17.3,0.00,0.00,0.00,1,49,22,35,2,6.3,347,336,15.5,20.2,1,974.94,1017.6,1003.6
2021-08-30T20:00,15.7,0.00,88,13.8,16.0,0.00,0.00,0.00,3,82,68,47,13,5.9,352,346,16.0,14.4,0,0.00,1018.5,1004.4
2021-08-30T21:00,15.5,0.00,87,13.4,15.6,0.00,0.00,0.00,3,93,89,40,8,6.8,360,360,17.3,15.5,0,0.00,1018.8,1004.7
2021-08-30T22:00,15.3,0.00,86,13.0,15.3,0.00,0.00,0.00,3,89,68,73,10,6.5,7,3,16.7,15.8,0,0.00,1019.0,1004.9
2021-08-30T23:00,15.2,0.00,86,12.8,15.1,0.00,0.00,0.00,2,76,71,19,7,6.6,360,347,15.8,15.1,0,0.00,1019.1,1005.0
2021-08-31T00:00,14.2,0.00,91,12.7,14.0,0.00,0.00,0.00,1,49,40,13,5,7.6,2,355,18.0,16.6,0,0.00,1019.5,1005.3
2021-08-31T01:00,13.9,0.00,94,13.0,13.9,0.00,0.00,0.00,0,11,0,34,6,6.3,356,347,15.2,16.9,0,0.00,1020.0,1005.8
2021-08-31T02:00,13.7,0.00,95,12.8,13.4,0.00,0.00,0.00,1,24,0,24,5,7.6,359,355,17.6,15.8,0,0.00,1020.1,1005.9
2021-08-31T03:00,13.4,0.00,95,12.6,13.0,0.00,0.00,0.00,0,19,0,15,7,8.3,2,355,19.5,18.0,0,0.00,1020.3,1006.1
2021-08-31T04:00,13.2,0.00,96,12.5,12.8,0.00,0.00,0.00,1,26,0,17,16,8.0,1,352,19.1,18.0,0,0.00,1020.5,1006.3
2021-08-31T05:00,13.2,0.00,96,12.5,12.7,0.00,0.00,0.00,1,24,0,18,16,8.3,4,355,19.1,18.0,0,0.00,1020.9,1006.6
2021-08-31T06:00,13.1,0.00,96,12.5,12.6,0.00,0.00,0.00,3,86,15,14,83,9.1,3,353,18.8,19.1,1,0.00,1021.3,1007.0
2021-08-31T07:00,13.9,0.00,93,12.9,13.1,0.00,0.00,0.00,3,80,18,18,75,11.9,10,5,19.8,23.8,1,2917.01,1021.6,1007.4
2021-08-31T08:00,15.0,0.00,88,13.0,14.4,0.00,0.00,0.00,3,87,0,12,87,10.9,13,9,15.9,26.3,1,3600.00,1022.0,1007.8
2021-08-31T09:00,16.4,0.10,80,13.0,15.8,0.10,0.00,0.00,51,54,0,9,52,10.8,18,15,15.1,25.9,1,3600.00,1022.3,1008.2
2021-08-31T10:00,17.2,0.10,75,12.7,16.6,0.10,0.00,0.00,51,94,89,3,50,10.0,16,15,14.2,25.2,1,3600.00,1022.4,1008.3
2021-08-31T11:00,18.9,0.00,65,12.1,17.9,0.00,0.00,0.00,3,98,96,1,69,11.9,17,14,16.2,28.4,1,3600.00,1022.5,1008.5
2021-08-31T12:00,19.5,0.00,59,11.3,17.9,0.00,0.00,0.00,3,99,98,1,97,13.4,27,24,18.5,31.3,1,3600.00,1022.4,1008.4
2021-08-31T13:00,18.1,0.00,67,11.9,17.8,0.00,0.00,0.00,3,99,87,99,27,6.3,28,24,8.5,31.3,1,1982.69,1023.7,1009.6
2021-08-31T14:00,18.4,0.00,65,11.8,17.9,0.00,0.00,0.00,3,100,33,100,33,7.0,24,21,9.8,18.7,1,795.62,1023.7,1009.7
2021-08-31T15:00,18.8,0.00,63,11.7,18.3,0.00,0.00,0.00,2,72,10,63,37,7.3,354,349,10.1,17.6,1,288.35,1023.4,1009.4
2021-08-31T16:00,19.5,0.00,60,11.5,18.5,0.00,0.00,0.00,2,73,42,47,39,9.6,343,340,13.2,22.0,1,3600.00,1023.3,1009.3
2021-08-31T17:00,19.2,0.00,62,11.7,18.4,0.00,0.00,0.00,2,50,0,40,34,9.1,342,342,14.3,23.0,1,3600.00,1023.2,1009.2
2021-08-31T18:00,18.5,0.00,70,12.9,18.6,0.00,0.00,0.00,2,69,54,29,21,5.5,345,337,12.7,20.5,1,3600.00,1023.2,1009.2
2021-08-31T19:00,16.8,0.00,77,12.6,16.8,0.00,0.00,0.00,2,55,37,24,23,5.1,358,352,13.0,13.3,1,2332.37,1023.3,1009.2
2021-08-31T20:00,15.8,0.00,79,12.2,15.6,0.00,0.00,0.00,0,18,0,17,10,5.7,18,35,14.0,12.6,0,0.00,1024.0,1009.8
2021-08-31T21:00,14.5,0.00,84,11.9,14.3,0.00,0.00,0.00,1,22,0,12,20,5.2,24,56,13.0,13.0,0,0.00,1024.2,1010.0
2021-08-31T22:00,13.8,0.00,87,11.7,13.7,0.00,0.00,0.00,0,10,0,7,8,4.3,16,48,12.0,11.9,0,0.00,1024.6,1010.3
2021-08-31T23:00,13.0,0.00,88,11.1,12.6,0.00,0.00,0.00,0,17,0,3,16,4.9,10,36,12.4,10.8,0,0.00,1025.1,1010.8
2021-09-01T00:00,12.8,0.00,87,10.7,12.2,0.00,0.00,0.00,0,15,0,3,14,5.6,18,45,13.7,11.9,0,0.00,1025.3,1011.0
2021-09-01T01:00,13.1,0.00,84,10.5,12.1,0.00,0.00,0.00,0,13,0,3,8,7.4,32,43,18.6,12.2,0,0.00,1025.4,1011.1
2021-09-01T02:00,12.3,0.00,87,10.2,11.5,0.00,0.00,0.00,0,8,0,2,8,5.6,39,45,15.3,15.1,0,0.00,1025.5,1011.1
2021-09-01T03:00,11.0,0.00,91,9.6,9.9,0.00,0.00,0.00,0,10,0,1,10,6.9,41,43,11.5,11.9,0,0.00,1025.5,1011.1
2021-09-01T04:00,11.4,0.00,89,9.6,10.5,0.00,0.00,0.00,0,15,0,1,14,5.0,52,69,8.2,11.5,0,0.00,1025.9,1011.5
2021-09-01T05:00,11.2,0.00,89,9.5,10.4,0.00,0.00,0.00,1,20,0,1,20,4.2,94,110,5.8,8.6,0,0.00,1026.2,1011.8
2021-09-01T06:00,10.4,0.00,93,9.3,9.6,0.00,0.00,0.00,0,15,0,0,15,4.3,146,132,5.2,7.6,1,0.00,1026.3,1011.8
2021-09-01T07:00,12.4,0.00,88,10.5,12.3,0.00,0.00,0.00,0,9,0,1,9,1.3,164,124,2.6,7.2,1,2833.62,1026.6,1012.2
2021-09-01T08:00,14.4,0.00,83,11.5,14.5,0.00,0.00,0.00,0,10,0,1,10,2.1,342,329,2.3,9.4,1,3600.00,1026.8,1012.5
2021-09-01T09:00,16.4,0.00,77,12.3,16.6,0.00,0.00,0.00,0,18,0,0,17,3.6,318,315,4.3,13.7,1,3600.00,1027.0,1012.8
2021-09-01T10:00,18.2,0.00,72,13.1,18.6,0.00,0.00,0.00,0,6,0,0,6,3.8,321,311,4.6,15.1,1,3600.00,1027.2,1013.1
2021-09-01T11:00,19.7,0.00,67,13.5,20.7,0.00,0.00,0.00,2,61,0,0,61,4.2,335,329,5.2,16.2,1,3600.00,1027.0,1013.0
2021-09-01T12:00,20.8,0.10,60,12.7,20.9,0.10,0.00,0.00,51,97,0,1,97,5.4,9,4,6.9,16.6,1,3600.00,1026.5,1012.5
2021-09-01T13:00,20.7,0.00,62,13.2,21.4,0.00,0.00,0.00,3,89,0,9,94,7.0,39,35,9.2,18.7,1,3600.00,1026.5,1012.5
2021-09-01T14:00,21.4,0.00,58,12.8,21.4,0.00,0.00,0.00,3,94,0,20,93,6.0,67,65,8.2,18.4,1,3600.00,1026.2,1012.3
2021-09-01T15:00,21.7,0.00,55,12.3,21.6,0.00,0.00,0.00,2,63,0,54,61,5.6,67,63,7.4,16.6,1,3600.00,1025.8,1011.9
2021-09-01T16:00,21.6,0.00,55,12.3,21.4,0.00,0.00,0.00,2,67,0,60,65,6.4,47,43,8.9,15.8,1,3600.00,1025.4,1011.5
2021-09-01T17:00,21.2,0.00,58,12.6,20.8,0.00,0.00,0.00,3,100,0,10,100,8.2,32,29,12.3,18.4,1,3600.00,1025.1,1011.2
2021-09-01T18:00,19.8,0.00,67,13.6,19.4,0.00,0.00,0.00,2,73,0,1,73,11.0,27,23,19.3,23.0,1,2485.88,1024.9,1010.9
2021-09-01T19:00,18.1,0.00,72,13.0,17.6,0.00,0.00,0.00,2,52,0,0,52,9.7,34,31,20.8,23.4,1,2003.75,1025.2,1011.1
2021-09-01T20:00,17.3,0.00,73,12.3,16.3,0.00,0.00,0.00,3,96,0,1,96,11.6,39,36,23.6,23.4,0,0.00,1025.6,1011.5
2021-09-01T21:00,16.8,0.00,71,11.5,15.6,0.00,0.00,0.00,2,68,0,0,68,11.6,39,36,24.1,24.8,0,0.00,1026.0,1011.9
2021-09-01T22:00,15.9,0.00,74,11.2,14.7,0.00,0.00,0.00,1,30,0,3,30,10.5,55,49,22.8,24.1,0,0.00,1026.0,1011.8
2021-09-01T23:00,15.3,0.00,77,11.3,14.3,0.00,0.00,0.00,0,13,0,1,13,9.5,73,65,23.0,21.6,0,0.00,1026.2,1012.0
2021-09-02T00:00,14.9,0.00,74,10.2,13.5,0.00,0.00,0.00,0,6,0,0,6,10.0,82,77,23.6,20.9,0,0.00,1026.2,1012.0
2021-09-02T01:00,14.8,0.00,73,10.1,13.4,0.00,0.00,0.00,0,3,0,2,4,9.8,86,84,23.1,20.9,0,0.00,1026.1,1011.9
2021-09-02T02:00,13.9,0.00,77,9.8,12.7,0.00,0.00,0.00,0,3,0,0,3,8.0,88,82,20.9,20.5,0,0.00,1025.9,1011.6
2021-09-02T03:00,12.3,0.00,85,9.8,11.4,0.00,0.00,0.00,0,1,0,0,1,5.8,90,86,16.6,17.3,0,0.00,1025.9,1011.5
2021-09-02T04:00,11.0,0.00,89,9.3,9.7,0.00,0.00,0.00,0,1,0,0,1,7.3,83,70,12.7,13.0,0,0.00,1025.9,1011.5
2021-09-02T05:00,10.5,0.00,90,9.0,9.1,0.00,0.00,0.00,0,1,0,0,1,7.6,88,82,13.7,13.7,0,0.00,1026.0,1011.5
2021-09-02T06:00,10.7,0.00,90,9.0,9.4,0.00,0.00,0.00,0,1,0,0,1,7.2,93,90,15.1,14.0,1,0.00,1025.8,1011.4
2021-09-02T07:00,13.7,0.00,81,10.6,13.0,0.00,0.00,0.00,0,0,0,0,0,6.2,87,80,15.9,13.7,1,2750.18,1025.9,1011.6
2021-09-02T08:00,16.2,0.00,73,11.4,15.5,0.00,0.00,0.00,0,0,0,0,0,7.6,87,85,13.0,18.4,1,3600.00,1025.8,1011.6
2021-09-02T09:00,18.4,0.00,67,12.2,17.8,0.00,0.00,0.00,0,0,0,0,0,8.7,95,95,12.6,22.0,1,3600.00,1025.8,1011.7
2021-09-02T10:00,20.0,0.00,62,12.6,19.3,0.00,0.00,0.00,0,0,0,0,0,10.5,96,96,14.5,25.6,1,3600.00,1025.8,1011.8
2021-09-02T11:00,21.3,0.00,56,12.2,20.7,0.00,0.00,0.00,0,0,0,0,0,12.3,95,95,17.3,29.9,1,3600.00,1025.5,1011.6
2021-09-02T12:00,22.1,0.00,53,12.0,21.9,0.00,0.00,0.00,0,3,0,0,3,12.6,94,92,17.3,30.6,1,3600.00,1025.3,1011.4
2021-09-02T13:00,23.1,0.00,52,12.6,22.9,0.00,0.00,0.00,0,7,0,0,0,13.4,96,96,18.1,30.6,1,3600.00,1024.7,1010.9
2021-09-02T14:00,23.4,0.00,50,12.3,23.2,0.00,0.00,0.00,0,6,0,0,6,12.6,103,103,17.7,31.7,1,3600.00,1024.4,1010.6
2021-09-02T15:00,23.6,0.00,49,12.3,23.0,0.00,0.00,0.00,0,2,0,0,2,11.8,102,102,16.9,30.2,1,3600.00,1024.0,1010.2
2021-09-02T16:00,23.7,0.00,49,12.3,22.7,0.00,0.00,0.00,0,3,0,0,3,11.4,101,103,16.9,28.1,1,3600.00,1023.4,1009.6
2021-09-02T17:00,23.3,0.00,52,12.8,22.9,0.00,0.00,0.00,0,0,0,0,0,8.5,103,102,15.5,25.9,1,3600.00,1023.0,1009.2
2021-09-02T18:00,21.7,0.00,65,14.9,22.7,0.00,0.00,0.00,0,0,0,0,0,4.7,102,90,12.5,20.2,1,3600.00,1022.5,1008.6
2021-09-02T19:00,18.7,0.00,71,13.3,18.8,0.00,0.00,0.00,0,2,0,0,2,6.8,80,65,16.1,13.7,1,2089.97,1022.3,1008.3
2021-09-02T20:00,18.1,0.00,68,12.2,17.2,0.00,0.00,0.00,0,0,0,0,0,10.6,80,72,24.1,22.0,0,0.00,1022.5,1008.5
2021-09-02T21:00,17.4,0.00,67,11.2,16.3,0.00,0.00,0.00,0,0,0,0,0,10.3,87,78,24.5,23.0,0,0.00,1022.6,1008.5
2021-09-02T22:00,16.6,0.00,70,11.0,15.4,0.00,0.00,0.00,0,0,0,0,0,9.8,90,82,23.8,22.0,0,0.00,1022.6,1008.5
2021-09-02T23:00,16.0,0.00,71,10.8,14.7,0.00,0.00,0.00,0,0,0,0,0,10.1,96,88,23.5,21.2,0,0.00,1022.8,1008.7
2021-09-03T00:00,15.4,0.00,74,10.8,14.1,0.00,0.00,0.00,0,0,0,0,0,10.5,100,96,23.7,22.0,0,0.00,1022.7,1008.5
2021-09-03T01:00,15.2,0.00,76,11.0,14.0,0.00,0.00,0.00,0,0,0,0,0,10.6,107,100,24.0,23.4,0,0.00,1022.3,1008.1
2021-09-03T02:00,14.6,0.00,78,10.8,13.1,0.00,0.00,0.00,0,0,0,0,0,11.5,101,94,24.9,23.8,0,0.00,1021.9,1007.7
2021-09-03T03:00,14.2,0.00,79,10.7,12.7,0.00,0.00,0.00,0,0,0,0,0,11.3,102,99,25.4,24.1,0,0.00,1021.7,1007.5
2021-09-03T04:00,13.7,0.00,82,10.7,12.3,0.00,0.00,0.00,0,0,0,0,0,10.9,102,99,24.6,23.8,0,0.00,1021.6,1007.4
2021-09-03T05:00,13.4,0.00,83,10.6,12.1,0.00,0.00,0.00,0,0,0,0,0,10.5,100,98,24.5,23.0,0,0.00,1021.4,1007.2
2021-09-03T06:00,13.4,0.00,83,10.5,12.0,0.00,0.00,0.00,0,0,0,0,0,10.5,99,96,24.0,22.7,1,0.00,1021.3,1007.1
2021-09-03T07:00,14.8,0.00,79,11.2,13.7,0.00,0.00,0.00,0,0,0,0,0,10.1,99,96,21.5,22.3,1,2666.71,1021.3,1007.1
2021-09-03T08:00,16.8,0.00,73,11.9,15.9,0.00,0.00,0.00,0,0,0,0,0,10.1,103,107,17.0,23.4,1,3600.00,1021.2,1007.1
2021-09-03T09:00,18.5,0.00,68,12.4,17.8,0.00,0.00,0.00,0,0,0,0,0,10.2,108,108,15.1,25.6,1,3600.00,1021.2,1007.2
2021-09-03T10:00,20.1,0.00,63,12.9,19.6,0.00,0.00,0.00,0,0,0,0,0,9.2,109,111,13.0,25.2,1,3600.00,1020.9,1007.0
2021-09-03T11:00,21.5,0.00,59,13.1,21.8,0.00,0.00,0.00,0,0,0,0,0,8.8,109,109,12.2,24.1,1,3600.00,1020.7,1006.8
2021-09-03T12:00,22.7,0.00,54,13.0,23.3,0.00,0.00,0.00,0,0,0,0,0,8.8,107,109,12.1,23.8,1,3600.00,1020.2,1006.4
2021-09-03T13:00,23.7,0.00,52,13.3,24.4,0.00,0.00,0.00,0,0,0,0,0,9.9,109,109,13.3,23.8,1,3600.00,1019.9,1006.2
2021-09-03T14:00,24.1,0.00,49,12.8,24.7,0.00,0.00,0.00,0,0,0,0,0,8.4,108,110,11.4,24.8,1,3600.00,1019.2,1005.5
2021-09-03T15:00,24.4,0.00,47,12.5,24.6,0.00,0.00,0.00,0,0,0,0,0,7.2,108,108,9.4,22.3,1,3600.00,1018.5,1004.8
2021-09-03T16:00,24.4,0.00,47,12.5,24.3,0.00,0.00,0.00,0,0,0,0,0,5.8,95,94,8.0,18.7,1,3600.00,1018.0,1004.3
2021-09-03T17:00,24.0,0.00,51,13.1,24.2,0.00,0.00,0.00,0,0,0,0,0,5.1,88,86,8.3,15.1,1,3600.00,1017.5,1003.8
2021-09-03T18:00,22.5,0.00,71,17.0,24.5,0.00,0.00,0.00,0,0,0,0,0,3.6,98,90,7.6,12.2,1,3600.00,1017.2,1003.4
2021-09-03T19:00,20.9,0.00,60,13.0,21.1,0.00,0.00,0.00,0,0,0,0,0,5.1,118,82,6.1,8.6,1,1968.60,1017.1,1003.3
2021-09-03T20:00,18.0,0.00,73,13.1,18.1,0.00,0.00,0.00,0,0,0,0,0,6.0,69,57,8.9,11.2,0,0.00,1017.4,1003.4
2021-09-03T21:00,17.3,0.00,74,12.7,16.7,0.00,0.00,0.00,0,0,0,0,0,10.2,78,67,21.3,20.2,0,0.00,1017.9,1003.9
2021-09-03T22:00,16.8,0.00,72,11.8,15.9,0.00,0.00,0.00,0,0,0,0,0,10.0,79,75,22.0,20.2,0,0.00,1017.7,1003.7
2021-09-03T23:00,16.4,0.00,72,11.3,15.4,0.00,0.00,0.00,0,0,0,0,0,9.4,86,83,22.0,20.9,0,0.00,1017.6,1003.5
2021-09-04T00:00,15.7,0.00,74,11.1,14.9,0.00,0.00,0.00,0,0,0,0,0,7.9,92,90,20.2,19.4,0,0.00,1017.4,1003.3
2021-09-04T01:00,15.0,0.00,78,11.2,14.4,0.00,0.00,0.00,0,0,0,0,0,6.6,101,103,19.4,16.9,0,0.00,1017.7,1003.6
2021-09-04T02:00,13.9,0.00,83,11.1,13.3,0.00,0.00,0.00,0,0,0,0,0,6.5,98,90,18.2,14.4,0,0.00,1017.5,1003.3
2021-09-04T03:00,13.1,0.00,88,11.1,12.6,0.00,0.00,0.00,0,0,0,0,0,5.8,99,86,16.4,13.7,0,0.00,1017.4,1003.2
2021-09-04T04:00,13.0,0.00,88,11.1,12.4,0.00,0.00,0.00,0,0,0,0,0,6.1,99,87,16.8,13.0,0,0.00,1017.3,1003.1
2021-09-04T05:00,12.7,0.00,89,11.0,12.1,0.00,0.00,0.00,0,0,0,0,0,6.1,98,87,16.0,13.7,0,0.00,1017.1,1002.9
2021-09-04T06:00,12.1,0.00,91,10.7,11.5,0.00,0.00,0.00,0,0,0,0,0,5.0,100,90,12.8,12.6,1,0.00,1017.1,1002.8
2021-09-04T07:00,14.2,0.00,85,11.7,14.0,0.00,0.00,0.00,0,0,0,0,0,5.0,94,90,9.7,10.4,1,2583.23,1017.2,1003.0
2021-09-04T08:00,16.7,0.00,77,12.7,17.3,0.00,0.00,0.00,0,0,0,0,0,1.5,85,104,4.0,10.4,1,3600.00,1017.4,1003.4
2021-09-04T09:00,19.0,0.00,71,13.6,20.1,0.00,0.00,0.00,0,0,0,0,0,0.4,63,360,1.6,8.6,1,3600.00,1017.4,1003.5
2021-09-04T10:00,21.0,0.00,66,14.4,22.3,0.00,0.00,0.00,0,0,0,0,0,0.7,56,360,1.3,10.1,1,3600.00,1017.5,1003.7
2021-09-04T11:00,22.7,0.00,61,14.9,24.9,0.00,0.00,0.00,0,0,0,0,0,0.5,45,315,1.0,10.4,1,3600.00,1017.4,1003.6
2021-09-04T12:00,23.9,0.00,56,14.5,26.1,0.00,0.00,0.00,0,4,0,4,1,1.6,98,117,2.5,11.5,1,3600.00,1017.0,1003.3
2021-09-04T13:00,24.7,0.00,48,12.9,25.6,0.00,0.00,0.00,0,10,0,0,5,7.2,115,117,9.5,14.0,1,3600.00,1016.8,1003.1
2021-09-04T14:00,24.9,0.00,46,12.4,25.6,0.00,0.00,0.00,0,13,0,0,13,6.5,110,109,8.4,20.5,1,3600.00,1016.6,1003.0
2021-09-04T15:00,25.0,0.00,44,11.9,24.9,0.00,0.00,0.00,0,3,0,3,1,6.1,95,93,8.3,18.4,1,3600.00,1016.1,1002.5
2021-09-04T16:00,24.8,0.00,45,12.0,24.5,0.00,0.00,0.00,0,3,0,3,0,6.3,81,77,8.8,16.9,1,3600.00,1015.7,1002.1
2021-09-04T17:00,24.5,0.00,49,13.0,24.8,0.00,0.00,0.00,0,1,0,1,0,4.5,82,76,8.0,15.8,1,3600.00,1015.6,1002.0
2021-09-04T18:00,23.1,0.00,70,17.4,25.3,0.00,0.00,0.00,0,1,0,1,0,2.7,60,23,5.8,11.2,1,3600.00,1015.5,1001.8
2021-09-04T19:00,19.9,0.00,66,13.4,20.1,0.00,0.00,0.00,0,1,0,0,1,5.7,45,18,6.1,8.6,1,1847.26,1015.6,1001.7
2021-09-04T20:00,18.9,0.00,69,13.0,19.0,0.00,0.00,0.00,0,3,0,0,3,5.4,29,48,8.2,10.4,0,0.00,1016.5,1002.6
2021-09-04T21:00,17.7,0.00,75,13.2,17.4,0.00,0.00,0.00,0,1,0,0,1,8.6,50,57,15.6,16.2,0,0.00,1016.8,1002.8
2021-09-04T22:00,17.4,0.00,76,13.1,17.0,0.00,0.00,0.00,0,0,0,0,0,9.4,77,67,19.6,18.4,0,0.00,1017.1,1003.1
2021-09-04T23:00,16.9,0.00,76,12.6,16.4,0.00,0.00,0.00,0,0,0,0,0,8.8,80,78,20.5,19.1,0,0.00,1017.3,1003.3
2021-09-05T00:00,15.7,0.00,81,12.4,15.5,0.00,0.00,0.00,0,1,0,1,0,6.5,85,87,17.3,17.6,0,0.00,1017.5,1003.4
2021-09-05T01:00,15.1,0.00,84,12.4,14.6,0.00,0.00,0.00,0,1,0,1,3,8.4,99,110,13.8,13.3,0,0.00,1017.9,1003.8
2021-09-05T02:00,14.1,0.00,87,12.0,13.8,0.00,0.00,0.00,0,5,0,1,4,6.2,99,83,11.7,13.3,0,0.00,1018.0,1003.8
2021-09-05T03:00,14.1,0.00,88,12.1,14.1,0.00,0.00,0.00,0,3,0,1,3,4.9,93,73,13.0,10.8,0,0.00,1018.3,1004.1
2021-09-05T04:00,13.9,0.00,89,12.2,13.7,0.00,0.00,0.00,0,5,0,0,5,5.9,95,79,15.9,12.6,0,0.00,1018.5,1004.3
2021-09-05T05:00,13.5,0.00,91,12.0,13.4,0.00,0.00,0.00,0,9,0,8,6,5.4,93,70,14.4,12.6,0,0.00,1018.6,1004.4
2021-09-05T06:00,13.0,0.00,92,11.8,12.8,0.00,0.00,0.00,1,22,0,22,4,5.0,88,69,10.1,11.2,1,0.00,1018.9,1004.7
2021-09-05T07:00,15.3,0.00,86,13.0,15.6,0.00,0.00,0.00,0,19,0,19,1,4.7,97,94,8.7,10.4,1,2499.76,1019.3,1005.2
2021-09-05T08:00,17.6,0.00,80,14.1,18.4,0.00,0.00,0.00,0,6,0,6,0,3.3,93,96,6.5,11.2,1,3600.00,1019.6,1005.6
2021-09-05T09:00,19.8,0.00,73,14.8,20.9,0.00,0.00,0.00,0,4,0,4,0,3.3,94,96,5.1,13.0,1,3600.00,1019.9,1006.0
2021-09-05T10:00,21.7,0.00,67,15.3,23.2,0.00,0.00,0.00,0,2,0,2,0,1.9,83,68,2.9,12.6,1,3600.00,1020.2,1006.4
2021-09-05T11:00,23.3,0.00,62,15.5,25.4,0.00,0.00,0.00,0,0,0,0,0,1.6,51,27,2.3,11.5,1,3600.00,1020.3,1006.5
2021-09-05T12:00,24.5,0.00,54,14.7,26.6,0.00,0.00,0.00,1,32,0,31,10,2.3,54,39,3.1,12.6,1,3600.00,1020.0,1006.3
2021-09-05T13:00,25.4,0.00,47,13.3,25.8,0.00,0.00,0.00,1,30,0,26,2,8.1,111,111,10.8,16.6,1,3600.00,1019.9,1006.2
2021-09-05T14:00,25.5,0.00,46,13.0,25.4,0.00,0.00,0.00,1,22,0,22,3,6.9,99,96,9.1,20.9,1,3600.00,1019.8,1006.1
2021-09-05T15:00,25.6,0.00,44,12.6,25.4,0.00,0.00,0.00,1,20,0,20,1,6.9,81,81,9.5,18.4,1,3600.00,1019.5,1005.9
2021-09-05T16:00,25.6,0.00,45,12.9,25.5,0.00,0.00,0.00,0,14,0,14,0,6.8,74,72,9.3,17.6,1,3600.00,1019.4,1005.8
2021-09-05T17:00,25.0,0.00,50,13.9,25.4,0.00,0.00,0.00,0,12,0,12,0,5.5,70,67,10.4,16.2,1,3600.00,1019.3,1005.6
2021-09-05T18:00,23.3,0.00,64,16.0,24.6,0.00,0.00,0.00,0,12,0,12,0,4.5,73,61,11.3,13.7,1,3600.00,1019.6,1005.8
2021-09-05T19:00,20.7,0.00,68,14.5,21.4,0.00,0.00,0.00,0,14,0,13,6,5.6,79,63,13.2,11.5,1,1423.53,1020.0,1006.1
2021-09-05T20:00,19.2,0.00,73,14.3,19.6,0.00,0.00,0.00,0,13,0,10,6,6.8,76,58,13.4,13.3,0,0.00,1020.5,1006.5
2021-09-05T21:00,18.5,0.00,74,13.9,18.5,0.00,0.00,0.00,0,9,0,9,1,8.4,68,59,17.1,16.6,0,0.00,1020.9,1006.9
2021-09-05T22:00,18.1,0.00,75,13.5,17.8,0.00,0.00,0.00,0,7,0,7,0,9.4,73,67,19.2,18.7,0,0.00,1021.1,1007.1
2021-09-05T23:00,17.7,0.00,74,13.1,17.4,0.00,0.00,0.00,0,6,0,6,0,9.3,78,77,20.6,19.1,0,0.00,1021.4,1007.4
2021-09-06T00:00,17.4,0.00,73,12.6,17.1,0.00,0.00,0.00,0,7,0,7,0,7.9,89,93,20.2,19.1,0,0.00,1021.5,1007.4
2021-09-06T01:00,17.2,0.00,73,12.4,17.1,0.00,0.00,0.00,0,14,0,61,0,6.2,108,111,18.2,16.2,0,0.00,1021.7,1007.6
2021-09-06T02:00,16.4,0.00,77,12.5,16.3,0.00,0.00,0.00,2,69,0,69,0,5.8,103,86,15.5,13.3,0,0.00,1021.8,1007.7
2021-09-06T03:00,15.8,0.00,81,12.6,15.7,0.00,0.00,0.00,2,79,0,79,0,5.9,99,79,13.5,11.9,0,0.00,1021.9,1007.8
2021-09-06T04:00,15.6,0.00,82,12.6,15.5,0.00,0.00,0.00,2,71,0,71,1,6.2,102,83,14.0,12.6,0,0.00,1022.0,1007.9
2021-09-06T05:00,15.4,0.00,84,12.7,15.4,0.00,0.00,0.00,2,64,0,64,2,6.1,105,90,14.1,13.0,0,0.00,1021.9,1007.7
2021-09-06T06:00,14.3,0.00,90,12.6,14.5,0.00,0.00,0.00,0,7,0,7,2,4.7,105,90,12.3,12.2,1,0.00,1022.1,1007.9
2021-09-06T07:00,15.7,0.00,85,13.2,15.9,0.00,0.00,0.00,0,12,0,12,0,5.8,98,86,10.2,11.5,1,2416.05,1022.8,1008.6
2021-09-06T08:00,18.1,0.00,77,14.0,18.8,0.00,0.00,0.00,0,9,0,9,4,3.6,98,96,7.6,11.9,1,3600.00,1023.1,1009.1
2021-09-06T09:00,20.4,0.00,68,14.3,21.2,0.00,0.00,0.00,0,8,0,7,4,4.0,90,90,5.4,13.3,1,3600.00,1023.5,1009.6
2021-09-06T10:00,22.5,0.00,59,14.2,23.3,0.00,0.00,0.00,0,4,0,4,3,3.7,102,101,5.2,14.0,1,3600.00,1023.7,1009.9
2021-09-06T11:00,24.2,0.00,52,13.6,25.4,0.00,0.00,0.00,0,1,0,1,1,2.4,114,117,3.5,14.0,1,3600.00,1023.6,1009.8
2021-09-06T12:00,25.4,0.00,46,13.1,27.0,0.00,0.00,0.00,0,0,0,0,0,1.6,117,117,2.4,12.2,1,3600.00,1023.5,1009.8
2021-09-06T13:00,26.0,0.00,42,12.0,27.0,0.00,0.00,0.00,0,0,0,0,1,4.2,120,121,5.8,12.2,1,3600.00,1023.3,1009.6
2021-09-06T14:00,26.3,0.00,40,11.8,27.0,0.00,0.00,0.00,0,5,0,5,0,4.7,111,113,6.2,15.1,1,3600.00,1023.2,1009.5
2021-09-06T15:00,26.3,0.00,40,11.7,26.3,0.00,0.00,0.00,0,11,8,4,0,4.8,103,103,6.3,14.8,1,3600.00,1022.8,1009.1
2021-09-06T16:00,26.1,0.00,41,11.7,25.9,0.00,0.00,0.00,2,59,59,0,0,4.3,97,95,5.8,14.0,1,3600.00,1022.6,1008.9
2021-09-06T17:00,25.6,0.00,44,12.4,25.8,0.00,0.00,0.00,3,93,93,0,0,4.1,107,105,6.0,11.9,1,3600.00,1022.5,1008.8
2021-09-06T18:00,23.8,0.00,68,17.6,26.0,0.00,0.00,0.00,3,99,99,0,0,3.6,111,96,5.0,10.1,1,3600.00,1022.5,1008.7
2021-09-06T19:00,20.5,0.00,65,13.7,20.9,0.00,0.00,0.00,3,98,98,1,4,5.1,49,51,3.8,7.2,0,166.93,1022.7,1008.8
2021-09-06T20:00,19.6,0.00,67,13.4,19.6,0.00,0.00,0.00,3,98,98,0,1,7.4,54,61,13.4,14.4,0,0.00,1022.9,1008.9
2021-09-06T21:00,18.1,0.00,73,13.1,18.0,0.00,0.00,0.00,2,76,76,0,0,7.5,69,73,14.2,15.5,0,0.00,1023.2,1009.2
2021-09-06T22:00,17.4,0.00,75,12.9,17.0,0.00,0.00,0.00,2,72,72,2,0,8.4,80,80,12.8,16.2,0,0.00,1023.4,1009.3
2021-09-06T23:00,17.1,0.00,75,12.6,16.8,0.00,0.00,0.00,1,28,24,10,3,7.6,91,82,14.4,17.6,0,0.00,1023.5,1009.4
2021-09-07T00:00,15.6,0.00,85,13.0,15.5,0.00,0.00,0.00,3,96,95,18,3,6.8,94,87,9.4,15.1,0,0.00,1023.8,1009.6
2021-09-07T01:00,17.8,0.00,70,12.4,18.2,0.00,0.00,0.00,2,65,2,2,3,2.6,139,214,6.6,10.1,0,0.00,1023.7,1009.6
2021-09-07T02:00,14.6,0.00,87,12.5,14.7,0.00,0.00,0.00,0,10,0,5,9,4.6,72,45,2.3,6.5,0,0.00,1023.6,1009.4
2021-09-07T03:00,14.9,0.00,84,12.3,14.8,0.00,0.00,0.00,1,43,35,4,12,5.2,94,74,5.4,10.8,0,0.00,1023.5,1009.3
2021-09-07T04:00,14.1,0.00,88,12.2,14.0,0.00,0.00,0.00,3,98,98,0,13,5.4,117,90,7.2,10.8,0,0.00,1023.1,1008.9
2021-09-07T05:00,13.4,0.00,92,12.1,13.4,0.00,0.00,0.00,3,100,100,0,9,4.3,103,85,6.3,10.8,0,0.00,1023.0,1008.7
2021-09-07T06:00,13.7,0.00,90,12.1,13.7,0.00,0.00,0.00,3,98,98,0,1,4.3,97,95,6.2,9.7,1,0.00,1022.9,1008.6
2021-09-07T07:00,15.2,0.00,85,12.7,15.3,0.00,0.00,0.00,3,92,92,0,1,4.8,105,103,5.6,8.6,1,0.00,1023.3,1009.1
2021-09-07T08:00,17.5,0.00,77,13.5,18.4,0.00,0.00,0.00,3,98,98,0,3,1.3,63,34,3.2,9.0,1,2861.24,1023.6,1009.5
2021-09-07T09:00,19.5,0.00,69,13.6,20.5,0.00,0.00,0.00,3,94,94,5,3,0.8,63,27,1.6,8.3,1,3600.00,1024.0,1010.0
2021-09-07T10:00,21.6,0.00,61,13.7,22.8,0.00,0.00,0.00,3,93,93,12,1,0.0,90,270,0.4,9.0,1,3600.00,1023.8,1009.9
2021-09-07T11:00,23.3,0.00,56,14.1,24.7,0.00,0.00,0.00,3,97,97,0,2,0.4,180,270,0.4,9.7,1,3600.00,1023.9,1010.1
2021-09-07T12:00,24.7,0.00,51,14.0,26.5,0.00,0.00,0.00,3,94,94,10,1,0.7,243,270,0.8,10.8,1,3600.00,1023.5,1009.8
2021-09-07T13:00,24.9,0.00,47,12.7,26.0,0.00,0.00,0.00,3,94,96,32,3,1.3,194,214,1.5,10.8,1,3600.00,1023.2,1009.5
2021-09-07T14:00,25.4,0.00,46,12.8,26.5,0.00,0.00,0.00,3,98,94,67,0,0.4,360,360,0.4,10.1,1,3600.00,1022.7,1009.0
2021-09-07T15:00,25.3,0.00,46,12.7,25.9,0.00,0.00,0.00,3,97,97,10,0,2.1,39,31,2.3,8.6,1,3600.00,1022.1,1008.4
2021-09-07T16:00,25.3,0.00,47,13.1,25.7,0.00,0.00,0.00,3,99,99,9,0,3.8,45,41,4.6,10.8,1,3600.00,1021.6,1007.9
2021-09-07T17:00,24.8,0.00,52,14.2,25.5,0.00,0.00,0.00,3,97,97,9,0,4.1,49,45,6.6,11.2,1,3600.00,1021.3,1007.6
2021-09-07T18:00,22.7,0.00,67,16.2,24.2,0.00,0.00,0.00,3,98,98,3,0,4.7,40,32,10.7,10.4,1,3600.00,1020.9,1007.1
2021-09-07T19:00,20.3,0.00,73,15.3,21.1,0.00,0.00,0.00,3,100,100,3,0,6.1,46,50,13.5,12.2,0,0.00,1020.8,1006.9
2021-09-07T20:00,19.4,0.00,75,14.8,19.8,0.00,0.00,0.00,3,99,99,7,0,8.1,70,69,17.7,15.8,0,0.00,1021.0,1007.0
2021-09-07T21:00,19.5,0.00,71,14.1,19.4,0.00,0.00,0.00,3,95,95,1,0,9.9,84,80,23.2,20.5,0,0.00,1021.1,1007.1
2021-09-07T22:00,19.1,0.00,70,13.6,18.8,0.00,0.00,0.00,2,77,77,0,0,9.8,86,82,23.1,20.5,0,0.00,1020.9,1006.9
2021-09-07T23:00,18.9,0.00,69,13.0,18.1,0.00,0.00,0.00,1,35,35,0,0,11.5,92,88,26.3,24.1,0,0.00,1020.8,1006.8
2021-09-08T00:00,18.7,0.00,66,12.2,17.4,0.00,0.00,0.00,0,1,1,0,0,13.4,97,96,28.3,27.4,0,0.00,1020.6,1006.6
2021-09-08T01:00,18.2,0.00,71,12.8,17.2,0.00,0.00,0.00,0,0,0,7,0,12.3,106,105,25.5,28.1,0,0.00,1020.3,1006.3
2021-09-08T02:00,17.0,0.00,75,12.6,16.1,0.00,0.00,0.00,0,1,0,1,0,11.4,109,103,24.4,25.2,0,0.00,1019.9,1005.8
2021-09-08T03:00,16.4,0.00,76,12.2,15.4,0.00,0.00,0.00,0,0,0,0,0,11.3,104,97,24.5,23.8,0,0.00,1019.7,1005.6
2021-09-08T04:00,16.1,0.00,76,11.8,15.0,0.00,0.00,0.00,0,0,0,0,0,11.3,103,99,24.8,24.1,0,0.00,1019.4,1005.3
2021-09-08T05:00,15.6,0.00,77,11.6,14.7,0.00,0.00,0.00,0,0,0,0,0,9.5,100,99,22.7,23.8,0,0.00,1019.1,1005.0
2021-09-08T06:00,14.7,0.00,81,11.5,14.2,0.00,0.00,0.00,0,0,0,0,0,6.6,101,103,19.4,20.9,1,0.00,1019.0,1004.8
2021-09-08T07:00,16.0,0.00,78,12.2,15.6,0.00,0.00,0.00,0,0,0,0,0,6.8,98,93,17.1,15.5,1,2247.72,1019.3,1005.2
2021-09-08T08:00,18.2,0.00,70,12.7,17.7,0.00,0.00,0.00,0,0,0,0,0,9.0,96,95,15.9,20.5,1,3600.00,1019.0,1005.0
2021-09-08T09:00,20.2,0.00,64,13.2,19.5,0.00,0.00,0.00,0,0,0,0,0,11.4,100,101,16.8,27.0,1,3600.00,1018.9,1005.0
2021-09-08T10:00,22.0,0.00,59,13.6,21.3,0.00,0.00,0.00,0,0,0,0,0,12.2,103,104,17.4,29.9,1,3600.00,1018.4,1004.6
2021-09-08T11:00,23.4,0.00,54,13.6,22.9,0.00,0.00,0.00,1,43,43,0,0,13.6,102,102,19.1,32.4,1,3600.00,1017.8,1004.1
2021-09-08T12:00,24.6,0.00,49,13.3,24.4,0.00,0.00,0.00,1,26,26,0,0,13.5,105,106,19.0,33.5,1,3600.00,1016.9,1003.2
2021-09-08T13:00,25.7,0.00,42,11.8,25.2,0.00,0.00,0.00,1,27,0,0,0,13.4,112,110,18.6,32.8,1,3600.00,1016.3,1002.7
2021-09-08T14:00,25.9,0.00,41,11.7,25.3,0.00,0.00,0.00,0,0,0,0,0,12.6,110,110,17.7,31.7,1,3600.00,1015.6,1002.0
2021-09-08T15:00,26.1,0.00,41,11.9,25.1,0.00,0.00,0.00,0,0,0,0,0,12.6,110,110,17.7,30.2,1,3600.00,1014.8,1001.2
2021-09-08T16:00,25.9,0.00,43,12.3,24.9,0.00,0.00,0.00,0,0,0,0,0,11.5,111,110,17.3,29.2,1,3600.00,1014.2,1000.6
2021-09-08T17:00,25.2,0.00,47,13.3,25.0,0.00,0.00,0.00,0,1,1,0,0,8.8,111,109,16.2,26.3,1,3600.00,1013.9,1000.3
2021-09-08T18:00,23.2,0.00,58,14.5,23.7,0.00,0.00,0.00,0,19,19,0,0,6.5,103,93,17.4,20.2,1,3600.00,1013.7,1000.0
2021-09-08T19:00,21.2,0.00,60,13.0,20.9,0.00,0.00,0.00,0,3,3,0,0,9.0,102,90,22.1,18.4,0,941.58,1013.5,999.7
2021-09-08T20:00,20.4,0.00,62,12.9,19.9,0.00,0.00,0.00,0,0,0,0,0,9.7,105,92,23.5,20.5,0,0.00,1013.6,999.8
2021-09-08T21:00,19.7,0.00,66,13.1,19.2,0.00,0.00,0.00,0,0,0,0,0,10.1,111,96,23.1,20.5,0,0.00,1013.7,999.9
2021-09-08T22:00,19.1,0.00,70,13.4,18.6,0.00,0.00,0.00,0,15,10,5,1,10.7,115,102,23.0,21.2,0,0.00,1013.5,999.6
2021-09-08T23:00,18.5,0.00,73,13.7,18.1,0.00,0.00,0.00,1,29,16,15,4,11.2,119,105,23.5,22.3,0,0.00,1013.5,999.6
2021-09-09T00:00,18.4,0.00,76,14.0,18.0,0.00,0.00,0.00,1,34,25,12,0,11.2,121,105,22.8,23.4,0,0.00,1013.3,999.4
2021-09-09T01:00,18.8,0.00,74,14.1,18.2,0.00,0.00,0.00,0,18,10,27,3,12.8,121,112,26.0,22.7,0,0.00,1013.1,999.2
2021-09-09T02:00,18.0,0.00,78,14.2,17.7,0.00,0.00,0.00,1,33,0,33,8,11.3,130,117,23.0,25.6,0,0.00,1012.9,999.0
2021-09-09T03:00,17.7,0.00,80,14.2,17.4,0.00,0.00,0.00,1,23,0,22,4,11.2,131,111,20.4,22.3,0,0.00,1012.7,998.8
2021-09-09T04:00,17.2,0.00,82,14.1,17.1,0.00,0.00,0.00,0,3,0,3,0,9.8,134,107,18.1,22.3,0,0.00,1012.4,998.5
2021-09-09T05:00,16.1,0.00,87,14.0,16.3,0.00,0.00,0.00,0,5,0,5,0,7.7,150,118,15.3,19.4,0,0.00,1012.4,998.4
2021-09-09T06:00,15.6,0.00,90,14.0,16.0,0.00,0.00,0.00,0,7,0,1,7,6.4,174,117,13.0,15.5,1,0.00,1012.6,998.6
2021-09-09T07:00,17.6,0.00,83,14.6,17.9,0.00,0.00,0.00,0,13,0,3,13,7.9,180,129,14.4,16.2,1,2163.11,1012.9,999.0
2021-09-09T08:00,20.2,0.00,73,15.2,20.9,0.00,0.00,0.00,0,13,0,10,12,7.0,183,159,13.3,17.3,1,3600.00,1013.1,999.3
2021-09-09T09:00,21.8,0.00,67,15.3,22.2,0.00,0.00,0.00,1,24,0,24,10,9.5,193,189,14.1,23.4,1,3600.00,1013.4,999.7
2021-09-09T10:00,23.4,0.00,64,16.1,24.0,0.00,0.00,0.00,0,11,0,10,8,9.8,207,204,13.7,25.2,1,3600.00,1013.4,999.7
2021-09-09T11:00,24.9,0.00,61,16.9,25.9,0.00,0.00,0.00,0,1,0,1,0,11.2,221,220,15.3,27.7,1,3600.00,1013.3,999.7
2021-09-09T12:00,25.9,0.10,59,17.1,26.9,0.10,0.00,0.00,51,29,0,25,13,13.9,235,233,18.9,32.4,1,3600.00,1013.1,999.6
2021-09-09T13:00,25.1,0.10,62,17.3,25.6,0.10,0.00,0.00,51,52,4,44,2,14.4,203,202,20.0,34.9,1,3600.00,1013.0,999.4
2021-09-09T14:00,25.1,0.00,62,17.4,25.3,0.00,0.00,0.00,1,42,21,28,8,17.2,214,213,24.9,38.9,1,3600.00,1012.9,999.3
2021-09-09T15:00,24.4,0.30,65,17.3,24.6,0.30,0.00,0.00,51,46,4,22,38,16.3,241,242,23.8,40.0,1,3600.00,1013.1,999.5
2021-09-09T16:00,24.4,0.00,65,17.5,25.6,0.00,0.00,0.00,1,40,14,26,22,9.8,271,276,14.0,36.0,1,3600.00,1012.9,999.3
2021-09-09T17:00,24.4,0.00,66,17.6,26.6,0.00,0.00,0.00,1,49,40,15,6,3.8,274,287,5.4,22.3,1,3600.00,1012.7,999.1
2021-09-09T18:00,23.6,0.00,73,18.5,26.3,0.00,0.00,0.00,1,27,21,10,0,3.1,232,216,5.9,9.7,1,3600.00,1012.7,999.1
2021-09-09T19:00,21.2,0.00,77,17.0,22.9,0.00,0.00,0.00,2,62,38,42,1,4.7,215,148,7.5,8.6,0,292.58,1013.0,999.2
2021-09-09T20:00,20.7,0.00,76,16.4,22.2,0.00,0.00,0.00,3,89,85,43,2,5.3,191,152,13.6,10.4,0,0.00,1013.5,999.7
2021-09-09T21:00,20.6,0.00,76,16.2,21.8,0.00,0.00,0.00,3,81,76,10,19,6.6,195,158,16.8,14.0,0,0.00,1013.8,1000.0
2021-09-09T22:00,20.5,0.00,75,15.9,21.0,0.00,0.00,0.00,3,99,94,82,82,10.5,216,202,23.2,22.3,0,0.00,1014.4,1000.6
2021-09-09T23:00,20.4,0.00,73,15.4,21.0,0.00,0.00,0.00,3,96,95,17,2,8.2,224,209,18.6,22.0,0,0.00,1014.6,1000.8
2021-09-10T00:00,19.1,0.00,77,15.0,19.7,0.00,0.00,0.00,3,97,97,18,2,7.1,222,204,18.4,17.6,0,0.00,1014.7,1000.8
2021-09-10T01:00,17.8,0.00,82,14.7,17.9,0.00,0.00,0.00,3,84,65,63,0,10.0,225,210,16.8,15.8,0,0.00,1014.7,1000.8
2021-09-10T02:00,18.2,0.00,77,14.1,18.7,0.00,0.00,0.00,3,82,69,45,0,5.8,210,187,17.1,17.3,0,0.00,1014.7,1000.8
2021-09-10T03:00,18.0,0.00,77,14.0,18.4,0.00,0.00,0.00,3,88,85,45,0,5.9,205,169,15.9,15.1,0,0.00,1014.8,1000.9
2021-09-10T04:00,17.8,0.00,79,14.1,18.1,0.00,0.00,0.00,3,89,89,0,0,6.5,207,174,16.1,14.0,0,0.00,1014.9,1001.0
2021-09-10T05:00,16.9,0.00,83,14.1,17.3,0.00,0.00,0.00,3,95,95,0,0,6.1,210,180,16.6,14.4,0,0.00,1014.6,1000.6
2021-09-10T06:00,16.4,0.00,86,14.1,17.0,0.00,0.00,0.00,3,85,84,1,7,5.2,202,164,14.7,14.4,1,0.00,1014.7,1000.7
2021-09-10T07:00,17.5,0.00,83,14.5,18.0,0.00,0.00,0.00,2,79,76,8,15,6.6,202,167,14.4,14.4,1,670.74,1015.3,1001.3
2021-09-10T08:00,18.9,0.00,78,14.9,19.5,0.00,0.00,0.00,3,98,97,10,16,7.0,205,192,12.7,17.6,1,3600.00,1015.6,1001.7
2021-09-10T09:00,20.6,0.00,71,15.2,21.1,0.00,0.00,0.00,3,98,98,7,13,8.2,207,203,11.8,21.2,1,3600.00,1015.8,1002.0
2021-09-10T10:00,22.2,0.00,66,15.5,22.7,0.00,0.00,0.00,3,96,96,6,3,8.7,211,210,11.8,23.0,1,3600.00,1015.8,1002.0
2021-09-10T11:00,23.4,0.00,62,15.6,23.8,0.00,0.00,0.00,3,81,73,41,4,10.1,216,215,13.4,28.8,1,3600.00,1016.0,1002.3
2021-09-10T12:00,23.4,0.00,61,15.6,23.6,0.00,0.00,0.00,3,91,57,83,13,11.5,221,221,15.3,30.6,1,3600.00,1015.8,1002.1
2021-09-10T13:00,23.4,0.00,62,15.7,24.2,0.00,0.00,0.00,3,82,92,70,5,7.7,206,208,10.8,30.6,1,2682.42,1015.4,1001.7
2021-09-10T14:00,24.2,0.10,56,14.8,24.1,0.10,0.00,0.00,51,90,86,23,18,11.1,214,216,15.3,26.3,1,3600.00,1015.0,1001.3
2021-09-10T15:00,24.0,0.10,57,14.8,23.6,0.10,0.00,0.00,51,91,83,39,41,13.3,237,237,18.5,30.6,1,3600.00,1014.6,1000.9
2021-09-10T16:00,23.2,0.10,64,15.9,23.3,0.10,0.00,0.00,51,95,93,16,15,12.8,254,254,18.3,30.6,1,3600.00,1014.9,1001.2
2021-09-10T17:00,22.8,0.00,63,15.4,23.2,0.00,0.00,0.00,3,97,96,18,3,9.6,257,257,14.8,28.8,1,3600.00,1015.3,1001.6
2021-09-10T18:00,21.8,0.00,71,16.2,23.3,0.00,0.00,0.00,3,83,77,31,17,4.8,246,243,12.2,21.6,1,3600.00,1015.5,1001.7
2021-09-10T19:00,20.5,0.00,74,15.7,21.6,0.00,0.00,0.00,3,83,68,44,10,5.6,238,225,14.4,11.5,0,0.00,1015.9,1002.1
2021-09-10T20:00,19.8,0.00,75,15.3,20.5,0.00,0.00,0.00,2,52,30,34,20,7.9,237,227,19.3,17.3,0,0.00,1016.5,1002.6
2021-09-10T21:00,19.1,0.00,78,15.1,19.8,0.00,0.00,0.00,2,72,57,45,13,6.4,241,232,17.2,17.3,0,0.00,1017.0,1003.1
2021-09-10T22:00,18.6,0.00,80,15.0,19.4,0.00,0.00,0.00,3,89,73,62,13,6.4,235,218,16.3,15.1,0,0.00,1017.3,1003.4
2021-09-10T23:00,18.4,0.00,81,15.0,18.9,0.00,0.00,0.00,3,83,65,50,45,7.9,231,219,17.7,17.3,0,0.00,1017.8,1003.8
2021-09-11T00:00,17.9,0.00,83,15.0,18.5,0.00,0.00,0.00,1,43,9,29,21,7.7,228,217,17.3,17.3,0,0.00,1018.0,1004.0
2021-09-11T01:00,17.7,0.00,94,16.7,18.5,0.00,0.00,0.00,1,23,97,9,24,10.0,214,201,20.5,16.6,0,0.00,1017.9,1003.9
2021-09-11T02:00,17.3,0.00,96,16.6,18.5,0.00,0.00,0.00,3,100,95,64,100,8.0,227,216,18.3,21.2,0,0.00,1017.8,1003.8
2021-09-11T03:00,17.4,0.00,97,16.8,18.5,0.00,0.00,0.00,3,94,86,66,9,8.5,227,216,18.1,19.4,0,0.00,1017.8,1003.8
2021-09-11T04:00,17.1,0.10,97,16.7,18.3,0.10,0.00,0.00,51,86,76,51,23,7.8,216,202,17.0,18.7,0,0.00,1017.8,1003.8
2021-09-11T05:00,17.2,0.10,97,16.8,18.4,0.10,0.00,0.00,51,82,63,47,35,8.0,212,198,16.2,17.6,0,0.00,1017.9,1003.9
2021-09-11T06:00,17.2,0.60,97,16.7,18.4,0.60,0.00,0.00,53,74,45,50,46,7.8,211,193,15.5,18.0,1,0.00,1018.0,1004.0
2021-09-11T07:00,17.5,0.20,96,16.8,18.6,0.20,0.00,0.00,51,75,15,28,65,8.6,211,195,15.2,18.0,1,0.00,1018.3,1004.3
2021-09-11T08:00,18.1,0.10,92,16.7,19.0,0.10,0.00,0.00,51,85,1,13,84,10.0,222,218,15.5,22.3,1,3035.65,1018.5,1004.5
2021-09-11T09:00,18.7,0.00,90,16.9,19.7,0.00,0.00,0.00,3,81,0,14,79,9.9,230,226,14.6,23.8,1,3352.86,1018.8,1004.8
2021-09-11T10:00,19.3,0.10,86,17.0,20.6,0.10,0.00,0.00,51,97,2,24,96,8.2,234,232,11.6,23.8,1,1584.09,1019.2,1005.3
2021-09-11T11:00,20.3,0.10,82,17.1,21.5,0.10,0.00,0.00,51,72,4,34,65,8.9,224,220,12.0,25.2,1,1820.13,1019.2,1005.3
2021-09-11T12:00,20.8,0.20,78,16.7,21.5,0.20,0.00,0.00,51,87,4,71,83,11.0,223,221,14.8,29.5,1,3600.00,1018.6,1004.7
2021-09-11T13:00,19.0,0.10,79,15.3,18.8,0.10,0.00,0.00,51,71,88,100,85,13.3,238,237,20.9,30.2,1,2499.67,1018.8,1004.9
2021-09-11T14:00,18.3,3.00,89,16.4,19.6,3.00,0.00,0.00,63,96,15,96,0,6.1,217,208,10.8,27.0,1,0.00,1018.3,1004.3
2021-09-11T15:00,20.0,0.40,81,16.5,21.3,0.40,0.00,0.00,51,30,1,29,0,6.4,227,227,8.9,19.1,1,3600.00,1017.8,1003.9
2021-09-11T16:00,20.5,0.00,76,16.2,21.7,0.00,0.00,0.00,2,58,1,33,48,6.8,246,245,8.7,19.1,1,3600.00,1017.6,1003.7
2021-09-11T17:00,20.4,0.00,77,16.3,21.9,0.00,0.00,0.00,1,47,0,46,15,4.5,252,256,5.7,17.6,1,3600.00,1017.5,1003.6
2021-09-11T18:00,19.8,0.00,83,16.9,21.7,0.00,0.00,0.00,1,34,0,30,19,3.3,232,221,8.2,11.9,1,3600.00,1017.6,1003.7
2021-09-11T19:00,18.4,0.00,89,16.5,19.9,0.00,0.00,0.00,2,50,0,42,30,5.2,215,196,13.7,10.4,0,22.73,1018.0,1004.0
2021-09-11T20:00,18.3,0.00,89,16.4,19.5,0.00,0.00,0.00,1,39,0,18,35,7.1,219,204,17.7,15.1,0,0.00,1018.7,1004.7
2021-09-11T21:00,17.6,0.00,91,16.1,18.6,0.00,0.00,0.00,1,38,0,9,37,7.5,232,215,18.2,15.8,0,0.00,1019.0,1005.0
2021-09-11T22:00,17.0,0.00,92,15.6,17.9,0.00,0.00,0.00,1,27,6,2,22,6.5,253,236,17.0,15.8,0,0.00,1019.1,1005.1
2021-09-11T23:00,15.9,0.00,93,14.7,16.7,0.00,0.00,0.00,2,61,44,1,30,4.7,264,238,13.8,14.0,0,0.00,1019.4,1005.3
2021-09-12T00:00,14.9,0.00,93,13.8,15.3,0.00,0.00,0.00,1,31,22,0,15,6.0,285,245,10.0,10.8,0,0.00,1019.3,1005.2
2021-09-12T01:00,15.3,0.00,94,14.4,15.7,0.00,0.00,0.00,0,16,50,5,2,6.8,329,335,11.3,10.1,0,0.00,1019.3,1005.2
2021-09-12T02:00,16.3,0.00,89,14.5,17.1,0.00,0.00,0.00,1,36,34,3,2,4.4,328,305,6.8,11.5,0,0.00,1019.3,1005.2
2021-09-12T03:00,15.7,0.00,91,14.3,16.7,0.00,0.00,0.00,0,7,0,1,7,3.1,299,234,3.7,7.2,0,0.00,1019.2,1005.1
2021-09-12T04:00,15.3,0.00,93,14.2,16.2,0.00,0.00,0.00,0,7,0,0,7,2.8,297,230,3.2,5.4,0,0.00,1019.1,1005.0
2021-09-12T05:00,13.9,0.00,96,13.2,14.3,0.00,0.00,0.00,0,7,0,0,7,4.0,225,185,3.1,5.8,0,0.00,1018.9,1004.7
2021-09-12T06:00,13.8,0.00,96,13.2,14.3,0.00,0.00,0.00,0,8,0,0,8,3.6,225,174,4.1,6.8,1,0.00,1019.1,1004.9
2021-09-12T07:00,13.9,0.00,98,13.7,15.0,0.00,0.00,0.00,2,62,0,0,62,0.8,257,117,3.3,5.8,1,1209.99,1019.4,1005.2
2021-09-12T08:00,15.5,0.00,95,14.8,16.9,0.00,0.00,0.00,3,80,31,0,71,1.5,243,104,1.6,9.7,1,3600.00,1019.4,1005.3
2021-09-12T09:00,17.2,0.00,87,15.1,18.9,0.00,0.00,0.00,2,60,54,0,12,0.4,180,180,0.4,10.1,1,3600.00,1019.8,1005.8
2021-09-12T10:00,19.0,0.00,78,15.0,20.4,0.00,0.00,0.00,2,72,72,0,2,1.5,225,225,2.0,11.5,1,3600.00,1019.7,1005.7
2021-09-12T11:00,20.7,0.00,67,14.3,21.9,0.00,0.00,0.00,3,91,90,0,3,3.5,246,246,4.3,15.1,1,3600.00,1019.6,1005.7
2021-09-12T12:00,21.5,0.00,59,13.1,22.2,0.00,0.00,0.00,3,81,74,0,29,4.7,266,266,5.8,16.6,1,3600.00,1019.1,1005.3
2021-09-12T13:00,21.8,0.00,60,13.6,22.4,0.00,0.00,0.00,3,88,75,0,58,4.8,280,283,6.2,17.3,1,3600.00,1018.6,1004.8
2021-09-12T14:00,22.4,0.00,56,13.2,22.9,0.00,0.00,0.00,3,90,88,3,14,3.3,299,311,4.5,15.5,1,3600.00,1018.0,1004.2
2021-09-12T15:00,23.0,0.00,52,12.7,23.4,0.00,0.00,0.00,2,63,63,0,1,3.1,294,306,4.3,13.7,1,3600.00,1017.4,1003.7
2021-09-12T16:00,23.2,0.00,50,12.2,23.5,0.00,0.00,0.00,0,3,1,3,0,2.7,323,337,3.6,12.2,1,3600.00,1016.9,1003.2
2021-09-12T17:00,23.1,0.00,51,12.3,23.4,0.00,0.00,0.00,0,10,4,5,2,2.9,49,60,3.3,10.1,1,3600.00,1016.5,1002.8
2021-09-12T18:00,20.8,0.00,68,14.7,21.7,0.00,0.00,0.00,0,7,0,0,7,4.7,92,94,9.4,9.0,1,3600.00,1016.4,1002.6
2021-09-12T19:00,18.3,0.00,74,13.6,18.6,0.00,0.00,0.00,2,77,69,23,25,5.9,87,76,6.5,10.1,0,185.69,1016.7,1002.8
2021-09-12T20:00,17.3,0.00,81,13.9,17.8,0.00,0.00,0.00,3,96,95,5,30,5.2,49,56,7.1,8.3,0,0.00,1017.2,1003.2
2021-09-12T21:00,16.8,0.00,80,13.3,17.1,0.00,0.00,0.00,3,98,97,1,22,5.6,41,50,11.5,10.8,0,0.00,1017.7,1003.7
2021-09-12T22:00,15.6,0.00,84,13.0,15.8,0.00,0.00,0.00,3,98,98,1,12,4.8,27,48,11.3,11.2,0,0.00,1017.8,1003.7
2021-09-12T23:00,15.5,0.00,84,12.8,15.7,0.00,0.00,0.00,3,99,99,2,7,4.5,25,61,9.5,9.7,0,0.00,1018.1,1004.0
2021-09-13T00:00,14.6,0.00,88,12.7,14.9,0.00,0.00,0.00,3,97,96,3,9,3.5,49,66,7.1,9.0,0,0.00,1018.2,1004.1
2021-09-13T01:00,14.3,0.00,91,12.8,14.4,0.00,0.00,0.00,3,97,98,2,20,4.8,11,48,5.9,6.8,0,0.00,1018.3,1004.1
2021-09-13T02:00,13.4,0.00,94,12.4,13.5,0.00,0.00,0.00,3,96,96,2,3,4.3,17,48,4.9,6.8,0,0.00,1018.1,1003.9
2021-09-13T03:00,13.2,0.00,94,12.2,13.4,0.00,0.00,0.00,3,91,91,2,7,3.6,112,90,5.8,6.8,0,0.00,1017.9,1003.7
2021-09-13T04:00,12.4,0.00,95,11.6,12.3,0.00,0.00,0.00,2,78,76,1,7,4.4,127,81,5.4,7.6,0,0.00,1017.9,1003.7
2021-09-13T05:00,12.3,0.00,94,11.3,12.2,0.00,0.00,0.00,2,60,60,1,1,3.3,125,84,4.4,7.2,0,0.00,1017.8,1003.5
2021-09-13T06:00,11.7,0.00,95,10.9,11.4,0.00,0.00,0.00,1,49,46,1,6,3.8,111,73,3.1,6.5,1,0.00,1017.7,1003.4
2021-09-13T07:00,13.5,0.00,90,11.9,13.7,0.00,0.00,0.00,3,83,81,1,7,2.7,72,67,2.3,5.8,1,1454.47,1018.1,1003.9
2021-09-13T08:00,16.2,0.00,81,13.0,17.0,0.00,0.00,0.00,2,77,72,1,18,1.0,9,315,2.2,6.8,1,3600.00,1018.5,1004.4
2021-09-13T09:00,18.6,0.00,74,13.8,19.5,0.00,0.00,0.00,2,55,41,1,25,2.2,7,351,2.9,11.2,1,3600.00,1018.7,1004.7
2021-09-13T10:00,20.1,0.00,70,14.5,21.3,0.00,0.00,0.00,1,28,9,0,21,1.8,27,360,2.4,11.5,1,3600.00,1018.9,1005.0
2021-09-13T11:00,21.7,0.00,64,14.6,22.9,0.00,0.00,0.00,0,9,3,0,6,1.8,9,349,2.2,11.9,1,3600.00,1018.8,1005.0
2021-09-13T12:00,22.9,0.00,59,14.4,24.8,0.00,0.00,0.00,0,12,0,0,12,0.8,315,297,1.0,12.2,1,3600.00,1018.3,1004.5
2021-09-13T13:00,23.8,0.00,54,14.0,25.1,0.00,0.00,0.00,2,58,43,14,21,2.3,30,18,2.9,13.0,1,3600.00,1017.5,1003.8
2021-09-13T14:00,24.3,0.00,51,13.6,25.3,0.00,0.00,0.00,2,77,65,13,32,0.8,56,27,1.3,11.9,1,3600.00,1016.9,1003.2
2021-09-13T15:00,24.6,0.00,49,13.1,25.1,0.00,0.00,0.00,3,99,97,26,80,2.9,197,210,3.8,11.5,1,3600.00,1016.5,1002.8
2021-09-13T16:00,24.3,0.00,50,13.2,25.2,0.00,0.00,0.00,3,98,97,11,38,0.7,207,270,0.8,11.5,1,3600.00,1016.2,1002.5
2021-09-13T17:00,23.9,0.00,53,13.6,24.6,0.00,0.00,0.00,3,99,98,10,62,2.9,11,7,3.7,6.8,1,3600.00,1016.0,1002.3
2021-09-13T18:00,21.8,0.00,68,15.5,23.0,0.00,0.00,0.00,3,88,85,9,21,4.3,2,355,10.4,8.6,1,3600.00,1016.2,1002.4
2021-09-13T19:00,19.5,0.00,71,14.1,20.0,0.00,0.00,0.00,3,93,92,10,11,5.9,16,11,13.5,11.2,0,0.00,1016.1,1002.2
2021-09-13T20:00,18.6,0.00,76,14.3,18.8,0.00,0.00,0.00,3,93,92,3,11,7.9,57,43,16.7,15.5,0,0.00,1016.3,1002.4
2021-09-13T21:00,18.2,0.00,75,13.7,18.1,0.00,0.00,0.00,3,93,92,2,7,8.9,69,58,20.1,18.4,0,0.00,1016.5,1002.5
2021-09-13T22:00,17.6,0.00,76,13.3,17.5,0.00,0.00,0.00,3,93,92,10,5,7.9,86,74,19.5,18.0,0,0.00,1016.6,1002.6
2021-09-13T23:00,17.4,0.00,78,13.4,17.4,0.00,0.00,0.00,3,88,86,16,2,7.3,93,81,18.4,16.2,0,0.00,1016.6,1002.6
2021-09-14T00:00,16.7,0.00,82,13.6,16.9,0.00,0.00,0.00,2,72,68,10,0,6.2,97,80,17.4,15.1,0,0.00,1016.3,1002.3
2021-09-14T01:00,16.3,0.00,85,13.8,16.8,0.00,0.00,0.00,3,83,75,39,10,5.3,114,62,9.8,13.3,0,0.00,1015.8,1001.8
2021-09-14T02:00,16.4,0.00,84,13.8,16.8,0.00,0.00,0.00,3,81,74,24,18,5.8,120,90,15.3,11.2,0,0.00,1015.3,1001.3
2021-09-14T03:00,15.4,0.00,89,13.7,15.7,0.00,0.00,0.00,2,64,52,25,10,6.2,133,97,12.2,11.5,0,0.00,1015.2,1001.1
2021-09-14T04:00,16.4,0.00,84,13.7,17.1,0.00,0.00,0.00,1,33,28,7,2,2.9,165,90,5.6,10.1,0,0.00,1015.4,1001.4
2021-09-14T05:00,14.0,0.00,94,13.1,14.2,0.00,0.00,0.00,2,61,58,1,6,5.5,131,79,6.6,7.2,0,0.00,1015.2,1001.1
2021-09-14T06:00,13.6,0.00,94,12.7,13.6,0.00,0.00,0.00,2,72,72,0,0,6.2,145,100,7.5,9.0,0,0.00,1015.3,1001.1
2021-09-14T07:00,15.6,0.00,89,13.8,16.3,0.00,0.00,0.00,0,10,8,0,2,4.0,148,95,6.8,9.0,1,1553.45,1015.5,1001.4
2021-09-14T08:00,18.2,0.00,80,14.8,19.1,0.00,0.00,0.00,3,87,87,2,0,4.5,112,104,8.6,11.9,1,3600.00,1015.6,1001.7
2021-09-14T09:00,20.5,0.00,74,15.6,21.8,0.00,0.00,0.00,3,86,86,1,0,4.1,130,135,5.6,13.7,1,3600.00,1015.5,1001.7
2021-09-14T10:00,22.4,0.00,68,16.1,23.9,0.00,0.00,0.00,3,89,89,0,0,4.0,164,175,5.2,14.4,1,3600.00,1015.6,1001.9
2021-09-14T11:00,24.0,0.00,63,16.5,25.7,0.00,0.00,0.00,2,64,64,0,0,4.0,168,175,5.2,15.1,1,3600.00,1015.5,1001.8
2021-09-14T12:00,25.4,0.00,57,16.3,27.5,0.00,0.00,0.00,3,88,88,0,0,5.1,180,184,6.5,16.6,1,3600.00,1015.1,1001.5
2021-09-14T13:00,25.2,0.00,59,16.6,27.7,0.00,0.00,0.00,3,97,100,1,5,4.0,176,180,5.1,17.6,1,3600.00,1014.8,1001.2
2021-09-14T14:00,25.6,0.00,57,16.4,26.7,0.00,0.00,0.00,3,100,100,0,7,7.9,202,204,10.5,20.9,1,3600.00,1014.7,1001.1
2021-09-14T15:00,25.2,0.00,58,16.4,26.4,0.00,0.00,0.00,3,100,99,68,2,6.9,206,208,9.2,21.6,1,2013.58,1014.4,1000.8
2021-09-14T16:00,25.2,0.00,58,16.4,26.5,0.00,0.00,0.00,3,89,86,34,0,6.2,189,190,9.1,16.9,1,3247.20,1014.0,1000.4
2021-09-14T17:00,24.5,0.00,63,17.0,25.9,0.00,0.00,0.00,3,88,82,42,1,7.4,217,219,14.4,18.4,1,3600.00,1014.5,1000.9
2021-09-14T18:00,22.2,0.00,81,18.8,24.8,0.00,0.00,0.00,3,99,98,30,1,4.7,191,148,7.7,16.9,1,3583.65,1014.5,1000.8
2021-09-14T19:00,20.6,0.00,80,17.0,22.3,0.00,0.00,0.00,3,94,94,10,1,4.8,147,117,8.6,9.4,0,0.00,1014.2,1000.4
2021-09-14T20:00,19.4,0.00,85,16.8,21.2,0.00,0.00,0.00,3,98,98,25,0,4.4,178,125,9.0,9.7,0,0.00,1014.4,1000.5
2021-09-14T21:00,19.8,0.00,82,16.6,21.1,0.00,0.00,0.00,3,100,99,98,0,6.9,160,118,11.5,13.7,0,0.00,1014.3,1000.5
2021-09-14T22:00,20.0,0.00,81,16.5,21.5,0.00,0.00,0.00,3,98,95,85,1,5.1,166,135,13.0,15.1,0,0.00,1014.3,1000.5
2021-09-14T23:00,19.4,0.20,83,16.5,21.1,0.20,0.00,0.00,51,99,98,89,4,3.8,190,131,10.6,15.8,0,0.00,1015.1,1001.2
2021-09-15T00:00,19.3,0.30,85,16.8,21.2,0.30,0.00,0.00,51,100,100,81,2,3.6,193,127,9.3,17.6,0,0.00,1015.0,1001.1
2021-09-15T01:00,20.2,0.00,84,17.4,21.6,0.00,0.00,0.00,3,100,97,78,4,8.4,159,130,15.4,13.0,0,0.00,1014.0,1000.2
2021-09-15T02:00,20.0,0.00,84,17.2,21.1,0.00,0.00,0.00,3,100,99,99,25,9.7,152,135,20.5,20.5,0,0.00,1013.5,999.7
2021-09-15T03:00,19.7,0.10,86,17.3,21.1,0.10,0.00,0.00,51,100,100,34,11,8.4,153,140,18.5,20.2,0,0.00,1013.4,999.6
2021-09-15T04:00,19.1,0.00,89,17.3,20.6,0.00,0.00,0.00,3,100,100,88,0,7.2,183,143,15.5,17.3,0,0.00,1013.0,999.1
2021-09-15T05:00,19.4,0.20,88,17.4,20.8,0.20,0.00,0.00,51,100,100,100,0,8.2,219,203,18.9,18.4,0,0.00,1013.1,999.3
2021-09-15T06:00,19.3,0.50,89,17.5,20.6,0.50,0.00,0.00,53,100,100,91,0,9.5,205,191,20.3,21.6,0,0.00,1013.2,999.3
2021-09-15T07:00,18.9,0.20,91,17.4,20.2,0.20,0.00,0.00,51,100,100,100,0,8.7,215,204,19.7,21.6,1,0.00,1013.4,999.5
2021-09-15T08:00,19.0,0.20,92,17.6,20.6,0.20,0.00,0.00,51,100,100,99,6,7.8,209,193,16.9,19.8,1,0.00,1013.4,999.5
2021-09-15T09:00,19.4,0.20,89,17.6,20.7,0.20,0.00,0.00,51,100,100,100,3,9.9,200,190,17.2,20.5,1,0.00,1013.7,999.8
2021-09-15T10:00,19.4,0.30,90,17.8,21.0,0.30,0.00,0.00,51,100,99,100,0,8.0,198,188,15.1,22.3,1,0.00,1013.9,1000.0
2021-09-15T11:00,19.4,0.50,91,17.9,21.1,0.50,0.00,0.00,53,100,86,99,11,7.9,196,183,15.4,19.1,1,0.00,1013.9,1000.0
2021-09-15T12:00,20.6,0.20,81,17.3,21.0,0.20,0.00,0.00,51,100,99,92,38,15.0,210,210,21.3,33.1,1,0.00,1013.7,999.9
2021-09-15T13:00,20.0,0.50,91,18.5,22.0,0.50,0.00,0.00,53,100,98,61,12,7.4,203,194,14.5,36.4,1,0.00,1013.8,1000.0
2021-09-15T14:00,21.4,0.10,80,17.9,22.6,0.10,0.00,0.00,51,99,99,64,29,11.3,210,211,15.8,25.6,1,1309.93,1012.7,999.0
2021-09-15T15:00,21.1,0.30,78,17.1,21.5,0.30,0.00,0.00,51,100,97,100,39,14.2,213,216,20.6,31.3,1,0.00,1012.8,999.0
2021-09-15T16:00,20.3,0.30,85,17.8,21.5,0.30,0.00,0.00,51,98,95,89,1,11.4,212,204,19.1,31.0,1,0.00,1012.7,998.9
2021-09-15T17:00,20.5,0.00,84,17.7,21.8,0.00,0.00,0.00,3,96,95,58,2,10.4,220,214,17.9,23.8,1,425.55,1012.7,998.9
2021-09-15T18:00,19.8,0.10,87,17.6,21.2,0.10,0.00,0.00,51,99,95,86,11,8.9,222,220,17.1,22.0,1,0.00,1012.9,999.1
2021-09-15T19:00,18.6,0.10,93,17.5,20.4,0.10,0.00,0.00,51,87,85,34,4,6.2,204,190,14.2,19.1,0,0.00,1013.2,999.3
2021-09-15T20:00,18.5,0.00,95,17.6,19.8,0.00,0.00,0.00,3,94,86,62,23,9.4,222,212,20.4,20.9,0,0.00,1013.8,999.9
2021-09-15T21:00,18.2,0.00,95,17.4,19.8,0.00,0.00,0.00,3,81,43,58,45,7.7,229,221,18.1,20.9,0,0.00,1013.8,999.9
2021-09-15T22:00,18.2,0.00,96,17.5,19.6,0.00,0.00,0.00,3,100,98,99,21,9.1,223,214,19.6,19.4,0,0.00,1013.8,999.9
2021-09-15T23:00,18.1,0.00,96,17.5,19.3,0.00,0.00,0.00,3,87,83,30,26,10.0,228,221,20.4,20.9,0,0.00,1014.0,1000.1
2021-09-16T00:00,17.8,0.10,97,17.2,18.9,0.10,0.00,0.00,51,97,93,67,38,9.7,229,225,19.9,20.9,0,0.00,1014.2,1000.3
2021-09-16T01:00,17.3,0.40,98,17.0,19.0,0.40,0.00,0.00,51,100,86,35,49,4.8,283,257,10.0,23.0,0,0.00,1014.5,1000.5
2021-09-16T02:00,17.4,0.10,98,17.0,19.3,0.10,0.00,0.00,51,98,79,54,90,3.6,306,270,6.7,9.4,0,0.00,1014.7,1000.7
2021-09-16T03:00,17.4,0.10,98,17.1,19.6,0.10,0.00,0.00,51,100,82,65,100,1.8,225,169,3.1,6.8,0,0.00,1014.5,1000.5
2021-09-16T04:00,17.5,0.10,98,17.1,20.0,0.10,0.00,0.00,51,100,98,22,100,0.4,278,360,2.5,5.0,0,0.00,1014.3,1000.3
2021-09-16T05:00,17.5,0.30,98,17.1,18.9,0.30,0.00,0.00,51,100,100,22,100,7.6,336,335,13.4,13.7,0,0.00,1014.4,1000.4
2021-09-16T06:00,16.9,0.30,95,16.1,17.3,0.30,0.00,0.00,51,100,87,55,100,11.7,345,342,20.9,24.8,0,0.00,1014.6,1000.6
2021-09-16T07:00,16.6,0.20,95,15.9,16.8,0.20,0.00,0.00,51,100,25,86,100,12.4,342,338,21.5,25.9,1,0.00,1015.1,1001.1
2021-09-16T08:00,16.8,0.10,91,15.2,16.6,0.10,0.00,0.00,51,100,8,92,100,13.0,341,336,21.7,28.8,1,0.00,1015.7,1001.7
2021-09-16T09:00,17.1,0.00,86,14.8,16.9,0.00,0.00,0.00,3,100,35,82,100,11.9,339,335,17.3,27.7,1,1032.72,1016.2,1002.2
2021-09-16T10:00,17.6,0.00,83,14.7,17.5,0.00,0.00,0.00,2,78,27,31,66,11.3,340,338,16.1,27.0,1,2017.26,1016.5,1002.5
2021-09-16T11:00,18.5,0.00,77,14.3,18.2,0.00,0.00,0.00,3,91,67,68,28,11.1,333,331,15.3,28.1,1,3600.00,1016.8,1002.9
2021-09-16T12:00,18.8,0.00,71,13.3,18.3,0.00,0.00,0.00,2,73,6,65,41,10.6,328,325,14.4,27.4,1,3600.00,1016.8,1002.9
2021-09-16T13:00,18.3,0.00,68,12.2,16.9,0.00,0.00,0.00,3,88,4,1,100,14.0,332,331,19.2,29.5,1,3600.00,1017.3,1003.3
2021-09-16T14:00,18.7,0.00,64,11.8,17.6,0.00,0.00,0.00,3,95,58,0,89,11.6,329,330,16.0,32.8,1,3600.00,1017.0,1003.1
2021-09-16T15:00,19.0,0.00,60,11.1,17.9,0.00,0.00,0.00,0,15,2,0,13,9.4,338,337,13.2,28.1,1,2552.55,1016.8,1002.9
2021-09-16T16:00,19.3,0.00,56,10.4,17.3,0.00,0.00,0.00,3,92,0,0,92,14.0,338,337,20.2,31.0,1,3600.00,1016.5,1002.6
2021-09-16T17:00,18.2,0.00,60,10.4,16.5,0.00,0.00,0.00,1,31,0,0,31,12.7,353,353,20.3,34.6,1,3600.00,1016.6,1002.6
2021-09-16T18:00,17.5,0.00,66,11.1,17.0,0.00,0.00,0.00,2,53,0,3,53,5.8,359,360,14.0,27.7,1,3600.00,1017.0,1003.0
2021-09-16T19:00,16.7,0.00,68,10.8,15.8,0.00,0.00,0.00,1,41,0,11,41,7.8,8,13,17.5,17.6,0,0.00,1017.3,1003.3
2021-09-16T20:00,15.8,0.00,71,10.7,15.2,0.00,0.00,0.00,1,36,0,10,35,5.9,354,14,14.8,16.6,0,0.00,1017.7,1003.6
2021-09-16T21:00,15.4,0.00,73,10.6,14.7,0.00,0.00,0.00,1,31,0,7,30,5.8,351,7,15.7,13.3,0,0.00,1017.8,1003.7
2021-09-16T22:00,14.4,0.00,80,11.0,13.8,0.00,0.00,0.00,1,27,0,7,26,5.9,350,14,12.4,12.6,0,0.00,1017.8,1003.6
2021-09-16T23:00,13.4,0.00,86,11.1,12.7,0.00,0.00,0.00,0,16,0,7,16,7.2,341,360,11.0,11.2,0,0.00,1017.9,1003.7
2021-09-17T00:00,13.9,0.00,83,11.0,13.4,0.00,0.00,0.00,0,10,0,6,10,6.0,336,335,9.8,11.2,0,0.00,1018.0,1003.8
2021-09-17T01:00,15.4,0.00,75,10.9,15.2,0.00,0.00,0.00,0,7,0,0,9,3.3,331,6,6.6,10.1,0,0.00,1018.3,1004.2
2021-09-17T02:00,14.8,0.00,78,11.0,14.4,0.00,0.00,0.00,0,4,0,0,4,4.3,315,336,7.1,6.5,0,0.00,1018.2,1004.1
2021-09-17T03:00,11.6,0.00,91,10.2,10.7,0.00,0.00,0.00,0,14,0,3,14,6.5,345,6,10.0,10.4,0,0.00,1017.9,1003.6
2021-09-17T04:00,12.1,0.00,90,10.4,11.3,0.00,0.00,0.00,1,29,0,12,28,5.8,355,22,9.0,10.4,0,0.00,1017.6,1003.3
2021-09-17T05:00,13.9,0.00,82,10.9,13.6,0.00,0.00,0.00,1,24,0,16,23,3.5,354,24,6.5,9.4,0,0.00,1017.3,1003.1
2021-09-17T06:00,13.8,0.00,83,10.9,13.8,0.00,0.00,0.00,0,11,0,10,5,1.3,355,56,4.0,6.5,0,0.00,1017.1,1002.9
2021-09-17T07:00,13.1,0.00,93,12.0,13.7,0.00,0.00,0.00,0,1,0,1,0,0.4,349,90,1.8,3.6,1,980.36,1017.4,1003.2
2021-09-17T08:00,14.9,0.00,83,12.0,15.3,0.00,0.00,0.00,0,2,0,0,2,1.5,180,194,1.8,7.9,1,3600.00,1017.4,1003.3
2021-09-17T09:00,16.5,0.00,79,12.8,17.0,0.00,0.00,0.00,0,7,0,2,6,2.6,193,196,3.3,12.2,1,3600.00,1017.4,1003.4
2021-09-17T10:00,18.0,0.00,73,13.0,18.4,0.00,0.00,0.00,0,7,0,6,6,3.3,225,229,4.1,14.0,1,3600.00,1017.5,1003.5
2021-09-17T11:00,19.0,0.00,65,12.3,19.0,0.00,0.00,0.00,1,33,0,18,32,4.5,255,256,5.6,16.2,1,3600.00,1017.1,1003.2
2021-09-17T12:00,19.4,0.00,61,11.7,19.2,0.00,0.00,0.00,2,68,0,57,63,5.0,267,270,6.1,16.9,1,3600.00,1016.7,1002.8
2021-09-17T13:00,19.4,0.00,62,11.9,19.4,0.00,0.00,0.00,2,64,0,36,15,3.8,312,311,4.8,16.6,1,3600.00,1016.8,1002.9
2021-09-17T14:00,19.8,0.00,59,11.6,19.6,0.00,0.00,0.00,2,51,0,38,40,4.6,325,321,5.7,15.5,1,3600.00,1016.5,1002.6
2021-09-17T15:00,19.8,0.00,59,11.6,19.4,0.00,0.00,0.00,1,32,23,12,1,5.9,323,322,7.2,16.2,1,3600.00,1015.9,1002.0
2021-09-17T16:00,19.6,0.00,59,11.5,19.2,0.00,0.00,0.00,1,48,37,18,1,5.8,332,330,7.7,16.6,1,3600.00,1015.7,1001.8
2021-09-17T17:00,19.4,0.00,61,11.7,19.3,0.00,0.00,0.00,1,41,38,5,0,4.2,347,340,6.6,14.8,1,3600.00,1015.4,1001.5
2021-09-17T18:00,17.2,0.00,78,13.3,17.5,0.00,0.00,0.00,1,46,44,4,0,5.4,5,360,8.3,10.4,1,3600.00,1015.1,1001.1
2021-09-17T19:00,14.9,0.00,81,11.6,14.4,0.00,0.00,0.00,2,51,49,3,0,6.9,31,43,8.4,10.4,0,0.00,1015.2,1001.1
2021-09-17T20:00,14.2,0.00,83,11.4,14.0,0.00,0.00,0.00,3,91,91,1,0,4.3,52,66,6.4,10.1,0,0.00,1015.7,1001.6
2021-09-17T21:00,13.9,0.00,85,11.4,13.6,0.00,0.00,0.00,3,92,92,0,0,4.5,77,76,6.3,9.7,0,0.00,1015.9,1001.7
2021-09-17T22:00,12.7,0.00,90,11.1,12.4,0.00,0.00,0.00,1,46,46,0,0,4.7,97,81,6.2,10.4,0,0.00,1016.1,1001.9
2021-09-17T23:00,11.9,0.00,92,10.6,11.6,0.00,0.00,0.00,0,4,3,1,0,3.7,94,79,5.1,10.1,0,0.00,1016.4,1002.1
2021-09-18T00:00,11.5,0.00,91,10.1,11.2,0.00,0.00,0.00,2,69,68,1,0,2.6,90,74,2.9,8.6,0,0.00,1016.3,1002.0
2021-09-18T01:00,11.3,0.00,90,9.6,10.6,0.00,0.00,0.00,2,67,75,1,5,4.0,7,63,2.9,6.1,0,0.00,1016.7,1002.4
2021-09-18T02:00,11.9,0.00,85,9.5,11.0,0.00,0.00,0.00,3,87,87,3,0,4.8,17,63,7.5,8.6,0,0.00,1016.6,1002.3
2021-09-18T03:00,12.3,0.00,82,9.4,11.5,0.00,0.00,0.00,3,85,85,1,0,4.4,42,99,4.3,9.0,0,0.00,1016.4,1002.2
2021-09-18T04:00,12.6,0.00,81,9.4,11.8,0.00,0.00,0.00,2,78,77,3,0,4.3,162,156,3.4,6.8,0,0.00,1016.4,1002.2
2021-09-18T05:00,12.0,0.00,83,9.2,11.1,0.00,0.00,0.00,2,55,52,5,4,4.5,148,104,3.4,6.1,0,0.00,1016.4,1002.1
2021-09-18T06:00,10.5,0.00,90,8.8,9.4,0.00,0.00,0.00,1,27,22,4,8,5.2,124,78,3.9,8.3,0,0.00,1016.6,1002.3
2021-09-18T07:00,12.3,0.00,85,9.8,11.5,0.00,0.00,0.00,0,15,6,6,6,4.6,99,72,4.7,9.0,1,734.33,1016.9,1002.7
2021-09-18T08:00,14.9,0.00,77,10.9,14.7,0.00,0.00,0.00,0,16,4,12,0,3.3,90,77,5.4,10.8,1,3600.00,1016.9,1002.8
2021-09-18T09:00,17.0,0.00,70,11.4,17.3,0.00,0.00,0.00,0,7,0,7,0,0.7,90,90,1.1,10.1,1,3600.00,1017.2,1003.2
2021-09-18T10:00,18.6,0.00,65,11.9,19.0,0.00,0.00,0.00,0,3,0,2,0,0.7,315,270,0.5,9.7,1,3600.00,1017.2,1003.3
2021-09-18T11:00,19.8,0.00,62,12.3,20.5,0.00,0.00,0.00,0,4,0,1,4,1.0,342,315,1.1,11.2,1,3600.00,1017.0,1003.1
2021-09-18T12:00,20.7,0.00,57,12.0,21.4,0.00,0.00,0.00,2,67,8,24,59,1.8,360,349,2.5,12.2,1,3600.00,1016.6,1002.8
2021-09-18T13:00,20.0,0.00,63,12.9,20.1,0.00,0.00,0.00,3,86,20,44,18,5.3,32,28,6.8,13.0,1,3600.00,1016.6,1002.7
2021-09-18T14:00,20.9,0.00,57,12.0,21.1,0.00,0.00,0.00,1,38,32,20,11,2.9,38,30,4.1,16.9,1,3600.00,1016.1,1002.3
2021-09-18T15:00,21.3,0.00,54,11.6,21.4,0.00,0.00,0.00,1,49,42,11,10,2.6,41,34,3.3,13.0,1,3600.00,1015.7,1001.9
2021-09-18T16:00,21.2,0.00,54,11.7,21.2,0.00,0.00,0.00,1,23,17,4,11,3.9,37,34,5.4,11.5,1,3600.00,1015.1,1001.3
2021-09-18T17:00,20.8,0.00,59,12.5,20.9,0.00,0.00,0.00,1,42,5,11,38,4.1,19,15,7.6,11.9,1,3600.00,1014.8,1001.0
2021-09-18T18:00,19.0,0.00,68,12.8,19.0,0.00,0.00,0.00,1,47,1,24,45,5.8,31,22,13.9,11.2,1,3600.00,1014.7,1000.8
2021-09-18T19:00,17.8,0.00,69,12.0,16.9,0.00,0.00,0.00,1,30,0,13,29,10.1,59,55,22.3,20.5,0,0.00,1014.8,1000.9
2021-09-18T20:00,16.9,0.00,70,11.5,16.0,0.00,0.00,0.00,1,34,0,9,33,9.4,68,67,21.3,20.9,0,0.00,1015.0,1001.0
2021-09-18T21:00,16.2,0.00,73,11.3,14.9,0.00,0.00,0.00,0,6,0,5,5,11.5,76,76,25.2,23.4,0,0.00,1015.2,1001.2
2021-09-18T22:00,15.6,0.00,72,10.5,14.0,0.00,0.00,0.00,0,4,0,4,3,11.9,88,87,26.3,25.2,0,0.00,1015.3,1001.2
2021-09-18T23:00,14.9,0.00,73,10.2,13.2,0.00,0.00,0.00,0,3,0,3,1,12.2,92,90,25.9,25.2,0,0.00,1015.0,1000.9
2021-09-19T00:00,14.4,0.00,75,10.1,12.7,0.00,0.00,0.00,0,2,0,2,2,11.9,93,92,25.6,25.9,0,0.00,1014.9,1000.8
2021-09-19T01:00,14.0,0.00,77,10.1,12.3,0.00,0.00,0.00,0,2,0,1,1,12.2,95,92,26.4,24.8,0,0.00,1015.0,1000.9
2021-09-19T02:00,13.4,0.00,80,10.1,11.6,0.00,0.00,0.00,0,1,0,1,1,12.6,94,90,26.7,26.3,0,0.00,1014.7,1000.5
2021-09-19T03:00,13.1,0.00,82,10.1,11.3,0.00,0.00,0.00,0,2,0,0,2,12.6,90,87,27.0,27.0,0,0.00,1014.3,1000.1
2021-09-19T04:00,12.9,0.00,83,10.1,11.2,0.00,0.00,0.00,0,0,0,0,0,11.5,89,86,25.6,26.6,0,0.00,1013.9,999.7
2021-09-19T05:00,12.5,0.00,86,10.2,11.1,0.00,0.00,0.00,0,0,0,0,0,9.9,86,80,23.5,24.8,0,0.00,1013.7,999.5
2021-09-19T06:00,11.9,0.00,88,10.0,10.8,0.00,0.00,0.00,0,0,0,0,0,7.6,87,82,20.9,21.6,0,0.00,1013.9,999.7
2021-09-19T07:00,12.5,0.00,86,10.3,11.7,0.00,0.00,0.00,0,2,2,0,0,6.5,90,84,16.9,17.3,1,925.09,1014.2,1000.0
2021-09-19T08:00,14.2,0.00,80,10.8,13.2,0.00,0.00,0.00,0,0,0,0,0,8.3,88,88,13.0,19.1,1,3600.00,1014.3,1000.2
2021-09-19T09:00,15.9,0.00,75,11.5,15.1,0.00,0.00,0.00,0,0,0,0,0,8.3,87,88,11.9,21.6,1,3600.00,1014.1,1000.1
2021-09-19T10:00,17.5,0.00,70,12.0,17.0,0.00,0.00,0.00,0,0,0,0,0,7.2,86,84,10.1,21.2,1,3600.00,1014.0,1000.0
2021-09-19T11:00,18.9,0.00,64,12.0,18.7,0.00,0.00,0.00,1,26,0,0,26,6.8,90,93,9.0,20.9,1,3600.00,1013.8,999.9
2021-09-19T12:00,20.0,0.00,57,11.3,20.0,0.00,0.00,0.00,2,77,0,0,77,5.8,90,90,7.6,20.2,1,3600.00,1013.5,999.7
2021-09-19T13:00,19.5,0.00,59,11.2,19.3,0.00,0.00,0.00,3,100,0,0,71,4.3,86,85,5.8,18.0,1,3600.00,1013.9,1000.0
2021-09-19T14:00,20.1,0.00,55,10.8,19.7,0.00,0.00,0.00,3,80,0,1,80,4.1,45,38,5.1,15.1,1,3600.00,1013.5,999.7
2021-09-19T15:00,20.0,0.00,55,10.8,19.4,0.00,0.00,0.00,3,88,0,85,87,5.9,14,11,7.4,16.2,1,3600.00,1013.4,999.6
2021-09-19T16:00,19.6,0.00,57,11.0,18.7,0.00,0.00,0.00,2,79,0,59,77,8.4,33,31,11.2,19.4,1,3600.00,1013.6,999.8
2021-09-19T17:00,18.8,0.00,62,11.3,18.0,0.00,0.00,0.00,0,18,0,17,6,8.4,46,43,14.0,20.2,1,3600.00,1013.7,999.8
2021-09-19T18:00,17.2,0.00,69,11.4,16.4,0.00,0.00,0.00,1,20,0,9,19,8.0,41,36,16.6,19.1,1,3532.60,1014.1,1000.1
2021-09-19T19:00,15.4,0.00,76,11.1,14.6,0.00,0.00,0.00,1,22,0,9,21,7.8,58,56,17.8,16.9,0,0.00,1014.9,1000.8
2021-09-19T20:00,14.4,0.00,80,11.0,13.7,0.00,0.00,0.00,1,25,0,6,24,6.8,91,93,16.9,16.2,0,0.00,1015.6,1001.5
2021-09-19T21:00,14.1,0.00,82,11.0,13.5,0.00,0.00,0.00,3,91,0,4,91,5.7,113,108,14.5,14.8,0,0.00,1015.8,1001.7
2021-09-19T22:00,14.0,0.00,82,11.0,13.4,0.00,0.00,0.00,3,100,0,3,100,6.2,118,111,14.7,13.3,0,0.00,1016.3,1002.2
2021-09-19T23:00,13.7,0.00,82,10.7,12.9,0.00,0.00,0.00,2,78,0,1,78,6.6,104,99,15.2,13.7,0,0.00,1016.4,1002.2
2021-09-20T00:00,13.3,0.00,80,9.9,12.3,0.00,0.00,0.00,1,46,0,2,46,6.4,105,106,15.3,14.0,0,0.00,1016.8,1002.6
2021-09-20T01:00,13.0,0.00,79,9.5,11.7,0.00,0.00,0.00,2,56,0,4,78,7.9,114,114,16.6,14.0,0,0.00,1017.2,1003.0
2021-09-20T02:00,13.1,0.00,76,9.0,11.6,0.00,0.00,0.00,2,58,9,1,53,8.9,112,111,17.4,18.0,0,0.00,1017.3,1003.1
2021-09-20T03:00,12.6,0.00,78,8.8,11.0,0.00,0.00,0.00,3,92,13,8,91,8.9,113,111,18.4,19.1,0,0.00,1017.5,1003.3
2021-09-20T04:00,12.3,0.00,79,8.7,10.9,0.00,0.00,0.00,3,100,26,23,100,6.9,121,118,16.0,18.0,0,0.00,1017.5,1003.2
2021-09-20T05:00,12.4,0.00,79,8.8,11.0,0.00,0.00,0.00,3,94,64,16,83,7.3,123,110,14.6,15.5,0,0.00,1017.6,1003.4
2021-09-20T06:00,12.1,0.00,80,8.8,10.7,0.00,0.00,0.00,3,100,54,10,100,7.6,114,95,13.0,15.1,0,0.00,1017.7,1003.4
2021-09-20T07:00,12.7,0.00,78,9.0,11.2,0.00,0.00,0.00,3,100,48,9,100,8.4,107,97,14.7,16.9,1,0.00,1018.1,1003.9
2021-09-20T08:00,13.4,0.00,76,9.3,11.8,0.00,0.00,0.00,3,100,54,14,100,9.4,109,108,14.5,21.2,1,0.00,1018.4,1004.2
2021-09-20T09:00,14.2,0.00,76,10.0,12.9,0.00,0.00,0.00,3,100,73,17,100,8.9,116,117,12.4,21.6,1,0.00,1018.7,1004.5
2021-09-20T10:00,15.0,0.00,75,10.5,14.2,0.00,0.00,0.00,3,100,66,23,100,6.6,119,119,9.0,20.5,1,2213.10,1019.0,1004.9
2021-09-20T11:00,15.5,0.00,73,10.6,14.9,0.00,0.00,0.00,3,100,63,25,99,5.2,105,106,7.1,17.6,1,0.00,1019.1,1005.0
2021-09-20T12:00,16.2,0.00,69,10.5,15.8,0.00,0.00,0.00,3,97,20,22,96,4.0,83,80,5.8,15.1,1,0.00,1019.0,1004.9
2021-09-20T13:00,17.2,0.00,69,11.4,16.6,0.00,0.00,0.00,3,93,0,10,57,6.9,83,84,9.1,13.0,1,0.00,1019.5,1005.5
2021-09-20T14:00,17.4,0.00,67,11.3,16.9,0.00,0.00,0.00,3,100,0,15,100,6.1,90,93,7.9,19.8,1,3600.00,1019.5,1005.5
2021-09-20T15:00,16.9,0.00,68,10.9,16.4,0.00,0.00,0.00,3,100,0,10,100,5.1,93,98,6.8,18.0,1,0.00,1019.7,1005.6
2021-09-20T16:00,17.0,0.00,66,10.7,16.6,0.00,0.00,0.00,3,98,0,5,98,4.0,63,63,5.6,13.3,1,685.28,1019.8,1005.7
2021-09-20T17:00,17.0,0.00,66,10.6,16.4,0.00,0.00,0.00,3,100,0,5,100,5.1,47,45,7.4,11.9,1,1327.09,1020.1,1006.0
2021-09-20T18:00,16.1,0.00,68,10.2,15.1,0.00,0.00,0.00,3,93,0,4,93,7.1,53,49,13.9,14.8,1,0.00,1020.6,1006.5
2021-09-20T19:00,15.0,0.00,72,9.9,13.8,0.00,0.00,0.00,3,93,0,2,93,8.2,55,49,17.1,17.6,0,0.00,1021.5,1007.3
2021-09-20T20:00,14.5,0.00,73,9.8,13.5,0.00,0.00,0.00,3,100,0,0,100,6.9,59,51,15.5,17.6,0,0.00,1022.3,1008.1
2021-09-20T21:00,14.7,0.00,67,8.7,13.0,0.00,0.00,0.00,3,100,0,0,100,8.8,84,81,17.0,18.4,0,0.00,1022.7,1008.5
2021-09-20T22:00,14.4,0.00,62,7.1,12.4,0.00,0.00,0.00,3,100,0,0,100,8.6,91,88,16.9,19.1,0,0.00,1023.1,1008.9
2021-09-20T23:00,14.2,0.00,59,6.4,12.1,0.00,0.00,0.00,3,100,1,0,100,7.8,83,77,15.6,18.7,0,0.00,1023.8,1009.6
2021-09-21T00:00,13.9,0.00,59,6.0,11.9,0.00,0.00,0.00,3,100,0,1,100,6.8,76,65,14.5,16.2,0,0.00,1024.1,1009.8
2021-09-21T01:00,13.5,0.00,58,5.5,11.4,0.00,0.00,0.00,3,100,0,19,100,6.8,75,65,14.9,16.2,0,0.00,1024.6,1010.3
2021-09-21T02:00,13.4,0.00,58,5.3,11.3,0.00,0.00,0.00,3,97,0,0,97,6.5,78,71,14.3,14.0,0,0.00,1024.8,1010.5
2021-09-21T03:00,13.0,0.00,59,5.1,10.7,0.00,0.00,0.00,3,100,0,2,100,7.6,74,65,16.5,15.8,0,0.00,1024.9,1010.6
2021-09-21T04:00,12.8,0.00,59,5.1,10.6,0.00,0.00,0.00,3,99,10,5,99,6.9,74,62,15.4,16.6,0,0.00,1025.2,1010.9
2021-09-21T05:00,12.4,0.00,61,5.1,10.4,0.00,0.00,0.00,3,100,0,6,100,5.4,65,48,13.5,14.8,0,0.00,1025.6,1011.2
2021-09-21T06:00,12.4,0.00,60,4.9,10.3,0.00,0.00,0.00,3,99,0,4,99,6.0,67,57,14.0,13.0,0,0.00,1026.1,1011.7
2021-09-21T07:00,12.5,0.00,62,5.3,10.3,0.00,0.00,0.00,3,80,0,1,80,6.6,83,77,14.9,15.1,1,0.00,1026.8,1012.4
2021-09-21T08:00,13.0,0.00,62,5.8,10.9,0.00,0.00,0.00,2,72,0,1,72,6.6,73,68,11.3,15.8,1,1529.35,1027.5,1013.1
2021-09-21T09:00,14.2,0.00,58,6.1,12.5,0.00,0.00,0.00,2,64,0,0,64,5.0,61,60,7.4,15.8,1,3600.00,1027.8,1013.5
2021-09-21T10:00,15.2,0.00,53,5.8,13.2,0.00,0.00,0.00,2,71,7,0,69,6.9,45,43,9.2,18.4,1,3600.00,1028.2,1013.9
2021-09-21T11:00,16.0,0.00,50,5.7,13.6,0.00,0.00,0.00,1,28,0,0,28,9.0,25,23,11.9,23.4,1,3600.00,1028.6,1014.4
2021-09-21T12:00,16.6,0.00,47,5.4,14.7,0.00,0.00,0.00,0,6,0,0,6,8.1,33,32,10.7,24.1,1,3600.00,1028.6,1014.4
2021-09-21T13:00,17.0,0.00,47,5.5,15.8,0.00,0.00,0.00,3,91,55,0,43,4.9,40,36,6.1,22.7,1,3600.00,1028.9,1014.7
2021-09-21T14:00,17.3,0.00,47,5.8,15.4,0.00,0.00,0.00,3,97,97,0,0,6.8,35,32,8.8,19.8,1,3600.00,1028.8,1014.6
2021-09-21T15:00,17.3,0.00,48,6.2,15.3,0.00,0.00,0.00,3,97,97,0,2,6.9,45,43,8.7,19.8,1,3600.00,1028.3,1014.1
2021-09-21T16:00,17.0,0.00,49,6.2,14.8,0.00,0.00,0.00,1,41,36,0,7,8.4,33,31,11.2,20.2,1,3600.00,1028.5,1014.3
2021-09-21T17:00,16.5,0.00,52,6.6,14.7,0.00,0.00,0.00,3,99,99,0,7,6.0,35,33,10.1,20.2,1,3600.00,1028.6,1014.4
2021-09-21T18:00,14.7,0.00,62,7.4,13.1,0.00,0.00,0.00,3,98,98,0,20,5.8,34,30,14.3,14.4,1,1664.68,1029.1,1014.8
2021-09-21T19:00,13.4,0.00,65,6.9,11.4,0.00,0.00,0.00,3,100,100,0,14,7.8,35,34,17.6,15.5,0,0.00,1029.5,1015.1
2021-09-21T20:00,12.6,0.00,68,6.8,10.5,0.00,0.00,0.00,3,100,100,0,11,8.5,37,36,19.8,18.0,0,0.00,1029.8,1015.4
2021-09-21T21:00,12.2,0.00,69,6.7,10.2,0.00,0.00,0.00,3,100,100,0,6,7.4,46,51,18.1,17.6,0,0.00,1029.9,1015.5
2021-09-21T22:00,11.4,0.00,72,6.5,9.5,0.00,0.00,0.00,3,95,95,0,1,6.5,49,56,16.6,15.1,0,0.00,1029.9,1015.4
2021-09-21T23:00,10.7,0.00,76,6.5,8.9,0.00,0.00,0.00,3,100,100,0,0,6.0,54,65,14.2,13.7,0,0.00,1030.1,1015.6
2021-09-22T00:00,10.0,0.00,79,6.6,8.4,0.00,0.00,0.00,3,98,98,0,0,4.8,64,77,10.8,11.9,0,0.00,1029.8,1015.3
2021-09-22T01:00,9.3,0.00,83,6.6,7.3,0.00,0.00,0.00,3,89,94,0,1,8.0,82,85,12.4,9.7,0,0.00,1030.0,1015.4
2021-09-22T02:00,10.2,0.00,74,5.9,8.6,0.00,0.00,0.00,3,95,95,0,0,3.8,100,107,6.2,11.9,0,0.00,1030.1,1015.6
2021-09-22T03:00,9.8,0.00,76,5.8,8.5,0.00,0.00,0.00,3,88,88,0,0,1.8,191,127,1.8,6.5,0,0.00,1030.1,1015.5
2021-09-22T04:00,7.7,0.00,87,5.8,6.3,0.00,0.00,0.00,3,93,93,0,0,2.2,270,81,0.4,4.0,0,0.00,1029.9,1015.2
2021-09-22T05:00,7.3,0.00,90,5.7,5.8,0.00,0.00,0.00,3,90,90,0,0,2.5,74,90,2.6,6.1,0,0.00,1029.8,1015.1
2021-09-22T06:00,6.8,0.00,91,5.5,5.1,0.00,0.00,0.00,3,91,91,0,0,3.4,135,108,3.1,6.5,0,0.00,1029.7,1015.0
2021-09-22T07:00,8.1,0.00,86,6.0,6.6,0.00,0.00,0.00,3,92,92,0,0,3.8,127,107,3.6,7.6,1,15.99,1030.1,1015.5
2021-09-22T08:00,10.8,0.00,77,6.8,9.5,0.00,0.00,0.00,3,92,92,0,0,3.0,103,104,4.8,10.1,1,3600.00,1030.3,1015.8
2021-09-22T09:00,13.2,0.00,67,7.2,12.3,0.00,0.00,0.00,3,93,93,0,0,1.3,112,124,1.9,10.1,1,3600.00,1030.3,1015.9
2021-09-22T10:00,15.1,0.00,62,7.8,14.5,0.00,0.00,0.00,3,90,90,0,0,0.0,63,270,0.8,9.4,1,3600.00,1030.1,1015.8
2021-09-22T11:00,16.6,0.00,59,8.6,16.1,0.00,0.00,0.00,3,95,95,2,0,1.3,360,326,1.8,11.5,1,3600.00,1029.7,1015.5
2021-09-22T12:00,17.7,0.00,58,9.3,17.3,0.00,0.00,0.00,3,97,97,0,0,2.5,324,315,3.1,13.3,1,3600.00,1029.2,1015.1
2021-09-22T13:00,18.1,0.00,58,9.6,17.7,0.00,0.00,0.00,3,98,94,0,0,2.0,342,315,2.3,14.4,1,3600.00,1028.8,1014.7
2021-09-22T14:00,18.9,0.00,56,10.0,18.8,0.00,0.00,0.00,3,95,95,0,0,2.3,344,321,2.6,13.0,1,3600.00,1027.9,1013.8
2021-09-22T15:00,19.3,0.00,55,10.1,18.9,0.00,0.00,0.00,3,96,96,0,1,2.7,354,337,3.3,12.2,1,3600.00,1027.2,1013.2
2021-09-22T16:00,19.3,0.00,56,10.2,19.1,0.00,0.00,0.00,3,92,92,0,2,1.8,23,360,2.7,11.9,1,3600.00,1026.9,1012.9
2021-09-22T17:00,19.1,0.00,56,10.2,19.0,0.00,0.00,0.00,2,65,64,0,1,1.1,53,18,1.8,8.3,1,3600.00,1026.2,1012.2
2021-09-22T18:00,18.4,0.00,57,9.8,18.3,0.00,0.00,0.00,0,10,10,0,0,0.4,124,270,1.3,2.9,1,3142.25,1025.8,1011.7
2021-09-22T19:00,17.0,0.00,63,9.9,16.7,0.00,0.00,0.00,1,42,42,0,0,1.3,124,56,1.3,2.9,0,0.00,1025.8,1011.7
2021-09-22T20:00,12.6,0.00,85,10.1,11.9,0.00,0.00,0.00,2,52,52,0,0,4.9,82,73,2.5,8.3,0,0.00,1025.7,1011.3
2021-09-22T21:00,12.2,0.00,88,10.2,11.3,0.00,0.00,0.00,1,30,30,0,0,6.2,115,97,8.4,11.9,0,0.00,1025.8,1011.4
2021-09-22T22:00,11.6,0.00,87,9.6,10.3,0.00,0.00,0.00,0,2,2,0,0,8.0,125,98,14.5,15.8,0,0.00,1025.6,1011.2
2021-09-22T23:00,11.3,0.00,87,9.1,9.9,0.00,0.00,0.00,0,1,0,0,0,7.6,121,95,15.5,16.2,0,0.00,1025.5,1011.1
2021-09-23T00:00,10.7,0.00,88,8.8,9.3,0.00,0.00,0.00,2,63,63,0,0,7.6,118,98,15.9,15.5,0,0.00,1025.3,1010.9
2021-09-23T01:00,10.1,0.00,92,8.8,8.7,0.00,0.00,0.00,1,26,2,0,0,7.1,116,105,16.4,15.5,0,0.00,1025.3,1010.8
2021-09-23T02:00,9.3,0.00,92,8.1,7.8,0.00,0.00,0.00,0,9,9,0,0,6.8,111,90,15.4,14.4,0,0.00,1025.2,1010.7
2021-09-23T03:00,9.0,0.00,92,7.8,7.3,0.00,0.00,0.00,1,29,29,0,0,7.6,117,98,15.8,15.1,0,0.00,1024.6,1010.1
2021-09-23T04:00,9.1,0.00,92,7.8,7.3,0.00,0.00,0.00,0,14,14,0,0,8.4,125,110,19.4,16.9,0,0.00,1023.8,1009.3
2021-09-23T05:00,9.2,0.00,92,7.9,7.3,0.00,0.00,0.00,0,0,0,0,0,9.2,124,111,20.5,18.7,0,0.00,1023.1,1008.6
2021-09-23T06:00,9.1,0.00,92,7.9,7.0,0.00,0.00,0.00,1,25,25,0,0,10.8,129,116,23.1,21.6,0,0.00,1022.3,1007.8
2021-09-23T07:00,9.9,0.00,88,8.0,7.7,0.00,0.00,0.00,1,22,22,0,0,11.0,130,113,22.0,22.3,1,442.33,1022.2,1007.8
2021-09-23T08:00,12.1,0.00,80,8.8,10.6,0.00,0.00,0.00,0,0,0,0,0,8.2,145,142,15.8,22.3,1,3600.00,1022.3,1008.0
2021-09-23T09:00,14.1,0.00,74,9.5,13.2,0.00,0.00,0.00,0,0,0,0,0,5.1,171,176,6.6,19.1,1,3600.00,1022.6,1008.4
2021-09-23T10:00,15.8,0.00,70,10.3,15.0,0.00,0.00,0.00,0,0,0,0,0,6.4,208,207,8.5,19.1,1,3600.00,1022.0,1007.9
2021-09-23T11:00,17.5,0.00,65,10.8,16.7,0.00,0.00,0.00,0,0,0,0,0,7.4,228,227,9.7,21.2,1,3600.00,1021.8,1007.7
2021-09-23T12:00,19.0,0.00,60,11.1,18.5,0.00,0.00,0.00,0,0,0,0,0,8.4,218,220,11.0,22.7,1,3600.00,1020.9,1006.9
2021-09-23T13:00,19.9,0.00,55,10.7,19.1,0.00,0.00,0.00,0,0,0,0,0,10.9,214,214,14.8,28.4,1,3600.00,1020.2,1006.3
2021-09-23T14:00,20.6,0.00,54,11.1,19.7,0.00,0.00,0.00,2,60,60,0,0,10.2,223,219,13.8,28.1,1,3600.00,1019.5,1005.6
2021-09-23T15:00,21.5,0.00,52,11.2,20.1,0.00,0.00,0.00,1,33,33,0,0,11.8,207,203,16.6,27.4,1,3600.00,1018.4,1004.6
2021-09-23T16:00,21.8,0.00,49,10.5,19.9,0.00,0.00,0.00,0,0,0,0,0,14.2,220,216,22.2,32.0,1,3600.00,1017.6,1003.8
2021-09-23T17:00,20.8,0.00,54,11.2,19.5,0.00,0.00,0.00,0,0,0,0,0,11.5,233,229,22.4,32.0,1,3600.00,1017.3,1003.5
2021-09-23T18:00,19.0,0.00,59,10.7,17.4,0.00,0.00,0.00,0,1,1,0,0,12.1,251,247,26.0,26.3,1,3013.17,1017.3,1003.4
2021-09-23T19:00,17.4,0.00,65,10.7,15.9,0.00,0.00,0.00,3,85,85,0,0,11.2,257,255,25.8,26.3,0,0.00,1017.8,1003.8
2021-09-23T20:00,16.0,0.00,72,11.0,14.9,0.00,0.00,0.00,3,91,91,0,0,9.4,255,247,23.5,24.5,0,0.00,1018.3,1004.2
2021-09-23T21:00,15.1,0.00,77,11.1,14.1,0.00,0.00,0.00,3,88,88,0,0,9.1,263,252,23.2,21.2,0,0.00,1018.4,1004.3
2021-09-23T22:00,14.4,0.00,80,11.0,13.5,0.00,0.00,0.00,1,27,27,0,0,8.4,272,260,22.0,20.5,0,0.00,1018.8,1004.6
2021-09-23T23:00,13.4,0.00,85,10.9,12.7,0.00,0.00,0.00,0,0,0,0,0,6.7,271,254,19.4,19.1,0,0.00,1019.1,1004.9
2021-09-24T00:00,12.2,0.00,89,10.4,11.5,0.00,0.00,0.00,0,0,0,0,0,5.7,262,235,15.3,15.8,0,0.00,1019.4,1005.1
2021-09-24T01:00,12.1,0.00,90,10.6,11.0,0.00,0.00,0.00,1,33,0,7,31,8.7,265,246,16.6,12.6,0,0.00,1019.5,1005.2
2021-09-24T02:00,12.8,0.00,89,11.1,12.5,0.00,0.00,0.00,3,100,0,18,100,4.7,263,238,14.5,16.2,0,0.00,1019.4,1005.1
2021-09-24T03:00,13.6,0.00,86,11.3,13.5,0.00,0.00,0.00,3,100,0,71,100,3.4,251,198,9.9,11.5,0,0.00,1019.0,1004.8
2021-09-24T04:00,13.9,0.00,85,11.4,13.4,0.00,0.00,0.00,3,98,0,97,93,6.3,211,167,9.2,12.2,0,0.00,1019.1,1004.9
2021-09-24T05:00,13.7,0.00,86,11.4,12.8,0.00,0.00,0.00,2,69,0,60,48,8.6,203,178,14.8,17.3,0,0.00,1019.1,1004.9
2021-09-24T06:00,13.3,0.00,89,11.5,12.6,0.00,0.00,0.00,3,83,0,76,71,7.8,215,193,16.3,17.3,0,0.00,1018.9,1004.7
2021-09-24T07:00,13.6,0.00,88,11.7,13.0,0.00,0.00,0.00,3,91,0,88,68,7.3,223,200,15.3,15.8,1,0.00,1019.1,1004.9
2021-09-24T08:00,14.8,0.00,84,12.0,14.4,0.00,0.00,0.00,3,98,0,97,68,6.9,220,208,12.3,16.6,1,3440.28,1019.3,1005.1
2021-09-24T09:00,16.0,0.00,79,12.4,15.7,0.00,0.00,0.00,3,98,0,97,93,7.2,221,217,10.5,18.7,1,3211.62,1019.5,1005.4
2021-09-24T10:00,16.9,0.00,76,12.7,16.6,0.00,0.00,0.00,3,94,0,94,87,7.7,220,217,10.7,20.2,1,2616.15,1019.4,1005.3
2021-09-24T11:00,17.7,0.00,73,12.9,17.4,0.00,0.00,0.00,2,68,0,53,65,8.3,216,214,11.1,20.5,1,459.65,1019.4,1005.4
2021-09-24T12:00,19.6,0.00,65,12.9,18.9,0.00,0.00,0.00,1,47,0,21,44,10.9,241,243,14.8,27.0,1,3600.00,1019.0,1005.1
2021-09-24T13:00,20.3,0.00,62,12.9,19.6,0.00,0.00,0.00,3,100,0,8,100,10.5,240,239,14.2,27.7,1,3600.00,1018.7,1004.8
2021-09-24T14:00,21.0,0.00,57,12.3,20.1,0.00,0.00,0.00,2,67,0,1,67,11.1,242,241,15.5,26.6,1,3600.00,1018.1,1004.3
2021-09-24T15:00,21.6,0.00,54,12.0,20.7,0.00,0.00,0.00,1,35,0,2,34,10.5,245,243,14.7,26.6,1,3600.00,1017.5,1003.7
2021-09-24T16:00,21.9,0.00,52,11.5,20.9,0.00,0.00,0.00,0,7,0,1,7,10.5,245,243,15.9,25.2,1,3600.00,1016.8,1003.0
2021-09-24T17:00,20.9,0.00,57,12.1,20.2,0.00,0.00,0.00,0,3,0,0,3,9.0,220,217,17.4,24.5,1,3600.00,1016.5,1002.7
2021-09-24T18:00,18.7,0.00,64,11.8,17.8,0.00,0.00,0.00,0,10,0,0,10,9.7,204,195,22.1,20.2,1,2884.81,1016.7,1002.8
2021-09-24T19:00,17.2,0.00,70,11.7,16.6,0.00,0.00,0.00,1,22,0,0,22,7.6,216,205,20.4,21.2,0,0.00,1017.2,1003.2
2021-09-24T20:00,16.1,0.00,77,12.0,15.8,0.00,0.00,0.00,1,26,0,0,26,6.1,268,273,10.8,15.8,0,0.00,1017.8,1003.7
2021-09-24T21:00,17.5,0.00,69,11.8,17.7,0.00,0.00,0.00,0,4,0,0,4,2.6,309,74,7.4,11.2,0,0.00,1018.2,1004.2
2021-09-24T22:00,14.2,0.00,85,11.7,14.1,0.00,0.00,0.00,0,2,0,0,2,4.0,246,153,3.5,7.2,0,0.00,1018.1,1003.9
2021-09-24T23:00,13.5,0.00,87,11.5,13.3,0.00,0.00,0.00,0,1,0,0,1,4.3,180,132,3.6,7.9,0,0.00,1018.2,1004.0
2021-09-25T00:00,13.0,0.00,89,11.2,12.8,0.00,0.00,0.00,0,0,0,0,0,4.2,167,121,4.8,7.6,0,0.00,1018.0,1003.8
2021-09-25T01:00,11.8,0.00,91,10.4,11.0,0.00,0.00,0.00,0,0,0,0,0,5.8,140,120,2.8,9.4,0,0.00,1018.1,1003.8
2021-09-25T02:00,11.8,0.00,91,10.4,11.1,0.00,0.00,0.00,0,0,0,0,0,5.3,142,118,8.7,9.7,0,0.00,1017.9,1003.6
2021-09-25T03:00,11.2,0.00,93,10.1,10.5,0.00,0.00,0.00,0,0,0,0,0,5.3,160,118,10.7,10.4,0,0.00,1018.1,1003.8
2021-09-25T04:00,11.1,0.00,94,10.1,10.1,0.00,0.00,0.00,0,0,0,0,0,6.5,159,109,11.2,13.0,0,0.00,1018.1,1003.8
2021-09-25T05:00,10.7,0.00,94,9.7,9.6,0.00,0.00,0.00,0,0,0,0,0,6.9,158,118,12.8,12.6,0,0.00,1018.1,1003.8
2021-09-25T06:00,10.6,0.00,94,9.6,9.4,0.00,0.00,0.00,0,0,0,0,0,7.3,156,123,15.0,14.0,0,0.00,1018.0,1003.7
2021-09-25T07:00,11.2,0.00,92,10.0,10.1,0.00,0.00,0.00,0,0,0,0,0,7.6,157,121,13.7,14.0,1,252.28,1018.3,1004.0
2021-09-25T08:00,13.9,0.00,85,11.3,13.3,0.00,0.00,0.00,1,27,27,0,0,6.7,163,144,12.1,15.5,1,3600.00,1018.3,1004.1
2021-09-25T09:00,16.2,0.00,78,12.5,16.2,0.00,0.00,0.00,0,16,16,0,0,5.5,162,157,8.0,16.2,1,3600.00,1018.5,1004.4
2021-09-25T10:00,18.4,0.00,73,13.4,18.8,0.00,0.00,0.00,0,0,0,0,0,4.3,173,175,5.8,16.2,1,3600.00,1018.4,1004.4
2021-09-25T11:00,20.2,0.00,66,13.7,20.9,0.00,0.00,0.00,0,0,0,0,0,2.9,180,187,3.6,15.5,1,3600.00,1018.1,1004.2
2021-09-25T12:00,21.5,0.00,62,13.9,22.8,0.00,0.00,0.00,0,0,0,0,0,2.5,174,180,3.3,14.0,1,3600.00,1017.6,1003.8
2021-09-25T13:00,22.5,0.00,60,14.2,23.8,0.00,0.00,0.00,2,71,0,0,0,3.8,159,163,5.0,13.7,1,3600.00,1017.2,1003.4
2021-09-25T14:00,23.1,0.00,57,14.1,24.2,0.00,0.00,0.00,2,71,71,0,0,3.4,145,148,4.4,14.8,1,3600.00,1016.4,1002.7
2021-09-25T15:00,23.5,0.00,55,13.9,24.3,0.00,0.00,0.00,3,89,89,0,0,3.1,135,135,4.1,13.3,1,3600.00,1016.1,1002.4
2021-09-25T16:00,23.4,0.00,56,14.0,24.2,0.00,0.00,0.00,2,70,69,1,0,3.3,108,103,4.6,11.5,1,3600.00,1015.7,1002.0
2021-09-25T17:00,22.6,0.00,65,15.7,24.0,0.00,0.00,0.00,2,66,66,0,0,3.6,101,96,7.3,9.4,1,3600.00,1015.7,1002.0
2021-09-25T18:00,19.4,0.00,75,14.8,20.2,0.00,0.00,0.00,1,44,25,28,0,5.7,85,72,11.9,9.7,1,2756.82,1015.7,1001.8
2021-09-25T19:00,18.5,0.00,75,13.9,18.8,0.00,0.00,0.00,1,43,34,15,0,6.5,95,84,15.5,14.8,0,0.00,1015.6,1001.7
2021-09-25T20:00,17.3,0.00,78,13.4,17.4,0.00,0.00,0.00,1,39,1,38,0,6.1,115,93,14.3,12.6,0,0.00,1015.8,1001.8
2021-09-25T21:00,17.2,0.00,76,13.0,17.1,0.00,0.00,0.00,1,40,0,40,0,7.2,118,93,15.1,13.7,0,0.00,1016.1,1002.1
2021-09-25T22:00,17.0,0.00,77,12.9,17.0,0.00,0.00,0.00,1,49,31,32,11,5.9,123,101,13.3,14.0,0,0.00,1016.2,1002.2
2021-09-25T23:00,15.8,0.00,82,12.8,16.0,0.00,0.00,0.00,3,89,87,45,4,5.0,137,120,13.2,20.2,0,0.00,1016.5,1002.4
2021-09-26T00:00,16.1,0.00,79,12.5,15.7,0.00,0.00,0.00,2,62,49,31,16,7.9,131,106,17.1,29.9,0,0.00,1016.4,1002.4
2021-09-26T01:00,16.8,0.30,84,14.1,17.7,0.30,0.00,0.00,51,73,24,39,2,2.5,225,90,4.6,34.6,0,0.00,1016.7,1002.7
2021-09-26T02:00,16.8,0.10,83,13.8,17.6,0.10,0.00,0.00,51,22,0,16,15,2.9,191,97,5.5,7.6,0,0.00,1016.3,1002.3
2021-09-26T03:00,16.5,0.00,87,14.3,16.7,0.00,0.00,0.00,0,5,0,1,4,8.0,157,117,14.5,15.8,0,0.00,1016.5,1002.5
2021-09-26T04:00,15.8,0.00,90,14.1,16.1,0.00,0.00,0.00,0,4,0,1,4,7.2,175,127,15.5,15.8,0,0.00,1016.5,1002.4
2021-09-26T05:00,15.7,0.00,90,14.1,15.9,0.00,0.00,0.00,0,1,0,1,0,7.7,171,127,15.3,15.5,0,0.00,1016.3,1002.2
2021-09-26T06:00,15.3,0.00,91,13.8,15.3,0.00,0.00,0.00,0,1,0,1,0,8.0,162,126,16.6,16.9,0,0.00,1016.5,1002.4
2021-09-26T07:00,15.3,0.00,91,13.8,15.6,0.00,0.00,0.00,0,2,1,1,0,6.2,150,100,10.8,15.8,1,108.06,1016.5,1002.4
2021-09-26T08:00,17.3,0.00,87,15.0,18.1,0.00,0.00,0.00,0,16,16,0,0,6.0,162,115,8.3,13.3,1,3600.00,1016.9,1002.9
2021-09-26T09:00,19.8,0.00,78,15.9,21.3,0.00,0.00,0.00,2,67,64,9,0,3.8,163,139,6.0,13.3,1,3600.00,1017.0,1003.1
2021-09-26T10:00,21.3,0.00,72,16.0,22.8,0.00,0.00,0.00,0,14,0,14,0,3.3,189,193,4.4,13.0,1,3600.00,1017.2,1003.4
2021-09-26T11:00,22.5,0.00,68,16.3,23.8,0.00,0.00,0.00,1,41,3,40,0,5.7,213,215,7.3,17.3,1,3600.00,1017.2,1003.4
2021-09-26T12:00,23.0,0.00,66,16.4,23.9,0.00,0.00,0.00,2,63,5,61,0,9.4,230,230,12.3,23.4,1,3600.00,1017.3,1003.6
2021-09-26T13:00,20.3,0.00,80,16.6,21.6,0.00,0.00,0.00,3,95,100,67,16,6.6,225,225,8.7,29.5,1,3600.00,1018.0,1004.1
2021-09-26T14:00,20.1,0.10,80,16.6,21.6,0.10,0.00,0.00,51,99,99,52,22,5.6,209,207,8.2,16.2,1,0.00,1017.5,1003.6
2021-09-26T15:00,20.5,0.10,76,16.2,21.3,0.10,0.00,0.00,51,99,97,80,43,9.4,221,220,13.3,25.2,1,897.75,1017.3,1003.4
2021-09-26T16:00,20.2,0.20,79,16.4,21.5,0.20,0.00,0.00,51,99,99,83,1,6.3,258,257,8.8,21.6,1,1698.48,1016.9,1003.0
2021-09-26T17:00,19.7,0.10,83,16.8,21.3,0.10,0.00,0.00,51,100,100,49,0,4.9,223,216,7.9,15.1,1,2182.89,1017.2,1003.3
2021-09-26T18:00,18.3,0.00,91,16.7,19.5,0.00,0.00,0.00,3,99,96,95,15,7.7,226,221,17.1,16.2,1,0.00,1017.8,1003.8
2021-09-26T19:00,17.7,0.30,94,16.7,19.1,0.30,0.00,0.00,51,100,100,100,17,6.6,218,202,15.1,16.6,0,0.00,1018.1,1004.1
2021-09-26T20:00,17.4,0.60,95,16.6,18.8,0.60,0.00,0.00,53,100,100,100,8,5.8,205,184,14.3,14.4,0,0.00,1018.3,1004.3
2021-09-26T21:00,17.3,0.20,95,16.5,18.6,0.20,0.00,0.00,51,100,100,39,0,6.2,212,190,15.7,14.4,0,0.00,1018.4,1004.4
2021-09-26T22:00,16.8,0.00,96,16.2,18.1,0.00,0.00,0.00,3,100,100,18,1,5.9,236,218,15.3,14.4,0,0.00,1018.5,1004.5
2021-09-26T23:00,16.2,0.00,95,15.4,17.3,0.00,0.00,0.00,3,99,99,1,0,4.8,254,228,12.8,13.7,0,0.00,1018.7,1004.6
2021-09-27T00:00,15.3,0.00,95,14.5,16.2,0.00,0.00,0.00,3,94,94,1,0,3.9,249,202,9.2,11.5,0,0.00,1018.7,1004.6
2021-09-27T01:00,16.1,0.00,96,15.4,16.4,0.00,0.00,0.00,0,16,91,36,1,10.3,189,168,19.7,9.0,0,0.00,1018.3,1004.2
2021-09-27T02:00,15.9,0.10,95,15.1,16.8,0.10,0.00,0.00,51,98,97,24,22,5.4,205,172,13.5,21.2,0,0.00,1018.5,1004.4
2021-09-27T03:00,15.7,0.10,96,15.0,16.5,0.10,0.00,0.00,51,49,37,14,17,5.6,188,153,10.2,16.9,0,0.00,1018.3,1004.2
2021-09-27T04:00,15.2,0.00,97,14.8,15.7,0.00,0.00,0.00,1,32,21,10,8,7.3,205,191,16.3,14.8,0,0.00,1018.5,1004.4
2021-09-27T05:00,14.7,0.00,97,14.3,15.3,0.00,0.00,0.00,0,4,1,3,1,5.5,200,169,12.6,15.1,0,0.00,1018.3,1004.2
2021-09-27T06:00,14.1,0.00,97,13.7,14.3,0.00,0.00,0.00,1,26,21,2,5,6.2,188,159,13.4,12.2,0,0.00,1017.9,1003.7
2021-09-27T07:00,14.3,0.00,96,13.7,14.5,0.00,0.00,0.00,1,31,17,7,18,6.6,211,189,15.5,13.3,1,46.25,1018.2,1004.0
2021-09-27T08:00,15.7,0.00,93,14.7,16.4,0.00,0.00,0.00,1,37,27,3,22,5.8,207,180,12.6,14.4,1,3600.00,1018.0,1003.9
2021-09-27T09:00,17.2,0.00,88,15.2,17.9,0.00,0.00,0.00,0,17,4,4,12,6.6,213,209,10.7,18.4,1,3600.00,1018.2,1004.2
2021-09-27T10:00,18.5,0.00,80,15.1,18.9,0.00,0.00,0.00,1,27,18,10,1,9.0,212,209,13.1,23.8,1,3600.00,1018.1,1004.1
2021-09-27T11:00,20.0,0.00,73,15.0,20.2,0.00,0.00,0.00,2,56,55,1,0,10.0,206,206,14.0,25.9,1,3600.00,1018.0,1004.1
2021-09-27T12:00,21.3,0.00,66,14.6,21.1,0.00,0.00,0.00,2,73,71,5,2,11.1,208,209,15.1,39.2,1,3600.00,1017.6,1003.8
2021-09-27T13:00,22.0,0.00,58,13.3,21.1,0.00,0.00,0.00,3,92,96,46,21,12.7,226,227,17.1,41.4,1,3600.00,1017.4,1003.6
2021-09-27T14:00,21.5,0.00,60,13.4,20.9,0.00,0.00,0.00,3,100,99,100,17,11.8,234,232,16.5,28.8,1,3600.00,1017.4,1003.6
2021-09-27T15:00,20.8,0.00,66,14.1,21.1,0.00,0.00,0.00,3,98,97,72,4,7.3,206,200,11.6,32.4,1,0.00,1017.4,1003.6
2021-09-27T16:00,20.8,0.00,66,14.1,21.0,0.00,0.00,0.00,3,100,99,98,7,7.7,210,208,13.7,18.4,1,0.00,1017.5,1003.7
2021-09-27T17:00,19.8,0.00,71,14.4,20.3,0.00,0.00,0.00,3,100,100,99,0,6.1,190,183,13.9,17.6,1,0.00,1017.4,1003.5
2021-09-27T18:00,18.8,0.00,74,14.0,19.1,0.00,0.00,0.00,1,35,1,30,7,6.9,195,174,16.4,15.5,1,0.00,1017.8,1003.9
2021-09-27T19:00,17.7,0.00,78,13.8,17.9,0.00,0.00,0.00,3,100,0,100,2,7.2,204,183,18.5,16.6,0,0.00,1018.5,1004.5
2021-09-27T20:00,18.1,0.20,79,14.3,18.4,0.20,0.00,0.00,51,100,0,100,5,7.4,220,203,17.9,17.3,0,0.00,1019.1,1005.1
2021-09-27T21:00,17.8,0.30,83,14.8,18.0,0.30,0.00,0.00,51,92,0,91,26,9.2,222,206,19.4,25.6,0,0.00,1019.7,1005.7
2021-09-27T22:00,17.5,0.20,85,14.9,17.5,0.20,0.00,0.00,51,80,0,79,15,11.2,232,222,22.0,27.7,0,0.00,1020.3,1006.3
2021-09-27T23:00,17.0,0.00,88,15.0,17.1,0.00,0.00,0.00,3,100,0,100,23,10.7,256,250,20.8,24.1,0,0.00,1021.1,1007.0
2021-09-28T00:00,16.7,0.00,81,13.5,15.7,0.00,0.00,0.00,3,99,0,98,19,14.9,306,302,25.8,29.9,0,0.00,1022.0,1007.9
2021-09-28T01:00,13.9,0.00,83,11.1,12.1,0.00,0.00,0.00,3,100,58,100,2,14.6,329,327,26.5,33.5,0,0.00,1023.4,1009.1
2021-09-28T02:00,13.9,0.00,84,11.2,12.8,0.00,0.00,0.00,3,96,87,80,4,10.3,312,306,18.4,31.3,0,0.00,1024.1,1009.8
2021-09-28T03:00,13.5,0.00,88,11.5,12.9,0.00,0.00,0.00,3,90,88,6,18,7.0,291,282,15.4,21.6,0,0.00,1024.4,1010.1
2021-09-28T04:00,12.2,0.00,94,11.2,11.9,0.00,0.00,0.00,3,93,91,2,27,4.7,276,266,13.0,15.5,0,0.00,1024.5,1010.1
2021-09-28T05:00,11.8,0.00,95,11.1,11.4,0.00,0.00,0.00,3,96,95,1,26,4.7,270,238,8.3,10.8,0,0.00,1024.8,1010.4
2021-09-28T06:00,11.8,0.00,95,11.1,11.6,0.00,0.00,0.00,3,94,93,0,39,3.4,259,198,3.7,9.0,0,0.00,1024.8,1010.4
2021-09-28T07:00,12.2,0.00,97,11.7,12.3,0.00,0.00,0.00,3,89,85,0,30,2.4,270,207,2.2,6.1,1,0.00,1024.9,1010.5
2021-09-28T08:00,13.3,0.00,91,11.8,13.5,0.00,0.00,0.00,3,92,91,0,15,1.8,284,270,3.0,7.9,1,3436.05,1025.2,1010.9
2021-09-28T09:00,14.2,0.00,83,11.4,14.3,0.00,0.00,0.00,3,90,88,0,17,1.8,288,281,2.3,10.4,1,3600.00,1025.3,1011.0
2021-09-28T10:00,15.3,0.00,74,10.8,15.4,0.00,0.00,0.00,3,91,88,0,25,0.7,315,270,0.5,10.8,1,3600.00,1025.1,1010.9
2021-09-28T11:00,16.3,0.00,67,10.2,16.4,0.00,0.00,0.00,3,88,83,0,30,0.0,270,270,0.0,10.4,1,3600.00,1024.6,1010.4
2021-09-28T12:00,17.1,0.00,61,9.5,16.8,0.00,0.00,0.00,3,92,91,0,21,1.3,346,326,1.5,11.5,1,3600.00,1024.1,1010.0
2021-09-28T13:00,16.8,0.00,59,8.8,16.2,0.00,0.00,0.00,3,88,65,0,54,1.8,63,53,2.4,14.0,1,3600.00,1023.8,1009.7
2021-09-28T14:00,17.6,0.00,57,9.0,16.6,0.00,0.00,0.00,3,99,97,0,56,4.7,93,94,6.5,15.5,1,3600.00,1022.9,1008.8
2021-09-28T15:00,17.7,0.00,57,8.9,16.6,0.00,0.00,0.00,3,99,98,0,22,5.5,101,101,7.7,15.8,1,3600.00,1022.2,1008.1
2021-09-28T16:00,17.4,0.00,58,9.0,16.2,0.00,0.00,0.00,3,96,95,0,2,6.4,104,106,8.9,15.8,1,3600.00,1021.7,1007.6
2021-09-28T17:00,16.8,0.00,62,9.4,15.7,0.00,0.00,0.00,3,97,97,0,0,6.4,107,106,11.3,16.6,1,3600.00,1021.2,1007.1
2021-09-28T18:00,14.4,0.00,73,9.7,13.6,0.00,0.00,0.00,3,97,97,0,0,5.1,103,98,12.9,14.8,1,985.97,1020.9,1006.7
2021-09-28T19:00,13.1,0.00,79,9.5,12.3,0.00,0.00,0.00,3,99,99,0,0,4.7,100,81,12.1,10.8,0,0.00,1020.7,1006.4
2021-09-28T20:00,12.9,0.00,80,9.5,11.9,0.00,0.00,0.00,3,99,99,0,0,5.8,80,60,12.4,11.5,0,0.00,1020.6,1006.3
2021-09-28T21:00,12.9,0.00,76,8.8,11.4,0.00,0.00,0.00,3,98,98,1,4,8.0,80,72,18.6,16.6,0,0.00,1020.2,1005.9
2021-09-28T22:00,13.0,0.00,73,8.3,11.4,0.00,0.00,0.00,3,98,98,2,15,7.6,90,82,19.1,16.6,0,0.00,1019.8,1005.6
2021-09-28T23:00,13.4,0.00,71,8.3,11.7,0.00,0.00,0.00,3,99,99,6,10,8.4,103,100,19.9,17.3,0,0.00,1019.4,1005.2
2021-09-29T00:00,13.2,0.00,72,8.4,11.5,0.00,0.00,0.00,3,94,92,39,13,8.9,115,117,20.6,18.7,0,0.00,1019.0,1004.8
2021-09-29T01:00,12.7,0.00,78,8.9,11.1,0.00,0.00,0.00,3,98,93,51,2,8.7,124,120,20.0,20.2,0,0.00,1019.1,1004.8
2021-09-29T02:00,11.9,0.00,83,9.1,10.6,0.00,0.00,0.00,3,85,54,77,14,7.3,139,123,17.1,18.0,0,0.00,1018.9,1004.6
2021-09-29T03:00,12.0,0.00,84,9.3,10.7,0.00,0.00,0.00,3,100,15,100,100,7.6,172,149,17.1,16.2,0,0.00,1018.8,1004.5
2021-09-29T04:00,13.2,0.00,79,9.6,11.7,0.00,0.00,0.00,3,100,10,100,100,9.8,214,197,20.5,20.5,0,0.00,1019.1,1004.9
2021-09-29T05:00,13.7,0.00,78,9.9,12.0,0.00,0.00,0.00,3,100,10,100,8,11.2,228,220,21.9,25.6,0,0.00,1019.1,1004.9
2021-09-29T06:00,13.7,0.00,75,9.4,11.9,0.00,0.00,0.00,0,12,0,12,1,11.2,235,230,22.5,25.2,0,0.00,1019.2,1005.0
2021-09-29T07:00,12.4,0.00,81,9.3,10.8,0.00,0.00,0.00,0,9,0,9,1,10.0,220,210,22.5,24.8,1,2.71,1019.4,1005.1
2021-09-29T08:00,14.0,0.00,80,10.5,12.5,0.00,0.00,0.00,0,11,0,10,3,11.0,210,203,21.9,24.8,1,3600.00,1019.7,1005.5
2021-09-29T09:00,15.4,0.00,75,11.0,13.6,0.00,0.00,0.00,1,46,0,45,1,14.2,209,207,20.9,32.4,1,3600.00,1019.7,1005.6
2021-09-29T10:00,16.5,0.00,69,10.8,14.4,0.00,0.00,0.00,3,94,0,93,20,16.5,213,212,24.2,48.6,1,3600.00,1019.6,1005.5
2021-09-29T11:00,16.7,0.00,67,10.5,13.5,0.00,0.00,0.00,3,80,0,43,75,22.6,234,233,34.0,63.4,1,2204.78,1019.4,1005.3
2021-09-29T12:00,17.6,0.00,66,11.1,15.0,0.00,0.00,0.00,1,39,0,35,23,20.0,230,231,29.4,62.6,1,3600.00,1019.1,1005.1
2021-09-29T13:00,15.1,0.50,83,12.2,12.5,0.50,0.00,0.00,53,55,0,100,100,21.9,233,234,36.0,60.8,1,3600.00,1019.4,1005.3
2021-09-29T14:00,14.8,1.10,87,12.7,13.2,1.10,0.00,0.00,55,100,0,100,100,16.7,238,237,27.5,52.2,1,0.00,1019.1,1005.0
2021-09-29T15:00,14.7,1.00,86,12.3,13.2,1.00,0.00,0.00,55,99,0,99,6,15.5,260,258,26.7,46.1,1,0.00,1020.2,1006.0
2021-09-29T16:00,14.4,0.00,78,10.6,12.0,0.00,0.00,0.00,3,80,0,80,6,17.5,258,256,28.0,37.4,1,0.00,1020.9,1006.7
2021-09-29T17:00,14.0,0.00,77,10.0,12.0,0.00,0.00,0.00,0,12,0,11,1,13.5,251,245,23.6,37.4,1,3600.00,1021.6,1007.4
2021-09-29T18:00,12.9,0.00,76,8.7,11.0,0.00,0.00,0.00,0,9,0,9,0,10.8,245,233,22.2,29.5,1,2237.44,1022.2,1007.9
2021-09-29T19:00,11.6,0.00,79,8.0,9.7,0.00,0.00,0.00,0,15,0,15,0,9.4,239,227,21.8,23.8,0,0.00,1023.4,1009.0
2021-09-29T20:00,10.9,0.00,80,7.6,9.0,0.00,0.00,0.00,2,60,0,56,16,8.2,238,218,19.1,20.9,0,0.00,1024.4,1010.0
2021-09-29T21:00,11.0,0.00,79,7.4,9.3,0.00,0.00,0.00,0,16,0,15,1,7.1,244,221,17.2,18.7,0,0.00,1025.2,1010.8
2021-09-29T22:00,10.1,0.00,81,7.0,8.2,0.00,0.00,0.00,0,1,0,1,0,7.7,242,217,18.4,16.6,0,0.00,1025.9,1011.4
2021-09-29T23:00,9.5,0.00,82,6.5,7.4,0.00,0.00,0.00,0,0,0,0,0,8.2,239,221,20.2,18.0,0,0.00,1026.8,1012.3
2021-09-30T00:00,8.7,0.00,85,6.3,6.6,0.00,0.00,0.00,0,0,0,0,0,7.7,237,217,19.3,18.0,0,0.00,1027.4,1012.8
2021-09-30T01:00,8.8,0.00,82,5.9,6.6,0.00,0.00,0.00,0,0,0,0,0,7.6,228,205,17.3,16.9,0,0.00,1028.0,1013.4
2021-09-30T02:00,8.1,0.00,86,5.9,5.9,0.00,0.00,0.00,0,0,0,0,0,7.8,219,202,18.4,15.8,0,0.00,1028.3,1013.7
2021-09-30T03:00,7.9,0.00,90,6.3,5.6,0.00,0.00,0.00,0,4,0,0,4,9.3,218,208,21.5,19.1,0,0.00,1028.7,1014.1
2021-09-30T04:00,7.6,0.00,92,6.5,5.5,0.00,0.00,0.00,0,14,0,6,13,8.3,222,214,20.4,19.8,0,0.00,1028.9,1014.3
2021-09-30T05:00,7.4,0.00,94,6.5,5.4,0.00,0.00,0.00,1,22,0,3,21,7.1,223,210,17.8,17.6,0,0.00,1029.2,1014.5
2021-09-30T06:00,7.2,0.00,95,6.4,5.2,0.00,0.00,0.00,0,11,0,0,11,7.6,217,205,18.0,16.2,0,0.00,1029.4,1014.7
2021-09-30T07:00,7.3,0.00,95,6.6,5.2,0.00,0.00,0.00,0,2,0,0,2,8.7,213,204,19.0,17.6,1,0.00,1029.5,1014.8
2021-09-30T08:00,8.8,0.00,88,7.0,6.5,0.00,0.00,0.00,0,15,15,0,0,10.3,220,216,16.4,22.7,1,3600.00,1029.9,1015.3
2021-09-30T09:00,10.5,0.00,80,7.2,8.3,0.00,0.00,0.00,0,8,8,0,0,10.4,223,224,14.8,25.6,1,3600.00,1030.1,1015.6
2021-09-30T10:00,12.2,0.00,72,7.3,9.9,0.00,0.00,0.00,3,84,84,0,0,10.9,226,226,15.0,27.4,1,3600.00,1029.9,1015.5
2021-09-30T11:00,13.5,0.00,65,7.0,11.2,0.00,0.00,0.00,3,99,99,2,2,10.7,227,228,14.8,27.7,1,3600.00,1029.7,1015.3
2021-09-30T12:00,14.0,0.00,60,6.3,11.5,0.00,0.00,0.00,3,99,99,0,7,11.0,231,232,14.3,27.7,1,3600.00,1029.4,1015.1
2021-09-30T13:00,14.7,0.00,55,5.8,12.1,0.00,0.00,0.00,2,76,95,2,25,10.7,238,237,14.1,27.0,1,3600.00,1028.9,1014.6
2021-09-30T14:00,14.7,0.00,53,5.3,12.3,0.00,0.00,0.00,1,36,6,26,16,8.4,228,227,11.2,25.6,1,3600.00,1028.1,1013.8
2021-09-30T15:00,15.0,0.00,50,4.7,12.6,0.00,0.00,0.00,1,46,13,14,36,7.7,220,217,10.7,21.6,1,3600.00,1027.5,1013.2
2021-09-30T16:00,15.1,0.00,49,4.5,12.6,0.00,0.00,0.00,3,100,100,3,0,7.9,213,210,11.2,20.2,1,3600.00,1026.8,1012.6
2021-09-30T17:00,14.1,0.00,58,5.9,12.3,0.00,0.00,0.00,3,93,93,8,0,5.4,187,180,12.0,19.1,1,1237.03,1026.5,1012.2
2021-09-30T18:00,12.5,0.00,62,5.3,10.5,0.00,0.00,0.00,2,71,70,3,0,5.8,172,150,13.4,12.2,1,395.76,1026.3,1011.9
2021-09-30T19:00,10.9,0.00,67,5.1,8.9,0.00,0.00,0.00,0,14,7,8,0,5.9,166,133,13.0,11.9,0,0.00,1026.2,1011.8
2021-09-30T20:00,10.0,0.00,70,4.7,7.8,0.00,0.00,0.00,0,9,0,9,0,6.2,162,126,14.0,12.2,0,0.00,1026.1,1011.6
2021-09-30T21:00,9.8,0.00,69,4.4,7.3,0.00,0.00,0.00,2,78,76,7,0,7.7,150,118,16.6,15.1,0,0.00,1026.0,1011.5
2021-09-30T22:00,9.5,0.00,70,4.4,7.0,0.00,0.00,0.00,3,95,95,0,0,7.7,149,118,17.3,15.5,0,0.00,1025.8,1011.3
2021-09-30T23:00,9.1,0.00,73,4.4,6.6,0.00,0.00,0.00,3,85,85,0,0,7.6,147,121,18.5,16.6,0,0.00,1025.4,1010.9
2021-10-01T00:00,8.5,0.00,75,4.4,6.0,0.00,0.00,0.00,3,80,80,0,0,8.0,130,108,17.9,15.5,0,0.00,1025.2,1010.7
2021-10-01T01:00,8.9,0.00,74,4.5,6.2,0.00,0.00,0.00,3,89,94,0,0,9.5,137,115,20.6,19.8,0,0.00,1025.1,1010.6
2021-10-01T02:00,7.9,0.00,79,4.5,5.4,0.00,0.00,0.00,3,91,91,2,0,8.2,141,113,18.4,19.1,0,0.00,1024.7,1010.1
2021-10-01T03:00,7.4,0.00,81,4.4,4.7,0.00,0.00,0.00,3,93,92,4,0,9.1,133,108,17.8,18.4,0,0.00,1024.3,1009.7
2021-10-01T04:00,6.8,0.00,84,4.3,4.2,0.00,0.00,0.00,3,87,87,1,0,8.7,134,107,16.0,18.0,0,0.00,1023.7,1009.1
2021-10-01T05:00,6.4,0.00,86,4.2,3.8,0.00,0.00,0.00,3,86,86,1,0,8.3,136,108,15.0,17.3,0,0.00,1023.3,1008.7
2021-10-01T06:00,6.3,0.00,86,4.2,3.6,0.00,0.00,0.00,2,77,77,0,0,8.9,139,111,15.8,17.3,0,0.00,1023.2,1008.6
2021-10-01T07:00,6.7,0.00,85,4.3,3.9,0.00,0.00,0.00,2,78,78,0,0,9.4,139,113,16.3,18.4,1,0.00,1023.1,1008.5
2021-10-01T08:00,9.2,0.00,77,5.4,6.7,0.00,0.00,0.00,3,83,83,0,0,9.4,129,113,15.9,20.2,1,3600.00,1023.1,1008.6
2021-10-01T09:00,11.9,0.00,69,6.4,10.0,0.00,0.00,0.00,3,83,83,0,0,7.1,123,120,11.2,19.8,1,3600.00,1022.6,1008.3
2021-10-01T10:00,14.2,0.00,61,6.8,12.3,0.00,0.00,0.00,2,69,69,0,0,7.4,132,133,10.2,19.8,1,3600.00,1022.1,1007.9
2021-10-01T11:00,16.0,0.00,54,6.7,14.1,0.00,0.00,0.00,3,85,85,0,0,7.0,146,145,9.6,20.5,1,3600.00,1021.4,1007.3
2021-10-01T12:00,17.4,0.00,49,6.4,15.7,0.00,0.00,0.00,2,56,55,1,0,6.4,156,153,8.7,20.2,1,3600.00,1020.4,1006.4
2021-10-01T13:00,17.7,0.00,49,6.8,16.1,0.00,0.00,0.00,1,38,51,11,0,6.9,187,189,9.1,19.1,1,3600.00,1019.6,1005.6
2021-10-01T14:00,18.4,0.00,45,6.3,16.4,0.00,0.00,0.00,2,56,56,0,0,7.6,174,175,10.1,20.5,1,3600.00,1018.5,1004.5
2021-10-01T15:00,18.8,0.00,46,6.9,16.8,0.00,0.00,0.00,2,63,63,0,0,8.0,186,188,11.2,20.5,1,3600.00,1017.8,1003.9
2021-10-01T16:00,18.7,0.00,49,7.9,17.2,0.00,0.00,0.00,2,77,77,0,0,6.6,189,193,10.9,20.2,1,3600.00,1017.3,1003.4
2021-10-01T17:00,17.3,0.00,64,10.5,16.8,0.00,0.00,0.00,3,81,73,42,0,4.4,213,215,10.7,16.9,1,3600.00,1017.0,1003.0
2021-10-01T18:00,17.0,0.00,56,8.2,15.7,0.00,0.00,0.00,3,90,84,44,0,5.8,211,187,9.7,13.3,1,1800.69,1016.7,1002.7
2021-10-01T19:00,16.6,0.10,56,7.8,15.5,0.10,0.00,0.00,51,93,89,47,0,3.8,211,107,8.4,12.2,0,0.00,1016.7,1002.7
2021-10-01T20:00,13.9,0.00,71,8.7,12.4,0.00,0.00,0.00,3,99,99,39,0,7.6,219,183,11.5,13.3,0,0.00,1016.6,1002.4
2021-10-01T21:00,13.9,0.00,70,8.5,12.6,0.00,0.00,0.00,3,99,99,18,0,5.8,212,187,14.9,14.4,0,0.00,1016.8,1002.6
2021-10-01T22:00,12.9,0.00,76,8.7,11.6,0.00,0.00,0.00,3,98,98,16,0,6.2,208,170,15.5,14.4,0,0.00,1016.6,1002.4
2021-10-01T23:00,12.3,0.00,79,8.8,11.1,0.00,0.00,0.00,3,99,98,35,0,5.8,214,176,16.1,14.4,0,0.00,1016.6,1002.4
2021-10-02T00:00,12.3,0.00,81,9.0,11.1,0.00,0.00,0.00,3,100,100,97,0,6.5,212,183,17.8,15.5,0,0.00,1016.8,1002.6
2021-10-02T01:00,14.1,0.00,74,9.5,12.9,0.00,0.00,0.00,3,100,91,72,0,7.3,223,200,16.8,16.2,0,0.00,1016.7,1002.6
2021-10-02T02:00,12.2,0.00,84,9.5,11.2,0.00,0.00,0.00,3,89,86,23,3,5.5,239,212,15.2,16.2,0,0.00,1017.1,1002.8
2021-10-02T03:00,10.9,0.00,88,9.0,9.9,0.00,0.00,0.00,3,86,79,49,31,4.7,231,171,9.2,13.7,0,0.00,1016.8,1002.5
2021-10-02T04:00,11.6,0.00,86,9.4,10.4,0.00,0.00,0.00,3,86,83,13,8,7.0,185,145,12.6,13.7,0,0.00,1016.4,1002.1
2021-10-02T05:00,11.1,0.00,90,9.4,9.7,0.00,0.00,0.00,0,9,8,1,0,8.4,179,149,18.0,17.3,0,0.00,1016.4,1002.1
2021-10-02T06:00,10.7,0.00,90,9.1,9.4,0.00,0.00,0.00,3,98,97,33,2,7.4,180,141,16.9,17.3,0,0.00,1016.1,1001.8
2021-10-02T07:00,11.4,0.00,88,9.4,10.2,0.00,0.00,0.00,3,100,100,3,0,7.1,176,139,17.0,16.2,1,0.00,1016.1,1001.8
2021-10-02T08:00,13.5,0.00,81,10.4,12.5,0.00,0.00,0.00,3,100,100,2,0,7.9,170,141,14.3,16.9,1,3600.00,1016.0,1001.8
2021-10-02T09:00,15.4,0.00,73,10.6,14.4,0.00,0.00,0.00,0,17,2,15,0,7.6,163,155,12.1,19.1,1,3600.00,1015.8,1001.7
2021-10-02T10:00,17.4,0.00,63,10.3,16.2,0.00,0.00,0.00,3,100,100,10,0,9.1,188,189,12.7,22.7,1,3600.00,1015.3,1001.3
2021-10-02T11:00,18.4,0.00,60,10.5,17.1,0.00,0.00,0.00,3,93,93,0,0,10.0,217,218,13.9,26.3,1,3600.00,1015.1,1001.2
2021-10-02T12:00,19.7,0.00,55,10.3,18.1,0.00,0.00,0.00,3,96,96,1,1,12.1,216,217,16.5,28.8,1,3600.00,1014.4,1000.5
2021-10-02T13:00,20.4,0.00,57,11.7,19.2,0.00,0.00,0.00,3,99,99,1,3,12.2,168,166,16.9,33.5,1,3600.00,1012.8,999.0
2021-10-02T14:00,20.7,0.00,55,11.4,19.2,0.00,0.00,0.00,3,98,98,1,25,13.4,199,200,19.0,32.0,1,3600.00,1012.1,998.3
2021-10-02T15:00,20.7,0.00,57,11.9,19.6,0.00,0.00,0.00,3,97,97,16,0,11.7,191,191,16.9,31.3,1,3600.00,1011.4,997.6
2021-10-02T16:00,20.5,0.00,57,11.6,19.5,0.00,0.00,0.00,3,100,100,21,0,9.7,180,178,16.6,27.7,1,3600.00,1010.2,996.4
2021-10-02T17:00,18.9,0.00,66,12.4,18.6,0.00,0.00,0.00,3,100,100,9,0,7.1,146,135,16.1,23.0,1,3311.70,1009.2,995.4
2021-10-02T18:00,16.3,0.00,76,12.1,16.2,0.00,0.00,0.00,3,100,100,34,0,5.2,136,102,14.5,16.6,1,1349.80,1008.7,994.8
2021-10-02T19:00,18.4,0.00,63,11.3,16.6,0.00,0.00,0.00,3,99,99,10,0,14.8,153,139,30.8,29.9,0,0.00,1007.9,994.1
2021-10-02T20:00,18.8,0.00,59,10.7,16.5,0.00,0.00,0.00,3,100,100,46,0,16.9,156,146,33.4,36.4,0,0.00,1007.7,993.9
2021-10-02T21:00,19.0,0.00,60,11.0,16.8,0.00,0.00,0.00,3,100,100,65,0,17.2,153,143,33.5,37.1,0,0.00,1007.3,993.5
2021-10-02T22:00,19.0,0.00,61,11.2,16.9,0.00,0.00,0.00,3,100,100,11,0,16.6,159,150,32.5,37.4,0,0.00,1006.8,993.0
2021-10-02T23:00,18.1,0.00,63,11.1,16.4,0.00,0.00,0.00,3,100,99,26,0,14.2,166,156,30.4,36.0,0,0.00,1006.7,992.9
2021-10-03T00:00,18.0,0.00,62,10.7,16.3,0.00,0.00,0.00,3,99,98,77,0,13.4,168,156,28.3,31.3,0,0.00,1006.3,992.5
2021-10-03T01:00,19.9,0.00,54,10.3,18.2,0.00,0.00,0.00,3,98,100,100,0,12.1,202,192,24.5,31.0,0,0.00,1006.1,992.4
2021-10-03T02:00,18.2,0.00,59,10.1,16.8,0.00,0.00,0.00,3,100,93,100,0,9.4,157,137,21.5,27.4,0,0.00,1006.0,992.2
2021-10-03T03:00,18.2,0.00,55,9.0,16.2,0.00,0.00,0.00,3,100,97,98,0,11.6,164,144,25.1,25.9,0,0.00,1005.5,991.7
2021-10-03T04:00,18.8,0.00,52,8.8,16.5,0.00,0.00,0.00,3,100,98,98,0,14.0,155,136,27.7,29.5,0,0.00,1004.8,991.0
2021-10-03T05:00,19.0,0.00,49,8.2,16.0,0.00,0.00,0.00,3,100,99,96,0,17.6,148,137,33.5,36.7,0,0.00,1004.1,990.4
2021-10-03T06:00,19.0,0.00,51,8.6,16.4,0.00,0.00,0.00,3,99,98,83,0,15.5,157,144,30.8,37.1,0,0.00,1004.0,990.3
2021-10-03T07:00,18.8,0.00,53,9.0,16.6,0.00,0.00,0.00,3,100,98,99,0,13.7,158,145,28.4,33.1,1,0.00,1004.0,990.3
2021-10-03T08:00,18.7,0.00,55,9.5,16.8,0.00,0.00,0.00,3,100,99,96,0,12.5,150,134,25.0,29.9,1,0.00,1004.3,990.5
2021-10-03T09:00,19.7,0.00,53,9.9,17.7,0.00,0.00,0.00,3,100,11,100,0,13.2,145,133,25.9,29.2,1,0.00,1004.2,990.5
2021-10-03T10:00,19.8,0.00,55,10.6,18.4,0.00,0.00,0.00,3,99,7,99,0,10.5,153,142,22.5,28.8,1,0.00,1004.5,990.8
2021-10-03T11:00,20.6,0.00,60,12.6,20.6,0.00,0.00,0.00,3,99,49,99,0,5.4,182,172,13.7,23.8,1,0.00,1004.9,991.2
2021-10-03T12:00,20.9,0.00,59,12.5,21.1,0.00,0.00,0.00,3,100,98,100,0,4.2,205,200,9.5,15.1,1,0.00,1005.1,991.4
2021-10-03T13:00,24.3,0.00,48,12.6,23.1,0.00,0.00,0.00,3,100,100,99,0,14.1,148,142,19.9,14.0,1,0.00,1003.9,990.4
2021-10-03T14:00,22.3,0.30,60,14.0,21.3,0.30,0.00,0.00,51,100,100,98,0,15.9,227,231,26.5,31.3,1,0.00,1005.5,991.9
2021-10-03T15:00,18.0,1.60,83,15.0,17.4,1.60,0.00,0.00,61,100,98,100,0,15.8,214,210,28.6,48.6,1,0.00,1007.3,993.5
2021-10-03T16:00,17.0,1.40,87,14.7,16.9,1.40,0.00,0.00,61,100,88,100,3,11.4,202,191,22.9,35.3,1,0.00,1007.7,993.8
2021-10-03T17:00,16.5,0.60,89,14.6,16.5,0.60,0.00,0.00,53,99,98,94,1,10.5,210,202,22.1,27.4,1,0.00,1008.4,994.5
2021-10-03T18:00,16.4,0.20,88,14.3,15.6,0.20,0.00,0.00,51,100,97,99,2,14.7,236,234,27.5,32.4,1,0.00,1009.6,995.7
2021-10-03T19:00,16.2,0.10,91,14.6,16.1,0.10,0.00,0.00,51,100,97,100,0,11.2,238,225,22.2,32.0,0,0.00,1010.7,996.7
2021-10-03T20:00,15.9,0.10,92,14.6,15.8,0.10,0.00,0.00,51,100,98,100,2,11.2,237,230,21.6,25.2,0,0.00,1012.0,998.0
2021-10-03T21:00,15.0,0.30,90,13.5,14.4,0.30,0.00,0.00,51,100,97,100,0,11.9,247,245,21.9,25.9,0,0.00,1013.4,999.3
2021-10-03T22:00,14.4,1.00,92,13.0,13.8,1.00,0.00,0.00,55,100,100,100,1,10.2,240,238,19.5,25.9,0,0.00,1014.5,1000.4
2021-10-03T23:00,14.0,0.70,93,12.9,13.5,0.70,0.00,0.00,53,100,95,100,7,9.9,231,226,18.9,22.3,0,0.00,1015.3,1001.2
2021-10-04T00:00,13.7,0.40,94,12.7,13.2,0.40,0.00,0.00,51,100,96,100,14,9.4,227,220,18.6,22.0,0,0.00,1015.8,1001.6
2021-10-04T01:00,13.5,0.50,92,12.3,12.7,0.50,0.00,0.00,53,100,2,100,11,10.4,230,226,20.7,20.5,0,0.00,1016.5,1002.3
2021-10-04T02:00,13.1,0.30,92,11.9,11.9,0.30,0.00,0.00,51,100,36,100,1,12.2,230,227,22.0,26.3,0,0.00,1017.1,1002.9
2021-10-04T03:00,12.6,0.30,93,11.4,11.6,0.30,0.00,0.00,51,98,62,96,1,9.3,224,216,17.6,26.6,0,0.00,1017.1,1002.9
2021-10-04T04:00,12.3,0.10,92,11.1,11.6,0.10,0.00,0.00,51,100,100,100,1,7.4,220,209,15.6,19.8,0,0.00,1017.3,1003.1
2021-10-04T05:00,12.2,0.30,94,11.2,11.4,0.30,0.00,0.00,51,100,0,100,4,7.9,232,227,16.4,17.3,0,0.00,1017.6,1003.3
2021-10-04T06:00,12.2,0.40,94,11.3,11.5,0.40,0.00,0.00,51,100,4,100,1,7.1,235,229,15.0,18.0,0,0.00,1018.2,1003.9
2021-10-04T07:00,12.1,0.40,95,11.3,11.7,0.40,0.00,0.00,51,100,0,100,4,5.9,232,223,12.3,15.8,1,0.00,1018.6,1004.3
2021-10-04T08:00,12.2,0.60,95,11.4,11.7,0.60,0.00,0.00,53,100,99,100,6,6.1,220,208,12.3,14.0,1,0.00,1019.4,1005.1
2021-10-04T09:00,12.4,1.20,94,11.5,11.9,1.20,0.00,0.00,55,100,64,100,14,6.2,215,201,11.4,14.0,1,0.00,1019.9,1005.6
2021-10-04T10:00,12.5,1.10,94,11.5,12.0,1.10,0.00,0.00,55,100,13,100,18,6.6,212,202,11.0,15.1,1,0.00,1020.0,1005.7
2021-10-04T11:00,12.7,0.30,92,11.5,12.2,0.30,0.00,0.00,51,100,9,100,8,6.4,203,196,10.2,15.5,1,0.00,1020.2,1005.9
2021-10-04T12:00,13.1,0.10,91,11.6,12.6,0.10,0.00,0.00,51,100,1,100,2,6.2,178,173,8.6,15.8,1,0.00,1020.0,1005.8
2021-10-04T13:00,12.9,0.00,87,10.7,12.1,0.00,0.00,0.00,3,100,32,97,8,7.0,187,192,9.1,16.6,1,0.00,1020.3,1006.0
2021-10-04T14:00,14.8,0.10,77,10.8,14.0,0.10,0.00,0.00,51,100,92,96,100,6.9,228,227,8.7,24.1,1,3600.00,1019.6,1005.4
2021-10-04T15:00,14.5,0.30,78,10.8,13.6,0.30,0.00,0.00,51,100,97,96,98,7.7,192,191,10.7,19.4,1,0.00,1019.3,1005.1
2021-10-04T16:00,14.3,0.00,81,11.0,13.7,0.00,0.00,0.00,3,98,65,93,52,6.2,200,201,8.4,19.1,1,0.00,1019.2,1005.0
2021-10-04T17:00,14.0,0.00,83,11.1,13.5,0.00,0.00,0.00,3,99,91,96,16,6.2,187,187,9.4,14.8,1,0.00,1018.9,1004.7
2021-10-04T18:00,13.0,0.00,90,11.3,12.7,0.00,0.00,0.00,3,100,97,100,3,4.5,178,166,11.2,13.7,0,0.00,1018.8,1004.6
2021-10-04T19:00,12.6,0.10,94,11.6,12.5,0.10,0.00,0.00,51,100,91,100,2,3.4,168,122,5.2,9.7,0,0.00,1018.4,1004.2
2021-10-04T20:00,12.4,0.10,95,11.6,12.5,0.10,0.00,0.00,51,99,86,98,2,2.6,114,74,4.3,5.8,0,0.00,1018.0,1003.7
2021-10-04T21:00,12.5,0.10,94,11.6,12.5,0.10,0.00,0.00,51,100,98,97,6,3.7,114,101,9.8,8.3,0,0.00,1017.8,1003.6
2021-10-04T22:00,12.5,0.10,93,11.4,12.2,0.10,0.00,0.00,51,100,100,98,2,4.4,102,81,10.3,9.0,0,0.00,1017.2,1003.0
2021-10-04T23:00,11.8,0.10,95,11.0,11.5,0.10,0.00,0.00,51,100,100,99,0,4.3,107,90,10.1,9.4,0,0.00,1017.0,1002.7
2021-10-05T00:00,11.9,0.20,95,11.1,11.8,0.20,0.00,0.00,51,100,100,96,3,3.1,102,69,7.0,8.6,0,0.00,1016.4,1002.1
2021-10-05T01:00,11.7,0.10,95,11.0,11.5,0.10,0.00,0.00,51,100,100,79,14,3.3,106,96,6.7,6.1,0,0.00,1016.0,1001.7
2021-10-05T02:00,11.7,0.20,95,10.9,11.4,0.20,0.00,0.00,51,100,100,99,7,3.9,128,124,8.7,7.6,0,0.00,1015.2,1001.0
2021-10-05T03:00,11.6,0.50,95,10.8,11.2,0.50,0.00,0.00,53,100,100,100,0,4.1,95,75,8.7,8.6,0,0.00,1014.3,1000.1
2021-10-05T04:00,11.5,0.50,96,10.9,11.3,0.50,0.00,0.00,53,100,100,100,1,2.6,82,106,5.1,10.8,0,0.00,1013.3,999.1
2021-10-05T05:00,11.5,0.30,96,11.0,11.3,0.30,0.00,0.00,51,100,93,100,24,3.4,227,238,6.4,7.2,0,0.00,1013.6,999.4
2021-10-05T06:00,11.5,0.30,97,11.1,11.7,0.30,0.00,0.00,51,100,87,100,34,1.1,246,252,3.5,6.8,0,0.00,1012.8,998.6
2021-10-05T07:00,11.6,0.10,96,11.0,11.6,0.10,0.00,0.00,51,100,26,100,2,2.1,135,121,3.6,4.3,1,0.00,1012.2,998.0
2021-10-05T08:00,11.7,0.10,96,11.1,11.6,0.10,0.00,0.00,51,99,97,98,4,3.1,165,144,5.6,7.2,1,0.00,1012.0,997.8
2021-10-05T09:00,12.0,0.00,95,11.1,11.6,0.00,0.00,0.00,3,99,89,93,7,4.6,169,141,7.7,9.7,1,0.00,1011.6,997.4
2021-10-05T10:00,12.9,0.00,89,11.2,11.8,0.00,0.00,0.00,3,99,49,97,49,9.9,167,170,12.9,22.3,1,0.00,1011.1,997.0
2021-10-05T11:00,13.4,0.00,88,11.4,12.2,0.00,0.00,0.00,3,94,33,26,93,10.9,196,197,15.4,23.0,1,0.00,1011.0,996.9
2021-10-05T12:00,15.3,0.10,77,11.2,13.6,0.10,0.00,0.00,51,100,17,0,100,14.3,223,221,19.6,33.1,1,3600.00,1010.6,996.6
2021-10-05T13:00,15.2,0.00,76,10.9,13.6,0.00,0.00,0.00,1,25,30,2,92,12.7,227,225,17.3,32.8,1,3600.00,1010.7,996.7
2021-10-05T14:00,16.2,0.10,69,10.6,14.5,0.10,0.00,0.00,51,79,0,16,76,12.6,212,211,18.3,32.4,1,3600.00,1010.0,996.0
2021-10-05T15:00,16.7,0.00,67,10.6,15.1,0.00,0.00,0.00,0,15,0,1,15,12.2,199,199,17.5,28.8,1,3600.00,1009.3,995.4
2021-10-05T16:00,16.9,0.00,62,9.7,14.6,0.00,0.00,0.00,1,43,9,16,34,15.1,207,205,23.3,37.1,1,3600.00,1009.2,995.3
2021-10-05T17:00,16.1,0.00,66,9.7,14.3,0.00,0.00,0.00,3,97,78,95,4,12.1,194,190,23.1,33.1,1,3600.00,1009.0,995.1
2021-10-05T18:00,15.4,0.30,69,9.7,13.1,0.30,0.00,0.00,51,100,100,100,99,14.7,201,197,26.7,32.0,0,0.00,1009.3,995.3
2021-10-05T19:00,13.9,0.90,84,11.3,12.0,0.90,0.00,0.00,53,100,100,100,100,16.1,208,204,29.5,35.6,0,0.00,1009.7,995.6
2021-10-05T20:00,13.5,1.60,88,11.6,10.9,1.60,0.00,0.00,61,100,91,100,100,21.6,225,224,37.2,46.4,0,0.00,1010.6,996.5
2021-10-05T21:00,13.3,0.40,90,11.6,11.1,0.40,0.00,0.00,51,83,6,81,17,18.1,236,235,30.9,46.8,0,0.00,1011.5,997.4
2021-10-05T22:00,12.6,0.00,91,11.1,10.6,0.00,0.00,0.00,1,28,0,26,12,16.5,237,234,28.4,38.5,0,0.00,1012.4,998.2
2021-10-05T23:00,11.7,0.00,93,10.6,9.7,0.00,0.00,0.00,1,39,0,8,37,14.5,233,228,26.7,35.3,0,0.00,1013.1,998.9
2021-10-06T00:00,11.2,0.00,93,10.1,9.2,0.00,0.00,0.00,1,37,0,2,36,14.3,231,227,26.4,31.7,0,0.00,1013.9,999.6
2021-10-06T01:00,11.5,0.00,88,9.5,9.0,0.00,0.00,0.00,1,49,0,5,29,15.8,229,229,28.6,32.0,0,0.00,1014.8,1000.5
2021-10-06T02:00,11.1,0.20,88,9.3,8.5,0.20,0.00,0.00,51,24,0,4,22,16.8,235,235,30.5,36.7,0,0.00,1015.6,1001.3
2021-10-06T03:00,10.7,0.00,89,8.9,8.2,0.00,0.00,0.00,0,13,0,2,13,15.3,233,229,28.0,36.7,0,0.00,1015.9,1001.6
2021-10-06T04:00,10.1,0.00,90,8.5,7.6,0.00,0.00,0.00,0,16,0,1,16,14.0,232,228,26.9,33.5,0,0.00,1016.1,1001.8
2021-10-06T05:00,9.8,0.00,90,8.2,7.3,0.00,0.00,0.00,1,25,0,1,25,13.2,228,223,25.7,31.0,0,0.00,1016.7,1002.3
2021-10-06T06:00,9.6,0.00,89,7.9,7.0,0.00,0.00,0.00,1,40,0,9,39,13.8,227,223,26.2,29.9,0,0.00,1017.4,1003.0
2021-10-06T07:00,9.8,0.00,87,7.7,7.1,0.00,0.00,0.00,1,46,0,2,46,14.5,226,222,26.7,31.7,1,0.00,1017.8,1003.4
2021-10-06T08:00,10.5,0.00,85,8.0,8.0,0.00,0.00,0.00,3,93,0,1,93,14.0,229,226,25.0,33.5,1,3357.47,1018.4,1004.0
2021-10-06T09:00,11.3,0.00,79,7.8,7.5,0.00,0.00,0.00,2,59,0,0,59,22.0,235,235,33.4,46.8,1,3212.33,1019.0,1004.7
2021-10-06T10:00,12.3,0.10,73,7.6,8.8,0.10,0.00,0.00,51,78,0,7,77,20.2,235,235,29.5,49.3,1,3600.00,1019.2,1004.9
2021-10-06T11:00,12.9,0.30,69,7.3,9.3,0.30,0.00,0.00,51,45,0,35,35,20.2,236,235,29.3,45.0,1,3600.00,1019.5,1005.3
2021-10-06T12:00,13.8,0.20,65,7.2,10.4,0.20,0.00,0.00,51,36,5,27,20,18.4,243,242,26.7,49.7,1,3600.00,1019.6,1005.4
2021-10-06T13:00,13.1,0.20,71,8.0,9.7,0.20,0.00,0.00,51,86,40,66,67,20.1,229,227,28.3,49.7,1,3600.00,1020.1,1005.9
2021-10-06T14:00,12.9,0.30,75,8.6,10.3,0.30,0.00,0.00,51,100,18,100,20,14.8,217,214,22.4,50.8,1,1700.12,1020.3,1006.0
2021-10-06T15:00,12.0,0.50,83,9.2,10.0,0.50,0.00,0.00,53,96,2,96,9,11.9,224,215,23.9,42.8,1,0.00,1020.6,1006.3
2021-10-06T16:00,12.2,0.10,80,8.9,9.2,0.10,0.00,0.00,51,94,0,94,45,18.5,235,233,30.0,39.2,1,0.00,1020.8,1006.5
2021-10-06T17:00,12.1,0.00,74,7.7,9.3,0.00,0.00,0.00,3,93,0,92,47,14.5,238,235,24.6,38.9,1,1336.08,1021.3,1007.0
2021-10-06T18:00,11.4,0.10,81,8.2,9.4,0.10,0.00,0.00,51,100,0,100,100,10.7,226,220,20.1,31.0,0,0.00,1021.8,1007.4
2021-10-06T19:00,11.4,0.60,87,9.3,9.6,0.60,0.00,0.00,53,100,0,100,99,10.9,214,207,20.5,23.4,0,0.00,1021.9,1007.5
2021-10-06T20:00,11.2,0.50,91,9.8,9.2,0.50,0.00,0.00,53,97,35,87,93,13.0,226,224,23.7,28.4,0,0.00,1022.2,1007.8
2021-10-06T21:00,11.1,0.00,92,9.8,9.4,0.00,0.00,0.00,2,56,0,45,45,11.8,237,232,21.6,27.7,0,0.00,1022.6,1008.2
2021-10-06T22:00,10.5,0.00,94,9.6,9.0,0.00,0.00,0.00,1,47,3,20,39,9.4,233,227,20.3,24.5,0,0.00,1022.9,1008.5
2021-10-06T23:00,10.2,0.20,95,9.4,8.8,0.20,0.00,0.00,51,74,26,67,22,7.9,231,223,18.2,20.5,0,0.00,1023.2,1008.8
2021-10-07T00:00,10.2,0.10,95,9.5,9.0,0.10,0.00,0.00,51,99,0,99,90,7.7,219,208,17.1,17.3,0,0.00,1023.3,1008.9
2021-10-07T01:00,10.2,0.10,95,9.5,9.2,0.10,0.00,0.00,51,100,0,92,52,5.8,229,210,15.3,16.9,0,0.00,1024.7,1010.2
2021-10-07T02:00,10.3,0.00,96,9.7,9.5,0.00,0.00,0.00,2,67,0,21,66,4.4,222,189,11.2,12.2,0,0.00,1024.8,1010.3
2021-10-07T03:00,10.2,0.00,96,9.6,9.4,0.00,0.00,0.00,2,55,0,43,39,4.7,224,189,10.4,10.1,0,0.00,1025.0,1010.5
2021-10-07T04:00,10.0,0.00,97,9.5,9.3,0.00,0.00,0.00,2,66,0,57,39,4.0,220,185,8.9,10.1,0,0.00,1025.2,1010.7
2021-10-07T05:00,9.1,0.00,98,8.8,8.0,0.00,0.00,0.00,2,71,0,34,65,5.4,219,180,7.9,7.9,0,0.00,1025.5,1011.0
2021-10-07T06:00,9.0,0.00,98,8.7,7.9,0.00,0.00,0.00,3,100,0,37,100,4.9,228,197,8.7,7.9,0,0.00,1025.9,1011.4
2021-10-07T07:00,10.1,0.00,97,9.7,9.6,0.00,0.00,0.00,3,98,0,32,98,2.9,231,180,6.9,7.9,1,0.00,1026.4,1011.9
2021-10-07T08:00,10.7,0.00,95,10.0,10.3,0.00,0.00,0.00,3,100,0,28,100,2.8,173,130,2.9,8.3,1,233.69,1026.8,1012.3
2021-10-07T09:00,11.3,0.10,92,10.1,10.9,0.10,0.00,0.00,51,54,0,12,50,3.1,124,126,3.9,10.1,1,0.00,1027.3,1012.9
2021-10-07T10:00,12.5,0.00,84,9.9,12.0,0.00,0.00,0.00,3,96,0,0,96,3.4,108,108,4.6,12.2,1,3600.00,1027.3,1012.9
2021-10-07T11:00,13.8,0.10,76,9.6,13.1,0.10,0.00,0.00,51,94,0,0,94,4.4,101,99,5.9,14.8,1,3600.00,1027.3,1013.0
2021-10-07T12:00,14.7,0.00,69,9.0,13.6,0.00,0.00,0.00,3,94,0,0,94,5.8,87,90,7.6,16.9,1,3600.00,1027.3,1013.0
2021-10-07T13:00,14.4,0.00,71,9.2,13.5,0.00,0.00,0.00,3,83,0,37,54,4.8,103,103,6.6,16.9,1,2050.65,1028.0,1013.7
2021-10-07T14:00,15.0,0.10,66,8.6,14.0,0.10,0.00,0.00,51,99,0,21,99,3.9,65,56,5.2,15.1,1,3600.00,1027.8,1013.5
2021-10-07T15:00,15.2,0.00,65,8.6,13.8,0.00,0.00,0.00,3,88,0,45,87,7.2,66,63,9.8,17.3,1,3600.00,1027.8,1013.6
2021-10-07T16:00,15.3,0.00,64,8.5,14.0,0.00,0.00,0.00,0,18,0,2,17,6.1,64,62,9.2,18.0,1,3233.81,1027.6,1013.4
2021-10-07T17:00,14.4,0.00,75,9.9,13.9,0.00,0.00,0.00,0,3,0,1,3,3.4,74,58,9.0,14.4,1,3600.00,1027.7,1013.4
2021-10-07T18:00,11.5,0.00,80,8.2,10.2,0.00,0.00,0.00,0,1,0,0,1,5.4,56,37,10.9,10.8,0,696.86,1028.0,1013.6
2021-10-07T19:00,11.4,0.00,79,8.0,9.5,0.00,0.00,0.00,0,0,0,0,0,9.4,57,50,21.1,19.1,0,0.00,1028.3,1013.9
2021-10-07T20:00,11.2,0.00,80,8.0,9.1,0.00,0.00,0.00,0,6,0,4,6,10.5,63,59,23.8,22.7,0,0.00,1028.7,1014.2
2021-10-07T21:00,10.7,0.00,82,7.7,8.8,0.00,0.00,0.00,0,14,0,7,13,8.3,63,56,20.1,22.0,0,0.00,1028.7,1014.2
2021-10-07T22:00,10.4,0.00,81,7.3,8.4,0.00,0.00,0.00,1,23,0,7,22,8.7,54,48,20.4,18.4,0,0.00,1028.7,1014.2
2021-10-07T23:00,10.3,0.00,79,6.9,8.2,0.00,0.00,0.00,0,7,0,2,7,8.7,52,48,21.0,19.1,0,0.00,1028.6,1014.1
2021-10-08T00:00,9.9,0.00,80,6.6,7.9,0.00,0.00,0.00,0,6,0,4,6,7.9,47,43,20.1,18.4,0,0.00,1028.5,1014.0
2021-10-08T01:00,9.3,0.00,85,6.9,7.5,0.00,0.00,0.00,0,8,0,6,7,6.6,53,49,19.3,17.3,0,0.00,1029.0,1014.4
2021-10-08T02:00,8.8,0.00,85,6.4,7.0,0.00,0.00,0.00,0,7,0,3,6,6.0,66,57,17.4,17.6,0,0.00,1029.0,1014.4
2021-10-08T03:00,8.7,0.00,86,6.5,6.9,0.00,0.00,0.00,0,4,0,2,3,5.9,67,47,17.6,13.7,0,0.00,1028.9,1014.3
2021-10-08T04:00,8.7,0.00,88,6.7,6.9,0.00,0.00,0.00,0,3,0,3,3,6.1,67,50,18.1,14.4,0,0.00,1028.9,1014.3
2021-10-08T05:00,8.6,0.00,88,6.8,6.8,0.00,0.00,0.00,0,0,0,0,0,6.5,70,56,18.8,15.1,0,0.00,1028.9,1014.3
2021-10-08T06:00,8.4,0.00,89,6.6,6.6,0.00,0.00,0.00,0,0,0,0,0,6.5,72,56,18.6,15.1,0,0.00,1028.9,1014.3
2021-10-08T07:00,8.5,0.00,89,6.7,6.8,0.00,0.00,0.00,0,0,0,0,0,5.9,68,47,17.9,14.8,1,0.00,1029.0,1014.4
2021-10-08T08:00,11.0,0.00,81,7.9,9.4,0.00,0.00,0.00,0,0,0,0,0,7.6,70,59,16.1,16.2,1,3167.42,1029.3,1014.8
2021-10-08T09:00,13.4,0.00,73,8.7,12.2,0.00,0.00,0.00,0,0,0,0,0,5.8,68,60,9.7,16.6,1,3600.00,1029.1,1014.7
2021-10-08T10:00,15.3,0.00,67,9.3,13.9,0.00,0.00,0.00,0,4,0,1,4,8.2,59,52,11.8,20.9,1,3600.00,1028.8,1014.5
2021-10-08T11:00,16.6,0.00,65,9.9,14.8,0.00,0.00,0.00,1,20,0,1,20,11.8,62,59,16.8,28.1,1,3600.00,1028.4,1014.2
2021-10-08T12:00,17.1,0.00,63,10.1,15.0,0.00,0.00,0.00,1,20,0,1,20,14.5,61,60,20.1,33.1,1,3600.00,1028.1,1013.9
2021-10-08T13:00,16.9,0.00,58,8.7,13.9,0.00,0.00,0.00,2,51,0,0,86,17.9,75,75,25.3,39.6,1,3600.00,1028.2,1014.0
2021-10-08T14:00,16.0,0.00,63,9.0,13.7,0.00,0.00,0.00,2,75,0,1,75,13.8,64,62,20.8,38.2,1,0.00,1028.0,1013.8
2021-10-08T15:00,16.8,0.00,60,9.0,14.3,0.00,0.00,0.00,2,62,0,5,62,15.5,65,65,22.6,33.8,1,3600.00,1027.4,1013.2
2021-10-08T16:00,16.8,0.00,60,9.0,14.6,0.00,0.00,0.00,2,75,0,11,75,12.7,66,65,20.5,34.6,1,3600.00,1027.1,1012.9
2021-10-08T17:00,15.7,0.00,66,9.3,14.5,0.00,0.00,0.00,1,45,0,15,44,7.4,54,47,16.0,28.1,1,3600.00,1026.9,1012.7
2021-10-08T18:00,14.1,0.00,70,8.6,12.4,0.00,0.00,0.00,1,44,0,18,43,8.7,46,38,20.1,18.4,0,200.57,1027.2,1012.9
2021-10-08T19:00,13.8,0.00,66,7.6,11.5,0.00,0.00,0.00,2,53,0,13,52,11.8,58,50,25.4,24.8,0,0.00,1027.5,1013.2
2021-10-08T20:00,13.3,0.00,66,7.1,11.0,0.00,0.00,0.00,2,54,0,8,54,10.5,64,52,24.0,25.2,0,0.00,1027.5,1013.2
2021-10-08T21:00,13.0,0.00,66,6.8,10.2,0.00,0.00,0.00,2,61,0,2,61,13.5,51,46,28.2,27.7,0,0.00,1027.4,1013.0
2021-10-08T22:00,12.7,0.00,72,7.7,9.6,0.00,0.00,0.00,1,26,0,1,26,16.6,60,56,31.3,34.6,0,0.00,1027.5,1013.1
2021-10-08T23:00,11.8,0.00,74,7.4,8.8,0.00,0.00,0.00,0,9,0,0,9,16.2,61,58,31.3,35.3,0,0.00,1027.5,1013.1
2021-10-09T00:00,10.9,0.00,77,7.1,8.1,0.00,0.00,0.00,0,0,0,0,0,14.3,64,62,29.1,34.2,0,0.00,1027.4,1012.9
2021-10-09T01:00,10.1,0.00,80,6.8,7.3,0.00,0.00,0.00,0,0,0,0,0,13.2,70,64,27.6,30.2,0,0.00,1027.5,1013.0
2021-10-09T02:00,9.7,0.00,80,6.3,6.8,0.00,0.00,0.00,0,0,0,0,0,13.4,70,66,27.9,28.1,0,0.00,1027.3,1012.8
2021-10-09T03:00,9.3,0.00,80,6.0,6.5,0.00,0.00,0.00,0,0,0,0,0,12.6,73,70,27.1,28.1,0,0.00,1027.1,1012.6
2021-10-09T04:00,9.1,0.00,79,5.7,6.2,0.00,0.00,0.00,0,0,0,0,0,12.6,73,70,27.1,27.4,0,0.00,1027.0,1012.5
2021-10-09T05:00,9.0,0.00,80,5.7,6.2,0.00,0.00,0.00,0,0,0,0,0,11.7,76,72,26.0,27.4,0,0.00,1027.1,1012.5
2021-10-09T06:00,8.9,0.00,81,5.8,6.1,0.00,0.00,0.00,0,0,0,0,0,11.6,79,74,26.1,25.6,0,0.00,1027.2,1012.6
2021-10-09T07:00,8.9,0.00,81,5.8,6.2,0.00,0.00,0.00,0,0,0,0,0,11.2,81,75,24.8,25.6,1,0.00,1027.5,1012.9
2021-10-09T08:00,10.2,0.00,78,6.6,7.7,0.00,0.00,0.00,0,0,0,0,0,11.0,78,71,22.1,24.5,1,3071.78,1028.0,1013.5
2021-10-09T09:00,11.8,0.00,73,7.0,9.4,0.00,0.00,0.00,0,0,0,0,0,11.3,77,73,17.0,26.6,1,3600.00,1028.3,1013.9
2021-10-09T10:00,13.3,0.00,69,7.7,11.2,0.00,0.00,0.00,0,0,0,0,0,9.8,75,73,13.8,26.6,1,3600.00,1028.3,1013.9
2021-10-09T11:00,14.8,0.00,62,7.6,12.9,0.00,0.00,0.00,0,0,0,0,0,8.6,76,75,12.2,24.5,1,3600.00,1028.0,1013.7
2021-10-09T12:00,15.9,0.00,54,6.7,13.6,0.00,0.00,0.00,0,0,0,0,0,9.7,71,68,13.3,24.8,1,3600.00,1027.6,1013.4
2021-10-09T13:00,16.5,0.00,55,7.4,14.3,0.00,0.00,0.00,0,0,0,0,0,11.1,78,77,15.1,27.4,1,3600.00,1027.6,1013.4
2021-10-09T14:00,16.9,0.00,54,7.6,14.7,0.00,0.00,0.00,0,0,0,0,0,10.8,75,75,14.9,27.4,1,3600.00,1027.1,1012.9
2021-10-09T15:00,17.0,0.00,54,7.6,14.9,0.00,0.00,0.00,0,0,0,0,0,10.5,75,74,14.9,25.9,1,3600.00,1026.7,1012.6
2021-10-09T16:00,16.6,0.00,56,7.8,14.6,0.00,0.00,0.00,0,0,0,0,0,9.5,68,65,15.5,24.8,1,3600.00,1026.5,1012.3
2021-10-09T17:00,15.0,0.00,63,8.1,13.4,0.00,0.00,0.00,0,0,0,0,0,7.9,66,60,17.7,22.0,1,3600.00,1026.7,1012.5
2021-10-09T18:00,12.7,0.00,68,6.8,10.5,0.00,0.00,0.00,0,0,0,0,0,9.6,66,56,22.4,19.8,0,526.62,1026.8,1012.4
2021-10-09T19:00,12.1,0.00,64,5.5,9.2,0.00,0.00,0.00,0,0,0,0,0,12.0,75,69,27.2,24.8,0,0.00,1027.3,1012.9
2021-10-09T20:00,11.8,0.00,58,3.7,8.5,0.00,0.00,0.00,0,0,0,0,0,12.1,86,80,27.8,26.6,0,0.00,1027.3,1012.9
2021-10-09T21:00,11.0,0.00,57,2.8,7.8,0.00,0.00,0.00,0,9,9,0,0,10.9,91,84,26.3,25.9,0,0.00,1027.5,1013.0
2021-10-09T22:00,10.1,0.00,59,2.5,6.9,0.00,0.00,0.00,0,10,10,0,0,10.1,93,84,24.5,23.8,0,0.00,1027.8,1013.3
2021-10-09T23:00,9.3,0.00,62,2.4,6.2,0.00,0.00,0.00,0,18,18,0,0,9.4,94,86,23.4,22.0,0,0.00,1027.6,1013.1
2021-10-10T00:00,8.7,0.00,65,2.5,5.7,0.00,0.00,0.00,1,23,23,0,0,8.7,93,85,22.0,20.5,0,0.00,1027.5,1012.9
2021-10-10T01:00,8.5,0.00,70,3.2,5.6,0.00,0.00,0.00,1,21,23,0,0,9.0,96,92,21.7,18.7,0,0.00,1027.8,1013.2
2021-10-10T02:00,7.8,0.00,73,3.3,4.9,0.00,0.00,0.00,1,32,32,0,0,8.6,96,92,21.3,18.7,0,0.00,1027.7,1013.1
2021-10-10T03:00,7.4,0.00,76,3.5,4.6,0.00,0.00,0.00,0,2,2,0,0,8.3,97,92,21.0,18.4,0,0.00,1027.5,1012.9
2021-10-10T04:00,6.6,0.00,81,3.6,4.1,0.00,0.00,0.00,0,0,0,0,0,6.5,101,93,18.4,17.6,0,0.00,1027.4,1012.7
2021-10-10T05:00,5.8,0.00,86,3.7,3.5,0.00,0.00,0.00,0,0,0,0,0,5.8,100,86,16.8,13.7,0,0.00,1027.3,1012.6
2021-10-10T06:00,5.0,0.00,89,3.3,2.5,0.00,0.00,0.00,0,0,0,0,0,6.0,95,73,13.7,11.9,0,0.00,1027.2,1012.4
2021-10-10T07:00,4.7,0.00,90,3.3,2.3,0.00,0.00,0.00,0,0,0,0,0,5.8,92,60,10.8,11.2,1,0.00,1027.4,1012.6
2021-10-10T08:00,7.7,0.00,80,4.5,5.7,0.00,0.00,0.00,0,0,0,0,0,4.3,98,85,10.5,10.4,1,2975.75,1027.7,1013.1
2021-10-10T09:00,9.7,0.00,73,5.1,7.8,0.00,0.00,0.00,0,0,0,0,0,5.2,100,102,8.0,14.8,1,3600.00,1027.8,1013.3
2021-10-10T10:00,11.5,0.00,67,5.6,9.7,0.00,0.00,0.00,0,0,0,0,0,4.6,103,108,6.3,15.8,1,3600.00,1027.6,1013.2
2021-10-10T11:00,12.9,0.00,62,5.9,11.5,0.00,0.00,0.00,1,35,35,0,0,2.7,110,113,4.2,15.1,1,3600.00,1027.3,1012.9
2021-10-10T12:00,13.9,0.00,60,6.3,12.8,0.00,0.00,0.00,0,6,6,0,0,1.1,101,108,1.8,13.3,1,3600.00,1027.0,1012.7
2021-10-10T13:00,14.1,0.00,58,6.1,13.1,0.00,0.00,0.00,0,3,0,0,1,0.0,90,270,0.4,11.2,1,3600.00,1027.1,1012.8
2021-10-10T14:00,14.9,0.00,57,6.4,13.7,0.00,0.00,0.00,1,34,32,0,3,1.8,323,307,1.8,11.2,1,3600.00,1026.7,1012.4
2021-10-10T15:00,14.9,0.00,57,6.4,13.7,0.00,0.00,0.00,2,76,75,0,1,2.1,344,329,2.6,11.5,1,3600.00,1026.3,1012.1
2021-10-10T16:00,14.8,0.00,57,6.4,13.7,0.00,0.00,0.00,3,91,90,23,0,0.8,360,333,1.4,10.1,1,3600.00,1026.0,1011.8
2021-10-10T17:00,12.9,0.00,79,9.3,12.1,0.00,0.00,0.00,3,81,68,63,1,4.2,307,301,5.4,5.4,1,3600.00,1025.9,1011.6
2021-10-10T18:00,10.7,0.00,82,7.8,9.1,0.00,0.00,0.00,0,4,0,0,4,6.9,329,332,10.5,10.4,0,0.00,1026.0,1011.6
2021-10-10T19:00,9.0,0.00,86,6.7,7.1,0.00,0.00,0.00,0,10,0,0,10,7.2,340,354,12.6,11.9,0,0.00,1026.4,1011.9
2021-10-10T20:00,8.1,0.00,86,6.0,6.0,0.00,0.00,0.00,0,1,0,0,1,7.8,356,34,11.2,11.9,0,0.00,1026.6,1012.0
2021-10-10T21:00,7.5,0.00,88,5.6,5.6,0.00,0.00,0.00,0,0,0,0,0,5.8,16,68,6.7,11.5,0,0.00,1026.7,1012.1
2021-10-10T22:00,7.0,0.00,89,5.4,5.3,0.00,0.00,0.00,1,27,27,0,0,3.6,81,90,2.2,9.0,0,0.00,1026.7,1012.1
2021-10-10T23:00,5.8,0.00,91,4.5,4.0,0.00,0.00,0.00,1,28,28,0,0,3.6,135,90,2.5,7.9,0,0.00,1026.9,1012.2
2021-10-11T00:00,5.1,0.00,90,3.6,3.0,0.00,0.00,0.00,0,16,16,0,0,4.0,170,100,4.0,7.6,0,0.00,1026.8,1012.1
2021-10-11T01:00,5.2,0.00,88,3.4,3.0,0.00,0.00,0.00,0,0,35,0,6,4.5,188,119,5.1,7.6,0,0.00,1026.9,1012.2
2021-10-11T02:00,4.1,0.00,89,2.4,1.5,0.00,0.00,0.00,0,3,1,0,2,5.5,162,101,5.7,9.7,0,0.00,1026.9,1012.1
2021-10-11T03:00,4.2,0.00,85,1.9,1.8,0.00,0.00,0.00,0,7,5,0,3,4.0,186,100,3.6,8.3,0,0.00,1026.7,1011.9
2021-10-11T04:00,3.3,0.00,90,1.9,0.5,0.00,0.00,0.00,3,84,83,0,1,6.8,160,115,7.3,9.0,0,0.00,1026.1,1011.3
2021-10-11T05:00,5.0,0.00,82,2.1,3.1,0.00,0.00,0.00,3,83,80,11,2,0.7,243,90,2.4,9.4,0,0.00,1026.4,1011.7
2021-10-11T06:00,2.6,0.00,92,1.4,-0.3,0.00,0.00,0.00,2,79,76,13,4,6.3,159,121,3.1,8.3,0,0.00,1026.2,1011.3
2021-10-11T07:00,2.6,0.00,93,1.6,-0.1,0.00,0.00,0.00,2,68,60,13,9,5.6,187,130,2.9,8.6,1,0.00,1026.7,1011.8
2021-10-11T08:00,5.2,0.00,87,3.2,2.9,0.00,0.00,0.00,2,62,52,18,9,5.2,177,146,6.1,11.9,1,2879.35,1026.8,1012.1
2021-10-11T09:00,7.6,0.00,82,4.8,5.9,0.00,0.00,0.00,3,90,87,0,23,2.9,175,173,4.0,12.2,1,3600.00,1027.2,1012.6
2021-10-11T10:00,9.1,0.00,81,6.0,7.6,0.00,0.00,0.00,3,91,89,2,24,3.2,200,207,4.2,12.6,1,3600.00,1027.2,1012.7
2021-10-11T11:00,10.6,0.00,79,7.1,9.3,0.00,0.00,0.00,3,96,80,24,82,4.1,222,225,5.4,14.8,1,3600.00,1026.9,1012.4
2021-10-11T12:00,12.1,0.00,75,7.9,10.7,0.00,0.00,0.00,3,100,71,30,100,5.2,252,254,6.8,17.3,1,3600.00,1026.5,1012.1
2021-10-11T13:00,11.3,0.00,82,8.3,10.2,0.00,0.00,0.00,3,100,81,71,100,4.6,286,288,6.4,17.3,1,0.00,1026.6,1012.2
2021-10-11T14:00,11.4,0.00,83,8.6,9.9,0.00,0.00,0.00,3,100,78,100,93,7.9,316,317,10.9,18.7,1,0.00,1026.5,1012.1
2021-10-11T15:00,11.3,0.00,84,8.6,9.7,0.00,0.00,0.00,3,100,95,100,96,8.2,324,322,11.6,19.1,1,0.00,1026.3,1011.9
2021-10-11T16:00,11.4,0.00,84,8.8,10.2,0.00,0.00,0.00,3,100,98,89,95,6.3,340,336,9.6,19.8,1,0.00,1026.3,1011.9
2021-10-11T17:00,10.9,0.00,89,9.2,10.2,0.00,0.00,0.00,3,98,96,38,67,3.1,311,291,7.1,15.1,1,0.00,1025.9,1011.5
2021-10-11T18:00,10.4,0.00,90,8.9,9.5,0.00,0.00,0.00,3,91,89,14,20,4.3,303,270,7.3,9.7,0,0.00,1026.0,1011.5
2021-10-11T19:00,10.2,0.00,91,8.8,9.3,0.00,0.00,0.00,2,61,53,12,13,3.8,280,197,6.2,8.6,0,0.00,1026.1,1011.6
2021-10-11T20:00,7.4,0.00,97,6.9,5.5,0.00,0.00,0.00,2,72,68,7,8,7.4,254,223,10.5,11.2,0,0.00,1026.2,1011.6
2021-10-11T21:00,7.1,0.00,98,6.8,5.2,0.00,0.00,0.00,1,47,39,6,10,7.1,272,255,11.9,11.9,0,0.00,1026.1,1011.5
2021-10-11T22:00,8.5,0.00,96,8.0,7.3,0.00,0.00,0.00,0,7,2,5,0,4.7,299,247,8.2,12.2,0,0.00,1026.0,1011.4
2021-10-11T23:00,6.5,0.00,99,6.4,4.9,0.00,0.00,0.00,1,45,39,9,8,4.5,283,209,6.6,9.0,0,0.00,1025.8,1011.1
2021-10-12T00:00,7.5,0.00,99,7.4,6.2,0.00,0.00,0.00,3,100,80,16,100,4.1,286,218,7.9,8.6,0,0.00,1025.7,1011.1
2021-10-12T01:00,7.1,0.00,100,7.1,5.8,0.00,0.00,0.00,3,100,96,42,100,4.1,339,38,8.1,8.3,0,0.00,1025.2,1010.6
2021-10-12T02:00,7.5,0.00,99,7.3,6.5,0.00,0.00,0.00,3,100,100,61,100,2.1,315,121,7.1,8.3,0,0.00,1025.1,1010.5
2021-10-12T03:00,7.5,0.00,100,7.5,6.5,0.00,0.00,0.00,3,100,100,98,100,2.5,262,180,5.1,5.8,0,0.00,1024.3,1009.7
2021-10-12T04:00,7.6,0.10,100,7.5,6.6,0.10,0.00,0.00,51,100,93,100,100,2.2,263,189,6.2,6.5,0,0.00,1023.8,1009.2
2021-10-12T05:00,7.8,0.40,99,7.7,6.9,0.40,0.00,0.00,51,100,68,100,76,2.0,292,225,6.6,5.8,0,0.00,1023.5,1008.9
2021-10-12T06:00,8.1,0.80,98,7.8,7.3,0.80,0.00,0.00,53,100,2,100,52,1.6,295,207,6.8,6.1,0,0.00,1023.0,1008.5
2021-10-12T07:00,8.1,0.30,97,7.7,6.9,0.30,0.00,0.00,51,100,0,100,8,4.0,249,190,7.0,7.9,1,0.00,1022.3,1007.8
2021-10-12T08:00,8.6,0.00,96,7.9,7.6,0.00,0.00,0.00,3,100,0,100,75,2.6,261,214,6.6,8.3,1,0.00,1022.7,1008.2
2021-10-12T09:00,9.1,0.00,95,8.4,8.0,0.00,0.00,0.00,3,100,0,100,99,4.7,232,212,8.7,10.8,1,0.00,1022.5,1008.0
2021-10-12T10:00,9.2,0.10,97,8.7,7.7,0.10,0.00,0.00,51,100,0,100,80,8.2,224,218,12.5,16.6,1,0.00,1022.1,1007.6
2021-10-12T11:00,10.0,0.10,92,8.8,8.3,0.10,0.00,0.00,51,92,39,86,32,9.5,233,233,13.9,21.2,1,0.00,1021.4,1007.0
2021-10-12T12:00,11.6,0.00,89,9.8,10.0,0.00,0.00,0.00,2,61,28,31,42,10.5,244,243,14.8,29.2,1,3600.00,1020.5,1006.2
2021-10-12T13:00,10.9,0.00,91,9.5,9.2,0.00,0.00,0.00,3,97,77,100,100,11.3,264,263,16.3,34.2,1,3600.00,1020.2,1005.8
2021-10-12T14:00,11.4,0.00,84,8.8,9.4,0.00,0.00,0.00,3,100,17,100,100,11.8,245,243,17.1,24.8,1,0.00,1019.3,1005.0
2021-10-12T15:00,11.2,1.00,83,8.4,8.4,1.00,0.00,0.00,55,100,94,100,100,16.2,259,258,25.3,32.8,1,0.00,1019.0,1004.7
2021-10-12T16:00,10.5,1.40,90,9.0,8.3,1.40,0.00,0.00,61,100,100,100,96,13.2,257,253,23.3,32.8,1,0.00,1018.8,1004.4
2021-10-12T17:00,10.3,1.20,93,9.2,8.2,1.20,0.00,0.00,55,100,98,98,100,12.4,250,244,22.7,27.0,1,0.00,1018.5,1004.1
2021-10-12T18:00,10.1,0.20,93,9.0,8.3,0.20,0.00,0.00,51,100,3,75,100,10.6,252,246,20.8,26.3,0,0.00,1018.5,1004.1
2021-10-12T19:00,9.9,0.10,94,9.1,8.4,0.10,0.00,0.00,51,100,0,100,100,8.7,252,240,18.2,22.3,0,0.00,1018.6,1004.2
2021-10-12T20:00,9.8,0.60,95,9.1,8.3,0.60,0.00,0.00,53,100,0,38,100,8.7,276,265,17.4,19.1,0,0.00,1018.8,1004.4
2021-10-12T21:00,10.0,0.00,94,9.0,8.1,0.00,0.00,0.00,1,33,0,9,30,11.2,325,315,21.2,22.7,0,0.00,1019.3,1004.9
2021-10-12T22:00,9.4,0.00,93,8.3,7.2,0.00,0.00,0.00,0,14,0,3,12,12.0,343,339,22.2,26.3,0,0.00,1019.9,1005.5
2021-10-12T23:00,8.1,0.00,94,7.2,5.8,0.00,0.00,0.00,0,2,0,0,2,11.0,347,341,22.5,24.5,0,0.00,1020.6,1006.1
2021-10-13T00:00,7.3,0.00,95,6.5,4.9,0.00,0.00,0.00,0,0,0,0,0,10.1,350,343,21.5,23.4,0,0.00,1021.0,1006.4
2021-10-13T01:00,7.4,0.00,93,6.3,5.4,0.00,0.00,0.00,0,0,0,2,1,7.1,358,345,16.9,21.2,0,0.00,1021.5,1006.9
2021-10-13T02:00,5.9,0.00,95,5.2,3.7,0.00,0.00,0.00,0,0,0,0,0,6.7,352,344,17.5,15.1,0,0.00,1022.2,1007.6
2021-10-13T03:00,5.5,0.00,96,5.0,3.4,0.00,0.00,0.00,0,7,7,0,0,6.4,342,344,17.8,15.1,0,0.00,1022.8,1008.1
2021-10-13T04:00,4.7,0.00,97,4.3,2.4,0.00,0.00,0.00,0,5,5,0,0,6.0,342,343,15.1,14.0,0,0.00,1022.9,1008.2
2021-10-13T05:00,4.3,0.00,97,3.9,1.9,0.00,0.00,0.00,0,2,0,1,2,6.2,342,339,14.8,12.2,0,0.00,1023.5,1008.8
2021-10-13T06:00,5.1,0.00,97,4.6,3.0,0.00,0.00,0.00,2,51,48,5,4,5.2,337,335,14.8,12.2,0,0.00,1023.7,1009.0
2021-10-13T07:00,4.6,0.00,98,4.2,2.5,0.00,0.00,0.00,3,87,87,1,4,4.9,330,324,12.4,10.8,1,0.00,1024.3,1009.6
2021-10-13T08:00,6.3,0.00,96,5.8,4.6,0.00,0.00,0.00,2,73,70,1,8,4.7,318,293,10.7,10.1,1,2685.58,1025.1,1010.4
2021-10-13T09:00,7.8,0.00,91,6.4,6.0,0.00,0.00,0.00,3,98,91,0,77,6.2,315,306,8.1,14.8,1,3600.00,1025.4,1010.8
2021-10-13T10:00,8.8,0.00,87,6.7,6.9,0.00,0.00,0.00,3,100,79,1,100,7.7,319,319,10.0,19.4,1,3600.00,1025.9,1011.4
2021-10-13T11:00,9.5,0.00,83,6.7,7.7,0.00,0.00,0.00,3,100,65,2,100,6.4,315,313,8.1,19.4,1,1351.09,1026.0,1011.5
2021-10-13T12:00,10.2,0.10,76,6.2,8.3,0.10,0.00,0.00,51,71,38,11,47,6.1,317,315,8.4,16.9,1,3320.00,1026.0,1011.5
2021-10-13T13:00,10.8,0.10,76,6.7,8.7,0.10,0.00,0.00,51,93,83,46,31,8.5,298,298,11.4,20.2,1,3600.00,1026.1,1011.7
2021-10-13T14:00,11.2,0.10,69,5.8,8.8,0.10,0.00,0.00,51,68,35,44,30,9.5,309,307,12.5,22.3,1,3600.00,1026.0,1011.6
2021-10-13T15:00,11.4,0.00,67,5.5,9.0,0.00,0.00,0.00,2,69,55,42,24,9.0,309,307,12.5,22.3,1,3600.00,1026.1,1011.7
2021-10-13T16:00,11.3,0.00,66,5.2,8.9,0.00,0.00,0.00,2,63,23,58,16,8.1,316,315,12.0,20.5,1,3600.00,1026.2,1011.8
2021-10-13T17:00,10.0,0.00,80,6.7,8.5,0.00,0.00,0.00,3,80,62,61,21,4.3,320,312,8.9,16.9,1,3600.00,1026.2,1011.7
2021-10-13T18:00,8.5,0.00,81,5.3,6.4,0.00,0.00,0.00,1,26,12,20,1,6.3,339,336,12.3,11.5,0,0.00,1026.6,1012.0
2021-10-13T19:00,7.5,0.00,85,5.2,5.1,0.00,0.00,0.00,2,71,26,56,13,8.0,348,350,12.1,12.2,0,0.00,1027.1,1012.5
2021-10-13T20:00,9.4,0.00,73,4.9,7.9,0.00,0.00,0.00,3,99,28,98,4,2.2,322,189,5.9,12.6,0,0.00,1027.3,1012.8
2021-10-13T21:00,6.2,0.00,90,4.7,4.0,0.00,0.00,0.00,1,48,24,28,6,6.2,241,190,6.6,8.6,0,0.00,1027.6,1012.9
2021-10-13T22:00,5.3,0.00,93,4.3,2.9,0.00,0.00,0.00,3,100,30,100,11,7.2,231,180,9.2,10.1,0,0.00,1028.0,1013.2
2021-10-13T23:00,5.8,0.00,93,4.8,3.8,0.00,0.00,0.00,3,96,41,93,10,5.5,231,157,6.9,9.7,0,0.00,1028.1,1013.4
2021-10-14T00:00,5.6,0.00,93,4.5,3.5,0.00,0.00,0.00,2,60,6,58,0,4.8,225,138,4.6,7.6,0,0.00,1028.0,1013.3
2021-10-14T01:00,6.0,0.00,93,5.0,4.2,0.00,0.00,0.00,3,100,52,90,1,3.9,211,158,6.3,7.6,0,0.00,1028.2,1013.5
2021-10-14T02:00,6.5,0.00,95,5.7,4.7,0.00,0.00,0.00,3,100,0,100,2,5.0,200,159,8.4,9.0,0,0.00,1028.2,1013.5
2021-10-14T03:00,6.8,0.00,93,5.8,4.9,0.00,0.00,0.00,3,96,0,96,0,5.8,199,173,12.2,11.5,0,0.00,1027.9,1013.2
2021-10-14T04:00,6.8,0.00,94,5.8,4.7,0.00,0.00,0.00,3,95,0,95,0,7.0,210,192,14.5,13.7,0,0.00,1027.8,1013.1
2021-10-14T05:00,6.7,0.00,94,5.9,4.8,0.00,0.00,0.00,1,35,0,35,7,6.1,207,183,13.4,13.7,0,0.00,1027.9,1013.2
2021-10-14T06:00,5.6,0.00,97,5.2,3.6,0.00,0.00,0.00,3,100,0,100,19,5.8,208,187,14.7,12.2,0,0.00,1027.8,1013.1
2021-10-14T07:00,6.4,0.00,96,5.7,4.1,0.00,0.00,0.00,3,100,0,100,100,8.0,207,190,16.6,16.2,1,0.00,1027.7,1013.0
2021-10-14T08:00,7.0,0.00,93,5.9,4.8,0.00,0.00,0.00,3,100,0,100,100,7.6,209,183,19.0,16.6,1,0.00,1028.0,1013.3
2021-10-14T09:00,7.6,0.00,91,6.2,5.6,0.00,0.00,0.00,3,100,19,100,4,7.1,207,195,12.9,16.9,1,0.00,1028.0,1013.4
2021-10-14T10:00,9.1,0.00,87,7.0,7.1,0.00,0.00,0.00,2,53,0,9,49,8.6,209,202,12.7,20.5,1,1987.02,1028.0,1013.4
2021-10-14T11:00,11.1,0.00,81,8.0,9.2,0.00,0.00,0.00,1,47,2,16,37,9.7,215,211,13.2,23.8,1,3600.00,1027.6,1013.1
2021-10-14T12:00,12.4,0.00,77,8.4,10.5,0.00,0.00,0.00,3,100,4,29,100,9.7,224,222,13.0,24.1,1,3600.00,1027.3,1012.9
2021-10-14T13:00,11.7,0.00,75,7.5,9.9,0.00,0.00,0.00,3,87,4,26,100,7.9,228,227,10.7,23.8,1,3600.00,1027.1,1012.7
2021-10-14T14:00,12.0,0.00,74,7.5,10.0,0.00,0.00,0.00,3,91,6,36,90,8.7,219,218,12.0,20.2,1,19.98,1026.5,1012.1
2021-10-14T15:00,12.3,0.00,73,7.5,10.4,0.00,0.00,0.00,2,54,9,23,46,8.3,214,214,12.2,20.5,1,1575.64,1025.7,1011.3
2021-10-14T16:00,12.7,0.00,72,7.7,10.9,0.00,0.00,0.00,2,61,52,10,10,7.7,211,208,11.3,19.8,1,3600.00,1025.2,1010.9
2021-10-14T17:00,11.3,0.00,80,8.1,10.1,0.00,0.00,0.00,2,72,61,7,28,4.7,200,184,11.8,16.6,1,3600.00,1024.9,1010.5
2021-10-14T18:00,9.6,0.00,83,6.9,7.9,0.00,0.00,0.00,0,13,6,6,5,6.3,195,167,15.6,12.6,0,0.00,1024.5,1010.0
2021-10-14T19:00,8.8,0.00,85,6.4,6.9,0.00,0.00,0.00,0,11,2,2,7,6.2,203,170,16.8,13.0,0,0.00,1024.3,1009.8
2021-10-14T20:00,8.3,0.00,86,6.0,6.4,0.00,0.00,0.00,2,68,63,0,15,5.8,210,173,15.8,12.6,0,0.00,1024.1,1009.6
2021-10-14T21:00,8.0,0.00,86,5.9,6.1,0.00,0.00,0.00,0,7,0,0,7,6.0,206,163,14.8,11.9,0,0.00,1023.9,1009.3
2021-10-14T22:00,7.5,0.00,87,5.5,5.5,0.00,0.00,0.00,0,4,2,0,2,6.2,201,159,15.4,11.9,0,0.00,1023.7,1009.1
2021-10-14T23:00,7.2,0.00,88,5.4,5.1,0.00,0.00,0.00,0,7,3,0,4,6.0,202,163,15.5,12.2,0,0.00,1023.4,1008.8
2021-10-15T00:00,6.9,0.00,89,5.2,4.8,0.00,0.00,0.00,0,5,5,0,0,6.0,198,155,15.1,12.2,0,0.00,1022.6,1008.0
2021-10-15T01:00,5.8,0.00,92,4.6,3.7,0.00,0.00,0.00,1,29,0,0,0,5.6,191,135,11.0,12.2,0,0.00,1022.1,1007.5
2021-10-15T02:00,5.7,0.00,92,4.4,3.6,0.00,0.00,0.00,0,4,4,0,0,5.1,194,135,11.5,11.2,0,0.00,1021.6,1007.0
2021-10-15T03:00,5.7,0.00,92,4.5,3.5,0.00,0.00,0.00,2,63,63,0,0,6.1,192,140,14.0,12.2,0,0.00,1020.9,1006.3
2021-10-15T04:00,5.7,0.00,92,4.6,3.3,0.00,0.00,0.00,1,37,37,0,0,7.4,195,151,17.1,15.5,0,0.00,1020.4,1005.8
2021-10-15T05:00,5.8,0.00,92,4.6,3.4,0.00,0.00,0.00,3,82,82,0,0,7.2,202,162,18.3,15.8,0,0.00,1020.3,1005.7
2021-10-15T06:00,5.8,0.00,91,4.5,3.4,0.00,0.00,0.00,3,88,87,4,4,7.2,208,174,18.4,15.8,0,0.00,1019.9,1005.3
2021-10-15T07:00,5.7,0.00,91,4.4,3.3,0.00,0.00,0.00,3,99,99,0,0,7.2,211,177,17.6,15.8,1,0.00,1019.6,1005.0
2021-10-15T08:00,7.1,0.00,87,5.1,4.7,0.00,0.00,0.00,3,100,100,0,0,8.0,210,172,15.8,15.5,1,1853.06,1019.7,1005.2
2021-10-15T09:00,8.6,0.00,83,5.9,6.5,0.00,0.00,0.00,3,100,100,0,0,7.2,209,186,16.9,17.3,1,3600.00,1019.8,1005.3
2021-10-15T10:00,10.0,0.00,80,6.7,8.1,0.00,0.00,0.00,3,100,100,0,0,7.2,211,207,11.8,19.1,1,3234.71,1019.8,1005.4
2021-10-15T11:00,12.2,0.00,72,7.2,10.2,0.00,0.00,0.00,3,100,100,21,0,8.7,213,210,12.5,22.0,1,3600.00,1019.6,1005.3
2021-10-15T12:00,13.3,0.00,67,7.4,11.3,0.00,0.00,0.00,3,100,100,2,0,9.5,221,217,13.3,23.4,1,3600.00,1019.2,1005.0
2021-10-15T13:00,13.6,0.00,70,8.2,11.8,0.00,0.00,0.00,3,97,100,5,6,8.7,230,228,11.8,24.5,1,3600.00,1019.1,1004.9
2021-10-15T14:00,14.2,0.00,68,8.4,12.5,0.00,0.00,0.00,3,100,100,1,5,8.8,237,235,12.0,22.0,1,3600.00,1018.8,1004.6
2021-10-15T15:00,14.7,0.00,66,8.4,12.8,0.00,0.00,0.00,3,100,92,0,100,9.5,282,281,13.6,22.3,1,3600.00,1018.8,1004.6
2021-10-15T16:00,14.5,0.00,69,8.8,13.5,0.00,0.00,0.00,2,79,69,22,30,4.1,262,255,7.6,20.9,1,1507.71,1018.5,1004.3
2021-10-15T17:00,12.1,0.00,83,9.4,11.1,0.00,0.00,0.00,3,100,4,90,100,5.9,255,232,8.2,9.4,1,3600.00,1018.6,1004.3
2021-10-15T18:00,12.2,0.00,82,9.3,11.2,0.00,0.00,0.00,3,100,0,78,100,5.4,291,270,8.9,9.7,0,0.00,1019.0,1004.7
2021-10-15T19:00,12.0,0.00,82,9.1,11.0,0.00,0.00,0.00,3,100,0,100,100,5.0,320,300,11.2,9.4,0,0.00,1019.6,1005.3
2021-10-15T20:00,12.1,0.00,81,8.9,10.4,0.00,0.00,0.00,3,100,0,100,100,9.7,348,338,19.5,18.4,0,0.00,1020.1,1005.8
2021-10-15T21:00,11.6,0.30,85,9.2,10.1,0.30,0.00,0.00,51,100,0,100,100,8.9,352,346,17.1,21.2,0,0.00,1020.7,1006.4
2021-10-15T22:00,11.0,0.30,90,9.4,10.0,0.30,0.00,0.00,51,100,0,100,6,6.2,2,350,13.7,17.3,0,0.00,1021.0,1006.6
2021-10-15T23:00,10.2,0.00,93,9.2,9.2,0.00,0.00,0.00,1,45,0,45,0,5.2,5,348,12.3,12.2,0,0.00,1021.3,1006.9
2021-10-16T00:00,9.5,0.00,94,8.6,8.3,0.00,0.00,0.00,1,43,0,42,17,5.8,19,360,13.0,11.2,0,0.00,1021.3,1006.9
2021-10-16T01:00,9.0,0.00,93,7.9,7.7,0.00,0.00,0.00,1,33,0,44,3,5.2,67,34,9.4,11.2,0,0.00,1021.4,1006.9
2021-10-16T02:00,7.7,0.00,96,7.1,6.3,0.00,0.00,0.00,2,52,0,48,16,4.7,57,9,7.3,8.3,0,0.00,1021.5,1007.0
2021-10-16T03:00,7.3,0.00,96,6.7,5.8,0.00,0.00,0.00,3,89,0,89,53,4.7,50,23,9.4,8.3,0,0.00,1021.3,1006.7
2021-10-16T04:00,7.5,0.00,95,6.7,6.0,0.00,0.00,0.00,0,8,0,8,0,4.6,63,39,10.1,9.0,0,0.00,1021.4,1006.9
2021-10-16T05:00,7.8,0.00,90,6.3,6.3,0.00,0.00,0.00,0,4,0,0,4,3.8,77,41,6.6,8.6,0,0.00,1021.6,1007.1
2021-10-16T06:00,4.8,0.00,96,4.2,2.5,0.00,0.00,0.00,0,12,0,5,9,5.9,77,52,9.3,9.4,0,0.00,1021.5,1006.8
2021-10-16T07:00,5.0,0.00,94,4.1,2.8,0.00,0.00,0.00,1,23,0,8,22,5.4,73,53,12.1,9.7,1,0.00,1021.7,1007.0
2021-10-16T08:00,7.1,0.00,89,5.3,5.3,0.00,0.00,0.00,0,6,0,6,0,4.4,67,35,10.2,9.7,1,2392.30,1022.2,1007.6
2021-10-16T09:00,8.8,0.00,84,6.2,7.5,0.00,0.00,0.00,2,53,0,24,52,1.8,45,270,1.0,8.6,1,3600.00,1022.7,1008.2
2021-10-16T10:00,10.1,0.00,81,7.0,9.0,0.00,0.00,0.00,3,100,0,56,100,2.6,256,254,3.0,11.9,1,3600.00,1022.6,1008.2
2021-10-16T11:00,10.9,0.00,80,7.6,10.0,0.00,0.00,0.00,3,100,0,27,100,1.3,342,304,1.1,11.9,1,2952.63,1022.4,1008.0
2021-10-16T12:00,12.3,0.00,76,8.1,11.6,0.00,0.00,0.00,3,100,0,29,100,1.3,59,56,2.1,9.4,1,3243.66,1022.1,1007.8
2021-10-16T13:00,13.4,0.00,69,7.9,11.9,0.00,0.00,0.00,1,36,0,9,80,6.8,121,122,9.2,9.4,1,1955.33,1021.7,1007.4
2021-10-16T14:00,14.0,0.00,66,7.8,12.7,0.00,0.00,0.00,2,59,0,1,59,5.2,139,146,6.6,17.3,1,3600.00,1021.3,1007.1
2021-10-16T15:00,14.1,0.00,64,7.5,12.9,0.00,0.00,0.00,2,50,0,1,50,4.1,140,142,5.6,14.4,1,3600.00,1021.0,1006.8
2021-10-16T16:00,14.1,0.00,65,7.6,13.2,0.00,0.00,0.00,1,36,0,11,36,1.9,146,158,2.6,11.5,1,3600.00,1020.7,1006.5
2021-10-16T17:00,12.6,0.00,77,8.6,11.6,0.00,0.00,0.00,1,37,0,16,36,3.7,270,281,2.5,5.4,1,3600.00,1020.8,1006.5
2021-10-16T18:00,12.0,0.00,74,7.5,10.8,0.00,0.00,0.00,1,35,0,5,34,4.0,328,360,3.4,5.8,0,0.00,1020.9,1006.6
2021-10-16T19:00,11.8,0.00,74,7.3,10.6,0.00,0.00,0.00,1,39,0,1,38,3.3,328,41,5.5,5.4,0,0.00,1021.2,1006.9
2021-10-16T20:00,10.1,0.00,80,6.7,8.6,0.00,0.00,0.00,1,43,0,2,42,4.6,357,39,7.2,6.1,0,0.00,1021.2,1006.8
2021-10-16T21:00,8.0,0.00,89,6.3,6.4,0.00,0.00,0.00,0,6,1,0,6,4.2,43,59,6.4,8.3,0,0.00,1021.2,1006.7
2021-10-16T22:00,6.7,0.00,92,5.4,4.8,0.00,0.00,0.00,0,19,5,0,15,4.8,87,77,6.1,9.4,0,0.00,1021.3,1006.7
2021-10-16T23:00,6.4,0.00,91,5.0,4.2,0.00,0.00,0.00,2,65,54,0,24,6.8,108,87,10.2,13.0,0,0.00,1021.3,1006.7
2021-10-17T00:00,6.3,0.00,89,4.7,4.1,0.00,0.00,0.00,2,71,66,0,14,5.9,118,101,12.2,13.3,0,0.00,1021.3,1006.7
2021-10-17T01:00,4.8,0.00,94,3.8,2.3,0.00,0.00,0.00,0,6,48,0,0,6.7,104,106,11.5,11.2,0,0.00,1021.3,1006.6
2021-10-17T02:00,4.7,0.00,93,3.6,2.5,0.00,0.00,0.00,0,13,13,0,0,4.7,83,81,9.4,10.4,0,0.00,1021.4,1006.7
2021-10-17T03:00,4.3,0.00,93,3.3,2.0,0.00,0.00,0.00,1,41,2,0,40,4.6,97,108,6.2,8.3,0,0.00,1021.2,1006.5
2021-10-17T04:00,4.6,0.00,93,3.5,2.5,0.00,0.00,0.00,3,84,46,0,71,3.9,115,112,7.6,7.6,0,0.00,1021.1,1006.4
2021-10-17T05:00,4.7,0.00,93,3.6,2.5,0.00,0.00,0.00,3,100,100,0,60,4.2,115,110,10.3,7.9,0,0.00,1021.0,1006.3
2021-10-17T06:00,4.4,0.00,94,3.5,2.2,0.00,0.00,0.00,3,96,92,0,50,4.9,118,107,13.0,10.1,0,0.00,1020.8,1006.1
2021-10-17T07:00,3.9,0.00,95,3.2,1.7,0.00,0.00,0.00,3,100,99,0,71,4.2,126,121,11.1,10.1,1,0.00,1021.0,1006.3
2021-10-17T08:00,6.0,0.00,89,4.4,3.8,0.00,0.00,0.00,3,100,64,0,100,5.4,135,127,8.7,11.2,1,567.44,1021.9,1007.3
2021-10-17T09:00,7.3,0.00,92,6.1,5.4,0.00,0.00,0.00,3,100,1,0,100,6.1,141,140,7.9,15.5,1,801.07,1021.9,1007.3
2021-10-17T10:00,8.5,0.00,89,6.8,7.0,0.00,0.00,0.00,3,100,28,0,100,5.0,150,150,5.8,15.8,1,1235.84,1022.0,1007.5
2021-10-17T11:00,9.3,0.00,89,7.6,8.1,0.00,0.00,0.00,3,100,60,0,100,4.3,176,180,5.4,14.8,1,0.00,1022.0,1007.5
2021-10-17T12:00,10.1,0.00,87,8.0,9.0,0.00,0.00,0.00,3,100,100,0,100,4.2,197,200,4.9,14.4,1,274.12,1022.0,1007.6
2021-10-17T13:00,10.8,0.00,85,8.4,9.7,0.00,0.00,0.00,3,100,40,0,100,5.0,197,201,6.0,14.0,1,0.00,1021.9,1007.5
2021-10-17T14:00,10.6,0.00,87,8.4,9.2,0.00,0.00,0.00,3,100,99,0,100,6.4,229,232,8.2,16.6,1,0.00,1021.5,1007.1
2021-10-17T15:00,10.6,0.00,86,8.4,9.6,0.00,0.00,0.00,3,100,96,0,100,3.8,216,221,4.9,16.6,1,0.00,1021.4,1007.0
2021-10-17T16:00,10.8,0.00,85,8.4,9.6,0.00,0.00,0.00,3,100,99,0,95,5.7,213,215,7.3,13.3,1,0.00,1021.4,1007.0
2021-10-17T17:00,10.2,0.00,88,8.3,9.1,0.00,0.00,0.00,3,100,100,0,85,3.9,237,236,9.9,14.4,1,0.00,1021.6,1007.2
2021-10-17T18:00,9.9,0.00,92,8.6,8.9,0.00,0.00,0.00,3,100,100,0,100,4.2,245,239,6.8,8.6,0,0.00,1021.9,1007.5
2021-10-17T19:00,9.8,0.00,90,8.2,8.8,0.00,0.00,0.00,3,99,99,2,56,3.1,204,135,3.5,6.5,0,0.00,1022.1,1007.7
2021-10-17T20:00,10.2,0.00,84,7.7,9.5,0.00,0.00,0.00,3,100,100,3,66,0.7,239,90,2.1,4.7,0,0.00,1022.6,1008.2
2021-10-17T21:00,10.2,0.00,84,7.7,9.5,0.00,0.00,0.00,3,100,100,2,76,0.4,270,90,2.2,1.4,0,0.00,1023.1,1008.7
2021-10-17T22:00,8.4,0.00,93,7.4,7.3,0.00,0.00,0.00,3,100,100,1,85,2.7,135,113,1.5,3.6,0,0.00,1023.5,1009.0
2021-10-17T23:00,8.7,0.00,93,7.6,7.4,0.00,0.00,0.00,3,100,100,0,91,4.6,147,129,7.3,8.6,0,0.00,1023.8,1009.3
2021-10-18T00:00,8.6,0.00,92,7.4,7.1,0.00,0.00,0.00,3,100,100,46,99,5.5,176,148,10.8,10.8,0,0.00,1023.6,1009.1
2021-10-18T01:00,8.3,0.00,97,7.8,7.1,0.00,0.00,0.00,3,100,87,23,100,4.0,176,153,9.4,10.4,0,0.00,1024.1,1009.6
2021-10-18T02:00,7.9,0.00,98,7.6,6.9,0.00,0.00,0.00,3,97,0,8,97,2.3,184,162,5.4,7.9,0,0.00,1024.7,1010.1
2021-10-18T03:00,7.9,0.00,98,7.7,6.8,0.00,0.00,0.00,3,100,0,0,100,3.3,177,167,6.5,7.6,0,0.00,1024.5,1009.9
2021-10-18T04:00,7.6,0.00,99,7.4,6.5,0.00,0.00,0.00,3,84,0,0,84,2.8,141,130,4.6,6.5,0,0.00,1024.4,1009.8
2021-10-18T05:00,7.7,0.00,98,7.3,6.6,0.00,0.00,0.00,1,29,0,0,29,2.7,148,157,6.8,5.4,0,0.00,1024.9,1010.3
2021-10-18T06:00,6.9,0.00,98,6.5,5.5,0.00,0.00,0.00,2,50,0,0,50,3.6,165,174,7.1,6.8,0,0.00,1025.4,1010.8
2021-10-18T07:00,6.3,0.00,98,5.9,4.6,0.00,0.00,0.00,1,30,0,0,30,4.1,158,165,8.6,7.6,1,0.00,1025.7,1011.0
2021-10-18T08:00,7.4,0.00,97,6.9,5.9,0.00,0.00,0.00,1,23,0,0,23,4.9,142,144,8.7,10.8,1,1030.21,1026.1,1011.5
2021-10-18T09:00,8.7,0.00,92,7.5,7.0,0.00,0.00,0.00,2,69,57,5,24,7.2,122,127,11.0,16.6,1,3600.00,1026.3,1011.7
2021-10-18T10:00,10.3,0.00,84,7.8,8.6,0.00,0.00,0.00,3,81,79,7,3,7.7,126,127,10.3,18.7,1,3600.00,1026.4,1011.9
2021-10-18T11:00,11.7,0.00,79,8.1,10.2,0.00,0.00,0.00,3,100,100,2,13,6.9,130,133,9.4,19.8,1,3600.00,1026.2,1011.8
2021-10-18T12:00,12.9,0.00,73,8.2,11.6,0.00,0.00,0.00,2,67,65,0,7,6.1,133,135,8.4,18.7,1,3600.00,1025.8,1011.5
2021-10-18T13:00,11.2,0.00,77,7.3,9.2,0.00,0.00,0.00,3,100,100,0,83,8.8,125,125,11.4,17.3,1,3600.00,1026.4,1012.0
2021-10-18T14:00,11.6,0.00,75,7.4,9.7,0.00,0.00,0.00,3,100,100,0,8,8.4,122,121,11.5,20.9,1,3600.00,1025.7,1011.3
2021-10-18T15:00,12.0,0.00,74,7.5,10.2,0.00,0.00,0.00,3,100,100,0,2,8.0,109,108,11.0,20.5,1,3600.00,1025.5,1011.1
2021-10-18T16:00,12.0,0.00,74,7.5,9.9,0.00,0.00,0.00,3,98,98,0,0,9.8,120,118,14.5,21.2,1,3600.00,1025.0,1010.6
2021-10-18T17:00,10.6,0.00,80,7.4,8.7,0.00,0.00,0.00,3,100,100,0,0,8.4,119,115,18.5,20.5,1,3412.99,1024.5,1010.1
2021-10-18T18:00,9.2,0.00,86,7.0,7.5,0.00,0.00,0.00,3,100,100,0,0,6.2,117,97,15.8,16.6,0,0.00,1024.8,1010.3
2021-10-18T19:00,8.8,0.00,88,6.9,6.9,0.00,0.00,0.00,3,100,100,0,0,7.6,123,98,16.4,14.4,0,0.00,1024.7,1010.2
2021-10-18T20:00,8.3,0.00,90,6.7,6.1,0.00,0.00,0.00,3,100,100,0,0,8.8,127,102,17.5,15.8,0,0.00,1024.5,1009.9
2021-10-18T21:00,7.9,0.00,90,6.4,6.0,0.00,0.00,0.00,3,100,100,0,0,6.6,128,103,17.4,17.3,0,0.00,1024.9,1010.3
2021-10-18T22:00,7.9,0.00,90,6.4,5.7,0.00,0.00,0.00,3,100,100,0,0,8.4,137,115,18.8,15.5,0,0.00,1024.7,1010.1
2021-10-18T23:00,8.0,0.00,91,6.6,6.0,0.00,0.00,0.00,1,42,42,0,0,8.2,143,119,18.0,16.6,0,0.00,1024.9,1010.3
2021-10-19T00:00,7.5,0.00,92,6.3,5.4,0.00,0.00,0.00,3,98,98,0,0,8.1,158,122,17.1,16.2,0,0.00,1024.6,1010.0
2021-10-19T01:00,6.9,0.00,94,6.0,4.9,0.00,0.00,0.00,3,99,75,3,0,6.9,179,141,14.0,15.8,0,0.00,1025.2,1010.6
2021-10-19T02:00,7.2,0.00,91,5.9,5.1,0.00,0.00,0.00,3,100,100,2,0,7.8,157,112,13.7,16.2,0,0.00,1024.7,1010.1
2021-10-19T03:00,7.2,0.00,91,5.9,5.4,0.00,0.00,0.00,3,100,100,24,0,5.5,187,122,12.0,14.0,0,0.00,1025.2,1010.6
2021-10-19T04:00,8.2,0.00,89,6.6,6.0,0.00,0.00,0.00,3,100,100,100,0,9.2,192,159,19.8,18.7,0,0.00,1024.4,1009.8
2021-10-19T05:00,9.0,0.60,88,7.1,6.8,0.60,0.00,0.00,53,100,100,100,0,9.9,188,161,20.4,20.2,0,0.00,1024.4,1009.9
2021-10-19T06:00,9.1,1.00,91,7.7,7.2,1.00,0.00,0.00,55,100,100,100,1,9.3,194,167,19.6,20.2,0,0.00,1024.2,1009.7
2021-10-19T07:00,9.5,0.70,90,7.9,7.5,0.70,0.00,0.00,53,100,100,100,17,9.8,189,163,20.4,20.9,1,0.00,1024.0,1009.5
2021-10-19T08:00,9.8,1.20,91,8.4,7.9,1.20,0.00,0.00,55,100,100,100,100,10.5,187,164,21.0,21.6,1,0.00,1024.0,1009.5
2021-10-19T09:00,10.5,0.70,90,8.9,8.7,0.70,0.00,0.00,53,100,100,100,100,9.8,191,172,21.3,22.3,1,0.00,1024.0,1009.6
2021-10-19T10:00,11.6,0.10,86,9.3,9.9,0.10,0.00,0.00,51,100,100,100,100,10.2,194,170,19.6,22.0,1,0.00,1024.1,1009.7
2021-10-19T11:00,12.2,0.00,85,9.7,10.5,0.00,0.00,0.00,3,100,100,100,100,11.2,201,182,20.9,24.1,1,0.00,1024.1,1009.8
2021-10-19T12:00,12.8,0.00,84,10.3,11.4,0.00,0.00,0.00,3,100,97,97,61,10.2,217,198,19.3,23.8,1,0.00,1023.8,1009.5
2021-10-19T13:00,13.6,0.00,91,12.2,13.0,0.00,0.00,0.00,3,100,99,92,0,9.0,180,151,18.0,23.4,1,944.03,1023.3,1009.0
2021-10-19T14:00,14.7,0.00,89,12.9,14.5,0.00,0.00,0.00,3,100,10,100,9,7.6,199,175,16.4,19.4,1,0.00,1022.6,1008.4
2021-10-19T15:00,15.3,0.00,85,12.9,15.2,0.00,0.00,0.00,1,42,1,41,2,6.8,209,162,20.6,19.4,1,1124.83,1021.9,1007.7
2021-10-19T16:00,15.9,0.00,85,13.3,15.8,0.00,0.00,0.00,2,52,47,10,1,7.6,213,149,20.3,18.0,1,3600.00,1021.4,1007.3
2021-10-19T17:00,15.3,0.00,81,12.1,14.7,0.00,0.00,0.00,2,75,66,25,0,8.8,201,171,20.9,19.1,1,3290.57,1021.1,1006.9
2021-10-19T18:00,14.5,0.00,81,11.3,13.5,0.00,0.00,0.00,2,74,73,3,0,9.4,207,182,23.5,20.5,0,0.00,1020.9,1006.7
2021-10-19T19:00,13.9,0.00,77,10.0,12.5,0.00,0.00,0.00,2,76,76,0,0,9.6,212,193,25.1,21.6,0,0.00,1020.9,1006.7
2021-10-19T20:00,13.1,0.00,75,8.7,11.5,0.00,0.00,0.00,2,56,56,0,0,9.0,219,203,24.9,21.2,0,0.00,1021.0,1006.7
2021-10-19T21:00,12.5,0.00,74,7.9,10.7,0.00,0.00,0.00,0,0,0,0,0,9.0,219,203,24.9,20.5,0,0.00,1020.7,1006.4
2021-10-19T22:00,12.1,0.00,74,7.5,10.1,0.00,0.00,0.00,0,4,0,4,0,9.1,216,198,25.3,20.5,0,0.00,1020.4,1006.1
2021-10-19T23:00,11.8,0.00,74,7.4,9.8,0.00,0.00,0.00,0,6,0,6,0,9.2,217,201,25.7,21.2,0,0.00,1020.3,1006.0
2021-10-20T00:00,11.5,0.00,76,7.3,9.5,0.00,0.00,0.00,0,11,10,1,0,8.8,217,199,24.7,21.6,0,0.00,1019.7,1005.4
2021-10-20T01:00,11.1,0.00,83,8.3,9.6,0.00,0.00,0.00,1,26,2,0,0,7.2,213,183,21.4,20.5,0,0.00,1019.2,1004.9
2021-10-20T02:00,10.7,0.00,83,7.8,8.8,0.00,0.00,0.00,1,20,20,0,0,8.7,207,175,22.2,19.1,0,0.00,1018.4,1004.1
2021-10-20T03:00,10.3,0.00,84,7.7,8.4,0.00,0.00,0.00,1,43,43,0,0,8.6,208,182,23.2,19.8,0,0.00,1017.9,1003.5
2021-10-20T04:00,10.6,0.00,81,7.5,8.5,0.00,0.00,0.00,3,83,83,0,0,9.4,204,182,24.0,21.2,0,0.00,1017.3,1003.0
2021-10-20T05:00,10.8,0.00,79,7.3,8.8,0.00,0.00,0.00,1,40,40,0,0,9.1,205,187,23.5,21.6,0,0.00,1017.0,1002.7
2021-10-20T06:00,11.1,0.00,78,7.4,9.0,0.00,0.00,0.00,3,97,97,0,0,10.1,197,178,24.5,22.3,0,0.00,1016.2,1001.9
2021-10-20T07:00,11.2,0.00,78,7.6,9.2,0.00,0.00,0.00,3,90,90,0,0,9.4,198,178,23.1,23.0,1,0.00,1015.7,1001.4
2021-10-20T08:00,12.1,0.00,76,8.0,9.9,0.00,0.00,0.00,3,100,100,0,0,11.5,201,180,24.3,24.8,1,1991.19,1015.5,1001.3
2021-10-20T09:00,13.6,0.00,74,9.1,11.8,0.00,0.00,0.00,3,100,100,14,0,10.9,208,186,24.0,27.4,1,3600.00,1015.2,1001.0
2021-10-20T10:00,15.3,0.00,72,10.2,13.9,0.00,0.00,0.00,3,100,100,12,0,10.0,218,201,25.6,24.1,1,3600.00,1014.5,1000.4
2021-10-20T11:00,16.8,0.00,68,10.9,15.6,0.00,0.00,0.00,3,100,100,20,0,9.8,216,208,28.1,27.7,1,2765.15,1013.8,999.8
2021-10-20T12:00,18.9,0.00,64,12.1,17.7,0.00,0.00,0.00,3,100,100,50,19,12.6,205,204,21.1,30.2,1,3600.00,1012.8,998.9
2021-10-20T13:00,20.4,0.00,61,12.7,18.6,0.00,0.00,0.00,3,100,0,38,9,18.1,226,226,28.8,40.7,1,3600.00,1012.2,998.4
2021-10-20T14:00,19.9,0.00,63,12.6,17.9,0.00,0.00,0.00,2,62,11,24,45,19.0,211,209,30.4,44.6,1,3600.00,1011.1,997.3
2021-10-20T15:00,20.0,0.00,63,12.7,18.7,0.00,0.00,0.00,2,65,0,49,32,14.5,205,203,25.4,42.1,1,3600.00,1010.1,996.3
2021-10-20T16:00,19.6,0.00,63,12.4,17.7,0.00,0.00,0.00,3,94,89,34,16,18.4,217,215,32.6,40.7,1,3600.00,1009.8,996.0
2021-10-20T17:00,18.1,0.60,70,12.7,16.6,0.60,0.00,0.00,53,100,41,100,16,15.9,211,208,29.7,39.6,1,1243.71,1008.9,995.1
2021-10-20T18:00,16.3,1.20,87,14.1,16.1,1.20,0.00,0.00,55,100,17,100,100,10.5,221,218,23.0,35.3,0,0.00,1008.9,995.0
2021-10-20T19:00,15.7,4.40,91,14.3,15.8,4.40,0.00,0.00,63,100,67,100,100,8.8,217,199,20.3,33.5,0,0.00,1008.5,994.5
2021-10-20T20:00,15.6,7.60,93,14.4,15.4,7.60,0.00,0.00,65,100,100,100,100,11.3,205,187,22.2,29.5,0,0.00,1007.9,993.9
2021-10-20T21:00,15.4,1.70,93,14.3,14.9,1.70,0.00,0.00,61,100,100,100,100,12.8,203,191,25.5,37.8,0,0.00,1007.0,993.0
2021-10-20T22:00,15.5,0.10,91,14.1,14.2,0.10,0.00,0.00,51,100,100,100,11,18.2,212,205,33.0,38.5,0,0.00,1006.3,992.4
2021-10-20T23:00,15.3,0.90,90,13.7,13.5,0.90,0.00,0.00,53,100,100,100,0,20.8,202,194,36.8,42.5,0,0.00,1004.9,991.0
2021-10-21T00:00,15.3,1.70,89,13.5,13.5,1.70,0.00,0.00,61,100,100,100,23,19.7,207,204,35.3,46.4,0,0.00,1003.9,990.0
2021-10-21T01:00,15.2,1.40,88,13.2,13.1,1.40,0.00,0.00,61,100,100,100,2,21.3,218,214,38.7,46.1,0,0.00,1002.4,988.5
2021-10-21T02:00,15.5,0.70,87,13.3,13.3,0.70,0.00,0.00,53,100,100,96,4,21.7,209,204,39.0,46.4,0,0.00,1001.1,987.2
2021-10-21T03:00,15.3,1.20,88,13.3,12.8,1.20,0.00,0.00,55,100,100,100,12,24.5,213,210,42.7,51.5,0,0.00,999.8,985.9
2021-10-21T04:00,15.0,0.30,89,13.2,11.7,0.30,0.00,0.00,51,100,100,73,15,29.0,224,223,48.9,63.0,0,0.00,999.6,985.7
2021-10-21T05:00,14.6,0.10,86,12.3,10.4,0.10,0.00,0.00,51,80,48,17,55,33.8,232,231,54.9,78.1,0,0.00,1000.5,986.6
2021-10-21T06:00,13.7,0.10,74,9.2,7.7,0.10,0.00,0.00,51,100,83,22,100,39.3,230,229,64.6,79.6,0,0.00,1001.4,987.4
2021-10-21T07:00,13.5,0.00,66,7.3,7.4,0.00,0.00,0.00,3,100,0,59,100,36.9,227,225,61.4,83.5,1,0.00,1002.0,988.0
2021-10-21T08:00,13.2,0.10,63,6.4,6.5,0.10,0.00,0.00,51,100,0,98,100,40.0,233,232,67.0,89.6,1,0.00,1003.4,989.4
2021-10-21T09:00,12.4,0.10,69,7.0,6.6,0.10,0.00,0.00,51,96,0,93,46,34.6,245,243,56.2,83.9,1,0.00,1006.6,992.5
2021-10-21T10:00,12.4,0.10,70,7.1,7.5,0.10,0.00,0.00,51,99,46,97,17,28.2,244,247,43.3,70.2,1,0.00,1008.9,994.8
2021-10-21T11:00,12.9,0.00,66,6.7,7.9,0.00,0.00,0.00,3,100,21,100,24,28.2,246,247,43.8,64.1,1,3094.92,1009.7,995.6
2021-10-21T12:00,13.7,0.10,60,6.1,8.4,0.10,0.00,0.00,51,84,0,83,10,29.3,253,254,44.8,64.8,1,3600.00,1010.1,996.0
2021-10-21T13:00,12.9,0.10,68,7.2,8.6,0.10,0.00,0.00,51,30,15,18,1,24.5,231,229,36.6,65.2,1,3600.00,1011.5,997.4
2021-10-21T14:00,14.1,0.10,56,5.4,8.7,0.10,0.00,0.00,51,32,0,30,4,29.2,237,237,44.0,60.5,1,3600.00,1010.5,996.4
2021-10-21T15:00,13.7,0.00,53,4.3,8.3,0.00,0.00,0.00,0,17,0,13,7,27.3,237,236,43.1,61.6,1,3600.00,1010.5,996.4
2021-10-21T16:00,13.6,0.00,53,4.2,8.9,0.00,0.00,0.00,0,13,0,10,3,23.1,233,233,38.0,57.6,1,3600.00,1010.4,996.3
2021-10-21T17:00,13.2,0.00,51,3.2,8.4,0.00,0.00,0.00,3,93,13,91,5,21.6,237,237,37.4,49.0,1,3046.65,1010.3,996.2
2021-10-21T18:00,11.6,1.50,69,6.2,7.6,1.50,0.00,0.00,61,100,100,99,23,20.9,250,251,35.3,57.6,0,0.00,1011.3,997.1
2021-10-21T19:00,10.5,1.30,85,8.1,7.0,1.30,0.00,0.00,61,100,100,100,100,20.2,271,272,35.3,43.2,0,0.00,1012.5,998.2
2021-10-21T20:00,9.5,2.30,88,7.6,6.4,2.30,0.00,0.00,61,100,0,100,100,17.1,292,292,29.5,46.4,0,0.00,1013.6,999.3
2021-10-21T21:00,9.3,0.30,86,7.0,6.9,0.30,0.00,0.00,51,100,0,100,14,10.7,309,310,18.9,34.9,0,0.00,1014.2,999.8
2021-10-21T22:00,8.9,0.00,84,6.4,6.8,0.00,0.00,0.00,3,95,0,95,0,8.0,311,306,15.3,22.3,0,0.00,1014.9,1000.5
2021-10-21T23:00,8.3,0.00,85,5.9,5.9,0.00,0.00,0.00,0,1,0,0,1,9.5,304,299,18.7,19.8,0,0.00,1015.9,1001.5
2021-10-22T00:00,6.6,0.00,91,5.2,4.3,0.00,0.00,0.00,0,0,0,0,0,7.9,305,300,19.9,20.2,0,0.00,1016.6,1002.1
2021-10-22T01:00,5.3,0.00,94,4.4,2.9,0.00,0.00,0.00,0,0,0,0,0,7.4,308,313,12.8,17.3,0,0.00,1017.5,1002.9
2021-10-22T02:00,4.7,0.00,93,3.7,2.4,0.00,0.00,0.00,0,0,0,0,0,5.5,314,328,16.0,16.2,0,0.00,1017.9,1003.3
2021-10-22T03:00,4.0,0.00,93,3.0,1.5,0.00,0.00,0.00,0,0,0,0,0,6.0,288,245,10.6,13.7,0,0.00,1018.1,1003.4
2021-10-22T04:00,3.9,0.00,95,3.2,1.5,0.00,0.00,0.00,0,8,0,5,4,5.4,239,200,10.5,10.8,0,0.00,1018.5,1003.8
2021-10-22T05:00,3.9,0.00,96,3.3,1.5,0.00,0.00,0.00,0,1,0,0,1,5.4,232,200,13.3,11.5,0,0.00,1018.7,1004.0
2021-10-22T06:00,4.0,0.00,96,3.4,1.5,0.00,0.00,0.00,0,2,2,0,0,6.3,229,204,15.8,13.3,0,0.00,1018.7,1004.0
2021-10-22T07:00,3.6,0.00,97,3.1,1.1,0.00,0.00,0.00,0,2,2,0,0,6.0,233,213,16.7,13.7,1,0.00,1019.0,1004.3
2021-10-22T08:00,5.0,0.00,95,4.2,2.4,0.00,0.00,0.00,0,0,0,0,0,7.8,232,214,16.4,15.8,1,1786.59,1020.0,1005.3
2021-10-22T09:00,6.4,0.00,92,5.1,3.8,0.00,0.00,0.00,0,0,0,0,0,9.7,222,211,17.8,21.6,1,3600.00,1020.4,1005.8
2021-10-22T10:00,7.8,0.00,85,5.4,4.8,0.00,0.00,0.00,0,1,0,0,1,12.2,227,223,18.3,28.1,1,3600.00,1020.6,1006.1
2021-10-22T11:00,9.4,0.00,75,5.1,5.9,0.00,0.00,0.00,0,0,0,0,0,15.3,233,231,22.1,34.2,1,3600.00,1020.6,1006.2
2021-10-22T12:00,10.7,0.00,63,4.0,6.6,0.00,0.00,0.00,0,0,0,0,0,17.9,246,245,25.6,39.2,1,3600.00,1020.5,1006.1
2021-10-22T13:00,11.2,0.00,55,2.4,6.6,0.00,0.00,0.00,2,68,8,12,26,19.9,266,266,28.5,48.2,1,3600.00,1020.9,1006.5
2021-10-22T14:00,11.4,0.00,54,2.4,6.5,0.00,0.00,0.00,3,100,46,4,100,21.7,265,265,32.5,47.9,1,3600.00,1020.6,1006.3
2021-10-22T15:00,11.1,0.00,58,3.1,6.5,0.00,0.00,0.00,1,49,25,0,32,20.0,262,263,30.1,45.4,1,1978.47,1020.6,1006.2
2021-10-22T16:00,10.5,0.00,59,2.9,6.0,0.00,0.00,0.00,2,79,0,0,79,19.8,269,269,30.6,47.2,1,3600.00,1021.4,1007.0
2021-10-22T17:00,9.6,0.00,63,2.9,5.5,0.00,0.00,0.00,3,100,64,1,100,16.5,261,260,27.7,41.0,1,1619.52,1021.8,1007.4
2021-10-22T18:00,9.1,0.00,64,2.8,5.5,0.00,0.00,0.00,1,30,6,1,25,13.2,245,241,23.4,34.6,0,0.00,1022.2,1007.7
2021-10-22T19:00,7.9,0.00,71,3.0,4.6,0.00,0.00,0.00,3,100,49,100,43,11.8,239,232,24.9,27.4,0,0.00,1022.8,1008.3
2021-10-22T20:00,8.5,0.00,69,3.2,5.2,0.00,0.00,0.00,3,100,6,100,43,12.0,239,231,23.1,26.6,0,0.00,1023.3,1008.8
2021-10-22T21:00,8.3,0.00,72,3.6,5.1,0.00,0.00,0.00,2,64,1,21,62,11.7,236,227,22.1,25.6,0,0.00,1023.6,1009.1
2021-10-22T22:00,7.4,0.00,79,4.0,4.5,0.00,0.00,0.00,3,100,0,100,100,10.0,233,218,22.1,24.1,0,0.00,1024.3,1009.7
2021-10-22T23:00,8.0,0.00,79,4.6,5.2,0.00,0.00,0.00,3,100,0,100,100,10.3,229,216,20.4,22.0,0,0.00,1024.8,1010.2
2021-10-23T00:00,8.0,0.00,80,4.8,5.4,0.00,0.00,0.00,3,100,0,100,100,9.3,227,216,18.1,21.2,0,0.00,1025.3,1010.7
2021-10-23T01:00,7.7,0.00,87,5.6,5.8,0.00,0.00,0.00,3,100,0,100,100,5.4,249,228,13.9,19.1,0,0.00,1025.9,1011.3
2021-10-23T02:00,8.1,0.00,86,5.8,6.5,0.00,0.00,0.00,3,100,0,100,100,3.9,253,214,9.8,12.6,0,0.00,1026.2,1011.6
2021-10-23T03:00,8.0,0.10,88,6.1,6.5,0.10,0.00,0.00,51,66,0,34,50,3.7,247,191,8.2,9.0,0,0.00,1026.4,1011.8
2021-10-23T04:00,6.7,0.10,94,5.7,5.1,0.10,0.00,0.00,51,100,3,17,100,3.8,247,197,9.0,8.3,0,0.00,1026.7,1012.0
2021-10-23T05:00,6.8,0.00,94,5.9,5.1,0.00,0.00,0.00,3,100,100,5,52,4.6,232,198,10.5,9.4,0,0.00,1026.7,1012.0
2021-10-23T06:00,5.9,0.00,96,5.3,4.0,0.00,0.00,0.00,3,100,99,6,41,5.0,234,201,10.3,9.4,0,0.00,1027.0,1012.3
2021-10-23T07:00,5.3,0.00,97,4.9,3.3,0.00,0.00,0.00,0,10,0,0,10,5.2,225,192,10.7,9.4,1,0.00,1027.2,1012.5
2021-10-23T08:00,6.5,0.00,96,5.9,4.3,0.00,0.00,0.00,0,1,0,0,1,7.6,209,185,15.6,14.0,1,1683.46,1027.6,1012.9
2021-10-23T09:00,8.1,0.00,92,6.8,6.8,0.00,0.00,0.00,0,8,0,0,8,3.3,225,221,8.1,14.0,1,3600.00,1028.7,1014.1
2021-10-23T10:00,9.6,0.00,83,6.9,7.9,0.00,0.00,0.00,2,54,0,0,54,6.0,236,237,8.3,16.6,1,3600.00,1029.0,1014.5
2021-10-23T11:00,10.6,0.00,76,6.5,9.3,0.00,0.00,0.00,2,60,0,0,60,2.9,236,240,3.9,16.6,1,3600.00,1029.2,1014.7
2021-10-23T12:00,11.5,0.00,69,6.0,10.1,0.00,0.00,0.00,1,42,0,0,42,2.2,286,279,2.6,12.2,1,3600.00,1029.2,1014.7
2021-10-23T13:00,12.1,0.00,64,5.6,10.7,0.00,0.00,0.00,1,26,5,10,25,2.1,34,31,2.6,11.5,1,3600.00,1029.2,1014.8
2021-10-23T14:00,12.6,0.00,58,4.7,10.7,0.00,0.00,0.00,3,100,4,14,100,4.3,4,5,5.8,13.0,1,3600.00,1029.3,1014.9
2021-10-23T15:00,12.3,0.00,58,4.2,10.2,0.00,0.00,0.00,3,99,4,8,99,5.0,22,21,6.6,13.0,1,3421.69,1029.1,1014.7
2021-10-23T16:00,12.0,0.00,60,4.4,10.2,0.00,0.00,0.00,3,99,0,0,99,2.5,48,45,4.3,11.9,1,2432.65,1029.3,1014.9
2021-10-23T17:00,9.4,0.00,76,5.3,7.4,0.00,0.00,0.00,0,0,0,0,0,5.7,72,72,6.8,8.3,1,2804.81,1029.1,1014.5
2021-10-23T18:00,7.4,0.00,75,3.3,5.1,0.00,0.00,0.00,0,0,0,0,0,5.5,63,67,8.9,10.4,0,0.00,1029.3,1014.6
2021-10-23T19:00,6.6,0.00,78,3.0,3.9,0.00,0.00,0.00,0,3,3,0,0,7.0,81,78,13.8,13.3,0,0.00,1029.5,1014.8
2021-10-23T20:00,6.2,0.00,76,2.2,2.9,0.00,0.00,0.00,0,0,0,0,0,10.1,97,88,22.1,19.4,0,0.00,1029.5,1014.8
2021-10-23T21:00,6.3,0.00,73,1.8,2.9,0.00,0.00,0.00,0,0,0,0,0,11.2,97,92,25.4,22.3,0,0.00,1029.5,1014.8
2021-10-23T22:00,6.0,0.00,72,1.4,2.5,0.00,0.00,0.00,0,0,0,0,0,11.2,101,96,25.3,22.3,0,0.00,1029.7,1015.0
2021-10-23T23:00,5.7,0.00,72,1.1,2.0,0.00,0.00,0.00,0,0,0,0,0,11.9,100,93,26.7,24.1,0,0.00,1029.7,1014.9
2021-10-24T00:00,5.4,0.00,72,0.8,1.6,0.00,0.00,0.00,0,0,0,0,0,12.6,100,95,27.8,25.9,0,0.00,1029.6,1014.8
2021-10-24T01:00,5.3,0.00,75,1.2,1.4,0.00,0.00,0.00,0,0,0,0,0,13.1,102,98,27.6,26.6,0,0.00,1029.3,1014.5
2021-10-24T02:00,4.8,0.00,77,1.1,0.9,0.00,0.00,0.00,0,0,0,0,0,13.4,101,98,28.9,27.4,0,0.00,1029.1,1014.3
2021-10-24T03:00,4.6,0.00,77,1.0,0.6,0.00,0.00,0.00,0,0,0,0,0,14.3,103,100,30.0,28.8,0,0.00,1028.6,1013.8
2021-10-24T04:00,4.4,0.00,78,0.9,0.4,0.00,0.00,0.00,0,0,0,0,0,13.8,102,97,29.1,29.2,0,0.00,1028.2,1013.4
2021-10-24T05:00,4.1,0.00,79,0.7,0.0,0.00,0.00,0.00,0,0,0,0,0,13.9,104,100,29.3,28.1,0,0.00,1028.0,1013.2
2021-10-24T06:00,4.0,0.00,79,0.6,-0.2,0.00,0.00,0.00,0,0,0,0,0,14.9,107,105,30.5,29.9,0,0.00,1027.7,1012.9
2021-10-24T07:00,3.9,0.00,78,0.5,-0.3,0.00,0.00,0.00,0,0,0,0,0,15.1,110,108,31.1,30.6,0,0.00,1027.3,1012.5
2021-10-24T08:00,4.8,0.00,76,0.9,0.5,0.00,0.00,0.00,0,0,0,0,0,15.4,112,111,29.9,31.0,1,1579.84,1027.5,1012.7
2021-10-24T09:00,6.6,0.00,73,2.1,2.9,0.00,0.00,0.00,0,0,0,0,0,13.4,112,110,31.2,31.0,1,3600.00,1027.5,1012.8
2021-10-24T10:00,8.6,0.00,66,2.7,4.9,0.00,0.00,0.00,0,0,0,0,0,14.2,118,117,22.1,31.3,1,3600.00,1027.5,1012.9
2021-10-24T11:00,10.3,0.00,63,3.6,7.0,0.00,0.00,0.00,0,0,0,0,0,12.3,123,122,17.7,31.0,1,3600.00,1027.1,1012.6
2021-10-24T12:00,11.8,0.00,60,4.4,9.0,0.00,0.00,0.00,0,0,0,0,0,10.2,133,132,14.3,28.1,1,3600.00,1026.6,1012.2
2021-10-24T13:00,13.1,0.00,59,5.2,10.6,0.00,0.00,0.00,0,0,0,0,0,8.9,133,133,12.2,24.5,1,3600.00,1025.7,1011.4
2021-10-24T14:00,13.6,0.00,59,5.7,11.4,0.00,0.00,0.00,0,0,0,0,0,7.9,138,141,10.7,21.6,1,3600.00,1025.1,1010.8
2021-10-24T15:00,13.7,0.00,60,6.1,11.9,0.00,0.00,0.00,0,0,0,0,0,5.7,158,162,7.8,19.1,1,3600.00,1024.6,1010.3
2021-10-24T16:00,13.0,0.00,76,8.8,12.4,0.00,0.00,0.00,0,0,0,0,0,2.2,172,189,5.4,13.7,1,3600.00,1024.4,1010.1
2021-10-24T17:00,11.3,0.00,70,5.9,9.4,0.00,0.00,0.00,0,0,0,0,0,5.9,135,128,8.7,9.0,1,2684.99,1023.7,1009.3
2021-10-24T18:00,11.3,0.00,68,5.6,9.4,0.00,0.00,0.00,0,0,0,0,0,5.2,168,164,8.5,10.4,0,0.00,1023.8,1009.4
2021-10-24T19:00,6.6,0.00,85,4.3,4.4,0.00,0.00,0.00,0,0,0,0,0,6.0,153,115,8.9,9.4,0,0.00,1023.6,1009.0
2021-10-24T20:00,6.0,0.00,87,4.0,3.6,0.00,0.00,0.00,0,0,0,0,0,6.3,151,114,9.5,10.4,0,0.00,1023.4,1008.7
2021-10-24T21:00,5.7,0.00,89,4.0,3.5,0.00,0.00,0.00,0,0,0,0,0,5.5,150,113,10.0,10.4,0,0.00,1023.3,1008.6
2021-10-24T22:00,5.3,0.00,91,3.9,2.8,0.00,0.00,0.00,0,0,0,0,0,6.8,138,108,13.0,12.6,0,0.00,1023.4,1008.7
2021-10-24T23:00,4.9,0.00,92,3.8,2.3,0.00,0.00,0.00,0,0,0,0,0,7.5,137,107,14.3,13.3,0,0.00,1023.3,1008.6
2021-10-25T00:00,4.7,0.00,93,3.7,2.0,0.00,0.00,0.00,0,0,0,0,0,8.3,142,108,14.6,15.1,0,0.00,1023.1,1008.4
2021-10-25T01:00,4.3,0.00,94,3.4,1.8,0.00,0.00,0.00,0,0,0,0,0,6.6,165,112,11.2,15.5,0,0.00,1023.3,1008.6
2021-10-25T02:00,3.3,0.00,94,2.5,0.7,0.00,0.00,0.00,0,8,8,0,0,6.1,178,118,12.6,12.2,0,0.00,1023.3,1008.5
2021-10-25T03:00,3.7,0.00,94,2.8,1.1,0.00,0.00,0.00,0,12,12,0,0,6.5,180,124,14.0,12.6,0,0.00,1023.3,1008.5
2021-10-25T04:00,3.6,0.00,94,2.7,1.1,0.00,0.00,0.00,0,13,13,0,0,5.7,183,125,13.7,13.0,0,0.00,1023.1,1008.3
2021-10-25T05:00,3.3,0.00,94,2.4,0.8,0.00,0.00,0.00,3,100,100,0,3,5.1,185,129,11.9,11.5,0,0.00,1023.0,1008.2
2021-10-25T06:00,3.3,0.00,94,2.4,0.7,0.00,0.00,0.00,3,100,100,1,13,5.9,180,137,11.9,11.2,0,0.00,1022.7,1007.9
2021-10-25T07:00,4.0,0.00,95,3.2,1.2,0.00,0.00,0.00,3,87,85,0,14,8.2,160,131,14.9,15.1,0,0.00,1022.2,1007.5
2021-10-25T08:00,4.8,0.00,93,3.7,1.9,0.00,0.00,0.00,0,1,1,0,0,9.7,152,132,17.9,17.6,1,1273.35,1022.8,1008.1
2021-10-25T09:00,7.2,0.00,86,5.0,4.8,0.00,0.00,0.00,2,56,54,16,1,8.2,147,119,16.7,18.7,1,3600.00,1023.1,1008.5
2021-10-25T10:00,9.5,0.00,79,6.1,7.7,0.00,0.00,0.00,0,10,0,10,0,5.9,153,137,12.6,16.2,1,3600.00,1022.9,1008.4
2021-10-25T11:00,11.6,0.00,71,6.5,9.8,0.00,0.00,0.00,0,2,0,2,0,6.0,163,163,8.7,16.6,1,3600.00,1022.7,1008.3
2021-10-25T12:00,13.1,0.00,67,7.1,11.5,0.00,0.00,0.00,0,3,0,3,0,5.9,170,169,8.0,17.3,1,3600.00,1022.3,1008.0
2021-10-25T13:00,14.2,0.00,61,6.7,12.7,0.00,0.00,0.00,1,21,4,0,0,4.0,152,153,5.3,17.6,1,3600.00,1021.6,1007.4
2021-10-25T14:00,14.9,0.00,60,7.2,13.4,0.00,0.00,0.00,0,0,0,0,0,5.1,141,141,6.9,13.3,1,3600.00,1020.7,1006.5
2021-10-25T15:00,15.3,0.00,60,7.6,13.9,0.00,0.00,0.00,0,12,12,0,0,5.4,141,143,7.9,13.7,1,3600.00,1020.1,1006.0
2021-10-25T16:00,14.3,0.00,77,10.4,13.9,0.00,0.00,0.00,2,77,77,0,0,3.4,144,148,8.0,12.2,1,3600.00,1019.9,1005.7
2021-10-25T17:00,13.4,0.00,67,7.3,11.9,0.00,0.00,0.00,3,100,100,0,0,5.1,150,135,7.9,9.0,1,2566.09,1019.5,1005.3
2021-10-25T18:00,10.6,0.00,77,6.7,9.0,0.00,0.00,0.00,0,1,0,0,1,5.1,166,129,7.4,10.4,0,0.00,1019.6,1005.2
2021-10-25T19:00,11.8,0.00,73,7.1,10.1,0.00,0.00,0.00,0,2,0,0,2,6.1,246,225,10.6,10.8,0,0.00,1020.4,1006.1
2021-10-25T20:00,8.8,0.00,81,5.8,7.3,0.00,0.00,0.00,0,0,0,0,0,3.5,229,114,7.7,10.4,0,0.00,1020.3,1005.8
2021-10-25T21:00,8.2,0.00,83,5.5,6.1,0.00,0.00,0.00,0,15,10,0,6,7.0,224,168,11.5,11.5,0,0.00,1020.6,1006.1
2021-10-25T22:00,7.9,0.00,87,6.0,6.0,0.00,0.00,0.00,3,100,100,0,6,6.5,208,174,15.5,13.3,0,0.00,1020.8,1006.3
2021-10-25T23:00,8.1,0.00,91,6.7,6.1,0.00,0.00,0.00,3,99,98,84,23,7.6,213,188,19.0,15.1,0,0.00,1021.2,1006.7
2021-10-26T00:00,8.2,0.00,94,7.3,6.5,0.00,0.00,0.00,3,100,100,87,100,6.6,223,193,17.3,16.6,0,0.00,1021.3,1006.8
2021-10-26T01:00,9.9,0.10,95,9.2,8.6,0.10,0.00,0.00,51,100,100,100,34,7.4,228,209,17.8,14.4,0,0.00,1021.7,1007.3
2021-10-26T02:00,9.9,0.10,95,9.2,8.5,0.10,0.00,0.00,51,100,100,100,11,7.9,226,204,18.6,16.9,0,0.00,1021.9,1007.5
2021-10-26T03:00,9.5,0.00,96,8.9,8.1,0.00,0.00,0.00,3,100,100,69,15,8.0,217,198,19.3,16.2,0,0.00,1021.9,1007.4
2021-10-26T04:00,9.4,0.00,97,8.9,7.8,0.00,0.00,0.00,3,100,100,97,36,8.6,225,213,20.4,18.0,0,0.00,1022.1,1007.6
2021-10-26T05:00,9.4,0.10,97,8.9,7.8,0.10,0.00,0.00,51,100,100,100,38,8.8,228,215,19.4,18.4,0,0.00,1022.5,1008.0
2021-10-26T06:00,9.5,0.00,97,9.1,8.1,0.00,0.00,0.00,3,88,60,27,58,8.4,224,211,18.6,18.4,0,0.00,1022.5,1008.0
2021-10-26T07:00,9.4,0.00,97,9.0,8.1,0.00,0.00,0.00,3,100,1,49,100,6.5,228,214,16.6,16.9,0,0.00,1023.0,1008.5
2021-10-26T08:00,9.9,0.00,96,9.4,8.6,0.00,0.00,0.00,3,98,0,13,97,8.0,224,207,17.1,16.2,1,0.00,1023.6,1009.1
2021-10-26T09:00,10.8,0.00,95,10.1,9.6,0.00,0.00,0.00,3,100,0,15,100,8.5,228,208,18.4,19.1,1,2703.28,1024.2,1009.8
2021-10-26T10:00,11.8,0.00,91,10.4,10.7,0.00,0.00,0.00,3,100,0,22,100,8.2,229,221,14.8,19.4,1,254.34,1024.3,1009.9
2021-10-26T11:00,12.8,0.00,89,10.9,11.9,0.00,0.00,0.00,3,100,0,1,100,7.9,225,219,11.2,19.4,1,1643.09,1024.1,1009.8
2021-10-26T12:00,13.8,0.00,80,10.4,12.3,0.00,0.00,0.00,3,100,0,5,100,10.9,243,243,15.3,27.7,1,3600.00,1023.9,1009.6
2021-10-26T13:00,13.9,0.00,77,10.0,12.2,0.00,0.00,0.00,3,100,0,24,10,11.3,249,248,15.8,28.1,1,0.00,1024.2,1009.9
2021-10-26T14:00,14.3,0.10,72,9.4,12.2,0.10,0.00,0.00,51,84,76,11,28,13.4,247,246,19.2,29.2,1,3600.00,1023.9,1009.7
2021-10-26T15:00,14.3,0.10,71,9.2,12.3,0.10,0.00,0.00,51,100,100,23,42,12.1,249,247,18.1,29.2,1,3600.00,1023.7,1009.5
2021-10-26T16:00,13.9,0.00,76,9.7,12.6,0.00,0.00,0.00,3,100,100,9,23,8.0,255,252,15.3,25.9,1,3340.47,1023.9,1009.6
2021-10-26T17:00,12.1,0.00,84,9.5,11.1,0.00,0.00,0.00,3,94,91,0,36,5.8,251,240,15.3,16.9,1,0.00,1024.2,1009.8
2021-10-26T18:00,10.7,0.00,90,9.1,9.5,0.00,0.00,0.00,3,100,99,0,40,6.7,247,234,16.8,13.3,0,0.00,1024.7,1010.3
2021-10-26T19:00,9.6,0.00,92,8.3,8.3,0.00,0.00,0.00,3,92,91,1,12,5.6,247,230,16.0,13.3,0,0.00,1025.8,1011.3
2021-10-26T20:00,9.1,0.00,93,8.0,7.5,0.00,0.00,0.00,3,96,96,0,0,6.9,241,223,18.8,14.8,0,0.00,1025.9,1011.4
2021-10-26T21:00,8.1,0.00,94,7.2,6.5,0.00,0.00,0.00,3,100,100,15,0,6.0,238,213,17.0,14.4,0,0.00,1026.1,1011.5
2021-10-26T22:00,7.7,0.00,95,6.9,6.1,0.00,0.00,0.00,3,93,93,2,0,5.6,229,195,15.8,13.0,0,0.00,1026.4,1011.8
2021-10-26T23:00,6.8,0.00,96,6.2,5.0,0.00,0.00,0.00,3,96,96,0,6,5.4,223,180,13.2,11.9,0,0.00,1026.7,1012.0
2021-10-27T00:00,7.0,0.00,96,6.4,5.3,0.00,0.00,0.00,3,93,89,0,34,5.6,206,165,13.2,10.8,0,0.00,1026.5,1011.9
2021-10-27T01:00,8.1,0.00,95,7.4,6.4,0.00,0.00,0.00,2,62,100,0,32,7.2,204,180,17.7,14.4,0,0.00,1026.8,1012.2
2021-10-27T02:00,7.5,0.00,95,6.7,5.7,0.00,0.00,0.00,2,77,60,0,41,6.3,216,193,17.8,14.4,0,0.00,1027.0,1012.4
2021-10-27T03:00,7.4,0.00,95,6.7,5.7,0.00,0.00,0.00,3,90,83,1,40,5.7,224,198,16.0,13.7,0,0.00,1026.8,1012.2
2021-10-27T04:00,7.1,0.00,95,6.4,5.4,0.00,0.00,0.00,3,95,83,0,68,4.9,206,163,12.4,11.2,0,0.00,1026.7,1012.1
2021-10-27T05:00,7.4,0.00,95,6.7,5.5,0.00,0.00,0.00,3,100,100,0,100,7.3,180,147,15.1,14.0,0,0.00,1026.9,1012.3
2021-10-27T06:00,7.3,0.00,95,6.6,5.5,0.00,0.00,0.00,3,100,100,1,100,6.7,173,144,14.5,14.4,0,0.00,1027.1,1012.5
2021-10-27T07:00,7.6,0.00,95,6.9,5.9,0.00,0.00,0.00,3,100,99,0,100,5.9,177,137,12.3,13.3,0,0.00,1027.2,1012.6
2021-10-27T08:00,8.5,0.00,93,7.5,6.8,0.00,0.00,0.00,3,100,100,0,100,7.2,180,143,11.9,13.0,1,0.00,1027.5,1012.9
2021-10-27T09:00,9.8,0.00,90,8.3,8.4,0.00,0.00,0.00,3,100,93,0,100,6.4,178,133,11.2,13.7,1,0.00,1027.7,1013.2
2021-10-27T10:00,10.9,0.00,87,8.8,9.6,0.00,0.00,0.00,3,91,86,0,40,6.7,156,144,10.6,15.8,1,0.00,1027.6,1013.1
2021-10-27T11:00,12.0,0.00,84,9.4,10.8,0.00,0.00,0.00,3,95,93,0,29,7.1,153,150,10.1,18.0,1,3600.00,1027.4,1013.0
2021-10-27T12:00,13.6,0.00,79,10.0,12.8,0.00,0.00,0.00,2,77,77,0,1,5.5,151,148,7.4,18.0,1,3600.00,1027.1,1012.8
2021-10-27T13:00,14.6,0.00,74,10.0,14.3,0.00,0.00,0.00,3,87,100,0,63,2.6,124,124,3.9,16.2,1,3600.00,1026.5,1012.2
2021-10-27T14:00,15.4,0.00,71,10.2,14.8,0.00,0.00,0.00,3,99,98,0,67,4.2,123,121,6.0,12.2,1,3600.00,1025.7,1011.5
2021-10-27T15:00,15.6,0.00,69,10.0,15.0,0.00,0.00,0.00,3,99,99,0,45,4.5,107,104,6.0,12.2,1,3600.00,1025.1,1010.9
2021-10-27T16:00,14.9,0.00,77,11.0,14.8,0.00,0.00,0.00,3,85,85,0,0,3.0,90,76,7.2,10.8,1,3600.00,1024.7,1010.5
2021-10-27T17:00,11.9,0.00,85,9.5,10.9,0.00,0.00,0.00,3,88,88,0,0,5.9,95,79,12.6,10.4,1,2331.58,1024.4,1010.0
2021-10-27T18:00,10.9,0.00,89,9.1,9.6,0.00,0.00,0.00,3,100,100,0,0,6.9,98,81,15.3,13.3,0,0.00,1024.5,1010.1
2021-10-27T19:00,9.8,0.00,92,8.6,8.4,0.00,0.00,0.00,3,99,99,0,0,6.9,97,81,15.6,13.7,0,0.00,1024.4,1009.9
2021-10-27T20:00,9.4,0.00,92,8.1,7.8,0.00,0.00,0.00,1,42,42,0,0,7.6,100,82,16.1,14.4,0,0.00,1024.3,1009.8
2021-10-27T21:00,9.1,0.00,91,7.8,7.2,0.00,0.00,0.00,0,4,4,0,0,9.0,105,92,20.1,17.3,0,0.00,1024.1,1009.6
2021-10-27T22:00,9.1,0.00,91,7.7,6.8,0.00,0.00,0.00,0,2,2,0,0,11.5,111,104,24.7,22.3,0,0.00,1024.2,1009.7
2021-10-27T23:00,8.6,0.00,92,7.4,6.2,0.00,0.00,0.00,0,2,2,0,0,11.4,114,103,24.0,22.7,0,0.00,1024.1,1009.6
2021-10-28T00:00,8.1,0.00,93,7.1,5.6,0.00,0.00,0.00,0,0,0,0,0,11.9,115,104,24.6,23.0,0,0.00,1023.7,1009.2
2021-10-28T01:00,8.1,0.00,93,7.0,5.6,0.00,0.00,0.00,0,0,32,0,0,12.2,119,109,25.5,23.4,0,0.00,1023.2,1008.7
2021-10-28T02:00,7.8,0.00,93,6.8,5.2,0.00,0.00,0.00,0,12,12,0,0,12.1,115,107,25.1,24.5,0,0.00,1023.0,1008.4
2021-10-28T03:00,7.4,0.00,94,6.5,4.8,0.00,0.00,0.00,0,0,0,0,0,11.8,114,110,25.3,23.8,0,0.00,1022.7,1008.1
2021-10-28T04:00,7.1,0.00,94,6.2,4.6,0.00,0.00,0.00,0,0,0,0,0,10.6,118,114,24.0,23.8,0,0.00,1022.5,1007.9
2021-10-28T05:00,6.6,0.00,95,5.8,4.1,0.00,0.00,0.00,0,0,0,0,0,9.8,121,118,22.6,21.6,0,0.00,1022.4,1007.8
2021-10-28T06:00,6.2,0.00,95,5.5,3.6,0.00,0.00,0.00,0,1,0,0,1,10.0,123,120,22.7,20.2,0,0.00,1022.3,1007.7
2021-10-28T07:00,5.9,0.00,95,5.2,3.1,0.00,0.00,0.00,0,6,0,0,6,10.5,124,121,22.6,21.2,0,0.00,1022.4,1007.8
2021-10-28T08:00,6.2,0.00,94,5.3,3.5,0.00,0.00,0.00,1,20,0,0,20,10.5,125,117,21.0,20.9,1,716.42,1022.5,1007.9
2021-10-28T09:00,7.5,0.00,90,6.0,5.0,0.00,0.00,0.00,2,63,0,0,63,9.8,124,126,15.3,21.2,1,3600.00,1022.5,1007.9
2021-10-28T10:00,8.6,0.00,88,6.8,6.6,0.00,0.00,0.00,2,76,0,0,76,8.0,123,126,10.7,21.6,1,3600.00,1022.0,1007.5
2021-10-28T11:00,10.2,0.00,85,7.7,8.6,0.00,0.00,0.00,2,69,0,0,69,6.6,128,135,8.7,19.4,1,3600.00,1021.7,1007.3
2021-10-28T12:00,12.2,0.00,77,8.3,10.8,0.00,0.00,0.00,2,57,0,0,57,6.6,160,167,8.4,18.0,1,3600.00,1021.4,1007.1
2021-10-28T13:00,11.3,0.00,80,7.9,9.7,0.00,0.00,0.00,0,13,0,0,85,6.8,147,148,8.6,18.0,1,3600.00,1020.7,1006.4
2021-10-28T14:00,11.9,0.00,78,8.2,10.4,0.00,0.00,0.00,1,22,0,0,22,6.7,127,126,9.0,17.3,1,3600.00,1020.0,1005.7
2021-10-28T15:00,12.4,0.00,76,8.3,10.9,0.00,0.00,0.00,0,2,0,0,2,7.3,125,123,10.1,17.6,1,3600.00,1019.4,1005.1
2021-10-28T16:00,11.8,0.00,80,8.5,10.5,0.00,0.00,0.00,0,0,0,0,0,6.0,110,107,10.7,16.9,1,3600.00,1019.0,1004.7
2021-10-28T17:00,9.5,0.00,89,7.8,7.8,0.00,0.00,0.00,0,0,0,0,0,7.3,118,101,15.1,13.0,1,2216.27,1018.6,1004.2
2021-10-28T18:00,8.4,0.00,91,7.1,6.2,0.00,0.00,0.00,0,0,0,0,0,10.1,124,107,21.3,19.4,0,0.00,1018.5,1004.0
2021-10-28T19:00,8.2,0.00,91,6.7,5.9,0.00,0.00,0.00,0,0,0,0,0,10.0,127,105,20.8,19.8,0,0.00,1018.3,1003.8
2021-10-28T20:00,7.9,0.00,91,6.5,5.5,0.00,0.00,0.00,0,0,0,0,0,10.2,122,100,20.4,19.4,0,0.00,1017.7,1003.2
2021-10-28T21:00,7.9,0.00,90,6.4,5.3,0.00,0.00,0.00,0,0,0,0,0,11.6,123,106,24.8,22.3,0,0.00,1017.4,1002.9
2021-10-28T22:00,8.2,0.00,89,6.5,5.5,0.00,0.00,0.00,0,0,0,0,0,12.3,121,105,25.5,23.4,0,0.00,1017.0,1002.6
2021-10-28T23:00,8.1,0.00,88,6.3,5.5,0.00,0.00,0.00,0,0,0,0,0,11.8,120,110,25.8,24.1,0,0.00,1016.7,1002.3
2021-10-29T00:00,7.5,0.00,89,5.8,5.2,0.00,0.00,0.00,0,0,0,0,0,8.7,119,107,21.4,23.4,0,0.00,1016.5,1002.0
2021-10-29T01:00,7.4,0.00,92,6.2,4.9,0.00,0.00,0.00,0,0,0,0,0,10.0,120,116,22.4,19.4,0,0.00,1016.3,1001.8
2021-10-29T02:00,6.5,0.00,94,5.6,4.4,0.00,0.00,0.00,0,0,0,0,0,7.1,118,114,19.2,19.8,0,0.00,1016.2,1001.7
2021-10-29T03:00,6.2,0.00,95,5.4,3.8,0.00,0.00,0.00,0,0,0,0,0,8.6,120,112,20.3,16.6,0,0.00,1016.0,1001.5
2021-10-29T04:00,6.2,0.00,94,5.3,3.8,0.00,0.00,0.00,3,100,100,0,0,8.1,123,122,20.6,17.6,0,0.00,1015.8,1001.3
2021-10-29T05:00,6.0,0.00,94,5.1,3.6,0.00,0.00,0.00,3,98,98,0,0,8.3,124,124,20.0,17.3,0,0.00,1015.6,1001.1
2021-10-29T06:00,5.7,0.00,94,4.9,3.3,0.00,0.00,0.00,3,93,93,0,1,8.3,124,124,20.0,16.6,0,0.00,1015.3,1000.7
2021-10-29T07:00,5.7,0.00,94,4.8,2.9,0.00,0.00,0.00,3,100,100,0,1,10.3,118,115,23.2,20.5,0,0.00,1014.9,1000.4
2021-10-29T08:00,6.3,0.00,92,5.1,3.7,0.00,0.00,0.00,3,100,100,0,1,9.3,118,118,20.5,20.2,1,0.00,1015.0,1000.5
2021-10-29T09:00,8.0,0.00,87,6.0,6.2,0.00,0.00,0.00,3,97,97,0,0,5.4,115,127,16.3,18.4,1,3600.00,1015.0,1000.6
2021-10-29T10:00,9.9,0.00,82,7.0,8.4,0.00,0.00,0.00,3,83,83,0,0,5.2,116,124,10.0,14.0,1,3600.00,1015.0,1000.7
2021-10-29T11:00,11.9,0.00,77,8.0,10.4,0.00,0.00,0.00,0,16,16,0,0,6.9,113,118,10.2,18.0,1,3600.00,1014.5,1000.3
2021-10-29T12:00,13.6,0.00,71,8.5,12.3,0.00,0.00,0.00,1,46,46,0,0,6.1,127,130,9.0,18.0,1,3600.00,1013.9,999.8
2021-10-29T13:00,13.0,0.00,74,8.5,10.9,0.00,0.00,0.00,1,43,100,0,0,11.3,111,112,15.8,17.3,1,3600.00,1013.4,999.2
2021-10-29T14:00,13.4,0.00,72,8.4,11.1,0.00,0.00,0.00,3,100,100,0,0,12.6,116,117,18.4,26.6,1,3600.00,1012.4,998.3
2021-10-29T15:00,13.4,0.00,73,8.6,11.1,0.00,0.00,0.00,2,75,75,0,0,13.6,120,122,21.3,28.4,1,3600.00,1012.0,997.9
2021-10-29T16:00,12.8,0.00,76,8.7,10.4,0.00,0.00,0.00,1,46,46,0,0,13.8,120,118,25.8,28.8,1,3600.00,1011.7,997.6
2021-10-29T17:00,11.3,0.00,81,8.2,8.5,0.00,0.00,0.00,3,94,94,0,0,15.7,117,110,31.4,31.0,1,2102.44,1011.3,997.1
2021-10-29T18:00,11.0,0.00,82,8.0,7.9,0.00,0.00,0.00,3,100,100,0,0,17.1,116,112,34.0,34.2,0,0.00,1011.4,997.2
2021-10-29T19:00,10.6,0.00,83,7.9,7.8,0.00,0.00,0.00,3,89,89,0,0,15.4,117,111,31.1,33.8,0,0.00,1011.5,997.3
2021-10-29T20:00,10.2,0.00,85,7.7,7.5,0.00,0.00,0.00,0,0,0,0,0,14.2,119,111,29.3,30.6,0,0.00,1011.8,997.5
2021-10-29T21:00,9.3,0.00,88,7.4,6.7,0.00,0.00,0.00,1,25,25,0,0,13.2,121,107,27.3,28.1,0,0.00,1011.9,997.6
2021-10-29T22:00,8.9,0.00,87,6.9,6.3,0.00,0.00,0.00,3,80,80,0,0,12.2,128,114,26.6,25.6,0,0.00,1012.2,997.9
2021-10-29T23:00,8.6,0.00,88,6.7,6.1,0.00,0.00,0.00,0,1,0,1,0,11.3,131,117,24.5,24.5,0,0.00,1012.1,997.7
2021-10-30T00:00,8.1,0.00,89,6.4,5.7,0.00,0.00,0.00,0,0,0,0,0,10.0,134,116,22.4,22.3,0,0.00,1012.0,997.6
2021-10-30T01:00,7.2,0.00,87,5.3,4.7,0.00,0.00,0.00,0,0,0,3,0,9.3,116,106,22.4,19.8,0,0.00,1011.9,997.5
2021-10-30T02:00,6.6,0.00,88,4.7,3.6,0.00,0.00,0.00,0,0,0,0,0,11.3,124,112,22.3,20.2,0,0.00,1011.7,997.2
2021-10-30T03:00,6.6,0.00,86,4.4,3.0,0.00,0.00,0.00,0,3,3,0,0,15.1,113,102,27.4,29.5,0,0.00,1010.7,996.3
2021-10-30T04:00,6.5,0.00,86,4.2,3.0,0.00,0.00,0.00,0,12,12,0,0,14.3,108,102,28.7,29.5,0,0.00,1009.9,995.5
2021-10-30T05:00,6.6,0.00,84,4.1,3.1,0.00,0.00,0.00,1,32,32,0,0,14.2,103,106,29.6,28.4,0,0.00,1009.0,994.6
2021-10-30T06:00,6.9,0.00,81,3.8,3.4,0.00,0.00,0.00,3,96,96,1,0,13.7,102,104,29.4,29.5,0,0.00,1008.4,994.0
2021-10-30T07:00,6.8,0.00,78,3.3,3.8,0.00,0.00,0.00,3,100,100,38,0,9.9,105,109,25.8,27.7,0,0.00,1008.4,994.0
2021-10-30T08:00,7.6,0.00,72,2.9,3.8,0.00,0.00,0.00,3,100,100,0,0,14.9,109,110,30.1,30.2,1,0.00,1007.8,993.5
2021-10-30T09:00,8.2,0.00,74,3.7,4.9,0.00,0.00,0.00,3,100,100,4,0,12.1,110,107,31.4,32.4,1,351.35,1008.1,993.8
2021-10-30T10:00,9.8,0.00,72,5.0,7.4,0.00,0.00,0.00,3,100,100,23,1,8.0,110,108,16.1,24.5,1,3600.00,1007.9,993.7
2021-10-30T11:00,11.7,0.00,68,5.9,9.4,0.00,0.00,0.00,3,100,100,100,0,9.1,100,99,14.6,21.2,1,3600.00,1007.0,992.9
2021-10-30T12:00,12.1,0.00,69,6.5,10.8,0.00,0.00,0.00,3,100,100,78,5,2.9,158,187,3.9,20.9,1,0.00,1007.3,993.2
2021-10-30T13:00,11.0,0.40,79,7.5,9.2,0.40,0.00,0.00,51,100,97,100,0,7.6,168,180,12.5,12.2,1,0.00,1007.3,993.1
2021-10-30T14:00,10.9,0.00,84,8.3,9.5,0.00,0.00,0.00,3,100,100,100,0,6.4,162,164,9.4,25.6,1,480.94,1007.6,993.4
2021-10-30T15:00,10.8,0.10,87,8.7,8.8,0.10,0.00,0.00,51,100,100,100,0,10.9,123,117,20.6,21.6,1,0.00,1006.8,992.6
2021-10-30T16:00,11.1,0.00,85,8.7,9.2,0.00,0.00,0.00,3,100,100,100,10,10.3,134,126,20.4,24.1,1,0.00,1006.7,992.5
2021-10-30T17:00,10.9,0.00,86,8.7,9.5,0.00,0.00,0.00,3,100,66,67,100,7.1,139,131,16.6,21.6,1,0.00,1007.4,993.2
2021-10-30T18:00,10.7,0.00,87,8.7,9.2,0.00,0.00,0.00,3,96,88,62,15,8.2,152,139,18.4,17.6,0,0.00,1007.7,993.5
2021-10-30T19:00,9.9,0.00,90,8.4,8.3,0.00,0.00,0.00,3,100,99,93,13,8.1,182,148,18.0,19.1,0,0.00,1008.3,994.1
2021-10-30T20:00,10.9,0.00,85,8.5,9.2,0.00,0.00,0.00,3,94,85,52,10,9.3,191,167,21.6,22.0,0,0.00,1008.7,994.5
2021-10-30T21:00,10.3,0.00,87,8.1,8.6,0.00,0.00,0.00,3,100,100,92,40,7.9,200,180,20.7,21.6,0,0.00,1009.2,995.0
2021-10-30T22:00,10.8,0.00,84,8.1,8.9,0.00,0.00,0.00,3,100,100,67,3,9.3,209,193,23.0,21.6,0,0.00,1010.0,995.8
2021-10-30T23:00,11.2,0.00,82,8.3,9.1,0.00,0.00,0.00,3,92,88,26,15,10.9,211,197,26.5,24.8,0,0.00,1010.5,996.3
2021-10-31T00:00,10.9,0.00,84,8.3,9.0,0.00,0.00,0.00,3,100,100,54,11,10.0,216,206,25.0,25.2,0,0.00,1011.1,996.9
2021-10-31T01:00,10.8,0.00,90,9.2,9.6,0.00,0.00,0.00,3,99,86,44,18,6.5,209,180,20.1,23.4,0,0.00,1010.8,996.6
2021-10-31T02:00,9.6,0.00,93,8.5,8.3,0.00,0.00,0.00,3,100,100,46,8,6.1,218,177,16.4,18.7,0,0.00,1011.2,996.9
2021-10-31T03:00,10.2,0.00,91,8.8,9.0,0.00,0.00,0.00,3,99,99,2,12,6.0,206,155,16.4,14.8,0,0.00,1011.1,996.8
2021-10-31T04:00,9.8,0.00,93,8.7,8.1,0.00,0.00,0.00,3,100,100,27,38,8.7,182,142,18.7,19.1,0,0.00,1011.2,996.9
2021-10-31T05:00,9.7,0.00,94,8.8,8.4,0.00,0.00,0.00,3,100,100,16,10,6.8,165,122,14.9,19.1,0,0.00,1011.1,996.8
2021-10-31T06:00,9.4,0.00,94,8.4,7.8,0.00,0.00,0.00,3,100,100,93,14,7.5,147,107,15.4,15.5,0,0.00,1010.7,996.4
2021-10-31T07:00,9.5,0.00,94,8.7,8.3,0.00,0.00,0.00,3,100,100,32,8,5.8,154,97,10.0,15.1,0,0.00,1010.6,996.3
2021-10-31T08:00,9.7,0.00,94,8.7,8.1,0.00,0.00,0.00,3,100,100,17,0,8.4,135,97,11.2,15.1,1,0.00,1010.4,996.1
2021-10-31T09:00,11.2,0.00,92,9.9,9.3,0.00,0.00,0.00,3,100,100,48,0,12.4,126,112,20.1,23.0,1,3600.00,1009.9,995.7
2021-10-31T10:00,12.8,0.00,90,11.2,11.3,0.00,0.00,0.00,2,51,36,25,0,12.8,123,101,27.4,26.3,1,3600.00,1009.2,995.1
2021-10-31T11:00,15.1,0.00,82,12.1,14.2,0.00,0.00,0.00,1,21,2,20,1,10.6,121,108,19.4,25.6,1,3600.00,1008.3,994.3
2021-10-31T12:00,17.1,0.00,74,12.5,16.3,0.00,0.00,0.00,2,62,46,31,0,11.0,119,113,16.9,24.8,1,3600.00,1007.2,993.3
2021-10-31T13:00,17.7,0.00,75,13.2,16.8,0.00,0.00,0.00,1,37,78,1,0,12.7,128,125,19.5,24.8,1,3600.00,1006.3,992.5
2021-10-31T14:00,18.1,0.00,69,12.3,17.4,0.00,0.00,0.00,3,98,98,4,0,9.7,135,132,14.8,28.1,1,3600.00,1005.7,991.9
2021-10-31T15:00,17.8,0.00,70,12.2,16.6,0.00,0.00,0.00,3,100,98,100,0,12.4,117,107,22.7,26.3,1,3600.00,1004.6,990.8
2021-10-31T16:00,17.3,0.00,68,11.3,15.3,0.00,0.00,0.00,3,95,84,68,0,16.4,126,119,32.0,33.5,1,3600.00,1003.6,989.8
2021-10-31T17:00,16.3,0.00,72,11.2,14.6,0.00,0.00,0.00,3,100,100,30,5,14.0,138,132,29.8,33.5,1,1740.43,1003.6,989.7
2021-10-31T18:00,15.7,0.00,72,10.6,13.6,0.00,0.00,0.00,3,99,99,16,21,15.6,143,130,32.4,31.7,0,0.00,1003.2,989.3
2021-10-31T19:00,14.8,0.00,75,10.5,13.4,0.00,0.00,0.00,2,64,64,0,0,10.5,156,142,24.3,31.3,0,0.00,1003.2,989.3
2021-10-31T20:00,14.0,0.00,77,10.1,12.4,0.00,0.00,0.00,2,76,76,0,0,10.7,163,140,24.8,23.8,0,0.00,1002.7,988.7
2021-10-31T21:00,12.9,0.70,80,9.5,11.5,0.70,0.00,0.00,53,85,77,43,0,8.5,170,152,21.5,22.7,0,0.00,1002.2,988.2
2021-10-31T22:00,12.1,0.20,83,9.2,11.0,0.20,0.00,0.00,51,55,36,30,0,6.0,189,155,16.0,19.1,0,0.00,1002.8,988.7
2021-10-31T23:00,12.0,0.00,82,9.0,10.5,0.00,0.00,0.00,1,37,6,34,0,8.4,186,149,19.9,19.1,0,0.00,1002.4,988.3
2021-11-01T00:00,11.4,0.00,82,8.5,10.0,0.00,0.00,0.00,3,98,97,74,18,6.8,202,177,20.2,19.8,0,0.00,1002.7,988.6
2021-11-01T01:00,13.7,0.70,85,11.1,12.4,0.70,0.00,0.00,53,100,100,64,100,10.9,201,186,24.6,20.9,0,0.00,1002.4,988.4
2021-11-01T02:00,13.3,0.60,91,11.9,11.8,0.60,0.00,0.00,53,100,100,100,100,13.9,246,245,28.0,29.2,0,0.00,1003.0,989.0
2021-11-01T03:00,13.1,1.80,94,12.1,12.3,1.80,0.00,0.00,61,100,100,100,36,9.4,259,252,19.1,29.5,0,0.00,1003.4,989.4
2021-11-01T04:00,12.4,1.50,93,11.3,11.5,1.50,0.00,0.00,61,100,96,100,76,8.7,250,246,17.7,29.9,0,0.00,1003.9,989.8
2021-11-01T05:00,11.7,1.70,93,10.6,10.7,1.70,0.00,0.00,61,100,100,100,18,7.7,230,217,16.1,19.4,0,0.00,1003.7,989.6
2021-11-01T06:00,11.1,0.60,93,10.0,9.3,0.60,0.00,0.00,53,100,100,100,0,12.6,215,211,23.8,26.3,0,0.00,1004.3,990.2
2021-11-01T07:00,11.0,0.40,93,9.9,9.0,0.40,0.00,0.00,51,100,100,100,1,13.4,222,216,25.2,28.1,0,0.00,1004.7,990.6
2021-11-01T08:00,10.9,0.60,92,9.7,9.0,0.60,0.00,0.00,53,100,100,100,0,12.8,223,218,25.0,28.8,1,0.00,1005.4,991.3
2021-11-01T09:00,10.9,0.40,92,9.7,9.0,0.40,0.00,0.00,51,100,100,100,1,12.4,209,202,23.5,27.7,1,0.00,1005.7,991.5
2021-11-01T10:00,10.6,0.30,90,9.1,8.6,0.30,0.00,0.00,51,100,100,100,7,11.4,200,193,21.9,26.6,1,0.00,1005.7,991.5
2021-11-01T11:00,11.1,0.10,85,8.7,9.0,0.10,0.00,0.00,51,100,100,100,9,12.1,199,192,21.3,25.2,1,0.00,1005.5,991.4
2021-11-01T12:00,12.1,0.00,82,9.2,10.6,0.00,0.00,0.00,3,100,100,100,23,9.1,196,189,15.7,25.2,1,0.00,1005.2,991.1
2021-11-01T13:00,11.8,0.20,81,8.7,9.8,0.20,0.00,0.00,51,100,100,93,27,11.6,168,164,17.7,27.4,1,0.00,1004.9,990.8
2021-11-01T14:00,12.5,0.10,80,9.2,10.5,0.10,0.00,0.00,51,100,100,42,19,12.6,203,200,18.4,31.7,1,1141.64,1004.4,990.3
2021-11-01T15:00,11.3,0.20,84,8.8,8.6,0.20,0.00,0.00,51,100,100,88,38,16.1,227,230,26.2,32.0,1,0.00,1004.3,990.2
2021-11-01T16:00,10.8,0.10,86,8.5,8.8,0.10,0.00,0.00,51,59,38,30,13,10.4,240,236,19.5,32.4,1,0.00,1004.2,990.1
2021-11-01T17:00,9.3,0.10,91,8.0,7.7,0.10,0.00,0.00,51,11,0,9,3,7.2,206,186,17.6,25.2,1,1423.21,1004.3,990.1
2021-11-01T18:00,8.2,0.00,93,7.1,6.5,0.00,0.00,0.00,1,39,38,2,2,6.4,193,164,17.0,15.8,0,0.00,1004.1,989.8
2021-11-01T19:00,8.1,0.00,92,6.9,6.3,0.00,0.00,0.00,2,66,66,0,1,6.8,186,155,17.7,14.4,0,0.00,1004.3,990.0
2021-11-01T20:00,7.8,0.00,91,6.4,5.9,0.00,0.00,0.00,0,0,0,0,0,6.3,198,167,17.1,14.4,0,0.00,1004.3,990.0
2021-11-01T21:00,6.7,0.00,92,5.5,4.7,0.00,0.00,0.00,0,0,0,0,0,5.9,204,169,15.8,13.7,0,0.00,1004.2,989.9
2021-11-01T22:00,7.0,0.00,91,5.7,4.9,0.00,0.00,0.00,0,0,0,0,0,6.6,194,158,16.3,14.0,0,0.00,1004.0,989.7
2021-11-01T23:00,6.6,0.00,92,5.4,4.5,0.00,0.00,0.00,1,28,0,0,28,6.6,191,158,16.9,14.8,0,0.00,1004.1,989.8
2021-11-02T00:00,6.8,0.00,93,5.7,4.8,0.00,0.00,0.00,1,49,5,16,45,6.6,200,171,17.2,14.4,0,0.00,1003.7,989.4
2021-11-02T01:00,7.5,0.10,91,6.2,5.5,0.10,0.00,0.00,51,80,0,15,37,7.2,202,174,18.3,14.4,0,0.00,1003.4,989.1
2021-11-02T02:00,7.2,0.00,92,6.1,5.2,0.00,0.00,0.00,1,27,1,15,19,6.9,211,189,18.4,16.2,0,0.00,1003.2,988.9
2021-11-02T03:00,6.9,0.00,93,5.9,4.9,0.00,0.00,0.00,1,32,0,8,28,7.1,216,195,18.3,16.2,0,0.00,1003.1,988.8
2021-11-02T04:00,6.7,0.10,93,5.7,4.5,0.10,0.00,0.00,51,24,0,5,21,8.0,215,198,19.7,16.9,0,0.00,1003.1,988.8
2021-11-02T05:00,6.6,0.00,94,5.7,4.1,0.00,0.00,0.00,1,24,4,0,21,9.2,222,211,21.9,20.2,0,0.00,1003.1,988.8
2021-11-02T06:00,6.1,0.00,95,5.4,3.8,0.00,0.00,0.00,1,21,0,0,21,8.0,227,216,20.1,19.8,0,0.00,1003.2,988.8
2021-11-02T07:00,5.4,0.00,97,4.9,3.5,0.00,0.00,0.00,1,47,19,0,35,4.6,227,198,14.8,17.6,0,0.00,1003.2,988.8
2021-11-02T08:00,6.1,0.10,95,5.4,4.2,0.10,0.00,0.00,51,99,99,0,61,5.1,215,172,11.9,11.2,1,0.00,1003.6,989.2
2021-11-02T09:00,7.1,0.20,94,6.2,5.2,0.20,0.00,0.00,51,100,100,13,55,6.0,193,147,11.4,13.7,1,1957.50,1003.7,989.4
2021-11-02T10:00,8.2,0.50,90,6.6,6.2,0.50,0.00,0.00,53,100,100,100,33,7.6,187,183,11.3,18.4,1,3600.00,1003.7,989.4
2021-11-02T11:00,8.2,0.70,93,7.2,6.0,0.70,0.00,0.00,53,100,100,100,100,10.0,199,195,15.6,22.3,1,0.00,1003.7,989.4
2021-11-02T12:00,8.3,0.60,90,6.8,5.5,0.60,0.00,0.00,53,100,98,100,100,13.4,205,200,21.9,25.9,1,0.00,1003.5,989.2
2021-11-02T13:00,8.3,0.40,89,6.6,5.5,0.40,0.00,0.00,51,100,100,99,100,13.0,211,208,21.5,27.7,1,0.00,1002.9,988.7
2021-11-02T14:00,8.3,0.20,89,6.6,5.2,0.20,0.00,0.00,51,100,96,100,56,15.5,240,239,22.1,36.0,1,0.00,1002.8,988.6
2021-11-02T15:00,8.3,0.20,88,6.5,6.0,0.20,0.00,0.00,51,98,94,86,24,9.9,224,224,15.0,36.0,1,0.00,1003.0,988.8
2021-11-02T16:00,8.4,0.00,88,6.6,5.6,0.00,0.00,0.00,2,57,11,46,42,13.2,223,215,24.2,26.6,1,0.00,1003.1,988.9
2021-11-02T17:00,7.7,0.00,89,6.0,4.9,0.00,0.00,0.00,1,37,0,29,31,12.2,228,223,23.7,30.6,1,863.00,1003.2,988.9
2021-11-02T18:00,7.0,0.00,92,5.8,4.7,0.00,0.00,0.00,1,41,0,25,36,8.5,225,216,20.4,25.6,0,0.00,1003.6,989.3
2021-11-02T19:00,6.9,0.00,93,5.8,4.7,0.00,0.00,0.00,1,35,0,17,32,7.7,222,208,19.4,19.1,0,0.00,1004.0,989.7
2021-11-02T20:00,6.6,0.00,93,5.6,4.3,0.00,0.00,0.00,1,20,8,9,9,8.1,221,201,20.2,19.4,0,0.00,1004.3,989.9
2021-11-02T21:00,5.9,0.00,94,5.0,3.7,0.00,0.00,0.00,1,49,15,0,40,6.7,219,196,18.4,18.0,0,0.00,1004.7,990.3
2021-11-02T22:00,5.6,0.00,95,4.9,3.6,0.00,0.00,0.00,3,100,100,0,49,5.5,190,157,14.6,15.5,0,0.00,1004.6,990.2
2021-11-02T23:00,5.5,0.00,94,4.6,3.4,0.00,0.00,0.00,3,100,100,12,40,5.4,177,132,13.0,12.2,0,0.00,1004.3,989.9
2021-11-03T00:00,4.7,0.00,94,3.8,2.5,0.00,0.00,0.00,3,100,100,79,0,4.5,165,104,8.6,10.8,0,0.00,1004.0,989.6
2021-11-03T01:00,6.0,0.00,95,5.3,3.7,0.00,0.00,0.00,3,100,100,100,4,7.6,121,95,11.8,14.0,0,0.00,1003.0,988.6
2021-11-03T02:00,6.3,0.00,94,5.4,3.7,0.00,0.00,0.00,3,100,100,100,10,10.4,116,104,21.6,19.4,0,0.00,1002.8,988.5
2021-11-03T03:00,6.4,0.20,92,5.2,3.3,0.20,0.00,0.00,51,100,100,100,5,13.2,115,107,25.8,26.6,0,0.00,1002.1,987.8
2021-11-03T04:00,6.3,0.20,91,5.0,3.3,0.20,0.00,0.00,51,100,100,100,59,12.6,121,114,25.2,27.4,0,0.00,1002.0,987.7
2021-11-03T05:00,6.5,0.30,90,5.1,3.2,0.30,0.00,0.00,51,100,100,100,9,14.4,120,112,27.4,29.2,0,0.00,1001.6,987.3
2021-11-03T06:00,6.5,0.20,91,5.1,3.6,0.20,0.00,0.00,51,100,99,100,99,11.8,123,113,23.2,29.2,0,0.00,1001.2,986.9
2021-11-03T07:00,6.4,0.40,91,5.1,3.8,0.40,0.00,0.00,51,100,100,100,100,9.9,119,109,20.6,23.8,0,0.00,1001.0,986.7
2021-11-03T08:00,6.6,1.20,92,5.4,3.6,1.20,0.00,0.00,55,100,100,72,17,13.1,117,111,25.4,26.6,1,0.00,1000.5,986.2
2021-11-03T09:00,7.5,0.10,88,5.7,4.4,0.10,0.00,0.00,51,100,91,100,100,13.6,129,122,25.1,27.4,1,1508.70,1000.9,986.6
2021-11-03T10:00,7.5,0.20,90,6.0,4.9,0.20,0.00,0.00,51,100,100,100,75,11.0,133,122,20.6,27.4,1,0.00,1001.0,986.7
2021-11-03T11:00,7.9,0.40,90,6.4,5.8,0.40,0.00,0.00,51,100,99,100,100,8.0,146,126,15.3,21.2,1,0.00,1001.2,987.0
2021-11-03T12:00,9.0,0.30,90,7.4,7.2,0.30,0.00,0.00,51,100,59,100,100,7.6,146,121,13.0,17.6,1,0.00,1001.0,986.8
2021-11-03T13:00,9.3,0.20,84,6.7,7.0,0.20,0.00,0.00,51,100,100,88,100,9.9,217,213,13.6,15.8,1,0.00,1000.9,986.7
2021-11-03T14:00,9.5,0.30,88,7.6,8.0,0.30,0.00,0.00,51,100,76,100,100,5.8,155,150,7.6,22.0,1,0.00,1000.5,986.4
2021-11-03T15:00,9.1,0.40,92,7.9,7.8,0.40,0.00,0.00,51,100,100,100,28,5.6,160,135,9.6,15.8,1,0.00,1000.4,986.2
2021-11-03T16:00,9.1,0.20,93,8.0,7.6,0.20,0.00,0.00,51,100,100,100,13,6.4,167,137,11.4,13.3,1,0.00,1000.5,986.3
2021-11-03T17:00,8.4,0.00,94,7.5,7.1,0.00,0.00,0.00,3,100,100,100,8,4.7,186,148,11.2,13.7,1,0.00,1000.5,986.3
2021-11-03T18:00,8.0,0.00,93,7.0,6.5,0.00,0.00,0.00,3,100,100,100,11,5.4,189,160,13.5,12.2,0,0.00,1000.7,986.5
2021-11-03T19:00,7.8,0.00,93,6.8,6.0,0.00,0.00,0.00,3,100,100,100,20,6.7,190,164,16.5,14.4,0,0.00,1001.2,987.0
2021-11-03T20:00,7.0,0.00,95,6.2,5.1,0.00,0.00,0.00,3,100,100,67,30,6.3,179,149,14.8,14.4,0,0.00,1001.5,987.2
2021-11-03T21:00,6.7,0.10,92,5.5,4.9,0.10,0.00,0.00,51,100,100,56,61,4.6,178,162,13.0,13.7,0,0.00,1001.9,987.6
2021-11-03T22:00,6.5,0.00,94,5.6,4.7,0.00,0.00,0.00,3,100,100,100,53,4.7,169,113,9.2,10.1,0,0.00,1002.0,987.7
2021-11-03T23:00,6.6,0.00,95,5.8,5.0,0.00,0.00,0.00,3,100,100,54,54,3.9,178,112,8.3,10.1,0,0.00,1002.0,987.7
2021-11-04T00:00,6.5,0.00,93,5.5,4.6,0.00,0.00,0.00,3,100,100,86,100,5.1,213,188,14.6,11.2,0,0.00,1002.3,988.0
2021-11-04T01:00,7.0,0.00,92,5.9,5.2,0.00,0.00,0.00,3,100,100,68,6,5.5,217,203,14.4,14.8,0,0.00,1002.0,987.7
2021-11-04T02:00,6.8,0.00,94,5.9,4.7,0.00,0.00,0.00,3,100,100,91,56,7.3,225,213,15.3,14.4,0,0.00,1001.9,987.6
2021-11-04T03:00,6.5,0.00,95,5.7,4.2,0.00,0.00,0.00,3,100,100,100,95,8.6,213,202,15.4,18.4,0,0.00,1002.0,987.7
2021-11-04T04:00,6.2,0.10,95,5.4,3.7,0.10,0.00,0.00,51,100,100,100,61,9.2,213,211,15.9,19.8,0,0.00,1002.3,988.0
2021-11-04T05:00,5.9,0.10,95,5.2,3.6,0.10,0.00,0.00,51,100,100,100,41,7.7,230,229,14.1,19.1,0,0.00,1002.4,988.0
2021-11-04T06:00,5.7,0.00,96,5.1,3.4,0.00,0.00,0.00,3,100,100,100,100,7.4,229,223,14.3,16.6,0,0.00,1002.4,988.0
2021-11-04T07:00,5.7,0.00,96,5.1,3.2,0.00,0.00,0.00,3,100,100,100,100,8.9,236,227,14.8,16.9,0,0.00,1002.9,988.5
2021-11-04T08:00,6.0,0.10,97,5.6,3.6,0.10,0.00,0.00,51,100,100,91,100,8.4,264,245,14.8,17.6,1,0.00,1003.7,989.3
2021-11-04T09:00,6.6,0.60,97,6.1,3.9,0.60,0.00,0.00,53,100,100,100,100,11.8,294,282,20.9,22.7,1,0.00,1004.7,990.3
2021-11-04T10:00,6.7,0.70,93,5.7,3.6,0.70,0.00,0.00,53,100,100,100,100,13.8,295,290,23.8,29.5,1,0.00,1005.5,991.1
2021-11-04T11:00,6.8,0.20,92,5.6,3.6,0.20,0.00,0.00,51,100,100,100,100,14.0,293,288,23.4,29.5,1,0.00,1006.4,992.0
2021-11-04T12:00,7.3,0.20,91,5.9,4.7,0.20,0.00,0.00,51,100,100,100,100,10.8,279,274,16.8,28.8,1,0.00,1007.3,992.9
2021-11-04T13:00,7.4,0.20,93,6.3,4.4,0.20,0.00,0.00,51,100,100,100,86,13.7,266,267,21.3,31.0,1,0.00,1007.9,993.5
2021-11-04T14:00,8.0,0.10,85,5.6,5.1,0.10,0.00,0.00,51,100,100,100,48,12.4,254,253,17.2,35.3,1,0.00,1008.5,994.2
2021-11-04T15:00,7.3,2.80,82,4.4,3.8,2.80,0.00,0.00,63,100,100,100,35,14.7,239,239,22.3,33.8,1,0.00,1009.2,994.8
2021-11-04T16:00,7.1,0.80,90,5.5,3.7,0.80,0.00,0.00,53,100,100,88,46,15.5,240,239,26.1,30.2,1,0.00,1009.8,995.4
2021-11-04T17:00,6.9,0.50,90,5.4,3.9,0.50,0.00,0.00,53,100,100,95,46,12.4,237,234,22.7,33.1,0,0.00,1010.7,996.3
2021-11-04T18:00,7.0,0.50,88,5.1,3.8,0.50,0.00,0.00,53,100,100,91,68,13.8,231,229,25.1,28.1,0,0.00,1011.5,997.1
2021-11-04T19:00,6.6,0.90,92,5.4,3.4,0.90,0.00,0.00,53,100,100,91,100,14.1,229,230,25.8,29.5,0,0.00,1012.4,997.9
2021-11-04T20:00,6.6,0.20,91,5.3,3.4,0.20,0.00,0.00,51,100,100,93,100,14.1,231,230,25.9,29.5,0,0.00,1012.9,998.4
2021-11-04T21:00,6.5,0.20,93,5.5,3.4,0.20,0.00,0.00,51,100,100,100,100,13.7,239,235,24.4,29.5,0,0.00,1013.6,999.1
2021-11-04T22:00,6.6,0.30,94,5.7,3.5,0.30,0.00,0.00,51,100,100,100,100,13.5,226,222,24.4,28.1,0,0.00,1014.3,999.8
2021-11-04T23:00,6.5,0.10,94,5.6,3.5,0.10,0.00,0.00,51,100,100,100,100,13.2,230,225,24.0,28.8,0,0.00,1014.9,1000.4
2021-11-05T00:00,6.3,0.40,94,5.3,3.1,0.40,0.00,0.00,51,100,100,100,100,13.7,230,225,24.0,28.1,0,0.00,1015.6,1001.1
2021-11-05T01:00,6.0,0.50,94,5.2,3.0,0.50,0.00,0.00,53,100,100,100,99,12.7,227,223,24.2,28.1,0,0.00,1015.9,1001.4
2021-11-05T02:00,6.3,0.20,94,5.4,3.4,0.20,0.00,0.00,51,100,100,100,100,12.0,233,231,22.1,27.0,0,0.00,1016.4,1001.9
2021-11-05T03:00,6.2,0.30,94,5.4,3.5,0.30,0.00,0.00,51,100,100,100,100,10.8,224,217,20.1,24.8,0,0.00,1016.8,1002.3
2021-11-05T04:00,6.0,0.10,95,5.2,3.3,0.10,0.00,0.00,51,100,100,27,100,10.0,223,218,18.6,22.3,0,0.00,1017.3,1002.7
2021-11-05T05:00,5.9,0.00,95,5.2,3.5,0.00,0.00,0.00,3,100,100,0,100,8.7,229,225,16.6,20.2,0,0.00,1018.0,1003.4
2021-11-05T06:00,6.0,0.00,96,5.4,3.9,0.00,0.00,0.00,3,100,100,10,100,6.2,243,234,13.4,17.6,0,0.00,1018.9,1004.3
2021-11-05T07:00,5.9,0.00,97,5.5,4.0,0.00,0.00,0.00,3,100,100,64,49,5.6,235,220,13.2,12.6,0,0.00,1019.4,1004.8
2021-11-05T08:00,5.8,0.00,98,5.5,3.9,0.00,0.00,0.00,3,100,100,87,100,5.2,252,245,12.9,12.2,1,0.00,1020.5,1005.9
2021-11-05T09:00,6.6,0.00,96,6.0,4.7,0.00,0.00,0.00,3,100,100,97,100,6.1,289,273,9.9,13.7,1,0.00,1021.8,1007.2
2021-11-05T10:00,7.2,0.00,91,5.9,5.6,0.00,0.00,0.00,3,100,100,25,95,4.2,297,290,5.6,13.7,1,0.00,1022.9,1008.3
2021-11-05T11:00,8.1,0.00,87,6.1,6.4,0.00,0.00,0.00,3,100,100,5,58,5.2,283,286,6.6,14.4,1,2691.14,1023.6,1009.1
2021-11-05T12:00,9.1,0.10,79,5.6,7.0,0.10,0.00,0.00,51,100,100,61,100,6.6,293,292,8.2,17.3,1,3600.00,1024.1,1009.6
2021-11-05T13:00,8.9,0.00,81,5.8,7.1,0.00,0.00,0.00,3,100,100,100,99,4.9,310,306,6.1,18.0,1,3600.00,1024.4,1009.9
2021-11-05T14:00,9.1,0.00,80,5.8,7.5,0.00,0.00,0.00,3,91,59,73,70,4.1,291,285,5.0,13.3,1,179.94,1024.9,1010.4
2021-11-05T15:00,9.4,0.00,76,5.4,7.6,0.00,0.00,0.00,3,82,59,33,37,4.6,313,309,5.9,13.0,1,3600.00,1025.3,1010.8
2021-11-05T16:00,8.7,0.00,83,5.9,7.2,0.00,0.00,0.00,3,100,100,96,28,2.8,317,310,6.4,11.5,1,3600.00,1025.8,1011.3
2021-11-05T17:00,7.2,0.00,88,5.3,5.3,0.00,0.00,0.00,3,86,85,7,2,5.0,285,240,5.6,7.6,0,0.00,1026.3,1011.7
2021-11-05T18:00,6.5,0.00,87,4.4,4.4,0.00,0.00,0.00,1,46,36,41,0,4.9,236,197,3.9,7.6,0,0.00,1026.6,1011.9
2021-11-05T19:00,5.1,0.00,91,3.8,2.5,0.00,0.00,0.00,0,5,0,1,4,7.3,223,200,6.4,9.7,0,0.00,1027.3,1012.5
2021-11-05T20:00,3.8,0.00,96,3.1,1.0,0.00,0.00,0.00,0,12,0,6,8,8.2,225,195,10.7,11.5,0,0.00,1027.9,1013.1
2021-11-05T21:00,3.6,0.00,96,3.1,1.1,0.00,0.00,0.00,0,13,0,5,8,6.5,217,174,12.1,11.2,0,0.00,1028.5,1013.6
2021-11-05T22:00,4.0,0.00,96,3.3,1.6,0.00,0.00,0.00,0,8,0,2,7,5.6,209,165,13.2,10.4,0,0.00,1028.8,1014.0
2021-11-05T23:00,3.2,0.00,97,2.7,0.6,0.00,0.00,0.00,0,9,0,0,9,6.8,211,155,11.3,10.1,0,0.00,1029.7,1014.8
2021-11-06T00:00,2.9,0.00,98,2.5,0.2,0.00,0.00,0.00,0,8,0,0,8,6.4,209,153,9.5,10.1,0,0.00,1030.2,1015.3
2021-11-06T01:00,5.5,0.00,97,5.1,3.6,0.00,0.00,0.00,1,28,0,1,15,5.1,195,135,7.1,9.7,0,0.00,1030.2,1015.4
2021-11-06T02:00,4.3,0.00,98,4.0,2.2,0.00,0.00,0.00,1,31,0,1,31,4.4,196,145,9.0,10.4,0,0.00,1030.3,1015.5
2021-11-06T03:00,2.5,0.00,100,2.5,0.0,0.00,0.00,0.00,3,100,0,6,100,5.5,225,148,7.6,9.0,0,0.00,1030.4,1015.5
2021-11-06T04:00,3.3,0.00,100,3.2,1.1,0.00,0.00,0.00,3,100,0,0,100,3.8,212,107,3.4,9.0,0,0.00,1030.3,1015.4
2021-11-06T05:00,3.0,0.00,99,2.9,0.6,0.00,0.00,0.00,3,100,0,0,100,5.1,148,98,3.4,11.5,0,0.00,1030.6,1015.7
2021-11-06T06:00,3.1,0.00,99,2.9,0.4,0.00,0.00,0.00,3,100,13,0,100,7.2,140,117,9.4,14.0,0,0.00,1030.5,1015.6
2021-11-06T07:00,3.3,0.00,97,2.8,0.5,0.00,0.00,0.00,3,100,44,0,100,7.8,132,112,14.0,14.8,0,0.00,1030.9,1016.0
2021-11-06T08:00,3.7,0.00,97,3.2,0.8,0.00,0.00,0.00,3,100,12,0,100,8.7,128,120,15.1,15.8,1,0.00,1031.2,1016.3
2021-11-06T09:00,4.8,0.00,93,3.8,2.5,0.00,0.00,0.00,3,100,15,0,100,6.1,130,135,8.4,17.3,1,0.00,1031.8,1017.0
2021-11-06T10:00,5.4,0.00,95,4.7,3.2,0.00,0.00,0.00,3,100,0,0,100,5.9,135,133,6.6,15.5,1,0.00,1031.9,1017.1
2021-11-06T11:00,6.4,0.00,93,5.4,4.5,0.00,0.00,0.00,3,100,0,0,100,5.2,148,146,5.5,15.1,1,811.99,1032.0,1017.2
2021-11-06T12:00,7.6,0.00,88,5.8,5.7,0.00,0.00,0.00,3,100,0,0,100,6.2,158,159,7.8,16.6,1,1688.94,1031.6,1016.9
2021-11-06T13:00,8.5,0.00,84,5.9,6.4,0.00,0.00,0.00,3,100,0,0,100,7.1,164,165,9.3,18.0,1,3600.00,1031.2,1016.6
2021-11-06T14:00,9.1,0.00,80,5.9,7.2,0.00,0.00,0.00,3,100,3,0,100,6.0,193,197,7.8,18.4,1,3600.00,1030.4,1015.8
2021-11-06T15:00,9.1,0.00,80,5.8,7.2,0.00,0.00,0.00,3,95,91,0,45,5.9,223,227,7.4,15.5,1,3600.00,1029.8,1015.2
2021-11-06T16:00,8.3,0.00,86,6.0,6.6,0.00,0.00,0.00,3,90,86,0,26,4.6,215,219,8.8,14.4,1,3600.00,1029.2,1014.6
2021-11-06T17:00,5.1,0.00,95,4.4,2.8,0.00,0.00,0.00,0,8,0,0,8,6.4,201,207,9.2,10.4,0,336.48,1028.7,1013.9
2021-11-06T18:00,3.5,0.00,99,3.3,0.9,0.00,0.00,0.00,0,9,8,0,0,6.7,178,164,9.7,11.5,0,0.00,1028.6,1013.7
2021-11-06T19:00,3.4,0.00,98,3.2,1.0,0.00,0.00,0.00,1,24,15,0,11,5.5,183,148,11.9,10.8,0,0.00,1028.7,1013.8
2021-11-06T20:00,3.5,0.00,97,3.1,1.2,0.00,0.00,0.00,1,20,0,0,20,5.1,187,141,12.0,10.4,0,0.00,1028.2,1013.3
2021-11-06T21:00,3.3,0.00,97,2.9,0.9,0.00,0.00,0.00,2,53,49,0,9,5.5,194,148,13.4,11.2,0,0.00,1027.3,1012.4
2021-11-06T22:00,2.8,0.00,99,2.6,0.3,0.00,0.00,0.00,3,100,100,0,9,5.4,209,172,14.8,11.5,0,0.00,1027.4,1012.5
2021-11-06T23:00,2.9,0.00,99,2.8,0.5,0.00,0.00,0.00,3,100,100,0,47,5.2,231,205,13.0,11.2,0,0.00,1027.4,1012.5
2021-11-07T00:00,3.8,0.00,98,3.5,1.1,0.00,0.00,0.00,2,77,54,25,33,7.9,201,183,16.2,16.2,0,0.00,1026.4,1011.6
2021-11-07T01:00,3.4,0.00,98,3.2,0.4,0.00,0.00,0.00,3,100,13,91,48,9.6,210,193,19.2,18.7,0,0.00,1026.5,1011.7
2021-11-07T02:00,3.6,0.00,99,3.4,0.5,0.00,0.00,0.00,3,100,98,42,100,10.5,213,202,21.1,22.3,0,0.00,1025.9,1011.1
2021-11-07T03:00,3.9,0.00,99,3.7,0.4,0.00,0.00,0.00,3,100,90,13,100,13.4,212,204,24.6,26.6,0,0.00,1025.0,1010.2
2021-11-07T04:00,4.5,0.00,97,4.1,1.1,0.00,0.00,0.00,3,100,33,19,100,14.0,227,222,25.5,28.8,0,0.00,1025.0,1010.2
2021-11-07T05:00,5.0,0.00,95,4.2,1.3,0.00,0.00,0.00,3,89,71,0,61,15.8,220,215,28.6,32.0,0,0.00,1024.3,1009.6
2021-11-07T06:00,5.0,0.00,94,4.1,1.1,0.00,0.00,0.00,3,100,88,5,100,16.9,221,218,30.1,35.6,0,0.00,1023.5,1008.8
2021-11-07T07:00,4.6,0.00,95,3.9,0.4,0.00,0.00,0.00,3,100,84,64,100,19.3,220,217,32.4,40.0,0,0.00,1022.6,1007.9
2021-11-07T08:00,4.7,0.00,95,3.9,0.9,0.00,0.00,0.00,3,100,11,100,100,15.9,221,218,28.8,39.6,1,0.00,1022.3,1007.6
2021-11-07T09:00,4.9,0.10,93,3.9,1.2,0.10,0.00,0.00,51,100,83,100,100,15.3,223,219,28.0,32.8,1,0.00,1022.2,1007.5
2021-11-07T10:00,5.2,0.00,92,4.0,1.3,0.00,0.00,0.00,3,100,70,100,100,17.1,230,226,30.1,34.9,1,0.00,1021.8,1007.1
2021-11-07T11:00,6.1,0.40,90,4.7,2.9,0.40,0.00,0.00,51,100,57,100,100,13.0,233,224,33.2,36.7,1,0.00,1021.3,1006.7
2021-11-07T12:00,6.4,0.10,92,5.2,2.7,0.10,0.00,0.00,51,100,2,35,100,17.3,233,225,45.2,34.6,1,0.00,1020.9,1006.3
2021-11-07T13:00,6.7,0.00,90,5.1,3.5,0.00,0.00,0.00,3,100,99,100,100,13.2,227,223,28.0,37.8,1,0.00,1020.4,1005.8
2021-11-07T14:00,7.4,0.10,87,5.4,4.1,0.10,0.00,0.00,51,100,99,100,100,14.8,225,223,24.4,33.1,1,0.00,1020.1,1005.6
2021-11-07T15:00,7.2,0.10,90,5.6,3.8,0.10,0.00,0.00,51,99,95,34,88,15.8,230,227,27.1,34.9,1,0.00,1019.6,1005.1
2021-11-07T16:00,7.6,0.00,89,6.0,4.6,0.00,0.00,0.00,3,100,100,58,100,13.5,239,236,23.4,32.4,1,0.00,1019.6,1005.1
2021-11-07T17:00,7.7,0.00,90,6.1,4.7,0.00,0.00,0.00,3,100,94,23,100,13.8,241,237,25.1,28.8,0,0.00,1019.5,1005.0
2021-11-07T18:00,7.6,0.00,91,6.2,4.7,0.00,0.00,0.00,3,100,94,11,100,13.0,251,246,24.0,29.9,0,0.00,1020.2,1005.7
2021-11-07T19:00,7.5,0.00,92,6.3,4.8,0.00,0.00,0.00,1,38,0,8,32,12.0,238,231,22.5,27.4,0,0.00,1020.0,1005.5
2021-11-07T20:00,6.6,0.00,95,5.9,4.3,0.00,0.00,0.00,2,73,47,1,50,8.7,242,228,19.7,25.2,0,0.00,1020.2,1005.6
2021-11-07T21:00,6.6,0.00,96,6.0,4.5,0.00,0.00,0.00,1,49,16,5,38,7.4,247,227,17.3,18.4,0,0.00,1020.6,1006.0
2021-11-07T22:00,6.3,0.00,96,5.7,4.2,0.00,0.00,0.00,1,44,0,1,44,6.9,239,208,16.0,15.8,0,0.00,1021.1,1006.5
2021-11-07T23:00,5.2,0.10,97,4.8,3.2,0.10,0.00,0.00,51,37,0,9,35,4.9,248,216,13.6,14.8,0,0.00,1021.3,1006.6
2021-11-08T00:00,4.9,0.10,97,4.5,2.9,0.10,0.00,0.00,51,30,0,4,28,4.5,257,209,11.4,11.5,0,0.00,1021.5,1006.8
2021-11-08T01:00,5.6,0.00,92,4.4,3.2,0.00,0.00,0.00,1,32,0,29,1,6.9,294,279,11.4,10.8,0,0.00,1021.7,1007.0
2021-11-08T02:00,3.7,0.00,96,3.1,1.2,0.00,0.00,0.00,0,16,0,16,0,6.6,282,241,10.7,13.0,0,0.00,1022.0,1007.2
2021-11-08T03:00,3.2,0.00,97,2.8,0.7,0.00,0.00,0.00,0,1,0,1,0,5.9,272,218,8.3,11.5,0,0.00,1022.1,1007.3
2021-11-08T04:00,2.1,0.00,99,2.0,-0.8,0.00,0.00,0.00,1,32,0,21,18,7.0,248,201,7.8,10.4,0,0.00,1022.5,1007.7
2021-11-08T05:00,1.7,0.00,100,1.7,-1.3,0.00,0.00,0.00,1,31,0,0,31,8.1,233,193,9.0,11.2,0,0.00,1022.6,1007.7
2021-11-08T06:00,1.6,0.00,100,1.6,-1.3,0.00,0.00,0.00,3,100,0,0,100,6.5,236,180,9.1,11.2,0,0.00,1022.8,1007.9
2021-11-08T07:00,1.8,0.00,100,1.8,-0.8,0.00,0.00,0.00,3,100,0,0,100,5.2,234,155,6.7,9.4,0,0.00,1023.1,1008.2
2021-11-08T08:00,3.1,0.00,98,2.8,0.9,0.00,0.00,0.00,3,100,0,0,100,4.1,190,128,4.0,8.6,1,0.00,1023.4,1008.6
2021-11-08T09:00,3.8,0.00,98,3.5,1.8,0.00,0.00,0.00,3,100,0,0,100,3.7,135,119,3.1,10.8,1,1811.53,1024.1,1009.3
2021-11-08T10:00,4.6,0.00,99,4.4,2.8,0.00,0.00,0.00,3,100,0,0,100,3.0,74,104,2.6,11.5,1,3271.36,1024.8,1010.1
2021-11-08T11:00,6.1,0.00,93,5.1,4.4,0.00,0.00,0.00,3,100,0,0,100,3.3,32,41,3.4,11.9,1,1141.21,1024.9,1010.2
2021-11-08T12:00,7.4,0.00,87,5.3,5.6,0.00,0.00,0.00,3,100,0,0,100,4.0,28,27,5.3,12.2,1,0.00,1024.8,1010.2
2021-11-08T13:00,9.3,0.00,80,6.0,7.8,0.00,0.00,0.00,3,100,0,1,2,3.3,14,13,4.5,13.0,1,3585.14,1024.3,1009.8
2021-11-08T14:00,9.9,0.00,70,4.8,8.2,0.00,0.00,0.00,0,15,0,7,15,2.7,34,23,3.9,12.6,1,3600.00,1024.1,1009.6
2021-11-08T15:00,9.9,0.00,64,3.5,8.3,0.00,0.00,0.00,0,11,0,4,11,0.4,72,90,1.1,10.1,1,3600.00,1024.0,1009.5
2021-11-08T16:00,8.7,0.00,81,5.6,7.1,0.00,0.00,0.00,0,18,0,5,17,3.4,236,252,2.6,4.3,1,3600.00,1023.9,1009.4
2021-11-08T17:00,5.9,0.00,84,3.5,3.3,0.00,0.00,0.00,1,23,0,3,22,7.1,306,319,6.2,9.4,0,603.08,1024.5,1009.8
2021-11-08T18:00,6.1,0.00,86,4.0,4.0,0.00,0.00,0.00,1,47,13,2,39,4.6,345,39,4.1,10.1,0,0.00,1025.1,1010.4
2021-11-08T19:00,4.7,0.00,91,3.3,2.4,0.00,0.00,0.00,2,71,68,1,8,4.7,56,81,2.6,7.2,0,0.00,1025.6,1010.8
2021-11-08T20:00,4.3,0.00,91,2.9,2.1,0.00,0.00,0.00,1,48,44,2,4,3.8,61,73,3.7,7.6,0,0.00,1025.9,1011.1
2021-11-08T21:00,4.3,0.00,91,3.0,2.1,0.00,0.00,0.00,0,5,0,2,3,4.1,61,75,4.5,8.6,0,0.00,1026.0,1011.2
2021-11-08T22:00,3.3,0.00,92,2.2,0.9,0.00,0.00,0.00,1,20,0,2,18,4.7,69,81,6.2,9.7,0,0.00,1026.6,1011.8
2021-11-08T23:00,2.7,0.00,93,1.7,0.4,0.00,0.00,0.00,1,27,0,1,26,3.3,73,77,4.9,9.7,0,0.00,1026.7,1011.8
2021-11-09T00:00,2.3,0.00,92,1.2,-0.3,0.00,0.00,0.00,0,0,0,0,0,4.0,98,95,5.4,7.9,0,0.00,1026.6,1011.7
2021-11-09T01:00,2.9,0.00,93,1.9,0.3,0.00,0.00,0.00,0,0,3,0,1,5.4,95,94,4.0,10.1,0,0.00,1026.8,1011.9
2021-11-09T02:00,2.4,0.00,93,1.5,-0.2,0.00,0.00,0.00,0,0,0,0,0,4.7,96,90,6.5,9.7,0,0.00,1027.0,1012.1
2021-11-09T03:00,2.5,0.00,94,1.6,-0.1,0.00,0.00,0.00,2,66,0,0,66,5.1,114,94,9.8,10.4,0,0.00,1027.1,1012.2
2021-11-09T04:00,2.2,0.00,94,1.3,-0.5,0.00,0.00,0.00,0,0,0,0,0,5.8,105,94,12.7,12.2,0,0.00,1027.3,1012.4
2021-11-09T05:00,2.1,0.00,93,1.1,-0.7,0.00,0.00,0.00,0,0,0,0,0,5.5,109,101,14.1,11.5,0,0.00,1027.3,1012.4
2021-11-09T06:00,1.8,0.00,93,0.8,-1.0,0.00,0.00,0.00,0,0,0,0,0,5.4,105,90,15.3,12.2,0,0.00,1027.3,1012.4
2021-11-09T07:00,1.2,0.00,94,0.4,-1.6,0.00,0.00,0.00,0,0,0,0,0,5.3,90,62,11.9,11.5,0,0.00,1027.8,1012.8
2021-11-09T08:00,1.8,0.00,93,0.9,-0.8,0.00,0.00,0.00,0,0,0,0,0,4.1,78,52,10.7,10.4,1,0.00,1028.4,1013.5
2021-11-09T09:00,4.3,0.00,87,2.4,1.7,0.00,0.00,0.00,0,1,1,0,0,5.8,85,60,12.6,13.0,1,3492.53,1028.8,1014.0
2021-11-09T10:00,7.1,0.00,78,3.6,5.1,0.00,0.00,0.00,0,5,5,0,0,3.6,79,45,13.2,13.0,1,3600.00,1028.8,1014.1
2021-11-09T11:00,9.0,0.00,71,4.1,6.7,0.00,0.00,0.00,0,16,16,0,0,6.2,83,80,9.4,16.2,1,3600.00,1028.7,1014.1
2021-11-09T12:00,10.1,0.00,61,2.9,6.9,0.00,0.00,0.00,1,45,45,0,0,10.4,91,90,15.1,24.1,1,3600.00,1028.2,1013.7
2021-11-09T13:00,10.7,0.00,58,2.7,7.4,0.00,0.00,0.00,2,62,53,0,0,11.5,94,92,16.2,25.2,1,3600.00,1027.6,1013.1
2021-11-09T14:00,10.8,0.00,58,2.8,7.5,0.00,0.00,0.00,3,90,90,0,0,11.3,96,97,15.9,25.6,1,3600.00,1027.2,1012.7
2021-11-09T15:00,10.6,0.00,60,3.0,7.5,0.00,0.00,0.00,1,29,29,0,0,9.7,94,94,15.9,24.5,1,3600.00,1026.9,1012.4
2021-11-09T16:00,9.4,0.00,66,3.4,6.8,0.00,0.00,0.00,1,20,20,0,0,6.6,84,77,15.9,21.2,1,3600.00,1026.6,1012.1
2021-11-09T17:00,6.7,0.00,75,2.6,3.9,0.00,0.00,0.00,1,45,45,0,0,7.5,72,55,18.2,15.1,0,658.52,1026.4,1011.7
2021-11-09T18:00,5.9,0.00,79,2.5,2.9,0.00,0.00,0.00,0,0,0,0,0,8.6,78,68,21.7,18.4,0,0.00,1026.6,1011.9
2021-11-09T19:00,5.6,0.00,80,2.5,2.4,0.00,0.00,0.00,0,0,0,0,0,9.8,92,82,24.5,20.5,0,0.00,1026.6,1011.9
2021-11-09T20:00,5.5,0.00,79,2.2,2.3,0.00,0.00,0.00,1,22,22,0,0,10.1,101,94,24.9,21.2,0,0.00,1026.7,1012.0
2021-11-09T21:00,5.1,0.00,80,1.9,1.8,0.00,0.00,0.00,1,45,45,0,0,10.1,98,90,24.7,21.2,0,0.00,1026.6,1011.9
2021-11-09T22:00,4.3,0.00,83,1.7,1.1,0.00,0.00,0.00,3,92,92,0,0,9.2,106,101,22.5,20.9,0,0.00,1026.9,1012.1
2021-11-09T23:00,4.2,0.00,83,1.6,0.8,0.00,0.00,0.00,3,100,100,0,0,10.1,99,96,24.4,21.6,0,0.00,1026.7,1011.9
2021-11-10T00:00,3.5,0.00,86,1.4,0.3,0.00,0.00,0.00,3,94,94,0,0,9.2,104,101,22.6,20.5,0,0.00,1027.0,1012.2
2021-11-10T01:00,3.6,0.00,87,1.7,0.4,0.00,0.00,0.00,3,97,99,0,0,8.9,106,104,22.9,19.8,0,0.00,1026.4,1011.6
2021-11-10T02:00,2.6,0.00,90,1.1,-0.5,0.00,0.00,0.00,3,100,100,0,0,7.6,114,115,19.7,18.0,0,0.00,1026.6,1011.7
2021-11-10T03:00,2.1,0.00,91,0.9,-0.9,0.00,0.00,0.00,3,100,100,0,0,7.0,108,102,19.4,17.6,0,0.00,1026.3,1011.4
2021-11-10T04:00,1.4,0.00,92,0.3,-1.4,0.00,0.00,0.00,3,98,98,0,0,5.3,122,118,15.7,13.7,0,0.00,1025.9,1011.0
2021-11-10T05:00,1.2,0.00,93,0.2,-1.8,0.00,0.00,0.00,3,100,100,0,0,6.4,132,117,16.6,13.0,0,0.00,1025.8,1010.9
2021-11-10T06:00,1.0,0.00,94,0.1,-2.0,0.00,0.00,0.00,3,100,100,0,0,5.9,146,128,14.8,13.3,0,0.00,1025.8,1010.8
2021-11-10T07:00,0.5,0.00,94,-0.3,-2.4,0.00,0.00,0.00,3,100,100,0,1,5.0,156,120,12.6,11.9,0,0.00,1026.1,1011.1
2021-11-10T08:00,0.5,0.00,95,-0.2,-2.7,0.00,0.00,0.00,3,100,100,0,1,7.3,154,123,12.4,12.6,1,0.00,1026.3,1011.3
2021-11-10T09:00,2.6,0.00,90,1.1,-0.2,0.00,0.00,0.00,3,98,98,0,1,5.4,161,127,9.9,15.1,1,3385.32,1026.5,1011.6
2021-11-10T10:00,4.6,0.00,85,2.3,2.6,0.00,0.00,0.00,2,51,50,0,2,1.8,120,127,2.9,11.5,1,3600.00,1026.1,1011.3
2021-11-10T11:00,6.0,0.00,83,3.2,4.1,0.00,0.00,0.00,3,98,98,0,7,2.0,225,225,2.5,11.5,1,3600.00,1026.2,1011.5
2021-11-10T12:00,6.8,0.00,80,3.7,4.8,0.00,0.00,0.00,3,100,100,0,7,3.9,234,236,4.9,14.0,1,3600.00,1026.1,1011.5
2021-11-10T13:00,7.3,0.00,78,3.8,5.7,0.00,0.00,0.00,3,100,100,0,6,0.8,333,297,0.8,14.0,1,3600.00,1025.6,1011.0
2021-11-10T14:00,7.1,0.00,81,4.0,4.9,0.00,0.00,0.00,3,100,100,0,2,5.2,283,286,6.3,13.3,1,0.00,1025.6,1011.0
2021-11-10T15:00,6.7,0.00,83,4.0,4.7,0.00,0.00,0.00,3,81,66,44,0,3.6,324,315,4.9,16.6,1,0.00,1025.4,1010.8
2021-11-10T16:00,6.5,0.00,92,5.2,5.2,0.00,0.00,0.00,3,95,78,76,0,0.4,90,270,1.1,9.0,1,3279.49,1025.2,1010.5
2021-11-10T17:00,3.3,0.00,94,2.5,0.9,0.00,0.00,0.00,3,100,100,11,0,4.7,281,293,1.8,7.2,0,211.70,1025.0,1010.2
2021-11-10T18:00,3.8,0.00,94,2.9,1.5,0.00,0.00,0.00,2,62,60,4,0,4.4,309,351,2.3,7.9,0,0.00,1025.3,1010.5
2021-11-10T19:00,2.2,0.00,96,1.7,-0.6,0.00,0.00,0.00,3,91,89,18,0,6.8,17,32,4.9,8.3,0,0.00,1025.4,1010.5
2021-11-10T20:00,2.4,0.00,95,1.8,-0.3,0.00,0.00,0.00,3,81,81,0,0,5.7,2,18,8.6,9.4,0,0.00,1025.2,1010.3
2021-11-10T21:00,2.6,0.00,94,1.8,0.3,0.00,0.00,0.00,3,98,98,0,0,3.2,9,63,4.7,9.4,0,0.00,1025.3,1010.4
2021-11-10T22:00,1.5,0.00,96,0.9,-1.2,0.00,0.00,0.00,2,76,75,4,0,4.6,348,18,8.8,7.6,0,0.00,1025.1,1010.2
2021-11-10T23:00,0.7,0.00,96,0.2,-2.1,0.00,0.00,0.00,0,0,0,0,0,4.8,360,42,7.9,8.6,0,0.00,1024.9,1009.9
2021-11-11T00:00,1.3,0.00,95,0.6,-1.2,0.00,0.00,0.00,0,3,0,0,3,2.8,356,40,4.7,6.8,0,0.00,1025.0,1010.1
2021-11-11T01:00,2.7,0.00,92,1.6,0.2,0.00,0.00,0.00,0,11,3,0,9,4.1,340,15,5.4,4.3,0,0.00,1025.1,1010.2
2021-11-11T02:00,2.5,0.00,92,1.4,0.1,0.00,0.00,0.00,0,19,1,0,18,2.8,20,50,4.2,5.8,0,0.00,1024.9,1010.0
2021-11-11T03:00,2.3,0.00,92,1.1,-0.1,0.00,0.00,0.00,0,12,0,0,12,2.5,31,8,2.1,4.0,0,0.00,1024.5,1009.6
2021-11-11T04:00,1.7,0.00,95,1.0,-0.6,0.00,0.00,0.00,1,21,0,0,21,2.4,315,243,1.0,5.8,0,0.00,1024.7,1009.8
2021-11-11T05:00,0.8,0.00,100,0.8,-1.6,0.00,0.00,0.00,3,100,0,0,100,2.5,259,278,1.8,5.0,0,0.00,1025.2,1010.2
2021-11-11T06:00,0.0,0.00,100,-0.0,-2.7,0.00,0.00,0.00,3,100,0,0,100,3.9,7,34,2.9,4.7,0,0.00,1024.6,1009.6
2021-11-11T07:00,-0.2,0.00,100,-0.3,-2.6,0.00,0.00,0.00,3,100,0,0,100,1.5,279,194,2.2,5.0,0,0.00,1025.1,1010.1
2021-11-11T08:00,-0.3,0.00,99,-0.4,-2.8,0.00,0.00,0.00,3,100,0,0,100,2.2,180,171,3.6,7.2,1,0.00,1025.7,1010.7
2021-11-11T09:00,0.8,0.00,99,0.6,-1.5,0.00,0.00,0.00,3,100,0,0,100,1.5,333,14,1.6,7.2,1,0.00,1026.0,1011.0
2021-11-11T10:00,1.8,0.00,98,1.5,-0.5,0.00,0.00,0.00,3,100,0,0,100,2.3,259,252,1.8,10.1,1,1481.26,1026.3,1011.4
2021-11-11T11:00,2.7,0.00,96,2.1,0.4,0.00,0.00,0.00,3,100,0,0,100,3.6,279,270,4.4,13.3,1,991.48,1026.6,1011.7
2021-11-11T12:00,3.6,0.00,94,2.8,1.5,0.00,0.00,0.00,3,100,0,0,100,3.1,297,291,3.2,13.3,1,718.50,1026.3,1011.5
2021-11-11T13:00,5.2,0.00,89,3.5,3.2,0.00,0.00,0.00,3,100,0,0,100,3.7,265,259,4.0,12.2,1,289.54,1025.8,1011.1
2021-11-11T14:00,5.5,0.00,89,3.8,3.5,0.00,0.00,0.00,3,100,0,0,100,3.1,299,291,3.7,13.3,1,3600.00,1025.6,1010.9
2021-11-11T15:00,5.5,0.00,89,3.8,3.6,0.00,0.00,0.00,3,100,0,0,100,2.5,284,278,3.0,11.2,1,1449.17,1025.2,1010.5
2021-11-11T16:00,5.0,0.00,91,3.7,2.8,0.00,0.00,0.00,3,100,0,0,100,4.3,242,246,5.3,10.4,1,888.09,1025.5,1010.8
2021-11-11T17:00,3.0,0.00,98,2.7,0.7,0.00,0.00,0.00,3,100,0,0,100,4.5,278,284,5.4,10.1,0,0.00,1025.6,1010.8
2021-11-11T18:00,4.1,0.00,96,3.5,2.3,0.00,0.00,0.00,3,100,0,0,100,1.8,270,307,2.2,6.8,0,0.00,1025.9,1011.1
2021-11-11T19:00,3.8,0.00,98,3.5,2.1,0.00,0.00,0.00,3,100,0,0,100,1.5,31,45,2.1,2.9,0,0.00,1026.1,1011.3
2021-11-11T20:00,3.9,0.00,98,3.6,2.2,0.00,0.00,0.00,3,100,0,0,100,1.6,69,63,3.1,5.4,0,0.00,1025.8,1011.0
2021-11-11T21:00,3.6,0.00,99,3.4,1.8,0.00,0.00,0.00,3,100,0,0,100,1.8,68,360,1.9,3.2,0,0.00,1025.8,1011.0
2021-11-11T22:00,3.6,0.00,100,3.6,1.8,0.00,0.00,0.00,3,100,0,0,100,2.0,70,45,4.2,5.4,0,0.00,1025.4,1010.6
2021-11-11T23:00,3.8,0.00,98,3.5,2.0,0.00,0.00,0.00,3,100,0,0,100,1.6,96,27,3.6,5.8,0,0.00,1025.1,1010.3
2021-11-12T00:00,3.3,0.00,99,3.1,1.2,0.00,0.00,0.00,3,100,0,0,100,3.3,11,347,3.7,5.8,0,0.00,1024.7,1009.9
2021-11-12T01:00,2.1,0.00,100,2.1,-0.3,0.00,0.00,0.00,3,100,62,0,100,4.7,87,94,7.9,7.9,0,0.00,1024.6,1009.7
2021-11-12T02:00,2.2,0.00,100,2.1,-0.2,0.00,0.00,0.00,3,100,99,0,100,4.3,90,90,6.8,10.1,0,0.00,1024.2,1009.3
2021-11-12T03:00,2.1,0.00,100,2.1,-0.1,0.00,0.00,0.00,3,100,93,0,100,3.1,98,111,5.1,9.0,0,0.00,1023.8,1008.9
2021-11-12T04:00,2.0,0.00,98,1.7,-0.3,0.00,0.00,0.00,3,100,25,0,100,3.4,115,122,5.2,8.6,0,0.00,1023.7,1008.8
2021-11-12T05:00,1.9,0.00,98,1.6,-0.4,0.00,0.00,0.00,3,100,0,0,100,2.9,72,90,4.6,9.0,0,0.00,1023.6,1008.7
2021-11-12T06:00,1.9,0.00,98,1.6,-0.6,0.00,0.00,0.00,3,100,0,0,100,4.6,99,108,7.3,10.8,0,0.00,1023.2,1008.3
2021-11-12T07:00,1.8,0.00,98,1.5,-1.2,0.00,0.00,0.00,3,100,0,0,100,7.2,129,143,12.0,15.5,0,0.00,1023.0,1008.1
2021-11-12T08:00,1.5,0.00,97,1.1,-1.7,0.00,0.00,0.00,3,100,0,0,100,8.4,126,137,13.4,18.0,1,0.00,1022.8,1007.9
2021-11-12T09:00,1.7,0.00,97,1.3,-1.0,0.00,0.00,0.00,3,100,0,0,100,4.8,125,132,7.5,18.0,1,0.00,1022.7,1007.8
2021-11-12T10:00,2.4,0.00,95,1.6,-0.2,0.00,0.00,0.00,3,100,0,0,100,5.1,128,135,6.4,14.0,1,0.00,1022.3,1007.5
2021-11-12T11:00,3.2,0.00,92,1.9,0.2,0.00,0.00,0.00,3,100,0,0,100,7.6,130,135,8.9,18.0,1,0.00,1021.8,1007.0
2021-11-12T12:00,4.3,0.00,87,2.3,1.5,0.00,0.00,0.00,3,100,0,0,100,7.5,142,145,10.0,20.2,1,1226.01,1021.1,1006.4
2021-11-12T13:00,4.3,0.00,86,2.1,1.5,0.00,0.00,0.00,3,99,2,0,100,6.6,165,167,8.6,19.1,1,3600.00,1020.8,1006.1
2021-11-12T14:00,4.5,0.00,86,2.4,2.1,0.00,0.00,0.00,3,100,0,0,100,4.8,187,193,6.2,16.9,1,2252.96,1020.3,1005.6
2021-11-12T15:00,4.6,0.00,87,2.6,2.5,0.00,0.00,0.00,3,100,0,0,100,2.3,225,231,2.5,14.0,1,1716.82,1020.0,1005.3
2021-11-12T16:00,4.4,0.00,88,2.6,2.2,0.00,0.00,0.00,3,80,0,0,80,3.1,195,201,4.1,9.0,1,1316.94,1019.6,1004.9
2021-11-12T17:00,2.4,0.00,96,1.8,-0.2,0.00,0.00,0.00,2,75,0,0,75,5.1,172,172,8.0,9.0,0,0.00,1019.3,1004.5
2021-11-12T18:00,2.8,0.00,94,2.0,0.4,0.00,0.00,0.00,2,74,0,0,74,4.1,156,135,9.8,7.9,0,0.00,1019.3,1004.5
2021-11-12T19:00,2.4,0.00,95,1.6,-0.1,0.00,0.00,0.00,2,54,0,0,54,4.4,180,145,8.6,8.3,0,0.00,1019.5,1004.7
2021-11-12T20:00,2.7,0.00,95,1.9,-0.2,0.00,0.00,0.00,1,49,0,0,49,7.1,167,139,13.3,13.3,0,0.00,1019.2,1004.4
2021-11-12T21:00,2.6,0.00,96,2.0,-0.4,0.00,0.00,0.00,1,46,0,0,46,7.6,157,135,16.8,16.2,0,0.00,1018.5,1003.7
2021-11-12T22:00,2.5,0.00,95,1.8,-0.3,0.00,0.00,0.00,2,51,10,0,46,6.6,167,139,15.9,15.1,0,0.00,1018.2,1003.4
2021-11-12T23:00,2.5,0.00,95,1.8,-0.3,0.00,0.00,0.00,1,46,14,0,38,6.9,167,133,14.1,13.3,0,0.00,1017.9,1003.1
2021-11-13T00:00,1.8,0.00,96,1.3,-0.8,0.00,0.00,0.00,1,30,6,0,26,4.3,176,132,10.8,14.8,0,0.00,1017.7,1002.9
2021-11-13T01:00,0.3,0.00,95,-0.3,-2.5,0.00,0.00,0.00,0,15,57,0,55,4.3,178,132,9.7,11.2,0,0.00,1018.4,1003.5
2021-11-13T02:00,0.8,0.00,95,0.1,-2.2,0.00,0.00,0.00,3,100,99,0,60,5.9,182,137,11.2,11.9,0,0.00,1018.3,1003.4
2021-11-13T03:00,1.1,0.00,96,0.5,-2.4,0.00,0.00,0.00,3,88,56,5,71,9.3,177,152,18.4,18.4,0,0.00,1017.9,1003.1
2021-11-13T04:00,1.5,0.00,98,1.3,-1.9,0.00,0.00,0.00,3,100,100,30,100,10.0,177,154,20.9,22.0,0,0.00,1017.5,1002.7
2021-11-13T05:00,2.2,0.00,100,2.2,-1.0,0.00,0.00,0.00,3,100,15,2,100,9.8,190,163,19.0,20.5,0,0.00,1017.1,1002.3
2021-11-13T06:00,2.4,0.00,99,2.2,-0.6,0.00,0.00,0.00,3,90,0,9,89,8.9,192,159,18.4,20.5,0,0.00,1016.8,1002.1
2021-11-13T07:00,3.0,0.00,97,2.5,-0.0,0.00,0.00,0.00,3,100,1,3,100,8.7,184,150,17.3,19.4,0,0.00,1016.7,1002.0
2021-11-13T08:00,3.9,0.20,92,2.8,1.1,0.20,0.00,0.00,51,100,25,100,100,8.1,208,167,16.8,18.7,1,0.00,1017.1,1002.4
2021-11-13T09:00,5.1,0.70,88,3.4,1.8,0.70,0.00,0.00,53,94,37,90,11,12.0,198,171,23.8,25.6,1,0.00,1016.5,1001.9
2021-11-13T10:00,6.1,0.40,89,4.5,3.5,0.40,0.00,0.00,51,100,74,100,100,8.6,204,180,19.7,24.8,1,90.03,1016.2,1001.7
2021-11-13T11:00,6.3,0.30,89,4.7,3.7,0.30,0.00,0.00,51,100,67,95,100,8.9,195,166,17.9,19.8,1,0.00,1016.1,1001.6
2021-11-13T12:00,6.9,0.30,91,5.5,4.7,0.30,0.00,0.00,51,100,10,100,100,7.6,209,183,17.7,20.2,1,0.00,1015.9,1001.4
2021-11-13T13:00,6.0,0.70,94,5.1,3.6,0.70,0.00,0.00,53,100,0,99,100,7.8,171,124,13.8,18.4,1,0.00,1016.4,1001.8
2021-11-13T14:00,6.4,0.20,93,5.4,4.2,0.20,0.00,0.00,51,100,26,81,100,7.1,180,135,13.3,16.2,1,0.00,1015.4,1000.9
2021-11-13T15:00,7.3,0.40,92,6.0,5.5,0.40,0.00,0.00,51,100,100,100,100,5.5,202,148,13.6,15.1,1,0.00,1015.4,1000.9
2021-11-13T16:00,7.4,1.30,93,6.3,5.8,1.30,0.00,0.00,61,100,86,100,100,4.9,208,163,13.8,12.6,1,0.00,1015.3,1000.8
2021-11-13T17:00,7.4,0.60,94,6.6,5.8,0.60,0.00,0.00,53,100,2,100,100,5.1,213,176,14.6,11.5,0,0.00,1015.4,1000.9
2021-11-13T18:00,7.6,0.10,95,6.9,5.9,0.10,0.00,0.00,51,100,14,60,100,6.3,216,193,16.5,13.3,0,0.00,1015.7,1001.2
2021-11-13T19:00,7.6,0.40,96,7.0,5.9,0.40,0.00,0.00,51,100,55,83,100,5.8,219,202,15.9,14.0,0,0.00,1015.9,1001.4
2021-11-13T20:00,7.4,0.50,97,6.9,5.7,0.50,0.00,0.00,53,100,44,88,100,6.0,218,197,15.1,12.6,0,0.00,1016.0,1001.5
2021-11-13T21:00,7.3,0.10,97,6.9,5.8,0.10,0.00,0.00,51,100,50,46,100,5.1,215,184,13.2,12.6,0,0.00,1016.0,1001.5
2021-11-13T22:00,7.0,0.00,98,6.6,5.4,0.00,0.00,0.00,3,100,32,77,100,5.1,209,176,13.2,10.8,0,0.00,1016.1,1001.6
2021-11-13T23:00,6.7,0.00,98,6.4,5.1,0.00,0.00,0.00,3,100,56,93,100,4.9,203,163,12.1,10.8,0,0.00,1016.4,1001.9
2021-11-14T00:00,7.1,0.00,98,6.7,5.6,0.00,0.00,0.00,3,100,59,37,100,4.5,197,151,10.1,10.1,0,0.00,1016.5,1002.0
2021-11-14T01:00,6.9,0.00,99,6.8,5.4,0.00,0.00,0.00,3,100,98,100,100,4.6,171,135,11.3,10.8,0,0.00,1016.5,1002.0
2021-11-14T02:00,7.4,0.10,98,7.1,5.6,0.10,0.00,0.00,51,100,97,97,100,7.1,143,120,12.1,13.3,0,0.00,1016.4,1001.9
2021-11-14T03:00,7.6,0.10,97,7.2,5.6,0.10,0.00,0.00,51,100,0,99,100,8.9,133,122,17.3,17.6,0,0.00,1016.8,1002.3
2021-11-14T04:00,7.7,0.00,97,7.2,5.8,0.00,0.00,0.00,3,100,0,12,100,7.9,131,120,15.3,18.4,0,0.00,1016.8,1002.3
2021-11-14T05:00,7.7,0.00,96,7.2,6.1,0.00,0.00,0.00,3,100,44,15,100,6.0,126,115,12.9,15.1,0,0.00,1017.1,1002.6
2021-11-14T06:00,7.8,0.00,96,7.2,6.1,0.00,0.00,0.00,3,100,26,19,100,6.3,109,103,14.5,12.6,0,0.00,1017.8,1003.3
2021-11-14T07:00,7.9,0.00,95,7.2,6.1,0.00,0.00,0.00,3,100,0,49,100,7.3,95,99,16.6,15.1,0,0.00,1018.1,1003.6
2021-11-14T08:00,8.1,0.00,93,7.0,6.1,0.00,0.00,0.00,3,96,47,13,93,8.0,83,85,17.4,15.8,1,0.00,1018.7,1004.2
2021-11-14T09:00,8.5,0.00,91,7.0,6.3,0.00,0.00,0.00,3,100,63,88,99,9.8,71,66,17.9,18.7,1,2387.91,1019.4,1004.9
2021-11-14T10:00,9.1,0.00,89,7.4,7.1,0.00,0.00,0.00,1,32,1,9,31,9.3,68,62,16.6,19.8,1,3600.00,1019.6,1005.2
2021-11-14T11:00,10.1,0.00,85,7.7,7.5,0.00,0.00,0.00,1,35,0,0,35,13.1,82,82,18.5,26.6,1,3600.00,1020.1,1005.7
2021-11-14T12:00,10.8,0.00,81,7.7,8.4,0.00,0.00,0.00,2,55,11,1,49,12.3,86,85,17.3,28.8,1,3600.00,1020.1,1005.7
2021-11-14T13:00,11.0,0.00,81,7.8,8.4,0.00,0.00,0.00,3,100,100,0,42,13.6,80,79,19.8,28.8,1,3600.00,1020.3,1005.9
2021-11-14T14:00,11.3,0.00,79,7.8,8.8,0.00,0.00,0.00,3,97,94,33,46,12.9,79,77,18.7,29.2,1,3600.00,1020.4,1006.1
2021-11-14T15:00,11.4,0.00,78,7.7,9.4,0.00,0.00,0.00,3,82,53,23,58,9.5,81,81,14.6,27.7,1,3600.00,1020.6,1006.3
2021-11-14T16:00,10.9,0.00,80,7.7,9.2,0.00,0.00,0.00,3,100,95,94,100,7.5,44,35,14.0,20.9,1,694.55,1021.1,1006.7
2021-11-14T17:00,9.7,0.00,86,7.4,7.2,0.00,0.00,0.00,3,100,77,30,98,12.5,40,33,23.0,25.2,0,0.00,1021.7,1007.3
2021-11-14T18:00,9.2,0.00,89,7.5,7.0,0.00,0.00,0.00,2,61,10,25,42,10.6,42,35,21.9,25.6,0,0.00,1022.1,1007.6
2021-11-14T19:00,8.6,0.00,92,7.4,6.7,0.00,0.00,0.00,3,100,1,2,100,8.3,46,34,19.9,22.3,0,0.00,1022.7,1008.2
2021-11-14T20:00,9.4,0.00,88,7.5,7.2,0.00,0.00,0.00,0,10,0,0,10,10.5,55,41,21.2,21.2,0,0.00,1023.0,1008.5
2021-11-14T21:00,8.7,0.00,89,7.1,6.1,0.00,0.00,0.00,0,3,0,0,3,13.0,63,56,26.6,27.0,0,0.00,1023.2,1008.7
2021-11-14T22:00,8.2,0.00,90,6.6,5.5,0.00,0.00,0.00,0,8,0,0,8,12.2,67,62,25.0,27.4,0,0.00,1023.6,1009.1
2021-11-14T23:00,7.7,0.00,90,6.2,5.1,0.00,0.00,0.00,3,100,0,0,100,11.0,74,71,23.9,25.9,0,0.00,1023.9,1009.3
2021-11-15T00:00,8.4,0.00,85,6.0,5.7,0.00,0.00,0.00,3,100,0,0,100,11.7,82,79,22.9,24.8,0,0.00,1024.0,1009.5
2021-11-15T01:00,9.0,0.00,85,6.6,6.7,0.00,0.00,0.00,2,53,0,0,100,9.7,72,63,19.4,25.9,0,0.00,1023.6,1009.1
2021-11-15T02:00,8.9,0.00,84,6.3,6.6,0.00,0.00,0.00,3,100,0,0,100,9.3,80,74,18.6,20.5,0,0.00,1023.6,1009.1
2021-11-15T03:00,8.1,0.00,84,5.6,5.7,0.00,0.00,0.00,3,100,0,0,100,8.7,86,83,18.4,19.8,0,0.00,1023.7,1009.1
2021-11-15T04:00,7.7,0.00,82,4.9,5.0,0.00,0.00,0.00,3,100,0,0,100,10.0,81,75,19.7,20.9,0,0.00,1023.8,1009.2
2021-11-15T05:00,7.8,0.00,80,4.6,4.9,0.00,0.00,0.00,3,100,0,0,100,10.9,70,63,19.9,23.0,0,0.00,1023.6,1009.0
2021-11-15T06:00,7.5,0.00,81,4.5,4.6,0.00,0.00,0.00,3,100,0,0,100,10.3,62,54,19.2,23.0,0,0.00,1023.5,1008.9
2021-11-15T07:00,7.5,0.00,81,4.5,4.6,0.00,0.00,0.00,3,100,0,0,100,10.2,61,51,18.8,21.6,0,0.00,1023.5,1008.9
2021-11-15T08:00,7.5,0.00,81,4.5,4.7,0.00,0.00,0.00,3,100,0,0,100,10.0,61,52,19.0,21.6,1,0.00,1023.7,1009.1
2021-11-15T09:00,8.0,0.00,79,4.6,5.2,0.00,0.00,0.00,3,100,0,0,100,10.2,65,58,18.2,22.3,1,0.00,1024.0,1009.4
2021-11-15T10:00,8.3,0.00,78,4.7,5.5,0.00,0.00,0.00,3,91,0,0,91,10.8,59,53,16.8,22.7,1,0.00,1023.8,1009.3
2021-11-15T11:00,9.2,0.00,75,4.9,6.4,0.00,0.00,0.00,3,100,0,0,100,10.5,66,63,15.3,23.8,1,0.00,1023.5,1009.0
2021-11-15T12:00,9.8,0.00,72,5.0,6.4,0.00,0.00,0.00,3,100,2,0,100,14.8,84,84,21.3,32.4,1,509.01,1023.3,1008.8
2021-11-15T13:00,9.1,0.00,72,4.3,5.7,0.00,0.00,0.00,3,100,0,0,100,13.6,79,79,19.1,31.3,1,385.40,1023.5,1009.0
2021-11-15T14:00,9.1,0.00,72,4.4,6.0,0.00,0.00,0.00,3,100,2,0,100,12.3,75,75,17.9,27.7,1,0.00,1023.2,1008.7
2021-11-15T15:00,9.3,0.00,72,4.4,6.2,0.00,0.00,0.00,3,100,18,0,100,12.1,77,78,18.1,26.3,1,0.00,1022.7,1008.2
2021-11-15T16:00,9.0,0.00,73,4.5,6.2,0.00,0.00,0.00,3,100,62,0,100,10.1,84,84,17.0,26.6,1,0.00,1022.7,1008.2
2021-11-15T17:00,8.5,0.00,75,4.4,5.9,0.00,0.00,0.00,3,100,90,0,100,8.3,89,88,15.8,21.6,0,0.00,1023.2,1008.7
2021-11-15T18:00,8.1,0.00,78,4.5,6.0,0.00,0.00,0.00,3,100,20,0,100,5.3,74,62,12.8,17.3,0,0.00,1023.4,1008.9
2021-11-15T19:00,8.1,0.00,79,4.6,5.9,0.00,0.00,0.00,3,100,50,0,100,6.0,48,25,13.0,12.2,0,0.00,1023.3,1008.8
2021-11-15T20:00,8.0,0.00,80,4.7,5.6,0.00,0.00,0.00,3,100,20,0,100,7.4,47,29,15.3,15.1,0,0.00,1023.0,1008.5
2021-11-15T21:00,7.9,0.00,80,4.7,5.6,0.00,0.00,0.00,3,100,72,0,100,7.2,57,37,15.1,15.1,0,0.00,1022.9,1008.4
2021-11-15T22:00,7.7,0.00,81,4.7,5.4,0.00,0.00,0.00,3,100,91,0,100,6.9,56,39,15.3,14.4,0,0.00,1022.9,1008.3
2021-11-15T23:00,7.8,0.00,81,4.8,5.6,0.00,0.00,0.00,3,100,84,0,100,6.1,58,45,14.1,14.0,0,0.00,1023.1,1008.5
2021-11-16T00:00,7.5,0.00,83,4.8,5.4,0.00,0.00,0.00,3,99,93,0,91,5.5,65,58,12.7,12.6,0,0.00,1023.2,1008.6
2021-11-16T01:00,7.0,0.00,85,4.6,4.9,0.00,0.00,0.00,3,100,30,0,100,5.1,65,39,10.3,11.5,0,0.00,1023.1,1008.5
2021-11-16T02:00,7.1,0.00,84,4.5,4.7,0.00,0.00,0.00,3,100,51,0,100,7.1,51,41,13.8,14.0,0,0.00,1023.3,1008.7
2021-11-16T03:00,6.8,0.00,84,4.3,4.4,0.00,0.00,0.00,3,100,26,0,100,6.8,67,65,12.9,14.4,0,0.00,1023.3,1008.7
2021-11-16T04:00,6.7,0.00,84,4.1,4.5,0.00,0.00,0.00,3,100,100,0,100,5.4,88,86,11.9,13.0,0,0.00,1022.9,1008.3
2021-11-16T05:00,6.6,0.00,84,4.1,4.6,0.00,0.00,0.00,3,100,100,0,100,4.1,100,105,10.2,10.8,0,0.00,1022.7,1008.1
2021-11-16T06:00,6.1,0.00,89,4.4,4.3,0.00,0.00,0.00,3,100,100,0,100,2.9,112,120,8.6,8.6,0,0.00,1022.6,1008.0
2021-11-16T07:00,6.2,0.00,90,4.7,4.7,0.00,0.00,0.00,3,100,100,0,100,1.8,128,180,4.1,5.8,0,0.00,1022.6,1008.0
2021-11-16T08:00,6.3,0.00,86,4.2,4.7,0.00,0.00,0.00,3,100,100,0,100,1.6,173,207,2.9,3.6,1,0.00,1023.2,1008.6
2021-11-16T09:00,6.6,0.00,84,4.0,5.1,0.00,0.00,0.00,3,100,98,0,100,0.5,225,225,0.5,4.7,1,0.00,1023.6,1009.0
2021-11-16T10:00,7.0,0.00,83,4.3,5.4,0.00,0.00,0.00,3,100,99,0,100,1.5,315,315,2.0,6.8,1,0.00,1023.3,1008.7
2021-11-16T11:00,7.3,0.00,82,4.5,5.4,0.00,0.00,0.00,3,100,3,0,100,3.9,306,304,4.9,10.4,1,0.00,1023.1,1008.5
2021-11-16T12:00,7.6,0.00,82,4.7,5.3,0.00,0.00,0.00,3,100,0,0,100,6.4,309,308,7.9,14.8,1,0.00,1022.7,1008.1
2021-11-16T13:00,7.5,0.00,77,3.8,5.4,0.00,0.00,0.00,3,100,0,2,100,4.4,274,279,5.4,16.6,1,0.00,1022.8,1008.2
2021-11-16T14:00,7.4,0.00,78,3.8,5.3,0.00,0.00,0.00,3,100,0,0,100,4.0,279,280,4.7,11.5,1,0.00,1022.5,1007.9
2021-11-16T15:00,7.4,0.00,77,3.7,5.4,0.00,0.00,0.00,3,100,0,0,100,3.3,270,276,3.6,10.4,1,0.00,1022.0,1007.4
2021-11-16T16:00,7.2,0.00,78,3.6,5.1,0.00,0.00,0.00,3,100,0,0,100,4.0,254,260,5.2,9.0,1,0.00,1021.9,1007.3
2021-11-16T17:00,6.8,0.00,82,4.0,5.0,0.00,0.00,0.00,3,98,39,0,96,2.5,263,262,5.8,9.4,0,0.00,1022.0,1007.4
2021-11-16T18:00,6.6,0.00,88,4.8,4.9,0.00,0.00,0.00,3,97,0,0,97,2.9,279,277,4.4,5.0,0,0.00,1021.9,1007.3
2021-11-16T19:00,6.7,0.00,80,3.6,5.0,0.00,0.00,0.00,3,100,59,0,100,1.1,262,198,2.5,4.3,0,0.00,1022.0,1007.4
2021-11-16T20:00,6.1,0.00,90,4.6,4.3,0.00,0.00,0.00,3,100,55,0,100,3.3,228,221,5.4,5.0,0,0.00,1022.0,1007.4
2021-11-16T21:00,6.2,0.10,88,4.4,4.5,0.10,0.00,0.00,51,100,76,0,100,2.3,243,252,7.2,5.4,0,0.00,1021.9,1007.3
2021-11-16T22:00,6.1,0.10,91,4.7,4.4,0.10,0.00,0.00,51,100,36,0,100,2.6,252,236,6.8,5.4,0,0.00,1022.1,1007.5
2021-11-16T23:00,6.1,0.10,91,4.8,4.4,0.10,0.00,0.00,51,100,0,0,100,3.1,236,201,6.5,6.5,0,0.00,1022.1,1007.5
2021-11-17T00:00,6.1,0.00,92,4.9,4.3,0.00,0.00,0.00,3,100,0,0,100,3.8,221,197,7.7,7.9,0,0.00,1022.0,1007.4
2021-11-17T01:00,6.0,0.00,94,5.1,4.2,0.00,0.00,0.00,3,100,7,41,95,3.9,240,214,10.0,8.6,0,0.00,1021.8,1007.2
2021-11-17T02:00,5.9,0.00,94,5.0,3.8,0.00,0.00,0.00,3,95,0,20,94,5.5,235,212,11.4,11.5,0,0.00,1021.9,1007.3
2021-11-17T03:00,5.8,0.00,94,4.9,3.7,0.00,0.00,0.00,3,100,6,0,100,5.4,237,217,11.2,11.5,0,0.00,1022.0,1007.4
2021-11-17T04:00,5.8,0.00,94,4.9,3.8,0.00,0.00,0.00,3,100,6,5,100,5.2,232,214,11.0,11.2,0,0.00,1021.8,1007.2
2021-11-17T05:00,5.8,0.00,94,5.0,3.9,0.00,0.00,0.00,3,100,18,24,100,4.7,224,203,9.9,10.8,0,0.00,1021.8,1007.2
2021-11-17T06:00,5.8,0.10,94,5.0,3.6,0.10,0.00,0.00,51,100,0,0,100,6.6,231,221,13.0,13.3,0,0.00,1021.8,1007.2
2021-11-17T07:00,5.9,0.10,93,4.8,3.4,0.10,0.00,0.00,51,100,6,1,100,8.0,249,243,15.4,16.6,0,0.00,1022.1,1007.5
2021-11-17T08:00,6.0,0.00,89,4.3,3.4,0.00,0.00,0.00,3,100,0,0,100,8.0,269,262,15.1,17.3,1,0.00,1022.9,1008.3
2021-11-17T09:00,6.2,0.10,88,4.3,3.8,0.10,0.00,0.00,51,100,0,0,100,6.9,253,242,12.4,16.9,1,0.00,1023.6,1009.0
2021-11-17T10:00,6.3,0.10,88,4.5,3.9,0.10,0.00,0.00,51,100,0,0,100,7.5,237,235,12.0,16.2,1,0.00,1023.9,1009.3
2021-11-17T11:00,6.5,0.20,88,4.6,3.6,0.20,0.00,0.00,51,100,0,0,100,10.5,252,254,15.1,21.2,1,0.00,1024.1,1009.5
2021-11-17T12:00,6.8,0.10,85,4.5,4.0,0.10,0.00,0.00,51,100,0,0,100,10.3,258,258,15.1,22.3,1,0.00,1024.2,1009.6
2021-11-17T13:00,6.5,0.00,78,2.8,3.4,0.00,0.00,0.00,3,100,0,0,100,10.0,249,249,13.9,22.3,1,0.00,1024.6,1010.0
2021-11-17T14:00,7.0,0.00,75,2.8,4.0,0.00,0.00,0.00,3,100,0,0,100,9.4,253,252,13.2,22.7,1,0.00,1024.4,1009.8
2021-11-17T15:00,7.2,0.00,74,2.9,4.4,0.00,0.00,0.00,3,100,77,0,100,7.8,256,257,11.5,20.5,1,0.00,1024.6,1010.0
2021-11-17T16:00,7.3,0.00,75,3.1,4.8,0.00,0.00,0.00,3,100,74,2,100,5.7,242,235,11.4,16.6,1,0.00,1024.8,1010.2
2021-11-17T17:00,7.0,0.00,77,3.2,4.3,0.00,0.00,0.00,3,100,0,33,100,7.1,234,229,14.2,14.0,0,0.00,1025.2,1010.6
2021-11-17T18:00,6.7,0.00,82,3.8,4.0,0.00,0.00,0.00,3,100,0,47,100,8.4,233,227,16.7,17.3,0,0.00,1025.7,1011.0
2021-11-17T19:00,6.5,0.10,85,4.2,3.9,0.10,0.00,0.00,51,100,0,54,100,8.7,224,218,17.1,18.0,0,0.00,1026.3,1011.6
2021-11-17T20:00,6.5,0.10,87,4.5,3.9,0.10,0.00,0.00,51,100,50,87,100,8.5,222,216,16.6,17.6,0,0.00,1027.0,1012.3
2021-11-17T21:00,6.5,0.10,89,4.8,3.8,0.10,0.00,0.00,51,100,93,100,100,9.4,218,212,18.2,18.7,0,0.00,1027.7,1013.0
2021-11-17T22:00,6.5,0.80,93,5.4,3.9,0.80,0.00,0.00,53,100,0,100,100,10.0,217,210,19.8,19.8,0,0.00,1028.3,1013.6
2021-11-17T23:00,6.4,0.30,94,5.5,3.8,0.30,0.00,0.00,51,100,0,100,100,10.2,218,212,19.7,20.5,0,0.00,1028.7,1014.0
2021-11-18T00:00,6.3,0.10,94,5.5,3.9,0.10,0.00,0.00,51,100,0,88,100,9.1,221,214,18.1,20.2,0,0.00,1028.8,1014.1
2021-11-18T01:00,6.0,0.00,93,5.0,3.5,0.00,0.00,0.00,3,100,0,92,100,8.5,216,208,17.0,18.4,0,0.00,1029.2,1014.5
2021-11-18T02:00,6.0,0.10,95,5.3,3.7,0.10,0.00,0.00,51,100,100,96,100,8.2,220,209,16.4,17.6,0,0.00,1029.3,1014.6
2021-11-18T03:00,6.1,0.00,94,5.2,3.9,0.00,0.00,0.00,3,100,100,82,100,7.1,226,210,14.5,16.6,0,0.00,1029.5,1014.8
2021-11-18T04:00,6.1,0.00,95,5.4,4.2,0.00,0.00,0.00,3,100,100,34,100,5.6,230,207,12.3,13.7,0,0.00,1029.7,1015.0
2021-11-18T05:00,6.0,0.00,96,5.4,4.1,0.00,0.00,0.00,3,100,100,2,100,4.8,235,207,11.4,11.2,0,0.00,1030.0,1015.3
2021-11-18T06:00,5.9,0.00,97,5.5,4.1,0.00,0.00,0.00,3,100,100,41,99,4.7,237,203,10.7,10.1,0,0.00,1030.1,1015.3
2021-11-18T07:00,5.8,0.00,98,5.5,4.1,0.00,0.00,0.00,3,100,100,95,46,4.0,240,207,10.8,9.4,0,0.00,1030.4,1015.6
2021-11-18T08:00,5.4,0.00,98,5.1,3.6,0.00,0.00,0.00,3,100,100,29,38,4.1,229,195,11.0,8.6,1,0.00,1030.6,1015.8
2021-11-18T09:00,6.3,0.00,97,5.9,4.5,0.00,0.00,0.00,3,100,100,2,63,4.9,220,197,9.4,10.1,1,1399.46,1031.5,1016.7
2021-11-18T10:00,6.9,0.00,95,6.2,5.0,0.00,0.00,0.00,3,100,100,12,98,6.6,236,229,9.6,14.4,1,963.01,1031.9,1017.2
2021-11-18T11:00,7.7,0.00,90,6.2,5.5,0.00,0.00,0.00,3,100,99,40,100,8.4,244,245,11.6,19.4,1,2355.03,1032.1,1017.4
2021-11-18T12:00,8.2,0.00,84,5.7,5.8,0.00,0.00,0.00,3,100,45,87,100,9.0,242,241,12.2,20.5,1,930.72,1031.9,1017.2
2021-11-18T13:00,8.1,0.00,81,5.0,5.7,0.00,0.00,0.00,3,100,100,24,100,8.4,242,239,11.4,22.7,1,959.31,1032.3,1017.6
2021-11-18T14:00,8.4,0.00,77,4.7,5.8,0.00,0.00,0.00,3,100,97,5,100,9.2,232,231,13.3,21.2,1,141.81,1031.7,1017.1
2021-11-18T15:00,8.6,0.00,76,4.6,5.9,0.00,0.00,0.00,3,100,98,0,80,9.9,229,226,15.3,22.7,1,233.04,1031.2,1016.6
2021-11-18T16:00,8.4,0.00,77,4.7,5.9,0.00,0.00,0.00,3,100,43,0,100,8.1,237,238,15.4,24.8,1,3600.00,1031.0,1016.4
2021-11-18T17:00,7.0,0.00,84,4.5,4.8,0.00,0.00,0.00,3,100,82,0,100,5.5,248,238,14.7,16.6,0,0.00,1031.4,1016.7
2021-11-18T18:00,7.1,0.00,83,4.4,4.7,0.00,0.00,0.00,3,99,97,0,66,7.2,260,252,17.2,14.8,0,0.00,1031.7,1017.0
2021-11-18T19:00,6.2,0.00,87,4.1,3.8,0.00,0.00,0.00,3,90,83,0,39,6.6,244,229,17.6,15.1,0,0.00,1031.9,1017.1
2021-11-18T20:00,5.6,0.00,90,4.1,3.2,0.00,0.00,0.00,3,83,71,0,41,6.9,234,223,18.6,14.0,0,0.00,1032.2,1017.4
2021-11-18T21:00,5.1,0.00,91,3.8,2.6,0.00,0.00,0.00,2,74,42,0,55,7.4,239,231,20.2,15.1,0,0.00,1032.3,1017.5
2021-11-18T22:00,5.1,0.00,93,4.0,2.6,0.00,0.00,0.00,1,48,34,0,21,7.8,242,236,20.5,16.2,0,0.00,1032.4,1017.6
2021-11-18T23:00,4.6,0.00,94,3.7,2.1,0.00,0.00,0.00,1,32,3,0,30,6.7,244,234,18.8,16.2,0,0.00,1032.7,1017.8
2021-11-19T00:00,4.4,0.00,96,3.7,2.0,0.00,0.00,0.00,2,60,27,0,46,5.9,242,223,17.6,14.0,0,0.00,1032.6,1017.7
2021-11-19T01:00,4.7,0.00,97,4.2,2.6,0.00,0.00,0.00,2,67,27,0,100,5.1,247,225,14.5,12.6,0,0.00,1032.8,1017.9
2021-11-19T02:00,5.1,0.00,96,4.5,2.9,0.00,0.00,0.00,3,100,15,0,100,5.9,236,218,14.3,11.9,0,0.00,1032.8,1018.0
2021-11-19T03:00,5.0,0.00,97,4.5,2.9,0.00,0.00,0.00,3,100,61,0,100,5.3,234,208,13.4,11.9,0,0.00,1032.9,1018.1
2021-11-19T04:00,5.5,0.00,95,4.8,3.0,0.00,0.00,0.00,3,100,85,0,100,8.0,217,198,16.7,15.1,0,0.00,1032.6,1017.8
2021-11-19T05:00,5.8,0.00,94,5.0,3.4,0.00,0.00,0.00,3,100,96,0,100,8.2,218,203,17.7,16.6,0,0.00,1032.6,1017.8
2021-11-19T06:00,6.1,0.00,94,5.1,3.6,0.00,0.00,0.00,3,100,94,0,100,9.0,216,203,18.3,17.6,0,0.00,1032.4,1017.6
2021-11-19T07:00,6.3,0.00,93,5.2,3.8,0.00,0.00,0.00,3,100,99,0,100,9.5,214,205,18.7,19.1,0,0.00,1032.5,1017.7
2021-11-19T08:00,6.5,0.00,92,5.3,3.8,0.00,0.00,0.00,3,100,83,0,100,10.3,213,205,19.8,20.5,1,0.00,1032.8,1018.0
2021-11-19T09:00,6.8,0.00,91,5.5,4.2,0.00,0.00,0.00,3,100,89,0,100,10.0,215,210,18.9,20.5,1,0.00,1033.2,1018.4
2021-11-19T10:00,7.1,0.00,90,5.7,4.7,0.00,0.00,0.00,3,100,100,0,100,8.9,221,212,19.9,19.8,1,0.00,1033.0,1018.3
2021-11-19T11:00,7.6,0.00,90,6.0,5.4,0.00,0.00,0.00,3,100,85,0,100,8.2,229,221,17.1,19.8,1,0.00,1033.2,1018.5
2021-11-19T12:00,8.0,0.00,90,6.4,6.1,0.00,0.00,0.00,3,100,92,0,100,6.2,235,216,13.7,17.6,1,0.00,1032.9,1018.2
2021-11-19T13:00,6.8,0.00,87,4.9,4.4,0.00,0.00,0.00,3,100,48,0,100,8.2,210,209,12.1,14.8,1,0.00,1033.1,1018.4
2021-11-19T14:00,7.0,0.00,88,5.1,4.8,0.00,0.00,0.00,3,100,49,0,100,6.7,200,196,10.4,17.3,1,0.00,1032.6,1017.9
2021-11-19T15:00,7.2,0.00,88,5.3,4.9,0.00,0.00,0.00,3,80,19,0,76,7.2,189,183,11.3,15.1,1,0.00,1032.0,1017.3
2021-11-19T16:00,7.2,0.00,89,5.4,5.0,0.00,0.00,0.00,3,100,14,0,100,6.8,191,177,12.8,15.8,1,0.00,1031.8,1017.1
2021-11-19T17:00,7.0,0.00,91,5.6,5.0,0.00,0.00,0.00,3,100,0,0,100,6.1,204,183,13.0,14.0,0,0.00,1031.8,1017.1
2021-11-19T18:00,7.1,0.10,91,5.8,5.1,0.10,0.00,0.00,51,100,0,0,100,6.9,208,186,13.8,13.0,0,0.00,1031.7,1017.0
2021-11-19T19:00,7.2,0.10,92,6.0,5.3,0.10,0.00,0.00,51,100,96,0,100,6.2,211,187,12.6,13.0,0,0.00,1031.9,1017.2
2021-11-19T20:00,7.1,0.00,93,6.1,5.4,0.00,0.00,0.00,3,100,98,0,100,5.1,216,188,11.6,11.5,0,0.00,1031.9,1017.2
2021-11-19T21:00,6.8,0.00,96,6.2,5.2,0.00,0.00,0.00,3,84,0,0,84,4.3,224,185,9.9,9.7,0,0.00,1031.9,1017.2
2021-11-19T22:00,6.3,0.00,97,5.9,4.7,0.00,0.00,0.00,3,100,0,0,100,4.0,227,180,8.9,7.9,0,0.00,1032.1,1017.3
2021-11-19T23:00,6.2,0.00,98,5.9,4.6,0.00,0.00,0.00,3,90,0,0,90,4.0,227,180,8.9,7.2,0,0.00,1032.0,1017.2
2021-11-20T00:00,6.4,0.00,98,6.1,4.7,0.00,0.00,0.00,3,100,0,0,100,4.4,218,171,8.2,7.9,0,0.00,1031.8,1017.0
2021-11-20T01:00,5.4,0.00,98,5.1,3.5,0.00,0.00,0.00,3,100,0,0,100,4.4,213,171,11.2,7.9,0,0.00,1031.9,1017.1
2021-11-20T02:00,6.0,0.00,98,5.6,4.1,0.00,0.00,0.00,2,69,0,0,69,5.1,209,176,11.9,10.1,0,0.00,1031.5,1016.7
2021-11-20T03:00,5.8,0.00,98,5.5,4.0,0.00,0.00,0.00,2,57,0,0,57,4.8,201,167,12.0,9.7,0,0.00,1031.1,1016.3
2021-11-20T04:00,4.9,0.00,99,4.7,3.0,0.00,0.00,0.00,1,35,0,0,35,3.9,192,146,10.7,8.6,0,0.00,1030.6,1015.8
2021-11-20T05:00,4.7,0.00,99,4.5,2.6,0.00,0.00,0.00,1,37,0,0,37,4.9,182,144,11.5,9.7,0,0.00,1030.1,1015.3
2021-11-20T06:00,4.0,0.00,99,3.9,1.8,0.00,0.00,0.00,2,64,0,0,64,4.8,176,132,10.8,10.1,0,0.00,1029.6,1014.8
2021-11-20T07:00,3.9,0.00,100,3.9,1.8,0.00,0.00,0.00,2,77,0,0,77,4.8,169,117,9.2,9.7,0,0.00,1029.3,1014.5
2021-11-20T08:00,3.9,0.00,100,3.9,1.7,0.00,0.00,0.00,3,100,0,0,100,5.4,153,110,8.9,10.8,1,0.00,1029.1,1014.3
2021-11-20T09:00,4.9,0.00,99,4.8,2.7,0.00,0.00,0.00,3,100,0,0,100,6.6,141,99,9.7,13.7,1,357.88,1029.0,1014.2
2021-11-20T10:00,6.6,0.00,98,6.2,4.7,0.00,0.00,0.00,3,100,0,0,100,6.2,138,111,10.7,14.4,1,1210.27,1028.5,1013.8
2021-11-20T11:00,7.9,0.00,93,6.9,6.3,0.00,0.00,0.00,2,57,6,0,55,5.0,133,120,8.4,14.4,1,2465.47,1028.0,1013.4
2021-11-20T12:00,9.4,0.00,85,7.0,8.1,0.00,0.00,0.00,1,30,0,0,30,3.6,138,135,4.8,13.7,1,3600.00,1027.2,1012.7
2021-11-20T13:00,9.8,0.00,79,6.3,7.4,0.00,0.00,0.00,2,73,0,0,66,9.7,139,141,13.3,15.1,1,3600.00,1026.2,1011.7
2021-11-20T14:00,9.8,0.00,78,6.1,7.6,0.00,0.00,0.00,2,64,0,0,64,8.2,151,151,11.1,20.9,1,3600.00,1025.1,1010.6
2021-11-20T15:00,9.8,0.00,77,5.9,7.8,0.00,0.00,0.00,2,58,1,0,58,6.3,157,156,9.0,18.4,1,3600.00,1024.1,1009.6
2021-11-20T16:00,9.0,0.00,81,6.0,7.5,0.00,0.00,0.00,2,64,0,0,64,3.7,157,151,9.0,14.0,1,2795.28,1023.5,1009.0
2021-11-20T17:00,7.2,0.00,89,5.5,5.4,0.00,0.00,0.00,2,60,0,0,60,4.6,149,129,9.2,8.3,0,0.00,1023.0,1008.4
2021-11-20T18:00,6.2,0.00,92,4.9,4.3,0.00,0.00,0.00,3,100,0,0,100,4.6,159,135,8.9,9.0,0,0.00,1022.3,1007.7
2021-11-20T19:00,5.7,0.00,93,4.7,3.9,0.00,0.00,0.00,2,52,0,0,52,3.8,187,139,8.4,8.3,0,0.00,1021.5,1006.9
2021-11-20T20:00,5.0,0.00,94,4.1,3.0,0.00,0.00,0.00,1,35,0,0,35,4.0,212,153,8.9,7.9,0,0.00,1020.7,1006.0
2021-11-20T21:00,4.2,0.00,96,3.6,2.0,0.00,0.00,0.00,2,65,0,0,65,4.7,219,171,11.5,9.7,0,0.00,1020.3,1005.6
2021-11-20T22:00,5.0,0.00,97,4.5,2.8,0.00,0.00,0.00,3,100,0,0,100,5.8,215,180,15.0,12.2,0,0.00,1019.9,1005.2
2021-11-20T23:00,6.0,0.00,97,5.6,3.9,0.00,0.00,0.00,3,100,0,0,100,6.9,208,186,15.1,14.0,0,0.00,1019.2,1004.6
2021-11-21T00:00,6.2,0.00,98,5.9,4.0,0.00,0.00,0.00,3,100,0,0,100,7.6,221,211,15.3,15.1,0,0.00,1018.8,1004.2
2021-11-21T01:00,5.1,0.00,97,4.7,2.7,0.00,0.00,0.00,3,100,0,0,100,7.3,199,191,13.0,15.5,0,0.00,1017.9,1003.3
2021-11-21T02:00,5.2,0.00,96,4.6,2.9,0.00,0.00,0.00,3,100,0,0,100,6.6,222,209,14.5,16.2,0,0.00,1017.4,1002.8
2021-11-21T03:00,5.3,0.00,95,4.5,3.1,0.00,0.00,0.00,3,100,0,0,100,5.8,235,202,11.9,14.8,0,0.00,1016.8,1002.2
2021-11-21T04:00,5.5,0.00,95,4.7,3.3,0.00,0.00,0.00,3,100,0,0,100,5.8,224,187,12.0,13.0,0,0.00,1015.9,1001.3
2021-11-21T05:00,5.7,0.00,93,4.7,3.3,0.00,0.00,0.00,3,100,0,0,100,7.2,219,207,15.9,15.1,0,0.00,1015.3,1000.7
2021-11-21T06:00,5.8,0.00,94,4.9,3.0,0.00,0.00,0.00,3,100,0,0,100,10.2,224,219,20.4,20.9,0,0.00,1014.7,1000.2
2021-11-21T07:00,5.7,0.10,94,4.8,2.8,0.10,0.00,0.00,51,100,0,0,100,10.8,223,217,20.1,22.3,0,0.00,1014.5,1000.0
2021-11-21T08:00,5.5,0.10,94,4.6,2.8,0.10,0.00,0.00,51,100,0,0,100,9.7,218,211,18.2,22.3,1,0.00,1014.3,999.8
2021-11-21T09:00,5.5,0.00,94,4.7,3.0,0.00,0.00,0.00,3,100,0,0,100,8.6,218,202,17.4,19.8,1,0.00,1014.5,999.9
2021-11-21T10:00,5.8,0.10,93,4.8,3.1,0.10,0.00,0.00,51,100,4,0,100,9.8,223,208,20.1,20.5,1,0.00,1014.3,999.8
2021-11-21T11:00,6.1,0.00,92,4.9,3.3,0.00,0.00,0.00,3,100,0,2,100,10.9,219,214,18.2,23.8,1,0.00,1014.0,999.5
2021-11-21T12:00,6.5,0.00,90,5.1,3.5,0.00,0.00,0.00,3,100,14,4,100,12.5,224,224,18.6,25.6,1,0.00,1013.5,999.0
2021-11-21T13:00,5.2,0.00,83,2.6,2.2,0.00,0.00,0.00,3,100,98,4,100,9.0,234,233,12.4,25.6,1,0.00,1013.7,999.1
2021-11-21T14:00,5.4,0.00,82,2.7,2.6,0.00,0.00,0.00,3,100,31,3,100,7.7,230,229,10.7,19.8,1,0.00,1013.1,998.6
2021-11-21T15:00,5.5,0.00,82,2.8,3.0,0.00,0.00,0.00,3,100,100,1,100,5.6,231,225,7.9,17.3,1,0.00,1012.8,998.3
2021-11-21T16:00,5.4,0.00,83,2.8,2.9,0.00,0.00,0.00,3,100,100,6,100,5.6,211,207,8.4,12.6,1,0.00,1013.0,998.5
2021-11-21T17:00,5.1,0.00,86,3.0,2.4,0.00,0.00,0.00,3,100,100,18,100,7.2,192,180,12.1,14.0,0,0.00,1013.2,998.6
2021-11-21T18:00,5.0,0.00,87,3.0,2.6,0.00,0.00,0.00,3,100,100,65,100,5.4,197,184,10.1,14.4,0,0.00,1013.4,998.8
2021-11-21T19:00,5.0,0.00,88,3.2,2.9,0.00,0.00,0.00,3,100,100,96,100,3.6,210,186,7.9,10.1,0,0.00,1013.9,999.3
2021-11-21T20:00,5.0,0.00,88,3.2,2.9,0.00,0.00,0.00,3,100,100,100,100,3.2,184,153,5.8,6.8,0,0.00,1014.1,999.5
2021-11-21T21:00,4.9,0.10,89,3.2,2.7,0.10,0.00,0.00,51,100,100,100,100,3.8,166,139,5.9,7.2,0,0.00,1014.3,999.7
2021-11-21T22:00,4.9,0.20,90,3.4,2.9,0.20,0.00,0.00,51,100,100,100,100,3.4,145,122,5.7,7.6,0,0.00,1014.9,1000.3
2021-11-21T23:00,4.9,0.30,91,3.6,2.8,0.30,0.00,0.00,51,100,100,100,100,3.9,115,112,6.0,8.6,0,0.00,1015.1,1000.5
2021-11-22T00:00,5.0,0.20,93,4.0,3.1,0.20,0.00,0.00,51,100,100,100,100,3.3,84,84,6.5,8.6,0,0.00,1015.2,1000.6
2021-11-22T01:00,5.3,0.20,92,4.1,3.9,0.20,0.00,0.00,51,100,100,100,100,0.4,351,270,2.2,7.6,0,0.00,1015.9,1001.3
2021-11-22T02:00,5.4,0.30,94,4.4,3.7,0.30,0.00,0.00,51,100,100,100,100,2.1,353,329,5.8,6.1,0,0.00,1016.2,1001.6
2021-11-22T03:00,5.5,0.20,95,4.7,3.4,0.20,0.00,0.00,51,100,96,100,100,5.3,354,332,11.2,10.8,0,0.00,1016.6,1002.0
2021-11-22T04:00,5.8,0.40,95,5.1,3.5,0.40,0.00,0.00,51,100,87,100,100,7.3,11,351,15.7,15.1,0,0.00,1016.7,1002.1
2021-11-22T05:00,6.0,0.30,95,5.2,3.7,0.30,0.00,0.00,51,100,16,100,81,7.6,17,5,17.0,16.6,0,0.00,1017.2,1002.6
2021-11-22T06:00,5.9,0.10,94,5.0,3.3,0.10,0.00,0.00,51,100,22,100,43,9.8,20,8,19.1,19.4,0,0.00,1018.0,1003.4
2021-11-22T07:00,5.7,0.00,93,4.7,2.8,0.00,0.00,0.00,3,92,28,83,42,11.5,29,20,21.7,23.8,0,0.00,1018.7,1004.1
2021-11-22T08:00,5.4,0.00,93,4.4,2.3,0.00,0.00,0.00,3,89,49,37,67,11.8,27,20,21.9,24.5,1,0.00,1019.5,1004.9
2021-11-22T09:00,5.4,0.00,92,4.3,2.2,0.00,0.00,0.00,3,100,12,33,99,12.9,21,13,22.3,26.3,1,216.01,1020.7,1006.1
2021-11-22T10:00,5.9,0.00,89,4.3,2.5,0.00,0.00,0.00,2,74,0,48,51,14.1,24,19,21.6,28.8,1,0.00,1021.5,1006.9
2021-11-22T11:00,6.4,0.00,84,3.9,2.7,0.00,0.00,0.00,1,48,1,21,34,15.6,23,19,23.1,32.4,1,2680.21,1022.2,1007.6
2021-11-22T12:00,6.7,0.00,80,3.5,2.7,0.00,0.00,0.00,3,100,0,7,100,16.8,33,31,24.8,35.3,1,3600.00,1022.6,1008.0
2021-11-22T13:00,8.0,0.00,69,2.7,4.0,0.00,0.00,0.00,3,99,0,0,65,15.9,42,39,23.2,36.0,1,3600.00,1022.9,1008.4
2021-11-22T14:00,8.1,0.00,65,2.0,4.0,0.00,0.00,0.00,2,68,0,0,68,15.5,48,46,23.2,33.5,1,2927.40,1023.0,1008.5
2021-11-22T15:00,7.8,0.00,64,1.4,3.6,0.00,0.00,0.00,2,63,0,0,63,15.5,46,44,23.2,33.8,1,339.46,1023.5,1008.9
2021-11-22T16:00,7.0,0.00,69,1.6,3.3,0.00,0.00,0.00,2,61,0,0,61,12.2,32,28,21.7,32.0,1,3486.16,1024.2,1009.6
2021-11-22T17:00,5.6,0.00,75,1.5,2.0,0.00,0.00,0.00,0,7,0,0,7,11.3,27,22,22.7,25.2,0,0.00,1024.8,1010.1
2021-11-22T18:00,4.1,0.00,81,1.2,0.8,0.00,0.00,0.00,0,6,0,0,6,9.4,30,23,21.9,23.4,0,0.00,1025.8,1011.0
2021-11-22T19:00,3.3,0.00,84,0.9,-0.1,0.00,0.00,0.00,0,2,0,0,2,9.7,29,22,22.7,20.5,0,0.00,1026.5,1011.7
2021-11-22T20:00,2.8,0.00,83,0.3,-0.7,0.00,0.00,0.00,0,0,0,0,0,9.8,38,28,22.8,20.9,0,0.00,1027.1,1012.2
2021-11-22T21:00,2.2,0.00,83,-0.4,-1.5,0.00,0.00,0.00,0,0,0,0,0,10.8,37,26,23.9,22.0,0,0.00,1027.7,1012.8
2021-11-22T22:00,1.7,0.00,83,-0.8,-2.1,0.00,0.00,0.00,0,0,0,0,0,10.4,44,34,23.9,22.7,0,0.00,1028.4,1013.4
2021-11-22T23:00,1.2,0.00,85,-1.1,-2.5,0.00,0.00,0.00,0,0,0,0,0,9.2,55,45,22.5,22.3,0,0.00,1028.8,1013.8
2021-11-23T00:00,0.6,0.00,86,-1.4,-2.9,0.00,0.00,0.00,0,0,0,0,0,7.9,59,43,20.7,19.8,0,0.00,1029.0,1014.0
2021-11-23T01:00,0.4,0.00,88,-1.3,-3.0,0.00,0.00,0.00,0,0,0,0,0,7.3,53,33,19.0,17.3,0,0.00,1029.3,1014.3
2021-11-23T02:00,0.2,0.00,88,-1.5,-3.2,0.00,0.00,0.00,0,0,0,0,0,7.0,54,35,18.8,16.6,0,0.00,1029.8,1014.7
2021-11-23T03:00,-0.4,0.00,89,-2.1,-3.7,0.00,0.00,0.00,0,0,0,0,0,5.8,56,30,16.6,15.5,0,0.00,1029.9,1014.8
2021-11-23T04:00,-0.9,0.00,88,-2.6,-4.3,0.00,0.00,0.00,0,0,0,0,0,5.8,52,30,15.6,13.7,0,0.00,1030.0,1014.9
2021-11-23T05:00,-1.4,0.00,88,-3.2,-4.8,0.00,0.00,0.00,0,0,0,0,0,5.6,65,45,15.9,13.3,0,0.00,1029.9,1014.8
2021-11-23T06:00,-1.6,0.00,87,-3.5,-5.0,0.00,0.00,0.00,0,0,0,0,0,5.7,72,55,16.6,13.3,0,0.00,1030.0,1014.8
2021-11-23T07:00,-1.8,0.00,86,-3.8,-5.3,0.00,0.00,0.00,0,0,0,0,0,5.5,73,58,16.2,14.0,0,0.00,1030.2,1015.0
2021-11-23T08:00,-2.3,0.00,86,-4.2,-5.8,0.00,0.00,0.00,0,0,0,0,0,5.6,72,50,13.7,13.0,1,0.00,1030.4,1015.2
2021-11-23T09:00,0.0,0.00,83,-2.5,-3.2,0.00,0.00,0.00,0,0,0,0,0,5.3,74,62,13.1,12.2,1,2037.35,1030.9,1015.8
2021-11-23T10:00,2.1,0.00,77,-1.5,-0.7,0.00,0.00,0.00,0,0,0,0,0,3.2,90,90,13.3,13.3,1,3600.00,1030.9,1015.9
2021-11-23T11:00,3.9,0.00,71,-0.9,1.3,0.00,0.00,0.00,0,0,0,0,0,2.4,56,27,3.9,11.5,1,3600.00,1030.8,1015.9
2021-11-23T12:00,5.3,0.00,69,-0.0,2.6,0.00,0.00,0.00,0,0,0,0,0,3.6,12,360,5.2,12.6,1,3600.00,1030.5,1015.7
2021-11-23T13:00,6.5,0.00,58,-1.3,3.4,0.00,0.00,0.00,0,10,0,0,10,5.3,63,62,7.2,13.0,1,3600.00,1030.1,1015.4
2021-11-23T14:00,6.9,0.00,56,-1.3,3.9,0.00,0.00,0.00,0,0,0,0,0,5.0,63,60,7.2,14.4,1,3600.00,1029.6,1014.9
2021-11-23T15:00,6.8,0.00,59,-0.7,4.1,0.00,0.00,0.00,0,0,0,0,0,3.6,51,45,6.9,13.7,1,3600.00,1029.3,1014.6
2021-11-23T16:00,4.4,0.00,77,0.7,1.6,0.00,0.00,0.00,0,0,0,0,0,5.2,39,25,7.9,9.0,1,3429.31,1029.2,1014.4
2021-11-23T17:00,2.6,0.00,78,-0.9,-0.5,0.00,0.00,0.00,0,9,0,0,9,5.6,57,45,10.7,11.2,0,0.00,1029.2,1014.3
2021-11-23T18:00,2.2,0.00,80,-1.0,-1.1,0.00,0.00,0.00,1,28,0,0,28,6.6,67,61,16.0,13.7,0,0.00,1029.2,1014.3
2021-11-23T19:00,1.7,0.00,82,-1.1,-1.5,0.00,0.00,0.00,2,68,0,0,68,6.3,72,66,16.6,14.0,0,0.00,1029.3,1014.3
2021-11-23T20:00,1.6,0.00,83,-0.9,-1.4,0.00,0.00,0.00,1,28,0,0,28,4.8,81,77,13.8,13.7,0,0.00,1029.3,1014.3
2021-11-23T21:00,0.6,0.00,88,-1.1,-2.4,0.00,0.00,0.00,0,13,0,0,13,4.8,101,103,11.4,10.8,0,0.00,1029.4,1014.4
2021-11-23T22:00,-0.4,0.00,90,-1.9,-3.6,0.00,0.00,0.00,0,8,0,0,8,5.1,105,98,11.2,10.8,0,0.00,1029.5,1014.4
2021-11-23T23:00,-0.7,0.00,90,-2.2,-3.8,0.00,0.00,0.00,0,10,0,0,10,4.2,82,70,10.9,10.4,0,0.00,1029.4,1014.3
2021-11-24T00:00,-0.8,0.00,91,-2.1,-3.9,0.00,0.00,0.00,0,9,0,0,9,4.8,78,77,11.8,10.8,0,0.00,1029.0,1013.9
2021-11-24T01:00,-0.5,0.00,91,-1.8,-3.8,0.00,0.00,0.00,0,9,0,0,2,5.8,90,86,15.5,11.5,0,0.00,1028.2,1013.1
2021-11-24T02:00,-0.7,0.00,91,-2.0,-4.0,0.00,0.00,0.00,0,0,0,0,0,6.1,94,87,16.2,13.7,0,0.00,1027.8,1012.7
2021-11-24T03:00,-0.9,0.00,90,-2.3,-4.1,0.00,0.00,0.00,0,10,5,0,5,5.5,92,79,16.9,13.3,0,0.00,1027.6,1012.5
2021-11-24T04:00,-1.2,0.00,91,-2.5,-4.4,0.00,0.00,0.00,1,25,0,0,25,5.2,91,74,15.1,12.6,0,0.00,1027.2,1012.1
2021-11-24T05:00,-0.9,0.00,91,-2.2,-4.1,0.00,0.00,0.00,2,76,0,0,76,5.2,94,78,14.8,11.5,0,0.00,1026.8,1011.7
2021-11-24T06:00,-0.4,0.00,92,-1.6,-3.5,0.00,0.00,0.00,3,88,0,0,88,5.4,93,70,16.2,12.2,0,0.00,1026.3,1011.3
2021-11-24T07:00,0.3,0.00,93,-0.7,-2.8,0.00,0.00,0.00,3,82,0,0,82,5.4,92,70,16.6,12.6,0,0.00,1025.9,1010.9
2021-11-24T08:00,0.5,0.00,94,-0.3,-2.5,0.00,0.00,0.00,3,100,0,0,100,5.1,97,82,15.2,12.2,1,0.00,1025.7,1010.7
2021-11-24T09:00,2.3,0.00,92,1.2,-0.5,0.00,0.00,0.00,3,100,0,0,100,5.9,92,76,13.7,13.0,1,0.00,1025.4,1010.5
2021-11-24T10:00,3.7,0.00,89,2.0,1.5,0.00,0.00,0.00,0,5,0,0,5,2.4,90,27,11.2,13.0,1,3600.00,1024.6,1009.8
2021-11-24T11:00,5.3,0.00,81,2.4,2.2,0.00,0.00,0.00,2,60,0,0,60,9.3,104,103,13.4,20.9,1,3600.00,1024.0,1009.3
2021-11-24T12:00,6.5,0.00,75,2.3,3.6,0.00,0.00,0.00,0,3,0,0,3,7.9,94,93,11.5,24.1,1,3600.00,1022.9,1008.3
2021-11-24T13:00,5.7,0.00,68,0.4,2.5,0.00,0.00,0.00,0,0,0,0,26,8.0,94,98,11.2,19.4,1,3600.00,1022.2,1007.5
2021-11-24T14:00,6.3,0.00,67,0.6,3.1,0.00,0.00,0.00,0,0,0,0,0,7.6,92,93,10.8,19.4,1,3600.00,1021.0,1006.4
2021-11-24T15:00,6.4,0.00,67,0.8,2.9,0.00,0.00,0.00,2,51,0,0,51,10.3,102,102,16.9,23.8,1,3600.00,1020.1,1005.5
2021-11-24T16:00,4.6,0.00,79,1.3,1.9,0.00,0.00,0.00,0,0,0,0,0,5.1,93,86,12.3,20.5,1,3368.21,1019.4,1004.7
2021-11-24T17:00,2.6,0.00,83,0.1,-0.4,0.00,0.00,0.00,1,27,0,0,27,6.0,87,73,15.5,12.6,0,0.00,1018.8,1004.0
2021-11-24T18:00,2.5,0.00,87,0.5,-1.0,0.00,0.00,0.00,1,36,0,0,36,9.5,116,101,22.1,18.7,0,0.00,1018.3,1003.5
2021-11-24T19:00,2.2,0.00,85,-0.1,-1.4,0.00,0.00,0.00,0,11,0,0,11,10.3,121,115,23.6,23.0,0,0.00,1017.7,1002.9
2021-11-24T20:00,1.5,0.00,86,-0.6,-2.3,0.00,0.00,0.00,0,1,0,0,1,10.7,113,104,24.2,22.3,0,0.00,1016.8,1002.0
2021-11-24T21:00,0.8,0.00,89,-0.9,-3.1,0.00,0.00,0.00,0,0,0,0,0,10.9,109,99,24.4,22.3,0,0.00,1016.1,1001.3
2021-11-24T22:00,0.4,0.00,90,-1.0,-3.6,0.00,0.00,0.00,0,0,0,0,0,11.3,105,97,24.6,22.7,0,0.00,1015.6,1000.8
2021-11-24T23:00,0.0,0.00,91,-1.3,-3.9,0.00,0.00,0.00,0,0,0,0,0,11.0,106,101,23.9,22.7,0,0.00,1015.1,1000.3
2021-11-25T00:00,-0.5,0.00,91,-1.8,-4.3,0.00,0.00,0.00,0,0,0,0,0,9.7,108,105,22.0,22.0,0,0.00,1014.6,999.7
2021-11-25T01:00,-1.0,0.00,92,-2.2,-4.9,0.00,0.00,0.00,0,0,0,0,7,9.8,107,96,20.7,19.4,0,0.00,1014.4,999.5
2021-11-25T02:00,-1.0,0.00,92,-2.1,-4.6,0.00,0.00,0.00,0,4,0,0,4,8.0,111,100,18.1,19.1,0,0.00,1014.0,999.1
2021-11-25T03:00,-1.7,0.00,92,-2.8,-4.9,0.00,0.00,0.00,0,12,0,0,12,4.7,113,94,13.7,15.8,0,0.00,1013.6,998.7
2021-11-25T04:00,-2.7,0.00,93,-3.7,-6.3,0.00,0.00,0.00,0,14,0,0,14,6.2,114,97,10.6,9.0,0,0.00,1013.1,998.1
2021-11-25T05:00,-3.2,0.00,93,-4.2,-6.8,0.00,0.00,0.00,0,14,0,0,14,6.1,117,87,7.2,9.4,0,0.00,1012.9,997.9
2021-11-25T06:00,-3.4,0.00,93,-4.4,-6.8,0.00,0.00,0.00,0,8,0,0,8,4.7,21,32,5.0,8.3,0,0.00,1012.5,997.5
2021-11-25T07:00,-2.8,0.00,91,-4.0,-6.2,0.00,0.00,0.00,0,15,0,0,15,4.8,3,63,6.5,9.4,0,0.00,1012.6,997.6
2021-11-25T08:00,-3.1,0.00,91,-4.3,-6.3,0.00,0.00,0.00,2,72,15,0,67,3.7,31,101,4.2,6.8,1,0.00,1012.6,997.6
2021-11-25T09:00,-0.7,0.00,88,-2.5,-3.5,0.00,0.00,0.00,3,100,26,0,100,2.5,7,8,6.2,6.8,1,244.93,1012.6,997.7
2021-11-25T10:00,0.9,0.00,86,-1.2,-2.2,0.00,0.00,0.00,3,100,11,0,100,5.2,339,326,8.1,13.0,1,1181.44,1012.5,997.7
2021-11-25T11:00,1.6,0.00,84,-0.8,-1.5,0.00,0.00,0.00,3,100,91,0,100,5.3,304,298,6.5,14.8,1,3600.00,1012.8,998.1
2021-11-25T12:00,1.8,0.00,83,-0.8,-1.5,0.00,0.00,0.00,3,100,99,0,100,7.4,323,321,9.5,18.0,1,1691.16,1012.3,997.6
2021-11-25T13:00,2.3,0.00,80,-0.8,-0.9,0.00,0.00,0.00,3,100,97,0,100,6.1,339,332,8.1,23.4,1,80.90,1012.5,997.8
2021-11-25T14:00,2.6,0.00,78,-0.8,-0.8,0.00,0.00,0.00,3,100,100,0,100,7.8,352,347,10.5,18.0,1,0.00,1011.6,996.9
2021-11-25T15:00,2.8,0.00,78,-0.7,-0.5,0.00,0.00,0.00,3,100,100,0,100,7.1,336,330,9.8,18.4,1,0.00,1011.7,997.0
2021-11-25T16:00,2.6,0.00,79,-0.8,-0.7,0.00,0.00,0.00,3,100,100,8,100,7.1,336,330,9.8,16.2,1,0.00,1011.9,997.2
2021-11-25T17:00,2.4,0.00,81,-0.6,-0.5,0.00,0.00,0.00,3,100,99,84,100,4.5,317,299,7.9,16.2,0,0.00,1011.9,997.2
2021-11-25T18:00,2.3,0.00,82,-0.4,-0.5,0.00,0.00,0.00,3,100,91,98,100,4.3,284,265,7.4,9.0,0,0.00,1012.1,997.4
2021-11-25T19:00,1.8,0.00,86,-0.3,-0.9,0.00,0.00,0.00,3,99,73,94,72,3.7,267,241,6.8,9.0,0,0.00,1012.1,997.4
2021-11-25T20:00,0.7,0.00,93,-0.3,-2.2,0.00,0.00,0.00,3,100,68,96,100,5.0,270,249,7.2,7.2,0,0.00,1012.3,997.5
2021-11-25T21:00,1.7,0.00,89,0.1,-0.8,0.00,0.00,0.00,2,69,43,34,20,2.3,266,219,5.8,7.2,0,0.00,1011.9,997.2
2021-11-25T22:00,1.1,0.00,92,-0.1,-1.6,0.00,0.00,0.00,3,96,50,22,90,3.6,221,186,6.6,5.8,0,0.00,1011.6,996.9
2021-11-25T23:00,0.8,0.00,94,-0.1,-1.9,0.00,0.00,0.00,3,100,49,29,99,3.7,251,259,7.6,6.8,0,0.00,1011.5,996.7
2021-11-26T00:00,1.0,0.00,92,-0.2,-1.8,0.00,0.00,0.00,3,100,62,9,100,4.5,216,194,10.3,7.9,0,0.00,1011.1,996.4
2021-11-26T01:00,0.7,0.00,89,-1.0,-2.0,0.00,0.00,0.00,3,100,13,3,100,2.5,216,180,8.5,11.9,0,0.00,1010.2,995.5
2021-11-26T02:00,0.8,0.00,87,-1.2,-2.1,0.00,0.00,0.00,3,100,0,40,100,4.0,199,180,8.8,10.1,0,0.00,1009.4,994.7
2021-11-26T03:00,0.9,0.00,86,-1.2,-1.8,0.00,0.00,0.00,3,100,1,100,100,2.5,215,180,7.0,9.4,0,0.00,1008.9,994.2
2021-11-26T04:00,1.0,0.00,86,-1.2,-2.2,0.00,0.00,0.00,3,100,0,100,100,6.0,185,163,12.6,13.0,0,0.00,1007.9,993.2
2021-11-26T05:00,1.0,0.00,86,-1.1,-2.1,0.00,0.00,0.00,3,100,0,54,100,5.2,192,168,12.1,13.0,0,0.00,1007.3,992.6
2021-11-26T06:00,1.1,0.00,86,-1.0,-1.9,0.00,0.00,0.00,3,100,0,92,100,4.7,205,180,10.3,11.2,0,0.00,1006.8,992.1
2021-11-26T07:00,1.1,0.00,87,-0.9,-1.8,0.00,0.00,0.00,3,100,0,29,100,4.7,219,176,12.0,10.8,0,0.00,1006.1,991.4
2021-11-26T08:00,1.1,0.00,87,-0.7,-1.9,0.00,0.00,0.00,3,99,0,0,99,5.4,221,172,13.8,11.2,1,0.00,1005.3,990.7
2021-11-26T09:00,1.5,0.00,88,-0.3,-1.7,0.00,0.00,0.00,3,100,33,0,100,6.6,205,189,11.9,14.0,1,0.00,1004.7,990.1
2021-11-26T10:00,2.2,0.00,87,0.3,-1.1,0.00,0.00,0.00,3,100,85,0,100,8.8,218,215,12.8,19.1,1,2673.50,1004.0,989.4
2021-11-26T11:00,2.9,0.00,85,0.5,-1.0,0.00,0.00,0.00,3,100,100,0,100,12.5,223,221,17.6,25.9,1,0.00,1003.2,988.7
2021-11-26T12:00,3.4,0.00,80,0.3,-0.8,0.00,0.00,0.00,3,100,100,45,100,14.5,226,224,20.6,31.0,1,0.00,1002.2,987.7
2021-11-26T13:00,2.8,0.00,87,0.9,-1.5,0.00,0.00,0.00,3,100,99,100,100,16.1,224,222,23.7,34.6,1,0.00,1001.6,987.1
2021-11-26T14:00,2.9,0.00,84,0.4,-1.5,0.00,0.00,0.00,3,100,93,100,100,15.9,219,218,24.1,33.1,1,0.00,1000.5,986.0
2021-11-26T15:00,2.7,0.10,85,0.4,-1.7,0.10,0.00,0.00,51,100,90,100,100,15.8,216,215,23.7,34.2,1,0.00,999.4,984.9
2021-11-26T16:00,2.7,0.10,86,0.6,-1.5,0.10,0.00,0.00,51,100,78,100,94,14.7,207,205,24.3,33.8,1,0.00,998.5,984.0
2021-11-26T17:00,2.7,0.10,87,0.7,-1.6,0.10,0.00,0.00,51,100,31,100,100,15.5,208,205,25.8,32.0,0,0.00,997.8,983.3
2021-11-26T18:00,2.9,0.00,86,0.7,-1.4,0.00,0.00,0.00,3,100,19,100,100,15.2,207,202,26.2,32.8,0,0.00,997.0,982.6
2021-11-26T19:00,3.1,0.10,84,0.7,-1.4,0.10,0.00,0.00,51,99,0,91,90,17.1,207,202,29.0,36.0,0,0.00,996.0,981.6
2021-11-26T20:00,2.9,0.00,83,0.3,-1.7,0.00,0.00,0.00,3,100,36,100,35,16.9,202,196,29.4,36.0,0,0.00,994.9,980.5
2021-11-26T21:00,3.0,0.00,80,-0.2,-1.5,0.00,0.00,0.00,3,100,0,99,92,15.5,200,193,28.0,35.6,0,0.00,994.2,979.8
2021-11-26T22:00,3.2,0.30,77,-0.5,-1.3,0.10,0.00,0.14,71,100,76,100,35,16.0,196,189,28.1,34.9,0,0.00,993.2,978.8
2021-11-26T23:00,3.1,0.30,77,-0.6,-1.3,0.10,0.00,0.14,71,100,95,100,96,15.1,191,183,26.8,33.8,0,0.00,992.4,978.0
2021-11-27T00:00,2.9,0.40,82,0.1,-1.4,0.40,0.00,0.00,51,100,91,99,94,14.6,195,189,25.8,32.8,0,0.00,991.6,977.2
2021-11-27T01:00,2.9,0.30,86,0.9,-1.2,0.30,0.00,0.00,51,100,0,97,100,14.3,198,190,25.4,34.9,0,0.00,990.6,976.3
2021-11-27T02:00,3.2,0.30,85,1.0,-1.1,0.10,0.00,0.14,71,100,86,100,100,15.9,206,198,26.9,33.8,0,0.00,989.9,975.6
2021-11-27T03:00,3.3,0.20,88,1.5,-1.1,0.20,0.00,0.00,51,100,100,100,100,17.3,209,203,28.8,36.4,0,0.00,989.6,975.3
2021-11-27T04:00,3.2,0.10,91,1.9,-0.7,0.10,0.00,0.00,51,100,100,100,100,14.5,214,210,26.2,36.4,0,0.00,989.1,974.8
2021-11-27T05:00,3.4,0.00,89,1.8,-0.4,0.00,0.00,0.00,3,100,100,100,100,13.7,214,210,24.4,31.3,0,0.00,988.9,974.6
2021-11-27T06:00,3.4,0.00,90,1.9,-0.1,0.00,0.00,0.00,3,100,100,98,100,11.5,210,200,21.9,28.8,0,0.00,989.2,974.9
2021-11-27T07:00,3.3,0.00,91,1.9,-0.0,0.00,0.00,0.00,3,100,71,79,100,10.5,207,196,20.1,24.8,0,0.00,989.5,975.2
2021-11-27T08:00,3.4,0.00,91,2.1,-0.1,0.00,0.00,0.00,3,100,0,95,100,11.9,216,209,21.4,24.8,1,0.00,990.3,976.0
2021-11-27T09:00,3.6,0.00,92,2.4,0.1,0.00,0.00,0.00,3,100,0,90,100,12.0,225,219,21.4,25.2,1,0.00,991.1,976.8
2021-11-27T10:00,3.8,0.10,92,2.6,0.3,0.10,0.00,0.00,51,98,0,96,52,12.7,228,225,20.4,26.6,1,0.00,991.5,977.2
2021-11-27T11:00,4.2,0.20,87,2.2,0.3,0.20,0.00,0.00,51,100,94,100,77,14.8,232,231,21.5,31.3,1,525.61,992.1,977.8
2021-11-27T12:00,4.2,0.20,90,2.7,1.0,0.20,0.00,0.00,51,100,100,100,100,10.4,228,226,15.5,30.6,1,0.00,992.6,978.3
2021-11-27T13:00,3.6,1.00,96,3.0,0.2,0.50,0.00,0.35,73,100,99,100,100,12.2,227,223,19.6,27.4,1,0.00,992.9,978.6
2021-11-27T14:00,3.5,0.90,91,2.1,-0.1,0.70,0.00,0.14,71,100,93,98,71,12.3,231,230,17.7,27.4,1,0.00,993.3,979.0
2021-11-27T15:00,2.6,0.60,96,2.0,-0.8,0.50,0.00,0.07,71,100,77,99,100,10.5,215,211,16.3,25.9,1,0.00,994.2,979.8
2021-11-27T16:00,2.5,0.20,95,1.8,-0.2,0.20,0.00,0.00,51,98,89,94,40,5.8,206,187,12.4,22.7,1,0.00,994.4,980.0
2021-11-27T17:00,2.4,0.00,97,1.9,-0.9,0.00,0.00,0.00,3,97,0,39,95,9.8,210,197,19.5,20.5,0,0.00,994.8,980.4
2021-11-27T18:00,2.2,0.00,96,1.7,-1.0,0.00,0.00,0.00,1,28,0,2,27,9.4,208,198,19.7,22.3,0,0.00,995.5,981.1
2021-11-27T19:00,1.7,0.00,95,1.0,-1.3,0.00,0.00,0.00,0,3,0,3,0,6.5,209,186,16.9,20.5,0,0.00,996.0,981.5
2021-11-27T20:00,0.8,0.20,95,0.1,-2.2,0.00,0.00,0.14,71,88,3,86,19,6.0,189,147,14.2,14.8,0,0.00,996.6,982.1
2021-11-27T21:00,0.9,0.20,94,-0.0,-2.3,0.10,0.00,0.07,71,100,8,100,22,7.1,169,135,15.0,15.1,0,0.00,996.8,982.3
2021-11-27T22:00,0.5,0.00,91,-0.8,-3.0,0.00,0.00,0.00,1,28,3,10,18,8.0,182,153,18.7,17.3,0,0.00,996.9,982.3
2021-11-27T23:00,-0.1,0.00,89,-1.7,-3.6,0.00,0.00,0.00,2,77,74,39,7,7.6,183,149,18.8,18.0,0,0.00,996.9,982.3
2021-11-28T00:00,-1.2,0.00,90,-2.6,-4.3,0.00,0.00,0.00,1,45,0,37,13,4.5,176,119,11.2,16.6,0,0.00,996.9,982.3
2021-11-28T01:00,0.4,0.00,91,-0.9,-2.9,0.00,0.00,0.00,3,100,0,86,50,7.3,162,123,14.0,10.8,0,0.00,996.9,982.3
2021-11-28T02:00,1.1,0.10,90,-0.3,-2.0,0.00,0.00,0.07,71,72,0,59,41,6.3,186,149,13.0,14.8,0,0.00,996.7,982.2
2021-11-28T03:00,0.9,0.30,91,-0.4,-2.3,0.10,0.00,0.14,71,100,0,100,100,6.9,198,171,16.6,15.5,0,0.00,997.1,982.6
2021-11-28T04:00,1.5,0.10,91,0.1,-1.5,0.00,0.00,0.07,71,100,45,99,99,6.1,212,183,14.9,16.9,0,0.00,997.1,982.6
2021-11-28T05:00,1.1,0.00,93,0.1,-1.6,0.00,0.00,0.00,3,100,100,1,0,4.0,234,190,9.8,14.0,0,0.00,996.6,982.1
2021-11-28T06:00,-0.7,0.00,92,-1.8,-3.8,0.00,0.00,0.00,3,100,100,19,98,5.1,207,172,11.3,11.5,0,0.00,996.6,982.0
2021-11-28T07:00,0.2,0.00,92,-0.9,-3.0,0.00,0.00,0.00,3,96,89,38,48,6.2,197,173,14.7,12.6,0,0.00,997.1,982.5
2021-11-28T08:00,-0.4,0.00,92,-1.5,-3.9,0.00,0.00,0.00,3,100,80,8,100,7.7,191,169,17.2,15.8,1,0.00,997.7,983.1
2021-11-28T09:00,0.5,0.00,91,-0.8,-2.9,0.00,0.00,0.00,3,100,30,0,100,7.4,200,166,18.0,18.4,1,0.00,998.0,983.4
2021-11-28T10:00,1.0,0.00,90,-0.4,-2.1,0.00,0.00,0.00,3,100,7,33,100,6.6,207,189,12.9,15.5,1,0.00,998.3,983.7
2021-11-28T11:00,1.5,0.00,90,0.0,-1.8,0.00,0.00,0.00,3,100,2,70,100,7.6,216,211,11.6,16.9,1,0.00,998.5,984.0
2021-11-28T12:00,2.0,0.00,89,0.4,-1.3,0.00,0.00,0.00,3,100,0,0,100,8.2,224,221,11.5,17.6,1,0.00,998.5,984.0
2021-11-28T13:00,3.3,0.00,85,1.0,0.4,0.00,0.00,0.00,3,100,0,39,78,6.4,234,232,8.5,19.8,1,0.00,998.0,983.6
2021-11-28T14:00,3.7,0.00,81,0.7,0.9,0.00,0.00,0.00,1,43,0,3,41,5.3,240,242,7.1,15.1,1,3600.00,997.7,983.3
2021-11-28T15:00,3.7,0.00,78,0.3,0.8,0.00,0.00,0.00,2,57,0,38,31,5.1,234,231,6.7,13.7,1,3600.00,997.7,983.3
2021-11-28T16:00,2.4,0.10,88,0.5,-0.3,0.10,0.00,0.00,51,97,0,93,56,4.1,228,225,8.7,12.2,1,2172.94,998.1,983.6
2021-11-28T17:00,1.1,0.00,88,-0.6,-2.0,0.00,0.00,0.00,3,100,15,100,73,6.2,227,216,8.9,9.4,0,0.00,998.5,984.0
2021-11-28T18:00,1.2,0.00,91,-0.2,-1.8,0.00,0.00,0.00,3,100,0,100,78,5.7,241,235,8.2,9.4,0,0.00,998.8,984.2
2021-11-28T19:00,0.5,0.00,91,-0.7,-2.6,0.00,0.00,0.00,3,100,3,100,8,6.2,238,216,8.9,9.0,0,0.00,999.1,984.5
2021-11-28T20:00,0.6,0.00,93,-0.4,-2.3,0.00,0.00,0.00,3,99,82,92,55,4.9,249,234,11.2,9.4,0,0.00,999.6,985.0
2021-11-28T21:00,0.5,0.00,96,0.0,-2.2,0.00,0.00,0.00,3,100,84,94,85,4.3,283,275,9.6,9.0,0,0.00,1000.2,985.6
2021-11-28T22:00,-0.4,0.10,97,-0.8,-3.4,0.10,0.00,0.00,51,78,43,24,50,5.2,307,282,7.7,9.0,0,0.00,1000.7,986.0
2021-11-28T23:00,-0.2,0.00,97,-0.6,-3.2,0.00,0.00,0.00,3,85,16,23,77,4.9,320,306,14.1,10.8,0,0.00,1001.1,986.4
2021-11-29T00:00,0.8,0.00,96,0.3,-2.4,0.00,0.00,0.00,1,26,10,12,12,7.4,333,321,16.1,15.1,0,0.00,1001.6,987.0
2021-11-29T01:00,0.1,0.00,98,-0.1,-2.7,0.00,0.00,0.00,3,100,23,12,100,4.4,333,325,11.8,20.2,0,0.00,1001.9,987.2
2021-11-29T02:00,0.5,0.00,99,0.4,-2.5,0.00,0.00,0.00,3,100,0,7,100,6.3,327,329,13.8,15.5,0,0.00,1002.7,988.1
2021-11-29T03:00,0.4,0.00,99,0.2,-2.6,0.00,0.00,0.00,3,100,55,99,100,6.4,320,317,15.1,14.8,0,0.00,1003.2,988.5
2021-11-29T04:00,0.3,0.00,99,0.1,-2.9,0.00,0.00,0.00,3,100,100,100,100,7.4,331,321,16.1,16.2,0,0.00,1003.6,988.9
2021-11-29T05:00,0.4,0.00,96,-0.1,-3.0,0.00,0.00,0.00,3,99,91,89,85,9.0,336,331,16.9,18.4,0,0.00,1004.3,989.6
2021-11-29T06:00,-0.1,0.00,97,-0.5,-3.3,0.00,0.00,0.00,3,92,46,65,76,6.6,329,319,16.8,19.4,0,0.00,1004.8,990.1
2021-11-29T07:00,-1.0,0.00,97,-1.4,-4.3,0.00,0.00,0.00,3,99,5,2,99,6.6,323,315,18.0,16.2,0,0.00,1005.9,991.1
2021-11-29T08:00,-0.1,0.00,96,-0.6,-3.2,0.00,0.00,0.00,3,100,0,0,100,6.2,320,306,13.6,16.9,1,0.00,1006.8,992.1
2021-11-29T09:00,0.3,0.00,94,-0.6,-2.7,0.00,0.00,0.00,2,72,0,6,70,5.8,293,277,9.4,14.4,1,11.19,1007.8,993.1
2021-11-29T10:00,0.9,0.20,90,-0.6,-2.4,0.00,0.01,0.14,71,58,0,34,44,7.6,244,245,10.0,17.6,1,2079.00,1008.4,993.7
2021-11-29T11:00,1.5,0.30,83,-1.0,-2.1,0.00,0.01,0.21,73,98,0,97,47,9.2,234,231,12.4,21.6,1,3600.00,1008.9,994.2
2021-11-29T12:00,2.2,0.00,82,-0.5,-1.3,0.00,0.01,0.00,3,100,0,100,49,8.7,237,232,12.5,21.6,1,3600.00,1009.2,994.6
2021-11-29T13:00,3.1,0.00,78,-0.4,-1.2,0.00,0.01,0.00,2,52,0,94,71,14.6,286,286,21.3,28.1,1,3600.00,1010.2,995.6
2021-11-29T14:00,3.1,0.00,74,-1.1,-1.3,0.00,0.01,0.00,3,98,0,97,47,14.8,267,269,21.3,34.6,1,1078.36,1009.9,995.3
2021-11-29T15:00,2.9,0.10,76,-0.9,-1.6,0.10,0.01,0.00,51,100,0,95,95,14.8,248,247,22.6,31.7,1,1861.01,1010.5,995.9
2021-11-29T16:00,2.0,0.50,81,-0.8,-2.5,0.10,0.01,0.28,73,64,0,54,27,15.3,231,231,26.1,31.7,1,0.00,1011.1,996.4
2021-11-29T17:00,1.1,0.00,85,-1.1,-3.0,0.00,0.01,0.00,3,97,0,87,94,12.7,232,225,24.3,31.7,0,0.00,1011.9,997.2
2021-11-29T18:00,1.5,0.10,84,-0.9,-2.5,0.00,0.01,0.07,71,100,0,54,100,11.5,240,231,20.8,27.0,0,0.00,1012.5,997.8
2021-11-29T19:00,1.7,0.10,88,-0.1,-1.9,0.10,0.02,0.00,51,100,0,97,100,10.2,270,262,19.4,23.8,0,0.00,1013.1,998.4
2021-11-29T20:00,1.5,0.10,91,0.2,-1.6,0.10,0.02,0.00,51,79,0,43,74,6.7,273,254,15.1,21.2,0,0.00,1013.7,999.0
2021-11-29T21:00,1.2,0.30,94,0.3,-1.8,0.20,0.02,0.07,71,100,54,58,100,6.1,265,242,15.2,14.8,0,0.00,1014.7,999.9
2021-11-29T22:00,1.6,0.30,93,0.5,-1.4,0.10,0.02,0.14,71,100,100,100,66,6.6,261,248,16.4,15.8,0,0.00,1015.2,1000.4
2021-11-29T23:00,1.7,0.10,93,0.7,-1.6,0.10,0.02,0.00,51,100,48,78,99,9.2,263,249,18.5,19.1,0,0.00,1015.2,1000.4
2021-11-30T00:00,2.1,0.10,91,0.9,-1.8,0.10,0.02,0.00,51,100,42,60,99,13.3,258,251,24.6,27.4,0,0.00,1015.8,1001.1
2021-11-30T01:00,2.4,0.00,92,1.2,-1.9,0.00,0.02,0.00,3,100,50,100,100,16.1,254,250,29.2,32.8,0,0.00,1016.0,1001.3
2021-11-30T02:00,2.8,0.00,90,1.3,-1.8,0.00,0.02,0.00,3,100,85,100,98,18.6,254,252,31.5,38.2,0,0.00,1016.3,1001.6
2021-11-30T03:00,2.9,0.10,88,1.1,-1.9,0.10,0.02,0.00,51,100,100,100,73,19.5,251,247,32.8,40.7,0,0.00,1016.7,1002.0
2021-11-30T04:00,2.6,0.10,87,0.7,-2.2,0.10,0.02,0.00,51,100,100,100,32,19.0,243,241,32.4,41.0,0,0.00,1016.4,1001.7
2021-11-30T05:00,2.1,0.00,88,0.3,-3.1,0.00,0.02,0.00,3,100,5,100,33,21.4,236,234,36.2,44.6,0,0.00,1016.0,1001.2
2021-11-30T06:00,1.8,0.30,92,0.7,-3.3,0.20,0.02,0.07,71,100,86,100,97,21.4,225,222,35.6,44.6,0,0.00,1015.3,1000.5
2021-11-30T07:00,1.8,0.60,95,1.1,-3.8,0.30,0.02,0.21,73,100,97,100,100,24.5,225,223,40.5,51.1,0,0.00,1014.3,999.6
2021-11-30T08:00,1.8,0.70,95,1.1,-3.8,0.30,0.02,0.28,73,100,100,100,100,25.2,228,227,41.8,53.3,1,0.00,1013.8,999.1
2021-11-30T09:00,2.0,0.30,94,1.1,-3.7,0.30,0.02,0.00,51,100,100,100,100,25.7,230,228,42.2,54.0,1,0.00,1013.8,999.1
2021-11-30T10:00,1.9,0.50,95,1.1,-3.7,0.30,0.03,0.14,71,100,100,100,100,24.8,232,230,41.3,54.4,1,0.00,1013.5,998.8
2021-11-30T11:00,2.0,0.40,95,1.3,-3.3,0.40,0.03,0.00,51,100,100,100,100,23.3,233,231,39.9,51.8,1,0.00,1013.0,998.3
2021-11-30T12:00,2.5,0.50,93,1.5,-3.0,0.50,0.03,0.00,53,100,69,100,100,24.9,237,236,42.7,55.1,1,0.00,1012.4,997.7
2021-11-30T13:00,1.3,0.60,98,1.0,-3.4,0.60,0.03,0.00,53,100,99,100,100,19.0,239,237,60.2,56.5,1,0.00,1012.9,998.2
2021-11-30T14:00,1.8,0.40,97,1.4,-3.4,0.40,0.03,0.00,51,100,95,100,100,22.4,238,237,59.6,50.0,1,0.00,1012.2,997.5
2021-11-30T15:00,2.5,0.10,89,0.9,-4.0,0.10,0.03,0.00,51,100,100,100,100,30.8,241,243,46.9,63.0,1,0.00,1012.3,997.6
2021-11-30T16:00,2.8,0.10,89,1.1,-3.0,0.10,0.03,0.00,51,100,98,100,100,25.9,240,238,43.5,63.0,1,0.00,1012.6,997.9
2021-11-30T17:00,3.1,0.10,89,1.4,-2.6,0.10,0.02,0.00,51,100,100,100,100,25.7,238,236,42.5,54.7,0,0.00,1012.8,998.1
2021-11-30T18:00,3.2,0.30,90,1.7,-2.2,0.30,0.02,0.00,51,100,94,100,100,24.4,237,236,40.8,53.6,0,0.00,1012.9,998.3
2021-11-30T19:00,3.3,0.20,91,1.9,-2.1,0.20,0.02,0.00,51,100,65,100,100,24.2,238,237,40.9,51.5,0,0.00,1013.1,998.5
2021-11-30T20:00,3.7,0.00,91,2.3,-1.6,0.00,0.02,0.00,3,100,100,100,100,23.9,240,239,40.3,50.8,0,0.00,1012.9,998.3
2021-11-30T21:00,4.0,0.00,91,2.6,-0.8,0.00,0.02,0.00,3,100,96,100,100,21.6,239,237,37.3,50.0,0,0.00,1012.8,998.2
2021-11-30T22:00,4.4,0.10,90,2.9,-0.3,0.10,0.02,0.00,51,100,100,100,100,21.2,233,228,36.5,45.4,0,0.00,1012.8,998.2
2021-11-30T23:00,4.6,0.10,91,3.2,-0.3,0.10,0.02,0.00,51,100,100,100,100,22.7,231,227,38.6,47.5,0,0.00,1012.7,998.1
2021-12-01T00:00,4.7,0.00,90,3.2,-0.1,0.00,0.02,0.00,3,100,100,100,100,21.9,228,224,37.7,47.9,0,0.00,1012.6,998.0
2021-12-01T01:00,3.9,0.00,91,2.5,-0.9,0.00,0.02,0.00,3,100,81,100,100,21.2,225,222,36.9,48.6,0,0.00,1012.1,997.5
2021-12-01T02:00,4.3,0.10,89,2.6,-0.4,0.10,0.02,0.00,51,100,98,100,100,20.1,225,223,34.4,45.4,0,0.00,1011.5,996.9
2021-12-01T03:00,4.5,0.00,88,2.7,0.0,0.00,0.02,0.00,3,100,100,100,100,19.5,222,219,33.6,42.5,0,0.00,1010.8,996.3
2021-12-01T04:00,4.8,0.00,86,2.7,0.2,0.00,0.02,0.00,3,100,100,75,100,20.4,224,222,34.6,43.9,0,0.00,1009.7,995.2
2021-12-01T05:00,5.1,0.00,86,3.0,0.5,0.00,0.02,0.00,3,100,100,64,100,20.5,223,219,34.6,43.2,0,0.00,1008.8,994.3
2021-12-01T06:00,5.6,0.00,83,3.0,0.7,0.00,0.01,0.00,3,100,100,94,100,22.3,221,218,38.3,47.5,0,0.00,1007.1,992.7
2021-12-01T07:00,5.9,0.00,82,3.1,1.1,0.00,0.01,0.00,3,100,100,81,100,21.9,225,224,37.7,47.9,0,0.00,1006.0,991.6
2021-12-01T08:00,6.2,0.00,81,3.2,1.3,0.00,0.01,0.00,3,100,100,100,100,22.7,222,221,38.7,48.6,1,0.00,1004.9,990.5
2021-12-01T09:00,6.7,0.00,79,3.2,1.8,0.00,0.01,0.00,3,100,100,78,100,22.8,220,218,38.9,49.0,1,0.00,1003.4,989.1
2021-12-01T10:00,7.4,0.00,73,3.0,2.5,0.00,0.01,0.00,3,100,100,74,100,22.9,218,217,39.0,49.0,1,0.00,1002.0,987.7
2021-12-01T11:00,7.9,0.10,73,3.3,2.8,0.10,0.01,0.00,51,100,100,100,100,23.8,221,219,39.8,50.8,1,0.00,1001.2,987.0
2021-12-01T12:00,7.8,0.50,78,4.2,2.7,0.50,0.01,0.00,53,100,24,100,100,25.3,223,221,42.0,52.9,1,0.00,1000.0,985.8
2021-12-01T13:00,7.0,0.50,89,5.2,2.6,0.50,0.01,0.00,53,100,100,100,100,21.7,214,212,37.5,54.7,1,0.00,999.1,984.8
2021-12-01T14:00,7.1,0.30,90,5.6,2.7,0.30,0.01,0.00,51,100,97,100,100,22.3,221,219,38.5,48.2,1,0.00,997.8,983.6
2021-12-01T15:00,7.3,0.40,91,5.9,2.9,0.40,0.01,0.00,51,100,100,100,100,22.6,220,217,38.3,47.5,1,0.00,996.5,982.3
2021-12-01T16:00,7.8,0.10,89,6.0,2.8,0.10,0.01,0.00,51,100,100,97,100,27.2,225,223,45.8,56.9,1,0.00,996.0,981.8
2021-12-01T17:00,7.9,0.50,87,6.0,2.9,0.50,0.01,0.00,53,100,98,85,76,27.7,232,231,46.4,59.4,0,0.00,996.2,982.0
2021-12-01T18:00,7.6,0.20,89,5.9,3.0,0.20,0.01,0.00,51,94,79,22,63,24.3,245,245,40.8,58.3,0,0.00,997.3,983.1
2021-12-01T19:00,7.1,0.00,91,5.7,3.4,0.00,0.01,0.00,3,85,78,25,13,17.7,251,250,30.9,49.3,0,0.00,998.3,984.1
2021-12-01T20:00,6.0,0.00,93,4.9,2.4,0.00,0.01,0.00,1,43,1,33,24,16.1,245,243,30.3,36.4,0,0.00,999.3,985.0
2021-12-01T21:00,5.8,0.30,91,4.4,1.7,0.30,0.01,0.00,51,89,2,76,80,18.4,246,244,33.2,38.5,0,0.00,999.9,985.6
2021-12-01T22:00,5.6,1.50,92,4.4,1.8,1.50,0.00,0.00,61,77,0,58,48,16.6,250,246,29.5,39.2,0,0.00,1000.3,986.0
2021-12-01T23:00,5.6,0.00,92,4.4,2.0,0.00,0.00,0.00,2,59,0,35,38,15.5,248,245,27.5,34.6,0,0.00,1000.7,986.4
2021-12-02T00:00,4.9,0.00,93,3.9,1.6,0.00,0.00,0.00,1,41,0,4,39,12.6,252,246,24.2,32.0,0,0.00,1000.9,986.5
2021-12-02T01:00,4.7,0.00,91,3.4,1.4,0.00,0.00,0.00,3,97,2,90,27,11.6,245,240,24.2,26.6,0,0.00,1000.5,986.1
2021-12-02T02:00,4.7,0.10,91,3.3,1.3,0.10,0.00,0.00,51,98,0,97,50,12.3,240,238,24.8,26.3,0,0.00,1000.3,985.9
2021-12-02T03:00,4.6,0.20,92,3.4,1.0,0.20,0.00,0.00,51,98,9,49,96,14.0,236,235,26.2,29.5,0,0.00,1000.6,986.2
2021-12-02T04:00,4.5,0.20,92,3.3,0.7,0.20,0.00,0.00,51,100,0,60,100,14.8,232,229,26.9,30.6,0,0.00,1000.6,986.2
2021-12-02T05:00,4.4,0.50,92,3.1,0.5,0.50,0.00,0.00,53,100,0,47,100,15.9,240,237,27.7,33.8,0,0.00,1000.5,986.1
2021-12-02T06:00,4.3,0.40,94,3.4,0.6,0.40,0.00,0.00,51,100,0,76,100,14.6,240,237,25.3,32.4,0,0.00,1000.7,986.3
2021-12-02T07:00,4.2,0.10,94,3.2,0.2,0.10,0.00,0.00,51,100,0,100,100,16.4,243,241,28.7,33.8,0,0.00,1000.4,986.0
2021-12-02T08:00,4.2,0.40,94,3.3,0.4,0.40,0.00,0.00,51,100,0,100,100,15.0,242,240,26.4,33.8,0,0.00,1000.8,986.4
2021-12-02T09:00,4.1,0.70,94,3.3,0.2,0.70,0.00,0.00,53,100,0,100,100,16.1,257,254,27.7,33.1,1,0.00,1001.3,986.9
2021-12-02T10:00,4.1,0.50,94,3.2,0.6,0.50,0.00,0.00,53,100,0,100,36,13.4,278,275,22.9,33.1,1,0.00,1001.7,987.3
2021-12-02T11:00,4.7,0.20,92,3.4,1.7,0.20,0.00,0.00,51,100,0,99,24,9.7,275,272,15.2,27.0,1,0.00,1002.0,987.6
2021-12-02T12:00,4.3,1.90,81,1.3,0.7,0.80,0.00,0.77,73,98,0,97,36,11.4,280,281,18.3,27.7,1,553.30,1001.9,987.5
2021-12-02T13:00,4.5,0.20,87,2.5,1.3,0.20,0.00,0.00,51,61,0,100,18,9.7,252,248,14.3,26.6,1,3600.00,1002.1,987.7
2021-12-02T14:00,3.9,0.90,84,1.4,-0.0,0.50,0.00,0.28,73,98,0,98,45,13.7,306,305,20.4,29.9,1,3600.00,1002.3,987.8
2021-12-02T15:00,4.0,0.20,86,1.9,0.3,0.20,0.00,0.00,51,93,0,89,30,12.7,316,313,19.1,28.8,1,1818.39,1002.4,987.9
2021-12-02T16:00,3.3,0.10,87,1.4,-0.3,0.10,0.00,0.00,51,72,0,64,37,11.7,328,326,21.7,28.4,1,2772.20,1003.5,989.0
2021-12-02T17:00,2.8,0.00,86,0.7,-0.9,0.00,0.00,0.00,1,37,0,23,20,11.6,327,324,23.2,25.6,0,0.00,1004.8,990.2
2021-12-02T18:00,1.6,0.00,89,0.0,-1.8,0.00,0.00,0.00,1,21,0,14,19,8.7,322,318,21.0,24.1,0,0.00,1006.1,991.5
2021-12-02T19:00,0.8,0.00,91,-0.5,-2.5,0.00,0.00,0.00,2,53,0,9,51,7.5,309,305,19.5,19.1,0,0.00,1007.1,992.4
2021-12-02T20:00,0.3,0.00,91,-0.9,-3.0,0.00,0.00,0.00,1,43,0,0,43,7.4,301,293,19.7,17.3,0,0.00,1008.0,993.3
2021-12-02T21:00,-0.1,0.00,91,-1.4,-3.5,0.00,0.00,0.00,2,67,0,0,67,7.3,290,281,19.6,16.6,0,0.00,1008.8,994.0
2021-12-02T22:00,0.3,0.10,91,-0.9,-3.0,0.00,0.00,0.07,71,56,0,3,56,7.3,292,281,18.6,17.6,0,0.00,1009.8,995.0
2021-12-02T23:00,0.0,0.10,92,-1.1,-3.2,0.00,0.00,0.07,71,51,0,0,51,6.2,295,280,17.1,16.2,0,0.00,1010.7,995.9
2021-12-03T00:00,0.0,0.10,91,-1.2,-3.3,0.00,0.00,0.07,71,61,18,0,52,6.8,299,288,17.7,15.1,0,0.00,1011.5,996.7
2021-12-03T01:00,-0.2,0.00,92,-1.4,-3.9,0.00,0.00,0.00,3,98,12,0,68,8.8,310,305,21.7,17.3,0,0.00,1012.4,997.6
2021-12-03T02:00,0.7,0.00,92,-0.5,-2.8,0.00,0.00,0.00,1,21,1,0,20,8.8,308,305,19.5,20.2,0,0.00,1013.2,998.4
2021-12-03T03:00,-1.4,0.00,93,-2.4,-4.8,0.00,0.00,0.00,1,20,9,0,12,6.4,300,286,14.2,18.4,0,0.00,1013.6,998.7
2021-12-03T04:00,-2.2,0.00,94,-3.0,-5.7,0.00,0.00,0.00,1,30,2,0,28,6.7,273,254,13.7,12.2,0,0.00,1014.1,999.1
2021-12-03T05:00,-2.2,0.00,94,-3.0,-5.8,0.00,0.00,0.00,2,57,24,0,44,6.6,263,241,13.8,12.2,0,0.00,1014.5,999.5
2021-12-03T06:00,-1.6,0.00,95,-2.4,-4.8,0.00,0.00,0.00,2,62,56,0,15,4.6,249,219,11.2,11.9,0,0.00,1015.0,1000.1
2021-12-03T07:00,-1.5,0.00,95,-2.1,-5.0,0.00,0.00,0.00,2,50,48,1,4,7.6,209,188,15.6,14.0,0,0.00,1015.0,1000.1
2021-12-03T08:00,-1.7,0.00,96,-2.2,-5.8,0.00,0.00,0.00,3,99,49,0,98,11.1,214,205,22.3,22.0,0,0.00,1015.9,1000.9
2021-12-03T09:00,-1.1,0.00,95,-1.8,-5.6,0.00,0.00,0.00,3,100,95,24,100,14.5,224,222,22.9,29.5,1,0.00,1016.6,1001.7
2021-12-03T10:00,-0.5,0.00,93,-1.5,-5.0,0.00,0.00,0.00,3,100,54,100,100,14.8,226,225,20.9,32.8,1,0.00,1016.8,1001.9
2021-12-03T11:00,0.3,0.00,90,-1.2,-4.5,0.00,0.00,0.00,3,100,24,73,100,16.9,219,218,23.8,33.8,1,0.00,1016.7,1001.8
2021-12-03T12:00,1.1,0.00,86,-1.0,-3.9,0.00,0.00,0.00,3,100,6,84,100,18.6,222,221,26.5,38.2,1,1265.45,1015.9,1001.1
2021-12-03T13:00,2.2,0.00,81,-0.7,-2.9,0.00,0.00,0.00,3,100,0,99,100,19.1,221,221,28.3,37.8,1,495.01,1015.6,1000.9
2021-12-03T14:00,2.6,0.00,77,-1.0,-2.5,0.00,0.00,0.00,3,100,95,17,99,19.6,225,223,29.3,40.7,1,424.54,1014.8,1000.1
2021-12-03T15:00,2.8,0.00,77,-0.8,-1.7,0.00,0.00,0.00,3,100,100,22,43,15.2,220,216,24.8,42.1,1,1285.56,1014.4,999.7
2021-12-03T16:00,2.5,0.00,77,-1.1,-1.8,0.00,0.00,0.00,3,100,100,56,19,14.2,215,210,25.4,32.4,1,0.00,1013.9,999.2
2021-12-03T17:00,2.1,0.00,80,-1.1,-2.2,0.00,0.00,0.00,3,96,92,40,15,13.7,209,203,25.5,30.6,0,0.00,1013.5,998.8
2021-12-03T18:00,1.9,0.00,83,-0.7,-2.4,0.00,0.00,0.00,3,100,84,100,14,13.9,205,197,26.6,29.5,0,0.00,1013.1,998.4
2021-12-03T19:00,2.4,0.10,80,-0.7,-1.8,0.10,0.00,0.00,51,100,100,100,100,13.6,204,197,24.5,30.2,0,0.00,1012.8,998.1
2021-12-03T20:00,2.7,0.00,74,-1.4,-1.7,0.00,0.00,0.00,3,100,99,100,100,14.3,204,198,26.1,30.6,0,0.00,1011.6,996.9
2021-12-03T21:00,3.0,0.00,69,-2.2,-1.6,0.00,0.01,0.00,3,100,100,100,100,14.2,204,196,26.0,30.6,0,0.00,1010.5,995.9
2021-12-03T22:00,3.4,0.00,63,-3.0,-1.4,0.00,0.01,0.00,3,100,100,100,100,15.5,204,198,27.9,32.4,0,0.00,1009.8,995.2
2021-12-03T23:00,3.6,0.00,58,-4.0,-1.3,0.00,0.01,0.00,3,100,100,100,100,15.2,208,202,27.2,33.5,0,0.00,1008.8,994.2
2021-12-04T00:00,3.0,0.10,64,-3.1,-1.3,0.10,0.01,0.00,51,100,100,100,100,12.3,203,195,22.7,32.0,0,0.00,1008.0,993.4
2021-12-04T01:00,1.8,0.20,84,-0.6,-2.0,0.10,0.01,0.07,71,100,100,100,100,10.4,181,160,18.7,26.3,0,0.00,1006.7,992.1
2021-12-04T02:00,1.8,0.10,88,0.0,-1.3,0.10,0.01,0.00,51,100,97,100,100,6.5,185,124,13.0,20.5,0,0.00,1005.4,990.8
2021-12-04T03:00,1.6,0.80,94,0.7,-1.8,0.10,0.02,0.49,73,100,100,100,100,9.2,176,129,15.9,18.0,0,0.00,1004.8,990.2
2021-12-04T04:00,1.2,2.10,99,1.0,-2.3,0.30,0.03,1.26,75,100,100,100,100,10.5,159,121,17.3,19.1,0,0.00,1003.6,989.0
2021-12-04T05:00,1.2,1.30,100,1.2,-2.6,0.90,0.03,0.28,73,100,100,100,100,12.7,152,105,19.2,20.9,0,0.00,1002.4,987.8
2021-12-04T06:00,1.8,0.70,98,1.5,-1.8,0.70,0.03,0.00,53,100,100,100,100,11.9,145,115,19.4,22.7,0,0.00,1001.2,986.6
2021-12-04T07:00,2.5,0.50,96,2.0,-0.7,0.50,0.03,0.00,53,100,100,100,100,9.4,149,113,15.5,21.6,0,0.00,1000.6,986.1
2021-12-04T08:00,3.2,0.30,96,2.6,0.4,0.30,0.03,0.00,51,100,100,100,100,7.8,179,124,14.0,17.6,0,0.00,999.8,985.3
2021-12-04T09:00,4.0,0.20,95,3.3,1.4,0.20,0.03,0.00,51,100,100,100,100,6.9,183,133,14.1,16.2,1,0.00,999.5,985.1
2021-12-04T10:00,4.7,0.00,95,4.0,2.0,0.00,0.03,0.00,3,100,100,100,100,8.4,184,137,15.5,16.9,1,0.00,999.2,984.8
2021-12-04T11:00,5.4,0.50,95,4.7,3.0,0.50,0.03,0.00,53,100,100,100,100,7.6,202,161,17.4,17.3,1,0.00,998.7,984.4
2021-12-04T12:00,6.7,0.80,94,5.8,3.9,0.80,0.03,0.00,53,100,100,100,100,12.1,219,210,25.4,25.2,1,0.00,997.9,983.6
2021-12-04T13:00,4.6,1.00,93,3.6,1.9,1.00,0.03,0.00,55,100,100,99,100,7.9,145,93,11.4,31.7,1,0.00,997.2,982.8
2021-12-04T14:00,5.0,1.20,95,4.2,2.7,1.20,0.02,0.00,55,100,100,100,100,6.2,174,111,9.8,14.4,1,0.00,996.0,981.7
2021-12-04T15:00,6.1,2.00,95,5.4,3.5,2.00,0.02,0.00,61,100,100,100,100,10.1,211,178,23.1,22.3,1,0.00,995.8,981.5
2021-12-04T16:00,8.2,0.90,94,7.2,5.1,0.90,0.02,0.00,53,100,100,88,100,15.8,227,223,30.6,32.4,1,0.00,995.7,981.6
2021-12-04T17:00,8.5,0.00,90,7.0,5.1,0.00,0.02,0.00,3,85,38,81,18,18.1,230,226,32.4,37.8,0,0.00,996.0,981.9
2021-12-04T18:00,7.9,0.30,91,6.6,3.9,0.30,0.02,0.00,51,95,1,41,92,21.4,238,237,37.1,44.6,0,0.00,996.8,982.6
2021-12-04T19:00,7.3,0.80,89,5.6,3.0,0.80,0.02,0.00,53,98,1,95,80,21.8,279,278,36.5,44.3,0,0.00,998.5,984.3
2021-12-04T20:00,5.9,0.00,85,3.6,1.8,0.00,0.02,0.00,3,91,62,41,71,17.8,281,277,30.8,45.0,0,0.00,1000.1,985.8
2021-12-04T21:00,5.2,0.00,86,3.0,1.2,0.00,0.01,0.00,3,100,43,100,6,15.9,268,264,28.5,37.1,0,0.00,1001.4,987.0
2021-12-04T22:00,4.1,0.00,85,1.7,-0.2,0.00,0.01,0.00,3,100,96,100,1,16.4,258,255,30.2,34.9,0,0.00,1002.5,988.0
2021-12-04T23:00,3.4,0.00,89,1.7,-0.8,0.00,0.01,0.00,3,100,0,100,20,15.8,256,253,29.7,34.6,0,0.00,1003.3,988.8
2021-12-05T00:00,3.2,0.00,90,1.8,-0.8,0.00,0.01,0.00,2,66,0,60,16,14.8,252,247,28.5,33.5,0,0.00,1003.9,989.4
2021-12-05T01:00,3.6,0.00,91,2.3,-0.2,0.00,0.01,0.00,0,18,20,92,34,14.3,228,221,27.3,31.3,0,0.00,1004.6,990.1
2021-12-05T02:00,3.3,0.00,92,2.2,-0.6,0.00,0.01,0.00,1,45,0,29,24,14.5,230,228,27.6,31.0,0,0.00,1004.6,990.1
2021-12-05T03:00,2.9,0.10,94,2.1,-1.1,0.10,0.01,0.00,51,100,6,40,100,15.6,234,230,29.4,33.1,0,0.00,1004.9,990.4
2021-12-05T04:00,3.3,0.00,93,2.2,-0.5,0.00,0.01,0.00,3,100,0,21,100,13.8,227,223,25.5,32.8,0,0.00,1004.7,990.2
2021-12-05T05:00,3.6,0.10,89,2.0,-0.4,0.10,0.01,0.00,51,100,0,13,100,14.8,232,229,26.1,31.0,0,0.00,1004.3,989.8
2021-12-05T06:00,3.5,0.00,88,1.8,-0.4,0.00,0.01,0.00,3,100,0,0,100,14.5,231,228,25.1,31.0,0,0.00,1004.2,989.7
2021-12-05T07:00,3.4,0.10,90,1.8,-0.3,0.10,0.01,0.00,51,100,0,0,100,12.9,221,216,23.0,30.2,0,0.00,1004.6,990.1
2021-12-05T08:00,3.4,0.00,89,1.8,-0.2,0.00,0.01,0.00,3,100,0,2,100,12.4,215,206,22.0,27.0,0,0.00,1004.7,990.2
2021-12-05T09:00,3.4,0.00,90,1.9,0.0,0.00,0.01,0.00,3,99,0,0,99,10.9,200,189,19.1,25.6,1,0.00,1005.0,990.5
2021-12-05T10:00,3.8,0.00,88,2.1,0.3,0.00,0.01,0.00,3,100,0,3,100,11.6,189,185,17.9,26.3,1,448.95,1005.2,990.7
2021-12-05T11:00,4.1,0.10,87,2.1,0.9,0.10,0.01,0.00,51,100,0,12,100,10.0,198,193,15.5,25.2,1,0.00,1005.4,990.9
2021-12-05T12:00,4.3,0.00,85,2.0,0.7,0.00,0.01,0.00,2,68,0,5,68,12.5,220,219,19.4,26.3,1,0.00,1005.3,990.8
2021-12-05T13:00,5.3,0.00,77,1.6,1.8,0.00,0.01,0.00,1,29,0,5,28,10.7,220,220,16.1,29.9,1,3600.00,1004.8,990.4
2021-12-05T14:00,5.5,0.00,75,1.4,2.0,0.00,0.01,0.00,1,41,0,10,40,10.9,228,226,16.1,24.8,1,3600.00,1004.6,990.2
2021-12-05T15:00,5.2,0.00,79,1.9,2.2,0.00,0.01,0.00,0,12,0,1,11,8.0,218,216,11.8,23.8,1,3600.00,1004.9,990.5
2021-12-05T16:00,3.2,0.00,90,1.7,0.6,0.00,0.01,0.00,0,2,0,1,1,4.7,195,171,10.0,15.8,1,2882.93,1005.5,991.0
2021-12-05T17:00,1.0,0.00,91,-0.2,-2.2,0.00,0.01,0.00,0,4,4,0,1,6.9,174,137,10.5,10.8,0,0.00,1006.3,991.6
2021-12-05T18:00,0.1,0.00,91,-1.1,-3.2,0.00,0.01,0.00,1,46,41,31,5,6.8,178,115,8.3,11.2,0,0.00,1006.8,992.1
2021-12-05T19:00,-0.1,0.00,91,-1.5,-3.4,0.00,0.01,0.00,2,67,63,58,1,6.0,177,115,7.6,9.7,0,0.00,1007.3,992.6
2021-12-05T20:00,-0.4,0.00,91,-1.7,-3.7,0.00,0.01,0.00,2,60,52,49,8,5.9,148,101,6.8,9.7,0,0.00,1007.9,993.1
2021-12-05T21:00,-0.5,0.10,92,-1.6,-3.6,0.10,0.01,0.00,51,83,49,63,47,5.2,138,106,8.7,9.7,0,0.00,1008.8,994.0
2021-12-05T22:00,-0.2,0.40,95,-1.0,-3.3,0.20,0.01,0.14,71,70,4,54,37,5.2,137,102,8.4,10.1,0,0.00,1009.5,994.7
2021-12-05T23:00,-0.1,0.10,94,-0.9,-3.1,0.10,0.01,0.00,51,69,8,41,62,4.7,118,94,6.1,9.7,0,0.00,1010.0,995.2
2021-12-06T00:00,-0.1,0.00,94,-0.9,-3.0,0.00,0.01,0.00,1,37,18,28,10,4.3,97,85,5.8,10.4,0,0.00,1010.4,995.6
2021-12-06T01:00,1.2,0.00,93,0.2,-1.6,0.00,0.01,0.00,0,2,9,17,1,4.4,48,9,4.3,9.0,0,0.00,1010.7,996.0
2021-12-06T02:00,0.2,0.00,98,-0.1,-2.7,0.00,0.01,0.00,0,2,0,0,2,5.1,306,309,9.3,7.2,0,0.00,1011.0,996.2
2021-12-06T03:00,0.8,0.00,98,0.5,-1.8,0.00,0.01,0.00,0,3,0,0,3,3.3,321,311,7.4,8.3,0,0.00,1012.0,997.2
2021-12-06T04:00,0.8,0.00,98,0.5,-1.6,0.00,0.01,0.00,0,11,0,0,11,2.8,315,220,5.1,5.4,0,0.00,1012.5,997.7
2021-12-06T05:00,-0.3,0.00,99,-0.4,-3.1,0.00,0.01,0.00,3,99,0,0,99,4.3,332,312,6.9,6.5,0,0.00,1013.1,998.3
2021-12-06T06:00,-0.9,0.00,99,-1.0,-3.5,0.00,0.01,0.00,3,100,0,0,100,2.5,342,360,8.3,7.2,0,0.00,1013.9,999.0
2021-12-06T07:00,-0.8,0.00,99,-1.0,-3.3,0.00,0.01,0.00,3,100,0,0,100,1.5,356,14,5.8,6.5,0,0.00,1014.9,1000.0
2021-12-06T08:00,-1.2,0.00,99,-1.4,-3.6,0.00,0.01,0.00,3,100,0,0,100,0.8,338,207,1.9,4.3,0,0.00,1015.9,1001.0
2021-12-06T09:00,-0.8,0.00,97,-1.1,-3.4,0.00,0.01,0.00,3,100,0,0,100,2.3,225,219,2.0,9.0,1,0.00,1016.7,1001.8
2021-12-06T10:00,-0.6,0.00,99,-0.8,-3.4,0.00,0.01,0.00,3,100,0,0,100,4.1,243,232,4.8,11.9,1,0.00,1017.2,1002.3
2021-12-06T11:00,0.0,0.00,98,-0.2,-2.8,0.00,0.01,0.00,3,100,0,0,100,4.6,227,231,5.9,13.3,1,0.00,1017.3,1002.4
2021-12-06T12:00,0.4,0.00,98,0.2,-2.3,0.00,0.01,0.00,3,100,0,0,100,4.2,235,239,5.7,13.7,1,0.00,1017.1,1002.2
2021-12-06T13:00,2.7,0.00,98,2.4,-0.8,0.00,0.01,0.00,3,100,6,2,100,12.3,230,230,16.9,12.6,1,0.00,1016.6,1001.9
2021-12-06T14:00,3.1,0.00,91,1.8,-0.5,0.00,0.01,0.00,3,100,0,0,100,11.6,235,234,17.1,28.4,1,0.00,1016.4,1001.7
2021-12-06T15:00,3.2,0.00,86,1.1,0.1,0.00,0.01,0.00,3,98,1,0,98,8.2,223,218,11.7,24.8,1,633.07,1015.9,1001.2
2021-12-06T16:00,2.6,0.00,90,1.1,-0.4,0.00,0.01,0.00,3,100,11,0,100,6.9,217,208,13.6,18.7,1,0.00,1016.2,1001.5
2021-12-06T17:00,2.5,0.00,91,1.2,-0.6,0.00,0.01,0.00,3,100,52,0,100,8.0,200,185,14.6,16.6,0,0.00,1015.7,1001.0
2021-12-06T18:00,2.5,0.00,90,1.0,-0.5,0.00,0.01,0.00,3,98,98,0,27,7.4,185,166,13.7,17.6,0,0.00,1014.8,1000.1
2021-12-06T19:00,1.3,0.00,94,0.4,-1.6,0.00,0.01,0.00,3,100,99,96,100,5.4,177,143,13.0,15.5,0,0.00,1014.8,1000.0
2021-12-06T20:00,1.8,0.10,92,0.7,-1.2,0.10,0.01,0.00,51,100,99,40,100,6.4,186,164,14.5,14.4,0,0.00,1014.7,999.9
2021-12-06T21:00,1.4,0.10,93,0.4,-2.0,0.10,0.01,0.00,51,100,100,97,68,8.7,170,150,17.9,18.4,0,0.00,1014.1,999.3
2021-12-06T22:00,1.2,0.00,91,-0.1,-2.5,0.00,0.01,0.00,3,100,100,100,11,10.1,176,153,19.9,20.5,0,0.00,1013.3,998.5
2021-12-06T23:00,1.0,0.00,88,-0.7,-2.9,0.00,0.01,0.00,3,100,100,100,7,11.6,168,150,22.8,23.4,0,0.00,1012.0,997.2
2021-12-07T00:00,1.1,0.10,86,-1.0,-2.8,0.00,0.01,0.07,71,100,100,100,96,11.2,175,159,22.0,23.4,0,0.00,1011.6,996.9
2021-12-07T01:00,1.5,0.40,89,-0.1,-2.4,0.00,0.01,0.28,73,100,0,100,83,11.6,164,150,21.3,28.8,0,0.00,1010.6,995.9
2021-12-07T02:00,1.6,0.70,92,0.4,-2.6,0.10,0.02,0.42,73,100,0,94,100,14.4,196,184,26.9,30.2,0,0.00,1010.0,995.3
2021-12-07T03:00,2.1,2.10,92,0.9,-2.5,0.30,0.02,1.26,75,100,0,100,100,17.9,223,218,30.3,38.5,0,0.00,1009.8,995.1
2021-12-07T04:00,3.4,0.10,91,2.1,-1.0,0.10,0.02,0.00,51,86,0,46,74,17.9,242,236,31.9,36.7,0,0.00,1010.2,995.6
2021-12-07T05:00,3.7,0.00,88,1.9,-0.8,0.00,0.02,0.00,3,87,0,56,69,18.3,254,250,32.6,39.6,0,0.00,1011.0,996.4
2021-12-07T06:00,3.3,0.00,88,1.4,-1.0,0.00,0.02,0.00,2,62,0,5,61,16.3,253,248,30.1,38.5,0,0.00,1011.8,997.2
2021-12-07T07:00,2.9,0.00,89,1.3,-1.3,0.00,0.02,0.00,3,97,0,63,92,16.1,248,243,29.5,34.2,0,0.00,1012.5,997.8
2021-12-07T08:00,2.8,0.10,90,1.4,-1.3,0.10,0.02,0.00,51,100,0,97,98,15.0,250,246,27.2,33.5,0,0.00,1013.3,998.6
2021-12-07T09:00,3.0,0.00,90,1.5,-1.0,0.00,0.02,0.00,2,70,0,16,64,14.2,243,240,25.0,31.0,1,0.00,1014.1,999.4
2021-12-07T10:00,3.3,0.00,89,1.7,-0.9,0.00,0.02,0.00,3,85,0,0,85,16.4,242,241,28.5,34.2,1,3042.65,1014.7,1000.0
2021-12-07T11:00,3.8,0.00,87,1.9,-0.1,0.00,0.02,0.00,0,17,0,0,17,14.2,240,240,22.4,34.6,1,2649.04,1014.8,1000.2
2021-12-07T12:00,4.8,0.00,76,0.9,0.1,0.00,0.02,0.00,3,98,0,0,98,18.1,246,247,26.4,36.7,1,3600.00,1014.2,999.6
2021-12-07T13:00,5.5,0.00,75,1.4,1.2,0.00,0.02,0.00,3,100,54,0,61,16.5,234,234,24.5,36.4,1,1733.31,1013.6,999.1
2021-12-07T14:00,5.8,0.00,69,0.6,1.4,0.00,0.02,0.00,2,78,16,0,74,15.7,234,233,23.5,35.3,1,3600.00,1012.9,998.4
2021-12-07T15:00,5.4,0.00,76,1.4,1.7,0.00,0.02,0.00,3,86,76,0,41,11.8,215,211,19.7,32.4,1,2518.13,1012.4,997.9
2021-12-07T16:00,4.3,0.00,82,1.5,1.5,0.00,0.02,0.00,3,96,96,0,3,6.2,176,159,14.1,24.1,1,2834.37,1011.2,996.6
2021-12-07T17:00,1.9,0.00,88,0.2,-1.2,0.00,0.02,0.00,3,100,100,1,19,6.6,164,135,15.4,13.3,0,0.00,1011.0,996.3
2021-12-07T18:00,2.0,0.00,87,0.0,-1.6,0.00,0.02,0.00,3,100,100,48,0,10.4,123,110,23.2,21.6,0,0.00,1009.3,994.6
2021-12-07T19:00,1.9,0.00,83,-0.7,-2.6,0.00,0.02,0.00,3,97,97,63,0,15.3,127,117,31.1,29.9,0,0.00,1008.6,993.9
2021-12-07T20:00,1.5,0.00,80,-1.6,-3.3,0.00,0.02,0.00,3,100,100,97,0,16.5,130,122,33.0,33.5,0,0.00,1006.9,992.2
2021-12-07T21:00,1.9,0.00,76,-1.8,-2.9,0.00,0.02,0.00,3,100,100,99,0,16.9,130,119,32.7,34.6,0,0.00,1005.9,991.3
2021-12-07T22:00,2.1,0.00,76,-1.7,-3.3,0.00,0.02,0.00,3,100,100,100,0,20.2,129,125,36.8,41.0,0,0.00,1004.4,989.8
2021-12-07T23:00,2.4,0.00,73,-2.0,-2.9,0.00,0.02,0.00,3,100,100,97,0,19.7,127,121,35.7,41.0,0,0.00,1003.6,989.0
2021-12-08T00:00,2.4,0.00,69,-2.7,-2.9,0.00,0.02,0.00,3,100,100,92,0,18.8,124,119,34.4,40.3,0,0.00,1002.7,988.2
2021-12-08T01:00,3.0,0.10,66,-2.6,-2.7,0.00,0.02,0.07,71,100,100,100,15,22.2,131,126,39.0,38.2,0,0.00,1001.9,987.4
2021-12-08T02:00,3.1,0.20,65,-2.8,-2.3,0.20,0.02,0.00,51,100,100,100,100,19.9,137,131,34.9,45.4,0,0.00,1001.8,987.3
2021-12-08T03:00,2.6,0.80,84,0.1,-1.9,0.80,0.02,0.00,53,100,100,100,100,16.5,147,136,30.8,40.3,0,0.00,1002.0,987.5
2021-12-08T04:00,2.7,0.70,89,1.1,-1.6,0.70,0.02,0.00,53,100,100,100,100,15.7,139,127,28.6,33.1,0,0.00,1001.4,986.9
2021-12-08T05:00,2.7,0.30,91,1.4,-1.1,0.30,0.02,0.00,51,100,100,100,100,12.9,139,126,24.5,31.3,0,0.00,1001.3,986.8
2021-12-08T06:00,3.0,1.00,91,1.7,-0.5,1.00,0.02,0.00,55,100,100,100,100,11.3,137,112,19.6,25.6,0,0.00,1000.9,986.4
2021-12-08T07:00,3.2,0.30,92,2.0,-0.1,0.30,0.02,0.00,51,100,100,100,100,10.2,141,113,17.7,21.6,0,0.00,1000.8,986.3
2021-12-08T08:00,3.4,0.00,92,2.2,0.3,0.00,0.02,0.00,3,100,100,100,100,9.0,153,113,14.5,19.4,0,0.00,1001.2,986.7
2021-12-08T09:00,3.6,0.20,95,2.8,1.1,0.20,0.02,0.00,51,100,100,100,98,6.2,182,111,10.8,17.3,1,0.00,1001.3,986.8
2021-12-08T10:00,4.6,0.00,93,3.5,2.2,0.00,0.02,0.00,3,100,100,100,31,6.1,201,140,12.0,12.6,1,0.00,1001.6,987.2
2021-12-08T11:00,5.3,0.10,94,4.4,2.9,0.10,0.02,0.00,51,100,100,100,52,6.9,213,186,14.6,14.4,1,0.00,1001.6,987.2
2021-12-08T12:00,5.6,0.10,96,5.0,3.5,0.10,0.02,0.00,51,100,100,100,38,6.2,220,187,15.6,15.1,1,0.00,1001.1,986.7
2021-12-08T13:00,5.4,0.10,95,4.7,2.9,0.10,0.02,0.00,51,100,100,100,49,7.7,153,118,12.6,16.6,1,0.00,1001.2,986.8
2021-12-08T14:00,6.1,0.20,92,4.9,4.1,0.20,0.02,0.00,51,100,100,100,19,4.7,215,180,11.9,14.4,1,0.00,1001.5,987.2
2021-12-08T15:00,5.5,0.00,94,4.6,3.5,0.00,0.02,0.00,3,100,100,100,3,5.1,240,219,10.8,11.9,1,0.00,1000.6,986.2
2021-12-08T16:00,4.7,0.00,97,4.2,2.7,0.00,0.02,0.00,3,100,100,100,0,4.4,207,171,10.1,11.2,1,0.00,1001.0,986.6
2021-12-08T17:00,4.2,0.00,98,3.9,2.0,0.00,0.02,0.00,3,100,100,100,0,4.7,215,189,11.9,9.0,0,0.00,1001.3,986.9
2021-12-08T18:00,4.1,0.10,98,3.7,1.9,0.10,0.02,0.00,51,100,100,100,0,4.7,215,184,11.9,10.8,0,0.00,1002.1,987.7
2021-12-08T19:00,3.5,0.10,98,3.2,1.3,0.10,0.02,0.00,51,100,100,100,0,4.0,222,190,10.7,9.4,0,0.00,1002.4,987.9
2021-12-08T20:00,3.2,0.00,97,2.8,0.9,0.00,0.02,0.00,3,100,100,100,0,4.3,208,175,10.6,8.3,0,0.00,1002.6,988.1
2021-12-08T21:00,3.1,0.00,98,2.7,0.8,0.00,0.02,0.00,3,100,100,100,19,4.4,217,189,12.1,9.0,0,0.00,1003.1,988.6
2021-12-08T22:00,3.0,0.00,98,2.6,0.5,0.00,0.02,0.00,3,100,100,100,26,5.5,230,212,14.1,10.8,0,0.00,1003.4,988.9
2021-12-08T23:00,2.7,0.00,97,2.3,0.2,0.00,0.02,0.00,3,100,100,100,24,5.1,246,225,13.4,11.2,0,0.00,1003.7,989.2
2021-12-09T00:00,2.4,0.00,97,2.0,0.0,0.00,0.02,0.00,3,100,100,100,35,4.1,259,225,11.4,10.8,0,0.00,1004.1,989.5
2021-12-09T01:00,2.2,0.00,98,1.9,-0.4,0.00,0.02,0.00,3,100,91,97,43,5.2,282,258,14.3,9.4,0,0.00,1004.5,989.9
2021-12-09T02:00,2.7,0.00,97,2.3,0.2,0.00,0.02,0.00,3,100,100,99,33,4.7,296,279,13.2,10.8,0,0.00,1004.7,990.1
2021-12-09T03:00,2.1,0.00,98,1.7,-0.5,0.00,0.02,0.00,3,100,27,100,54,5.0,289,270,13.3,10.8,0,0.00,1005.0,990.4
2021-12-09T04:00,1.3,0.00,98,1.1,-1.4,0.00,0.02,0.00,3,100,94,99,29,4.9,250,216,11.5,11.2,0,0.00,1005.4,990.8
2021-12-09T05:00,1.1,0.00,98,0.9,-1.8,0.00,0.02,0.00,3,100,99,100,34,6.4,234,227,17.3,12.6,0,0.00,1005.9,991.2
2021-12-09T06:00,1.0,0.00,99,0.9,-2.1,0.00,0.02,0.00,3,98,93,0,72,7.6,252,245,17.8,16.2,0,0.00,1005.7,991.0
2021-12-09T07:00,0.6,0.00,100,0.6,-2.4,0.00,0.02,0.00,3,100,81,0,100,6.6,221,193,12.5,15.8,0,0.00,1006.8,992.1
2021-12-09T08:00,0.7,0.00,100,0.6,-2.7,0.00,0.02,0.00,3,100,100,92,100,9.1,223,214,17.6,17.6,0,0.00,1007.3,992.6
2021-12-09T09:00,1.3,0.00,98,1.1,-2.5,0.00,0.02,0.00,3,100,100,70,100,12.8,234,230,23.5,23.8,1,0.00,1007.7,993.0
2021-12-09T10:00,1.9,0.00,96,1.3,-2.0,0.00,0.02,0.00,3,100,100,0,100,13.9,240,239,19.2,29.2,1,0.00,1008.5,993.8
2021-12-09T11:00,2.5,0.00,94,1.6,-1.3,0.00,0.02,0.00,3,100,100,0,100,12.8,234,232,17.0,28.8,1,591.40,1008.6,994.0
2021-12-09T12:00,3.0,0.00,92,1.8,-1.2,0.00,0.02,0.00,3,100,97,0,100,15.9,238,237,22.0,32.4,1,0.00,1008.3,993.7
2021-12-09T13:00,3.9,0.00,90,2.4,-0.1,0.00,0.02,0.00,3,100,100,5,100,15.5,246,245,22.1,32.8,1,779.72,1008.5,994.0
2021-12-09T14:00,4.3,0.10,85,2.0,0.4,0.10,0.02,0.00,51,100,85,2,99,14.0,244,244,19.6,33.5,1,282.15,1008.1,993.6
2021-12-09T15:00,4.3,0.00,85,2.0,1.1,0.00,0.02,0.00,1,40,0,0,40,9.9,227,224,15.8,31.0,1,1542.69,1007.6,993.1
2021-12-09T16:00,3.5,0.00,89,1.8,0.5,0.00,0.02,0.00,3,100,0,7,100,8.4,210,200,17.9,20.2,1,2799.10,1007.8,993.2
2021-12-09T17:00,3.7,0.10,90,2.2,0.4,0.10,0.02,0.00,51,100,0,100,100,10.7,207,200,20.3,22.3,0,0.00,1007.8,993.3
2021-12-09T18:00,3.8,0.00,90,2.3,0.3,0.00,0.02,0.00,3,100,0,100,100,11.4,213,204,21.1,23.8,0,0.00,1007.7,993.2
2021-12-09T19:00,3.8,0.10,90,2.4,0.4,0.10,0.02,0.00,51,100,0,100,100,11.7,227,223,22.2,24.5,0,0.00,1007.9,993.4
2021-12-09T20:00,3.9,0.20,91,2.5,0.4,0.20,0.02,0.00,51,100,0,100,100,12.0,233,231,22.4,25.2,0,0.00,1007.7,993.2
2021-12-09T21:00,3.8,0.10,91,2.4,-0.1,0.10,0.02,0.00,51,100,0,99,100,14.5,226,222,26.0,29.5,0,0.00,1007.7,993.2
2021-12-09T22:00,3.7,0.00,89,2.1,-0.3,0.00,0.01,0.00,3,100,0,100,100,15.1,224,220,26.2,32.0,0,0.00,1007.5,993.0
2021-12-09T23:00,3.6,0.10,89,1.9,-0.3,0.10,0.01,0.00,51,100,0,100,100,13.8,223,219,25.0,31.3,0,0.00,1006.9,992.4
2021-12-10T00:00,3.5,0.00,89,1.8,-0.4,0.00,0.01,0.00,3,100,0,74,100,13.8,222,219,24.7,29.2,0,0.00,1005.7,991.2
2021-12-10T01:00,3.1,0.00,91,1.8,-0.2,0.00,0.01,0.00,3,100,0,0,39,10.5,221,218,20.7,28.4,0,0.00,1004.5,990.0
2021-12-10T02:00,1.5,0.00,93,0.6,-1.5,0.00,0.01,0.00,0,13,0,0,13,6.8,212,198,18.8,22.7,0,0.00,1003.3,988.7
2021-12-10T03:00,0.7,0.00,94,-0.2,-2.4,0.00,0.01,0.00,3,100,100,0,5,6.4,174,137,14.8,16.2,0,0.00,1002.0,987.4
2021-12-10T04:00,0.3,0.00,93,-0.7,-3.1,0.00,0.01,0.00,3,100,100,0,0,7.8,133,112,18.1,16.2,0,0.00,1000.6,986.0
2021-12-10T05:00,0.1,0.00,93,-0.9,-3.8,0.00,0.01,0.00,3,100,100,0,0,11.0,124,109,23.4,21.6,0,0.00,999.7,985.1
2021-12-10T06:00,0.1,0.00,91,-1.2,-4.0,0.00,0.01,0.00,3,100,100,0,1,12.6,129,114,24.9,24.5,0,0.00,998.7,984.1
2021-12-10T07:00,0.1,0.00,89,-1.4,-4.7,0.00,0.01,0.00,3,100,100,74,34,16.6,120,112,31.4,33.1,0,0.00,997.3,982.7
2021-12-10T08:00,0.4,0.00,87,-1.5,-4.5,0.00,0.01,0.00,3,100,100,100,0,17.4,122,114,32.4,35.3,0,0.00,996.5,981.9
2021-12-10T09:00,1.0,0.00,83,-1.6,-3.9,0.00,0.01,0.00,3,100,100,100,8,17.4,125,117,31.1,34.9,1,0.00,996.0,981.5
2021-12-10T10:00,1.4,0.00,80,-1.6,-3.6,0.00,0.01,0.00,3,100,35,100,0,18.0,128,123,31.0,36.4,1,0.00,995.6,981.1
2021-12-10T11:00,2.5,0.00,79,-0.7,-1.8,0.00,0.01,0.00,3,100,96,100,0,14.3,140,115,35.0,37.1,1,1119.52,994.9,980.5
2021-12-10T12:00,3.2,0.00,79,-0.1,-0.8,0.00,0.02,0.00,3,100,100,100,50,12.8,150,128,33.2,29.2,1,0.00,994.1,979.7
2021-12-10T13:00,2.0,0.40,84,-0.4,-1.7,0.30,0.02,0.07,71,100,100,100,100,10.7,134,123,20.9,29.5,1,0.00,994.2,979.8
2021-12-10T14:00,2.4,0.20,84,0.0,-1.3,0.10,0.02,0.07,71,100,100,100,100,10.8,121,105,28.3,23.8,1,0.00,993.5,979.1
2021-12-10T15:00,2.7,0.10,81,-0.3,-1.5,0.10,0.02,0.00,51,100,100,100,100,14.3,134,133,23.7,30.2,1,0.00,993.8,979.4
2021-12-10T16:00,2.5,0.20,87,0.5,-0.7,0.20,0.02,0.00,51,100,90,100,100,7.8,163,146,15.0,28.1,1,0.00,994.1,979.7
2021-12-10T17:00,2.1,0.20,93,1.1,-0.7,0.20,0.02,0.00,51,100,22,100,100,6.1,190,177,12.1,15.8,0,0.00,994.9,980.5
2021-12-10T18:00,2.3,0.10,95,1.6,-1.2,0.10,0.02,0.00,51,100,19,100,100,11.0,235,229,20.2,22.7,0,0.00,995.7,981.3
2021-12-10T19:00,2.8,0.10,93,1.8,-0.3,0.10,0.02,0.00,51,100,42,100,100,8.4,243,245,17.4,23.8,0,0.00,996.5,982.1
2021-12-10T20:00,3.1,0.40,94,2.3,-0.4,0.40,0.02,0.00,51,100,41,100,100,12.1,249,247,23.1,24.5,0,0.00,997.5,983.1
2021-12-10T21:00,3.3,0.50,94,2.4,-0.1,0.50,0.02,0.00,53,100,100,100,100,11.9,258,256,22.1,27.0,0,0.00,998.7,984.3
2021-12-10T22:00,3.3,0.60,94,2.4,0.3,0.60,0.02,0.00,53,100,85,100,100,9.1,263,263,18.1,24.8,0,0.00,999.9,985.4
2021-12-10T23:00,3.3,0.60,94,2.5,0.2,0.60,0.02,0.00,53,100,49,100,100,9.4,268,270,18.4,20.2,0,0.00,1001.0,986.5
2021-12-11T00:00,3.0,0.50,96,2.5,-0.0,0.50,0.02,0.00,53,100,48,100,100,8.9,284,284,16.7,20.9,0,0.00,1002.3,987.8
2021-12-11T01:00,3.0,0.40,93,1.9,-0.3,0.40,0.02,0.00,51,100,100,100,100,10.1,275,274,19.2,19.1,0,0.00,1003.7,989.2
2021-12-11T02:00,2.7,0.20,93,1.7,-0.6,0.20,0.02,0.00,51,100,100,100,100,10.2,294,288,18.5,23.4,0,0.00,1004.9,990.3
2021-12-11T03:00,2.4,0.10,94,1.6,-0.8,0.10,0.02,0.00,51,100,95,100,100,9.1,311,304,16.6,20.9,0,0.00,1006.4,991.8
2021-12-11T04:00,2.3,0.00,96,1.7,-0.9,0.00,0.02,0.00,3,100,44,100,91,9.0,314,307,16.0,18.7,0,0.00,1007.8,993.2
2021-12-11T05:00,2.2,0.00,96,1.6,-1.0,0.00,0.02,0.00,3,100,4,100,100,8.7,309,300,16.1,18.7,0,0.00,1009.1,994.5
2021-12-11T06:00,2.2,0.00,95,1.5,-0.8,0.00,0.02,0.00,3,100,27,99,87,8.1,310,302,15.1,18.0,0,0.00,1010.3,995.6
2021-12-11T07:00,2.1,0.00,95,1.4,-0.8,0.00,0.02,0.00,3,95,16,88,88,6.8,307,302,13.6,17.3,0,0.00,1011.5,996.8
2021-12-11T08:00,1.3,0.00,96,0.8,-1.3,0.00,0.02,0.00,2,78,10,35,75,4.0,296,280,10.8,14.4,0,0.00,1012.7,998.0
2021-12-11T09:00,1.7,0.00,96,1.1,-0.8,0.00,0.02,0.00,3,100,0,1,100,3.7,282,259,10.7,9.4,1,0.00,1014.3,999.6
2021-12-11T10:00,2.7,0.00,93,1.7,0.0,0.00,0.02,0.00,3,95,0,0,95,5.4,280,266,12.1,12.6,1,1697.59,1015.5,1000.8
2021-12-11T11:00,3.4,0.00,89,1.7,0.2,0.00,0.02,0.00,2,56,1,0,55,9.1,290,288,13.4,19.4,1,3600.00,1016.4,1001.7
2021-12-11T12:00,3.8,0.00,85,1.5,0.6,0.00,0.02,0.00,1,24,0,0,24,9.3,298,298,13.0,22.0,1,3600.00,1016.9,1002.2
2021-12-11T13:00,4.6,0.00,78,1.0,1.1,0.00,0.02,0.00,2,55,16,0,29,10.5,276,276,14.8,21.6,1,3600.00,1018.1,1003.4
2021-12-11T14:00,4.8,0.00,74,0.6,1.1,0.00,0.02,0.00,2,70,1,41,49,11.2,271,272,15.8,24.1,1,3600.00,1018.8,1004.1
2021-12-11T15:00,4.5,0.00,77,0.8,0.9,0.00,0.02,0.00,3,100,0,96,100,10.5,264,262,16.3,24.1,1,3600.00,1019.6,1004.9
2021-12-11T16:00,4.0,0.00,82,1.2,0.8,0.00,0.02,0.00,3,100,0,100,100,8.7,246,246,15.3,21.6,1,0.00,1020.7,1006.0
2021-12-11T17:00,3.5,0.00,86,1.4,0.2,0.00,0.02,0.00,3,100,1,66,100,9.4,226,220,17.6,18.4,0,0.00,1021.3,1006.5
2021-12-11T18:00,3.3,0.30,89,1.7,0.2,0.30,0.02,0.00,51,100,7,100,100,8.9,235,227,17.6,19.4,0,0.00,1022.1,1007.3
2021-12-11T19:00,3.4,0.40,92,2.2,0.3,0.40,0.01,0.00,51,100,29,99,100,8.7,225,210,16.8,18.4,0,0.00,1022.5,1007.7
2021-12-11T20:00,3.3,0.10,95,2.6,0.5,0.10,0.01,0.00,51,100,8,56,100,7.9,232,210,15.6,17.6,0,0.00,1023.1,1008.3
2021-12-11T21:00,3.3,0.00,95,2.6,0.5,0.00,0.01,0.00,3,100,0,2,100,7.6,236,211,15.3,15.8,0,0.00,1023.6,1008.8
2021-12-11T22:00,3.1,0.00,95,2.5,0.2,0.00,0.01,0.00,3,95,86,1,62,8.2,234,218,16.5,16.2,0,0.00,1024.5,1009.7
2021-12-11T23:00,2.6,0.00,96,2.0,-0.3,0.00,0.01,0.00,3,82,12,0,80,7.7,241,229,17.2,16.2,0,0.00,1025.4,1010.5
2021-12-12T00:00,2.2,0.00,96,1.6,-0.8,0.00,0.01,0.00,3,99,13,0,99,7.7,232,221,16.9,15.8,0,0.00,1026.2,1011.3
2021-12-12T01:00,2.9,0.00,93,1.9,-0.0,0.00,0.01,0.00,3,100,75,1,75,7.7,231,221,16.6,17.3,0,0.00,1026.7,1011.8
2021-12-12T02:00,2.6,0.00,94,1.7,-0.4,0.00,0.01,0.00,3,100,100,30,100,7.7,228,217,16.8,16.2,0,0.00,1026.9,1012.0
2021-12-12T03:00,2.5,0.00,93,1.6,-0.5,0.00,0.01,0.00,2,52,7,3,47,7.6,218,205,17.4,16.2,0,0.00,1027.3,1012.4
2021-12-12T04:00,2.0,0.00,94,1.2,-1.2,0.00,0.01,0.00,3,99,98,36,43,9.0,213,203,20.6,19.1,0,0.00,1027.2,1012.3
2021-12-12T05:00,1.5,0.00,95,0.8,-1.7,0.00,0.01,0.00,3,100,69,23,100,8.2,215,203,19.9,19.1,0,0.00,1027.3,1012.4
2021-12-12T06:00,2.2,0.00,94,1.3,-1.1,0.00,0.01,0.00,3,100,98,86,99,9.0,211,196,19.7,19.1,0,0.00,1027.4,1012.5
2021-12-12T07:00,2.2,0.00,94,1.4,-1.2,0.00,0.01,0.00,3,90,48,64,46,10.2,210,198,21.6,21.6,0,0.00,1027.4,1012.5
2021-12-12T08:00,2.2,0.00,93,1.2,-1.3,0.00,0.01,0.00,3,100,100,100,26,10.4,208,200,21.3,22.0,0,0.00,1027.9,1013.0
2021-12-12T09:00,2.5,0.00,91,1.1,-1.2,0.00,0.01,0.00,3,100,100,100,12,11.5,208,200,21.6,23.8,1,0.00,1028.0,1013.1
2021-12-12T10:00,3.0,0.00,88,1.2,-0.6,0.00,0.01,0.00,3,100,11,100,14,10.9,206,197,20.4,24.1,1,0.00,1028.2,1013.3
2021-12-12T11:00,3.3,0.00,86,1.1,-0.2,0.00,0.01,0.00,3,100,1,100,92,10.5,211,202,19.7,23.0,1,0.00,1028.4,1013.5
2021-12-12T12:00,3.7,0.00,84,1.2,0.2,0.00,0.01,0.00,3,100,1,100,100,10.8,215,206,21.0,23.0,1,0.00,1028.0,1013.2
2021-12-12T13:00,3.7,0.10,84,1.2,0.6,0.10,0.01,0.00,51,100,92,97,100,7.7,180,169,11.2,23.4,1,0.00,1028.2,1013.4
2021-12-12T14:00,4.1,0.10,83,1.6,1.0,0.10,0.01,0.00,51,100,75,100,100,8.5,201,168,19.7,19.1,1,0.00,1027.9,1013.1
2021-12-12T15:00,4.2,0.30,84,1.8,0.4,0.30,0.01,0.00,51,100,99,100,100,13.3,217,213,24.4,28.4,1,0.00,1027.6,1012.8
2021-12-12T16:00,4.3,0.10,84,1.9,0.6,0.10,0.01,0.00,51,100,100,100,100,13.0,226,222,23.4,27.0,1,0.00,1027.9,1013.1
2021-12-12T17:00,4.2,0.20,86,2.1,0.6,0.20,0.01,0.00,51,100,89,100,100,12.8,223,218,24.7,27.0,0,0.00,1028.1,1013.3
2021-12-12T18:00,4.2,0.20,91,2.8,0.7,0.20,0.01,0.00,51,100,93,98,100,12.8,226,220,25.2,26.3,0,0.00,1028.2,1013.4
2021-12-12T19:00,4.3,0.10,92,3.1,0.9,0.10,0.01,0.00,51,100,84,99,100,12.5,226,219,24.7,26.3,0,0.00,1028.2,1013.4
2021-12-12T20:00,4.6,0.10,91,3.3,1.3,0.10,0.01,0.00,51,100,0,70,100,11.7,223,214,23.2,25.2,0,0.00,1028.3,1013.5
2021-12-12T21:00,4.7,0.00,92,3.6,1.5,0.00,0.01,0.00,3,100,2,98,100,11.6,221,210,22.7,23.4,0,0.00,1028.6,1013.8
2021-12-12T22:00,4.8,0.00,93,3.7,1.5,0.00,0.01,0.00,3,99,0,58,98,12.0,222,213,23.2,23.8,0,0.00,1028.5,1013.7
2021-12-12T23:00,4.7,0.00,93,3.7,1.7,0.00,0.01,0.00,3,100,0,42,100,10.2,224,212,20.9,23.4,0,0.00,1028.6,1013.8
2021-12-13T00:00,4.7,0.00,93,3.7,1.8,0.00,0.01,0.00,3,100,0,52,100,9.3,222,208,19.4,20.2,0,0.00,1028.8,1014.0
2021-12-13T01:00,4.1,0.00,97,3.7,1.3,0.00,0.01,0.00,3,100,0,100,100,9.0,223,209,17.6,18.4,0,0.00,1029.0,1014.2
2021-12-13T02:00,4.3,1.80,97,3.9,1.5,1.80,0.01,0.00,61,100,0,100,100,9.2,219,206,18.2,18.0,0,0.00,1029.1,1014.3
2021-12-13T03:00,4.6,0.50,97,4.2,1.9,0.50,0.01,0.00,53,100,0,6,100,8.4,231,220,17.7,18.4,0,0.00,1029.2,1014.4
2021-12-13T04:00,4.7,0.00,97,4.2,2.0,0.00,0.01,0.00,3,100,0,60,100,8.6,227,213,17.3,16.9,0,0.00,1029.3,1014.5
2021-12-13T05:00,4.7,0.00,97,4.2,2.3,0.00,0.01,0.00,3,100,0,14,100,7.2,231,217,15.9,16.6,0,0.00,1029.4,1014.6
2021-12-13T06:00,4.6,0.00,97,4.2,2.5,0.00,0.01,0.00,3,92,0,1,92,4.8,231,207,13.0,14.4,0,0.00,1029.4,1014.6
2021-12-13T07:00,4.2,0.00,97,3.8,2.2,0.00,0.01,0.00,2,75,14,0,72,4.1,229,195,11.5,10.1,0,0.00,1029.6,1014.8
2021-12-13T08:00,3.3,0.00,98,3.0,1.1,0.00,0.01,0.00,3,98,0,0,98,4.3,221,175,10.0,7.9,0,0.00,1029.8,1014.9
2021-12-13T09:00,4.0,0.00,97,3.6,1.9,0.00,0.01,0.00,3,100,0,0,100,4.5,203,151,9.4,8.6,1,0.00,1030.0,1015.1
2021-12-13T10:00,5.1,0.00,96,4.5,3.0,0.00,0.01,0.00,2,78,0,0,78,5.6,187,135,9.1,11.5,1,1579.41,1030.1,1015.3
2021-12-13T11:00,5.9,0.00,94,5.1,4.1,0.00,0.01,0.00,3,100,0,0,100,4.4,171,145,6.6,11.9,1,2354.19,1030.3,1015.5
2021-12-13T12:00,6.8,0.00,91,5.4,5.1,0.00,0.01,0.00,3,100,0,0,100,4.0,176,170,4.7,11.9,1,2635.67,1030.1,1015.4
2021-12-13T13:00,7.4,0.00,91,6.0,5.9,0.00,0.01,0.00,3,100,0,0,100,3.4,124,122,3.9,11.5,1,0.00,1030.0,1015.3
2021-12-13T14:00,7.7,0.00,90,6.1,6.3,0.00,0.01,0.00,3,100,0,0,100,2.5,131,135,3.8,9.0,1,0.00,1029.6,1014.9
2021-12-13T15:00,7.8,0.00,90,6.3,6.5,0.00,0.01,0.00,3,100,0,0,100,2.7,151,157,3.7,8.3,1,0.00,1029.3,1014.7
2021-12-13T16:00,6.5,0.00,95,5.8,4.8,0.00,0.01,0.00,2,60,0,0,60,4.8,128,117,6.4,7.2,1,1174.63,1029.5,1014.8
2021-12-13T17:00,4.2,0.00,98,4.0,1.8,0.00,0.01,0.00,1,28,0,0,28,6.8,110,87,8.4,9.0,0,0.00,1029.6,1014.8
2021-12-13T18:00,4.2,0.00,98,4.0,1.8,0.00,0.01,0.00,0,12,0,0,12,6.6,117,99,13.7,11.5,0,0.00,1029.6,1014.8
2021-12-13T19:00,4.3,0.00,98,3.9,1.6,0.00,0.01,0.00,1,27,0,0,27,8.4,116,97,17.6,16.2,0,0.00,1029.7,1014.9
2021-12-13T20:00,4.0,0.00,98,3.7,1.4,0.00,0.01,0.00,3,80,0,0,80,8.0,121,98,16.3,16.2,0,0.00,1029.8,1015.0
2021-12-13T21:00,4.6,0.00,97,4.2,2.1,0.00,0.01,0.00,3,100,0,0,100,8.0,124,100,16.1,16.2,0,0.00,1029.6,1014.8
2021-12-13T22:00,5.4,0.00,97,4.9,3.0,0.00,0.01,0.00,3,100,0,0,100,7.8,125,103,17.1,16.2,0,0.00,1029.5,1014.7
2021-12-13T23:00,5.8,0.00,97,5.3,3.6,0.00,0.01,0.00,3,100,0,0,100,6.6,131,119,15.8,15.1,0,0.00,1029.2,1014.5
2021-12-14T00:00,5.6,0.00,97,5.2,3.8,0.00,0.01,0.00,3,100,0,0,100,4.5,146,151,13.0,13.0,0,0.00,1029.3,1014.5
2021-12-14T01:00,3.7,0.00,99,3.6,1.4,0.00,0.01,0.00,3,100,90,0,100,5.4,151,160,11.9,9.0,0,0.00,1029.2,1014.3
2021-12-14T02:00,3.5,0.00,100,3.5,1.4,0.00,0.01,0.00,3,100,96,0,100,4.0,167,175,9.6,10.1,0,0.00,1029.4,1014.5
2021-12-14T03:00,4.0,0.00,100,3.9,1.6,0.00,0.01,0.00,3,100,60,0,100,6.5,168,174,11.8,13.7,0,0.00,1029.4,1014.6
2021-12-14T04:00,3.8,0.00,100,3.8,1.7,0.00,0.01,0.00,3,100,100,36,100,4.1,196,195,7.9,13.7,0,0.00,1029.5,1014.6
2021-12-14T05:00,3.8,0.00,99,3.7,1.5,0.00,0.01,0.00,3,100,100,90,100,5.1,196,188,9.0,12.2,0,0.00,1029.5,1014.6
2021-12-14T06:00,3.8,0.00,99,3.7,1.5,0.00,0.01,0.00,3,100,100,7,100,5.4,192,172,11.8,13.0,0,0.00,1028.9,1014.1
2021-12-14T07:00,3.4,0.00,100,3.3,0.8,0.00,0.01,0.00,3,100,100,40,100,6.6,198,189,12.9,14.8,0,0.00,1029.1,1014.2
2021-12-14T08:00,3.0,0.00,99,2.9,0.2,0.00,0.01,0.00,3,100,100,42,100,7.9,192,180,15.8,17.6,0,0.00,1029.2,1014.3
2021-12-14T09:00,3.1,0.20,99,3.0,0.4,0.20,0.01,0.00,51,100,100,36,100,7.2,204,198,12.2,17.6,1,0.00,1029.6,1014.7
2021-12-14T10:00,3.6,0.00,99,3.4,1.1,0.00,0.01,0.00,3,100,99,9,100,6.1,218,208,8.7,15.8,1,0.00,1029.8,1014.9
2021-12-14T11:00,4.3,0.00,98,4.1,1.9,0.00,0.01,0.00,3,100,100,35,100,7.1,208,204,10.6,16.2,1,0.00,1029.7,1014.9
2021-12-14T12:00,4.7,0.00,98,4.4,2.3,0.00,0.00,0.00,3,100,100,0,100,6.9,234,227,9.8,16.6,1,0.00,1029.7,1014.9
2021-12-14T13:00,5.8,0.00,98,5.5,4.1,0.00,0.00,0.00,3,100,100,25,100,4.2,231,211,6.9,16.2,1,0.00,1029.0,1014.3
2021-12-14T14:00,6.6,0.00,97,6.1,4.8,0.00,0.00,0.00,3,100,100,17,100,5.1,247,225,9.4,11.5,1,0.00,1028.6,1013.9
2021-12-14T15:00,7.0,0.00,97,6.5,5.3,0.00,0.00,0.00,3,100,100,12,100,5.2,268,254,10.1,11.9,1,0.00,1029.0,1014.3
2021-12-14T16:00,6.9,0.10,97,6.4,5.3,0.10,0.00,0.00,51,100,100,1,100,4.3,282,270,10.3,11.2,1,0.00,1029.4,1014.7
2021-12-14T17:00,6.6,0.00,97,6.2,5.1,0.00,0.00,0.00,3,100,100,5,100,3.8,281,253,9.5,9.4,0,0.00,1030.2,1015.5
2021-12-14T18:00,6.5,0.00,97,6.0,4.6,0.00,0.00,0.00,3,100,100,0,100,5.7,254,235,12.0,10.8,0,0.00,1030.1,1015.4
2021-12-14T19:00,6.3,0.00,97,5.8,4.6,0.00,0.00,0.00,3,100,100,0,100,4.5,261,241,10.9,11.2,0,0.00,1030.4,1015.7
2021-12-14T20:00,6.0,0.00,98,5.7,4.5,0.00,0.00,0.00,3,100,100,0,100,2.6,261,214,7.3,8.6,0,0.00,1030.6,1015.8
2021-12-14T21:00,5.8,0.00,99,5.6,4.5,0.00,0.00,0.00,3,100,100,0,100,1.8,266,191,5.1,4.7,0,0.00,1031.0,1016.2
2021-12-14T22:00,5.6,0.00,99,5.5,4.2,0.00,0.00,0.00,3,100,100,0,100,1.8,276,191,3.6,4.0,0,0.00,1031.3,1016.5
2021-12-14T23:00,5.6,0.00,99,5.5,4.3,0.00,0.00,0.00,3,100,100,0,100,1.4,270,180,2.2,3.2,0,0.00,1031.7,1016.9
2021-12-15T00:00,5.5,0.00,99,5.4,4.2,0.00,0.00,0.00,3,100,100,0,100,1.5,278,194,2.5,2.9,0,0.00,1031.9,1017.1
2021-12-15T01:00,5.3,0.00,98,5.0,3.5,0.00,0.00,0.00,3,100,100,0,100,4.0,321,5,7.4,3.6,0,0.00,1032.1,1017.3
2021-12-15T02:00,5.2,0.00,97,4.7,3.6,0.00,0.00,0.00,3,100,100,5,99,2.3,360,72,4.3,7.2,0,0.00,1032.2,1017.4
2021-12-15T03:00,4.9,0.00,97,4.5,3.2,0.00,0.00,0.00,3,100,100,0,90,2.4,146,117,1.3,5.4,0,0.00,1032.1,1017.3
2021-12-15T04:00,3.8,0.00,99,3.7,1.9,0.00,0.00,0.00,3,100,100,0,100,2.7,186,113,3.6,5.8,0,0.00,1032.1,1017.2
2021-12-15T05:00,3.9,0.00,98,3.7,2.0,0.00,0.00,0.00,3,100,100,1,100,3.1,184,111,5.1,6.5,0,0.00,1032.2,1017.3
2021-12-15T06:00,3.8,0.00,99,3.7,1.8,0.00,0.00,0.00,3,100,99,0,100,3.4,176,108,4.7,5.8,0,0.00,1032.3,1017.4
2021-12-15T07:00,3.8,0.00,99,3.6,1.6,0.00,0.00,0.00,3,100,42,0,100,4.3,183,132,6.5,6.1,0,0.00,1032.6,1017.7
2021-12-15T08:00,3.6,0.00,100,3.6,1.7,0.00,0.00,0.00,3,96,68,0,87,3.1,183,126,6.8,6.5,0,0.00,1033.1,1018.2
2021-12-15T09:00,4.2,0.00,99,4.1,2.3,0.00,0.00,0.00,3,100,93,0,100,3.4,184,108,5.1,5.8,1,0.00,1033.7,1018.8
2021-12-15T10:00,4.8,0.00,99,4.7,3.2,0.00,0.00,0.00,3,100,96,0,100,2.4,180,117,2.9,8.3,1,0.00,1034.0,1019.1
2021-12-15T11:00,6.1,0.00,95,5.4,4.5,0.00,0.00,0.00,3,87,1,1,86,2.9,146,120,2.6,10.1,1,960.06,1033.9,1019.1
2021-12-15T12:00,7.1,0.00,91,5.7,5.6,0.00,0.00,0.00,2,78,0,2,78,2.7,150,157,2.9,10.1,1,3204.17,1033.6,1018.9
2021-12-15T13:00,6.6,0.00,90,5.1,4.7,0.00,0.00,0.00,3,89,0,2,98,5.2,144,146,6.7,10.8,1,533.85,1033.9,1019.1
2021-12-15T14:00,7.1,0.00,85,4.8,5.3,0.00,0.00,0.00,3,100,0,1,100,3.7,146,151,5.2,13.3,1,2438.55,1033.5,1018.8
2021-12-15T15:00,7.1,0.00,84,4.6,5.1,0.00,0.00,0.00,3,100,0,0,100,5.2,145,146,7.0,11.2,1,0.00,1033.4,1018.7
2021-12-15T16:00,6.7,0.00,91,5.3,5.1,0.00,0.00,0.00,3,98,6,0,98,3.1,152,159,6.9,11.5,1,0.00,1033.4,1018.6
2021-12-15T17:00,6.7,0.00,86,4.5,5.0,0.00,0.00,0.00,3,100,100,0,100,2.5,166,172,4.5,5.4,0,0.00,1033.7,1018.9
2021-12-15T18:00,6.2,0.00,89,4.5,4.7,0.00,0.00,0.00,3,100,91,0,100,1.5,174,135,3.3,2.9,0,0.00,1033.9,1019.1
2021-12-15T19:00,5.7,0.00,93,4.6,3.9,0.00,0.00,0.00,2,72,7,0,70,3.3,158,131,6.6,6.1,0,0.00,1034.2,1019.4
2021-12-15T20:00,5.0,0.00,95,4.3,3.4,0.00,0.00,0.00,2,53,0,2,53,1.6,180,63,2.9,6.8,0,0.00,1034.4,1019.5
2021-12-15T21:00,3.9,0.00,97,3.4,2.0,0.00,0.00,0.00,3,88,0,1,88,2.3,304,51,1.3,4.7,0,0.00,1034.9,1020.0
2021-12-15T22:00,4.4,0.00,96,3.8,2.6,0.00,0.00,0.00,3,100,0,0,100,1.8,202,90,1.9,4.7,0,0.00,1035.1,1020.2
2021-12-15T23:00,4.7,0.00,96,4.1,2.9,0.00,0.00,0.00,3,100,0,0,100,2.6,191,124,3.7,4.0,0,0.00,1035.4,1020.5
2021-12-16T00:00,5.0,0.00,95,4.3,3.1,0.00,0.00,0.00,3,100,0,0,100,3.3,190,139,6.2,5.4,0,0.00,1035.3,1020.4
2021-12-16T01:00,5.1,0.00,93,4.1,2.8,0.00,0.00,0.00,3,94,0,0,98,6.0,182,155,11.9,5.4,0,0.00,1035.7,1020.8
2021-12-16T02:00,5.1,0.00,94,4.2,3.1,0.00,0.00,0.00,2,74,0,0,74,4.2,184,160,11.2,11.5,0,0.00,1035.9,1021.0
2021-12-16T03:00,4.7,0.00,96,4.1,2.8,0.00,0.00,0.00,3,85,0,0,85,3.3,182,139,8.6,7.6,0,0.00,1036.2,1021.3
2021-12-16T04:00,4.4,0.00,96,3.8,2.4,0.00,0.00,0.00,3,87,0,0,87,3.8,182,139,8.3,6.5,0,0.00,1035.8,1020.9
2021-12-16T05:00,4.6,0.00,96,4.0,2.6,0.00,0.00,0.00,3,98,0,0,98,3.4,193,122,6.3,6.5,0,0.00,1035.8,1020.9
2021-12-16T06:00,4.7,0.00,95,4.0,2.9,0.00,0.00,0.00,3,97,0,0,97,2.3,185,108,4.0,5.4,0,0.00,1035.9,1021.0
2021-12-16T07:00,5.1,0.00,93,4.1,2.8,0.00,0.00,0.00,3,85,0,1,85,5.6,186,153,10.1,10.1,0,0.00,1036.4,1021.5
2021-12-16T08:00,4.2,0.00,97,3.7,2.2,0.00,0.00,0.00,3,100,0,0,100,3.6,177,135,7.9,10.1,0,0.00,1037.0,1022.1
2021-12-16T09:00,5.1,0.00,95,4.3,2.9,0.00,0.00,0.00,3,100,0,0,100,5.4,172,138,7.6,9.4,1,0.00,1037.6,1022.7
2021-12-16T10:00,5.5,0.00,94,4.6,3.5,0.00,0.00,0.00,3,100,0,0,100,5.1,169,141,7.7,10.1,1,0.00,1037.8,1022.9
2021-12-16T11:00,6.3,0.00,92,5.1,4.7,0.00,0.00,0.00,2,52,0,0,52,2.2,174,171,3.6,10.1,1,314.54,1038.4,1023.5
2021-12-16T12:00,7.2,0.00,90,5.7,5.8,0.00,0.00,0.00,0,13,0,0,13,2.1,214,211,2.6,8.6,1,3600.00,1038.2,1023.4
2021-12-16T13:00,7.9,0.00,83,5.1,6.5,0.00,0.00,0.00,0,7,0,68,30,1.1,270,270,1.4,9.0,1,3600.00,1038.2,1023.4
2021-12-16T14:00,8.2,0.00,81,5.2,6.6,0.00,0.00,0.00,0,3,0,0,2,2.4,300,297,2.9,8.3,1,3600.00,1038.0,1023.3
2021-12-16T15:00,8.1,0.00,83,5.4,6.5,0.00,0.00,0.00,0,0,0,0,0,3.1,346,339,4.5,9.0,1,3600.00,1037.9,1023.1
2021-12-16T16:00,7.8,0.00,83,5.1,6.0,0.00,0.00,0.00,1,32,19,27,3,4.0,16,350,6.4,7.2,1,2787.88,1038.2,1023.4
2021-12-16T17:00,7.1,0.00,86,4.9,5.2,0.00,0.00,0.00,3,88,0,39,87,4.3,19,5,6.5,7.9,0,0.00,1038.4,1023.6
2021-12-16T18:00,6.7,0.00,88,4.9,5.2,0.00,0.00,0.00,0,0,0,0,0,1.8,34,79,3.9,7.6,0,0.00,1038.2,1023.4
2021-12-16T19:00,5.5,0.00,93,4.5,3.9,0.00,0.00,0.00,2,78,0,62,41,1.9,56,112,1.3,5.0,0,0.00,1038.2,1023.3
2021-12-16T20:00,4.6,0.00,96,4.0,2.7,0.00,0.00,0.00,3,100,0,31,100,3.3,95,96,4.0,7.2,0,0.00,1038.8,1023.9
2021-12-16T21:00,4.6,0.00,97,4.1,2.6,0.00,0.00,0.00,3,100,0,16,100,4.0,101,95,5.5,8.6,0,0.00,1039.2,1024.2
2021-12-16T22:00,5.2,0.00,96,4.6,3.3,0.00,0.00,0.00,3,100,0,0,100,4.1,82,75,5.1,9.7,0,0.00,1039.4,1024.5
2021-12-16T23:00,5.5,0.00,95,4.8,3.7,0.00,0.00,0.00,3,100,0,0,100,3.7,45,61,6.6,8.6,0,0.00,1039.2,1024.3
2021-12-17T00:00,5.7,0.00,94,4.8,4.0,0.00,0.00,0.00,3,100,0,0,100,3.1,40,54,8.4,8.3,0,0.00,1039.3,1024.4
2021-12-17T01:00,5.8,0.00,94,4.8,3.8,0.00,0.00,0.00,3,85,0,0,100,4.7,70,86,10.7,8.3,0,0.00,1039.6,1024.7
2021-12-17T02:00,5.6,0.00,95,4.8,3.7,0.00,0.00,0.00,3,93,0,0,93,4.7,78,90,8.5,10.4,0,0.00,1039.3,1024.4
2021-12-17T03:00,4.9,0.00,96,4.3,2.8,0.00,0.00,0.00,1,28,0,0,28,4.9,74,73,9.0,9.4,0,0.00,1039.2,1024.3
2021-12-17T04:00,2.7,0.00,98,2.5,0.1,0.00,0.00,0.00,1,40,0,0,40,5.9,81,79,11.3,11.5,0,0.00,1039.0,1023.9
2021-12-17T05:00,3.8,0.00,96,3.2,1.3,0.00,0.00,0.00,3,90,0,0,90,5.9,77,76,15.9,12.6,0,0.00,1038.9,1023.9
2021-12-17T06:00,4.5,0.00,96,3.9,2.0,0.00,0.00,0.00,1,45,0,0,45,7.1,77,75,17.0,14.0,0,0.00,1038.7,1023.7
2021-12-17T07:00,3.9,0.00,95,3.2,1.1,0.00,0.00,0.00,0,15,0,0,15,8.2,77,75,19.2,16.6,0,0.00,1038.9,1023.9
2021-12-17T08:00,3.4,0.00,93,2.5,0.4,0.00,0.00,0.00,0,8,0,0,8,8.8,74,71,20.2,17.6,0,0.00,1039.4,1024.4
2021-12-17T09:00,3.8,0.00,92,2.7,0.7,0.00,0.00,0.00,1,40,0,0,40,10.0,75,75,21.2,19.8,1,60.17,1039.8,1024.8
2021-12-17T10:00,5.5,0.00,87,3.6,2.7,0.00,0.00,0.00,1,35,0,0,35,9.1,85,81,17.3,19.4,1,3600.00,1039.8,1024.9
2021-12-17T11:00,6.8,0.00,81,3.7,4.0,0.00,0.00,0.00,2,62,0,0,62,8.7,64,60,13.2,18.4,1,3600.00,1040.0,1025.2
2021-12-17T12:00,7.4,0.00,77,3.6,4.7,0.00,0.00,0.00,2,75,0,0,75,8.0,37,36,11.3,20.5,1,3600.00,1039.8,1025.0
2021-12-17T13:00,9.0,0.00,75,4.8,6.6,0.00,0.00,0.00,2,54,0,0,2,7.5,20,17,10.7,17.6,1,3600.00,1038.9,1024.2
2021-12-17T14:00,8.9,0.00,75,4.8,6.5,0.00,0.00,0.00,0,0,0,0,0,8.1,24,21,11.4,17.6,1,3600.00,1038.9,1024.2
2021-12-17T15:00,8.1,0.00,81,5.0,5.8,0.00,0.00,0.00,0,3,0,0,3,7.2,32,27,12.8,18.0,1,3600.00,1038.7,1023.9
2021-12-17T16:00,6.0,0.00,89,4.4,3.9,0.00,0.00,0.00,0,9,0,0,9,5.3,43,28,12.7,15.5,1,2801.90,1039.0,1024.1
2021-12-17T17:00,4.2,0.00,92,3.0,1.8,0.00,0.00,0.00,2,59,0,0,59,5.2,45,25,12.2,12.2,0,0.00,1039.0,1024.0
2021-12-17T18:00,4.8,0.00,92,3.6,2.4,0.00,0.00,0.00,2,52,0,0,52,6.1,35,28,12.7,12.6,0,0.00,1039.2,1024.3
2021-12-17T19:00,4.4,0.00,93,3.4,2.0,0.00,0.00,0.00,3,93,0,0,93,5.4,37,37,12.6,12.6,0,0.00,1039.3,1024.3
2021-12-17T20:00,5.2,0.00,91,3.9,2.9,0.00,0.00,0.00,3,100,0,0,100,5.9,45,52,13.2,13.0,0,0.00,1039.3,1024.4
2021-12-17T21:00,5.3,0.00,93,4.2,3.2,0.00,0.00,0.00,2,78,0,0,78,4.3,55,66,11.4,13.0,0,0.00,1039.2,1024.3
2021-12-17T22:00,4.6,0.00,95,3.9,2.5,0.00,0.00,0.00,3,86,0,0,86,4.5,70,76,10.7,10.1,0,0.00,1039.5,1024.5
2021-12-17T23:00,4.6,0.00,96,4.0,2.6,0.00,0.00,0.00,3,90,0,0,90,4.1,77,75,10.0,10.8,0,0.00,1039.6,1024.6
2021-12-18T00:00,4.4,0.00,97,3.9,2.3,0.00,0.00,0.00,3,88,0,0,88,4.0,85,85,8.3,9.4,0,0.00,1039.6,1024.6
2021-12-18T01:00,4.8,0.00,95,4.0,2.7,0.00,0.00,0.00,3,100,0,0,100,4.3,94,95,9.4,9.7,0,0.00,1039.5,1024.6
2021-12-18T02:00,4.4,0.00,97,3.9,2.5,0.00,0.00,0.00,3,100,0,0,100,3.1,98,111,7.6,9.4,0,0.00,1039.2,1024.2
2021-12-18T03:00,4.3,0.00,97,3.8,2.4,0.00,0.00,0.00,3,100,0,0,100,3.2,110,117,8.4,7.9,0,0.00,1039.4,1024.4
2021-12-18T04:00,4.2,0.00,97,3.7,2.3,0.00,0.00,0.00,3,100,0,0,100,2.8,124,130,7.8,7.6,0,0.00,1039.4,1024.4
2021-12-18T05:00,4.1,0.00,97,3.6,2.3,0.00,0.00,0.00,3,100,0,0,100,2.0,126,135,6.2,6.8,0,0.00,1039.5,1024.5
2021-12-18T06:00,3.9,0.00,97,3.5,2.2,0.00,0.00,0.00,3,100,0,0,100,1.1,135,270,0.5,6.1,0,0.00,1039.3,1024.3
2021-12-18T07:00,3.5,0.00,99,3.3,1.4,0.00,0.00,0.00,3,100,0,0,100,3.6,315,307,4.1,6.1,0,0.00,1039.4,1024.4
2021-12-18T08:00,3.8,0.00,98,3.6,2.1,0.00,0.00,0.00,3,100,0,0,100,1.5,349,76,3.7,6.5,0,0.00,1039.7,1024.7
2021-12-18T09:00,4.2,0.00,97,3.7,2.2,0.00,0.00,0.00,3,100,0,0,100,3.3,61,96,4.5,7.2,1,0.00,1039.8,1024.8
2021-12-18T10:00,5.0,0.00,92,3.9,2.8,0.00,0.00,0.00,3,100,0,0,100,5.1,90,86,8.6,11.5,1,0.00,1039.8,1024.9
2021-12-18T11:00,5.5,0.00,83,2.9,2.8,0.00,0.00,0.00,3,86,0,0,86,7.2,94,96,10.1,16.6,1,335.09,1039.6,1024.7
2021-12-18T12:00,5.8,0.00,80,2.7,3.0,0.00,0.00,0.00,3,100,0,0,100,7.2,90,90,9.7,16.9,1,1960.62,1038.8,1023.9
2021-12-18T13:00,5.2,0.00,83,2.6,2.7,0.00,0.00,0.00,3,100,0,0,100,5.9,74,76,7.9,16.9,1,240.35,1038.5,1023.6
2021-12-18T14:00,5.4,0.00,82,2.5,2.8,0.00,0.00,0.00,3,100,0,0,100,5.7,54,55,8.0,14.0,1,0.00,1038.0,1023.1
2021-12-18T15:00,5.8,0.00,79,2.4,3.3,0.00,0.00,0.00,3,100,0,0,100,5.6,62,63,7.7,13.7,1,407.12,1037.3,1022.4
2021-12-18T16:00,5.5,0.00,81,2.5,3.4,0.00,0.00,0.00,3,92,7,0,91,2.6,73,74,4.9,12.2,1,0.00,1037.3,1022.4
2021-12-18T17:00,4.5,0.00,83,1.9,2.4,0.00,0.00,0.00,1,46,0,0,46,2.3,37,39,3.6,5.4,0,0.00,1037.1,1022.2
2021-12-18T18:00,2.3,0.00,92,1.1,-0.2,0.00,0.00,0.00,1,32,0,0,32,3.8,23,41,4.7,6.8,0,0.00,1037.1,1022.1
2021-12-18T19:00,1.9,0.00,95,1.2,-0.5,0.00,0.00,0.00,2,69,1,0,69,3.5,52,66,5.9,7.6,0,0.00,1037.1,1022.0
2021-12-18T20:00,2.6,0.00,93,1.6,0.2,0.00,0.00,0.00,2,77,0,0,77,3.3,90,103,6.8,7.2,0,0.00,1036.8,1021.8
2021-12-18T21:00,2.8,0.00,93,1.7,0.6,0.00,0.00,0.00,3,100,0,0,100,2.2,107,99,4.9,7.6,0,0.00,1036.8,1021.8
2021-12-18T22:00,3.1,0.00,92,1.9,1.0,0.00,0.00,0.00,3,100,0,0,100,1.8,135,127,2.5,6.5,0,0.00,1036.6,1021.6
2021-12-18T23:00,3.2,0.00,92,2.0,1.0,0.00,0.00,0.00,3,100,0,0,100,2.5,190,180,4.0,5.0,0,0.00,1036.5,1021.5
2021-12-19T00:00,3.2,0.00,92,2.0,1.0,0.00,0.00,0.00,3,100,0,0,100,2.7,222,203,5.4,5.4,0,0.00,1036.3,1021.3
2021-12-19T01:00,2.9,0.00,93,1.9,0.7,0.00,0.00,0.00,3,100,0,0,100,2.6,297,286,4.8,4.7,0,0.00,1036.2,1021.2
2021-12-19T02:00,3.0,0.00,93,2.0,0.9,0.00,0.00,0.00,3,100,0,0,100,2.2,298,279,5.3,5.8,0,0.00,1035.7,1020.7
2021-12-19T03:00,3.2,0.00,93,2.2,1.3,0.00,0.00,0.00,3,100,0,0,100,0.8,307,243,3.6,5.4,0,0.00,1035.4,1020.4
2021-12-19T04:00,3.3,0.00,93,2.3,1.1,0.00,0.00,0.00,3,100,0,0,100,2.5,265,225,4.0,5.8,0,0.00,1035.0,1020.0
2021-12-19T05:00,3.2,0.00,94,2.4,1.0,0.00,0.00,0.00,3,100,0,0,100,3.6,264,233,6.9,7.9,0,0.00,1034.5,1019.5
2021-12-19T06:00,3.2,0.00,95,2.5,0.9,0.00,0.00,0.00,3,100,0,0,100,4.4,263,235,8.7,9.4,0,0.00,1034.0,1019.0
2021-12-19T07:00,3.2,0.00,96,2.6,0.8,0.00,0.00,0.00,3,100,0,0,100,5.1,263,225,9.4,9.7,0,0.00,1033.7,1018.8
2021-12-19T08:00,3.3,0.00,97,2.8,0.8,0.00,0.00,0.00,3,100,0,0,100,5.8,270,248,11.2,11.2,0,0.00,1033.3,1018.4
2021-12-19T09:00,3.7,0.00,96,3.1,1.2,0.00,0.00,0.00,3,100,0,0,100,6.2,279,260,11.3,11.9,1,0.00,1033.2,1018.3
2021-12-19T10:00,4.2,0.00,96,3.5,1.6,0.00,0.00,0.00,3,100,0,0,100,7.3,261,250,12.0,15.1,1,0.00,1032.7,1017.8
2021-12-19T11:00,4.7,0.00,94,3.8,2.0,0.00,0.00,0.00,3,100,0,0,100,8.2,258,255,12.5,18.0,1,0.00,1032.2,1017.4
2021-12-19T12:00,5.1,0.00,93,4.0,2.3,0.00,0.00,0.00,3,100,0,0,100,9.9,261,260,13.8,20.9,1,0.00,1031.3,1016.5
2021-12-19T13:00,5.1,0.10,86,2.9,2.1,0.10,0.00,0.00,51,100,0,0,100,9.0,272,268,12.6,22.3,1,0.00,1030.6,1015.8
2021-12-19T14:00,5.4,0.00,84,2.9,2.4,0.00,0.00,0.00,3,100,0,0,100,9.5,265,261,13.4,20.5,1,0.00,1029.5,1014.7
2021-12-19T15:00,5.7,0.00,83,3.0,2.6,0.00,0.00,0.00,3,100,0,0,100,9.7,270,266,14.8,21.2,1,0.00,1028.9,1014.2
2021-12-19T16:00,5.4,0.00,86,3.2,2.8,0.00,0.00,0.00,3,100,0,0,100,6.5,249,236,13.1,21.2,1,0.00,1028.4,1013.6
2021-12-19T17:00,4.8,0.00,89,3.1,2.2,0.00,0.00,0.00,3,100,0,0,100,6.8,253,238,13.9,14.0,0,0.00,1028.1,1013.3
2021-12-19T18:00,4.1,0.00,93,3.1,1.6,0.00,0.00,0.00,3,100,61,0,100,6.0,270,253,14.4,14.0,0,0.00,1027.7,1012.9
2021-12-19T19:00,3.8,0.00,96,3.1,1.4,0.00,0.00,0.00,3,89,60,0,73,5.0,308,291,14.1,13.0,0,0.00,1027.8,1013.0
2021-12-19T20:00,3.7,0.00,96,3.0,1.2,0.00,0.00,0.00,3,100,8,0,100,6.1,318,298,15.5,13.7,0,0.00,1027.7,1012.9
2021-12-19T21:00,4.1,0.00,94,3.2,1.3,0.00,0.00,0.00,3,100,0,0,100,8.2,313,299,15.8,17.3,0,0.00,1027.7,1012.9
2021-12-19T22:00,4.4,0.00,94,3.4,1.8,0.00,0.00,0.00,3,100,2,0,100,7.0,305,291,13.2,17.3,0,0.00,1027.9,1013.1
2021-12-19T23:00,4.4,0.00,94,3.5,1.8,0.00,0.00,0.00,3,100,10,0,100,7.0,305,291,13.7,15.1,0,0.00,1027.6,1012.8
2021-12-20T00:00,4.4,0.00,94,3.5,1.9,0.00,0.00,0.00,3,85,0,0,85,6.3,314,301,12.5,15.1,0,0.00,1027.2,1012.4
2021-12-20T01:00,5.2,0.00,92,4.0,2.5,0.00,0.00,0.00,3,98,0,0,86,8.3,306,288,14.7,13.3,0,0.00,1027.0,1012.3
2021-12-20T02:00,4.6,0.00,95,3.8,2.5,0.00,0.00,0.00,3,100,0,0,100,4.7,295,274,9.5,16.6,0,0.00,1026.7,1011.9
2021-12-20T03:00,3.9,0.10,98,3.5,1.7,0.10,0.00,0.00,51,100,64,0,100,4.5,258,241,11.8,9.7,0,0.00,1026.4,1011.6
2021-12-20T04:00,4.1,0.10,97,3.7,1.7,0.10,0.00,0.00,51,100,63,0,100,6.1,245,220,11.9,11.5,0,0.00,1026.3,1011.5
2021-12-20T05:00,4.1,0.00,97,3.6,2.0,0.00,0.00,0.00,3,100,21,0,100,4.0,274,260,9.4,11.5,0,0.00,1026.1,1011.3
2021-12-20T06:00,4.1,0.00,98,3.8,1.9,0.00,0.00,0.00,3,89,0,0,89,4.8,337,333,12.1,10.8,0,0.00,1026.2,1011.4
2021-12-20T07:00,4.2,0.00,97,3.8,1.8,0.00,0.00,0.00,1,49,0,1,48,6.5,9,3,14.6,13.3,0,0.00,1026.5,1011.7
2021-12-20T08:00,3.4,0.00,96,2.7,0.8,0.00,0.00,0.00,2,58,0,2,58,6.4,22,16,15.5,13.7,0,0.00,1026.8,1012.0
2021-12-20T09:00,2.9,0.00,94,2.1,0.2,0.00,0.00,0.00,0,13,0,0,13,6.1,46,45,15.5,13.3,1,0.00,1027.3,1012.4
2021-12-20T10:00,4.0,0.00,91,2.7,1.3,0.00,0.00,0.00,0,2,0,0,2,7.0,77,69,14.8,13.7,1,3600.00,1027.6,1012.8
2021-12-20T11:00,5.1,0.00,82,2.3,2.4,0.00,0.00,0.00,0,9,0,0,9,6.5,90,87,10.4,15.1,1,3600.00,1027.8,1013.0
2021-12-20T12:00,5.8,0.00,75,1.7,2.9,0.00,0.00,0.00,1,42,0,0,42,6.9,86,84,9.4,16.6,1,3600.00,1027.5,1012.8
2021-12-20T13:00,6.4,0.00,75,2.2,3.9,0.00,0.00,0.00,1,42,0,0,35,5.4,49,48,7.1,16.2,1,3600.00,1027.2,1012.5
2021-12-20T14:00,6.5,0.00,67,0.8,3.6,0.00,0.00,0.00,2,75,0,0,75,5.9,59,52,7.6,14.0,1,3600.00,1026.9,1012.2
2021-12-20T15:00,6.0,0.00,66,0.0,3.2,0.00,0.00,0.00,2,52,0,0,52,4.6,58,51,8.9,14.4,1,3600.00,1026.8,1012.1
2021-12-20T16:00,3.6,0.00,76,-0.2,0.7,0.00,0.00,0.00,0,1,0,0,1,5.1,61,51,11.9,10.4,1,2867.05,1027.0,1012.2
2021-12-20T17:00,1.4,0.00,81,-1.5,-1.9,0.00,0.00,0.00,0,0,0,0,0,6.3,67,59,14.8,12.6,0,0.00,1027.0,1012.0
2021-12-20T18:00,0.3,0.00,84,-2.1,-3.3,0.00,0.00,0.00,0,0,0,0,0,7.4,68,61,16.3,14.8,0,0.00,1027.2,1012.2
2021-12-20T19:00,-0.5,0.00,84,-2.8,-4.2,0.00,0.00,0.00,0,0,0,0,0,8.4,69,65,17.8,16.2,0,0.00,1027.3,1012.2
2021-12-20T20:00,-0.9,0.00,84,-3.2,-4.7,0.00,0.00,0.00,0,0,0,0,0,8.2,68,67,19.1,16.9,0,0.00,1027.5,1012.4
2021-12-20T21:00,-1.2,0.00,83,-3.7,-5.0,0.00,0.00,0.00,0,0,0,0,0,8.0,74,72,19.1,16.6,0,0.00,1027.6,1012.5
2021-12-20T22:00,-1.5,0.00,82,-4.2,-5.3,0.00,0.00,0.00,0,2,2,0,0,7.8,79,77,19.4,16.2,0,0.00,1027.5,1012.4
2021-12-20T23:00,-1.5,0.00,82,-4.2,-5.3,0.00,0.00,0.00,0,11,11,0,0,7.8,80,77,20.5,16.2,0,0.00,1027.4,1012.3
2021-12-21T00:00,-1.6,0.00,83,-4.1,-5.3,0.00,0.00,0.00,0,10,10,0,0,6.9,83,81,20.0,16.2,0,0.00,1027.3,1012.2
2021-12-21T01:00,-1.3,0.00,83,-3.8,-5.0,0.00,0.00,0.00,1,43,4,0,0,7.2,92,90,21.3,14.8,0,0.00,1027.1,1012.0
2021-12-21T02:00,-1.7,0.00,83,-4.1,-5.3,0.00,0.00,0.00,1,25,25,0,0,6.5,91,84,19.8,16.2,0,0.00,1026.9,1011.8
2021-12-21T03:00,-2.6,0.00,85,-4.8,-6.4,0.00,0.00,0.00,1,47,47,0,0,7.1,91,75,16.2,14.4,0,0.00,1026.6,1011.4
2021-12-21T04:00,-3.3,0.00,87,-5.2,-7.3,0.00,0.00,0.00,1,35,35,0,0,7.9,93,74,13.3,13.3,0,0.00,1026.5,1011.3
2021-12-21T05:00,-3.2,0.00,86,-5.1,-7.0,0.00,0.00,0.00,0,0,0,0,0,6.7,92,74,13.7,13.3,0,0.00,1026.5,1011.3
2021-12-21T06:00,-2.9,0.00,86,-4.9,-6.6,0.00,0.00,0.00,0,0,0,0,0,5.8,95,83,15.9,12.2,0,0.00,1026.3,1011.1
2021-12-21T07:00,-3.0,0.00,87,-4.9,-6.7,0.00,0.00,0.00,0,0,0,0,0,6.2,96,80,16.7,12.6,0,0.00,1026.3,1011.1
2021-12-21T08:00,-3.5,0.00,87,-5.3,-7.3,0.00,0.00,0.00,0,0,0,0,0,7.1,94,75,15.2,12.6,0,0.00,1026.5,1011.3
2021-12-21T09:00,-2.4,0.00,87,-4.3,-5.8,0.00,0.00,0.00,0,0,0,0,0,4.8,93,77,14.1,12.6,1,23.15,1026.7,1011.5
2021-12-21T10:00,-0.2,0.00,82,-2.9,-3.5,0.00,0.00,0.00,0,0,0,0,0,5.6,91,63,14.0,11.9,1,3600.00,1026.8,1011.8
2021-12-21T11:00,1.4,0.00,76,-2.5,-1.7,0.00,0.00,0.00,0,0,0,0,0,3.8,85,73,7.6,12.2,1,3600.00,1026.7,1011.8
2021-12-21T12:00,2.5,0.00,72,-2.0,-0.5,0.00,0.00,0.00,0,0,0,0,0,4.1,80,75,6.2,12.2,1,3600.00,1026.3,1011.4
2021-12-21T13:00,3.7,0.00,54,-4.7,-0.0,0.00,0.00,0.00,0,0,0,0,0,6.4,76,74,8.9,13.0,1,3600.00,1025.6,1010.8
2021-12-21T14:00,4.0,0.00,50,-5.5,0.2,0.00,0.00,0.00,0,0,0,0,0,6.5,61,56,9.0,15.8,1,3600.00,1025.4,1010.6
2021-12-21T15:00,3.4,0.00,53,-5.4,-0.2,0.00,0.00,0.00,0,0,0,0,0,5.3,65,62,11.9,15.1,1,3600.00,1025.1,1010.3
2021-12-21T16:00,0.2,0.00,67,-5.2,-3.5,0.00,0.00,0.00,0,0,0,0,0,6.1,77,62,15.5,11.9,1,2896.16,1025.1,1010.1
2021-12-21T17:00,-1.1,0.00,75,-5.0,-5.2,0.00,0.00,0.00,0,0,0,0,0,8.6,82,75,21.1,16.9,0,0.00,1025.5,1010.4
2021-12-21T18:00,-1.6,0.00,79,-4.7,-5.8,0.00,0.00,0.00,0,0,0,0,0,10.2,84,82,24.3,20.2,0,0.00,1025.8,1010.7
2021-12-21T19:00,-1.7,0.00,81,-4.5,-5.9,0.00,0.00,0.00,0,0,0,0,0,9.8,88,84,24.5,20.9,0,0.00,1026.2,1011.1
2021-12-21T20:00,-1.9,0.00,82,-4.5,-6.0,0.00,0.00,0.00,0,0,0,0,0,9.4,92,88,23.4,20.2,0,0.00,1026.6,1011.5
2021-12-21T21:00,-2.1,0.00,83,-4.6,-6.1,0.00,0.00,0.00,0,0,0,0,0,8.6,97,92,22.1,19.1,0,0.00,1026.8,1011.7
2021-12-21T22:00,-2.5,0.00,84,-4.9,-6.4,0.00,0.00,0.00,0,0,0,0,0,7.7,101,101,20.9,17.6,0,0.00,1027.2,1012.0
2021-12-21T23:00,-2.9,0.00,85,-5.1,-6.8,0.00,0.00,0.00,0,0,0,0,0,7.2,100,96,20.1,16.2,0,0.00,1027.5,1012.3
2021-12-22T00:00,-3.0,0.00,85,-5.2,-7.0,0.00,0.00,0.00,0,0,0,0,0,8.0,101,100,20.5,16.2,0,0.00,1027.6,1012.4
2021-12-22T01:00,-2.4,0.00,86,-4.4,-6.4,0.00,0.00,0.00,0,0,0,0,0,9.0,107,106,21.1,16.6,0,0.00,1027.6,1012.4
2021-12-22T02:00,-3.0,0.00,87,-4.8,-7.1,0.00,0.00,0.00,0,0,0,0,0,9.0,109,106,20.9,18.7,0,0.00,1027.4,1012.2
2021-12-22T03:00,-3.3,0.00,87,-5.1,-7.2,0.00,0.00,0.00,0,0,0,0,0,8.0,103,95,19.9,18.0,0,0.00,1027.7,1012.5
2021-12-22T04:00,-3.5,0.00,87,-5.4,-7.5,0.00,0.00,0.00,0,0,0,0,0,8.0,102,95,19.8,16.6,0,0.00,1027.8,1012.6
2021-12-22T05:00,-3.5,0.00,86,-5.5,-7.7,0.00,0.00,0.00,0,0,0,0,0,8.8,103,99,21.0,18.0,0,0.00,1027.7,1012.5
2021-12-22T06:00,-3.5,0.00,86,-5.5,-7.8,0.00,0.00,0.00,0,0,0,0,0,9.5,102,101,22.5,19.1,0,0.00,1027.4,1012.2
2021-12-22T07:00,-3.5,0.00,86,-5.5,-7.8,0.00,0.00,0.00,0,0,0,0,0,9.6,104,103,23.0,20.2,0,0.00,1027.5,1012.3
2021-12-22T08:00,-3.6,0.00,86,-5.6,-7.7,0.00,0.00,0.00,2,52,52,0,0,8.6,105,105,21.6,20.2,0,0.00,1027.8,1012.6
2021-12-22T09:00,-3.2,0.00,84,-5.5,-7.5,0.00,0.00,0.00,0,6,6,0,0,9.7,107,105,21.4,19.4,1,9.13,1027.9,1012.7
2021-12-22T10:00,-1.5,0.00,75,-5.4,-5.8,0.00,0.00,0.00,1,31,31,0,0,9.6,108,103,24.6,20.9,1,3600.00,1027.8,1012.7
2021-12-22T11:00,0.1,0.00,67,-5.3,-4.2,0.00,0.00,0.00,0,0,0,0,0,10.1,107,107,16.2,23.8,1,3600.00,1027.4,1012.4
2021-12-22T12:00,1.4,0.00,61,-5.3,-2.9,0.00,0.00,0.00,1,26,26,0,0,10.6,109,108,15.3,24.8,1,3600.00,1026.7,1011.8
2021-12-22T13:00,1.3,0.00,67,-4.2,-2.6,0.00,0.00,0.00,1,47,5,0,2,8.2,112,113,11.3,24.5,1,3600.00,1026.3,1011.4
2021-12-22T14:00,1.7,0.00,64,-4.4,-2.1,0.00,0.00,0.00,1,42,42,0,0,7.3,108,110,10.2,19.4,1,3600.00,1026.0,1011.1
2021-12-22T15:00,1.3,0.00,66,-4.4,-2.4,0.00,0.00,0.00,3,100,100,0,0,6.6,110,112,11.8,17.6,1,3600.00,1025.3,1010.4
2021-12-22T16:00,-1.5,0.00,81,-4.4,-5.1,0.00,0.00,0.00,3,100,100,0,0,5.7,109,108,14.1,13.7,1,2425.37,1025.3,1010.2
2021-12-22T17:00,-2.6,0.00,83,-5.0,-6.3,0.00,0.00,0.00,3,99,99,0,0,6.5,108,96,17.1,13.0,0,0.00,1025.1,1010.0
2021-12-22T18:00,-3.1,0.00,85,-5.3,-7.0,0.00,0.00,0.00,3,90,90,0,0,7.3,116,101,18.8,15.1,0,0.00,1024.5,1009.3
2021-12-22T19:00,-3.3,0.00,85,-5.4,-7.4,0.00,0.00,0.00,3,95,95,0,0,9.0,116,106,20.8,17.3,0,0.00,1024.2,1009.0
2021-12-22T20:00,-3.5,0.00,86,-5.5,-7.7,0.00,0.00,0.00,2,69,69,0,0,9.6,117,110,22.2,19.1,0,0.00,1023.7,1008.5
2021-12-22T21:00,-3.8,0.00,86,-5.7,-8.0,0.00,0.00,0.00,2,60,60,0,0,9.3,114,106,21.7,19.1,0,0.00,1023.2,1008.0
2021-12-22T22:00,-4.3,0.00,87,-6.1,-8.2,0.00,0.00,0.00,3,100,100,0,0,7.2,115,108,18.2,18.7,0,0.00,1023.1,1007.9
2021-12-22T23:00,-4.3,0.00,87,-6.1,-8.2,0.00,0.00,0.00,3,100,100,0,0,7.0,120,111,17.4,14.0,0,0.00,1023.3,1008.1
2021-12-23T00:00,-4.2,0.00,88,-5.9,-8.4,0.00,0.00,0.00,3,100,100,0,0,9.0,126,119,20.4,17.3,0,0.00,1023.0,1007.8
2021-12-23T01:00,-4.5,0.00,91,-5.7,-8.7,0.00,0.00,0.00,3,100,100,2,0,9.2,140,132,18.9,18.4,0,0.00,1022.5,1007.3
2021-12-23T02:00,-4.9,0.00,91,-6.1,-8.8,0.00,0.00,0.00,3,100,100,27,0,7.2,147,127,15.9,18.4,0,0.00,1021.8,1006.6
2021-12-23T03:00,-4.4,0.00,90,-5.8,-8.3,0.00,0.00,0.00,3,100,100,68,6,7.0,159,125,13.9,14.8,0,0.00,1021.3,1006.1
2021-12-23T04:00,-3.8,0.00,88,-5.5,-7.7,0.00,0.00,0.00,3,100,100,92,7,7.7,155,131,14.3,15.5,0,0.00,1020.5,1005.4
2021-12-23T05:00,-3.5,0.00,87,-5.4,-7.3,0.00,0.00,0.00,3,100,100,25,2,6.6,150,119,11.6,15.5,0,0.00,1020.1,1005.0
2021-12-23T06:00,-3.8,0.00,88,-5.5,-7.8,0.00,0.00,0.00,3,100,100,0,8,8.2,165,128,15.6,16.9,0,0.00,1019.0,1003.9
2021-12-23T07:00,-4.3,0.00,87,-6.2,-8.2,0.00,0.00,0.00,3,100,100,42,6,6.9,181,129,16.2,16.6,0,0.00,1018.8,1003.7
2021-12-23T08:00,-3.1,0.00,80,-6.1,-7.1,0.00,0.00,0.00,3,100,100,100,3,7.1,184,135,16.2,16.6,0,0.00,1018.4,1003.3
2021-12-23T09:00,-1.8,0.00,73,-6.0,-6.0,0.00,0.00,0.00,3,100,100,5,1,9.3,182,144,18.0,18.7,1,0.00,1018.1,1003.1
2021-12-23T10:00,-0.6,0.00,67,-6.0,-4.8,0.00,0.00,0.00,3,100,100,59,0,9.3,198,152,17.1,19.1,1,0.00,1017.8,1002.9
2021-12-23T11:00,1.0,0.00,61,-5.7,-3.3,0.00,0.00,0.00,3,100,100,59,0,9.8,210,156,22.4,21.2,1,0.00,1017.2,1002.4
2021-12-23T12:00,2.4,0.00,58,-5.0,-2.0,0.00,0.00,0.00,3,100,100,100,0,11.3,217,163,25.7,22.7,1,0.00,1016.4,1001.7
2021-12-23T13:00,1.1,0.00,74,-3.0,-2.5,0.00,0.00,0.00,3,100,100,87,4,7.1,213,139,23.2,25.6,1,0.00,1016.0,1001.2
2021-12-23T14:00,2.1,0.00,72,-2.4,-1.8,0.00,0.00,0.00,3,100,100,100,29,10.1,215,182,22.8,21.2,1,0.00,1015.1,1000.4
2021-12-23T15:00,3.1,0.00,76,-0.7,-1.0,0.00,0.00,0.00,3,100,100,59,100,12.7,216,205,26.8,27.0,1,0.00,1014.1,999.4
2021-12-23T16:00,4.0,0.00,77,0.2,-0.1,0.00,0.00,0.00,3,100,100,100,46,13.8,215,208,28.7,31.0,1,0.00,1013.5,998.9
2021-12-23T17:00,3.8,0.00,80,0.7,-0.3,0.00,0.00,0.00,3,100,100,32,100,14.4,220,212,29.9,31.3,0,0.00,1013.2,998.6
2021-12-23T18:00,3.7,0.00,83,1.1,-0.2,0.00,0.00,0.00,3,100,93,49,100,12.9,220,210,28.3,31.3,0,0.00,1012.7,998.1
2021-12-23T19:00,4.0,0.20,86,1.9,0.2,0.20,0.00,0.00,51,100,99,71,100,13.8,227,219,29.3,29.5,0,0.00,1012.5,997.9
2021-12-23T20:00,4.2,0.00,88,2.4,0.3,0.00,0.00,0.00,3,100,72,20,100,14.9,224,212,30.6,31.7,0,0.00,1012.4,997.8
2021-12-23T21:00,4.3,0.00,90,2.7,0.4,0.00,0.00,0.00,3,99,96,68,54,15.0,221,207,30.4,31.7,0,0.00,1012.5,997.9
2021-12-23T22:00,4.2,0.10,90,2.7,0.2,0.10,0.00,0.00,51,100,47,100,75,15.8,218,204,32.0,32.4,0,0.00,1012.6,998.0
2021-12-23T23:00,4.6,0.00,88,2.9,0.4,0.00,0.00,0.00,3,100,12,100,24,17.6,217,208,33.9,36.7,0,0.00,1012.5,997.9
2021-12-24T00:00,4.6,0.00,87,2.7,0.4,0.00,0.00,0.00,3,100,7,100,15,17.5,219,212,34.3,37.1,0,0.00,1012.0,997.4
2021-12-24T01:00,4.3,0.10,92,3.1,0.9,0.10,0.00,0.00,51,100,99,100,50,12.3,233,232,29.3,37.1,0,0.00,1011.0,996.4
2021-12-24T02:00,5.4,0.10,89,3.7,1.7,0.10,0.00,0.00,51,100,96,100,79,15.6,234,232,31.0,32.4,0,0.00,1010.3,995.8
2021-12-24T03:00,6.1,0.00,87,4.1,1.9,0.00,0.00,0.00,3,100,100,100,78,18.8,229,225,34.9,39.6,0,0.00,1009.9,995.4
2021-12-24T04:00,6.1,0.00,90,4.6,2.0,0.00,0.00,0.00,3,100,100,100,100,19.4,230,227,35.0,40.0,0,0.00,1009.5,995.1
2021-12-24T05:00,6.2,0.60,91,4.8,2.2,0.60,0.00,0.00,53,100,100,99,41,18.8,233,234,34.5,42.8,0,0.00,1009.0,994.6
2021-12-24T06:00,6.2,0.00,92,5.1,2.3,0.00,0.00,0.00,3,100,99,35,100,18.9,233,230,34.4,40.3,0,0.00,1008.7,994.3
2021-12-24T07:00,6.3,0.30,92,5.1,2.7,0.30,0.00,0.00,51,100,100,52,100,16.3,237,235,30.5,39.2,0,0.00,1008.9,994.5
2021-12-24T08:00,6.3,0.00,93,5.3,2.9,0.00,0.00,0.00,3,100,100,100,100,15.1,241,237,28.8,34.2,0,0.00,1009.2,994.8
2021-12-24T09:00,6.6,0.00,94,5.6,3.3,0.00,0.00,0.00,3,100,100,100,100,15.1,240,237,28.2,31.7,1,0.00,1009.2,994.8
2021-12-24T10:00,6.8,0.00,94,5.8,3.5,0.00,0.00,0.00,3,100,100,100,100,15.4,241,237,28.0,32.0,1,0.00,1009.0,994.6
2021-12-24T11:00,7.2,0.00,93,6.1,4.0,0.00,0.00,0.00,3,100,99,83,100,15.3,245,243,26.9,32.0,1,0.00,1008.9,994.5
2021-12-24T12:00,7.4,0.00,93,6.3,4.3,0.00,0.00,0.00,3,100,100,100,100,14.5,247,247,25.3,31.7,1,0.00,1008.4,994.0
2021-12-24T13:00,6.9,0.00,95,6.2,4.2,0.00,0.00,0.00,3,100,100,100,100,11.7,232,225,23.3,30.2,1,0.00,1007.8,993.4
2021-12-24T14:00,7.5,0.00,94,6.6,4.6,0.00,0.00,0.00,3,100,2,100,100,14.3,234,229,25.8,29.5,1,0.00,1007.2,992.9
2021-12-24T15:00,7.3,0.20,95,6.6,4.1,0.20,0.00,0.00,51,100,77,100,100,15.6,234,232,28.4,32.8,1,0.00,1007.0,992.6
2021-12-24T16:00,6.9,0.20,96,6.3,4.1,0.20,0.00,0.00,51,100,98,100,100,12.6,240,239,25.0,33.1,1,0.00,1007.2,992.8
2021-12-24T17:00,6.7,1.60,96,6.0,4.2,1.60,0.00,0.00,61,100,99,100,100,9.9,233,226,22.9,26.3,0,0.00,1006.7,992.3
2021-12-24T18:00,6.4,0.80,96,5.8,4.4,0.80,0.00,0.00,53,100,95,100,100,5.9,255,256,16.8,22.3,0,0.00,1006.9,992.5
2021-12-24T19:00,6.3,0.20,96,5.7,4.2,0.20,0.00,0.00,51,100,100,99,100,6.7,250,234,18.3,16.2,0,0.00,1006.7,992.3
2021-12-24T20:00,6.2,0.00,97,5.7,4.0,0.00,0.00,0.00,3,100,96,40,100,7.9,243,227,19.3,17.3,0,0.00,1006.4,992.0
2021-12-24T21:00,6.4,0.00,96,5.8,4.0,0.00,0.00,0.00,3,100,98,62,100,8.8,248,235,21.3,19.4,0,0.00,1006.5,992.1
2021-12-24T22:00,6.4,0.00,97,5.9,4.1,0.00,0.00,0.00,3,100,51,55,100,8.9,241,227,20.9,19.4,0,0.00,1006.7,992.3
2021-12-24T23:00,6.4,0.10,97,5.9,4.1,0.10,0.00,0.00,51,100,32,84,100,8.4,239,223,19.7,19.4,0,0.00,1006.3,991.9
2021-12-25T00:00,6.2,0.00,97,5.8,4.3,0.00,0.00,0.00,3,100,100,100,100,6.2,241,216,16.9,18.0,0,0.00,1006.1,991.7
2021-12-25T01:00,6.1,0.00,99,6.0,4.3,0.00,0.00,0.00,3,100,43,96,100,5.6,223,195,15.3,15.1,0,0.00,1005.5,991.1
2021-12-25T02:00,6.5,0.60,96,5.8,4.7,0.60,0.00,0.00,53,100,100,100,57,5.1,229,184,12.5,14.4,0,0.00,1005.4,991.0
2021-12-25T03:00,5.9,0.40,98,5.6,4.1,0.40,0.00,0.00,51,100,100,100,100,4.7,207,157,10.1,10.8,0,0.00,1005.2,990.8
2021-12-25T04:00,6.0,1.10,98,5.7,4.3,1.10,0.00,0.00,55,100,100,100,100,4.0,206,153,10.8,9.4,0,0.00,1004.9,990.5
2021-12-25T05:00,6.2,1.50,98,5.9,4.3,1.50,0.00,0.00,61,100,100,100,100,5.4,189,143,11.3,10.4,0,0.00,1004.6,990.2
2021-12-25T06:00,6.2,1.40,98,6.0,4.2,1.40,0.00,0.00,61,100,100,100,100,7.2,205,177,16.7,14.8,0,0.00,1004.4,990.0
2021-12-25T07:00,6.2,2.10,98,6.0,4.0,2.10,0.00,0.00,61,100,100,100,100,8.1,222,201,17.8,16.9,0,0.00,1004.4,990.0
2021-12-25T08:00,6.3,0.80,98,6.0,4.3,0.80,0.00,0.00,53,100,100,100,100,7.3,233,213,17.2,17.3,0,0.00,1004.3,989.9
2021-12-25T09:00,6.5,0.10,97,6.1,4.3,0.10,0.00,0.00,51,100,100,72,100,7.9,238,227,18.8,18.4,1,0.00,1004.6,990.2
2021-12-25T10:00,6.7,0.10,98,6.4,5.0,0.10,0.00,0.00,51,100,100,56,100,5.4,257,250,12.6,18.0,1,0.00,1005.1,990.7
2021-12-25T11:00,6.6,0.00,98,6.4,4.9,0.00,0.00,0.00,3,100,100,9,100,5.8,272,270,10.1,13.0,1,0.00,1005.4,991.0
2021-12-25T12:00,6.8,0.00,94,5.9,4.8,0.00,0.00,0.00,3,100,100,17,100,6.8,298,295,9.3,15.8,1,0.00,1005.6,991.2
2021-12-25T13:00,7.3,0.00,98,7.0,6.3,0.00,0.00,0.00,3,100,100,13,100,1.1,146,162,2.6,15.5,1,0.00,1005.3,991.0
2021-12-25T14:00,7.1,0.00,97,6.7,5.8,0.00,0.00,0.00,3,100,100,23,100,3.4,28,18,5.3,9.4,1,0.00,1005.7,991.4
2021-12-25T15:00,6.7,0.00,96,6.1,5.0,0.00,0.00,0.00,3,100,100,32,100,4.8,62,48,7.7,11.2,1,0.00,1006.1,991.7
2021-12-25T16:00,6.1,0.00,95,5.4,4.3,0.00,0.00,0.00,3,100,100,100,100,4.5,74,61,9.0,10.8,1,0.00,1006.8,992.4
2021-12-25T17:00,5.1,0.00,95,4.3,2.8,0.00,0.00,0.00,3,100,100,59,100,6.8,66,58,11.4,12.2,0,0.00,1007.4,992.9
2021-12-25T18:00,4.4,0.00,92,3.2,1.5,0.00,0.00,0.00,3,100,100,0,100,9.0,72,67,16.6,17.6,0,0.00,1007.8,993.3
2021-12-25T19:00,3.7,0.00,90,2.2,0.4,0.00,0.00,0.00,3,100,100,17,100,10.0,82,77,18.9,19.8,0,0.00,1007.9,993.3
2021-12-25T20:00,3.4,0.00,88,1.6,0.1,0.00,0.00,0.00,3,100,94,13,100,10.1,91,86,18.7,19.8,0,0.00,1008.2,993.6
2021-12-25T21:00,3.2,0.00,85,0.9,-0.5,0.00,0.00,0.00,3,100,70,32,100,12.0,86,81,19.9,23.8,0,0.00,1008.3,993.7
2021-12-25T22:00,3.0,0.00,84,0.6,-0.9,0.00,0.00,0.00,3,100,97,8,100,12.3,88,85,21.6,24.5,0,0.00,1008.5,993.9
2021-12-25T23:00,2.8,0.00,84,0.4,-0.9,0.00,0.00,0.00,3,100,98,73,100,11.5,90,88,22.3,24.1,0,0.00,1008.6,994.0
2021-12-26T00:00,2.8,0.00,83,0.2,-0.9,0.00,0.00,0.00,3,100,97,97,100,10.5,87,82,21.6,22.7,0,0.00,1008.5,993.9
2021-12-26T01:00,2.2,0.00,88,0.3,-1.0,0.00,0.00,0.00,3,100,100,58,100,7.2,91,87,15.8,20.9,0,0.00,1008.4,993.8
2021-12-26T02:00,1.4,0.00,91,0.1,-1.4,0.00,0.00,0.00,3,100,100,97,100,4.7,85,67,13.7,14.4,0,0.00,1008.4,993.7
2021-12-26T03:00,2.0,0.00,89,0.4,-0.7,0.00,0.00,0.00,3,100,100,100,30,3.9,80,56,12.1,10.4,0,0.00,1008.6,993.9
2021-12-26T04:00,1.9,0.20,90,0.4,-0.9,0.20,0.00,0.00,51,100,100,99,97,4.7,84,67,14.1,9.7,0,0.00,1008.5,993.8
2021-12-26T05:00,2.5,0.10,88,0.6,-0.5,0.10,0.00,0.00,51,100,100,100,45,6.7,86,74,15.5,13.3,0,0.00,1008.3,993.7
2021-12-26T06:00,2.5,0.00,88,0.7,-0.2,0.00,0.00,0.00,3,100,100,68,17,5.0,87,69,13.0,13.3,0,0.00,1008.2,993.6
2021-12-26T07:00,2.3,0.00,88,0.6,-0.6,0.00,0.00,0.00,3,100,100,100,85,6.2,91,80,15.1,11.9,0,0.00,1008.1,993.5
2021-12-26T08:00,2.7,0.00,87,0.7,-0.6,0.00,0.00,0.00,3,100,97,100,6,8.6,96,88,17.7,16.9,0,0.00,1007.9,993.3
2021-12-26T09:00,3.0,0.00,87,1.0,-0.0,0.00,0.00,0.00,3,100,42,100,32,6.8,97,87,15.6,17.3,1,0.00,1008.3,993.7
2021-12-26T10:00,3.5,0.00,87,1.6,0.9,0.00,0.00,0.00,3,100,97,100,100,4.8,104,103,11.9,13.7,1,0.00,1008.6,994.0
2021-12-26T11:00,3.7,0.40,89,2.1,1.5,0.40,0.00,0.00,51,100,87,100,100,2.9,107,83,13.2,9.7,1,0.00,1008.6,994.0
2021-12-26T12:00,4.4,0.10,91,3.0,2.1,0.10,0.00,0.00,51,100,62,99,100,4.7,106,81,16.5,11.2,1,0.00,1008.1,993.6
2021-12-26T13:00,5.2,0.00,91,3.8,3.2,0.00,0.00,0.00,3,100,65,100,100,3.7,137,151,5.9,11.9,1,0.00,1008.0,993.5
2021-12-26T14:00,5.4,0.20,92,4.2,2.9,0.20,0.00,0.00,51,100,96,92,100,7.9,119,120,11.1,15.5,1,0.00,1007.5,993.0
2021-12-26T15:00,5.9,0.00,90,4.4,3.8,0.00,0.00,0.00,3,100,100,98,100,5.0,141,150,6.9,18.0,1,0.00,1007.1,992.7
2021-12-26T16:00,5.5,0.00,94,4.6,3.7,0.00,0.00,0.00,3,100,100,74,100,3.3,121,131,8.4,11.5,1,0.00,1007.2,992.8
2021-12-26T17:00,5.0,0.00,95,4.3,3.0,0.00,0.00,0.00,3,100,100,67,100,4.0,110,100,11.8,8.3,0,0.00,1007.3,992.8
2021-12-26T18:00,5.3,0.90,93,4.3,2.9,0.90,0.00,0.00,53,100,98,47,100,6.6,107,99,15.0,13.0,0,0.00,1007.2,992.7
2021-12-26T19:00,5.4,0.60,94,4.5,2.9,0.60,0.00,0.00,53,100,92,79,98,7.6,119,115,16.4,14.8,0,0.00,1007.0,992.5
2021-12-26T20:00,5.5,0.50,94,4.7,2.8,0.50,0.00,0.00,53,100,66,100,100,9.8,115,98,19.8,19.1,0,0.00,1006.6,992.2
2021-12-26T21:00,5.6,0.60,95,4.8,3.1,0.60,0.00,0.00,53,100,99,81,100,8.2,112,105,17.1,19.4,0,0.00,1006.2,991.8
2021-12-26T22:00,5.6,0.50,95,4.9,3.0,0.50,0.00,0.00,53,100,100,100,100,8.9,123,117,18.0,17.3,0,0.00,1006.2,991.8
2021-12-26T23:00,5.8,0.80,95,5.1,3.4,0.80,0.00,0.00,53,100,99,84,100,7.6,139,135,17.1,17.3,0,0.00,1005.8,991.4
2021-12-27T00:00,6.0,0.20,96,5.3,3.7,0.20,0.00,0.00,51,100,88,95,100,7.8,174,146,15.9,16.2,0,0.00,1005.7,991.3
2021-12-27T01:00,5.6,0.30,97,5.1,3.5,0.30,0.00,0.00,51,100,48,100,100,5.6,167,140,11.1,16.6,0,0.00,1005.7,991.3
2021-12-27T02:00,5.5,0.30,97,5.0,3.1,0.30,0.00,0.00,51,100,45,81,100,7.7,176,152,14.1,14.8,0,0.00,1005.6,991.2
2021-12-27T03:00,5.8,0.40,96,5.2,3.5,0.40,0.00,0.00,51,100,22,12,100,7.2,190,162,15.0,17.3,0,0.00,1005.5,991.1
2021-12-27T04:00,5.7,0.30,96,5.0,3.4,0.30,0.00,0.00,51,100,4,12,100,7.2,195,162,15.6,15.1,0,0.00,1005.3,990.9
2021-12-27T05:00,5.8,0.00,96,5.1,3.5,0.00,0.00,0.00,3,100,7,6,100,7.5,193,163,15.5,15.8,0,0.00,1004.9,990.5
2021-12-27T06:00,5.6,0.00,96,5.1,3.4,0.00,0.00,0.00,3,92,1,28,92,6.9,185,152,15.2,15.5,0,0.00,1005.0,990.6
2021-12-27T07:00,5.8,0.00,96,5.2,3.6,0.00,0.00,0.00,3,100,0,100,100,6.7,166,126,13.4,14.8,0,0.00,1004.5,990.1
2021-12-27T08:00,5.7,0.00,96,5.1,3.6,0.00,0.00,0.00,3,100,82,97,100,6.1,154,118,11.6,13.3,0,0.00,1004.2,989.8
2021-12-27T09:00,5.7,0.10,96,5.1,3.3,0.10,0.00,0.00,51,100,93,100,27,8.1,124,103,15.3,14.8,1,0.00,1004.2,989.8
2021-12-27T10:00,6.0,0.10,95,5.2,3.1,0.10,0.00,0.00,51,100,100,100,12,11.3,119,107,20.6,22.0,1,0.00,1003.7,989.3
2021-12-27T11:00,5.9,0.10,93,4.9,3.1,0.10,0.00,0.00,51,100,100,99,4,10.6,120,114,19.2,21.6,1,0.00,1003.7,989.3
2021-12-27T12:00,6.5,0.00,91,5.2,3.6,0.00,0.00,0.00,3,86,85,1,0,12.1,116,107,23.2,24.1,1,142.41,1003.2,988.9
2021-12-27T13:00,8.7,0.00,88,6.8,6.2,0.00,0.00,0.00,3,100,100,100,7,11.5,110,110,18.0,26.3,1,3600.00,1002.6,988.4
2021-12-27T14:00,8.5,0.00,88,6.5,5.9,0.00,0.00,0.00,3,100,98,100,24,11.6,121,112,21.0,26.6,1,0.00,1002.2,988.0
2021-12-27T15:00,8.3,0.10,88,6.5,5.7,0.10,0.00,0.00,51,100,100,100,100,11.2,136,123,21.1,22.7,1,0.00,1001.9,987.7
2021-12-27T16:00,8.1,0.30,90,6.6,5.7,0.30,0.00,0.00,51,100,100,100,100,10.1,142,125,19.7,22.0,1,0.00,1001.9,987.7
2021-12-27T17:00,7.8,0.10,92,6.6,5.5,0.10,0.00,0.00,51,100,100,100,26,9.9,139,123,19.6,19.4,0,0.00,1002.0,987.7
2021-12-27T18:00,7.2,0.10,94,6.2,5.0,0.10,0.00,0.00,51,100,99,100,100,8.3,140,124,18.9,19.4,0,0.00,1002.2,987.9
2021-12-27T19:00,7.4,0.00,94,6.4,5.1,0.00,0.00,0.00,3,100,96,100,100,9.2,151,129,19.0,19.1,0,0.00,1002.3,988.0
2021-12-27T20:00,7.6,0.40,93,6.5,5.4,0.40,0.00,0.00,51,100,94,100,100,8.5,170,144,17.9,19.1,0,0.00,1002.4,988.1
2021-12-27T21:00,7.7,0.40,93,6.6,5.5,0.40,0.00,0.00,51,100,100,100,100,9.2,179,154,19.8,19.8,0,0.00,1002.3,988.0
2021-12-27T22:00,8.0,0.00,91,6.6,5.3,0.00,0.00,0.00,3,100,72,74,100,12.6,216,207,25.0,26.3,0,0.00,1002.6,988.3
2021-12-27T23:00,8.2,0.20,92,6.9,5.0,0.20,0.00,0.00,51,66,22,40,43,16.4,222,218,30.3,34.9,0,0.00,1002.8,988.6
2021-12-28T00:00,7.7,0.10,93,6.7,5.0,0.10,0.00,0.00,51,100,0,5,100,12.8,209,202,25.9,34.6,0,0.00,1002.4,988.1
2021-12-28T01:00,7.5,0.00,95,6.7,5.5,0.00,0.00,0.00,3,100,81,2,51,8.4,191,155,19.4,27.4,0,0.00,1002.1,987.8
2021-12-28T02:00,7.4,0.20,94,6.5,5.1,0.20,0.00,0.00,51,100,99,1,100,9.7,185,158,21.3,21.6,0,0.00,1001.7,987.4
2021-12-28T03:00,7.2,0.00,94,6.2,4.9,0.00,0.00,0.00,3,100,100,0,8,9.2,158,132,19.4,21.2,0,0.00,1001.1,986.8
2021-12-28T04:00,6.3,0.00,94,5.3,3.6,0.00,0.00,0.00,3,99,99,30,0,10.6,144,118,21.4,20.9,0,0.00,1000.1,985.8
2021-12-28T05:00,6.0,0.30,93,4.9,3.2,0.30,0.00,0.00,51,100,100,100,100,10.7,149,123,21.5,22.7,0,0.00,999.6,985.3
2021-12-28T06:00,6.6,2.00,93,5.6,4.0,2.00,0.00,0.00,61,100,100,100,100,10.5,150,117,17.9,21.6,0,0.00,999.3,985.0
2021-12-28T07:00,7.1,1.90,93,6.0,4.1,1.90,0.00,0.00,61,100,100,100,100,13.6,143,122,24.9,28.8,0,0.00,998.8,984.6
2021-12-28T08:00,7.6,1.60,92,6.4,4.7,1.60,0.00,0.00,61,100,99,100,100,13.2,151,135,25.9,28.1,0,0.00,998.4,984.2
2021-12-28T09:00,7.9,2.00,91,6.6,5.2,2.00,0.00,0.00,61,100,0,100,100,12.4,173,154,24.3,27.7,1,0.00,998.3,984.1
2021-12-28T10:00,8.7,0.70,89,7.1,5.1,0.70,0.00,0.00,53,100,26,28,100,19.8,221,217,36.0,39.6,1,0.00,998.3,984.1
2021-12-28T11:00,9.4,0.00,90,7.9,5.8,0.00,0.00,0.00,3,100,0,100,100,20.9,228,225,35.7,46.1,1,0.00,998.8,984.7
2021-12-28T12:00,9.7,0.10,90,8.1,6.5,0.10,0.00,0.00,51,100,0,100,100,18.9,222,219,32.9,42.8,1,0.00,998.9,984.8
2021-12-28T13:00,9.8,0.40,95,9.1,6.9,0.40,0.00,0.00,51,100,100,56,100,18.2,215,214,31.6,45.7,1,0.00,998.3,984.2
2021-12-28T14:00,10.4,0.10,92,9.1,7.2,0.10,0.00,0.00,51,100,100,87,54,20.0,218,214,34.4,40.7,1,0.00,996.9,982.8
2021-12-28T15:00,10.6,0.20,93,9.5,7.3,0.20,0.00,0.00,51,100,100,100,91,22.0,236,235,37.5,52.9,1,0.00,997.0,983.0
2021-12-28T16:00,10.1,1.10,83,7.4,5.9,1.10,0.00,0.00,55,100,74,100,4,24.1,247,243,41.8,55.1,1,0.00,998.0,983.9
2021-12-28T17:00,9.3,0.10,79,5.9,5.6,0.10,0.00,0.00,51,12,0,10,4,18.4,241,235,32.1,56.5,0,0.00,999.1,985.0
2021-12-28T18:00,7.8,1.90,88,5.9,4.8,1.90,0.00,0.00,61,99,95,93,43,13.5,232,226,27.4,43.2,0,0.00,1000.2,986.0
2021-12-28T19:00,7.9,2.20,89,6.2,4.3,2.20,0.00,0.00,61,100,100,98,73,18.3,232,227,32.6,42.5,0,0.00,1000.5,986.3
2021-12-28T20:00,8.0,0.50,90,6.4,5.0,0.50,0.00,0.00,53,100,68,100,100,14.5,230,222,26.6,47.5,0,0.00,1000.5,986.3
2021-12-28T21:00,8.5,0.00,85,6.2,4.8,0.00,0.00,0.00,3,100,77,100,100,19.2,228,220,33.7,49.7,0,0.00,1000.3,986.1
2021-12-28T22:00,8.6,0.40,85,6.3,4.6,0.40,0.00,0.00,51,100,64,100,100,20.9,238,234,36.1,45.0,0,0.00,1000.3,986.1
2021-12-28T23:00,9.0,0.40,83,6.4,4.4,0.40,0.00,0.00,51,100,26,100,100,25.3,248,246,42.5,52.6,0,0.00,1000.5,986.3
2021-12-29T00:00,9.1,0.50,84,6.5,4.3,0.50,0.00,0.00,53,100,0,100,100,26.5,251,248,44.3,54.7,0,0.00,1001.6,987.4
2021-12-29T01:00,8.9,0.10,88,7.0,4.9,0.10,0.00,0.00,51,100,0,100,100,22.0,253,252,37.6,55.4,0,0.00,1003.1,988.9
2021-12-29T02:00,8.9,0.00,88,7.1,5.1,0.00,0.00,0.00,3,100,63,100,100,20.7,252,250,35.5,46.1,0,0.00,1004.2,990.0
2021-12-29T03:00,9.0,0.10,88,7.1,5.1,0.10,0.00,0.00,51,100,31,100,100,22.0,251,249,37.0,45.0,0,0.00,1005.4,991.2
2021-12-29T04:00,9.2,0.10,88,7.3,5.3,0.10,0.00,0.00,51,100,10,99,100,22.0,254,252,37.1,47.5,0,0.00,1006.4,992.2
2021-12-29T05:00,9.1,0.20,89,7.3,4.8,0.20,0.00,0.00,51,99,36,86,95,24.5,248,248,40.5,49.3,0,0.00,1007.1,992.8
2021-12-29T06:00,9.0,0.10,89,7.3,5.1,0.10,0.00,0.00,51,95,51,88,31,21.3,249,248,35.8,50.0,0,0.00,1008.0,993.7
2021-12-29T07:00,8.4,0.10,91,7.1,5.5,0.10,0.00,0.00,51,100,100,17,100,15.0,239,240,27.6,43.6,0,0.00,1008.5,994.2
2021-12-29T08:00,8.7,0.10,90,7.2,5.3,0.10,0.00,0.00,51,100,99,6,100,18.0,246,244,31.4,37.1,0,0.00,1009.2,994.9
2021-12-29T09:00,8.8,0.30,90,7.3,5.1,0.30,0.00,0.00,51,100,100,30,100,20.1,247,246,34.7,41.4,1,0.00,1009.8,995.5
2021-12-29T10:00,9.1,0.00,90,7.5,5.8,0.00,0.00,0.00,3,100,100,16,59,17.7,247,243,30.2,42.1,1,0.00,1010.4,996.1
2021-12-29T11:00,9.3,0.10,90,7.7,6.6,0.10,0.00,0.00,51,100,100,1,100,13.8,245,242,23.0,36.4,1,0.00,1010.8,996.5
2021-12-29T12:00,9.3,0.10,90,7.7,6.9,0.10,0.00,0.00,51,100,100,0,100,12.2,240,236,21.1,28.4,1,0.00,1011.0,996.7
2021-12-29T13:00,9.3,0.00,93,8.2,7.4,0.00,0.00,0.00,3,100,100,51,100,9.7,218,211,17.9,28.1,1,0.00,1010.8,996.5
2021-12-29T14:00,9.5,0.10,93,8.4,7.3,0.10,0.00,0.00,51,100,100,87,100,11.9,219,215,20.2,24.8,1,0.00,1010.9,996.6
2021-12-29T15:00,9.5,0.10,94,8.6,7.5,0.10,0.00,0.00,51,100,100,5,100,10.8,210,206,19.2,25.9,1,0.00,1010.6,996.3
2021-12-29T16:00,9.3,0.00,92,8.0,7.1,0.00,0.00,0.00,3,100,100,100,100,10.9,213,207,20.1,24.8,1,0.00,1010.8,996.5
2021-12-29T17:00,8.8,0.40,94,7.9,6.8,0.40,0.00,0.00,51,100,100,100,100,10.4,207,194,20.6,24.1,0,0.00,1011.1,996.8
2021-12-29T18:00,8.9,1.10,94,8.0,6.7,1.10,0.00,0.00,55,100,100,100,100,11.3,208,197,22.4,27.0,0,0.00,1011.0,996.7
2021-12-29T19:00,9.0,1.30,94,8.2,6.6,1.30,0.00,0.00,61,100,100,100,100,13.6,218,212,26.1,28.8,0,0.00,1010.7,996.4
2021-12-29T20:00,9.4,0.20,95,8.7,7.0,0.20,0.00,0.00,51,100,100,100,100,14.5,229,224,28.3,31.0,0,0.00,1010.4,996.1
2021-12-29T21:00,10.1,0.00,96,9.5,7.9,0.00,0.00,0.00,3,100,100,100,100,13.8,232,227,27.4,32.8,0,0.00,1011.1,996.8
2021-12-29T22:00,10.8,0.20,96,10.3,8.8,0.20,0.00,0.00,51,100,100,100,100,14.3,241,236,28.5,30.6,0,0.00,1011.3,997.1
2021-12-29T23:00,12.0,0.70,94,11.1,9.5,0.70,0.00,0.00,53,100,100,83,100,19.6,255,253,35.5,40.7,0,0.00,1012.0,997.8
2021-12-30T00:00,13.2,0.40,91,11.8,10.7,0.40,0.00,0.00,51,100,98,3,84,20.8,262,261,36.0,46.1,0,0.00,1013.1,999.0
2021-12-30T01:00,12.8,0.10,85,10.3,10.2,0.10,0.00,0.00,51,100,100,0,17,18.4,274,271,33.5,42.5,0,0.00,1014.2,1000.0
2021-12-30T02:00,12.2,0.00,91,10.7,10.4,0.00,0.00,0.00,3,100,99,100,50,13.7,261,256,27.7,37.8,0,0.00,1015.1,1000.9
2021-12-30T03:00,12.4,0.00,90,10.8,10.3,0.00,0.00,0.00,3,100,100,5,25,15.5,262,257,29.1,32.8,0,0.00,1016.4,1002.2
2021-12-30T04:00,11.1,0.00,91,9.8,9.5,0.00,0.00,0.00,3,100,100,27,60,10.7,258,250,24.6,32.0,0,0.00,1016.8,1002.5
2021-12-30T05:00,11.5,0.10,94,10.6,9.9,0.10,0.00,0.00,51,100,100,83,100,12.2,241,236,25.6,25.6,0,0.00,1017.1,1002.8
2021-12-30T06:00,12.5,0.00,94,11.6,10.5,0.00,0.00,0.00,3,100,98,67,62,17.1,238,235,31.9,35.6,0,0.00,1017.3,1003.1
2021-12-30T07:00,12.5,0.00,96,11.9,10.8,0.00,0.00,0.00,3,100,100,80,100,15.5,233,228,29.3,35.6,0,0.00,1017.8,1003.6
2021-12-30T08:00,12.4,0.90,97,11.9,10.9,0.90,0.00,0.00,53,100,100,99,100,13.7,226,215,25.7,32.0,0,0.00,1018.5,1004.2
2021-12-30T09:00,12.6,0.10,96,11.9,10.8,0.10,0.00,0.00,51,100,100,12,100,16.1,237,231,30.2,33.1,1,0.00,1019.1,1004.8
2021-12-30T10:00,13.0,0.00,95,12.2,11.4,0.00,0.00,0.00,3,100,58,1,100,15.1,237,232,27.1,35.6,1,0.00,1019.6,1005.4
2021-12-30T11:00,13.4,0.00,95,12.6,12.1,0.00,0.00,0.00,3,100,69,1,100,14.5,234,228,25.0,31.0,1,503.32,1020.1,1005.9
2021-12-30T12:00,13.9,0.10,93,12.9,12.9,0.10,0.00,0.00,51,100,96,1,100,13.3,235,229,22.5,30.2,1,0.00,1020.1,1005.9
2021-12-30T13:00,13.8,0.00,93,12.7,12.4,0.00,0.00,0.00,3,100,99,11,92,15.5,230,226,26.6,31.3,1,0.00,1020.5,1006.3
2021-12-30T14:00,14.2,0.00,92,13.0,13.6,0.00,0.00,0.00,3,100,100,0,100,10.8,226,210,25.7,31.3,1,256.17,1020.3,1006.1
2021-12-30T15:00,14.3,0.00,90,12.7,12.9,0.00,0.00,0.00,3,89,84,0,33,15.3,229,223,25.8,31.0,1,279.39,1020.2,1006.0
2021-12-30T16:00,13.5,0.00,89,11.7,11.4,0.00,0.00,0.00,3,95,92,14,42,17.7,234,231,30.7,36.4,1,3303.92,1020.9,1006.7
2021-12-30T17:00,12.7,0.00,90,11.1,10.6,0.00,0.00,0.00,3,93,77,1,68,16.7,240,237,30.3,36.7,0,0.00,1021.7,1007.4
2021-12-30T18:00,12.7,0.10,90,11.1,10.8,0.10,0.00,0.00,51,100,100,25,100,15.1,243,242,27.4,34.6,0,0.00,1022.2,1007.9
2021-12-30T19:00,12.5,0.10,91,11.1,10.7,0.10,0.00,0.00,51,100,18,90,100,14.8,236,231,27.0,31.7,0,0.00,1022.7,1008.4
2021-12-30T20:00,12.3,0.00,92,11.0,10.3,0.00,0.00,0.00,3,100,32,67,100,15.5,238,234,28.2,32.8,0,0.00,1022.8,1008.5
2021-12-30T21:00,12.1,0.00,92,10.8,10.2,0.00,0.00,0.00,3,100,0,42,100,14.5,242,240,26.4,32.4,0,0.00,1023.0,1008.7
2021-12-30T22:00,12.2,0.10,92,11.0,10.2,0.10,0.00,0.00,51,100,0,42,100,15.7,241,238,27.9,32.0,0,0.00,1023.4,1009.1
2021-12-30T23:00,12.1,0.10,93,11.0,10.3,0.10,0.00,0.00,51,100,0,1,100,14.1,240,238,25.8,32.0,0,0.00,1023.7,1009.4
2021-12-31T00:00,11.7,0.00,94,10.8,10.1,0.00,0.00,0.00,2,56,0,1,56,12.6,237,233,24.5,28.8,0,0.00,1023.8,1009.4
2021-12-31T01:00,11.7,0.00,94,10.7,10.2,0.00,0.00,0.00,3,82,0,12,36,11.5,234,229,24.0,26.3,0,0.00,1023.6,1009.2
2021-12-31T02:00,11.6,0.00,94,10.6,10.2,0.00,0.00,0.00,3,100,0,2,100,10.7,235,230,23.0,23.8,0,0.00,1023.8,1009.4
2021-12-31T03:00,12.0,0.00,93,10.9,10.7,0.00,0.00,0.00,3,100,0,0,100,11.2,228,222,22.2,23.0,0,0.00,1023.6,1009.3
2021-12-31T04:00,12.0,0.00,94,11.0,10.7,0.00,0.00,0.00,3,100,0,0,100,10.7,230,225,21.2,23.4,0,0.00,1023.6,1009.2
2021-12-31T05:00,11.9,0.00,93,10.9,10.8,0.00,0.00,0.00,3,100,0,0,100,9.7,230,222,19.7,22.3,0,0.00,1023.5,1009.1
2021-12-31T06:00,11.7,0.00,94,10.7,10.5,0.00,0.00,0.00,3,100,0,0,100,9.2,221,206,18.6,20.2,0,0.00,1023.0,1008.6
2021-12-31T07:00,11.3,0.00,95,10.6,9.9,0.00,0.00,0.00,2,77,0,0,77,10.6,219,204,20.2,21.2,0,0.00,1022.8,1008.4
2021-12-31T08:00,10.2,0.00,98,9.9,9.0,0.00,0.00,0.00,0,18,0,0,18,7.9,214,196,16.9,21.2,0,0.00,1023.1,1008.7
2021-12-31T09:00,9.1,0.00,99,9.0,7.5,0.00,0.00,0.00,1,45,0,0,45,9.0,206,182,18.0,17.6,1,0.00,1023.3,1008.8
2021-12-31T10:00,9.9,0.00,97,9.5,8.4,0.00,0.00,0.00,3,100,0,0,100,9.1,207,189,17.4,19.4,1,2578.67,1023.5,1009.0
2021-12-31T11:00,10.6,0.00,95,9.9,9.1,0.00,0.00,0.00,3,100,0,0,100,10.3,212,205,16.2,21.2,1,92.42,1023.6,1009.2
2021-12-31T12:00,11.8,0.00,89,10.1,10.1,0.00,0.00,0.00,3,99,99,0,43,11.8,212,211,16.2,25.9,1,3600.00,1023.2,1008.8
2021-12-31T13:00,12.1,0.00,86,9.7,10.5,0.00,0.00,0.00,3,94,99,13,2,10.1,212,207,14.9,25.9,1,3600.00,1023.4,1009.1
2021-12-31T14:00,12.2,0.00,86,9.9,10.6,0.00,0.00,0.00,3,96,96,22,0,10.4,185,180,15.9,24.1,1,3600.00,1022.2,1007.9
2021-12-31T15:00,12.0,0.00,86,9.8,10.4,0.00,0.00,0.00,3,86,71,56,4,10.3,203,192,18.4,23.0,1,2875.25,1022.5,1008.2
2021-12-31T16:00,11.2,0.00,87,9.2,8.8,0.00,0.00,0.00,0,0,0,0,0,14.8,205,194,27.9,30.6,1,2755.60,1021.9,1007.5
2021-12-31T17:00,10.4,0.00,91,9.0,7.9,0.00,0.00,0.00,2,57,54,0,8,15.8,238,235,30.9,32.4,0,0.00,1023.1,1008.7
2021-12-31T18:00,10.1,0.00,91,8.7,7.8,0.00,0.00,0.00,2,79,79,0,0,12.8,240,238,26.9,33.1,0,0.00,1023.7,1009.3
2021-12-31T19:00,9.7,0.00,91,8.3,7.2,0.00,0.00,0.00,0,1,0,0,1,14.3,237,236,29.7,31.0,0,0.00,1024.3,1009.8
2021-12-31T20:00,9.4,0.00,91,8.1,6.8,0.00,0.00,0.00,0,2,1,0,1,14.2,241,240,29.7,29.9,0,0.00,1024.8,1010.3
2021-12-31T21:00,9.1,0.00,93,8.0,6.6,0.00,0.00,0.00,2,65,57,0,19,13.9,248,245,28.4,29.9,0,0.00,1025.8,1011.3
2021-12-31T22:00,9.0,0.00,94,8.1,6.7,0.00,0.00,0.00,3,100,93,0,100,12.5,243,237,26.7,28.8,0,0.00,1025.7,1011.2
2021-12-31T23:00,10.0,0.00,90,8.4,7.7,0.00,0.00,0.00,3,100,84,0,100,12.6,247,243,24.2,28.1,0,0.00,1026.7,1012.2
2022-01-01T00:00,10.0,0.00,90,8.5,8.0,0.00,0.00,0.00,3,100,91,0,100,10.7,239,230,21.5,26.3,0,0.00,1027.0,1012.5
2022-01-01T01:00,9.9,0.00,94,9.0,8.2,0.00,0.00,0.00,3,100,82,0,34,9.8,245,234,21.4,22.3,0,0.00,1027.5,1013.0
2022-01-01T02:00,9.4,0.00,95,8.6,7.7,0.00,0.00,0.00,3,97,89,26,60,9.0,236,217,20.8,21.2,0,0.00,1027.7,1013.2
2022-01-01T03:00,9.6,0.00,95,8.8,7.8,0.00,0.00,0.00,3,95,91,4,39,10.1,226,207,21.1,19.8,0,0.00,1027.9,1013.4
2022-01-01T04:00,8.9,0.00,95,8.1,6.8,0.00,0.00,0.00,3,97,88,0,71,10.8,216,201,24.0,22.3,0,0.00,1027.6,1013.0
2022-01-01T05:00,9.1,0.00,94,8.1,7.2,0.00,0.00,0.00,3,83,3,0,82,9.6,223,214,21.7,22.0,0,0.00,1027.7,1013.1
2022-01-01T06:00,8.1,0.00,95,7.4,6.3,0.00,0.00,0.00,1,25,17,0,10,7.7,232,221,20.0,19.8,0,0.00,1027.8,1013.2
2022-01-01T07:00,6.8,0.00,97,6.3,5.0,0.00,0.00,0.00,0,12,12,0,0,5.6,232,207,16.4,16.6,0,0.00,1027.9,1013.2
2022-01-01T08:00,6.0,0.00,98,5.7,4.2,0.00,0.00,0.00,1,43,0,0,43,5.1,232,188,15.1,12.6,0,0.00,1027.7,1013.0
2022-01-01T09:00,7.5,0.00,96,6.9,6.1,0.00,0.00,0.00,3,100,0,0,100,4.0,239,185,12.6,11.5,1,0.00,1028.3,1013.7
2022-01-01T10:00,9.0,0.00,93,7.9,7.6,0.00,0.00,0.00,3,100,1,0,100,6.0,211,155,10.5,11.5,1,0.00,1028.4,1013.8
2022-01-01T11:00,10.0,0.00,90,8.5,8.6,0.00,0.00,0.00,3,100,10,0,100,6.4,191,142,12.8,13.7,1,0.00,1028.1,1013.6
2022-01-01T12:00,11.1,0.00,86,8.8,9.8,0.00,0.00,0.00,2,57,27,0,41,6.6,183,158,12.3,15.5,1,3600.00,1028.0,1013.5
2022-01-01T13:00,12.8,0.00,77,8.9,11.7,0.00,0.00,0.00,3,100,100,0,100,5.4,182,176,8.3,15.5,1,3600.00,1027.5,1013.1
2022-01-01T14:00,12.8,0.00,77,8.8,11.5,0.00,0.00,0.00,3,100,59,0,100,6.9,190,186,10.6,15.8,1,3600.00,1026.9,1012.5
2022-01-01T15:00,12.7,0.00,78,8.9,11.4,0.00,0.00,0.00,2,77,49,0,56,7.0,176,168,11.5,16.6,1,3600.00,1026.2,1011.8
2022-01-01T16:00,11.4,0.00,83,8.5,9.9,0.00,0.00,0.00,0,3,1,0,2,7.1,178,156,16.6,15.5,1,3425.06,1026.0,1011.6
2022-01-01T17:00,9.1,0.00,89,7.3,7.6,0.00,0.00,0.00,3,83,83,0,0,5.8,187,158,14.9,14.4,0,0.00,1026.1,1011.6
2022-01-01T18:00,8.2,0.00,91,6.8,6.5,0.00,0.00,0.00,3,92,92,0,0,5.6,175,135,11.6,11.5,0,0.00,1025.8,1011.2
2022-01-01T19:00,7.4,0.00,94,6.5,5.8,0.00,0.00,0.00,3,89,89,0,0,5.0,155,111,10.3,10.4,0,0.00,1025.6,1011.0
2022-01-01T20:00,7.3,0.00,95,6.5,5.4,0.00,0.00,0.00,3,96,96,0,0,6.5,145,109,13.7,11.9,0,0.00,1025.0,1010.4
2022-01-01T21:00,7.3,0.00,94,6.5,5.4,0.00,0.00,0.00,2,62,62,0,0,7.2,150,117,15.8,14.4,0,0.00,1024.5,1009.9
2022-01-01T22:00,6.6,0.00,95,5.9,4.5,0.00,0.00,0.00,3,88,88,0,0,6.8,160,115,13.4,13.3,0,0.00,1024.5,1009.9
2022-01-01T23:00,6.2,0.00,96,5.6,4.2,0.00,0.00,0.00,3,100,100,0,0,6.1,167,118,12.9,13.3,0,0.00,1024.2,1009.5
2022-01-02T00:00,5.9,0.00,96,5.2,3.9,0.00,0.00,0.00,3,100,100,0,0,5.7,183,125,13.3,11.9,0,0.00,1024.1,1009.4
2022-01-02T01:00,6.7,0.00,96,6.1,4.6,0.00,0.00,0.00,3,100,97,0,0,7.9,184,141,17.3,15.1,0,0.00,1024.0,1009.4
2022-01-02T02:00,6.4,0.00,95,5.6,4.1,0.00,0.00,0.00,3,97,97,9,0,8.3,188,146,18.9,16.9,0,0.00,1023.5,1008.9
2022-01-02T03:00,6.2,0.00,93,5.2,3.8,0.00,0.00,0.00,3,97,97,4,2,8.7,188,150,19.7,18.4,0,0.00,1023.0,1008.4
2022-01-02T04:00,5.9,0.00,91,4.6,3.5,0.00,0.00,0.00,3,100,100,0,5,7.7,197,152,17.3,18.0,0,0.00,1022.6,1008.0
2022-01-02T05:00,6.1,0.00,90,4.5,3.5,0.00,0.00,0.00,3,100,100,15,9,8.2,194,151,17.8,16.9,0,0.00,1021.9,1007.3
2022-01-02T06:00,6.2,0.00,89,4.5,3.7,0.00,0.00,0.00,3,100,100,1,7,8.3,186,146,17.7,18.4,0,0.00,1021.1,1006.5
2022-01-02T07:00,6.0,0.00,88,4.2,3.6,0.00,0.00,0.00,3,100,100,61,3,6.9,184,137,15.2,16.6,0,0.00,1020.9,1006.3
2022-01-02T08:00,6.5,0.00,86,4.3,4.0,0.00,0.00,0.00,3,100,100,93,1,8.2,179,139,16.9,17.6,0,0.00,1020.1,1005.5
2022-01-02T09:00,6.6,0.00,84,4.2,3.8,0.00,0.00,0.00,3,100,100,78,9,9.5,184,151,19.5,19.8,1,0.00,1019.9,1005.3
2022-01-02T10:00,7.5,0.00,81,4.5,4.7,0.00,0.00,0.00,3,100,100,100,0,10.2,188,157,19.7,21.6,1,0.00,1019.7,1005.2
2022-01-02T11:00,8.3,0.00,78,4.6,5.4,0.00,0.00,0.00,3,100,100,100,0,10.8,205,184,22.2,24.1,1,0.00,1019.6,1005.1
2022-01-02T12:00,9.9,0.00,69,4.4,6.3,0.00,0.00,0.00,3,100,100,100,0,15.3,208,195,30.9,32.4,1,0.00,1019.1,1004.7
2022-01-02T13:00,9.0,0.00,82,6.1,5.6,0.00,0.00,0.00,3,99,100,100,0,16.1,216,164,36.1,34.9,1,0.00,1019.2,1004.8
2022-01-02T14:00,9.5,0.00,77,5.7,6.3,0.00,0.00,0.00,3,82,59,56,0,14.6,222,213,27.8,34.2,1,0.00,1018.1,1003.7
2022-01-02T15:00,11.0,0.00,75,6.8,7.7,0.00,0.00,0.00,3,99,99,0,0,16.9,241,236,33.4,34.9,1,3600.00,1017.9,1003.6
2022-01-02T16:00,11.3,0.00,74,6.8,8.0,0.00,0.00,0.00,3,100,100,0,2,16.6,232,229,31.8,38.2,1,3489.05,1017.7,1003.4
2022-01-02T17:00,11.0,0.00,76,7.0,7.6,0.00,0.00,0.00,3,97,96,0,19,17.6,232,229,33.3,37.8,0,0.00,1018.2,1003.9
2022-01-02T18:00,10.5,0.00,78,6.9,7.2,0.00,0.00,0.00,3,88,85,0,24,16.5,229,226,31.9,37.1,0,0.00,1018.0,1003.7
2022-01-02T19:00,10.2,0.00,79,6.8,6.7,0.00,0.00,0.00,3,100,100,0,34,18.5,234,233,34.6,39.2,0,0.00,1018.4,1004.0
2022-01-02T20:00,10.5,0.00,79,6.9,6.9,0.00,0.00,0.00,3,99,99,5,49,18.9,237,235,33.9,41.8,0,0.00,1018.3,1003.9
2022-01-02T21:00,10.5,0.10,79,7.0,6.8,0.10,0.00,0.00,51,100,100,1,100,20.2,232,229,35.9,42.8,0,0.00,1018.0,1003.7
2022-01-02T22:00,10.9,0.00,77,7.0,6.7,0.00,0.00,0.00,3,100,100,6,83,23.0,232,229,39.8,48.2,0,0.00,1017.7,1003.4
2022-01-02T23:00,11.1,0.00,75,6.9,6.6,0.00,0.00,0.00,3,100,100,72,59,25.3,231,229,42.8,52.9,0,0.00,1017.3,1003.0
2022-01-03T00:00,11.2,0.40,77,7.2,6.5,0.40,0.00,0.00,51,100,100,78,65,27.3,235,234,45.4,57.2,0,0.00,1017.3,1003.0
2022-01-03T01:00,11.0,1.00,80,7.7,6.3,1.00,0.00,0.00,55,100,100,49,66,28.5,236,235,47.2,63.7,0,0.00,1017.2,1002.9
2022-01-03T02:00,9.8,1.10,91,8.5,5.7,1.10,0.00,0.00,55,100,100,99,100,25.7,248,250,42.3,69.1,0,0.00,1017.9,1003.5
2022-01-03T03:00,9.9,0.10,91,8.4,6.9,0.10,0.00,0.00,51,100,100,86,45,17.6,249,244,30.4,60.8,0,0.00,1017.8,1003.4
2022-01-03T04:00,10.2,0.20,90,8.7,6.7,0.20,0.00,0.00,51,100,82,37,100,21.0,249,248,36.2,48.6,0,0.00,1018.1,1003.7
2022-01-03T05:00,9.6,0.20,89,7.8,6.0,0.20,0.00,0.00,51,100,100,43,59,20.4,251,249,35.1,51.8,0,0.00,1018.1,1003.7
2022-01-03T06:00,9.5,0.60,88,7.7,6.1,0.60,0.00,0.00,53,100,100,18,55,19.4,250,248,34.0,47.5,0,0.00,1018.1,1003.7
2022-01-03T07:00,9.1,1.60,90,7.5,5.9,1.60,0.00,0.00,61,100,100,36,93,17.3,250,249,30.3,45.0,0,0.00,1018.3,1003.9
2022-01-03T08:00,9.1,1.20,91,7.7,6.2,1.20,0.00,0.00,55,100,100,24,100,15.7,243,238,27.5,41.4,0,0.00,1018.2,1003.8
2022-01-03T09:00,9.2,2.20,90,7.6,6.0,2.20,0.00,0.00,61,100,100,22,60,17.4,242,240,29.8,41.4,1,0.00,1018.1,1003.7
2022-01-03T10:00,9.5,0.10,91,8.2,6.6,0.10,0.00,0.00,51,100,100,66,100,16.9,234,230,28.1,40.7,1,0.00,1017.9,1003.5
2022-01-03T11:00,9.5,0.40,92,8.3,6.5,0.40,0.00,0.00,51,100,100,98,100,17.4,231,230,29.2,41.4,1,0.00,1017.7,1003.3
2022-01-03T12:00,9.3,0.40,95,8.5,6.4,0.40,0.00,0.00,51,100,100,100,78,16.5,230,224,28.3,43.2,1,0.00,1017.3,1002.9
2022-01-03T13:00,9.4,0.20,86,7.3,5.3,0.20,0.00,0.00,51,100,92,100,3,23.4,228,225,39.0,40.3,1,0.00,1016.7,1002.3
2022-01-03T14:00,10.0,0.00,84,7.4,6.4,0.00,0.00,0.00,3,100,83,100,4,19.8,223,217,32.9,48.6,1,0.00,1015.7,1001.4
2022-01-03T15:00,9.8,0.00,84,7.3,6.7,0.00,0.00,0.00,3,100,100,100,36,16.9,218,214,29.5,41.0,1,0.00,1014.9,1000.6
2022-01-03T16:00,9.9,0.50,83,7.2,6.3,0.50,0.00,0.00,53,100,99,100,39,19.6,225,224,33.9,46.4,1,0.00,1014.1,999.8
2022-01-03T17:00,9.4,0.40,89,7.6,5.9,0.40,0.00,0.00,51,100,100,100,25,19.6,230,227,35.0,47.9,0,0.00,1013.8,999.5
2022-01-03T18:00,9.7,0.10,85,7.4,6.4,0.10,0.00,0.00,51,100,100,100,34,17.9,226,220,31.6,43.2,0,0.00,1013.0,998.7
2022-01-03T19:00,9.7,0.00,84,7.1,6.2,0.00,0.00,0.00,3,100,100,100,78,18.9,232,230,33.3,40.0,0,0.00,1012.5,998.2
2022-01-03T20:00,9.6,0.30,86,7.4,6.3,0.30,0.00,0.00,51,100,94,100,100,18.1,229,227,32.4,39.6,0,0.00,1011.8,997.5
2022-01-03T21:00,9.4,0.40,90,7.8,6.3,0.40,0.00,0.00,51,100,100,100,100,16.9,233,230,30.8,38.5,0,0.00,1011.1,996.8
2022-01-03T22:00,9.2,0.50,91,7.8,6.6,0.50,0.00,0.00,53,100,100,100,100,13.8,225,221,26.5,35.3,0,0.00,1010.3,996.0
2022-01-03T23:00,9.1,0.60,92,7.8,6.9,0.60,0.00,0.00,53,100,100,100,100,11.1,219,209,22.5,29.9,0,0.00,1009.3,995.0
2022-01-04T00:00,9.1,1.40,92,7.8,6.2,1.40,0.00,0.00,61,100,100,100,100,15.5,214,208,28.8,32.0,0,0.00,1007.9,993.6
2022-01-04T01:00,9.9,0.50,92,8.7,6.9,0.50,0.00,0.00,53,100,100,100,100,18.1,224,221,32.6,42.1,0,0.00,1006.3,992.1
2022-01-04T02:00,10.1,0.20,94,9.1,7.0,0.20,0.00,0.00,51,100,100,100,76,19.3,228,225,34.4,41.8,0,0.00,1005.2,991.0
2022-01-04T03:00,10.0,0.50,93,8.9,6.9,0.50,0.00,0.00,53,100,100,100,54,19.4,224,220,34.4,47.5,0,0.00,1004.2,990.0
2022-01-04T04:00,10.1,0.60,93,9.0,7.3,0.60,0.00,0.00,53,100,100,100,100,17.3,227,225,31.1,45.4,0,0.00,1003.0,988.8
2022-01-04T05:00,10.2,1.90,93,9.1,7.6,1.90,0.00,0.00,61,100,100,100,100,15.8,231,229,28.9,36.7,0,0.00,1001.9,987.8
2022-01-04T06:00,10.1,2.50,93,9.0,7.6,2.50,0.00,0.00,63,100,100,100,100,14.8,224,221,27.7,44.6,0,0.00,1000.5,986.4
2022-01-04T07:00,10.1,1.40,93,8.9,7.5,1.40,0.00,0.00,61,100,100,100,100,15.4,223,217,28.5,44.3,0,0.00,999.4,985.3
2022-01-04T08:00,10.4,0.40,91,9.0,7.1,0.40,0.00,0.00,51,100,100,100,100,20.6,227,224,36.4,44.3,0,0.00,998.6,984.5
2022-01-04T09:00,10.5,1.00,91,9.1,7.4,1.00,0.00,0.00,55,100,100,100,100,19.9,225,221,35.4,45.7,1,0.00,997.8,983.7
2022-01-04T10:00,10.9,0.70,90,9.3,7.3,0.70,0.00,0.00,53,100,100,100,100,23.4,229,227,40.6,49.3,1,0.00,997.1,983.1
2022-01-04T11:00,11.3,0.70,88,9.5,7.3,0.70,0.00,0.00,53,100,100,100,100,26.7,233,233,45.8,56.5,1,0.00,996.4,982.4
2022-01-04T12:00,11.3,0.80,87,9.3,7.0,0.80,0.00,0.00,53,100,100,100,100,28.5,238,238,48.5,60.5,1,0.00,996.3,982.3
2022-01-04T13:00,7.6,3.00,90,6.1,3.3,3.00,0.00,0.00,63,100,100,100,100,22.9,337,332,35.3,60.5,1,0.00,997.3,983.1
2022-01-04T14:00,6.8,2.10,92,5.6,3.3,2.10,0.00,0.00,61,100,100,100,100,16.5,328,324,26.9,46.1,1,0.00,998.4,984.1
2022-01-04T15:00,5.6,1.40,92,4.4,2.3,1.40,0.00,0.00,61,100,100,100,100,13.6,323,320,21.3,36.0,1,0.00,999.5,985.2
2022-01-04T16:00,5.6,1.40,92,4.3,3.0,1.40,0.00,0.00,61,100,100,100,88,8.2,308,299,13.3,29.2,1,0.00,1000.5,986.2
2022-01-04T17:00,5.6,1.10,92,4.4,3.5,1.10,0.00,0.00,55,100,100,100,66,5.3,261,242,8.8,18.0,0,0.00,1001.0,986.6
2022-01-04T18:00,5.4,0.70,93,4.4,3.0,0.70,0.00,0.00,53,100,100,100,0,7.2,217,207,13.1,15.1,0,0.00,1001.4,987.0
2022-01-04T19:00,5.3,0.40,92,4.2,2.7,0.40,0.00,0.00,51,100,100,100,35,8.0,222,207,16.8,16.6,0,0.00,1001.3,986.9
2022-01-04T20:00,5.6,0.30,93,4.6,3.0,0.30,0.00,0.00,51,100,100,100,22,8.7,214,197,17.9,18.7,0,0.00,1000.9,986.5
2022-01-04T21:00,5.8,0.30,94,5.0,2.9,0.30,0.00,0.00,51,100,100,100,41,11.9,222,215,22.9,24.1,0,0.00,1001.4,987.1
2022-01-04T22:00,5.9,0.50,94,5.1,2.7,0.50,0.00,0.00,53,100,100,100,100,14.0,213,209,25.5,29.2,0,0.00,1001.4,987.1
2022-01-04T23:00,6.1,0.30,94,5.2,2.6,0.30,0.00,0.00,51,100,100,100,100,15.6,219,214,27.7,33.1,0,0.00,1001.5,987.2
2022-01-05T00:00,6.3,0.10,92,5.0,2.8,0.10,0.00,0.00,51,100,100,99,100,15.1,223,220,26.2,33.1,0,0.00,1001.1,986.8
2022-01-05T01:00,6.2,0.00,91,4.9,2.3,0.00,0.00,0.00,3,100,100,100,100,18.4,225,222,31.6,34.2,0,0.00,1001.2,986.9
2022-01-05T02:00,6.0,0.60,94,5.1,2.4,0.60,0.00,0.00,53,100,100,99,48,15.9,224,219,27.7,38.9,0,0.00,1000.5,986.2
2022-01-05T03:00,6.3,0.20,93,5.2,2.3,0.20,0.00,0.00,51,100,100,83,100,19.4,231,228,34.1,40.7,0,0.00,1000.8,986.5
2022-01-05T04:00,6.4,0.10,90,4.8,1.9,0.10,0.00,0.00,51,100,100,33,100,22.1,241,240,35.8,44.3,0,0.00,1001.1,986.8
2022-01-05T05:00,5.2,1.10,92,4.0,0.6,1.10,0.00,0.00,55,100,100,87,100,21.2,305,302,35.7,47.5,0,0.00,1002.3,987.9
2022-01-05T06:00,3.9,0.10,87,2.0,-0.2,0.10,0.00,0.00,51,100,100,94,95,15.5,315,312,26.0,45.4,0,0.00,1004.1,989.6
2022-01-05T07:00,3.8,0.10,87,1.9,-0.3,0.10,0.00,0.00,51,100,100,100,79,15.5,298,295,25.6,33.8,0,0.00,1005.2,990.7
2022-01-05T08:00,3.4,0.10,83,0.8,-1.2,0.10,0.00,0.00,51,14,2,1,12,17.9,293,292,29.4,36.7,0,0.00,1006.5,992.0
2022-01-05T09:00,1.9,0.00,83,-0.7,-2.5,0.00,0.00,0.00,0,4,0,0,4,14.3,284,282,25.6,36.7,1,0.00,1008.2,993.5
2022-01-05T10:00,2.1,0.00,81,-0.9,-2.4,0.00,0.00,0.00,0,8,0,0,8,15.0,261,259,23.0,30.2,1,3600.00,1009.1,994.4
2022-01-05T11:00,2.5,0.00,76,-1.3,-2.7,0.00,0.00,0.00,1,38,0,0,38,19.4,260,259,28.5,41.4,1,3600.00,1009.8,995.2
2022-01-05T12:00,2.8,0.00,73,-1.6,-2.5,0.00,0.00,0.00,1,30,0,0,30,20.3,254,253,29.3,42.8,1,3600.00,1010.2,995.6
2022-01-05T13:00,3.8,0.00,69,-1.5,-1.7,0.00,0.00,0.00,1,34,0,0,31,21.2,256,255,31.2,47.2,1,3600.00,1011.0,996.4
2022-01-05T14:00,3.5,0.00,64,-2.8,-2.4,0.00,0.00,0.00,2,66,0,0,65,23.2,264,264,35.1,49.7,1,3600.00,1011.5,996.9
2022-01-05T15:00,3.3,0.00,59,-3.8,-2.5,0.00,0.00,0.00,3,87,0,56,71,21.8,262,261,32.7,49.0,1,3600.00,1011.8,997.2
2022-01-05T16:00,3.1,0.00,60,-3.9,-2.2,0.00,0.00,0.00,1,36,0,1,36,18.5,244,243,29.6,45.7,1,2683.64,1012.1,997.5
2022-01-05T17:00,2.3,0.00,64,-3.8,-2.8,0.00,0.00,0.00,3,100,0,50,100,16.6,233,231,30.6,38.5,0,6.10,1012.4,997.7
2022-01-05T18:00,3.3,0.00,62,-3.3,-2.0,0.00,0.00,0.00,3,100,0,100,100,18.8,236,234,31.4,39.2,0,0.00,1012.5,997.9
2022-01-05T19:00,3.4,0.00,66,-2.4,-1.6,0.00,0.00,0.00,3,100,0,94,100,16.9,248,246,29.1,39.6,0,0.00,1013.1,998.5
2022-01-05T20:00,3.6,0.00,73,-0.9,-1.2,0.00,0.00,0.00,3,99,0,0,99,17.3,262,258,29.4,36.0,0,0.00,1013.5,998.9
2022-01-05T21:00,3.9,0.00,75,-0.2,-0.9,0.00,0.00,0.00,3,100,0,0,100,17.9,263,260,30.1,37.4,0,0.00,1013.3,998.7
2022-01-05T22:00,3.8,0.00,77,0.2,-0.7,0.00,0.00,0.00,3,100,0,22,100,16.7,265,263,28.2,37.4,0,0.00,1013.7,999.1
2022-01-05T23:00,3.6,0.00,80,0.4,-0.6,0.00,0.00,0.00,3,100,0,45,100,14.8,260,256,25.9,34.9,0,0.00,1014.0,999.4
2022-01-06T00:00,3.9,0.00,79,0.6,-0.2,0.00,0.00,0.00,3,100,0,10,100,13.7,261,256,24.0,31.3,0,0.00,1014.4,999.8
2022-01-06T01:00,3.3,0.00,78,-0.1,-0.6,0.00,0.00,0.00,3,99,0,2,100,12.0,258,249,22.1,29.2,0,0.00,1015.2,1000.5
2022-01-06T02:00,3.4,0.10,80,0.2,-0.5,0.10,0.00,0.00,51,100,0,99,100,12.1,260,253,22.3,25.9,0,0.00,1015.5,1000.8
2022-01-06T03:00,3.3,0.20,85,0.9,-0.3,0.20,0.00,0.00,51,76,0,57,49,10.7,265,256,19.5,25.6,0,0.00,1016.0,1001.3
2022-01-06T04:00,2.5,0.10,91,1.2,-0.3,0.10,0.00,0.00,51,89,0,81,57,5.4,280,262,15.0,22.7,0,0.00,1016.4,1001.7
2022-01-06T05:00,2.6,0.00,91,1.3,-0.4,0.00,0.00,0.00,1,49,0,18,41,7.1,271,255,18.0,15.5,0,0.00,1016.8,1002.1
2022-01-06T06:00,2.0,0.00,92,0.8,-1.1,0.00,0.00,0.00,2,52,0,3,51,7.6,288,278,19.7,17.3,0,0.00,1017.6,1002.8
2022-01-06T07:00,2.2,0.00,91,0.9,-0.8,0.00,0.00,0.00,1,28,0,1,28,7.3,296,290,18.0,18.0,0,0.00,1018.2,1003.4
2022-01-06T08:00,0.8,0.00,93,-0.2,-2.2,0.00,0.00,0.00,1,39,0,1,38,5.8,288,277,15.9,16.2,0,0.00,1018.8,1003.9
2022-01-06T09:00,0.7,0.00,94,-0.1,-2.2,0.00,0.00,0.00,1,46,0,0,46,4.7,286,270,13.5,12.6,1,0.00,1019.6,1004.7
2022-01-06T10:00,2.2,0.00,91,0.9,-0.5,0.00,0.00,0.00,3,100,0,0,100,4.9,285,253,12.3,12.2,1,3600.00,1020.3,1005.5
2022-01-06T11:00,3.1,0.00,87,1.2,0.3,0.00,0.00,0.00,3,100,0,0,100,5.9,286,281,9.0,15.5,1,3600.00,1020.6,1005.8
2022-01-06T12:00,3.7,0.00,83,1.1,0.6,0.00,0.00,0.00,3,88,0,0,88,8.2,309,308,11.5,18.4,1,3399.16,1020.7,1006.0
2022-01-06T13:00,4.5,0.00,81,1.6,1.7,0.00,0.00,0.00,3,95,0,27,17,6.3,295,294,8.4,21.6,1,3600.00,1020.9,1006.2
2022-01-06T14:00,5.0,0.10,73,0.6,1.9,0.10,0.00,0.00,51,19,0,9,17,6.8,302,302,9.4,16.9,1,3600.00,1020.8,1006.1
2022-01-06T15:00,4.9,0.00,71,0.1,1.9,0.00,0.00,0.00,0,4,0,1,3,6.2,292,291,8.6,16.6,1,3600.00,1020.9,1006.2
2022-01-06T16:00,3.9,0.00,79,0.5,1.2,0.00,0.00,0.00,0,5,0,0,5,3.9,270,236,5.8,13.3,1,3600.00,1021.3,1006.6
2022-01-06T17:00,2.0,0.00,82,-0.8,-1.0,0.00,0.00,0.00,0,12,0,0,12,5.4,222,184,4.8,7.6,0,28.56,1021.6,1006.8
2022-01-06T18:00,0.9,0.00,88,-0.8,-2.2,0.00,0.00,0.00,1,29,0,0,29,6.2,194,170,15.2,11.5,0,0.00,1022.0,1007.1
2022-01-06T19:00,0.8,0.00,92,-0.3,-2.4,0.00,0.00,0.00,1,39,0,0,39,6.5,204,174,17.4,14.0,0,0.00,1022.2,1007.3
2022-01-06T20:00,0.5,0.00,93,-0.5,-2.7,0.00,0.00,0.00,1,32,0,0,32,6.9,206,174,17.2,13.7,0,0.00,1022.1,1007.2
2022-01-06T21:00,0.2,0.00,94,-0.7,-3.2,0.00,0.00,0.00,1,40,0,0,40,7.7,212,191,19.1,15.5,0,0.00,1022.3,1007.4
2022-01-06T22:00,-0.2,0.00,95,-0.9,-3.5,0.00,0.00,0.00,0,8,0,0,8,7.2,208,183,17.9,15.8,0,0.00,1022.2,1007.2
2022-01-06T23:00,-0.6,0.00,95,-1.2,-4.0,0.00,0.00,0.00,2,59,53,0,11,7.6,203,180,18.7,15.8,0,0.00,1022.1,1007.1
2022-01-07T00:00,-0.6,0.00,96,-1.2,-4.0,0.00,0.00,0.00,3,96,89,0,60,7.3,209,189,19.0,15.8,0,0.00,1022.1,1007.1
2022-01-07T01:00,0.3,0.00,96,-0.3,-3.0,0.00,0.00,0.00,3,100,100,0,28,7.6,200,175,18.3,17.3,0,0.00,1021.8,1006.9
2022-01-07T02:00,0.5,0.00,94,-0.4,-2.8,0.00,0.00,0.00,3,100,100,1,11,7.3,194,171,17.8,16.6,0,0.00,1021.3,1006.4
2022-01-07T03:00,0.2,0.00,93,-0.8,-3.1,0.00,0.00,0.00,3,100,100,12,12,6.8,200,180,17.7,15.8,0,0.00,1021.0,1006.1
2022-01-07T04:00,0.3,0.00,93,-0.8,-3.1,0.00,0.00,0.00,3,100,100,95,29,7.9,198,177,18.9,17.3,0,0.00,1020.5,1005.6
2022-01-07T05:00,0.3,0.00,93,-0.8,-3.3,0.00,0.00,0.00,3,100,100,100,43,9.4,198,180,21.2,20.2,0,0.00,1020.3,1005.4
2022-01-07T06:00,0.7,0.00,92,-0.4,-3.2,0.00,0.00,0.00,3,99,10,99,18,11.7,200,189,23.0,24.8,0,0.00,1019.7,1004.8
2022-01-07T07:00,0.3,0.00,92,-0.8,-3.5,0.00,0.00,0.00,1,39,0,25,19,10.9,205,197,23.5,24.8,0,0.00,1019.3,1004.4
2022-01-07T08:00,0.1,0.00,92,-1.1,-3.8,0.00,0.00,0.00,3,100,0,100,5,11.3,205,197,24.3,24.5,0,0.00,1018.9,1004.0
2022-01-07T09:00,0.4,0.10,91,-0.9,-3.6,0.00,0.00,0.07,71,100,0,100,85,11.9,212,205,24.3,25.6,1,0.00,1018.6,1003.7
2022-01-07T10:00,1.2,0.50,91,-0.1,-2.5,0.00,0.00,0.35,73,100,0,100,100,10.5,216,207,24.5,28.1,1,0.00,1018.6,1003.8
2022-01-07T11:00,1.4,0.30,92,0.3,-2.3,0.00,0.00,0.21,73,100,0,100,99,10.9,213,197,26.8,23.4,1,0.00,1018.2,1003.4
2022-01-07T12:00,1.9,0.10,90,0.4,-2.2,0.10,0.00,0.00,51,100,0,98,100,14.0,207,198,27.9,29.2,1,0.00,1017.4,1002.6
2022-01-07T13:00,1.6,0.00,92,0.4,-2.4,0.00,0.00,0.00,3,100,0,100,100,13.1,197,189,22.6,31.0,1,0.00,1017.5,1002.7
2022-01-07T14:00,2.1,0.00,92,1.0,-1.3,0.00,0.00,0.00,3,100,0,87,100,9.6,216,193,32.7,28.8,1,0.00,1017.0,1002.2
2022-01-07T15:00,2.7,0.00,90,1.1,-1.3,0.00,0.00,0.00,3,100,6,55,100,13.7,217,203,28.0,27.7,1,0.00,1016.3,1001.6
2022-01-07T16:00,2.9,0.00,85,0.6,-1.7,0.00,0.00,0.00,3,100,0,99,100,17.6,224,221,29.8,38.5,1,0.00,1016.3,1001.6
2022-01-07T17:00,2.9,0.00,85,0.6,-1.5,0.00,0.00,0.00,3,100,0,95,100,16.1,226,222,28.3,36.4,0,0.00,1016.4,1001.7
2022-01-07T18:00,3.0,0.00,84,0.6,-1.5,0.00,0.00,0.00,3,100,20,94,100,16.7,220,217,28.6,35.3,0,0.00,1016.1,1001.4
2022-01-07T19:00,3.1,0.00,84,0.6,-1.5,0.00,0.01,0.00,3,100,12,53,100,17.5,218,217,29.7,36.4,0,0.00,1015.9,1001.2
2022-01-07T20:00,2.9,0.10,86,0.7,-1.9,0.10,0.01,0.00,51,100,0,24,100,18.9,225,222,31.8,39.6,0,0.00,1016.0,1001.3
2022-01-07T21:00,2.8,0.30,86,0.7,-1.7,0.10,0.01,0.14,71,99,0,83,95,16.5,221,216,28.6,39.6,0,0.00,1015.7,1001.0
2022-01-07T22:00,2.3,1.00,88,0.5,-2.1,0.30,0.01,0.49,73,100,99,96,62,15.7,218,217,27.9,33.8,0,0.00,1015.2,1000.5
2022-01-07T23:00,2.4,1.20,93,1.4,-1.9,0.30,0.01,0.63,73,100,85,100,100,16.3,219,215,29.2,34.2,0,0.00,1014.7,1000.0
2022-01-08T00:00,3.1,0.00,88,1.4,-1.0,0.00,0.01,0.00,3,100,100,100,99,15.3,211,207,27.3,33.5,0,0.00,1013.8,999.1
2022-01-08T01:00,3.3,0.10,91,1.9,-0.8,0.10,0.01,0.00,51,100,100,100,100,15.4,205,201,27.1,31.7,0,0.00,1012.2,997.6
2022-01-08T02:00,3.5,0.40,88,1.7,-0.1,0.40,0.01,0.00,51,100,100,100,34,11.7,199,191,21.7,32.4,0,0.00,1011.3,996.7
2022-01-08T03:00,3.1,0.50,90,1.7,-0.1,0.40,0.01,0.07,71,100,99,100,90,9.6,175,160,19.5,25.2,0,0.00,1010.1,995.5
2022-01-08T04:00,1.9,2.10,98,1.6,-1.6,1.00,0.01,0.77,73,100,99,100,100,10.8,159,150,19.3,23.4,0,0.00,1009.4,994.7
2022-01-08T05:00,2.2,0.90,97,1.8,-1.2,0.50,0.02,0.28,73,100,47,100,100,11.1,222,216,22.4,23.4,0,0.00,1009.0,994.4
2022-01-08T06:00,2.7,0.30,95,1.9,-1.8,0.30,0.02,0.00,51,100,0,99,100,18.4,276,269,30.0,35.6,0,0.00,1009.5,994.9
2022-01-08T07:00,1.5,0.10,97,1.1,-3.6,0.10,0.02,0.00,51,100,0,63,100,21.7,314,310,36.9,51.1,0,0.00,1012.3,997.6
2022-01-08T08:00,1.7,0.00,92,0.6,-2.8,0.00,0.03,0.00,3,82,0,0,82,16.4,308,303,29.2,45.4,0,0.00,1014.0,999.3
2022-01-08T09:00,1.4,0.00,91,0.1,-2.3,0.00,0.03,0.00,1,44,4,0,42,10.7,291,284,20.1,34.2,1,0.00,1015.4,1000.6
2022-01-08T10:00,1.6,0.00,91,0.3,-2.0,0.00,0.03,0.00,2,77,50,54,34,10.2,236,231,19.5,22.7,1,3600.00,1016.5,1001.7
2022-01-08T11:00,2.2,0.00,86,0.1,-2.4,0.00,0.03,0.00,2,75,36,42,41,16.9,240,241,24.8,34.2,1,3600.00,1016.7,1001.9
2022-01-08T12:00,2.9,0.00,81,-0.0,-2.1,0.00,0.03,0.00,3,92,73,22,67,19.2,231,230,27.9,39.2,1,3600.00,1016.3,1001.6
2022-01-08T13:00,3.0,0.00,85,0.6,-1.9,0.00,0.02,0.00,3,100,94,1,61,19.7,231,230,28.9,45.0,1,3600.00,1016.0,1001.3
2022-01-08T14:00,3.6,0.10,76,-0.3,-1.7,0.10,0.02,0.00,51,100,53,78,99,21.4,223,222,32.1,44.6,1,3600.00,1014.7,1000.0
2022-01-08T15:00,3.5,0.10,79,0.2,-1.4,0.10,0.02,0.00,51,99,80,90,50,19.4,211,211,29.9,43.6,1,0.00,1013.3,998.7
2022-01-08T16:00,3.2,0.00,81,0.3,-0.8,0.00,0.02,0.00,3,100,100,100,32,13.1,206,201,23.2,39.6,1,2424.69,1012.2,997.6
2022-01-08T17:00,3.1,0.10,78,-0.5,-1.0,0.10,0.02,0.00,51,100,100,100,24,13.0,191,180,23.1,28.8,0,0.00,1010.7,996.1
2022-01-08T18:00,3.1,0.00,73,-1.2,-1.3,0.00,0.02,0.00,3,100,93,100,97,14.1,174,165,25.7,29.2,0,0.00,1008.7,994.1
2022-01-08T19:00,3.3,0.00,74,-0.9,-1.0,0.00,0.02,0.00,3,100,99,100,100,13.9,180,170,24.8,31.3,0,0.00,1007.2,992.6
2022-01-08T20:00,3.6,0.00,76,-0.2,-0.5,0.00,0.02,0.00,3,100,100,100,100,13.5,180,164,24.1,29.9,0,0.00,1005.2,990.7
2022-01-08T21:00,3.8,0.00,77,0.1,-0.1,0.00,0.02,0.00,3,100,100,100,99,12.6,176,160,23.4,28.4,0,0.00,1003.0,988.5
2022-01-08T22:00,3.8,0.10,79,0.5,-0.1,0.10,0.02,0.00,51,100,100,100,97,12.8,159,142,23.5,27.4,0,0.00,1000.9,986.5
2022-01-08T23:00,3.7,0.30,83,1.0,-0.2,0.30,0.02,0.00,51,100,100,100,100,13.3,150,131,23.7,27.0,0,0.00,998.8,984.4
2022-01-09T00:00,3.9,0.60,89,2.3,0.5,0.60,0.02,0.00,53,100,100,100,100,11.5,157,136,21.9,26.6,0,0.00,997.0,982.6
2022-01-09T01:00,4.3,1.30,90,2.8,0.5,1.30,0.02,0.00,61,100,100,100,100,14.5,171,161,27.0,26.6,0,0.00,995.8,981.5
2022-01-09T02:00,4.3,1.80,92,3.0,0.7,1.80,0.02,0.00,61,100,100,100,100,13.4,183,174,23.8,31.0,0,0.00,994.9,980.6
2022-01-09T03:00,5.2,0.90,91,3.8,0.7,0.90,0.02,0.00,53,100,100,100,100,20.6,222,216,36.4,41.0,0,0.00,993.8,979.5
2022-01-09T04:00,5.3,1.30,92,4.1,0.2,1.30,0.02,0.00,61,100,100,100,100,25.2,229,228,42.6,52.6,0,0.00,994.2,979.9
2022-01-09T05:00,5.2,0.60,89,3.6,0.1,0.60,0.02,0.00,53,100,52,100,97,24.5,248,244,40.5,54.4,0,0.00,995.5,981.2
2022-01-09T06:00,4.6,0.50,88,2.8,-0.4,0.50,0.02,0.00,53,100,25,100,52,22.9,266,263,38.3,51.5,0,0.00,997.4,983.0
2022-01-09T07:00,4.2,1.10,90,2.7,-0.5,1.10,0.02,0.00,55,100,100,100,75,21.1,257,253,35.5,47.9,0,0.00,998.9,984.5
2022-01-09T08:00,3.9,1.80,92,2.7,-0.7,1.50,0.02,0.21,73,100,100,100,96,20.3,250,247,35.0,43.9,0,0.00,1000.4,986.0
2022-01-09T09:00,4.2,0.20,90,2.7,-0.5,0.20,0.02,0.00,51,100,100,99,100,20.5,251,248,34.7,48.6,1,0.00,1001.9,987.5
2022-01-09T10:00,4.3,0.10,88,2.5,-0.3,0.10,0.02,0.00,51,100,100,94,64,19.6,258,257,32.8,47.2,1,0.00,1002.6,988.2
2022-01-09T11:00,4.5,0.00,85,2.3,0.3,0.00,0.02,0.00,3,100,100,36,58,16.6,261,257,26.6,41.0,1,0.00,1003.4,989.0
2022-01-09T12:00,4.8,0.10,83,2.1,1.1,0.10,0.01,0.00,51,100,100,47,52,12.7,248,245,19.4,37.4,1,239.22,1004.2,989.8
2022-01-09T13:00,5.0,0.00,79,1.7,0.6,0.00,0.01,0.00,3,100,100,8,17,16.9,239,241,25.7,34.9,1,3600.00,1004.8,990.4
2022-01-09T14:00,5.5,0.10,79,2.2,1.6,0.10,0.01,0.00,51,78,36,41,50,14.7,236,234,22.1,38.9,1,3600.00,1004.8,990.4
2022-01-09T15:00,4.8,0.90,83,2.2,1.1,0.50,0.01,0.28,73,76,3,71,18,13.2,235,235,20.7,34.9,1,3600.00,1004.9,990.5
2022-01-09T16:00,4.5,0.20,85,2.2,0.9,0.20,0.01,0.00,51,59,25,21,31,12.7,221,215,23.0,28.1,1,3600.00,1005.3,990.8
2022-01-09T17:00,3.1,0.00,91,1.7,-0.3,0.00,0.01,0.00,2,50,0,20,39,10.4,220,214,22.5,25.9,0,52.83,1006.0,991.4
2022-01-09T18:00,2.6,0.00,93,1.6,-0.6,0.00,0.01,0.00,0,16,0,4,15,9.3,226,216,21.4,21.2,0,0.00,1006.7,992.1
2022-01-09T19:00,1.4,0.40,92,0.2,-1.6,0.30,0.01,0.07,71,41,0,17,28,6.2,243,234,18.2,19.1,0,0.00,1007.6,992.9
2022-01-09T20:00,1.4,0.30,94,0.6,-1.4,0.10,0.01,0.14,71,37,0,9,33,5.6,241,220,15.6,14.0,0,0.00,1008.4,993.7
2022-01-09T21:00,1.2,0.00,96,0.7,-1.5,0.00,0.01,0.00,1,29,0,0,29,4.9,239,216,13.9,11.9,0,0.00,1009.0,994.3
2022-01-09T22:00,0.2,0.00,97,-0.2,-2.7,0.00,0.01,0.00,1,41,0,13,32,5.2,238,214,13.1,10.1,0,0.00,1009.5,994.7
2022-01-09T23:00,-0.3,0.00,97,-0.6,-3.2,0.00,0.01,0.00,1,44,0,11,37,4.9,238,197,10.2,9.4,0,0.00,1010.4,995.6
2022-01-10T00:00,-0.2,0.00,98,-0.5,-3.0,0.00,0.01,0.00,1,42,0,12,34,4.4,217,171,9.0,8.3,0,0.00,1011.3,996.5
2022-01-10T01:00,-0.1,0.00,96,-0.7,-3.4,0.00,0.01,0.00,1,39,0,9,29,7.2,219,186,14.3,8.6,0,0.00,1011.9,997.1
2022-01-10T02:00,-0.3,0.00,96,-0.9,-3.5,0.00,0.01,0.00,0,19,0,8,13,6.3,224,193,11.5,12.6,0,0.00,1012.5,997.7
2022-01-10T03:00,1.3,0.10,93,0.2,-1.4,0.10,0.01,0.00,51,39,0,15,35,4.0,243,185,6.4,10.4,0,0.00,1013.4,998.6
2022-01-10T04:00,1.3,0.00,92,0.1,-1.0,0.00,0.01,0.00,1,20,0,15,14,1.1,336,108,3.5,5.8,0,0.00,1014.1,999.3
2022-01-10T05:00,-0.9,0.00,96,-1.5,-3.8,0.00,0.01,0.00,0,1,0,0,1,3.6,243,143,0.8,5.0,0,0.00,1014.8,999.9
2022-01-10T06:00,0.1,0.00,97,-0.3,-2.5,0.00,0.01,0.00,2,73,28,71,3,2.8,253,140,3.8,5.0,0,0.00,1015.8,1000.9
2022-01-10T07:00,-2.3,0.00,98,-2.6,-5.2,0.00,0.01,0.00,3,99,27,58,99,2.5,270,98,0.7,4.7,0,0.00,1016.9,1001.9
2022-01-10T08:00,-1.7,0.00,97,-2.2,-4.4,0.00,0.01,0.00,3,100,0,0,100,1.4,270,90,0.7,5.4,0,0.00,1017.9,1002.9
2022-01-10T09:00,-1.3,0.00,98,-1.6,-4.0,0.00,0.01,0.00,3,100,0,1,100,1.8,297,79,2.4,7.6,1,0.00,1019.3,1004.3
2022-01-10T10:00,-0.6,0.00,98,-0.9,-3.0,0.00,0.01,0.00,3,100,0,0,100,0.5,307,45,1.8,7.6,1,2574.26,1020.3,1005.3
2022-01-10T11:00,0.3,0.00,98,0.1,-2.0,0.00,0.01,0.00,3,100,0,0,100,1.6,333,333,1.6,9.0,1,2167.45,1021.4,1006.5
2022-01-10T12:00,1.0,0.00,98,0.7,-1.5,0.00,0.01,0.00,3,100,0,0,100,3.3,328,311,3.4,11.9,1,2350.00,1022.2,1007.3
2022-01-10T13:00,4.1,0.00,89,2.5,1.9,0.00,0.01,0.00,3,100,0,0,100,3.4,345,342,4.1,14.4,1,1398.70,1022.9,1008.2
2022-01-10T14:00,5.0,0.00,83,2.4,2.7,0.00,0.01,0.00,1,45,0,5,42,3.4,336,328,4.3,12.6,1,3600.00,1023.5,1008.8
2022-01-10T15:00,5.1,0.00,81,2.1,3.0,0.00,0.01,0.00,1,22,0,7,18,1.8,342,323,2.3,11.2,1,3600.00,1024.1,1009.4
2022-01-10T16:00,3.9,0.00,91,2.5,1.7,0.00,0.01,0.00,0,4,0,0,4,3.4,328,302,5.5,6.5,1,3600.00,1024.8,1010.0
2022-01-10T17:00,1.6,0.00,95,0.8,-1.3,0.00,0.01,0.00,0,13,0,3,11,5.9,333,317,11.8,11.2,0,214.77,1025.9,1011.0
2022-01-10T18:00,0.5,0.00,98,0.2,-2.4,0.00,0.01,0.00,0,10,0,1,10,5.8,357,356,14.1,11.9,0,0.00,1027.0,1012.0
2022-01-10T19:00,-0.2,0.00,96,-0.8,-3.2,0.00,0.01,0.00,0,16,0,0,16,5.2,24,34,12.2,11.2,0,0.00,1027.7,1012.7
2022-01-10T20:00,-1.1,0.00,94,-1.9,-4.3,0.00,0.01,0.00,0,0,0,0,0,5.4,38,48,10.0,10.4,0,0.00,1028.3,1013.2
2022-01-10T21:00,-1.2,0.00,92,-2.3,-4.4,0.00,0.01,0.00,0,1,0,0,1,5.5,45,58,10.7,10.8,0,0.00,1028.9,1013.8
2022-01-10T22:00,-1.2,0.00,92,-2.4,-4.5,0.00,0.01,0.00,0,1,0,0,1,5.3,58,62,13.6,11.5,0,0.00,1029.5,1014.4
2022-01-10T23:00,-1.6,0.00,92,-2.7,-5.0,0.00,0.01,0.00,0,7,0,0,7,6.3,64,66,13.2,10.8,0,0.00,1030.1,1014.9
2022-01-11T00:00,-0.3,0.00,91,-1.7,-3.5,0.00,0.01,0.00,1,20,0,0,20,5.2,80,74,9.9,11.2,0,0.00,1030.7,1015.6
2022-01-11T01:00,-0.2,0.00,95,-1.0,-3.0,0.00,0.01,0.00,0,15,0,0,63,3.3,81,49,6.6,9.0,0,0.00,1031.1,1016.0
2022-01-11T02:00,-0.2,0.00,95,-0.9,-2.8,0.00,0.01,0.00,0,4,0,0,4,2.6,79,16,5.5,6.5,0,0.00,1031.3,1016.2
2022-01-11T03:00,-0.2,0.00,95,-0.8,-2.6,0.00,0.01,0.00,0,2,0,0,2,0.8,101,333,3.7,6.1,0,0.00,1031.6,1016.5
2022-01-11T04:00,-1.9,0.00,97,-2.3,-5.0,0.00,0.01,0.00,0,14,0,0,14,3.9,53,326,1.8,6.1,0,0.00,1031.9,1016.7
2022-01-11T05:00,-1.5,0.00,97,-1.8,-4.7,0.00,0.01,0.00,1,38,0,0,38,5.4,353,340,8.4,9.7,0,0.00,1032.3,1017.1
2022-01-11T06:00,-1.3,0.00,96,-1.8,-4.6,0.00,0.01,0.00,1,45,0,0,45,6.0,349,343,11.7,11.5,0,0.00,1032.6,1017.4
2022-01-11T07:00,-1.3,0.00,95,-1.9,-4.5,0.00,0.01,0.00,1,37,0,0,37,5.7,352,342,12.4,13.0,0,0.00,1032.9,1017.7
2022-01-11T08:00,-2.0,0.00,95,-2.7,-5.1,0.00,0.01,0.00,1,32,0,0,32,4.5,355,346,9.0,11.2,0,0.00,1033.3,1018.1
2022-01-11T09:00,-1.5,0.00,95,-2.1,-4.3,0.00,0.01,0.00,1,28,0,0,28,2.9,3,353,6.8,8.6,1,9.36,1034.0,1018.8
2022-01-11T10:00,0.2,0.00,94,-0.7,-2.5,0.00,0.01,0.00,1,44,0,0,44,3.1,5,315,4.0,8.3,1,3600.00,1034.3,1019.2
2022-01-11T11:00,1.4,0.00,91,0.1,-1.1,0.00,0.01,0.00,1,41,0,0,41,2.4,301,297,2.1,9.4,1,3600.00,1034.4,1019.3
2022-01-11T12:00,2.4,0.00,90,1.0,-0.1,0.00,0.01,0.00,2,52,0,0,52,3.9,294,292,4.3,12.6,1,3600.00,1034.4,1019.4
2022-01-11T13:00,4.5,0.00,87,2.5,2.6,0.00,0.01,0.00,2,77,0,0,64,1.5,349,315,1.8,13.7,1,3600.00,1034.3,1019.4
2022-01-11T14:00,5.4,0.00,79,2.0,3.1,0.00,0.01,0.00,2,75,0,0,75,3.2,69,63,5.0,9.4,1,3600.00,1034.0,1019.2
2022-01-11T15:00,5.6,0.00,67,-0.0,2.5,0.00,0.01,0.00,3,98,0,0,98,6.1,88,90,9.4,14.4,1,2361.12,1033.8,1019.0
2022-01-11T16:00,4.9,0.00,79,1.5,2.5,0.00,0.01,0.00,3,100,0,0,100,3.1,82,69,8.0,13.7,1,382.56,1034.0,1019.1
2022-01-11T17:00,3.5,0.00,82,0.7,0.7,0.00,0.01,0.00,3,100,0,0,100,5.1,69,45,8.9,8.6,0,0.00,1034.3,1019.4
2022-01-11T18:00,3.4,0.00,79,0.2,0.7,0.00,0.01,0.00,3,96,0,0,96,4.5,78,61,12.5,9.7,0,0.00,1034.5,1019.6
2022-01-11T19:00,2.3,0.00,84,-0.0,-0.7,0.00,0.01,0.00,3,97,0,0,97,6.1,77,62,15.5,11.9,0,0.00,1035.0,1020.0
2022-01-11T20:00,2.7,0.00,83,0.1,-0.7,0.00,0.01,0.00,2,76,0,0,76,8.7,79,73,19.4,16.6,0,0.00,1035.4,1020.4
2022-01-11T21:00,1.9,0.00,87,-0.0,-1.6,0.00,0.01,0.00,1,49,0,0,49,9.8,80,73,21.2,19.1,0,0.00,1035.6,1020.6
2022-01-11T22:00,1.6,0.00,85,-0.7,-2.1,0.00,0.01,0.00,2,53,0,0,53,9.7,76,68,19.6,19.4,0,0.00,1035.9,1020.8
2022-01-11T23:00,0.9,0.00,85,-1.4,-2.7,0.00,0.01,0.00,1,37,1,0,36,8.4,82,70,17.1,18.7,0,0.00,1036.2,1021.1
2022-01-12T00:00,-0.1,0.00,87,-1.9,-3.6,0.00,0.01,0.00,0,17,0,0,17,7.3,78,70,16.2,16.2,0,0.00,1036.5,1021.3
2022-01-12T01:00,0.0,0.00,86,-2.0,-3.6,0.00,0.01,0.00,1,41,0,0,95,7.9,90,74,15.8,14.4,0,0.00,1036.9,1021.7
2022-01-12T02:00,1.5,0.00,80,-1.5,-1.9,0.00,0.01,0.00,2,74,0,0,74,6.9,94,84,14.8,17.3,0,0.00,1037.0,1021.9
2022-01-12T03:00,0.5,0.00,87,-1.5,-2.7,0.00,0.01,0.00,1,36,21,0,19,5.8,95,83,11.9,13.7,0,0.00,1037.2,1022.1
2022-01-12T04:00,-0.8,0.00,89,-2.4,-4.0,0.00,0.01,0.00,0,7,0,0,7,5.4,101,82,11.4,11.5,0,0.00,1037.3,1022.1
2022-01-12T05:00,-1.8,0.00,90,-3.2,-5.1,0.00,0.01,0.00,1,23,13,0,12,5.2,86,74,10.1,11.2,0,0.00,1037.7,1022.4
2022-01-12T06:00,-2.2,0.00,91,-3.5,-5.5,0.00,0.01,0.00,3,100,100,0,42,4.7,88,90,10.4,10.4,0,0.00,1037.8,1022.5
2022-01-12T07:00,-1.9,0.00,91,-3.2,-5.4,0.00,0.01,0.00,2,77,49,13,48,5.8,119,120,13.5,11.5,0,0.00,1038.2,1022.9
2022-01-12T08:00,-2.1,0.00,91,-3.3,-5.7,0.00,0.01,0.00,3,80,3,78,3,6.9,125,118,15.8,13.3,0,0.00,1038.7,1023.4
2022-01-12T09:00,-1.6,0.00,90,-3.0,-5.1,0.00,0.01,0.00,3,98,98,17,1,6.5,110,93,13.4,14.4,1,0.00,1039.5,1024.2
2022-01-12T10:00,-0.2,0.00,86,-2.2,-3.2,0.00,0.01,0.00,2,68,0,67,2,4.1,90,75,9.0,13.0,1,1829.40,1040.4,1025.2
2022-01-12T11:00,1.5,0.00,79,-1.7,-1.5,0.00,0.01,0.00,3,99,0,99,0,4.1,122,135,6.8,11.9,1,3600.00,1040.5,1025.4
2022-01-12T12:00,2.4,0.00,73,-1.9,-0.7,0.00,0.01,0.00,3,100,0,100,0,4.8,152,153,6.9,13.7,1,3381.83,1040.1,1025.0
2022-01-12T13:00,3.4,0.00,67,-2.1,0.8,0.00,0.01,0.00,3,90,0,1,0,1.1,135,162,1.5,13.3,1,0.00,1040.0,1025.0
2022-01-12T14:00,3.9,0.00,67,-1.6,1.3,0.00,0.01,0.00,1,26,0,19,8,1.5,360,346,1.8,9.4,1,3600.00,1039.9,1024.9
2022-01-12T15:00,4.0,0.00,68,-1.5,1.4,0.00,0.01,0.00,0,18,0,15,4,1.5,11,346,1.8,8.3,1,3600.00,1040.0,1025.0
2022-01-12T16:00,2.6,0.00,83,0.1,-0.1,0.00,0.01,0.00,0,1,0,0,1,3.8,304,287,5.2,6.5,1,3600.00,1040.0,1024.9
2022-01-12T17:00,1.2,0.00,81,-1.7,-2.2,0.00,0.01,0.00,0,6,4,0,2,6.6,297,279,7.2,9.0,0,402.57,1040.0,1024.8
2022-01-12T18:00,1.5,0.00,82,-1.3,-1.6,0.00,0.01,0.00,0,10,0,4,8,5.2,317,335,7.9,9.4,0,0.00,1040.5,1025.4
2022-01-12T19:00,-0.8,0.00,88,-2.6,-3.7,0.00,0.01,0.00,3,94,4,8,93,2.5,354,98,3.3,7.9,0,0.00,1040.9,1025.6
2022-01-12T20:00,-1.0,0.00,89,-2.6,-3.9,0.00,0.01,0.00,3,100,0,0,100,3.1,51,111,2.3,6.1,0,0.00,1041.1,1025.8
2022-01-12T21:00,0.7,0.00,84,-1.8,-2.0,0.00,0.01,0.00,3,100,0,0,100,2.2,56,90,2.6,6.5,0,0.00,1041.4,1026.2
2022-01-12T22:00,0.7,0.00,86,-1.4,-1.8,0.00,0.01,0.00,3,100,0,0,100,1.5,59,104,2.1,5.4,0,0.00,1041.7,1026.5
2022-01-12T23:00,0.3,0.00,87,-1.7,-2.4,0.00,0.01,0.00,3,100,0,0,100,2.0,162,135,1.1,5.8,0,0.00,1041.8,1026.6
2022-01-13T00:00,0.1,0.00,86,-1.9,-2.8,0.00,0.01,0.00,0,14,0,0,14,3.4,184,148,5.8,6.1,0,0.00,1041.6,1026.4
2022-01-13T01:00,-2.3,0.00,91,-3.5,-5.3,0.00,0.01,0.00,0,12,6,0,6,2.6,326,56,1.3,9.0,0,0.00,1042.3,1026.9
2022-01-13T02:00,-2.4,0.00,91,-3.6,-5.4,0.00,0.01,0.00,0,4,0,0,4,2.5,39,90,2.3,7.9,0,0.00,1042.5,1027.1
2022-01-13T03:00,-2.5,0.00,92,-3.7,-5.7,0.00,0.01,0.00,1,34,0,0,34,3.3,113,103,4.7,7.9,0,0.00,1042.5,1027.1
2022-01-13T04:00,-2.9,0.00,92,-4.0,-6.2,0.00,0.01,0.00,0,15,0,0,15,4.0,153,117,7.2,8.3,0,0.00,1042.2,1026.8
2022-01-13T05:00,-3.2,0.00,92,-4.3,-6.4,0.00,0.01,0.00,1,23,0,0,23,3.2,170,90,4.0,7.9,0,0.00,1042.3,1026.9
2022-01-13T06:00,-2.9,0.00,92,-3.9,-5.9,0.00,0.01,0.00,0,4,0,1,4,2.3,72,72,1.1,6.5,0,0.00,1042.1,1026.7
2022-01-13T07:00,-2.9,0.00,92,-4.0,-5.9,0.00,0.01,0.00,1,41,40,0,2,2.5,82,90,2.5,6.1,0,0.00,1042.2,1026.8
2022-01-13T08:00,-2.8,0.00,92,-4.0,-6.0,0.00,0.01,0.00,2,51,50,0,1,3.3,103,96,4.8,6.8,0,0.00,1042.6,1027.2
2022-01-13T09:00,-2.0,0.00,90,-3.4,-5.2,0.00,0.01,0.00,0,1,0,0,1,4.3,107,95,6.0,8.6,1,41.33,1043.2,1027.8
2022-01-13T10:00,0.2,0.00,78,-3.1,-2.6,0.00,0.01,0.00,0,0,0,0,0,1.5,97,104,2.9,10.1,1,3600.00,1042.9,1027.7
2022-01-13T11:00,1.8,0.00,70,-3.0,-1.0,0.00,0.01,0.00,0,0,0,0,0,1.8,333,323,2.4,9.0,1,3600.00,1042.8,1027.6
2022-01-13T12:00,2.8,0.00,74,-1.4,0.0,0.00,0.01,0.00,0,0,0,0,0,2.7,349,337,3.7,10.8,1,3600.00,1042.4,1027.3
2022-01-13T13:00,3.1,0.00,77,-0.6,0.6,0.00,0.01,0.00,0,0,0,0,0,1.8,117,127,2.4,10.8,1,3600.00,1042.7,1027.6
2022-01-13T14:00,3.7,0.00,76,-0.1,1.0,0.00,0.01,0.00,0,1,0,0,1,3.3,132,139,4.3,11.2,1,3600.00,1042.0,1027.0
2022-01-13T15:00,3.9,0.00,75,-0.1,1.4,0.00,0.01,0.00,0,4,4,0,0,1.9,146,158,2.6,10.8,1,3600.00,1041.4,1026.4
2022-01-13T16:00,2.8,0.00,89,1.1,0.3,0.00,0.01,0.00,3,100,100,0,0,3.2,353,333,2.9,6.8,1,3600.00,1041.4,1026.3
2022-01-13T17:00,0.5,0.00,90,-1.0,-2.7,0.00,0.01,0.00,3,98,98,0,0,6.2,356,339,5.4,9.0,0,288.33,1041.3,1026.1
2022-01-13T18:00,0.7,0.00,90,-0.7,-2.2,0.00,0.01,0.00,3,98,98,0,0,4.4,34,9,2.6,9.0,0,0.00,1040.8,1025.6
2022-01-13T19:00,-0.9,0.00,94,-1.8,-4.0,0.00,0.01,0.00,0,0,0,0,0,4.3,53,42,3.6,7.9,0,0.00,1040.6,1025.3
2022-01-13T20:00,-1.2,0.00,93,-2.2,-4.2,0.00,0.01,0.00,0,4,4,0,0,3.5,85,66,4.0,7.6,0,0.00,1040.5,1025.2
2022-01-13T21:00,-1.7,0.00,93,-2.7,-4.6,0.00,0.01,0.00,0,0,0,0,0,2.5,131,82,3.3,6.8,0,0.00,1040.3,1025.0
2022-01-13T22:00,-1.7,0.00,93,-2.8,-4.6,0.00,0.01,0.00,0,0,0,0,0,2.3,39,72,2.3,5.8,0,0.00,1040.3,1025.0
2022-01-13T23:00,-1.8,0.00,92,-3.0,-4.9,0.00,0.01,0.00,0,0,0,0,0,3.3,111,103,3.1,6.1,0,0.00,1039.8,1024.5
2022-01-14T00:00,-2.1,0.00,91,-3.4,-5.6,0.00,0.01,0.00,0,0,0,0,0,5.8,135,112,4.6,7.6,0,0.00,1039.5,1024.2
2022-01-14T01:00,-2.1,0.00,93,-3.2,-5.4,0.00,0.01,0.00,0,0,0,0,0,4.5,69,61,5.0,7.9,0,0.00,1039.5,1024.2
2022-01-14T02:00,-2.2,0.00,92,-3.3,-5.6,0.00,0.01,0.00,0,0,0,0,0,5.4,73,94,4.9,8.6,0,0.00,1038.9,1023.6
2022-01-14T03:00,-2.2,0.00,92,-3.3,-5.6,0.00,0.01,0.00,0,0,0,0,0,5.9,144,142,4.9,7.6,0,0.00,1038.7,1023.4
2022-01-14T04:00,-1.5,0.00,90,-2.9,-4.6,0.00,0.01,0.00,0,0,0,0,0,3.8,166,131,4.5,7.6,0,0.00,1038.7,1023.4
2022-01-14T05:00,-2.2,0.00,93,-3.2,-5.5,0.00,0.01,0.00,0,0,0,0,0,4.7,168,148,5.2,5.4,0,0.00,1038.5,1023.2
2022-01-14T06:00,-2.5,0.00,94,-3.3,-5.6,0.00,0.01,0.00,0,1,0,0,1,3.7,171,169,6.9,7.2,0,0.00,1038.2,1022.9
2022-01-14T07:00,-2.4,0.00,95,-3.1,-5.6,0.00,0.01,0.00,0,9,0,0,9,4.7,180,176,9.0,8.6,0,0.00,1038.0,1022.7
2022-01-14T08:00,-2.7,0.00,97,-3.2,-5.9,0.00,0.01,0.00,3,100,0,0,100,4.0,190,170,9.9,9.0,0,0.00,1038.0,1022.7
2022-01-14T09:00,-2.1,0.00,99,-2.3,-5.3,0.00,0.01,0.00,3,100,0,0,100,5.0,185,150,8.0,10.1,1,0.00,1037.9,1022.6
2022-01-14T10:00,-1.0,0.00,95,-1.7,-4.0,0.00,0.01,0.00,3,100,0,0,100,4.0,180,153,5.0,11.5,1,3600.00,1038.0,1022.8
2022-01-14T11:00,0.6,0.00,90,-0.9,-2.4,0.00,0.01,0.00,2,73,0,0,73,4.7,180,171,6.8,13.0,1,3600.00,1037.9,1022.7
2022-01-14T12:00,2.1,0.00,85,-0.1,-0.7,0.00,0.01,0.00,1,46,0,0,46,4.0,184,180,5.8,14.0,1,3600.00,1037.5,1022.4
2022-01-14T13:00,2.5,0.00,75,-1.5,-0.3,0.00,0.01,0.00,0,13,0,0,46,3.0,191,194,3.7,13.0,1,3600.00,1037.1,1022.1
2022-01-14T14:00,3.3,0.00,72,-1.3,0.6,0.00,0.01,0.00,1,20,0,0,20,2.4,203,207,2.7,11.5,1,3600.00,1036.3,1021.3
2022-01-14T15:00,3.2,0.00,73,-1.2,0.4,0.00,0.01,0.00,0,1,0,0,1,3.8,198,197,5.7,10.4,1,3600.00,1035.7,1020.7
2022-01-14T16:00,2.4,0.00,78,-1.1,-0.5,0.00,0.01,0.00,0,17,16,0,1,3.9,171,146,4.7,9.7,1,3600.00,1035.5,1020.5
2022-01-14T17:00,-0.3,0.00,86,-2.3,-3.3,0.00,0.01,0.00,1,40,39,0,2,3.7,135,79,1.0,6.1,0,641.53,1035.3,1020.1
2022-01-14T18:00,-2.4,0.00,90,-3.8,-5.7,0.00,0.01,0.00,0,2,0,0,2,4.5,188,104,2.5,6.8,0,0.00,1035.2,1019.9
2022-01-14T19:00,-2.1,0.00,89,-3.7,-5.8,0.00,0.01,0.00,0,2,0,0,2,6.7,198,126,6.8,7.9,0,0.00,1034.9,1019.6
2022-01-14T20:00,-1.6,0.00,87,-3.5,-4.9,0.00,0.01,0.00,0,1,0,0,1,4.4,191,99,3.7,7.9,0,0.00,1034.9,1019.7
2022-01-14T21:00,-2.7,0.00,88,-4.4,-6.1,0.00,0.01,0.00,0,1,0,0,1,4.3,101,90,1.8,7.6,0,0.00,1034.5,1019.2
2022-01-14T22:00,-3.1,0.00,88,-4.7,-6.4,0.00,0.01,0.00,0,0,0,0,0,3.6,66,90,4.3,7.6,0,0.00,1034.2,1018.9
2022-01-14T23:00,-3.9,0.00,89,-5.4,-7.1,0.00,0.01,0.00,0,1,0,0,1,2.9,112,97,1.9,7.2,0,0.00,1033.9,1018.6
2022-01-15T00:00,-4.1,0.00,89,-5.6,-7.5,0.00,0.01,0.00,0,1,0,0,1,3.6,110,90,4.2,8.3,0,0.00,1033.8,1018.4
2022-01-15T01:00,-3.1,0.00,91,-4.4,-6.7,0.00,0.01,0.00,0,1,0,0,1,5.5,76,79,5.9,9.4,0,0.00,1033.6,1018.3
2022-01-15T02:00,-2.5,0.00,90,-3.9,-5.8,0.00,0.01,0.00,0,0,0,0,0,4.6,88,72,10.8,9.7,0,0.00,1033.1,1017.8
2022-01-15T03:00,-2.1,0.00,88,-3.7,-5.6,0.00,0.01,0.00,0,18,0,0,18,5.9,92,76,11.5,11.2,0,0.00,1032.6,1017.4
2022-01-15T04:00,-0.2,0.00,83,-2.8,-3.4,0.00,0.01,0.00,2,76,0,0,76,4.3,94,66,11.2,10.4,0,0.00,1032.4,1017.3
2022-01-15T05:00,-1.0,0.00,91,-2.3,-4.1,0.00,0.01,0.00,3,100,0,0,100,4.7,81,23,11.3,10.1,0,0.00,1031.9,1016.7
2022-01-15T06:00,-0.2,0.00,93,-1.2,-3.2,0.00,0.01,0.00,3,100,0,0,100,4.3,76,24,11.5,9.0,0,0.00,1031.8,1016.7
2022-01-15T07:00,1.0,0.00,93,0.1,-1.6,0.00,0.01,0.00,3,100,0,0,100,3.6,87,53,11.9,8.6,0,0.00,1031.6,1016.6
2022-01-15T08:00,1.4,0.00,95,0.8,-1.2,0.00,0.01,0.00,3,100,0,0,100,4.1,95,75,11.9,9.0,0,0.00,1031.2,1016.2
2022-01-15T09:00,2.1,0.00,95,1.4,-0.4,0.00,0.01,0.00,3,100,0,0,100,3.8,92,73,11.9,9.0,1,0.00,1031.0,1016.0
2022-01-15T10:00,3.0,0.00,90,1.5,0.3,0.00,0.01,0.00,3,100,0,0,100,5.3,93,62,12.6,11.2,1,0.00,1030.9,1016.0
2022-01-15T11:00,4.0,0.00,86,1.9,0.8,0.00,0.01,0.00,3,100,0,0,100,9.4,93,88,15.5,17.6,1,0.00,1030.5,1015.6
2022-01-15T12:00,4.5,0.00,87,2.6,1.0,0.00,0.01,0.00,3,100,0,0,100,12.6,93,92,18.8,26.6,1,0.00,1030.1,1015.3
2022-01-15T13:00,2.9,0.00,87,1.0,0.6,0.00,0.01,0.00,3,100,0,0,100,2.3,108,129,5.7,26.6,1,0.00,1029.7,1014.8
2022-01-15T14:00,3.1,0.00,87,1.1,0.9,0.00,0.01,0.00,3,100,0,0,100,1.5,76,14,4.5,6.5,1,0.00,1029.1,1014.2
2022-01-15T15:00,3.2,0.00,87,1.2,0.7,0.00,0.01,0.00,3,100,0,0,100,3.5,52,24,6.4,7.9,1,0.00,1028.5,1013.6
2022-01-15T16:00,1.7,0.00,95,1.1,-0.9,0.00,0.01,0.00,3,100,0,0,100,4.6,77,45,9.6,8.3,1,0.00,1028.1,1013.2
2022-01-15T17:00,1.4,0.00,96,0.9,-1.3,0.00,0.01,0.00,3,100,0,0,100,4.7,92,67,13.0,9.4,0,0.00,1027.9,1012.9
2022-01-15T18:00,1.8,0.00,95,1.1,-1.0,0.00,0.01,0.00,3,100,0,0,100,5.4,103,86,15.5,11.5,0,0.00,1027.9,1013.0
2022-01-15T19:00,1.9,0.00,94,1.1,-1.1,0.00,0.01,0.00,3,100,4,0,100,7.2,105,84,17.6,13.7,0,0.00,1027.6,1012.7
2022-01-15T20:00,2.1,0.00,94,1.2,-1.1,0.00,0.01,0.00,3,100,72,0,100,8.6,105,90,19.7,17.3,0,0.00,1027.1,1012.2
2022-01-15T21:00,2.1,0.00,94,1.2,-1.1,0.00,0.01,0.00,3,100,85,0,100,8.7,107,97,19.9,17.3,0,0.00,1026.5,1011.6
2022-01-15T22:00,1.6,0.00,95,0.9,-1.7,0.00,0.01,0.00,3,100,94,0,100,9.3,109,106,20.9,18.7,0,0.00,1026.0,1011.1
2022-01-15T23:00,1.4,0.00,96,0.8,-1.9,0.00,0.01,0.00,3,100,95,0,100,8.4,112,110,19.4,18.7,0,0.00,1026.1,1011.2
2022-01-16T00:00,1.2,0.00,97,0.8,-1.9,0.00,0.01,0.00,3,100,93,0,100,7.6,116,109,17.2,16.9,0,0.00,1026.3,1011.4
2022-01-16T01:00,0.2,0.00,96,-0.4,-3.0,0.00,0.01,0.00,3,100,99,0,100,7.1,134,139,15.5,15.1,0,0.00,1026.3,1011.3
2022-01-16T02:00,-0.3,0.00,97,-0.7,-3.9,0.00,0.01,0.00,3,100,96,0,100,9.0,177,180,16.2,18.0,0,0.00,1026.4,1011.4
2022-01-16T03:00,-1.3,0.00,99,-1.5,-4.9,0.00,0.01,0.00,3,100,82,0,100,8.3,188,182,12.4,19.1,0,0.00,1026.5,1011.4
2022-01-16T04:00,-1.5,0.00,99,-1.6,-5.2,0.00,0.01,0.00,3,100,100,0,100,8.9,204,194,14.2,18.0,0,0.00,1026.7,1011.6
2022-01-16T05:00,-1.4,0.00,99,-1.6,-5.0,0.00,0.01,0.00,3,100,98,0,100,8.0,212,190,18.3,18.4,0,0.00,1026.2,1011.1
2022-01-16T06:00,-1.3,0.00,97,-1.7,-5.1,0.00,0.01,0.00,3,99,83,0,94,9.5,223,209,20.1,19.4,0,0.00,1026.5,1011.4
2022-01-16T07:00,-1.3,0.00,95,-2.0,-5.3,0.00,0.01,0.00,3,100,44,0,100,10.8,225,217,20.9,23.0,0,0.00,1026.6,1011.5
2022-01-16T08:00,-1.1,0.00,93,-2.1,-4.8,0.00,0.01,0.00,3,100,31,0,100,8.5,233,216,23.4,23.4,0,0.00,1027.3,1012.2
2022-01-16T09:00,-0.8,0.00,94,-1.7,-4.6,0.00,0.01,0.00,3,100,0,0,100,10.2,237,212,21.6,19.4,1,0.00,1027.7,1012.6
2022-01-16T10:00,0.2,0.00,93,-0.8,-3.8,0.00,0.01,0.00,3,100,0,0,100,11.8,239,232,22.3,24.1,1,0.00,1028.4,1013.4
2022-01-16T11:00,0.9,0.00,93,-0.1,-3.1,0.00,0.01,0.00,3,100,0,57,100,13.1,238,233,23.5,27.4,1,0.00,1028.6,1013.6
2022-01-16T12:00,1.4,0.00,92,0.2,-2.9,0.00,0.01,0.00,3,100,0,90,100,14.7,240,239,21.6,31.3,1,0.00,1028.6,1013.6
2022-01-16T13:00,1.4,0.00,92,0.2,-3.0,0.00,0.01,0.00,3,100,0,0,100,15.8,250,249,23.0,32.8,1,0.00,1028.9,1013.9
2022-01-16T14:00,2.3,0.00,86,0.1,-2.6,0.00,0.01,0.00,3,100,31,54,100,18.7,251,251,27.1,38.2,1,175.53,1029.0,1014.1
2022-01-16T15:00,2.6,0.00,86,0.4,-1.5,0.00,0.01,0.00,2,67,18,19,58,14.0,234,235,21.7,37.4,1,1180.45,1028.9,1014.0
2022-01-16T16:00,2.6,0.00,87,0.6,-1.4,0.00,0.01,0.00,3,100,0,57,100,13.0,233,228,22.9,29.2,1,1765.71,1029.3,1014.4
2022-01-16T17:00,2.2,0.00,89,0.6,-1.6,0.00,0.01,0.00,3,100,0,100,100,12.5,231,226,22.5,27.4,0,0.00,1030.0,1015.1
2022-01-16T18:00,1.9,0.40,93,0.9,-1.9,0.30,0.01,0.07,71,100,0,100,100,12.2,241,236,21.7,25.9,0,0.00,1030.8,1015.8
2022-01-16T19:00,2.0,0.40,93,0.9,-1.7,0.20,0.01,0.14,71,100,0,21,100,11.8,244,239,22.1,25.6,0,0.00,1030.9,1015.9
2022-01-16T20:00,2.2,0.10,91,0.9,-1.6,0.10,0.01,0.00,51,100,0,100,100,12.4,249,244,22.8,25.6,0,0.00,1031.3,1016.3
2022-01-16T21:00,1.8,0.30,94,1.0,-1.7,0.30,0.01,0.00,51,100,0,93,100,10.3,250,245,19.9,25.9,0,0.00,1031.9,1016.9
2022-01-16T22:00,1.9,0.00,92,0.8,-1.5,0.00,0.01,0.00,3,100,0,41,100,9.6,247,236,18.7,22.0,0,0.00,1032.5,1017.5
2022-01-16T23:00,1.8,0.00,93,0.7,-2.0,0.00,0.01,0.00,3,100,0,97,100,11.8,228,220,21.4,23.8,0,0.00,1032.2,1017.2
2022-01-17T00:00,1.5,0.00,93,0.5,-2.2,0.00,0.01,0.00,3,100,0,94,100,10.9,229,224,20.2,23.8,0,0.00,1033.0,1018.0
2022-01-17T01:00,1.5,0.10,96,1.0,-2.1,0.00,0.01,0.07,71,100,16,91,100,11.2,228,222,21.2,23.4,0,0.00,1033.3,1018.3
2022-01-17T02:00,1.9,0.10,96,1.3,-1.6,0.10,0.01,0.00,51,100,12,100,100,10.7,239,225,19.4,23.0,0,0.00,1033.4,1018.4
2022-01-17T03:00,2.0,0.00,95,1.3,-1.6,0.00,0.01,0.00,3,100,27,100,100,11.5,233,221,21.3,23.4,0,0.00,1033.5,1018.5
2022-01-17T04:00,2.0,0.00,94,1.2,-1.5,0.00,0.01,0.00,3,100,1,100,100,10.6,242,235,19.7,23.8,0,0.00,1033.8,1018.8
2022-01-17T05:00,1.9,0.00,95,1.2,-1.9,0.00,0.01,0.00,3,100,22,28,100,12.3,240,232,22.4,24.8,0,0.00,1033.6,1018.6
2022-01-17T06:00,1.9,0.00,95,1.1,-2.1,0.00,0.01,0.00,3,100,0,14,100,14.0,239,235,24.7,29.2,0,0.00,1033.2,1018.2
2022-01-17T07:00,1.8,0.00,95,1.1,-2.2,0.00,0.01,0.00,3,100,12,5,100,13.9,243,239,24.3,28.4,0,0.00,1033.6,1018.6
2022-01-17T08:00,1.9,0.00,95,1.2,-2.1,0.00,0.01,0.00,3,100,33,6,100,14.0,249,244,24.7,29.2,0,0.00,1034.0,1019.0
2022-01-17T09:00,1.9,0.00,95,1.2,-2.3,0.00,0.01,0.00,3,100,44,29,100,15.4,242,237,26.9,30.6,1,0.00,1034.6,1019.6
2022-01-17T10:00,2.3,0.00,94,1.4,-1.9,0.00,0.01,0.00,3,100,37,36,100,15.2,243,239,29.8,33.5,1,0.00,1034.5,1019.5
2022-01-17T11:00,2.9,0.00,93,1.9,-1.3,0.00,0.01,0.00,3,100,30,45,100,16.6,246,243,26.0,33.8,1,356.32,1035.2,1020.2
2022-01-17T12:00,3.8,0.00,88,2.0,-1.0,0.00,0.01,0.00,3,100,11,4,100,20.3,259,258,29.7,41.0,1,106.98,1035.3,1020.4
2022-01-17T13:00,4.7,0.00,83,2.0,0.2,0.00,0.01,0.00,3,100,10,35,99,18.6,262,261,27.6,42.5,1,0.00,1035.5,1020.6
2022-01-17T14:00,5.1,0.00,81,2.0,1.0,0.00,0.01,0.00,3,100,0,63,100,15.6,245,244,24.3,37.8,1,0.00,1034.7,1019.8
2022-01-17T15:00,5.0,0.10,83,2.4,0.9,0.10,0.01,0.00,51,100,0,100,100,15.9,255,252,27.2,33.5,1,0.00,1034.5,1019.6
2022-01-17T16:00,4.9,0.00,85,2.5,1.1,0.00,0.01,0.00,3,100,0,100,100,13.9,252,249,24.2,32.8,1,0.00,1034.8,1019.9
2022-01-17T17:00,4.3,0.10,88,2.6,0.7,0.10,0.01,0.00,51,100,0,100,100,13.0,256,251,23.0,28.8,0,0.00,1035.3,1020.4
2022-01-17T18:00,4.0,0.00,90,2.6,0.6,0.00,0.01,0.00,3,100,0,89,100,11.9,252,245,21.5,26.6,0,0.00,1035.5,1020.6
2022-01-17T19:00,3.9,0.00,91,2.5,0.6,0.00,0.01,0.00,3,100,1,5,100,10.5,253,243,19.2,24.1,0,0.00,1035.9,1021.0
2022-01-17T20:00,3.8,0.00,92,2.5,0.8,0.00,0.01,0.00,3,100,1,6,100,8.9,246,230,16.9,21.2,0,0.00,1036.3,1021.3
2022-01-17T21:00,3.6,0.10,93,2.6,0.7,0.10,0.01,0.00,51,100,0,11,100,8.5,236,216,16.6,17.6,0,0.00,1036.8,1021.8
2022-01-17T22:00,3.6,0.20,94,2.7,0.8,0.20,0.01,0.00,51,100,0,14,100,7.6,234,205,14.2,16.6,0,0.00,1037.3,1022.3
2022-01-17T23:00,3.5,0.10,96,2.9,1.0,0.10,0.01,0.00,51,100,0,0,100,6.0,243,205,12.1,13.7,0,0.00,1037.1,1022.1
2022-01-18T00:00,3.3,0.00,96,2.7,1.1,0.00,0.01,0.00,3,100,0,0,100,3.7,266,209,9.4,11.2,0,0.00,1037.0,1022.0
2022-01-18T01:00,3.5,0.00,96,2.9,0.9,0.00,0.01,0.00,3,100,0,0,100,6.4,217,164,7.7,7.9,0,0.00,1037.1,1022.1
2022-01-18T02:00,3.5,0.00,98,3.1,1.2,0.00,0.01,0.00,3,100,0,0,100,4.6,231,162,5.1,10.1,0,0.00,1037.4,1022.4
2022-01-18T03:00,3.3,0.00,99,3.1,1.1,0.00,0.01,0.00,3,100,0,0,100,4.4,247,171,2.7,6.1,0,0.00,1037.8,1022.8
2022-01-18T04:00,3.2,0.00,99,3.1,1.3,0.00,0.01,0.00,3,100,0,0,100,1.9,344,158,2.6,6.8,0,0.00,1037.6,1022.6
2022-01-18T05:00,3.0,0.00,98,2.7,1.1,0.00,0.01,0.00,1,32,0,0,32,1.1,360,162,2.5,6.1,0,0.00,1037.6,1022.6
2022-01-18T06:00,2.9,0.00,98,2.5,0.9,0.00,0.01,0.00,1,42,0,0,42,1.5,360,135,1.8,6.1,0,0.00,1038.0,1023.0
2022-01-18T07:00,0.2,0.00,99,0.1,-2.4,0.00,0.01,0.00,3,100,0,0,100,2.9,180,120,0.7,6.8,0,0.00,1038.4,1023.2
2022-01-18T08:00,0.3,0.00,100,0.3,-2.2,0.00,0.01,0.00,3,100,0,0,100,3.2,45,90,1.5,9.0,0,0.00,1039.0,1023.8
2022-01-18T09:00,1.0,0.00,99,0.9,-1.7,0.00,0.01,0.00,3,100,0,0,100,5.0,53,90,5.4,11.9,1,0.00,1039.3,1024.2
2022-01-18T10:00,2.0,0.00,98,1.6,-0.7,0.00,0.01,0.00,3,100,10,0,100,5.2,77,106,6.3,11.9,1,0.00,1039.3,1024.2
2022-01-18T11:00,3.1,0.00,96,2.6,0.7,0.00,0.01,0.00,3,100,2,0,100,4.6,112,135,7.8,12.2,1,0.00,1039.4,1024.4
2022-01-18T12:00,3.8,0.00,93,2.8,1.6,0.00,0.01,0.00,3,99,20,0,98,3.3,121,139,9.2,11.2,1,0.00,1039.2,1024.2
2022-01-18T13:00,7.2,0.00,77,3.5,4.9,0.00,0.01,0.00,2,69,0,0,100,5.1,49,45,7.1,10.1,1,0.00,1038.6,1023.8
2022-01-18T14:00,7.4,0.00,72,2.8,4.8,0.00,0.01,0.00,3,100,0,0,100,6.6,50,45,8.9,15.8,1,225.77,1038.2,1023.4
2022-01-18T15:00,7.0,0.00,73,2.4,4.3,0.00,0.01,0.00,3,98,0,0,98,6.6,43,41,9.4,15.8,1,0.00,1037.8,1023.0
2022-01-18T16:00,6.6,0.00,76,2.7,3.9,0.00,0.00,0.00,3,96,0,0,96,6.5,44,34,12.0,14.8,1,0.00,1037.6,1022.8
2022-01-18T17:00,5.7,0.00,79,2.4,2.8,0.00,0.00,0.00,3,97,0,0,97,7.7,60,53,15.8,15.1,0,0.00,1037.4,1022.5
2022-01-18T18:00,5.3,0.00,81,2.3,2.1,0.00,0.00,0.00,3,100,0,0,100,9.7,74,68,19.5,20.2,0,0.00,1037.4,1022.5
2022-01-18T19:00,5.1,0.00,82,2.3,2.3,0.00,0.00,0.00,3,100,3,0,100,7.4,76,67,16.3,19.8,0,0.00,1037.4,1022.5
2022-01-18T20:00,4.6,0.00,85,2.3,1.8,0.00,0.00,0.00,3,99,90,0,86,7.4,74,61,15.7,15.8,0,0.00,1037.1,1022.2
2022-01-18T21:00,3.6,0.00,90,2.1,0.5,0.00,0.00,0.00,2,57,12,0,52,8.9,77,63,18.9,17.6,0,0.00,1036.7,1021.7
2022-01-18T22:00,2.8,0.00,92,1.6,-0.6,0.00,0.00,0.00,0,1,0,0,1,10.0,87,77,22.3,20.5,0,0.00,1035.8,1020.8
2022-01-18T23:00,2.2,0.00,92,1.1,-1.2,0.00,0.00,0.00,0,1,0,0,1,9.7,95,86,23.1,20.9,0,0.00,1035.1,1020.1
2022-01-19T00:00,1.8,0.00,92,0.7,-1.5,0.00,0.00,0.00,0,13,0,0,13,9.0,103,95,22.5,20.5,0,0.00,1034.7,1019.7
2022-01-19T01:00,2.3,0.00,90,0.9,-1.1,0.00,0.00,0.00,0,10,0,0,80,9.5,123,119,21.4,19.1,0,0.00,1034.7,1019.7
2022-01-19T02:00,3.3,0.00,84,0.9,-0.1,0.00,0.00,0.00,2,54,0,0,54,9.7,136,132,18.1,19.8,0,0.00,1034.2,1019.2
2022-01-19T03:00,2.6,0.00,87,0.6,-1.0,0.00,0.00,0.00,0,3,0,0,3,10.7,131,123,21.4,21.2,0,0.00,1033.5,1018.5
2022-01-19T04:00,1.6,0.00,89,-0.1,-2.8,0.00,0.00,0.00,0,0,0,0,0,15.5,114,108,29.6,29.9,0,0.00,1031.9,1016.9
2022-01-19T05:00,1.1,0.00,87,-0.9,-3.1,0.00,0.00,0.00,0,0,0,0,0,13.6,120,122,27.7,34.6,0,0.00,1030.9,1015.9
2022-01-19T06:00,0.2,0.00,89,-1.3,-3.8,0.00,0.00,0.00,0,0,0,0,0,11.4,131,125,24.8,27.0,0,0.00,1030.6,1015.5
2022-01-19T07:00,-0.4,0.00,90,-1.8,-4.1,0.00,0.00,0.00,0,0,0,0,0,9.4,146,133,21.8,23.4,0,0.00,1030.5,1015.4
2022-01-19T08:00,-1.0,0.00,92,-2.2,-4.7,0.00,0.00,0.00,0,2,0,0,2,8.9,158,133,17.9,18.7,0,0.00,1030.0,1014.9
2022-01-19T09:00,-0.8,0.00,92,-1.9,-4.5,0.00,0.00,0.00,0,7,0,0,7,8.4,173,137,14.5,17.3,1,307.03,1029.7,1014.6
2022-01-19T10:00,1.0,0.00,88,-0.7,-2.4,0.00,0.00,0.00,0,10,0,0,10,8.0,199,162,17.5,18.0,1,3600.00,1029.4,1014.4
2022-01-19T11:00,2.3,0.00,85,0.0,-1.1,0.00,0.00,0.00,0,1,0,0,1,8.7,202,197,13.2,22.0,1,3600.00,1028.7,1013.8
2022-01-19T12:00,3.7,0.00,78,0.3,0.1,0.00,0.00,0.00,0,0,0,0,0,10.4,207,200,15.3,25.9,1,3600.00,1028.0,1013.2
2022-01-19T13:00,3.5,0.00,80,0.3,0.3,0.00,0.00,0.00,3,100,0,0,100,7.9,227,223,11.7,43.2,1,3600.00,1027.8,1013.0
2022-01-19T14:00,3.6,0.00,81,0.6,-0.8,0.00,0.00,0.00,3,100,0,1,100,15.7,234,233,23.7,33.8,1,0.00,1026.9,1012.1
2022-01-19T15:00,3.5,0.00,82,0.7,-0.7,0.00,0.00,0.00,3,100,0,0,100,14.8,232,231,23.3,33.1,1,0.00,1026.4,1011.6
2022-01-19T16:00,3.3,0.10,85,1.0,-0.1,0.10,0.00,0.00,51,100,0,35,100,10.0,230,229,18.7,31.3,1,0.00,1025.6,1010.8
2022-01-19T17:00,3.8,0.10,85,1.5,-0.6,0.10,0.00,0.00,51,100,6,95,100,17.0,238,238,29.3,35.6,0,0.00,1025.0,1010.2
2022-01-19T18:00,3.9,0.10,85,1.6,-0.6,0.10,0.00,0.00,51,100,27,29,100,18.3,238,238,31.6,38.5,0,0.00,1024.6,1009.8
2022-01-19T19:00,3.8,0.00,86,1.8,-0.8,0.00,0.00,0.00,3,100,19,6,100,18.9,240,239,31.6,39.2,0,0.00,1024.9,1010.1
2022-01-19T20:00,3.8,0.20,88,2.0,-0.7,0.20,0.00,0.00,51,100,16,6,100,18.8,246,244,31.1,39.6,0,0.00,1025.1,1010.3
2022-01-19T21:00,3.6,0.10,89,2.0,-0.4,0.10,0.00,0.00,51,100,9,100,100,15.5,242,239,26.6,38.9,0,0.00,1025.0,1010.2
2022-01-19T22:00,3.5,0.30,92,2.4,-0.5,0.30,0.00,0.00,51,100,5,100,100,15.6,232,230,26.6,31.7,0,0.00,1024.6,1009.8
2022-01-19T23:00,3.5,0.10,94,2.6,-0.6,0.10,0.00,0.00,51,100,9,100,100,16.1,235,231,28.5,34.2,0,0.00,1024.6,1009.8
2022-01-20T00:00,3.5,0.70,94,2.6,-0.6,0.70,0.00,0.00,53,100,0,100,100,16.4,235,230,28.5,34.6,0,0.00,1024.8,1010.0
2022-01-20T01:00,2.5,0.70,97,2.1,-1.4,0.70,0.00,0.00,53,100,0,100,100,14.5,238,235,26.2,33.8,0,0.00,1024.9,1010.0
2022-01-20T02:00,3.2,0.10,93,2.2,-0.8,0.10,0.00,0.00,51,100,0,100,100,15.3,252,246,26.9,31.7,0,0.00,1025.1,1010.3
2022-01-20T03:00,3.2,0.00,94,2.3,-0.7,0.00,0.00,0.00,3,100,0,64,100,14.9,260,255,26.3,32.4,0,0.00,1025.2,1010.4
2022-01-20T04:00,3.2,0.00,95,2.4,-0.6,0.00,0.00,0.00,3,100,0,96,100,13.9,263,260,24.6,30.6,0,0.00,1025.2,1010.4
2022-01-20T05:00,3.3,0.00,95,2.6,-0.1,0.00,0.00,0.00,2,76,0,46,57,11.4,268,257,20.2,28.4,0,0.00,1025.1,1010.3
2022-01-20T06:00,3.1,0.00,95,2.4,-0.2,0.00,0.00,0.00,2,51,0,0,51,10.2,269,260,20.2,23.4,0,0.00,1025.1,1010.3
2022-01-20T07:00,2.7,0.00,95,2.0,-0.4,0.00,0.00,0.00,2,79,0,69,33,9.0,266,254,19.9,21.2,0,0.00,1025.5,1010.6
2022-01-20T08:00,1.6,0.00,96,1.0,-1.7,0.00,0.00,0.00,3,91,0,89,41,9.0,258,247,21.0,20.2,0,0.00,1025.6,1010.7
2022-01-20T09:00,2.1,0.00,93,1.1,-1.3,0.00,0.00,0.00,2,51,0,36,34,10.0,268,257,19.8,21.2,1,0.00,1026.2,1011.3
2022-01-20T10:00,3.0,0.00,91,1.7,-0.3,0.00,0.00,0.00,2,67,0,47,59,9.6,267,250,20.5,23.4,1,3600.00,1026.6,1011.7
2022-01-20T11:00,3.9,0.20,88,2.2,0.5,0.10,0.00,0.07,71,100,0,100,89,10.9,286,279,18.0,24.5,1,3600.00,1026.9,1012.1
2022-01-20T12:00,4.2,0.00,84,1.7,-0.1,0.00,0.00,0.00,1,40,0,20,28,16.9,312,310,26.5,36.0,1,1996.63,1027.0,1012.2
2022-01-20T13:00,4.0,0.00,80,0.8,-0.8,0.00,0.00,0.00,3,90,0,100,96,19.1,318,317,27.5,43.6,1,3600.00,1027.4,1012.6
2022-01-20T14:00,3.5,0.10,78,0.1,-0.9,0.10,0.00,0.00,51,67,0,64,24,16.0,316,314,25.0,38.2,1,181.95,1027.4,1012.6
2022-01-20T15:00,3.5,0.00,70,-1.4,-1.6,0.00,0.00,0.00,1,46,0,35,19,19.2,321,320,28.7,42.5,1,3600.00,1027.3,1012.5
2022-01-20T16:00,3.1,0.00,70,-1.7,-1.3,0.00,0.00,0.00,0,8,0,0,8,14.3,315,313,23.9,40.3,1,3600.00,1027.9,1013.0
2022-01-20T17:00,1.7,0.00,76,-2.1,-2.4,0.00,0.00,0.00,0,2,0,1,1,11.9,308,305,24.1,29.9,1,1480.93,1028.3,1013.3
2022-01-20T18:00,0.8,0.00,78,-2.6,-3.4,0.00,0.00,0.00,2,63,11,58,4,11.1,305,299,23.8,25.6,0,0.00,1029.0,1014.0
2022-01-20T19:00,0.7,0.00,78,-2.8,-3.5,0.00,0.00,0.00,1,41,0,25,38,11.0,300,293,23.7,24.1,0,0.00,1029.4,1014.4
2022-01-20T20:00,0.3,0.00,80,-2.8,-3.8,0.00,0.00,0.00,3,100,0,100,54,10.4,297,290,22.7,24.1,0,0.00,1029.7,1014.7
2022-01-20T21:00,0.8,0.00,79,-2.5,-3.2,0.00,0.00,0.00,3,94,0,68,81,10.5,294,286,20.9,22.7,0,0.00,1029.9,1014.9
2022-01-20T22:00,0.9,0.00,79,-2.3,-3.3,0.00,0.00,0.00,2,66,0,42,47,12.0,297,291,23.0,25.2,0,0.00,1030.1,1015.1
2022-01-20T23:00,0.4,0.10,84,-2.0,-3.7,0.00,0.00,0.07,71,39,0,13,31,11.4,302,298,23.3,25.6,0,0.00,1030.8,1015.7
2022-01-21T00:00,-0.2,0.00,87,-2.1,-4.3,0.00,0.00,0.00,1,35,0,6,35,11.2,308,303,23.8,24.5,0,0.00,1031.4,1016.3
2022-01-21T01:00,-0.6,0.00,89,-2.3,-4.2,0.00,0.00,0.00,1,45,0,0,12,7.8,300,292,20.8,23.8,0,0.00,1032.0,1016.9
2022-01-21T02:00,-0.4,0.00,89,-1.9,-4.1,0.00,0.00,0.00,1,20,0,19,1,9.2,312,309,21.9,20.5,0,0.00,1032.2,1017.1
2022-01-21T03:00,-0.9,0.00,90,-2.4,-4.7,0.00,0.00,0.00,1,31,0,23,11,8.9,318,317,21.7,20.5,0,0.00,1032.6,1017.4
2022-01-21T04:00,-1.2,0.00,91,-2.6,-4.8,0.00,0.00,0.00,1,30,0,16,17,7.7,322,319,19.7,19.8,0,0.00,1032.7,1017.5
2022-01-21T05:00,-1.7,0.00,92,-2.9,-5.2,0.00,0.00,0.00,0,19,0,1,18,6.4,322,317,17.9,17.3,0,0.00,1033.0,1017.8
2022-01-21T06:00,-1.9,0.00,93,-3.0,-5.3,0.00,0.00,0.00,0,16,0,0,16,5.9,323,322,17.2,14.8,0,0.00,1033.3,1018.1
2022-01-21T07:00,-2.1,0.00,93,-3.2,-5.5,0.00,0.00,0.00,2,53,0,2,52,5.7,325,325,16.8,14.4,0,0.00,1034.0,1018.8
2022-01-21T08:00,-1.8,0.00,93,-2.8,-5.1,0.00,0.00,0.00,3,99,0,97,64,5.4,326,323,15.6,14.0,0,0.00,1034.3,1019.1
2022-01-21T09:00,-0.8,0.00,93,-1.8,-4.1,0.00,0.00,0.00,3,99,0,96,85,5.6,323,310,14.9,13.3,1,0.00,1034.7,1019.5
2022-01-21T10:00,0.7,0.00,88,-1.1,-2.8,0.00,0.01,0.00,3,96,16,52,90,8.0,306,297,12.9,18.4,1,0.00,1034.7,1019.6
2022-01-21T11:00,1.5,0.00,84,-1.0,-2.3,0.00,0.01,0.00,3,100,26,97,100,10.2,292,288,14.7,22.3,1,1521.75,1034.7,1019.6
2022-01-21T12:00,2.0,0.00,83,-0.6,-1.4,0.00,0.01,0.00,2,53,0,0,53,8.4,256,250,11.9,22.7,1,491.73,1034.4,1019.4
2022-01-21T13:00,2.8,0.00,80,-0.3,-0.8,0.00,0.01,0.00,3,89,0,9,64,9.7,270,270,13.7,22.0,1,1091.37,1034.5,1019.5
2022-01-21T14:00,4.3,0.00,68,-1.1,0.1,0.00,0.00,0.00,2,50,14,7,40,13.1,309,307,18.9,28.1,1,3600.00,1034.1,1019.2
2022-01-21T15:00,4.8,0.00,60,-2.4,-0.2,0.00,0.00,0.00,3,100,3,45,100,16.9,323,322,25.7,34.2,1,3600.00,1033.6,1018.7
2022-01-21T16:00,4.1,0.00,70,-0.9,-0.1,0.00,0.00,0.00,3,91,5,42,86,13.5,320,318,22.0,35.3,1,0.00,1033.9,1019.0
2022-01-21T17:00,3.3,0.00,75,-0.7,-0.2,0.00,0.00,0.00,3,100,0,100,59,8.8,293,289,17.3,28.1,1,0.00,1033.9,1019.0
2022-01-21T18:00,2.3,0.00,82,-0.4,-1.1,0.00,0.00,0.00,3,100,0,100,100,8.6,274,270,19.9,18.4,0,0.00,1033.9,1018.9
2022-01-21T19:00,2.6,0.10,83,-0.0,-0.9,0.10,0.00,0.00,51,100,0,100,100,9.2,268,259,18.7,20.2,0,0.00,1033.9,1018.9
2022-01-21T20:00,2.5,0.20,85,0.3,-1.0,0.20,0.01,0.00,51,100,0,100,100,9.3,253,242,17.7,19.1,0,0.00,1034.0,1019.0
2022-01-21T21:00,2.2,0.30,90,0.7,-1.1,0.30,0.01,0.00,51,100,0,100,100,8.7,247,232,16.8,19.1,0,0.00,1034.2,1019.2
2022-01-21T22:00,2.1,0.40,94,1.3,-1.0,0.40,0.01,0.00,51,100,0,100,100,7.9,247,227,16.5,18.0,0,0.00,1034.2,1019.2
2022-01-21T23:00,2.3,0.40,94,1.4,-0.9,0.40,0.01,0.00,51,100,0,100,100,9.0,249,233,17.8,19.1,0,0.00,1033.7,1018.7
2022-01-22T00:00,2.5,0.20,94,1.6,-0.7,0.20,0.01,0.00,51,100,0,100,100,9.5,252,241,18.9,19.8,0,0.00,1033.4,1018.4
2022-01-22T01:00,2.5,0.10,95,1.8,-0.9,0.10,0.01,0.00,51,100,4,100,100,10.6,254,246,20.2,21.6,0,0.00,1033.7,1018.7
2022-01-22T02:00,2.9,0.00,94,2.1,-0.5,0.00,0.01,0.00,3,100,2,100,82,10.7,266,258,20.2,22.7,0,0.00,1033.4,1018.4
2022-01-22T03:00,2.9,0.10,94,2.1,-0.5,0.10,0.01,0.00,51,100,0,100,71,11.2,275,264,21.3,23.4,0,0.00,1033.4,1018.4
2022-01-22T04:00,2.9,0.20,94,2.0,-0.4,0.20,0.01,0.00,51,99,0,88,96,10.5,276,266,19.9,23.8,0,0.00,1033.1,1018.1
2022-01-22T05:00,2.5,0.00,94,1.7,-0.6,0.00,0.01,0.00,3,100,0,100,100,8.8,270,258,17.6,21.6,0,0.00,1033.3,1018.3
2022-01-22T06:00,2.6,0.00,94,1.7,-0.7,0.00,0.01,0.00,3,100,1,100,100,9.5,258,245,18.0,19.1,0,0.00,1033.2,1018.2
2022-01-22T07:00,2.5,0.00,94,1.6,-1.0,0.00,0.01,0.00,3,100,0,100,100,10.6,254,246,19.8,21.2,0,0.00,1033.5,1018.5
2022-01-22T08:00,2.4,0.10,95,1.6,-1.1,0.10,0.01,0.00,51,100,0,100,100,11.3,250,243,21.4,23.4,0,0.00,1033.8,1018.8
2022-01-22T09:00,2.4,0.10,94,1.6,-1.1,0.10,0.01,0.00,51,100,0,60,100,11.0,248,238,20.2,23.0,1,0.00,1034.1,1019.1
2022-01-22T10:00,2.7,0.00,95,2.0,-0.4,0.00,0.01,0.00,3,100,0,100,100,9.2,249,231,20.4,22.0,1,0.00,1034.2,1019.2
2022-01-22T11:00,3.1,0.00,96,2.5,0.0,0.00,0.01,0.00,3,100,98,100,100,9.0,250,233,20.3,19.1,1,0.00,1034.2,1019.2
2022-01-22T12:00,3.5,0.00,96,3.0,0.7,0.00,0.01,0.00,3,100,0,25,100,8.4,255,227,18.3,18.4,1,0.00,1034.2,1019.3
2022-01-22T13:00,4.3,0.10,93,3.2,1.5,0.10,0.00,0.00,51,100,5,42,100,7.9,254,223,16.9,17.3,1,0.00,1034.7,1019.8
2022-01-22T14:00,4.6,0.00,93,3.5,1.9,0.00,0.00,0.00,3,100,35,96,100,8.2,252,241,16.6,18.4,1,0.00,1034.4,1019.5
2022-01-22T15:00,4.8,0.00,93,3.8,2.1,0.00,0.00,0.00,3,100,0,0,100,8.0,263,252,14.2,17.6,1,0.00,1034.2,1019.3
2022-01-22T16:00,4.9,0.00,93,3.9,2.4,0.00,0.00,0.00,3,100,0,1,100,7.2,267,243,13.7,16.9,1,0.00,1034.2,1019.3
2022-01-22T17:00,4.7,0.10,93,3.7,2.3,0.10,0.00,0.00,51,100,16,0,100,6.2,279,260,13.8,14.8,1,0.00,1034.5,1019.6
2022-01-22T18:00,4.6,0.10,93,3.5,2.2,0.10,0.00,0.00,51,100,0,0,100,5.8,293,270,14.0,13.7,0,0.00,1034.9,1020.0
2022-01-22T19:00,4.3,0.10,93,3.3,2.0,0.10,0.00,0.00,51,100,83,2,100,5.3,272,242,13.3,12.6,0,0.00,1034.9,1020.0
2022-01-22T20:00,4.2,0.10,95,3.4,1.9,0.10,0.00,0.00,51,100,3,0,100,5.1,252,231,12.5,11.2,0,0.00,1035.3,1020.4
2022-01-22T21:00,4.0,0.20,95,3.3,1.6,0.20,0.00,0.00,51,100,0,0,100,5.6,262,243,13.4,12.2,0,0.00,1035.6,1020.7
2022-01-22T22:00,4.0,0.20,95,3.3,1.6,0.20,0.00,0.00,51,100,0,0,100,6.1,286,267,14.2,13.0,0,0.00,1035.5,1020.6
2022-01-22T23:00,4.1,0.10,96,3.5,1.6,0.10,0.00,0.00,51,93,30,0,90,6.9,312,298,16.1,14.0,0,0.00,1035.4,1020.5
2022-01-23T00:00,4.2,0.00,95,3.5,1.5,0.00,0.00,0.00,3,99,4,0,99,7.7,313,307,16.8,15.8,0,0.00,1035.3,1020.4
2022-01-23T01:00,3.4,0.20,97,3.0,1.2,0.20,0.00,0.00,51,100,0,0,100,4.3,265,228,8.0,15.8,0,0.00,1035.4,1020.4
2022-01-23T02:00,3.8,0.20,97,3.3,1.6,0.20,0.00,0.00,51,100,0,0,100,4.6,259,231,11.4,9.4,0,0.00,1035.4,1020.5
2022-01-23T03:00,3.8,0.00,97,3.3,1.6,0.00,0.00,0.00,3,99,0,0,99,3.8,262,229,9.8,9.4,0,0.00,1035.2,1020.3
2022-01-23T04:00,3.5,0.10,98,3.2,1.3,0.10,0.00,0.00,51,100,1,8,100,4.1,306,285,8.0,7.6,0,0.00,1035.2,1020.2
2022-01-23T05:00,3.7,0.10,97,3.2,1.6,0.10,0.00,0.00,51,99,0,0,99,3.9,330,292,7.9,8.3,0,0.00,1035.3,1020.4
2022-01-23T06:00,3.5,0.00,98,3.2,1.5,0.00,0.00,0.00,3,100,0,0,100,3.3,335,276,6.0,7.9,0,0.00,1035.2,1020.2
2022-01-23T07:00,3.1,0.00,98,2.8,0.8,0.00,0.00,0.00,3,100,0,0,100,4.2,357,340,7.2,7.9,0,0.00,1035.5,1020.5
2022-01-23T08:00,3.1,0.00,98,2.8,0.9,0.00,0.00,0.00,3,100,0,0,100,3.7,7,11,8.7,7.9,0,0.00,1036.0,1021.0
2022-01-23T09:00,3.5,0.00,97,3.0,1.4,0.00,0.00,0.00,3,93,0,0,93,3.1,20,45,8.4,7.9,1,0.00,1036.4,1021.4
2022-01-23T10:00,4.1,0.00,95,3.3,2.0,0.00,0.00,0.00,3,98,0,0,98,3.7,65,101,6.0,8.3,1,0.00,1036.7,1021.8
2022-01-23T11:00,4.7,0.00,93,3.6,2.6,0.00,0.00,0.00,3,100,0,0,100,4.1,126,135,6.2,10.4,1,0.00,1036.7,1021.8
2022-01-23T12:00,4.9,0.00,92,3.7,2.9,0.00,0.00,0.00,3,100,0,0,100,3.5,110,114,5.4,10.4,1,0.00,1036.8,1021.9
2022-01-23T13:00,5.6,0.00,80,2.3,3.3,0.00,0.00,0.00,3,100,0,0,94,3.3,85,84,4.3,10.1,1,0.00,1036.4,1021.5
2022-01-23T14:00,6.0,0.00,76,2.1,3.9,0.00,0.00,0.00,3,94,0,0,94,2.4,117,117,3.2,10.1,1,1598.18,1035.8,1021.0
2022-01-23T15:00,6.1,0.00,73,1.6,3.8,0.00,0.00,0.00,3,100,0,0,100,3.1,110,111,4.2,9.0,1,492.16,1035.7,1020.9
2022-01-23T16:00,5.8,0.00,84,3.2,4.0,0.00,0.00,0.00,3,100,0,0,100,1.0,113,135,2.7,8.3,1,0.00,1035.7,1020.9
2022-01-23T17:00,4.8,0.00,84,2.2,2.6,0.00,0.00,0.00,3,100,0,0,100,2.6,60,16,2.9,4.3,1,0.00,1035.7,1020.8
2022-01-23T18:00,4.5,0.00,84,2.0,2.2,0.00,0.00,0.00,3,100,0,0,100,3.2,36,27,6.2,6.5,0,0.00,1035.6,1020.7
2022-01-23T19:00,4.1,0.00,89,2.4,1.7,0.00,0.00,0.00,1,34,0,0,34,4.6,47,39,9.4,9.4,0,0.00,1035.6,1020.7
2022-01-23T20:00,2.1,0.00,93,1.1,-0.9,0.00,0.00,0.00,0,5,0,0,5,6.9,70,62,15.7,13.3,0,0.00,1035.4,1020.4
2022-01-23T21:00,2.0,0.00,91,0.8,-1.3,0.00,0.00,0.00,0,6,0,0,6,9.3,78,77,21.7,18.4,0,0.00,1035.6,1020.6
2022-01-23T22:00,1.9,0.00,91,0.6,-1.3,0.00,0.00,0.00,0,7,0,0,7,8.0,83,82,20.7,18.7,0,0.00,1035.5,1020.5
2022-01-23T23:00,1.5,0.00,92,0.3,-1.7,0.00,0.00,0.00,0,7,0,0,7,7.6,86,82,19.5,16.9,0,0.00,1035.5,1020.4
2022-01-24T00:00,1.4,0.00,91,0.1,-1.8,0.00,0.00,0.00,0,10,0,0,10,7.6,85,82,20.2,16.6,0,0.00,1035.3,1020.2
2022-01-24T01:00,0.7,0.00,90,-0.7,-2.6,0.00,0.00,0.00,2,50,0,0,0,7.6,98,93,19.7,16.9,0,0.00,1035.3,1020.2
2022-01-24T02:00,0.8,0.00,90,-0.6,-2.6,0.00,0.00,0.00,0,2,0,0,2,8.3,98,92,20.7,17.3,0,0.00,1035.2,1020.1
2022-01-24T03:00,0.8,0.00,90,-0.6,-2.6,0.00,0.00,0.00,0,12,0,0,12,8.0,99,95,20.8,17.6,0,0.00,1035.2,1020.1
2022-01-24T04:00,0.5,0.00,91,-0.8,-2.7,0.00,0.00,0.00,0,8,0,0,8,6.6,103,103,18.5,16.9,0,0.00,1035.0,1019.9
2022-01-24T05:00,0.1,0.00,91,-1.2,-3.1,0.00,0.00,0.00,0,19,0,0,19,6.1,98,93,17.1,14.4,0,0.00,1035.0,1019.9
2022-01-24T06:00,0.6,0.00,91,-0.7,-2.8,0.00,0.00,0.00,1,31,0,0,31,8.1,100,103,20.8,16.9,0,0.00,1034.7,1019.6
2022-01-24T07:00,1.0,0.00,91,-0.3,-2.6,0.00,0.00,0.00,1,31,0,0,31,9.4,111,113,21.7,19.1,0,0.00,1034.7,1019.6
2022-01-24T08:00,0.6,0.00,92,-0.5,-2.9,0.00,0.00,0.00,0,12,0,0,12,9.3,107,103,21.9,19.4,0,0.00,1034.9,1019.8
2022-01-24T09:00,1.2,0.00,92,0.0,-2.4,0.00,0.00,0.00,0,11,0,0,11,9.9,104,100,21.5,19.8,1,584.22,1035.3,1020.2
2022-01-24T10:00,2.9,0.00,88,1.1,-0.4,0.00,0.00,0.00,0,6,0,0,6,9.0,108,106,21.5,20.5,1,3600.00,1035.3,1020.3
2022-01-24T11:00,4.4,0.00,81,1.5,1.0,0.00,0.00,0.00,0,2,0,0,2,10.0,103,105,15.5,23.0,1,3600.00,1035.3,1020.4
2022-01-24T12:00,5.8,0.00,75,1.6,2.1,0.00,0.00,0.00,0,1,0,0,1,12.2,104,104,18.2,27.4,1,3600.00,1034.9,1020.1
2022-01-24T13:00,5.7,0.00,70,0.6,2.0,0.00,0.00,0.00,1,27,0,0,2,11.6,112,112,16.6,31.0,1,3600.00,1034.7,1019.9
2022-01-24T14:00,6.6,0.00,67,1.0,3.2,0.00,0.00,0.00,0,0,0,0,0,9.8,100,98,13.9,25.6,1,3600.00,1034.2,1019.4
2022-01-24T15:00,7.0,0.00,67,1.4,3.9,0.00,0.00,0.00,0,0,0,0,0,8.3,97,95,11.6,22.0,1,3600.00,1033.7,1019.0
2022-01-24T16:00,6.4,0.00,73,2.0,3.8,0.00,0.00,0.00,0,0,0,0,0,5.4,97,94,12.3,18.0,1,3600.00,1033.7,1018.9
2022-01-24T17:00,3.1,0.00,85,0.8,0.1,0.00,0.00,0.00,0,0,0,0,0,7.0,95,78,13.7,11.9,1,1890.74,1033.8,1018.8
2022-01-24T18:00,2.3,0.00,87,0.3,-0.7,0.00,0.00,0.00,0,0,0,0,0,5.9,99,79,15.3,12.2,0,0.00,1034.0,1019.0
2022-01-24T19:00,2.0,0.00,88,0.2,-1.2,0.00,0.00,0.00,0,0,0,0,0,7.2,108,90,18.6,14.4,0,0.00,1033.9,1018.9
2022-01-24T20:00,1.9,0.00,89,0.2,-1.5,0.00,0.00,0.00,0,0,0,0,0,8.7,111,97,20.9,16.9,0,0.00,1034.0,1019.0
2022-01-24T21:00,1.6,0.00,89,0.1,-1.8,0.00,0.00,0.00,0,0,0,0,0,8.8,112,99,21.0,17.3,0,0.00,1033.9,1018.9
2022-01-24T22:00,1.1,0.00,90,-0.4,-2.3,0.00,0.00,0.00,0,0,0,0,0,7.9,107,93,19.6,17.3,0,0.00,1034.2,1019.1
2022-01-24T23:00,0.5,0.00,91,-0.8,-2.8,0.00,0.00,0.00,0,0,0,0,0,7.6,104,93,18.9,15.8,0,0.00,1034.2,1019.1
2022-01-25T00:00,-0.0,0.00,91,-1.3,-3.4,0.00,0.00,0.00,0,0,0,0,0,7.2,103,96,18.5,15.1,0,0.00,1034.2,1019.1
2022-01-25T01:00,-1.6,0.00,94,-2.5,-5.4,0.00,0.00,0.00,0,0,0,0,0,8.6,112,105,14.4,14.4,0,0.00,1034.2,1019.0
2022-01-25T02:00,-2.3,0.00,93,-3.3,-6.0,0.00,0.00,0.00,0,0,0,0,0,7.2,114,108,11.4,13.3,0,0.00,1034.3,1019.0
2022-01-25T03:00,-1.3,0.00,90,-2.7,-4.6,0.00,0.00,0.00,0,0,0,0,0,5.4,108,98,9.1,10.4,0,0.00,1034.5,1019.3
2022-01-25T04:00,-2.2,0.00,91,-3.4,-5.7,0.00,0.00,0.00,0,0,0,0,0,6.2,117,111,8.0,8.6,0,0.00,1034.5,1019.2
2022-01-25T05:00,-2.2,0.00,91,-3.4,-5.7,0.00,0.00,0.00,0,0,0,0,0,5.8,122,112,6.8,8.6,0,0.00,1034.5,1019.2
2022-01-25T06:00,-2.1,0.00,91,-3.3,-5.5,0.00,0.00,0.00,0,0,0,0,0,5.4,117,110,5.6,7.9,0,0.00,1034.3,1019.1
2022-01-25T07:00,-2.9,0.00,93,-3.9,-6.5,0.00,0.00,0.00,0,7,0,0,7,6.2,135,144,7.1,8.6,0,0.00,1034.3,1019.0
2022-01-25T08:00,-2.3,0.00,94,-3.2,-5.6,0.00,0.00,0.00,3,100,0,0,100,4.6,141,162,5.1,8.6,0,0.00,1034.7,1019.4
2022-01-25T09:00,-1.2,0.00,94,-2.0,-4.1,0.00,0.00,0.00,3,100,0,0,100,3.7,126,151,4.9,8.3,1,137.59,1034.9,1019.7
2022-01-25T10:00,-0.6,0.00,96,-1.1,-3.6,0.00,0.00,0.00,3,100,0,0,100,4.4,141,145,5.1,12.2,1,105.70,1034.9,1019.7
2022-01-25T11:00,-0.1,0.00,98,-0.4,-3.0,0.00,0.00,0.00,3,100,0,0,100,4.6,160,162,5.4,14.0,1,1472.28,1034.9,1019.8
2022-01-25T12:00,0.5,0.00,97,0.1,-2.2,0.00,0.00,0.00,3,100,0,0,100,3.9,204,214,3.5,14.0,1,3120.81,1034.8,1019.7
2022-01-25T13:00,0.1,0.00,97,-0.3,-2.7,0.00,0.00,0.00,3,100,0,0,100,4.1,218,225,4.1,13.7,1,2523.53,1034.9,1019.8
2022-01-25T14:00,0.5,0.00,93,-0.5,-2.4,0.00,0.00,0.00,3,100,0,0,100,4.3,225,228,4.6,13.7,1,0.00,1034.7,1019.6
2022-01-25T15:00,0.6,0.00,92,-0.5,-2.0,0.00,0.00,0.00,3,100,0,0,100,2.6,207,214,2.4,13.3,1,0.00,1034.3,1019.2
2022-01-25T16:00,0.6,0.00,93,-0.4,-1.9,0.00,0.00,0.00,3,100,0,0,100,2.1,202,211,1.9,9.7,1,0.00,1034.3,1019.2
2022-01-25T17:00,0.3,0.00,95,-0.3,-2.1,0.00,0.00,0.00,3,100,0,0,100,1.5,310,284,2.8,7.6,1,0.00,1034.3,1019.2
2022-01-25T18:00,-0.0,0.00,97,-0.4,-2.6,0.00,0.00,0.00,3,100,0,0,100,2.6,333,326,5.6,6.1,0,0.00,1034.4,1019.3
2022-01-25T19:00,-0.1,0.00,97,-0.5,-2.7,0.00,0.00,0.00,3,100,0,0,100,2.5,356,352,5.1,6.8,0,0.00,1034.3,1019.2
2022-01-25T20:00,-0.2,0.00,97,-0.5,-2.8,0.00,0.00,0.00,3,100,0,0,100,3.1,360,21,4.0,6.1,0,0.00,1034.2,1019.1
2022-01-25T21:00,-0.2,0.00,97,-0.5,-2.8,0.00,0.00,0.00,3,100,0,0,100,2.5,360,45,4.0,6.1,0,0.00,1034.0,1018.9
2022-01-25T22:00,-0.1,0.00,97,-0.5,-2.7,0.00,0.00,0.00,3,100,0,0,100,2.1,5,59,4.0,5.0,0,0.00,1034.1,1019.0
2022-01-25T23:00,-0.2,0.00,98,-0.5,-2.8,0.00,0.00,0.00,3,100,0,0,100,2.7,351,23,4.7,5.4,0,0.00,1034.2,1019.1
2022-01-26T00:00,-0.2,0.00,99,-0.4,-2.6,0.00,0.00,0.00,3,100,0,0,100,1.5,315,256,3.6,5.8,0,0.00,1034.3,1019.2
2022-01-26T01:00,-0.2,0.00,99,-0.3,-2.9,0.00,0.00,0.00,3,100,0,0,100,3.8,246,229,4.3,6.5,0,0.00,1034.0,1018.9
2022-01-26T02:00,-0.3,0.00,99,-0.4,-3.1,0.00,0.00,0.00,3,100,0,0,100,4.6,219,225,5.1,10.8,0,0.00,1034.0,1018.9
2022-01-26T03:00,-0.3,0.00,99,-0.4,-3.1,0.00,0.00,0.00,3,100,0,0,100,4.3,237,228,6.0,11.2,0,0.00,1034.0,1018.9
2022-01-26T04:00,-0.2,0.00,99,-0.3,-2.7,0.00,0.00,0.00,3,100,0,0,100,2.6,270,236,5.0,10.4,0,0.00,1033.9,1018.8
2022-01-26T05:00,-0.0,0.00,99,-0.2,-2.6,0.00,0.00,0.00,3,100,0,0,100,2.8,270,230,5.0,7.9,0,0.00,1033.8,1018.7
2022-01-26T06:00,0.0,0.00,98,-0.2,-2.8,0.00,0.00,0.00,3,100,0,0,100,4.3,254,228,6.4,9.7,0,0.00,1033.7,1018.6
2022-01-26T07:00,-0.1,0.00,99,-0.2,-3.1,0.00,0.00,0.00,3,100,0,0,100,5.5,223,212,7.9,10.8,0,0.00,1033.4,1018.3
2022-01-26T08:00,-0.1,0.00,99,-0.3,-3.0,0.00,0.00,0.00,3,100,0,0,100,5.1,232,219,10.0,11.9,0,0.00,1033.2,1018.1
2022-01-26T09:00,0.3,0.00,96,-0.2,-2.7,0.00,0.00,0.00,3,100,0,0,100,5.8,274,274,10.8,12.2,1,0.00,1034.1,1019.0
2022-01-26T10:00,0.9,0.00,90,-0.5,-2.3,0.00,0.00,0.00,3,100,0,0,100,6.8,274,273,9.4,16.9,1,0.00,1033.9,1018.8
2022-01-26T11:00,1.2,0.00,89,-0.4,-2.3,0.00,0.00,0.00,3,100,0,0,100,8.6,272,270,11.9,19.4,1,0.00,1034.0,1018.9
2022-01-26T12:00,1.6,0.00,88,-0.2,-2.0,0.00,0.00,0.00,3,100,0,0,100,9.7,275,274,13.4,22.0,1,0.00,1034.1,1019.1
2022-01-26T13:00,1.0,0.00,82,-1.6,-2.9,0.00,0.00,0.00,3,100,0,0,100,10.5,277,276,14.2,23.4,1,0.00,1034.2,1019.1
2022-01-26T14:00,1.2,0.00,80,-1.8,-2.8,0.00,0.00,0.00,3,100,47,0,100,10.9,276,278,14.8,24.1,1,0.00,1034.1,1019.0
2022-01-26T15:00,1.4,0.00,79,-1.9,-2.6,0.00,0.00,0.00,3,100,5,1,100,10.5,293,292,14.8,25.6,1,0.00,1034.4,1019.3
2022-01-26T16:00,1.2,0.00,79,-2.0,-2.4,0.00,0.00,0.00,3,100,10,0,100,8.0,265,262,12.3,22.7,1,0.00,1033.8,1018.7
2022-01-26T17:00,0.9,0.00,82,-1.8,-2.6,0.00,0.00,0.00,3,100,32,0,100,7.1,247,240,13.7,16.9,1,0.00,1033.8,1018.7
2022-01-26T18:00,0.5,0.00,86,-1.6,-3.1,0.00,0.00,0.00,3,100,63,0,100,8.7,239,232,17.3,17.6,0,0.00,1033.9,1018.8
2022-01-26T19:00,0.3,0.00,87,-1.6,-3.5,0.00,0.00,0.00,3,100,91,13,100,9.6,245,236,18.7,19.1,0,0.00,1034.1,1019.0
2022-01-26T20:00,0.1,0.00,88,-1.6,-3.8,0.00,0.00,0.00,3,100,98,2,100,10.6,242,235,19.7,21.6,0,0.00,1033.6,1018.5
2022-01-26T21:00,-0.1,0.00,90,-1.6,-3.9,0.00,0.00,0.00,3,100,98,0,100,9.4,238,230,18.6,21.2,0,0.00,1033.7,1018.6
2022-01-26T22:00,-0.4,0.00,92,-1.6,-4.1,0.00,0.00,0.00,3,100,84,0,100,9.2,239,231,18.9,19.1,0,0.00,1033.7,1018.6
2022-01-26T23:00,-0.3,0.00,90,-1.7,-4.0,0.00,0.00,0.00,3,100,69,0,100,9.3,240,234,17.9,19.1,0,0.00,1033.4,1018.3
2022-01-27T00:00,-0.4,0.00,91,-1.7,-4.2,0.00,0.00,0.00,3,100,80,0,100,9.3,239,234,18.1,19.1,0,0.00,1032.9,1017.8
2022-01-27T01:00,-0.5,0.00,91,-1.8,-4.2,0.00,0.00,0.00,3,99,55,0,99,8.9,231,227,16.1,20.5,0,0.00,1032.8,1017.7
2022-01-27T02:00,-0.4,0.00,89,-2.0,-4.4,0.00,0.00,0.00,3,100,94,0,100,10.6,237,235,17.2,20.9,0,0.00,1032.7,1017.6
2022-01-27T03:00,-0.4,0.00,87,-2.3,-4.5,0.00,0.00,0.00,3,100,96,0,100,11.4,247,246,18.1,22.7,0,0.00,1032.4,1017.3
2022-01-27T04:00,-0.3,0.00,87,-2.3,-4.4,0.00,0.00,0.00,3,100,99,0,100,11.1,243,241,18.2,23.0,0,0.00,1032.2,1017.1
2022-01-27T05:00,-0.3,0.00,87,-2.2,-4.7,0.00,0.00,0.00,3,100,100,0,100,13.2,238,235,20.9,27.4,0,0.00,1031.7,1016.6
2022-01-27T06:00,-0.3,0.00,88,-2.0,-4.7,0.00,0.00,0.00,3,100,100,0,100,13.5,237,236,20.6,31.0,0,0.00,1031.2,1016.1
2022-01-27T07:00,-0.5,0.00,90,-1.9,-4.8,0.00,0.00,0.00,3,100,100,0,100,13.2,226,225,20.4,28.4,0,0.00,1031.0,1015.9
2022-01-27T08:00,-0.7,0.00,92,-1.9,-5.1,0.00,0.00,0.00,3,100,94,0,100,13.6,222,220,22.4,28.4,0,0.00,1030.9,1015.8
2022-01-27T09:00,-0.5,0.00,91,-1.8,-5.3,0.00,0.00,0.00,3,100,52,0,100,16.1,220,220,24.0,33.8,1,0.00,1030.8,1015.7
2022-01-27T10:00,-0.1,0.00,89,-1.7,-5.1,0.00,0.00,0.00,3,100,21,0,100,17.6,222,221,27.8,36.7,1,0.00,1030.4,1015.3
2022-01-27T11:00,0.3,0.00,87,-1.6,-4.9,0.00,0.00,0.00,3,100,1,0,100,19.1,222,223,28.8,39.6,1,0.00,1030.2,1015.1
2022-01-27T12:00,0.6,0.00,86,-1.4,-4.6,0.00,0.00,0.00,3,100,0,0,100,19.6,222,221,30.3,40.3,1,0.00,1030.1,1015.1
2022-01-27T13:00,1.0,0.00,84,-1.4,-4.6,0.00,0.00,0.00,3,100,0,0,100,22.4,224,224,33.4,45.4,1,0.00,1029.4,1014.4
2022-01-27T14:00,1.1,0.10,85,-1.1,-4.1,0.00,0.00,0.07,71,100,0,100,100,20.1,227,226,31.1,45.0,1,0.00,1029.1,1014.1
2022-01-27T15:00,1.3,0.10,85,-0.9,-2.9,0.00,0.00,0.07,71,100,97,100,100,13.7,213,210,23.2,40.7,1,0.00,1028.4,1013.4
2022-01-27T16:00,1.5,0.20,86,-0.6,-3.1,0.10,0.00,0.07,71,100,99,100,100,16.5,231,224,28.7,34.6,1,0.00,1028.5,1013.5
2022-01-27T17:00,1.7,0.30,87,-0.2,-3.0,0.20,0.00,0.07,71,100,99,100,100,17.1,229,224,29.4,34.9,1,0.00,1028.3,1013.3
2022-01-27T18:00,1.8,0.20,88,0.0,-2.7,0.20,0.00,0.00,51,100,100,100,100,16.6,234,228,29.1,35.3,0,0.00,1028.3,1013.4
2022-01-27T19:00,2.1,0.20,89,0.4,-2.6,0.20,0.00,0.00,51,100,100,100,100,17.6,240,235,30.8,36.4,0,0.00,1028.1,1013.2
2022-01-27T20:00,2.2,0.20,89,0.6,-2.6,0.20,0.00,0.00,51,100,100,100,100,18.9,242,239,33.0,39.2,0,0.00,1028.2,1013.3
2022-01-27T21:00,2.3,0.10,90,0.8,-2.5,0.10,0.00,0.00,51,100,3,96,100,19.2,245,242,33.3,39.6,0,0.00,1028.4,1013.5
2022-01-27T22:00,2.3,0.00,90,0.9,-2.5,0.00,0.00,0.00,3,100,0,81,100,19.4,239,235,33.8,40.0,0,0.00,1028.6,1013.7
2022-01-27T23:00,2.2,0.20,91,1.0,-2.6,0.10,0.00,0.07,71,100,0,26,100,19.4,234,230,34.0,40.7,0,0.00,1029.1,1014.2
2022-01-28T00:00,2.3,0.30,93,1.3,-2.1,0.30,0.01,0.00,51,100,0,5,100,16.9,240,232,30.3,39.6,0,0.00,1029.8,1014.9
2022-01-28T01:00,2.3,0.00,92,1.1,-2.2,0.00,0.01,0.00,3,100,0,8,100,17.1,235,229,30.5,34.6,0,0.00,1030.2,1015.3
2022-01-28T02:00,2.4,0.00,92,1.3,-1.7,0.00,0.01,0.00,3,100,0,3,100,15.3,246,240,27.9,35.3,0,0.00,1030.7,1015.8
2022-01-28T03:00,2.8,0.20,92,1.6,-1.4,0.20,0.01,0.00,51,68,0,12,65,15.8,258,253,29.1,33.5,0,0.00,1031.4,1016.5
2022-01-28T04:00,2.8,0.00,93,1.8,-1.3,0.00,0.00,0.00,1,44,0,4,43,15.5,264,258,28.6,33.5,0,0.00,1031.5,1016.6
2022-01-28T05:00,2.5,0.10,93,1.5,-1.5,0.10,0.00,0.00,51,66,40,7,44,14.2,266,261,27.8,32.4,0,0.00,1032.0,1017.0
2022-01-28T06:00,2.3,0.20,93,1.4,-1.5,0.20,0.00,0.00,51,83,66,2,50,13.3,272,267,26.7,29.9,0,0.00,1032.7,1017.7
2022-01-28T07:00,2.2,0.00,93,1.3,-1.6,0.00,0.00,0.00,2,56,10,8,51,13.0,272,267,25.9,28.4,0,0.00,1033.4,1018.4
2022-01-28T08:00,1.9,0.00,94,1.0,-1.9,0.00,0.00,0.00,3,91,0,20,91,12.5,266,258,26.0,27.4,0,0.00,1033.8,1018.8
2022-01-28T09:00,2.5,0.10,91,1.3,-1.3,0.10,0.00,0.00,51,80,2,10,79,13.1,265,261,25.3,27.0,1,0.00,1034.6,1019.6
2022-01-28T10:00,3.2,0.10,90,1.8,-0.3,0.10,0.00,0.00,51,69,0,1,69,11.3,268,261,25.6,27.0,1,3267.98,1035.2,1020.2
2022-01-28T11:00,4.3,0.10,88,2.5,0.9,0.10,0.00,0.00,51,80,14,0,77,11.2,268,264,20.2,24.8,1,3600.00,1035.8,1020.9
2022-01-28T12:00,5.1,0.10,84,2.6,1.1,0.10,0.00,0.00,51,100,100,1,57,15.5,271,271,23.0,30.6,1,3295.60,1036.0,1021.1
2022-01-28T13:00,5.3,0.10,82,2.4,1.0,0.10,0.00,0.00,51,100,99,41,66,17.4,289,288,26.3,39.6,1,3600.00,1035.7,1020.8
2022-01-28T14:00,5.5,0.50,82,2.8,1.4,0.50,0.00,0.00,53,76,54,36,41,17.1,293,292,25.5,36.0,1,2144.80,1035.4,1020.5
2022-01-28T15:00,5.9,0.20,79,2.5,1.7,0.20,0.00,0.00,51,100,99,13,54,16.5,292,290,24.5,35.6,1,3600.00,1035.2,1020.4
2022-01-28T16:00,5.8,0.00,77,2.1,2.3,0.00,0.00,0.00,3,99,91,96,49,11.6,291,286,20.4,33.8,1,1259.02,1035.2,1020.4
2022-01-28T17:00,4.7,0.00,79,1.5,1.5,0.00,0.00,0.00,3,100,98,100,42,9.4,277,272,20.3,24.1,1,0.00,1035.1,1020.2
2022-01-28T18:00,3.8,0.00,85,1.6,0.4,0.00,0.00,0.00,3,100,100,99,39,10.7,265,258,22.8,20.9,0,0.00,1035.9,1021.0
2022-01-28T19:00,3.7,0.00,89,2.1,0.1,0.00,0.00,0.00,3,100,100,100,58,12.4,266,260,23.8,25.2,0,0.00,1036.5,1021.5
2022-01-28T20:00,3.7,0.10,91,2.3,0.3,0.10,0.00,0.00,51,100,100,100,52,11.0,254,247,21.3,25.2,0,0.00,1036.7,1021.7
2022-01-28T21:00,3.4,0.00,93,2.4,0.0,0.00,0.00,0.00,3,100,100,100,58,11.4,240,235,21.9,23.0,0,0.00,1036.7,1021.7
2022-01-28T22:00,3.3,0.00,94,2.5,-0.1,0.00,0.00,0.00,3,100,100,100,100,11.5,232,226,22.0,23.4,0,0.00,1036.5,1021.5
2022-01-28T23:00,3.4,0.00,95,2.6,-0.1,0.00,0.00,0.00,3,100,100,97,100,12.5,229,226,22.5,25.2,0,0.00,1036.3,1021.3
2022-01-29T00:00,3.4,0.00,94,2.5,-0.3,0.00,0.00,0.00,3,100,100,100,100,13.2,228,223,23.7,27.0,0,0.00,1035.6,1020.6
2022-01-29T01:00,3.5,0.00,87,1.5,-0.5,0.00,0.00,0.00,3,100,99,100,100,14.1,238,238,25.1,28.8,0,0.00,1035.1,1020.1
2022-01-29T02:00,3.4,0.00,88,1.5,-0.6,0.00,0.00,0.00,3,100,51,100,100,14.2,236,234,24.4,30.6,0,0.00,1034.6,1019.6
2022-01-29T03:00,3.4,0.00,90,1.9,-0.5,0.00,0.00,0.00,3,100,25,100,100,13.8,233,231,24.2,29.2,0,0.00,1034.0,1019.1
2022-01-29T04:00,3.5,0.00,90,2.0,-0.5,0.00,0.00,0.00,3,100,35,100,100,15.1,232,230,25.9,31.3,0,0.00,1032.9,1018.0
2022-01-29T05:00,3.5,0.00,90,2.0,-0.6,0.00,0.00,0.00,3,100,59,100,100,15.3,237,236,26.1,32.0,0,0.00,1032.6,1017.7
2022-01-29T06:00,3.4,0.00,90,1.9,-0.7,0.00,0.00,0.00,3,100,86,100,100,15.6,233,230,26.7,32.8,0,0.00,1032.2,1017.3
2022-01-29T07:00,3.4,0.00,89,1.7,-0.9,0.00,0.00,0.00,3,100,14,100,100,16.3,230,227,28.3,34.2,0,0.00,1032.0,1017.1
2022-01-29T08:00,3.3,0.00,89,1.6,-1.2,0.00,0.00,0.00,3,100,56,98,100,18.1,229,226,31.4,37.4,0,0.00,1031.7,1016.8
2022-01-29T09:00,3.2,0.00,88,1.4,-1.4,0.00,0.00,0.00,3,100,24,4,100,18.9,233,230,32.1,39.2,1,0.00,1031.6,1016.7
2022-01-29T10:00,3.4,0.00,87,1.4,-1.1,0.00,0.00,0.00,3,100,1,0,100,17.6,230,229,29.9,41.0,1,0.00,1031.3,1016.4
2022-01-29T11:00,3.4,0.00,85,1.1,-1.3,0.00,0.00,0.00,3,100,12,0,100,18.7,221,220,33.2,40.0,1,0.00,1030.7,1015.8
2022-01-29T12:00,3.7,0.00,85,1.4,-1.0,0.00,0.00,0.00,3,100,72,3,100,19.6,227,226,37.2,41.4,1,0.00,1030.5,1015.6
2022-01-29T13:00,3.1,0.00,82,0.3,-2.1,0.00,0.00,0.00,3,100,90,0,100,21.4,225,224,34.9,46.8,1,0.00,1030.6,1015.7
2022-01-29T14:00,3.1,0.00,83,0.4,-1.9,0.00,0.00,0.00,3,100,100,0,100,19.6,224,223,32.8,46.4,1,0.00,1029.7,1014.8
2022-01-29T15:00,3.4,0.00,83,0.8,-1.3,0.00,0.00,0.00,3,100,20,0,100,18.1,218,215,31.5,41.8,1,0.00,1028.6,1013.7
2022-01-29T16:00,3.5,0.00,86,1.3,-0.4,0.00,0.00,0.00,3,100,100,0,100,13.7,228,207,57.4,38.5,1,0.00,1028.3,1013.4
2022-01-29T17:00,4.1,0.00,85,1.8,-1.2,0.00,0.00,0.00,3,100,99,0,100,23.6,234,232,40.2,48.6,1,0.00,1028.0,1013.2
2022-01-29T18:00,4.6,0.00,85,2.2,-0.0,0.00,0.00,0.00,3,100,90,100,100,19.4,240,239,33.4,50.0,0,0.00,1027.8,1013.0
2022-01-29T19:00,5.0,0.00,86,2.9,0.4,0.00,0.00,0.00,3,100,41,0,100,20.5,251,248,34.7,42.5,0,0.00,1027.8,1013.0
2022-01-29T20:00,5.4,0.00,86,3.2,0.2,0.00,0.00,0.00,3,100,0,19,100,24.3,248,246,41.0,50.4,0,0.00,1027.5,1012.8
2022-01-29T21:00,5.4,0.00,86,3.3,-0.0,0.00,0.00,0.00,3,100,0,44,100,26.6,244,242,44.6,54.7,0,0.00,1027.4,1012.7
2022-01-29T22:00,5.6,0.00,86,3.4,-0.3,0.00,0.00,0.00,3,100,7,48,100,29.8,240,238,49.3,61.9,0,0.00,1026.9,1012.2
2022-01-29T23:00,5.6,0.00,87,3.7,0.3,0.00,0.00,0.00,3,100,17,58,100,26.5,237,233,44.4,61.9,0,0.00,1026.9,1012.2
2022-01-30T00:00,5.8,0.30,89,4.1,1.0,0.30,0.00,0.00,51,100,0,100,100,23.0,240,241,39.8,54.7,0,0.00,1026.6,1011.9
2022-01-30T01:00,5.7,2.00,91,4.4,1.2,2.00,0.00,0.00,61,100,49,78,100,21.6,240,240,37.2,47.9,0,0.00,1027.1,1012.4
2022-01-30T02:00,5.6,0.30,95,4.9,2.0,0.30,0.00,0.00,51,100,47,93,100,16.3,247,245,29.0,43.6,0,0.00,1026.9,1012.2
2022-01-30T03:00,6.0,0.00,94,5.1,2.8,0.00,0.00,0.00,3,87,84,4,14,13.4,277,265,26.1,32.8,0,0.00,1026.9,1012.2
2022-01-30T04:00,5.5,0.00,91,4.2,2.1,0.00,0.00,0.00,3,93,90,7,31,14.1,288,283,28.8,30.6,0,0.00,1027.0,1012.3
2022-01-30T05:00,5.1,0.00,90,3.5,1.4,0.00,0.00,0.00,2,74,69,0,14,14.6,289,286,28.6,30.6,0,0.00,1027.6,1012.8
2022-01-30T06:00,4.4,0.00,90,2.9,0.4,0.00,0.00,0.00,1,22,0,0,22,16.2,288,287,30.7,33.8,0,0.00,1028.4,1013.6
2022-01-30T07:00,3.7,0.00,91,2.3,-0.3,0.00,0.00,0.00,1,34,0,0,34,15.5,291,288,29.6,34.2,0,0.00,1029.3,1014.4
2022-01-30T08:00,3.2,0.00,91,1.9,-0.7,0.00,0.00,0.00,1,40,0,0,40,14.3,285,280,27.6,32.8,1,0.00,1030.1,1015.2
2022-01-30T09:00,3.2,0.00,90,1.7,-0.7,0.00,0.00,0.00,1,29,0,0,29,14.4,275,269,26.7,29.5,1,1088.21,1030.7,1015.8
2022-01-30T10:00,4.0,0.00,88,2.3,0.5,0.00,0.00,0.00,1,29,0,0,29,12.1,267,260,24.2,29.9,1,3600.00,1031.0,1016.1
2022-01-30T11:00,5.2,0.00,83,2.5,1.2,0.00,0.00,0.00,1,35,0,0,35,15.6,266,263,23.5,32.8,1,3600.00,1031.3,1016.5
2022-01-30T12:00,6.0,0.10,72,1.4,1.1,0.10,0.00,0.00,51,75,0,0,75,20.6,287,289,30.1,43.2,1,3600.00,1030.8,1016.0
2022-01-30T13:00,6.7,0.10,60,-0.4,1.6,0.10,0.00,0.00,51,92,0,0,88,19.8,298,297,28.5,43.2,1,3600.00,1030.2,1015.5
2022-01-30T14:00,7.0,0.00,57,-1.0,2.0,0.00,0.00,0.00,2,78,0,1,78,18.7,301,300,27.3,41.4,1,3600.00,1029.8,1015.1
2022-01-30T15:00,6.9,0.00,56,-1.2,2.2,0.00,0.00,0.00,2,64,0,1,64,16.8,302,301,24.6,38.9,1,3600.00,1029.3,1014.6
2022-01-30T16:00,6.5,0.00,58,-1.1,2.4,0.00,0.00,0.00,2,70,0,0,70,12.6,301,301,21.0,35.3,1,3600.00,1029.3,1014.6
2022-01-30T17:00,5.2,0.00,64,-1.0,1.9,0.00,0.00,0.00,3,91,0,0,91,7.3,288,281,16.6,26.3,1,1705.88,1028.8,1014.0
2022-01-30T18:00,4.0,0.00,70,-1.0,0.5,0.00,0.00,0.00,3,94,0,0,94,8.0,269,260,19.1,15.8,0,0.00,1028.7,1013.9
2022-01-30T19:00,3.6,0.00,71,-1.1,0.0,0.00,0.00,0.00,3,90,0,0,90,8.9,264,256,21.0,18.0,0,0.00,1028.5,1013.6
2022-01-30T20:00,2.4,0.00,78,-1.0,-0.9,0.00,0.00,0.00,3,95,0,0,95,7.1,259,246,19.4,18.0,0,0.00,1028.1,1013.2
2022-01-30T21:00,2.2,0.00,81,-0.7,-0.9,0.00,0.00,0.00,3,95,3,0,94,5.8,261,248,16.8,15.1,0,0.00,1027.5,1012.6
2022-01-30T22:00,1.5,0.00,86,-0.7,-1.4,0.00,0.00,0.00,2,64,47,0,32,4.6,270,252,14.4,12.2,0,0.00,1026.7,1011.8
2022-01-30T23:00,-0.5,0.00,90,-2.0,-3.8,0.00,0.00,0.00,3,99,99,0,9,5.9,272,232,12.2,11.9,0,0.00,1025.6,1010.6
2022-01-31T00:00,-0.5,0.00,91,-1.7,-3.8,0.00,0.00,0.00,3,100,100,11,0,6.5,221,177,13.3,12.6,0,0.00,1024.2,1009.2
2022-01-31T01:00,0.6,0.00,90,-0.8,-2.5,0.00,0.00,0.00,3,100,100,100,28,5.7,231,198,14.3,15.1,0,0.00,1023.3,1008.4
2022-01-31T02:00,0.7,0.00,90,-0.7,-2.7,0.00,0.00,0.00,3,100,100,89,68,8.2,230,209,18.4,18.0,0,0.00,1021.9,1007.0
2022-01-31T03:00,1.5,0.00,87,-0.5,-2.5,0.00,0.00,0.00,3,100,100,96,43,11.8,216,203,23.2,23.8,0,0.00,1019.1,1004.3
2022-01-31T04:00,1.9,0.00,83,-0.7,-2.7,0.00,0.00,0.00,1,41,29,8,12,15.8,227,223,29.3,32.8,0,0.00,1017.4,1002.6
2022-01-31T05:00,1.7,0.00,87,-0.3,-2.9,0.00,0.00,0.00,3,100,99,99,84,16.5,230,226,31.9,34.9,0,0.00,1015.9,1001.1
2022-01-31T06:00,3.3,0.10,83,0.7,-1.8,0.10,0.00,0.00,51,100,96,100,100,20.9,227,224,35.1,43.6,0,0.00,1013.5,998.8
2022-01-31T07:00,3.5,1.70,91,2.1,-1.6,0.70,0.00,0.70,73,100,0,100,100,22.8,237,235,39.0,47.9,0,0.00,1012.0,997.4
2022-01-31T08:00,3.7,0.70,93,2.7,-1.5,0.70,0.00,0.00,53,100,0,95,100,24.0,248,246,39.9,54.0,1,0.00,1011.9,997.3
2022-01-31T09:00,3.9,0.00,90,2.4,-0.8,0.00,0.00,0.00,3,100,0,83,99,20.7,256,253,34.8,50.0,1,0.00,1012.2,997.6
2022-01-31T10:00,4.6,0.10,86,2.5,0.1,0.10,0.00,0.00,51,100,87,100,59,19.6,262,257,32.3,43.2,1,0.00,1011.7,997.1
2022-01-31T11:00,5.5,0.00,80,2.3,0.9,0.00,0.00,0.00,3,100,55,100,53,19.4,259,255,32.3,43.6,1,0.00,1011.1,996.6
2022-01-31T12:00,5.9,0.00,76,2.0,1.1,0.00,0.00,0.00,3,100,100,100,25,20.5,251,248,33.1,45.0,1,0.00,1010.2,995.7
2022-01-31T13:00,5.0,1.80,82,2.1,-0.7,1.30,0.00,0.35,73,100,0,100,57,26.8,255,255,42.1,45.7,1,0.00,1010.9,996.4
2022-01-31T14:00,4.7,0.30,83,2.1,-1.1,0.30,0.00,0.00,51,100,0,100,96,27.4,273,271,45.1,60.8,1,0.00,1010.6,996.1
2022-01-31T15:00,4.8,0.20,80,1.7,-0.8,0.20,0.00,0.00,51,100,0,100,84,26.0,282,280,42.4,60.5,1,0.00,1010.8,996.3
2022-01-31T16:00,4.8,0.40,80,1.6,-1.0,0.40,0.00,0.00,51,100,0,100,100,26.8,283,282,44.8,56.5,1,0.00,1011.2,996.7
2022-01-31T17:00,3.9,0.40,81,1.0,-1.5,0.30,0.00,0.07,71,100,0,91,100,23.5,288,285,39.4,56.5,1,0.00,1012.0,997.4
2022-01-31T18:00,4.2,0.10,81,1.2,-1.1,0.10,0.00,0.00,51,100,0,100,100,22.7,294,290,37.7,49.3,0,0.00,1012.6,998.0
2022-01-31T19:00,4.2,0.00,80,1.1,-0.7,0.00,0.00,0.00,3,100,0,100,100,20.0,292,288,33.8,47.5,0,0.00,1013.2,998.6
2022-01-31T20:00,4.4,0.00,79,1.1,-0.3,0.00,0.00,0.00,3,100,0,100,100,18.7,294,289,31.9,42.1,0,0.00,1013.9,999.3
2022-01-31T21:00,4.6,0.10,79,1.3,-0.1,0.10,0.00,0.00,51,100,27,100,100,19.0,301,297,32.3,39.2,0,0.00,1014.3,999.7
2022-01-31T22:00,4.5,0.20,83,1.9,-0.4,0.20,0.00,0.00,51,100,21,98,100,21.0,311,308,35.5,43.9,0,0.00,1015.5,1000.9
2022-01-31T23:00,4.6,0.00,85,2.3,-0.2,0.00,0.00,0.00,3,84,33,18,73,20.6,317,314,34.4,43.9,0,0.00,1016.6,1002.0
2022-02-01T00:00,4.0,0.10,84,1.6,-1.0,0.10,0.00,0.00,51,73,48,15,46,21.3,324,321,35.8,46.4,0,0.00,1017.9,1003.2
2022-02-01T01:00,3.8,0.00,87,1.8,-0.5,0.00,0.00,0.00,3,100,15,34,100,16.5,317,314,29.5,43.9,0,0.00,1018.7,1004.0
2022-02-01T02:00,3.4,0.50,89,1.7,-1.2,0.50,0.00,0.00,53,100,89,73,100,18.6,314,313,32.1,38.5,0,0.00,1019.5,1004.8
2022-02-01T03:00,3.6,0.00,86,1.5,-0.9,0.00,0.00,0.00,3,93,76,58,52,18.4,314,312,31.3,39.2,0,0.00,1020.4,1005.7
2022-02-01T04:00,2.9,0.00,85,0.6,-1.7,0.00,0.00,0.00,3,100,100,100,37,17.0,307,306,30.3,38.2,0,0.00,1021.3,1006.5
2022-02-01T05:00,2.8,0.00,84,0.3,-1.8,0.00,0.00,0.00,3,100,100,99,43,17.4,307,304,30.1,36.0,0,0.00,1021.8,1007.0
2022-02-01T06:00,2.2,0.00,84,-0.2,-2.0,0.00,0.00,0.00,3,100,42,99,30,14.2,302,297,25.9,36.4,0,0.00,1022.3,1007.5
2022-02-01T07:00,1.9,0.00,85,-0.3,-2.0,0.00,0.00,0.00,3,100,8,100,16,11.5,289,284,22.4,29.5,0,0.00,1022.5,1007.6
2022-02-01T08:00,1.8,0.00,85,-0.4,-2.0,0.00,0.00,0.00,3,99,29,98,22,11.2,276,268,22.4,24.5,1,0.00,1022.9,1008.0
2022-02-01T09:00,2.4,0.00,85,0.2,-1.4,0.00,0.00,0.00,3,100,55,100,64,11.4,256,246,21.1,24.1,1,0.00,1022.8,1008.0
2022-02-01T10:00,3.0,0.10,86,0.9,-1.3,0.10,0.00,0.00,51,100,58,100,30,15.3,247,243,25.8,31.3,1,0.00,1022.6,1007.8
2022-02-01T11:00,3.4,0.00,81,0.4,-1.2,0.00,0.00,0.00,3,100,0,100,27,16.9,238,236,26.7,34.9,1,0.00,1022.4,1007.6
2022-02-01T12:00,3.0,0.10,81,0.1,-1.7,0.10,0.00,0.00,51,100,3,100,100,17.6,224,221,28.8,37.8,1,0.00,1021.4,1006.6
2022-02-01T13:00,2.4,0.40,87,0.4,-2.1,0.30,0.00,0.07,71,100,69,100,100,16.2,216,212,27.6,44.6,1,0.00,1020.7,1005.9
2022-02-01T14:00,2.1,0.20,88,0.3,-3.3,0.20,0.00,0.00,51,100,37,100,100,22.7,228,227,39.3,49.0,1,0.00,1019.3,1004.5
2022-02-01T15:00,2.0,0.60,91,0.7,-3.9,0.20,0.00,0.28,73,100,71,100,100,26.6,231,232,44.3,55.8,1,0.00,1018.3,1003.5
2022-02-01T16:00,2.4,0.10,89,0.8,-3.7,0.10,0.00,0.00,51,100,63,100,100,28.1,234,234,44.1,58.3,1,0.00,1017.4,1002.6
2022-02-01T17:00,2.9,0.10,88,1.1,-3.5,0.10,0.00,0.00,51,100,24,100,100,30.5,238,237,50.1,64.4,1,0.00,1016.1,1001.4
2022-02-01T18:00,3.5,0.10,88,1.6,-2.5,0.10,0.00,0.00,51,100,67,100,100,27.9,241,240,46.3,63.4,0,0.00,1015.7,1001.0
2022-02-01T19:00,3.9,0.10,89,2.3,-1.6,0.10,0.00,0.00,51,100,0,100,100,25.5,240,239,42.7,57.6,0,0.00,1015.0,1000.4
2022-02-01T20:00,4.4,0.30,91,3.1,-0.6,0.30,0.00,0.00,51,100,2,100,100,23.1,241,239,39.5,52.6,0,0.00,1015.1,1000.5
2022-02-01T21:00,4.8,0.80,94,3.9,0.3,0.80,0.00,0.00,53,100,4,91,100,20.8,243,240,36.4,47.9,0,0.00,1015.4,1000.8
2022-02-01T22:00,4.9,1.30,95,4.1,0.8,1.30,0.00,0.00,61,74,0,58,43,18.2,241,236,32.9,42.8,0,0.00,1015.4,1000.8
2022-02-01T23:00,5.3,1.10,90,3.8,1.8,1.10,0.00,0.00,55,84,45,57,31,14.0,262,258,27.6,37.1,0,0.00,1015.4,1000.8
2022-02-02T00:00,5.4,1.10,95,4.6,2.1,1.10,0.00,0.00,55,96,38,87,48,13.7,261,252,26.2,29.9,0,0.00,1015.8,1001.2
2022-02-02T01:00,5.3,0.60,96,4.8,2.3,0.60,0.00,0.00,53,100,100,99,48,11.8,266,258,24.2,28.8,0,0.00,1015.5,1000.9
2022-02-02T02:00,6.0,0.20,95,5.2,2.9,0.20,0.00,0.00,51,100,100,96,62,13.3,275,268,25.7,35.3,0,0.00,1015.6,1001.1
2022-02-02T03:00,5.9,0.20,93,4.9,2.9,0.20,0.00,0.00,51,100,80,100,45,12.3,284,277,24.1,31.7,0,0.00,1016.1,1001.5
2022-02-02T04:00,5.8,0.30,93,4.7,2.3,0.30,0.00,0.00,51,100,89,100,65,15.1,287,282,27.8,31.3,0,0.00,1016.3,1001.7
2022-02-02T05:00,6.1,0.10,91,4.8,2.3,0.10,0.00,0.00,51,86,39,49,62,17.1,289,285,30.4,35.6,0,0.00,1016.3,1001.8
2022-02-02T06:00,5.9,0.20,90,4.4,2.0,0.20,0.00,0.00,51,62,26,39,16,17.8,288,284,32.1,37.8,0,0.00,1016.7,1002.1
2022-02-02T07:00,5.5,0.50,91,4.1,1.5,0.50,0.00,0.00,53,75,50,42,14,17.8,287,284,32.7,38.2,0,0.00,1017.2,1002.6
2022-02-02T08:00,5.9,0.20,89,4.2,1.8,0.20,0.00,0.00,51,79,27,48,52,18.5,295,291,32.9,40.0,1,0.00,1018.2,1003.6
2022-02-02T09:00,6.0,0.00,88,4.1,2.1,0.00,0.00,0.00,3,100,83,100,58,17.3,291,287,30.8,39.2,1,1038.61,1018.9,1004.3
2022-02-02T10:00,6.9,0.00,84,4.4,2.9,0.00,0.00,0.00,3,99,62,97,63,18.2,292,288,30.2,37.8,1,564.96,1019.3,1004.8
2022-02-02T11:00,7.5,0.10,82,4.6,3.7,0.10,0.00,0.00,51,100,0,100,69,16.5,293,290,27.1,38.2,1,1426.18,1019.9,1005.4
2022-02-02T12:00,7.5,0.10,83,4.7,3.9,0.10,0.00,0.00,51,100,17,100,100,15.5,295,292,25.4,33.8,1,0.00,1020.5,1006.0
2022-02-02T13:00,9.2,0.20,65,3.1,4.8,0.20,0.00,0.00,51,100,0,100,17,19.3,305,303,29.0,32.4,1,0.00,1020.2,1005.8
2022-02-02T14:00,8.4,0.00,71,3.5,4.3,0.00,0.00,0.00,2,72,5,37,58,17.6,299,298,26.4,43.2,1,0.00,1020.5,1006.0
2022-02-02T15:00,8.7,0.10,72,3.9,5.1,0.10,0.00,0.00,51,56,0,36,38,15.0,302,300,23.5,37.8,1,3600.00,1021.1,1006.6
2022-02-02T16:00,8.5,0.00,76,4.5,5.5,0.00,0.00,0.00,1,49,0,29,44,11.3,305,301,19.9,34.6,1,3600.00,1021.7,1007.2
2022-02-02T17:00,7.2,0.00,82,4.4,4.9,0.00,0.00,0.00,2,74,5,13,73,6.8,302,295,17.0,24.1,1,2872.90,1022.1,1007.5
2022-02-02T18:00,5.4,0.10,90,3.9,3.2,0.10,0.00,0.00,51,81,20,19,75,5.1,292,278,14.4,15.8,0,0.00,1022.7,1008.0
2022-02-02T19:00,4.8,0.20,92,3.6,2.5,0.20,0.00,0.00,51,91,65,16,70,5.2,273,258,15.1,12.2,0,0.00,1023.3,1008.6
2022-02-02T20:00,4.6,0.00,93,3.6,2.3,0.00,0.00,0.00,3,98,94,58,39,5.4,278,266,16.3,13.0,0,0.00,1024.0,1009.3
2022-02-02T21:00,3.7,0.00,94,2.9,1.2,0.00,0.00,0.00,3,100,100,81,27,5.9,274,227,10.5,12.6,0,0.00,1024.2,1009.4
2022-02-02T22:00,3.2,0.00,97,2.7,0.9,0.00,0.00,0.00,3,100,100,91,84,4.7,236,176,7.8,10.8,0,0.00,1024.3,1009.5
2022-02-02T23:00,4.5,0.00,96,4.0,2.5,0.00,0.00,0.00,3,100,88,99,100,3.9,208,158,9.3,8.3,0,0.00,1024.2,1009.5
2022-02-03T00:00,5.3,0.10,97,4.8,3.4,0.10,0.00,0.00,51,100,98,100,100,4.4,210,171,12.1,8.3,0,0.00,1024.3,1009.6
2022-02-03T01:00,5.9,0.50,96,5.3,4.2,0.50,0.00,0.00,53,100,100,100,100,3.6,194,143,5.9,11.5,0,0.00,1024.2,1009.5
2022-02-03T02:00,6.0,0.60,98,5.7,4.3,0.60,0.00,0.00,53,100,99,100,100,4.7,194,148,8.9,8.6,0,0.00,1024.1,1009.4
2022-02-03T03:00,6.2,0.20,98,5.9,4.5,0.20,0.00,0.00,51,100,100,100,100,4.6,201,162,10.8,9.0,0,0.00,1023.9,1009.2
2022-02-03T04:00,6.6,0.00,98,6.3,4.6,0.00,0.00,0.00,3,100,55,89,100,7.3,213,189,16.7,14.0,0,0.00,1023.1,1008.5
2022-02-03T05:00,6.9,0.00,98,6.7,4.2,0.00,0.00,0.00,3,100,28,74,100,12.6,219,211,24.1,24.1,0,0.00,1022.8,1008.2
2022-02-03T06:00,7.1,0.00,98,6.8,4.3,0.00,0.00,0.00,3,100,97,97,100,13.0,225,219,24.4,27.4,0,0.00,1022.6,1008.0
2022-02-03T07:00,7.1,0.10,98,6.8,4.5,0.10,0.00,0.00,51,100,89,35,100,11.8,224,218,22.7,26.3,0,0.00,1022.2,1007.6
2022-02-03T08:00,7.1,0.00,97,6.6,4.5,0.00,0.00,0.00,3,100,100,93,100,11.5,225,219,21.9,24.5,1,0.00,1021.9,1007.3
2022-02-03T09:00,7.1,0.00,96,6.5,4.4,0.00,0.00,0.00,3,100,100,99,71,12.8,226,220,22.9,25.9,1,0.00,1021.9,1007.3
2022-02-03T10:00,7.4,0.00,94,6.5,5.1,0.00,0.00,0.00,3,100,100,76,100,9.2,236,228,17.4,25.9,1,0.00,1021.4,1006.8
2022-02-03T11:00,8.0,0.00,90,6.5,6.0,0.00,0.00,0.00,3,100,100,28,74,7.5,221,215,11.5,20.5,1,0.00,1020.6,1006.1
2022-02-03T12:00,8.6,0.00,85,6.2,5.6,0.00,0.00,0.00,3,100,100,0,71,14.2,206,207,19.6,28.4,1,255.11,1019.7,1005.2
2022-02-03T13:00,8.9,0.10,83,6.2,6.1,0.10,0.00,0.00,51,100,100,88,100,12.2,200,199,17.7,31.3,1,0.00,1018.5,1004.1
2022-02-03T14:00,9.5,0.10,80,6.3,6.6,0.10,0.00,0.00,51,100,100,83,100,13.1,218,217,18.7,28.1,1,0.00,1017.5,1003.1
2022-02-03T15:00,9.4,0.00,80,6.2,6.7,0.00,0.00,0.00,3,100,100,98,100,12.0,223,221,18.1,27.4,1,0.00,1016.6,1002.2
2022-02-03T16:00,9.2,0.00,82,6.2,6.8,0.00,0.00,0.00,3,100,100,98,100,9.7,228,225,16.6,27.4,1,0.00,1016.1,1001.7
2022-02-03T17:00,8.7,0.00,84,6.1,6.4,0.00,0.00,0.00,3,100,100,97,76,9.1,238,236,17.0,20.9,1,0.00,1016.1,1001.7
2022-02-03T18:00,7.6,0.00,87,5.7,5.3,0.00,0.00,0.00,3,100,100,93,35,8.7,256,253,18.9,19.8,0,0.00,1016.2,1001.7
2022-02-03T19:00,7.0,0.00,88,5.1,4.7,0.00,0.00,0.00,3,100,100,100,37,7.6,257,251,18.5,19.1,0,0.00,1016.1,1001.6
2022-02-03T20:00,6.2,0.00,91,4.8,4.0,0.00,0.00,0.00,3,100,100,100,16,6.5,247,236,17.3,16.9,0,0.00,1016.0,1001.5
2022-02-03T21:00,6.2,0.00,90,4.7,3.8,0.00,0.00,0.00,3,100,1,100,12,7.7,247,242,18.7,16.9,0,0.00,1016.1,1001.6
2022-02-03T22:00,6.0,0.00,90,4.6,3.5,0.00,0.00,0.00,3,100,0,100,12,8.0,249,243,18.5,17.3,0,0.00,1015.8,1001.3
2022-02-03T23:00,5.8,0.00,90,4.3,3.3,0.00,0.00,0.00,3,100,0,100,22,8.1,262,257,18.5,17.6,0,0.00,1015.8,1001.2
2022-02-04T00:00,5.1,0.00,93,4.0,2.7,0.00,0.00,0.00,3,99,0,99,24,6.5,266,267,17.3,17.6,0,0.00,1015.9,1001.3
2022-02-04T01:00,5.8,0.20,89,4.2,2.8,0.20,0.00,0.00,51,95,0,55,99,10.5,266,266,21.3,14.8,0,0.00,1016.5,1001.9
2022-02-04T02:00,5.9,0.00,88,4.0,3.0,0.00,0.00,0.00,3,100,0,51,100,9.8,264,262,19.9,22.3,0,0.00,1016.4,1001.8
2022-02-04T03:00,6.0,0.00,87,3.9,3.1,0.00,0.00,0.00,3,100,0,72,100,9.8,258,253,19.5,20.9,0,0.00,1016.5,1001.9
2022-02-04T04:00,5.9,0.00,89,4.1,3.0,0.00,0.00,0.00,3,99,0,6,99,10.0,243,240,20.9,21.2,0,0.00,1016.2,1001.6
2022-02-04T05:00,5.7,0.00,92,4.6,2.7,0.00,0.00,0.00,3,100,0,17,100,11.6,240,240,23.2,23.8,0,0.00,1016.5,1001.9
2022-02-04T06:00,6.1,0.20,91,4.8,2.8,0.20,0.00,0.00,51,100,0,25,100,14.0,245,244,25.4,29.2,0,0.00,1016.7,1002.1
2022-02-04T07:00,5.9,0.00,92,4.6,2.6,0.00,0.00,0.00,3,99,68,6,95,13.7,241,240,25.1,29.2,0,0.00,1016.6,1002.0
2022-02-04T08:00,5.8,0.00,91,4.5,2.5,0.00,0.00,0.00,3,100,59,22,100,13.9,237,233,25.5,29.2,1,0.00,1016.8,1002.2
2022-02-04T09:00,6.1,0.00,89,4.4,2.6,0.00,0.00,0.00,3,100,0,10,100,14.8,229,225,26.0,30.6,1,0.00,1016.9,1002.3
2022-02-04T10:00,6.5,0.00,86,4.3,2.8,0.00,0.00,0.00,3,100,0,7,100,15.8,224,221,26.7,32.8,1,0.00,1016.7,1002.2
2022-02-04T11:00,6.9,0.00,86,4.8,3.4,0.00,0.00,0.00,3,100,5,17,100,15.2,213,211,25.5,33.8,1,0.00,1016.3,1001.8
2022-02-04T12:00,7.3,0.00,83,4.5,3.1,0.00,0.00,0.00,3,100,0,20,100,19.4,223,223,30.1,40.7,1,0.00,1016.0,1001.5
2022-02-04T13:00,7.1,0.10,84,4.6,3.1,0.10,0.00,0.00,51,100,0,5,100,18.2,211,210,28.1,39.6,1,0.00,1015.6,1001.1
2022-02-04T14:00,7.1,0.00,82,4.3,2.7,0.00,0.00,0.00,3,100,5,7,100,20.8,218,217,32.3,46.1,1,0.00,1014.9,1000.4
2022-02-04T15:00,7.4,0.00,78,3.9,3.0,0.00,0.00,0.00,3,87,6,0,86,20.2,220,219,32.4,42.8,1,0.00,1014.0,999.6
2022-02-04T16:00,7.5,0.00,75,3.3,3.2,0.00,0.00,0.00,3,99,86,0,96,18.8,219,216,31.0,46.1,1,1831.30,1013.4,999.0
2022-02-04T17:00,7.3,0.00,75,3.2,3.0,0.00,0.00,0.00,3,100,88,95,100,18.3,227,227,31.3,41.8,1,0.00,1013.3,998.9
2022-02-04T18:00,7.2,0.10,77,3.4,2.9,0.10,0.00,0.00,51,100,99,99,100,19.2,231,230,32.5,40.3,0,0.00,1013.1,998.7
2022-02-04T19:00,7.4,0.00,78,3.8,2.8,0.00,0.00,0.00,3,100,0,100,100,21.5,233,232,36.3,45.0,0,0.00,1013.2,998.8
2022-02-04T20:00,7.5,0.10,80,4.3,2.7,0.10,0.00,0.00,51,100,0,100,100,23.6,235,236,39.3,49.7,0,0.00,1013.3,998.9
2022-02-04T21:00,7.2,0.60,86,5.0,2.4,0.60,0.00,0.00,53,100,0,100,100,24.6,249,249,40.6,55.8,0,0.00,1014.1,999.6
2022-02-04T22:00,7.0,0.40,86,4.9,2.4,0.40,0.00,0.00,51,62,0,18,59,22.8,293,291,37.6,54.0,0,0.00,1015.5,1001.0
2022-02-04T23:00,4.4,0.00,80,1.2,-0.2,0.00,0.00,0.00,0,0,0,0,0,18.4,299,296,31.6,48.2,0,0.00,1017.6,1002.9
2022-02-05T00:00,2.9,0.00,83,0.3,-1.2,0.00,0.00,0.00,0,1,0,0,1,13.5,288,286,26.2,37.4,0,0.00,1019.1,1004.3
2022-02-05T01:00,2.2,0.00,83,-0.3,-1.6,0.00,0.00,0.00,0,0,8,0,0,11.3,285,279,23.5,28.4,0,0.00,1019.8,1005.0
2022-02-05T02:00,1.6,0.00,88,-0.2,-2.0,0.00,0.00,0.00,0,9,9,0,0,10.0,257,249,23.2,24.1,0,0.00,1020.8,1006.0
2022-02-05T03:00,1.2,0.00,90,-0.2,-2.5,0.00,0.00,0.00,0,0,0,0,0,10.0,244,232,23.2,22.3,0,0.00,1021.5,1006.6
2022-02-05T04:00,0.8,0.00,91,-0.4,-2.7,0.00,0.00,0.00,0,4,3,0,1,9.2,249,239,22.3,22.0,0,0.00,1021.9,1007.0
2022-02-05T05:00,0.3,0.00,93,-0.7,-3.1,0.00,0.00,0.00,0,0,0,0,0,7.8,250,236,20.3,20.5,0,0.00,1022.6,1007.7
2022-02-05T06:00,-0.1,0.00,94,-1.0,-3.5,0.00,0.00,0.00,0,18,5,0,14,7.1,255,240,19.4,18.0,0,0.00,1023.0,1008.0
2022-02-05T07:00,-0.6,0.00,94,-1.4,-3.7,0.00,0.00,0.00,1,30,0,0,30,5.4,252,222,16.3,16.9,0,0.00,1023.4,1008.4
2022-02-05T08:00,-0.1,0.00,94,-1.0,-3.2,0.00,0.00,0.00,1,26,0,0,26,5.9,231,191,14.3,14.0,1,0.00,1024.0,1009.0
2022-02-05T09:00,1.1,0.00,94,0.2,-2.3,0.00,0.00,0.00,1,29,0,0,29,8.6,212,165,14.9,16.6,1,1995.85,1024.8,1009.9
2022-02-05T10:00,2.6,0.00,88,0.8,-1.0,0.00,0.00,0.00,1,46,0,0,46,10.7,205,200,15.5,23.0,1,3600.00,1025.0,1010.1
2022-02-05T11:00,3.6,0.00,83,1.0,-0.3,0.00,0.00,0.00,3,96,0,0,96,13.5,208,209,19.2,28.1,1,3600.00,1025.2,1010.4
2022-02-05T12:00,4.8,0.00,78,1.3,0.6,0.00,0.00,0.00,3,100,0,0,100,16.0,238,239,23.0,33.1,1,3291.07,1025.3,1010.6
2022-02-05T13:00,5.7,0.70,76,1.9,1.7,0.70,0.00,0.00,53,60,7,19,100,15.0,250,249,22.5,34.9,1,3524.88,1025.2,1010.5
2022-02-05T14:00,6.4,0.10,75,2.3,2.0,0.10,0.00,0.00,51,100,0,29,100,18.1,254,253,27.0,42.5,1,3120.64,1024.9,1010.2
2022-02-05T15:00,5.7,0.30,81,2.7,1.5,0.30,0.00,0.00,51,100,36,70,100,17.2,249,250,27.0,42.1,1,0.00,1024.6,1009.9
2022-02-05T16:00,5.1,0.90,88,3.2,1.4,0.90,0.00,0.00,53,100,28,80,100,14.1,255,255,24.2,34.6,1,0.00,1024.6,1009.9
2022-02-05T17:00,4.7,0.00,91,3.3,1.1,0.00,0.00,0.00,1,39,2,15,37,14.3,243,242,24.6,29.5,1,0.00,1024.6,1009.9
2022-02-05T18:00,3.9,0.00,92,2.8,0.3,0.00,0.00,0.00,3,94,86,1,59,13.1,252,249,24.2,30.6,0,0.00,1024.9,1010.1
2022-02-05T19:00,3.3,0.00,92,2.1,0.0,0.00,0.00,0.00,1,22,8,0,15,10.3,246,241,21.6,28.4,0,0.00,1024.8,1010.0
2022-02-05T20:00,2.5,0.00,93,1.5,-0.7,0.00,0.00,0.00,2,67,58,1,20,8.4,240,230,21.3,22.7,0,0.00,1024.8,1009.9
2022-02-05T21:00,2.5,0.00,93,1.5,-1.1,0.00,0.00,0.00,1,32,23,0,13,11.5,230,219,25.0,23.8,0,0.00,1024.5,1009.6
2022-02-05T22:00,2.6,0.00,93,1.6,-1.3,0.00,0.00,0.00,3,92,84,33,29,13.4,223,216,27.2,28.4,0,0.00,1024.3,1009.5
2022-02-05T23:00,2.6,0.00,93,1.6,-1.4,0.00,0.00,0.00,3,100,97,82,32,14.3,219,214,28.4,30.6,0,0.00,1024.1,1009.3
2022-02-06T00:00,3.0,0.00,91,1.7,-1.2,0.00,0.00,0.00,3,99,93,89,30,15.9,224,219,29.5,33.1,0,0.00,1023.8,1009.0
2022-02-06T01:00,3.1,0.00,85,0.9,-1.2,0.00,0.00,0.00,3,100,100,82,25,15.8,226,221,29.3,36.0,0,0.00,1023.2,1008.4
2022-02-06T02:00,3.6,0.00,82,0.9,-0.9,0.00,0.00,0.00,3,100,100,93,8,17.6,228,224,31.1,37.1,0,0.00,1022.4,1007.6
2022-02-06T03:00,3.9,0.00,80,0.8,-1.0,0.00,0.00,0.00,3,100,100,100,20,20.1,229,224,35.5,42.1,0,0.00,1021.5,1006.8
2022-02-06T04:00,4.2,0.00,78,0.8,-0.9,0.00,0.00,0.00,3,100,100,100,65,21.2,231,228,36.6,45.0,0,0.00,1020.8,1006.1
2022-02-06T05:00,4.3,0.00,78,0.7,-1.0,0.00,0.00,0.00,3,100,100,100,34,22.2,230,228,37.6,46.8,0,0.00,1020.1,1005.4
2022-02-06T06:00,4.3,0.00,77,0.6,-1.0,0.00,0.00,0.00,3,100,100,100,58,22.2,230,228,37.6,46.8,0,0.00,1019.2,1004.5
2022-02-06T07:00,4.4,0.00,76,0.6,-1.0,0.00,0.00,0.00,3,100,95,100,100,23.4,227,225,39.2,49.3,0,0.00,1018.8,1004.1
2022-02-06T08:00,4.8,0.00,76,0.9,-0.8,0.00,0.00,0.00,3,100,100,100,100,24.2,224,222,40.2,51.1,1,0.00,1017.9,1003.3
2022-02-06T09:00,5.1,0.20,77,1.4,-0.5,0.20,0.00,0.00,51,100,100,100,100,25.2,224,222,41.8,52.9,1,0.00,1017.1,1002.5
2022-02-06T10:00,5.3,0.20,78,1.8,-0.3,0.20,0.00,0.00,51,100,100,100,100,25.5,225,224,42.0,54.0,1,0.00,1016.1,1001.5
2022-02-06T11:00,5.4,0.30,80,2.3,-0.3,0.30,0.00,0.00,51,100,100,100,100,27.5,225,223,45.6,57.2,1,0.00,1014.9,1000.3
2022-02-06T12:00,5.5,0.50,84,3.0,-0.6,0.50,0.00,0.00,53,100,100,100,100,30.5,227,225,49.7,63.0,1,0.00,1013.7,999.2
2022-02-06T13:00,5.1,0.60,82,2.4,-1.1,0.60,0.00,0.00,53,100,100,100,99,30.8,219,217,50.2,69.1,1,0.00,1012.8,998.3
2022-02-06T14:00,4.8,0.90,88,3.1,-1.9,0.90,0.00,0.00,53,100,100,100,100,35.2,224,223,57.3,73.4,1,0.00,1010.9,996.4
2022-02-06T15:00,4.6,1.00,92,3.3,-2.2,1.00,0.00,0.00,55,100,100,100,100,35.7,224,223,56.8,74.9,1,0.00,1009.2,994.7
2022-02-06T16:00,5.5,0.60,88,3.7,-1.4,0.60,0.00,0.00,53,100,52,96,100,37.0,224,222,61.4,78.1,1,0.00,1007.7,993.2
2022-02-06T17:00,5.7,1.40,89,4.1,-1.1,1.40,0.00,0.00,61,100,77,100,100,37.3,230,229,61.0,80.3,1,0.00,1006.8,992.4
2022-02-06T18:00,5.9,2.90,90,4.4,-0.2,2.70,0.00,0.14,71,100,0,100,100,32.3,237,237,53.1,83.9,0,0.00,1006.7,992.3
2022-02-06T19:00,6.5,4.80,90,5.1,0.5,4.80,0.00,0.00,63,100,62,100,100,33.2,246,244,54.0,79.9,0,0.00,1006.2,991.8
2022-02-06T20:00,6.7,5.60,90,5.2,1.9,5.60,0.00,0.00,63,100,0,100,100,24.3,260,258,41.0,69.1,0,0.00,1006.1,991.7
2022-02-06T21:00,7.2,1.50,89,5.5,2.5,1.50,0.00,0.00,61,100,0,96,100,24.3,256,255,41.1,60.8,0,0.00,1004.9,990.6
2022-02-06T22:00,7.4,1.60,89,5.7,3.1,1.60,0.00,0.00,61,100,18,100,100,22.0,269,267,37.1,61.2,0,0.00,1004.4,990.1
2022-02-06T23:00,7.5,1.50,91,6.2,2.8,1.50,0.00,0.00,61,100,10,100,100,25.9,277,279,42.4,60.5,0,0.00,1003.9,989.6
2022-02-07T00:00,6.4,3.50,91,5.1,1.9,3.50,0.00,0.00,63,99,2,98,60,22.3,296,293,36.5,58.7,0,0.00,1004.9,990.5
2022-02-07T01:00,4.5,0.60,86,2.3,0.1,0.60,0.00,0.00,53,92,5,100,16,18.0,285,282,31.3,54.7,0,0.00,1007.4,992.9
2022-02-07T02:00,4.4,0.20,85,2.2,-0.4,0.20,0.00,0.00,51,77,0,70,24,20.6,283,282,34.4,49.7,0,0.00,1008.3,993.8
2022-02-07T03:00,3.7,0.10,84,1.2,-1.4,0.10,0.00,0.00,51,55,0,43,21,21.7,299,297,36.9,53.6,0,0.00,1010.7,996.1
2022-02-07T04:00,2.6,1.50,88,0.8,-2.2,0.30,0.00,0.84,75,100,0,100,39,19.2,300,298,33.2,52.2,0,0.00,1013.0,998.3
2022-02-07T05:00,2.9,0.00,84,0.4,-1.8,0.00,0.00,0.00,1,35,0,23,17,17.7,298,294,31.1,40.3,0,0.00,1015.1,1000.4
2022-02-07T06:00,2.5,0.00,82,-0.3,-2.2,0.00,0.00,0.00,2,68,0,3,67,17.1,296,292,31.2,37.4,0,0.00,1016.8,1002.1
2022-02-07T07:00,2.6,0.00,80,-0.4,-2.0,0.00,0.00,0.00,3,81,0,1,81,16.3,296,292,29.6,37.1,0,0.00,1018.3,1003.5
2022-02-07T08:00,2.5,0.00,79,-0.8,-2.0,0.00,0.00,0.00,1,20,0,0,20,15.0,296,291,27.5,34.6,1,0.00,1019.8,1005.0
2022-02-07T09:00,2.7,0.00,78,-0.8,-1.7,0.00,0.00,0.00,1,40,0,12,39,14.5,289,284,26.3,32.4,1,2264.80,1021.1,1006.3
2022-02-07T10:00,3.9,0.00,76,-0.0,-0.0,0.00,0.00,0.00,3,84,0,1,84,11.9,281,273,20.5,32.4,1,3600.00,1022.4,1007.6
2022-02-07T11:00,4.7,0.20,75,0.6,0.7,0.20,0.00,0.00,51,53,0,14,52,13.3,270,267,19.8,28.8,1,3600.00,1023.8,1009.1
2022-02-07T12:00,5.9,0.10,66,0.1,0.6,0.10,0.00,0.00,51,100,0,0,100,21.9,297,300,32.0,43.2,1,3600.00,1024.7,1010.0
2022-02-07T13:00,6.3,0.40,65,0.3,1.0,0.40,0.00,0.00,51,85,3,22,50,22.2,303,302,33.5,46.1,1,3600.00,1026.5,1011.8
2022-02-07T14:00,6.7,0.10,63,0.1,1.4,0.10,0.00,0.00,51,34,0,29,9,21.3,298,296,31.4,47.2,1,3600.00,1027.1,1012.4
2022-02-07T15:00,6.5,0.60,63,0.1,1.6,0.60,0.00,0.00,53,42,0,40,16,19.2,278,278,28.7,43.6,1,3600.00,1027.4,1012.7
2022-02-07T16:00,6.2,0.50,67,0.6,1.8,0.50,0.00,0.00,53,50,13,11,39,16.2,268,266,26.3,38.5,1,3600.00,1028.1,1013.4
2022-02-07T17:00,5.1,0.00,72,0.4,0.8,0.00,0.00,0.00,2,65,19,0,57,15.3,259,255,27.2,33.5,1,3429.68,1028.7,1013.9
2022-02-07T18:00,3.9,0.00,72,-0.7,-0.3,0.00,0.00,0.00,1,44,35,0,14,13.6,253,248,26.0,31.7,0,0.00,1029.2,1014.4
2022-02-07T19:00,2.9,0.00,74,-1.3,-1.0,0.00,0.00,0.00,1,41,24,22,0,10.7,258,250,23.6,28.1,0,0.00,1030.0,1015.1
2022-02-07T20:00,1.5,0.00,79,-1.8,-2.1,0.00,0.00,0.00,2,57,55,4,0,7.7,258,242,20.6,23.0,0,0.00,1030.3,1015.3
2022-02-07T21:00,0.7,0.00,82,-2.0,-2.8,0.00,0.00,0.00,2,56,8,53,0,7.1,247,221,18.7,17.6,0,0.00,1030.8,1015.8
2022-02-07T22:00,0.3,0.00,85,-2.0,-3.2,0.00,0.00,0.00,0,5,0,5,0,7.8,230,202,19.2,16.2,0,0.00,1031.4,1016.3
2022-02-07T23:00,-0.1,0.00,87,-2.0,-3.8,0.00,0.00,0.00,1,34,0,34,0,8.8,223,199,20.6,17.6,0,0.00,1032.1,1017.0
2022-02-08T00:00,0.0,0.00,88,-1.7,-3.8,0.00,0.00,0.00,1,42,0,42,0,10.0,219,206,23.3,20.5,0,0.00,1032.7,1017.6
2022-02-08T01:00,0.5,0.00,88,-1.2,-3.4,0.00,0.00,0.00,3,94,0,40,0,10.3,221,209,24.2,22.3,0,0.00,1032.9,1017.8
2022-02-08T02:00,1.0,0.00,84,-1.4,-3.1,0.00,0.00,0.00,0,11,0,11,0,11.8,227,218,25.2,24.5,0,0.00,1032.9,1017.8
2022-02-08T03:00,0.8,0.00,85,-1.5,-3.1,0.00,0.00,0.00,2,50,0,50,0,11.0,229,218,25.0,24.5,0,0.00,1032.7,1017.6
2022-02-08T04:00,1.2,0.00,82,-1.5,-2.8,0.00,0.00,0.00,3,100,0,100,1,11.6,225,216,26.0,24.5,0,0.00,1032.6,1017.6
2022-02-08T05:00,2.5,0.20,78,-1.0,-2.0,0.10,0.00,0.07,71,100,0,100,100,14.8,223,219,27.2,30.2,0,0.00,1032.6,1017.6
2022-02-08T06:00,2.9,0.30,78,-0.5,-1.4,0.30,0.00,0.00,51,100,0,100,100,14.2,219,216,26.1,31.0,0,0.00,1032.5,1017.6
2022-02-08T07:00,3.1,0.10,80,-0.1,-1.3,0.10,0.00,0.00,51,100,0,39,100,15.4,220,213,28.1,31.0,0,0.00,1032.3,1017.4
2022-02-08T08:00,3.4,0.00,78,-0.1,-1.3,0.00,0.00,0.00,3,100,0,100,100,17.3,221,216,30.9,35.3,1,0.00,1032.2,1017.3
2022-02-08T09:00,3.8,0.00,78,0.3,-0.7,0.00,0.00,0.00,3,100,9,100,100,16.6,226,222,29.3,35.6,1,0.00,1032.7,1017.8
2022-02-08T10:00,4.1,0.20,80,0.9,-0.3,0.20,0.00,0.00,51,97,0,72,96,16.6,227,222,29.5,34.2,1,0.00,1032.5,1017.6
2022-02-08T11:00,4.7,0.10,79,1.3,0.4,0.10,0.00,0.00,51,100,0,100,100,16.4,233,230,29.3,36.4,1,0.00,1032.5,1017.6
2022-02-08T12:00,5.0,0.10,81,2.0,0.9,0.10,0.00,0.00,51,100,9,59,100,15.8,233,225,39.8,37.1,1,0.00,1032.5,1017.7
2022-02-08T13:00,4.9,0.00,81,1.9,1.0,0.00,0.00,0.00,3,84,0,34,100,14.3,229,223,42.9,33.8,1,0.00,1033.0,1018.1
2022-02-08T14:00,5.6,0.00,80,2.4,1.7,0.00,0.00,0.00,3,100,33,8,100,14.5,229,222,42.9,31.0,1,0.00,1032.4,1017.6
2022-02-08T15:00,6.6,0.10,78,3.0,2.9,0.10,0.00,0.00,51,100,0,4,100,14.1,232,230,26.1,33.1,1,0.00,1031.6,1016.9
2022-02-08T16:00,7.1,0.00,79,3.6,3.5,0.00,0.00,0.00,3,100,0,0,100,14.5,237,235,29.5,31.0,1,0.00,1031.5,1016.8
2022-02-08T17:00,7.4,0.00,78,3.9,3.7,0.00,0.00,0.00,3,100,0,11,100,15.6,243,241,27.5,33.8,1,0.00,1031.5,1016.8
2022-02-08T18:00,7.4,0.00,81,4.4,4.0,0.00,0.00,0.00,3,100,0,2,100,13.7,245,243,25.4,32.8,0,0.00,1031.6,1016.9
2022-02-08T19:00,7.3,0.00,84,4.7,4.2,0.00,0.00,0.00,3,100,0,0,100,12.6,246,243,24.0,28.4,0,0.00,1031.8,1017.1
2022-02-08T20:00,7.1,0.00,86,5.0,4.0,0.00,0.00,0.00,3,100,0,1,100,12.4,250,248,23.8,26.3,0,0.00,1032.1,1017.4
2022-02-08T21:00,6.9,0.00,88,5.1,4.2,0.00,0.00,0.00,2,78,29,0,69,10.6,253,246,21.1,25.9,0,0.00,1032.4,1017.7
2022-02-08T22:00,6.4,0.00,92,5.1,4.0,0.00,0.00,0.00,3,98,84,0,86,8.2,242,229,18.4,22.0,0,0.00,1032.3,1017.5
2022-02-08T23:00,6.5,0.00,92,5.2,4.0,0.00,0.00,0.00,3,90,38,0,84,9.1,230,214,19.4,18.4,0,0.00,1032.1,1017.3
2022-02-09T00:00,6.5,0.00,91,5.2,4.0,0.00,0.00,0.00,3,100,32,4,100,9.2,232,222,20.0,19.1,0,0.00,1032.0,1017.3
2022-02-09T01:00,5.6,0.10,94,4.7,2.9,0.10,0.00,0.00,51,98,60,1,47,9.7,238,228,22.5,19.1,0,0.00,1032.1,1017.3
2022-02-09T02:00,5.6,0.00,95,4.8,3.1,0.00,0.00,0.00,2,63,25,0,50,8.7,234,222,20.4,20.2,0,0.00,1032.0,1017.2
2022-02-09T03:00,5.5,0.00,95,4.8,3.1,0.00,0.00,0.00,2,62,0,0,62,7.7,236,221,19.5,18.0,0,0.00,1031.6,1016.8
2022-02-09T04:00,5.3,0.00,95,4.6,3.0,0.00,0.00,0.00,3,98,26,0,97,7.3,232,213,18.7,16.9,0,0.00,1031.2,1016.4
2022-02-09T05:00,6.0,0.00,94,5.0,3.7,0.00,0.00,0.00,3,100,67,7,100,7.5,218,197,16.9,16.2,0,0.00,1030.9,1016.1
2022-02-09T06:00,5.9,0.10,92,4.7,3.4,0.10,0.00,0.00,51,100,5,15,100,8.2,220,203,18.7,17.6,0,0.00,1030.6,1015.8
2022-02-09T07:00,6.0,0.00,89,4.4,3.1,0.00,0.00,0.00,3,100,17,4,100,10.8,218,206,21.8,22.0,0,0.00,1030.4,1015.6
2022-02-09T08:00,6.0,0.00,87,4.0,2.9,0.00,0.00,0.00,3,100,0,0,100,11.3,217,207,22.6,23.0,1,0.00,1030.4,1015.6
2022-02-09T09:00,6.2,0.00,86,4.0,3.3,0.00,0.00,0.00,3,100,0,0,100,10.5,218,207,20.5,23.0,1,277.43,1030.4,1015.7
2022-02-09T10:00,7.3,0.00,83,4.6,5.0,0.00,0.00,0.00,2,78,0,0,78,7.1,217,195,18.0,21.2,1,1151.22,1029.9,1015.2
2022-02-09T11:00,9.2,0.00,78,5.6,7.1,0.00,0.00,0.00,0,10,0,0,10,6.6,209,202,10.3,18.0,1,3600.00,1029.6,1015.0
2022-02-09T12:00,10.8,0.00,73,6.1,8.4,0.00,0.00,0.00,0,0,0,0,0,9.9,214,213,14.3,23.4,1,3600.00,1029.1,1014.6
2022-02-09T13:00,10.9,0.00,69,5.5,8.6,0.00,0.00,0.00,0,0,0,0,0,8.0,207,207,10.9,28.1,1,3600.00,1028.7,1014.2
2022-02-09T14:00,11.6,0.00,67,5.7,9.2,0.00,0.00,0.00,0,0,0,0,0,8.6,203,202,12.1,21.6,1,3600.00,1028.0,1013.6
2022-02-09T15:00,11.8,0.00,65,5.5,9.6,0.00,0.00,0.00,0,0,0,0,0,7.8,201,202,10.8,21.2,1,3600.00,1027.3,1012.9
2022-02-09T16:00,11.6,0.00,66,5.5,9.4,0.00,0.00,0.00,0,0,0,0,0,7.4,204,203,13.4,18.7,1,3600.00,1026.9,1012.5
2022-02-09T17:00,9.7,0.00,74,5.4,7.5,0.00,0.00,0.00,0,0,0,0,0,7.4,208,194,18.4,16.9,1,3600.00,1026.7,1012.2
2022-02-09T18:00,7.6,0.00,83,4.8,5.1,0.00,0.00,0.00,0,0,0,0,0,8.6,212,195,22.2,18.0,0,0.00,1026.5,1011.9
2022-02-09T19:00,6.5,0.00,84,4.1,4.1,0.00,0.00,0.00,0,0,0,0,0,6.9,214,189,20.5,18.0,0,0.00,1026.6,1011.9
2022-02-09T20:00,6.0,0.00,85,3.6,3.4,0.00,0.00,0.00,0,0,0,0,0,7.2,213,186,20.3,15.5,0,0.00,1026.2,1011.5
2022-02-09T21:00,4.9,0.00,88,3.1,2.4,0.00,0.00,0.00,0,0,0,0,0,6.6,217,189,18.5,15.5,0,0.00,1026.2,1011.5
2022-02-09T22:00,4.2,0.00,89,2.6,1.5,0.00,0.00,0.00,0,0,0,0,0,6.8,216,183,17.8,14.4,0,0.00,1026.0,1011.2
2022-02-09T23:00,3.5,0.00,90,2.0,0.7,0.00,0.00,0.00,0,0,0,0,0,6.5,216,174,17.3,14.4,0,0.00,1025.9,1011.1
2022-02-10T00:00,3.1,0.00,89,1.5,0.2,0.00,0.00,0.00,0,0,0,0,0,6.4,211,164,16.8,13.7,0,0.00,1025.4,1010.6
2022-02-10T01:00,3.3,0.00,88,1.5,0.4,0.00,0.00,0.00,0,0,0,0,0,6.9,195,152,17.1,14.4,0,0.00,1025.1,1010.3
2022-02-10T02:00,2.9,0.00,87,0.9,-0.1,0.00,0.00,0.00,0,0,0,0,0,6.8,193,148,16.6,15.1,0,0.00,1024.9,1010.1
2022-02-10T03:00,2.9,0.00,85,0.6,-0.3,0.00,0.00,0.00,0,14,14,0,0,7.9,190,150,17.9,16.6,0,0.00,1024.6,1009.8
2022-02-10T04:00,2.8,0.00,85,0.5,-0.6,0.00,0.00,0.00,2,66,66,0,0,8.9,190,153,19.8,18.7,0,0.00,1024.0,1009.2
2022-02-10T05:00,2.6,0.00,84,0.2,-0.8,0.00,0.00,0.00,2,78,78,0,0,9.0,198,164,21.2,19.8,0,0.00,1024.0,1009.2
2022-02-10T06:00,2.5,0.00,84,0.2,-1.2,0.00,0.00,0.00,3,80,80,0,0,10.8,205,182,24.6,23.4,0,0.00,1023.7,1008.9
2022-02-10T07:00,2.7,0.00,83,0.1,-1.1,0.00,0.00,0.00,3,81,75,0,24,11.5,215,200,27.7,25.6,0,0.00,1023.3,1008.5
2022-02-10T08:00,3.1,0.00,80,0.0,-0.8,0.00,0.00,0.00,0,8,0,0,8,12.5,224,219,28.8,27.7,1,0.00,1023.3,1008.5
2022-02-10T09:00,4.5,0.00,77,0.8,0.3,0.00,0.00,0.00,1,33,11,0,25,15.0,232,228,29.5,31.7,1,2579.54,1023.6,1008.9
2022-02-10T10:00,6.3,0.00,76,2.4,2.2,0.00,0.00,0.00,3,100,100,35,87,16.1,235,228,40.3,33.8,1,3600.00,1023.6,1009.0
2022-02-10T11:00,7.5,0.00,75,3.4,3.2,0.00,0.00,0.00,3,100,48,1,100,19.1,230,227,38.3,40.3,1,2473.83,1023.6,1009.0
2022-02-10T12:00,7.5,0.00,77,3.7,3.0,0.00,0.00,0.00,3,100,61,0,100,20.9,231,229,34.0,44.6,1,0.00,1023.7,1009.1
2022-02-10T13:00,8.7,0.00,75,4.5,5.1,0.00,0.00,0.00,3,100,0,72,100,15.4,232,233,26.4,43.9,1,0.00,1023.9,1009.4
2022-02-10T14:00,8.4,0.10,77,4.6,4.9,0.10,0.00,0.00,51,100,0,74,100,15.0,244,243,24.5,38.2,1,0.00,1023.5,1009.0
2022-02-10T15:00,7.8,0.00,79,4.3,4.0,0.00,0.00,0.00,3,100,0,70,100,16.6,242,240,27.7,34.2,1,0.00,1023.6,1009.0
2022-02-10T16:00,7.3,0.00,78,3.8,3.3,0.00,0.00,0.00,3,100,0,34,100,17.3,240,239,28.2,37.1,1,0.00,1023.7,1009.1
2022-02-10T17:00,6.8,0.00,78,3.3,2.9,0.00,0.00,0.00,3,100,0,19,100,15.5,241,239,26.3,36.0,1,0.00,1023.7,1009.1
2022-02-10T18:00,6.2,0.00,79,2.8,2.5,0.00,0.00,0.00,3,100,0,88,100,14.1,233,230,24.7,32.0,0,0.00,1023.7,1009.1
2022-02-10T19:00,6.0,0.00,79,2.6,2.4,0.00,0.00,0.00,3,100,0,100,100,12.7,227,223,23.2,29.2,0,0.00,1023.5,1008.8
2022-02-10T20:00,5.9,0.00,78,2.4,2.6,0.00,0.00,0.00,3,100,0,100,100,10.9,228,224,20.9,26.6,0,0.00,1023.6,1008.9
2022-02-10T21:00,5.9,0.00,78,2.3,2.6,0.00,0.00,0.00,3,100,13,100,100,10.5,226,218,20.1,23.4,0,0.00,1023.3,1008.6
2022-02-10T22:00,5.8,0.00,77,2.1,2.5,0.00,0.00,0.00,3,100,7,100,100,9.8,218,208,19.5,22.0,0,0.00,1023.0,1008.3
2022-02-10T23:00,5.5,0.00,78,2.0,2.2,0.00,0.00,0.00,3,100,42,100,100,10.3,218,209,20.0,21.2,0,0.00,1022.7,1008.0
2022-02-11T00:00,5.0,0.10,83,2.3,1.8,0.10,0.00,0.00,51,100,90,100,100,10.0,229,221,19.6,21.6,0,0.00,1022.6,1007.9
2022-02-11T01:00,5.4,0.20,90,3.9,3.0,0.20,0.00,0.00,51,100,98,100,100,7.0,238,215,16.2,21.2,0,0.00,1022.1,1007.4
2022-02-11T02:00,5.7,1.30,91,4.3,2.8,1.30,0.00,0.00,61,100,100,100,100,10.5,262,254,21.8,22.0,0,0.00,1022.2,1007.5
2022-02-11T03:00,4.9,1.20,93,3.9,0.8,1.20,0.00,0.00,55,100,100,100,100,18.6,320,316,30.7,37.1,0,0.00,1022.5,1007.8
2022-02-11T04:00,3.8,0.30,94,2.9,-0.5,0.30,0.00,0.00,51,100,100,100,100,17.9,326,322,29.6,39.2,0,0.00,1023.2,1008.4
2022-02-11T05:00,3.5,0.10,90,2.0,-0.5,0.10,0.00,0.00,51,100,78,100,18,15.3,319,315,25.8,37.1,0,0.00,1024.3,1009.5
2022-02-11T06:00,3.1,0.00,91,1.7,-0.4,0.00,0.00,0.00,1,25,0,0,25,11.1,303,299,20.3,31.3,0,0.00,1025.3,1010.5
2022-02-11T07:00,1.9,0.00,93,0.9,-1.4,0.00,0.00,0.00,0,0,0,0,0,9.0,279,272,20.8,23.4,0,0.00,1026.4,1011.5
2022-02-11T08:00,1.1,0.00,93,0.1,-2.2,0.00,0.00,0.00,0,0,0,0,0,8.5,264,258,21.0,20.2,1,0.00,1027.4,1012.4
2022-02-11T09:00,2.1,0.00,91,0.8,-1.5,0.00,0.00,0.00,0,13,0,0,13,10.5,256,248,19.6,21.6,1,2686.02,1028.9,1014.0
2022-02-11T10:00,3.3,0.00,86,1.3,-0.3,0.00,0.00,0.00,1,48,0,0,48,11.8,249,247,17.3,25.2,1,3600.00,1029.9,1015.0
2022-02-11T11:00,4.6,0.00,78,1.1,0.2,0.00,0.00,0.00,3,100,0,0,100,16.6,265,265,23.5,34.9,1,3600.00,1030.6,1015.8
2022-02-11T12:00,5.3,0.20,72,0.7,0.6,0.20,0.00,0.00,51,69,0,29,59,18.7,273,272,27.8,39.6,1,2073.44,1031.1,1016.3
2022-02-11T13:00,6.3,0.10,71,1.5,1.9,0.10,0.00,0.00,51,90,0,38,45,17.0,275,275,24.2,39.6,1,3600.00,1031.6,1016.8
2022-02-11T14:00,5.0,0.70,77,1.4,0.8,0.50,0.00,0.14,71,71,0,65,20,15.9,286,288,22.8,40.7,1,3600.00,1032.1,1017.3
2022-02-11T15:00,5.8,0.20,78,2.3,2.4,0.20,0.00,0.00,51,16,0,14,3,11.2,276,276,16.3,33.8,1,3600.00,1032.0,1017.2
2022-02-11T16:00,5.5,0.00,71,0.6,1.4,0.00,0.00,0.00,3,94,0,92,28,13.7,292,293,19.9,32.8,1,3600.00,1032.5,1017.7
2022-02-11T17:00,4.3,0.30,81,1.2,1.4,0.30,0.00,0.00,51,36,0,12,27,6.2,293,280,13.7,28.4,1,3411.11,1033.2,1018.3
2022-02-11T18:00,2.2,0.00,90,0.7,-0.7,0.00,0.00,0.00,0,5,0,0,5,5.5,280,259,14.6,13.7,0,0.00,1033.5,1018.5
2022-02-11T19:00,0.1,0.00,92,-1.0,-3.4,0.00,0.00,0.00,0,0,0,0,0,8.1,303,283,13.3,13.3,0,0.00,1034.2,1019.1
2022-02-11T20:00,1.3,0.00,86,-0.8,-2.0,0.00,0.00,0.00,0,0,0,0,0,7.2,329,323,12.6,14.0,0,0.00,1034.8,1019.7
2022-02-11T21:00,2.5,0.00,80,-0.5,-0.3,0.00,0.00,0.00,0,0,0,0,0,3.8,332,319,8.5,12.2,0,0.00,1035.3,1020.3
2022-02-11T22:00,1.9,0.00,84,-0.5,-0.6,0.00,0.00,0.00,0,0,0,0,0,2.2,302,171,3.4,7.2,0,0.00,1035.6,1020.6
2022-02-11T23:00,-2.0,0.00,94,-2.8,-5.5,0.00,0.00,0.00,0,0,0,0,0,6.2,197,144,3.8,7.9,0,0.00,1036.0,1020.7
2022-02-12T00:00,-2.1,0.00,95,-2.8,-5.3,0.00,0.00,0.00,0,1,0,0,1,4.7,172,122,5.4,9.4,0,0.00,1035.9,1020.6
2022-02-12T01:00,-2.0,0.00,90,-3.5,-5.3,0.00,0.00,0.00,0,0,0,0,0,4.7,86,86,4.7,9.0,0,0.00,1035.7,1020.4
2022-02-12T02:00,-2.4,0.00,91,-3.7,-5.8,0.00,0.00,0.00,0,0,0,0,0,4.7,74,86,6.7,9.7,0,0.00,1035.2,1019.9
2022-02-12T03:00,-2.8,0.00,91,-4.0,-6.3,0.00,0.00,0.00,0,0,0,0,0,5.8,98,97,10.2,11.5,0,0.00,1034.9,1019.6
2022-02-12T04:00,-2.6,0.00,90,-3.9,-6.2,0.00,0.00,0.00,0,0,0,0,0,6.5,100,96,14.3,13.0,0,0.00,1034.7,1019.4
2022-02-12T05:00,-2.1,0.00,89,-3.6,-5.9,0.00,0.00,0.00,0,0,0,0,0,7.6,102,95,18.4,15.5,0,0.00,1034.3,1019.1
2022-02-12T06:00,-1.8,0.00,89,-3.4,-5.5,0.00,0.00,0.00,0,0,0,0,0,7.6,103,95,19.2,15.8,0,0.00,1033.7,1018.5
2022-02-12T07:00,-1.7,0.00,89,-3.3,-5.4,0.00,0.00,0.00,0,0,0,0,0,7.6,102,95,19.8,15.8,0,0.00,1033.1,1017.9
2022-02-12T08:00,-1.3,0.00,89,-2.9,-5.3,0.00,0.00,0.00,0,0,0,0,0,10.3,104,102,24.4,20.5,1,0.00,1032.8,1017.6
2022-02-12T09:00,0.6,0.00,85,-1.7,-3.7,0.00,0.00,0.00,0,5,5,0,0,12.8,105,106,26.8,26.6,1,2793.21,1032.9,1017.8
2022-02-12T10:00,2.1,0.00,81,-0.8,-1.8,0.00,0.00,0.00,1,27,27,0,0,11.4,113,114,20.7,25.9,1,3600.00,1032.8,1017.8
2022-02-12T11:00,3.7,0.00,75,-0.4,-0.1,0.00,0.00,0.00,2,57,57,0,0,11.4,109,108,16.4,26.6,1,3600.00,1032.2,1017.3
2022-02-12T12:00,5.4,0.00,69,0.2,1.8,0.00,0.00,0.00,2,77,77,0,0,10.1,108,107,14.3,25.9,1,3600.00,1031.1,1016.3
2022-02-12T13:00,6.5,0.00,65,0.5,3.1,0.00,0.00,0.00,3,99,99,0,0,9.5,114,115,13.0,24.5,1,3600.00,1030.1,1015.4
2022-02-12T14:00,7.0,0.00,63,0.5,3.4,0.00,0.00,0.00,3,100,100,0,8,10.2,122,122,14.4,24.1,1,3600.00,1029.2,1014.5
2022-02-12T15:00,7.2,0.00,61,0.2,3.6,0.00,0.00,0.00,3,100,100,0,4,10.0,128,128,14.6,24.1,1,3600.00,1028.3,1013.6
2022-02-12T16:00,6.8,0.00,61,-0.2,3.2,0.00,0.00,0.00,3,100,100,0,1,10.0,131,131,16.3,23.4,1,3600.00,1027.6,1012.9
2022-02-12T17:00,4.7,0.00,73,0.2,1.8,0.00,0.00,0.00,3,100,100,0,0,5.5,130,122,14.1,21.2,1,3600.00,1027.2,1012.4
2022-02-12T18:00,2.4,0.00,79,-0.8,-0.9,0.00,0.00,0.00,3,100,100,0,0,7.3,125,101,17.1,14.4,0,0.00,1026.9,1012.0
2022-02-12T19:00,2.0,0.00,79,-1.3,-1.8,0.00,0.00,0.00,3,100,100,0,0,9.9,128,109,22.3,19.4,0,0.00,1026.4,1011.5
2022-02-12T20:00,1.7,0.00,79,-1.6,-2.3,0.00,0.00,0.00,3,100,100,0,0,10.8,129,111,23.8,21.6,0,0.00,1026.0,1011.1
2022-02-12T21:00,1.0,0.00,82,-1.8,-2.9,0.00,0.00,0.00,1,22,18,20,0,9.8,133,114,23.2,21.2,0,0.00,1025.6,1010.6
2022-02-12T22:00,-0.5,0.00,86,-2.5,-4.1,0.00,0.00,0.00,0,4,2,2,0,7.7,153,127,19.0,19.8,0,0.00,1025.6,1010.6
2022-02-12T23:00,-1.4,0.00,87,-3.2,-5.0,0.00,0.00,0.00,0,11,11,0,0,7.0,173,125,14.2,15.5,0,0.00,1025.6,1010.5
2022-02-13T00:00,-1.8,0.00,88,-3.5,-5.5,0.00,0.00,0.00,0,16,16,1,0,7.0,166,111,12.2,13.7,0,0.00,1025.2,1010.1
2022-02-13T01:00,-1.3,0.00,89,-2.9,-4.8,0.00,0.00,0.00,1,39,50,16,0,6.1,182,118,13.7,13.7,0,0.00,1024.6,1009.5
2022-02-13T02:00,-1.5,0.00,88,-3.2,-4.9,0.00,0.00,0.00,2,77,77,0,0,5.9,183,128,14.4,13.3,0,0.00,1024.2,1009.1
2022-02-13T03:00,-1.3,0.00,87,-3.2,-4.8,0.00,0.00,0.00,3,82,82,2,0,6.1,187,130,15.2,14.0,0,0.00,1024.1,1009.0
2022-02-13T04:00,-1.3,0.00,86,-3.3,-4.9,0.00,0.00,0.00,0,3,3,0,0,6.9,189,137,16.4,15.1,0,0.00,1023.6,1008.6
2022-02-13T05:00,-1.2,0.00,85,-3.4,-4.9,0.00,0.00,0.00,0,4,4,0,0,7.2,188,143,17.5,15.8,0,0.00,1023.3,1008.3
2022-02-13T06:00,-1.0,0.00,84,-3.3,-4.7,0.00,0.00,0.00,0,0,0,0,0,8.0,187,144,18.5,16.9,0,0.00,1022.8,1007.8
2022-02-13T07:00,-0.8,0.00,85,-3.0,-4.5,0.00,0.00,0.00,1,30,30,0,0,7.7,187,143,18.8,17.6,0,0.00,1022.2,1007.2
2022-02-13T08:00,-0.7,0.00,85,-2.8,-4.4,0.00,0.00,0.00,0,5,0,0,5,7.9,182,137,18.4,17.3,1,0.00,1021.9,1006.9
2022-02-13T09:00,1.6,0.00,80,-1.5,-2.3,0.00,0.00,0.00,0,5,0,0,5,10.2,172,135,18.5,20.2,1,2902.24,1021.5,1006.6
2022-02-13T10:00,4.1,0.00,75,0.0,0.8,0.00,0.00,0.00,0,9,0,0,9,8.3,173,146,17.1,20.9,1,3600.00,1021.1,1006.4
2022-02-13T11:00,6.0,0.00,70,1.0,2.9,0.00,0.00,0.00,0,0,0,0,0,8.0,177,170,12.3,20.5,1,3600.00,1020.7,1006.1
2022-02-13T12:00,7.8,0.00,66,1.9,4.7,0.00,0.00,0.00,0,0,0,0,0,9.0,188,185,13.1,23.0,1,3600.00,1019.8,1005.3
2022-02-13T13:00,9.9,0.00,50,-0.1,6.6,0.00,0.00,0.00,0,12,48,0,0,8.0,174,175,10.9,23.4,1,3600.00,1018.4,1004.0
2022-02-13T14:00,10.9,0.00,46,-0.2,7.3,0.00,0.00,0.00,1,33,33,0,0,9.4,175,173,13.0,23.0,1,3600.00,1016.9,1002.6
2022-02-13T15:00,11.6,0.00,42,-0.8,7.8,0.00,0.00,0.00,0,13,13,0,0,10.7,171,168,15.7,23.8,1,3600.00,1015.8,1001.5
2022-02-13T16:00,10.8,0.00,43,-1.3,7.2,0.00,0.00,0.00,2,50,50,0,0,8.8,175,171,17.7,23.8,1,3600.00,1015.1,1000.8
2022-02-13T17:00,7.3,0.00,55,-1.2,3.7,0.00,0.00,0.00,2,72,72,0,0,8.7,165,142,20.5,18.4,1,3600.00,1014.2,999.7
2022-02-13T18:00,3.9,0.00,69,-1.3,0.4,0.00,0.00,0.00,2,66,66,0,0,8.1,175,135,20.2,18.0,0,50.07,1013.7,999.1
2022-02-13T19:00,3.8,0.00,66,-1.9,-0.2,0.00,0.00,0.00,2,69,69,0,0,10.8,169,127,23.1,20.9,0,0.00,1013.2,998.6
2022-02-13T20:00,3.7,0.00,59,-3.6,-1.0,0.00,0.00,0.00,2,66,66,0,0,14.3,155,133,31.1,29.2,0,0.00,1012.7,998.1
2022-02-13T21:00,3.1,0.00,55,-5.0,-1.4,0.00,0.00,0.00,0,2,2,0,0,12.0,158,134,27.5,28.4,0,0.00,1012.5,997.9
2022-02-13T22:00,2.3,0.00,58,-5.0,-2.0,0.00,0.00,0.00,0,2,2,0,0,10.7,160,130,24.1,24.5,0,0.00,1012.3,997.6
2022-02-13T23:00,1.7,0.00,62,-4.8,-2.5,0.00,0.00,0.00,0,14,14,0,0,9.9,159,123,21.2,21.6,0,0.00,1012.0,997.3
2022-02-14T00:00,1.5,0.00,64,-4.6,-2.8,0.00,0.00,0.00,3,96,96,0,0,10.3,160,119,19.6,20.5,0,0.00,1011.8,997.1
2022-02-14T01:00,4.3,0.00,62,-2.3,0.2,0.00,0.00,0.00,3,100,57,14,1,11.2,162,132,23.9,21.6,0,0.00,1010.5,995.9
2022-02-14T02:00,4.5,0.00,59,-2.9,0.3,0.00,0.00,0.00,2,74,7,72,0,11.5,160,131,23.8,23.8,0,0.00,1009.8,995.3
2022-02-14T03:00,4.5,0.00,58,-3.1,0.4,0.00,0.00,0.00,1,43,1,42,0,10.9,161,134,22.9,23.8,0,0.00,1009.3,994.8
2022-02-14T04:00,4.0,0.00,61,-2.9,-0.1,0.00,0.00,0.00,1,31,18,16,0,10.7,160,130,21.4,22.7,0,0.00,1008.7,994.2
2022-02-14T05:00,3.1,0.00,65,-2.7,-0.9,0.00,0.00,0.00,1,25,0,24,1,10.1,164,125,19.8,22.0,0,0.00,1008.2,993.6
2022-02-14T06:00,2.9,0.00,68,-2.5,-1.0,0.00,0.00,0.00,0,1,0,0,1,9.2,175,121,19.2,21.2,0,0.00,1007.9,993.3
2022-02-14T07:00,2.4,0.00,71,-2.3,-1.3,0.00,0.00,0.00,0,4,0,3,2,8.6,177,123,18.8,20.5,0,0.00,1007.8,993.2
2022-02-14T08:00,2.2,0.00,73,-2.2,-1.5,0.00,0.00,0.00,1,32,0,32,7,8.6,176,123,17.3,19.4,1,0.00,1008.1,993.5
2022-02-14T09:00,4.4,0.00,68,-1.0,0.6,0.00,0.00,0.00,3,100,0,100,20,10.0,175,128,18.1,20.9,1,3013.35,1008.4,993.9
2022-02-14T10:00,6.4,0.00,65,0.4,2.7,0.00,0.00,0.00,3,92,0,91,30,11.2,179,138,22.0,23.4,1,411.49,1008.1,993.7
2022-02-14T11:00,7.6,0.00,65,1.4,4.3,0.00,0.00,0.00,3,100,0,100,99,9.4,188,148,21.8,23.0,1,261.43,1008.1,993.7
2022-02-14T12:00,8.2,0.00,65,2.1,4.7,0.00,0.00,0.00,3,92,0,89,27,12.0,211,196,25.5,26.6,1,0.00,1008.0,993.7
2022-02-14T13:00,12.8,0.00,61,5.5,10.4,0.00,0.00,0.00,3,100,0,53,100,8.6,185,180,13.0,29.9,1,3600.00,1006.5,992.4
2022-02-14T14:00,12.8,0.00,62,5.7,9.7,0.00,0.00,0.00,3,99,0,92,95,13.5,224,224,21.1,27.0,1,1484.79,1006.0,991.9
2022-02-14T15:00,12.0,0.00,65,5.7,7.8,0.00,0.00,0.00,3,97,79,79,54,21.8,236,236,32.9,47.9,1,3600.00,1006.2,992.1
2022-02-14T16:00,10.3,0.20,78,6.7,7.1,0.20,0.00,0.00,51,100,97,100,100,15.8,228,225,26.3,47.9,1,1948.96,1006.8,992.6
2022-02-14T17:00,9.1,0.10,85,6.7,6.1,0.10,0.00,0.00,51,100,43,100,99,14.8,230,227,26.3,32.8,1,0.00,1007.5,993.2
2022-02-14T18:00,8.2,0.10,89,6.4,5.3,0.10,0.00,0.00,51,100,100,100,47,13.5,227,224,25.0,30.6,0,0.00,1008.3,994.0
2022-02-14T19:00,7.6,0.20,91,6.2,4.8,0.20,0.00,0.00,51,100,100,100,28,12.2,227,223,23.7,27.7,0,0.00,1009.1,994.7
2022-02-14T20:00,7.0,0.20,93,6.0,4.4,0.20,0.00,0.00,51,100,100,100,28,11.0,227,221,22.2,25.9,0,0.00,1009.4,995.0
2022-02-14T21:00,6.6,0.10,94,5.7,4.2,0.10,0.00,0.00,51,100,91,100,23,9.2,221,211,19.6,23.4,0,0.00,1009.7,995.3
2022-02-14T22:00,6.2,0.00,95,5.5,3.6,0.00,0.00,0.00,3,99,87,83,42,10.0,215,206,21.2,21.2,0,0.00,1010.0,995.6
2022-02-14T23:00,5.8,0.00,96,5.2,2.9,0.00,0.00,0.00,3,100,99,13,50,11.4,222,215,23.2,24.1,0,0.00,1010.4,995.9
2022-02-15T00:00,5.3,0.00,96,4.7,2.5,0.00,0.00,0.00,3,100,100,2,43,9.9,222,213,21.9,24.1,0,0.00,1010.7,996.2
2022-02-15T01:00,5.4,0.00,96,4.8,3.0,0.00,0.00,0.00,3,100,100,42,21,7.9,223,210,19.4,21.6,0,0.00,1010.6,996.1
2022-02-15T02:00,5.0,0.00,96,4.5,2.5,0.00,0.00,0.00,3,98,95,40,26,8.4,219,200,20.2,19.1,0,0.00,1010.7,996.2
2022-02-15T03:00,4.4,0.00,97,4.0,1.9,0.00,0.00,0.00,3,97,96,10,30,7.5,216,197,18.8,18.7,0,0.00,1010.8,996.2
2022-02-15T04:00,4.1,0.10,97,3.7,1.4,0.10,0.00,0.00,51,100,100,22,59,8.6,213,195,20.1,18.7,0,0.00,1011.1,996.5
2022-02-15T05:00,4.4,0.10,95,3.7,1.4,0.10,0.00,0.00,51,99,99,4,54,10.2,220,212,22.2,21.6,0,0.00,1011.6,997.0
2022-02-15T06:00,4.7,0.00,95,3.9,1.9,0.00,0.00,0.00,3,100,99,85,33,9.7,225,219,20.4,22.0,0,0.00,1012.0,997.4
2022-02-15T07:00,4.1,0.00,97,3.6,1.2,0.00,0.00,0.00,3,100,100,30,61,9.6,223,214,21.7,20.5,0,0.00,1012.4,997.8
2022-02-15T08:00,4.4,0.00,97,3.9,1.1,0.00,0.00,0.00,3,100,100,17,100,12.5,227,221,24.0,25.2,1,0.00,1013.1,998.5
2022-02-15T09:00,4.9,0.00,96,4.4,1.9,0.00,0.00,0.00,3,100,81,20,100,11.2,227,220,21.1,25.6,1,0.00,1014.2,999.6
2022-02-15T10:00,5.9,0.00,95,5.1,3.3,0.00,0.00,0.00,3,100,13,10,100,9.9,236,224,18.2,24.1,1,1510.45,1014.6,1000.1
2022-02-15T11:00,6.8,0.10,87,4.8,3.7,0.10,0.00,0.00,51,100,8,13,100,12.0,257,254,17.4,26.6,1,1777.16,1015.2,1000.7
2022-02-15T12:00,7.3,0.10,80,4.1,4.1,0.10,0.00,0.00,51,100,0,8,100,12.4,260,260,17.9,29.2,1,2781.11,1015.6,1001.1
2022-02-15T13:00,8.5,0.00,70,3.4,4.7,0.00,0.00,0.00,3,100,0,19,53,15.3,262,261,22.2,32.0,1,0.00,1015.7,1001.3
2022-02-15T14:00,8.8,0.20,67,3.1,4.7,0.20,0.00,0.00,51,89,0,16,87,16.7,265,264,23.5,35.3,1,3600.00,1015.6,1001.2
2022-02-15T15:00,8.8,0.10,64,2.4,4.8,0.10,0.00,0.00,51,65,0,3,65,15.5,258,257,22.1,34.9,1,3600.00,1015.5,1001.1
2022-02-15T16:00,8.7,0.00,62,1.7,4.5,0.00,0.00,0.00,1,48,0,0,48,16.1,242,241,24.5,36.0,1,3600.00,1015.6,1001.2
2022-02-15T17:00,7.6,0.00,66,1.6,3.6,0.00,0.00,0.00,1,23,5,0,19,14.5,237,235,25.3,34.6,1,3600.00,1015.9,1001.4
2022-02-15T18:00,6.0,0.00,70,1.0,2.3,0.00,0.00,0.00,2,58,0,2,58,11.7,233,227,24.9,30.2,0,183.40,1016.0,1001.5
2022-02-15T19:00,5.8,0.00,71,0.9,1.6,0.00,0.00,0.00,1,37,23,1,18,14.7,222,216,29.1,31.0,0,0.00,1016.1,1001.5
2022-02-15T20:00,5.0,0.00,75,0.9,1.1,0.00,0.00,0.00,3,100,100,0,5,13.1,218,212,27.9,31.0,0,0.00,1016.1,1001.5
2022-02-15T21:00,4.6,0.00,76,0.7,0.6,0.00,0.00,0.00,3,100,100,0,11,13.2,214,206,27.8,28.8,0,0.00,1016.1,1001.5
2022-02-15T22:00,4.8,0.00,72,0.2,0.6,0.00,0.00,0.00,3,100,100,50,38,14.8,213,206,29.5,31.7,0,0.00,1015.9,1001.3
2022-02-15T23:00,5.2,0.00,71,0.3,0.7,0.00,0.00,0.00,3,100,100,100,34,16.6,218,214,31.0,35.6,0,0.00,1015.2,1000.6
2022-02-16T00:00,5.4,0.00,70,0.4,0.6,0.00,0.00,0.00,3,100,100,100,47,19.0,219,217,33.5,40.3,0,0.00,1014.6,1000.0
2022-02-16T01:00,5.8,0.00,74,1.5,1.2,0.00,0.00,0.00,3,100,100,100,99,18.9,217,215,32.9,41.0,0,0.00,1014.5,1000.0
2022-02-16T02:00,5.7,0.10,76,1.8,1.2,0.10,0.00,0.00,51,100,100,100,38,18.4,214,211,32.0,40.7,0,0.00,1013.6,999.1
2022-02-16T03:00,5.7,0.20,79,2.3,1.2,0.20,0.00,0.00,51,100,100,100,100,18.6,215,212,32.1,39.2,0,0.00,1012.8,998.3
2022-02-16T04:00,5.7,0.10,82,2.9,1.3,0.10,0.00,0.00,51,100,100,100,100,19.2,214,210,33.7,41.0,0,0.00,1011.7,997.2
2022-02-16T05:00,5.9,0.10,84,3.3,1.4,0.10,0.00,0.00,51,100,68,100,100,19.8,216,213,34.3,42.1,0,0.00,1011.1,996.6
2022-02-16T06:00,6.1,0.10,85,3.7,1.5,0.10,0.00,0.00,51,100,27,100,100,21.2,215,212,36.5,44.6,0,0.00,1010.1,995.6
2022-02-16T07:00,6.3,0.10,85,3.9,1.7,0.10,0.00,0.00,51,100,71,100,100,22.1,217,214,37.8,46.4,0,0.00,1009.2,994.8
2022-02-16T08:00,6.6,0.10,84,4.1,2.0,0.10,0.00,0.00,51,100,97,100,100,21.8,217,214,37.8,46.8,1,0.00,1008.7,994.3
2022-02-16T09:00,6.8,0.20,84,4.3,2.1,0.20,0.00,0.00,51,100,84,99,100,22.5,217,215,37.8,48.2,1,0.00,1008.7,994.3
2022-02-16T10:00,6.7,0.30,87,4.7,2.3,0.30,0.00,0.00,51,100,63,100,100,21.7,210,207,37.1,47.2,1,0.00,1007.7,993.3
2022-02-16T11:00,7.0,0.20,87,5.0,2.7,0.20,0.00,0.00,51,100,0,100,100,21.1,213,210,36.1,45.7,1,0.00,1007.2,992.8
2022-02-16T12:00,7.5,0.10,87,5.4,3.0,0.10,0.00,0.00,51,100,0,100,100,23.3,222,219,39.3,49.0,1,0.00,1006.8,992.5
2022-02-16T13:00,7.6,0.00,91,6.2,3.4,0.00,0.00,0.00,3,100,100,100,100,22.5,223,219,38.2,49.7,1,0.00,1006.9,992.6
2022-02-16T14:00,8.4,0.00,88,6.4,3.9,0.00,0.00,0.00,3,100,100,7,100,24.1,220,219,39.6,52.2,1,0.00,1005.9,991.6
2022-02-16T15:00,8.9,0.10,86,6.6,4.5,0.10,0.00,0.00,51,100,100,100,100,23.7,225,223,38.9,50.4,1,0.00,1005.7,991.4
2022-02-16T16:00,9.3,0.10,86,7.1,5.1,0.10,0.00,0.00,51,100,97,92,100,23.4,225,224,39.5,49.3,1,0.00,1005.2,991.0
2022-02-16T17:00,9.8,0.00,86,7.6,5.6,0.00,0.00,0.00,3,100,87,100,100,24.5,232,230,41.8,53.6,1,0.00,1005.6,991.4
2022-02-16T18:00,10.0,0.20,88,8.1,5.6,0.20,0.00,0.00,51,100,61,82,100,26.8,229,228,45.7,55.8,0,0.00,1004.6,990.4
2022-02-16T19:00,10.6,0.00,88,8.6,6.1,0.00,0.00,0.00,3,100,100,100,100,27.9,233,232,46.6,58.7,0,0.00,1005.3,991.1
2022-02-16T20:00,10.5,0.80,89,8.7,5.9,0.80,0.00,0.00,53,100,100,100,100,29.5,227,225,49.4,61.9,0,0.00,1004.3,990.1
2022-02-16T21:00,10.6,0.30,89,8.8,5.9,0.30,0.00,0.00,51,100,100,100,100,29.5,226,223,49.4,62.3,0,0.00,1004.3,990.2
2022-02-16T22:00,10.4,0.50,92,9.1,5.8,0.50,0.00,0.00,53,100,93,100,100,29.4,224,221,49.7,69.8,0,0.00,1003.6,989.4
2022-02-16T23:00,10.9,0.30,90,9.3,6.0,0.30,0.00,0.00,51,100,100,100,100,32.1,226,223,53.2,67.0,0,0.00,1003.2,989.1
2022-02-17T00:00,11.2,0.10,91,9.8,6.7,0.10,0.00,0.00,51,100,22,100,100,30.3,228,225,50.0,67.7,0,0.00,1002.9,988.8
2022-02-17T01:00,11.8,0.30,91,10.4,7.5,0.30,0.00,0.00,51,100,61,100,100,30.3,230,227,50.9,63.7,0,0.00,1002.1,988.0
2022-02-17T02:00,12.4,0.40,89,10.7,7.7,0.40,0.00,0.00,51,100,55,73,100,34.1,233,231,56.0,68.8,0,0.00,1001.3,987.3
2022-02-17T03:00,12.3,0.70,90,10.8,8.0,0.70,0.00,0.00,53,100,100,100,100,31.0,237,234,52.5,72.0,0,0.00,1001.1,987.1
2022-02-17T04:00,12.4,0.20,90,10.8,8.0,0.20,0.00,0.00,51,92,59,51,61,31.6,245,243,52.7,80.3,0,0.00,1001.3,987.3
2022-02-17T05:00,12.3,0.10,89,10.5,7.8,0.10,0.00,0.00,51,87,6,45,76,32.4,258,258,54.4,81.7,0,0.00,1002.2,988.2
2022-02-17T06:00,11.2,0.70,83,8.5,6.4,0.70,0.00,0.00,53,86,80,13,25,30.6,273,273,53.0,80.6,0,0.00,1003.9,989.8
2022-02-17T07:00,9.5,0.00,80,6.2,4.8,0.00,0.00,0.00,3,85,80,7,24,25.2,273,270,47.6,68.8,0,0.00,1005.3,991.1
2022-02-17T08:00,8.9,0.00,78,5.3,4.1,0.00,0.00,0.00,0,14,0,5,9,25.2,270,268,46.4,58.3,1,0.00,1006.3,992.0
2022-02-17T09:00,9.3,0.00,77,5.5,5.0,0.00,0.00,0.00,1,22,0,6,18,21.7,267,263,46.9,56.2,1,3357.48,1007.6,993.3
2022-02-17T10:00,10.4,0.10,73,5.7,5.1,0.10,0.00,0.00,51,35,0,29,21,28.9,265,266,45.2,55.1,1,3600.00,1008.5,994.3
2022-02-17T11:00,10.6,0.50,66,4.6,4.5,0.50,0.00,0.00,53,28,0,21,14,32.8,267,268,50.5,73.8,1,3600.00,1009.0,994.8
2022-02-17T12:00,11.0,0.30,64,4.6,4.7,0.30,0.00,0.00,51,36,0,30,23,34.2,270,271,52.2,76.3,1,3600.00,1009.4,995.2
2022-02-17T13:00,11.7,0.10,57,3.3,4.9,0.10,0.00,0.00,51,38,12,20,14,35.7,265,266,53.8,72.7,1,3600.00,1009.8,995.6
2022-02-17T14:00,11.1,0.10,59,3.5,4.4,0.10,0.00,0.00,51,58,0,45,28,35.3,268,268,53.3,78.5,1,3600.00,1010.1,995.9
2022-02-17T15:00,10.8,0.10,62,3.8,4.7,0.10,0.00,0.00,51,64,0,48,37,31.3,270,271,47.9,74.5,1,3600.00,1010.5,996.3
2022-02-17T16:00,9.8,0.10,71,4.8,4.0,0.10,0.00,0.00,51,31,0,16,22,31.0,268,267,50.1,70.9,1,3600.00,1011.0,996.7
2022-02-17T17:00,9.5,0.00,72,4.6,4.1,0.00,0.00,0.00,1,28,0,11,23,28.1,270,271,45.7,67.3,1,3600.00,1012.2,997.9
2022-02-17T18:00,8.9,0.00,68,3.3,3.9,0.00,0.00,0.00,0,4,0,0,4,23.8,269,269,40.3,59.0,0,203.84,1013.0,998.6
2022-02-17T19:00,8.4,0.00,68,2.8,3.6,0.00,0.00,0.00,0,9,0,0,9,21.6,274,273,37.9,50.0,0,0.00,1014.3,999.9
2022-02-17T20:00,8.4,0.00,66,2.5,3.3,0.00,0.00,0.00,1,33,7,25,8,23.0,271,269,40.0,49.3,0,0.00,1015.0,1000.6
2022-02-17T21:00,8.1,0.00,67,2.3,3.6,0.00,0.00,0.00,1,42,0,37,8,18.9,264,261,33.7,48.6,0,0.00,1015.5,1001.1
2022-02-17T22:00,7.8,0.00,67,2.0,3.7,0.00,0.00,0.00,3,97,1,96,2,15.5,248,242,28.4,40.0,0,0.00,1015.8,1001.3
2022-02-17T23:00,7.8,0.10,69,2.5,3.8,0.10,0.00,0.00,51,98,6,97,2,15.5,227,222,27.8,32.8,0,0.00,1015.9,1001.4
2022-02-18T00:00,7.6,0.30,75,3.5,3.3,0.30,0.00,0.00,51,92,18,86,41,19.1,229,226,33.2,39.2,0,0.00,1016.3,1001.8
2022-02-18T01:00,8.4,0.10,79,5.0,4.5,0.10,0.00,0.00,51,100,75,91,29,18.3,225,223,32.3,40.0,0,0.00,1015.6,1001.2
2022-02-18T02:00,8.3,0.00,77,4.4,4.2,0.00,0.00,0.00,3,100,13,100,26,18.4,231,228,32.3,38.5,0,0.00,1015.7,1001.3
2022-02-18T03:00,8.2,0.00,75,4.0,4.5,0.00,0.00,0.00,3,100,26,100,10,15.6,234,232,28.9,37.8,0,0.00,1015.8,1001.4
2022-02-18T04:00,8.0,0.00,74,3.7,4.6,0.00,0.00,0.00,3,100,58,100,20,13.1,223,217,25.0,32.8,0,0.00,1014.7,1000.3
2022-02-18T05:00,7.9,0.00,73,3.3,4.4,0.00,0.00,0.00,3,100,100,100,12,13.0,226,222,25.7,28.1,0,0.00,1014.2,999.8
2022-02-18T06:00,7.9,0.00,71,3.0,4.5,0.00,0.00,0.00,3,100,100,100,5,11.8,223,218,23.4,28.4,0,0.00,1013.1,998.7
2022-02-18T07:00,7.4,0.20,75,3.3,4.4,0.20,0.00,0.00,51,100,100,100,34,10.2,214,203,21.8,25.9,0,0.00,1012.2,997.8
2022-02-18T08:00,7.6,0.20,79,4.1,4.6,0.20,0.00,0.00,51,100,100,100,100,10.8,199,184,22.4,23.8,1,0.00,1011.0,996.6
2022-02-18T09:00,7.9,0.50,87,5.9,4.9,0.50,0.00,0.00,53,100,100,100,100,13.4,188,174,25.8,28.8,1,0.00,1009.5,995.1
2022-02-18T10:00,9.2,0.10,86,7.0,5.8,0.10,0.00,0.00,51,100,100,97,100,18.1,206,197,32.4,37.8,1,0.00,1008.6,994.3
2022-02-18T11:00,10.5,0.00,83,7.7,7.1,0.00,0.00,0.00,3,100,80,81,100,19.2,213,208,33.4,42.1,1,0.00,1007.5,993.3
2022-02-18T12:00,11.6,0.10,78,7.9,7.6,0.10,0.00,0.00,51,97,90,61,59,23.5,220,216,39.4,49.3,1,0.00,1006.7,992.6
2022-02-18T13:00,13.3,0.00,81,10.0,11.8,0.00,0.00,0.00,3,100,81,77,100,10.5,207,202,18.2,49.7,1,3598.97,1005.1,991.1
2022-02-18T14:00,14.0,0.00,72,8.9,10.3,0.00,0.00,0.00,3,100,71,99,61,23.0,224,221,37.9,45.7,1,312.53,1004.1,990.1
2022-02-18T15:00,13.9,0.00,68,8.2,9.2,0.00,0.00,0.00,3,100,13,62,100,29.3,234,233,46.9,58.7,1,0.00,1003.4,989.4
2022-02-18T16:00,13.7,0.10,70,8.4,9.1,0.10,0.00,0.00,51,100,0,78,100,28.8,227,227,46.9,61.6,1,0.00,1002.4,988.4
2022-02-18T17:00,13.4,0.20,70,8.1,8.1,0.20,0.00,0.00,51,100,0,100,100,32.6,228,228,52.5,68.4,1,0.00,1001.8,987.8
2022-02-18T18:00,12.0,0.90,81,8.9,6.5,0.90,0.00,0.00,53,100,0,100,100,36.1,251,251,57.8,78.8,0,0.00,1003.5,989.4
2022-02-18T19:00,9.6,0.40,77,5.8,4.6,0.40,0.00,0.00,51,100,8,100,0,27.0,254,251,44.7,81.4,0,0.00,1005.7,991.5
2022-02-18T20:00,8.5,0.10,73,3.9,3.7,0.10,0.00,0.00,51,100,49,100,1,22.9,242,237,38.6,56.5,0,0.00,1007.0,992.7
2022-02-18T21:00,8.2,0.00,72,3.5,3.6,0.00,0.00,0.00,3,97,95,92,3,20.8,240,233,37.4,50.0,0,0.00,1008.2,993.9
2022-02-18T22:00,7.7,0.00,71,2.8,3.0,0.00,0.00,0.00,2,78,78,0,0,20.5,238,232,36.4,47.5,0,0.00,1009.3,994.9
2022-02-18T23:00,7.0,0.00,69,1.8,2.1,0.00,0.00,0.00,2,71,71,0,0,20.5,238,232,36.6,47.9,0,0.00,1010.6,996.2
2022-02-19T00:00,6.4,0.00,70,1.3,1.5,0.00,0.00,0.00,2,78,77,1,4,20.4,239,234,36.7,47.2,0,0.00,1011.3,996.8
2022-02-19T01:00,6.5,0.00,66,0.5,0.9,0.00,0.00,0.00,1,30,2,11,0,24.3,240,238,40.8,47.9,0,0.00,1012.0,997.5
2022-02-19T02:00,6.6,0.00,63,0.0,0.7,0.00,0.00,0.00,1,36,30,3,5,25.7,240,239,43.0,53.6,0,0.00,1012.6,998.1
2022-02-19T03:00,6.0,0.00,62,-0.7,0.0,0.00,0.00,0.00,3,90,88,0,22,25.5,243,241,42.7,54.7,0,0.00,1013.6,999.1
2022-02-19T04:00,5.3,0.00,65,-0.9,-0.7,0.00,0.00,0.00,3,100,36,0,100,25.3,244,242,42.0,54.7,0,0.00,1014.4,999.8
2022-02-19T05:00,5.2,0.10,65,-0.8,-0.1,0.10,0.00,0.00,51,84,0,0,84,21.3,240,236,40.6,52.2,0,0.00,1015.2,1000.6
2022-02-19T06:00,4.5,0.00,68,-0.9,-0.6,0.00,0.00,0.00,3,89,19,0,86,19.0,240,233,39.5,46.1,0,0.00,1016.3,1001.7
2022-02-19T07:00,4.4,0.00,67,-1.1,-0.7,0.00,0.00,0.00,3,96,93,0,39,19.0,244,241,35.6,45.4,0,0.00,1017.2,1002.6
2022-02-19T08:00,4.0,0.00,70,-0.9,-0.8,0.00,0.00,0.00,3,100,100,0,37,17.2,248,244,33.8,42.1,1,0.00,1018.2,1003.5
2022-02-19T09:00,4.5,0.00,71,-0.3,0.1,0.00,0.00,0.00,3,88,87,0,6,15.6,243,241,26.2,39.2,1,3594.34,1019.0,1004.3
2022-02-19T10:00,5.3,0.00,67,-0.4,-0.5,0.00,0.00,0.00,1,48,6,0,45,24.6,257,259,36.5,47.5,1,3600.00,1019.6,1005.0
2022-02-19T11:00,6.4,0.00,59,-1.0,0.7,0.00,0.00,0.00,1,20,2,0,19,23.2,257,257,34.0,53.6,1,3600.00,1019.9,1005.3
2022-02-19T12:00,7.5,0.00,50,-2.2,1.6,0.00,0.00,0.00,2,50,0,0,50,23.9,258,258,34.2,51.1,1,3600.00,1020.0,1005.5
2022-02-19T13:00,8.1,0.30,46,-2.9,2.0,0.30,0.00,0.00,51,36,0,65,93,23.9,252,252,34.4,50.4,1,3600.00,1020.3,1005.8
2022-02-19T14:00,8.1,0.00,46,-2.9,2.3,0.00,0.00,0.00,2,62,23,40,44,22.4,244,244,32.8,49.7,1,3600.00,1019.4,1004.9
2022-02-19T15:00,8.5,0.00,43,-3.4,2.6,0.00,0.00,0.00,3,100,0,100,100,22.5,249,248,33.5,47.9,1,3600.00,1019.1,1004.6
2022-02-19T16:00,7.9,0.00,49,-2.1,2.5,0.00,0.00,0.00,2,73,0,57,62,20.1,242,241,31.1,48.2,1,1750.07,1019.2,1004.7
2022-02-19T17:00,7.0,0.00,60,-0.4,2.4,0.00,0.00,0.00,1,27,11,14,15,16.4,233,230,27.2,42.1,1,3600.00,1018.8,1004.3
2022-02-19T18:00,6.0,0.00,63,-0.6,1.6,0.00,0.00,0.00,3,90,90,1,5,14.5,242,240,27.2,34.6,0,600.35,1018.6,1004.0
2022-02-19T19:00,5.2,0.00,65,-0.7,1.0,0.00,0.00,0.00,0,15,10,5,0,13.6,235,233,27.4,31.0,0,0.00,1018.4,1003.8
2022-02-19T20:00,5.3,0.00,61,-1.5,0.4,0.00,0.00,0.00,3,100,100,89,1,17.6,232,229,33.1,37.4,0,0.00,1018.2,1003.6
2022-02-19T21:00,5.7,0.00,58,-2.0,0.5,0.00,0.00,0.00,3,100,100,100,0,19.1,224,223,34.4,40.3,0,0.00,1017.5,1002.9
2022-02-19T22:00,6.0,0.00,55,-2.3,0.2,0.00,0.00,0.00,3,100,100,100,6,22.3,221,218,38.0,46.8,0,0.00,1016.9,1002.3
2022-02-19T23:00,6.2,0.00,53,-2.6,-0.0,0.00,0.00,0.00,3,100,100,100,26,25.3,222,220,42.3,53.6,0,0.00,1016.5,1002.0
2022-02-20T00:00,5.8,0.00,58,-1.7,-0.4,0.00,0.00,0.00,3,100,97,100,89,26.5,230,228,44.2,56.2,0,0.00,1016.3,1001.7
2022-02-20T01:00,5.0,0.10,76,1.1,-1.1,0.10,0.00,0.00,51,100,100,100,100,28.6,230,229,47.3,60.5,0,0.00,1016.5,1001.9
2022-02-20T02:00,5.4,0.00,76,1.5,-0.5,0.00,0.00,0.00,3,100,89,100,100,27.8,234,233,46.2,61.2,0,0.00,1016.3,1001.7
2022-02-20T03:00,5.9,0.10,76,2.0,0.2,0.10,0.00,0.00,51,100,96,23,100,26.7,240,238,44.2,59.0,0,0.00,1016.6,1002.0
2022-02-20T04:00,6.4,0.00,75,2.4,0.8,0.00,0.00,0.00,3,100,99,59,100,26.6,239,237,43.3,56.2,0,0.00,1016.4,1001.9
2022-02-20T05:00,6.8,0.00,76,2.8,1.6,0.00,0.00,0.00,3,100,95,16,100,24.7,243,241,40.6,55.4,0,0.00,1016.9,1002.4
2022-02-20T06:00,6.7,0.00,79,3.3,1.9,0.00,0.00,0.00,3,100,99,87,100,22.2,243,241,37.2,51.5,0,0.00,1017.5,1003.0
2022-02-20T07:00,6.5,0.10,82,3.6,1.9,0.10,0.00,0.00,51,100,100,100,100,21.1,235,233,35.5,46.4,0,0.00,1017.5,1003.0
2022-02-20T08:00,6.4,0.10,83,3.8,1.9,0.10,0.00,0.00,51,100,100,100,100,20.7,231,229,35.1,44.3,1,0.00,1017.7,1003.1
2022-02-20T09:00,6.5,0.00,83,3.9,1.7,0.00,0.00,0.00,3,100,100,100,100,23.2,225,223,38.2,48.2,1,0.00,1017.7,1003.2
2022-02-20T10:00,7.2,0.10,80,4.1,2.9,0.10,0.00,0.00,51,100,100,99,100,20.2,222,221,32.6,48.2,1,0.00,1017.3,1002.8
2022-02-20T11:00,7.3,0.10,80,4.1,2.6,0.10,0.00,0.00,51,100,100,100,100,22.7,225,223,37.7,48.6,1,0.00,1017.5,1003.0
2022-02-20T12:00,7.4,0.20,81,4.3,2.2,0.20,0.00,0.00,51,100,100,100,100,25.7,229,228,42.1,55.4,1,0.00,1017.1,1002.6
2022-02-20T13:00,7.7,0.00,78,4.1,2.4,0.00,0.00,0.00,3,100,100,100,100,26.5,225,223,43.0,53.6,1,0.00,1016.6,1002.1
2022-02-20T14:00,7.9,0.00,76,4.0,2.9,0.00,0.00,0.00,3,100,100,100,100,24.2,222,222,39.5,55.4,1,0.00,1015.7,1001.3
2022-02-20T15:00,8.2,0.00,77,4.5,3.6,0.00,0.00,0.00,3,100,100,63,100,21.9,225,224,36.7,52.6,1,0.00,1014.9,1000.5
2022-02-20T16:00,8.6,0.00,75,4.5,3.2,0.00,0.00,0.00,3,100,96,100,100,28.3,229,229,46.5,58.7,1,0.00,1014.0,999.6
2022-02-20T17:00,8.7,0.00,75,4.5,3.2,0.00,0.00,0.00,3,100,77,100,100,28.8,229,229,46.5,60.8,1,0.00,1013.1,998.7
2022-02-20T18:00,8.7,0.00,74,4.4,3.3,0.00,0.00,0.00,3,100,100,100,100,27.8,231,230,46.0,60.1,0,0.00,1012.4,998.0
2022-02-20T19:00,8.9,0.00,73,4.3,3.3,0.00,0.00,0.00,3,100,93,100,100,29.3,230,228,48.0,61.9,0,0.00,1011.8,997.5
2022-02-20T20:00,9.1,0.00,72,4.3,3.4,0.00,0.00,0.00,3,100,100,100,100,29.3,226,225,47.6,61.9,0,0.00,1010.9,996.6
2022-02-20T21:00,9.2,0.00,73,4.5,3.6,0.00,0.00,0.00,3,100,99,100,100,28.8,226,224,47.1,61.9,0,0.00,1010.2,995.9
2022-02-20T22:00,9.4,0.00,72,4.6,3.8,0.00,0.00,0.00,3,100,100,100,100,29.3,224,223,47.6,61.6,0,0.00,1009.0,994.7
2022-02-20T23:00,9.4,0.00,73,4.9,3.6,0.00,0.00,0.00,3,100,100,100,100,31.5,220,219,51.6,66.2,0,0.00,1007.3,993.1
2022-02-21T00:00,9.7,0.00,71,4.8,3.7,0.00,0.00,0.00,3,100,100,100,100,32.4,223,221,52.7,68.0,0,0.00,1005.8,991.6
2022-02-21T01:00,8.9,0.70,83,6.1,3.1,0.70,0.00,0.00,53,100,100,100,100,32.6,223,221,53.2,75.6,0,0.00,1004.4,990.2
2022-02-21T02:00,9.1,0.90,84,6.5,3.3,0.90,0.00,0.00,53,100,100,88,100,33.1,224,222,53.7,71.3,0,0.00,1002.8,988.6
2022-02-21T03:00,9.2,0.20,86,6.9,2.9,0.20,0.00,0.00,51,100,0,96,100,37.4,225,224,59.8,78.8,0,0.00,1001.0,986.8
2022-02-21T04:00,8.8,1.00,89,7.1,3.2,1.00,0.00,0.00,55,94,0,91,30,33.5,258,258,53.7,93.6,0,0.00,1002.6,988.4
2022-02-21T05:00,7.7,0.40,72,3.0,2.5,0.40,0.00,0.00,51,100,0,100,0,24.7,265,262,39.7,72.0,0,0.00,1004.0,989.7
2022-02-21T06:00,6.6,0.00,69,1.2,2.0,0.00,0.00,0.00,0,7,0,3,4,18.0,264,258,32.9,49.3,0,0.00,1005.1,990.7
2022-02-21T07:00,4.9,0.00,65,-1.1,-0.5,0.00,0.00,0.00,0,8,0,7,0,21.2,273,269,37.5,45.4,0,0.00,1005.8,991.3
2022-02-21T08:00,4.2,0.00,68,-1.2,-0.9,0.00,0.00,0.00,2,78,1,78,2,19.1,263,258,34.5,45.7,1,8.34,1006.7,992.2
2022-02-21T09:00,5.2,0.00,74,0.9,0.4,0.00,0.00,0.00,3,98,0,92,80,18.9,264,262,35.1,45.7,1,3600.00,1007.3,992.8
2022-02-21T10:00,5.5,0.20,74,1.2,-0.5,0.20,0.00,0.00,51,70,0,27,61,27.8,257,260,42.1,56.9,1,1964.54,1007.5,993.0
2022-02-21T11:00,6.5,0.20,65,0.3,0.5,0.20,0.00,0.00,51,31,0,25,19,26.9,259,262,40.3,57.6,1,3600.00,1007.8,993.4
2022-02-21T12:00,7.2,0.60,57,-0.7,0.9,0.60,0.00,0.00,53,100,99,90,41,27.4,256,256,40.5,56.9,1,3600.00,1007.2,992.8
2022-02-21T13:00,6.7,0.60,73,2.1,1.7,0.60,0.00,0.00,53,100,100,100,14,22.2,226,227,33.6,63.0,1,3600.00,1007.9,993.5
2022-02-21T14:00,6.4,0.20,62,-0.3,0.0,0.20,0.00,0.00,51,100,4,100,100,28.8,236,236,44.3,57.2,1,0.00,1007.3,992.9
2022-02-21T15:00,6.6,1.10,65,0.5,0.3,0.70,0.00,0.28,73,100,100,100,39,28.8,236,233,47.1,58.7,1,0.00,1006.3,991.9
2022-02-21T16:00,6.1,1.80,71,1.3,0.4,1.30,0.00,0.35,73,100,100,100,99,26.3,231,230,44.0,59.4,1,0.00,1005.4,991.0
2022-02-21T17:00,5.6,0.50,84,3.1,0.1,0.50,0.00,0.00,53,100,97,100,66,27.0,242,239,43.8,60.1,1,0.00,1005.7,991.3
2022-02-21T18:00,5.9,0.50,84,3.4,0.4,0.50,0.00,0.00,53,92,21,76,78,27.1,258,256,44.5,65.2,0,0.00,1006.2,991.8
2022-02-21T19:00,6.3,1.10,82,3.5,1.5,1.10,0.00,0.00,55,96,0,38,95,22.1,279,276,38.2,64.1,0,0.00,1007.7,993.3
2022-02-21T20:00,6.3,0.00,75,2.3,1.5,0.00,0.00,0.00,1,26,0,4,25,21.2,295,291,36.9,46.4,0,0.00,1009.7,995.3
2022-02-21T21:00,5.6,0.00,74,1.3,0.9,0.00,0.00,0.00,3,86,0,3,86,18.7,297,293,33.7,44.6,0,0.00,1011.3,996.8
2022-02-21T22:00,5.6,0.10,76,1.7,1.4,0.10,0.00,0.00,51,65,0,56,58,16.5,285,280,29.8,39.6,0,0.00,1012.9,998.4
2022-02-21T23:00,5.6,1.00,82,2.8,1.2,1.00,0.00,0.00,55,78,0,47,63,18.3,290,286,32.2,38.2,0,0.00,1014.2,999.7
2022-02-22T00:00,5.7,0.90,81,2.7,1.4,0.90,0.00,0.00,53,64,0,28,59,18.4,296,293,32.4,38.9,0,0.00,1015.1,1000.6
2022-02-22T01:00,5.5,0.10,78,2.1,1.3,0.10,0.00,0.00,51,98,0,14,46,16.9,291,286,30.1,38.2,0,0.00,1016.6,1002.0
2022-02-22T02:00,5.0,0.00,80,1.9,1.1,0.00,0.00,0.00,1,23,0,0,23,14.6,283,279,28.1,35.3,0,0.00,1017.5,1002.9
2022-02-22T03:00,4.4,0.00,82,1.7,0.5,0.00,0.00,0.00,1,33,0,0,33,14.1,280,276,28.1,31.0,0,0.00,1018.3,1003.6
2022-02-22T04:00,4.2,0.00,83,1.5,0.3,0.00,0.00,0.00,1,39,0,1,38,14.1,287,283,27.8,31.0,0,0.00,1019.0,1004.3
2022-02-22T05:00,4.1,0.10,83,1.5,0.1,0.10,0.00,0.00,51,57,0,36,36,13.9,285,280,27.2,30.2,0,0.00,1020.0,1005.3
2022-02-22T06:00,3.9,0.10,85,1.6,0.0,0.10,0.00,0.00,51,51,12,0,44,13.4,283,276,25.8,30.2,0,0.00,1020.8,1006.1
2022-02-22T07:00,3.4,0.00,89,1.7,-0.1,0.00,0.00,0.00,2,53,27,0,36,11.2,273,264,22.7,28.4,0,0.00,1021.6,1006.8
2022-02-22T08:00,3.0,0.00,91,1.8,-0.2,0.00,0.00,0.00,1,48,36,0,18,9.4,259,252,20.5,23.4,1,0.00,1022.6,1007.8
2022-02-22T09:00,4.2,0.00,89,2.6,1.0,0.00,0.00,0.00,2,74,64,0,28,10.5,259,254,22.7,23.8,1,3600.00,1023.3,1008.6
2022-02-22T10:00,5.6,0.00,80,2.4,2.3,0.00,0.00,0.00,3,99,99,0,16,10.9,265,261,16.3,24.8,1,3600.00,1023.4,1008.7
2022-02-22T11:00,7.5,0.00,68,2.1,3.5,0.00,0.00,0.00,3,100,100,0,45,15.2,256,256,21.5,36.7,1,3600.00,1023.2,1008.6
2022-02-22T12:00,8.5,0.00,61,1.5,3.6,0.00,0.00,0.00,3,99,97,7,65,20.9,254,255,30.0,43.6,1,3600.00,1022.9,1008.4
2022-02-22T13:00,7.9,0.10,75,3.8,3.5,0.10,0.00,0.00,51,100,100,100,77,20.5,240,239,30.8,47.9,1,3600.00,1023.3,1008.7
2022-02-22T14:00,8.3,0.00,65,2.1,3.3,0.00,0.00,0.00,3,100,100,100,94,22.2,246,245,32.7,46.4,1,0.00,1022.9,1008.4
2022-02-22T15:00,8.6,0.00,63,2.0,4.3,0.00,0.00,0.00,3,100,28,100,100,17.2,242,241,28.8,45.7,1,0.00,1022.2,1007.7
2022-02-22T16:00,8.3,0.00,69,3.0,3.9,0.00,0.00,0.00,3,100,0,100,71,18.7,234,232,31.7,38.9,1,0.00,1021.7,1007.2
2022-02-22T17:00,7.9,0.30,77,4.1,3.6,0.30,0.00,0.00,51,100,0,100,99,19.4,237,235,33.1,41.8,1,0.00,1021.3,1006.8
2022-02-22T18:00,7.5,0.00,78,4.0,2.9,0.00,0.00,0.00,3,100,0,100,74,21.6,238,237,36.6,45.4,0,0.00,1021.1,1006.6
2022-02-22T19:00,7.4,0.10,81,4.4,2.9,0.10,0.00,0.00,51,100,0,100,100,22.0,236,235,37.3,46.4,0,0.00,1021.1,1006.6
2022-02-22T20:00,7.5,0.00,83,4.8,3.1,0.00,0.00,0.00,3,100,0,100,100,21.8,238,236,37.1,46.4,0,0.00,1021.1,1006.6
2022-02-22T21:00,7.6,0.10,85,5.3,3.5,0.10,0.00,0.00,51,100,0,100,100,20.1,230,226,34.5,46.1,0,0.00,1020.8,1006.3
2022-02-22T22:00,7.6,0.10,89,5.9,3.4,0.10,0.00,0.00,51,100,0,85,100,21.2,237,235,36.6,44.3,0,0.00,1020.7,1006.2
2022-02-22T23:00,7.7,1.00,91,6.3,3.3,1.00,0.00,0.00,55,100,0,92,100,23.8,239,238,40.4,49.3,0,0.00,1020.8,1006.3
2022-02-23T00:00,8.1,0.00,90,6.6,3.8,0.00,0.00,0.00,3,90,0,49,86,23.7,242,240,39.9,50.8,0,0.00,1021.3,1006.8
2022-02-23T01:00,7.9,0.20,93,6.8,4.4,0.20,0.00,0.00,51,96,0,100,100,17.9,252,251,32.1,49.3,0,0.00,1022.3,1007.8
2022-02-23T02:00,7.9,1.50,95,7.1,5.2,1.50,0.00,0.00,61,100,0,100,44,12.9,311,306,24.0,37.4,0,0.00,1023.6,1009.0
2022-02-23T03:00,7.6,0.00,83,4.9,4.6,0.00,0.00,0.00,0,12,0,12,0,12.3,316,310,22.7,27.4,0,0.00,1024.0,1009.4
2022-02-23T04:00,5.8,0.00,88,3.9,3.0,0.00,0.00,0.00,0,4,0,0,4,9.1,305,304,23.3,25.2,0,0.00,1025.1,1010.4
2022-02-23T05:00,4.2,0.00,91,2.8,1.6,0.00,0.00,0.00,0,0,0,0,0,6.2,305,306,18.1,20.2,0,0.00,1026.0,1011.2
2022-02-23T06:00,3.4,0.00,90,1.9,0.4,0.00,0.00,0.00,0,1,0,0,1,7.6,286,273,13.1,14.8,0,0.00,1026.6,1011.8
2022-02-23T07:00,3.4,0.00,91,2.1,0.6,0.00,0.00,0.00,0,15,0,0,15,7.0,279,258,12.0,13.0,0,0.00,1027.6,1012.7
2022-02-23T08:00,5.0,0.00,89,3.4,2.6,0.00,0.00,0.00,0,6,0,0,6,5.5,296,293,10.8,11.9,1,48.20,1028.4,1013.6
2022-02-23T09:00,5.4,0.00,90,3.9,3.3,0.00,0.00,0.00,0,1,0,0,1,3.9,328,22,8.9,9.7,1,3600.00,1029.0,1014.2
2022-02-23T10:00,6.9,0.00,87,4.8,5.4,0.00,0.00,0.00,0,0,0,0,0,1.1,347,360,3.3,9.7,1,3600.00,1029.3,1014.6
2022-02-23T11:00,8.2,0.00,79,4.8,6.6,0.00,0.00,0.00,0,0,0,0,0,2.1,243,239,2.4,11.5,1,3600.00,1029.5,1014.9
2022-02-23T12:00,9.3,0.00,72,4.5,7.3,0.00,0.00,0.00,0,0,0,0,0,4.3,202,204,5.8,15.5,1,3600.00,1029.0,1014.4
2022-02-23T13:00,10.7,0.00,64,4.2,8.3,0.00,0.00,0.00,0,1,0,0,19,7.2,212,217,9.4,19.4,1,3600.00,1028.6,1014.1
2022-02-23T14:00,11.0,0.00,61,3.8,8.6,0.00,0.00,0.00,0,17,0,0,17,6.6,216,221,8.5,20.2,1,3600.00,1027.8,1013.3
2022-02-23T15:00,11.2,0.00,58,3.4,8.8,0.00,0.00,0.00,0,14,2,0,12,5.9,214,218,7.8,18.0,1,3600.00,1027.0,1012.6
2022-02-23T16:00,11.0,0.00,59,3.3,8.5,0.00,0.00,0.00,0,8,0,0,8,6.4,204,207,8.7,16.2,1,3600.00,1026.3,1011.9
2022-02-23T17:00,10.7,0.00,57,2.5,8.6,0.00,0.00,0.00,0,3,2,0,0,2.6,200,196,4.2,14.8,1,3600.00,1025.6,1011.2
2022-02-23T18:00,6.9,0.00,73,2.3,4.4,0.00,0.00,0.00,1,27,27,0,0,5.1,135,94,5.6,7.6,0,1559.63,1024.7,1010.1
2022-02-23T19:00,5.1,0.00,79,1.7,2.6,0.00,0.00,0.00,0,4,4,0,0,4.7,144,94,6.2,9.4,0,0.00,1024.3,1009.6
2022-02-23T20:00,4.7,0.00,79,1.5,2.1,0.00,0.00,0.00,0,0,0,0,0,5.1,125,94,10.1,10.4,0,0.00,1023.7,1009.0
2022-02-23T21:00,3.9,0.00,83,1.3,0.7,0.00,0.00,0.00,2,57,57,0,0,8.7,124,97,16.9,16.2,0,0.00,1023.2,1008.4
2022-02-23T22:00,3.7,0.00,85,1.4,0.4,0.00,0.00,0.00,1,37,31,0,8,9.5,148,115,19.6,18.4,0,0.00,1023.2,1008.4
2022-02-23T23:00,3.7,0.00,84,1.2,0.5,0.00,0.00,0.00,1,36,7,0,31,8.7,151,114,18.5,19.1,0,0.00,1023.0,1008.2
2022-02-24T00:00,3.1,0.00,85,0.9,0.1,0.00,0.00,0.00,0,12,9,0,3,7.1,162,131,17.8,16.9,0,0.00,1022.8,1008.0
2022-02-24T01:00,5.2,0.00,78,1.8,2.4,0.00,0.00,0.00,2,63,63,9,43,6.8,183,155,18.0,14.4,0,0.00,1021.8,1007.1
2022-02-24T02:00,5.3,0.00,81,2.3,2.4,0.00,0.00,0.00,3,91,87,9,27,7.6,209,188,20.1,17.3,0,0.00,1021.7,1007.0
2022-02-24T03:00,5.0,0.00,87,3.0,2.2,0.00,0.00,0.00,3,86,85,5,8,8.0,199,172,19.5,16.6,0,0.00,1020.9,1006.2
2022-02-24T04:00,4.3,0.00,91,2.9,1.4,0.00,0.00,0.00,3,100,100,1,7,9.0,201,182,22.0,18.7,0,0.00,1020.3,1005.6
2022-02-24T05:00,3.9,0.00,92,2.7,1.1,0.00,0.00,0.00,3,100,100,0,29,8.1,208,193,21.3,19.4,0,0.00,1019.9,1005.2
2022-02-24T06:00,3.8,0.00,92,2.6,1.2,0.00,0.00,0.00,3,100,100,0,19,6.6,209,189,18.8,18.0,0,0.00,1019.2,1004.5
2022-02-24T07:00,3.8,0.00,91,2.4,1.0,0.00,0.00,0.00,3,100,100,0,93,7.2,203,177,18.7,15.8,0,0.00,1018.6,1003.9
2022-02-24T08:00,4.2,0.00,89,2.5,1.2,0.00,0.00,0.00,3,100,100,5,41,8.3,194,162,18.9,18.0,1,0.00,1018.2,1003.5
2022-02-24T09:00,5.9,0.00,84,3.3,2.9,0.00,0.00,0.00,3,100,100,0,17,9.4,187,148,19.6,19.8,1,3339.44,1017.4,1002.8
2022-02-24T10:00,7.8,0.00,75,3.6,5.2,0.00,0.00,0.00,3,100,100,77,23,8.0,193,185,12.9,20.9,1,3600.00,1016.8,1002.3
2022-02-24T11:00,9.1,0.00,69,3.8,6.1,0.00,0.00,0.00,3,100,100,91,15,10.5,210,207,15.0,25.6,1,3600.00,1016.2,1001.8
2022-02-24T12:00,10.1,0.00,66,4.0,6.9,0.00,0.00,0.00,3,100,100,80,13,12.3,205,201,19.5,28.8,1,656.90,1015.1,1000.8
2022-02-24T13:00,13.5,0.00,59,5.6,10.2,0.00,0.00,0.00,3,100,100,46,4,15.1,214,213,22.1,35.6,1,2090.81,1013.5,999.4
2022-02-24T14:00,12.8,0.00,58,4.7,7.2,0.00,0.00,0.00,3,100,100,57,18,29.7,233,234,44.8,60.5,1,3600.00,1013.1,998.9
2022-02-24T15:00,11.5,0.10,66,5.3,6.6,0.10,0.00,0.00,51,100,100,46,47,25.1,236,235,38.8,61.9,1,0.00,1013.3,999.1
2022-02-24T16:00,11.2,0.00,65,5.0,6.6,0.00,0.00,0.00,3,97,95,8,34,23.1,237,236,36.6,52.6,1,710.50,1013.1,998.9
2022-02-24T17:00,11.0,0.00,63,4.3,6.6,0.00,0.00,0.00,3,99,0,99,22,20.8,235,233,34.7,48.2,1,3600.00,1013.0,998.7
2022-02-24T18:00,10.5,0.00,61,3.4,6.0,0.00,0.00,0.00,0,14,0,1,13,20.2,232,230,35.1,44.3,0,311.10,1012.6,998.3
2022-02-24T19:00,9.7,0.00,65,3.4,5.2,0.00,0.00,0.00,3,97,0,96,36,20.0,235,232,36.2,43.2,0,0.00,1012.5,998.2
2022-02-24T20:00,8.2,1.60,84,5.6,3.2,1.60,0.00,0.00,61,100,0,100,100,27.0,268,267,45.4,56.2,0,0.00,1014.1,999.7
2022-02-24T21:00,7.0,0.30,81,4.0,2.6,0.30,0.00,0.00,51,100,0,100,1,20.1,280,279,32.6,55.8,0,0.00,1015.9,1001.4
2022-02-24T22:00,5.6,0.30,84,3.0,1.3,0.30,0.00,0.00,51,100,0,100,25,18.1,267,265,29.9,40.7,0,0.00,1017.4,1002.8
2022-02-24T23:00,4.9,0.30,86,2.8,0.8,0.30,0.00,0.00,51,94,0,93,19,17.2,256,254,29.0,38.5,0,0.00,1018.6,1004.0
2022-02-25T00:00,4.3,0.10,85,2.0,-0.5,0.10,0.00,0.00,51,19,0,10,10,20.2,265,265,34.3,42.8,0,0.00,1019.5,1004.8
2022-02-25T01:00,3.4,0.00,86,1.2,-1.0,0.00,0.00,0.00,0,0,0,0,0,17.0,267,265,30.3,41.8,0,0.00,1020.6,1005.9
2022-02-25T02:00,2.5,0.00,86,0.4,-1.9,0.00,0.00,0.00,0,0,0,0,0,16.2,261,258,29.9,35.6,0,0.00,1021.6,1006.8
2022-02-25T03:00,1.9,0.00,86,-0.2,-2.4,0.00,0.00,0.00,0,0,0,0,0,14.7,256,253,29.0,33.8,0,0.00,1022.2,1007.3
2022-02-25T04:00,1.3,0.00,87,-0.6,-2.7,0.00,0.00,0.00,0,0,0,0,0,12.0,253,249,25.2,31.3,0,0.00,1022.8,1007.9
2022-02-25T05:00,0.8,0.00,88,-1.0,-3.0,0.00,0.00,0.00,0,0,0,0,0,10.1,252,243,23.1,25.9,0,0.00,1023.2,1008.3
2022-02-25T06:00,0.4,0.00,90,-1.0,-3.4,0.00,0.00,0.00,0,0,0,0,0,10.5,239,229,23.9,22.7,0,0.00,1023.7,1008.7
2022-02-25T07:00,0.3,0.00,92,-0.9,-3.8,0.00,0.00,0.00,0,1,0,0,1,12.5,231,224,26.1,25.9,0,0.00,1024.4,1009.4
2022-02-25T08:00,0.8,0.00,92,-0.4,-3.4,0.00,0.00,0.00,0,19,0,0,19,13.6,226,220,26.5,28.1,1,181.89,1025.1,1010.1
2022-02-25T09:00,2.6,0.00,82,-0.2,-2.3,0.00,0.00,0.00,1,34,0,0,34,18.7,234,232,28.9,40.3,1,3600.00,1025.4,1010.5
2022-02-25T10:00,3.8,0.00,80,0.6,-0.7,0.00,0.00,0.00,0,9,0,0,9,16.5,225,224,24.4,39.2,1,3600.00,1025.5,1010.7
2022-02-25T11:00,5.4,0.00,69,0.3,0.3,0.00,0.00,0.00,3,99,0,0,99,20.6,247,245,29.8,50.4,1,3600.00,1025.4,1010.7
2022-02-25T12:00,5.8,0.00,66,-0.1,0.7,0.00,0.00,0.00,3,99,0,96,67,20.4,245,244,30.1,49.3,1,1964.51,1025.1,1010.4
2022-02-25T13:00,5.3,0.00,73,0.9,0.3,0.00,0.00,0.00,3,97,0,100,100,20.5,249,248,30.6,49.0,1,3600.00,1026.1,1011.4
2022-02-25T14:00,4.8,0.50,76,0.8,0.3,0.20,0.00,0.21,73,61,6,60,4,16.6,253,252,25.2,46.8,1,0.00,1026.2,1011.4
2022-02-25T15:00,6.2,0.00,65,0.0,1.4,0.00,0.00,0.00,3,95,52,94,22,18.1,254,253,26.2,41.8,1,3600.00,1026.1,1011.4
2022-02-25T16:00,6.1,0.00,58,-1.5,1.2,0.00,0.00,0.00,3,99,95,99,6,17.1,256,255,25.6,40.0,1,3600.00,1026.1,1011.4
2022-02-25T17:00,5.8,0.00,60,-1.4,1.3,0.00,0.00,0.00,1,48,37,23,4,14.9,251,250,24.7,36.4,1,3600.00,1026.4,1011.7
2022-02-25T18:00,4.3,0.00,64,-2.0,0.4,0.00,0.00,0.00,3,100,69,100,25,10.2,260,260,22.3,31.0,1,1229.26,1027.0,1012.2
2022-02-25T19:00,2.9,0.90,79,-0.5,-0.6,0.30,0.00,0.42,73,100,0,100,77,8.4,300,310,17.4,22.0,0,0.00,1028.4,1013.5
2022-02-25T20:00,2.1,2.80,84,-0.3,-0.5,0.20,0.00,1.82,75,59,0,48,29,2.7,304,67,8.3,17.6,0,0.00,1028.7,1013.8
2022-02-25T21:00,0.8,0.10,90,-0.6,-2.2,0.10,0.00,0.00,51,4,0,0,4,5.4,272,233,12.6,11.9,0,0.00,1029.1,1014.1
2022-02-25T22:00,0.2,0.00,91,-1.1,-3.1,0.00,0.00,0.00,1,37,0,0,37,6.5,287,273,16.2,14.0,0,0.00,1029.9,1014.8
2022-02-25T23:00,0.2,0.00,91,-1.0,-2.9,0.00,0.00,0.00,1,32,0,0,32,6.0,306,287,15.2,14.0,0,0.00,1030.7,1015.6
2022-02-26T00:00,-0.7,0.00,93,-1.8,-4.1,0.00,0.00,0.00,1,27,0,0,27,6.5,301,267,11.8,13.3,0,0.00,1031.4,1016.3
2022-02-26T01:00,0.6,0.00,93,-0.4,-2.5,0.00,0.00,0.00,1,27,0,0,14,6.1,293,273,14.8,12.2,0,0.00,1032.2,1017.1
2022-02-26T02:00,-0.3,0.00,94,-1.1,-3.5,0.00,0.00,0.00,1,32,0,1,32,6.6,297,283,13.4,16.2,0,0.00,1032.7,1017.6
2022-02-26T03:00,-0.1,0.00,92,-1.2,-3.4,0.00,0.00,0.00,0,9,0,0,9,6.5,325,341,11.4,13.0,0,0.00,1032.9,1017.8
2022-02-26T04:00,-1.4,0.00,93,-2.4,-5.0,0.00,0.00,0.00,0,5,0,0,5,8.0,336,355,12.2,13.0,0,0.00,1033.2,1018.0
2022-02-26T05:00,-0.7,0.00,92,-1.8,-4.0,0.00,0.00,0.00,1,43,0,0,43,6.0,336,343,15.3,13.7,0,0.00,1033.8,1018.6
2022-02-26T06:00,0.1,0.00,94,-0.8,-3.2,0.00,0.00,0.00,1,34,0,0,34,7.2,349,354,19.4,15.8,0,0.00,1034.4,1019.3
2022-02-26T07:00,-0.4,0.00,94,-1.3,-3.6,0.00,0.00,0.00,0,1,0,0,1,6.1,356,360,17.7,15.8,0,0.00,1034.8,1019.6
2022-02-26T08:00,0.1,0.00,93,-0.9,-2.8,0.00,0.00,0.00,0,0,0,0,0,4.5,357,14,13.3,13.0,1,270.75,1035.3,1020.2
2022-02-26T09:00,2.1,0.00,91,0.8,-0.4,0.00,0.00,0.00,0,0,0,0,0,3.3,360,41,8.3,10.4,1,3600.00,1035.8,1020.8
2022-02-26T10:00,3.8,0.00,83,1.2,1.3,0.00,0.00,0.00,0,15,0,0,15,3.7,340,331,5.4,12.2,1,3600.00,1036.0,1021.1
2022-02-26T11:00,5.1,0.00,71,0.4,2.0,0.00,0.00,0.00,3,99,0,0,99,6.9,7,6,9.1,18.7,1,3600.00,1035.8,1020.9
2022-02-26T12:00,5.7,0.10,65,-0.4,2.8,0.10,0.00,0.00,51,100,0,0,100,5.2,23,16,7.4,18.7,1,2041.83,1035.5,1020.7
2022-02-26T13:00,6.6,0.00,54,-1.9,3.7,0.00,0.00,0.00,3,90,0,13,66,3.3,94,103,4.7,15.8,1,3600.00,1035.3,1020.5
2022-02-26T14:00,7.5,0.00,48,-2.7,4.2,0.00,0.00,0.00,3,100,0,9,100,5.6,41,40,7.7,14.8,1,3600.00,1034.6,1019.9
2022-02-26T15:00,7.7,0.00,48,-2.7,4.0,0.00,0.00,0.00,2,77,0,33,76,8.2,41,38,11.0,18.7,1,3600.00,1033.9,1019.2
2022-02-26T16:00,7.6,0.00,48,-2.7,3.7,0.00,0.00,0.00,3,92,0,52,92,9.4,52,50,13.3,20.9,1,3600.00,1033.5,1018.8
2022-02-26T17:00,6.8,0.00,53,-2.2,3.2,0.00,0.00,0.00,1,44,0,0,43,7.6,63,59,14.5,20.9,1,2943.53,1033.2,1018.4
2022-02-26T18:00,4.4,0.00,59,-3.0,0.6,0.00,0.00,0.00,0,2,0,0,2,8.2,79,75,19.4,16.9,1,1528.07,1033.4,1018.5
2022-02-26T19:00,3.0,0.00,64,-3.2,-1.1,0.00,0.00,0.00,0,0,0,0,0,10.1,100,94,23.7,20.5,0,0.00,1033.8,1018.8
2022-02-26T20:00,2.1,0.00,68,-3.2,-1.7,0.00,0.00,0.00,0,0,0,0,0,8.4,119,110,21.4,20.5,0,0.00,1034.2,1019.2
2022-02-26T21:00,0.5,0.00,75,-3.3,-3.0,0.00,0.00,0.00,0,2,0,0,2,6.1,117,93,16.6,17.3,0,0.00,1034.1,1019.0
2022-02-26T22:00,-0.5,0.00,81,-3.4,-4.1,0.00,0.00,0.00,0,6,0,0,6,6.6,109,77,14.1,14.0,0,0.00,1034.0,1018.8
2022-02-26T23:00,-0.9,0.00,82,-3.6,-4.5,0.00,0.00,0.00,2,73,0,0,73,6.6,97,77,13.8,14.8,0,0.00,1034.0,1018.8
2022-02-27T00:00,-0.1,0.00,78,-3.5,-3.7,0.00,0.00,0.00,2,71,0,0,71,7.1,83,66,12.7,14.8,0,0.00,1033.8,1018.7
2022-02-27T01:00,2.6,0.00,68,-2.8,-1.3,0.00,0.00,0.00,3,90,0,0,55,9.5,71,61,20.6,16.2,0,0.00,1033.3,1018.3
2022-02-27T02:00,2.4,0.00,70,-2.4,-1.6,0.00,0.00,0.00,0,0,0,0,0,10.3,70,61,23.0,21.2,0,0.00,1033.2,1018.2
2022-02-27T03:00,1.5,0.00,75,-2.4,-2.5,0.00,0.00,0.00,0,0,0,0,0,10.6,77,72,25.1,22.0,0,0.00,1032.8,1017.8
2022-02-27T04:00,1.3,0.00,74,-2.9,-3.2,0.00,0.00,0.00,0,2,2,0,0,13.3,92,88,28.8,27.4,0,0.00,1032.7,1017.7
2022-02-27T05:00,0.9,0.00,77,-2.7,-3.5,0.00,0.00,0.00,0,0,0,0,0,13.3,92,88,28.8,28.4,0,0.00,1032.7,1017.6
2022-02-27T06:00,0.4,0.00,81,-2.5,-4.1,0.00,0.00,0.00,0,0,0,0,0,13.7,94,90,28.9,28.1,0,0.00,1032.8,1017.7
2022-02-27T07:00,0.2,0.00,81,-2.7,-4.5,0.00,0.00,0.00,0,0,0,0,0,14.4,96,93,30.1,30.2,0,0.00,1033.0,1017.9
2022-02-27T08:00,0.7,0.00,79,-2.5,-4.1,0.00,0.00,0.00,0,0,0,0,0,15.9,99,96,31.0,32.8,1,544.07,1033.4,1018.3
2022-02-27T09:00,2.4,0.00,76,-1.4,-2.0,0.00,0.00,0.00,0,0,0,0,0,14.5,98,97,28.0,34.2,1,3600.00,1033.7,1018.7
2022-02-27T10:00,4.0,0.00,71,-0.8,-0.6,0.00,0.00,0.00,0,0,0,0,0,16.5,102,101,25.1,36.7,1,3600.00,1033.5,1018.6
2022-02-27T11:00,5.9,0.00,64,-0.3,1.5,0.00,0.00,0.00,0,0,0,0,0,15.4,108,106,22.3,36.7,1,3600.00,1033.2,1018.4
2022-02-27T12:00,7.4,0.00,56,-0.8,2.8,0.00,0.00,0.00,0,3,0,0,3,15.8,109,107,22.9,35.6,1,3600.00,1032.7,1018.0
2022-02-27T13:00,7.7,0.00,49,-2.4,2.8,0.00,0.00,0.00,0,1,0,0,0,17.1,110,108,24.1,36.7,1,3600.00,1032.3,1017.6
2022-02-27T14:00,8.0,0.00,48,-2.2,3.1,0.00,0.00,0.00,0,0,0,0,0,16.8,106,105,23.6,38.2,1,3600.00,1032.1,1017.4
2022-02-27T15:00,8.0,0.00,49,-2.2,3.0,0.00,0.00,0.00,0,0,0,0,0,17.5,100,98,25.2,37.8,1,3600.00,1031.8,1017.1
2022-02-27T16:00,7.9,0.00,47,-2.7,3.0,0.00,0.00,0.00,0,0,0,0,0,15.9,96,95,23.9,37.4,1,3600.00,1031.3,1016.6
2022-02-27T17:00,7.3,0.00,48,-3.0,2.9,0.00,0.00,0.00,0,0,0,0,0,12.6,93,90,23.1,33.5,1,3600.00,1031.2,1016.5
2022-02-27T18:00,5.3,0.00,51,-3.9,1.2,0.00,0.00,0.00,0,0,0,0,0,9.8,90,84,23.0,27.0,1,1977.41,1031.3,1016.5
2022-02-27T19:00,3.7,0.00,56,-4.2,-0.5,0.00,0.00,0.00,0,0,0,0,0,9.7,94,86,24.2,21.2,0,0.00,1032.0,1017.1
2022-02-27T20:00,2.9,0.00,59,-4.4,-1.4,0.00,0.00,0.00,0,0,0,0,0,10.4,97,92,25.4,22.3,0,0.00,1032.5,1017.6
2022-02-27T21:00,2.5,0.00,59,-4.7,-2.0,0.00,0.00,0.00,0,0,0,0,0,11.9,104,104,27.4,24.8,0,0.00,1032.4,1017.4
2022-02-27T22:00,2.2,0.00,59,-5.1,-2.6,0.00,0.00,0.00,0,0,0,0,0,13.7,108,108,29.5,28.4,0,0.00,1032.5,1017.5
2022-02-27T23:00,1.6,0.00,60,-5.3,-3.1,0.00,0.00,0.00,0,0,0,0,0,12.9,106,103,28.5,28.4,0,0.00,1032.6,1017.6
2022-02-28T00:00,1.1,0.00,61,-5.6,-3.4,0.00,0.00,0.00,0,0,0,0,0,11.6,102,97,26.8,27.0,0,0.00,1032.7,1017.7
2022-02-28T01:00,1.6,0.00,61,-5.1,-2.9,0.00,0.00,0.00,0,0,0,0,0,11.3,106,99,26.9,24.5,0,0.00,1032.6,1017.6
2022-02-28T02:00,1.4,0.00,61,-5.2,-3.1,0.00,0.00,0.00,0,0,0,0,0,11.3,104,99,26.4,24.5,0,0.00,1032.7,1017.7
2022-02-28T03:00,0.9,0.00,63,-5.4,-3.5,0.00,0.00,0.00,0,0,0,0,0,10.5,101,98,25.3,24.1,0,0.00,1032.4,1017.3
2022-02-28T04:00,0.3,0.00,65,-5.5,-4.0,0.00,0.00,0.00,0,0,0,0,0,9.8,100,98,24.1,22.7,0,0.00,1032.4,1017.3
2022-02-28T05:00,-0.4,0.00,67,-5.7,-4.5,0.00,0.00,0.00,0,0,0,0,0,8.1,100,103,22.3,20.5,0,0.00,1032.6,1017.5
2022-02-28T06:00,-0.8,0.00,69,-5.8,-5.1,0.00,0.00,0.00,0,0,0,0,0,9.3,102,106,23.6,19.4,0,0.00,1032.5,1017.3
2022-02-28T07:00,-1.1,0.00,70,-5.8,-5.4,0.00,0.00,0.00,0,0,0,0,0,9.8,105,107,24.3,21.2,0,0.00,1032.7,1017.5
2022-02-28T08:00,-0.5,0.00,71,-5.1,-4.7,0.00,0.00,0.00,0,0,0,0,0,9.9,104,100,23.0,20.9,1,767.74,1033.3,1018.2
2022-02-28T09:00,1.7,0.00,68,-3.6,-2.4,0.00,0.00,0.00,0,0,0,0,0,9.6,104,103,24.9,21.6,1,3600.00,1033.4,1018.4
2022-02-28T10:00,3.8,0.00,62,-2.8,-0.4,0.00,0.00,0.00,0,0,0,0,0,11.3,108,107,17.4,26.3,1,3600.00,1033.4,1018.5
2022-02-28T11:00,5.7,0.00,56,-2.4,1.5,0.00,0.00,0.00,0,0,0,0,0,12.2,111,109,17.3,28.1,1,3600.00,1033.2,1018.4
2022-02-28T12:00,7.3,0.00,50,-2.4,3.0,0.00,0.00,0.00,0,0,0,0,0,12.6,112,110,17.4,29.5,1,3600.00,1032.7,1018.0
2022-02-28T13:00,8.3,0.00,46,-2.6,4.3,0.00,0.00,0.00,0,0,0,0,0,10.6,115,114,14.7,29.2,1,3600.00,1032.2,1017.5
2022-02-28T14:00,8.9,0.00,44,-2.6,5.1,0.00,0.00,0.00,0,0,0,0,0,9.2,103,101,12.6,25.2,1,3600.00,1031.8,1017.2
2022-02-28T15:00,9.2,0.00,44,-2.5,5.3,0.00,0.00,0.00,0,0,0,0,0,9.8,96,96,13.4,23.0,1,3600.00,1031.3,1016.7
2022-02-28T16:00,9.1,0.00,45,-2.2,5.4,0.00,0.00,0.00,0,0,0,0,0,8.7,95,95,12.3,22.7,1,3600.00,1030.9,1016.3
2022-02-28T17:00,8.1,0.00,59,0.5,5.4,0.00,0.00,0.00,0,0,0,0,0,4.4,96,99,10.9,19.1,1,3600.00,1030.7,1016.1
2022-02-28T18:00,4.6,0.00,66,-1.3,1.3,0.00,0.00,0.00,0,0,0,0,0,6.6,104,103,13.0,11.9,1,2080.24,1030.7,1015.9
2022-02-28T19:00,4.2,0.00,65,-1.9,0.3,0.00,0.00,0.00,0,0,0,0,0,10.2,87,82,22.3,18.7,0,0.00,1030.9,1016.0
2022-02-28T20:00,4.1,0.00,58,-3.4,-0.4,0.00,0.00,0.00,0,0,0,0,0,13.0,89,85,29.2,26.3,0,0.00,1031.1,1016.2
2022-02-28T21:00,3.9,0.00,58,-3.5,-0.7,0.00,0.00,0.00,0,0,0,0,0,13.8,99,96,29.9,27.7,0,0.00,1031.0,1016.1
2022-02-28T22:00,3.2,0.00,62,-3.4,-1.3,0.00,0.00,0.00,0,0,0,0,0,13.1,102,99,28.7,27.7,0,0.00,1031.1,1016.2
2022-02-28T23:00,2.4,0.00,65,-3.5,-2.1,0.00,0.00,0.00,0,0,0,0,0,13.1,108,106,28.5,27.0,0,0.00,1031.2,1016.2
2022-03-01T00:00,1.7,0.00,68,-3.7,-3.1,0.00,0.00,0.00,0,0,0,0,0,14.9,110,105,30.3,29.9,0,0.00,1031.4,1016.4
2022-03-01T01:00,1.7,0.00,63,-4.7,-3.4,0.00,0.00,0.00,0,0,0,0,0,16.1,110,106,32.2,33.8,0,0.00,1031.0,1016.0
2022-03-01T02:00,0.9,0.00,60,-5.9,-4.1,0.00,0.00,0.00,0,0,0,0,0,14.6,111,106,29.3,33.1,0,0.00,1031.4,1016.4
2022-03-01T03:00,0.1,0.00,59,-6.9,-4.9,0.00,0.00,0.00,0,0,0,0,0,13.3,109,103,27.8,29.2,0,0.00,1031.5,1016.4
2022-03-01T04:00,-0.5,0.00,59,-7.5,-5.4,0.00,0.00,0.00,0,0,0,0,0,12.8,107,100,26.8,27.4,0,0.00,1031.3,1016.2
2022-03-01T05:00,-0.9,0.00,59,-7.8,-6.0,0.00,0.00,0.00,0,0,0,0,0,13.8,104,99,29.0,27.4,0,0.00,1031.2,1016.1
2022-03-01T06:00,-1.1,0.00,59,-8.1,-6.6,0.00,0.00,0.00,0,0,0,0,0,16.4,103,99,31.8,32.4,0,0.00,1030.9,1015.8
2022-03-01T07:00,-1.5,0.00,60,-8.4,-7.0,0.00,0.00,0.00,1,23,23,0,0,16.0,102,99,31.3,33.1,0,0.00,1030.8,1015.6
2022-03-01T08:00,-1.1,0.00,59,-8.1,-6.6,0.00,0.00,0.00,2,52,52,0,0,16.3,100,98,30.7,32.0,1,1016.46,1031.3,1016.2
2022-03-01T09:00,0.6,0.00,57,-7.0,-4.8,0.00,0.00,0.00,2,77,77,0,0,16.5,101,100,31.5,34.6,1,3600.00,1031.0,1015.9
2022-03-01T10:00,2.3,0.00,54,-6.1,-2.7,0.00,0.00,0.00,3,84,84,0,0,14.2,99,97,21.1,35.3,1,3600.00,1031.2,1016.2
2022-03-01T11:00,4.1,0.00,51,-5.2,-0.6,0.00,0.00,0.00,3,100,100,0,0,12.4,103,100,17.7,31.3,1,3600.00,1030.8,1015.9
2022-03-01T12:00,5.6,0.00,46,-5.0,1.1,0.00,0.00,0.00,3,98,98,0,0,11.6,109,106,16.4,28.8,1,3600.00,1029.9,1015.1
2022-03-01T13:00,6.7,0.00,39,-6.2,2.5,0.00,0.00,0.00,3,99,88,0,0,8.6,92,92,11.2,27.4,1,3600.00,1030.3,1015.6
2022-03-01T14:00,7.3,0.00,39,-5.9,3.3,0.00,0.00,0.00,3,91,91,0,0,7.6,86,85,10.1,22.0,1,3600.00,1029.5,1014.8
2022-03-01T15:00,7.7,0.00,39,-5.3,3.6,0.00,0.00,0.00,0,8,5,4,0,8.6,94,92,11.5,20.5,1,3600.00,1028.4,1013.8
2022-03-01T16:00,7.7,0.00,42,-4.4,3.8,0.00,0.00,0.00,3,88,88,0,0,7.6,90,90,10.4,20.5,1,3600.00,1028.3,1013.7
2022-03-01T17:00,6.8,0.00,56,-1.3,3.9,0.00,0.00,0.00,3,100,100,64,0,3.8,105,107,9.7,16.9,1,3600.00,1028.3,1013.6
2022-03-01T18:00,4.9,0.00,54,-3.6,1.3,0.00,0.00,0.00,3,100,100,100,0,6.6,113,112,16.5,13.0,1,408.73,1028.1,1013.3
2022-03-01T19:00,3.4,0.00,60,-3.7,-0.1,0.00,0.00,0.00,3,100,100,7,0,5.8,108,86,16.3,15.1,0,0.00,1028.2,1013.3
2022-03-01T20:00,1.8,0.00,63,-4.4,-1.7,0.00,0.00,0.00,3,100,100,46,0,5.2,95,65,12.6,12.6,0,0.00,1028.2,1013.3
2022-03-01T21:00,0.9,0.00,67,-4.5,-3.1,0.00,0.00,0.00,3,100,100,0,0,8.5,94,78,16.2,15.5,0,0.00,1028.0,1013.0
2022-03-01T22:00,1.6,0.00,59,-5.6,-2.8,0.00,0.00,0.00,3,100,100,19,0,10.1,103,90,22.9,20.9,0,0.00,1027.5,1012.6
2022-03-01T23:00,1.6,0.00,58,-5.8,-2.9,0.00,0.00,0.00,3,100,100,80,0,11.2,104,96,23.7,21.2,0,0.00,1027.5,1012.6
2022-03-02T00:00,1.3,0.00,59,-5.8,-3.1,0.00,0.00,0.00,3,100,100,71,0,9.9,104,100,23.0,22.0,0,0.00,1027.5,1012.5
2022-03-02T01:00,1.4,0.00,57,-6.2,-3.3,0.00,0.00,0.00,3,100,27,100,0,12.0,102,99,25.4,20.9,0,0.00,1027.0,1012.0
2022-03-02T02:00,1.0,0.00,59,-6.2,-3.3,0.00,0.00,0.00,2,52,44,15,0,9.5,103,99,21.8,23.4,0,0.00,1027.0,1012.0
2022-03-02T03:00,0.2,0.00,61,-6.5,-4.3,0.00,0.00,0.00,3,85,68,53,0,10.9,102,96,24.3,22.3,0,0.00,1026.3,1011.3
2022-03-02T04:00,-0.5,0.00,63,-6.6,-4.5,0.00,0.00,0.00,3,84,83,5,0,7.3,105,101,19.4,21.6,0,0.00,1025.9,1010.9
2022-03-02T05:00,-1.2,0.00,66,-6.8,-5.2,0.00,0.00,0.00,2,53,39,23,0,7.3,106,101,19.5,15.1,0,0.00,1025.7,1010.6
2022-03-02T06:00,-1.3,0.00,65,-6.9,-5.6,0.00,0.00,0.00,1,49,13,42,0,9.1,103,99,21.8,18.0,0,0.00,1025.2,1010.1
2022-03-02T07:00,-1.7,0.00,67,-6.9,-5.6,0.00,0.00,0.00,3,98,98,12,0,6.6,101,99,19.4,18.0,0,0.00,1025.1,1010.0
2022-03-02T08:00,-0.6,0.00,70,-5.4,-4.1,0.00,0.00,0.00,2,54,26,40,0,4.5,102,104,14.0,13.7,1,634.67,1025.4,1010.4
2022-03-02T09:00,1.5,0.00,63,-4.8,-1.6,0.00,0.00,0.00,3,99,33,99,0,2.2,97,90,8.7,10.1,1,3600.00,1025.3,1010.4
2022-03-02T10:00,3.0,0.00,59,-4.1,-0.1,0.00,0.00,0.00,3,100,100,100,0,2.7,81,67,4.7,10.1,1,801.73,1024.9,1010.1
2022-03-02T11:00,3.7,0.00,59,-3.6,0.6,0.00,0.00,0.00,3,100,33,100,0,3.6,58,53,5.5,10.8,1,0.00,1024.8,1010.0
2022-03-02T12:00,4.0,0.00,60,-3.1,0.9,0.00,0.00,0.00,3,100,13,100,0,3.6,54,45,4.9,10.8,1,0.00,1024.4,1009.6
2022-03-02T13:00,5.3,0.00,55,-3.0,2.6,0.00,0.00,0.00,3,100,5,100,0,1.1,270,270,0.7,9.0,1,0.00,1024.1,1009.4
2022-03-02T14:00,5.1,0.00,59,-2.2,2.2,0.00,0.00,0.00,3,100,0,100,0,3.5,342,336,4.6,9.7,1,0.00,1023.6,1008.9
2022-03-02T15:00,5.5,0.00,62,-1.3,2.5,0.00,0.00,0.00,1,33,0,33,0,4.8,19,13,6.5,11.5,1,285.82,1023.0,1008.3
2022-03-02T16:00,7.1,0.00,57,-0.9,4.3,0.00,0.00,0.00,0,2,0,2,0,4.0,63,63,5.6,14.8,1,3600.00,1022.6,1008.0
2022-03-02T17:00,6.5,0.00,69,1.2,4.2,0.00,0.00,0.00,0,0,0,0,0,2.3,118,129,6.1,11.5,1,3600.00,1022.4,1007.8
2022-03-02T18:00,6.0,0.00,55,-2.2,3.0,0.00,0.00,0.00,0,0,0,0,0,3.8,117,139,6.4,7.6,1,2283.72,1022.5,1007.9
2022-03-02T19:00,3.7,0.00,64,-2.4,0.6,0.00,0.00,0.00,0,0,0,0,0,4.2,96,70,7.2,7.2,0,0.00,1022.4,1007.6
2022-03-02T20:00,0.2,0.00,79,-2.9,-3.0,0.00,0.00,0.00,0,0,0,0,0,4.3,81,66,6.9,8.6,0,0.00,1022.1,1007.2
2022-03-02T21:00,-0.5,0.00,82,-3.2,-3.9,0.00,0.00,0.00,0,0,0,0,0,5.7,81,72,9.5,11.5,0,0.00,1022.0,1007.0
2022-03-02T22:00,-1.1,0.00,81,-3.9,-4.7,0.00,0.00,0.00,0,0,0,0,0,6.3,84,77,13.0,13.0,0,0.00,1022.0,1007.0
2022-03-02T23:00,-1.2,0.00,77,-4.6,-5.0,0.00,0.00,0.00,0,0,0,0,0,7.2,98,90,15.6,14.0,0,0.00,1021.9,1006.9
2022-03-03T00:00,-1.0,0.00,73,-5.2,-4.9,0.00,0.00,0.00,0,0,0,0,0,7.6,99,90,18.6,15.1,0,0.00,1021.7,1006.7
2022-03-03T01:00,-1.0,0.00,75,-4.8,-4.8,0.00,0.00,0.00,0,0,0,0,0,6.8,103,93,18.1,15.1,0,0.00,1021.5,1006.5
2022-03-03T02:00,-1.5,0.00,77,-5.1,-5.3,0.00,0.00,0.00,0,0,0,0,0,6.5,101,90,15.7,13.0,0,0.00,1021.5,1006.5
2022-03-03T03:00,-1.9,0.00,78,-5.3,-5.6,0.00,0.00,0.00,0,0,0,0,0,6.1,98,93,14.9,12.6,0,0.00,1021.2,1006.2
2022-03-03T04:00,-2.2,0.00,79,-5.4,-5.9,0.00,0.00,0.00,1,35,35,0,0,5.8,109,112,15.3,12.2,0,0.00,1020.7,1005.6
2022-03-03T05:00,-3.4,0.00,83,-5.9,-7.2,0.00,0.00,0.00,0,0,0,0,0,6.5,103,93,10.0,11.5,0,0.00,1020.6,1005.5
2022-03-03T06:00,-3.1,0.00,82,-5.7,-6.6,0.00,0.00,0.00,0,3,3,0,0,4.7,90,94,10.4,9.7,0,0.00,1020.3,1005.2
2022-03-03T07:00,-3.1,0.00,82,-5.8,-6.8,0.00,0.00,0.00,0,0,0,0,0,5.2,113,115,12.9,10.4,0,0.00,1019.7,1004.6
2022-03-03T08:00,-1.6,0.00,78,-4.9,-5.2,0.00,0.00,0.00,3,100,100,0,0,5.6,68,45,8.6,10.1,1,1467.39,1020.1,1005.1
2022-03-03T09:00,1.3,0.00,71,-3.4,-1.9,0.00,0.00,0.00,3,94,94,0,0,3.9,31,22,9.2,11.5,1,3600.00,1020.1,1005.2
2022-03-03T10:00,4.0,0.00,63,-2.4,1.4,0.00,0.00,0.00,0,0,0,0,0,1.1,18,342,2.3,10.8,1,3600.00,1019.9,1005.2
2022-03-03T11:00,6.0,0.00,59,-1.3,3.5,0.00,0.00,0.00,0,0,0,0,0,1.1,326,288,1.3,10.4,1,3600.00,1019.5,1004.9
2022-03-03T12:00,7.5,0.00,58,-0.2,4.9,0.00,0.00,0.00,0,0,0,0,0,3.0,291,284,3.1,13.0,1,3600.00,1018.9,1004.4
2022-03-03T13:00,8.3,0.00,53,-0.8,5.5,0.00,0.00,0.00,0,0,0,0,0,4.4,309,305,5.1,15.8,1,3600.00,1018.5,1004.0
2022-03-03T14:00,9.0,0.00,56,0.6,6.1,0.00,0.00,0.00,0,0,0,0,0,6.4,324,317,8.0,18.0,1,3600.00,1018.0,1003.6
2022-03-03T15:00,9.6,0.00,59,1.9,6.7,0.00,0.00,0.00,0,0,0,0,0,6.9,318,309,8.7,18.7,1,3600.00,1017.4,1003.0
2022-03-03T16:00,9.9,0.00,58,2.1,7.3,0.00,0.00,0.00,0,0,0,0,0,5.4,328,318,6.8,18.0,1,3600.00,1017.0,1002.6
2022-03-03T17:00,8.6,0.00,77,4.9,6.8,0.00,0.00,0.00,0,0,0,0,0,4.2,325,301,5.7,13.0,1,3600.00,1016.7,1002.3
2022-03-03T18:00,3.7,0.00,77,0.1,0.4,0.00,0.00,0.00,0,0,0,0,0,8.5,44,28,11.5,11.5,1,2384.29,1017.1,1002.4
2022-03-03T19:00,4.0,0.00,58,-3.6,-0.1,0.00,0.00,0.00,0,0,0,0,0,10.1,69,63,23.1,20.2,0,0.00,1017.6,1002.9
2022-03-03T20:00,2.7,0.00,58,-4.7,-1.5,0.00,0.00,0.00,0,0,0,0,0,9.5,72,65,23.1,20.5,0,0.00,1018.0,1003.2
2022-03-03T21:00,2.0,0.00,58,-5.5,-2.2,0.00,0.00,0.00,0,0,0,0,0,9.6,77,70,22.9,19.4,0,0.00,1018.4,1003.6
2022-03-03T22:00,2.2,0.00,55,-5.9,-2.5,0.00,0.00,0.00,0,0,0,0,0,12.7,76,75,29.3,25.2,0,0.00,1018.9,1004.1
2022-03-03T23:00,2.3,0.00,59,-5.0,-2.6,0.00,0.00,0.00,0,0,0,0,0,14.3,79,80,30.4,28.8,0,0.00,1019.4,1004.6
2022-03-04T00:00,1.6,0.00,63,-4.7,-3.2,0.00,0.00,0.00,0,0,0,0,0,14.2,81,83,29.9,28.8,0,0.00,1019.7,1004.9
2022-03-04T01:00,1.6,0.00,65,-4.3,-3.0,0.00,0.00,0.00,0,0,0,0,0,13.0,84,84,27.9,28.4,0,0.00,1019.6,1004.8
2022-03-04T02:00,1.5,0.00,65,-4.3,-3.0,0.00,0.00,0.00,0,0,0,0,0,12.6,88,88,27.4,25.9,0,0.00,1019.8,1005.0
2022-03-04T03:00,1.1,0.00,67,-4.4,-3.4,0.00,0.00,0.00,0,0,0,0,0,11.9,92,92,26.6,25.2,0,0.00,1019.7,1004.8
2022-03-04T04:00,0.4,0.00,70,-4.5,-3.8,0.00,0.00,0.00,0,0,0,0,0,10.1,92,88,24.9,24.1,0,0.00,1019.7,1004.8
2022-03-04T05:00,-0.3,0.00,72,-4.7,-4.3,0.00,0.00,0.00,0,0,0,0,0,8.3,90,85,22.7,21.2,0,0.00,1019.8,1004.9
2022-03-04T06:00,-0.6,0.00,74,-4.8,-4.6,0.00,0.00,0.00,0,0,0,0,0,8.4,90,83,23.0,18.4,0,0.00,1020.3,1005.3
2022-03-04T07:00,-1.1,0.00,75,-4.9,-5.0,0.00,0.00,0.00,0,0,0,0,0,7.6,88,85,21.6,18.4,0,0.00,1020.7,1005.7
2022-03-04T08:00,-0.0,0.00,74,-4.2,-3.8,0.00,0.00,0.00,0,0,0,0,0,7.3,88,79,19.1,16.2,1,1590.82,1021.1,1006.2
2022-03-04T09:00,2.1,0.00,68,-3.2,-1.3,0.00,0.00,0.00,0,0,0,0,0,5.2,84,74,14.1,16.9,1,3600.00,1021.6,1006.8
2022-03-04T10:00,4.1,0.00,63,-2.2,0.9,0.00,0.00,0.00,0,0,0,0,0,5.4,87,86,7.9,15.8,1,3600.00,1021.7,1007.0
2022-03-04T11:00,5.9,0.00,56,-2.3,2.5,0.00,0.00,0.00,0,0,0,0,0,6.5,90,90,9.4,18.7,1,3600.00,1021.5,1006.9
2022-03-04T12:00,7.3,0.00,45,-3.7,3.7,0.00,0.00,0.00,0,0,0,0,0,6.8,88,87,9.7,19.8,1,3600.00,1021.1,1006.5
2022-03-04T13:00,8.4,0.00,41,-3.9,5.0,0.00,0.00,0.00,0,0,0,0,0,6.5,83,84,8.7,19.4,1,3600.00,1020.9,1006.4
2022-03-04T14:00,9.0,0.00,40,-4.0,5.5,0.00,0.00,0.00,0,0,0,0,0,5.9,77,76,7.8,18.4,1,3600.00,1020.2,1005.7
2022-03-04T15:00,9.3,0.00,39,-4.1,5.6,0.00,0.00,0.00,0,0,0,0,0,6.6,69,68,8.9,16.9,1,3600.00,1019.8,1005.4
2022-03-04T16:00,8.9,0.00,39,-4.4,5.0,0.00,0.00,0.00,0,0,0,0,0,8.4,70,70,11.5,19.1,1,3600.00,1019.6,1005.2
2022-03-04T17:00,7.8,0.00,44,-3.7,3.9,0.00,0.00,0.00,0,0,0,0,0,8.4,70,70,16.1,19.4,1,3600.00,1019.8,1005.3
2022-03-04T18:00,5.3,0.00,51,-4.1,1.2,0.00,0.00,0.00,0,0,0,0,0,9.6,75,70,21.7,19.8,1,2484.19,1020.2,1005.6
2022-03-04T19:00,3.5,0.00,58,-4.1,-0.6,0.00,0.00,0.00,0,0,0,0,0,10.1,67,63,23.4,20.5,0,0.00,1020.6,1005.9
2022-03-04T20:00,2.6,0.00,61,-4.1,-1.6,0.00,0.00,0.00,0,0,0,0,0,10.6,68,62,24.5,21.6,0,0.00,1020.9,1006.1
2022-03-04T21:00,2.1,0.00,63,-4.3,-2.4,0.00,0.00,0.00,0,0,0,0,0,11.8,75,70,26.5,23.4,0,0.00,1021.2,1006.4
2022-03-04T22:00,1.7,0.00,64,-4.3,-2.9,0.00,0.00,0.00,0,0,0,0,0,13.0,87,84,28.1,25.9,0,0.00,1021.4,1006.5
2022-03-04T23:00,1.3,0.00,67,-4.2,-3.5,0.00,0.00,0.00,0,0,0,0,0,14.4,90,87,29.5,28.1,0,0.00,1021.5,1006.6
2022-03-05T00:00,0.8,0.00,69,-4.3,-4.1,0.00,0.00,0.00,0,0,0,0,0,15.1,95,93,30.3,30.2,0,0.00,1021.5,1006.6
2022-03-05T01:00,0.7,0.00,67,-4.7,-4.0,0.00,0.00,0.00,0,0,0,0,0,13.7,94,93,28.5,30.6,0,0.00,1021.2,1006.3
2022-03-05T02:00,0.6,0.00,68,-4.6,-4.3,0.00,0.00,0.00,0,0,0,0,0,14.9,98,97,29.8,29.5,0,0.00,1021.3,1006.4
2022-03-05T03:00,0.1,0.00,71,-4.6,-4.8,0.00,0.00,0.00,0,0,0,0,0,14.7,101,101,29.3,29.5,0,0.00,1021.1,1006.2
2022-03-05T04:00,-0.3,0.00,73,-4.6,-5.1,0.00,0.00,0.00,0,0,0,0,0,14.0,101,102,28.6,28.8,0,0.00,1021.1,1006.1
2022-03-05T05:00,-0.7,0.00,74,-4.8,-5.2,0.00,0.00,0.00,0,0,0,0,0,12.0,101,99,26.4,28.1,0,0.00,1021.2,1006.2
2022-03-05T06:00,-1.2,0.00,75,-5.1,-5.5,0.00,0.00,0.00,0,0,0,0,0,10.5,103,96,24.0,24.5,0,0.00,1021.5,1006.5
2022-03-05T07:00,-1.5,0.00,75,-5.4,-5.8,0.00,0.00,0.00,0,0,0,0,0,10.1,101,94,23.5,21.6,1,0.00,1021.9,1006.9
2022-03-05T08:00,-0.4,0.00,72,-4.9,-4.8,0.00,0.00,0.00,0,0,0,0,0,11.2,102,96,23.2,22.7,1,1715.16,1022.3,1007.3
2022-03-05T09:00,1.7,0.00,68,-3.7,-2.4,0.00,0.00,0.00,0,0,0,0,0,9.8,99,98,20.8,22.7,1,3600.00,1022.6,1007.7
2022-03-05T10:00,3.7,0.00,60,-3.4,-0.5,0.00,0.00,0.00,0,0,0,0,0,10.7,103,104,15.5,25.6,1,3600.00,1022.5,1007.7
2022-03-05T11:00,5.4,0.00,52,-3.8,1.0,0.00,0.00,0.00,0,0,0,0,0,11.8,109,110,16.7,27.7,1,3600.00,1022.3,1007.6
2022-03-05T12:00,6.3,0.00,47,-4.2,1.7,0.00,0.00,0.00,0,2,0,0,2,13.1,105,106,17.9,30.2,1,3600.00,1021.9,1007.3
2022-03-05T13:00,7.2,0.00,44,-4.4,2.6,0.00,0.00,0.00,2,67,0,85,99,14.0,102,102,19.1,31.3,1,3600.00,1021.6,1007.0
2022-03-05T14:00,7.1,0.00,44,-4.4,2.5,0.00,0.00,0.00,2,73,0,71,52,13.0,95,93,18.1,31.0,1,3600.00,1021.2,1006.6
2022-03-05T15:00,7.2,0.00,43,-4.6,2.6,0.00,0.00,0.00,2,66,0,65,36,12.3,88,87,16.9,29.2,1,3600.00,1020.8,1006.2
2022-03-05T16:00,6.9,0.00,42,-5.0,2.3,0.00,0.00,0.00,1,48,0,46,32,12.5,81,78,17.9,27.4,1,3600.00,1020.5,1005.9
2022-03-05T17:00,6.1,0.00,45,-5.1,1.6,0.00,0.00,0.00,2,68,0,15,67,11.7,74,72,18.3,27.7,1,3600.00,1020.6,1006.0
2022-03-05T18:00,4.9,0.00,47,-5.4,0.7,0.00,0.00,0.00,3,100,0,16,100,9.8,65,62,19.8,24.1,1,683.91,1021.0,1006.3
2022-03-05T19:00,4.2,0.00,48,-5.8,-0.1,0.00,0.00,0.00,2,76,0,23,75,10.0,67,60,20.8,21.2,0,0.00,1021.4,1006.7
2022-03-05T20:00,3.3,0.00,51,-6.0,-1.1,0.00,0.00,0.00,2,78,0,19,77,10.3,67,61,22.3,20.9,0,0.00,1021.9,1007.1
2022-03-05T21:00,2.4,0.00,52,-6.5,-2.2,0.00,0.00,0.00,0,17,0,17,7,11.2,66,57,24.5,22.7,0,0.00,1022.0,1007.2
2022-03-05T22:00,1.5,0.00,53,-7.0,-3.1,0.00,0.00,0.00,0,9,0,8,4,10.8,76,69,24.9,23.0,0,0.00,1022.3,1007.4
2022-03-05T23:00,1.1,0.00,55,-6.9,-3.4,0.00,0.00,0.00,2,58,0,57,22,10.5,87,82,24.5,22.3,0,0.00,1022.4,1007.5
2022-03-06T00:00,1.2,0.00,55,-6.8,-3.1,0.00,0.00,0.00,3,92,0,91,23,9.5,85,81,21.7,21.6,0,0.00,1022.1,1007.2
2022-03-06T01:00,0.8,0.00,55,-7.1,-3.5,0.00,0.00,0.00,0,18,0,73,31,8.8,84,71,19.6,20.5,0,0.00,1022.0,1007.1
2022-03-06T02:00,0.4,0.00,58,-6.9,-4.1,0.00,0.00,0.00,0,19,0,17,12,10.5,73,63,22.2,20.5,0,0.00,1022.1,1007.2
2022-03-06T03:00,-0.2,0.00,62,-6.6,-4.8,0.00,0.00,0.00,0,7,0,0,7,11.4,71,66,24.8,22.7,0,0.00,1022.1,1007.1
2022-03-06T04:00,-0.1,0.00,63,-6.4,-4.7,0.00,0.00,0.00,3,89,0,10,88,11.2,73,69,24.5,23.0,0,0.00,1021.9,1006.9
2022-03-06T05:00,0.6,0.00,61,-6.2,-4.1,0.00,0.00,0.00,3,100,0,35,100,12.1,74,73,25.1,24.1,0,0.00,1022.3,1007.4
2022-03-06T06:00,0.8,0.00,61,-5.9,-3.9,0.00,0.00,0.00,3,99,0,70,99,12.5,74,72,24.7,24.8,0,0.00,1022.8,1007.9
2022-03-06T07:00,0.8,0.00,61,-5.8,-3.9,0.00,0.00,0.00,3,96,0,95,52,12.4,75,73,24.6,25.2,1,0.00,1023.1,1008.2
2022-03-06T08:00,1.1,0.00,64,-5.0,-3.4,0.00,0.00,0.00,2,71,0,37,69,12.1,73,73,23.0,24.8,1,420.79,1023.6,1008.7
2022-03-06T09:00,2.5,0.00,62,-3.9,-1.7,0.00,0.00,0.00,0,13,0,13,0,10.8,74,75,19.1,24.5,1,3600.00,1023.7,1008.9
2022-03-06T10:00,4.4,0.00,56,-3.6,-0.1,0.00,0.00,0.00,0,0,0,0,0,12.8,80,79,18.6,28.1,1,3600.00,1023.6,1008.9
2022-03-06T11:00,5.5,0.00,48,-4.7,0.4,0.00,0.00,0.00,1,39,0,4,39,15.8,78,78,22.1,34.9,1,3600.00,1023.5,1008.8
2022-03-06T12:00,6.0,0.00,45,-4.9,1.2,0.00,0.00,0.00,1,47,0,19,47,13.9,65,65,19.0,34.9,1,3600.00,1023.3,1008.6
2022-03-06T13:00,6.0,0.00,45,-5.1,1.5,0.00,0.00,0.00,1,34,0,48,86,11.3,54,53,15.2,31.3,1,3600.00,1023.2,1008.5
2022-03-06T14:00,6.2,0.00,44,-5.2,1.8,0.00,0.00,0.00,3,93,0,92,89,11.2,50,48,15.1,26.3,1,3600.00,1022.8,1008.2
2022-03-06T15:00,6.1,0.00,44,-5.3,1.5,0.00,0.00,0.00,3,93,0,93,83,11.7,44,43,16.0,25.9,1,3600.00,1022.5,1007.9
2022-03-06T16:00,5.7,0.00,45,-5.4,1.1,0.00,0.00,0.00,3,80,0,74,78,12.0,44,44,17.1,25.9,1,2283.96,1022.5,1007.8
2022-03-06T17:00,5.2,0.00,44,-6.1,0.6,0.00,0.00,0.00,3,81,0,44,81,11.7,47,47,17.6,25.9,1,1131.52,1022.5,1007.8
2022-03-06T18:00,4.2,0.00,48,-5.8,0.2,0.00,0.00,0.00,3,100,0,48,100,7.1,51,49,15.3,24.8,1,505.66,1022.8,1008.1
2022-03-06T19:00,3.3,0.00,53,-5.4,-0.4,0.00,0.00,0.00,3,97,0,97,95,5.9,51,47,14.3,14.8,0,0.00,1023.3,1008.5
2022-03-06T20:00,3.3,0.00,52,-5.6,-0.8,0.00,0.00,0.00,3,91,0,90,82,8.7,50,45,17.9,17.3,0,0.00,1023.7,1008.9
2022-03-06T21:00,3.0,0.00,54,-5.4,-1.4,0.00,0.00,0.00,3,80,0,78,66,10.4,52,46,19.5,21.2,0,0.00,1023.9,1009.1
2022-03-06T22:00,2.1,0.00,57,-5.7,-2.6,0.00,0.00,0.00,3,96,0,72,95,12.3,63,58,23.0,24.8,0,0.00,1024.5,1009.6
2022-03-06T23:00,1.1,0.00,58,-6.3,-3.7,0.00,0.00,0.00,1,42,0,31,40,12.7,69,65,24.6,25.9,0,0.00,1024.8,1009.9
2022-03-07T00:00,-0.1,0.00,63,-6.4,-4.8,0.00,0.00,0.00,0,1,0,1,0,11.6,70,64,24.5,25.9,0,0.00,1024.8,1009.8
2022-03-07T01:00,0.0,0.00,62,-6.4,-4.5,0.00,0.00,0.00,0,7,0,9,75,11.0,76,71,23.7,25.6,0,0.00,1024.9,1009.9
2022-03-07T02:00,0.5,0.00,59,-6.5,-4.5,0.00,0.00,0.00,0,0,0,0,0,13.8,73,70,26.0,27.7,0,0.00,1025.1,1010.1
2022-03-07T03:00,-0.8,0.00,63,-6.9,-5.7,0.00,0.00,0.00,0,0,0,0,0,13.1,71,69,26.3,28.1,0,0.00,1024.9,1009.9
2022-03-07T04:00,-1.7,0.00,63,-7.8,-6.6,0.00,0.00,0.00,0,2,2,0,0,12.9,65,63,26.6,26.3,0,0.00,1025.0,1009.9
2022-03-07T05:00,-2.3,0.00,65,-8.0,-7.3,0.00,0.00,0.00,0,0,0,0,0,13.2,63,61,26.7,26.6,0,0.00,1025.2,1010.1
2022-03-07T06:00,-2.6,0.00,70,-7.3,-7.7,0.00,0.00,0.00,0,0,0,0,0,14.0,69,67,27.7,28.4,0,0.00,1025.5,1010.4
2022-03-07T07:00,-2.5,0.00,70,-7.3,-7.6,0.00,0.00,0.00,0,1,0,1,1,13.9,72,69,27.2,29.2,1,0.00,1025.8,1010.7
2022-03-07T08:00,-1.5,0.00,67,-6.9,-6.5,0.00,0.00,0.00,0,0,0,0,0,13.9,72,69,26.2,29.5,1,1967.49,1026.2,1011.1
2022-03-07T09:00,-0.0,0.00,62,-6.4,-5.0,0.00,0.00,0.00,0,0,0,0,0,14.2,71,69,21.7,31.0,1,3600.00,1026.3,1011.3
2022-03-07T10:00,1.2,0.00,52,-7.6,-4.3,0.00,0.00,0.00,1,45,0,0,45,17.2,81,80,24.8,35.6,1,3600.00,1026.4,1011.5
2022-03-07T11:00,2.5,0.00,46,-7.9,-3.2,0.00,0.00,0.00,3,100,0,0,100,18.1,86,85,25.6,40.7,1,3600.00,1026.4,1011.5
2022-03-07T12:00,3.3,0.00,46,-7.3,-1.9,0.00,0.00,0.00,0,1,0,0,1,15.1,88,89,21.3,39.6,1,3600.00,1026.0,1011.2
2022-03-07T13:00,4.2,0.00,48,-5.8,-0.8,0.00,0.00,0.00,0,4,0,0,93,15.1,91,90,20.2,34.6,1,3600.00,1026.0,1011.2
2022-03-07T14:00,4.7,0.00,47,-5.7,-0.3,0.00,0.00,0.00,2,58,6,0,56,15.1,90,90,20.5,34.6,1,3600.00,1025.3,1010.6
2022-03-07T15:00,4.7,0.00,46,-6.0,-0.1,0.00,0.00,0.00,0,0,0,0,0,13.3,90,90,18.4,34.2,1,3600.00,1024.6,1009.9
2022-03-07T16:00,4.7,0.00,45,-6.3,-0.3,0.00,0.00,0.00,0,0,0,0,0,13.7,87,85,19.5,30.6,1,3600.00,1024.3,1009.6
2022-03-07T17:00,4.2,0.00,45,-6.7,-0.7,0.00,0.00,0.00,0,0,0,0,0,12.8,83,80,20.3,30.2,1,3600.00,1024.4,1009.6
2022-03-07T18:00,2.5,0.00,51,-6.7,-1.6,0.00,0.00,0.00,0,0,0,0,0,7.7,84,79,18.4,27.0,1,2782.13,1024.4,1009.5
2022-03-07T19:00,0.9,0.00,56,-7.0,-3.4,0.00,0.00,0.00,0,0,0,0,0,8.6,78,68,21.3,18.4,0,0.00,1025.1,1010.2
2022-03-07T20:00,0.2,0.00,57,-7.3,-4.1,0.00,0.00,0.00,0,0,0,0,0,9.0,84,74,22.5,19.4,0,0.00,1025.6,1010.6
2022-03-07T21:00,-0.2,0.00,58,-7.4,-4.5,0.00,0.00,0.00,0,0,0,0,0,8.6,95,88,22.0,20.2,0,0.00,1025.6,1010.6
2022-03-07T22:00,-0.8,0.00,60,-7.5,-5.0,0.00,0.00,0.00,0,0,0,0,0,8.3,101,92,22.0,19.1,0,0.00,1025.7,1010.7
2022-03-07T23:00,-1.2,0.00,62,-7.5,-5.6,0.00,0.00,0.00,0,0,0,0,0,9.0,105,95,22.7,20.2,0,0.00,1025.6,1010.5
2022-03-08T00:00,-1.5,0.00,63,-7.6,-6.0,0.00,0.00,0.00,0,0,0,0,0,9.7,98,90,23.3,20.9,0,0.00,1025.6,1010.5
2022-03-08T01:00,-1.1,0.00,61,-7.6,-5.7,0.00,0.00,0.00,0,0,0,0,0,10.4,100,92,24.9,23.0,0,0.00,1025.4,1010.3
2022-03-08T02:00,-0.8,0.00,60,-7.7,-5.7,0.00,0.00,0.00,0,0,0,0,0,12.6,100,95,28.1,26.3,0,0.00,1025.1,1010.1
2022-03-08T03:00,-0.6,0.00,59,-7.6,-5.8,0.00,0.00,0.00,0,0,0,0,0,14.3,102,100,30.1,29.9,0,0.00,1024.6,1009.6
2022-03-08T04:00,-0.7,0.00,60,-7.6,-6.0,0.00,0.00,0.00,0,0,0,0,0,15.3,101,99,31.2,32.0,0,0.00,1024.2,1009.2
2022-03-08T05:00,-0.8,0.00,59,-7.8,-6.2,0.00,0.00,0.00,0,0,0,0,0,15.5,103,102,31.1,32.4,0,0.00,1023.9,1008.9
2022-03-08T06:00,-1.0,0.00,59,-7.9,-6.4,0.00,0.00,0.00,0,0,0,0,0,15.8,103,102,31.8,33.1,0,0.00,1023.7,1008.7
2022-03-08T07:00,-0.9,0.00,60,-7.7,-6.3,0.00,0.00,0.00,0,0,0,0,0,16.1,102,100,32.1,33.5,1,0.00,1023.7,1008.7
2022-03-08T08:00,0.5,0.00,61,-6.2,-4.9,0.00,0.00,0.00,0,0,0,0,0,16.9,102,101,31.3,35.3,1,2095.19,1024.1,1009.1
2022-03-08T09:00,2.5,0.00,61,-4.3,-2.1,0.00,0.00,0.00,0,0,0,0,0,12.8,105,106,25.7,36.0,1,3600.00,1024.3,1009.5
2022-03-08T10:00,4.6,0.00,55,-3.7,-0.4,0.00,0.00,0.00,0,0,0,0,0,16.2,107,107,24.0,35.6,1,3600.00,1024.1,1009.4
2022-03-08T11:00,6.3,0.00,49,-3.7,1.1,0.00,0.00,0.00,0,0,0,0,0,18.0,110,110,26.4,39.6,1,3600.00,1023.3,1008.7
2022-03-08T12:00,7.6,0.00,46,-3.3,2.5,0.00,0.00,0.00,0,0,0,0,0,17.9,109,109,25.5,39.6,1,3600.00,1022.7,1008.1
2022-03-08T13:00,8.4,0.00,38,-5.0,3.8,0.00,0.00,0.00,0,0,0,0,0,14.5,116,117,20.4,40.0,1,3600.00,1022.2,1007.7
2022-03-08T14:00,9.0,0.00,37,-4.8,4.4,0.00,0.00,0.00,0,0,0,0,0,14.0,113,113,20.0,32.8,1,3600.00,1021.9,1007.4
2022-03-08T15:00,9.5,0.00,36,-4.9,4.6,0.00,0.00,0.00,0,0,0,0,0,14.4,112,112,20.5,32.0,1,3600.00,1021.7,1007.2
2022-03-08T16:00,9.3,0.00,35,-5.3,4.4,0.00,0.00,0.00,0,0,0,0,0,14.7,109,107,22.4,31.7,1,3600.00,1021.6,1007.1
2022-03-08T17:00,8.4,0.00,39,-4.8,4.0,0.00,0.00,0.00,0,0,0,0,0,11.1,105,103,21.7,31.7,1,3600.00,1021.6,1007.1
2022-03-08T18:00,5.7,0.00,44,-5.8,1.4,0.00,0.00,0.00,0,0,0,0,0,9.5,105,99,23.1,24.1,1,2880.83,1021.7,1007.1
2022-03-08T19:00,4.0,0.00,44,-7.2,-0.7,0.00,0.00,0.00,0,0,0,0,0,12.0,105,97,28.4,24.5,0,0.00,1022.4,1007.7
2022-03-08T20:00,3.3,0.00,44,-7.7,-1.6,0.00,0.00,0.00,0,0,0,0,0,12.8,107,100,29.4,26.6,0,0.00,1022.9,1008.1
2022-03-08T21:00,2.4,0.00,46,-8.1,-2.7,0.00,0.00,0.00,0,0,0,0,0,13.9,109,100,30.4,28.1,0,0.00,1023.3,1008.5
2022-03-08T22:00,1.7,0.00,48,-8.3,-3.5,0.00,0.00,0.00,0,19,19,0,0,14.3,107,102,31.3,29.2,0,0.00,1023.6,1008.7
2022-03-08T23:00,1.0,0.00,51,-8.1,-4.2,0.00,0.00,0.00,0,18,18,0,0,14.1,109,103,30.5,29.2,0,0.00,1024.3,1009.4
2022-03-09T00:00,0.3,0.00,54,-7.9,-4.8,0.00,0.00,0.00,3,82,82,0,0,13.5,112,106,29.2,28.4,0,0.00,1024.8,1009.8
2022-03-09T01:00,0.6,0.00,55,-7.3,-4.4,0.00,0.00,0.00,1,28,7,0,0,13.4,118,110,28.8,28.4,0,0.00,1024.3,1009.3
2022-03-09T02:00,0.0,0.00,58,-7.3,-5.0,0.00,0.00,0.00,0,4,4,0,0,14.0,116,108,29.6,27.7,0,0.00,1024.4,1009.4
2022-03-09T03:00,-0.3,0.00,59,-7.4,-5.2,0.00,0.00,0.00,0,0,0,0,0,13.0,112,104,28.4,27.7,0,0.00,1024.3,1009.3
2022-03-09T04:00,-0.8,0.00,61,-7.4,-5.5,0.00,0.00,0.00,0,0,0,0,0,11.4,115,108,25.8,26.3,0,0.00,1024.1,1009.1
2022-03-09T05:00,-1.2,0.00,63,-7.4,-5.9,0.00,0.00,0.00,0,0,0,0,0,11.5,114,110,26.1,23.4,0,0.00,1024.5,1009.4
2022-03-09T06:00,-1.5,0.00,64,-7.5,-6.2,0.00,0.00,0.00,0,0,0,0,0,11.0,116,113,25.3,23.0,0,0.00,1024.6,1009.5
2022-03-09T07:00,-1.7,0.00,65,-7.5,-6.4,0.00,0.00,0.00,0,0,0,0,0,11.6,112,112,26.0,23.0,1,0.00,1025.0,1009.9
2022-03-09T08:00,-0.3,0.00,64,-6.2,-5.0,0.00,0.00,0.00,0,0,0,0,0,11.9,114,115,24.8,23.8,1,2223.73,1025.7,1010.7
2022-03-09T09:00,2.1,0.00,61,-4.6,-2.1,0.00,0.00,0.00,0,0,0,0,0,10.0,115,116,21.9,23.4,1,3600.00,1026.0,1011.1
2022-03-09T10:00,4.5,0.00,55,-3.6,0.7,0.00,0.00,0.00,0,0,0,0,0,8.2,120,119,12.4,22.3,1,3600.00,1026.0,1011.2
2022-03-09T11:00,6.8,0.00,50,-2.9,3.7,0.00,0.00,0.00,0,0,0,0,0,4.1,140,142,5.6,19.8,1,3600.00,1025.6,1011.0
2022-03-09T12:00,8.6,0.00,46,-2.4,6.0,0.00,0.00,0.00,0,0,0,0,0,2.3,126,129,3.1,14.4,1,3600.00,1025.5,1011.0
2022-03-09T13:00,9.5,0.00,40,-3.4,6.8,0.00,0.00,0.00,0,0,0,0,0,3.3,135,139,4.6,13.0,1,3600.00,1024.9,1010.4
2022-03-09T14:00,10.3,0.00,38,-3.3,7.5,0.00,0.00,0.00,0,0,0,0,0,3.2,145,153,4.4,13.0,1,3600.00,1024.5,1010.1
2022-03-09T15:00,10.7,0.00,37,-3.4,7.7,0.00,0.00,0.00,0,0,0,0,0,3.1,153,159,4.0,12.6,1,3600.00,1024.0,1009.6
2022-03-09T16:00,10.7,0.00,38,-3.2,7.7,0.00,0.00,0.00,0,0,0,0,0,2.7,146,157,3.9,11.2,1,3600.00,1023.6,1009.2
2022-03-09T17:00,9.9,0.00,64,3.5,8.0,0.00,0.00,0.00,0,0,0,0,0,2.5,105,82,4.1,8.3,1,3600.00,1023.6,1009.1
2022-03-09T18:00,9.6,0.00,38,-4.0,6.3,0.00,0.00,0.00,0,0,0,0,0,4.4,90,55,6.5,6.5,1,2979.18,1024.1,1009.6
2022-03-09T19:00,3.7,0.00,61,-3.1,0.4,0.00,0.00,0.00,0,0,0,0,0,5.2,90,56,6.5,8.3,0,0.00,1024.7,1009.9
2022-03-09T20:00,2.5,0.00,65,-3.4,-0.8,0.00,0.00,0.00,0,0,0,0,0,4.7,90,67,5.8,9.4,0,0.00,1024.8,1009.9
2022-03-09T21:00,2.2,0.00,64,-4.0,-1.2,0.00,0.00,0.00,0,0,0,0,0,5.1,116,86,9.2,10.8,0,0.00,1024.8,1009.9
2022-03-09T22:00,0.6,0.00,67,-4.9,-3.1,0.00,0.00,0.00,0,0,0,0,0,6.2,123,97,12.0,12.2,0,0.00,1025.2,1010.2
2022-03-09T23:00,0.0,0.00,66,-5.6,-4.1,0.00,0.00,0.00,0,0,0,0,0,8.8,115,102,18.2,16.9,0,0.00,1025.8,1010.8
2022-03-10T00:00,0.1,0.00,63,-6.0,-4.4,0.00,0.00,0.00,0,0,0,0,0,10.9,111,96,23.5,20.9,0,0.00,1026.0,1011.0
2022-03-10T01:00,2.2,0.00,56,-5.7,-2.7,0.00,0.00,0.00,0,0,0,0,0,14.4,115,103,29.8,22.3,0,0.00,1025.6,1010.7
2022-03-10T02:00,2.0,0.00,55,-6.0,-2.9,0.00,0.00,0.00,0,0,0,0,0,13.5,114,106,28.8,27.7,0,0.00,1025.8,1010.9
2022-03-10T03:00,1.4,0.00,57,-6.1,-3.2,0.00,0.00,0.00,0,0,0,0,0,11.6,113,106,27.1,25.9,0,0.00,1025.9,1011.0
2022-03-10T04:00,1.2,0.00,59,-6.0,-3.4,0.00,0.00,0.00,0,0,0,0,0,11.4,111,103,27.3,23.4,0,0.00,1026.0,1011.1
2022-03-10T05:00,0.9,0.00,61,-5.9,-3.6,0.00,0.00,0.00,0,0,0,0,0,10.9,109,107,26.3,23.0,0,0.00,1026.3,1011.3
2022-03-10T06:00,0.6,0.00,63,-5.7,-3.9,0.00,0.00,0.00,0,0,0,0,0,11.0,110,109,26.4,22.3,0,0.00,1026.2,1011.2
2022-03-10T07:00,0.3,0.00,65,-5.5,-4.2,0.00,0.00,0.00,0,0,0,0,0,11.2,107,105,26.4,22.3,1,0.00,1026.5,1011.5
2022-03-10T08:00,1.9,0.00,64,-4.1,-2.6,0.00,0.00,0.00,0,0,0,0,0,12.8,106,100,26.9,25.6,1,2352.98,1026.8,1011.9
2022-03-10T09:00,4.7,0.00,64,-1.5,0.9,0.00,0.00,0.00,0,0,0,0,0,10.1,106,94,28.5,25.6,1,3600.00,1027.0,1012.2
2022-03-10T10:00,7.5,0.00,58,-0.2,4.0,0.00,0.00,0.00,0,0,0,0,0,8.8,100,99,14.6,22.0,1,3600.00,1026.6,1012.0
2022-03-10T11:00,9.9,0.00,51,0.2,6.2,0.00,0.00,0.00,0,0,0,0,0,10.7,103,104,15.5,25.2,1,3600.00,1026.3,1011.8
2022-03-10T12:00,11.8,0.00,44,-0.0,8.2,0.00,0.00,0.00,0,0,0,0,0,11.7,109,108,16.4,27.4,1,3600.00,1025.5,1011.1
2022-03-10T13:00,13.7,0.00,38,-0.5,10.1,0.00,0.00,0.00,0,0,0,0,0,12.3,111,111,17.0,28.1,1,3600.00,1024.8,1010.5
2022-03-10T14:00,14.0,0.00,36,-0.8,10.2,0.00,0.00,0.00,0,0,0,0,0,12.5,103,102,17.7,28.4,1,3600.00,1024.0,1009.7
2022-03-10T15:00,14.1,0.00,35,-1.0,10.0,0.00,0.00,0.00,0,0,0,0,0,12.7,99,98,18.6,28.1,1,3600.00,1023.2,1009.0
2022-03-10T16:00,13.6,0.00,35,-1.7,9.3,0.00,0.00,0.00,0,0,0,0,0,13.6,102,101,21.7,29.2,1,3600.00,1022.6,1008.3
2022-03-10T17:00,12.3,0.00,40,-0.8,8.5,0.00,0.00,0.00,0,0,0,0,0,10.5,98,94,21.8,29.2,1,3600.00,1022.3,1008.0
2022-03-10T18:00,9.3,0.00,46,-1.7,5.5,0.00,0.00,0.00,0,0,0,0,0,9.7,94,86,24.5,22.7,1,3077.18,1022.3,1007.8
2022-03-10T19:00,7.5,0.00,48,-2.9,3.1,0.00,0.00,0.00,0,0,0,0,0,13.0,95,88,30.0,26.6,0,0.00,1022.6,1008.0
2022-03-10T20:00,7.0,0.00,43,-4.7,1.9,0.00,0.00,0.00,0,0,0,0,0,16.0,100,99,34.4,32.4,0,0.00,1022.7,1008.1
2022-03-10T21:00,6.5,0.00,39,-6.6,0.8,0.00,0.00,0.00,0,0,0,0,0,18.8,105,102,37.2,38.2,0,0.00,1022.8,1008.2
2022-03-10T22:00,5.6,0.00,40,-6.9,-0.2,0.00,0.00,0.00,0,0,0,0,0,18.9,105,103,37.3,39.2,0,0.00,1023.0,1008.3
2022-03-10T23:00,4.3,0.00,46,-6.4,-1.4,0.00,0.00,0.00,0,0,0,0,0,19.2,106,103,37.4,39.2,0,0.00,1023.1,1008.4
2022-03-11T00:00,3.6,0.00,51,-5.6,-2.2,0.00,0.00,0.00,0,0,0,0,0,20.2,105,101,38.3,41.0,0,0.00,1022.8,1008.0
2022-03-11T01:00,4.5,0.00,51,-4.9,-1.2,0.00,0.00,0.00,0,0,0,0,0,20.2,104,101,38.2,42.5,0,0.00,1021.6,1006.9
2022-03-11T02:00,4.2,0.00,55,-4.1,-1.6,0.00,0.00,0.00,0,0,0,0,0,21.5,103,100,39.1,43.2,0,0.00,1021.3,1006.6
2022-03-11T03:00,3.6,0.00,61,-3.3,-2.3,0.00,0.00,0.00,0,0,0,0,0,22.7,102,100,40.9,45.7,0,0.00,1020.9,1006.2
2022-03-11T04:00,2.9,0.00,64,-3.2,-2.9,0.00,0.00,0.00,0,0,0,0,0,22.5,104,102,40.4,46.1,0,0.00,1020.8,1006.0
2022-03-11T05:00,2.2,0.00,63,-4.1,-3.7,0.00,0.00,0.00,0,0,0,0,0,21.8,105,103,39.5,45.4,0,0.00,1020.9,1006.1
2022-03-11T06:00,1.5,0.00,60,-5.4,-4.4,0.00,0.00,0.00,0,2,2,0,0,20.7,105,103,37.7,43.9,0,0.00,1020.9,1006.0
2022-03-11T07:00,0.7,0.00,59,-6.4,-5.1,0.00,0.00,0.00,0,13,13,0,0,19.3,106,104,36.0,41.4,1,0.00,1021.0,1006.1
2022-03-11T08:00,1.3,0.00,58,-6.1,-4.1,0.00,0.00,0.00,0,0,0,0,0,16.7,107,104,36.1,37.8,1,2482.81,1021.4,1006.5
2022-03-11T09:00,3.0,0.00,55,-5.3,-2.4,0.00,0.00,0.00,0,15,15,0,0,17.7,104,103,29.3,36.7,1,3600.00,1021.1,1006.3
2022-03-11T10:00,5.0,0.00,53,-3.9,-0.1,0.00,0.00,0.00,1,30,30,0,0,16.2,103,103,24.0,37.4,1,3600.00,1020.9,1006.2
2022-03-11T11:00,7.3,0.00,51,-2.1,2.8,0.00,0.00,0.00,0,0,0,0,0,14.2,107,106,20.3,34.9,1,3600.00,1020.4,1005.9
2022-03-11T12:00,9.3,0.00,50,-0.6,5.5,0.00,0.00,0.00,0,0,0,0,0,12.8,107,106,18.1,31.7,1,3600.00,1019.8,1005.4
2022-03-11T13:00,10.6,0.00,45,-1.0,7.2,0.00,0.00,0.00,0,0,0,0,0,10.5,106,106,14.2,32.0,1,3600.00,1019.3,1004.9
2022-03-11T14:00,11.5,0.00,44,-0.3,7.7,0.00,0.00,0.00,0,0,0,0,0,13.1,106,106,18.3,29.9,1,3600.00,1018.2,1003.9
2022-03-11T15:00,12.1,0.00,44,0.1,7.8,0.00,0.00,0.00,0,0,0,0,0,14.8,103,103,21.0,32.0,1,3600.00,1017.3,1003.0
2022-03-11T16:00,12.4,0.00,44,0.4,8.0,0.00,0.00,0.00,0,0,0,0,0,15.8,103,102,24.4,33.5,1,3600.00,1016.7,1002.5
2022-03-11T17:00,11.8,0.00,48,1.0,7.7,0.00,0.00,0.00,0,2,2,0,0,14.4,105,103,26.5,33.5,1,3600.00,1016.3,1002.0
2022-03-11T18:00,10.1,0.00,48,-0.3,5.5,0.00,0.00,0.00,3,95,95,0,0,16.4,107,105,32.3,33.1,1,3174.80,1016.9,1002.5
2022-03-11T19:00,8.9,0.00,47,-1.9,3.5,0.00,0.00,0.00,3,100,100,0,0,20.3,106,103,38.2,40.3,0,0.00,1017.3,1002.9
2022-03-11T20:00,8.1,0.00,46,-3.0,2.3,0.00,0.00,0.00,3,100,100,0,0,21.9,106,104,39.8,44.3,0,0.00,1017.8,1003.3
2022-03-11T21:00,7.0,0.00,45,-4.1,1.2,0.00,0.00,0.00,3,100,100,0,0,20.9,107,105,38.4,44.3,0,0.00,1018.1,1003.6
2022-03-11T22:00,6.0,0.00,46,-4.8,0.2,0.00,0.00,0.00,3,100,100,0,0,20.9,107,105,38.7,42.5,0,0.00,1018.8,1004.2
2022-03-11T23:00,5.2,0.00,48,-5.0,-0.4,0.00,0.00,0.00,3,99,99,0,0,19.1,109,106,35.9,42.1,0,0.00,1019.4,1004.8
2022-03-12T00:00,4.5,0.00,50,-5.2,-1.1,0.00,0.00,0.00,3,100,100,10,0,19.0,110,105,36.0,38.2,0,0.00,1019.5,1004.8
2022-03-12T01:00,4.8,0.00,42,-6.9,-0.6,0.00,0.00,0.00,3,100,100,86,0,16.4,113,109,31.6,37.4,0,0.00,1019.2,1004.5
2022-03-12T02:00,4.5,0.00,44,-6.8,-0.8,0.00,0.00,0.00,3,100,100,84,0,16.2,113,107,30.5,32.4,0,0.00,1019.4,1004.7
2022-03-12T03:00,4.0,0.00,46,-6.6,-0.9,0.00,0.00,0.00,3,100,100,92,0,13.8,110,105,26.4,31.0,0,0.00,1019.3,1004.6
2022-03-12T04:00,3.8,0.00,48,-6.3,-0.9,0.00,0.00,0.00,3,100,100,90,0,12.4,111,107,23.6,26.3,0,0.00,1019.7,1005.0
2022-03-12T05:00,3.7,0.00,48,-6.2,-0.9,0.00,0.00,0.00,3,100,77,100,0,11.4,111,108,22.0,23.4,0,0.00,1020.2,1005.5
2022-03-12T06:00,3.8,0.00,49,-6.0,-0.9,0.00,0.00,0.00,3,100,97,100,1,12.2,108,104,20.5,22.7,0,0.00,1020.5,1005.8
2022-03-12T07:00,3.4,0.00,52,-5.5,-1.2,0.00,0.00,0.00,3,100,100,36,2,12.0,108,106,20.5,24.1,1,0.00,1020.9,1006.1
2022-03-12T08:00,3.4,0.00,58,-4.1,-1.2,0.00,0.00,0.00,3,97,97,0,0,13.0,109,109,26.3,24.5,1,1486.79,1021.2,1006.4
2022-03-12T09:00,5.4,0.00,57,-2.3,1.2,0.00,0.00,0.00,3,98,98,0,0,12.2,106,109,32.2,26.6,1,3600.00,1021.4,1006.7
2022-03-12T10:00,7.9,0.00,53,-1.1,3.8,0.00,0.00,0.00,3,97,96,31,1,12.8,109,112,20.2,28.1,1,3600.00,1021.3,1006.8
2022-03-12T11:00,10.1,0.00,50,0.1,6.2,0.00,0.00,0.00,3,97,90,73,6,11.8,115,117,17.1,28.1,1,3600.00,1021.3,1006.9
2022-03-12T12:00,11.8,0.00,49,1.3,8.2,0.00,0.00,0.00,2,58,40,31,0,11.4,117,118,15.8,27.4,1,3600.00,1021.0,1006.7
2022-03-12T13:00,13.2,0.00,43,0.9,10.2,0.00,0.00,0.00,3,98,100,17,1,8.6,122,123,11.0,27.0,1,3600.00,1020.3,1006.1
2022-03-12T14:00,13.6,0.00,45,2.0,11.1,0.00,0.00,0.00,3,100,100,0,1,5.2,120,124,7.1,20.9,1,3600.00,1019.6,1005.4
2022-03-12T15:00,13.9,0.00,47,2.8,12.1,0.00,0.00,0.00,3,99,99,0,4,1.0,117,135,1.6,15.5,1,3600.00,1019.1,1004.9
2022-03-12T16:00,13.9,0.00,48,3.0,12.2,0.00,0.00,0.00,3,99,99,0,1,1.0,63,45,1.6,8.3,1,3600.00,1018.9,1004.7
2022-03-12T17:00,13.3,0.00,59,5.4,11.9,0.00,0.00,0.00,3,89,89,0,0,1.9,39,22,4.6,6.8,1,3600.00,1018.5,1004.3
2022-03-12T18:00,11.0,0.00,63,4.3,8.9,0.00,0.00,0.00,3,100,100,21,0,4.8,27,27,5.6,7.2,1,3272.03,1018.2,1003.9
2022-03-12T19:00,7.8,0.00,73,3.2,5.4,0.00,0.00,0.00,3,100,100,2,0,5.6,74,63,13.1,11.2,0,0.00,1018.6,1004.1
2022-03-12T20:00,7.3,0.00,63,0.7,3.6,0.00,0.00,0.00,2,66,66,0,0,11.7,85,79,25.7,22.3,0,0.00,1018.7,1004.2
2022-03-12T21:00,7.0,0.00,54,-1.6,2.8,0.00,0.00,0.00,3,97,97,0,0,13.0,90,85,28.8,26.3,0,0.00,1018.5,1004.0
2022-03-12T22:00,6.5,0.00,54,-2.3,2.1,0.00,0.00,0.00,3,99,99,0,0,13.0,100,95,28.1,26.3,0,0.00,1018.4,1003.8
2022-03-12T23:00,5.5,0.00,57,-2.5,1.2,0.00,0.00,0.00,3,96,96,0,0,12.4,102,98,26.9,25.6,0,0.00,1018.4,1003.8
2022-03-13T00:00,4.8,0.00,58,-2.7,0.3,0.00,0.00,0.00,3,90,90,0,0,13.4,100,95,28.1,25.2,0,0.00,1018.1,1003.5
2022-03-13T01:00,5.1,0.00,50,-4.4,0.3,0.00,0.00,0.00,0,11,92,0,0,14.5,99,96,30.6,28.8,0,0.00,1017.3,1002.7
2022-03-13T02:00,4.7,0.00,48,-5.5,-0.1,0.00,0.00,0.00,2,51,51,0,0,13.3,101,103,29.0,28.8,0,0.00,1017.4,1002.8
2022-03-13T03:00,4.0,0.00,46,-6.5,-0.6,0.00,0.00,0.00,0,0,0,0,0,11.3,101,97,25.6,26.3,0,0.00,1017.0,1002.3
2022-03-13T04:00,3.0,0.00,48,-6.8,-1.2,0.00,0.00,0.00,0,14,14,0,0,8.4,104,100,21.9,22.3,0,0.00,1017.0,1002.3
2022-03-13T05:00,2.5,0.00,48,-7.4,-1.9,0.00,0.00,0.00,0,7,7,0,0,9.7,100,92,23.4,19.4,0,0.00,1017.1,1002.4
2022-03-13T06:00,2.2,0.00,48,-7.7,-2.3,0.00,0.00,0.00,0,12,8,5,0,9.6,104,103,23.4,19.8,0,0.00,1017.1,1002.3
2022-03-13T07:00,1.4,0.00,53,-7.2,-2.7,0.00,0.00,0.00,0,0,0,0,0,7.3,111,110,20.1,19.1,1,0.00,1017.5,1002.7
2022-03-13T08:00,2.7,0.00,55,-5.3,-1.3,0.00,0.00,0.00,0,14,14,0,0,8.0,98,80,18.5,15.5,1,2743.66,1018.0,1003.3
2022-03-13T09:00,5.2,0.00,54,-3.3,1.5,0.00,0.00,0.00,1,46,41,8,0,7.6,90,87,16.2,18.0,1,3600.00,1017.8,1003.2
2022-03-13T10:00,7.9,0.00,53,-1.2,4.2,0.00,0.00,0.00,0,18,15,3,0,9.4,96,97,14.5,22.7,1,3600.00,1017.3,1002.8
2022-03-13T11:00,10.4,0.00,52,1.0,7.5,0.00,0.00,0.00,1,40,40,0,0,5.8,105,112,8.6,23.0,1,3600.00,1017.1,1002.8
2022-03-13T12:00,12.3,0.00,51,2.4,10.1,0.00,0.00,0.00,2,58,58,0,0,4.2,104,110,5.9,16.9,1,3600.00,1016.7,1002.5
2022-03-13T13:00,13.8,0.00,41,0.7,11.8,0.00,0.00,0.00,2,50,51,17,0,2.8,114,130,4.3,15.1,1,3600.00,1016.3,1002.1
2022-03-13T14:00,15.0,0.00,40,1.7,12.5,0.00,0.00,0.00,3,93,90,28,0,4.9,105,107,7.1,14.8,1,3600.00,1015.4,1001.3
2022-03-13T15:00,15.5,0.00,40,1.8,12.8,0.00,0.00,0.00,3,100,100,98,0,6.0,105,107,8.6,15.1,1,3600.00,1015.0,1000.9
2022-03-13T16:00,15.4,0.00,43,2.8,12.8,0.00,0.00,0.00,2,55,51,7,0,5.9,99,101,9.5,15.8,1,3600.00,1014.8,1000.7
2022-03-13T17:00,14.5,0.00,56,5.9,12.9,0.00,0.00,0.00,2,79,75,49,0,4.0,96,90,10.9,14.0,1,3600.00,1014.8,1000.7
2022-03-13T18:00,11.0,0.00,65,4.6,8.7,0.00,0.00,0.00,1,21,4,20,0,6.4,75,38,10.0,10.4,1,3368.87,1015.1,1000.8
2022-03-13T19:00,8.7,0.00,66,2.6,6.2,0.00,0.00,0.00,2,62,0,62,0,5.7,61,35,11.1,11.5,0,0.00,1015.5,1001.1
2022-03-13T20:00,8.1,0.00,66,2.1,5.0,0.00,0.00,0.00,3,92,7,91,0,9.2,80,64,19.4,17.3,0,0.00,1015.7,1001.3
2022-03-13T21:00,8.8,0.00,57,0.8,5.1,0.00,0.00,0.00,3,100,79,100,0,11.5,102,94,26.8,23.0,0,0.00,1016.4,1002.0
2022-03-13T22:00,8.8,0.00,54,-0.1,4.8,0.00,0.00,0.00,3,100,93,99,0,12.9,110,108,26.9,24.8,0,0.00,1017.1,1002.7
2022-03-13T23:00,8.0,0.00,54,-0.7,3.9,0.00,0.00,0.00,3,100,100,96,0,12.6,112,110,27.1,28.1,0,0.00,1017.4,1002.9
2022-03-14T00:00,7.4,0.00,54,-1.3,3.1,0.00,0.00,0.00,3,100,100,97,0,13.3,113,109,27.7,27.7,0,0.00,1017.7,1003.2
2022-03-14T01:00,6.2,0.00,62,-0.6,2.8,0.00,0.00,0.00,3,100,97,98,0,7.9,114,74,12.6,26.3,0,0.00,1017.9,1003.3
2022-03-14T02:00,7.2,0.00,51,-2.3,3.5,0.00,0.00,0.00,3,100,98,100,0,8.9,200,194,18.8,16.9,0,0.00,1020.1,1005.6
2022-03-14T03:00,7.1,0.00,64,0.7,3.8,0.00,0.00,0.00,3,100,100,98,12,8.9,262,249,21.1,19.1,0,0.00,1021.3,1006.7
2022-03-14T04:00,7.0,0.20,81,4.0,4.8,0.20,0.00,0.00,51,100,100,100,35,5.7,258,252,16.9,20.5,0,0.00,1022.3,1007.7
2022-03-14T05:00,7.5,0.20,89,5.9,4.6,0.20,0.00,0.00,51,100,100,100,56,12.7,231,223,23.3,25.9,0,0.00,1023.7,1009.1
2022-03-14T06:00,7.0,0.10,91,5.7,3.9,0.10,0.00,0.00,51,100,100,100,100,13.8,224,221,25.2,28.4,0,0.00,1025.0,1010.4
2022-03-14T07:00,7.1,0.30,91,5.7,3.7,0.30,0.00,0.00,51,100,74,68,100,15.8,232,229,27.7,33.5,1,0.00,1025.9,1011.3
2022-03-14T08:00,7.2,0.10,91,5.8,3.9,0.10,0.00,0.00,51,100,19,100,100,15.5,226,222,26.5,33.1,1,0.00,1027.0,1012.4
2022-03-14T09:00,7.5,0.10,90,5.9,4.5,0.10,0.00,0.00,51,89,0,86,36,13.8,226,223,22.9,32.0,1,0.00,1027.8,1013.2
2022-03-14T10:00,8.6,0.10,83,5.8,4.8,0.10,0.00,0.00,51,86,9,66,60,18.5,233,233,28.0,36.4,1,2521.85,1028.4,1013.8
2022-03-14T11:00,9.7,0.10,74,5.3,5.3,0.10,0.00,0.00,51,67,0,4,66,22.2,237,238,32.6,46.1,1,3600.00,1028.8,1014.3
2022-03-14T12:00,10.8,0.10,66,4.8,6.7,0.10,0.00,0.00,51,84,0,4,84,19.0,241,241,27.2,46.4,1,3600.00,1028.9,1014.4
2022-03-14T13:00,10.9,0.10,66,4.8,7.5,0.10,0.00,0.00,51,99,0,20,100,14.5,252,251,20.5,40.7,1,3600.00,1029.0,1014.5
2022-03-14T14:00,10.9,0.10,68,5.2,7.7,0.10,0.00,0.00,51,59,4,0,57,13.7,266,267,19.5,32.0,1,1462.74,1029.1,1014.6
2022-03-14T15:00,11.9,0.00,62,4.8,8.8,0.00,0.00,0.00,3,84,10,0,83,12.6,265,267,17.7,29.5,1,3600.00,1029.1,1014.7
2022-03-14T16:00,12.1,0.00,59,4.3,9.5,0.00,0.00,0.00,1,35,0,0,35,8.3,273,275,11.9,27.7,1,3498.55,1028.6,1014.2
2022-03-14T17:00,12.0,0.00,59,4.3,9.8,0.00,0.00,0.00,2,67,67,0,1,5.8,266,266,10.1,19.4,1,3600.00,1028.9,1014.5
2022-03-14T18:00,11.9,0.00,56,3.4,9.9,0.00,0.00,0.00,1,45,45,0,1,3.1,254,225,5.2,12.6,1,3465.29,1029.1,1014.7
2022-03-14T19:00,7.3,0.00,75,3.2,4.9,0.00,0.00,0.00,1,32,32,0,0,5.3,24,62,4.3,6.1,0,0.00,1029.5,1014.8
2022-03-14T20:00,6.3,0.00,81,3.3,3.9,0.00,0.00,0.00,2,61,61,0,0,5.2,78,74,7.0,10.1,0,0.00,1030.2,1015.5
2022-03-14T21:00,4.5,0.00,90,3.1,1.9,0.00,0.00,0.00,3,90,90,0,0,6.6,88,77,8.3,13.3,0,0.00,1030.2,1015.4
2022-03-14T22:00,3.9,0.00,91,2.6,1.1,0.00,0.00,0.00,3,100,100,0,0,7.6,88,82,10.8,14.4,0,0.00,1030.4,1015.5
2022-03-14T23:00,3.9,0.00,91,2.5,0.9,0.00,0.00,0.00,3,100,100,1,0,8.3,95,88,15.2,15.8,0,0.00,1030.3,1015.4
2022-03-15T00:00,4.1,0.00,89,2.4,1.1,0.00,0.00,0.00,3,100,100,94,0,8.7,103,97,18.5,16.2,0,0.00,1030.2,1015.4
2022-03-15T01:00,5.8,0.00,80,2.7,2.7,0.00,0.00,0.00,3,100,100,0,0,10.2,101,98,22.4,18.7,0,0.00,1029.6,1014.8
2022-03-15T02:00,5.5,0.00,82,2.6,2.5,0.00,0.00,0.00,3,100,100,100,0,9.1,98,99,22.6,19.8,0,0.00,1029.5,1014.7
2022-03-15T03:00,5.5,0.00,82,2.6,2.6,0.00,0.00,0.00,3,100,100,100,0,8.0,97,98,20.3,18.4,0,0.00,1029.2,1014.4
2022-03-15T04:00,5.5,0.00,81,2.5,2.7,0.00,0.00,0.00,3,100,100,100,0,7.5,100,107,19.8,16.6,0,0.00,1028.8,1014.0
2022-03-15T05:00,5.4,0.00,81,2.3,2.6,0.00,0.00,0.00,3,100,100,100,0,7.0,106,111,19.1,15.8,0,0.00,1028.6,1013.8
2022-03-15T06:00,5.4,0.00,80,2.3,2.5,0.00,0.00,0.00,3,100,100,100,0,7.8,107,103,20.3,16.2,0,0.00,1028.3,1013.5
2022-03-15T07:00,5.6,0.00,80,2.4,2.5,0.00,0.00,0.00,3,100,100,100,0,9.3,109,103,20.9,18.7,1,0.00,1028.1,1013.4
2022-03-15T08:00,6.2,0.00,78,2.6,3.3,0.00,0.00,0.00,3,100,100,100,0,7.7,117,118,17.7,20.2,1,0.00,1028.1,1013.4
2022-03-15T09:00,6.3,0.10,78,2.8,3.2,0.10,0.00,0.00,51,100,100,100,0,10.0,127,120,19.3,19.8,1,0.00,1027.9,1013.2
2022-03-15T10:00,6.9,0.10,81,3.8,4.3,0.10,0.00,0.00,51,100,100,100,0,7.4,139,119,16.3,20.2,1,0.00,1027.6,1012.9
2022-03-15T11:00,7.1,0.30,84,4.6,4.9,0.30,0.00,0.00,51,100,100,100,2,6.2,136,97,10.9,14.4,1,0.00,1027.2,1012.5
2022-03-15T12:00,7.3,1.20,91,5.9,5.1,1.20,0.00,0.00,55,100,98,100,100,7.6,65,65,12.7,14.8,1,0.00,1026.1,1011.5
2022-03-15T13:00,8.0,0.30,88,6.1,6.0,0.30,0.00,0.00,51,100,100,100,100,6.5,53,34,13.1,14.0,1,0.00,1024.5,1009.9
2022-03-15T14:00,8.7,2.10,88,6.9,7.1,2.10,0.00,0.00,61,100,100,100,100,4.9,124,126,7.8,23.4,1,0.00,1023.1,1008.6
2022-03-15T15:00,8.6,0.70,90,7.1,7.4,0.70,0.00,0.00,53,100,100,100,100,3.1,87,45,7.9,26.3,1,0.00,1022.1,1007.6
2022-03-15T16:00,8.1,1.80,96,7.5,6.4,1.80,0.00,0.00,61,100,100,100,96,6.6,340,319,11.8,17.6,1,0.00,1022.5,1008.0
2022-03-15T17:00,7.9,1.00,98,7.6,6.9,1.00,0.00,0.00,55,100,100,100,69,2.5,348,270,5.2,13.3,1,0.00,1022.0,1007.5
2022-03-15T18:00,7.6,1.00,99,7.4,6.5,1.00,0.00,0.00,55,100,100,100,100,2.6,340,286,4.2,9.0,1,0.00,1022.3,1007.7
2022-03-15T19:00,7.1,0.40,100,7.0,5.4,0.40,0.00,0.00,51,100,100,100,100,6.1,308,298,10.0,13.7,0,0.00,1023.0,1008.4
2022-03-15T20:00,6.9,0.00,98,6.7,5.0,0.00,0.00,0.00,3,100,100,97,58,7.4,334,321,14.8,16.9,0,0.00,1023.6,1009.0
2022-03-15T21:00,6.4,0.00,98,6.1,4.7,0.00,0.00,0.00,3,100,100,8,18,5.1,337,309,11.8,16.2,0,0.00,1024.4,1009.8
2022-03-15T22:00,4.9,0.00,99,4.7,3.0,0.00,0.00,0.00,3,100,100,1,8,4.1,355,322,9.0,12.2,0,0.00,1024.8,1010.1
2022-03-15T23:00,4.3,0.00,98,4.1,2.3,0.00,0.00,0.00,3,100,100,2,0,4.0,4,355,9.7,9.4,0,0.00,1025.3,1010.5
2022-03-16T00:00,3.4,0.00,98,3.1,1.0,0.00,0.00,0.00,3,100,100,4,1,5.4,33,42,8.6,9.0,0,0.00,1025.5,1010.7
2022-03-16T01:00,3.8,0.00,98,3.5,1.5,0.00,0.00,0.00,3,100,100,48,0,4.8,56,48,9.1,8.3,0,0.00,1025.6,1010.8
2022-03-16T02:00,4.0,0.00,97,3.6,1.8,0.00,0.00,0.00,3,100,100,81,0,4.6,84,72,10.5,11.5,0,0.00,1025.6,1010.8
2022-03-16T03:00,4.3,0.00,97,3.9,2.3,0.00,0.00,0.00,3,100,99,68,0,3.8,110,73,7.3,8.6,0,0.00,1025.6,1010.8
2022-03-16T04:00,3.9,0.00,97,3.4,1.2,0.00,0.00,0.00,3,100,100,60,0,7.5,93,73,13.7,14.0,0,0.00,1025.5,1010.7
2022-03-16T05:00,4.2,0.00,94,3.3,1.7,0.00,0.00,0.00,3,89,53,76,0,6.1,100,93,17.2,15.1,0,0.00,1025.9,1011.1
2022-03-16T06:00,4.7,0.00,92,3.5,2.0,0.00,0.00,0.00,3,100,97,96,27,8.4,102,97,19.5,16.2,0,0.00,1026.2,1011.4
2022-03-16T07:00,5.1,0.00,91,3.7,1.8,0.00,0.00,0.00,3,100,89,100,66,12.0,100,99,24.1,23.4,1,0.00,1026.2,1011.5
2022-03-16T08:00,5.7,0.00,89,4.0,2.1,0.00,0.00,0.00,3,100,100,97,100,14.9,98,98,26.9,28.8,1,0.00,1026.3,1011.6
2022-03-16T09:00,6.7,0.00,86,4.5,3.3,0.00,0.00,0.00,3,100,99,79,94,14.1,101,103,23.5,30.6,1,0.00,1026.5,1011.8
2022-03-16T10:00,8.2,0.00,81,5.2,4.8,0.00,0.00,0.00,3,100,17,68,99,15.3,106,105,23.9,32.4,1,2821.36,1026.6,1012.0
2022-03-16T11:00,9.4,0.00,75,5.2,5.8,0.00,0.00,0.00,3,86,0,38,85,16.8,102,100,26.1,35.6,1,1176.86,1026.0,1011.5
2022-03-16T12:00,11.0,0.00,69,5.5,7.4,0.00,0.00,0.00,3,88,0,3,88,16.9,102,101,25.1,37.1,1,3600.00,1025.3,1010.9
2022-03-16T13:00,12.9,0.00,65,6.6,9.9,0.00,0.00,0.00,2,66,44,1,7,14.9,111,110,20.9,36.4,1,3600.00,1025.1,1010.8
2022-03-16T14:00,13.9,0.00,63,7.1,11.2,0.00,0.00,0.00,1,24,0,0,24,13.1,115,111,18.2,32.8,1,3600.00,1024.2,1009.9
2022-03-16T15:00,14.7,0.00,61,7.2,12.2,0.00,0.00,0.00,1,40,12,0,33,12.6,106,103,17.2,29.5,1,3600.00,1023.6,1009.4
2022-03-16T16:00,14.7,0.00,60,7.1,11.9,0.00,0.00,0.00,1,29,1,0,29,13.8,100,96,19.8,29.5,1,3600.00,1023.3,1009.1
2022-03-16T17:00,13.9,0.00,63,7.0,11.0,0.00,0.00,0.00,0,0,0,0,0,14.1,97,93,23.6,31.0,1,3600.00,1022.8,1008.6
2022-03-16T18:00,12.5,0.00,65,6.1,9.5,0.00,0.00,0.00,0,2,0,2,0,13.7,96,92,26.4,29.2,1,3600.00,1022.8,1008.5
2022-03-16T19:00,11.1,0.00,65,4.7,7.6,0.00,0.00,0.00,1,45,43,25,0,15.5,106,102,31.1,31.3,0,0.00,1022.9,1008.5
2022-03-16T20:00,10.7,0.00,63,3.9,6.6,0.00,0.00,0.00,0,15,6,10,0,18.2,109,104,34.3,36.4,0,0.00,1023.0,1008.6
2022-03-16T21:00,10.1,0.00,62,3.2,5.8,0.00,0.00,0.00,2,57,57,0,0,18.7,113,109,35.2,39.2,0,0.00,1022.9,1008.5
2022-03-16T22:00,9.2,0.00,64,2.8,5.0,0.00,0.00,0.00,3,100,100,1,0,17.5,113,109,33.2,38.2,0,0.00,1023.1,1008.6
2022-03-16T23:00,8.6,0.00,66,2.6,4.5,0.00,0.00,0.00,0,4,4,0,0,16.5,114,110,32.2,35.6,0,0.00,1023.3,1008.8
2022-03-17T00:00,7.8,0.00,69,2.4,3.6,0.00,0.00,0.00,2,55,45,19,0,16.7,113,109,33.2,33.8,0,0.00,1023.3,1008.7
2022-03-17T01:00,8.4,0.00,68,2.9,3.9,0.00,0.00,0.00,3,98,100,99,0,19.1,115,110,35.4,38.2,0,0.00,1022.7,1008.2
2022-03-17T02:00,8.7,0.00,66,2.8,4.3,0.00,0.00,0.00,3,100,100,100,0,18.4,117,113,33.7,38.5,0,0.00,1022.8,1008.3
2022-03-17T03:00,8.5,0.00,66,2.6,4.3,0.00,0.00,0.00,3,98,97,15,0,17.2,118,116,31.9,36.7,0,0.00,1022.9,1008.4
2022-03-17T04:00,7.4,0.00,70,2.2,3.3,0.00,0.00,0.00,3,98,98,19,0,16.3,117,115,31.6,34.2,0,0.00,1022.9,1008.3
2022-03-17T05:00,7.1,0.00,70,1.9,3.1,0.00,0.00,0.00,3,100,100,100,0,15.1,118,115,29.8,32.8,0,0.00,1023.4,1008.8
2022-03-17T06:00,7.4,0.00,68,1.9,3.6,0.00,0.00,0.00,3,100,100,100,0,13.0,117,114,25.1,30.2,0,0.00,1024.3,1009.7
2022-03-17T07:00,7.0,0.00,71,2.1,3.6,0.00,0.00,0.00,3,100,100,100,0,11.0,113,109,22.3,25.6,1,0.00,1024.8,1010.2
2022-03-17T08:00,7.5,0.00,73,3.0,4.7,0.00,0.00,0.00,3,100,100,99,6,8.2,117,113,18.5,21.6,1,0.00,1025.6,1011.0
2022-03-17T09:00,8.5,0.00,72,3.8,6.1,0.00,0.00,0.00,3,100,100,100,2,6.3,107,103,11.3,17.6,1,0.00,1026.4,1011.8
2022-03-17T10:00,9.1,0.10,74,4.7,7.6,0.10,0.00,0.00,51,100,100,100,27,1.0,63,45,1.6,14.4,1,0.00,1027.2,1012.7
2022-03-17T11:00,9.4,0.30,78,5.7,7.5,0.30,0.00,0.00,51,100,100,100,35,5.1,324,321,6.2,13.3,1,0.00,1027.6,1013.1
2022-03-17T12:00,9.2,0.60,85,6.8,7.2,0.60,0.00,0.00,53,100,100,84,24,8.2,342,337,11.4,18.7,1,0.00,1028.3,1013.7
2022-03-17T13:00,10.9,0.20,75,6.7,8.3,0.20,0.00,0.00,51,100,100,100,2,11.8,341,337,16.4,26.3,1,0.00,1028.4,1013.9
2022-03-17T14:00,10.1,0.20,81,6.9,7.4,0.20,0.00,0.00,51,100,100,96,39,13.2,334,331,19.6,27.7,1,0.00,1029.0,1014.5
2022-03-17T15:00,10.8,0.00,77,7.0,7.7,0.00,0.00,0.00,3,100,100,99,73,16.3,357,355,23.8,32.4,1,0.00,1029.1,1014.6
2022-03-17T16:00,10.7,0.10,79,7.2,7.7,0.10,0.00,0.00,51,100,100,100,100,16.0,353,352,23.2,36.4,1,0.00,1029.8,1015.3
2022-03-17T17:00,10.0,0.10,85,7.6,7.4,0.10,0.00,0.00,51,100,100,100,100,13.4,348,346,21.3,33.1,1,0.00,1030.3,1015.8
2022-03-17T18:00,9.8,0.00,87,7.7,7.5,0.00,0.00,0.00,3,100,100,100,100,11.7,357,351,20.9,27.7,1,0.00,1031.0,1016.4
2022-03-17T19:00,9.7,0.00,86,7.4,7.3,0.00,0.00,0.00,3,100,100,100,100,12.2,7,2,22.1,25.2,0,0.00,1031.7,1017.1
2022-03-17T20:00,9.8,0.00,82,6.9,7.1,0.00,0.00,0.00,3,100,100,100,100,13.1,16,9,23.9,27.4,0,0.00,1032.2,1017.6
2022-03-17T21:00,9.7,0.00,80,6.3,6.7,0.00,0.00,0.00,3,100,100,100,100,13.8,20,15,24.9,28.8,0,0.00,1033.1,1018.5
2022-03-17T22:00,9.3,0.00,79,5.8,6.1,0.00,0.00,0.00,3,100,93,100,100,14.6,16,10,25.4,29.5,0,0.00,1033.8,1019.2
2022-03-17T23:00,8.8,0.00,76,4.8,5.3,0.00,0.00,0.00,3,100,70,100,100,15.0,16,11,26.2,31.0,0,0.00,1034.5,1019.8
2022-03-18T00:00,8.2,0.00,76,4.2,4.7,0.00,0.00,0.00,3,100,99,100,100,14.6,17,10,25.2,31.0,0,0.00,1034.9,1020.2
2022-03-18T01:00,7.4,0.00,78,3.8,4.0,0.00,0.00,0.00,3,100,100,45,85,13.1,14,8,23.1,29.9,0,0.00,1035.6,1020.8
2022-03-18T02:00,7.4,0.00,77,3.6,3.9,0.00,0.00,0.00,3,100,100,73,100,13.6,18,11,23.1,28.1,0,0.00,1035.8,1021.0
2022-03-18T03:00,7.4,0.00,75,3.4,3.9,0.00,0.00,0.00,3,100,100,100,100,13.6,24,17,23.2,28.1,0,0.00,1035.8,1021.0
2022-03-18T04:00,7.3,0.00,74,3.0,3.8,0.00,0.00,0.00,3,100,100,58,100,13.2,29,22,23.5,28.1,0,0.00,1036.0,1021.2
2022-03-18T05:00,7.1,0.00,75,2.9,3.7,0.00,0.00,0.00,3,100,100,69,100,12.1,39,30,22.5,27.7,0,0.00,1036.6,1021.8
2022-03-18T06:00,7.3,0.00,74,3.0,4.1,0.00,0.00,0.00,3,100,100,100,100,10.9,44,34,20.9,24.8,0,0.00,1037.1,1022.3
2022-03-18T07:00,7.4,0.00,73,2.9,4.1,0.00,0.00,0.00,3,100,100,100,100,11.2,44,33,21.1,23.4,1,0.00,1038.0,1023.2
2022-03-18T08:00,7.5,0.00,72,2.7,4.2,0.00,0.00,0.00,3,100,100,100,100,10.8,38,26,19.7,24.1,1,0.00,1038.7,1023.9
2022-03-18T09:00,7.7,0.00,70,2.7,4.6,0.00,0.00,0.00,3,100,100,92,29,9.5,19,11,15.6,23.0,1,0.00,1039.4,1024.6
2022-03-18T10:00,9.0,0.00,64,2.6,5.5,0.00,0.00,0.00,3,100,100,41,9,12.0,43,39,17.6,27.4,1,1811.02,1039.6,1024.9
2022-03-18T11:00,10.7,0.00,61,3.4,7.3,0.00,0.00,0.00,2,68,62,15,0,12.3,54,52,17.8,29.2,1,3600.00,1039.5,1024.9
2022-03-18T12:00,12.3,0.00,58,4.3,9.1,0.00,0.00,0.00,1,48,42,0,11,14.2,65,63,19.5,31.0,1,3600.00,1039.5,1024.9
2022-03-18T13:00,13.0,0.00,54,3.9,8.8,0.00,0.00,0.00,2,53,96,0,42,20.0,63,62,28.3,40.7,1,3600.00,1039.2,1024.7
2022-03-18T14:00,13.2,0.00,54,4.0,9.0,0.00,0.00,0.00,0,11,11,0,0,18.8,63,61,26.7,42.8,1,3600.00,1038.8,1024.3
2022-03-18T15:00,13.8,0.00,50,3.6,9.4,0.00,0.00,0.00,1,37,6,0,33,19.3,58,57,28.0,41.0,1,3600.00,1038.4,1023.9
2022-03-18T16:00,13.2,0.00,53,4.0,9.0,0.00,0.00,0.00,0,13,3,0,10,19.4,57,55,28.9,41.8,1,3600.00,1038.4,1023.9
2022-03-18T17:00,12.6,0.00,52,3.1,8.6,0.00,0.00,0.00,0,2,0,0,2,16.3,57,55,26.8,41.0,1,3600.00,1038.4,1023.9
2022-03-18T18:00,11.0,0.00,58,3.1,6.8,0.00,0.00,0.00,0,1,0,0,1,17.3,60,59,30.3,36.4,1,3600.00,1039.2,1024.6
2022-03-18T19:00,9.4,0.00,64,2.9,5.4,0.00,0.00,0.00,0,4,0,0,4,15.8,63,60,29.8,36.0,0,0.00,1040.1,1025.4
2022-03-18T20:00,8.9,0.00,64,2.4,4.5,0.00,0.00,0.00,0,0,0,0,0,18.2,61,56,33.8,37.8,0,0.00,1040.3,1025.6
2022-03-18T21:00,8.2,0.00,66,2.3,3.6,0.00,0.00,0.00,0,0,0,0,0,19.5,66,62,35.6,41.0,0,0.00,1040.5,1025.7
2022-03-18T22:00,7.5,0.00,71,2.5,3.0,0.00,0.00,0.00,0,0,0,0,0,18.7,66,62,34.7,40.3,0,0.00,1041.0,1026.2
2022-03-18T23:00,7.1,0.00,73,2.5,2.4,0.00,0.00,0.00,0,0,0,0,0,20.2,73,71,36.6,41.8,0,0.00,1041.3,1026.4
2022-03-19T00:00,7.0,0.00,71,2.1,2.3,0.00,0.00,0.00,0,0,0,0,0,19.8,75,74,36.5,42.5,0,0.00,1041.1,1026.2
2022-03-19T01:00,6.8,0.00,71,2.0,2.3,0.00,0.00,0.00,0,0,0,0,0,18.3,77,75,34.3,42.1,0,0.00,1040.7,1025.8
2022-03-19T02:00,6.7,0.00,73,2.2,2.2,0.00,0.00,0.00,0,0,0,0,0,18.6,74,72,34.4,39.2,0,0.00,1040.8,1025.9
2022-03-19T03:00,6.4,0.00,75,2.3,2.0,0.00,0.00,0.00,0,0,0,0,0,18.4,78,78,34.2,39.2,0,0.00,1040.5,1025.6
2022-03-19T04:00,6.1,0.00,75,2.1,1.7,0.00,0.00,0.00,0,0,0,0,0,17.8,78,76,33.1,38.9,0,0.00,1040.3,1025.4
2022-03-19T05:00,5.8,0.00,76,1.9,1.4,0.00,0.00,0.00,0,0,0,0,0,17.8,78,76,33.5,37.1,0,0.00,1040.1,1025.2
2022-03-19T06:00,5.4,0.00,77,1.7,1.0,0.00,0.00,0.00,0,0,0,0,0,17.8,78,76,33.9,37.1,0,0.00,1039.5,1024.6
2022-03-19T07:00,5.3,0.00,77,1.6,0.7,0.00,0.00,0.00,0,0,0,0,0,18.8,76,73,34.9,38.9,1,0.00,1039.6,1024.7
2022-03-19T08:00,6.5,0.00,75,2.4,2.3,0.00,0.00,0.00,0,0,0,0,0,16.9,74,70,37.8,42.5,1,3526.44,1039.4,1024.5
2022-03-19T09:00,7.8,0.00,71,2.8,3.3,0.00,0.00,0.00,0,0,0,0,0,19.5,72,71,30.7,42.1,1,3600.00,1039.2,1024.4
2022-03-19T10:00,9.3,0.00,62,2.4,4.5,0.00,0.00,0.00,0,0,0,0,0,20.9,76,75,31.2,44.6,1,3600.00,1038.7,1024.0
2022-03-19T11:00,10.4,0.00,56,2.0,5.7,0.00,0.00,0.00,0,0,0,0,0,19.7,73,72,28.6,45.4,1,3600.00,1037.9,1023.3
2022-03-19T12:00,11.3,0.00,54,2.3,7.3,0.00,0.00,0.00,0,2,0,0,2,18.4,63,62,25.9,42.5,1,3600.00,1036.8,1022.2
2022-03-19T13:00,12.3,0.00,44,0.5,8.3,0.00,0.00,0.00,0,0,0,0,0,17.1,56,55,23.9,43.2,1,3600.00,1035.9,1021.4
2022-03-19T14:00,12.4,0.00,41,-0.5,7.9,0.00,0.00,0.00,0,9,0,6,7,18.4,57,55,26.3,40.3,1,3600.00,1034.6,1020.1
2022-03-19T15:00,12.0,0.00,37,-2.1,6.6,0.00,0.00,0.00,0,12,0,12,0,20.4,55,54,29.5,43.6,1,3600.00,1033.6,1019.1
2022-03-19T16:00,10.8,0.00,38,-3.1,5.1,0.00,0.00,0.00,0,1,0,1,0,21.5,57,55,31.8,45.4,1,3600.00,1033.3,1018.8
2022-03-19T17:00,9.7,0.00,37,-4.2,4.4,0.00,0.00,0.00,0,3,0,3,0,17.9,66,65,28.7,45.4,1,3600.00,1033.2,1018.6
2022-03-19T18:00,8.4,0.00,40,-4.3,3.5,0.00,0.00,0.00,0,18,0,12,6,15.0,66,63,27.2,37.1,1,3600.00,1033.1,1018.4
2022-03-19T19:00,7.0,0.00,45,-4.0,2.2,0.00,0.00,0.00,0,5,0,5,0,14.8,74,72,28.0,32.0,0,0.00,1033.2,1018.5
2022-03-19T20:00,6.1,0.00,56,-2.1,1.1,0.00,0.00,0.00,0,0,0,0,0,17.3,69,67,32.0,36.0,0,0.00,1032.8,1018.0
2022-03-19T21:00,5.7,0.00,60,-1.6,0.4,0.00,0.00,0.00,1,49,0,49,1,20.0,74,72,35.9,41.4,0,0.00,1032.4,1017.6
2022-03-19T22:00,6.1,0.00,48,-4.0,0.2,0.00,0.00,0.00,2,67,0,67,0,21.7,80,79,38.1,44.6,0,0.00,1031.6,1016.8
2022-03-19T23:00,5.7,0.00,44,-5.7,-0.4,0.00,0.00,0.00,1,20,0,20,0,22.3,80,80,39.1,45.7,0,0.00,1031.0,1016.2
2022-03-20T00:00,5.3,0.00,45,-5.7,-0.7,0.00,0.00,0.00,0,0,0,0,0,21.3,85,85,37.6,46.1,0,0.00,1030.5,1015.7
2022-03-20T01:00,4.4,0.00,47,-6.1,-1.0,0.00,0.00,0.00,0,7,0,10,0,16.9,88,90,32.4,43.9,0,0.00,1030.1,1015.3
2022-03-20T02:00,4.5,0.00,45,-6.3,-0.9,0.00,0.00,0.00,3,100,0,100,0,16.7,94,96,32.1,34.6,0,0.00,1029.5,1014.7
2022-03-20T03:00,5.0,0.00,45,-6.0,-0.4,0.00,0.00,0.00,3,99,0,99,0,16.8,99,100,31.3,34.6,0,0.00,1029.0,1014.2
2022-03-20T04:00,4.3,0.00,49,-5.4,-1.1,0.00,0.00,0.00,2,61,0,61,0,17.5,99,98,32.8,34.9,0,0.00,1028.4,1013.6
2022-03-20T05:00,4.1,0.00,53,-4.6,-1.3,0.00,0.00,0.00,2,52,0,52,0,18.4,102,101,35.0,37.4,0,0.00,1028.3,1013.5
2022-03-20T06:00,4.3,0.00,55,-3.9,-1.1,0.00,0.00,0.00,3,100,0,100,0,19.0,108,105,35.5,38.9,0,0.00,1028.2,1013.4
2022-03-20T07:00,4.6,0.00,58,-3.0,-0.7,0.00,0.00,0.00,3,100,86,100,0,18.8,115,110,34.5,38.9,1,0.00,1028.5,1013.7
2022-03-20T08:00,5.6,0.00,60,-1.5,1.0,0.00,0.00,0.00,2,69,66,43,0,15.6,122,116,35.6,38.2,1,470.90,1029.1,1014.3
2022-03-20T09:00,7.4,0.00,59,-0.1,3.1,0.00,0.00,0.00,1,41,38,9,0,15.0,120,117,24.8,32.8,1,3600.00,1029.4,1014.7
2022-03-20T10:00,10.0,0.00,54,1.1,6.2,0.00,0.00,0.00,3,86,4,85,11,12.8,130,128,18.4,31.7,1,3600.00,1029.4,1014.9
2022-03-20T11:00,10.8,0.00,55,2.0,7.2,0.00,0.00,0.00,1,38,0,37,14,12.4,128,126,18.2,29.2,1,515.60,1029.7,1015.2
2022-03-20T12:00,13.6,0.00,47,2.5,9.8,0.00,0.00,0.00,0,4,0,0,4,14.1,142,140,20.0,32.0,1,3600.00,1029.3,1014.9
2022-03-20T13:00,14.1,0.00,51,4.2,12.0,0.00,0.00,0.00,2,77,0,50,0,8.3,149,146,11.3,37.8,1,3600.00,1029.6,1015.3
2022-03-20T14:00,15.4,0.00,48,4.4,12.9,0.00,0.00,0.00,0,9,0,9,0,8.2,159,157,10.8,21.2,1,3600.00,1028.9,1014.6
2022-03-20T15:00,16.0,0.00,47,4.6,13.3,0.00,0.00,0.00,1,42,0,42,2,9.0,153,151,12.1,21.2,1,3600.00,1028.7,1014.5
2022-03-20T16:00,15.8,0.00,48,4.9,13.1,0.00,0.00,0.00,3,80,0,79,4,10.0,151,150,14.8,23.0,1,3600.00,1028.6,1014.4
2022-03-20T17:00,15.2,0.00,52,5.4,13.0,0.00,0.00,0.00,2,63,0,63,0,7.5,128,125,14.6,22.7,1,3600.00,1028.4,1014.1
2022-03-20T18:00,13.4,0.00,58,5.4,11.1,0.00,0.00,0.00,2,76,0,76,5,7.8,107,103,19.2,16.9,1,3317.16,1028.8,1014.4
2022-03-20T19:00,12.4,0.00,55,3.7,9.1,0.00,0.00,0.00,1,29,0,29,8,12.8,107,100,27.8,24.8,0,0.00,1029.1,1014.7
2022-03-20T20:00,11.7,0.00,48,0.9,7.4,0.00,0.00,0.00,0,12,0,12,2,15.9,115,108,32.5,32.4,0,0.00,1029.6,1015.1
2022-03-20T21:00,10.3,0.00,50,0.3,6.0,0.00,0.00,0.00,0,1,0,1,0,14.7,111,107,30.9,32.4,0,0.00,1030.2,1015.7
2022-03-20T22:00,9.0,0.00,53,-0.1,4.5,0.00,0.00,0.00,0,7,0,7,0,16.0,109,104,32.0,31.3,0,0.00,1030.7,1016.1
2022-03-20T23:00,8.2,0.00,54,-0.6,3.5,0.00,0.00,0.00,0,0,0,0,0,16.7,108,104,32.9,33.1,0,0.00,1031.2,1016.5
2022-03-21T00:00,7.4,0.00,55,-1.1,2.6,0.00,0.00,0.00,0,0,0,0,0,17.1,111,105,33.5,34.2,0,0.00,1031.6,1016.9
2022-03-21T01:00,7.8,0.00,48,-2.5,3.0,0.00,0.00,0.00,0,0,0,1,0,15.9,114,108,32.2,34.6,0,0.00,1031.1,1016.4
2022-03-21T02:00,7.4,0.00,48,-3.0,2.4,0.00,0.00,0.00,1,25,0,25,0,16.6,113,108,32.6,32.8,0,0.00,1031.2,1016.5
2022-03-21T03:00,6.8,0.00,48,-3.5,1.9,0.00,0.00,0.00,2,62,0,62,0,15.7,112,106,31.2,33.5,0,0.00,1031.2,1016.5
2022-03-21T04:00,6.5,0.00,48,-3.8,1.7,0.00,0.00,0.00,2,60,0,60,0,14.9,114,110,28.8,31.0,0,0.00,1031.3,1016.6
2022-03-21T05:00,6.3,0.00,48,-4.0,1.5,0.00,0.00,0.00,1,26,0,26,0,14.5,113,109,27.4,29.9,0,0.00,1031.7,1016.9
2022-03-21T06:00,5.1,0.00,51,-4.3,0.5,0.00,0.00,0.00,0,0,0,0,0,12.5,109,108,24.8,28.1,0,0.00,1032.1,1017.3
2022-03-21T07:00,4.6,0.00,54,-3.9,0.1,0.00,0.00,0.00,0,6,0,6,0,12.3,107,105,24.5,24.5,1,0.00,1032.8,1017.9
2022-03-21T08:00,5.7,0.00,59,-1.8,1.5,0.00,0.00,0.00,0,0,0,0,0,12.2,110,109,25.6,24.1,1,3600.00,1033.3,1018.5
2022-03-21T09:00,7.9,0.00,56,-0.4,4.5,0.00,0.00,0.00,0,0,0,0,0,8.4,114,115,15.8,23.0,1,3600.00,1033.8,1019.1
2022-03-21T10:00,10.4,0.00,54,1.5,7.7,0.00,0.00,0.00,0,0,0,0,0,5.5,120,122,7.9,19.4,1,3600.00,1033.7,1019.1
2022-03-21T11:00,12.4,0.00,52,2.9,10.3,0.00,0.00,0.00,0,0,0,0,0,3.6,135,135,4.6,15.8,1,3600.00,1033.3,1018.8
2022-03-21T12:00,14.1,0.00,52,4.4,12.8,0.00,0.00,0.00,0,0,0,0,0,3.1,128,135,4.1,13.7,1,3600.00,1032.9,1018.5
2022-03-21T13:00,15.4,0.00,43,2.9,13.8,0.00,0.00,0.00,0,0,89,0,0,4.4,120,125,5.8,13.7,1,3600.00,1032.3,1018.0
2022-03-21T14:00,16.1,0.00,43,3.5,14.4,0.00,0.00,0.00,3,100,100,0,0,3.8,103,107,4.8,14.8,1,3600.00,1031.6,1017.3
2022-03-21T15:00,16.5,0.00,42,3.7,14.4,0.00,0.00,0.00,3,100,100,0,0,4.0,94,95,5.1,13.0,1,3600.00,1031.2,1017.0
2022-03-21T16:00,16.4,0.00,43,3.8,14.2,0.00,0.00,0.00,3,100,100,0,0,5.1,93,94,6.8,12.6,1,3600.00,1030.8,1016.6
2022-03-21T17:00,15.7,0.00,51,5.4,13.8,0.00,0.00,0.00,3,100,100,0,0,4.9,102,107,10.3,13.3,1,3600.00,1030.5,1016.2
2022-03-21T18:00,12.9,0.00,62,5.7,11.0,0.00,0.00,0.00,3,99,99,0,0,5.8,108,112,13.7,11.2,1,3600.00,1030.8,1016.4
2022-03-21T19:00,10.9,0.00,57,2.7,7.9,0.00,0.00,0.00,3,80,80,0,0,9.4,88,86,21.3,17.3,0,0.00,1031.2,1016.7
2022-03-21T20:00,10.1,0.00,48,-0.4,6.0,0.00,0.00,0.00,1,33,33,0,0,12.6,86,85,28.1,25.2,0,0.00,1031.7,1017.1
2022-03-21T21:00,9.2,0.00,48,-1.3,5.0,0.00,0.00,0.00,1,30,30,0,0,12.6,91,87,28.4,25.2,0,0.00,1032.0,1017.4
2022-03-21T22:00,8.6,0.00,47,-2.0,4.2,0.00,0.00,0.00,0,1,1,0,0,13.7,94,90,29.6,27.0,0,0.00,1032.3,1017.7
2022-03-21T23:00,7.8,0.00,48,-2.4,3.4,0.00,0.00,0.00,0,0,0,0,0,13.1,99,99,28.4,27.0,0,0.00,1032.5,1017.8
2022-03-22T00:00,6.6,0.00,53,-2.3,2.6,0.00,0.00,0.00,0,0,0,0,0,10.3,101,102,24.6,26.3,0,0.00,1032.7,1017.9
2022-03-22T01:00,5.1,0.00,61,-1.9,1.6,0.00,0.00,0.00,0,0,0,0,0,7.2,96,87,19.9,20.9,0,0.00,1032.2,1017.4
2022-03-22T02:00,3.1,0.00,70,-1.9,-0.3,0.00,0.00,0.00,0,0,0,0,0,6.6,92,81,13.7,16.9,0,0.00,1032.3,1017.4
2022-03-22T03:00,2.5,0.00,72,-2.1,-0.7,0.00,0.00,0.00,0,0,0,0,0,5.2,104,102,12.2,11.9,0,0.00,1032.2,1017.2
2022-03-22T04:00,2.1,0.00,73,-2.3,-1.2,0.00,0.00,0.00,0,0,0,0,0,6.1,93,90,14.4,12.2,0,0.00,1032.2,1017.2
2022-03-22T05:00,2.1,0.00,72,-2.4,-1.4,0.00,0.00,0.00,0,0,0,0,0,6.8,90,87,17.3,13.7,0,0.00,1032.5,1017.5
2022-03-22T06:00,1.8,0.00,72,-2.7,-1.7,0.00,0.00,0.00,0,0,0,0,0,6.5,96,93,18.4,13.7,0,0.00,1032.7,1017.7
2022-03-22T07:00,2.3,0.00,71,-2.4,-1.1,0.00,0.00,0.00,0,0,0,0,0,6.2,99,97,18.2,13.0,1,0.00,1033.0,1018.0
2022-03-22T08:00,4.9,0.00,64,-1.3,1.7,0.00,0.00,0.00,0,0,0,0,0,6.1,98,93,16.3,14.0,1,3600.00,1033.2,1018.3
2022-03-22T09:00,7.2,0.00,59,-0.3,4.5,0.00,0.00,0.00,0,0,0,0,0,3.2,90,90,6.1,13.0,1,3600.00,1033.5,1018.8
2022-03-22T10:00,9.3,0.00,56,0.9,6.9,0.00,0.00,0.00,0,0,0,0,0,2.9,86,83,4.7,12.6,1,3600.00,1033.4,1018.8
2022-03-22T11:00,11.2,0.00,52,1.8,9.2,0.00,0.00,0.00,0,0,0,0,0,2.2,84,81,3.6,13.0,1,3600.00,1033.2,1018.7
2022-03-22T12:00,12.8,0.00,50,2.8,11.7,0.00,0.00,0.00,0,0,0,0,0,0.8,63,27,1.6,12.2,1,3600.00,1032.8,1018.4
2022-03-22T13:00,14.8,0.00,42,2.0,13.6,0.00,0.00,0.00,0,0,0,0,0,2.1,315,301,2.0,11.5,1,3600.00,1031.6,1017.3
2022-03-22T14:00,15.6,0.00,44,3.3,14.3,0.00,0.00,0.00,0,0,0,0,0,2.7,300,293,2.9,12.6,1,3600.00,1031.1,1016.8
2022-03-22T15:00,16.0,0.00,44,3.8,14.1,0.00,0.00,0.00,0,0,0,0,0,3.7,304,299,3.9,12.6,1,3600.00,1030.6,1016.3
2022-03-22T16:00,15.8,0.00,46,4.2,13.7,0.00,0.00,0.00,0,0,0,0,0,4.9,313,306,5.9,13.7,1,3600.00,1030.2,1015.9
2022-03-22T17:00,14.9,0.00,53,5.3,12.9,0.00,0.00,0.00,0,0,0,0,0,5.6,313,310,8.4,13.7,1,3600.00,1029.9,1015.6
2022-03-22T18:00,12.2,0.00,66,6.1,10.3,0.00,0.00,0.00,0,0,0,0,0,6.6,324,319,14.7,13.3,1,3600.00,1030.4,1016.0
2022-03-22T19:00,9.3,0.00,72,4.6,7.0,0.00,0.00,0.00,0,0,0,0,0,6.5,347,360,14.1,12.2,0,104.82,1030.8,1016.2
2022-03-22T20:00,9.0,0.00,71,4.1,6.6,0.00,0.00,0.00,0,0,0,0,0,7.2,8,37,13.4,14.0,0,0.00,1030.9,1016.3
2022-03-22T21:00,7.4,0.00,75,3.3,4.8,0.00,0.00,0.00,0,0,0,0,0,7.1,50,60,11.8,14.4,0,0.00,1031.0,1016.3
2022-03-22T22:00,5.8,0.00,74,1.6,2.9,0.00,0.00,0.00,0,0,0,0,0,7.3,95,81,13.0,14.0,0,0.00,1031.2,1016.4
2022-03-22T23:00,5.2,0.00,70,0.1,2.1,0.00,0.00,0.00,0,0,0,0,0,6.8,105,93,13.8,14.0,0,0.00,1031.1,1016.3
2022-03-23T00:00,4.3,0.00,71,-0.6,1.2,0.00,0.00,0.00,0,0,0,0,0,5.8,107,97,13.2,13.7,0,0.00,1031.2,1016.3
2022-03-23T01:00,4.6,0.00,66,-1.3,1.0,0.00,0.00,0.00,0,0,0,0,0,8.9,113,104,16.5,10.8,0,0.00,1030.3,1015.5
2022-03-23T02:00,2.7,0.00,71,-2.0,-0.8,0.00,0.00,0.00,0,0,0,0,0,6.8,107,87,10.9,15.8,0,0.00,1030.6,1015.7
2022-03-23T03:00,2.1,0.00,72,-2.4,-1.1,0.00,0.00,0.00,0,0,0,0,0,5.0,68,69,5.8,10.4,0,0.00,1030.6,1015.6
2022-03-23T04:00,1.9,0.00,72,-2.6,-1.1,0.00,0.00,0.00,0,0,0,0,0,3.2,43,90,5.9,7.9,0,0.00,1030.6,1015.6
2022-03-23T05:00,2.1,0.00,70,-2.8,-0.9,0.00,0.00,0.00,0,0,0,0,0,3.3,23,103,4.7,7.2,0,0.00,1030.9,1015.9
2022-03-23T06:00,4.4,0.00,55,-3.8,1.5,0.00,0.00,0.00,0,0,0,0,0,1.3,342,124,4.6,5.4,0,0.00,1031.4,1016.5
2022-03-23T07:00,2.8,0.00,69,-2.2,0.1,0.00,0.00,0.00,0,0,0,0,0,1.8,304,169,1.3,2.5,1,1.25,1031.9,1017.0
2022-03-23T08:00,5.1,0.00,67,-0.5,2.4,0.00,0.00,0.00,0,0,0,0,0,3.0,171,166,2.2,8.3,1,3600.00,1032.3,1017.5
2022-03-23T09:00,7.8,0.00,60,0.6,5.4,0.00,0.00,0.00,0,0,0,0,0,2.6,148,164,4.7,10.4,1,3600.00,1032.5,1017.8
2022-03-23T10:00,10.4,0.00,54,1.5,8.2,0.00,0.00,0.00,0,0,0,0,0,2.2,173,189,2.9,11.5,1,3600.00,1032.4,1017.8
2022-03-23T11:00,12.6,0.00,51,2.7,10.7,0.00,0.00,0.00,0,0,0,0,0,2.1,194,211,3.0,12.2,1,3600.00,1032.3,1017.9
2022-03-23T12:00,14.3,0.00,49,3.7,13.2,0.00,0.00,0.00,0,0,0,0,0,2.4,236,243,2.6,12.6,1,3600.00,1032.0,1017.6
2022-03-23T13:00,16.0,0.00,42,3.2,14.6,0.00,0.00,0.00,0,0,0,0,0,4.9,288,287,5.7,13.0,1,3600.00,1030.8,1016.5
2022-03-23T14:00,16.8,0.00,41,3.6,15.2,0.00,0.00,0.00,0,0,0,0,0,5.1,313,309,6.4,16.6,1,3600.00,1030.1,1015.9
2022-03-23T15:00,17.2,0.00,41,3.9,15.1,0.00,0.00,0.00,0,0,0,0,0,5.9,323,317,7.7,16.2,1,3600.00,1029.5,1015.3
2022-03-23T16:00,17.2,0.00,43,4.6,14.8,0.00,0.00,0.00,0,0,0,0,0,7.3,332,327,9.8,16.9,1,3600.00,1028.8,1014.6
2022-03-23T17:00,16.4,0.00,49,5.6,14.4,0.00,0.00,0.00,0,0,0,0,0,6.1,327,320,12.0,16.9,1,3600.00,1028.5,1014.3
2022-03-23T18:00,13.6,0.00,59,5.7,11.6,0.00,0.00,0.00,0,0,0,0,0,6.4,331,322,16.1,13.3,1,3600.00,1028.9,1014.6
2022-03-23T19:00,10.3,0.00,64,3.9,7.9,0.00,0.00,0.00,0,0,0,0,0,6.9,352,9,17.5,13.3,0,175.38,1029.2,1014.7
2022-03-23T20:00,9.3,0.00,66,3.3,6.6,0.00,0.00,0.00,0,0,0,0,0,7.8,28,56,15.1,15.1,0,0.00,1029.5,1014.9
2022-03-23T21:00,7.6,0.00,65,1.5,4.5,0.00,0.00,0.00,0,0,0,0,0,7.7,45,62,13.7,15.5,0,0.00,1029.5,1014.8
2022-03-23T22:00,6.5,0.00,62,-0.4,3.1,0.00,0.00,0.00,0,0,0,0,0,7.8,47,68,13.2,14.8,0,0.00,1029.6,1014.9
2022-03-23T23:00,5.8,0.00,58,-1.8,2.4,0.00,0.00,0.00,0,0,0,0,0,6.7,46,74,12.0,14.8,0,0.00,1029.5,1014.7
2022-03-24T00:00,3.6,0.00,70,-1.4,0.5,0.00,0.00,0.00,0,0,0,0,0,5.0,41,90,6.6,13.0,0,0.00,1029.7,1014.8
2022-03-24T01:00,3.4,0.00,71,-1.4,0.3,0.00,0.00,0.00,0,0,0,0,0,5.2,117,115,1.6,8.3,0,0.00,1029.0,1014.1
2022-03-24T02:00,3.5,0.00,68,-1.9,0.5,0.00,0.00,0.00,0,0,0,0,0,4.1,157,105,4.7,9.0,0,0.00,1028.9,1014.0
2022-03-24T03:00,2.4,0.00,74,-1.7,-0.4,0.00,0.00,0.00,0,0,0,0,0,2.9,126,83,3.1,8.6,0,0.00,1028.7,1013.8
2022-03-24T04:00,1.4,0.00,81,-1.5,-1.4,0.00,0.00,0.00,0,0,0,0,0,2.9,135,90,0.5,7.2,0,0.00,1028.7,1013.7
2022-03-24T05:00,3.3,0.00,67,-2.1,0.6,0.00,0.00,0.00,0,0,0,0,0,2.2,323,81,3.6,5.4,0,0.00,1029.1,1014.2
2022-03-24T06:00,3.2,0.00,66,-2.5,0.2,0.00,0.00,0.00,0,0,0,0,0,3.6,331,84,3.7,5.4,0,0.00,1029.1,1014.2
2022-03-24T07:00,3.0,0.00,73,-1.4,0.3,0.00,0.00,0.00,0,0,0,0,0,2.3,292,108,1.9,5.4,1,46.17,1029.3,1014.4
2022-03-24T08:00,6.2,0.00,68,0.7,3.9,0.00,0.00,0.00,0,0,0,0,0,1.8,207,191,1.6,6.1,1,3600.00,1029.6,1014.9
2022-03-24T09:00,8.7,0.00,61,1.5,6.4,0.00,0.00,0.00,0,0,0,0,0,2.3,174,198,3.3,9.7,1,3600.00,1029.7,1015.1
2022-03-24T10:00,10.9,0.00,57,2.7,8.9,0.00,0.00,0.00,0,0,0,0,0,2.5,207,225,3.2,11.9,1,3600.00,1029.8,1015.3
2022-03-24T11:00,13.0,0.00,54,3.9,11.3,0.00,0.00,0.00,0,0,0,0,0,3.3,265,264,4.0,14.0,1,3600.00,1029.7,1015.3
2022-03-24T12:00,14.7,0.00,51,4.8,13.5,0.00,0.00,0.00,0,0,0,0,0,4.3,298,294,5.3,15.8,1,3600.00,1029.2,1014.9
2022-03-24T13:00,16.7,0.00,45,4.8,15.5,0.00,0.00,0.00,0,0,0,0,0,5.5,306,302,6.7,17.6,1,3600.00,1028.5,1014.3
2022-03-24T14:00,17.6,0.00,43,5.0,16.1,0.00,0.00,0.00,0,0,0,0,0,6.9,320,313,8.9,18.7,1,3600.00,1027.7,1013.6
2022-03-24T15:00,18.0,0.00,37,3.1,15.5,0.00,0.00,0.00,0,0,0,0,0,8.0,329,324,10.5,19.8,1,3600.00,1027.1,1013.0
2022-03-24T16:00,17.8,0.00,35,2.3,14.9,0.00,0.00,0.00,0,0,0,0,0,7.7,335,332,11.1,19.8,1,3600.00,1026.4,1012.3
2022-03-24T17:00,16.7,0.00,42,3.9,14.3,0.00,0.00,0.00,0,0,0,0,0,6.8,339,335,13.9,18.4,1,3600.00,1026.2,1012.0
2022-03-24T18:00,14.0,0.00,53,4.6,11.7,0.00,0.00,0.00,0,0,0,0,0,6.8,343,342,17.3,15.1,1,3600.00,1026.8,1012.5
2022-03-24T19:00,10.9,0.00,58,3.0,8.2,0.00,0.00,0.00,0,0,0,0,0,7.2,352,6,18.2,14.0,0,257.10,1027.1,1012.6
2022-03-24T20:00,9.9,0.00,62,2.8,7.0,0.00,0.00,0.00,0,0,0,0,0,8.1,12,45,17.7,15.8,0,0.00,1027.4,1012.9
2022-03-24T21:00,8.5,0.00,65,2.2,5.6,0.00,0.00,0.00,0,0,0,0,0,7.8,47,56,16.3,16.9,0,0.00,1027.5,1012.9
2022-03-24T22:00,6.5,0.00,70,1.5,3.7,0.00,0.00,0.00,0,0,0,0,0,6.2,9,21,13.8,14.8,0,0.00,1027.8,1013.1
2022-03-24T23:00,5.9,0.00,70,0.9,3.0,0.00,0.00,0.00,0,0,0,0,0,6.3,350,13,16.5,13.0,0,0.00,1027.8,1013.1
2022-03-25T00:00,5.2,0.00,71,0.4,2.1,0.00,0.00,0.00,0,0,0,0,0,7.4,355,39,13.0,13.0,0,0.00,1028.1,1013.3
2022-03-25T01:00,5.9,0.00,75,1.9,2.5,0.00,0.00,0.00,0,0,0,0,0,10.4,5,20,16.3,10.8,0,0.00,1027.4,1012.7
2022-03-25T02:00,4.1,0.00,81,1.2,1.1,0.00,0.00,0.00,0,0,0,0,0,7.2,61,90,9.0,15.1,0,0.00,1027.5,1012.7
2022-03-25T03:00,5.6,0.00,71,0.7,3.1,0.00,0.00,0.00,0,0,0,0,0,3.2,79,90,1.8,10.4,0,0.00,1027.3,1012.6
2022-03-25T04:00,3.9,0.00,77,0.2,1.3,0.00,0.00,0.00,0,0,0,0,0,3.6,104,90,1.5,6.1,0,0.00,1027.5,1012.7
2022-03-25T05:00,5.4,0.00,68,-0.1,2.9,0.00,0.00,0.00,0,0,0,0,0,1.9,191,112,1.8,5.8,0,0.00,1027.6,1012.9
2022-03-25T06:00,4.9,0.00,70,-0.2,2.6,0.00,0.00,0.00,0,0,0,0,0,0.4,360,90,0.7,3.6,0,0.00,1027.8,1013.0
2022-03-25T07:00,3.3,0.00,80,0.3,1.0,0.00,0.00,0.00,0,0,0,0,0,1.6,34,63,2.6,2.9,1,107.49,1028.4,1013.5
2022-03-25T08:00,5.9,0.00,79,2.5,4.1,0.00,0.00,0.00,0,0,0,0,0,0.8,54,297,3.1,6.1,1,3600.00,1028.7,1014.0
2022-03-25T09:00,8.6,0.00,67,2.8,6.7,0.00,0.00,0.00,0,0,0,0,0,1.5,270,256,0.4,9.0,1,3600.00,1028.8,1014.2
2022-03-25T10:00,11.0,0.00,63,4.2,9.3,0.00,0.00,0.00,0,0,0,0,0,2.2,281,270,1.8,11.9,1,3600.00,1028.9,1014.4
2022-03-25T11:00,13.2,0.00,60,5.6,11.9,0.00,0.00,0.00,0,0,0,0,0,2.9,319,300,3.3,13.7,1,3600.00,1028.8,1014.4
2022-03-25T12:00,15.1,0.00,58,6.8,14.5,0.00,0.00,0.00,0,0,0,0,0,3.8,333,319,4.8,15.1,1,3600.00,1028.3,1014.0
2022-03-25T13:00,17.0,0.00,50,6.6,16.1,0.00,0.00,0.00,0,1,0,3,0,6.1,327,320,7.3,16.6,1,3600.00,1027.6,1013.4
2022-03-25T14:00,18.2,0.00,40,4.3,17.0,0.00,0.00,0.00,1,32,0,32,0,3.9,343,326,4.9,18.0,1,3600.00,1026.9,1012.8
2022-03-25T15:00,18.6,0.00,33,2.2,16.3,0.00,0.00,0.00,0,17,0,17,0,3.8,54,41,4.9,13.7,1,3600.00,1026.3,1012.2
2022-03-25T16:00,18.2,0.00,33,1.5,15.1,0.00,0.00,0.00,0,7,0,7,0,8.4,71,70,12.2,18.7,1,3600.00,1026.0,1011.9
2022-03-25T17:00,17.0,0.00,37,2.3,14.0,0.00,0.00,0.00,0,2,0,2,0,8.9,66,63,16.6,22.3,1,3600.00,1026.1,1012.0
2022-03-25T18:00,14.5,0.00,47,3.4,11.8,0.00,0.00,0.00,0,0,0,0,0,7.4,56,51,18.7,19.4,1,3600.00,1026.5,1012.2
2022-03-25T19:00,12.1,0.00,49,1.6,8.8,0.00,0.00,0.00,0,0,0,0,0,9.5,59,53,22.8,19.4,0,269.26,1027.0,1012.6
2022-03-25T20:00,10.0,0.00,53,0.7,6.7,0.00,0.00,0.00,0,0,0,0,0,8.4,75,65,19.4,19.4,0,0.00,1027.4,1012.9
2022-03-25T21:00,9.0,0.00,53,-0.0,5.4,0.00,0.00,0.00,0,0,0,0,0,10.1,69,63,23.6,19.8,0,0.00,1027.8,1013.2
2022-03-25T22:00,9.7,0.00,51,0.0,5.4,0.00,0.00,0.00,0,0,0,0,0,14.9,69,70,32.5,28.8,0,0.00,1028.2,1013.7
2022-03-25T23:00,9.7,0.00,50,-0.3,5.1,0.00,0.00,0.00,0,0,0,0,0,16.2,76,78,33.1,32.0,0,0.00,1028.7,1014.2
2022-03-26T00:00,9.1,0.00,51,-0.5,4.7,0.00,0.00,0.00,0,0,0,0,0,14.8,76,76,31.5,32.4,0,0.00,1029.0,1014.4
2022-03-26T01:00,9.6,0.00,47,-1.2,5.3,0.00,0.00,0.00,0,0,0,0,0,13.6,79,78,30.1,29.9,0,0.00,1028.6,1014.1
2022-03-26T02:00,8.6,0.00,51,-1.1,5.0,0.00,0.00,0.00,0,0,0,0,0,9.0,76,67,24.1,27.7,0,0.00,1028.8,1014.2
2022-03-26T03:00,5.7,0.00,67,0.1,2.3,0.00,0.00,0.00,0,0,0,0,0,9.0,78,67,17.3,19.1,0,0.00,1028.9,1014.2
2022-03-26T04:00,7.6,0.00,54,-1.2,4.3,0.00,0.00,0.00,0,0,0,0,0,6.8,90,87,13.3,15.5,0,0.00,1029.0,1014.3
2022-03-26T05:00,4.8,0.00,67,-0.7,1.7,0.00,0.00,0.00,0,0,0,0,0,5.8,77,30,10.0,12.2,0,0.00,1029.1,1014.3
2022-03-26T06:00,2.9,0.00,77,-0.7,-0.4,0.00,0.00,0.00,0,0,0,0,0,7.2,83,53,12.0,12.2,0,0.00,1029.3,1014.4
2022-03-26T07:00,4.3,0.00,75,0.3,1.5,0.00,0.00,0.00,0,0,0,0,0,4.6,71,39,13.3,13.0,1,257.29,1029.8,1015.0
2022-03-26T08:00,7.6,0.00,66,1.6,5.1,0.00,0.00,0.00,0,0,0,0,0,4.3,80,42,13.9,12.2,1,3600.00,1030.2,1015.5
2022-03-26T09:00,10.6,0.00,59,2.9,8.8,0.00,0.00,0.00,0,0,0,0,0,1.0,81,45,4.4,10.8,1,3600.00,1030.2,1015.7
2022-03-26T10:00,13.1,0.00,56,4.5,11.5,0.00,0.00,0.00,0,0,0,0,0,1.4,27,360,2.4,10.1,1,3600.00,1030.2,1015.8
2022-03-26T11:00,15.2,0.00,50,5.0,13.7,0.00,0.00,0.00,0,0,0,0,0,4.1,30,15,5.8,14.4,1,3600.00,1030.0,1015.7
2022-03-26T12:00,16.6,0.00,37,1.7,14.1,0.00,0.00,0.00,0,0,0,0,0,9.2,60,59,12.4,22.3,1,3600.00,1029.5,1015.3
2022-03-26T13:00,18.0,0.00,30,0.3,15.2,0.00,0.00,0.00,0,0,0,0,0,10.9,58,56,14.4,29.9,1,3600.00,1028.9,1014.8
2022-03-26T14:00,17.8,0.00,31,0.6,14.7,0.00,0.00,0.00,0,0,0,0,0,12.4,65,64,17.1,29.5,1,3600.00,1028.5,1014.4
2022-03-26T15:00,18.0,0.00,32,1.1,14.7,0.00,0.00,0.00,0,0,0,0,0,11.1,62,61,15.5,28.8,1,3600.00,1028.0,1013.9
2022-03-26T16:00,17.8,0.00,33,1.4,14.3,0.00,0.00,0.00,0,0,0,0,0,10.7,53,50,15.7,25.2,1,3600.00,1027.6,1013.5
2022-03-26T17:00,17.0,0.00,38,2.5,13.8,0.00,0.00,0.00,0,0,0,0,0,9.9,48,46,17.8,24.1,1,3600.00,1027.6,1013.4
2022-03-26T18:00,14.6,0.00,50,4.2,12.2,0.00,0.00,0.00,0,0,0,0,0,7.1,51,45,18.2,21.6,1,3600.00,1028.1,1013.8
2022-03-26T19:00,11.7,0.00,55,2.9,8.9,0.00,0.00,0.00,0,0,0,0,0,7.9,57,51,18.5,15.8,0,450.99,1028.6,1014.2
2022-03-26T20:00,10.0,0.00,61,2.8,7.1,0.00,0.00,0.00,0,0,0,0,0,8.8,60,55,18.7,17.6,0,0.00,1028.9,1014.4
2022-03-26T21:00,9.1,0.00,64,2.7,6.0,0.00,0.00,0.00,0,0,0,0,0,9.9,60,57,21.6,19.4,0,0.00,1029.4,1014.8
2022-03-26T22:00,8.9,0.00,65,2.8,5.8,0.00,0.00,0.00,0,0,0,0,0,10.1,64,63,24.0,20.9,0,0.00,1029.9,1015.3
2022-03-26T23:00,8.9,0.00,65,2.7,5.8,0.00,0.00,0.00,0,0,0,0,0,10.0,69,69,25.1,20.9,0,0.00,1030.1,1015.5
2022-03-27T00:00,8.8,0.00,64,2.4,5.6,0.00,0.00,0.00,0,0,0,0,0,9.6,73,77,24.8,20.9,0,0.00,1030.3,1015.7
2022-03-27T01:00,10.0,0.00,58,2.2,6.5,0.00,0.00,0.00,0,0,0,0,0,11.5,75,76,27.6,20.2,0,0.00,1029.4,1014.9
2022-03-27T02:00,9.4,0.00,62,2.4,6.2,0.00,0.00,0.00,0,0,0,0,0,9.8,80,82,26.0,23.4,0,0.00,1029.3,1014.7
2022-03-27T03:00,7.8,0.00,69,2.5,5.1,0.00,0.00,0.00,0,0,0,0,0,6.9,88,99,21.3,21.2,0,0.00,1029.1,1014.5
2022-03-27T04:00,5.8,0.00,79,2.4,2.9,0.00,0.00,0.00,0,0,0,0,0,7.6,96,109,16.7,15.5,0,0.00,1029.4,1014.6
2022-03-27T05:00,4.9,0.00,82,2.1,2.0,0.00,0.00,0.00,0,0,0,0,0,7.8,85,77,15.5,14.8,0,0.00,1029.4,1014.6
2022-03-27T06:00,4.1,0.00,84,1.7,1.1,0.00,0.00,0.00,0,0,0,0,0,8.1,88,77,13.3,14.4,0,0.00,1029.6,1014.8
2022-03-27T07:00,5.6,0.00,82,2.8,3.1,0.00,0.00,0.00,0,0,0,0,0,5.8,96,94,10.5,14.0,1,355.80,1030.2,1015.4
2022-03-27T08:00,8.5,0.00,73,4.0,6.8,0.00,0.00,0.00,0,0,0,0,0,2.3,103,219,8.1,10.8,1,3600.00,1030.3,1015.7
2022-03-27T09:00,11.1,0.00,66,5.0,9.8,0.00,0.00,0.00,0,0,0,0,0,0.4,76,270,1.5,7.9,1,3600.00,1030.3,1015.8
2022-03-27T10:00,13.7,0.00,62,6.4,12.5,0.00,0.00,0.00,0,0,0,0,0,2.1,54,31,3.1,10.8,1,3600.00,1030.1,1015.7
2022-03-27T11:00,16.1,0.00,56,7.3,15.2,0.00,0.00,0.00,0,0,0,0,0,3.5,74,66,5.2,13.7,1,3600.00,1029.8,1015.6
2022-03-27T12:00,17.7,0.00,47,6.2,16.8,0.00,0.00,0.00,0,0,0,0,0,4.7,90,90,6.8,16.2,1,3600.00,1029.1,1015.0
2022-03-27T13:00,19.1,0.00,39,4.8,18.0,0.00,0.00,0.00,0,0,0,0,0,5.1,84,86,6.5,16.6,1,3600.00,1028.3,1014.2
2022-03-27T14:00,19.6,0.00,39,5.1,18.4,0.00,0.00,0.00,0,0,0,0,0,5.1,84,82,6.9,15.8,1,3600.00,1027.7,1013.7
2022-03-27T15:00,19.7,0.00,39,5.2,18.0,0.00,0.00,0.00,0,0,0,0,0,5.4,84,86,7.2,15.8,1,3600.00,1027.2,1013.2
2022-03-27T16:00,19.6,0.00,41,5.8,17.6,0.00,0.00,0.00,0,0,0,0,0,6.1,88,90,8.3,15.5,1,3600.00,1026.7,1012.7
2022-03-27T17:00,19.0,0.00,47,7.4,17.5,0.00,0.00,0.00,0,0,0,0,0,5.0,90,90,9.4,15.1,1,3600.00,1026.3,1012.3
2022-03-27T18:00,16.5,0.00,64,9.7,15.6,0.00,0.00,0.00,0,0,0,0,0,5.4,93,90,12.3,12.6,1,3600.00,1026.5,1012.3
2022-03-27T19:00,14.0,0.00,65,7.4,12.2,0.00,0.00,0.00,0,0,0,0,0,7.3,91,81,17.3,13.3,0,469.82,1026.6,1012.3
2022-03-27T20:00,12.9,0.00,67,6.9,10.7,0.00,0.00,0.00,0,0,0,0,0,9.5,83,79,21.7,18.7,0,0.00,1026.9,1012.5
2022-03-27T21:00,11.9,0.00,70,6.5,9.7,0.00,0.00,0.00,0,0,0,0,0,9.0,88,85,18.7,18.7,0,0.00,1027.0,1012.6
2022-03-27T22:00,10.5,0.00,75,6.3,8.4,0.00,0.00,0.00,0,0,0,0,0,7.6,106,90,15.7,17.3,0,0.00,1027.0,1012.5
2022-03-27T23:00,8.4,0.00,85,6.0,6.5,0.00,0.00,0.00,0,0,0,0,0,6.1,112,90,13.2,14.4,0,0.00,1027.3,1012.7
2022-03-28T00:00,7.4,0.00,87,5.4,5.5,0.00,0.00,0.00,0,0,0,0,0,5.2,113,102,12.1,11.2,0,0.00,1027.5,1012.9
2022-03-28T01:00,8.5,0.00,85,6.1,6.4,0.00,0.00,0.00,0,0,0,0,0,7.6,107,87,19.2,15.1,0,0.00,1026.6,1012.0
2022-03-28T02:00,7.6,0.00,89,5.8,5.6,0.00,0.00,0.00,0,0,0,0,0,6.2,111,83,16.2,15.1,0,0.00,1026.1,1011.5
2022-03-28T03:00,5.9,0.00,93,4.8,3.6,0.00,0.00,0.00,0,0,0,0,0,6.5,112,90,11.3,11.9,0,0.00,1025.8,1011.1
2022-03-28T04:00,5.8,0.00,92,4.6,3.7,0.00,0.00,0.00,0,0,0,0,0,5.4,111,98,12.0,10.8,0,0.00,1025.5,1010.8
2022-03-28T05:00,5.1,0.00,94,4.1,2.8,0.00,0.00,0.00,0,0,0,0,0,5.7,118,108,13.0,10.4,0,0.00,1025.5,1010.8
2022-03-28T06:00,4.7,0.00,95,3.9,2.5,0.00,0.00,0.00,0,0,0,0,0,5.6,126,117,15.5,11.2,0,0.00,1025.5,1010.7
2022-03-28T07:00,5.3,0.00,95,4.6,3.1,0.00,0.00,0.00,0,0,0,0,0,6.0,130,107,12.8,11.2,1,466.10,1025.6,1010.9
2022-03-28T08:00,7.9,0.00,86,5.8,6.0,0.00,0.00,0.00,0,0,0,0,0,6.0,138,123,10.7,14.4,1,3600.00,1025.5,1010.9
2022-03-28T09:00,10.6,0.00,71,5.5,8.9,0.00,0.00,0.00,0,0,0,0,0,4.2,155,160,6.0,13.3,1,3600.00,1025.1,1010.7
2022-03-28T10:00,13.0,0.00,62,5.9,11.3,0.00,0.00,0.00,0,0,0,0,0,4.7,201,203,6.2,15.8,1,3600.00,1024.6,1010.3
2022-03-28T11:00,15.1,0.00,57,6.7,13.8,0.00,0.00,0.00,0,0,0,0,0,5.4,219,217,6.9,17.6,1,3600.00,1024.0,1009.8
2022-03-28T12:00,17.0,0.00,53,7.2,16.3,0.00,0.00,0.00,0,0,0,0,0,5.1,218,219,6.4,17.6,1,3600.00,1023.0,1008.9
2022-03-28T13:00,18.8,0.00,42,5.5,18.0,0.00,0.00,0.00,0,0,0,0,0,4.6,255,252,5.6,17.3,1,3600.00,1021.8,1007.8
2022-03-28T14:00,19.4,0.00,37,4.1,18.1,0.00,0.00,0.00,0,0,0,0,0,5.0,243,240,6.4,16.2,1,3600.00,1020.7,1006.7
2022-03-28T15:00,19.7,0.00,37,4.7,17.8,0.00,0.00,0.00,0,0,0,0,0,6.6,223,221,8.9,18.0,1,3600.00,1019.6,1005.7
2022-03-28T16:00,20.1,0.00,35,4.3,17.8,0.00,0.00,0.00,1,41,41,0,0,6.6,230,225,9.4,18.0,1,3600.00,1018.6,1004.7
2022-03-28T17:00,19.6,0.00,36,4.0,17.1,0.00,0.00,0.00,0,9,9,0,0,7.1,260,255,14.3,16.6,1,3600.00,1017.9,1004.0
2022-03-28T18:00,17.0,0.00,42,4.1,14.3,0.00,0.00,0.00,0,15,15,0,0,8.7,268,265,22.0,19.1,1,3600.00,1017.6,1003.6
2022-03-28T19:00,14.1,0.00,45,2.5,11.2,0.00,0.00,0.00,3,100,100,0,0,8.0,267,265,22.0,19.1,0,681.02,1017.3,1003.1
2022-03-28T20:00,12.0,0.00,52,2.5,9.1,0.00,0.00,0.00,3,99,99,0,0,7.9,261,246,19.7,15.8,0,0.00,1017.2,1002.9
2022-03-28T21:00,10.2,0.00,63,3.4,7.4,0.00,0.00,0.00,3,100,100,0,0,8.9,255,230,17.1,14.8,0,0.00,1016.9,1002.6
2022-03-28T22:00,12.7,0.00,48,2.1,10.8,0.00,0.00,0.00,3,98,98,0,0,1.1,270,108,7.6,15.1,0,0.00,1016.6,1002.4
2022-03-28T23:00,8.2,0.00,69,2.8,5.9,0.00,0.00,0.00,3,93,93,0,0,4.7,214,122,1.3,7.2,0,0.00,1016.4,1002.0
2022-03-29T00:00,11.3,0.00,53,2.1,9.2,0.00,0.00,0.00,3,100,100,0,0,2.3,324,108,4.9,7.2,0,0.00,1016.1,1001.8
2022-03-29T01:00,10.5,0.00,58,2.7,8.4,0.00,0.00,0.00,3,100,100,0,0,3.3,340,41,5.4,7.6,0,0.00,1015.1,1000.8
2022-03-29T02:00,10.7,0.00,56,2.2,8.6,0.00,0.00,0.00,3,100,100,0,0,2.3,360,72,4.7,7.6,0,0.00,1014.4,1000.1
2022-03-29T03:00,9.7,0.00,59,2.2,7.9,0.00,0.00,0.00,3,100,100,0,0,0.5,319,135,3.3,4.7,0,0.00,1014.2,999.9
2022-03-29T04:00,9.3,0.00,61,2.1,7.3,0.00,0.00,0.00,3,100,100,0,0,1.5,350,104,6.2,4.0,0,0.00,1013.7,999.4
2022-03-29T05:00,8.7,0.00,63,2.1,6.5,0.00,0.00,0.00,3,100,100,0,0,2.6,351,16,6.9,5.8,0,0.00,1013.4,999.0
2022-03-29T06:00,7.9,0.00,67,2.1,6.0,0.00,0.00,0.00,3,100,100,0,0,0.8,349,117,3.7,5.4,0,0.00,1013.0,998.6
2022-03-29T07:00,6.5,0.00,84,4.0,4.7,0.00,0.00,0.00,3,100,100,48,0,2.2,21,81,3.1,4.0,1,0.00,1013.0,998.5
2022-03-29T08:00,8.2,0.00,75,3.9,6.3,0.00,0.00,0.00,3,100,100,1,0,2.7,126,157,3.1,7.9,1,40.38,1013.0,998.6
2022-03-29T09:00,10.0,0.00,69,4.5,8.2,0.00,0.00,0.00,3,100,100,99,0,3.2,197,207,3.8,11.5,1,3600.00,1013.2,998.9
2022-03-29T10:00,11.0,0.00,66,5.0,9.6,0.00,0.00,0.00,3,100,96,100,0,0.8,146,207,1.3,11.5,1,168.09,1013.0,998.7
2022-03-29T11:00,11.3,0.00,67,5.5,9.9,0.00,0.00,0.00,3,100,100,100,0,2.3,148,162,3.4,10.8,1,0.00,1012.6,998.4
2022-03-29T12:00,13.2,0.00,61,6.0,11.8,0.00,0.00,0.00,3,100,100,97,0,2.8,121,130,4.2,11.2,1,0.00,1011.5,997.4
2022-03-29T13:00,16.6,0.00,46,4.8,14.9,0.00,0.00,0.00,3,100,100,4,0,2.9,13,360,3.3,14.8,1,0.00,1010.1,996.2
2022-03-29T14:00,17.1,0.00,45,5.0,15.3,0.00,0.00,0.00,3,100,100,57,0,4.3,242,246,5.3,14.8,1,3600.00,1009.0,995.1
2022-03-29T15:00,17.2,0.00,44,4.8,15.1,0.00,0.00,0.00,3,100,100,100,0,5.2,254,254,6.4,16.9,1,3600.00,1008.2,994.3
2022-03-29T16:00,16.2,0.00,49,5.4,14.0,0.00,0.00,0.00,3,100,63,100,0,6.9,274,276,9.7,17.3,1,0.00,1007.7,993.8
2022-03-29T17:00,15.2,0.00,54,5.9,12.5,0.00,0.00,0.00,3,100,90,100,0,11.2,315,315,16.8,22.7,1,0.00,1007.4,993.4
2022-03-29T18:00,13.4,0.00,67,7.4,11.5,0.00,0.00,0.00,3,100,100,100,0,8.5,349,348,15.7,24.5,1,0.00,1007.5,993.4
2022-03-29T19:00,12.5,0.00,71,7.3,10.7,0.00,0.00,0.00,3,100,100,100,0,7.0,17,12,15.0,16.9,0,0.00,1007.2,993.1
2022-03-29T20:00,11.4,0.00,76,7.4,9.8,0.00,0.00,0.00,3,100,100,100,0,6.2,32,21,14.4,13.7,0,0.00,1007.0,992.9
2022-03-29T21:00,11.2,0.00,78,7.5,9.8,0.00,0.00,0.00,3,100,47,100,1,5.1,83,94,8.7,11.2,0,0.00,1007.0,992.8
2022-03-29T22:00,10.4,0.00,84,7.8,9.3,0.00,0.00,0.00,3,100,0,100,12,3.7,153,151,7.2,6.5,0,0.00,1006.9,992.7
2022-03-29T23:00,10.0,0.00,85,7.6,8.9,0.00,0.00,0.00,3,100,46,100,1,3.1,156,111,7.1,7.2,0,0.00,1006.5,992.3
2022-03-30T00:00,9.8,0.00,85,7.3,8.4,0.00,0.00,0.00,3,100,100,100,0,4.9,95,73,8.7,9.4,0,0.00,1006.0,991.8
2022-03-30T01:00,9.0,0.00,78,5.3,7.1,0.00,0.00,0.00,3,100,100,92,1,5.4,120,98,12.4,10.8,0,0.00,1005.2,991.0
2022-03-30T02:00,9.7,0.00,76,5.6,7.8,0.00,0.00,0.00,3,100,100,26,0,5.8,171,150,12.0,11.5,0,0.00,1004.8,990.6
2022-03-30T03:00,8.7,0.00,82,5.8,7.0,0.00,0.00,0.00,3,100,100,70,5,4.9,143,107,10.8,11.9,0,0.00,1003.5,989.3
2022-03-30T04:00,8.6,0.00,84,6.0,6.5,0.00,0.00,0.00,3,100,100,42,21,7.3,294,290,13.4,14.8,0,0.00,1003.9,989.7
2022-03-30T05:00,7.3,0.00,93,6.2,5.6,0.00,0.00,0.00,3,100,100,70,6,4.8,343,333,7.5,15.1,0,0.00,1003.5,989.2
2022-03-30T06:00,7.1,0.10,95,6.3,5.6,0.10,0.00,0.00,51,100,100,100,8,3.8,349,311,7.7,9.7,0,0.00,1003.4,989.1
2022-03-30T07:00,7.9,0.10,92,6.6,6.5,0.10,0.00,0.00,51,100,100,100,3,3.4,315,252,3.1,7.9,1,0.00,1003.6,989.3
2022-03-30T08:00,8.0,0.10,92,6.8,6.3,0.10,0.00,0.00,51,100,100,100,28,5.4,287,274,7.5,13.3,1,0.00,1003.7,989.4
2022-03-30T09:00,8.6,0.00,89,7.0,7.0,0.00,0.00,0.00,3,100,100,60,45,6.0,332,327,7.7,15.1,1,0.00,1003.4,989.2
2022-03-30T10:00,11.1,0.00,77,7.1,9.2,0.00,0.00,0.00,3,99,96,36,70,7.4,326,321,9.6,20.5,1,3600.00,1003.1,989.0
2022-03-30T11:00,11.3,0.00,73,6.6,9.1,0.00,0.00,0.00,3,100,100,75,55,9.4,322,320,12.3,23.4,1,2859.23,1002.9,988.8
2022-03-30T12:00,11.5,0.00,71,6.5,9.1,0.00,0.00,0.00,3,100,100,64,20,10.3,326,324,13.5,25.2,1,1126.72,1002.2,988.1
2022-03-30T13:00,9.2,0.00,84,6.6,7.6,0.00,0.00,0.00,3,96,60,81,37,8.0,334,333,10.8,27.4,1,3600.00,1002.2,988.0
2022-03-30T14:00,11.1,0.10,72,6.3,8.5,0.10,0.00,0.00,51,100,93,81,100,11.4,327,325,15.1,27.0,1,3600.00,1001.8,987.7
2022-03-30T15:00,11.1,0.20,71,6.1,8.3,0.20,0.00,0.00,51,100,97,49,100,12.2,343,341,17.0,27.0,1,1924.84,1001.2,987.1
2022-03-30T16:00,11.0,0.00,70,5.6,8.2,0.00,0.00,0.00,3,100,100,56,100,11.2,357,354,15.5,27.0,1,0.00,1000.9,986.8
2022-03-30T17:00,11.1,0.00,67,5.2,8.4,0.00,0.00,0.00,3,100,59,55,100,10.2,12,10,14.3,24.1,1,0.00,1000.6,986.5
2022-03-30T18:00,10.7,0.00,68,5.0,8.4,0.00,0.00,0.00,3,100,37,17,100,7.4,27,23,12.6,21.6,1,0.00,1000.4,986.3
2022-03-30T19:00,10.0,0.00,72,5.1,7.9,0.00,0.00,0.00,3,100,7,0,100,5.6,38,27,11.8,15.5,0,0.00,1000.6,986.5
2022-03-30T20:00,9.3,0.00,75,5.2,7.3,0.00,0.00,0.00,3,100,12,19,100,5.7,47,35,12.2,11.5,0,0.00,1000.8,986.6
2022-03-30T21:00,8.9,0.00,78,5.2,6.7,0.00,0.00,0.00,3,100,0,24,100,6.6,67,61,14.5,12.6,0,0.00,1001.1,986.9
2022-03-30T22:00,8.5,0.00,80,5.2,5.6,0.00,0.00,0.00,3,100,31,22,100,11.6,85,85,21.0,23.4,0,0.00,1001.1,986.9
2022-03-30T23:00,8.0,0.00,81,4.8,5.1,0.00,0.00,0.00,3,80,20,6,74,10.9,99,98,19.7,23.4,0,0.00,1000.8,986.6
2022-03-31T00:00,7.4,0.00,81,4.4,4.6,0.00,0.00,0.00,2,59,24,0,45,10.1,94,88,19.1,21.6,0,0.00,1000.2,986.0
2022-03-31T01:00,5.9,0.00,91,4.5,3.4,0.00,0.00,0.00,3,85,97,48,18,7.6,90,93,18.0,19.8,0,0.00,1000.0,985.7
2022-03-31T02:00,5.4,0.00,92,4.2,3.2,0.00,0.00,0.00,3,99,96,15,67,5.9,106,104,16.1,15.1,0,0.00,999.6,985.3
2022-03-31T03:00,4.6,0.00,93,3.5,2.4,0.00,0.00,0.00,3,100,100,68,100,4.1,81,52,11.3,12.2,0,0.00,999.3,984.9
2022-03-31T04:00,4.9,0.00,91,3.5,2.3,0.00,0.00,0.00,3,100,100,100,42,7.2,74,63,15.7,13.7,0,0.00,998.8,984.4
2022-03-31T05:00,4.1,0.00,91,2.8,1.1,0.00,0.00,0.00,3,98,97,10,0,9.4,76,72,20.0,18.0,0,0.00,998.3,983.9
2022-03-31T06:00,3.6,0.00,91,2.2,0.3,0.00,0.00,0.00,3,99,99,26,1,10.0,78,77,21.3,19.8,0,0.00,998.1,983.7
2022-03-31T07:00,4.1,0.00,88,2.2,1.1,0.00,0.00,0.00,3,100,98,74,7,8.4,83,80,17.4,19.8,1,0.00,998.2,983.8
2022-03-31T08:00,5.6,0.00,82,2.7,3.2,0.00,0.00,0.00,3,100,95,96,18,5.0,87,90,7.9,17.6,1,2624.78,998.2,983.9
2022-03-31T09:00,7.1,0.00,78,3.4,4.9,0.00,0.00,0.00,3,100,97,98,6,4.3,90,90,6.1,14.0,1,3600.00,997.9,983.7
2022-03-31T10:00,9.1,0.00,68,3.6,7.0,0.00,0.00,0.00,3,100,19,99,38,4.4,83,81,6.2,15.1,1,3600.00,997.3,983.2
2022-03-31T11:00,11.3,0.00,56,3.0,9.3,0.00,0.00,0.00,3,92,24,74,59,3.5,65,66,5.2,16.2,1,3600.00,996.5,982.5
2022-03-31T12:00,12.0,0.00,53,2.8,9.9,0.00,0.00,0.00,3,100,86,55,100,3.1,38,36,4.1,15.1,1,3600.00,995.9,981.9
2022-03-31T13:00,10.3,0.00,63,3.6,7.9,0.00,0.00,0.00,3,100,83,100,100,6.6,62,61,8.5,15.5,1,545.27,996.2,982.2
2022-03-31T14:00,10.2,0.20,66,4.2,7.9,0.20,0.00,0.00,51,100,60,93,100,6.2,57,54,8.6,16.6,1,0.00,995.9,981.8
2022-03-31T15:00,10.3,0.20,66,4.2,7.9,0.20,0.00,0.00,51,100,100,100,100,7.4,41,39,10.0,18.7,1,0.00,995.6,981.6
2022-03-31T16:00,9.9,0.10,67,4.1,7.1,0.10,0.00,0.00,51,100,100,100,100,9.0,32,29,12.3,20.2,1,0.00,995.5,981.4
2022-03-31T17:00,8.9,0.20,73,4.3,5.8,0.20,0.00,0.00,51,100,100,100,100,11.8,28,23,17.9,24.1,1,0.00,995.6,981.5
2022-03-31T18:00,8.4,0.10,75,4.2,5.4,0.10,0.00,0.00,51,100,100,100,100,10.9,32,27,17.0,25.6,1,0.00,996.1,982.0
2022-03-31T19:00,8.0,0.10,77,4.1,5.3,0.10,0.00,0.00,51,100,100,100,100,8.5,360,348,14.8,22.3,0,0.00,996.5,982.3
2022-03-31T20:00,7.6,0.20,79,4.2,4.7,0.20,0.00,0.00,51,100,100,100,100,9.8,340,332,17.7,19.8,0,0.00,997.1,982.9
2022-03-31T21:00,6.9,0.40,86,4.6,3.8,0.40,0.00,0.00,51,100,100,100,100,12.4,341,334,20.9,24.5,0,0.00,997.5,983.3
2022-03-31T22:00,6.2,0.40,92,5.0,3.2,0.40,0.00,0.00,51,100,100,100,100,11.6,343,334,20.3,24.5,0,0.00,997.7,983.4
2022-03-31T23:00,5.9,0.30,93,4.9,2.9,0.30,0.00,0.00,51,100,100,100,100,11.6,341,334,20.2,23.0,0,0.00,997.8,983.5
2022-04-01T00:00,5.7,0.40,94,4.8,2.7,0.40,0.00,0.00,51,100,100,100,100,11.6,342,334,19.7,23.0,0,0.00,997.8,983.5
2022-04-01T01:00,5.0,0.10,94,4.1,1.9,0.10,0.00,0.00,51,100,100,100,100,12.1,337,333,20.0,23.0,0,0.00,998.4,984.1
2022-04-01T02:00,4.7,0.00,95,3.9,1.8,0.00,0.00,0.00,3,100,100,100,55,10.0,352,345,17.1,25.6,0,0.00,998.5,984.1
2022-04-01T03:00,4.4,0.00,95,3.6,1.2,0.00,0.00,0.00,3,100,100,98,100,11.6,338,330,18.3,23.4,0,0.00,998.4,984.0
2022-04-01T04:00,3.9,0.00,94,3.0,0.4,0.00,0.00,0.00,3,100,100,100,100,12.4,335,330,19.8,26.3,0,0.00,998.5,984.1
2022-04-01T05:00,3.5,0.00,94,2.6,0.1,0.00,0.00,0.00,3,100,100,100,100,11.8,335,333,18.2,26.3,0,0.00,998.8,984.4
2022-04-01T06:00,3.3,0.00,94,2.5,-0.2,0.00,0.00,0.00,3,100,100,100,100,11.9,338,335,18.6,25.2,0,0.00,999.2,984.8
2022-04-01T07:00,3.4,0.10,93,2.4,-0.2,0.10,0.00,0.00,51,100,100,100,100,12.6,339,336,19.3,26.3,1,0.00,999.8,985.3
2022-04-01T08:00,3.6,0.10,90,2.1,-0.2,0.10,0.00,0.00,51,100,100,100,100,13.9,345,343,20.5,29.2,1,0.00,1000.1,985.7
2022-04-01T09:00,3.8,0.10,88,2.0,-0.2,0.10,0.00,0.00,51,100,100,100,100,15.2,347,346,22.2,32.0,1,0.00,1000.4,986.0
2022-04-01T10:00,3.9,0.20,86,1.7,-0.4,0.20,0.00,0.00,51,100,100,100,100,16.5,352,350,23.6,34.2,1,0.00,1000.8,986.4
2022-04-01T11:00,3.8,0.30,85,1.5,-0.6,0.30,0.00,0.00,51,100,100,100,100,17.3,1,358,24.8,36.0,1,0.00,1001.3,986.9
2022-04-01T12:00,4.1,0.40,83,1.5,-0.3,0.40,0.00,0.00,51,100,100,100,100,17.0,7,4,24.3,36.4,1,0.00,1001.6,987.2
2022-04-01T13:00,3.5,0.50,80,0.4,-1.2,0.50,0.00,0.00,53,100,100,100,100,18.4,3,360,26.3,35.3,1,0.00,1002.5,988.0
2022-04-01T14:00,3.1,0.40,82,0.4,-1.5,0.30,0.00,0.07,71,100,100,100,99,17.8,355,353,26.0,37.4,1,0.00,1002.7,988.2
2022-04-01T15:00,3.0,0.40,78,-0.4,-1.9,0.20,0.00,0.14,71,100,100,100,100,18.8,5,3,27.5,40.0,1,0.00,1003.4,988.9
2022-04-01T16:00,2.5,0.50,76,-1.3,-2.4,0.10,0.00,0.28,73,100,100,100,92,17.7,5,2,26.4,40.3,1,0.00,1003.7,989.1
2022-04-01T17:00,2.3,0.40,75,-1.8,-2.6,0.00,0.01,0.28,73,100,100,100,91,17.3,5,2,25.3,37.4,1,0.00,1004.5,989.9
2022-04-01T18:00,1.7,0.40,75,-2.2,-3.2,0.00,0.01,0.28,73,100,100,100,83,17.0,8,6,25.5,36.0,1,0.00,1005.1,990.5
2022-04-01T19:00,1.1,0.30,78,-2.3,-3.6,0.00,0.01,0.21,73,100,100,100,91,15.5,8,5,24.0,35.3,0,0.00,1005.7,991.0
2022-04-01T20:00,0.9,0.30,82,-1.8,-3.6,0.00,0.01,0.21,73,100,100,100,100,14.4,2,360,22.3,31.7,0,0.00,1006.5,991.8
2022-04-01T21:00,0.8,0.30,85,-1.4,-3.5,0.00,0.02,0.21,73,100,100,100,100,13.4,355,352,21.3,29.5,0,0.00,1006.9,992.2
2022-04-01T22:00,0.9,0.20,86,-1.1,-3.1,0.00,0.02,0.14,71,100,100,100,100,11.6,348,344,19.1,27.7,0,0.00,1006.9,992.2
2022-04-01T23:00,1.0,0.20,86,-1.1,-3.0,0.00,0.02,0.14,71,100,100,100,100,12.1,356,350,19.9,25.6,0,0.00,1006.9,992.2
2022-04-02T00:00,1.3,0.20,79,-1.9,-3.1,0.00,0.02,0.14,71,100,100,100,100,13.9,18,10,23.1,29.2,0,0.00,1007.0,992.3
2022-04-02T01:00,0.9,0.10,77,-2.6,-3.3,0.00,0.02,0.07,71,100,100,100,100,11.5,9,360,18.9,29.2,0,0.00,1007.5,992.8
2022-04-02T02:00,1.1,0.10,76,-2.6,-3.0,0.00,0.02,0.07,71,100,100,100,100,11.2,9,2,18.2,24.1,0,0.00,1007.7,993.0
2022-04-02T03:00,1.1,0.10,77,-2.4,-3.0,0.00,0.02,0.07,71,100,98,100,91,11.2,8,360,18.5,24.1,0,0.00,1007.7,993.0
2022-04-02T04:00,1.3,0.10,76,-2.5,-3.0,0.00,0.02,0.07,71,100,100,100,17,12.4,25,17,21.1,27.4,0,0.00,1008.0,993.3
2022-04-02T05:00,1.2,0.10,77,-2.3,-3.1,0.00,0.02,0.07,71,100,100,100,54,12.7,16,8,21.0,26.3,0,0.00,1008.6,993.9
2022-04-02T06:00,1.0,0.20,78,-2.3,-3.4,0.00,0.03,0.14,71,100,100,100,53,13.4,13,5,22.5,28.4,0,0.00,1009.1,994.4
2022-04-02T07:00,0.9,0.20,78,-2.5,-3.7,0.00,0.03,0.14,71,100,100,100,30,14.0,4,359,22.0,29.2,1,0.00,1009.6,994.9
2022-04-02T08:00,0.9,0.10,77,-2.6,-4.0,0.00,0.03,0.07,71,100,100,100,31,16.4,18,15,25.0,34.9,1,0.00,1010.7,996.0
2022-04-02T09:00,1.2,0.20,73,-3.1,-4.0,0.00,0.03,0.14,71,100,100,100,32,17.5,22,19,26.3,36.7,1,0.00,1011.6,996.9
2022-04-02T10:00,1.5,0.10,68,-3.7,-3.7,0.00,0.03,0.07,71,100,97,100,39,18.0,22,20,26.5,38.2,1,0.00,1012.1,997.4
2022-04-02T11:00,2.1,0.20,63,-4.1,-3.5,0.00,0.03,0.14,71,100,96,100,64,20.3,27,25,29.5,42.8,1,0.00,1012.9,998.2
2022-04-02T12:00,2.3,0.20,62,-4.3,-3.4,0.00,0.04,0.14,71,100,98,100,49,20.6,27,27,29.6,43.2,1,0.00,1013.1,998.4
2022-04-02T13:00,2.7,0.20,62,-4.0,-2.9,0.00,0.04,0.14,71,100,100,100,100,19.6,33,32,27.9,44.3,1,0.00,1013.7,999.0
2022-04-02T14:00,3.2,0.10,59,-4.1,-2.3,0.00,0.04,0.07,71,100,100,100,98,19.0,30,29,27.4,41.0,1,0.00,1014.1,999.4
2022-04-02T15:00,3.5,0.10,59,-3.8,-1.7,0.00,0.04,0.07,71,100,100,100,100,17.4,23,22,24.7,40.3,1,0.00,1014.3,999.6
2022-04-02T16:00,3.6,0.00,58,-3.9,-1.6,0.00,0.04,0.00,3,100,100,100,100,16.9,20,20,24.1,37.1,1,0.00,1014.7,1000.0
2022-04-02T17:00,3.6,0.10,57,-4.2,-1.3,0.10,0.04,0.00,51,100,100,100,100,15.2,23,22,22.7,35.3,1,0.00,1015.1,1000.4
2022-04-02T18:00,3.6,0.00,57,-4.2,-1.3,0.00,0.04,0.00,3,100,100,100,98,15.5,23,22,23.4,32.0,1,0.00,1015.7,1001.0
2022-04-02T19:00,3.1,0.00,61,-3.6,-1.1,0.00,0.04,0.00,3,100,100,100,21,10.6,12,10,18.4,31.3,0,0.00,1016.7,1002.0
2022-04-02T20:00,2.6,0.00,67,-3.0,-1.5,0.00,0.04,0.00,3,100,100,100,96,10.1,4,360,18.8,22.0,0,0.00,1017.7,1002.9
2022-04-02T21:00,2.3,0.00,71,-2.5,-1.7,0.00,0.04,0.00,3,100,100,100,8,10.8,7,4,20.0,22.7,0,0.00,1018.3,1003.5
2022-04-02T22:00,2.0,0.00,72,-2.5,-2.2,0.00,0.04,0.00,3,100,76,100,3,11.2,11,6,21.3,23.4,0,0.00,1018.7,1003.9
2022-04-02T23:00,1.7,0.00,72,-2.8,-2.5,0.00,0.04,0.00,3,100,0,100,9,11.6,12,7,21.7,23.8,0,0.00,1019.0,1004.2
2022-04-03T00:00,1.0,0.00,75,-2.9,-3.0,0.00,0.04,0.00,3,100,23,99,4,10.5,13,6,21.4,23.8,0,0.00,1019.2,1004.3
2022-04-03T01:00,1.2,0.00,76,-2.5,-2.6,0.00,0.04,0.00,3,100,52,100,76,8.7,12,5,18.0,22.0,0,0.00,1019.7,1004.8
2022-04-03T02:00,1.5,0.00,76,-2.4,-2.1,0.00,0.04,0.00,3,100,96,97,47,7.6,11,3,15.0,18.4,0,0.00,1019.9,1005.1
2022-04-03T03:00,1.3,0.00,76,-2.6,-2.2,0.00,0.04,0.00,3,100,90,96,45,6.8,13,360,14.8,15.8,0,0.00,1020.0,1005.1
2022-04-03T04:00,0.7,0.00,78,-2.8,-2.8,0.00,0.04,0.00,3,99,73,97,24,6.2,23,7,14.5,14.4,0,0.00,1020.1,1005.2
2022-04-03T05:00,-0.1,0.00,82,-2.9,-3.5,0.00,0.04,0.00,3,100,92,100,69,5.4,26,8,14.0,13.0,0,0.00,1020.3,1005.4
2022-04-03T06:00,-0.2,0.00,83,-2.8,-3.5,0.00,0.04,0.00,3,100,19,100,96,5.4,21,4,13.9,11.5,1,0.00,1020.9,1006.0
2022-04-03T07:00,0.7,0.00,81,-2.3,-2.7,0.00,0.04,0.00,3,84,0,76,66,6.5,14,354,13.7,13.3,1,0.00,1021.4,1006.5
2022-04-03T08:00,1.6,0.00,76,-2.2,-1.8,0.00,0.04,0.00,3,92,24,75,62,6.1,7,357,9.1,15.5,1,2302.51,1021.9,1007.0
2022-04-03T09:00,3.1,0.20,67,-2.5,-0.5,0.00,0.04,0.14,71,73,5,69,13,7.2,4,360,9.7,18.0,1,3600.00,1022.2,1007.4
2022-04-03T10:00,4.3,0.10,55,-4.0,0.1,0.00,0.04,0.07,71,96,12,95,72,10.5,9,6,14.2,25.2,1,3600.00,1022.4,1007.7
2022-04-03T11:00,4.9,0.00,45,-5.9,0.5,0.00,0.03,0.00,3,90,0,57,89,10.5,10,8,14.3,25.9,1,3600.00,1022.3,1007.6
2022-04-03T12:00,5.5,0.00,42,-6.4,1.0,0.00,0.03,0.00,3,83,0,43,82,10.4,17,14,13.9,26.3,1,3600.00,1022.0,1007.3
2022-04-03T13:00,5.8,0.00,40,-6.7,1.6,0.00,0.03,0.00,3,93,0,100,89,8.8,20,19,11.5,26.3,1,3600.00,1022.2,1007.6
2022-04-03T14:00,5.9,0.00,40,-6.7,1.6,0.00,0.03,0.00,3,98,0,98,92,9.1,11,7,11.7,23.0,1,3600.00,1021.8,1007.2
2022-04-03T15:00,5.9,0.00,40,-6.6,1.6,0.00,0.03,0.00,3,85,0,84,21,9.0,360,355,11.9,23.4,1,3600.00,1021.6,1007.0
2022-04-03T16:00,5.9,0.00,40,-6.8,1.7,0.00,0.03,0.00,3,100,0,100,5,8.3,358,355,11.2,22.7,1,3600.00,1021.5,1006.9
2022-04-03T17:00,5.6,0.00,39,-7.2,1.4,0.00,0.03,0.00,3,97,0,97,5,8.3,360,358,11.2,20.9,1,3600.00,1021.5,1006.9
2022-04-03T18:00,5.1,0.00,40,-7.4,1.1,0.00,0.03,0.00,2,64,0,64,14,6.1,4,3,9.7,19.1,1,1123.69,1021.5,1006.8
2022-04-03T19:00,4.9,0.00,39,-7.8,1.5,0.00,0.03,0.00,2,74,0,73,44,1.9,29,68,3.7,13.0,0,153.81,1021.8,1007.1
2022-04-03T20:00,2.1,0.00,60,-4.8,-1.4,0.00,0.03,0.00,2,61,0,59,43,5.4,158,172,3.9,6.5,0,0.00,1022.1,1007.3
2022-04-03T21:00,0.8,0.00,63,-5.5,-3.3,0.00,0.03,0.00,3,95,0,95,27,8.6,180,165,7.9,11.2,0,0.00,1022.3,1007.4
2022-04-03T22:00,2.7,0.00,49,-7.1,-1.0,0.00,0.03,0.00,3,100,0,100,78,4.5,250,284,8.4,10.8,0,0.00,1022.8,1008.0
2022-04-03T23:00,1.3,0.00,69,-3.9,-2.1,0.00,0.03,0.00,2,70,0,47,56,5.0,290,291,11.5,8.6,0,0.00,1022.9,1008.0
2022-04-04T00:00,2.1,0.00,61,-4.6,-1.2,0.00,0.03,0.00,0,0,0,0,0,4.1,285,225,7.1,10.1,0,0.00,1022.6,1007.8
2022-04-04T01:00,-0.5,0.00,75,-4.4,-4.1,0.00,0.03,0.00,0,1,0,0,0,5.9,222,191,13.5,7.2,0,0.00,1022.4,1007.4
2022-04-04T02:00,-1.1,0.00,77,-4.7,-4.7,0.00,0.03,0.00,3,96,96,0,6,5.8,221,180,15.3,13.0,0,0.00,1022.0,1007.0
2022-04-04T03:00,-1.3,0.00,75,-5.1,-5.0,0.00,0.03,0.00,3,95,93,0,23,6.6,221,189,18.6,13.3,0,0.00,1021.5,1006.5
2022-04-04T04:00,-1.3,0.00,75,-5.2,-5.1,0.00,0.03,0.00,2,75,70,0,19,7.1,224,204,19.9,15.5,0,0.00,1021.5,1006.5
2022-04-04T05:00,-1.8,0.00,79,-5.0,-5.6,0.00,0.03,0.00,3,90,90,0,0,7.2,220,198,19.4,15.5,0,0.00,1021.3,1006.3
2022-04-04T06:00,-1.8,0.00,80,-4.8,-5.7,0.00,0.03,0.00,1,29,29,0,0,8.1,215,193,20.7,17.3,1,0.00,1020.7,1005.7
2022-04-04T07:00,-0.6,0.00,76,-4.3,-4.9,0.00,0.03,0.00,3,99,99,5,5,10.5,213,196,21.1,20.2,1,1952.87,1020.8,1005.8
2022-04-04T08:00,1.2,0.00,69,-3.8,-3.0,0.00,0.03,0.00,3,96,85,64,30,10.5,207,202,17.7,23.8,1,3600.00,1020.5,1005.6
2022-04-04T09:00,3.2,0.00,62,-3.4,-1.3,0.00,0.03,0.00,3,89,69,51,30,12.8,215,212,18.9,29.5,1,3600.00,1020.1,1005.3
2022-04-04T10:00,5.4,0.00,53,-3.5,0.3,0.00,0.03,0.00,3,100,100,14,4,17.0,218,216,24.3,38.2,1,3600.00,1019.2,1004.6
2022-04-04T11:00,6.8,0.00,44,-4.7,1.0,0.00,0.03,0.00,3,99,64,98,45,21.7,236,234,30.6,47.2,1,3600.00,1018.4,1003.9
2022-04-04T12:00,7.8,0.00,39,-5.2,1.7,0.00,0.03,0.00,3,99,29,97,72,22.4,241,242,32.4,48.6,1,3600.00,1017.2,1002.7
2022-04-04T13:00,7.1,0.00,43,-4.6,0.9,0.00,0.03,0.00,3,87,100,100,63,23.9,232,233,35.1,52.2,1,3600.00,1015.9,1001.4
2022-04-04T14:00,7.4,0.00,42,-4.6,0.9,0.00,0.02,0.00,3,100,93,100,61,25.6,235,235,38.3,53.3,1,0.00,1014.7,1000.2
2022-04-04T15:00,8.5,0.00,39,-4.6,1.6,0.00,0.02,0.00,3,100,100,100,77,28.5,245,245,42.0,60.8,1,3600.00,1014.4,1000.0
2022-04-04T16:00,7.8,0.00,41,-4.6,2.0,0.00,0.02,0.00,3,100,100,100,13,20.6,242,241,33.8,59.4,1,0.00,1013.4,999.0
2022-04-04T17:00,7.2,0.10,47,-3.4,1.4,0.10,0.02,0.00,51,100,100,100,40,21.4,258,257,35.4,44.6,1,0.00,1013.6,999.1
2022-04-04T18:00,6.3,0.40,57,-1.7,0.9,0.40,0.02,0.00,51,100,100,100,90,21.2,252,252,35.3,44.6,1,0.00,1013.6,999.1
2022-04-04T19:00,5.7,0.20,63,-0.8,0.8,0.20,0.02,0.00,51,100,100,100,100,18.5,244,243,31.6,43.9,1,0.00,1013.5,999.0
2022-04-04T20:00,5.3,0.40,68,-0.2,0.2,0.40,0.02,0.00,51,100,99,100,100,20.5,240,239,34.2,42.1,0,0.00,1013.8,999.2
2022-04-04T21:00,4.5,0.90,81,1.4,-0.2,0.90,0.02,0.00,53,100,100,100,100,19.3,235,233,32.9,42.1,0,0.00,1014.0,999.4
2022-04-04T22:00,4.5,0.70,80,1.3,-0.1,0.70,0.02,0.00,53,100,82,100,100,17.8,232,228,32.0,40.3,0,0.00,1013.0,998.4
2022-04-04T23:00,5.1,0.00,76,1.2,0.5,0.00,0.02,0.00,3,100,100,100,100,17.7,235,231,31.6,38.5,0,0.00,1012.5,998.0
2022-04-05T00:00,5.4,0.00,74,1.2,0.7,0.00,0.02,0.00,3,100,29,100,100,18.9,229,222,33.2,39.2,0,0.00,1012.1,997.6
2022-04-05T01:00,5.4,0.20,79,2.1,0.6,0.20,0.02,0.00,51,100,79,100,100,20.5,235,232,36.0,42.5,0,0.00,1011.6,997.1
2022-04-05T02:00,5.2,1.00,85,3.0,0.5,1.00,0.02,0.00,55,100,100,100,100,21.1,235,233,37.2,46.1,0,0.00,1011.3,996.8
2022-04-05T03:00,5.2,0.40,84,2.7,0.4,0.40,0.02,0.00,51,100,89,100,100,21.7,237,234,36.9,45.0,0,0.00,1011.1,996.6
2022-04-05T04:00,5.3,0.00,83,2.7,0.5,0.00,0.02,0.00,3,100,98,100,100,20.9,237,234,35.6,45.4,0,0.00,1011.1,996.6
2022-04-05T05:00,5.4,0.00,83,2.8,0.8,0.00,0.02,0.00,3,100,100,100,100,20.6,237,234,35.3,43.6,0,0.00,1010.8,996.3
2022-04-05T06:00,5.4,0.00,85,3.1,0.9,0.00,0.02,0.00,3,100,100,100,100,20.1,237,234,34.8,43.2,1,0.00,1010.8,996.3
2022-04-05T07:00,5.6,0.20,86,3.5,1.0,0.20,0.02,0.00,51,100,100,100,100,21.0,234,231,36.1,43.9,1,0.00,1011.2,996.7
2022-04-05T08:00,5.7,0.40,88,3.8,1.2,0.40,0.02,0.00,51,100,98,100,100,20.5,233,231,35.0,43.9,1,0.00,1011.4,996.9
2022-04-05T09:00,5.7,0.40,91,4.3,1.5,0.40,0.02,0.00,51,100,93,100,100,19.6,232,229,34.4,42.1,1,0.00,1011.5,997.0
2022-04-05T10:00,6.2,0.10,89,4.5,1.9,0.10,0.02,0.00,51,100,99,100,100,20.2,231,229,33.8,41.8,1,0.00,1011.5,997.0
2022-04-05T11:00,7.0,0.00,87,5.1,2.8,0.00,0.02,0.00,3,100,59,100,100,20.5,234,231,34.0,42.5,1,0.00,1011.4,997.0
2022-04-05T12:00,7.8,0.00,86,5.5,4.1,0.00,0.01,0.00,3,100,97,100,100,17.8,230,228,28.6,46.1,1,0.00,1011.6,997.2
2022-04-05T13:00,6.9,0.10,90,5.4,2.9,0.10,0.01,0.00,51,100,92,100,100,19.4,228,227,32.1,42.8,1,0.00,1011.8,997.4
2022-04-05T14:00,8.0,0.10,85,5.6,3.7,0.10,0.01,0.00,51,100,100,100,100,22.3,233,232,34.7,49.0,1,0.00,1011.3,996.9
2022-04-05T15:00,8.5,0.00,84,6.0,4.7,0.00,0.01,0.00,3,100,100,100,100,19.1,229,227,30.6,44.6,1,0.00,1010.9,996.6
2022-04-05T16:00,8.6,0.00,85,6.2,5.2,0.00,0.01,0.00,3,100,100,100,100,16.6,230,228,27.6,39.2,1,0.00,1010.7,996.4
2022-04-05T17:00,8.7,0.00,84,6.1,5.3,0.00,0.01,0.00,3,100,67,100,100,16.1,231,230,27.2,34.9,1,0.00,1010.6,996.3
2022-04-05T18:00,9.0,0.00,83,6.2,5.7,0.00,0.01,0.00,3,100,84,100,100,16.1,232,230,27.4,33.5,1,0.00,1010.5,996.2
2022-04-05T19:00,8.8,0.00,84,6.3,5.3,0.00,0.01,0.00,3,100,40,50,100,17.1,229,226,29.6,35.3,1,0.00,1010.7,996.4
2022-04-05T20:00,9.0,0.00,85,6.6,5.5,0.00,0.01,0.00,3,100,36,61,100,17.6,227,224,30.8,36.0,0,0.00,1010.9,996.6
2022-04-05T21:00,9.2,0.00,85,6.8,5.7,0.00,0.01,0.00,3,100,7,100,100,18.3,226,223,32.1,37.4,0,0.00,1011.0,996.7
2022-04-05T22:00,9.1,0.00,86,7.0,5.9,0.00,0.01,0.00,3,100,26,99,100,16.6,225,222,29.5,37.4,0,0.00,1010.8,996.5
2022-04-05T23:00,9.2,0.10,87,7.1,6.0,0.10,0.01,0.00,51,100,65,100,100,16.6,225,221,29.8,34.9,0,0.00,1010.7,996.4
2022-04-06T00:00,9.1,0.10,88,7.2,5.8,0.10,0.01,0.00,51,100,0,58,100,17.9,222,220,31.6,36.7,0,0.00,1010.4,996.1
2022-04-06T01:00,8.6,0.00,94,7.7,5.9,0.00,0.01,0.00,3,100,46,51,100,13.9,221,217,26.8,38.2,0,0.00,1010.1,995.8
2022-04-06T02:00,8.9,0.40,93,7.8,5.9,0.40,0.01,0.00,51,100,22,21,100,16.8,226,222,30.6,34.9,0,0.00,1009.6,995.3
2022-04-06T03:00,8.8,0.00,93,7.8,5.8,0.00,0.01,0.00,3,100,15,10,100,16.6,224,221,30.0,36.0,0,0.00,1009.2,994.9
2022-04-06T04:00,8.9,0.10,93,7.8,6.1,0.10,0.00,0.00,51,100,0,0,100,15.3,229,225,27.8,33.8,0,0.00,1008.8,994.5
2022-04-06T05:00,8.9,0.10,94,8.0,6.4,0.10,0.00,0.00,51,100,0,0,100,13.7,228,225,26.3,31.7,0,0.00,1008.6,994.3
2022-04-06T06:00,8.9,0.30,94,8.1,6.1,0.30,0.00,0.00,51,100,14,0,100,15.5,227,224,28.0,31.7,1,0.00,1008.3,994.0
2022-04-06T07:00,9.2,0.20,93,8.0,6.1,0.20,0.00,0.00,51,100,0,0,100,17.3,227,225,30.8,35.6,1,0.00,1008.2,993.9
2022-04-06T08:00,9.8,0.10,90,8.2,7.0,0.10,0.00,0.00,51,100,0,0,100,15.4,235,233,25.4,37.8,1,0.00,1008.3,994.1
2022-04-06T09:00,9.7,0.40,91,8.3,7.0,0.40,0.00,0.00,51,100,7,1,100,15.0,229,228,23.7,31.7,1,0.00,1008.0,993.8
2022-04-06T10:00,10.7,0.10,84,8.1,7.4,0.10,0.00,0.00,51,68,0,0,68,19.4,230,230,29.1,39.2,1,176.21,1007.7,993.5
2022-04-06T11:00,12.6,0.10,68,6.9,8.2,0.10,0.00,0.00,51,100,70,0,100,24.7,236,236,35.5,51.5,1,3600.00,1007.1,993.0
2022-04-06T12:00,12.9,0.00,65,6.4,8.6,0.00,0.00,0.00,2,55,24,0,41,23.6,238,239,34.0,51.5,1,3431.91,1006.7,992.6
2022-04-06T13:00,13.4,0.00,59,5.7,9.0,0.00,0.00,0.00,2,54,61,0,68,25.1,244,245,35.3,51.8,1,3600.00,1006.5,992.5
2022-04-06T14:00,13.7,0.00,58,5.6,9.4,0.00,0.00,0.00,2,74,38,0,58,22.3,249,249,31.6,53.6,1,3600.00,1005.8,991.8
2022-04-06T15:00,13.8,0.00,56,5.1,9.7,0.00,0.00,0.00,2,52,36,0,25,19.7,248,249,28.3,47.5,1,3600.00,1005.0,991.0
2022-04-06T16:00,14.3,0.00,50,3.9,9.5,0.00,0.00,0.00,3,91,51,2,82,22.6,248,248,33.1,47.9,1,3600.00,1004.2,990.2
2022-04-06T17:00,14.1,0.00,52,4.4,9.6,0.00,0.00,0.00,1,37,16,16,17,21.6,246,246,32.7,47.9,1,3600.00,1003.4,989.4
2022-04-06T18:00,13.1,0.00,57,4.8,9.3,0.00,0.00,0.00,3,98,32,97,33,17.7,244,243,29.3,45.7,1,3600.00,1003.2,989.2
2022-04-06T19:00,11.9,0.00,63,5.0,8.5,0.00,0.00,0.00,3,100,99,97,52,14.3,242,242,25.6,37.1,1,0.00,1003.2,989.1
2022-04-06T20:00,11.4,0.00,66,5.2,8.5,0.00,0.00,0.00,3,100,100,100,14,11.7,229,225,22.7,29.9,0,0.00,1003.0,988.9
2022-04-06T21:00,10.2,1.10,76,6.1,7.7,1.10,0.00,0.00,55,100,100,100,66,10.5,225,221,22.4,27.7,0,0.00,1002.9,988.7
2022-04-06T22:00,10.2,0.90,82,7.3,6.5,0.90,0.00,0.00,53,100,99,83,67,21.0,222,219,35.7,42.8,0,0.00,1002.7,988.6
2022-04-06T23:00,9.8,0.30,88,8.0,6.4,0.30,0.00,0.00,51,100,97,99,100,19.9,228,226,33.9,44.3,0,0.00,1002.8,988.6
2022-04-07T00:00,9.9,0.00,89,8.1,6.6,0.00,0.00,0.00,3,100,0,100,100,18.9,232,230,32.0,41.4,0,0.00,1002.7,988.5
2022-04-07T01:00,9.7,0.10,87,7.7,6.7,0.10,0.00,0.00,51,82,2,95,81,16.8,239,235,30.4,40.7,0,0.00,1002.0,987.8
2022-04-07T02:00,9.3,0.00,86,7.1,5.7,0.00,0.00,0.00,3,91,84,7,39,19.1,229,224,33.9,40.0,0,0.00,1001.1,986.9
2022-04-07T03:00,9.1,0.00,88,7.2,5.3,0.00,0.00,0.00,3,100,94,23,100,21.4,225,222,37.2,44.3,0,0.00,1000.5,986.3
2022-04-07T04:00,9.5,0.10,83,6.8,5.0,0.10,0.00,0.00,51,100,65,100,100,25.0,228,226,41.6,52.2,0,0.00,1000.1,986.0
2022-04-07T05:00,9.5,0.30,83,6.8,5.2,0.30,0.00,0.00,51,100,28,100,100,23.9,229,226,40.3,52.6,0,0.00,999.5,985.4
2022-04-07T06:00,9.5,0.20,82,6.6,5.0,0.20,0.00,0.00,51,100,84,61,100,24.5,223,221,40.8,51.8,1,0.00,998.8,984.7
2022-04-07T07:00,9.7,0.30,80,6.4,5.3,0.30,0.00,0.00,51,100,100,100,100,24.2,219,217,39.9,51.1,1,0.00,998.2,984.1
2022-04-07T08:00,9.5,1.30,83,6.7,5.0,1.30,0.00,0.00,61,100,99,100,100,24.7,213,211,41.8,51.8,1,0.00,997.2,983.1
2022-04-07T09:00,9.5,0.40,86,7.3,4.9,0.40,0.00,0.00,51,100,100,100,100,26.6,212,210,45.0,55.8,1,0.00,996.0,981.9
2022-04-07T10:00,10.1,0.40,80,6.9,4.9,0.40,0.00,0.00,51,100,100,100,100,30.5,218,215,50.0,63.7,1,0.00,995.2,981.2
2022-04-07T11:00,11.0,0.30,77,7.1,5.3,0.30,0.00,0.00,51,100,100,100,100,33.4,219,217,54.3,68.0,1,0.00,994.5,980.5
2022-04-07T12:00,11.3,0.20,77,7.3,6.0,0.20,0.00,0.00,51,100,100,100,100,31.1,219,217,50.7,70.9,1,0.00,993.7,979.7
2022-04-07T13:00,15.1,0.00,66,8.8,9.7,0.00,0.00,0.00,3,100,100,44,100,34.3,216,216,52.6,68.0,1,0.00,991.4,977.6
2022-04-07T14:00,13.4,0.30,78,9.6,9.1,0.30,0.00,0.00,51,100,100,75,47,28.8,222,226,48.7,99.0,1,389.77,991.3,977.5
2022-04-07T15:00,13.6,0.60,72,8.7,8.2,0.60,0.00,0.00,53,100,100,96,18,34.6,224,227,54.7,94.3,1,0.00,990.8,977.0
2022-04-07T16:00,12.8,1.20,81,9.5,7.7,1.20,0.00,0.00,55,100,100,100,100,34.0,232,234,54.9,78.8,1,0.00,990.6,976.7
2022-04-07T17:00,11.9,3.00,90,10.3,7.8,3.00,0.00,0.00,63,100,99,95,100,28.7,252,250,46.2,79.2,1,0.00,991.9,978.0
2022-04-07T18:00,11.1,0.20,76,7.1,6.3,0.20,0.00,0.00,51,100,97,83,12,28.1,263,261,45.7,68.0,1,0.00,993.4,979.4
2022-04-07T19:00,10.4,0.00,69,4.9,5.6,0.00,0.00,0.00,3,93,93,0,0,23.9,257,254,40.3,58.0,1,0.00,994.6,980.6
2022-04-07T20:00,10.0,0.00,61,2.9,4.9,0.00,0.00,0.00,3,94,94,0,0,23.6,264,262,40.9,50.8,0,0.00,996.0,981.9
2022-04-07T21:00,9.7,0.00,46,-1.3,3.9,0.00,0.00,0.00,2,75,74,1,1,24.1,272,270,41.8,52.9,0,0.00,997.3,983.2
2022-04-07T22:00,9.1,0.00,51,-0.5,3.6,0.00,0.00,0.00,2,67,67,0,2,22.4,268,266,39.3,51.1,0,0.00,998.4,984.3
2022-04-07T23:00,8.9,0.00,54,0.2,3.4,0.00,0.00,0.00,3,92,92,0,1,22.7,268,266,39.6,49.3,0,0.00,999.5,985.3
2022-04-08T00:00,8.4,0.00,56,0.1,3.1,0.00,0.00,0.00,3,85,84,0,1,21.6,262,259,37.5,48.2,0,0.00,1000.7,986.5
2022-04-08T01:00,9.0,0.00,51,-0.6,3.8,0.00,0.00,0.00,3,95,100,1,0,20.1,258,255,34.2,46.4,0,0.00,1001.0,986.8
2022-04-08T02:00,8.5,0.00,55,-0.1,3.5,0.00,0.00,0.00,3,100,100,0,1,19.6,259,256,33.7,45.0,0,0.00,1001.8,987.6
2022-04-08T03:00,8.3,0.00,59,0.8,3.6,0.00,0.00,0.00,3,100,100,12,3,18.0,262,258,30.9,43.6,0,0.00,1002.2,988.0
2022-04-08T04:00,7.6,0.00,64,1.2,3.3,0.00,0.00,0.00,3,99,99,9,1,15.7,259,254,27.5,39.2,0,0.00,1002.8,988.5
2022-04-08T05:00,6.6,0.00,69,1.3,2.5,0.00,0.00,0.00,3,100,99,95,1,14.5,245,240,26.9,34.2,0,0.00,1003.5,989.2
2022-04-08T06:00,6.4,0.00,71,1.5,2.6,0.00,0.00,0.00,3,100,100,100,8,13.0,242,236,25.0,31.0,1,0.00,1004.0,989.6
2022-04-08T07:00,7.0,0.00,70,1.9,3.3,0.00,0.00,0.00,3,100,100,100,12,12.7,238,235,23.0,28.1,1,0.00,1003.9,989.6
2022-04-08T08:00,7.4,0.00,70,2.3,3.8,0.00,0.00,0.00,3,100,100,100,49,12.3,230,230,20.7,27.4,1,0.00,1003.5,989.2
2022-04-08T09:00,7.4,0.10,76,3.4,4.2,0.10,0.00,0.00,51,100,100,100,97,11.5,223,221,18.8,29.9,1,0.00,1003.5,989.2
2022-04-08T10:00,7.3,0.50,82,4.4,3.7,0.50,0.00,0.00,53,100,100,100,100,15.3,212,210,23.3,31.3,1,0.00,1002.6,988.3
2022-04-08T11:00,6.8,0.70,88,4.9,3.6,0.70,0.00,0.00,53,100,100,100,98,13.5,214,214,19.5,36.0,1,0.00,1001.8,987.5
2022-04-08T12:00,6.6,1.00,88,4.8,4.0,1.00,0.00,0.00,55,100,100,100,100,9.1,200,198,12.6,29.5,1,0.00,1000.2,985.9
2022-04-08T13:00,5.4,2.00,89,3.8,3.1,2.00,0.00,0.00,61,100,100,100,100,6.1,175,180,8.3,22.3,1,0.00,999.0,984.7
2022-04-08T14:00,4.9,2.00,94,4.0,2.2,2.00,0.00,0.00,61,100,100,100,100,8.3,147,146,12.0,18.7,1,0.00,998.2,983.9
2022-04-08T15:00,4.6,2.40,95,3.9,2.0,2.40,0.00,0.00,61,100,100,100,100,7.8,107,103,10.1,19.8,1,0.00,997.2,982.9
2022-04-08T16:00,4.3,2.30,96,3.6,1.7,2.30,0.00,0.00,61,100,94,100,100,7.2,40,37,9.4,15.8,1,0.00,997.0,982.6
2022-04-08T17:00,4.5,1.40,94,3.6,2.1,1.40,0.00,0.00,61,100,99,60,100,6.4,34,27,9.1,33.8,1,0.00,996.6,982.3
2022-04-08T18:00,4.3,0.50,94,3.4,2.0,0.50,0.00,0.00,53,100,100,100,100,4.7,360,356,5.8,35.3,1,0.00,997.1,982.7
2022-04-08T19:00,3.9,1.80,95,3.2,1.2,1.80,0.00,0.00,61,100,100,100,100,7.4,22,14,10.5,33.5,1,0.00,996.8,982.4
2022-04-08T20:00,2.8,3.30,99,2.7,-0.7,2.90,0.00,0.28,73,100,100,100,100,12.0,22,16,18.3,23.4,0,0.00,996.6,982.2
2022-04-08T21:00,2.7,3.00,98,2.5,-0.2,3.00,0.00,0.00,63,100,99,100,100,8.6,34,15,16.6,24.1,0,0.00,996.0,981.6
2022-04-08T22:00,2.4,2.90,99,2.3,-1.2,1.80,0.01,0.77,73,100,100,100,100,12.2,3,341,25.6,24.8,0,0.00,996.2,981.8
2022-04-08T23:00,2.0,3.80,99,1.9,-2.3,1.00,0.02,1.96,75,100,100,100,100,17.4,351,326,42.6,34.9,0,0.00,997.5,983.0
2022-04-09T00:00,2.0,2.30,99,1.8,-2.8,0.80,0.04,1.05,75,100,99,100,100,20.0,340,326,36.1,38.2,0,0.00,999.8,985.3
2022-04-09T01:00,0.8,0.60,100,0.8,-2.8,0.50,0.04,0.07,71,100,84,100,100,10.9,327,314,19.8,37.4,0,0.00,1002.6,988.0
2022-04-09T02:00,1.4,0.20,99,1.2,-2.0,0.10,0.05,0.07,71,100,91,100,100,9.5,293,281,17.6,22.3,0,0.00,1004.4,989.8
2022-04-09T03:00,1.6,0.10,99,1.4,-1.6,0.10,0.05,0.00,51,100,0,100,56,8.7,252,232,16.3,19.4,0,0.00,1006.5,991.9
2022-04-09T04:00,1.7,0.10,94,0.9,-1.6,0.00,0.04,0.07,71,50,0,8,47,9.2,249,231,18.1,18.7,0,0.00,1007.9,993.2
2022-04-09T05:00,1.5,0.00,94,0.7,-1.6,0.00,0.04,0.00,1,39,0,0,39,7.3,279,261,19.3,18.7,0,0.00,1009.0,994.3
2022-04-09T06:00,1.6,0.00,93,0.7,-1.6,0.00,0.04,0.00,2,62,41,3,35,8.1,275,257,19.2,16.9,1,0.00,1010.2,995.5
2022-04-09T07:00,2.4,0.00,91,1.1,-1.0,0.00,0.04,0.00,1,47,32,1,22,10.0,256,240,18.2,20.2,1,1454.84,1011.7,997.0
2022-04-09T08:00,3.7,0.00,87,1.7,0.5,0.00,0.04,0.00,0,17,0,0,17,9.7,256,248,15.2,23.0,1,3600.00,1012.6,998.0
2022-04-09T09:00,5.2,0.00,78,1.6,1.3,0.00,0.04,0.00,2,54,0,0,54,13.8,274,276,19.1,29.2,1,3600.00,1013.0,998.5
2022-04-09T10:00,6.1,0.10,75,2.0,2.4,0.10,0.04,0.00,51,38,0,7,36,13.4,266,265,18.8,34.6,1,3600.00,1013.5,999.0
2022-04-09T11:00,7.4,0.10,67,1.7,3.7,0.10,0.04,0.00,51,99,9,25,99,13.3,272,270,18.0,34.9,1,3600.00,1013.9,999.5
2022-04-09T12:00,8.0,0.10,61,1.0,4.1,0.10,0.03,0.00,51,97,23,44,95,13.0,277,276,17.8,33.5,1,3600.00,1013.8,999.4
2022-04-09T13:00,7.6,0.00,64,1.3,3.7,0.00,0.03,0.00,2,61,41,32,100,16.6,259,257,23.5,34.2,1,3600.00,1014.4,1000.0
2022-04-09T14:00,8.1,0.10,59,0.6,3.5,0.10,0.03,0.00,51,95,0,25,94,17.6,272,269,25.6,38.9,1,0.00,1014.4,1000.0
2022-04-09T15:00,6.8,0.10,59,-0.7,2.5,0.10,0.03,0.00,51,29,1,23,8,14.1,274,273,24.5,38.9,1,2324.77,1014.4,999.9
2022-04-09T16:00,8.4,0.20,53,-0.6,3.5,0.20,0.03,0.00,51,43,0,36,17,18.0,272,271,25.9,38.5,1,3600.00,1014.4,1000.0
2022-04-09T17:00,7.7,0.40,61,0.6,3.4,0.40,0.02,0.00,51,30,0,25,17,15.2,264,265,22.8,38.2,1,3600.00,1014.9,1000.5
2022-04-09T18:00,7.2,0.00,65,1.2,3.6,0.00,0.02,0.00,0,16,0,14,7,11.7,255,252,20.9,31.0,1,3600.00,1015.0,1000.5
2022-04-09T19:00,4.7,0.70,71,-0.2,1.6,0.70,0.02,0.00,53,49,0,29,38,6.0,258,253,16.9,25.6,1,2252.52,1015.6,1001.0
2022-04-09T20:00,4.2,0.10,79,0.8,0.9,0.10,0.02,0.00,51,14,2,12,3,8.5,251,234,20.2,17.3,0,0.00,1016.6,1001.9
2022-04-09T21:00,2.7,0.00,86,0.6,-0.4,0.00,0.02,0.00,1,48,0,47,2,7.0,267,249,19.5,17.6,0,0.00,1017.4,1002.7
2022-04-09T22:00,1.5,0.00,89,-0.1,-1.5,0.00,0.02,0.00,2,63,0,61,5,5.7,270,252,17.3,15.5,0,0.00,1018.0,1003.2
2022-04-09T23:00,0.8,0.00,90,-0.6,-2.3,0.00,0.02,0.00,2,61,0,60,2,6.1,274,242,15.5,13.3,0,0.00,1018.6,1003.7
2022-04-10T00:00,-0.0,0.00,92,-1.2,-3.3,0.00,0.02,0.00,2,56,0,53,6,6.6,273,225,11.9,12.6,0,0.00,1019.3,1004.4
2022-04-10T01:00,0.8,0.00,93,-0.1,-2.5,0.00,0.02,0.00,0,0,0,5,2,7.9,262,219,12.4,11.9,0,0.00,1019.8,1004.9
2022-04-10T02:00,1.6,0.00,93,0.6,-1.1,0.00,0.02,0.00,1,25,0,24,1,4.1,264,218,11.2,14.0,0,0.00,1019.8,1005.0
2022-04-10T03:00,1.1,0.00,94,0.3,-1.7,0.00,0.02,0.00,0,0,0,0,0,4.5,250,209,11.8,10.4,0,0.00,1020.0,1005.1
2022-04-10T04:00,0.2,0.00,96,-0.4,-2.7,0.00,0.02,0.00,0,7,7,0,0,4.8,255,207,9.7,10.8,0,0.00,1020.2,1005.3
2022-04-10T05:00,-0.1,0.00,96,-0.7,-3.0,0.00,0.02,0.00,0,0,0,0,0,4.4,240,189,8.7,10.4,0,0.00,1020.8,1005.9
2022-04-10T06:00,-0.3,0.00,96,-0.9,-3.1,0.00,0.02,0.00,1,24,0,12,22,4.0,220,170,8.4,9.4,1,0.00,1021.5,1006.5
2022-04-10T07:00,1.2,0.00,95,0.5,-1.7,0.00,0.02,0.00,1,39,0,35,8,6.2,208,170,8.5,10.1,1,2690.78,1022.1,1007.2
2022-04-10T08:00,2.9,0.00,92,1.8,0.2,0.00,0.02,0.00,3,97,0,97,12,5.7,207,198,8.9,14.8,1,3600.00,1022.6,1007.8
2022-04-10T09:00,4.5,0.00,84,2.0,1.8,0.00,0.02,0.00,3,96,0,96,14,5.7,215,215,7.5,17.3,1,3600.00,1022.9,1008.2
2022-04-10T10:00,6.0,0.00,76,2.0,3.4,0.00,0.02,0.00,3,100,0,100,32,5.3,242,242,6.9,22.3,1,3600.00,1023.0,1008.4
2022-04-10T11:00,5.6,0.20,79,2.2,3.1,0.20,0.02,0.00,51,100,0,100,100,5.2,246,245,7.1,22.7,1,0.00,1023.3,1008.6
2022-04-10T12:00,5.9,0.30,80,2.8,3.2,0.30,0.02,0.00,51,69,21,56,50,7.2,235,233,10.1,23.0,1,0.00,1023.1,1008.4
2022-04-10T13:00,7.9,0.10,69,2.6,5.2,0.10,0.02,0.00,51,75,2,58,5,7.1,239,240,9.7,26.6,1,3600.00,1022.9,1008.4
2022-04-10T14:00,8.6,0.00,68,3.1,6.0,0.00,0.01,0.00,2,79,52,36,40,7.8,258,257,10.7,27.7,1,3600.00,1022.6,1008.1
2022-04-10T15:00,9.4,0.10,60,2.1,6.1,0.10,0.01,0.00,51,95,0,62,93,10.5,265,264,13.7,26.6,1,3600.00,1022.0,1007.5
2022-04-10T16:00,7.7,0.10,73,3.2,4.8,0.10,0.01,0.00,51,42,0,38,16,8.7,234,232,12.4,25.9,1,3446.74,1022.0,1007.5
2022-04-10T17:00,8.3,0.20,67,2.5,5.6,0.20,0.01,0.00,51,59,1,45,37,6.5,270,270,9.0,20.5,1,3600.00,1021.7,1007.2
2022-04-10T18:00,7.7,0.10,73,3.1,5.2,0.10,0.01,0.00,51,55,7,44,29,5.6,314,315,9.9,15.8,1,3600.00,1021.7,1007.2
2022-04-10T19:00,6.8,0.00,75,2.7,4.6,0.00,0.01,0.00,3,99,84,97,66,3.6,352,53,5.1,11.5,1,207.01,1021.9,1007.3
2022-04-10T20:00,5.4,0.00,84,2.8,3.2,0.00,0.01,0.00,2,75,47,53,10,3.6,198,127,1.1,6.1,0,0.00,1021.9,1007.2
2022-04-10T21:00,4.0,0.00,89,2.4,1.5,0.00,0.01,0.00,3,99,99,0,0,4.7,143,113,3.6,7.9,0,0.00,1022.1,1007.4
2022-04-10T22:00,3.0,0.00,90,1.4,0.5,0.00,0.01,0.00,2,61,61,0,0,4.0,99,85,4.4,9.0,0,0.00,1022.0,1007.2
2022-04-10T23:00,2.1,0.00,91,0.8,-0.9,0.00,0.01,0.00,0,9,9,0,0,6.5,92,87,9.7,12.6,0,0.00,1022.1,1007.3
2022-04-11T00:00,1.4,0.00,92,0.2,-1.7,0.00,0.01,0.00,2,60,60,1,0,6.5,124,109,14.8,13.3,0,0.00,1022.6,1007.7
2022-04-11T01:00,2.2,0.00,90,0.7,-1.2,0.00,0.01,0.00,3,98,100,2,0,9.2,117,101,20.3,15.8,0,0.00,1022.0,1007.2
2022-04-11T02:00,2.4,0.00,89,0.8,-1.2,0.00,0.01,0.00,3,100,100,74,0,10.7,114,102,22.9,20.5,0,0.00,1021.6,1006.8
2022-04-11T03:00,2.5,0.00,87,0.6,-1.2,0.00,0.01,0.00,3,100,100,2,0,11.9,112,104,25.2,23.4,0,0.00,1021.3,1006.5
2022-04-11T04:00,2.6,0.00,85,0.4,-1.4,0.00,0.01,0.00,3,100,100,67,0,13.4,112,104,27.1,26.3,0,0.00,1020.9,1006.1
2022-04-11T05:00,2.8,0.00,82,0.0,-1.2,0.00,0.01,0.00,3,100,100,80,0,12.8,107,100,26.0,26.6,0,0.00,1020.4,1005.6
2022-04-11T06:00,2.6,0.00,81,-0.2,-1.4,0.00,0.01,0.00,3,85,80,25,0,12.5,105,102,25.8,25.6,1,0.00,1020.1,1005.3
2022-04-11T07:00,3.7,0.00,78,0.1,-0.4,0.00,0.01,0.00,1,26,25,0,0,13.1,105,99,25.7,25.9,1,2809.68,1020.1,1005.4
2022-04-11T08:00,6.1,0.00,72,1.4,2.6,0.00,0.01,0.00,0,13,13,0,0,11.3,103,99,24.8,25.2,1,3600.00,1020.2,1005.6
2022-04-11T09:00,8.4,0.00,63,1.7,4.7,0.00,0.01,0.00,0,8,8,0,0,12.8,108,106,18.9,28.8,1,3600.00,1020.1,1005.6
2022-04-11T10:00,10.4,0.00,55,1.8,6.7,0.00,0.01,0.00,3,95,95,0,0,13.1,114,111,18.9,31.0,1,3600.00,1019.7,1005.3
2022-04-11T11:00,12.0,0.00,48,1.3,8.8,0.00,0.01,0.00,3,100,100,0,0,13.0,117,114,18.5,31.3,1,3600.00,1019.0,1004.7
2022-04-11T12:00,13.3,0.00,45,1.7,10.6,0.00,0.01,0.00,3,99,99,0,0,12.9,115,113,17.9,31.0,1,3600.00,1018.4,1004.2
2022-04-11T13:00,14.7,0.00,44,2.5,12.3,0.00,0.01,0.00,3,85,38,0,0,12.4,117,116,16.6,30.2,1,3600.00,1017.1,1003.0
2022-04-11T14:00,15.3,0.00,43,2.7,12.9,0.00,0.01,0.00,3,91,91,0,0,11.8,118,117,16.3,29.2,1,3600.00,1016.5,1002.4
2022-04-11T15:00,15.7,0.00,42,2.8,13.1,0.00,0.01,0.00,3,97,97,0,0,10.6,120,118,14.5,27.7,1,3600.00,1015.8,1001.7
2022-04-11T16:00,15.7,0.00,42,2.9,12.5,0.00,0.00,0.00,3,98,98,0,0,11.0,116,113,15.6,25.6,1,3600.00,1015.0,1001.0
2022-04-11T17:00,15.2,0.00,44,3.1,12.0,0.00,0.00,0.00,3,89,89,0,0,10.9,111,107,17.8,24.8,1,3600.00,1014.4,1000.3
2022-04-11T18:00,13.8,0.00,54,4.6,11.2,0.00,0.00,0.00,3,99,99,0,0,8.6,100,92,19.4,23.8,1,3600.00,1014.3,1000.2
2022-04-11T19:00,11.3,0.00,59,3.6,8.3,0.00,0.00,0.00,3,100,100,0,0,10.4,98,90,24.7,20.5,1,2428.11,1014.5,1000.2
2022-04-11T20:00,10.5,0.00,57,2.4,6.7,0.00,0.00,0.00,3,100,100,0,0,14.1,101,94,30.4,27.7,0,0.00,1014.9,1000.6
2022-04-11T21:00,10.0,0.00,58,2.0,6.0,0.00,0.00,0.00,3,100,100,0,0,14.6,106,100,31.5,29.2,0,0.00,1015.0,1000.7
2022-04-11T22:00,9.4,0.00,60,2.0,5.3,0.00,0.00,0.00,3,100,100,0,0,15.7,109,101,32.8,31.3,0,0.00,1015.2,1000.8
2022-04-11T23:00,8.9,0.00,61,1.8,4.6,0.00,0.00,0.00,3,100,100,0,0,16.8,111,105,33.6,32.8,0,0.00,1015.3,1000.9
2022-04-12T00:00,8.3,0.00,62,1.6,3.8,0.00,0.00,0.00,3,99,99,1,0,17.9,112,105,35.0,34.9,0,0.00,1015.2,1000.8
2022-04-12T01:00,8.6,0.00,61,1.4,4.1,0.00,0.00,0.00,3,97,99,11,0,17.2,116,110,34.0,35.3,0,0.00,1014.2,999.8
2022-04-12T02:00,8.1,0.00,62,1.4,4.0,0.00,0.00,0.00,3,100,100,0,0,15.2,118,112,31.1,33.5,0,0.00,1014.2,999.8
2022-04-12T03:00,8.1,0.00,62,1.3,3.9,0.00,0.00,0.00,3,100,100,0,0,15.2,119,112,30.5,29.9,0,0.00,1014.1,999.7
2022-04-12T04:00,7.8,0.00,63,1.3,3.5,0.00,0.00,0.00,3,100,100,0,0,16.1,114,110,31.1,31.0,0,0.00,1013.8,999.4
2022-04-12T05:00,7.3,0.00,65,1.2,3.1,0.00,0.00,0.00,3,100,100,2,0,15.0,114,111,30.3,31.3,0,0.00,1013.7,999.3
2022-04-12T06:00,6.9,0.00,67,1.2,2.8,0.00,0.00,0.00,3,100,100,0,0,14.6,112,110,29.9,29.2,1,0.00,1013.9,999.4
2022-04-12T07:00,7.9,0.00,67,2.1,4.0,0.00,0.00,0.00,1,22,22,1,0,14.9,111,110,28.9,29.9,1,2686.59,1014.2,999.8
2022-04-12T08:00,10.1,0.00,66,4.0,6.9,0.00,0.00,0.00,3,96,96,14,0,11.9,111,104,32.7,29.9,1,3600.00,1014.1,999.8
2022-04-12T09:00,12.7,0.00,61,5.4,10.2,0.00,0.00,0.00,3,98,98,31,0,9.6,108,110,16.3,25.9,1,3600.00,1014.3,1000.1
2022-04-12T10:00,15.1,0.00,55,6.1,12.6,0.00,0.00,0.00,3,100,100,29,0,10.7,111,110,15.4,24.8,1,3600.00,1014.2,1000.1
2022-04-12T11:00,17.5,0.00,50,6.9,15.5,0.00,0.00,0.00,3,100,100,3,0,11.1,117,115,16.1,27.0,1,3600.00,1013.6,999.7
2022-04-12T12:00,19.4,0.00,46,7.6,17.9,0.00,0.00,0.00,3,100,100,0,0,10.7,124,123,15.3,26.3,1,3600.00,1013.0,999.2
2022-04-12T13:00,21.4,0.00,38,6.5,19.5,0.00,0.00,0.00,3,97,100,0,0,13.0,133,132,17.6,27.0,1,3600.00,1011.7,998.0
2022-04-12T14:00,21.5,0.00,40,7.2,19.5,0.00,0.00,0.00,3,100,100,0,0,11.3,123,121,16.4,28.1,1,3600.00,1011.8,998.1
2022-04-12T15:00,21.7,0.00,40,7.6,19.4,0.00,0.00,0.00,3,100,100,0,0,11.6,118,116,17.9,25.6,1,3600.00,1011.3,997.6
2022-04-12T16:00,21.8,0.00,40,7.7,19.4,0.00,0.00,0.00,3,100,100,2,0,11.8,116,113,19.6,26.3,1,3600.00,1010.8,997.1
2022-04-12T17:00,20.6,0.00,49,9.5,19.0,0.00,0.00,0.00,3,100,100,6,0,10.2,112,108,21.8,25.6,1,2687.10,1010.8,997.0
2022-04-12T18:00,19.0,0.00,55,9.7,17.2,0.00,0.00,0.00,3,100,100,35,0,11.7,105,101,25.8,23.8,1,3600.00,1011.1,997.3
2022-04-12T19:00,17.3,0.00,57,8.6,15.0,0.00,0.00,0.00,3,100,100,14,0,13.1,106,99,28.8,26.6,1,0.00,1011.4,997.5
2022-04-12T20:00,15.8,0.00,60,8.0,13.3,0.00,0.00,0.00,3,99,99,0,0,13.4,113,104,30.0,27.4,0,0.00,1012.1,998.1
2022-04-12T21:00,14.9,0.00,63,8.0,12.4,0.00,0.00,0.00,3,100,100,16,0,13.7,117,108,30.3,27.7,0,0.00,1012.5,998.4
2022-04-12T22:00,14.1,0.00,67,8.0,11.5,0.00,0.00,0.00,3,100,100,5,0,14.2,123,111,29.7,28.4,0,0.00,1013.0,998.9
2022-04-12T23:00,12.5,0.00,73,7.8,10.2,0.00,0.00,0.00,3,100,100,38,0,11.8,133,117,24.0,27.7,0,0.00,1013.6,999.4
2022-04-13T00:00,11.6,0.00,75,7.4,9.3,0.00,0.00,0.00,3,100,100,0,0,10.8,128,105,21.0,22.0,0,0.00,1013.8,999.6
2022-04-13T01:00,12.3,0.00,65,5.9,9.7,0.00,0.00,0.00,3,100,100,66,0,10.8,129,111,22.5,20.9,0,0.00,1013.2,999.0
2022-04-13T02:00,11.9,0.00,65,5.5,9.6,0.00,0.00,0.00,3,96,91,58,0,8.0,128,100,17.4,20.2,0,0.00,1013.1,998.9
2022-04-13T03:00,11.2,0.00,68,5.4,9.0,0.00,0.00,0.00,3,98,97,29,0,7.3,141,110,13.0,15.1,0,0.00,1013.7,999.4
2022-04-13T04:00,10.4,0.00,71,5.4,8.4,0.00,0.00,0.00,3,93,91,21,0,5.8,153,90,7.2,13.0,0,0.00,1014.0,999.7
2022-04-13T05:00,9.0,0.00,79,5.6,7.3,0.00,0.00,0.00,2,53,52,0,0,4.0,163,90,3.8,11.2,0,0.00,1014.0,999.6
2022-04-13T06:00,8.2,0.00,82,5.4,6.4,0.00,0.00,0.00,1,36,36,0,0,4.7,177,113,6.5,9.4,1,0.00,1014.2,999.8
2022-04-13T07:00,10.2,0.00,78,6.6,8.1,0.00,0.00,0.00,2,65,64,3,0,8.0,155,126,11.9,14.0,1,3042.90,1015.0,1000.7
2022-04-13T08:00,13.1,0.00,73,8.4,11.9,0.00,0.00,0.00,3,96,96,13,0,5.2,143,124,11.3,14.8,1,3600.00,1015.5,1001.3
2022-04-13T09:00,15.7,0.00,65,9.2,15.0,0.00,0.00,0.00,3,100,100,19,0,3.5,117,114,5.6,12.6,1,3600.00,1016.0,1001.9
2022-04-13T10:00,17.6,0.00,60,9.8,16.9,0.00,0.00,0.00,3,100,100,2,0,4.8,164,167,6.4,15.1,1,3600.00,1016.5,1002.5
2022-04-13T11:00,19.0,0.00,55,9.9,19.2,0.00,0.00,0.00,3,92,82,55,0,2.3,186,198,3.3,15.5,1,3600.00,1016.4,1002.5
2022-04-13T12:00,20.4,0.00,52,10.3,21.0,0.00,0.00,0.00,1,42,2,41,0,3.1,287,291,3.8,13.0,1,3600.00,1016.2,1002.4
2022-04-13T13:00,22.0,0.00,45,9.4,22.7,0.00,0.00,0.00,2,75,100,74,0,2.3,320,309,2.8,16.2,1,3600.00,1015.4,1001.6
2022-04-13T14:00,21.9,0.00,49,10.6,21.3,0.00,0.00,0.00,3,100,100,69,0,7.0,328,325,8.9,17.6,1,3600.00,1015.1,1001.3
2022-04-13T15:00,21.6,0.00,50,10.8,21.0,0.00,0.00,0.00,3,100,100,97,0,5.6,339,333,8.1,18.7,1,3303.76,1015.0,1001.2
2022-04-13T16:00,21.7,0.00,49,10.6,20.8,0.00,0.00,0.00,3,100,100,4,0,7.3,344,340,10.5,16.2,1,3600.00,1014.8,1001.0
2022-04-13T17:00,21.2,0.00,54,11.6,20.6,0.00,0.00,0.00,3,99,99,10,0,7.5,350,343,15.0,18.0,1,3600.00,1014.8,1001.0
2022-04-13T18:00,19.7,0.00,63,12.5,19.4,0.00,0.00,0.00,2,66,66,0,0,7.3,1,351,17.6,16.6,1,3414.15,1015.3,1001.4
2022-04-13T19:00,17.2,0.00,71,11.9,16.8,0.00,0.00,0.00,2,63,63,0,0,6.8,32,25,17.0,15.1,1,1300.02,1015.5,1001.5
2022-04-13T20:00,15.2,0.00,78,11.3,14.5,0.00,0.00,0.00,0,8,8,0,0,7.1,48,49,17.1,14.0,0,0.00,1015.8,1001.7
2022-04-13T21:00,13.3,0.00,84,10.6,12.6,0.00,0.00,0.00,1,35,35,0,0,5.9,47,52,12.7,14.0,0,0.00,1016.3,1002.1
2022-04-13T22:00,11.8,0.00,88,9.9,11.0,0.00,0.00,0.00,1,28,28,0,0,5.1,37,39,9.5,11.2,0,0.00,1017.0,1002.7
2022-04-13T23:00,11.2,0.00,89,9.5,10.0,0.00,0.00,0.00,0,13,13,0,0,7.2,340,354,18.0,13.0,0,0.00,1017.5,1003.2
2022-04-14T00:00,11.4,0.00,88,9.5,9.9,0.00,0.00,0.00,0,0,0,0,0,9.0,356,2,22.4,17.6,0,0.00,1017.5,1003.2
2022-04-14T01:00,9.8,0.00,89,8.2,8.4,0.00,0.00,0.00,0,0,1,2,0,6.4,22,38,7.8,17.6,0,0.00,1016.9,1002.5
2022-04-14T02:00,10.6,0.00,89,8.8,9.1,0.00,0.00,0.00,3,90,90,0,0,7.7,341,349,17.5,13.7,0,0.00,1017.1,1002.8
2022-04-14T03:00,11.0,0.00,92,9.8,9.1,0.00,0.00,0.00,1,39,33,9,0,13.0,344,341,27.7,24.5,0,0.00,1017.9,1003.6
2022-04-14T04:00,11.5,0.00,93,10.4,9.9,0.00,0.00,0.00,0,1,1,0,0,11.7,358,351,25.2,27.0,0,0.00,1018.1,1003.8
2022-04-14T05:00,11.2,0.00,93,10.1,9.6,0.00,0.00,0.00,0,1,0,0,1,11.3,360,353,24.5,23.4,0,0.00,1018.2,1003.9
2022-04-14T06:00,10.8,0.00,94,9.9,9.1,0.00,0.00,0.00,1,30,27,3,0,11.1,357,347,23.4,22.7,1,0.00,1018.5,1004.2
2022-04-14T07:00,12.0,0.00,91,10.5,10.8,0.00,0.00,0.00,2,67,57,23,0,9.1,2,351,20.5,22.0,1,3158.15,1019.2,1004.9
2022-04-14T08:00,13.5,0.00,85,11.1,12.8,0.00,0.00,0.00,1,43,19,30,1,7.1,340,330,10.7,18.4,1,3600.00,1019.5,1005.3
2022-04-14T09:00,15.2,0.00,78,11.3,13.8,0.00,0.00,0.00,2,61,10,23,45,12.4,351,350,16.8,27.7,1,3600.00,1020.0,1005.9
2022-04-14T10:00,16.3,0.00,73,11.4,14.5,0.00,0.00,0.00,2,74,36,19,50,15.0,352,350,20.7,32.0,1,3600.00,1020.0,1005.9
2022-04-14T11:00,17.5,0.00,67,11.3,15.4,0.00,0.00,0.00,3,94,92,15,15,16.6,359,358,23.4,36.4,1,3600.00,1020.3,1006.3
2022-04-14T12:00,18.5,0.00,62,11.1,16.8,0.00,0.00,0.00,2,78,46,40,33,15.9,359,357,22.0,37.1,1,3600.00,1020.1,1006.1
2022-04-14T13:00,19.5,0.00,61,11.9,18.3,0.00,0.00,0.00,3,88,92,66,45,14.4,359,357,19.8,35.3,1,3600.00,1020.1,1006.2
2022-04-14T14:00,19.5,0.00,60,11.5,18.5,0.00,0.00,0.00,3,97,85,69,40,12.7,348,345,17.3,32.0,1,3600.00,1019.7,1005.8
2022-04-14T15:00,18.3,0.00,64,11.4,16.4,0.00,0.00,0.00,3,100,88,100,7,15.6,344,341,21.8,33.5,1,3600.00,1019.7,1005.7
2022-04-14T16:00,18.1,0.00,65,11.3,16.4,0.00,0.00,0.00,3,95,93,67,2,14.3,346,342,20.4,33.5,1,3600.00,1019.9,1005.9
2022-04-14T17:00,17.6,0.00,64,10.7,15.5,0.00,0.00,0.00,3,100,99,19,10,15.4,352,349,22.9,33.8,1,3600.00,1020.3,1006.3
2022-04-14T18:00,17.0,0.00,67,10.7,16.0,0.00,0.00,0.00,3,89,87,11,7,7.9,1,360,14.8,32.0,1,3600.00,1020.7,1006.6
2022-04-14T19:00,15.3,0.00,73,10.5,14.4,0.00,0.00,0.00,3,96,95,22,13,6.8,359,360,16.9,16.2,1,2689.35,1021.1,1006.9
2022-04-14T20:00,12.8,0.00,84,10.1,12.1,0.00,0.00,0.00,3,99,99,6,0,5.2,25,34,12.7,14.4,0,0.00,1021.7,1007.4
2022-04-14T21:00,12.0,0.00,88,10.0,11.1,0.00,0.00,0.00,3,100,100,34,0,6.0,33,65,12.5,11.5,0,0.00,1022.3,1008.0
2022-04-14T22:00,11.5,0.00,90,10.0,10.6,0.00,0.00,0.00,2,51,37,22,0,6.2,53,83,11.3,13.0,0,0.00,1022.4,1008.0
2022-04-14T23:00,10.0,0.00,94,9.2,9.1,0.00,0.00,0.00,1,37,37,0,0,4.7,81,90,4.4,11.9,0,0.00,1022.6,1008.2
2022-04-15T00:00,8.6,0.00,96,8.0,7.7,0.00,0.00,0.00,1,37,33,5,0,2.6,324,56,3.1,8.3,0,0.00,1023.0,1008.5
2022-04-15T01:00,9.9,0.00,89,8.2,8.4,0.00,0.00,0.00,3,93,100,79,0,6.5,343,34,11.3,7.2,0,0.00,1022.7,1008.3
2022-04-15T02:00,10.3,0.00,87,8.3,9.1,0.00,0.00,0.00,1,49,48,1,0,5.0,357,30,12.3,10.8,0,0.00,1022.8,1008.4
2022-04-15T03:00,8.4,0.00,91,7.0,6.6,0.00,0.00,0.00,3,98,98,1,0,7.2,352,27,10.9,11.2,0,0.00,1023.0,1008.5
2022-04-15T04:00,7.9,0.00,92,6.6,6.0,0.00,0.00,0.00,3,99,99,0,0,7.2,345,18,10.8,11.5,0,0.00,1023.2,1008.6
2022-04-15T05:00,7.6,0.00,93,6.5,5.6,0.00,0.00,0.00,3,98,98,0,0,7.6,343,360,13.6,12.2,0,0.00,1023.4,1008.8
2022-04-15T06:00,7.9,0.00,93,6.8,6.2,0.00,0.00,0.00,3,98,98,0,0,5.6,1,15,14.0,12.2,1,0.00,1023.9,1009.3
2022-04-15T07:00,10.4,0.00,88,8.4,9.1,0.00,0.00,0.00,1,41,41,0,0,5.8,8,356,12.7,11.5,1,3273.20,1024.5,1010.1
2022-04-15T08:00,12.8,0.00,82,9.8,12.2,0.00,0.00,0.00,0,7,7,0,0,3.8,5,319,8.3,11.9,1,3600.00,1024.6,1010.3
2022-04-15T09:00,14.9,0.00,77,11.0,14.3,0.00,0.00,0.00,1,34,34,0,0,6.4,322,313,8.2,17.3,1,3600.00,1024.8,1010.6
2022-04-15T10:00,16.2,0.00,71,10.9,14.9,0.00,0.00,0.00,1,42,32,9,5,10.8,335,330,14.7,25.6,1,3600.00,1024.9,1010.7
2022-04-15T11:00,17.2,0.00,61,9.6,15.7,0.00,0.00,0.00,2,54,54,0,0,12.8,340,338,17.2,30.2,1,3600.00,1025.1,1011.0
2022-04-15T12:00,17.7,0.00,55,8.5,16.3,0.00,0.00,0.00,0,19,19,0,0,12.6,336,333,16.6,30.2,1,3600.00,1024.9,1010.8
2022-04-15T13:00,18.3,0.00,50,7.7,17.2,0.00,0.00,0.00,1,22,36,1,23,10.8,333,330,14.2,30.6,1,3600.00,1024.8,1010.7
2022-04-15T14:00,18.6,0.00,46,6.7,16.7,0.00,0.00,0.00,2,60,13,54,2,11.8,337,337,16.0,27.7,1,3600.00,1024.5,1010.5
2022-04-15T15:00,18.6,0.00,45,6.5,15.8,0.00,0.00,0.00,2,50,14,42,6,12.9,339,337,17.8,29.2,1,3600.00,1024.1,1010.1
2022-04-15T16:00,18.3,0.00,46,6.4,15.7,0.00,0.00,0.00,1,22,21,2,0,11.5,342,340,16.3,28.8,1,3600.00,1023.9,1009.9
2022-04-15T17:00,18.2,0.00,45,6.1,15.7,0.00,0.00,0.00,1,25,19,7,2,9.8,337,336,16.0,25.2,1,3600.00,1023.9,1009.8
2022-04-15T18:00,16.7,0.00,53,6.9,14.2,0.00,0.00,0.00,0,4,0,4,0,11.6,329,324,22.8,24.1,1,3600.00,1024.0,1009.9
2022-04-15T19:00,14.7,0.00,59,6.7,12.1,0.00,0.00,0.00,0,11,6,2,4,12.4,343,338,25.2,28.1,1,2776.40,1024.7,1010.5
2022-04-15T20:00,13.0,0.00,66,6.9,10.2,0.00,0.00,0.00,0,2,0,0,2,13.7,36,30,27.3,27.0,0,0.00,1025.9,1011.6
2022-04-15T21:00,11.2,0.00,72,6.4,8.5,0.00,0.00,0.00,0,0,0,0,0,12.5,47,41,25.5,28.1,0,0.00,1026.7,1012.3
2022-04-15T22:00,9.8,0.00,76,5.8,7.4,0.00,0.00,0.00,0,6,0,0,6,9.3,62,54,22.1,25.2,0,0.00,1027.3,1012.8
2022-04-15T23:00,8.5,0.00,79,5.1,6.4,0.00,0.00,0.00,0,10,5,0,5,6.1,62,45,17.6,19.8,0,0.00,1028.0,1013.4
2022-04-16T00:00,7.4,0.00,82,4.6,5.3,0.00,0.00,0.00,0,0,0,0,0,5.8,52,30,15.9,13.7,0,0.00,1028.4,1013.7
2022-04-16T01:00,7.5,0.00,81,4.4,5.0,0.00,0.00,0.00,0,0,14,0,0,7.9,58,47,20.4,14.0,0,0.00,1028.3,1013.7
2022-04-16T02:00,7.5,0.00,81,4.5,4.9,0.00,0.00,0.00,1,29,29,0,0,8.6,65,57,21.4,18.7,0,0.00,1028.1,1013.5
2022-04-16T03:00,7.3,0.00,83,4.7,4.8,0.00,0.00,0.00,3,100,100,0,1,8.1,65,58,20.6,18.4,0,0.00,1028.1,1013.4
2022-04-16T04:00,7.1,0.00,85,4.8,4.6,0.00,0.00,0.00,0,5,0,1,5,8.6,62,57,21.3,18.4,0,0.00,1028.3,1013.6
2022-04-16T05:00,7.0,0.00,87,5.0,4.5,0.00,0.00,0.00,0,2,0,1,2,8.7,58,52,21.2,18.0,0,0.00,1028.5,1013.8
2022-04-16T06:00,7.1,0.00,87,5.0,4.2,0.00,0.00,0.00,0,0,0,0,0,11.4,58,55,24.3,22.3,1,0.00,1029.1,1014.4
2022-04-16T07:00,8.3,0.00,81,5.2,5.0,0.00,0.00,0.00,0,3,0,0,3,14.4,60,58,22.9,29.9,1,3387.93,1029.7,1015.1
2022-04-16T08:00,9.6,0.00,76,5.6,6.6,0.00,0.00,0.00,0,7,0,0,7,13.1,60,58,19.5,29.9,1,3600.00,1029.9,1015.3
2022-04-16T09:00,10.9,0.00,69,5.5,7.7,0.00,0.00,0.00,1,24,0,0,24,14.2,66,66,19.7,31.0,1,3600.00,1030.2,1015.7
2022-04-16T10:00,12.1,0.00,63,5.3,8.8,0.00,0.00,0.00,1,36,0,0,36,14.4,68,68,19.9,32.4,1,3600.00,1030.2,1015.8
2022-04-16T11:00,12.8,0.00,59,5.1,9.5,0.00,0.00,0.00,1,46,0,0,46,15.0,66,66,20.5,33.8,1,3600.00,1030.1,1015.7
2022-04-16T12:00,13.1,0.00,58,5.0,9.8,0.00,0.00,0.00,1,39,0,0,39,15.1,62,62,20.8,34.6,1,3600.00,1030.2,1015.8
2022-04-16T13:00,14.6,0.00,48,3.6,11.7,0.00,0.00,0.00,1,20,0,1,4,12.8,69,68,17.3,34.6,1,3600.00,1029.8,1015.5
2022-04-16T14:00,14.8,0.00,43,2.3,12.2,0.00,0.00,0.00,0,2,0,0,2,13.1,70,69,18.0,30.6,1,3600.00,1029.7,1015.4
2022-04-16T15:00,14.8,0.00,35,-0.7,11.2,0.00,0.00,0.00,0,1,1,0,0,14.3,64,62,20.0,32.4,1,3600.00,1029.3,1015.0
2022-04-16T16:00,14.4,0.00,33,-1.8,9.8,0.00,0.00,0.00,0,7,7,0,0,15.5,65,62,21.9,33.5,1,3600.00,1029.1,1014.8
2022-04-16T17:00,13.6,0.00,39,-0.2,9.4,0.00,0.00,0.00,0,10,10,0,0,14.0,65,64,21.4,33.5,1,3600.00,1029.3,1015.0
2022-04-16T18:00,12.5,0.00,44,0.6,8.8,0.00,0.00,0.00,1,24,24,0,0,11.6,66,64,21.3,30.2,1,3600.00,1029.5,1015.1
2022-04-16T19:00,10.5,0.00,46,-0.8,6.7,0.00,0.00,0.00,0,5,5,0,0,10.5,72,68,22.7,24.8,1,2863.45,1030.1,1015.6
2022-04-16T20:00,8.8,0.00,49,-1.5,4.9,0.00,0.00,0.00,0,16,16,0,0,10.6,69,62,23.9,22.7,0,0.00,1030.9,1016.3
2022-04-16T21:00,8.0,0.00,50,-1.8,3.7,0.00,0.00,0.00,0,0,0,0,0,12.6,69,63,26.5,25.6,0,0.00,1031.3,1016.6
2022-04-16T22:00,7.5,0.00,52,-1.8,3.0,0.00,0.00,0.00,0,0,0,0,0,14.9,73,70,30.1,30.2,0,0.00,1031.4,1016.7
2022-04-16T23:00,7.2,0.00,53,-1.6,2.4,0.00,0.00,0.00,0,5,5,0,0,17.1,83,82,32.6,35.3,0,0.00,1031.6,1016.9
2022-04-17T00:00,6.8,0.00,55,-1.6,2.0,0.00,0.00,0.00,0,1,1,0,0,16.6,92,90,31.3,35.6,0,0.00,1031.6,1016.9
2022-04-17T01:00,6.8,0.00,54,-1.8,2.2,0.00,0.00,0.00,0,0,0,0,0,15.1,89,87,29.9,34.2,0,0.00,1031.3,1016.6
2022-04-17T02:00,6.3,0.00,55,-2.2,1.8,0.00,0.00,0.00,0,0,0,0,0,14.4,93,91,29.6,31.3,0,0.00,1031.0,1016.3
2022-04-17T03:00,5.8,0.00,55,-2.6,1.3,0.00,0.00,0.00,0,0,0,0,0,13.5,99,99,28.4,30.2,0,0.00,1030.6,1015.8
2022-04-17T04:00,5.0,0.00,58,-2.5,0.8,0.00,0.00,0.00,0,0,0,0,0,11.6,99,97,25.9,28.1,0,0.00,1030.3,1015.5
2022-04-17T05:00,4.4,0.00,61,-2.5,0.3,0.00,0.00,0.00,0,0,0,0,0,10.8,95,92,24.9,24.5,0,0.00,1030.1,1015.3
2022-04-17T06:00,4.2,0.00,64,-2.0,0.2,0.00,0.00,0.00,0,0,0,0,0,11.2,93,90,24.9,23.0,1,0.00,1029.9,1015.1
2022-04-17T07:00,5.9,0.00,65,-0.2,1.8,0.00,0.00,0.00,0,0,0,0,0,13.0,96,95,28.2,27.0,1,3502.27,1029.8,1015.0
2022-04-17T08:00,7.8,0.00,60,0.6,4.0,0.00,0.00,0.00,0,0,0,0,0,12.3,94,93,19.9,28.1,1,3600.00,1029.6,1015.0
2022-04-17T09:00,9.7,0.00,54,1.0,5.7,0.00,0.00,0.00,0,0,0,0,0,14.1,103,103,20.3,31.3,1,3600.00,1029.2,1014.7
2022-04-17T10:00,11.1,0.00,48,0.4,7.2,0.00,0.00,0.00,0,11,11,0,0,14.5,105,104,20.5,34.6,1,3600.00,1028.6,1014.1
2022-04-17T11:00,12.5,0.00,46,1.0,9.4,0.00,0.00,0.00,1,45,45,0,0,13.7,93,93,19.1,33.1,1,3600.00,1028.0,1013.6
2022-04-17T12:00,13.6,0.00,44,1.6,11.2,0.00,0.00,0.00,3,92,92,0,0,12.6,91,92,17.6,32.4,1,3600.00,1027.2,1012.9
2022-04-17T13:00,15.2,0.00,38,0.9,13.2,0.00,0.00,0.00,3,100,99,0,0,9.4,92,92,12.6,30.2,1,3600.00,1026.0,1011.8
2022-04-17T14:00,15.5,0.00,38,1.3,13.1,0.00,0.00,0.00,1,41,41,0,0,10.1,92,94,13.7,24.8,1,3600.00,1025.1,1010.9
2022-04-17T15:00,15.7,0.00,38,1.4,13.1,0.00,0.00,0.00,0,0,0,0,0,10.1,89,90,14.0,25.2,1,3600.00,1024.2,1010.0
2022-04-17T16:00,15.5,0.00,38,1.1,12.0,0.00,0.00,0.00,0,0,0,0,0,11.2,89,90,15.5,25.6,1,3600.00,1023.4,1009.2
2022-04-17T17:00,14.8,0.00,39,0.9,11.0,0.00,0.00,0.00,0,0,0,0,0,12.3,84,85,18.4,27.0,1,3600.00,1022.9,1008.7
2022-04-17T18:00,13.6,0.00,43,1.4,10.1,0.00,0.00,0.00,0,0,0,0,0,10.5,85,84,19.5,27.0,1,3600.00,1022.8,1008.5
2022-04-17T19:00,11.3,0.00,48,0.7,7.9,0.00,0.00,0.00,0,0,0,0,0,9.4,87,83,22.0,22.3,1,2950.45,1022.9,1008.5
2022-04-17T20:00,9.9,0.00,50,-0.1,6.2,0.00,0.00,0.00,0,0,0,0,0,10.3,86,78,24.5,21.6,0,0.00,1023.1,1008.6
2022-04-17T21:00,9.1,0.00,52,-0.3,5.4,0.00,0.00,0.00,0,0,0,0,0,10.7,86,76,25.6,22.7,0,0.00,1023.0,1008.5
2022-04-17T22:00,8.0,0.00,57,-0.1,4.6,0.00,0.00,0.00,0,0,0,0,0,8.4,90,80,22.0,22.3,0,0.00,1022.7,1008.2
2022-04-17T23:00,7.1,0.00,61,0.0,3.6,0.00,0.00,0.00,0,0,0,0,0,9.0,92,85,22.3,19.1,0,0.00,1022.6,1008.0
2022-04-18T00:00,6.8,0.00,62,-0.0,3.1,0.00,0.00,0.00,0,0,0,0,0,11.2,91,86,25.9,22.7,0,0.00,1022.5,1007.9
2022-04-18T01:00,7.0,0.00,56,-1.1,3.1,0.00,0.00,0.00,0,0,0,0,0,10.4,95,92,24.2,23.4,0,0.00,1021.8,1007.2
2022-04-18T02:00,6.4,0.00,58,-1.2,2.5,0.00,0.00,0.00,0,0,0,0,0,10.9,100,98,24.9,22.0,0,0.00,1021.5,1006.9
2022-04-18T03:00,6.1,0.00,57,-1.7,1.9,0.00,0.00,0.00,0,0,0,0,0,12.3,96,93,26.8,24.1,0,0.00,1021.0,1006.4
2022-04-18T04:00,5.9,0.00,53,-3.0,1.5,0.00,0.00,0.00,0,0,0,0,0,13.0,97,95,28.3,26.3,0,0.00,1020.7,1006.1
2022-04-18T05:00,5.6,0.00,53,-3.3,1.1,0.00,0.00,0.00,0,0,0,0,0,13.4,99,98,28.8,27.4,0,0.00,1020.4,1005.8
2022-04-18T06:00,5.4,0.00,57,-2.5,1.0,0.00,0.00,0.00,0,0,0,0,0,13.4,96,96,27.9,27.4,1,0.00,1020.1,1005.5
2022-04-18T07:00,6.9,0.00,59,-0.6,3.0,0.00,0.00,0.00,0,0,0,0,0,11.3,96,97,24.3,27.0,1,3600.00,1020.2,1005.6
2022-04-18T08:00,9.0,0.00,57,1.1,5.7,0.00,0.00,0.00,0,0,0,0,0,9.4,93,94,15.5,22.3,1,3600.00,1020.3,1005.8
2022-04-18T09:00,11.1,0.00,53,1.9,8.0,0.00,0.00,0.00,0,0,0,0,0,8.4,97,97,12.0,21.6,1,3600.00,1020.2,1005.9
2022-04-18T10:00,12.8,0.00,46,1.5,10.1,0.00,0.00,0.00,0,0,0,0,0,7.7,100,101,10.6,21.2,1,3600.00,1020.0,1005.7
2022-04-18T11:00,14.0,0.00,42,1.3,11.8,0.00,0.00,0.00,0,0,0,0,0,8.4,96,97,11.2,22.3,1,3600.00,1019.6,1005.4
2022-04-18T12:00,14.8,0.00,42,2.0,13.3,0.00,0.00,0.00,0,0,0,0,0,7.6,90,93,10.1,22.7,1,3600.00,1019.0,1004.9
2022-04-18T13:00,16.3,0.00,37,1.7,15.1,0.00,0.00,0.00,0,0,0,0,0,6.3,100,103,8.4,21.2,1,3600.00,1018.0,1003.9
2022-04-18T14:00,16.6,0.00,39,2.4,15.5,0.00,0.00,0.00,0,0,0,0,0,5.6,101,105,7.3,19.1,1,3600.00,1017.2,1003.2
2022-04-18T15:00,16.9,0.00,39,3.0,15.4,0.00,0.00,0.00,0,0,0,0,0,5.0,106,111,6.7,17.6,1,3600.00,1016.5,1002.5
2022-04-18T16:00,16.9,0.00,40,3.2,14.7,0.00,0.00,0.00,0,0,0,0,0,4.7,107,113,6.0,15.8,1,3600.00,1016.0,1002.0
2022-04-18T17:00,16.6,0.00,41,3.5,14.5,0.00,0.00,0.00,0,4,0,0,4,3.8,129,139,4.6,13.7,1,3600.00,1015.6,1001.6
2022-04-18T18:00,15.9,0.00,59,7.8,14.9,0.00,0.00,0.00,0,1,0,0,1,2.4,138,153,5.4,10.1,1,3600.00,1015.5,1001.5
2022-04-18T19:00,11.9,0.00,71,6.9,10.1,0.00,0.00,0.00,0,5,0,0,5,6.9,106,99,9.3,9.7,1,3037.39,1015.6,1001.4
2022-04-18T20:00,10.9,0.00,64,4.3,8.4,0.00,0.00,0.00,0,0,0,0,0,7.4,83,76,17.8,14.4,0,0.00,1016.1,1001.8
2022-04-18T21:00,9.4,0.00,63,2.6,6.7,0.00,0.00,0.00,0,0,0,0,0,6.6,81,77,15.7,15.8,0,0.00,1016.0,1001.6
2022-04-18T22:00,7.5,0.00,70,2.3,5.0,0.00,0.00,0.00,0,0,0,0,0,5.2,75,78,9.7,13.0,0,0.00,1015.8,1001.3
2022-04-18T23:00,6.5,0.00,74,2.2,3.8,0.00,0.00,0.00,0,2,2,0,0,6.2,73,83,11.3,13.0,0,0.00,1015.8,1001.3
2022-04-19T00:00,5.3,0.00,80,2.1,2.9,0.00,0.00,0.00,0,1,1,0,0,4.0,71,80,8.8,12.6,0,0.00,1015.3,1000.7
2022-04-19T01:00,7.1,0.00,65,1.0,4.1,0.00,0.00,0.00,0,0,11,0,0,7.2,95,87,20.6,10.1,0,0.00,1014.7,1000.2
2022-04-19T02:00,6.5,0.00,67,0.9,3.4,0.00,0.00,0.00,0,0,0,0,0,7.6,89,82,18.7,15.5,0,0.00,1014.4,999.9
2022-04-19T03:00,4.8,0.00,78,1.2,1.9,0.00,0.00,0.00,0,0,0,0,0,6.5,100,90,12.8,14.8,0,0.00,1013.9,999.3
2022-04-19T04:00,4.8,0.00,77,1.0,2.1,0.00,0.00,0.00,0,0,0,0,0,4.7,76,67,4.5,10.4,0,0.00,1013.9,999.3
2022-04-19T05:00,3.3,0.00,85,1.1,0.8,0.00,0.00,0.00,0,15,15,0,0,3.6,41,84,3.8,6.8,0,0.00,1013.8,999.1
2022-04-19T06:00,3.7,0.00,85,1.5,1.1,0.00,0.00,0.00,2,66,66,0,0,4.7,70,94,5.4,9.7,1,0.00,1013.9,999.3
2022-04-19T07:00,6.4,0.00,78,2.9,4.3,0.00,0.00,0.00,3,93,93,0,0,3.2,58,90,3.4,9.4,1,3600.00,1014.2,999.7
2022-04-19T08:00,9.1,0.00,72,4.4,7.6,0.00,0.00,0.00,0,5,5,0,0,1.1,360,270,1.4,8.3,1,3600.00,1014.4,1000.0
2022-04-19T09:00,11.6,0.00,64,5.0,10.0,0.00,0.00,0.00,0,4,4,0,0,2.5,270,270,2.5,11.9,1,3600.00,1014.4,1000.2
2022-04-19T10:00,13.6,0.00,59,5.7,12.3,0.00,0.00,0.00,0,7,7,0,0,3.2,281,270,3.7,14.4,1,3600.00,1014.0,999.9
2022-04-19T11:00,15.3,0.00,53,5.9,14.6,0.00,0.00,0.00,0,14,14,0,0,4.9,315,306,6.1,16.9,1,3600.00,1013.4,999.4
2022-04-19T12:00,16.6,0.00,45,4.7,15.3,0.00,0.00,0.00,1,32,32,0,0,8.8,345,341,11.2,22.7,1,3600.00,1012.8,998.8
2022-04-19T13:00,18.0,0.00,37,3.0,16.1,0.00,0.00,0.00,2,77,75,16,0,10.5,346,344,13.7,27.0,1,3600.00,1011.7,997.8
2022-04-19T14:00,17.9,0.00,36,2.8,15.7,0.00,0.00,0.00,0,7,7,0,0,11.5,360,358,15.1,27.4,1,3600.00,1011.3,997.4
2022-04-19T15:00,17.8,0.00,37,2.9,15.1,0.00,0.00,0.00,0,0,0,0,0,12.3,9,7,16.4,28.4,1,3600.00,1011.0,997.1
2022-04-19T16:00,17.6,0.00,38,3.2,14.5,0.00,0.00,0.00,0,0,0,0,0,11.4,13,11,15.5,28.4,1,3600.00,1011.0,997.1
2022-04-19T17:00,17.2,0.00,40,3.6,14.3,0.00,0.00,0.00,0,0,0,0,0,9.9,21,19,15.0,25.6,1,3600.00,1010.9,997.0
2022-04-19T18:00,16.1,0.00,45,4.3,13.3,0.00,0.00,0.00,0,3,0,3,0,9.7,39,39,18.9,22.7,1,3600.00,1011.0,997.0
2022-04-19T19:00,13.9,0.00,50,3.7,10.9,0.00,0.00,0.00,0,17,2,15,1,10.5,49,49,23.2,21.6,1,3124.22,1011.4,997.3
2022-04-19T20:00,12.6,0.00,46,1.3,8.3,0.00,0.00,0.00,0,0,0,0,0,15.8,73,73,30.1,32.0,0,0.00,1012.9,998.7
2022-04-19T21:00,11.2,0.00,45,-0.2,6.6,0.00,0.00,0.00,0,0,0,0,0,16.9,79,78,32.3,34.9,0,0.00,1014.0,999.7
2022-04-19T22:00,10.2,0.00,47,-0.7,5.6,0.00,0.00,0.00,0,0,0,0,0,16.2,87,86,30.3,35.6,0,0.00,1014.6,1000.3
2022-04-19T23:00,9.2,0.00,47,-1.4,4.8,0.00,0.00,0.00,0,0,0,0,0,14.4,88,86,28.8,33.5,0,0.00,1015.1,1000.7
2022-04-20T00:00,8.3,0.00,50,-1.6,4.2,0.00,0.00,0.00,0,0,0,0,0,12.3,85,83,26.4,30.2,0,0.00,1015.3,1000.9
2022-04-20T01:00,8.5,0.00,45,-2.8,3.6,0.00,0.00,0.00,0,0,0,9,0,16.3,100,98,31.4,27.4,0,0.00,1015.0,1000.6
2022-04-20T02:00,7.9,0.00,47,-2.6,3.0,0.00,0.00,0.00,0,0,0,0,0,16.0,101,98,30.8,33.5,0,0.00,1014.9,1000.5
2022-04-20T03:00,7.0,0.00,51,-2.5,2.3,0.00,0.00,0.00,0,0,0,0,0,14.8,96,91,29.7,32.4,0,0.00,1014.9,1000.4
2022-04-20T04:00,6.2,0.00,54,-2.4,1.9,0.00,0.00,0.00,0,0,0,0,0,12.7,91,83,26.6,29.9,0,0.00,1015.1,1000.6
2022-04-20T05:00,5.6,0.00,57,-2.2,1.3,0.00,0.00,0.00,0,0,0,0,0,12.5,83,78,26.5,25.9,0,0.00,1015.3,1000.7
2022-04-20T06:00,5.5,0.00,60,-1.6,1.1,0.00,0.00,0.00,0,0,0,0,0,13.8,77,75,28.0,27.7,1,0.00,1015.5,1000.9
2022-04-20T07:00,6.8,0.00,62,0.1,2.9,0.00,0.00,0.00,0,0,0,0,0,12.2,78,71,30.9,29.5,1,3600.00,1015.8,1001.3
2022-04-20T08:00,8.5,0.00,58,0.8,4.6,0.00,0.00,0.00,0,0,0,0,0,13.4,79,76,20.5,29.5,1,3600.00,1015.7,1001.3
2022-04-20T09:00,10.1,0.00,51,0.4,5.8,0.00,0.00,0.00,0,0,0,0,0,15.2,83,83,21.7,34.2,1,3600.00,1015.8,1001.5
2022-04-20T10:00,11.4,0.00,44,-0.5,7.2,0.00,0.00,0.00,0,0,0,0,0,15.7,81,81,21.9,35.6,1,3600.00,1015.5,1001.2
2022-04-20T11:00,12.4,0.00,41,-0.4,8.9,0.00,0.00,0.00,0,0,0,0,0,15.7,81,81,21.8,36.4,1,3600.00,1015.3,1001.1
2022-04-20T12:00,13.3,0.00,39,-0.3,10.4,0.00,0.00,0.00,0,0,0,0,0,14.6,82,81,20.0,36.0,1,3600.00,1014.6,1000.4
2022-04-20T13:00,15.0,0.00,37,0.6,12.7,0.00,0.00,0.00,0,0,0,0,0,12.5,77,78,16.6,34.6,1,3600.00,1013.8,999.7
2022-04-20T14:00,15.4,0.00,35,0.0,12.8,0.00,0.00,0.00,0,0,0,0,0,12.6,75,77,17.1,30.2,1,3600.00,1013.1,999.1
2022-04-20T15:00,15.6,0.00,34,-0.1,12.4,0.00,0.00,0.00,0,0,0,0,0,12.9,72,72,17.4,30.6,1,3600.00,1012.7,998.7
2022-04-20T16:00,15.8,0.00,34,0.1,12.1,0.00,0.00,0.00,0,0,0,0,0,12.0,74,74,16.5,29.5,1,3600.00,1012.4,998.4
2022-04-20T17:00,15.3,0.00,36,0.2,11.4,0.00,0.00,0.00,0,0,0,0,0,12.4,69,68,18.1,27.0,1,3600.00,1012.4,998.4
2022-04-20T18:00,14.4,0.00,41,1.1,11.1,0.00,0.00,0.00,0,0,0,0,0,9.4,70,67,18.0,27.0,1,3600.00,1012.5,998.4
2022-04-20T19:00,11.3,0.00,58,3.3,8.9,0.00,0.00,0.00,0,1,1,0,0,5.9,101,101,13.6,20.5,1,3210.90,1012.5,998.3
2022-04-20T20:00,9.5,0.00,58,1.8,7.0,0.00,0.00,0.00,0,9,0,9,0,4.9,100,73,10.6,11.9,0,0.00,1012.8,998.5
2022-04-20T21:00,9.8,0.00,56,1.5,6.0,0.00,0.00,0.00,0,0,0,0,0,12.8,61,52,27.1,24.1,0,0.00,1013.1,998.8
2022-04-20T22:00,10.1,0.00,60,2.7,6.0,0.00,0.00,0.00,0,0,0,0,0,16.5,75,74,31.4,33.5,0,0.00,1013.3,999.0
2022-04-20T23:00,9.2,0.00,64,2.9,5.2,0.00,0.00,0.00,1,22,22,1,0,16.0,81,82,30.6,34.2,0,0.00,1013.4,999.1
2022-04-21T00:00,8.4,0.00,68,2.8,4.7,0.00,0.00,0.00,0,9,7,2,0,14.4,88,89,28.1,32.8,0,0.00,1013.4,999.0
2022-04-21T01:00,8.4,0.00,67,2.7,4.7,0.00,0.00,0.00,1,24,9,0,0,13.7,86,85,27.4,29.2,0,0.00,1012.6,998.2
2022-04-21T02:00,7.9,0.00,69,2.6,4.3,0.00,0.00,0.00,0,12,12,0,0,12.5,79,72,26.4,27.7,0,0.00,1012.4,998.0
2022-04-21T03:00,7.4,0.00,72,2.7,4.5,0.00,0.00,0.00,2,69,68,1,3,8.1,85,77,21.3,25.9,0,0.00,1012.1,997.7
2022-04-21T04:00,6.5,0.00,77,2.7,3.9,0.00,0.00,0.00,0,0,0,0,0,6.3,82,66,18.2,18.0,0,0.00,1012.0,997.5
2022-04-21T05:00,5.9,0.00,80,2.7,3.3,0.00,0.00,0.00,0,12,0,12,0,6.3,74,59,18.0,14.0,0,0.00,1012.0,997.5
2022-04-21T06:00,6.3,0.00,80,3.1,3.8,0.00,0.00,0.00,3,80,12,77,0,5.8,80,68,17.2,14.0,1,0.00,1011.9,997.4
2022-04-21T07:00,8.2,0.00,76,4.2,5.9,0.00,0.00,0.00,1,43,39,4,5,6.1,75,50,17.9,14.8,1,3428.12,1011.9,997.5
2022-04-21T08:00,10.4,0.00,69,5.0,8.1,0.00,0.00,0.00,2,70,63,18,17,7.4,66,61,11.4,18.7,1,3600.00,1011.8,997.5
2022-04-21T09:00,12.1,0.00,62,5.0,9.3,0.00,0.00,0.00,2,70,62,16,19,11.1,77,77,15.9,26.3,1,3600.00,1011.5,997.3
2022-04-21T10:00,13.7,0.00,54,4.5,10.5,0.00,0.00,0.00,3,100,100,0,64,13.1,74,74,18.0,30.2,1,3600.00,1011.1,997.0
2022-04-21T11:00,14.6,0.00,52,4.9,11.4,0.00,0.00,0.00,3,100,100,10,100,13.9,70,69,18.8,31.3,1,3600.00,1010.6,996.6
2022-04-21T12:00,14.8,0.00,52,5.1,11.6,0.00,0.00,0.00,3,100,100,0,100,13.6,68,68,18.6,31.3,1,1066.80,1010.1,996.1
2022-04-21T13:00,15.4,0.00,50,5.1,12.1,0.00,0.00,0.00,3,100,97,4,99,14.1,71,71,19.0,31.3,1,1382.00,1009.3,995.3
2022-04-21T14:00,15.6,0.00,49,4.9,12.1,0.00,0.00,0.00,3,100,98,86,99,15.1,77,78,21.0,33.1,1,2115.16,1008.8,994.8
2022-04-21T15:00,15.6,0.00,49,4.9,12.2,0.00,0.00,0.00,3,100,98,100,98,15.0,78,79,21.3,32.8,1,302.88,1008.3,994.3
2022-04-21T16:00,15.4,0.00,49,4.7,11.9,0.00,0.00,0.00,3,100,70,82,100,14.8,86,87,21.6,32.0,1,267.49,1008.1,994.1
2022-04-21T17:00,15.0,0.00,48,4.1,11.4,0.00,0.00,0.00,3,100,55,68,99,15.1,88,89,22.7,34.2,1,0.00,1008.0,994.0
2022-04-21T18:00,14.5,0.00,51,4.6,11.4,0.00,0.00,0.00,2,72,48,44,40,12.6,86,85,20.9,34.2,1,0.00,1007.9,993.9
2022-04-21T19:00,12.7,0.00,58,4.6,10.2,0.00,0.00,0.00,1,37,37,0,0,8.2,80,75,19.0,26.3,1,3297.40,1008.1,994.0
2022-04-21T20:00,11.6,0.00,59,3.9,8.6,0.00,0.00,0.00,3,99,38,38,99,10.5,71,63,23.6,21.6,0,0.00,1008.3,994.1
2022-04-21T21:00,11.2,0.00,59,3.5,7.9,0.00,0.00,0.00,0,0,0,0,0,11.6,71,64,25.2,24.1,0,0.00,1008.0,993.8
2022-04-21T22:00,10.6,0.00,64,4.1,7.2,0.00,0.00,0.00,0,0,0,0,0,13.3,64,57,27.7,27.0,0,0.00,1007.7,993.5
2022-04-21T23:00,10.1,0.00,71,5.0,6.4,0.00,0.00,0.00,0,0,0,0,0,16.6,63,60,31.9,33.5,0,0.00,1007.5,993.3
2022-04-22T00:00,9.3,0.00,74,5.0,5.5,0.00,0.00,0.00,0,0,0,0,0,17.4,70,68,32.6,35.3,0,0.00,1007.3,993.0
2022-04-22T01:00,8.5,0.00,79,5.0,4.8,0.00,0.00,0.00,0,0,0,0,5,16.5,68,67,31.8,35.3,0,0.00,1006.7,992.4
2022-04-22T02:00,8.1,0.00,80,4.8,4.4,0.00,0.00,0.00,0,0,0,0,0,16.5,73,74,31.6,33.8,0,0.00,1006.1,991.8
2022-04-22T03:00,7.6,0.00,82,4.7,4.0,0.00,0.00,0.00,0,0,0,0,0,15.8,76,78,30.8,33.5,0,0.00,1005.4,991.1
2022-04-22T04:00,7.3,0.00,84,4.8,3.9,0.00,0.00,0.00,0,2,0,0,2,14.2,76,74,28.9,32.4,0,0.00,1005.1,990.8
2022-04-22T05:00,6.8,0.00,86,4.7,3.9,0.00,0.00,0.00,0,8,0,1,8,11.4,74,66,25.5,29.9,0,0.00,1004.9,990.6
2022-04-22T06:00,6.6,0.00,88,4.7,4.2,0.00,0.00,0.00,0,9,0,4,9,7.7,72,62,20.0,24.5,1,0.00,1005.1,990.7
2022-04-22T07:00,8.3,0.00,81,5.3,6.1,0.00,0.00,0.00,0,1,0,0,1,7.0,75,69,12.3,17.6,1,3600.00,1005.1,990.8
2022-04-22T08:00,10.1,0.00,76,6.1,8.3,0.00,0.00,0.00,0,3,0,0,3,5.9,80,79,8.4,16.6,1,3600.00,1005.1,990.9
2022-04-22T09:00,12.1,0.00,67,6.2,9.7,0.00,0.00,0.00,0,3,0,0,3,9.8,64,62,14.0,25.2,1,3600.00,1004.7,990.6
2022-04-22T10:00,13.7,0.00,61,6.4,11.4,0.00,0.00,0.00,0,7,0,0,7,10.7,51,48,14.8,26.6,1,3600.00,1004.1,990.1
2022-04-22T11:00,15.4,0.00,56,6.6,13.8,0.00,0.00,0.00,0,3,0,0,3,11.5,54,51,16.0,28.4,1,3600.00,1003.4,989.5
2022-04-22T12:00,17.2,0.00,48,6.0,15.6,0.00,0.00,0.00,2,58,0,0,58,12.3,68,69,17.1,29.9,1,3600.00,1002.8,989.0
2022-04-22T13:00,18.0,0.00,48,7.0,16.2,0.00,0.00,0.00,3,100,0,59,100,12.1,78,78,16.2,29.9,1,3600.00,1001.6,987.8
2022-04-22T14:00,18.5,0.00,45,6.4,16.0,0.00,0.00,0.00,3,100,0,100,2,10.8,90,90,15.1,27.7,1,3600.00,1001.2,987.5
2022-04-22T15:00,18.7,0.00,44,6.2,16.2,0.00,0.00,0.00,2,55,0,55,4,10.4,91,92,14.8,24.8,1,3600.00,1001.0,987.3
2022-04-22T16:00,18.7,0.00,42,5.6,15.8,0.00,0.00,0.00,3,99,0,99,5,12.4,84,82,17.7,26.6,1,3600.00,1001.1,987.4
2022-04-22T17:00,17.7,0.00,48,6.5,15.1,0.00,0.00,0.00,2,69,0,68,12,11.2,72,69,18.9,26.6,1,2979.02,1001.2,987.4
2022-04-22T18:00,16.9,0.00,51,6.6,14.5,0.00,0.00,0.00,1,44,0,44,5,10.5,71,68,20.2,26.6,1,3600.00,1001.6,987.8
2022-04-22T19:00,15.3,0.00,54,6.0,12.7,0.00,0.00,0.00,0,19,0,19,0,11.0,72,67,23.5,23.0,1,3383.69,1001.8,987.9
2022-04-22T20:00,14.2,0.00,56,5.5,10.7,0.00,0.00,0.00,0,17,0,17,0,16.3,74,72,30.8,32.4,0,0.00,1002.5,988.6
2022-04-22T21:00,12.9,0.00,61,5.5,9.2,0.00,0.00,0.00,0,11,0,11,0,17.7,74,73,32.9,36.0,0,0.00,1002.9,988.9
2022-04-22T22:00,12.0,0.00,64,5.4,8.3,0.00,0.00,0.00,1,24,0,24,0,17.9,81,80,33.2,36.4,0,0.00,1003.2,989.1
2022-04-22T23:00,11.4,0.00,67,5.5,7.7,0.00,0.00,0.00,1,30,0,29,1,17.3,89,88,32.0,36.4,0,0.00,1003.7,989.6
2022-04-23T00:00,10.9,0.00,70,5.7,7.4,0.00,0.00,0.00,0,15,0,14,2,16.6,93,89,31.0,34.9,0,0.00,1003.9,989.8
2022-04-23T01:00,10.8,0.00,72,6.0,7.2,0.00,0.00,0.00,3,88,91,40,6,17.3,93,92,31.7,33.5,0,0.00,1003.5,989.4
2022-04-23T02:00,10.2,0.00,76,6.2,6.8,0.00,0.00,0.00,3,100,99,79,2,16.9,94,92,31.8,34.9,0,0.00,1003.4,989.2
2022-04-23T03:00,10.0,0.00,78,6.3,6.5,0.00,0.00,0.00,2,73,47,50,0,17.7,94,92,32.5,35.6,0,0.00,1003.3,989.1
2022-04-23T04:00,9.5,0.00,80,6.3,5.8,0.00,0.00,0.00,0,15,15,0,0,18.4,94,92,33.9,37.1,0,0.00,1003.2,989.0
2022-04-23T05:00,9.0,0.00,82,6.1,5.2,0.00,0.00,0.00,0,13,10,3,0,18.9,97,99,34.8,38.5,0,0.00,1003.4,989.2
2022-04-23T06:00,8.8,0.00,82,5.9,4.9,0.00,0.00,0.00,2,50,50,0,0,19.6,97,97,34.8,39.6,1,0.00,1003.6,989.4
2022-04-23T07:00,9.7,0.00,78,6.1,6.2,0.00,0.00,0.00,3,99,99,0,0,17.0,96,96,29.7,40.7,1,3600.00,1003.9,989.7
2022-04-23T08:00,11.0,0.00,71,6.0,7.1,0.00,0.00,0.00,3,100,100,0,0,19.5,95,94,30.0,42.1,1,3600.00,1004.0,989.9
2022-04-23T09:00,12.8,0.00,66,6.6,9.4,0.00,0.00,0.00,3,99,99,0,0,17.3,92,92,25.6,41.8,1,3600.00,1003.9,989.9
2022-04-23T10:00,14.6,0.00,60,7.0,11.4,0.00,0.00,0.00,3,100,100,0,3,17.4,97,97,25.4,39.6,1,3600.00,1003.6,989.7
2022-04-23T11:00,16.6,0.00,50,6.1,13.6,0.00,0.00,0.00,3,100,100,0,29,17.6,92,91,25.2,39.2,1,3600.00,1003.4,989.6
2022-04-23T12:00,16.9,0.00,50,6.5,13.8,0.00,0.00,0.00,3,100,100,1,39,18.4,95,94,26.0,41.0,1,3600.00,1003.2,989.4
2022-04-23T13:00,15.1,0.00,58,6.9,11.9,0.00,0.00,0.00,3,100,100,0,100,16.3,97,98,22.5,41.0,1,3381.11,1003.5,989.6
2022-04-23T14:00,16.0,0.00,53,6.3,12.6,0.00,0.00,0.00,3,100,100,88,76,16.8,100,100,23.8,37.4,1,2972.79,1002.9,989.0
2022-04-23T15:00,16.0,0.00,52,6.0,12.4,0.00,0.00,0.00,3,100,100,97,64,17.5,100,99,25.2,37.4,1,0.00,1002.2,988.3
2022-04-23T16:00,15.7,0.00,53,6.2,12.1,0.00,0.00,0.00,3,100,100,100,100,18.1,98,97,26.5,37.8,1,0.00,1001.8,987.9
2022-04-23T17:00,15.1,0.00,59,7.1,12.0,0.00,0.00,0.00,3,100,100,64,100,16.1,100,100,24.5,37.8,1,0.00,1001.6,987.7
2022-04-23T18:00,14.8,0.00,62,7.5,12.3,0.00,0.00,0.00,3,100,99,40,30,13.0,96,93,21.0,34.2,1,0.00,1001.4,987.5
2022-04-23T19:00,14.0,0.00,65,7.4,11.7,0.00,0.00,0.00,3,100,100,42,0,10.9,81,73,21.5,27.7,1,920.17,1000.8,986.9
2022-04-23T20:00,12.8,0.00,68,6.9,10.4,0.00,0.00,0.00,1,40,0,39,2,10.6,78,66,23.2,23.8,0,0.00,1000.4,986.4
2022-04-23T21:00,12.6,0.00,65,6.3,9.6,0.00,0.00,0.00,2,60,55,11,0,14.5,79,71,29.4,29.5,0,0.00,999.9,985.9
2022-04-23T22:00,12.8,0.00,61,5.6,9.0,0.00,0.00,0.00,1,36,36,0,0,18.4,82,78,34.5,37.4,0,0.00,999.2,985.2
2022-04-23T23:00,12.4,0.00,62,5.3,8.5,0.00,0.00,0.00,0,5,2,3,0,18.9,85,82,34.7,39.2,0,0.00,998.8,984.8
2022-04-24T00:00,12.0,0.00,63,5.2,8.1,0.00,0.00,0.00,0,0,0,0,0,18.6,83,80,34.8,39.2,0,0.00,998.2,984.2
2022-04-24T01:00,11.6,0.00,67,5.6,7.7,0.00,0.00,0.00,1,36,65,75,0,19.0,75,71,34.2,38.9,0,0.00,997.8,983.8
2022-04-24T02:00,11.4,0.40,70,6.1,8.6,0.40,0.00,0.00,51,87,35,82,0,12.0,87,81,24.5,38.9,0,0.00,997.7,983.7
2022-04-24T03:00,10.5,0.00,73,5.9,8.1,0.00,0.00,0.00,1,38,31,9,0,8.9,61,40,19.3,25.6,0,0.00,997.7,983.6
2022-04-24T04:00,10.1,0.00,73,5.4,8.3,0.00,0.00,0.00,3,98,96,62,0,4.1,59,345,8.4,19.1,0,0.00,997.9,983.8
2022-04-24T05:00,9.8,0.50,78,6.2,8.6,0.50,0.00,0.00,53,100,100,95,73,1.5,124,14,5.2,8.6,0,0.00,998.7,984.6
2022-04-24T06:00,9.4,0.70,88,7.5,7.9,0.70,0.00,0.00,53,100,12,97,100,5.4,29,4,11.1,11.5,1,0.00,998.8,984.7
2022-04-24T07:00,9.8,1.30,87,7.8,8.7,1.30,0.00,0.00,61,100,98,100,100,3.9,15,338,8.6,10.8,1,0.00,999.2,985.1
2022-04-24T08:00,9.8,1.10,87,7.8,8.3,1.10,0.00,0.00,55,100,100,100,100,6.0,354,343,10.5,13.0,1,0.00,999.1,985.0
2022-04-24T09:00,10.8,0.10,78,7.1,9.7,0.10,0.00,0.00,51,100,100,99,100,1.9,326,292,2.6,13.3,1,0.00,999.5,985.4
2022-04-24T10:00,11.0,0.00,79,7.6,9.5,0.00,0.00,0.00,3,100,100,100,100,6.2,239,234,7.6,15.5,1,0.00,999.7,985.6
2022-04-24T11:00,10.9,0.20,84,8.3,8.7,0.20,0.00,0.00,51,100,51,92,100,11.7,226,223,15.5,25.6,1,0.00,1000.3,986.2
2022-04-24T12:00,11.2,0.10,80,7.8,8.8,0.10,0.00,0.00,51,100,59,100,100,12.3,225,220,17.3,28.4,1,0.00,1000.7,986.6
2022-04-24T13:00,10.9,0.00,85,8.4,8.6,0.00,0.00,0.00,3,100,100,100,100,12.9,245,240,18.7,27.0,1,0.00,1001.2,987.1
2022-04-24T14:00,10.9,1.00,86,8.6,8.7,1.00,0.00,0.00,55,100,11,100,100,12.6,221,217,18.6,26.6,1,0.00,1001.4,987.3
2022-04-24T15:00,11.3,0.30,83,8.6,8.5,0.30,0.00,0.00,51,100,99,100,99,16.6,220,219,24.8,34.6,1,0.00,1001.6,987.5
2022-04-24T16:00,11.1,0.00,87,9.0,9.0,0.00,0.00,0.00,3,100,99,98,100,12.5,220,219,18.9,34.6,1,0.00,1002.1,988.0
2022-04-24T17:00,11.6,0.00,88,9.6,10.2,0.00,0.00,0.00,3,100,62,100,74,9.2,229,228,13.8,25.2,1,0.00,1002.5,988.4
2022-04-24T18:00,11.8,0.10,87,9.7,10.7,0.10,0.00,0.00,51,100,87,100,70,7.0,253,249,10.9,25.6,1,0.00,1002.9,988.8
2022-04-24T19:00,11.2,0.10,90,9.7,10.3,0.10,0.00,0.00,51,95,13,91,37,5.8,270,263,11.9,21.2,1,0.00,1003.4,989.3
2022-04-24T20:00,10.2,0.00,94,9.3,9.4,0.00,0.00,0.00,3,100,0,100,17,4.0,312,297,10.7,15.1,0,0.00,1004.3,990.1
2022-04-24T21:00,9.5,0.00,95,8.7,8.4,0.00,0.00,0.00,3,94,0,93,13,5.1,347,321,9.3,8.3,0,0.00,1005.2,991.0
2022-04-24T22:00,8.5,0.00,96,7.9,7.1,0.00,0.00,0.00,1,39,0,25,21,5.8,358,330,9.7,9.0,0,0.00,1005.8,991.5
2022-04-24T23:00,8.6,0.00,95,7.9,7.2,0.00,0.00,0.00,1,33,0,0,33,5.9,12,346,8.5,9.4,0,0.00,1006.2,991.9
2022-04-25T00:00,8.4,0.00,96,7.8,7.2,0.00,0.00,0.00,0,16,0,0,16,4.3,17,5,6.0,8.3,0,0.00,1006.7,992.4
2022-04-25T01:00,8.0,0.00,91,6.6,6.2,0.00,0.00,0.00,3,100,0,0,0,6.3,349,13,14.7,6.1,0,0.00,1007.1,992.8
2022-04-25T02:00,5.6,0.00,95,4.9,3.2,0.00,0.00,0.00,0,0,0,0,0,7.8,9,34,12.0,13.3,0,0.00,1007.1,992.7
2022-04-25T03:00,7.6,0.00,91,6.2,6.6,0.00,0.00,0.00,0,0,0,0,0,0.4,7,180,2.9,11.9,0,0.00,1007.2,992.9
2022-04-25T04:00,7.2,0.00,94,6.3,5.9,0.00,0.00,0.00,0,0,0,0,0,2.6,253,146,3.8,5.0,0,0.00,1007.6,993.2
2022-04-25T05:00,4.5,0.00,98,4.1,2.5,0.00,0.00,0.00,0,0,0,0,0,4.0,90,90,0.4,5.4,0,0.00,1008.1,993.6
2022-04-25T06:00,5.2,0.00,96,4.5,3.3,0.00,0.00,0.00,0,6,0,2,3,3.7,132,101,4.3,7.9,1,40.82,1008.8,994.3
2022-04-25T07:00,7.5,0.00,94,6.6,5.8,0.00,0.00,0.00,1,20,0,1,20,5.1,174,141,6.9,11.2,1,3600.00,1009.5,995.1
2022-04-25T08:00,9.6,0.00,90,8.1,8.7,0.00,0.00,0.00,0,4,0,2,2,2.7,160,157,4.2,11.9,1,3600.00,1009.8,995.5
2022-04-25T09:00,11.5,0.00,77,7.6,10.1,0.00,0.00,0.00,1,48,0,11,42,5.8,171,176,7.3,16.9,1,3600.00,1010.0,995.8
2022-04-25T10:00,12.9,0.00,68,7.1,11.3,0.00,0.00,0.00,1,22,0,3,19,6.4,152,153,8.5,19.8,1,3600.00,1010.1,996.0
2022-04-25T11:00,14.0,0.10,59,6.2,12.8,0.10,0.00,0.00,51,29,0,16,19,5.1,174,176,6.5,19.8,1,3600.00,1010.2,996.1
2022-04-25T12:00,14.9,0.10,55,6.0,14.3,0.10,0.00,0.00,51,45,0,36,21,4.5,203,209,5.5,18.4,1,3600.00,1010.3,996.3
2022-04-25T13:00,13.9,0.30,57,5.5,12.3,0.30,0.00,0.00,51,43,1,83,27,6.3,189,193,8.8,16.9,1,3600.00,1010.6,996.5
2022-04-25T14:00,15.5,0.00,55,6.5,14.5,0.00,0.00,0.00,2,52,0,49,6,4.9,196,197,6.7,21.6,1,3600.00,1010.6,996.6
2022-04-25T15:00,15.6,0.00,56,6.8,13.9,0.00,0.00,0.00,1,48,12,11,37,5.6,195,195,7.1,18.7,1,3600.00,1010.3,996.3
2022-04-25T16:00,16.0,0.00,53,6.3,14.2,0.00,0.00,0.00,1,47,36,38,1,5.7,159,162,7.0,17.6,1,3600.00,1009.9,995.9
2022-04-25T17:00,15.8,0.00,51,5.7,13.6,0.00,0.00,0.00,2,76,22,72,14,8.2,217,221,11.3,18.4,1,3600.00,1010.5,996.5
2022-04-25T18:00,12.9,0.10,68,7.2,10.7,0.10,0.00,0.00,51,40,1,28,16,10.0,255,255,14.9,30.2,1,3600.00,1011.2,997.1
2022-04-25T19:00,11.9,0.00,79,8.4,10.9,0.00,0.00,0.00,0,15,0,14,0,3.3,290,319,4.2,20.2,1,3600.00,1011.5,997.3
2022-04-25T20:00,8.9,0.00,88,7.0,7.3,0.00,0.00,0.00,3,100,57,100,0,5.2,184,155,5.8,7.9,0,0.00,1012.2,997.9
2022-04-25T21:00,9.9,0.00,88,8.0,8.6,0.00,0.00,0.00,3,100,3,100,1,5.2,197,168,12.1,10.8,0,0.00,1012.7,998.4
2022-04-25T22:00,9.4,0.00,91,8.1,8.0,0.00,0.00,0.00,3,90,3,89,8,6.5,211,177,15.5,13.3,0,0.00,1012.9,998.6
2022-04-25T23:00,8.8,0.00,93,7.8,7.6,0.00,0.00,0.00,3,100,100,100,6,4.7,216,176,11.6,13.3,0,0.00,1013.0,998.6
2022-04-26T00:00,9.2,0.10,94,8.3,8.0,0.10,0.00,0.00,51,100,100,100,8,5.1,209,184,13.5,12.2,0,0.00,1013.3,999.0
2022-04-26T01:00,9.0,0.60,90,7.4,7.7,0.60,0.00,0.00,53,100,0,100,0,4.3,319,360,10.0,11.2,0,0.00,1012.9,998.5
2022-04-26T02:00,8.8,0.10,91,7.4,7.6,0.10,0.00,0.00,51,89,4,75,58,4.0,212,170,6.8,8.3,0,0.00,1013.0,998.6
2022-04-26T03:00,7.7,0.10,95,6.9,6.1,0.10,0.00,0.00,51,100,33,91,100,5.4,223,160,6.4,9.4,0,0.00,1012.9,998.5
2022-04-26T04:00,8.1,0.50,95,7.4,6.8,0.50,0.00,0.00,53,100,21,100,100,4.6,257,225,7.8,8.6,0,0.00,1013.0,998.6
2022-04-26T05:00,8.8,0.40,95,8.1,7.9,0.40,0.00,0.00,51,100,1,99,100,2.2,330,360,5.0,10.8,0,0.00,1013.1,998.7
2022-04-26T06:00,8.7,0.10,94,7.8,7.7,0.10,0.00,0.00,51,79,0,73,22,2.6,321,304,5.1,9.7,1,0.00,1013.6,999.2
2022-04-26T07:00,9.0,0.00,93,7.9,8.2,0.00,0.00,0.00,1,30,0,14,19,1.8,321,281,2.3,13.7,1,952.01,1014.1,999.7
2022-04-26T08:00,10.2,0.10,89,8.5,9.2,0.10,0.00,0.00,51,21,2,9,13,4.0,270,275,4.7,16.6,1,3600.00,1014.2,999.9
2022-04-26T09:00,11.3,0.20,78,7.6,9.5,0.20,0.00,0.00,51,100,5,2,100,8.1,282,283,10.7,22.7,1,3600.00,1014.3,1000.0
2022-04-26T10:00,11.7,0.10,70,6.4,9.3,0.10,0.00,0.00,51,100,7,8,100,10.0,282,285,13.6,23.8,1,2577.80,1014.7,1000.5
2022-04-26T11:00,11.9,0.10,66,5.8,9.4,0.10,0.00,0.00,51,100,18,14,100,9.9,286,289,13.1,24.1,1,0.00,1015.1,1000.9
2022-04-26T12:00,10.3,0.20,73,5.7,7.2,0.20,0.00,0.00,51,87,64,62,48,13.7,299,297,18.8,30.6,1,0.00,1015.8,1001.5
2022-04-26T13:00,12.9,0.10,69,7.3,10.7,0.10,0.00,0.00,51,55,68,85,9,10.1,302,297,13.1,31.7,1,3600.00,1015.7,1001.5
2022-04-26T14:00,14.0,0.10,62,6.9,12.4,0.10,0.00,0.00,51,53,19,10,39,9.0,270,268,11.5,25.2,1,3600.00,1015.4,1001.3
2022-04-26T15:00,10.5,2.60,73,5.9,6.7,2.60,0.00,0.00,63,95,77,85,65,19.4,315,313,27.0,42.1,1,3600.00,1016.7,1002.4
2022-04-26T16:00,10.8,0.90,78,7.2,8.4,0.90,0.00,0.00,53,35,6,6,29,11.3,300,297,15.8,41.4,1,0.00,1016.6,1002.3
2022-04-26T17:00,11.1,0.50,74,6.7,8.4,0.50,0.00,0.00,53,47,5,20,36,12.7,313,313,17.8,31.0,1,3600.00,1016.9,1002.6
2022-04-26T18:00,10.6,0.00,77,6.7,8.1,0.00,0.00,0.00,3,99,0,3,99,11.0,322,319,15.9,28.4,1,3285.82,1017.1,1002.8
2022-04-26T19:00,10.1,0.00,80,6.8,8.0,0.00,0.00,0.00,2,64,1,19,63,8.6,336,327,15.3,22.7,1,1372.12,1017.7,1003.3
2022-04-26T20:00,8.7,0.10,86,6.5,6.7,0.10,0.00,0.00,51,96,0,33,96,7.6,343,329,17.0,17.3,0,0.00,1018.6,1004.2
2022-04-26T21:00,8.7,0.00,85,6.3,6.3,0.00,0.00,0.00,1,45,0,20,44,9.5,344,335,19.8,19.4,0,0.00,1019.4,1004.9
2022-04-26T22:00,7.9,0.00,89,6.2,5.8,0.00,0.00,0.00,0,7,0,2,5,7.4,356,346,17.3,19.4,0,0.00,1019.7,1005.2
2022-04-26T23:00,6.7,0.00,93,5.7,4.9,0.00,0.00,0.00,3,100,99,100,22,5.1,18,4,14.0,15.1,0,0.00,1020.2,1005.6
2022-04-27T00:00,6.1,0.00,95,5.3,4.2,0.00,0.00,0.00,3,100,95,99,40,4.5,19,331,7.6,10.8,0,0.00,1020.6,1006.0
2022-04-27T01:00,8.3,0.00,95,7.5,6.5,0.00,0.00,0.00,2,66,20,97,38,7.6,349,341,15.4,10.8,0,0.00,1021.2,1006.7
2022-04-27T02:00,8.0,0.00,96,7.4,6.5,0.00,0.00,0.00,1,32,0,11,27,6.0,351,343,13.1,15.8,0,0.00,1021.2,1006.7
2022-04-27T03:00,6.5,0.00,97,6.1,4.8,0.00,0.00,0.00,0,3,0,0,3,4.8,360,347,13.0,13.0,0,0.00,1021.3,1006.7
2022-04-27T04:00,6.1,0.00,97,5.6,4.3,0.00,0.00,0.00,0,8,0,0,8,4.7,355,351,12.6,11.5,0,0.00,1021.5,1006.9
2022-04-27T05:00,5.5,0.00,97,5.0,3.6,0.00,0.00,0.00,0,12,0,0,12,4.7,358,4,11.9,10.1,0,0.00,1021.9,1007.2
2022-04-27T06:00,6.0,0.00,95,5.3,4.4,0.00,0.00,0.00,0,1,0,0,1,3.1,31,36,9.2,9.7,1,24.54,1022.6,1008.0
2022-04-27T07:00,7.7,0.00,91,6.4,6.4,0.00,0.00,0.00,0,0,0,0,0,2.6,71,74,6.5,9.4,1,3600.00,1023.2,1008.6
2022-04-27T08:00,9.4,0.00,88,7.6,8.7,0.00,0.00,0.00,0,0,0,0,0,0.8,117,153,1.6,9.0,1,3600.00,1023.6,1009.1
2022-04-27T09:00,11.4,0.00,77,7.6,10.0,0.00,0.00,0.00,3,100,0,0,100,5.2,105,106,7.1,16.6,1,3600.00,1024.0,1009.6
2022-04-27T10:00,13.0,0.00,68,7.3,11.3,0.00,0.00,0.00,2,66,0,13,65,6.8,92,93,9.0,18.4,1,3600.00,1024.1,1009.8
2022-04-27T11:00,14.0,0.10,61,6.6,12.0,0.10,0.00,0.00,51,69,0,33,67,7.9,92,90,10.4,19.8,1,3600.00,1024.1,1009.8
2022-04-27T12:00,15.1,0.00,56,6.5,13.0,0.00,0.00,0.00,2,66,0,36,58,7.9,88,87,10.4,20.9,1,3600.00,1023.8,1009.6
2022-04-27T13:00,14.1,0.00,66,7.8,13.1,0.00,0.00,0.00,3,98,0,76,12,4.0,97,85,5.8,20.5,1,3600.00,1024.2,1009.9
2022-04-27T14:00,15.5,0.00,57,7.1,13.8,0.00,0.00,0.00,2,69,0,67,11,5.9,105,104,8.2,16.6,1,3600.00,1024.0,1009.8
2022-04-27T15:00,16.4,0.00,51,6.2,14.6,0.00,0.00,0.00,2,52,0,42,21,5.6,103,105,7.8,17.3,1,3600.00,1023.6,1009.5
2022-04-27T16:00,16.8,0.00,49,5.9,14.7,0.00,0.00,0.00,2,76,0,75,24,7.2,86,84,10.1,18.0,1,3600.00,1023.3,1009.2
2022-04-27T17:00,16.5,0.00,47,5.2,14.1,0.00,0.00,0.00,2,76,0,75,5,8.1,78,77,11.8,18.7,1,3600.00,1023.2,1009.1
2022-04-27T18:00,15.7,0.00,56,7.0,14.1,0.00,0.00,0.00,1,24,0,22,6,5.6,71,63,12.2,18.7,1,1127.56,1023.2,1009.0
2022-04-27T19:00,14.1,0.00,63,7.1,12.5,0.00,0.00,0.00,1,27,0,27,9,6.0,76,65,15.2,12.2,1,3600.00,1023.7,1009.5
2022-04-27T20:00,11.4,0.00,68,5.8,9.5,0.00,0.00,0.00,0,14,0,14,2,5.7,83,55,13.8,12.6,0,0.00,1024.2,1009.8
2022-04-27T21:00,10.2,0.00,72,5.4,8.0,0.00,0.00,0.00,0,4,0,4,3,7.3,79,70,15.7,14.0,0,0.00,1025.0,1010.5
2022-04-27T22:00,9.4,0.00,73,4.9,6.9,0.00,0.00,0.00,0,0,0,0,0,8.8,87,81,20.2,17.6,0,0.00,1025.1,1010.6
2022-04-27T23:00,8.8,0.00,75,4.7,6.2,0.00,0.00,0.00,0,0,0,0,0,9.1,87,83,20.9,18.0,0,0.00,1025.5,1011.0
2022-04-28T00:00,8.5,0.00,76,4.5,5.9,0.00,0.00,0.00,0,0,0,0,0,9.1,88,81,20.9,18.4,0,0.00,1025.7,1011.1
2022-04-28T01:00,8.7,0.00,72,3.9,5.9,0.00,0.00,0.00,0,0,0,0,0,9.4,94,86,21.6,18.4,0,0.00,1025.8,1011.3
2022-04-28T02:00,7.9,0.00,76,3.9,5.1,0.00,0.00,0.00,0,0,0,0,0,9.0,98,92,21.1,18.7,0,0.00,1025.8,1011.2
2022-04-28T03:00,7.1,0.00,80,3.9,4.6,0.00,0.00,0.00,0,0,0,0,0,7.2,100,87,19.4,18.4,0,0.00,1025.8,1011.2
2022-04-28T04:00,5.5,0.00,86,3.4,3.0,0.00,0.00,0.00,0,0,0,0,0,6.6,93,81,14.4,14.8,0,0.00,1026.2,1011.5
2022-04-28T05:00,4.6,0.00,88,2.8,2.0,0.00,0.00,0.00,0,0,0,0,0,6.6,102,103,10.3,12.6,0,0.00,1026.4,1011.6
2022-04-28T06:00,5.6,0.00,90,4.1,3.5,0.00,0.00,0.00,0,0,0,0,0,4.2,103,110,6.3,11.2,1,295.24,1026.9,1012.2
2022-04-28T07:00,8.5,0.00,80,5.3,7.1,0.00,0.00,0.00,0,0,0,0,0,1.8,112,169,6.6,8.3,1,3600.00,1027.5,1012.9
2022-04-28T08:00,11.1,0.00,74,6.6,10.2,0.00,0.00,0.00,0,0,0,0,0,0.4,99,270,2.2,8.3,1,3600.00,1027.9,1013.4
2022-04-28T09:00,13.7,0.00,68,7.8,12.9,0.00,0.00,0.00,0,0,0,0,0,1.1,37,342,1.8,10.1,1,3600.00,1028.2,1013.9
2022-04-28T10:00,15.8,0.00,62,8.5,15.6,0.00,0.00,0.00,0,2,0,1,2,2.3,77,72,3.3,11.9,1,3600.00,1028.0,1013.8
2022-04-28T11:00,17.6,0.00,48,6.5,17.0,0.00,0.00,0.00,0,13,0,13,5,6.1,90,90,8.6,18.4,1,3600.00,1027.8,1013.7
2022-04-28T12:00,18.5,0.00,42,5.4,17.6,0.00,0.00,0.00,0,10,0,8,2,8.3,92,92,11.2,22.3,1,3600.00,1027.5,1013.4
2022-04-28T13:00,19.8,0.00,34,3.6,18.4,0.00,0.00,0.00,2,56,0,18,0,9.1,95,99,11.9,24.8,1,3600.00,1027.1,1013.1
2022-04-28T14:00,19.5,0.00,37,4.3,17.7,0.00,0.00,0.00,0,16,0,16,0,9.8,95,98,13.0,24.1,1,3600.00,1027.0,1013.0
2022-04-28T15:00,19.7,0.00,36,4.3,17.9,0.00,0.00,0.00,1,29,0,29,0,8.8,97,102,11.6,24.1,1,3600.00,1026.6,1012.6
2022-04-28T16:00,19.9,0.00,36,4.2,17.6,0.00,0.00,0.00,1,43,0,43,0,6.5,104,109,8.9,21.6,1,3600.00,1026.3,1012.3
2022-04-28T17:00,19.7,0.00,38,5.0,17.7,0.00,0.00,0.00,0,12,0,12,0,4.8,108,117,7.2,16.2,1,3600.00,1026.1,1012.1
2022-04-28T18:00,18.8,0.00,53,8.9,18.0,0.00,0.00,0.00,0,10,0,10,0,3.0,85,104,7.6,11.5,1,3600.00,1026.3,1012.2
2022-04-28T19:00,14.9,0.00,68,9.0,13.6,0.00,0.00,0.00,0,15,0,15,0,7.4,77,76,11.1,10.8,1,3600.00,1026.5,1012.3
2022-04-28T20:00,12.1,0.00,65,5.8,10.1,0.00,0.00,0.00,0,10,0,10,0,6.8,82,72,13.1,12.6,0,0.00,1027.2,1012.8
2022-04-28T21:00,11.0,0.00,67,5.2,8.8,0.00,0.00,0.00,0,5,0,5,0,6.8,76,65,16.0,13.0,0,0.00,1027.6,1013.1
2022-04-28T22:00,10.7,0.00,63,3.8,7.7,0.00,0.00,0.00,0,4,0,4,0,10.1,86,84,23.5,19.8,0,0.00,1028.0,1013.5
2022-04-28T23:00,11.0,0.00,56,2.6,7.8,0.00,0.00,0.00,0,2,0,2,0,10.4,97,92,25.1,21.6,0,0.00,1028.2,1013.7
2022-04-29T00:00,9.9,0.00,61,2.7,7.0,0.00,0.00,0.00,0,0,0,0,0,8.0,104,100,20.4,21.2,0,0.00,1028.0,1013.5
2022-04-29T01:00,9.7,0.00,63,3.0,6.8,0.00,0.00,0.00,0,0,100,0,0,8.9,107,104,20.3,16.2,0,0.00,1027.6,1013.1
2022-04-29T02:00,8.5,0.00,68,3.0,5.8,0.00,0.00,0.00,3,100,100,0,0,7.4,108,104,20.0,18.0,0,0.00,1027.5,1012.9
2022-04-29T03:00,6.7,0.00,77,3.0,4.1,0.00,0.00,0.00,3,100,100,0,0,6.9,102,84,13.6,15.5,0,0.00,1027.3,1012.6
2022-04-29T04:00,6.2,0.00,79,2.8,3.7,0.00,0.00,0.00,3,96,96,0,0,5.7,92,72,9.0,11.9,0,0.00,1027.2,1012.5
2022-04-29T05:00,5.5,0.00,82,2.7,3.0,0.00,0.00,0.00,3,100,100,0,0,5.7,79,72,5.9,10.1,0,0.00,1027.1,1012.4
2022-04-29T06:00,6.9,0.00,79,3.5,4.9,0.00,0.00,0.00,3,97,97,0,0,3.2,111,117,6.2,9.4,1,101.21,1027.4,1012.7
2022-04-29T07:00,9.3,0.00,73,4.8,7.6,0.00,0.00,0.00,1,44,44,0,0,3.3,115,131,7.6,10.8,1,3600.00,1027.7,1013.2
2022-04-29T08:00,12.0,0.00,66,5.9,10.8,0.00,0.00,0.00,3,100,100,0,0,1.1,96,108,3.6,9.0,1,3600.00,1027.9,1013.5
2022-04-29T09:00,14.6,0.00,59,6.8,13.5,0.00,0.00,0.00,3,100,100,0,0,1.8,96,101,3.3,10.8,1,3600.00,1027.5,1013.2
2022-04-29T10:00,16.9,0.00,53,7.2,16.3,0.00,0.00,0.00,3,99,99,0,0,1.5,98,104,2.5,11.2,1,3600.00,1026.9,1012.7
2022-04-29T11:00,18.5,0.00,41,4.8,17.7,0.00,0.00,0.00,3,100,100,0,0,3.5,107,114,4.9,13.3,1,3600.00,1026.5,1012.4
2022-04-29T12:00,19.3,0.00,36,4.0,18.3,0.00,0.00,0.00,3,100,100,0,0,5.6,112,117,7.8,16.9,1,3600.00,1025.9,1011.9
2022-04-29T13:00,19.9,0.00,37,4.7,18.8,0.00,0.00,0.00,3,100,85,2,1,5.5,101,101,7.7,21.6,1,3600.00,1025.1,1011.1
2022-04-29T14:00,20.7,0.00,35,4.6,19.6,0.00,0.00,0.00,3,100,99,69,0,4.7,96,99,6.5,16.6,1,3600.00,1024.2,1010.3
2022-04-29T15:00,20.7,0.00,34,4.3,18.6,0.00,0.00,0.00,3,100,100,76,0,5.0,93,90,6.8,14.4,1,3331.67,1023.3,1009.4
2022-04-29T16:00,20.5,0.00,34,3.9,18.6,0.00,0.00,0.00,3,100,100,95,0,2.5,27,8,3.2,12.6,1,3600.00,1022.7,1008.8
2022-04-29T17:00,18.6,0.00,45,6.3,16.3,0.00,0.00,0.00,3,100,100,100,0,9.3,301,298,16.0,20.5,1,0.00,1022.9,1008.9
2022-04-29T18:00,17.2,0.00,51,7.0,15.0,0.00,0.00,0.00,3,100,100,100,0,9.7,318,312,21.4,22.3,1,0.00,1022.6,1008.5
2022-04-29T19:00,16.6,0.00,48,5.5,13.8,0.00,0.00,0.00,3,99,49,98,0,11.8,343,340,26.0,24.1,1,0.00,1022.4,1008.3
2022-04-29T20:00,15.5,0.00,52,5.7,12.7,0.00,0.00,0.00,3,100,100,100,0,12.0,17,9,25.6,24.5,0,0.00,1022.6,1008.4
2022-04-29T21:00,15.4,0.00,52,5.5,12.3,0.00,0.00,0.00,3,100,100,94,0,13.7,31,27,27.6,27.0,0,0.00,1022.6,1008.4
2022-04-29T22:00,14.5,0.00,56,6.0,11.7,0.00,0.00,0.00,3,100,90,99,0,12.1,18,12,25.0,27.0,0,0.00,1022.8,1008.6
2022-04-29T23:00,14.0,0.00,60,6.4,11.1,0.00,0.00,0.00,3,100,100,100,0,13.7,5,355,26.8,27.0,0,0.00,1022.8,1008.6
2022-04-30T00:00,13.3,0.00,65,6.9,10.7,0.00,0.00,0.00,3,100,100,100,0,12.3,6,355,23.9,28.8,0,0.00,1022.8,1008.5
2022-04-30T01:00,12.8,0.10,62,5.7,9.3,0.10,0.00,0.00,51,100,100,100,0,16.3,350,346,30.0,31.3,0,0.00,1023.1,1008.8
2022-04-30T02:00,12.4,0.00,65,5.9,9.1,0.00,0.00,0.00,3,100,100,100,0,15.6,339,334,27.7,32.8,0,0.00,1023.2,1008.9
2022-04-30T03:00,11.7,0.10,72,6.8,8.6,0.10,0.00,0.00,51,100,86,100,0,15.1,346,342,27.1,32.0,0,0.00,1022.9,1008.5
2022-04-30T04:00,10.8,0.00,77,6.8,7.8,0.00,0.00,0.00,3,100,3,100,0,14.4,2,359,25.9,30.6,0,0.00,1022.5,1008.1
2022-04-30T05:00,10.1,0.00,78,6.4,7.6,0.00,0.00,0.00,3,100,0,100,0,11.3,2,353,20.9,28.8,0,0.00,1022.4,1008.0
2022-04-30T06:00,9.7,0.00,80,6.4,7.1,0.00,0.00,0.00,2,64,0,64,3,11.9,344,335,19.1,24.1,1,0.00,1023.1,1008.6
2022-04-30T07:00,9.6,0.00,82,6.6,6.9,0.00,0.00,0.00,2,76,0,74,12,12.6,333,329,18.2,26.3,1,3600.00,1023.4,1008.9
2022-04-30T08:00,10.2,0.00,80,6.9,7.3,0.00,0.00,0.00,3,100,1,100,97,14.5,343,341,20.4,31.3,1,3600.00,1024.1,1009.7
2022-04-30T09:00,10.3,0.20,80,7.1,7.6,0.20,0.00,0.00,51,100,14,100,100,13.3,350,347,19.0,31.7,1,0.00,1024.3,1009.9
2022-04-30T10:00,10.4,0.20,81,7.3,7.8,0.20,0.00,0.00,51,100,0,100,99,12.9,346,342,18.2,29.5,1,684.50,1024.4,1010.0
2022-04-30T11:00,11.4,0.10,77,7.5,8.8,0.10,0.00,0.00,51,94,0,88,50,13.1,346,344,17.8,29.5,1,487.15,1024.2,1009.8
2022-04-30T12:00,13.1,0.00,72,8.2,11.0,0.00,0.00,0.00,3,100,0,100,81,14.2,347,344,18.9,33.5,1,3600.00,1023.7,1009.4
2022-04-30T13:00,10.8,0.00,84,8.1,8.7,0.00,0.00,0.00,3,82,92,97,37,16.7,348,346,23.2,36.0,1,3600.00,1024.0,1009.6
2022-04-30T14:00,11.6,0.30,80,8.3,8.7,0.30,0.00,0.00,51,92,77,70,42,16.4,349,345,23.1,37.4,1,3600.00,1023.4,1009.0
2022-04-30T15:00,12.1,0.40,76,8.1,9.1,0.40,0.00,0.00,51,100,69,94,100,17.2,343,340,24.1,37.8,1,3600.00,1023.1,1008.8
2022-04-30T16:00,11.6,0.00,75,7.3,8.6,0.00,0.00,0.00,3,100,1,100,100,15.7,352,351,22.2,37.8,1,0.00,1023.0,1008.6
2022-04-30T17:00,11.4,0.00,74,6.9,8.3,0.00,0.00,0.00,3,100,14,100,82,15.3,353,351,22.1,33.1,1,0.00,1023.0,1008.6
2022-04-30T18:00,11.3,0.00,73,6.6,8.4,0.00,0.00,0.00,3,100,8,100,58,13.8,353,351,20.7,31.7,1,0.00,1022.7,1008.3
2022-04-30T19:00,11.0,0.00,76,7.0,8.7,0.00,0.00,0.00,3,100,0,100,65,10.7,352,348,17.5,28.8,1,0.00,1022.9,1008.5
2022-04-30T20:00,10.7,0.10,81,7.6,9.1,0.10,0.00,0.00,51,100,8,100,100,6.6,347,338,13.3,21.6,0,0.00,1023.2,1008.8
2022-04-30T21:00,10.4,0.10,83,7.7,8.4,0.10,0.00,0.00,51,100,0,100,100,9.5,342,331,17.4,19.1,0,0.00,1023.1,1008.7
2022-04-30T22:00,10.1,0.10,82,7.1,7.9,0.10,0.00,0.00,51,96,0,95,42,9.4,352,342,17.8,19.4,0,0.00,1023.1,1008.7
2022-04-30T23:00,9.3,0.10,83,6.6,7.2,0.10,0.00,0.00,51,72,0,49,54,8.6,356,345,17.0,19.1,0,0.00,1022.9,1008.4
2022-05-01T00:00,8.9,0.20,85,6.5,7.0,0.20,0.00,0.00,51,100,0,82,100,7.0,357,339,14.8,17.3,0,0.00,1022.9,1008.4
2022-05-01T01:00,9.4,0.20,89,7.6,8.1,0.20,0.00,0.00,51,100,0,54,79,4.6,337,321,10.2,14.4,0,0.00,1022.8,1008.3
2022-05-01T02:00,9.1,0.20,91,7.6,7.5,0.20,0.00,0.00,51,65,0,39,47,6.2,353,339,12.7,12.6,0,0.00,1022.7,1008.2
2022-05-01T03:00,8.9,0.00,92,7.7,7.4,0.00,0.00,0.00,2,59,0,1,59,6.3,3,347,12.3,12.6,0,0.00,1022.3,1007.8
2022-05-01T04:00,7.4,0.00,96,6.8,5.9,0.00,0.00,0.00,1,38,0,6,37,4.7,12,356,12.5,12.2,0,0.00,1022.1,1007.5
2022-05-01T05:00,7.2,0.00,96,6.6,5.7,0.00,0.00,0.00,3,100,0,51,100,4.7,21,4,11.2,9.4,0,0.00,1022.2,1007.6
2022-05-01T06:00,8.9,0.00,94,7.9,7.6,0.00,0.00,0.00,3,100,0,75,100,4.7,34,356,9.6,9.7,1,0.00,1022.3,1007.8
2022-05-01T07:00,9.8,0.00,91,8.4,9.1,0.00,0.00,0.00,3,100,0,21,100,2.2,45,9,4.6,9.7,1,0.00,1022.4,1008.0
2022-05-01T08:00,10.9,0.00,87,8.7,10.2,0.00,0.00,0.00,3,100,0,4,100,2.0,124,135,2.6,9.4,1,807.12,1022.7,1008.3
2022-05-01T09:00,12.1,0.20,79,8.6,11.5,0.20,0.00,0.00,51,100,0,3,100,1.5,169,194,1.8,10.8,1,3588.58,1022.3,1008.0
2022-05-01T10:00,12.8,0.10,76,8.7,12.3,0.10,0.00,0.00,51,58,0,19,56,1.1,198,198,1.1,10.8,1,3600.00,1022.2,1007.9
2022-05-01T11:00,13.8,0.10,72,8.7,13.2,0.10,0.00,0.00,51,66,0,32,63,1.6,202,207,1.9,11.9,1,3600.00,1021.9,1007.7
2022-05-01T12:00,14.6,0.10,65,8.2,13.8,0.10,0.00,0.00,51,62,0,31,53,1.9,207,202,2.4,12.6,1,3600.00,1021.5,1007.3
2022-05-01T13:00,13.3,0.00,75,9.0,12.3,0.00,0.00,0.00,3,100,0,64,27,5.2,302,304,6.8,14.4,1,3600.00,1021.9,1007.6
2022-05-01T14:00,14.6,0.10,71,9.5,14.2,0.10,0.00,0.00,51,57,0,31,44,3.3,280,276,4.0,20.5,1,3600.00,1021.3,1007.1
2022-05-01T15:00,14.6,0.00,70,9.2,14.0,0.00,0.00,0.00,1,32,0,15,22,2.5,277,278,2.9,18.0,1,3600.00,1020.6,1006.4
2022-05-01T16:00,15.6,0.20,62,8.4,14.9,0.20,0.00,0.00,51,42,0,32,18,1.8,321,323,2.3,17.6,1,3600.00,1019.8,1005.7
2022-05-01T17:00,15.4,0.00,62,8.2,14.6,0.00,0.00,0.00,1,35,0,16,28,2.4,293,297,2.7,11.2,1,3600.00,1019.5,1005.4
2022-05-01T18:00,15.2,0.00,63,8.2,14.1,0.00,0.00,0.00,0,18,0,6,16,3.7,356,349,5.1,9.7,1,3600.00,1019.3,1005.2
2022-05-01T19:00,13.5,0.00,79,10.0,12.9,0.00,0.00,0.00,1,23,0,16,19,4.2,343,329,7.5,9.4,1,3600.00,1019.4,1005.2
2022-05-01T20:00,11.2,0.10,84,8.7,10.0,0.10,0.00,0.00,51,37,0,22,23,5.8,5,4,8.3,9.4,0,0.00,1020.0,1005.7
2022-05-01T21:00,10.5,0.10,89,8.8,9.4,0.10,0.00,0.00,51,38,0,37,9,4.9,27,17,7.2,9.4,0,0.00,1020.3,1005.9
2022-05-01T22:00,10.5,0.00,90,8.9,9.3,0.00,0.00,0.00,2,55,0,55,0,6.1,31,40,11.8,11.9,0,0.00,1019.9,1005.5
2022-05-01T23:00,9.9,0.00,92,8.6,8.7,0.00,0.00,0.00,0,19,0,18,10,5.5,51,58,11.5,12.2,0,0.00,1019.5,1005.1
2022-05-02T00:00,8.1,0.00,95,7.3,6.6,0.00,0.00,0.00,1,30,0,26,26,5.7,57,55,7.3,10.4,0,0.00,1019.5,1005.0
2022-05-02T01:00,9.0,0.00,88,7.1,7.2,0.00,0.00,0.00,0,6,0,35,29,7.2,82,53,10.5,9.0,0,0.00,1019.0,1004.6
2022-05-02T02:00,8.3,0.00,91,6.8,6.6,0.00,0.00,0.00,2,55,0,54,7,5.5,88,58,8.6,10.8,0,0.00,1018.6,1004.1
2022-05-02T03:00,8.4,0.00,90,6.9,6.9,0.00,0.00,0.00,1,29,28,2,0,4.7,98,99,10.5,9.4,0,0.00,1018.3,1003.8
2022-05-02T04:00,8.9,0.00,86,6.8,7.6,0.00,0.00,0.00,0,16,16,0,0,3.5,105,114,5.6,10.4,0,0.00,1018.2,1003.8
2022-05-02T05:00,8.5,0.00,88,6.7,7.5,0.00,0.00,0.00,1,30,28,0,3,1.3,11,326,1.8,6.5,0,0.00,1018.2,1003.8
2022-05-02T06:00,7.7,0.00,95,6.9,6.4,0.00,0.00,0.00,3,99,99,0,1,3.3,6,354,3.6,5.4,1,541.94,1018.3,1003.8
2022-05-02T07:00,10.4,0.00,85,8.0,9.7,0.00,0.00,0.00,3,92,91,5,3,0.7,59,270,4.2,6.8,1,3600.00,1018.3,1003.9
2022-05-02T08:00,12.5,0.00,78,8.7,12.1,0.00,0.00,0.00,2,59,50,18,7,0.7,360,270,0.4,8.3,1,3600.00,1018.3,1004.0
2022-05-02T09:00,14.6,0.00,72,9.6,14.3,0.00,0.00,0.00,1,32,27,5,5,1.0,68,45,1.9,10.4,1,3600.00,1018.2,1004.1
2022-05-02T10:00,16.2,0.00,67,10.1,16.4,0.00,0.00,0.00,0,4,0,2,2,1.9,36,22,3.1,16.9,1,3600.00,1017.8,1003.7
2022-05-02T11:00,17.6,0.00,64,10.6,18.5,0.00,0.00,0.00,1,21,1,9,12,2.8,52,40,4.1,19.1,1,3600.00,1017.3,1003.3
2022-05-02T12:00,18.6,0.00,57,9.9,19.4,0.00,0.00,0.00,1,46,7,18,33,4.3,83,85,6.2,18.7,1,3600.00,1016.5,1002.6
2022-05-02T13:00,18.2,0.00,54,8.7,18.1,0.00,0.00,0.00,3,100,26,29,8,5.4,93,90,7.2,20.9,1,3600.00,1016.3,1002.4
2022-05-02T14:00,18.8,0.10,53,8.9,18.1,0.10,0.00,0.00,51,88,80,33,11,6.5,83,84,8.7,18.4,1,3600.00,1015.9,1002.0
2022-05-02T15:00,18.6,0.00,53,8.7,17.4,0.00,0.00,0.00,3,83,73,23,20,6.3,80,77,8.0,18.7,1,3600.00,1015.3,1001.4
2022-05-02T16:00,18.7,0.00,50,8.1,17.4,0.00,0.00,0.00,3,100,100,23,10,5.4,87,90,7.6,16.6,1,3600.00,1014.9,1001.0
2022-05-02T17:00,18.7,0.10,49,7.8,17.6,0.10,0.00,0.00,51,100,100,48,18,3.6,63,53,4.8,14.4,1,3600.00,1014.6,1000.7
2022-05-02T18:00,15.9,0.50,74,11.4,14.7,0.50,0.00,0.00,53,100,100,66,4,10.9,12,9,16.9,23.8,1,3600.00,1015.0,1001.0
2022-05-02T19:00,15.1,0.20,79,11.5,14.5,0.20,0.00,0.00,51,100,100,69,5,7.7,18,11,16.6,21.6,1,1490.24,1015.2,1001.1
2022-05-02T20:00,13.8,0.00,83,11.1,13.1,0.00,0.00,0.00,3,100,100,43,2,7.1,41,24,17.1,15.5,0,0.00,1015.5,1001.4
2022-05-02T21:00,13.0,0.00,83,10.3,12.1,0.00,0.00,0.00,1,34,7,28,14,6.9,65,47,17.9,14.8,0,0.00,1015.9,1001.7
2022-05-02T22:00,11.8,0.00,87,9.7,10.9,0.00,0.00,0.00,1,28,3,25,14,5.8,72,60,15.5,14.0,0,0.00,1015.9,1001.6
2022-05-02T23:00,10.3,0.00,91,8.8,9.1,0.00,0.00,0.00,1,36,0,33,23,5.6,74,50,10.5,11.9,0,0.00,1016.0,1001.7
2022-05-03T00:00,9.8,0.00,92,8.6,8.7,0.00,0.00,0.00,1,36,6,30,20,4.8,49,48,10.5,9.7,0,0.00,1016.0,1001.6
2022-05-03T01:00,9.6,0.00,89,7.9,8.3,0.00,0.00,0.00,1,23,0,36,0,5.1,11,82,7.3,9.7,0,0.00,1015.2,1000.8
2022-05-03T02:00,8.9,0.00,90,7.3,7.7,0.00,0.00,0.00,1,22,0,22,0,3.8,70,107,4.2,7.9,0,0.00,1015.1,1000.7
2022-05-03T03:00,8.0,0.00,93,6.9,6.6,0.00,0.00,0.00,0,15,0,15,0,3.7,146,101,2.6,7.6,0,0.00,1014.9,1000.5
2022-05-03T04:00,7.8,0.00,91,6.5,6.6,0.00,0.00,0.00,0,9,0,9,0,2.3,321,72,2.3,6.1,0,0.00,1015.0,1000.6
2022-05-03T05:00,6.9,0.00,94,6.0,5.4,0.00,0.00,0.00,0,4,0,4,0,3.2,117,90,2.4,6.5,1,0.00,1015.1,1000.6
2022-05-03T06:00,8.5,0.00,91,7.1,7.3,0.00,0.00,0.00,1,20,0,20,0,2.5,90,82,1.8,6.1,1,794.64,1015.4,1001.0
2022-05-03T07:00,11.3,0.00,84,8.6,10.8,0.00,0.00,0.00,1,30,0,30,0,0.5,56,135,1.3,7.9,1,3600.00,1016.0,1001.7
2022-05-03T08:00,13.3,0.00,76,9.1,12.7,0.00,0.00,0.00,1,22,0,22,0,2.5,328,315,3.4,10.8,1,3600.00,1016.1,1001.9
2022-05-03T09:00,15.2,0.00,71,9.9,14.6,0.00,0.00,0.00,0,9,0,9,0,4.1,318,308,4.8,14.4,1,3600.00,1016.3,1002.2
2022-05-03T10:00,17.1,0.00,66,10.7,17.1,0.00,0.00,0.00,1,25,1,24,0,4.7,310,302,5.6,16.2,1,3600.00,1016.2,1002.2
2022-05-03T11:00,18.8,0.00,62,11.4,19.4,0.00,0.00,0.00,0,16,6,10,1,6.5,335,326,8.4,20.9,1,3600.00,1016.0,1002.1
2022-05-03T12:00,19.7,0.10,60,11.8,20.8,0.10,0.00,0.00,51,14,10,4,2,6.5,347,341,8.1,21.2,1,3600.00,1015.6,1001.7
2022-05-03T13:00,18.5,0.20,58,10.1,19.1,0.20,0.00,0.00,51,59,32,15,26,5.6,25,27,7.6,20.9,1,3600.00,1015.1,1001.2
2022-05-03T14:00,20.5,0.10,48,9.0,21.1,0.10,0.00,0.00,51,59,22,48,0,3.8,348,343,5.2,15.8,1,3600.00,1014.4,1000.6
2022-05-03T15:00,20.9,0.10,47,9.3,20.3,0.10,0.00,0.00,51,67,40,43,9,5.4,360,356,7.6,17.6,1,3600.00,1014.0,1000.2
2022-05-03T16:00,18.7,1.60,59,10.6,17.8,1.60,0.00,0.00,61,91,86,35,25,7.2,37,37,9.5,16.2,1,3600.00,1014.4,1000.5
2022-05-03T17:00,17.5,0.00,65,10.9,15.8,0.00,0.00,0.00,2,68,60,18,8,13.8,62,62,20.5,29.5,1,3600.00,1014.7,1000.7
2022-05-03T18:00,17.4,0.00,66,11.0,16.8,0.00,0.00,0.00,0,15,7,9,0,6.3,59,59,10.5,27.7,1,3600.00,1014.8,1000.8
2022-05-03T19:00,16.0,0.00,77,11.9,15.9,0.00,0.00,0.00,1,31,11,22,11,4.5,49,61,7.1,13.7,1,3600.00,1015.2,1001.2
2022-05-03T20:00,16.3,0.00,68,10.4,15.9,0.00,0.00,0.00,1,40,11,32,5,3.4,33,32,6.0,7.9,0,0.00,1015.7,1001.7
2022-05-03T21:00,12.4,0.00,85,10.0,11.7,0.00,0.00,0.00,1,38,9,32,3,4.9,34,54,6.5,8.6,0,0.00,1016.0,1001.8
2022-05-03T22:00,11.8,0.00,89,10.0,11.3,0.00,0.00,0.00,1,41,0,41,3,3.4,17,58,6.0,8.3,0,0.00,1016.2,1001.9
2022-05-03T23:00,10.5,0.00,93,9.4,9.7,0.00,0.00,0.00,0,6,0,6,0,4.2,32,70,6.8,7.6,0,0.00,1016.2,1001.9
2022-05-04T00:00,9.9,0.00,92,8.7,9.0,0.00,0.00,0.00,0,5,0,5,0,4.1,87,105,6.8,8.3,0,0.00,1016.3,1001.9
2022-05-04T01:00,10.3,0.00,80,7.0,8.2,0.00,0.00,0.00,0,1,0,39,0,9.0,18,358,14.0,9.7,0,0.00,1016.0,1001.7
2022-05-04T02:00,9.8,0.00,84,7.2,8.4,0.00,0.00,0.00,1,30,0,22,10,4.8,145,167,4.4,13.7,0,0.00,1016.3,1001.9
2022-05-04T03:00,11.0,0.00,75,6.8,9.9,0.00,0.00,0.00,0,12,0,12,0,1.8,135,53,1.0,9.4,0,0.00,1016.2,1001.9
2022-05-04T04:00,8.7,0.00,87,6.6,7.2,0.00,0.00,0.00,0,1,0,1,0,3.9,27,56,2.4,5.4,0,0.00,1016.1,1001.7
2022-05-04T05:00,9.4,0.00,84,6.7,8.3,0.00,0.00,0.00,0,2,0,2,0,1.8,345,53,4.1,7.2,1,0.00,1016.3,1001.9
2022-05-04T06:00,9.0,0.00,91,7.7,8.0,0.00,0.00,0.00,0,6,0,6,2,2.6,332,344,8.5,7.6,1,1064.40,1016.7,1002.3
2022-05-04T07:00,11.0,0.00,84,8.3,10.4,0.00,0.00,0.00,0,16,0,16,6,0.7,7,270,5.8,6.8,1,3600.00,1016.8,1002.5
2022-05-04T08:00,13.0,0.00,79,9.4,12.5,0.00,0.00,0.00,0,10,0,10,5,2.6,203,214,2.7,11.2,1,3600.00,1017.3,1003.1
2022-05-04T09:00,14.6,0.00,74,10.0,14.3,0.00,0.00,0.00,1,37,0,36,12,2.1,198,211,2.3,13.0,1,3600.00,1017.6,1003.5
2022-05-04T10:00,16.0,0.00,70,10.5,15.5,0.00,0.00,0.00,1,30,0,17,16,6.1,180,183,7.9,18.7,1,3600.00,1017.6,1003.5
2022-05-04T11:00,17.2,0.00,65,10.6,17.2,0.00,0.00,0.00,1,32,0,32,0,4.7,259,261,5.9,18.7,1,3600.00,1017.1,1003.1
2022-05-04T12:00,18.3,0.00,61,10.7,18.8,0.00,0.00,0.00,0,17,6,10,2,5.7,293,288,7.4,19.4,1,3600.00,1016.6,1002.7
2022-05-04T13:00,19.6,0.00,55,10.2,20.5,0.00,0.00,0.00,1,21,32,2,2,5.1,317,315,6.4,18.7,1,3600.00,1015.9,1002.0
2022-05-04T14:00,20.3,0.00,51,9.9,21.0,0.00,0.00,0.00,1,49,48,2,1,4.8,298,297,6.1,18.4,1,3600.00,1015.4,1001.6
2022-05-04T15:00,19.8,0.40,55,10.4,19.6,0.40,0.00,0.00,51,74,67,16,11,8.0,280,280,10.6,22.0,1,3600.00,1015.3,1001.4
2022-05-04T16:00,19.4,0.20,52,9.3,18.3,0.20,0.00,0.00,51,66,61,11,5,6.1,270,273,7.9,20.9,1,3600.00,1015.1,1001.2
2022-05-04T17:00,16.8,0.80,70,11.2,14.6,0.80,0.00,0.00,53,68,34,50,6,17.0,272,274,24.9,33.5,1,3600.00,1016.1,1002.1
2022-05-04T18:00,14.5,0.20,79,10.8,12.3,0.20,0.00,0.00,51,76,57,44,2,16.4,346,351,26.7,37.8,1,3600.00,1016.1,1002.0
2022-05-04T19:00,14.0,0.10,82,10.9,12.9,0.10,0.00,0.00,51,27,5,23,0,8.9,26,27,19.2,32.8,1,3600.00,1016.4,1002.2
2022-05-04T20:00,12.2,0.00,86,9.9,11.5,0.00,0.00,0.00,1,24,17,9,0,4.5,354,299,6.9,17.3,0,0.00,1017.0,1002.8
2022-05-04T21:00,11.1,0.00,92,9.8,10.1,0.00,0.00,0.00,1,43,38,9,0,6.2,319,291,7.7,10.1,0,0.00,1017.7,1003.4
2022-05-04T22:00,12.4,0.00,89,10.6,12.1,0.00,0.00,0.00,0,4,4,0,0,2.8,349,50,5.5,9.4,0,0.00,1017.9,1003.6
2022-05-04T23:00,11.8,0.00,90,10.2,11.6,0.00,0.00,0.00,2,59,59,0,0,2.1,328,59,5.5,5.4,0,0.00,1018.2,1003.9
2022-05-05T00:00,9.0,0.00,95,8.2,7.8,0.00,0.00,0.00,2,71,71,0,0,5.1,343,45,7.5,7.6,0,0.00,1018.5,1004.1
2022-05-05T01:00,11.2,0.00,95,10.4,10.4,0.00,0.00,0.00,2,68,52,65,3,6.3,273,257,6.5,9.4,0,0.00,1018.7,1004.4
2022-05-05T02:00,10.3,0.00,93,9.2,9.4,0.00,0.00,0.00,3,95,84,72,0,5.1,331,315,12.7,12.2,0,0.00,1018.5,1004.1
2022-05-05T03:00,9.2,0.00,92,8.0,7.7,0.00,0.00,0.00,3,100,99,95,0,6.5,321,289,11.5,11.2,0,0.00,1018.8,1004.4
2022-05-05T04:00,10.2,0.00,90,8.6,9.0,0.00,0.00,0.00,3,100,100,92,12,6.1,294,270,14.2,11.9,0,0.00,1019.2,1004.8
2022-05-05T05:00,9.7,0.00,90,8.2,8.4,0.00,0.00,0.00,3,100,98,97,30,6.0,312,303,16.1,13.3,1,0.00,1019.4,1005.0
2022-05-05T06:00,10.2,0.20,87,8.2,8.6,0.20,0.00,0.00,51,99,72,96,56,8.1,339,339,18.1,15.5,1,0.00,1019.8,1005.4
2022-05-05T07:00,11.4,1.10,84,8.8,10.1,1.10,0.00,0.00,55,100,90,100,21,7.1,350,345,19.0,18.0,1,508.97,1020.2,1005.9
2022-05-05T08:00,12.2,1.00,84,9.6,10.5,1.00,0.00,0.00,55,100,100,100,53,11.4,15,13,19.0,25.2,1,405.42,1020.7,1006.4
2022-05-05T09:00,12.4,0.50,88,10.5,11.6,0.50,0.00,0.00,53,100,100,100,100,6.1,356,332,11.2,24.5,1,0.00,1021.3,1007.0
2022-05-05T10:00,12.9,0.50,91,11.4,12.3,0.50,0.00,0.00,53,100,98,100,100,6.6,326,319,9.1,15.8,1,0.00,1021.9,1007.6
2022-05-05T11:00,13.0,0.50,90,11.5,12.0,0.50,0.00,0.00,53,100,99,93,99,10.0,339,334,14.2,21.2,1,0.00,1022.0,1007.7
2022-05-05T12:00,15.1,0.00,80,11.7,14.0,0.00,0.00,0.00,3,100,83,100,100,11.1,349,347,15.4,26.6,1,2333.47,1021.9,1007.7
2022-05-05T13:00,15.2,0.00,76,10.9,14.1,0.00,0.00,0.00,3,100,65,41,63,9.0,358,355,12.6,29.5,1,3600.00,1021.7,1007.5
2022-05-05T14:00,15.5,0.00,69,9.8,13.7,0.00,0.00,0.00,3,100,100,86,51,11.9,359,355,16.2,26.6,1,0.00,1021.5,1007.4
2022-05-05T15:00,16.3,0.00,64,9.4,14.6,0.00,0.00,0.00,3,100,100,58,31,10.5,11,8,14.7,26.3,1,504.71,1021.1,1007.0
2022-05-05T16:00,16.1,0.00,64,9.2,14.3,0.00,0.00,0.00,3,100,100,97,40,10.8,1,358,15.1,24.5,1,0.00,1021.0,1006.9
2022-05-05T17:00,16.3,0.00,60,8.5,14.8,0.00,0.00,0.00,3,100,100,100,2,7.9,360,357,11.5,23.0,1,0.00,1021.1,1007.0
2022-05-05T18:00,16.0,0.00,66,9.5,15.2,0.00,0.00,0.00,3,100,100,88,8,4.3,345,336,10.0,16.9,1,147.32,1021.0,1006.9
2022-05-05T19:00,14.5,0.30,73,9.7,13.7,0.30,0.00,0.00,51,100,100,100,11,5.1,293,266,9.4,9.7,1,0.00,1021.4,1007.2
2022-05-05T20:00,12.8,0.60,81,9.6,11.9,0.60,0.00,0.00,53,100,100,100,26,5.7,257,235,13.3,14.8,0,0.00,1022.2,1007.9
2022-05-05T21:00,12.4,0.20,87,10.4,11.8,0.20,0.00,0.00,51,100,100,100,1,5.1,268,225,9.7,9.7,0,0.00,1022.8,1008.5
2022-05-05T22:00,11.5,0.10,87,9.5,10.4,0.10,0.00,0.00,51,100,100,100,0,6.4,268,223,9.4,9.0,0,0.00,1023.2,1008.8
2022-05-05T23:00,11.5,0.00,90,9.9,10.8,0.00,0.00,0.00,3,100,100,100,3,4.7,292,238,5.8,9.0,0,0.00,1023.3,1008.9
2022-05-06T00:00,11.7,0.00,88,9.7,11.0,0.00,0.00,0.00,3,100,100,100,15,4.0,330,280,5.8,8.6,0,0.00,1023.4,1009.0
2022-05-06T01:00,12.4,0.00,81,9.2,10.5,0.00,0.00,0.00,3,100,100,88,0,11.7,16,9,25.1,8.3,0,0.00,1023.0,1008.7
2022-05-06T02:00,11.8,0.00,84,9.3,10.0,0.00,0.00,0.00,3,100,100,100,33,10.8,4,2,23.1,23.8,0,0.00,1023.2,1008.8
2022-05-06T03:00,11.8,0.00,85,9.3,10.6,0.00,0.00,0.00,3,100,98,100,28,6.9,17,9,16.2,20.9,0,0.00,1023.2,1008.8
2022-05-06T04:00,11.3,0.00,86,9.1,10.4,0.00,0.00,0.00,3,100,100,96,3,4.7,26,360,12.4,13.7,0,0.00,1023.2,1008.8
2022-05-06T05:00,10.8,0.00,86,8.5,9.5,0.00,0.00,0.00,3,100,100,17,5,6.2,27,10,15.3,12.6,1,0.00,1023.1,1008.7
2022-05-06T06:00,10.6,0.00,84,8.0,9.2,0.00,0.00,0.00,3,100,100,49,5,5.8,39,22,15.9,12.6,1,0.00,1023.6,1009.2
2022-05-06T07:00,12.1,0.00,81,9.0,11.1,0.00,0.00,0.00,3,100,100,19,1,5.1,42,4,13.0,12.6,1,2871.54,1024.0,1009.6
2022-05-06T08:00,14.0,0.00,77,9.9,13.4,0.00,0.00,0.00,3,100,100,11,0,4.0,28,355,7.7,12.2,1,3600.00,1024.2,1009.9
2022-05-06T09:00,16.0,0.00,68,10.1,15.1,0.00,0.00,0.00,3,99,99,2,0,6.3,22,13,8.6,16.9,1,3600.00,1024.1,1009.9
2022-05-06T10:00,17.6,0.00,52,7.7,16.0,0.00,0.00,0.00,3,100,100,2,0,8.7,41,38,12.0,21.6,1,3600.00,1024.0,1009.9
2022-05-06T11:00,18.7,0.00,45,6.6,17.1,0.00,0.00,0.00,3,98,96,52,9,11.2,47,45,15.3,26.3,1,3600.00,1024.0,1010.0
2022-05-06T12:00,19.3,0.00,44,6.7,17.6,0.00,0.00,0.00,3,100,54,100,0,12.2,36,34,16.5,27.7,1,3600.00,1023.6,1009.6
2022-05-06T13:00,19.6,0.00,44,7.1,17.5,0.00,0.00,0.00,3,94,96,100,100,12.0,39,39,15.9,29.2,1,3600.00,1023.5,1009.5
2022-05-06T14:00,19.0,0.00,46,7.1,16.9,0.00,0.00,0.00,3,100,99,100,3,9.4,46,47,13.0,26.3,1,1747.37,1023.4,1009.4
2022-05-06T15:00,19.4,0.00,44,6.8,17.3,0.00,0.00,0.00,3,100,97,100,1,8.3,21,18,12.0,20.5,1,979.83,1023.0,1009.0
2022-05-06T16:00,19.0,0.00,47,7.3,16.8,0.00,0.00,0.00,3,100,24,100,7,10.1,19,17,15.3,22.3,1,0.00,1022.9,1008.9
2022-05-06T17:00,18.9,0.00,48,7.6,16.9,0.00,0.00,0.00,3,100,0,100,10,9.2,28,26,13.8,24.1,1,2263.34,1022.9,1008.9
2022-05-06T18:00,18.1,0.00,57,9.4,17.1,0.00,0.00,0.00,3,100,0,100,3,5.8,27,22,12.6,19.8,1,2144.11,1022.8,1008.8
2022-05-06T19:00,16.9,0.00,65,10.2,16.1,0.00,0.00,0.00,3,91,0,91,1,5.3,35,28,13.2,12.2,1,0.00,1023.0,1008.9
2022-05-06T20:00,15.2,0.00,67,9.2,14.2,0.00,0.00,0.00,2,76,0,74,12,5.7,37,35,13.9,11.9,0,0.00,1023.2,1009.0
2022-05-06T21:00,14.5,0.00,70,9.0,13.5,0.00,0.00,0.00,1,22,0,21,7,5.1,37,51,11.3,12.2,0,0.00,1023.6,1009.4
2022-05-06T22:00,12.1,0.00,78,8.5,10.9,0.00,0.00,0.00,0,5,0,5,0,5.6,21,50,12.3,11.5,0,0.00,1023.6,1009.3
2022-05-06T23:00,11.6,0.00,77,7.6,9.7,0.00,0.00,0.00,0,4,0,4,0,8.2,41,52,17.6,15.8,0,0.00,1023.6,1009.2
2022-05-07T00:00,11.7,0.00,72,6.9,9.5,0.00,0.00,0.00,0,13,0,13,1,9.5,55,61,19.7,18.0,0,0.00,1023.3,1008.9
2022-05-07T01:00,9.2,0.00,84,6.6,7.2,0.00,0.00,0.00,0,10,0,9,1,7.9,84,90,11.2,18.4,0,0.00,1023.0,1008.5
2022-05-07T02:00,8.1,0.00,86,5.9,6.1,0.00,0.00,0.00,1,40,0,40,5,6.6,108,112,9.1,13.0,0,0.00,1023.1,1008.6
2022-05-07T03:00,8.5,0.00,82,5.7,7.0,0.00,0.00,0.00,1,29,0,29,7,3.2,111,90,3.1,9.7,0,0.00,1023.0,1008.5
2022-05-07T04:00,7.3,0.00,88,5.4,5.6,0.00,0.00,0.00,0,12,0,11,4,3.3,90,84,1.4,6.5,0,0.00,1022.9,1008.3
2022-05-07T05:00,6.7,0.00,89,5.0,5.1,0.00,0.00,0.00,0,11,0,11,5,2.6,236,106,1.3,6.1,1,0.00,1023.0,1008.4
2022-05-07T06:00,8.6,0.00,85,6.3,7.1,0.00,0.00,0.00,0,2,0,0,2,3.9,190,124,4.0,7.6,1,1545.80,1023.3,1008.8
2022-05-07T07:00,11.5,0.00,79,8.0,10.5,0.00,0.00,0.00,0,0,0,0,0,2.9,185,173,4.3,9.4,1,3600.00,1023.6,1009.2
2022-05-07T08:00,13.7,0.00,73,8.8,13.1,0.00,0.00,0.00,0,0,0,0,0,1.8,225,233,2.5,10.1,1,3600.00,1023.8,1009.5
2022-05-07T09:00,15.8,0.00,67,9.6,15.4,0.00,0.00,0.00,0,2,0,2,0,2.4,236,243,2.6,11.9,1,3600.00,1023.8,1009.6
2022-05-07T10:00,17.8,0.00,60,10.0,18.1,0.00,0.00,0.00,1,34,0,34,0,1.8,292,281,1.9,12.2,1,3600.00,1023.5,1009.4
2022-05-07T11:00,19.1,0.00,51,8.7,18.7,0.00,0.00,0.00,1,26,0,24,9,3.3,5,347,4.3,13.0,1,3600.00,1023.1,1009.1
2022-05-07T12:00,20.8,0.00,43,7.7,20.8,0.00,0.00,0.00,1,27,0,27,0,4.7,43,32,6.4,14.4,1,3600.00,1022.4,1008.5
2022-05-07T13:00,20.9,0.00,44,8.1,20.1,0.00,0.00,0.00,1,30,0,15,5,8.2,46,41,10.9,19.8,1,3600.00,1022.1,1008.2
2022-05-07T14:00,21.0,0.00,43,8.0,20.0,0.00,0.00,0.00,1,23,0,23,3,9.2,44,42,12.0,23.0,1,3600.00,1021.5,1007.6
2022-05-07T15:00,21.2,0.00,43,8.1,19.9,0.00,0.00,0.00,1,25,0,24,1,8.6,37,33,11.3,22.3,1,3600.00,1021.1,1007.2
2022-05-07T16:00,21.1,0.00,44,8.3,19.2,0.00,0.00,0.00,0,18,0,13,6,9.8,30,28,13.7,22.7,1,3600.00,1020.8,1006.9
2022-05-07T17:00,20.7,0.00,46,8.6,19.0,0.00,0.00,0.00,0,12,1,6,5,9.1,37,34,13.6,23.0,1,3600.00,1020.5,1006.6
2022-05-07T18:00,19.8,0.00,52,9.6,18.6,0.00,0.00,0.00,0,8,0,7,3,7.2,34,27,14.3,20.9,1,3600.00,1020.5,1006.6
2022-05-07T19:00,17.7,0.00,63,10.6,17.0,0.00,0.00,0.00,0,11,0,11,5,6.5,15,6,15.6,16.2,1,3600.00,1020.9,1006.9
2022-05-07T20:00,15.5,0.00,69,9.7,14.3,0.00,0.00,0.00,0,9,0,9,5,7.5,18,17,17.8,14.4,0,114.50,1021.4,1007.3
2022-05-07T21:00,14.3,0.00,72,9.4,12.9,0.00,0.00,0.00,0,14,0,14,3,8.3,10,5,20.8,15.8,0,0.00,1022.0,1007.8
2022-05-07T22:00,14.5,0.00,68,8.7,12.5,0.00,0.00,0.00,0,3,0,3,0,11.8,27,27,27.4,23.8,0,0.00,1022.2,1008.0
2022-05-07T23:00,13.8,0.00,71,8.5,12.0,0.00,0.00,0.00,0,13,0,13,0,9.1,37,34,23.4,23.8,0,0.00,1022.3,1008.1
2022-05-08T00:00,12.7,0.00,75,8.3,11.2,0.00,0.00,0.00,0,0,0,0,0,7.1,40,24,20.2,18.7,0,0.00,1022.4,1008.1
2022-05-08T01:00,11.5,0.00,81,8.4,10.0,0.00,0.00,0.00,0,12,54,11,0,7.6,77,109,12.9,14.8,0,0.00,1022.2,1007.8
2022-05-08T02:00,12.5,0.00,74,7.9,11.4,0.00,0.00,0.00,2,63,59,8,0,4.0,101,90,7.7,13.3,0,0.00,1022.2,1007.9
2022-05-08T03:00,9.8,0.00,87,7.7,8.3,0.00,0.00,0.00,2,67,66,4,0,6.2,8,7,8.0,10.1,0,0.00,1022.1,1007.7
2022-05-08T04:00,8.7,0.00,90,7.2,7.2,0.00,0.00,0.00,3,99,99,1,0,5.2,39,74,6.9,10.8,0,0.00,1022.3,1007.8
2022-05-08T05:00,8.1,0.00,92,6.8,6.6,0.00,0.00,0.00,0,7,1,5,0,4.7,47,67,5.9,8.6,1,0.00,1022.7,1008.2
2022-05-08T06:00,10.2,0.00,87,8.2,9.0,0.00,0.00,0.00,1,20,0,20,1,5.0,66,69,9.8,9.7,1,1573.93,1023.0,1008.6
2022-05-08T07:00,13.0,0.00,80,9.5,12.5,0.00,0.00,0.00,1,26,0,26,0,2.2,58,351,8.1,11.2,1,3600.00,1023.5,1009.2
2022-05-08T08:00,15.2,0.00,74,10.6,14.7,0.00,0.00,0.00,1,20,0,20,2,4.6,322,315,5.9,13.3,1,3600.00,1023.7,1009.5
2022-05-08T09:00,17.5,0.00,69,11.9,17.5,0.00,0.00,0.00,0,18,0,18,2,4.1,352,345,5.4,14.4,1,3600.00,1023.8,1009.7
2022-05-08T10:00,19.4,0.00,64,12.3,19.9,0.00,0.00,0.00,1,24,0,24,1,4.2,28,20,5.3,16.6,1,3600.00,1023.8,1009.8
2022-05-08T11:00,20.9,0.00,55,11.5,21.6,0.00,0.00,0.00,0,11,0,11,0,5.7,41,35,7.7,19.8,1,3600.00,1023.5,1009.6
2022-05-08T12:00,21.4,0.00,49,10.3,21.4,0.00,0.00,0.00,1,38,0,33,8,8.9,41,40,12.0,22.7,1,3600.00,1023.2,1009.3
2022-05-08T13:00,22.1,0.00,40,7.7,21.1,0.00,0.00,0.00,1,39,0,34,1,10.0,70,69,13.4,27.0,1,3600.00,1023.0,1009.1
2022-05-08T14:00,22.7,0.00,36,7.0,21.9,0.00,0.00,0.00,0,5,0,5,0,8.6,63,57,11.8,24.1,1,3600.00,1022.5,1008.7
2022-05-08T15:00,22.9,0.00,35,6.7,21.7,0.00,0.00,0.00,1,24,0,24,0,9.2,50,48,12.3,22.3,1,3600.00,1022.1,1008.3
2022-05-08T16:00,21.9,0.00,40,7.6,19.0,0.00,0.00,0.00,2,58,0,58,0,15.4,34,33,22.3,32.0,1,3600.00,1022.0,1008.2
2022-05-08T17:00,19.8,0.00,55,10.6,17.5,0.00,0.00,0.00,0,15,0,15,0,17.3,21,21,26.2,38.2,1,3600.00,1022.4,1008.4
2022-05-08T18:00,19.5,0.00,59,11.2,17.7,0.00,0.00,0.00,1,30,0,30,0,14.7,23,22,25.0,36.4,1,3600.00,1022.4,1008.4
2022-05-08T19:00,18.4,0.00,60,10.4,16.7,0.00,0.00,0.00,0,11,0,11,0,12.4,35,30,24.1,30.2,1,3600.00,1022.7,1008.7
2022-05-08T20:00,16.4,0.00,65,9.8,15.0,0.00,0.00,0.00,0,10,0,10,0,9.2,38,31,22.3,25.6,0,206.80,1023.2,1009.1
2022-05-08T21:00,15.5,0.00,67,9.3,13.9,0.00,0.00,0.00,0,18,0,18,0,9.4,51,43,23.6,20.9,0,0.00,1024.1,1009.9
2022-05-08T22:00,14.7,0.00,68,8.8,13.2,0.00,0.00,0.00,0,18,0,18,0,7.7,66,53,21.7,20.5,0,0.00,1024.4,1010.2
2022-05-08T23:00,14.3,0.00,69,8.7,12.7,0.00,0.00,0.00,0,13,0,13,0,8.3,72,56,22.0,18.0,0,0.00,1024.6,1010.3
2022-05-09T00:00,13.8,0.00,72,8.8,12.3,0.00,0.00,0.00,0,3,0,3,0,8.1,82,69,21.8,18.0,0,0.00,1024.8,1010.5
2022-05-09T01:00,13.9,0.00,75,9.4,12.5,0.00,0.00,0.00,0,0,0,0,0,8.3,86,85,23.1,17.6,0,0.00,1024.5,1010.2
2022-05-09T02:00,12.9,0.00,78,9.2,11.7,0.00,0.00,0.00,0,4,0,4,0,7.0,87,78,20.9,18.0,0,0.00,1024.5,1010.2
2022-05-09T03:00,11.6,0.00,84,9.1,10.4,0.00,0.00,0.00,0,8,0,8,0,6.7,89,74,17.6,15.5,0,0.00,1024.7,1010.3
2022-05-09T04:00,11.3,0.00,85,8.9,10.1,0.00,0.00,0.00,0,0,0,0,0,6.0,86,65,17.3,13.7,0,0.00,1024.8,1010.4
2022-05-09T05:00,11.2,0.00,85,8.8,9.9,0.00,0.00,0.00,0,0,0,0,0,6.4,90,74,18.4,13.7,1,0.00,1024.9,1010.5
2022-05-09T06:00,12.4,0.00,84,9.7,11.6,0.00,0.00,0.00,0,0,0,0,0,4.8,94,77,15.5,13.3,1,1895.33,1025.4,1011.0
2022-05-09T07:00,14.5,0.00,77,10.6,14.2,0.00,0.00,0.00,0,0,0,0,0,3.6,96,84,13.0,12.6,1,3600.00,1025.9,1011.6
2022-05-09T08:00,16.5,0.00,72,11.3,16.1,0.00,0.00,0.00,0,0,0,0,0,5.4,95,94,8.3,15.1,1,3600.00,1026.0,1011.8
2022-05-09T09:00,18.3,0.00,66,11.8,17.7,0.00,0.00,0.00,0,0,0,0,0,8.0,97,98,11.3,20.5,1,3600.00,1025.9,1011.8
2022-05-09T10:00,19.9,0.00,59,11.6,19.7,0.00,0.00,0.00,0,0,0,0,0,8.4,99,100,11.7,22.0,1,3600.00,1025.7,1011.7
2022-05-09T11:00,21.1,0.10,53,11.1,21.4,0.10,0.00,0.00,51,19,0,18,1,8.3,94,95,11.2,25.2,1,3600.00,1025.4,1011.5
2022-05-09T12:00,21.8,0.10,49,10.7,22.2,0.10,0.00,0.00,51,28,0,28,2,8.3,86,88,10.8,22.0,1,3600.00,1024.9,1011.0
2022-05-09T13:00,23.0,0.00,45,10.3,23.2,0.00,0.00,0.00,1,22,0,20,1,6.4,78,74,8.5,23.4,1,3600.00,1024.2,1010.4
2022-05-09T14:00,23.1,0.00,43,9.9,22.9,0.00,0.00,0.00,1,28,0,28,2,8.3,86,88,11.2,21.2,1,3600.00,1023.9,1010.1
2022-05-09T15:00,22.9,0.00,45,10.3,22.3,0.00,0.00,0.00,1,32,0,25,9,7.2,96,96,9.8,21.2,1,3600.00,1023.2,1009.4
2022-05-09T16:00,22.9,0.00,46,10.6,22.3,0.00,0.00,0.00,1,28,0,28,0,5.4,78,70,7.0,18.7,1,3600.00,1022.6,1008.8
2022-05-09T17:00,22.7,0.00,46,10.5,22.0,0.00,0.00,0.00,0,19,0,17,2,5.9,47,43,7.9,14.0,1,3600.00,1022.4,1008.6
2022-05-09T18:00,21.9,0.00,53,12.0,21.8,0.00,0.00,0.00,0,11,0,8,6,5.1,48,39,10.7,13.7,1,3600.00,1022.6,1008.7
2022-05-09T19:00,19.8,0.00,65,13.0,20.0,0.00,0.00,0.00,1,22,0,21,9,5.1,60,45,12.9,11.9,1,3600.00,1022.8,1008.8
2022-05-09T20:00,17.8,0.00,66,11.4,17.3,0.00,0.00,0.00,0,9,0,9,0,6.3,77,66,14.4,12.2,0,107.10,1023.0,1008.9
2022-05-09T21:00,16.0,0.00,72,10.9,15.3,0.00,0.00,0.00,0,7,0,7,0,6.5,89,71,15.1,13.0,0,0.00,1023.3,1009.1
2022-05-09T22:00,14.8,0.00,77,10.7,13.9,0.00,0.00,0.00,0,6,0,6,0,7.2,87,72,15.1,13.7,0,0.00,1023.4,1009.2
2022-05-09T23:00,13.8,0.00,79,10.3,12.7,0.00,0.00,0.00,0,6,0,6,0,8.0,91,85,15.1,15.1,0,0.00,1023.2,1008.9
2022-05-10T00:00,13.6,0.00,75,9.3,12.2,0.00,0.00,0.00,0,5,0,5,0,8.4,105,100,17.6,16.2,0,0.00,1022.9,1008.6
2022-05-10T01:00,14.7,0.00,69,9.1,13.1,0.00,0.00,0.00,1,41,0,0,0,8.9,111,104,21.2,17.3,0,0.00,1022.4,1008.2
2022-05-10T02:00,13.1,0.00,77,9.2,11.6,0.00,0.00,0.00,2,63,63,0,0,8.6,126,105,20.1,17.6,0,0.00,1022.0,1007.7
2022-05-10T03:00,12.8,0.00,80,9.5,11.4,0.00,0.00,0.00,1,28,28,0,0,8.7,131,107,20.4,18.0,0,0.00,1021.6,1007.3
2022-05-10T04:00,12.4,0.00,84,9.8,11.2,0.00,0.00,0.00,3,100,100,0,0,7.6,129,98,17.7,16.9,0,0.00,1021.4,1007.1
2022-05-10T05:00,12.1,0.00,87,10.0,10.9,0.00,0.00,0.00,3,100,100,0,0,8.4,127,100,18.0,15.8,1,0.00,1021.4,1007.1
2022-05-10T06:00,13.3,0.00,84,10.6,12.2,0.00,0.00,0.00,3,100,100,0,0,9.0,126,106,18.8,18.0,1,1017.38,1021.4,1007.1
2022-05-10T07:00,15.2,0.00,80,11.8,14.6,0.00,0.00,0.00,3,100,100,0,0,7.7,132,131,17.8,17.3,1,3600.00,1021.9,1007.7
2022-05-10T08:00,17.1,0.00,74,12.4,16.8,0.00,0.00,0.00,3,100,100,0,0,7.5,142,145,11.0,18.4,1,3600.00,1021.7,1007.6
2022-05-10T09:00,18.9,0.00,68,12.9,18.8,0.00,0.00,0.00,3,96,96,0,0,7.2,176,177,9.4,19.4,1,3600.00,1021.7,1007.7
2022-05-10T10:00,20.6,0.00,64,13.6,21.3,0.00,0.00,0.00,3,99,99,0,0,6.2,201,201,8.1,19.1,1,3600.00,1021.6,1007.7
2022-05-10T11:00,22.2,0.00,58,13.7,23.3,0.00,0.00,0.00,3,100,100,3,0,6.8,198,198,9.1,19.8,1,3600.00,1020.9,1007.1
2022-05-10T12:00,23.2,0.00,53,13.0,23.7,0.00,0.00,0.00,3,100,100,48,2,8.9,220,223,11.8,22.3,1,3600.00,1020.7,1006.9
2022-05-10T13:00,24.9,0.00,42,11.2,24.0,0.00,0.00,0.00,3,100,100,9,0,10.4,222,224,14.0,23.8,1,3600.00,1019.5,1005.8
2022-05-10T14:00,25.0,0.00,41,10.9,24.3,0.00,0.00,0.00,3,100,100,54,0,10.8,238,240,14.9,25.6,1,3600.00,1018.9,1005.2
2022-05-10T15:00,24.9,0.00,41,10.7,23.4,0.00,0.00,0.00,3,100,100,92,0,12.4,233,234,17.5,27.4,1,3600.00,1018.2,1004.5
2022-05-10T16:00,23.9,0.00,45,11.3,22.6,0.00,0.00,0.00,3,100,100,56,0,11.7,227,227,18.6,27.7,1,1005.38,1017.9,1004.2
2022-05-10T17:00,23.5,0.00,48,11.8,22.6,0.00,0.00,0.00,3,100,100,38,0,9.7,208,207,17.1,25.6,1,2058.36,1017.4,1003.7
2022-05-10T18:00,22.7,0.00,53,12.7,22.2,0.00,0.00,0.00,3,100,78,98,0,8.9,210,207,19.5,22.0,1,1282.42,1016.9,1003.2
2022-05-10T19:00,21.6,0.00,57,12.6,20.9,0.00,0.00,0.00,3,96,93,42,0,10.2,209,203,23.0,22.0,1,1066.62,1016.9,1003.1
2022-05-10T20:00,19.8,0.00,61,12.1,19.0,0.00,0.00,0.00,3,95,91,41,0,10.0,220,210,24.3,21.6,0,0.00,1017.1,1003.2
2022-05-10T21:00,18.3,0.00,67,12.2,17.8,0.00,0.00,0.00,3,92,90,12,0,8.0,233,216,21.3,20.9,0,0.00,1017.5,1003.5
2022-05-10T22:00,16.6,0.00,76,12.3,16.4,0.00,0.00,0.00,3,91,91,0,1,5.8,232,187,14.6,16.6,0,0.00,1017.5,1003.5
2022-05-10T23:00,16.2,0.00,76,12.1,16.0,0.00,0.00,0.00,2,74,73,1,0,5.8,223,176,15.3,11.9,0,0.00,1017.4,1003.3
2022-05-11T00:00,15.8,0.00,78,12.1,15.3,0.00,0.00,0.00,3,97,97,0,1,8.0,208,175,18.7,15.8,0,0.00,1017.4,1003.3
2022-05-11T01:00,16.7,0.00,79,13.1,16.5,0.00,0.00,0.00,3,99,100,27,13,8.3,206,182,19.6,16.2,0,0.00,1016.9,1002.9
2022-05-11T02:00,15.6,0.00,85,13.0,15.3,0.00,0.00,0.00,3,97,97,18,6,8.3,206,180,20.8,16.9,0,0.00,1016.7,1002.6
2022-05-11T03:00,15.2,0.00,86,12.8,14.7,0.00,0.00,0.00,3,99,99,5,6,9.0,207,182,22.5,19.1,0,0.00,1016.4,1002.3
2022-05-11T04:00,14.8,0.00,87,12.6,14.4,0.00,0.00,0.00,3,100,100,0,0,8.7,210,187,22.4,19.4,0,0.00,1016.4,1002.3
2022-05-11T05:00,14.5,0.00,88,12.5,14.0,0.00,0.00,0.00,3,100,100,0,0,8.7,209,185,22.6,19.1,1,0.00,1016.2,1002.1
2022-05-11T06:00,15.4,0.00,84,12.8,14.9,0.00,0.00,0.00,3,92,92,0,0,9.8,207,188,22.2,20.9,1,0.00,1016.1,1002.0
2022-05-11T07:00,17.1,0.00,81,13.9,17.0,0.00,0.00,0.00,1,37,27,13,6,9.4,209,178,24.3,22.0,1,3600.00,1016.5,1002.5
2022-05-11T08:00,19.0,0.00,74,14.3,19.0,0.00,0.00,0.00,1,30,6,26,4,9.8,202,197,15.2,23.8,1,3600.00,1016.4,1002.5
2022-05-11T09:00,21.2,0.00,67,14.8,21.2,0.00,0.00,0.00,0,11,0,11,3,10.6,206,204,15.6,25.9,1,3600.00,1016.1,1002.3
2022-05-11T10:00,23.3,0.00,59,14.7,23.4,0.00,0.00,0.00,0,9,6,3,2,12.9,208,207,18.7,30.2,1,3600.00,1015.6,1001.9
2022-05-11T11:00,25.0,0.00,51,14.2,25.0,0.00,0.00,0.00,0,8,0,8,0,16.7,214,213,23.6,37.4,1,3600.00,1015.1,1001.5
2022-05-11T12:00,26.0,0.00,44,12.7,24.7,0.00,0.00,0.00,1,35,9,29,0,21.9,225,225,31.3,46.4,1,3600.00,1014.6,1001.0
2022-05-11T13:00,27.2,0.00,43,13.4,26.2,0.00,0.00,0.00,0,16,0,0,0,20.4,223,222,28.5,50.4,1,3600.00,1013.4,999.9
2022-05-11T14:00,27.2,0.00,40,12.5,26.1,0.00,0.00,0.00,0,11,0,11,0,21.4,223,222,31.1,47.5,1,3600.00,1012.8,999.3
2022-05-11T15:00,27.6,0.00,35,10.7,25.4,0.00,0.00,0.00,0,5,0,5,0,21.4,228,226,32.1,46.4,1,3600.00,1012.4,998.9
2022-05-11T16:00,27.5,0.00,33,9.6,24.4,0.00,0.00,0.00,1,46,0,46,0,22.5,236,235,34.4,50.4,1,3600.00,1011.9,998.4
2022-05-11T17:00,26.7,0.00,37,10.9,24.1,0.00,0.00,0.00,1,26,0,26,0,20.1,238,237,33.5,51.5,1,3600.00,1011.7,998.2
2022-05-11T18:00,25.7,0.00,42,12.0,24.1,0.00,0.00,0.00,1,41,33,12,0,15.1,232,230,28.2,42.5,1,3600.00,1011.7,998.2
2022-05-11T19:00,24.1,0.00,47,12.0,22.9,0.00,0.00,0.00,1,34,11,26,0,12.8,233,230,26.7,32.8,1,3600.00,1011.8,998.2
2022-05-11T20:00,22.6,0.00,50,11.6,21.5,0.00,0.00,0.00,0,16,6,11,0,10.8,239,233,26.0,27.7,0,205.40,1012.2,998.5
2022-05-11T21:00,21.0,0.00,55,11.7,20.1,0.00,0.00,0.00,2,54,50,8,0,9.7,238,228,25.1,24.1,0,0.00,1013.0,999.2
2022-05-11T22:00,20.3,0.00,58,11.8,19.4,0.00,0.00,0.00,3,100,100,27,1,9.9,234,224,25.3,22.0,0,0.00,1013.4,999.6
2022-05-11T23:00,20.5,0.00,57,11.8,19.4,0.00,0.00,0.00,1,48,10,42,1,11.5,236,229,26.5,25.6,0,0.00,1013.7,999.9
2022-05-12T00:00,19.8,0.00,61,12.1,18.8,0.00,0.00,0.00,1,37,19,23,0,10.9,222,214,25.2,25.2,0,0.00,1013.8,1000.0
2022-05-12T01:00,20.9,0.00,53,11.0,19.1,0.00,0.00,0.00,2,72,33,28,0,14.0,252,252,28.3,24.1,0,0.00,1013.9,1000.1
2022-05-12T02:00,19.3,0.00,58,10.9,18.0,0.00,0.00,0.00,1,49,25,35,0,10.5,262,262,24.7,30.6,0,0.00,1014.4,1000.5
2022-05-12T03:00,17.9,0.00,64,11.1,16.7,0.00,0.00,0.00,1,44,0,44,0,10.5,256,248,24.9,22.7,0,0.00,1015.1,1001.2
2022-05-12T04:00,17.4,0.00,68,11.5,16.3,0.00,0.00,0.00,0,13,1,12,1,10.6,248,242,24.5,23.0,0,0.00,1015.8,1001.8
2022-05-12T05:00,16.3,0.00,75,11.9,15.4,0.00,0.00,0.00,0,19,9,13,9,10.2,258,252,24.3,23.0,1,0.00,1016.8,1002.8
2022-05-12T06:00,16.8,0.00,77,12.6,16.0,0.00,0.00,0.00,1,23,4,13,18,11.2,256,249,23.4,23.4,1,1981.14,1017.7,1003.7
2022-05-12T07:00,17.9,0.00,73,13.0,17.1,0.00,0.00,0.00,3,100,0,100,100,11.8,254,250,20.2,24.5,1,3600.00,1018.5,1004.5
2022-05-12T08:00,18.5,0.00,69,12.8,17.5,0.00,0.00,0.00,3,100,5,48,100,12.8,261,260,18.6,29.2,1,3600.00,1019.1,1005.1
2022-05-12T09:00,19.4,0.00,66,12.8,18.5,0.00,0.00,0.00,1,48,25,6,30,12.2,252,251,16.6,28.8,1,3600.00,1019.4,1005.5
2022-05-12T10:00,20.6,0.00,57,11.8,19.4,0.00,0.00,0.00,0,12,0,3,12,14.2,253,254,19.9,33.8,1,3600.00,1019.6,1005.7
2022-05-12T11:00,21.7,0.00,51,11.2,20.0,0.00,0.00,0.00,2,72,47,6,48,19.8,260,260,27.8,43.9,1,3600.00,1019.4,1005.6
2022-05-12T12:00,22.5,0.00,46,10.4,20.2,0.00,0.00,0.00,2,54,0,54,10,20.8,257,256,29.6,45.0,1,3600.00,1019.2,1005.4
2022-05-12T13:00,21.8,0.00,53,11.8,20.6,0.00,0.00,0.00,1,41,84,52,5,15.9,265,265,21.7,46.1,1,3600.00,1019.5,1005.7
2022-05-12T14:00,21.9,0.00,52,11.5,19.9,0.00,0.00,0.00,3,100,100,34,100,16.9,260,259,23.8,37.4,1,3600.00,1018.9,1005.1
2022-05-12T15:00,22.1,0.00,51,11.5,20.7,0.00,0.00,0.00,3,100,100,64,83,13.0,247,246,18.7,36.7,1,0.00,1018.3,1004.5
2022-05-12T16:00,22.8,0.00,50,11.8,21.3,0.00,0.00,0.00,3,100,100,50,100,14.0,251,252,20.2,31.0,1,3600.00,1017.7,1003.9
2022-05-12T17:00,22.5,0.00,50,11.6,20.7,0.00,0.00,0.00,3,100,100,14,24,15.9,256,257,24.1,34.2,1,2530.70,1017.7,1003.9
2022-05-12T18:00,22.0,0.00,52,11.8,20.6,0.00,0.00,0.00,3,100,100,51,0,13.7,255,256,22.7,36.4,1,3600.00,1017.5,1003.7
2022-05-12T19:00,20.8,0.00,56,11.6,19.7,0.00,0.00,0.00,3,100,100,75,0,10.7,257,256,21.4,29.2,1,564.19,1017.7,1003.9
2022-05-12T20:00,18.9,0.00,61,11.1,18.1,0.00,0.00,0.00,3,100,100,88,10,7.3,248,237,18.6,23.4,0,0.00,1017.8,1003.9
2022-05-12T21:00,18.2,0.00,63,11.1,17.5,0.00,0.00,0.00,3,99,98,92,7,7.0,260,249,17.9,15.8,0,0.00,1018.4,1004.4
2022-05-12T22:00,17.5,0.00,66,11.0,16.5,0.00,0.00,0.00,3,100,100,95,31,8.9,250,243,22.2,18.0,0,0.00,1018.8,1004.8
2022-05-12T23:00,17.9,0.00,60,10.1,16.2,0.00,0.00,0.00,3,100,100,98,12,11.6,268,263,23.8,24.5,0,0.00,1019.6,1005.6
2022-05-13T00:00,17.1,0.00,59,9.1,15.7,0.00,0.00,0.00,3,100,100,100,0,7.9,279,270,18.6,24.5,0,0.00,1019.8,1005.8
2022-05-13T01:00,16.4,0.00,78,12.6,16.4,0.00,0.00,0.00,3,100,100,100,100,5.8,263,263,15.6,17.3,0,0.00,1019.6,1005.5
2022-05-13T02:00,16.9,0.00,76,12.6,16.7,0.00,0.00,0.00,3,100,97,98,100,7.1,298,300,15.9,15.1,0,0.00,1019.4,1005.3
2022-05-13T03:00,16.7,0.00,70,11.3,16.2,0.00,0.00,0.00,3,100,97,12,100,6.5,309,304,14.8,15.5,0,0.00,1019.1,1005.0
2022-05-13T04:00,15.7,0.00,72,10.7,15.2,0.00,0.00,0.00,3,89,86,4,19,4.9,297,287,12.6,14.0,0,0.00,1019.2,1005.1
2022-05-13T05:00,13.6,0.00,83,10.8,13.1,0.00,0.00,0.00,3,100,88,96,100,5.0,295,291,14.7,11.5,1,0.00,1019.6,1005.4
2022-05-13T06:00,15.0,0.00,79,11.3,14.9,0.00,0.00,0.00,3,100,62,34,100,3.7,299,299,11.1,12.2,1,0.00,1019.8,1005.7
2022-05-13T07:00,15.7,0.00,75,11.4,15.6,0.00,0.00,0.00,3,93,73,25,71,3.8,288,287,8.0,10.4,1,149.93,1020.4,1006.3
2022-05-13T08:00,16.9,0.00,68,10.9,16.0,0.00,0.00,0.00,2,70,50,21,31,8.1,302,302,11.5,19.4,1,3600.00,1020.8,1006.7
2022-05-13T09:00,17.7,0.00,58,9.4,16.0,0.00,0.00,0.00,0,10,0,2,10,11.0,301,302,15.2,25.9,1,3600.00,1021.2,1007.2
2022-05-13T10:00,18.9,0.00,52,8.8,17.5,0.00,0.00,0.00,0,4,0,0,4,12.0,286,286,16.1,29.2,1,3600.00,1021.2,1007.2
2022-05-13T11:00,20.1,0.00,47,8.5,18.5,0.00,0.00,0.00,0,16,0,0,16,16.6,271,271,22.7,37.8,1,3600.00,1021.2,1007.3
2022-05-13T12:00,20.7,0.00,44,8.1,19.1,0.00,0.00,0.00,0,0,0,0,0,17.3,269,270,23.8,39.2,1,3600.00,1020.8,1006.9
2022-05-13T13:00,21.2,0.00,41,7.5,20.3,0.00,0.00,0.00,1,22,54,0,1,13.4,275,275,18.1,39.6,1,3600.00,1020.7,1006.8
2022-05-13T14:00,21.5,0.00,37,6.3,19.9,0.00,0.00,0.00,3,100,100,0,0,14.8,272,273,20.2,33.8,1,3600.00,1020.4,1006.6
2022-05-13T15:00,21.4,0.00,36,5.8,19.4,0.00,0.00,0.00,3,98,98,0,0,13.6,281,282,18.7,34.2,1,3600.00,1020.1,1006.3
2022-05-13T16:00,21.5,0.00,35,5.5,19.0,0.00,0.00,0.00,3,82,82,0,0,12.4,285,287,17.1,31.7,1,3600.00,1019.8,1006.0
2022-05-13T17:00,21.1,0.00,37,5.7,18.3,0.00,0.00,0.00,0,0,0,0,0,11.4,286,288,16.5,28.4,1,3600.00,1019.9,1006.0
2022-05-13T18:00,20.4,0.00,41,6.7,18.3,0.00,0.00,0.00,0,0,0,0,0,8.2,286,285,14.6,25.6,1,3600.00,1019.9,1006.0
2022-05-13T19:00,18.6,0.00,55,9.4,17.7,0.00,0.00,0.00,0,0,0,0,0,5.2,259,245,13.6,18.4,1,3600.00,1020.0,1006.0
2022-05-13T20:00,16.5,0.00,55,7.4,14.8,0.00,0.00,0.00,0,0,0,0,0,7.1,246,229,18.5,14.0,0,793.85,1020.3,1006.2
2022-05-13T21:00,15.2,0.00,61,7.6,13.6,0.00,0.00,0.00,0,0,0,0,0,6.4,254,243,18.3,14.8,0,0.00,1021.1,1006.9
2022-05-13T22:00,13.5,0.00,72,8.5,11.9,0.00,0.00,0.00,0,0,0,0,0,7.9,276,267,14.5,13.0,0,0.00,1021.3,1007.1
2022-05-13T23:00,14.5,0.00,66,8.2,13.1,0.00,0.00,0.00,0,0,0,0,0,6.2,282,249,10.7,13.0,0,0.00,1021.4,1007.2
2022-05-14T00:00,12.5,0.00,76,8.4,11.3,0.00,0.00,0.00,0,0,0,0,0,5.2,262,196,7.6,10.1,0,0.00,1021.7,1007.4
2022-05-14T01:00,11.6,0.00,79,8.1,10.1,0.00,0.00,0.00,0,0,0,0,0,7.0,251,201,6.5,8.6,0,0.00,1021.7,1007.4
2022-05-14T02:00,11.0,0.00,80,7.7,9.4,0.00,0.00,0.00,0,0,0,0,0,7.0,257,201,7.8,11.2,0,0.00,1021.5,1007.1
2022-05-14T03:00,12.6,0.00,72,7.7,11.4,0.00,0.00,0.00,0,0,0,0,0,4.6,270,198,7.6,9.7,0,0.00,1021.6,1007.3
2022-05-14T04:00,10.9,0.00,80,7.7,9.6,0.00,0.00,0.00,0,0,0,0,0,5.0,270,201,7.2,7.6,0,0.00,1021.7,1007.3
2022-05-14T05:00,8.8,0.00,90,7.3,7.3,0.00,0.00,0.00,0,0,0,0,0,5.8,239,180,6.3,9.0,1,0.00,1021.8,1007.3
2022-05-14T06:00,10.9,0.00,85,8.5,9.8,0.00,0.00,0.00,0,7,7,0,0,4.8,223,167,7.4,8.6,1,2527.11,1022.1,1007.7
2022-05-14T07:00,13.0,0.00,79,9.4,12.4,0.00,0.00,0.00,0,0,0,0,0,2.5,225,172,6.6,10.1,1,3600.00,1022.4,1008.1
2022-05-14T08:00,15.0,0.00,70,9.6,14.5,0.00,0.00,0.00,0,18,18,0,0,2.6,238,236,3.4,11.5,1,3600.00,1022.7,1008.5
2022-05-14T09:00,16.6,0.00,65,10.0,16.2,0.00,0.00,0.00,1,24,24,0,0,2.6,257,254,3.3,13.3,1,3600.00,1022.6,1008.5
2022-05-14T10:00,18.3,0.00,59,10.2,18.6,0.00,0.00,0.00,1,41,41,0,0,3.2,246,243,3.5,14.0,1,3600.00,1022.1,1008.1
2022-05-14T11:00,19.7,0.00,55,10.3,20.5,0.00,0.00,0.00,0,0,0,0,0,4.7,260,261,6.2,17.3,1,3600.00,1022.1,1008.1
2022-05-14T12:00,20.8,0.00,50,9.8,21.8,0.00,0.00,0.00,0,0,0,0,0,5.2,283,282,6.3,18.4,1,3600.00,1021.7,1007.8
2022-05-14T13:00,21.6,0.00,44,8.7,22.6,0.00,0.00,0.00,0,4,0,0,0,4.3,295,294,5.2,18.0,1,3600.00,1021.4,1007.5
2022-05-14T14:00,22.2,0.00,40,7.9,22.8,0.00,0.00,0.00,0,7,0,7,0,4.2,300,301,5.0,15.8,1,3600.00,1020.8,1007.0
2022-05-14T15:00,22.6,0.00,38,7.7,22.6,0.00,0.00,0.00,1,44,40,6,0,4.1,309,308,5.1,15.8,1,3600.00,1020.2,1006.4
2022-05-14T16:00,22.6,0.00,39,8.0,21.9,0.00,0.00,0.00,3,82,82,0,0,4.5,333,331,5.6,15.1,1,3600.00,1019.7,1005.9
2022-05-14T17:00,22.4,0.00,40,8.1,21.1,0.00,0.00,0.00,1,38,38,0,0,5.5,349,349,7.3,14.8,1,3600.00,1019.4,1005.6
2022-05-14T18:00,21.7,0.00,44,8.8,20.8,0.00,0.00,0.00,3,93,93,0,0,4.3,5,5,7.6,14.4,1,3600.00,1019.4,1005.6
2022-05-14T19:00,20.2,0.00,61,12.5,20.4,0.00,0.00,0.00,1,23,23,0,0,3.3,48,77,4.3,10.4,1,3600.00,1019.3,1005.4
2022-05-14T20:00,20.1,0.00,42,6.7,18.9,0.00,0.00,0.00,0,14,14,0,0,2.7,135,113,2.5,5.4,1,810.12,1019.4,1005.5
2022-05-14T21:00,15.3,0.00,61,7.8,14.1,0.00,0.00,0.00,1,21,21,0,0,4.0,82,80,5.4,7.9,0,0.00,1019.8,1005.7
2022-05-14T22:00,14.6,0.00,64,7.8,13.0,0.00,0.00,0.00,1,32,32,0,0,6.9,95,84,12.6,13.3,0,0.00,1019.8,1005.6
2022-05-14T23:00,12.9,0.00,74,8.3,11.6,0.00,0.00,0.00,1,45,45,0,0,5.9,102,76,11.8,14.4,0,0.00,1020.0,1005.7
2022-05-15T00:00,11.9,0.00,78,8.2,10.7,0.00,0.00,0.00,0,6,6,0,0,4.8,95,77,9.0,11.5,0,0.00,1019.9,1005.6
2022-05-15T01:00,12.4,0.00,66,6.2,10.3,0.00,0.00,0.00,0,0,0,0,0,8.0,88,82,17.3,12.6,0,0.00,1019.5,1005.2
2022-05-15T02:00,12.3,0.00,63,5.5,10.2,0.00,0.00,0.00,2,50,50,0,0,6.8,94,93,18.8,15.5,0,0.00,1019.3,1005.0
2022-05-15T03:00,11.4,0.00,69,6.0,9.5,0.00,0.00,0.00,1,23,23,0,0,6.3,112,121,16.3,14.0,0,0.00,1019.3,1005.0
2022-05-15T04:00,10.6,0.00,74,6.3,8.8,0.00,0.00,0.00,0,0,0,0,0,6.2,93,83,14.4,12.2,0,0.00,1019.4,1005.0
2022-05-15T05:00,11.1,0.00,74,6.5,9.2,0.00,0.00,0.00,3,100,100,0,0,6.8,94,87,18.8,13.7,1,0.00,1019.3,1005.0
2022-05-15T06:00,13.0,0.00,71,7.9,11.5,0.00,0.00,0.00,1,26,26,0,0,6.2,99,97,18.2,15.1,1,2602.81,1019.4,1005.2
2022-05-15T07:00,15.4,0.00,68,9.5,14.6,0.00,0.00,0.00,2,77,77,0,0,4.5,104,119,16.0,13.3,1,3600.00,1019.7,1005.6
2022-05-15T08:00,17.7,0.00,63,10.7,17.2,0.00,0.00,0.00,3,100,100,0,0,5.1,92,94,8.6,14.0,1,3600.00,1019.7,1005.7
2022-05-15T09:00,20.0,0.00,57,11.3,19.3,0.00,0.00,0.00,3,100,100,0,0,6.9,98,99,10.2,18.4,1,3600.00,1019.6,1005.7
2022-05-15T10:00,22.2,0.00,47,10.5,21.7,0.00,0.00,0.00,3,100,100,0,0,8.8,100,99,12.1,22.0,1,3600.00,1019.3,1005.5
2022-05-15T11:00,23.5,0.00,39,8.9,22.8,0.00,0.00,0.00,2,79,79,0,0,11.0,101,101,15.0,26.6,1,3600.00,1019.0,1005.3
2022-05-15T12:00,24.5,0.00,37,8.7,24.3,0.00,0.00,0.00,3,83,83,0,0,10.2,99,98,13.8,27.0,1,3600.00,1018.4,1004.7
2022-05-15T13:00,25.3,0.00,38,10.2,25.9,0.00,0.00,0.00,3,94,100,0,0,9.0,97,95,12.0,25.6,1,3600.00,1017.8,1004.2
2022-05-15T14:00,25.6,0.00,39,10.6,26.1,0.00,0.00,0.00,3,93,93,0,0,7.6,100,98,10.2,23.0,1,3600.00,1017.3,1003.7
2022-05-15T15:00,25.8,0.00,37,10.2,25.7,0.00,0.00,0.00,3,86,86,0,0,7.6,100,98,9.9,20.5,1,3600.00,1016.6,1003.0
2022-05-15T16:00,25.8,0.00,36,9.6,24.7,0.00,0.00,0.00,0,14,14,0,0,8.8,100,99,12.1,20.5,1,3600.00,1016.0,1002.4
2022-05-15T17:00,25.4,0.00,36,9.2,23.8,0.00,0.00,0.00,3,86,86,1,0,9.5,100,99,14.3,21.2,1,3600.00,1015.5,1001.9
2022-05-15T18:00,24.5,0.00,41,10.4,23.6,0.00,0.00,0.00,3,100,100,1,0,7.3,102,99,15.5,21.2,1,3600.00,1015.2,1001.6
2022-05-15T19:00,22.3,0.00,47,10.5,21.3,0.00,0.00,0.00,3,89,89,0,0,7.9,102,90,19.8,16.9,1,3600.00,1015.4,1001.7
2022-05-15T20:00,20.3,0.00,49,9.3,18.8,0.00,0.00,0.00,3,100,100,0,0,8.8,90,78,22.0,17.6,1,188.52,1015.5,1001.7
2022-05-15T21:00,19.5,0.00,48,8.3,17.4,0.00,0.00,0.00,3,98,98,2,0,11.4,88,79,25.9,22.7,0,0.00,1015.9,1002.0
2022-05-15T22:00,19.2,0.00,43,6.3,16.5,0.00,0.00,0.00,1,49,48,0,0,11.9,98,92,27.2,24.1,0,0.00,1016.0,1002.1
2022-05-15T23:00,18.7,0.00,44,6.1,15.8,0.00,0.00,0.00,1,48,48,0,0,13.4,104,98,28.9,26.3,0,0.00,1015.9,1002.0
2022-05-16T00:00,17.8,0.00,48,6.7,15.1,0.00,0.00,0.00,3,88,88,0,0,13.1,115,111,28.5,26.6,0,0.00,1015.9,1001.9
2022-05-16T01:00,18.0,0.00,47,6.6,14.8,0.00,0.00,0.00,3,98,42,17,0,15.8,115,107,31.4,28.1,0,0.00,1015.5,1001.6
2022-05-16T02:00,17.3,0.00,51,7.0,14.3,0.00,0.00,0.00,3,100,100,7,0,15.3,121,114,31.0,31.7,0,0.00,1015.1,1001.1
2022-05-16T03:00,16.6,0.00,55,7.5,14.0,0.00,0.00,0.00,3,100,100,16,0,13.2,134,119,25.7,29.5,0,0.00,1015.2,1001.2
2022-05-16T04:00,16.0,0.00,59,8.0,14.3,0.00,0.00,0.00,3,96,92,48,0,7.6,139,109,15.3,25.2,0,0.00,1015.0,1001.0
2022-05-16T05:00,15.4,0.00,69,9.6,14.0,0.00,0.00,0.00,3,98,98,5,0,8.7,42,66,10.7,17.6,1,0.00,1016.3,1002.2
2022-05-16T06:00,16.1,0.00,72,11.0,15.2,0.00,0.00,0.00,3,99,99,3,0,8.1,107,103,13.9,22.7,1,24.28,1016.2,1002.2
2022-05-16T07:00,17.5,0.00,72,12.5,16.7,0.00,0.00,0.00,3,92,26,89,0,10.5,139,117,16.3,18.4,1,3600.00,1016.7,1002.7
2022-05-16T08:00,18.8,0.00,70,13.1,18.6,0.00,0.00,0.00,3,100,100,70,0,8.2,161,131,15.6,18.4,1,1840.70,1017.3,1003.4
2022-05-16T09:00,21.6,0.00,60,13.4,21.8,0.00,0.00,0.00,3,100,100,38,0,5.9,175,166,8.3,19.1,1,3600.00,1017.4,1003.6
2022-05-16T10:00,23.4,0.00,55,13.8,23.5,0.00,0.00,0.00,2,61,55,13,0,10.0,209,206,13.5,24.1,1,3600.00,1017.2,1003.5
2022-05-16T11:00,25.0,0.00,49,13.7,25.3,0.00,0.00,0.00,2,52,52,0,0,13.3,228,229,18.4,31.3,1,3600.00,1017.2,1003.6
2022-05-16T12:00,26.8,0.00,44,13.6,27.6,0.00,0.00,0.00,3,99,99,3,0,13.0,236,236,17.9,31.3,1,3600.00,1016.8,1003.2
2022-05-16T13:00,23.4,6.40,59,14.8,23.0,6.40,0.00,0.00,63,100,99,11,4,20.7,237,235,30.5,46.8,1,3600.00,1018.5,1004.8
2022-05-16T14:00,22.6,0.00,43,9.5,18.3,0.00,0.00,0.00,3,100,100,31,2,28.8,241,241,42.7,60.1,1,3600.00,1018.7,1004.9
2022-05-16T15:00,21.2,0.00,50,10.4,18.4,0.00,0.00,0.00,3,100,100,100,0,20.0,232,231,28.7,60.8,1,3600.00,1019.1,1005.3
2022-05-16T16:00,20.2,0.00,57,11.5,18.5,0.00,0.00,0.00,3,100,99,99,0,14.7,235,234,21.0,42.5,1,942.62,1018.3,1004.4
2022-05-16T17:00,20.5,0.00,58,12.0,19.5,0.00,0.00,0.00,3,97,96,22,2,11.3,250,248,16.5,31.7,1,3600.00,1018.3,1004.4
2022-05-16T18:00,21.1,0.00,54,11.3,19.7,0.00,0.00,0.00,2,75,15,71,4,12.6,258,257,19.5,27.0,1,3600.00,1018.7,1004.9
2022-05-16T19:00,20.1,0.00,61,12.3,19.0,0.00,0.00,0.00,2,68,3,66,5,12.6,268,265,22.3,27.4,1,3595.13,1019.2,1005.3
2022-05-16T20:00,18.8,0.00,65,12.2,18.1,0.00,0.00,0.00,3,95,80,77,1,9.0,273,270,19.5,26.6,1,51.09,1019.9,1005.9
2022-05-16T21:00,17.8,0.00,70,12.3,17.4,0.00,0.00,0.00,3,100,32,100,0,7.6,271,267,18.0,18.7,0,0.00,1020.9,1006.9
2022-05-16T22:00,17.3,0.00,73,12.5,17.3,0.00,0.00,0.00,1,29,27,2,0,5.7,267,252,15.1,16.2,0,0.00,1021.3,1007.2
2022-05-16T23:00,15.0,0.00,86,12.6,14.9,0.00,0.00,0.00,0,0,0,0,0,6.2,261,234,11.7,12.6,0,0.00,1021.4,1007.2
2022-05-17T00:00,14.1,0.00,89,12.3,13.8,0.00,0.00,0.00,0,1,0,0,1,7.0,254,215,9.3,11.5,0,0.00,1021.4,1007.2
2022-05-17T01:00,16.8,0.00,78,12.9,17.1,0.00,0.00,0.00,0,6,0,8,10,4.1,325,15,7.5,11.2,0,0.00,1021.5,1007.4
2022-05-17T02:00,14.9,0.00,85,12.4,15.3,0.00,0.00,0.00,3,86,85,2,2,2.4,360,117,1.4,7.6,0,0.00,1021.1,1006.9
2022-05-17T03:00,15.6,0.00,83,12.7,16.3,0.00,0.00,0.00,1,48,39,0,15,0.5,331,135,4.5,4.3,0,0.00,1021.2,1007.1
2022-05-17T04:00,13.8,0.00,88,11.9,13.8,0.00,0.00,0.00,1,42,27,0,20,3.8,354,73,6.9,6.1,0,0.00,1021.3,1007.1
2022-05-17T05:00,12.7,0.00,93,11.5,12.6,0.00,0.00,0.00,3,89,88,1,3,4.0,23,90,4.7,7.2,1,0.00,1021.5,1007.2
2022-05-17T06:00,14.4,0.00,90,12.8,14.7,0.00,0.00,0.00,3,100,100,0,3,3.8,180,131,2.5,6.5,1,1566.86,1022.0,1007.8
2022-05-17T07:00,16.6,0.00,84,13.9,17.1,0.00,0.00,0.00,3,100,100,0,0,5.2,175,155,8.3,12.6,1,3600.00,1022.2,1008.1
2022-05-17T08:00,18.4,0.00,77,14.4,19.3,0.00,0.00,0.00,3,100,100,7,0,3.4,159,162,5.0,13.0,1,3600.00,1022.3,1008.3
2022-05-17T09:00,20.2,0.00,71,14.7,21.6,0.00,0.00,0.00,3,100,100,0,0,1.1,180,180,1.4,12.2,1,3600.00,1022.4,1008.5
2022-05-17T10:00,21.8,0.00,60,13.7,23.3,0.00,0.00,0.00,3,100,100,3,1,1.5,243,256,1.6,14.8,1,3600.00,1022.4,1008.5
2022-05-17T11:00,22.8,0.00,53,12.7,24.2,0.00,0.00,0.00,3,100,100,15,1,2.8,323,320,3.6,14.8,1,3600.00,1022.1,1008.3
2022-05-17T12:00,23.4,0.00,48,11.9,24.6,0.00,0.00,0.00,2,79,74,18,1,3.2,360,360,4.0,14.0,1,3600.00,1021.6,1007.8
2022-05-17T13:00,23.6,0.00,45,11.0,24.5,0.00,0.00,0.00,2,76,94,55,0,3.5,76,66,4.5,13.7,1,3600.00,1021.2,1007.4
2022-05-17T14:00,24.2,0.00,43,10.9,24.7,0.00,0.00,0.00,1,27,3,25,0,4.4,40,35,5.6,15.1,1,3600.00,1020.8,1007.1
2022-05-17T15:00,24.3,0.00,42,10.7,24.0,0.00,0.00,0.00,1,44,28,22,0,5.7,76,72,7.4,16.2,1,3600.00,1020.4,1006.7
2022-05-17T16:00,24.3,0.00,43,11.1,23.7,0.00,0.00,0.00,2,56,48,16,0,6.5,90,87,8.6,17.6,1,3600.00,1019.9,1006.2
2022-05-17T17:00,24.1,0.00,46,11.6,23.7,0.00,0.00,0.00,3,99,98,23,0,5.8,85,86,7.6,17.3,1,3600.00,1019.7,1006.0
2022-05-17T18:00,23.6,0.00,50,12.5,23.7,0.00,0.00,0.00,3,98,98,20,0,4.4,99,99,6.9,14.4,1,3600.00,1019.7,1006.0
2022-05-17T19:00,22.0,0.00,64,14.9,23.0,0.00,0.00,0.00,2,67,63,9,0,4.0,109,100,9.9,10.4,1,3600.00,1019.8,1006.0
2022-05-17T20:00,19.4,0.00,68,13.4,19.6,0.00,0.00,0.00,0,8,3,5,0,5.4,108,94,12.5,10.4,1,849.48,1020.2,1006.3
2022-05-17T21:00,18.3,0.00,72,13.2,18.3,0.00,0.00,0.00,0,5,0,5,0,6.9,106,84,14.2,13.0,0,0.00,1020.8,1006.8
2022-05-17T22:00,17.7,0.00,73,12.9,17.1,0.00,0.00,0.00,0,16,13,4,0,10.1,95,84,21.0,18.7,0,0.00,1021.2,1007.2
2022-05-17T23:00,17.7,0.00,71,12.4,16.7,0.00,0.00,0.00,1,39,14,36,0,11.9,100,95,25.9,23.4,0,0.00,1021.3,1007.3
2022-05-18T00:00,17.3,0.00,70,11.8,16.2,0.00,0.00,0.00,0,13,12,1,0,11.3,102,99,25.8,23.8,0,0.00,1021.5,1007.4
2022-05-18T01:00,17.3,0.00,73,12.5,16.2,0.00,0.00,0.00,0,13,2,0,0,12.7,103,98,27.7,23.8,0,0.00,1021.1,1007.0
2022-05-18T02:00,16.9,0.00,75,12.3,15.6,0.00,0.00,0.00,0,2,0,2,0,13.3,110,109,28.7,26.6,0,0.00,1021.2,1007.1
2022-05-18T03:00,16.2,0.00,78,12.3,15.0,0.00,0.00,0.00,1,38,37,0,0,13.1,114,111,27.6,27.0,0,0.00,1021.3,1007.2
2022-05-18T04:00,15.6,0.00,80,12.2,14.5,0.00,0.00,0.00,0,0,0,0,0,12.6,119,110,26.3,26.3,0,0.00,1021.5,1007.4
2022-05-18T05:00,15.3,0.00,81,12.1,14.0,0.00,0.00,0.00,1,22,22,0,0,13.4,123,110,26.8,25.9,1,0.00,1021.8,1007.6
2022-05-18T06:00,16.4,0.00,77,12.3,15.2,0.00,0.00,0.00,2,59,59,0,0,13.2,123,112,25.5,26.3,1,2817.89,1022.2,1008.1
2022-05-18T07:00,18.4,0.00,73,13.5,17.8,0.00,0.00,0.00,2,52,52,0,0,11.3,120,107,27.4,25.9,1,3600.00,1022.7,1008.7
2022-05-18T08:00,20.3,0.00,65,13.5,19.7,0.00,0.00,0.00,3,93,93,0,0,12.0,115,111,18.2,26.3,1,3600.00,1022.9,1009.0
2022-05-18T09:00,22.2,0.00,59,13.8,21.7,0.00,0.00,0.00,2,51,51,0,0,11.8,118,117,16.8,27.4,1,3600.00,1023.1,1009.2
2022-05-18T10:00,24.2,0.00,52,13.8,24.3,0.00,0.00,0.00,2,52,52,0,0,11.3,121,121,15.5,27.0,1,3600.00,1022.8,1009.0
2022-05-18T11:00,25.6,0.00,46,13.0,26.0,0.00,0.00,0.00,1,36,36,0,0,11.8,122,121,15.7,28.1,1,3600.00,1022.7,1009.0
2022-05-18T12:00,26.4,0.00,41,12.2,27.0,0.00,0.00,0.00,0,15,14,1,0,11.1,119,119,14.8,28.1,1,3600.00,1022.3,1008.7
2022-05-18T13:00,27.9,0.00,36,11.6,28.6,0.00,0.00,0.00,0,19,0,2,0,10.3,127,126,13.6,27.0,1,3600.00,1021.6,1008.0
2022-05-18T14:00,28.0,0.00,37,11.8,28.6,0.00,0.00,0.00,0,5,0,5,0,10.0,128,128,13.3,24.8,1,3600.00,1021.2,1007.6
2022-05-18T15:00,28.2,0.00,37,11.9,28.4,0.00,0.00,0.00,0,8,0,7,0,9.0,128,127,12.3,24.8,1,3600.00,1020.8,1007.3
2022-05-18T16:00,28.2,0.00,37,12.1,27.6,0.00,0.00,0.00,0,10,1,8,1,9.8,115,114,13.5,22.3,1,3600.00,1020.3,1006.8
2022-05-18T17:00,27.6,0.00,38,12.0,26.6,0.00,0.00,0.00,0,17,5,12,0,10.6,109,108,16.4,24.5,1,3600.00,1020.2,1006.6
2022-05-18T18:00,26.7,0.00,42,12.9,26.4,0.00,0.00,0.00,0,7,3,4,0,8.4,103,97,16.2,24.1,1,3600.00,1020.1,1006.5
2022-05-18T19:00,24.7,0.00,51,13.8,24.8,0.00,0.00,0.00,0,3,1,2,0,7.9,100,93,19.0,18.7,1,3600.00,1020.1,1006.4
2022-05-18T20:00,23.1,0.00,51,12.5,22.1,0.00,0.00,0.00,0,4,0,4,0,12.3,103,95,26.6,24.1,1,1136.70,1020.4,1006.6
2022-05-18T21:00,22.4,0.00,51,11.9,20.9,0.00,0.00,0.00,1,25,23,4,0,14.2,112,106,29.5,28.4,0,0.00,1020.8,1007.0
2022-05-18T22:00,21.5,0.00,55,12.0,20.0,0.00,0.00,0.00,3,92,91,2,0,14.1,117,109,29.5,29.5,0,0.00,1020.9,1007.0
2022-05-18T23:00,20.5,0.00,57,11.8,18.8,0.00,0.00,0.00,0,7,6,2,0,15.3,116,109,30.4,30.6,0,0.00,1021.4,1007.5
2022-05-19T00:00,19.7,0.00,59,11.4,17.7,0.00,0.00,0.00,1,30,29,1,0,16.1,116,110,31.2,32.4,0,0.00,1021.2,1007.3
2022-05-19T01:00,19.1,0.00,61,11.3,17.3,0.00,0.00,0.00,3,98,100,1,0,14.9,119,110,30.0,32.8,0,0.00,1020.7,1006.7
2022-05-19T02:00,18.3,0.00,62,10.9,16.3,0.00,0.00,0.00,3,89,89,0,0,15.4,116,106,30.8,30.6,0,0.00,1020.2,1006.2
2022-05-19T03:00,17.9,0.00,62,10.5,15.7,0.00,0.00,0.00,3,99,99,0,0,16.1,113,106,32.1,32.4,0,0.00,1020.1,1006.1
2022-05-19T04:00,17.3,0.00,63,10.2,15.1,0.00,0.00,0.00,3,98,98,0,0,15.5,113,108,31.3,32.4,0,0.00,1020.1,1006.1
2022-05-19T05:00,16.7,0.00,63,9.7,14.2,0.00,0.00,0.00,3,100,100,0,0,17.0,115,111,33.3,33.8,1,0.00,1019.9,1005.8
2022-05-19T06:00,17.1,0.00,62,9.7,14.6,0.00,0.00,0.00,3,100,100,0,0,16.2,115,111,30.9,34.6,1,1583.34,1020.2,1006.1
2022-05-19T07:00,18.0,0.00,61,10.5,16.3,0.00,0.00,0.00,3,100,100,0,0,12.8,117,112,31.1,32.8,1,2831.35,1020.6,1006.6
2022-05-19T08:00,19.9,0.00,57,11.1,18.2,0.00,0.00,0.00,3,100,100,0,0,13.4,114,110,22.1,29.5,1,3600.00,1020.6,1006.7
2022-05-19T09:00,22.1,0.00,55,12.5,21.3,0.00,0.00,0.00,3,100,100,0,0,10.5,131,131,14.8,29.2,1,3600.00,1020.7,1006.9
2022-05-19T10:00,24.4,0.00,51,13.8,24.8,0.00,0.00,0.00,3,100,100,0,0,8.0,158,153,10.5,24.1,1,3600.00,1020.5,1006.8
2022-05-19T11:00,26.3,0.00,49,14.7,27.5,0.00,0.00,0.00,3,100,100,0,0,8.3,178,175,10.8,22.0,1,3600.00,1020.3,1006.7
2022-05-19T12:00,28.0,0.00,46,15.3,29.9,0.00,0.00,0.00,3,100,100,1,0,7.8,203,202,10.2,22.0,1,3600.00,1019.8,1006.3
2022-05-19T13:00,29.3,0.00,41,14.8,30.7,0.00,0.00,0.00,3,99,96,0,0,10.5,203,202,13.7,30.6,1,3600.00,1019.1,1005.6
2022-05-19T14:00,30.1,0.00,35,12.8,30.3,0.00,0.00,0.00,1,38,38,0,0,10.9,199,197,15.3,26.3,1,3600.00,1017.8,1004.4
2022-05-19T15:00,31.0,0.00,30,11.2,29.8,0.00,0.00,0.00,2,75,70,19,0,17.1,225,228,24.4,36.4,1,3600.00,1018.0,1004.6
2022-05-19T16:00,30.1,0.00,32,11.7,28.2,0.00,0.00,0.00,2,74,64,29,0,16.5,254,260,24.4,41.8,1,3600.00,1018.4,1005.0
2022-05-19T17:00,26.0,0.00,53,15.8,26.8,0.00,0.00,0.00,2,62,61,4,0,8.2,307,311,13.9,47.5,1,3600.00,1019.1,1005.5
2022-05-19T18:00,26.3,0.00,51,15.4,26.6,0.00,0.00,0.00,3,98,98,9,0,10.2,279,280,17.5,23.0,1,3600.00,1019.6,1006.0
2022-05-19T19:00,24.8,0.00,56,15.6,25.6,0.00,0.00,0.00,2,62,41,36,0,7.2,287,288,17.3,25.2,1,3600.00,1020.2,1006.5
2022-05-19T20:00,22.6,0.00,68,16.5,23.8,0.00,0.00,0.00,3,100,18,100,0,6.9,300,321,10.8,16.2,1,301.47,1020.6,1006.8
2022-05-19T21:00,21.6,0.00,70,16.0,23.2,0.00,0.00,0.00,0,0,0,0,0,3.3,322,49,5.9,12.2,0,0.00,1020.9,1007.1
2022-05-19T22:00,19.9,0.00,77,15.7,21.3,0.00,0.00,0.00,1,31,31,0,0,3.7,90,101,0.7,7.6,0,0.00,1020.9,1007.0
2022-05-19T23:00,19.4,0.00,77,15.2,20.3,0.00,0.00,0.00,2,78,78,1,0,5.6,182,130,12.2,10.8,0,0.00,1021.4,1007.4
2022-05-20T00:00,19.0,0.00,75,14.5,19.6,0.00,0.00,0.00,0,7,0,7,0,6.4,186,133,13.8,12.2,0,0.00,1021.4,1007.4
2022-05-20T01:00,18.8,0.00,84,16.0,20.0,0.00,0.00,0.00,0,6,100,6,0,5.4,171,138,11.3,13.7,0,0.00,1021.7,1007.7
2022-05-20T02:00,17.4,0.00,89,15.6,18.3,0.00,0.00,0.00,3,100,100,43,0,6.9,229,219,11.5,14.4,0,0.00,1020.8,1006.8
2022-05-20T03:00,17.2,0.30,91,15.7,18.5,0.30,0.00,0.00,51,98,96,47,0,3.9,16,68,2.6,11.9,0,0.00,1020.9,1006.8
2022-05-20T04:00,16.7,0.80,93,15.5,17.8,0.80,0.00,0.00,53,100,100,61,0,4.7,329,337,12.6,13.0,0,0.00,1022.2,1008.1
2022-05-20T05:00,17.4,0.40,91,16.0,18.0,0.40,0.00,0.00,51,100,100,31,12,10.2,66,80,16.6,18.4,1,0.00,1021.5,1007.4
2022-05-20T06:00,17.8,0.00,91,16.2,18.3,0.00,0.00,0.00,3,81,81,0,0,11.2,131,132,19.9,20.2,1,0.00,1020.6,1006.6
2022-05-20T07:00,19.1,0.00,90,17.3,20.4,0.00,0.00,0.00,3,96,96,0,0,8.4,137,137,21.1,24.5,1,3600.00,1021.1,1007.1
2022-05-20T08:00,20.9,0.00,85,18.2,23.2,0.00,0.00,0.00,2,74,73,5,0,4.8,135,138,8.7,19.1,1,3600.00,1021.1,1007.2
2022-05-20T09:00,23.0,0.00,76,18.6,25.6,0.00,0.00,0.00,3,81,81,0,0,3.6,144,143,4.9,14.8,1,3600.00,1020.8,1007.0
2022-05-20T10:00,25.1,0.00,63,17.5,27.3,0.00,0.00,0.00,1,48,48,0,0,6.8,180,180,9.0,19.4,1,3600.00,1019.9,1006.2
2022-05-20T11:00,26.7,0.00,54,16.5,28.6,0.00,0.00,0.00,0,1,0,1,0,10.5,189,186,14.2,26.3,1,3600.00,1019.1,1005.5
2022-05-20T12:00,28.3,0.00,45,15.1,29.5,0.00,0.00,0.00,0,1,1,0,0,13.0,205,204,18.2,30.6,1,3600.00,1018.0,1004.5
2022-05-20T13:00,29.7,0.00,45,16.5,31.5,0.00,0.00,0.00,2,72,100,22,5,14.0,248,252,18.3,40.3,1,3600.00,1016.5,1003.1
2022-05-20T14:00,23.6,6.50,74,18.7,26.2,6.50,0.00,0.00,63,99,99,22,9,4.2,180,160,6.8,34.6,1,3322.58,1017.0,1003.3
2022-05-20T15:00,25.0,0.00,71,19.4,27.6,0.00,0.00,0.00,3,100,100,5,0,6.4,138,133,9.2,19.8,1,3600.00,1015.8,1002.2
2022-05-20T16:00,26.2,0.40,62,18.3,27.5,0.40,0.00,0.00,51,100,100,45,0,11.9,184,182,17.0,37.8,1,3600.00,1015.5,1001.9
2022-05-20T17:00,25.7,0.30,65,18.7,27.2,0.30,0.00,0.00,51,100,100,77,1,11.5,206,200,19.6,28.1,1,1712.36,1015.1,1001.5
2022-05-20T18:00,25.2,0.00,60,16.9,26.6,0.00,0.00,0.00,3,100,100,67,0,7.0,248,249,17.4,25.6,1,0.00,1014.7,1001.1
2022-05-20T19:00,24.3,0.00,51,13.6,23.3,0.00,0.00,0.00,3,100,43,100,0,14.8,257,257,28.5,28.4,1,1333.58,1015.2,1001.6
2022-05-20T20:00,23.6,0.00,55,13.9,22.2,0.00,0.00,0.00,3,83,66,49,4,18.1,265,265,31.4,38.5,1,0.00,1016.1,1002.4
2022-05-20T21:00,21.1,0.00,73,16.1,20.9,0.00,0.00,0.00,2,59,11,21,43,15.9,277,273,28.0,37.4,0,0.00,1017.4,1003.6
2022-05-20T22:00,19.3,1.20,83,16.3,18.8,1.20,0.00,0.00,55,100,0,100,68,18.7,291,289,32.5,45.4,0,0.00,1018.5,1004.6
2022-05-20T23:00,18.6,0.00,76,14.3,17.6,0.00,0.00,0.00,0,1,0,1,0,16.1,283,280,27.3,38.9,0,0.00,1019.5,1005.5
2022-05-21T00:00,16.7,0.00,76,12.4,14.7,0.00,0.00,0.00,0,6,0,0,6,18.7,290,289,31.9,38.2,0,0.00,1021.1,1007.0
2022-05-21T01:00,15.7,0.00,71,10.5,13.9,0.00,0.00,0.00,0,7,0,0,0,13.0,306,304,24.8,38.2,0,0.00,1021.3,1007.2
2022-05-21T02:00,14.7,0.00,75,10.3,12.8,0.00,0.00,0.00,0,3,0,0,3,13.4,296,294,24.8,28.8,0,0.00,1022.1,1007.9
2022-05-21T03:00,13.8,0.00,79,10.2,12.3,0.00,0.00,0.00,0,0,0,0,0,10.6,290,288,21.1,28.1,0,0.00,1022.2,1008.0
2022-05-21T04:00,13.0,0.00,83,10.1,11.9,0.00,0.00,0.00,0,0,0,0,0,7.7,289,281,17.9,22.3,0,0.00,1022.8,1008.5
2022-05-21T05:00,12.2,0.00,88,10.3,11.3,0.00,0.00,0.00,0,6,6,0,0,6.6,254,241,15.7,17.3,1,0.00,1023.5,1009.2
2022-05-21T06:00,13.2,0.00,86,10.9,12.2,0.00,0.00,0.00,0,6,1,0,5,8.2,238,232,13.6,17.6,1,3013.14,1023.7,1009.4
2022-05-21T07:00,13.9,0.00,79,10.2,12.4,0.00,0.00,0.00,3,82,74,0,31,10.4,251,250,14.1,23.8,1,3600.00,1024.0,1009.7
2022-05-21T08:00,14.6,0.10,74,10.0,12.7,0.10,0.00,0.00,51,100,39,26,100,13.2,261,259,17.9,29.5,1,3600.00,1024.1,1009.9
2022-05-21T09:00,15.4,0.10,69,9.7,13.2,0.10,0.00,0.00,51,100,32,20,100,14.6,261,260,20.4,32.4,1,2506.90,1024.1,1009.9
2022-05-21T10:00,16.7,0.10,61,9.2,14.2,0.10,0.00,0.00,51,100,71,5,100,15.6,263,263,21.4,35.3,1,3600.00,1023.8,1009.7
2022-05-21T11:00,18.5,0.00,51,8.2,16.4,0.00,0.00,0.00,2,78,60,1,44,14.8,272,273,20.5,35.3,1,3600.00,1023.1,1009.1
2022-05-21T12:00,19.8,0.00,45,7.6,18.1,0.00,0.00,0.00,2,54,50,0,8,13.3,269,268,18.4,34.2,1,3600.00,1022.5,1008.5
2022-05-21T13:00,19.6,0.00,47,7.9,18.5,0.00,0.00,0.00,3,100,72,2,28,14.6,282,280,19.8,35.3,1,3600.00,1023.0,1009.0
2022-05-21T14:00,20.9,0.00,41,7.0,19.1,0.00,0.00,0.00,3,99,97,55,4,16.0,279,278,22.3,37.4,1,3600.00,1022.3,1008.4
2022-05-21T15:00,21.8,0.00,36,6.2,19.3,0.00,0.00,0.00,3,98,98,7,0,13.7,272,272,19.1,36.4,1,3600.00,1021.3,1007.5
2022-05-21T16:00,22.0,0.00,37,6.7,19.4,0.00,0.00,0.00,3,100,100,3,4,11.7,280,281,16.5,31.0,1,3600.00,1020.6,1006.8
2022-05-21T17:00,22.0,0.00,37,6.8,19.7,0.00,0.00,0.00,3,99,99,14,0,10.0,283,283,14.4,26.3,1,3600.00,1019.9,1006.1
2022-05-21T18:00,21.4,0.00,42,7.9,19.8,0.00,0.00,0.00,3,93,92,13,0,6.6,284,283,12.2,22.3,1,3600.00,1019.3,1005.5
2022-05-21T19:00,19.9,0.00,69,14.1,20.9,0.00,0.00,0.00,3,93,91,25,0,2.6,308,304,5.9,14.8,1,3600.00,1019.3,1005.4
2022-05-21T20:00,17.5,0.00,63,10.3,16.8,0.00,0.00,0.00,3,95,95,0,6,5.6,36,45,6.7,7.2,1,883.81,1019.2,1005.2
2022-05-21T21:00,15.8,0.00,62,8.5,14.5,0.00,0.00,0.00,2,72,72,0,0,5.8,44,60,12.0,10.8,0,0.00,1019.6,1005.5
2022-05-21T22:00,14.3,0.00,64,7.6,13.0,0.00,0.00,0.00,0,0,0,0,0,4.4,28,81,10.6,11.2,0,0.00,1019.7,1005.5
2022-05-21T23:00,13.1,0.00,69,7.4,11.6,0.00,0.00,0.00,0,0,0,0,0,5.6,358,50,9.4,8.6,0,0.00,1019.3,1005.1
2022-05-22T00:00,12.6,0.00,69,7.0,10.9,0.00,0.00,0.00,0,0,0,0,0,6.2,35,36,13.7,10.4,0,0.00,1019.4,1005.1
2022-05-22T01:00,12.3,0.00,72,7.3,10.1,0.00,0.00,0.00,0,0,0,0,1,10.0,112,111,20.2,10.8,0,0.00,1019.2,1004.9
2022-05-22T02:00,11.7,0.00,74,7.2,9.8,0.00,0.00,0.00,0,19,16,0,3,7.9,119,114,19.0,18.4,0,0.00,1018.7,1004.4
2022-05-22T03:00,10.8,0.00,78,7.2,9.3,0.00,0.00,0.00,1,30,30,0,0,5.8,117,94,15.3,14.4,0,0.00,1018.6,1004.3
2022-05-22T04:00,10.6,0.00,79,7.2,8.9,0.00,0.00,0.00,1,28,28,0,0,6.6,121,103,15.5,12.6,0,0.00,1018.3,1004.0
2022-05-22T05:00,10.6,0.00,80,7.3,8.8,0.00,0.00,0.00,1,44,44,0,0,7.6,113,90,14.8,14.0,1,0.00,1017.9,1003.6
2022-05-22T06:00,12.1,0.00,77,8.3,10.4,0.00,0.00,0.00,2,56,56,0,0,8.4,114,100,15.0,15.5,1,3073.42,1017.5,1003.2
2022-05-22T07:00,14.6,0.00,72,9.6,13.8,0.00,0.00,0.00,1,38,38,0,0,4.8,115,103,11.1,15.5,1,3600.00,1017.5,1003.4
2022-05-22T08:00,16.9,0.00,65,10.3,16.8,0.00,0.00,0.00,2,61,61,0,0,1.5,82,76,2.5,12.6,1,3600.00,1017.4,1003.4
2022-05-22T09:00,18.7,0.00,59,10.7,18.9,0.00,0.00,0.00,3,90,90,0,0,0.4,225,270,0.5,9.7,1,3600.00,1016.8,1002.9
2022-05-22T10:00,20.1,0.00,53,10.2,20.7,0.00,0.00,0.00,3,95,95,0,0,1.8,252,259,2.3,12.6,1,3600.00,1016.1,1002.2
2022-05-22T11:00,21.2,0.00,50,10.2,22.3,0.00,0.00,0.00,3,99,99,0,0,2.6,283,286,3.3,14.0,1,3600.00,1015.6,1001.8
2022-05-22T12:00,22.0,0.00,47,10.2,23.2,0.00,0.00,0.00,3,92,91,0,1,4.7,292,293,5.8,17.3,1,3600.00,1015.5,1001.7
2022-05-22T13:00,23.0,0.00,45,10.5,24.8,0.00,0.00,0.00,3,95,81,0,0,2.5,360,352,2.9,17.6,1,3600.00,1014.4,1000.7
2022-05-22T14:00,23.8,0.00,42,10.0,25.0,0.00,0.00,0.00,3,100,100,0,0,4.1,23,15,5.5,15.8,1,3600.00,1013.2,999.6
2022-05-22T15:00,24.0,0.00,41,9.8,24.3,0.00,0.00,0.00,3,99,99,0,0,4.0,339,333,5.0,15.5,1,3600.00,1013.2,999.6
2022-05-22T16:00,23.8,0.00,40,9.6,22.9,0.00,0.00,0.00,3,100,100,1,0,6.2,343,339,7.5,16.2,1,3600.00,1012.6,999.0
2022-05-22T17:00,23.2,0.00,41,9.2,22.1,0.00,0.00,0.00,3,100,100,48,0,6.5,360,357,8.6,16.6,1,3600.00,1012.2,998.5
2022-05-22T18:00,22.0,0.00,49,10.9,21.5,0.00,0.00,0.00,3,100,100,98,0,5.4,4,8,11.2,15.5,1,0.00,1011.5,997.8
2022-05-22T19:00,20.7,0.00,71,15.4,21.8,0.00,0.00,0.00,3,100,100,91,0,4.7,36,360,8.0,15.8,1,0.00,1011.1,997.3
2022-05-22T20:00,21.0,0.00,49,9.8,20.4,0.00,0.00,0.00,3,100,100,100,0,3.7,69,11,5.0,6.5,1,0.00,1010.9,997.2
2022-05-22T21:00,19.2,0.00,56,10.3,18.4,0.00,0.00,0.00,3,100,100,100,0,6.3,71,59,12.2,11.5,0,0.00,1010.5,996.7
2022-05-22T22:00,18.7,0.00,58,10.4,17.5,0.00,0.00,0.00,2,74,73,5,0,9.1,92,81,19.5,17.3,0,0.00,1009.6,995.8
2022-05-22T23:00,17.4,0.00,63,10.2,16.1,0.00,0.00,0.00,3,93,92,2,0,9.4,96,90,22.8,20.2,0,0.00,1009.3,995.4
2022-05-23T00:00,16.9,0.00,61,9.4,14.8,0.00,0.00,0.00,3,100,99,98,0,13.0,100,92,27.0,24.5,0,0.00,1009.8,995.9
2022-05-23T01:00,17.7,0.00,63,10.5,15.6,0.00,0.00,0.00,3,100,67,15,0,15.5,106,103,31.5,30.6,0,0.00,1008.5,994.6
2022-05-23T02:00,16.8,0.00,64,10.0,14.7,0.00,0.00,0.00,2,64,64,0,0,14.6,105,100,29.9,30.6,0,0.00,1007.7,993.8
2022-05-23T03:00,15.9,0.00,68,9.9,14.3,0.00,0.00,0.00,3,100,100,44,0,11.1,117,126,25.0,28.4,0,0.00,1008.4,994.5
2022-05-23T04:00,16.2,0.00,67,10.2,14.1,0.00,0.00,0.00,3,100,100,45,0,15.1,106,93,28.8,29.9,0,0.00,1007.3,993.4
2022-05-23T05:00,15.7,0.00,71,10.5,14.5,0.00,0.00,0.00,3,100,100,98,0,8.9,128,122,19.7,29.9,1,0.00,1007.6,993.7
2022-05-23T06:00,15.9,1.30,73,11.0,14.4,1.30,0.00,0.00,61,100,100,100,0,12.3,104,95,23.0,27.4,1,0.00,1006.7,992.8
2022-05-23T07:00,15.6,1.30,83,12.7,14.3,1.30,0.00,0.00,61,57,57,1,0,14.7,103,101,26.6,31.3,1,0.00,1005.4,991.5
2022-05-23T08:00,18.3,0.00,77,14.2,17.8,0.00,0.00,0.00,3,100,100,0,0,12.5,103,102,21.8,29.2,1,3600.00,1005.1,991.3
2022-05-23T09:00,19.9,0.00,73,14.9,19.8,0.00,0.00,0.00,3,100,100,12,0,11.7,103,99,17.0,27.7,1,3498.94,1004.7,991.0
2022-05-23T10:00,22.9,0.00,65,16.0,24.2,0.00,0.00,0.00,3,100,100,4,0,8.5,119,118,11.9,27.7,1,3600.00,1004.0,990.4
2022-05-23T11:00,24.9,0.00,60,16.6,27.4,0.00,0.00,0.00,1,45,45,0,0,6.0,152,155,7.7,21.2,1,3600.00,1003.3,989.8
2022-05-23T12:00,26.5,0.00,54,16.5,29.7,0.00,0.00,0.00,1,41,38,5,0,5.8,172,173,7.6,18.7,1,3600.00,1001.9,988.5
2022-05-23T13:00,23.6,0.00,62,15.9,24.2,0.00,0.00,0.00,3,92,100,88,0,18.5,187,188,26.8,19.4,1,3600.00,1003.3,989.8
2022-05-23T14:00,23.1,0.00,61,15.2,22.3,0.00,0.00,0.00,3,100,100,49,0,17.2,192,191,25.8,40.0,1,109.16,1002.6,989.1
2022-05-23T15:00,23.6,0.00,59,15.1,23.4,0.00,0.00,0.00,3,99,99,0,0,13.1,163,164,18.4,36.7,1,192.52,1000.3,986.8
2022-05-23T16:00,24.6,0.00,58,15.7,24.2,0.00,0.00,0.00,3,100,100,25,2,15.8,207,204,23.3,37.4,1,3600.00,1001.2,987.8
2022-05-23T17:00,24.4,0.00,53,14.3,23.1,0.00,0.00,0.00,3,100,100,31,2,18.2,210,210,27.7,40.3,1,3600.00,1001.3,987.8
2022-05-23T18:00,23.7,0.00,49,12.5,21.8,0.00,0.00,0.00,3,100,100,100,0,18.2,210,207,30.6,39.2,1,3600.00,1001.1,987.6
2022-05-23T19:00,19.0,3.50,76,14.6,17.7,3.50,0.00,0.00,63,100,100,92,32,19.2,214,210,32.0,49.0,1,0.00,1002.6,988.9
2022-05-23T20:00,19.3,0.00,74,14.5,18.0,0.00,0.00,0.00,3,97,84,83,1,18.9,225,220,33.9,39.2,1,0.00,1002.5,988.8
2022-05-23T21:00,18.7,0.10,74,14.0,17.0,0.10,0.00,0.00,51,96,95,9,21,20.4,225,222,35.6,42.1,0,0.00,1003.2,989.5
2022-05-23T22:00,17.9,0.00,78,14.1,16.4,0.00,0.00,0.00,2,52,0,6,49,19.1,230,227,33.0,43.6,0,0.00,1004.1,990.3
2022-05-23T23:00,17.6,0.10,81,14.3,16.6,0.10,0.00,0.00,51,69,0,43,46,16.3,237,235,28.1,39.6,0,0.00,1004.5,990.7
2022-05-24T00:00,17.0,0.00,84,14.4,16.5,0.00,0.00,0.00,1,47,3,12,41,13.2,243,241,24.3,33.5,0,0.00,1004.9,991.1
2022-05-24T01:00,15.3,0.00,88,13.3,14.0,0.00,0.00,0.00,3,100,69,31,100,16.3,234,229,30.9,28.1,0,0.00,1005.5,991.6
2022-05-24T02:00,15.5,0.10,87,13.4,14.5,0.10,0.00,0.00,51,100,100,43,53,14.2,238,234,25.1,35.6,0,0.00,1005.3,991.4
2022-05-24T03:00,14.8,0.00,90,13.2,14.3,0.00,0.00,0.00,3,98,98,0,14,10.4,228,224,20.9,28.8,0,0.00,1005.1,991.1
2022-05-24T04:00,14.2,0.00,92,13.0,13.6,0.00,0.00,0.00,3,100,100,9,10,10.5,220,211,22.0,22.7,0,0.00,1005.1,991.1
2022-05-24T05:00,14.5,0.00,91,13.0,13.9,0.00,0.00,0.00,3,99,98,20,15,10.6,208,198,21.3,22.7,1,0.00,1005.2,991.2
2022-05-24T06:00,15.4,0.00,88,13.5,14.3,0.00,0.00,0.00,3,97,95,12,36,14.7,212,208,25.6,33.1,1,0.00,1005.7,991.8
2022-05-24T07:00,15.8,0.50,82,12.7,13.3,0.50,0.00,0.00,53,68,0,66,21,22.9,229,228,36.0,45.7,1,3600.00,1006.4,992.5
2022-05-24T08:00,15.8,0.10,79,12.1,13.4,0.10,0.00,0.00,51,99,0,99,12,20.6,234,234,30.2,47.2,1,3600.00,1007.3,993.4
2022-05-24T09:00,16.1,0.10,74,11.5,13.9,0.10,0.00,0.00,51,87,0,86,10,18.4,245,244,26.6,42.8,1,2315.12,1007.9,994.0
2022-05-24T10:00,17.3,0.00,63,10.3,14.4,0.00,0.00,0.00,3,88,0,87,8,20.2,252,251,28.8,43.6,1,3600.00,1008.2,994.3
2022-05-24T11:00,17.8,0.00,58,9.3,14.7,0.00,0.00,0.00,1,41,36,5,3,19.9,254,253,28.5,44.6,1,3600.00,1008.4,994.5
2022-05-24T12:00,19.4,0.00,49,8.5,17.1,0.00,0.00,0.00,0,14,0,11,5,20.5,260,260,28.9,46.8,1,3600.00,1008.5,994.7
2022-05-24T13:00,19.0,0.00,46,7.2,17.2,0.00,0.00,0.00,0,15,0,14,1,18.3,259,260,25.3,45.4,1,3600.00,1009.3,995.5
2022-05-24T14:00,19.8,0.00,39,5.4,17.4,0.00,0.00,0.00,1,22,7,16,1,17.1,255,255,23.5,41.0,1,3600.00,1009.1,995.3
2022-05-24T15:00,20.1,0.00,39,5.6,17.4,0.00,0.00,0.00,2,67,67,1,0,16.7,245,245,23.4,38.5,1,3600.00,1009.3,995.5
2022-05-24T16:00,20.4,0.00,37,5.2,17.1,0.00,0.00,0.00,3,95,0,95,0,17.3,252,253,24.6,38.9,1,3600.00,1009.3,995.6
2022-05-24T17:00,19.3,0.00,41,5.8,16.0,0.00,0.00,0.00,3,85,50,71,0,15.9,271,273,23.0,38.2,1,3600.00,1009.7,995.9
2022-05-24T18:00,18.2,0.00,47,6.6,15.2,0.00,0.00,0.00,1,35,7,23,13,14.3,280,282,22.3,34.2,1,3357.31,1010.4,996.5
2022-05-24T19:00,17.4,0.00,52,7.5,15.4,0.00,0.00,0.00,2,52,31,30,0,9.0,287,286,17.3,29.9,1,3600.00,1011.0,997.1
2022-05-24T20:00,15.3,0.00,63,8.3,14.1,0.00,0.00,0.00,3,99,99,18,0,5.1,279,278,13.8,19.4,1,1527.24,1011.6,997.6
2022-05-24T21:00,14.3,0.00,70,8.8,13.2,0.00,0.00,0.00,1,48,39,15,0,5.4,286,290,13.5,11.2,0,0.00,1012.5,998.4
2022-05-24T22:00,12.6,0.00,80,9.2,11.4,0.00,0.00,0.00,1,41,28,19,0,7.2,274,270,11.2,11.5,0,0.00,1013.0,998.8
2022-05-24T23:00,12.4,0.00,81,9.3,11.3,0.00,0.00,0.00,0,17,0,17,0,6.4,258,254,12.5,11.5,0,0.00,1013.4,999.2
2022-05-25T00:00,11.8,0.00,84,9.2,10.7,0.00,0.00,0.00,1,22,8,16,0,6.3,261,257,13.1,11.5,0,0.00,1013.8,999.6
2022-05-25T01:00,13.3,0.00,76,9.1,12.3,0.00,0.00,0.00,3,96,100,98,2,5.0,285,300,8.2,11.5,0,0.00,1014.1,999.9
2022-05-25T02:00,14.1,0.00,71,8.9,13.6,0.00,0.00,0.00,3,100,95,92,7,1.0,277,135,2.9,9.0,0,0.00,1014.2,1000.1
2022-05-25T03:00,11.3,0.00,86,9.0,10.4,0.00,0.00,0.00,3,100,100,99,10,4.5,184,151,5.4,7.9,0,0.00,1014.5,1000.2
2022-05-25T04:00,11.7,0.00,84,9.1,10.8,0.00,0.00,0.00,2,57,50,13,12,4.4,207,171,8.9,8.3,0,0.00,1015.0,1000.8
2022-05-25T05:00,10.5,0.00,90,8.8,9.4,0.00,0.00,0.00,1,25,21,0,5,5.2,238,205,9.4,10.1,1,0.00,1015.4,1001.1
2022-05-25T06:00,12.5,0.00,85,10.0,11.8,0.00,0.00,0.00,0,0,0,0,0,4.8,250,207,8.4,9.0,1,3239.74,1015.9,1001.7
2022-05-25T07:00,14.1,0.00,77,10.0,13.6,0.00,0.00,0.00,0,0,0,0,0,3.6,245,233,5.2,11.5,1,3600.00,1016.5,1002.4
2022-05-25T08:00,15.4,0.00,69,9.7,14.6,0.00,0.00,0.00,0,0,0,0,0,5.0,254,249,6.4,15.5,1,3600.00,1016.8,1002.7
2022-05-25T09:00,16.8,0.00,60,8.9,15.5,0.00,0.00,0.00,1,31,0,30,8,6.5,265,264,8.7,19.1,1,3600.00,1017.1,1003.1
2022-05-25T10:00,17.9,0.00,53,8.1,16.3,0.00,0.00,0.00,1,42,0,39,8,9.9,261,260,13.1,24.5,1,3600.00,1017.1,1003.1
2022-05-25T11:00,19.1,0.00,46,7.2,17.2,0.00,0.00,0.00,3,98,0,98,7,11.9,256,256,16.0,27.7,1,3600.00,1016.9,1003.0
2022-05-25T12:00,19.6,0.00,42,6.5,16.8,0.00,0.00,0.00,3,90,0,90,0,13.2,252,253,18.2,29.9,1,3600.00,1016.8,1002.9
2022-05-25T13:00,20.8,0.00,38,5.9,17.7,0.00,0.00,0.00,3,96,0,77,0,14.5,246,247,20.1,32.8,1,3600.00,1017.0,1003.2
2022-05-25T14:00,20.9,0.00,36,5.4,17.5,0.00,0.00,0.00,3,100,0,100,0,15.3,260,262,21.5,33.8,1,3600.00,1016.8,1003.0
2022-05-25T15:00,20.6,0.00,40,6.5,17.6,0.00,0.00,0.00,2,61,0,61,0,14.5,274,276,20.9,34.2,1,2701.42,1016.8,1003.0
2022-05-25T16:00,21.1,0.00,37,5.9,17.6,0.00,0.00,0.00,3,98,0,98,0,16.8,279,279,23.7,36.4,1,3600.00,1016.8,1003.0
2022-05-25T17:00,20.2,0.00,41,6.5,16.9,0.00,0.00,0.00,1,28,0,28,2,16.2,268,266,25.2,37.1,1,3600.00,1017.2,1003.3
2022-05-25T18:00,19.7,0.00,44,7.0,16.6,0.00,0.00,0.00,3,95,90,48,0,15.5,272,271,24.9,36.4,1,3600.00,1017.3,1003.4
2022-05-25T19:00,18.6,0.00,51,8.2,16.6,0.00,0.00,0.00,2,74,68,18,3,10.4,272,272,20.5,32.0,1,3600.00,1018.1,1004.1
2022-05-25T20:00,17.1,0.00,55,8.1,15.3,0.00,0.00,0.00,1,36,32,6,0,9.0,268,265,20.9,22.7,1,742.81,1018.6,1004.6
2022-05-25T21:00,15.9,0.00,60,8.2,14.1,0.00,0.00,0.00,3,80,80,0,0,9.0,270,265,22.0,20.2,0,0.00,1019.6,1005.5
2022-05-25T22:00,14.8,0.00,68,8.9,13.6,0.00,0.00,0.00,3,91,75,66,0,6.4,269,254,17.6,19.4,0,0.00,1020.2,1006.0
2022-05-25T23:00,14.3,0.00,71,9.2,13.2,0.00,0.00,0.00,3,95,86,62,0,6.1,254,230,16.5,14.4,0,0.00,1020.4,1006.2
2022-05-26T00:00,14.0,0.00,73,9.2,12.8,0.00,0.00,0.00,3,99,57,97,0,7.0,237,215,17.2,15.5,0,0.00,1020.7,1006.5
2022-05-26T01:00,14.9,0.00,66,8.6,13.0,0.00,0.00,0.00,3,94,0,100,0,10.3,244,234,23.7,17.6,0,0.00,1020.9,1006.7
2022-05-26T02:00,15.1,0.00,64,8.3,13.1,0.00,0.00,0.00,3,100,0,100,4,10.6,243,235,22.2,23.4,0,0.00,1021.1,1006.9
2022-05-26T03:00,15.3,0.00,62,8.0,13.1,0.00,0.00,0.00,3,100,0,100,0,11.1,240,234,21.6,23.0,0,0.00,1021.1,1006.9
2022-05-26T04:00,15.1,0.00,62,7.9,12.8,0.00,0.00,0.00,3,100,0,100,0,11.7,231,225,22.8,24.8,0,0.00,1021.2,1007.0
2022-05-26T05:00,14.4,0.00,66,8.1,12.1,0.00,0.00,0.00,3,100,0,100,20,12.7,229,223,24.2,25.9,1,0.00,1021.6,1007.4
2022-05-26T06:00,14.7,0.00,68,8.7,12.6,0.00,0.00,0.00,3,100,0,100,41,12.0,237,231,21.9,27.0,1,0.00,1022.2,1008.0
2022-05-26T07:00,15.1,0.00,68,9.3,13.2,0.00,0.00,0.00,2,77,0,63,40,11.8,242,239,18.4,27.4,1,243.30,1022.6,1008.4
2022-05-26T08:00,16.2,0.00,66,9.9,14.3,0.00,0.00,0.00,2,55,0,44,40,12.9,247,243,18.1,28.4,1,3600.00,1023.1,1009.0
2022-05-26T09:00,17.7,0.10,59,9.7,15.0,0.10,0.00,0.00,51,59,0,46,29,17.9,260,261,25.2,38.9,1,3600.00,1023.3,1009.2
2022-05-26T10:00,17.8,0.20,60,10.0,15.1,0.20,0.00,0.00,51,57,0,45,28,18.5,258,257,26.1,39.6,1,3480.43,1023.5,1009.4
2022-05-26T11:00,18.5,0.10,56,9.5,15.6,0.10,0.00,0.00,51,100,0,100,57,18.4,254,253,25.9,39.6,1,3600.00,1023.8,1009.8
2022-05-26T12:00,19.1,0.10,54,9.6,16.4,0.10,0.00,0.00,51,96,15,87,85,17.7,253,253,24.8,40.3,1,3600.00,1023.7,1009.7
2022-05-26T13:00,18.7,0.00,52,8.5,15.8,0.00,0.00,0.00,3,88,0,96,100,17.2,260,259,24.1,38.9,1,2977.89,1024.2,1010.2
2022-05-26T14:00,18.9,0.00,51,8.6,16.4,0.00,0.00,0.00,1,45,8,17,38,14.9,263,263,21.0,36.0,1,344.60,1024.1,1010.1
2022-05-26T15:00,19.9,0.00,47,8.4,17.3,0.00,0.00,0.00,3,92,75,32,67,14.8,266,266,20.2,34.2,1,3600.00,1023.7,1009.7
2022-05-26T16:00,20.2,0.00,46,8.2,17.7,0.00,0.00,0.00,3,96,89,40,59,14.1,273,273,19.8,32.8,1,3600.00,1023.2,1009.3
2022-05-26T17:00,20.4,0.00,46,8.5,18.0,0.00,0.00,0.00,3,99,93,32,90,13.3,267,267,19.1,31.3,1,3600.00,1022.7,1008.8
2022-05-26T18:00,20.2,0.00,47,8.4,17.8,0.00,0.00,0.00,3,100,98,20,78,13.3,271,272,20.2,30.6,1,3600.00,1022.4,1008.5
2022-05-26T19:00,19.3,0.00,53,9.4,17.5,0.00,0.00,0.00,3,94,91,27,36,11.4,287,288,20.7,30.2,1,2324.28,1022.5,1008.5
2022-05-26T20:00,17.6,0.00,58,9.4,16.3,0.00,0.00,0.00,3,90,88,8,5,7.7,263,259,19.6,24.5,1,580.60,1022.4,1008.3
2022-05-26T21:00,16.6,0.00,60,8.9,14.9,0.00,0.00,0.00,3,96,96,0,0,9.9,238,226,23.8,19.8,0,0.00,1022.8,1008.7
2022-05-26T22:00,16.2,0.00,62,8.9,14.4,0.00,0.00,0.00,3,100,100,0,0,10.3,243,234,24.3,23.0,0,0.00,1022.9,1008.8
2022-05-26T23:00,15.8,0.00,66,9.3,14.1,0.00,0.00,0.00,3,100,100,0,1,10.0,256,249,23.7,22.0,0,0.00,1023.1,1008.9
2022-05-27T00:00,15.3,0.00,69,9.7,14.0,0.00,0.00,0.00,1,29,27,0,3,8.4,254,245,21.0,22.0,0,0.00,1023.1,1008.9
2022-05-27T01:00,15.1,0.00,73,10.3,13.8,0.00,0.00,0.00,3,85,91,0,2,9.0,246,233,20.9,18.4,0,0.00,1022.8,1008.6
2022-05-27T02:00,14.3,0.00,77,10.3,13.0,0.00,0.00,0.00,3,100,100,0,9,9.2,242,231,21.6,19.4,0,0.00,1022.5,1008.3
2022-05-27T03:00,13.9,0.00,80,10.5,12.6,0.00,0.00,0.00,1,29,24,0,7,9.7,235,228,23.3,20.5,0,0.00,1022.0,1007.8
2022-05-27T04:00,13.4,0.00,84,10.8,12.1,0.00,0.00,0.00,1,39,31,0,12,10.5,240,232,23.7,22.0,0,0.00,1021.9,1007.6
2022-05-27T05:00,13.3,0.00,87,11.1,12.0,0.00,0.00,0.00,1,20,0,0,20,10.7,237,230,22.7,22.3,1,0.00,1022.0,1007.7
2022-05-27T06:00,14.3,0.00,82,11.2,12.5,0.00,0.00,0.00,3,100,16,26,100,14.2,252,249,21.6,29.2,1,3339.47,1022.2,1008.0
2022-05-27T07:00,14.8,0.00,79,11.1,12.9,0.00,0.00,0.00,3,100,55,18,100,15.7,262,261,22.9,33.5,1,129.60,1022.3,1008.1
2022-05-27T08:00,15.5,0.10,75,11.0,13.4,0.10,0.00,0.00,51,100,85,23,100,16.5,260,260,23.0,35.3,1,393.94,1022.5,1008.3
2022-05-27T09:00,16.1,0.00,71,10.9,14.0,0.00,0.00,0.00,3,100,3,13,100,16.4,263,261,22.5,35.6,1,922.17,1022.5,1008.4
2022-05-27T10:00,16.7,0.00,69,11.0,14.6,0.00,0.00,0.00,3,100,97,22,100,16.0,261,261,22.6,35.3,1,0.00,1022.1,1008.0
2022-05-27T11:00,16.9,0.10,70,11.5,14.9,0.10,0.00,0.00,51,100,99,44,100,16.4,261,261,23.7,36.0,1,0.00,1022.2,1008.1
2022-05-27T12:00,17.2,0.00,68,11.3,14.8,0.00,0.00,0.00,3,100,94,60,100,19.1,254,254,27.0,40.3,1,0.00,1021.8,1007.7
2022-05-27T13:00,17.2,0.20,67,11.1,14.2,0.20,0.00,0.00,51,100,100,34,100,22.4,245,246,33.3,42.8,1,3600.00,1021.5,1007.4
2022-05-27T14:00,17.7,0.40,67,11.5,14.8,0.40,0.00,0.00,51,99,97,51,24,22.9,263,263,33.4,47.9,1,2095.62,1021.3,1007.3
2022-05-27T15:00,17.9,0.60,67,11.6,15.1,0.60,0.00,0.00,53,100,100,20,100,22.0,269,269,31.7,50.0,1,3600.00,1021.2,1007.2
2022-05-27T16:00,17.1,0.20,67,11.0,14.3,0.20,0.00,0.00,51,100,99,13,100,20.9,271,271,29.9,47.5,1,0.00,1021.1,1007.0
2022-05-27T17:00,17.3,0.00,65,10.8,14.8,0.00,0.00,0.00,3,99,99,5,23,19.1,266,266,28.2,45.7,1,2634.31,1020.8,1006.7
2022-05-27T18:00,17.5,0.10,64,10.6,14.8,0.10,0.00,0.00,51,75,62,20,19,20.0,277,278,29.7,42.5,1,3600.00,1020.6,1006.6
2022-05-27T19:00,16.9,0.00,67,10.7,14.8,0.00,0.00,0.00,3,93,90,23,7,15.3,264,261,25.7,41.4,1,3600.00,1020.6,1006.5
2022-05-27T20:00,16.0,0.00,69,10.4,14.2,0.00,0.00,0.00,3,98,98,4,0,13.7,256,252,25.9,32.4,1,1402.65,1020.5,1006.4
2022-05-27T21:00,15.1,0.00,73,10.2,13.4,0.00,0.00,0.00,3,93,89,42,19,12.3,260,255,26.0,28.4,0,0.00,1020.8,1006.6
2022-05-27T22:00,14.1,0.00,78,10.3,13.1,0.00,0.00,0.00,3,85,73,45,27,7.7,290,281,19.1,25.9,0,0.00,1021.2,1007.0
2022-05-27T23:00,13.6,0.00,65,7.2,11.3,0.00,0.00,0.00,0,15,12,0,3,10.7,346,340,23.0,21.2,0,0.00,1021.7,1007.5
2022-05-28T00:00,12.3,0.00,64,5.7,9.7,0.00,0.00,0.00,0,17,0,4,17,10.2,338,337,22.1,23.8,0,0.00,1022.0,1007.7
2022-05-28T01:00,11.4,0.00,67,5.5,8.9,0.00,0.00,0.00,1,30,92,0,0,9.8,351,352,22.6,22.0,0,0.00,1021.8,1007.4
2022-05-28T02:00,10.6,0.00,69,5.2,8.2,0.00,0.00,0.00,3,82,82,0,0,8.5,348,348,20.3,20.9,0,0.00,1022.1,1007.7
2022-05-28T03:00,8.4,0.00,82,5.5,6.2,0.00,0.00,0.00,3,95,95,0,0,7.3,333,327,12.9,18.4,0,0.00,1021.8,1007.3
2022-05-28T04:00,7.8,0.00,85,5.5,5.7,0.00,0.00,0.00,3,95,95,0,0,6.5,315,304,11.7,13.0,0,0.00,1021.7,1007.2
2022-05-28T05:00,8.2,0.00,86,6.0,6.5,0.00,0.00,0.00,3,99,99,0,0,5.2,300,282,10.8,11.9,1,0.00,1021.8,1007.3
2022-05-28T06:00,10.4,0.00,78,6.6,8.8,0.00,0.00,0.00,3,99,99,0,0,5.1,287,266,9.8,10.4,1,3385.99,1021.9,1007.5
2022-05-28T07:00,11.7,0.00,69,6.2,9.8,0.00,0.00,0.00,1,40,40,0,0,5.9,285,281,8.2,15.1,1,3600.00,1022.2,1007.9
2022-05-28T08:00,13.2,0.00,60,5.7,11.0,0.00,0.00,0.00,1,39,35,6,2,8.1,305,302,11.4,20.9,1,3600.00,1022.0,1007.7
2022-05-28T09:00,14.5,0.00,55,5.6,11.7,0.00,0.00,0.00,3,99,99,12,15,11.8,308,308,15.6,26.6,1,3600.00,1021.4,1007.2
2022-05-28T10:00,15.2,0.10,53,5.5,12.3,0.10,0.00,0.00,51,100,100,19,23,14.8,316,315,20.1,33.5,1,3600.00,1021.0,1006.8
2022-05-28T11:00,15.8,0.10,49,5.2,12.9,0.10,0.00,0.00,51,100,100,28,24,14.5,317,316,19.6,33.8,1,3600.00,1020.5,1006.4
2022-05-28T12:00,16.3,0.20,47,5.0,13.4,0.20,0.00,0.00,51,100,100,43,25,14.8,316,315,20.1,34.2,1,3600.00,1019.9,1005.8
2022-05-28T13:00,16.6,0.30,43,4.0,13.6,0.30,0.00,0.00,51,89,100,81,3,12.3,308,308,16.4,33.8,1,3600.00,1020.4,1006.3
2022-05-28T14:00,16.4,0.10,43,3.8,13.3,0.10,0.00,0.00,51,94,85,51,41,11.2,305,303,15.0,28.1,1,3600.00,1019.7,1005.6
2022-05-28T15:00,16.8,0.10,42,3.9,13.7,0.10,0.00,0.00,51,59,0,59,3,12.6,302,301,17.0,29.2,1,3600.00,1018.9,1004.9
2022-05-28T16:00,16.6,0.10,43,4.0,13.3,0.10,0.00,0.00,51,47,0,47,8,13.1,309,307,18.2,31.0,1,3600.00,1018.5,1004.4
2022-05-28T17:00,16.8,0.00,41,3.6,14.0,0.00,0.00,0.00,0,2,0,2,0,8.8,294,289,12.2,29.5,1,3600.00,1017.5,1003.5
2022-05-28T18:00,17.0,0.00,39,3.0,14.2,0.00,0.00,0.00,0,14,0,14,0,8.3,279,272,12.0,20.9,1,3600.00,1016.8,1002.8
2022-05-28T19:00,15.9,0.00,61,8.4,14.9,0.00,0.00,0.00,1,25,0,25,0,3.4,304,288,8.3,18.7,1,3600.00,1016.5,1002.4
2022-05-28T20:00,12.8,0.00,64,6.2,10.9,0.00,0.00,0.00,1,45,0,45,0,6.8,338,328,11.6,10.1,1,2535.37,1016.6,1002.4
2022-05-28T21:00,13.3,0.00,47,2.3,9.6,0.00,0.00,0.00,0,5,0,5,0,13.3,17,13,26.8,26.3,0,0.00,1016.9,1002.7
2022-05-28T22:00,11.9,0.00,54,2.9,9.1,0.00,0.00,0.00,1,34,0,34,0,7.6,26,31,19.2,27.0,0,0.00,1016.9,1002.6
2022-05-28T23:00,10.7,0.00,60,3.3,7.9,0.00,0.00,0.00,1,44,0,44,0,8.4,23,20,20.8,17.3,0,0.00,1016.6,1002.3
2022-05-29T00:00,10.8,0.00,61,3.6,7.9,0.00,0.00,0.00,0,14,0,14,0,9.1,14,9,20.4,18.7,0,0.00,1016.3,1002.0
2022-05-29T01:00,10.2,0.00,67,4.2,7.9,0.00,0.00,0.00,1,30,0,84,0,6.1,29,28,16.9,19.4,0,0.00,1015.7,1001.4
2022-05-29T02:00,10.6,0.00,65,4.3,8.1,0.00,0.00,0.00,1,27,0,27,0,7.6,11,5,17.6,15.5,0,0.00,1015.3,1001.0
2022-05-29T03:00,9.4,0.00,69,3.9,6.9,0.00,0.00,0.00,1,34,0,34,0,7.5,44,35,18.6,15.8,0,0.00,1014.8,1000.4
2022-05-29T04:00,8.3,0.00,74,3.9,6.1,0.00,0.00,0.00,1,36,0,28,12,5.4,41,20,14.8,15.5,0,0.00,1014.6,1000.2
2022-05-29T05:00,8.3,0.00,76,4.4,6.3,0.00,0.00,0.00,3,80,0,78,9,4.7,18,351,12.5,11.2,1,0.00,1014.5,1000.1
2022-05-29T06:00,9.4,0.00,74,5.0,6.9,0.00,0.00,0.00,1,46,0,34,19,8.3,13,358,14.8,17.6,1,1037.71,1014.5,1000.1
2022-05-29T07:00,10.8,0.00,71,5.7,8.6,0.00,0.00,0.00,2,79,1,72,34,7.2,12,3,10.7,19.1,1,3600.00,1014.4,1000.1
2022-05-29T08:00,11.6,0.20,67,5.6,9.3,0.20,0.00,0.00,51,100,32,100,45,8.3,346,342,11.5,21.6,1,3600.00,1014.6,1000.4
2022-05-29T09:00,12.3,0.20,65,5.8,10.1,0.20,0.00,0.00,51,100,100,100,27,7.8,346,338,10.4,21.2,1,458.40,1014.5,1000.3
2022-05-29T10:00,12.8,0.10,63,5.9,10.8,0.10,0.00,0.00,51,100,100,100,76,6.8,336,328,8.7,19.8,1,951.12,1014.3,1000.1
2022-05-29T11:00,13.8,0.10,55,4.8,11.5,0.10,0.00,0.00,51,100,95,100,100,6.9,320,313,8.9,19.1,1,2154.84,1013.8,999.7
2022-05-29T12:00,14.7,0.00,49,4.2,12.0,0.00,0.00,0.00,3,100,18,100,100,8.9,330,328,12.1,23.4,1,2315.85,1013.3,999.2
2022-05-29T13:00,14.1,0.00,45,2.4,11.1,0.00,0.00,0.00,2,60,0,5,0,8.2,322,322,10.5,25.2,1,3600.00,1013.7,999.6
2022-05-29T14:00,15.2,0.10,41,1.9,13.6,0.10,0.00,0.00,51,47,0,47,0,8.7,316,315,11.5,24.1,1,3600.00,1013.0,999.0
2022-05-29T15:00,15.5,0.00,40,1.8,13.5,0.00,0.00,0.00,0,2,0,2,0,7.1,321,319,9.2,24.5,1,3600.00,1012.6,998.6
2022-05-29T16:00,15.7,0.00,38,1.5,13.5,0.00,0.00,0.00,1,26,0,26,0,5.9,324,322,8.0,20.5,1,3600.00,1012.1,998.1
2022-05-29T17:00,15.8,0.00,38,1.4,12.8,0.00,0.00,0.00,2,65,0,65,1,7.6,336,335,9.8,18.7,1,3600.00,1011.6,997.6
2022-05-29T18:00,15.3,0.00,40,1.7,12.1,0.00,0.00,0.00,1,29,0,29,3,9.2,341,339,13.0,21.2,1,3600.00,1011.2,997.2
2022-05-29T19:00,14.7,0.00,53,5.2,13.1,0.00,0.00,0.00,0,7,0,7,0,2.6,9,34,6.6,20.5,1,3600.00,1011.2,997.2
2022-05-29T20:00,14.5,0.00,41,1.4,12.1,0.00,0.00,0.00,0,6,0,6,0,3.7,15,61,5.6,5.8,1,2595.19,1011.4,997.3
2022-05-29T21:00,11.6,0.00,55,2.9,8.3,0.00,0.00,0.00,0,2,0,2,0,11.2,348,345,22.5,20.2,0,0.00,1011.8,997.6
2022-05-29T22:00,10.3,0.00,65,4.1,7.5,0.00,0.00,0.00,0,2,0,2,0,9.5,17,11,21.9,23.4,0,0.00,1012.2,997.9
2022-05-29T23:00,8.9,0.00,76,4.9,6.9,0.00,0.00,0.00,0,17,0,16,7,5.6,29,27,15.6,19.1,0,0.00,1012.2,997.9
2022-05-30T00:00,7.8,0.00,85,5.4,5.9,0.00,0.00,0.00,0,12,0,3,9,4.6,35,39,12.7,11.2,0,0.00,1012.3,997.9
2022-05-30T01:00,7.4,0.00,86,5.2,5.3,0.00,0.00,0.00,0,0,0,0,9,6.5,37,34,13.1,10.4,0,0.00,1012.2,997.8
2022-05-30T02:00,6.8,0.00,89,5.1,4.8,0.00,0.00,0.00,0,13,0,13,0,5.3,40,28,13.6,12.2,0,0.00,1012.1,997.7
2022-05-30T03:00,5.6,0.00,93,4.5,3.3,0.00,0.00,0.00,0,0,0,0,0,6.6,36,29,10.3,10.1,0,0.00,1011.5,997.0
2022-05-30T04:00,5.7,0.00,91,4.3,3.6,0.00,0.00,0.00,0,0,0,0,0,5.1,41,51,7.1,10.1,0,0.00,1011.4,996.9
2022-05-30T05:00,5.4,0.00,93,4.3,3.3,0.00,0.00,0.00,0,0,0,0,0,4.5,50,61,6.1,7.6,1,0.00,1011.8,997.3
2022-05-30T06:00,7.8,0.00,85,5.5,6.2,0.00,0.00,0.00,0,7,1,5,4,2.9,54,83,6.2,7.2,1,3472.26,1012.2,997.8
2022-05-30T07:00,10.1,0.00,75,5.9,8.9,0.00,0.00,0.00,0,14,4,10,0,1.6,90,117,3.2,9.0,1,3600.00,1012.7,998.4
2022-05-30T08:00,12.3,0.00,69,6.7,11.3,0.00,0.00,0.00,0,9,0,9,0,0.5,90,135,1.4,9.7,1,3600.00,1012.6,998.4
2022-05-30T09:00,13.9,0.00,60,6.4,13.0,0.00,0.00,0.00,0,2,0,2,1,0.4,360,270,0.7,11.2,1,3600.00,1012.4,998.3
2022-05-30T10:00,14.8,0.10,54,5.6,13.9,0.10,0.00,0.00,51,36,0,29,20,3.7,336,331,4.3,15.1,1,3600.00,1012.4,998.3
2022-05-30T11:00,15.0,0.30,54,5.8,13.6,0.30,0.00,0.00,51,41,0,35,17,5.5,328,328,6.8,18.4,1,3600.00,1012.5,998.5
2022-05-30T12:00,15.6,0.00,54,6.3,14.9,0.00,0.00,0.00,1,32,0,29,18,4.7,339,337,6.2,18.4,1,3600.00,1012.5,998.5
2022-05-30T13:00,16.7,0.00,45,4.6,15.2,0.00,0.00,0.00,1,30,0,23,7,6.6,331,331,8.2,17.6,1,3600.00,1012.6,998.6
2022-05-30T14:00,17.1,0.10,44,4.8,16.3,0.10,0.00,0.00,51,31,2,27,4,5.5,339,337,7.0,19.8,1,3600.00,1012.7,998.8
2022-05-30T15:00,17.4,0.00,42,4.4,16.2,0.00,0.00,0.00,1,27,0,26,2,4.7,339,337,6.2,18.0,1,3600.00,1012.6,998.7
2022-05-30T16:00,17.8,0.00,40,3.9,16.0,0.00,0.00,0.00,2,76,0,76,0,5.2,333,335,6.4,16.6,1,3600.00,1012.4,998.5
2022-05-30T17:00,17.6,0.00,40,3.9,15.4,0.00,0.00,0.00,2,55,0,55,0,5.3,335,332,6.8,16.2,1,3600.00,1012.4,998.5
2022-05-30T18:00,17.1,0.00,41,3.9,14.7,0.00,0.00,0.00,3,100,0,100,4,6.5,341,341,8.8,15.8,1,3600.00,1012.4,998.5
2022-05-30T19:00,16.3,0.00,47,5.0,14.0,0.00,0.00,0.00,2,65,5,63,15,6.9,354,351,13.4,15.5,1,1724.47,1012.9,998.9
2022-05-30T20:00,14.8,0.00,49,4.2,12.0,0.00,0.00,0.00,3,89,89,1,1,9.6,13,20,20.7,19.1,1,1599.51,1012.8,998.7
2022-05-30T21:00,12.9,0.00,54,3.8,10.2,0.00,0.00,0.00,0,14,14,0,0,8.7,48,48,21.9,19.4,0,0.00,1013.2,999.0
2022-05-30T22:00,11.9,0.00,58,4.0,9.2,0.00,0.00,0.00,0,14,14,0,0,8.2,62,61,20.8,18.0,0,0.00,1013.7,999.5
2022-05-30T23:00,10.9,0.00,61,3.7,8.2,0.00,0.00,0.00,2,73,73,0,0,8.4,72,70,20.8,16.9,0,0.00,1013.7,999.4
2022-05-31T00:00,10.5,0.00,61,3.2,7.7,0.00,0.00,0.00,3,86,85,5,0,8.3,74,72,21.3,17.3,0,0.00,1013.6,999.3
2022-05-31T01:00,11.2,0.00,66,5.0,8.5,0.00,0.00,0.00,1,45,48,0,0,10.3,88,78,25.2,19.8,0,0.00,1013.6,999.4
2022-05-31T02:00,10.3,0.00,70,5.0,8.0,0.00,0.00,0.00,1,21,21,0,0,7.5,87,73,22.0,21.6,0,0.00,1013.6,999.3
2022-05-31T03:00,9.5,0.00,74,5.0,7.3,0.00,0.00,0.00,0,0,0,0,0,6.5,91,84,19.8,16.9,0,0.00,1013.4,999.1
2022-05-31T04:00,9.2,0.00,74,4.9,6.9,0.00,0.00,0.00,0,9,0,9,0,7.3,102,99,21.0,15.8,0,0.00,1013.3,999.0
2022-05-31T05:00,9.5,0.00,74,5.1,7.1,0.00,0.00,0.00,0,13,0,13,0,8.0,107,108,21.1,16.2,1,0.00,1013.2,998.9
2022-05-31T06:00,10.9,0.00,71,5.8,8.3,0.00,0.00,0.00,2,64,0,64,0,10.7,107,104,24.0,22.7,1,3511.99,1013.0,998.7
2022-05-31T07:00,12.5,0.00,68,6.7,10.5,0.00,0.00,0.00,1,35,0,35,0,8.3,105,108,15.6,22.7,1,3600.00,1012.9,998.7
2022-05-31T08:00,14.5,0.00,63,7.5,13.0,0.00,0.00,0.00,2,67,51,33,0,5.6,129,130,7.9,18.7,1,3600.00,1013.2,999.1
2022-05-31T09:00,16.3,0.00,58,7.9,15.2,0.00,0.00,0.00,3,90,90,7,0,3.7,146,151,5.2,16.2,1,3600.00,1012.8,998.8
2022-05-31T10:00,18.3,0.00,53,8.5,18.1,0.00,0.00,0.00,3,85,83,12,0,3.1,207,216,4.0,14.4,1,3600.00,1012.5,998.6
2022-05-31T11:00,19.6,0.00,47,8.0,18.9,0.00,0.00,0.00,3,98,97,22,0,8.2,252,255,10.6,22.0,1,3600.00,1012.4,998.6
2022-05-31T12:00,20.3,0.00,37,5.3,18.7,0.00,0.00,0.00,2,50,35,23,0,11.5,267,270,15.5,28.8,1,3600.00,1012.2,998.4
2022-05-31T13:00,21.5,0.00,32,4.2,18.9,0.00,0.00,0.00,1,41,0,58,0,15.1,257,258,20.3,31.7,1,3600.00,1011.9,998.2
2022-05-31T14:00,21.5,0.00,32,4.2,18.6,0.00,0.00,0.00,2,75,0,75,0,12.6,268,267,17.3,33.5,1,3600.00,1011.2,997.5
2022-05-31T15:00,21.8,0.00,32,4.4,18.5,0.00,0.00,0.00,2,66,0,66,0,13.4,281,284,18.4,32.4,1,3600.00,1010.9,997.2
2022-05-31T16:00,22.0,0.00,32,4.6,19.0,0.00,0.00,0.00,2,50,0,50,0,12.3,285,285,17.1,29.5,1,3600.00,1010.7,997.0
2022-05-31T17:00,21.6,0.00,33,4.8,18.9,0.00,0.00,0.00,2,50,0,50,0,9.8,291,294,13.9,27.4,1,3600.00,1010.6,996.9
2022-05-31T18:00,20.8,0.00,36,5.2,18.0,0.00,0.00,0.00,1,27,0,27,0,10.7,312,312,18.4,23.0,1,3600.00,1010.9,997.1
2022-05-31T19:00,19.3,0.00,41,5.9,16.6,0.00,0.00,0.00,0,15,0,15,0,11.4,303,305,22.4,25.6,1,3600.00,1011.8,998.0
2022-05-31T20:00,17.2,0.00,46,5.5,14.9,0.00,0.00,0.00,1,40,0,40,0,8.4,300,301,21.6,24.5,1,2710.87,1012.5,998.6
2022-05-31T21:00,14.7,0.00,59,6.8,12.7,0.00,0.00,0.00,0,10,0,10,0,7.6,316,329,15.0,18.0,0,0.00,1013.3,999.2
2022-05-31T22:00,13.7,0.00,62,6.5,11.7,0.00,0.00,0.00,1,21,0,21,0,7.1,324,319,14.2,13.7,0,0.00,1014.0,999.9
2022-05-31T23:00,11.9,0.00,71,6.8,9.9,0.00,0.00,0.00,0,1,0,1,0,8.2,22,23,12.4,12.2,0,0.00,1014.4,1000.2
2022-06-01T00:00,11.4,0.00,71,6.3,9.5,0.00,0.00,0.00,0,0,0,0,0,6.9,63,81,7.2,11.5,0,0.00,1014.3,1000.1
2022-06-01T01:00,12.7,0.00,72,7.8,11.1,0.00,0.00,0.00,1,45,0,36,0,6.5,217,180,9.5,7.9,0,0.00,1014.6,1000.4
2022-06-01T02:00,11.4,0.00,79,7.9,10.0,0.00,0.00,0.00,0,4,0,4,0,5.8,215,180,13.7,13.7,0,0.00,1014.4,1000.2
2022-06-01T03:00,10.4,0.00,81,7.2,9.1,0.00,0.00,0.00,0,2,0,2,0,3.6,251,135,6.5,12.6,0,0.00,1014.4,1000.1
2022-06-01T04:00,9.5,0.00,84,6.9,8.0,0.00,0.00,0.00,0,8,0,8,0,4.9,174,126,3.6,8.3,0,0.00,1014.6,1000.2
2022-06-01T05:00,10.1,0.00,82,7.1,8.5,0.00,0.00,0.00,0,8,0,8,0,5.8,188,150,10.5,10.4,1,0.00,1014.7,1000.4
2022-06-01T06:00,11.9,0.00,78,8.2,10.7,0.00,0.00,0.00,0,1,0,1,0,5.1,196,141,9.3,13.0,1,3549.44,1014.7,1000.5
2022-06-01T07:00,13.6,0.00,74,9.1,12.7,0.00,0.00,0.00,0,0,0,0,0,4.2,300,301,5.8,11.9,1,3600.00,1015.3,1001.1
2022-06-01T08:00,15.2,0.00,65,8.6,14.4,0.00,0.00,0.00,2,57,47,18,0,2.7,302,293,3.4,15.1,1,3600.00,1015.6,1001.5
2022-06-01T09:00,17.2,0.00,55,7.9,16.2,0.00,0.00,0.00,0,7,0,7,0,2.9,311,300,3.8,13.3,1,3600.00,1015.4,1001.4
2022-06-01T10:00,18.7,0.00,47,7.2,18.0,0.00,0.00,0.00,0,16,16,0,0,5.8,275,274,7.6,18.4,1,3600.00,1015.2,1001.3
2022-06-01T11:00,20.4,0.00,41,6.9,19.1,0.00,0.00,0.00,2,60,37,36,0,13.2,254,253,18.0,31.0,1,3600.00,1015.2,1001.4
2022-06-01T12:00,21.4,0.00,36,5.8,19.0,0.00,0.00,0.00,3,89,88,10,0,17.7,256,257,24.4,41.0,1,3600.00,1015.0,1001.2
2022-06-01T13:00,21.2,0.00,39,6.6,20.0,0.00,0.00,0.00,3,97,87,8,1,11.8,242,243,16.3,40.0,1,3600.00,1014.5,1000.7
2022-06-01T14:00,22.9,0.00,29,4.1,19.9,0.00,0.00,0.00,3,89,63,70,0,19.4,254,255,27.0,41.4,1,3600.00,1013.8,1000.1
2022-06-01T15:00,21.8,0.00,35,5.5,17.6,0.00,0.00,0.00,2,59,2,58,0,20.9,269,270,29.5,44.6,1,3600.00,1013.8,1000.1
2022-06-01T16:00,21.1,0.00,38,6.1,17.5,0.00,0.00,0.00,0,3,0,3,0,17.8,287,288,25.3,45.0,1,3600.00,1014.0,1000.2
2022-06-01T17:00,21.5,0.00,36,5.8,18.2,0.00,0.00,0.00,0,3,0,3,0,15.5,282,282,22.1,37.8,1,3600.00,1014.1,1000.3
2022-06-01T18:00,20.8,0.00,37,5.4,17.5,0.00,0.00,0.00,1,36,0,36,0,14.7,294,295,22.9,33.8,1,3600.00,1014.4,1000.6
2022-06-01T19:00,19.7,0.00,42,6.5,17.4,0.00,0.00,0.00,0,16,9,8,0,9.2,296,296,18.8,31.0,1,3600.00,1014.9,1001.0
2022-06-01T20:00,16.6,0.00,55,7.4,15.1,0.00,0.00,0.00,1,41,8,36,0,5.6,297,297,15.3,19.8,1,2766.49,1015.2,1001.2
2022-06-01T21:00,15.8,0.00,52,6.0,13.7,0.00,0.00,0.00,1,40,11,32,0,7.5,320,325,20.2,15.1,0,0.00,1016.2,1002.1
2022-06-01T22:00,15.8,0.00,48,4.8,12.4,0.00,0.00,0.00,3,88,68,62,0,14.1,347,341,28.1,26.3,0,0.00,1017.1,1003.0
2022-06-01T23:00,15.0,0.00,49,4.4,11.6,0.00,0.00,0.00,2,57,23,44,0,14.4,4,360,25.6,33.1,0,0.00,1018.2,1004.1
2022-06-02T00:00,13.4,0.00,56,4.8,10.8,0.00,0.00,0.00,3,100,6,100,0,9.1,14,7,20.0,28.8,0,0.00,1018.8,1004.6
2022-06-02T01:00,12.3,0.00,66,6.2,10.3,0.00,0.00,0.00,1,36,0,0,4,7.3,39,33,18.4,18.4,0,0.00,1019.0,1004.7
2022-06-02T02:00,11.3,0.00,70,6.0,9.4,0.00,0.00,0.00,0,6,2,0,4,5.7,42,35,15.0,14.8,0,0.00,1019.0,1004.7
2022-06-02T03:00,10.5,0.00,73,5.8,8.6,0.00,0.00,0.00,0,8,0,4,8,5.9,21,14,14.2,11.9,0,0.00,1019.2,1004.8
2022-06-02T04:00,9.8,0.00,76,5.7,7.8,0.00,0.00,0.00,0,11,1,6,10,6.0,5,17,15.9,12.2,0,0.00,1019.4,1005.0
2022-06-02T05:00,9.3,0.00,82,6.4,7.6,0.00,0.00,0.00,0,7,0,0,7,4.9,21,54,11.2,11.9,1,0.00,1020.1,1005.7
2022-06-02T06:00,11.3,0.00,75,7.0,9.9,0.00,0.00,0.00,0,0,0,0,0,4.1,72,105,7.2,8.6,1,3584.58,1020.6,1006.3
2022-06-02T07:00,13.7,0.00,67,7.7,13.0,0.00,0.00,0.00,0,0,0,0,0,0.8,61,333,3.7,8.6,1,3600.00,1020.8,1006.6
2022-06-02T08:00,15.9,0.00,59,7.9,14.8,0.00,0.00,0.00,0,0,0,0,0,3.5,36,24,4.9,12.6,1,3600.00,1020.9,1006.8
2022-06-02T09:00,17.6,0.00,50,7.1,16.2,0.00,0.00,0.00,1,42,42,0,0,4.7,38,32,5.9,15.5,1,3600.00,1020.8,1006.8
2022-06-02T10:00,18.9,0.00,46,7.2,18.6,0.00,0.00,0.00,3,100,100,0,0,3.9,39,34,5.1,16.2,1,3600.00,1020.7,1006.7
2022-06-02T11:00,19.9,0.00,44,7.4,19.9,0.00,0.00,0.00,3,100,100,0,0,3.4,45,32,4.1,15.5,1,3600.00,1020.7,1006.8
2022-06-02T12:00,20.1,0.00,43,7.1,19.0,0.00,0.00,0.00,3,100,100,0,0,4.6,27,18,5.6,15.5,1,3600.00,1020.3,1006.4
2022-06-02T13:00,20.9,0.00,45,8.4,20.7,0.00,0.00,0.00,3,100,100,5,1,3.3,24,13,4.3,17.6,1,3600.00,1019.9,1006.0
2022-06-02T14:00,21.1,0.00,44,8.4,20.2,0.00,0.00,0.00,3,99,99,13,0,3.2,45,27,4.1,13.3,1,2754.98,1019.3,1005.4
2022-06-02T15:00,22.2,0.00,42,8.6,22.1,0.00,0.00,0.00,3,97,97,0,0,3.9,62,56,5.3,14.4,1,3600.00,1018.9,1005.1
2022-06-02T16:00,22.7,0.00,41,8.6,22.2,0.00,0.00,0.00,3,100,100,0,0,4.5,79,76,5.9,14.8,1,3600.00,1018.5,1004.7
2022-06-02T17:00,22.6,0.00,41,8.6,21.3,0.00,0.00,0.00,3,90,90,1,0,6.5,90,90,9.0,16.6,1,3600.00,1017.9,1004.1
2022-06-02T18:00,22.3,0.00,41,8.4,20.9,0.00,0.00,0.00,1,46,26,27,4,6.5,88,90,9.7,17.3,1,3600.00,1017.9,1004.1
2022-06-02T19:00,21.0,0.00,50,10.2,20.4,0.00,0.00,0.00,2,75,47,52,10,4.7,94,86,11.5,14.4,1,3600.00,1018.1,1004.3
2022-06-02T20:00,19.0,0.00,50,8.3,17.5,0.00,0.00,0.00,1,36,0,36,9,6.7,85,74,17.0,13.7,1,1802.42,1017.9,1004.0
2022-06-02T21:00,18.0,0.00,50,7.6,16.1,0.00,0.00,0.00,3,100,0,100,7,8.9,75,69,21.6,18.0,0,0.00,1018.2,1004.2
2022-06-02T22:00,17.8,0.00,47,6.3,15.3,0.00,0.00,0.00,2,57,0,56,9,10.8,80,75,24.5,22.0,0,0.00,1018.3,1004.3
2022-06-02T23:00,17.6,0.00,43,5.0,14.2,0.00,0.00,0.00,0,5,4,1,1,14.8,88,84,30.3,29.5,0,0.00,1017.9,1003.9
2022-06-03T00:00,17.3,0.00,43,4.5,13.8,0.00,0.00,0.00,2,66,62,8,9,15.2,99,95,31.0,31.7,0,0.00,1017.8,1003.8
2022-06-03T01:00,17.6,0.00,46,5.9,14.8,0.00,0.00,0.00,1,36,31,28,7,12.0,93,83,26.3,30.6,0,0.00,1017.6,1003.6
2022-06-03T02:00,16.8,0.00,48,5.8,14.0,0.00,0.00,0.00,3,96,95,1,9,11.5,96,90,26.0,24.8,0,0.00,1017.5,1003.5
2022-06-03T03:00,15.9,0.00,51,5.8,13.3,0.00,0.00,0.00,3,96,96,0,3,10.5,97,94,25.0,23.8,0,0.00,1017.5,1003.4
2022-06-03T04:00,15.4,0.00,54,6.1,12.9,0.00,0.00,0.00,3,98,98,0,9,10.2,101,100,24.9,22.7,0,0.00,1017.4,1003.3
2022-06-03T05:00,15.4,0.00,57,7.0,12.8,0.00,0.00,0.00,3,100,100,0,0,12.2,96,88,26.8,24.8,1,0.00,1017.0,1002.9
2022-06-03T06:00,16.0,0.00,61,8.4,14.0,0.00,0.00,0.00,3,100,100,0,0,10.8,97,92,23.2,24.8,1,2024.17,1016.7,1002.6
2022-06-03T07:00,17.4,0.00,61,9.7,16.6,0.00,0.00,0.00,3,100,100,0,3,5.0,107,111,10.9,22.3,1,3600.00,1017.2,1003.2
2022-06-03T08:00,19.0,0.00,60,11.1,18.3,0.00,0.00,0.00,3,100,100,0,0,7.2,92,90,10.4,18.4,1,3600.00,1016.7,1002.8
2022-06-03T09:00,21.4,0.00,59,12.9,21.3,0.00,0.00,0.00,3,100,100,0,0,6.8,94,93,9.7,19.8,1,3600.00,1016.1,1002.3
2022-06-03T10:00,23.3,0.00,57,14.2,24.5,0.00,0.00,0.00,3,100,100,1,0,4.5,107,104,6.0,18.7,1,3600.00,1015.8,1002.1
2022-06-03T11:00,25.1,0.00,53,14.9,27.1,0.00,0.00,0.00,1,24,24,0,0,4.0,90,85,5.4,15.5,1,3600.00,1015.2,1001.6
2022-06-03T12:00,26.6,0.00,49,15.2,29.9,0.00,0.00,0.00,3,100,100,11,0,2.5,101,90,3.7,17.3,1,3600.00,1014.5,1001.0
2022-06-03T13:00,26.5,0.00,46,14.0,28.7,0.00,0.00,0.00,3,100,94,32,8,4.3,347,336,4.8,16.9,1,3600.00,1014.6,1001.1
2022-06-03T14:00,27.1,0.00,44,14.0,28.0,0.00,0.00,0.00,3,100,100,10,0,5.1,277,278,5.8,20.5,1,3600.00,1014.1,1000.6
2022-06-03T15:00,25.8,0.00,50,14.6,25.7,0.00,0.00,0.00,3,95,94,10,0,10.9,305,304,14.5,24.8,1,1800.00,1014.3,1000.7
2022-06-03T16:00,26.0,0.00,50,14.6,26.0,0.00,0.00,0.00,3,87,82,28,0,10.0,284,283,13.4,25.9,1,3600.00,1014.3,1000.7
2022-06-03T17:00,25.9,0.00,47,13.8,25.9,0.00,0.00,0.00,3,100,100,17,5,8.6,265,268,12.3,25.2,1,3600.00,1014.2,1000.6
2022-06-03T18:00,25.5,0.00,50,14.3,26.4,0.00,0.00,0.00,3,82,52,62,0,3.5,288,294,6.8,19.1,1,2475.42,1013.9,1000.3
2022-06-03T19:00,24.8,0.00,57,15.7,26.4,0.00,0.00,0.00,1,41,18,28,0,2.2,333,351,4.8,8.6,1,3600.00,1014.3,1000.7
2022-06-03T20:00,24.0,0.00,54,14.1,25.2,0.00,0.00,0.00,1,25,2,23,0,1.0,315,225,2.5,4.3,1,2352.27,1014.5,1000.8
2022-06-03T21:00,20.7,0.00,61,12.9,20.4,0.00,0.00,0.00,3,81,46,64,4,8.4,233,220,19.0,15.5,0,0.00,1015.6,1001.8
2022-06-03T22:00,19.7,0.00,71,14.4,20.1,0.00,0.00,0.00,3,98,97,45,10,6.8,242,198,10.6,18.4,0,0.00,1015.6,1001.7
2022-06-03T23:00,20.2,0.00,59,12.0,20.6,0.00,0.00,0.00,0,15,10,3,3,1.5,256,104,3.0,10.1,0,0.00,1015.9,1002.1
2022-06-04T00:00,16.8,0.00,78,12.9,17.0,0.00,0.00,0.00,0,11,11,0,0,4.5,138,119,5.4,7.9,0,0.00,1016.0,1002.0
2022-06-04T01:00,18.2,0.00,82,15.1,18.5,0.00,0.00,0.00,0,2,61,7,3,9.7,94,90,23.1,15.1,0,0.00,1016.1,1002.2
2022-06-04T02:00,16.8,0.00,89,15.0,17.7,0.00,0.00,0.00,3,100,100,43,11,5.0,36,360,12.4,19.4,0,0.00,1016.3,1002.3
2022-06-04T03:00,16.9,0.10,90,15.2,17.8,0.10,0.00,0.00,51,100,100,1,9,6.0,16,17,14.6,16.6,0,0.00,1016.5,1002.5
2022-06-04T04:00,15.6,0.00,94,14.7,16.6,0.00,0.00,0.00,3,100,100,0,3,4.2,88,110,11.2,12.2,0,0.00,1016.0,1001.9
2022-06-04T05:00,15.6,0.00,95,14.7,16.6,0.00,0.00,0.00,3,93,93,0,0,3.8,104,73,10.7,9.0,1,0.00,1016.4,1002.3
2022-06-04T06:00,17.2,0.00,90,15.5,18.1,0.00,0.00,0.00,3,100,100,0,0,6.4,68,47,10.5,12.6,1,3592.27,1016.9,1002.9
2022-06-04T07:00,18.5,0.00,87,16.3,20.4,0.00,0.00,0.00,3,100,100,2,0,1.4,120,180,2.9,12.2,1,0.00,1017.2,1003.3
2022-06-04T08:00,19.5,0.00,84,16.7,21.7,0.00,0.00,0.00,3,100,100,0,0,1.1,252,252,1.1,8.3,1,478.80,1017.4,1003.5
2022-06-04T09:00,21.0,0.00,77,16.9,23.1,0.00,0.00,0.00,3,83,66,2,49,2.5,166,172,3.0,11.9,1,3600.00,1017.6,1003.8
2022-06-04T10:00,23.1,0.00,68,16.8,24.9,0.00,0.00,0.00,2,61,19,4,49,4.3,47,48,5.9,14.8,1,3600.00,1017.5,1003.8
2022-06-04T11:00,24.9,0.00,60,16.6,27.3,0.00,0.00,0.00,3,90,17,80,39,7.1,26,24,9.2,22.7,1,3600.00,1017.4,1003.7
2022-06-04T12:00,24.9,0.10,61,16.9,27.2,0.10,0.00,0.00,51,100,71,14,100,2.9,162,173,3.4,22.3,1,3600.00,1017.7,1004.0
2022-06-04T13:00,20.8,3.60,91,19.2,24.1,3.60,0.00,0.00,63,87,6,39,0,1.1,84,72,3.3,29.9,1,3600.00,1018.4,1004.5
2022-06-04T14:00,23.0,0.00,75,18.3,26.0,0.00,0.00,0.00,3,96,73,82,19,0.0,135,270,0.5,14.0,1,1633.36,1018.0,1004.3
2022-06-04T15:00,24.0,0.10,67,17.5,26.7,0.10,0.00,0.00,51,71,57,26,10,3.6,13,6,4.8,16.6,1,3600.00,1018.1,1004.4
2022-06-04T16:00,24.6,0.00,61,16.5,26.4,0.00,0.00,0.00,2,74,62,28,7,3.3,22,6,3.9,14.4,1,3600.00,1017.9,1004.2
2022-06-04T17:00,24.8,0.00,56,15.3,26.1,0.00,0.00,0.00,1,39,18,22,4,3.4,31,18,4.2,12.2,1,3600.00,1017.5,1003.8
2022-06-04T18:00,24.9,0.00,55,15.2,26.0,0.00,0.00,0.00,0,13,5,9,0,4.4,59,55,6.3,11.2,1,3600.00,1017.5,1003.8
2022-06-04T19:00,24.0,0.00,66,17.1,26.0,0.00,0.00,0.00,1,34,29,4,3,3.6,97,90,9.4,11.2,1,3600.00,1017.9,1004.2
2022-06-04T20:00,21.8,0.00,69,15.9,22.8,0.00,0.00,0.00,0,13,7,6,1,6.5,103,93,15.5,12.6,1,2923.19,1018.0,1004.2
2022-06-04T21:00,20.4,0.00,72,15.1,20.8,0.00,0.00,0.00,1,25,23,3,0,9.0,104,95,21.1,18.4,0,0.00,1018.2,1004.3
2022-06-04T22:00,19.7,0.00,68,13.5,19.3,0.00,0.00,0.00,1,30,30,0,0,10.2,91,82,23.8,20.5,0,0.00,1017.9,1004.0
2022-06-04T23:00,19.0,0.00,68,12.9,18.3,0.00,0.00,0.00,3,100,100,0,0,10.5,93,84,24.5,21.6,0,0.00,1017.9,1004.0
2022-06-05T00:00,18.7,0.00,70,13.1,17.8,0.00,0.00,0.00,3,100,100,0,0,12.8,84,79,28.2,25.6,0,0.00,1017.7,1003.8
2022-06-05T01:00,19.3,0.00,81,15.9,19.1,0.00,0.00,0.00,3,85,100,0,0,15.1,92,90,28.8,28.8,0,0.00,1016.7,1002.8
2022-06-05T02:00,19.0,0.00,81,15.6,18.8,0.00,0.00,0.00,3,100,100,51,0,14.8,89,86,29.5,30.6,0,0.00,1016.2,1002.3
2022-06-05T03:00,19.2,0.00,78,15.3,18.7,0.00,0.00,0.00,3,100,100,22,0,15.2,94,95,29.6,30.6,0,0.00,1015.5,1001.6
2022-06-05T04:00,18.6,0.60,80,15.0,17.8,0.60,0.00,0.00,53,100,100,76,28,16.5,106,101,30.3,33.5,0,0.00,1015.6,1001.7
2022-06-05T05:00,18.4,0.20,82,15.3,17.1,0.20,0.00,0.00,51,100,100,85,0,21.3,92,93,37.8,43.6,1,0.00,1014.0,1000.1
2022-06-05T06:00,18.4,0.00,82,15.3,18.7,0.00,0.00,0.00,3,100,100,87,1,10.2,117,129,20.3,42.8,1,0.00,1015.3,1001.4
2022-06-05T07:00,18.3,0.20,84,15.6,19.3,0.20,0.00,0.00,51,100,100,100,5,6.5,110,109,13.8,21.2,1,0.00,1015.4,1001.5
2022-06-05T08:00,18.6,1.60,85,16.0,19.2,1.60,0.00,0.00,61,100,100,92,11,9.7,96,90,16.3,19.1,1,0.00,1015.2,1001.3
2022-06-05T09:00,19.2,1.60,86,16.8,19.9,1.60,0.00,0.00,61,100,100,95,5,11.2,100,94,18.3,23.4,1,0.00,1014.9,1001.0
2022-06-05T10:00,19.9,0.10,84,17.1,21.0,0.10,0.00,0.00,51,100,100,99,0,9.7,113,112,15.6,23.8,1,0.00,1014.3,1000.5
2022-06-05T11:00,21.3,0.10,79,17.5,22.7,0.10,0.00,0.00,51,100,1,100,0,9.0,151,151,12.7,24.1,1,1536.86,1014.3,1000.5
2022-06-05T12:00,22.4,0.00,75,17.7,24.1,0.00,0.00,0.00,3,100,15,100,30,7.4,228,227,10.2,21.6,1,0.00,1014.0,1000.3
2022-06-05T13:00,21.8,0.00,79,17.9,22.5,0.00,0.00,0.00,3,100,100,19,9,14.6,142,147,20.5,18.7,1,0.00,1013.2,999.5
2022-06-05T14:00,21.3,1.70,84,18.5,22.5,1.70,0.00,0.00,61,100,98,25,100,13.6,146,143,19.2,35.6,1,832.53,1012.4,998.7
2022-06-05T15:00,20.2,8.00,89,18.3,21.4,8.00,0.00,0.00,65,100,100,99,100,12.1,188,192,17.8,36.7,1,0.00,1013.3,999.5
2022-06-05T16:00,20.5,0.30,84,17.7,21.8,0.30,0.00,0.00,51,100,100,31,1,10.0,229,221,15.3,27.7,1,0.00,1013.3,999.5
2022-06-05T17:00,22.4,0.10,66,15.6,21.9,0.10,0.00,0.00,51,100,100,42,2,16.5,240,238,25.3,35.6,1,3600.00,1013.9,1000.2
2022-06-05T18:00,22.3,0.00,58,13.7,21.2,0.00,0.00,0.00,3,100,100,27,13,15.4,249,249,27.3,34.6,1,355.19,1014.1,1000.4
2022-06-05T19:00,20.9,0.00,63,13.7,19.5,0.00,0.00,0.00,3,100,100,21,4,17.7,259,258,30.1,42.1,1,591.29,1014.6,1000.8
2022-06-05T20:00,19.6,0.00,69,13.7,19.3,0.00,0.00,0.00,3,80,80,1,0,9.8,247,242,20.8,36.0,1,0.00,1014.6,1000.7
2022-06-05T21:00,18.3,0.00,74,13.5,18.1,0.00,0.00,0.00,0,4,0,4,0,9.3,243,242,21.7,22.3,0,0.00,1015.7,1001.8
2022-06-05T22:00,17.0,0.00,82,13.8,17.2,0.00,0.00,0.00,0,7,0,3,5,6.5,248,236,17.9,19.8,0,0.00,1016.4,1002.4
2022-06-05T23:00,16.5,0.00,85,13.9,16.6,0.00,0.00,0.00,1,25,0,15,12,7.4,238,223,18.8,15.8,0,0.00,1016.8,1002.8
2022-06-06T00:00,16.4,0.00,86,14.0,16.2,0.00,0.00,0.00,1,26,0,1,25,9.7,230,219,22.2,20.2,0,0.00,1017.3,1003.3
2022-06-06T01:00,16.4,0.00,88,14.5,15.9,0.00,0.00,0.00,1,31,0,23,13,13.7,222,215,26.0,22.0,0,0.00,1017.7,1003.6
2022-06-06T02:00,16.4,0.00,88,14.4,16.3,0.00,0.00,0.00,2,50,0,42,26,10.5,231,221,23.1,27.7,0,0.00,1016.8,1002.8
2022-06-06T03:00,16.2,0.00,89,14.4,16.3,0.00,0.00,0.00,1,48,0,45,9,9.0,229,217,20.2,22.3,0,0.00,1016.8,1002.7
2022-06-06T04:00,15.9,0.00,92,14.6,16.0,0.00,0.00,0.00,1,29,0,28,4,9.3,220,208,20.7,19.4,0,0.00,1016.7,1002.6
2022-06-06T05:00,15.4,0.00,94,14.5,15.1,0.00,0.00,0.00,0,7,0,6,3,11.9,221,215,24.5,24.5,1,0.00,1017.2,1003.1
2022-06-06T06:00,16.3,0.00,90,14.6,16.3,0.00,0.00,0.00,3,100,100,1,10,10.5,227,218,20.1,24.5,1,3600.00,1017.5,1003.4
2022-06-06T07:00,17.4,0.10,83,14.6,17.3,0.10,0.00,0.00,51,98,96,8,42,11.2,230,228,16.4,26.6,1,3600.00,1017.8,1003.8
2022-06-06T08:00,18.1,0.00,80,14.5,17.7,0.00,0.00,0.00,3,100,84,18,100,13.0,239,236,18.9,34.6,1,3391.40,1018.3,1004.3
2022-06-06T09:00,19.2,0.00,70,13.7,18.0,0.00,0.00,0.00,3,94,83,18,54,16.4,245,244,23.4,38.9,1,2314.25,1018.4,1004.5
2022-06-06T10:00,20.2,0.20,66,13.6,18.8,0.20,0.00,0.00,51,47,0,39,14,16.9,244,243,23.7,37.1,1,3600.00,1018.0,1004.1
2022-06-06T11:00,21.5,0.10,52,11.2,20.2,0.10,0.00,0.00,51,24,0,24,0,15.7,251,250,21.7,37.8,1,3600.00,1017.6,1003.8
2022-06-06T12:00,22.6,0.00,46,10.3,21.4,0.00,0.00,0.00,3,100,0,100,3,16.7,251,251,22.9,41.8,1,3600.00,1017.3,1003.5
2022-06-06T13:00,20.9,0.00,57,12.1,19.2,0.00,0.00,0.00,2,78,11,63,9,15.6,230,230,24.0,38.2,1,3248.21,1016.7,1002.9
2022-06-06T14:00,22.4,0.10,48,10.8,20.2,0.10,0.00,0.00,51,77,56,41,20,18.6,238,238,26.2,39.6,1,3600.00,1016.3,1002.6
2022-06-06T15:00,23.0,0.10,45,10.4,20.5,0.10,0.00,0.00,51,38,1,36,10,18.4,240,239,26.3,40.7,1,3600.00,1015.8,1002.1
2022-06-06T16:00,23.2,0.00,44,10.3,20.3,0.00,0.00,0.00,1,29,0,28,6,20.8,237,236,30.0,45.0,1,3600.00,1015.4,1001.7
2022-06-06T17:00,23.1,0.00,42,9.6,20.5,0.00,0.00,0.00,0,16,3,13,0,17.1,242,242,25.3,44.3,1,3600.00,1015.1,1001.4
2022-06-06T18:00,22.4,0.00,43,9.2,19.6,0.00,0.00,0.00,2,55,30,22,20,17.8,253,252,26.8,37.4,1,3600.00,1015.1,1001.4
2022-06-06T19:00,21.1,0.00,48,9.7,18.8,0.00,0.00,0.00,1,25,0,24,9,14.9,251,250,25.5,37.8,1,3600.00,1015.6,1001.8
2022-06-06T20:00,19.4,0.00,53,9.5,17.8,0.00,0.00,0.00,1,35,16,21,12,10.4,254,250,21.8,31.3,1,2760.68,1015.9,1002.0
2022-06-06T21:00,17.8,0.00,59,9.6,16.6,0.00,0.00,0.00,2,69,65,10,4,7.3,262,259,19.7,22.0,0,0.00,1016.4,1002.4
2022-06-06T22:00,16.4,0.00,67,10.1,15.6,0.00,0.00,0.00,3,100,95,100,69,5.9,264,259,16.7,15.5,0,0.00,1016.4,1002.4
2022-06-06T23:00,17.4,0.00,62,10.0,16.6,0.00,0.00,0.00,3,100,92,100,36,5.4,264,250,16.3,12.2,0,0.00,1016.2,1002.2
2022-06-07T00:00,17.5,0.00,59,9.5,16.0,0.00,0.00,0.00,3,100,71,100,58,9.5,269,259,19.4,19.1,0,0.00,1016.5,1002.5
2022-06-07T01:00,15.5,0.40,74,10.9,14.6,0.40,0.00,0.00,51,100,11,100,2,8.1,269,249,14.8,20.2,0,0.00,1016.2,1002.1
2022-06-07T02:00,15.7,0.30,82,12.6,15.8,0.30,0.00,0.00,51,98,35,98,0,4.7,268,266,9.0,17.3,0,0.00,1016.2,1002.1
2022-06-07T03:00,15.8,0.00,77,11.8,15.5,0.00,0.00,0.00,3,97,54,96,1,5.8,202,176,11.3,10.8,0,0.00,1016.1,1002.0
2022-06-07T04:00,15.0,0.00,83,12.1,14.5,0.00,0.00,0.00,3,100,1,100,12,8.2,211,195,18.4,16.9,0,0.00,1016.0,1001.9
2022-06-07T05:00,15.4,0.00,82,12.4,15.0,0.00,0.00,0.00,2,75,1,73,6,8.0,224,216,16.5,17.3,1,0.00,1015.8,1001.7
2022-06-07T06:00,15.8,0.00,82,12.8,15.6,0.00,0.00,0.00,1,23,0,0,23,7.4,231,223,13.8,17.6,1,2118.38,1016.0,1001.9
2022-06-07T07:00,16.9,0.00,78,13.0,16.7,0.00,0.00,0.00,0,1,0,0,1,7.9,230,227,11.2,19.1,1,3600.00,1016.0,1002.0
2022-06-07T08:00,18.1,0.00,71,12.9,17.5,0.00,0.00,0.00,0,10,1,6,4,10.6,237,235,14.6,25.6,1,3600.00,1016.1,1002.2
2022-06-07T09:00,19.0,0.20,65,12.3,17.9,0.20,0.00,0.00,51,37,1,31,16,12.2,242,242,16.3,28.1,1,3600.00,1015.6,1001.7
2022-06-07T10:00,19.9,0.20,59,11.8,18.7,0.20,0.00,0.00,51,26,0,17,17,11.9,245,245,16.3,28.4,1,3600.00,1015.2,1001.3
2022-06-07T11:00,21.3,0.00,53,11.2,20.7,0.00,0.00,0.00,1,22,0,20,8,11.8,247,247,16.0,28.8,1,3600.00,1014.8,1001.0
2022-06-07T12:00,22.3,0.00,47,10.5,21.9,0.00,0.00,0.00,1,21,0,19,3,11.6,249,248,15.8,28.8,1,3600.00,1014.4,1000.7
2022-06-07T13:00,20.7,0.00,57,12.0,20.7,0.00,0.00,0.00,1,24,10,50,0,13.4,234,234,18.3,29.2,1,3600.00,1014.9,1001.1
2022-06-07T14:00,21.1,0.00,59,12.8,20.7,0.00,0.00,0.00,3,96,90,49,32,8.4,259,263,11.4,29.9,1,3600.00,1014.5,1000.7
2022-06-07T15:00,20.9,0.20,63,13.7,20.9,0.20,0.00,0.00,51,36,25,13,2,9.7,314,318,12.0,30.6,1,3600.00,1013.9,1000.1
2022-06-07T16:00,21.4,0.00,62,13.7,21.9,0.00,0.00,0.00,1,35,16,23,0,4.3,340,336,5.4,24.5,1,3600.00,1013.4,999.6
2022-06-07T17:00,18.2,2.80,79,14.4,18.6,2.80,0.00,0.00,63,98,82,88,6,6.9,272,279,11.2,31.0,1,3600.00,1014.3,1000.4
2022-06-07T18:00,18.3,0.00,79,14.6,19.2,0.00,0.00,0.00,1,45,35,13,12,4.0,193,185,6.3,18.4,1,1512.48,1013.9,1000.0
2022-06-07T19:00,19.0,0.00,77,14.9,19.7,0.00,0.00,0.00,0,19,6,4,12,5.9,178,169,8.6,14.8,1,3600.00,1014.1,1000.2
2022-06-07T20:00,16.9,3.10,86,14.6,17.3,3.10,0.00,0.00,63,59,9,48,20,7.4,183,151,14.4,15.1,1,2774.28,1014.6,1000.6
2022-06-07T21:00,16.5,0.00,86,14.2,16.5,0.00,0.00,0.00,1,44,2,35,12,9.4,200,180,19.9,18.7,0,0.00,1014.5,1000.5
2022-06-07T22:00,16.2,0.00,85,13.6,15.9,0.00,0.00,0.00,2,55,0,49,17,10.3,221,209,22.7,20.5,0,0.00,1014.4,1000.4
2022-06-07T23:00,15.9,0.00,85,13.5,15.6,0.00,0.00,0.00,1,40,0,28,16,9.9,223,213,21.7,20.9,0,0.00,1014.3,1000.3
2022-06-08T00:00,15.1,0.00,88,13.2,14.8,0.00,0.00,0.00,1,37,0,29,12,9.0,224,209,21.4,20.5,0,0.00,1014.1,1000.0
2022-06-08T01:00,15.0,0.00,93,13.8,14.7,0.00,0.00,0.00,0,18,16,28,2,10.2,216,203,23.2,19.8,0,0.00,1013.7,999.6
2022-06-08T02:00,14.8,0.00,92,13.4,14.4,0.00,0.00,0.00,2,54,24,26,19,10.2,214,203,23.1,21.2,0,0.00,1013.2,999.1
2022-06-08T03:00,14.4,0.00,92,13.1,14.2,0.00,0.00,0.00,2,78,33,34,54,8.0,218,207,19.5,21.2,0,0.00,1013.0,998.9
2022-06-08T04:00,14.3,0.00,92,13.0,14.1,0.00,0.00,0.00,3,100,99,31,27,7.9,212,196,18.8,16.9,0,0.00,1012.7,998.6
2022-06-08T05:00,14.3,0.00,91,12.8,13.9,0.00,0.00,0.00,3,100,100,19,0,8.7,204,185,18.9,17.6,1,0.00,1012.3,998.2
2022-06-08T06:00,14.9,0.00,89,13.0,14.5,0.00,0.00,0.00,3,100,100,20,0,9.1,213,198,19.8,20.2,1,149.26,1012.5,998.4
2022-06-08T07:00,16.0,0.00,83,13.1,15.9,0.00,0.00,0.00,1,46,29,22,2,7.5,203,197,12.1,19.1,1,3600.00,1012.3,998.3
2022-06-08T08:00,17.6,0.10,75,13.2,17.4,0.10,0.00,0.00,51,56,40,22,7,8.6,200,195,12.6,21.6,1,3600.00,1011.9,998.0
2022-06-08T09:00,19.3,0.00,68,13.1,18.8,0.00,0.00,0.00,0,19,8,9,3,10.0,208,206,13.8,24.5,1,3600.00,1011.3,997.5
2022-06-08T10:00,20.5,0.10,59,12.1,19.7,0.10,0.00,0.00,51,100,100,36,5,12.3,214,212,16.9,29.5,1,3600.00,1010.4,996.6
2022-06-08T11:00,21.1,0.10,52,10.9,19.4,0.10,0.00,0.00,51,100,100,79,16,13.0,218,219,17.9,29.9,1,3600.00,1009.9,996.2
2022-06-08T12:00,21.4,0.00,50,10.5,19.4,0.00,0.00,0.00,3,96,75,78,40,14.8,229,229,20.7,32.8,1,2822.00,1009.5,995.8
2022-06-08T13:00,22.5,0.00,45,10.0,20.8,0.00,0.00,0.00,3,100,100,100,12,11.6,187,187,15.6,33.8,1,3600.00,1008.6,995.0
2022-06-08T14:00,20.2,0.60,58,11.6,19.2,0.60,0.00,0.00,53,100,100,19,1,9.7,130,121,13.6,25.9,1,0.00,1008.4,994.7
2022-06-08T15:00,22.2,0.00,45,9.8,21.1,0.00,0.00,0.00,3,100,100,100,8,7.1,161,156,9.9,23.0,1,3600.00,1007.8,994.2
2022-06-08T16:00,18.5,0.40,69,12.8,16.1,0.40,0.00,0.00,51,100,100,100,23,22.2,244,243,32.8,44.6,1,0.00,1008.8,995.0
2022-06-08T17:00,16.5,1.60,91,14.9,17.4,1.60,0.00,0.00,61,100,100,100,0,5.1,245,231,13.5,45.0,1,0.00,1008.8,994.9
2022-06-08T18:00,16.4,0.60,90,14.7,16.2,0.60,0.00,0.00,53,100,100,100,30,12.0,228,224,20.9,24.1,1,0.00,1008.7,994.8
2022-06-08T19:00,15.9,0.90,90,14.3,15.3,0.90,0.00,0.00,53,100,100,100,38,13.2,229,227,23.0,28.4,1,0.00,1008.9,994.9
2022-06-08T20:00,15.5,1.40,89,13.6,14.6,1.40,0.00,0.00,61,100,100,93,87,14.0,235,235,23.8,29.5,1,0.00,1009.1,995.1
2022-06-08T21:00,15.3,0.00,92,14.0,14.9,0.00,0.00,0.00,0,19,12,6,3,11.4,252,246,20.0,29.2,0,0.00,1010.0,996.0
2022-06-08T22:00,14.2,0.00,93,13.0,13.9,0.00,0.00,0.00,1,43,26,22,0,8.6,262,255,19.7,23.4,0,0.00,1010.6,996.5
2022-06-08T23:00,13.0,0.00,94,12.0,12.8,0.00,0.00,0.00,1,26,4,22,3,5.6,264,255,15.9,18.4,0,0.00,1010.8,996.7
2022-06-09T00:00,12.1,0.00,95,11.3,11.7,0.00,0.00,0.00,3,80,5,79,7,5.4,248,228,12.8,12.6,0,0.00,1011.0,996.8
2022-06-09T01:00,14.6,0.00,95,13.8,14.4,0.00,0.00,0.00,1,41,99,82,26,9.2,227,219,18.6,11.9,0,0.00,1011.0,997.0
2022-06-09T02:00,14.3,0.00,96,13.6,14.2,0.00,0.00,0.00,3,100,100,9,11,8.2,243,229,16.6,19.8,0,0.00,1011.3,997.2
2022-06-09T03:00,13.6,0.00,96,13.0,13.6,0.00,0.00,0.00,1,49,25,29,4,6.9,238,223,15.7,17.6,0,0.00,1011.6,997.5
2022-06-09T04:00,13.0,0.00,96,12.3,12.7,0.00,0.00,0.00,1,39,1,27,17,6.9,238,223,16.5,15.1,0,0.00,1012.2,998.1
2022-06-09T05:00,12.8,0.00,95,12.0,12.3,0.00,0.00,0.00,1,28,0,0,28,7.9,236,227,17.4,16.6,1,0.00,1012.5,998.3
2022-06-09T06:00,13.6,0.00,91,12.1,12.6,0.00,0.00,0.00,2,50,0,3,50,11.1,248,245,16.6,23.0,1,3600.00,1013.0,998.9
2022-06-09T07:00,14.3,0.00,86,12.0,13.5,0.00,0.00,0.00,1,43,0,16,40,9.8,250,246,13.4,24.1,1,3600.00,1013.9,999.8
2022-06-09T08:00,15.2,0.00,80,11.8,14.0,0.00,0.00,0.00,3,100,0,19,100,12.0,264,261,16.3,29.9,1,3600.00,1014.5,1000.4
2022-06-09T09:00,15.8,0.00,75,11.4,14.2,0.00,0.00,0.00,3,100,0,70,100,13.3,274,273,18.8,33.8,1,2649.90,1014.8,1000.8
2022-06-09T10:00,16.0,0.00,72,10.9,14.2,0.00,0.00,0.00,3,100,0,41,100,14.1,275,274,19.5,34.2,1,177.13,1015.2,1001.2
2022-06-09T11:00,16.9,0.00,67,10.7,15.1,0.00,0.00,0.00,2,70,0,14,65,13.7,273,273,19.1,34.2,1,832.75,1015.4,1001.4
2022-06-09T12:00,18.9,0.00,60,10.9,18.0,0.00,0.00,0.00,2,51,0,18,40,14.3,282,282,19.5,35.6,1,3600.00,1015.5,1001.6
2022-06-09T13:00,18.9,0.00,59,10.8,18.0,0.00,0.00,0.00,3,100,0,47,15,15.3,293,294,20.8,35.3,1,3600.00,1016.0,1002.1
2022-06-09T14:00,19.4,0.00,57,10.6,18.0,0.00,0.00,0.00,2,72,0,38,55,14.9,306,307,20.4,36.0,1,3600.00,1016.4,1002.5
2022-06-09T15:00,19.3,0.20,55,10.0,17.8,0.20,0.00,0.00,51,29,3,24,3,12.2,290,289,16.5,35.6,1,3600.00,1016.9,1003.0
2022-06-09T16:00,19.9,0.00,53,10.1,18.5,0.00,0.00,0.00,2,54,31,31,5,10.6,297,294,14.5,29.5,1,3600.00,1017.2,1003.3
2022-06-09T17:00,17.7,0.70,68,11.7,15.9,0.70,0.00,0.00,53,89,28,87,29,15.6,329,326,22.6,34.2,1,3600.00,1018.2,1004.2
2022-06-09T18:00,17.3,0.10,68,11.4,16.7,0.10,0.00,0.00,51,41,1,40,2,6.5,297,289,9.7,33.8,1,3600.00,1018.3,1004.3
2022-06-09T19:00,17.4,0.00,72,12.2,17.5,0.00,0.00,0.00,0,12,2,4,8,4.0,272,260,8.3,15.1,1,3600.00,1018.8,1004.8
2022-06-09T20:00,15.4,0.00,85,12.9,15.6,0.00,0.00,0.00,0,19,0,19,0,4.9,291,287,8.9,10.1,1,3143.87,1019.6,1005.5
2022-06-09T21:00,16.2,0.00,78,12.3,16.1,0.00,0.00,0.00,1,21,0,20,1,5.1,336,352,7.1,10.1,0,0.00,1020.2,1006.1
2022-06-09T22:00,15.6,0.00,78,11.8,15.5,0.00,0.00,0.00,1,27,0,27,1,4.3,351,48,7.3,8.3,0,0.00,1020.9,1006.8
2022-06-09T23:00,15.6,0.00,75,11.2,15.4,0.00,0.00,0.00,0,6,0,6,0,3.4,336,58,7.1,7.6,0,0.00,1021.4,1007.3
2022-06-10T00:00,15.4,0.00,74,10.7,15.3,0.00,0.00,0.00,0,5,0,5,0,1.8,315,53,5.1,6.1,0,0.00,1021.7,1007.5
2022-06-10T01:00,11.6,0.00,90,10.1,10.8,0.00,0.00,0.00,0,4,0,2,0,5.6,171,117,4.7,4.3,0,0.00,1022.3,1007.9
2022-06-10T02:00,11.5,0.00,89,9.7,10.7,0.00,0.00,0.00,0,2,0,2,0,5.1,151,129,7.4,9.7,0,0.00,1022.5,1008.1
2022-06-10T03:00,10.8,0.00,91,9.4,9.6,0.00,0.00,0.00,0,1,0,0,1,7.2,187,153,12.7,13.0,0,0.00,1022.9,1008.5
2022-06-10T04:00,10.3,0.00,94,9.4,9.1,0.00,0.00,0.00,0,1,0,0,1,6.6,189,151,13.8,14.4,0,0.00,1023.4,1009.0
2022-06-10T05:00,10.6,0.00,94,9.7,9.7,0.00,0.00,0.00,0,0,0,0,0,5.4,199,160,13.0,12.6,1,0.00,1023.8,1009.4
2022-06-10T06:00,12.1,0.00,91,10.7,11.6,0.00,0.00,0.00,0,0,0,0,0,4.7,206,157,9.2,10.8,1,3600.00,1024.3,1009.9
2022-06-10T07:00,13.9,0.00,86,11.5,13.6,0.00,0.00,0.00,0,0,0,0,0,4.7,164,157,6.4,13.3,1,3600.00,1024.4,1010.1
2022-06-10T08:00,15.8,0.00,80,12.3,15.8,0.00,0.00,0.00,0,0,0,0,0,4.7,177,176,6.1,15.1,1,3600.00,1024.5,1010.3
2022-06-10T09:00,17.6,0.00,74,12.9,17.9,0.00,0.00,0.00,0,0,0,0,0,4.5,191,194,5.5,15.8,1,3600.00,1024.4,1010.3
2022-06-10T10:00,19.4,0.00,66,12.9,20.6,0.00,0.00,0.00,0,5,0,3,2,4.5,210,209,5.8,16.9,1,3600.00,1024.1,1010.1
2022-06-10T11:00,20.9,0.00,56,11.8,22.2,0.00,0.00,0.00,0,4,0,3,1,4.9,216,216,6.2,17.6,1,3600.00,1023.8,1009.9
2022-06-10T12:00,22.0,0.00,47,10.3,23.1,0.00,0.00,0.00,0,2,0,1,1,5.6,221,225,7.1,18.7,1,3600.00,1023.5,1009.6
2022-06-10T13:00,23.1,0.00,43,9.8,24.0,0.00,0.00,0.00,0,3,0,0,0,5.9,219,218,7.4,18.7,1,3600.00,1023.5,1009.7
2022-06-10T14:00,23.9,0.00,39,9.2,24.6,0.00,0.00,0.00,1,23,12,12,0,6.0,210,213,7.9,18.7,1,3600.00,1022.9,1009.1
2022-06-10T15:00,24.2,0.00,35,7.9,23.8,0.00,0.00,0.00,0,5,0,5,0,7.3,233,237,9.5,19.4,1,3600.00,1022.5,1008.7
2022-06-10T16:00,24.4,0.00,33,7.3,22.9,0.00,0.00,0.00,2,53,0,52,7,7.6,248,251,10.5,19.8,1,3600.00,1022.2,1008.5
2022-06-10T17:00,24.4,0.00,34,7.7,22.9,0.00,0.00,0.00,0,19,0,19,0,6.2,259,263,9.2,19.4,1,3600.00,1021.8,1008.1
2022-06-10T18:00,24.1,0.00,41,9.9,23.6,0.00,0.00,0.00,2,76,0,76,0,3.3,227,229,6.9,14.8,1,3600.00,1021.4,1007.7
2022-06-10T19:00,22.4,0.00,52,12.0,22.2,0.00,0.00,0.00,1,24,9,16,0,5.4,196,188,13.1,11.5,1,3059.48,1021.5,1007.7
2022-06-10T20:00,19.8,0.00,58,11.4,19.3,0.00,0.00,0.00,1,38,29,12,0,6.3,219,204,16.6,13.0,1,3180.94,1021.8,1007.9
2022-06-10T21:00,17.9,0.00,61,10.3,16.9,0.00,0.00,0.00,1,39,32,10,0,7.2,237,186,12.0,12.6,0,0.00,1022.2,1008.2
2022-06-10T22:00,16.3,0.00,66,9.9,15.5,0.00,0.00,0.00,0,9,0,9,0,5.6,186,117,3.3,11.2,0,0.00,1022.3,1008.2
2022-06-10T23:00,15.6,0.00,73,10.7,15.1,0.00,0.00,0.00,0,0,0,0,0,4.8,159,117,6.2,9.0,0,0.00,1022.6,1008.4
2022-06-11T00:00,14.7,0.00,79,11.0,14.3,0.00,0.00,0.00,0,0,0,0,0,5.0,196,111,2.6,8.6,0,0.00,1022.6,1008.4
2022-06-11T01:00,13.8,0.00,84,11.2,13.7,0.00,0.00,0.00,0,0,0,1,0,3.0,23,104,2.7,6.8,0,0.00,1022.6,1008.4
2022-06-11T02:00,12.9,0.00,85,10.5,12.3,0.00,0.00,0.00,0,13,0,13,0,5.2,121,106,2.1,7.6,0,0.00,1022.7,1008.4
2022-06-11T03:00,12.2,0.00,87,10.1,11.6,0.00,0.00,0.00,1,32,0,32,7,4.6,157,108,4.7,8.6,0,0.00,1022.8,1008.5
2022-06-11T04:00,12.8,0.00,84,10.2,12.1,0.00,0.00,0.00,3,100,0,100,54,5.1,137,98,5.9,10.4,0,0.00,1022.9,1008.6
2022-06-11T05:00,13.4,0.00,83,10.5,12.7,0.00,0.00,0.00,2,71,0,49,69,5.9,141,104,6.9,11.2,1,0.00,1023.2,1008.9
2022-06-11T06:00,14.8,0.00,80,11.5,14.2,0.00,0.00,0.00,0,16,0,0,16,7.1,142,120,8.2,13.3,1,1476.13,1023.3,1009.1
2022-06-11T07:00,16.9,0.00,76,12.6,17.0,0.00,0.00,0.00,1,34,0,0,34,5.2,163,155,8.7,13.7,1,3600.00,1023.4,1009.3
2022-06-11T08:00,19.1,0.00,67,12.9,19.3,0.00,0.00,0.00,0,0,0,0,0,4.8,164,167,6.7,14.8,1,3600.00,1023.6,1009.6
2022-06-11T09:00,21.2,0.00,60,13.3,21.7,0.00,0.00,0.00,0,2,0,0,2,4.0,184,185,4.7,15.1,1,3600.00,1023.6,1009.7
2022-06-11T10:00,23.0,0.00,55,13.4,24.5,0.00,0.00,0.00,0,0,0,0,0,3.4,200,198,4.2,14.4,1,3600.00,1023.5,1009.7
2022-06-11T11:00,24.4,0.00,48,12.6,25.4,0.00,0.00,0.00,2,58,0,56,55,6.0,241,245,7.4,17.6,1,3600.00,1023.2,1009.4
2022-06-11T12:00,24.9,0.00,45,12.1,25.0,0.00,0.00,0.00,3,100,0,100,77,7.7,257,259,10.0,20.5,1,3600.00,1022.9,1009.2
2022-06-11T13:00,24.7,0.00,48,12.9,25.1,0.00,0.00,0.00,3,100,0,54,0,3.9,236,236,5.2,20.5,1,3600.00,1022.9,1009.2
2022-06-11T14:00,25.9,0.00,45,13.0,27.5,0.00,0.00,0.00,2,70,0,69,1,3.2,239,243,4.2,14.4,1,3600.00,1022.6,1008.9
2022-06-11T15:00,26.1,0.00,44,12.9,26.6,0.00,0.00,0.00,2,77,0,77,16,4.8,257,257,6.3,14.8,1,3600.00,1022.3,1008.6
2022-06-11T16:00,26.2,0.00,43,12.8,26.3,0.00,0.00,0.00,2,59,0,59,0,5.6,257,255,7.8,15.5,1,3600.00,1021.9,1008.2
2022-06-11T17:00,26.5,0.00,42,12.7,26.6,0.00,0.00,0.00,1,23,0,23,0,5.0,242,240,6.9,15.1,1,3600.00,1021.5,1007.9
2022-06-11T18:00,26.5,0.00,47,14.2,27.3,0.00,0.00,0.00,1,34,0,34,3,3.4,225,212,6.1,12.2,1,3600.00,1021.2,1007.6
2022-06-11T19:00,25.1,0.00,58,16.1,26.6,0.00,0.00,0.00,1,25,0,25,0,4.0,180,153,8.6,8.6,1,3600.00,1021.0,1007.3
2022-06-11T20:00,22.1,0.00,63,14.8,22.9,0.00,0.00,0.00,0,16,0,16,0,5.5,182,148,12.6,10.4,1,3215.42,1021.2,1007.4
2022-06-11T21:00,20.6,0.00,66,14.0,20.9,0.00,0.00,0.00,0,17,0,17,0,7.2,195,162,16.4,13.7,0,0.00,1021.6,1007.7
2022-06-11T22:00,19.4,0.00,71,14.1,19.9,0.00,0.00,0.00,0,7,0,7,0,6.0,200,147,12.6,14.4,0,0.00,1021.9,1007.9
2022-06-11T23:00,17.7,0.00,79,14.1,18.3,0.00,0.00,0.00,0,4,0,4,0,4.8,220,132,8.4,10.8,0,0.00,1022.0,1008.0
2022-06-12T00:00,17.7,0.00,76,13.5,18.4,0.00,0.00,0.00,0,1,0,1,0,2.9,270,120,4.3,8.3,0,0.00,1022.2,1008.1
2022-06-12T01:00,19.1,0.00,67,12.9,19.8,0.00,0.00,0.00,0,0,0,0,0,1.8,277,101,2.9,4.7,0,0.00,1022.2,1008.2
2022-06-12T02:00,16.1,0.00,81,12.8,16.2,0.00,0.00,0.00,0,0,0,0,0,4.8,70,103,5.4,9.0,0,0.00,1022.1,1008.0
2022-06-12T03:00,14.0,0.00,89,12.3,14.1,0.00,0.00,0.00,0,0,0,0,0,4.0,48,90,4.3,9.7,0,0.00,1022.1,1007.9
2022-06-12T04:00,13.8,0.00,89,11.9,14.0,0.00,0.00,0.00,0,3,0,3,0,2.5,297,90,1.6,6.5,0,0.00,1022.2,1008.0
2022-06-12T05:00,14.1,0.00,88,12.2,14.2,0.00,0.00,0.00,0,2,0,2,1,4.0,317,27,7.9,6.1,1,0.00,1022.6,1008.4
2022-06-12T06:00,16.6,0.00,81,13.3,17.1,0.00,0.00,0.00,0,1,0,0,1,3.5,338,24,7.8,7.2,1,3600.00,1022.4,1008.3
2022-06-12T07:00,18.7,0.00,75,14.1,19.5,0.00,0.00,0.00,0,8,1,6,6,3.3,326,311,6.5,10.1,1,3600.00,1022.5,1008.5
2022-06-12T08:00,20.4,0.00,69,14.5,21.3,0.00,0.00,0.00,0,0,0,0,0,3.8,321,311,5.1,13.7,1,3600.00,1022.6,1008.7
2022-06-12T09:00,22.3,0.00,63,14.9,23.4,0.00,0.00,0.00,0,0,0,0,0,3.5,299,294,4.5,14.4,1,3600.00,1022.5,1008.7
2022-06-12T10:00,24.1,0.00,56,14.7,25.8,0.00,0.00,0.00,0,0,0,0,0,4.7,295,293,6.0,16.2,1,3600.00,1022.0,1008.2
2022-06-12T11:00,25.3,0.00,51,14.4,27.1,0.00,0.00,0.00,1,20,0,19,1,7.1,296,294,9.2,20.5,1,3600.00,1021.9,1008.2
2022-06-12T12:00,26.1,0.00,49,14.4,27.8,0.00,0.00,0.00,0,19,7,12,2,8.1,301,302,10.5,25.6,1,3600.00,1021.2,1007.6
2022-06-12T13:00,27.2,0.10,44,13.9,28.2,0.10,0.00,0.00,51,41,0,13,0,9.8,294,294,12.6,24.1,1,3600.00,1020.4,1006.8
2022-06-12T14:00,27.6,0.00,40,12.9,28.6,0.00,0.00,0.00,1,22,1,22,0,8.1,289,291,11.0,24.8,1,3600.00,1019.7,1006.1
2022-06-12T15:00,28.3,0.00,38,12.8,29.1,0.00,0.00,0.00,0,16,4,13,0,7.6,266,265,10.1,23.4,1,3600.00,1018.9,1005.4
2022-06-12T16:00,28.3,0.00,38,12.5,27.8,0.00,0.00,0.00,1,48,19,36,2,10.9,264,264,14.8,24.8,1,3600.00,1018.4,1004.9
2022-06-12T17:00,27.3,0.00,40,12.3,26.1,0.00,0.00,0.00,1,34,3,32,2,12.6,273,273,18.4,28.1,1,3600.00,1018.0,1004.4
2022-06-12T18:00,26.4,0.00,42,12.5,25.8,0.00,0.00,0.00,0,5,0,5,0,9.5,280,279,16.5,28.1,1,3600.00,1017.4,1003.8
2022-06-12T19:00,25.5,0.00,45,12.9,25.2,0.00,0.00,0.00,0,1,1,0,0,8.0,289,288,17.9,21.2,1,3600.00,1017.6,1004.0
2022-06-12T20:00,23.1,0.00,50,12.0,22.5,0.00,0.00,0.00,2,56,55,1,0,8.2,306,308,20.9,18.7,1,3247.51,1018.0,1004.3
2022-06-12T21:00,21.5,0.00,52,11.2,20.7,0.00,0.00,0.00,3,94,93,12,0,7.6,322,329,19.7,17.3,0,0.00,1018.1,1004.3
2022-06-12T22:00,20.7,0.00,49,9.6,19.3,0.00,0.00,0.00,3,99,98,64,0,8.7,338,315,20.5,22.3,0,0.00,1018.7,1004.8
2022-06-12T23:00,19.7,0.00,53,9.9,18.3,0.00,0.00,0.00,2,68,39,49,0,9.2,345,329,19.4,20.2,0,0.00,1019.2,1005.3
2022-06-13T00:00,18.1,0.00,62,10.6,17.3,0.00,0.00,0.00,2,54,0,54,0,6.5,327,304,15.4,19.1,0,0.00,1019.5,1005.5
2022-06-13T01:00,17.6,0.00,64,10.8,17.1,0.00,0.00,0.00,0,2,0,26,0,4.9,276,216,3.6,14.4,0,0.00,1018.5,1004.5
2022-06-13T02:00,16.9,0.00,65,10.3,15.8,0.00,0.00,0.00,1,30,0,30,0,7.7,315,298,17.8,15.1,0,0.00,1018.8,1004.8
2022-06-13T03:00,15.7,0.00,68,9.7,14.3,0.00,0.00,0.00,0,0,0,0,0,9.2,339,334,21.7,19.4,0,0.00,1018.8,1004.7
2022-06-13T04:00,14.7,0.00,74,10.1,13.2,0.00,0.00,0.00,0,0,0,0,0,10.5,335,333,23.4,21.2,0,0.00,1019.1,1004.9
2022-06-13T05:00,14.4,0.00,77,10.5,13.1,0.00,0.00,0.00,0,2,0,1,1,10.2,334,328,22.1,21.2,1,0.00,1019.7,1005.5
2022-06-13T06:00,15.4,0.00,74,10.8,14.0,0.00,0.00,0.00,0,12,0,5,11,11.1,341,335,22.1,24.1,1,3600.00,1020.4,1006.3
2022-06-13T07:00,16.7,0.00,68,10.8,15.3,0.00,0.00,0.00,0,11,0,3,10,11.3,333,329,16.9,25.2,1,3600.00,1020.9,1006.8
2022-06-13T08:00,18.2,0.00,59,10.1,16.5,0.00,0.00,0.00,0,6,0,0,6,11.5,332,328,15.9,26.6,1,3600.00,1021.3,1007.3
2022-06-13T09:00,19.3,0.00,49,8.4,17.3,0.00,0.00,0.00,0,3,0,0,3,10.7,320,318,14.6,26.6,1,3600.00,1021.4,1007.4
2022-06-13T10:00,20.3,0.00,42,7.1,18.8,0.00,0.00,0.00,0,0,0,0,0,11.2,302,303,14.9,27.7,1,3600.00,1021.4,1007.5
2022-06-13T11:00,21.5,0.00,38,6.5,20.2,0.00,0.00,0.00,1,47,0,46,2,12.9,306,306,17.3,30.2,1,3600.00,1021.4,1007.5
2022-06-13T12:00,22.7,0.00,33,5.5,20.5,0.00,0.00,0.00,3,97,0,97,0,16.2,307,307,22.1,36.4,1,3600.00,1020.8,1007.0
2022-06-13T13:00,22.2,0.00,37,6.9,19.4,0.00,0.00,0.00,2,50,0,29,0,13.5,317,316,17.8,36.7,1,3600.00,1021.2,1007.4
2022-06-13T14:00,23.3,0.00,34,6.3,21.1,0.00,0.00,0.00,2,51,0,51,0,14.2,298,297,19.2,32.0,1,3600.00,1021.0,1007.2
2022-06-13T15:00,23.2,0.00,32,5.5,19.9,0.00,0.00,0.00,3,100,0,100,0,15.0,298,297,21.3,32.8,1,3600.00,1020.8,1007.0
2022-06-13T16:00,23.1,0.00,31,5.1,19.5,0.00,0.00,0.00,3,100,17,100,0,16.2,304,302,23.4,33.8,1,1777.77,1020.4,1006.6
2022-06-13T17:00,21.1,0.00,42,7.7,17.9,0.00,0.00,0.00,3,91,1,91,0,17.7,348,348,26.8,40.0,1,0.00,1020.9,1007.0
2022-06-13T18:00,22.0,0.00,37,6.5,19.4,0.00,0.00,0.00,1,24,0,24,0,11.3,332,333,17.6,36.7,1,3600.00,1020.6,1006.8
2022-06-13T19:00,20.8,0.00,41,6.9,18.3,0.00,0.00,0.00,3,100,4,100,0,11.6,355,355,20.6,24.5,1,3600.00,1020.7,1006.8
2022-06-13T20:00,19.8,0.00,42,6.4,17.0,0.00,0.00,0.00,1,35,5,32,6,13.4,6,5,23.5,26.6,1,0.00,1021.3,1007.4
2022-06-13T21:00,17.9,0.00,49,6.9,15.0,0.00,0.00,0.00,0,0,0,0,0,14.3,11,10,26.1,31.3,0,0.00,1022.0,1008.0
2022-06-13T22:00,16.1,0.00,54,6.9,14.1,0.00,0.00,0.00,0,6,0,5,2,8.1,11,13,21.3,28.4,0,0.00,1022.4,1008.3
2022-06-13T23:00,15.1,0.00,57,6.7,13.2,0.00,0.00,0.00,0,3,0,3,3,7.5,12,17,19.5,17.3,0,0.00,1022.7,1008.5
2022-06-14T00:00,14.1,0.00,61,6.7,12.3,0.00,0.00,0.00,0,7,0,7,7,6.8,27,25,17.7,15.8,0,0.00,1023.1,1008.9
2022-06-14T01:00,13.6,0.00,71,8.5,12.1,0.00,0.00,0.00,0,9,0,6,8,7.6,33,31,15.4,14.0,0,0.00,1023.2,1008.9
2022-06-14T02:00,12.2,0.00,76,8.0,10.8,0.00,0.00,0.00,0,5,0,2,5,6.4,43,38,12.7,14.8,0,0.00,1023.2,1008.9
2022-06-14T03:00,11.8,0.00,76,7.7,10.4,0.00,0.00,0.00,0,4,0,0,4,5.6,55,50,12.7,10.8,0,0.00,1023.0,1008.6
2022-06-14T04:00,11.0,0.00,80,7.7,9.6,0.00,0.00,0.00,0,0,0,0,0,5.5,73,67,10.9,10.1,0,0.00,1023.0,1008.6
2022-06-14T05:00,11.0,0.00,83,8.2,9.9,0.00,0.00,0.00,0,0,0,0,0,4.3,98,85,9.8,9.7,1,0.00,1023.0,1008.6
2022-06-14T06:00,13.1,0.00,76,8.9,12.2,0.00,0.00,0.00,0,0,0,0,0,4.3,105,90,8.6,9.4,1,3600.00,1023.1,1008.8
2022-06-14T07:00,15.5,0.00,68,9.6,15.3,0.00,0.00,0.00,0,2,2,0,0,0.8,99,63,4.4,9.4,1,3600.00,1023.1,1008.9
2022-06-14T08:00,17.7,0.00,60,9.9,17.4,0.00,0.00,0.00,0,0,0,0,0,1.8,83,79,2.9,10.1,1,3600.00,1023.0,1008.9
2022-06-14T09:00,19.7,0.00,51,9.3,19.2,0.00,0.00,0.00,0,0,0,0,0,2.5,90,82,4.0,13.0,1,3600.00,1022.5,1008.5
2022-06-14T10:00,21.1,0.00,44,8.4,21.4,0.00,0.00,0.00,0,0,0,0,0,1.8,63,53,2.4,12.6,1,3600.00,1022.2,1008.3
2022-06-14T11:00,22.2,0.00,41,8.1,22.9,0.00,0.00,0.00,0,0,0,0,0,2.9,68,60,3.9,14.0,1,3600.00,1021.6,1007.8
2022-06-14T12:00,23.2,0.00,37,7.9,24.2,0.00,0.00,0.00,0,0,0,0,0,3.6,86,84,5.1,15.8,1,3600.00,1021.1,1007.3
2022-06-14T13:00,24.1,0.00,34,7.3,25.2,0.00,0.00,0.00,0,0,0,0,0,3.0,107,104,3.8,16.2,1,3600.00,1020.5,1006.8
2022-06-14T14:00,24.9,0.00,33,7.7,25.8,0.00,0.00,0.00,0,0,0,0,0,3.3,104,103,4.5,14.8,1,3600.00,1019.9,1006.2
2022-06-14T15:00,25.3,0.00,33,7.8,25.6,0.00,0.00,0.00,0,0,0,0,0,4.7,97,94,6.2,15.5,1,3600.00,1019.4,1005.7
2022-06-14T16:00,25.5,0.00,32,7.4,24.7,0.00,0.00,0.00,1,41,41,0,0,6.3,102,103,8.5,18.0,1,3600.00,1018.6,1005.0
2022-06-14T17:00,25.3,0.00,31,6.9,23.5,0.00,0.00,0.00,3,99,99,0,0,6.9,99,99,9.5,18.0,1,3600.00,1018.1,1004.5
2022-06-14T18:00,24.7,0.00,32,7.1,23.0,0.00,0.00,0.00,3,82,82,0,0,6.5,94,93,10.5,17.3,1,3600.00,1017.9,1004.2
2022-06-14T19:00,23.1,0.00,42,9.6,22.1,0.00,0.00,0.00,1,44,44,0,0,5.8,94,90,14.4,15.5,1,3600.00,1017.6,1003.9
2022-06-14T20:00,20.7,0.00,42,7.2,18.9,0.00,0.00,0.00,3,100,100,0,0,7.6,94,90,19.5,15.5,1,3306.32,1017.5,1003.7
2022-06-14T21:00,19.6,0.00,41,5.9,17.2,0.00,0.00,0.00,3,100,100,0,0,9.1,93,81,21.3,17.3,0,0.00,1017.7,1003.8
2022-06-14T22:00,18.9,0.00,42,5.8,16.3,0.00,0.00,0.00,3,100,100,0,0,10.7,86,78,24.5,20.9,0,0.00,1017.8,1003.9
2022-06-14T23:00,18.7,0.00,41,5.2,15.9,0.00,0.00,0.00,3,100,100,0,0,10.9,86,81,24.9,22.0,0,0.00,1017.9,1004.0
2022-06-15T00:00,18.4,0.00,40,4.6,15.4,0.00,0.00,0.00,3,95,95,0,0,11.5,92,90,25.6,22.7,0,0.00,1017.9,1003.9
2022-06-15T01:00,18.3,0.00,43,5.6,15.3,0.00,0.00,0.00,2,74,86,0,0,12.8,109,106,26.3,24.8,0,0.00,1017.3,1003.3
2022-06-15T02:00,17.3,0.00,50,6.8,14.5,0.00,0.00,0.00,2,51,51,0,0,13.8,113,105,28.2,27.0,0,0.00,1017.1,1003.1
2022-06-15T03:00,16.7,0.00,55,7.6,14.0,0.00,0.00,0.00,0,0,0,0,0,14.1,110,103,28.8,27.7,0,0.00,1016.8,1002.8
2022-06-15T04:00,16.3,0.00,57,7.8,13.9,0.00,0.00,0.00,0,0,0,0,0,12.0,106,99,26.6,27.4,0,0.00,1016.7,1002.7
2022-06-15T05:00,16.0,0.00,60,8.3,14.0,0.00,0.00,0.00,0,0,0,0,0,10.7,107,102,25.2,23.8,1,0.00,1016.7,1002.6
2022-06-15T06:00,17.0,0.00,62,9.6,15.5,0.00,0.00,0.00,0,1,1,0,0,9.6,110,110,21.1,22.0,1,3600.00,1016.9,1002.9
2022-06-15T07:00,18.8,0.00,60,10.8,18.0,0.00,0.00,0.00,0,4,4,0,0,7.3,108,110,14.8,19.4,1,3600.00,1017.2,1003.3
2022-06-15T08:00,20.8,0.00,56,11.7,20.0,0.00,0.00,0.00,0,11,11,0,0,9.0,118,119,13.0,21.6,1,3600.00,1017.3,1003.5
2022-06-15T09:00,22.8,0.00,52,12.4,22.5,0.00,0.00,0.00,0,13,13,0,0,7.4,138,137,10.2,22.0,1,3600.00,1017.4,1003.7
2022-06-15T10:00,24.6,0.00,48,12.9,25.8,0.00,0.00,0.00,1,31,31,0,0,4.7,167,171,6.3,19.8,1,3600.00,1017.2,1003.5
2022-06-15T11:00,26.1,0.00,45,13.3,28.2,0.00,0.00,0.00,1,43,43,0,0,3.5,198,204,4.6,16.9,1,3600.00,1017.1,1003.5
2022-06-15T12:00,27.4,0.00,42,13.2,29.9,0.00,0.00,0.00,1,21,21,0,0,3.6,212,217,4.7,15.5,1,3600.00,1016.6,1003.1
2022-06-15T13:00,28.8,0.00,31,9.9,30.7,0.00,0.00,0.00,0,17,27,0,0,2.4,194,207,3.0,18.4,1,3600.00,1016.2,1002.7
2022-06-15T14:00,29.4,0.00,27,8.6,30.6,0.00,0.00,0.00,0,0,0,0,0,3.0,191,194,3.7,14.0,1,3600.00,1015.7,1002.3
2022-06-15T15:00,29.8,0.00,26,8.1,30.3,0.00,0.00,0.00,0,0,0,0,0,4.0,208,207,5.3,14.8,1,3600.00,1015.6,1002.2
2022-06-15T16:00,30.0,0.00,25,7.9,29.9,0.00,0.00,0.00,0,1,0,1,0,2.4,203,207,2.7,14.8,1,3600.00,1015.3,1001.9
2022-06-15T17:00,29.9,0.00,25,7.8,29.2,0.00,0.00,0.00,0,0,0,0,0,0.4,270,270,0.4,10.4,1,3600.00,1014.8,1001.4
2022-06-15T18:00,29.6,0.00,31,10.4,29.5,0.00,0.00,0.00,0,0,0,0,0,1.5,153,166,1.6,5.4,1,3600.00,1014.6,1001.2
2022-06-15T19:00,27.1,0.00,61,18.9,29.6,0.00,0.00,0.00,0,0,0,0,0,5.8,167,158,6.6,7.6,1,3600.00,1015.0,1001.5
2022-06-15T20:00,26.4,0.00,43,12.7,26.5,0.00,0.00,0.00,0,6,0,6,0,4.8,172,132,5.4,9.0,1,3332.92,1015.2,1001.6
2022-06-15T21:00,24.6,0.00,44,11.6,24.4,0.00,0.00,0.00,0,1,0,1,0,4.6,176,108,5.8,7.6,0,0.00,1015.4,1001.8
2022-06-15T22:00,24.8,0.00,40,10.3,24.7,0.00,0.00,0.00,2,59,58,1,0,0.8,246,63,4.3,6.5,0,0.00,1015.6,1002.0
2022-06-15T23:00,21.0,0.00,50,10.2,20.5,0.00,0.00,0.00,0,1,1,0,0,3.8,169,107,5.5,7.9,0,0.00,1015.4,1001.6
2022-06-16T00:00,19.0,0.00,60,11.0,18.3,0.00,0.00,0.00,2,60,56,10,0,7.1,186,131,10.1,10.4,0,0.00,1015.6,1001.7
2022-06-16T01:00,17.3,0.00,61,9.7,16.8,0.00,0.00,0.00,1,27,31,8,0,2.5,162,90,1.1,10.8,0,0.00,1015.7,1001.7
2022-06-16T02:00,15.9,0.00,68,9.9,14.8,0.00,0.00,0.00,0,0,0,0,0,7.4,151,113,12.7,14.8,0,0.00,1015.5,1001.5
2022-06-16T03:00,14.8,0.00,76,10.5,14.1,0.00,0.00,0.00,0,3,3,0,0,5.4,135,82,7.6,14.0,0,0.00,1015.2,1001.1
2022-06-16T04:00,15.4,0.00,72,10.3,15.4,0.00,0.00,0.00,0,5,5,0,0,0.8,248,63,1.9,7.9,0,0.00,1015.4,1001.3
2022-06-16T05:00,14.8,0.00,80,11.5,14.7,0.00,0.00,0.00,0,9,0,9,0,4.1,351,52,6.6,5.8,1,0.00,1016.1,1002.0
2022-06-16T06:00,17.5,0.00,68,11.5,17.5,0.00,0.00,0.00,1,45,0,45,0,3.1,301,216,4.2,6.1,1,3600.00,1016.5,1002.5
2022-06-16T07:00,18.9,0.00,65,12.2,18.4,0.00,0.00,0.00,1,48,0,48,0,7.7,263,259,12.0,17.6,1,3600.00,1017.3,1003.4
2022-06-16T08:00,20.7,0.00,61,12.8,20.0,0.00,0.00,0.00,0,5,0,5,0,11.2,315,312,15.8,25.2,1,3600.00,1017.8,1004.0
2022-06-16T09:00,23.3,0.00,54,13.4,22.5,0.00,0.00,0.00,2,50,50,0,0,12.3,332,328,16.8,28.8,1,3600.00,1018.0,1004.3
2022-06-16T10:00,25.2,0.00,46,12.8,24.8,0.00,0.00,0.00,3,91,91,0,0,13.9,339,335,19.3,32.0,1,3600.00,1018.3,1004.7
2022-06-16T11:00,26.5,0.00,41,12.0,26.2,0.00,0.00,0.00,0,0,0,0,0,13.7,343,342,18.8,33.8,1,3600.00,1018.6,1005.0
2022-06-16T12:00,27.5,0.00,39,12.1,28.0,0.00,0.00,0.00,0,0,0,0,0,12.3,329,328,16.8,32.0,1,3600.00,1018.8,1005.2
2022-06-16T13:00,28.1,0.00,34,11.0,28.3,0.00,0.00,0.00,0,0,10,0,0,13.0,331,332,17.2,33.1,1,3600.00,1019.3,1005.8
2022-06-16T14:00,28.3,0.00,30,8.9,27.6,0.00,0.00,0.00,1,34,34,0,0,14.1,328,328,19.1,32.8,1,3600.00,1019.1,1005.6
2022-06-16T15:00,28.7,0.00,25,6.4,26.9,0.00,0.00,0.00,0,0,0,0,0,14.8,327,326,20.3,33.8,1,3600.00,1019.1,1005.6
2022-06-16T16:00,28.3,0.00,23,5.3,25.5,0.00,0.00,0.00,0,0,0,0,0,15.5,332,332,21.6,34.6,1,3600.00,1019.2,1005.7
2022-06-16T17:00,27.7,0.00,24,5.2,24.2,0.00,0.00,0.00,1,30,30,0,0,15.5,338,338,22.9,35.3,1,3600.00,1019.4,1005.8
2022-06-16T18:00,26.7,0.00,27,5.9,23.6,0.00,0.00,0.00,0,1,1,0,0,14.5,342,341,22.8,34.2,1,3600.00,1019.7,1006.1
2022-06-16T19:00,25.2,0.00,32,7.5,22.8,0.00,0.00,0.00,3,100,100,0,0,12.0,340,339,23.0,31.3,1,3600.00,1020.3,1006.6
2022-06-16T20:00,23.2,0.00,35,7.0,20.8,0.00,0.00,0.00,1,31,31,0,0,10.9,345,343,24.2,25.6,1,2064.68,1020.3,1006.5
2022-06-16T21:00,21.7,0.00,36,5.8,18.8,0.00,0.00,0.00,3,100,100,0,0,12.7,355,353,27.1,26.3,0,0.00,1021.5,1007.6
2022-06-16T22:00,20.5,0.00,40,6.4,17.9,0.00,0.00,0.00,2,70,70,0,0,10.9,15,9,24.3,25.9,0,0.00,1022.2,1008.3
2022-06-16T23:00,18.8,0.00,44,6.4,16.7,0.00,0.00,0.00,0,13,13,0,0,8.2,27,23,21.1,22.3,0,0.00,1022.8,1008.8
2022-06-17T00:00,17.5,0.00,49,6.6,15.6,0.00,0.00,0.00,2,57,57,0,0,7.1,31,30,19.4,17.3,0,0.00,1023.2,1009.1
2022-06-17T01:00,16.5,0.00,61,8.8,14.9,0.00,0.00,0.00,3,100,100,6,0,8.5,43,36,17.3,15.1,0,0.00,1023.6,1009.5
2022-06-17T02:00,16.5,0.00,57,8.0,15.1,0.00,0.00,0.00,3,96,96,0,0,6.2,60,54,17.4,15.1,0,0.00,1023.8,1009.7
2022-06-17T03:00,14.3,0.00,70,8.9,12.9,0.00,0.00,0.00,3,85,84,4,0,8.0,78,72,13.6,13.0,0,0.00,1023.6,1009.4
2022-06-17T04:00,13.5,0.00,73,8.8,12.3,0.00,0.00,0.00,3,96,96,0,0,6.4,67,43,9.4,12.2,0,0.00,1024.0,1009.7
2022-06-17T05:00,13.7,0.00,78,10.0,12.9,0.00,0.00,0.00,2,77,76,5,0,5.2,76,56,7.4,10.1,1,0.00,1024.2,1009.9
2022-06-17T06:00,16.1,0.00,66,9.8,15.7,0.00,0.00,0.00,3,100,100,14,0,2.3,102,129,5.2,8.3,1,3600.00,1024.7,1010.5
2022-06-17T07:00,18.0,0.00,60,10.1,17.7,0.00,0.00,0.00,1,37,31,9,0,2.2,163,189,3.8,9.0,1,3600.00,1024.8,1010.7
2022-06-17T08:00,19.8,0.00,54,10.3,19.6,0.00,0.00,0.00,3,83,83,1,0,2.2,150,171,2.9,10.8,1,3600.00,1025.3,1011.3
2022-06-17T09:00,21.8,0.00,49,10.7,21.6,0.00,0.00,0.00,3,99,99,3,0,2.4,114,117,3.5,12.2,1,3600.00,1025.3,1011.4
2022-06-17T10:00,23.6,0.00,44,10.6,24.0,0.00,0.00,0.00,3,88,78,43,0,4.2,117,121,5.6,15.5,1,3600.00,1024.7,1010.9
2022-06-17T11:00,24.9,0.00,41,10.7,26.0,0.00,0.00,0.00,2,70,70,0,0,3.4,151,162,4.5,17.3,1,3600.00,1024.6,1010.9
2022-06-17T12:00,26.0,0.00,37,10.4,27.3,0.00,0.00,0.00,1,40,35,7,0,3.7,144,151,4.9,15.5,1,3600.00,1024.4,1010.7
2022-06-17T13:00,26.6,0.00,30,7.6,27.8,0.00,0.00,0.00,1,24,5,3,0,2.3,135,141,3.1,18.4,1,3600.00,1024.2,1010.5
2022-06-17T14:00,28.0,0.00,28,7.5,28.7,0.00,0.00,0.00,2,54,54,2,0,3.7,115,119,5.2,15.1,1,3600.00,1023.4,1009.8
2022-06-17T15:00,28.7,0.00,26,7.0,28.5,0.00,0.00,0.00,0,17,14,3,0,5.6,137,140,7.4,17.3,1,3600.00,1022.7,1009.1
2022-06-17T16:00,28.9,0.00,25,6.9,28.1,0.00,0.00,0.00,3,85,85,1,0,5.4,168,172,7.0,17.6,1,3600.00,1022.7,1009.2
2022-06-17T17:00,28.8,0.00,26,7.1,27.2,0.00,0.00,0.00,3,98,98,0,0,5.8,174,173,7.2,15.8,1,3600.00,1022.2,1008.7
2022-06-17T18:00,28.2,0.00,31,9.4,27.5,0.00,0.00,0.00,3,95,95,0,0,4.0,171,170,6.6,14.8,1,3600.00,1021.9,1008.3
2022-06-17T19:00,26.6,0.00,50,15.4,27.9,0.00,0.00,0.00,3,98,98,0,0,3.8,149,139,7.6,10.1,1,3600.00,1021.9,1008.3
2022-06-17T20:00,23.8,0.00,43,10.5,23.0,0.00,0.00,0.00,1,42,42,0,0,6.0,127,107,13.1,11.2,1,3380.19,1021.7,1007.9
2022-06-17T21:00,23.0,0.00,38,7.9,20.9,0.00,0.00,0.00,1,44,44,0,0,10.1,124,107,21.8,19.1,0,0.00,1021.8,1008.0
2022-06-17T22:00,22.1,0.00,40,7.8,20.2,0.00,0.00,0.00,3,100,100,0,0,8.9,132,117,21.4,19.8,0,0.00,1021.7,1007.9
2022-06-17T23:00,21.1,0.00,42,7.8,19.2,0.00,0.00,0.00,3,94,94,0,0,9.3,138,118,21.9,17.6,0,0.00,1021.7,1007.8
2022-06-18T00:00,20.3,0.00,45,8.0,18.5,0.00,0.00,0.00,3,91,91,0,0,8.4,141,121,21.3,18.7,0,0.00,1021.8,1007.9
2022-06-18T01:00,19.0,0.00,55,9.7,17.9,0.00,0.00,0.00,2,66,96,2,0,7.2,139,108,17.6,16.2,0,0.00,1021.9,1007.9
2022-06-18T02:00,18.0,0.00,60,10.0,16.7,0.00,0.00,0.00,3,100,100,1,0,8.7,136,107,19.9,16.2,0,0.00,1021.7,1007.7
2022-06-18T03:00,17.7,0.00,63,10.5,16.6,0.00,0.00,0.00,3,100,100,0,0,8.4,137,110,19.4,16.6,0,0.00,1021.3,1007.3
2022-06-18T04:00,16.9,0.00,67,10.7,15.9,0.00,0.00,0.00,3,82,82,0,0,8.4,143,110,15.4,16.2,0,0.00,1021.2,1007.1
2022-06-18T05:00,16.4,0.00,70,11.0,15.5,0.00,0.00,0.00,0,8,8,0,0,8.4,156,115,13.4,15.8,1,0.00,1021.2,1007.1
2022-06-18T06:00,18.3,0.00,67,12.0,17.7,0.00,0.00,0.00,0,0,0,0,0,8.1,171,122,12.0,15.5,1,3600.00,1021.1,1007.1
2022-06-18T07:00,21.4,0.00,60,13.3,21.5,0.00,0.00,0.00,0,0,0,0,0,6.9,169,129,11.7,16.2,1,3600.00,1020.8,1006.9
2022-06-18T08:00,24.1,0.00,52,13.6,24.4,0.00,0.00,0.00,0,0,0,0,0,5.8,157,150,8.2,15.5,1,3600.00,1020.6,1006.9
2022-06-18T09:00,26.4,0.00,47,14.2,27.0,0.00,0.00,0.00,0,0,0,0,0,5.5,171,169,7.3,16.2,1,3600.00,1020.3,1006.7
2022-06-18T10:00,28.6,0.00,41,14.0,29.8,0.00,0.00,0.00,0,0,0,0,0,6.1,183,183,7.9,17.6,1,3600.00,1019.7,1006.2
2022-06-18T11:00,30.3,0.00,35,13.3,31.8,0.00,0.00,0.00,0,0,0,0,0,6.6,190,193,8.4,18.7,1,3600.00,1019.3,1005.9
2022-06-18T12:00,31.7,0.00,32,13.1,33.5,0.00,0.00,0.00,0,0,0,0,0,6.6,187,189,8.7,19.4,1,3600.00,1018.7,1005.3
2022-06-18T13:00,32.5,0.00,29,12.1,34.1,0.00,0.00,0.00,0,0,0,0,0,6.9,187,189,9.1,19.4,1,3600.00,1018.0,1004.7
2022-06-18T14:00,33.1,0.00,29,12.7,34.7,0.00,0.00,0.00,0,0,0,0,0,7.2,178,183,9.7,19.8,1,3600.00,1016.8,1003.5
2022-06-18T15:00,33.9,0.00,28,13.0,35.2,0.00,0.00,0.00,0,0,0,0,0,6.9,180,186,9.4,19.8,1,3600.00,1015.9,1002.7
2022-06-18T16:00,34.4,0.00,28,13.0,35.3,0.00,0.00,0.00,0,0,0,0,0,4.7,183,189,6.8,18.4,1,3600.00,1014.9,1001.7
2022-06-18T17:00,34.8,0.00,28,13.7,35.5,0.00,0.00,0.00,0,0,0,0,0,3.2,172,180,5.1,13.3,1,3600.00,1013.8,1000.6
2022-06-18T18:00,34.4,0.00,32,15.2,35.5,0.00,0.00,0.00,0,0,0,0,0,4.6,146,141,10.4,13.7,1,3600.00,1012.9,999.7
2022-06-18T19:00,31.7,0.00,37,15.0,32.3,0.00,0.00,0.00,0,0,0,0,0,7.1,126,114,18.3,15.8,1,3600.00,1012.5,999.2
2022-06-18T20:00,29.4,0.00,36,12.6,28.6,0.00,0.00,0.00,0,0,0,0,0,10.8,122,111,25.6,22.3,1,3400.71,1012.5,999.1
2022-06-18T21:00,28.6,0.00,35,11.8,27.1,0.00,0.00,0.00,0,0,0,0,0,13.9,132,121,30.1,27.4,0,0.00,1012.4,999.0
2022-06-18T22:00,27.3,0.00,39,12.2,26.0,0.00,0.00,0.00,0,0,0,0,0,13.4,129,114,27.9,28.4,0,0.00,1012.4,998.9
2022-06-18T23:00,26.1,0.00,42,12.3,24.7,0.00,0.00,0.00,0,0,0,0,0,14.3,119,108,30.8,29.2,0,0.00,1011.9,998.4
2022-06-19T00:00,25.2,0.00,44,12.0,23.6,0.00,0.00,0.00,0,0,0,0,0,14.9,126,122,31.5,31.3,0,0.00,1011.7,998.1
2022-06-19T01:00,24.1,0.00,48,12.5,23.1,0.00,0.00,0.00,0,0,0,0,0,11.7,143,133,26.2,30.6,0,0.00,1011.1,997.5
2022-06-19T02:00,22.4,0.00,53,12.5,21.3,0.00,0.00,0.00,0,0,0,0,0,12.8,137,106,23.4,25.2,0,0.00,1010.2,996.5
2022-06-19T03:00,22.3,0.00,53,12.3,21.2,0.00,0.00,0.00,0,0,0,0,0,12.8,132,112,27.0,28.4,0,0.00,1009.6,995.9
2022-06-19T04:00,22.2,0.00,53,12.2,21.1,0.00,0.00,0.00,0,0,0,0,0,12.1,133,113,26.5,25.2,0,0.00,1009.3,995.6
2022-06-19T05:00,21.7,0.00,57,12.7,21.1,0.00,0.00,0.00,0,0,0,0,0,9.9,152,123,20.0,23.4,1,0.00,1009.1,995.4
2022-06-19T06:00,22.7,0.00,58,14.0,22.7,0.00,0.00,0.00,0,0,0,0,0,8.4,181,133,17.3,19.8,1,3600.00,1009.5,995.9
2022-06-19T07:00,25.3,0.00,54,15.4,25.7,0.00,0.00,0.00,0,17,0,17,0,9.8,191,152,20.5,20.9,1,3600.00,1009.3,995.8
2022-06-19T08:00,27.2,0.00,50,15.9,27.7,0.00,0.00,0.00,0,0,0,0,0,9.8,198,188,15.9,23.8,1,3600.00,1009.3,995.9
2022-06-19T09:00,29.5,0.00,44,15.8,29.0,0.00,0.00,0.00,0,0,0,0,0,16.9,207,204,25.1,36.4,1,3600.00,1009.3,996.0
2022-06-19T10:00,31.1,0.00,39,15.4,30.7,0.00,0.00,0.00,1,24,24,0,0,19.6,224,224,28.3,43.2,1,3600.00,1009.1,995.8
2022-06-19T11:00,32.5,0.00,36,15.4,33.0,0.00,0.00,0.00,0,0,0,0,0,17.1,233,231,24.2,42.8,1,3600.00,1008.4,995.2
2022-06-19T12:00,33.6,0.00,34,15.5,34.3,0.00,0.00,0.00,0,0,0,0,0,18.1,227,226,25.0,40.0,1,3600.00,1008.0,994.9
2022-06-19T13:00,34.6,0.00,32,15.5,35.8,0.00,0.00,0.00,0,0,26,8,0,15.8,226,223,20.6,44.3,1,3600.00,1007.9,994.8
2022-06-19T14:00,33.7,0.00,33,15.2,34.7,0.00,0.00,0.00,0,0,0,0,0,14.4,219,217,19.5,35.6,1,3600.00,1007.4,994.3
2022-06-19T15:00,34.0,0.00,32,15.0,34.7,0.00,0.00,0.00,1,26,26,0,0,14.2,218,216,19.2,33.1,1,3600.00,1007.0,993.9
2022-06-19T16:00,33.6,0.00,32,14.6,33.4,0.00,0.00,0.00,2,58,58,0,0,15.6,210,209,22.1,34.9,1,3600.00,1006.4,993.3
2022-06-19T17:00,33.4,0.00,32,14.4,32.7,0.00,0.00,0.00,2,66,65,1,0,14.9,220,217,22.5,35.6,1,3600.00,1006.7,993.6
2022-06-19T18:00,33.5,0.00,34,15.3,34.3,0.00,0.00,0.00,1,40,36,7,0,6.7,283,286,13.3,32.8,1,3600.00,1006.6,993.5
2022-06-19T19:00,27.0,0.00,55,17.3,27.3,0.00,0.00,0.00,2,50,40,18,0,15.4,16,11,28.0,37.4,1,3600.00,1007.6,994.2
2022-06-19T20:00,25.8,0.00,59,17.1,25.7,0.00,0.00,0.00,0,10,8,3,0,17.5,354,346,28.6,34.9,1,3263.16,1008.7,995.2
2022-06-19T21:00,24.6,0.00,59,16.2,24.9,0.00,0.00,0.00,0,13,12,1,0,12.3,9,7,24.1,35.6,0,0.00,1009.0,995.4
2022-06-19T22:00,23.5,0.00,62,15.8,24.0,0.00,0.00,0.00,0,7,7,0,0,9.9,25,19,21.4,24.1,0,0.00,1008.9,995.3
2022-06-19T23:00,22.5,0.00,65,15.5,23.1,0.00,0.00,0.00,0,0,0,0,0,8.2,6,345,17.0,19.4,0,0.00,1009.0,995.4
2022-06-20T00:00,21.5,0.00,68,15.2,22.0,0.00,0.00,0.00,0,0,0,0,0,8.1,360,347,17.3,17.3,0,0.00,1009.4,995.7
2022-06-20T01:00,22.0,0.00,71,16.5,23.4,0.00,0.00,0.00,0,0,23,0,0,5.9,64,47,15.6,18.4,0,0.00,1008.3,994.6
2022-06-20T02:00,21.4,0.00,70,15.7,21.6,0.00,0.00,0.00,2,52,52,0,0,11.7,338,326,22.6,20.2,0,0.00,1008.5,994.8
2022-06-20T03:00,20.8,0.00,64,13.6,19.1,0.00,0.00,0.00,3,99,99,4,0,19.7,11,8,33.7,42.1,0,0.00,1008.5,994.8
2022-06-20T04:00,19.7,0.00,69,13.9,19.3,0.00,0.00,0.00,3,100,100,1,0,11.2,333,320,20.9,38.2,0,0.00,1010.0,996.2
2022-06-20T05:00,19.0,0.00,73,14.1,18.1,0.00,0.00,0.00,3,100,100,0,0,15.4,348,344,26.8,31.0,1,0.00,1010.2,996.4
2022-06-20T06:00,18.9,0.00,72,13.7,18.5,0.00,0.00,0.00,3,100,100,0,0,10.9,347,343,16.2,30.6,1,1866.95,1011.0,997.2
2022-06-20T07:00,19.8,0.00,68,13.7,20.2,0.00,0.00,0.00,3,100,100,9,29,5.2,348,335,7.0,23.0,1,426.95,1011.1,997.3
2022-06-20T08:00,20.7,0.00,65,13.9,21.3,0.00,0.00,0.00,3,100,100,1,0,4.8,298,297,6.1,13.7,1,0.00,1011.3,997.5
2022-06-20T09:00,21.8,0.00,61,13.9,22.4,0.00,0.00,0.00,0,3,0,2,1,4.3,317,312,5.9,19.1,1,3443.14,1011.6,997.9
2022-06-20T10:00,23.9,0.00,55,14.3,24.1,0.00,0.00,0.00,2,75,0,75,1,11.2,320,318,14.6,26.6,1,3600.00,1012.0,998.4
2022-06-20T11:00,23.2,0.00,60,14.9,22.3,0.00,0.00,0.00,2,69,1,67,13,18.0,335,334,25.0,40.3,1,3600.00,1012.7,999.0
2022-06-20T12:00,23.3,0.00,58,14.7,22.9,0.00,0.00,0.00,2,65,45,33,7,18.0,341,340,24.8,43.2,1,3600.00,1013.1,999.4
2022-06-20T13:00,20.7,0.00,74,15.9,20.7,0.00,0.00,0.00,2,67,2,88,28,17.4,329,326,24.4,40.7,1,3600.00,1014.4,1000.6
2022-06-20T14:00,21.1,1.10,65,14.2,20.3,1.10,0.00,0.00,55,100,1,100,97,19.5,333,332,26.6,44.6,1,3600.00,1015.0,1001.2
2022-06-20T15:00,18.6,0.40,70,13.1,17.4,0.40,0.00,0.00,51,61,0,60,1,15.1,335,332,21.4,43.2,1,0.00,1015.3,1001.4
2022-06-20T16:00,20.0,0.00,65,13.2,18.8,0.00,0.00,0.00,1,35,2,19,18,14.7,342,338,20.5,33.8,1,3600.00,1014.9,1001.1
2022-06-20T17:00,20.3,0.00,62,12.9,19.0,0.00,0.00,0.00,1,38,0,13,29,15.0,346,343,20.8,35.3,1,3600.00,1014.9,1001.1
2022-06-20T18:00,19.3,0.00,62,11.8,17.7,0.00,0.00,0.00,1,25,0,16,11,14.6,353,350,20.3,34.2,1,3600.00,1015.2,1001.3
2022-06-20T19:00,18.1,0.00,60,10.2,16.4,0.00,0.00,0.00,0,15,1,14,0,12.2,5,2,17.3,32.4,1,3600.00,1015.5,1001.6
2022-06-20T20:00,17.1,0.00,61,9.6,16.0,0.00,0.00,0.00,3,96,95,9,0,7.2,18,18,12.9,26.3,1,3435.23,1016.1,1002.1
2022-06-20T21:00,15.8,0.00,70,10.2,15.3,0.00,0.00,0.00,3,85,85,0,0,3.4,36,32,8.5,14.8,0,0.00,1016.7,1002.6
2022-06-20T22:00,14.7,0.00,73,10.0,14.1,0.00,0.00,0.00,1,42,42,0,0,4.0,66,63,7.9,7.9,0,0.00,1016.8,1002.7
2022-06-20T23:00,13.5,0.00,78,9.8,12.8,0.00,0.00,0.00,0,0,0,0,0,4.3,96,90,6.9,7.9,0,0.00,1016.6,1002.4
2022-06-21T00:00,12.9,0.00,79,9.3,12.1,0.00,0.00,0.00,0,0,0,0,0,4.6,77,72,8.1,9.4,0,0.00,1016.0,1001.8
2022-06-21T01:00,12.8,0.00,84,10.2,12.1,0.00,0.00,0.00,3,88,0,0,0,5.5,122,101,11.5,9.7,0,0.00,1016.8,1002.6
2022-06-21T02:00,12.1,0.00,85,9.6,11.2,0.00,0.00,0.00,1,28,28,0,0,5.8,117,86,14.5,11.5,0,0.00,1016.8,1002.6
2022-06-21T03:00,11.9,0.00,85,9.5,10.7,0.00,0.00,0.00,2,68,68,0,0,7.6,110,87,16.9,14.8,0,0.00,1016.2,1001.9
2022-06-21T04:00,11.8,0.00,85,9.3,10.5,0.00,0.00,0.00,3,100,100,0,0,7.6,103,87,17.7,15.8,0,0.00,1016.0,1001.7
2022-06-21T05:00,12.6,0.00,79,9.0,10.9,0.00,0.00,0.00,3,88,88,0,0,9.6,92,77,20.9,18.7,1,0.00,1015.5,1001.3
2022-06-21T06:00,14.5,0.00,71,9.2,12.8,0.00,0.00,0.00,3,96,96,0,0,10.6,82,66,22.6,22.0,1,3600.00,1014.8,1000.7
2022-06-21T07:00,16.5,0.00,62,9.2,15.3,0.00,0.00,0.00,1,43,38,8,0,7.2,95,93,12.3,19.8,1,3600.00,1015.4,1001.4
2022-06-21T08:00,18.2,0.00,54,8.7,16.0,0.00,0.00,0.00,3,92,89,29,0,12.4,98,98,17.1,27.0,1,3600.00,1015.3,1001.4
2022-06-21T09:00,19.3,0.20,51,8.8,17.2,0.20,0.00,0.00,51,99,99,1,0,12.1,99,100,16.8,31.0,1,3600.00,1014.8,1000.9
2022-06-21T10:00,21.1,0.00,45,8.8,19.6,0.00,0.00,0.00,3,94,92,22,0,11.3,98,97,15.3,28.1,1,3600.00,1014.5,1000.7
2022-06-21T11:00,22.7,0.00,42,9.1,21.8,0.00,0.00,0.00,3,100,100,47,0,12.3,89,87,16.9,30.2,1,3600.00,1013.8,1000.1
2022-06-21T12:00,23.6,0.00,41,9.7,22.2,0.00,0.00,0.00,3,97,97,5,0,11.6,87,85,15.5,30.2,1,3600.00,1013.0,999.3
2022-06-21T13:00,24.1,0.00,41,10.2,23.4,0.00,0.00,0.00,0,15,81,0,0,13.8,82,81,18.9,28.4,1,3600.00,1012.5,998.9
2022-06-21T14:00,25.3,0.00,41,11.0,25.0,0.00,0.00,0.00,3,93,51,89,0,11.2,89,84,15.1,31.7,1,3600.00,1011.8,998.2
2022-06-21T15:00,25.9,0.00,39,11.0,24.6,0.00,0.00,0.00,3,98,98,0,0,11.9,93,90,16.2,27.7,1,3600.00,1011.3,997.8
2022-06-21T16:00,26.4,0.00,39,11.4,25.5,0.00,0.00,0.00,3,87,86,8,2,10.8,112,111,15.2,28.4,1,3600.00,1010.9,997.4
2022-06-21T17:00,26.4,0.00,40,11.9,25.6,0.00,0.00,0.00,1,36,9,29,2,9.6,106,103,13.5,25.9,1,3600.00,1010.4,996.9
2022-06-21T18:00,26.0,0.00,42,12.2,25.8,0.00,0.00,0.00,2,62,39,37,10,6.2,90,83,9.0,22.3,1,3600.00,1010.6,997.1
2022-06-21T19:00,25.0,0.00,50,13.8,25.5,0.00,0.00,0.00,3,99,99,10,4,4.7,69,58,10.0,14.0,1,3600.00,1010.5,996.9
2022-06-21T20:00,23.2,0.00,52,12.7,22.8,0.00,0.00,0.00,3,100,100,5,0,8.4,77,70,17.7,16.2,1,3449.10,1009.9,996.3
2022-06-21T21:00,21.9,0.00,52,11.7,21.1,0.00,0.00,0.00,3,96,96,1,0,8.8,78,71,17.7,16.9,0,0.00,1010.4,996.7
2022-06-21T22:00,20.3,0.00,58,11.8,20.0,0.00,0.00,0.00,0,18,18,0,0,5.7,51,55,10.2,16.6,0,0.00,1010.4,996.6
2022-06-21T23:00,18.9,0.00,65,12.2,18.7,0.00,0.00,0.00,0,12,12,1,0,5.6,4,40,9.4,10.4,0,0.00,1010.6,996.8
2022-06-22T00:00,17.9,0.00,71,12.6,18.1,0.00,0.00,0.00,0,0,0,0,0,4.1,4,52,9.4,11.9,0,0.00,1010.5,996.6
2022-06-22T01:00,20.7,0.00,55,11.3,20.3,0.00,0.00,0.00,2,50,99,18,0,5.4,180,188,10.4,9.7,0,0.00,1010.9,997.1
2022-06-22T02:00,18.7,0.00,61,11.1,18.0,0.00,0.00,0.00,3,100,99,94,0,6.7,358,16,13.3,14.4,0,0.00,1010.2,996.4
2022-06-22T03:00,18.7,0.00,61,11.1,18.2,0.00,0.00,0.00,3,99,99,0,0,5.8,16,30,13.1,12.2,0,0.00,1010.1,996.3
2022-06-22T04:00,17.2,0.00,73,12.4,17.2,0.00,0.00,0.00,3,100,100,12,0,5.1,103,129,6.3,11.5,0,0.00,1010.5,996.6
2022-06-22T05:00,16.9,0.00,77,12.8,17.3,0.00,0.00,0.00,3,99,98,54,6,3.2,72,27,5.7,7.2,1,0.00,1010.8,996.9
2022-06-22T06:00,18.4,0.00,69,12.5,19.1,0.00,0.00,0.00,3,100,100,76,6,0.0,68,270,1.9,7.9,1,727.33,1011.1,997.2
2022-06-22T07:00,19.2,0.00,66,12.8,19.2,0.00,0.00,0.00,3,100,100,90,0,5.5,250,259,7.3,14.0,1,46.65,1011.6,997.8
2022-06-22T08:00,20.2,0.00,62,12.8,20.8,0.00,0.00,0.00,2,71,66,13,0,1.6,351,333,2.2,14.0,1,1767.17,1011.3,997.5
2022-06-22T09:00,23.3,0.00,55,13.7,24.3,0.00,0.00,0.00,3,100,99,7,0,1.3,349,326,1.8,10.8,1,3600.00,1011.2,997.6
2022-06-22T10:00,25.4,0.00,49,14.0,27.0,0.00,0.00,0.00,3,100,100,26,0,1.6,315,297,1.5,11.9,1,3600.00,1010.7,997.2
2022-06-22T11:00,26.8,0.00,46,14.2,28.8,0.00,0.00,0.00,3,100,100,56,0,2.1,225,239,2.0,12.6,1,3600.00,1010.7,997.2
2022-06-22T12:00,27.2,0.00,46,14.4,27.7,0.00,0.00,0.00,3,100,100,13,0,6.4,214,218,7.8,17.6,1,3600.00,1010.7,997.2
2022-06-22T13:00,21.7,0.20,76,17.2,23.4,0.20,0.00,0.00,51,100,100,98,3,7.0,172,168,10.5,28.8,1,3600.00,1012.3,998.6
2022-06-22T14:00,21.6,0.70,79,17.8,22.9,0.70,0.00,0.00,53,100,100,71,1,10.5,163,164,15.0,23.4,1,0.00,1011.9,998.2
2022-06-22T15:00,22.9,0.10,69,16.9,24.4,0.10,0.00,0.00,51,100,100,40,0,6.5,147,146,8.6,25.6,1,2879.38,1011.5,997.8
2022-06-22T16:00,23.4,0.00,64,16.3,24.5,0.00,0.00,0.00,3,100,100,64,0,7.2,153,153,9.7,20.9,1,3600.00,1010.9,997.3
2022-06-22T17:00,22.4,0.20,72,17.2,23.6,0.20,0.00,0.00,51,100,100,100,0,9.5,167,169,13.3,22.7,1,422.97,1011.5,997.8
2022-06-22T18:00,22.0,0.20,77,17.8,23.8,0.20,0.00,0.00,51,100,100,91,1,6.5,129,124,9.2,21.2,1,0.00,1011.2,997.5
2022-06-22T19:00,21.5,0.30,81,18.1,23.3,0.30,0.00,0.00,51,100,100,99,0,7.7,129,127,13.0,15.1,1,0.00,1011.1,997.4
2022-06-22T20:00,20.6,0.20,87,18.4,22.7,0.20,0.00,0.00,51,98,98,0,0,6.9,143,141,14.4,17.3,1,0.00,1011.3,997.5
2022-06-22T21:00,18.5,0.30,94,17.6,20.5,0.30,0.00,0.00,51,99,99,23,0,5.0,148,111,8.9,13.3,0,0.00,1012.1,998.2
2022-06-22T22:00,18.7,0.00,94,17.7,20.4,0.00,0.00,0.00,3,94,91,31,0,7.3,101,79,12.8,14.8,0,0.00,1012.1,998.2
2022-06-22T23:00,18.2,0.00,94,17.2,19.9,0.00,0.00,0.00,3,100,92,100,0,5.2,132,106,13.0,14.8,0,0.00,1012.4,998.5
2022-06-23T00:00,18.4,0.00,94,17.5,20.4,0.00,0.00,0.00,3,89,11,88,0,5.1,125,98,11.9,10.8,0,0.00,1012.4,998.5
2022-06-23T01:00,19.5,0.00,92,18.2,21.0,0.00,0.00,0.00,0,5,2,29,16,9.8,163,144,19.9,10.1,0,0.00,1013.0,999.2
2022-06-23T02:00,18.2,0.10,98,17.8,20.4,0.10,0.00,0.00,51,72,48,13,39,4.4,165,125,7.1,23.0,0,0.00,1012.4,998.5
2022-06-23T03:00,17.4,0.00,99,17.2,19.2,0.00,0.00,0.00,2,57,54,4,3,4.8,175,153,11.6,13.7,0,0.00,1012.7,998.8
2022-06-23T04:00,16.9,0.00,98,16.6,18.7,0.00,0.00,0.00,1,28,26,2,1,3.4,177,122,6.8,9.4,0,0.00,1013.4,999.4
2022-06-23T05:00,17.1,0.00,98,16.8,18.6,0.00,0.00,0.00,3,98,98,0,21,5.5,163,122,8.7,10.4,1,0.00,1013.5,999.5
2022-06-23T06:00,18.3,0.00,95,17.5,20.0,0.00,0.00,0.00,3,100,0,0,100,6.9,141,96,9.7,13.3,1,1129.35,1013.7,999.8
2022-06-23T07:00,20.0,0.00,91,18.5,22.2,0.00,0.00,0.00,3,100,0,5,100,6.4,137,106,9.4,15.1,1,1706.95,1013.9,1000.1
2022-06-23T08:00,21.0,0.00,87,18.8,23.4,0.00,0.00,0.00,3,100,5,5,100,5.4,131,132,7.1,15.5,1,0.00,1013.8,1000.0
2022-06-23T09:00,22.7,0.00,78,18.7,25.0,0.00,0.00,0.00,3,100,1,2,100,6.3,155,156,8.4,17.6,1,3600.00,1013.6,999.9
2022-06-23T10:00,24.3,0.00,69,18.2,26.4,0.00,0.00,0.00,2,75,0,2,74,6.1,170,177,8.0,19.1,1,3600.00,1013.2,999.6
2022-06-23T11:00,26.0,0.10,62,18.2,29.4,0.10,0.00,0.00,51,11,0,6,8,3.6,167,174,4.8,19.8,1,3600.00,1012.6,999.1
2022-06-23T12:00,27.4,0.00,55,17.6,31.3,0.00,0.00,0.00,0,17,0,13,6,3.3,125,131,4.4,17.3,1,3600.00,1011.9,998.4
2022-06-23T13:00,28.1,0.00,54,18.1,31.4,0.00,0.00,0.00,0,16,4,17,14,6.9,137,137,8.9,16.6,1,3600.00,1011.3,997.9
2022-06-23T14:00,28.9,0.00,51,17.9,32.2,0.00,0.00,0.00,1,32,2,20,14,6.1,135,135,8.1,21.2,1,3600.00,1010.6,997.2
2022-06-23T15:00,29.4,0.00,50,17.9,32.4,0.00,0.00,0.00,1,32,14,20,2,6.0,108,107,8.0,20.9,1,3600.00,1009.9,996.6
2022-06-23T16:00,29.9,0.00,48,17.7,32.1,0.00,0.00,0.00,1,30,15,17,2,6.4,107,106,8.7,19.4,1,3600.00,1008.9,995.6
2022-06-23T17:00,29.7,0.00,47,17.2,31.1,0.00,0.00,0.00,3,99,99,10,6,7.2,126,127,9.8,19.1,1,3600.00,1008.6,995.3
2022-06-23T18:00,28.2,0.40,51,17.2,29.7,0.40,0.00,0.00,51,100,100,10,0,7.2,98,96,10.5,20.5,1,3600.00,1008.6,995.2
2022-06-23T19:00,27.8,0.00,67,21.1,31.8,0.00,0.00,0.00,3,100,100,9,0,2.6,131,146,7.1,16.6,1,1650.73,1008.2,994.8
2022-06-23T20:00,27.9,0.00,52,17.1,29.7,0.00,0.00,0.00,3,100,100,10,0,4.3,147,156,7.3,7.9,1,268.53,1008.2,994.8
2022-06-23T21:00,24.2,0.00,66,17.5,26.0,0.00,0.00,0.00,3,100,99,4,0,5.8,119,94,11.9,10.8,0,0.00,1008.4,994.8
2022-06-23T22:00,22.3,0.80,74,17.5,22.5,0.80,0.00,0.00,53,100,98,71,15,16.9,207,209,30.3,28.4,0,0.00,1009.7,996.0
2022-06-23T23:00,20.1,2.50,87,17.9,21.9,2.50,0.00,0.00,63,100,100,63,6,7.3,188,171,15.6,35.3,0,0.00,1010.4,996.6
2022-06-24T00:00,19.9,0.50,91,18.4,21.9,0.50,0.00,0.00,53,91,87,36,0,7.6,170,135,12.8,14.8,0,0.00,1009.9,996.1
2022-06-24T01:00,20.1,0.30,78,16.2,21.0,0.30,0.00,0.00,51,100,100,100,0,8.3,193,175,15.5,19.4,0,0.00,1010.8,997.0
2022-06-24T02:00,19.2,3.50,91,17.7,20.6,3.50,0.00,0.00,63,100,100,100,2,9.0,183,175,18.0,21.2,0,0.00,1010.3,996.5
2022-06-24T03:00,18.9,3.40,91,17.4,20.7,3.40,0.00,0.00,63,100,100,78,0,6.1,171,130,10.9,19.4,0,0.00,1009.7,995.9
2022-06-24T04:00,18.5,0.10,88,16.5,19.6,0.10,0.00,0.00,51,100,100,3,19,8.2,147,128,15.4,16.2,0,0.00,1009.8,996.0
2022-06-24T05:00,18.1,0.00,89,16.2,19.2,0.00,0.00,0.00,3,98,98,4,14,7.3,175,160,16.3,15.8,1,0.00,1009.7,995.8
2022-06-24T06:00,18.9,0.00,87,16.7,19.8,0.00,0.00,0.00,1,32,14,8,21,9.9,226,213,17.6,20.5,1,555.42,1010.2,996.4
2022-06-24T07:00,19.8,0.00,84,17.0,20.3,0.00,0.00,0.00,3,96,96,2,2,13.2,226,225,19.9,27.4,1,3600.00,1010.0,996.2
2022-06-24T08:00,20.5,0.00,77,16.3,20.3,0.00,0.00,0.00,3,100,100,29,2,16.0,226,224,23.2,34.9,1,3600.00,1010.0,996.2
2022-06-24T09:00,21.7,0.00,67,15.2,21.2,0.00,0.00,0.00,3,100,100,100,0,14.8,222,221,20.9,34.6,1,3600.00,1010.0,996.3
2022-06-24T10:00,22.7,0.00,62,15.1,22.7,0.00,0.00,0.00,2,55,54,0,0,11.5,219,219,15.9,33.5,1,3600.00,1009.4,995.8
2022-06-24T11:00,24.3,0.10,54,14.3,24.7,0.10,0.00,0.00,51,72,59,18,21,13.7,239,240,18.4,32.4,1,3600.00,1009.0,995.4
2022-06-24T12:00,25.2,0.00,51,14.4,26.0,0.00,0.00,0.00,1,33,14,15,14,12.0,230,229,16.1,32.4,1,3600.00,1008.6,995.1
2022-06-24T13:00,24.9,0.00,55,15.4,27.9,0.00,0.00,0.00,3,91,99,3,0,2.0,297,315,2.4,31.7,1,3600.00,1008.1,994.6
2022-06-24T14:00,26.0,0.10,53,15.7,28.6,0.10,0.00,0.00,51,90,76,41,33,5.2,245,245,6.8,18.7,1,3600.00,1008.1,994.6
2022-06-24T15:00,24.1,3.70,60,15.9,24.5,3.70,0.00,0.00,63,100,100,100,46,10.9,228,226,13.5,20.2,1,3600.00,1008.0,994.4
2022-06-24T16:00,19.9,8.70,89,17.9,21.7,8.70,0.00,0.00,65,100,97,97,0,7.4,252,256,14.0,39.6,1,0.00,1009.0,995.2
2022-06-24T17:00,20.7,0.90,84,18.0,22.7,0.90,0.00,0.00,53,100,100,100,0,6.1,228,225,9.2,15.5,1,975.37,1009.3,995.6
2022-06-24T18:00,21.1,0.00,80,17.5,22.4,0.00,0.00,0.00,3,100,100,1,2,9.6,203,200,15.6,19.8,1,0.00,1009.4,995.7
2022-06-24T19:00,19.4,0.00,79,15.6,18.6,0.00,0.00,0.00,3,100,100,30,0,18.4,223,220,31.1,43.6,1,0.00,1010.2,996.4
2022-06-24T20:00,18.4,0.10,85,15.8,18.2,0.10,0.00,0.00,51,100,100,73,0,14.8,224,221,26.0,37.1,1,0.00,1010.9,997.0
2022-06-24T21:00,17.9,0.10,87,15.8,18.0,0.10,0.00,0.00,51,100,100,2,0,12.8,234,232,23.5,30.6,0,0.00,1011.6,997.7
2022-06-24T22:00,17.6,0.00,89,15.8,17.9,0.00,0.00,0.00,3,100,100,40,8,11.7,228,223,22.4,26.6,0,0.00,1012.3,998.4
2022-06-24T23:00,17.5,0.00,89,15.7,17.8,0.00,0.00,0.00,3,100,100,3,1,10.9,228,224,21.2,24.5,0,0.00,1012.6,998.7
2022-06-25T00:00,17.0,0.00,93,15.8,17.7,0.00,0.00,0.00,1,40,33,9,2,9.2,226,219,20.1,23.0,0,0.00,1013.0,999.0
2022-06-25T01:00,17.1,0.00,90,15.4,17.5,0.00,0.00,0.00,1,22,0,12,5,9.7,221,211,18.6,19.8,0,0.00,1013.2,999.2
2022-06-25T02:00,16.0,0.00,94,15.0,16.8,0.00,0.00,0.00,0,6,0,6,0,6.2,219,201,16.1,20.9,0,0.00,1013.5,999.5
2022-06-25T03:00,15.6,0.00,95,14.8,16.3,0.00,0.00,0.00,0,0,0,0,0,6.4,221,207,16.3,14.8,0,0.00,1013.8,999.8
2022-06-25T04:00,15.5,0.00,95,14.7,16.1,0.00,0.00,0.00,0,0,0,0,0,6.3,228,211,16.6,14.8,0,0.00,1013.8,999.8
2022-06-25T05:00,15.5,0.00,95,14.7,16.2,0.00,0.00,0.00,0,0,0,0,0,5.7,224,198,15.0,14.0,1,0.00,1014.3,1000.3
2022-06-25T06:00,16.7,0.00,91,15.2,17.5,0.00,0.00,0.00,0,4,0,1,3,6.3,207,167,12.9,14.0,1,3600.00,1014.6,1000.6
2022-06-25T07:00,18.1,0.00,85,15.4,18.9,0.00,0.00,0.00,0,0,0,0,0,6.8,184,177,9.7,17.6,1,3600.00,1014.9,1001.0
2022-06-25T08:00,19.7,0.00,76,15.4,20.4,0.00,0.00,0.00,1,32,32,0,0,7.5,198,197,10.2,20.2,1,3600.00,1014.9,1001.0
2022-06-25T09:00,21.3,0.00,66,14.7,21.6,0.00,0.00,0.00,1,44,36,1,12,8.4,221,220,11.5,23.0,1,3600.00,1014.7,1000.9
2022-06-25T10:00,22.6,0.00,58,14.0,23.5,0.00,0.00,0.00,0,13,0,8,7,7.1,222,221,9.2,25.2,1,3600.00,1014.2,1000.5
2022-06-25T11:00,23.8,0.10,51,13.1,24.6,0.10,0.00,0.00,51,29,0,25,11,7.4,220,223,9.4,21.2,1,3600.00,1013.7,1000.0
2022-06-25T12:00,24.8,0.10,48,13.1,26.1,0.10,0.00,0.00,51,81,78,10,5,6.9,206,208,9.2,21.6,1,3600.00,1013.1,999.5
2022-06-25T13:00,24.8,0.00,51,13.9,27.0,0.00,0.00,0.00,3,85,11,4,1,5.8,198,202,7.2,21.6,1,3600.00,1013.4,999.8
2022-06-25T14:00,26.0,0.00,45,13.2,27.8,0.00,0.00,0.00,2,53,46,13,1,5.7,197,198,7.5,19.4,1,3600.00,1012.7,999.2
2022-06-25T15:00,26.5,0.00,43,12.9,27.6,0.00,0.00,0.00,3,92,90,18,1,6.1,175,177,8.3,19.1,1,3600.00,1012.3,998.8
2022-06-25T16:00,26.6,0.10,42,12.7,26.3,0.10,0.00,0.00,51,94,90,38,4,8.8,160,161,11.5,21.6,1,3600.00,1011.7,998.2
2022-06-25T17:00,26.4,0.10,43,12.9,25.7,0.10,0.00,0.00,51,88,83,31,0,10.5,158,158,14.4,24.1,1,3600.00,1011.4,997.9
2022-06-25T18:00,25.9,0.00,45,13.1,25.8,0.00,0.00,0.00,3,97,96,20,0,7.7,143,143,10.8,24.1,1,3600.00,1010.9,997.4
2022-06-25T19:00,25.2,0.00,51,14.3,25.9,0.00,0.00,0.00,2,73,71,9,0,5.0,118,111,11.4,16.9,1,3600.00,1010.9,997.4
2022-06-25T20:00,23.5,0.00,55,13.9,23.8,0.00,0.00,0.00,2,77,77,2,0,6.2,111,97,15.4,11.9,1,3480.58,1011.1,997.5
2022-06-25T21:00,21.9,0.00,57,13.0,21.8,0.00,0.00,0.00,2,75,75,2,0,7.3,95,79,18.1,15.8,0,0.00,1011.7,998.0
2022-06-25T22:00,21.1,0.00,59,12.7,20.7,0.00,0.00,0.00,1,36,36,1,0,8.3,105,90,19.4,16.2,0,0.00,1012.1,998.3
2022-06-25T23:00,20.1,0.00,62,12.6,20.0,0.00,0.00,0.00,2,56,13,49,0,6.3,128,114,17.7,16.6,0,0.00,1012.4,998.6
2022-06-26T00:00,20.3,0.00,62,12.7,19.6,0.00,0.00,0.00,3,100,61,100,0,10.5,134,121,22.7,19.8,0,0.00,1012.5,998.7
2022-06-26T01:00,20.2,0.00,63,13.0,20.0,0.00,0.00,0.00,0,12,25,100,0,7.7,188,191,19.2,24.1,0,0.00,1013.4,999.6
2022-06-26T02:00,20.1,0.00,63,12.8,19.5,0.00,0.00,0.00,3,98,98,32,0,10.0,211,195,21.8,19.4,0,0.00,1013.5,999.7
2022-06-26T03:00,18.7,0.00,70,13.0,17.6,0.00,0.00,0.00,3,96,60,90,0,14.1,227,220,25.5,31.3,0,0.00,1014.5,1000.6
2022-06-26T04:00,17.5,0.50,83,14.7,18.0,0.50,0.00,0.00,53,100,57,100,0,6.9,243,242,16.1,28.8,0,0.00,1014.6,1000.6
2022-06-26T05:00,17.6,0.60,89,15.8,19.2,0.60,0.00,0.00,53,96,94,44,0,2.8,247,220,9.0,14.4,1,0.00,1014.6,1000.6
2022-06-26T06:00,18.0,0.00,90,16.3,19.6,0.00,0.00,0.00,0,15,0,15,0,3.6,215,180,5.7,9.7,1,1973.73,1014.7,1000.8
2022-06-26T07:00,18.9,0.00,87,16.6,20.3,0.00,0.00,0.00,0,7,5,2,0,6.2,178,173,8.3,15.8,1,3600.00,1014.9,1001.0
2022-06-26T08:00,20.2,0.00,79,16.5,21.4,0.00,0.00,0.00,1,24,4,0,21,7.1,228,229,9.7,19.4,1,3600.00,1015.5,1001.7
2022-06-26T09:00,21.6,0.00,70,15.9,22.3,0.00,0.00,0.00,2,61,11,8,53,9.0,265,265,11.6,23.4,1,3600.00,1015.8,1002.0
2022-06-26T10:00,22.6,0.10,64,15.4,23.3,0.10,0.00,0.00,51,100,33,4,100,7.3,292,290,9.7,23.4,1,3600.00,1015.8,1002.1
2022-06-26T11:00,22.8,0.10,62,15.2,23.5,0.10,0.00,0.00,51,100,25,1,100,7.1,309,311,9.2,21.2,1,1642.66,1015.9,1002.2
2022-06-26T12:00,23.8,0.00,58,15.0,24.6,0.00,0.00,0.00,3,93,2,90,29,5.8,333,338,7.2,20.2,1,3122.63,1015.5,1001.8
2022-06-26T13:00,26.6,0.00,49,14.9,27.5,0.00,0.00,0.00,2,70,97,97,6,4.8,293,297,5.5,18.0,1,441.48,1014.8,1001.3
2022-06-26T14:00,26.4,0.00,48,14.6,27.0,0.00,0.00,0.00,3,99,5,99,0,5.6,322,320,6.4,19.1,1,3600.00,1014.3,1000.8
2022-06-26T15:00,27.0,0.00,47,14.6,28.4,0.00,0.00,0.00,3,96,96,19,2,4.3,318,318,4.8,18.4,1,3600.00,1014.1,1000.6
2022-06-26T16:00,27.5,0.00,45,14.4,28.4,0.00,0.00,0.00,3,87,87,1,0,6.1,337,332,7.4,17.6,1,3600.00,1013.3,999.8
2022-06-26T17:00,27.7,0.00,43,14.1,28.0,0.00,0.00,0.00,1,26,12,16,0,6.9,358,351,9.0,18.0,1,3600.00,1012.6,999.1
2022-06-26T18:00,27.5,0.00,44,14.1,27.6,0.00,0.00,0.00,0,9,1,8,0,8.0,346,342,10.7,18.4,1,3600.00,1012.3,998.8
2022-06-26T19:00,26.4,0.00,48,14.4,26.5,0.00,0.00,0.00,2,63,61,5,0,9.5,333,331,17.7,20.9,1,3600.00,1012.1,998.6
2022-06-26T20:00,24.5,0.00,54,14.7,24.0,0.00,0.00,0.00,3,98,98,1,0,14.0,338,334,26.5,27.4,1,3482.16,1011.8,998.2
2022-06-26T21:00,22.9,0.00,62,15.3,22.8,0.00,0.00,0.00,3,99,99,1,0,12.8,359,350,24.8,28.8,0,0.00,1012.0,998.3
2022-06-26T22:00,22.1,0.00,66,15.4,22.1,0.00,0.00,0.00,3,100,100,7,0,11.9,12,358,23.9,25.6,0,0.00,1011.6,997.9
2022-06-26T23:00,21.6,0.00,67,15.2,21.8,0.00,0.00,0.00,3,100,100,3,0,10.5,1,344,20.9,23.4,0,0.00,1011.7,998.0
2022-06-27T00:00,21.0,0.00,71,15.5,21.1,0.00,0.00,0.00,3,100,100,42,0,12.3,333,320,21.4,22.0,0,0.00,1012.1,998.3
2022-06-27T01:00,18.1,1.30,83,15.1,16.8,1.30,0.00,0.00,61,100,100,92,0,20.2,1,359,37.1,28.1,0,0.00,1012.9,999.0
2022-06-27T02:00,18.0,4.10,90,16.3,18.8,4.10,0.00,0.00,63,100,100,100,2,9.1,268,252,12.6,41.4,0,0.00,1015.6,1001.7
2022-06-27T03:00,17.6,4.20,92,16.3,17.6,4.20,0.00,0.00,63,100,100,30,0,15.0,61,66,24.7,31.7,0,0.00,1013.5,999.6
2022-06-27T04:00,17.4,0.00,93,16.2,17.4,0.00,0.00,0.00,3,100,100,3,0,14.8,222,225,19.9,32.8,0,0.00,1013.7,999.7
2022-06-27T05:00,16.8,0.00,96,16.2,18.2,0.00,0.00,0.00,3,96,96,4,1,5.3,200,208,13.8,31.3,1,0.00,1014.1,1000.1
2022-06-27T06:00,17.9,0.00,92,16.5,19.5,0.00,0.00,0.00,2,74,8,49,44,4.6,251,252,7.6,13.0,1,3600.00,1014.5,1000.6
2022-06-27T07:00,18.7,0.00,88,16.7,19.5,0.00,0.00,0.00,2,58,5,55,1,10.5,234,232,15.2,22.7,1,3600.00,1014.7,1000.8
2022-06-27T08:00,19.3,0.00,82,16.2,19.8,0.00,0.00,0.00,2,72,21,65,0,11.1,237,234,15.4,26.3,1,3600.00,1015.2,1001.3
2022-06-27T09:00,19.7,0.00,78,15.8,20.0,0.00,0.00,0.00,3,91,59,80,2,11.2,231,230,15.3,25.9,1,2486.72,1015.6,1001.7
2022-06-27T10:00,20.3,0.00,74,15.6,20.4,0.00,0.00,0.00,3,84,37,77,14,12.5,258,258,16.9,29.2,1,3167.85,1015.9,1002.1
2022-06-27T11:00,22.0,0.00,64,14.8,21.6,0.00,0.00,0.00,3,93,21,81,54,14.9,261,262,20.4,35.3,1,3600.00,1016.3,1002.5
2022-06-27T12:00,22.8,0.00,59,14.3,21.9,0.00,0.00,0.00,3,85,63,50,18,15.1,267,267,20.5,34.2,1,3600.00,1016.4,1002.7
2022-06-27T13:00,22.5,0.00,61,14.7,22.4,0.00,0.00,0.00,2,62,100,60,100,18.1,278,276,24.7,36.4,1,3600.00,1017.5,1003.7
2022-06-27T14:00,21.6,0.50,63,14.3,22.0,0.50,0.00,0.00,53,40,10,34,0,6.7,286,286,9.0,37.8,1,0.00,1016.6,1002.8
2022-06-27T15:00,24.2,0.00,51,13.4,23.7,0.00,0.00,0.00,3,100,100,24,52,15.1,258,258,20.6,33.8,1,3600.00,1017.5,1003.8
2022-06-27T16:00,23.6,0.00,52,13.1,21.7,0.00,0.00,0.00,3,99,95,10,65,19.7,278,278,27.2,42.5,1,3600.00,1017.7,1004.0
2022-06-27T17:00,22.2,0.00,51,11.5,20.0,0.00,0.00,0.00,3,89,83,24,13,18.4,281,281,26.1,46.1,1,3600.00,1018.6,1004.8
2022-06-27T18:00,21.9,0.00,50,11.1,20.3,0.00,0.00,0.00,3,88,5,87,0,12.8,280,280,18.3,38.9,1,3600.00,1018.7,1004.9
2022-06-27T19:00,21.2,0.00,51,10.8,19.7,0.00,0.00,0.00,3,99,98,49,0,11.3,281,279,17.6,28.1,1,3600.00,1019.3,1005.5
2022-06-27T20:00,20.4,0.00,55,11.0,19.6,0.00,0.00,0.00,3,100,100,42,0,7.3,281,281,15.7,24.5,1,3070.94,1019.8,1005.9
2022-06-27T21:00,19.5,0.00,58,11.0,18.8,0.00,0.00,0.00,1,24,15,11,0,6.6,266,261,15.9,16.2,0,0.00,1020.4,1006.5
2022-06-27T22:00,18.2,0.00,63,11.1,17.6,0.00,0.00,0.00,1,38,0,35,6,6.8,248,245,17.4,14.0,0,0.00,1020.9,1006.9
2022-06-27T23:00,17.5,0.00,68,11.6,16.8,0.00,0.00,0.00,1,20,8,13,0,7.7,248,242,19.1,15.5,0,0.00,1021.1,1007.1
2022-06-28T00:00,16.3,0.00,76,12.1,16.1,0.00,0.00,0.00,0,2,1,0,1,6.3,291,283,17.3,15.5,0,0.00,1021.5,1007.4
2022-06-28T01:00,18.0,0.00,81,14.7,18.0,0.00,0.00,0.00,0,0,0,73,0,10.5,320,319,19.7,13.0,0,0.00,1022.0,1008.0
2022-06-28T02:00,16.6,0.00,87,14.3,16.9,0.00,0.00,0.00,0,2,2,0,0,7.1,336,336,15.8,21.2,0,0.00,1022.0,1007.9
2022-06-28T03:00,14.9,0.00,93,13.8,15.1,0.00,0.00,0.00,0,5,0,5,0,7.2,358,357,17.7,14.8,0,0.00,1022.0,1007.8
2022-06-28T04:00,13.5,0.00,95,12.7,13.5,0.00,0.00,0.00,0,0,0,0,0,5.8,8,4,12.4,14.4,0,0.00,1022.4,1008.1
2022-06-28T05:00,13.5,0.00,94,12.6,13.7,0.00,0.00,0.00,0,1,0,1,0,4.3,31,24,11.3,10.4,1,0.00,1022.5,1008.2
2022-06-28T06:00,15.3,0.00,88,13.3,15.5,0.00,0.00,0.00,0,1,0,1,0,5.7,47,35,12.2,12.2,1,3600.00,1022.4,1008.2
2022-06-28T07:00,17.2,0.00,79,13.4,17.8,0.00,0.00,0.00,0,0,0,0,0,2.9,82,83,5.4,11.9,1,3600.00,1022.4,1008.3
2022-06-28T08:00,19.2,0.00,66,12.7,19.5,0.00,0.00,0.00,0,0,0,0,0,3.7,65,61,5.2,13.0,1,3600.00,1022.4,1008.4
2022-06-28T09:00,21.2,0.00,50,10.2,20.4,0.00,0.00,0.00,0,2,2,0,0,5.7,59,55,7.6,16.9,1,3600.00,1021.9,1008.0
2022-06-28T10:00,22.8,0.00,40,8.4,22.1,0.00,0.00,0.00,0,0,0,0,0,7.6,48,45,10.2,21.2,1,3600.00,1021.0,1007.2
2022-06-28T11:00,24.2,0.00,35,7.8,24.2,0.00,0.00,0.00,0,0,0,0,0,6.6,53,49,9.0,22.0,1,3600.00,1020.5,1006.8
2022-06-28T12:00,25.4,0.00,33,7.9,25.5,0.00,0.00,0.00,2,73,73,0,0,8.7,51,48,11.5,23.8,1,3600.00,1019.6,1005.9
2022-06-28T13:00,25.6,0.00,34,8.5,25.9,0.00,0.00,0.00,3,100,29,0,0,8.7,46,42,10.9,27.0,1,3600.00,1019.4,1005.8
2022-06-28T14:00,26.4,0.00,32,8.5,26.3,0.00,0.00,0.00,3,99,99,8,0,9.7,71,68,13.0,25.6,1,3600.00,1019.0,1005.4
2022-06-28T15:00,26.3,0.00,32,8.5,24.9,0.00,0.00,0.00,3,99,99,8,0,9.1,73,72,12.4,25.2,1,3600.00,1018.0,1004.4
2022-06-28T16:00,26.5,0.00,33,8.7,24.7,0.00,0.00,0.00,3,100,100,17,0,10.2,100,100,14.3,24.1,1,3600.00,1017.6,1004.0
2022-06-28T17:00,25.4,0.00,37,9.6,22.8,0.00,0.00,0.00,3,100,100,4,0,16.9,104,106,24.1,36.4,1,3600.00,1016.8,1003.2
2022-06-28T18:00,24.7,0.00,39,9.8,22.8,0.00,0.00,0.00,3,100,100,22,2,12.8,85,80,19.2,37.8,1,3600.00,1016.8,1003.1
2022-06-28T19:00,24.0,0.00,42,10.4,22.5,0.00,0.00,0.00,3,100,100,44,0,10.8,33,21,20.3,27.4,1,0.00,1016.1,1002.4
2022-06-28T20:00,23.2,0.00,45,10.6,22.0,0.00,0.00,0.00,3,100,100,17,6,9.7,35,31,21.0,22.7,1,0.00,1015.7,1002.0
2022-06-28T21:00,21.7,0.00,49,10.5,20.6,0.00,0.00,0.00,3,100,100,35,0,8.7,39,38,21.3,19.8,0,0.00,1015.4,1001.6
2022-06-28T22:00,21.3,0.00,50,10.6,20.5,0.00,0.00,0.00,3,100,100,100,1,6.8,65,65,18.2,18.0,0,0.00,1015.5,1001.7
2022-06-28T23:00,21.3,0.00,51,10.9,20.9,0.00,0.00,0.00,3,100,100,99,5,4.0,62,27,12.2,14.8,0,0.00,1015.4,1001.6
2022-06-29T00:00,20.7,0.00,54,11.0,20.4,0.00,0.00,0.00,3,100,100,71,9,4.5,21,346,10.8,9.0,0,0.00,1015.0,1001.2
2022-06-29T01:00,20.9,0.00,60,12.8,21.1,0.00,0.00,0.00,3,100,29,18,3,5.1,68,39,5.8,8.3,0,0.00,1015.1,1001.3
2022-06-29T02:00,18.8,0.00,61,11.0,18.5,0.00,0.00,0.00,3,100,99,51,1,4.6,81,72,6.9,10.8,0,0.00,1014.4,1000.5
2022-06-29T03:00,19.6,0.00,55,10.2,19.3,0.00,0.00,0.00,3,100,82,33,100,2.5,31,8,2.1,8.6,0,0.00,1014.4,1000.5
2022-06-29T04:00,18.7,0.00,69,13.0,19.0,0.00,0.00,0.00,3,100,64,92,100,4.3,337,318,5.5,5.8,0,0.00,1014.6,1000.7
2022-06-29T05:00,19.0,0.00,63,11.7,18.7,0.00,0.00,0.00,1,32,8,24,3,5.3,67,62,14.0,10.1,1,0.00,1014.4,1000.5
2022-06-29T06:00,19.6,0.00,71,14.1,19.9,0.00,0.00,0.00,0,12,0,11,1,6.8,77,72,18.9,13.7,1,3274.49,1014.5,1000.6
2022-06-29T07:00,20.9,0.00,74,16.0,21.8,0.00,0.00,0.00,0,11,0,9,2,8.1,97,103,12.3,20.9,1,3600.00,1014.2,1000.4
2022-06-29T08:00,22.4,0.00,69,16.5,24.2,0.00,0.00,0.00,0,10,0,8,7,3.2,151,153,4.5,18.7,1,3600.00,1014.2,1000.5
2022-06-29T09:00,23.6,0.00,64,16.5,25.4,0.00,0.00,0.00,1,23,0,2,21,2.9,276,277,3.3,13.0,1,3600.00,1014.2,1000.5
2022-06-29T10:00,24.9,0.00,58,15.9,26.6,0.00,0.00,0.00,1,30,0,9,28,5.2,289,286,6.5,17.6,1,3600.00,1013.9,1000.3
2022-06-29T11:00,25.6,0.10,54,15.7,27.2,0.10,0.00,0.00,51,36,0,19,24,6.3,291,294,8.1,19.8,1,3600.00,1013.6,1000.0
2022-06-29T12:00,26.3,0.10,52,15.5,28.1,0.10,0.00,0.00,51,23,0,10,20,5.8,298,300,7.7,19.8,1,3600.00,1013.5,1000.0
2022-06-29T13:00,27.5,0.00,44,14.1,29.6,0.00,0.00,0.00,0,16,0,11,15,4.5,281,284,5.5,22.0,1,3600.00,1013.3,999.8
2022-06-29T14:00,28.5,0.00,41,14.2,31.1,0.00,0.00,0.00,0,5,0,1,4,3.2,297,297,4.0,16.6,1,3600.00,1012.6,999.2
2022-06-29T15:00,28.9,0.00,41,14.1,30.9,0.00,0.00,0.00,0,17,0,8,16,4.0,258,260,5.2,15.5,1,3600.00,1012.2,998.8
2022-06-29T16:00,29.0,0.00,40,13.9,30.0,0.00,0.00,0.00,1,26,0,25,14,4.7,260,261,6.2,16.6,1,3600.00,1011.8,998.4
2022-06-29T17:00,28.8,0.00,40,13.8,29.3,0.00,0.00,0.00,1,45,0,44,13,4.8,254,257,6.4,15.8,1,3600.00,1011.4,998.0
2022-06-29T18:00,28.3,0.00,41,13.8,28.7,0.00,0.00,0.00,1,30,0,28,11,5.2,279,282,6.9,14.8,1,3600.00,1011.2,997.8
2022-06-29T19:00,27.3,0.00,53,17.0,29.5,0.00,0.00,0.00,1,20,0,19,7,2.3,306,309,4.9,13.3,1,3600.00,1011.2,997.7
2022-06-29T20:00,26.4,0.00,51,15.4,27.7,0.00,0.00,0.00,1,32,0,30,19,3.5,356,24,5.1,5.4,1,3470.89,1011.3,997.8
2022-06-29T21:00,25.4,0.00,52,14.7,26.6,0.00,0.00,0.00,1,49,0,48,19,2.4,194,153,1.5,5.4,0,0.00,1012.0,998.4
2022-06-29T22:00,24.0,0.00,56,14.7,24.9,0.00,0.00,0.00,1,37,0,31,29,4.4,238,235,6.8,6.5,0,0.00,1012.1,998.5
2022-06-29T23:00,23.0,0.00,60,14.9,24.3,0.00,0.00,0.00,0,2,0,2,0,2.4,231,153,4.6,6.8,0,0.00,1012.2,998.5
2022-06-30T00:00,20.5,0.00,73,15.5,21.6,0.00,0.00,0.00,0,9,0,9,0,5.1,175,141,7.6,8.3,0,0.00,1012.3,998.5
2022-06-30T01:00,19.5,0.00,78,15.6,20.7,0.00,0.00,0.00,1,20,0,1,0,4.7,148,148,3.4,9.4,0,0.00,1012.5,998.7
2022-06-30T02:00,18.4,0.00,84,15.7,19.6,0.00,0.00,0.00,0,2,0,2,0,5.2,215,164,4.4,8.3,0,0.00,1012.1,998.2
2022-06-30T03:00,18.0,0.00,86,15.6,19.0,0.00,0.00,0.00,0,0,0,0,0,6.1,233,183,7.2,8.6,0,0.00,1012.0,998.1
2022-06-30T04:00,19.6,0.00,79,15.9,21.1,0.00,0.00,0.00,0,0,0,0,0,3.2,247,153,4.7,9.0,0,0.00,1012.1,998.3
2022-06-30T05:00,17.8,0.00,87,15.6,19.2,0.00,0.00,0.00,0,0,0,0,0,3.1,196,126,2.6,6.5,1,0.00,1012.0,998.1
2022-06-30T06:00,19.5,0.00,82,16.2,21.1,0.00,0.00,0.00,0,0,0,0,0,3.5,162,114,1.1,7.6,1,3581.45,1011.9,998.1
2022-06-30T07:00,21.7,0.00,72,16.4,23.5,0.00,0.00,0.00,0,1,1,0,0,2.8,135,140,3.1,10.1,1,3600.00,1011.8,998.1
2022-06-30T08:00,23.9,0.00,64,16.8,25.8,0.00,0.00,0.00,0,0,0,0,0,2.9,85,90,4.0,12.2,1,3600.00,1011.8,998.2
2022-06-30T09:00,25.7,0.00,58,16.8,27.9,0.00,0.00,0.00,0,0,0,0,0,1.3,101,124,1.8,12.2,1,3600.00,1011.8,998.3
2022-06-30T10:00,27.2,0.00,49,15.7,29.4,0.00,0.00,0.00,0,0,0,0,0,2.7,108,113,3.4,13.3,1,3600.00,1011.3,997.8
2022-06-30T11:00,28.5,0.00,41,14.1,31.0,0.00,0.00,0.00,0,0,0,0,0,2.5,135,135,3.6,14.4,1,3600.00,1010.7,997.3
2022-06-30T12:00,29.5,0.00,37,13.2,31.9,0.00,0.00,0.00,3,80,80,0,0,3.6,141,143,4.6,15.8,1,3600.00,1010.2,996.8
2022-06-30T13:00,30.1,0.00,37,13.7,32.7,0.00,0.00,0.00,3,86,14,2,3,5.1,171,172,6.6,18.0,1,3600.00,1009.8,996.5
2022-06-30T14:00,30.7,0.00,35,13.6,32.8,0.00,0.00,0.00,3,97,97,5,0,5.8,155,158,7.6,20.2,1,3600.00,1009.2,995.9
2022-06-30T15:00,31.3,0.00,34,13.3,32.9,0.00,0.00,0.00,2,56,41,25,0,4.2,158,160,5.8,19.8,1,3600.00,1008.7,995.4
2022-06-30T16:00,31.6,0.00,33,13.2,32.0,0.00,0.00,0.00,3,100,100,30,0,7.0,148,145,9.4,19.8,1,3600.00,1008.4,995.2
2022-06-30T17:00,26.8,0.00,49,15.2,25.1,0.00,0.00,0.00,3,100,100,46,0,23.3,173,172,34.1,49.3,1,2688.92,1009.7,996.2
2022-06-30T18:00,25.4,0.00,56,16.1,26.1,0.00,0.00,0.00,2,59,51,15,0,9.4,156,137,25.6,47.5,1,1129.40,1009.3,995.8
2022-06-30T19:00,26.3,0.00,54,16.4,26.9,0.00,0.00,0.00,3,100,100,5,0,10.7,152,140,21.3,24.5,1,3600.00,1009.5,996.0
2022-06-30T20:00,25.6,0.00,58,16.6,26.1,0.00,0.00,0.00,3,88,88,1,0,12.6,184,178,24.2,26.3,1,1663.84,1010.0,996.5
2022-06-30T21:00,22.0,0.00,64,14.8,21.5,0.00,0.00,0.00,3,99,99,11,0,14.1,288,285,22.8,37.1,0,0.00,1011.5,997.8
2022-06-30T22:00,20.7,0.00,69,14.8,20.2,0.00,0.00,0.00,3,100,100,30,0,13.9,250,249,23.0,28.8,0,0.00,1013.2,999.4
2022-06-30T23:00,19.7,0.00,67,13.5,18.4,0.00,0.00,0.00,3,100,100,32,14,16.2,273,271,25.2,33.1,0,0.00,1014.1,1000.3
2022-07-01T00:00,18.1,0.10,67,12.0,16.1,0.10,0.00,0.00,51,100,100,43,10,17.8,280,278,26.7,37.4,0,0.00,1015.1,1001.2
2022-07-01T01:00,15.4,0.30,86,13.0,15.1,0.30,0.00,0.00,51,100,100,100,10,8.4,243,239,13.7,36.7,0,0.00,1017.2,1003.1
2022-07-01T02:00,14.8,3.50,90,13.2,14.1,3.50,0.00,0.00,63,100,100,100,89,11.6,235,234,19.9,25.2,0,0.00,1018.2,1004.1
2022-07-01T03:00,14.5,0.20,86,12.1,13.2,0.20,0.00,0.00,51,100,100,53,0,13.8,263,261,22.5,30.2,0,0.00,1017.4,1003.3
2022-07-01T04:00,14.0,0.00,85,11.6,12.4,0.00,0.00,0.00,3,100,100,30,0,14.2,265,261,23.9,29.2,0,0.00,1017.0,1002.8
2022-07-01T05:00,13.9,0.00,83,11.2,12.6,0.00,0.00,0.00,3,100,100,13,0,11.4,263,259,19.6,28.8,1,0.00,1017.9,1003.7
2022-07-01T06:00,14.2,0.00,82,11.2,13.3,0.00,0.00,0.00,3,100,100,92,13,8.4,256,250,13.4,23.0,1,0.00,1018.4,1004.2
2022-07-01T07:00,14.8,0.50,81,11.6,13.7,0.50,0.00,0.00,53,100,100,100,36,10.5,242,239,15.1,23.0,1,0.00,1019.4,1005.2
2022-07-01T08:00,14.4,1.70,90,12.7,14.0,1.70,0.00,0.00,61,100,97,100,8,8.4,246,245,12.2,22.7,1,0.00,1019.3,1005.1
2022-07-01T09:00,14.7,0.60,88,12.7,14.3,0.60,0.00,0.00,53,100,97,100,38,8.5,244,242,11.6,21.2,1,0.00,1019.5,1005.3
2022-07-01T10:00,15.9,0.20,79,12.3,15.3,0.20,0.00,0.00,51,100,100,49,51,9.2,258,259,12.5,23.0,1,903.35,1020.1,1006.0
2022-07-01T11:00,17.0,0.00,71,11.8,16.3,0.00,0.00,0.00,3,100,100,100,22,8.4,264,263,10.9,21.2,1,0.00,1020.0,1005.9
2022-07-01T12:00,17.9,0.00,64,11.1,17.1,0.00,0.00,0.00,3,96,94,14,19,7.8,258,257,10.7,20.5,1,0.00,1020.1,1006.1
2022-07-01T13:00,17.6,0.20,68,11.7,18.5,0.20,0.00,0.00,51,27,73,100,5,6.4,216,218,8.0,23.4,1,3600.00,1020.6,1006.6
2022-07-01T14:00,19.1,0.00,61,11.3,18.6,0.00,0.00,0.00,1,37,0,36,2,7.4,222,223,9.7,27.4,1,3600.00,1020.2,1006.2
2022-07-01T15:00,19.8,0.10,56,10.8,19.0,0.10,0.00,0.00,51,21,0,14,9,8.6,247,248,11.0,25.2,1,3600.00,1020.2,1006.3
2022-07-01T16:00,20.0,0.10,56,10.8,18.7,0.10,0.00,0.00,51,13,0,12,1,11.8,246,247,15.8,31.0,1,3600.00,1020.2,1006.3
2022-07-01T17:00,20.2,0.00,53,10.3,19.1,0.00,0.00,0.00,0,7,0,7,0,8.2,235,232,11.4,28.1,1,3600.00,1020.7,1006.8
2022-07-01T18:00,20.2,0.00,52,9.9,19.1,0.00,0.00,0.00,1,30,0,30,2,7.3,197,191,9.8,20.5,1,3600.00,1020.7,1006.8
2022-07-01T19:00,19.5,0.00,56,10.5,18.4,0.00,0.00,0.00,1,35,0,35,0,8.6,181,180,14.0,19.8,1,3600.00,1021.1,1007.1
2022-07-01T20:00,18.4,0.00,61,10.7,17.7,0.00,0.00,0.00,0,1,0,1,0,6.6,184,171,15.5,18.4,1,3449.51,1021.2,1007.2
2022-07-01T21:00,17.2,0.00,63,10.2,16.1,0.00,0.00,0.00,0,1,0,1,0,8.4,175,155,17.7,15.8,0,0.00,1021.9,1007.8
2022-07-01T22:00,16.3,0.00,67,10.2,15.1,0.00,0.00,0.00,0,0,0,0,0,8.9,179,159,19.8,17.6,0,0.00,1022.3,1008.2
2022-07-01T23:00,15.4,0.00,70,10.1,14.4,0.00,0.00,0.00,0,0,0,0,0,6.8,194,162,16.7,17.6,0,0.00,1022.7,1008.5
2022-07-02T00:00,14.6,0.00,74,10.0,13.8,0.00,0.00,0.00,0,0,0,0,0,5.8,192,150,14.0,13.3,0,0.00,1023.0,1008.8
2022-07-02T01:00,14.5,0.00,88,12.6,14.3,0.00,0.00,0.00,0,0,0,0,0,6.4,173,133,12.0,11.2,0,0.00,1023.5,1009.3
2022-07-02T02:00,13.2,0.00,91,11.8,12.9,0.00,0.00,0.00,0,0,0,0,0,5.9,163,128,12.1,11.9,0,0.00,1023.4,1009.1
2022-07-02T03:00,12.7,0.00,92,11.4,12.3,0.00,0.00,0.00,0,0,0,0,0,5.6,146,105,10.4,10.4,0,0.00,1023.3,1009.0
2022-07-02T04:00,12.4,0.00,92,11.2,11.9,0.00,0.00,0.00,0,0,0,0,0,6.2,135,100,10.2,11.9,0,0.00,1023.3,1009.0
2022-07-02T05:00,12.4,0.00,93,11.3,11.8,0.00,0.00,0.00,0,0,0,0,0,6.7,128,106,10.5,12.2,1,0.00,1023.6,1009.3
2022-07-02T06:00,14.0,0.00,88,12.0,13.5,0.00,0.00,0.00,0,0,0,0,0,7.6,119,109,13.5,15.8,1,3515.48,1023.6,1009.3
2022-07-02T07:00,16.3,0.00,81,13.0,16.3,0.00,0.00,0.00,0,0,0,0,0,6.4,111,106,13.9,16.2,1,3600.00,1023.7,1009.6
2022-07-02T08:00,18.7,0.00,72,13.5,18.8,0.00,0.00,0.00,0,0,0,0,0,7.0,111,111,10.0,18.4,1,3600.00,1023.7,1009.7
2022-07-02T09:00,20.8,0.00,61,12.9,20.5,0.00,0.00,0.00,0,0,0,0,0,8.4,116,115,11.6,21.6,1,3600.00,1023.2,1009.3
2022-07-02T10:00,22.4,0.00,50,11.4,22.1,0.00,0.00,0.00,0,0,0,0,0,10.1,118,117,13.8,25.6,1,3600.00,1022.9,1009.1
2022-07-02T11:00,23.6,0.00,45,10.9,23.9,0.00,0.00,0.00,0,0,0,0,0,9.7,117,117,12.9,25.6,1,3600.00,1022.5,1008.7
2022-07-02T12:00,24.5,0.00,44,11.3,25.5,0.00,0.00,0.00,0,0,0,0,0,9.0,120,119,12.1,25.2,1,3600.00,1022.1,1008.4
2022-07-02T13:00,25.5,0.00,41,11.3,26.4,0.00,0.00,0.00,0,1,0,1,5,9.5,128,127,12.8,24.8,1,3600.00,1021.6,1007.9
2022-07-02T14:00,25.8,0.00,40,11.3,26.3,0.00,0.00,0.00,0,13,0,1,12,10.0,121,120,13.4,25.2,1,3600.00,1020.8,1007.1
2022-07-02T15:00,26.0,0.00,40,11.2,25.9,0.00,0.00,0.00,0,8,0,0,8,11.8,115,113,15.5,28.1,1,3600.00,1019.9,1006.3
2022-07-02T16:00,26.2,0.00,38,11.0,25.5,0.00,0.00,0.00,0,0,0,0,0,12.1,122,120,16.5,28.1,1,3600.00,1019.4,1005.8
2022-07-02T17:00,26.0,0.00,39,11.1,24.7,0.00,0.00,0.00,0,0,0,0,0,11.5,124,122,16.1,27.7,1,3600.00,1019.0,1005.4
2022-07-02T18:00,25.6,0.00,41,11.4,24.7,0.00,0.00,0.00,0,0,0,0,0,9.2,124,121,14.8,25.6,1,3600.00,1018.6,1005.0
2022-07-02T19:00,24.4,0.00,51,13.6,24.7,0.00,0.00,0.00,0,0,0,0,0,5.5,120,113,12.9,20.9,1,3600.00,1018.3,1004.6
2022-07-02T20:00,21.9,0.00,58,13.2,22.0,0.00,0.00,0.00,0,0,0,0,0,6.1,110,90,14.9,11.9,1,3434.62,1018.0,1004.2
2022-07-02T21:00,20.6,0.00,58,11.9,19.8,0.00,0.00,0.00,0,0,0,0,0,9.0,107,90,20.4,17.3,0,0.00,1018.1,1004.2
2022-07-02T22:00,20.1,0.00,55,10.9,18.8,0.00,0.00,0.00,0,0,0,0,0,10.9,110,98,24.5,21.2,0,0.00,1018.1,1004.2
2022-07-02T23:00,19.6,0.00,56,10.7,18.0,0.00,0.00,0.00,0,0,0,0,0,12.3,116,105,27.2,24.5,0,0.00,1018.2,1004.3
2022-07-03T00:00,18.8,0.00,60,10.8,17.2,0.00,0.00,0.00,0,0,0,0,0,12.4,123,112,26.8,25.2,0,0.00,1018.1,1004.2
2022-07-03T01:00,18.2,0.00,65,11.6,17.2,0.00,0.00,0.00,0,0,0,0,0,10.5,144,117,20.9,24.5,0,0.00,1017.9,1003.9
2022-07-03T02:00,17.0,0.00,73,12.0,16.3,0.00,0.00,0.00,0,0,0,0,0,8.9,156,117,15.3,19.4,0,0.00,1018.1,1004.1
2022-07-03T03:00,16.1,0.00,78,12.3,15.7,0.00,0.00,0.00,0,0,0,0,0,7.8,176,124,15.5,17.6,0,0.00,1018.0,1003.9
2022-07-03T04:00,15.9,0.00,81,12.6,15.8,0.00,0.00,0.00,0,0,0,0,0,5.9,197,133,13.9,14.8,0,0.00,1017.9,1003.8
2022-07-03T05:00,16.7,0.00,79,13.0,16.5,0.00,0.00,0.00,0,0,0,0,0,8.3,200,162,19.1,16.6,1,0.00,1018.3,1004.3
2022-07-03T06:00,18.0,0.00,75,13.5,17.8,0.00,0.00,0.00,0,0,0,0,0,8.6,207,182,19.0,17.6,1,3479.46,1018.6,1004.6
2022-07-03T07:00,19.5,0.00,69,13.6,19.4,0.00,0.00,0.00,0,0,0,0,0,8.7,209,197,15.6,19.4,1,3600.00,1018.8,1004.9
2022-07-03T08:00,21.1,0.00,62,13.4,20.7,0.00,0.00,0.00,0,0,0,0,0,10.2,216,212,14.7,24.1,1,3600.00,1019.1,1005.2
2022-07-03T09:00,23.1,0.00,55,13.5,22.9,0.00,0.00,0.00,0,1,1,0,0,8.7,219,218,12.0,24.5,1,3600.00,1019.0,1005.2
2022-07-03T10:00,25.0,0.00,50,13.7,26.0,0.00,0.00,0.00,0,11,11,0,0,6.6,230,229,8.4,22.3,1,3600.00,1018.8,1005.1
2022-07-03T11:00,26.5,0.00,45,13.4,28.1,0.00,0.00,0.00,1,20,20,0,0,6.5,237,236,8.6,19.4,1,3600.00,1018.7,1005.1
2022-07-03T12:00,27.6,0.00,40,12.9,29.2,0.00,0.00,0.00,2,52,52,0,1,7.7,232,233,10.0,21.6,1,3600.00,1018.3,1004.8
2022-07-03T13:00,28.5,0.00,37,12.2,29.3,0.00,0.00,0.00,3,86,91,0,4,12.0,222,221,15.5,24.1,1,3600.00,1017.5,1004.0
2022-07-03T14:00,28.7,0.00,36,12.0,29.1,0.00,0.00,0.00,1,23,22,0,1,12.3,219,218,16.1,29.5,1,3600.00,1017.0,1003.5
2022-07-03T15:00,29.1,0.00,35,12.0,29.4,0.00,0.00,0.00,0,13,13,0,0,11.5,223,221,15.3,29.5,1,3600.00,1016.7,1003.2
2022-07-03T16:00,29.4,0.00,34,11.9,28.9,0.00,0.00,0.00,2,53,53,2,0,12.2,229,227,16.6,28.4,1,3600.00,1016.3,1002.9
2022-07-03T17:00,29.2,0.00,34,11.9,28.1,0.00,0.00,0.00,1,46,40,9,0,11.2,254,255,16.1,27.7,1,3600.00,1016.0,1002.6
2022-07-03T18:00,28.3,0.00,34,11.1,27.0,0.00,0.00,0.00,1,23,10,14,0,10.8,272,274,17.3,25.9,1,3600.00,1016.1,1002.6
2022-07-03T19:00,26.8,0.00,43,13.1,26.9,0.00,0.00,0.00,0,15,0,15,0,6.2,279,280,15.3,24.5,1,3600.00,1015.9,1002.4
2022-07-03T20:00,24.4,0.00,49,13.1,24.4,0.00,0.00,0.00,0,1,0,1,0,6.6,280,279,16.1,14.4,1,3417.18,1016.1,1002.4
2022-07-03T21:00,23.6,0.00,43,10.3,22.4,0.00,0.00,0.00,1,23,0,23,0,9.1,294,279,23.7,18.0,0,0.00,1016.8,1003.1
2022-07-03T22:00,21.9,0.00,54,12.1,20.4,0.00,0.00,0.00,0,8,0,7,1,14.5,354,353,26.8,35.3,0,0.00,1018.3,1004.5
2022-07-03T23:00,20.5,0.00,60,12.5,19.0,0.00,0.00,0.00,0,0,0,0,0,15.3,353,352,28.7,32.4,0,0.00,1018.3,1004.4
2022-07-04T00:00,19.2,0.00,65,12.5,18.5,0.00,0.00,0.00,0,3,0,3,0,9.6,353,347,21.0,30.6,0,0.00,1019.0,1005.1
2022-07-04T01:00,20.0,0.00,60,11.9,18.2,0.00,0.00,0.00,1,34,73,18,0,16.0,337,329,30.2,19.8,0,0.00,1018.7,1004.8
2022-07-04T02:00,19.2,0.00,63,12.0,17.9,0.00,0.00,0.00,0,3,0,3,0,13.2,346,343,25.2,32.4,0,0.00,1018.5,1004.6
2022-07-04T03:00,17.8,0.00,69,12.1,17.3,0.00,0.00,0.00,1,34,32,4,0,8.2,342,337,19.4,26.3,0,0.00,1019.0,1005.0
2022-07-04T04:00,16.8,0.00,74,12.2,16.4,0.00,0.00,0.00,1,28,4,25,8,7.5,336,325,17.4,16.9,0,0.00,1019.8,1005.7
2022-07-04T05:00,16.6,0.00,75,12.2,15.9,0.00,0.00,0.00,0,8,0,7,2,9.4,342,337,19.7,18.7,1,0.00,1020.1,1006.0
2022-07-04T06:00,17.2,0.00,74,12.6,16.8,0.00,0.00,0.00,2,74,74,0,0,8.2,343,331,17.3,19.1,1,3440.98,1020.4,1006.3
2022-07-04T07:00,18.4,0.00,69,12.7,18.0,0.00,0.00,0.00,3,97,97,0,0,8.7,348,343,12.5,20.2,1,3600.00,1020.4,1006.4
2022-07-04T08:00,19.9,0.00,64,12.9,19.7,0.00,0.00,0.00,0,0,0,0,0,7.4,352,346,10.2,20.5,1,3600.00,1020.5,1006.6
2022-07-04T09:00,21.5,0.00,57,12.8,21.2,0.00,0.00,0.00,0,0,0,0,0,7.8,343,338,10.1,21.6,1,3600.00,1020.1,1006.3
2022-07-04T10:00,22.8,0.00,51,12.2,23.3,0.00,0.00,0.00,0,0,0,0,0,6.7,326,324,8.3,21.6,1,3600.00,1020.0,1006.2
2022-07-04T11:00,23.8,0.00,46,11.6,24.6,0.00,0.00,0.00,0,0,0,0,0,7.9,312,313,10.2,22.7,1,3600.00,1019.9,1006.2
2022-07-04T12:00,24.6,0.00,43,11.1,25.7,0.00,0.00,0.00,2,58,58,0,0,7.1,312,311,9.2,23.0,1,3600.00,1019.4,1005.7
2022-07-04T13:00,25.4,0.00,39,10.3,27.0,0.00,0.00,0.00,2,52,98,0,0,4.3,330,336,5.0,22.3,1,3600.00,1019.4,1005.7
2022-07-04T14:00,26.0,0.00,36,9.7,26.2,0.00,0.00,0.00,3,100,100,0,0,7.1,328,330,8.9,20.2,1,3600.00,1018.5,1004.9
2022-07-04T15:00,26.5,0.00,32,8.7,25.7,0.00,0.00,0.00,1,28,25,4,0,11.0,327,328,14.6,27.0,1,3600.00,1017.9,1004.3
2022-07-04T16:00,26.8,0.00,32,8.5,25.4,0.00,0.00,0.00,2,59,58,2,0,11.3,330,329,15.3,28.4,1,3600.00,1017.3,1003.7
2022-07-04T17:00,26.7,0.00,32,8.5,25.1,0.00,0.00,0.00,3,95,95,0,0,8.4,335,335,11.1,26.6,1,3600.00,1017.2,1003.6
2022-07-04T18:00,26.6,0.00,33,9.1,25.7,0.00,0.00,0.00,3,100,100,0,0,4.8,335,333,7.6,19.8,1,3600.00,1017.2,1003.6
2022-07-04T19:00,25.1,0.00,39,10.1,24.2,0.00,0.00,0.00,3,100,100,15,0,6.3,19,13,14.1,13.7,1,852.47,1017.5,1003.9
2022-07-04T20:00,23.4,0.00,41,9.3,21.7,0.00,0.00,0.00,3,100,100,15,0,10.2,42,39,21.4,22.0,1,0.00,1017.8,1004.1
2022-07-04T21:00,21.8,0.00,44,9.1,20.4,0.00,0.00,0.00,3,88,87,9,0,8.1,59,69,18.1,20.9,0,0.00,1018.0,1004.2
2022-07-04T22:00,19.5,0.00,55,10.1,18.7,0.00,0.00,0.00,2,68,55,29,0,5.6,78,75,12.5,15.5,0,0.00,1018.5,1004.6
2022-07-04T23:00,18.4,0.00,58,9.9,17.4,0.00,0.00,0.00,2,52,47,10,0,6.6,18,9,14.8,11.5,0,0.00,1018.9,1004.9
2022-07-05T00:00,18.0,0.00,57,9.2,16.8,0.00,0.00,0.00,0,2,0,2,0,6.6,29,29,19.0,15.5,0,0.00,1019.2,1005.2
2022-07-05T01:00,18.2,0.00,55,9.0,16.5,0.00,0.00,0.00,0,12,0,0,0,9.9,26,33,23.2,13.7,0,0.00,1019.6,1005.6
2022-07-05T02:00,16.8,0.00,60,9.0,15.6,0.00,0.00,0.00,0,5,0,5,0,6.6,31,29,19.4,19.4,0,0.00,1019.6,1005.5
2022-07-05T03:00,15.1,0.00,70,9.7,14.1,0.00,0.00,0.00,0,2,0,2,0,6.3,5,336,12.3,13.3,0,0.00,1019.7,1005.6
2022-07-05T04:00,14.9,0.00,73,10.1,14.1,0.00,0.00,0.00,0,0,0,0,0,5.8,360,356,9.4,10.4,0,0.00,1019.8,1005.6
2022-07-05T05:00,16.1,0.00,65,9.4,15.5,0.00,0.00,0.00,0,7,0,7,0,3.1,16,45,5.2,9.0,1,0.00,1020.1,1006.0
2022-07-05T06:00,16.4,0.00,69,10.7,16.4,0.00,0.00,0.00,0,15,0,15,2,1.3,352,34,2.5,5.0,1,3400.13,1020.8,1006.7
2022-07-05T07:00,18.5,0.00,62,11.0,18.8,0.00,0.00,0.00,1,25,0,25,5,0.0,72,270,1.1,6.5,1,3600.00,1021.1,1007.1
2022-07-05T08:00,20.4,0.00,56,11.3,20.5,0.00,0.00,0.00,0,19,0,14,7,2.3,293,288,2.7,10.8,1,3600.00,1021.3,1007.4
2022-07-05T09:00,22.3,0.00,50,11.5,22.1,0.00,0.00,0.00,0,3,2,2,0,4.6,313,309,5.9,15.5,1,3600.00,1021.3,1007.5
2022-07-05T10:00,24.2,0.00,44,11.1,24.1,0.00,0.00,0.00,0,3,0,3,0,7.9,319,317,10.0,21.6,1,3600.00,1021.1,1007.4
2022-07-05T11:00,25.5,0.00,38,10.2,25.5,0.00,0.00,0.00,1,22,0,22,2,8.6,305,303,11.4,23.8,1,3600.00,1020.8,1007.1
2022-07-05T12:00,26.3,0.00,36,9.8,26.5,0.00,0.00,0.00,0,10,0,10,1,8.2,297,299,10.9,24.1,1,3600.00,1020.6,1007.0
2022-07-05T13:00,26.7,0.00,32,8.8,26.5,0.00,0.00,0.00,1,27,0,64,0,9.5,296,295,12.4,23.4,1,3600.00,1020.7,1007.1
2022-07-05T14:00,26.7,0.00,31,8.4,25.6,0.00,0.00,0.00,1,30,0,30,0,10.0,287,285,13.2,27.0,1,3600.00,1020.2,1006.6
2022-07-05T15:00,27.8,0.00,27,6.9,26.1,0.00,0.00,0.00,1,48,0,48,0,8.4,264,260,11.2,25.2,1,3600.00,1019.7,1006.1
2022-07-05T16:00,28.3,0.00,25,6.2,25.6,0.00,0.00,0.00,2,67,0,67,0,13.9,288,287,19.4,31.0,1,3600.00,1019.0,1005.5
2022-07-05T17:00,26.5,0.00,29,7.0,23.1,0.00,0.00,0.00,1,36,0,36,0,18.2,321,322,25.9,39.6,1,3600.00,1018.8,1005.2
2022-07-05T18:00,26.8,0.00,26,5.8,23.6,0.00,0.00,0.00,1,39,0,39,0,14.3,315,317,21.9,38.5,1,3600.00,1018.7,1005.1
2022-07-05T19:00,24.2,0.00,39,9.3,21.4,0.00,0.00,0.00,0,12,0,12,0,18.1,355,353,30.0,42.1,1,3600.00,1019.1,1005.4
2022-07-05T20:00,23.0,0.00,42,9.3,21.2,0.00,0.00,0.00,0,1,0,1,0,11.2,360,358,23.4,36.7,1,3374.77,1019.6,1005.8
2022-07-05T21:00,21.6,0.00,44,8.7,19.3,0.00,0.00,0.00,0,18,17,2,0,13.3,358,357,26.3,30.6,0,0.00,1020.4,1006.6
2022-07-05T22:00,20.6,0.00,45,8.2,18.2,0.00,0.00,0.00,1,28,28,0,0,13.1,351,351,26.6,27.4,0,0.00,1021.1,1007.2
2022-07-05T23:00,19.8,0.00,45,7.4,17.1,0.00,0.00,0.00,0,1,0,1,0,13.9,345,343,27.6,28.4,0,0.00,1022.0,1008.0
2022-07-06T00:00,18.6,0.00,49,7.8,15.9,0.00,0.00,0.00,1,35,33,3,0,14.6,344,340,26.9,30.6,0,0.00,1022.8,1008.8
2022-07-06T01:00,18.3,0.00,59,10.1,16.6,0.00,0.00,0.00,0,5,9,3,0,12.2,342,336,23.8,29.5,0,0.00,1022.8,1008.8
2022-07-06T02:00,17.3,0.00,65,10.7,15.8,0.00,0.00,0.00,0,2,0,2,0,11.8,340,337,24.5,25.2,0,0.00,1023.1,1009.0
2022-07-06T03:00,16.7,0.00,70,11.1,15.4,0.00,0.00,0.00,0,10,0,10,2,11.3,347,343,23.3,24.5,0,0.00,1023.0,1008.9
2022-07-06T04:00,16.3,0.00,72,11.2,15.1,0.00,0.00,0.00,1,34,4,31,6,10.8,345,339,22.0,23.0,0,0.00,1023.3,1009.2
2022-07-06T05:00,16.0,0.00,73,11.2,14.6,0.00,0.00,0.00,2,69,26,58,5,11.9,341,335,22.1,24.1,1,0.00,1023.6,1009.4
2022-07-06T06:00,16.3,0.00,72,11.1,14.7,0.00,0.00,0.00,2,66,65,2,2,13.0,340,336,21.9,26.6,1,3357.03,1023.9,1009.8
2022-07-06T07:00,17.0,0.00,66,10.7,15.0,0.00,0.00,0.00,0,3,0,3,0,15.0,342,339,21.6,32.4,1,3600.00,1024.3,1010.2
2022-07-06T08:00,18.1,0.00,61,10.5,16.3,0.00,0.00,0.00,1,22,13,0,10,13.1,341,339,17.9,32.4,1,3600.00,1024.5,1010.4
2022-07-06T09:00,19.3,0.00,57,10.5,17.8,0.00,0.00,0.00,2,54,43,0,19,11.3,336,333,15.0,29.9,1,3600.00,1024.4,1010.4
2022-07-06T10:00,20.6,0.00,52,10.4,19.7,0.00,0.00,0.00,1,38,20,2,22,10.7,322,320,14.1,28.1,1,3600.00,1024.1,1010.2
2022-07-06T11:00,21.6,0.00,48,10.1,20.7,0.00,0.00,0.00,1,34,6,2,29,12.5,303,303,16.4,31.3,1,3600.00,1024.2,1010.3
2022-07-06T12:00,22.2,0.00,44,9.2,21.2,0.00,0.00,0.00,1,20,12,0,8,13.3,303,303,17.7,32.8,1,3600.00,1024.3,1010.4
2022-07-06T13:00,22.0,0.00,43,8.9,21.9,0.00,0.00,0.00,1,28,15,7,11,10.8,305,307,13.7,33.1,1,3600.00,1024.3,1010.4
2022-07-06T14:00,22.5,0.00,39,7.9,21.7,0.00,0.00,0.00,2,53,51,0,3,12.5,317,319,16.3,31.3,1,3600.00,1023.8,1010.0
2022-07-06T15:00,22.8,0.00,34,6.3,21.1,0.00,0.00,0.00,3,91,91,0,1,13.5,316,316,18.1,33.5,1,3600.00,1023.5,1009.7
2022-07-06T16:00,23.0,0.00,33,5.9,20.5,0.00,0.00,0.00,3,100,100,0,0,15.0,319,318,20.2,34.6,1,3600.00,1023.1,1009.3
2022-07-06T17:00,21.9,0.00,35,5.6,18.5,0.00,0.00,0.00,3,100,100,0,0,16.1,326,326,22.1,34.9,1,3600.00,1022.6,1008.7
2022-07-06T18:00,20.6,0.00,37,5.3,16.9,0.00,0.00,0.00,3,100,100,0,0,17.1,338,338,25.2,37.1,1,0.00,1022.9,1009.0
2022-07-06T19:00,19.8,0.00,40,5.7,16.6,0.00,0.00,0.00,3,100,100,0,0,14.3,337,335,21.9,36.0,1,0.00,1023.0,1009.0
2022-07-06T20:00,18.8,0.00,43,5.9,16.1,0.00,0.00,0.00,0,0,0,0,0,11.3,335,333,20.3,29.9,1,2435.51,1023.1,1009.1
2022-07-06T21:00,16.4,0.00,55,7.2,14.8,0.00,0.00,0.00,0,1,1,0,0,5.6,332,320,13.0,23.0,0,0.00,1023.4,1009.3
2022-07-06T22:00,17.9,0.00,46,6.0,16.6,0.00,0.00,0.00,0,0,0,0,0,2.0,360,135,6.1,11.2,0,0.00,1023.4,1009.3
2022-07-06T23:00,17.8,0.00,46,6.0,16.6,0.00,0.00,0.00,1,32,29,4,0,1.5,344,166,5.2,5.4,0,0.00,1023.4,1009.3
2022-07-07T00:00,14.6,0.00,65,8.2,13.1,0.00,0.00,0.00,1,44,14,43,0,6.8,280,273,10.6,11.2,0,0.00,1023.4,1009.2
2022-07-07T01:00,16.1,0.00,61,8.5,14.9,0.00,0.00,0.00,1,32,63,81,0,5.5,270,247,6.8,10.8,0,0.00,1023.1,1009.0
2022-07-07T02:00,14.7,0.00,70,9.2,13.5,0.00,0.00,0.00,2,61,26,54,0,6.6,249,241,9.2,9.7,0,0.00,1022.8,1008.6
2022-07-07T03:00,15.0,0.00,66,8.6,13.7,0.00,0.00,0.00,1,34,21,16,0,6.4,232,218,16.9,12.6,0,0.00,1022.3,1008.1
2022-07-07T04:00,14.6,0.00,68,8.8,13.2,0.00,0.00,0.00,3,89,88,7,2,7.6,227,211,19.1,15.5,0,0.00,1022.1,1007.9
2022-07-07T05:00,14.5,0.00,68,8.8,13.2,0.00,0.00,0.00,1,40,1,24,23,6.8,227,205,17.8,15.8,1,0.00,1021.9,1007.7
2022-07-07T06:00,15.7,0.00,66,9.3,14.2,0.00,0.00,0.00,3,100,87,71,100,8.6,230,202,19.4,16.9,1,3311.78,1021.7,1007.6
2022-07-07T07:00,16.9,0.00,61,9.3,15.5,0.00,0.00,0.00,3,100,75,40,100,8.1,223,212,13.8,19.4,1,0.00,1021.4,1007.3
2022-07-07T08:00,18.8,0.00,57,10.1,17.4,0.00,0.00,0.00,2,77,0,72,33,9.4,230,223,13.6,22.3,1,1496.33,1021.1,1007.1
2022-07-07T09:00,20.8,0.00,55,11.5,19.1,0.00,0.00,0.00,3,99,0,99,30,14.3,255,252,19.7,32.0,1,3600.00,1020.9,1007.0
2022-07-07T10:00,21.1,0.50,58,12.5,19.3,0.50,0.00,0.00,53,100,0,100,49,18.1,284,283,25.9,42.5,1,2733.39,1020.7,1006.8
2022-07-07T11:00,21.7,0.00,55,12.3,19.7,0.00,0.00,0.00,3,100,0,100,76,18.9,285,284,27.2,41.8,1,1681.29,1020.6,1006.8
2022-07-07T12:00,20.3,0.40,64,13.2,18.8,0.40,0.00,0.00,51,100,0,99,54,17.0,303,302,25.8,43.9,1,0.00,1021.2,1007.3
2022-07-07T13:00,18.0,0.20,79,14.3,17.1,0.20,0.00,0.00,51,100,0,100,47,15.8,317,317,25.0,48.2,1,288.44,1022.4,1008.4
2022-07-07T14:00,19.6,0.20,65,12.8,18.2,0.20,0.00,0.00,51,32,0,18,26,15.3,331,330,22.7,34.2,1,268.15,1022.4,1008.4
2022-07-07T15:00,22.2,0.00,49,11.1,19.6,0.00,0.00,0.00,3,100,0,100,100,23.0,324,325,32.5,48.6,1,3600.00,1022.3,1008.5
2022-07-07T16:00,20.3,0.00,55,11.0,17.8,0.00,0.00,0.00,3,99,0,63,99,19.1,325,324,28.5,50.0,1,0.00,1023.0,1009.1
2022-07-07T17:00,21.2,0.00,52,11.0,18.3,0.00,0.00,0.00,3,100,0,100,100,21.9,324,324,32.0,45.7,1,1446.71,1023.0,1009.1
2022-07-07T18:00,20.6,0.00,55,11.1,17.6,0.00,0.00,0.00,3,100,0,100,88,23.0,320,319,35.0,47.9,1,0.00,1023.0,1009.1
2022-07-07T19:00,19.8,0.00,59,11.5,17.1,0.00,0.00,0.00,3,100,0,99,100,21.5,322,322,32.3,49.0,1,0.00,1023.6,1009.6
2022-07-07T20:00,19.1,0.00,63,11.8,17.1,0.00,0.00,0.00,0,19,0,14,6,17.3,326,324,28.3,45.0,1,0.00,1024.2,1010.2
2022-07-07T21:00,17.8,0.00,68,11.8,16.3,0.00,0.00,0.00,0,10,0,0,10,14.1,324,320,25.8,36.4,0,0.00,1025.1,1011.0
2022-07-07T22:00,17.0,0.00,72,11.9,15.6,0.00,0.00,0.00,0,15,0,2,15,13.5,320,316,24.8,29.5,0,0.00,1025.7,1011.6
2022-07-07T23:00,16.5,0.00,74,11.8,14.8,0.00,0.00,0.00,0,16,0,0,16,14.9,326,323,27.3,30.6,0,0.00,1026.4,1012.2
2022-07-08T00:00,15.9,0.00,68,10.0,13.6,0.00,0.00,0.00,0,3,0,0,3,15.6,337,334,28.1,33.8,0,0.00,1027.3,1013.1
2022-07-08T01:00,15.0,0.00,64,8.3,12.7,0.00,0.00,0.00,0,15,0,0,0,12.9,337,333,24.2,32.4,0,0.00,1028.2,1013.9
2022-07-08T02:00,14.1,0.00,68,8.2,12.2,0.00,0.00,0.00,0,6,0,0,6,9.6,343,340,20.4,26.3,0,0.00,1028.7,1014.4
2022-07-08T03:00,13.3,0.00,72,8.4,11.7,0.00,0.00,0.00,0,9,0,0,9,8.3,345,342,19.4,20.2,0,0.00,1029.1,1014.7
2022-07-08T04:00,12.8,0.00,75,8.5,11.5,0.00,0.00,0.00,0,5,0,0,5,6.3,351,347,16.4,18.0,0,0.00,1029.3,1014.9
2022-07-08T05:00,11.8,0.00,82,8.9,10.8,0.00,0.00,0.00,0,4,0,0,4,4.4,358,9,11.9,14.0,1,0.00,1029.7,1015.3
2022-07-08T06:00,13.3,0.00,75,9.1,12.6,0.00,0.00,0.00,0,7,0,0,7,3.4,360,18,7.2,9.7,1,3264.51,1030.0,1015.6
2022-07-08T07:00,14.8,0.00,67,8.7,13.9,0.00,0.00,0.00,0,1,0,0,1,3.9,330,326,5.8,12.2,1,3600.00,1030.2,1015.9
2022-07-08T08:00,16.1,0.00,58,7.8,14.0,0.00,0.00,0.00,3,100,0,0,100,10.5,353,352,14.2,24.8,1,3600.00,1030.6,1016.4
2022-07-08T09:00,16.8,0.00,54,7.5,14.9,0.00,0.00,0.00,2,71,0,0,71,8.8,348,348,11.8,25.2,1,3496.92,1030.6,1016.4
2022-07-08T10:00,18.1,0.00,48,6.9,16.1,0.00,0.00,0.00,0,6,0,0,6,7.9,346,344,10.4,22.7,1,3600.00,1030.1,1016.0
2022-07-08T11:00,19.5,0.00,45,7.4,18.6,0.00,0.00,0.00,1,26,0,0,26,8.1,340,339,10.7,23.4,1,3600.00,1030.1,1016.0
2022-07-08T12:00,20.7,0.00,43,7.5,20.4,0.00,0.00,0.00,0,0,0,0,0,9.0,338,337,11.6,25.2,1,3600.00,1030.0,1016.0
2022-07-08T13:00,20.9,0.00,40,6.9,20.9,0.00,0.00,0.00,0,0,0,1,7,7.3,344,340,9.0,27.0,1,3600.00,1030.5,1016.5
2022-07-08T14:00,22.0,0.00,38,7.1,21.9,0.00,0.00,0.00,0,1,0,0,1,6.9,324,321,9.3,22.3,1,3600.00,1029.9,1015.9
2022-07-08T15:00,22.6,0.00,36,6.7,21.5,0.00,0.00,0.00,0,1,0,0,1,10.9,328,326,14.1,27.7,1,3600.00,1029.6,1015.7
2022-07-08T16:00,22.8,0.00,35,6.4,21.3,0.00,0.00,0.00,0,1,0,0,1,8.9,339,339,12.0,28.1,1,3600.00,1029.2,1015.3
2022-07-08T17:00,23.3,0.00,35,7.2,21.7,0.00,0.00,0.00,0,3,0,1,2,5.8,53,60,7.7,23.8,1,3600.00,1028.6,1014.7
2022-07-08T18:00,23.2,0.00,37,7.8,21.9,0.00,0.00,0.00,0,13,0,13,0,5.1,41,39,6.6,17.6,1,3600.00,1028.3,1014.4
2022-07-08T19:00,22.6,0.00,42,9.0,21.7,0.00,0.00,0.00,0,10,0,10,0,4.2,301,301,7.6,12.2,1,3600.00,1028.0,1014.1
2022-07-08T20:00,20.1,0.00,57,11.3,19.8,0.00,0.00,0.00,2,51,0,50,1,5.0,284,291,8.9,10.1,1,3292.68,1028.2,1014.2
2022-07-08T21:00,19.1,0.00,58,10.6,18.3,0.00,0.00,0.00,0,9,1,7,1,6.3,321,336,9.7,10.8,0,0.00,1028.5,1014.4
2022-07-08T22:00,18.7,0.00,56,9.8,17.7,0.00,0.00,0.00,0,6,0,6,0,6.5,347,354,11.1,10.4,0,0.00,1028.5,1014.4
2022-07-08T23:00,16.2,0.00,71,11.0,15.5,0.00,0.00,0.00,0,6,6,0,0,7.2,356,6,11.2,11.2,0,0.00,1028.6,1014.4
2022-07-09T00:00,15.6,0.00,75,11.1,15.1,0.00,0.00,0.00,2,68,67,0,4,5.1,18,39,11.4,11.2,0,0.00,1028.4,1014.2
2022-07-09T01:00,15.9,0.00,79,12.3,15.7,0.00,0.00,0.00,0,5,0,0,0,6.2,23,36,13.7,10.4,0,0.00,1028.5,1014.3
2022-07-09T02:00,14.8,0.00,85,12.2,14.7,0.00,0.00,0.00,2,73,73,0,0,5.4,31,48,12.6,13.0,0,0.00,1028.1,1013.8
2022-07-09T03:00,14.1,0.00,87,12.0,13.9,0.00,0.00,0.00,2,50,50,0,0,5.4,37,53,10.8,9.7,0,0.00,1027.7,1013.4
2022-07-09T04:00,13.2,0.00,90,11.6,12.7,0.00,0.00,0.00,0,12,10,2,0,6.6,23,49,8.2,9.7,0,0.00,1027.7,1013.4
2022-07-09T05:00,13.2,0.00,91,11.7,13.2,0.00,0.00,0.00,2,64,56,18,2,3.7,63,119,1.6,9.7,1,0.00,1027.7,1013.4
2022-07-09T06:00,15.4,0.00,82,12.3,15.5,0.00,0.00,0.00,3,100,100,0,5,4.1,193,135,3.3,8.6,1,2984.94,1027.8,1013.6
2022-07-09T07:00,17.6,0.00,72,12.5,18.0,0.00,0.00,0.00,3,99,99,0,0,2.3,180,162,2.9,9.4,1,3600.00,1027.5,1013.4
2022-07-09T08:00,19.6,0.00,65,12.9,20.3,0.00,0.00,0.00,2,51,49,2,1,1.3,207,214,1.6,10.1,1,3600.00,1027.3,1013.3
2022-07-09T09:00,21.7,0.00,58,13.2,22.2,0.00,0.00,0.00,1,35,28,1,9,4.0,270,270,5.0,14.8,1,3600.00,1027.1,1013.2
2022-07-09T10:00,23.3,0.00,51,12.7,23.4,0.00,0.00,0.00,2,61,0,25,58,8.7,295,294,11.1,23.0,1,3600.00,1026.5,1012.7
2022-07-09T11:00,23.9,0.00,47,11.9,22.8,0.00,0.00,0.00,3,98,0,58,98,10.9,297,297,14.5,27.0,1,3600.00,1026.1,1012.3
2022-07-09T12:00,24.2,0.00,46,11.8,23.1,0.00,0.00,0.00,3,100,99,100,33,11.0,294,293,15.0,27.4,1,584.91,1025.5,1011.7
2022-07-09T13:00,25.2,0.00,42,11.5,24.2,0.00,0.00,0.00,3,98,70,100,77,10.0,307,308,13.1,27.7,1,1575.47,1025.5,1011.8
2022-07-09T14:00,24.4,0.00,44,11.3,23.3,0.00,0.00,0.00,3,100,100,8,2,10.2,315,315,14.3,23.4,1,0.00,1024.9,1011.1
2022-07-09T15:00,26.0,0.00,39,10.8,24.5,0.00,0.00,0.00,3,100,100,42,2,12.5,309,309,17.1,29.2,1,3600.00,1024.1,1010.4
2022-07-09T16:00,26.0,0.00,38,10.4,24.2,0.00,0.00,0.00,3,100,100,36,3,13.5,318,318,18.4,30.2,1,3600.00,1023.5,1009.8
2022-07-09T17:00,25.8,0.00,34,8.8,23.2,0.00,0.00,0.00,3,99,99,48,0,15.5,334,335,21.6,34.2,1,3600.00,1023.2,1009.5
2022-07-09T18:00,25.3,0.00,33,8.0,23.1,0.00,0.00,0.00,3,100,100,92,0,11.7,326,326,17.9,33.5,1,3054.44,1022.7,1009.0
2022-07-09T19:00,24.6,0.00,35,8.3,23.0,0.00,0.00,0.00,3,100,100,100,0,7.9,316,313,16.5,24.8,1,2448.49,1022.3,1008.6
2022-07-09T20:00,23.6,0.00,39,8.8,20.8,0.00,0.00,0.00,3,100,99,100,8,16.7,345,341,28.4,32.0,1,0.00,1022.3,1008.5
2022-07-09T21:00,22.0,0.00,48,10.5,20.3,0.00,0.00,0.00,3,100,100,56,2,13.0,355,357,22.8,37.8,0,0.00,1023.0,1009.1
2022-07-09T22:00,20.8,0.00,55,11.3,19.3,0.00,0.00,0.00,3,96,93,41,7,12.9,343,342,23.3,26.6,0,0.00,1023.4,1009.5
2022-07-09T23:00,19.5,0.00,67,13.3,18.4,0.00,0.00,0.00,3,100,100,5,0,14.5,337,333,25.3,29.9,0,0.00,1023.6,1009.6
2022-07-10T00:00,18.4,0.00,72,13.2,17.5,0.00,0.00,0.00,3,99,99,0,0,13.0,343,341,24.1,29.5,0,0.00,1023.7,1009.7
2022-07-10T01:00,16.8,0.00,77,12.7,16.5,0.00,0.00,0.00,3,99,100,0,6,7.5,344,343,19.1,27.0,0,0.00,1023.9,1009.8
2022-07-10T02:00,15.8,0.00,81,12.6,15.4,0.00,0.00,0.00,3,100,100,0,4,8.4,355,350,20.2,18.0,0,0.00,1024.0,1009.8
2022-07-10T03:00,15.1,0.00,83,12.3,14.6,0.00,0.00,0.00,1,35,25,0,13,8.7,358,355,20.2,18.0,0,0.00,1024.0,1009.8
2022-07-10T04:00,14.6,0.00,83,11.7,13.8,0.00,0.00,0.00,0,11,0,0,11,9.0,2,355,19.5,19.1,0,0.00,1024.4,1010.2
2022-07-10T05:00,13.9,0.00,83,11.0,13.1,0.00,0.00,0.00,0,5,0,0,5,8.0,1,352,17.6,18.7,1,0.00,1024.6,1010.3
2022-07-10T06:00,14.7,0.00,76,10.4,13.1,0.00,0.00,0.00,0,10,0,0,10,11.3,356,351,18.4,22.7,1,3164.29,1024.8,1010.6
2022-07-10T07:00,15.4,0.00,69,9.7,13.3,0.00,0.00,0.00,0,4,0,0,4,13.9,352,350,19.7,30.6,1,3600.00,1025.1,1010.9
2022-07-10T08:00,16.3,0.00,60,8.6,14.1,0.00,0.00,0.00,0,6,0,0,6,12.8,352,349,17.1,31.0,1,3600.00,1025.1,1010.9
2022-07-10T09:00,17.4,0.00,53,7.8,14.9,0.00,0.00,0.00,2,66,0,0,66,13.1,345,344,17.9,31.0,1,3600.00,1024.9,1010.8
2022-07-10T10:00,18.2,0.00,49,7.4,15.5,0.00,0.00,0.00,3,82,0,0,82,13.4,342,340,18.2,32.4,1,3600.00,1024.7,1010.6
2022-07-10T11:00,19.1,0.00,44,6.7,16.1,0.00,0.00,0.00,3,90,0,0,90,14.7,336,335,19.7,34.2,1,3600.00,1024.6,1010.6
2022-07-10T12:00,20.5,0.00,40,6.4,18.1,0.00,0.00,0.00,3,81,0,0,81,15.5,335,335,20.6,36.4,1,3600.00,1024.2,1010.3
2022-07-10T13:00,19.4,0.00,44,6.7,17.3,0.00,0.00,0.00,3,100,0,9,89,13.4,340,340,18.0,38.2,1,3600.00,1024.9,1010.9
2022-07-10T14:00,20.5,0.00,41,6.7,17.9,0.00,0.00,0.00,3,100,11,94,100,13.8,340,340,18.3,32.4,1,3600.00,1024.4,1010.5
2022-07-10T15:00,20.9,0.00,40,6.9,18.0,0.00,0.00,0.00,3,94,0,93,64,14.3,342,342,19.7,32.4,1,1021.41,1024.0,1010.1
2022-07-10T16:00,21.1,0.00,41,7.4,17.9,0.00,0.00,0.00,3,100,0,95,100,17.3,344,343,23.9,37.4,1,1902.94,1023.9,1010.0
2022-07-10T17:00,20.3,0.00,45,8.1,17.4,0.00,0.00,0.00,3,100,0,77,100,16.2,350,348,22.7,38.2,1,0.00,1023.9,1009.9
2022-07-10T18:00,20.1,0.00,47,8.5,17.4,0.00,0.00,0.00,3,100,0,100,100,16.1,350,350,23.0,34.2,1,835.75,1023.7,1009.7
2022-07-10T19:00,19.2,0.00,52,9.1,16.9,0.00,0.00,0.00,3,100,0,100,100,13.9,350,350,20.8,33.8,1,0.00,1023.9,1009.9
2022-07-10T20:00,18.7,0.00,55,9.4,16.8,0.00,0.00,0.00,3,88,0,87,11,12.1,348,348,19.1,29.2,1,0.00,1023.9,1009.9
2022-07-10T21:00,18.1,0.00,59,9.8,16.6,0.00,0.00,0.00,2,63,0,36,62,9.5,349,349,17.2,24.8,0,0.00,1024.2,1010.1
2022-07-10T22:00,16.9,0.00,66,10.4,15.8,0.00,0.00,0.00,0,0,0,0,0,8.1,350,347,17.9,19.4,0,0.00,1024.2,1010.1
2022-07-10T23:00,16.1,0.00,71,10.9,15.4,0.00,0.00,0.00,3,100,0,58,100,6.8,358,360,16.6,17.3,0,0.00,1024.3,1010.1
2022-07-11T00:00,16.5,0.00,71,11.2,16.0,0.00,0.00,0.00,3,100,0,66,100,6.1,354,357,13.8,14.8,0,0.00,1024.1,1010.0
2022-07-11T01:00,17.0,0.00,70,11.4,16.3,0.00,0.00,0.00,3,100,0,0,38,7.3,351,349,15.3,13.3,0,0.00,1023.9,1009.8
2022-07-11T02:00,15.8,0.00,77,11.7,15.3,0.00,0.00,0.00,2,59,55,0,9,6.9,353,351,16.7,14.8,0,0.00,1023.6,1009.4
2022-07-11T03:00,15.0,0.00,82,11.9,14.8,0.00,0.00,0.00,3,95,92,0,32,5.4,359,360,14.4,14.4,0,0.00,1023.4,1009.2
2022-07-11T04:00,14.7,0.00,84,12.1,14.7,0.00,0.00,0.00,3,100,73,0,100,4.1,9,15,11.7,11.5,0,0.00,1023.3,1009.1
2022-07-11T05:00,15.0,0.00,86,12.7,15.3,0.00,0.00,0.00,1,29,7,0,24,3.4,5,18,8.7,9.0,1,0.00,1023.3,1009.1
2022-07-11T06:00,16.1,0.00,79,12.5,16.7,0.00,0.00,0.00,0,10,10,0,1,1.6,360,27,5.0,7.6,1,2388.75,1023.3,1009.2
2022-07-11T07:00,17.6,0.00,73,12.7,18.3,0.00,0.00,0.00,1,20,15,0,6,0.8,315,297,1.5,7.9,1,3600.00,1023.4,1009.3
2022-07-11T08:00,19.3,0.00,65,12.6,19.7,0.00,0.00,0.00,2,57,54,0,6,2.6,297,286,3.2,12.2,1,3600.00,1023.2,1009.2
2022-07-11T09:00,21.0,0.00,55,11.7,20.5,0.00,0.00,0.00,3,100,96,0,100,6.5,340,341,8.4,18.7,1,3600.00,1022.9,1009.0
2022-07-11T10:00,21.3,0.00,55,11.8,20.6,0.00,0.00,0.00,3,100,86,0,100,8.0,342,342,10.2,20.5,1,61.61,1022.8,1008.9
2022-07-11T11:00,22.1,0.00,53,11.9,21.3,0.00,0.00,0.00,3,100,22,0,100,9.6,340,340,12.6,23.4,1,659.44,1022.7,1008.8
2022-07-11T12:00,22.9,0.00,50,12.0,22.1,0.00,0.00,0.00,3,99,0,0,99,9.5,335,335,12.7,23.8,1,1838.89,1022.5,1008.7
2022-07-11T13:00,23.5,0.00,49,12.1,22.7,0.00,0.00,0.00,3,100,0,1,70,10.2,351,350,13.1,25.6,1,27.02,1022.6,1008.8
2022-07-11T14:00,24.4,0.00,46,12.0,23.6,0.00,0.00,0.00,3,100,0,49,100,10.8,359,358,14.0,27.0,1,3600.00,1022.2,1008.5
2022-07-11T15:00,24.0,0.00,46,11.8,22.9,0.00,0.00,0.00,2,72,0,39,71,11.0,13,11,14.4,27.4,1,1322.11,1022.2,1008.4
2022-07-11T16:00,24.6,0.00,44,11.7,23.7,0.00,0.00,0.00,2,53,0,46,51,10.2,23,23,13.7,27.0,1,3600.00,1021.9,1008.2
2022-07-11T17:00,25.0,0.00,42,11.2,23.9,0.00,0.00,0.00,2,53,0,52,25,10.0,25,26,13.5,25.6,1,3600.00,1021.9,1008.2
2022-07-11T18:00,24.6,0.00,43,11.0,23.6,0.00,0.00,0.00,1,40,7,35,6,9.0,23,23,12.1,24.1,1,3600.00,1021.7,1008.0
2022-07-11T19:00,24.0,0.00,44,11.0,23.6,0.00,0.00,0.00,3,100,100,20,1,5.2,16,16,9.3,20.2,1,3600.00,1021.7,1008.0
2022-07-11T20:00,21.9,0.00,51,11.4,21.5,0.00,0.00,0.00,3,100,100,9,41,5.5,9,11,14.2,12.2,1,496.82,1021.8,1008.0
2022-07-11T21:00,21.2,0.00,53,11.3,20.2,0.00,0.00,0.00,1,31,0,8,27,9.0,18,23,19.4,17.6,0,0.00,1022.3,1008.4
2022-07-11T22:00,20.1,0.00,58,11.7,19.6,0.00,0.00,0.00,0,9,0,4,9,6.4,31,43,15.5,17.6,0,0.00,1022.8,1008.9
2022-07-11T23:00,17.9,0.00,68,11.9,17.7,0.00,0.00,0.00,0,3,0,2,1,5.4,37,42,13.6,13.0,0,0.00,1023.2,1009.1
2022-07-12T00:00,16.9,0.00,71,11.5,16.5,0.00,0.00,0.00,2,54,52,0,3,5.9,52,47,15.1,11.9,0,0.00,1023.5,1009.4
2022-07-12T01:00,17.1,0.00,73,12.2,16.3,0.00,0.00,0.00,2,74,96,0,6,10.1,84,86,21.3,13.0,0,0.00,1023.8,1009.7
2022-07-12T02:00,15.8,0.00,79,12.2,15.6,0.00,0.00,0.00,3,100,100,0,5,5.8,89,86,15.8,19.4,0,0.00,1023.9,1009.7
2022-07-12T03:00,15.1,0.00,83,12.3,15.0,0.00,0.00,0.00,3,99,99,4,7,5.4,83,70,14.9,11.9,0,0.00,1024.0,1009.8
2022-07-12T04:00,14.2,0.00,88,12.3,14.2,0.00,0.00,0.00,3,97,97,1,7,4.5,81,61,11.3,11.2,0,0.00,1024.0,1009.8
2022-07-12T05:00,14.0,0.00,89,12.3,14.2,0.00,0.00,0.00,0,4,0,0,4,3.9,80,68,8.4,8.6,1,0.00,1024.3,1010.0
2022-07-12T06:00,15.4,0.00,83,12.6,15.5,0.00,0.00,0.00,0,1,1,0,0,4.7,93,86,6.8,10.4,1,3057.24,1024.4,1010.2
2022-07-12T07:00,17.9,0.00,74,13.2,18.8,0.00,0.00,0.00,1,28,25,0,4,0.8,73,63,3.8,10.4,1,3600.00,1024.9,1010.8
2022-07-12T08:00,19.8,0.00,67,13.6,20.7,0.00,0.00,0.00,0,7,7,0,0,1.4,22,360,1.9,10.1,1,3600.00,1025.2,1011.2
2022-07-12T09:00,21.6,0.00,58,13.0,21.9,0.00,0.00,0.00,2,58,9,0,54,4.4,38,35,5.9,15.5,1,3600.00,1025.2,1011.3
2022-07-12T10:00,22.9,0.00,51,12.2,22.9,0.00,0.00,0.00,2,62,23,0,51,4.9,41,36,6.6,16.6,1,3600.00,1025.0,1011.2
2022-07-12T11:00,24.6,0.00,42,11.0,24.7,0.00,0.00,0.00,1,42,28,1,19,5.5,33,32,7.3,18.4,1,3600.00,1024.8,1011.0
2022-07-12T12:00,26.0,0.00,38,10.5,26.4,0.00,0.00,0.00,2,51,14,0,43,6.8,29,25,9.0,21.2,1,3600.00,1024.4,1010.7
2022-07-12T13:00,26.6,0.00,40,12.0,27.7,0.00,0.00,0.00,3,98,27,1,10,4.0,16,10,5.2,20.9,1,3600.00,1024.3,1010.6
2022-07-12T14:00,27.4,0.00,39,12.1,29.2,0.00,0.00,0.00,1,29,28,0,2,4.0,360,355,4.7,16.9,1,3600.00,1023.8,1010.2
2022-07-12T15:00,27.9,0.00,37,12.0,29.3,0.00,0.00,0.00,1,36,36,0,0,4.0,360,355,5.0,16.2,1,3600.00,1023.5,1009.9
2022-07-12T16:00,28.1,0.00,36,11.7,28.7,0.00,0.00,0.00,2,50,50,0,0,4.7,3,360,6.1,16.6,1,3600.00,1023.4,1009.8
2022-07-12T17:00,28.1,0.00,35,11.3,27.8,0.00,0.00,0.00,3,90,90,0,0,4.7,11,4,5.9,16.2,1,3600.00,1023.0,1009.4
2022-07-12T18:00,27.7,0.00,35,10.8,27.1,0.00,0.00,0.00,3,80,80,0,0,5.8,3,360,7.6,14.4,1,3600.00,1022.9,1009.3
2022-07-12T19:00,26.6,0.00,40,11.8,26.4,0.00,0.00,0.00,3,100,100,1,0,5.2,15,12,11.2,14.4,1,3600.00,1022.9,1009.3
2022-07-12T20:00,24.4,0.00,43,11.0,23.6,0.00,0.00,0.00,2,56,56,0,0,7.2,28,27,16.8,14.0,1,2954.88,1023.0,1009.2
2022-07-12T21:00,22.3,0.00,47,10.4,21.4,0.00,0.00,0.00,3,97,97,0,0,6.6,49,68,14.8,14.4,0,0.00,1023.4,1009.5
2022-07-12T22:00,20.9,0.00,53,10.9,20.4,0.00,0.00,0.00,0,14,12,3,0,5.5,90,101,9.7,13.0,0,0.00,1023.7,1009.8
2022-07-12T23:00,19.3,0.00,61,11.7,19.2,0.00,0.00,0.00,1,26,25,1,0,4.7,135,94,7.6,10.4,0,0.00,1023.7,1009.7
2022-07-13T00:00,18.8,0.00,63,11.7,18.5,0.00,0.00,0.00,3,96,96,5,0,5.2,153,102,9.7,9.7,0,0.00,1023.6,1009.6
2022-07-13T01:00,17.8,0.00,69,12.0,17.3,0.00,0.00,0.00,1,40,17,0,0,7.5,155,107,9.5,11.9,0,0.00,1023.8,1009.7
2022-07-13T02:00,17.6,0.00,67,11.3,17.0,0.00,0.00,0.00,0,0,0,0,0,6.8,151,115,13.2,12.2,0,0.00,1023.4,1009.3
2022-07-13T03:00,17.0,0.00,70,11.5,16.1,0.00,0.00,0.00,0,5,5,0,0,9.4,144,113,18.8,17.3,0,0.00,1022.9,1008.8
2022-07-13T04:00,16.6,0.00,72,11.6,15.8,0.00,0.00,0.00,0,12,10,2,0,8.3,141,108,17.7,18.4,0,0.00,1022.7,1008.6
2022-07-13T05:00,16.2,0.00,74,11.6,15.8,0.00,0.00,0.00,2,69,67,8,0,6.2,137,100,14.8,15.8,1,0.00,1022.7,1008.6
2022-07-13T06:00,17.9,0.00,69,12.2,17.7,0.00,0.00,0.00,3,99,0,99,0,6.2,135,97,11.2,11.9,1,2731.15,1022.8,1008.8
2022-07-13T07:00,20.3,0.00,62,12.9,20.2,0.00,0.00,0.00,3,93,0,93,0,6.3,133,114,11.7,13.0,1,2606.11,1022.8,1008.9
2022-07-13T08:00,21.4,0.00,59,13.1,21.4,0.00,0.00,0.00,3,89,0,89,0,6.7,139,126,13.8,15.1,1,0.00,1022.5,1008.6
2022-07-13T09:00,23.8,0.00,51,13.0,24.0,0.00,0.00,0.00,0,19,0,19,0,5.1,147,141,7.3,16.2,1,3600.00,1022.5,1008.7
2022-07-13T10:00,26.8,0.00,41,12.4,27.5,0.00,0.00,0.00,0,10,0,10,0,3.3,180,186,4.3,16.2,1,3600.00,1022.1,1008.5
2022-07-13T11:00,28.8,0.00,33,10.9,29.6,0.00,0.00,0.00,1,28,26,3,0,5.0,209,210,6.6,17.6,1,3600.00,1021.9,1008.4
2022-07-13T12:00,30.2,0.00,28,9.5,31.0,0.00,0.00,0.00,3,93,92,13,0,5.9,225,227,7.6,19.4,1,3600.00,1021.7,1008.2
2022-07-13T13:00,30.0,0.00,31,11.2,30.6,0.00,0.00,0.00,3,96,72,53,0,9.7,226,228,12.0,20.2,1,3600.00,1021.1,1007.6
2022-07-13T14:00,30.3,0.00,28,10.0,29.2,0.00,0.00,0.00,2,50,36,31,0,9.6,212,214,12.8,26.3,1,3600.00,1020.7,1007.2
2022-07-13T15:00,31.2,0.00,24,8.2,30.2,0.00,0.00,0.00,3,100,99,95,0,8.9,224,227,11.5,24.8,1,3600.00,1020.0,1006.6
2022-07-13T16:00,30.9,0.00,25,8.4,29.1,0.00,0.00,0.00,3,99,99,16,0,9.2,248,249,13.2,22.7,1,3600.00,1019.6,1006.2
2022-07-13T17:00,30.9,0.00,26,9.2,29.6,0.00,0.00,0.00,3,100,100,0,0,7.1,247,246,12.1,22.0,1,3600.00,1019.3,1005.9
2022-07-13T18:00,31.1,0.00,26,9.1,29.9,0.00,0.00,0.00,3,100,100,1,0,6.9,235,231,13.2,18.7,1,3600.00,1018.5,1005.1
2022-07-13T19:00,29.1,0.00,32,10.7,28.4,0.00,0.00,0.00,3,100,100,0,0,6.5,242,236,16.3,17.3,1,3600.00,1018.4,1004.9
2022-07-13T20:00,26.9,0.00,33,9.2,25.6,0.00,0.00,0.00,3,100,100,0,0,7.4,238,219,19.1,15.5,1,0.00,1018.3,1004.7
2022-07-13T21:00,25.6,0.00,35,8.9,24.0,0.00,0.00,0.00,3,100,100,0,0,8.8,223,199,21.1,17.3,0,0.00,1018.7,1005.1
2022-07-13T22:00,24.8,0.00,38,9.5,23.5,0.00,0.00,0.00,2,58,58,0,0,8.4,232,223,23.8,21.2,0,0.00,1018.8,1005.1
2022-07-13T23:00,22.1,0.00,49,10.8,21.4,0.00,0.00,0.00,2,76,35,63,0,6.3,336,347,11.4,18.4,0,0.00,1019.5,1005.7
2022-07-14T00:00,21.3,0.00,53,11.4,20.9,0.00,0.00,0.00,3,90,43,82,0,5.4,103,143,6.6,10.8,0,0.00,1019.0,1005.2
2022-07-14T01:00,23.2,0.00,49,12.0,23.2,0.00,0.00,0.00,1,29,6,96,0,4.3,99,114,4.4,7.9,0,0.00,1018.9,1005.2
2022-07-14T02:00,21.6,0.00,52,11.3,21.3,0.00,0.00,0.00,0,6,0,6,0,4.3,144,138,6.2,7.6,0,0.00,1018.5,1004.7
2022-07-14T03:00,20.0,0.00,57,11.2,19.4,0.00,0.00,0.00,0,0,0,0,0,6.4,200,164,13.4,12.2,0,0.00,1018.7,1004.8
2022-07-14T04:00,18.2,0.00,66,11.9,18.2,0.00,0.00,0.00,0,0,0,0,0,4.0,221,117,3.3,11.9,0,0.00,1018.5,1004.5
2022-07-14T05:00,18.5,0.00,66,11.9,18.2,0.00,0.00,0.00,2,64,64,0,0,5.6,175,140,7.6,10.1,1,0.00,1018.5,1004.5
2022-07-14T06:00,19.7,0.00,65,12.9,19.7,0.00,0.00,0.00,3,99,90,91,0,6.2,185,144,8.7,10.8,1,2944.25,1018.5,1004.6
2022-07-14T07:00,21.1,0.00,61,13.3,21.0,0.00,0.00,0.00,3,100,100,84,0,7.6,169,149,13.2,16.2,1,799.37,1018.1,1004.3
2022-07-14T08:00,22.9,0.00,56,13.8,23.5,0.00,0.00,0.00,3,96,96,0,0,4.0,208,207,6.1,16.9,1,1940.02,1018.2,1004.4
2022-07-14T09:00,25.5,0.00,50,14.5,26.2,0.00,0.00,0.00,1,33,33,1,0,5.4,227,228,7.4,17.6,1,3600.00,1017.7,1004.1
2022-07-14T10:00,27.7,0.00,44,14.4,28.7,0.00,0.00,0.00,1,41,41,0,0,6.8,265,267,9.0,20.9,1,3600.00,1017.0,1003.5
2022-07-14T11:00,29.3,0.00,41,14.7,30.9,0.00,0.00,0.00,2,77,76,2,0,8.3,285,288,10.8,23.8,1,3600.00,1016.7,1003.3
2022-07-14T12:00,30.9,0.00,36,14.1,32.4,0.00,0.00,0.00,2,62,30,45,0,8.9,292,297,11.6,30.2,1,3600.00,1016.0,1002.6
2022-07-14T13:00,28.9,0.00,42,14.8,30.0,0.00,0.00,0.00,2,69,2,76,0,9.4,338,337,11.6,38.2,1,3600.00,1016.4,1002.9
2022-07-14T14:00,28.6,0.00,44,15.1,29.4,0.00,0.00,0.00,3,94,2,94,0,9.5,339,335,13.1,28.8,1,3600.00,1015.9,1002.4
2022-07-14T15:00,29.3,0.00,42,15.2,29.5,0.00,0.00,0.00,2,56,0,55,2,10.8,337,339,14.8,25.9,1,3600.00,1015.4,1002.0
2022-07-14T16:00,28.2,0.00,42,14.0,26.4,0.00,0.00,0.00,3,80,0,80,3,21.2,347,345,29.9,45.0,1,3600.00,1015.3,1001.8
2022-07-14T17:00,26.4,0.00,33,8.8,22.2,0.00,0.00,0.00,0,14,2,12,0,26.4,355,354,38.3,55.4,1,3600.00,1016.0,1002.4
2022-07-14T18:00,25.6,0.00,36,9.5,22.4,0.00,0.00,0.00,2,67,52,32,0,20.6,349,348,30.9,55.8,1,3600.00,1016.4,1002.8
2022-07-14T19:00,25.2,0.00,35,8.7,22.1,0.00,0.00,0.00,0,5,0,5,0,18.9,347,347,29.9,43.2,1,3600.00,1016.7,1003.1
2022-07-14T20:00,23.4,0.00,37,8.1,21.1,0.00,0.00,0.00,0,1,0,1,0,12.2,338,336,23.3,40.3,1,3064.48,1017.2,1003.5
2022-07-14T21:00,22.2,0.00,40,8.1,19.3,0.00,0.00,0.00,3,86,86,0,0,16.9,351,349,29.9,36.4,0,0.00,1018.3,1004.5
2022-07-14T22:00,21.0,0.00,44,8.2,18.9,0.00,0.00,0.00,0,0,0,0,0,11.4,350,347,23.0,34.6,0,0.00,1018.9,1005.1
2022-07-14T23:00,19.6,0.00,48,8.4,17.9,0.00,0.00,0.00,0,9,9,0,0,8.6,348,345,20.3,24.1,0,0.00,1019.5,1005.6
2022-07-15T00:00,18.4,0.00,54,8.8,17.0,0.00,0.00,0.00,0,10,10,0,0,7.2,360,360,18.0,18.4,0,0.00,1019.9,1005.9
2022-07-15T01:00,16.7,0.00,63,9.7,15.6,0.00,0.00,0.00,0,19,84,0,0,6.8,63,65,12.9,15.5,0,0.00,1020.3,1006.2
2022-07-15T02:00,15.3,0.00,65,8.9,14.2,0.00,0.00,0.00,1,25,25,0,0,5.6,61,50,10.3,13.3,0,0.00,1020.2,1006.1
2022-07-15T03:00,14.3,0.00,68,8.5,13.2,0.00,0.00,0.00,3,81,81,0,0,4.9,20,36,7.3,9.7,0,0.00,1020.3,1006.1
2022-07-15T04:00,13.9,0.00,68,8.1,12.7,0.00,0.00,0.00,2,60,60,0,0,4.8,360,27,10.4,8.6,0,0.00,1020.4,1006.2
2022-07-15T05:00,13.9,0.00,68,8.2,12.6,0.00,0.00,0.00,1,39,39,0,0,5.3,3,28,13.0,9.7,1,0.00,1020.6,1006.4
2022-07-15T06:00,15.5,0.00,65,8.9,14.4,0.00,0.00,0.00,0,14,14,0,0,5.7,14,18,11.9,10.4,1,2885.80,1020.9,1006.8
2022-07-15T07:00,17.8,0.00,58,9.6,17.0,0.00,0.00,0.00,0,7,3,1,4,4.6,348,321,8.5,12.6,1,3600.00,1021.3,1007.3
2022-07-15T08:00,19.8,0.00,52,9.7,18.9,0.00,0.00,0.00,1,22,14,8,5,5.4,349,340,7.3,16.2,1,3600.00,1021.3,1007.4
2022-07-15T09:00,21.5,0.00,46,9.4,20.4,0.00,0.00,0.00,3,85,54,66,0,6.3,344,336,7.9,18.7,1,3600.00,1020.9,1007.0
2022-07-15T10:00,22.4,0.00,42,8.8,21.1,0.00,0.00,0.00,3,97,96,26,0,6.6,321,319,7.9,19.8,1,3600.00,1020.9,1007.1
2022-07-15T11:00,23.0,0.00,40,8.6,21.6,0.00,0.00,0.00,1,37,4,34,0,8.2,312,311,10.2,22.7,1,3600.00,1020.9,1007.1
2022-07-15T12:00,23.4,0.00,38,8.3,21.4,0.00,0.00,0.00,1,25,0,25,0,10.4,304,304,13.0,26.3,1,3600.00,1020.7,1006.9
2022-07-15T13:00,23.9,0.00,40,9.5,22.2,0.00,0.00,0.00,3,100,21,100,48,11.6,326,324,14.8,26.6,1,3600.00,1020.9,1007.2
2022-07-15T14:00,23.2,0.00,42,9.4,21.4,0.00,0.00,0.00,2,78,21,72,0,11.1,332,331,14.7,29.5,1,3600.00,1020.7,1006.9
2022-07-15T15:00,24.2,0.00,38,9.0,22.9,0.00,0.00,0.00,2,65,0,65,0,8.8,326,325,11.7,27.0,1,3600.00,1020.3,1006.6
2022-07-15T16:00,24.4,0.00,36,8.4,22.6,0.00,0.00,0.00,2,65,0,65,1,9.5,332,331,12.2,23.8,1,3600.00,1020.1,1006.4
2022-07-15T17:00,24.2,0.00,36,8.1,22.2,0.00,0.00,0.00,0,7,0,7,0,10.2,349,350,13.6,24.1,1,3600.00,1019.9,1006.2
2022-07-15T18:00,23.9,0.00,34,7.2,21.7,0.00,0.00,0.00,0,1,0,1,0,9.8,354,354,13.0,24.1,1,3600.00,1019.6,1005.9
2022-07-15T19:00,23.0,0.00,33,5.9,20.2,0.00,0.00,0.00,0,0,0,0,0,11.9,348,346,18.4,25.2,1,3600.00,1019.6,1005.8
2022-07-15T20:00,21.3,0.00,37,5.8,18.4,0.00,0.00,0.00,0,0,0,0,0,12.6,357,355,23.8,26.6,1,3018.43,1020.1,1006.2
2022-07-15T21:00,19.8,0.00,38,5.1,17.0,0.00,0.00,0.00,0,0,0,0,0,10.8,356,358,23.4,26.3,0,0.00,1020.5,1006.6
2022-07-15T22:00,18.6,0.00,40,4.8,16.2,0.00,0.00,0.00,0,0,0,0,0,8.1,7,13,20.7,21.6,0,0.00,1020.8,1006.8
2022-07-15T23:00,18.0,0.00,42,4.9,14.9,0.00,0.00,0.00,0,0,0,0,0,12.2,5,2,25.7,24.5,0,0.00,1021.3,1007.3
2022-07-16T00:00,17.3,0.00,46,5.5,14.5,0.00,0.00,0.00,0,0,0,0,0,11.5,24,20,24.8,25.6,0,0.00,1021.5,1007.4
2022-07-16T01:00,16.5,0.00,54,7.1,14.3,0.00,0.00,0.00,0,0,0,0,0,9.8,31,28,22.6,23.4,0,0.00,1021.8,1007.7
2022-07-16T02:00,15.0,0.00,59,7.1,13.2,0.00,0.00,0.00,0,0,0,0,0,7.6,34,31,19.2,19.4,0,0.00,1021.7,1007.5
2022-07-16T03:00,13.6,0.00,66,7.3,12.1,0.00,0.00,0.00,0,0,0,0,0,5.4,36,37,13.4,15.1,0,0.00,1021.6,1007.4
2022-07-16T04:00,12.4,0.00,74,7.8,10.9,0.00,0.00,0.00,0,0,0,0,0,6.4,20,43,8.4,10.1,0,0.00,1021.6,1007.3
2022-07-16T05:00,12.6,0.00,74,8.1,11.7,0.00,0.00,0.00,0,2,2,0,0,2.6,360,106,3.6,9.7,1,0.00,1022.0,1007.7
2022-07-16T06:00,14.1,0.00,69,8.6,13.1,0.00,0.00,0.00,0,0,0,0,0,4.2,201,149,3.1,7.6,1,2826.19,1022.1,1007.9
2022-07-16T07:00,16.6,0.00,60,8.8,15.9,0.00,0.00,0.00,0,13,13,0,0,2.6,214,196,3.9,10.1,1,3600.00,1022.5,1008.4
2022-07-16T08:00,18.9,0.00,54,9.3,18.3,0.00,0.00,0.00,0,0,0,0,0,2.5,284,278,3.0,11.5,1,3600.00,1022.9,1008.9
2022-07-16T09:00,20.9,0.00,45,8.5,19.8,0.00,0.00,0.00,0,0,0,0,0,5.1,313,309,6.9,16.9,1,3600.00,1022.9,1009.0
2022-07-16T10:00,22.3,0.00,40,8.1,21.3,0.00,0.00,0.00,0,16,16,0,0,7.7,324,323,9.8,22.3,1,3600.00,1022.8,1009.0
2022-07-16T11:00,23.9,0.00,36,7.8,23.4,0.00,0.00,0.00,2,71,40,50,20,8.4,318,317,11.2,23.4,1,3600.00,1022.4,1008.6
2022-07-16T12:00,25.4,0.00,32,7.3,24.0,0.00,0.00,0.00,2,71,27,60,0,11.8,322,322,15.9,28.8,1,3600.00,1022.0,1008.3
2022-07-16T13:00,25.5,0.00,32,7.7,23.7,0.00,0.00,0.00,1,33,0,39,0,13.1,329,328,17.3,33.1,1,3600.00,1022.2,1008.5
2022-07-16T14:00,26.2,0.00,29,7.0,24.2,0.00,0.00,0.00,2,62,0,62,0,13.8,333,332,18.2,32.8,1,3600.00,1022.1,1008.4
2022-07-16T15:00,26.7,0.00,27,6.4,24.5,0.00,0.00,0.00,3,100,0,100,0,13.9,329,329,18.9,33.5,1,3600.00,1022.0,1008.4
2022-07-16T16:00,27.1,0.00,26,6.1,24.7,0.00,0.00,0.00,0,0,0,0,0,11.7,329,326,16.0,33.5,1,3600.00,1021.7,1008.1
2022-07-16T17:00,26.4,0.00,27,6.1,23.4,0.00,0.00,0.00,0,13,11,2,0,14.2,350,351,19.4,29.9,1,3600.00,1021.6,1008.0
2022-07-16T18:00,24.8,0.00,32,7.0,21.5,0.00,0.00,0.00,0,10,10,0,0,17.3,2,2,24.9,40.0,1,3600.00,1022.2,1008.5
2022-07-16T19:00,23.9,0.00,35,7.3,21.2,0.00,0.00,0.00,0,0,0,0,0,13.7,1,360,21.6,36.0,1,3600.00,1022.6,1008.8
2022-07-16T20:00,22.2,0.00,40,7.9,19.8,0.00,0.00,0.00,0,5,5,0,0,12.4,355,352,23.1,28.1,1,2970.17,1023.1,1009.2
2022-07-16T21:00,20.5,0.00,43,7.5,18.3,0.00,0.00,0.00,0,0,0,0,0,10.5,357,356,22.7,25.2,0,0.00,1023.8,1009.9
2022-07-16T22:00,19.6,0.00,45,7.3,17.2,0.00,0.00,0.00,0,0,0,0,0,11.6,4,5,25.3,23.8,0,0.00,1024.5,1010.5
2022-07-16T23:00,18.7,0.00,48,7.4,16.6,0.00,0.00,0.00,0,0,0,0,0,10.0,24,21,22.9,23.8,0,0.00,1025.1,1011.1
2022-07-17T00:00,17.7,0.00,50,7.1,15.7,0.00,0.00,0.00,0,0,0,0,0,8.8,42,35,21.4,20.9,0,0.00,1025.4,1011.3
2022-07-17T01:00,17.0,0.00,54,7.6,15.2,0.00,0.00,0.00,0,0,0,0,0,7.6,55,45,19.7,18.0,0,0.00,1025.7,1011.6
2022-07-17T02:00,15.7,0.00,57,7.2,13.9,0.00,0.00,0.00,0,0,0,0,0,6.9,70,62,18.3,15.5,0,0.00,1025.6,1011.4
2022-07-17T03:00,14.6,0.00,59,6.7,12.9,0.00,0.00,0.00,0,0,0,0,0,5.9,85,76,17.3,14.0,0,0.00,1025.6,1011.4
2022-07-17T04:00,14.0,0.00,61,6.6,12.2,0.00,0.00,0.00,0,0,0,0,0,5.9,89,79,17.3,12.2,0,0.00,1025.4,1011.1
2022-07-17T05:00,13.2,0.00,68,7.5,11.6,0.00,0.00,0.00,0,0,0,0,0,6.8,84,58,14.5,12.2,1,0.00,1025.7,1011.4
2022-07-17T06:00,15.6,0.00,62,8.3,14.6,0.00,0.00,0.00,0,0,0,0,0,3.7,86,61,11.5,11.5,1,2765.53,1025.8,1011.6
2022-07-17T07:00,17.8,0.00,54,8.2,16.9,0.00,0.00,0.00,0,0,0,0,0,2.4,72,27,6.8,9.0,1,3600.00,1026.1,1012.0
2022-07-17T08:00,19.9,0.00,49,8.9,19.3,0.00,0.00,0.00,0,0,0,0,0,2.3,41,18,3.3,10.8,1,3600.00,1026.3,1012.3
2022-07-17T09:00,22.1,0.00,44,9.2,21.5,0.00,0.00,0.00,0,0,0,0,0,2.9,45,30,4.1,13.0,1,3600.00,1026.4,1012.5
2022-07-17T10:00,23.8,0.00,38,8.5,23.6,0.00,0.00,0.00,3,88,88,0,0,3.6,45,37,5.1,15.5,1,3600.00,1026.0,1012.2
2022-07-17T11:00,25.2,0.00,33,8.0,25.5,0.00,0.00,0.00,0,11,11,0,0,4.2,72,70,5.7,16.9,1,3600.00,1025.6,1011.9
2022-07-17T12:00,26.4,0.00,31,7.7,27.1,0.00,0.00,0.00,1,37,37,0,0,3.9,60,56,5.0,17.3,1,3600.00,1025.5,1011.8
2022-07-17T13:00,27.6,0.00,27,6.9,28.4,0.00,0.00,0.00,2,64,78,0,0,3.6,360,354,4.3,16.6,1,3600.00,1025.2,1011.6
2022-07-17T14:00,28.4,0.00,26,7.0,28.9,0.00,0.00,0.00,3,86,86,0,0,4.2,348,340,5.2,16.6,1,3600.00,1024.7,1011.1
2022-07-17T15:00,28.9,0.00,25,7.1,28.7,0.00,0.00,0.00,3,83,83,0,0,5.4,357,352,6.8,17.6,1,3600.00,1024.3,1010.7
2022-07-17T16:00,29.1,0.00,25,7.2,28.2,0.00,0.00,0.00,2,54,54,0,0,5.8,360,356,7.6,18.0,1,3600.00,1023.9,1010.4
2022-07-17T17:00,29.0,0.00,24,6.6,27.0,0.00,0.00,0.00,0,0,0,0,0,7.6,360,357,9.7,19.1,1,3600.00,1023.6,1010.0
2022-07-17T18:00,28.4,0.00,24,6.0,26.3,0.00,0.00,0.00,0,0,0,0,0,7.6,12,5,10.3,19.4,1,3600.00,1023.1,1009.5
2022-07-17T19:00,27.0,0.00,28,6.8,25.2,0.00,0.00,0.00,0,8,8,0,0,6.5,1,357,14.4,17.6,1,3600.00,1023.1,1009.5
2022-07-17T20:00,24.4,0.00,29,5.2,22.2,0.00,0.00,0.00,0,3,3,0,0,7.0,15,12,17.1,14.8,1,2919.70,1023.4,1009.6
2022-07-17T21:00,22.6,0.00,30,4.3,20.0,0.00,0.00,0.00,0,11,11,0,0,8.4,27,31,18.5,16.2,0,0.00,1024.0,1010.2
2022-07-17T22:00,21.0,0.00,35,4.8,18.6,0.00,0.00,0.00,2,68,68,0,0,7.9,42,47,17.8,16.2,0,0.00,1024.2,1010.3
2022-07-17T23:00,20.3,0.00,36,4.7,17.7,0.00,0.00,0.00,3,90,90,0,0,9.1,54,56,20.9,17.6,0,0.00,1024.4,1010.4
2022-07-18T00:00,20.2,0.00,35,4.2,17.5,0.00,0.00,0.00,0,0,0,0,0,9.0,56,61,21.3,18.4,0,0.00,1024.3,1010.3
2022-07-18T01:00,18.0,0.00,50,7.4,16.1,0.00,0.00,0.00,0,0,0,0,0,8.3,78,90,12.5,17.3,0,0.00,1024.2,1010.1
2022-07-18T02:00,16.3,0.00,53,6.6,14.6,0.00,0.00,0.00,0,0,0,0,0,5.6,126,130,11.6,12.6,0,0.00,1024.3,1010.2
2022-07-18T03:00,15.5,0.00,55,6.4,13.8,0.00,0.00,0.00,0,0,0,0,0,5.0,106,90,11.6,10.1,0,0.00,1024.5,1010.3
2022-07-18T04:00,15.8,0.00,52,5.8,13.5,0.00,0.00,0.00,0,0,0,0,0,8.3,103,95,18.5,16.2,0,0.00,1024.2,1010.0
2022-07-18T05:00,15.8,0.00,52,6.0,13.8,0.00,0.00,0.00,1,35,35,0,0,6.5,103,96,18.5,16.6,1,0.00,1024.3,1010.1
2022-07-18T06:00,17.2,0.00,55,8.1,16.1,0.00,0.00,0.00,3,91,91,0,0,4.3,102,85,13.6,13.3,1,2703.92,1024.5,1010.4
2022-07-18T07:00,19.6,0.00,48,8.3,18.6,0.00,0.00,0.00,0,11,11,0,0,3.2,101,90,11.4,10.8,1,3600.00,1024.3,1010.3
2022-07-18T08:00,22.2,0.00,42,8.6,21.6,0.00,0.00,0.00,0,0,0,0,0,1.6,60,27,2.9,9.4,1,3600.00,1024.4,1010.5
2022-07-18T09:00,24.9,0.00,37,9.1,24.2,0.00,0.00,0.00,0,14,14,0,0,2.9,85,83,4.3,12.2,1,3600.00,1024.2,1010.5
2022-07-18T10:00,27.5,0.00,29,8.0,27.0,0.00,0.00,0.00,3,93,93,0,0,4.7,112,113,6.6,15.5,1,3600.00,1023.5,1009.9
2022-07-18T11:00,29.2,0.00,25,7.1,29.0,0.00,0.00,0.00,2,76,76,0,0,5.7,121,125,7.6,18.4,1,3600.00,1023.3,1009.8
2022-07-18T12:00,30.3,0.00,23,7.1,30.5,0.00,0.00,0.00,0,0,0,0,0,5.5,114,113,7.1,18.4,1,3600.00,1023.0,1009.5
2022-07-18T13:00,31.9,0.00,19,5.5,32.2,0.00,0.00,0.00,2,75,39,0,0,4.1,106,105,5.2,18.0,1,3600.00,1022.4,1009.0
2022-07-18T14:00,32.6,0.00,19,6.0,32.7,0.00,0.00,0.00,3,94,94,0,0,5.1,96,94,6.5,16.9,1,3600.00,1021.8,1008.4
2022-07-18T15:00,33.1,0.00,19,6.3,33.0,0.00,0.00,0.00,1,33,33,0,0,4.4,82,81,5.4,16.9,1,3600.00,1021.5,1008.2
2022-07-18T16:00,33.2,0.00,19,6.4,32.4,0.00,0.00,0.00,3,100,100,0,0,4.7,83,81,6.2,15.1,1,3600.00,1021.1,1007.8
2022-07-18T17:00,32.9,0.00,20,6.9,31.1,0.00,0.00,0.00,3,98,98,0,0,6.5,90,90,8.3,15.8,1,3600.00,1020.6,1007.3
2022-07-18T18:00,32.1,0.00,24,8.9,31.2,0.00,0.00,0.00,3,98,98,0,0,4.5,101,104,7.7,15.8,1,3600.00,1020.2,1006.8
2022-07-18T19:00,29.9,0.00,35,12.8,30.1,0.00,0.00,0.00,2,52,52,0,0,4.8,124,132,10.9,11.5,1,3600.00,1020.0,1006.5
2022-07-18T20:00,26.9,0.00,33,9.5,25.6,0.00,0.00,0.00,3,94,94,0,0,7.4,136,133,14.0,11.9,1,2867.05,1020.0,1006.4
2022-07-18T21:00,24.6,0.00,37,8.7,23.0,0.00,0.00,0.00,3,84,84,0,0,8.3,134,108,12.0,12.6,0,0.00,1020.0,1006.3
2022-07-18T22:00,24.9,0.00,32,7.2,23.2,0.00,0.00,0.00,1,29,29,0,0,6.2,112,80,11.6,12.2,0,0.00,1020.0,1006.3
2022-07-18T23:00,23.2,0.00,36,7.5,20.9,0.00,0.00,0.00,0,12,12,0,0,10.8,97,88,21.4,20.2,0,0.00,1020.2,1006.4
2022-07-19T00:00,22.6,0.00,37,7.1,20.2,0.00,0.00,0.00,0,0,0,0,0,11.2,99,92,24.4,21.2,0,0.00,1020.2,1006.4
2022-07-19T01:00,22.2,0.00,39,7.7,19.8,0.00,0.00,0.00,0,0,0,0,0,12.2,111,104,26.5,23.4,0,0.00,1019.9,1006.1
2022-07-19T02:00,21.4,0.00,41,7.6,19.0,0.00,0.00,0.00,0,0,0,0,0,12.1,111,102,26.2,24.1,0,0.00,1019.8,1006.0
2022-07-19T03:00,20.4,0.00,44,7.8,18.3,0.00,0.00,0.00,0,0,0,0,0,10.3,111,102,23.1,23.4,0,0.00,1019.6,1005.7
2022-07-19T04:00,19.5,0.00,48,8.1,17.7,0.00,0.00,0.00,0,0,0,0,0,9.0,105,95,21.2,19.8,0,0.00,1019.6,1005.7
2022-07-19T05:00,19.1,0.00,50,8.4,17.3,0.00,0.00,0.00,0,0,0,0,0,9.5,106,99,21.8,18.7,1,0.00,1019.6,1005.7
2022-07-19T06:00,20.3,0.00,50,9.5,18.6,0.00,0.00,0.00,0,0,0,0,0,10.5,109,98,22.4,20.9,1,2641.47,1019.6,1005.7
2022-07-19T07:00,22.7,0.00,48,11.3,21.7,0.00,0.00,0.00,0,0,0,0,0,9.8,110,98,23.0,20.9,1,3600.00,1019.7,1005.9
2022-07-19T08:00,25.7,0.00,42,11.7,25.0,0.00,0.00,0.00,0,0,0,0,0,8.4,111,110,15.4,20.2,1,3600.00,1019.7,1006.1
2022-07-19T09:00,28.5,0.00,35,11.7,27.8,0.00,0.00,0.00,0,0,0,0,0,8.6,114,112,12.6,22.0,1,3600.00,1019.5,1006.0
2022-07-19T10:00,31.0,0.00,28,10.4,30.3,0.00,0.00,0.00,0,0,0,0,0,10.2,123,122,13.8,24.8,1,3600.00,1019.2,1005.8
2022-07-19T11:00,32.7,0.00,23,9.0,32.0,0.00,0.00,0.00,0,0,0,0,0,11.8,120,121,15.8,28.8,1,3600.00,1018.7,1005.4
2022-07-19T12:00,33.8,0.00,23,9.6,33.6,0.00,0.00,0.00,0,0,0,0,0,11.8,113,113,16.0,29.5,1,3600.00,1018.2,1004.9
2022-07-19T13:00,35.2,0.00,21,9.5,35.3,0.00,0.00,0.00,0,0,0,0,0,11.3,120,121,15.3,29.2,1,3600.00,1017.4,1004.2
2022-07-19T14:00,35.7,0.00,20,9.1,35.3,0.00,0.00,0.00,0,0,0,0,0,12.2,123,124,16.4,29.2,1,3600.00,1016.8,1003.6
2022-07-19T15:00,36.0,0.00,19,8.9,35.1,0.00,0.00,0.00,0,0,0,0,0,12.6,126,127,17.0,29.9,1,3600.00,1016.2,1003.1
2022-07-19T16:00,36.0,0.00,19,8.6,34.4,0.00,0.00,0.00,0,0,0,0,0,12.8,122,122,17.8,29.9,1,3600.00,1015.6,1002.5
2022-07-19T17:00,35.7,0.00,19,8.4,33.4,0.00,0.00,0.00,0,0,0,0,0,13.1,122,122,19.1,29.9,1,3600.00,1015.0,1001.9
2022-07-19T18:00,35.1,0.00,20,8.9,33.1,0.00,0.00,0.00,0,0,0,0,0,11.6,125,126,19.4,29.5,1,3600.00,1014.7,1001.5
2022-07-19T19:00,33.0,0.00,28,11.9,32.6,0.00,0.00,0.00,0,3,3,0,0,6.9,131,129,16.6,26.3,1,3600.00,1014.4,1001.1
2022-07-19T20:00,29.7,0.00,31,10.7,29.0,0.00,0.00,0.00,0,0,0,0,0,6.3,137,121,16.3,15.1,1,2812.24,1014.6,1001.2
2022-07-19T21:00,28.3,0.00,31,9.7,26.7,0.00,0.00,0.00,0,0,0,0,0,9.9,124,100,21.8,19.1,0,0.00,1015.0,1001.5
2022-07-19T22:00,28.0,0.00,31,9.1,25.8,0.00,0.00,0.00,0,5,5,0,0,13.4,116,104,28.8,26.6,0,0.00,1015.2,1001.7
2022-07-19T23:00,27.4,0.00,31,8.8,24.6,0.00,0.00,0.00,1,23,23,0,0,16.5,113,106,33.6,32.8,0,0.00,1015.5,1002.0
2022-07-20T00:00,26.8,0.00,32,8.7,23.9,0.00,0.00,0.00,1,31,31,0,0,17.2,115,110,34.5,35.3,0,0.00,1015.6,1002.1
2022-07-20T01:00,25.7,0.00,36,9.6,23.5,0.00,0.00,0.00,1,31,3,0,0,14.2,122,114,29.0,34.9,0,0.00,1015.7,1002.1
2022-07-20T02:00,23.9,0.00,41,9.8,21.8,0.00,0.00,0.00,0,0,0,0,0,14.2,118,106,30.1,28.4,0,0.00,1015.6,1001.9
2022-07-20T03:00,23.5,0.00,43,10.0,21.1,0.00,0.00,0.00,0,7,7,0,0,16.6,112,103,32.6,32.0,0,0.00,1015.5,1001.8
2022-07-20T04:00,23.3,0.00,44,10.2,21.0,0.00,0.00,0.00,3,84,84,0,0,16.3,110,104,33.0,33.5,0,0.00,1015.3,1001.6
2022-07-20T05:00,22.8,0.00,46,10.6,20.6,0.00,0.00,0.00,2,57,57,0,0,16.1,110,106,32.2,32.0,1,0.00,1015.4,1001.7
2022-07-20T06:00,23.1,0.00,48,11.5,21.2,0.00,0.00,0.00,0,2,2,0,0,16.0,115,113,30.9,32.8,1,2578.29,1015.7,1002.0
2022-07-20T07:00,24.4,0.00,48,12.6,23.2,0.00,0.00,0.00,1,31,31,0,0,14.0,121,113,29.4,31.7,1,3600.00,1016.0,1002.3
2022-07-20T08:00,26.9,0.00,43,13.4,26.3,0.00,0.00,0.00,1,37,37,0,0,11.5,124,122,17.9,28.4,1,3600.00,1016.2,1002.7
2022-07-20T09:00,29.4,0.00,37,13.1,29.0,0.00,0.00,0.00,0,11,11,1,0,9.7,142,141,13.3,25.6,1,3600.00,1016.1,1002.7
2022-07-20T10:00,31.5,0.00,33,13.5,32.2,0.00,0.00,0.00,2,59,59,0,0,7.4,170,166,9.9,23.8,1,3600.00,1016.2,1002.9
2022-07-20T11:00,33.3,0.00,32,14.5,35.1,0.00,0.00,0.00,1,48,48,0,0,6.5,200,199,8.4,20.9,1,3600.00,1015.9,1002.6
2022-07-20T12:00,34.8,0.00,31,15.0,37.5,0.00,0.00,0.00,0,18,18,0,0,4.7,211,212,6.3,19.8,1,3600.00,1015.3,1002.1
2022-07-20T13:00,34.2,0.00,27,12.5,35.4,0.00,0.00,0.00,1,23,100,5,0,8.6,279,272,10.9,19.4,1,3600.00,1015.9,1002.7
2022-07-20T14:00,32.9,0.00,31,13.7,32.6,0.00,0.00,0.00,3,100,100,8,0,15.9,238,237,20.9,37.1,1,3600.00,1016.2,1002.9
2022-07-20T15:00,32.8,0.00,34,14.7,32.8,0.00,0.00,0.00,2,54,53,3,0,10.1,242,243,13.8,36.4,1,3600.00,1016.1,1002.8
2022-07-20T16:00,34.0,0.00,33,15.3,35.1,0.00,0.00,0.00,3,97,97,9,0,7.4,231,227,9.2,23.8,1,3600.00,1015.5,1002.3
2022-07-20T17:00,33.7,0.00,34,15.4,34.3,0.00,0.00,0.00,3,100,99,8,0,7.9,229,227,10.5,19.8,1,3600.00,1015.0,1001.8
2022-07-20T18:00,33.1,0.00,33,14.8,33.7,0.00,0.00,0.00,3,100,100,3,0,6.9,243,242,10.5,20.5,1,3600.00,1014.8,1001.5
2022-07-20T19:00,31.9,0.00,33,13.8,32.2,0.00,0.00,0.00,3,100,100,20,0,6.6,232,225,15.1,16.6,1,0.00,1014.8,1001.5
2022-07-20T20:00,30.6,0.00,32,11.8,28.5,0.00,0.00,0.00,2,77,72,20,0,18.0,234,233,31.7,33.5,1,0.00,1015.3,1001.9
2022-07-20T21:00,27.5,0.30,46,14.8,26.8,0.30,0.00,0.00,51,100,100,86,0,15.6,248,244,26.8,49.0,0,0.00,1017.2,1003.7
2022-07-20T22:00,26.4,0.00,49,14.7,26.7,0.00,0.00,0.00,2,61,50,23,0,8.4,295,295,17.1,29.9,0,0.00,1017.0,1003.4
2022-07-20T23:00,24.7,0.00,53,14.6,25.5,0.00,0.00,0.00,3,91,89,17,0,5.1,263,262,11.6,17.3,0,0.00,1017.7,1004.0
2022-07-21T00:00,23.4,0.00,58,14.5,22.5,0.00,0.00,0.00,3,86,66,62,0,15.9,268,267,26.6,28.4,0,0.00,1018.6,1004.9
2022-07-21T01:00,21.1,2.40,88,19.0,23.0,2.40,0.00,0.00,61,73,4,84,0,10.0,232,232,21.0,38.9,0,0.00,1019.6,1005.7
2022-07-21T02:00,20.5,0.10,88,18.5,21.3,0.10,0.00,0.00,51,69,1,59,23,16.3,238,235,28.0,33.5,0,0.00,1019.5,1005.6
2022-07-21T03:00,19.7,0.00,91,18.2,20.8,0.00,0.00,0.00,1,31,0,28,4,13.3,233,232,24.7,33.8,0,0.00,1019.8,1005.9
2022-07-21T04:00,19.2,0.00,95,18.3,20.8,0.00,0.00,0.00,0,8,0,7,1,9.6,239,236,19.7,27.4,0,0.00,1019.8,1005.9
2022-07-21T05:00,18.6,0.00,96,18.0,20.8,0.00,0.00,0.00,0,18,0,12,7,5.0,250,240,13.4,20.2,1,0.00,1020.1,1006.1
2022-07-21T06:00,19.3,0.00,94,18.3,21.3,0.00,0.00,0.00,0,13,0,4,9,7.1,218,204,11.8,14.8,1,2056.05,1020.4,1006.4
2022-07-21T07:00,20.0,0.00,84,17.2,20.8,0.00,0.00,0.00,0,10,0,9,1,12.5,221,219,18.1,27.0,1,3600.00,1020.7,1006.8
2022-07-21T08:00,20.9,0.00,74,16.1,20.9,0.00,0.00,0.00,0,5,0,0,5,13.8,228,227,19.4,31.7,1,3600.00,1021.2,1007.3
2022-07-21T09:00,22.2,0.00,64,15.0,21.7,0.00,0.00,0.00,1,23,0,0,23,15.1,230,230,20.7,34.6,1,3600.00,1021.0,1007.2
2022-07-21T10:00,23.7,0.00,55,14.1,23.3,0.00,0.00,0.00,1,22,0,7,17,14.1,237,238,19.0,34.9,1,3600.00,1021.1,1007.3
2022-07-21T11:00,25.1,0.00,47,12.9,24.9,0.00,0.00,0.00,1,32,0,5,28,13.9,244,245,18.4,33.5,1,3600.00,1020.9,1007.2
2022-07-21T12:00,26.8,0.00,40,12.1,26.7,0.00,0.00,0.00,1,33,0,32,9,14.1,251,251,19.0,33.8,1,3600.00,1020.5,1006.9
2022-07-21T13:00,24.3,0.00,51,13.6,24.7,0.00,0.00,0.00,3,100,0,63,20,13.4,236,234,18.7,35.3,1,3600.00,1020.9,1007.2
2022-07-21T14:00,26.3,0.00,45,13.5,25.9,0.00,0.00,0.00,2,50,0,50,4,13.8,232,231,18.7,33.8,1,3600.00,1020.2,1006.6
2022-07-21T15:00,26.3,0.00,46,13.7,25.3,0.00,0.00,0.00,3,100,3,100,0,14.5,227,226,20.1,32.8,1,3600.00,1019.8,1006.2
2022-07-21T16:00,27.2,0.00,41,12.9,25.8,0.00,0.00,0.00,1,29,0,25,7,16.1,247,246,22.7,34.9,1,3600.00,1019.4,1005.8
2022-07-21T17:00,27.2,0.00,40,12.4,25.4,0.00,0.00,0.00,1,37,0,36,9,17.2,251,250,24.7,37.8,1,3600.00,1019.3,1005.7
2022-07-21T18:00,26.9,0.00,40,12.2,25.4,0.00,0.00,0.00,3,95,0,95,2,15.3,262,262,22.9,37.1,1,3600.00,1019.2,1005.6
2022-07-21T19:00,26.2,0.00,44,13.1,25.6,0.00,0.00,0.00,1,21,0,14,14,10.4,270,270,18.4,32.4,1,2883.79,1019.1,1005.5
2022-07-21T20:00,23.9,0.00,53,13.9,24.3,0.00,0.00,0.00,0,1,0,1,0,5.6,283,285,14.8,22.3,1,2696.25,1019.1,1005.4
2022-07-21T21:00,22.7,0.00,56,13.6,22.9,0.00,0.00,0.00,0,2,0,1,2,6.2,278,280,17.8,13.0,0,0.00,1019.6,1005.8
2022-07-21T22:00,22.3,0.00,57,13.5,22.3,0.00,0.00,0.00,0,3,0,2,1,7.4,299,299,19.3,15.1,0,0.00,1019.8,1006.0
2022-07-21T23:00,21.6,0.00,61,13.8,21.2,0.00,0.00,0.00,0,0,0,0,0,11.2,331,327,24.3,22.0,0,0.00,1020.1,1006.3
2022-07-22T00:00,20.7,0.00,65,14.0,20.5,0.00,0.00,0.00,0,0,0,0,0,10.3,337,335,21.9,23.8,0,0.00,1020.2,1006.3
2022-07-22T01:00,19.8,0.00,82,16.6,20.8,0.00,0.00,0.00,0,0,0,0,0,8.6,18,15,18.6,21.2,0,0.00,1020.5,1006.6
2022-07-22T02:00,18.8,0.00,87,16.6,19.9,0.00,0.00,0.00,0,0,0,0,0,7.6,20,19,18.0,16.2,0,0.00,1020.3,1006.3
2022-07-22T03:00,18.2,0.00,90,16.5,19.3,0.00,0.00,0.00,0,0,0,0,0,8.0,27,18,18.2,15.8,0,0.00,1020.4,1006.4
2022-07-22T04:00,17.7,0.00,91,16.1,18.7,0.00,0.00,0.00,0,0,0,0,0,7.2,27,18,16.6,15.8,0,0.00,1020.3,1006.3
2022-07-22T05:00,17.1,0.00,91,15.6,18.2,0.00,0.00,0.00,1,21,21,0,0,5.2,28,25,13.8,14.0,1,0.00,1020.3,1006.2
2022-07-22T06:00,18.1,0.00,85,15.4,19.2,0.00,0.00,0.00,0,2,0,0,2,5.0,37,30,10.8,10.8,1,2450.13,1020.1,1006.1
2022-07-22T07:00,19.7,0.00,76,15.4,20.9,0.00,0.00,0.00,0,3,0,0,3,4.4,16,9,6.4,12.6,1,3600.00,1020.1,1006.2
2022-07-22T08:00,21.6,0.00,68,15.4,22.8,0.00,0.00,0.00,0,0,0,0,0,4.4,41,35,6.6,15.1,1,3600.00,1019.7,1005.9
2022-07-22T09:00,23.4,0.00,62,15.7,25.0,0.00,0.00,0.00,0,0,0,0,0,2.4,66,63,3.5,15.1,1,3600.00,1019.3,1005.6
2022-07-22T10:00,25.0,0.00,58,16.2,27.7,0.00,0.00,0.00,0,0,0,0,0,0.7,90,90,1.4,13.3,1,3600.00,1018.9,1005.2
2022-07-22T11:00,26.4,0.00,54,16.2,29.7,0.00,0.00,0.00,0,0,0,0,0,1.0,315,315,1.0,13.0,1,3600.00,1018.7,1005.1
2022-07-22T12:00,27.7,0.00,48,15.8,31.0,0.00,0.00,0.00,0,0,0,0,0,2.5,14,352,3.0,14.8,1,3600.00,1017.9,1004.4
2022-07-22T13:00,28.4,0.00,45,15.3,32.0,0.00,0.00,0.00,2,69,2,0,0,1.3,68,56,1.9,15.8,1,3600.00,1017.4,1003.9
2022-07-22T14:00,29.9,0.00,42,15.6,33.5,0.00,0.00,0.00,3,93,93,0,0,0.8,90,63,1.1,13.3,1,3600.00,1016.5,1003.1
2022-07-22T15:00,30.2,0.00,40,15.2,32.6,0.00,0.00,0.00,3,81,80,0,1,2.1,333,329,2.4,12.6,1,3600.00,1015.8,1002.4
2022-07-22T16:00,30.5,0.00,40,15.2,31.8,0.00,0.00,0.00,3,99,99,2,6,6.4,315,313,7.6,18.4,1,3600.00,1015.6,1002.2
2022-07-22T17:00,30.0,0.00,41,15.2,30.3,0.00,0.00,0.00,3,100,100,3,0,10.0,334,330,12.4,23.8,1,3600.00,1015.3,1001.9
2022-07-22T18:00,29.2,0.00,42,15.1,29.5,0.00,0.00,0.00,3,81,77,14,0,9.5,357,351,12.3,24.8,1,3600.00,1015.0,1001.6
2022-07-22T19:00,28.5,0.00,44,15.1,28.9,0.00,0.00,0.00,3,100,100,1,0,8.6,4,358,14.4,20.9,1,3600.00,1014.5,1001.0
2022-07-22T20:00,26.7,0.00,49,15.2,27.5,0.00,0.00,0.00,3,86,86,0,0,6.3,21,13,16.2,17.6,1,889.86,1014.4,1000.9
2022-07-22T21:00,25.5,0.00,52,15.1,26.2,0.00,0.00,0.00,3,100,100,55,0,7.1,49,45,15.3,12.6,0,0.00,1015.1,1001.5
2022-07-22T22:00,24.5,0.00,57,15.4,24.9,0.00,0.00,0.00,3,100,100,100,1,9.6,339,340,18.9,17.3,0,0.00,1015.8,1002.2
2022-07-22T23:00,23.8,0.40,62,16.0,24.9,0.40,0.00,0.00,51,100,100,52,0,6.5,347,360,14.1,19.8,0,0.00,1015.6,1001.9
2022-07-23T00:00,22.5,0.00,71,17.0,23.5,0.00,0.00,0.00,3,99,99,32,0,10.0,311,300,20.2,18.4,0,0.00,1016.1,1002.4
2022-07-23T01:00,21.7,0.00,73,16.8,23.1,0.00,0.00,0.00,3,99,98,6,0,6.5,189,177,16.0,21.6,0,0.00,1015.7,1001.9
2022-07-23T02:00,21.5,0.00,77,17.3,22.5,0.00,0.00,0.00,3,100,100,25,0,10.6,216,198,22.7,21.2,0,0.00,1015.6,1001.8
2022-07-23T03:00,20.7,0.00,80,17.2,22.6,0.00,0.00,0.00,3,92,89,30,0,4.5,237,241,14.6,22.0,0,0.00,1015.3,1001.5
2022-07-23T04:00,20.3,0.00,85,17.6,21.7,0.00,0.00,0.00,1,43,36,11,0,8.7,337,318,17.3,22.3,0,0.00,1016.3,1002.5
2022-07-23T05:00,19.1,0.10,90,17.4,20.9,0.10,0.00,0.00,51,40,0,28,17,5.6,334,310,12.4,18.4,1,0.00,1017.0,1003.1
2022-07-23T06:00,19.9,0.00,84,17.0,21.3,0.00,0.00,0.00,1,49,7,48,0,7.3,356,340,10.5,16.2,1,1052.75,1017.1,1003.2
2022-07-23T07:00,20.8,0.00,80,17.2,22.8,0.00,0.00,0.00,3,82,46,66,0,3.8,302,287,5.5,16.6,1,3600.00,1017.3,1003.5
2022-07-23T08:00,22.1,0.00,69,16.2,23.6,0.00,0.00,0.00,2,76,68,23,0,4.7,301,302,6.3,15.1,1,3600.00,1017.1,1003.3
2022-07-23T09:00,23.8,0.00,60,15.7,24.6,0.00,0.00,0.00,3,100,100,1,0,7.7,280,281,10.6,22.0,1,3600.00,1017.5,1003.8
2022-07-23T10:00,25.5,0.00,54,15.5,26.4,0.00,0.00,0.00,3,93,93,2,0,9.0,295,299,11.9,25.2,1,3600.00,1017.6,1004.0
2022-07-23T11:00,26.6,0.00,51,15.6,28.0,0.00,0.00,0.00,2,69,66,9,1,9.7,308,312,12.3,31.7,1,3600.00,1017.8,1004.2
2022-07-23T12:00,27.4,0.00,49,15.7,28.9,0.00,0.00,0.00,2,62,53,15,5,10.9,315,316,14.3,32.0,1,3600.00,1017.6,1004.1
2022-07-23T13:00,26.7,0.00,47,14.5,28.1,0.00,0.00,0.00,3,90,100,50,9,8.5,330,324,10.8,31.7,1,3600.00,1018.0,1004.4
2022-07-23T14:00,27.4,0.10,44,14.2,28.0,0.10,0.00,0.00,51,100,100,28,0,6.6,295,292,8.4,23.4,1,3600.00,1017.8,1004.3
2022-07-23T15:00,27.7,0.00,41,13.1,27.4,0.00,0.00,0.00,3,91,87,25,3,8.7,287,287,11.3,23.8,1,3600.00,1017.7,1004.2
2022-07-23T16:00,28.7,0.00,36,12.3,28.4,0.00,0.00,0.00,2,76,54,49,2,7.1,293,294,9.4,23.0,1,3600.00,1017.2,1003.7
2022-07-23T17:00,29.0,0.00,33,11.3,28.0,0.00,0.00,0.00,3,100,89,100,0,9.3,323,324,12.1,21.6,1,3600.00,1017.1,1003.6
2022-07-23T18:00,27.7,0.00,39,12.5,26.5,0.00,0.00,0.00,2,66,36,47,1,13.0,341,341,17.9,29.2,1,3600.00,1017.4,1003.9
2022-07-23T19:00,26.4,0.00,43,12.7,25.8,0.00,0.00,0.00,3,100,100,23,7,9.7,5,4,15.9,28.8,1,3600.00,1017.8,1004.2
2022-07-23T20:00,24.6,0.00,56,15.2,25.5,0.00,0.00,0.00,3,95,94,16,6,5.3,13,28,8.1,19.4,1,554.80,1018.0,1004.3
2022-07-23T21:00,25.3,0.00,46,12.7,25.8,0.00,0.00,0.00,1,37,18,23,6,2.3,325,39,4.4,7.9,0,0.00,1018.5,1004.9
2022-07-23T22:00,22.1,0.00,57,13.3,22.3,0.00,0.00,0.00,0,14,0,13,9,5.3,12,28,11.8,10.1,0,0.00,1018.9,1005.1
2022-07-23T23:00,21.9,0.00,57,13.1,21.3,0.00,0.00,0.00,0,4,0,3,1,10.2,44,42,20.6,19.1,0,0.00,1019.2,1005.4
2022-07-24T00:00,21.5,0.00,54,11.8,20.4,0.00,0.00,0.00,3,99,99,7,0,11.0,56,58,23.9,21.6,0,0.00,1019.6,1005.8
2022-07-24T01:00,20.9,0.00,59,12.5,20.8,0.00,0.00,0.00,0,0,0,12,0,5.6,42,40,15.5,21.2,0,0.00,1019.6,1005.7
2022-07-24T02:00,19.8,0.00,63,12.6,19.8,0.00,0.00,0.00,0,8,0,8,0,5.6,69,63,13.1,12.2,0,0.00,1019.5,1005.6
2022-07-24T03:00,19.6,0.00,64,12.5,19.2,0.00,0.00,0.00,0,15,12,3,0,8.6,87,75,19.1,16.2,0,0.00,1019.4,1005.5
2022-07-24T04:00,18.8,0.00,68,12.8,18.9,0.00,0.00,0.00,0,5,0,5,0,5.4,94,86,14.8,16.6,0,0.00,1019.3,1005.3
2022-07-24T05:00,17.8,0.00,77,13.7,18.2,0.00,0.00,0.00,1,29,19,12,2,5.6,128,153,8.7,10.4,1,0.00,1019.8,1005.8
2022-07-24T06:00,19.8,0.00,67,13.6,20.0,0.00,0.00,0.00,0,9,4,5,0,6.0,117,115,12.9,10.1,1,2149.73,1020.0,1006.1
2022-07-24T07:00,21.8,0.00,62,14.1,22.4,0.00,0.00,0.00,1,29,29,1,0,4.9,117,126,11.3,13.7,1,3600.00,1020.1,1006.3
2022-07-24T08:00,23.7,0.00,59,15.1,24.5,0.00,0.00,0.00,1,45,45,0,0,5.8,145,150,7.5,16.6,1,3600.00,1019.9,1006.2
2022-07-24T09:00,25.5,0.00,53,15.4,26.7,0.00,0.00,0.00,1,29,29,0,0,4.0,180,185,5.0,16.9,1,3600.00,1019.7,1006.0
2022-07-24T10:00,27.3,0.00,46,14.7,28.9,0.00,0.00,0.00,0,0,0,0,0,3.2,248,243,3.9,15.5,1,3600.00,1019.5,1005.9
2022-07-24T11:00,28.8,0.00,41,14.2,30.9,0.00,0.00,0.00,1,21,15,6,0,3.2,243,243,4.0,16.2,1,3600.00,1019.3,1005.8
2022-07-24T12:00,29.7,0.00,37,13.3,31.8,0.00,0.00,0.00,0,11,9,1,1,3.8,247,253,4.7,16.9,1,3600.00,1018.9,1005.4
2022-07-24T13:00,30.5,0.00,35,13.2,32.3,0.00,0.00,0.00,0,15,48,1,0,5.5,189,191,6.9,16.9,1,3600.00,1018.3,1004.9
2022-07-24T14:00,31.3,0.00,32,12.7,32.8,0.00,0.00,0.00,0,16,13,4,0,5.9,191,194,7.7,20.2,1,3600.00,1017.5,1004.1
2022-07-24T15:00,31.8,0.00,31,12.4,32.8,0.00,0.00,0.00,0,13,10,3,1,6.5,182,183,8.3,20.5,1,3600.00,1016.8,1003.5
2022-07-24T16:00,31.8,0.00,30,11.9,31.8,0.00,0.00,0.00,3,91,91,0,0,7.6,176,175,9.7,20.9,1,3600.00,1016.1,1002.8
2022-07-24T17:00,31.6,0.00,27,10.3,30.6,0.00,0.00,0.00,0,12,12,0,0,7.3,173,171,9.4,20.9,1,3600.00,1015.4,1002.1
2022-07-24T18:00,31.4,0.00,26,9.4,30.4,0.00,0.00,0.00,0,9,9,0,0,5.9,175,169,8.0,19.1,1,3600.00,1015.0,1001.7
2022-07-24T19:00,29.8,0.00,40,14.6,30.8,0.00,0.00,0.00,0,0,0,0,0,3.6,142,135,8.2,14.0,1,3600.00,1014.6,1001.2
2022-07-24T20:00,27.6,0.00,37,11.7,27.0,0.00,0.00,0.00,0,0,0,0,0,7.6,111,109,18.9,14.4,1,2504.74,1014.4,1000.9
2022-07-24T21:00,26.5,0.00,42,12.4,26.0,0.00,0.00,0.00,0,0,0,0,0,8.6,106,92,19.8,18.4,0,0.00,1014.6,1001.1
2022-07-24T22:00,25.3,0.00,45,12.6,24.9,0.00,0.00,0.00,0,6,6,0,0,7.9,107,87,17.0,16.9,0,0.00,1014.4,1000.8
2022-07-24T23:00,24.4,0.00,47,12.5,23.8,0.00,0.00,0.00,0,18,18,0,0,9.5,109,99,20.2,17.6,0,0.00,1014.4,1000.8
2022-07-25T00:00,23.6,0.00,50,12.6,23.1,0.00,0.00,0.00,0,0,0,0,0,9.2,111,111,21.7,19.8,0,0.00,1014.2,1000.5
2022-07-25T01:00,23.1,0.00,54,13.2,22.6,0.00,0.00,0.00,0,0,0,0,0,10.6,111,108,23.1,20.2,0,0.00,1013.7,1000.0
2022-07-25T02:00,22.1,0.00,58,13.5,21.5,0.00,0.00,0.00,0,0,0,0,0,11.5,117,110,25.0,22.3,0,0.00,1013.3,999.6
2022-07-25T03:00,22.0,0.00,59,13.6,21.2,0.00,0.00,0.00,0,0,0,0,0,13.4,121,110,27.3,26.6,0,0.00,1012.7,999.0
2022-07-25T04:00,21.3,0.00,63,13.9,20.9,0.00,0.00,0.00,0,0,0,0,0,11.3,143,121,22.6,27.0,0,0.00,1012.6,998.8
2022-07-25T05:00,20.6,0.00,68,14.4,20.7,0.00,0.00,0.00,0,0,0,0,0,9.5,152,115,16.8,21.6,1,0.00,1012.4,998.6
2022-07-25T06:00,21.7,0.00,65,15.0,21.9,0.00,0.00,0.00,0,0,0,0,0,10.1,147,117,16.4,18.7,1,2249.27,1012.0,998.3
2022-07-25T07:00,24.1,0.00,60,15.9,24.8,0.00,0.00,0.00,0,0,0,0,0,8.8,151,125,16.1,19.1,1,3600.00,1011.8,998.2
2022-07-25T08:00,26.5,0.00,52,15.9,27.3,0.00,0.00,0.00,0,0,0,0,0,7.8,163,158,10.9,19.8,1,3600.00,1011.7,998.2
2022-07-25T09:00,28.6,0.00,46,15.9,29.4,0.00,0.00,0.00,0,0,0,0,0,8.3,187,185,11.3,22.0,1,3600.00,1011.4,998.0
2022-07-25T10:00,31.1,0.00,39,15.7,32.1,0.00,0.00,0.00,0,0,0,0,0,10.0,207,206,13.7,25.9,1,3600.00,1011.0,997.7
2022-07-25T11:00,33.3,0.00,32,14.3,33.7,0.00,0.00,0.00,3,91,91,0,0,14.0,227,226,18.8,33.1,1,3600.00,1010.6,997.4
2022-07-25T12:00,34.4,0.00,29,13.8,34.2,0.00,0.00,0.00,3,82,81,6,0,17.2,242,241,23.7,40.3,1,3600.00,1010.1,997.0
2022-07-25T13:00,29.0,0.10,53,18.6,29.9,0.10,0.00,0.00,51,100,100,85,1,16.9,236,236,28.8,55.4,1,3600.00,1010.7,997.3
2022-07-25T14:00,29.9,0.00,47,17.3,32.0,0.00,0.00,0.00,3,99,99,0,0,3.8,107,107,4.9,36.7,1,0.00,1009.8,996.5
2022-07-25T15:00,33.1,0.00,32,14.0,32.8,0.00,0.00,0.00,3,94,91,31,0,14.6,253,254,19.9,32.0,1,3600.00,1009.7,996.5
2022-07-25T16:00,29.2,0.00,42,14.9,26.8,0.00,0.00,0.00,3,96,86,70,0,28.0,250,252,39.9,55.1,1,3458.40,1010.8,997.4
2022-07-25T17:00,25.2,0.00,60,16.8,26.7,0.00,0.00,0.00,0,19,10,10,0,6.4,264,254,14.8,59.8,1,3356.22,1010.3,996.8
2022-07-25T18:00,28.4,0.00,49,16.6,29.1,0.00,0.00,0.00,1,30,0,29,14,10.8,251,244,18.7,25.2,1,3600.00,1010.7,997.3
2022-07-25T19:00,28.2,0.00,46,15.7,27.8,0.00,0.00,0.00,0,6,0,6,4,15.9,277,276,25.4,34.6,1,3600.00,1011.0,997.6
2022-07-25T20:00,27.0,0.00,45,14.2,26.6,0.00,0.00,0.00,1,41,35,4,9,12.1,282,280,22.1,32.8,1,2436.03,1011.7,998.2
2022-07-25T21:00,25.6,0.00,47,13.6,24.7,0.00,0.00,0.00,3,85,78,27,20,14.2,296,294,26.4,29.2,0,0.00,1012.7,999.1
2022-07-25T22:00,24.5,0.00,50,13.5,23.9,0.00,0.00,0.00,2,79,72,26,2,11.8,299,297,22.2,31.0,0,0.00,1013.5,999.9
2022-07-25T23:00,23.3,0.00,55,13.7,22.0,0.00,0.00,0.00,3,95,91,50,14,17.0,302,302,27.7,34.9,0,0.00,1014.2,1000.5
2022-07-26T00:00,22.2,0.00,61,14.2,22.7,0.00,0.00,0.00,3,99,99,28,16,5.5,294,281,11.4,34.2,0,0.00,1014.3,1000.6
2022-07-26T01:00,22.8,0.00,58,14.1,22.4,0.00,0.00,0.00,3,85,100,94,0,12.1,296,297,22.4,12.6,0,0.00,1014.2,1000.5
2022-07-26T02:00,22.5,0.00,60,14.3,22.6,0.00,0.00,0.00,3,100,100,6,1,8.4,294,295,16.9,24.8,0,0.00,1014.6,1000.9
2022-07-26T03:00,21.4,0.00,64,14.3,21.7,0.00,0.00,0.00,3,89,87,11,4,7.6,302,295,16.5,18.0,0,0.00,1014.6,1000.8
2022-07-26T04:00,20.1,0.00,70,14.3,20.4,0.00,0.00,0.00,2,55,44,16,14,7.3,298,290,16.8,15.8,0,0.00,1015.2,1001.4
2022-07-26T05:00,19.3,0.00,72,14.2,19.9,0.00,0.00,0.00,1,28,4,18,22,5.4,297,290,14.2,15.5,1,0.00,1015.4,1001.5
2022-07-26T06:00,20.0,0.00,68,14.0,20.1,0.00,0.00,0.00,1,21,0,18,16,7.6,283,278,15.5,15.5,1,1638.74,1015.4,1001.5
2022-07-26T07:00,20.4,0.00,60,12.4,19.2,0.00,0.00,0.00,1,21,0,20,12,13.3,284,283,19.3,29.2,1,3600.00,1015.9,1002.1
2022-07-26T08:00,20.9,0.00,58,12.2,19.6,0.00,0.00,0.00,0,6,0,6,5,13.8,286,285,18.7,31.7,1,3600.00,1016.1,1002.3
2022-07-26T09:00,22.2,0.00,51,11.7,20.8,0.00,0.00,0.00,1,24,0,0,24,13.4,277,276,18.1,31.7,1,3600.00,1016.1,1002.3
2022-07-26T10:00,23.5,0.00,45,10.8,21.9,0.00,0.00,0.00,3,100,0,95,100,14.7,282,281,19.5,34.9,1,3600.00,1016.0,1002.3
2022-07-26T11:00,24.1,0.00,42,10.4,22.3,0.00,0.00,0.00,2,60,0,56,11,13.3,290,289,18.0,34.6,1,3600.00,1016.1,1002.4
2022-07-26T12:00,25.5,0.00,37,9.6,23.4,0.00,0.00,0.00,2,74,0,73,6,14.5,293,293,19.2,33.8,1,3600.00,1015.8,1002.2
2022-07-26T13:00,24.6,0.00,41,10.4,23.1,0.00,0.00,0.00,2,59,0,58,27,11.0,295,293,14.3,34.2,1,3600.00,1016.6,1002.9
2022-07-26T14:00,25.6,0.00,37,10.0,24.1,0.00,0.00,0.00,3,84,0,84,2,10.0,291,291,13.1,26.6,1,3600.00,1016.1,1002.5
2022-07-26T15:00,26.2,0.00,35,9.6,24.6,0.00,0.00,0.00,2,78,0,78,0,10.6,295,294,13.9,26.3,1,3600.00,1015.5,1001.9
2022-07-26T16:00,26.5,0.00,34,9.5,24.6,0.00,0.00,0.00,3,100,4,100,0,12.2,298,298,16.3,28.8,1,3600.00,1015.4,1001.8
2022-07-26T17:00,26.2,0.00,35,9.6,24.4,0.00,0.00,0.00,3,100,22,100,0,11.6,300,300,15.8,29.5,1,3600.00,1015.2,1001.6
2022-07-26T18:00,25.5,0.00,37,9.6,24.0,0.00,0.00,0.00,2,57,10,52,0,9.6,292,290,13.2,27.0,1,2757.49,1014.7,1001.1
2022-07-26T19:00,25.3,0.00,36,9.3,23.9,0.00,0.00,0.00,2,69,6,67,0,8.1,286,283,12.0,21.2,1,3600.00,1014.8,1001.2
2022-07-26T20:00,24.4,0.00,38,9.2,22.6,0.00,0.00,0.00,3,90,66,70,7,10.9,306,304,19.1,22.0,1,407.34,1015.1,1001.5
2022-07-26T21:00,23.4,0.00,42,9.6,22.0,0.00,0.00,0.00,3,95,92,38,0,8.7,319,318,17.6,23.4,0,0.00,1015.7,1002.0
2022-07-26T22:00,22.1,0.00,46,9.9,20.9,0.00,0.00,0.00,2,55,20,43,11,8.3,359,358,18.0,17.6,0,0.00,1016.0,1002.2
2022-07-26T23:00,21.2,0.00,50,10.3,20.1,0.00,0.00,0.00,1,35,0,19,19,8.0,353,352,18.1,16.6,0,0.00,1016.3,1002.5
2022-07-27T00:00,20.3,0.00,55,11.1,18.7,0.00,0.00,0.00,2,64,0,57,17,12.8,350,344,23.8,25.2,0,0.00,1016.6,1002.7
2022-07-27T01:00,19.3,0.00,62,11.8,18.1,0.00,0.00,0.00,0,13,0,6,0,12.2,353,346,23.6,25.9,0,0.00,1016.7,1002.8
2022-07-27T02:00,18.4,0.00,65,11.7,17.4,0.00,0.00,0.00,0,13,8,6,0,10.1,5,358,21.0,24.5,0,0.00,1016.5,1002.6
2022-07-27T03:00,17.7,0.00,70,12.1,17.0,0.00,0.00,0.00,0,5,0,5,0,8.6,12,360,18.4,20.2,0,0.00,1016.4,1002.4
2022-07-27T04:00,17.1,0.00,74,12.4,16.3,0.00,0.00,0.00,0,16,0,12,6,10.0,352,339,20.0,19.8,0,0.00,1016.4,1002.4
2022-07-27T05:00,16.6,0.00,77,12.6,15.9,0.00,0.00,0.00,1,23,1,17,15,10.1,8,358,20.4,21.2,1,0.00,1016.6,1002.6
2022-07-27T06:00,17.3,0.00,74,12.7,16.6,0.00,0.00,0.00,0,7,0,6,0,10.3,19,12,16.4,20.9,1,1468.94,1016.9,1002.9
2022-07-27T07:00,18.5,0.00,69,12.8,18.5,0.00,0.00,0.00,1,26,0,20,7,5.8,5,360,8.0,20.9,1,3600.00,1017.3,1003.4
2022-07-27T08:00,19.7,0.00,64,12.8,19.8,0.00,0.00,0.00,1,30,0,9,23,5.2,16,12,6.7,15.8,1,3600.00,1017.4,1003.5
2022-07-27T09:00,21.0,0.00,58,12.4,20.7,0.00,0.00,0.00,1,44,0,32,19,7.3,13,9,10.0,20.9,1,3600.00,1017.3,1003.5
2022-07-27T10:00,21.5,0.30,56,12.5,20.9,0.30,0.00,0.00,51,43,0,31,28,9.4,5,4,12.3,24.5,1,3600.00,1017.3,1003.5
2022-07-27T11:00,22.7,0.20,51,12.1,22.5,0.20,0.00,0.00,51,49,0,42,18,9.7,3,2,13.0,26.3,1,3600.00,1017.1,1003.4
2022-07-27T12:00,24.0,0.10,44,11.1,23.5,0.10,0.00,0.00,51,31,0,16,18,11.2,356,354,14.8,28.8,1,3600.00,1016.9,1003.2
2022-07-27T13:00,24.1,0.00,41,9.9,23.5,0.00,0.00,0.00,1,22,0,11,16,12.3,357,355,15.9,34.2,1,3600.00,1017.2,1003.5
2022-07-27T14:00,24.9,0.00,37,9.4,23.7,0.00,0.00,0.00,1,22,0,16,7,14.0,1,360,18.4,34.2,1,3600.00,1016.7,1003.1
2022-07-27T15:00,25.2,0.00,35,8.9,23.6,0.00,0.00,0.00,1,29,0,23,10,13.0,2,360,17.3,34.2,1,3600.00,1016.4,1002.8
2022-07-27T16:00,25.0,0.00,35,8.5,22.8,0.00,0.00,0.00,1,22,0,22,7,12.6,359,357,16.9,32.0,1,3600.00,1016.3,1002.7
2022-07-27T17:00,24.6,0.00,35,8.3,22.3,0.00,0.00,0.00,1,34,0,34,4,12.6,350,347,16.8,30.6,1,3600.00,1016.2,1002.6
2022-07-27T18:00,24.3,0.00,35,7.9,22.0,0.00,0.00,0.00,2,51,3,50,0,12.3,356,353,16.6,29.2,1,3600.00,1015.7,1002.0
2022-07-27T19:00,23.3,0.00,37,7.8,21.1,0.00,0.00,0.00,2,69,57,27,1,11.4,14,13,16.7,27.4,1,3600.00,1015.9,1002.2
2022-07-27T20:00,21.7,0.00,41,7.8,20.0,0.00,0.00,0.00,2,55,46,18,0,7.7,36,37,17.0,24.1,1,2291.89,1016.3,1002.5
2022-07-27T21:00,20.6,0.00,42,7.2,18.2,0.00,0.00,0.00,3,100,100,8,0,11.5,43,41,23.2,21.6,0,0.00,1016.8,1003.0
2022-07-27T22:00,20.3,0.00,42,6.8,17.4,0.00,0.00,0.00,3,100,100,8,3,14.1,41,40,26.8,28.4,0,0.00,1017.0,1003.1
2022-07-27T23:00,19.6,0.00,44,6.9,16.8,0.00,0.00,0.00,3,100,100,0,0,13.8,52,49,26.6,29.2,0,0.00,1016.9,1003.0
2022-07-28T00:00,19.0,0.00,45,6.8,16.3,0.00,0.00,0.00,3,100,100,1,0,13.3,60,57,25.8,28.1,0,0.00,1016.9,1003.0
2022-07-28T01:00,18.4,0.00,49,7.5,15.9,0.00,0.00,0.00,3,100,56,8,11,12.6,62,59,25.6,26.6,0,0.00,1017.1,1003.1
2022-07-28T02:00,17.7,0.00,51,7.3,15.1,0.00,0.00,0.00,2,76,73,0,11,13.0,68,62,26.5,26.6,0,0.00,1016.8,1002.8
2022-07-28T03:00,17.4,0.00,52,7.4,15.0,0.00,0.00,0.00,3,100,100,0,6,11.4,75,66,25.3,26.6,0,0.00,1016.4,1002.4
2022-07-28T04:00,17.4,0.00,53,7.8,15.6,0.00,0.00,0.00,3,100,100,0,2,8.7,72,60,20.8,24.1,0,0.00,1016.0,1002.0
2022-07-28T05:00,16.9,0.00,57,8.2,15.6,0.00,0.00,0.00,3,99,99,0,0,5.5,77,67,16.6,18.4,1,0.00,1016.1,1002.1
2022-07-28T06:00,17.5,0.00,56,8.7,16.0,0.00,0.00,0.00,3,81,80,19,4,7.5,84,73,17.0,15.5,1,0.00,1016.0,1002.0
2022-07-28T07:00,19.0,0.00,53,9.2,17.8,0.00,0.00,0.00,1,25,3,21,14,7.0,78,69,12.1,17.3,1,3600.00,1015.9,1002.0
2022-07-28T08:00,21.1,0.00,49,9.9,20.0,0.00,0.00,0.00,1,38,5,34,10,7.4,78,76,10.7,20.2,1,3600.00,1015.9,1002.1
2022-07-28T09:00,23.1,0.00,44,10.2,22.0,0.00,0.00,0.00,1,35,13,24,10,8.4,83,83,11.6,22.7,1,3600.00,1015.7,1002.0
2022-07-28T10:00,25.0,0.00,38,9.7,23.5,0.00,0.00,0.00,1,44,34,13,13,10.5,86,84,14.4,27.0,1,3600.00,1015.3,1001.7
2022-07-28T11:00,26.5,0.00,35,9.9,25.6,0.00,0.00,0.00,1,30,20,9,13,11.3,83,83,15.2,29.2,1,3600.00,1014.8,1001.3
2022-07-28T12:00,27.8,0.00,33,10.3,27.6,0.00,0.00,0.00,3,100,100,58,0,11.5,86,86,15.5,30.2,1,3600.00,1014.2,1000.7
2022-07-28T13:00,28.4,0.00,30,9.4,27.6,0.00,0.00,0.00,3,100,100,48,0,10.5,89,84,14.0,30.2,1,3600.00,1014.1,1000.7
2022-07-28T14:00,29.4,0.00,27,8.4,28.3,0.00,0.00,0.00,3,100,100,100,0,9.4,92,90,12.6,26.3,1,3600.00,1013.3,999.9
2022-07-28T15:00,28.6,0.00,29,8.9,27.1,0.00,0.00,0.00,3,100,100,93,0,8.0,86,85,10.5,24.8,1,1852.85,1013.1,999.7
2022-07-28T16:00,28.9,0.00,29,9.0,27.7,0.00,0.00,0.00,3,100,100,99,0,6.5,90,84,8.6,20.2,1,0.00,1012.6,999.2
2022-07-28T17:00,28.8,0.00,29,8.8,27.6,0.00,0.00,0.00,3,100,100,54,0,5.8,97,97,8.7,16.2,1,0.00,1012.1,998.7
2022-07-28T18:00,28.8,0.00,28,8.4,27.3,0.00,0.00,0.00,3,100,100,94,0,7.2,97,96,12.3,16.9,1,0.00,1012.4,999.0
2022-07-28T19:00,27.2,0.00,32,9.0,25.4,0.00,0.00,0.00,3,100,100,28,0,10.6,61,55,18.5,21.6,1,0.00,1012.6,999.1
2022-07-28T20:00,25.5,0.00,33,8.2,22.9,0.00,0.00,0.00,3,100,100,24,0,14.3,58,56,26.7,28.4,1,0.00,1012.8,999.2
2022-07-28T21:00,24.6,0.00,34,7.7,22.1,0.00,0.00,0.00,3,99,98,60,0,12.6,64,63,24.8,29.5,0,0.00,1013.3,999.7
2022-07-28T22:00,24.0,0.00,34,7.1,21.6,0.00,0.00,0.00,3,82,51,64,0,11.4,74,77,24.7,26.6,0,0.00,1013.6,1000.0
2022-07-28T23:00,22.7,0.30,41,8.8,20.6,0.30,0.00,0.00,51,98,94,78,0,12.5,202,198,19.1,23.8,0,0.00,1014.8,1001.1
2022-07-29T00:00,19.7,1.30,78,15.8,20.4,1.30,0.00,0.00,61,100,100,66,0,8.1,87,77,11.9,27.7,0,0.00,1014.6,1000.7
2022-07-29T01:00,20.9,0.00,57,12.0,20.8,0.00,0.00,0.00,1,21,7,90,0,5.0,205,270,6.0,19.4,0,0.00,1014.7,1000.9
2022-07-29T02:00,20.4,0.00,55,10.9,19.1,0.00,0.00,0.00,2,53,0,51,4,10.5,34,22,13.0,18.4,0,0.00,1014.3,1000.5
2022-07-29T03:00,20.7,0.00,54,11.0,19.3,0.00,0.00,0.00,0,5,4,1,0,11.5,105,90,21.2,24.5,0,0.00,1013.6,999.8
2022-07-29T04:00,20.0,0.00,59,11.7,19.0,0.00,0.00,0.00,0,13,1,13,0,10.3,130,119,21.2,22.7,0,0.00,1013.6,999.8
2022-07-29T05:00,19.1,0.00,66,12.6,18.5,0.00,0.00,0.00,1,24,9,20,0,9.8,139,126,20.4,20.2,1,0.00,1013.4,999.5
2022-07-29T06:00,19.5,0.00,68,13.5,19.7,0.00,0.00,0.00,1,21,9,13,0,6.4,150,133,14.2,18.4,1,1569.81,1013.9,1000.0
2022-07-29T07:00,21.1,0.00,64,14.1,21.2,0.00,0.00,0.00,2,51,51,0,0,8.7,152,150,15.1,19.4,1,3600.00,1014.5,1000.7
2022-07-29T08:00,22.6,0.00,56,13.5,22.8,0.00,0.00,0.00,3,100,100,0,0,6.6,168,167,8.5,21.2,1,3600.00,1014.6,1000.9
2022-07-29T09:00,23.9,0.00,51,13.2,24.0,0.00,0.00,0.00,3,100,100,0,0,6.3,193,193,8.1,19.4,1,3600.00,1014.8,1001.1
2022-07-29T10:00,25.2,0.00,46,12.8,25.2,0.00,0.00,0.00,3,96,96,0,0,5.8,209,210,7.4,19.8,1,3600.00,1014.8,1001.2
2022-07-29T11:00,26.8,0.00,41,12.5,27.4,0.00,0.00,0.00,3,98,98,0,0,6.6,220,221,8.4,21.2,1,3600.00,1014.6,1001.1
2022-07-29T12:00,28.1,0.00,36,11.7,28.8,0.00,0.00,0.00,3,95,94,21,0,7.0,215,215,8.8,21.6,1,3600.00,1014.1,1000.6
2022-07-29T13:00,29.0,0.00,31,10.0,28.0,0.00,0.00,0.00,2,55,100,31,0,12.7,294,299,16.6,23.0,1,3600.00,1013.9,1000.5
2022-07-29T14:00,28.9,0.00,32,10.4,28.1,0.00,0.00,0.00,3,100,100,100,0,9.8,253,246,12.4,29.9,1,3600.00,1013.8,1000.4
2022-07-29T15:00,22.9,1.60,67,16.5,22.9,1.60,0.00,0.00,61,100,100,98,0,15.9,235,231,27.7,40.3,1,0.00,1015.0,1001.3
2022-07-29T16:00,23.3,0.00,58,14.7,23.8,0.00,0.00,0.00,3,100,100,36,0,7.1,318,336,16.1,32.0,1,0.00,1014.5,1000.8
2022-07-29T17:00,26.5,0.00,43,12.9,26.7,0.00,0.00,0.00,3,100,100,30,0,4.5,341,346,6.5,17.6,1,3600.00,1014.4,1000.9
2022-07-29T18:00,26.6,0.00,39,11.4,26.8,0.00,0.00,0.00,3,99,99,31,0,1.4,248,180,1.9,13.0,1,1890.48,1014.4,1000.9
2022-07-29T19:00,25.4,0.00,41,11.2,24.3,0.00,0.00,0.00,2,76,39,62,3,10.1,298,297,15.9,18.7,1,1232.81,1015.3,1001.7
2022-07-29T20:00,22.8,0.10,56,13.6,23.1,0.10,0.00,0.00,51,18,8,13,0,5.8,10,7,12.8,25.9,1,572.92,1015.6,1001.9
2022-07-29T21:00,21.2,0.00,67,14.8,22.0,0.00,0.00,0.00,0,12,0,12,1,5.7,55,55,7.5,11.2,0,0.00,1016.0,1002.2
2022-07-29T22:00,21.6,0.00,64,14.5,22.6,0.00,0.00,0.00,0,11,0,11,3,3.3,351,6,4.7,8.3,0,0.00,1016.0,1002.2
2022-07-29T23:00,19.6,0.00,76,15.2,20.6,0.00,0.00,0.00,0,8,0,7,6,4.8,333,13,6.4,7.6,0,0.00,1016.2,1002.3
2022-07-30T00:00,18.2,0.00,83,15.3,19.2,0.00,0.00,0.00,0,0,0,0,0,5.6,311,310,11.0,10.1,0,0.00,1016.7,1002.7
2022-07-30T01:00,18.1,0.00,91,16.7,19.7,0.00,0.00,0.00,0,10,17,3,0,5.3,348,298,5.2,20.2,0,0.00,1017.4,1003.4
2022-07-30T02:00,17.8,0.00,93,16.7,19.0,0.00,0.00,0.00,0,13,12,1,0,8.2,312,311,16.8,16.9,0,0.00,1017.0,1003.0
2022-07-30T03:00,17.2,0.00,92,15.9,18.2,0.00,0.00,0.00,0,1,0,1,0,6.8,300,288,17.1,16.9,0,0.00,1016.9,1002.9
2022-07-30T04:00,16.6,0.00,89,14.7,17.4,0.00,0.00,0.00,0,0,0,0,0,5.2,303,295,15.4,15.1,0,0.00,1017.2,1003.2
2022-07-30T05:00,15.4,0.00,91,13.9,15.7,0.00,0.00,0.00,0,14,11,3,0,6.4,309,297,11.5,13.0,1,0.00,1017.7,1003.6
2022-07-30T06:00,17.4,0.00,84,14.7,18.6,0.00,0.00,0.00,0,1,1,0,0,1.9,308,248,6.4,12.6,1,1543.47,1018.2,1004.2
2022-07-30T07:00,19.0,0.00,72,13.9,20.0,0.00,0.00,0.00,0,0,0,0,0,1.8,270,233,2.5,9.0,1,3600.00,1018.6,1004.7
2022-07-30T08:00,20.8,0.00,64,13.7,21.4,0.00,0.00,0.00,0,3,0,3,3,4.1,258,255,5.2,14.4,1,3600.00,1018.7,1004.8
2022-07-30T09:00,22.7,0.00,54,12.9,22.7,0.00,0.00,0.00,0,5,0,5,0,6.2,262,260,8.0,19.1,1,3600.00,1018.6,1004.8
2022-07-30T10:00,24.2,0.00,44,11.2,23.8,0.00,0.00,0.00,0,6,0,5,3,7.2,274,270,9.4,25.9,1,3600.00,1018.3,1004.6
2022-07-30T11:00,25.6,0.00,41,11.5,25.9,0.00,0.00,0.00,0,16,0,8,13,7.3,261,261,9.5,25.6,1,3600.00,1018.0,1004.4
2022-07-30T12:00,27.2,0.00,36,10.9,27.6,0.00,0.00,0.00,0,14,0,14,3,8.3,276,275,11.2,25.2,1,3600.00,1017.4,1003.9
2022-07-30T13:00,27.2,0.00,37,11.1,27.6,0.00,0.00,0.00,1,29,0,39,3,9.6,291,290,12.3,32.0,1,3600.00,1017.9,1004.3
2022-07-30T14:00,28.1,0.00,34,10.8,27.2,0.00,0.00,0.00,2,51,12,42,5,12.3,285,285,16.4,30.2,1,3600.00,1017.4,1003.9
2022-07-30T15:00,28.3,0.00,30,9.3,26.8,0.00,0.00,0.00,2,76,62,35,0,11.9,297,299,16.1,32.4,1,3600.00,1016.8,1003.3
2022-07-30T16:00,28.8,0.00,28,8.2,26.3,0.00,0.00,0.00,3,100,100,20,0,13.4,305,306,18.4,30.6,1,3600.00,1016.4,1002.9
2022-07-30T17:00,28.6,0.00,25,6.8,25.6,0.00,0.00,0.00,3,97,97,6,0,15.3,317,317,21.7,34.2,1,3600.00,1016.5,1003.0
2022-07-30T18:00,28.5,0.00,23,5.6,25.0,0.00,0.00,0.00,2,63,28,48,0,16.4,309,308,24.6,35.6,1,3600.00,1016.4,1002.9
2022-07-30T19:00,25.8,0.00,32,7.7,22.8,0.00,0.00,0.00,0,1,0,1,0,16.2,2,1,27.4,38.2,1,3600.00,1017.2,1003.6
2022-07-30T20:00,24.4,0.00,34,7.5,21.8,0.00,0.00,0.00,2,73,66,19,0,13.2,17,17,25.2,33.1,1,1885.59,1017.4,1003.7
2022-07-30T21:00,22.6,0.00,39,7.8,21.0,0.00,0.00,0.00,3,100,100,48,0,6.8,15,18,18.6,27.7,0,0.00,1018.3,1004.5
2022-07-30T22:00,22.1,0.00,41,8.3,20.9,0.00,0.00,0.00,2,64,1,64,0,5.5,10,11,14.6,14.8,0,0.00,1018.9,1005.1
2022-07-30T23:00,21.2,0.00,45,8.7,20.1,0.00,0.00,0.00,2,64,0,64,0,5.2,16,25,12.8,11.9,0,0.00,1019.3,1005.5
2022-07-31T00:00,20.2,0.00,51,9.9,19.6,0.00,0.00,0.00,0,5,0,5,0,4.3,31,42,9.2,10.8,0,0.00,1019.2,1005.3
2022-07-31T01:00,18.6,0.00,58,10.0,18.0,0.00,0.00,0.00,3,100,13,24,0,3.8,65,107,6.0,9.7,0,0.00,1019.2,1005.2
2022-07-31T02:00,17.7,0.00,61,10.0,16.9,0.00,0.00,0.00,3,100,100,3,0,5.5,69,79,8.1,11.2,0,0.00,1018.9,1004.9
2022-07-31T03:00,16.9,0.00,65,10.2,16.2,0.00,0.00,0.00,3,100,100,50,0,4.7,118,90,5.3,10.8,0,0.00,1018.7,1004.7
2022-07-31T04:00,17.1,0.00,64,10.1,16.6,0.00,0.00,0.00,3,100,100,80,0,3.3,180,96,5.8,9.7,0,0.00,1018.5,1004.5
2022-07-31T05:00,17.4,0.00,62,10.1,16.9,0.00,0.00,0.00,3,100,99,96,0,3.6,190,127,8.0,6.1,1,0.00,1018.6,1004.6
2022-07-31T06:00,18.4,0.00,58,10.1,17.5,0.00,0.00,0.00,3,100,38,100,0,5.9,180,133,9.7,10.4,1,0.00,1018.7,1004.7
2022-07-31T07:00,20.0,0.00,54,10.5,19.4,0.00,0.00,0.00,2,75,55,44,0,4.8,178,138,9.0,11.5,1,1932.60,1018.5,1004.6
2022-07-31T08:00,22.2,0.00,48,10.7,21.7,0.00,0.00,0.00,3,89,25,85,0,5.1,191,184,7.3,14.8,1,3600.00,1018.7,1004.9
2022-07-31T09:00,23.7,0.00,45,11.1,23.2,0.00,0.00,0.00,0,10,0,10,0,5.9,193,191,7.8,16.9,1,3600.00,1018.6,1004.9
2022-07-31T10:00,26.4,0.00,38,10.9,25.9,0.00,0.00,0.00,1,47,0,47,0,7.2,198,198,9.4,21.2,1,3600.00,1018.1,1004.5
2022-07-31T11:00,28.1,0.00,34,11.0,28.0,0.00,0.00,0.00,2,68,31,54,0,8.0,222,216,10.7,23.4,1,3600.00,1017.5,1004.0
2022-07-31T12:00,30.3,0.00,28,9.7,29.2,0.00,0.00,0.00,3,100,29,100,0,11.8,241,243,15.6,27.0,1,3600.00,1016.4,1003.0
2022-07-31T13:00,31.5,0.00,27,10.4,28.2,0.00,0.00,0.00,3,100,37,53,4,23.5,230,229,32.2,36.4,1,2136.02,1015.6,1002.3
2022-07-31T14:00,30.9,0.00,28,10.4,29.0,0.00,0.00,0.00,1,30,2,29,0,16.4,220,218,22.5,48.6,1,3600.00,1015.0,1001.6
2022-07-31T15:00,31.9,0.00,25,9.3,29.7,0.00,0.00,0.00,2,53,6,50,0,17.1,233,231,23.9,38.2,1,3600.00,1014.3,1001.0
2022-07-31T16:00,31.9,0.00,23,8.5,28.8,0.00,0.00,0.00,3,100,0,100,0,18.4,245,244,26.3,40.0,1,3600.00,1013.7,1000.4
2022-07-31T17:00,29.8,0.00,30,10.1,26.8,0.00,0.00,0.00,3,81,0,81,0,20.5,270,271,31.3,43.6,1,0.00,1014.1,1000.7
2022-07-31T18:00,29.3,0.00,30,9.9,26.8,0.00,0.00,0.00,1,26,0,26,0,17.0,276,276,25.7,42.8,1,3600.00,1014.3,1000.9
2022-07-31T19:00,28.1,0.00,31,9.6,26.2,0.00,0.00,0.00,1,26,0,26,0,12.6,276,275,22.1,35.6,1,3600.00,1014.6,1001.1
2022-07-31T20:00,26.2,0.00,34,9.3,24.5,0.00,0.00,0.00,0,19,0,19,0,10.1,269,266,21.2,26.3,1,1567.67,1015.0,1001.4
2022-07-31T21:00,24.4,0.00,39,9.6,23.2,0.00,0.00,0.00,0,1,0,1,0,7.5,263,253,20.0,20.5,0,0.00,1015.5,1001.9
2022-07-31T22:00,23.3,0.00,44,10.2,22.0,0.00,0.00,0.00,0,4,0,4,0,8.9,266,256,22.4,18.0,0,0.00,1015.7,1002.0
2022-07-31T23:00,22.8,0.00,47,10.8,21.8,0.00,0.00,0.00,1,29,11,21,0,8.7,291,287,22.0,20.5,0,0.00,1016.1,1002.4
2022-08-01T00:00,22.3,0.00,49,11.1,21.3,0.00,0.00,0.00,1,44,0,44,0,9.4,299,293,22.2,18.7,0,0.00,1016.4,1002.6
2022-08-01T01:00,23.0,0.00,54,13.3,22.2,0.00,0.00,0.00,1,39,41,3,0,12.7,304,299,25.2,25.2,0,0.00,1016.5,1002.8
2022-08-01T02:00,21.6,0.00,62,13.9,21.6,0.00,0.00,0.00,0,11,3,8,0,8.9,314,310,20.4,25.9,0,0.00,1016.6,1002.8
2022-08-01T03:00,20.5,0.00,68,14.3,20.9,0.00,0.00,0.00,0,8,0,5,7,6.6,305,299,17.6,18.7,0,0.00,1016.9,1003.1
2022-08-01T04:00,19.5,0.00,74,14.7,20.3,0.00,0.00,0.00,0,19,0,17,3,4.7,288,261,12.9,14.4,0,0.00,1017.0,1003.1
2022-08-01T05:00,19.1,0.00,77,14.9,19.9,0.00,0.00,0.00,3,93,0,93,16,5.5,263,247,14.5,11.9,1,0.00,1017.2,1003.3
2022-08-01T06:00,20.2,0.00,74,15.3,20.7,0.00,0.00,0.00,1,42,0,34,12,8.5,250,242,17.2,16.6,1,569.05,1017.3,1003.4
2022-08-01T07:00,21.2,0.00,71,15.8,21.8,0.00,0.00,0.00,2,59,0,53,14,9.6,252,250,14.0,21.2,1,3600.00,1017.6,1003.8
2022-08-01T08:00,22.2,0.00,68,16.1,23.0,0.00,0.00,0.00,2,63,0,50,51,9.4,273,270,12.3,22.7,1,3600.00,1017.9,1004.1
2022-08-01T09:00,22.9,0.10,66,16.1,23.7,0.10,0.00,0.00,51,79,0,52,77,8.7,266,265,11.2,22.3,1,3600.00,1017.8,1004.1
2022-08-01T10:00,23.7,0.10,62,16.0,24.4,0.10,0.00,0.00,51,74,0,27,72,9.1,263,263,12.0,23.4,1,3600.00,1017.7,1004.0
2022-08-01T11:00,24.8,0.20,58,16.1,25.8,0.20,0.00,0.00,51,66,38,26,36,7.6,270,270,10.1,24.5,1,3600.00,1017.5,1003.8
2022-08-01T12:00,26.2,0.10,54,16.1,28.2,0.10,0.00,0.00,51,36,9,17,16,8.0,264,265,10.1,24.5,1,3600.00,1017.2,1003.6
2022-08-01T13:00,26.8,0.00,47,14.5,27.8,0.00,0.00,0.00,3,94,79,36,9,10.4,270,270,13.3,26.3,1,3600.00,1016.9,1003.3
2022-08-01T14:00,27.4,0.00,45,14.5,28.1,0.00,0.00,0.00,2,57,37,32,0,9.6,282,283,12.5,28.1,1,3600.00,1016.4,1002.9
2022-08-01T15:00,28.2,0.00,43,14.3,28.6,0.00,0.00,0.00,3,100,100,24,0,9.7,291,292,13.1,27.7,1,3600.00,1016.0,1002.5
2022-08-01T16:00,27.5,0.00,43,14.0,27.5,0.00,0.00,0.00,3,100,100,55,0,8.6,292,292,11.3,26.6,1,1586.08,1015.9,1002.4
2022-08-01T17:00,23.3,0.10,64,16.2,22.3,0.10,0.00,0.00,51,100,100,92,2,21.6,313,314,30.8,45.0,1,123.01,1016.7,1003.0
2022-08-01T18:00,21.8,0.20,74,17.1,23.6,0.20,0.00,0.00,51,100,91,94,3,5.1,348,352,10.3,45.4,1,0.00,1016.7,1002.9
2022-08-01T19:00,22.1,0.00,73,16.9,23.4,0.00,0.00,0.00,3,100,100,92,4,7.3,5,20,12.6,19.4,1,979.03,1016.9,1003.1
2022-08-01T20:00,21.6,0.00,74,16.9,23.3,0.00,0.00,0.00,3,100,100,95,3,4.8,340,13,10.7,15.1,1,0.00,1017.3,1003.5
2022-08-01T21:00,21.3,0.00,76,17.0,23.0,0.00,0.00,0.00,3,80,73,26,1,5.6,338,345,14.4,11.5,0,0.00,1017.8,1004.0
2022-08-01T22:00,20.8,0.00,78,16.8,21.7,0.00,0.00,0.00,0,15,13,3,0,10.7,352,348,20.7,21.6,0,0.00,1018.3,1004.4
2022-08-01T23:00,19.5,0.00,81,16.2,20.4,0.00,0.00,0.00,3,96,94,21,17,8.6,351,345,18.6,20.2,0,0.00,1018.7,1004.8
2022-08-02T00:00,19.1,0.00,84,16.2,20.5,0.00,0.00,0.00,0,15,0,0,15,4.7,360,360,14.0,17.3,0,0.00,1018.4,1004.5
2022-08-02T01:00,20.7,0.00,71,15.4,21.6,0.00,0.00,0.00,1,43,0,27,7,6.6,349,338,15.4,9.7,0,0.00,1018.5,1004.6
2022-08-02T02:00,19.5,0.00,77,15.4,20.5,0.00,0.00,0.00,0,6,0,2,4,5.6,360,345,15.1,13.7,0,0.00,1018.2,1004.3
2022-08-02T03:00,18.5,0.00,81,15.2,19.5,0.00,0.00,0.00,3,90,87,13,24,5.0,26,21,13.2,11.2,0,0.00,1018.7,1004.7
2022-08-02T04:00,18.4,0.00,80,14.9,19.4,0.00,0.00,0.00,3,100,100,1,17,4.6,49,39,12.0,9.7,0,0.00,1018.6,1004.6
2022-08-02T05:00,17.8,0.00,83,14.9,18.7,0.00,0.00,0.00,3,100,100,4,10,4.4,27,9,8.9,9.0,1,0.00,1018.7,1004.7
2022-08-02T06:00,18.7,0.00,81,15.3,20.0,0.00,0.00,0.00,3,100,100,1,0,3.1,30,21,7.1,8.6,1,0.00,1018.8,1004.8
2022-08-02T07:00,20.5,0.00,72,15.3,22.0,0.00,0.00,0.00,3,100,100,0,6,1.6,27,333,3.2,7.9,1,3600.00,1019.1,1005.2
2022-08-02T08:00,22.1,0.00,65,15.1,23.5,0.00,0.00,0.00,3,100,100,0,0,2.5,284,278,3.0,11.2,1,3600.00,1019.2,1005.4
2022-08-02T09:00,24.0,0.00,54,14.1,24.9,0.00,0.00,0.00,3,100,100,0,0,2.5,291,278,3.1,13.7,1,3600.00,1019.3,1005.6
2022-08-02T10:00,25.5,0.00,46,13.0,26.3,0.00,0.00,0.00,1,39,39,0,0,2.6,306,286,3.1,14.4,1,3600.00,1018.8,1005.2
2022-08-02T11:00,26.8,0.00,41,12.4,28.1,0.00,0.00,0.00,1,44,44,0,0,4.1,295,285,5.2,17.6,1,3600.00,1018.8,1005.2
2022-08-02T12:00,27.9,0.00,36,11.6,29.2,0.00,0.00,0.00,2,67,67,0,0,5.7,291,288,7.0,20.2,1,3600.00,1018.3,1004.8
2022-08-02T13:00,28.8,0.00,37,12.7,30.4,0.00,0.00,0.00,1,35,4,10,1,6.5,273,273,7.9,23.0,1,3600.00,1017.8,1004.3
2022-08-02T14:00,29.4,0.00,34,12.0,30.0,0.00,0.00,0.00,1,23,11,13,1,8.8,282,282,10.7,24.8,1,3600.00,1017.5,1004.1
2022-08-02T15:00,29.5,0.00,33,11.6,29.4,0.00,0.00,0.00,2,76,75,0,5,9.0,297,299,11.3,25.2,1,3600.00,1017.0,1003.6
2022-08-02T16:00,29.8,0.00,32,11.1,29.6,0.00,0.00,0.00,2,78,78,0,0,6.7,304,306,8.3,24.8,1,3600.00,1016.5,1003.1
2022-08-02T17:00,29.9,0.00,30,10.3,29.6,0.00,0.00,0.00,3,90,90,0,0,3.0,349,346,3.7,19.8,1,3600.00,1016.2,1002.8
2022-08-02T18:00,29.7,0.00,30,10.3,29.3,0.00,0.00,0.00,3,100,100,1,0,3.0,80,76,4.0,11.9,1,3600.00,1015.9,1002.5
2022-08-02T19:00,27.9,0.00,42,13.9,28.6,0.00,0.00,0.00,3,99,99,0,0,3.6,95,90,7.6,9.0,1,3600.00,1015.9,1002.4
2022-08-02T20:00,25.8,0.00,39,10.7,25.0,0.00,0.00,0.00,2,62,62,0,0,6.5,114,96,12.2,12.6,1,837.22,1015.8,1002.2
2022-08-02T21:00,24.0,0.00,42,10.4,23.3,0.00,0.00,0.00,0,12,12,0,0,5.4,135,98,10.7,13.0,0,0.00,1016.0,1002.3
2022-08-02T22:00,22.7,0.00,46,10.4,22.0,0.00,0.00,0.00,0,3,3,0,0,5.4,123,98,10.7,10.4,0,0.00,1016.2,1002.5
2022-08-02T23:00,21.6,0.00,49,10.4,20.8,0.00,0.00,0.00,0,0,0,0,0,6.6,116,103,15.6,13.0,0,0.00,1016.4,1002.6
2022-08-03T00:00,20.7,0.00,52,10.4,20.0,0.00,0.00,0.00,0,0,0,0,0,5.5,117,101,15.0,13.0,0,0.00,1016.6,1002.8
2022-08-03T01:00,19.5,0.00,64,12.6,19.8,0.00,0.00,0.00,0,8,20,0,0,3.3,131,84,3.3,12.2,0,0.00,1016.8,1002.9
2022-08-03T02:00,18.5,0.00,62,11.2,18.2,0.00,0.00,0.00,3,86,86,0,0,4.4,112,99,7.8,8.6,0,0.00,1016.8,1002.9
2022-08-03T03:00,17.8,0.00,64,10.8,17.2,0.00,0.00,0.00,2,58,58,0,0,5.4,99,86,11.7,10.4,0,0.00,1016.5,1002.5
2022-08-03T04:00,17.6,0.00,64,10.6,16.6,0.00,0.00,0.00,0,5,5,0,0,8.0,89,85,14.0,15.1,0,0.00,1016.3,1002.3
2022-08-03T05:00,17.7,0.00,64,10.7,16.9,0.00,0.00,0.00,1,25,25,0,0,7.2,93,87,13.7,15.8,1,0.00,1016.2,1002.2
2022-08-03T06:00,18.8,0.00,63,11.5,18.2,0.00,0.00,0.00,0,2,2,0,0,6.8,104,93,12.2,13.7,1,1049.88,1016.2,1002.3
2022-08-03T07:00,21.6,0.00,56,12.5,21.5,0.00,0.00,0.00,0,0,0,0,0,5.8,100,94,12.1,14.0,1,3600.00,1016.5,1002.7
2022-08-03T08:00,24.7,0.00,49,13.1,25.1,0.00,0.00,0.00,0,6,6,0,0,4.0,101,100,7.7,12.6,1,3600.00,1016.4,1002.8
2022-08-03T09:00,27.2,0.00,42,13.1,27.6,0.00,0.00,0.00,3,96,96,0,0,3.9,113,112,5.5,14.0,1,3600.00,1016.4,1002.9
2022-08-03T10:00,29.4,0.00,36,12.6,30.0,0.00,0.00,0.00,2,62,62,0,0,3.8,127,131,5.4,14.8,1,3600.00,1016.1,1002.7
2022-08-03T11:00,30.8,0.00,34,13.1,32.2,0.00,0.00,0.00,1,46,46,0,0,3.9,155,158,5.2,15.5,1,3600.00,1016.0,1002.6
2022-08-03T12:00,31.7,0.00,33,13.6,33.9,0.00,0.00,0.00,1,30,30,0,0,3.3,180,186,4.3,15.8,1,3600.00,1015.5,1002.2
2022-08-03T13:00,32.4,0.00,31,13.3,34.6,0.00,0.00,0.00,1,20,13,0,0,3.5,157,156,4.7,15.1,1,3600.00,1015.2,1001.9
2022-08-03T14:00,33.2,0.00,30,13.5,35.7,0.00,0.00,0.00,1,21,21,0,0,1.8,172,180,2.5,15.1,1,3600.00,1014.7,1001.5
2022-08-03T15:00,33.7,0.00,29,13.3,35.7,0.00,0.00,0.00,1,38,38,0,0,1.5,243,256,1.6,13.0,1,3600.00,1014.3,1001.1
2022-08-03T16:00,33.9,0.00,28,13.0,34.9,0.00,0.00,0.00,0,1,1,0,0,1.8,281,281,1.8,11.5,1,3600.00,1013.7,1000.5
2022-08-03T17:00,33.9,0.00,27,12.6,34.5,0.00,0.00,0.00,0,0,0,0,0,1.6,297,297,1.6,10.8,1,3600.00,1013.2,1000.0
2022-08-03T18:00,33.6,0.00,30,13.8,34.5,0.00,0.00,0.00,0,0,0,0,0,2.2,352,351,2.5,8.3,1,3600.00,1012.9,999.7
2022-08-03T19:00,31.8,0.00,47,19.1,34.8,0.00,0.00,0.00,0,0,0,0,0,3.1,38,36,6.4,7.2,1,3600.00,1013.0,999.7
2022-08-03T20:00,28.7,0.00,39,13.2,28.8,0.00,0.00,0.00,0,0,0,0,0,5.8,86,83,14.1,11.5,1,1343.80,1013.1,999.7
2022-08-03T21:00,28.4,0.00,36,11.8,27.4,0.00,0.00,0.00,0,0,0,0,0,10.5,101,94,24.6,20.9,0,0.00,1013.3,999.9
2022-08-03T22:00,28.2,0.00,35,11.3,27.0,0.00,0.00,0.00,0,0,0,0,0,10.8,110,105,24.1,21.6,0,0.00,1013.3,999.9
2022-08-03T23:00,27.1,0.00,38,11.7,26.2,0.00,0.00,0.00,0,5,3,2,0,9.5,121,115,22.6,20.9,0,0.00,1013.3,999.8
2022-08-04T00:00,25.9,0.00,42,12.1,25.0,0.00,0.00,0.00,1,23,17,6,0,10.5,121,117,23.4,20.5,0,0.00,1013.6,1000.0
2022-08-04T01:00,25.1,0.00,46,12.7,24.2,0.00,0.00,0.00,0,6,0,0,0,12.0,126,111,23.5,21.2,0,0.00,1013.4,999.8
2022-08-04T02:00,24.1,0.00,49,12.8,23.1,0.00,0.00,0.00,0,0,0,0,0,13.0,124,109,26.2,25.2,0,0.00,1013.4,999.8
2022-08-04T03:00,23.7,0.00,50,12.6,22.5,0.00,0.00,0.00,0,0,0,0,0,13.7,117,108,28.2,27.0,0,0.00,1013.3,999.6
2022-08-04T04:00,23.1,0.00,51,12.4,22.0,0.00,0.00,0.00,0,6,6,0,0,12.3,117,111,26.7,27.0,0,0.00,1013.4,999.7
2022-08-04T05:00,22.6,0.00,52,12.3,21.4,0.00,0.00,0.00,1,42,42,0,0,13.0,122,109,25.6,24.8,0,0.00,1013.4,999.7
2022-08-04T06:00,22.8,0.00,53,12.8,22.0,0.00,0.00,0.00,3,90,90,0,0,11.6,129,116,22.8,26.3,1,788.26,1013.3,999.6
2022-08-04T07:00,24.4,0.00,53,14.2,24.2,0.00,0.00,0.00,3,82,82,0,0,11.0,135,113,20.9,22.7,1,3600.00,1013.5,999.9
2022-08-04T08:00,27.1,0.00,47,14.8,27.6,0.00,0.00,0.00,2,50,50,0,0,6.9,147,141,11.2,21.2,1,3600.00,1013.9,1000.4
2022-08-04T09:00,29.4,0.00,42,15.2,30.2,0.00,0.00,0.00,0,18,18,0,0,6.5,161,161,8.8,18.0,1,3600.00,1013.7,1000.3
2022-08-04T10:00,31.5,0.00,38,15.6,32.8,0.00,0.00,0.00,0,9,9,0,0,6.1,180,180,7.9,18.4,1,3600.00,1013.4,1000.1
2022-08-04T11:00,33.4,0.00,33,15.1,35.4,0.00,0.00,0.00,0,7,7,0,0,4.9,199,197,6.5,18.4,1,3600.00,1013.2,1000.0
2022-08-04T12:00,34.7,0.00,28,13.7,36.6,0.00,0.00,0.00,0,12,10,3,0,5.0,239,240,6.3,17.3,1,3600.00,1012.7,999.5
2022-08-04T13:00,35.3,0.00,28,13.9,37.5,0.00,0.00,0.00,0,7,1,8,0,4.3,293,294,5.5,18.0,1,3600.00,1012.6,999.5
2022-08-04T14:00,35.7,0.00,26,13.3,37.4,0.00,0.00,0.00,0,10,4,6,0,4.8,280,283,6.2,17.3,1,3600.00,1012.3,999.2
2022-08-04T15:00,36.1,0.00,24,12.6,37.3,0.00,0.00,0.00,0,10,0,10,0,3.5,284,294,4.5,16.9,1,3600.00,1011.6,998.5
2022-08-04T16:00,36.3,0.00,23,12.0,36.8,0.00,0.00,0.00,0,13,1,13,0,2.3,300,309,2.9,14.0,1,3600.00,1011.0,997.9
2022-08-04T17:00,36.2,0.00,23,12.0,36.4,0.00,0.00,0.00,0,18,4,17,0,2.6,252,254,3.4,10.4,1,3600.00,1010.7,997.6
2022-08-04T18:00,35.0,0.00,48,22.3,39.8,0.00,0.00,0.00,0,11,2,9,0,2.1,229,239,3.8,8.3,1,3600.00,1010.5,997.4
2022-08-04T19:00,33.3,0.00,45,19.7,36.1,0.00,0.00,0.00,0,18,8,11,0,5.9,247,259,7.4,9.0,1,3600.00,1010.7,997.5
2022-08-04T20:00,31.6,0.00,27,10.6,29.8,0.00,0.00,0.00,2,62,49,30,0,13.7,270,268,29.5,24.1,1,935.27,1011.3,998.0
2022-08-04T21:00,30.9,0.00,30,11.5,29.7,0.00,0.00,0.00,1,49,8,45,0,11.1,295,306,23.0,34.6,0,0.00,1011.8,998.5
2022-08-04T22:00,28.6,0.00,38,12.7,28.2,0.00,0.00,0.00,2,76,11,73,0,8.7,251,240,17.9,20.5,0,0.00,1011.6,998.2
2022-08-04T23:00,28.6,0.00,37,12.6,27.7,0.00,0.00,0.00,2,78,3,78,0,11.1,317,306,23.7,23.4,0,0.00,1012.5,999.1
2022-08-05T00:00,26.7,0.00,49,15.2,27.0,0.00,0.00,0.00,0,8,6,2,0,9.8,338,324,20.2,22.3,0,0.00,1012.7,999.2
2022-08-05T01:00,26.2,0.00,54,16.1,24.6,0.00,0.00,0.00,0,12,9,30,0,25.6,323,322,44.2,21.6,0,0.00,1012.3,998.8
2022-08-05T02:00,25.4,0.00,58,16.6,25.2,0.00,0.00,0.00,1,32,5,28,0,16.9,350,348,30.0,52.2,0,0.00,1012.7,999.1
2022-08-05T03:00,23.2,0.00,69,17.2,22.0,0.00,0.00,0.00,3,97,96,16,0,25.2,317,318,41.0,56.9,0,0.00,1014.5,1000.8
2022-08-05T04:00,22.6,0.00,72,17.2,23.9,0.00,0.00,0.00,3,99,98,89,0,8.5,327,324,16.4,50.4,0,0.00,1014.5,1000.8
2022-08-05T05:00,22.5,0.00,71,16.9,23.7,0.00,0.00,0.00,2,63,16,55,0,8.7,22,42,15.5,18.4,0,0.00,1013.3,999.6
2022-08-05T06:00,22.2,0.00,75,17.6,23.4,0.00,0.00,0.00,3,87,84,20,0,10.3,257,245,20.3,23.4,1,198.43,1015.0,1001.3
2022-08-05T07:00,23.4,0.00,70,17.6,24.9,0.00,0.00,0.00,3,88,88,0,0,8.1,220,193,14.6,21.6,1,3600.00,1014.7,1001.0
2022-08-05T08:00,25.3,0.00,58,16.5,26.1,0.00,0.00,0.00,3,100,100,0,0,10.0,233,232,14.4,24.1,1,3600.00,1014.7,1001.1
2022-08-05T09:00,26.4,0.00,53,16.1,26.8,0.00,0.00,0.00,3,99,99,88,0,11.6,242,240,15.9,27.4,1,3600.00,1015.2,1001.6
2022-08-05T10:00,27.0,0.10,50,15.6,27.6,0.10,0.00,0.00,51,94,92,24,0,9.2,256,259,12.2,29.2,1,3600.00,1014.8,1001.3
2022-08-05T11:00,28.3,0.00,44,14.9,28.9,0.00,0.00,0.00,2,71,70,4,0,11.6,246,244,15.3,31.3,1,3600.00,1015.2,1001.7
2022-08-05T12:00,29.5,0.00,41,14.9,30.2,0.00,0.00,0.00,3,99,99,2,0,14.0,241,241,19.0,34.2,1,3600.00,1014.9,1001.5
2022-08-05T13:00,28.6,0.00,51,17.4,30.8,0.00,0.00,0.00,3,91,100,12,51,8.7,319,318,10.5,34.9,1,3600.00,1016.1,1002.6
2022-08-05T14:00,27.1,0.50,51,16.1,27.2,0.50,0.00,0.00,53,100,100,46,100,13.3,310,308,18.7,33.1,1,3600.00,1016.5,1003.0
2022-08-05T15:00,26.2,0.00,56,16.8,26.3,0.00,0.00,0.00,3,85,76,36,22,15.4,292,291,21.3,32.0,1,0.00,1016.3,1002.7
2022-08-05T16:00,26.2,0.00,58,17.2,26.4,0.00,0.00,0.00,3,98,97,8,19,16.1,312,312,22.7,40.7,1,3600.00,1016.1,1002.5
2022-08-05T17:00,23.7,0.00,69,17.8,23.3,0.00,0.00,0.00,3,99,97,20,65,21.8,330,329,31.1,47.5,1,3600.00,1017.1,1003.4
2022-08-05T18:00,23.3,0.00,67,16.7,23.0,0.00,0.00,0.00,3,100,100,41,25,18.0,343,340,26.4,46.4,1,1559.06,1017.8,1004.1
2022-08-05T19:00,22.2,0.00,68,15.9,21.9,0.00,0.00,0.00,3,100,100,28,15,15.9,357,354,23.8,38.9,1,0.00,1018.8,1005.0
2022-08-05T20:00,21.8,0.00,66,15.1,21.3,0.00,0.00,0.00,2,63,54,20,0,15.2,356,353,23.8,32.8,1,0.00,1019.4,1005.6
2022-08-05T21:00,20.8,0.00,66,14.3,20.1,0.00,0.00,0.00,3,100,100,30,0,14.4,4,1,24.9,31.3,0,0.00,1020.1,1006.2
2022-08-05T22:00,20.3,0.00,68,14.2,19.8,0.00,0.00,0.00,3,88,83,25,2,12.8,12,10,22.1,30.2,0,0.00,1020.9,1007.0
2022-08-05T23:00,19.7,0.00,70,14.1,19.3,0.00,0.00,0.00,3,94,94,4,4,11.6,19,16,19.8,26.3,0,0.00,1021.6,1007.6
2022-08-06T00:00,18.6,0.00,72,13.5,18.5,0.00,0.00,0.00,3,93,93,1,1,8.1,24,21,17.7,24.5,0,0.00,1022.1,1008.1
2022-08-06T01:00,19.1,0.00,56,10.0,17.8,0.00,0.00,0.00,3,98,100,16,8,8.7,41,38,18.6,17.6,0,0.00,1022.9,1008.9
2022-08-06T02:00,18.8,0.00,54,9.4,17.5,0.00,0.00,0.00,3,100,100,100,16,8.0,35,27,16.3,19.1,0,0.00,1023.5,1009.5
2022-08-06T03:00,18.9,0.00,52,8.8,17.3,0.00,0.00,0.00,3,100,100,79,0,8.8,29,19,15.6,18.4,0,0.00,1023.7,1009.7
2022-08-06T04:00,18.3,0.00,54,8.8,16.5,0.00,0.00,0.00,3,100,100,33,0,10.1,12,2,18.4,20.9,0,0.00,1023.7,1009.7
2022-08-06T05:00,17.0,0.00,58,8.8,15.2,0.00,0.00,0.00,3,100,100,2,0,10.4,10,360,20.8,21.6,0,0.00,1024.0,1009.9
2022-08-06T06:00,16.5,0.00,60,8.8,14.5,0.00,0.00,0.00,3,98,98,0,0,10.9,18,9,22.0,22.7,1,201.59,1024.3,1010.2
2022-08-06T07:00,17.5,0.00,58,9.3,15.9,0.00,0.00,0.00,0,3,3,0,0,9.4,24,18,15.3,23.4,1,3600.00,1024.7,1010.6
2022-08-06T08:00,19.3,0.00,52,9.3,17.5,0.00,0.00,0.00,0,0,0,0,0,10.9,31,27,16.0,25.6,1,3600.00,1025.0,1011.0
2022-08-06T09:00,20.7,0.00,42,7.5,18.2,0.00,0.00,0.00,0,0,0,0,0,12.8,35,32,17.1,29.9,1,3600.00,1025.0,1011.1
2022-08-06T10:00,21.9,0.00,39,7.5,20.2,0.00,0.00,0.00,0,0,0,0,0,10.5,34,31,14.3,29.9,1,3600.00,1025.0,1011.1
2022-08-06T11:00,23.0,0.00,37,7.5,22.2,0.00,0.00,0.00,0,0,0,0,0,9.2,27,21,12.1,27.4,1,3600.00,1025.0,1011.2
2022-08-06T12:00,24.0,0.00,35,7.6,23.5,0.00,0.00,0.00,0,0,0,0,0,9.5,15,11,12.3,25.9,1,3600.00,1024.7,1010.9
2022-08-06T13:00,24.6,0.00,31,6.5,23.9,0.00,0.00,0.00,0,0,0,0,0,10.2,13,8,12.9,27.4,1,3600.00,1024.6,1010.8
2022-08-06T14:00,25.0,0.00,29,5.8,23.9,0.00,0.00,0.00,0,0,0,0,0,11.3,12,7,14.3,28.8,1,3600.00,1024.0,1010.3
2022-08-06T15:00,25.4,0.00,27,5.2,23.6,0.00,0.00,0.00,0,0,0,0,0,11.7,12,9,15.1,28.8,1,3600.00,1023.5,1009.8
2022-08-06T16:00,25.4,0.00,26,4.4,22.7,0.00,0.00,0.00,0,0,0,0,0,12.5,15,12,16.8,29.9,1,3600.00,1023.1,1009.4
2022-08-06T17:00,25.1,0.00,26,4.1,21.8,0.00,0.00,0.00,0,0,0,0,0,12.7,20,15,17.2,30.2,1,3600.00,1022.8,1009.1
2022-08-06T18:00,24.5,0.00,27,4.1,21.2,0.00,0.00,0.00,0,0,0,0,0,13.0,23,19,18.4,28.8,1,3600.00,1022.9,1009.2
2022-08-06T19:00,23.5,0.00,30,4.8,20.5,0.00,0.00,0.00,0,0,0,0,0,11.4,15,11,20.1,28.1,1,3600.00,1022.9,1009.1
2022-08-06T20:00,21.6,0.00,34,4.9,18.7,0.00,0.00,0.00,0,0,0,0,0,11.7,11,9,23.9,24.1,0,1005.37,1023.1,1009.2
2022-08-06T21:00,20.3,0.00,36,4.7,17.2,0.00,0.00,0.00,0,0,0,0,0,12.1,21,17,25.1,24.5,0,0.00,1023.2,1009.3
2022-08-06T22:00,19.3,0.00,37,4.2,16.1,0.00,0.00,0.00,0,0,0,0,0,12.1,33,27,25.8,24.8,0,0.00,1023.4,1009.4
2022-08-06T23:00,18.9,0.00,37,3.8,15.4,0.00,0.00,0.00,0,0,0,0,0,13.8,48,43,28.6,28.1,0,0.00,1023.5,1009.5
2022-08-07T00:00,18.6,0.00,39,4.2,15.1,0.00,0.00,0.00,0,0,0,0,0,14.0,61,55,28.5,29.2,0,0.00,1023.3,1009.3
2022-08-07T01:00,18.1,0.00,42,5.0,14.9,0.00,0.00,0.00,0,0,0,0,0,13.5,67,61,28.2,28.8,0,0.00,1023.3,1009.3
2022-08-07T02:00,17.6,0.00,46,5.7,14.6,0.00,0.00,0.00,0,0,0,0,0,12.9,77,72,28.0,28.1,0,0.00,1023.0,1008.9
2022-08-07T03:00,17.0,0.00,48,6.1,14.5,0.00,0.00,0.00,0,0,0,0,0,10.7,83,78,25.0,27.4,0,0.00,1023.1,1009.0
2022-08-07T04:00,16.5,0.00,51,6.3,14.0,0.00,0.00,0.00,0,0,0,0,0,10.2,81,72,24.4,23.4,0,0.00,1022.9,1008.8
2022-08-07T05:00,16.1,0.00,53,6.5,13.7,0.00,0.00,0.00,0,0,0,0,0,10.5,83,74,25.0,22.7,0,0.00,1022.7,1008.6
2022-08-07T06:00,16.5,0.00,52,6.7,14.2,0.00,0.00,0.00,0,0,0,0,0,10.3,86,78,23.1,22.7,1,625.45,1023.1,1009.0
2022-08-07T07:00,18.1,0.00,49,7.3,16.2,0.00,0.00,0.00,0,0,0,0,0,8.4,88,80,18.0,23.0,1,3600.00,1023.4,1009.4
2022-08-07T08:00,20.0,0.00,45,7.5,17.8,0.00,0.00,0.00,0,0,0,0,0,10.5,85,82,15.5,25.2,1,3600.00,1023.3,1009.3
2022-08-07T09:00,22.1,0.00,39,7.7,20.0,0.00,0.00,0.00,0,0,0,0,0,10.1,86,84,14.4,25.9,1,3600.00,1022.9,1009.0
2022-08-07T10:00,24.0,0.00,33,6.9,21.9,0.00,0.00,0.00,0,0,0,0,0,11.2,83,84,15.6,28.1,1,3600.00,1022.4,1008.6
2022-08-07T11:00,25.1,0.00,29,5.8,23.1,0.00,0.00,0.00,0,0,0,0,0,13.1,69,69,17.3,31.3,1,3600.00,1022.0,1008.3
2022-08-07T12:00,25.9,0.00,27,5.3,24.2,0.00,0.00,0.00,0,0,0,0,0,13.7,61,60,18.5,33.5,1,3600.00,1021.3,1007.6
2022-08-07T13:00,26.5,0.00,26,5.4,25.3,0.00,0.00,0.00,0,0,0,0,0,11.2,70,69,14.6,33.1,1,3600.00,1021.3,1007.7
2022-08-07T14:00,27.0,0.00,25,5.1,25.9,0.00,0.00,0.00,0,0,0,0,0,9.8,64,62,13.2,28.1,1,3600.00,1020.9,1007.3
2022-08-07T15:00,27.4,0.00,24,5.2,25.9,0.00,0.00,0.00,0,0,0,0,0,9.5,55,53,12.7,26.3,1,3600.00,1020.2,1006.6
2022-08-07T16:00,27.5,0.00,24,5.3,25.3,0.00,0.00,0.00,0,0,0,0,0,9.9,47,46,13.2,24.8,1,3600.00,1019.7,1006.1
2022-08-07T17:00,27.2,0.00,25,5.4,24.4,0.00,0.00,0.00,0,0,0,0,0,11.2,41,40,15.3,25.9,1,3600.00,1019.4,1005.8
2022-08-07T18:00,26.5,0.00,25,5.2,23.7,0.00,0.00,0.00,0,0,0,0,0,11.3,40,37,16.4,26.6,1,3600.00,1019.4,1005.8
2022-08-07T19:00,24.8,0.00,34,7.7,23.5,0.00,0.00,0.00,0,0,0,0,0,5.1,42,39,13.0,24.1,1,3600.00,1019.8,1006.1
2022-08-07T20:00,20.9,0.00,44,8.3,19.4,0.00,0.00,0.00,0,3,3,0,0,7.1,49,41,10.0,11.2,0,862.80,1020.1,1006.2
2022-08-07T21:00,19.8,0.00,43,6.9,18.1,0.00,0.00,0.00,1,45,45,0,0,5.7,46,35,12.5,10.8,0,0.00,1020.6,1006.7
2022-08-07T22:00,19.4,0.00,42,6.0,17.2,0.00,0.00,0.00,2,61,61,0,0,8.0,47,36,18.6,15.5,0,0.00,1020.6,1006.6
2022-08-07T23:00,19.2,0.00,40,5.3,16.5,0.00,0.00,0.00,2,57,57,0,0,11.0,36,32,25.3,21.2,0,0.00,1020.9,1006.9
2022-08-08T00:00,19.6,0.00,40,5.7,16.7,0.00,0.00,0.00,0,0,0,0,0,12.2,46,43,27.2,24.5,0,0.00,1020.9,1007.0
2022-08-08T01:00,18.6,0.00,44,6.0,16.5,0.00,0.00,0.00,0,0,0,0,0,7.4,50,39,20.2,24.5,0,0.00,1020.7,1006.7
2022-08-08T02:00,16.3,0.00,52,6.4,14.4,0.00,0.00,0.00,0,0,0,0,0,6.9,59,43,17.6,15.1,0,0.00,1020.8,1006.7
2022-08-08T03:00,16.1,0.00,53,6.6,14.1,0.00,0.00,0.00,0,0,0,0,0,7.6,77,65,13.3,13.7,0,0.00,1020.9,1006.8
2022-08-08T04:00,17.5,0.00,45,5.5,16.1,0.00,0.00,0.00,0,0,0,0,0,2.2,93,9,6.8,11.9,0,0.00,1021.2,1007.2
2022-08-08T05:00,15.4,0.00,56,6.7,13.9,0.00,0.00,0.00,0,0,0,0,0,4.6,32,342,3.4,6.1,0,0.00,1021.3,1007.2
2022-08-08T06:00,15.2,0.00,65,8.6,14.3,0.00,0.00,0.00,0,0,0,0,0,3.5,37,24,5.4,9.0,1,506.66,1021.7,1007.5
2022-08-08T07:00,18.1,0.00,52,8.2,17.1,0.00,0.00,0.00,0,0,0,0,0,3.2,79,63,9.5,9.7,1,3600.00,1022.3,1008.3
2022-08-08T08:00,20.7,0.00,45,8.2,19.7,0.00,0.00,0.00,0,0,0,0,0,4.0,83,80,6.2,13.0,1,3600.00,1022.3,1008.4
2022-08-08T09:00,23.1,0.00,40,8.9,22.1,0.00,0.00,0.00,1,24,24,0,0,4.6,74,72,6.4,15.5,1,3600.00,1022.6,1008.8
2022-08-08T10:00,25.2,0.00,36,9.2,24.9,0.00,0.00,0.00,2,65,65,0,0,3.3,60,49,5.0,15.1,1,3600.00,1022.5,1008.8
2022-08-08T11:00,26.9,0.00,32,8.6,27.1,0.00,0.00,0.00,3,85,85,0,0,3.1,51,45,4.6,15.1,1,3600.00,1022.2,1008.6
2022-08-08T12:00,28.2,0.00,28,8.1,28.7,0.00,0.00,0.00,1,22,22,0,0,3.8,54,49,4.9,15.8,1,3600.00,1021.8,1008.2
2022-08-08T13:00,28.3,0.00,30,8.8,29.6,0.00,0.00,0.00,0,11,41,0,0,1.1,27,360,1.6,17.6,1,3600.00,1021.7,1008.1
2022-08-08T14:00,29.4,0.00,28,9.1,30.5,0.00,0.00,0.00,1,20,18,3,0,1.8,342,323,2.3,13.7,1,3600.00,1021.2,1007.7
2022-08-08T15:00,30.0,0.00,27,8.9,30.4,0.00,0.00,0.00,0,0,0,0,0,2.9,315,300,3.6,14.8,1,3600.00,1020.7,1007.2
2022-08-08T16:00,30.7,0.00,24,7.7,29.9,0.00,0.00,0.00,3,100,0,100,0,4.0,360,350,5.4,14.8,1,3600.00,1020.2,1006.8
2022-08-08T17:00,30.0,0.00,24,7.5,27.8,0.00,0.00,0.00,0,14,0,14,0,10.3,39,36,13.8,23.4,1,3600.00,1019.9,1006.4
2022-08-08T18:00,29.2,0.00,25,7.1,26.7,0.00,0.00,0.00,0,15,0,15,0,11.5,41,39,17.1,26.6,1,3600.00,1020.0,1006.5
2022-08-08T19:00,27.2,0.00,34,9.9,26.4,0.00,0.00,0.00,0,0,0,0,0,5.2,37,34,13.1,25.2,1,3600.00,1020.4,1006.8
2022-08-08T20:00,24.8,0.00,33,7.5,23.0,0.00,0.00,0.00,0,0,0,0,0,7.9,43,47,19.4,16.2,0,622.83,1021.1,1007.4
2022-08-08T21:00,22.6,0.00,38,7.6,21.1,0.00,0.00,0.00,0,4,0,4,0,5.8,45,60,15.3,16.6,0,0.00,1021.9,1008.1
2022-08-08T22:00,21.8,0.00,40,7.5,20.1,0.00,0.00,0.00,0,0,0,0,0,6.9,59,51,17.6,13.7,0,0.00,1022.1,1008.2
2022-08-08T23:00,21.5,0.00,39,7.1,19.3,0.00,0.00,0.00,0,0,0,0,0,10.2,50,45,23.0,19.4,0,0.00,1022.2,1008.3
2022-08-09T00:00,21.2,0.00,39,6.7,18.8,0.00,0.00,0.00,0,0,0,0,0,10.2,49,42,24.2,20.5,0,0.00,1022.0,1008.1
2022-08-09T01:00,21.5,0.00,39,7.0,18.8,0.00,0.00,0.00,0,0,0,0,0,12.8,75,68,27.6,22.3,0,0.00,1022.4,1008.5
2022-08-09T02:00,20.8,0.00,41,6.9,18.2,0.00,0.00,0.00,0,0,0,0,0,12.5,77,72,27.7,25.6,0,0.00,1022.4,1008.5
2022-08-09T03:00,19.8,0.00,44,7.1,17.7,0.00,0.00,0.00,0,0,0,0,0,8.7,83,83,23.2,24.8,0,0.00,1022.6,1008.6
2022-08-09T04:00,17.2,0.00,56,8.4,15.5,0.00,0.00,0.00,0,0,0,0,0,8.7,89,85,16.2,18.4,0,0.00,1022.9,1008.8
2022-08-09T05:00,17.9,0.00,52,7.9,16.7,0.00,0.00,0.00,0,0,0,0,0,4.7,75,4,8.2,14.0,0,0.00,1023.1,1009.0
2022-08-09T06:00,17.2,0.00,62,9.9,16.6,0.00,0.00,0.00,0,0,0,0,0,3.8,67,17,7.4,9.0,1,395.83,1023.4,1009.3
2022-08-09T07:00,20.0,0.00,50,9.2,19.4,0.00,0.00,0.00,0,0,0,0,0,3.1,86,21,11.2,9.7,1,3600.00,1023.9,1009.9
2022-08-09T08:00,22.5,0.00,43,9.3,21.8,0.00,0.00,0.00,0,0,0,0,0,2.9,90,90,4.7,11.2,1,3600.00,1024.1,1010.2
2022-08-09T09:00,24.8,0.00,40,10.3,24.2,0.00,0.00,0.00,0,0,0,0,0,4.4,81,81,6.6,15.1,1,3600.00,1024.2,1010.5
2022-08-09T10:00,27.0,0.00,35,10.4,26.4,0.00,0.00,0.00,0,0,0,0,0,7.2,92,93,10.1,20.2,1,3600.00,1024.2,1010.6
2022-08-09T11:00,28.5,0.00,30,9.1,27.6,0.00,0.00,0.00,0,0,0,0,0,11.2,91,94,15.1,28.1,1,3600.00,1023.8,1010.2
2022-08-09T12:00,29.4,0.00,28,8.8,28.6,0.00,0.00,0.00,0,0,0,0,0,12.3,86,87,16.6,30.6,1,3600.00,1023.7,1010.2
2022-08-09T13:00,30.0,0.00,27,8.7,29.5,0.00,0.00,0.00,0,0,0,0,0,11.2,75,75,14.9,30.6,1,3600.00,1023.6,1010.1
2022-08-09T14:00,30.9,0.00,23,7.6,29.6,0.00,0.00,0.00,2,73,0,73,0,13.6,56,53,18.2,32.0,1,3600.00,1023.1,1009.6
2022-08-09T15:00,30.2,0.00,25,7.9,27.3,0.00,0.00,0.00,1,26,0,26,0,17.4,53,52,23.9,39.2,1,3600.00,1022.9,1009.4
2022-08-09T16:00,30.3,0.00,23,7.0,27.8,0.00,0.00,0.00,0,17,0,17,0,11.5,69,70,16.2,39.2,1,3600.00,1022.6,1009.1
2022-08-09T17:00,30.6,0.00,22,6.7,28.0,0.00,0.00,0.00,3,95,0,95,0,11.9,57,55,16.4,26.6,1,3600.00,1022.0,1008.5
2022-08-09T18:00,28.9,0.00,25,6.8,25.4,0.00,0.00,0.00,3,86,0,86,0,17.8,45,43,27.0,37.4,1,3559.07,1022.2,1008.7
2022-08-09T19:00,28.3,0.00,25,6.2,25.4,0.00,0.00,0.00,0,1,0,1,0,13.0,52,48,23.3,37.1,1,3600.00,1022.3,1008.7
2022-08-09T20:00,26.4,0.00,27,5.8,23.5,0.00,0.00,0.00,1,20,0,20,0,12.5,46,41,26.5,27.0,0,501.67,1022.4,1008.7
2022-08-09T21:00,25.7,0.00,27,5.4,22.6,0.00,0.00,0.00,0,14,0,14,0,13.6,60,58,29.0,27.4,0,0.00,1022.7,1009.0
2022-08-09T22:00,24.4,0.00,30,5.6,21.6,0.00,0.00,0.00,0,12,0,12,0,11.3,71,68,24.8,27.7,0,0.00,1022.8,1009.1
2022-08-09T23:00,23.9,0.00,31,5.9,20.4,0.00,0.00,0.00,0,3,0,3,0,16.6,81,77,31.7,32.8,0,0.00,1023.4,1009.6
2022-08-10T00:00,23.4,0.00,33,6.4,20.2,0.00,0.00,0.00,0,0,0,0,0,15.9,95,94,30.3,35.6,0,0.00,1023.8,1010.0
2022-08-10T01:00,22.7,0.00,39,7.9,19.8,0.00,0.00,0.00,0,0,0,0,0,15.9,78,77,30.6,33.1,0,0.00,1023.5,1009.7
2022-08-10T02:00,21.9,0.00,41,8.2,19.0,0.00,0.00,0.00,0,0,0,0,0,16.2,84,86,31.9,33.5,0,0.00,1023.5,1009.6
2022-08-10T03:00,21.1,0.00,44,8.4,18.6,0.00,0.00,0.00,0,0,0,0,0,14.4,89,87,29.2,33.1,0,0.00,1023.5,1009.6
2022-08-10T04:00,20.5,0.00,46,8.6,18.1,0.00,0.00,0.00,0,0,0,0,0,14.1,87,86,28.8,28.8,0,0.00,1023.7,1009.8
2022-08-10T05:00,20.3,0.00,47,8.7,18.0,0.00,0.00,0.00,0,0,0,0,0,13.3,89,87,27.7,28.8,0,0.00,1023.7,1009.7
2022-08-10T06:00,20.3,0.00,49,9.1,18.2,0.00,0.00,0.00,0,0,0,0,0,12.3,88,85,25.9,27.0,1,293.34,1023.9,1009.9
2022-08-10T07:00,21.8,0.00,47,9.9,20.3,0.00,0.00,0.00,0,0,0,0,0,10.2,88,82,25.6,25.6,1,3600.00,1024.1,1010.2
2022-08-10T08:00,23.9,0.00,41,9.9,22.1,0.00,0.00,0.00,0,0,0,0,0,12.2,88,88,18.7,27.7,1,3600.00,1024.2,1010.4
2022-08-10T09:00,25.6,0.00,36,9.4,23.3,0.00,0.00,0.00,0,0,0,0,0,14.4,93,93,20.5,32.8,1,3600.00,1024.2,1010.5
2022-08-10T10:00,26.9,0.00,31,8.3,24.6,0.00,0.00,0.00,0,0,0,0,0,15.1,92,91,20.9,34.9,1,3600.00,1024.0,1010.4
2022-08-10T11:00,28.0,0.00,28,7.8,26.0,0.00,0.00,0.00,0,3,0,3,0,15.9,84,84,21.7,36.7,1,3600.00,1023.7,1010.1
2022-08-10T12:00,28.8,0.00,26,7.2,26.8,0.00,0.00,0.00,0,2,0,2,0,16.9,77,74,23.3,38.9,1,3600.00,1023.1,1009.5
2022-08-10T13:00,29.4,0.00,25,7.4,27.4,0.00,0.00,0.00,1,28,0,51,0,17.4,83,83,23.9,39.2,1,3600.00,1023.0,1009.5
2022-08-10T14:00,29.6,0.00,24,7.0,26.9,0.00,0.00,0.00,1,41,1,40,0,17.7,78,77,24.6,40.7,1,3600.00,1022.3,1008.8
2022-08-10T15:00,29.7,0.00,24,6.7,27.2,0.00,0.00,0.00,1,38,34,6,0,15.6,81,82,21.8,40.3,1,3600.00,1021.8,1008.3
2022-08-10T16:00,30.0,0.00,22,6.3,27.0,0.00,0.00,0.00,1,29,13,18,1,14.8,94,96,20.6,36.0,1,3600.00,1021.2,1007.7
2022-08-10T17:00,29.4,0.00,23,6.1,25.9,0.00,0.00,0.00,0,16,0,14,1,16.9,78,78,23.9,36.4,1,3600.00,1020.7,1007.2
2022-08-10T18:00,28.7,0.00,24,5.8,25.1,0.00,0.00,0.00,0,7,0,7,0,17.4,63,60,25.9,37.8,1,3600.00,1020.7,1007.2
2022-08-10T19:00,27.6,0.00,24,5.5,24.6,0.00,0.00,0.00,0,2,0,1,1,12.6,64,59,23.2,36.4,1,3600.00,1020.5,1006.9
2022-08-10T20:00,25.7,0.00,26,4.8,22.9,0.00,0.00,0.00,0,2,0,1,1,10.4,76,70,23.0,26.3,0,296.32,1020.8,1007.1
2022-08-10T21:00,24.5,0.00,27,4.5,21.4,0.00,0.00,0.00,0,0,0,0,0,12.0,90,81,26.6,24.1,0,0.00,1021.1,1007.4
2022-08-10T22:00,23.8,0.00,31,5.4,20.8,0.00,0.00,0.00,0,0,0,0,0,12.2,96,88,26.8,25.9,0,0.00,1021.1,1007.3
2022-08-10T23:00,23.0,0.00,34,6.3,19.9,0.00,0.00,0.00,0,0,0,0,0,14.8,96,91,29.3,29.9,0,0.00,1021.5,1007.7
2022-08-11T00:00,22.4,0.00,37,6.8,19.7,0.00,0.00,0.00,0,0,0,0,0,13.1,103,99,27.7,30.6,0,0.00,1021.5,1007.7
2022-08-11T01:00,21.7,0.00,39,7.1,19.4,0.00,0.00,0.00,0,0,0,0,0,10.5,95,84,23.1,27.0,0,0.00,1021.4,1007.5
2022-08-11T02:00,20.5,0.00,42,7.0,18.0,0.00,0.00,0.00,0,0,0,0,0,11.8,85,78,26.8,24.1,0,0.00,1021.3,1007.4
2022-08-11T03:00,20.6,0.00,41,6.8,17.8,0.00,0.00,0.00,0,0,0,0,0,13.4,87,84,28.8,27.4,0,0.00,1021.4,1007.5
2022-08-11T04:00,20.3,0.00,42,7.1,17.5,0.00,0.00,0.00,0,0,0,0,0,13.8,86,83,29.2,28.4,0,0.00,1021.3,1007.4
2022-08-11T05:00,19.8,0.00,45,7.4,17.3,0.00,0.00,0.00,0,0,0,0,0,12.8,83,79,27.2,28.1,0,0.00,1021.3,1007.4
2022-08-11T06:00,19.8,0.00,47,8.1,17.4,0.00,0.00,0.00,0,0,0,0,0,13.2,81,79,27.0,26.3,1,199.63,1021.4,1007.5
2022-08-11T07:00,21.6,0.00,45,9.2,19.6,0.00,0.00,0.00,0,0,0,0,0,12.2,80,76,31.4,28.8,1,3600.00,1021.5,1007.6
2022-08-11T08:00,23.5,0.00,42,9.7,21.3,0.00,0.00,0.00,0,0,0,0,0,14.6,82,81,22.2,31.3,1,3600.00,1021.4,1007.6
2022-08-11T09:00,25.1,0.00,38,9.9,23.1,0.00,0.00,0.00,0,0,0,0,0,14.0,90,90,19.4,32.4,1,3600.00,1021.4,1007.7
2022-08-11T10:00,26.8,0.00,33,9.3,25.0,0.00,0.00,0.00,0,0,0,0,0,13.0,88,87,18.0,31.7,1,3600.00,1021.3,1007.7
2022-08-11T11:00,27.9,0.00,29,8.4,26.2,0.00,0.00,0.00,0,0,0,0,0,14.8,86,86,20.6,34.9,1,3600.00,1021.1,1007.5
2022-08-11T12:00,28.9,0.00,27,8.0,27.5,0.00,0.00,0.00,2,67,67,0,0,14.6,82,81,20.0,34.9,1,3600.00,1020.6,1007.1
2022-08-11T13:00,29.4,0.00,25,7.1,27.8,0.00,0.00,0.00,1,42,0,0,0,15.7,80,79,21.5,35.3,1,3600.00,1019.9,1006.4
2022-08-11T14:00,29.9,0.00,22,6.0,28.0,0.00,0.00,0.00,0,0,0,0,0,15.0,82,80,20.4,36.7,1,3600.00,1019.3,1005.8
2022-08-11T15:00,30.3,0.00,21,5.4,28.0,0.00,0.00,0.00,3,93,93,0,0,14.3,81,80,19.7,34.9,1,3600.00,1018.7,1005.3
2022-08-11T16:00,30.2,0.00,21,5.3,27.2,0.00,0.00,0.00,3,97,97,0,0,14.5,77,76,20.3,33.5,1,3600.00,1018.2,1004.8
2022-08-11T17:00,29.9,0.00,20,4.6,26.5,0.00,0.00,0.00,2,57,57,0,0,14.8,77,77,20.7,33.1,1,3600.00,1017.7,1004.3
2022-08-11T18:00,29.3,0.00,20,4.3,26.1,0.00,0.00,0.00,3,93,93,0,0,12.6,86,87,19.9,32.0,1,3600.00,1017.4,1003.9
2022-08-11T19:00,27.5,0.00,25,5.9,25.4,0.00,0.00,0.00,1,30,30,0,0,7.2,90,90,16.9,26.6,1,3600.00,1017.4,1003.9
2022-08-11T20:00,24.5,0.00,30,5.8,22.4,0.00,0.00,0.00,0,11,11,0,0,6.6,75,68,16.4,15.5,0,287.05,1017.8,1004.1
2022-08-11T21:00,23.4,0.00,33,6.0,21.0,0.00,0.00,0.00,3,97,97,0,0,9.6,60,56,22.1,19.1,0,0.00,1018.1,1004.4
2022-08-11T22:00,23.7,0.00,31,5.6,20.8,0.00,0.00,0.00,3,95,95,0,0,12.1,67,63,27.1,24.5,0,0.00,1018.1,1004.4
2022-08-11T23:00,23.3,0.00,32,5.9,20.4,0.00,0.00,0.00,2,63,63,0,0,12.3,88,83,27.0,25.6,0,0.00,1018.4,1004.7
2022-08-12T00:00,22.3,0.00,35,6.2,19.7,0.00,0.00,0.00,1,30,30,0,0,11.2,101,94,24.9,25.2,0,0.00,1018.5,1004.7
2022-08-12T01:00,22.1,0.00,36,6.4,19.0,0.00,0.00,0.00,0,5,0,0,0,14.4,92,94,29.9,23.4,0,0.00,1018.4,1004.6
2022-08-12T02:00,21.1,0.00,40,6.8,18.1,0.00,0.00,0.00,0,0,0,0,0,15.2,99,95,31.3,31.3,0,0.00,1018.3,1004.5
2022-08-12T03:00,20.7,0.00,42,7.3,17.7,0.00,0.00,0.00,0,0,0,0,0,15.6,100,97,31.8,31.7,0,0.00,1018.4,1004.5
2022-08-12T04:00,20.1,0.00,45,7.7,17.3,0.00,0.00,0.00,0,0,0,0,0,14.8,98,96,30.1,31.7,0,0.00,1018.1,1004.2
2022-08-12T05:00,19.7,0.00,46,7.9,17.3,0.00,0.00,0.00,0,0,0,0,0,13.0,93,92,28.1,30.2,0,0.00,1018.4,1004.5
2022-08-12T06:00,19.6,0.00,48,8.4,17.7,0.00,0.00,0.00,0,0,0,0,0,10.2,88,82,23.4,26.6,1,195.09,1018.6,1004.7
2022-08-12T07:00,21.2,0.00,46,9.2,19.6,0.00,0.00,0.00,0,0,0,0,0,9.4,87,83,24.1,23.0,1,3600.00,1018.9,1005.1
2022-08-12T08:00,23.2,0.00,41,9.2,21.1,0.00,0.00,0.00,0,0,0,0,0,12.6,89,88,19.1,28.1,1,3600.00,1018.9,1005.1
2022-08-12T09:00,25.0,0.00,36,9.0,22.7,0.00,0.00,0.00,0,0,0,0,0,13.7,93,93,19.5,31.7,1,3600.00,1018.8,1005.1
2022-08-12T10:00,26.3,0.00,32,8.5,24.2,0.00,0.00,0.00,0,0,0,0,0,13.7,89,88,18.7,32.4,1,3600.00,1018.5,1004.9
2022-08-12T11:00,27.4,0.00,30,8.3,25.9,0.00,0.00,0.00,0,0,0,0,0,13.4,84,84,18.4,32.4,1,3600.00,1018.1,1004.6
2022-08-12T12:00,28.3,0.00,28,8.3,27.1,0.00,0.00,0.00,0,0,0,0,0,13.4,83,82,18.1,32.8,1,3600.00,1017.5,1004.0
2022-08-12T13:00,30.1,0.00,24,7.5,28.7,0.00,0.00,0.00,0,0,0,66,0,14.5,69,67,19.3,33.1,1,3600.00,1016.5,1003.1
2022-08-12T14:00,29.7,0.00,24,7.1,26.6,0.00,0.00,0.00,1,48,0,48,0,15.7,70,70,21.4,35.3,1,3600.00,1016.0,1002.6
2022-08-12T15:00,29.7,0.00,24,7.2,26.9,0.00,0.00,0.00,1,21,0,21,0,14.8,75,76,20.1,36.4,1,3600.00,1015.9,1002.5
2022-08-12T16:00,29.7,0.00,23,6.2,26.8,0.00,0.00,0.00,2,64,0,64,0,13.0,76,76,17.8,33.5,1,3600.00,1015.6,1002.2
2022-08-12T17:00,28.8,0.00,23,5.8,25.7,0.00,0.00,0.00,3,91,0,91,0,14.2,83,81,21.0,29.9,1,851.56,1015.4,1002.0
2022-08-12T18:00,28.5,0.00,23,5.4,25.4,0.00,0.00,0.00,0,7,0,7,0,13.7,86,85,20.6,32.4,1,1051.19,1015.4,1001.9
2022-08-12T19:00,27.3,0.00,25,5.6,25.0,0.00,0.00,0.00,1,30,0,30,0,8.3,88,85,17.7,30.2,1,3600.00,1015.5,1002.0
2022-08-12T20:00,25.6,0.00,26,4.7,22.3,0.00,0.00,0.00,0,1,0,1,0,14.2,103,99,27.3,28.1,0,34.93,1016.0,1002.4
2022-08-12T21:00,24.4,0.00,31,6.3,20.6,0.00,0.00,0.00,0,0,0,0,0,19.1,97,94,34.1,38.9,0,0.00,1016.5,1002.8
2022-08-12T22:00,23.1,0.00,36,7.3,20.1,0.00,0.00,0.00,0,0,0,0,0,15.9,97,94,29.4,38.9,0,0.00,1016.9,1003.2
2022-08-12T23:00,22.1,0.00,39,7.6,19.4,0.00,0.00,0.00,0,0,0,0,0,14.0,94,91,27.8,32.4,0,0.00,1017.1,1003.3
2022-08-13T00:00,21.5,0.00,42,8.0,18.8,0.00,0.00,0.00,0,0,0,0,0,14.3,102,100,28.7,29.9,0,0.00,1017.1,1003.3
2022-08-13T01:00,21.4,0.00,41,7.7,19.1,0.00,0.00,0.00,0,0,0,0,0,11.5,95,88,24.6,29.5,0,0.00,1016.8,1003.0
2022-08-13T02:00,19.8,0.00,47,8.2,17.9,0.00,0.00,0.00,0,0,0,0,0,9.4,92,86,22.3,23.8,0,0.00,1016.6,1002.7
2022-08-13T03:00,19.1,0.00,50,8.6,17.3,0.00,0.00,0.00,0,0,0,0,0,9.8,91,84,23.0,20.5,0,0.00,1016.6,1002.7
2022-08-13T04:00,18.7,0.00,53,9.0,17.1,0.00,0.00,0.00,0,0,0,0,0,9.1,87,83,22.0,20.5,0,0.00,1016.6,1002.7
2022-08-13T05:00,18.3,0.00,57,9.6,16.9,0.00,0.00,0.00,0,0,0,0,0,8.7,85,83,21.3,19.4,0,0.00,1016.7,1002.8
2022-08-13T06:00,18.5,0.00,59,10.4,17.5,0.00,0.00,0.00,0,0,0,0,0,8.0,84,80,19.9,18.4,1,114.64,1016.7,1002.8
2022-08-13T07:00,20.5,0.00,56,11.4,19.9,0.00,0.00,0.00,0,0,0,0,0,6.7,88,74,18.0,16.9,1,3600.00,1016.8,1003.0
2022-08-13T08:00,22.8,0.00,50,11.8,22.8,0.00,0.00,0.00,0,0,0,0,0,4.0,87,85,6.8,15.1,1,3600.00,1016.9,1003.2
2022-08-13T09:00,24.9,0.00,44,11.9,24.8,0.00,0.00,0.00,0,0,0,0,0,4.4,84,81,6.5,15.1,1,3600.00,1016.6,1003.0
2022-08-13T10:00,26.8,0.00,38,11.2,26.2,0.00,0.00,0.00,0,0,0,0,0,8.3,86,88,11.5,22.3,1,3600.00,1016.4,1002.8
2022-08-13T11:00,28.3,0.00,32,10.0,27.6,0.00,0.00,0.00,0,0,0,0,0,10.8,87,88,14.4,27.0,1,3600.00,1015.9,1002.4
2022-08-13T12:00,29.2,0.00,29,9.3,28.7,0.00,0.00,0.00,0,0,0,0,0,11.3,83,83,14.9,28.8,1,3600.00,1015.4,1002.0
2022-08-13T13:00,29.9,0.00,26,8.5,29.6,0.00,0.00,0.00,0,0,0,65,0,9.4,68,67,12.4,28.4,1,3600.00,1015.4,1002.0
2022-08-13T14:00,30.3,0.00,24,7.7,28.7,0.00,0.00,0.00,2,59,0,59,0,9.5,67,65,12.9,24.8,1,3600.00,1014.7,1001.3
2022-08-13T15:00,30.9,0.00,22,6.9,28.9,0.00,0.00,0.00,2,76,0,76,0,9.0,75,74,12.3,23.8,1,3600.00,1013.9,1000.6
2022-08-13T16:00,30.8,0.00,23,7.3,28.5,0.00,0.00,0.00,0,2,0,2,0,10.6,81,80,14.6,25.2,1,3600.00,1013.5,1000.2
2022-08-13T17:00,30.2,0.00,25,7.8,27.9,0.00,0.00,0.00,0,6,0,6,0,11.9,76,76,16.7,27.0,1,3600.00,1013.1,999.7
2022-08-13T18:00,29.4,0.00,26,8.1,27.3,0.00,0.00,0.00,1,28,0,28,0,11.0,80,79,16.8,27.0,1,3600.00,1012.7,999.3
2022-08-13T19:00,27.0,0.00,40,12.2,26.9,0.00,0.00,0.00,1,20,0,20,0,5.4,120,127,12.4,23.8,1,3600.00,1012.3,998.8
2022-08-13T20:00,25.1,0.00,34,8.3,23.8,0.00,0.00,0.00,0,1,0,1,0,5.9,135,133,14.8,12.2,0,114.17,1012.4,998.8
2022-08-13T21:00,23.8,0.00,37,8.1,22.3,0.00,0.00,0.00,0,0,0,0,0,6.5,93,71,15.5,12.6,0,0.00,1012.6,999.0
2022-08-13T22:00,24.4,0.00,37,8.6,21.8,0.00,0.00,0.00,0,0,0,0,0,15.5,81,77,31.0,29.2,0,0.00,1012.6,999.0
2022-08-13T23:00,24.1,0.00,41,10.2,21.9,0.00,0.00,0.00,0,0,0,0,0,15.5,86,87,30.7,32.0,0,0.00,1012.9,999.3
2022-08-14T00:00,23.0,0.00,47,11.1,21.2,0.00,0.00,0.00,0,5,0,5,0,14.3,97,102,28.3,31.0,0,0.00,1013.1,999.4
2022-08-14T01:00,22.2,0.00,46,10.0,20.1,0.00,0.00,0.00,0,0,0,0,0,14.3,100,102,29.9,29.2,0,0.00,1012.6,998.9
2022-08-14T02:00,21.4,0.00,53,11.5,19.7,0.00,0.00,0.00,0,0,0,0,0,14.9,98,98,29.5,31.0,0,0.00,1012.0,998.3
2022-08-14T03:00,20.5,0.00,59,12.3,19.1,0.00,0.00,0.00,0,0,0,0,0,14.3,102,100,28.3,28.8,0,0.00,1011.4,997.6
2022-08-14T04:00,20.0,0.00,64,13.0,18.9,0.00,0.00,0.00,0,0,0,0,0,14.0,105,108,27.9,28.8,0,0.00,1011.0,997.2
2022-08-14T05:00,19.3,0.00,69,13.4,18.9,0.00,0.00,0.00,0,12,12,0,0,10.0,106,105,22.8,27.0,0,0.00,1010.7,996.9
2022-08-14T06:00,18.7,0.00,73,13.7,19.0,0.00,0.00,0.00,2,77,76,3,0,5.9,96,76,14.8,20.2,1,44.31,1010.7,996.9
2022-08-14T07:00,20.5,0.00,67,14.1,21.1,0.00,0.00,0.00,2,54,54,0,0,5.4,94,90,14.1,13.7,1,3600.00,1010.3,996.5
2022-08-14T08:00,23.0,0.00,55,13.5,23.2,0.00,0.00,0.00,2,70,70,0,0,6.0,103,107,9.3,16.6,1,3600.00,1010.3,996.7
2022-08-14T09:00,25.5,0.00,44,12.2,25.2,0.00,0.00,0.00,1,41,41,0,0,6.3,99,103,8.8,18.0,1,3600.00,1010.2,996.7
2022-08-14T10:00,27.9,0.00,33,10.2,27.1,0.00,0.00,0.00,3,100,100,0,0,7.5,107,107,10.1,20.9,1,3600.00,1009.6,996.2
2022-08-14T11:00,29.5,0.00,29,9.4,29.0,0.00,0.00,0.00,3,89,89,0,0,8.2,126,128,11.1,22.7,1,3600.00,1009.3,996.0
2022-08-14T12:00,30.4,0.00,28,9.9,30.1,0.00,0.00,0.00,2,59,59,0,0,10.6,114,114,14.2,27.0,1,3600.00,1008.3,995.0
2022-08-14T13:00,31.1,0.00,30,11.4,31.3,0.00,0.00,0.00,0,10,24,0,0,11.0,110,109,14.6,29.5,1,3600.00,1007.5,994.3
2022-08-14T14:00,31.9,0.00,28,10.9,32.2,0.00,0.00,0.00,1,39,39,0,0,9.0,118,119,12.2,27.0,1,3600.00,1006.5,993.3
2022-08-14T15:00,32.5,0.00,26,10.3,32.1,0.00,0.00,0.00,3,96,96,1,0,9.4,130,130,12.8,24.8,1,3600.00,1005.5,992.3
2022-08-14T16:00,32.5,0.00,25,10.0,31.5,0.00,0.00,0.00,3,96,96,1,0,8.3,145,146,11.4,24.5,1,3600.00,1004.9,991.8
2022-08-14T17:00,32.4,0.00,24,9.0,31.0,0.00,0.00,0.00,3,100,100,4,0,7.2,169,174,9.5,21.2,1,3600.00,1004.4,991.3
2022-08-14T18:00,31.3,0.00,24,8.4,29.8,0.00,0.00,0.00,3,99,99,12,0,7.2,204,207,12.2,17.6,1,3600.00,1004.3,991.1
2022-08-14T19:00,28.3,0.00,43,14.4,28.8,0.00,0.00,0.00,3,100,100,3,0,6.5,201,199,11.2,17.3,1,3600.00,1004.3,991.0
2022-08-14T20:00,27.3,0.00,35,10.3,26.5,0.00,0.00,0.00,3,100,100,5,0,5.9,162,137,7.2,10.4,0,0.00,1004.3,990.9
2022-08-14T21:00,26.1,0.00,33,8.4,24.8,0.00,0.00,0.00,3,100,100,15,0,6.2,209,187,14.0,11.2,0,0.00,1004.7,991.3
2022-08-14T22:00,25.2,0.00,34,8.3,23.6,0.00,0.00,0.00,3,100,100,100,0,7.9,234,210,18.3,16.2,0,0.00,1005.1,991.6
2022-08-14T23:00,24.7,0.00,36,8.7,22.9,0.00,0.00,0.00,3,100,22,100,0,9.9,226,213,21.9,19.1,0,0.00,1005.7,992.2
2022-08-15T00:00,24.3,0.00,44,11.2,22.7,0.00,0.00,0.00,3,100,26,100,0,13.2,234,227,25.0,27.0,0,0.00,1006.0,992.5
2022-08-15T01:00,22.0,0.00,60,13.9,22.2,0.00,0.00,0.00,2,57,89,100,0,6.7,244,234,18.4,27.0,0,0.00,1005.9,992.3
2022-08-15T02:00,21.2,3.80,72,15.9,21.3,3.80,0.00,0.00,63,99,99,48,0,13.5,222,214,24.7,26.3,0,0.00,1006.7,993.0
2022-08-15T03:00,20.8,0.90,82,17.7,21.4,0.90,0.00,0.00,53,100,92,100,0,14.6,225,218,26.5,28.4,0,0.00,1006.1,992.4
2022-08-15T04:00,20.2,0.00,84,17.5,21.1,0.00,0.00,0.00,3,100,5,100,0,12.2,230,225,22.0,28.4,0,0.00,1006.1,992.4
2022-08-15T05:00,19.4,0.30,84,16.6,20.1,0.30,0.00,0.00,51,100,42,100,0,11.2,228,222,20.4,24.1,0,0.00,1006.4,992.6
2022-08-15T06:00,19.3,0.30,85,16.8,19.9,0.30,0.00,0.00,51,100,100,100,3,11.9,223,215,21.7,25.2,1,0.00,1006.8,993.0
2022-08-15T07:00,19.6,0.00,86,17.1,20.4,0.00,0.00,0.00,3,98,78,87,17,11.8,225,220,19.3,23.8,1,0.00,1007.1,993.3
2022-08-15T08:00,20.4,0.00,81,17.0,21.1,0.00,0.00,0.00,3,100,100,92,10,12.5,222,219,17.8,27.0,1,2086.79,1007.1,993.4
2022-08-15T09:00,21.3,0.00,74,16.6,21.6,0.00,0.00,0.00,1,21,0,7,16,13.5,226,224,18.6,31.3,1,3600.00,1007.4,993.7
2022-08-15T10:00,23.4,0.00,63,15.9,23.7,0.00,0.00,0.00,1,25,0,20,6,11.2,239,237,15.2,30.6,1,3600.00,1007.3,993.7
2022-08-15T11:00,24.5,0.10,54,14.7,24.6,0.10,0.00,0.00,51,21,0,12,15,11.4,242,242,15.5,28.8,1,3600.00,1007.3,993.8
2022-08-15T12:00,25.7,0.00,48,13.9,26.0,0.00,0.00,0.00,0,16,1,9,11,11.6,248,248,15.5,28.8,1,3600.00,1006.7,993.2
2022-08-15T13:00,24.2,0.00,57,15.2,25.4,0.00,0.00,0.00,0,17,30,20,1,10.1,262,266,13.4,31.0,1,3600.00,1006.8,993.3
2022-08-15T14:00,25.0,0.10,54,15.0,25.1,0.10,0.00,0.00,51,55,41,20,5,12.9,258,257,17.3,36.4,1,3600.00,1006.8,993.3
2022-08-15T15:00,25.7,0.10,50,14.6,26.4,0.10,0.00,0.00,51,100,100,2,0,7.9,268,267,10.4,30.6,1,3600.00,1006.0,992.5
2022-08-15T16:00,26.3,0.00,45,13.4,25.9,0.00,0.00,0.00,3,96,95,33,1,10.5,279,276,13.5,24.8,1,3600.00,1005.6,992.2
2022-08-15T17:00,25.4,0.30,44,12.4,24.3,0.30,0.00,0.00,51,78,71,16,7,12.4,244,244,17.6,29.2,1,3600.00,1006.3,992.8
2022-08-15T18:00,25.0,0.00,42,11.1,23.6,0.00,0.00,0.00,2,68,65,8,0,12.2,225,225,17.8,27.7,1,3600.00,1006.5,993.0
2022-08-15T19:00,23.7,0.00,46,11.6,22.9,0.00,0.00,0.00,2,58,54,10,0,8.8,218,215,17.4,26.3,1,3600.00,1006.6,993.0
2022-08-15T20:00,22.2,0.00,53,12.1,20.8,0.00,0.00,0.00,2,65,63,5,0,13.7,219,215,25.9,27.0,0,0.00,1007.5,993.9
2022-08-15T21:00,21.2,0.00,62,13.6,20.4,0.00,0.00,0.00,1,48,46,4,0,12.7,215,209,24.1,28.8,0,0.00,1008.2,994.5
2022-08-15T22:00,20.4,0.00,66,13.8,20.2,0.00,0.00,0.00,0,0,0,0,0,9.6,220,214,20.2,25.9,0,0.00,1008.8,995.1
2022-08-15T23:00,19.4,0.00,70,13.8,19.4,0.00,0.00,0.00,0,0,0,0,0,8.4,220,211,19.2,20.2,0,0.00,1009.1,995.3
2022-08-16T00:00,18.9,0.00,73,13.9,19.0,0.00,0.00,0.00,0,7,0,4,4,7.9,221,210,19.1,17.6,0,0.00,1009.4,995.6
2022-08-16T01:00,19.0,0.00,80,15.5,19.7,0.00,0.00,0.00,0,15,0,19,32,7.8,219,214,15.9,17.3,0,0.00,1009.8,996.0
2022-08-16T02:00,18.0,0.00,85,15.5,19.2,0.00,0.00,0.00,1,49,14,30,15,4.7,206,176,12.4,16.6,0,0.00,1009.7,995.8
2022-08-16T03:00,17.9,0.00,85,15.4,18.8,0.00,0.00,0.00,2,59,44,18,10,5.9,193,166,14.1,13.0,0,0.00,1009.6,995.7
2022-08-16T04:00,17.4,0.00,87,15.2,18.3,0.00,0.00,0.00,0,7,0,7,0,5.6,191,153,12.8,13.3,0,0.00,1009.3,995.4
2022-08-16T05:00,16.7,0.00,91,15.2,17.8,0.00,0.00,0.00,0,6,0,1,4,4.7,208,171,12.2,11.9,0,0.00,1009.4,995.5
2022-08-16T06:00,17.3,0.00,88,15.3,18.3,0.00,0.00,0.00,0,18,0,0,17,5.4,212,172,13.1,11.5,1,0.00,1009.6,995.7
2022-08-16T07:00,18.9,0.00,81,15.6,19.8,0.00,0.00,0.00,0,2,0,0,2,7.0,211,201,11.8,16.2,1,3600.00,1009.8,996.0
2022-08-16T08:00,20.3,0.00,75,15.7,21.2,0.00,0.00,0.00,0,11,0,0,11,7.0,216,215,9.8,19.4,1,3600.00,1010.1,996.3
2022-08-16T09:00,22.1,0.00,67,15.7,23.0,0.00,0.00,0.00,1,25,0,0,25,6.9,219,219,9.2,19.4,1,3600.00,1010.0,996.3
2022-08-16T10:00,23.6,0.00,59,15.1,24.2,0.00,0.00,0.00,3,100,0,0,100,7.9,222,223,10.2,22.0,1,3600.00,1010.1,996.5
2022-08-16T11:00,24.1,0.00,56,14.8,24.6,0.00,0.00,0.00,1,47,0,0,47,7.7,216,217,10.3,22.0,1,3600.00,1010.3,996.7
2022-08-16T12:00,25.8,0.00,49,14.3,26.3,0.00,0.00,0.00,1,47,0,3,46,7.9,222,223,10.2,22.3,1,3600.00,1010.0,996.5
2022-08-16T13:00,26.9,0.00,45,13.9,27.7,0.00,0.00,0.00,1,49,0,21,11,4.7,180,176,6.1,22.0,1,3600.00,1010.2,996.7
2022-08-16T14:00,28.5,0.00,39,13.2,29.9,0.00,0.00,0.00,1,31,4,27,11,3.6,151,143,4.5,16.6,1,3600.00,1009.6,996.2
2022-08-16T15:00,29.3,0.00,35,12.5,30.2,0.00,0.00,0.00,1,42,4,39,1,2.1,157,149,2.7,15.1,1,3600.00,1008.9,995.6
2022-08-16T16:00,29.6,0.00,33,11.7,29.9,0.00,0.00,0.00,1,47,3,45,0,1.1,233,252,1.8,11.9,1,3600.00,1008.4,995.1
2022-08-16T17:00,29.7,0.00,31,10.9,29.3,0.00,0.00,0.00,1,30,0,30,0,4.5,252,256,5.7,11.9,1,3600.00,1008.3,995.0
2022-08-16T18:00,28.9,0.00,43,14.9,30.2,0.00,0.00,0.00,0,17,0,17,0,2.3,228,231,4.8,12.6,1,3600.00,1008.3,994.9
2022-08-16T19:00,26.3,0.00,48,14.4,27.1,0.00,0.00,0.00,0,6,0,6,0,4.3,127,114,9.5,8.6,1,3600.00,1008.5,995.0
2022-08-16T20:00,24.6,0.00,47,12.7,24.3,0.00,0.00,0.00,0,0,0,0,0,8.0,113,100,18.1,15.8,0,0.00,1009.1,995.5
2022-08-16T21:00,23.1,0.00,54,13.3,23.1,0.00,0.00,0.00,2,55,54,1,0,6.9,116,99,17.2,16.2,0,0.00,1009.7,996.1
2022-08-16T22:00,21.0,0.00,64,13.9,21.5,0.00,0.00,0.00,2,69,69,0,0,5.2,115,78,10.3,13.0,0,0.00,1010.1,996.4
2022-08-16T23:00,20.8,0.00,62,13.2,20.6,0.00,0.00,0.00,0,5,4,1,0,8.4,100,83,13.9,14.8,0,0.00,1010.1,996.4
2022-08-17T00:00,21.0,0.00,58,12.6,20.4,0.00,0.00,0.00,1,49,49,0,0,9.4,104,92,19.6,18.0,0,0.00,1010.1,996.4
2022-08-17T01:00,20.8,0.00,62,13.1,20.7,0.00,0.00,0.00,1,33,100,0,0,7.4,105,104,19.4,18.4,0,0.00,1010.0,996.3
2022-08-17T02:00,19.6,0.00,65,12.9,19.4,0.00,0.00,0.00,3,100,100,0,0,8.0,99,95,20.1,15.5,0,0.00,1009.5,995.7
2022-08-17T03:00,19.3,0.00,65,12.5,19.0,0.00,0.00,0.00,3,99,99,0,0,7.3,104,101,19.6,15.8,0,0.00,1009.8,996.0
2022-08-17T04:00,19.6,0.00,62,12.2,19.0,0.00,0.00,0.00,3,99,99,0,0,9.0,100,95,22.3,18.0,0,0.00,1009.6,995.8
2022-08-17T05:00,19.5,0.00,62,12.0,19.0,0.00,0.00,0.00,3,91,91,7,0,7.4,114,119,20.1,20.2,0,0.00,1009.7,995.9
2022-08-17T06:00,18.5,0.00,68,12.5,18.4,0.00,0.00,0.00,3,98,97,79,0,5.6,155,153,15.5,15.5,1,0.00,1010.8,996.9
2022-08-17T07:00,19.2,0.00,67,12.9,19.2,0.00,0.00,0.00,3,100,45,100,0,6.6,151,119,11.1,13.7,1,0.00,1010.8,997.0
2022-08-17T08:00,20.5,0.00,65,13.8,20.8,0.00,0.00,0.00,3,100,67,100,0,6.5,186,174,10.1,15.1,1,0.00,1011.0,997.2
2022-08-17T09:00,21.0,0.00,67,14.7,21.7,0.00,0.00,0.00,3,95,38,93,0,5.4,206,200,9.2,15.1,1,0.00,1011.5,997.7
2022-08-17T10:00,24.2,0.00,57,15.1,25.1,0.00,0.00,0.00,3,100,82,100,0,5.9,219,223,7.9,18.0,1,3600.00,1011.4,997.8
2022-08-17T11:00,23.7,0.30,61,15.9,24.8,0.30,0.00,0.00,51,100,96,100,0,5.9,250,256,7.3,18.0,1,0.00,1011.9,998.3
2022-08-17T12:00,23.3,0.00,64,16.0,25.1,0.00,0.00,0.00,3,99,72,96,0,1.8,219,217,2.3,17.3,1,0.00,1011.7,998.1
2022-08-17T13:00,26.5,0.00,38,11.1,24.4,0.00,0.00,0.00,3,100,84,3,0,16.2,237,238,21.9,11.5,1,3600.00,1012.1,998.6
2022-08-17T14:00,27.3,0.00,39,12.2,26.6,0.00,0.00,0.00,2,78,68,31,0,15.4,160,159,21.1,37.8,1,3600.00,1011.6,998.1
2022-08-17T15:00,28.0,0.00,41,13.7,27.7,0.00,0.00,0.00,3,100,100,4,0,11.7,192,191,16.2,34.6,1,3600.00,1011.1,997.7
2022-08-17T16:00,28.2,0.00,44,14.8,28.6,0.00,0.00,0.00,3,100,100,3,0,8.1,201,201,10.8,28.4,1,3600.00,1010.0,996.6
2022-08-17T17:00,28.3,0.00,44,14.9,29.1,0.00,0.00,0.00,3,92,92,1,0,5.6,218,220,8.2,20.5,1,3600.00,1010.1,996.7
2022-08-17T18:00,27.9,0.00,49,16.1,29.6,0.00,0.00,0.00,3,100,100,4,0,2.6,213,214,6.0,14.4,1,3600.00,1010.2,996.8
2022-08-17T19:00,25.4,0.00,64,18.2,27.5,0.00,0.00,0.00,3,99,99,37,0,5.9,259,281,7.7,8.6,1,3420.19,1010.5,997.0
2022-08-17T20:00,24.3,0.00,57,15.4,25.4,0.00,0.00,0.00,3,100,100,1,0,4.7,310,4,5.6,9.0,0,0.00,1010.7,997.1
2022-08-17T21:00,22.7,0.00,64,15.5,23.9,0.00,0.00,0.00,3,100,100,10,0,4.0,13,63,6.6,8.6,0,0.00,1011.0,997.3
2022-08-17T22:00,21.7,0.00,67,15.4,22.6,0.00,0.00,0.00,3,100,100,0,0,6.3,52,77,8.7,13.7,0,0.00,1011.0,997.3
2022-08-17T23:00,20.4,0.00,77,16.3,22.2,0.00,0.00,0.00,3,100,100,26,0,2.5,360,90,1.4,11.9,0,0.00,1011.4,997.6
2022-08-18T00:00,21.5,0.00,71,16.0,23.0,0.00,0.00,0.00,3,97,97,14,0,3.7,240,151,5.8,4.7,0,0.00,1011.9,998.2
2022-08-18T01:00,22.6,0.00,70,16.8,22.9,0.00,0.00,0.00,3,99,100,100,0,14.6,182,164,23.8,9.0,0,0.00,1012.5,998.8
2022-08-18T02:00,21.3,0.40,79,17.4,21.8,0.40,0.00,0.00,51,100,100,95,1,14.6,179,171,25.6,33.5,0,0.00,1012.6,998.8
2022-08-18T03:00,19.9,0.40,85,17.3,20.2,0.40,0.00,0.00,51,100,61,100,0,15.7,200,196,27.2,31.3,0,0.00,1012.7,998.9
2022-08-18T04:00,18.8,0.40,88,16.9,19.8,0.40,0.00,0.00,51,100,9,100,0,10.0,204,193,18.9,31.0,0,0.00,1012.2,998.3
2022-08-18T05:00,18.6,0.00,89,16.8,20.0,0.00,0.00,0.00,3,100,100,100,0,6.4,229,223,14.3,19.8,0,0.00,1011.9,998.0
2022-08-18T06:00,18.5,0.00,90,16.9,19.8,0.00,0.00,0.00,3,100,84,100,0,7.6,202,175,13.2,13.7,1,0.00,1012.5,998.6
2022-08-18T07:00,18.5,0.00,91,16.9,19.7,0.00,0.00,0.00,3,100,93,95,0,8.3,194,175,14.5,16.9,1,0.00,1012.6,998.7
2022-08-18T08:00,19.5,1.10,85,17.0,20.9,1.10,0.00,0.00,55,100,100,97,6,7.4,209,203,10.3,21.6,1,2201.42,1013.2,999.4
2022-08-18T09:00,19.5,4.50,85,17.0,21.3,4.50,0.00,0.00,63,100,100,99,44,4.7,277,266,5.8,21.6,1,0.00,1013.6,999.8
2022-08-18T10:00,19.4,2.40,90,17.8,21.6,2.40,0.00,0.00,61,100,100,99,0,4.0,262,260,5.1,14.4,1,0.00,1013.5,999.6
2022-08-18T11:00,19.7,1.20,89,17.7,22.1,1.20,0.00,0.00,55,100,100,99,77,2.2,180,189,2.9,16.6,1,0.00,1014.1,1000.3
2022-08-18T12:00,20.7,0.30,85,18.0,23.2,0.30,0.00,0.00,51,100,94,95,9,3.2,31,27,4.2,13.0,1,998.69,1013.5,999.7
2022-08-18T13:00,22.9,0.10,79,19.0,25.2,0.10,0.00,0.00,51,100,86,100,8,6.9,358,354,9.0,13.3,1,1374.12,1012.7,999.0
2022-08-18T14:00,23.5,0.10,71,17.9,25.1,0.10,0.00,0.00,51,100,100,49,20,8.7,9,5,11.7,21.2,1,1003.67,1012.3,998.7
2022-08-18T15:00,24.6,0.00,64,17.4,25.3,0.00,0.00,0.00,3,99,99,5,2,12.6,360,357,17.3,28.8,1,3600.00,1010.9,997.3
2022-08-18T16:00,24.8,0.00,63,17.4,25.4,0.00,0.00,0.00,3,100,100,13,3,13.5,348,344,18.8,31.7,1,3600.00,1010.6,997.0
2022-08-18T17:00,24.1,0.00,65,17.2,24.5,0.00,0.00,0.00,3,100,100,9,4,14.9,342,340,21.5,32.4,1,3600.00,1011.0,997.4
2022-08-18T18:00,23.4,0.00,66,16.8,23.5,0.00,0.00,0.00,3,100,100,16,11,15.3,333,330,23.5,33.5,1,1276.08,1010.6,997.0
2022-08-18T19:00,22.8,0.00,67,16.4,23.2,0.00,0.00,0.00,3,100,100,25,11,12.2,329,326,22.3,31.7,1,527.28,1010.6,996.9
2022-08-18T20:00,22.3,0.00,66,15.7,22.5,0.00,0.00,0.00,3,100,100,13,4,11.8,331,329,23.8,25.6,0,0.00,1010.8,997.1
2022-08-18T21:00,21.4,0.00,69,15.5,21.8,0.00,0.00,0.00,3,100,100,27,0,9.8,339,336,22.0,24.5,0,0.00,1011.4,997.7
2022-08-18T22:00,21.0,0.00,71,15.6,21.5,0.00,0.00,0.00,3,100,100,1,0,9.8,343,336,21.1,21.2,0,0.00,1011.3,997.6
2022-08-18T23:00,20.7,0.00,73,15.6,21.2,0.00,0.00,0.00,3,100,100,4,3,9.1,331,326,20.9,21.2,0,0.00,1011.6,997.8
2022-08-19T00:00,20.3,0.00,74,15.6,21.0,0.00,0.00,0.00,3,98,96,39,7,8.2,340,337,18.8,19.4,0,0.00,1011.8,998.0
2022-08-19T01:00,20.2,0.00,81,16.8,21.3,0.00,0.00,0.00,3,100,100,93,2,8.7,357,343,18.8,18.7,0,0.00,1012.2,998.4
2022-08-19T02:00,19.5,0.00,85,16.9,21.4,0.00,0.00,0.00,3,100,100,49,2,3.5,338,294,11.3,20.5,0,0.00,1012.0,998.2
2022-08-19T03:00,19.6,0.00,84,16.8,20.3,0.00,0.00,0.00,3,100,100,48,0,10.9,324,314,20.9,21.2,0,0.00,1011.9,998.1
2022-08-19T04:00,18.8,0.00,85,16.3,19.8,0.00,0.00,0.00,3,100,100,100,3,7.9,334,321,18.0,22.3,0,0.00,1012.3,998.4
2022-08-19T05:00,18.9,0.00,84,16.1,19.5,0.00,0.00,0.00,3,100,100,4,0,10.5,340,333,21.4,22.3,0,0.00,1012.1,998.2
2022-08-19T06:00,18.5,0.00,86,16.0,19.3,0.00,0.00,0.00,3,100,100,18,2,8.1,345,339,18.3,22.0,1,0.00,1012.6,998.7
2022-08-19T07:00,19.4,0.00,83,16.5,20.3,0.00,0.00,0.00,3,100,100,13,2,9.2,339,318,20.1,19.8,1,2602.01,1012.7,998.9
2022-08-19T08:00,21.0,0.00,76,16.6,21.8,0.00,0.00,0.00,3,100,100,34,14,10.0,325,319,14.5,23.4,1,3600.00,1013.4,999.6
2022-08-19T09:00,22.0,0.00,72,16.7,22.8,0.00,0.00,0.00,3,98,98,2,1,10.8,333,330,15.0,25.2,1,3600.00,1013.6,999.9
2022-08-19T10:00,23.6,0.00,64,16.4,24.1,0.00,0.00,0.00,3,98,88,85,7,11.9,336,335,16.6,27.7,1,3600.00,1013.6,999.9
2022-08-19T11:00,24.9,0.00,57,15.7,25.2,0.00,0.00,0.00,3,88,84,17,8,13.2,337,334,18.1,31.0,1,3600.00,1013.5,999.9
2022-08-19T12:00,25.6,0.00,53,15.3,25.7,0.00,0.00,0.00,3,97,96,10,12,14.5,332,330,19.7,33.1,1,3600.00,1013.1,999.5
2022-08-19T13:00,25.1,0.00,54,15.1,25.7,0.00,0.00,0.00,3,100,100,100,12,12.1,339,337,17.8,34.6,1,3600.00,1013.0,999.4
2022-08-19T14:00,25.3,0.00,53,15.0,25.6,0.00,0.00,0.00,3,100,100,100,5,8.9,328,328,12.8,25.9,1,0.00,1012.9,999.3
2022-08-19T15:00,26.1,0.00,47,14.0,25.9,0.00,0.00,0.00,3,100,100,100,3,10.2,315,315,14.8,22.7,1,1732.39,1012.6,999.1
2022-08-19T16:00,26.5,0.00,44,13.2,25.9,0.00,0.00,0.00,3,100,100,100,7,11.2,318,318,17.3,24.1,1,602.01,1012.6,999.1
2022-08-19T17:00,26.1,0.00,46,13.7,26.1,0.00,0.00,0.00,3,100,100,64,3,8.2,323,319,16.7,24.5,1,0.00,1012.7,999.2
2022-08-19T18:00,25.5,0.00,50,14.3,26.0,0.00,0.00,0.00,3,100,100,30,10,6.1,320,315,15.1,18.4,1,0.00,1013.0,999.4
2022-08-19T19:00,24.5,0.00,52,13.9,24.7,0.00,0.00,0.00,3,100,100,39,4,6.7,317,306,17.3,15.1,1,0.00,1013.4,999.8
2022-08-19T20:00,22.3,0.00,59,13.9,22.7,0.00,0.00,0.00,3,100,100,30,8,5.9,327,313,15.4,14.8,0,0.00,1014.0,1000.3
2022-08-19T21:00,21.4,0.00,66,14.8,22.1,0.00,0.00,0.00,3,100,100,47,5,5.7,300,252,8.7,11.9,0,0.00,1014.4,1000.6
2022-08-19T22:00,21.1,0.00,65,14.1,21.5,0.00,0.00,0.00,3,95,92,40,18,6.5,249,236,17.0,12.6,0,0.00,1014.9,1001.1
2022-08-19T23:00,20.6,0.00,69,14.6,21.0,0.00,0.00,0.00,1,48,39,11,6,7.2,290,276,18.3,14.8,0,0.00,1015.2,1001.4
2022-08-20T00:00,18.8,0.00,77,14.7,19.4,0.00,0.00,0.00,1,36,29,8,1,6.0,306,287,15.2,15.1,0,0.00,1015.5,1001.6
2022-08-20T01:00,19.2,0.00,74,14.6,19.8,0.00,0.00,0.00,2,53,39,7,0,6.4,322,308,16.9,11.9,0,0.00,1015.4,1001.5
2022-08-20T02:00,18.7,0.00,80,15.2,19.7,0.00,0.00,0.00,1,27,8,15,8,4.8,302,283,13.6,13.3,0,0.00,1015.7,1001.8
2022-08-20T03:00,17.8,0.00,89,15.9,19.2,0.00,0.00,0.00,3,81,50,19,54,4.1,291,225,8.1,10.8,0,0.00,1016.1,1002.1
2022-08-20T04:00,17.5,1.00,94,16.6,18.0,1.00,0.00,0.00,55,98,90,62,54,12.8,198,190,17.1,22.3,0,0.00,1016.3,1002.3
2022-08-20T05:00,17.2,0.30,97,16.8,17.8,0.30,0.00,0.00,51,100,99,63,61,12.6,233,233,23.1,29.5,0,0.00,1016.5,1002.5
2022-08-20T06:00,17.7,0.20,97,17.2,18.6,0.20,0.00,0.00,51,94,80,59,38,11.5,227,224,20.1,24.1,1,0.00,1016.8,1002.8
2022-08-20T07:00,18.0,0.10,94,17.1,18.8,0.10,0.00,0.00,51,100,99,52,100,11.8,239,239,16.8,24.5,1,0.00,1017.2,1003.2
2022-08-20T08:00,18.8,0.10,90,17.1,19.8,0.10,0.00,0.00,51,100,55,58,99,10.4,255,256,14.1,24.8,1,0.00,1017.1,1003.2
2022-08-20T09:00,20.0,0.20,86,17.7,21.9,0.20,0.00,0.00,51,99,52,29,98,6.1,275,273,8.3,23.0,1,1554.08,1017.5,1003.6
2022-08-20T10:00,21.2,0.20,80,17.6,23.1,0.20,0.00,0.00,51,55,43,11,12,6.2,280,277,8.4,21.2,1,3600.00,1017.7,1003.9
2022-08-20T11:00,22.8,0.10,71,17.3,24.4,0.10,0.00,0.00,51,69,33,40,35,7.0,291,291,9.2,24.1,1,3600.00,1017.5,1003.8
2022-08-20T12:00,24.1,0.00,62,16.3,24.8,0.00,0.00,0.00,3,100,70,24,100,9.9,262,260,13.1,26.6,1,3600.00,1017.3,1003.6
2022-08-20T13:00,22.4,0.00,75,17.8,24.4,0.00,0.00,0.00,1,31,100,8,0,5.9,172,166,7.6,28.8,1,3171.88,1016.9,1003.1
2022-08-20T14:00,24.6,0.10,60,16.2,25.1,0.10,0.00,0.00,51,98,97,24,18,11.2,220,220,15.1,25.9,1,3600.00,1016.3,1002.6
2022-08-20T15:00,25.9,0.00,45,13.2,25.1,0.00,0.00,0.00,3,96,95,14,4,12.8,232,230,17.9,29.2,1,3600.00,1015.9,1002.3
2022-08-20T16:00,26.4,0.00,36,10.0,24.6,0.00,0.00,0.00,1,40,40,0,0,12.4,250,248,18.0,29.2,1,3600.00,1015.7,1002.1
2022-08-20T17:00,26.0,0.00,35,9.5,24.2,0.00,0.00,0.00,2,51,51,0,0,11.9,269,267,19.1,27.7,1,3600.00,1015.6,1002.0
2022-08-20T18:00,25.1,0.00,41,10.8,23.9,0.00,0.00,0.00,1,46,46,0,0,9.4,279,277,18.6,26.6,1,3600.00,1015.8,1002.2
2022-08-20T19:00,22.3,0.00,51,11.7,21.9,0.00,0.00,0.00,0,4,4,0,0,6.5,262,251,17.5,20.9,1,3600.00,1015.9,1002.2
2022-08-20T20:00,19.8,0.00,60,11.7,19.3,0.00,0.00,0.00,0,4,0,4,0,7.0,285,291,15.3,14.0,0,0.00,1016.5,1002.6
2022-08-20T21:00,19.4,0.00,60,11.4,18.8,0.00,0.00,0.00,0,0,0,0,0,7.0,348,339,18.8,13.7,0,0.00,1016.9,1003.0
2022-08-20T22:00,19.4,0.00,58,11.0,18.3,0.00,0.00,0.00,0,0,0,0,0,9.1,353,351,22.1,18.4,0,0.00,1017.3,1003.4
2022-08-20T23:00,18.6,0.00,61,11.0,17.7,0.00,0.00,0.00,0,0,0,0,0,8.4,349,353,21.6,18.7,0,0.00,1017.7,1003.8
2022-08-21T00:00,17.9,0.00,66,11.3,17.2,0.00,0.00,0.00,0,0,0,0,0,7.6,352,357,20.4,17.3,0,0.00,1017.8,1003.8
2022-08-21T01:00,16.3,0.00,75,11.9,15.4,0.00,0.00,0.00,0,0,0,0,0,9.9,6,33,14.1,16.2,0,0.00,1017.4,1003.3
2022-08-21T02:00,18.3,0.00,62,10.8,18.0,0.00,0.00,0.00,0,0,0,0,0,3.7,337,299,7.4,14.4,0,0.00,1017.3,1003.3
2022-08-21T03:00,16.9,0.00,72,11.8,16.7,0.00,0.00,0.00,0,0,0,0,0,5.1,299,262,7.4,8.3,0,0.00,1017.4,1003.4
2022-08-21T04:00,17.1,0.00,73,12.2,17.4,0.00,0.00,0.00,0,0,0,0,0,2.7,313,247,5.9,7.9,0,0.00,1017.1,1003.1
2022-08-21T05:00,16.7,0.00,77,12.5,17.1,0.00,0.00,0.00,2,58,58,0,0,2.5,323,278,5.4,5.4,0,0.00,1017.1,1003.1
2022-08-21T06:00,16.3,0.00,78,12.4,16.8,0.00,0.00,0.00,0,0,0,0,0,1.4,356,90,4.7,5.0,1,0.00,1017.7,1003.6
2022-08-21T07:00,17.0,0.00,80,13.4,17.7,0.00,0.00,0.00,0,0,0,0,0,2.7,108,157,1.1,7.6,1,3600.00,1017.9,1003.9
2022-08-21T08:00,19.0,0.00,72,13.8,19.6,0.00,0.00,0.00,0,0,0,0,0,3.8,194,197,4.5,11.9,1,3600.00,1018.1,1004.2
2022-08-21T09:00,20.8,0.00,67,14.4,21.7,0.00,0.00,0.00,0,0,0,0,0,3.8,219,221,4.6,13.7,1,3600.00,1017.7,1003.9
2022-08-21T10:00,22.5,0.00,61,14.6,23.4,0.00,0.00,0.00,0,0,0,0,0,4.5,259,256,5.5,16.2,1,3600.00,1017.3,1003.5
2022-08-21T11:00,24.0,0.00,51,13.2,25.1,0.00,0.00,0.00,0,0,0,0,0,4.7,277,274,5.8,16.6,1,3600.00,1017.0,1003.3
2022-08-21T12:00,24.9,0.00,47,12.7,25.5,0.00,0.00,0.00,1,20,0,18,14,7.6,288,289,9.4,21.2,1,3600.00,1016.7,1003.1
2022-08-21T13:00,25.8,0.00,41,11.7,26.1,0.00,0.00,0.00,1,22,16,0,8,6.8,301,302,8.4,22.0,1,3600.00,1016.0,1002.4
2022-08-21T14:00,25.9,0.00,41,11.6,26.3,0.00,0.00,0.00,1,40,37,1,5,7.2,309,307,9.2,20.5,1,3600.00,1015.8,1002.2
2022-08-21T15:00,26.1,0.00,39,11.2,26.2,0.00,0.00,0.00,1,40,33,10,2,4.9,322,324,6.4,20.5,1,3600.00,1015.5,1001.9
2022-08-21T16:00,26.2,0.00,37,10.4,26.0,0.00,0.00,0.00,0,10,10,0,0,2.4,337,333,2.7,15.5,1,3600.00,1014.9,1001.3
2022-08-21T17:00,26.2,0.00,37,10.5,26.1,0.00,0.00,0.00,0,2,1,1,0,2.1,333,329,2.4,9.7,1,3600.00,1014.6,1001.0
2022-08-21T18:00,26.1,0.00,34,9.1,25.7,0.00,0.00,0.00,0,17,17,1,0,1.1,304,270,1.3,7.2,1,3600.00,1014.2,1000.6
2022-08-21T19:00,23.7,0.00,53,13.5,24.0,0.00,0.00,0.00,0,9,4,5,0,5.4,207,200,5.6,6.8,1,3531.73,1014.0,1000.3
2022-08-21T20:00,24.1,0.00,41,9.9,23.5,0.00,0.00,0.00,0,4,1,3,0,4.2,225,160,5.6,7.6,0,0.00,1014.3,1000.7
2022-08-21T21:00,20.1,0.00,55,10.6,19.7,0.00,0.00,0.00,0,3,0,3,0,3.5,29,66,3.7,7.2,0,0.00,1014.5,1000.7
2022-08-21T22:00,19.2,0.00,58,10.8,18.6,0.00,0.00,0.00,2,60,60,1,0,5.8,53,68,9.5,11.9,0,0.00,1014.4,1000.5
2022-08-21T23:00,17.5,0.00,66,11.0,17.1,0.00,0.00,0.00,3,100,100,1,0,4.8,49,63,7.7,11.9,0,0.00,1014.6,1000.6
2022-08-22T00:00,16.3,0.00,70,10.8,16.0,0.00,0.00,0.00,3,100,100,0,0,4.0,7,63,9.1,10.1,0,0.00,1014.6,1000.6
2022-08-22T01:00,17.0,0.00,63,9.9,15.7,0.00,0.00,0.00,3,97,100,1,0,8.6,92,75,12.2,9.7,0,0.00,1014.7,1000.7
2022-08-22T02:00,18.5,0.00,50,7.8,17.4,0.00,0.00,0.00,3,100,100,0,0,3.6,99,127,6.9,12.2,0,0.00,1015.0,1001.1
2022-08-22T03:00,15.8,0.00,62,8.7,14.8,0.00,0.00,0.00,3,90,90,0,0,4.6,128,129,10.0,9.4,0,0.00,1014.9,1000.9
2022-08-22T04:00,15.9,0.00,64,9.0,14.7,0.00,0.00,0.00,2,70,67,47,0,6.6,115,112,15.5,13.0,0,0.00,1014.6,1000.6
2022-08-22T05:00,15.5,0.00,69,9.9,14.5,0.00,0.00,0.00,3,98,46,98,0,6.5,103,93,16.6,13.0,0,0.00,1014.6,1000.5
2022-08-22T06:00,16.0,0.00,74,11.4,15.2,0.00,0.00,0.00,0,0,0,0,0,8.0,102,98,19.8,15.5,1,0.00,1014.8,1000.8
2022-08-22T07:00,18.2,0.00,73,13.3,17.9,0.00,0.00,0.00,0,0,0,0,0,9.2,105,111,21.7,18.7,1,3600.00,1015.0,1001.1
2022-08-22T08:00,20.7,0.00,67,14.4,21.0,0.00,0.00,0.00,0,0,0,0,0,7.6,107,109,13.9,18.7,1,3600.00,1015.2,1001.4
2022-08-22T09:00,22.9,0.00,60,14.8,23.4,0.00,0.00,0.00,0,5,0,5,0,7.1,111,114,10.0,19.1,1,3600.00,1015.3,1001.6
2022-08-22T10:00,24.8,0.00,53,14.5,25.3,0.00,0.00,0.00,0,7,0,7,0,7.1,118,120,9.8,19.4,1,3600.00,1015.2,1001.6
2022-08-22T11:00,26.0,0.00,44,13.0,26.6,0.00,0.00,0.00,1,21,0,21,0,7.1,113,114,9.4,19.8,1,3600.00,1015.1,1001.5
2022-08-22T12:00,26.7,0.00,40,12.1,27.1,0.00,0.00,0.00,0,8,0,7,0,6.6,112,112,8.6,19.4,1,3600.00,1014.6,1001.1
2022-08-22T13:00,28.2,0.00,34,10.8,28.9,0.00,0.00,0.00,0,8,0,11,0,4.3,90,90,5.4,19.1,1,3600.00,1014.0,1000.5
2022-08-22T14:00,28.5,0.00,32,10.4,28.9,0.00,0.00,0.00,1,31,0,31,0,4.0,98,95,5.4,14.4,1,3600.00,1013.5,1000.1
2022-08-22T15:00,28.4,0.00,34,10.9,28.3,0.00,0.00,0.00,0,5,0,5,0,4.3,90,85,5.8,14.0,1,3600.00,1013.2,999.8
2022-08-22T16:00,28.3,0.00,35,11.2,27.9,0.00,0.00,0.00,0,9,0,9,0,5.4,87,82,7.2,14.4,1,3600.00,1012.9,999.5
2022-08-22T17:00,27.6,0.00,37,11.5,27.2,0.00,0.00,0.00,1,20,0,20,0,6.1,88,87,9.4,15.5,1,3600.00,1012.8,999.3
2022-08-22T18:00,26.3,0.00,45,13.4,26.7,0.00,0.00,0.00,1,21,0,21,0,4.7,96,94,10.1,14.8,1,3600.00,1013.0,999.5
2022-08-22T19:00,23.9,0.00,52,13.4,24.1,0.00,0.00,0.00,0,12,0,12,0,5.8,106,97,13.1,10.8,1,3418.38,1013.3,999.7
2022-08-22T20:00,22.9,0.00,48,11.4,22.2,0.00,0.00,0.00,0,19,0,19,0,7.6,110,95,17.2,14.0,0,0.00,1013.6,999.9
2022-08-22T21:00,22.0,0.00,50,11.2,21.3,0.00,0.00,0.00,0,13,0,13,0,7.3,121,101,18.1,15.5,0,0.00,1013.7,1000.0
2022-08-22T22:00,20.9,0.00,53,11.0,19.9,0.00,0.00,0.00,0,7,0,7,0,8.7,112,97,19.9,16.6,0,0.00,1013.9,1000.1
2022-08-22T23:00,20.8,0.00,52,10.5,19.2,0.00,0.00,0.00,0,3,0,3,0,12.3,113,105,27.3,24.8,0,0.00,1014.3,1000.5
2022-08-23T00:00,20.3,0.00,53,10.5,18.7,0.00,0.00,0.00,0,1,0,1,0,11.8,124,113,25.7,25.2,0,0.00,1014.4,1000.6
2022-08-23T01:00,19.5,0.00,55,10.4,17.2,0.00,0.00,0.00,0,5,0,6,0,16.8,113,99,31.6,25.6,0,0.00,1015.0,1001.1
2022-08-23T02:00,19.3,0.00,56,10.3,17.4,0.00,0.00,0.00,0,18,0,18,0,13.7,121,117,28.1,33.1,0,0.00,1014.9,1001.0
2022-08-23T03:00,18.8,0.00,59,10.5,17.2,0.00,0.00,0.00,0,4,0,4,0,11.6,125,112,24.6,27.7,0,0.00,1014.9,1001.0
2022-08-23T04:00,18.0,0.00,62,10.5,16.4,0.00,0.00,0.00,0,1,0,1,0,11.8,122,110,23.5,23.8,0,0.00,1015.1,1001.2
2022-08-23T05:00,17.4,0.00,64,10.6,15.9,0.00,0.00,0.00,0,8,6,3,0,11.8,125,113,23.3,23.4,0,0.00,1015.3,1001.3
2022-08-23T06:00,17.1,0.00,66,10.8,15.8,0.00,0.00,0.00,0,1,1,0,0,10.8,125,116,21.5,23.0,1,0.00,1015.6,1001.6
2022-08-23T07:00,18.3,0.00,65,11.7,17.2,0.00,0.00,0.00,0,17,17,0,0,10.6,125,114,21.0,21.6,1,3596.35,1016.1,1002.2
2022-08-23T08:00,20.6,0.00,60,12.5,20.4,0.00,0.00,0.00,0,4,0,4,0,7.0,128,125,13.3,20.5,1,3600.00,1016.5,1002.7
2022-08-23T09:00,22.9,0.00,53,12.8,22.8,0.00,0.00,0.00,0,0,0,0,0,6.1,137,135,7.9,16.9,1,3600.00,1016.8,1003.1
2022-08-23T10:00,24.8,0.00,48,13.2,25.0,0.00,0.00,0.00,0,0,0,0,0,5.1,144,141,6.7,16.9,1,3600.00,1017.0,1003.3
2022-08-23T11:00,26.6,0.00,43,13.2,27.7,0.00,0.00,0.00,0,0,0,0,0,4.9,159,163,6.2,16.6,1,3600.00,1016.8,1003.2
2022-08-23T12:00,28.0,0.00,38,12.4,29.2,0.00,0.00,0.00,0,1,0,1,0,4.5,187,194,5.8,16.2,1,3600.00,1016.3,1002.8
2022-08-23T13:00,29.2,0.00,31,10.5,30.1,0.00,0.00,0.00,1,35,0,1,0,2.8,127,130,3.6,15.8,1,3600.00,1016.2,1002.8
2022-08-23T14:00,29.9,0.00,30,10.6,31.0,0.00,0.00,0.00,1,48,47,2,0,1.1,104,108,1.5,12.2,1,3600.00,1015.9,1002.5
2022-08-23T15:00,30.4,0.00,29,10.3,30.6,0.00,0.00,0.00,1,32,0,32,0,1.8,259,270,1.8,10.1,1,3600.00,1015.5,1002.1
2022-08-23T16:00,30.0,0.00,30,10.5,29.6,0.00,0.00,0.00,2,60,0,60,0,3.6,260,264,4.0,10.8,1,3600.00,1015.2,1001.8
2022-08-23T17:00,29.5,0.00,42,15.2,30.9,0.00,0.00,0.00,2,58,0,58,0,1.9,241,248,3.7,10.8,1,3600.00,1015.1,1001.7
2022-08-23T18:00,28.0,0.00,58,19.1,30.8,0.00,0.00,0.00,0,4,0,4,0,4.5,240,241,5.0,9.0,1,3600.00,1015.3,1001.8
2022-08-23T19:00,28.5,0.00,32,10.2,28.0,0.00,0.00,0.00,0,3,0,3,0,3.7,253,259,4.9,6.8,1,3304.15,1015.6,1002.1
2022-08-23T20:00,27.2,0.00,35,10.2,27.0,0.00,0.00,0.00,0,6,0,6,0,1.6,315,63,3.1,5.8,0,0.00,1016.2,1002.7
2022-08-23T21:00,22.6,0.00,49,11.4,22.2,0.00,0.00,0.00,0,5,1,4,0,5.9,111,101,8.9,9.7,0,0.00,1016.8,1003.1
2022-08-23T22:00,22.6,0.00,46,10.5,21.3,0.00,0.00,0.00,0,7,3,4,0,10.1,115,107,24.3,20.5,0,0.00,1017.3,1003.5
2022-08-23T23:00,22.2,0.00,46,10.0,20.4,0.00,0.00,0.00,0,19,15,5,0,12.0,122,111,25.9,24.5,0,0.00,1017.3,1003.5
2022-08-24T00:00,21.2,0.00,50,10.5,19.7,0.00,0.00,0.00,0,1,1,0,0,11.6,133,116,25.0,24.1,0,0.00,1017.4,1003.6
2022-08-24T01:00,20.8,0.00,51,10.2,19.1,0.00,0.00,0.00,0,0,0,0,0,11.6,120,112,26.1,23.4,0,0.00,1017.5,1003.7
2022-08-24T02:00,19.9,0.00,54,10.3,18.3,0.00,0.00,0.00,1,21,16,6,0,11.5,121,110,25.7,24.1,0,0.00,1017.5,1003.6
2022-08-24T03:00,19.2,0.00,57,10.6,17.8,0.00,0.00,0.00,3,82,82,0,0,10.7,130,110,22.5,23.4,0,0.00,1017.6,1003.7
2022-08-24T04:00,18.6,0.00,59,10.4,17.1,0.00,0.00,0.00,3,100,100,0,0,11.3,119,107,22.7,22.0,0,0.00,1017.9,1004.0
2022-08-24T05:00,18.1,0.00,59,10.0,16.6,0.00,0.00,0.00,3,100,100,1,0,10.0,113,105,21.1,22.0,0,0.00,1017.8,1003.8
2022-08-24T06:00,17.7,0.00,62,10.4,16.2,0.00,0.00,0.00,3,100,100,0,0,11.0,112,109,20.5,20.9,1,0.00,1017.9,1003.9
2022-08-24T07:00,19.1,0.00,62,11.5,18.1,0.00,0.00,0.00,3,98,98,0,0,10.0,106,111,22.5,21.2,1,3513.91,1018.2,1004.3
2022-08-24T08:00,21.7,0.00,57,12.8,21.6,0.00,0.00,0.00,3,84,84,0,0,6.6,103,112,19.6,18.7,1,3600.00,1018.4,1004.6
2022-08-24T09:00,24.3,0.00,52,13.7,24.3,0.00,0.00,0.00,2,58,58,0,0,8.1,107,111,12.4,20.5,1,3600.00,1018.6,1004.9
2022-08-24T10:00,26.5,0.00,46,13.9,26.5,0.00,0.00,0.00,3,94,94,0,0,8.6,110,112,11.8,22.0,1,3600.00,1018.7,1005.1
2022-08-24T11:00,28.3,0.00,41,13.7,29.2,0.00,0.00,0.00,2,76,76,0,0,5.9,100,104,8.4,21.6,1,3600.00,1018.4,1004.9
2022-08-24T12:00,29.8,0.00,36,13.1,31.1,0.00,0.00,0.00,2,56,56,0,0,5.4,67,70,7.4,18.0,1,3600.00,1017.8,1004.4
2022-08-24T13:00,31.5,0.00,29,11.1,31.4,0.00,0.00,0.00,2,53,41,33,0,11.2,69,69,15.0,20.5,1,3600.00,1017.4,1004.0
2022-08-24T14:00,31.0,0.00,29,10.6,29.5,0.00,0.00,0.00,1,48,11,42,0,15.5,75,77,21.2,34.6,1,3600.00,1017.3,1003.9
2022-08-24T15:00,30.7,0.00,29,10.4,29.2,0.00,0.00,0.00,1,48,48,0,0,13.8,76,75,18.9,35.6,1,3600.00,1017.1,1003.7
2022-08-24T16:00,30.7,0.00,28,10.0,28.9,0.00,0.00,0.00,0,14,14,0,0,11.9,75,76,16.4,31.0,1,3600.00,1016.8,1003.4
2022-08-24T17:00,30.1,0.00,28,9.7,28.3,0.00,0.00,0.00,2,58,58,0,0,11.6,84,85,17.4,26.3,1,3600.00,1016.5,1003.1
2022-08-24T18:00,28.8,0.00,31,10.2,27.5,0.00,0.00,0.00,3,100,100,0,0,9.7,94,94,18.4,25.9,1,3600.00,1016.7,1003.2
2022-08-24T19:00,26.3,0.00,38,10.8,25.4,0.00,0.00,0.00,3,100,100,0,0,7.2,96,96,18.4,21.2,1,3189.14,1017.0,1003.4
2022-08-24T20:00,24.6,0.00,42,10.9,23.9,0.00,0.00,0.00,3,100,100,0,0,6.2,93,83,15.9,15.1,0,0.00,1017.2,1003.5
2022-08-24T21:00,23.9,0.00,44,11.1,23.0,0.00,0.00,0.00,3,100,100,0,0,8.6,99,90,20.4,16.6,0,0.00,1017.4,1003.7
2022-08-24T22:00,24.0,0.00,47,12.1,22.9,0.00,0.00,0.00,3,100,100,0,0,11.5,113,104,25.5,23.8,0,0.00,1017.6,1003.9
2022-08-24T23:00,23.1,0.00,55,13.5,22.6,0.00,0.00,0.00,3,100,100,0,0,11.0,108,101,23.9,23.8,0,0.00,1017.8,1004.1
2022-08-25T00:00,22.7,0.00,59,14.1,22.3,0.00,0.00,0.00,3,95,95,0,0,11.7,104,99,24.9,23.4,0,0.00,1017.7,1003.9
2022-08-25T01:00,21.6,0.00,62,14.1,21.2,0.00,0.00,0.00,3,90,98,0,0,12.1,108,100,24.6,23.4,0,0.00,1017.4,1003.6
2022-08-25T02:00,21.2,0.00,65,14.4,20.8,0.00,0.00,0.00,3,90,90,0,0,12.5,102,102,26.5,25.9,0,0.00,1017.3,1003.5
2022-08-25T03:00,20.7,0.00,68,14.6,20.7,0.00,0.00,0.00,0,1,1,0,0,10.0,102,103,23.2,25.2,0,0.00,1017.4,1003.6
2022-08-25T04:00,19.9,0.00,73,14.8,20.3,0.00,0.00,0.00,0,1,1,0,0,8.1,100,103,20.1,20.9,0,0.00,1017.5,1003.6
2022-08-25T05:00,19.0,0.00,78,15.0,19.8,0.00,0.00,0.00,0,0,0,0,0,6.2,98,97,17.5,16.6,0,0.00,1017.1,1003.2
2022-08-25T06:00,18.4,0.00,82,15.3,19.5,0.00,0.00,0.00,0,0,0,0,0,4.7,94,81,14.1,13.3,1,0.00,1017.2,1003.3
2022-08-25T07:00,20.5,0.00,74,15.8,21.5,0.00,0.00,0.00,0,0,0,0,0,6.6,91,77,15.5,13.3,1,3431.37,1017.3,1003.4
2022-08-25T08:00,22.6,0.00,67,16.1,23.6,0.00,0.00,0.00,0,0,0,0,0,7.2,92,93,10.8,17.6,1,3600.00,1017.2,1003.4
2022-08-25T09:00,24.6,0.00,60,16.3,25.4,0.00,0.00,0.00,0,0,0,0,0,9.1,98,99,12.7,22.7,1,3600.00,1016.9,1003.2
2022-08-25T10:00,26.3,0.00,53,15.9,26.9,0.00,0.00,0.00,0,0,0,0,0,9.2,108,111,12.5,23.8,1,3600.00,1016.6,1003.0
2022-08-25T11:00,27.7,0.00,47,15.4,28.7,0.00,0.00,0.00,0,6,2,0,4,9.3,116,118,12.4,24.5,1,3600.00,1016.1,1002.6
2022-08-25T12:00,28.9,0.00,43,15.0,30.2,0.00,0.00,0.00,1,41,27,18,10,9.7,117,117,12.9,25.2,1,3600.00,1015.3,1001.9
2022-08-25T13:00,30.2,0.00,39,14.7,31.3,0.00,0.00,0.00,0,12,0,36,5,9.5,112,115,12.4,25.2,1,3600.00,1014.5,1001.1
2022-08-25T14:00,30.1,0.00,38,14.2,30.0,0.00,0.00,0.00,2,76,0,76,1,10.0,119,120,13.5,23.8,1,3600.00,1014.0,1000.6
2022-08-25T15:00,30.2,0.00,37,14.0,29.7,0.00,0.00,0.00,2,74,0,74,0,12.2,117,118,16.6,27.7,1,3600.00,1013.5,1000.1
2022-08-25T16:00,30.5,0.00,36,13.9,30.2,0.00,0.00,0.00,1,30,0,29,2,10.3,115,115,13.9,28.4,1,3600.00,1013.0,999.7
2022-08-25T17:00,30.2,0.00,36,13.5,30.1,0.00,0.00,0.00,1,26,0,26,0,7.8,104,103,11.5,23.4,1,3600.00,1012.5,999.1
2022-08-25T18:00,29.3,0.00,40,14.2,29.8,0.00,0.00,0.00,3,100,0,100,0,5.4,97,94,11.3,17.3,1,1629.38,1012.6,999.2
2022-08-25T19:00,27.6,0.00,45,14.7,28.3,0.00,0.00,0.00,2,57,0,57,0,5.2,105,102,13.8,12.2,1,241.36,1012.6,999.1
2022-08-25T20:00,26.1,0.00,46,13.6,26.1,0.00,0.00,0.00,2,79,0,79,0,7.9,94,87,18.4,15.5,0,0.00,1013.0,999.5
2022-08-25T21:00,25.1,0.00,48,13.4,25.0,0.00,0.00,0.00,0,2,0,1,1,7.8,86,77,18.4,15.5,0,0.00,1012.8,999.2
2022-08-25T22:00,23.6,0.00,53,13.4,23.7,0.00,0.00,0.00,0,2,0,2,0,6.7,84,74,15.9,14.8,0,0.00,1012.9,999.3
2022-08-25T23:00,23.1,0.00,55,13.4,22.8,0.00,0.00,0.00,0,6,0,6,0,9.0,83,85,21.0,16.6,0,0.00,1013.0,999.3
2022-08-26T00:00,23.1,0.00,56,13.7,22.7,0.00,0.00,0.00,1,21,9,13,0,10.9,104,99,24.1,22.0,0,0.00,1013.2,999.5
2022-08-26T01:00,22.1,0.00,67,15.7,23.1,0.00,0.00,0.00,1,25,0,0,0,5.9,117,104,15.3,22.3,0,0.00,1012.9,999.2
2022-08-26T02:00,20.4,0.00,75,15.7,21.5,0.00,0.00,0.00,0,11,0,11,0,5.7,130,108,11.2,11.9,0,0.00,1012.8,999.0
2022-08-26T03:00,19.7,0.00,78,15.8,21.0,0.00,0.00,0.00,0,11,0,11,0,4.7,90,67,7.9,10.1,0,0.00,1012.8,999.0
2022-08-26T04:00,19.6,0.00,78,15.7,20.6,0.00,0.00,0.00,0,18,0,16,2,6.9,96,96,10.9,12.6,0,0.00,1012.6,998.8
2022-08-26T05:00,19.0,0.00,81,15.6,20.1,0.00,0.00,0.00,0,4,0,4,0,5.4,97,98,12.0,14.8,0,0.00,1012.6,998.7
2022-08-26T06:00,19.9,0.00,77,15.6,21.4,0.00,0.00,0.00,0,5,0,5,2,2.6,148,164,3.4,9.7,1,0.00,1013.0,999.2
2022-08-26T07:00,21.0,0.00,73,16.0,22.7,0.00,0.00,0.00,0,18,0,17,1,2.8,308,320,4.1,6.8,1,3348.76,1013.2,999.4
2022-08-26T08:00,22.8,0.00,68,16.7,24.9,0.00,0.00,0.00,1,33,0,32,7,1.8,320,307,2.8,10.4,1,3600.00,1013.5,999.8
2022-08-26T09:00,24.7,0.00,62,16.9,26.9,0.00,0.00,0.00,1,28,0,27,4,1.6,307,297,1.8,10.1,1,3600.00,1013.6,1000.0
2022-08-26T10:00,26.6,0.00,56,17.0,28.6,0.00,0.00,0.00,0,12,3,10,0,3.1,319,306,3.8,13.0,1,3600.00,1013.2,999.7
2022-08-26T11:00,28.7,0.00,48,16.8,31.0,0.00,0.00,0.00,0,13,2,11,4,2.8,323,310,3.6,18.7,1,3600.00,1012.8,999.4
2022-08-26T12:00,29.4,0.00,46,16.5,31.9,0.00,0.00,0.00,2,52,12,46,3,2.6,103,124,3.3,16.9,1,3600.00,1012.4,999.0
2022-08-26T13:00,27.8,3.60,55,17.9,29.7,3.60,0.00,0.00,63,93,23,45,0,8.4,11,10,11.4,30.6,1,3600.00,1012.1,998.7
2022-08-26T14:00,28.6,0.00,48,16.4,29.6,0.00,0.00,0.00,2,57,54,6,2,8.8,18,19,11.4,22.7,1,3600.00,1011.8,998.4
2022-08-26T15:00,27.5,0.10,54,17.2,28.5,0.10,0.00,0.00,51,44,31,14,5,10.3,300,295,13.7,25.6,1,3600.00,1011.8,998.3
2022-08-26T16:00,25.8,1.40,63,18.3,26.4,1.40,0.00,0.00,61,80,64,24,30,16.4,326,327,23.4,33.5,1,3600.00,1012.1,998.6
2022-08-26T17:00,24.6,0.00,64,17.4,25.1,0.00,0.00,0.00,2,59,51,16,0,14.8,338,337,21.8,39.6,1,3600.00,1012.1,998.5
2022-08-26T18:00,24.3,0.00,66,17.5,24.9,0.00,0.00,0.00,3,99,99,4,0,13.7,348,346,21.0,31.3,1,3600.00,1012.7,999.1
2022-08-26T19:00,23.5,0.00,70,17.8,24.9,0.00,0.00,0.00,3,97,96,13,0,9.8,345,343,18.3,29.5,1,612.25,1013.0,999.3
2022-08-26T20:00,22.6,0.00,75,18.0,24.3,0.00,0.00,0.00,3,92,90,16,15,8.0,332,324,16.3,20.9,0,0.00,1013.4,999.7
2022-08-26T21:00,22.1,0.00,76,17.6,23.0,0.00,0.00,0.00,3,100,100,1,0,12.5,331,327,23.4,24.8,0,0.00,1013.1,999.4
2022-08-26T22:00,20.9,0.00,80,17.3,21.1,0.00,0.00,0.00,3,96,96,1,6,15.8,340,336,25.7,34.9,0,0.00,1013.9,1000.1
2022-08-26T23:00,19.9,0.00,86,17.6,21.5,0.00,0.00,0.00,3,100,100,7,7,7.9,325,309,14.5,31.3,0,0.00,1014.3,1000.5
2022-08-27T00:00,19.4,0.00,90,17.8,21.0,0.00,0.00,0.00,3,100,100,6,7,8.8,330,325,17.4,18.0,0,0.00,1014.3,1000.4
2022-08-27T01:00,19.8,0.00,92,18.4,21.8,0.00,0.00,0.00,3,100,72,82,4,7.9,324,317,16.5,18.0,0,0.00,1014.1,1000.3
2022-08-27T02:00,19.4,0.00,93,18.3,21.0,0.00,0.00,0.00,3,100,97,99,6,10.1,344,343,20.2,20.2,0,0.00,1013.8,999.9
2022-08-27T03:00,18.9,0.00,95,18.1,21.3,0.00,0.00,0.00,3,100,100,7,6,3.9,355,326,11.6,20.9,0,0.00,1013.4,999.5
2022-08-27T04:00,18.2,1.00,97,17.7,20.0,1.00,0.00,0.00,55,100,47,43,100,6.6,314,292,13.5,13.0,0,0.00,1014.0,1000.1
2022-08-27T05:00,18.6,1.20,96,17.9,20.4,1.20,0.00,0.00,55,100,100,88,100,7.3,314,303,12.0,14.4,0,0.00,1014.0,1000.1
2022-08-27T06:00,18.0,2.30,99,17.9,19.6,2.30,0.00,0.00,61,100,99,89,100,8.3,1,360,14.0,17.3,1,0.00,1014.1,1000.2
2022-08-27T07:00,18.2,0.50,97,17.8,19.9,0.50,0.00,0.00,53,100,100,98,93,7.6,19,19,12.2,19.4,1,0.00,1014.2,1000.3
2022-08-27T08:00,19.4,0.50,92,18.1,21.1,0.50,0.00,0.00,53,100,100,75,100,8.4,12,10,12.1,17.6,1,0.00,1014.4,1000.5
2022-08-27T09:00,19.8,0.20,89,18.0,21.3,0.20,0.00,0.00,51,100,100,100,29,9.8,12,8,14.0,21.2,1,0.00,1014.6,1000.8
2022-08-27T10:00,20.5,0.20,84,17.7,22.0,0.20,0.00,0.00,51,100,100,100,56,9.1,13,9,12.6,23.0,1,641.20,1014.9,1001.1
2022-08-27T11:00,21.1,0.30,81,17.8,22.9,0.30,0.00,0.00,51,100,98,100,100,6.9,13,6,9.3,21.2,1,0.00,1015.0,1001.2
2022-08-27T12:00,22.1,0.20,78,18.1,24.3,0.20,0.00,0.00,51,100,100,44,100,4.8,357,347,6.1,17.3,1,0.00,1014.6,1000.9
2022-08-27T13:00,21.1,0.20,81,17.8,22.9,0.20,0.00,0.00,51,100,100,99,24,6.9,354,354,10.1,14.4,1,0.00,1015.1,1001.3
2022-08-27T14:00,21.5,0.10,79,17.7,23.6,0.10,0.00,0.00,51,98,98,10,16,4.6,47,51,6.4,15.5,1,1295.34,1014.6,1000.8
2022-08-27T15:00,22.7,0.40,73,17.6,24.6,0.40,0.00,0.00,51,100,100,18,18,6.2,18,21,8.0,15.5,1,2214.01,1014.4,1000.7
2022-08-27T16:00,23.4,0.00,67,17.0,24.7,0.00,0.00,0.00,3,98,97,13,9,8.3,2,360,11.2,20.5,1,3600.00,1014.2,1000.5
2022-08-27T17:00,23.4,0.00,64,16.2,24.4,0.00,0.00,0.00,2,72,62,24,6,8.0,356,355,11.2,20.2,1,3600.00,1014.1,1000.4
2022-08-27T18:00,23.1,0.00,66,16.3,24.3,0.00,0.00,0.00,1,29,25,3,4,6.6,351,347,11.7,18.0,1,3600.00,1014.1,1000.4
2022-08-27T19:00,21.1,0.00,75,16.4,22.6,0.00,0.00,0.00,1,38,37,2,1,4.9,349,343,12.8,14.8,1,2840.45,1014.3,1000.5
2022-08-27T20:00,19.9,0.00,78,16.0,21.0,0.00,0.00,0.00,1,35,14,7,20,6.0,344,343,14.6,12.2,0,0.00,1015.2,1001.3
2022-08-27T21:00,18.8,0.00,84,16.0,20.1,0.00,0.00,0.00,1,34,3,17,20,4.7,20,23,11.8,12.2,0,0.00,1015.6,1001.7
2022-08-27T22:00,18.7,0.00,84,15.9,20.1,0.00,0.00,0.00,1,45,4,39,11,4.6,62,51,13.0,9.7,0,0.00,1015.7,1001.8
2022-08-27T23:00,18.4,0.00,85,15.8,19.6,0.00,0.00,0.00,2,61,20,37,26,5.4,67,53,13.7,10.8,0,0.00,1016.0,1002.1
2022-08-28T00:00,17.7,0.00,89,15.8,18.9,0.00,0.00,0.00,2,60,21,33,25,4.8,58,42,12.3,10.8,0,0.00,1015.9,1001.9
2022-08-28T01:00,18.6,0.00,89,16.8,20.1,0.00,0.00,0.00,1,43,99,36,24,5.7,61,55,11.9,9.7,0,0.00,1016.1,1002.2
2022-08-28T02:00,18.2,0.40,88,16.2,19.7,0.40,0.00,0.00,51,100,48,100,39,4.5,17,331,7.5,10.8,0,0.00,1016.2,1002.3
2022-08-28T03:00,17.9,0.70,91,16.4,19.3,0.70,0.00,0.00,53,88,45,77,34,5.4,26,360,10.0,9.7,0,0.00,1016.0,1002.0
2022-08-28T04:00,17.2,0.00,90,15.6,18.2,0.00,0.00,0.00,2,54,4,39,24,5.8,19,4,14.1,13.0,0,0.00,1016.1,1002.1
2022-08-28T05:00,16.6,0.00,91,15.2,17.4,0.00,0.00,0.00,2,59,12,30,35,5.9,30,14,14.5,12.6,0,0.00,1016.2,1002.2
2022-08-28T06:00,16.4,0.00,91,14.8,17.1,0.00,0.00,0.00,2,71,46,24,28,6.0,35,25,14.5,13.3,1,0.00,1016.5,1002.5
2022-08-28T07:00,17.2,0.00,88,15.2,18.1,0.00,0.00,0.00,2,54,14,10,41,5.7,44,18,13.0,12.6,1,2744.75,1017.1,1003.1
2022-08-28T08:00,18.5,0.00,83,15.6,19.6,0.00,0.00,0.00,1,23,3,3,18,5.5,23,11,8.2,14.0,1,3600.00,1017.3,1003.4
2022-08-28T09:00,20.5,0.00,76,16.1,21.8,0.00,0.00,0.00,0,18,16,0,3,5.1,18,8,6.8,15.5,1,3600.00,1017.6,1003.7
2022-08-28T10:00,22.3,0.00,65,15.4,23.1,0.00,0.00,0.00,1,47,6,0,44,7.4,19,14,9.9,19.1,1,3600.00,1017.5,1003.7
2022-08-28T11:00,23.4,0.10,60,15.2,24.1,0.10,0.00,0.00,51,36,4,13,28,8.2,17,15,10.9,21.6,1,3600.00,1017.6,1003.9
2022-08-28T12:00,24.0,0.20,57,14.9,24.8,0.20,0.00,0.00,51,80,73,10,24,8.7,9,7,11.3,22.3,1,3600.00,1017.3,1003.6
2022-08-28T13:00,22.9,0.20,61,15.1,24.0,0.20,0.00,0.00,51,96,0,9,20,9.2,12,11,11.8,23.8,1,3600.00,1018.1,1004.3
2022-08-28T14:00,24.1,0.00,56,14.8,25.0,0.00,0.00,0.00,1,37,2,12,30,8.1,14,13,10.7,24.1,1,3600.00,1017.8,1004.1
2022-08-28T15:00,24.7,0.00,53,14.4,25.0,0.00,0.00,0.00,1,25,2,9,20,8.3,4,360,11.2,21.6,1,3600.00,1017.3,1003.6
2022-08-28T16:00,24.8,0.00,52,14.3,24.8,0.00,0.00,0.00,1,28,7,7,18,9.7,5,2,13.4,23.0,1,3600.00,1017.0,1003.4
2022-08-28T17:00,24.5,0.00,50,13.6,24.1,0.00,0.00,0.00,0,16,0,4,14,10.5,7,6,14.9,23.8,1,3600.00,1016.8,1003.1
2022-08-28T18:00,23.9,0.00,53,13.6,24.2,0.00,0.00,0.00,0,16,0,3,15,5.4,9,8,11.3,22.7,1,3600.00,1016.7,1003.0
2022-08-28T19:00,21.2,0.00,65,14.5,21.8,0.00,0.00,0.00,0,8,0,4,8,5.9,44,47,10.4,11.9,1,2723.34,1017.0,1003.2
2022-08-28T20:00,20.5,0.00,60,12.5,20.0,0.00,0.00,0.00,0,2,0,2,0,9.0,62,61,20.0,16.9,0,0.00,1017.8,1003.9
2022-08-28T21:00,19.6,0.00,59,11.3,18.6,0.00,0.00,0.00,0,2,0,2,0,9.5,57,61,21.9,18.7,0,0.00,1018.3,1004.4
2022-08-28T22:00,18.7,0.00,58,10.3,17.5,0.00,0.00,0.00,0,2,0,2,2,8.9,51,47,21.3,18.4,0,0.00,1018.6,1004.6
2022-08-28T23:00,18.0,0.00,59,9.8,16.6,0.00,0.00,0.00,0,1,0,0,1,9.2,49,42,21.9,18.4,0,0.00,1018.8,1004.8
2022-08-29T00:00,17.4,0.00,61,9.8,16.2,0.00,0.00,0.00,0,3,0,0,3,7.9,51,43,20.5,18.0,0,0.00,1019.0,1005.0
2022-08-29T01:00,17.4,0.00,60,9.6,16.1,0.00,0.00,0.00,0,5,0,0,0,8.1,52,45,21.0,16.2,0,0.00,1018.8,1004.8
2022-08-29T02:00,15.7,0.00,69,10.0,14.8,0.00,0.00,0.00,0,1,0,0,0,6.4,59,47,16.8,16.2,0,0.00,1018.9,1004.8
2022-08-29T03:00,15.8,0.00,68,10.0,14.8,0.00,0.00,0.00,0,4,0,2,2,6.7,65,36,11.9,13.0,0,0.00,1019.2,1005.1
2022-08-29T04:00,16.6,0.00,62,9.4,15.8,0.00,0.00,0.00,0,13,0,12,4,4.7,69,23,8.9,10.8,0,0.00,1019.4,1005.3
2022-08-29T05:00,14.6,0.00,74,10.0,13.9,0.00,0.00,0.00,0,0,0,0,0,4.7,49,356,6.6,8.3,0,0.00,1019.3,1005.1
2022-08-29T06:00,13.7,0.00,81,10.5,13.1,0.00,0.00,0.00,0,0,0,0,0,5.4,28,4,8.5,9.0,1,0.00,1019.4,1005.2
2022-08-29T07:00,16.1,0.00,70,10.7,16.0,0.00,0.00,0.00,0,0,0,0,0,2.5,54,360,6.7,8.3,1,3100.81,1020.0,1005.9
2022-08-29T08:00,18.1,0.00,63,11.0,18.2,0.00,0.00,0.00,0,7,7,0,0,1.0,121,135,2.1,7.9,1,3600.00,1020.5,1006.5
2022-08-29T09:00,20.1,0.00,60,12.0,20.5,0.00,0.00,0.00,3,95,95,0,0,1.5,338,315,1.9,10.1,1,3600.00,1020.6,1006.7
2022-08-29T10:00,22.0,0.00,56,12.9,22.3,0.00,0.00,0.00,3,100,100,0,0,4.0,347,333,4.8,14.4,1,3600.00,1020.2,1006.4
2022-08-29T11:00,23.7,0.00,52,13.3,24.3,0.00,0.00,0.00,3,100,100,0,0,4.6,353,342,5.8,15.8,1,3600.00,1019.9,1006.2
2022-08-29T12:00,25.0,0.00,46,12.7,25.5,0.00,0.00,0.00,3,100,100,0,0,5.9,357,349,7.2,17.3,1,3600.00,1019.6,1005.9
2022-08-29T13:00,26.8,0.00,40,12.2,27.7,0.00,0.00,0.00,2,56,62,63,0,3.2,350,333,4.0,18.7,1,3600.00,1019.0,1005.4
2022-08-29T14:00,27.3,0.00,39,12.1,27.8,0.00,0.00,0.00,2,74,34,61,0,2.3,352,342,2.5,13.0,1,3600.00,1018.4,1004.8
2022-08-29T15:00,27.7,0.00,37,11.6,27.9,0.00,0.00,0.00,2,65,27,52,0,2.1,342,329,2.3,10.8,1,3600.00,1017.9,1004.4
2022-08-29T16:00,27.7,0.00,37,11.5,27.5,0.00,0.00,0.00,2,69,15,64,0,4.3,337,336,5.5,11.9,1,3600.00,1017.4,1003.9
2022-08-29T17:00,27.1,0.00,38,11.5,26.4,0.00,0.00,0.00,2,67,17,60,0,7.5,349,343,11.4,17.6,1,3600.00,1017.1,1003.6
2022-08-29T18:00,25.4,0.00,41,11.1,23.8,0.00,0.00,0.00,0,9,0,9,0,13.0,5,360,22.8,26.6,1,3600.00,1017.3,1003.7
2022-08-29T19:00,23.3,0.00,42,9.6,21.2,0.00,0.00,0.00,0,5,0,5,0,13.7,23,18,26.1,31.0,1,2605.95,1017.7,1004.0
2022-08-29T20:00,21.2,0.00,47,9.6,19.9,0.00,0.00,0.00,0,9,7,1,0,7.9,32,30,20.4,27.7,0,0.00,1018.4,1004.6
2022-08-29T21:00,20.3,0.00,49,9.1,18.5,0.00,0.00,0.00,1,26,17,11,0,10.4,46,46,23.9,20.5,0,0.00,1018.7,1004.8
2022-08-29T22:00,20.1,0.00,48,8.8,18.0,0.00,0.00,0.00,0,19,0,19,0,12.3,52,50,26.6,24.1,0,0.00,1018.9,1005.0
2022-08-29T23:00,19.7,0.00,49,8.8,17.8,0.00,0.00,0.00,1,23,19,5,0,10.7,58,57,25.1,24.1,0,0.00,1018.9,1005.0
2022-08-30T00:00,18.3,0.00,57,9.7,17.4,0.00,0.00,0.00,1,43,20,28,4,5.8,78,86,17.3,21.2,0,0.00,1019.0,1005.0
2022-08-30T01:00,19.1,0.00,52,9.1,17.7,0.00,0.00,0.00,1,41,7,2,2,7.8,70,68,21.1,12.2,0,0.00,1018.7,1004.8
2022-08-30T02:00,17.0,0.00,63,9.9,16.1,0.00,0.00,0.00,3,100,100,36,8,5.9,103,128,14.4,15.8,0,0.00,1019.0,1005.0
2022-08-30T03:00,16.4,0.00,68,10.4,15.6,0.00,0.00,0.00,2,70,30,57,0,6.1,88,87,13.3,11.9,0,0.00,1018.9,1004.8
2022-08-30T04:00,16.5,0.00,69,10.9,16.0,0.00,0.00,0.00,1,45,22,29,0,5.2,84,74,10.9,11.2,0,0.00,1018.8,1004.7
2022-08-30T05:00,15.5,0.00,73,10.6,14.9,0.00,0.00,0.00,0,4,4,0,0,5.5,88,79,10.8,10.4,0,0.00,1018.5,1004.4
2022-08-30T06:00,15.3,0.00,75,10.9,14.8,0.00,0.00,0.00,1,30,26,0,5,5.2,106,106,13.5,11.2,1,0.00,1018.9,1004.8
2022-08-30T07:00,17.6,0.00,67,11.5,17.3,0.00,0.00,0.00,3,100,100,0,1,5.1,90,51,11.9,10.4,1,3018.21,1019.3,1005.3
2022-08-30T08:00,19.4,0.00,63,12.1,19.6,0.00,0.00,0.00,3,100,100,0,0,3.2,71,27,7.6,11.2,1,3600.00,1019.3,1005.4
2022-08-30T09:00,21.6,0.00,58,12.9,22.0,0.00,0.00,0.00,3,100,100,0,0,3.6,53,37,5.4,12.2,1,3600.00,1019.3,1005.5
2022-08-30T10:00,24.0,0.00,52,13.6,24.6,0.00,0.00,0.00,3,84,84,0,0,3.6,51,37,5.1,13.7,1,3600.00,1019.2,1005.5
2022-08-30T11:00,26.1,0.00,44,13.1,27.0,0.00,0.00,0.00,1,43,43,0,0,3.9,75,68,5.6,14.0,1,3600.00,1018.9,1005.3
2022-08-30T12:00,27.5,0.00,38,12.0,28.1,0.00,0.00,0.00,3,98,98,0,0,5.8,85,83,8.0,17.3,1,3600.00,1018.1,1004.6
2022-08-30T13:00,28.3,0.00,37,12.3,29.2,0.00,0.00,0.00,2,71,56,10,1,4.7,137,148,5.9,18.7,1,3600.00,1017.6,1004.1
2022-08-30T14:00,28.6,0.00,37,12.3,28.6,0.00,0.00,0.00,3,100,100,17,1,7.7,150,152,10.0,20.2,1,3600.00,1017.3,1003.8
2022-08-30T15:00,28.5,0.00,38,12.6,28.5,0.00,0.00,0.00,2,73,66,21,1,5.6,135,140,7.1,20.5,1,3600.00,1016.8,1003.3
2022-08-30T16:00,28.4,0.00,36,12.0,28.7,0.00,0.00,0.00,2,59,48,22,0,2.4,103,117,3.3,15.5,1,3600.00,1016.3,1002.8
2022-08-30T17:00,28.3,0.00,39,12.9,28.8,0.00,0.00,0.00,3,100,99,36,0,2.3,117,129,3.2,8.6,1,3600.00,1015.9,1002.4
2022-08-30T18:00,27.4,0.00,59,18.6,30.4,0.00,0.00,0.00,3,100,100,53,0,1.1,124,162,2.6,6.1,1,3600.00,1016.0,1002.5
2022-08-30T19:00,25.5,0.00,45,12.9,25.7,0.00,0.00,0.00,3,100,100,91,0,5.0,118,111,6.9,6.8,1,816.63,1016.5,1002.9
2022-08-30T20:00,24.4,0.00,44,11.5,23.6,0.00,0.00,0.00,3,100,100,82,0,8.7,90,85,18.4,15.8,0,0.00,1016.9,1003.2
2022-08-30T21:00,23.9,0.00,44,10.8,22.2,0.00,0.00,0.00,3,100,100,96,0,13.3,87,90,26.7,27.4,0,0.00,1017.2,1003.5
2022-08-30T22:00,23.3,0.00,46,11.1,21.8,0.00,0.00,0.00,3,100,100,100,0,12.7,95,97,25.7,27.4,0,0.00,1017.2,1003.5
2022-08-30T23:00,23.0,0.00,48,11.2,21.5,0.00,0.00,0.00,3,100,100,100,0,12.3,92,93,25.2,25.9,0,0.00,1017.3,1003.6
2022-08-31T00:00,22.8,0.00,47,11.0,21.0,0.00,0.00,0.00,3,100,100,93,0,14.0,90,91,26.6,28.8,0,0.00,1017.3,1003.6
2022-08-31T01:00,20.3,0.00,61,12.5,19.9,0.00,0.00,0.00,3,100,100,97,0,8.4,85,70,20.2,28.8,0,0.00,1018.5,1004.6
2022-08-31T02:00,20.3,0.60,64,13.3,20.3,0.60,0.00,0.00,53,100,100,100,0,6.6,118,112,16.8,17.6,0,0.00,1018.3,1004.4
2022-08-31T03:00,19.1,0.40,79,15.4,20.5,0.40,0.00,0.00,51,100,100,76,0,2.6,144,124,6.7,13.7,0,0.00,1018.4,1004.5
2022-08-31T04:00,19.3,0.00,75,14.8,20.6,0.00,0.00,0.00,3,100,100,100,0,1.8,90,11,1.4,6.8,0,0.00,1018.7,1004.8
2022-08-31T05:00,18.6,0.00,79,15.0,19.4,0.00,0.00,0.00,3,100,100,74,0,6.1,5,360,11.6,11.9,0,0.00,1018.8,1004.8
2022-08-31T06:00,17.6,0.00,83,14.6,18.5,0.00,0.00,0.00,3,100,100,94,0,4.1,8,15,9.8,11.9,1,0.00,1019.2,1005.2
2022-08-31T07:00,18.0,0.20,79,14.3,18.2,0.20,0.00,0.00,51,100,100,100,0,8.1,59,58,15.2,14.8,1,0.00,1019.4,1005.4
2022-08-31T08:00,18.5,0.10,78,14.5,18.9,0.10,0.00,0.00,51,100,100,76,0,7.3,72,70,14.8,16.2,1,0.00,1019.4,1005.4
2022-08-31T09:00,18.9,0.00,77,14.7,19.4,0.00,0.00,0.00,3,100,100,21,2,7.1,73,66,12.4,14.4,1,0.00,1019.9,1005.9
2022-08-31T10:00,20.8,0.00,66,14.2,21.2,0.00,0.00,0.00,3,100,100,49,1,6.5,85,87,9.0,18.4,1,806.19,1020.1,1006.2
2022-08-31T11:00,22.4,0.00,58,13.7,23.1,0.00,0.00,0.00,3,100,100,22,5,3.7,94,101,5.4,16.6,1,3600.00,1020.4,1006.6
2022-08-31T12:00,23.7,0.00,52,13.2,24.3,0.00,0.00,0.00,0,14,1,12,1,2.9,90,97,4.0,16.6,1,3600.00,1020.1,1006.4
2022-08-31T13:00,21.1,0.00,76,16.7,23.5,0.00,0.00,0.00,0,19,5,57,3,5.5,332,328,6.9,17.3,1,3600.00,1020.5,1006.6
2022-08-31T14:00,22.7,0.00,68,16.5,24.4,0.00,0.00,0.00,1,38,4,34,1,5.2,357,348,6.8,20.9,1,3600.00,1020.0,1006.2
2022-08-31T15:00,23.3,0.10,62,15.6,23.9,0.10,0.00,0.00,51,100,4,5,100,8.9,27,21,11.8,24.1,1,3600.00,1019.4,1005.6
2022-08-31T16:00,23.5,0.00,52,13.1,23.0,0.00,0.00,0.00,1,32,2,13,23,10.2,44,42,14.0,24.1,1,3600.00,1019.1,1005.4
2022-08-31T17:00,23.3,0.00,48,11.6,22.4,0.00,0.00,0.00,0,10,0,8,1,9.4,43,40,13.8,23.8,1,3600.00,1018.7,1005.0
2022-08-31T18:00,22.5,0.00,53,12.3,22.4,0.00,0.00,0.00,1,22,12,10,2,6.0,31,25,12.6,20.5,1,3600.00,1018.4,1004.6
2022-08-31T19:00,20.4,0.00,58,11.8,20.0,0.00,0.00,0.00,0,19,1,18,2,6.1,8,360,15.3,13.3,1,2370.30,1018.5,1004.6
2022-08-31T20:00,19.6,0.00,59,11.3,18.7,0.00,0.00,0.00,0,19,1,13,17,8.4,49,40,20.2,17.3,0,0.00,1019.0,1005.1
2022-08-31T21:00,19.5,0.00,58,10.9,17.9,0.00,0.00,0.00,2,67,57,8,22,13.0,93,90,26.0,26.6,0,0.00,1019.4,1005.5
2022-08-31T22:00,18.5,0.00,62,11.1,16.7,0.00,0.00,0.00,2,64,61,2,5,14.4,86,87,27.4,29.5,0,0.00,1019.5,1005.5
2022-08-31T23:00,17.6,0.00,69,11.8,15.8,0.00,0.00,0.00,2,68,63,1,13,15.5,87,87,28.8,32.0,0,0.00,1019.8,1005.8
2022-09-01T00:00,16.9,0.00,75,12.5,15.5,0.00,0.00,0.00,0,2,0,1,1,15.1,89,90,28.1,32.0,0,0.00,1019.7,1005.6
2022-09-01T01:00,17.4,0.00,84,14.6,17.2,0.00,0.00,0.00,0,3,0,49,5,11.2,90,84,23.0,30.6,0,0.00,1019.4,1005.4
2022-09-01T02:00,16.6,0.00,86,14.3,16.6,0.00,0.00,0.00,0,1,0,1,0,9.7,93,86,21.3,23.0,0,0.00,1019.4,1005.3
2022-09-01T03:00,15.9,0.00,89,14.2,16.3,0.00,0.00,0.00,0,1,0,1,0,6.6,91,81,17.6,20.5,0,0.00,1019.2,1005.1
2022-09-01T04:00,15.4,0.00,91,13.9,15.8,0.00,0.00,0.00,0,1,0,0,0,5.6,86,75,16.6,14.4,0,0.00,1019.2,1005.1
2022-09-01T05:00,15.2,0.00,91,13.7,15.5,0.00,0.00,0.00,0,15,0,12,13,6.2,95,83,17.7,14.0,0,0.00,1019.2,1005.1
2022-09-01T06:00,15.5,0.00,88,13.6,15.4,0.00,0.00,0.00,0,17,0,15,13,8.4,93,80,19.8,17.6,1,0.00,1019.2,1005.1
2022-09-01T07:00,16.7,0.00,82,13.7,16.7,0.00,0.00,0.00,0,17,0,17,7,8.1,92,77,21.3,20.2,1,2852.95,1019.1,1005.0
2022-09-01T08:00,18.3,0.00,74,13.7,18.0,0.00,0.00,0.00,1,24,0,24,7,10.4,93,90,15.5,23.0,1,3600.00,1019.5,1005.5
2022-09-01T09:00,19.8,0.00,68,13.7,19.5,0.00,0.00,0.00,0,10,0,10,4,10.1,89,88,14.0,24.8,1,3600.00,1019.6,1005.7
2022-09-01T10:00,21.2,0.00,60,13.0,20.3,0.00,0.00,0.00,1,23,0,9,16,12.6,91,92,17.3,28.4,1,3600.00,1019.3,1005.5
2022-09-01T11:00,22.4,0.00,54,12.5,21.4,0.00,0.00,0.00,1,31,0,10,27,13.3,94,93,18.4,31.3,1,3600.00,1019.0,1005.2
2022-09-01T12:00,23.4,0.00,49,12.1,22.6,0.00,0.00,0.00,1,34,0,21,25,13.3,92,92,18.0,31.0,1,3600.00,1018.5,1004.8
2022-09-01T13:00,23.2,0.10,50,12.3,22.6,0.10,0.00,0.00,51,29,0,14,38,11.9,104,104,16.0,31.0,1,3600.00,1018.8,1005.1
2022-09-01T14:00,23.7,0.10,48,12.0,23.3,0.10,0.00,0.00,51,25,0,22,12,10.9,100,99,15.0,28.4,1,3600.00,1018.5,1004.8
2022-09-01T15:00,24.1,0.00,46,11.9,23.1,0.00,0.00,0.00,1,34,0,20,21,10.8,93,92,14.8,27.0,1,3600.00,1018.0,1004.3
2022-09-01T16:00,24.1,0.00,44,11.3,22.8,0.00,0.00,0.00,2,52,5,48,29,11.5,93,92,15.9,25.9,1,3600.00,1017.6,1003.9
2022-09-01T17:00,23.8,0.00,45,11.3,22.7,0.00,0.00,0.00,2,63,12,57,22,10.5,98,96,16.0,25.6,1,3600.00,1017.3,1003.6
2022-09-01T18:00,23.1,0.00,47,11.0,22.0,0.00,0.00,0.00,1,28,18,10,2,9.1,109,108,16.4,24.5,1,3600.00,1017.0,1003.3
2022-09-01T19:00,20.3,0.00,56,11.2,19.8,0.00,0.00,0.00,2,54,47,13,0,5.7,113,108,14.8,19.4,1,2250.68,1016.9,1003.0
2022-09-01T20:00,19.2,0.00,57,10.6,18.3,0.00,0.00,0.00,2,55,44,16,5,7.2,91,84,18.0,14.8,0,0.00,1017.5,1003.6
2022-09-01T21:00,19.1,0.00,54,9.7,17.4,0.00,0.00,0.00,1,33,23,11,3,11.2,92,86,24.9,22.7,0,0.00,1017.6,1003.7
2022-09-01T22:00,18.5,0.00,57,9.9,16.9,0.00,0.00,0.00,0,15,13,2,0,10.8,98,90,24.3,23.0,0,0.00,1017.6,1003.7
2022-09-01T23:00,17.9,0.00,60,9.9,16.2,0.00,0.00,0.00,0,17,17,0,0,11.5,98,92,25.5,23.8,0,0.00,1017.7,1003.7
2022-09-02T00:00,17.4,0.00,60,9.5,15.3,0.00,0.00,0.00,0,15,15,0,0,13.0,98,92,27.2,26.3,0,0.00,1017.4,1003.4
2022-09-02T01:00,17.3,0.00,61,9.6,15.0,0.00,0.00,0.00,0,10,21,13,0,14.9,108,105,30.6,28.1,0,0.00,1017.5,1003.5
2022-09-02T02:00,16.6,0.00,62,9.3,14.1,0.00,0.00,0.00,0,6,0,6,0,15.3,104,99,30.5,31.7,0,0.00,1017.1,1003.1
2022-09-02T03:00,15.9,0.00,63,9.0,13.6,0.00,0.00,0.00,0,2,0,2,0,14.1,102,96,28.7,31.0,0,0.00,1017.0,1002.9
2022-09-02T04:00,15.4,0.00,64,8.7,13.0,0.00,0.00,0.00,0,8,8,0,0,14.1,99,94,28.8,28.4,0,0.00,1017.0,1002.9
2022-09-02T05:00,15.1,0.00,64,8.4,12.4,0.00,0.00,0.00,2,54,54,0,0,15.2,98,94,30.1,30.2,0,0.00,1017.0,1002.9
2022-09-02T06:00,14.8,0.00,66,8.4,12.3,0.00,0.00,0.00,1,28,28,0,0,14.5,99,97,29.1,30.2,1,0.00,1016.9,1002.8
2022-09-02T07:00,15.8,0.00,64,9.0,13.6,0.00,0.00,0.00,0,2,2,0,0,13.4,97,98,28.0,29.5,1,2769.92,1016.9,1002.8
2022-09-02T08:00,17.5,0.00,59,9.4,15.2,0.00,0.00,0.00,0,16,16,0,0,14.6,97,99,22.9,31.0,1,3600.00,1017.0,1003.0
2022-09-02T09:00,19.2,0.00,53,9.5,17.0,0.00,0.00,0.00,0,10,10,0,0,14.4,103,103,21.0,32.8,1,3600.00,1016.9,1003.0
2022-09-02T10:00,21.0,0.00,49,9.8,18.9,0.00,0.00,0.00,1,49,49,0,0,14.0,103,102,19.6,32.0,1,3600.00,1016.4,1002.6
2022-09-02T11:00,22.4,0.00,39,7.8,19.8,0.00,0.00,0.00,1,37,37,0,0,16.9,108,106,23.8,37.8,1,3600.00,1015.9,1002.2
2022-09-02T12:00,23.3,0.00,36,7.3,21.2,0.00,0.00,0.00,1,22,22,0,0,15.4,108,106,21.5,37.8,1,3600.00,1015.4,1001.7
2022-09-02T13:00,23.9,0.00,37,8.2,22.2,0.00,0.00,0.00,0,5,10,0,0,15.2,105,104,20.5,35.3,1,3600.00,1014.9,1001.2
2022-09-02T14:00,24.1,0.00,35,7.8,22.2,0.00,0.00,0.00,0,0,0,0,0,14.7,108,107,20.5,34.6,1,3600.00,1014.3,1000.7
2022-09-02T15:00,24.3,0.00,34,7.6,21.9,0.00,0.00,0.00,0,0,0,0,0,14.8,104,103,20.8,33.8,1,3600.00,1013.6,1000.0
2022-09-02T16:00,24.2,0.00,35,7.6,21.6,0.00,0.00,0.00,0,3,3,0,0,13.4,105,104,19.0,33.5,1,3600.00,1012.9,999.3
2022-09-02T17:00,23.8,0.00,35,7.6,21.3,0.00,0.00,0.00,1,25,25,0,0,12.7,102,98,19.1,29.5,1,3600.00,1012.8,999.2
2022-09-02T18:00,22.9,0.00,38,7.8,20.8,0.00,0.00,0.00,3,99,99,0,0,10.5,98,94,20.0,27.4,1,3600.00,1012.8,999.1
2022-09-02T19:00,21.0,0.00,40,7.0,18.7,0.00,0.00,0.00,3,100,100,0,0,10.4,94,88,23.5,22.7,1,2120.45,1012.7,998.9
2022-09-02T20:00,20.2,0.00,42,6.7,17.3,0.00,0.00,0.00,3,100,100,0,0,13.7,94,87,28.5,27.7,0,0.00,1012.9,999.1
2022-09-02T21:00,20.1,0.00,41,6.6,17.0,0.00,0.00,0.00,3,100,100,0,0,15.2,101,97,29.7,31.0,0,0.00,1013.2,999.4
2022-09-02T22:00,19.3,0.00,44,6.7,16.0,0.00,0.00,0.00,3,86,86,1,1,16.3,100,96,31.4,32.8,0,0.00,1013.0,999.1
2022-09-02T23:00,18.4,0.00,47,6.8,14.9,0.00,0.00,0.00,3,91,91,26,1,17.8,100,98,33.7,36.0,0,0.00,1013.0,999.1
2022-09-03T00:00,17.8,0.00,48,6.6,14.3,0.00,0.00,0.00,2,71,61,26,0,17.9,104,100,33.7,36.4,0,0.00,1012.8,998.9
2022-09-03T01:00,18.4,0.00,47,6.9,15.3,0.00,0.00,0.00,2,52,26,44,0,15.3,113,109,29.8,36.0,0,0.00,1012.5,998.6
2022-09-03T02:00,17.7,0.00,50,7.1,14.8,0.00,0.00,0.00,3,92,91,14,0,14.5,110,104,28.7,31.3,0,0.00,1012.1,998.2
2022-09-03T03:00,17.3,0.00,51,7.0,14.6,0.00,0.00,0.00,2,78,67,32,2,12.9,110,108,26.9,28.4,0,0.00,1012.2,998.3
2022-09-03T04:00,16.8,0.00,53,7.2,14.0,0.00,0.00,0.00,2,55,42,21,5,13.7,117,113,27.9,27.0,0,0.00,1012.6,998.6
2022-09-03T05:00,16.2,0.00,57,7.7,13.7,0.00,0.00,0.00,1,48,5,46,0,13.0,124,118,25.7,27.4,0,0.00,1012.8,998.8
2022-09-03T06:00,15.5,0.00,64,8.8,13.4,0.00,0.00,0.00,2,58,11,51,7,12.2,130,114,22.0,25.9,1,0.00,1012.9,998.9
2022-09-03T07:00,16.1,0.00,67,10.1,14.6,0.00,0.00,0.00,1,28,0,18,14,10.5,114,96,17.4,23.4,1,1298.10,1013.2,999.2
2022-09-03T08:00,18.0,0.00,65,11.4,17.1,0.00,0.00,0.00,0,18,4,14,0,9.2,117,111,17.4,20.9,1,3600.00,1013.0,999.1
2022-09-03T09:00,20.0,0.00,66,13.4,19.8,0.00,0.00,0.00,2,70,62,19,0,8.5,144,144,11.6,21.6,1,3600.00,1013.4,999.6
2022-09-03T10:00,21.5,0.00,64,14.4,21.9,0.00,0.00,0.00,1,23,0,23,0,6.8,164,162,9.0,21.6,1,3600.00,1013.6,999.8
2022-09-03T11:00,23.0,0.00,58,14.3,23.8,0.00,0.00,0.00,0,11,6,3,3,5.4,183,184,6.8,22.3,1,3600.00,1013.3,999.6
2022-09-03T12:00,24.1,0.00,52,13.6,24.8,0.00,0.00,0.00,1,29,11,20,2,6.6,210,209,8.7,24.5,1,3600.00,1013.1,999.5
2022-09-03T13:00,22.5,0.00,59,14.1,23.2,0.00,0.00,0.00,2,59,93,37,16,5.5,242,247,6.9,24.5,1,3600.00,1013.2,999.5
2022-09-03T14:00,23.4,0.00,54,13.5,23.9,0.00,0.00,0.00,3,100,99,20,8,4.3,270,275,5.4,20.5,1,3600.00,1012.7,999.0
2022-09-03T15:00,23.5,0.00,55,14.0,23.2,0.00,0.00,0.00,3,100,100,7,5,10.9,232,236,14.1,25.9,1,3600.00,1012.8,999.1
2022-09-03T16:00,20.6,1.10,77,16.3,21.9,1.10,0.00,0.00,55,100,99,24,0,6.2,192,187,8.5,32.4,1,1351.97,1013.4,999.6
2022-09-03T17:00,20.5,0.00,76,16.2,22.1,0.00,0.00,0.00,3,100,100,97,0,4.0,192,180,5.2,15.8,1,0.00,1013.5,999.7
2022-09-03T18:00,20.5,0.00,76,16.2,22.0,0.00,0.00,0.00,1,24,11,15,0,4.1,171,165,7.3,14.0,1,0.00,1013.6,999.8
2022-09-03T19:00,18.4,0.00,86,15.9,19.7,0.00,0.00,0.00,0,18,1,16,0,4.8,169,153,9.2,9.0,1,1510.72,1014.0,1000.1
2022-09-03T20:00,17.3,0.00,90,15.6,18.5,0.00,0.00,0.00,0,16,6,11,1,4.8,174,138,10.9,9.7,0,0.00,1014.6,1000.6
2022-09-03T21:00,17.0,0.00,92,15.6,18.1,0.00,0.00,0.00,1,22,0,20,11,5.4,176,127,11.5,10.1,0,0.00,1015.0,1001.0
2022-09-03T22:00,17.1,0.00,91,15.7,18.2,0.00,0.00,0.00,1,24,5,18,11,6.1,183,140,14.4,12.2,0,0.00,1015.4,1001.4
2022-09-03T23:00,16.7,0.00,92,15.4,17.7,0.00,0.00,0.00,0,9,0,8,0,5.2,198,155,14.0,12.2,0,0.00,1015.8,1001.8
2022-09-04T00:00,16.1,0.00,93,15.0,17.1,0.00,0.00,0.00,0,0,0,0,0,4.7,201,148,12.0,10.4,0,0.00,1016.3,1002.3
2022-09-04T01:00,16.8,0.00,97,16.3,18.3,0.00,0.00,0.00,0,0,0,18,3,4.2,158,149,10.5,9.7,0,0.00,1016.2,1002.2
2022-09-04T02:00,15.8,0.00,98,15.6,17.0,0.00,0.00,0.00,1,32,0,3,30,5.1,188,172,13.1,11.9,0,0.00,1016.7,1002.6
2022-09-04T03:00,15.5,0.00,98,15.3,16.6,0.00,0.00,0.00,1,32,0,13,22,5.0,198,159,9.1,9.7,0,0.00,1017.1,1003.0
2022-09-04T04:00,15.5,0.00,98,15.2,16.5,0.00,0.00,0.00,1,32,0,27,7,4.7,229,180,8.2,8.3,0,0.00,1017.1,1003.0
2022-09-04T05:00,15.5,0.00,98,15.2,16.7,0.00,0.00,0.00,1,33,0,33,0,3.4,239,162,6.3,8.3,0,0.00,1017.3,1003.2
2022-09-04T06:00,15.4,0.00,98,15.1,16.6,0.00,0.00,0.00,1,40,0,34,10,3.4,219,162,6.9,7.2,1,0.00,1017.6,1003.5
2022-09-04T07:00,16.4,0.00,97,15.9,17.7,0.00,0.00,0.00,1,43,0,23,26,4.8,194,132,5.9,9.0,1,1294.33,1018.5,1004.4
2022-09-04T08:00,17.8,0.00,92,16.5,19.5,0.00,0.00,0.00,1,23,0,0,23,3.8,166,163,4.5,11.5,1,3600.00,1019.1,1005.1
2022-09-04T09:00,19.6,0.00,82,16.4,21.1,0.00,0.00,0.00,1,47,0,1,46,4.5,207,209,5.6,14.4,1,3600.00,1019.7,1005.8
2022-09-04T10:00,21.0,0.00,74,16.3,22.7,0.00,0.00,0.00,2,50,0,0,50,3.3,229,229,3.8,14.8,1,3600.00,1020.0,1006.1
2022-09-04T11:00,22.4,0.00,68,16.1,24.0,0.00,0.00,0.00,0,19,0,5,15,3.9,249,248,5.0,15.1,1,3600.00,1020.0,1006.2
2022-09-04T12:00,23.4,0.10,62,15.6,25.2,0.10,0.00,0.00,51,15,0,10,6,3.9,247,248,4.7,15.5,1,3600.00,1019.8,1006.0
2022-09-04T13:00,25.0,0.00,51,14.1,25.9,0.00,0.00,0.00,0,11,0,13,9,7.2,241,243,9.0,15.1,1,3600.00,1019.4,1005.7
2022-09-04T14:00,25.3,0.00,50,14.0,26.1,0.00,0.00,0.00,0,14,0,13,2,6.7,251,254,8.8,20.9,1,3600.00,1019.5,1005.8
2022-09-04T15:00,25.6,0.00,48,13.7,26.1,0.00,0.00,0.00,0,12,0,12,0,4.7,263,270,6.2,19.1,1,3600.00,1019.5,1005.9
2022-09-04T16:00,25.8,0.00,45,13.1,26.6,0.00,0.00,0.00,0,8,0,8,0,1.1,225,252,1.5,14.4,1,3600.00,1019.4,1005.8
2022-09-04T17:00,25.7,0.00,46,13.3,26.3,0.00,0.00,0.00,0,2,0,2,0,3.0,112,104,3.9,7.9,1,3600.00,1019.2,1005.6
2022-09-04T18:00,24.0,0.00,57,15.0,25.0,0.00,0.00,0.00,0,1,0,1,0,4.7,77,67,9.6,9.0,1,3600.00,1019.1,1005.4
2022-09-04T19:00,21.2,0.00,60,13.2,21.2,0.00,0.00,0.00,0,1,1,0,0,6.3,75,66,13.8,12.2,1,1883.56,1019.1,1005.3
2022-09-04T20:00,19.8,0.00,66,13.3,19.6,0.00,0.00,0.00,0,0,0,0,0,8.0,78,72,15.8,14.8,0,0.00,1019.8,1005.9
2022-09-04T21:00,19.0,0.00,67,12.7,18.6,0.00,0.00,0.00,0,7,7,0,0,8.7,95,83,19.5,16.9,0,0.00,1020.0,1006.0
2022-09-04T22:00,18.3,0.00,65,11.7,17.7,0.00,0.00,0.00,0,0,0,0,0,7.9,103,87,18.5,16.9,0,0.00,1020.1,1006.1
2022-09-04T23:00,17.5,0.00,65,10.8,16.7,0.00,0.00,0.00,3,91,91,0,0,7.2,103,90,17.4,15.8,0,0.00,1020.4,1006.4
2022-09-05T00:00,16.3,0.00,68,10.4,15.5,0.00,0.00,0.00,2,78,78,0,0,6.2,110,97,15.7,14.4,0,0.00,1020.7,1006.6
2022-09-05T01:00,16.5,0.00,71,11.2,15.8,0.00,0.00,0.00,0,0,0,0,0,7.2,102,93,15.5,13.0,0,0.00,1020.8,1006.7
2022-09-05T02:00,15.9,0.00,73,11.2,15.0,0.00,0.00,0.00,0,0,0,0,0,8.7,101,83,19.1,16.2,0,0.00,1020.5,1006.4
2022-09-05T03:00,16.3,0.00,74,11.8,15.5,0.00,0.00,0.00,0,0,0,0,0,9.0,102,85,21.0,20.2,0,0.00,1020.3,1006.2
2022-09-05T04:00,15.4,0.00,81,12.2,15.1,0.00,0.00,0.00,1,40,40,0,0,6.1,110,93,18.0,17.6,0,0.00,1020.4,1006.3
2022-09-05T05:00,15.1,0.00,84,12.3,14.9,0.00,0.00,0.00,3,99,99,0,0,6.1,108,87,17.4,12.2,0,0.00,1020.5,1006.3
2022-09-05T06:00,15.2,0.00,84,12.5,14.9,0.00,0.00,0.00,3,99,99,0,0,7.1,114,105,18.5,14.4,1,0.00,1020.7,1006.5
2022-09-05T07:00,16.7,0.00,80,13.2,16.6,0.00,0.00,0.00,1,24,23,2,0,7.5,113,107,17.3,15.1,1,2519.23,1021.2,1007.1
2022-09-05T08:00,19.2,0.00,73,14.1,19.6,0.00,0.00,0.00,0,8,0,8,0,6.5,113,109,17.6,15.8,1,3600.00,1021.3,1007.3
2022-09-05T09:00,21.7,0.00,65,14.7,22.4,0.00,0.00,0.00,1,29,5,25,0,5.9,122,128,8.9,16.6,1,3600.00,1021.3,1007.4
2022-09-05T10:00,23.8,0.00,57,14.9,24.7,0.00,0.00,0.00,1,26,0,26,0,5.4,137,143,7.4,16.2,1,3600.00,1021.3,1007.5
2022-09-05T11:00,25.6,0.00,51,14.8,26.8,0.00,0.00,0.00,1,25,24,2,0,4.3,147,156,6.0,16.2,1,3600.00,1020.8,1007.1
2022-09-05T12:00,26.9,0.00,46,14.2,28.5,0.00,0.00,0.00,0,14,0,14,0,4.4,162,171,5.7,15.1,1,3600.00,1020.2,1006.6
2022-09-05T13:00,28.2,0.00,37,12.2,28.5,0.00,0.00,0.00,0,12,4,2,0,6.6,216,221,8.0,16.2,1,3600.00,1019.8,1006.3
2022-09-05T14:00,28.4,0.00,36,12.1,29.0,0.00,0.00,0.00,2,77,75,8,0,5.1,211,219,6.3,17.6,1,3600.00,1019.1,1005.6
2022-09-05T15:00,28.5,0.00,34,11.2,28.1,0.00,0.00,0.00,1,26,20,8,0,7.3,233,237,9.5,18.4,1,3600.00,1018.9,1005.4
2022-09-05T16:00,28.4,0.00,33,10.4,27.9,0.00,0.00,0.00,0,14,7,7,0,4.3,220,228,5.6,18.4,1,3600.00,1018.2,1004.7
2022-09-05T17:00,27.4,0.00,56,17.8,29.8,0.00,0.00,0.00,1,21,11,13,0,2.7,186,203,3.3,10.8,1,3600.00,1017.9,1004.4
2022-09-05T18:00,26.9,0.00,44,13.7,27.8,0.00,0.00,0.00,0,12,0,12,0,1.8,360,360,0.4,5.8,1,3600.00,1017.7,1004.1
2022-09-05T19:00,23.1,0.00,48,11.3,22.9,0.00,0.00,0.00,0,2,0,2,0,4.2,59,59,2.1,6.1,1,1563.72,1017.5,1003.8
2022-09-05T20:00,21.1,0.00,54,11.4,20.5,0.00,0.00,0.00,0,0,0,0,0,6.5,99,84,11.7,12.2,0,0.00,1018.0,1004.2
2022-09-05T21:00,20.0,0.00,60,12.0,19.3,0.00,0.00,0.00,0,1,0,1,0,9.0,108,88,18.2,17.3,0,0.00,1018.1,1004.2
2022-09-05T22:00,19.8,0.00,59,11.6,18.8,0.00,0.00,0.00,1,49,49,1,0,10.2,118,100,21.6,19.4,0,0.00,1018.0,1004.1
2022-09-05T23:00,19.6,0.00,62,12.1,18.6,0.00,0.00,0.00,3,100,100,0,0,11.5,118,104,24.0,22.0,0,0.00,1017.8,1003.9
2022-09-06T00:00,19.9,0.00,64,12.8,18.9,0.00,0.00,0.00,0,12,12,0,0,12.4,111,107,26.2,23.8,0,0.00,1017.5,1003.6
2022-09-06T01:00,20.3,0.00,61,12.6,19.7,0.00,0.00,0.00,0,10,100,6,0,9.4,137,113,18.3,23.8,0,0.00,1016.6,1002.7
2022-09-06T02:00,17.9,0.00,76,13.6,18.3,0.00,0.00,0.00,3,99,98,51,0,5.2,166,115,12.2,18.0,0,0.00,1017.1,1003.1
2022-09-06T03:00,18.2,0.40,76,13.9,18.2,0.40,0.00,0.00,51,100,100,100,0,8.5,262,242,22.6,18.7,0,0.00,1018.3,1004.3
2022-09-06T04:00,18.9,0.40,75,14.5,18.9,0.40,0.00,0.00,51,100,100,98,0,10.2,360,32,15.8,18.0,0,0.00,1016.7,1002.8
2022-09-06T05:00,18.0,0.00,79,14.4,18.7,0.00,0.00,0.00,3,95,95,0,0,4.7,53,122,7.2,19.8,0,0.00,1016.8,1002.8
2022-09-06T06:00,16.1,0.00,92,14.8,16.7,0.00,0.00,0.00,3,100,100,0,0,6.2,210,190,12.1,14.0,1,0.00,1017.8,1003.7
2022-09-06T07:00,17.6,0.00,86,15.1,18.4,0.00,0.00,0.00,3,99,99,2,0,6.1,186,140,10.1,11.5,1,0.00,1018.2,1004.2
2022-09-06T08:00,19.8,0.00,78,16.0,21.0,0.00,0.00,0.00,3,84,84,0,0,6.0,168,123,8.5,13.0,1,1662.20,1018.2,1004.3
2022-09-06T09:00,22.2,0.00,67,15.8,23.2,0.00,0.00,0.00,3,94,94,0,0,6.2,178,173,8.3,16.6,1,3600.00,1018.1,1004.3
2022-09-06T10:00,23.5,0.00,66,16.9,25.0,0.00,0.00,0.00,3,84,84,0,0,6.2,192,190,8.5,18.4,1,3600.00,1018.0,1004.3
2022-09-06T11:00,25.1,0.00,62,17.4,27.2,0.00,0.00,0.00,3,90,90,0,0,6.0,214,213,7.8,18.4,1,3600.00,1017.6,1004.0
2022-09-06T12:00,26.6,0.00,56,17.0,29.0,0.00,0.00,0.00,0,4,4,0,0,5.4,235,233,7.0,18.4,1,3600.00,1017.1,1003.5
2022-09-06T13:00,29.0,0.00,38,13.1,30.4,0.00,0.00,0.00,0,9,21,29,0,3.3,239,229,4.2,17.6,1,3600.00,1016.2,1002.7
2022-09-06T14:00,28.8,0.00,37,12.7,28.6,0.00,0.00,0.00,1,28,12,18,0,7.3,238,237,9.4,18.4,1,3600.00,1016.1,1002.6
2022-09-06T15:00,28.8,0.00,37,12.9,28.5,0.00,0.00,0.00,2,63,50,25,0,8.0,239,243,10.5,19.8,1,3600.00,1015.3,1001.9
2022-09-06T16:00,28.3,0.00,39,12.9,27.9,0.00,0.00,0.00,2,77,72,16,0,8.7,262,265,12.7,21.2,1,3600.00,1015.2,1001.7
2022-09-06T17:00,27.6,0.00,39,12.5,27.4,0.00,0.00,0.00,1,41,33,11,1,6.6,246,248,12.2,20.2,1,3600.00,1014.9,1001.4
2022-09-06T18:00,25.5,0.00,43,11.9,24.9,0.00,0.00,0.00,1,42,37,9,0,7.9,244,246,17.6,20.5,1,3600.00,1015.1,1001.5
2022-09-06T19:00,22.4,0.00,54,12.6,22.2,0.00,0.00,0.00,1,25,18,9,0,7.1,242,221,11.4,17.3,0,1144.13,1015.1,1001.4
2022-09-06T20:00,24.4,0.00,40,9.8,23.8,0.00,0.00,0.00,3,100,100,2,0,3.6,240,143,7.1,11.2,0,0.00,1015.0,1001.4
2022-09-06T21:00,20.7,0.00,52,10.4,19.9,0.00,0.00,0.00,3,93,92,18,0,6.6,186,151,11.2,11.5,0,0.00,1015.2,1001.4
2022-09-06T22:00,20.1,0.00,52,9.9,18.8,0.00,0.00,0.00,3,100,100,86,0,8.6,209,182,20.9,19.1,0,0.00,1015.3,1001.5
2022-09-06T23:00,19.6,0.00,59,11.5,19.4,0.00,0.00,0.00,2,65,63,6,0,4.8,207,167,12.6,16.9,0,0.00,1015.0,1001.1
2022-09-07T00:00,17.5,0.00,66,11.1,16.9,0.00,0.00,0.00,3,99,99,0,0,6.3,196,156,11.6,11.5,0,0.00,1014.7,1000.7
2022-09-07T01:00,19.4,0.00,85,16.9,21.1,0.00,0.00,0.00,3,100,99,68,0,4.3,164,132,11.6,10.8,0,0.00,1014.4,1000.5
2022-09-07T02:00,19.1,0.00,85,16.5,20.3,0.00,0.00,0.00,3,97,95,75,0,7.4,168,133,16.2,14.8,0,0.00,1013.0,999.1
2022-09-07T03:00,17.9,0.00,88,15.9,19.2,0.00,0.00,0.00,3,83,70,49,0,4.8,170,103,9.9,15.8,0,0.00,1013.5,999.6
2022-09-07T04:00,17.8,0.00,89,15.9,19.0,0.00,0.00,0.00,3,85,74,42,0,5.2,79,74,7.7,9.4,0,0.00,1014.3,1000.4
2022-09-07T05:00,17.2,0.00,91,15.7,18.1,0.00,0.00,0.00,0,0,0,0,0,7.0,158,102,9.7,15.1,0,0.00,1013.9,999.9
2022-09-07T06:00,17.7,0.00,87,15.5,18.1,0.00,0.00,0.00,0,9,0,9,0,10.4,207,182,22.5,20.9,1,0.00,1014.1,1000.2
2022-09-07T07:00,18.7,0.00,83,15.8,19.2,0.00,0.00,0.00,0,5,0,5,0,10.4,209,200,20.1,24.1,1,2350.83,1014.2,1000.3
2022-09-07T08:00,19.8,0.00,80,16.2,20.7,0.00,0.00,0.00,0,0,0,0,0,8.4,227,223,13.2,21.2,1,3600.00,1014.7,1000.8
2022-09-07T09:00,21.5,0.00,72,16.1,22.3,0.00,0.00,0.00,0,2,0,2,0,8.6,219,213,12.5,22.0,1,3600.00,1014.7,1000.9
2022-09-07T10:00,23.3,0.00,64,16.2,23.8,0.00,0.00,0.00,2,67,57,24,0,11.5,229,226,15.8,27.4,1,3600.00,1014.8,1001.1
2022-09-07T11:00,24.7,0.00,58,16.0,25.2,0.00,0.00,0.00,1,33,28,6,0,10.8,250,249,14.6,28.8,1,3600.00,1014.7,1001.1
2022-09-07T12:00,26.0,0.00,52,15.3,27.0,0.00,0.00,0.00,1,30,6,24,2,10.5,249,248,14.2,29.9,1,3600.00,1014.0,1000.4
2022-09-07T13:00,25.2,0.00,54,15.3,25.8,0.00,0.00,0.00,1,30,17,26,14,10.6,241,242,14.0,28.8,1,3600.00,1014.1,1000.5
2022-09-07T14:00,26.1,0.00,47,14.0,25.8,0.00,0.00,0.00,3,97,96,26,0,11.3,254,253,15.4,27.7,1,3600.00,1013.9,1000.3
2022-09-07T15:00,26.3,0.00,45,13.4,26.1,0.00,0.00,0.00,3,95,95,14,1,9.0,267,268,12.3,26.6,1,3600.00,1013.1,999.6
2022-09-07T16:00,26.4,0.00,43,12.7,26.0,0.00,0.00,0.00,3,100,100,8,0,8.9,280,284,12.1,22.0,1,3600.00,1012.7,999.2
2022-09-07T17:00,25.8,0.00,44,12.6,25.8,0.00,0.00,0.00,3,100,100,5,0,5.5,291,293,8.9,20.9,1,3600.00,1012.4,998.9
2022-09-07T18:00,24.1,0.00,58,15.4,25.3,0.00,0.00,0.00,3,100,100,4,0,4.0,320,333,8.4,13.0,1,0.00,1011.9,998.3
2022-09-07T19:00,22.4,0.00,54,12.7,22.4,0.00,0.00,0.00,3,99,97,80,0,6.2,349,7,13.2,11.5,0,0.00,1011.9,998.2
2022-09-07T20:00,21.6,0.00,55,12.3,21.2,0.00,0.00,0.00,3,100,100,97,0,7.4,4,14,16.2,13.0,0,0.00,1012.3,998.6
2022-09-07T21:00,21.9,0.00,53,11.8,20.8,0.00,0.00,0.00,3,100,100,97,0,10.8,360,2,22.3,22.3,0,0.00,1011.7,998.0
2022-09-07T22:00,20.9,0.00,55,11.5,19.9,0.00,0.00,0.00,3,100,100,100,0,9.8,20,17,18.8,20.5,0,0.00,1011.6,997.8
2022-09-07T23:00,19.3,0.60,70,13.8,18.8,0.60,0.00,0.00,53,100,100,100,1,12.0,319,311,19.1,21.6,0,0.00,1011.4,997.6
2022-09-08T00:00,18.2,0.10,80,14.7,18.2,0.10,0.00,0.00,51,100,100,41,5,10.9,354,343,20.6,22.7,0,0.00,1011.0,997.1
2022-09-08T01:00,17.5,0.00,82,14.4,17.9,0.00,0.00,0.00,3,100,100,87,5,7.2,29,27,10.3,20.5,0,0.00,1010.0,996.1
2022-09-08T02:00,18.1,0.20,78,14.3,19.1,0.20,0.00,0.00,51,100,100,100,19,2.3,162,129,5.7,12.6,0,0.00,1010.5,996.6
2022-09-08T03:00,18.1,0.20,83,15.1,19.4,0.20,0.00,0.00,51,100,100,100,3,2.6,148,74,4.7,9.4,0,0.00,1010.0,996.1
2022-09-08T04:00,17.7,0.00,91,16.1,19.4,0.00,0.00,0.00,3,100,100,100,15,2.8,208,220,6.9,9.7,0,0.00,1010.1,996.2
2022-09-08T05:00,18.2,0.20,84,15.4,18.2,0.20,0.00,0.00,51,100,100,90,18,12.3,212,201,23.5,24.8,0,0.00,1009.7,995.8
2022-09-08T06:00,17.7,0.20,88,15.7,16.9,0.20,0.00,0.00,51,100,100,100,9,18.3,219,216,31.7,37.1,1,0.00,1010.1,996.2
2022-09-08T07:00,17.5,0.30,89,15.7,16.9,0.30,0.00,0.00,51,100,100,39,11,17.3,231,228,28.9,38.2,1,0.00,1010.6,996.7
2022-09-08T08:00,17.2,0.00,87,15.1,16.3,0.00,0.00,0.00,3,100,100,15,10,18.2,234,232,29.7,38.9,1,0.00,1010.9,997.0
2022-09-08T09:00,18.1,0.00,78,14.2,16.9,0.00,0.00,0.00,1,48,36,12,7,17.3,237,234,25.5,38.5,1,3600.00,1011.2,997.3
2022-09-08T10:00,19.8,0.10,65,13.0,18.0,0.10,0.00,0.00,51,28,0,14,25,19.1,247,248,27.3,41.0,1,3600.00,1011.6,997.8
2022-09-08T11:00,20.9,0.30,59,12.7,19.0,0.30,0.00,0.00,51,32,0,28,5,19.7,246,246,27.9,44.3,1,3600.00,1011.6,997.8
2022-09-08T12:00,21.9,0.10,53,11.7,19.8,0.10,0.00,0.00,51,35,8,23,9,18.5,246,246,26.1,43.2,1,3600.00,1011.6,997.9
2022-09-08T13:00,20.9,0.00,55,11.5,19.9,0.00,0.00,0.00,1,33,2,19,5,13.5,245,245,18.2,41.0,1,3600.00,1012.4,998.6
2022-09-08T14:00,21.6,0.00,53,11.7,19.9,0.00,0.00,0.00,2,51,2,47,11,16.8,227,227,23.4,42.1,1,3600.00,1012.1,998.4
2022-09-08T15:00,21.6,0.00,51,11.0,19.3,0.00,0.00,0.00,2,52,36,18,9,17.8,227,227,25.7,43.6,1,3600.00,1011.7,998.0
2022-09-08T16:00,21.7,0.10,47,10.0,18.9,0.10,0.00,0.00,51,97,96,31,15,19.1,234,234,27.6,39.6,1,3600.00,1011.4,997.7
2022-09-08T17:00,20.8,0.40,54,11.2,18.9,0.40,0.00,0.00,51,65,39,39,26,15.0,239,240,23.6,41.4,1,3600.00,1011.5,997.7
2022-09-08T18:00,19.7,0.00,62,12.2,18.6,0.00,0.00,0.00,1,20,13,8,0,11.7,228,227,20.9,31.3,1,3600.00,1011.5,997.7
2022-09-08T19:00,17.9,0.00,69,12.2,17.6,0.00,0.00,0.00,1,30,20,12,0,7.1,215,204,17.1,24.8,0,513.02,1011.8,997.9
2022-09-08T20:00,17.0,0.00,74,12.3,16.7,0.00,0.00,0.00,2,79,76,6,6,7.3,208,189,17.9,16.2,0,0.00,1012.3,998.4
2022-09-08T21:00,16.7,0.00,76,12.4,16.5,0.00,0.00,0.00,1,45,21,30,2,6.5,206,180,16.4,16.6,0,0.00,1012.3,998.3
2022-09-08T22:00,16.4,0.00,77,12.4,16.3,0.00,0.00,0.00,3,90,89,12,6,6.0,191,155,14.7,14.8,0,0.00,1012.2,998.2
2022-09-08T23:00,16.0,0.00,78,12.2,15.5,0.00,0.00,0.00,3,100,100,5,6,8.0,177,144,18.0,16.9,0,0.00,1012.1,998.1
2022-09-09T00:00,16.1,0.00,76,11.8,15.4,0.00,0.00,0.00,3,100,100,8,8,8.2,196,165,19.8,18.4,0,0.00,1011.8,997.8
2022-09-09T01:00,16.5,0.00,83,13.7,16.0,0.00,0.00,0.00,3,99,29,62,0,11.9,217,205,24.4,28.1,0,0.00,1012.7,998.7
2022-09-09T02:00,15.5,0.00,86,13.1,15.2,0.00,0.00,0.00,3,97,97,14,5,9.2,213,201,21.9,24.5,0,0.00,1011.9,997.9
2022-09-09T03:00,14.9,0.90,88,12.8,13.7,0.90,0.00,0.00,53,100,100,91,14,13.9,220,217,26.6,34.9,0,0.00,1012.6,998.5
2022-09-09T04:00,15.2,0.00,86,13.0,13.9,0.00,0.00,0.00,3,86,73,31,40,15.3,224,223,28.5,32.4,0,0.00,1012.5,998.5
2022-09-09T05:00,14.6,0.00,90,13.0,13.7,0.00,0.00,0.00,0,11,0,9,2,12.5,223,219,25.7,32.4,0,0.00,1012.0,997.9
2022-09-09T06:00,14.9,0.00,89,13.1,13.7,0.00,0.00,0.00,0,2,0,0,2,15.0,225,222,30.0,31.7,1,0.00,1012.3,998.2
2022-09-09T07:00,15.5,0.00,86,13.3,14.4,0.00,0.00,0.00,0,1,1,0,1,14.5,219,215,26.9,31.7,1,2181.49,1012.7,998.7
2022-09-09T08:00,16.7,0.00,84,14.0,16.0,0.00,0.00,0.00,0,3,0,2,0,14.0,218,215,25.4,30.2,1,3600.00,1013.0,999.0
2022-09-09T09:00,17.4,0.30,74,12.7,15.3,0.30,0.00,0.00,51,70,1,54,39,20.1,226,226,30.3,42.8,1,3600.00,1013.2,999.3
2022-09-09T10:00,17.5,0.00,74,12.8,15.9,0.00,0.00,0.00,0,10,1,8,1,17.1,219,219,25.6,42.5,1,3600.00,1013.3,999.4
2022-09-09T11:00,19.5,0.00,65,12.7,17.8,0.00,0.00,0.00,0,7,0,6,1,18.4,222,222,25.7,42.1,1,3600.00,1013.3,999.5
2022-09-09T12:00,20.6,0.00,61,12.9,19.5,0.00,0.00,0.00,1,32,10,6,20,17.8,227,228,25.0,43.2,1,3600.00,1012.7,998.9
2022-09-09T13:00,18.5,0.10,71,13.1,16.9,0.10,0.00,0.00,51,47,66,33,33,18.1,233,235,26.7,44.6,1,3600.00,1013.1,999.2
2022-09-09T14:00,17.3,2.30,81,14.0,16.0,2.30,0.00,0.00,61,99,69,96,20,17.6,226,224,25.2,42.8,1,3600.00,1013.5,999.5
2022-09-09T15:00,17.3,0.30,81,14.0,16.9,0.30,0.00,0.00,51,100,100,16,2,11.3,198,197,17.1,37.4,1,0.00,1012.2,998.3
2022-09-09T16:00,17.0,0.10,81,13.7,15.8,0.10,0.00,0.00,51,96,91,51,1,16.8,212,211,26.4,46.1,1,785.29,1012.3,998.4
2022-09-09T17:00,17.7,0.00,77,13.6,16.8,0.00,0.00,0.00,3,100,100,14,7,14.5,211,210,22.8,34.9,1,2460.16,1012.3,998.4
2022-09-09T18:00,16.8,0.10,82,13.6,15.4,0.10,0.00,0.00,51,100,100,15,16,17.1,224,224,28.8,39.2,1,0.00,1013.1,999.1
2022-09-09T19:00,16.2,0.10,84,13.5,15.7,0.10,0.00,0.00,51,84,80,8,15,10.5,225,218,20.4,37.1,0,0.00,1013.4,999.4
2022-09-09T20:00,15.6,0.00,86,13.3,15.0,0.00,0.00,0.00,3,99,98,24,18,11.4,224,215,23.4,23.8,0,0.00,1013.7,999.7
2022-09-09T21:00,15.6,0.00,84,12.8,14.3,0.00,0.00,0.00,3,100,100,37,22,14.8,227,223,27.0,31.0,0,0.00,1014.1,1000.1
2022-09-09T22:00,14.6,1.10,90,12.9,13.5,1.10,0.00,0.00,55,93,68,41,68,13.7,231,225,25.1,32.0,0,0.00,1014.2,1000.1
2022-09-09T23:00,14.7,0.80,89,13.0,13.9,0.80,0.00,0.00,53,100,94,38,90,12.3,223,218,23.2,28.8,0,0.00,1014.5,1000.4
2022-09-10T00:00,15.1,0.10,88,13.1,13.9,0.10,0.00,0.00,51,99,98,13,47,14.8,228,223,26.3,30.6,0,0.00,1014.4,1000.3
2022-09-10T01:00,15.0,0.00,89,13.2,14.5,0.00,0.00,0.00,3,93,96,100,7,10.1,218,207,21.5,31.0,0,0.00,1014.6,1000.5
2022-09-10T02:00,14.3,1.80,94,13.3,14.5,1.80,0.00,0.00,61,100,99,61,100,5.8,222,210,14.5,24.1,0,0.00,1014.4,1000.3
2022-09-10T03:00,14.7,1.30,92,13.4,13.9,1.30,0.00,0.00,61,100,99,28,100,12.8,209,202,23.5,25.2,0,0.00,1014.2,1000.1
2022-09-10T04:00,14.3,0.70,93,13.2,12.9,0.70,0.00,0.00,53,100,100,64,100,16.8,229,225,28.3,34.9,0,0.00,1014.3,1000.2
2022-09-10T05:00,14.4,0.70,94,13.5,13.2,0.70,0.00,0.00,53,100,100,89,100,15.9,223,218,27.5,34.6,0,0.00,1014.1,1000.0
2022-09-10T06:00,14.0,0.60,94,13.0,12.6,0.60,0.00,0.00,53,100,67,57,100,16.3,224,221,26.7,36.4,1,0.00,1014.7,1000.6
2022-09-10T07:00,14.1,0.90,93,13.0,12.5,0.90,0.00,0.00,53,100,35,83,100,17.3,230,228,28.3,33.5,1,0.00,1015.1,1001.0
2022-09-10T08:00,14.5,0.10,91,13.0,13.0,0.10,0.00,0.00,51,96,72,67,64,16.8,225,223,27.0,36.4,1,0.00,1015.4,1001.3
2022-09-10T09:00,15.7,0.00,86,13.3,14.6,0.00,0.00,0.00,3,90,67,45,50,14.3,228,225,21.4,36.7,1,2922.51,1015.4,1001.3
2022-09-10T10:00,16.6,0.20,84,13.8,15.7,0.20,0.00,0.00,51,76,6,55,58,14.5,224,222,20.6,34.9,1,3600.00,1015.8,1001.8
2022-09-10T11:00,17.6,0.20,75,13.1,15.8,0.20,0.00,0.00,51,100,36,96,100,19.5,237,236,27.9,44.3,1,3600.00,1015.3,1001.3
2022-09-10T12:00,16.1,8.80,81,12.8,14.2,8.80,0.00,0.00,65,78,36,55,29,19.0,233,233,29.3,43.9,1,0.00,1015.3,1001.3
2022-09-10T13:00,18.0,1.40,74,13.3,16.6,1.40,0.00,0.00,61,69,93,27,100,16.6,227,228,25.0,41.4,1,3600.00,1015.0,1001.1
2022-09-10T14:00,18.1,1.10,71,12.8,15.9,1.10,0.00,0.00,55,86,64,54,45,20.7,240,239,30.5,41.8,1,749.25,1014.8,1000.9
2022-09-10T15:00,17.8,2.70,78,14.0,16.7,2.70,0.00,0.00,63,96,89,59,23,16.9,236,236,25.2,43.9,1,3600.00,1014.9,1001.0
2022-09-10T16:00,16.1,1.70,81,12.9,13.8,1.70,0.00,0.00,61,100,100,100,30,22.0,252,252,33.4,49.7,1,3600.00,1015.2,1001.2
2022-09-10T17:00,17.0,0.10,82,13.8,16.0,0.10,0.00,0.00,51,46,37,12,11,15.4,240,237,25.8,47.5,1,0.00,1015.0,1001.0
2022-09-10T18:00,17.0,0.00,78,13.1,15.9,0.00,0.00,0.00,1,37,18,21,7,14.4,241,238,25.9,35.6,1,3600.00,1014.9,1000.9
2022-09-10T19:00,16.3,0.00,78,12.5,15.3,0.00,0.00,0.00,2,65,35,37,25,12.0,232,226,23.8,30.2,0,193.81,1015.4,1001.4
2022-09-10T20:00,16.1,0.00,79,12.5,14.8,0.00,0.00,0.00,3,86,76,17,36,14.0,228,224,26.8,31.3,0,0.00,1015.8,1001.8
2022-09-10T21:00,15.8,0.20,82,12.7,14.6,0.20,0.00,0.00,51,100,99,41,27,14.0,227,224,26.0,32.0,0,0.00,1016.2,1002.1
2022-09-10T22:00,14.9,2.10,89,13.0,14.3,2.10,0.00,0.00,61,100,100,48,73,10.7,232,222,21.0,29.5,0,0.00,1016.8,1002.7
2022-09-10T23:00,14.9,0.20,88,13.0,13.9,0.20,0.00,0.00,51,75,6,32,65,13.2,241,235,23.8,27.7,0,0.00,1016.5,1002.4
2022-09-11T00:00,14.3,1.30,90,12.7,13.3,1.30,0.00,0.00,61,70,22,47,35,12.3,238,232,23.5,27.4,0,0.00,1016.9,1002.8
2022-09-11T01:00,15.1,1.20,90,13.4,14.5,1.20,0.00,0.00,55,100,54,75,28,11.3,268,263,22.7,25.9,0,0.00,1016.9,1002.8
2022-09-11T02:00,15.1,0.10,91,13.6,14.4,0.10,0.00,0.00,51,100,9,100,93,12.5,264,258,22.5,28.1,0,0.00,1017.0,1002.9
2022-09-11T03:00,14.9,0.10,91,13.4,14.4,0.10,0.00,0.00,51,40,1,9,34,10.8,276,268,20.6,25.9,0,0.00,1017.0,1002.9
2022-09-11T04:00,14.4,0.10,94,13.5,14.2,0.10,0.00,0.00,51,86,0,18,83,9.4,283,274,19.9,22.7,0,0.00,1017.4,1003.3
2022-09-11T05:00,14.6,0.00,94,13.7,14.7,0.00,0.00,0.00,3,100,0,30,100,7.3,303,290,15.4,19.8,0,0.00,1017.8,1003.7
2022-09-11T06:00,14.6,0.10,95,13.8,15.2,0.10,0.00,0.00,51,67,0,38,46,4.5,284,256,10.4,15.5,1,0.00,1018.6,1004.4
2022-09-11T07:00,14.8,0.00,94,13.9,15.2,0.00,0.00,0.00,3,100,0,14,100,6.2,244,234,10.0,13.3,1,0.00,1019.1,1005.0
2022-09-11T08:00,15.3,0.00,92,14.0,15.4,0.00,0.00,0.00,3,100,0,0,100,7.9,240,240,11.6,17.6,1,1091.51,1019.6,1005.5
2022-09-11T09:00,16.0,0.10,88,14.1,16.1,0.10,0.00,0.00,51,100,0,0,100,8.1,257,257,11.1,19.4,1,1553.48,1019.6,1005.5
2022-09-11T10:00,16.8,0.20,84,14.1,17.1,0.20,0.00,0.00,51,49,0,0,49,6.5,272,270,8.6,19.1,1,2423.29,1020.0,1005.9
2022-09-11T11:00,18.2,0.10,79,14.5,18.6,0.10,0.00,0.00,51,60,0,10,57,7.6,280,278,10.2,20.9,1,3600.00,1020.3,1006.3
2022-09-11T12:00,19.4,0.00,71,14.1,19.8,0.00,0.00,0.00,2,65,0,16,59,6.4,294,297,8.7,21.6,1,3600.00,1019.9,1006.0
2022-09-11T13:00,20.8,0.10,63,13.5,20.7,0.10,0.00,0.00,51,23,0,13,12,8.4,294,295,10.6,19.1,1,3600.00,1019.6,1005.7
2022-09-11T14:00,21.1,0.00,59,12.8,20.7,0.00,0.00,0.00,1,23,0,8,17,8.3,288,288,10.6,22.0,1,3600.00,1019.4,1005.5
2022-09-11T15:00,21.1,0.00,58,12.5,20.6,0.00,0.00,0.00,1,26,0,11,21,8.5,283,282,11.1,21.2,1,3600.00,1019.1,1005.2
2022-09-11T16:00,21.0,0.10,59,12.6,20.7,0.10,0.00,0.00,51,27,0,16,16,7.1,297,294,9.7,20.9,1,3600.00,1018.6,1004.8
2022-09-11T17:00,20.6,0.00,61,12.9,20.7,0.00,0.00,0.00,1,20,0,20,3,5.5,297,293,7.2,17.3,1,3600.00,1018.4,1004.5
2022-09-11T18:00,19.3,0.00,78,15.4,20.5,0.00,0.00,0.00,1,22,0,18,7,3.7,299,299,6.6,12.2,1,3600.00,1018.4,1004.5
2022-09-11T19:00,19.5,0.00,65,12.8,20.0,0.00,0.00,0.00,1,26,0,20,11,2.6,360,16,3.6,6.8,0,192.64,1018.3,1004.4
2022-09-11T20:00,17.0,0.00,77,12.9,17.3,0.00,0.00,0.00,1,24,0,22,10,4.6,63,72,4.8,6.1,0,0.00,1018.6,1004.6
2022-09-11T21:00,16.0,0.00,80,12.6,16.2,0.00,0.00,0.00,0,0,0,0,0,4.0,87,80,6.5,7.9,0,0.00,1018.7,1004.6
2022-09-11T22:00,14.6,0.00,86,12.3,14.4,0.00,0.00,0.00,0,0,0,0,0,6.0,83,73,9.1,11.5,0,0.00,1018.7,1004.5
2022-09-11T23:00,14.2,0.00,87,12.0,13.7,0.00,0.00,0.00,0,0,0,0,0,7.3,98,81,13.1,14.0,0,0.00,1018.6,1004.4
2022-09-12T00:00,13.7,0.00,89,11.8,13.0,0.00,0.00,0.00,0,0,0,0,0,8.0,117,100,16.9,15.5,0,0.00,1018.4,1004.2
2022-09-12T01:00,14.0,0.00,87,11.8,13.1,0.00,0.00,0.00,0,0,0,0,0,9.8,112,98,21.0,16.2,0,0.00,1018.2,1004.0
2022-09-12T02:00,13.4,0.00,89,11.7,12.6,0.00,0.00,0.00,0,0,0,0,0,8.8,116,102,19.6,18.7,0,0.00,1018.0,1003.8
2022-09-12T03:00,13.2,0.00,90,11.6,12.4,0.00,0.00,0.00,0,2,0,0,2,9.3,112,103,20.5,18.4,0,0.00,1017.5,1003.3
2022-09-12T04:00,13.0,0.00,91,11.5,12.2,0.00,0.00,0.00,0,7,0,0,7,9.0,110,106,20.7,18.4,0,0.00,1017.4,1003.2
2022-09-12T05:00,12.8,0.00,91,11.4,12.0,0.00,0.00,0.00,0,0,0,0,0,8.4,110,100,19.1,17.6,0,0.00,1017.2,1003.0
2022-09-12T06:00,12.5,0.00,91,11.1,11.6,0.00,0.00,0.00,0,0,0,0,0,8.4,109,100,18.7,16.9,1,0.00,1017.0,1002.8
2022-09-12T07:00,13.5,0.00,88,11.5,12.6,0.00,0.00,0.00,0,0,0,0,0,9.1,109,99,19.0,18.0,1,1925.80,1017.3,1003.1
2022-09-12T08:00,15.8,0.00,82,12.7,15.5,0.00,0.00,0.00,0,3,3,0,0,7.2,104,96,18.2,18.4,1,3600.00,1017.2,1003.1
2022-09-12T09:00,18.1,0.00,74,13.3,18.1,0.00,0.00,0.00,0,4,4,0,0,6.6,100,99,10.6,17.6,1,3600.00,1017.0,1003.0
2022-09-12T10:00,20.1,0.00,66,13.5,20.2,0.00,0.00,0.00,2,73,73,0,0,7.1,113,114,10.2,19.1,1,3600.00,1017.1,1003.2
2022-09-12T11:00,21.7,0.00,57,12.9,21.9,0.00,0.00,0.00,3,100,100,0,0,6.9,129,129,9.7,19.1,1,3600.00,1016.9,1003.1
2022-09-12T12:00,22.8,0.00,52,12.4,22.9,0.00,0.00,0.00,3,100,100,0,0,7.4,136,137,9.9,19.4,1,3600.00,1016.4,1002.7
2022-09-12T13:00,23.6,0.00,48,12.0,23.9,0.00,0.00,0.00,3,84,67,0,0,6.1,141,140,7.9,19.4,1,3600.00,1015.8,1002.1
2022-09-12T14:00,23.9,0.00,47,11.9,24.3,0.00,0.00,0.00,0,10,10,0,0,4.6,144,141,6.2,16.9,1,3600.00,1015.2,1001.5
2022-09-12T15:00,24.2,0.00,46,11.8,24.4,0.00,0.00,0.00,3,89,89,0,0,3.1,138,135,4.3,14.4,1,3600.00,1014.6,1001.0
2022-09-12T16:00,24.3,0.00,46,11.8,24.3,0.00,0.00,0.00,2,68,68,0,0,3.2,125,117,4.4,10.8,1,3600.00,1014.0,1000.4
2022-09-12T17:00,23.7,0.00,52,13.4,24.4,0.00,0.00,0.00,2,53,53,0,0,3.0,111,104,6.2,10.1,1,3600.00,1013.6,999.9
2022-09-12T18:00,21.1,0.00,72,15.9,22.1,0.00,0.00,0.00,1,20,20,0,0,6.6,81,61,9.1,8.6,1,3600.00,1013.4,999.6
2022-09-12T19:00,18.0,0.00,69,12.2,17.7,0.00,0.00,0.00,3,93,93,0,0,6.8,88,65,11.9,11.5,0,187.23,1013.4,999.5
2022-09-12T20:00,17.3,0.00,70,11.7,16.8,0.00,0.00,0.00,3,81,81,0,0,6.4,91,74,14.4,12.2,0,0.00,1013.7,999.7
2022-09-12T21:00,16.6,0.00,70,11.1,15.6,0.00,0.00,0.00,0,19,19,0,0,9.0,99,88,19.3,16.6,0,0.00,1013.7,999.7
2022-09-12T22:00,16.5,0.00,68,10.6,15.3,0.00,0.00,0.00,0,0,0,0,0,9.5,107,99,21.9,18.7,0,0.00,1013.2,999.2
2022-09-12T23:00,16.1,0.00,70,10.6,14.7,0.00,0.00,0.00,1,23,23,0,0,10.5,120,106,24.0,20.9,0,0.00,1012.8,998.8
2022-09-13T00:00,15.5,0.00,74,10.9,14.5,0.00,0.00,0.00,3,100,100,0,0,8.4,133,110,19.4,20.9,0,0.00,1012.7,998.7
2022-09-13T01:00,15.3,0.00,78,11.5,14.4,0.00,0.00,0.00,3,96,83,0,0,8.8,127,109,18.5,16.6,0,0.00,1012.4,998.4
2022-09-13T02:00,14.2,0.00,83,11.3,13.3,0.00,0.00,0.00,1,48,48,0,0,8.9,127,104,16.2,17.6,0,0.00,1012.0,997.9
2022-09-13T03:00,13.4,0.00,87,11.2,12.7,0.00,0.00,0.00,2,79,79,0,0,7.2,147,117,13.8,16.6,0,0.00,1012.0,997.9
2022-09-13T04:00,12.8,0.00,90,11.2,12.2,0.00,0.00,0.00,3,99,99,0,0,6.3,166,114,12.2,13.3,0,0.00,1012.2,998.0
2022-09-13T05:00,12.6,0.00,91,11.1,12.1,0.00,0.00,0.00,3,100,100,6,0,5.7,171,108,8.8,12.2,0,0.00,1011.8,997.6
2022-09-13T06:00,13.2,0.00,87,11.1,12.4,0.00,0.00,0.00,3,100,100,7,0,7.2,164,117,10.5,12.6,1,0.00,1011.7,997.6
2022-09-13T07:00,14.6,0.00,83,11.7,14.1,0.00,0.00,0.00,3,100,100,94,0,6.6,162,119,10.6,14.0,1,0.00,1012.0,997.9
2022-09-13T08:00,16.9,0.00,75,12.5,16.8,0.00,0.00,0.00,3,100,99,100,0,5.9,165,133,10.8,14.0,1,440.66,1012.0,998.1
2022-09-13T09:00,17.3,0.00,77,13.3,17.6,0.00,0.00,0.00,3,100,99,72,0,5.6,156,130,8.7,11.2,1,0.00,1012.2,998.3
2022-09-13T10:00,20.0,0.00,66,13.3,20.3,0.00,0.00,0.00,3,100,100,97,0,5.0,147,150,7.3,14.8,1,3233.72,1012.1,998.3
2022-09-13T11:00,21.8,0.00,60,13.7,22.0,0.00,0.00,0.00,3,100,100,100,0,6.4,161,164,8.8,16.9,1,3600.00,1011.8,998.1
2022-09-13T12:00,21.7,0.00,61,13.9,22.5,0.00,0.00,0.00,3,100,100,99,0,3.6,172,180,5.4,16.2,1,0.00,1011.7,998.0
2022-09-13T13:00,20.9,0.00,67,14.7,22.4,0.00,0.00,0.00,3,100,100,27,0,0.5,135,45,1.0,10.4,1,0.00,1011.8,998.0
2022-09-13T14:00,20.5,2.20,69,14.6,20.8,2.20,0.00,0.00,61,100,99,99,0,8.4,114,97,12.6,20.5,1,0.00,1011.4,997.6
2022-09-13T15:00,20.2,0.00,73,15.3,20.7,0.00,0.00,0.00,3,100,100,73,0,9.0,101,74,13.2,17.6,1,0.00,1011.1,997.3
2022-09-13T16:00,21.2,0.00,70,15.5,21.7,0.00,0.00,0.00,3,100,100,100,0,9.0,120,106,15.8,19.1,1,0.00,1009.8,996.1
2022-09-13T17:00,21.5,0.00,71,16.1,22.8,0.00,0.00,0.00,3,100,100,60,0,5.6,120,105,15.3,18.4,1,0.00,1009.3,995.6
2022-09-13T18:00,20.1,0.00,77,16.0,21.4,0.00,0.00,0.00,3,100,100,28,0,4.7,101,81,11.7,11.5,1,0.00,1009.3,995.5
2022-09-13T19:00,19.0,0.00,80,15.4,19.9,0.00,0.00,0.00,3,100,100,41,0,6.0,81,65,11.7,10.4,0,0.00,1009.2,995.4
2022-09-13T20:00,18.0,0.00,83,15.2,19.0,0.00,0.00,0.00,3,100,100,3,0,5.1,95,82,11.9,12.6,0,0.00,1009.4,995.5
2022-09-13T21:00,17.5,0.00,83,14.6,18.0,0.00,0.00,0.00,3,100,100,4,0,6.5,99,84,13.1,11.9,0,0.00,1009.4,995.5
2022-09-13T22:00,17.3,0.00,80,13.7,17.2,0.00,0.00,0.00,3,100,100,3,0,8.3,112,108,19.9,16.9,0,0.00,1008.8,994.9
2022-09-13T23:00,17.2,0.00,78,13.2,17.0,0.00,0.00,0.00,3,100,100,48,0,8.0,126,108,20.6,16.9,0,0.00,1008.5,994.6
2022-09-14T00:00,17.4,0.00,78,13.5,17.4,0.00,0.00,0.00,3,100,100,91,0,7.2,145,117,16.3,16.6,0,0.00,1008.1,994.2
2022-09-14T01:00,17.7,3.40,89,15.9,19.0,3.40,0.00,0.00,63,100,100,99,9,4.8,88,13,9.0,21.6,0,0.00,1008.5,994.6
2022-09-14T02:00,17.9,2.00,89,16.0,18.7,2.00,0.00,0.00,61,100,100,89,0,8.7,74,60,18.3,16.6,0,0.00,1007.0,993.2
2022-09-14T03:00,17.7,0.60,92,16.4,19.6,0.60,0.00,0.00,53,100,100,100,22,1.6,49,297,3.3,17.3,0,0.00,1007.0,993.2
2022-09-14T04:00,17.5,1.00,94,16.4,19.2,1.00,0.00,0.00,55,100,100,100,5,3.1,156,144,7.1,7.9,0,0.00,1006.9,993.0
2022-09-14T05:00,17.2,1.30,94,16.2,18.4,1.30,0.00,0.00,61,100,100,100,19,6.6,164,131,13.5,16.6,0,0.00,1006.3,992.4
2022-09-14T06:00,17.3,0.70,94,16.3,18.6,0.70,0.00,0.00,53,100,100,100,46,6.3,203,167,13.7,13.7,0,0.00,1005.8,992.0
2022-09-14T07:00,17.5,0.10,94,16.5,18.8,0.10,0.00,0.00,51,100,100,53,100,6.9,213,189,14.6,14.0,1,0.00,1005.7,991.9
2022-09-14T08:00,18.6,0.00,92,17.3,19.2,0.00,0.00,0.00,3,100,100,100,100,13.5,227,224,22.2,26.6,1,0.00,1006.4,992.6
2022-09-14T09:00,19.4,0.00,92,18.1,20.7,0.00,0.00,0.00,3,100,100,13,77,11.6,243,240,18.5,28.8,1,0.00,1006.6,992.8
2022-09-14T10:00,21.6,0.10,86,19.2,23.0,0.10,0.00,0.00,51,100,100,5,48,13.9,248,249,20.2,33.1,1,3600.00,1006.2,992.5
2022-09-14T11:00,22.8,0.10,79,19.0,23.8,0.10,0.00,0.00,51,100,100,11,34,15.8,258,258,22.8,37.8,1,3600.00,1005.9,992.3
2022-09-14T12:00,23.9,0.10,73,18.8,24.7,0.10,0.00,0.00,51,100,100,19,100,16.8,249,247,23.1,39.6,1,3600.00,1005.5,992.0
2022-09-14T13:00,20.0,5.20,95,19.3,22.3,5.20,0.00,0.00,63,100,100,99,20,8.3,194,180,13.7,40.7,1,1932.75,1005.5,991.8
2022-09-14T14:00,21.1,1.30,91,19.5,22.5,1.30,0.00,0.00,61,100,100,53,55,14.8,221,219,24.8,28.4,1,0.00,1004.6,990.9
2022-09-14T15:00,20.1,7.20,93,19.0,20.4,7.20,0.00,0.00,63,100,100,100,43,21.0,231,231,34.8,45.0,1,0.00,1005.2,991.5
2022-09-14T16:00,19.7,1.20,94,18.6,21.1,1.20,0.00,0.00,55,100,100,100,10,12.3,222,218,23.2,42.1,1,0.00,1004.8,991.1
2022-09-14T17:00,20.0,0.40,92,18.6,21.2,0.40,0.00,0.00,51,100,100,1,0,14.0,227,224,25.2,29.2,1,0.00,1004.5,990.8
2022-09-14T18:00,19.9,0.00,87,17.7,20.3,0.00,0.00,0.00,3,100,100,54,13,16.4,232,230,30.0,35.6,1,0.00,1005.2,991.5
2022-09-14T19:00,19.4,0.00,87,17.1,20.5,0.00,0.00,0.00,3,100,91,100,5,10.1,237,235,21.6,34.6,0,0.00,1005.1,991.4
2022-09-14T20:00,18.3,0.00,92,17.0,20.0,0.00,0.00,0.00,3,100,100,34,30,5.6,239,230,17.6,22.0,0,0.00,1005.3,991.5
2022-09-14T21:00,18.8,0.00,91,17.3,19.8,0.00,0.00,0.00,3,100,100,39,19,10.9,244,243,23.7,24.1,0,0.00,1005.4,991.6
2022-09-14T22:00,18.4,0.30,91,16.9,19.6,0.30,0.00,0.00,51,75,40,52,21,8.8,260,261,19.8,25.6,0,0.00,1005.6,991.8
2022-09-14T23:00,18.2,0.30,92,16.9,19.7,0.30,0.00,0.00,51,45,19,30,16,6.5,236,214,16.9,23.8,0,0.00,1005.9,992.1
2022-09-15T00:00,17.8,0.00,94,16.8,18.9,0.00,0.00,0.00,1,28,0,26,13,8.4,231,230,20.5,17.6,0,0.00,1005.7,991.9
2022-09-15T01:00,17.4,0.50,96,16.7,18.4,0.50,0.00,0.00,53,95,91,100,100,8.9,232,223,19.2,31.7,0,0.00,1005.7,991.9
2022-09-15T02:00,17.7,2.90,92,16.3,17.9,2.90,0.00,0.00,63,100,55,65,100,13.5,233,226,23.4,27.7,0,0.00,1005.4,991.6
2022-09-15T03:00,17.7,0.20,91,16.2,17.6,0.20,0.00,0.00,51,100,44,100,100,15.3,244,243,27.2,35.6,0,0.00,1005.1,991.3
2022-09-15T04:00,17.6,0.50,92,16.3,17.1,0.50,0.00,0.00,53,100,93,100,100,18.1,258,257,31.3,37.8,0,0.00,1005.2,991.4
2022-09-15T05:00,17.3,0.50,93,16.2,17.4,0.50,0.00,0.00,53,100,55,89,100,14.4,272,270,25.6,37.4,0,0.00,1005.4,991.6
2022-09-15T06:00,16.9,0.60,95,16.1,17.4,0.60,0.00,0.00,53,100,100,100,100,10.9,280,278,19.8,29.5,0,0.00,1005.9,992.0
2022-09-15T07:00,16.5,1.50,95,15.7,16.4,1.50,0.00,0.00,61,100,100,100,100,13.6,312,310,22.7,26.6,1,0.00,1006.4,992.5
2022-09-15T08:00,15.8,0.90,95,15.0,15.5,0.90,0.00,0.00,53,100,97,100,100,13.5,329,326,21.5,30.6,1,0.00,1007.1,993.2
2022-09-15T09:00,16.3,0.30,91,14.9,16.4,0.30,0.00,0.00,51,94,41,59,74,10.7,345,340,15.6,27.4,1,0.00,1007.6,993.7
2022-09-15T10:00,16.8,0.20,88,14.8,17.1,0.20,0.00,0.00,51,100,100,87,100,9.3,333,332,12.9,23.4,1,0.00,1008.1,994.2
2022-09-15T11:00,17.2,0.00,85,14.7,16.9,0.00,0.00,0.00,3,100,100,39,98,12.2,319,317,16.3,26.6,1,0.00,1008.5,994.6
2022-09-15T12:00,17.1,0.00,80,13.7,16.5,0.00,0.00,0.00,3,100,7,2,100,12.1,326,323,17.4,27.4,1,0.00,1008.4,994.5
2022-09-15T13:00,17.1,0.00,75,12.6,16.7,0.00,0.00,0.00,3,89,12,39,100,8.2,323,322,10.8,29.5,1,3600.00,1009.0,995.1
2022-09-15T14:00,17.7,0.00,71,12.3,17.0,0.00,0.00,0.00,3,100,100,17,56,9.7,314,309,14.0,22.0,1,0.00,1008.8,994.9
2022-09-15T15:00,19.0,0.00,64,11.9,17.4,0.00,0.00,0.00,2,72,25,53,21,14.5,306,305,20.6,31.7,1,3600.00,1008.8,995.0
2022-09-15T16:00,18.8,0.00,63,11.6,17.5,0.00,0.00,0.00,2,51,0,26,38,12.2,319,317,18.1,31.7,1,3600.00,1008.6,994.8
2022-09-15T17:00,18.6,0.00,61,11.0,17.4,0.00,0.00,0.00,1,32,0,19,22,10.2,330,328,15.8,27.4,1,3600.00,1008.8,995.0
2022-09-15T18:00,17.3,0.00,75,12.9,17.6,0.00,0.00,0.00,1,23,0,22,10,4.4,336,325,8.7,22.0,1,3600.00,1009.0,995.1
2022-09-15T19:00,15.0,0.00,75,10.6,14.6,0.00,0.00,0.00,3,100,0,100,100,3.9,277,202,5.8,9.0,0,0.00,1009.0,995.0
2022-09-15T20:00,16.0,0.00,68,10.2,15.3,0.00,0.00,0.00,3,100,0,100,100,5.3,232,208,10.5,10.1,0,0.00,1009.7,995.7
2022-09-15T21:00,16.2,0.00,73,11.3,15.9,0.00,0.00,0.00,2,64,0,47,33,4.7,217,212,13.6,12.2,0,0.00,1010.1,996.1
2022-09-15T22:00,15.0,0.10,82,11.9,14.7,0.10,0.00,0.00,51,22,0,14,11,6.1,293,298,15.6,11.9,0,0.00,1010.6,996.6
2022-09-15T23:00,14.2,0.00,81,11.0,13.2,0.00,0.00,0.00,2,76,73,1,11,8.5,348,348,19.1,20.5,0,0.00,1010.8,996.7
2022-09-16T00:00,12.9,0.00,89,11.1,12.5,0.00,0.00,0.00,1,38,26,14,13,5.0,338,339,14.4,17.3,0,0.00,1011.0,996.9
2022-09-16T01:00,14.9,0.00,81,11.7,14.8,0.00,0.00,0.00,2,79,6,100,100,4.1,319,308,10.0,11.2,0,0.00,1011.3,997.3
2022-09-16T02:00,14.7,0.00,82,11.7,14.5,0.00,0.00,0.00,3,100,86,100,8,4.7,310,293,11.2,10.1,0,0.00,1011.4,997.4
2022-09-16T03:00,14.4,0.00,84,11.7,14.3,0.00,0.00,0.00,3,100,98,100,54,4.4,314,305,12.0,13.7,0,0.00,1011.3,997.2
2022-09-16T04:00,14.4,0.00,83,11.6,14.2,0.00,0.00,0.00,3,100,91,100,100,4.9,310,287,11.2,11.9,0,0.00,1011.3,997.2
2022-09-16T05:00,14.3,0.00,86,11.9,14.2,0.00,0.00,0.00,3,100,38,100,100,4.4,279,261,9.5,11.2,0,0.00,1011.1,997.0
2022-09-16T06:00,14.2,0.00,83,11.4,14.0,0.00,0.00,0.00,3,100,35,100,100,4.7,303,293,10.7,10.4,0,0.00,1010.6,996.5
2022-09-16T07:00,14.2,0.00,84,11.6,13.9,0.00,0.00,0.00,3,100,1,100,7,5.5,270,259,11.5,12.6,1,0.00,1010.8,996.7
2022-09-16T08:00,14.5,0.00,76,10.3,13.6,0.00,0.00,0.00,3,100,0,100,21,6.6,283,279,11.1,17.3,1,0.00,1010.9,996.9
2022-09-16T09:00,14.8,0.00,70,9.4,13.0,0.00,0.00,0.00,3,100,0,100,8,11.7,306,304,17.0,24.5,1,0.00,1011.2,997.2
2022-09-16T10:00,15.3,0.00,65,8.8,13.1,0.00,0.00,0.00,1,25,0,22,16,13.0,305,304,18.4,28.1,1,2596.43,1011.3,997.3
2022-09-16T11:00,16.4,0.00,60,8.6,14.1,0.00,0.00,0.00,0,7,0,2,5,13.0,299,298,18.0,30.6,1,3600.00,1011.3,997.3
2022-09-16T12:00,17.3,0.00,54,7.9,14.9,0.00,0.00,0.00,1,27,0,20,16,15.2,293,292,20.8,34.6,1,3600.00,1011.0,997.1
2022-09-16T13:00,16.0,0.00,60,8.2,14.1,0.00,0.00,0.00,1,29,0,17,22,13.0,276,275,18.1,34.6,1,3600.00,1011.3,997.3
2022-09-16T14:00,17.1,0.00,54,7.6,14.3,0.00,0.00,0.00,1,37,0,30,20,15.1,288,288,20.8,33.5,1,3600.00,1010.8,996.9
2022-09-16T15:00,16.8,0.00,52,6.9,13.4,0.00,0.00,0.00,2,58,0,53,31,17.2,297,296,24.3,36.7,1,3600.00,1010.5,996.6
2022-09-16T16:00,16.1,0.10,58,8.0,13.4,0.10,0.00,0.00,51,49,0,36,32,15.1,297,295,22.2,37.4,1,3600.00,1010.6,996.6
2022-09-16T17:00,14.4,1.20,70,9.0,10.9,1.20,0.00,0.00,55,72,0,69,37,22.0,290,288,33.0,42.1,1,3600.00,1011.1,997.0
2022-09-16T18:00,12.1,0.80,83,9.4,10.5,0.80,0.00,0.00,53,93,1,93,1,9.7,323,318,16.2,46.8,1,3227.79,1011.6,997.4
2022-09-16T19:00,12.1,0.00,84,9.6,11.1,0.00,0.00,0.00,3,100,0,100,2,6.0,308,303,14.1,20.5,0,0.00,1012.0,997.8
2022-09-16T20:00,12.5,0.10,82,9.5,11.0,0.10,0.00,0.00,51,94,0,93,19,9.1,294,288,17.7,19.1,0,0.00,1012.2,998.0
2022-09-16T21:00,12.2,0.00,81,9.0,10.4,0.00,0.00,0.00,1,28,0,7,25,10.4,294,290,20.1,21.2,0,0.00,1012.4,998.2
2022-09-16T22:00,11.0,0.00,83,8.3,9.1,0.00,0.00,0.00,1,37,0,0,37,9.8,291,287,21.2,21.6,0,0.00,1012.9,998.7
2022-09-16T23:00,10.6,0.00,82,7.6,8.4,0.00,0.00,0.00,1,29,0,3,29,10.8,295,291,22.2,22.7,0,0.00,1013.4,999.1
2022-09-17T00:00,9.8,0.00,84,7.2,7.7,0.00,0.00,0.00,1,35,0,2,33,9.8,293,287,21.1,22.7,0,0.00,1013.5,999.2
2022-09-17T01:00,9.9,0.00,89,8.3,8.0,0.00,0.00,0.00,1,27,0,2,31,10.3,286,282,20.6,20.9,0,0.00,1013.8,999.5
2022-09-17T02:00,9.3,0.00,92,8.0,7.6,0.00,0.00,0.00,1,20,0,1,19,7.6,285,278,17.9,22.0,0,0.00,1013.9,999.5
2022-09-17T03:00,8.8,0.00,92,7.7,7.3,0.00,0.00,0.00,1,29,0,18,13,6.5,274,264,16.6,16.9,0,0.00,1013.9,999.5
2022-09-17T04:00,8.7,0.00,93,7.6,7.0,0.00,0.00,0.00,1,31,0,0,31,6.8,276,267,17.0,15.8,0,0.00,1014.0,999.6
2022-09-17T05:00,8.9,0.10,93,7.8,7.2,0.10,0.00,0.00,51,98,93,94,55,8.0,285,278,18.3,18.4,0,0.00,1014.1,999.7
2022-09-17T06:00,9.3,0.10,90,7.7,7.1,0.10,0.00,0.00,51,100,100,100,84,10.9,285,276,19.4,23.0,0,0.00,1014.3,999.9
2022-09-17T07:00,9.7,0.20,87,7.7,7.4,0.20,0.00,0.00,51,100,100,100,100,11.7,286,281,19.5,24.5,1,0.00,1014.6,1000.3
2022-09-17T08:00,10.5,0.00,85,8.0,8.1,0.00,0.00,0.00,3,100,0,80,100,12.7,289,285,19.0,27.0,1,0.00,1014.8,1000.5
2022-09-17T09:00,11.3,0.10,80,7.9,8.2,0.10,0.00,0.00,51,46,0,10,45,17.4,295,294,25.8,37.4,1,1453.81,1015.1,1000.8
2022-09-17T10:00,13.1,0.10,69,7.5,10.0,0.10,0.00,0.00,51,100,45,10,100,16.6,302,300,24.3,39.6,1,3600.00,1015.1,1000.9
2022-09-17T11:00,14.0,0.00,62,6.8,10.7,0.00,0.00,0.00,2,77,0,10,76,16.8,300,298,24.2,40.0,1,3600.00,1015.1,1001.0
2022-09-17T12:00,14.7,0.00,58,6.4,11.3,0.00,0.00,0.00,3,98,41,52,96,17.4,295,294,25.1,39.2,1,3600.00,1014.6,1000.5
2022-09-17T13:00,12.0,0.00,79,8.5,9.5,0.00,0.00,0.00,3,100,92,91,6,13.9,288,287,21.2,42.5,1,3167.52,1015.6,1001.4
2022-09-17T14:00,14.0,0.10,60,6.4,10.4,0.10,0.00,0.00,51,95,91,25,35,18.6,292,292,26.3,40.3,1,3600.00,1014.8,1000.7
2022-09-17T15:00,14.5,0.00,61,7.0,11.1,0.00,0.00,0.00,1,30,5,21,11,18.1,276,275,26.1,43.9,1,3600.00,1014.5,1000.4
2022-09-17T16:00,15.0,0.10,59,7.1,11.8,0.10,0.00,0.00,51,100,8,17,100,16.6,278,275,24.3,43.2,1,3600.00,1014.1,1000.0
2022-09-17T17:00,12.3,1.00,74,7.7,8.5,1.00,0.00,0.00,55,79,27,73,18,21.3,303,300,33.1,43.6,1,1967.72,1014.9,1000.7
2022-09-17T18:00,11.2,1.30,81,8.1,9.6,1.30,0.00,0.00,61,77,4,75,21,7.6,281,270,15.0,43.6,1,535.09,1015.2,1000.9
2022-09-17T19:00,11.0,0.00,83,8.2,9.1,0.00,0.00,0.00,2,76,0,73,17,9.8,282,276,21.0,23.8,0,0.00,1015.6,1001.3
2022-09-17T20:00,10.9,0.20,79,7.3,8.2,0.20,0.00,0.00,51,65,0,61,19,13.2,301,296,26.0,27.0,0,0.00,1016.3,1002.0
2022-09-17T21:00,10.7,0.00,78,7.1,7.8,0.00,0.00,0.00,0,15,0,5,14,14.6,293,290,27.1,30.2,0,0.00,1016.8,1002.5
2022-09-17T22:00,9.8,0.10,82,6.8,7.1,0.10,0.00,0.00,51,51,0,32,34,12.8,292,292,24.9,29.9,0,0.00,1017.0,1002.6
2022-09-17T23:00,10.1,0.30,82,7.1,7.4,0.30,0.00,0.00,51,89,24,82,17,12.8,284,280,24.4,28.1,0,0.00,1017.4,1003.0
2022-09-18T00:00,9.8,0.00,85,7.4,7.5,0.00,0.00,0.00,3,100,0,100,12,10.9,272,264,21.6,26.6,0,0.00,1017.2,1002.8
2022-09-18T01:00,10.4,0.00,82,7.5,7.8,0.00,0.00,0.00,2,76,23,100,100,13.0,269,264,24.5,24.8,0,0.00,1017.6,1003.3
2022-09-18T02:00,10.2,0.60,85,7.8,7.7,0.60,0.00,0.00,53,100,40,100,44,13.0,252,246,22.8,28.8,0,0.00,1017.6,1003.2
2022-09-18T03:00,10.3,0.10,88,8.4,8.2,0.10,0.00,0.00,51,100,98,100,40,11.5,258,250,21.0,26.6,0,0.00,1017.4,1003.1
2022-09-18T04:00,10.4,0.20,89,8.7,8.3,0.20,0.00,0.00,51,100,88,100,37,12.0,261,254,21.5,24.8,0,0.00,1017.2,1002.9
2022-09-18T05:00,10.5,0.10,90,8.8,8.4,0.10,0.00,0.00,51,100,76,100,34,12.0,258,249,21.7,25.6,0,0.00,1017.0,1002.7
2022-09-18T06:00,10.4,0.10,92,9.1,8.4,0.10,0.00,0.00,51,100,95,100,100,11.6,248,240,21.3,25.2,0,0.00,1017.0,1002.7
2022-09-18T07:00,10.5,0.40,92,9.3,8.6,0.40,0.00,0.00,51,100,100,100,61,12.1,247,240,21.9,25.6,1,0.00,1017.2,1002.9
2022-09-18T08:00,10.8,0.30,90,9.2,8.7,0.30,0.00,0.00,51,100,99,100,40,12.6,252,243,22.0,26.6,1,0.00,1017.5,1003.2
2022-09-18T09:00,11.4,0.00,88,9.5,9.3,0.00,0.00,0.00,3,100,100,98,37,13.1,258,249,21.7,27.7,1,0.00,1017.6,1003.3
2022-09-18T10:00,12.9,0.00,82,9.9,10.5,0.00,0.00,0.00,3,100,100,81,55,15.8,255,253,22.7,38.2,1,3208.09,1017.5,1003.3
2022-09-18T11:00,14.1,0.10,71,9.0,11.2,0.10,0.00,0.00,51,100,100,100,45,18.0,269,268,25.9,42.8,1,600.59,1017.3,1003.1
2022-09-18T12:00,14.3,0.10,66,8.0,10.8,0.10,0.00,0.00,51,100,100,100,50,20.8,262,261,29.8,45.4,1,1303.91,1016.8,1002.7
2022-09-18T13:00,14.4,0.00,57,6.1,10.4,0.00,0.00,0.00,3,100,100,99,61,20.7,263,263,30.8,46.4,1,0.00,1017.0,1002.9
2022-09-18T14:00,14.7,0.00,52,5.0,9.7,0.00,0.00,0.00,3,100,100,100,100,26.0,266,266,39.0,54.0,1,211.22,1016.4,1002.3
2022-09-18T15:00,14.2,0.00,55,5.2,10.1,0.00,0.00,0.00,3,100,99,99,38,20.2,260,259,32.9,53.6,1,0.00,1016.0,1001.9
2022-09-18T16:00,14.3,0.00,53,5.0,10.6,0.00,0.00,0.00,3,100,99,100,97,16.7,254,251,28.5,42.1,1,0.00,1015.5,1001.4
2022-09-18T17:00,14.0,0.20,57,5.6,10.3,0.20,0.00,0.00,51,100,91,100,35,17.9,256,255,30.5,37.8,1,0.00,1015.0,1000.9
2022-09-18T18:00,12.5,0.70,72,7.6,9.8,0.70,0.00,0.00,53,100,100,100,48,14.4,265,266,26.4,37.4,1,0.00,1015.0,1000.8
2022-09-18T19:00,11.2,0.90,84,8.6,8.7,0.90,0.00,0.00,53,100,59,100,18,14.6,282,279,27.6,39.2,0,0.00,1015.2,1000.9
2022-09-18T20:00,11.6,0.20,80,8.4,9.1,0.20,0.00,0.00,51,100,0,100,97,14.5,280,276,26.3,32.0,0,0.00,1015.2,1000.9
2022-09-18T21:00,11.7,0.10,79,8.2,9.1,0.10,0.00,0.00,51,100,0,100,100,14.4,272,270,25.6,30.2,0,0.00,1015.1,1000.9
2022-09-18T22:00,11.0,0.50,85,8.7,8.6,0.50,0.00,0.00,53,100,0,100,100,14.1,283,283,26.3,36.0,0,0.00,1015.0,1000.7
2022-09-18T23:00,10.6,2.60,91,9.2,8.6,2.60,0.00,0.00,63,100,2,100,100,11.8,313,310,20.6,34.9,0,0.00,1015.5,1001.2
2022-09-19T00:00,10.5,0.70,90,8.9,8.4,0.70,0.00,0.00,53,10,0,7,3,12.8,324,320,22.2,29.2,0,0.00,1016.0,1001.7
2022-09-19T01:00,9.2,0.00,89,7.5,6.8,0.00,0.00,0.00,0,11,0,9,7,11.4,300,294,22.9,27.7,0,0.00,1017.2,1002.8
2022-09-19T02:00,8.6,0.00,90,7.1,6.4,0.00,0.00,0.00,0,12,0,6,6,10.1,279,270,22.3,24.5,0,0.00,1017.7,1003.3
2022-09-19T03:00,8.3,0.00,90,6.8,6.0,0.00,0.00,0.00,1,39,0,27,27,10.2,269,260,22.3,22.7,0,0.00,1018.1,1003.6
2022-09-19T04:00,8.5,0.00,89,6.7,6.2,0.00,0.00,0.00,2,62,6,3,58,9.7,278,270,20.7,23.0,0,0.00,1018.5,1004.0
2022-09-19T05:00,8.5,0.00,89,6.7,6.5,0.00,0.00,0.00,2,70,0,0,70,7.9,279,267,18.2,20.9,0,0.00,1018.8,1004.3
2022-09-19T06:00,8.3,0.00,91,6.8,6.5,0.00,0.00,0.00,3,100,0,0,100,6.6,279,261,15.7,17.6,0,0.00,1019.3,1004.8
2022-09-19T07:00,8.9,0.00,89,7.2,7.2,0.00,0.00,0.00,3,100,0,0,100,7.1,279,255,13.8,15.5,1,0.00,1020.0,1005.5
2022-09-19T08:00,9.5,0.00,88,7.6,7.8,0.00,0.00,0.00,2,68,0,0,68,7.4,265,256,11.6,17.6,1,1247.80,1020.4,1006.0
2022-09-19T09:00,10.9,0.00,83,8.1,9.1,0.00,0.00,0.00,3,100,2,1,100,9.0,270,265,12.6,21.2,1,3600.00,1020.9,1006.5
2022-09-19T10:00,12.0,0.20,77,8.1,9.5,0.20,0.00,0.00,51,100,1,10,100,13.7,305,305,19.4,29.9,1,3191.45,1021.0,1006.7
2022-09-19T11:00,12.8,0.00,73,8.0,10.7,0.00,0.00,0.00,3,100,7,32,100,10.8,297,296,15.3,29.5,1,1878.64,1021.1,1006.8
2022-09-19T12:00,13.9,0.00,70,8.4,11.8,0.00,0.00,0.00,3,94,0,27,94,11.1,284,283,15.2,27.4,1,866.72,1020.9,1006.7
2022-09-19T13:00,14.1,0.10,71,8.9,12.0,0.10,0.00,0.00,51,100,4,54,17,12.8,291,292,17.8,30.2,1,3600.00,1021.3,1007.1
2022-09-19T14:00,14.8,0.10,68,8.9,12.5,0.10,0.00,0.00,51,48,18,22,26,13.6,292,292,18.6,32.0,1,3600.00,1021.0,1006.8
2022-09-19T15:00,15.3,0.00,63,8.2,12.8,0.00,0.00,0.00,1,29,0,24,11,13.5,297,295,18.5,32.8,1,3600.00,1020.7,1006.6
2022-09-19T16:00,15.3,0.00,61,7.9,12.9,0.00,0.00,0.00,1,29,0,23,22,12.6,294,294,17.7,32.0,1,3600.00,1020.5,1006.4
2022-09-19T17:00,14.8,0.10,62,7.6,12.5,0.10,0.00,0.00,51,33,0,31,11,11.5,292,290,18.3,29.9,1,3600.00,1020.5,1006.3
2022-09-19T18:00,13.2,0.10,71,8.0,11.8,0.10,0.00,0.00,51,43,12,25,21,5.8,274,263,14.8,26.6,1,3569.69,1020.7,1006.5
2022-09-19T19:00,11.8,0.00,75,7.5,10.2,0.00,0.00,0.00,1,40,0,28,19,6.1,276,267,17.0,13.7,0,0.00,1020.9,1006.6
2022-09-19T20:00,11.4,0.00,76,7.3,9.6,0.00,0.00,0.00,2,59,0,49,29,7.7,306,307,20.1,16.2,0,0.00,1021.6,1007.2
2022-09-19T21:00,11.1,0.00,76,7.1,9.3,0.00,0.00,0.00,2,76,0,76,1,7.3,329,327,18.4,19.8,0,0.00,1021.7,1007.3
2022-09-19T22:00,10.4,0.00,81,7.3,8.9,0.00,0.00,0.00,3,100,0,100,2,5.6,322,320,15.9,15.5,0,0.00,1022.0,1007.6
2022-09-19T23:00,11.0,0.00,80,7.7,9.5,0.00,0.00,0.00,1,22,14,6,3,5.8,306,292,14.7,13.7,0,0.00,1022.0,1007.6
2022-09-20T00:00,9.3,0.00,89,7.5,7.7,0.00,0.00,0.00,1,38,8,18,26,6.0,304,295,16.1,13.7,0,0.00,1022.3,1007.8
2022-09-20T01:00,9.6,0.00,93,8.6,8.5,0.00,0.00,0.00,1,46,1,55,22,5.1,284,278,14.5,13.0,0,0.00,1022.6,1008.1
2022-09-20T02:00,8.9,0.00,94,8.0,7.7,0.00,0.00,0.00,1,20,0,15,6,4.9,293,287,13.7,13.3,0,0.00,1022.5,1008.0
2022-09-20T03:00,8.5,0.00,93,7.5,7.1,0.00,0.00,0.00,2,51,0,29,35,5.4,316,312,16.0,12.6,0,0.00,1022.6,1008.1
2022-09-20T04:00,7.7,0.00,96,7.1,6.0,0.00,0.00,0.00,0,16,0,15,1,6.4,321,308,11.5,12.2,0,0.00,1022.5,1007.9
2022-09-20T05:00,7.6,0.00,96,6.9,6.0,0.00,0.00,0.00,0,0,0,0,0,5.5,310,281,9.4,11.9,0,0.00,1022.6,1008.0
2022-09-20T06:00,6.7,0.00,98,6.4,4.8,0.00,0.00,0.00,0,2,0,2,0,6.6,308,292,10.0,11.2,0,0.00,1022.7,1008.1
2022-09-20T07:00,7.8,0.00,98,7.5,6.5,0.00,0.00,0.00,0,5,0,3,3,4.2,310,290,8.9,11.5,1,698.43,1023.3,1008.7
2022-09-20T08:00,10.0,0.00,92,8.7,9.0,0.00,0.00,0.00,0,0,0,0,0,3.9,315,304,7.1,11.9,1,3600.00,1023.6,1009.1
2022-09-20T09:00,11.3,0.00,85,8.8,9.9,0.00,0.00,0.00,1,45,0,1,45,7.5,328,325,10.2,18.0,1,3600.00,1023.9,1009.5
2022-09-20T10:00,12.7,0.00,78,9.1,11.3,0.00,0.00,0.00,1,33,0,5,29,8.0,327,324,10.7,23.8,1,3600.00,1023.9,1009.6
2022-09-20T11:00,13.4,0.00,75,9.1,11.8,0.00,0.00,0.00,1,20,0,11,10,9.7,322,318,12.8,26.6,1,3600.00,1023.7,1009.4
2022-09-20T12:00,14.0,0.30,70,8.5,11.7,0.30,0.00,0.00,51,39,0,34,25,13.0,319,318,17.6,29.9,1,3600.00,1023.4,1009.2
2022-09-20T13:00,14.2,0.00,60,6.6,11.8,0.00,0.00,0.00,1,28,0,45,47,10.4,314,314,14.0,29.9,1,3600.00,1023.8,1009.6
2022-09-20T14:00,14.4,0.00,58,6.2,11.7,0.00,0.00,0.00,3,83,0,81,28,12.0,320,321,16.9,26.6,1,3600.00,1023.5,1009.3
2022-09-20T15:00,13.8,0.00,59,5.9,11.0,0.00,0.00,0.00,3,100,0,100,7,12.1,330,330,17.1,27.4,1,1585.71,1023.6,1009.3
2022-09-20T16:00,13.4,0.00,61,6.0,11.1,0.00,0.00,0.00,0,16,0,16,0,8.7,330,330,12.9,25.6,1,0.00,1023.6,1009.3
2022-09-20T17:00,13.4,0.00,61,6.0,11.4,0.00,0.00,0.00,2,72,0,67,15,7.2,325,323,11.4,20.2,1,3600.00,1023.5,1009.2
2022-09-20T18:00,11.9,0.00,77,8.0,10.7,0.00,0.00,0.00,2,65,0,64,4,4.8,313,297,8.9,15.8,1,3442.24,1023.6,1009.2
2022-09-20T19:00,10.7,0.00,77,6.8,9.1,0.00,0.00,0.00,1,22,0,15,9,5.6,304,285,10.9,10.1,0,0.00,1024.1,1009.7
2022-09-20T20:00,9.8,0.00,80,6.6,8.1,0.00,0.00,0.00,0,16,0,12,5,5.9,316,308,14.5,11.2,0,0.00,1024.7,1010.2
2022-09-20T21:00,8.9,0.00,86,6.6,7.2,0.00,0.00,0.00,0,15,0,12,3,6.1,349,357,13.2,11.2,0,0.00,1025.2,1010.7
2022-09-20T22:00,8.4,0.00,88,6.5,6.6,0.00,0.00,0.00,0,12,0,10,7,6.3,355,13,12.3,10.8,0,0.00,1025.5,1010.9
2022-09-20T23:00,7.5,0.00,90,5.9,5.5,0.00,0.00,0.00,0,1,0,1,0,6.8,356,32,10.8,10.8,0,0.00,1025.6,1011.0
2022-09-21T00:00,6.7,0.00,91,5.3,4.7,0.00,0.00,0.00,0,3,0,0,3,5.8,8,60,7.6,10.4,0,0.00,1025.7,1011.0
2022-09-21T01:00,7.9,0.00,91,6.6,6.3,0.00,0.00,0.00,0,0,0,1,27,4.8,25,48,10.3,9.0,0,0.00,1025.8,1011.2
2022-09-21T02:00,6.8,0.00,93,5.8,5.1,0.00,0.00,0.00,0,1,0,1,1,4.5,30,61,7.9,10.1,0,0.00,1025.8,1011.2
2022-09-21T03:00,6.1,0.00,94,5.3,4.3,0.00,0.00,0.00,0,4,0,0,4,4.3,69,95,5.0,8.3,0,0.00,1025.9,1011.2
2022-09-21T04:00,6.1,0.00,94,5.2,4.2,0.00,0.00,0.00,0,1,0,0,1,4.5,108,104,6.8,8.6,0,0.00,1026.1,1011.4
2022-09-21T05:00,5.9,0.00,95,5.1,4.0,0.00,0.00,0.00,0,1,0,0,1,4.7,113,99,8.2,9.7,0,0.00,1026.3,1011.6
2022-09-21T06:00,5.7,0.00,95,4.9,3.7,0.00,0.00,0.00,0,0,0,0,0,4.7,99,94,9.1,9.7,0,0.00,1026.3,1011.6
2022-09-21T07:00,6.8,0.00,91,5.5,4.9,0.00,0.00,0.00,0,0,0,0,0,5.4,100,90,9.9,10.1,1,386.35,1026.5,1011.8
2022-09-21T08:00,9.4,0.00,84,6.8,8.4,0.00,0.00,0.00,0,0,0,0,0,1.1,93,18,6.1,10.8,1,3600.00,1027.0,1012.5
2022-09-21T09:00,11.4,0.00,77,7.6,10.6,0.00,0.00,0.00,0,0,0,0,0,1.1,37,360,1.8,9.0,1,3600.00,1027.1,1012.7
2022-09-21T10:00,13.3,0.00,73,8.5,12.6,0.00,0.00,0.00,0,0,0,0,0,1.9,40,22,2.8,11.2,1,3600.00,1026.8,1012.5
2022-09-21T11:00,15.1,0.10,60,7.5,13.7,0.10,0.00,0.00,51,59,0,31,50,5.6,62,63,7.7,16.6,1,3600.00,1026.4,1012.2
2022-09-21T12:00,16.3,0.00,53,6.8,14.5,0.00,0.00,0.00,1,41,0,2,40,7.5,73,73,10.1,19.1,1,3600.00,1025.7,1011.5
2022-09-21T13:00,16.7,0.00,52,6.8,14.5,0.00,0.00,0.00,2,72,0,12,41,10.1,88,90,13.7,21.2,1,3600.00,1025.7,1011.6
2022-09-21T14:00,17.0,0.00,48,5.9,14.4,0.00,0.00,0.00,2,59,0,58,13,10.4,91,92,14.4,24.8,1,3600.00,1025.2,1011.1
2022-09-21T15:00,16.9,0.00,47,5.6,14.3,0.00,0.00,0.00,1,30,0,29,1,9.7,90,92,13.7,24.5,1,3600.00,1024.8,1010.7
2022-09-21T16:00,16.7,0.00,47,5.2,14.2,0.00,0.00,0.00,1,43,0,43,9,9.1,83,81,13.8,22.0,1,3600.00,1024.4,1010.3
2022-09-21T17:00,16.2,0.00,52,6.3,14.3,0.00,0.00,0.00,0,19,0,17,2,6.4,75,74,12.7,20.5,1,3600.00,1024.1,1010.0
2022-09-21T18:00,13.8,0.00,62,6.6,12.1,0.00,0.00,0.00,0,2,0,2,0,5.4,63,53,13.7,14.0,1,3313.81,1024.2,1009.9
2022-09-21T19:00,12.2,0.00,60,4.6,9.4,0.00,0.00,0.00,0,0,0,0,0,10.0,67,60,22.7,19.4,0,0.00,1024.4,1010.0
2022-09-21T20:00,11.6,0.00,57,3.3,8.5,0.00,0.00,0.00,0,0,0,0,0,10.5,71,68,24.0,21.6,0,0.00,1025.0,1010.6
2022-09-21T21:00,10.8,0.00,58,2.9,7.6,0.00,0.00,0.00,0,0,0,0,0,10.7,80,76,24.1,20.9,0,0.00,1024.9,1010.5
2022-09-21T22:00,10.3,0.00,59,2.7,7.0,0.00,0.00,0.00,0,2,2,0,0,10.5,86,82,23.8,21.2,0,0.00,1024.9,1010.4
2022-09-21T23:00,9.9,0.00,60,2.6,6.5,0.00,0.00,0.00,0,5,5,0,0,11.2,92,86,24.1,22.0,0,0.00,1024.8,1010.3
2022-09-22T00:00,9.6,0.00,62,2.6,6.3,0.00,0.00,0.00,0,0,0,0,0,10.8,93,94,24.5,22.3,0,0.00,1024.7,1010.2
2022-09-22T01:00,9.0,0.00,69,3.6,6.3,0.00,0.00,0.00,0,0,2,0,0,8.5,97,102,22.1,21.6,0,0.00,1024.9,1010.4
2022-09-22T02:00,7.9,0.00,76,3.8,5.3,0.00,0.00,0.00,0,12,12,0,0,7.7,98,101,21.1,17.6,0,0.00,1024.9,1010.3
2022-09-22T03:00,7.3,0.00,80,4.1,4.9,0.00,0.00,0.00,2,70,70,0,0,6.5,100,93,19.4,16.2,0,0.00,1024.7,1010.1
2022-09-22T04:00,6.8,0.00,83,4.2,4.6,0.00,0.00,0.00,1,22,22,0,0,5.8,96,86,16.7,13.7,0,0.00,1024.6,1010.0
2022-09-22T05:00,6.3,0.00,86,4.2,4.1,0.00,0.00,0.00,0,0,0,0,0,5.4,100,98,16.5,11.9,0,0.00,1024.4,1009.7
2022-09-22T06:00,6.2,0.00,86,4.1,3.9,0.00,0.00,0.00,0,4,4,0,0,6.0,104,107,17.5,12.6,0,0.00,1024.2,1009.5
2022-09-22T07:00,7.3,0.00,84,4.7,5.1,0.00,0.00,0.00,0,0,0,0,0,6.0,103,107,17.0,13.0,1,466.23,1024.2,1009.6
2022-09-22T08:00,9.6,0.00,78,6.0,7.9,0.00,0.00,0.00,0,0,0,0,0,4.6,102,108,15.8,14.0,1,3600.00,1024.2,1009.7
2022-09-22T09:00,11.9,0.00,72,7.1,10.4,0.00,0.00,0.00,0,0,0,0,0,4.9,103,107,8.1,14.8,1,3600.00,1024.1,1009.7
2022-09-22T10:00,14.0,0.00,66,7.9,12.7,0.00,0.00,0.00,0,0,0,0,0,5.2,101,102,7.3,15.8,1,3600.00,1023.8,1009.5
2022-09-22T11:00,15.7,0.00,58,7.5,14.2,0.00,0.00,0.00,0,0,0,0,0,6.4,104,106,8.9,18.4,1,3600.00,1023.6,1009.4
2022-09-22T12:00,16.8,0.00,52,7.0,15.4,0.00,0.00,0.00,0,0,0,0,0,7.5,104,107,10.4,20.5,1,3600.00,1023.1,1009.0
2022-09-22T13:00,17.6,0.00,48,6.6,15.8,0.00,0.00,0.00,0,0,0,0,1,10.0,105,105,13.8,22.3,1,3600.00,1022.7,1008.6
2022-09-22T14:00,17.9,0.00,47,6.5,15.9,0.00,0.00,0.00,0,5,0,0,5,9.2,108,111,12.5,24.5,1,3600.00,1022.2,1008.2
2022-09-22T15:00,18.0,0.00,46,6.1,15.6,0.00,0.00,0.00,0,7,0,0,7,9.4,112,113,12.8,22.3,1,3600.00,1021.6,1007.6
2022-09-22T16:00,17.7,0.00,45,5.7,15.2,0.00,0.00,0.00,0,1,0,0,1,9.3,117,118,13.7,22.0,1,3600.00,1021.0,1007.0
2022-09-22T17:00,16.8,0.00,52,6.9,15.2,0.00,0.00,0.00,0,0,0,0,0,5.6,128,130,13.3,20.5,1,3600.00,1020.6,1006.5
2022-09-22T18:00,13.9,0.00,61,6.6,12.2,0.00,0.00,0.00,0,0,0,0,0,6.1,126,118,15.5,13.0,1,3184.46,1020.5,1006.3
2022-09-22T19:00,12.5,0.00,60,5.0,10.3,0.00,0.00,0.00,0,0,0,0,0,6.2,108,80,14.8,13.0,0,0.00,1020.5,1006.2
2022-09-22T20:00,11.3,0.00,68,5.6,8.8,0.00,0.00,0.00,0,0,0,0,0,9.0,81,67,17.9,16.9,0,0.00,1020.7,1006.4
2022-09-22T21:00,11.5,0.00,61,4.3,8.3,0.00,0.00,0.00,0,0,0,0,0,12.3,88,85,27.0,23.4,0,0.00,1020.7,1006.4
2022-09-22T22:00,11.5,0.00,58,3.5,8.0,0.00,0.00,0.00,0,0,0,0,0,13.4,100,95,28.1,25.6,0,0.00,1020.5,1006.2
2022-09-22T23:00,10.6,0.00,62,3.6,7.2,0.00,0.00,0.00,0,3,3,0,0,12.8,107,100,26.8,25.9,0,0.00,1020.5,1006.1
2022-09-23T00:00,9.9,0.00,65,3.7,6.5,0.00,0.00,0.00,0,17,17,0,0,13.2,110,101,27.2,25.9,0,0.00,1020.3,1005.9
2022-09-23T01:00,9.6,0.00,70,4.4,6.2,0.00,0.00,0.00,0,5,31,0,0,14.1,113,103,28.6,26.3,0,0.00,1019.9,1005.5
2022-09-23T02:00,9.2,0.00,72,4.3,5.6,0.00,0.00,0.00,0,7,7,0,0,14.8,113,104,30.2,29.2,0,0.00,1019.6,1005.2
2022-09-23T03:00,8.8,0.00,73,4.3,5.4,0.00,0.00,0.00,3,100,100,0,0,14.1,112,105,28.7,29.2,0,0.00,1019.4,1004.9
2022-09-23T04:00,8.5,0.00,74,4.2,5.1,0.00,0.00,0.00,2,71,71,0,0,13.7,112,108,28.4,27.7,0,0.00,1019.2,1004.7
2022-09-23T05:00,8.1,0.00,76,4.2,4.9,0.00,0.00,0.00,3,100,100,0,0,12.8,113,112,27.1,27.4,0,0.00,1018.8,1004.3
2022-09-23T06:00,7.6,0.00,79,4.1,4.6,0.00,0.00,0.00,3,100,100,0,0,10.8,117,116,24.1,25.2,0,0.00,1018.9,1004.4
2022-09-23T07:00,8.0,0.00,79,4.5,5.0,0.00,0.00,0.00,3,100,100,0,0,11.3,120,117,23.2,22.3,1,0.00,1019.1,1004.6
2022-09-23T08:00,9.6,0.00,76,5.7,7.2,0.00,0.00,0.00,3,100,100,0,1,9.3,124,118,22.6,22.3,1,3600.00,1019.1,1004.7
2022-09-23T09:00,11.7,0.00,72,6.8,9.8,0.00,0.00,0.00,3,100,100,0,2,7.5,125,125,11.9,20.2,1,3600.00,1019.0,1004.7
2022-09-23T10:00,13.9,0.00,67,7.8,12.5,0.00,0.00,0.00,3,97,97,0,0,6.1,149,152,8.4,18.4,1,3600.00,1018.9,1004.7
2022-09-23T11:00,15.5,0.00,64,8.8,14.3,0.00,0.00,0.00,2,78,78,0,0,6.2,185,187,8.3,18.4,1,3600.00,1018.6,1004.5
2022-09-23T12:00,16.9,0.00,62,9.5,16.2,0.00,0.00,0.00,3,95,95,0,0,6.2,201,201,8.1,18.7,1,3600.00,1018.0,1004.0
2022-09-23T13:00,17.9,0.00,56,8.9,17.3,0.00,0.00,0.00,3,100,100,0,0,5.4,215,217,7.0,18.4,1,3600.00,1017.3,1003.3
2022-09-23T14:00,18.2,0.00,53,8.5,17.1,0.00,0.00,0.00,3,100,100,0,1,4.7,234,238,6.2,16.6,1,3600.00,1016.8,1002.8
2022-09-23T15:00,18.3,0.00,51,8.1,17.0,0.00,0.00,0.00,3,100,100,0,9,5.6,229,230,7.1,14.8,1,3600.00,1016.3,1002.4
2022-09-23T16:00,18.2,0.00,53,8.3,16.9,0.00,0.00,0.00,3,100,100,2,13,5.9,229,232,8.2,15.5,1,3600.00,1015.8,1001.9
2022-09-23T17:00,17.3,0.00,69,11.5,17.5,0.00,0.00,0.00,3,100,100,3,3,2.2,204,189,6.3,14.0,1,0.00,1015.5,1001.5
2022-09-23T18:00,15.1,0.00,73,10.3,14.5,0.00,0.00,0.00,3,100,100,31,0,4.7,178,113,8.3,7.6,1,0.00,1015.2,1001.1
2022-09-23T19:00,14.3,0.00,69,8.6,13.2,0.00,0.00,0.00,3,100,100,56,0,5.0,174,120,10.5,9.0,0,0.00,1015.1,1001.0
2022-09-23T20:00,13.3,0.00,74,8.8,12.2,0.00,0.00,0.00,3,100,100,49,0,5.4,191,143,11.0,9.7,0,0.00,1015.1,1000.9
2022-09-23T21:00,12.6,0.00,77,8.8,11.5,0.00,0.00,0.00,3,100,100,82,1,5.1,201,135,9.2,9.4,0,0.00,1015.0,1000.8
2022-09-23T22:00,12.1,0.00,79,8.7,11.0,0.00,0.00,0.00,3,100,100,86,1,4.9,208,126,6.1,8.3,0,0.00,1014.8,1000.6
2022-09-23T23:00,12.5,0.00,75,8.2,11.5,0.00,0.00,0.00,3,100,100,99,0,3.9,162,112,4.6,7.6,0,0.00,1014.6,1000.4
2022-09-24T00:00,11.7,0.00,79,8.2,10.6,0.00,0.00,0.00,3,100,96,100,0,4.6,148,108,8.1,8.6,0,0.00,1014.4,1000.2
2022-09-24T01:00,11.6,0.00,80,8.2,10.3,0.00,0.00,0.00,3,100,88,17,0,5.4,128,110,10.0,9.0,0,0.00,1014.4,1000.2
2022-09-24T02:00,10.2,0.00,87,8.0,8.9,0.00,0.00,0.00,3,99,99,15,5,5.4,137,90,8.4,10.4,0,0.00,1014.0,999.7
2022-09-24T03:00,10.0,0.00,87,7.9,8.8,0.00,0.00,0.00,0,11,2,6,3,4.0,128,80,6.4,8.3,0,0.00,1013.4,999.1
2022-09-24T04:00,9.2,0.00,89,7.5,7.9,0.00,0.00,0.00,3,91,87,31,6,4.7,139,94,8.2,8.6,0,0.00,1013.2,998.9
2022-09-24T05:00,9.4,0.00,88,7.4,7.7,0.00,0.00,0.00,2,79,78,0,4,6.5,120,93,10.0,11.9,0,0.00,1012.9,998.6
2022-09-24T06:00,9.3,0.00,89,7.6,7.8,0.00,0.00,0.00,0,17,6,2,10,5.8,117,90,11.3,13.3,0,0.00,1012.6,998.3
2022-09-24T07:00,9.4,0.00,92,8.2,8.3,0.00,0.00,0.00,3,91,86,9,29,4.0,114,80,6.3,10.4,1,110.32,1012.9,998.6
2022-09-24T08:00,11.9,0.00,82,9.0,11.3,0.00,0.00,0.00,3,99,96,70,30,1.8,135,127,5.1,7.2,1,3600.00,1013.5,999.3
2022-09-24T09:00,13.7,0.00,77,9.8,13.2,0.00,0.00,0.00,2,53,21,41,2,3.4,117,122,6.4,11.2,1,3196.16,1013.5,999.4
2022-09-24T10:00,16.0,0.00,71,10.8,15.7,0.00,0.00,0.00,0,11,2,6,4,3.7,198,209,4.6,12.6,1,3600.00,1013.4,999.4
2022-09-24T11:00,16.8,0.10,70,11.4,16.0,0.10,0.00,0.00,51,89,74,60,18,8.7,226,225,11.5,22.3,1,3600.00,1013.5,999.5
2022-09-24T12:00,16.3,0.60,75,11.8,15.9,0.60,0.00,0.00,53,90,49,71,40,6.2,232,234,8.2,23.4,1,3600.00,1013.2,999.2
2022-09-24T13:00,17.6,0.00,72,12.4,17.3,0.00,0.00,0.00,3,96,29,31,8,7.6,208,205,9.8,16.6,1,3600.00,1012.9,999.0
2022-09-24T14:00,18.7,0.20,60,10.9,17.5,0.20,0.00,0.00,51,58,3,53,9,10.9,214,214,14.8,25.2,1,3600.00,1012.0,998.1
2022-09-24T15:00,18.5,0.10,62,11.1,17.5,0.10,0.00,0.00,51,68,20,59,16,9.0,210,209,12.4,25.2,1,3600.00,1011.8,997.9
2022-09-24T16:00,17.5,0.10,66,11.0,16.5,0.10,0.00,0.00,51,67,6,60,19,9.0,275,275,12.3,20.2,1,3600.00,1012.0,998.1
2022-09-24T17:00,16.1,0.10,77,12.1,16.0,0.10,0.00,0.00,51,76,3,75,13,5.1,285,278,7.1,20.5,1,3600.00,1012.1,998.1
2022-09-24T18:00,14.7,0.00,88,12.7,15.1,0.00,0.00,0.00,2,78,0,76,17,2.9,247,240,4.7,10.4,1,2181.00,1012.4,998.3
2022-09-24T19:00,13.4,0.10,92,12.1,13.1,0.10,0.00,0.00,51,68,5,67,3,6.0,235,237,14.5,15.8,0,0.00,1012.9,998.8
2022-09-24T20:00,12.3,0.00,95,11.5,12.2,0.00,0.00,0.00,3,100,0,100,24,3.5,191,156,5.9,11.5,0,0.00,1013.0,998.8
2022-09-24T21:00,12.7,0.00,96,12.0,12.8,0.00,0.00,0.00,3,100,0,100,32,3.2,229,207,7.7,9.0,0,0.00,1013.3,999.1
2022-09-24T22:00,12.9,0.00,93,11.9,13.2,0.00,0.00,0.00,3,99,0,99,3,2.2,258,171,5.2,6.5,0,0.00,1013.4,999.2
2022-09-24T23:00,10.8,0.00,98,10.5,10.4,0.00,0.00,0.00,3,100,0,100,16,3.8,207,131,4.0,5.8,0,0.00,1013.4,999.1
2022-09-25T00:00,12.0,0.00,98,11.7,12.2,0.00,0.00,0.00,3,85,0,77,35,2.2,180,99,2.2,6.1,0,0.00,1013.1,998.9
2022-09-25T01:00,13.2,0.00,96,12.5,13.5,0.00,0.00,0.00,3,100,2,100,100,2.8,291,310,5.0,6.8,0,0.00,1013.2,999.1
2022-09-25T02:00,12.6,1.80,97,12.1,12.8,1.80,0.00,0.00,61,100,16,99,100,3.0,351,14,4.7,6.8,0,0.00,1013.2,999.0
2022-09-25T03:00,12.4,1.20,96,11.8,12.5,1.20,0.00,0.00,55,81,0,71,43,2.6,333,16,5.6,7.9,0,0.00,1012.7,998.5
2022-09-25T04:00,12.3,0.00,95,11.5,12.6,0.00,0.00,0.00,2,74,0,66,42,0.5,320,135,2.8,4.7,0,0.00,1012.6,998.4
2022-09-25T05:00,12.2,0.10,95,11.4,12.4,0.10,0.00,0.00,51,95,0,95,8,1.3,315,214,2.5,3.2,0,0.00,1012.5,998.3
2022-09-25T06:00,11.3,0.10,98,11.0,11.1,0.10,0.00,0.00,51,100,0,100,100,3.8,355,343,7.6,6.8,0,0.00,1012.6,998.4
2022-09-25T07:00,12.1,0.00,95,11.3,12.2,0.00,0.00,0.00,3,98,2,77,92,2.3,8,321,5.1,6.8,1,0.00,1012.9,998.7
2022-09-25T08:00,12.7,0.00,93,11.7,12.9,0.00,0.00,0.00,2,61,28,29,32,2.3,263,252,2.9,7.9,1,0.00,1013.2,999.0
2022-09-25T09:00,13.4,0.00,92,12.2,13.6,0.00,0.00,0.00,3,100,14,100,100,3.3,284,283,4.5,11.5,1,3600.00,1013.2,999.1
2022-09-25T10:00,13.8,0.10,89,12.0,13.7,0.10,0.00,0.00,51,100,23,100,100,4.6,288,288,5.7,13.7,1,0.00,1013.3,999.2
2022-09-25T11:00,14.2,0.10,85,11.8,13.9,0.10,0.00,0.00,51,84,36,9,73,5.2,286,286,6.7,14.8,1,0.00,1013.2,999.1
2022-09-25T12:00,14.7,0.10,81,11.5,14.1,0.10,0.00,0.00,51,100,18,56,100,7.6,302,301,9.4,19.4,1,3600.00,1012.8,998.7
2022-09-25T13:00,14.0,0.90,85,11.5,13.4,0.90,0.00,0.00,53,98,9,97,25,7.6,312,315,10.7,19.8,1,890.91,1012.9,998.8
2022-09-25T14:00,15.0,0.10,83,12.0,14.4,0.10,0.00,0.00,51,56,0,49,20,8.3,328,326,11.0,21.2,1,3600.00,1012.4,998.4
2022-09-25T15:00,15.0,0.00,80,11.7,14.0,0.00,0.00,0.00,1,47,0,33,24,10.7,328,327,14.4,24.8,1,3600.00,1012.3,998.3
2022-09-25T16:00,14.4,0.00,80,11.0,13.2,0.00,0.00,0.00,1,25,0,13,18,10.0,341,339,14.5,25.6,1,3600.00,1012.2,998.1
2022-09-25T17:00,13.7,0.20,83,10.8,12.3,0.20,0.00,0.00,51,100,0,100,49,11.1,332,331,16.3,23.4,1,3600.00,1012.2,998.1
2022-09-25T18:00,13.3,0.10,84,10.7,12.0,0.10,0.00,0.00,51,98,0,97,40,10.0,335,334,17.1,23.0,1,0.00,1012.6,998.5
2022-09-25T19:00,13.1,0.00,86,10.8,12.3,0.00,0.00,0.00,1,41,0,33,12,7.2,330,323,14.5,19.8,0,0.00,1012.8,998.7
2022-09-25T20:00,11.8,0.00,92,10.6,11.2,0.00,0.00,0.00,2,78,0,69,31,5.4,320,312,14.6,15.1,0,0.00,1013.2,999.0
2022-09-25T21:00,11.8,0.30,92,10.5,11.3,0.30,0.00,0.00,51,85,0,84,21,4.6,311,288,12.0,11.9,0,0.00,1013.3,999.1
2022-09-25T22:00,11.4,0.10,92,10.2,10.7,0.10,0.00,0.00,51,100,0,86,100,5.1,295,278,12.7,10.8,0,0.00,1013.4,999.2
2022-09-25T23:00,11.4,0.00,91,10.0,11.0,0.00,0.00,0.00,1,24,0,0,24,3.3,291,264,9.2,11.2,0,0.00,1013.1,998.9
2022-09-26T00:00,10.3,0.00,93,9.2,9.5,0.00,0.00,0.00,0,1,0,1,0,4.2,279,239,6.9,8.3,0,0.00,1012.5,998.2
2022-09-26T01:00,10.5,0.00,93,9.4,9.7,0.00,0.00,0.00,0,7,0,0,27,4.2,270,250,10.8,10.8,0,0.00,1012.8,998.5
2022-09-26T02:00,8.9,0.00,95,8.2,7.5,0.00,0.00,0.00,0,12,0,12,0,6.1,254,225,9.0,11.9,0,0.00,1012.5,998.2
2022-09-26T03:00,9.0,0.00,97,8.6,8.0,0.00,0.00,0.00,0,12,1,11,0,4.3,229,185,7.7,9.7,0,0.00,1011.9,997.6
2022-09-26T04:00,9.1,0.00,98,8.8,8.0,0.00,0.00,0.00,3,97,97,0,1,5.8,204,173,11.4,10.8,0,0.00,1011.2,996.9
2022-09-26T05:00,9.0,0.00,97,8.6,7.4,0.00,0.00,0.00,1,40,13,7,30,8.7,202,187,19.1,17.3,0,0.00,1010.6,996.3
2022-09-26T06:00,9.0,0.00,98,8.6,7.1,0.00,0.00,0.00,1,49,3,13,46,10.0,206,195,20.4,20.2,0,0.00,1010.2,995.9
2022-09-26T07:00,9.4,0.00,97,8.9,7.5,0.00,0.00,0.00,2,66,9,25,60,11.0,212,203,21.7,22.7,1,0.00,1009.8,995.5
2022-09-26T08:00,10.4,0.00,94,9.4,8.1,0.00,0.00,0.00,2,54,12,4,46,14.5,216,215,21.9,29.2,1,3600.00,1009.4,995.2
2022-09-26T09:00,11.5,0.00,88,9.7,9.0,0.00,0.00,0.00,3,82,44,17,65,16.8,221,222,24.0,34.9,1,3600.00,1009.0,994.8
2022-09-26T10:00,13.1,0.00,79,9.6,10.6,0.00,0.00,0.00,3,90,81,12,45,16.8,226,227,23.9,40.7,1,3600.00,1008.7,994.6
2022-09-26T11:00,14.2,0.00,75,9.7,11.6,0.00,0.00,0.00,2,52,30,16,23,16.8,227,227,23.7,42.1,1,3600.00,1008.2,994.2
2022-09-26T12:00,14.8,0.00,69,9.2,11.9,0.00,0.00,0.00,3,100,100,24,100,18.2,233,232,25.7,43.6,1,3600.00,1007.3,993.3
2022-09-26T13:00,12.8,0.10,79,9.2,10.0,0.10,0.00,0.00,51,97,27,100,29,17.7,221,219,26.3,43.2,1,3600.00,1007.0,992.9
2022-09-26T14:00,13.5,0.20,79,9.9,11.2,0.20,0.00,0.00,51,98,56,95,4,15.7,217,217,23.1,43.2,1,3600.00,1005.9,991.9
2022-09-26T15:00,14.2,0.10,70,8.7,11.2,0.10,0.00,0.00,51,100,19,100,7,18.3,224,225,26.7,39.2,1,3600.00,1004.8,990.8
2022-09-26T16:00,13.3,0.10,74,8.8,10.9,0.10,0.00,0.00,51,100,75,100,14,14.7,217,216,23.9,41.0,1,0.00,1004.0,990.0
2022-09-26T17:00,13.5,0.00,73,8.7,11.4,0.00,0.00,0.00,3,100,0,100,14,11.9,201,194,21.7,30.2,1,0.00,1003.2,989.2
2022-09-26T18:00,13.7,0.00,65,7.2,10.8,0.00,0.00,0.00,3,100,3,100,29,14.8,208,203,26.9,31.3,1,0.00,1002.6,988.6
2022-09-26T19:00,13.2,0.10,69,7.6,10.1,0.10,0.00,0.00,51,100,63,99,44,17.0,215,212,29.0,36.4,0,0.00,1002.1,988.1
2022-09-26T20:00,12.5,0.20,79,8.9,9.7,0.20,0.00,0.00,51,100,98,100,18,17.1,213,210,29.5,36.0,0,0.00,1001.6,987.6
2022-09-26T21:00,12.0,0.60,84,9.4,9.2,0.60,0.00,0.00,53,100,91,100,100,17.7,212,207,30.1,40.7,0,0.00,1001.0,987.0
2022-09-26T22:00,11.6,0.60,89,9.8,9.3,0.60,0.00,0.00,53,100,92,100,100,15.6,202,195,27.5,36.7,0,0.00,1000.0,986.0
2022-09-26T23:00,11.7,0.50,89,9.9,8.4,0.50,0.00,0.00,53,100,100,100,100,22.4,211,208,38.9,47.2,0,0.00,999.0,985.0
2022-09-27T00:00,11.5,1.40,91,10.0,8.3,1.40,0.00,0.00,61,100,100,100,100,22.2,224,223,38.2,47.9,0,0.00,998.5,984.5
2022-09-27T01:00,10.2,1.00,91,8.8,7.4,1.00,0.00,0.00,55,69,72,100,37,17.1,223,219,29.8,50.8,0,0.00,998.8,984.7
2022-09-27T02:00,10.3,0.20,89,8.6,6.9,0.20,0.00,0.00,51,100,54,88,100,20.8,233,233,34.2,41.4,0,0.00,998.4,984.3
2022-09-27T03:00,10.1,1.20,92,8.9,7.4,1.20,0.00,0.00,55,100,0,100,100,16.3,240,239,28.4,41.8,0,0.00,998.5,984.4
2022-09-27T04:00,10.2,0.50,93,9.1,7.5,0.50,0.00,0.00,53,100,2,100,100,16.9,247,243,28.6,36.4,0,0.00,998.7,984.6
2022-09-27T05:00,9.8,2.60,90,8.2,6.6,2.60,0.00,0.00,63,98,0,97,64,18.7,271,271,31.3,41.8,0,0.00,999.0,984.9
2022-09-27T06:00,9.5,0.20,88,7.6,7.0,0.20,0.00,0.00,51,100,0,100,75,12.8,266,260,22.4,37.4,0,0.00,999.6,985.5
2022-09-27T07:00,9.4,0.40,89,7.6,6.7,0.40,0.00,0.00,51,51,0,25,47,13.9,257,253,24.7,28.8,1,0.00,1000.3,986.1
2022-09-27T08:00,10.2,0.00,85,7.9,7.0,0.00,0.00,0.00,3,100,0,42,100,18.4,268,264,28.8,37.4,1,3600.00,1000.8,986.7
2022-09-27T09:00,10.7,0.10,85,8.2,8.0,0.10,0.00,0.00,51,82,0,79,37,15.0,263,260,22.9,38.9,1,1065.08,1001.3,987.2
2022-09-27T10:00,11.5,0.10,79,7.9,8.6,0.10,0.00,0.00,51,97,0,95,46,16.3,259,256,23.5,37.4,1,3600.00,1001.7,987.6
2022-09-27T11:00,11.6,0.20,76,7.5,8.4,0.20,0.00,0.00,51,99,0,98,77,17.8,248,249,25.5,41.0,1,3525.55,1002.0,987.9
2022-09-27T12:00,10.9,0.70,80,7.6,7.9,0.70,0.00,0.00,53,78,0,54,67,16.5,252,254,24.9,41.0,1,0.00,1001.8,987.7
2022-09-27T13:00,10.7,0.10,81,7.6,7.5,0.10,0.00,0.00,51,94,3,96,27,18.1,229,226,26.8,44.6,1,3600.00,1001.8,987.7
2022-09-27T14:00,11.1,0.60,71,6.0,7.3,0.60,0.00,0.00,53,98,42,96,41,19.1,237,238,27.9,43.2,1,1794.96,1001.4,987.3
2022-09-27T15:00,11.5,0.30,74,7.1,8.3,0.30,0.00,0.00,51,100,55,100,4,16.3,243,242,23.5,42.1,1,3600.00,1001.1,987.0
2022-09-27T16:00,10.6,0.10,79,7.1,7.7,0.10,0.00,0.00,51,81,26,69,51,14.7,236,234,22.6,34.9,1,189.85,1001.2,987.1
2022-09-27T17:00,10.9,0.10,76,6.8,7.9,0.10,0.00,0.00,51,63,0,57,25,14.8,243,241,23.3,33.1,1,3600.00,1001.2,987.1
2022-09-27T18:00,9.5,0.90,82,6.6,6.3,0.90,0.00,0.00,53,93,0,91,33,15.6,254,251,27.0,36.0,1,1950.04,1001.6,987.4
2022-09-27T19:00,9.3,0.00,81,6.2,6.2,0.00,0.00,0.00,3,87,0,86,36,14.5,248,243,25.7,31.7,0,0.00,1002.2,988.0
2022-09-27T20:00,9.0,0.00,81,6.0,6.4,0.00,0.00,0.00,1,25,0,22,20,11.1,240,234,21.9,29.9,0,0.00,1002.2,988.0
2022-09-27T21:00,8.0,0.00,86,5.8,5.5,0.00,0.00,0.00,1,22,0,1,21,9.7,220,211,22.2,23.8,0,0.00,1002.1,987.9
2022-09-27T22:00,8.1,0.00,88,6.3,5.5,0.00,0.00,0.00,3,100,0,100,1,11.3,217,207,23.4,23.4,0,0.00,1001.7,987.5
2022-09-27T23:00,8.7,0.60,90,7.2,6.1,0.60,0.00,0.00,53,100,0,100,2,12.8,205,196,24.2,26.6,0,0.00,1001.1,986.9
2022-09-28T00:00,8.7,1.80,92,7.4,6.5,1.80,0.00,0.00,61,100,0,100,100,10.7,175,160,20.2,26.3,0,0.00,999.9,985.7
2022-09-28T01:00,8.9,1.40,92,7.7,6.3,1.40,0.00,0.00,61,100,0,100,41,13.4,208,200,25.0,22.3,0,0.00,999.3,985.1
2022-09-28T02:00,9.4,1.90,93,8.3,6.7,1.90,0.00,0.00,61,100,0,100,100,15.2,215,211,26.9,32.4,0,0.00,998.2,984.1
2022-09-28T03:00,9.5,1.40,94,8.6,7.0,1.40,0.00,0.00,61,100,0,100,100,14.3,233,231,25.7,32.4,0,0.00,997.3,983.2
2022-09-28T04:00,9.6,0.20,95,8.8,7.4,0.20,0.00,0.00,51,100,0,100,87,13.4,245,243,23.0,33.1,0,0.00,997.1,983.0
2022-09-28T05:00,9.7,0.50,94,8.9,8.1,0.50,0.00,0.00,53,100,0,100,52,9.3,258,254,16.9,27.4,0,0.00,997.1,983.0
2022-09-28T06:00,9.5,1.00,93,8.4,7.7,1.00,0.00,0.00,55,100,0,100,100,9.1,276,277,17.0,24.8,0,0.00,997.2,983.1
2022-09-28T07:00,9.4,0.30,91,8.0,7.9,0.30,0.00,0.00,51,65,0,51,56,6.6,288,283,14.3,23.8,1,0.00,997.5,983.4
2022-09-28T08:00,10.0,0.00,87,8.0,8.1,0.00,0.00,0.00,1,33,0,10,29,9.5,283,279,14.4,24.8,1,3600.00,997.8,983.7
2022-09-28T09:00,10.6,0.10,82,7.7,8.5,0.10,0.00,0.00,51,17,0,3,16,10.5,287,286,14.7,25.2,1,3600.00,998.4,984.3
2022-09-28T10:00,11.5,0.10,75,7.3,9.1,0.10,0.00,0.00,51,21,0,0,21,11.3,294,292,15.3,26.3,1,3600.00,998.9,984.9
2022-09-28T11:00,12.5,0.00,66,6.2,9.9,0.00,0.00,0.00,2,57,51,5,11,11.3,296,297,15.6,27.7,1,3600.00,999.2,985.2
2022-09-28T12:00,13.5,0.10,60,5.8,10.8,0.10,0.00,0.00,51,90,86,19,16,12.0,293,291,16.0,28.4,1,3600.00,999.3,985.4
2022-09-28T13:00,13.0,0.00,61,5.8,10.2,0.00,0.00,0.00,3,100,93,30,10,12.2,269,268,16.9,28.8,1,3600.00,999.3,985.3
2022-09-28T14:00,13.3,0.10,57,5.1,10.2,0.10,0.00,0.00,51,100,100,45,27,13.4,277,276,18.8,30.2,1,3600.00,999.4,985.5
2022-09-28T15:00,13.4,0.10,57,5.2,10.7,0.10,0.00,0.00,51,75,51,30,41,10.5,277,276,14.5,29.9,1,3600.00,999.3,985.4
2022-09-28T16:00,13.2,0.00,58,5.0,10.6,0.00,0.00,0.00,2,53,20,32,27,9.7,273,272,13.7,23.8,1,3600.00,999.5,985.5
2022-09-28T17:00,12.5,0.00,62,5.4,10.4,0.00,0.00,0.00,2,78,62,28,28,6.9,277,279,11.6,21.2,1,3600.00,999.6,985.6
2022-09-28T18:00,10.3,0.00,79,6.7,8.6,0.00,0.00,0.00,3,87,78,21,29,5.5,310,337,9.4,14.4,1,2395.87,1000.1,986.0
2022-09-28T19:00,11.7,0.00,64,5.2,9.9,0.00,0.00,0.00,3,90,82,38,34,4.1,265,255,8.7,10.1,0,0.00,1000.7,986.7
2022-09-28T20:00,11.8,0.00,60,4.4,9.6,0.00,0.00,0.00,3,100,99,45,26,5.6,260,225,9.9,9.7,0,0.00,1001.0,987.0
2022-09-28T21:00,8.4,0.00,79,5.1,6.2,0.00,0.00,0.00,3,100,100,30,30,7.1,240,210,10.0,11.2,0,0.00,1001.2,987.0
2022-09-28T22:00,8.9,0.00,79,5.4,6.9,0.00,0.00,0.00,1,35,25,7,7,5.8,208,180,13.0,11.2,0,0.00,1001.5,987.3
2022-09-28T23:00,8.0,0.00,88,6.1,6.0,0.00,0.00,0.00,1,28,0,7,22,6.5,212,186,17.5,13.3,0,0.00,1001.8,987.6
2022-09-29T00:00,7.6,0.00,93,6.5,5.9,0.00,0.00,0.00,1,21,0,11,13,5.8,213,187,16.4,13.3,0,0.00,1002.0,987.7
2022-09-29T01:00,7.9,0.00,94,7.0,6.1,0.00,0.00,0.00,1,27,16,0,5,6.8,219,198,18.4,12.2,0,0.00,1001.8,987.6
2022-09-29T02:00,6.5,0.00,96,5.9,4.5,0.00,0.00,0.00,1,42,34,0,11,6.5,219,180,13.0,14.8,0,0.00,1001.8,987.5
2022-09-29T03:00,6.0,0.00,97,5.6,4.1,0.00,0.00,0.00,2,52,49,0,5,5.4,200,143,9.6,11.5,0,0.00,1001.8,987.5
2022-09-29T04:00,6.6,0.00,96,5.9,4.8,0.00,0.00,0.00,2,79,79,0,1,5.1,178,135,10.4,10.1,0,0.00,1001.9,987.6
2022-09-29T05:00,6.1,0.00,96,5.6,4.1,0.00,0.00,0.00,1,44,44,0,0,6.0,149,115,11.3,11.2,0,0.00,1001.6,987.3
2022-09-29T06:00,5.6,0.00,96,4.9,3.6,0.00,0.00,0.00,2,68,68,3,0,5.2,157,115,11.0,11.5,0,0.00,1001.7,987.3
2022-09-29T07:00,6.1,0.00,95,5.4,4.1,0.00,0.00,0.00,3,100,100,56,0,6.0,166,123,11.5,11.5,1,0.00,1002.2,987.9
2022-09-29T08:00,8.4,0.00,91,7.0,7.0,0.00,0.00,0.00,3,100,99,27,0,4.2,153,110,5.6,12.2,1,782.60,1002.2,988.0
2022-09-29T09:00,10.2,0.00,85,7.8,9.0,0.00,0.00,0.00,3,100,100,32,2,4.2,158,160,5.8,11.9,1,683.57,1002.6,988.5
2022-09-29T10:00,11.6,0.00,80,8.3,10.3,0.00,0.00,0.00,3,99,96,95,3,6.3,165,167,8.2,18.0,1,3600.00,1003.0,988.9
2022-09-29T11:00,13.0,0.00,75,8.6,11.7,0.00,0.00,0.00,3,89,75,54,8,5.9,191,191,7.3,18.4,1,3600.00,1003.1,989.1
2022-09-29T12:00,13.9,0.00,69,8.4,12.7,0.00,0.00,0.00,3,89,19,84,14,5.2,201,205,7.0,18.4,1,3600.00,1003.3,989.3
2022-09-29T13:00,13.1,0.00,67,7.2,11.8,0.00,0.00,0.00,3,98,95,98,5,3.6,228,225,4.3,18.0,1,3600.00,1003.6,989.6
2022-09-29T14:00,13.9,0.00,58,5.7,12.3,0.00,0.00,0.00,3,100,98,93,14,3.1,236,234,3.9,17.3,1,3600.00,1003.3,989.3
2022-09-29T15:00,13.9,0.00,56,5.4,12.2,0.00,0.00,0.00,3,100,97,99,17,4.1,230,232,5.6,13.0,1,3600.00,1003.4,989.4
2022-09-29T16:00,13.8,0.00,57,5.4,12.3,0.00,0.00,0.00,3,100,100,96,30,2.8,225,230,3.6,13.0,1,3600.00,1003.7,989.7
2022-09-29T17:00,13.5,0.00,63,6.7,12.4,0.00,0.00,0.00,3,94,88,85,14,1.1,198,198,2.3,8.3,1,3600.00,1004.0,990.0
2022-09-29T18:00,13.2,0.00,58,5.2,11.7,0.00,0.00,0.00,3,95,91,54,6,1.8,45,11,1.5,3.2,1,681.23,1004.5,990.5
2022-09-29T19:00,9.8,0.00,80,6.5,8.0,0.00,0.00,0.00,2,69,0,67,9,6.5,338,354,8.6,9.4,0,0.00,1005.2,991.0
2022-09-29T20:00,9.6,0.00,80,6.3,7.9,0.00,0.00,0.00,2,53,0,52,14,5.1,340,356,11.8,9.7,0,0.00,1005.9,991.7
2022-09-29T21:00,8.9,0.00,85,6.5,7.0,0.00,0.00,0.00,1,41,0,37,12,7.2,352,360,14.9,13.0,0,0.00,1006.7,992.4
2022-09-29T22:00,7.8,0.00,90,6.2,6.2,0.00,0.00,0.00,1,42,0,31,18,4.8,2,13,12.2,13.7,0,0.00,1007.2,992.9
2022-09-29T23:00,7.3,0.00,90,5.8,5.6,0.00,0.00,0.00,2,71,46,44,17,4.4,26,55,9.2,8.6,0,0.00,1007.5,993.1
2022-09-30T00:00,7.0,0.00,91,5.7,5.2,0.00,0.00,0.00,0,1,0,0,1,4.6,51,72,7.4,9.0,0,0.00,1007.7,993.3
2022-09-30T01:00,9.1,0.00,84,6.6,7.0,0.00,0.00,0.00,1,28,2,45,54,8.2,31,29,17.6,8.6,0,0.00,1008.5,994.2
2022-09-30T02:00,8.5,0.20,88,6.5,6.8,0.20,0.00,0.00,51,12,0,10,2,5.3,29,28,13.5,15.5,0,0.00,1008.5,994.2
2022-09-30T03:00,8.7,0.00,83,5.9,7.0,0.00,0.00,0.00,0,17,0,15,2,4.4,39,55,7.4,11.2,0,0.00,1008.7,994.4
2022-09-30T04:00,8.2,0.00,83,5.6,6.5,0.00,0.00,0.00,1,37,1,35,11,4.0,81,100,4.4,6.5,0,0.00,1009.3,995.0
2022-09-30T05:00,5.9,0.00,92,4.6,3.8,0.00,0.00,0.00,0,19,4,16,0,5.2,119,102,4.5,7.2,0,0.00,1009.7,995.2
2022-09-30T06:00,4.8,0.00,93,3.8,2.5,0.00,0.00,0.00,3,82,82,1,0,5.6,145,117,5.7,8.6,0,0.00,1010.0,995.5
2022-09-30T07:00,5.6,0.00,93,4.5,3.7,0.00,0.00,0.00,3,82,82,1,2,3.5,144,114,6.2,9.0,1,0.00,1010.8,996.3
2022-09-30T08:00,7.9,0.00,88,6.1,6.5,0.00,0.00,0.00,1,21,19,0,3,3.3,80,96,4.0,9.0,1,3600.00,1011.3,996.9
2022-09-30T09:00,10.3,0.00,81,7.1,9.4,0.00,0.00,0.00,0,5,0,3,4,0.8,59,63,2.1,9.0,1,3600.00,1011.9,997.6
2022-09-30T10:00,12.1,0.00,76,7.9,11.3,0.00,0.00,0.00,0,14,0,12,11,1.6,307,297,1.8,10.8,1,3600.00,1012.3,998.1
2022-09-30T11:00,13.7,0.00,71,8.5,13.0,0.00,0.00,0.00,0,1,0,0,1,1.9,239,248,2.1,12.2,1,3600.00,1012.4,998.3
2022-09-30T12:00,14.7,0.10,65,8.1,13.6,0.10,0.00,0.00,51,34,0,22,19,4.1,219,225,4.6,14.8,1,3600.00,1012.4,998.3
2022-09-30T13:00,15.4,0.10,60,7.6,14.1,0.10,0.00,0.00,51,24,0,17,12,4.7,230,238,5.6,15.1,1,3600.00,1012.3,998.3
2022-09-30T14:00,15.7,0.00,56,7.1,14.2,0.00,0.00,0.00,1,28,0,24,19,5.0,237,240,6.0,15.5,1,3600.00,1012.4,998.4
2022-09-30T15:00,15.7,0.00,56,7.0,14.3,0.00,0.00,0.00,0,12,0,10,8,4.4,235,235,5.7,14.8,1,3600.00,1012.4,998.4
2022-09-30T16:00,15.7,0.00,56,7.0,14.2,0.00,0.00,0.00,0,18,0,13,10,4.8,220,222,6.1,13.3,1,3600.00,1012.2,998.2
2022-09-30T17:00,14.9,0.00,66,8.6,13.9,0.00,0.00,0.00,0,6,0,1,4,4.0,211,207,9.2,12.2,1,3600.00,1012.3,998.2
2022-09-30T18:00,12.4,0.00,71,7.2,10.8,0.00,0.00,0.00,0,0,0,0,0,6.1,192,177,14.3,12.2,1,2131.18,1012.1,997.9
2022-09-30T19:00,10.9,0.00,76,6.8,9.1,0.00,0.00,0.00,0,0,0,0,0,6.6,206,189,16.4,12.6,0,0.00,1012.8,998.5
2022-09-30T20:00,10.7,0.00,78,7.1,8.8,0.00,0.00,0.00,0,1,0,0,0,7.6,205,183,19.5,14.8,0,0.00,1013.2,998.9
2022-09-30T21:00,10.1,0.00,84,7.4,8.2,0.00,0.00,0.00,1,36,36,0,0,8.0,209,190,21.4,16.6,0,0.00,1013.3,999.0
2022-09-30T22:00,9.4,0.00,88,7.4,7.7,0.00,0.00,0.00,0,3,3,0,0,7.1,223,204,19.4,16.6,0,0.00,1013.6,999.3
2022-09-30T23:00,8.8,0.00,89,7.2,7.1,0.00,0.00,0.00,3,92,92,0,3,6.9,220,189,17.9,15.1,0,0.00,1014.0,999.6
2022-10-01T00:00,8.7,0.00,89,7.1,6.7,0.00,0.00,0.00,2,71,64,0,18,8.6,204,178,20.1,17.6,0,0.00,1013.6,999.2
2022-10-01T01:00,9.9,0.00,85,7.5,8.0,0.00,0.00,0.00,3,98,97,5,13,8.7,201,187,20.9,19.1,0,0.00,1013.6,999.3
2022-10-01T02:00,8.7,0.00,90,7.1,6.5,0.00,0.00,0.00,3,100,100,1,15,10.2,208,190,24.5,22.0,0,0.00,1013.5,999.1
2022-10-01T03:00,9.4,0.00,86,7.2,6.8,0.00,0.00,0.00,3,100,100,90,9,13.3,203,193,27.7,28.8,0,0.00,1013.0,998.7
2022-10-01T04:00,9.8,0.00,83,7.1,7.1,0.00,0.00,0.00,3,100,100,100,0,13.2,199,191,26.3,29.2,0,0.00,1012.3,998.0
2022-10-01T05:00,10.5,0.00,79,6.9,7.8,0.00,0.00,0.00,3,100,100,100,42,13.1,207,201,25.9,28.8,0,0.00,1011.9,997.6
2022-10-01T06:00,11.1,0.30,75,6.9,8.1,0.30,0.00,0.00,51,100,100,100,0,15.1,212,208,27.7,32.4,0,0.00,1011.4,997.2
2022-10-01T07:00,10.5,1.10,85,8.1,7.6,1.10,0.00,0.00,55,100,100,100,19,16.3,210,205,30.3,34.9,1,0.00,1011.1,996.9
2022-10-01T08:00,10.5,0.70,87,8.5,7.5,0.70,0.00,0.00,53,100,100,100,22,17.9,208,205,32.7,38.9,1,0.00,1010.8,996.6
2022-10-01T09:00,10.5,1.30,89,8.8,7.4,1.30,0.00,0.00,61,100,100,100,100,19.2,217,214,33.7,40.7,1,0.00,1010.7,996.5
2022-10-01T10:00,10.7,1.30,90,9.1,7.5,1.30,0.00,0.00,61,100,100,100,100,20.1,225,223,35.4,43.9,1,0.00,1010.5,996.3
2022-10-01T11:00,11.1,3.10,90,9.5,7.9,3.10,0.00,0.00,63,100,100,100,100,20.9,226,222,36.2,44.3,1,0.00,1010.3,996.1
2022-10-01T12:00,12.0,0.10,88,10.0,8.2,0.10,0.00,0.00,51,100,88,100,100,26.5,230,228,44.0,54.7,1,0.00,1010.7,996.5
2022-10-01T13:00,11.9,0.20,91,10.6,9.5,0.20,0.00,0.00,51,100,0,92,100,18.1,225,223,29.8,56.5,1,0.00,1012.0,997.8
2022-10-01T14:00,13.3,2.80,89,11.5,10.5,2.80,0.00,0.00,63,100,0,100,100,22.4,227,226,34.4,51.1,1,95.45,1011.9,997.8
2022-10-01T15:00,13.0,0.10,90,11.4,10.3,0.10,0.00,0.00,51,100,0,87,100,21.4,228,226,35.2,47.9,1,0.00,1012.1,998.0
2022-10-01T16:00,13.7,0.20,87,11.5,11.1,0.20,0.00,0.00,51,97,0,95,39,21.0,234,232,34.6,46.1,1,0.00,1012.3,998.2
2022-10-01T17:00,13.7,0.20,87,11.6,11.6,0.20,0.00,0.00,51,100,0,100,100,17.8,234,234,30.4,43.2,1,0.00,1012.4,998.3
2022-10-01T18:00,13.3,2.50,92,11.9,11.8,2.50,0.00,0.00,63,100,0,100,100,14.3,242,242,26.6,43.9,1,0.00,1013.4,999.3
2022-10-01T19:00,13.3,0.40,91,11.8,11.4,0.40,0.00,0.00,51,99,0,97,56,16.8,239,235,29.7,38.2,0,0.00,1014.5,1000.3
2022-10-01T20:00,13.0,0.30,92,11.7,11.3,0.30,0.00,0.00,51,89,0,83,36,15.4,241,237,27.9,37.1,0,0.00,1015.5,1001.3
2022-10-01T21:00,12.8,0.10,94,11.9,11.4,0.10,0.00,0.00,51,61,0,40,37,13.7,246,243,26.0,35.3,0,0.00,1016.7,1002.5
2022-10-01T22:00,12.9,0.10,94,11.9,11.8,0.10,0.00,0.00,51,65,0,59,19,11.3,247,239,21.9,34.6,0,0.00,1017.4,1003.2
2022-10-01T23:00,12.2,0.00,95,11.5,10.7,0.00,0.00,0.00,3,100,12,100,27,13.4,224,216,26.0,26.3,0,0.00,1018.1,1003.8
2022-10-02T00:00,12.2,0.10,95,11.4,10.8,0.10,0.00,0.00,51,100,30,96,100,13.0,236,226,24.4,31.3,0,0.00,1018.9,1004.6
2022-10-02T01:00,12.6,2.70,96,11.9,11.8,2.70,0.00,0.00,63,99,98,100,100,9.4,245,238,19.8,33.1,0,0.00,1019.1,1004.8
2022-10-02T02:00,13.2,0.10,93,12.0,11.8,0.10,0.00,0.00,51,100,87,99,59,13.7,239,235,23.9,27.7,0,0.00,1019.3,1005.1
2022-10-02T03:00,13.3,0.00,92,12.0,11.9,0.00,0.00,0.00,3,100,81,100,34,13.5,235,228,24.6,28.4,0,0.00,1019.5,1005.3
2022-10-02T04:00,12.9,0.90,93,11.9,11.5,0.90,0.00,0.00,53,100,98,100,62,14.0,236,235,26.0,33.8,0,0.00,1019.7,1005.5
2022-10-02T05:00,12.9,0.30,95,12.2,11.5,0.30,0.00,0.00,51,100,100,100,36,14.3,228,223,26.3,33.5,0,0.00,1019.5,1005.3
2022-10-02T06:00,13.1,0.60,94,12.2,11.9,0.60,0.00,0.00,53,100,98,100,30,12.7,234,227,24.5,30.2,0,0.00,1019.6,1005.4
2022-10-02T07:00,13.1,1.00,94,12.2,11.8,1.00,0.00,0.00,55,100,94,100,17,13.0,229,224,25.0,27.4,1,0.00,1019.4,1005.2
2022-10-02T08:00,13.2,1.00,95,12.3,11.8,1.00,0.00,0.00,55,100,100,100,100,14.5,229,226,27.1,31.0,1,0.00,1019.5,1005.3
2022-10-02T09:00,13.3,2.90,96,12.6,12.4,2.90,0.00,0.00,63,100,100,100,100,11.5,236,231,22.3,30.6,1,0.00,1019.5,1005.3
2022-10-02T10:00,13.5,2.90,96,12.9,13.1,2.90,0.00,0.00,63,100,99,100,100,8.7,235,228,17.6,24.5,1,0.00,1019.1,1004.9
2022-10-02T11:00,13.8,1.30,97,13.3,14.1,1.30,0.00,0.00,61,100,100,100,100,4.7,262,274,10.9,18.7,1,0.00,1019.2,1005.0
2022-10-02T12:00,13.9,1.60,96,13.4,14.4,1.60,0.00,0.00,61,100,100,100,100,4.2,303,329,9.9,12.2,1,0.00,1019.1,1004.9
2022-10-02T13:00,13.7,1.70,93,12.6,14.0,1.70,0.00,0.00,61,100,95,100,100,3.5,256,246,5.9,12.6,1,0.00,1020.1,1005.9
2022-10-02T14:00,13.7,1.00,93,12.6,14.0,1.00,0.00,0.00,55,100,100,100,91,3.5,245,204,5.2,12.2,1,0.00,1019.6,1005.4
2022-10-02T15:00,13.9,0.40,92,12.5,14.2,0.40,0.00,0.00,51,100,93,100,7,2.9,270,263,4.3,10.4,1,0.00,1019.5,1005.3
2022-10-02T16:00,14.2,0.30,91,12.8,14.4,0.30,0.00,0.00,51,100,100,99,4,4.3,261,265,6.6,12.2,1,0.00,1019.5,1005.3
2022-10-02T17:00,13.7,0.70,93,12.6,13.5,0.70,0.00,0.00,53,100,100,100,1,6.6,312,315,14.0,14.8,1,0.00,1019.8,1005.6
2022-10-02T18:00,13.2,1.80,94,12.3,13.2,1.80,0.00,0.00,61,100,100,100,0,5.1,293,274,12.9,15.1,1,0.00,1020.5,1006.3
2022-10-02T19:00,13.0,0.40,95,12.1,12.9,0.40,0.00,0.00,51,100,100,48,1,5.1,281,266,13.2,12.2,0,0.00,1021.3,1007.0
2022-10-02T20:00,12.1,0.00,96,11.5,12.0,0.00,0.00,0.00,1,39,35,0,5,3.9,302,304,11.5,11.2,0,0.00,1022.0,1007.7
2022-10-02T21:00,10.9,0.00,97,10.5,10.3,0.00,0.00,0.00,0,6,0,5,1,4.8,321,318,13.0,10.8,0,0.00,1022.8,1008.4
2022-10-02T22:00,10.4,0.00,97,10.0,9.7,0.00,0.00,0.00,0,0,0,0,0,5.0,333,330,13.7,11.2,0,0.00,1023.5,1009.1
2022-10-02T23:00,10.1,0.00,97,9.7,9.2,0.00,0.00,0.00,0,0,0,0,0,5.5,333,328,15.0,11.9,0,0.00,1024.2,1009.7
2022-10-03T00:00,9.8,0.00,98,9.5,8.8,0.00,0.00,0.00,0,0,0,0,0,6.3,327,329,15.9,13.3,0,0.00,1024.8,1010.3
2022-10-03T01:00,9.7,0.00,98,9.3,8.5,0.00,0.00,0.00,0,4,0,1,9,6.6,315,311,13.2,13.3,0,0.00,1025.6,1011.1
2022-10-03T02:00,9.0,0.00,98,8.8,7.9,0.00,0.00,0.00,0,5,0,0,5,5.5,330,328,11.6,13.0,0,0.00,1026.0,1011.5
2022-10-03T03:00,8.5,0.00,99,8.3,7.2,0.00,0.00,0.00,0,10,0,0,10,5.6,318,297,10.7,10.8,0,0.00,1026.5,1011.9
2022-10-03T04:00,9.5,0.00,100,9.5,8.8,0.00,0.00,0.00,3,99,0,0,99,3.7,321,299,7.4,10.4,0,0.00,1026.4,1011.9
2022-10-03T05:00,8.5,0.00,99,8.4,7.7,0.00,0.00,0.00,3,100,0,0,100,2.9,328,30,6.8,7.2,0,0.00,1026.8,1012.2
2022-10-03T06:00,8.5,0.00,99,8.3,7.6,0.00,0.00,0.00,3,100,0,0,100,2.9,340,30,8.4,7.6,0,0.00,1027.2,1012.6
2022-10-03T07:00,8.7,0.00,98,8.5,7.7,0.00,0.00,0.00,3,100,0,0,100,4.1,347,15,9.6,10.1,1,0.00,1027.5,1012.9
2022-10-03T08:00,9.5,0.00,98,9.2,8.3,0.00,0.00,0.00,3,100,0,0,100,6.6,351,347,9.1,14.8,1,1452.09,1028.2,1013.7
2022-10-03T09:00,10.2,0.00,98,9.9,9.1,0.00,0.00,0.00,3,100,0,0,100,7.7,353,349,11.3,18.7,1,1900.66,1028.5,1014.0
2022-10-03T10:00,11.3,0.10,90,9.7,10.2,0.10,0.00,0.00,51,100,0,0,100,7.1,348,345,8.8,18.4,1,0.00,1028.3,1013.8
2022-10-03T11:00,12.6,0.10,85,10.2,11.7,0.10,0.00,0.00,51,100,94,0,100,6.6,332,331,8.5,18.0,1,3370.57,1028.4,1014.0
2022-10-03T12:00,13.7,0.10,78,9.9,12.7,0.10,0.00,0.00,51,100,100,0,58,6.7,324,324,8.5,18.0,1,3600.00,1028.3,1014.0
2022-10-03T13:00,14.3,0.10,68,8.5,13.3,0.10,0.00,0.00,51,99,100,0,73,3.8,309,311,4.6,18.0,1,3600.00,1028.3,1014.0
2022-10-03T14:00,14.8,0.00,65,8.3,14.0,0.00,0.00,0.00,3,100,100,0,100,2.4,339,333,3.1,13.3,1,3600.00,1027.8,1013.5
2022-10-03T15:00,14.7,0.00,64,8.0,14.0,0.00,0.00,0.00,3,100,100,0,100,1.3,326,304,1.3,10.8,1,0.00,1027.2,1012.9
2022-10-03T16:00,14.7,0.00,64,8.0,13.6,0.00,0.00,0.00,3,100,99,0,61,3.6,318,315,4.3,9.4,1,0.00,1027.2,1012.9
2022-10-03T17:00,14.0,0.00,72,9.1,13.2,0.00,0.00,0.00,2,79,46,0,62,3.9,333,326,7.2,9.7,1,1202.72,1026.9,1012.6
2022-10-03T18:00,11.7,0.00,82,8.8,10.6,0.00,0.00,0.00,1,21,20,0,1,5.2,350,348,12.1,9.7,1,1061.73,1026.7,1012.3
2022-10-03T19:00,9.7,0.00,89,7.9,8.2,0.00,0.00,0.00,1,23,22,0,0,6.6,360,22,10.4,10.4,0,0.00,1026.5,1012.0
2022-10-03T20:00,9.4,0.00,88,7.6,8.1,0.00,0.00,0.00,2,77,77,0,0,4.5,24,61,7.1,10.1,0,0.00,1026.3,1011.8
2022-10-03T21:00,9.1,0.00,89,7.5,7.6,0.00,0.00,0.00,2,69,69,0,0,6.0,48,65,9.2,11.5,0,0.00,1026.1,1011.6
2022-10-03T22:00,8.2,0.00,92,7.0,6.5,0.00,0.00,0.00,0,1,1,0,0,6.2,65,69,9.5,12.2,0,0.00,1025.9,1011.3
2022-10-03T23:00,7.4,0.00,94,6.5,5.6,0.00,0.00,0.00,0,11,10,2,0,6.3,88,77,10.1,12.6,0,0.00,1025.5,1010.9
2022-10-04T00:00,6.9,0.00,95,6.1,5.0,0.00,0.00,0.00,0,13,4,9,0,5.8,105,86,11.2,12.6,0,0.00,1025.1,1010.5
2022-10-04T01:00,7.3,0.00,92,6.1,5.3,0.00,0.00,0.00,0,17,61,21,0,6.5,112,96,14.4,11.5,0,0.00,1025.1,1010.5
2022-10-04T02:00,6.8,0.00,93,5.7,4.7,0.00,0.00,0.00,0,13,13,0,0,7.2,107,93,16.2,14.0,0,0.00,1025.0,1010.4
2022-10-04T03:00,7.0,0.00,92,5.8,4.7,0.00,0.00,0.00,3,100,100,0,0,8.4,111,97,18.1,16.2,0,0.00,1024.3,1009.7
2022-10-04T04:00,7.0,0.00,93,6.0,4.9,0.00,0.00,0.00,3,100,100,0,0,7.6,106,90,17.2,16.2,0,0.00,1024.1,1009.5
2022-10-04T05:00,7.0,0.00,94,6.1,5.1,0.00,0.00,0.00,3,96,96,0,0,6.5,106,84,16.5,15.5,0,0.00,1023.9,1009.3
2022-10-04T06:00,7.1,0.00,94,6.1,5.2,0.00,0.00,0.00,3,100,100,27,0,6.1,101,87,15.7,12.6,0,0.00,1023.9,1009.3
2022-10-04T07:00,7.6,0.00,92,6.4,5.6,0.00,0.00,0.00,3,100,100,41,0,6.9,106,99,16.1,13.3,1,0.00,1023.8,1009.2
2022-10-04T08:00,8.9,0.00,89,7.2,7.1,0.00,0.00,0.00,3,100,100,16,0,7.8,105,103,17.9,15.1,1,2097.09,1024.0,1009.5
2022-10-04T09:00,10.9,0.00,81,7.8,9.5,0.00,0.00,0.00,3,100,100,58,0,5.2,119,124,13.2,15.8,1,3600.00,1024.1,1009.7
2022-10-04T10:00,12.8,0.00,76,8.8,11.6,0.00,0.00,0.00,3,100,100,0,0,6.1,121,118,9.2,16.6,1,3600.00,1023.9,1009.6
2022-10-04T11:00,14.8,0.00,70,9.4,13.8,0.00,0.00,0.00,3,100,100,41,0,6.1,135,140,8.7,18.0,1,3600.00,1023.7,1009.5
2022-10-04T12:00,16.1,0.00,66,9.9,15.4,0.00,0.00,0.00,3,100,100,50,0,5.0,155,159,6.8,17.3,1,3600.00,1023.4,1009.3
2022-10-04T13:00,17.1,0.00,65,10.5,16.3,0.00,0.00,0.00,3,100,92,26,0,6.2,155,159,8.4,15.1,1,3600.00,1023.0,1008.9
2022-10-04T14:00,17.6,0.00,64,10.7,17.3,0.00,0.00,0.00,1,21,5,18,0,3.1,156,159,4.3,16.9,1,3600.00,1022.6,1008.5
2022-10-04T15:00,18.1,0.00,63,11.0,17.7,0.00,0.00,0.00,1,20,0,20,0,4.6,137,141,6.4,13.0,1,3600.00,1022.2,1008.2
2022-10-04T16:00,18.1,0.00,65,11.4,17.9,0.00,0.00,0.00,0,0,0,0,0,4.3,153,156,6.4,13.3,1,3600.00,1021.9,1007.9
2022-10-04T17:00,16.7,0.00,81,13.4,17.2,0.00,0.00,0.00,0,0,0,0,0,4.0,149,153,7.6,10.8,1,3600.00,1021.5,1007.4
2022-10-04T18:00,13.6,0.00,80,10.3,12.7,0.00,0.00,0.00,0,1,1,0,0,6.7,136,126,9.9,10.1,0,1605.07,1021.2,1007.0
2022-10-04T19:00,11.9,0.00,86,9.5,10.8,0.00,0.00,0.00,1,20,20,0,0,6.8,135,115,13.7,12.2,0,0.00,1021.4,1007.1
2022-10-04T20:00,10.7,0.00,87,8.6,9.4,0.00,0.00,0.00,0,5,5,0,0,5.8,155,112,9.5,11.5,0,0.00,1021.7,1007.3
2022-10-04T21:00,9.9,0.00,88,8.0,8.6,0.00,0.00,0.00,3,100,100,0,0,5.2,200,115,5.4,10.1,0,0.00,1022.3,1007.9
2022-10-04T22:00,10.3,0.00,87,8.1,9.2,0.00,0.00,0.00,0,1,1,0,0,4.2,180,121,5.0,8.3,0,0.00,1022.5,1008.1
2022-10-04T23:00,10.2,0.00,90,8.6,8.9,0.00,0.00,0.00,2,67,67,0,0,6.8,171,122,11.7,13.0,0,0.00,1022.6,1008.2
2022-10-05T00:00,9.8,0.00,92,8.5,8.4,0.00,0.00,0.00,2,77,77,0,0,6.7,174,126,14.5,13.7,0,0.00,1022.4,1008.0
2022-10-05T01:00,9.1,0.00,94,8.1,7.5,0.00,0.00,0.00,3,100,98,0,0,7.6,159,115,14.2,13.0,0,0.00,1022.1,1007.6
2022-10-05T02:00,8.4,0.00,94,7.5,6.8,0.00,0.00,0.00,3,99,99,0,0,6.4,177,117,14.4,14.8,0,0.00,1022.2,1007.7
2022-10-05T03:00,8.9,0.00,93,7.8,7.3,0.00,0.00,0.00,0,3,3,0,0,6.9,188,133,16.0,14.4,0,0.00,1022.2,1007.7
2022-10-05T04:00,9.4,0.00,93,8.2,7.7,0.00,0.00,0.00,0,14,14,0,0,8.4,192,149,17.7,16.9,0,0.00,1021.7,1007.2
2022-10-05T05:00,9.4,0.00,95,8.6,7.9,0.00,0.00,0.00,3,97,97,0,0,8.1,199,167,19.8,18.4,0,0.00,1021.5,1007.0
2022-10-05T06:00,9.2,0.00,95,8.5,7.7,0.00,0.00,0.00,3,100,100,0,0,6.9,208,171,17.9,17.3,0,0.00,1021.8,1007.3
2022-10-05T07:00,9.5,0.00,95,8.8,8.1,0.00,0.00,0.00,0,18,18,0,0,6.8,203,162,16.5,15.5,1,0.00,1022.0,1007.5
2022-10-05T08:00,11.2,0.00,94,10.2,10.0,0.00,0.00,0.00,1,24,15,0,10,8.7,197,142,16.2,17.3,1,3473.30,1022.2,1007.8
2022-10-05T09:00,13.3,0.00,89,11.6,12.5,0.00,0.00,0.00,0,17,11,0,7,8.3,184,162,15.2,19.8,1,3600.00,1022.2,1007.9
2022-10-05T10:00,15.3,0.00,84,12.5,14.8,0.00,0.00,0.00,1,43,41,0,3,8.6,185,180,12.6,22.3,1,3600.00,1022.0,1007.8
2022-10-05T11:00,17.3,0.00,77,13.2,17.1,0.00,0.00,0.00,1,45,45,0,0,8.4,191,187,11.7,22.3,1,3600.00,1021.7,1007.6
2022-10-05T12:00,19.1,0.00,71,13.7,19.0,0.00,0.00,0.00,0,10,10,0,0,8.8,192,189,12.5,23.4,1,3600.00,1021.3,1007.3
2022-10-05T13:00,19.2,0.00,71,13.8,19.7,0.00,0.00,0.00,0,18,14,0,2,5.6,227,225,7.4,27.7,1,3600.00,1021.1,1007.1
2022-10-05T14:00,20.4,0.00,68,14.4,20.8,0.00,0.00,0.00,2,74,72,0,6,6.9,191,189,9.5,18.7,1,3600.00,1020.1,1006.2
2022-10-05T15:00,21.3,0.00,67,15.0,21.7,0.00,0.00,0.00,3,91,91,0,0,8.3,182,178,11.9,20.2,1,3600.00,1019.6,1005.8
2022-10-05T16:00,21.3,0.00,70,15.6,21.9,0.00,0.00,0.00,1,20,17,0,4,9.0,184,182,14.8,22.0,1,3600.00,1019.3,1005.5
2022-10-05T17:00,20.6,0.00,74,15.9,21.2,0.00,0.00,0.00,3,100,100,0,0,9.5,198,189,20.8,20.2,1,3600.00,1019.0,1005.1
2022-10-05T18:00,19.3,0.00,70,13.7,18.7,0.00,0.00,0.00,0,0,0,0,0,11.9,212,205,26.7,26.6,0,1111.72,1019.4,1005.5
2022-10-05T19:00,17.7,0.00,72,12.5,16.8,0.00,0.00,0.00,1,24,24,0,0,11.5,220,212,27.1,25.9,0,0.00,1020.4,1006.4
2022-10-05T20:00,16.6,0.00,77,12.6,15.9,0.00,0.00,0.00,0,0,0,0,0,10.1,227,215,26.2,25.2,0,0.00,1021.2,1007.1
2022-10-05T21:00,15.9,0.00,81,12.6,15.2,0.00,0.00,0.00,0,0,0,0,0,10.2,233,222,26.2,23.4,0,0.00,1021.9,1007.8
2022-10-05T22:00,15.4,0.00,82,12.3,14.7,0.00,0.00,0.00,0,4,0,0,4,9.5,241,233,25.5,23.4,0,0.00,1022.7,1008.5
2022-10-05T23:00,14.8,0.00,84,12.1,14.2,0.00,0.00,0.00,0,8,0,0,8,8.9,237,223,24.0,22.3,0,0.00,1023.3,1009.1
2022-10-06T00:00,14.5,0.00,85,12.0,13.9,0.00,0.00,0.00,0,11,0,0,11,8.8,231,215,23.6,20.5,0,0.00,1023.6,1009.4
2022-10-06T01:00,14.5,0.00,84,11.7,13.9,0.00,0.00,0.00,0,11,0,0,0,7.5,234,215,21.4,21.6,0,0.00,1024.2,1010.0
2022-10-06T02:00,14.0,0.00,87,11.9,13.1,0.00,0.00,0.00,0,7,0,0,7,10.0,226,210,24.7,22.0,0,0.00,1024.8,1010.5
2022-10-06T03:00,13.6,0.00,90,12.0,13.0,0.00,0.00,0.00,0,19,0,1,19,8.8,233,215,22.1,22.0,0,0.00,1025.5,1011.2
2022-10-06T04:00,13.2,0.00,93,12.1,12.7,0.00,0.00,0.00,1,20,0,0,20,8.2,231,203,19.5,19.4,0,0.00,1026.2,1011.9
2022-10-06T05:00,13.0,0.00,95,12.1,12.4,0.00,0.00,0.00,1,46,0,16,43,8.3,236,214,20.0,18.0,0,0.00,1027.2,1012.8
2022-10-06T06:00,13.2,0.00,96,12.5,12.9,0.00,0.00,0.00,3,100,0,99,100,7.6,244,225,18.8,18.0,0,0.00,1027.9,1013.6
2022-10-06T07:00,13.8,0.00,95,13.0,13.9,0.00,0.00,0.00,3,100,0,100,100,6.1,252,230,14.8,16.9,1,0.00,1028.6,1014.3
2022-10-06T08:00,14.4,0.00,93,13.3,14.7,0.00,0.00,0.00,1,20,0,5,16,5.6,277,255,12.3,13.3,1,0.00,1029.4,1015.1
2022-10-06T09:00,16.0,0.00,79,12.4,15.3,0.00,0.00,0.00,0,7,0,0,7,9.7,316,315,14.0,20.9,1,3600.00,1030.3,1016.1
2022-10-06T10:00,16.1,0.00,68,10.1,14.5,0.00,0.00,0.00,1,40,40,0,0,11.0,321,322,15.3,25.9,1,3600.00,1030.9,1016.6
2022-10-06T11:00,16.5,0.00,61,8.9,14.8,0.00,0.00,0.00,0,18,18,0,0,9.5,322,323,12.8,25.6,1,3600.00,1031.4,1017.2
2022-10-06T12:00,17.0,0.00,56,8.2,15.5,0.00,0.00,0.00,3,83,83,0,0,7.4,318,317,9.7,23.0,1,3600.00,1031.3,1017.1
2022-10-06T13:00,17.3,0.00,52,7.4,16.0,0.00,0.00,0.00,3,100,100,0,0,4.3,315,312,5.1,19.8,1,3600.00,1031.5,1017.3
2022-10-06T14:00,17.6,0.00,50,7.0,16.4,0.00,0.00,0.00,3,100,100,0,0,3.0,287,284,3.8,13.7,1,3600.00,1031.1,1016.9
2022-10-06T15:00,17.6,0.00,49,6.9,16.4,0.00,0.00,0.00,3,94,94,0,0,2.9,270,270,3.6,11.5,1,3600.00,1030.9,1016.7
2022-10-06T16:00,17.3,0.00,51,7.2,16.3,0.00,0.00,0.00,2,63,63,0,0,2.2,270,270,2.5,10.4,1,3600.00,1030.7,1016.5
2022-10-06T17:00,17.1,0.00,52,7.0,16.1,0.00,0.00,0.00,0,11,11,0,0,1.1,270,288,0.7,6.5,1,3600.00,1030.4,1016.2
2022-10-06T18:00,16.6,0.00,52,6.8,15.6,0.00,0.00,0.00,0,16,16,0,0,1.6,90,63,1.8,2.5,0,1171.91,1030.4,1016.2
2022-10-06T19:00,11.4,0.00,75,7.1,9.9,0.00,0.00,0.00,0,13,13,0,0,5.2,82,65,5.1,7.6,0,0.00,1030.6,1016.1
2022-10-06T20:00,11.0,0.00,75,6.7,9.5,0.00,0.00,0.00,0,0,0,0,0,4.3,84,66,6.5,8.6,0,0.00,1030.3,1015.8
2022-10-06T21:00,10.1,0.00,78,6.4,8.5,0.00,0.00,0.00,0,0,0,0,0,4.9,100,73,6.2,10.1,0,0.00,1030.4,1015.9
2022-10-06T22:00,8.9,0.00,82,6.0,7.0,0.00,0.00,0.00,0,0,0,0,0,5.9,108,79,7.2,11.5,0,0.00,1030.2,1015.6
2022-10-06T23:00,7.7,0.00,86,5.5,6.0,0.00,0.00,0.00,0,1,0,0,1,4.1,97,75,6.2,11.5,0,0.00,1030.1,1015.4
2022-10-07T00:00,6.8,0.00,91,5.4,5.2,0.00,0.00,0.00,1,40,7,0,36,2.9,76,83,4.5,8.6,0,0.00,1029.7,1015.0
2022-10-07T01:00,7.0,0.00,90,5.5,5.3,0.00,0.00,0.00,3,100,0,0,44,3.6,90,96,5.4,7.9,0,0.00,1029.6,1014.9
2022-10-07T02:00,7.6,0.00,88,5.8,6.1,0.00,0.00,0.00,3,100,0,0,100,3.0,96,76,3.6,6.5,0,0.00,1029.1,1014.4
2022-10-07T03:00,9.8,0.00,80,6.5,8.4,0.00,0.00,0.00,3,100,44,0,100,3.3,94,77,5.4,9.7,0,0.00,1028.4,1013.9
2022-10-07T04:00,10.1,0.00,81,7.1,9.1,0.00,0.00,0.00,3,100,53,0,100,1.8,53,360,3.6,6.1,0,0.00,1027.9,1013.4
2022-10-07T05:00,10.0,0.00,87,7.9,9.0,0.00,0.00,0.00,3,100,11,0,100,2.5,56,8,5.2,4.3,0,0.00,1027.5,1013.0
2022-10-07T06:00,10.6,0.00,88,8.7,9.8,0.00,0.00,0.00,3,100,31,0,100,2.8,105,140,7.1,5.8,0,0.00,1027.0,1012.5
2022-10-07T07:00,11.0,0.00,79,7.5,10.1,0.00,0.00,0.00,3,100,98,0,100,1.5,100,315,6.2,6.1,1,0.00,1026.7,1012.3
2022-10-07T08:00,11.6,0.00,80,8.3,11.0,0.00,0.00,0.00,3,100,98,0,76,1.3,85,326,4.3,5.8,1,0.00,1026.5,1012.1
2022-10-07T09:00,13.3,0.00,77,9.3,13.0,0.00,0.00,0.00,3,100,100,0,24,0.8,68,333,1.9,7.2,1,3169.76,1026.4,1012.1
2022-10-07T10:00,14.9,0.00,75,10.4,14.8,0.00,0.00,0.00,3,99,99,0,21,1.3,127,146,1.8,9.0,1,3600.00,1026.0,1011.8
2022-10-07T11:00,16.4,0.00,73,11.5,16.5,0.00,0.00,0.00,3,100,100,0,14,2.4,187,207,2.9,11.5,1,3600.00,1025.3,1011.1
2022-10-07T12:00,17.4,0.00,71,12.2,17.6,0.00,0.00,0.00,3,100,100,0,12,3.5,239,246,4.2,14.0,1,3600.00,1024.7,1010.6
2022-10-07T13:00,17.4,0.00,71,12.0,17.4,0.00,0.00,0.00,3,100,89,1,38,4.1,219,225,5.1,16.9,1,3600.00,1024.0,1009.9
2022-10-07T14:00,18.1,0.00,70,12.5,18.5,0.00,0.00,0.00,3,93,93,0,4,2.3,210,219,2.9,14.4,1,3600.00,1023.0,1009.0
2022-10-07T15:00,18.5,0.00,70,12.9,18.8,0.00,0.00,0.00,3,91,89,2,17,3.8,212,221,4.7,12.2,1,3600.00,1022.0,1008.0
2022-10-07T16:00,18.1,0.00,72,12.9,17.9,0.00,0.00,0.00,3,100,79,86,100,7.0,213,215,9.9,16.9,1,3600.00,1021.4,1007.4
2022-10-07T17:00,17.0,0.10,83,14.0,17.9,0.10,0.00,0.00,51,100,99,91,89,2.5,186,180,7.2,16.6,1,0.00,1020.8,1006.7
2022-10-07T18:00,15.7,0.00,88,13.7,16.2,0.00,0.00,0.00,3,100,100,3,16,4.8,187,167,8.4,9.0,0,0.00,1020.6,1006.5
2022-10-07T19:00,15.4,0.00,83,12.6,15.3,0.00,0.00,0.00,2,64,57,3,13,6.1,222,220,10.2,10.8,0,0.00,1020.6,1006.5
2022-10-07T20:00,15.8,0.00,81,12.6,15.9,0.00,0.00,0.00,2,71,62,4,24,4.9,234,197,9.3,11.2,0,0.00,1020.2,1006.1
2022-10-07T21:00,14.0,0.00,87,11.9,13.7,0.00,0.00,0.00,3,98,95,22,35,5.8,240,202,10.0,10.4,0,0.00,1020.1,1005.9
2022-10-07T22:00,12.5,0.20,93,11.4,12.2,0.20,0.00,0.00,51,100,99,25,100,5.4,240,200,10.8,11.5,0,0.00,1020.2,1005.9
2022-10-07T23:00,13.0,0.00,93,12.0,12.9,0.00,0.00,0.00,3,99,99,7,25,4.7,221,180,12.0,10.8,0,0.00,1020.1,1005.8
2022-10-08T00:00,12.3,0.00,95,11.5,12.0,0.00,0.00,0.00,3,100,100,33,24,5.1,219,188,13.8,11.9,0,0.00,1019.7,1005.4
2022-10-08T01:00,13.8,0.50,92,12.5,13.3,0.50,0.00,0.00,53,98,66,84,33,8.9,208,194,20.8,13.0,0,0.00,1019.5,1005.3
2022-10-08T02:00,13.5,0.50,93,12.4,13.5,0.50,0.00,0.00,53,88,44,57,57,5.4,223,217,16.8,18.7,0,0.00,1019.3,1005.1
2022-10-08T03:00,13.1,0.00,95,12.3,13.1,0.00,0.00,0.00,3,90,86,11,26,5.1,240,219,14.5,14.8,0,0.00,1019.2,1005.0
2022-10-08T04:00,11.6,0.00,97,11.2,11.3,0.00,0.00,0.00,3,94,89,1,45,4.8,246,207,11.4,12.2,0,0.00,1019.4,1005.1
2022-10-08T05:00,11.7,0.00,98,11.4,11.5,0.00,0.00,0.00,3,100,100,0,41,4.1,256,218,10.7,10.8,0,0.00,1019.7,1005.4
2022-10-08T06:00,12.1,0.00,98,11.8,11.9,0.00,0.00,0.00,3,99,95,10,74,5.6,255,230,13.8,13.0,0,0.00,1019.8,1005.5
2022-10-08T07:00,11.9,0.00,98,11.5,11.6,0.00,0.00,0.00,3,95,95,1,1,5.0,264,249,13.8,13.0,1,0.00,1020.1,1005.8
2022-10-08T08:00,12.5,0.00,96,11.8,12.1,0.00,0.00,0.00,3,90,90,0,0,6.8,261,245,13.1,13.7,1,3190.84,1020.8,1006.5
2022-10-08T09:00,13.5,0.00,90,11.9,13.1,0.00,0.00,0.00,2,71,71,0,0,6.8,253,245,12.4,16.2,1,3600.00,1021.4,1007.2
2022-10-08T10:00,14.6,0.00,80,11.2,13.8,0.00,0.00,0.00,3,97,97,0,0,7.9,247,246,11.0,19.8,1,3600.00,1021.7,1007.5
2022-10-08T11:00,15.8,0.00,72,10.7,14.8,0.00,0.00,0.00,2,77,76,0,4,8.5,244,242,11.6,21.2,1,3600.00,1021.9,1007.8
2022-10-08T12:00,17.0,0.00,64,10.2,15.2,0.00,0.00,0.00,1,48,0,35,22,12.6,265,267,17.0,28.1,1,3600.00,1021.9,1007.8
2022-10-08T13:00,15.9,0.10,69,10.2,14.4,0.10,0.00,0.00,51,69,0,84,100,10.7,313,312,14.3,31.7,1,3600.00,1022.7,1008.6
2022-10-08T14:00,14.5,0.60,79,11.0,13.7,0.60,0.00,0.00,53,100,0,100,92,7.6,311,301,10.5,26.3,1,3600.00,1023.0,1008.8
2022-10-08T15:00,15.1,0.10,79,11.4,14.7,0.10,0.00,0.00,51,54,0,49,44,5.7,292,288,7.8,19.1,1,3600.00,1023.0,1008.8
2022-10-08T16:00,15.0,0.00,75,10.6,14.2,0.00,0.00,0.00,0,15,0,7,9,6.1,324,320,8.5,19.4,1,3299.68,1022.8,1008.6
2022-10-08T17:00,14.3,0.00,83,11.4,14.2,0.00,0.00,0.00,0,10,0,9,4,3.1,317,306,6.9,14.0,1,3600.00,1023.0,1008.8
2022-10-08T18:00,14.1,0.00,76,9.8,13.9,0.00,0.00,0.00,0,0,0,0,0,0.8,333,153,3.2,7.9,0,480.72,1023.6,1009.4
2022-10-08T19:00,11.1,0.00,86,8.9,10.4,0.00,0.00,0.00,0,0,0,0,0,2.9,23,97,2.7,4.7,0,0.00,1024.3,1009.9
2022-10-08T20:00,10.1,0.00,89,8.4,9.2,0.00,0.00,0.00,0,0,0,0,0,3.3,54,84,4.9,7.6,0,0.00,1024.9,1010.4
2022-10-08T21:00,9.3,0.00,91,7.9,8.2,0.00,0.00,0.00,0,7,0,0,7,3.7,53,79,5.4,9.0,0,0.00,1025.4,1010.9
2022-10-08T22:00,8.7,0.00,91,7.3,7.1,0.00,0.00,0.00,1,28,0,0,28,5.6,12,40,12.1,10.8,0,0.00,1026.0,1011.4
2022-10-08T23:00,8.7,0.00,87,6.7,6.9,0.00,0.00,0.00,0,0,0,0,0,6.4,38,52,15.9,13.0,0,0.00,1026.1,1011.5
2022-10-09T00:00,8.5,0.00,85,6.1,6.4,0.00,0.00,0.00,0,2,0,0,2,7.8,63,68,18.2,14.8,0,0.00,1026.1,1011.5
2022-10-09T01:00,9.1,0.00,78,5.5,6.8,0.00,0.00,0.00,0,7,0,0,12,8.4,65,70,21.4,15.1,0,0.00,1026.0,1011.5
2022-10-09T02:00,8.3,0.00,81,5.2,6.0,0.00,0.00,0.00,0,13,0,0,13,7.6,79,85,20.5,16.6,0,0.00,1025.8,1011.2
2022-10-09T03:00,7.6,0.00,84,5.0,5.4,0.00,0.00,0.00,0,7,0,0,7,6.9,89,96,19.8,15.5,0,0.00,1025.6,1011.0
2022-10-09T04:00,6.9,0.00,86,4.7,4.7,0.00,0.00,0.00,0,0,0,0,0,6.1,89,90,18.7,14.4,0,0.00,1025.3,1010.7
2022-10-09T05:00,6.5,0.00,86,4.3,4.2,0.00,0.00,0.00,0,0,0,0,0,6.5,95,96,18.1,13.3,0,0.00,1025.3,1010.6
2022-10-09T06:00,6.8,0.00,85,4.5,4.5,0.00,0.00,0.00,0,0,0,0,0,6.8,94,87,20.6,14.8,0,0.00,1025.2,1010.6
2022-10-09T07:00,7.7,0.00,83,5.0,5.1,0.00,0.00,0.00,0,0,0,0,0,9.4,92,86,24.1,19.1,1,0.00,1024.8,1010.2
2022-10-09T08:00,9.8,0.00,79,6.3,7.3,0.00,0.00,0.00,0,0,0,0,0,11.2,93,88,23.8,23.4,1,3096.03,1024.9,1010.4
2022-10-09T09:00,11.9,0.00,75,7.6,9.7,0.00,0.00,0.00,0,0,0,0,0,10.7,99,104,20.1,24.1,1,3600.00,1024.8,1010.4
2022-10-09T10:00,13.5,0.00,70,8.0,10.9,0.00,0.00,0.00,0,0,0,0,0,13.9,100,100,20.5,30.6,1,3600.00,1024.4,1010.1
2022-10-09T11:00,15.1,0.00,62,7.8,12.3,0.00,0.00,0.00,0,0,0,0,0,14.7,102,101,21.3,32.4,1,3600.00,1023.5,1009.3
2022-10-09T12:00,16.2,0.00,55,7.1,13.2,0.00,0.00,0.00,0,0,0,0,0,15.3,106,105,22.1,33.8,1,3600.00,1022.6,1008.5
2022-10-09T13:00,17.0,0.00,50,6.4,13.9,0.00,0.00,0.00,0,0,0,0,0,15.6,114,113,22.4,33.8,1,3600.00,1022.4,1008.3
2022-10-09T14:00,17.2,0.00,50,6.8,14.4,0.00,0.00,0.00,0,0,0,0,0,13.7,110,108,19.6,33.5,1,3600.00,1021.3,1007.2
2022-10-09T15:00,17.2,0.00,52,7.4,14.6,0.00,0.00,0.00,0,0,0,0,0,13.2,103,101,19.6,29.9,1,3600.00,1020.4,1006.3
2022-10-09T16:00,16.7,0.00,56,7.8,14.4,0.00,0.00,0.00,0,0,0,0,0,11.7,101,99,19.4,28.4,1,3600.00,1019.8,1005.7
2022-10-09T17:00,15.3,0.00,62,8.1,13.6,0.00,0.00,0.00,0,1,0,0,1,8.3,102,95,19.1,24.5,1,3600.00,1019.3,1005.2
2022-10-09T18:00,13.3,0.00,66,7.1,11.1,0.00,0.00,0.00,0,1,0,0,1,9.7,98,86,23.3,19.8,0,453.06,1019.1,1004.9
2022-10-09T19:00,12.9,0.00,67,7.0,10.5,0.00,0.00,0.00,0,1,0,0,1,11.5,103,92,26.6,23.4,0,0.00,1019.0,1004.8
2022-10-09T20:00,12.7,0.00,69,7.2,10.0,0.00,0.00,0.00,0,0,0,0,0,13.4,104,98,28.9,26.3,0,0.00,1018.7,1004.5
2022-10-09T21:00,12.5,0.00,69,7.0,9.5,0.00,0.00,0.00,0,2,0,0,2,15.0,105,100,30.9,29.9,0,0.00,1018.4,1004.1
2022-10-09T22:00,12.1,0.00,72,7.1,9.1,0.00,0.00,0.00,0,5,0,0,5,15.0,106,101,30.3,30.6,0,0.00,1018.4,1004.1
2022-10-09T23:00,11.6,0.00,75,7.4,8.9,0.00,0.00,0.00,0,0,0,0,0,14.1,111,105,28.5,29.9,0,0.00,1018.3,1004.0
2022-10-10T00:00,11.2,0.00,79,7.6,8.7,0.00,0.00,0.00,0,0,0,0,0,12.3,116,111,25.6,27.7,0,0.00,1018.0,1003.7
2022-10-10T01:00,10.0,0.00,86,7.8,8.0,0.00,0.00,0.00,0,6,0,0,0,9.9,139,123,20.9,24.1,0,0.00,1018.1,1003.7
2022-10-10T02:00,9.1,0.00,93,7.9,7.4,0.00,0.00,0.00,0,0,0,0,0,7.6,148,109,13.6,19.1,0,0.00,1017.6,1003.2
2022-10-10T03:00,8.7,0.00,93,7.7,6.8,0.00,0.00,0.00,0,0,0,0,0,8.4,152,115,13.8,15.5,0,0.00,1017.6,1003.2
2022-10-10T04:00,8.8,0.00,93,7.7,7.0,0.00,0.00,0.00,0,0,0,0,0,7.8,146,112,14.3,15.8,0,0.00,1017.6,1003.2
2022-10-10T05:00,8.3,0.00,94,7.5,6.7,0.00,0.00,0.00,0,2,0,0,2,6.8,149,108,11.8,14.4,0,0.00,1017.6,1003.1
2022-10-10T06:00,8.1,0.00,95,7.3,6.6,0.00,0.00,0.00,0,14,0,14,0,5.7,167,108,10.0,12.6,0,0.00,1017.5,1003.0
2022-10-10T07:00,8.6,0.00,94,7.7,7.1,0.00,0.00,0.00,0,7,0,2,5,6.0,182,123,12.2,12.2,1,0.00,1017.5,1003.1
2022-10-10T08:00,11.1,0.00,88,9.2,9.6,0.00,0.00,0.00,0,3,0,0,3,8.2,184,142,14.1,16.6,1,3000.89,1018.0,1003.7
2022-10-10T09:00,13.4,0.00,83,10.5,12.5,0.00,0.00,0.00,0,3,0,0,3,7.1,182,165,11.9,17.3,1,3600.00,1018.2,1004.0
2022-10-10T10:00,15.0,0.00,79,11.4,14.4,0.00,0.00,0.00,0,0,0,0,0,7.2,180,177,10.1,19.1,1,3600.00,1018.1,1004.0
2022-10-10T11:00,16.8,0.00,75,12.4,16.2,0.00,0.00,0.00,0,0,0,0,0,8.6,182,180,11.5,21.6,1,3600.00,1017.9,1003.9
2022-10-10T12:00,18.3,0.00,71,13.0,17.9,0.00,0.00,0.00,0,0,0,0,0,9.2,195,191,12.7,23.0,1,3600.00,1017.9,1003.9
2022-10-10T13:00,19.7,0.00,64,12.8,19.3,0.00,0.00,0.00,0,1,4,7,4,8.4,188,187,10.9,23.0,1,3600.00,1017.6,1003.7
2022-10-10T14:00,20.2,0.00,61,12.5,19.8,0.00,0.00,0.00,2,53,47,11,1,8.6,196,195,11.6,21.2,1,3600.00,1017.3,1003.4
2022-10-10T15:00,20.6,0.00,60,12.4,20.0,0.00,0.00,0.00,3,100,100,20,2,9.2,220,219,13.6,21.2,1,3600.00,1017.2,1003.4
2022-10-10T16:00,20.0,0.00,65,13.2,20.2,0.00,0.00,0.00,3,98,97,2,0,6.0,218,213,12.8,21.2,1,3600.00,1017.0,1003.1
2022-10-10T17:00,18.2,0.00,73,13.3,18.3,0.00,0.00,0.00,3,90,90,2,0,6.5,202,183,16.3,14.0,1,2817.07,1017.3,1003.3
2022-10-10T18:00,16.3,0.00,78,12.6,16.1,0.00,0.00,0.00,1,39,26,17,9,6.6,218,193,18.2,14.8,0,0.00,1017.9,1003.8
2022-10-10T19:00,14.5,0.10,85,12.0,14.0,0.10,0.00,0.00,51,91,80,49,17,7.4,233,203,13.9,13.7,0,0.00,1018.6,1004.4
2022-10-10T20:00,14.4,2.80,93,13.3,14.8,2.80,0.00,0.00,63,91,78,67,28,4.3,221,175,10.5,17.3,0,0.00,1019.8,1005.6
2022-10-10T21:00,14.4,0.40,92,13.1,14.8,0.40,0.00,0.00,51,62,9,57,3,4.5,238,166,8.9,15.5,0,0.00,1019.7,1005.5
2022-10-10T22:00,13.8,0.20,94,12.9,13.7,0.20,0.00,0.00,51,100,2,72,100,6.5,227,214,14.8,11.2,0,0.00,1020.8,1006.6
2022-10-10T23:00,13.9,0.20,96,13.3,14.4,0.20,0.00,0.00,51,38,12,12,21,3.6,276,264,11.2,14.0,0,0.00,1021.3,1007.1
2022-10-11T00:00,12.9,0.00,96,12.4,12.9,0.00,0.00,0.00,0,14,10,4,2,5.4,332,318,15.1,11.2,0,0.00,1021.6,1007.3
2022-10-11T01:00,12.6,0.00,96,12.0,12.0,0.00,0.00,0.00,3,100,94,4,27,8.4,338,320,12.4,13.0,0,0.00,1022.1,1007.8
2022-10-11T02:00,13.4,0.00,95,12.5,13.3,0.00,0.00,0.00,3,100,10,12,100,6.2,354,339,14.5,13.0,0,0.00,1022.8,1008.5
2022-10-11T03:00,13.4,0.00,94,12.4,12.7,0.00,0.00,0.00,3,100,47,77,100,9.8,346,336,19.3,19.1,0,0.00,1023.1,1008.8
2022-10-11T04:00,13.0,0.00,92,11.7,11.9,0.00,0.00,0.00,3,92,25,89,5,11.2,3,354,20.9,22.7,0,0.00,1023.2,1008.9
2022-10-11T05:00,12.2,0.00,92,11.0,11.0,0.00,0.00,0.00,3,100,2,100,11,10.1,10,360,20.5,22.7,0,0.00,1023.5,1009.2
2022-10-11T06:00,12.0,0.00,92,10.7,10.8,0.00,0.00,0.00,3,100,32,100,25,9.4,11,358,19.1,20.5,0,0.00,1023.9,1009.5
2022-10-11T07:00,11.8,0.00,92,10.5,10.7,0.00,0.00,0.00,3,100,76,100,100,8.3,10,355,16.1,18.7,1,0.00,1024.7,1010.3
2022-10-11T08:00,12.2,0.00,89,10.4,11.2,0.00,0.00,0.00,3,100,93,95,100,7.8,24,13,12.6,16.9,1,0.00,1025.5,1011.1
2022-10-11T09:00,12.7,0.00,86,10.4,11.7,0.00,0.00,0.00,3,100,97,81,77,7.8,27,22,11.3,17.6,1,0.00,1025.9,1011.6
2022-10-11T10:00,13.6,0.00,80,10.3,12.7,0.00,0.00,0.00,3,100,96,81,70,6.6,34,29,9.1,18.0,1,925.82,1025.9,1011.6
2022-10-11T11:00,14.7,0.00,75,10.2,14.0,0.00,0.00,0.00,3,100,100,94,90,5.4,43,37,7.4,16.6,1,3600.00,1025.8,1011.6
2022-10-11T12:00,15.5,0.00,71,10.2,14.8,0.00,0.00,0.00,3,100,100,58,65,5.1,49,45,6.6,15.1,1,3600.00,1025.6,1011.4
2022-10-11T13:00,15.1,0.00,76,10.9,14.7,0.00,0.00,0.00,3,100,89,46,100,5.1,21,8,6.2,14.8,1,3600.00,1025.6,1011.4
2022-10-11T14:00,15.8,0.00,73,11.0,15.3,0.00,0.00,0.00,3,100,93,13,100,5.0,6,360,6.5,14.8,1,3600.00,1025.2,1011.0
2022-10-11T15:00,16.1,0.00,71,10.9,15.6,0.00,0.00,0.00,3,100,100,5,100,5.2,18,12,6.8,14.0,1,2803.86,1024.8,1010.6
2022-10-11T16:00,16.2,0.00,70,10.7,15.7,0.00,0.00,0.00,3,100,100,2,100,5.1,12,4,7.0,13.0,1,237.67,1024.6,1010.4
2022-10-11T17:00,15.5,0.00,74,10.8,14.8,0.00,0.00,0.00,3,100,98,1,100,6.4,333,322,12.1,13.0,1,170.56,1024.4,1010.2
2022-10-11T18:00,13.7,0.00,77,9.7,12.2,0.00,0.00,0.00,3,100,100,0,78,9.6,353,340,18.5,18.4,0,0.00,1024.6,1010.3
2022-10-11T19:00,13.0,0.00,77,9.2,11.4,0.00,0.00,0.00,3,94,72,0,78,9.7,28,15,19.7,19.1,0,0.00,1024.7,1010.4
2022-10-11T20:00,11.8,0.00,80,8.4,10.3,0.00,0.00,0.00,3,100,95,0,100,7.6,44,31,18.1,18.7,0,0.00,1024.7,1010.3
2022-10-11T21:00,11.0,0.00,80,7.6,9.4,0.00,0.00,0.00,3,100,0,0,100,6.7,50,36,16.9,15.1,0,0.00,1024.6,1010.2
2022-10-11T22:00,10.2,0.00,82,7.2,8.8,0.00,0.00,0.00,3,100,0,0,100,4.9,60,36,13.7,13.7,0,0.00,1024.8,1010.3
2022-10-11T23:00,10.1,0.00,85,7.7,8.8,0.00,0.00,0.00,3,100,0,0,100,4.6,80,51,10.6,9.7,0,0.00,1024.9,1010.4
2022-10-12T00:00,10.8,0.00,88,8.8,9.8,0.00,0.00,0.00,2,50,0,0,50,4.4,96,81,9.8,8.3,0,0.00,1024.5,1010.1
2022-10-12T01:00,11.2,0.00,78,7.4,9.8,0.00,0.00,0.00,1,36,0,0,100,4.5,97,61,9.4,7.9,0,0.00,1024.5,1010.1
2022-10-12T02:00,10.9,0.00,79,7.4,10.0,0.00,0.00,0.00,2,52,0,0,52,1.8,81,323,4.4,7.9,0,0.00,1024.6,1010.2
2022-10-12T03:00,8.5,0.00,91,7.1,7.0,0.00,0.00,0.00,0,9,0,0,9,4.6,41,342,3.8,6.1,0,0.00,1024.6,1010.1
2022-10-12T04:00,7.2,0.00,95,6.4,5.4,0.00,0.00,0.00,0,9,0,0,9,5.8,30,4,5.8,8.3,0,0.00,1024.4,1009.8
2022-10-12T05:00,7.0,0.00,95,6.2,5.2,0.00,0.00,0.00,0,9,0,0,9,5.4,54,37,6.2,8.6,0,0.00,1024.3,1009.7
2022-10-12T06:00,8.1,0.00,92,6.8,6.7,0.00,0.00,0.00,1,34,0,0,34,3.8,94,73,5.8,7.9,0,0.00,1024.5,1009.9
2022-10-12T07:00,7.1,0.00,96,6.4,5.5,0.00,0.00,0.00,2,58,0,0,58,4.8,100,63,8.4,7.9,1,0.00,1024.6,1010.0
2022-10-12T08:00,9.5,0.00,89,7.9,8.4,0.00,0.00,0.00,3,92,0,0,92,4.1,88,45,10.1,9.4,1,1893.67,1024.7,1010.2
2022-10-12T09:00,11.7,0.00,85,9.3,11.2,0.00,0.00,0.00,3,100,0,0,100,1.8,97,101,6.2,9.7,1,3600.00,1024.6,1010.2
2022-10-12T10:00,13.4,0.00,83,10.6,13.4,0.00,0.00,0.00,1,27,0,0,27,1.3,124,146,2.6,9.7,1,3600.00,1024.4,1010.1
2022-10-12T11:00,14.9,0.00,81,11.6,15.2,0.00,0.00,0.00,0,15,3,0,12,1.6,135,153,2.5,10.4,1,3600.00,1024.4,1010.2
2022-10-12T12:00,16.8,0.00,73,12.0,16.5,0.00,0.00,0.00,3,100,25,0,100,6.2,155,159,8.4,17.3,1,3600.00,1023.9,1009.8
2022-10-12T13:00,16.3,0.00,74,11.8,15.8,0.00,0.00,0.00,3,80,76,3,100,7.5,144,145,9.3,17.6,1,3600.00,1023.8,1009.7
2022-10-12T14:00,16.6,0.00,74,11.9,16.3,0.00,0.00,0.00,3,100,8,0,100,6.2,146,144,8.3,18.0,1,2692.97,1023.2,1009.1
2022-10-12T15:00,17.0,0.00,72,11.9,17.3,0.00,0.00,0.00,3,100,7,0,100,2.3,207,219,3.2,15.5,1,1193.98,1022.9,1008.8
2022-10-12T16:00,16.9,0.00,72,11.8,17.0,0.00,0.00,0.00,3,95,91,0,47,3.1,307,306,3.6,9.0,1,1500.47,1022.7,1008.6
2022-10-12T17:00,16.4,0.00,75,12.0,16.8,0.00,0.00,0.00,3,100,100,0,40,1.1,117,162,1.6,7.9,1,3116.70,1022.4,1008.3
2022-10-12T18:00,13.1,0.00,87,11.0,12.6,0.00,0.00,0.00,3,100,100,0,4,5.6,137,140,9.4,9.4,0,0.00,1022.2,1007.9
2022-10-12T19:00,12.8,0.00,89,11.0,12.1,0.00,0.00,0.00,3,87,87,0,2,6.7,141,126,14.3,12.2,0,0.00,1022.4,1008.1
2022-10-12T20:00,11.2,0.00,92,10.0,10.3,0.00,0.00,0.00,3,99,99,0,2,6.3,142,121,15.1,12.6,0,0.00,1022.5,1008.1
2022-10-12T21:00,10.3,0.00,94,9.4,9.1,0.00,0.00,0.00,3,84,83,8,0,7.5,156,125,12.2,11.5,0,0.00,1022.6,1008.2
2022-10-12T22:00,12.0,0.00,89,10.3,11.6,0.00,0.00,0.00,2,61,61,0,1,3.9,191,112,7.3,10.8,0,0.00,1022.7,1008.4
2022-10-12T23:00,11.0,0.00,92,9.7,10.5,0.00,0.00,0.00,0,19,1,0,18,3.1,227,111,5.9,6.8,0,0.00,1022.9,1008.5
2022-10-13T00:00,9.0,0.00,96,8.3,7.9,0.00,0.00,0.00,1,41,10,17,21,4.2,225,110,4.6,7.2,0,0.00,1022.8,1008.3
2022-10-13T01:00,9.1,0.00,97,8.6,7.9,0.00,0.00,0.00,1,24,0,27,0,5.1,222,135,5.4,7.2,0,0.00,1022.6,1008.1
2022-10-13T02:00,8.2,0.00,98,7.9,6.9,0.00,0.00,0.00,1,28,16,8,6,5.2,217,146,3.6,8.6,0,0.00,1022.6,1008.1
2022-10-13T03:00,7.7,0.00,99,7.6,6.2,0.00,0.00,0.00,3,98,97,7,16,6.0,204,163,6.3,9.7,0,0.00,1022.5,1007.9
2022-10-13T04:00,8.1,0.00,99,8.0,6.9,0.00,0.00,0.00,3,100,82,91,100,4.3,164,132,6.4,9.7,0,0.00,1022.1,1007.6
2022-10-13T05:00,9.0,0.00,100,9.0,7.8,0.00,0.00,0.00,3,100,42,98,100,6.2,156,126,9.8,11.2,0,0.00,1022.1,1007.6
2022-10-13T06:00,9.3,0.00,99,9.2,8.4,0.00,0.00,0.00,3,100,100,88,100,4.3,165,132,9.7,12.6,0,0.00,1022.1,1007.6
2022-10-13T07:00,9.5,0.00,100,9.4,8.4,0.00,0.00,0.00,3,100,100,51,100,6.2,147,126,9.9,12.2,1,0.00,1021.6,1007.2
2022-10-13T08:00,10.3,0.00,99,10.1,9.2,0.00,0.00,0.00,3,100,100,25,100,7.7,150,139,10.0,17.3,1,0.00,1021.3,1006.9
2022-10-13T09:00,11.3,0.00,96,10.7,10.4,0.00,0.00,0.00,3,100,100,85,100,7.7,151,143,9.5,17.3,1,0.00,1021.4,1007.0
2022-10-13T10:00,12.7,0.00,92,11.5,11.9,0.00,0.00,0.00,3,100,100,85,100,8.1,148,148,10.2,18.0,1,0.00,1021.0,1006.7
2022-10-13T11:00,13.9,0.10,89,12.1,13.3,0.10,0.00,0.00,51,100,100,100,100,8.4,167,170,11.4,20.9,1,0.00,1020.8,1006.6
2022-10-13T12:00,14.6,0.40,87,12.5,14.3,0.40,0.00,0.00,51,100,100,99,100,7.7,192,191,10.7,20.2,1,0.00,1020.4,1006.2
2022-10-13T13:00,14.6,0.20,83,11.8,13.6,0.20,0.00,0.00,51,100,100,99,73,10.2,210,212,13.7,20.2,1,0.00,1020.2,1006.0
2022-10-13T14:00,14.9,0.60,84,12.2,14.5,0.60,0.00,0.00,53,100,64,65,100,7.4,226,227,9.9,21.6,1,113.07,1019.3,1005.2
2022-10-13T15:00,15.2,0.00,84,12.5,15.0,0.00,0.00,0.00,3,100,51,100,100,6.9,225,227,9.2,18.0,1,246.43,1019.1,1005.0
2022-10-13T16:00,15.1,0.10,85,12.5,14.8,0.10,0.00,0.00,51,99,96,80,31,7.4,230,231,10.7,18.7,1,0.00,1018.9,1004.8
2022-10-13T17:00,14.7,0.10,88,12.6,14.7,0.10,0.00,0.00,51,96,31,93,24,5.4,208,200,11.4,19.8,1,0.00,1018.7,1004.6
2022-10-13T18:00,13.1,0.40,92,11.8,12.8,0.40,0.00,0.00,51,100,95,100,49,5.3,227,208,14.3,18.4,0,0.00,1019.0,1004.8
2022-10-13T19:00,13.1,0.10,94,12.1,12.9,0.10,0.00,0.00,51,100,0,100,3,5.5,206,157,11.6,11.5,0,0.00,1018.8,1004.6
2022-10-13T20:00,13.1,0.00,95,12.3,12.8,0.00,0.00,0.00,3,100,0,100,1,6.8,210,183,15.3,14.4,0,0.00,1018.7,1004.5
2022-10-13T21:00,13.2,0.00,95,12.3,12.8,0.00,0.00,0.00,3,100,0,100,14,7.2,204,177,15.8,15.1,0,0.00,1018.8,1004.6
2022-10-13T22:00,13.2,0.00,94,12.2,12.6,0.00,0.00,0.00,3,100,0,100,26,8.7,213,197,19.0,18.4,0,0.00,1019.0,1004.8
2022-10-13T23:00,13.0,0.00,93,11.9,12.3,0.00,0.00,0.00,3,100,0,100,17,8.3,227,214,18.1,18.4,0,0.00,1019.1,1004.9
2022-10-14T00:00,12.5,0.00,93,11.5,12.0,0.00,0.00,0.00,3,100,0,100,29,6.3,230,211,16.1,17.6,0,0.00,1019.0,1004.7
2022-10-14T01:00,12.6,0.00,91,11.2,11.8,0.00,0.00,0.00,3,97,0,100,41,7.9,227,204,16.3,14.4,0,0.00,1018.9,1004.6
2022-10-14T02:00,12.1,0.00,93,11.0,11.6,0.00,0.00,0.00,3,100,0,100,57,5.8,224,202,14.5,15.8,0,0.00,1019.0,1004.7
2022-10-14T03:00,12.1,0.00,93,10.9,11.3,0.00,0.00,0.00,2,54,0,7,51,6.8,207,180,13.4,13.7,0,0.00,1018.5,1004.2
2022-10-14T04:00,11.6,0.00,94,10.6,10.7,0.00,0.00,0.00,3,100,0,93,100,7.4,189,166,15.7,15.1,0,0.00,1017.9,1003.6
2022-10-14T05:00,11.8,0.00,93,10.7,11.0,0.00,0.00,0.00,3,97,36,50,96,7.0,187,159,15.2,15.8,0,0.00,1017.5,1003.2
2022-10-14T06:00,11.7,0.00,94,10.7,11.2,0.00,0.00,0.00,3,100,100,21,28,5.4,180,138,12.6,14.4,0,0.00,1017.1,1002.8
2022-10-14T07:00,10.9,0.00,94,10.0,10.2,0.00,0.00,0.00,3,99,99,29,55,4.7,174,122,10.9,11.5,1,0.00,1016.6,1002.3
2022-10-14T08:00,12.4,0.00,91,10.9,11.5,0.00,0.00,0.00,3,100,100,36,15,8.0,153,117,11.8,14.0,1,2038.93,1016.7,1002.5
2022-10-14T09:00,13.8,0.00,89,12.1,13.2,0.00,0.00,0.00,3,100,100,100,5,9.0,140,113,15.1,17.3,1,3600.00,1016.4,1002.2
2022-10-14T10:00,14.6,0.00,87,12.4,14.2,0.00,0.00,0.00,3,100,100,100,0,7.6,147,115,15.9,18.0,1,0.00,1016.1,1002.0
2022-10-14T11:00,15.8,0.00,81,12.5,15.6,0.00,0.00,0.00,3,100,100,100,0,7.0,146,125,12.2,16.9,1,0.00,1015.8,1001.7
2022-10-14T12:00,17.1,0.00,72,12.1,16.6,0.00,0.00,0.00,3,100,100,100,1,7.7,173,169,11.3,18.7,1,549.33,1015.1,1001.1
2022-10-14T13:00,14.8,0.10,93,13.7,14.6,0.10,0.00,0.00,51,100,100,100,100,8.9,140,137,15.6,23.8,1,0.00,1014.9,1000.8
2022-10-14T14:00,15.4,0.90,88,13.5,15.5,0.90,0.00,0.00,53,100,100,100,88,7.2,165,153,12.3,20.2,1,0.00,1014.2,1000.1
2022-10-14T15:00,15.1,2.40,90,13.5,15.1,2.40,0.00,0.00,61,100,33,100,4,7.8,176,158,15.5,21.2,1,0.00,1013.4,999.3
2022-10-14T16:00,15.6,0.10,89,13.9,15.1,0.10,0.00,0.00,51,100,71,100,20,12.3,193,185,20.7,24.8,1,0.00,1013.1,999.1
2022-10-14T17:00,15.0,0.00,93,13.9,14.7,0.00,0.00,0.00,3,100,100,100,23,10.5,199,188,19.8,25.2,1,0.00,1012.8,998.7
2022-10-14T18:00,14.6,0.60,94,13.7,14.1,0.60,0.00,0.00,53,100,100,100,66,11.4,213,204,22.4,25.9,0,0.00,1012.8,998.7
2022-10-14T19:00,14.5,0.90,96,13.8,14.1,0.90,0.00,0.00,53,100,100,100,83,10.9,212,207,21.2,27.4,0,0.00,1012.6,998.5
2022-10-14T20:00,14.5,0.80,95,13.7,14.1,0.80,0.00,0.00,53,100,100,100,100,10.3,217,209,20.3,28.8,0,0.00,1012.4,998.3
2022-10-14T21:00,14.2,1.00,94,13.3,13.7,1.00,0.00,0.00,55,100,100,100,100,10.3,202,192,19.9,22.0,0,0.00,1011.9,997.8
2022-10-14T22:00,13.5,1.10,92,12.2,12.5,1.10,0.00,0.00,55,100,100,100,100,11.3,196,187,21.3,25.6,0,0.00,1011.5,997.4
2022-10-14T23:00,13.5,1.80,92,12.2,12.7,1.80,0.00,0.00,61,100,100,100,100,10.1,188,176,20.4,23.8,0,0.00,1010.8,996.7
2022-10-15T00:00,13.6,0.70,92,12.4,13.0,0.70,0.00,0.00,53,100,100,100,100,9.4,201,187,19.3,22.0,0,0.00,1010.2,996.1
2022-10-15T01:00,14.1,1.10,94,13.1,13.8,1.10,0.00,0.00,55,100,100,100,48,8.6,201,178,18.5,20.5,0,0.00,1009.3,995.3
2022-10-15T02:00,14.2,3.70,94,13.3,13.9,3.70,0.00,0.00,63,100,100,100,100,9.4,216,203,20.4,20.5,0,0.00,1008.7,994.7
2022-10-15T03:00,14.7,1.80,95,13.9,14.2,1.80,0.00,0.00,61,100,100,100,100,11.7,227,223,24.0,24.5,0,0.00,1008.3,994.3
2022-10-15T04:00,14.7,0.90,96,14.1,14.0,0.90,0.00,0.00,53,100,27,100,100,14.1,234,232,27.1,28.8,0,0.00,1008.4,994.4
2022-10-15T05:00,15.1,0.50,96,14.5,14.4,0.50,0.00,0.00,53,100,18,100,100,14.3,244,242,26.7,31.3,0,0.00,1008.8,994.8
2022-10-15T06:00,15.4,0.30,96,14.7,15.0,0.30,0.00,0.00,51,100,45,100,100,13.9,247,245,25.3,30.2,0,0.00,1009.6,995.6
2022-10-15T07:00,15.4,0.40,96,14.7,15.1,0.40,0.00,0.00,51,100,96,100,51,12.5,236,231,23.9,28.8,1,0.00,1010.0,996.0
2022-10-15T08:00,15.2,0.60,96,14.6,15.0,0.60,0.00,0.00,53,100,49,100,100,11.5,235,229,21.5,26.3,1,0.00,1010.9,996.9
2022-10-15T09:00,15.4,0.50,95,14.6,15.2,0.50,0.00,0.00,53,100,96,100,100,11.4,222,215,21.2,25.6,1,0.00,1011.3,997.3
2022-10-15T10:00,15.4,2.00,95,14.6,15.2,2.00,0.00,0.00,61,100,97,100,100,11.9,220,215,21.2,25.6,1,0.00,1011.6,997.6
2022-10-15T11:00,16.6,0.10,90,14.9,15.9,0.10,0.00,0.00,51,56,17,25,44,15.6,223,220,25.2,31.0,1,1218.04,1011.6,997.6
2022-10-15T12:00,18.2,0.20,79,14.4,16.6,0.20,0.00,0.00,51,69,17,49,36,20.4,227,226,30.6,41.0,1,3600.00,1011.3,997.4
2022-10-15T13:00,18.0,0.50,82,14.9,17.6,0.50,0.00,0.00,53,100,1,100,30,13.3,201,199,20.1,44.6,1,3600.00,1011.4,997.5
2022-10-15T14:00,17.7,2.40,84,15.0,17.4,2.40,0.00,0.00,61,100,76,64,100,13.9,214,211,23.4,36.0,1,1258.14,1011.0,997.1
2022-10-15T15:00,17.2,1.00,87,15.0,16.7,1.00,0.00,0.00,55,100,100,30,100,15.3,211,207,26.0,37.1,1,0.00,1010.8,996.9
2022-10-15T16:00,17.3,0.00,87,15.2,16.8,0.00,0.00,0.00,3,100,82,7,100,15.1,211,205,26.5,32.0,1,0.00,1010.9,997.0
2022-10-15T17:00,17.4,0.00,86,15.1,17.2,0.00,0.00,0.00,3,100,100,15,21,13.0,213,208,24.2,31.3,1,0.00,1011.0,997.1
2022-10-15T18:00,16.4,0.10,90,14.7,16.1,0.10,0.00,0.00,51,100,100,45,43,12.1,217,210,25.2,27.4,0,0.00,1011.6,997.6
2022-10-15T19:00,16.3,0.50,91,14.8,16.1,0.50,0.00,0.00,53,100,100,35,100,12.6,213,204,24.2,28.4,0,0.00,1012.1,998.1
2022-10-15T20:00,16.5,0.20,91,15.1,16.2,0.20,0.00,0.00,51,100,100,13,75,13.6,217,212,25.7,28.1,0,0.00,1012.7,998.7
2022-10-15T21:00,16.5,0.20,91,15.0,15.9,0.20,0.00,0.00,51,100,100,81,37,15.4,222,217,27.8,34.2,0,0.00,1013.0,999.0
2022-10-15T22:00,16.2,0.00,92,14.9,16.0,0.00,0.00,0.00,3,100,100,100,28,12.7,217,209,24.2,31.7,0,0.00,1013.6,999.6
2022-10-15T23:00,15.9,0.10,93,14.8,15.9,0.10,0.00,0.00,51,100,100,99,87,11.3,219,211,22.5,26.6,0,0.00,1014.1,1000.1
2022-10-16T00:00,15.9,0.10,93,14.9,15.8,0.10,0.00,0.00,51,100,93,100,28,11.6,217,210,23.1,24.8,0,0.00,1014.4,1000.4
2022-10-16T01:00,15.9,0.10,94,14.9,16.2,0.10,0.00,0.00,51,100,76,66,3,8.9,227,220,21.1,24.5,0,0.00,1014.4,1000.4
2022-10-16T02:00,15.3,0.00,95,14.5,15.7,0.00,0.00,0.00,3,99,97,71,1,7.3,222,200,18.4,20.2,0,0.00,1014.8,1000.7
2022-10-16T03:00,14.8,0.10,96,14.2,15.4,0.10,0.00,0.00,51,88,70,21,51,5.1,219,184,13.8,16.6,0,0.00,1014.9,1000.8
2022-10-16T04:00,14.8,0.00,96,14.2,15.2,0.00,0.00,0.00,3,100,82,100,13,6.5,206,174,16.4,15.5,0,0.00,1015.1,1001.0
2022-10-16T05:00,15.0,0.00,96,14.4,15.4,0.00,0.00,0.00,3,100,100,89,6,7.6,199,175,17.5,16.9,0,0.00,1015.2,1001.1
2022-10-16T06:00,15.0,0.00,96,14.3,15.3,0.00,0.00,0.00,2,79,72,27,14,8.0,202,175,18.6,17.6,0,0.00,1015.5,1001.4
2022-10-16T07:00,14.7,0.00,95,14.0,15.0,0.00,0.00,0.00,3,99,97,87,7,6.9,193,152,16.2,17.6,1,0.00,1015.7,1001.6
2022-10-16T08:00,15.3,0.50,96,14.7,16.4,0.50,0.00,0.00,53,100,95,93,11,3.1,228,315,8.7,18.0,1,0.00,1016.6,1002.5
2022-10-16T09:00,16.2,0.00,93,15.1,17.3,0.00,0.00,0.00,1,29,0,28,2,3.7,193,101,6.3,10.1,1,256.74,1017.4,1003.3
2022-10-16T10:00,17.8,0.00,86,15.5,18.5,0.00,0.00,0.00,3,100,49,100,0,8.0,198,190,11.7,20.2,1,3600.00,1017.9,1003.9
2022-10-16T11:00,17.8,0.00,86,15.5,18.6,0.00,0.00,0.00,3,98,50,96,0,6.6,197,193,10.1,20.9,1,602.47,1018.5,1004.5
2022-10-16T12:00,18.4,0.00,84,15.6,19.1,0.00,0.00,0.00,1,27,6,22,1,7.8,208,202,11.4,19.8,1,3230.97,1018.8,1004.8
2022-10-16T13:00,19.5,0.00,80,15.9,20.0,0.00,0.00,0.00,1,20,73,29,3,9.9,171,170,13.5,22.0,1,3600.00,1018.2,1004.3
2022-10-16T14:00,20.8,0.00,75,16.2,21.6,0.00,0.00,0.00,3,80,75,19,0,9.0,182,180,12.2,22.7,1,3600.00,1017.9,1004.1
2022-10-16T15:00,21.1,0.00,74,16.3,22.0,0.00,0.00,0.00,3,97,97,23,5,9.1,172,171,12.7,21.6,1,3600.00,1017.8,1004.0
2022-10-16T16:00,20.8,0.00,75,16.2,21.8,0.00,0.00,0.00,3,94,75,76,5,7.7,156,152,13.0,20.5,1,3600.00,1018.0,1004.2
2022-10-16T17:00,19.6,0.00,80,16.0,20.5,0.00,0.00,0.00,2,51,31,29,0,7.6,129,121,17.1,16.6,1,3600.00,1017.8,1003.9
2022-10-16T18:00,18.0,0.00,83,15.2,18.1,0.00,0.00,0.00,3,86,86,1,0,11.0,122,113,24.6,22.0,0,0.00,1018.2,1004.2
2022-10-16T19:00,17.1,0.00,85,14.6,17.5,0.00,0.00,0.00,3,89,89,2,0,7.8,125,112,21.0,21.6,0,0.00,1018.8,1004.8
2022-10-16T20:00,16.6,0.00,87,14.3,16.6,0.00,0.00,0.00,3,97,97,2,0,9.2,136,116,21.4,18.0,0,0.00,1019.3,1005.2
2022-10-16T21:00,16.5,0.00,86,14.1,16.2,0.00,0.00,0.00,3,99,99,0,0,10.9,139,117,23.7,21.2,0,0.00,1019.6,1005.5
2022-10-16T22:00,16.3,0.00,86,13.9,15.9,0.00,0.00,0.00,2,53,50,7,0,10.9,141,117,23.6,22.7,0,0.00,1020.0,1005.9
2022-10-16T23:00,15.8,0.00,87,13.7,15.4,0.00,0.00,0.00,0,6,0,6,0,11.1,147,115,21.9,21.2,0,0.00,1020.5,1006.4
2022-10-17T00:00,15.6,0.00,86,13.2,15.2,0.00,0.00,0.00,1,22,22,1,0,10.0,149,116,20.5,21.2,0,0.00,1020.6,1006.5
2022-10-17T01:00,15.3,0.00,90,13.7,15.5,0.00,0.00,0.00,1,39,2,4,0,6.8,161,115,14.1,19.4,0,0.00,1021.2,1007.0
2022-10-17T02:00,14.2,0.00,91,12.7,14.0,0.00,0.00,0.00,3,86,80,30,0,7.3,163,110,13.2,14.8,0,0.00,1021.6,1007.4
2022-10-17T03:00,14.5,0.00,88,12.5,14.2,0.00,0.00,0.00,3,94,94,0,0,7.0,168,111,12.5,14.8,0,0.00,1021.6,1007.4
2022-10-17T04:00,13.4,0.00,90,11.8,12.9,0.00,0.00,0.00,3,99,99,0,0,7.2,162,117,12.9,14.4,0,0.00,1021.7,1007.4
2022-10-17T05:00,13.2,0.00,90,11.6,12.5,0.00,0.00,0.00,2,63,63,0,0,7.9,158,114,14.4,15.8,0,0.00,1021.9,1007.6
2022-10-17T06:00,12.7,0.00,91,11.2,12.1,0.00,0.00,0.00,3,85,85,0,0,6.0,159,107,12.3,15.8,0,0.00,1022.3,1008.0
2022-10-17T07:00,12.6,0.00,91,11.1,11.6,0.00,0.00,0.00,0,16,16,0,0,8.9,143,111,15.7,16.9,1,0.00,1022.4,1008.1
2022-10-17T08:00,14.2,0.00,85,11.7,13.3,0.00,0.00,0.00,2,70,70,0,0,9.8,139,114,16.3,18.7,1,2315.07,1023.2,1009.0
2022-10-17T09:00,16.5,0.00,82,13.4,16.2,0.00,0.00,0.00,3,100,100,0,0,9.2,141,129,15.9,19.4,1,3600.00,1023.5,1009.4
2022-10-17T10:00,18.6,0.00,76,14.2,18.9,0.00,0.00,0.00,3,99,99,0,0,7.1,146,135,15.6,18.0,1,3600.00,1023.6,1009.6
2022-10-17T11:00,20.4,0.00,69,14.5,21.1,0.00,0.00,0.00,3,100,100,0,0,5.2,148,146,8.1,18.4,1,3600.00,1024.1,1010.2
2022-10-17T12:00,21.9,0.00,63,14.6,22.6,0.00,0.00,0.00,3,99,99,0,0,5.5,204,203,7.9,15.8,1,3600.00,1024.3,1010.4
2022-10-17T13:00,22.3,0.00,62,14.8,22.3,0.00,0.00,0.00,3,94,74,0,8,10.7,228,225,15.0,20.5,1,3600.00,1024.3,1010.4
2022-10-17T14:00,22.6,0.00,61,14.8,22.7,0.00,0.00,0.00,3,89,89,0,0,10.0,214,210,14.8,25.2,1,3600.00,1023.9,1010.1
2022-10-17T15:00,22.8,0.00,61,14.9,23.3,0.00,0.00,0.00,2,63,63,0,0,7.8,203,202,12.1,23.0,1,3600.00,1023.8,1010.0
2022-10-17T16:00,22.1,0.00,67,15.6,23.1,0.00,0.00,0.00,3,86,85,0,3,6.1,221,220,13.3,17.6,1,3600.00,1024.3,1010.4
2022-10-17T17:00,19.8,0.00,77,15.6,20.8,0.00,0.00,0.00,1,36,34,2,0,6.0,226,213,13.5,13.3,1,3564.22,1024.4,1010.4
2022-10-17T18:00,17.7,0.00,81,14.4,18.0,0.00,0.00,0.00,1,35,6,22,12,7.7,235,221,16.8,13.3,0,0.00,1025.1,1011.0
2022-10-17T19:00,16.8,0.00,85,14.3,17.0,0.00,0.00,0.00,1,35,17,13,9,8.1,252,238,15.9,13.3,0,0.00,1025.8,1011.7
2022-10-17T20:00,19.2,0.00,74,14.5,20.2,0.00,0.00,0.00,0,15,15,0,0,3.1,254,144,7.9,13.7,0,0.00,1026.0,1012.0
2022-10-17T21:00,16.1,0.00,86,13.8,16.8,0.00,0.00,0.00,0,11,11,0,0,3.9,189,112,4.4,7.2,0,0.00,1025.8,1011.6
2022-10-17T22:00,15.1,0.00,90,13.5,15.4,0.00,0.00,0.00,1,22,0,22,0,5.8,174,112,6.5,9.0,0,0.00,1025.9,1011.7
2022-10-17T23:00,15.6,0.00,87,13.4,16.4,0.00,0.00,0.00,3,82,79,15,0,1.9,207,68,2.4,9.0,0,0.00,1026.4,1012.2
2022-10-18T00:00,14.1,0.00,92,12.8,14.3,0.00,0.00,0.00,3,93,91,18,0,4.6,145,108,4.4,7.6,0,0.00,1026.6,1012.3
2022-10-18T01:00,16.6,0.00,84,14.0,16.4,0.00,0.00,0.00,3,100,100,100,2,10.2,167,138,21.0,13.3,0,0.00,1025.9,1011.7
2022-10-18T02:00,16.2,1.70,93,15.1,16.7,1.70,0.00,0.00,61,100,100,70,82,8.0,146,117,12.2,25.2,0,0.00,1025.4,1011.2
2022-10-18T03:00,15.6,0.00,96,15.0,16.8,0.00,0.00,0.00,3,98,28,98,21,2.9,214,90,6.5,25.2,0,0.00,1025.3,1011.1
2022-10-18T04:00,15.9,0.50,94,14.9,17.1,0.50,0.00,0.00,53,96,45,90,54,3.1,207,135,8.0,11.5,0,0.00,1025.3,1011.1
2022-10-18T05:00,16.1,0.10,93,15.0,16.9,0.10,0.00,0.00,51,100,96,28,100,5.4,176,138,10.1,11.9,0,0.00,1025.4,1011.2
2022-10-18T06:00,15.8,0.00,94,14.8,16.5,0.00,0.00,0.00,3,97,95,4,37,5.6,193,153,12.6,13.0,0,0.00,1025.4,1011.2
2022-10-18T07:00,15.4,0.00,94,14.4,15.6,0.00,0.00,0.00,3,100,64,23,100,8.3,220,198,18.7,17.6,1,0.00,1025.8,1011.6
2022-10-18T08:00,15.9,0.00,93,14.8,16.1,0.00,0.00,0.00,3,100,100,76,96,9.2,244,228,18.0,19.4,1,0.00,1026.2,1012.0
2022-10-18T09:00,16.2,0.20,95,15.4,16.8,0.20,0.00,0.00,51,100,0,100,19,8.4,253,239,17.7,20.5,1,0.00,1026.8,1012.6
2022-10-18T10:00,16.7,0.00,94,15.7,17.5,0.00,0.00,0.00,3,100,0,100,13,7.4,250,241,13.8,17.3,1,0.00,1027.1,1012.9
2022-10-18T11:00,17.3,0.00,91,15.8,18.2,0.00,0.00,0.00,0,17,0,1,17,6.9,233,231,9.5,16.9,1,723.97,1027.3,1013.2
2022-10-18T12:00,19.1,0.00,81,15.8,19.8,0.00,0.00,0.00,3,100,3,1,100,8.8,258,261,12.1,22.0,1,3600.00,1027.3,1013.2
2022-10-18T13:00,18.7,0.10,84,16.0,19.4,0.10,0.00,0.00,51,70,0,88,100,8.6,268,268,11.9,22.0,1,3498.91,1026.9,1012.8
2022-10-18T14:00,18.8,1.10,83,15.8,19.4,1.10,0.00,0.00,55,97,35,93,48,9.1,275,277,13.0,21.6,1,2127.81,1026.8,1012.7
2022-10-18T15:00,17.2,0.40,93,16.0,18.0,0.40,0.00,0.00,51,98,70,44,92,8.7,314,312,14.0,19.8,1,0.00,1027.0,1012.9
2022-10-18T16:00,16.4,2.60,97,16.0,17.8,2.60,0.00,0.00,63,94,46,46,84,4.4,325,325,7.5,18.7,1,0.00,1027.4,1013.2
2022-10-18T17:00,16.2,1.80,97,15.6,17.6,1.80,0.00,0.00,61,91,18,54,79,2.9,342,353,7.2,10.1,1,0.00,1027.3,1013.1
2022-10-18T18:00,16.0,0.10,96,15.4,17.5,0.10,0.00,0.00,51,89,3,81,41,2.5,324,315,4.9,6.1,0,0.00,1027.4,1013.2
2022-10-18T19:00,15.9,0.00,96,15.2,17.2,0.00,0.00,0.00,1,36,0,6,33,2.9,360,30,4.3,6.5,0,0.00,1027.7,1013.5
2022-10-18T20:00,14.2,0.00,99,14.1,15.0,0.00,0.00,0.00,1,28,0,0,28,3.6,32,53,5.5,6.5,0,0.00,1027.8,1013.5
2022-10-18T21:00,13.5,0.00,100,13.5,14.1,0.00,0.00,0.00,0,14,0,0,14,3.6,35,45,7.0,7.2,0,0.00,1027.8,1013.5
2022-10-18T22:00,13.2,0.00,98,12.9,13.3,0.00,0.00,0.00,0,0,0,0,0,5.6,41,45,10.5,10.8,0,0.00,1027.8,1013.4
2022-10-18T23:00,12.8,0.00,97,12.4,12.6,0.00,0.00,0.00,0,0,0,0,0,6.4,76,74,13.0,12.2,0,0.00,1027.6,1013.2
2022-10-19T00:00,12.6,0.00,96,12.1,12.5,0.00,0.00,0.00,0,1,0,0,1,5.2,95,74,13.4,12.6,0,0.00,1027.1,1012.7
2022-10-19T01:00,14.0,0.00,94,13.0,14.2,0.00,0.00,0.00,0,13,17,0,48,5.2,106,65,10.5,10.4,0,0.00,1027.2,1012.9
2022-10-19T02:00,13.0,0.00,95,12.2,13.0,0.00,0.00,0.00,1,23,18,0,5,4.6,77,51,11.4,9.7,0,0.00,1027.1,1012.8
2022-10-19T03:00,12.2,0.00,95,11.4,11.8,0.00,0.00,0.00,0,3,3,0,0,5.1,104,98,15.2,10.8,0,0.00,1026.5,1012.1
2022-10-19T04:00,11.1,0.00,96,10.4,10.3,0.00,0.00,0.00,1,21,19,0,3,6.0,95,57,11.6,11.5,0,0.00,1026.2,1011.8
2022-10-19T05:00,10.7,0.00,96,10.1,9.9,0.00,0.00,0.00,1,38,25,0,17,6.0,88,73,12.6,10.8,0,0.00,1026.3,1011.8
2022-10-19T06:00,11.1,0.00,94,10.2,10.3,0.00,0.00,0.00,1,44,41,0,5,5.8,99,94,16.0,11.9,0,0.00,1026.3,1011.9
2022-10-19T07:00,10.5,0.00,95,9.7,9.5,0.00,0.00,0.00,3,86,86,0,1,5.8,97,94,17.1,12.6,1,0.00,1025.9,1011.4
2022-10-19T08:00,12.2,0.00,92,10.9,11.7,0.00,0.00,0.00,0,12,12,0,0,5.5,100,101,14.3,11.9,1,2113.46,1026.2,1011.8
2022-10-19T09:00,13.9,0.00,87,11.9,13.4,0.00,0.00,0.00,1,28,28,0,0,7.4,104,104,11.9,17.3,1,3600.00,1026.4,1012.1
2022-10-19T10:00,15.2,0.00,85,12.7,14.8,0.00,0.00,0.00,0,16,4,0,13,8.7,97,97,12.0,20.5,1,3600.00,1026.2,1012.0
2022-10-19T11:00,16.4,0.00,80,12.9,16.0,0.00,0.00,0.00,1,22,7,0,16,9.0,90,90,12.6,22.3,1,3600.00,1026.0,1011.8
2022-10-19T12:00,17.3,0.00,73,12.5,16.6,0.00,0.00,0.00,1,26,15,0,13,10.5,93,94,14.4,24.8,1,3600.00,1025.5,1011.4
2022-10-19T13:00,18.2,0.00,68,12.3,17.0,0.00,0.00,0.00,1,36,81,0,6,13.2,101,101,18.4,25.6,1,3600.00,1024.9,1010.8
2022-10-19T14:00,19.7,0.00,62,12.1,18.4,0.00,0.00,0.00,3,100,100,0,74,13.3,108,109,19.4,29.2,1,3600.00,1023.7,1009.7
2022-10-19T15:00,18.9,0.00,66,12.4,17.6,0.00,0.00,0.00,3,100,100,0,26,14.1,110,109,21.1,29.9,1,3600.00,1023.1,1009.1
2022-10-19T16:00,18.1,0.00,70,12.6,17.2,0.00,0.00,0.00,3,100,100,0,23,11.7,103,101,21.0,31.0,1,3600.00,1022.6,1008.6
2022-10-19T17:00,17.0,0.00,75,12.4,16.1,0.00,0.00,0.00,3,100,100,0,0,11.2,90,84,22.3,24.8,1,1808.92,1022.2,1008.1
2022-10-19T18:00,15.7,0.00,79,12.1,14.6,0.00,0.00,0.00,3,100,100,0,27,11.8,79,70,23.9,23.4,0,0.00,1022.5,1008.3
2022-10-19T19:00,14.9,0.00,81,11.6,13.1,0.00,0.00,0.00,3,99,99,0,1,15.4,84,79,30.0,31.0,0,0.00,1021.9,1007.7
2022-10-19T20:00,14.2,0.00,80,10.8,12.1,0.00,0.00,0.00,2,63,63,0,0,15.5,95,91,30.7,31.7,0,0.00,1021.9,1007.7
2022-10-19T21:00,13.5,0.00,79,10.0,11.0,0.00,0.00,0.00,3,100,100,0,0,17.3,98,94,33.0,34.6,0,0.00,1021.6,1007.4
2022-10-19T22:00,13.1,0.00,79,9.5,10.3,0.00,0.00,0.00,3,99,99,0,0,17.7,98,96,33.8,37.1,0,0.00,1021.2,1006.9
2022-10-19T23:00,12.6,0.00,80,9.2,9.7,0.00,0.00,0.00,0,15,15,0,0,18.2,101,99,34.5,36.4,0,0.00,1021.1,1006.8
2022-10-20T00:00,12.2,0.00,80,8.8,9.0,0.00,0.00,0.00,3,95,95,0,0,19.7,102,99,36.8,40.0,0,0.00,1020.4,1006.1
2022-10-20T01:00,12.1,0.00,84,9.4,9.2,0.00,0.00,0.00,3,85,0,0,0,19.2,105,103,35.7,40.7,0,0.00,1020.2,1005.9
2022-10-20T02:00,11.6,0.00,83,8.7,8.3,0.00,0.00,0.00,3,100,100,0,0,20.0,106,104,36.7,39.2,0,0.00,1019.8,1005.5
2022-10-20T03:00,11.3,0.00,80,7.9,7.8,0.00,0.00,0.00,3,100,100,0,0,20.2,106,106,37.1,41.8,0,0.00,1018.9,1004.6
2022-10-20T04:00,11.2,0.00,80,7.8,7.8,0.00,0.00,0.00,3,100,100,0,0,18.8,109,107,34.6,40.3,0,0.00,1018.7,1004.4
2022-10-20T05:00,11.3,0.00,81,8.2,8.0,0.00,0.00,0.00,3,100,100,0,0,19.4,110,108,35.5,39.6,0,0.00,1018.2,1003.9
2022-10-20T06:00,11.2,0.00,85,8.7,7.9,0.00,0.00,0.00,3,100,100,0,0,20.4,110,107,37.1,40.7,0,0.00,1017.6,1003.3
2022-10-20T07:00,11.3,0.00,86,9.0,8.3,0.00,0.00,0.00,3,100,100,1,0,18.6,111,108,33.6,40.7,1,0.00,1017.4,1003.1
2022-10-20T08:00,11.8,0.00,85,9.3,8.9,0.00,0.00,0.00,3,100,100,64,0,18.1,109,107,32.4,37.1,1,0.00,1017.3,1003.0
2022-10-20T09:00,13.5,0.00,79,10.0,11.2,0.00,0.00,0.00,3,100,100,81,0,15.8,113,114,25.0,37.8,1,2390.88,1017.4,1003.2
2022-10-20T10:00,14.6,0.00,77,10.6,13.0,0.00,0.00,0.00,3,100,95,90,0,12.1,112,113,18.6,31.3,1,3600.00,1017.1,1003.0
2022-10-20T11:00,15.9,0.00,74,11.4,14.7,0.00,0.00,0.00,3,100,100,30,0,11.3,122,121,16.5,26.6,1,3600.00,1017.0,1002.9
2022-10-20T12:00,17.8,0.00,71,12.5,17.1,0.00,0.00,0.00,3,100,100,37,0,10.2,131,129,14.3,25.2,1,3600.00,1016.4,1002.4
2022-10-20T13:00,14.5,0.00,91,13.0,14.3,0.00,0.00,0.00,3,100,100,52,100,7.7,142,143,16.4,24.1,1,3074.47,1016.8,1002.7
2022-10-20T14:00,15.7,0.90,89,13.9,15.8,0.90,0.00,0.00,53,100,100,51,14,8.0,108,98,11.4,22.7,1,0.00,1016.0,1001.9
2022-10-20T15:00,16.7,0.00,87,14.6,16.8,0.00,0.00,0.00,3,100,100,99,0,10.2,116,113,18.0,21.2,1,925.39,1015.2,1001.2
2022-10-20T16:00,16.4,0.00,86,14.1,16.5,0.00,0.00,0.00,3,100,100,100,20,8.3,114,108,16.9,23.0,1,0.00,1015.4,1001.4
2022-10-20T17:00,16.1,0.00,87,13.9,16.4,0.00,0.00,0.00,3,100,100,100,26,6.5,115,109,15.5,16.2,1,0.00,1014.9,1000.9
2022-10-20T18:00,15.6,0.50,90,13.9,15.3,0.50,0.00,0.00,53,100,100,100,1,10.8,126,111,21.9,22.0,0,0.00,1014.7,1000.7
2022-10-20T19:00,15.4,1.00,92,14.2,15.6,1.00,0.00,0.00,55,100,100,100,5,8.0,128,117,17.7,22.0,0,0.00,1014.6,1000.5
2022-10-20T20:00,15.7,0.00,90,14.1,15.5,0.00,0.00,0.00,3,100,100,17,0,11.0,127,113,22.1,23.0,0,0.00,1013.9,999.9
2022-10-20T21:00,15.3,0.00,92,14.1,14.8,0.00,0.00,0.00,3,100,100,100,4,12.5,134,123,26.5,24.1,0,0.00,1013.6,999.6
2022-10-20T22:00,15.9,0.00,91,14.4,15.6,0.00,0.00,0.00,3,100,100,73,12,11.5,151,134,23.8,26.3,0,0.00,1013.8,999.8
2022-10-20T23:00,15.6,0.60,93,14.4,15.5,0.60,0.00,0.00,53,100,100,100,0,10.2,182,162,22.0,23.8,0,0.00,1014.3,1000.3
2022-10-21T00:00,15.6,1.30,93,14.6,15.4,1.30,0.00,0.00,61,100,100,88,1,11.9,183,166,24.1,25.6,0,0.00,1014.1,1000.1
2022-10-21T01:00,15.5,0.00,92,14.2,14.8,0.00,0.00,0.00,3,98,95,28,37,14.1,151,130,26.4,25.2,0,0.00,1013.7,999.7
2022-10-21T02:00,15.0,0.00,93,13.9,15.1,0.00,0.00,0.00,3,99,99,7,1,7.8,142,124,18.2,27.4,0,0.00,1012.8,998.7
2022-10-21T03:00,14.3,0.00,94,13.4,13.7,0.00,0.00,0.00,3,100,100,6,3,10.9,138,117,21.4,20.5,0,0.00,1012.3,998.2
2022-10-21T04:00,14.3,0.00,93,13.1,14.0,0.00,0.00,0.00,3,100,100,59,5,8.6,161,123,17.5,22.0,0,0.00,1012.0,997.9
2022-10-21T05:00,14.2,0.00,92,13.0,14.1,0.00,0.00,0.00,3,100,100,42,0,7.1,156,105,11.4,17.3,0,0.00,1011.9,997.8
2022-10-21T06:00,14.0,0.10,94,13.1,14.2,0.10,0.00,0.00,51,100,100,100,38,4.8,198,153,14.8,15.5,0,0.00,1012.0,997.9
2022-10-21T07:00,14.6,4.60,93,13.6,15.0,4.60,0.00,0.00,63,100,100,100,16,5.0,211,180,16.3,23.4,1,0.00,1012.0,997.9
2022-10-21T08:00,15.3,0.70,92,14.0,15.4,0.70,0.00,0.00,53,100,100,100,0,7.7,177,139,15.1,17.3,1,0.00,1012.1,998.1
2022-10-21T09:00,15.3,1.60,93,14.1,15.8,1.60,0.00,0.00,61,100,100,100,0,5.7,170,125,12.1,15.8,1,0.00,1012.0,998.0
2022-10-21T10:00,15.3,1.50,94,14.3,15.8,1.50,0.00,0.00,61,100,100,100,37,6.5,194,180,14.5,14.8,1,0.00,1012.5,998.5
2022-10-21T11:00,15.6,1.00,94,14.7,15.7,1.00,0.00,0.00,55,100,100,100,13,9.4,168,157,18.4,18.7,1,0.00,1012.8,998.8
2022-10-21T12:00,16.4,0.10,91,15.0,16.3,0.10,0.00,0.00,51,100,100,92,4,12.4,207,197,21.4,27.7,1,0.00,1012.9,998.9
2022-10-21T13:00,16.7,0.00,91,15.1,16.4,0.00,0.00,0.00,3,96,73,100,100,13.4,208,207,20.8,27.7,1,1850.84,1012.6,998.6
2022-10-21T14:00,17.4,0.20,88,15.4,17.4,0.20,0.00,0.00,51,100,100,96,47,12.3,200,201,17.7,29.2,1,301.67,1011.8,997.9
2022-10-21T15:00,18.1,0.10,86,15.7,18.0,0.10,0.00,0.00,51,99,99,9,22,13.7,207,207,21.9,34.6,1,3600.00,1011.9,998.0
2022-10-21T16:00,18.0,0.00,80,14.5,17.5,0.00,0.00,0.00,3,100,100,10,5,13.1,205,201,23.8,29.5,1,3600.00,1011.5,997.6
2022-10-21T17:00,17.2,0.00,76,12.9,16.0,0.00,0.00,0.00,3,100,100,0,2,14.3,213,208,27.6,29.9,1,136.48,1011.8,997.9
2022-10-21T18:00,16.2,0.00,74,11.6,14.8,0.00,0.00,0.00,3,100,100,16,0,13.1,222,217,27.5,30.2,0,0.00,1012.1,998.1
2022-10-21T19:00,15.6,0.00,77,11.6,14.5,0.00,0.00,0.00,3,100,100,31,0,10.8,221,217,25.3,27.7,0,0.00,1012.4,998.4
2022-10-21T20:00,15.2,0.00,81,11.9,14.6,0.00,0.00,0.00,3,100,100,70,0,7.8,220,214,20.7,23.8,0,0.00,1012.2,998.2
2022-10-21T21:00,13.9,0.00,85,11.4,13.3,0.00,0.00,0.00,3,100,100,92,0,7.0,214,192,20.0,17.6,0,0.00,1012.5,998.4
2022-10-21T22:00,13.9,0.00,86,11.6,13.5,0.00,0.00,0.00,3,100,100,68,0,6.2,217,190,18.0,15.8,0,0.00,1012.8,998.7
2022-10-21T23:00,14.1,0.00,85,11.7,13.5,0.00,0.00,0.00,3,100,100,99,0,7.3,205,169,18.2,15.8,0,0.00,1013.3,999.2
2022-10-22T00:00,14.1,0.00,86,11.8,13.6,0.00,0.00,0.00,3,100,100,88,0,7.1,200,156,16.9,16.2,0,0.00,1013.3,999.2
2022-10-22T01:00,14.4,0.00,91,12.9,13.8,0.00,0.00,0.00,3,100,100,100,2,10.2,211,198,24.7,18.4,0,0.00,1013.1,999.0
2022-10-22T02:00,14.3,0.10,88,12.4,13.3,0.10,0.00,0.00,51,100,100,100,7,12.1,211,203,24.9,27.4,0,0.00,1013.4,999.3
2022-10-22T03:00,14.2,0.10,90,12.6,13.2,0.10,0.00,0.00,51,100,100,100,17,12.2,227,223,24.7,28.8,0,0.00,1013.8,999.7
2022-10-22T04:00,13.9,0.10,92,12.7,12.8,0.10,0.00,0.00,51,100,99,100,0,13.5,229,224,26.8,28.8,0,0.00,1013.8,999.7
2022-10-22T05:00,13.5,0.00,92,12.2,12.7,0.00,0.00,0.00,3,100,100,1,0,9.7,226,222,22.1,29.2,0,0.00,1014.3,1000.2
2022-10-22T06:00,13.1,0.00,91,11.6,11.8,0.00,0.00,0.00,3,100,100,0,0,11.8,222,218,25.5,25.6,0,0.00,1014.7,1000.5
2022-10-22T07:00,12.8,0.00,92,11.5,11.8,0.00,0.00,0.00,3,100,100,0,8,9.5,224,217,22.7,25.6,1,0.00,1014.9,1000.7
2022-10-22T08:00,13.2,0.00,93,12.0,12.6,0.00,0.00,0.00,3,93,93,0,0,8.0,218,198,17.9,21.6,1,177.67,1015.6,1001.4
2022-10-22T09:00,14.4,0.00,91,13.0,14.4,0.00,0.00,0.00,1,41,41,0,0,6.2,212,170,16.2,18.0,1,3600.00,1016.4,1002.3
2022-10-22T10:00,15.6,0.00,87,13.4,15.8,0.00,0.00,0.00,0,15,0,0,15,6.4,207,196,9.7,17.3,1,3600.00,1016.7,1002.6
2022-10-22T11:00,17.0,0.00,82,13.9,17.4,0.00,0.00,0.00,0,17,0,8,9,6.0,218,213,8.7,17.6,1,3600.00,1017.0,1003.0
2022-10-22T12:00,18.4,0.00,76,14.1,18.7,0.00,0.00,0.00,0,17,0,17,0,7.4,214,209,10.4,19.8,1,3600.00,1017.1,1003.2
2022-10-22T13:00,18.2,0.00,72,13.1,17.9,0.00,0.00,0.00,0,7,0,100,1,8.8,192,189,12.5,28.8,1,3600.00,1017.4,1003.4
2022-10-22T14:00,18.5,0.00,72,13.3,18.1,0.00,0.00,0.00,1,37,9,30,0,9.7,181,182,14.0,21.6,1,3600.00,1016.7,1002.8
2022-10-22T15:00,18.7,0.50,73,13.9,18.5,0.50,0.00,0.00,53,20,3,12,12,10.3,216,216,15.5,23.8,1,3600.00,1016.9,1003.0
2022-10-22T16:00,18.5,0.00,77,14.3,18.9,0.00,0.00,0.00,0,19,5,15,3,6.8,213,205,13.3,22.3,1,3600.00,1017.0,1003.1
2022-10-22T17:00,16.8,0.00,82,13.7,17.0,0.00,0.00,0.00,2,52,47,8,1,6.2,213,201,15.9,14.8,1,2946.53,1017.2,1003.2
2022-10-22T18:00,15.2,0.00,86,12.9,15.1,0.00,0.00,0.00,2,65,64,2,2,6.5,202,174,15.5,13.0,0,0.00,1017.2,1003.1
2022-10-22T19:00,14.2,0.00,88,12.3,14.1,0.00,0.00,0.00,3,93,93,3,0,5.7,200,162,13.4,13.3,0,0.00,1017.5,1003.3
2022-10-22T20:00,14.1,0.00,88,12.2,14.0,0.00,0.00,0.00,3,100,100,4,0,5.3,171,118,9.5,11.2,0,0.00,1017.4,1003.2
2022-10-22T21:00,13.2,0.00,91,11.8,12.9,0.00,0.00,0.00,3,100,100,3,0,5.9,148,101,10.2,11.2,0,0.00,1017.7,1003.5
2022-10-22T22:00,13.0,0.00,92,11.8,12.4,0.00,0.00,0.00,3,100,100,0,0,7.6,127,98,12.6,13.3,0,0.00,1017.9,1003.7
2022-10-22T23:00,13.1,0.00,92,11.8,12.0,0.00,0.00,0.00,3,100,100,0,0,11.3,122,107,23.3,21.6,0,0.00,1017.7,1003.5
2022-10-23T00:00,12.8,0.00,90,11.2,11.5,0.00,0.00,0.00,3,100,100,0,0,11.5,122,104,22.2,22.0,0,0.00,1017.6,1003.4
2022-10-23T01:00,13.0,0.00,86,10.7,11.7,0.00,0.00,0.00,3,100,100,0,0,10.5,144,121,23.5,22.3,0,0.00,1017.0,1002.8
2022-10-23T02:00,12.3,0.00,89,10.6,11.0,0.00,0.00,0.00,3,100,100,0,0,10.3,140,115,22.2,20.5,0,0.00,1016.7,1002.5
2022-10-23T03:00,12.0,0.00,91,10.5,10.5,0.00,0.00,0.00,2,66,66,0,0,11.0,136,113,22.1,20.9,0,0.00,1016.4,1002.1
2022-10-23T04:00,11.6,0.00,91,10.3,10.2,0.00,0.00,0.00,3,100,100,0,0,10.4,129,110,22.5,20.9,0,0.00,1016.0,1001.7
2022-10-23T05:00,11.3,0.00,92,10.0,10.0,0.00,0.00,0.00,3,100,100,0,0,9.0,129,113,20.5,20.5,0,0.00,1016.0,1001.7
2022-10-23T06:00,11.1,0.00,92,9.8,9.5,0.00,0.00,0.00,3,80,80,1,0,10.0,123,105,20.6,18.7,0,0.00,1015.7,1001.4
2022-10-23T07:00,11.1,0.00,91,9.7,9.3,0.00,0.00,0.00,3,100,100,0,0,11.4,120,108,24.0,22.3,1,0.00,1015.2,1000.9
2022-10-23T08:00,12.2,0.00,86,10.0,10.3,0.00,0.00,0.00,3,100,100,4,0,13.6,116,107,26.1,25.9,1,970.73,1014.9,1000.7
2022-10-23T09:00,13.9,0.00,82,11.0,12.2,0.00,0.00,0.00,3,100,100,18,0,13.7,112,104,31.0,26.6,1,2527.09,1014.7,1000.6
2022-10-23T10:00,16.1,0.00,76,11.9,14.9,0.00,0.00,0.00,3,100,100,18,0,12.7,116,105,32.4,27.0,1,3600.00,1014.1,1000.1
2022-10-23T11:00,18.3,0.00,69,12.5,17.2,0.00,0.00,0.00,3,100,100,8,0,12.7,108,105,21.6,28.1,1,3600.00,1013.7,999.8
2022-10-23T12:00,20.2,0.00,63,12.9,19.2,0.00,0.00,0.00,3,100,100,0,0,13.4,117,114,20.1,28.8,1,3600.00,1013.2,999.4
2022-10-23T13:00,20.9,0.00,65,14.1,20.6,0.00,0.00,0.00,3,100,100,34,0,11.6,113,112,18.1,29.2,1,3600.00,1012.4,998.6
2022-10-23T14:00,20.6,0.00,69,14.7,21.2,0.00,0.00,0.00,3,100,99,82,1,6.5,148,146,11.5,23.8,1,353.51,1012.1,998.3
2022-10-23T15:00,20.8,0.00,70,15.2,21.3,0.00,0.00,0.00,3,98,97,54,0,8.4,118,110,15.9,16.6,1,966.60,1011.1,997.3
2022-10-23T16:00,20.7,0.00,70,15.1,20.8,0.00,0.00,0.00,3,100,100,0,0,10.7,132,123,22.7,22.3,1,3600.00,1010.5,996.7
2022-10-23T17:00,19.6,0.00,71,14.3,19.4,0.00,0.00,0.00,3,100,100,3,0,11.3,145,127,24.6,23.0,1,368.56,1009.8,996.0
2022-10-23T18:00,19.0,0.00,69,13.2,18.5,0.00,0.00,0.00,3,100,100,100,0,10.5,157,149,25.0,23.0,0,0.00,1010.3,996.5
2022-10-23T19:00,17.5,0.60,82,14.4,17.9,0.60,0.00,0.00,53,100,100,55,1,7.2,212,183,16.2,33.8,0,0.00,1011.8,997.9
2022-10-23T20:00,16.9,1.90,88,14.9,16.7,1.90,0.00,0.00,61,100,100,100,15,12.7,204,188,26.0,38.5,0,0.00,1012.6,998.6
2022-10-23T21:00,16.4,1.90,89,14.6,15.6,1.90,0.00,0.00,61,100,100,59,9,15.7,186,171,28.6,42.5,0,0.00,1012.5,998.5
2022-10-23T22:00,16.2,0.00,87,14.1,16.1,0.00,0.00,0.00,3,100,100,28,0,10.0,184,154,21.3,41.0,0,0.00,1012.3,998.3
2022-10-23T23:00,15.9,0.00,88,13.9,14.9,0.00,0.00,0.00,3,100,100,100,0,15.5,162,144,28.3,29.5,0,0.00,1013.1,999.1
2022-10-24T00:00,15.7,0.00,88,13.7,15.5,0.00,0.00,0.00,3,88,87,9,0,9.4,181,148,20.5,32.0,0,0.00,1012.6,998.6
2022-10-24T01:00,16.7,0.10,76,12.5,15.9,0.10,0.00,0.00,51,23,100,7,0,10.3,219,205,25.6,26.3,0,0.00,1012.1,998.1
2022-10-24T02:00,15.6,0.00,81,12.4,14.9,0.00,0.00,0.00,3,87,87,1,0,10.2,204,188,24.8,24.8,0,0.00,1012.2,998.2
2022-10-24T03:00,15.0,0.00,81,11.7,14.1,0.00,0.00,0.00,3,98,98,0,0,9.7,201,180,24.7,22.0,0,0.00,1012.3,998.3
2022-10-24T04:00,15.1,0.00,79,11.4,14.1,0.00,0.00,0.00,3,100,100,0,0,9.9,210,199,25.0,22.7,0,0.00,1011.9,997.9
2022-10-24T05:00,15.1,0.00,77,11.1,13.8,0.00,0.00,0.00,3,100,100,3,0,11.1,207,193,27.0,24.1,0,0.00,1012.2,998.2
2022-10-24T06:00,15.9,0.00,74,11.2,14.2,0.00,0.00,0.00,3,100,100,7,0,14.1,204,195,30.3,31.7,0,0.00,1012.2,998.2
2022-10-24T07:00,15.2,0.00,78,11.3,14.3,0.00,0.00,0.00,3,100,100,24,0,8.3,204,185,22.1,29.5,0,0.00,1012.4,998.4
2022-10-24T08:00,15.9,0.00,78,12.1,14.4,0.00,0.00,0.00,3,100,100,39,0,14.6,223,220,29.8,29.9,1,0.00,1013.4,999.4
2022-10-24T09:00,16.8,0.00,76,12.5,15.1,0.00,0.00,0.00,3,100,100,99,0,16.8,214,211,30.4,34.6,1,483.17,1013.8,999.8
2022-10-24T10:00,16.5,0.00,79,12.9,15.5,0.00,0.00,0.00,3,100,100,87,0,12.7,207,205,23.5,35.3,1,0.00,1013.7,999.7
2022-10-24T11:00,17.2,0.00,79,13.6,17.0,0.00,0.00,0.00,3,100,100,36,0,8.7,214,210,18.2,26.6,1,0.00,1014.1,1000.1
2022-10-24T12:00,18.3,0.20,76,14.0,17.5,0.20,0.00,0.00,51,93,90,53,0,14.0,209,206,22.2,31.7,1,3600.00,1014.0,1000.1
2022-10-24T13:00,18.1,0.00,80,14.5,17.4,0.00,0.00,0.00,3,97,98,14,0,14.4,191,181,26.1,32.8,1,3600.00,1013.5,999.6
2022-10-24T14:00,18.8,0.00,74,14.1,17.6,0.00,0.00,0.00,3,100,100,47,5,17.4,206,204,26.7,37.8,1,3600.00,1013.0,999.1
2022-10-24T15:00,18.8,0.00,72,13.7,17.9,0.00,0.00,0.00,2,60,53,15,3,14.8,213,214,24.0,37.8,1,3600.00,1012.9,999.0
2022-10-24T16:00,16.4,1.50,79,12.7,15.3,1.50,0.00,0.00,61,98,95,45,15,13.4,234,243,23.7,40.0,1,3600.00,1013.8,999.8
2022-10-24T17:00,16.6,0.00,81,13.4,15.6,0.00,0.00,0.00,3,87,84,16,7,14.4,215,212,27.4,28.8,1,1608.20,1013.8,999.8
2022-10-24T18:00,15.9,0.00,82,12.8,14.8,0.00,0.00,0.00,3,94,91,34,13,13.5,213,209,27.1,30.2,0,0.00,1014.2,1000.2
2022-10-24T19:00,15.3,0.10,82,12.3,14.0,0.10,0.00,0.00,51,49,0,47,5,14.1,221,218,27.8,34.2,0,0.00,1014.5,1000.4
2022-10-24T20:00,14.7,0.20,87,12.6,13.9,0.20,0.00,0.00,51,29,3,22,12,11.0,221,212,23.7,32.4,0,0.00,1015.1,1001.0
2022-10-24T21:00,14.6,0.00,85,12.1,13.0,0.00,0.00,0.00,0,15,3,7,9,15.3,227,223,29.5,32.4,0,0.00,1015.6,1001.5
2022-10-24T22:00,14.0,0.00,86,11.7,12.5,0.00,0.00,0.00,1,43,4,38,7,14.1,235,230,28.2,32.8,0,0.00,1016.1,1002.0
2022-10-24T23:00,13.7,0.00,85,11.3,12.3,0.00,0.00,0.00,1,31,3,30,1,12.0,237,231,25.0,29.9,0,0.00,1016.8,1002.6
2022-10-25T00:00,13.2,0.00,87,11.0,11.9,0.00,0.00,0.00,1,20,2,17,3,10.8,227,217,23.2,26.3,0,0.00,1017.2,1003.0
2022-10-25T01:00,13.2,0.00,93,12.0,12.4,0.00,0.00,0.00,0,11,29,6,10,9.2,213,201,21.6,25.6,0,0.00,1017.6,1003.4
2022-10-25T02:00,13.0,0.00,93,11.8,11.5,0.00,0.00,0.00,1,39,28,5,13,14.0,222,215,28.8,28.8,0,0.00,1017.3,1003.1
2022-10-25T03:00,12.8,0.00,93,11.7,11.7,0.00,0.00,0.00,1,43,12,12,26,11.2,230,222,24.0,30.6,0,0.00,1017.5,1003.3
2022-10-25T04:00,12.3,0.00,94,11.3,11.2,0.00,0.00,0.00,3,100,100,11,36,10.1,219,207,22.8,24.1,0,0.00,1017.6,1003.3
2022-10-25T05:00,12.5,0.00,93,11.4,11.0,0.00,0.00,0.00,2,68,56,16,24,13.0,217,208,26.0,27.4,0,0.00,1017.9,1003.7
2022-10-25T06:00,12.3,0.00,92,11.1,10.9,0.00,0.00,0.00,2,72,56,55,29,12.3,220,212,24.8,28.1,0,0.00,1018.1,1003.8
2022-10-25T07:00,11.9,0.00,93,10.9,10.7,0.00,0.00,0.00,1,44,0,3,42,10.4,221,214,23.0,25.9,0,0.00,1018.3,1004.0
2022-10-25T08:00,12.5,0.10,92,11.3,11.3,0.10,0.00,0.00,51,55,0,1,55,11.0,226,218,21.4,23.8,1,0.00,1019.1,1004.8
2022-10-25T09:00,13.2,0.20,92,11.9,12.3,0.20,0.00,0.00,51,100,72,0,100,9.7,235,222,21.0,24.1,1,826.96,1019.5,1005.3
2022-10-25T10:00,14.2,0.10,86,11.9,13.4,0.10,0.00,0.00,51,88,76,0,49,9.2,239,228,15.5,21.2,1,0.00,1019.7,1005.5
2022-10-25T11:00,15.8,0.30,78,11.9,14.6,0.30,0.00,0.00,51,38,2,1,37,12.3,249,249,17.3,25.9,1,3600.00,1019.8,1005.7
2022-10-25T12:00,16.8,0.10,70,11.3,15.4,0.10,0.00,0.00,51,46,0,14,42,12.3,249,249,17.0,27.4,1,3600.00,1019.7,1005.6
2022-10-25T13:00,15.9,0.10,79,12.2,15.4,0.10,0.00,0.00,51,29,0,26,41,8.3,236,236,11.7,26.6,1,3600.00,1020.0,1005.9
2022-10-25T14:00,16.6,0.10,74,12.0,16.1,0.10,0.00,0.00,51,50,0,26,47,7.7,234,233,10.3,24.5,1,3600.00,1019.5,1005.4
2022-10-25T15:00,16.9,0.10,72,11.9,16.6,0.10,0.00,0.00,51,52,8,15,38,6.2,217,216,9.0,18.4,1,3600.00,1019.0,1005.0
2022-10-25T16:00,16.8,0.00,77,12.6,17.1,0.00,0.00,0.00,3,99,98,0,7,3.2,193,180,6.6,14.4,1,3600.00,1018.7,1004.7
2022-10-25T17:00,14.6,0.00,84,11.9,14.4,0.00,0.00,0.00,3,100,100,0,2,5.2,177,146,11.9,10.1,1,2588.29,1018.5,1004.3
2022-10-25T18:00,13.1,0.00,88,11.2,12.6,0.00,0.00,0.00,3,97,97,0,0,5.5,152,113,10.6,10.8,0,0.00,1018.3,1004.1
2022-10-25T19:00,12.5,0.00,90,10.9,11.5,0.00,0.00,0.00,3,100,100,1,0,8.8,128,99,15.6,15.8,0,0.00,1018.0,1003.8
2022-10-25T20:00,12.3,0.00,90,10.8,11.1,0.00,0.00,0.00,3,100,100,0,0,9.8,124,107,21.8,19.1,0,0.00,1017.9,1003.6
2022-10-25T21:00,12.5,0.00,89,10.8,11.2,0.00,0.00,0.00,3,100,100,0,0,10.5,120,106,22.9,20.2,0,0.00,1018.0,1003.8
2022-10-25T22:00,12.5,0.00,89,10.7,11.2,0.00,0.00,0.00,3,100,100,0,0,10.6,114,100,22.9,20.9,0,0.00,1017.5,1003.3
2022-10-25T23:00,12.7,0.00,87,10.6,11.1,0.00,0.00,0.00,3,100,100,36,0,11.8,111,102,24.6,22.7,0,0.00,1017.2,1003.0
2022-10-26T00:00,12.8,0.00,86,10.4,11.0,0.00,0.00,0.00,3,100,100,100,0,13.3,111,103,25.4,25.6,0,0.00,1016.8,1002.6
2022-10-26T01:00,13.4,0.00,80,10.0,11.4,0.00,0.00,0.00,3,100,100,92,0,13.7,118,120,26.9,28.4,0,0.00,1016.7,1002.5
2022-10-26T02:00,13.4,0.00,79,9.8,11.3,0.00,0.00,0.00,3,100,100,96,0,13.8,117,105,26.6,28.1,0,0.00,1016.4,1002.2
2022-10-26T03:00,13.5,0.30,79,10.0,11.6,0.30,0.00,0.00,51,100,100,100,0,12.7,123,105,24.5,27.4,0,0.00,1016.9,1002.7
2022-10-26T04:00,13.4,0.60,83,10.5,11.8,0.60,0.00,0.00,53,99,17,99,0,11.7,136,124,21.4,24.1,0,0.00,1016.7,1002.5
2022-10-26T05:00,13.0,0.00,85,10.5,11.8,0.00,0.00,0.00,3,100,100,96,2,8.9,149,122,15.5,22.3,0,0.00,1016.8,1002.6
2022-10-26T06:00,13.1,0.00,85,10.6,12.1,0.00,0.00,0.00,3,100,100,100,0,8.0,131,117,17.1,19.4,0,0.00,1016.6,1002.4
2022-10-26T07:00,13.0,0.00,86,10.7,12.1,0.00,0.00,0.00,3,100,100,23,4,7.6,128,115,16.9,16.2,0,0.00,1016.7,1002.5
2022-10-26T08:00,12.9,0.00,88,11.0,12.3,0.00,0.00,0.00,3,99,98,23,3,6.2,144,111,11.6,15.1,1,99.11,1017.6,1003.4
2022-10-26T09:00,14.7,0.00,84,12.0,14.2,0.00,0.00,0.00,1,24,1,21,5,7.8,202,158,16.3,16.6,1,3600.00,1018.4,1004.3
2022-10-26T10:00,16.2,0.00,79,12.5,15.4,0.00,0.00,0.00,1,42,0,39,12,10.3,210,205,15.8,23.8,1,3600.00,1018.8,1004.7
2022-10-26T11:00,17.5,0.00,76,13.2,17.1,0.00,0.00,0.00,1,23,0,19,7,10.0,214,210,14.8,24.5,1,3600.00,1019.3,1005.3
2022-10-26T12:00,18.8,0.00,72,13.6,18.1,0.00,0.00,0.00,2,76,0,76,0,12.8,216,212,19.1,28.8,1,3600.00,1019.6,1005.6
2022-10-26T13:00,17.0,0.00,83,14.1,17.5,0.00,0.00,0.00,3,100,0,38,7,5.7,225,198,12.2,29.5,1,3600.00,1020.2,1006.1
2022-10-26T14:00,18.9,0.00,74,14.1,18.8,0.00,0.00,0.00,1,22,0,22,2,9.8,207,204,14.2,22.3,1,3600.00,1020.2,1006.2
2022-10-26T15:00,19.4,0.00,70,13.8,19.1,0.00,0.00,0.00,3,99,99,21,7,10.6,207,204,16.1,23.4,1,3600.00,1020.2,1006.3
2022-10-26T16:00,18.7,0.00,72,13.5,18.3,0.00,0.00,0.00,2,62,62,1,0,10.5,207,202,20.3,23.0,1,3600.00,1020.6,1006.6
2022-10-26T17:00,17.1,0.00,78,13.2,16.8,0.00,0.00,0.00,3,100,100,0,0,8.7,217,210,21.6,22.3,1,2471.81,1021.3,1007.2
2022-10-26T18:00,15.2,0.00,86,12.9,15.3,0.00,0.00,0.00,1,49,49,0,0,5.9,223,194,16.8,18.7,0,0.00,1021.9,1007.7
2022-10-26T19:00,14.4,0.00,88,12.5,14.2,0.00,0.00,0.00,2,69,69,0,0,6.1,226,180,14.0,13.0,0,0.00,1022.7,1008.5
2022-10-26T20:00,13.4,0.00,90,11.9,13.1,0.00,0.00,0.00,3,100,100,0,0,6.0,228,163,10.7,11.9,0,0.00,1023.3,1009.0
2022-10-26T21:00,12.9,0.00,92,11.6,12.6,0.00,0.00,0.00,3,87,87,0,0,5.4,225,143,8.1,10.8,0,0.00,1023.6,1009.3
2022-10-26T22:00,12.2,0.00,93,11.1,11.7,0.00,0.00,0.00,3,80,80,0,0,5.4,227,138,5.9,9.4,0,0.00,1024.2,1009.8
2022-10-26T23:00,11.8,0.00,95,11.0,11.2,0.00,0.00,0.00,1,21,21,0,0,5.9,200,128,4.2,8.6,0,0.00,1024.3,1009.9
2022-10-27T00:00,11.3,0.00,96,10.6,10.7,0.00,0.00,0.00,0,0,0,0,0,5.3,171,118,4.7,9.0,0,0.00,1024.5,1010.1
2022-10-27T01:00,12.2,0.00,97,11.7,11.6,0.00,0.00,0.00,0,13,2,0,1,7.8,142,112,15.1,13.3,0,0.00,1024.8,1010.4
2022-10-27T02:00,11.8,0.00,97,11.4,11.0,0.00,0.00,0.00,1,45,35,0,15,8.3,126,92,13.4,14.8,0,0.00,1024.9,1010.5
2022-10-27T03:00,11.9,0.00,97,11.5,11.0,0.00,0.00,0.00,1,42,42,0,0,9.5,115,101,16.3,17.6,0,0.00,1024.8,1010.4
2022-10-27T04:00,12.0,0.00,96,11.4,11.0,0.00,0.00,0.00,1,39,39,0,0,9.5,110,101,18.8,18.0,0,0.00,1024.7,1010.3
2022-10-27T05:00,11.9,0.00,96,11.3,10.9,0.00,0.00,0.00,0,0,0,0,0,9.1,110,108,20.7,19.1,0,0.00,1024.6,1010.2
2022-10-27T06:00,12.0,0.00,95,11.3,11.0,0.00,0.00,0.00,0,0,0,0,0,9.1,113,108,22.3,18.7,0,0.00,1024.6,1010.2
2022-10-27T07:00,12.0,0.00,94,11.1,10.9,0.00,0.00,0.00,0,0,0,0,0,9.8,114,107,22.9,20.5,0,0.00,1024.5,1010.1
2022-10-27T08:00,12.3,0.00,93,11.1,11.3,0.00,0.00,0.00,0,0,0,0,0,9.0,117,106,20.9,19.8,1,863.15,1025.3,1010.9
2022-10-27T09:00,13.9,0.00,86,11.7,12.9,0.00,0.00,0.00,0,1,0,0,1,10.8,119,120,20.6,23.4,1,3600.00,1025.4,1011.1
2022-10-27T10:00,15.3,0.00,84,12.7,15.0,0.00,0.00,0.00,0,2,0,0,2,7.8,123,124,14.6,22.7,1,3600.00,1025.4,1011.2
2022-10-27T11:00,17.0,0.00,80,13.5,17.1,0.00,0.00,0.00,0,2,0,0,2,6.4,132,133,9.2,18.7,1,3600.00,1025.3,1011.2
2022-10-27T12:00,18.6,0.00,75,14.2,19.3,0.00,0.00,0.00,0,2,0,0,2,4.9,139,144,7.1,16.9,1,3600.00,1025.1,1011.1
2022-10-27T13:00,19.8,0.00,68,13.7,20.0,0.00,0.00,0.00,0,1,0,0,3,6.4,138,142,8.7,14.4,1,3600.00,1024.2,1010.2
2022-10-27T14:00,20.5,0.00,68,14.3,21.5,0.00,0.00,0.00,2,59,41,27,4,2.5,174,188,3.3,15.5,1,3600.00,1023.9,1010.0
2022-10-27T15:00,20.8,0.00,69,14.9,21.9,0.00,0.00,0.00,3,99,98,34,3,3.2,111,117,5.0,10.1,1,3600.00,1023.0,1009.1
2022-10-27T16:00,20.1,0.00,81,16.8,22.1,0.00,0.00,0.00,3,95,95,0,1,2.4,132,153,5.4,7.9,1,3600.00,1023.0,1009.1
2022-10-27T17:00,16.6,0.00,87,14.4,16.9,0.00,0.00,0.00,3,95,95,0,0,8.1,118,103,13.0,11.9,1,2357.04,1022.9,1008.8
2022-10-27T18:00,17.7,0.00,80,14.3,18.6,0.00,0.00,0.00,3,100,100,1,0,3.3,184,283,5.1,13.0,0,0.00,1023.6,1009.5
2022-10-27T19:00,14.6,0.00,91,13.1,15.2,0.00,0.00,0.00,3,100,100,58,0,2.6,157,74,2.7,7.2,0,0.00,1023.7,1009.5
2022-10-27T20:00,15.0,0.00,91,13.5,15.5,0.00,0.00,0.00,2,77,59,61,0,4.2,183,121,6.8,8.3,0,0.00,1023.9,1009.7
2022-10-27T21:00,14.0,0.00,92,12.7,14.4,0.00,0.00,0.00,1,31,31,0,0,3.4,191,108,5.5,9.4,0,0.00,1024.0,1009.7
2022-10-27T22:00,14.4,0.00,91,12.9,14.3,0.00,0.00,0.00,3,98,98,0,0,6.5,177,124,14.4,12.6,0,0.00,1024.0,1009.8
2022-10-27T23:00,14.4,0.00,89,12.7,14.2,0.00,0.00,0.00,3,80,74,23,0,7.5,169,125,16.9,14.0,0,0.00,1023.9,1009.7
2022-10-28T00:00,14.3,0.00,89,12.5,14.0,0.00,0.00,0.00,3,92,90,14,0,7.5,169,125,16.9,14.8,0,0.00,1023.9,1009.7
2022-10-28T01:00,13.9,0.00,91,12.5,13.5,0.00,0.00,0.00,1,37,93,56,0,7.9,149,114,17.6,14.4,0,0.00,1023.7,1009.4
2022-10-28T02:00,12.6,0.00,94,11.6,12.2,0.00,0.00,0.00,2,64,53,24,0,5.8,164,86,6.7,14.8,0,0.00,1024.1,1009.8
2022-10-28T03:00,12.3,0.00,92,11.0,11.4,0.00,0.00,0.00,3,100,99,43,0,8.6,158,105,12.4,18.4,0,0.00,1023.3,1009.0
2022-10-28T04:00,13.8,0.00,84,11.1,12.8,0.00,0.00,0.00,3,100,100,72,0,8.9,186,130,18.4,18.4,0,0.00,1023.6,1009.3
2022-10-28T05:00,13.3,0.00,85,10.8,12.4,0.00,0.00,0.00,3,100,99,100,0,7.9,139,90,12.5,18.0,0,0.00,1023.3,1009.0
2022-10-28T06:00,14.2,0.00,80,10.8,13.3,0.00,0.00,0.00,3,100,100,6,0,8.2,123,105,17.2,19.4,0,0.00,1022.7,1008.5
2022-10-28T07:00,12.5,0.00,87,10.5,11.2,0.00,0.00,0.00,3,89,1,89,0,10.0,118,111,23.2,20.2,0,0.00,1022.8,1008.5
2022-10-28T08:00,14.5,0.00,77,10.5,12.6,0.00,0.00,0.00,3,93,62,82,0,14.5,117,109,29.9,28.1,1,116.12,1022.6,1008.4
2022-10-28T09:00,16.0,0.10,74,11.3,15.2,0.10,0.00,0.00,51,94,83,69,0,8.4,145,137,18.1,28.4,1,2425.72,1023.9,1009.7
2022-10-28T10:00,17.3,0.00,77,13.2,16.7,0.00,0.00,0.00,2,53,43,17,0,11.0,121,128,18.9,23.4,1,3600.00,1023.2,1009.1
2022-10-28T11:00,20.1,0.00,72,14.8,20.2,0.00,0.00,0.00,3,85,82,16,0,9.7,148,141,18.3,22.7,1,3600.00,1023.1,1009.1
2022-10-28T12:00,21.6,0.00,63,14.3,21.9,0.00,0.00,0.00,3,96,62,90,0,7.4,159,157,12.0,20.9,1,3600.00,1022.9,1009.0
2022-10-28T13:00,22.6,0.00,67,16.2,23.2,0.00,0.00,0.00,3,97,99,32,0,10.1,112,107,18.3,18.7,1,3600.00,1022.0,1008.2
2022-10-28T14:00,23.2,0.00,67,16.8,25.0,0.00,0.00,0.00,3,91,85,38,0,4.1,217,225,7.7,19.8,1,3600.00,1022.2,1008.4
2022-10-28T15:00,22.9,0.00,68,16.7,24.4,0.00,0.00,0.00,3,99,95,89,0,5.9,190,166,12.8,15.1,1,3600.00,1021.9,1008.1
2022-10-28T16:00,21.3,0.00,71,15.8,22.3,0.00,0.00,0.00,3,99,99,1,0,6.5,201,177,17.3,17.6,1,1196.60,1021.6,1007.7
2022-10-28T17:00,19.1,0.00,73,14.2,19.5,0.00,0.00,0.00,3,99,98,74,0,6.6,206,171,17.6,15.5,1,2019.03,1021.7,1007.7
2022-10-28T18:00,19.1,0.00,72,13.8,19.1,0.00,0.00,0.00,3,100,100,7,0,8.0,214,185,20.8,17.6,0,0.00,1022.1,1008.1
2022-10-28T19:00,17.7,0.00,78,13.9,17.9,0.00,0.00,0.00,3,97,96,28,0,7.2,228,207,21.2,18.4,0,0.00,1022.8,1008.7
2022-10-28T20:00,16.5,0.00,83,13.6,16.7,0.00,0.00,0.00,3,100,100,16,0,6.2,228,190,18.4,17.3,0,0.00,1023.0,1008.9
2022-10-28T21:00,15.8,0.00,85,13.2,15.9,0.00,0.00,0.00,3,98,98,0,0,6.2,234,201,18.3,15.1,0,0.00,1023.5,1009.3
2022-10-28T22:00,14.2,0.00,86,12.0,13.6,0.00,0.00,0.00,3,97,97,11,0,8.3,233,185,15.4,15.8,0,0.00,1023.8,1009.6
2022-10-28T23:00,15.0,0.00,81,11.8,14.5,0.00,0.00,0.00,3,99,99,21,0,7.2,243,183,13.4,15.8,0,0.00,1024.0,1009.8
2022-10-29T00:00,14.7,0.00,82,11.8,14.5,0.00,0.00,0.00,3,100,100,18,0,4.9,234,163,10.3,14.0,0,0.00,1024.2,1010.0
2022-10-29T01:00,14.0,0.00,86,11.7,13.4,0.00,0.00,0.00,3,99,96,6,0,7.1,201,135,11.2,13.0,0,0.00,1023.7,1009.4
2022-10-29T02:00,14.1,0.00,84,11.4,13.5,0.00,0.00,0.00,3,97,97,2,0,7.0,200,168,17.7,15.1,0,0.00,1023.8,1009.6
2022-10-29T03:00,13.2,0.00,86,11.0,12.8,0.00,0.00,0.00,3,97,97,4,0,5.1,191,135,13.6,14.4,0,0.00,1023.3,1009.0
2022-10-29T04:00,12.9,0.00,86,10.7,12.4,0.00,0.00,0.00,3,100,99,9,0,4.8,199,138,13.0,11.2,0,0.00,1023.4,1009.1
2022-10-29T05:00,13.4,0.00,83,10.6,12.8,0.00,0.00,0.00,3,99,99,15,0,5.3,189,118,9.5,10.8,0,0.00,1023.2,1008.9
2022-10-29T06:00,13.3,0.00,83,10.4,12.4,0.00,0.00,0.00,3,100,100,18,0,7.1,172,120,12.4,13.3,0,0.00,1023.2,1008.9
2022-10-29T07:00,13.2,0.00,82,10.2,12.1,0.00,0.00,0.00,3,96,95,24,0,8.4,158,115,14.7,15.1,0,0.00,1023.0,1008.7
2022-10-29T08:00,13.8,0.00,79,10.3,12.6,0.00,0.00,0.00,3,95,93,18,0,8.9,157,122,16.8,16.6,1,121.36,1023.3,1009.0
2022-10-29T09:00,15.7,0.00,75,11.2,14.8,0.00,0.00,0.00,3,99,99,27,0,8.7,145,120,14.5,17.6,1,3600.00,1023.4,1009.2
2022-10-29T10:00,17.7,0.00,76,13.4,17.5,0.00,0.00,0.00,3,98,96,50,0,9.0,132,119,16.1,17.3,1,3600.00,1022.9,1008.8
2022-10-29T11:00,19.4,0.00,68,13.4,19.5,0.00,0.00,0.00,3,87,86,6,0,6.5,131,124,16.6,18.4,1,3600.00,1022.8,1008.8
2022-10-29T12:00,20.9,0.00,64,13.9,21.6,0.00,0.00,0.00,3,91,90,13,0,4.2,113,110,7.4,15.8,1,3600.00,1022.5,1008.6
2022-10-29T13:00,21.4,0.00,64,14.4,22.0,0.00,0.00,0.00,3,99,76,39,0,5.8,242,248,6.9,14.8,1,3600.00,1022.8,1008.9
2022-10-29T14:00,21.5,0.00,65,14.6,21.3,0.00,0.00,0.00,3,100,100,58,0,12.0,128,131,21.0,25.2,1,3600.00,1020.9,1007.0
2022-10-29T15:00,21.5,0.00,71,16.0,22.8,0.00,0.00,0.00,3,100,100,34,0,5.2,148,155,15.7,25.6,1,3600.00,1020.7,1006.8
2022-10-29T16:00,21.0,0.00,74,16.1,22.6,0.00,0.00,0.00,3,100,100,71,0,3.3,135,96,7.6,12.2,1,2193.27,1021.0,1007.1
2022-10-29T17:00,18.8,0.00,78,14.8,19.1,0.00,0.00,0.00,3,100,100,3,0,8.4,137,121,19.4,17.6,1,0.00,1020.4,1006.4
2022-10-29T18:00,15.9,0.00,88,14.0,16.2,0.00,0.00,0.00,3,100,100,6,0,6.9,134,84,9.9,16.6,0,0.00,1020.7,1006.6
2022-10-29T19:00,16.2,0.00,85,13.7,16.6,0.00,0.00,0.00,3,100,100,10,0,5.2,117,78,8.0,10.1,0,0.00,1020.6,1006.5
2022-10-29T20:00,16.1,0.00,85,13.5,16.0,0.00,0.00,0.00,3,99,61,98,0,8.5,129,102,15.9,15.5,0,0.00,1020.6,1006.5
2022-10-29T21:00,16.6,0.00,83,13.8,16.6,0.00,0.00,0.00,3,99,93,88,0,8.6,136,112,16.0,16.6,0,0.00,1020.4,1006.3
2022-10-29T22:00,16.6,0.00,85,14.1,16.7,0.00,0.00,0.00,3,99,95,89,0,8.2,140,113,14.6,15.8,0,0.00,1020.3,1006.2
2022-10-29T23:00,15.6,0.00,91,14.1,16.0,0.00,0.00,0.00,3,100,100,45,0,6.6,145,112,13.2,14.8,0,0.00,1020.6,1006.5
2022-10-30T00:00,14.8,0.00,93,13.6,15.1,0.00,0.00,0.00,3,100,100,8,0,5.5,147,101,10.7,12.2,0,0.00,1020.6,1006.4
2022-10-30T01:00,15.0,0.00,86,12.6,14.7,0.00,0.00,0.00,3,99,100,71,0,7.9,194,141,18.2,10.1,0,0.00,1020.3,1006.1
2022-10-30T02:00,15.4,0.00,79,11.8,14.6,0.00,0.00,0.00,3,100,100,50,0,9.4,195,157,21.6,19.8,0,0.00,1020.1,1006.0
2022-10-30T03:00,15.2,0.00,76,11.0,14.4,0.00,0.00,0.00,3,95,95,15,0,7.0,205,168,18.7,19.1,0,0.00,1020.1,1006.0
2022-10-30T04:00,13.9,0.00,79,10.4,13.1,0.00,0.00,0.00,3,100,100,63,0,6.4,190,137,14.3,15.1,0,0.00,1020.0,1005.8
2022-10-30T05:00,13.3,0.00,80,9.9,12.1,0.00,0.00,0.00,3,80,80,1,0,8.0,166,126,16.3,16.2,0,0.00,1020.2,1006.0
2022-10-30T06:00,12.4,0.00,83,9.5,11.4,0.00,0.00,0.00,2,61,61,0,0,6.0,164,107,13.1,15.5,0,0.00,1020.0,1005.7
2022-10-30T07:00,11.7,0.00,85,9.2,10.7,0.00,0.00,0.00,1,39,39,0,0,5.3,178,118,13.3,11.5,0,0.00,1019.9,1005.6
2022-10-30T08:00,12.6,0.00,81,9.4,11.5,0.00,0.00,0.00,2,78,78,0,0,6.4,183,133,14.1,12.6,1,475.53,1020.5,1006.2
2022-10-30T09:00,15.1,0.00,73,10.3,14.0,0.00,0.00,0.00,2,77,77,0,0,8.2,177,131,14.8,15.8,1,3600.00,1020.6,1006.4
2022-10-30T10:00,17.6,0.00,69,11.8,17.1,0.00,0.00,0.00,1,36,36,0,0,7.6,173,135,14.5,16.9,1,3600.00,1020.4,1006.4
2022-10-30T11:00,19.4,0.00,61,11.6,19.0,0.00,0.00,0.00,0,11,11,0,0,6.3,162,149,9.1,16.2,1,3600.00,1020.2,1006.3
2022-10-30T12:00,20.9,0.00,57,12.2,20.9,0.00,0.00,0.00,0,13,13,0,0,4.7,158,157,6.6,14.8,1,3600.00,1020.1,1006.2
2022-10-30T13:00,22.3,0.00,54,12.5,22.4,0.00,0.00,0.00,3,99,100,0,0,4.6,126,129,6.7,15.1,1,3600.00,1019.6,1005.8
2022-10-30T14:00,21.9,0.00,60,13.8,22.6,0.00,0.00,0.00,3,100,100,0,0,3.6,210,217,5.0,11.5,1,3600.00,1019.3,1005.5
2022-10-30T15:00,21.5,0.00,66,14.8,22.5,0.00,0.00,0.00,3,100,100,0,0,4.1,168,165,8.8,11.5,1,3600.00,1019.2,1005.4
2022-10-30T16:00,20.1,0.00,76,15.7,21.4,0.00,0.00,0.00,3,100,100,0,0,4.3,159,138,11.2,11.5,1,3600.00,1019.1,1005.2
2022-10-30T17:00,17.6,0.00,85,15.1,18.5,0.00,0.00,0.00,3,91,90,3,0,5.2,166,124,11.5,10.8,1,0.00,1019.1,1005.1
2022-10-30T18:00,19.0,0.00,75,14.5,19.7,0.00,0.00,0.00,3,99,99,0,0,5.6,216,140,9.8,12.2,0,0.00,1019.7,1005.7
2022-10-30T19:00,17.7,0.00,75,13.2,17.6,0.00,0.00,0.00,3,100,100,0,0,7.4,231,194,12.5,13.0,0,0.00,1020.3,1006.3
2022-10-30T20:00,14.4,0.00,84,11.8,13.7,0.00,0.00,0.00,3,99,99,0,0,8.6,221,178,13.3,14.0,0,0.00,1020.5,1006.3
2022-10-30T21:00,14.2,0.00,85,11.7,13.8,0.00,0.00,0.00,1,22,22,0,0,6.5,216,174,13.4,14.0,0,0.00,1020.7,1006.5
2022-10-30T22:00,13.0,0.00,89,11.2,12.3,0.00,0.00,0.00,1,47,47,0,0,6.8,218,177,12.8,12.2,0,0.00,1021.1,1006.8
2022-10-30T23:00,15.0,0.00,83,12.1,15.0,0.00,0.00,0.00,0,19,19,0,0,4.0,238,153,6.8,11.9,0,0.00,1021.3,1007.1
2022-10-31T00:00,11.6,0.00,92,10.3,11.0,0.00,0.00,0.00,2,63,63,0,0,5.2,225,115,0.5,7.6,0,0.00,1021.2,1006.9
2022-10-31T01:00,11.9,0.00,90,10.3,11.2,0.00,0.00,0.00,2,56,100,1,0,5.3,164,118,5.2,8.6,0,0.00,1021.4,1007.1
2022-10-31T02:00,11.8,0.00,91,10.3,11.0,0.00,0.00,0.00,3,100,100,4,0,5.7,150,125,7.9,11.2,0,0.00,1021.4,1007.1
2022-10-31T03:00,11.5,0.00,90,9.9,10.7,0.00,0.00,0.00,3,100,100,0,0,5.1,197,135,4.9,10.4,0,0.00,1021.5,1007.2
2022-10-31T04:00,10.2,0.00,94,9.2,9.3,0.00,0.00,0.00,3,100,100,5,0,4.5,122,104,4.7,7.9,0,0.00,1021.5,1007.1
2022-10-31T05:00,11.2,0.00,93,10.2,10.1,0.00,0.00,0.00,3,100,100,22,0,7.8,119,103,11.9,14.4,0,0.00,1021.2,1006.8
2022-10-31T06:00,11.0,0.00,94,10.0,10.2,0.00,0.00,0.00,3,100,100,36,0,5.9,122,101,11.0,14.4,0,0.00,1020.9,1006.5
2022-10-31T07:00,10.3,0.00,94,9.4,9.4,0.00,0.00,0.00,3,100,100,56,1,5.4,121,98,10.5,10.8,0,0.00,1020.9,1006.5
2022-10-31T08:00,10.8,0.00,95,10.0,9.4,0.00,0.00,0.00,3,85,71,55,5,9.5,113,101,17.3,17.6,1,44.13,1020.9,1006.5
2022-10-31T09:00,13.1,0.00,90,11.5,12.5,0.00,0.00,0.00,3,96,96,21,1,7.2,113,108,17.6,18.4,1,3600.00,1020.8,1006.5
2022-10-31T10:00,15.3,0.00,85,12.8,15.8,0.00,0.00,0.00,3,100,100,53,0,3.0,111,104,11.2,15.8,1,3600.00,1020.8,1006.7
2022-10-31T11:00,16.9,0.00,80,13.4,17.9,0.00,0.00,0.00,3,100,100,62,0,0.5,79,45,1.8,10.8,1,3600.00,1020.5,1006.4
2022-10-31T12:00,18.2,0.00,75,13.8,19.1,0.00,0.00,0.00,3,100,100,87,0,2.0,58,45,3.4,9.0,1,3600.00,1019.8,1005.8
2022-10-31T13:00,19.0,0.00,70,13.5,19.9,0.00,0.00,0.00,3,100,100,88,0,1.6,106,117,2.6,9.4,1,3600.00,1019.1,1005.2
2022-10-31T14:00,19.2,0.00,71,13.9,20.2,0.00,0.00,0.00,3,100,100,92,0,1.5,141,166,2.3,7.9,1,3600.00,1018.3,1004.4
2022-10-31T15:00,18.7,0.00,76,14.3,19.7,0.00,0.00,0.00,3,100,100,87,0,2.3,220,231,2.8,6.8,1,0.00,1017.7,1003.8
2022-10-31T16:00,17.5,0.00,89,15.7,18.9,0.00,0.00,0.00,3,88,22,84,0,3.2,360,333,2.5,7.6,1,284.72,1017.1,1003.1
2022-10-31T17:00,15.6,0.00,90,14.0,16.2,0.00,0.00,0.00,2,63,61,4,0,4.6,59,39,9.2,8.3,1,0.00,1016.5,1002.4
2022-10-31T18:00,15.0,0.00,90,13.4,14.8,0.00,0.00,0.00,3,91,85,76,0,9.0,108,106,20.5,18.4,0,0.00,1016.0,1001.9
2022-10-31T19:00,14.0,0.00,91,12.6,14.0,0.00,0.00,0.00,1,45,0,45,0,5.2,206,236,9.2,17.3,0,0.00,1016.6,1002.4
2022-10-31T20:00,11.8,0.00,96,11.2,11.7,0.00,0.00,0.00,3,93,93,2,0,3.2,113,63,4.7,10.8,0,0.00,1016.1,1001.8
2022-10-31T21:00,11.2,0.00,96,10.6,10.8,0.00,0.00,0.00,3,98,98,0,0,4.3,149,95,6.3,7.2,0,0.00,1016.0,1001.7
2022-10-31T22:00,11.9,0.00,96,11.3,11.5,0.00,0.00,0.00,3,99,98,24,0,5.3,141,118,12.5,11.2,0,0.00,1015.7,1001.5
2022-10-31T23:00,11.9,0.00,96,11.3,11.2,0.00,0.00,0.00,3,100,100,13,0,7.4,160,137,16.5,14.4,0,0.00,1015.8,1001.6
2022-11-01T00:00,11.8,0.00,97,11.3,11.1,0.00,0.00,0.00,3,100,100,0,0,6.9,163,129,13.9,15.1,0,0.00,1015.6,1001.4
2022-11-01T01:00,12.8,0.00,95,12.1,12.2,0.00,0.00,0.00,3,100,100,66,7,8.4,164,121,14.2,17.6,0,0.00,1016.0,1001.8
2022-11-01T02:00,12.7,0.00,93,11.7,12.1,0.00,0.00,0.00,3,100,100,89,3,7.4,173,133,15.6,16.9,0,0.00,1016.0,1001.8
2022-11-01T03:00,12.8,0.00,92,11.5,12.2,0.00,0.00,0.00,3,100,100,83,2,6.9,172,129,15.3,15.8,0,0.00,1015.7,1001.5
2022-11-01T04:00,12.9,0.00,89,11.2,12.2,0.00,0.00,0.00,3,100,100,100,13,7.6,193,161,17.7,16.9,0,0.00,1016.0,1001.8
2022-11-01T05:00,13.3,0.90,89,11.6,12.1,0.90,0.00,0.00,53,100,100,100,26,11.1,209,193,23.8,24.8,0,0.00,1016.7,1002.5
2022-11-01T06:00,13.6,1.60,91,12.1,12.3,1.60,0.00,0.00,61,100,100,100,100,13.8,224,221,27.5,30.2,0,0.00,1017.3,1003.1
2022-11-01T07:00,13.8,3.10,91,12.3,12.5,3.10,0.00,0.00,63,100,100,100,51,13.9,221,217,27.6,31.3,0,0.00,1017.6,1003.4
2022-11-01T08:00,14.2,0.20,91,12.8,12.8,0.20,0.00,0.00,51,100,100,96,33,16.0,220,216,28.9,34.2,1,0.00,1018.5,1004.3
2022-11-01T09:00,14.4,0.10,92,13.1,13.2,0.10,0.00,0.00,51,100,100,24,41,15.3,216,210,27.1,33.1,1,0.00,1019.3,1005.1
2022-11-01T10:00,15.1,0.00,90,13.4,13.8,0.00,0.00,0.00,3,100,100,13,22,16.0,229,226,27.1,34.2,1,0.00,1019.6,1005.5
2022-11-01T11:00,16.0,0.00,85,13.6,15.1,0.00,0.00,0.00,3,100,100,5,31,13.8,239,237,21.5,38.5,1,2135.60,1019.7,1005.6
2022-11-01T12:00,16.6,0.00,80,13.0,15.7,0.00,0.00,0.00,3,99,99,2,21,12.6,244,243,18.0,31.7,1,3600.00,1020.0,1005.9
2022-11-01T13:00,16.1,0.00,74,11.6,14.8,0.00,0.00,0.00,3,99,75,11,26,12.4,250,248,18.3,28.4,1,3600.00,1020.6,1006.5
2022-11-01T14:00,15.9,0.00,64,9.1,13.6,0.00,0.00,0.00,2,66,56,0,23,14.0,225,224,20.4,31.0,1,3600.00,1020.8,1006.7
2022-11-01T15:00,15.6,0.00,60,7.9,13.1,0.00,0.00,0.00,3,100,100,0,0,13.2,226,225,20.4,30.2,1,3600.00,1020.5,1006.4
2022-11-01T16:00,14.5,0.00,66,8.3,12.5,0.00,0.00,0.00,1,22,22,0,0,10.8,233,233,20.3,29.2,1,3600.00,1020.8,1006.6
2022-11-01T17:00,12.9,0.00,72,8.0,11.0,0.00,0.00,0.00,0,0,0,0,0,9.3,243,242,21.7,23.8,1,1808.13,1020.9,1006.6
2022-11-01T18:00,11.8,0.00,74,7.3,9.9,0.00,0.00,0.00,0,0,0,0,0,7.9,249,246,20.9,21.2,0,0.00,1021.6,1007.3
2022-11-01T19:00,10.0,0.00,81,6.9,8.3,0.00,0.00,0.00,0,0,0,0,0,6.4,239,218,16.3,18.0,0,0.00,1021.7,1007.3
2022-11-01T20:00,9.9,0.00,82,7.0,8.3,0.00,0.00,0.00,0,6,4,0,2,5.5,241,212,15.6,14.4,0,0.00,1022.4,1008.0
2022-11-01T21:00,9.6,0.00,83,6.9,8.2,0.00,0.00,0.00,1,43,42,0,2,4.3,217,156,11.3,13.7,0,0.00,1022.4,1007.9
2022-11-01T22:00,9.3,0.00,86,7.1,7.5,0.00,0.00,0.00,3,94,94,0,12,7.4,190,151,16.1,15.5,0,0.00,1022.7,1008.2
2022-11-01T23:00,9.3,0.00,87,7.3,7.5,0.00,0.00,0.00,3,91,86,0,32,7.4,193,157,18.1,15.8,0,0.00,1023.1,1008.6
2022-11-02T00:00,9.6,0.00,86,7.4,7.6,0.00,0.00,0.00,3,100,100,0,1,8.6,194,165,20.8,18.4,0,0.00,1022.9,1008.4
2022-11-02T01:00,9.4,0.00,91,8.0,7.5,0.00,0.00,0.00,2,75,73,1,6,9.4,200,176,21.9,21.6,0,0.00,1022.9,1008.4
2022-11-02T02:00,9.4,0.00,91,8.0,7.4,0.00,0.00,0.00,2,51,50,2,0,10.0,212,195,24.1,22.3,0,0.00,1023.0,1008.5
2022-11-02T03:00,9.2,0.00,90,7.7,7.1,0.00,0.00,0.00,3,100,100,75,3,9.9,213,199,24.2,22.7,0,0.00,1022.8,1008.3
2022-11-02T04:00,9.3,0.00,90,7.7,7.3,0.00,0.00,0.00,3,100,100,28,29,9.0,213,196,22.4,22.3,0,0.00,1022.6,1008.1
2022-11-02T05:00,9.9,0.00,86,7.7,7.8,0.00,0.00,0.00,3,100,42,15,100,10.1,217,207,22.9,22.7,0,0.00,1022.8,1008.4
2022-11-02T06:00,10.9,0.00,81,7.8,8.4,0.00,0.00,0.00,3,100,0,6,100,12.7,221,215,25.3,27.4,0,0.00,1022.9,1008.5
2022-11-02T07:00,11.0,0.00,80,7.7,8.2,0.00,0.00,0.00,3,100,0,11,100,15.3,231,227,28.9,32.0,0,0.00,1023.4,1009.0
2022-11-02T08:00,11.4,0.00,79,7.9,8.7,0.00,0.00,0.00,0,16,2,2,14,15.1,234,230,28.1,33.1,1,0.00,1024.3,1009.9
2022-11-02T09:00,12.6,0.00,76,8.5,9.8,0.00,0.00,0.00,1,20,14,1,7,16.1,233,230,26.5,32.0,1,3600.00,1024.7,1010.4
2022-11-02T10:00,13.8,0.00,72,8.8,11.1,0.00,0.00,0.00,1,44,0,7,41,16.4,242,241,24.5,36.7,1,3600.00,1024.8,1010.5
2022-11-02T11:00,14.2,0.10,70,8.9,11.3,0.10,0.00,0.00,51,30,0,24,17,17.7,249,250,25.9,40.0,1,3600.00,1025.1,1010.8
2022-11-02T12:00,14.7,0.00,67,8.6,12.1,0.00,0.00,0.00,0,15,0,1,15,15.3,251,251,21.7,37.4,1,3600.00,1025.2,1011.0
2022-11-02T13:00,15.1,0.00,59,7.2,11.9,0.00,0.00,0.00,0,11,71,0,39,17.0,249,249,23.9,32.8,1,3600.00,1025.1,1010.9
2022-11-02T14:00,15.1,0.00,59,7.1,12.3,0.00,0.00,0.00,1,30,0,0,30,14.5,242,243,20.8,35.3,1,3600.00,1024.6,1010.4
2022-11-02T15:00,14.8,0.00,59,6.9,12.3,0.00,0.00,0.00,1,36,27,0,12,11.4,246,246,17.4,30.6,1,3600.00,1024.4,1010.2
2022-11-02T16:00,13.8,0.00,70,8.4,12.8,0.00,0.00,0.00,1,37,23,0,18,4.4,240,235,11.6,25.6,1,3600.00,1024.2,1009.9
2022-11-02T17:00,10.8,0.00,79,7.2,9.0,0.00,0.00,0.00,3,99,99,0,0,6.8,217,180,9.5,11.2,1,1701.19,1023.8,1009.4
2022-11-02T18:00,10.6,0.00,78,6.9,9.0,0.00,0.00,0.00,2,72,72,0,0,5.8,186,150,13.4,11.5,0,0.00,1023.3,1008.9
2022-11-02T19:00,9.9,0.00,82,7.0,7.9,0.00,0.00,0.00,3,99,99,0,0,7.9,171,133,17.5,14.8,0,0.00,1023.3,1008.8
2022-11-02T20:00,9.5,0.00,84,6.9,7.7,0.00,0.00,0.00,3,93,93,0,0,6.4,173,128,15.6,15.5,0,0.00,1023.1,1008.6
2022-11-02T21:00,9.1,0.00,85,6.7,7.2,0.00,0.00,0.00,3,100,100,0,0,7.2,167,127,16.2,14.0,0,0.00,1022.7,1008.2
2022-11-02T22:00,8.9,0.00,86,6.7,6.8,0.00,0.00,0.00,3,100,100,0,0,8.8,147,125,21.4,17.6,0,0.00,1022.6,1008.1
2022-11-02T23:00,8.8,0.00,86,6.6,6.5,0.00,0.00,0.00,3,100,100,0,0,10.0,135,111,22.4,19.1,0,0.00,1022.3,1007.8
2022-11-03T00:00,9.0,0.00,83,6.4,6.3,0.00,0.00,0.00,3,100,100,0,0,12.2,129,109,23.8,23.4,0,0.00,1021.7,1007.2
2022-11-03T01:00,8.8,0.00,85,6.4,6.3,0.00,0.00,0.00,3,81,100,0,0,10.3,134,119,22.1,23.4,0,0.00,1021.5,1007.0
2022-11-03T02:00,7.5,0.00,91,6.1,5.1,0.00,0.00,0.00,2,67,64,20,4,9.7,131,112,20.7,20.5,0,0.00,1021.2,1006.7
2022-11-03T03:00,7.1,0.00,92,5.8,4.6,0.00,0.00,0.00,3,100,100,0,5,10.0,129,105,18.9,19.4,0,0.00,1020.5,1005.9
2022-11-03T04:00,6.8,0.00,92,5.6,4.2,0.00,0.00,0.00,3,100,100,0,0,9.9,133,109,18.3,19.4,0,0.00,1019.5,1004.9
2022-11-03T05:00,6.9,0.00,92,5.7,4.2,0.00,0.00,0.00,3,100,100,0,0,10.7,125,102,19.7,21.2,0,0.00,1018.7,1004.2
2022-11-03T06:00,6.7,0.00,93,5.7,4.2,0.00,0.00,0.00,3,100,100,0,0,10.1,114,96,20.5,20.9,0,0.00,1018.1,1003.6
2022-11-03T07:00,6.7,0.00,93,5.6,4.2,0.00,0.00,0.00,3,100,100,0,0,9.9,119,100,21.4,20.2,0,0.00,1017.5,1003.0
2022-11-03T08:00,7.6,0.00,90,6.0,4.6,0.00,0.00,0.00,3,100,100,0,0,13.1,118,106,25.8,25.9,1,0.00,1016.7,1002.2
2022-11-03T09:00,9.1,0.00,86,6.9,6.4,0.00,0.00,0.00,3,100,100,38,0,13.4,122,110,28.8,26.6,1,1119.01,1016.0,1001.6
2022-11-03T10:00,10.8,0.00,80,7.5,8.6,0.00,0.00,0.00,3,100,100,4,0,10.8,127,116,22.4,25.2,1,2841.78,1015.0,1000.7
2022-11-03T11:00,12.5,0.00,76,8.4,10.7,0.00,0.00,0.00,3,100,100,0,0,9.7,130,129,15.1,23.8,1,3600.00,1014.0,999.8
2022-11-03T12:00,13.8,0.00,73,9.1,12.1,0.00,0.00,0.00,3,100,100,21,0,9.9,137,136,14.3,23.0,1,3600.00,1012.9,998.8
2022-11-03T13:00,13.4,0.00,73,8.6,11.5,0.00,0.00,0.00,3,100,100,4,0,10.4,138,136,14.5,23.0,1,3600.00,1012.4,998.3
2022-11-03T14:00,13.8,0.00,73,9.1,12.3,0.00,0.00,0.00,3,100,100,83,0,8.5,128,126,13.3,22.7,1,664.18,1010.8,996.7
2022-11-03T15:00,13.7,0.00,76,9.6,12.3,0.00,0.00,0.00,3,100,95,97,0,8.7,116,107,18.4,18.4,1,0.00,1009.5,995.4
2022-11-03T16:00,13.6,0.00,76,9.4,11.8,0.00,0.00,0.00,3,99,98,62,0,11.3,127,121,22.9,22.7,1,0.00,1008.5,994.4
2022-11-03T17:00,13.3,0.00,76,9.2,11.4,0.00,0.00,0.00,3,100,100,100,19,11.9,137,125,25.2,26.6,1,0.00,1007.5,993.4
2022-11-03T18:00,12.7,0.20,79,9.2,10.9,0.20,0.00,0.00,51,100,100,100,0,10.7,133,110,20.1,23.8,0,0.00,1006.4,992.3
2022-11-03T19:00,12.7,0.10,78,8.9,10.6,0.10,0.00,0.00,51,100,100,100,3,12.3,141,128,24.9,24.5,0,0.00,1005.6,991.5
2022-11-03T20:00,12.5,0.00,76,8.3,10.1,0.00,0.00,0.00,3,100,100,100,6,13.2,141,125,26.1,24.8,0,0.00,1005.1,991.0
2022-11-03T21:00,12.9,0.20,72,7.9,10.2,0.20,0.00,0.00,51,100,95,100,23,14.2,205,204,27.9,30.2,0,0.00,1005.1,991.1
2022-11-03T22:00,11.9,2.00,88,10.0,9.9,2.00,0.00,0.00,61,100,100,100,100,13.7,212,203,28.0,29.5,0,0.00,1005.3,991.2
2022-11-03T23:00,12.1,1.40,89,10.4,9.5,1.40,0.00,0.00,61,100,100,100,98,18.7,219,214,34.3,38.5,0,0.00,1005.3,991.2
2022-11-04T00:00,11.5,0.30,90,9.9,8.9,0.30,0.00,0.00,51,100,96,100,7,17.4,238,236,30.6,42.1,0,0.00,1006.0,991.9
2022-11-04T01:00,9.8,0.20,89,8.1,6.6,0.20,0.00,0.00,51,99,100,100,26,18.4,213,208,33.1,36.0,0,0.00,1007.1,992.9
2022-11-04T02:00,9.9,0.10,87,7.9,6.7,0.10,0.00,0.00,51,100,100,95,28,18.1,228,224,31.1,40.3,0,0.00,1007.0,992.8
2022-11-04T03:00,9.6,0.00,88,7.7,6.2,0.00,0.00,0.00,3,100,100,96,33,19.0,234,233,33.0,41.4,0,0.00,1007.8,993.6
2022-11-04T04:00,9.5,0.00,89,7.8,6.7,0.00,0.00,0.00,1,48,8,13,40,14.8,244,241,26.9,39.2,0,0.00,1007.6,993.3
2022-11-04T05:00,9.0,0.00,91,7.5,6.7,0.00,0.00,0.00,3,100,100,0,10,10.8,243,240,21.7,31.3,0,0.00,1007.9,993.6
2022-11-04T06:00,8.2,0.00,93,7.2,6.5,0.00,0.00,0.00,3,100,100,0,7,6.4,229,218,17.1,23.4,0,0.00,1007.7,993.4
2022-11-04T07:00,7.5,0.00,94,6.6,5.9,0.00,0.00,0.00,3,100,100,0,10,4.7,207,171,13.4,15.1,0,0.00,1007.7,993.3
2022-11-04T08:00,8.0,0.00,94,7.1,6.6,0.00,0.00,0.00,3,100,100,11,32,4.8,178,132,10.1,11.9,1,0.00,1008.0,993.7
2022-11-04T09:00,9.2,0.00,90,7.6,8.0,0.00,0.00,0.00,3,100,100,0,47,4.3,189,138,9.1,11.2,1,0.00,1008.1,993.8
2022-11-04T10:00,10.4,0.00,84,7.7,8.8,0.00,0.00,0.00,3,100,100,0,15,6.5,215,214,10.1,17.3,1,3600.00,1008.0,993.8
2022-11-04T11:00,10.8,0.00,81,7.7,8.6,0.00,0.00,0.00,3,100,100,4,32,10.5,228,229,14.5,23.0,1,2945.87,1007.7,993.5
2022-11-04T12:00,11.4,0.10,79,7.8,9.3,0.10,0.00,0.00,51,100,100,13,38,10.4,235,236,14.5,25.2,1,3600.00,1007.8,993.6
2022-11-04T13:00,11.0,0.00,81,7.9,8.9,0.00,0.00,0.00,3,100,100,55,99,10.6,215,215,14.5,24.1,1,3600.00,1007.8,993.6
2022-11-04T14:00,10.8,0.10,82,7.9,8.9,0.10,0.00,0.00,51,100,100,22,41,8.7,205,204,11.9,23.0,1,1006.87,1007.7,993.5
2022-11-04T15:00,11.3,0.00,77,7.4,9.5,0.00,0.00,0.00,3,100,100,11,63,7.4,216,219,10.3,20.2,1,3600.00,1008.1,993.9
2022-11-04T16:00,11.0,0.00,80,7.7,9.7,0.00,0.00,0.00,3,100,100,16,14,5.0,239,240,9.2,16.9,1,1390.82,1008.6,994.4
2022-11-04T17:00,10.8,0.00,81,7.6,9.6,0.00,0.00,0.00,3,100,100,48,9,3.3,228,221,5.4,10.4,0,0.00,1009.1,994.9
2022-11-04T18:00,8.7,0.00,91,7.3,7.3,0.00,0.00,0.00,3,85,66,74,37,4.7,257,270,9.6,9.4,0,0.00,1009.7,995.4
2022-11-04T19:00,8.9,0.30,93,7.8,7.5,0.30,0.00,0.00,51,100,55,100,100,5.2,276,282,14.5,12.2,0,0.00,1010.7,996.4
2022-11-04T20:00,9.2,0.20,93,8.1,8.2,0.20,0.00,0.00,51,98,0,98,2,3.3,279,257,9.5,11.5,0,0.00,1011.3,997.0
2022-11-04T21:00,8.7,0.30,94,7.7,7.3,0.30,0.00,0.00,51,100,0,100,99,5.0,253,240,13.2,12.2,0,0.00,1012.2,997.8
2022-11-04T22:00,8.8,0.20,94,7.9,7.7,0.20,0.00,0.00,51,100,5,51,100,3.2,278,243,7.6,10.4,0,0.00,1012.9,998.5
2022-11-04T23:00,8.2,0.00,95,7.5,6.8,0.00,0.00,0.00,3,100,44,66,100,4.8,240,222,10.8,9.7,0,0.00,1013.6,999.2
2022-11-05T00:00,8.7,0.00,95,8.0,7.3,0.00,0.00,0.00,3,100,19,100,42,5.9,236,223,13.0,11.2,0,0.00,1014.1,999.7
2022-11-05T01:00,9.0,0.20,95,8.3,8.0,0.20,0.00,0.00,51,100,81,94,28,3.7,266,241,9.7,15.1,0,0.00,1014.3,999.9
2022-11-05T02:00,8.9,0.30,93,7.8,7.3,0.30,0.00,0.00,51,95,78,60,58,6.9,267,264,15.1,16.2,0,0.00,1015.0,1000.6
2022-11-05T03:00,8.5,0.20,96,7.9,6.9,0.20,0.00,0.00,51,100,45,47,100,7.1,308,300,14.6,14.8,0,0.00,1015.7,1001.3
2022-11-05T04:00,8.6,0.10,93,7.5,6.9,0.10,0.00,0.00,51,92,0,84,87,7.4,333,331,14.2,16.6,0,0.00,1015.9,1001.5
2022-11-05T05:00,8.3,0.80,93,7.2,6.5,0.80,0.00,0.00,53,100,9,96,100,7.1,322,319,15.1,16.2,0,0.00,1016.5,1002.1
2022-11-05T06:00,8.2,0.60,94,7.3,6.5,0.60,0.00,0.00,53,100,4,100,100,6.8,313,302,14.3,15.1,0,0.00,1017.0,1002.6
2022-11-05T07:00,8.3,0.70,95,7.5,6.7,0.70,0.00,0.00,53,96,0,96,59,6.0,307,295,13.1,14.4,0,0.00,1017.5,1003.0
2022-11-05T08:00,8.3,0.10,94,7.5,6.6,0.10,0.00,0.00,51,60,0,37,37,6.9,310,298,13.6,14.4,1,0.00,1018.5,1004.0
2022-11-05T09:00,8.5,0.00,92,7.3,6.4,0.00,0.00,0.00,3,100,0,2,100,9.7,318,315,14.0,21.2,1,709.57,1019.6,1005.1
2022-11-05T10:00,8.8,0.00,90,7.3,6.5,0.00,0.00,0.00,3,100,0,1,100,10.9,328,326,14.9,24.5,1,3600.00,1019.9,1005.4
2022-11-05T11:00,9.5,0.00,86,7.2,7.5,0.00,0.00,0.00,3,100,0,0,100,8.8,326,325,11.7,23.8,1,3600.00,1020.3,1005.9
2022-11-05T12:00,10.0,0.10,81,6.9,8.2,0.10,0.00,0.00,51,36,0,1,36,6.9,317,313,8.9,20.9,1,2736.49,1020.6,1006.2
2022-11-05T13:00,10.5,0.10,85,8.1,8.8,0.10,0.00,0.00,51,48,0,37,11,7.8,250,248,10.4,19.4,1,3600.00,1020.6,1006.2
2022-11-05T14:00,11.2,0.00,80,7.8,9.4,0.00,0.00,0.00,1,45,18,26,9,8.4,240,239,11.6,20.2,1,3600.00,1020.5,1006.2
2022-11-05T15:00,10.9,0.20,74,6.4,8.4,0.20,0.00,0.00,51,63,43,22,18,11.1,257,257,15.5,24.5,1,3600.00,1020.5,1006.1
2022-11-05T16:00,10.1,0.20,78,6.5,8.1,0.20,0.00,0.00,51,34,0,24,22,7.2,272,270,13.3,25.2,1,3600.00,1020.7,1006.3
2022-11-05T17:00,7.7,0.00,88,5.9,5.9,0.00,0.00,0.00,1,33,25,1,9,5.5,255,238,11.2,14.8,0,802.26,1020.9,1006.4
2022-11-05T18:00,6.9,0.00,89,5.2,4.9,0.00,0.00,0.00,1,47,26,3,27,5.9,235,218,15.0,11.9,0,0.00,1021.2,1006.6
2022-11-05T19:00,7.0,0.00,89,5.4,4.8,0.00,0.00,0.00,2,73,44,36,25,7.7,234,221,19.6,15.8,0,0.00,1021.8,1007.2
2022-11-05T20:00,6.1,0.00,91,4.7,4.0,0.00,0.00,0.00,3,96,95,67,1,5.8,225,202,16.3,16.2,0,0.00,1021.9,1007.3
2022-11-05T21:00,5.6,0.00,91,4.3,3.4,0.00,0.00,0.00,3,100,100,28,0,5.4,212,184,14.9,12.2,0,0.00,1022.1,1007.4
2022-11-05T22:00,5.7,0.00,91,4.3,3.4,0.00,0.00,0.00,3,91,86,28,8,5.9,198,166,14.8,12.6,0,0.00,1022.0,1007.3
2022-11-05T23:00,5.4,0.00,91,4.1,3.1,0.00,0.00,0.00,3,90,47,79,14,6.3,195,167,16.4,14.0,0,0.00,1022.1,1007.4
2022-11-06T00:00,5.2,0.00,91,3.9,3.0,0.00,0.00,0.00,2,65,61,0,10,5.0,193,159,14.1,13.7,0,0.00,1022.0,1007.3
2022-11-06T01:00,6.9,0.00,84,4.5,4.7,0.00,0.00,0.00,3,96,100,11,28,6.0,203,163,14.5,11.5,0,0.00,1022.0,1007.4
2022-11-06T02:00,5.8,0.00,89,4.0,3.5,0.00,0.00,0.00,2,58,52,5,9,5.8,203,158,14.0,13.0,0,0.00,1021.7,1007.1
2022-11-06T03:00,5.1,0.00,90,3.6,2.6,0.00,0.00,0.00,0,0,0,0,0,6.9,181,141,15.8,15.1,0,0.00,1021.3,1006.6
2022-11-06T04:00,4.3,0.00,90,2.9,1.8,0.00,0.00,0.00,0,3,0,0,3,6.1,179,135,14.4,14.0,0,0.00,1020.9,1006.2
2022-11-06T05:00,3.9,0.00,91,2.5,1.2,0.00,0.00,0.00,0,9,5,0,4,6.6,158,112,13.2,13.0,0,0.00,1020.5,1005.8
2022-11-06T06:00,3.4,0.00,92,2.2,0.8,0.00,0.00,0.00,0,0,0,0,0,5.5,151,113,12.7,14.8,0,0.00,1020.1,1005.4
2022-11-06T07:00,3.0,0.00,92,1.9,0.1,0.00,0.00,0.00,0,2,0,0,2,7.0,150,111,12.1,12.6,0,0.00,1020.0,1005.2
2022-11-06T08:00,3.4,0.00,92,2.3,-0.0,0.00,0.00,0.00,0,11,11,0,0,11.5,119,104,19.8,22.3,1,9.00,1019.1,1004.4
2022-11-06T09:00,5.1,0.00,89,3.4,1.7,0.00,0.00,0.00,1,26,26,0,0,12.1,114,102,24.3,24.5,1,3600.00,1018.7,1004.1
2022-11-06T10:00,7.2,0.00,82,4.3,4.4,0.00,0.00,0.00,3,100,100,0,0,9.2,118,111,17.1,23.8,1,3600.00,1018.3,1003.8
2022-11-06T11:00,9.2,0.00,76,5.1,6.6,0.00,0.00,0.00,3,99,99,0,0,9.5,124,119,14.3,23.0,1,3600.00,1017.7,1003.3
2022-11-06T12:00,11.0,0.00,69,5.5,8.3,0.00,0.00,0.00,3,100,100,0,0,11.0,131,128,15.8,25.2,1,3600.00,1016.2,1001.9
2022-11-06T13:00,10.8,0.00,70,5.6,7.6,0.00,0.00,0.00,3,100,100,24,0,14.4,129,127,20.7,27.4,1,3600.00,1015.2,1000.9
2022-11-06T14:00,11.0,0.00,69,5.5,7.6,0.00,0.00,0.00,3,100,100,66,0,15.8,134,133,23.4,34.9,1,3600.00,1013.8,999.5
2022-11-06T15:00,10.7,0.00,70,5.6,7.5,0.00,0.00,0.00,3,100,100,69,0,14.3,134,135,23.7,33.8,1,104.34,1013.3,999.0
2022-11-06T16:00,10.4,0.00,72,5.5,7.5,0.00,0.00,0.00,3,100,100,94,0,12.2,143,137,22.9,29.9,1,0.00,1013.1,998.8
2022-11-06T17:00,9.6,0.00,75,5.3,6.8,0.00,0.00,0.00,3,100,100,100,0,11.6,148,144,23.8,28.8,0,0.00,1013.4,999.1
2022-11-06T18:00,9.3,0.00,77,5.5,7.1,0.00,0.00,0.00,3,100,100,100,2,7.9,167,156,17.4,23.8,0,0.00,1013.2,998.9
2022-11-06T19:00,8.9,0.00,80,5.6,6.6,0.00,0.00,0.00,3,100,99,100,0,8.2,174,157,16.7,17.6,0,0.00,1013.0,998.6
2022-11-06T20:00,8.8,0.00,80,5.6,6.4,0.00,0.00,0.00,3,100,83,100,22,8.4,195,170,18.3,18.4,0,0.00,1013.3,998.9
2022-11-06T21:00,9.4,0.00,71,4.5,6.3,0.00,0.00,0.00,3,100,0,100,28,12.1,214,207,24.4,27.0,0,0.00,1013.9,999.6
2022-11-06T22:00,9.7,0.00,66,3.8,6.3,0.00,0.00,0.00,2,60,0,14,57,13.1,221,217,26.6,28.8,0,0.00,1014.1,999.8
2022-11-06T23:00,9.4,0.00,69,3.9,5.8,0.00,0.00,0.00,3,100,0,8,100,15.1,225,220,29.3,32.0,0,0.00,1014.5,1000.1
2022-11-07T00:00,10.2,0.00,68,4.6,6.6,0.00,0.00,0.00,3,90,0,3,89,16.1,220,214,29.4,34.2,0,0.00,1014.8,1000.5
2022-11-07T01:00,9.5,0.00,82,6.6,6.5,0.00,0.00,0.00,2,56,61,41,100,14.4,218,212,26.4,34.2,0,0.00,1015.6,1001.2
2022-11-07T02:00,10.1,0.00,82,7.2,7.3,0.00,0.00,0.00,3,100,99,70,100,14.1,223,218,25.7,31.3,0,0.00,1015.9,1001.6
2022-11-07T03:00,10.4,0.00,83,7.7,7.9,0.00,0.00,0.00,3,100,0,39,100,13.2,218,209,24.6,30.2,0,0.00,1015.8,1001.5
2022-11-07T04:00,10.4,0.00,85,8.0,7.9,0.00,0.00,0.00,3,100,100,19,35,13.4,213,204,25.3,28.4,0,0.00,1015.9,1001.6
2022-11-07T05:00,9.5,0.10,90,7.9,7.2,0.10,0.00,0.00,51,100,99,1,100,12.1,214,203,25.2,28.4,0,0.00,1016.3,1001.9
2022-11-07T06:00,9.7,0.20,89,8.0,7.2,0.20,0.00,0.00,51,100,82,36,100,13.5,217,209,26.5,29.2,0,0.00,1016.5,1002.1
2022-11-07T07:00,10.2,0.10,87,8.1,7.5,0.10,0.00,0.00,51,100,100,76,100,15.2,217,211,28.0,32.0,0,0.00,1016.4,1002.1
2022-11-07T08:00,10.5,0.00,86,8.2,7.9,0.00,0.00,0.00,3,100,100,64,100,15.0,220,215,26.8,32.4,1,0.00,1016.8,1002.5
2022-11-07T09:00,11.1,0.00,84,8.5,8.6,0.00,0.00,0.00,3,100,100,84,100,14.4,216,212,25.0,31.3,1,0.00,1017.2,1002.9
2022-11-07T10:00,12.2,0.00,78,8.5,9.1,0.00,0.00,0.00,3,100,100,100,42,18.4,220,219,28.9,37.8,1,0.00,1017.1,1002.9
2022-11-07T11:00,12.6,0.00,77,8.7,10.1,0.00,0.00,0.00,3,100,100,97,57,14.6,222,220,23.7,39.6,1,0.00,1017.2,1003.0
2022-11-07T12:00,13.5,0.00,75,9.2,11.4,0.00,0.00,0.00,3,100,100,88,40,12.8,213,212,20.3,31.0,1,0.00,1016.9,1002.7
2022-11-07T13:00,13.9,0.00,75,9.6,11.7,0.00,0.00,0.00,3,99,7,81,44,14.8,221,221,21.4,33.5,1,3600.00,1017.3,1003.1
2022-11-07T14:00,14.2,0.00,75,9.8,12.1,0.00,0.00,0.00,3,100,100,74,33,14.0,224,222,20.4,34.2,1,3600.00,1016.9,1002.8
2022-11-07T15:00,14.1,0.00,75,9.8,12.4,0.00,0.00,0.00,3,100,100,49,31,11.2,213,213,18.0,29.5,1,0.00,1016.8,1002.6
2022-11-07T16:00,13.8,0.00,77,9.9,12.2,0.00,0.00,0.00,3,100,100,100,100,10.6,209,204,20.1,25.6,1,3408.02,1016.9,1002.7
2022-11-07T17:00,13.3,0.00,79,9.7,11.7,0.00,0.00,0.00,3,100,97,100,30,10.8,212,206,20.9,24.8,0,0.00,1017.0,1002.8
2022-11-07T18:00,13.0,0.00,81,9.8,11.5,0.00,0.00,0.00,3,98,95,59,21,9.8,208,197,20.8,22.7,0,0.00,1016.9,1002.7
2022-11-07T19:00,11.8,0.00,87,9.8,10.5,0.00,0.00,0.00,3,95,92,30,18,8.8,216,199,20.9,21.6,0,0.00,1016.9,1002.6
2022-11-07T20:00,11.1,0.00,90,9.5,9.8,0.00,0.00,0.00,3,100,100,22,11,8.0,224,207,20.9,19.4,0,0.00,1016.9,1002.6
2022-11-07T21:00,10.6,0.00,91,9.2,9.2,0.00,0.00,0.00,3,98,98,9,0,8.6,222,202,21.9,19.1,0,0.00,1016.7,1002.4
2022-11-07T22:00,10.1,0.00,92,8.9,8.7,0.00,0.00,0.00,3,95,95,4,0,7.2,206,174,18.4,19.1,0,0.00,1017.0,1002.6
2022-11-07T23:00,9.5,0.00,93,8.4,8.0,0.00,0.00,0.00,2,51,49,2,3,6.9,183,141,15.9,15.8,0,0.00,1017.0,1002.6
2022-11-08T00:00,9.2,0.00,92,7.9,7.5,0.00,0.00,0.00,0,9,6,0,3,7.7,166,127,16.3,15.1,0,0.00,1016.6,1002.2
2022-11-08T01:00,8.8,0.00,88,7.0,6.9,0.00,0.00,0.00,1,33,34,0,32,7.6,160,115,14.6,15.1,0,0.00,1016.4,1002.0
2022-11-08T02:00,8.4,0.00,89,6.7,6.2,0.00,0.00,0.00,0,14,12,0,2,9.4,142,113,17.7,17.6,0,0.00,1016.0,1001.6
2022-11-08T03:00,7.8,0.00,90,6.3,5.5,0.00,0.00,0.00,0,17,17,0,0,9.7,133,105,19.1,18.7,0,0.00,1015.5,1001.1
2022-11-08T04:00,7.6,0.00,90,6.1,5.1,0.00,0.00,0.00,1,46,46,0,0,10.5,132,106,21.7,20.2,0,0.00,1015.1,1000.6
2022-11-08T05:00,7.6,0.00,89,5.8,4.9,0.00,0.00,0.00,2,50,50,0,0,11.3,136,112,23.7,22.3,0,0.00,1014.9,1000.4
2022-11-08T06:00,7.4,0.00,89,5.7,4.6,0.00,0.00,0.00,3,100,100,0,0,11.6,137,116,23.4,23.0,0,0.00,1014.5,1000.0
2022-11-08T07:00,7.3,0.00,89,5.6,4.5,0.00,0.00,0.00,3,100,100,0,0,12.0,130,111,23.5,23.0,0,0.00,1013.8,999.4
2022-11-08T08:00,7.5,0.00,87,5.5,4.7,0.00,0.00,0.00,3,100,100,12,0,11.9,130,115,24.0,23.0,1,0.00,1013.9,999.5
2022-11-08T09:00,9.1,0.00,80,5.9,6.3,0.00,0.00,0.00,3,100,100,95,0,11.9,130,115,23.0,24.1,1,3058.89,1014.0,999.6
2022-11-08T10:00,10.9,0.00,77,7.1,8.9,0.00,0.00,0.00,3,100,91,98,0,8.2,143,131,19.3,21.6,1,1991.13,1014.5,1000.2
2022-11-08T11:00,12.9,0.00,70,7.5,11.2,0.00,0.00,0.00,3,97,95,45,0,7.5,157,145,13.7,18.7,1,3600.00,1014.2,1000.0
2022-11-08T12:00,14.4,0.00,61,6.9,12.5,0.00,0.00,0.00,3,99,98,64,0,7.8,173,167,11.3,20.2,1,3600.00,1014.0,999.9
2022-11-08T13:00,15.5,0.00,61,8.0,13.7,0.00,0.00,0.00,3,100,99,0,0,8.5,146,144,11.7,20.9,1,3600.00,1013.3,999.3
2022-11-08T14:00,15.6,0.00,63,8.5,14.0,0.00,0.00,0.00,3,100,100,0,0,8.2,144,139,13.4,18.7,1,3600.00,1012.7,998.7
2022-11-08T15:00,15.6,0.00,69,9.9,14.9,0.00,0.00,0.00,3,100,100,0,0,4.5,159,151,11.2,18.4,1,3600.00,1012.4,998.4
2022-11-08T16:00,14.3,0.00,74,9.7,13.2,0.00,0.00,0.00,3,99,99,0,0,6.9,144,118,15.2,13.7,1,2030.73,1012.2,998.1
2022-11-08T17:00,12.6,0.00,80,9.2,11.2,0.00,0.00,0.00,3,100,100,8,0,8.5,147,118,18.5,16.6,0,130.08,1011.8,997.6
2022-11-08T18:00,12.6,0.00,78,8.8,11.1,0.00,0.00,0.00,3,100,100,100,1,8.0,173,126,17.4,17.6,0,0.00,1011.7,997.5
2022-11-08T19:00,12.8,0.00,76,8.7,11.5,0.00,0.00,0.00,3,100,100,100,0,6.3,190,149,16.5,16.9,0,0.00,1011.9,997.8
2022-11-08T20:00,12.9,0.00,74,8.3,11.4,0.00,0.00,0.00,3,100,99,95,6,6.9,186,137,16.3,15.8,0,0.00,1012.0,997.9
2022-11-08T21:00,12.9,0.00,70,7.6,11.3,0.00,0.00,0.00,3,100,100,53,14,6.5,190,146,16.8,16.6,0,0.00,1012.2,998.1
2022-11-08T22:00,12.6,0.00,69,7.2,10.8,0.00,0.00,0.00,3,100,100,23,5,7.4,200,157,18.8,16.9,0,0.00,1012.5,998.3
2022-11-08T23:00,12.3,0.00,70,7.0,10.2,0.00,0.00,0.00,3,100,98,100,5,8.7,205,175,21.4,19.4,0,0.00,1012.6,998.4
2022-11-09T00:00,12.7,0.00,69,7.3,10.5,0.00,0.00,0.00,3,100,90,100,0,10.2,206,188,23.2,21.6,0,0.00,1012.8,998.6
2022-11-09T01:00,11.5,1.70,87,9.4,10.1,1.70,0.00,0.00,61,100,100,100,6,8.5,196,168,20.6,23.4,0,0.00,1012.9,998.7
2022-11-09T02:00,11.8,1.90,90,10.2,10.7,1.90,0.00,0.00,61,100,100,100,100,8.2,190,165,19.4,21.2,0,0.00,1013.1,998.9
2022-11-09T03:00,11.7,1.60,93,10.6,10.8,1.60,0.00,0.00,61,100,100,100,69,7.6,201,175,18.5,18.4,0,0.00,1013.1,998.9
2022-11-09T04:00,11.9,0.90,92,10.6,10.8,0.90,0.00,0.00,53,100,100,100,37,8.3,208,185,19.5,19.1,0,0.00,1013.0,998.8
2022-11-09T05:00,11.9,1.00,92,10.6,10.3,1.00,0.00,0.00,55,100,100,100,7,12.0,190,173,23.7,23.8,0,0.00,1013.0,998.8
2022-11-09T06:00,11.8,1.50,92,10.6,10.2,1.50,0.00,0.00,61,100,100,100,48,11.9,196,182,23.9,28.4,0,0.00,1013.1,998.9
2022-11-09T07:00,11.8,0.90,94,10.8,11.0,0.90,0.00,0.00,53,100,97,87,16,7.6,184,161,17.7,27.4,0,0.00,1012.9,998.7
2022-11-09T08:00,11.7,0.20,94,10.7,10.8,0.20,0.00,0.00,51,100,100,100,22,7.2,177,143,15.5,17.6,1,0.00,1013.3,999.1
2022-11-09T09:00,12.1,0.40,93,11.1,11.3,0.40,0.00,0.00,51,100,100,89,52,8.1,193,167,17.0,17.3,1,0.00,1013.9,999.7
2022-11-09T10:00,13.4,0.00,89,11.6,11.9,0.00,0.00,0.00,3,100,100,92,49,13.4,214,207,23.9,28.4,1,0.00,1014.1,1000.0
2022-11-09T11:00,14.3,0.10,86,12.0,12.8,0.10,0.00,0.00,51,100,100,88,19,14.8,220,219,24.5,33.8,1,1348.30,1014.3,1000.2
2022-11-09T12:00,15.0,0.00,83,12.0,13.2,0.00,0.00,0.00,3,100,100,100,19,16.6,221,219,26.0,34.9,1,0.00,1014.0,999.9
2022-11-09T13:00,13.7,0.10,89,11.9,12.7,0.10,0.00,0.00,51,100,62,100,85,10.7,206,200,17.2,34.9,1,0.00,1014.4,1000.3
2022-11-09T14:00,13.6,0.40,94,12.6,12.7,0.40,0.00,0.00,51,100,100,86,15,11.2,219,213,20.2,26.3,1,0.00,1013.9,999.8
2022-11-09T15:00,13.5,0.20,93,12.5,12.7,0.20,0.00,0.00,51,100,100,100,16,11.0,212,203,19.6,24.1,1,0.00,1014.0,999.9
2022-11-09T16:00,13.3,0.00,95,12.5,12.5,0.00,0.00,0.00,3,100,100,100,13,11.1,214,205,20.5,24.1,1,0.00,1014.6,1000.4
2022-11-09T17:00,12.8,0.10,92,11.5,11.6,0.10,0.00,0.00,51,100,100,100,53,10.8,224,217,22.1,27.4,0,0.00,1014.9,1000.7
2022-11-09T18:00,12.4,0.30,94,11.5,11.4,0.30,0.00,0.00,51,100,100,100,28,10.0,228,221,19.9,24.8,0,0.00,1015.5,1001.3
2022-11-09T19:00,12.0,0.10,94,11.1,10.8,0.10,0.00,0.00,51,100,100,100,49,10.8,226,217,21.6,23.4,0,0.00,1016.5,1002.3
2022-11-09T20:00,12.1,0.00,95,11.3,10.7,0.00,0.00,0.00,3,100,100,97,40,12.0,231,229,23.1,27.4,0,0.00,1017.2,1002.9
2022-11-09T21:00,11.8,0.00,95,11.0,10.5,0.00,0.00,0.00,3,100,100,42,3,10.8,240,233,21.1,25.2,0,0.00,1017.7,1003.4
2022-11-09T22:00,11.2,0.00,95,10.4,9.8,0.00,0.00,0.00,3,100,100,6,0,10.2,232,225,21.5,22.3,0,0.00,1018.4,1004.1
2022-11-09T23:00,10.6,0.00,95,9.8,9.0,0.00,0.00,0.00,3,99,98,32,47,10.7,239,237,23.4,22.3,0,0.00,1019.4,1005.0
2022-11-10T00:00,10.4,0.00,95,9.6,8.9,0.00,0.00,0.00,3,96,91,29,33,9.7,239,231,21.0,22.7,0,0.00,1020.1,1005.7
2022-11-10T01:00,10.1,0.00,97,9.6,8.9,0.00,0.00,0.00,1,25,0,15,13,7.6,253,245,19.9,20.2,0,0.00,1020.9,1006.5
2022-11-10T02:00,10.0,0.00,96,9.4,8.7,0.00,0.00,0.00,0,1,0,0,1,7.8,249,236,18.9,17.3,0,0.00,1021.5,1007.1
2022-11-10T03:00,9.3,0.00,98,8.9,8.0,0.00,0.00,0.00,0,0,0,0,0,7.0,245,235,18.2,16.2,0,0.00,1022.3,1007.8
2022-11-10T04:00,8.9,0.00,98,8.6,7.6,0.00,0.00,0.00,0,3,0,0,3,6.2,235,216,16.8,15.1,0,0.00,1022.7,1008.2
2022-11-10T05:00,8.8,0.00,98,8.6,7.4,0.00,0.00,0.00,1,36,0,0,36,7.2,223,207,16.8,14.4,0,0.00,1023.5,1009.0
2022-11-10T06:00,8.9,0.00,99,8.7,7.3,0.00,0.00,0.00,3,100,61,0,100,8.7,220,210,17.9,17.3,0,0.00,1024.2,1009.7
2022-11-10T07:00,9.0,0.00,99,8.8,7.1,0.00,0.00,0.00,3,100,100,0,100,10.2,224,219,19.1,20.5,0,0.00,1024.9,1010.4
2022-11-10T08:00,9.0,0.00,98,8.6,7.3,0.00,0.00,0.00,3,100,100,0,100,9.0,227,217,17.3,20.2,1,0.00,1026.3,1011.8
2022-11-10T09:00,9.3,0.00,96,8.7,7.5,0.00,0.00,0.00,3,100,46,0,100,10.2,232,228,15.1,21.2,1,369.31,1027.3,1012.8
2022-11-10T10:00,9.8,0.00,93,8.8,8.1,0.00,0.00,0.00,3,100,10,0,100,9.4,229,227,12.5,21.6,1,2365.32,1027.9,1013.4
2022-11-10T11:00,10.7,0.00,90,9.2,9.0,0.00,0.00,0.00,3,100,0,0,100,10.2,219,219,13.8,22.7,1,3429.57,1028.4,1013.9
2022-11-10T12:00,11.7,0.00,86,9.4,9.7,0.00,0.00,0.00,3,100,99,0,100,12.3,220,220,16.9,26.6,1,2314.06,1028.4,1014.0
2022-11-10T13:00,13.1,0.00,77,9.2,11.3,0.00,0.00,0.00,3,100,22,0,100,11.2,236,237,15.3,27.4,1,2094.48,1028.8,1014.4
2022-11-10T14:00,13.4,0.00,75,9.0,11.4,0.00,0.00,0.00,2,68,38,0,49,11.8,239,239,16.8,26.3,1,3600.00,1029.0,1014.6
2022-11-10T15:00,13.3,0.00,73,8.5,11.4,0.00,0.00,0.00,2,66,8,2,63,10.0,245,244,14.7,25.9,1,3600.00,1029.3,1014.9
2022-11-10T16:00,12.6,0.00,78,8.9,11.5,0.00,0.00,0.00,2,51,10,0,45,5.4,236,228,12.2,22.3,1,3600.00,1029.8,1015.4
2022-11-10T17:00,10.0,0.00,87,7.9,8.5,0.00,0.00,0.00,1,46,14,0,37,6.4,240,223,12.1,11.2,0,213.27,1030.1,1015.6
2022-11-10T18:00,9.4,0.00,88,7.5,7.7,0.00,0.00,0.00,3,80,79,0,3,6.9,249,219,10.0,11.2,0,0.00,1030.2,1015.6
2022-11-10T19:00,11.2,0.00,80,7.9,9.8,0.00,0.00,0.00,3,100,100,0,1,5.4,279,312,9.1,10.8,0,0.00,1030.7,1016.2
2022-11-10T20:00,10.3,0.00,82,7.4,9.1,0.00,0.00,0.00,2,76,76,0,0,3.1,231,135,4.6,8.6,0,0.00,1030.8,1016.3
2022-11-10T21:00,6.9,0.00,92,5.8,5.0,0.00,0.00,0.00,3,100,100,0,0,6.0,175,115,4.0,8.6,0,0.00,1031.3,1016.6
2022-11-10T22:00,6.9,0.00,93,5.9,5.2,0.00,0.00,0.00,2,52,52,0,0,5.0,156,111,6.3,9.0,0,0.00,1031.6,1016.9
2022-11-10T23:00,6.5,0.00,94,5.7,4.6,0.00,0.00,0.00,0,17,17,0,0,5.5,155,113,10.3,10.1,0,0.00,1031.4,1016.7
2022-11-11T00:00,5.7,0.00,95,5.0,3.8,0.00,0.00,0.00,0,17,17,0,0,4.7,146,99,9.1,10.1,0,0.00,1031.7,1016.9
2022-11-11T01:00,6.3,0.00,96,5.7,4.3,0.00,0.00,0.00,0,0,2,0,0,6.2,125,97,13.7,13.7,0,0.00,1032.1,1017.3
2022-11-11T02:00,4.8,0.00,97,4.4,2.7,0.00,0.00,0.00,1,27,20,0,10,5.2,133,102,12.2,12.2,0,0.00,1032.3,1017.5
2022-11-11T03:00,5.0,0.00,96,4.4,2.8,0.00,0.00,0.00,3,99,97,0,47,5.4,127,98,13.6,10.8,0,0.00,1032.4,1017.6
2022-11-11T04:00,5.0,0.00,97,4.5,2.8,0.00,0.00,0.00,3,99,98,0,68,5.7,134,108,15.0,10.8,0,0.00,1032.4,1017.6
2022-11-11T05:00,4.7,0.00,97,4.3,2.6,0.00,0.00,0.00,3,100,100,0,83,4.7,123,94,11.2,11.2,0,0.00,1033.1,1018.2
2022-11-11T06:00,4.3,0.00,98,4.0,2.1,0.00,0.00,0.00,3,100,100,0,89,5.2,138,124,11.2,9.7,0,0.00,1033.1,1018.2
2022-11-11T07:00,4.4,0.00,97,4.0,2.0,0.00,0.00,0.00,3,100,100,0,75,6.6,141,131,15.3,12.2,0,0.00,1033.6,1018.7
2022-11-11T08:00,4.7,0.00,97,4.3,2.0,0.00,0.00,0.00,3,100,100,0,40,9.0,149,143,18.9,17.6,1,0.00,1034.1,1019.2
2022-11-11T09:00,5.9,0.00,96,5.3,3.6,0.00,0.00,0.00,3,100,100,0,100,7.7,144,139,11.1,18.4,1,1820.38,1034.6,1019.8
2022-11-11T10:00,6.9,0.00,96,6.3,5.1,0.00,0.00,0.00,3,100,100,0,100,5.6,148,140,8.1,16.2,1,744.15,1034.6,1019.8
2022-11-11T11:00,8.4,0.00,92,7.3,6.9,0.00,0.00,0.00,3,100,100,0,100,5.6,150,153,7.1,16.2,1,2781.73,1034.6,1019.9
2022-11-11T12:00,10.1,0.00,87,8.0,8.9,0.00,0.00,0.00,3,100,100,0,67,4.6,158,162,5.8,15.8,1,3600.00,1034.3,1019.7
2022-11-11T13:00,9.6,0.00,90,8.0,8.4,0.00,0.00,0.00,3,100,18,0,86,4.5,148,151,5.5,14.4,1,3600.00,1034.1,1019.5
2022-11-11T14:00,10.8,0.00,85,8.4,10.0,0.00,0.00,0.00,2,77,44,0,59,2.9,114,120,4.3,13.3,1,3600.00,1034.2,1019.6
2022-11-11T15:00,11.0,0.00,84,8.4,10.3,0.00,0.00,0.00,3,100,100,0,42,1.6,191,207,1.8,10.4,1,3600.00,1034.0,1019.5
2022-11-11T16:00,9.9,0.00,92,8.7,9.2,0.00,0.00,0.00,1,28,13,0,17,2.8,189,230,2.2,7.2,1,3600.00,1033.9,1019.3
2022-11-11T17:00,9.5,0.00,90,8.0,8.5,0.00,0.00,0.00,2,69,67,0,6,3.4,153,212,3.2,5.0,0,353.30,1033.9,1019.3
2022-11-11T18:00,8.8,0.00,94,7.9,7.9,0.00,0.00,0.00,2,57,57,0,0,2.2,141,90,5.1,5.4,0,0.00,1033.8,1019.1
2022-11-11T19:00,6.9,0.00,96,6.3,5.6,0.00,0.00,0.00,2,64,64,0,0,2.4,135,63,4.6,4.3,0,0.00,1033.7,1018.9
2022-11-11T20:00,6.2,0.00,95,5.4,4.4,0.00,0.00,0.00,0,0,0,0,0,4.4,123,81,7.3,8.6,0,0.00,1033.5,1018.7
2022-11-11T21:00,5.1,0.00,94,4.3,2.9,0.00,0.00,0.00,0,0,0,0,0,5.4,137,82,6.9,9.0,0,0.00,1033.6,1018.8
2022-11-11T22:00,4.6,0.00,95,3.8,2.4,0.00,0.00,0.00,3,98,98,0,0,5.4,135,86,5.6,8.6,0,0.00,1033.6,1018.7
2022-11-11T23:00,4.3,0.00,95,3.5,1.9,0.00,0.00,0.00,3,84,84,0,0,6.2,109,83,6.5,9.4,0,0.00,1033.6,1018.7
2022-11-12T00:00,4.3,0.00,95,3.5,1.6,0.00,0.00,0.00,3,99,99,0,0,7.7,108,101,10.2,11.5,0,0.00,1033.5,1018.6
2022-11-12T01:00,5.6,0.00,96,5.0,3.5,0.00,0.00,0.00,3,99,98,0,49,5.9,104,101,14.5,11.9,0,0.00,1033.9,1019.1
2022-11-12T02:00,4.7,0.00,98,4.4,2.6,0.00,0.00,0.00,3,99,99,0,31,5.1,105,98,11.2,11.9,0,0.00,1034.1,1019.2
2022-11-12T03:00,5.5,0.00,97,5.1,3.8,0.00,0.00,0.00,2,77,77,2,0,3.3,90,49,6.1,9.7,0,0.00,1034.0,1019.2
2022-11-12T04:00,4.0,0.00,100,4.0,1.8,0.00,0.00,0.00,3,92,92,31,0,5.2,37,16,5.4,7.2,0,0.00,1034.0,1019.1
2022-11-12T05:00,3.9,0.00,100,3.9,1.5,0.00,0.00,0.00,2,71,71,0,2,6.2,25,36,7.6,8.6,0,0.00,1034.0,1019.1
2022-11-12T06:00,3.1,0.00,100,3.1,0.8,0.00,0.00,0.00,3,98,98,1,0,5.2,68,78,5.8,8.3,0,0.00,1033.7,1018.7
2022-11-12T07:00,3.6,0.00,97,3.1,1.3,0.00,0.00,0.00,2,52,52,0,0,4.7,122,122,9.4,9.0,0,0.00,1033.9,1019.0
2022-11-12T08:00,3.8,0.00,95,3.1,1.4,0.00,0.00,0.00,3,100,100,0,0,5.0,121,120,12.6,10.4,1,0.00,1034.4,1019.5
2022-11-12T09:00,5.6,0.00,91,4.3,3.5,0.00,0.00,0.00,3,100,100,0,0,5.0,113,111,11.8,12.2,1,3189.94,1034.2,1019.4
2022-11-12T10:00,7.3,0.00,86,5.1,5.7,0.00,0.00,0.00,3,100,100,0,5,2.5,117,135,5.6,11.5,1,3600.00,1034.2,1019.5
2022-11-12T11:00,8.5,0.00,83,5.8,7.2,0.00,0.00,0.00,3,100,100,0,10,1.8,106,127,2.6,10.1,1,3600.00,1034.2,1019.5
2022-11-12T12:00,9.8,0.00,80,6.5,8.7,0.00,0.00,0.00,3,100,100,0,7,1.1,90,108,1.8,9.4,1,3600.00,1033.6,1019.0
2022-11-12T13:00,10.1,0.00,80,6.7,9.1,0.00,0.00,0.00,3,100,100,0,1,1.1,79,90,1.8,8.6,1,3600.00,1033.3,1018.7
2022-11-12T14:00,10.7,0.00,80,7.3,9.9,0.00,0.00,0.00,3,100,100,0,0,0.5,76,135,1.5,7.2,1,0.00,1032.6,1018.1
2022-11-12T15:00,10.8,0.00,81,7.7,9.9,0.00,0.00,0.00,3,100,100,0,0,1.8,270,259,1.8,6.1,1,1489.11,1032.2,1017.7
2022-11-12T16:00,9.2,0.00,91,7.9,8.3,0.00,0.00,0.00,3,100,100,5,0,2.5,297,278,1.6,6.1,1,757.42,1032.0,1017.4
2022-11-12T17:00,6.7,0.00,96,6.1,5.0,0.00,0.00,0.00,3,100,100,5,0,4.9,6,324,3.3,8.6,0,0.00,1031.5,1016.8
2022-11-12T18:00,6.1,0.00,98,5.8,4.4,0.00,0.00,0.00,3,100,100,0,0,4.3,39,360,4.6,8.6,0,0.00,1030.9,1016.1
2022-11-12T19:00,4.8,0.00,99,4.7,2.8,0.00,0.00,0.00,3,100,100,0,0,4.9,78,36,7.0,9.7,0,0.00,1030.7,1015.9
2022-11-12T20:00,4.4,0.00,98,4.1,2.0,0.00,0.00,0.00,3,100,100,0,0,6.6,101,68,11.4,12.2,0,0.00,1030.3,1015.5
2022-11-12T21:00,5.4,0.00,93,4.4,3.2,0.00,0.00,0.00,3,100,100,0,0,6.1,108,93,17.8,13.3,0,0.00,1029.9,1015.1
2022-11-12T22:00,5.6,0.00,90,4.0,3.2,0.00,0.00,0.00,3,100,100,0,0,6.2,106,97,19.1,14.4,0,0.00,1029.5,1014.7
2022-11-12T23:00,4.7,0.00,90,3.1,2.1,0.00,0.00,0.00,3,99,99,0,0,6.8,103,93,18.5,14.4,0,0.00,1029.4,1014.6
2022-11-13T00:00,4.4,0.00,89,2.8,1.7,0.00,0.00,0.00,3,96,96,0,0,7.3,98,81,17.5,14.4,0,0.00,1029.0,1014.2
2022-11-13T01:00,3.9,0.00,90,2.3,0.6,0.00,0.00,0.00,3,85,89,0,0,10.4,100,90,18.3,14.0,0,0.00,1028.7,1013.9
2022-11-13T02:00,4.4,0.00,88,2.5,1.7,0.00,0.00,0.00,1,48,48,0,0,6.9,99,84,19.3,18.7,0,0.00,1028.3,1013.5
2022-11-13T03:00,3.6,0.00,89,1.9,0.6,0.00,0.00,0.00,2,62,62,0,0,7.9,95,60,15.5,15.1,0,0.00,1027.8,1013.0
2022-11-13T04:00,3.4,0.00,89,1.7,0.5,0.00,0.00,0.00,0,0,0,0,0,6.6,85,41,13.4,14.8,0,0.00,1027.3,1012.5
2022-11-13T05:00,3.1,0.00,89,1.4,0.2,0.00,0.00,0.00,0,0,0,0,0,6.4,83,38,12.7,13.0,0,0.00,1027.0,1012.1
2022-11-13T06:00,2.8,0.00,89,1.1,-0.1,0.00,0.00,0.00,0,0,0,0,0,6.1,85,40,13.0,12.2,0,0.00,1026.6,1011.7
2022-11-13T07:00,2.9,0.00,89,1.2,0.1,0.00,0.00,0.00,0,0,0,0,0,6.4,81,47,14.6,13.0,0,0.00,1026.0,1011.1
2022-11-13T08:00,2.9,0.00,89,1.3,0.0,0.00,0.00,0.00,0,0,0,0,0,6.6,79,49,13.6,13.3,1,0.00,1025.6,1010.8
2022-11-13T09:00,6.2,0.00,79,2.9,3.8,0.00,0.00,0.00,0,0,0,0,0,4.6,82,51,13.1,13.3,1,3083.72,1025.4,1010.7
2022-11-13T10:00,8.6,0.00,76,4.7,7.0,0.00,0.00,0.00,0,1,0,0,1,1.8,76,307,10.7,11.5,1,3600.00,1024.8,1010.3
2022-11-13T11:00,10.6,0.00,70,5.3,9.1,0.00,0.00,0.00,0,0,0,0,0,2.1,45,329,3.6,9.4,1,3600.00,1024.1,1009.7
2022-11-13T12:00,12.0,0.00,67,6.2,10.8,0.00,0.00,0.00,0,0,0,0,0,1.6,97,117,2.9,9.7,1,3600.00,1023.5,1009.2
2022-11-13T13:00,12.1,0.00,66,5.9,10.8,0.00,0.00,0.00,0,0,0,0,1,1.8,67,53,2.7,13.7,1,3600.00,1022.6,1008.3
2022-11-13T14:00,12.8,0.00,67,6.9,11.4,0.00,0.00,0.00,0,0,0,0,0,4.0,11,360,5.5,11.2,1,3600.00,1021.3,1007.0
2022-11-13T15:00,12.8,0.00,72,8.0,11.5,0.00,0.00,0.00,0,0,0,0,0,5.2,355,344,8.7,11.5,1,3600.00,1020.3,1006.0
2022-11-13T16:00,10.5,0.00,86,8.2,9.3,0.00,0.00,0.00,0,0,0,0,0,5.1,18,356,10.6,11.2,1,3600.00,1019.8,1005.4
2022-11-13T17:00,7.3,0.00,88,5.4,5.1,0.00,0.00,0.00,0,0,0,0,0,7.4,85,61,16.3,14.8,0,296.91,1019.7,1005.2
2022-11-13T18:00,8.8,0.00,77,5.0,6.1,0.00,0.00,0.00,0,0,0,0,0,10.2,94,82,25.3,20.5,0,0.00,1019.4,1004.9
2022-11-13T19:00,8.9,0.00,76,4.8,5.9,0.00,0.00,0.00,0,0,0,0,0,11.9,97,95,27.6,24.8,0,0.00,1019.1,1004.7
2022-11-13T20:00,8.3,0.00,79,4.8,5.5,0.00,0.00,0.00,0,0,0,0,0,10.7,100,102,25.9,24.5,0,0.00,1018.7,1004.2
2022-11-13T21:00,7.4,0.00,84,4.8,4.7,0.00,0.00,0.00,0,0,0,0,0,9.5,108,115,23.9,22.0,0,0.00,1018.7,1004.2
2022-11-13T22:00,6.7,0.00,88,4.8,3.9,0.00,0.00,0.00,0,0,0,0,0,10.2,108,108,23.8,20.9,0,0.00,1018.6,1004.1
2022-11-13T23:00,6.2,0.00,89,4.6,3.3,0.00,0.00,0.00,0,0,0,0,0,11.2,111,111,25.1,22.7,0,0.00,1018.5,1003.9
2022-11-14T00:00,5.2,0.00,92,4.0,2.7,0.00,0.00,0.00,0,0,0,0,0,7.3,123,123,19.0,22.7,0,0.00,1018.2,1003.6
2022-11-14T01:00,4.6,0.00,94,3.6,1.4,0.00,0.00,0.00,0,0,0,0,2,11.4,122,118,23.5,16.2,0,0.00,1017.7,1003.1
2022-11-14T02:00,4.1,0.00,95,3.3,1.3,0.00,0.00,0.00,0,0,0,0,0,8.4,126,121,19.6,23.0,0,0.00,1017.5,1002.8
2022-11-14T03:00,3.9,0.00,94,3.0,1.0,0.00,0.00,0.00,0,0,0,0,0,8.7,124,120,19.5,17.6,0,0.00,1017.1,1002.4
2022-11-14T04:00,3.5,0.00,95,2.8,0.5,0.00,0.00,0.00,0,4,0,0,4,8.7,130,128,18.9,17.6,0,0.00,1016.6,1001.9
2022-11-14T05:00,3.2,0.00,96,2.6,0.3,0.00,0.00,0.00,0,1,0,0,1,8.5,125,118,19.4,19.1,0,0.00,1016.4,1001.7
2022-11-14T06:00,2.8,0.00,96,2.2,-0.0,0.00,0.00,0.00,0,1,0,0,1,7.2,130,117,15.1,17.3,0,0.00,1016.1,1001.4
2022-11-14T07:00,2.6,0.00,95,1.9,-0.4,0.00,0.00,0.00,0,15,0,0,15,8.4,124,115,16.9,16.6,0,0.00,1016.1,1001.4
2022-11-14T08:00,3.0,0.00,93,2.0,-0.3,0.00,0.00,0.00,0,3,0,0,3,10.0,109,105,21.7,19.8,1,0.00,1016.0,1001.3
2022-11-14T09:00,5.0,0.00,85,2.7,1.8,0.00,0.00,0.00,3,100,39,0,100,9.9,114,109,19.7,20.5,1,2978.19,1016.0,1001.4
2022-11-14T10:00,6.9,0.20,82,4.0,4.0,0.20,0.00,0.00,51,100,97,50,100,10.1,124,107,22.6,23.0,1,118.04,1015.8,1001.3
2022-11-14T11:00,8.3,1.00,90,6.7,5.9,1.00,0.00,0.00,55,100,91,45,100,11.0,139,109,22.5,20.9,1,0.00,1015.3,1000.9
2022-11-14T12:00,10.3,0.50,88,8.4,8.2,0.50,0.00,0.00,53,100,83,97,23,11.5,146,136,24.7,24.1,1,0.00,1015.0,1000.7
2022-11-14T13:00,11.8,0.20,87,9.7,9.6,0.20,0.00,0.00,51,100,67,85,100,14.7,153,144,33.7,24.1,1,0.00,1014.2,1000.0
2022-11-14T14:00,11.6,0.10,83,8.7,9.2,0.10,0.00,0.00,51,100,27,14,100,13.8,177,174,24.1,34.2,1,0.00,1014.1,999.9
2022-11-14T15:00,12.3,0.20,81,9.0,10.4,0.20,0.00,0.00,51,100,14,18,100,11.3,170,158,19.8,28.4,1,569.84,1013.7,999.5
2022-11-14T16:00,11.7,0.10,84,9.0,10.0,0.10,0.00,0.00,51,100,1,22,100,9.6,154,146,20.0,23.4,1,3600.00,1013.4,999.2
2022-11-14T17:00,11.4,0.20,85,8.9,9.4,0.20,0.00,0.00,51,100,0,5,100,11.7,154,137,23.7,23.8,0,0.00,1013.5,999.3
2022-11-14T18:00,11.3,0.10,86,9.0,9.5,0.10,0.00,0.00,51,100,0,24,100,10.6,184,156,21.6,23.8,0,0.00,1013.9,999.6
2022-11-14T19:00,11.4,0.00,84,8.8,9.3,0.00,0.00,0.00,3,91,86,22,20,12.2,201,182,25.9,25.9,0,0.00,1014.3,1000.0
2022-11-14T20:00,10.7,0.00,85,8.2,8.9,0.00,0.00,0.00,3,100,100,65,19,8.9,211,194,22.3,26.6,0,0.00,1014.6,1000.3
2022-11-14T21:00,10.0,0.00,86,7.8,8.5,0.00,0.00,0.00,3,100,99,93,7,5.8,199,150,16.4,20.2,0,0.00,1014.7,1000.4
2022-11-14T22:00,9.6,0.00,87,7.6,7.8,0.00,0.00,0.00,3,100,100,35,12,8.0,170,126,16.5,16.9,0,0.00,1014.9,1000.6
2022-11-14T23:00,9.2,0.00,87,7.2,7.1,0.00,0.00,0.00,0,15,2,4,9,9.7,158,121,18.3,19.1,0,0.00,1014.6,1000.2
2022-11-15T00:00,8.4,0.00,88,6.6,6.0,0.00,0.00,0.00,0,15,0,14,3,10.9,153,124,21.7,22.3,0,0.00,1014.7,1000.3
2022-11-15T01:00,8.5,0.00,90,6.9,6.1,0.00,0.00,0.00,0,2,0,91,2,10.4,148,110,17.8,21.6,0,0.00,1014.4,1000.0
2022-11-15T02:00,8.3,0.00,90,6.8,6.1,0.00,0.00,0.00,1,47,0,19,35,9.5,144,115,19.6,20.2,0,0.00,1014.2,999.8
2022-11-15T03:00,8.1,0.00,90,6.6,5.8,0.00,0.00,0.00,1,27,0,16,20,9.7,141,112,18.4,19.1,0,0.00,1013.8,999.4
2022-11-15T04:00,7.8,0.00,90,6.3,5.6,0.00,0.00,0.00,1,44,8,18,26,8.7,148,114,16.5,19.4,0,0.00,1013.2,998.8
2022-11-15T05:00,7.6,0.00,91,6.1,5.5,0.00,0.00,0.00,2,77,49,39,32,7.6,163,109,13.9,17.3,0,0.00,1013.0,998.6
2022-11-15T06:00,8.0,0.00,90,6.4,6.1,0.00,0.00,0.00,3,84,16,69,40,6.9,175,118,13.7,15.1,0,0.00,1013.1,998.7
2022-11-15T07:00,8.3,0.00,89,6.6,6.4,0.00,0.00,0.00,2,60,34,21,24,6.9,176,129,15.2,15.1,0,0.00,1012.9,998.5
2022-11-15T08:00,7.7,0.00,91,6.3,5.9,0.00,0.00,0.00,3,100,100,44,0,6.0,172,115,12.7,14.8,1,0.00,1012.8,998.4
2022-11-15T09:00,8.9,0.00,88,7.0,6.8,0.00,0.00,0.00,3,100,99,100,9,8.9,167,130,15.9,17.3,1,86.96,1013.1,998.7
2022-11-15T10:00,9.9,0.00,86,7.7,8.2,0.00,0.00,0.00,3,100,96,100,0,7.4,166,119,12.2,17.3,1,0.00,1012.7,998.4
2022-11-15T11:00,10.3,0.00,88,8.3,8.5,0.00,0.00,0.00,3,100,100,100,0,8.9,129,111,12.5,16.2,1,0.00,1012.1,997.8
2022-11-15T12:00,11.2,0.00,86,8.9,9.7,0.00,0.00,0.00,2,70,29,58,0,7.8,119,112,18.8,19.1,1,2889.73,1011.3,997.1
2022-11-15T13:00,12.3,0.00,84,9.6,11.1,0.00,0.00,0.00,3,100,0,100,0,7.3,122,110,14.4,18.4,1,3600.00,1010.1,996.0
2022-11-15T14:00,12.5,0.00,81,9.4,11.1,0.00,0.00,0.00,3,100,12,100,4,8.5,134,126,17.1,18.4,1,0.00,1009.3,995.2
2022-11-15T15:00,12.4,0.00,81,9.3,10.9,0.00,0.00,0.00,3,100,68,100,12,9.0,125,113,17.6,18.0,1,0.00,1008.6,994.5
2022-11-15T16:00,12.1,0.00,82,9.1,10.4,0.00,0.00,0.00,3,100,93,100,0,10.0,121,105,20.7,19.4,1,0.00,1007.6,993.5
2022-11-15T17:00,12.0,0.00,80,8.7,9.8,0.00,0.00,0.00,3,100,50,100,0,12.8,128,112,24.6,24.1,0,0.00,1007.0,992.9
2022-11-15T18:00,12.1,0.00,78,8.4,9.9,0.00,0.00,0.00,3,100,0,100,0,11.9,136,119,24.2,25.2,0,0.00,1006.6,992.5
2022-11-15T19:00,12.0,0.00,77,8.0,9.7,0.00,0.00,0.00,3,100,22,100,0,12.2,138,124,25.2,24.8,0,0.00,1006.1,992.0
2022-11-15T20:00,11.9,0.00,75,7.7,9.6,0.00,0.00,0.00,3,100,35,100,0,11.4,133,118,23.7,24.8,0,0.00,1005.8,991.7
2022-11-15T21:00,11.5,0.00,76,7.5,9.2,0.00,0.00,0.00,3,100,78,100,0,11.1,129,115,22.5,23.0,0,0.00,1005.5,991.4
2022-11-15T22:00,11.3,0.10,77,7.4,8.7,0.10,0.00,0.00,51,100,100,100,0,13.0,121,109,24.9,25.2,0,0.00,1004.9,990.8
2022-11-15T23:00,11.0,0.00,76,7.0,8.4,0.00,0.00,0.00,3,100,100,100,0,12.4,121,112,24.4,26.3,0,0.00,1004.4,990.3
2022-11-16T00:00,10.5,0.20,79,7.0,8.1,0.20,0.00,0.00,51,100,100,100,1,11.4,124,108,22.1,24.5,0,0.00,1004.0,989.9
2022-11-16T01:00,10.2,0.10,90,8.6,8.2,0.10,0.00,0.00,51,100,100,100,100,11.0,136,122,21.4,23.0,0,0.00,1003.5,989.3
2022-11-16T02:00,10.3,1.00,91,8.9,8.5,1.00,0.00,0.00,55,100,100,100,99,10.7,132,123,22.4,24.1,0,0.00,1003.1,989.0
2022-11-16T03:00,10.3,0.40,92,9.0,8.7,0.40,0.00,0.00,51,100,100,100,95,8.9,142,140,19.7,22.3,0,0.00,1002.7,988.6
2022-11-16T04:00,10.1,1.30,94,9.2,8.8,1.30,0.00,0.00,61,100,100,100,100,7.2,175,162,15.2,20.5,0,0.00,1002.9,988.7
2022-11-16T05:00,10.2,2.60,94,9.2,8.1,2.60,0.00,0.00,63,100,100,100,95,12.9,220,210,24.8,26.6,0,0.00,1003.2,989.0
2022-11-16T06:00,10.0,0.90,94,9.0,8.0,0.90,0.00,0.00,53,100,34,100,100,12.3,226,220,24.4,27.7,0,0.00,1003.3,989.1
2022-11-16T07:00,10.2,0.20,93,9.1,8.0,0.20,0.00,0.00,51,65,29,20,48,13.0,225,219,24.4,27.0,0,0.00,1003.4,989.2
2022-11-16T08:00,9.8,0.00,94,8.9,7.8,0.00,0.00,0.00,1,44,24,3,26,11.7,233,227,23.9,27.4,1,0.00,1003.9,989.7
2022-11-16T09:00,10.1,0.00,94,9.1,8.3,0.00,0.00,0.00,3,87,81,0,33,10.2,234,222,18.8,24.8,1,2769.83,1004.5,990.3
2022-11-16T10:00,10.9,0.00,88,9.0,8.9,0.00,0.00,0.00,1,49,5,2,46,11.6,243,240,17.4,26.3,1,3600.00,1004.9,990.8
2022-11-16T11:00,11.5,0.10,82,8.5,9.4,0.10,0.00,0.00,51,48,0,8,44,11.8,242,239,17.6,25.2,1,3600.00,1004.9,990.8
2022-11-16T12:00,12.0,0.10,77,8.0,9.4,0.10,0.00,0.00,51,86,0,71,51,13.7,247,247,19.2,31.0,1,3600.00,1004.6,990.5
2022-11-16T13:00,12.9,0.00,82,9.9,11.4,0.00,0.00,0.00,2,77,0,78,13,10.0,222,218,15.0,28.8,1,3600.00,1004.3,990.3
2022-11-16T14:00,12.9,0.30,75,8.7,11.0,0.30,0.00,0.00,51,57,18,54,6,10.4,214,214,15.3,32.4,1,3600.00,1003.6,989.6
2022-11-16T15:00,12.8,0.00,75,8.5,11.5,0.00,0.00,0.00,2,74,65,23,10,6.6,191,189,11.0,22.7,1,3600.00,1002.9,988.9
2022-11-16T16:00,11.7,0.00,78,8.0,10.4,0.00,0.00,0.00,1,24,0,22,8,5.8,190,176,13.9,14.8,1,3600.00,1002.5,988.4
2022-11-16T17:00,9.2,0.00,85,6.9,7.5,0.00,0.00,0.00,1,48,1,36,25,5.9,205,166,11.1,13.0,0,0.00,1002.5,988.3
2022-11-16T18:00,9.5,0.00,83,6.7,7.8,0.00,0.00,0.00,1,49,5,42,12,5.9,162,128,11.4,11.5,0,0.00,1001.9,987.7
2022-11-16T19:00,8.9,0.00,84,6.4,6.5,0.00,0.00,0.00,3,100,100,0,0,10.0,132,111,20.9,18.7,0,0.00,1001.5,987.3
2022-11-16T20:00,8.0,0.00,90,6.5,5.6,0.00,0.00,0.00,0,9,9,0,0,10.6,140,114,21.7,20.9,0,0.00,1000.9,986.7
2022-11-16T21:00,7.6,0.00,88,5.7,5.1,0.00,0.00,0.00,3,100,100,8,13,9.8,149,118,20.2,20.9,0,0.00,1000.3,986.1
2022-11-16T22:00,7.6,0.00,84,5.1,5.0,0.00,0.00,0.00,3,100,100,99,3,9.7,149,121,20.5,19.4,0,0.00,1000.3,986.1
2022-11-16T23:00,8.1,0.00,81,5.0,5.4,0.00,0.00,0.00,3,100,100,100,0,10.0,144,116,19.6,19.8,0,0.00,1000.1,985.9
2022-11-17T00:00,8.5,0.00,79,5.1,5.6,0.00,0.00,0.00,3,100,100,100,0,12.1,133,113,22.7,23.4,0,0.00,999.4,985.2
2022-11-17T01:00,9.3,0.00,86,7.0,6.4,0.00,0.00,0.00,3,100,0,100,0,14.5,140,125,26.6,27.4,0,0.00,998.6,984.5
2022-11-17T02:00,9.5,0.00,87,7.4,6.7,0.00,0.00,0.00,3,97,33,97,2,15.0,129,117,28.9,29.5,0,0.00,997.3,983.2
2022-11-17T03:00,9.7,0.00,86,7.5,6.4,0.00,0.00,0.00,3,100,0,100,100,17.8,131,122,32.7,35.3,0,0.00,996.4,982.3
2022-11-17T04:00,10.3,0.30,82,7.3,6.8,0.30,0.00,0.00,51,100,87,100,51,19.1,146,136,34.4,37.8,0,0.00,995.4,981.4
2022-11-17T05:00,10.2,0.60,84,7.6,7.1,0.60,0.00,0.00,53,100,95,99,6,16.9,151,140,30.8,40.3,0,0.00,995.1,981.1
2022-11-17T06:00,9.9,3.00,86,7.7,7.9,3.00,0.00,0.00,63,100,0,100,75,9.5,177,155,20.2,34.2,0,0.00,995.0,980.9
2022-11-17T07:00,10.6,0.70,85,8.2,8.6,0.70,0.00,0.00,53,79,0,61,50,10.8,201,182,23.1,23.4,0,0.00,994.7,980.7
2022-11-17T08:00,10.4,3.10,88,8.6,7.9,3.10,0.00,0.00,63,100,0,100,68,14.7,215,211,29.5,38.9,1,0.00,994.9,980.9
2022-11-17T09:00,10.9,1.50,86,8.7,7.9,1.50,0.00,0.00,61,73,1,70,18,18.6,229,229,32.6,45.0,1,0.00,995.5,981.5
2022-11-17T10:00,10.7,0.80,89,8.9,7.5,0.80,0.00,0.00,53,100,0,100,100,20.1,219,216,33.3,47.2,1,1169.75,996.1,982.1
2022-11-17T11:00,10.9,0.20,88,9.0,7.9,0.20,0.00,0.00,51,96,5,90,72,19.1,218,216,31.3,46.8,1,0.00,996.6,982.6
2022-11-17T12:00,11.4,0.10,86,9.2,8.6,0.10,0.00,0.00,51,81,24,66,41,17.9,223,220,29.5,47.5,1,0.00,996.5,982.5
2022-11-17T13:00,10.4,0.20,87,8.4,6.5,0.20,0.00,0.00,51,63,46,100,44,24.2,223,222,38.7,44.6,1,3600.00,996.8,982.7
2022-11-17T14:00,11.1,0.80,84,8.4,8.5,0.80,0.00,0.00,53,98,94,80,16,14.8,233,229,24.7,53.3,1,571.27,996.7,982.7
2022-11-17T15:00,11.7,0.00,79,8.2,9.7,0.00,0.00,0.00,3,100,94,100,15,10.4,219,214,17.7,30.2,1,3600.00,996.3,982.3
2022-11-17T16:00,10.9,0.00,83,8.1,9.5,0.00,0.00,0.00,3,100,24,29,100,6.0,178,147,13.3,22.0,1,0.00,996.2,982.2
2022-11-17T17:00,10.3,2.80,87,8.2,8.4,2.80,0.00,0.00,63,80,65,40,33,9.4,190,178,20.8,30.6,0,0.00,996.0,982.0
2022-11-17T18:00,10.3,6.50,87,8.2,7.6,6.50,0.00,0.00,63,100,100,70,58,15.1,242,242,28.5,32.8,0,0.00,996.8,982.7
2022-11-17T19:00,10.1,0.90,88,8.1,8.3,0.90,0.00,0.00,53,98,97,35,20,8.7,227,218,19.6,32.0,0,0.00,997.0,982.9
2022-11-17T20:00,9.4,1.00,91,8.1,7.8,1.00,0.00,0.00,55,100,100,91,69,7.8,223,214,18.6,19.1,0,0.00,997.4,983.3
2022-11-17T21:00,9.3,0.60,94,8.5,7.5,0.60,0.00,0.00,53,100,100,63,92,9.8,225,216,19.9,21.6,0,0.00,997.8,983.7
2022-11-17T22:00,9.0,0.20,96,8.4,7.6,0.20,0.00,0.00,51,100,99,32,73,6.8,213,198,16.4,20.5,0,0.00,997.9,983.8
2022-11-17T23:00,9.1,0.10,95,8.3,7.4,0.10,0.00,0.00,51,100,100,31,44,8.6,213,202,19.0,18.4,0,0.00,998.1,984.0
2022-11-18T00:00,8.8,0.20,95,8.1,6.9,0.20,0.00,0.00,51,100,100,91,100,9.7,214,207,19.5,19.8,0,0.00,998.5,984.3
2022-11-18T01:00,8.3,0.60,93,7.3,6.8,0.60,0.00,0.00,53,100,100,51,37,5.2,189,155,13.1,20.2,0,0.00,998.4,984.2
2022-11-18T02:00,8.3,1.40,95,7.5,6.4,1.40,0.00,0.00,61,100,100,98,52,8.6,190,158,16.5,17.6,0,0.00,998.4,984.2
2022-11-18T03:00,8.5,1.70,94,7.6,6.8,1.70,0.00,0.00,61,100,100,100,100,7.2,197,177,15.8,18.0,0,0.00,999.1,984.9
2022-11-18T04:00,8.5,1.10,94,7.7,6.4,1.10,0.00,0.00,55,100,100,100,79,10.0,225,218,19.9,21.2,0,0.00,999.2,985.0
2022-11-18T05:00,8.3,1.40,96,7.7,6.0,1.40,0.00,0.00,61,100,100,100,92,12.1,244,243,21.6,24.1,0,0.00,1000.0,985.8
2022-11-18T06:00,8.4,0.70,94,7.6,6.4,0.70,0.00,0.00,53,100,100,99,27,9.8,259,253,18.7,25.2,0,0.00,1000.5,986.3
2022-11-18T07:00,8.3,0.60,94,7.3,6.0,0.60,0.00,0.00,53,100,97,100,96,10.9,255,253,21.6,23.0,0,0.00,1001.2,987.0
2022-11-18T08:00,8.3,0.40,93,7.2,6.0,0.40,0.00,0.00,51,100,98,100,34,10.9,247,243,21.5,24.8,1,0.00,1002.0,987.8
2022-11-18T09:00,8.4,0.40,94,7.5,6.3,0.40,0.00,0.00,51,100,100,99,99,10.4,242,236,19.2,23.0,1,0.00,1002.8,988.6
2022-11-18T10:00,8.6,0.20,91,7.2,6.2,0.20,0.00,0.00,51,100,84,99,96,11.3,241,239,18.0,22.7,1,0.00,1003.2,989.0
2022-11-18T11:00,9.5,0.10,87,7.5,7.3,0.10,0.00,0.00,51,100,37,99,100,10.6,255,252,15.3,25.9,1,368.54,1003.7,989.5
2022-11-18T12:00,9.8,0.10,85,7.5,7.6,0.10,0.00,0.00,51,100,24,98,100,10.9,267,264,15.1,25.9,1,156.80,1003.9,989.7
2022-11-18T13:00,9.8,0.10,90,8.2,7.6,0.10,0.00,0.00,51,92,98,43,62,11.3,251,248,17.5,23.4,1,284.59,1004.6,990.4
2022-11-18T14:00,9.9,0.60,81,6.8,7.0,0.60,0.00,0.00,53,99,98,46,11,14.2,251,249,20.9,30.2,1,1888.24,1004.9,990.7
2022-11-18T15:00,10.0,0.00,79,6.6,7.5,0.00,0.00,0.00,0,19,3,12,12,11.5,239,238,18.4,29.5,1,3600.00,1004.8,990.6
2022-11-18T16:00,9.3,0.00,82,6.5,6.9,0.00,0.00,0.00,1,20,0,17,8,10.2,243,238,20.1,23.8,1,3600.00,1005.2,991.0
2022-11-18T17:00,7.8,0.00,89,6.1,5.4,0.00,0.00,0.00,2,74,30,72,3,9.4,245,238,21.9,21.2,0,0.00,1005.8,991.5
2022-11-18T18:00,7.4,0.00,91,6.0,5.0,0.00,0.00,0.00,3,99,99,25,18,9.1,244,236,21.6,20.2,0,0.00,1006.5,992.2
2022-11-18T19:00,7.2,0.00,93,6.1,4.5,0.00,0.00,0.00,3,100,99,82,33,11.8,237,232,24.2,24.1,0,0.00,1006.9,992.5
2022-11-18T20:00,6.9,0.20,94,6.0,4.5,0.20,0.00,0.00,51,89,0,86,49,9.4,234,230,20.9,24.5,0,0.00,1007.3,992.9
2022-11-18T21:00,6.6,2.80,93,5.6,4.3,2.80,0.00,0.00,63,100,100,80,100,8.7,223,210,18.3,19.4,0,0.00,1007.7,993.3
2022-11-18T22:00,6.8,0.40,95,6.0,5.0,0.40,0.00,0.00,51,100,60,100,100,5.3,226,208,13.5,19.1,0,0.00,1008.2,993.8
2022-11-18T23:00,6.7,2.60,95,5.9,4.4,2.60,0.00,0.00,63,100,0,100,100,8.7,214,204,15.3,17.3,0,0.00,1008.3,993.9
2022-11-19T00:00,6.2,1.10,94,5.4,3.6,1.10,0.00,0.00,55,100,2,97,100,10.0,215,206,18.1,21.2,0,0.00,1008.6,994.2
2022-11-19T01:00,7.3,0.20,91,6.0,5.6,0.20,0.00,0.00,51,100,5,71,100,5.1,245,231,11.1,20.2,0,0.00,1008.3,993.9
2022-11-19T02:00,7.4,1.00,95,6.7,5.3,1.00,0.00,0.00,55,88,0,45,83,8.5,245,242,16.3,17.6,0,0.00,1008.2,993.8
2022-11-19T03:00,7.3,0.80,93,6.2,5.3,0.80,0.00,0.00,53,96,0,26,94,7.0,247,235,14.8,18.0,0,0.00,1008.4,994.0
2022-11-19T04:00,6.6,0.80,93,5.5,4.8,0.80,0.00,0.00,53,74,0,57,49,4.4,232,215,11.8,14.8,0,0.00,1008.6,994.2
2022-11-19T05:00,6.2,1.00,92,5.0,4.3,1.00,0.00,0.00,55,95,0,80,77,5.1,243,231,12.6,10.1,0,0.00,1008.8,994.4
2022-11-19T06:00,6.2,0.90,93,5.2,4.0,0.90,0.00,0.00,53,99,0,95,74,7.1,234,221,15.5,15.1,0,0.00,1009.2,994.8
2022-11-19T07:00,6.5,0.40,97,6.1,4.4,0.40,0.00,0.00,51,100,0,68,100,7.4,230,219,15.6,14.4,0,0.00,1009.5,995.1
2022-11-19T08:00,6.9,0.10,97,6.5,4.4,0.10,0.00,0.00,51,100,0,100,100,10.9,232,226,20.0,21.2,1,0.00,1009.7,995.3
2022-11-19T09:00,7.3,0.40,96,6.7,4.8,0.40,0.00,0.00,51,100,0,100,100,11.3,236,233,19.5,23.8,1,0.00,1010.2,995.8
2022-11-19T10:00,7.4,0.40,96,6.7,5.0,0.40,0.00,0.00,51,100,0,95,100,10.8,236,233,17.9,24.1,1,0.00,1010.3,995.9
2022-11-19T11:00,7.4,0.30,96,6.7,5.0,0.30,0.00,0.00,51,100,0,100,100,10.5,232,229,18.2,22.7,1,0.00,1010.7,996.3
2022-11-19T12:00,7.9,0.30,93,6.8,5.3,0.30,0.00,0.00,51,100,0,100,100,12.1,247,247,19.2,25.9,1,0.00,1010.5,996.1
2022-11-19T13:00,5.7,0.30,96,5.1,3.1,0.30,0.00,0.00,51,100,0,100,100,9.4,323,310,13.9,25.9,1,0.00,1011.1,996.6
2022-11-19T14:00,5.9,0.40,95,5.2,3.5,0.40,0.00,0.00,51,100,0,81,100,8.1,321,315,12.0,21.2,1,0.00,1010.9,996.4
2022-11-19T15:00,5.8,0.80,94,4.8,3.3,0.80,0.00,0.00,53,100,8,98,100,8.4,322,313,11.8,18.7,1,0.00,1011.4,996.9
2022-11-19T16:00,4.9,0.40,95,4.1,2.2,0.40,0.00,0.00,51,100,0,100,100,8.7,316,308,12.5,18.7,1,0.00,1011.8,997.3
2022-11-19T17:00,4.5,0.20,95,3.8,1.9,0.20,0.00,0.00,51,100,0,100,100,7.2,316,307,10.4,19.4,0,0.00,1012.0,997.4
2022-11-19T18:00,4.5,0.20,94,3.6,2.0,0.20,0.00,0.00,51,100,0,72,100,6.8,304,295,9.6,15.8,0,0.00,1012.3,997.7
2022-11-19T19:00,4.4,0.20,94,3.4,1.8,0.20,0.00,0.00,51,100,0,92,100,6.8,311,302,10.0,15.8,0,0.00,1012.7,998.1
2022-11-19T20:00,4.3,0.10,95,3.5,2.0,0.10,0.00,0.00,51,100,0,71,100,5.2,303,286,7.3,15.1,0,0.00,1012.9,998.3
2022-11-19T21:00,4.3,0.20,95,3.5,2.3,0.20,0.00,0.00,51,100,0,100,100,3.0,297,284,4.0,12.6,0,0.00,1013.1,998.5
2022-11-19T22:00,4.2,0.70,95,3.5,2.4,0.70,0.00,0.00,53,100,0,100,100,2.2,261,270,2.2,9.0,0,0.00,1013.3,998.7
2022-11-19T23:00,4.2,1.10,96,3.6,2.3,1.10,0.00,0.00,55,100,0,100,100,2.1,220,239,2.8,7.6,0,0.00,1013.2,998.6
2022-11-20T00:00,4.1,1.40,96,3.5,2.2,1.40,0.00,0.00,61,100,0,100,100,2.5,259,262,3.7,9.0,0,0.00,1013.3,998.7
2022-11-20T01:00,2.9,0.70,94,2.1,1.0,0.70,0.00,0.00,53,100,0,100,100,0.8,284,27,1.5,9.4,0,0.00,1013.3,998.6
2022-11-20T02:00,3.4,0.10,93,2.3,1.3,0.10,0.00,0.00,51,100,0,85,100,2.2,276,270,3.6,8.3,0,0.00,1013.1,998.5
2022-11-20T03:00,3.7,0.00,91,2.4,1.7,0.00,0.00,0.00,3,100,0,100,100,2.2,261,261,2.2,10.4,0,0.00,1013.0,998.4
2022-11-20T04:00,3.9,0.00,93,2.8,1.7,0.00,0.00,0.00,3,100,0,79,100,3.7,194,191,4.5,9.7,0,0.00,1012.7,998.1
2022-11-20T05:00,4.4,0.80,95,3.7,2.5,0.80,0.00,0.00,53,100,0,100,100,2.9,232,240,8.2,10.8,0,0.00,1012.6,998.0
2022-11-20T06:00,5.1,1.60,97,4.7,2.9,1.60,0.00,0.00,61,100,0,98,100,6.6,237,241,15.1,14.8,0,0.00,1012.3,997.8
2022-11-20T07:00,5.8,0.90,98,5.5,2.9,0.90,0.00,0.00,53,100,0,100,100,12.6,238,233,24.1,25.9,0,0.00,1012.2,997.7
2022-11-20T08:00,6.0,0.60,96,5.4,2.8,0.60,0.00,0.00,53,100,0,55,100,14.0,232,228,24.3,28.8,1,0.00,1012.0,997.5
2022-11-20T09:00,6.1,0.10,94,5.3,2.7,0.10,0.00,0.00,51,100,37,100,100,15.6,234,232,26.3,32.0,1,0.00,1012.5,998.0
2022-11-20T10:00,6.3,0.10,95,5.6,2.8,0.10,0.00,0.00,51,100,0,99,100,16.7,235,233,27.7,34.9,1,0.00,1012.6,998.1
2022-11-20T11:00,7.1,0.00,94,6.2,4.0,0.00,0.00,0.00,3,100,3,87,100,14.4,243,238,23.8,34.2,1,0.00,1012.6,998.2
2022-11-20T12:00,7.5,0.10,91,6.1,4.1,0.10,0.00,0.00,51,100,0,96,100,16.5,237,234,26.3,36.0,1,0.00,1012.4,998.0
2022-11-20T13:00,8.0,1.20,91,6.6,5.0,1.20,0.00,0.00,55,100,0,70,50,15.0,247,246,23.9,37.4,1,0.00,1012.0,997.6
2022-11-20T14:00,8.1,0.10,85,5.7,4.5,0.10,0.00,0.00,51,100,0,100,36,17.1,242,240,26.6,38.5,1,3600.00,1011.9,997.5
2022-11-20T15:00,7.7,0.00,82,4.9,4.3,0.00,0.00,0.00,3,97,2,97,20,14.6,234,230,25.0,36.0,1,523.26,1011.1,996.7
2022-11-20T16:00,7.5,0.00,78,4.0,3.8,0.00,0.00,0.00,3,98,97,28,16,15.1,233,230,26.7,31.7,1,1026.57,1010.9,996.5
2022-11-20T17:00,6.5,0.00,81,3.5,3.1,0.00,0.00,0.00,3,100,99,99,21,12.7,232,227,25.1,31.7,0,0.00,1010.7,996.3
2022-11-20T18:00,6.5,0.30,83,3.7,3.1,0.30,0.00,0.00,51,100,14,100,20,12.6,223,217,24.7,27.0,0,0.00,1010.1,995.7
2022-11-20T19:00,6.4,0.90,84,3.9,3.0,0.90,0.00,0.00,53,100,97,100,38,13.0,208,204,23.2,27.7,0,0.00,1009.5,995.1
2022-11-20T20:00,6.2,0.20,89,4.4,2.3,0.20,0.00,0.00,51,100,75,100,100,17.4,213,207,31.3,36.0,0,0.00,1008.9,994.5
2022-11-20T21:00,6.2,0.10,87,4.2,1.7,0.10,0.00,0.00,51,100,81,98,100,21.7,223,222,36.4,45.0,0,0.00,1008.5,994.1
2022-11-20T22:00,6.2,0.20,90,4.6,1.5,0.20,0.00,0.00,51,100,0,76,100,23.1,232,231,38.2,49.7,0,0.00,1008.3,993.9
2022-11-20T23:00,6.1,0.00,92,4.9,2.1,0.00,0.00,0.00,3,93,9,80,60,19.3,236,233,32.9,47.5,0,0.00,1008.5,994.1
2022-11-21T00:00,6.4,0.00,91,5.0,2.5,0.00,0.00,0.00,3,96,39,53,84,18.2,240,236,30.8,40.3,0,0.00,1008.5,994.1
2022-11-21T01:00,6.6,0.00,90,5.1,2.2,0.00,0.00,0.00,3,100,94,96,57,22.1,241,240,37.4,41.8,0,0.00,1008.5,994.1
2022-11-21T02:00,6.7,0.10,90,5.1,2.7,0.10,0.00,0.00,51,100,13,100,32,18.6,237,234,32.6,47.9,0,0.00,1008.1,993.7
2022-11-21T03:00,5.9,0.00,92,4.7,1.8,0.00,0.00,0.00,3,100,0,54,100,19.2,234,232,33.0,40.0,0,0.00,1008.0,993.6
2022-11-21T04:00,5.5,0.00,91,4.2,1.4,0.00,0.00,0.00,3,100,0,31,100,18.7,236,232,31.4,40.3,0,0.00,1008.1,993.6
2022-11-21T05:00,5.4,0.00,91,4.1,1.9,0.00,0.00,0.00,3,81,0,27,74,14.8,237,236,26.1,38.9,0,0.00,1007.8,993.3
2022-11-21T06:00,4.8,0.00,95,4.0,1.8,0.00,0.00,0.00,1,49,0,19,37,10.3,238,234,21.2,30.2,0,0.00,1007.7,993.2
2022-11-21T07:00,4.0,0.00,96,3.4,1.3,0.00,0.00,0.00,2,52,0,7,48,8.3,233,214,18.5,22.0,0,0.00,1008.1,993.6
2022-11-21T08:00,4.4,0.20,94,3.5,1.8,0.20,0.00,0.00,51,72,7,31,61,7.2,235,217,17.1,17.6,1,0.00,1008.3,993.8
2022-11-21T09:00,5.7,0.70,92,4.5,2.5,0.70,0.00,0.00,53,45,0,12,41,12.3,238,232,22.2,23.8,1,1030.59,1008.5,994.0
2022-11-21T10:00,6.2,0.50,88,4.4,2.3,0.50,0.00,0.00,53,55,0,28,52,17.4,246,246,26.4,37.1,1,3422.61,1008.2,993.8
2022-11-21T11:00,7.0,0.10,83,4.3,3.9,0.10,0.00,0.00,51,24,7,10,16,11.9,247,245,18.4,37.4,1,3600.00,1007.9,993.5
2022-11-21T12:00,8.1,0.00,75,4.0,4.8,0.00,0.00,0.00,3,94,0,0,94,13.0,247,246,18.1,28.1,1,3600.00,1006.9,992.6
2022-11-21T13:00,8.0,0.10,85,5.5,5.3,0.10,0.00,0.00,51,98,0,21,95,10.6,214,208,15.3,28.1,1,3600.00,1005.6,991.3
2022-11-21T14:00,8.2,0.10,82,5.3,5.2,0.10,0.00,0.00,51,100,100,17,24,12.1,212,210,17.0,26.6,1,3600.00,1004.5,990.2
2022-11-21T15:00,8.0,0.10,82,5.2,5.6,0.10,0.00,0.00,51,100,100,63,21,8.0,177,172,12.3,27.0,1,2037.99,1003.4,989.1
2022-11-21T16:00,7.5,0.00,82,4.6,5.3,0.00,0.00,0.00,3,97,43,81,85,6.5,161,146,14.1,16.2,1,0.00,1002.2,987.9
2022-11-21T17:00,6.9,0.00,79,3.6,3.9,0.00,0.00,0.00,3,100,100,100,0,10.3,114,102,20.5,19.4,0,0.00,1000.5,986.2
2022-11-21T18:00,6.3,0.00,79,3.0,2.9,0.00,0.00,0.00,3,100,100,100,0,12.3,113,111,26.3,25.6,0,0.00,999.6,985.3
2022-11-21T19:00,6.0,0.00,82,3.2,2.2,0.00,0.00,0.00,3,100,100,100,0,15.3,117,109,29.1,30.2,0,0.00,999.0,984.7
2022-11-21T20:00,6.1,0.00,80,2.9,2.3,0.00,0.00,0.00,3,100,100,100,0,14.8,119,113,28.5,31.0,0,0.00,998.4,984.1
2022-11-21T21:00,6.1,0.00,79,2.6,2.0,0.00,0.00,0.00,3,100,100,100,1,16.1,124,117,29.9,32.8,0,0.00,998.1,983.8
2022-11-21T22:00,5.9,0.30,80,2.8,2.0,0.30,0.00,0.00,51,100,100,100,0,15.4,130,123,28.6,33.8,0,0.00,997.5,983.2
2022-11-21T23:00,5.6,0.60,88,3.7,2.1,0.60,0.00,0.00,53,100,100,100,5,14.1,133,122,26.7,30.6,0,0.00,997.2,982.9
2022-11-22T00:00,5.7,0.80,89,4.0,2.3,0.80,0.00,0.00,53,100,100,100,23,13.3,141,128,25.4,28.1,0,0.00,997.0,982.7
2022-11-22T01:00,6.5,1.30,87,4.5,3.1,1.30,0.00,0.00,61,100,100,87,100,14.1,155,148,26.6,29.9,0,0.00,997.0,982.8
2022-11-22T02:00,6.8,0.00,87,4.7,3.8,0.00,0.00,0.00,3,100,100,98,100,11.7,159,146,22.8,28.1,0,0.00,996.7,982.5
2022-11-22T03:00,7.0,0.00,88,5.1,4.3,0.00,0.00,0.00,3,100,100,91,45,9.7,202,184,19.9,23.0,0,0.00,997.2,983.0
2022-11-22T04:00,6.6,0.00,94,5.7,4.2,0.00,0.00,0.00,3,100,100,97,12,9.0,213,196,20.1,20.9,0,0.00,997.4,983.1
2022-11-22T05:00,6.3,0.00,96,5.6,3.5,0.00,0.00,0.00,3,100,100,5,34,11.4,218,208,23.3,24.1,0,0.00,998.1,983.8
2022-11-22T06:00,6.3,0.00,95,5.6,3.3,0.00,0.00,0.00,3,100,100,41,100,13.0,228,222,24.7,26.6,0,0.00,998.5,984.2
2022-11-22T07:00,6.1,0.00,94,5.3,3.4,0.00,0.00,0.00,3,100,100,16,100,10.4,231,226,20.2,28.1,0,0.00,998.8,984.5
2022-11-22T08:00,5.9,0.00,94,4.9,3.2,0.00,0.00,0.00,3,100,100,36,38,9.9,229,224,19.9,22.7,1,0.00,999.7,985.4
2022-11-22T09:00,6.1,0.00,91,4.8,3.1,0.00,0.00,0.00,3,100,100,79,31,11.8,226,220,21.9,24.8,1,49.76,1000.4,986.1
2022-11-22T10:00,6.8,0.00,86,4.6,3.4,0.00,0.00,0.00,3,100,100,92,45,14.3,229,227,23.0,31.3,1,120.78,1000.7,986.4
2022-11-22T11:00,7.3,0.00,83,4.7,4.2,0.00,0.00,0.00,3,100,100,19,24,12.8,231,232,20.2,29.9,1,0.00,1000.7,986.4
2022-11-22T12:00,8.0,0.10,79,4.6,4.2,0.10,0.00,0.00,51,100,100,83,29,16.8,227,227,24.2,35.3,1,3600.00,1000.6,986.4
2022-11-22T13:00,8.0,0.20,75,3.8,4.4,0.20,0.00,0.00,51,100,99,32,15,14.2,202,201,22.1,38.9,1,1151.21,1000.3,986.1
2022-11-22T14:00,9.0,0.00,66,2.9,4.5,0.00,0.00,0.00,3,100,100,37,49,19.4,212,211,28.8,43.9,1,3600.00,999.8,985.6
2022-11-22T15:00,8.8,0.00,68,3.2,5.0,0.00,0.00,0.00,3,100,100,38,46,15.3,205,204,24.6,39.6,1,3588.94,999.7,985.5
2022-11-22T16:00,8.2,0.00,70,3.1,4.7,0.00,0.00,0.00,3,100,100,80,100,13.2,212,209,24.1,32.8,1,1521.55,999.9,985.7
2022-11-22T17:00,8.2,0.00,69,2.9,4.4,0.00,0.00,0.00,3,100,100,100,100,14.8,202,198,25.5,31.0,0,0.00,1000.5,986.3
2022-11-22T18:00,7.7,0.30,75,3.6,4.0,0.30,0.00,0.00,51,100,100,100,100,15.2,198,194,26.1,31.0,0,0.00,1001.2,987.0
2022-11-22T19:00,7.1,0.40,82,4.2,3.8,0.40,0.00,0.00,51,100,98,59,99,13.0,214,208,23.1,31.0,0,0.00,1001.5,987.2
2022-11-22T20:00,6.9,0.20,90,5.3,3.9,0.20,0.00,0.00,51,98,97,9,37,12.4,218,210,23.8,27.0,0,0.00,1001.9,987.6
2022-11-22T21:00,6.4,0.00,91,5.0,3.6,0.00,0.00,0.00,3,95,91,12,38,11.3,215,207,23.3,26.6,0,0.00,1002.5,988.2
2022-11-22T22:00,6.4,0.00,90,4.9,3.6,0.00,0.00,0.00,2,62,42,6,34,10.6,215,208,22.5,24.5,0,0.00,1002.9,988.6
2022-11-22T23:00,5.9,0.00,90,4.4,3.1,0.00,0.00,0.00,2,52,0,8,52,10.0,219,210,22.5,23.0,0,0.00,1003.2,988.8
2022-11-23T00:00,5.9,0.00,89,4.3,3.0,0.00,0.00,0.00,2,53,0,19,52,10.6,218,208,22.3,22.7,0,0.00,1003.6,989.2
2022-11-23T01:00,6.8,0.00,84,4.2,3.9,0.00,0.00,0.00,1,49,0,57,51,10.1,207,197,21.1,22.7,0,0.00,1003.4,989.1
2022-11-23T02:00,6.3,0.00,86,4.1,3.5,0.00,0.00,0.00,3,94,0,92,37,9.3,216,208,21.7,21.6,0,0.00,1003.5,989.1
2022-11-23T03:00,5.9,0.00,89,4.1,3.1,0.00,0.00,0.00,2,50,0,23,41,9.6,222,214,22.2,21.2,0,0.00,1003.8,989.4
2022-11-23T04:00,5.5,0.00,90,4.0,2.7,0.00,0.00,0.00,1,35,0,3,34,9.3,210,196,20.8,21.2,0,0.00,1003.9,989.5
2022-11-23T05:00,4.7,0.00,92,3.6,2.0,0.00,0.00,0.00,1,29,0,2,27,8.0,204,185,20.1,20.2,0,0.00,1003.8,989.4
2022-11-23T06:00,4.2,0.00,92,3.1,1.7,0.00,0.00,0.00,2,65,0,14,60,6.6,199,171,17.5,18.0,0,0.00,1003.8,989.3
2022-11-23T07:00,4.5,0.00,92,3.3,2.0,0.00,0.00,0.00,3,100,0,14,100,6.3,188,149,14.9,15.1,0,0.00,1003.9,989.4
2022-11-23T08:00,4.9,0.00,90,3.4,2.2,0.00,0.00,0.00,1,31,0,0,31,7.9,170,141,15.0,15.8,1,0.00,1003.9,989.5
2022-11-23T09:00,4.9,0.00,89,3.2,1.9,0.00,0.00,0.00,1,23,0,0,23,9.5,156,127,16.9,18.4,1,2069.01,1004.1,989.7
2022-11-23T10:00,6.1,0.00,87,4.1,3.5,0.00,0.00,0.00,0,10,0,0,9,8.4,151,115,17.7,18.7,1,3600.00,1004.3,989.9
2022-11-23T11:00,7.8,0.00,80,4.5,5.5,0.00,0.00,0.00,0,0,0,0,0,6.4,141,133,10.2,17.6,1,3600.00,1004.0,989.7
2022-11-23T12:00,9.0,0.00,74,4.6,6.7,0.00,0.00,0.00,0,0,0,0,0,6.9,137,133,9.4,17.3,1,3600.00,1003.5,989.3
2022-11-23T13:00,10.1,0.00,67,4.2,7.4,0.00,0.00,0.00,0,0,0,0,0,9.2,140,138,12.3,19.4,1,3600.00,1003.1,988.9
2022-11-23T14:00,10.7,0.00,63,4.1,7.9,0.00,0.00,0.00,0,0,0,0,0,9.9,148,147,14.4,22.0,1,3600.00,1002.4,988.3
2022-11-23T15:00,10.7,0.00,60,3.2,7.7,0.00,0.00,0.00,0,0,0,0,0,9.2,155,149,17.1,21.6,1,3600.00,1001.7,987.6
2022-11-23T16:00,9.1,0.00,62,2.2,5.6,0.00,0.00,0.00,0,17,0,17,0,11.8,148,142,24.6,24.5,1,3451.88,1001.4,987.2
2022-11-23T17:00,8.0,0.00,66,2.1,4.4,0.00,0.00,0.00,3,100,100,100,39,12.5,148,136,26.9,26.3,0,0.00,1001.6,987.4
2022-11-23T18:00,8.7,0.10,66,2.7,4.8,0.10,0.00,0.00,51,100,100,100,99,15.1,182,177,28.1,30.6,0,0.00,1002.9,988.7
2022-11-23T19:00,7.8,1.30,83,5.2,5.0,1.30,0.00,0.00,61,100,100,100,100,11.2,197,184,21.9,31.7,0,0.00,1003.5,989.2
2022-11-23T20:00,7.7,0.30,85,5.4,4.7,0.30,0.00,0.00,51,100,20,100,100,12.9,205,198,24.3,25.9,0,0.00,1004.0,989.7
2022-11-23T21:00,7.9,0.00,91,6.6,4.6,0.00,0.00,0.00,3,100,0,67,100,16.6,239,236,28.9,34.2,0,0.00,1005.1,990.8
2022-11-23T22:00,8.3,0.00,91,6.8,5.3,0.00,0.00,0.00,0,13,0,0,13,14.5,254,247,26.7,34.2,0,0.00,1006.5,992.2
2022-11-23T23:00,7.5,0.00,92,6.4,4.4,0.00,0.00,0.00,3,100,0,4,100,15.1,245,242,28.7,32.0,0,0.00,1008.1,993.7
2022-11-24T00:00,8.1,0.10,93,7.0,5.1,0.10,0.00,0.00,51,100,0,6,100,15.1,233,230,27.2,31.7,0,0.00,1008.9,994.6
2022-11-24T01:00,7.3,0.00,94,6.4,4.6,0.00,0.00,0.00,3,100,0,8,32,12.2,223,214,25.7,33.8,0,0.00,1009.5,995.1
2022-11-24T02:00,7.4,0.10,93,6.4,4.3,0.10,0.00,0.00,51,27,0,13,17,14.8,236,231,28.6,31.3,0,0.00,1010.0,995.6
2022-11-24T03:00,7.2,0.10,93,6.1,4.1,0.10,0.00,0.00,51,23,0,4,19,14.8,235,231,28.7,33.5,0,0.00,1010.6,996.2
2022-11-24T04:00,6.8,0.00,94,5.9,4.0,0.00,0.00,0.00,1,37,0,8,31,12.0,229,221,24.5,31.7,0,0.00,1011.0,996.6
2022-11-24T05:00,6.7,0.00,94,5.7,3.9,0.00,0.00,0.00,1,35,0,3,33,11.6,226,216,24.2,25.9,0,0.00,1011.4,997.0
2022-11-24T06:00,6.6,0.10,93,5.6,3.6,0.10,0.00,0.00,51,62,21,25,44,12.5,226,219,25.0,26.6,0,0.00,1012.1,997.6
2022-11-24T07:00,6.7,1.30,93,5.6,3.4,1.30,0.00,0.00,61,100,99,93,100,14.7,236,234,27.8,31.3,0,0.00,1012.8,998.3
2022-11-24T08:00,6.9,1.10,92,5.8,3.8,1.10,0.00,0.00,55,100,100,100,100,14.0,228,224,25.5,32.4,1,0.00,1013.3,998.8
2022-11-24T09:00,7.2,0.50,91,5.7,3.9,0.50,0.00,0.00,53,100,22,65,100,14.8,223,219,26.7,31.0,1,0.00,1013.8,999.3
2022-11-24T10:00,7.5,0.10,91,6.2,4.0,0.10,0.00,0.00,51,100,0,64,100,17.4,233,232,29.6,36.0,1,0.00,1014.3,999.9
2022-11-24T11:00,7.8,0.00,91,6.5,4.3,0.00,0.00,0.00,2,71,0,9,71,17.4,232,230,27.9,36.4,1,0.00,1014.8,1000.4
2022-11-24T12:00,8.7,0.20,88,6.8,5.1,0.20,0.00,0.00,51,53,0,5,53,19.3,241,241,29.2,42.8,1,3600.00,1014.8,1000.4
2022-11-24T13:00,9.6,1.10,83,6.9,6.5,1.10,0.00,0.00,55,49,0,23,47,15.9,233,232,24.2,42.5,1,3600.00,1015.1,1000.8
2022-11-24T14:00,10.3,0.00,80,6.9,7.3,0.00,0.00,0.00,1,24,0,11,15,15.0,241,240,22.6,36.4,1,3600.00,1015.3,1001.0
2022-11-24T15:00,10.2,0.00,78,6.5,7.4,0.00,0.00,0.00,1,22,0,4,19,12.9,246,243,20.9,35.6,1,3600.00,1015.3,1001.0
2022-11-24T16:00,9.2,0.00,84,6.6,7.0,0.00,0.00,0.00,1,22,0,0,22,9.2,231,222,18.9,26.3,1,3389.30,1015.7,1001.3
2022-11-24T17:00,7.5,0.00,91,6.1,5.4,0.00,0.00,0.00,0,4,0,0,4,7.3,214,191,17.9,19.4,0,0.00,1016.0,1001.5
2022-11-24T18:00,6.7,0.00,92,5.4,4.5,0.00,0.00,0.00,0,14,0,0,14,7.2,204,174,17.4,15.1,0,0.00,1016.2,1001.7
2022-11-24T19:00,6.3,0.00,91,4.9,4.0,0.00,0.00,0.00,1,37,1,0,37,6.8,189,155,16.0,14.8,0,0.00,1016.2,1001.7
2022-11-24T20:00,6.0,0.00,90,4.5,3.6,0.00,0.00,0.00,1,40,21,0,24,7.3,184,147,17.0,14.8,0,0.00,1016.4,1001.8
2022-11-24T21:00,5.5,0.00,89,3.8,3.1,0.00,0.00,0.00,3,81,81,0,0,6.4,183,133,14.8,14.8,0,0.00,1016.2,1001.6
2022-11-24T22:00,4.6,0.00,90,3.2,2.2,0.00,0.00,0.00,3,89,89,0,0,5.9,189,142,14.2,13.0,0,0.00,1016.5,1001.9
2022-11-24T23:00,4.0,0.00,91,2.7,1.5,0.00,0.00,0.00,2,55,55,0,0,5.7,177,125,12.3,12.2,0,0.00,1016.6,1001.9
2022-11-25T00:00,3.4,0.00,93,2.3,0.7,0.00,0.00,0.00,2,50,49,7,0,6.8,164,115,12.8,13.0,0,0.00,1016.7,1002.0
2022-11-25T01:00,4.3,0.00,93,3.2,1.7,0.00,0.00,0.00,1,28,17,11,0,7.4,171,133,16.0,15.8,0,0.00,1016.6,1002.0
2022-11-25T02:00,3.7,0.00,94,2.7,0.7,0.00,0.00,0.00,3,94,20,94,0,8.6,154,123,17.6,16.2,0,0.00,1016.4,1001.7
2022-11-25T03:00,3.8,0.00,94,2.9,0.6,0.00,0.00,0.00,2,67,0,67,0,10.6,148,125,21.7,20.9,0,0.00,1016.5,1001.8
2022-11-25T04:00,3.6,0.00,94,2.6,0.3,0.00,0.00,0.00,3,87,20,84,0,10.6,145,118,21.2,20.9,0,0.00,1016.5,1001.8
2022-11-25T05:00,3.6,0.00,93,2.6,0.3,0.00,0.00,0.00,3,99,42,99,0,10.7,134,110,20.4,20.9,0,0.00,1016.0,1001.3
2022-11-25T06:00,3.4,0.00,93,2.3,0.2,0.00,0.00,0.00,3,85,80,28,0,9.8,133,118,21.1,20.9,0,0.00,1016.2,1001.5
2022-11-25T07:00,3.4,0.00,91,2.1,0.0,0.00,0.00,0.00,1,33,0,27,30,10.5,138,121,20.9,20.5,0,0.00,1016.4,1001.7
2022-11-25T08:00,2.6,0.00,93,1.5,-0.1,0.00,0.00,0.00,2,61,0,40,41,5.6,169,130,13.2,20.5,1,0.00,1017.1,1002.4
2022-11-25T09:00,4.3,0.00,87,2.4,1.4,0.00,0.00,0.00,2,76,14,74,2,8.2,201,139,15.4,16.6,1,1127.53,1017.8,1003.1
2022-11-25T10:00,6.4,0.10,83,3.8,3.6,0.10,0.00,0.00,51,100,83,100,100,9.4,216,178,21.4,18.7,1,3600.00,1018.3,1003.7
2022-11-25T11:00,6.7,0.70,90,5.2,3.7,0.70,0.00,0.00,53,93,22,91,17,12.2,220,208,22.2,26.3,1,0.00,1018.8,1004.2
2022-11-25T12:00,7.3,0.10,91,5.9,4.7,0.10,0.00,0.00,51,76,37,3,62,10.6,224,215,26.0,24.8,1,1223.39,1018.7,1004.2
2022-11-25T13:00,8.2,0.00,91,6.9,5.9,0.00,0.00,0.00,3,96,100,11,43,10.4,240,236,19.2,26.6,1,433.29,1018.9,1004.4
2022-11-25T14:00,9.3,0.00,90,7.7,7.4,0.00,0.00,0.00,3,100,100,11,25,8.7,234,225,17.0,24.8,1,1566.44,1019.4,1005.0
2022-11-25T15:00,9.5,0.10,89,7.8,7.5,0.10,0.00,0.00,51,100,100,15,13,9.7,232,228,17.7,20.2,1,3600.00,1019.8,1005.4
2022-11-25T16:00,8.6,0.10,92,7.3,6.7,0.10,0.00,0.00,51,71,58,13,28,8.4,237,230,19.3,20.2,1,3329.23,1020.6,1006.1
2022-11-25T17:00,7.9,0.00,92,6.7,5.8,0.00,0.00,0.00,2,77,69,13,23,8.4,240,227,20.0,18.7,0,0.00,1021.3,1006.8
2022-11-25T18:00,6.4,0.00,94,5.5,4.3,0.00,0.00,0.00,3,100,100,5,8,7.1,243,225,19.0,17.3,0,0.00,1022.0,1007.4
2022-11-25T19:00,5.8,0.00,95,5.0,3.6,0.00,0.00,0.00,1,27,24,2,2,6.4,245,227,18.7,14.8,0,0.00,1023.0,1008.3
2022-11-25T20:00,4.6,0.00,97,4.2,2.3,0.00,0.00,0.00,0,2,0,0,2,6.1,237,208,16.4,14.0,0,0.00,1023.9,1009.2
2022-11-25T21:00,4.0,0.00,98,3.7,1.7,0.00,0.00,0.00,1,33,6,17,17,5.8,237,210,15.9,13.0,0,0.00,1024.9,1010.1
2022-11-25T22:00,3.5,0.10,99,3.4,1.1,0.10,0.00,0.00,51,60,0,41,47,6.1,240,208,13.7,11.9,0,0.00,1025.8,1011.0
2022-11-25T23:00,3.7,0.10,99,3.5,1.3,0.10,0.00,0.00,51,56,0,27,49,5.6,232,195,11.8,11.9,0,0.00,1026.5,1011.7
2022-11-26T00:00,3.6,0.00,98,3.3,1.2,0.00,0.00,0.00,1,21,0,0,21,6.0,233,197,13.6,10.4,0,0.00,1026.9,1012.1
2022-11-26T01:00,4.8,0.00,96,4.2,2.6,0.00,0.00,0.00,1,25,0,0,22,5.4,217,184,11.3,10.4,0,0.00,1027.5,1012.7
2022-11-26T02:00,4.1,0.00,98,3.9,1.9,0.00,0.00,0.00,2,50,0,2,50,5.2,239,205,12.6,10.4,0,0.00,1028.2,1013.4
2022-11-26T03:00,4.7,0.00,98,4.4,2.6,0.00,0.00,0.00,3,100,0,0,100,4.6,258,219,11.8,9.4,0,0.00,1028.9,1014.1
2022-11-26T04:00,4.3,0.00,99,4.1,2.3,0.00,0.00,0.00,1,49,0,0,49,4.1,274,218,10.1,9.4,0,0.00,1029.5,1014.7
2022-11-26T05:00,4.2,0.00,99,4.0,2.3,0.00,0.00,0.00,1,48,0,0,48,3.2,262,180,5.1,8.3,0,0.00,1029.9,1015.1
2022-11-26T06:00,4.2,0.00,99,4.1,2.1,0.00,0.00,0.00,2,58,0,0,58,5.2,206,168,9.2,9.4,0,0.00,1030.2,1015.4
2022-11-26T07:00,4.3,0.00,100,4.2,2.2,0.00,0.00,0.00,3,100,0,0,100,4.7,205,171,12.7,10.4,0,0.00,1030.5,1015.7
2022-11-26T08:00,4.7,0.00,99,4.6,2.5,0.00,0.00,0.00,3,100,0,0,100,5.6,232,220,14.6,11.2,1,0.00,1031.4,1016.6
2022-11-26T09:00,5.2,0.00,98,4.9,3.0,0.00,0.00,0.00,3,100,9,0,100,6.1,240,225,11.6,13.3,1,0.00,1032.4,1017.6
2022-11-26T10:00,5.5,0.00,97,5.1,3.6,0.00,0.00,0.00,3,100,37,0,100,5.0,193,180,6.6,13.0,1,745.52,1032.5,1017.7
2022-11-26T11:00,6.4,0.00,95,5.7,4.1,0.00,0.00,0.00,3,100,93,0,100,8.1,198,201,10.2,18.0,1,1254.87,1032.7,1017.9
2022-11-26T12:00,7.3,0.00,90,5.7,4.9,0.00,0.00,0.00,3,100,96,0,100,9.6,212,214,12.8,21.6,1,1809.48,1032.7,1018.0
2022-11-26T13:00,8.1,0.00,84,5.6,5.7,0.00,0.00,0.00,3,100,7,0,100,8.7,231,232,11.5,21.6,1,1085.13,1032.3,1017.6
2022-11-26T14:00,8.2,0.00,83,5.5,6.0,0.00,0.00,0.00,3,100,97,0,100,7.7,234,233,10.3,19.8,1,3397.09,1032.3,1017.6
2022-11-26T15:00,7.8,0.00,84,5.3,5.7,0.00,0.00,0.00,3,100,99,0,100,6.3,239,239,9.7,17.6,1,2267.48,1032.3,1017.6
2022-11-26T16:00,7.3,0.00,87,5.3,5.6,0.00,0.00,0.00,3,100,100,0,100,3.7,211,191,8.4,13.3,1,482.71,1032.4,1017.7
2022-11-26T17:00,6.7,0.00,89,5.1,4.6,0.00,0.00,0.00,3,100,100,0,100,6.4,183,164,12.3,12.2,0,0.00,1032.1,1017.4
2022-11-26T18:00,6.3,0.00,90,4.8,4.2,0.00,0.00,0.00,3,100,100,0,86,5.5,175,157,11.6,13.3,0,0.00,1031.9,1017.1
2022-11-26T19:00,5.0,0.00,91,3.6,2.7,0.00,0.00,0.00,3,100,100,1,14,4.8,180,117,5.4,10.4,0,0.00,1031.9,1017.1
2022-11-26T20:00,3.5,0.00,94,2.6,1.1,0.00,0.00,0.00,3,100,100,4,3,5.2,157,115,5.5,8.6,0,0.00,1032.2,1017.3
2022-11-26T21:00,3.6,0.00,93,2.6,1.0,0.00,0.00,0.00,2,75,75,0,0,5.8,134,112,10.9,11.2,0,0.00,1031.7,1016.8
2022-11-26T22:00,2.9,0.00,95,2.1,0.2,0.00,0.00,0.00,3,82,80,8,0,6.2,125,100,14.0,12.6,0,0.00,1031.4,1016.5
2022-11-26T23:00,2.7,0.00,95,2.0,-0.1,0.00,0.00,0.00,1,21,18,4,0,6.9,117,96,15.8,13.7,0,0.00,1031.4,1016.5
2022-11-27T00:00,2.7,0.00,96,2.1,-0.3,0.00,0.00,0.00,3,99,99,0,0,8.7,115,97,19.0,16.6,0,0.00,1031.2,1016.3
2022-11-27T01:00,3.0,0.00,96,2.4,-0.1,0.00,0.00,0.00,3,100,16,0,1,8.9,114,104,20.1,22.7,0,0.00,1030.4,1015.5
2022-11-27T02:00,3.0,0.00,97,2.6,-0.5,0.00,0.00,0.00,2,62,61,0,2,12.4,114,107,26.1,24.1,0,0.00,1029.7,1014.8
2022-11-27T03:00,3.0,0.00,94,2.2,-0.6,0.00,0.00,0.00,2,68,68,0,0,12.1,121,113,25.5,25.9,0,0.00,1029.4,1014.5
2022-11-27T04:00,2.7,0.00,94,1.8,-0.9,0.00,0.00,0.00,1,49,47,0,3,11.9,123,115,25.3,24.8,0,0.00,1029.0,1014.1
2022-11-27T05:00,2.3,0.00,94,1.5,-1.3,0.00,0.00,0.00,1,22,16,0,6,11.8,127,121,24.4,24.1,0,0.00,1028.8,1013.9
2022-11-27T06:00,1.9,0.00,94,1.1,-1.6,0.00,0.00,0.00,0,2,0,1,0,10.0,130,128,22.2,23.8,0,0.00,1028.4,1013.5
2022-11-27T07:00,1.5,0.00,95,0.8,-1.8,0.00,0.00,0.00,3,85,7,85,2,8.8,129,125,20.0,20.5,0,0.00,1028.4,1013.4
2022-11-27T08:00,1.2,0.00,95,0.5,-2.0,0.00,0.00,0.00,0,19,4,14,2,8.0,129,126,18.4,18.0,1,0.00,1028.2,1013.2
2022-11-27T09:00,1.9,0.00,93,0.9,-1.6,0.00,0.00,0.00,1,48,39,8,8,10.3,123,119,19.8,20.9,1,1681.05,1027.6,1012.7
2022-11-27T10:00,3.4,0.00,88,1.5,0.2,0.00,0.00,0.00,2,77,24,67,17,8.7,122,128,12.8,22.3,1,3600.00,1027.5,1012.6
2022-11-27T11:00,4.9,0.00,84,2.4,1.9,0.00,0.00,0.00,3,88,33,81,8,8.9,118,122,14.3,21.2,1,3600.00,1026.6,1011.8
2022-11-27T12:00,6.1,0.00,81,3.1,3.1,0.00,0.00,0.00,3,100,66,100,7,9.1,122,124,13.6,21.2,1,3600.00,1025.5,1010.8
2022-11-27T13:00,6.3,0.00,81,3.3,3.5,0.00,0.00,0.00,3,87,64,98,10,7.9,129,129,12.5,22.0,1,3600.00,1024.6,1009.9
2022-11-27T14:00,7.4,0.00,78,3.8,4.9,0.00,0.00,0.00,3,100,89,98,10,7.1,144,150,10.3,19.8,1,3600.00,1023.9,1009.3
2022-11-27T15:00,7.4,0.00,79,3.9,4.8,0.00,0.00,0.00,3,100,96,100,8,7.7,133,131,13.2,16.2,1,189.20,1022.8,1008.2
2022-11-27T16:00,6.8,0.00,81,3.8,4.3,0.00,0.00,0.00,3,100,99,91,4,6.9,130,133,16.9,16.6,1,494.06,1022.1,1007.5
2022-11-27T17:00,5.8,0.00,84,3.4,3.2,0.00,0.00,0.00,3,100,100,97,4,7.4,133,129,18.6,15.1,0,0.00,1021.5,1006.9
2022-11-27T18:00,6.4,0.00,79,3.1,3.1,0.00,0.00,0.00,3,100,100,100,3,11.8,120,110,23.2,21.6,0,0.00,1020.6,1006.0
2022-11-27T19:00,6.7,0.00,74,2.5,3.0,0.00,0.00,0.00,3,100,100,100,0,13.6,117,112,25.9,27.4,0,0.00,1019.6,1005.0
2022-11-27T20:00,6.2,0.00,72,1.6,2.7,0.00,0.00,0.00,3,100,100,98,0,11.3,120,117,22.9,26.6,0,0.00,1019.4,1004.8
2022-11-27T21:00,5.7,0.00,69,0.5,1.7,0.00,0.00,0.00,3,100,100,100,0,13.6,114,107,25.6,26.3,0,0.00,1018.8,1004.2
2022-11-27T22:00,5.8,0.00,65,-0.3,1.5,0.00,0.00,0.00,3,100,100,93,0,14.3,113,108,26.6,28.1,0,0.00,1018.0,1003.4
2022-11-27T23:00,5.7,0.00,63,-0.7,1.4,0.00,0.00,0.00,3,100,100,94,0,14.0,113,108,26.6,29.2,0,0.00,1017.7,1003.1
2022-11-28T00:00,5.5,0.00,64,-0.7,1.3,0.00,0.00,0.00,3,100,100,100,0,13.9,112,107,26.3,27.4,0,0.00,1017.1,1002.5
2022-11-28T01:00,4.9,0.00,73,0.5,0.7,0.00,0.00,0.00,3,100,100,100,0,14.8,116,113,27.5,27.7,0,0.00,1016.4,1001.8
2022-11-28T02:00,5.0,0.00,74,0.7,1.3,0.00,0.00,0.00,3,100,100,100,0,11.6,119,112,22.2,29.2,0,0.00,1016.0,1001.4
2022-11-28T03:00,4.9,0.00,75,0.9,1.4,0.00,0.00,0.00,3,100,100,0,0,10.1,129,117,20.2,22.7,0,0.00,1015.7,1001.1
2022-11-28T04:00,4.2,0.00,78,0.8,0.8,0.00,0.00,0.00,3,100,100,9,0,9.9,126,109,19.6,19.8,0,0.00,1014.7,1000.1
2022-11-28T05:00,3.9,0.00,80,0.7,0.5,0.00,0.00,0.00,3,100,100,96,0,9.5,136,115,19.1,19.4,0,0.00,1014.5,999.9
2022-11-28T06:00,4.3,0.00,77,0.6,0.9,0.00,0.00,0.00,3,100,100,89,0,9.3,141,118,17.7,19.4,0,0.00,1014.4,999.8
2022-11-28T07:00,4.5,0.00,75,0.5,1.2,0.00,0.00,0.00,3,100,100,98,0,8.5,147,118,16.4,19.1,0,0.00,1014.2,999.6
2022-11-28T08:00,4.6,0.00,74,0.5,1.5,0.00,0.00,0.00,3,100,100,95,0,7.1,163,120,13.9,16.9,1,0.00,1014.2,999.6
2022-11-28T09:00,5.1,0.00,74,0.9,2.2,0.00,0.00,0.00,3,100,100,84,5,6.6,180,135,14.4,14.8,1,0.00,1014.5,999.9
2022-11-28T10:00,6.2,0.00,71,1.4,3.2,0.00,0.00,0.00,3,100,100,100,9,7.4,180,141,14.8,15.5,1,0.00,1014.3,999.8
2022-11-28T11:00,7.3,0.00,72,2.5,4.2,0.00,0.00,0.00,3,100,100,100,8,9.0,180,151,17.6,17.6,1,0.00,1014.1,999.6
2022-11-28T12:00,8.1,0.00,69,2.7,5.1,0.00,0.00,0.00,3,100,100,100,3,8.7,177,150,18.0,19.1,1,0.00,1013.8,999.4
2022-11-28T13:00,6.4,0.00,89,4.8,4.2,0.00,0.00,0.00,3,100,100,100,1,6.4,166,133,10.7,19.4,1,0.00,1014.1,999.6
2022-11-28T14:00,7.3,0.10,90,5.8,5.2,0.10,0.00,0.00,51,100,100,100,8,7.1,162,120,12.9,16.2,1,0.00,1013.7,999.3
2022-11-28T15:00,7.7,0.10,91,6.4,5.7,0.10,0.00,0.00,51,100,100,100,10,6.9,158,133,13.6,15.5,1,0.00,1013.5,999.1
2022-11-28T16:00,7.3,0.10,93,6.2,5.5,0.10,0.00,0.00,51,100,100,100,44,6.1,145,130,13.7,13.7,1,0.00,1013.6,999.2
2022-11-28T17:00,6.7,0.10,94,5.8,4.6,0.10,0.00,0.00,51,100,100,100,100,7.1,127,105,13.9,13.7,0,0.00,1013.8,999.3
2022-11-28T18:00,6.8,0.10,93,5.8,4.7,0.10,0.00,0.00,51,100,100,100,100,7.4,120,104,15.8,15.1,0,0.00,1014.0,999.5
2022-11-28T19:00,6.8,0.30,93,5.8,4.8,0.30,0.00,0.00,51,100,100,100,100,6.8,126,108,14.7,14.4,0,0.00,1013.8,999.3
2022-11-28T20:00,6.8,0.20,94,5.9,4.8,0.20,0.00,0.00,51,100,100,100,100,6.8,134,108,13.0,13.3,0,0.00,1013.9,999.4
2022-11-28T21:00,6.8,0.20,94,6.0,4.9,0.20,0.00,0.00,51,100,100,100,100,6.2,148,111,11.0,13.3,0,0.00,1014.1,999.6
2022-11-28T22:00,6.8,0.30,95,6.0,5.0,0.30,0.00,0.00,51,100,100,100,100,5.0,165,120,9.7,11.9,0,0.00,1014.2,999.7
2022-11-28T23:00,6.6,0.30,96,6.0,5.0,0.30,0.00,0.00,51,100,100,100,100,4.5,191,151,11.0,9.7,0,0.00,1014.3,999.8
2022-11-29T00:00,6.8,0.20,97,6.4,5.3,0.20,0.00,0.00,51,100,100,100,100,4.3,210,185,11.6,9.7,0,0.00,1014.6,1000.1
2022-11-29T01:00,6.8,0.30,97,6.3,5.4,0.30,0.00,0.00,51,100,100,100,100,2.9,195,150,8.6,8.6,0,0.00,1014.7,1000.2
2022-11-29T02:00,6.7,0.50,98,6.5,5.4,0.50,0.00,0.00,53,100,100,100,100,2.6,227,196,6.9,5.4,0,0.00,1014.8,1000.3
2022-11-29T03:00,6.7,0.30,99,6.5,5.4,0.30,0.00,0.00,51,100,100,100,100,2.6,283,254,4.8,5.0,0,0.00,1014.8,1000.3
2022-11-29T04:00,6.6,0.10,99,6.4,5.4,0.10,0.00,0.00,51,100,100,30,100,1.8,330,349,5.8,5.0,0,0.00,1014.8,1000.3
2022-11-29T05:00,6.7,0.00,99,6.5,5.5,0.00,0.00,0.00,3,100,100,48,100,2.2,354,360,6.5,5.0,0,0.00,1015.2,1000.7
2022-11-29T06:00,6.8,0.00,98,6.4,5.5,0.00,0.00,0.00,3,100,100,100,100,2.6,8,326,5.1,5.8,0,0.00,1015.6,1001.1
2022-11-29T07:00,6.6,0.00,99,6.4,5.4,0.00,0.00,0.00,3,100,100,100,100,1.8,338,281,3.9,4.7,0,0.00,1016.1,1001.6
2022-11-29T08:00,6.5,0.10,99,6.4,5.0,0.10,0.00,0.00,51,100,100,100,100,3.9,332,304,6.9,7.6,1,0.00,1016.4,1001.9
2022-11-29T09:00,6.6,0.10,99,6.4,4.8,0.10,0.00,0.00,51,100,100,100,100,5.6,332,315,9.3,11.2,1,0.00,1017.0,1002.5
2022-11-29T10:00,6.5,0.30,99,6.4,4.8,0.30,0.00,0.00,51,100,100,100,100,5.5,342,328,10.6,11.9,1,0.00,1017.4,1002.9
2022-11-29T11:00,6.8,0.50,98,6.4,4.9,0.50,0.00,0.00,53,100,100,100,100,6.5,350,341,10.6,13.3,1,0.00,1017.7,1003.2
2022-11-29T12:00,7.1,0.30,97,6.6,5.5,0.30,0.00,0.00,51,100,100,100,100,5.2,360,348,10.1,13.3,1,0.00,1017.9,1003.4
2022-11-29T13:00,8.2,0.10,93,7.1,6.5,0.10,0.00,0.00,51,100,100,100,95,6.5,5,357,8.7,12.2,1,0.00,1018.1,1003.6
2022-11-29T14:00,8.7,0.00,92,7.4,6.9,0.00,0.00,0.00,3,100,100,98,77,7.3,345,340,10.8,15.8,1,0.00,1018.3,1003.9
2022-11-29T15:00,8.8,0.10,91,7.4,7.0,0.10,0.00,0.00,51,100,100,97,100,7.4,349,346,11.4,16.9,1,0.00,1018.6,1004.2
2022-11-29T16:00,8.5,0.00,94,7.5,7.1,0.00,0.00,0.00,3,100,100,100,61,5.2,350,335,10.2,15.5,1,0.00,1018.8,1004.3
2022-11-29T17:00,7.5,0.10,96,6.9,6.0,0.10,0.00,0.00,51,100,100,100,100,4.3,351,336,10.9,10.1,0,0.00,1019.3,1004.8
2022-11-29T18:00,7.6,0.20,97,7.2,6.3,0.20,0.00,0.00,51,100,100,100,100,3.7,2,349,9.4,10.1,0,0.00,1019.8,1005.3
2022-11-29T19:00,7.6,0.10,97,7.2,6.2,0.10,0.00,0.00,51,100,100,100,100,4.7,358,337,9.0,9.0,0,0.00,1019.8,1005.3
2022-11-29T20:00,7.6,0.00,98,7.3,6.1,0.00,0.00,0.00,3,100,82,98,100,5.4,358,340,10.4,10.8,0,0.00,1020.2,1005.7
2022-11-29T21:00,7.6,0.00,98,7.3,5.9,0.00,0.00,0.00,3,100,100,100,47,6.7,355,344,13.0,13.3,0,0.00,1020.3,1005.8
2022-11-29T22:00,6.9,0.00,98,6.6,5.2,0.00,0.00,0.00,3,100,99,12,100,5.5,360,349,13.0,13.7,0,0.00,1020.8,1006.2
2022-11-29T23:00,6.7,0.00,98,6.4,4.9,0.00,0.00,0.00,3,100,44,92,100,5.6,5,345,11.9,11.5,0,0.00,1021.3,1006.7
2022-11-30T00:00,6.7,0.00,98,6.4,4.7,0.00,0.00,0.00,3,100,100,100,100,7.9,342,330,14.8,15.5,0,0.00,1021.0,1006.4
2022-11-30T01:00,6.6,0.00,97,6.2,5.0,0.00,0.00,0.00,3,100,100,100,100,4.3,17,5,9.8,16.6,0,0.00,1021.1,1006.5
2022-11-30T02:00,6.5,0.10,98,6.3,4.8,0.10,0.00,0.00,51,100,100,100,100,5.5,6,349,10.1,10.8,0,0.00,1021.0,1006.4
2022-11-30T03:00,6.5,0.20,98,6.2,4.9,0.20,0.00,0.00,51,100,0,100,100,4.4,7,351,9.4,11.5,0,0.00,1021.1,1006.5
2022-11-30T04:00,6.5,0.20,98,6.3,5.2,0.20,0.00,0.00,51,100,0,100,100,2.3,47,18,6.9,9.0,0,0.00,1021.2,1006.6
2022-11-30T05:00,6.6,0.20,98,6.3,5.2,0.20,0.00,0.00,51,100,0,100,100,2.8,77,40,6.6,5.4,0,0.00,1021.3,1006.7
2022-11-30T06:00,6.5,0.30,98,6.2,5.3,0.30,0.00,0.00,51,100,0,100,100,1.8,62,360,5.3,5.8,0,0.00,1021.5,1006.9
2022-11-30T07:00,6.5,0.20,97,6.1,5.2,0.20,0.00,0.00,51,100,0,100,100,1.9,53,22,5.4,4.7,0,0.00,1021.6,1007.0
2022-11-30T08:00,6.4,0.20,97,5.9,5.0,0.20,0.00,0.00,51,100,0,100,99,2.4,54,27,6.2,5.4,1,0.00,1021.8,1007.2
2022-11-30T09:00,6.5,0.10,96,5.9,5.1,0.10,0.00,0.00,51,100,0,100,35,2.5,40,8,6.1,5.8,1,0.00,1022.1,1007.5
2022-11-30T10:00,7.0,0.00,93,5.9,5.6,0.00,0.00,0.00,3,100,0,94,100,2.1,50,31,5.6,7.2,1,0.00,1022.3,1007.7
2022-11-30T11:00,7.5,0.00,88,5.6,5.7,0.00,0.00,0.00,3,100,14,94,100,4.6,74,72,6.4,10.8,1,0.00,1022.6,1008.0
2022-11-30T12:00,7.7,0.00,85,5.4,5.9,0.00,0.00,0.00,3,100,37,98,100,4.8,77,77,6.3,11.9,1,0.00,1022.6,1008.0
2022-11-30T13:00,8.1,0.00,82,5.3,6.0,0.00,0.00,0.00,3,100,0,8,100,6.4,73,74,8.7,12.2,1,0.00,1022.2,1007.7
2022-11-30T14:00,8.4,0.00,79,5.0,6.3,0.00,0.00,0.00,3,100,0,5,100,6.3,78,77,8.8,14.8,1,0.00,1022.0,1007.5
2022-11-30T15:00,8.4,0.00,77,4.6,6.2,0.00,0.00,0.00,3,100,0,6,100,6.2,83,83,9.1,15.1,1,0.00,1022.0,1007.5
2022-11-30T16:00,8.0,0.00,80,4.8,5.9,0.00,0.00,0.00,3,100,4,0,100,5.6,76,75,10.4,14.4,1,0.00,1022.3,1007.8
2022-11-30T17:00,7.5,0.00,83,4.7,5.3,0.00,0.00,0.00,3,100,14,0,100,6.4,77,74,12.9,13.0,0,0.00,1022.6,1008.0
2022-11-30T18:00,7.1,0.00,84,4.5,4.8,0.00,0.00,0.00,3,100,87,11,100,6.5,74,71,13.1,13.7,0,0.00,1023.1,1008.5
2022-11-30T19:00,6.9,0.00,84,4.3,4.4,0.00,0.00,0.00,3,100,22,0,100,7.3,73,70,13.9,14.4,0,0.00,1023.5,1008.9
2022-11-30T20:00,6.5,0.00,84,4.0,3.7,0.00,0.00,0.00,3,100,45,1,100,9.4,84,88,16.3,18.7,0,0.00,1023.8,1009.2
2022-11-30T21:00,5.3,0.00,88,3.4,2.4,0.00,0.00,0.00,3,100,97,18,100,9.1,93,97,18.4,19.1,0,0.00,1024.1,1009.4
2022-11-30T22:00,5.3,0.00,83,2.7,2.3,0.00,0.00,0.00,3,100,70,30,100,9.5,96,101,17.7,20.2,0,0.00,1024.3,1009.6
2022-11-30T23:00,5.4,0.00,80,2.2,2.4,0.00,0.00,0.00,3,100,34,10,100,8.5,101,102,15.7,20.2,0,0.00,1024.5,1009.8
2022-12-01T00:00,5.5,0.00,79,2.1,2.8,0.00,0.00,0.00,3,100,74,5,100,6.0,78,65,11.8,17.6,0,0.00,1024.8,1010.1
2022-12-01T01:00,5.0,0.00,78,1.5,2.1,0.00,0.00,0.00,3,100,81,0,100,6.8,70,65,12.6,13.3,0,0.00,1024.4,1009.7
2022-12-01T02:00,4.9,0.00,74,0.7,1.5,0.00,0.00,0.00,3,100,42,0,100,9.4,72,72,15.5,20.2,0,0.00,1024.3,1009.6
2022-12-01T03:00,4.2,0.00,73,-0.1,0.5,0.00,0.00,0.00,3,80,7,0,79,10.6,79,80,18.7,22.7,0,0.00,1024.5,1009.7
2022-12-01T04:00,3.1,0.00,76,-0.7,-0.4,0.00,0.00,0.00,2,52,2,0,51,8.9,78,76,18.8,23.0,0,0.00,1024.5,1009.7
2022-12-01T05:00,2.3,0.00,81,-0.7,-1.1,0.00,0.00,0.00,0,13,0,0,13,8.0,73,63,18.1,19.1,0,0.00,1024.6,1009.7
2022-12-01T06:00,1.7,0.00,84,-0.7,-1.8,0.00,0.00,0.00,1,31,0,0,31,8.2,62,52,18.7,17.3,0,0.00,1024.8,1009.9
2022-12-01T07:00,2.1,0.00,82,-0.7,-1.4,0.00,0.00,0.00,3,96,0,0,96,8.9,56,47,19.5,18.4,0,0.00,1024.8,1009.9
2022-12-01T08:00,2.7,0.00,79,-0.6,-0.9,0.00,0.00,0.00,3,100,0,0,100,9.4,54,47,19.1,19.1,1,0.00,1025.1,1010.2
2022-12-01T09:00,3.4,0.00,78,-0.1,0.0,0.00,0.00,0.00,3,100,0,0,100,8.7,51,38,20.5,19.1,1,0.00,1025.3,1010.5
2022-12-01T10:00,4.5,0.00,76,0.6,1.3,0.00,0.00,0.00,3,100,0,3,100,7.9,45,30,17.3,17.3,1,815.47,1025.3,1010.5
2022-12-01T11:00,5.3,0.00,73,0.8,2.0,0.00,0.00,0.00,3,100,0,5,100,8.9,36,32,13.4,19.4,1,0.00,1025.2,1010.5
2022-12-01T12:00,6.0,0.00,70,1.0,2.6,0.00,0.00,0.00,3,100,0,0,100,9.7,30,27,14.2,21.6,1,0.00,1024.7,1010.0
2022-12-01T13:00,5.7,0.00,73,1.1,2.8,0.00,0.00,0.00,3,85,0,0,99,6.5,13,6,9.3,22.3,1,3093.07,1024.3,1009.6
2022-12-01T14:00,6.1,0.00,72,1.4,2.9,0.00,0.00,0.00,3,98,0,0,98,8.6,3,360,12.3,18.7,1,1537.33,1024.0,1009.3
2022-12-01T15:00,6.5,0.00,71,1.5,3.1,0.00,0.00,0.00,3,100,0,3,100,10.0,31,26,15.2,21.6,1,1507.81,1023.8,1009.2
2022-12-01T16:00,6.0,0.00,74,1.7,3.1,0.00,0.00,0.00,3,99,0,20,99,7.6,16,5,14.6,22.0,1,0.00,1023.7,1009.0
2022-12-01T17:00,5.3,0.00,77,1.6,2.3,0.00,0.00,0.00,3,100,0,80,100,7.2,7,357,14.9,16.2,0,0.00,1023.7,1009.0
2022-12-01T18:00,4.8,0.00,79,1.4,1.4,0.00,0.00,0.00,3,100,0,99,98,10.0,357,347,19.1,19.8,0,0.00,1024.0,1009.3
2022-12-01T19:00,4.5,0.00,80,1.3,1.0,0.00,0.00,0.00,2,78,0,35,66,10.9,2,354,19.5,22.3,0,0.00,1024.1,1009.4
2022-12-01T20:00,3.6,0.00,86,1.5,0.4,0.00,0.00,0.00,3,96,0,16,96,9.4,12,360,19.1,21.6,0,0.00,1024.0,1009.2
2022-12-01T21:00,2.8,0.00,91,1.5,-0.4,0.00,0.00,0.00,1,47,0,13,43,9.0,27,16,20.1,19.1,0,0.00,1024.1,1009.3
2022-12-01T22:00,2.9,0.00,89,1.3,-0.2,0.00,0.00,0.00,0,8,0,8,5,7.6,47,31,19.1,18.7,0,0.00,1023.7,1008.9
2022-12-01T23:00,2.3,0.00,91,1.0,-0.5,0.00,0.00,0.00,1,33,0,24,18,6.0,49,25,16.6,16.2,0,0.00,1023.7,1008.8
2022-12-02T00:00,1.5,0.00,92,0.3,-1.4,0.00,0.00,0.00,1,36,0,19,31,5.0,57,30,15.1,12.6,0,0.00,1023.8,1008.9
2022-12-02T01:00,0.7,0.00,94,-0.1,-2.4,0.00,0.00,0.00,3,98,0,0,100,6.9,32,354,12.8,11.2,0,0.00,1023.1,1008.2
2022-12-02T02:00,1.8,0.00,92,0.7,-0.8,0.00,0.00,0.00,3,100,0,88,100,4.3,36,360,12.4,11.5,0,0.00,1022.7,1007.8
2022-12-02T03:00,3.4,0.00,86,1.2,0.8,0.00,0.00,0.00,3,100,0,100,100,4.2,40,340,9.4,11.5,0,0.00,1022.4,1007.6
2022-12-02T04:00,3.6,0.00,86,1.5,0.9,0.00,0.00,0.00,3,100,0,100,100,5.2,11,326,9.5,9.7,0,0.00,1022.0,1007.2
2022-12-02T05:00,3.8,0.00,86,1.7,1.2,0.00,0.00,0.00,3,100,0,100,100,5.2,17,344,10.9,10.8,0,0.00,1021.6,1006.9
2022-12-02T06:00,3.9,0.00,86,1.8,1.3,0.00,0.00,0.00,3,100,0,100,100,5.1,24,352,11.4,10.8,0,0.00,1021.2,1006.5
2022-12-02T07:00,4.0,0.10,86,1.8,1.3,0.10,0.00,0.00,51,100,0,100,100,5.9,34,14,11.7,12.2,0,0.00,1021.0,1006.3
2022-12-02T08:00,4.0,0.10,86,1.8,1.3,0.10,0.00,0.00,51,100,0,100,100,6.0,39,17,11.5,12.6,0,0.00,1020.9,1006.2
2022-12-02T09:00,4.1,0.10,86,2.0,1.3,0.10,0.00,0.00,51,100,0,100,100,7.2,49,37,11.5,14.4,1,0.00,1020.7,1006.0
2022-12-02T10:00,4.2,0.10,84,1.8,1.3,0.10,0.00,0.00,51,100,3,100,100,7.1,57,49,11.2,15.1,1,0.00,1020.6,1005.9
2022-12-02T11:00,4.1,0.20,85,1.8,1.3,0.20,0.00,0.00,51,100,1,100,100,6.9,54,47,10.3,16.2,1,0.00,1020.6,1005.9
2022-12-02T12:00,3.9,0.20,86,1.7,1.1,0.20,0.00,0.00,51,100,60,100,100,6.4,43,38,8.9,15.8,1,0.00,1020.1,1005.4
2022-12-02T13:00,3.7,0.30,89,2.0,0.9,0.30,0.00,0.00,51,100,71,100,100,6.6,42,41,9.2,16.6,1,0.00,1019.9,1005.2
2022-12-02T14:00,3.6,0.20,89,1.9,0.7,0.20,0.00,0.00,51,100,100,100,100,7.7,54,53,11.1,16.9,1,0.00,1019.4,1004.7
2022-12-02T15:00,3.6,0.10,91,2.2,0.9,0.10,0.00,0.00,51,100,100,100,100,6.3,63,59,10.5,16.9,1,0.00,1019.3,1004.6
2022-12-02T16:00,3.4,0.20,91,2.1,0.6,0.20,0.00,0.00,51,100,100,100,100,6.4,52,52,10.0,13.7,1,0.00,1019.4,1004.7
2022-12-02T17:00,3.0,0.20,92,1.9,0.3,0.20,0.00,0.00,51,100,100,100,100,6.4,46,43,10.4,14.0,0,0.00,1019.7,1004.9
2022-12-02T18:00,3.0,0.10,92,1.9,0.2,0.10,0.00,0.00,51,100,92,100,100,6.6,51,41,12.5,14.0,0,0.00,1019.8,1005.0
2022-12-02T19:00,3.0,0.10,92,1.8,0.3,0.10,0.00,0.00,51,100,87,100,100,6.4,56,43,13.5,13.3,0,0.00,1019.9,1005.1
2022-12-02T20:00,3.0,0.20,92,1.8,0.0,0.20,0.00,0.00,51,100,100,100,100,7.5,64,55,14.0,15.1,0,0.00,1019.7,1004.9
2022-12-02T21:00,3.0,0.10,90,1.5,0.2,0.10,0.00,0.00,51,100,63,100,100,6.5,69,56,13.1,15.1,0,0.00,1019.6,1004.8
2022-12-02T22:00,3.0,0.00,90,1.5,-0.0,0.00,0.00,0.00,3,100,0,63,100,7.8,69,56,15.0,15.1,0,0.00,1019.6,1004.8
2022-12-02T23:00,3.0,0.00,89,1.3,-0.3,0.00,0.00,0.00,3,100,0,67,100,9.4,78,72,18.0,19.4,0,0.00,1019.9,1005.1
2022-12-03T00:00,3.0,0.00,88,1.2,-0.5,0.00,0.00,0.00,3,100,7,100,100,10.4,81,76,19.3,21.2,0,0.00,1019.8,1005.0
2022-12-03T01:00,2.6,0.00,91,1.3,-0.8,0.00,0.00,0.00,3,99,2,100,91,9.9,85,80,19.2,21.6,0,0.00,1019.9,1005.1
2022-12-03T02:00,2.5,0.00,90,1.1,-0.9,0.00,0.00,0.00,3,100,10,90,100,9.4,81,72,18.2,20.2,0,0.00,1019.8,1005.0
2022-12-03T03:00,2.2,0.00,91,0.8,-1.3,0.00,0.00,0.00,2,77,0,44,59,9.9,79,71,19.4,19.4,0,0.00,1019.9,1005.1
2022-12-03T04:00,1.5,0.00,92,0.4,-2.0,0.00,0.00,0.00,3,92,0,5,91,10.2,75,67,21.6,20.9,0,0.00,1019.9,1005.1
2022-12-03T05:00,1.9,0.00,91,0.5,-1.7,0.00,0.00,0.00,3,100,0,4,100,10.3,75,65,20.5,21.2,0,0.00,1020.0,1005.2
2022-12-03T06:00,2.2,0.00,89,0.7,-1.3,0.00,0.00,0.00,3,97,0,8,97,10.0,71,60,19.0,20.9,0,0.00,1019.8,1005.0
2022-12-03T07:00,2.1,0.00,90,0.7,-1.4,0.00,0.00,0.00,0,0,0,0,0,10.0,70,60,19.6,19.8,0,0.00,1019.6,1004.8
2022-12-03T08:00,1.4,0.00,93,0.4,-2.0,0.00,0.00,0.00,0,1,0,0,1,9.5,70,61,20.7,19.8,0,0.00,1019.4,1004.6
2022-12-03T09:00,2.0,0.00,91,0.8,-1.4,0.00,0.00,0.00,2,71,0,0,71,9.5,72,61,19.4,19.4,1,459.27,1019.3,1004.5
2022-12-03T10:00,3.5,0.00,86,1.3,0.1,0.00,0.00,0.00,2,79,0,0,79,10.3,82,78,16.3,21.6,1,3438.50,1019.2,1004.5
2022-12-03T11:00,4.1,0.00,82,1.3,0.4,0.00,0.00,0.00,3,94,0,0,94,12.3,89,87,18.4,25.6,1,569.04,1018.7,1004.0
2022-12-03T12:00,4.7,0.00,76,0.8,1.0,0.00,0.00,0.00,3,100,0,0,100,11.6,84,83,16.3,26.6,1,3237.37,1018.1,1003.5
2022-12-03T13:00,4.4,0.00,79,1.0,0.7,0.00,0.00,0.00,3,100,0,1,100,11.9,92,93,16.9,25.6,1,15.12,1018.4,1003.7
2022-12-03T14:00,4.3,0.00,78,0.7,0.5,0.00,0.00,0.00,3,100,12,0,100,11.9,90,92,16.9,25.2,1,0.00,1017.8,1003.1
2022-12-03T15:00,4.0,0.00,77,0.3,0.2,0.00,0.00,0.00,3,100,6,0,100,11.4,80,79,16.8,25.6,1,0.00,1017.3,1002.6
2022-12-03T16:00,3.8,0.00,77,0.2,0.3,0.00,0.00,0.00,3,100,63,0,100,9.7,85,86,15.9,24.8,1,0.00,1017.7,1003.0
2022-12-03T17:00,3.5,0.00,79,0.2,0.0,0.00,0.00,0.00,3,100,82,0,100,9.4,86,83,16.6,20.2,0,0.00,1017.6,1002.9
2022-12-03T18:00,3.4,0.00,80,0.2,0.0,0.00,0.00,0.00,3,100,0,0,100,8.4,78,70,15.1,19.1,0,0.00,1017.4,1002.7
2022-12-03T19:00,2.9,0.00,82,0.1,-0.5,0.00,0.00,0.00,3,100,92,0,100,8.4,75,65,16.4,17.3,0,0.00,1017.1,1002.4
2022-12-03T20:00,2.9,0.00,80,-0.2,-0.6,0.00,0.00,0.00,3,97,45,1,95,8.8,85,78,17.3,18.4,0,0.00,1016.8,1002.1
2022-12-03T21:00,2.7,0.00,79,-0.5,-1.0,0.00,0.00,0.00,3,100,14,0,99,10.4,86,76,19.9,21.6,0,0.00,1016.5,1001.8
2022-12-03T22:00,2.7,0.00,78,-0.7,-1.1,0.00,0.00,0.00,3,98,87,0,83,10.5,89,84,19.1,23.0,0,0.00,1016.5,1001.8
2022-12-03T23:00,2.3,0.00,81,-0.7,-1.2,0.00,0.00,0.00,3,91,57,0,80,8.4,80,70,17.2,21.6,0,0.00,1016.4,1001.7
2022-12-04T00:00,1.8,0.00,84,-0.6,-1.5,0.00,0.00,0.00,3,100,99,0,49,7.5,70,55,16.9,17.3,0,0.00,1016.0,1001.2
2022-12-04T01:00,2.4,0.00,79,-0.9,-1.4,0.00,0.00,0.00,3,100,96,19,99,10.1,82,73,18.2,15.5,0,0.00,1015.9,1001.2
2022-12-04T02:00,2.0,0.00,81,-1.0,-1.6,0.00,0.00,0.00,3,96,12,49,92,8.7,71,60,16.7,21.2,0,0.00,1015.7,1000.9
2022-12-04T03:00,1.7,0.00,82,-1.0,-1.6,0.00,0.00,0.00,3,100,79,100,99,6.6,71,45,14.1,17.6,0,0.00,1015.8,1001.0
2022-12-04T04:00,2.1,0.00,80,-1.0,-1.5,0.00,0.00,0.00,3,100,98,15,100,8.7,66,52,16.9,18.4,0,0.00,1015.5,1000.8
2022-12-04T05:00,2.4,0.00,80,-0.7,-1.0,0.00,0.00,0.00,3,100,100,5,100,7.9,62,43,15.1,18.7,0,0.00,1015.2,1000.5
2022-12-04T06:00,2.4,0.00,82,-0.4,-0.9,0.00,0.00,0.00,3,100,100,4,100,8.0,66,54,15.8,16.9,0,0.00,1014.9,1000.2
2022-12-04T07:00,2.7,0.00,82,-0.1,-0.8,0.00,0.00,0.00,3,100,100,0,100,9.3,84,74,16.3,19.1,0,0.00,1015.1,1000.4
2022-12-04T08:00,2.8,0.00,83,0.2,-0.6,0.00,0.00,0.00,3,100,100,0,100,8.7,72,60,15.5,19.1,0,0.00,1015.0,1000.3
2022-12-04T09:00,2.7,0.00,85,0.4,-0.8,0.00,0.00,0.00,3,100,100,57,100,9.9,62,57,15.1,20.2,1,0.00,1014.8,1000.1
2022-12-04T10:00,3.2,0.00,84,0.8,-0.3,0.00,0.00,0.00,3,100,100,100,100,10.1,86,84,15.2,21.6,1,0.00,1015.2,1000.5
2022-12-04T11:00,3.5,0.00,84,1.1,0.1,0.00,0.00,0.00,3,100,100,90,100,9.5,81,79,13.8,22.0,1,0.00,1015.0,1000.3
2022-12-04T12:00,4.1,0.00,82,1.3,0.8,0.00,0.00,0.00,3,100,100,100,100,9.3,79,77,12.8,21.2,1,0.00,1014.6,1000.0
2022-12-04T13:00,3.5,0.00,82,0.6,-0.0,0.00,0.00,0.00,3,100,100,100,85,10.0,78,77,14.3,20.2,1,0.00,1014.5,999.8
2022-12-04T14:00,3.4,0.10,83,0.8,0.5,0.10,0.00,0.00,51,100,100,100,83,6.5,59,56,9.2,21.2,1,0.00,1014.2,999.5
2022-12-04T15:00,3.6,0.10,84,1.1,1.0,0.10,0.00,0.00,51,100,100,100,100,4.7,61,58,8.2,13.7,1,0.00,1014.2,999.6
2022-12-04T16:00,3.6,0.10,88,1.8,1.5,0.10,0.00,0.00,51,100,100,100,100,1.9,45,22,6.1,10.1,1,0.00,1014.2,999.6
2022-12-04T17:00,3.6,0.00,89,1.9,1.4,0.00,0.00,0.00,3,100,100,100,100,2.6,18,344,6.8,6.1,0,0.00,1014.2,999.6
2022-12-04T18:00,3.6,0.10,90,2.2,1.3,0.10,0.00,0.00,51,100,99,99,100,3.8,14,343,8.9,7.9,0,0.00,1014.2,999.6
2022-12-04T19:00,3.6,0.00,92,2.4,1.1,0.00,0.00,0.00,3,100,100,100,100,5.4,354,318,9.8,9.7,0,0.00,1014.0,999.4
2022-12-04T20:00,3.6,0.40,95,2.8,1.2,0.40,0.00,0.00,51,100,100,100,100,5.3,334,298,9.2,9.7,0,0.00,1014.4,999.8
2022-12-04T21:00,3.6,0.20,96,2.9,1.2,0.20,0.00,0.00,51,100,100,99,100,5.4,343,318,10.1,10.1,0,0.00,1014.5,999.8
2022-12-04T22:00,3.6,0.00,96,3.0,1.2,0.00,0.00,0.00,3,100,100,74,100,5.2,10,348,10.2,10.1,0,0.00,1014.5,999.9
2022-12-04T23:00,3.7,0.00,96,3.0,1.7,0.00,0.00,0.00,3,100,100,41,100,2.1,24,329,7.1,9.7,0,0.00,1014.7,1000.1
2022-12-05T00:00,3.6,0.00,96,3.1,1.4,0.00,0.00,0.00,3,100,100,40,100,3.9,256,236,4.5,7.6,0,0.00,1015.3,1000.6
2022-12-05T01:00,3.1,0.00,97,2.7,0.8,0.00,0.00,0.00,3,100,0,0,100,4.7,319,302,6.6,11.2,0,0.00,1015.9,1001.2
2022-12-05T02:00,3.0,0.00,98,2.7,0.9,0.00,0.00,0.00,3,100,58,0,100,3.0,264,256,3.6,9.7,0,0.00,1016.4,1001.7
2022-12-05T03:00,2.9,0.00,97,2.5,0.5,0.00,0.00,0.00,3,100,0,0,100,4.7,267,266,6.1,10.1,0,0.00,1016.9,1002.2
2022-12-05T04:00,2.9,0.00,97,2.5,0.3,0.00,0.00,0.00,3,100,0,0,100,5.6,233,225,7.2,12.2,0,0.00,1017.2,1002.5
2022-12-05T05:00,2.9,0.00,97,2.5,0.3,0.00,0.00,0.00,3,100,0,11,100,5.9,200,194,9.6,13.0,0,0.00,1017.5,1002.8
2022-12-05T06:00,3.1,0.00,96,2.5,0.5,0.00,0.00,0.00,3,100,0,67,100,5.8,217,210,10.8,14.0,0,0.00,1017.6,1002.9
2022-12-05T07:00,3.2,0.00,96,2.6,0.7,0.00,0.00,0.00,3,100,100,100,100,5.4,219,200,9.2,12.2,0,0.00,1018.0,1003.3
2022-12-05T08:00,3.2,0.00,97,2.8,0.5,0.00,0.00,0.00,3,100,56,90,100,6.9,196,186,11.6,14.0,0,0.00,1018.7,1004.0
2022-12-05T09:00,3.3,0.10,96,2.8,0.8,0.10,0.00,0.00,51,100,7,92,100,6.1,194,183,10.7,14.8,1,0.00,1019.2,1004.5
2022-12-05T10:00,3.5,0.60,97,3.0,1.1,0.60,0.00,0.00,53,100,28,100,100,5.4,209,200,8.2,13.7,1,0.00,1019.4,1004.7
2022-12-05T11:00,4.1,0.20,95,3.4,1.4,0.20,0.00,0.00,51,100,89,24,100,7.9,223,219,11.7,17.3,1,0.00,1019.9,1005.2
2022-12-05T12:00,4.5,0.10,94,3.5,1.6,0.10,0.00,0.00,51,100,85,100,100,9.4,229,227,14.3,20.2,1,0.00,1019.9,1005.2
2022-12-05T13:00,4.2,0.20,95,3.4,1.0,0.20,0.00,0.00,51,100,71,100,100,11.5,222,219,17.8,20.5,1,0.00,1019.9,1005.2
2022-12-05T14:00,4.9,0.10,90,3.4,1.5,0.10,0.00,0.00,51,100,99,99,100,12.5,231,231,18.2,28.1,1,0.00,1019.7,1005.0
2022-12-05T15:00,5.0,0.00,92,3.8,2.2,0.00,0.00,0.00,3,100,99,100,100,8.7,230,228,14.1,26.3,1,0.00,1020.0,1005.3
2022-12-05T16:00,4.9,0.00,93,3.9,2.4,0.00,0.00,0.00,3,100,23,100,100,7.1,235,229,14.0,18.0,1,0.00,1020.0,1005.3
2022-12-05T17:00,4.8,0.00,94,3.8,2.7,0.00,0.00,0.00,3,100,13,99,100,4.3,229,204,11.0,14.8,0,0.00,1020.0,1005.3
2022-12-05T18:00,4.5,0.00,95,3.7,2.2,0.00,0.00,0.00,3,100,44,100,26,5.4,219,200,12.5,10.8,0,0.00,1020.1,1005.4
2022-12-05T19:00,4.0,0.00,95,3.3,1.4,0.00,0.00,0.00,3,100,84,69,100,6.5,219,199,15.3,13.7,0,0.00,1020.2,1005.5
2022-12-05T20:00,3.2,0.00,96,2.6,0.7,0.00,0.00,0.00,3,100,0,11,100,5.8,208,180,14.7,13.7,0,0.00,1020.7,1005.9
2022-12-05T21:00,3.6,0.00,96,2.9,1.1,0.00,0.00,0.00,3,100,0,48,100,5.4,207,176,12.9,13.0,0,0.00,1021.1,1006.4
2022-12-05T22:00,3.8,0.00,95,3.1,1.3,0.00,0.00,0.00,3,100,0,100,100,6.6,223,202,15.3,14.0,0,0.00,1021.0,1006.3
2022-12-05T23:00,4.1,0.00,95,3.4,1.3,0.00,0.00,0.00,3,100,0,64,100,8.6,227,213,17.8,17.6,0,0.00,1020.8,1006.1
2022-12-06T00:00,4.2,0.00,95,3.5,1.4,0.00,0.00,0.00,3,100,0,68,100,9.0,227,217,18.3,19.1,0,0.00,1020.8,1006.1
2022-12-06T01:00,4.2,0.00,95,3.5,1.6,0.00,0.00,0.00,3,100,0,94,100,7.1,236,229,14.3,19.1,0,0.00,1020.5,1005.8
2022-12-06T02:00,4.1,0.00,96,3.5,1.6,0.00,0.00,0.00,3,100,0,98,100,6.4,240,227,13.7,14.8,0,0.00,1020.3,1005.6
2022-12-06T03:00,3.9,0.00,96,3.3,1.6,0.00,0.00,0.00,3,100,65,98,100,5.4,242,228,12.2,13.3,0,0.00,1020.2,1005.5
2022-12-06T04:00,3.8,0.00,96,3.2,1.4,0.00,0.00,0.00,3,100,0,100,100,5.4,248,233,11.6,11.5,0,0.00,1019.8,1005.1
2022-12-06T05:00,3.7,0.00,97,3.2,1.2,0.00,0.00,0.00,3,100,0,97,100,6.0,256,245,12.2,12.6,0,0.00,1019.6,1004.9
2022-12-06T06:00,3.6,0.00,95,2.9,1.2,0.00,0.00,0.00,3,100,0,98,100,5.4,249,228,10.8,13.0,0,0.00,1019.4,1004.7
2022-12-06T07:00,3.5,0.00,96,2.9,0.9,0.00,0.00,0.00,3,100,0,100,100,6.2,257,249,12.6,12.2,0,0.00,1019.5,1004.8
2022-12-06T08:00,3.5,0.00,96,2.9,0.8,0.00,0.00,0.00,3,100,0,100,100,7.0,268,258,13.3,14.4,0,0.00,1019.9,1005.2
2022-12-06T09:00,3.5,0.10,97,3.0,0.9,0.10,0.00,0.00,51,100,0,100,100,7.0,292,282,12.4,14.0,1,0.00,1019.9,1005.2
2022-12-06T10:00,3.7,0.00,91,2.4,0.9,0.00,0.00,0.00,3,100,0,100,100,7.4,303,299,10.7,16.6,1,0.00,1020.0,1005.3
2022-12-06T11:00,3.9,0.00,89,2.3,1.1,0.00,0.00,0.00,3,100,0,100,100,7.2,311,307,10.0,16.2,1,0.00,1020.0,1005.3
2022-12-06T12:00,4.3,0.00,87,2.2,1.2,0.00,0.00,0.00,3,100,0,100,100,8.7,314,312,11.5,19.8,1,2042.60,1019.7,1005.0
2022-12-06T13:00,4.4,0.00,87,2.4,1.3,0.00,0.00,0.00,3,100,0,97,100,9.5,307,307,13.1,20.2,1,0.00,1019.6,1004.9
2022-12-06T14:00,4.5,0.00,85,2.2,1.4,0.00,0.00,0.00,3,100,3,89,100,9.2,308,309,12.8,20.5,1,0.00,1019.4,1004.7
2022-12-06T15:00,4.5,0.00,84,2.1,1.6,0.00,0.00,0.00,3,100,83,99,100,7.4,315,313,10.7,19.8,1,0.00,1019.2,1004.5
2022-12-06T16:00,4.3,0.00,88,2.5,1.8,0.00,0.00,0.00,3,100,72,94,100,5.1,326,321,9.1,16.6,1,0.00,1019.2,1004.5
2022-12-06T17:00,4.1,0.00,90,2.7,1.8,0.00,0.00,0.00,3,100,8,41,100,4.2,335,329,9.5,10.8,0,0.00,1019.2,1004.5
2022-12-06T18:00,3.9,0.00,92,2.7,1.7,0.00,0.00,0.00,3,100,0,67,100,3.5,339,336,10.0,9.4,0,0.00,1019.3,1004.6
2022-12-06T19:00,4.0,0.00,93,2.9,2.0,0.00,0.00,0.00,3,100,0,95,100,2.7,326,293,7.8,8.6,0,0.00,1019.3,1004.6
2022-12-06T20:00,3.8,0.00,95,3.0,1.6,0.00,0.00,0.00,3,100,0,91,100,3.7,288,259,8.0,7.9,0,0.00,1019.3,1004.6
2022-12-06T21:00,3.7,0.10,96,3.1,1.4,0.10,0.00,0.00,51,100,0,54,100,4.4,289,279,9.9,9.0,0,0.00,1019.3,1004.6
2022-12-06T22:00,3.6,0.10,96,3.0,1.1,0.10,0.00,0.00,51,100,0,15,100,5.5,307,302,12.1,11.5,0,0.00,1019.5,1004.8
2022-12-06T23:00,3.4,0.10,96,2.8,1.0,0.10,0.00,0.00,51,45,0,6,42,5.4,324,318,12.9,12.6,0,0.00,1019.5,1004.8
2022-12-07T00:00,2.5,0.00,97,2.0,-0.1,0.00,0.00,0.00,1,35,0,0,35,5.2,333,326,13.4,11.5,0,0.00,1019.6,1004.8
2022-12-07T01:00,0.5,0.00,99,0.3,-2.6,0.00,0.00,0.00,2,65,0,2,6,7.4,319,321,11.5,11.5,0,0.00,1019.5,1004.6
2022-12-07T02:00,-0.7,0.00,99,-0.8,-4.0,0.00,0.00,0.00,1,42,0,29,21,6.9,299,298,10.3,12.6,0,0.00,1019.3,1004.3
2022-12-07T03:00,1.3,0.00,100,1.2,-1.2,0.00,0.00,0.00,3,100,0,100,100,3.7,287,259,7.5,10.8,0,0.00,1019.2,1004.4
2022-12-07T04:00,1.3,0.00,99,1.2,-0.9,0.00,0.00,0.00,3,95,0,78,85,1.8,245,180,6.0,6.8,0,0.00,1018.9,1004.1
2022-12-07T05:00,1.0,0.00,99,0.9,-1.5,0.00,0.00,0.00,1,39,7,1,33,3.4,238,212,10.2,8.6,0,0.00,1018.7,1003.8
2022-12-07T06:00,-0.5,0.00,99,-0.6,-3.4,0.00,0.00,0.00,3,100,0,81,100,4.5,233,194,9.0,10.1,0,0.00,1018.6,1003.7
2022-12-07T07:00,1.1,0.00,99,0.9,-1.8,0.00,0.00,0.00,3,100,0,32,100,5.9,221,191,10.5,11.9,0,0.00,1018.5,1003.7
2022-12-07T08:00,-0.3,0.00,99,-0.4,-3.2,0.00,0.00,0.00,3,100,0,19,100,4.8,225,193,11.7,11.9,0,0.00,1018.8,1003.9
2022-12-07T09:00,1.1,0.00,97,0.7,-1.9,0.00,0.00,0.00,3,100,0,0,100,6.7,227,196,12.7,14.0,1,0.00,1019.1,1004.3
2022-12-07T10:00,2.2,0.00,94,1.4,-0.7,0.00,0.00,0.00,3,100,0,0,100,6.8,222,212,8.7,14.8,1,323.00,1019.1,1004.3
2022-12-07T11:00,3.0,0.00,94,2.1,0.2,0.00,0.00,0.00,2,76,0,8,74,7.3,216,213,9.8,16.6,1,1160.01,1018.9,1004.2
2022-12-07T12:00,4.1,0.00,90,2.6,0.9,0.00,0.00,0.00,3,100,0,18,100,10.4,228,226,13.5,22.7,1,2884.60,1018.1,1003.4
2022-12-07T13:00,4.1,0.10,94,3.2,1.1,0.10,0.00,0.00,51,100,0,31,100,9.5,220,217,14.1,23.4,1,0.00,1017.8,1003.1
2022-12-07T14:00,4.5,0.20,91,3.1,1.2,0.20,0.00,0.00,51,100,0,23,100,11.5,238,238,16.5,24.5,1,0.00,1017.3,1002.7
2022-12-07T15:00,4.3,0.70,90,2.8,1.1,0.70,0.00,0.00,53,62,0,25,55,10.5,246,243,17.4,24.8,1,0.00,1016.9,1002.3
2022-12-07T16:00,3.8,0.30,90,2.3,0.7,0.30,0.00,0.00,51,82,0,14,80,9.2,244,244,18.4,20.9,1,1161.19,1016.8,1002.1
2022-12-07T17:00,3.3,0.00,93,2.3,0.2,0.00,0.00,0.00,3,100,0,7,100,9.7,227,219,20.1,19.4,0,0.00,1016.7,1002.0
2022-12-07T18:00,3.4,0.00,93,2.4,0.1,0.00,0.00,0.00,3,98,0,11,98,10.5,223,218,21.1,21.6,0,0.00,1016.3,1001.6
2022-12-07T19:00,3.1,0.00,93,2.1,-0.3,0.00,0.00,0.00,3,88,0,1,88,11.0,226,221,21.9,22.3,0,0.00,1016.1,1001.4
2022-12-07T20:00,2.2,0.00,95,1.5,-1.1,0.00,0.00,0.00,2,55,0,8,53,9.7,233,228,21.3,22.3,0,0.00,1015.9,1001.2
2022-12-07T21:00,1.8,0.00,96,1.2,-1.4,0.00,0.00,0.00,3,88,0,0,88,8.7,231,222,20.2,20.2,0,0.00,1015.8,1001.0
2022-12-07T22:00,2.1,0.00,97,1.6,-1.1,0.00,0.00,0.00,2,50,0,0,50,9.2,227,219,19.6,19.4,0,0.00,1015.5,1000.8
2022-12-07T23:00,1.9,0.00,97,1.5,-1.4,0.00,0.00,0.00,2,68,0,0,68,9.5,227,217,19.4,19.4,0,0.00,1015.2,1000.4
2022-12-08T00:00,2.1,0.00,96,1.6,-1.1,0.00,0.00,0.00,3,100,0,17,100,8.9,228,220,19.4,19.4,0,0.00,1014.9,1000.2
2022-12-08T01:00,2.5,0.00,97,2.0,-0.9,0.00,0.00,0.00,3,100,13,95,100,10.7,228,222,19.9,19.4,0,0.00,1014.3,999.6
2022-12-08T02:00,2.7,0.20,97,2.2,-0.7,0.20,0.00,0.00,51,100,15,94,100,10.9,229,224,20.7,22.7,0,0.00,1013.8,999.1
2022-12-08T03:00,2.8,0.00,96,2.2,-0.5,0.00,0.00,0.00,3,100,3,91,100,10.9,229,224,20.7,22.7,0,0.00,1013.5,998.8
2022-12-08T04:00,2.7,0.10,96,2.1,-0.8,0.10,0.00,0.00,51,100,0,100,100,11.2,226,220,20.9,23.0,0,0.00,1012.9,998.2
2022-12-08T05:00,2.7,0.10,96,2.1,-0.8,0.10,0.00,0.00,51,100,0,100,100,11.5,226,219,20.6,23.4,0,0.00,1012.4,997.7
2022-12-08T06:00,2.8,0.00,95,2.1,-0.8,0.00,0.00,0.00,3,100,0,99,100,12.0,224,219,21.6,24.8,0,0.00,1012.0,997.3
2022-12-08T07:00,2.9,0.00,94,2.0,-0.8,0.00,0.00,0.00,3,100,0,98,100,13.0,226,222,22.9,26.6,0,0.00,1011.9,997.2
2022-12-08T08:00,2.7,0.20,93,1.7,-1.1,0.20,0.00,0.00,51,98,0,83,92,13.5,226,224,22.9,27.7,0,0.00,1012.0,997.3
2022-12-08T09:00,2.6,0.20,94,1.7,-1.1,0.20,0.00,0.00,51,100,0,51,100,12.2,227,225,21.7,27.4,1,0.00,1012.0,997.3
2022-12-08T10:00,3.0,0.00,94,2.1,-0.5,0.00,0.00,0.00,3,100,0,54,100,11.7,230,227,19.4,25.9,1,159.69,1012.0,997.4
2022-12-08T11:00,3.5,0.10,89,1.9,-0.1,0.10,0.00,0.00,51,94,0,41,93,12.2,230,227,17.9,26.6,1,1186.84,1011.8,997.2
2022-12-08T12:00,3.9,0.20,89,2.2,0.5,0.20,0.00,0.00,51,66,0,52,56,10.9,227,224,15.8,26.3,1,2403.30,1011.0,996.4
2022-12-08T13:00,4.4,0.10,80,1.3,1.0,0.10,0.00,0.00,51,100,0,19,96,10.6,235,235,14.5,24.5,1,3600.00,1010.3,995.8
2022-12-08T14:00,4.3,0.10,81,1.4,1.0,0.10,0.00,0.00,51,100,0,34,100,9.2,225,222,12.7,23.0,1,3600.00,1010.0,995.4
2022-12-08T15:00,3.6,0.40,82,0.8,0.2,0.20,0.00,0.14,71,84,0,65,56,9.8,210,208,14.2,20.9,1,80.07,1009.5,994.9
2022-12-08T16:00,3.1,0.10,86,0.9,-0.3,0.10,0.00,0.00,51,42,0,23,25,9.2,215,211,17.6,21.2,1,1163.23,1009.7,995.1
2022-12-08T17:00,1.8,0.10,93,0.8,-1.1,0.10,0.00,0.00,51,38,0,14,32,6.2,217,201,16.2,19.1,0,0.00,1009.7,995.0
2022-12-08T18:00,0.2,0.00,94,-0.6,-2.9,0.00,0.00,0.00,1,42,0,1,41,5.9,221,194,13.8,13.7,0,0.00,1009.6,994.8
2022-12-08T19:00,-0.4,0.00,94,-1.2,-3.7,0.00,0.00,0.00,2,67,0,0,67,6.6,232,193,10.5,11.5,0,0.00,1009.5,994.7
2022-12-08T20:00,0.9,0.10,93,-0.1,-1.9,0.10,0.00,0.00,51,100,0,0,100,4.3,257,204,7.8,10.8,0,0.00,1009.5,994.8
2022-12-08T21:00,0.0,0.00,95,-0.7,-2.8,0.00,0.00,0.00,2,67,0,0,67,4.0,264,190,6.9,7.9,0,0.00,1009.7,994.9
2022-12-08T22:00,0.1,0.00,94,-0.7,-2.5,0.00,0.00,0.00,0,17,0,0,17,2.3,261,141,4.4,7.6,0,0.00,1009.7,994.9
2022-12-08T23:00,-1.2,0.00,95,-1.9,-4.1,0.00,0.00,0.00,0,2,0,0,2,2.9,231,120,2.3,5.0,0,0.00,1009.4,994.6
2022-12-09T00:00,-2.5,0.00,96,-3.0,-5.8,0.00,0.00,0.00,0,1,0,0,1,4.9,157,107,2.7,7.9,0,0.00,1009.2,994.3
2022-12-09T01:00,-1.6,0.00,95,-2.3,-4.9,0.00,0.00,0.00,0,14,0,0,0,5.6,140,105,8.9,8.6,0,0.00,1008.3,993.5
2022-12-09T02:00,-2.4,0.00,95,-3.1,-6.1,0.00,0.00,0.00,0,0,0,0,0,7.7,130,101,9.4,13.3,0,0.00,1008.0,993.1
2022-12-09T03:00,-2.5,0.00,95,-3.2,-6.0,0.00,0.00,0.00,0,0,0,0,0,6.2,112,83,7.8,10.8,0,0.00,1007.9,993.0
2022-12-09T04:00,-1.8,0.00,94,-2.7,-5.2,0.00,0.00,0.00,0,0,0,0,0,5.7,84,72,10.5,11.5,0,0.00,1007.2,992.4
2022-12-09T05:00,-2.1,0.00,94,-3.0,-5.5,0.00,0.00,0.00,0,0,0,0,0,5.4,83,82,12.0,11.5,0,0.00,1006.9,992.1
2022-12-09T06:00,-2.4,0.00,93,-3.4,-5.8,0.00,0.00,0.00,1,36,36,0,0,5.6,82,75,13.4,11.2,0,0.00,1006.5,991.6
2022-12-09T07:00,-2.2,0.00,92,-3.4,-5.6,0.00,0.00,0.00,3,100,100,0,0,5.4,66,53,15.0,11.2,0,0.00,1006.2,991.4
2022-12-09T08:00,-1.7,0.00,91,-3.0,-5.0,0.00,0.00,0.00,3,100,100,0,0,5.2,69,56,15.4,11.5,0,0.00,1006.0,991.2
2022-12-09T09:00,-0.7,0.00,90,-2.2,-3.8,0.00,0.00,0.00,3,100,100,0,0,4.8,85,77,15.2,11.2,1,0.00,1006.0,991.2
2022-12-09T10:00,1.0,0.00,85,-1.3,-2.2,0.00,0.00,0.00,3,89,89,0,0,5.8,77,68,13.3,13.7,1,1978.37,1005.7,991.0
2022-12-09T11:00,2.1,0.00,82,-0.6,-1.0,0.00,0.00,0.00,3,98,98,0,0,6.4,58,52,10.2,15.8,1,3600.00,1005.3,990.7
2022-12-09T12:00,2.9,0.00,79,-0.4,-0.1,0.00,0.00,0.00,3,100,100,2,0,5.6,51,40,7.9,15.1,1,3600.00,1004.7,990.2
2022-12-09T13:00,3.8,0.00,72,-0.8,0.5,0.00,0.00,0.00,3,100,89,12,0,7.3,60,57,10.0,14.8,1,3451.97,1004.4,989.9
2022-12-09T14:00,3.9,0.00,72,-0.7,0.5,0.00,0.00,0.00,3,97,97,4,2,7.8,38,34,11.0,17.6,1,3600.00,1003.9,989.4
2022-12-09T15:00,3.5,0.00,75,-0.5,0.2,0.00,0.00,0.00,3,100,97,1,94,7.6,47,45,12.2,18.4,1,3600.00,1004.0,989.5
2022-12-09T16:00,3.2,0.00,78,-0.4,0.0,0.00,0.00,0.00,3,100,73,0,100,6.6,48,41,13.0,17.3,1,179.16,1004.3,989.8
2022-12-09T17:00,2.7,0.00,81,-0.3,-0.4,0.00,0.00,0.00,3,100,0,0,100,5.9,53,38,13.1,13.7,0,0.00,1004.8,990.2
2022-12-09T18:00,2.8,0.00,80,-0.2,-0.2,0.00,0.00,0.00,3,100,0,0,100,5.7,53,35,12.1,12.6,0,0.00,1004.9,990.3
2022-12-09T19:00,2.5,0.00,83,-0.1,-0.5,0.00,0.00,0.00,3,100,0,0,100,5.7,38,18,12.3,12.2,0,0.00,1005.2,990.6
2022-12-09T20:00,2.1,0.00,85,-0.2,-1.1,0.00,0.00,0.00,3,99,0,3,99,6.8,34,18,14.3,13.3,0,0.00,1005.3,990.7
2022-12-09T21:00,1.7,0.00,85,-0.6,-1.6,0.00,0.00,0.00,3,100,0,0,100,7.7,41,28,15.3,15.1,0,0.00,1005.5,990.9
2022-12-09T22:00,1.5,0.00,83,-1.1,-1.7,0.00,0.00,0.00,3,100,0,0,100,6.4,40,27,13.6,15.1,0,0.00,1005.8,991.2
2022-12-09T23:00,1.5,0.00,81,-1.4,-1.7,0.00,0.00,0.00,3,100,0,14,100,5.9,32,14,12.8,12.6,0,0.00,1006.2,991.6
2022-12-10T00:00,1.5,0.00,80,-1.5,-1.7,0.00,0.00,0.00,3,100,0,44,100,5.9,32,14,12.3,12.2,0,0.00,1006.4,991.8
2022-12-10T01:00,1.4,0.00,80,-1.7,-2.0,0.00,0.00,0.00,3,100,0,12,57,6.8,42,25,14.5,11.5,0,0.00,1006.5,991.8
2022-12-10T02:00,0.9,0.00,83,-1.6,-2.1,0.00,0.00,0.00,3,92,0,46,91,4.2,51,31,12.5,13.3,0,0.00,1006.5,991.8
2022-12-10T03:00,1.2,0.00,83,-1.4,-1.7,0.00,0.00,0.00,3,100,0,93,100,3.6,34,6,9.6,9.0,0,0.00,1007.0,992.3
2022-12-10T04:00,0.8,0.00,89,-0.8,-1.8,0.00,0.00,0.00,3,100,0,100,100,2.3,27,309,5.6,7.2,0,0.00,1007.1,992.4
2022-12-10T05:00,0.8,0.00,88,-1.0,-1.9,0.00,0.00,0.00,3,100,0,100,97,2.3,23,321,5.5,4.7,0,0.00,1007.1,992.4
2022-12-10T06:00,0.6,0.00,88,-1.1,-2.4,0.00,0.00,0.00,3,100,0,100,93,4.9,5,324,8.3,9.4,0,0.00,1007.4,992.7
2022-12-10T07:00,0.3,0.00,90,-1.2,-3.1,0.00,0.00,0.00,3,100,0,100,90,7.4,355,331,13.4,14.0,0,0.00,1008.0,993.3
2022-12-10T08:00,0.1,0.00,90,-1.4,-3.4,0.00,0.00,0.00,3,100,0,100,83,7.6,356,329,16.2,15.1,0,0.00,1008.4,993.7
2022-12-10T09:00,-0.1,0.00,90,-1.6,-3.9,0.00,0.00,0.00,3,100,0,100,81,9.7,356,338,19.1,19.1,1,0.00,1008.9,994.1
2022-12-10T10:00,0.2,0.00,87,-1.7,-3.5,0.00,0.00,0.00,3,100,0,100,61,8.9,345,333,14.1,20.2,1,0.00,1009.5,994.7
2022-12-10T11:00,0.4,0.00,86,-1.6,-3.5,0.00,0.00,0.00,3,100,0,100,65,10.6,340,336,15.7,23.0,1,0.00,1009.7,995.0
2022-12-10T12:00,0.7,0.00,85,-1.5,-3.4,0.00,0.00,0.00,3,98,0,97,74,12.3,342,339,17.4,26.3,1,275.38,1009.5,994.8
2022-12-10T13:00,1.2,0.00,84,-1.2,-2.9,0.00,0.00,0.00,3,83,0,100,60,11.9,347,346,16.6,28.4,1,390.32,1009.8,995.1
2022-12-10T14:00,1.4,0.00,82,-1.3,-2.8,0.00,0.00,0.00,3,90,0,77,62,12.6,349,347,17.6,26.6,1,288.79,1010.0,995.3
2022-12-10T15:00,1.5,0.00,79,-1.7,-2.6,0.00,0.00,0.00,3,91,0,14,89,11.6,347,344,17.0,27.0,1,1991.57,1010.4,995.7
2022-12-10T16:00,1.0,0.00,82,-1.8,-2.3,0.00,0.00,0.00,3,83,0,6,82,6.6,343,338,13.2,24.8,1,2151.65,1011.1,996.4
2022-12-10T17:00,0.3,0.00,85,-1.8,-2.8,0.00,0.00,0.00,2,74,0,11,71,4.7,347,337,12.6,13.7,0,0.00,1011.5,996.7
2022-12-10T18:00,0.2,0.00,86,-1.9,-2.9,0.00,0.00,0.00,2,59,0,10,55,4.6,339,321,12.0,10.4,0,0.00,1012.0,997.2
2022-12-10T19:00,-0.9,0.00,91,-2.2,-4.2,0.00,0.00,0.00,1,47,0,2,46,5.6,322,310,14.6,11.5,0,0.00,1012.4,997.5
2022-12-10T20:00,-1.7,0.00,92,-2.8,-5.3,0.00,0.00,0.00,2,77,0,9,75,7.2,324,323,17.8,14.4,0,0.00,1012.7,997.8
2022-12-10T21:00,-2.2,0.00,91,-3.4,-5.8,0.00,0.00,0.00,3,93,0,13,93,6.6,330,331,17.1,14.8,0,0.00,1013.1,998.2
2022-12-10T22:00,-2.4,0.00,92,-3.5,-5.8,0.00,0.00,0.00,2,64,0,0,64,5.2,341,348,14.1,13.7,0,0.00,1013.2,998.2
2022-12-10T23:00,-2.6,0.00,91,-3.8,-5.8,0.00,0.00,0.00,1,34,0,0,34,4.0,349,360,11.4,10.4,0,0.00,1013.4,998.4
2022-12-11T00:00,-3.5,0.00,92,-4.6,-7.1,0.00,0.00,0.00,1,23,0,0,23,5.6,339,333,9.2,9.4,0,0.00,1013.4,998.4
2022-12-11T01:00,-2.7,0.00,93,-3.6,-5.8,0.00,0.00,0.00,1,35,0,0,0,3.6,266,217,4.7,9.4,0,0.00,1012.7,997.7
2022-12-11T02:00,-4.1,0.00,94,-4.9,-7.5,0.00,0.00,0.00,1,26,0,0,26,4.6,320,342,8.4,9.4,0,0.00,1012.7,997.7
2022-12-11T03:00,-3.9,0.00,93,-4.8,-7.4,0.00,0.00,0.00,0,4,0,0,4,4.7,337,360,8.2,9.4,0,0.00,1012.9,997.9
2022-12-11T04:00,-2.7,0.00,93,-3.7,-5.8,0.00,0.00,0.00,0,11,0,0,11,2.9,330,30,5.0,9.0,0,0.00,1012.8,997.8
2022-12-11T05:00,-2.8,0.00,94,-3.7,-5.6,0.00,0.00,0.00,1,30,0,0,30,0.7,292,180,1.9,6.5,0,0.00,1013.0,998.0
2022-12-11T06:00,-3.4,0.00,98,-3.6,-6.5,0.00,0.00,0.00,3,100,0,37,100,3.3,192,186,5.2,6.8,0,0.00,1013.1,998.1
2022-12-11T07:00,-3.4,0.00,97,-3.8,-6.7,0.00,0.00,0.00,3,100,0,83,100,4.7,180,171,6.8,11.5,0,0.00,1012.9,997.9
2022-12-11T08:00,-3.1,0.10,95,-3.9,-6.5,0.00,0.00,0.07,71,100,0,100,100,4.7,177,176,6.5,11.9,0,0.00,1012.8,997.8
2022-12-11T09:00,-2.6,0.10,91,-3.8,-6.1,0.00,0.00,0.07,71,100,0,89,100,6.2,197,201,7.5,14.0,1,0.00,1013.1,998.1
2022-12-11T10:00,-1.9,0.10,91,-3.2,-5.5,0.00,0.00,0.07,71,100,0,50,100,6.8,212,212,8.9,15.1,1,0.00,1012.9,998.0
2022-12-11T11:00,-1.2,0.00,90,-2.7,-4.8,0.00,0.00,0.00,3,100,0,0,100,7.1,228,225,9.7,16.6,1,0.00,1012.7,997.8
2022-12-11T12:00,-0.5,0.00,87,-2.4,-3.8,0.00,0.00,0.00,3,100,0,6,100,6.0,240,237,7.9,16.9,1,0.00,1012.1,997.3
2022-12-11T13:00,-0.2,0.00,86,-2.3,-3.7,0.00,0.00,0.00,3,100,0,94,100,7.1,238,240,9.4,15.1,1,0.00,1011.5,996.7
2022-12-11T14:00,-0.1,0.10,84,-2.5,-3.6,0.00,0.00,0.07,71,100,0,93,100,7.0,249,249,9.2,16.6,1,0.00,1011.2,996.4
2022-12-11T15:00,0.1,0.10,82,-2.6,-3.5,0.00,0.00,0.07,71,100,0,69,100,7.1,255,255,10.0,15.8,1,0.00,1011.1,996.3
2022-12-11T16:00,-0.1,0.00,82,-2.8,-3.4,0.00,0.00,0.00,3,100,0,59,100,5.4,265,266,9.0,15.8,1,0.00,1011.5,996.7
2022-12-11T17:00,-0.6,0.00,88,-2.4,-3.5,0.00,0.01,0.00,3,100,0,9,100,2.5,270,262,6.5,11.2,0,0.00,1011.7,996.9
2022-12-11T18:00,-0.6,0.00,86,-2.6,-3.5,0.00,0.01,0.00,3,100,0,13,100,2.5,259,225,5.9,5.8,0,0.00,1011.9,997.1
2022-12-11T19:00,-1.5,0.00,90,-2.9,-4.6,0.00,0.01,0.00,3,94,0,57,93,4.0,222,185,5.4,6.8,0,0.00,1011.9,997.0
2022-12-11T20:00,-1.3,0.00,91,-2.7,-4.3,0.00,0.01,0.00,3,85,0,53,84,3.0,209,166,3.7,6.5,0,0.00,1012.0,997.1
2022-12-11T21:00,-1.8,0.00,92,-2.9,-4.7,0.00,0.01,0.00,3,100,0,17,100,2.9,170,150,4.0,5.8,0,0.00,1011.8,996.9
2022-12-11T22:00,-1.3,0.00,90,-2.7,-4.6,0.00,0.01,0.00,3,100,0,7,100,5.3,162,152,8.0,10.1,0,0.00,1011.8,996.9
2022-12-11T23:00,-1.1,0.00,89,-2.7,-4.4,0.00,0.01,0.00,3,100,0,4,100,5.9,178,169,11.5,11.5,0,0.00,1011.9,997.0
2022-12-12T00:00,-0.9,0.00,89,-2.5,-4.2,0.00,0.01,0.00,3,100,0,1,100,5.4,191,188,9.5,12.2,0,0.00,1012.2,997.3
2022-12-12T01:00,-1.0,0.10,93,-2.1,-4.5,0.00,0.01,0.07,71,100,0,26,97,7.3,210,200,12.9,10.8,0,0.00,1012.0,997.1
2022-12-12T02:00,-0.9,0.00,92,-2.1,-4.4,0.00,0.01,0.00,2,62,0,5,62,6.9,214,208,12.2,15.5,0,0.00,1012.1,997.2
2022-12-12T03:00,-2.0,0.00,95,-2.8,-5.4,0.00,0.01,0.00,1,42,0,0,42,5.7,223,215,13.8,14.4,0,0.00,1012.4,997.5
2022-12-12T04:00,-3.6,0.00,95,-4.2,-7.2,0.00,0.01,0.00,0,17,0,0,17,6.4,234,223,12.4,11.5,0,0.00,1012.5,997.5
2022-12-12T05:00,-2.2,0.00,95,-2.9,-5.4,0.00,0.01,0.00,1,37,0,1,37,4.5,249,209,8.1,11.2,0,0.00,1012.6,997.7
2022-12-12T06:00,-2.1,0.00,94,-2.9,-4.8,0.00,0.01,0.00,2,78,0,4,77,0.8,293,117,2.7,7.6,0,0.00,1013.1,998.2
2022-12-12T07:00,-2.6,0.00,95,-3.2,-5.5,0.00,0.01,0.00,3,88,0,2,88,2.1,180,149,1.1,4.0,0,0.00,1013.4,998.4
2022-12-12T08:00,-2.3,0.00,95,-3.0,-5.5,0.00,0.01,0.00,3,100,0,3,100,4.5,194,166,4.5,7.9,0,0.00,1013.7,998.7
2022-12-12T09:00,-2.0,0.00,93,-3.0,-5.2,0.00,0.01,0.00,3,100,0,15,100,4.7,172,157,5.1,10.4,1,0.00,1014.4,999.5
2022-12-12T10:00,-1.4,0.00,90,-2.8,-4.5,0.00,0.01,0.00,3,100,0,30,100,4.1,163,165,4.9,11.5,1,1517.19,1014.7,999.8
2022-12-12T11:00,-0.8,0.00,88,-2.6,-3.9,0.00,0.01,0.00,3,100,0,35,100,3.5,160,156,4.2,11.9,1,2569.42,1014.8,999.9
2022-12-12T12:00,-0.4,0.00,85,-2.7,-3.5,0.00,0.01,0.00,3,100,0,34,100,4.1,168,165,5.2,12.2,1,2080.91,1014.5,999.6
2022-12-12T13:00,0.7,0.00,79,-2.4,-2.3,0.00,0.01,0.00,3,100,0,10,100,3.9,216,214,4.9,12.6,1,2014.71,1014.1,999.3
2022-12-12T14:00,0.9,0.00,75,-3.0,-2.0,0.00,0.01,0.00,3,100,0,13,100,2.2,188,189,2.5,11.2,1,1520.42,1013.8,999.0
2022-12-12T15:00,0.8,0.00,74,-3.3,-2.2,0.00,0.01,0.00,3,94,0,4,94,2.9,143,150,3.6,8.3,1,2307.02,1013.6,998.8
2022-12-12T16:00,-0.6,0.00,83,-3.1,-3.9,0.00,0.01,0.00,1,46,0,3,45,4.8,130,138,5.6,7.2,1,2771.71,1013.5,998.6
2022-12-12T17:00,-2.7,0.00,83,-5.2,-6.5,0.00,0.01,0.00,0,11,0,0,10,6.7,114,106,8.7,9.7,0,0.00,1013.6,998.6
2022-12-12T18:00,-2.8,0.00,81,-5.6,-6.4,0.00,0.01,0.00,0,6,0,0,6,4.7,108,86,10.6,10.4,0,0.00,1013.9,998.9
2022-12-12T19:00,-3.3,0.00,84,-5.6,-7.1,0.00,0.01,0.00,0,7,0,0,7,6.3,99,77,13.8,12.6,0,0.00,1013.9,998.9
2022-12-12T20:00,-3.6,0.00,85,-5.7,-7.5,0.00,0.01,0.00,0,0,0,0,0,6.9,106,81,16.1,13.7,0,0.00,1014.0,999.0
2022-12-12T21:00,-3.6,0.00,84,-5.9,-7.6,0.00,0.01,0.00,0,2,0,0,2,7.7,105,79,17.9,15.5,0,0.00,1014.1,999.1
2022-12-12T22:00,-3.6,0.00,79,-6.7,-7.8,0.00,0.01,0.00,0,0,0,0,0,8.6,93,75,18.4,16.9,0,0.00,1014.0,999.0
2022-12-12T23:00,-3.9,0.00,77,-7.4,-8.2,0.00,0.01,0.00,0,0,0,0,0,8.7,93,85,20.5,17.3,0,0.00,1014.0,999.0
2022-12-13T00:00,-3.8,0.00,75,-7.5,-8.3,0.00,0.01,0.00,0,0,0,0,0,10.1,96,88,23.2,19.8,0,0.00,1013.8,998.8
2022-12-13T01:00,-3.9,0.00,78,-7.2,-8.5,0.00,0.01,0.00,0,0,0,0,0,10.8,94,90,24.2,22.7,0,0.00,1013.0,998.0
2022-12-13T02:00,-4.4,0.00,83,-6.8,-9.0,0.00,0.01,0.00,0,0,0,0,0,11.2,95,92,24.9,22.7,0,0.00,1012.7,997.6
2022-12-13T03:00,-4.6,0.00,85,-6.8,-9.3,0.00,0.01,0.00,0,0,0,0,0,11.6,100,97,25.9,24.1,0,0.00,1012.5,997.4
2022-12-13T04:00,-4.8,0.00,85,-7.0,-9.5,0.00,0.01,0.00,0,0,0,0,0,11.6,99,95,25.2,24.5,0,0.00,1012.3,997.2
2022-12-13T05:00,-5.0,0.00,84,-7.3,-9.7,0.00,0.01,0.00,0,6,6,0,0,11.5,95,90,25.3,24.1,0,0.00,1012.1,997.0
2022-12-13T06:00,-5.0,0.00,82,-7.6,-9.7,0.00,0.01,0.00,0,7,7,0,0,11.5,95,92,25.3,24.5,0,0.00,1012.1,997.0
2022-12-13T07:00,-5.0,0.00,80,-7.9,-9.7,0.00,0.01,0.00,0,0,0,0,0,10.8,97,94,24.6,23.8,0,0.00,1012.1,997.0
2022-12-13T08:00,-5.1,0.00,79,-8.1,-9.8,0.00,0.01,0.00,3,96,96,0,0,10.8,97,92,24.6,23.8,0,0.00,1012.0,996.9
2022-12-13T09:00,-4.5,0.00,75,-8.3,-9.2,0.00,0.01,0.00,1,35,35,0,0,10.8,96,90,23.5,23.4,1,241.07,1012.3,997.2
2022-12-13T10:00,-2.9,0.00,66,-8.4,-7.3,0.00,0.01,0.00,3,82,82,0,0,8.6,98,92,21.4,23.8,1,3600.00,1012.3,997.3
2022-12-13T11:00,-1.4,0.00,57,-8.9,-6.3,0.00,0.01,0.00,3,90,90,0,0,11.7,101,99,17.6,26.3,1,3600.00,1012.4,997.5
2022-12-13T12:00,-0.2,0.00,49,-9.7,-5.4,0.00,0.01,0.00,3,95,95,2,0,13.0,94,93,19.1,29.5,1,3600.00,1011.4,996.6
2022-12-13T13:00,-0.8,0.00,60,-7.6,-5.4,0.00,0.01,0.00,3,100,99,5,2,10.5,98,98,14.9,29.5,1,3600.00,1011.2,996.4
2022-12-13T14:00,-0.3,0.00,56,-8.1,-5.0,0.00,0.01,0.00,3,100,100,15,0,10.8,90,88,15.5,24.5,1,3600.00,1010.6,995.8
2022-12-13T15:00,-0.6,0.00,56,-8.3,-5.1,0.00,0.01,0.00,3,100,100,10,0,9.4,91,88,16.9,24.5,1,3490.85,1010.4,995.6
2022-12-13T16:00,-1.6,0.00,60,-8.3,-6.1,0.00,0.01,0.00,3,100,100,61,0,9.1,91,81,20.2,20.2,1,0.00,1010.3,995.4
2022-12-13T17:00,-2.3,0.00,63,-8.4,-7.2,0.00,0.01,0.00,3,100,100,99,0,12.3,90,83,25.2,24.8,0,0.00,1009.6,994.7
2022-12-13T18:00,-2.1,0.00,62,-8.5,-7.4,0.00,0.01,0.00,3,100,100,74,0,14.8,96,94,28.6,31.0,0,0.00,1009.1,994.2
2022-12-13T19:00,-2.3,0.00,62,-8.6,-7.7,0.00,0.01,0.00,3,100,100,100,0,15.5,103,103,29.2,31.7,0,0.00,1009.0,994.1
2022-12-13T20:00,-2.5,0.00,62,-8.8,-8.1,0.00,0.01,0.00,3,100,100,98,0,16.2,103,102,30.3,33.5,0,0.00,1009.0,994.1
2022-12-13T21:00,-2.4,0.00,60,-9.1,-8.1,0.00,0.01,0.00,3,100,100,99,0,17.0,103,103,31.1,35.3,0,0.00,1008.4,993.5
2022-12-13T22:00,-2.3,0.00,58,-9.3,-7.9,0.00,0.01,0.00,3,100,100,99,0,16.7,103,104,30.3,35.6,0,0.00,1007.6,992.7
2022-12-13T23:00,-2.3,0.00,59,-9.3,-8.0,0.00,0.01,0.00,3,100,100,100,0,17.1,108,108,30.6,34.9,0,0.00,1007.1,992.2
2022-12-14T00:00,-2.0,0.00,58,-9.1,-7.5,0.00,0.01,0.00,3,100,100,100,0,15.9,108,108,28.8,34.9,0,0.00,1007.0,992.2
2022-12-14T01:00,-1.7,0.00,58,-8.9,-7.4,0.00,0.01,0.00,3,100,100,100,0,17.2,118,116,30.1,34.2,0,0.00,1005.5,990.7
2022-12-14T02:00,-1.6,0.00,58,-8.7,-7.2,0.00,0.01,0.00,3,100,65,100,8,16.6,111,108,29.3,34.9,0,0.00,1005.1,990.3
2022-12-14T03:00,-1.5,0.10,60,-8.3,-7.1,0.00,0.01,0.07,71,100,100,100,100,17.2,107,106,30.9,35.6,0,0.00,1004.5,989.7
2022-12-14T04:00,-1.4,0.10,62,-7.8,-6.6,0.00,0.01,0.07,71,100,100,100,93,15.0,113,111,26.3,34.9,0,0.00,1004.1,989.3
2022-12-14T05:00,-1.4,0.00,63,-7.5,-6.4,0.00,0.01,0.00,3,100,100,100,100,13.9,115,115,24.3,31.0,0,0.00,1003.7,988.9
2022-12-14T06:00,-1.5,0.00,66,-7.1,-6.3,0.00,0.01,0.00,3,100,99,100,100,12.1,110,107,21.9,27.7,0,0.00,1003.5,988.7
2022-12-14T07:00,-1.5,0.10,70,-6.3,-6.2,0.00,0.01,0.07,71,100,100,100,99,12.4,113,112,22.3,24.5,0,0.00,1002.8,988.0
2022-12-14T08:00,-1.5,0.30,74,-5.4,-5.9,0.10,0.01,0.14,71,100,100,100,100,11.2,110,111,20.3,26.6,0,0.00,1002.2,987.5
2022-12-14T09:00,-1.3,0.20,76,-4.9,-5.4,0.00,0.01,0.14,71,100,100,100,100,9.2,103,101,19.6,22.7,1,0.00,1001.7,987.0
2022-12-14T10:00,-0.9,0.80,79,-4.0,-4.6,0.00,0.02,0.56,73,100,100,100,100,6.8,97,87,12.0,19.8,1,0.00,1001.7,987.0
2022-12-14T11:00,-0.7,1.10,83,-3.3,-4.2,0.00,0.02,0.77,73,100,0,100,64,6.1,61,50,9.5,14.4,1,0.00,1001.6,986.9
2022-12-14T12:00,-0.4,0.40,82,-3.0,-3.3,0.00,0.03,0.28,73,100,100,100,99,2.5,56,45,3.9,12.6,1,0.00,1000.9,986.2
2022-12-14T13:00,-1.3,0.20,84,-3.6,-4.8,0.00,0.03,0.14,71,100,56,100,100,6.2,335,324,8.4,15.1,1,0.00,1001.3,986.6
2022-12-14T14:00,-1.5,0.30,86,-3.5,-4.9,0.00,0.03,0.21,73,100,98,100,100,5.6,319,310,7.7,14.0,1,0.00,1001.4,986.7
2022-12-14T15:00,-1.5,0.10,86,-3.6,-5.1,0.00,0.03,0.07,71,100,97,100,100,6.9,321,317,9.7,15.1,1,0.00,1001.7,987.0
2022-12-14T16:00,-1.6,0.00,85,-3.8,-5.4,0.00,0.03,0.00,3,100,100,99,100,7.9,315,309,12.2,17.3,1,0.00,1002.6,987.8
2022-12-14T17:00,-1.9,0.10,85,-4.0,-5.6,0.00,0.03,0.07,71,100,42,100,100,6.9,307,298,11.3,16.9,0,0.00,1003.4,988.6
2022-12-14T18:00,-2.2,0.10,86,-4.1,-5.9,0.00,0.04,0.07,71,100,91,98,85,7.2,311,307,12.0,15.1,0,0.00,1004.0,989.2
2022-12-14T19:00,-2.8,0.00,90,-4.3,-6.2,0.00,0.04,0.00,3,100,85,87,100,4.8,330,318,11.6,15.5,0,0.00,1004.6,989.8
2022-12-14T20:00,-2.9,0.00,90,-4.3,-6.0,0.00,0.04,0.00,3,100,100,3,63,2.6,328,304,6.8,10.1,0,0.00,1005.0,990.1
2022-12-14T21:00,-3.0,0.00,91,-4.3,-6.1,0.00,0.04,0.00,2,64,20,55,0,3.1,345,339,7.1,6.8,0,0.00,1005.5,990.6
2022-12-14T22:00,-4.9,0.00,92,-5.9,-8.5,0.00,0.04,0.00,3,100,51,100,0,5.2,344,348,6.7,9.0,0,0.00,1005.8,990.8
2022-12-14T23:00,-3.3,0.00,91,-4.6,-6.4,0.00,0.04,0.00,3,100,30,100,1,2.4,329,333,4.2,8.3,0,0.00,1006.2,991.3
2022-12-15T00:00,-3.3,0.00,90,-4.7,-6.4,0.00,0.04,0.00,3,100,15,100,0,2.3,20,51,4.2,5.0,0,0.00,1006.5,991.6
2022-12-15T01:00,-2.8,0.00,86,-4.8,-6.2,0.00,0.04,0.00,3,100,30,100,0,4.0,28,360,7.7,6.1,0,0.00,1006.6,991.7
2022-12-15T02:00,-2.5,0.00,84,-4.9,-5.8,0.00,0.04,0.00,3,100,0,100,0,3.2,54,27,6.2,9.4,0,0.00,1007.1,992.2
2022-12-15T03:00,-2.6,0.00,83,-5.1,-5.9,0.00,0.03,0.00,3,84,0,84,0,3.7,61,29,6.6,6.8,0,0.00,1007.6,992.7
2022-12-15T04:00,-3.4,0.00,87,-5.3,-6.8,0.00,0.03,0.00,3,81,0,81,0,3.8,62,41,8.5,7.9,0,0.00,1007.6,992.7
2022-12-15T05:00,-4.3,0.00,89,-5.8,-7.7,0.00,0.03,0.00,3,100,4,100,0,3.8,55,41,7.0,7.6,0,0.00,1008.0,993.0
2022-12-15T06:00,-3.0,0.00,82,-5.6,-6.4,0.00,0.03,0.00,3,100,3,100,0,3.6,65,53,7.6,9.7,0,0.00,1008.3,993.4
2022-12-15T07:00,-2.9,0.00,82,-5.6,-6.2,0.00,0.03,0.00,3,85,0,85,0,2.5,98,82,7.6,7.2,0,0.00,1008.8,993.9
2022-12-15T08:00,-3.2,0.00,83,-5.6,-6.7,0.00,0.03,0.00,0,6,0,6,0,4.2,86,59,10.5,8.6,0,0.00,1008.9,994.0
2022-12-15T09:00,-3.8,0.00,86,-5.8,-7.6,0.00,0.03,0.00,0,1,1,0,0,6.3,84,59,14.1,11.9,1,118.78,1009.2,994.2
2022-12-15T10:00,-1.8,0.00,74,-5.8,-5.6,0.00,0.03,0.00,0,5,5,0,0,6.1,85,50,15.9,15.1,1,3600.00,1009.5,994.6
2022-12-15T11:00,-0.0,0.00,65,-5.7,-3.7,0.00,0.03,0.00,1,40,40,0,0,5.5,71,58,8.8,15.1,1,3600.00,1009.7,994.9
2022-12-15T12:00,1.4,0.00,59,-5.7,-2.5,0.00,0.03,0.00,1,34,34,0,0,7.0,62,55,9.8,18.0,1,3600.00,1008.8,994.1
2022-12-15T13:00,0.9,0.00,64,-5.1,-2.9,0.00,0.03,0.00,3,100,100,14,0,6.9,36,28,9.8,18.7,1,3600.00,1008.9,994.2
2022-12-15T14:00,1.5,0.00,61,-5.3,-2.6,0.00,0.03,0.00,3,100,100,72,0,8.3,39,34,12.0,18.4,1,3600.00,1007.9,993.2
2022-12-15T15:00,1.3,0.00,61,-5.4,-2.4,0.00,0.03,0.00,3,100,100,15,0,5.9,61,47,13.5,18.0,1,3501.85,1007.4,992.7
2022-12-15T16:00,-0.7,0.00,70,-5.5,-4.7,0.00,0.03,0.00,3,100,100,96,0,7.9,64,51,20.0,16.9,1,2780.41,1007.4,992.6
2022-12-15T17:00,-1.0,0.00,71,-5.6,-5.0,0.00,0.03,0.00,3,100,100,77,0,8.2,74,61,20.6,19.4,0,0.00,1007.4,992.6
2022-12-15T18:00,-2.0,0.00,76,-5.7,-5.9,0.00,0.03,0.00,3,100,100,98,0,7.4,72,51,20.0,18.0,0,0.00,1007.5,992.7
2022-12-15T19:00,-1.3,0.00,71,-5.9,-5.4,0.00,0.03,0.00,3,100,100,98,0,8.2,61,41,20.1,18.4,0,0.00,1007.0,992.2
2022-12-15T20:00,-1.5,0.00,70,-6.3,-5.3,0.00,0.03,0.00,3,100,100,94,0,5.8,58,30,16.5,18.4,0,0.00,1007.2,992.4
2022-12-15T21:00,-2.0,0.00,72,-6.4,-5.7,0.00,0.03,0.00,3,100,100,2,17,5.2,57,25,15.4,13.3,0,0.00,1006.9,992.1
2022-12-15T22:00,-2.9,0.00,75,-6.6,-6.6,0.00,0.03,0.00,3,100,100,72,49,5.1,43,356,14.3,12.6,0,0.00,1007.1,992.2
2022-12-15T23:00,-1.6,0.00,67,-6.9,-5.6,0.00,0.03,0.00,3,100,100,100,99,7.2,37,6,16.2,15.5,0,0.00,1007.3,992.5
2022-12-16T00:00,-1.6,0.00,65,-7.2,-5.7,0.00,0.03,0.00,3,100,100,100,96,7.2,33,3,15.9,15.5,0,0.00,1007.5,992.7
2022-12-16T01:00,-1.2,0.00,62,-7.7,-5.4,0.00,0.03,0.00,3,100,100,100,71,7.6,16,352,16.1,16.6,0,0.00,1007.0,992.2
2022-12-16T02:00,-1.7,0.00,60,-8.5,-5.9,0.00,0.03,0.00,3,100,100,100,40,7.1,8,336,14.9,15.5,0,0.00,1007.4,992.6
2022-12-16T03:00,-1.6,0.00,56,-9.3,-5.9,0.00,0.03,0.00,3,100,100,100,8,7.2,15,342,15.3,15.8,0,0.00,1007.8,993.0
2022-12-16T04:00,-1.7,0.00,54,-9.8,-6.0,0.00,0.03,0.00,3,100,100,100,1,7.6,10,341,16.1,15.5,0,0.00,1008.0,993.2
2022-12-16T05:00,-1.8,0.00,54,-10.0,-6.4,0.00,0.03,0.00,3,100,100,100,1,8.9,5,339,17.3,18.0,0,0.00,1008.4,993.5
2022-12-16T06:00,-2.5,0.00,60,-9.3,-6.9,0.00,0.03,0.00,3,100,100,96,0,7.7,357,332,15.1,18.0,0,0.00,1009.4,994.5
2022-12-16T07:00,-3.4,0.00,68,-8.6,-7.8,0.00,0.03,0.00,3,100,100,60,0,8.7,354,330,15.9,17.3,0,0.00,1010.2,995.2
2022-12-16T08:00,-4.1,0.00,73,-8.3,-8.6,0.00,0.03,0.00,3,100,100,0,0,9.0,356,337,16.6,18.4,0,0.00,1010.9,995.9
2022-12-16T09:00,-4.9,0.00,76,-8.5,-9.3,0.00,0.03,0.00,3,91,91,0,0,8.6,6,345,16.3,18.4,1,0.00,1011.8,996.7
2022-12-16T10:00,-3.4,0.00,66,-8.7,-7.5,0.00,0.03,0.00,0,13,13,0,0,6.6,6,331,13.4,16.9,1,3600.00,1012.7,997.7
2022-12-16T11:00,-1.7,0.00,58,-8.8,-5.8,0.00,0.03,0.00,1,20,20,0,0,6.4,339,322,8.9,16.6,1,3600.00,1013.1,998.2
2022-12-16T12:00,-0.5,0.00,54,-8.7,-4.7,0.00,0.03,0.00,0,16,16,0,0,7.5,333,325,10.5,19.1,1,3600.00,1013.1,998.3
2022-12-16T13:00,-0.3,0.00,62,-6.8,-4.7,0.00,0.03,0.00,1,32,45,0,3,9.7,326,321,13.0,19.4,1,3600.00,1013.8,999.0
2022-12-16T14:00,-0.1,0.00,61,-6.6,-4.4,0.00,0.03,0.00,1,32,30,0,3,9.6,331,326,13.2,22.7,1,3600.00,1014.4,999.6
2022-12-16T15:00,-0.3,0.00,62,-6.8,-4.6,0.00,0.03,0.00,0,0,0,0,0,9.0,337,331,13.7,21.6,1,3600.00,1014.9,1000.0
2022-12-16T16:00,-2.5,0.00,73,-6.7,-6.4,0.00,0.03,0.00,0,0,0,0,0,6.7,342,324,15.9,18.0,1,2790.63,1015.8,1000.8
2022-12-16T17:00,-4.2,0.00,80,-7.1,-8.3,0.00,0.03,0.00,0,0,0,0,0,7.1,355,345,17.0,14.0,0,0.00,1016.7,1001.6
2022-12-16T18:00,-5.0,0.00,82,-7.6,-9.0,0.00,0.03,0.00,0,0,0,0,0,6.6,6,13,17.7,14.0,0,0.00,1017.5,1002.3
2022-12-16T19:00,-5.4,0.00,83,-7.9,-9.4,0.00,0.03,0.00,0,0,0,0,0,6.0,14,25,16.3,13.7,0,0.00,1018.1,1002.9
2022-12-16T20:00,-6.2,0.00,86,-8.2,-10.2,0.00,0.03,0.00,0,0,0,0,0,6.0,20,17,13.4,12.2,0,0.00,1018.9,1003.6
2022-12-16T21:00,-6.7,0.00,87,-8.5,-10.8,0.00,0.03,0.00,0,0,0,0,0,6.1,42,45,9.2,11.2,0,0.00,1019.8,1004.5
2022-12-16T22:00,-6.5,0.00,86,-8.5,-10.3,0.00,0.03,0.00,0,0,0,0,0,4.6,77,72,6.6,9.4,0,0.00,1020.4,1005.1
2022-12-16T23:00,-7.3,0.00,87,-9.2,-11.2,0.00,0.03,0.00,0,0,0,0,0,4.6,90,72,5.4,7.6,0,0.00,1021.5,1006.1
2022-12-17T00:00,-7.4,0.00,86,-9.3,-11.3,0.00,0.03,0.00,0,0,0,0,0,4.7,103,86,6.6,8.3,0,0.00,1022.2,1006.8
2022-12-17T01:00,-5.0,0.00,83,-7.4,-8.5,0.00,0.03,0.00,0,0,0,0,0,3.1,132,69,4.8,8.3,0,0.00,1022.7,1007.5
2022-12-17T02:00,-5.2,0.00,82,-7.9,-8.7,0.00,0.03,0.00,0,0,0,0,0,2.6,297,34,0.8,5.4,0,0.00,1023.3,1008.0
2022-12-17T03:00,-7.7,0.00,86,-9.6,-11.6,0.00,0.03,0.00,0,0,0,0,0,4.1,7,52,2.9,6.5,0,0.00,1023.8,1008.4
2022-12-17T04:00,-8.2,0.00,85,-10.2,-11.9,0.00,0.03,0.00,0,0,0,0,0,3.3,49,77,3.8,7.2,0,0.00,1024.2,1008.8
2022-12-17T05:00,-8.4,0.00,86,-10.3,-12.2,0.00,0.03,0.00,0,0,0,0,0,3.4,135,108,3.6,6.5,0,0.00,1024.8,1009.3
2022-12-17T06:00,-8.5,0.00,86,-10.3,-12.4,0.00,0.03,0.00,0,0,0,0,0,4.2,156,121,7.9,7.9,0,0.00,1025.5,1010.0
2022-12-17T07:00,-8.4,0.00,86,-10.2,-12.3,0.00,0.03,0.00,0,1,0,0,1,4.7,136,113,10.9,9.4,0,0.00,1025.9,1010.4
2022-12-17T08:00,-8.2,0.00,87,-10.0,-12.2,0.00,0.03,0.00,0,0,0,0,0,5.2,122,102,13.6,10.8,0,0.00,1026.6,1011.1
2022-12-17T09:00,-7.0,0.00,83,-9.5,-11.2,0.00,0.03,0.00,0,0,0,0,0,6.5,115,96,13.9,12.2,1,62.74,1027.3,1011.9
2022-12-17T10:00,-4.7,0.00,71,-9.2,-8.6,0.00,0.03,0.00,0,0,0,0,0,4.7,107,90,12.4,14.0,1,3600.00,1027.8,1012.5
2022-12-17T11:00,-2.8,0.00,63,-8.8,-6.5,0.00,0.03,0.00,0,0,0,0,0,3.6,97,90,5.8,12.6,1,3600.00,1028.2,1013.0
2022-12-17T12:00,-1.2,0.00,58,-8.4,-5.0,0.00,0.03,0.00,0,0,0,0,0,5.0,93,90,7.2,15.5,1,3600.00,1028.0,1012.9
2022-12-17T13:00,-1.6,0.00,62,-8.0,-4.8,0.00,0.03,0.00,0,0,0,0,0,0.8,63,63,1.6,15.5,1,3600.00,1028.7,1013.6
2022-12-17T14:00,-1.0,0.00,59,-8.1,-4.4,0.00,0.03,0.00,0,0,0,0,0,1.6,74,63,2.6,8.6,1,3600.00,1028.4,1013.3
2022-12-17T15:00,-1.3,0.00,60,-8.1,-4.7,0.00,0.03,0.00,0,0,0,0,0,1.9,77,68,3.3,8.6,1,3600.00,1028.3,1013.2
2022-12-17T16:00,-2.1,0.00,64,-8.0,-5.3,0.00,0.03,0.00,0,0,0,0,0,1.0,117,225,4.8,5.4,1,2804.41,1028.7,1013.5
2022-12-17T17:00,-3.3,0.00,70,-8.0,-6.9,0.00,0.03,0.00,0,0,0,0,0,3.7,115,61,8.4,6.8,0,0.00,1029.3,1014.1
2022-12-17T18:00,-5.8,0.00,81,-8.5,-9.6,0.00,0.03,0.00,0,0,0,0,0,5.0,96,60,14.1,10.4,0,0.00,1029.2,1013.8
2022-12-17T19:00,-6.0,0.00,82,-8.5,-10.0,0.00,0.03,0.00,0,0,0,0,0,5.6,98,75,16.0,11.9,0,0.00,1029.5,1014.1
2022-12-17T20:00,-5.7,0.00,82,-8.3,-9.9,0.00,0.03,0.00,0,0,0,0,0,7.2,104,87,19.3,14.0,0,0.00,1030.0,1014.6
2022-12-17T21:00,-5.0,0.00,83,-7.5,-9.6,0.00,0.03,0.00,0,0,0,0,0,10.2,105,100,24.3,20.5,0,0.00,1029.8,1014.5
2022-12-17T22:00,-4.8,0.00,83,-7.3,-9.4,0.00,0.03,0.00,0,1,0,1,0,11.1,103,103,25.1,23.4,0,0.00,1029.7,1014.4
2022-12-17T23:00,-4.9,0.00,82,-7.5,-9.4,0.00,0.03,0.00,1,30,27,22,0,10.0,104,105,23.7,23.0,0,0.00,1030.3,1015.0
2022-12-18T00:00,-5.1,0.00,82,-7.7,-9.7,0.00,0.03,0.00,2,74,74,0,0,10.2,101,98,23.9,21.2,0,0.00,1030.7,1015.3
2022-12-18T01:00,-5.6,0.00,85,-7.7,-10.4,0.00,0.03,0.00,2,74,95,0,0,12.1,105,102,25.7,23.4,0,0.00,1030.9,1015.5
2022-12-18T02:00,-5.7,0.00,85,-7.8,-10.7,0.00,0.03,0.00,3,92,92,0,0,13.2,106,101,27.3,26.6,0,0.00,1030.9,1015.5
2022-12-18T03:00,-5.7,0.00,85,-7.7,-10.9,0.00,0.03,0.00,3,94,93,0,6,14.8,107,104,29.0,29.2,0,0.00,1031.1,1015.7
2022-12-18T04:00,-5.7,0.00,86,-7.6,-11.0,0.00,0.03,0.00,2,63,62,22,0,15.3,108,105,29.8,30.6,0,0.00,1031.0,1015.6
2022-12-18T05:00,-5.7,0.00,86,-7.6,-10.9,0.00,0.03,0.00,0,1,0,1,0,14.9,106,105,29.5,30.2,0,0.00,1031.1,1015.7
2022-12-18T06:00,-5.8,0.00,86,-7.7,-11.2,0.00,0.03,0.00,0,0,0,0,0,15.8,107,107,30.9,31.7,0,0.00,1031.1,1015.7
2022-12-18T07:00,-6.1,0.00,88,-7.8,-11.6,0.00,0.03,0.00,0,0,0,0,0,16.3,109,108,31.2,32.0,0,0.00,1031.3,1015.9
2022-12-18T08:00,-6.2,0.00,89,-7.8,-11.6,0.00,0.03,0.00,0,7,1,0,6,15.7,108,106,29.9,32.4,0,0.00,1031.5,1016.1
2022-12-18T09:00,-5.9,0.00,87,-7.6,-11.3,0.00,0.03,0.00,1,21,14,0,8,16.1,108,106,29.8,31.3,1,74.22,1031.7,1016.3
2022-12-18T10:00,-4.3,0.00,77,-7.7,-9.6,0.00,0.03,0.00,0,17,10,0,8,15.1,108,108,24.2,32.4,1,3600.00,1031.6,1016.3
2022-12-18T11:00,-2.8,0.00,69,-7.7,-7.8,0.00,0.03,0.00,2,51,47,0,8,12.9,109,108,19.8,31.0,1,3600.00,1031.5,1016.3
2022-12-18T12:00,-1.4,0.00,61,-7.9,-6.3,0.00,0.03,0.00,3,100,100,0,4,12.6,113,110,19.2,29.2,1,3600.00,1030.9,1015.7
2022-12-18T13:00,-2.7,0.00,66,-8.2,-7.7,0.00,0.03,0.00,3,100,100,0,30,12.5,122,123,17.5,28.4,1,3600.00,1031.5,1016.3
2022-12-18T14:00,-1.9,0.00,63,-7.9,-6.4,0.00,0.03,0.00,3,100,100,2,35,10.1,124,125,14.8,25.6,1,3600.00,1031.1,1015.9
2022-12-18T15:00,-1.5,0.00,63,-7.6,-6.2,0.00,0.03,0.00,3,100,100,3,28,10.9,126,124,16.5,23.0,1,3600.00,1030.7,1015.5
2022-12-18T16:00,-2.4,0.00,69,-7.3,-6.6,0.00,0.03,0.00,3,100,100,12,26,8.0,120,117,18.2,22.7,1,387.30,1030.4,1015.2
2022-12-18T17:00,-2.9,0.00,71,-7.4,-7.4,0.00,0.03,0.00,3,100,100,89,15,10.2,112,108,22.5,19.8,0,0.00,1030.2,1015.0
2022-12-18T18:00,-2.9,0.00,71,-7.5,-7.5,0.00,0.03,0.00,3,100,100,99,17,10.7,110,104,23.0,20.9,0,0.00,1030.1,1014.9
2022-12-18T19:00,-2.1,0.00,66,-7.6,-7.1,0.00,0.03,0.00,3,100,100,100,3,13.1,109,99,25.5,25.9,0,0.00,1029.4,1014.2
2022-12-18T20:00,-1.6,0.00,64,-7.6,-6.6,0.00,0.03,0.00,3,100,99,100,0,13.3,114,109,26.4,26.3,0,0.00,1028.9,1013.8
2022-12-18T21:00,-1.0,0.00,60,-7.7,-6.0,0.00,0.03,0.00,3,100,93,100,1,13.4,116,110,26.1,27.0,0,0.00,1028.6,1013.5
2022-12-18T22:00,-0.8,0.00,58,-8.0,-5.6,0.00,0.03,0.00,3,100,76,100,1,12.1,116,113,24.0,27.0,0,0.00,1028.3,1013.2
2022-12-18T23:00,-0.5,0.00,56,-8.2,-5.5,0.00,0.03,0.00,3,100,74,100,0,13.1,114,111,25.6,25.9,0,0.00,1027.9,1012.8
2022-12-19T00:00,0.0,0.00,54,-8.2,-4.8,0.00,0.03,0.00,3,100,95,100,0,11.8,115,113,24.3,26.3,0,0.00,1027.7,1012.7
2022-12-19T01:00,-2.6,0.00,66,-8.1,-7.3,0.00,0.03,0.00,3,100,100,100,0,10.9,114,96,24.5,23.4,0,0.00,1028.3,1013.1
2022-12-19T02:00,-1.8,0.00,65,-7.4,-6.2,0.00,0.03,0.00,3,100,100,100,0,9.8,123,126,21.1,21.2,0,0.00,1027.8,1012.7
2022-12-19T03:00,-1.1,0.10,66,-6.7,-5.7,0.10,0.03,0.00,51,100,100,100,1,10.9,126,124,21.4,21.2,0,0.00,1027.7,1012.6
2022-12-19T04:00,-0.7,0.00,68,-5.9,-5.0,0.00,0.03,0.00,3,100,100,100,4,9.8,130,126,19.4,21.6,0,0.00,1027.3,1012.2
2022-12-19T05:00,-0.2,0.00,68,-5.3,-4.7,0.00,0.03,0.00,3,100,100,100,0,11.0,132,128,21.4,21.6,0,0.00,1026.9,1011.9
2022-12-19T06:00,0.3,0.00,68,-4.9,-4.3,0.00,0.03,0.00,3,100,100,100,0,12.3,135,122,23.4,23.8,0,0.00,1026.4,1011.4
2022-12-19T07:00,1.0,0.00,69,-4.0,-3.3,0.00,0.03,0.00,3,100,100,100,13,11.1,150,126,21.9,24.1,0,0.00,1025.9,1010.9
2022-12-19T08:00,1.6,0.10,73,-2.8,-2.3,0.10,0.03,0.00,51,100,100,96,13,9.8,158,126,19.4,22.0,0,0.00,1025.6,1010.7
2022-12-19T09:00,1.3,0.00,79,-2.0,-2.4,0.00,0.03,0.00,3,100,100,80,2,9.2,152,116,16.8,19.4,1,0.00,1025.6,1010.7
2022-12-19T10:00,2.8,0.00,76,-1.0,-0.5,0.00,0.03,0.00,3,100,100,100,2,7.4,156,113,13.4,18.0,1,0.00,1025.5,1010.6
2022-12-19T11:00,4.6,0.00,72,0.1,1.2,0.00,0.03,0.00,3,100,100,100,1,9.2,171,132,16.0,17.6,1,0.00,1025.4,1010.6
2022-12-19T12:00,6.3,0.00,68,0.8,2.9,0.00,0.03,0.00,3,100,100,97,0,9.5,174,151,17.7,20.5,1,0.00,1025.0,1010.3
2022-12-19T13:00,3.7,0.00,90,2.2,0.4,0.00,0.03,0.00,3,100,100,96,0,10.5,135,117,20.4,21.2,1,3507.66,1024.8,1010.0
2022-12-19T14:00,3.6,0.00,89,2.0,-0.0,0.00,0.03,0.00,3,100,100,95,0,12.3,143,122,21.1,22.3,1,0.00,1024.1,1009.3
2022-12-19T15:00,3.9,0.00,89,2.3,0.6,0.00,0.03,0.00,3,100,100,100,0,10.5,149,117,17.3,23.0,1,0.00,1023.9,1009.1
2022-12-19T16:00,2.9,0.00,91,1.7,-0.4,0.00,0.02,0.00,3,100,100,0,0,10.3,149,115,18.1,19.1,1,0.00,1024.1,1009.3
2022-12-19T17:00,1.8,0.00,93,0.8,-1.6,0.00,0.02,0.00,3,100,100,0,0,9.9,153,109,19.0,20.2,0,0.00,1023.6,1008.7
2022-12-19T18:00,1.8,0.00,92,0.7,-1.5,0.00,0.02,0.00,3,100,100,13,0,9.1,163,108,17.3,19.1,0,0.00,1023.2,1008.3
2022-12-19T19:00,1.7,0.00,92,0.5,-1.7,0.00,0.02,0.00,3,100,100,57,0,8.7,174,120,18.1,18.0,0,0.00,1023.2,1008.3
2022-12-19T20:00,2.3,0.00,91,1.0,-1.0,0.00,0.02,0.00,3,100,100,46,0,9.2,189,138,21.8,20.2,0,0.00,1023.1,1008.3
2022-12-19T21:00,2.7,0.00,88,0.9,-0.7,0.00,0.02,0.00,3,100,100,48,0,9.3,200,164,24.5,21.2,0,0.00,1023.1,1008.3
2022-12-19T22:00,2.0,0.00,88,0.2,-1.1,0.00,0.02,0.00,3,100,100,14,0,6.6,209,167,20.1,21.2,0,0.00,1023.2,1008.3
2022-12-19T23:00,2.1,0.00,86,-0.0,-0.9,0.00,0.02,0.00,3,100,100,18,0,6.2,210,159,17.9,16.6,0,0.00,1023.3,1008.4
2022-12-20T00:00,2.9,0.00,85,0.7,-0.1,0.00,0.02,0.00,3,100,100,89,0,6.9,197,141,17.3,16.2,0,0.00,1023.2,1008.4
2022-12-20T01:00,2.4,0.00,92,1.3,-1.0,0.00,0.02,0.00,3,100,100,100,0,10.1,154,117,19.6,17.6,0,0.00,1023.0,1008.2
2022-12-20T02:00,2.7,0.00,91,1.4,-0.8,0.00,0.02,0.00,3,100,100,100,0,10.5,152,112,19.7,21.6,0,0.00,1022.5,1007.7
2022-12-20T03:00,2.7,0.00,93,1.7,-0.6,0.00,0.02,0.00,3,100,100,100,0,9.8,163,114,17.3,19.8,0,0.00,1022.3,1007.5
2022-12-20T04:00,2.9,0.00,93,1.9,-0.5,0.00,0.02,0.00,3,100,100,35,0,10.3,157,115,18.1,20.2,0,0.00,1021.8,1007.0
2022-12-20T05:00,2.0,0.00,95,1.2,-1.5,0.00,0.02,0.00,3,99,99,53,0,10.4,154,110,18.0,20.2,0,0.00,1021.5,1006.7
2022-12-20T06:00,1.7,0.00,94,0.9,-1.6,0.00,0.02,0.00,3,99,99,25,0,8.9,162,111,17.8,19.8,0,0.00,1020.9,1006.1
2022-12-20T07:00,1.6,0.00,94,0.8,-1.6,0.00,0.02,0.00,3,100,100,97,0,7.9,175,120,17.3,18.0,0,0.00,1020.8,1006.0
2022-12-20T08:00,2.1,0.00,94,1.2,-1.1,0.00,0.02,0.00,3,100,100,100,0,8.3,178,124,18.7,17.6,0,0.00,1020.4,1005.6
2022-12-20T09:00,2.9,0.00,92,1.7,-0.1,0.00,0.02,0.00,3,100,100,97,0,8.0,179,126,18.0,18.0,1,0.00,1020.4,1005.6
2022-12-20T10:00,3.6,0.00,92,2.3,0.5,0.00,0.02,0.00,3,100,1,100,0,8.8,166,125,18.2,18.4,1,0.00,1020.2,1005.5
2022-12-20T11:00,4.5,0.00,87,2.6,1.3,0.00,0.02,0.00,3,100,99,99,0,10.4,169,124,17.2,19.4,1,0.00,1020.1,1005.4
2022-12-20T12:00,5.5,0.00,85,3.1,2.3,0.00,0.02,0.00,3,100,98,100,0,11.0,165,122,17.1,20.5,1,0.00,1019.5,1004.9
2022-12-20T13:00,4.4,0.00,93,3.4,1.4,0.00,0.02,0.00,3,100,81,100,0,9.8,155,114,18.7,20.5,1,0.00,1018.3,1003.6
2022-12-20T14:00,4.8,0.00,92,3.6,2.1,0.00,0.02,0.00,3,95,89,59,0,8.6,159,112,16.2,19.4,1,0.00,1017.6,1003.0
2022-12-20T15:00,4.7,0.00,92,3.4,1.9,0.00,0.02,0.00,3,100,52,100,0,8.4,165,121,17.1,19.4,1,3327.09,1017.3,1002.7
2022-12-20T16:00,4.0,0.00,92,2.8,1.0,0.00,0.01,0.00,3,100,0,100,0,9.2,158,116,17.9,18.4,1,0.00,1016.7,1002.0
2022-12-20T17:00,3.8,0.00,91,2.5,0.7,0.00,0.01,0.00,3,100,99,100,0,9.3,169,118,18.4,19.1,0,0.00,1016.6,1001.9
2022-12-20T18:00,3.4,0.00,92,2.2,0.5,0.00,0.01,0.00,3,100,100,96,0,7.8,174,112,16.7,18.7,0,0.00,1016.5,1001.8
2022-12-20T19:00,3.3,0.00,91,2.0,0.4,0.00,0.01,0.00,3,100,100,100,0,7.6,182,121,17.3,16.6,0,0.00,1016.3,1001.6
2022-12-20T20:00,3.7,0.00,89,2.1,0.8,0.00,0.01,0.00,3,100,100,99,0,7.9,188,133,19.7,18.0,0,0.00,1016.1,1001.4
2022-12-20T21:00,4.3,0.00,87,2.3,1.2,0.00,0.01,0.00,3,100,100,100,1,8.9,201,159,23.1,20.2,0,0.00,1016.4,1001.8
2022-12-20T22:00,5.1,0.70,86,2.9,2.1,0.70,0.01,0.00,53,100,100,100,5,9.4,205,178,25.4,22.0,0,0.00,1016.3,1001.7
2022-12-20T23:00,5.1,1.50,88,3.3,2.0,1.50,0.01,0.00,61,100,100,100,5,10.1,202,180,26.5,23.0,0,0.00,1016.0,1001.4
2022-12-21T00:00,5.1,0.80,89,3.5,2.2,0.80,0.01,0.00,53,100,100,100,29,9.4,203,178,25.5,23.4,0,0.00,1015.9,1001.3
2022-12-21T01:00,4.7,0.40,94,3.8,2.1,0.40,0.01,0.00,51,100,100,100,100,7.7,188,143,19.2,22.3,0,0.00,1015.6,1001.0
2022-12-21T02:00,4.8,1.50,94,4.0,2.0,1.50,0.01,0.00,61,100,100,100,96,9.5,188,143,22.2,21.2,0,0.00,1015.4,1000.8
2022-12-21T03:00,5.3,1.20,94,4.4,2.5,1.20,0.01,0.00,55,100,100,100,100,9.4,193,157,24.0,22.0,0,0.00,1015.2,1000.6
2022-12-21T04:00,6.1,0.80,93,5.1,3.4,0.80,0.01,0.00,53,100,100,100,100,10.2,210,190,26.3,23.4,0,0.00,1015.0,1000.5
2022-12-21T05:00,6.5,0.50,94,5.7,3.7,0.50,0.01,0.00,53,100,100,100,100,11.7,221,214,28.3,26.3,0,0.00,1015.0,1000.5
2022-12-21T06:00,6.7,0.10,95,5.9,3.8,0.10,0.01,0.00,51,100,100,100,100,13.2,222,215,29.8,28.8,0,0.00,1014.8,1000.3
2022-12-21T07:00,6.6,0.20,95,5.9,3.9,0.20,0.01,0.00,51,100,100,100,50,11.8,220,211,28.3,28.8,0,0.00,1014.6,1000.1
2022-12-21T08:00,6.6,0.70,95,5.8,4.0,0.70,0.01,0.00,53,100,100,100,100,10.9,219,207,27.4,27.0,0,0.00,1014.8,1000.3
2022-12-21T09:00,6.4,1.30,96,5.7,4.1,1.30,0.00,0.00,61,100,100,100,100,8.6,218,202,23.8,24.5,1,0.00,1014.9,1000.4
2022-12-21T10:00,7.1,0.30,95,6.4,4.5,0.30,0.00,0.00,51,100,66,100,100,11.5,220,212,26.3,24.8,1,0.00,1015.1,1000.6
2022-12-21T11:00,7.8,0.00,95,7.1,5.1,0.00,0.00,0.00,3,100,3,72,100,13.1,222,217,27.8,28.1,1,0.00,1015.5,1001.1
2022-12-21T12:00,8.1,0.30,95,7.4,5.6,0.30,0.00,0.00,51,100,0,99,100,12.6,222,217,26.5,28.1,1,0.00,1015.3,1000.9
2022-12-21T13:00,9.4,0.30,94,8.5,6.9,0.30,0.00,0.00,51,100,0,35,52,14.8,216,209,28.4,27.4,1,0.00,1014.7,1000.3
2022-12-21T14:00,10.6,0.10,92,9.3,8.3,0.10,0.00,0.00,51,100,3,28,100,14.5,221,215,25.8,32.0,1,3600.00,1014.3,1000.0
2022-12-21T15:00,10.5,0.10,93,9.4,8.3,0.10,0.00,0.00,51,100,95,13,100,14.2,221,216,26.0,30.2,1,2728.40,1014.3,1000.0
2022-12-21T16:00,9.9,0.30,94,9.0,8.0,0.30,0.00,0.00,51,100,100,100,84,11.0,224,218,23.9,28.8,1,0.00,1014.4,1000.1
2022-12-21T17:00,9.3,0.50,95,8.6,7.5,0.50,0.00,0.00,53,100,100,50,100,9.7,229,225,22.5,23.8,0,0.00,1014.5,1000.1
2022-12-21T18:00,9.0,0.40,96,8.4,6.9,0.40,0.00,0.00,51,100,100,48,35,11.9,220,209,25.8,24.8,0,0.00,1014.3,999.9
2022-12-21T19:00,8.6,0.00,97,8.1,6.2,0.00,0.00,0.00,3,100,100,67,26,13.0,213,204,27.4,27.4,0,0.00,1014.2,999.8
2022-12-21T20:00,7.6,0.00,97,7.2,5.4,0.00,0.00,0.00,3,98,88,76,35,10.0,209,195,24.3,27.4,0,0.00,1013.9,999.5
2022-12-21T21:00,7.3,0.00,96,6.7,5.0,0.00,0.00,0.00,3,96,68,92,35,9.9,213,199,24.5,22.3,0,0.00,1013.7,999.3
2022-12-21T22:00,7.5,0.00,95,6.7,4.9,0.00,0.00,0.00,3,100,79,100,12,11.5,206,194,26.9,25.6,0,0.00,1013.1,998.7
2022-12-21T23:00,7.5,0.00,94,6.5,5.0,0.00,0.00,0.00,3,100,40,100,100,10.6,203,190,25.0,25.9,0,0.00,1012.5,998.1
2022-12-22T00:00,7.3,0.00,92,6.1,5.0,0.00,0.00,0.00,3,100,100,100,100,8.6,200,180,21.9,23.8,0,0.00,1012.0,997.6
2022-12-22T01:00,8.6,0.00,91,7.2,5.7,0.00,0.00,0.00,3,100,100,100,100,14.8,214,209,30.9,25.2,0,0.00,1011.1,996.8
2022-12-22T02:00,8.9,1.10,91,7.5,5.6,1.10,0.00,0.00,55,100,100,100,69,17.6,214,211,33.7,40.7,0,0.00,1010.4,996.1
2022-12-22T03:00,8.7,0.90,92,7.4,5.8,0.90,0.00,0.00,53,100,99,89,100,14.7,207,202,29.9,41.8,0,0.00,1009.6,995.3
2022-12-22T04:00,9.3,0.00,89,7.6,6.0,0.00,0.00,0.00,3,100,100,4,100,17.8,220,216,32.7,37.8,0,0.00,1009.2,994.9
2022-12-22T05:00,9.1,0.00,90,7.5,5.5,0.00,0.00,0.00,3,100,0,100,93,19.7,219,215,35.8,41.4,0,0.00,1008.7,994.4
2022-12-22T06:00,9.6,0.30,87,7.6,5.8,0.30,0.00,0.00,51,100,100,100,49,21.8,222,218,39.0,46.4,0,0.00,1008.1,993.8
2022-12-22T07:00,10.0,0.00,84,7.4,5.5,0.00,0.00,0.00,3,100,99,100,65,25.6,221,218,44.2,52.9,0,0.00,1007.9,993.7
2022-12-22T08:00,9.6,1.40,84,7.1,5.1,1.40,0.00,0.00,61,100,80,87,100,25.8,220,216,44.5,54.0,0,0.00,1007.6,993.4
2022-12-22T09:00,9.6,0.00,86,7.5,5.0,0.00,0.00,0.00,3,100,100,97,100,27.0,228,227,45.9,58.3,1,0.00,1008.4,994.1
2022-12-22T10:00,9.1,1.50,92,7.8,5.1,1.50,0.00,0.00,61,100,99,98,100,23.4,227,225,40.5,55.8,1,0.00,1008.4,994.1
2022-12-22T11:00,9.4,1.40,92,8.2,5.5,1.40,0.00,0.00,61,100,32,100,100,23.4,229,226,40.1,55.4,1,0.00,1008.5,994.2
2022-12-22T12:00,9.8,0.90,90,8.3,5.0,0.90,0.00,0.00,53,100,99,100,100,29.8,239,238,49.1,61.2,1,0.00,1008.3,994.1
2022-12-22T13:00,10.7,0.00,89,8.9,7.1,0.00,0.00,0.00,3,100,0,100,100,22.4,246,244,37.7,61.6,1,0.00,1009.3,995.1
2022-12-22T14:00,10.2,0.20,91,8.7,7.0,0.20,0.00,0.00,51,100,0,100,100,19.4,241,239,32.9,46.8,1,0.00,1010.1,995.8
2022-12-22T15:00,10.1,0.20,90,8.5,6.8,0.20,0.00,0.00,51,100,41,100,100,19.8,246,245,33.8,44.3,1,0.00,1010.8,996.5
2022-12-22T16:00,9.8,0.10,91,8.4,7.4,0.10,0.00,0.00,51,96,83,48,65,13.4,245,243,25.8,40.3,1,0.00,1011.2,996.9
2022-12-22T17:00,8.7,1.60,95,7.9,5.9,1.60,0.00,0.00,61,100,100,100,100,15.2,235,234,30.5,32.8,0,0.00,1011.4,997.1
2022-12-22T18:00,9.2,0.10,94,8.3,6.2,0.10,0.00,0.00,51,100,100,56,57,17.3,230,227,32.2,38.2,0,0.00,1011.0,996.7
2022-12-22T19:00,8.5,0.00,94,7.6,5.6,0.00,0.00,0.00,3,100,100,100,57,15.8,220,215,30.1,36.4,0,0.00,1010.8,996.5
2022-12-22T20:00,8.5,0.20,94,7.6,5.8,0.20,0.00,0.00,51,100,100,100,100,14.3,215,208,27.7,33.1,0,0.00,1010.1,995.8
2022-12-22T21:00,8.8,0.40,93,7.8,5.6,0.40,0.00,0.00,51,100,100,100,100,17.6,217,215,33.1,37.1,0,0.00,1009.8,995.5
2022-12-22T22:00,9.0,0.40,92,7.8,5.8,0.40,0.00,0.00,51,100,98,100,100,18.0,220,217,33.2,38.9,0,0.00,1009.4,995.1
2022-12-22T23:00,8.8,0.90,92,7.6,6.0,0.90,0.00,0.00,53,100,100,100,100,14.5,215,210,28.2,38.5,0,0.00,1008.6,994.3
2022-12-23T00:00,8.4,0.50,93,7.3,5.9,0.50,0.00,0.00,53,100,100,100,100,12.4,205,197,25.4,31.0,0,0.00,1007.8,993.5
2022-12-23T01:00,8.0,2.10,95,7.3,6.3,2.10,0.00,0.00,61,100,0,99,100,7.0,164,145,18.3,32.8,0,0.00,1006.1,991.8
2022-12-23T02:00,8.7,0.20,93,7.6,6.5,0.20,0.00,0.00,51,100,0,46,100,10.7,224,213,22.9,21.2,0,0.00,1006.0,991.7
2022-12-23T03:00,9.1,0.00,95,8.3,6.6,0.00,0.00,0.00,3,100,0,100,100,13.8,253,250,27.4,30.6,0,0.00,1006.9,992.6
2022-12-23T04:00,9.4,0.00,93,8.4,7.6,0.00,0.00,0.00,3,100,0,100,92,9.9,260,251,23.0,29.2,0,0.00,1007.5,993.2
2022-12-23T05:00,9.8,0.10,94,8.9,7.4,0.10,0.00,0.00,51,100,100,28,49,14.4,250,248,28.7,29.2,0,0.00,1008.5,994.3
2022-12-23T06:00,9.9,0.10,95,9.1,7.6,0.10,0.00,0.00,51,100,16,100,100,14.0,252,252,28.0,31.0,0,0.00,1009.2,994.9
2022-12-23T07:00,10.0,0.00,95,9.3,7.9,0.00,0.00,0.00,3,89,8,15,87,13.4,250,250,26.9,29.5,0,0.00,1009.0,994.8
2022-12-23T08:00,10.0,0.10,95,9.3,7.6,0.10,0.00,0.00,51,99,95,5,69,15.6,245,244,29.8,32.0,0,0.00,1009.4,995.2
2022-12-23T09:00,9.4,0.00,97,8.9,7.2,0.00,0.00,0.00,3,100,100,36,52,13.2,234,227,27.1,32.4,1,0.00,1009.9,995.6
2022-12-23T10:00,10.1,0.00,95,9.4,8.0,0.00,0.00,0.00,3,100,100,40,100,13.8,234,229,25.8,28.4,1,0.00,1009.9,995.6
2022-12-23T11:00,10.5,0.60,95,9.7,9.0,0.60,0.00,0.00,53,100,100,100,100,10.0,225,218,18.8,27.7,1,0.00,1009.8,995.6
2022-12-23T12:00,10.3,0.30,96,9.7,8.5,0.30,0.00,0.00,51,100,100,100,100,11.7,222,214,23.2,24.8,1,0.00,1009.1,994.9
2022-12-23T13:00,10.3,0.50,98,10.0,8.7,0.50,0.00,0.00,53,100,100,100,100,11.2,195,180,22.0,28.8,1,0.00,1007.6,993.4
2022-12-23T14:00,11.2,0.80,96,10.6,9.3,0.80,0.00,0.00,53,100,100,100,100,14.0,216,209,27.1,29.5,1,0.00,1006.6,992.4
2022-12-23T15:00,11.3,2.40,95,10.5,9.7,2.40,0.00,0.00,61,100,100,94,46,11.8,211,207,23.6,36.0,1,0.00,1005.5,991.4
2022-12-23T16:00,11.6,1.00,95,10.8,9.1,1.00,0.00,0.00,55,100,100,100,100,18.8,230,227,34.2,40.3,1,0.00,1005.6,991.5
2022-12-23T17:00,12.4,1.50,93,11.3,9.4,1.50,0.00,0.00,61,100,100,84,100,23.2,232,229,40.8,57.6,0,0.00,1005.1,991.0
2022-12-23T18:00,13.2,0.10,90,11.6,10.0,0.10,0.00,0.00,51,100,100,30,100,25.0,240,237,42.4,61.9,0,0.00,1005.9,991.9
2022-12-23T19:00,12.8,0.20,85,10.4,9.9,0.20,0.00,0.00,51,100,100,9,20,20.2,251,248,35.1,59.4,0,0.00,1007.4,993.3
2022-12-23T20:00,11.2,1.50,94,10.3,9.2,1.50,0.00,0.00,61,100,98,42,100,14.5,244,243,28.0,49.7,0,0.00,1007.9,993.7
2022-12-23T21:00,10.8,0.80,95,10.0,8.5,0.80,0.00,0.00,53,100,84,59,100,15.8,246,243,28.0,41.8,0,0.00,1008.8,994.6
2022-12-23T22:00,10.9,0.90,94,10.0,9.0,0.90,0.00,0.00,53,100,100,38,100,13.5,244,236,26.4,40.3,0,0.00,1009.4,995.2
2022-12-23T23:00,11.1,1.30,92,9.9,9.1,1.30,0.00,0.00,61,100,100,5,100,13.6,244,238,25.6,39.6,0,0.00,1010.1,995.9
2022-12-24T00:00,10.7,4.80,89,8.9,7.9,4.80,0.00,0.00,63,100,100,22,58,17.6,256,255,30.7,45.7,0,0.00,1011.0,996.8
2022-12-24T01:00,9.6,1.70,94,8.7,7.5,1.70,0.00,0.00,61,100,100,24,67,11.7,235,225,24.1,45.4,0,0.00,1011.4,997.1
2022-12-24T02:00,9.8,1.20,91,8.4,7.2,1.20,0.00,0.00,55,100,100,41,75,14.9,242,238,27.2,38.5,0,0.00,1012.1,997.8
2022-12-24T03:00,9.6,0.10,94,8.8,7.5,0.10,0.00,0.00,51,100,100,6,65,12.5,231,224,24.9,38.9,0,0.00,1012.9,998.6
2022-12-24T04:00,9.3,0.10,94,8.4,6.8,0.10,0.00,0.00,51,100,100,59,43,14.3,228,227,27.0,37.1,0,0.00,1013.5,999.2
2022-12-24T05:00,9.2,0.30,95,8.4,6.5,0.30,0.00,0.00,51,100,100,84,16,15.5,230,224,28.9,38.2,0,0.00,1014.2,999.8
2022-12-24T06:00,9.3,0.10,93,8.3,6.5,0.10,0.00,0.00,51,100,100,67,83,16.4,234,232,30.2,33.8,0,0.00,1014.4,1000.0
2022-12-24T07:00,9.2,1.50,93,8.1,6.4,1.50,0.00,0.00,61,100,100,51,90,15.9,239,237,29.4,38.9,0,0.00,1014.8,1000.4
2022-12-24T08:00,9.3,0.00,93,8.1,6.5,0.00,0.00,0.00,3,100,100,8,57,15.4,235,233,28.7,36.0,0,0.00,1015.1,1000.7
2022-12-24T09:00,9.2,0.00,93,8.1,6.5,0.00,0.00,0.00,3,100,100,6,100,15.3,238,236,28.5,32.8,1,0.00,1015.9,1001.5
2022-12-24T10:00,9.6,0.00,93,8.5,7.3,0.00,0.00,0.00,3,100,100,48,100,13.5,232,226,24.1,32.0,1,0.00,1016.4,1002.0
2022-12-24T11:00,10.1,0.10,93,8.9,7.5,0.10,0.00,0.00,51,100,100,88,100,15.5,226,224,25.5,31.0,1,0.00,1017.0,1002.6
2022-12-24T12:00,10.1,0.00,93,8.9,7.5,0.00,0.00,0.00,3,100,100,30,65,15.5,226,222,26.5,32.8,1,0.00,1016.8,1002.4
2022-12-24T13:00,10.7,0.00,87,8.6,8.3,0.00,0.00,0.00,2,79,23,100,70,14.0,230,228,24.0,32.0,1,546.53,1016.9,1002.6
2022-12-24T14:00,10.4,0.50,90,8.9,8.1,0.50,0.00,0.00,53,100,24,99,85,13.6,223,217,24.0,30.2,1,0.00,1017.1,1002.8
2022-12-24T15:00,10.3,0.00,91,8.9,8.1,0.00,0.00,0.00,3,100,86,99,38,12.8,226,220,22.9,28.1,1,0.00,1017.3,1003.0
2022-12-24T16:00,9.8,0.00,93,8.7,8.2,0.00,0.00,0.00,3,100,100,43,25,8.7,232,225,19.2,26.3,1,163.17,1017.4,1003.0
2022-12-24T17:00,8.7,0.00,95,8.0,7.4,0.00,0.00,0.00,3,100,100,100,6,5.6,230,207,16.4,18.4,0,0.00,1017.8,1003.4
2022-12-24T18:00,8.5,0.00,96,7.9,7.0,0.00,0.00,0.00,3,100,99,100,14,6.6,219,189,16.1,13.3,0,0.00,1018.3,1003.8
2022-12-24T19:00,8.7,0.00,96,8.1,7.1,0.00,0.00,0.00,3,100,96,100,32,7.6,226,205,19.1,16.9,0,0.00,1018.6,1004.2
2022-12-24T20:00,8.5,0.00,96,8.0,7.1,0.00,0.00,0.00,3,100,97,100,36,6.4,224,196,16.5,16.6,0,0.00,1018.7,1004.2
2022-12-24T21:00,8.3,0.20,97,7.8,6.6,0.20,0.00,0.00,51,100,56,100,21,7.3,202,171,16.6,15.1,0,0.00,1019.0,1004.5
2022-12-24T22:00,7.9,0.20,97,7.5,6.3,0.20,0.00,0.00,51,100,67,100,35,6.4,197,164,15.8,15.1,0,0.00,1019.2,1004.7
2022-12-24T23:00,8.1,0.20,96,7.5,6.6,0.20,0.00,0.00,51,100,97,100,100,6.3,199,167,15.3,13.7,0,0.00,1019.4,1004.9
2022-12-25T00:00,8.4,0.30,96,7.7,6.8,0.30,0.00,0.00,51,100,76,100,100,6.5,194,161,14.8,13.7,0,0.00,1019.4,1004.9
2022-12-25T01:00,8.1,0.10,96,7.6,6.7,0.10,0.00,0.00,51,100,27,91,50,5.1,177,135,13.0,15.1,0,0.00,1018.8,1004.3
2022-12-25T02:00,7.5,0.00,97,7.0,6.0,0.00,0.00,0.00,3,100,35,100,41,5.4,178,138,13.0,11.5,0,0.00,1018.9,1004.4
2022-12-25T03:00,8.1,0.10,95,7.4,6.4,0.10,0.00,0.00,51,93,88,33,31,7.0,169,125,13.2,13.7,0,0.00,1018.9,1004.4
2022-12-25T04:00,7.3,0.00,95,6.6,5.5,0.00,0.00,0.00,3,100,49,100,56,6.8,156,115,13.4,14.0,0,0.00,1018.3,1003.8
2022-12-25T05:00,7.3,0.00,95,6.5,5.3,0.00,0.00,0.00,2,61,19,25,41,7.8,143,112,15.4,15.5,0,0.00,1017.8,1003.3
2022-12-25T06:00,7.1,0.00,95,6.3,4.9,0.00,0.00,0.00,3,100,0,30,100,8.6,129,105,17.1,16.2,0,0.00,1017.4,1002.9
2022-12-25T07:00,7.6,0.00,93,6.5,5.2,0.00,0.00,0.00,3,80,0,15,79,10.5,126,106,19.6,20.2,0,0.00,1017.1,1002.6
2022-12-25T08:00,7.8,0.00,92,6.6,5.4,0.00,0.00,0.00,3,100,6,100,100,10.2,130,108,18.4,19.8,0,0.00,1017.2,1002.7
2022-12-25T09:00,8.3,0.00,91,6.9,5.7,0.00,0.00,0.00,3,97,9,31,96,12.3,124,111,21.8,23.4,1,0.00,1016.9,1002.5
2022-12-25T10:00,8.7,0.00,90,7.2,6.1,0.00,0.00,0.00,3,80,79,5,1,12.7,124,115,23.4,25.6,1,527.02,1016.7,1002.3
2022-12-25T11:00,10.0,0.00,89,8.2,8.0,0.00,0.00,0.00,3,95,0,95,1,10.3,130,115,23.0,24.5,1,3600.00,1017.0,1002.6
2022-12-25T12:00,11.0,0.00,87,8.8,9.2,0.00,0.00,0.00,3,89,89,2,0,9.8,132,114,23.7,21.6,1,2637.10,1016.0,1001.7
2022-12-25T13:00,11.8,0.00,88,9.8,10.9,0.00,0.00,0.00,3,83,96,0,0,5.5,143,122,12.1,20.9,1,3600.00,1015.2,1001.0
2022-12-25T14:00,12.4,0.00,87,10.2,11.5,0.00,0.00,0.00,2,70,41,48,0,6.4,142,128,12.3,15.5,1,3289.85,1014.2,1000.0
2022-12-25T15:00,12.4,0.00,89,10.6,11.9,0.00,0.00,0.00,3,92,80,57,0,4.4,194,189,10.4,14.4,1,3600.00,1014.5,1000.3
2022-12-25T16:00,10.1,0.00,92,8.8,9.0,0.00,0.00,0.00,2,73,57,38,0,4.9,198,163,12.5,13.0,1,3035.23,1014.2,999.9
2022-12-25T17:00,10.2,0.00,88,8.3,8.3,0.00,0.00,0.00,3,100,100,90,0,10.0,211,195,24.4,21.6,0,0.00,1014.6,1000.3
2022-12-25T18:00,10.4,0.00,88,8.5,8.3,0.00,0.00,0.00,3,100,100,41,0,12.0,213,201,26.6,25.9,0,0.00,1015.0,1000.7
2022-12-25T19:00,9.8,0.00,90,8.3,7.7,0.00,0.00,0.00,3,100,100,26,1,11.2,210,195,25.0,25.9,0,0.00,1015.1,1000.8
2022-12-25T20:00,9.5,0.00,91,8.2,7.5,0.00,0.00,0.00,3,99,99,47,13,10.5,219,202,25.4,25.2,0,0.00,1015.2,1000.8
2022-12-25T21:00,9.6,0.00,91,8.2,7.7,0.00,0.00,0.00,3,100,100,11,0,9.4,217,198,23.9,23.4,0,0.00,1015.1,1000.7
2022-12-25T22:00,9.3,0.00,90,7.8,7.6,0.00,0.00,0.00,3,100,100,35,3,7.5,220,197,21.5,22.0,0,0.00,1015.2,1000.8
2022-12-25T23:00,9.4,0.00,90,7.8,7.6,0.00,0.00,0.00,3,100,99,53,23,7.9,211,183,20.5,19.8,0,0.00,1015.6,1001.2
2022-12-26T00:00,9.6,0.00,89,7.8,7.6,0.00,0.00,0.00,3,100,100,39,18,9.9,195,170,21.7,21.6,0,0.00,1016.0,1001.6
2022-12-26T01:00,9.8,0.00,87,7.7,7.8,0.00,0.00,0.00,3,100,89,43,1,10.0,219,195,22.8,23.0,0,0.00,1015.9,1001.5
2022-12-26T02:00,9.3,0.00,89,7.5,7.2,0.00,0.00,0.00,3,96,86,80,12,9.9,222,199,24.7,24.1,0,0.00,1015.7,1001.3
2022-12-26T03:00,9.7,0.00,86,7.4,7.3,0.00,0.00,0.00,3,100,100,62,12,11.3,227,217,26.7,25.2,0,0.00,1016.2,1001.8
2022-12-26T04:00,10.0,0.00,85,7.6,7.4,0.00,0.00,0.00,3,99,91,86,29,13.7,221,215,28.1,29.5,0,0.00,1016.5,1002.2
2022-12-26T05:00,10.1,0.00,87,8.1,7.3,0.00,0.00,0.00,3,100,100,100,63,15.2,222,216,29.3,32.8,0,0.00,1016.8,1002.4
2022-12-26T06:00,10.3,0.60,88,8.4,7.9,0.60,0.00,0.00,53,100,92,100,76,13.8,230,227,27.1,32.4,0,0.00,1016.5,1002.2
2022-12-26T07:00,10.1,0.20,90,8.6,7.8,0.20,0.00,0.00,51,100,27,99,57,13.6,226,220,26.7,29.9,0,0.00,1016.9,1002.5
2022-12-26T08:00,10.0,0.20,92,8.8,7.4,0.20,0.00,0.00,51,100,20,100,39,15.1,226,220,28.8,31.7,0,0.00,1017.1,1002.7
2022-12-26T09:00,10.1,0.20,93,8.9,7.2,0.20,0.00,0.00,51,100,41,100,18,17.6,230,226,32.2,37.1,1,0.00,1017.7,1003.3
2022-12-26T10:00,10.3,0.20,93,9.2,7.7,0.20,0.00,0.00,51,100,97,100,21,16.0,228,224,29.8,37.1,1,0.00,1018.2,1003.8
2022-12-26T11:00,10.4,0.10,92,9.2,7.8,0.10,0.00,0.00,51,100,79,100,19,16.2,223,217,29.3,34.2,1,0.00,1018.5,1004.1
2022-12-26T12:00,10.6,0.00,91,9.3,8.0,0.00,0.00,0.00,3,100,100,100,41,16.3,227,223,28.3,34.9,1,0.00,1018.3,1004.0
2022-12-26T13:00,10.2,0.40,92,8.9,7.4,0.40,0.00,0.00,51,100,100,42,54,17.6,225,223,31.3,42.8,1,0.00,1018.5,1004.1
2022-12-26T14:00,10.4,1.40,91,9.0,7.0,1.40,0.00,0.00,61,100,100,58,69,21.3,232,233,34.6,50.0,1,0.00,1018.6,1004.2
2022-12-26T15:00,10.1,2.00,94,9.2,7.1,2.00,0.00,0.00,61,100,100,71,100,19.1,235,234,33.1,43.9,1,0.00,1018.3,1003.9
2022-12-26T16:00,10.0,0.20,93,8.8,7.0,0.20,0.00,0.00,51,100,100,53,47,18.5,234,233,31.7,42.5,1,0.00,1018.3,1003.9
2022-12-26T17:00,9.7,1.30,90,8.1,6.4,1.30,0.00,0.00,61,100,100,72,48,19.3,240,241,33.4,44.6,0,0.00,1018.8,1004.4
2022-12-26T18:00,9.2,2.30,94,8.2,6.3,2.30,0.00,0.00,61,100,90,100,100,16.3,236,235,29.1,45.7,0,0.00,1019.1,1004.7
2022-12-26T19:00,9.1,0.40,93,8.0,6.1,0.40,0.00,0.00,51,100,66,100,100,17.0,248,249,29.5,42.1,0,0.00,1019.5,1005.1
2022-12-26T20:00,9.1,0.70,88,7.3,6.1,0.70,0.00,0.00,53,100,5,96,100,15.2,270,266,26.6,41.4,0,0.00,1020.5,1006.0
2022-12-26T21:00,8.8,0.10,88,6.8,5.6,0.10,0.00,0.00,51,89,0,86,43,16.3,269,265,28.4,41.8,0,0.00,1021.4,1006.9
2022-12-26T22:00,7.8,0.50,88,6.0,4.6,0.50,0.00,0.00,53,17,0,6,14,14.9,265,262,27.1,45.7,0,0.00,1022.8,1008.2
2022-12-26T23:00,6.8,0.10,86,4.6,3.0,0.10,0.00,0.00,51,20,0,3,18,17.3,269,269,30.6,39.2,0,0.00,1024.2,1009.6
2022-12-27T00:00,5.7,0.00,85,3.3,1.9,0.00,0.00,0.00,0,0,0,0,0,15.1,271,269,28.4,35.6,0,0.00,1025.7,1011.0
2022-12-27T01:00,4.4,0.00,87,2.5,0.7,0.00,0.00,0.00,0,0,0,0,0,13.4,267,264,27.0,32.0,0,0.00,1026.8,1012.0
2022-12-27T02:00,3.7,0.00,86,1.6,0.1,0.00,0.00,0.00,0,1,0,0,1,11.5,260,256,24.9,28.4,0,0.00,1027.4,1012.6
2022-12-27T03:00,2.7,0.00,90,1.3,-0.3,0.00,0.00,0.00,0,7,0,0,7,7.6,251,239,20.6,24.5,0,0.00,1028.0,1013.1
2022-12-27T04:00,2.3,0.00,92,1.1,-0.6,0.00,0.00,0.00,0,12,0,1,12,6.6,235,209,18.1,18.0,0,0.00,1028.3,1013.4
2022-12-27T05:00,2.2,0.00,94,1.3,-0.7,0.00,0.00,0.00,0,15,0,0,15,6.3,226,193,17.1,15.8,0,0.00,1028.6,1013.7
2022-12-27T06:00,2.1,0.00,95,1.5,-0.6,0.00,0.00,0.00,1,21,0,0,21,5.9,230,194,16.9,15.8,0,0.00,1028.6,1013.7
2022-12-27T07:00,2.4,0.00,95,1.7,-0.4,0.00,0.00,0.00,1,49,12,0,42,6.6,233,202,17.5,16.2,0,0.00,1028.8,1013.9
2022-12-27T08:00,2.7,0.00,95,2.0,-0.2,0.00,0.00,0.00,2,62,0,0,62,7.6,227,199,17.8,17.3,0,0.00,1029.4,1014.5
2022-12-27T09:00,3.2,0.00,94,2.4,0.2,0.00,0.00,0.00,2,59,0,0,59,8.8,216,192,16.5,18.0,1,0.00,1029.7,1014.8
2022-12-27T10:00,4.0,0.00,91,2.7,0.9,0.00,0.00,0.00,3,100,13,0,100,9.5,206,191,14.8,20.9,1,1909.00,1030.3,1015.4
2022-12-27T11:00,5.1,0.00,88,3.2,2.0,0.00,0.00,0.00,3,100,37,0,100,10.8,205,201,15.5,22.7,1,3600.00,1030.5,1015.7
2022-12-27T12:00,6.0,0.10,85,3.7,2.3,0.10,0.00,0.00,51,100,45,0,100,15.0,228,228,21.7,30.6,1,3600.00,1030.2,1015.4
2022-12-27T13:00,6.1,0.00,79,2.6,2.4,0.00,0.00,0.00,3,99,83,0,100,13.8,232,231,20.0,30.6,1,2259.09,1030.2,1015.5
2022-12-27T14:00,6.6,0.00,77,2.8,3.1,0.00,0.00,0.00,3,99,87,0,95,12.3,239,238,18.9,29.2,1,1167.56,1029.9,1015.2
2022-12-27T15:00,6.8,0.00,76,2.8,3.7,0.00,0.00,0.00,2,75,64,0,32,10.0,235,232,16.3,27.0,1,756.55,1029.5,1014.8
2022-12-27T16:00,5.6,0.00,82,2.8,2.9,0.00,0.00,0.00,2,66,54,0,26,7.2,214,198,16.9,20.5,1,3123.71,1029.2,1014.4
2022-12-27T17:00,4.2,0.00,88,2.4,1.3,0.00,0.00,0.00,1,47,0,0,47,7.6,198,177,18.9,15.8,0,0.00,1029.1,1014.3
2022-12-27T18:00,3.9,0.00,88,2.0,1.0,0.00,0.00,0.00,1,43,25,0,24,7.3,201,171,18.1,15.5,0,0.00,1028.7,1013.9
2022-12-27T19:00,3.3,0.00,88,1.5,0.4,0.00,0.00,0.00,1,35,24,0,14,6.9,201,171,17.3,15.5,0,0.00,1028.2,1013.3
2022-12-27T20:00,2.6,0.00,89,1.0,-0.2,0.00,0.00,0.00,0,7,0,0,6,6.2,197,159,15.8,15.1,0,0.00,1028.0,1013.1
2022-12-27T21:00,2.1,0.00,89,0.5,-0.9,0.00,0.00,0.00,0,0,0,0,0,6.8,193,155,16.6,14.8,0,0.00,1027.5,1012.6
2022-12-27T22:00,1.9,0.00,89,0.3,-1.3,0.00,0.00,0.00,0,12,12,0,0,7.1,188,150,17.8,15.5,0,0.00,1027.1,1012.2
2022-12-27T23:00,1.7,0.00,89,0.2,-1.4,0.00,0.00,0.00,3,94,94,0,5,7.1,199,165,19.0,16.2,0,0.00,1026.9,1012.0
2022-12-28T00:00,1.8,0.00,91,0.5,-1.4,0.00,0.00,0.00,3,100,100,0,2,7.9,198,164,19.4,16.9,0,0.00,1026.7,1011.8
2022-12-28T01:00,2.1,0.00,92,1.0,-1.1,0.00,0.00,0.00,3,100,100,0,22,8.7,194,163,19.3,18.0,0,0.00,1026.1,1011.2
2022-12-28T02:00,2.1,0.00,93,1.1,-1.2,0.00,0.00,0.00,3,100,100,100,41,9.3,195,167,20.5,20.2,0,0.00,1025.1,1010.2
2022-12-28T03:00,2.8,0.00,93,1.7,-0.7,0.00,0.00,0.00,3,100,64,100,22,11.2,205,184,23.8,24.1,0,0.00,1024.5,1009.7
2022-12-28T04:00,3.5,0.00,90,2.0,0.1,0.00,0.00,0.00,3,92,5,89,27,11.1,208,193,24.5,25.6,0,0.00,1023.5,1008.7
2022-12-28T05:00,3.9,0.00,87,1.9,0.6,0.00,0.00,0.00,3,100,98,100,3,10.1,210,197,23.7,24.8,0,0.00,1022.9,1008.1
2022-12-28T06:00,4.8,0.00,80,1.7,1.1,0.00,0.00,0.00,3,100,100,100,26,12.2,209,199,25.1,26.6,0,0.00,1022.1,1007.4
2022-12-28T07:00,5.1,0.00,77,1.5,1.4,0.00,0.00,0.00,3,100,100,56,30,12.6,210,200,25.3,27.7,0,0.00,1021.7,1007.0
2022-12-28T08:00,5.0,0.00,76,1.1,1.1,0.00,0.00,0.00,3,100,100,28,9,12.9,204,193,26.1,28.1,0,0.00,1021.3,1006.6
2022-12-28T09:00,4.9,0.00,75,0.7,1.1,0.00,0.00,0.00,3,100,99,46,0,12.2,208,194,25.8,27.7,1,0.00,1021.2,1006.5
2022-12-28T10:00,6.0,0.00,71,1.2,2.1,0.00,0.00,0.00,3,96,92,27,29,13.3,209,199,25.6,28.8,1,2135.00,1021.2,1006.6
2022-12-28T11:00,7.5,0.00,67,1.8,3.0,0.00,0.00,0.00,3,97,96,15,33,18.4,220,215,29.9,38.2,1,3600.00,1021.0,1006.5
2022-12-28T12:00,8.8,0.00,65,2.7,4.8,0.00,0.00,0.00,3,99,28,98,24,16.0,227,226,25.7,46.8,1,3600.00,1020.3,1005.8
2022-12-28T13:00,7.8,0.00,73,3.3,4.1,0.00,0.00,0.00,3,100,96,100,26,14.5,207,199,25.8,34.6,1,3600.00,1019.1,1004.6
2022-12-28T14:00,8.6,0.00,72,3.8,5.2,0.00,0.00,0.00,3,100,98,100,8,13.2,213,206,24.5,31.3,1,0.00,1018.1,1003.7
2022-12-28T15:00,9.4,0.00,69,3.9,5.8,0.00,0.00,0.00,3,100,99,96,7,14.2,211,207,26.0,31.0,1,0.00,1017.1,1002.7
2022-12-28T16:00,8.9,0.00,69,3.5,5.6,0.00,0.00,0.00,3,100,100,99,7,11.8,210,207,24.2,30.6,1,131.89,1016.6,1002.2
2022-12-28T17:00,8.7,0.00,67,3.0,5.1,0.00,0.00,0.00,3,100,100,68,31,13.7,220,215,27.1,29.9,0,0.00,1016.3,1001.9
2022-12-28T18:00,8.1,0.00,69,2.8,4.9,0.00,0.00,0.00,3,100,100,60,3,10.3,221,216,23.7,29.9,0,0.00,1015.7,1001.3
2022-12-28T19:00,7.3,0.00,72,2.6,4.3,0.00,0.00,0.00,3,100,100,47,3,9.3,208,193,23.7,23.8,0,0.00,1014.9,1000.4
2022-12-28T20:00,7.6,0.00,69,2.2,4.4,0.00,0.00,0.00,3,100,100,55,6,9.7,199,176,24.0,23.8,0,0.00,1013.9,999.5
2022-12-28T21:00,8.5,0.00,63,1.8,4.7,0.00,0.00,0.00,3,100,100,100,14,13.4,215,207,29.5,29.5,0,0.00,1013.6,999.2
2022-12-28T22:00,9.5,0.00,57,1.5,5.2,0.00,0.00,0.00,3,100,100,100,36,16.8,215,215,32.3,36.4,0,0.00,1013.1,998.8
2022-12-28T23:00,9.6,0.00,60,2.1,5.4,0.00,0.00,0.00,3,100,100,98,20,16.3,216,215,30.9,37.1,0,0.00,1012.8,998.5
2022-12-29T00:00,9.6,0.00,66,3.6,5.9,0.00,0.00,0.00,3,100,100,100,24,14.6,216,213,28.4,35.6,0,0.00,1012.6,998.3
2022-12-29T01:00,9.8,0.00,76,5.8,6.3,0.00,0.00,0.00,3,100,100,100,22,17.1,222,219,32.4,34.2,0,0.00,1011.7,997.4
2022-12-29T02:00,10.2,0.00,77,6.3,6.5,0.00,0.00,0.00,3,100,100,100,100,18.7,221,220,33.2,39.6,0,0.00,1011.5,997.2
2022-12-29T03:00,10.6,0.00,76,6.4,6.5,0.00,0.00,0.00,3,100,100,100,100,21.5,219,215,37.4,45.0,0,0.00,1011.4,997.2
2022-12-29T04:00,10.7,0.00,75,6.4,6.7,0.00,0.00,0.00,3,100,89,100,100,21.1,219,217,36.3,47.2,0,0.00,1011.2,997.0
2022-12-29T05:00,10.8,0.00,72,6.0,6.9,0.00,0.00,0.00,3,100,65,63,100,19.4,215,211,33.9,44.6,0,0.00,1010.8,996.6
2022-12-29T06:00,11.0,0.00,69,5.6,7.1,0.00,0.00,0.00,3,100,22,100,64,19.1,215,212,33.9,41.4,0,0.00,1010.7,996.5
2022-12-29T07:00,11.1,0.00,66,4.9,7.0,0.00,0.00,0.00,2,79,22,65,33,19.3,210,204,34.0,41.0,0,0.00,1010.6,996.4
2022-12-29T08:00,11.0,0.00,64,4.4,7.1,0.00,0.00,0.00,3,99,43,98,31,17.4,214,210,31.4,41.4,0,0.00,1010.6,996.4
2022-12-29T09:00,10.5,0.30,69,5.1,7.0,0.30,0.00,0.00,51,99,81,92,15,15.5,217,211,28.5,37.1,1,0.00,1011.0,996.8
2022-12-29T10:00,10.7,0.10,70,5.5,7.2,0.10,0.00,0.00,51,97,62,92,42,16.5,220,216,30.1,35.6,1,0.00,1011.5,997.3
2022-12-29T11:00,11.4,0.00,69,6.0,7.6,0.00,0.00,0.00,3,99,70,94,48,19.1,230,227,33.0,40.7,1,0.00,1011.7,997.5
2022-12-29T12:00,11.7,0.70,74,7.3,8.0,0.70,0.00,0.00,53,100,99,60,64,20.5,234,232,35.1,45.0,1,782.78,1011.5,997.3
2022-12-29T13:00,11.4,0.60,77,7.6,8.2,0.60,0.00,0.00,53,100,98,39,34,17.3,230,228,30.1,52.2,1,318.89,1011.6,997.4
2022-12-29T14:00,10.9,0.70,83,8.2,7.6,0.70,0.00,0.00,53,94,74,74,23,19.1,232,234,31.3,42.8,1,3600.00,1011.3,997.1
2022-12-29T15:00,10.8,1.30,84,8.2,7.7,1.30,0.00,0.00,61,100,100,100,100,17.9,232,230,31.5,42.1,1,1423.36,1011.4,997.2
2022-12-29T16:00,10.5,1.00,84,8.0,7.3,1.00,0.00,0.00,55,100,66,73,100,18.6,227,226,32.1,42.5,1,0.00,1011.4,997.1
2022-12-29T17:00,10.0,0.20,87,8.0,6.9,0.20,0.00,0.00,51,100,65,100,100,18.1,234,235,30.9,43.6,0,0.00,1012.1,997.8
2022-12-29T18:00,9.6,0.30,88,7.7,7.3,0.30,0.00,0.00,51,100,100,100,48,12.0,241,237,23.0,36.7,0,0.00,1012.7,998.4
2022-12-29T19:00,9.0,2.30,90,7.5,6.9,2.30,0.00,0.00,61,100,100,100,26,10.2,237,231,21.6,25.9,0,0.00,1013.1,998.7
2022-12-29T20:00,9.0,0.20,90,7.4,6.5,0.20,0.00,0.00,51,100,98,100,4,12.3,221,212,23.5,25.9,0,0.00,1013.3,998.9
2022-12-29T21:00,8.6,0.00,91,7.2,6.0,0.00,0.00,0.00,3,100,100,100,25,12.6,221,217,24.5,27.0,0,0.00,1013.6,999.2
2022-12-29T22:00,8.4,0.00,90,6.9,5.7,0.00,0.00,0.00,3,100,100,100,30,12.9,237,234,24.5,27.0,0,0.00,1014.4,1000.0
2022-12-29T23:00,8.1,0.20,92,6.8,5.9,0.20,0.00,0.00,51,100,100,100,16,9.4,241,238,19.8,27.4,0,0.00,1014.7,1000.3
2022-12-30T00:00,7.8,0.00,94,6.8,5.3,0.00,0.00,0.00,3,100,100,38,39,11.3,235,233,23.0,27.4,0,0.00,1015.6,1001.1
2022-12-30T01:00,7.3,0.50,90,5.8,4.2,0.50,0.00,0.00,53,99,98,15,22,13.6,241,238,26.7,28.1,0,0.00,1015.8,1001.3
2022-12-30T02:00,6.9,0.00,92,5.8,4.0,0.00,0.00,0.00,1,24,19,0,7,12.5,230,224,26.3,28.1,0,0.00,1015.9,1001.4
2022-12-30T03:00,6.3,0.00,93,5.2,3.5,0.00,0.00,0.00,0,10,0,0,10,10.7,221,213,24.5,26.3,0,0.00,1016.7,1002.2
2022-12-30T04:00,5.8,0.00,95,5.0,3.3,0.00,0.00,0.00,1,30,0,0,30,8.6,219,202,20.7,22.7,0,0.00,1017.2,1002.6
2022-12-30T05:00,5.6,0.00,95,4.9,3.0,0.00,0.00,0.00,1,33,0,0,33,9.1,215,198,21.2,20.2,0,0.00,1017.0,1002.4
2022-12-30T06:00,5.1,0.00,96,4.5,2.7,0.00,0.00,0.00,2,56,0,0,56,6.8,217,198,18.5,19.8,0,0.00,1017.0,1002.4
2022-12-30T07:00,5.0,0.00,96,4.4,2.8,0.00,0.00,0.00,1,38,22,0,20,5.8,211,176,15.5,15.5,0,0.00,1017.0,1002.4
2022-12-30T08:00,4.6,0.00,96,4.0,2.0,0.00,0.00,0.00,3,94,92,0,20,7.5,196,163,16.9,16.2,0,0.00,1017.4,1002.8
2022-12-30T09:00,4.6,0.00,95,3.9,1.8,0.00,0.00,0.00,3,100,100,0,25,9.1,178,146,19.1,18.4,1,0.00,1017.0,1002.4
2022-12-30T10:00,5.7,0.00,92,4.4,2.8,0.00,0.00,0.00,3,100,100,0,6,10.5,162,128,18.6,20.9,1,3536.85,1016.3,1001.7
2022-12-30T11:00,6.7,0.00,92,5.6,3.9,0.00,0.00,0.00,3,100,100,0,0,11.6,150,120,22.1,22.0,1,3600.00,1015.9,1001.4
2022-12-30T12:00,7.7,0.00,90,6.2,5.3,0.00,0.00,0.00,3,100,100,0,0,9.8,151,118,25.6,22.7,1,3600.00,1014.3,999.9
2022-12-30T13:00,8.7,0.00,82,5.9,5.7,0.00,0.00,0.00,3,100,100,97,1,13.4,134,126,22.1,23.8,1,3600.00,1013.7,999.3
2022-12-30T14:00,9.2,0.00,80,6.0,6.1,0.00,0.00,0.00,3,100,100,100,1,13.8,140,131,24.5,28.1,1,0.00,1012.5,998.2
2022-12-30T15:00,9.0,0.00,80,5.8,5.7,0.00,0.00,0.00,3,100,100,100,12,15.3,147,139,28.4,31.3,1,0.00,1011.5,997.2
2022-12-30T16:00,9.2,0.50,80,5.9,6.0,0.50,0.00,0.00,53,100,100,100,100,15.0,154,145,28.0,31.7,1,0.00,1010.8,996.5
2022-12-30T17:00,8.7,0.90,89,7.0,5.8,0.90,0.00,0.00,53,100,100,100,100,14.0,164,154,27.7,31.0,0,0.00,1010.7,996.4
2022-12-30T18:00,9.5,1.70,88,7.6,6.6,1.70,0.00,0.00,61,100,100,100,100,15.5,197,184,30.2,40.7,0,0.00,1010.7,996.4
2022-12-30T19:00,10.5,0.30,87,8.3,6.8,0.30,0.00,0.00,51,100,100,100,100,21.9,218,216,38.2,45.0,0,0.00,1010.8,996.6
2022-12-30T20:00,11.0,0.00,84,8.4,7.2,0.00,0.00,0.00,3,100,100,58,100,23.0,222,221,39.5,49.3,0,0.00,1011.5,997.3
2022-12-30T21:00,11.5,0.00,82,8.4,7.5,0.00,0.00,0.00,3,100,99,88,87,24.0,222,220,41.3,50.4,0,0.00,1012.0,997.8
2022-12-30T22:00,11.4,0.00,83,8.6,7.8,0.00,0.00,0.00,3,100,100,57,69,22.4,224,222,39.0,51.8,0,0.00,1012.5,998.3
2022-12-30T23:00,11.7,0.00,82,8.8,8.1,0.00,0.00,0.00,3,100,98,57,100,22.7,226,224,39.5,48.2,0,0.00,1013.0,998.8
2022-12-31T00:00,12.7,0.00,80,9.2,9.1,0.00,0.00,0.00,3,100,99,9,100,22.9,229,228,39.8,48.6,0,0.00,1013.7,999.5
2022-12-31T01:00,12.1,0.20,90,10.5,9.3,0.20,0.00,0.00,51,100,100,100,100,20.1,220,216,35.5,48.6,0,0.00,1013.5,999.3
2022-12-31T02:00,12.2,0.80,91,10.8,9.3,0.80,0.00,0.00,53,100,100,100,100,21.5,222,220,38.2,55.4,0,0.00,1013.7,999.5
2022-12-31T03:00,13.0,0.50,88,11.1,9.7,0.50,0.00,0.00,53,100,100,75,100,25.2,229,227,43.1,56.5,0,0.00,1014.3,1000.1
2022-12-31T04:00,13.6,0.00,85,11.1,10.2,0.00,0.00,0.00,3,100,100,100,49,25.5,229,227,43.6,54.0,0,0.00,1014.7,1000.6
2022-12-31T05:00,13.6,0.00,83,10.7,10.6,0.00,0.00,0.00,3,100,100,98,62,21.9,229,228,38.8,53.6,0,0.00,1014.9,1000.8
2022-12-31T06:00,13.7,0.00,82,10.7,11.2,0.00,0.00,0.00,3,100,100,100,100,18.9,225,222,34.4,46.8,0,0.00,1015.1,1001.0
2022-12-31T07:00,13.5,0.00,83,10.7,10.8,0.00,0.00,0.00,3,100,100,40,46,20.2,221,219,36.0,43.2,0,0.00,1015.8,1001.6
2022-12-31T08:00,13.2,0.00,83,10.4,10.5,0.00,0.00,0.00,3,100,100,57,30,19.4,225,223,34.9,42.8,0,0.00,1016.7,1002.5
2022-12-31T09:00,13.3,0.00,82,10.3,10.5,0.00,0.00,0.00,3,100,100,13,47,19.6,225,221,34.9,41.8,1,0.00,1017.1,1002.9
2022-12-31T10:00,13.6,0.00,81,10.4,10.8,0.00,0.00,0.00,3,100,100,100,2,19.9,225,222,35.6,43.6,1,62.05,1017.3,1003.1
2022-12-31T11:00,14.3,0.00,78,10.6,11.8,0.00,0.00,0.00,3,100,100,10,3,18.1,226,224,31.8,43.2,1,0.00,1017.7,1003.5
2022-12-31T12:00,15.8,0.00,71,10.6,13.2,0.00,0.00,0.00,3,100,100,13,0,19.1,227,226,32.4,46.4,1,3600.00,1017.5,1003.4
2022-12-31T13:00,16.4,0.00,73,11.5,15.1,0.00,0.00,0.00,3,100,100,3,2,12.2,219,214,20.7,46.4,1,3600.00,1016.6,1002.6
2022-12-31T14:00,16.6,0.00,74,12.0,16.0,0.00,0.00,0.00,3,100,100,0,2,8.1,209,201,15.6,27.0,1,3600.00,1016.2,1002.2
2022-12-31T15:00,16.8,0.00,69,11.0,15.2,0.00,0.00,0.00,3,100,100,0,0,12.9,214,210,25.7,29.2,1,3600.00,1015.7,1001.7
2022-12-31T16:00,15.6,0.00,72,10.6,14.1,0.00,0.00,0.00,3,100,100,0,0,11.3,216,211,25.5,29.5,1,3337.67,1016.1,1002.0
2022-12-31T17:00,14.2,0.00,76,10.1,12.7,0.00,0.00,0.00,3,100,100,0,0,10.6,205,190,26.3,25.9,0,0.00,1016.2,1002.1
2022-12-31T18:00,14.0,0.00,75,9.7,12.2,0.00,0.00,0.00,3,99,99,0,0,11.8,212,203,28.5,26.6,0,0.00,1016.6,1002.4
2022-12-31T19:00,13.6,0.00,77,9.5,11.6,0.00,0.00,0.00,3,100,100,0,0,12.7,215,205,29.2,28.4,0,0.00,1017.0,1002.8
2022-12-31T20:00,13.2,0.00,77,9.3,11.3,0.00,0.00,0.00,3,100,100,2,0,11.3,214,202,27.5,28.1,0,0.00,1017.6,1003.4
2022-12-31T21:00,13.4,0.00,75,9.0,11.4,0.00,0.00,0.00,3,100,100,12,0,12.0,209,196,28.0,26.6,0,0.00,1017.9,1003.7
2022-12-31T22:00,13.2,0.00,74,8.7,10.9,0.00,0.00,0.00,3,100,100,12,0,13.5,207,196,29.6,29.2,0,0.00,1018.0,1003.8
2022-12-31T23:00,13.3,0.00,72,8.3,10.7,0.00,0.00,0.00,3,91,90,6,0,14.6,208,200,31.1,31.7,0,0.00,1018.4,1004.2
2023-01-01T00:00,13.2,0.00,70,7.9,10.3,0.00,0.00,0.00,3,100,100,0,0,15.6,212,206,32.2,33.5,0,0.00,1018.8,1004.6
2023-01-01T01:00,12.1,0.00,78,8.3,9.7,0.00,0.00,0.00,3,96,69,0,0,13.2,214,202,30.7,34.6,0,0.00,1018.7,1004.4
2023-01-01T02:00,11.7,0.00,78,8.0,9.2,0.00,0.00,0.00,1,37,37,0,0,13.1,211,201,29.9,29.9,0,0.00,1018.7,1004.4
2023-01-01T03:00,11.5,0.00,78,7.8,9.0,0.00,0.00,0.00,0,0,0,0,0,13.2,214,206,30.4,29.2,0,0.00,1018.8,1004.5
2023-01-01T04:00,12.1,0.00,74,7.6,9.0,0.00,0.00,0.00,0,0,0,0,0,16.9,213,209,34.3,36.0,0,0.00,1018.9,1004.6
2023-01-01T05:00,12.1,0.00,74,7.6,9.2,0.00,0.00,0.00,2,59,59,0,0,15.8,217,215,32.6,37.1,0,0.00,1019.0,1004.7
2023-01-01T06:00,11.4,0.00,76,7.4,8.8,0.00,0.00,0.00,3,93,93,0,0,13.0,222,219,29.1,34.6,0,0.00,1019.1,1004.8
2023-01-01T07:00,10.8,0.00,78,7.2,8.3,0.00,0.00,0.00,3,100,100,0,0,12.0,223,219,28.3,29.5,0,0.00,1019.8,1005.4
2023-01-01T08:00,10.4,0.00,79,7.0,8.0,0.00,0.00,0.00,3,82,81,5,0,10.9,220,207,27.1,27.4,0,0.00,1020.6,1006.2
2023-01-01T09:00,10.4,0.00,79,6.9,8.0,0.00,0.00,0.00,3,93,93,1,0,11.0,217,203,26.2,25.6,1,0.00,1021.2,1006.8
2023-01-01T10:00,11.9,0.00,73,7.3,9.5,0.00,0.00,0.00,3,99,98,40,0,11.1,220,209,24.3,25.6,1,3546.50,1021.6,1007.3
2023-01-01T11:00,12.8,0.00,71,7.7,10.6,0.00,0.00,0.00,3,100,100,11,0,10.8,218,210,23.6,25.9,1,3600.00,1022.0,1007.7
2023-01-01T12:00,14.2,0.00,64,7.4,11.3,0.00,0.00,0.00,3,100,100,88,0,14.9,218,212,27.7,32.8,1,3600.00,1021.9,1007.7
2023-01-01T13:00,14.3,0.00,64,7.5,11.8,0.00,0.00,0.00,3,100,100,56,0,12.6,211,204,23.6,30.6,1,2885.97,1020.9,1006.7
2023-01-01T14:00,15.0,0.00,64,8.2,12.9,0.00,0.00,0.00,3,99,99,33,0,10.8,215,210,22.8,24.8,1,2382.51,1020.7,1006.5
2023-01-01T15:00,14.6,0.00,66,8.4,13.3,0.00,0.00,0.00,3,100,100,100,0,5.8,216,210,16.0,25.6,1,3600.00,1020.3,1006.1
2023-01-01T16:00,13.9,0.00,68,8.0,12.7,0.00,0.00,0.00,3,100,100,25,0,4.8,192,153,12.5,15.1,1,0.00,1020.0,1005.8
2023-01-01T17:00,11.9,0.00,73,7.2,10.1,0.00,0.00,0.00,3,100,100,29,0,7.1,164,131,16.1,15.1,0,0.00,1019.9,1005.6
2023-01-01T18:00,11.2,0.00,79,7.6,9.3,0.00,0.00,0.00,3,95,95,9,0,8.7,155,114,17.1,15.8,0,0.00,1019.7,1005.4
2023-01-01T19:00,11.4,0.00,77,7.6,9.1,0.00,0.00,0.00,3,97,92,77,0,11.8,154,128,23.7,23.0,0,0.00,1018.9,1004.6
2023-01-01T20:00,11.4,0.00,74,6.9,8.7,0.00,0.00,0.00,3,99,99,23,0,12.7,160,137,26.4,25.2,0,0.00,1018.9,1004.6
2023-01-01T21:00,11.0,0.00,73,6.3,8.4,0.00,0.00,0.00,3,95,95,12,0,11.1,165,144,25.0,25.6,0,0.00,1018.9,1004.6
2023-01-01T22:00,10.1,0.00,75,5.9,7.8,0.00,0.00,0.00,3,99,98,35,0,8.7,179,150,19.4,23.4,0,0.00,1019.1,1004.7
2023-01-01T23:00,9.6,0.00,76,5.5,7.5,0.00,0.00,0.00,3,100,99,36,0,6.6,194,139,16.3,19.4,0,0.00,1019.3,1004.9
2023-01-02T00:00,10.5,0.00,69,5.1,8.2,0.00,0.00,0.00,3,100,100,28,0,7.8,194,146,19.3,19.1,0,0.00,1019.1,1004.7
2023-01-02T01:00,11.3,0.00,67,5.4,9.0,0.00,0.00,0.00,3,100,100,38,0,8.0,190,153,20.8,20.2,0,0.00,1018.1,1003.8
2023-01-02T02:00,10.4,0.00,70,5.1,8.0,0.00,0.00,0.00,3,100,100,98,0,8.1,184,135,19.5,18.4,0,0.00,1017.5,1003.2
2023-01-02T03:00,10.0,0.00,72,5.1,7.8,0.00,0.00,0.00,3,99,99,48,0,6.9,182,133,16.6,19.1,0,0.00,1017.7,1003.3
2023-01-02T04:00,9.5,0.10,74,5.1,7.4,0.10,0.00,0.00,51,100,100,82,0,6.6,187,119,14.9,17.3,0,0.00,1017.6,1003.2
2023-01-02T05:00,10.0,0.20,73,5.4,7.7,0.20,0.00,0.00,51,100,92,100,0,7.6,179,115,14.4,16.6,0,0.00,1017.4,1003.0
2023-01-02T06:00,10.6,0.00,69,5.2,8.4,0.00,0.00,0.00,3,100,94,98,0,7.4,188,141,17.5,18.0,0,0.00,1017.4,1003.1
2023-01-02T07:00,10.6,0.00,68,5.0,8.2,0.00,0.00,0.00,3,100,91,100,0,7.9,213,183,21.4,18.0,0,0.00,1018.4,1004.1
2023-01-02T08:00,11.4,0.00,68,5.8,8.9,0.00,0.00,0.00,3,100,98,99,0,10.2,211,190,23.6,24.1,0,0.00,1018.9,1004.6
2023-01-02T09:00,11.2,0.00,70,5.9,8.9,0.00,0.00,0.00,3,100,95,96,0,8.8,213,189,21.9,23.8,1,0.00,1019.1,1004.8
2023-01-02T10:00,11.9,0.00,68,6.2,9.5,0.00,0.00,0.00,3,93,80,64,0,10.2,221,203,23.0,23.4,1,0.00,1019.6,1005.3
2023-01-02T11:00,13.1,0.00,63,6.3,10.4,0.00,0.00,0.00,3,95,74,82,0,11.8,222,211,24.2,27.7,1,3600.00,1019.9,1005.7
2023-01-02T12:00,13.9,0.00,60,6.2,10.7,0.00,0.00,0.00,3,100,77,100,0,14.9,222,217,26.8,32.0,1,3600.00,1020.0,1005.8
2023-01-02T13:00,14.2,0.00,62,6.9,11.0,0.00,0.00,0.00,3,100,100,99,22,16.3,231,229,28.4,33.1,1,0.00,1020.3,1006.1
2023-01-02T14:00,13.4,0.20,72,8.4,11.1,0.20,0.00,0.00,51,100,98,100,7,12.8,234,230,23.2,34.9,1,0.00,1020.4,1006.2
2023-01-02T15:00,12.8,0.60,78,9.1,10.7,0.60,0.00,0.00,53,100,100,100,16,12.3,225,218,22.4,27.7,1,0.00,1020.4,1006.1
2023-01-02T16:00,12.0,0.30,85,9.5,9.2,0.30,0.00,0.00,51,100,72,100,100,17.8,227,223,31.3,37.8,1,0.00,1021.4,1007.1
2023-01-02T17:00,11.5,0.30,89,9.7,8.9,0.30,0.00,0.00,51,100,93,100,100,17.6,235,235,31.3,41.0,0,0.00,1022.3,1007.9
2023-01-02T18:00,11.0,0.20,91,9.6,9.2,0.20,0.00,0.00,51,95,77,76,35,11.7,243,236,21.9,39.6,0,0.00,1023.1,1008.7
2023-01-02T19:00,10.2,0.00,92,8.9,8.2,0.00,0.00,0.00,3,100,100,95,55,11.4,247,242,21.9,24.1,0,0.00,1024.6,1010.1
2023-01-02T20:00,9.5,0.00,92,8.3,7.4,0.00,0.00,0.00,2,68,22,55,22,10.9,231,226,21.8,24.1,0,0.00,1025.7,1011.2
2023-01-02T21:00,8.5,0.00,93,7.5,6.2,0.00,0.00,0.00,3,80,58,49,16,10.7,233,228,22.6,22.7,0,0.00,1026.3,1011.7
2023-01-02T22:00,7.8,0.00,94,6.9,5.5,0.00,0.00,0.00,3,100,75,100,26,9.9,233,226,22.1,23.0,0,0.00,1027.1,1012.5
2023-01-02T23:00,7.6,0.00,95,6.8,5.5,0.00,0.00,0.00,3,100,39,100,45,8.2,234,229,19.6,21.2,0,0.00,1028.0,1013.4
2023-01-03T00:00,7.6,0.00,95,6.9,5.6,0.00,0.00,0.00,3,100,97,96,60,8.1,233,225,18.5,17.6,0,0.00,1028.4,1013.8
2023-01-03T01:00,7.0,0.00,96,6.3,4.8,0.00,0.00,0.00,3,100,100,33,60,8.7,227,222,21.1,18.7,0,0.00,1028.9,1014.2
2023-01-03T02:00,7.0,0.00,96,6.4,4.8,0.00,0.00,0.00,3,100,100,100,40,9.2,234,225,20.4,19.8,0,0.00,1029.0,1014.3
2023-01-03T03:00,6.8,0.00,96,6.3,4.7,0.00,0.00,0.00,3,100,100,77,25,7.9,231,219,18.9,18.7,0,0.00,1029.4,1014.7
2023-01-03T04:00,6.6,0.00,96,6.1,4.6,0.00,0.00,0.00,3,99,99,39,2,7.1,237,225,17.7,16.2,0,0.00,1029.5,1014.8
2023-01-03T05:00,5.7,0.00,98,5.4,3.7,0.00,0.00,0.00,3,100,100,80,9,5.9,239,223,16.3,14.8,0,0.00,1029.7,1014.9
2023-01-03T06:00,5.4,0.00,98,5.1,3.5,0.00,0.00,0.00,3,100,100,46,25,4.7,240,212,13.7,12.6,0,0.00,1030.1,1015.3
2023-01-03T07:00,4.9,0.00,98,4.7,3.0,0.00,0.00,0.00,3,100,100,0,26,4.1,247,195,10.2,10.1,0,0.00,1030.2,1015.4
2023-01-03T08:00,5.2,0.00,98,4.9,3.4,0.00,0.00,0.00,3,100,100,0,59,4.1,219,165,9.2,9.0,0,0.00,1030.3,1015.5
2023-01-03T09:00,5.8,0.00,97,5.3,3.8,0.00,0.00,0.00,3,100,94,0,100,5.2,206,164,10.0,10.1,1,0.00,1030.7,1015.9
2023-01-03T10:00,6.8,0.00,96,6.1,4.8,0.00,0.00,0.00,3,100,0,0,100,7.0,198,168,11.7,13.3,1,1653.05,1031.3,1016.6
2023-01-03T11:00,7.6,0.00,92,6.4,5.7,0.00,0.00,0.00,3,100,0,0,100,6.9,205,186,11.1,15.8,1,1946.75,1031.2,1016.5
2023-01-03T12:00,8.5,0.00,88,6.5,6.5,0.00,0.00,0.00,3,100,0,0,100,7.5,218,215,11.0,17.6,1,103.02,1031.1,1016.5
2023-01-03T13:00,9.2,0.10,82,6.2,6.7,0.10,0.00,0.00,51,100,0,0,48,10.5,230,229,15.1,20.5,1,3600.00,1031.4,1016.8
2023-01-03T14:00,9.6,0.00,78,5.9,7.1,0.00,0.00,0.00,2,69,0,0,69,9.7,221,219,14.3,22.7,1,3600.00,1030.9,1016.3
2023-01-03T15:00,9.6,0.00,78,6.0,7.4,0.00,0.00,0.00,1,26,0,1,26,8.2,201,195,13.9,20.9,1,3600.00,1030.4,1015.8
2023-01-03T16:00,8.4,0.00,84,5.8,6.1,0.00,0.00,0.00,2,50,0,3,48,8.3,206,198,18.4,17.6,1,3535.81,1030.4,1015.8
2023-01-03T17:00,7.2,0.00,89,5.5,4.9,0.00,0.00,0.00,1,36,0,0,36,8.0,212,198,20.4,17.6,0,0.00,1030.8,1016.1
2023-01-03T18:00,6.3,0.00,91,5.0,4.1,0.00,0.00,0.00,1,39,0,0,39,7.0,219,201,18.9,16.9,0,0.00,1031.0,1016.3
2023-01-03T19:00,5.8,0.00,93,4.8,3.6,0.00,0.00,0.00,1,29,0,0,29,6.4,222,196,17.3,15.1,0,0.00,1031.2,1016.4
2023-01-03T20:00,5.4,0.00,94,4.5,3.2,0.00,0.00,0.00,2,54,42,0,20,6.1,216,183,16.5,13.7,0,0.00,1031.3,1016.5
2023-01-03T21:00,5.5,0.00,94,4.7,3.3,0.00,0.00,0.00,3,100,100,0,26,6.6,217,189,17.2,14.4,0,0.00,1031.0,1016.2
2023-01-03T22:00,5.2,0.00,96,4.5,2.7,0.00,0.00,0.00,3,100,100,0,7,7.6,203,175,17.6,16.2,0,0.00,1030.8,1016.0
2023-01-03T23:00,4.9,0.00,96,4.3,2.3,0.00,0.00,0.00,3,98,98,2,2,8.0,197,172,18.8,16.9,0,0.00,1030.6,1015.8
2023-01-04T00:00,4.9,0.00,96,4.3,2.2,0.00,0.00,0.00,2,58,0,58,0,9.0,198,175,20.5,18.7,0,0.00,1030.5,1015.7
2023-01-04T01:00,4.9,0.00,95,4.2,2.4,0.00,0.00,0.00,3,80,1,27,0,7.6,196,172,18.7,19.8,0,0.00,1030.4,1015.6
2023-01-04T02:00,4.5,0.00,96,3.8,1.7,0.00,0.00,0.00,1,47,44,6,0,8.7,204,187,20.9,19.4,0,0.00,1030.0,1015.2
2023-01-04T03:00,4.5,0.00,95,3.8,1.5,0.00,0.00,0.00,3,89,50,79,0,10.3,207,192,23.8,23.0,0,0.00,1029.7,1014.9
2023-01-04T04:00,5.0,0.00,94,4.2,1.7,0.00,0.00,0.00,3,100,100,100,0,13.1,210,201,26.6,28.1,0,0.00,1029.3,1014.5
2023-01-04T05:00,5.6,0.00,93,4.5,2.1,0.00,0.00,0.00,3,100,99,100,0,14.5,205,199,27.1,30.6,0,0.00,1028.5,1013.8
2023-01-04T06:00,5.9,0.00,90,4.4,2.5,0.00,0.00,0.00,3,100,100,100,0,14.5,206,199,27.2,31.0,0,0.00,1027.7,1013.0
2023-01-04T07:00,6.4,0.00,86,4.3,2.7,0.00,0.00,0.00,3,100,99,100,100,16.3,213,208,29.7,34.6,0,0.00,1027.3,1012.6
2023-01-04T08:00,6.8,0.00,84,4.4,2.7,0.00,0.00,0.00,3,100,100,100,100,18.8,219,216,33.3,40.0,0,0.00,1026.7,1012.0
2023-01-04T09:00,7.1,0.00,84,4.5,3.1,0.00,0.00,0.00,3,100,100,100,100,17.9,219,214,31.5,40.7,1,0.00,1026.6,1012.0
2023-01-04T10:00,7.6,0.00,82,4.7,3.6,0.00,0.00,0.00,3,100,100,100,100,18.4,216,211,32.0,39.2,1,0.00,1026.2,1011.6
2023-01-04T11:00,8.2,0.00,79,4.8,4.3,0.00,0.00,0.00,3,100,100,100,100,18.2,221,218,31.6,39.6,1,0.00,1026.1,1011.5
2023-01-04T12:00,8.5,0.00,79,5.0,4.0,0.00,0.00,0.00,3,100,100,81,100,22.2,230,228,37.3,46.8,1,0.00,1025.4,1010.8
2023-01-04T13:00,8.9,0.00,83,6.2,4.7,0.00,0.00,0.00,3,100,100,83,100,22.1,234,233,37.7,48.2,1,0.00,1024.8,1010.3
2023-01-04T14:00,9.4,0.00,81,6.3,4.7,0.00,0.00,0.00,3,100,100,64,100,26.2,234,233,42.8,54.4,1,0.00,1024.0,1009.5
2023-01-04T15:00,9.5,1.40,81,6.5,5.1,1.40,0.00,0.00,61,100,100,100,100,23.8,233,232,40.6,55.4,1,0.00,1023.6,1009.1
2023-01-04T16:00,9.7,0.30,83,6.9,5.0,0.30,0.00,0.00,51,100,100,100,100,26.8,234,234,44.9,55.1,1,0.00,1023.2,1008.7
2023-01-04T17:00,9.7,0.00,82,6.7,4.8,0.00,0.00,0.00,3,100,100,100,97,28.1,234,234,46.9,59.0,0,0.00,1023.0,1008.5
2023-01-04T18:00,9.6,2.20,84,7.0,4.8,2.20,0.00,0.00,61,100,100,100,75,27.2,232,231,45.9,58.7,0,0.00,1022.8,1008.3
2023-01-04T19:00,9.6,0.30,85,7.2,5.0,0.30,0.00,0.00,51,100,100,99,100,26.6,230,229,44.5,56.9,0,0.00,1022.6,1008.1
2023-01-04T20:00,9.8,0.10,85,7.4,5.2,0.10,0.00,0.00,51,100,100,100,100,26.8,231,230,44.8,55.8,0,0.00,1022.6,1008.2
2023-01-04T21:00,10.1,0.00,84,7.5,5.3,0.00,0.00,0.00,3,100,100,96,100,28.9,231,230,47.8,60.5,0,0.00,1022.3,1007.9
2023-01-04T22:00,10.2,0.10,85,7.8,5.6,0.10,0.00,0.00,51,100,100,64,100,27.7,233,232,46.0,60.1,0,0.00,1022.3,1007.9
2023-01-04T23:00,10.3,0.10,85,8.0,5.9,0.10,0.00,0.00,51,100,100,95,100,26.8,231,230,44.5,58.3,0,0.00,1021.7,1007.3
2023-01-05T00:00,10.3,0.20,87,8.3,5.6,0.20,0.00,0.00,51,100,100,23,97,29.0,227,225,48.1,60.5,0,0.00,1021.5,1007.1
2023-01-05T01:00,9.9,0.10,92,8.7,5.9,0.10,0.00,0.00,51,100,100,3,100,25.0,228,226,42.3,60.8,0,0.00,1020.8,1006.4
2023-01-05T02:00,10.3,0.10,92,9.0,6.2,0.10,0.00,0.00,51,100,97,100,100,26.1,231,231,43.8,56.2,0,0.00,1020.4,1006.0
2023-01-05T03:00,10.7,0.10,92,9.4,6.9,0.10,0.00,0.00,51,100,100,2,100,24.7,240,241,41.1,54.4,0,0.00,1020.7,1006.3
2023-01-05T04:00,10.5,0.50,94,9.5,7.8,0.50,0.00,0.00,53,100,90,38,100,17.6,246,247,30.6,50.8,0,0.00,1020.8,1006.4
2023-01-05T05:00,10.4,0.20,94,9.5,8.0,0.20,0.00,0.00,51,100,25,100,100,15.6,253,251,27.9,36.7,0,0.00,1020.8,1006.4
2023-01-05T06:00,10.6,0.00,90,8.9,7.8,0.00,0.00,0.00,3,100,94,100,100,17.3,273,272,29.9,36.4,0,0.00,1021.3,1006.9
2023-01-05T07:00,10.3,0.20,83,7.6,6.8,0.20,0.00,0.00,51,100,100,100,59,19.2,284,283,33.1,40.3,0,0.00,1022.0,1007.6
2023-01-05T08:00,9.8,0.00,82,6.8,6.2,0.00,0.00,0.00,3,100,96,84,36,18.8,269,267,32.4,41.0,0,0.00,1022.6,1008.2
2023-01-05T09:00,9.6,0.00,83,6.9,6.2,0.00,0.00,0.00,3,100,100,48,100,17.5,256,256,30.7,38.5,1,0.00,1023.0,1008.5
2023-01-05T10:00,9.9,0.00,84,7.4,6.5,0.00,0.00,0.00,3,100,36,100,100,18.7,256,254,31.2,38.9,1,0.00,1023.7,1009.2
2023-01-05T11:00,10.2,0.00,83,7.4,6.9,0.00,0.00,0.00,3,100,0,21,100,17.7,255,253,29.9,38.5,1,0.00,1024.0,1009.6
2023-01-05T12:00,10.4,0.10,80,7.2,7.0,0.10,0.00,0.00,51,100,0,30,100,18.6,257,255,31.4,38.5,1,0.00,1024.0,1009.6
2023-01-05T13:00,11.5,0.10,69,6.0,7.5,0.10,0.00,0.00,51,100,19,0,100,19.9,264,264,29.7,42.8,1,0.00,1024.1,1009.7
2023-01-05T14:00,11.4,0.00,70,6.0,7.8,0.00,0.00,0.00,3,100,3,31,100,17.8,257,256,28.1,44.6,1,182.28,1024.0,1009.6
2023-01-05T15:00,11.3,0.00,71,6.2,8.0,0.00,0.00,0.00,2,69,44,33,41,16.2,259,257,27.2,37.4,1,0.00,1024.1,1009.7
2023-01-05T16:00,10.9,0.00,74,6.4,8.0,0.00,0.00,0.00,2,71,55,8,29,13.3,253,251,24.0,34.2,1,1125.38,1024.4,1010.0
2023-01-05T17:00,9.3,0.00,82,6.3,7.0,0.00,0.00,0.00,3,94,61,79,25,9.3,241,234,21.7,28.1,0,0.00,1024.6,1010.1
2023-01-05T18:00,9.1,0.00,85,6.7,7.0,0.00,0.00,0.00,3,100,77,100,100,8.2,234,218,19.6,19.8,0,0.00,1024.9,1010.4
2023-01-05T19:00,9.7,0.10,84,7.1,7.6,0.10,0.00,0.00,51,87,23,77,75,9.1,230,214,19.2,19.1,0,0.00,1024.8,1010.3
2023-01-05T20:00,9.1,0.20,90,7.5,7.2,0.20,0.00,0.00,51,100,0,100,100,8.0,227,207,19.1,19.1,0,0.00,1024.6,1010.1
2023-01-05T21:00,9.8,0.10,89,8.1,7.6,0.10,0.00,0.00,51,93,54,60,82,11.2,226,213,23.2,23.4,0,0.00,1024.5,1010.0
2023-01-05T22:00,9.7,0.20,92,8.4,7.6,0.20,0.00,0.00,51,100,74,100,100,11.0,226,221,22.9,23.8,0,0.00,1024.6,1010.1
2023-01-05T23:00,9.9,0.70,93,8.8,7.9,0.70,0.00,0.00,53,100,96,85,100,11.4,222,215,22.9,24.5,0,0.00,1024.2,1009.7
2023-01-06T00:00,10.0,0.10,92,8.8,7.7,0.10,0.00,0.00,51,100,100,100,100,13.3,221,213,25.0,27.0,0,0.00,1023.9,1009.4
2023-01-06T01:00,9.9,0.30,95,9.1,7.9,0.30,0.00,0.00,51,100,100,100,100,11.8,220,211,24.0,32.0,0,0.00,1023.4,1008.9
2023-01-06T02:00,10.1,0.00,94,9.2,8.2,0.00,0.00,0.00,3,100,100,43,100,11.7,221,214,23.7,25.6,0,0.00,1023.0,1008.6
2023-01-06T03:00,10.4,0.10,94,9.4,8.5,0.10,0.00,0.00,51,100,97,32,85,12.0,226,219,23.2,25.2,0,0.00,1022.9,1008.5
2023-01-06T04:00,10.3,0.30,96,9.7,8.6,0.30,0.00,0.00,51,100,100,98,100,11.5,225,219,22.9,24.8,0,0.00,1022.6,1008.2
2023-01-06T05:00,10.4,0.10,96,9.8,8.6,0.10,0.00,0.00,51,100,98,35,100,12.0,225,219,23.4,25.6,0,0.00,1022.4,1008.0
2023-01-06T06:00,10.5,0.00,94,9.5,8.4,0.00,0.00,0.00,3,100,99,0,100,13.7,231,225,24.9,28.4,0,0.00,1022.3,1007.9
2023-01-06T07:00,10.3,0.00,92,9.0,8.3,0.00,0.00,0.00,3,100,97,8,100,12.0,233,229,22.4,28.4,0,0.00,1022.3,1007.9
2023-01-06T08:00,9.9,0.00,92,8.7,7.6,0.00,0.00,0.00,3,89,54,0,77,13.5,234,228,25.0,27.7,0,0.00,1022.7,1008.3
2023-01-06T09:00,9.9,0.00,91,8.6,7.4,0.00,0.00,0.00,3,100,92,11,100,14.8,228,223,26.8,31.0,1,0.00,1023.0,1008.6
2023-01-06T10:00,10.2,0.00,88,8.3,7.4,0.00,0.00,0.00,3,100,99,0,100,16.1,230,228,27.8,33.5,1,0.00,1023.5,1009.1
2023-01-06T11:00,10.5,0.10,83,7.7,7.3,0.10,0.00,0.00,51,92,67,0,75,17.6,231,229,29.2,36.7,1,0.00,1023.4,1009.0
2023-01-06T12:00,10.8,0.00,78,7.1,7.7,0.00,0.00,0.00,3,91,88,0,23,16.6,224,222,27.7,37.1,1,2258.37,1023.0,1008.6
2023-01-06T13:00,10.6,0.00,79,7.2,7.9,0.00,0.00,0.00,3,100,100,0,100,13.8,231,229,22.3,44.3,1,3600.00,1022.8,1008.4
2023-01-06T14:00,10.5,0.00,83,7.8,7.5,0.00,0.00,0.00,3,100,100,1,100,16.5,228,226,26.3,33.1,1,0.00,1022.4,1008.0
2023-01-06T15:00,10.5,0.00,82,7.6,7.7,0.00,0.00,0.00,3,100,80,6,100,15.1,223,220,25.0,33.5,1,1712.15,1022.5,1008.1
2023-01-06T16:00,10.3,0.00,80,6.9,7.5,0.00,0.00,0.00,3,100,0,98,100,13.2,230,227,23.5,31.3,1,0.00,1022.8,1008.4
2023-01-06T17:00,10.0,0.00,81,6.8,7.3,0.00,0.00,0.00,3,100,6,99,100,12.3,225,220,22.4,28.1,0,0.00,1022.9,1008.5
2023-01-06T18:00,9.8,0.00,82,7.0,7.4,0.00,0.00,0.00,3,100,9,100,100,11.0,225,221,21.4,25.6,0,0.00,1022.9,1008.5
2023-01-06T19:00,9.7,0.00,85,7.3,7.5,0.00,0.00,0.00,3,100,20,99,100,10.2,229,225,20.7,23.4,0,0.00,1023.1,1008.6
2023-01-06T20:00,9.7,0.00,86,7.4,7.5,0.00,0.00,0.00,3,100,35,100,99,10.5,226,218,21.1,22.3,0,0.00,1023.2,1008.7
2023-01-06T21:00,9.6,0.00,87,7.5,7.5,0.00,0.00,0.00,3,92,13,23,90,10.2,220,212,20.7,22.3,0,0.00,1023.0,1008.5
2023-01-06T22:00,9.1,0.00,90,7.5,7.1,0.00,0.00,0.00,3,82,38,17,70,8.7,220,210,19.7,21.6,0,0.00,1022.9,1008.4
2023-01-06T23:00,8.2,0.00,93,7.1,6.4,0.00,0.00,0.00,2,75,52,1,47,7.2,215,198,18.9,18.4,0,0.00,1022.8,1008.3
2023-01-07T00:00,8.0,0.00,93,7.0,6.3,0.00,0.00,0.00,2,57,8,11,53,6.5,210,183,16.6,15.8,0,0.00,1022.7,1008.2
2023-01-07T01:00,8.5,0.00,88,6.7,6.4,0.00,0.00,0.00,3,100,1,30,63,8.7,202,187,19.4,14.4,0,0.00,1022.6,1008.1
2023-01-07T02:00,7.8,0.00,91,6.5,5.8,0.00,0.00,0.00,3,100,0,58,100,7.6,199,183,18.7,18.0,0,0.00,1022.1,1007.6
2023-01-07T03:00,8.7,0.00,86,6.6,6.8,0.00,0.00,0.00,3,100,96,72,100,6.9,196,174,15.7,16.9,0,0.00,1021.6,1007.1
2023-01-07T04:00,8.9,0.00,86,6.6,7.2,0.00,0.00,0.00,3,100,93,83,100,6.0,188,155,13.1,14.4,0,0.00,1021.0,1006.5
2023-01-07T05:00,8.9,0.00,85,6.6,7.1,0.00,0.00,0.00,3,89,55,20,74,5.9,173,137,11.6,12.6,0,0.00,1020.5,1006.0
2023-01-07T06:00,7.7,0.00,91,6.3,5.8,0.00,0.00,0.00,3,82,0,2,82,6.2,157,126,11.8,11.9,0,0.00,1019.8,1005.3
2023-01-07T07:00,7.1,0.00,93,6.0,5.1,0.00,0.00,0.00,2,50,17,1,39,6.8,151,122,13.2,13.3,0,0.00,1019.3,1004.8
2023-01-07T08:00,6.0,0.00,94,5.2,3.7,0.00,0.00,0.00,1,39,13,0,30,7.4,140,113,13.6,14.0,0,0.00,1019.1,1004.5
2023-01-07T09:00,5.7,0.00,95,5.0,3.2,0.00,0.00,0.00,0,4,0,0,4,9.0,126,106,15.2,16.9,1,0.00,1018.5,1003.9
2023-01-07T10:00,6.8,0.00,92,5.6,4.2,0.00,0.00,0.00,0,0,0,0,0,10.7,121,102,20.5,19.4,1,3600.00,1018.1,1003.6
2023-01-07T11:00,8.3,0.00,84,5.8,6.0,0.00,0.00,0.00,0,0,0,0,0,8.6,119,112,16.9,20.2,1,3600.00,1017.7,1003.2
2023-01-07T12:00,9.6,0.00,79,6.1,7.5,0.00,0.00,0.00,0,0,0,0,0,7.9,133,133,12.2,20.5,1,3600.00,1016.9,1002.5
2023-01-07T13:00,10.8,0.00,68,5.1,8.5,0.00,0.00,0.00,0,9,0,0,100,7.6,158,155,10.5,19.4,1,3600.00,1016.1,1001.8
2023-01-07T14:00,10.9,0.00,68,5.3,8.3,0.00,0.00,0.00,0,12,0,0,12,9.7,137,135,13.8,21.2,1,3600.00,1014.9,1000.6
2023-01-07T15:00,11.1,0.00,69,5.7,8.7,0.00,0.00,0.00,0,5,5,0,0,8.9,137,133,15.3,21.2,1,3600.00,1014.1,999.8
2023-01-07T16:00,9.9,0.00,75,5.6,7.7,0.00,0.00,0.00,0,16,16,0,0,7.5,159,145,17.3,19.1,1,3600.00,1013.9,999.6
2023-01-07T17:00,8.0,0.00,81,5.0,5.6,0.00,0.00,0.00,1,22,22,0,0,7.9,161,133,18.7,16.6,0,63.40,1013.6,999.2
2023-01-07T18:00,7.5,0.00,82,4.7,4.8,0.00,0.00,0.00,2,63,63,0,0,9.7,170,132,20.1,19.4,0,0.00,1013.4,999.0
2023-01-07T19:00,7.0,0.00,85,4.6,4.5,0.00,0.00,0.00,2,68,68,0,0,8.1,176,135,18.8,19.4,0,0.00,1013.2,998.7
2023-01-07T20:00,6.2,0.00,87,4.2,3.6,0.00,0.00,0.00,1,29,29,0,0,8.7,171,132,18.9,17.6,0,0.00,1012.9,998.4
2023-01-07T21:00,5.6,0.00,88,3.8,3.0,0.00,0.00,0.00,3,100,98,94,0,7.9,183,133,18.4,19.1,0,0.00,1013.1,998.6
2023-01-07T22:00,6.8,0.00,81,3.7,4.2,0.00,0.00,0.00,3,100,75,100,0,7.5,198,145,18.2,18.0,0,0.00,1013.0,998.5
2023-01-07T23:00,7.9,0.00,74,3.6,5.0,0.00,0.00,0.00,3,100,45,100,11,9.6,199,160,21.7,20.9,0,0.00,1012.7,998.3
2023-01-08T00:00,8.4,0.00,71,3.5,5.5,0.00,0.00,0.00,3,100,38,100,0,9.2,192,159,20.6,21.2,0,0.00,1012.0,997.6
2023-01-08T01:00,8.6,0.00,77,4.8,6.4,0.00,0.00,0.00,3,100,96,100,17,6.4,200,164,17.2,19.8,0,0.00,1011.3,997.0
2023-01-08T02:00,8.3,0.00,78,4.6,5.9,0.00,0.00,0.00,3,100,100,100,100,7.1,200,156,17.2,16.6,0,0.00,1010.5,996.1
2023-01-08T03:00,8.6,0.00,74,4.3,5.9,0.00,0.00,0.00,3,100,100,100,17,9.0,194,164,19.6,20.2,0,0.00,1010.2,995.9
2023-01-08T04:00,8.9,0.00,72,4.1,6.1,0.00,0.00,0.00,3,100,100,98,27,9.5,197,171,20.7,22.0,0,0.00,1009.9,995.6
2023-01-08T05:00,8.2,0.00,74,3.9,5.5,0.00,0.00,0.00,3,100,100,98,17,8.1,193,159,18.5,21.6,0,0.00,1009.0,994.7
2023-01-08T06:00,7.8,0.30,79,4.3,5.0,0.30,0.00,0.00,51,100,100,100,100,9.5,200,171,20.7,20.9,0,0.00,1008.9,994.5
2023-01-08T07:00,8.2,0.40,80,5.0,5.0,0.40,0.00,0.00,51,100,100,100,100,13.4,204,194,25.3,28.1,0,0.00,1009.0,994.7
2023-01-08T08:00,8.1,0.80,88,6.3,5.3,0.80,0.00,0.00,53,100,90,100,53,12.7,212,209,25.9,28.1,0,0.00,1009.2,994.9
2023-01-08T09:00,8.5,0.70,89,6.7,5.7,0.70,0.00,0.00,53,100,100,100,23,13.2,208,202,25.6,28.1,1,0.00,1009.1,994.8
2023-01-08T10:00,8.9,0.10,89,7.2,6.3,0.10,0.00,0.00,51,100,100,100,100,13.2,203,197,25.0,28.1,1,0.00,1008.5,994.2
2023-01-08T11:00,9.5,0.30,88,7.6,6.7,0.30,0.00,0.00,51,100,100,47,33,14.5,203,199,26.1,30.2,1,0.00,1008.3,994.0
2023-01-08T12:00,10.1,0.10,85,7.8,7.6,0.10,0.00,0.00,51,100,100,72,48,13.6,206,202,24.0,30.6,1,0.00,1007.8,993.6
2023-01-08T13:00,9.8,0.00,87,7.8,7.5,0.00,0.00,0.00,3,100,62,67,100,11.3,193,189,17.4,30.6,1,0.00,1007.2,993.0
2023-01-08T14:00,10.2,0.00,86,7.9,7.8,0.00,0.00,0.00,3,100,95,36,100,12.5,196,192,20.6,32.0,1,0.00,1006.6,992.4
2023-01-08T15:00,10.2,0.10,82,7.2,7.5,0.10,0.00,0.00,51,100,98,99,69,13.9,203,201,23.5,31.7,1,0.00,1005.9,991.7
2023-01-08T16:00,10.0,0.10,80,6.7,7.2,0.10,0.00,0.00,51,100,11,100,75,13.2,205,202,23.5,28.8,1,0.00,1005.5,991.3
2023-01-08T17:00,9.6,0.00,77,5.9,6.8,0.00,0.00,0.00,2,73,59,19,24,12.3,191,187,23.5,27.4,0,0.00,1004.8,990.6
2023-01-08T18:00,7.9,0.00,83,5.3,5.6,0.00,0.00,0.00,3,92,89,16,15,7.6,177,161,19.1,25.9,0,0.00,1004.2,989.9
2023-01-08T19:00,7.2,0.00,89,5.5,4.6,0.00,0.00,0.00,3,100,100,27,12,10.1,163,145,23.0,20.2,0,0.00,1003.4,989.1
2023-01-08T20:00,6.8,0.00,90,5.3,4.2,0.00,0.00,0.00,3,100,100,14,13,9.5,168,151,22.5,22.0,0,0.00,1002.8,988.5
2023-01-08T21:00,6.4,0.00,90,4.9,4.0,0.00,0.00,0.00,3,100,100,85,15,7.8,173,146,18.8,19.4,0,0.00,1002.5,988.2
2023-01-08T22:00,6.5,0.00,90,5.0,4.3,0.00,0.00,0.00,3,100,100,100,1,7.0,163,125,14.7,16.6,0,0.00,1001.8,987.5
2023-01-08T23:00,6.7,0.30,90,5.1,4.4,0.30,0.00,0.00,51,100,100,100,100,7.6,165,135,15.3,15.8,0,0.00,1001.4,987.1
2023-01-09T00:00,6.8,0.50,92,5.6,4.5,0.50,0.00,0.00,53,100,100,100,97,8.2,147,128,16.7,17.3,0,0.00,1000.6,986.3
2023-01-09T01:00,7.9,0.20,92,6.7,5.0,0.20,0.00,0.00,51,100,100,100,100,13.7,171,162,25.9,19.8,0,0.00,999.3,985.1
2023-01-09T02:00,8.0,1.90,92,6.8,6.0,1.90,0.00,0.00,61,100,96,100,100,8.6,200,195,18.0,28.8,0,0.00,998.6,984.4
2023-01-09T03:00,8.1,0.70,93,7.1,5.3,0.70,0.00,0.00,53,100,97,100,100,13.6,234,230,25.5,33.8,0,0.00,998.9,984.7
2023-01-09T04:00,8.1,0.50,93,7.0,4.8,0.50,0.00,0.00,53,100,48,100,100,17.2,236,237,29.6,36.0,0,0.00,999.3,985.1
2023-01-09T05:00,8.1,0.50,89,6.4,4.9,0.50,0.00,0.00,53,100,33,100,100,15.3,251,246,26.6,40.3,0,0.00,1000.4,986.2
2023-01-09T06:00,7.7,0.10,88,5.9,4.2,0.10,0.00,0.00,51,100,16,25,100,16.8,245,242,29.0,38.5,0,0.00,1001.6,987.3
2023-01-09T07:00,7.1,0.10,88,5.2,3.2,0.10,0.00,0.00,51,100,0,6,100,19.0,240,237,31.3,41.0,0,0.00,1002.7,988.4
2023-01-09T08:00,6.2,0.40,88,4.3,1.8,0.40,0.00,0.00,51,100,40,61,100,20.7,238,239,35.1,42.8,0,0.00,1003.8,989.4
2023-01-09T09:00,6.2,0.30,90,4.6,1.7,0.30,0.00,0.00,51,100,87,100,100,21.6,233,233,36.0,43.9,1,0.00,1004.0,989.6
2023-01-09T10:00,6.3,0.20,87,4.3,2.0,0.20,0.00,0.00,51,100,23,72,100,19.6,228,227,32.9,45.4,1,0.00,1004.4,990.0
2023-01-09T11:00,6.6,0.10,88,4.8,2.9,0.10,0.00,0.00,51,100,0,40,100,17.1,228,226,28.8,40.7,1,0.00,1004.5,990.1
2023-01-09T12:00,7.4,0.10,84,4.9,3.5,0.10,0.00,0.00,51,100,1,100,100,18.2,232,232,29.5,43.9,1,241.48,1004.3,990.0
2023-01-09T13:00,7.1,0.50,84,4.6,2.6,0.50,0.00,0.00,53,100,14,64,75,21.9,225,225,35.1,47.5,1,0.00,1004.2,989.9
2023-01-09T14:00,7.6,1.20,81,4.6,2.9,1.20,0.00,0.00,55,77,58,49,31,22.7,229,227,36.7,46.8,1,521.40,1004.3,990.0
2023-01-09T15:00,7.1,0.80,84,4.6,2.5,0.80,0.00,0.00,53,79,51,45,52,23.0,237,238,36.7,48.2,1,3600.00,1004.6,990.3
2023-01-09T16:00,6.7,0.60,85,4.3,2.6,0.60,0.00,0.00,53,68,31,32,47,18.6,231,229,31.8,47.2,1,1313.25,1005.6,991.2
2023-01-09T17:00,5.9,0.30,87,3.9,2.0,0.30,0.00,0.00,51,85,0,64,73,16.9,234,232,29.9,39.2,0,0.00,1006.5,992.1
2023-01-09T18:00,5.0,1.60,90,3.4,0.9,1.60,0.00,0.00,61,97,24,71,92,17.4,238,236,29.6,38.5,0,0.00,1007.5,993.0
2023-01-09T19:00,5.5,0.10,89,3.9,1.8,0.10,0.00,0.00,51,100,87,100,100,15.1,244,242,26.4,35.3,0,0.00,1008.5,994.0
2023-01-09T20:00,5.5,0.40,91,4.2,2.0,0.40,0.00,0.00,51,100,100,100,100,14.0,249,247,24.7,32.4,0,0.00,1009.7,995.2
2023-01-09T21:00,5.6,0.00,90,4.1,2.0,0.00,0.00,0.00,3,100,100,32,100,15.1,244,242,26.1,30.6,0,0.00,1010.5,996.0
2023-01-09T22:00,5.3,0.10,90,3.8,1.2,0.10,0.00,0.00,51,100,0,36,100,18.0,239,237,30.2,36.0,0,0.00,1011.5,997.0
2023-01-09T23:00,4.3,0.00,93,3.2,0.6,0.00,0.00,0.00,3,100,0,99,100,14.3,238,236,24.6,37.1,0,0.00,1012.6,998.0
2023-01-10T00:00,4.5,0.00,93,3.4,1.4,0.00,0.00,0.00,3,99,6,84,98,11.1,250,245,19.9,29.2,0,0.00,1013.7,999.1
2023-01-10T01:00,5.3,0.40,90,3.9,2.3,0.40,0.00,0.00,51,94,43,73,63,11.0,247,247,21.5,23.4,0,0.00,1014.0,999.4
2023-01-10T02:00,5.1,0.40,94,4.2,2.2,0.40,0.00,0.00,51,98,31,97,74,10.5,273,266,19.5,23.4,0,0.00,1015.3,1000.7
2023-01-10T03:00,4.7,0.40,94,3.9,1.7,0.40,0.00,0.00,51,100,76,71,100,11.0,257,247,18.5,24.8,0,0.00,1017.1,1002.5
2023-01-10T04:00,3.9,0.30,97,3.4,1.0,0.30,0.00,0.00,51,100,0,83,100,8.9,242,227,15.9,23.4,0,0.00,1018.1,1003.4
2023-01-10T05:00,4.7,0.00,92,3.5,1.7,0.00,0.00,0.00,1,27,0,5,27,9.8,273,264,20.2,21.2,0,0.00,1018.9,1004.2
2023-01-10T06:00,4.0,0.00,92,2.8,0.6,0.00,0.00,0.00,1,34,0,0,33,12.0,260,254,24.5,24.8,0,0.00,1020.0,1005.3
2023-01-10T07:00,3.6,0.00,93,2.5,0.2,0.00,0.00,0.00,1,25,0,0,25,11.0,254,247,22.1,26.3,0,0.00,1021.1,1006.4
2023-01-10T08:00,3.0,0.00,93,2.1,-0.3,0.00,0.00,0.00,3,100,0,0,100,10.4,243,236,21.9,23.4,0,0.00,1022.2,1007.4
2023-01-10T09:00,3.5,0.00,93,2.4,0.2,0.00,0.00,0.00,3,100,8,0,100,10.2,239,231,19.4,23.4,1,0.00,1023.1,1008.3
2023-01-10T10:00,4.2,0.00,91,2.9,0.6,0.00,0.00,0.00,3,100,0,0,100,13.3,240,237,21.9,25.6,1,391.96,1023.7,1008.9
2023-01-10T11:00,5.0,0.10,88,3.2,0.8,0.10,0.00,0.00,51,100,47,9,100,17.6,238,239,25.9,33.5,1,1276.08,1024.3,1009.6
2023-01-10T12:00,5.2,0.10,86,3.1,0.8,0.10,0.00,0.00,51,100,88,1,100,19.1,238,238,28.2,38.5,1,0.00,1024.3,1009.6
2023-01-10T13:00,6.7,0.10,77,3.0,2.0,0.10,0.00,0.00,51,100,99,11,73,21.0,238,239,31.4,42.8,1,0.00,1024.1,1009.5
2023-01-10T14:00,6.5,0.10,81,3.4,2.3,0.10,0.00,0.00,51,100,100,72,48,17.8,229,228,26.3,42.5,1,2101.05,1023.7,1009.1
2023-01-10T15:00,6.8,0.00,77,3.1,3.2,0.00,0.00,0.00,3,100,100,100,38,13.8,223,221,21.7,37.4,1,62.33,1023.6,1009.0
2023-01-10T16:00,6.6,0.00,76,2.7,3.1,0.00,0.00,0.00,3,100,100,91,38,12.4,204,197,22.4,29.2,1,0.00,1023.1,1008.5
2023-01-10T17:00,5.9,0.00,78,2.3,2.4,0.00,0.00,0.00,3,94,86,53,23,12.0,198,189,23.5,26.6,0,0.00,1022.5,1007.9
2023-01-10T18:00,5.4,0.00,77,1.7,1.7,0.00,0.00,0.00,3,100,100,82,15,12.6,192,182,24.6,26.3,0,0.00,1022.0,1007.3
2023-01-10T19:00,5.0,0.00,75,1.0,1.3,0.00,0.00,0.00,3,100,100,100,16,12.1,181,168,24.5,26.3,0,0.00,1021.6,1006.9
2023-01-10T20:00,5.6,0.00,70,0.7,1.7,0.00,0.00,0.00,3,100,99,100,32,12.8,184,170,23.8,27.0,0,0.00,1021.2,1006.6
2023-01-10T21:00,5.9,0.20,70,0.9,2.0,0.20,0.00,0.00,51,100,88,100,100,13.3,188,177,24.3,28.4,0,0.00,1020.7,1006.1
2023-01-10T22:00,5.9,0.10,73,1.4,2.1,0.10,0.00,0.00,51,100,79,100,100,12.6,193,182,23.2,28.1,0,0.00,1020.4,1005.8
2023-01-10T23:00,6.2,0.00,71,1.2,2.4,0.00,0.00,0.00,3,100,98,100,100,12.2,194,180,23.1,27.0,0,0.00,1020.0,1005.4
2023-01-11T00:00,6.6,0.00,67,0.9,2.7,0.00,0.00,0.00,3,100,100,62,100,13.4,198,186,25.0,28.4,0,0.00,1019.6,1005.0
2023-01-11T01:00,5.9,0.00,78,2.3,2.2,0.00,0.00,0.00,3,100,100,99,100,13.0,194,182,24.9,31.7,0,0.00,1019.0,1004.4
2023-01-11T02:00,6.7,0.00,74,2.4,3.1,0.00,0.00,0.00,3,100,100,100,100,13.3,204,193,25.1,28.1,0,0.00,1018.0,1003.5
2023-01-11T03:00,7.4,0.10,77,3.5,3.5,0.10,0.00,0.00,51,100,100,16,100,15.9,213,208,29.4,33.1,0,0.00,1017.6,1003.1
2023-01-11T04:00,8.1,0.00,75,3.9,3.9,0.00,0.00,0.00,3,100,100,92,100,19.0,217,213,33.7,39.6,0,0.00,1017.1,1002.6
2023-01-11T05:00,8.3,0.10,78,4.6,4.6,0.10,0.00,0.00,51,100,100,100,100,16.3,213,208,29.7,40.0,0,0.00,1016.6,1002.2
2023-01-11T06:00,8.5,0.10,80,5.3,5.1,0.10,0.00,0.00,51,100,100,27,100,15.3,218,214,28.4,34.6,0,0.00,1016.3,1001.9
2023-01-11T07:00,8.9,0.00,80,5.6,5.5,0.00,0.00,0.00,3,100,100,100,100,15.8,210,204,29.0,34.2,0,0.00,1015.6,1001.2
2023-01-11T08:00,9.3,0.00,78,5.6,5.9,0.00,0.00,0.00,3,100,100,100,100,16.1,209,204,29.7,34.2,0,0.00,1015.0,1000.6
2023-01-11T09:00,9.5,0.10,79,6.0,5.9,0.10,0.00,0.00,51,100,100,100,100,17.8,223,222,32.1,38.2,1,0.00,1015.4,1001.0
2023-01-11T10:00,9.3,0.30,83,6.6,5.6,0.30,0.00,0.00,51,100,100,100,100,18.9,224,222,33.1,39.6,1,0.00,1015.2,1000.8
2023-01-11T11:00,9.4,0.50,86,7.2,5.9,0.50,0.00,0.00,53,100,100,100,100,19.4,225,222,33.3,41.8,1,0.00,1015.5,1001.1
2023-01-11T12:00,9.1,0.30,90,7.6,5.5,0.30,0.00,0.00,51,100,100,100,100,20.7,225,221,36.4,43.9,1,0.00,1015.3,1000.9
2023-01-11T13:00,9.2,0.20,94,8.3,6.3,0.20,0.00,0.00,51,100,91,100,99,16.6,236,231,29.6,46.4,1,0.00,1015.2,1000.8
2023-01-11T14:00,9.6,0.20,92,8.4,6.8,0.20,0.00,0.00,51,100,100,100,12,16.3,233,229,28.8,35.3,1,0.00,1015.0,1000.7
2023-01-11T15:00,9.5,0.00,92,8.2,6.8,0.00,0.00,0.00,3,100,100,22,7,15.6,239,236,27.6,33.8,1,0.00,1015.6,1001.2
2023-01-11T16:00,9.4,0.00,91,7.9,6.8,0.00,0.00,0.00,3,100,100,8,7,14.0,242,235,25.8,32.0,1,190.82,1016.4,1002.0
2023-01-11T17:00,8.6,0.00,92,7.4,6.0,0.00,0.00,0.00,3,100,100,6,3,13.3,242,237,26.4,29.2,0,0.00,1017.4,1003.0
2023-01-11T18:00,8.2,0.00,92,6.9,5.6,0.00,0.00,0.00,3,100,100,0,1,12.2,243,236,24.6,28.4,0,0.00,1018.4,1003.9
2023-01-11T19:00,7.3,0.00,93,6.2,4.6,0.00,0.00,0.00,0,9,0,1,8,11.8,230,220,24.5,26.3,0,0.00,1019.2,1004.7
2023-01-11T20:00,6.8,0.00,93,5.8,3.9,0.00,0.00,0.00,0,19,0,2,19,12.7,229,223,26.3,26.6,0,0.00,1020.0,1005.4
2023-01-11T21:00,6.6,0.00,93,5.6,3.2,0.00,0.00,0.00,3,89,82,2,37,15.8,233,229,30.3,32.8,0,0.00,1020.4,1005.8
2023-01-11T22:00,6.6,0.00,93,5.6,3.0,0.00,0.00,0.00,3,96,81,74,33,17.3,232,228,32.0,36.0,0,0.00,1020.5,1005.9
2023-01-11T23:00,6.6,0.00,92,5.4,2.9,0.00,0.00,0.00,2,75,38,36,40,17.3,230,227,31.9,37.1,0,0.00,1020.5,1005.9
2023-01-12T00:00,6.7,0.00,91,5.3,3.0,0.00,0.00,0.00,3,100,90,93,34,17.1,226,222,30.8,37.1,0,0.00,1020.6,1006.0
2023-01-12T01:00,6.9,0.00,88,5.0,3.0,0.00,0.00,0.00,3,99,100,98,20,17.8,231,227,32.5,38.2,0,0.00,1020.5,1005.9
2023-01-12T02:00,7.3,0.00,84,4.9,3.3,0.00,0.00,0.00,3,100,99,88,20,18.9,224,220,32.8,40.3,0,0.00,1019.8,1005.3
2023-01-12T03:00,7.4,0.00,83,4.7,3.5,0.00,0.00,0.00,3,100,100,100,100,17.8,228,223,32.1,39.6,0,0.00,1020.0,1005.5
2023-01-12T04:00,8.0,0.00,79,4.6,3.6,0.00,0.00,0.00,3,100,100,94,100,20.6,227,224,35.2,42.8,0,0.00,1019.3,1004.8
2023-01-12T05:00,8.2,0.00,79,4.7,3.7,0.00,0.00,0.00,3,100,100,100,100,21.9,227,224,37.2,46.4,0,0.00,1019.1,1004.6
2023-01-12T06:00,8.2,0.00,79,4.7,3.6,0.00,0.00,0.00,3,100,100,100,87,22.7,227,223,37.7,47.5,0,0.00,1018.6,1004.1
2023-01-12T07:00,8.2,0.00,79,4.8,3.4,0.00,0.00,0.00,3,100,100,98,100,24.0,225,223,39.5,50.4,0,0.00,1018.0,1003.5
2023-01-12T08:00,8.2,0.00,80,4.9,3.4,0.00,0.00,0.00,3,100,98,100,100,24.2,222,221,40.5,51.5,0,0.00,1017.6,1003.1
2023-01-12T09:00,8.3,0.00,78,4.7,3.5,0.00,0.00,0.00,3,100,100,100,100,24.2,219,217,39.9,51.5,1,0.00,1017.8,1003.3
2023-01-12T10:00,8.5,0.00,77,4.7,3.2,0.00,0.00,0.00,3,100,100,100,100,27.1,218,216,43.9,56.9,1,0.00,1017.5,1003.1
2023-01-12T11:00,8.8,0.00,75,4.7,3.4,0.00,0.00,0.00,3,100,100,100,100,28.1,221,220,45.7,59.0,1,0.00,1017.2,1002.8
2023-01-12T12:00,8.9,0.00,77,5.1,3.8,0.00,0.00,0.00,3,100,100,100,100,26.8,224,222,43.8,58.7,1,0.00,1017.0,1002.6
2023-01-12T13:00,9.2,0.10,79,5.8,4.2,0.10,0.00,0.00,51,100,100,99,100,27.2,228,227,44.6,56.9,1,0.00,1016.6,1002.2
2023-01-12T14:00,9.3,0.00,78,5.6,4.3,0.00,0.00,0.00,3,100,100,100,100,26.8,228,228,43.9,57.2,1,0.00,1016.2,1001.8
2023-01-12T15:00,9.4,0.00,77,5.6,4.6,0.00,0.00,0.00,3,100,100,100,100,25.5,230,228,41.6,56.5,1,0.00,1015.9,1001.5
2023-01-12T16:00,9.5,0.00,77,5.6,4.5,0.00,0.00,0.00,3,100,100,100,100,26.3,229,229,43.1,54.7,1,0.00,1015.9,1001.5
2023-01-12T17:00,9.5,0.00,77,5.7,4.8,0.00,0.00,0.00,3,100,100,100,100,24.8,231,230,41.2,56.5,0,0.00,1015.7,1001.3
2023-01-12T18:00,9.6,0.00,76,5.6,5.0,0.00,0.00,0.00,3,100,100,100,100,24.3,230,230,40.7,53.3,0,0.00,1015.4,1001.0
2023-01-12T19:00,9.9,0.00,73,5.4,5.4,0.00,0.00,0.00,3,100,100,100,100,23.4,227,225,39.0,51.1,0,0.00,1015.2,1000.9
2023-01-12T20:00,9.9,0.00,73,5.2,5.6,0.00,0.00,0.00,3,100,100,100,100,21.4,223,221,36.4,49.3,0,0.00,1014.8,1000.5
2023-01-12T21:00,10.1,0.00,71,5.0,5.6,0.00,0.00,0.00,3,100,100,100,100,22.2,225,223,36.9,47.2,0,0.00,1014.3,1000.0
2023-01-12T22:00,9.9,0.10,73,5.4,5.4,0.10,0.00,0.00,51,100,100,100,100,23.4,226,224,39.5,50.0,0,0.00,1013.8,999.5
2023-01-12T23:00,10.0,0.70,76,6.0,5.4,0.70,0.00,0.00,53,100,100,100,100,24.4,227,225,40.8,52.2,0,0.00,1013.7,999.4
2023-01-13T00:00,10.0,0.00,77,6.2,5.7,0.00,0.00,0.00,3,100,99,100,100,22.7,226,224,38.4,51.1,0,0.00,1013.6,999.3
2023-01-13T01:00,10.3,0.10,74,5.9,5.8,0.10,0.00,0.00,51,100,100,93,100,24.2,228,227,40.5,48.6,0,0.00,1012.7,998.4
2023-01-13T02:00,10.2,0.00,75,6.1,5.8,0.00,0.00,0.00,3,100,99,100,100,23.4,225,224,38.9,51.5,0,0.00,1012.3,998.0
2023-01-13T03:00,10.0,0.00,78,6.2,5.9,0.00,0.00,0.00,3,100,95,100,100,21.4,224,221,38.4,49.0,0,0.00,1012.2,997.9
2023-01-13T04:00,9.9,0.00,79,6.4,6.0,0.00,0.00,0.00,3,100,100,100,100,20.5,223,219,36.9,46.4,0,0.00,1011.8,997.5
2023-01-13T05:00,10.1,0.10,77,6.2,6.2,0.10,0.00,0.00,51,100,100,99,100,20.2,224,220,36.7,45.4,0,0.00,1011.4,997.1
2023-01-13T06:00,10.1,0.20,76,6.0,6.1,0.20,0.00,0.00,51,100,100,100,100,20.5,221,218,36.0,45.7,0,0.00,1010.9,996.6
2023-01-13T07:00,9.9,0.40,76,5.9,5.6,0.40,0.00,0.00,51,100,85,91,100,21.9,224,221,38.4,47.9,0,0.00,1011.0,996.7
2023-01-13T08:00,8.8,1.70,89,7.0,5.0,1.70,0.00,0.00,61,100,9,100,100,20.6,233,234,37.3,52.2,0,0.00,1011.3,997.0
2023-01-13T09:00,9.1,0.40,87,7.1,4.5,0.40,0.00,0.00,51,90,6,61,75,26.4,233,232,44.5,55.1,1,0.00,1011.8,997.5
2023-01-13T10:00,8.8,0.20,90,7.3,4.6,0.20,0.00,0.00,51,100,0,100,80,23.6,241,239,40.5,56.5,1,1160.85,1012.9,998.5
2023-01-13T11:00,9.1,0.10,89,7.4,5.9,0.10,0.00,0.00,51,34,0,12,25,17.4,245,243,29.5,52.2,1,449.64,1013.2,998.8
2023-01-13T12:00,9.7,0.10,79,6.2,5.8,0.10,0.00,0.00,51,43,0,27,24,20.5,255,255,32.4,53.6,1,3600.00,1013.4,999.1
2023-01-13T13:00,9.9,0.90,74,5.6,5.8,0.90,0.00,0.00,53,45,0,53,17,20.4,244,244,31.6,49.3,1,3600.00,1013.9,999.6
2023-01-13T14:00,9.3,0.30,73,4.7,4.5,0.30,0.00,0.00,51,34,0,27,10,24.2,244,245,38.3,50.0,1,3600.00,1013.8,999.5
2023-01-13T15:00,9.1,0.30,73,4.6,4.2,0.30,0.00,0.00,51,62,26,50,23,24.8,251,251,40.4,55.4,1,3600.00,1014.5,1000.1
2023-01-13T16:00,8.5,0.30,77,4.6,4.5,0.30,0.00,0.00,51,48,7,27,28,18.4,246,244,31.1,51.5,1,3600.00,1015.4,1001.0
2023-01-13T17:00,7.1,3.20,84,4.6,3.4,3.20,0.00,0.00,63,89,78,39,43,16.0,248,247,29.4,46.8,0,135.46,1016.6,1002.1
2023-01-13T18:00,7.3,1.30,81,4.3,3.2,1.30,0.00,0.00,61,63,38,23,36,18.7,246,247,32.2,44.6,0,0.00,1017.6,1003.1
2023-01-13T19:00,6.8,0.80,83,4.0,2.8,0.80,0.00,0.00,53,48,3,11,43,17.6,244,242,30.8,45.4,0,0.00,1018.3,1003.8
2023-01-13T20:00,6.5,0.00,83,3.9,2.6,0.00,0.00,0.00,1,40,0,1,40,16.4,239,237,29.4,36.7,0,0.00,1019.1,1004.5
2023-01-13T21:00,5.8,2.40,89,4.2,1.9,2.40,0.00,0.00,61,82,0,42,74,16.8,238,239,29.6,35.6,0,0.00,1019.8,1005.2
2023-01-13T22:00,6.2,1.10,86,4.1,2.1,1.10,0.00,0.00,55,63,0,18,59,18.4,243,244,32.2,37.8,0,0.00,1020.3,1005.7
2023-01-13T23:00,6.3,0.00,86,4.1,2.3,0.00,0.00,0.00,3,100,0,17,100,17.9,232,230,31.3,38.2,0,0.00,1020.7,1006.1
2023-01-14T00:00,6.3,0.10,86,4.2,2.3,0.10,0.00,0.00,51,78,0,1,78,17.3,231,228,30.7,36.7,0,0.00,1021.1,1006.5
2023-01-14T01:00,5.7,0.00,87,3.7,1.9,0.00,0.00,0.00,3,83,10,0,0,15.6,232,230,29.7,37.4,0,0.00,1021.1,1006.5
2023-01-14T02:00,5.4,0.00,90,3.9,1.4,0.00,0.00,0.00,3,81,61,42,17,17.5,234,233,32.5,36.7,0,0.00,1021.4,1006.7
2023-01-14T03:00,5.3,0.00,91,4.0,1.5,0.00,0.00,0.00,3,97,45,95,7,16.5,236,234,30.6,36.7,0,0.00,1021.5,1006.8
2023-01-14T04:00,5.1,0.00,92,3.8,1.3,0.00,0.00,0.00,2,65,57,0,20,15.6,234,230,29.9,34.9,0,0.00,1021.4,1006.7
2023-01-14T05:00,5.2,0.00,91,3.9,2.0,0.00,0.00,0.00,3,100,100,16,27,12.2,230,225,25.0,33.1,0,0.00,1021.1,1006.4
2023-01-14T06:00,5.0,0.00,93,3.9,1.9,0.00,0.00,0.00,3,99,97,32,43,10.9,221,214,23.5,26.3,0,0.00,1020.4,1005.7
2023-01-14T07:00,5.3,0.00,92,4.1,2.4,0.00,0.00,0.00,3,100,100,100,100,10.0,211,201,21.5,23.8,0,0.00,1019.6,1005.0
2023-01-14T08:00,6.0,0.00,87,4.1,2.9,0.00,0.00,0.00,3,100,100,100,100,11.9,205,194,23.0,25.6,0,0.00,1019.4,1004.8
2023-01-14T09:00,6.7,0.00,83,4.1,3.1,0.00,0.00,0.00,3,100,97,99,100,15.3,202,195,27.6,32.4,1,0.00,1018.4,1003.9
2023-01-14T10:00,7.4,0.00,83,4.6,3.8,0.00,0.00,0.00,3,100,100,99,100,15.3,201,195,27.3,33.1,1,0.00,1017.5,1003.0
2023-01-14T11:00,8.3,0.00,78,4.6,4.8,0.00,0.00,0.00,3,100,100,100,100,15.4,205,201,26.3,33.1,1,0.00,1016.9,1002.5
2023-01-14T12:00,8.8,0.00,74,4.5,5.1,0.00,0.00,0.00,3,100,100,100,21,16.6,206,202,28.3,35.6,1,0.00,1015.5,1001.1
2023-01-14T13:00,8.7,0.50,83,5.9,5.0,0.50,0.00,0.00,53,100,100,100,25,18.2,203,198,31.6,37.8,1,0.00,1014.1,999.7
2023-01-14T14:00,9.0,0.70,79,5.5,5.3,0.70,0.00,0.00,53,100,100,100,20,18.0,205,200,31.7,38.5,1,0.00,1012.5,998.2
2023-01-14T15:00,9.2,0.30,75,5.0,5.0,0.30,0.00,0.00,51,100,100,100,100,20.3,207,203,34.8,42.8,1,0.00,1011.5,997.2
2023-01-14T16:00,8.6,0.20,80,5.4,4.8,0.20,0.00,0.00,51,100,100,100,100,18.7,206,199,33.2,42.8,1,0.00,1010.7,996.4
2023-01-14T17:00,8.4,0.40,85,5.9,4.7,0.40,0.00,0.00,51,100,100,100,100,18.5,207,201,33.8,39.6,0,0.00,1010.1,995.8
2023-01-14T18:00,8.4,0.20,84,5.8,4.5,0.20,0.00,0.00,51,100,100,100,100,19.6,210,206,35.5,42.5,0,0.00,1009.7,995.4
2023-01-14T19:00,8.5,0.20,87,6.5,4.6,0.20,0.00,0.00,51,100,100,100,64,20.4,210,206,37.1,44.6,0,0.00,1008.7,994.4
2023-01-14T20:00,9.0,0.20,85,6.6,4.9,0.20,0.00,0.00,51,100,100,100,66,21.6,216,213,37.6,45.4,0,0.00,1008.1,993.8
2023-01-14T21:00,9.2,0.10,85,6.9,4.8,0.10,0.00,0.00,51,100,100,100,100,24.6,219,218,41.7,51.8,0,0.00,1007.7,993.4
2023-01-14T22:00,9.5,0.10,86,7.2,5.4,0.10,0.00,0.00,51,100,100,100,100,23.0,219,215,39.2,51.5,0,0.00,1007.3,993.1
2023-01-14T23:00,9.8,0.10,86,7.6,6.2,0.10,0.00,0.00,51,100,100,100,100,20.8,214,210,36.3,48.6,0,0.00,1006.5,992.3
2023-01-15T00:00,10.1,0.10,87,7.9,6.3,0.10,0.00,0.00,51,100,100,100,100,22.4,216,213,38.4,46.8,0,0.00,1005.7,991.5
2023-01-15T01:00,10.0,0.10,90,8.4,6.5,0.10,0.00,0.00,51,100,100,100,100,21.0,221,218,37.5,49.0,0,0.00,1003.9,989.7
2023-01-15T02:00,10.2,0.80,90,8.6,6.9,0.80,0.00,0.00,53,100,100,100,100,20.2,223,220,36.2,56.2,0,0.00,1002.7,988.6
2023-01-15T03:00,10.5,0.50,90,8.9,6.9,0.50,0.00,0.00,53,100,100,100,100,23.0,222,220,40.5,49.0,0,0.00,1002.2,988.1
2023-01-15T04:00,10.4,1.10,90,8.9,7.0,1.10,0.00,0.00,55,100,100,100,100,21.1,242,243,37.0,55.8,0,0.00,1002.2,988.1
2023-01-15T05:00,9.6,1.60,89,7.8,6.1,1.60,0.00,0.00,61,100,100,100,100,19.9,278,276,33.4,54.7,0,0.00,1002.8,988.6
2023-01-15T06:00,8.3,0.20,90,6.7,5.2,0.20,0.00,0.00,51,100,100,100,99,15.9,275,273,27.5,40.3,0,0.00,1004.0,989.7
2023-01-15T07:00,7.3,0.30,91,5.8,4.2,0.30,0.00,0.00,51,100,100,100,93,14.1,275,276,24.6,33.8,0,0.00,1004.9,990.6
2023-01-15T08:00,6.6,0.20,91,5.2,3.3,0.20,0.00,0.00,51,100,100,100,50,14.1,256,255,24.4,30.2,0,0.00,1005.4,991.0
2023-01-15T09:00,6.3,0.40,91,5.0,2.6,0.40,0.00,0.00,51,100,100,100,100,16.9,248,246,29.1,35.6,1,0.00,1006.4,992.0
2023-01-15T10:00,6.0,0.30,92,4.7,2.1,0.30,0.00,0.00,51,100,100,100,100,17.7,245,243,29.5,37.8,1,0.00,1007.4,993.0
2023-01-15T11:00,5.7,0.60,92,4.5,1.2,0.60,0.00,0.00,53,100,100,100,36,21.3,244,244,34.5,45.0,1,0.00,1008.5,994.0
2023-01-15T12:00,6.0,0.10,87,4.0,1.4,0.10,0.00,0.00,51,100,100,100,9,21.6,243,242,34.5,44.3,1,0.00,1008.6,994.2
2023-01-15T13:00,5.0,0.10,87,3.1,0.9,0.10,0.00,0.00,51,100,97,100,28,17.2,240,237,28.4,50.4,1,0.00,1009.1,994.6
2023-01-15T14:00,5.5,0.00,87,3.5,1.0,0.00,0.00,0.00,1,22,0,0,22,20.2,224,221,31.8,40.7,1,487.61,1009.2,994.7
2023-01-15T15:00,5.9,0.00,84,3.4,1.1,0.00,0.00,0.00,0,7,0,2,6,22.3,220,219,35.5,47.5,1,3600.00,1009.4,994.9
2023-01-15T16:00,5.5,0.20,81,2.5,0.1,0.20,0.00,0.00,51,33,11,10,18,25.5,224,223,41.3,54.0,1,3600.00,1010.1,995.6
2023-01-15T17:00,5.2,0.00,78,1.8,0.2,0.00,0.00,0.00,1,33,3,25,22,21.8,217,214,37.5,52.2,0,321.48,1010.0,995.5
2023-01-15T18:00,4.9,0.00,78,1.3,-0.1,0.00,0.00,0.00,3,92,1,39,89,20.6,219,216,36.3,46.1,0,0.00,1009.8,995.3
2023-01-15T19:00,5.2,0.00,72,0.6,0.1,0.00,0.00,0.00,3,85,2,54,80,21.5,223,220,36.7,45.4,0,0.00,1009.5,995.0
2023-01-15T20:00,5.1,0.00,71,0.3,0.0,0.00,0.00,0.00,2,74,0,42,66,20.2,222,219,34.9,46.1,0,0.00,1009.1,994.6
2023-01-15T21:00,4.6,0.00,73,0.2,-0.3,0.00,0.00,0.00,1,47,37,6,13,18.8,219,216,33.0,42.8,0,0.00,1008.5,994.0
2023-01-15T22:00,4.2,0.00,73,-0.3,-0.5,0.00,0.00,0.00,3,86,76,2,42,17.2,218,213,31.3,40.0,0,0.00,1007.9,993.4
2023-01-15T23:00,4.3,0.00,71,-0.5,-0.2,0.00,0.00,0.00,3,95,90,2,52,15.6,209,203,28.5,36.7,0,0.00,1007.1,992.6
2023-01-16T00:00,4.1,0.00,70,-0.8,-0.2,0.00,0.00,0.00,3,95,89,10,53,13.9,207,201,26.7,33.5,0,0.00,1006.2,991.7
2023-01-16T01:00,4.5,0.00,72,-0.1,-0.2,0.00,0.00,0.00,3,100,75,76,38,17.1,210,205,30.5,30.2,0,0.00,1005.2,990.7
2023-01-16T02:00,4.5,0.00,69,-0.6,-0.1,0.00,0.00,0.00,3,93,0,90,30,16.6,212,207,29.6,37.1,0,0.00,1004.0,989.5
2023-01-16T03:00,4.3,0.00,69,-0.9,-0.3,0.00,0.00,0.00,1,30,0,11,21,15.6,209,203,29.2,34.9,0,0.00,1002.8,988.4
2023-01-16T04:00,4.1,0.00,69,-1.1,-0.3,0.00,0.00,0.00,2,58,46,0,23,14.9,206,200,28.5,33.5,0,0.00,1001.1,986.7
2023-01-16T05:00,4.2,0.00,68,-1.1,-0.3,0.00,0.00,0.00,1,25,15,0,11,14.8,201,193,28.6,31.7,0,0.00,999.4,985.0
2023-01-16T06:00,3.8,0.00,69,-1.4,-0.4,0.00,0.00,0.00,3,100,100,0,13,12.6,187,175,25.8,31.7,0,0.00,997.6,983.2
2023-01-16T07:00,2.7,0.00,74,-1.5,-1.4,0.00,0.00,0.00,3,100,100,0,1,12.0,151,129,24.3,27.0,0,0.00,995.9,981.5
2023-01-16T08:00,2.6,0.00,72,-1.9,-2.2,0.00,0.00,0.00,3,100,100,78,0,16.8,134,121,31.8,33.1,0,0.00,994.3,979.9
2023-01-16T09:00,3.1,0.00,67,-2.3,-2.2,0.00,0.00,0.00,3,100,100,100,0,19.5,133,124,35.2,39.2,1,0.00,992.6,978.2
2023-01-16T10:00,4.1,0.10,62,-2.6,-1.1,0.10,0.00,0.00,51,100,100,100,1,18.4,140,130,33.0,40.3,1,0.00,991.4,977.1
2023-01-16T11:00,4.7,0.30,62,-1.9,-0.7,0.30,0.00,0.00,51,100,100,100,100,20.6,150,144,35.0,41.4,1,0.00,990.4,976.2
2023-01-16T12:00,4.7,0.40,69,-0.6,-0.7,0.40,0.00,0.00,51,100,100,100,83,21.5,152,145,35.4,45.7,1,0.00,989.5,975.3
2023-01-16T13:00,4.5,2.70,84,2.0,0.2,0.50,0.00,1.54,75,100,100,100,31,16.7,154,143,29.3,43.6,1,0.00,988.8,974.6
2023-01-16T14:00,6.5,0.00,74,2.2,1.8,0.00,0.00,0.00,3,88,60,69,21,19.7,175,165,32.9,40.3,1,181.41,986.8,972.7
2023-01-16T15:00,6.9,0.10,66,1.0,1.3,0.10,0.00,0.00,51,98,0,98,34,25.3,178,175,40.7,54.0,1,3600.00,985.5,971.4
2023-01-16T16:00,6.5,0.90,65,0.4,1.2,0.40,0.00,0.35,73,100,97,100,38,21.6,179,178,36.4,52.6,1,0.00,984.0,969.9
2023-01-16T17:00,4.9,1.50,79,1.5,-0.8,1.40,0.00,0.07,71,100,8,100,69,26.1,202,198,43.8,52.2,0,0.00,983.8,969.7
2023-01-16T18:00,4.4,0.80,89,2.8,-2.0,0.80,0.00,0.00,53,100,25,92,99,32.4,215,214,52.0,64.4,0,0.00,983.7,969.5
2023-01-16T19:00,4.2,0.60,89,2.6,-1.6,0.60,0.00,0.00,53,100,100,100,100,28.3,222,220,45.6,64.8,0,0.00,984.3,970.1
2023-01-16T20:00,4.1,0.40,90,2.6,-1.9,0.40,0.00,0.00,51,100,100,100,100,29.7,234,232,47.4,61.2,0,0.00,985.0,970.8
2023-01-16T21:00,3.9,0.30,91,2.5,-2.1,0.30,0.00,0.00,51,100,98,100,100,28.8,235,233,46.7,62.3,0,0.00,985.8,971.6
2023-01-16T22:00,4.1,0.30,87,2.0,-1.9,0.30,0.00,0.00,51,100,100,92,97,28.3,240,239,46.3,60.1,0,0.00,986.6,972.4
2023-01-16T23:00,3.7,0.00,87,1.7,-1.6,0.00,0.00,0.00,3,98,0,23,97,23.7,245,242,39.0,59.0,0,0.00,987.5,973.2
2023-01-17T00:00,3.2,0.20,87,1.3,-1.7,0.20,0.00,0.00,51,100,35,99,99,20.7,232,231,34.6,49.0,0,0.00,988.5,974.2
2023-01-17T01:00,2.6,0.00,91,1.3,-2.2,0.00,0.00,0.00,3,99,0,50,60,19.9,228,226,33.4,42.5,0,0.00,988.6,974.3
2023-01-17T02:00,2.3,0.10,91,1.0,-2.6,0.10,0.00,0.00,51,92,5,1,91,19.9,227,225,33.1,41.8,0,0.00,989.3,974.9
2023-01-17T03:00,2.1,0.00,91,0.9,-2.9,0.00,0.00,0.00,3,92,0,0,92,21.0,231,231,34.3,43.6,0,0.00,990.0,975.6
2023-01-17T04:00,1.9,0.00,91,0.7,-2.8,0.00,0.00,0.00,2,63,0,2,63,18.8,237,238,32.1,42.8,0,0.00,990.3,975.9
2023-01-17T05:00,2.0,0.00,91,0.7,-2.0,0.00,0.00,0.00,3,97,0,2,97,13.1,236,233,23.4,38.5,0,0.00,990.5,976.1
2023-01-17T06:00,1.8,0.00,92,0.7,-1.8,0.00,0.00,0.00,3,100,0,4,100,10.8,223,217,20.1,27.0,0,0.00,990.3,975.9
2023-01-17T07:00,1.9,0.00,91,0.7,-1.9,0.00,0.00,0.00,3,100,0,0,100,12.4,222,216,21.4,26.3,0,0.00,990.5,976.1
2023-01-17T08:00,2.0,0.00,90,0.5,-1.5,0.00,0.00,0.00,3,100,73,0,100,9.5,216,205,17.3,25.2,0,0.00,990.4,976.0
2023-01-17T09:00,1.9,0.00,91,0.5,-1.4,0.00,0.00,0.00,3,92,55,0,83,8.7,200,185,16.5,19.4,1,0.00,990.3,975.9
2023-01-17T10:00,2.5,0.00,82,-0.2,-0.9,0.00,0.00,0.00,3,82,8,4,80,8.7,188,187,12.4,18.4,1,3600.00,989.8,975.5
2023-01-17T11:00,3.2,0.00,74,-0.9,-0.3,0.00,0.00,0.00,1,43,22,0,27,8.0,174,175,10.9,19.4,1,3600.00,989.6,975.3
2023-01-17T12:00,3.9,0.00,68,-1.4,1.4,0.00,0.00,0.00,3,100,100,0,27,1.5,117,104,2.4,18.7,1,3600.00,989.2,974.9
2023-01-17T13:00,4.4,0.00,77,0.7,1.5,0.00,0.00,0.00,3,100,40,13,1,5.8,103,97,8.1,16.9,1,3600.00,988.6,974.4
2023-01-17T14:00,5.1,0.00,66,-0.7,1.8,0.00,0.00,0.00,3,100,100,1,12,7.0,103,102,9.6,16.9,1,3600.00,987.8,973.6
2023-01-17T15:00,5.0,0.00,63,-1.4,1.5,0.00,0.00,0.00,3,100,100,2,50,7.8,83,77,11.3,17.3,1,3600.00,987.3,973.1
2023-01-17T16:00,4.6,0.00,66,-1.2,1.6,0.00,0.00,0.00,3,100,100,20,71,5.0,67,60,10.2,17.6,1,2766.74,987.3,973.1
2023-01-17T17:00,2.9,0.00,73,-1.4,-0.5,0.00,0.00,0.00,3,100,100,62,19,7.6,38,25,15.1,14.0,0,0.00,987.2,972.9
2023-01-17T18:00,2.1,0.00,77,-1.6,-1.4,0.00,0.00,0.00,3,100,100,97,2,7.8,44,34,16.5,15.5,0,0.00,987.3,973.0
2023-01-17T19:00,1.3,0.00,79,-1.9,-2.2,0.00,0.00,0.00,3,100,100,100,11,7.4,53,43,17.5,15.1,0,0.00,987.6,973.2
2023-01-17T20:00,1.5,0.00,78,-2.0,-2.1,0.00,0.00,0.00,3,100,100,100,25,7.7,66,49,19.3,15.8,0,0.00,988.0,973.6
2023-01-17T21:00,2.0,0.00,73,-2.3,-1.4,0.00,0.00,0.00,3,100,100,100,26,6.0,76,65,16.7,16.2,0,0.00,988.5,974.1
2023-01-17T22:00,1.7,0.00,76,-2.0,-1.4,0.00,0.00,0.00,3,100,100,100,27,4.5,84,61,13.8,12.6,0,0.00,988.6,974.2
2023-01-17T23:00,1.6,0.10,76,-2.1,-1.6,0.00,0.00,0.07,71,100,100,100,15,5.1,67,45,13.7,10.4,0,0.00,988.8,974.4
2023-01-18T00:00,1.4,0.10,78,-2.0,-1.6,0.00,0.00,0.07,71,100,100,100,25,4.3,66,48,13.4,10.8,0,0.00,989.0,974.6
2023-01-18T01:00,1.3,0.10,83,-1.3,-1.9,0.00,0.00,0.07,71,100,100,100,4,5.5,44,23,14.0,9.7,0,0.00,988.7,974.3
2023-01-18T02:00,0.4,0.10,86,-1.6,-2.5,0.00,0.00,0.07,71,100,100,100,88,4.0,24,350,10.6,11.5,0,0.00,988.8,974.4
2023-01-18T03:00,1.1,0.20,84,-1.4,-2.0,0.00,0.00,0.14,71,100,100,100,100,5.0,358,330,10.1,10.1,0,0.00,989.4,975.0
2023-01-18T04:00,0.8,0.60,87,-1.1,-2.4,0.00,0.00,0.42,73,100,100,100,99,6.6,357,331,11.9,13.0,0,0.00,990.0,975.6
2023-01-18T05:00,0.6,0.60,89,-1.1,-2.9,0.00,0.00,0.42,73,100,99,100,86,8.1,356,328,16.2,16.6,0,0.00,990.5,976.0
2023-01-18T06:00,0.2,0.30,88,-1.6,-3.7,0.00,0.00,0.21,73,100,100,100,14,10.2,331,318,18.0,21.2,0,0.00,991.4,976.9
2023-01-18T07:00,-0.3,0.10,87,-2.2,-4.5,0.00,0.00,0.07,71,100,100,100,8,11.6,336,330,19.7,24.1,0,0.00,992.5,978.0
2023-01-18T08:00,-0.4,0.10,88,-2.2,-4.4,0.00,0.01,0.07,71,100,100,100,8,10.8,350,345,19.0,24.8,0,0.00,993.6,979.0
2023-01-18T09:00,-0.1,0.10,88,-1.9,-3.8,0.00,0.01,0.07,71,100,100,100,12,8.9,342,328,15.9,22.3,1,0.00,994.7,980.1
2023-01-18T10:00,0.4,0.10,86,-1.7,-3.7,0.00,0.01,0.07,71,100,92,100,49,11.2,321,318,16.6,23.8,1,0.00,996.0,981.4
2023-01-18T11:00,0.8,0.20,84,-1.6,-3.4,0.00,0.01,0.14,71,100,99,99,20,12.2,328,326,17.5,25.6,1,0.00,997.0,982.5
2023-01-18T12:00,1.8,0.10,77,-1.7,-2.4,0.00,0.01,0.07,71,100,100,41,46,12.6,331,329,17.7,28.4,1,2843.00,997.6,983.1
2023-01-18T13:00,2.2,0.00,73,-2.1,-1.7,0.00,0.01,0.00,3,99,100,100,50,10.5,335,333,14.7,27.7,1,3600.00,997.9,983.4
2023-01-18T14:00,2.8,0.00,67,-2.8,-1.3,0.00,0.01,0.00,3,100,100,100,0,10.7,321,318,15.3,24.5,1,3190.50,998.5,984.0
2023-01-18T15:00,2.8,0.00,63,-3.6,-1.1,0.00,0.01,0.00,3,100,99,100,0,8.4,310,310,12.3,24.5,1,3600.00,999.3,984.8
2023-01-18T16:00,2.2,0.00,70,-2.7,-0.8,0.00,0.01,0.00,3,100,18,100,0,3.8,292,287,9.7,18.4,1,3600.00,1000.4,985.9
2023-01-18T17:00,-0.3,0.00,78,-3.7,-4.0,0.00,0.01,0.00,3,93,24,91,0,7.2,281,276,9.5,11.2,0,0.00,1001.4,986.7
2023-01-18T18:00,1.8,0.00,63,-4.4,-1.6,0.00,0.01,0.00,1,27,25,8,1,5.0,280,291,8.4,11.2,0,0.00,1002.1,987.5
2023-01-18T19:00,-2.0,0.00,78,-5.2,-6.0,0.00,0.01,0.00,0,13,5,0,9,8.2,261,247,11.7,12.2,0,0.00,1002.9,988.1
2023-01-18T20:00,-1.8,0.00,82,-4.4,-5.4,0.00,0.01,0.00,0,5,0,0,5,6.1,264,242,16.7,13.3,0,0.00,1003.9,989.1
2023-01-18T21:00,-2.4,0.00,85,-4.5,-6.0,0.00,0.01,0.00,3,93,92,0,17,5.6,249,225,15.4,12.2,0,0.00,1004.9,990.1
2023-01-18T22:00,-2.4,0.00,87,-4.2,-6.0,0.00,0.01,0.00,3,97,95,31,13,6.4,230,207,17.4,13.0,0,0.00,1005.5,990.7
2023-01-18T23:00,-2.5,0.00,88,-4.2,-6.2,0.00,0.01,0.00,3,92,90,60,2,6.4,229,207,17.6,13.3,0,0.00,1006.0,991.1
2023-01-19T00:00,-2.7,0.00,89,-4.3,-6.4,0.00,0.01,0.00,0,3,0,3,0,6.5,223,199,17.8,13.3,0,0.00,1006.6,991.7
2023-01-19T01:00,-2.3,0.00,90,-3.7,-6.2,0.00,0.01,0.00,0,17,4,0,15,8.4,218,205,21.8,16.2,0,0.00,1007.4,992.5
2023-01-19T02:00,-1.9,0.10,90,-3.3,-5.9,0.00,0.01,0.07,71,89,77,33,34,9.3,220,208,22.5,20.2,0,0.00,1007.8,993.0
2023-01-19T03:00,-1.3,0.20,89,-3.0,-5.4,0.00,0.01,0.14,71,51,11,12,43,10.3,226,216,22.1,22.0,0,0.00,1008.0,993.2
2023-01-19T04:00,-1.5,0.00,89,-3.1,-5.6,0.00,0.01,0.00,1,21,1,0,20,10.5,226,218,22.4,22.3,0,0.00,1008.0,993.2
2023-01-19T05:00,-2.0,0.00,90,-3.4,-6.0,0.00,0.01,0.00,1,36,0,0,36,10.0,226,218,22.4,22.3,0,0.00,1008.1,993.2
2023-01-19T06:00,-2.0,0.00,90,-3.4,-6.0,0.00,0.01,0.00,1,34,0,0,34,10.0,227,218,22.2,22.0,0,0.00,1008.2,993.3
2023-01-19T07:00,-1.9,0.00,89,-3.4,-6.0,0.00,0.01,0.00,3,96,0,0,96,10.5,229,221,21.9,22.3,0,0.00,1008.6,993.7
2023-01-19T08:00,-1.0,0.00,85,-3.2,-5.3,0.00,0.01,0.00,3,100,0,0,100,11.9,224,215,22.9,24.1,0,0.00,1008.7,993.9
2023-01-19T09:00,0.1,0.00,81,-2.7,-4.4,0.00,0.01,0.00,3,100,0,0,100,13.6,224,217,23.2,27.7,1,0.00,1009.4,994.6
2023-01-19T10:00,0.7,0.00,79,-2.5,-3.9,0.00,0.01,0.00,3,100,0,0,100,14.6,223,220,22.7,33.8,1,0.00,1009.5,994.8
2023-01-19T11:00,1.2,0.00,78,-2.3,-4.0,0.00,0.01,0.00,3,100,0,0,100,18.5,238,237,27.2,38.5,1,0.00,1009.8,995.1
2023-01-19T12:00,1.5,0.10,76,-2.3,-3.4,0.00,0.01,0.07,71,100,0,0,100,16.7,240,237,24.2,38.5,1,1109.29,1009.7,995.0
2023-01-19T13:00,1.9,0.10,80,-1.2,-2.5,0.00,0.01,0.07,71,100,0,94,99,14.2,236,234,20.8,34.9,1,2900.97,1009.6,994.9
2023-01-19T14:00,2.4,0.00,75,-1.6,-2.1,0.00,0.01,0.00,3,100,0,98,96,14.2,234,234,20.9,30.2,1,0.00,1009.4,994.8
2023-01-19T15:00,2.6,0.00,71,-2.1,-1.8,0.00,0.01,0.00,3,100,0,28,100,13.8,238,237,20.4,29.9,1,0.00,1009.4,994.8
2023-01-19T16:00,2.7,0.00,69,-2.4,-1.3,0.00,0.01,0.00,3,99,0,82,98,10.3,234,234,16.5,28.4,1,222.32,1009.6,995.0
2023-01-19T17:00,2.1,0.00,71,-2.5,-1.4,0.00,0.01,0.00,3,99,0,99,46,7.2,217,207,15.7,20.9,0,0.00,1009.6,994.9
2023-01-19T18:00,1.2,0.00,76,-2.5,-2.2,0.00,0.01,0.00,3,100,0,100,60,6.6,211,193,16.3,15.1,0,0.00,1009.8,995.1
2023-01-19T19:00,0.0,0.00,85,-2.2,-3.6,0.00,0.01,0.00,3,82,0,13,79,8.2,216,203,19.1,16.2,0,0.00,1010.2,995.4
2023-01-19T20:00,-0.3,0.00,90,-1.7,-3.8,0.00,0.01,0.00,3,96,0,33,95,7.3,218,200,17.7,16.9,0,0.00,1010.4,995.6
2023-01-19T21:00,0.0,0.10,89,-1.5,-3.3,0.00,0.01,0.07,71,98,0,64,96,6.7,216,196,15.2,15.5,0,0.00,1010.7,995.9
2023-01-19T22:00,-0.0,0.00,90,-1.5,-3.3,0.00,0.01,0.00,3,93,0,66,79,6.3,215,193,14.0,13.3,0,0.00,1011.1,996.3
2023-01-19T23:00,-0.5,0.00,93,-1.6,-3.6,0.00,0.01,0.00,2,76,0,45,57,5.1,215,188,13.2,12.2,0,0.00,1011.6,996.8
2023-01-20T00:00,-1.3,0.00,94,-2.2,-4.5,0.00,0.01,0.00,3,88,14,79,46,4.8,225,193,11.7,10.1,0,0.00,1012.0,997.1
2023-01-20T01:00,-0.5,0.00,92,-1.6,-3.6,0.00,0.01,0.00,3,97,51,100,21,5.0,236,180,7.8,8.3,0,0.00,1011.8,997.0
2023-01-20T02:00,-0.3,0.00,93,-1.2,-3.0,0.00,0.01,0.00,3,99,73,96,13,2.6,245,164,5.2,7.2,0,0.00,1012.4,997.6
2023-01-20T03:00,-1.0,0.00,94,-1.8,-3.9,0.00,0.01,0.00,3,99,79,93,11,3.7,246,191,4.3,5.8,0,0.00,1013.0,998.1
2023-01-20T04:00,-0.4,0.00,94,-1.3,-3.2,0.00,0.01,0.00,3,100,14,100,0,3.6,283,217,4.8,6.8,0,0.00,1013.4,998.6
2023-01-20T05:00,-0.5,0.00,95,-1.2,-3.2,0.00,0.01,0.00,3,84,28,74,17,2.3,270,162,0.0,6.1,0,0.00,1014.0,999.1
2023-01-20T06:00,-2.6,0.00,96,-3.1,-5.8,0.00,0.01,0.00,3,96,53,25,91,4.7,188,171,2.5,6.1,0,0.00,1014.6,999.6
2023-01-20T07:00,-3.3,0.00,97,-3.7,-6.7,0.00,0.01,0.00,3,100,6,10,100,5.2,228,192,4.3,7.6,0,0.00,1015.4,1000.4
2023-01-20T08:00,-2.8,0.00,98,-3.1,-5.8,0.00,0.01,0.00,3,100,0,9,100,2.9,241,173,4.5,7.6,0,0.00,1016.2,1001.2
2023-01-20T09:00,-2.5,0.00,97,-2.8,-5.5,0.00,0.01,0.00,3,100,0,0,100,3.5,198,156,4.6,9.4,1,0.00,1017.0,1002.0
2023-01-20T10:00,-1.4,0.00,97,-1.8,-4.5,0.00,0.01,0.00,3,100,0,0,100,4.3,184,175,4.7,12.6,1,1246.64,1017.6,1002.6
2023-01-20T11:00,-0.5,0.00,91,-1.7,-3.6,0.00,0.01,0.00,3,99,0,0,99,4.7,191,189,5.5,13.7,1,3600.00,1018.0,1003.1
2023-01-20T12:00,0.8,0.00,84,-1.6,-2.4,0.00,0.01,0.00,3,80,0,0,80,5.4,180,176,7.2,15.5,1,3031.84,1018.1,1003.2
2023-01-20T13:00,2.6,0.00,77,-1.1,-1.1,0.00,0.01,0.00,1,34,0,8,25,9.9,212,213,13.6,16.9,1,3600.00,1018.0,1003.2
2023-01-20T14:00,3.2,0.10,72,-1.5,-0.9,0.00,0.01,0.07,71,34,0,22,25,12.0,230,231,16.9,26.6,1,3600.00,1017.9,1003.2
2023-01-20T15:00,3.4,0.00,66,-2.3,-0.7,0.00,0.01,0.00,3,99,35,99,23,11.2,238,237,16.5,26.6,1,3600.00,1018.3,1003.6
2023-01-20T16:00,2.7,0.00,70,-2.2,-1.2,0.00,0.01,0.00,3,100,100,100,21,9.9,207,199,16.6,24.1,1,3481.28,1018.4,1003.6
2023-01-20T17:00,1.4,0.00,77,-2.2,-2.1,0.00,0.01,0.00,3,100,82,100,8,7.6,197,183,17.7,20.5,1,0.00,1019.0,1004.2
2023-01-20T18:00,1.2,0.00,78,-2.2,-2.6,0.00,0.01,0.00,3,100,61,100,5,9.4,194,178,20.4,19.4,0,0.00,1019.5,1004.6
2023-01-20T19:00,0.8,0.10,80,-2.2,-2.8,0.00,0.01,0.07,71,100,84,100,6,7.9,198,177,17.8,19.4,0,0.00,1020.0,1005.1
2023-01-20T20:00,0.6,0.10,81,-2.3,-3.0,0.00,0.01,0.07,71,100,96,100,49,8.0,195,172,17.1,16.6,0,0.00,1020.4,1005.5
2023-01-20T21:00,0.5,0.30,81,-2.4,-3.3,0.00,0.02,0.21,73,100,94,100,91,9.1,192,171,18.0,18.7,0,0.00,1020.8,1005.9
2023-01-20T22:00,0.5,0.30,81,-2.5,-3.4,0.00,0.02,0.21,73,100,0,100,64,9.4,182,162,17.7,19.8,0,0.00,1021.1,1006.2
2023-01-20T23:00,0.2,0.30,83,-2.4,-3.4,0.00,0.02,0.21,73,100,0,100,73,7.4,177,151,14.4,19.4,0,0.00,1021.6,1006.7
2023-01-21T00:00,0.0,0.20,82,-2.7,-3.8,0.00,0.02,0.14,71,100,0,100,42,8.8,143,125,14.9,16.9,0,0.00,1022.2,1007.2
2023-01-21T01:00,0.1,0.10,82,-2.5,-3.7,0.00,0.02,0.07,71,60,1,100,37,8.9,114,104,17.7,16.9,0,0.00,1022.2,1007.3
2023-01-21T02:00,-0.1,0.00,81,-3.0,-4.2,0.00,0.02,0.00,3,100,1,100,34,10.9,102,98,20.3,20.9,0,0.00,1022.7,1007.7
2023-01-21T03:00,-0.1,0.00,80,-3.1,-4.4,0.00,0.02,0.00,3,90,0,90,1,11.5,92,92,20.9,23.0,0,0.00,1023.3,1008.3
2023-01-21T04:00,-1.1,0.00,84,-3.4,-5.3,0.00,0.02,0.00,0,0,0,0,0,11.2,85,86,23.9,22.3,0,0.00,1023.8,1008.8
2023-01-21T05:00,-1.7,0.00,87,-3.6,-5.8,0.00,0.02,0.00,2,62,61,3,0,10.3,78,78,23.6,22.7,0,0.00,1024.3,1009.2
2023-01-21T06:00,-2.0,0.00,88,-3.7,-6.1,0.00,0.02,0.00,0,15,15,1,0,10.0,71,77,22.1,21.6,0,0.00,1024.9,1009.8
2023-01-21T07:00,-2.8,0.00,89,-4.3,-6.4,0.00,0.02,0.00,3,100,100,56,2,5.9,60,52,17.1,20.2,0,0.00,1025.2,1010.0
2023-01-21T08:00,-3.2,0.00,89,-4.7,-6.7,0.00,0.02,0.00,3,100,100,98,5,5.2,49,34,15.3,13.0,0,0.00,1025.9,1010.7
2023-01-21T09:00,-2.5,0.00,88,-4.2,-5.7,0.00,0.02,0.00,3,100,98,100,0,3.3,41,6,11.0,11.5,1,0.00,1026.7,1011.5
2023-01-21T10:00,-1.1,0.00,81,-3.9,-4.4,0.00,0.02,0.00,3,99,99,29,0,4.7,354,337,6.5,12.6,1,3600.00,1027.0,1011.9
2023-01-21T11:00,-0.0,0.00,78,-3.5,-3.8,0.00,0.02,0.00,3,100,67,99,0,7.7,340,332,10.7,18.7,1,3600.00,1027.1,1012.1
2023-01-21T12:00,0.9,0.00,74,-3.3,-3.5,0.00,0.02,0.00,3,100,99,100,8,12.0,10,9,17.2,26.3,1,3534.51,1026.9,1011.9
2023-01-21T13:00,0.7,0.00,80,-2.4,-4.0,0.00,0.02,0.00,3,100,80,100,99,15.4,18,16,21.6,33.8,1,3600.00,1027.4,1012.4
2023-01-21T14:00,0.3,0.00,78,-3.1,-4.6,0.00,0.02,0.00,3,100,0,100,100,15.8,19,17,24.0,33.5,1,1151.35,1027.4,1012.4
2023-01-21T15:00,0.3,0.00,76,-3.4,-4.6,0.00,0.02,0.00,3,100,0,84,100,15.3,16,15,24.4,34.2,1,0.00,1027.3,1012.3
2023-01-21T16:00,0.5,0.00,75,-3.4,-4.1,0.00,0.02,0.00,3,100,0,43,100,13.6,20,17,23.3,35.3,1,0.00,1027.6,1012.6
2023-01-21T17:00,0.2,0.00,78,-3.2,-3.9,0.00,0.02,0.00,3,100,0,100,99,10.1,7,360,19.6,28.4,1,0.00,1027.9,1012.9
2023-01-21T18:00,-0.2,0.00,83,-2.8,-4.4,0.00,0.02,0.00,3,99,0,99,56,11.5,3,356,21.3,24.8,0,0.00,1028.2,1013.1
2023-01-21T19:00,-0.6,0.00,85,-2.8,-4.7,0.00,0.02,0.00,3,100,100,100,49,10.9,4,354,21.3,24.8,0,0.00,1028.3,1013.2
2023-01-21T20:00,-0.6,0.00,84,-2.9,-4.6,0.00,0.02,0.00,3,100,2,100,57,9.8,1,352,19.8,23.8,0,0.00,1028.3,1013.2
2023-01-21T21:00,-0.7,0.00,86,-2.7,-4.5,0.00,0.02,0.00,3,100,100,100,35,8.7,354,343,18.1,21.6,0,0.00,1028.3,1013.2
2023-01-21T22:00,-0.8,0.20,89,-2.4,-4.7,0.00,0.02,0.14,71,100,81,100,63,9.8,347,336,19.6,21.2,0,0.00,1028.1,1013.0
2023-01-21T23:00,-0.7,0.40,91,-2.0,-4.8,0.00,0.02,0.28,73,100,60,100,41,11.0,346,337,21.1,24.1,0,0.00,1027.4,1012.3
2023-01-22T00:00,-0.7,0.30,93,-1.7,-4.9,0.00,0.03,0.21,73,100,100,100,84,12.1,345,337,22.4,25.6,0,0.00,1027.1,1012.0
2023-01-22T01:00,-0.5,0.10,93,-1.6,-4.8,0.00,0.03,0.07,71,100,2,100,87,13.0,348,341,23.9,26.6,0,0.00,1026.9,1011.8
2023-01-22T02:00,0.0,0.00,89,-1.5,-4.3,0.00,0.03,0.00,2,68,0,16,64,13.1,358,351,23.4,28.1,0,0.00,1026.5,1011.5
2023-01-22T03:00,-0.2,0.00,89,-1.8,-4.4,0.00,0.03,0.00,2,54,0,31,36,12.2,8,360,24.0,27.4,0,0.00,1026.4,1011.4
2023-01-22T04:00,-0.5,0.00,89,-2.0,-4.5,0.00,0.03,0.00,3,100,100,37,66,10.8,8,360,22.2,25.6,0,0.00,1026.2,1011.2
2023-01-22T05:00,-0.2,0.00,88,-1.9,-4.2,0.00,0.03,0.00,3,100,100,92,100,10.8,7,358,21.7,22.7,0,0.00,1026.2,1011.2
2023-01-22T06:00,0.5,0.10,85,-1.7,-3.5,0.00,0.03,0.07,71,100,100,100,100,11.2,9,2,20.4,23.4,0,0.00,1026.4,1011.4
2023-01-22T07:00,0.6,0.00,85,-1.7,-3.3,0.00,0.03,0.00,3,100,100,100,86,10.1,13,4,19.2,22.7,0,0.00,1026.5,1011.5
2023-01-22T08:00,0.5,0.10,86,-1.6,-3.1,0.00,0.03,0.07,71,100,100,100,56,8.0,22,8,16.6,20.9,0,0.00,1026.9,1011.9
2023-01-22T09:00,0.5,0.20,88,-1.3,-3.1,0.00,0.03,0.14,71,100,99,89,65,8.3,13,358,15.5,16.9,1,0.00,1027.2,1012.2
2023-01-22T10:00,1.5,0.10,81,-1.4,-2.3,0.00,0.03,0.07,71,100,80,98,91,10.0,28,21,15.5,22.7,1,222.24,1027.6,1012.6
2023-01-22T11:00,2.0,0.00,79,-1.2,-1.7,0.00,0.03,0.00,3,99,97,48,42,9.2,30,26,13.7,21.2,1,0.00,1027.9,1013.0
2023-01-22T12:00,2.9,0.00,74,-1.3,-1.1,0.00,0.03,0.00,3,100,100,28,65,11.3,54,53,16.0,24.5,1,1658.53,1027.9,1013.0
2023-01-22T13:00,2.5,0.10,80,-0.5,-1.2,0.10,0.03,0.00,51,100,26,83,97,10.0,28,26,14.3,24.5,1,1493.41,1028.5,1013.6
2023-01-22T14:00,2.7,0.00,76,-1.1,-0.7,0.00,0.03,0.00,3,100,76,18,100,7.4,33,29,13.8,21.6,1,56.92,1028.1,1013.2
2023-01-22T15:00,2.5,0.00,78,-0.9,-0.6,0.00,0.03,0.00,3,100,66,8,99,6.1,7,3,11.6,18.0,1,0.00,1028.3,1013.4
2023-01-22T16:00,2.8,0.10,79,-0.4,-0.8,0.10,0.03,0.00,51,100,52,23,100,9.7,352,345,15.3,18.4,1,3422.02,1028.6,1013.7
2023-01-22T17:00,2.0,0.10,87,0.1,-1.5,0.10,0.03,0.00,51,100,100,72,100,9.7,354,345,17.7,19.4,1,0.00,1029.3,1014.4
2023-01-22T18:00,1.9,0.00,87,-0.0,-1.6,0.00,0.03,0.00,3,100,100,45,100,9.4,8,360,17.8,19.4,0,0.00,1029.6,1014.6
2023-01-22T19:00,1.7,0.10,87,-0.3,-1.9,0.10,0.03,0.00,51,100,99,93,43,9.4,18,7,18.6,18.7,0,0.00,1030.0,1015.0
2023-01-22T20:00,1.2,0.10,87,-0.6,-2.2,0.10,0.03,0.00,51,100,94,100,1,8.4,30,20,17.4,18.7,0,0.00,1030.4,1015.4
2023-01-22T21:00,0.9,0.00,88,-0.8,-2.4,0.00,0.03,0.00,2,65,19,44,49,7.6,36,25,17.0,16.6,0,0.00,1030.8,1015.8
2023-01-22T22:00,-0.4,0.00,91,-1.7,-3.7,0.00,0.03,0.00,3,100,83,100,99,6.4,38,27,16.9,15.5,0,0.00,1031.0,1015.9
2023-01-22T23:00,0.3,0.00,90,-1.1,-2.9,0.00,0.03,0.00,3,100,6,100,100,6.3,38,24,15.6,14.0,0,0.00,1031.0,1015.9
2023-01-23T00:00,0.5,0.10,91,-0.7,-2.6,0.00,0.03,0.07,71,100,17,100,100,6.0,39,25,14.8,13.3,0,0.00,1031.4,1016.3
2023-01-23T01:00,0.7,0.10,92,-0.5,-2.5,0.00,0.03,0.07,71,100,0,100,90,6.3,36,24,15.2,13.7,0,0.00,1031.7,1016.6
2023-01-23T02:00,0.6,0.00,90,-0.8,-2.8,0.00,0.03,0.00,3,100,0,100,100,7.4,53,43,17.2,15.1,0,0.00,1031.6,1016.5
2023-01-23T03:00,0.8,0.00,87,-1.1,-2.8,0.00,0.03,0.00,2,58,0,53,24,8.4,59,50,18.1,17.3,0,0.00,1031.8,1016.7
2023-01-23T04:00,-0.8,0.00,90,-2.2,-4.3,0.00,0.03,0.00,0,19,0,12,14,6.8,70,58,17.7,17.3,0,0.00,1032.2,1017.1
2023-01-23T05:00,-1.7,0.00,91,-2.9,-5.0,0.00,0.03,0.00,0,7,0,2,7,5.4,59,37,15.5,14.8,0,0.00,1032.3,1017.1
2023-01-23T06:00,-1.8,0.00,91,-3.0,-5.2,0.00,0.03,0.00,0,4,0,0,4,5.7,56,35,15.6,12.6,0,0.00,1032.6,1017.4
2023-01-23T07:00,-1.5,0.00,91,-2.8,-5.0,0.00,0.03,0.00,0,3,0,0,3,6.5,64,56,18.4,14.8,0,0.00,1032.9,1017.7
2023-01-23T08:00,-1.0,0.00,90,-2.4,-4.6,0.00,0.03,0.00,1,31,0,0,31,7.7,70,62,19.9,16.9,0,0.00,1033.3,1018.1
2023-01-23T09:00,-0.2,0.00,89,-1.7,-3.8,0.00,0.03,0.00,0,11,0,0,11,8.7,70,66,19.9,18.7,1,466.45,1033.7,1018.6
2023-01-23T10:00,1.3,0.00,84,-1.1,-2.5,0.00,0.03,0.00,2,59,0,0,59,10.5,70,63,17.2,22.0,1,3600.00,1034.3,1019.2
2023-01-23T11:00,2.3,0.00,79,-0.9,-2.0,0.00,0.03,0.00,2,67,0,0,67,13.8,53,51,19.8,28.4,1,3600.00,1033.7,1018.7
2023-01-23T12:00,3.0,0.00,74,-1.3,-1.8,0.00,0.03,0.00,3,93,0,0,93,16.5,54,54,23.5,34.9,1,3600.00,1033.6,1018.6
2023-01-23T13:00,3.0,0.00,73,-1.5,-1.8,0.00,0.03,0.00,3,100,0,0,93,16.4,66,64,23.7,34.9,1,456.07,1033.7,1018.7
2023-01-23T14:00,3.4,0.00,72,-1.2,-1.3,0.00,0.03,0.00,3,100,0,0,100,16.3,63,62,23.0,35.6,1,1434.21,1033.2,1018.3
2023-01-23T15:00,3.6,0.00,72,-1.0,-1.0,0.00,0.03,0.00,3,96,44,15,93,15.5,56,54,23.4,34.2,1,710.58,1033.0,1018.1
2023-01-23T16:00,3.8,0.00,71,-0.9,-0.3,0.00,0.03,0.00,3,96,95,1,28,12.6,41,37,20.4,33.1,1,369.23,1032.7,1017.8
2023-01-23T17:00,2.3,0.00,80,-0.8,-1.4,0.00,0.03,0.00,0,12,0,0,12,9.8,27,17,20.9,25.6,1,1491.18,1032.7,1017.7
2023-01-23T18:00,1.5,0.00,86,-0.6,-2.2,0.00,0.03,0.00,2,73,0,0,73,10.0,24,15,23.2,21.2,0,0.00,1033.0,1018.0
2023-01-23T19:00,2.1,0.00,84,-0.3,-1.7,0.00,0.03,0.00,2,77,0,0,77,11.0,40,32,23.5,23.8,0,0.00,1033.4,1018.4
2023-01-23T20:00,1.9,0.00,85,-0.3,-2.0,0.00,0.03,0.00,3,88,1,0,88,11.7,51,43,24.1,25.2,0,0.00,1033.8,1018.8
2023-01-23T21:00,1.4,0.00,88,-0.3,-2.4,0.00,0.03,0.00,3,97,0,0,97,10.6,65,55,23.5,25.6,0,0.00,1033.8,1018.8
2023-01-23T22:00,2.1,0.00,84,-0.4,-1.6,0.00,0.03,0.00,3,97,0,0,97,10.5,63,49,20.9,24.5,0,0.00,1033.9,1018.9
2023-01-23T23:00,1.7,0.00,85,-0.6,-1.9,0.00,0.03,0.00,3,99,0,0,99,9.7,65,51,20.6,22.7,0,0.00,1034.6,1019.6
2023-01-24T00:00,2.2,0.00,81,-0.6,-1.6,0.00,0.03,0.00,3,99,0,0,99,11.2,60,48,21.1,23.8,0,0.00,1034.5,1019.5
2023-01-24T01:00,2.5,0.00,84,0.1,-1.2,0.00,0.03,0.00,3,100,0,0,100,10.9,41,27,19.9,24.1,0,0.00,1034.2,1019.2
2023-01-24T02:00,2.4,0.00,84,-0.0,-1.5,0.00,0.03,0.00,3,100,0,0,100,12.2,44,34,21.4,25.6,0,0.00,1034.0,1019.0
2023-01-24T03:00,2.4,0.00,83,-0.2,-1.4,0.00,0.03,0.00,3,100,0,0,100,11.2,50,40,20.2,25.2,0,0.00,1034.4,1019.4
2023-01-24T04:00,2.3,0.00,83,-0.3,-1.5,0.00,0.03,0.00,3,100,0,0,100,11.2,57,48,20.3,24.1,0,0.00,1034.9,1019.9
2023-01-24T05:00,2.3,0.00,83,-0.3,-1.4,0.00,0.03,0.00,3,100,0,0,100,10.8,63,53,19.3,23.8,0,0.00,1034.8,1019.8
2023-01-24T06:00,2.2,0.00,83,-0.4,-1.5,0.00,0.03,0.00,3,100,0,0,100,10.2,64,51,18.8,22.3,0,0.00,1034.9,1019.9
2023-01-24T07:00,2.2,0.00,83,-0.4,-1.6,0.00,0.03,0.00,3,100,0,0,100,10.9,59,46,19.7,23.0,0,0.00,1035.0,1020.0
2023-01-24T08:00,2.3,0.00,83,-0.4,-1.5,0.00,0.03,0.00,3,100,0,0,100,11.0,53,41,19.3,23.0,0,0.00,1035.6,1020.6
2023-01-24T09:00,2.6,0.00,82,-0.1,-1.1,0.00,0.03,0.00,3,100,0,0,100,10.7,54,42,19.1,22.7,1,0.00,1035.8,1020.8
2023-01-24T10:00,3.6,0.00,79,0.3,-0.1,0.00,0.03,0.00,3,100,0,0,100,11.5,67,58,17.6,25.9,1,0.00,1036.1,1021.1
2023-01-24T11:00,4.1,0.00,77,0.5,0.3,0.00,0.03,0.00,3,100,0,0,100,12.0,53,49,17.5,26.3,1,0.00,1036.2,1021.3
2023-01-24T12:00,4.4,0.00,76,0.6,0.6,0.00,0.03,0.00,3,100,0,0,100,12.2,52,47,17.9,26.6,1,0.00,1036.1,1021.2
2023-01-24T13:00,4.4,0.00,75,0.3,0.4,0.00,0.03,0.00,3,100,0,0,100,12.7,58,55,18.3,28.1,1,0.00,1036.2,1021.3
2023-01-24T14:00,4.5,0.00,74,0.2,0.5,0.00,0.03,0.00,3,100,0,0,100,13.0,48,46,18.4,28.4,1,532.69,1035.8,1020.9
2023-01-24T15:00,4.2,0.00,75,0.1,0.3,0.00,0.03,0.00,3,100,0,0,100,12.0,47,44,17.3,28.1,1,0.00,1036.1,1021.2
2023-01-24T16:00,3.9,0.00,76,0.0,0.1,0.00,0.03,0.00,3,100,0,0,100,11.2,45,40,16.8,25.6,1,0.00,1036.1,1021.2
2023-01-24T17:00,3.4,0.00,77,-0.2,-0.4,0.00,0.03,0.00,3,100,0,0,100,11.3,43,37,19.1,23.8,1,0.00,1036.4,1021.4
2023-01-24T18:00,3.1,0.00,80,-0.1,-0.7,0.00,0.03,0.00,3,100,0,0,100,11.0,47,41,19.6,23.4,0,0.00,1036.8,1021.8
2023-01-24T19:00,3.0,0.00,80,-0.1,-0.7,0.00,0.03,0.00,3,100,0,0,100,10.4,52,44,19.2,22.7,0,0.00,1036.8,1021.8
2023-01-24T20:00,2.9,0.00,81,-0.0,-0.7,0.00,0.03,0.00,3,100,0,0,100,10.0,52,41,18.7,21.6,0,0.00,1036.8,1021.8
2023-01-24T21:00,2.9,0.00,82,0.0,-0.7,0.00,0.03,0.00,3,95,0,0,95,9.9,53,44,19.3,20.5,0,0.00,1036.7,1021.7
2023-01-24T22:00,2.9,0.00,82,0.0,-0.8,0.00,0.02,0.00,3,92,0,0,92,10.5,60,52,20.0,20.9,0,0.00,1036.6,1021.6
2023-01-24T23:00,2.8,0.00,82,0.1,-0.7,0.00,0.02,0.00,3,92,0,0,92,9.8,64,54,19.2,20.9,0,0.00,1036.3,1021.3
2023-01-25T00:00,2.4,0.00,85,0.1,-1.1,0.00,0.02,0.00,3,99,0,0,99,9.5,68,61,19.9,19.8,0,0.00,1036.1,1021.1
2023-01-25T01:00,2.0,0.00,83,-0.6,-1.5,0.00,0.02,0.00,3,100,0,0,99,9.0,69,61,18.1,20.5,0,0.00,1036.0,1021.0
2023-01-25T02:00,2.1,0.00,82,-0.6,-1.5,0.00,0.02,0.00,3,87,0,0,87,8.9,72,63,17.8,18.4,0,0.00,1035.5,1020.5
2023-01-25T03:00,2.1,0.00,83,-0.5,-1.4,0.00,0.02,0.00,3,100,0,0,100,8.9,73,63,17.7,18.0,0,0.00,1035.4,1020.4
2023-01-25T04:00,2.2,0.00,83,-0.4,-1.3,0.00,0.02,0.00,3,100,0,0,100,8.9,74,63,16.9,17.6,0,0.00,1035.2,1020.2
2023-01-25T05:00,2.1,0.00,84,-0.3,-1.4,0.00,0.02,0.00,3,100,0,0,100,9.0,71,61,17.9,18.4,0,0.00,1035.0,1020.0
2023-01-25T06:00,2.2,0.00,84,-0.2,-1.4,0.00,0.02,0.00,3,100,0,0,100,9.8,69,62,18.1,19.8,0,0.00,1034.6,1019.6
2023-01-25T07:00,2.1,0.00,84,-0.2,-1.3,0.00,0.02,0.00,3,100,0,0,100,8.9,70,63,16.9,19.8,0,0.00,1034.1,1019.1
2023-01-25T08:00,2.1,0.00,84,-0.3,-1.4,0.00,0.03,0.00,3,100,0,0,100,9.0,73,67,17.0,18.0,0,0.00,1034.2,1019.2
2023-01-25T09:00,2.4,0.00,83,-0.2,-1.3,0.00,0.03,0.00,3,100,0,0,100,10.0,84,77,15.9,20.5,1,0.00,1034.1,1019.1
2023-01-25T10:00,2.7,0.00,81,-0.3,-0.9,0.00,0.03,0.00,3,100,0,0,100,9.8,87,82,13.7,21.2,1,0.00,1033.9,1018.9
2023-01-25T11:00,3.1,0.00,79,-0.2,-0.3,0.00,0.02,0.00,3,100,0,0,100,8.2,69,67,11.2,21.2,1,0.00,1033.7,1018.7
2023-01-25T12:00,3.1,0.00,79,-0.1,-0.1,0.00,0.02,0.00,3,100,0,0,100,7.4,49,47,10.0,19.4,1,0.00,1033.0,1018.1
2023-01-25T13:00,2.5,0.00,78,-1.0,-0.8,0.00,0.02,0.00,3,100,0,0,100,6.8,67,65,9.0,18.0,1,0.00,1032.3,1017.3
2023-01-25T14:00,2.6,0.00,77,-1.0,-0.5,0.00,0.02,0.00,3,100,0,0,100,6.0,75,73,8.2,16.9,1,0.00,1031.0,1016.1
2023-01-25T15:00,2.7,0.00,76,-1.1,-0.3,0.00,0.02,0.00,3,100,0,0,100,5.1,81,82,6.6,15.5,1,1148.22,1030.2,1015.3
2023-01-25T16:00,2.5,0.00,77,-1.2,-0.4,0.00,0.02,0.00,3,100,0,0,100,4.0,79,80,5.5,13.3,1,0.00,1029.6,1014.7
2023-01-25T17:00,2.1,0.00,78,-1.3,-0.8,0.00,0.02,0.00,3,100,0,0,100,3.6,96,96,6.5,10.4,1,0.00,1029.1,1014.2
2023-01-25T18:00,1.6,0.00,83,-1.0,-1.1,0.00,0.02,0.00,3,100,0,0,100,2.9,107,97,7.5,7.9,0,0.00,1028.8,1013.8
2023-01-25T19:00,1.3,0.00,87,-0.7,-1.3,0.00,0.02,0.00,3,100,0,0,100,2.9,100,83,6.2,6.5,0,0.00,1028.3,1013.3
2023-01-25T20:00,1.2,0.00,85,-1.0,-1.4,0.00,0.02,0.00,3,99,0,0,99,2.4,56,27,5.2,5.4,0,0.00,1028.0,1013.0
2023-01-25T21:00,0.7,0.00,88,-1.0,-2.1,0.00,0.02,0.00,3,100,1,0,100,3.1,34,21,6.5,5.8,0,0.00,1027.4,1012.4
2023-01-25T22:00,0.8,0.00,87,-1.1,-1.9,0.00,0.02,0.00,3,100,58,0,99,3.2,21,360,7.0,6.1,0,0.00,1026.9,1011.9
2023-01-25T23:00,0.4,0.00,89,-1.3,-2.5,0.00,0.02,0.00,3,100,98,11,100,4.0,8,350,8.0,7.6,0,0.00,1026.1,1011.1
2023-01-26T00:00,0.8,0.00,85,-1.5,-2.4,0.00,0.02,0.00,3,100,100,37,100,5.5,352,349,9.8,11.9,0,0.00,1025.6,1010.6
2023-01-26T01:00,0.3,0.00,85,-1.9,-2.6,0.00,0.02,0.00,3,100,100,41,99,3.1,352,339,5.4,11.5,0,0.00,1025.1,1010.1
2023-01-26T02:00,0.4,0.00,83,-2.2,-2.4,0.00,0.02,0.00,3,100,100,24,100,2.4,347,333,3.3,7.2,0,0.00,1024.5,1009.5
2023-01-26T03:00,0.2,0.00,84,-2.2,-3.1,0.00,0.02,0.00,3,100,100,15,100,5.7,331,325,8.2,11.9,0,0.00,1024.2,1009.2
2023-01-26T04:00,0.1,0.00,86,-2.0,-3.4,0.00,0.02,0.00,3,100,100,42,100,7.3,332,327,10.6,15.5,0,0.00,1023.9,1008.9
2023-01-26T05:00,-0.0,0.00,87,-1.9,-3.5,0.00,0.02,0.00,3,100,100,30,100,6.9,337,332,10.2,15.5,0,0.00,1023.6,1008.6
2023-01-26T06:00,-0.1,0.00,86,-2.1,-3.4,0.00,0.02,0.00,3,100,100,48,100,6.0,346,343,8.9,14.8,0,0.00,1023.3,1008.3
2023-01-26T07:00,-0.1,0.00,85,-2.3,-3.3,0.00,0.02,0.00,3,100,100,57,100,5.2,354,348,7.2,13.3,0,0.00,1023.2,1008.2
2023-01-26T08:00,-0.3,0.00,88,-2.1,-3.7,0.00,0.02,0.00,3,100,100,84,100,6.5,358,354,8.6,13.7,0,0.00,1023.6,1008.6
2023-01-26T09:00,-0.3,0.00,88,-2.0,-3.8,0.00,0.02,0.00,3,100,8,0,100,7.3,352,349,9.8,16.2,1,0.00,1023.6,1008.6
2023-01-26T10:00,-0.1,0.10,87,-2.0,-3.6,0.00,0.02,0.07,71,100,0,0,100,7.2,358,354,10.1,17.3,1,0.00,1023.8,1008.8
2023-01-26T11:00,0.2,0.10,85,-2.1,-3.3,0.00,0.02,0.07,71,100,25,3,100,7.3,356,351,9.4,17.6,1,0.00,1023.9,1008.9
2023-01-26T12:00,0.7,0.00,82,-2.1,-2.8,0.00,0.02,0.00,3,100,65,22,100,7.1,351,345,9.1,17.6,1,0.00,1023.6,1008.7
2023-01-26T13:00,0.2,0.00,80,-2.9,-3.5,0.00,0.02,0.00,3,100,0,41,100,7.8,343,338,9.8,20.2,1,0.00,1023.0,1008.0
2023-01-26T14:00,0.2,0.00,79,-3.0,-3.5,0.00,0.02,0.00,3,100,0,33,100,7.6,341,335,9.9,18.7,1,0.00,1022.4,1007.5
2023-01-26T15:00,0.2,0.00,78,-3.2,-3.7,0.00,0.02,0.00,3,100,15,4,100,8.6,342,338,11.4,20.2,1,0.00,1022.4,1007.5
2023-01-26T16:00,0.0,0.00,77,-3.6,-3.9,0.00,0.02,0.00,3,100,38,34,100,8.6,344,338,11.6,20.2,1,0.00,1022.7,1007.7
2023-01-26T17:00,-0.2,0.00,75,-4.1,-4.0,0.00,0.02,0.00,3,100,51,89,100,7.6,346,341,10.7,19.4,1,0.00,1022.8,1007.8
2023-01-26T18:00,-0.4,0.00,75,-4.3,-3.9,0.00,0.02,0.00,3,82,19,46,66,5.6,345,333,9.7,16.2,0,0.00,1023.0,1008.0
2023-01-26T19:00,-1.2,0.00,81,-4.0,-4.4,0.00,0.02,0.00,2,58,3,8,54,3.4,360,342,9.0,11.9,0,0.00,1023.0,1008.0
2023-01-26T20:00,-2.0,0.00,86,-4.1,-5.3,0.00,0.02,0.00,3,91,11,22,88,4.0,11,360,7.3,8.3,0,0.00,1023.0,1007.9
2023-01-26T21:00,-1.0,0.00,81,-3.8,-4.0,0.00,0.02,0.00,3,100,1,28,100,2.2,360,360,5.8,8.3,0,0.00,1022.9,1007.9
2023-01-26T22:00,-0.4,0.00,74,-4.5,-3.6,0.00,0.02,0.00,3,100,17,23,100,3.3,352,354,5.1,8.3,0,0.00,1022.8,1007.8
2023-01-26T23:00,-0.3,0.00,74,-4.3,-3.5,0.00,0.02,0.00,3,100,45,57,100,3.6,351,354,4.7,9.0,0,0.00,1022.5,1007.5
2023-01-27T00:00,-0.3,0.00,77,-3.9,-3.4,0.00,0.02,0.00,3,100,50,94,100,3.0,345,346,4.1,9.0,0,0.00,1022.3,1007.3
2023-01-27T01:00,-0.1,0.00,87,-2.1,-3.2,0.00,0.02,0.00,3,100,23,100,100,4.2,335,340,6.8,8.3,0,0.00,1021.9,1006.9
2023-01-27T02:00,0.0,0.00,88,-1.7,-2.8,0.00,0.02,0.00,3,100,0,100,100,3.0,18,14,5.7,10.1,0,0.00,1021.7,1006.8
2023-01-27T03:00,0.1,0.00,89,-1.5,-2.7,0.00,0.02,0.00,3,100,0,100,100,2.6,25,16,5.2,7.9,0,0.00,1021.6,1006.7
2023-01-27T04:00,0.2,0.00,89,-1.4,-2.6,0.00,0.02,0.00,3,100,0,2,100,2.9,3,353,6.1,7.2,0,0.00,1021.4,1006.5
2023-01-27T05:00,0.3,0.00,90,-1.2,-2.6,0.00,0.02,0.00,3,100,0,83,100,3.6,3,354,7.9,8.3,0,0.00,1021.7,1006.8
2023-01-27T06:00,0.4,0.00,89,-1.2,-2.5,0.00,0.02,0.00,3,100,48,3,100,3.7,16,11,7.9,8.6,0,0.00,1021.8,1006.9
2023-01-27T07:00,0.4,0.00,89,-1.2,-2.5,0.00,0.02,0.00,3,100,71,39,100,4.2,22,20,8.6,9.4,0,0.00,1022.0,1007.1
2023-01-27T08:00,0.5,0.00,88,-1.2,-2.6,0.00,0.02,0.00,3,100,11,29,100,5.2,35,34,10.6,11.5,0,0.00,1022.6,1007.7
2023-01-27T09:00,0.8,0.00,84,-1.6,-2.7,0.00,0.02,0.00,3,100,12,34,100,7.4,50,47,11.8,15.1,1,0.00,1022.9,1008.0
2023-01-27T10:00,1.1,0.00,77,-2.4,-2.8,0.00,0.02,0.00,3,100,5,14,100,10.1,55,55,14.5,21.6,1,0.00,1023.1,1008.2
2023-01-27T11:00,1.4,0.00,76,-2.5,-2.6,0.00,0.02,0.00,3,100,6,4,100,10.2,46,45,14.5,22.3,1,0.00,1023.4,1008.5
2023-01-27T12:00,1.7,0.00,74,-2.5,-2.3,0.00,0.02,0.00,3,100,22,3,100,9.9,46,44,14.0,22.3,1,0.00,1023.2,1008.3
2023-01-27T13:00,2.5,0.00,69,-2.7,-1.8,0.00,0.02,0.00,3,100,100,0,100,12.2,43,43,16.8,24.1,1,0.00,1023.2,1008.4
2023-01-27T14:00,2.8,0.00,68,-2.5,-1.4,0.00,0.02,0.00,3,100,84,0,100,12.2,45,45,17.3,26.6,1,0.00,1023.0,1008.2
2023-01-27T15:00,2.9,0.00,69,-2.3,-1.3,0.00,0.02,0.00,3,100,99,15,100,11.7,46,45,16.5,26.6,1,0.00,1023.2,1008.4
2023-01-27T16:00,2.9,0.00,69,-2.2,-1.3,0.00,0.02,0.00,3,100,75,0,100,11.5,41,41,17.1,25.6,1,0.00,1023.3,1008.5
2023-01-27T17:00,2.5,0.00,74,-1.6,-0.9,0.00,0.02,0.00,3,100,21,3,100,7.3,36,33,14.2,23.0,1,0.00,1023.7,1008.9
2023-01-27T18:00,2.3,0.00,79,-0.9,-0.8,0.00,0.02,0.00,3,100,5,4,100,5.8,27,22,12.6,15.8,0,0.00,1024.0,1009.1
2023-01-27T19:00,2.3,0.00,83,-0.3,-0.7,0.00,0.02,0.00,3,100,0,25,100,5.6,25,15,12.7,13.3,0,0.00,1024.4,1009.5
2023-01-27T20:00,2.3,0.00,85,0.0,-0.9,0.00,0.02,0.00,3,93,0,53,92,7.3,22,11,14.7,15.1,0,0.00,1024.3,1009.4
2023-01-27T21:00,1.5,0.00,88,-0.2,-1.7,0.00,0.02,0.00,3,89,0,39,88,7.6,32,25,17.5,16.6,0,0.00,1024.7,1009.8
2023-01-27T22:00,1.8,0.00,85,-0.5,-1.5,0.00,0.02,0.00,3,100,0,65,100,7.9,32,24,17.0,16.9,0,0.00,1024.9,1010.0
2023-01-27T23:00,2.1,0.00,83,-0.6,-1.4,0.00,0.02,0.00,3,100,0,100,100,8.2,35,29,17.1,18.0,0,0.00,1025.0,1010.1
2023-01-28T00:00,2.1,0.00,83,-0.5,-1.4,0.00,0.02,0.00,3,100,0,100,99,8.9,32,27,17.5,19.1,0,0.00,1025.0,1010.1
2023-01-28T01:00,1.9,0.00,84,-0.4,-1.2,0.00,0.02,0.00,3,100,0,48,91,6.4,36,27,14.7,18.7,0,0.00,1025.3,1010.4
2023-01-28T02:00,1.4,0.00,86,-0.6,-2.0,0.00,0.02,0.00,3,99,0,31,98,8.1,35,21,17.1,16.9,0,0.00,1025.3,1010.4
2023-01-28T03:00,0.6,0.00,91,-0.8,-2.7,0.00,0.02,0.00,3,99,0,9,99,7.2,23,18,17.3,16.9,0,0.00,1025.5,1010.5
2023-01-28T04:00,1.5,0.00,87,-0.4,-2.0,0.00,0.02,0.00,3,100,0,3,100,8.8,17,12,18.1,18.4,0,0.00,1025.5,1010.6
2023-01-28T05:00,2.1,0.00,85,-0.2,-1.7,0.00,0.02,0.00,2,66,0,2,65,11.3,23,17,20.7,23.8,0,0.00,1025.7,1010.8
2023-01-28T06:00,1.3,0.00,89,-0.3,-2.2,0.00,0.02,0.00,3,100,0,13,100,8.8,24,19,18.9,23.8,0,0.00,1025.9,1011.0
2023-01-28T07:00,1.9,0.00,84,-0.5,-1.7,0.00,0.02,0.00,3,100,0,41,100,9.6,26,20,18.0,20.2,0,0.00,1026.2,1011.3
2023-01-28T08:00,1.9,0.00,82,-0.8,-1.8,0.00,0.02,0.00,3,100,0,22,100,10.2,26,18,18.8,21.6,0,0.00,1027.0,1012.1
2023-01-28T09:00,1.9,0.00,82,-0.9,-1.9,0.00,0.02,0.00,3,100,0,17,100,10.8,28,21,19.5,22.7,1,0.00,1027.3,1012.4
2023-01-28T10:00,2.4,0.00,79,-0.9,-1.6,0.00,0.02,0.00,3,100,0,9,100,11.3,27,22,16.9,24.5,1,0.00,1027.5,1012.6
2023-01-28T11:00,2.8,0.00,76,-1.1,-1.3,0.00,0.02,0.00,3,100,0,0,100,12.0,34,33,17.4,25.2,1,0.00,1027.8,1012.9
2023-01-28T12:00,3.1,0.00,73,-1.2,-0.8,0.00,0.02,0.00,3,100,0,0,100,11.3,27,22,16.1,24.8,1,0.00,1027.8,1012.9
2023-01-28T13:00,2.9,0.00,71,-1.7,-1.3,0.00,0.02,0.00,3,92,0,16,100,12.3,34,32,17.4,26.6,1,1600.34,1028.3,1013.4
2023-01-28T14:00,2.9,0.00,72,-1.7,-1.2,0.00,0.02,0.00,3,100,0,3,100,11.8,34,31,17.4,24.8,1,0.00,1028.1,1013.2
2023-01-28T15:00,3.1,0.00,71,-1.6,-1.0,0.00,0.02,0.00,3,98,0,0,98,11.8,25,23,17.1,25.2,1,0.00,1028.3,1013.4
2023-01-28T16:00,2.8,0.00,71,-1.9,-1.3,0.00,0.02,0.00,3,85,0,0,85,11.6,18,16,17.4,25.6,1,0.00,1028.8,1013.9
2023-01-28T17:00,2.0,0.00,72,-2.6,-1.6,0.00,0.02,0.00,0,4,0,0,4,7.8,19,13,15.6,24.5,1,999.00,1028.9,1014.0
2023-01-28T18:00,-0.7,0.00,83,-3.3,-4.2,0.00,0.02,0.00,0,8,3,0,5,6.3,18,13,15.5,16.2,0,0.00,1029.0,1013.9
2023-01-28T19:00,-1.9,0.00,85,-4.2,-5.5,0.00,0.02,0.00,0,19,18,0,0,6.0,13,17,15.9,12.2,0,0.00,1029.5,1014.3
2023-01-28T20:00,-2.7,0.00,85,-4.8,-6.3,0.00,0.02,0.00,2,52,52,0,0,5.6,24,27,15.0,12.6,0,0.00,1030.2,1015.0
2023-01-28T21:00,-2.7,0.00,85,-4.8,-6.6,0.00,0.02,0.00,0,9,0,0,9,8.1,26,21,18.4,15.1,0,0.00,1030.5,1015.3
2023-01-28T22:00,-2.7,0.00,84,-5.0,-6.7,0.00,0.02,0.00,1,38,0,0,38,8.4,30,25,20.8,18.4,0,0.00,1031.0,1015.8
2023-01-28T23:00,-2.4,0.00,82,-5.0,-6.1,0.00,0.02,0.00,0,19,10,0,10,6.3,60,59,16.6,16.9,0,0.00,1030.9,1015.7
2023-01-29T00:00,-4.0,0.00,87,-5.9,-7.8,0.00,0.02,0.00,0,10,0,0,10,6.4,79,63,11.7,12.6,0,0.00,1030.9,1015.6
2023-01-29T01:00,-2.3,0.00,86,-4.4,-5.8,0.00,0.02,0.00,0,15,0,0,91,5.3,90,62,9.0,10.4,0,0.00,1030.8,1015.6
2023-01-29T02:00,-1.7,0.00,86,-3.7,-4.8,0.00,0.02,0.00,3,98,0,0,98,2.7,69,23,6.2,7.9,0,0.00,1031.0,1015.8
2023-01-29T03:00,-1.4,0.00,78,-4.7,-4.3,0.00,0.02,0.00,3,100,99,0,100,1.1,81,342,2.2,5.0,0,0.00,1030.9,1015.7
2023-01-29T04:00,-1.8,0.00,83,-4.3,-4.8,0.00,0.02,0.00,0,14,2,0,13,2.2,167,180,3.3,2.9,0,0.00,1030.6,1015.4
2023-01-29T05:00,-2.0,0.00,81,-4.8,-5.2,0.00,0.02,0.00,0,16,1,0,16,2.6,135,106,2.5,4.0,0,0.00,1030.8,1015.6
2023-01-29T06:00,-4.3,0.00,89,-5.9,-7.9,0.00,0.02,0.00,1,20,2,0,18,4.9,131,107,3.8,7.2,0,0.00,1030.6,1015.3
2023-01-29T07:00,-4.5,0.00,89,-6.0,-8.0,0.00,0.02,0.00,3,100,100,0,95,4.3,150,132,5.0,7.2,0,0.00,1030.6,1015.3
2023-01-29T08:00,-4.5,0.00,90,-5.9,-8.0,0.00,0.02,0.00,3,100,100,0,94,4.1,153,142,5.6,7.2,0,0.00,1030.6,1015.3
2023-01-29T09:00,-2.9,0.00,84,-5.2,-6.2,0.00,0.02,0.00,3,100,100,0,42,3.1,138,135,4.3,7.2,1,0.00,1030.9,1015.7
2023-01-29T10:00,-1.4,0.00,77,-5.0,-4.3,0.00,0.02,0.00,3,100,100,0,0,0.5,76,45,1.5,8.3,1,3600.00,1031.2,1016.0
2023-01-29T11:00,-0.3,0.00,71,-4.9,-3.4,0.00,0.02,0.00,3,100,100,0,0,1.9,198,202,2.3,9.7,1,3600.00,1030.6,1015.5
2023-01-29T12:00,0.4,0.00,70,-4.4,-2.7,0.00,0.02,0.00,3,100,100,0,0,3.0,252,256,3.4,11.5,1,3600.00,1030.0,1015.0
2023-01-29T13:00,0.4,0.00,72,-4.0,-2.8,0.00,0.02,0.00,3,100,100,0,79,3.9,231,236,4.6,14.0,1,3600.00,1030.1,1015.1
2023-01-29T14:00,0.7,0.00,70,-4.1,-2.8,0.00,0.02,0.00,3,100,100,1,66,5.3,242,242,6.9,16.6,1,315.79,1029.1,1014.1
2023-01-29T15:00,0.7,0.00,70,-4.2,-2.7,0.00,0.02,0.00,3,100,100,52,52,4.9,249,253,6.2,15.5,1,0.00,1028.6,1013.6
2023-01-29T16:00,0.6,0.00,70,-4.2,-2.8,0.00,0.02,0.00,3,92,83,43,19,4.6,232,231,6.4,13.7,1,388.45,1028.3,1013.3
2023-01-29T17:00,-1.2,0.00,82,-3.9,-4.6,0.00,0.02,0.00,1,43,40,1,3,5.0,211,201,8.4,12.2,1,2407.78,1028.2,1013.1
2023-01-29T18:00,-2.5,0.00,83,-5.0,-6.2,0.00,0.02,0.00,0,16,13,0,4,6.2,210,190,12.9,11.5,0,0.00,1028.0,1012.8
2023-01-29T19:00,-1.7,0.00,82,-4.4,-5.5,0.00,0.02,0.00,0,11,0,0,11,7.1,212,195,18.8,14.4,0,0.00,1027.9,1012.8
2023-01-29T20:00,-1.9,0.00,87,-3.8,-5.8,0.00,0.02,0.00,0,6,1,0,5,8.8,227,215,21.1,18.0,0,0.00,1027.7,1012.6
2023-01-29T21:00,-2.2,0.00,89,-3.7,-6.1,0.00,0.02,0.00,3,89,89,0,0,8.4,238,227,20.9,18.4,0,0.00,1027.7,1012.5
2023-01-29T22:00,-2.3,0.00,90,-3.8,-6.2,0.00,0.02,0.00,3,100,100,0,0,8.6,244,237,21.3,18.7,0,0.00,1027.4,1012.2
2023-01-29T23:00,-2.3,0.00,89,-3.8,-6.4,0.00,0.02,0.00,3,100,100,0,0,10.0,230,218,23.0,20.5,0,0.00,1026.8,1011.7
2023-01-30T00:00,-2.1,0.00,90,-3.5,-6.7,0.00,0.02,0.00,0,5,2,3,0,13.1,223,217,27.2,27.0,0,0.00,1026.0,1010.9
2023-01-30T01:00,-2.0,0.00,91,-3.2,-6.7,0.00,0.02,0.00,3,100,1,0,99,14.8,233,231,28.5,29.2,0,0.00,1025.8,1010.7
2023-01-30T02:00,-1.0,0.00,85,-3.2,-5.8,0.00,0.02,0.00,3,100,100,0,100,14.7,245,242,25.9,33.8,0,0.00,1025.7,1010.6
2023-01-30T03:00,-0.1,0.00,81,-2.9,-5.2,0.00,0.02,0.00,3,100,3,1,100,17.6,228,226,29.8,36.0,0,0.00,1024.5,1009.5
2023-01-30T04:00,0.3,0.00,80,-2.8,-5.0,0.00,0.02,0.00,3,100,3,7,100,18.6,230,229,30.7,39.2,0,0.00,1024.0,1009.0
2023-01-30T05:00,0.2,0.00,82,-2.5,-5.0,0.00,0.02,0.00,3,100,24,29,100,18.9,232,231,32.3,40.0,0,0.00,1023.9,1008.9
2023-01-30T06:00,0.6,0.00,81,-2.3,-4.9,0.00,0.02,0.00,3,100,3,17,100,20.6,228,226,34.7,42.5,0,0.00,1022.6,1007.7
2023-01-30T07:00,0.9,0.00,80,-2.1,-4.3,0.00,0.02,0.00,3,100,4,1,100,19.4,230,228,32.7,42.8,0,0.00,1022.7,1007.8
2023-01-30T08:00,1.2,0.00,80,-1.8,-4.3,0.00,0.02,0.00,3,100,0,5,100,21.1,226,223,35.4,43.2,1,0.00,1022.2,1007.3
2023-01-30T09:00,1.5,0.00,81,-1.4,-3.9,0.00,0.02,0.00,3,100,0,11,100,20.9,230,226,35.5,44.3,1,0.00,1021.9,1007.0
2023-01-30T10:00,2.6,0.00,80,-0.5,-3.2,0.00,0.02,0.00,3,100,0,100,100,24.6,237,235,39.8,52.2,1,0.00,1021.1,1006.3
2023-01-30T11:00,3.2,0.00,82,0.3,-2.2,0.00,0.02,0.00,3,100,0,100,100,22.5,245,243,38.0,52.2,1,0.00,1021.1,1006.3
2023-01-30T12:00,3.6,0.00,82,0.8,-1.9,0.00,0.02,0.00,3,100,0,100,100,24.3,245,245,39.6,50.4,1,0.00,1020.8,1006.1
2023-01-30T13:00,2.7,0.00,82,-0.1,-2.9,0.00,0.02,0.00,3,100,0,34,100,23.7,246,244,37.5,54.4,1,0.00,1021.9,1007.1
2023-01-30T14:00,3.0,0.20,83,0.5,-1.8,0.20,0.02,0.00,51,100,0,100,100,19.0,246,245,29.6,53.6,1,0.00,1021.4,1006.6
2023-01-30T15:00,2.5,0.40,91,1.1,-2.0,0.30,0.02,0.07,71,100,0,99,100,16.9,250,243,30.0,39.6,1,0.00,1021.6,1006.8
2023-01-30T16:00,3.7,0.00,89,2.0,-0.8,0.00,0.02,0.00,3,100,0,100,45,18.4,249,244,31.6,38.5,1,344.61,1021.9,1007.1
2023-01-30T17:00,3.1,0.40,91,1.8,-1.3,0.40,0.02,0.00,51,82,0,61,59,17.2,247,244,31.0,38.5,1,134.53,1022.6,1007.8
2023-01-30T18:00,2.2,1.40,93,1.1,-2.0,0.70,0.02,0.49,73,60,0,52,23,15.0,254,253,29.3,35.6,0,0.00,1023.4,1008.5
2023-01-30T19:00,2.0,1.20,94,1.1,-2.0,0.70,0.02,0.35,73,84,0,13,84,14.1,258,255,29.1,31.7,0,0.00,1024.2,1009.3
2023-01-30T20:00,1.9,0.20,95,1.2,-1.9,0.20,0.02,0.00,51,46,0,27,40,12.7,252,245,27.2,30.2,0,0.00,1024.7,1009.8
2023-01-30T21:00,1.5,0.20,95,0.8,-2.0,0.20,0.02,0.00,51,50,0,23,48,10.1,252,243,23.8,26.6,0,0.00,1025.4,1010.5
2023-01-30T22:00,1.2,0.10,95,0.4,-2.2,0.10,0.02,0.00,51,57,0,38,47,9.0,248,233,21.8,21.6,0,0.00,1026.2,1011.3
2023-01-30T23:00,0.9,0.10,95,0.1,-2.6,0.10,0.02,0.00,51,67,0,38,54,9.5,248,233,22.6,20.2,0,0.00,1027.0,1012.0
2023-01-31T00:00,0.8,0.00,95,0.1,-2.7,0.00,0.02,0.00,1,46,0,3,46,9.7,246,231,22.1,20.9,0,0.00,1027.4,1012.4
2023-01-31T01:00,1.1,0.00,94,0.3,-2.5,0.00,0.02,0.00,1,49,0,11,59,10.2,242,228,23.2,20.5,0,0.00,1027.6,1012.6
2023-01-31T02:00,1.2,0.00,95,0.5,-2.3,0.00,0.02,0.00,2,56,0,37,50,9.7,242,231,21.3,21.2,0,0.00,1027.8,1012.8
2023-01-31T03:00,0.9,0.00,95,0.3,-2.5,0.00,0.02,0.00,1,49,0,9,46,9.2,243,228,20.3,20.5,0,0.00,1027.8,1012.8
2023-01-31T04:00,0.6,0.00,95,-0.1,-2.8,0.00,0.02,0.00,1,40,0,9,40,8.2,245,229,19.0,19.1,0,0.00,1027.9,1012.9
2023-01-31T05:00,0.1,0.00,95,-0.6,-3.1,0.00,0.02,0.00,1,43,0,1,43,7.1,244,221,18.0,17.6,0,0.00,1028.2,1013.2
2023-01-31T06:00,-0.0,0.00,95,-0.7,-3.4,0.00,0.02,0.00,0,19,0,0,19,8.0,233,207,17.2,16.2,0,0.00,1027.9,1012.9
2023-01-31T07:00,-0.5,0.00,96,-1.1,-4.1,0.00,0.02,0.00,0,14,1,0,14,8.8,223,199,19.1,17.3,0,0.00,1028.0,1012.9
2023-01-31T08:00,-0.6,0.00,96,-1.1,-4.4,0.00,0.02,0.00,1,42,12,0,34,10.3,218,205,22.0,20.9,1,0.00,1028.1,1013.0
2023-01-31T09:00,0.1,0.00,96,-0.4,-3.8,0.00,0.02,0.00,1,41,10,7,31,11.8,226,211,23.2,23.8,1,862.28,1028.5,1013.5
2023-01-31T10:00,1.3,0.00,94,0.5,-2.7,0.00,0.02,0.00,0,9,2,7,0,13.2,221,215,24.0,28.1,1,3600.00,1028.0,1013.0
2023-01-31T11:00,3.0,0.00,91,1.7,-0.8,0.00,0.02,0.00,2,63,0,60,8,13.5,225,222,22.9,29.5,1,3600.00,1027.9,1013.0
2023-01-31T12:00,4.4,0.00,80,1.2,-0.4,0.00,0.02,0.00,3,100,21,100,59,19.9,226,226,29.0,38.5,1,3600.00,1027.5,1012.7
2023-01-31T13:00,3.3,0.10,87,1.3,-1.9,0.10,0.02,0.00,51,100,99,100,100,22.0,233,232,31.6,45.7,1,0.00,1027.4,1012.5
2023-01-31T14:00,3.2,0.00,88,1.4,-1.4,0.00,0.01,0.00,3,100,85,100,100,18.9,231,230,30.5,43.6,1,0.00,1026.5,1011.7
2023-01-31T15:00,3.6,0.10,87,1.6,-1.4,0.10,0.01,0.00,51,100,63,100,100,21.0,234,232,34.6,43.2,1,0.00,1025.6,1010.8
2023-01-31T16:00,4.1,0.00,85,1.8,-0.8,0.00,0.01,0.00,3,100,71,100,100,20.8,241,240,35.3,44.6,1,0.00,1025.5,1010.7
2023-01-31T17:00,4.2,0.00,86,2.0,-0.7,0.00,0.01,0.00,3,100,0,100,100,21.3,242,242,35.6,44.6,1,0.00,1025.5,1010.7
2023-01-31T18:00,4.1,0.10,87,2.1,-0.7,0.10,0.01,0.00,51,100,0,100,100,20.2,237,235,34.0,44.3,0,0.00,1025.8,1011.0
2023-01-31T19:00,4.1,0.30,89,2.5,-0.3,0.30,0.01,0.00,51,100,0,100,100,18.8,240,238,32.1,42.1,0,0.00,1025.8,1011.0
2023-01-31T20:00,4.3,0.10,90,2.8,-0.0,0.10,0.01,0.00,51,100,0,71,100,18.0,243,241,31.4,38.9,0,0.00,1025.7,1010.9
2023-01-31T21:00,4.2,0.40,93,3.1,-0.1,0.40,0.01,0.00,51,100,0,100,100,18.2,244,243,31.7,37.8,0,0.00,1025.5,1010.7
2023-01-31T22:00,4.3,0.00,92,3.0,-0.1,0.00,0.01,0.00,3,100,0,1,100,18.5,247,246,32.0,38.5,0,0.00,1025.5,1010.7
2023-01-31T23:00,4.3,0.00,92,3.1,0.2,0.00,0.01,0.00,3,100,0,0,100,17.4,249,248,30.8,38.5,0,0.00,1025.5,1010.7
2023-02-01T00:00,4.4,0.00,93,3.3,0.3,0.00,0.01,0.00,3,100,0,8,100,17.4,247,246,30.2,36.7,0,0.00,1025.1,1010.3
2023-02-01T01:00,4.5,0.00,93,3.5,0.4,0.00,0.01,0.00,3,91,0,100,100,17.6,237,235,30.8,36.4,0,0.00,1024.3,1009.6
2023-02-01T02:00,4.8,0.00,93,3.7,0.4,0.00,0.01,0.00,3,100,0,100,100,19.9,239,238,34.1,40.7,0,0.00,1023.9,1009.2
2023-02-01T03:00,4.8,0.10,91,3.5,0.5,0.10,0.01,0.00,51,100,70,42,100,19.0,238,237,32.4,42.8,0,0.00,1023.9,1009.2
2023-02-01T04:00,4.4,1.10,93,3.4,0.7,1.10,0.01,0.00,55,100,2,89,100,15.2,236,234,28.3,38.9,0,0.00,1023.5,1008.8
2023-02-01T05:00,4.9,0.20,92,3.7,0.6,0.20,0.01,0.00,51,98,41,88,87,19.7,234,232,34.3,40.3,0,0.00,1023.0,1008.3
2023-02-01T06:00,4.8,0.20,92,3.6,0.3,0.20,0.01,0.00,51,100,98,99,100,20.6,235,234,36.0,41.8,0,0.00,1022.5,1007.8
2023-02-01T07:00,4.9,0.10,89,3.3,0.2,0.10,0.01,0.00,51,99,80,95,93,21.9,250,250,36.7,50.8,0,0.00,1023.3,1008.6
2023-02-01T08:00,4.8,0.00,90,3.3,0.6,0.00,0.01,0.00,2,58,53,0,12,17.6,247,242,30.0,44.3,1,0.00,1023.2,1008.5
2023-02-01T09:00,4.3,0.00,93,3.3,0.6,0.00,0.01,0.00,1,34,7,0,29,15.0,240,235,27.1,36.4,1,1648.45,1023.7,1009.0
2023-02-01T10:00,5.4,0.00,89,3.7,1.2,0.00,0.01,0.00,3,96,85,15,73,18.5,247,246,29.7,38.5,1,3600.00,1024.1,1009.4
2023-02-01T11:00,6.3,0.10,81,3.2,1.9,0.10,0.01,0.00,51,61,49,2,24,19.0,247,245,29.4,47.5,1,3600.00,1024.2,1009.5
2023-02-01T12:00,6.8,0.30,75,2.7,1.4,0.30,0.01,0.00,51,93,87,63,40,26.0,252,253,38.6,52.2,1,3600.00,1023.9,1009.3
2023-02-01T13:00,6.3,0.20,75,2.2,1.1,0.20,0.01,0.00,51,80,100,73,31,24.0,246,246,36.9,52.9,1,3600.00,1023.8,1009.2
2023-02-01T14:00,6.8,0.00,71,1.9,1.2,0.00,0.00,0.00,3,99,97,44,39,25.6,254,253,38.6,56.2,1,3600.00,1023.3,1008.7
2023-02-01T15:00,6.1,0.10,77,2.4,1.4,0.10,0.00,0.00,51,100,100,58,29,20.6,259,258,33.4,57.6,1,1233.88,1023.1,1008.5
2023-02-01T16:00,6.1,0.40,79,2.7,1.4,0.40,0.00,0.00,51,95,86,54,29,20.6,253,251,33.8,45.7,1,2064.23,1023.0,1008.4
2023-02-01T17:00,5.9,0.00,75,1.9,1.2,0.00,0.00,0.00,3,99,96,42,43,19.8,248,245,34.6,44.3,1,2739.87,1022.9,1008.2
2023-02-01T18:00,5.6,0.00,76,1.7,0.9,0.00,0.00,0.00,3,99,85,87,45,19.2,250,247,33.4,41.4,0,0.00,1023.5,1008.8
2023-02-01T19:00,5.5,0.40,80,2.2,0.9,0.40,0.00,0.00,51,100,88,98,54,19.5,248,245,33.9,41.0,0,0.00,1023.6,1008.9
2023-02-01T20:00,5.5,0.10,80,2.4,0.9,0.10,0.00,0.00,51,100,48,95,95,19.8,245,241,34.1,41.4,0,0.00,1023.6,1008.9
2023-02-01T21:00,5.5,0.00,81,2.5,1.0,0.00,0.00,0.00,3,100,50,100,97,19.0,244,241,33.2,41.4,0,0.00,1023.8,1009.1
2023-02-01T22:00,5.5,0.10,82,2.6,1.0,0.10,0.00,0.00,51,100,83,100,97,19.2,244,240,33.2,40.3,0,0.00,1024.0,1009.3
2023-02-01T23:00,5.4,0.10,82,2.7,0.9,0.10,0.00,0.00,51,100,21,99,100,19.5,245,240,33.5,40.7,0,0.00,1024.1,1009.4
2023-02-02T00:00,5.5,0.20,83,2.8,0.8,0.20,0.00,0.00,51,100,5,70,100,20.3,245,240,34.3,41.8,0,0.00,1024.2,1009.5
2023-02-02T01:00,5.1,0.30,88,3.2,0.6,0.30,0.00,0.00,51,100,0,98,94,19.7,242,239,33.0,43.2,0,0.00,1023.7,1009.0
2023-02-02T02:00,5.5,0.60,88,3.7,1.6,0.60,0.00,0.00,53,100,0,100,100,16.3,256,252,28.2,41.4,0,0.00,1023.8,1009.1
2023-02-02T03:00,5.9,0.40,88,4.0,1.4,0.40,0.00,0.00,51,100,1,100,100,21.1,260,256,35.8,43.2,0,0.00,1023.7,1009.0
2023-02-02T04:00,6.0,0.10,87,4.0,1.5,0.10,0.00,0.00,51,100,0,100,100,21.2,257,255,35.8,45.4,0,0.00,1024.0,1009.3
2023-02-02T05:00,6.0,0.00,86,3.8,1.4,0.00,0.00,0.00,3,100,59,100,100,21.5,255,252,36.2,44.3,0,0.00,1024.1,1009.4
2023-02-02T06:00,5.9,0.00,87,3.9,1.4,0.00,0.00,0.00,3,100,66,100,70,20.9,251,249,34.9,44.3,0,0.00,1024.6,1009.9
2023-02-02T07:00,5.8,0.10,89,4.1,1.3,0.10,0.00,0.00,51,100,51,100,99,21.2,251,249,35.9,43.6,0,0.00,1025.2,1010.5
2023-02-02T08:00,5.8,0.20,89,4.1,1.4,0.20,0.00,0.00,51,100,37,100,100,20.3,249,247,34.4,43.9,1,0.00,1025.5,1010.8
2023-02-02T09:00,5.8,0.20,90,4.3,1.5,0.20,0.00,0.00,51,100,46,100,100,20.5,250,246,34.2,42.1,1,0.00,1025.8,1011.1
2023-02-02T10:00,6.2,0.00,87,4.3,1.7,0.00,0.00,0.00,3,100,90,97,75,21.5,252,249,36.0,45.0,1,0.00,1025.9,1011.2
2023-02-02T11:00,7.0,0.00,84,4.6,2.4,0.00,0.00,0.00,3,100,82,99,98,22.8,255,254,35.7,50.8,1,0.00,1026.3,1011.7
2023-02-02T12:00,6.8,0.00,85,4.5,2.0,0.00,0.00,0.00,3,100,53,100,100,23.9,255,254,36.9,47.5,1,0.00,1026.5,1011.8
2023-02-02T13:00,6.6,0.00,90,5.1,2.6,0.00,0.00,0.00,3,100,100,100,100,19.1,251,248,32.4,48.6,1,0.00,1026.3,1011.6
2023-02-02T14:00,7.0,0.10,88,5.1,2.8,0.10,0.00,0.00,51,100,83,94,100,20.3,261,258,33.2,42.1,1,0.00,1026.1,1011.5
2023-02-02T15:00,7.5,0.10,87,5.4,3.3,0.10,0.00,0.00,51,100,94,94,100,21.0,266,263,34.3,43.2,1,0.00,1026.3,1011.7
2023-02-02T16:00,7.4,0.10,86,5.2,3.5,0.10,0.00,0.00,51,100,0,97,100,18.5,261,257,31.0,43.2,1,0.00,1027.0,1012.4
2023-02-02T17:00,7.3,0.00,84,4.8,3.5,0.00,0.00,0.00,3,100,0,96,100,17.0,260,257,29.6,38.5,1,0.00,1027.7,1013.1
2023-02-02T18:00,7.1,0.10,83,4.5,3.6,0.10,0.00,0.00,51,100,17,100,99,15.1,257,252,27.0,35.6,0,0.00,1028.7,1014.0
2023-02-02T19:00,7.0,0.10,82,4.2,3.3,0.10,0.00,0.00,51,100,18,100,51,15.3,251,246,27.4,31.7,0,0.00,1029.4,1014.7
2023-02-02T20:00,6.8,0.00,81,3.8,3.0,0.00,0.00,0.00,3,100,6,100,100,15.8,251,246,28.1,33.1,0,0.00,1029.8,1015.1
2023-02-02T21:00,6.7,0.00,82,3.8,3.0,0.00,0.00,0.00,3,100,46,100,100,15.3,247,240,27.1,33.1,0,0.00,1029.8,1015.1
2023-02-02T22:00,6.5,0.10,86,4.3,2.7,0.10,0.00,0.00,51,100,0,100,100,16.3,240,235,28.4,33.5,0,0.00,1029.7,1015.0
2023-02-02T23:00,6.5,0.10,87,4.4,2.8,0.10,0.00,0.00,51,100,95,100,100,16.2,238,233,28.5,33.8,0,0.00,1029.9,1015.2
2023-02-03T00:00,6.4,0.10,86,4.3,2.5,0.10,0.00,0.00,51,100,85,100,100,17.4,237,232,30.8,36.0,0,0.00,1030.0,1015.3
2023-02-03T01:00,6.4,0.00,88,4.6,2.7,0.00,0.00,0.00,3,100,94,99,100,16.6,242,236,29.3,37.8,0,0.00,1030.1,1015.4
2023-02-03T02:00,6.4,0.00,89,4.7,2.6,0.00,0.00,0.00,3,100,99,84,100,16.9,246,241,29.6,34.9,0,0.00,1029.8,1015.1
2023-02-03T03:00,6.4,0.00,89,4.7,2.4,0.00,0.00,0.00,3,100,100,100,100,18.2,243,240,32.2,37.8,0,0.00,1029.2,1014.5
2023-02-03T04:00,6.6,0.10,88,4.7,2.2,0.10,0.00,0.00,51,100,99,12,100,20.9,245,241,35.4,43.2,0,0.00,1029.0,1014.3
2023-02-03T05:00,6.7,0.00,87,4.7,2.3,0.00,0.00,0.00,3,99,88,31,91,21.0,244,239,35.3,43.6,0,0.00,1029.5,1014.8
2023-02-03T06:00,6.8,0.00,86,4.7,2.8,0.00,0.00,0.00,3,100,100,15,100,18.3,252,248,31.8,43.2,0,0.00,1029.3,1014.6
2023-02-03T07:00,6.9,0.00,85,4.6,2.8,0.00,0.00,0.00,3,100,100,16,100,18.7,251,247,32.0,39.2,0,0.00,1028.9,1014.2
2023-02-03T08:00,6.9,0.00,84,4.3,2.6,0.00,0.00,0.00,3,100,100,5,100,19.9,252,250,34.0,41.4,1,0.00,1029.1,1014.4
2023-02-03T09:00,7.0,0.00,82,4.2,2.5,0.00,0.00,0.00,3,100,100,0,100,21.5,251,249,35.7,45.0,1,0.00,1029.2,1014.5
2023-02-03T10:00,7.4,0.00,81,4.3,2.9,0.00,0.00,0.00,3,100,100,5,100,21.7,252,251,35.5,45.7,1,0.00,1029.1,1014.4
2023-02-03T11:00,7.5,0.00,82,4.5,2.9,0.00,0.00,0.00,3,100,98,4,100,22.5,251,250,36.9,47.5,1,0.00,1029.4,1014.7
2023-02-03T12:00,7.7,0.00,81,4.6,3.1,0.00,0.00,0.00,3,100,100,72,100,22.5,245,243,36.1,51.1,1,0.00,1028.8,1014.2
2023-02-03T13:00,8.1,0.00,81,4.9,2.8,0.00,0.00,0.00,3,100,100,100,100,27.7,250,249,44.4,54.0,1,0.00,1028.6,1014.0
2023-02-03T14:00,7.9,0.10,81,4.9,2.8,0.10,0.00,0.00,51,100,100,49,100,26.4,251,250,43.2,57.6,1,0.00,1028.2,1013.6
2023-02-03T15:00,8.0,0.00,80,4.7,2.7,0.00,0.00,0.00,3,100,100,22,100,27.1,253,253,43.6,56.2,1,0.00,1027.6,1013.0
2023-02-03T16:00,8.1,0.00,80,4.8,3.0,0.00,0.00,0.00,3,100,100,28,100,26.4,260,259,42.8,56.2,1,0.00,1027.9,1013.3
2023-02-03T17:00,8.0,0.00,82,5.1,2.9,0.00,0.00,0.00,3,100,100,100,100,26.3,261,261,43.0,56.2,1,0.00,1027.9,1013.3
2023-02-03T18:00,8.0,0.00,83,5.3,3.3,0.00,0.00,0.00,3,100,100,100,100,24.2,267,265,39.7,55.1,0,0.00,1028.7,1014.1
2023-02-03T19:00,8.1,0.10,83,5.5,3.6,0.10,0.00,0.00,51,100,98,100,100,23.5,267,265,39.3,50.8,0,0.00,1028.8,1014.2
2023-02-03T20:00,8.2,0.20,84,5.7,3.8,0.20,0.00,0.00,51,100,94,100,100,22.3,271,268,37.4,49.0,0,0.00,1029.1,1014.5
2023-02-03T21:00,8.1,0.50,88,6.2,4.2,0.50,0.00,0.00,53,100,92,97,100,20.2,275,272,34.7,47.2,0,0.00,1029.2,1014.6
2023-02-03T22:00,8.1,0.10,89,6.4,4.6,0.10,0.00,0.00,51,100,78,97,100,17.3,286,282,30.3,43.9,0,0.00,1030.0,1015.4
2023-02-03T23:00,8.1,0.10,88,6.1,4.8,0.10,0.00,0.00,51,100,58,100,83,15.6,291,285,27.8,42.5,0,0.00,1030.4,1015.8
2023-02-04T00:00,8.0,0.00,87,5.9,5.0,0.00,0.00,0.00,3,100,71,100,45,13.3,296,289,24.0,33.1,0,0.00,1030.9,1016.2
2023-02-04T01:00,7.8,0.10,91,6.5,5.1,0.10,0.00,0.00,51,100,67,100,74,12.2,291,289,23.6,27.7,0,0.00,1030.9,1016.2
2023-02-04T02:00,7.8,0.20,93,6.8,5.2,0.20,0.00,0.00,51,100,88,100,100,12.5,306,303,24.0,27.0,0,0.00,1031.2,1016.5
2023-02-04T03:00,7.8,0.30,91,6.4,4.9,0.30,0.00,0.00,51,100,19,100,93,13.8,322,317,25.1,29.2,0,0.00,1031.7,1017.0
2023-02-04T04:00,7.4,0.50,90,5.8,4.2,0.50,0.00,0.00,53,100,1,100,100,14.3,322,319,26.4,31.0,0,0.00,1032.1,1017.4
2023-02-04T05:00,7.0,0.10,89,5.2,4.0,0.10,0.00,0.00,51,99,0,99,27,12.2,321,317,22.3,30.6,0,0.00,1032.7,1018.0
2023-02-04T06:00,6.5,0.00,90,5.0,3.8,0.00,0.00,0.00,3,99,13,99,15,10.2,325,321,20.2,25.6,0,0.00,1033.0,1018.2
2023-02-04T07:00,6.1,0.00,91,4.7,3.3,0.00,0.00,0.00,3,100,0,100,17,9.8,334,332,20.0,22.0,0,0.00,1033.4,1018.6
2023-02-04T08:00,5.6,0.00,91,4.3,3.1,0.00,0.00,0.00,3,83,0,79,17,7.9,342,336,17.1,21.2,1,0.00,1034.3,1019.5
2023-02-04T09:00,5.8,0.00,91,4.5,3.4,0.00,0.00,0.00,2,76,0,67,29,7.0,344,339,13.5,17.3,1,0.00,1035.3,1020.5
2023-02-04T10:00,6.5,0.00,86,4.3,4.2,0.00,0.00,0.00,3,100,0,70,100,6.1,358,357,10.1,14.8,1,1052.36,1035.9,1021.1
2023-02-04T11:00,7.2,0.10,77,3.4,4.3,0.10,0.00,0.00,51,100,0,83,100,8.7,10,7,12.1,19.8,1,3600.00,1036.2,1021.4
2023-02-04T12:00,7.4,0.00,70,2.2,4.5,0.00,0.00,0.00,3,100,0,61,100,8.0,8,5,10.9,20.2,1,0.00,1036.3,1021.5
2023-02-04T13:00,7.5,0.00,68,1.9,4.7,0.00,0.00,0.00,3,100,0,22,100,7.2,345,342,9.7,19.8,1,2434.14,1036.7,1021.9
2023-02-04T14:00,8.0,0.00,65,1.7,5.0,0.00,0.00,0.00,3,99,0,10,99,7.7,350,349,10.6,18.7,1,3422.25,1036.8,1022.1
2023-02-04T15:00,7.9,0.00,63,1.3,4.8,0.00,0.00,0.00,3,99,66,2,97,8.1,351,347,10.9,18.7,1,1108.55,1036.9,1022.2
2023-02-04T16:00,7.7,0.00,63,1.2,4.8,0.00,0.00,0.00,3,82,9,5,79,6.9,354,351,10.5,17.6,1,874.72,1037.0,1022.2
2023-02-04T17:00,6.1,0.00,78,2.6,3.8,0.00,0.00,0.00,1,21,3,12,8,4.4,360,351,9.0,14.8,1,980.08,1037.2,1022.4
2023-02-04T18:00,3.1,0.00,85,0.8,0.1,0.00,0.00,0.00,1,40,17,26,4,7.0,29,35,9.0,10.8,0,0.00,1037.6,1022.6
2023-02-04T19:00,2.6,0.00,87,0.6,-0.1,0.00,0.00,0.00,1,26,0,24,4,4.6,65,72,9.5,10.4,0,0.00,1038.0,1023.0
2023-02-04T20:00,1.7,0.00,91,0.4,-1.3,0.00,0.00,0.00,1,22,0,15,8,6.5,74,71,12.0,12.2,0,0.00,1038.2,1023.1
2023-02-04T21:00,2.4,0.00,85,0.2,-1.0,0.00,0.00,0.00,3,93,0,11,93,9.0,97,95,18.5,16.9,0,0.00,1038.5,1023.4
2023-02-04T22:00,3.0,0.00,77,-0.7,-0.6,0.00,0.00,0.00,3,83,0,2,83,9.7,107,105,20.7,19.1,0,0.00,1038.7,1023.7
2023-02-04T23:00,2.9,0.00,73,-1.4,-0.9,0.00,0.00,0.00,2,74,0,1,74,9.6,106,103,19.5,18.7,0,0.00,1038.9,1023.9
2023-02-05T00:00,2.6,0.00,72,-1.9,-1.4,0.00,0.00,0.00,3,95,0,0,95,10.7,106,102,21.3,20.5,0,0.00,1039.1,1024.0
2023-02-05T01:00,3.9,0.00,66,-1.9,0.1,0.00,0.00,0.00,3,82,0,84,49,9.6,112,110,17.9,20.9,0,0.00,1039.0,1024.0
2023-02-05T02:00,3.6,0.00,67,-1.9,-0.1,0.00,0.00,0.00,3,99,0,99,47,8.6,118,112,17.1,18.0,0,0.00,1038.7,1023.7
2023-02-05T03:00,3.6,0.00,68,-1.8,-0.0,0.00,0.00,0.00,3,100,0,100,63,8.2,127,119,16.7,16.6,0,0.00,1038.1,1023.1
2023-02-05T04:00,3.5,0.00,70,-1.4,0.0,0.00,0.00,0.00,3,100,0,100,88,7.8,138,124,15.0,15.8,0,0.00,1037.5,1022.5
2023-02-05T05:00,3.6,0.00,72,-1.1,0.3,0.00,0.00,0.00,3,100,20,100,100,6.7,149,126,12.6,14.4,0,0.00,1037.2,1022.2
2023-02-05T06:00,3.4,0.00,74,-0.7,0.3,0.00,0.00,0.00,3,100,100,100,100,5.7,158,125,9.7,12.2,0,0.00,1037.2,1022.2
2023-02-05T07:00,3.4,0.00,78,-0.2,0.4,0.00,0.00,0.00,3,100,100,100,100,5.4,161,127,8.8,10.8,0,0.00,1037.1,1022.1
2023-02-05T08:00,3.4,0.20,82,0.6,0.5,0.20,0.00,0.00,51,100,53,100,100,5.9,168,137,10.7,11.2,1,0.00,1036.8,1021.8
2023-02-05T09:00,3.5,0.50,89,1.9,0.7,0.50,0.00,0.00,53,100,0,92,100,7.1,180,156,13.0,13.3,1,0.00,1036.5,1021.5
2023-02-05T10:00,3.8,0.10,93,2.8,1.4,0.10,0.00,0.00,51,100,0,100,100,5.1,201,188,11.2,13.7,1,0.00,1036.1,1021.1
2023-02-05T11:00,4.0,0.70,96,3.5,1.9,0.70,0.00,0.00,53,100,0,100,100,4.3,243,228,10.1,11.9,1,0.00,1036.0,1021.1
2023-02-05T12:00,4.2,1.20,97,3.8,2.4,1.20,0.00,0.00,55,100,0,100,100,2.4,282,207,7.0,11.2,1,0.00,1035.5,1020.6
2023-02-05T13:00,5.0,0.60,95,4.3,2.9,0.60,0.00,0.00,53,100,0,100,100,4.8,241,222,6.6,8.3,1,0.00,1034.9,1020.0
2023-02-05T14:00,5.3,0.80,97,4.8,3.3,0.80,0.00,0.00,53,100,0,100,100,4.5,264,256,6.9,11.2,1,0.00,1034.6,1019.7
2023-02-05T15:00,5.2,1.00,94,4.2,2.7,1.00,0.00,0.00,55,100,11,100,100,7.4,315,309,11.7,16.9,1,0.00,1034.4,1019.5
2023-02-05T16:00,5.1,0.20,90,3.7,2.7,0.20,0.00,0.00,51,100,54,98,100,6.4,336,333,9.8,16.2,1,0.00,1034.4,1019.5
2023-02-05T17:00,5.1,0.10,91,3.8,2.7,0.10,0.00,0.00,51,100,6,100,100,6.2,9,10,11.3,16.6,1,0.00,1035.0,1020.1
2023-02-05T18:00,4.8,0.20,92,3.6,2.0,0.20,0.00,0.00,51,96,0,96,52,8.8,18,12,16.6,18.7,0,0.00,1035.8,1020.9
2023-02-05T19:00,4.1,0.00,91,2.8,1.0,0.00,0.00,0.00,2,63,0,41,60,10.0,23,21,18.1,21.2,0,0.00,1036.4,1021.5
2023-02-05T20:00,2.8,0.00,94,1.9,0.3,0.00,0.00,0.00,2,79,0,22,78,4.9,43,36,13.2,20.5,0,0.00,1037.1,1022.1
2023-02-05T21:00,2.6,0.00,94,1.8,-0.1,0.00,0.00,0.00,3,83,0,74,79,5.4,19,8,13.0,12.6,0,0.00,1038.0,1023.0
2023-02-05T22:00,2.7,0.00,93,1.7,-0.2,0.00,0.00,0.00,3,99,28,66,99,6.9,34,28,14.3,15.5,0,0.00,1038.4,1023.4
2023-02-05T23:00,2.7,0.00,90,1.3,-0.3,0.00,0.00,0.00,3,89,0,22,88,7.1,42,41,14.0,15.8,0,0.00,1038.8,1023.8
2023-02-06T00:00,1.8,0.00,92,0.7,-0.9,0.00,0.00,0.00,3,80,53,40,49,4.6,52,51,12.8,15.5,0,0.00,1039.5,1024.4
2023-02-06T01:00,2.1,0.00,91,0.8,-0.7,0.00,0.00,0.00,3,96,8,24,98,5.2,83,78,12.3,11.9,0,0.00,1040.1,1025.0
2023-02-06T02:00,1.1,0.00,94,0.3,-1.5,0.00,0.00,0.00,2,65,3,1,64,3.7,92,79,10.8,11.5,0,0.00,1040.3,1025.1
2023-02-06T03:00,0.1,0.00,94,-0.8,-2.9,0.00,0.00,0.00,3,100,67,0,99,4.6,71,51,9.9,9.7,0,0.00,1040.4,1025.2
2023-02-06T04:00,0.7,0.00,94,-0.1,-2.1,0.00,0.00,0.00,3,100,70,0,100,4.3,54,48,11.1,10.1,0,0.00,1040.3,1025.1
2023-02-06T05:00,1.2,0.00,92,0.0,-1.5,0.00,0.00,0.00,2,64,32,0,48,4.3,56,48,10.9,10.4,0,0.00,1040.2,1025.0
2023-02-06T06:00,0.4,0.00,94,-0.5,-2.4,0.00,0.00,0.00,2,58,2,0,57,4.1,50,45,10.7,10.1,0,0.00,1040.1,1024.9
2023-02-06T07:00,0.6,0.00,92,-0.5,-2.4,0.00,0.00,0.00,3,98,42,0,96,4.8,50,42,12.8,10.8,0,0.00,1040.4,1025.2
2023-02-06T08:00,0.6,0.00,91,-0.7,-2.3,0.00,0.00,0.00,3,100,37,2,100,4.7,61,58,12.7,11.9,1,0.00,1040.2,1025.0
2023-02-06T09:00,1.5,0.00,90,0.0,-1.4,0.00,0.00,0.00,3,100,0,3,100,5.6,62,50,12.2,12.6,1,0.00,1040.4,1025.3
2023-02-06T10:00,2.2,0.00,84,-0.2,-0.8,0.00,0.00,0.00,3,100,0,0,100,5.6,66,63,8.7,14.0,1,0.00,1040.2,1025.1
2023-02-06T11:00,2.5,0.00,84,0.1,-0.4,0.00,0.00,0.00,3,100,2,16,100,5.4,41,37,7.7,13.7,1,0.00,1040.1,1025.0
2023-02-06T12:00,2.9,0.00,82,0.1,-0.3,0.00,0.00,0.00,3,100,0,0,100,7.3,25,20,10.3,16.9,1,0.00,1039.5,1024.5
2023-02-06T13:00,3.7,0.00,76,-0.2,0.4,0.00,0.00,0.00,3,100,0,0,100,8.2,23,23,11.8,19.4,1,0.00,1039.0,1024.0
2023-02-06T14:00,4.2,0.10,71,-0.5,0.6,0.10,0.00,0.00,51,91,0,0,91,9.4,11,7,13.6,20.9,1,0.00,1038.4,1023.4
2023-02-06T15:00,4.4,0.10,74,0.1,0.4,0.10,0.00,0.00,51,42,0,0,42,13.0,9,6,19.3,27.4,1,172.18,1038.1,1023.1
2023-02-06T16:00,4.6,0.00,65,-1.4,0.3,0.00,0.00,0.00,3,95,0,3,95,13.1,18,16,19.7,29.5,1,3600.00,1037.8,1022.9
2023-02-06T17:00,4.1,0.00,66,-1.8,0.3,0.00,0.00,0.00,1,47,0,0,47,9.4,21,18,18.1,26.6,1,355.56,1037.5,1022.5
2023-02-06T18:00,2.4,0.00,71,-2.3,-1.3,0.00,0.00,0.00,1,21,0,0,21,8.7,30,24,20.0,20.5,0,0.00,1037.7,1022.7
2023-02-06T19:00,0.7,0.00,78,-2.7,-3.0,0.00,0.00,0.00,2,79,0,23,79,7.9,38,30,20.0,18.7,0,0.00,1037.9,1022.8
2023-02-06T20:00,1.5,0.00,73,-2.8,-2.4,0.00,0.00,0.00,3,95,0,60,95,9.4,46,40,21.9,20.2,0,0.00,1037.7,1022.6
2023-02-06T21:00,2.4,0.00,69,-2.8,-2.0,0.00,0.00,0.00,2,65,0,49,61,12.8,55,52,23.8,26.6,0,0.00,1037.9,1022.8
2023-02-06T22:00,1.6,0.00,74,-2.5,-2.8,0.00,0.00,0.00,0,1,0,1,0,13.0,66,62,25.3,27.7,0,0.00,1038.3,1023.2
2023-02-06T23:00,0.4,0.00,79,-2.8,-4.1,0.00,0.00,0.00,0,5,0,0,5,13.3,74,71,26.7,28.1,0,0.00,1038.1,1022.9
2023-02-07T00:00,-0.1,0.00,83,-2.7,-4.7,0.00,0.00,0.00,1,22,0,0,22,14.1,77,75,27.7,29.9,0,0.00,1038.4,1023.2
2023-02-07T01:00,0.1,0.00,81,-2.8,-4.6,0.00,0.00,0.00,1,36,0,0,26,14.6,77,74,28.5,29.9,0,0.00,1038.7,1023.5
2023-02-07T02:00,0.1,0.00,82,-2.6,-4.6,0.00,0.00,0.00,0,1,0,0,1,15.0,83,80,28.0,31.7,0,0.00,1038.5,1023.3
2023-02-07T03:00,-0.3,0.00,83,-2.9,-5.1,0.00,0.00,0.00,0,0,0,0,0,15.5,94,94,28.9,32.0,0,0.00,1038.7,1023.5
2023-02-07T04:00,-1.1,0.00,80,-4.1,-6.1,0.00,0.00,0.00,0,0,0,0,0,16.0,100,99,29.6,33.1,0,0.00,1038.9,1023.6
2023-02-07T05:00,-1.7,0.00,77,-5.2,-6.7,0.00,0.00,0.00,0,0,0,0,0,14.5,100,97,28.1,33.1,0,0.00,1039.0,1023.7
2023-02-07T06:00,-2.3,0.00,77,-5.8,-6.8,0.00,0.00,0.00,0,0,0,0,0,11.5,97,90,23.9,30.2,0,0.00,1039.3,1024.0
2023-02-07T07:00,-2.7,0.00,76,-6.3,-7.2,0.00,0.00,0.00,0,0,0,0,0,10.9,94,84,23.4,24.5,0,0.00,1039.5,1024.1
2023-02-07T08:00,-2.9,0.00,74,-6.8,-7.4,0.00,0.00,0.00,0,0,0,0,0,10.7,90,78,23.4,23.4,1,0.00,1039.3,1023.9
2023-02-07T09:00,-1.7,0.00,72,-6.2,-6.1,0.00,0.00,0.00,0,0,0,0,0,9.8,81,62,23.7,23.0,1,2231.52,1039.8,1024.5
2023-02-07T10:00,0.1,0.00,64,-5.9,-4.6,0.00,0.00,0.00,0,0,0,0,0,12.0,86,83,18.4,26.3,1,3600.00,1039.6,1024.4
2023-02-07T11:00,1.5,0.00,58,-5.9,-3.3,0.00,0.00,0.00,0,1,1,0,0,13.0,94,93,19.1,30.6,1,3600.00,1039.7,1024.6
2023-02-07T12:00,2.9,0.00,53,-5.7,-1.4,0.00,0.00,0.00,0,0,0,0,0,9.7,87,86,14.1,29.2,1,3600.00,1039.7,1024.6
2023-02-07T13:00,3.7,0.00,51,-5.5,-0.5,0.00,0.00,0.00,0,0,0,0,0,9.4,92,92,13.0,23.8,1,3600.00,1039.8,1024.8
2023-02-07T14:00,4.2,0.00,49,-5.6,0.2,0.00,0.00,0.00,0,0,0,0,0,8.3,86,88,11.2,23.0,1,3600.00,1039.4,1024.4
2023-02-07T15:00,4.5,0.00,48,-5.5,0.4,0.00,0.00,0.00,0,4,4,0,0,8.4,81,80,11.7,20.5,1,3600.00,1039.0,1024.0
2023-02-07T16:00,4.3,0.00,49,-5.5,0.2,0.00,0.00,0.00,0,9,9,0,0,8.9,76,76,13.7,19.8,1,3600.00,1038.9,1023.9
2023-02-07T17:00,2.8,0.00,55,-5.3,-1.0,0.00,0.00,0.00,0,0,0,0,0,6.7,78,74,16.2,19.4,1,3397.14,1039.1,1024.0
2023-02-07T18:00,0.9,0.00,57,-6.6,-3.3,0.00,0.00,0.00,0,0,0,0,0,8.6,74,68,21.0,17.3,0,0.00,1039.4,1024.2
2023-02-07T19:00,0.0,0.00,59,-7.1,-4.5,0.00,0.00,0.00,0,0,0,0,0,10.0,79,69,23.5,20.2,0,0.00,1039.4,1024.2
2023-02-07T20:00,-0.3,0.00,57,-7.8,-5.0,0.00,0.00,0.00,0,0,0,0,0,10.6,87,80,25.2,21.6,0,0.00,1039.8,1024.6
2023-02-07T21:00,-0.4,0.00,54,-8.5,-5.1,0.00,0.00,0.00,0,3,3,0,0,11.2,92,88,26.3,23.4,0,0.00,1039.9,1024.7
2023-02-07T22:00,-0.5,0.00,53,-9.0,-5.2,0.00,0.00,0.00,0,0,0,0,0,10.5,94,94,25.3,23.0,0,0.00,1039.8,1024.6
2023-02-07T23:00,-1.0,0.00,53,-9.4,-5.6,0.00,0.00,0.00,0,0,0,0,0,9.5,99,101,24.1,22.0,0,0.00,1039.8,1024.5
2023-02-08T00:00,-1.6,0.00,54,-9.7,-6.1,0.00,0.00,0.00,0,0,0,0,0,8.5,101,102,22.4,20.5,0,0.00,1039.7,1024.4
2023-02-08T01:00,-1.9,0.00,57,-9.2,-6.4,0.00,0.00,0.00,0,0,0,0,0,8.8,102,99,22.8,19.1,0,0.00,1039.7,1024.4
2023-02-08T02:00,-2.2,0.00,58,-9.4,-6.7,0.00,0.00,0.00,0,0,0,0,0,9.2,101,101,22.7,20.2,0,0.00,1039.6,1024.3
2023-02-08T03:00,-2.6,0.00,60,-9.4,-6.9,0.00,0.00,0.00,0,0,0,0,0,7.6,96,93,20.3,19.4,0,0.00,1039.5,1024.1
2023-02-08T04:00,-2.8,0.00,60,-9.6,-7.1,0.00,0.00,0.00,0,0,0,0,0,7.2,97,93,20.7,16.6,0,0.00,1039.3,1023.9
2023-02-08T05:00,-2.8,0.00,58,-9.9,-7.2,0.00,0.00,0.00,0,0,0,0,0,7.9,95,87,21.7,17.6,0,0.00,1039.2,1023.8
2023-02-08T06:00,-2.8,0.00,55,-10.5,-7.2,0.00,0.00,0.00,0,0,0,0,0,7.9,94,87,21.6,18.4,0,0.00,1039.0,1023.6
2023-02-08T07:00,-3.0,0.00,54,-11.1,-7.5,0.00,0.00,0.00,0,0,0,0,0,7.9,96,87,21.7,18.4,0,0.00,1039.0,1023.6
2023-02-08T08:00,-2.8,0.00,51,-11.5,-7.5,0.00,0.00,0.00,0,0,0,0,0,8.8,92,81,22.3,19.8,1,0.00,1039.2,1023.8
2023-02-08T09:00,-1.2,0.00,47,-11.1,-6.1,0.00,0.00,0.00,0,0,0,0,0,10.5,89,74,22.0,22.0,1,2333.66,1039.2,1023.9
2023-02-08T10:00,0.6,0.00,49,-8.9,-3.9,0.00,0.00,0.00,0,0,0,0,0,9.0,89,85,15.1,22.0,1,3600.00,1039.0,1023.8
2023-02-08T11:00,2.2,0.00,48,-7.8,-2.4,0.00,0.00,0.00,0,0,0,0,0,10.4,90,90,15.1,25.2,1,3600.00,1038.6,1023.5
2023-02-08T12:00,3.8,0.00,45,-7.0,-0.8,0.00,0.00,0.00,0,0,0,0,0,10.5,87,84,15.5,25.2,1,3600.00,1038.0,1023.0
2023-02-08T13:00,4.6,0.00,39,-8.3,-0.1,0.00,0.00,0.00,0,0,0,0,0,10.8,91,92,15.1,26.3,1,3600.00,1037.6,1022.7
2023-02-08T14:00,5.5,0.00,34,-9.2,0.9,0.00,0.00,0.00,0,0,0,0,0,10.1,89,90,14.4,26.3,1,3600.00,1036.8,1021.9
2023-02-08T15:00,5.6,0.00,34,-9.0,0.9,0.00,0.00,0.00,0,0,0,0,0,10.5,86,86,14.8,24.8,1,3600.00,1036.2,1021.3
2023-02-08T16:00,5.0,0.00,36,-8.7,0.4,0.00,0.00,0.00,0,0,0,0,0,9.7,85,86,15.5,24.1,1,3600.00,1035.8,1020.9
2023-02-08T17:00,2.1,0.00,46,-8.4,-2.1,0.00,0.00,0.00,0,0,0,0,0,7.3,87,81,18.4,20.5,1,3505.82,1035.6,1020.6
2023-02-08T18:00,-0.4,0.00,55,-8.4,-4.8,0.00,0.00,0.00,0,0,0,0,0,8.8,82,71,21.8,18.4,0,0.00,1035.8,1020.6
2023-02-08T19:00,-0.9,0.00,56,-8.5,-5.5,0.00,0.00,0.00,0,0,0,0,0,9.8,93,84,24.1,20.5,0,0.00,1036.0,1020.8
2023-02-08T20:00,-1.2,0.00,57,-8.7,-5.9,0.00,0.00,0.00,0,0,0,0,0,10.5,101,96,25.3,22.0,0,0.00,1035.9,1020.7
2023-02-08T21:00,-1.6,0.00,57,-9.0,-6.5,0.00,0.00,0.00,0,0,0,0,0,11.9,108,104,27.2,24.8,0,0.00,1036.0,1020.8
2023-02-08T22:00,-2.0,0.00,59,-9.0,-7.1,0.00,0.00,0.00,0,0,0,0,0,12.7,110,105,27.6,25.9,0,0.00,1035.9,1020.6
2023-02-08T23:00,-2.3,0.00,60,-9.0,-7.5,0.00,0.00,0.00,0,0,0,0,0,13.9,110,107,29.2,27.7,0,0.00,1035.6,1020.3
2023-02-09T00:00,-2.5,0.00,61,-9.0,-7.9,0.00,0.00,0.00,0,0,0,0,0,15.0,111,107,30.6,30.2,0,0.00,1035.2,1019.9
2023-02-09T01:00,-2.5,0.00,67,-7.8,-7.3,0.00,0.00,0.00,0,0,0,0,0,11.4,114,108,25.3,30.2,0,0.00,1035.0,1019.7
2023-02-09T02:00,-3.0,0.00,69,-7.9,-7.6,0.00,0.00,0.00,0,0,0,0,0,10.4,117,110,23.0,23.0,0,0.00,1035.2,1019.9
2023-02-09T03:00,-3.4,0.00,71,-7.9,-8.1,0.00,0.00,0.00,0,0,0,0,0,10.9,117,107,23.5,21.6,0,0.00,1034.7,1019.4
2023-02-09T04:00,-3.5,0.00,71,-8.0,-8.3,0.00,0.00,0.00,0,0,0,0,0,11.8,116,110,24.8,24.1,0,0.00,1034.4,1019.1
2023-02-09T05:00,-3.9,0.00,73,-8.0,-8.3,0.00,0.00,0.00,0,0,0,0,0,9.0,121,113,20.2,23.4,0,0.00,1034.4,1019.1
2023-02-09T06:00,-4.5,0.00,76,-8.1,-8.8,0.00,0.00,0.00,0,0,0,0,0,7.7,130,118,17.4,17.6,0,0.00,1034.4,1019.0
2023-02-09T07:00,-4.9,0.00,77,-8.3,-9.1,0.00,0.00,0.00,0,0,0,0,0,7.0,132,111,15.5,15.1,0,0.00,1034.5,1019.1
2023-02-09T08:00,-5.0,0.00,77,-8.5,-9.4,0.00,0.00,0.00,0,0,0,0,0,8.4,134,115,16.5,16.2,1,0.00,1034.8,1019.4
2023-02-09T09:00,-3.2,0.00,68,-8.2,-7.7,0.00,0.00,0.00,0,0,0,0,0,9.0,138,113,15.0,17.3,1,2438.12,1035.3,1020.0
2023-02-09T10:00,-0.6,0.00,59,-7.7,-4.4,0.00,0.00,0.00,0,0,0,0,0,5.1,146,141,8.3,17.3,1,3600.00,1035.4,1020.2
2023-02-09T11:00,0.8,0.00,64,-5.2,-2.8,0.00,0.00,0.00,0,0,0,0,0,5.4,191,188,7.3,16.2,1,3600.00,1035.2,1020.1
2023-02-09T12:00,2.0,0.00,63,-4.3,-1.7,0.00,0.00,0.00,0,0,0,0,0,6.3,203,204,8.2,18.0,1,3600.00,1034.9,1019.9
2023-02-09T13:00,2.5,0.00,56,-5.3,-1.4,0.00,0.00,0.00,0,0,0,0,0,7.2,184,186,9.4,20.2,1,3600.00,1034.8,1019.8
2023-02-09T14:00,3.3,0.00,53,-5.5,-0.4,0.00,0.00,0.00,0,0,0,0,0,5.7,231,235,7.4,20.5,1,3600.00,1034.5,1019.5
2023-02-09T15:00,3.4,0.00,52,-5.6,-0.1,0.00,0.00,0.00,1,39,39,0,0,4.3,243,246,5.6,17.3,1,3600.00,1034.4,1019.5
2023-02-09T16:00,3.1,0.00,53,-5.7,-0.3,0.00,0.00,0.00,3,91,91,0,0,3.5,288,294,4.6,13.7,1,3600.00,1034.7,1019.7
2023-02-09T17:00,-0.3,0.00,67,-5.6,-4.1,0.00,0.00,0.00,3,98,98,0,0,6.4,153,142,6.4,8.6,1,3600.00,1034.7,1019.5
2023-02-09T18:00,-2.9,0.00,75,-6.7,-7.1,0.00,0.00,0.00,3,100,100,0,0,8.5,152,118,8.5,12.2,0,0.00,1035.0,1019.7
2023-02-09T19:00,-2.6,0.00,74,-6.6,-6.2,0.00,0.00,0.00,3,100,100,0,0,4.7,191,99,5.5,11.5,0,0.00,1035.6,1020.3
2023-02-09T20:00,-2.7,0.00,76,-6.4,-6.6,0.00,0.00,0.00,3,97,97,0,0,6.6,193,135,12.6,11.2,0,0.00,1035.9,1020.6
2023-02-09T21:00,-3.1,0.00,78,-6.4,-7.2,0.00,0.00,0.00,3,100,100,0,0,7.4,213,166,13.3,12.2,0,0.00,1036.5,1021.2
2023-02-09T22:00,-3.1,0.00,80,-6.0,-6.9,0.00,0.00,0.00,3,100,100,6,0,5.9,236,166,9.1,11.9,0,0.00,1036.9,1021.6
2023-02-09T23:00,-3.7,0.00,82,-6.3,-7.4,0.00,0.00,0.00,0,2,2,0,0,4.8,254,167,6.7,9.7,0,0.00,1037.4,1022.0
2023-02-10T00:00,-4.3,0.00,84,-6.6,-8.0,0.00,0.00,0.00,0,0,0,0,0,5.5,237,169,7.3,8.6,0,0.00,1037.6,1022.2
2023-02-10T01:00,-3.7,0.00,87,-5.5,-7.4,0.00,0.00,0.00,1,39,2,0,0,6.0,220,163,8.9,9.0,0,0.00,1037.6,1022.2
2023-02-10T02:00,-4.4,0.00,88,-6.1,-8.2,0.00,0.00,0.00,1,20,20,0,0,6.1,221,152,7.7,10.4,0,0.00,1038.2,1022.8
2023-02-10T03:00,-4.5,0.00,89,-6.1,-8.2,0.00,0.00,0.00,0,15,15,0,0,5.8,216,150,6.7,9.0,0,0.00,1038.5,1023.1
2023-02-10T04:00,-4.7,0.00,90,-6.1,-8.4,0.00,0.00,0.00,0,6,6,0,0,5.4,208,143,6.1,9.4,0,0.00,1038.6,1023.1
2023-02-10T05:00,-4.7,0.00,90,-6.1,-8.4,0.00,0.00,0.00,0,2,2,0,0,5.2,204,146,7.1,8.3,0,0.00,1039.0,1023.5
2023-02-10T06:00,-4.9,0.00,91,-6.1,-8.5,0.00,0.00,0.00,3,88,87,0,3,4.8,204,153,8.7,8.6,0,0.00,1039.3,1023.8
2023-02-10T07:00,-4.7,0.00,92,-5.8,-8.2,0.00,0.00,0.00,3,92,57,0,80,4.1,198,142,8.0,8.6,0,0.00,1039.8,1024.3
2023-02-10T08:00,-3.1,0.00,88,-4.8,-6.8,0.00,0.00,0.00,3,100,70,0,100,6.7,182,144,10.1,12.2,1,0.00,1040.2,1024.8
2023-02-10T09:00,-1.8,0.00,80,-4.8,-5.5,0.00,0.00,0.00,3,100,18,0,100,6.3,183,149,12.6,14.0,1,0.00,1040.5,1025.2
2023-02-10T10:00,-0.9,0.00,75,-4.8,-4.6,0.00,0.00,0.00,3,100,49,0,100,6.1,167,152,10.0,14.4,1,0.00,1040.6,1025.3
2023-02-10T11:00,0.5,0.00,68,-4.6,-2.9,0.00,0.00,0.00,3,94,48,18,89,4.8,162,153,7.2,14.8,1,0.00,1040.8,1025.6
2023-02-10T12:00,1.7,0.00,64,-4.4,-1.6,0.00,0.00,0.00,3,100,78,1,99,4.2,163,160,6.0,13.7,1,0.00,1040.7,1025.6
2023-02-10T13:00,2.0,0.00,65,-3.8,-1.5,0.00,0.00,0.00,2,63,40,6,74,6.0,159,155,8.1,14.8,1,3600.00,1040.2,1025.1
2023-02-10T14:00,3.7,0.00,60,-3.4,0.4,0.00,0.00,0.00,1,29,12,2,17,4.7,183,180,6.5,16.9,1,3600.00,1039.9,1024.9
2023-02-10T15:00,4.7,0.00,57,-3.0,1.6,0.00,0.00,0.00,3,85,69,0,50,3.9,212,214,5.5,14.8,1,3600.00,1039.5,1024.5
2023-02-10T16:00,4.7,0.00,59,-2.6,1.6,0.00,0.00,0.00,3,97,89,0,77,3.9,205,202,5.2,12.6,1,3600.00,1039.4,1024.4
2023-02-10T17:00,2.3,0.00,72,-2.3,-1.0,0.00,0.00,0.00,3,90,80,0,52,5.8,197,180,12.1,9.7,1,209.46,1039.1,1024.0
2023-02-10T18:00,1.6,0.00,78,-1.8,-1.8,0.00,0.00,0.00,3,97,93,0,53,6.9,210,189,18.7,13.7,0,0.00,1039.2,1024.1
2023-02-10T19:00,0.6,0.00,85,-1.6,-2.8,0.00,0.00,0.00,3,100,100,0,24,7.5,223,197,19.4,15.1,0,0.00,1039.5,1024.3
2023-02-10T20:00,-0.7,0.00,89,-2.4,-4.0,0.00,0.00,0.00,1,24,0,0,24,5.7,234,198,16.5,14.8,0,0.00,1039.7,1024.4
2023-02-10T21:00,-1.3,0.00,90,-2.8,-4.7,0.00,0.00,0.00,1,39,19,0,26,5.4,231,184,14.8,11.9,0,0.00,1039.7,1024.4
2023-02-10T22:00,-1.4,0.00,91,-2.7,-4.7,0.00,0.00,0.00,2,51,0,0,51,5.8,232,184,15.6,12.2,0,0.00,1039.7,1024.4
2023-02-10T23:00,-1.0,0.00,92,-2.2,-4.5,0.00,0.00,0.00,1,28,0,0,28,7.2,224,180,17.1,14.4,0,0.00,1039.6,1024.3
2023-02-11T00:00,-1.3,0.00,93,-2.3,-4.6,0.00,0.00,0.00,1,24,10,0,16,5.8,225,187,16.8,14.4,0,0.00,1039.5,1024.2
2023-02-11T01:00,-1.7,0.00,91,-3.0,-5.3,0.00,0.00,0.00,2,69,76,8,34,6.6,225,193,16.3,12.6,0,0.00,1039.4,1024.1
2023-02-11T02:00,-1.0,0.00,90,-2.5,-4.3,0.00,0.00,0.00,3,97,95,39,13,5.4,221,176,14.3,13.0,0,0.00,1039.1,1023.8
2023-02-11T03:00,-0.3,0.00,89,-1.9,-4.1,0.00,0.00,0.00,3,100,100,100,1,9.0,210,182,19.2,16.9,0,0.00,1038.5,1023.3
2023-02-11T04:00,0.6,0.00,86,-1.6,-3.0,0.00,0.00,0.00,3,100,100,100,0,8.3,217,198,18.5,18.7,0,0.00,1037.9,1022.7
2023-02-11T05:00,0.8,0.00,85,-1.4,-2.7,0.00,0.00,0.00,3,100,100,2,0,7.6,225,205,17.3,16.6,0,0.00,1037.9,1022.8
2023-02-11T06:00,-0.1,0.00,90,-1.5,-3.8,0.00,0.00,0.00,3,93,90,26,0,8.7,216,197,20.6,16.9,0,0.00,1037.4,1022.2
2023-02-11T07:00,-0.6,0.00,91,-1.9,-4.2,0.00,0.00,0.00,2,72,70,6,0,8.4,216,200,21.4,17.6,0,0.00,1037.2,1022.0
2023-02-11T08:00,-0.9,0.00,92,-2.1,-4.6,0.00,0.00,0.00,2,54,54,0,0,8.6,221,202,21.4,17.3,1,0.00,1037.2,1022.0
2023-02-11T09:00,0.6,0.00,88,-1.2,-3.1,0.00,0.00,0.00,1,37,37,0,0,9.4,224,203,19.9,18.4,1,2653.28,1037.7,1022.5
2023-02-11T10:00,2.7,0.00,77,-0.8,-1.0,0.00,0.00,0.00,2,68,66,0,8,9.7,219,211,18.2,21.6,1,3600.00,1037.8,1022.8
2023-02-11T11:00,4.7,0.00,70,-0.4,1.2,0.00,0.00,0.00,2,79,78,0,3,8.7,229,225,12.5,22.7,1,3600.00,1037.9,1023.0
2023-02-11T12:00,6.3,0.00,65,0.1,3.1,0.00,0.00,0.00,3,93,93,0,0,7.7,245,242,10.3,22.0,1,3600.00,1037.7,1022.9
2023-02-11T13:00,6.7,0.00,71,1.7,3.2,0.00,0.00,0.00,3,99,96,43,69,10.8,267,268,14.1,21.6,1,3600.00,1037.4,1022.6
2023-02-11T14:00,7.1,0.00,70,1.9,4.0,0.00,0.00,0.00,3,100,100,49,69,8.6,270,272,11.5,24.5,1,3600.00,1037.2,1022.4
2023-02-11T15:00,6.9,0.00,71,2.0,4.1,0.00,0.00,0.00,3,100,74,25,100,7.3,276,279,9.8,20.9,1,3600.00,1036.9,1022.1
2023-02-11T16:00,6.6,0.00,73,2.1,3.9,0.00,0.00,0.00,3,100,44,90,100,5.9,277,281,8.4,17.3,1,0.00,1036.9,1022.1
2023-02-11T17:00,5.7,0.00,85,3.4,3.8,0.00,0.00,0.00,3,100,2,11,100,2.8,288,310,6.8,13.3,1,0.00,1037.2,1022.3
2023-02-11T18:00,4.5,0.00,88,2.7,2.3,0.00,0.00,0.00,3,100,0,26,100,3.4,299,32,6.6,7.6,0,0.00,1037.6,1022.7
2023-02-11T19:00,4.5,0.00,88,2.7,2.3,0.00,0.00,0.00,3,100,0,3,100,3.6,302,37,6.8,7.2,0,0.00,1037.9,1023.0
2023-02-11T20:00,5.9,0.00,79,2.4,3.5,0.00,0.00,0.00,3,100,9,5,100,4.6,283,342,7.8,7.2,0,0.00,1038.1,1023.2
2023-02-11T21:00,5.0,0.00,85,2.7,2.4,0.00,0.00,0.00,3,100,1,4,100,5.8,270,277,9.0,8.6,0,0.00,1038.2,1023.3
2023-02-11T22:00,4.6,0.00,88,2.8,2.2,0.00,0.00,0.00,3,100,0,0,100,5.2,283,282,8.1,8.3,0,0.00,1038.4,1023.5
2023-02-11T23:00,5.2,0.00,85,2.9,3.0,0.00,0.00,0.00,3,100,0,0,100,3.8,306,319,6.7,7.6,0,0.00,1038.7,1023.8
2023-02-12T00:00,4.0,0.00,93,3.0,1.8,0.00,0.00,0.00,3,100,0,0,100,4.3,342,24,6.8,6.8,0,0.00,1038.8,1023.8
2023-02-12T01:00,5.0,0.00,91,3.6,3.2,0.00,0.00,0.00,3,100,0,0,100,2.2,352,81,5.1,7.2,0,0.00,1038.7,1023.8
2023-02-12T02:00,4.9,0.00,92,3.7,3.0,0.00,0.00,0.00,3,100,4,0,100,2.7,330,23,5.8,5.4,0,0.00,1038.9,1024.0
2023-02-12T03:00,4.1,0.00,95,3.4,2.2,0.00,0.00,0.00,3,100,0,0,100,2.2,355,81,4.0,5.0,0,0.00,1038.8,1023.8
2023-02-12T04:00,4.2,0.00,95,3.5,2.5,0.00,0.00,0.00,3,100,3,0,100,1.5,360,104,3.2,4.7,0,0.00,1038.5,1023.5
2023-02-12T05:00,3.9,0.00,97,3.4,2.0,0.00,0.00,0.00,3,100,0,0,100,2.2,45,90,3.6,4.7,0,0.00,1038.7,1023.7
2023-02-12T06:00,3.9,0.00,96,3.4,2.0,0.00,0.00,0.00,3,100,0,0,100,2.6,67,74,4.7,5.8,0,0.00,1038.7,1023.7
2023-02-12T07:00,3.8,0.00,97,3.3,1.7,0.00,0.00,0.00,3,100,0,0,100,3.7,83,79,6.2,7.2,0,0.00,1038.9,1023.9
2023-02-12T08:00,3.7,0.00,97,3.3,1.5,0.00,0.00,0.00,3,100,0,0,100,4.5,108,104,8.3,8.6,1,0.00,1039.4,1024.4
2023-02-12T09:00,4.5,0.00,94,3.6,2.2,0.00,0.00,0.00,3,100,0,0,100,5.4,106,98,7.9,10.8,1,0.00,1039.7,1024.7
2023-02-12T10:00,6.4,0.00,88,4.5,4.4,0.00,0.00,0.00,3,100,0,0,100,4.0,88,80,8.3,11.2,1,997.97,1039.7,1024.8
2023-02-12T11:00,7.6,0.00,84,5.0,5.8,0.00,0.00,0.00,3,100,0,0,100,3.4,74,72,5.2,10.8,1,0.00,1039.7,1024.9
2023-02-12T12:00,8.7,0.00,81,5.6,7.1,0.00,0.00,0.00,3,100,0,0,100,3.9,62,56,5.3,11.9,1,191.30,1039.5,1024.8
2023-02-12T13:00,10.3,0.00,71,5.4,7.8,0.00,0.00,0.00,3,100,0,9,52,9.7,88,90,13.0,13.3,1,2863.55,1038.6,1024.0
2023-02-12T14:00,10.7,0.00,70,5.4,8.0,0.00,0.00,0.00,2,58,0,5,56,10.6,99,100,14.2,23.8,1,3600.00,1038.0,1023.4
2023-02-12T15:00,10.8,0.00,70,5.6,8.2,0.00,0.00,0.00,1,36,0,0,36,9.8,97,98,13.8,23.8,1,3600.00,1037.7,1023.1
2023-02-12T16:00,10.3,0.00,72,5.5,7.9,0.00,0.00,0.00,0,1,0,0,1,8.5,99,102,13.1,22.3,1,3600.00,1037.4,1022.8
2023-02-12T17:00,8.5,0.00,81,5.4,6.4,0.00,0.00,0.00,0,0,0,0,0,6.4,99,106,15.3,18.7,1,3600.00,1037.3,1022.6
2023-02-12T18:00,6.2,0.00,88,4.3,3.7,0.00,0.00,0.00,0,2,0,0,2,7.6,91,93,18.7,15.5,0,7.31,1037.7,1022.9
2023-02-12T19:00,5.4,0.00,90,3.9,2.6,0.00,0.00,0.00,0,0,0,0,0,9.2,77,69,21.0,17.6,0,0.00,1038.2,1023.3
2023-02-12T20:00,5.1,0.00,91,3.7,2.1,0.00,0.00,0.00,0,0,0,0,0,10.2,79,72,23.1,20.5,0,0.00,1038.2,1023.3
2023-02-12T21:00,4.9,0.00,91,3.6,1.9,0.00,0.00,0.00,0,0,0,0,0,10.2,88,82,23.8,20.5,0,0.00,1038.2,1023.3
2023-02-12T22:00,4.5,0.00,92,3.3,1.5,0.00,0.00,0.00,0,0,0,0,0,10.1,96,90,23.5,20.5,0,0.00,1038.2,1023.3
2023-02-12T23:00,4.1,0.00,93,3.0,1.0,0.00,0.00,0.00,0,0,0,0,0,10.4,96,92,23.9,20.9,0,0.00,1038.3,1023.3
2023-02-13T00:00,3.7,0.00,93,2.7,0.6,0.00,0.00,0.00,0,0,0,0,0,10.1,95,92,23.9,21.2,0,0.00,1038.3,1023.3
2023-02-13T01:00,3.8,0.00,92,2.5,0.4,0.00,0.00,0.00,0,0,0,0,0,11.2,99,94,25.2,20.9,0,0.00,1038.3,1023.3
2023-02-13T02:00,3.5,0.00,91,2.2,0.1,0.00,0.00,0.00,0,0,0,0,0,11.0,104,101,24.9,23.4,0,0.00,1038.2,1023.2
2023-02-13T03:00,3.0,0.00,91,1.7,-0.3,0.00,0.00,0.00,0,0,0,0,0,10.3,105,102,24.3,22.7,0,0.00,1038.1,1023.1
2023-02-13T04:00,2.6,0.00,91,1.3,-0.7,0.00,0.00,0.00,0,0,0,0,0,9.2,105,101,23.1,21.2,0,0.00,1038.0,1023.0
2023-02-13T05:00,2.3,0.00,90,0.9,-1.1,0.00,0.00,0.00,0,0,0,0,0,9.2,107,101,23.3,19.1,0,0.00,1038.4,1023.3
2023-02-13T06:00,2.1,0.00,90,0.7,-1.5,0.00,0.00,0.00,0,0,0,0,0,11.2,111,105,25.4,22.0,0,0.00,1038.3,1023.2
2023-02-13T07:00,1.9,0.00,90,0.5,-1.9,0.00,0.00,0.00,0,0,0,0,0,11.8,113,110,26.1,23.4,0,0.00,1038.3,1023.2
2023-02-13T08:00,1.7,0.00,90,0.3,-2.0,0.00,0.00,0.00,0,0,0,0,0,11.2,113,111,25.0,23.4,1,0.00,1038.5,1023.4
2023-02-13T09:00,3.1,0.00,87,1.1,-0.6,0.00,0.00,0.00,0,0,0,0,0,11.7,111,108,22.8,22.7,1,2875.70,1038.7,1023.7
2023-02-13T10:00,5.1,0.00,81,2.2,2.2,0.00,0.00,0.00,0,0,0,0,0,8.1,108,103,20.0,21.2,1,3600.00,1038.4,1023.5
2023-02-13T11:00,7.0,0.00,75,2.8,4.1,0.00,0.00,0.00,0,0,0,0,0,8.7,108,107,12.5,20.9,1,3600.00,1038.6,1023.8
2023-02-13T12:00,8.6,0.00,69,3.2,5.9,0.00,0.00,0.00,0,0,0,0,0,7.6,108,109,10.6,20.9,1,3600.00,1038.4,1023.7
2023-02-13T13:00,9.8,0.00,65,3.5,7.2,0.00,0.00,0.00,0,0,0,0,0,7.2,117,117,9.7,19.4,1,3600.00,1038.1,1023.4
2023-02-13T14:00,10.5,0.00,63,3.7,8.0,0.00,0.00,0.00,0,0,0,0,0,6.8,108,108,9.1,18.7,1,3600.00,1037.6,1023.0
2023-02-13T15:00,10.8,0.00,63,4.0,8.3,0.00,0.00,0.00,0,0,0,0,0,7.3,107,110,9.8,17.6,1,3600.00,1037.1,1022.5
2023-02-13T16:00,10.5,0.00,65,4.3,8.1,0.00,0.00,0.00,0,0,0,0,0,7.1,112,114,11.3,17.3,1,3600.00,1036.9,1022.3
2023-02-13T17:00,8.6,0.00,76,4.7,6.4,0.00,0.00,0.00,0,0,0,0,0,6.1,111,118,15.0,15.8,1,3600.00,1036.7,1022.0
2023-02-13T18:00,6.3,0.00,83,3.7,3.6,0.00,0.00,0.00,0,0,0,0,0,8.1,105,103,20.1,15.5,0,95.44,1037.0,1022.2
2023-02-13T19:00,5.6,0.00,85,3.2,2.5,0.00,0.00,0.00,0,0,0,0,0,10.2,103,98,24.0,19.8,0,0.00,1037.4,1022.5
2023-02-13T20:00,4.8,0.00,84,2.3,1.4,0.00,0.00,0.00,0,0,0,0,0,11.3,103,99,24.8,22.0,0,0.00,1037.5,1022.6
2023-02-13T21:00,3.8,0.00,86,1.6,0.2,0.00,0.00,0.00,0,0,0,0,0,11.4,106,101,24.7,22.0,0,0.00,1037.3,1022.3
2023-02-13T22:00,2.7,0.00,88,0.9,-0.9,0.00,0.00,0.00,0,0,0,0,0,11.4,105,101,24.2,22.3,0,0.00,1037.3,1022.3
2023-02-13T23:00,1.8,0.00,90,0.3,-1.9,0.00,0.00,0.00,0,0,0,0,0,11.0,104,101,23.7,22.3,0,0.00,1037.2,1022.1
2023-02-14T00:00,1.2,0.00,90,-0.2,-2.4,0.00,0.00,0.00,0,0,0,0,0,9.8,102,98,21.7,21.6,0,0.00,1037.3,1022.2
2023-02-14T01:00,0.7,0.00,91,-0.5,-3.1,0.00,0.00,0.00,0,0,0,0,0,11.2,108,105,23.8,19.1,0,0.00,1037.3,1022.2
2023-02-14T02:00,0.3,0.00,91,-1.0,-3.3,0.00,0.00,0.00,0,0,0,0,0,9.0,109,106,21.3,21.6,0,0.00,1037.2,1022.0
2023-02-14T03:00,-0.0,0.00,90,-1.5,-3.5,0.00,0.00,0.00,0,0,0,0,0,7.5,108,107,19.4,18.0,0,0.00,1037.2,1022.0
2023-02-14T04:00,-0.3,0.00,90,-1.7,-3.7,0.00,0.00,0.00,0,0,0,0,0,7.2,107,108,19.2,15.1,0,0.00,1037.2,1022.0
2023-02-14T05:00,-0.6,0.00,91,-1.9,-4.1,0.00,0.00,0.00,0,0,0,0,0,7.3,110,110,19.1,15.1,0,0.00,1037.4,1022.2
2023-02-14T06:00,-0.9,0.00,91,-2.2,-4.3,0.00,0.00,0.00,0,0,0,0,0,6.6,113,112,18.1,15.1,0,0.00,1037.1,1021.9
2023-02-14T07:00,-1.3,0.00,92,-2.5,-4.6,0.00,0.00,0.00,0,0,0,0,0,5.7,117,108,16.1,13.3,0,0.00,1037.1,1021.9
2023-02-14T08:00,-1.4,0.00,93,-2.4,-4.6,0.00,0.00,0.00,0,0,0,0,0,4.8,115,103,13.9,11.5,1,0.00,1037.2,1021.9
2023-02-14T09:00,0.6,0.00,89,-1.0,-2.4,0.00,0.00,0.00,0,0,0,0,0,4.7,108,113,11.7,11.5,1,2989.24,1037.3,1022.2
2023-02-14T10:00,3.0,0.00,82,0.2,0.6,0.00,0.00,0.00,0,0,0,0,0,1.5,104,135,4.5,10.8,1,3600.00,1037.0,1022.0
2023-02-14T11:00,4.9,0.00,78,1.4,2.8,0.00,0.00,0.00,0,0,0,0,0,0.8,180,243,0.7,9.4,1,3600.00,1036.9,1022.0
2023-02-14T12:00,6.4,0.00,76,2.5,4.4,0.00,0.00,0.00,0,0,0,0,0,1.8,270,270,1.4,11.2,1,3600.00,1036.5,1021.7
2023-02-14T13:00,5.4,0.00,79,2.1,3.3,0.00,0.00,0.00,0,0,0,0,0,2.5,207,225,2.4,11.9,1,3600.00,1036.3,1021.4
2023-02-14T14:00,6.3,0.00,78,2.7,4.3,0.00,0.00,0.00,0,0,0,0,0,2.2,239,261,2.1,12.6,1,3600.00,1035.7,1020.9
2023-02-14T15:00,6.6,0.00,78,3.0,4.6,0.00,0.00,0.00,0,0,0,0,0,2.4,301,297,2.1,11.5,1,3600.00,1035.0,1020.2
2023-02-14T16:00,6.6,0.00,79,3.2,4.6,0.00,0.00,0.00,0,0,0,0,0,2.6,315,304,2.5,10.8,1,3600.00,1034.5,1019.7
2023-02-14T17:00,4.6,0.00,92,3.4,2.5,0.00,0.00,0.00,0,0,0,0,0,4.1,14,308,1.5,9.0,1,3600.00,1034.1,1019.2
2023-02-14T18:00,1.9,0.00,94,1.0,-0.6,0.00,0.00,0.00,0,0,0,0,0,4.0,90,333,4.0,5.4,0,162.91,1034.0,1019.0
2023-02-14T19:00,1.5,0.00,95,0.7,-1.0,0.00,0.00,0.00,0,0,0,0,0,3.4,106,18,5.2,6.1,0,0.00,1034.1,1019.1
2023-02-14T20:00,0.5,0.00,96,-0.0,-2.2,0.00,0.00,0.00,0,0,0,0,0,3.8,107,41,4.9,6.5,0,0.00,1033.8,1018.7
2023-02-14T21:00,-0.5,0.00,96,-1.0,-3.6,0.00,0.00,0.00,0,0,0,0,0,5.2,106,74,6.7,8.6,0,0.00,1033.4,1018.3
2023-02-14T22:00,-0.1,0.00,94,-1.0,-3.1,0.00,0.00,0.00,0,0,0,0,0,5.4,109,90,12.2,10.4,0,0.00,1032.9,1017.8
2023-02-14T23:00,-1.0,0.00,94,-1.9,-4.3,0.00,0.00,0.00,0,0,0,0,0,6.5,103,84,12.6,11.2,0,0.00,1032.5,1017.3
2023-02-15T00:00,-0.1,0.00,91,-1.4,-3.2,0.00,0.00,0.00,0,0,0,0,0,5.2,93,65,7.2,11.2,0,0.00,1032.5,1017.4
2023-02-15T01:00,-0.3,0.00,98,-0.6,-3.4,0.00,0.00,0.00,0,0,0,0,100,5.8,97,86,9.4,7.9,0,0.00,1032.8,1017.7
2023-02-15T02:00,0.6,0.00,99,0.5,-2.3,0.00,0.00,0.00,3,100,0,0,100,5.7,104,108,13.4,10.8,0,0.00,1032.4,1017.3
2023-02-15T03:00,0.6,0.00,100,0.5,-2.0,0.00,0.00,0.00,3,100,0,0,100,3.5,118,156,8.5,11.9,0,0.00,1032.3,1017.2
2023-02-15T04:00,0.1,0.00,99,-0.1,-2.9,0.00,0.00,0.00,3,100,0,0,100,5.9,125,142,11.4,12.6,0,0.00,1032.2,1017.1
2023-02-15T05:00,-0.2,0.00,97,-0.7,-3.1,0.00,0.00,0.00,3,92,0,0,92,4.6,123,129,10.7,12.6,0,0.00,1031.9,1016.8
2023-02-15T06:00,-1.2,0.00,96,-1.7,-4.1,0.00,0.00,0.00,2,56,0,0,56,3.6,124,127,10.4,10.1,0,0.00,1031.7,1016.5
2023-02-15T07:00,-1.2,0.00,95,-1.9,-4.1,0.00,0.00,0.00,2,53,0,0,53,3.8,134,139,10.4,7.6,0,0.00,1031.7,1016.5
2023-02-15T08:00,-1.0,0.00,95,-1.7,-4.1,0.00,0.00,0.00,2,64,0,0,64,4.4,148,145,11.5,8.6,1,0.00,1031.9,1016.7
2023-02-15T09:00,0.4,0.00,92,-0.7,-2.6,0.00,0.00,0.00,2,69,0,0,69,5.2,149,146,9.2,13.7,1,3104.13,1031.7,1016.6
2023-02-15T10:00,1.9,0.00,89,0.3,-0.8,0.00,0.00,0.00,2,72,0,0,72,4.5,161,166,6.5,13.7,1,3600.00,1031.3,1016.3
2023-02-15T11:00,3.9,0.00,82,1.2,1.4,0.00,0.00,0.00,2,54,0,0,54,4.0,163,175,4.9,14.0,1,3600.00,1031.0,1016.1
2023-02-15T12:00,5.8,0.00,75,1.8,3.4,0.00,0.00,0.00,1,36,0,0,36,3.8,189,197,4.7,14.4,1,3600.00,1030.6,1015.8
2023-02-15T13:00,4.4,0.00,79,1.0,2.0,0.00,0.00,0.00,1,23,0,0,57,2.7,193,203,3.3,14.8,1,3600.00,1031.0,1016.2
2023-02-15T14:00,5.8,0.00,74,1.6,3.4,0.00,0.00,0.00,1,35,0,0,35,3.1,149,159,4.2,12.6,1,3600.00,1030.1,1015.3
2023-02-15T15:00,6.8,0.00,71,1.9,4.3,0.00,0.00,0.00,0,7,0,0,7,4.6,152,162,6.1,13.7,1,3600.00,1029.2,1014.5
2023-02-15T16:00,7.1,0.00,70,2.0,4.6,0.00,0.00,0.00,0,6,0,0,6,4.4,164,171,6.7,13.7,1,3600.00,1028.9,1014.2
2023-02-15T17:00,5.0,0.00,84,2.5,2.4,0.00,0.00,0.00,0,4,0,0,4,5.7,153,162,10.1,11.9,1,3600.00,1028.7,1013.9
2023-02-15T18:00,2.3,0.00,85,0.0,-1.0,0.00,0.00,0.00,0,2,0,0,2,7.7,158,131,13.6,14.0,0,309.31,1028.6,1013.7
2023-02-15T19:00,2.7,0.00,87,0.7,-0.4,0.00,0.00,0.00,3,84,84,0,2,6.9,161,118,14.5,13.0,0,0.00,1028.4,1013.5
2023-02-15T20:00,1.9,0.00,88,0.1,-1.3,0.00,0.00,0.00,3,100,100,0,0,7.8,158,112,15.2,14.4,0,0.00,1028.4,1013.5
2023-02-15T21:00,1.7,0.00,86,-0.4,-1.7,0.00,0.00,0.00,3,100,100,0,0,7.8,156,112,15.3,15.1,0,0.00,1028.2,1013.2
2023-02-15T22:00,1.1,0.00,87,-0.9,-2.1,0.00,0.00,0.00,3,100,100,0,0,6.2,169,111,11.4,14.4,0,0.00,1028.3,1013.3
2023-02-15T23:00,0.6,0.00,86,-1.5,-2.4,0.00,0.00,0.00,3,100,100,0,0,4.7,197,113,9.8,11.5,0,0.00,1028.4,1013.4
2023-02-16T00:00,0.9,0.00,85,-1.4,-2.4,0.00,0.00,0.00,3,100,100,0,0,6.4,194,128,13.7,13.0,0,0.00,1028.4,1013.4
2023-02-16T01:00,-0.1,0.00,92,-1.3,-3.6,0.00,0.00,0.00,3,99,86,0,0,8.0,173,126,15.2,15.8,0,0.00,1028.7,1013.6
2023-02-16T02:00,-0.2,0.00,91,-1.4,-3.6,0.00,0.00,0.00,3,100,100,0,0,7.7,186,139,18.1,16.2,0,0.00,1028.9,1013.8
2023-02-16T03:00,0.1,0.00,90,-1.3,-3.3,0.00,0.00,0.00,3,99,99,0,0,7.4,201,151,18.5,15.8,0,0.00,1028.7,1013.7
2023-02-16T04:00,0.1,0.00,88,-1.6,-3.2,0.00,0.00,0.00,3,97,97,0,0,6.4,209,164,18.8,15.8,0,0.00,1028.4,1013.4
2023-02-16T05:00,0.2,0.00,87,-1.7,-3.0,0.00,0.00,0.00,3,100,100,0,0,5.9,214,169,17.9,14.8,0,0.00,1028.5,1013.5
2023-02-16T06:00,0.6,0.00,86,-1.4,-2.9,0.00,0.00,0.00,1,47,47,0,0,7.7,209,169,19.0,15.5,0,0.00,1028.4,1013.4
2023-02-16T07:00,0.1,0.00,88,-1.6,-3.3,0.00,0.00,0.00,0,0,0,0,0,7.3,212,171,19.1,15.8,0,0.00,1028.5,1013.5
2023-02-16T08:00,0.2,0.00,88,-1.5,-3.2,0.00,0.00,0.00,0,0,0,0,0,7.3,211,160,17.6,15.1,1,0.00,1028.7,1013.7
2023-02-16T09:00,2.5,0.00,80,-0.7,-1.1,0.00,0.00,0.00,2,79,79,0,0,8.9,212,166,17.0,18.4,1,3220.23,1028.9,1014.0
2023-02-16T10:00,4.4,0.00,76,0.6,1.3,0.00,0.00,0.00,2,67,67,0,0,7.8,209,158,18.0,19.1,1,3600.00,1029.0,1014.2
2023-02-16T11:00,6.4,0.00,69,1.2,3.3,0.00,0.00,0.00,0,7,7,0,0,7.9,193,177,12.9,20.5,1,3600.00,1029.0,1014.3
2023-02-16T12:00,8.4,0.00,63,1.8,5.4,0.00,0.00,0.00,2,78,75,12,0,8.0,195,185,12.3,20.9,1,3600.00,1028.4,1013.8
2023-02-16T13:00,9.2,0.00,62,2.3,6.4,0.00,0.00,0.00,3,100,100,46,0,7.6,195,188,11.2,22.3,1,3600.00,1028.1,1013.5
2023-02-16T14:00,10.0,0.00,56,1.7,7.1,0.00,0.00,0.00,3,100,100,98,0,7.2,194,183,11.5,19.8,1,3600.00,1027.3,1012.8
2023-02-16T15:00,10.1,0.00,56,1.7,7.3,0.00,0.00,0.00,3,100,95,100,0,6.6,218,171,23.6,18.7,1,1949.90,1026.7,1012.2
2023-02-16T16:00,9.8,0.00,58,2.0,6.5,0.00,0.00,0.00,3,100,94,100,0,10.1,219,207,22.5,23.0,1,364.83,1026.5,1012.0
2023-02-16T17:00,6.8,0.00,74,2.5,4.1,0.00,0.00,0.00,3,100,0,100,0,6.8,229,205,19.1,22.0,1,0.00,1026.4,1011.7
2023-02-16T18:00,6.3,0.00,77,2.5,3.4,0.00,0.00,0.00,3,100,0,100,1,8.2,233,209,22.4,19.1,0,0.00,1026.1,1011.4
2023-02-16T19:00,4.3,0.00,84,1.8,1.3,0.00,0.00,0.00,3,100,21,100,21,7.5,238,215,20.4,19.4,0,0.00,1026.5,1011.7
2023-02-16T20:00,5.1,0.00,82,2.4,2.5,0.00,0.00,0.00,3,100,86,100,100,5.8,227,184,17.8,16.9,0,0.00,1026.7,1012.0
2023-02-16T21:00,5.7,0.00,80,2.5,2.7,0.00,0.00,0.00,3,100,44,100,27,8.7,209,173,21.4,18.4,0,0.00,1026.7,1012.0
2023-02-16T22:00,5.5,0.00,80,2.2,2.3,0.00,0.00,0.00,3,100,14,100,22,9.4,212,187,23.5,20.2,0,0.00,1026.9,1012.2
2023-02-16T23:00,5.5,0.00,77,1.8,2.2,0.00,0.00,0.00,3,100,52,100,18,10.2,219,198,25.1,22.7,0,0.00,1026.9,1012.2
2023-02-17T00:00,5.4,0.00,77,1.6,1.9,0.00,0.00,0.00,3,100,100,94,31,10.6,225,208,26.0,23.0,0,0.00,1026.9,1012.2
2023-02-17T01:00,8.0,0.00,73,3.4,4.6,0.00,0.00,0.00,3,100,50,100,100,12.7,232,225,27.7,23.8,0,0.00,1026.0,1011.4
2023-02-17T02:00,8.1,0.20,75,4.0,5.2,0.20,0.00,0.00,51,100,78,100,100,10.5,223,211,24.0,27.7,0,0.00,1025.7,1011.1
2023-02-17T03:00,8.4,0.00,76,4.4,5.0,0.00,0.00,0.00,3,100,91,81,100,14.1,227,220,27.8,28.4,0,0.00,1025.5,1010.9
2023-02-17T04:00,8.5,0.00,80,5.3,4.9,0.00,0.00,0.00,3,100,88,23,100,16.6,228,222,30.3,33.8,0,0.00,1024.9,1010.4
2023-02-17T05:00,8.4,0.00,81,5.4,4.7,0.00,0.00,0.00,3,100,43,25,100,17.6,228,226,31.9,35.6,0,0.00,1024.9,1010.4
2023-02-17T06:00,8.5,0.00,81,5.5,5.0,0.00,0.00,0.00,3,100,82,26,100,16.6,230,228,30.4,36.7,0,0.00,1025.1,1010.6
2023-02-17T07:00,8.5,0.00,84,6.0,5.1,0.00,0.00,0.00,3,100,60,28,100,16.0,229,226,29.6,34.9,0,0.00,1025.2,1010.6
2023-02-17T08:00,8.6,0.00,86,6.4,5.3,0.00,0.00,0.00,3,100,87,27,100,16.3,230,227,29.9,34.9,1,0.00,1025.6,1011.1
2023-02-17T09:00,8.8,0.00,87,6.8,5.5,0.00,0.00,0.00,3,100,99,55,100,16.6,227,222,29.8,34.9,1,0.00,1025.8,1011.3
2023-02-17T10:00,9.5,0.00,86,7.2,6.2,0.00,0.00,0.00,3,100,68,55,100,17.3,228,225,29.3,36.7,1,0.00,1026.0,1011.5
2023-02-17T11:00,9.7,0.10,87,7.6,6.4,0.10,0.00,0.00,51,100,94,100,100,18.1,225,221,30.3,37.1,1,0.00,1026.0,1011.5
2023-02-17T12:00,10.1,0.00,86,7.9,7.0,0.00,0.00,0.00,3,100,98,100,100,17.7,223,218,30.3,38.5,1,0.00,1025.9,1011.4
2023-02-17T13:00,11.2,0.00,83,8.5,7.8,0.00,0.00,0.00,3,100,99,100,100,20.1,235,234,33.9,42.1,1,0.00,1025.7,1011.3
2023-02-17T14:00,11.4,0.00,82,8.5,7.9,0.00,0.00,0.00,3,100,100,29,100,21.3,232,231,35.6,44.6,1,0.00,1025.3,1010.9
2023-02-17T15:00,12.0,0.00,81,8.8,8.4,0.00,0.00,0.00,3,100,100,55,100,22.2,231,230,36.3,49.0,1,0.00,1024.8,1010.4
2023-02-17T16:00,12.0,0.00,81,8.8,8.3,0.00,0.00,0.00,3,100,100,0,100,23.0,230,230,37.3,47.9,1,0.00,1024.4,1010.0
2023-02-17T17:00,11.8,0.00,81,8.6,8.1,0.00,0.00,0.00,3,100,100,0,100,22.9,235,233,38.0,48.2,1,0.00,1024.5,1010.1
2023-02-17T18:00,11.2,0.00,83,8.5,7.9,0.00,0.00,0.00,3,100,99,0,100,19.8,242,241,34.0,47.9,0,0.00,1024.9,1010.5
2023-02-17T19:00,11.0,0.00,85,8.6,7.9,0.00,0.00,0.00,3,100,100,22,100,18.6,251,248,31.7,41.8,0,0.00,1026.0,1011.6
2023-02-17T20:00,10.8,0.20,87,8.8,7.9,0.20,0.00,0.00,51,100,94,0,100,17.7,242,237,30.6,39.2,0,0.00,1026.3,1011.9
2023-02-17T21:00,10.6,0.50,89,8.9,8.0,0.50,0.00,0.00,53,100,88,6,100,16.0,240,234,28.4,37.1,0,0.00,1026.6,1012.1
2023-02-17T22:00,10.3,0.20,92,9.1,7.9,0.20,0.00,0.00,51,100,98,51,100,14.7,240,234,27.4,33.5,0,0.00,1026.6,1012.1
2023-02-17T23:00,10.4,0.10,93,9.3,7.9,0.10,0.00,0.00,51,100,100,59,100,15.9,238,232,29.3,33.8,0,0.00,1026.7,1012.2
2023-02-18T00:00,10.5,0.10,93,9.4,8.0,0.10,0.00,0.00,51,100,99,58,100,16.4,242,237,29.5,34.2,0,0.00,1026.4,1011.9
2023-02-18T01:00,10.8,0.50,93,9.7,8.2,0.50,0.00,0.00,53,100,94,100,100,17.0,240,238,30.6,34.6,0,0.00,1026.2,1011.8
2023-02-18T02:00,10.9,0.10,93,9.7,8.2,0.10,0.00,0.00,51,100,100,66,100,17.6,242,239,30.9,37.4,0,0.00,1026.0,1011.6
2023-02-18T03:00,11.0,0.30,92,9.7,8.3,0.30,0.00,0.00,51,100,100,45,100,17.9,248,245,30.7,37.4,0,0.00,1025.9,1011.5
2023-02-18T04:00,10.7,0.30,94,9.8,8.5,0.30,0.00,0.00,51,100,100,19,100,15.1,248,245,27.5,37.1,0,0.00,1025.5,1011.1
2023-02-18T05:00,10.6,0.20,93,9.6,8.2,0.20,0.00,0.00,51,100,100,7,100,16.1,244,241,28.5,33.1,0,0.00,1025.2,1010.8
2023-02-18T06:00,10.5,0.20,94,9.5,7.6,0.20,0.00,0.00,51,100,100,8,100,19.0,245,243,32.7,39.2,0,0.00,1025.3,1010.9
2023-02-18T07:00,10.5,0.00,91,9.1,7.7,0.00,0.00,0.00,3,100,100,0,81,17.1,250,248,30.0,40.0,0,0.00,1025.1,1010.7
2023-02-18T08:00,9.9,0.00,91,8.4,7.3,0.00,0.00,0.00,3,100,98,0,100,15.0,250,249,27.2,36.7,1,0.00,1024.9,1010.4
2023-02-18T09:00,10.1,0.10,92,8.9,7.8,0.10,0.00,0.00,51,100,100,0,100,13.4,248,246,23.7,31.7,1,0.00,1024.7,1010.2
2023-02-18T10:00,10.2,0.10,92,8.9,7.8,0.10,0.00,0.00,51,100,100,0,100,14.8,257,257,25.8,31.3,1,0.00,1024.7,1010.2
2023-02-18T11:00,10.7,0.00,88,8.8,8.0,0.00,0.00,0.00,3,100,98,0,100,16.2,265,266,27.4,34.2,1,0.00,1024.7,1010.3
2023-02-18T12:00,10.8,0.20,87,8.7,7.8,0.20,0.00,0.00,51,100,100,14,100,18.4,263,264,30.5,38.9,1,0.00,1024.7,1010.3
2023-02-18T13:00,12.3,0.20,71,7.3,7.8,0.20,0.00,0.00,51,100,53,36,100,25.9,261,261,39.8,40.7,1,0.00,1023.7,1009.4
2023-02-18T14:00,12.9,0.00,66,6.7,8.6,0.00,0.00,0.00,3,95,49,70,79,23.8,267,267,37.5,52.9,1,0.00,1023.3,1009.0
2023-02-18T15:00,12.7,0.00,65,6.2,8.1,0.00,0.00,0.00,3,100,100,60,100,24.9,259,259,38.8,53.3,1,3600.00,1022.8,1008.5
2023-02-18T16:00,12.4,0.00,67,6.4,7.9,0.00,0.00,0.00,3,100,94,98,100,24.4,251,251,38.8,52.2,1,0.00,1022.5,1008.2
2023-02-18T17:00,11.8,0.00,68,6.1,7.8,0.00,0.00,0.00,3,100,80,100,100,20.9,258,259,34.9,50.8,1,0.00,1022.9,1008.6
2023-02-18T18:00,11.1,0.00,72,6.3,7.4,0.00,0.00,0.00,3,100,100,100,100,19.1,259,259,31.9,44.3,0,0.00,1023.2,1008.8
2023-02-18T19:00,10.9,0.00,73,6.3,7.3,0.00,0.00,0.00,3,100,100,100,100,18.2,256,256,31.2,40.0,0,0.00,1023.6,1009.2
2023-02-18T20:00,10.7,0.00,73,6.1,6.9,0.00,0.00,0.00,3,100,100,86,100,19.2,258,257,32.3,40.7,0,0.00,1024.0,1009.6
2023-02-18T21:00,10.4,0.00,74,6.0,6.7,0.00,0.00,0.00,3,100,100,21,100,18.5,257,257,31.4,40.3,0,0.00,1024.0,1009.6
2023-02-18T22:00,9.8,0.10,78,6.1,6.2,0.10,0.00,0.00,51,100,100,100,100,17.8,250,249,31.0,38.5,0,0.00,1024.1,1009.6
2023-02-18T23:00,9.8,0.00,76,5.9,6.1,0.00,0.00,0.00,3,100,100,100,70,18.3,250,248,31.8,38.2,0,0.00,1023.7,1009.2
2023-02-19T00:00,9.7,0.00,77,5.9,5.9,0.00,0.00,0.00,3,100,100,100,91,18.9,251,249,32.8,40.0,0,0.00,1023.3,1008.8
2023-02-19T01:00,8.9,0.00,85,6.6,5.6,0.00,0.00,0.00,3,100,100,100,100,16.6,249,248,29.6,40.0,0,0.00,1023.0,1008.5
2023-02-19T02:00,9.0,0.10,86,6.8,5.5,0.10,0.00,0.00,51,100,100,98,100,18.4,244,242,31.6,37.8,0,0.00,1022.7,1008.2
2023-02-19T03:00,9.0,0.20,87,6.9,5.0,0.20,0.00,0.00,51,100,100,100,100,21.4,244,243,36.1,44.6,0,0.00,1022.4,1007.9
2023-02-19T04:00,8.8,0.00,87,6.8,5.2,0.00,0.00,0.00,3,100,10,100,100,19.4,241,239,33.2,44.6,0,0.00,1021.9,1007.4
2023-02-19T05:00,8.7,0.00,88,6.8,5.2,0.00,0.00,0.00,3,100,0,81,100,18.0,243,241,30.6,40.7,0,0.00,1022.1,1007.6
2023-02-19T06:00,8.6,0.10,89,6.9,5.4,0.10,0.00,0.00,51,100,0,40,100,16.4,239,237,27.6,37.4,0,0.00,1022.5,1008.0
2023-02-19T07:00,8.2,0.90,93,7.1,4.9,0.90,0.00,0.00,53,100,0,96,100,17.9,245,245,30.6,36.7,0,0.00,1022.7,1008.2
2023-02-19T08:00,8.5,0.10,87,6.5,4.9,0.10,0.00,0.00,51,76,49,21,48,18.3,253,250,31.6,37.4,1,0.00,1023.4,1008.9
2023-02-19T09:00,8.8,0.00,87,6.8,5.2,0.00,0.00,0.00,2,72,7,49,61,18.9,250,249,31.8,40.0,1,3574.34,1024.0,1009.5
2023-02-19T10:00,9.8,0.10,83,7.1,6.5,0.10,0.00,0.00,51,64,5,9,61,17.2,262,260,27.3,41.4,1,3600.00,1024.3,1009.8
2023-02-19T11:00,10.2,0.10,78,6.6,6.6,0.10,0.00,0.00,51,66,11,37,47,18.4,274,273,27.8,39.6,1,3600.00,1024.5,1010.0
2023-02-19T12:00,11.0,0.10,75,6.8,7.4,0.10,0.00,0.00,51,67,5,41,54,19.5,274,272,28.5,42.5,1,3600.00,1025.1,1010.7
2023-02-19T13:00,11.1,0.00,70,5.8,7.2,0.00,0.00,0.00,3,100,74,64,12,19.9,263,265,29.4,43.2,1,3427.13,1025.3,1010.9
2023-02-19T14:00,11.2,0.10,66,5.1,7.1,0.10,0.00,0.00,51,87,53,69,26,19.6,276,277,29.0,45.0,1,3600.00,1025.7,1011.3
2023-02-19T15:00,10.5,0.10,73,5.9,6.7,0.10,0.00,0.00,51,88,42,75,35,19.1,269,270,29.2,40.7,1,3035.12,1025.3,1010.9
2023-02-19T16:00,10.8,0.10,72,6.0,7.6,0.10,0.00,0.00,51,77,52,35,32,15.0,262,259,23.6,38.9,1,3600.00,1025.5,1011.1
2023-02-19T17:00,10.1,0.20,77,6.3,7.2,0.20,0.00,0.00,51,100,100,45,100,13.5,258,254,23.6,31.3,1,3600.00,1026.1,1011.6
2023-02-19T18:00,9.3,0.20,82,6.3,6.7,0.20,0.00,0.00,51,100,100,88,53,11.4,258,252,21.7,27.4,0,0.00,1026.4,1011.9
2023-02-19T19:00,8.6,0.10,85,6.3,6.1,0.10,0.00,0.00,51,95,92,31,22,10.6,257,252,22.5,23.4,0,0.00,1027.6,1013.0
2023-02-19T20:00,8.0,0.10,87,6.0,5.3,0.10,0.00,0.00,51,100,100,46,32,11.3,260,253,23.7,23.4,0,0.00,1028.0,1013.4
2023-02-19T21:00,7.6,0.00,89,6.0,4.9,0.00,0.00,0.00,3,100,100,99,57,11.4,257,252,23.7,23.4,0,0.00,1028.2,1013.6
2023-02-19T22:00,7.2,0.00,91,5.8,4.7,0.00,0.00,0.00,3,100,97,99,100,10.2,264,260,22.4,23.4,0,0.00,1029.1,1014.4
2023-02-19T23:00,7.1,0.00,91,5.7,4.6,0.00,0.00,0.00,3,96,91,20,53,9.7,263,255,21.0,21.6,0,0.00,1028.9,1014.2
2023-02-20T00:00,6.6,0.00,92,5.4,4.1,0.00,0.00,0.00,3,98,97,0,41,9.1,268,261,20.9,20.5,0,0.00,1029.3,1014.6
2023-02-20T01:00,6.8,0.00,93,5.7,4.2,0.00,0.00,0.00,2,79,100,10,100,10.6,259,252,23.1,19.8,0,0.00,1029.0,1014.3
2023-02-20T02:00,6.9,0.00,93,5.9,4.4,0.00,0.00,0.00,3,85,80,0,26,10.2,254,247,21.8,22.3,0,0.00,1029.0,1014.3
2023-02-20T03:00,6.1,0.00,95,5.4,3.5,0.00,0.00,0.00,2,77,77,1,0,10.0,240,232,22.1,21.6,0,0.00,1028.8,1014.1
2023-02-20T04:00,5.5,0.00,96,4.9,2.8,0.00,0.00,0.00,3,100,100,4,0,9.7,238,231,23.0,21.2,0,0.00,1028.5,1013.7
2023-02-20T05:00,5.3,0.00,96,4.8,2.6,0.00,0.00,0.00,2,72,69,15,0,9.7,232,225,22.0,21.2,0,0.00,1028.6,1013.8
2023-02-20T06:00,5.0,0.00,97,4.6,2.1,0.00,0.00,0.00,1,35,32,0,5,11.3,223,217,24.2,23.0,0,0.00,1028.7,1013.9
2023-02-20T07:00,4.9,0.00,96,4.3,1.8,0.00,0.00,0.00,2,74,74,0,0,11.6,224,216,24.4,24.8,0,0.00,1028.5,1013.7
2023-02-20T08:00,4.7,0.00,96,4.1,1.6,0.00,0.00,0.00,2,79,78,0,6,12.0,221,213,24.8,24.1,1,0.00,1028.6,1013.8
2023-02-20T09:00,5.9,0.00,94,5.0,2.8,0.00,0.00,0.00,3,95,94,0,11,12.7,223,215,27.5,27.7,1,3600.00,1028.5,1013.8
2023-02-20T10:00,7.4,0.00,88,5.6,4.0,0.00,0.00,0.00,1,40,34,0,9,15.3,226,225,23.7,34.6,1,3600.00,1028.1,1013.5
2023-02-20T11:00,8.9,0.00,83,6.2,5.8,0.00,0.00,0.00,0,5,0,0,5,15.1,218,213,22.8,34.2,1,3600.00,1027.6,1013.0
2023-02-20T12:00,11.0,0.00,68,5.3,7.1,0.00,0.00,0.00,2,62,0,0,62,18.4,241,242,26.4,42.5,1,3600.00,1026.9,1012.5
2023-02-20T13:00,11.6,0.00,69,6.0,8.3,0.00,0.00,0.00,0,15,69,0,5,15.7,239,238,21.8,39.2,1,3600.00,1026.5,1012.1
2023-02-20T14:00,12.5,0.00,64,5.9,9.3,0.00,0.00,0.00,1,21,20,0,1,15.1,242,242,21.6,35.6,1,3600.00,1025.4,1011.1
2023-02-20T15:00,12.8,0.00,62,5.6,9.5,0.00,0.00,0.00,1,26,25,0,1,15.5,243,242,22.2,33.8,1,3600.00,1024.4,1010.1
2023-02-20T16:00,12.5,0.00,62,5.4,9.2,0.00,0.00,0.00,0,0,0,0,0,14.7,242,242,22.4,33.8,1,3600.00,1023.8,1009.5
2023-02-20T17:00,11.4,0.00,67,5.5,8.4,0.00,0.00,0.00,0,0,0,0,0,12.9,235,234,24.3,31.3,1,3600.00,1023.2,1008.8
2023-02-20T18:00,9.2,0.00,73,4.7,6.5,0.00,0.00,0.00,0,0,0,0,0,9.6,238,236,23.3,27.4,0,1030.83,1023.2,1008.7
2023-02-20T19:00,7.5,0.00,81,4.5,5.1,0.00,0.00,0.00,0,0,0,0,0,6.9,243,231,19.8,20.9,0,0.00,1023.8,1009.2
2023-02-20T20:00,6.2,0.00,85,3.9,3.8,0.00,0.00,0.00,0,0,0,0,0,6.4,251,227,16.4,16.2,0,0.00,1023.8,1009.2
2023-02-20T21:00,5.7,0.00,88,3.9,3.4,0.00,0.00,0.00,0,0,0,0,0,5.9,247,218,14.8,14.0,0,0.00,1023.7,1009.0
2023-02-20T22:00,5.2,0.00,91,3.8,2.8,0.00,0.00,0.00,0,0,0,0,0,6.4,244,223,16.4,13.7,0,0.00,1023.8,1009.1
2023-02-20T23:00,4.9,0.00,92,3.7,2.5,0.00,0.00,0.00,0,0,0,0,0,6.4,248,227,17.1,14.0,0,0.00,1023.6,1008.9
2023-02-21T00:00,4.4,0.00,93,3.4,1.9,0.00,0.00,0.00,1,28,28,0,0,6.4,242,223,17.1,14.0,0,0.00,1023.4,1008.7
2023-02-21T01:00,5.0,0.00,92,3.8,2.3,0.00,0.00,0.00,1,22,0,0,0,7.9,237,219,19.8,13.3,0,0.00,1022.9,1008.2
2023-02-21T02:00,5.2,0.00,92,4.1,2.8,0.00,0.00,0.00,2,62,62,0,0,7.1,240,221,19.2,14.8,0,0.00,1022.7,1008.0
2023-02-21T03:00,4.5,0.00,95,3.7,2.1,0.00,0.00,0.00,1,24,24,0,0,6.1,242,220,17.6,14.8,0,0.00,1022.5,1007.8
2023-02-21T04:00,3.1,0.00,97,2.6,0.4,0.00,0.00,0.00,2,74,74,0,0,7.3,245,213,13.9,13.0,0,0.00,1022.2,1007.4
2023-02-21T05:00,2.9,0.00,97,2.5,0.2,0.00,0.00,0.00,1,30,30,0,0,6.5,238,199,13.1,12.6,0,0.00,1022.3,1007.5
2023-02-21T06:00,2.8,0.00,98,2.5,0.3,0.00,0.00,0.00,1,22,22,0,0,5.5,232,191,14.6,11.5,0,0.00,1022.1,1007.3
2023-02-21T07:00,2.3,0.00,98,2.0,-0.4,0.00,0.00,0.00,1,39,39,0,0,5.8,228,184,13.0,10.8,0,0.00,1021.9,1007.1
2023-02-21T08:00,3.0,0.00,97,2.6,0.8,0.00,0.00,0.00,0,18,18,0,0,3.9,223,158,8.9,10.4,1,0.00,1022.4,1007.6
2023-02-21T09:00,5.4,0.00,93,4.3,3.2,0.00,0.00,0.00,0,0,0,0,0,5.6,209,165,8.2,12.2,1,3600.00,1022.5,1007.8
2023-02-21T10:00,7.4,0.00,86,5.2,5.6,0.00,0.00,0.00,0,0,0,0,0,4.3,184,175,5.8,13.3,1,3600.00,1022.3,1007.7
2023-02-21T11:00,9.2,0.00,80,5.8,7.5,0.00,0.00,0.00,0,0,0,0,0,4.0,169,170,5.5,14.4,1,3600.00,1021.8,1007.3
2023-02-21T12:00,10.9,0.00,74,6.4,9.3,0.00,0.00,0.00,0,0,0,0,0,4.7,170,176,6.2,15.5,1,3600.00,1021.2,1006.8
2023-02-21T13:00,13.0,0.00,61,5.6,10.8,0.00,0.00,0.00,0,0,0,0,0,7.3,191,191,9.5,15.8,1,3600.00,1020.5,1006.2
2023-02-21T14:00,13.8,0.00,56,5.1,11.7,0.00,0.00,0.00,0,0,0,0,0,6.5,201,199,8.9,19.1,1,3600.00,1019.6,1005.4
2023-02-21T15:00,14.2,0.00,53,4.8,12.2,0.00,0.00,0.00,0,0,0,0,0,5.3,204,208,7.1,17.6,1,3600.00,1018.6,1004.4
2023-02-21T16:00,14.1,0.00,54,4.9,12.3,0.00,0.00,0.00,0,0,0,0,0,3.7,207,209,5.6,14.0,1,3600.00,1018.0,1003.8
2023-02-21T17:00,13.8,0.00,50,3.6,11.9,0.00,0.00,0.00,0,0,0,0,0,2.5,214,225,3.9,9.4,1,3600.00,1017.6,1003.4
2023-02-21T18:00,12.8,0.00,53,3.4,11.2,0.00,0.00,0.00,0,0,0,0,0,0.5,217,45,1.8,5.0,0,1187.73,1017.5,1003.3
2023-02-21T19:00,7.7,0.00,73,3.2,5.5,0.00,0.00,0.00,0,0,0,0,0,4.0,117,80,2.4,4.7,0,0.00,1017.7,1003.2
2023-02-21T20:00,7.8,0.00,73,3.3,5.6,0.00,0.00,0.00,0,0,0,0,0,4.0,104,80,4.5,9.0,0,0.00,1017.6,1003.1
2023-02-21T21:00,6.1,0.00,82,3.3,3.9,0.00,0.00,0.00,0,5,5,0,0,4.3,122,90,5.5,9.7,0,0.00,1017.7,1003.1
2023-02-21T22:00,5.1,0.00,85,2.7,2.7,0.00,0.00,0.00,0,3,3,0,0,4.7,144,99,8.0,9.4,0,0.00,1017.9,1003.3
2023-02-21T23:00,4.4,0.00,85,2.2,1.8,0.00,0.00,0.00,0,0,0,0,0,5.8,135,97,10.7,10.8,0,0.00,1017.6,1002.9
2023-02-22T00:00,4.2,0.00,84,1.8,1.3,0.00,0.00,0.00,0,1,1,0,0,6.9,127,99,13.6,12.6,0,0.00,1017.3,1002.6
2023-02-22T01:00,4.6,0.00,84,2.2,1.7,0.00,0.00,0.00,0,10,22,0,0,7.4,119,104,16.1,14.4,0,0.00,1016.5,1001.9
2023-02-22T02:00,4.3,0.00,87,2.3,1.2,0.00,0.00,0.00,3,100,100,0,0,9.5,116,101,20.4,17.6,0,0.00,1016.3,1001.7
2023-02-22T03:00,4.4,0.00,89,2.8,1.3,0.00,0.00,0.00,3,100,100,0,0,9.9,115,100,21.1,19.1,0,0.00,1015.7,1001.1
2023-02-22T04:00,4.5,0.00,90,2.9,1.4,0.00,0.00,0.00,3,100,100,0,0,9.6,117,103,20.6,19.1,0,0.00,1015.2,1000.6
2023-02-22T05:00,4.1,0.00,91,2.7,1.2,0.00,0.00,0.00,3,100,100,0,0,7.9,126,120,20.1,18.4,0,0.00,1015.2,1000.6
2023-02-22T06:00,3.8,0.00,92,2.6,1.1,0.00,0.00,0.00,3,100,100,0,0,7.2,135,127,18.8,15.8,0,0.00,1015.2,1000.6
2023-02-22T07:00,3.3,0.00,93,2.3,0.4,0.00,0.00,0.00,3,100,100,0,0,7.7,147,127,17.2,14.8,0,0.00,1015.2,1000.5
2023-02-22T08:00,3.4,0.00,94,2.5,0.6,0.00,0.00,0.00,3,100,100,10,0,7.1,161,135,14.5,15.1,1,0.00,1015.4,1000.7
2023-02-22T09:00,5.2,0.00,89,3.5,2.6,0.00,0.00,0.00,3,100,100,2,13,7.4,164,141,12.8,15.5,1,0.00,1015.7,1001.1
2023-02-22T10:00,7.1,0.00,84,4.6,4.9,0.00,0.00,0.00,3,100,100,20,8,6.2,168,159,10.7,15.8,1,2008.54,1015.6,1001.1
2023-02-22T11:00,8.5,0.00,78,4.8,6.4,0.00,0.00,0.00,3,100,100,46,2,5.9,167,166,8.1,16.2,1,3519.12,1015.4,1001.0
2023-02-22T12:00,10.2,0.00,70,5.0,8.1,0.00,0.00,0.00,3,100,100,89,0,5.8,172,173,7.6,16.9,1,3600.00,1015.0,1000.7
2023-02-22T13:00,11.9,0.00,67,5.9,10.4,0.00,0.00,0.00,3,100,100,61,0,2.6,198,196,3.4,16.2,1,3600.00,1014.1,999.9
2023-02-22T14:00,12.5,0.00,66,6.2,11.0,0.00,0.00,0.00,3,100,100,6,0,3.4,200,198,4.2,11.2,1,2800.04,1013.7,999.5
2023-02-22T15:00,12.6,0.00,65,6.1,10.8,0.00,0.00,0.00,3,100,100,24,0,5.9,219,218,7.9,14.8,1,3600.00,1013.5,999.3
2023-02-22T16:00,12.5,0.00,65,6.2,10.9,0.00,0.00,0.00,3,100,100,79,0,4.7,183,180,7.6,15.1,1,3210.90,1013.3,999.1
2023-02-22T17:00,11.1,0.00,78,7.5,9.9,0.00,0.00,0.00,3,100,100,11,0,4.2,184,160,9.7,11.5,1,1241.83,1013.2,999.0
2023-02-22T18:00,8.5,0.00,81,5.5,6.3,0.00,0.00,0.00,3,100,100,20,0,6.9,200,174,14.9,12.2,0,0.00,1013.4,999.0
2023-02-22T19:00,8.6,0.00,83,5.9,6.5,0.00,0.00,0.00,3,100,100,82,1,7.8,224,202,20.9,15.8,0,0.00,1013.8,999.4
2023-02-22T20:00,8.2,0.00,88,6.4,6.3,0.00,0.00,0.00,3,100,100,100,10,7.0,229,201,18.6,16.2,0,0.00,1014.1,999.7
2023-02-22T21:00,8.0,0.00,92,6.8,6.2,0.00,0.00,0.00,3,100,100,97,23,6.4,222,196,16.8,14.4,0,0.00,1014.4,1000.0
2023-02-22T22:00,7.9,0.10,94,7.0,6.3,0.10,0.00,0.00,51,100,100,98,24,5.5,221,191,14.8,12.6,0,0.00,1014.5,1000.1
2023-02-22T23:00,7.5,0.20,96,6.9,5.9,0.20,0.00,0.00,51,100,100,96,53,5.8,213,184,14.6,11.5,0,0.00,1014.5,1000.1
2023-02-23T00:00,7.6,0.10,95,6.9,6.0,0.10,0.00,0.00,51,99,92,72,82,5.5,235,212,15.0,12.6,0,0.00,1014.4,1000.0
2023-02-23T01:00,8.5,0.00,95,7.7,7.2,0.00,0.00,0.00,3,100,100,100,100,4.9,233,216,14.4,11.9,0,0.00,1014.1,999.7
2023-02-23T02:00,8.5,0.60,95,7.8,7.3,0.60,0.00,0.00,53,100,100,100,88,3.7,237,209,11.2,10.1,0,0.00,1013.9,999.5
2023-02-23T03:00,8.2,0.30,96,7.6,7.1,0.30,0.00,0.00,51,100,100,86,29,3.6,222,180,9.7,8.6,0,0.00,1013.8,999.4
2023-02-23T04:00,7.8,0.40,96,7.2,6.4,0.40,0.00,0.00,51,100,100,100,92,4.5,199,151,9.9,9.4,0,0.00,1013.4,999.0
2023-02-23T05:00,8.0,0.20,97,7.5,6.4,0.20,0.00,0.00,51,100,100,100,100,6.4,194,164,14.5,13.0,0,0.00,1013.6,999.2
2023-02-23T06:00,8.1,0.20,97,7.6,6.4,0.20,0.00,0.00,51,100,64,95,100,6.8,205,180,15.5,14.4,0,0.00,1013.6,999.2
2023-02-23T07:00,7.9,0.10,97,7.5,6.4,0.10,0.00,0.00,51,100,62,71,100,6.1,207,183,14.2,14.0,0,0.00,1013.7,999.3
2023-02-23T08:00,7.9,0.10,98,7.6,6.3,0.10,0.00,0.00,51,100,8,74,100,6.5,209,183,13.2,12.6,1,0.00,1014.2,999.8
2023-02-23T09:00,8.2,0.00,97,7.8,6.4,0.00,0.00,0.00,3,100,46,53,100,7.8,217,202,14.9,15.5,1,0.00,1014.6,1000.2
2023-02-23T10:00,9.0,0.00,95,8.3,7.5,0.00,0.00,0.00,3,100,100,13,75,7.4,229,223,10.5,17.3,1,0.00,1014.7,1000.3
2023-02-23T11:00,10.7,0.00,86,8.5,9.2,0.00,0.00,0.00,3,100,99,5,100,7.5,255,253,9.7,19.4,1,3600.00,1014.9,1000.6
2023-02-23T12:00,11.2,0.00,83,8.4,9.8,0.00,0.00,0.00,3,96,60,3,89,7.1,257,255,9.3,18.7,1,754.20,1015.0,1000.7
2023-02-23T13:00,11.5,0.10,85,9.1,10.3,0.10,0.00,0.00,51,94,4,8,88,6.1,267,267,7.9,18.7,1,3600.00,1014.7,1000.4
2023-02-23T14:00,12.4,0.00,80,9.1,11.3,0.00,0.00,0.00,2,69,21,39,57,6.2,288,291,8.0,18.0,1,3600.00,1014.1,999.9
2023-02-23T15:00,12.5,0.00,78,8.7,11.2,0.00,0.00,0.00,2,50,4,37,39,6.6,301,299,8.4,18.4,1,3600.00,1013.8,999.6
2023-02-23T16:00,12.4,0.00,77,8.5,11.0,0.00,0.00,0.00,1,27,1,18,12,6.9,315,313,9.2,18.0,1,3600.00,1013.6,999.4
2023-02-23T17:00,11.6,0.10,78,7.9,10.3,0.10,0.00,0.00,51,48,15,18,28,5.1,324,321,11.1,16.6,1,3600.00,1013.8,999.6
2023-02-23T18:00,9.4,0.00,88,7.5,7.8,0.00,0.00,0.00,2,55,19,41,26,6.2,341,339,14.5,11.2,0,798.34,1014.0,999.7
2023-02-23T19:00,8.7,0.00,92,7.5,7.0,0.00,0.00,0.00,1,45,0,33,26,6.9,357,9,16.2,14.4,0,0.00,1014.5,1000.1
2023-02-23T20:00,7.8,0.00,94,6.9,6.1,0.00,0.00,0.00,3,93,0,35,91,6.0,353,17,14.9,13.7,0,0.00,1014.5,1000.1
2023-02-23T21:00,7.6,0.00,95,6.8,6.0,0.00,0.00,0.00,3,95,0,95,30,5.4,352,360,15.3,11.9,0,0.00,1014.3,999.9
2023-02-23T22:00,7.6,0.00,94,6.8,5.7,0.00,0.00,0.00,3,100,0,100,98,7.4,348,346,18.0,14.0,0,0.00,1014.5,1000.1
2023-02-23T23:00,7.9,0.00,91,6.5,5.6,0.00,0.00,0.00,3,100,0,100,100,9.6,351,347,20.1,19.1,0,0.00,1014.5,1000.1
2023-02-24T00:00,7.7,0.00,89,6.0,5.4,0.00,0.00,0.00,3,100,0,100,100,8.9,353,346,18.1,19.4,0,0.00,1014.5,1000.1
2023-02-24T01:00,7.9,0.00,89,6.2,5.7,0.00,0.00,0.00,3,100,0,38,100,8.8,1,348,17.3,18.0,0,0.00,1014.0,999.6
2023-02-24T02:00,8.1,0.00,88,6.2,6.1,0.00,0.00,0.00,3,100,0,39,100,6.6,5,351,12.3,17.6,0,0.00,1013.5,999.1
2023-02-24T03:00,7.7,0.00,91,6.2,5.9,0.00,0.00,0.00,3,100,0,61,100,5.7,331,305,9.0,13.0,0,0.00,1013.1,998.7
2023-02-24T04:00,7.0,0.00,94,6.1,4.9,0.00,0.00,0.00,3,97,0,21,97,7.2,342,333,14.0,14.4,0,0.00,1012.7,998.2
2023-02-24T05:00,6.7,0.00,95,6.0,4.9,0.00,0.00,0.00,2,65,0,39,64,5.0,352,339,10.9,14.4,0,0.00,1012.4,997.9
2023-02-24T06:00,6.2,0.00,98,5.9,4.7,0.00,0.00,0.00,3,98,0,3,98,3.1,344,324,7.9,10.1,0,0.00,1011.7,997.2
2023-02-24T07:00,5.3,0.00,99,5.2,3.6,0.00,0.00,0.00,3,100,0,0,100,3.8,335,319,7.6,7.6,0,0.00,1011.2,996.7
2023-02-24T08:00,5.3,0.00,100,5.3,3.6,0.00,0.00,0.00,3,100,0,0,100,3.6,321,315,9.2,9.4,1,0.00,1011.3,996.8
2023-02-24T09:00,7.0,0.00,91,5.6,4.5,0.00,0.00,0.00,3,100,0,0,100,9.5,337,335,15.6,19.4,1,0.00,1011.1,996.7
2023-02-24T10:00,7.2,0.00,86,4.9,4.5,0.00,0.00,0.00,3,100,0,0,100,9.7,341,338,14.1,23.8,1,0.00,1010.6,996.2
2023-02-24T11:00,7.4,0.00,82,4.6,4.9,0.00,0.00,0.00,2,75,0,0,75,8.1,333,328,10.9,22.3,1,357.12,1010.2,995.8
2023-02-24T12:00,8.6,0.00,75,4.4,5.9,0.00,0.00,0.00,3,93,77,5,68,8.8,309,305,11.5,22.7,1,3600.00,1009.5,995.2
2023-02-24T13:00,8.4,0.00,77,4.5,6.2,0.00,0.00,0.00,3,100,100,5,100,5.5,281,281,7.3,22.7,1,3600.00,1007.9,993.6
2023-02-24T14:00,9.1,0.00,74,4.7,6.4,0.00,0.00,0.00,3,100,100,1,100,9.6,251,250,13.0,21.2,1,0.00,1007.0,992.7
2023-02-24T15:00,9.2,0.30,79,5.7,6.4,0.30,0.00,0.00,51,100,74,2,100,11.5,268,266,16.6,24.5,1,0.00,1005.8,991.6
2023-02-24T16:00,9.5,0.20,76,5.5,6.5,0.20,0.00,0.00,51,100,100,0,100,12.3,290,291,18.8,27.0,1,110.99,1005.1,990.9
2023-02-24T17:00,9.1,0.00,71,4.2,5.8,0.00,0.00,0.00,3,100,100,8,20,12.9,284,283,22.3,27.4,1,0.00,1004.7,990.5
2023-02-24T18:00,7.9,0.00,72,3.2,4.7,0.00,0.00,0.00,3,100,100,39,31,11.3,266,263,22.4,27.4,0,0.00,1004.4,990.1
2023-02-24T19:00,6.6,0.00,77,2.9,3.6,0.00,0.00,0.00,3,100,100,79,37,9.2,302,301,21.7,23.4,0,0.00,1004.7,990.3
2023-02-24T20:00,6.3,0.00,70,1.3,2.2,0.00,0.00,0.00,3,100,99,100,100,14.9,328,328,27.2,31.0,0,0.00,1005.1,990.7
2023-02-24T21:00,5.8,0.10,76,2.0,2.0,0.10,0.00,0.00,51,100,0,100,100,13.7,314,315,23.4,31.3,0,0.00,1005.3,990.9
2023-02-24T22:00,5.2,0.60,87,3.2,1.8,0.60,0.00,0.00,53,100,0,100,70,12.7,297,295,22.7,28.8,0,0.00,1005.8,991.4
2023-02-24T23:00,5.1,0.40,89,3.5,1.7,0.40,0.00,0.00,51,100,0,100,98,12.9,287,283,23.3,27.4,0,0.00,1006.0,991.6
2023-02-25T00:00,5.0,0.10,88,3.2,1.4,0.10,0.00,0.00,51,100,0,99,62,14.0,291,288,24.6,29.5,0,0.00,1006.3,991.8
2023-02-25T01:00,4.3,0.10,87,2.3,0.8,0.10,0.00,0.00,51,35,0,22,3,12.0,304,303,23.9,29.2,0,0.00,1006.3,991.8
2023-02-25T02:00,3.7,0.00,90,2.2,0.3,0.00,0.00,0.00,0,7,0,5,5,10.8,303,300,22.4,25.6,0,0.00,1006.7,992.2
2023-02-25T03:00,2.9,0.00,91,1.6,-0.6,0.00,0.00,0.00,1,20,0,15,14,11.4,305,305,23.8,24.1,0,0.00,1007.2,992.6
2023-02-25T04:00,2.7,0.00,92,1.5,-0.8,0.00,0.00,0.00,1,20,0,14,13,10.7,305,303,22.8,24.8,0,0.00,1007.3,992.7
2023-02-25T05:00,2.1,0.00,93,1.0,-1.2,0.00,0.00,0.00,0,12,0,0,12,9.0,300,299,20.8,23.0,0,0.00,1007.5,992.9
2023-02-25T06:00,1.7,0.00,93,0.6,-1.6,0.00,0.00,0.00,3,94,0,0,94,8.2,297,293,20.3,19.8,0,0.00,1007.9,993.2
2023-02-25T07:00,1.9,0.10,92,0.8,-1.4,0.10,0.00,0.00,51,75,0,0,75,8.9,291,284,19.7,20.2,0,0.00,1008.0,993.4
2023-02-25T08:00,2.2,0.10,91,0.9,-1.1,0.10,0.00,0.00,51,100,0,17,100,9.0,278,268,17.8,19.8,1,0.00,1008.6,994.0
2023-02-25T09:00,3.1,0.10,85,0.9,-0.7,0.10,0.00,0.00,51,100,0,39,100,12.3,278,275,18.9,26.6,1,0.00,1009.0,994.4
2023-02-25T10:00,3.3,0.10,82,0.6,-0.5,0.10,0.00,0.00,51,98,0,97,71,12.4,290,287,19.1,28.1,1,0.00,1009.0,994.4
2023-02-25T11:00,4.2,0.30,81,1.3,0.4,0.20,0.00,0.07,71,100,0,100,100,13.2,292,292,19.4,29.2,1,896.29,1009.0,994.5
2023-02-25T12:00,4.6,0.20,81,1.7,0.8,0.20,0.00,0.00,51,100,0,97,93,13.2,293,292,19.2,31.0,1,757.43,1009.0,994.5
2023-02-25T13:00,6.3,0.00,67,0.6,1.7,0.00,0.00,0.00,3,100,0,13,14,17.2,296,296,24.5,32.4,1,0.00,1008.5,994.1
2023-02-25T14:00,6.4,0.00,62,-0.3,1.7,0.00,0.00,0.00,1,20,0,14,10,17.1,310,309,24.0,42.5,1,3600.00,1008.1,993.7
2023-02-25T15:00,6.3,0.10,60,-1.0,1.3,0.10,0.00,0.00,51,88,0,86,27,18.7,322,322,26.4,38.9,1,3600.00,1008.1,993.7
2023-02-25T16:00,5.9,0.10,66,-0.0,1.7,0.10,0.00,0.00,51,24,0,16,9,14.1,323,320,20.3,40.7,1,3600.00,1008.4,994.0
2023-02-25T17:00,4.0,0.00,79,0.6,-0.5,0.00,0.00,0.00,2,67,0,52,36,16.8,338,337,27.1,38.9,1,3600.00,1009.3,994.7
2023-02-25T18:00,3.7,0.00,75,-0.3,-0.2,0.00,0.00,0.00,0,19,0,15,13,11.8,344,340,22.1,34.2,1,437.10,1010.0,995.4
2023-02-25T19:00,2.7,0.00,74,-1.5,-1.4,0.00,0.00,0.00,2,58,0,5,58,11.9,358,355,24.1,25.2,0,0.00,1010.9,996.3
2023-02-25T20:00,2.2,0.00,64,-4.0,-2.7,0.00,0.00,0.00,1,27,0,2,27,14.8,8,6,27.3,30.6,0,0.00,1011.9,997.2
2023-02-25T21:00,1.2,0.00,63,-5.2,-3.5,0.00,0.00,0.00,0,17,0,0,17,13.0,2,360,25.2,30.6,0,0.00,1012.6,997.8
2023-02-25T22:00,0.2,0.00,66,-5.4,-4.2,0.00,0.00,0.00,0,17,0,0,17,10.4,3,360,22.3,26.6,0,0.00,1013.5,998.7
2023-02-25T23:00,-0.3,0.00,68,-5.5,-4.6,0.00,0.00,0.00,0,2,0,0,2,10.1,5,360,22.0,22.0,0,0.00,1014.0,999.1
2023-02-26T00:00,-1.4,0.00,72,-5.7,-5.7,0.00,0.00,0.00,0,0,0,0,0,9.7,6,360,22.4,21.6,0,0.00,1014.3,999.4
2023-02-26T01:00,-1.7,0.00,77,-5.1,-5.7,0.00,0.00,0.00,0,0,0,4,3,8.4,8,7,21.1,20.9,0,0.00,1014.6,999.7
2023-02-26T02:00,-1.9,0.00,78,-5.3,-6.2,0.00,0.00,0.00,1,38,0,37,0,10.1,9,6,23.3,20.5,0,0.00,1014.6,999.7
2023-02-26T03:00,-1.7,0.00,77,-5.3,-6.6,0.00,0.00,0.00,3,88,0,88,2,13.7,10,5,26.7,28.1,0,0.00,1014.8,999.9
2023-02-26T04:00,-1.9,0.00,78,-5.3,-6.6,0.00,0.00,0.00,2,65,0,65,0,13.0,9,2,25.5,28.1,0,0.00,1015.0,1000.0
2023-02-26T05:00,-2.3,0.00,80,-5.4,-7.0,0.00,0.00,0.00,0,0,0,0,0,12.6,7,360,25.1,27.4,0,0.00,1015.4,1000.4
2023-02-26T06:00,-2.7,0.00,81,-5.6,-7.3,0.00,0.00,0.00,0,0,0,0,0,12.0,14,7,24.5,26.6,0,0.00,1016.1,1001.1
2023-02-26T07:00,-2.9,0.00,80,-5.9,-7.4,0.00,0.00,0.00,0,0,0,0,0,10.9,24,17,23.2,25.6,0,0.00,1016.9,1001.9
2023-02-26T08:00,-2.5,0.00,78,-5.7,-7.0,0.00,0.00,0.00,0,7,0,6,1,11.6,28,22,23.2,25.2,1,340.16,1018.0,1003.0
2023-02-26T09:00,-0.7,0.00,69,-5.6,-5.6,0.00,0.00,0.00,1,32,0,0,32,14.3,40,39,21.7,28.8,1,3600.00,1018.8,1003.9
2023-02-26T10:00,0.5,0.00,63,-5.8,-5.3,0.00,0.00,0.00,2,57,0,7,56,20.1,48,47,28.6,41.4,1,3600.00,1019.0,1004.1
2023-02-26T11:00,1.5,0.00,58,-5.8,-4.6,0.00,0.00,0.00,3,98,0,21,98,21.7,41,42,31.1,45.4,1,3600.00,1019.2,1004.4
2023-02-26T12:00,2.0,0.00,55,-6.1,-4.0,0.00,0.00,0.00,3,100,0,0,100,21.6,45,44,31.3,45.4,1,0.00,1019.3,1004.5
2023-02-26T13:00,2.7,0.00,58,-4.9,-3.2,0.00,0.00,0.00,2,60,0,29,84,21.4,48,46,31.1,46.1,1,879.18,1020.0,1005.2
2023-02-26T14:00,2.7,0.20,56,-5.3,-3.4,0.00,0.00,0.14,71,44,0,18,34,22.4,47,45,33.1,48.2,1,3135.17,1020.0,1005.2
2023-02-26T15:00,3.4,0.00,50,-6.0,-2.5,0.00,0.00,0.00,1,22,0,21,5,20.9,46,45,30.8,48.6,1,3600.00,1019.9,1005.2
2023-02-26T16:00,3.7,0.00,47,-6.7,-2.5,0.00,0.00,0.00,0,14,0,0,14,22.2,44,43,33.4,47.2,1,3600.00,1020.1,1005.4
2023-02-26T17:00,3.3,0.00,46,-7.2,-2.5,0.00,0.00,0.00,1,29,0,13,28,19.3,38,37,31.0,47.2,1,3600.00,1020.6,1005.8
2023-02-26T18:00,2.2,0.00,50,-7.2,-3.3,0.00,0.00,0.00,0,4,0,1,3,16.9,32,29,29.6,40.0,1,1847.59,1021.3,1006.5
2023-02-26T19:00,1.1,0.00,55,-7.0,-4.3,0.00,0.00,0.00,0,0,0,0,0,16.5,35,32,29.8,35.6,0,0.00,1022.3,1007.4
2023-02-26T20:00,0.3,0.00,58,-7.1,-5.0,0.00,0.00,0.00,0,3,0,0,3,15.2,40,36,28.3,34.6,0,0.00,1023.1,1008.1
2023-02-26T21:00,-0.2,0.00,59,-7.3,-5.6,0.00,0.00,0.00,0,1,0,0,1,16.1,45,40,29.8,33.8,0,0.00,1023.6,1008.6
2023-02-26T22:00,-0.5,0.00,60,-7.3,-6.0,0.00,0.00,0.00,0,3,0,0,3,16.8,50,47,30.9,35.6,0,0.00,1024.0,1009.0
2023-02-26T23:00,-0.8,0.00,62,-7.2,-6.1,0.00,0.00,0.00,0,0,0,0,0,15.6,54,52,29.7,35.6,0,0.00,1024.3,1009.3
2023-02-27T00:00,-1.0,0.00,63,-7.2,-6.3,0.00,0.00,0.00,0,0,0,0,0,15.7,57,53,29.5,33.5,0,0.00,1024.5,1009.5
2023-02-27T01:00,-0.8,0.00,63,-7.0,-6.3,0.00,0.00,0.00,0,0,0,0,0,17.0,58,54,31.6,34.2,0,0.00,1024.4,1009.4
2023-02-27T02:00,-0.9,0.00,63,-7.1,-6.3,0.00,0.00,0.00,0,0,0,0,0,16.2,62,58,30.3,35.6,0,0.00,1024.5,1009.5
2023-02-27T03:00,-1.2,0.00,63,-7.3,-6.6,0.00,0.00,0.00,0,0,0,0,0,16.5,58,54,30.9,34.2,0,0.00,1024.3,1009.3
2023-02-27T04:00,-1.3,0.00,63,-7.5,-7.0,0.00,0.00,0.00,0,0,0,0,0,17.8,58,54,32.9,37.1,0,0.00,1024.4,1009.3
2023-02-27T05:00,-1.4,0.00,63,-7.6,-7.2,0.00,0.00,0.00,0,0,0,0,0,18.3,61,58,33.4,38.2,0,0.00,1024.6,1009.5
2023-02-27T06:00,-1.7,0.00,65,-7.5,-7.3,0.00,0.00,0.00,0,0,0,0,0,17.6,62,59,32.5,38.2,0,0.00,1025.1,1010.0
2023-02-27T07:00,-1.9,0.00,66,-7.4,-7.4,0.00,0.00,0.00,0,0,0,0,0,16.7,63,57,31.2,36.7,0,0.00,1025.5,1010.4
2023-02-27T08:00,-1.6,0.00,67,-7.0,-7.1,0.00,0.00,0.00,0,0,0,0,0,16.8,59,55,30.7,35.6,1,532.02,1026.1,1011.0
2023-02-27T09:00,-0.3,0.00,65,-6.0,-5.5,0.00,0.00,0.00,0,0,0,0,0,15.3,52,49,24.6,36.0,1,3600.00,1026.2,1011.2
2023-02-27T10:00,1.2,0.00,62,-5.3,-4.0,0.00,0.00,0.00,0,0,0,0,0,16.7,54,53,24.8,37.1,1,3600.00,1026.1,1011.2
2023-02-27T11:00,2.6,0.00,57,-5.2,-2.9,0.00,0.00,0.00,0,0,0,0,0,18.2,62,60,26.1,40.0,1,3600.00,1026.1,1011.2
2023-02-27T12:00,3.6,0.00,52,-5.3,-1.8,0.00,0.00,0.00,0,6,0,0,6,17.4,61,60,25.1,40.0,1,3600.00,1025.9,1011.1
2023-02-27T13:00,4.3,0.00,48,-5.8,-1.6,0.00,0.00,0.00,0,14,0,0,22,20.9,66,66,29.5,45.4,1,3600.00,1026.2,1011.4
2023-02-27T14:00,4.1,0.00,48,-5.9,-1.5,0.00,0.00,0.00,1,45,0,0,45,19.0,64,63,27.2,44.6,1,3600.00,1026.0,1011.2
2023-02-27T15:00,4.1,0.00,45,-6.7,-1.7,0.00,0.00,0.00,2,55,0,8,54,19.3,64,63,27.5,41.4,1,3600.00,1025.7,1010.9
2023-02-27T16:00,4.0,0.00,43,-7.4,-1.9,0.00,0.00,0.00,2,70,0,35,69,19.2,61,60,28.4,41.0,1,3600.00,1025.8,1011.0
2023-02-27T17:00,3.4,0.00,44,-7.7,-1.9,0.00,0.00,0.00,3,82,0,20,81,15.5,61,59,25.9,41.0,1,3600.00,1025.8,1011.0
2023-02-27T18:00,2.4,0.00,45,-8.3,-2.8,0.00,0.00,0.00,2,65,0,15,65,14.3,59,56,26.0,32.4,1,1270.27,1026.4,1011.5
2023-02-27T19:00,2.1,0.00,47,-8.1,-3.0,0.00,0.00,0.00,3,83,0,19,83,13.5,59,56,24.7,30.2,0,0.00,1027.3,1012.4
2023-02-27T20:00,1.7,0.00,50,-7.7,-3.3,0.00,0.00,0.00,3,82,0,24,81,13.2,59,55,23.9,28.4,0,0.00,1027.7,1012.8
2023-02-27T21:00,1.4,0.00,52,-7.3,-3.7,0.00,0.00,0.00,3,86,0,14,86,14.2,63,60,25.4,30.2,0,0.00,1027.9,1012.9
2023-02-27T22:00,1.0,0.00,55,-7.2,-4.0,0.00,0.00,0.00,3,92,0,0,92,13.4,71,66,24.0,30.2,0,0.00,1028.0,1013.0
2023-02-27T23:00,0.5,0.00,56,-7.3,-4.3,0.00,0.00,0.00,2,70,0,0,70,12.1,74,67,22.1,28.1,0,0.00,1028.0,1013.0
2023-02-28T00:00,-0.0,0.00,56,-7.8,-4.7,0.00,0.00,0.00,0,16,0,0,16,10.8,70,60,21.1,25.9,0,0.00,1027.7,1012.7
2023-02-28T01:00,-1.7,0.00,58,-8.8,-6.2,0.00,0.00,0.00,0,0,0,0,0,9.4,56,40,21.8,23.0,0,0.00,1027.4,1012.3
2023-02-28T02:00,-1.8,0.00,63,-7.9,-6.6,0.00,0.00,0.00,0,0,0,0,0,12.0,47,39,26.2,24.8,0,0.00,1027.4,1012.3
2023-02-28T03:00,-1.7,0.00,70,-6.4,-6.6,0.00,0.00,0.00,0,0,0,0,0,13.5,53,46,27.2,27.7,0,0.00,1027.4,1012.3
2023-02-28T04:00,-1.6,0.00,70,-6.4,-6.6,0.00,0.00,0.00,0,0,0,0,0,13.8,53,47,26.7,28.1,0,0.00,1027.0,1011.9
2023-02-28T05:00,-1.7,0.00,70,-6.5,-6.8,0.00,0.00,0.00,0,0,0,0,0,14.3,56,51,27.8,29.5,0,0.00,1027.2,1012.1
2023-02-28T06:00,-1.8,0.00,71,-6.4,-6.9,0.00,0.00,0.00,0,13,0,0,13,14.8,56,51,28.6,31.0,0,0.00,1027.4,1012.3
2023-02-28T07:00,-1.9,0.00,71,-6.5,-7.1,0.00,0.00,0.00,3,92,0,92,0,15.6,56,52,29.6,32.8,0,0.00,1027.6,1012.5
2023-02-28T08:00,-1.1,0.00,68,-6.2,-6.6,0.00,0.00,0.00,3,95,0,95,2,17.7,60,57,30.0,35.3,1,0.00,1027.8,1012.7
2023-02-28T09:00,-0.0,0.00,66,-5.6,-5.0,0.00,0.00,0.00,1,26,0,26,0,14.7,57,54,23.2,36.0,1,2336.19,1027.8,1012.8
2023-02-28T10:00,1.4,0.00,62,-5.1,-3.7,0.00,0.00,0.00,1,20,4,16,1,16.1,65,63,23.8,35.3,1,3600.00,1027.6,1012.6
2023-02-28T11:00,2.9,0.00,55,-5.1,-2.3,0.00,0.00,0.00,3,82,82,3,0,16.6,70,68,23.8,36.7,1,3600.00,1027.5,1012.6
2023-02-28T12:00,4.0,0.00,51,-5.3,-1.2,0.00,0.00,0.00,1,30,30,0,0,15.8,71,69,22.9,36.7,1,3600.00,1027.1,1012.3
2023-02-28T13:00,4.7,0.00,49,-5.0,-0.7,0.00,0.00,0.00,1,25,47,0,67,17.9,80,80,25.2,36.4,1,3600.00,1027.3,1012.5
2023-02-28T14:00,5.3,0.00,49,-4.7,-0.1,0.00,0.00,0.00,3,89,58,0,73,18.1,74,73,25.5,39.2,1,3600.00,1027.1,1012.4
2023-02-28T15:00,5.4,0.00,48,-4.8,0.2,0.00,0.00,0.00,3,98,94,0,62,17.1,72,72,24.6,39.2,1,3600.00,1026.9,1012.2
2023-02-28T16:00,5.7,0.00,47,-4.7,0.8,0.00,0.00,0.00,3,89,79,0,48,14.8,76,77,21.5,36.0,1,3600.00,1026.7,1012.0
2023-02-28T17:00,5.3,0.00,49,-4.5,0.8,0.00,0.00,0.00,3,96,94,0,27,12.0,81,81,20.4,31.0,1,3600.00,1026.8,1012.1
2023-02-28T18:00,3.0,0.00,58,-4.5,-0.7,0.00,0.00,0.00,3,83,83,0,0,6.6,76,68,16.7,25.6,1,1867.81,1027.1,1012.2
2023-02-28T19:00,1.5,0.00,64,-4.6,-2.5,0.00,0.00,0.00,3,100,100,0,0,8.2,50,38,18.9,16.2,0,0.00,1027.6,1012.6
2023-02-28T20:00,1.4,0.00,62,-5.1,-3.1,0.00,0.00,0.00,0,0,0,0,0,11.6,46,36,25.5,23.0,0,0.00,1027.6,1012.6
2023-02-28T21:00,1.1,0.00,62,-5.4,-3.5,0.00,0.00,0.00,0,4,4,0,0,12.3,57,50,27.4,25.2,0,0.00,1027.6,1012.6
2023-02-28T22:00,0.8,0.00,63,-5.5,-3.8,0.00,0.00,0.00,0,0,0,0,0,12.1,62,53,26.9,25.6,0,0.00,1027.6,1012.6
2023-02-28T23:00,0.3,0.00,65,-5.6,-4.3,0.00,0.00,0.00,0,0,0,0,0,12.1,60,53,26.3,25.2,0,0.00,1027.7,1012.7
2023-03-01T00:00,-0.1,0.00,66,-5.6,-4.8,0.00,0.00,0.00,0,0,0,0,0,12.6,64,59,27.2,25.6,0,0.00,1027.7,1012.7
2023-03-01T01:00,-0.1,0.00,67,-5.5,-4.9,0.00,0.00,0.00,0,0,0,0,0,13.2,66,61,28.0,28.1,0,0.00,1027.8,1012.8
2023-03-01T02:00,-0.3,0.00,68,-5.4,-5.1,0.00,0.00,0.00,0,1,1,0,0,13.4,69,66,28.1,27.4,0,0.00,1027.6,1012.5
2023-03-01T03:00,-0.6,0.00,70,-5.4,-5.4,0.00,0.00,0.00,1,32,32,0,0,13.4,73,70,27.9,27.4,0,0.00,1027.1,1012.0
2023-03-01T04:00,-0.8,0.00,71,-5.4,-5.5,0.00,0.00,0.00,1,31,31,0,0,12.4,73,68,26.8,27.0,0,0.00,1026.5,1011.4
2023-03-01T05:00,-1.0,0.00,72,-5.5,-5.6,0.00,0.00,0.00,1,37,37,0,0,12.1,69,63,25.9,25.6,0,0.00,1026.0,1010.9
2023-03-01T06:00,-1.2,0.00,72,-5.6,-6.1,0.00,0.00,0.00,3,83,83,0,0,14.0,64,61,28.5,28.1,0,0.00,1026.0,1010.9
2023-03-01T07:00,-1.3,0.00,71,-5.8,-6.1,0.00,0.00,0.00,2,56,56,0,0,13.7,72,72,27.7,28.8,0,0.00,1026.2,1011.1
2023-03-01T08:00,-0.7,0.00,71,-5.4,-5.4,0.00,0.00,0.00,0,0,0,0,0,12.6,73,70,25.2,28.1,1,600.51,1026.2,1011.1
2023-03-01T09:00,1.1,0.00,67,-4.3,-3.1,0.00,0.00,0.00,0,0,0,0,0,10.0,70,64,17.2,26.3,1,3600.00,1025.7,1010.8
2023-03-01T10:00,2.9,0.00,62,-3.7,-1.4,0.00,0.00,0.00,0,0,0,0,0,11.4,74,72,16.5,26.6,1,3600.00,1025.2,1010.4
2023-03-01T11:00,4.5,0.00,57,-3.2,0.2,0.00,0.00,0.00,0,0,0,0,0,12.2,74,71,17.2,28.8,1,3600.00,1024.7,1010.0
2023-03-01T12:00,6.1,0.00,54,-2.4,2.0,0.00,0.00,0.00,0,0,0,0,0,11.3,66,63,15.8,28.8,1,3600.00,1023.8,1009.1
2023-03-01T13:00,7.2,0.00,52,-2.0,3.0,0.00,0.00,0.00,0,0,0,0,0,12.1,56,53,16.1,30.2,1,3600.00,1022.7,1008.1
2023-03-01T14:00,7.8,0.00,51,-1.8,3.4,0.00,0.00,0.00,0,0,0,0,0,13.3,50,49,18.7,31.0,1,3600.00,1021.9,1007.4
2023-03-01T15:00,8.0,0.00,50,-1.9,3.5,0.00,0.00,0.00,0,3,0,0,3,14.3,54,51,20.6,32.4,1,3600.00,1021.3,1006.8
2023-03-01T16:00,8.0,0.00,49,-2.1,3.4,0.00,0.00,0.00,0,3,0,0,3,14.8,58,56,22.2,32.4,1,3600.00,1021.1,1006.6
2023-03-01T17:00,7.4,0.00,52,-1.8,3.4,0.00,0.00,0.00,0,2,0,0,2,11.1,57,54,20.1,31.7,1,3600.00,1021.2,1006.7
2023-03-01T18:00,5.1,0.00,59,-2.3,1.5,0.00,0.00,0.00,0,3,0,0,3,7.4,51,39,18.9,23.4,1,2153.75,1021.5,1006.8
2023-03-01T19:00,3.7,0.00,64,-2.5,-0.2,0.00,0.00,0.00,0,1,0,0,1,9.7,37,27,22.6,20.2,0,0.00,1021.4,1006.7
2023-03-01T20:00,3.5,0.00,62,-3.0,-0.7,0.00,0.00,0.00,0,0,0,0,0,11.2,55,42,26.4,23.8,0,0.00,1021.4,1006.6
2023-03-01T21:00,3.6,0.00,59,-3.7,-0.9,0.00,0.00,0.00,0,0,0,0,0,12.5,67,57,27.3,26.3,0,0.00,1021.2,1006.5
2023-03-01T22:00,3.4,0.00,60,-3.6,-1.1,0.00,0.00,0.00,0,0,0,0,0,12.6,73,63,27.4,27.0,0,0.00,1021.1,1006.3
2023-03-01T23:00,2.9,0.00,63,-3.4,-1.6,0.00,0.00,0.00,0,0,0,0,0,12.6,74,63,27.3,26.6,0,0.00,1020.7,1005.9
2023-03-02T00:00,2.4,0.00,65,-3.4,-2.1,0.00,0.00,0.00,0,0,0,0,0,12.9,75,63,27.6,26.6,0,0.00,1020.7,1005.9
2023-03-02T01:00,2.2,0.00,67,-3.2,-2.4,0.00,0.00,0.00,0,0,0,0,0,13.8,70,62,28.7,27.0,0,0.00,1020.6,1005.8
2023-03-02T02:00,2.0,0.00,67,-3.4,-2.6,0.00,0.00,0.00,0,0,0,0,0,13.9,72,65,28.7,29.5,0,0.00,1020.5,1005.7
2023-03-02T03:00,1.6,0.00,70,-3.4,-2.8,0.00,0.00,0.00,0,0,0,0,0,12.4,70,60,26.8,28.8,0,0.00,1019.9,1005.1
2023-03-02T04:00,1.1,0.00,72,-3.3,-3.1,0.00,0.00,0.00,0,0,0,0,0,10.9,68,56,24.5,25.6,0,0.00,1019.8,1004.9
2023-03-02T05:00,0.7,0.00,75,-3.3,-3.5,0.00,0.00,0.00,0,0,0,0,0,11.0,62,49,24.5,23.0,0,0.00,1019.8,1004.9
2023-03-02T06:00,0.4,0.00,77,-3.2,-3.6,0.00,0.00,0.00,0,0,0,0,0,9.4,61,47,23.0,23.0,0,0.00,1019.8,1004.9
2023-03-02T07:00,0.0,0.00,80,-3.0,-3.7,0.00,0.00,0.00,0,0,0,0,0,7.9,62,43,20.8,20.5,0,0.00,1019.7,1004.8
2023-03-02T08:00,1.0,0.00,79,-2.2,-2.6,0.00,0.00,0.00,0,0,0,0,0,7.4,62,39,18.7,17.3,1,946.70,1020.2,1005.3
2023-03-02T09:00,3.5,0.00,73,-0.9,0.4,0.00,0.00,0.00,0,0,0,0,0,5.5,65,23,15.9,16.9,1,3600.00,1020.1,1005.4
2023-03-02T10:00,5.6,0.00,67,0.0,2.6,0.00,0.00,0.00,0,0,0,0,0,5.6,57,50,8.6,16.9,1,3600.00,1019.8,1005.2
2023-03-02T11:00,7.6,0.00,63,0.9,4.5,0.00,0.00,0.00,0,0,0,0,0,7.6,63,59,10.5,20.2,1,3600.00,1019.5,1005.0
2023-03-02T12:00,9.5,0.00,58,1.6,6.3,0.00,0.00,0.00,0,0,0,0,0,9.0,70,67,12.6,23.0,1,3600.00,1018.8,1004.4
2023-03-02T13:00,10.3,0.00,55,1.6,7.8,0.00,0.00,0.00,0,0,0,0,0,4.7,41,32,6.6,23.0,1,3600.00,1018.9,1004.5
2023-03-02T14:00,11.4,0.00,53,2.1,8.8,0.00,0.00,0.00,0,0,0,0,0,5.6,45,40,7.6,16.2,1,3600.00,1018.2,1003.9
2023-03-02T15:00,11.8,0.00,52,2.4,9.1,0.00,0.00,0.00,0,5,0,0,5,6.9,54,51,9.3,17.6,1,3600.00,1017.9,1003.6
2023-03-02T16:00,11.8,0.00,53,2.6,9.1,0.00,0.00,0.00,1,32,27,0,7,7.1,62,60,9.8,18.0,1,3600.00,1017.6,1003.3
2023-03-02T17:00,10.7,0.00,70,5.5,9.1,0.00,0.00,0.00,2,56,45,0,21,3.1,52,45,8.2,15.8,1,3600.00,1017.7,1003.4
2023-03-02T18:00,9.4,0.00,62,2.6,6.9,0.00,0.00,0.00,2,65,45,0,37,5.4,29,8,6.6,7.9,1,2255.26,1018.2,1003.8
2023-03-02T19:00,5.6,0.00,82,2.8,3.0,0.00,0.00,0.00,3,96,23,0,95,6.6,21,22,8.9,10.4,0,0.00,1018.7,1004.1
2023-03-02T20:00,5.7,0.00,82,2.8,3.4,0.00,0.00,0.00,3,96,0,0,96,4.7,18,9,11.7,10.1,0,0.00,1018.9,1004.3
2023-03-02T21:00,6.3,0.00,76,2.4,2.9,0.00,0.00,0.00,1,34,30,0,7,11.1,48,36,24.7,20.9,0,0.00,1019.2,1004.6
2023-03-02T22:00,5.0,0.00,71,0.2,1.7,0.00,0.00,0.00,1,46,45,0,1,8.2,64,61,22.1,22.0,0,0.00,1019.6,1005.0
2023-03-02T23:00,4.8,0.00,67,-0.9,1.9,0.00,0.00,0.00,1,48,30,0,26,4.4,79,55,9.5,16.6,0,0.00,1020.2,1005.5
2023-03-03T00:00,3.8,0.00,71,-1.0,1.1,0.00,0.00,0.00,1,37,6,0,33,3.2,70,333,4.2,7.9,0,0.00,1020.2,1005.5
2023-03-03T01:00,1.2,0.00,84,-1.2,-1.6,0.00,0.00,0.00,1,49,26,0,0,3.7,110,79,4.2,7.9,0,0.00,1020.5,1005.6
2023-03-03T02:00,-0.5,0.00,87,-2.3,-3.7,0.00,0.00,0.00,1,29,29,0,1,5.2,42,56,4.3,7.9,0,0.00,1020.8,1005.8
2023-03-03T03:00,-0.7,0.00,86,-2.8,-4.1,0.00,0.00,0.00,0,11,5,0,7,5.5,47,58,7.4,9.0,0,0.00,1020.8,1005.8
2023-03-03T04:00,-1.2,0.00,86,-3.3,-4.7,0.00,0.00,0.00,0,1,0,0,1,6.0,74,73,9.0,9.4,0,0.00,1020.8,1005.8
2023-03-03T05:00,-1.8,0.00,87,-3.7,-5.3,0.00,0.00,0.00,0,0,0,0,0,5.9,95,79,7.6,9.7,0,0.00,1021.0,1006.0
2023-03-03T06:00,-2.3,0.00,88,-3.9,-5.7,0.00,0.00,0.00,0,10,0,0,10,4.8,63,48,4.8,8.6,0,0.00,1021.5,1006.4
2023-03-03T07:00,-2.3,0.00,89,-3.8,-5.7,0.00,0.00,0.00,0,7,0,0,7,4.9,78,73,7.0,8.6,0,0.00,1021.8,1006.7
2023-03-03T08:00,-0.4,0.00,86,-2.5,-3.4,0.00,0.00,0.00,0,7,0,0,7,3.1,83,69,6.2,8.6,1,1216.80,1022.4,1007.4
2023-03-03T09:00,2.2,0.00,80,-1.0,-0.5,0.00,0.00,0.00,0,3,0,0,3,2.7,13,337,4.8,9.4,1,3600.00,1022.8,1008.0
2023-03-03T10:00,4.2,0.00,75,0.1,1.4,0.00,0.00,0.00,0,0,0,0,0,4.8,341,333,6.5,15.1,1,3600.00,1022.9,1008.2
2023-03-03T11:00,6.1,0.00,72,1.3,3.4,0.00,0.00,0.00,0,0,0,0,0,5.3,339,332,7.0,16.9,1,3600.00,1022.6,1008.0
2023-03-03T12:00,7.7,0.00,68,2.1,4.9,0.00,0.00,0.00,0,0,0,0,0,6.9,339,332,8.9,19.8,1,3600.00,1022.4,1007.8
2023-03-03T13:00,8.8,0.00,63,2.0,5.6,0.00,0.00,0.00,0,3,0,2,7,9.7,345,338,12.7,23.0,1,3600.00,1022.5,1008.0
2023-03-03T14:00,9.5,0.00,60,2.1,6.3,0.00,0.00,0.00,0,0,0,0,0,9.6,352,347,12.7,24.8,1,3600.00,1022.0,1007.5
2023-03-03T15:00,9.8,0.00,58,2.0,6.6,0.00,0.00,0.00,0,0,0,0,0,9.5,355,349,12.6,24.1,1,3600.00,1021.6,1007.2
2023-03-03T16:00,9.5,0.00,59,1.9,6.0,0.00,0.00,0.00,0,0,0,0,0,11.3,356,351,15.5,24.8,1,3600.00,1021.4,1007.0
2023-03-03T17:00,8.4,0.00,64,1.9,4.9,0.00,0.00,0.00,0,0,0,0,0,11.3,357,351,18.8,25.6,1,3600.00,1021.5,1007.0
2023-03-03T18:00,6.1,0.00,71,1.3,2.6,0.00,0.00,0.00,0,0,0,0,0,11.2,2,354,23.1,23.8,1,2356.46,1022.4,1007.8
2023-03-03T19:00,4.3,0.00,78,0.7,0.9,0.00,0.00,0.00,0,0,0,0,0,9.4,13,2,21.4,22.7,0,0.00,1023.1,1008.4
2023-03-03T20:00,2.9,0.00,83,0.3,-0.4,0.00,0.00,0.00,0,0,0,0,0,8.7,18,7,20.0,18.7,0,0.00,1023.6,1008.8
2023-03-03T21:00,1.8,0.00,87,-0.1,-1.5,0.00,0.00,0.00,0,0,0,0,0,7.8,20,13,19.6,17.3,0,0.00,1023.9,1009.0
2023-03-03T22:00,1.0,0.00,89,-0.7,-2.4,0.00,0.00,0.00,0,0,0,0,0,7.6,11,357,18.4,15.8,0,0.00,1024.4,1009.5
2023-03-03T23:00,0.2,0.00,91,-1.2,-3.4,0.00,0.00,0.00,0,0,0,0,0,8.6,359,345,19.1,16.9,0,0.00,1024.6,1009.6
2023-03-04T00:00,-0.4,0.00,91,-1.7,-4.1,0.00,0.00,0.00,0,4,4,0,0,8.8,358,348,20.2,18.0,0,0.00,1024.7,1009.7
2023-03-04T01:00,-0.1,0.00,90,-1.6,-3.9,0.00,0.00,0.00,0,0,0,0,0,9.9,359,350,22.3,18.0,0,0.00,1024.8,1009.8
2023-03-04T02:00,-0.4,0.00,90,-1.8,-4.2,0.00,0.00,0.00,0,4,4,0,0,9.4,3,353,21.3,20.5,0,0.00,1025.1,1010.1
2023-03-04T03:00,-1.1,0.00,91,-2.4,-4.7,0.00,0.00,0.00,0,8,8,0,0,7.3,4,349,17.7,19.1,0,0.00,1024.9,1009.8
2023-03-04T04:00,-1.8,0.00,92,-2.9,-5.3,0.00,0.00,0.00,0,0,0,0,0,6.4,360,344,15.8,15.1,0,0.00,1024.8,1009.7
2023-03-04T05:00,-2.3,0.00,93,-3.3,-5.8,0.00,0.00,0.00,0,0,0,0,0,6.3,359,347,15.8,13.7,0,0.00,1024.8,1009.7
2023-03-04T06:00,-2.7,0.00,93,-3.7,-6.2,0.00,0.00,0.00,0,0,0,0,0,5.4,1,352,15.1,13.0,0,0.00,1025.0,1009.9
2023-03-04T07:00,-3.7,0.00,93,-4.6,-7.4,0.00,0.00,0.00,0,1,0,0,1,6.8,10,3,12.1,11.9,0,0.00,1025.0,1009.8
2023-03-04T08:00,-1.2,0.00,91,-2.6,-4.2,0.00,0.00,0.00,1,34,0,0,34,3.3,5,13,8.0,11.2,1,1267.54,1025.5,1010.4
2023-03-04T09:00,0.9,0.00,86,-1.2,-1.7,0.00,0.00,0.00,2,66,0,0,66,1.8,339,281,5.0,8.6,1,3600.00,1025.6,1010.6
2023-03-04T10:00,2.6,0.00,82,-0.1,-0.2,0.00,0.00,0.00,2,71,0,0,71,4.9,311,306,6.6,14.4,1,3600.00,1025.8,1010.9
2023-03-04T11:00,3.7,0.00,79,0.4,0.3,0.00,0.00,0.00,3,90,0,0,90,9.1,328,326,12.3,22.0,1,3600.00,1025.5,1010.7
2023-03-04T12:00,4.5,0.00,71,-0.4,0.8,0.00,0.00,0.00,3,100,0,0,100,10.7,350,348,14.3,24.8,1,1695.79,1025.1,1010.3
2023-03-04T13:00,4.1,0.00,71,-0.6,0.5,0.00,0.00,0.00,3,100,0,0,100,9.6,327,326,12.5,25.2,1,0.00,1025.0,1010.2
2023-03-04T14:00,4.9,0.00,68,-0.5,1.2,0.00,0.00,0.00,3,100,0,0,100,10.6,325,325,14.5,25.2,1,3600.00,1024.2,1009.5
2023-03-04T15:00,5.0,0.00,67,-0.7,1.1,0.00,0.00,0.00,3,100,0,0,100,11.0,329,328,15.2,25.6,1,0.00,1023.8,1009.1
2023-03-04T16:00,5.1,0.00,68,-0.4,1.3,0.00,0.00,0.00,3,100,0,0,100,10.6,325,325,14.5,24.5,1,0.00,1023.4,1008.7
2023-03-04T17:00,4.8,0.00,70,-0.3,1.3,0.00,0.00,0.00,3,100,0,0,100,9.2,319,318,13.3,23.0,1,0.00,1023.0,1008.3
2023-03-04T18:00,4.3,0.00,76,0.5,1.8,0.00,0.00,0.00,3,99,0,1,99,3.3,294,276,8.7,19.8,1,0.00,1022.8,1008.1
2023-03-04T19:00,3.8,0.00,78,0.3,1.1,0.00,0.00,0.00,3,100,0,2,100,4.6,260,225,10.2,9.4,0,0.00,1023.0,1008.2
2023-03-04T20:00,3.9,0.00,78,0.3,1.1,0.00,0.00,0.00,3,100,0,4,100,4.8,268,243,11.9,10.1,0,0.00,1022.8,1008.0
2023-03-04T21:00,3.9,0.00,78,0.5,1.1,0.00,0.00,0.00,3,100,0,4,100,5.2,262,236,12.7,11.5,0,0.00,1022.6,1007.8
2023-03-04T22:00,3.8,0.00,80,0.7,0.7,0.00,0.00,0.00,3,100,64,16,100,6.9,243,223,14.2,13.7,0,0.00,1022.2,1007.4
2023-03-04T23:00,3.6,0.10,83,1.0,0.7,0.10,0.00,0.00,51,100,90,24,100,6.5,253,236,13.9,14.4,0,0.00,1022.2,1007.4
2023-03-05T00:00,3.6,0.00,86,1.5,0.9,0.00,0.00,0.00,3,98,93,11,78,5.4,287,262,13.2,14.0,0,0.00,1022.0,1007.2
2023-03-05T01:00,2.8,0.20,91,1.4,0.3,0.20,0.00,0.00,51,100,88,40,55,4.5,250,209,10.7,12.2,0,0.00,1021.9,1007.1
2023-03-05T02:00,2.5,0.10,94,1.7,0.0,0.10,0.00,0.00,51,97,73,17,88,3.8,279,229,9.5,9.4,0,0.00,1021.5,1006.7
2023-03-05T03:00,2.2,0.00,95,1.4,-0.5,0.00,0.00,0.00,3,82,0,3,82,5.4,317,278,9.4,9.4,0,0.00,1020.9,1006.1
2023-03-05T04:00,1.7,0.00,93,0.7,-1.2,0.00,0.00,0.00,3,95,0,0,95,5.8,329,300,9.2,9.7,0,0.00,1020.4,1005.6
2023-03-05T05:00,1.5,0.00,96,0.9,-1.2,0.00,0.00,0.00,3,100,0,0,100,4.3,326,312,10.4,10.1,0,0.00,1020.0,1005.2
2023-03-05T06:00,2.1,0.00,97,1.6,-0.6,0.00,0.00,0.00,3,100,0,0,100,5.8,337,338,14.0,12.2,0,0.00,1019.8,1005.0
2023-03-05T07:00,2.0,0.00,97,1.5,-0.7,0.00,0.00,0.00,3,100,1,5,100,5.1,347,352,12.9,12.6,0,0.00,1019.6,1004.8
2023-03-05T08:00,2.2,0.00,96,1.6,-0.4,0.00,0.00,0.00,3,100,0,0,100,4.7,358,4,9.4,10.8,1,0.00,1019.6,1004.8
2023-03-05T09:00,3.3,0.00,91,1.9,1.0,0.00,0.00,0.00,3,100,0,3,100,2.8,333,310,5.6,9.7,1,69.44,1019.4,1004.7
2023-03-05T10:00,3.8,0.00,86,1.7,1.3,0.00,0.00,0.00,3,99,0,13,99,3.9,304,292,5.2,12.2,1,0.00,1019.1,1004.4
2023-03-05T11:00,4.4,0.00,81,1.4,1.7,0.00,0.00,0.00,3,80,52,17,56,4.9,315,306,6.6,14.0,1,0.00,1018.5,1003.8
2023-03-05T12:00,5.4,0.00,69,0.2,2.1,0.00,0.00,0.00,3,100,86,40,97,8.4,333,329,11.3,21.2,1,3600.00,1017.8,1003.2
2023-03-05T13:00,5.1,0.00,69,-0.1,1.7,0.00,0.00,0.00,3,100,95,52,69,8.5,334,332,10.8,23.4,1,3600.00,1017.5,1002.9
2023-03-05T14:00,5.4,0.00,67,-0.2,1.9,0.00,0.00,0.00,3,100,100,87,97,9.2,310,312,12.3,22.3,1,3600.00,1016.8,1002.2
2023-03-05T15:00,5.0,0.00,69,-0.2,1.5,0.00,0.00,0.00,3,100,100,100,100,8.9,314,313,12.0,22.7,1,102.77,1016.0,1001.4
2023-03-05T16:00,4.5,0.00,71,-0.2,1.7,0.00,0.00,0.00,3,100,100,73,95,4.2,302,301,5.5,20.9,1,0.00,1015.2,1000.6
2023-03-05T17:00,4.3,0.00,72,-0.3,1.5,0.00,0.00,0.00,3,100,100,20,64,4.4,281,279,5.9,11.5,1,0.00,1014.4,999.8
2023-03-05T18:00,3.6,0.00,85,1.3,1.2,0.00,0.00,0.00,3,100,100,17,81,3.3,299,283,4.5,10.8,1,0.00,1014.0,999.4
2023-03-05T19:00,2.6,0.00,86,0.4,0.1,0.00,0.00,0.00,3,100,100,25,75,2.5,233,188,1.8,6.1,0,0.00,1013.9,999.2
2023-03-05T20:00,2.7,0.00,84,0.2,-0.2,0.00,0.00,0.00,3,100,100,7,0,5.4,193,180,8.1,9.4,0,0.00,1013.3,998.6
2023-03-05T21:00,1.1,0.00,92,-0.1,-1.8,0.00,0.00,0.00,3,100,100,13,6,5.2,196,164,12.0,10.1,0,0.00,1012.9,998.1
2023-03-05T22:00,0.7,0.00,94,-0.2,-2.2,0.00,0.00,0.00,3,100,100,74,66,5.4,207,176,12.6,9.4,0,0.00,1012.7,997.9
2023-03-05T23:00,0.7,0.00,96,0.2,-2.1,0.00,0.00,0.00,3,100,100,100,100,4.8,240,207,10.8,9.4,0,0.00,1012.2,997.4
2023-03-06T00:00,1.8,0.00,94,0.9,-0.5,0.00,0.00,0.00,3,100,100,100,100,2.2,254,171,6.4,9.0,0,0.00,1011.6,996.9
2023-03-06T01:00,2.0,0.00,90,0.5,-0.6,0.00,0.00,0.00,3,100,100,95,100,3.6,227,180,8.4,7.9,0,0.00,1010.7,996.0
2023-03-06T02:00,2.6,0.00,82,-0.1,-0.4,0.00,0.00,0.00,3,100,100,99,87,5.7,224,198,13.0,11.9,0,0.00,1010.1,995.5
2023-03-06T03:00,2.4,0.00,83,-0.2,-0.6,0.00,0.00,0.00,3,100,100,100,98,5.8,219,202,12.5,12.6,0,0.00,1009.5,994.9
2023-03-06T04:00,2.3,0.00,84,-0.1,-0.8,0.00,0.00,0.00,3,100,100,100,90,6.4,211,196,13.4,13.3,0,0.00,1008.9,994.3
2023-03-06T05:00,2.2,0.00,84,-0.2,-1.0,0.00,0.00,0.00,3,100,100,100,100,6.8,212,198,14.4,14.8,0,0.00,1008.5,993.9
2023-03-06T06:00,2.1,0.10,85,-0.2,-1.1,0.10,0.00,0.00,51,100,100,100,99,6.6,223,209,13.8,15.1,0,0.00,1008.2,993.6
2023-03-06T07:00,1.8,0.30,86,-0.3,-1.3,0.10,0.00,0.14,71,100,100,100,62,5.8,230,210,12.8,14.0,1,0.00,1008.3,993.6
2023-03-06T08:00,1.8,1.10,83,-0.8,-1.4,0.00,0.00,0.77,73,99,52,98,55,6.6,231,209,13.8,13.3,1,0.00,1008.3,993.6
2023-03-06T09:00,2.4,0.50,83,-0.2,-0.8,0.00,0.00,0.35,73,89,8,68,64,6.9,229,219,13.3,16.2,1,0.00,1008.3,993.7
2023-03-06T10:00,3.5,0.70,84,1.0,0.5,0.10,0.00,0.42,73,96,0,95,58,6.6,233,229,9.5,17.6,1,2689.23,1008.3,993.7
2023-03-06T11:00,4.7,0.10,80,1.5,1.6,0.10,0.00,0.00,51,86,0,71,80,8.6,248,248,11.6,23.8,1,2943.91,1008.3,993.8
2023-03-06T12:00,5.7,0.10,70,0.7,2.2,0.10,0.00,0.00,51,98,51,70,91,10.4,267,268,14.4,29.2,1,3600.00,1007.9,993.5
2023-03-06T13:00,4.8,0.30,78,1.3,1.1,0.30,0.00,0.00,51,99,53,36,25,12.4,235,234,17.1,29.9,1,2668.47,1008.2,993.7
2023-03-06T14:00,5.8,0.10,70,0.7,1.7,0.10,0.00,0.00,51,100,100,68,100,14.5,246,247,20.1,34.2,1,3600.00,1007.6,993.2
2023-03-06T15:00,4.3,0.60,80,1.2,0.6,0.30,0.00,0.21,73,100,100,99,67,12.1,240,240,17.9,34.2,1,568.54,1007.4,992.9
2023-03-06T16:00,4.9,0.00,77,1.1,1.5,0.00,0.00,0.00,3,100,100,80,14,10.0,249,249,14.2,27.0,1,703.53,1006.9,992.4
2023-03-06T17:00,4.8,0.00,73,0.4,1.0,0.00,0.00,0.00,3,100,100,100,14,12.2,247,246,18.4,26.6,1,3070.21,1006.9,992.4
2023-03-06T18:00,3.5,0.10,81,0.6,-0.1,0.10,0.00,0.00,51,100,100,68,26,11.0,238,232,20.4,25.9,1,0.00,1007.2,992.7
2023-03-06T19:00,3.0,0.20,80,-0.1,-0.8,0.20,0.00,0.00,51,99,97,38,18,11.7,242,236,23.2,24.5,0,0.00,1007.5,992.9
2023-03-06T20:00,2.0,0.00,81,-0.9,-1.7,0.00,0.00,0.00,3,100,100,24,5,10.1,243,235,23.0,24.5,0,0.00,1007.5,992.9
2023-03-06T21:00,1.7,0.00,81,-1.2,-2.2,0.00,0.00,0.00,3,100,100,49,54,10.6,243,235,23.5,22.7,0,0.00,1007.4,992.8
2023-03-06T22:00,2.2,0.00,81,-0.8,-1.7,0.00,0.00,0.00,3,100,100,44,100,10.9,236,226,22.3,23.0,0,0.00,1007.4,992.8
2023-03-06T23:00,2.6,0.00,81,-0.3,-1.5,0.00,0.00,0.00,3,100,100,34,77,12.7,231,225,23.8,26.3,0,0.00,1006.9,992.3
2023-03-07T00:00,2.7,0.00,82,-0.1,-1.5,0.00,0.00,0.00,3,100,100,100,65,14.0,231,228,25.6,29.5,0,0.00,1006.5,991.9
2023-03-07T01:00,2.5,0.00,80,-0.7,-1.8,0.00,0.00,0.00,3,100,100,100,100,13.8,231,227,25.4,30.6,0,0.00,1006.1,991.5
2023-03-07T02:00,2.5,0.10,79,-0.7,-1.9,0.10,0.00,0.00,51,100,100,100,100,14.8,227,223,25.5,31.3,0,0.00,1005.9,991.3
2023-03-07T03:00,2.2,0.30,85,-0.1,-2.2,0.10,0.00,0.14,71,100,99,100,96,15.0,220,215,26.3,31.7,0,0.00,1005.2,990.6
2023-03-07T04:00,2.3,0.10,86,0.3,-2.2,0.10,0.00,0.00,51,100,100,100,100,16.4,224,220,28.3,34.2,0,0.00,1004.7,990.1
2023-03-07T05:00,2.5,0.00,87,0.5,-2.1,0.00,0.00,0.00,3,100,69,98,100,17.6,226,223,29.8,36.4,0,0.00,1004.4,989.8
2023-03-07T06:00,2.5,0.00,87,0.5,-1.9,0.00,0.00,0.00,3,100,100,100,100,15.9,224,219,27.7,36.4,0,0.00,1004.1,989.5
2023-03-07T07:00,2.4,0.00,87,0.5,-1.9,0.00,0.00,0.00,3,100,100,95,99,15.8,220,215,27.6,33.8,1,0.00,1003.9,989.3
2023-03-07T08:00,2.7,0.00,83,0.2,-1.8,0.00,0.00,0.00,3,100,99,21,96,16.5,217,212,28.3,34.6,1,0.00,1003.7,989.2
2023-03-07T09:00,3.8,0.00,77,0.1,-0.6,0.00,0.00,0.00,3,99,92,85,56,16.1,224,222,25.5,43.9,1,0.00,1003.4,988.9
2023-03-07T10:00,4.7,0.00,70,-0.2,-0.3,0.00,0.00,0.00,3,96,43,91,29,19.5,219,218,29.7,41.0,1,0.00,1003.1,988.7
2023-03-07T11:00,6.1,0.00,62,-0.7,0.2,0.00,0.00,0.00,3,96,8,14,95,25.0,233,234,36.0,51.1,1,3600.00,1002.6,988.3
2023-03-07T12:00,6.8,0.10,56,-1.3,0.9,0.10,0.00,0.00,51,99,79,28,92,24.8,238,237,35.8,52.9,1,3600.00,1001.8,987.5
2023-03-07T13:00,6.6,0.00,51,-2.9,0.4,0.00,0.00,0.00,3,100,94,100,100,25.1,235,235,36.7,51.8,1,2729.14,1001.5,987.2
2023-03-07T14:00,6.9,0.00,52,-2.3,1.0,0.00,0.00,0.00,3,100,100,100,100,23.3,244,243,34.9,51.1,1,0.00,1000.8,986.5
2023-03-07T15:00,6.7,0.00,59,-0.8,1.0,0.00,0.00,0.00,3,100,99,71,100,23.5,245,245,35.4,49.3,1,0.00,1000.7,986.4
2023-03-07T16:00,6.3,0.00,64,-0.1,1.1,0.00,0.00,0.00,3,100,95,99,46,20.8,240,240,31.9,50.8,1,0.00,1000.9,986.6
2023-03-07T17:00,6.2,0.00,63,-0.3,1.2,0.00,0.00,0.00,3,99,99,68,39,19.6,239,238,32.0,42.8,1,0.00,1000.9,986.6
2023-03-07T18:00,5.6,0.00,66,-0.3,1.2,0.00,0.00,0.00,3,100,100,84,92,15.1,242,242,27.2,41.0,1,0.00,1000.9,986.5
2023-03-07T19:00,5.8,0.00,63,-0.7,0.9,0.00,0.00,0.00,3,100,100,98,99,18.5,242,241,31.9,38.2,0,0.00,1001.5,987.2
2023-03-07T20:00,6.0,0.00,61,-0.9,0.3,0.00,0.00,0.00,3,100,100,59,93,23.0,242,241,38.3,48.2,0,0.00,1001.9,987.6
2023-03-07T21:00,5.7,0.00,60,-1.4,0.2,0.00,0.00,0.00,3,97,80,52,74,21.9,242,240,37.2,48.6,0,0.00,1002.2,987.8
2023-03-07T22:00,5.4,0.00,62,-1.4,-0.2,0.00,0.00,0.00,3,100,93,96,58,22.2,239,238,37.5,46.8,0,0.00,1002.6,988.2
2023-03-07T23:00,4.8,0.80,69,-0.5,-0.4,0.60,0.00,0.14,71,77,46,51,47,20.4,237,234,34.8,46.4,0,0.00,1003.0,988.6
2023-03-08T00:00,4.4,0.00,66,-1.4,-0.8,0.00,0.00,0.00,3,87,18,80,38,19.6,236,234,34.4,42.5,0,0.00,1003.4,989.0
2023-03-08T01:00,5.2,0.10,54,-3.3,-0.1,0.10,0.00,0.00,51,90,20,79,65,18.9,231,228,32.3,41.0,0,0.00,1003.2,988.8
2023-03-08T02:00,4.9,0.00,53,-3.9,-0.5,0.00,0.00,0.00,3,93,25,89,27,18.8,225,223,32.3,40.0,0,0.00,1003.4,989.0
2023-03-08T03:00,3.6,0.00,58,-3.9,-1.4,0.00,0.00,0.00,2,79,53,26,40,16.0,227,224,29.5,40.0,0,0.00,1002.9,988.4
2023-03-08T04:00,2.8,0.00,63,-3.6,-1.6,0.00,0.00,0.00,3,100,91,100,18,12.0,227,221,25.0,33.5,0,0.00,1002.3,987.8
2023-03-08T05:00,3.2,0.00,64,-3.0,-0.9,0.00,0.00,0.00,3,100,100,100,0,10.8,215,206,21.2,26.3,0,0.00,1001.6,987.1
2023-03-08T06:00,3.4,0.00,68,-2.0,-0.6,0.00,0.00,0.00,3,100,100,100,0,10.6,211,204,21.0,24.5,0,0.00,1001.4,986.9
2023-03-08T07:00,3.2,0.10,73,-1.2,-0.7,0.10,0.00,0.00,51,100,100,100,12,10.4,202,194,19.9,23.4,1,0.00,1000.7,986.2
2023-03-08T08:00,2.7,0.40,83,0.1,-1.1,0.30,0.00,0.07,71,100,100,100,54,11.6,179,173,20.2,24.5,1,0.00,999.7,985.2
2023-03-08T09:00,2.7,0.50,88,0.9,-0.8,0.40,0.00,0.07,71,100,49,100,100,10.8,165,150,20.1,24.8,1,0.00,999.2,984.7
2023-03-08T10:00,2.4,0.80,97,2.0,-0.9,0.60,0.01,0.14,71,100,100,100,100,10.2,149,122,21.5,23.4,1,0.00,998.4,983.9
2023-03-08T11:00,2.2,1.30,99,2.0,-1.8,0.70,0.01,0.42,73,100,100,100,100,15.2,150,144,24.0,28.8,1,0.00,997.3,982.8
2023-03-08T12:00,3.3,0.80,93,2.2,-0.2,0.30,0.01,0.35,73,100,100,100,100,11.9,166,155,20.0,31.7,1,0.00,996.3,981.9
2023-03-08T13:00,5.4,0.60,89,3.7,1.9,0.60,0.01,0.00,53,100,100,98,100,13.9,203,190,25.5,34.6,1,0.00,995.3,981.0
2023-03-08T14:00,8.1,1.80,89,6.4,3.8,1.80,0.01,0.00,61,100,100,100,100,22.9,219,217,38.1,48.2,1,0.00,994.4,980.3
2023-03-08T15:00,9.4,1.30,91,7.9,4.9,1.30,0.01,0.00,61,100,100,100,100,26.8,222,220,44.8,55.8,1,0.00,994.2,980.1
2023-03-08T16:00,9.7,0.40,89,7.9,5.5,0.40,0.01,0.00,51,100,100,100,100,25.2,227,224,43.0,56.5,1,0.00,994.0,980.0
2023-03-08T17:00,9.5,0.60,90,7.9,6.2,0.60,0.01,0.00,53,100,100,100,100,18.3,227,223,33.1,54.7,1,0.00,993.8,979.7
2023-03-08T18:00,9.7,1.20,89,8.1,6.4,1.20,0.01,0.00,55,100,100,100,100,19.5,223,219,34.9,51.1,1,0.00,993.4,979.4
2023-03-08T19:00,9.5,1.30,90,7.9,6.6,1.30,0.01,0.00,61,100,100,100,100,15.9,233,232,30.3,50.0,0,0.00,993.6,979.5
2023-03-08T20:00,9.6,0.70,89,7.9,5.6,0.70,0.01,0.00,53,100,100,100,41,23.7,227,226,41.0,50.0,0,0.00,993.9,979.8
2023-03-08T21:00,9.2,0.40,92,7.9,5.7,0.40,0.01,0.00,51,100,98,95,26,20.2,224,221,36.2,49.0,0,0.00,993.7,979.6
2023-03-08T22:00,9.3,0.90,92,8.1,5.9,0.90,0.01,0.00,53,100,100,100,100,19.7,223,220,35.2,49.3,0,0.00,993.8,979.7
2023-03-08T23:00,9.4,0.60,90,7.9,5.5,0.60,0.00,0.00,53,100,100,76,100,22.9,225,222,39.5,53.6,0,0.00,994.0,979.9
2023-03-09T00:00,9.7,0.10,90,8.2,6.2,0.10,0.00,0.00,51,100,100,99,100,21.1,227,224,36.9,52.9,0,0.00,993.7,979.7
2023-03-09T01:00,9.6,0.70,93,8.5,6.8,0.70,0.00,0.00,53,100,100,100,100,16.3,217,215,29.8,44.6,0,0.00,992.1,978.1
2023-03-09T02:00,9.7,3.10,93,8.7,6.4,3.10,0.00,0.00,63,100,100,94,100,19.7,235,235,34.2,46.1,0,0.00,992.0,978.0
2023-03-09T03:00,9.4,0.50,92,8.2,6.3,0.50,0.00,0.00,53,100,100,100,100,18.4,241,239,32.2,51.1,0,0.00,992.4,978.4
2023-03-09T04:00,9.3,1.20,92,8.0,5.4,1.20,0.00,0.00,55,100,100,100,100,22.8,253,252,38.4,50.4,0,0.00,993.5,979.4
2023-03-09T05:00,9.1,0.20,88,7.2,5.5,0.20,0.00,0.00,51,100,100,100,44,19.8,241,237,34.5,47.5,0,0.00,995.1,981.0
2023-03-09T06:00,8.9,0.10,89,7.2,5.4,0.10,0.00,0.00,51,100,100,39,100,18.7,240,236,32.9,41.8,0,0.00,996.6,982.5
2023-03-09T07:00,8.8,0.20,90,7.2,5.1,0.20,0.00,0.00,51,100,94,100,56,20.1,243,246,34.3,48.6,1,0.00,997.8,983.7
2023-03-09T08:00,8.7,0.30,90,7.2,4.8,0.30,0.00,0.00,51,100,89,100,100,21.7,236,234,36.8,47.9,1,0.00,998.9,984.7
2023-03-09T09:00,8.9,0.10,89,7.2,4.5,0.10,0.00,0.00,51,100,15,100,100,25.1,233,232,41.7,51.5,1,0.00,1000.1,985.9
2023-03-09T10:00,9.0,0.20,88,7.2,4.5,0.20,0.00,0.00,51,100,35,96,100,26.2,234,233,43.0,60.5,1,0.00,1001.1,986.9
2023-03-09T11:00,9.5,0.10,86,7.3,5.1,0.10,0.00,0.00,51,100,49,100,55,25.5,238,237,41.7,54.0,1,0.00,1001.9,987.7
2023-03-09T12:00,10.0,2.20,85,7.6,5.6,2.20,0.00,0.00,61,99,42,98,62,25.9,237,235,41.8,54.7,1,0.00,1002.2,988.1
2023-03-09T13:00,11.1,0.80,82,8.2,7.0,0.80,0.00,0.00,53,100,100,43,42,24.8,238,237,40.6,54.4,1,0.00,1001.9,987.8
2023-03-09T14:00,12.6,0.10,71,7.5,7.7,0.10,0.00,0.00,51,85,73,43,23,29.0,241,242,44.0,61.6,1,3600.00,1001.3,987.3
2023-03-09T15:00,13.0,0.10,67,7.1,8.3,0.10,0.00,0.00,51,97,95,29,25,27.0,240,239,41.3,61.2,1,3600.00,1001.4,987.4
2023-03-09T16:00,12.3,0.00,70,7.1,8.2,0.00,0.00,0.00,3,98,95,46,32,23.0,238,238,36.6,60.1,1,3600.00,1001.3,987.3
2023-03-09T17:00,12.4,0.00,70,7.1,8.9,0.00,0.00,0.00,3,100,100,30,12,18.7,233,232,31.4,47.2,1,3600.00,1000.7,986.7
2023-03-09T18:00,11.5,0.00,71,6.4,8.2,0.00,0.00,0.00,3,98,98,5,13,16.6,233,231,30.6,40.0,1,1519.30,1000.9,986.8
2023-03-09T19:00,10.7,0.00,72,5.9,7.8,0.00,0.00,0.00,3,100,98,98,0,12.7,221,215,26.6,35.3,0,0.00,1000.6,986.5
2023-03-09T20:00,9.5,1.00,82,6.5,7.7,1.00,0.00,0.00,55,100,100,99,4,6.2,208,187,17.1,30.6,0,0.00,1000.1,986.0
2023-03-09T21:00,9.3,0.00,82,6.4,6.9,0.00,0.00,0.00,3,100,100,82,13,10.0,179,154,21.2,20.9,0,0.00,999.2,985.1
2023-03-09T22:00,8.8,0.00,78,5.1,6.0,0.00,0.00,0.00,3,100,100,67,16,11.2,200,182,24.9,24.5,0,0.00,998.6,984.4
2023-03-09T23:00,9.1,0.00,72,4.4,5.9,0.00,0.00,0.00,3,100,100,95,10,12.6,214,204,27.5,27.7,0,0.00,997.8,983.7
2023-03-10T00:00,9.1,0.00,72,4.3,6.2,0.00,0.00,0.00,3,100,100,100,13,10.9,215,207,25.4,27.7,0,0.00,997.1,983.0
2023-03-10T01:00,9.9,0.60,80,6.6,6.5,0.60,0.00,0.00,53,100,86,100,16,17.4,215,210,32.3,39.6,0,0.00,996.0,981.9
2023-03-10T02:00,9.6,1.10,84,7.0,6.4,1.10,0.00,0.00,55,100,100,100,43,16.6,211,204,30.2,37.1,0,0.00,995.5,981.4
2023-03-10T03:00,9.3,0.90,89,7.5,6.0,0.90,0.00,0.00,53,100,100,100,100,18.4,214,211,33.7,38.9,0,0.00,994.7,980.6
2023-03-10T04:00,9.3,0.20,89,7.6,5.8,0.20,0.00,0.00,51,100,100,52,100,19.6,218,216,33.8,42.8,0,0.00,994.2,980.1
2023-03-10T05:00,9.2,0.40,91,7.8,5.9,0.40,0.00,0.00,51,100,100,45,100,18.8,225,223,33.1,41.0,0,0.00,993.8,979.7
2023-03-10T06:00,9.2,0.20,89,7.5,5.8,0.20,0.00,0.00,51,100,19,41,100,18.8,219,216,32.3,39.6,0,0.00,993.5,979.4
2023-03-10T07:00,8.9,0.00,91,7.5,6.0,0.00,0.00,0.00,3,90,61,20,69,15.3,211,207,27.8,39.2,1,0.00,993.0,978.9
2023-03-10T08:00,8.8,0.00,91,7.4,6.0,0.00,0.00,0.00,3,100,100,29,57,14.7,214,208,26.0,39.2,1,0.00,992.6,978.5
2023-03-10T09:00,9.4,0.20,88,7.5,6.1,0.20,0.00,0.00,51,100,57,84,100,18.1,218,215,30.2,42.8,1,0.00,992.5,978.5
2023-03-10T10:00,9.1,2.60,81,6.0,4.4,2.60,0.00,0.00,63,100,5,100,45,25.5,225,225,39.5,55.8,1,422.57,992.1,978.1
2023-03-10T11:00,9.9,0.30,86,7.6,6.1,0.30,0.00,0.00,51,100,4,100,100,21.4,223,221,34.4,51.5,1,68.01,991.9,977.9
2023-03-10T12:00,8.8,0.40,88,6.9,4.5,0.40,0.00,0.00,51,100,0,100,100,23.9,226,225,38.2,53.6,1,0.00,992.1,978.0
2023-03-10T13:00,9.6,0.10,87,7.5,6.2,0.10,0.00,0.00,51,100,86,100,100,18.4,220,219,30.1,50.0,1,0.00,993.3,979.3
2023-03-10T14:00,10.1,0.20,82,7.2,5.9,0.20,0.00,0.00,51,100,79,100,93,24.2,229,227,38.8,52.9,1,0.00,993.0,979.0
2023-03-10T15:00,9.6,0.50,86,7.4,4.8,0.50,0.00,0.00,53,100,0,100,100,27.7,225,224,45.6,62.3,1,0.00,992.8,978.8
2023-03-10T16:00,9.0,0.40,84,6.5,3.6,0.40,0.00,0.00,51,100,15,100,100,30.9,250,249,49.9,68.4,1,0.00,994.2,980.1
2023-03-10T17:00,8.1,0.10,79,4.7,2.9,0.10,0.00,0.00,51,100,100,44,33,26.3,244,241,42.2,71.3,1,0.00,995.6,981.4
2023-03-10T18:00,7.4,0.00,72,2.7,2.1,0.00,0.00,0.00,3,100,100,30,38,25.1,238,235,41.6,54.0,1,2234.60,996.4,982.2
2023-03-10T19:00,6.5,0.20,74,2.2,0.7,0.20,0.00,0.00,51,100,3,100,100,27.2,246,244,44.5,57.2,0,0.00,997.4,983.1
2023-03-10T20:00,5.3,0.60,79,2.0,-1.0,0.60,0.00,0.00,53,100,85,85,95,30.7,261,260,49.5,64.1,0,0.00,999.0,984.7
2023-03-10T21:00,3.9,0.10,71,-0.9,-2.7,0.10,0.00,0.00,51,100,1,100,100,29.8,279,278,47.1,63.7,0,0.00,1002.0,987.5
2023-03-10T22:00,3.3,0.20,70,-1.7,-2.6,0.10,0.00,0.07,71,100,0,100,96,23.8,273,271,38.6,61.2,0,0.00,1004.3,989.8
2023-03-10T23:00,2.9,0.20,69,-2.2,-2.8,0.10,0.00,0.07,71,35,0,23,22,22.3,273,272,36.4,49.7,0,0.00,1005.6,991.0
2023-03-11T00:00,2.0,0.20,71,-2.7,-3.6,0.00,0.00,0.14,71,88,57,61,66,21.6,272,272,35.7,46.8,0,0.00,1006.9,992.3
2023-03-11T01:00,2.2,0.20,72,-2.4,-3.1,0.00,0.00,0.14,71,82,77,4,26,19.5,268,267,32.4,46.4,0,0.00,1006.9,992.3
2023-03-11T02:00,1.7,0.00,72,-2.8,-3.6,0.00,0.00,0.00,2,70,48,0,43,18.9,279,278,32.1,41.4,0,0.00,1007.8,993.1
2023-03-11T03:00,1.3,0.00,67,-4.2,-4.1,0.00,0.00,0.00,1,26,14,0,14,18.2,281,279,30.1,40.7,0,0.00,1008.2,993.5
2023-03-11T04:00,0.6,0.00,68,-4.7,-4.4,0.00,0.00,0.00,3,81,79,0,11,15.0,284,281,27.1,37.4,0,0.00,1008.6,993.9
2023-03-11T05:00,-0.0,0.00,70,-4.9,-4.5,0.00,0.00,0.00,3,99,99,52,0,11.4,292,288,22.9,31.3,0,0.00,1008.9,994.1
2023-03-11T06:00,-0.6,0.00,72,-4.9,-4.6,0.00,0.00,0.00,3,81,77,5,13,8.7,292,287,19.4,24.5,0,0.00,1009.6,994.8
2023-03-11T07:00,-1.5,0.00,79,-4.7,-5.0,0.00,0.00,0.00,1,33,12,1,23,5.5,303,293,15.9,19.1,1,0.00,1009.9,995.0
2023-03-11T08:00,-0.1,0.00,76,-3.7,-3.5,0.00,0.00,0.00,1,22,0,5,17,5.4,302,278,13.1,13.3,1,2460.01,1010.8,996.0
2023-03-11T09:00,1.3,0.00,70,-3.6,-2.4,0.00,0.00,0.00,1,27,10,0,20,7.4,305,299,10.6,18.4,1,3600.00,1011.5,996.8
2023-03-11T10:00,2.8,0.00,63,-3.6,-1.2,0.00,0.00,0.00,3,82,68,0,44,9.4,328,328,12.8,23.8,1,3600.00,1011.9,997.2
2023-03-11T11:00,3.6,0.00,58,-3.9,-0.1,0.00,0.00,0.00,3,94,82,0,67,6.9,323,321,9.0,23.4,1,3600.00,1011.8,997.2
2023-03-11T12:00,4.0,0.00,55,-4.2,0.3,0.00,0.00,0.00,3,98,0,2,98,6.8,294,295,8.7,19.8,1,3600.00,1012.0,997.4
2023-03-11T13:00,4.1,0.00,54,-4.4,0.2,0.00,0.00,0.00,3,100,88,32,100,8.4,290,290,10.7,20.9,1,2911.15,1012.0,997.4
2023-03-11T14:00,4.3,0.00,53,-4.3,0.4,0.00,0.00,0.00,3,100,100,32,100,8.1,290,291,10.7,20.9,1,0.00,1012.0,997.4
2023-03-11T15:00,4.5,0.00,53,-4.3,0.6,0.00,0.00,0.00,3,100,97,42,100,8.2,297,299,10.9,20.9,1,0.00,1012.0,997.4
2023-03-11T16:00,4.5,0.00,52,-4.5,0.7,0.00,0.00,0.00,3,100,73,100,100,7.1,314,315,9.9,20.5,1,0.00,1012.1,997.5
2023-03-11T17:00,4.4,0.00,51,-4.8,0.7,0.00,0.00,0.00,3,100,0,100,81,6.4,305,308,8.8,16.9,1,0.00,1012.2,997.6
2023-03-11T18:00,3.8,0.00,55,-4.4,0.3,0.00,0.00,0.00,2,63,0,12,59,5.0,326,330,10.4,14.8,1,0.00,1012.9,998.3
2023-03-11T19:00,1.6,0.00,64,-4.4,-1.8,0.00,0.00,0.00,0,2,0,1,0,4.8,352,13,10.9,10.8,0,0.00,1013.5,998.8
2023-03-11T20:00,-0.0,0.00,69,-5.1,-3.6,0.00,0.00,0.00,0,11,11,0,0,5.4,6,42,10.1,10.1,0,0.00,1014.0,999.2
2023-03-11T21:00,-0.9,0.00,71,-5.5,-4.3,0.00,0.00,0.00,0,8,8,0,0,4.2,27,70,8.0,9.7,0,0.00,1014.3,999.4
2023-03-11T22:00,-2.0,0.00,76,-5.6,-5.4,0.00,0.00,0.00,0,10,5,4,2,3.6,72,90,4.6,8.6,0,0.00,1014.6,999.6
2023-03-11T23:00,-2.4,0.00,77,-5.9,-5.9,0.00,0.00,0.00,0,1,0,1,0,4.0,144,100,6.2,7.9,0,0.00,1014.9,999.9
2023-03-12T00:00,-2.2,0.00,74,-6.2,-5.9,0.00,0.00,0.00,0,19,0,19,0,5.0,160,111,11.5,9.4,0,0.00,1015.2,1000.2
2023-03-12T01:00,-2.4,0.00,73,-6.6,-6.1,0.00,0.00,0.00,2,63,26,22,0,5.2,157,106,12.1,10.4,0,0.00,1015.0,1000.0
2023-03-12T02:00,-2.5,0.00,73,-6.6,-6.4,0.00,0.00,0.00,1,40,15,32,0,6.3,143,103,13.9,11.2,0,0.00,1014.9,999.9
2023-03-12T03:00,-2.0,0.00,73,-6.3,-6.1,0.00,0.00,0.00,3,86,0,86,0,8.1,141,103,15.9,14.4,0,0.00,1014.7,999.7
2023-03-12T04:00,-1.1,0.00,70,-5.9,-5.4,0.00,0.00,0.00,3,100,16,100,49,9.2,139,111,16.6,16.6,0,0.00,1014.4,999.5
2023-03-12T05:00,0.3,0.00,67,-5.2,-3.9,0.00,0.00,0.00,3,100,98,100,100,9.7,135,112,16.8,19.1,0,0.00,1014.2,999.4
2023-03-12T06:00,0.6,0.10,69,-4.5,-3.6,0.00,0.00,0.07,71,100,85,100,100,9.8,133,118,18.3,19.8,0,0.00,1014.1,999.3
2023-03-12T07:00,0.5,0.30,74,-3.6,-3.8,0.00,0.00,0.21,73,100,32,100,100,10.9,136,117,19.9,20.9,1,0.00,1013.9,999.1
2023-03-12T08:00,0.6,0.70,82,-2.2,-3.6,0.00,0.00,0.49,73,100,0,100,100,11.9,134,115,21.4,22.7,1,0.00,1013.8,999.0
2023-03-12T09:00,1.2,1.20,88,-0.6,-2.6,0.60,0.00,0.42,73,100,0,99,100,11.2,129,111,18.4,22.7,1,0.00,1014.0,999.2
2023-03-12T10:00,1.8,0.10,90,0.3,-1.8,0.10,0.00,0.00,51,100,0,0,100,10.4,144,124,17.8,20.5,1,0.00,1014.1,999.4
2023-03-12T11:00,4.1,0.00,86,2.0,1.3,0.00,0.00,0.00,3,100,0,29,100,6.8,201,148,16.2,19.8,1,0.00,1014.1,999.5
2023-03-12T12:00,5.5,0.00,87,3.5,2.3,0.00,0.00,0.00,3,100,0,13,100,11.5,219,212,20.5,23.8,1,0.00,1013.7,999.2
2023-03-12T13:00,6.1,0.00,92,4.9,4.4,0.00,0.00,0.00,3,100,81,31,100,2.9,232,120,14.1,33.8,1,0.00,1013.9,999.4
2023-03-12T14:00,9.0,0.10,86,6.8,6.8,0.10,0.00,0.00,51,100,51,1,100,9.2,252,249,19.7,20.5,1,0.00,1013.3,998.9
2023-03-12T15:00,10.4,0.00,80,7.1,7.9,0.00,0.00,0.00,2,60,12,4,54,12.3,256,255,19.3,26.6,1,2257.62,1012.8,998.5
2023-03-12T16:00,12.2,0.00,67,6.3,8.8,0.00,0.00,0.00,3,100,100,19,51,16.7,253,251,26.8,34.9,1,3600.00,1012.3,998.1
2023-03-12T17:00,11.9,0.00,66,5.6,8.1,0.00,0.00,0.00,3,100,100,42,57,18.3,249,248,31.6,38.9,1,3600.00,1012.3,998.1
2023-03-12T18:00,10.9,0.00,68,5.2,7.4,0.00,0.00,0.00,3,100,100,22,22,15.9,246,245,29.5,38.5,1,0.00,1012.5,998.2
2023-03-12T19:00,9.5,0.00,74,5.0,6.4,0.00,0.00,0.00,3,100,100,24,38,12.7,245,241,27.4,33.5,0,0.00,1013.3,999.0
2023-03-12T20:00,8.7,0.00,78,5.0,6.0,0.00,0.00,0.00,3,100,100,29,40,10.5,247,239,24.7,27.4,0,0.00,1013.6,999.2
2023-03-12T21:00,7.8,0.00,82,5.0,5.3,0.00,0.00,0.00,3,100,100,64,33,8.7,237,222,22.4,23.0,0,0.00,1013.7,999.3
2023-03-12T22:00,7.7,0.00,82,4.9,5.2,0.00,0.00,0.00,3,100,100,0,21,8.7,222,197,21.4,20.2,0,0.00,1013.6,999.2
2023-03-12T23:00,7.4,0.00,83,4.7,4.5,0.00,0.00,0.00,3,100,100,25,33,10.9,208,186,24.0,23.0,0,0.00,1013.3,998.9
2023-03-13T00:00,7.1,0.00,84,4.6,4.3,0.00,0.00,0.00,3,100,100,35,22,9.7,204,180,22.4,23.0,0,0.00,1012.8,998.4
2023-03-13T01:00,7.3,0.00,87,5.2,4.7,0.00,0.00,0.00,3,100,100,5,25,9.4,197,162,20.3,21.6,0,0.00,1011.9,997.5
2023-03-13T02:00,7.8,0.00,85,5.4,5.3,0.00,0.00,0.00,3,100,100,100,47,9.5,200,171,21.9,21.6,0,0.00,1011.2,996.8
2023-03-13T03:00,9.0,0.00,80,5.7,6.1,0.00,0.00,0.00,3,100,100,100,100,12.9,210,198,26.3,27.4,0,0.00,1010.2,995.9
2023-03-13T04:00,9.7,0.00,77,5.9,6.3,0.00,0.00,0.00,3,100,100,100,100,16.1,212,207,30.1,33.8,0,0.00,1009.2,994.9
2023-03-13T05:00,9.7,0.00,81,6.6,6.6,0.00,0.00,0.00,3,100,100,100,100,15.8,218,215,29.0,36.7,0,0.00,1008.9,994.6
2023-03-13T06:00,10.3,0.00,82,7.4,6.7,0.00,0.00,0.00,3,100,100,89,100,19.7,224,220,34.9,41.4,0,0.00,1008.4,994.2
2023-03-13T07:00,10.7,0.00,83,7.9,7.1,0.00,0.00,0.00,3,100,100,45,100,20.9,225,221,36.9,44.6,1,0.00,1008.1,993.9
2023-03-13T08:00,11.5,0.00,80,8.2,7.7,0.00,0.00,0.00,3,100,100,60,45,22.4,228,225,38.7,47.5,1,0.00,1007.6,993.4
2023-03-13T09:00,12.1,0.00,78,8.5,8.5,0.00,0.00,0.00,3,100,100,2,6,21.7,230,228,36.8,47.2,1,0.00,1007.4,993.3
2023-03-13T10:00,14.2,0.00,71,9.1,11.0,0.00,0.00,0.00,3,99,99,0,9,20.2,232,231,31.3,46.4,1,3600.00,1007.5,993.5
2023-03-13T11:00,15.2,0.00,68,9.4,12.3,0.00,0.00,0.00,3,99,99,0,30,18.7,233,232,28.5,44.6,1,3600.00,1007.2,993.2
2023-03-13T12:00,16.7,0.00,61,9.2,13.3,0.00,0.00,0.00,3,100,34,100,100,21.5,247,247,32.6,53.6,1,3600.00,1006.2,992.3
2023-03-13T13:00,16.3,0.00,70,10.8,14.4,0.00,0.00,0.00,3,100,100,100,100,14.7,213,211,21.6,45.0,1,0.00,1005.1,991.2
2023-03-13T14:00,16.2,0.40,72,11.3,15.3,0.40,0.00,0.00,51,99,99,26,13,8.6,189,178,16.8,29.9,1,0.00,1003.1,989.2
2023-03-13T15:00,18.5,0.00,63,11.4,16.4,0.00,0.00,0.00,3,96,93,44,2,17.5,218,217,27.9,37.8,1,3600.00,1001.3,987.6
2023-03-13T16:00,19.0,0.00,59,10.8,16.6,0.00,0.00,0.00,3,91,85,33,15,17.9,220,220,29.1,44.3,1,3600.00,1000.2,986.5
2023-03-13T17:00,16.9,0.90,67,10.7,14.0,0.90,0.00,0.00,53,82,41,68,11,21.7,245,243,38.2,52.6,1,3600.00,999.6,985.8
2023-03-13T18:00,16.1,0.00,67,10.0,14.2,0.00,0.00,0.00,3,100,100,100,0,12.8,250,248,26.9,44.6,1,2252.87,998.8,985.0
2023-03-13T19:00,14.3,0.30,75,9.9,12.7,0.30,0.00,0.00,51,100,100,25,0,10.7,259,258,24.6,27.7,0,0.00,998.9,985.0
2023-03-13T20:00,12.9,2.90,88,11.0,11.3,2.90,0.00,0.00,63,100,100,100,6,13.0,266,268,26.7,33.5,0,0.00,999.1,985.1
2023-03-13T21:00,11.9,1.80,93,10.7,10.8,1.80,0.00,0.00,61,100,100,100,100,8.6,225,202,18.3,33.5,0,0.00,999.1,985.1
2023-03-13T22:00,11.9,0.40,95,11.0,10.1,0.40,0.00,0.00,51,100,100,92,0,14.4,194,177,27.4,33.1,0,0.00,998.8,984.8
2023-03-13T23:00,11.7,0.00,95,10.8,9.7,0.00,0.00,0.00,3,100,100,100,0,15.0,209,201,29.2,32.8,0,0.00,998.5,984.5
2023-03-14T00:00,11.6,0.00,94,10.7,9.7,0.00,0.00,0.00,3,100,100,56,0,14.6,209,200,27.9,32.4,0,0.00,998.3,984.3
2023-03-14T01:00,10.8,0.10,82,7.9,7.6,0.10,0.00,0.00,51,100,100,99,3,17.9,217,210,33.1,38.5,0,0.00,999.2,985.1
2023-03-14T02:00,10.4,0.40,85,8.1,6.8,0.40,0.00,0.00,51,100,100,100,40,21.0,219,218,36.3,43.9,0,0.00,999.4,985.3
2023-03-14T03:00,10.2,0.50,89,8.5,6.4,0.50,0.00,0.00,53,100,100,33,100,23.2,215,213,39.5,54.0,0,0.00,998.8,984.7
2023-03-14T04:00,10.0,0.00,89,8.2,6.4,0.00,0.00,0.00,3,100,100,18,17,21.4,216,213,36.6,48.6,0,0.00,998.1,984.0
2023-03-14T05:00,9.4,0.40,90,7.9,5.7,0.40,0.00,0.00,51,100,100,80,64,21.1,220,217,37.3,52.2,0,0.00,997.8,983.7
2023-03-14T06:00,9.4,0.00,86,7.3,5.8,0.00,0.00,0.00,3,100,100,73,65,20.1,217,213,34.4,45.4,0,0.00,997.2,983.1
2023-03-14T07:00,9.2,0.10,84,6.6,5.3,0.10,0.00,0.00,51,90,5,84,50,20.2,215,211,34.9,42.8,1,0.00,996.8,982.7
2023-03-14T08:00,9.5,0.00,81,6.4,5.9,0.00,0.00,0.00,3,84,14,65,61,18.6,219,216,32.3,42.5,1,122.58,996.8,982.7
2023-03-14T09:00,10.5,0.10,75,6.4,6.4,0.10,0.00,0.00,51,100,0,73,100,21.7,222,220,34.9,47.5,1,3600.00,997.0,983.0
2023-03-14T10:00,10.7,0.00,75,6.4,6.7,0.00,0.00,0.00,3,100,3,99,99,21.6,220,217,35.0,49.7,1,0.00,997.0,983.0
2023-03-14T11:00,11.4,0.10,70,6.1,6.2,0.10,0.00,0.00,51,100,0,79,99,28.6,230,230,43.2,56.5,1,0.00,997.2,983.2
2023-03-14T12:00,11.2,0.10,72,6.4,6.0,0.10,0.00,0.00,51,100,79,100,100,29.2,231,231,44.0,64.1,1,0.00,997.5,983.5
2023-03-14T13:00,10.0,0.30,86,7.7,5.0,0.30,0.00,0.00,51,100,80,100,100,30.1,247,245,49.4,62.3,1,0.00,997.8,983.7
2023-03-14T14:00,9.7,0.70,78,6.1,4.5,0.70,0.00,0.00,53,100,35,100,100,29.2,266,266,45.5,63.7,1,563.72,999.8,985.7
2023-03-14T15:00,8.8,0.50,73,4.3,3.2,0.50,0.00,0.00,53,42,12,26,22,28.4,271,271,44.7,63.4,1,0.00,1002.1,987.9
2023-03-14T16:00,9.7,0.20,56,1.3,3.7,0.20,0.00,0.00,51,46,0,41,14,28.2,275,274,42.3,68.4,1,3600.00,1003.8,989.6
2023-03-14T17:00,9.6,0.10,51,-0.1,4.0,0.10,0.00,0.00,51,64,0,63,5,23.4,270,270,37.8,62.6,1,3600.00,1004.7,990.5
2023-03-14T18:00,8.7,0.00,48,-1.6,3.5,0.00,0.00,0.00,0,2,0,2,0,19.1,271,270,33.1,48.2,1,3442.51,1005.5,991.2
2023-03-14T19:00,7.3,0.00,54,-1.4,2.5,0.00,0.00,0.00,1,23,0,12,16,16.9,267,268,31.0,39.6,0,0.00,1006.9,992.6
2023-03-14T20:00,5.3,0.40,74,1.1,1.7,0.40,0.00,0.00,51,78,0,75,27,11.2,304,303,22.1,36.4,0,0.00,1008.6,994.1
2023-03-14T21:00,4.5,0.10,84,2.1,1.2,0.10,0.00,0.00,51,100,0,100,100,10.6,338,336,21.0,23.4,0,0.00,1009.8,995.3
2023-03-14T22:00,4.1,0.40,86,2.0,0.0,0.40,0.00,0.00,51,100,0,100,100,15.3,323,321,23.9,31.7,0,0.00,1011.1,996.5
2023-03-14T23:00,3.9,0.50,91,2.5,-0.0,0.50,0.00,0.00,53,100,0,100,17,14.9,325,323,24.3,31.3,0,0.00,1012.2,997.6
2023-03-15T00:00,3.7,0.10,89,2.1,0.2,0.10,0.00,0.00,51,100,0,100,10,12.2,320,317,21.7,30.2,0,0.00,1013.2,998.6
2023-03-15T01:00,3.1,0.00,90,1.7,-0.6,0.00,0.00,0.00,0,9,0,83,12,12.5,308,303,23.3,25.6,0,0.00,1014.5,999.8
2023-03-15T02:00,2.4,0.00,92,1.2,-0.9,0.00,0.00,0.00,0,0,0,0,0,9.2,297,291,20.9,26.6,0,0.00,1015.3,1000.6
2023-03-15T03:00,1.4,0.00,93,0.3,-1.8,0.00,0.00,0.00,0,0,0,0,0,7.6,275,267,20.2,20.5,0,0.00,1016.0,1001.2
2023-03-15T04:00,0.6,0.00,94,-0.3,-2.6,0.00,0.00,0.00,0,12,0,12,0,7.3,257,250,19.6,16.9,0,0.00,1016.5,1001.7
2023-03-15T05:00,-0.2,0.00,94,-1.1,-3.4,0.00,0.00,0.00,2,69,2,69,0,6.4,234,218,17.3,16.6,0,0.00,1017.2,1002.3
2023-03-15T06:00,-0.2,0.00,94,-1.0,-3.7,0.00,0.00,0.00,3,100,0,100,0,8.4,231,220,20.5,19.1,0,0.00,1017.7,1002.8
2023-03-15T07:00,-0.1,0.00,94,-1.0,-3.7,0.00,0.00,0.00,3,98,0,98,0,9.0,221,209,20.7,20.2,1,0.00,1017.9,1003.0
2023-03-15T08:00,0.9,0.00,92,-0.2,-2.6,0.00,0.00,0.00,3,100,0,100,0,9.5,227,209,24.0,22.3,1,1675.50,1018.7,1003.8
2023-03-15T09:00,1.5,0.00,90,0.1,-1.9,0.00,0.00,0.00,3,100,64,100,75,9.2,225,211,23.4,21.6,1,0.00,1018.7,1003.9
2023-03-15T10:00,2.0,1.00,85,-0.2,-2.1,0.10,0.00,0.63,73,100,1,100,97,13.6,223,217,23.4,28.4,1,0.00,1018.9,1004.1
2023-03-15T11:00,2.6,0.80,85,0.3,-1.1,0.00,0.00,0.56,73,87,0,49,86,11.0,242,238,16.8,31.3,1,0.00,1019.3,1004.5
2023-03-15T12:00,4.1,0.00,81,1.2,0.1,0.00,0.00,0.00,3,96,0,10,96,14.3,260,260,20.1,30.6,1,620.09,1019.3,1004.6
2023-03-15T13:00,4.2,0.10,87,2.2,0.9,0.10,0.00,0.00,51,55,0,46,78,10.7,253,250,15.8,31.7,1,3600.00,1020.2,1005.5
2023-03-15T14:00,5.5,0.10,77,1.8,2.3,0.10,0.00,0.00,51,100,0,12,100,9.4,278,274,13.1,28.8,1,1989.08,1020.1,1005.5
2023-03-15T15:00,6.4,0.00,70,1.3,3.0,0.00,0.00,0.00,3,100,87,16,100,10.6,305,305,15.0,28.1,1,3600.00,1019.8,1005.2
2023-03-15T16:00,6.0,0.20,67,0.4,2.7,0.20,0.00,0.00,51,100,100,10,15,8.9,315,317,12.7,27.7,1,1611.62,1020.0,1005.4
2023-03-15T17:00,6.0,0.00,65,-0.2,2.7,0.00,0.00,0.00,3,100,100,8,20,7.7,322,323,11.0,20.2,1,3600.00,1020.4,1005.8
2023-03-15T18:00,5.8,0.00,62,-0.8,3.4,0.00,0.00,0.00,3,100,100,1,1,1.1,336,108,3.5,16.2,1,3214.87,1020.6,1006.0
2023-03-15T19:00,2.4,0.00,81,-0.6,-0.6,0.00,0.00,0.00,3,100,100,6,3,5.6,126,140,3.1,6.1,0,0.00,1021.1,1006.3
2023-03-15T20:00,1.2,0.00,86,-0.9,-2.1,0.00,0.00,0.00,3,100,100,1,0,7.1,141,120,7.4,10.4,0,0.00,1021.5,1006.6
2023-03-15T21:00,1.3,0.00,87,-0.6,-1.7,0.00,0.00,0.00,3,100,100,1,0,5.4,163,127,12.4,10.4,0,0.00,1021.6,1006.7
2023-03-15T22:00,1.0,0.00,91,-0.3,-2.0,0.00,0.00,0.00,3,100,100,4,0,5.6,171,130,14.2,10.8,0,0.00,1022.0,1007.1
2023-03-15T23:00,1.1,0.00,92,-0.0,-1.8,0.00,0.00,0.00,3,99,99,16,0,5.7,160,108,11.8,11.2,0,0.00,1022.2,1007.3
2023-03-16T00:00,0.6,0.00,93,-0.5,-2.7,0.00,0.00,0.00,3,84,82,47,0,7.6,130,95,12.8,14.0,0,0.00,1022.2,1007.3
2023-03-16T01:00,0.2,0.00,91,-1.1,-3.6,0.00,0.00,0.00,3,89,97,0,0,9.8,116,96,18.8,18.7,0,0.00,1022.4,1007.5
2023-03-16T02:00,-0.0,0.00,93,-1.0,-3.8,0.00,0.00,0.00,3,100,100,0,0,10.2,118,100,21.6,19.8,0,0.00,1022.5,1007.5
2023-03-16T03:00,0.2,0.00,94,-0.7,-3.7,0.00,0.00,0.00,3,99,99,0,0,11.3,115,99,23.8,22.0,0,0.00,1022.1,1007.2
2023-03-16T04:00,0.2,0.00,93,-0.9,-3.8,0.00,0.00,0.00,3,100,100,23,0,11.7,112,101,25.5,23.4,0,0.00,1021.5,1006.6
2023-03-16T05:00,0.3,0.00,92,-0.8,-3.9,0.00,0.00,0.00,3,100,100,4,1,13.5,114,106,28.0,27.0,0,0.00,1021.4,1006.5
2023-03-16T06:00,0.4,0.00,91,-0.9,-3.9,0.00,0.00,0.00,3,100,100,26,1,14.1,115,105,28.5,28.4,0,0.00,1021.1,1006.2
2023-03-16T07:00,0.2,0.00,90,-1.2,-4.2,0.00,0.00,0.00,3,100,91,98,0,14.3,116,108,28.5,28.4,1,0.00,1020.9,1006.0
2023-03-16T08:00,1.6,0.00,86,-0.5,-2.7,0.00,0.00,0.00,3,100,100,98,0,14.7,115,107,30.1,31.0,1,3107.36,1020.9,1006.1
2023-03-16T09:00,3.5,0.00,82,0.7,-0.7,0.00,0.00,0.00,3,100,100,100,0,14.8,112,108,26.0,31.7,1,3600.00,1020.6,1005.9
2023-03-16T10:00,5.6,0.00,74,1.4,1.7,0.00,0.00,0.00,3,100,3,100,0,13.9,118,115,20.8,31.3,1,3600.00,1020.4,1005.8
2023-03-16T11:00,7.6,0.00,68,2.0,4.0,0.00,0.00,0.00,3,100,100,96,0,12.1,121,120,17.3,31.0,1,3600.00,1020.2,1005.7
2023-03-16T12:00,9.6,0.00,59,1.9,6.1,0.00,0.00,0.00,3,100,100,7,0,11.3,129,127,15.9,28.1,1,3600.00,1019.7,1005.3
2023-03-16T13:00,9.9,0.00,57,1.9,6.5,0.00,0.00,0.00,3,100,89,0,0,10.9,127,124,14.9,27.4,1,3600.00,1019.3,1004.9
2023-03-16T14:00,11.0,0.00,52,1.5,7.5,0.00,0.00,0.00,2,59,59,4,0,11.4,127,125,15.7,27.4,1,3600.00,1018.4,1004.1
2023-03-16T15:00,11.5,0.00,48,0.8,7.6,0.00,0.00,0.00,3,100,100,0,0,13.4,126,126,18.8,29.9,1,3600.00,1017.6,1003.3
2023-03-16T16:00,11.5,0.00,49,1.0,7.4,0.00,0.00,0.00,3,100,100,0,0,14.1,131,130,20.4,30.6,1,3600.00,1017.0,1002.7
2023-03-16T17:00,10.8,0.00,53,1.7,7.2,0.00,0.00,0.00,3,100,100,0,0,12.0,125,123,21.5,29.9,1,3600.00,1016.6,1002.3
2023-03-16T18:00,9.5,0.00,57,1.3,5.7,0.00,0.00,0.00,3,100,100,0,0,13.2,118,112,26.9,27.0,1,112.02,1016.1,1001.7
2023-03-16T19:00,8.2,0.00,60,0.9,4.0,0.00,0.00,0.00,3,100,100,0,0,15.1,114,108,31.3,29.9,0,0.00,1016.1,1001.7
2023-03-16T20:00,7.4,0.00,63,0.9,2.9,0.00,0.00,0.00,3,100,100,0,0,16.7,115,109,33.5,33.1,0,0.00,1015.9,1001.4
2023-03-16T21:00,7.3,0.00,63,0.8,2.9,0.00,0.00,0.00,3,100,100,0,0,16.5,119,110,32.9,33.8,0,0.00,1015.9,1001.4
2023-03-16T22:00,7.1,0.00,63,0.5,2.6,0.00,0.00,0.00,3,100,100,1,0,16.5,120,110,32.4,33.1,0,0.00,1015.6,1001.1
2023-03-16T23:00,6.5,0.00,64,0.1,2.0,0.00,0.00,0.00,3,100,100,0,0,16.5,121,110,32.3,33.1,0,0.00,1015.5,1001.0
2023-03-17T00:00,5.8,0.00,65,-0.3,1.3,0.00,0.00,0.00,3,99,99,0,0,16.2,121,111,32.3,32.8,0,0.00,1015.1,1000.6
2023-03-17T01:00,5.9,0.00,64,-0.3,1.3,0.00,0.00,0.00,3,100,100,8,0,16.6,122,114,32.4,32.0,0,0.00,1014.6,1000.1
2023-03-17T02:00,5.8,0.00,63,-0.7,1.3,0.00,0.00,0.00,3,100,100,0,0,15.8,120,111,30.8,32.8,0,0.00,1014.2,999.7
2023-03-17T03:00,5.5,0.00,63,-0.9,1.0,0.00,0.00,0.00,3,100,100,0,0,15.6,117,109,30.4,31.0,0,0.00,1013.7,999.2
2023-03-17T04:00,5.4,0.00,63,-1.1,0.9,0.00,0.00,0.00,3,99,99,0,0,14.8,117,108,29.5,30.6,0,0.00,1013.3,998.8
2023-03-17T05:00,4.6,0.00,66,-1.2,0.3,0.00,0.00,0.00,3,98,98,0,0,13.7,118,108,28.5,28.8,0,0.00,1013.2,998.6
2023-03-17T06:00,4.2,0.00,67,-1.3,0.1,0.00,0.00,0.00,3,100,100,0,0,12.5,118,108,26.4,26.6,0,0.00,1013.2,998.6
2023-03-17T07:00,4.3,0.00,68,-1.1,0.4,0.00,0.00,0.00,3,100,100,0,0,11.0,120,109,23.7,23.8,1,0.00,1013.3,998.7
2023-03-17T08:00,5.5,0.00,68,0.0,1.9,0.00,0.00,0.00,3,100,100,0,0,10.2,123,113,20.3,21.2,1,2776.17,1013.6,999.1
2023-03-17T09:00,7.6,0.00,66,1.7,4.4,0.00,0.00,0.00,3,100,100,0,0,9.4,125,113,19.7,19.4,1,829.44,1013.5,999.1
2023-03-17T10:00,10.3,0.00,62,3.3,7.7,0.00,0.00,0.00,3,100,100,0,0,7.0,129,125,14.3,18.7,1,3600.00,1013.3,999.0
2023-03-17T11:00,12.9,0.00,52,3.2,10.5,0.00,0.00,0.00,3,100,100,0,0,5.3,152,152,6.9,17.6,1,3600.00,1013.3,999.1
2023-03-17T12:00,14.6,0.00,48,3.8,12.6,0.00,0.00,0.00,3,100,100,0,0,3.6,180,186,4.7,15.8,1,3600.00,1013.0,998.9
2023-03-17T13:00,16.7,0.00,44,4.2,14.5,0.00,0.00,0.00,3,100,100,20,0,5.4,177,180,7.2,14.0,1,3600.00,1011.4,997.4
2023-03-17T14:00,16.9,0.00,44,4.7,14.9,0.00,0.00,0.00,3,100,100,15,0,4.8,186,193,6.5,15.1,1,3600.00,1011.2,997.3
2023-03-17T15:00,17.1,0.00,45,5.1,15.3,0.00,0.00,0.00,3,100,100,48,0,4.0,187,190,5.8,14.4,1,3327.89,1010.8,996.9
2023-03-17T16:00,17.2,0.00,48,6.2,15.6,0.00,0.00,0.00,3,100,100,98,0,4.2,149,149,7.6,11.9,1,3600.00,1010.1,996.2
2023-03-17T17:00,16.0,0.00,62,8.8,15.0,0.00,0.00,0.00,3,100,100,91,0,4.2,154,149,10.8,12.2,1,852.78,1009.7,995.7
2023-03-17T18:00,13.9,0.00,65,7.5,12.5,0.00,0.00,0.00,3,100,100,100,0,5.0,199,240,6.5,11.5,1,0.00,1010.1,996.0
2023-03-17T19:00,12.9,0.00,64,6.4,11.0,0.00,0.00,0.00,3,100,100,89,0,6.9,243,261,9.7,14.0,0,0.00,1010.5,996.4
2023-03-17T20:00,10.4,0.00,75,6.1,8.4,0.00,0.00,0.00,3,100,100,90,0,6.9,217,171,12.6,13.0,0,0.00,1010.9,996.6
2023-03-17T21:00,10.8,0.00,72,6.1,8.9,0.00,0.00,0.00,3,100,100,30,0,6.1,236,208,17.4,13.7,0,0.00,1011.2,997.0
2023-03-17T22:00,9.9,0.00,78,6.2,7.9,0.00,0.00,0.00,3,100,100,23,0,7.2,263,252,20.3,15.8,0,0.00,1012.2,997.9
2023-03-17T23:00,9.2,0.00,82,6.2,7.1,0.00,0.00,0.00,3,100,100,65,0,7.3,245,237,22.2,16.9,0,0.00,1012.5,998.2
2023-03-18T00:00,9.3,0.00,83,6.6,7.5,0.00,0.00,0.00,3,100,100,77,0,6.4,236,218,19.5,16.2,0,0.00,1012.6,998.3
2023-03-18T01:00,10.1,0.00,74,5.7,8.7,0.00,0.00,0.00,3,100,100,28,13,2.6,267,146,6.8,17.6,0,0.00,1012.4,998.1
2023-03-18T02:00,8.0,0.00,83,5.3,6.4,0.00,0.00,0.00,3,100,100,69,18,3.1,255,159,5.6,9.7,0,0.00,1013.0,998.6
2023-03-18T03:00,8.0,0.00,82,5.1,6.1,0.00,0.00,0.00,3,100,100,96,13,5.0,207,159,10.9,10.8,0,0.00,1013.0,998.6
2023-03-18T04:00,8.5,0.00,79,5.0,6.6,0.00,0.00,0.00,3,100,100,11,5,4.4,198,125,9.1,11.5,0,0.00,1012.9,998.5
2023-03-18T05:00,7.5,0.00,80,4.2,5.3,0.00,0.00,0.00,3,93,91,5,22,5.9,192,137,13.6,12.2,0,0.00,1013.2,998.8
2023-03-18T06:00,7.0,0.00,77,3.2,4.6,0.00,0.00,0.00,1,22,3,17,8,5.5,203,157,14.8,13.0,0,0.00,1013.6,999.1
2023-03-18T07:00,6.8,0.00,76,2.9,4.3,0.00,0.00,0.00,1,24,0,23,9,5.6,203,153,13.7,12.2,1,0.00,1013.9,999.4
2023-03-18T08:00,8.9,0.00,72,4.2,6.6,0.00,0.00,0.00,0,5,0,4,4,6.4,194,142,11.5,13.3,1,3362.39,1014.2,999.8
2023-03-18T09:00,10.8,0.00,66,4.7,8.7,0.00,0.00,0.00,0,1,0,0,1,5.9,184,169,9.4,15.5,1,3600.00,1014.6,1000.3
2023-03-18T10:00,12.4,0.00,61,5.0,10.4,0.00,0.00,0.00,1,29,2,22,7,5.7,203,198,8.2,16.9,1,3600.00,1014.7,1000.5
2023-03-18T11:00,14.1,0.00,55,5.2,11.9,0.00,0.00,0.00,3,95,95,9,0,6.8,202,198,9.7,18.7,1,3600.00,1014.4,1000.3
2023-03-18T12:00,15.5,0.00,51,5.3,13.2,0.00,0.00,0.00,3,100,100,11,0,9.5,210,209,12.9,23.8,1,3600.00,1014.2,1000.2
2023-03-18T13:00,17.3,0.00,44,5.0,15.6,0.00,0.00,0.00,3,100,94,0,0,4.3,220,222,5.6,24.5,1,3600.00,1013.3,999.4
2023-03-18T14:00,17.5,0.00,46,5.7,15.7,0.00,0.00,0.00,3,83,72,38,0,6.3,254,257,7.9,17.3,1,3600.00,1013.1,999.2
2023-03-18T15:00,16.9,0.10,50,6.4,15.3,0.10,0.00,0.00,51,96,84,72,0,4.6,285,288,5.6,17.3,1,3600.00,1012.9,998.9
2023-03-18T16:00,16.4,0.00,53,6.8,14.8,0.00,0.00,0.00,1,30,8,23,0,4.8,33,27,6.0,16.9,1,3600.00,1012.3,998.3
2023-03-18T17:00,16.2,0.00,59,8.1,15.3,0.00,0.00,0.00,3,100,100,22,0,2.4,338,333,3.9,11.9,1,3600.00,1012.1,998.1
2023-03-18T18:00,12.8,0.00,78,9.0,11.4,0.00,0.00,0.00,3,100,100,15,0,7.4,311,313,7.7,9.0,1,3600.00,1012.5,998.3
2023-03-18T19:00,13.4,0.00,62,6.4,11.7,0.00,0.00,0.00,3,100,100,0,0,5.8,291,356,6.2,10.4,0,0.00,1012.7,998.6
2023-03-18T20:00,14.5,0.00,56,5.7,13.2,0.00,0.00,0.00,3,100,100,46,0,1.9,238,68,6.8,7.6,0,0.00,1013.0,998.9
2023-03-18T21:00,14.2,0.00,55,5.3,12.4,0.00,0.00,0.00,3,100,100,81,0,4.1,216,128,8.0,7.2,0,0.00,1013.0,998.9
2023-03-18T22:00,10.0,0.00,74,5.6,7.9,0.00,0.00,0.00,3,100,100,100,0,6.6,200,151,9.6,11.2,0,0.00,1013.4,999.1
2023-03-18T23:00,9.0,0.00,79,5.5,6.8,0.00,0.00,0.00,3,88,49,86,0,7.2,206,174,10.8,11.9,0,0.00,1013.7,999.3
2023-03-19T00:00,8.3,0.00,80,5.1,6.4,0.00,0.00,0.00,0,11,0,11,0,5.2,198,146,9.1,12.6,0,0.00,1013.7,999.3
2023-03-19T01:00,7.3,0.00,82,4.4,4.9,0.00,0.00,0.00,2,54,39,99,0,7.2,174,117,10.9,13.3,0,0.00,1013.7,999.3
2023-03-19T02:00,8.0,0.00,78,4.4,5.2,0.00,0.00,0.00,3,100,100,100,5,9.8,206,174,23.2,19.4,0,0.00,1014.5,1000.1
2023-03-19T03:00,10.0,0.00,71,5.0,7.3,0.00,0.00,0.00,3,100,100,100,0,10.4,220,200,24.3,21.6,0,0.00,1014.5,1000.2
2023-03-19T04:00,9.5,0.00,77,5.7,7.3,0.00,0.00,0.00,3,100,100,100,4,7.5,217,197,19.3,21.6,0,0.00,1014.7,1000.3
2023-03-19T05:00,8.9,0.10,83,6.2,7.0,0.10,0.00,0.00,51,99,99,41,0,6.5,212,183,15.7,15.5,0,0.00,1014.9,1000.5
2023-03-19T06:00,8.3,0.00,89,6.5,6.3,0.00,0.00,0.00,3,98,96,53,8,7.2,206,177,17.6,14.8,0,0.00,1015.2,1000.8
2023-03-19T07:00,8.8,0.00,87,6.7,6.7,0.00,0.00,0.00,3,100,100,40,19,8.3,207,182,19.3,16.9,1,0.00,1015.8,1001.4
2023-03-19T08:00,9.8,0.00,85,7.4,7.8,0.00,0.00,0.00,3,97,95,38,26,9.5,206,189,19.2,19.1,1,1479.97,1016.5,1002.1
2023-03-19T09:00,11.1,0.00,80,7.8,9.3,0.00,0.00,0.00,3,97,96,26,27,8.2,209,203,14.0,19.4,1,3600.00,1016.7,1002.4
2023-03-19T10:00,12.6,0.00,74,8.0,10.4,0.00,0.00,0.00,3,97,96,12,25,11.0,219,218,15.9,25.9,1,3600.00,1016.7,1002.5
2023-03-19T11:00,13.6,0.00,68,7.8,11.4,0.00,0.00,0.00,3,95,87,62,5,11.5,223,221,15.8,27.0,1,3600.00,1016.7,1002.5
2023-03-19T12:00,14.2,0.00,68,8.4,12.0,0.00,0.00,0.00,3,100,100,31,28,12.0,223,224,16.3,31.3,1,3600.00,1016.7,1002.6
2023-03-19T13:00,16.2,0.00,54,6.7,13.5,0.00,0.00,0.00,3,100,98,33,11,12.5,235,237,16.8,31.7,1,3600.00,1016.0,1002.0
2023-03-19T14:00,14.5,0.20,57,6.0,11.3,0.20,0.00,0.00,51,100,100,84,40,15.1,254,252,21.0,35.6,1,3600.00,1016.3,1002.2
2023-03-19T15:00,14.1,0.10,64,7.5,12.0,0.10,0.00,0.00,51,100,100,81,25,9.7,264,266,13.8,32.4,1,1898.82,1016.0,1001.9
2023-03-19T16:00,13.6,0.00,67,7.6,11.2,0.00,0.00,0.00,3,100,100,1,14,11.9,245,245,17.1,26.6,1,2648.89,1015.8,1001.6
2023-03-19T17:00,13.1,0.00,70,7.7,11.1,0.00,0.00,0.00,3,100,100,8,17,9.2,232,231,14.6,25.9,1,778.85,1016.2,1002.0
2023-03-19T18:00,11.8,0.00,78,8.0,10.3,0.00,0.00,0.00,3,97,95,28,25,6.6,232,225,15.6,20.2,1,0.00,1016.6,1002.3
2023-03-19T19:00,10.1,0.00,85,7.7,8.5,0.00,0.00,0.00,3,89,81,28,36,6.7,230,216,17.9,14.8,0,0.00,1017.3,1002.9
2023-03-19T20:00,9.3,0.00,90,7.7,7.4,0.00,0.00,0.00,3,99,99,21,27,8.7,219,204,20.5,16.6,0,0.00,1018.1,1003.7
2023-03-19T21:00,8.5,0.00,93,7.4,6.6,0.00,0.00,0.00,0,1,0,0,1,8.1,224,212,20.1,18.4,0,0.00,1018.5,1004.0
2023-03-19T22:00,7.6,0.00,95,6.8,5.8,0.00,0.00,0.00,0,12,0,0,11,6.4,232,218,18.2,16.2,0,0.00,1018.9,1004.4
2023-03-19T23:00,6.5,0.00,97,6.1,4.7,0.00,0.00,0.00,1,34,0,0,34,5.4,240,217,15.3,13.3,0,0.00,1019.6,1005.0
2023-03-20T00:00,6.7,0.00,97,6.3,5.1,0.00,0.00,0.00,2,60,0,0,60,4.7,226,184,13.0,10.8,0,0.00,1019.7,1005.1
2023-03-20T01:00,6.9,0.00,98,6.6,5.2,0.00,0.00,0.00,1,35,0,1,16,5.4,210,180,14.2,10.1,0,0.00,1019.7,1005.1
2023-03-20T02:00,7.1,0.00,98,6.8,5.4,0.00,0.00,0.00,1,24,0,0,24,6.5,215,199,16.3,13.3,0,0.00,1019.9,1005.4
2023-03-20T03:00,6.8,0.00,99,6.6,4.9,0.00,0.00,0.00,2,67,0,1,67,7.0,217,201,16.2,14.8,0,0.00,1020.3,1005.7
2023-03-20T04:00,6.9,0.00,99,6.7,4.9,0.00,0.00,0.00,3,100,17,3,100,7.8,218,202,14.6,15.1,0,0.00,1020.5,1005.9
2023-03-20T05:00,7.1,0.00,98,6.8,5.1,0.00,0.00,0.00,3,100,57,14,100,8.2,218,209,16.9,16.2,0,0.00,1020.7,1006.1
2023-03-20T06:00,7.2,0.00,96,6.7,5.2,0.00,0.00,0.00,3,100,31,63,100,8.1,230,212,15.6,16.6,0,0.00,1021.0,1006.4
2023-03-20T07:00,7.3,0.00,97,6.8,5.2,0.00,0.00,0.00,3,100,95,51,100,8.6,229,213,15.8,16.2,1,0.00,1021.2,1006.6
2023-03-20T08:00,7.9,0.00,95,7.1,5.7,0.00,0.00,0.00,3,100,100,13,100,10.0,232,229,15.9,20.2,1,0.00,1021.6,1007.1
2023-03-20T09:00,8.5,0.00,92,7.4,6.2,0.00,0.00,0.00,3,100,100,15,100,11.3,240,239,15.8,23.8,1,0.00,1021.9,1007.4
2023-03-20T10:00,9.4,0.00,89,7.7,7.1,0.00,0.00,0.00,3,100,98,99,100,11.4,235,235,15.8,24.1,1,0.00,1021.9,1007.4
2023-03-20T11:00,10.6,0.10,83,7.8,8.1,0.10,0.00,0.00,51,100,95,100,100,12.6,251,250,17.5,27.7,1,306.74,1022.1,1007.7
2023-03-20T12:00,11.4,0.30,75,7.1,8.6,0.30,0.00,0.00,51,100,100,95,61,13.5,245,245,19.5,28.4,1,465.33,1022.0,1007.6
2023-03-20T13:00,12.9,0.10,68,7.1,9.9,0.10,0.00,0.00,51,100,64,42,28,15.0,244,243,20.4,33.1,1,3600.00,1021.5,1007.2
2023-03-20T14:00,13.5,0.00,60,6.0,10.3,0.00,0.00,0.00,3,100,100,97,33,14.8,249,247,20.9,33.8,1,3600.00,1020.8,1006.6
2023-03-20T15:00,13.5,0.00,57,5.2,10.1,0.00,0.00,0.00,3,100,100,100,28,14.7,248,248,20.5,33.5,1,3600.00,1020.4,1006.2
2023-03-20T16:00,12.8,0.00,58,4.7,9.4,0.00,0.00,0.00,3,100,93,100,16,14.7,254,253,21.8,32.4,1,0.00,1020.4,1006.1
2023-03-20T17:00,12.0,0.00,59,4.3,8.6,0.00,0.00,0.00,3,100,67,100,5,13.8,255,255,22.4,33.5,1,0.00,1020.4,1006.1
2023-03-20T18:00,11.3,0.00,61,4.0,8.2,0.00,0.00,0.00,3,100,98,100,1,11.4,259,259,20.9,28.8,1,0.00,1020.4,1006.1
2023-03-20T19:00,10.2,0.00,65,3.9,7.5,0.00,0.00,0.00,3,100,96,100,13,9.0,276,275,18.4,24.1,0,0.00,1020.9,1006.5
2023-03-20T20:00,9.3,0.00,70,4.2,7.1,0.00,0.00,0.00,3,100,84,100,86,5.2,264,254,14.5,19.1,0,0.00,1020.9,1006.5
2023-03-20T21:00,9.3,0.00,69,3.9,7.0,0.00,0.00,0.00,3,100,43,100,86,5.8,267,266,15.1,13.7,0,0.00,1020.4,1006.0
2023-03-20T22:00,8.7,0.00,72,4.0,6.7,0.00,0.00,0.00,3,98,9,75,90,4.4,272,261,12.6,13.3,0,0.00,1020.5,1006.0
2023-03-20T23:00,8.7,0.00,70,3.6,6.4,0.00,0.00,0.00,3,100,0,97,100,4.8,283,243,7.8,10.8,0,0.00,1020.5,1006.0
2023-03-21T00:00,8.9,0.00,68,3.3,7.1,0.00,0.00,0.00,3,100,7,100,100,1.5,302,135,4.7,9.0,0,0.00,1020.5,1006.0
2023-03-21T01:00,7.5,0.00,85,5.2,5.8,0.00,0.00,0.00,3,100,9,2,1,3.1,180,135,3.6,6.5,0,0.00,1020.1,1005.6
2023-03-21T02:00,6.1,0.00,90,4.6,4.1,0.00,0.00,0.00,0,13,3,3,8,4.6,178,129,8.3,8.6,0,0.00,1019.6,1005.0
2023-03-21T03:00,5.5,0.00,92,4.3,3.4,0.00,0.00,0.00,3,100,0,14,100,5.1,190,135,10.2,9.0,0,0.00,1019.4,1004.8
2023-03-21T04:00,6.4,0.00,90,4.9,4.5,0.00,0.00,0.00,2,60,0,14,53,4.4,200,145,11.5,9.0,0,0.00,1019.0,1004.4
2023-03-21T05:00,6.1,0.00,90,4.6,4.0,0.00,0.00,0.00,1,36,11,17,14,5.2,206,155,11.6,9.0,0,0.00,1018.8,1004.2
2023-03-21T06:00,5.1,0.00,91,3.7,2.7,0.00,0.00,0.00,3,93,91,19,0,6.6,210,167,12.4,10.8,0,0.00,1018.7,1004.1
2023-03-21T07:00,5.7,0.00,90,4.3,3.6,0.00,0.00,0.00,3,100,100,22,27,5.1,216,172,12.4,11.2,1,0.00,1018.7,1004.1
2023-03-21T08:00,8.1,0.00,85,5.7,6.2,0.00,0.00,0.00,3,100,100,23,1,5.4,203,143,9.4,10.8,1,3550.26,1018.8,1004.3
2023-03-21T09:00,10.2,0.00,78,6.6,8.5,0.00,0.00,0.00,3,100,100,51,1,5.6,178,165,8.6,14.4,1,3600.00,1018.7,1004.3
2023-03-21T10:00,11.6,0.00,72,6.6,9.7,0.00,0.00,0.00,3,100,100,82,6,6.9,189,186,9.5,18.0,1,3600.00,1018.6,1004.3
2023-03-21T11:00,12.6,0.00,67,6.5,10.6,0.00,0.00,0.00,3,100,100,92,5,7.1,193,195,9.3,18.4,1,3494.46,1018.3,1004.1
2023-03-21T12:00,13.0,0.00,65,6.5,11.0,0.00,0.00,0.00,3,100,100,100,1,7.3,199,200,9.9,18.4,1,0.00,1017.7,1003.5
2023-03-21T13:00,12.1,0.00,67,6.2,11.0,0.00,0.00,0.00,3,100,100,100,45,1.1,270,288,1.4,18.0,1,0.00,1017.9,1003.6
2023-03-21T14:00,12.7,0.00,66,6.6,11.6,0.00,0.00,0.00,3,100,100,67,2,1.5,127,104,1.8,7.6,1,0.00,1017.1,1002.9
2023-03-21T15:00,13.3,0.00,65,6.9,12.0,0.00,0.00,0.00,3,100,100,100,2,2.9,160,150,4.2,10.4,1,0.00,1016.3,1002.1
2023-03-21T16:00,12.9,0.40,69,7.3,11.7,0.40,0.00,0.00,51,100,100,100,9,3.3,184,186,5.1,10.4,1,0.00,1016.0,1001.8
2023-03-21T17:00,11.6,0.70,85,9.2,10.9,0.70,0.00,0.00,53,100,100,97,2,3.3,170,139,8.0,8.3,1,0.00,1015.5,1001.2
2023-03-21T18:00,11.3,0.00,84,8.8,10.3,0.00,0.00,0.00,3,100,100,42,0,4.9,167,126,9.6,9.4,1,0.00,1015.4,1001.1
2023-03-21T19:00,10.4,0.00,84,7.8,8.7,0.00,0.00,0.00,3,100,100,96,0,7.4,183,151,16.2,15.1,0,0.00,1015.3,1001.0
2023-03-21T20:00,10.1,0.00,84,7.6,8.3,0.00,0.00,0.00,3,99,98,58,2,8.0,197,172,18.1,16.9,0,0.00,1015.5,1001.2
2023-03-21T21:00,8.5,0.00,88,6.7,6.8,0.00,0.00,0.00,0,4,0,4,0,5.8,213,180,15.9,16.9,0,0.00,1015.3,1000.9
2023-03-21T22:00,6.9,0.00,90,5.3,4.6,0.00,0.00,0.00,0,0,0,0,0,7.9,238,196,13.6,15.1,0,0.00,1015.7,1001.2
2023-03-21T23:00,7.8,0.00,88,6.0,5.8,0.00,0.00,0.00,0,3,0,3,0,6.8,235,205,18.1,15.5,0,0.00,1015.7,1001.3
2023-03-22T00:00,7.5,0.00,90,6.0,5.3,0.00,0.00,0.00,2,65,60,0,13,8.4,230,211,21.7,18.4,0,0.00,1015.9,1001.4
2023-03-22T01:00,7.8,0.00,88,5.9,5.6,0.00,0.00,0.00,3,100,100,0,100,7.5,223,197,19.4,18.0,0,0.00,1015.6,1001.1
2023-03-22T02:00,8.6,0.00,86,6.4,6.3,0.00,0.00,0.00,3,100,100,0,100,9.3,215,193,20.7,19.4,0,0.00,1015.1,1000.7
2023-03-22T03:00,8.9,0.10,88,7.0,6.7,0.10,0.00,0.00,51,100,100,12,80,9.2,213,191,19.8,19.4,0,0.00,1014.7,1000.3
2023-03-22T04:00,8.7,0.00,89,7.0,6.7,0.00,0.00,0.00,3,100,100,0,34,8.9,219,201,20.2,19.1,0,0.00,1014.5,1000.1
2023-03-22T05:00,7.8,0.00,91,6.4,5.7,0.00,0.00,0.00,3,99,99,0,5,8.1,220,201,20.7,18.7,0,0.00,1014.5,1000.1
2023-03-22T06:00,7.1,0.00,92,5.9,4.9,0.00,0.00,0.00,3,100,100,0,11,8.1,213,193,21.6,18.4,0,0.00,1014.4,999.9
2023-03-22T07:00,7.2,0.00,92,6.0,5.0,0.00,0.00,0.00,3,98,98,0,7,8.6,215,195,21.5,19.1,1,0.00,1014.7,1000.2
2023-03-22T08:00,8.5,0.00,92,7.3,6.2,0.00,0.00,0.00,3,93,93,0,6,10.5,211,184,20.5,21.6,1,3600.00,1014.9,1000.5
2023-03-22T09:00,10.2,0.00,88,8.3,8.5,0.00,0.00,0.00,3,99,98,0,9,8.6,208,195,15.5,21.6,1,3600.00,1014.7,1000.4
2023-03-22T10:00,12.2,0.00,81,9.0,10.4,0.00,0.00,0.00,3,87,86,0,3,10.5,207,202,15.3,25.9,1,3600.00,1014.4,1000.2
2023-03-22T11:00,14.4,0.00,70,8.9,12.1,0.00,0.00,0.00,3,97,97,0,2,13.7,208,207,19.7,31.7,1,3600.00,1013.4,999.3
2023-03-22T12:00,15.7,0.00,62,8.5,13.1,0.00,0.00,0.00,3,89,88,0,10,16.5,223,224,23.7,37.4,1,3600.00,1012.7,998.7
2023-03-22T13:00,16.0,0.00,58,7.6,12.5,0.00,0.00,0.00,3,100,90,0,68,19.7,236,235,28.3,39.6,1,3600.00,1012.7,998.7
2023-03-22T14:00,17.0,0.00,48,6.0,12.9,0.00,0.00,0.00,3,94,84,43,54,21.5,233,232,32.1,45.0,1,3600.00,1011.8,997.9
2023-03-22T15:00,17.8,0.00,44,5.3,13.6,0.00,0.00,0.00,3,100,100,19,0,20.9,235,234,31.8,47.5,1,3600.00,1010.9,997.0
2023-03-22T16:00,17.5,0.00,45,5.4,13.2,0.00,0.00,0.00,3,100,100,45,59,21.4,237,237,33.1,46.1,1,3600.00,1010.6,996.7
2023-03-22T17:00,16.3,0.00,53,6.8,13.6,0.00,0.00,0.00,3,100,100,80,1,12.9,243,243,23.8,44.6,1,2975.78,1010.5,996.5
2023-03-22T18:00,14.8,0.00,58,6.5,12.6,0.00,0.00,0.00,3,100,100,100,0,9.0,245,247,21.1,28.1,1,979.24,1011.0,997.0
2023-03-22T19:00,13.5,0.00,64,6.7,11.8,0.00,0.00,0.00,3,100,100,100,0,5.9,240,227,17.1,20.2,0,0.00,1011.2,997.1
2023-03-22T20:00,12.8,0.00,67,6.9,11.2,0.00,0.00,0.00,3,100,100,100,0,5.4,241,217,16.1,14.0,0,0.00,1011.2,997.1
2023-03-22T21:00,12.7,0.00,66,6.6,10.8,0.00,0.00,0.00,3,100,100,100,0,6.5,217,180,16.2,14.8,0,0.00,1010.9,996.8
2023-03-22T22:00,12.4,0.00,68,6.7,10.2,0.00,0.00,0.00,3,100,100,100,0,9.0,204,185,20.5,19.4,0,0.00,1011.3,997.1
2023-03-22T23:00,12.2,0.00,70,6.9,9.6,0.00,0.00,0.00,3,100,100,100,0,12.4,204,188,26.0,24.5,0,0.00,1011.3,997.1
2023-03-23T00:00,12.1,0.00,71,7.0,9.3,0.00,0.00,0.00,3,100,100,100,11,13.5,202,196,27.6,30.2,0,0.00,1011.1,996.9
2023-03-23T01:00,12.8,0.00,70,7.5,10.2,0.00,0.00,0.00,3,100,100,100,1,13.4,211,204,25.2,28.8,0,0.00,1010.4,996.3
2023-03-23T02:00,12.7,0.00,71,7.6,10.2,0.00,0.00,0.00,3,100,100,86,0,12.8,198,191,25.0,28.4,0,0.00,1009.7,995.6
2023-03-23T03:00,12.7,0.00,71,7.6,10.1,0.00,0.00,0.00,3,99,80,97,0,13.5,213,209,26.6,29.5,0,0.00,1009.2,995.1
2023-03-23T04:00,12.3,0.00,72,7.4,10.0,0.00,0.00,0.00,3,100,100,100,2,11.1,218,216,24.1,29.5,0,0.00,1008.7,994.6
2023-03-23T05:00,12.3,0.00,73,7.5,9.8,0.00,0.00,0.00,3,100,85,100,7,12.2,229,227,25.3,27.4,0,0.00,1008.9,994.8
2023-03-23T06:00,12.3,0.00,73,7.6,9.6,0.00,0.00,0.00,3,100,100,100,100,14.0,229,226,27.3,30.2,0,0.00,1009.2,995.1
2023-03-23T07:00,12.2,0.20,76,8.0,9.7,0.20,0.00,0.00,51,100,100,100,59,13.2,227,223,25.5,30.2,1,0.00,1009.4,995.3
2023-03-23T08:00,12.0,0.10,79,8.5,9.6,0.10,0.00,0.00,51,100,72,100,100,13.6,226,217,25.5,28.8,1,0.00,1010.0,995.8
2023-03-23T09:00,11.6,1.00,88,9.6,9.4,1.00,0.00,0.00,55,100,100,100,100,14.0,228,222,26.8,31.7,1,0.00,1010.7,996.5
2023-03-23T10:00,11.5,0.90,90,10.0,9.6,0.90,0.00,0.00,53,100,100,100,54,13.4,218,211,25.1,30.2,1,0.00,1011.3,997.1
2023-03-23T11:00,11.7,0.50,91,10.2,9.7,0.50,0.00,0.00,53,100,100,100,40,14.2,221,216,25.3,29.9,1,0.00,1011.6,997.4
2023-03-23T12:00,11.9,0.30,90,10.4,10.0,0.30,0.00,0.00,51,100,100,100,100,14.3,228,223,24.7,30.2,1,0.00,1011.8,997.6
2023-03-23T13:00,13.1,0.10,87,11.0,10.9,0.10,0.00,0.00,51,100,100,100,100,16.6,221,219,27.3,31.3,1,0.00,1011.7,997.6
2023-03-23T14:00,13.2,0.10,86,10.9,11.3,0.10,0.00,0.00,51,100,100,100,100,15.3,226,223,25.7,36.0,1,0.00,1011.2,997.1
2023-03-23T15:00,13.9,0.00,80,10.5,12.2,0.00,0.00,0.00,3,100,100,100,16,12.3,222,218,20.4,33.5,1,0.00,1010.4,996.3
2023-03-23T16:00,14.3,0.00,78,10.5,12.9,0.00,0.00,0.00,3,100,100,100,45,11.0,228,229,18.4,31.3,1,0.00,1010.3,996.2
2023-03-23T17:00,13.9,0.00,80,10.5,12.9,0.00,0.00,0.00,3,100,100,100,76,7.7,215,208,16.8,23.8,1,0.00,1010.0,995.9
2023-03-23T18:00,14.2,0.00,75,9.9,12.3,0.00,0.00,0.00,3,100,100,100,31,12.9,211,203,24.7,26.3,1,0.00,1009.8,995.8
2023-03-23T19:00,13.8,0.00,73,9.1,11.6,0.00,0.00,0.00,3,100,100,27,6,13.5,215,209,26.7,30.6,0,0.00,1009.5,995.4
2023-03-23T20:00,12.9,0.00,75,8.6,10.8,0.00,0.00,0.00,3,100,100,98,12,11.8,211,203,25.7,29.2,0,0.00,1009.9,995.8
2023-03-23T21:00,12.4,0.00,76,8.3,10.5,0.00,0.00,0.00,3,100,99,100,5,9.3,207,196,22.7,25.6,0,0.00,1009.8,995.7
2023-03-23T22:00,12.9,0.00,71,7.9,10.7,0.00,0.00,0.00,3,100,98,100,3,11.3,199,187,24.4,23.8,0,0.00,1009.4,995.3
2023-03-23T23:00,13.3,0.00,65,6.9,10.6,0.00,0.00,0.00,3,100,100,100,1,13.0,202,194,26.8,28.4,0,0.00,1009.0,994.9
2023-03-24T00:00,12.9,0.00,66,6.6,10.4,0.00,0.00,0.00,3,100,100,100,4,11.0,202,191,24.1,28.1,0,0.00,1008.3,994.2
2023-03-24T01:00,11.9,0.00,84,9.4,10.4,0.00,0.00,0.00,3,100,100,100,7,8.9,157,133,18.1,24.8,0,0.00,1007.4,993.3
2023-03-24T02:00,12.2,0.10,86,9.9,10.6,0.10,0.00,0.00,51,100,100,74,50,10.5,177,149,20.9,21.6,0,0.00,1006.8,992.7
2023-03-24T03:00,12.1,0.10,84,9.5,10.7,0.10,0.00,0.00,51,100,100,99,25,8.2,187,157,18.8,22.7,0,0.00,1006.1,992.0
2023-03-24T04:00,11.9,0.10,83,9.1,10.4,0.10,0.00,0.00,51,100,99,90,14,8.2,190,157,19.8,21.2,0,0.00,1005.5,991.4
2023-03-24T05:00,11.9,0.10,84,9.2,10.0,0.10,0.00,0.00,51,100,100,100,17,11.4,224,208,24.7,24.8,0,0.00,1005.9,991.8
2023-03-24T06:00,12.0,0.10,85,9.6,9.5,0.10,0.00,0.00,51,100,99,100,100,16.6,221,214,30.9,34.9,0,0.00,1006.2,992.1
2023-03-24T07:00,11.8,0.60,90,10.2,9.3,0.60,0.00,0.00,53,100,100,100,22,17.6,219,211,32.3,38.9,1,0.00,1006.5,992.4
2023-03-24T08:00,12.1,0.30,89,10.3,9.9,0.30,0.00,0.00,51,100,100,100,36,15.6,223,218,28.5,37.8,1,0.00,1007.1,993.0
2023-03-24T09:00,12.8,0.00,86,10.6,10.9,0.00,0.00,0.00,3,100,100,61,28,14.1,223,218,25.0,33.5,1,0.00,1007.1,993.0
2023-03-24T10:00,13.8,0.10,81,10.5,11.0,0.10,0.00,0.00,51,100,100,95,100,20.4,227,225,32.9,47.2,1,0.00,1007.5,993.5
2023-03-24T11:00,13.8,0.40,79,10.3,10.9,0.40,0.00,0.00,51,100,100,81,37,20.0,221,219,31.9,47.5,1,0.00,1007.6,993.6
2023-03-24T12:00,12.5,2.50,90,11.0,9.6,2.50,0.00,0.00,63,100,99,100,100,22.0,238,238,35.8,56.2,1,0.00,1008.0,993.9
2023-03-24T13:00,13.5,0.60,75,9.2,10.4,0.60,0.00,0.00,53,100,100,100,100,19.8,267,267,29.9,49.3,1,0.00,1008.4,994.3
2023-03-24T14:00,14.0,0.00,70,8.6,11.0,0.00,0.00,0.00,3,97,94,11,46,17.4,253,252,25.3,40.7,1,193.97,1007.9,993.9
2023-03-24T15:00,14.8,0.10,66,8.5,11.9,0.10,0.00,0.00,51,100,100,26,18,17.3,246,247,25.1,41.4,1,3600.00,1007.4,993.4
2023-03-24T16:00,15.0,0.00,63,7.9,11.5,0.00,0.00,0.00,3,97,96,17,9,19.8,244,243,29.9,47.2,1,3600.00,1007.6,993.6
2023-03-24T17:00,14.2,0.00,64,7.5,10.8,0.00,0.00,0.00,3,96,96,2,2,18.6,240,238,29.8,46.1,1,3600.00,1007.4,993.4
2023-03-24T18:00,13.4,0.00,64,6.7,10.2,0.00,0.00,0.00,1,20,17,4,0,16.1,239,236,29.1,38.5,1,3600.00,1007.6,993.5
2023-03-24T19:00,12.2,0.00,63,5.4,8.9,0.00,0.00,0.00,0,5,0,5,0,14.7,242,239,28.7,34.6,0,109.95,1008.3,994.2
2023-03-24T20:00,11.1,0.00,67,5.2,8.1,0.00,0.00,0.00,0,6,0,3,5,12.0,227,219,26.0,31.0,0,0.00,1009.0,994.8
2023-03-24T21:00,10.5,0.00,75,6.4,7.3,0.00,0.00,0.00,0,14,0,11,10,15.6,209,203,30.5,32.4,0,0.00,1009.3,995.1
2023-03-24T22:00,10.0,0.00,79,6.5,6.2,0.00,0.00,0.00,1,35,0,28,13,20.0,221,218,35.2,42.1,0,0.00,1009.8,995.5
2023-03-24T23:00,9.6,0.60,82,6.7,6.2,0.60,0.00,0.00,53,69,0,50,50,17.4,234,232,31.2,44.3,0,0.00,1010.0,995.7
2023-03-25T00:00,9.3,0.30,84,6.7,5.3,0.30,0.00,0.00,51,100,0,97,99,21.1,230,227,36.3,44.3,0,0.00,1010.2,995.9
2023-03-25T01:00,8.8,0.00,88,6.9,5.4,0.00,0.00,0.00,2,54,35,12,38,17.9,216,214,32.5,44.3,0,0.00,1010.1,995.8
2023-03-25T02:00,8.6,0.10,88,6.8,4.7,0.10,0.00,0.00,51,39,5,20,22,20.7,223,220,36.2,43.2,0,0.00,1010.0,995.7
2023-03-25T03:00,8.2,0.50,88,6.3,4.2,0.50,0.00,0.00,53,100,100,100,29,21.1,227,224,36.7,43.6,0,0.00,1010.1,995.8
2023-03-25T04:00,8.0,0.50,86,5.8,3.4,0.50,0.00,0.00,53,100,100,44,100,24.7,229,227,41.3,50.0,0,0.00,1009.9,995.5
2023-03-25T05:00,8.1,0.50,85,5.8,3.1,0.50,0.00,0.00,53,99,93,80,76,26.7,234,233,43.0,56.5,0,0.00,1010.2,995.8
2023-03-25T06:00,7.5,2.30,89,5.8,3.3,2.30,0.00,0.00,61,100,24,90,100,21.9,235,234,36.7,55.1,0,0.00,1010.5,996.1
2023-03-25T07:00,7.8,0.10,88,6.0,3.5,0.10,0.00,0.00,51,100,0,22,100,22.2,235,234,36.7,53.3,1,0.00,1010.8,996.4
2023-03-25T08:00,7.6,0.70,89,5.8,3.1,0.70,0.00,0.00,53,61,0,20,56,23.8,237,238,38.0,51.5,1,289.00,1011.0,996.6
2023-03-25T09:00,8.5,0.10,83,5.8,3.8,0.10,0.00,0.00,51,82,2,35,77,25.1,232,231,40.0,58.7,1,2562.50,1011.0,996.7
2023-03-25T10:00,9.4,0.20,83,6.6,5.3,0.20,0.00,0.00,51,100,6,57,100,22.2,228,227,33.7,55.4,1,3600.00,1010.9,996.6
2023-03-25T11:00,9.2,0.90,83,6.5,4.9,0.90,0.00,0.00,53,100,62,100,100,23.0,229,229,34.4,62.3,1,1337.28,1011.0,996.7
2023-03-25T12:00,8.7,0.90,83,5.9,4.0,0.90,0.00,0.00,53,86,39,64,60,25.2,232,233,37.7,63.7,1,2820.13,1011.4,997.1
2023-03-25T13:00,10.9,0.20,75,6.6,6.7,0.20,0.00,0.00,51,54,18,21,46,22.7,245,243,33.8,55.1,1,3600.00,1011.0,996.8
2023-03-25T14:00,12.0,0.00,59,4.3,7.5,0.00,0.00,0.00,1,46,1,38,25,21.9,247,247,31.6,54.7,1,3600.00,1010.6,996.4
2023-03-25T15:00,12.9,0.00,56,4.3,8.2,0.00,0.00,0.00,1,41,1,25,25,22.5,250,248,33.4,54.4,1,3600.00,1010.3,996.2
2023-03-25T16:00,13.2,0.00,50,2.9,8.1,0.00,0.00,0.00,0,12,0,1,12,23.2,248,246,35.0,53.6,1,3600.00,1010.2,996.1
2023-03-25T17:00,12.6,0.30,53,3.3,7.9,0.30,0.00,0.00,51,32,0,27,14,21.4,247,245,34.5,53.6,1,3600.00,1010.2,996.1
2023-03-25T18:00,11.4,0.10,56,3.0,6.8,0.10,0.00,0.00,51,31,0,23,11,20.3,247,245,34.8,47.5,1,3600.00,1010.5,996.3
2023-03-25T19:00,10.5,0.10,59,2.8,6.2,0.10,0.00,0.00,51,61,46,15,21,18.1,244,239,31.7,42.5,0,0.00,1011.5,997.2
2023-03-25T20:00,9.0,0.30,72,4.1,5.3,0.30,0.00,0.00,51,100,100,78,31,15.4,239,237,28.6,41.8,0,0.00,1012.3,998.0
2023-03-25T21:00,9.2,1.10,76,5.1,5.4,1.10,0.00,0.00,55,100,100,24,18,17.4,236,232,30.9,42.8,0,0.00,1012.6,998.3
2023-03-25T22:00,8.1,1.60,85,5.6,4.8,1.60,0.00,0.00,61,100,100,49,31,14.6,234,232,26.8,42.1,0,0.00,1012.9,998.5
2023-03-25T23:00,7.8,0.30,84,5.3,4.3,0.30,0.00,0.00,51,100,99,67,100,16.0,236,234,28.6,38.9,0,0.00,1012.9,998.5
2023-03-26T00:00,7.5,1.40,86,5.4,4.5,1.40,0.00,0.00,61,99,99,13,22,13.0,230,226,25.8,37.8,0,0.00,1012.6,998.2
2023-03-26T01:00,7.1,0.00,89,5.4,3.8,0.00,0.00,0.00,3,86,0,49,2,15.0,219,215,28.4,32.0,0,0.00,1012.3,997.9
2023-03-26T02:00,6.7,0.00,92,5.5,3.7,0.00,0.00,0.00,1,39,27,11,6,13.0,224,219,26.5,30.6,0,0.00,1012.2,997.7
2023-03-26T03:00,6.3,0.00,93,5.3,3.6,0.00,0.00,0.00,3,94,90,35,11,10.5,224,218,24.7,27.4,0,0.00,1011.3,996.8
2023-03-26T04:00,6.1,0.00,94,5.1,3.8,0.00,0.00,0.00,3,100,99,100,5,7.2,228,217,20.4,23.0,0,0.00,1010.3,995.8
2023-03-26T05:00,6.7,0.00,93,5.6,4.8,0.00,0.00,0.00,3,100,100,100,0,5.1,219,188,14.8,16.9,0,0.00,1009.5,995.1
2023-03-26T06:00,6.6,0.20,93,5.6,4.6,0.20,0.00,0.00,51,100,100,100,11,6.4,190,153,14.6,13.3,0,0.00,1008.8,994.4
2023-03-26T07:00,6.9,0.10,93,5.8,4.6,0.10,0.00,0.00,51,100,100,100,0,8.2,158,128,15.5,16.2,1,0.00,1007.4,993.0
2023-03-26T08:00,7.3,0.20,91,5.9,4.8,0.20,0.00,0.00,51,100,90,100,59,9.8,140,126,19.2,19.4,1,0.00,1006.6,992.3
2023-03-26T09:00,7.6,1.20,91,6.2,5.1,1.20,0.00,0.00,55,100,4,100,100,10.3,157,144,20.3,21.6,1,0.00,1006.0,991.7
2023-03-26T10:00,8.2,1.80,89,6.4,5.6,1.80,0.00,0.00,61,100,0,94,100,11.1,165,151,21.2,22.3,1,0.00,1005.3,991.0
2023-03-26T11:00,9.0,0.40,86,6.7,5.7,0.40,0.00,0.00,51,99,1,20,99,16.4,203,199,26.1,38.2,1,0.00,1005.0,990.8
2023-03-26T12:00,11.0,0.10,77,7.0,7.4,0.10,0.00,0.00,51,100,13,16,100,19.1,230,227,27.6,49.3,1,2920.11,1004.3,990.2
2023-03-26T13:00,12.4,0.10,61,5.2,8.3,0.10,0.00,0.00,51,42,35,39,21,19.8,238,237,28.2,50.0,1,855.72,1004.1,990.0
2023-03-26T14:00,13.6,0.00,53,4.2,9.5,0.00,0.00,0.00,2,55,17,46,22,20.6,238,237,29.8,48.6,1,3600.00,1003.3,989.3
2023-03-26T15:00,13.3,0.20,53,4.0,8.4,0.20,0.00,0.00,51,100,99,95,10,23.5,243,245,33.8,47.9,1,3600.00,1002.6,988.6
2023-03-26T16:00,9.2,1.40,79,5.7,5.4,1.40,0.00,0.00,61,100,100,98,5,18.6,228,224,29.1,52.6,1,0.00,1004.0,989.8
2023-03-26T17:00,9.0,0.20,84,6.4,5.6,0.20,0.00,0.00,51,100,100,57,21,16.9,222,218,27.5,38.5,1,0.00,1003.8,989.6
2023-03-26T18:00,8.6,0.00,85,6.2,5.1,0.00,0.00,0.00,1,38,22,6,18,17.8,228,225,30.3,39.6,1,1483.96,1003.5,989.3
2023-03-26T19:00,7.7,0.30,87,5.8,4.3,0.30,0.00,0.00,51,99,94,70,43,16.5,240,238,29.8,38.5,0,22.88,1003.9,989.6
2023-03-26T20:00,7.4,0.20,87,5.4,4.3,0.20,0.00,0.00,51,59,6,37,49,13.8,239,237,25.7,33.8,0,0.00,1004.2,989.9
2023-03-26T21:00,6.9,0.70,90,5.4,3.7,0.70,0.00,0.00,53,100,97,100,100,14.0,255,252,25.7,30.2,0,0.00,1004.3,990.0
2023-03-26T22:00,7.0,0.90,91,5.7,3.8,0.90,0.00,0.00,53,100,0,100,100,14.8,272,269,25.6,31.3,0,0.00,1004.5,990.2
2023-03-26T23:00,6.9,0.50,92,5.7,3.7,0.50,0.00,0.00,53,100,0,98,100,14.3,299,295,24.7,29.9,0,0.00,1005.2,990.9
2023-03-27T00:00,6.6,0.30,93,5.5,2.5,0.30,0.00,0.00,51,100,31,100,100,20.3,335,330,33.5,40.3,0,0.00,1006.4,992.0
2023-03-27T01:00,6.4,0.40,91,5.1,2.1,0.40,0.00,0.00,51,100,70,100,99,21.2,345,342,35.0,43.2,0,0.00,1007.7,993.3
2023-03-27T02:00,6.1,0.10,90,4.5,1.8,0.10,0.00,0.00,51,100,0,100,100,20.0,340,337,33.0,43.9,0,0.00,1009.1,994.7
2023-03-27T03:00,5.0,0.40,88,3.1,0.2,0.40,0.00,0.00,51,100,33,90,100,21.9,339,337,34.6,45.7,0,0.00,1010.7,996.2
2023-03-27T04:00,4.2,0.00,86,2.0,-0.7,0.00,0.00,0.00,3,99,0,38,98,20.9,331,328,33.7,44.6,0,0.00,1012.1,997.5
2023-03-27T05:00,3.1,0.00,81,0.1,-2.1,0.00,0.00,0.00,1,37,36,0,1,20.6,334,331,33.6,43.2,0,0.00,1013.7,999.0
2023-03-27T06:00,1.7,0.00,80,-1.3,-3.1,0.00,0.00,0.00,0,7,7,0,0,16.8,334,329,29.3,42.1,0,0.00,1015.4,1000.6
2023-03-27T07:00,1.5,0.00,81,-1.4,-2.9,0.00,0.00,0.00,2,58,0,58,0,13.8,332,327,24.8,34.6,1,189.68,1017.1,1002.3
2023-03-27T08:00,2.5,0.00,78,-1.0,-1.7,0.00,0.00,0.00,2,56,0,56,0,12.8,327,322,19.8,29.5,1,3600.00,1018.5,1003.7
2023-03-27T09:00,3.7,0.00,73,-0.7,-0.6,0.00,0.00,0.00,0,0,0,0,0,13.7,327,325,19.8,31.3,1,3600.00,1019.3,1004.6
2023-03-27T10:00,5.3,0.00,61,-1.6,0.7,0.00,0.00,0.00,1,30,0,21,18,15.3,336,336,21.3,35.6,1,3600.00,1019.8,1005.2
2023-03-27T11:00,6.1,0.10,54,-2.5,1.1,0.10,0.00,0.00,51,75,0,73,18,16.8,325,325,23.0,37.1,1,3600.00,1020.3,1005.7
2023-03-27T12:00,7.0,0.00,60,-0.2,2.4,0.00,0.00,0.00,1,31,0,22,11,16.6,312,311,23.2,41.4,1,3600.00,1020.5,1005.9
2023-03-27T13:00,7.5,0.10,56,-0.8,3.2,0.10,0.00,0.00,51,91,0,22,49,15.1,311,308,20.4,42.8,1,3600.00,1021.3,1006.8
2023-03-27T14:00,7.9,0.00,51,-1.5,3.2,0.00,0.00,0.00,3,81,0,29,77,16.6,305,304,23.0,37.8,1,3600.00,1021.4,1006.9
2023-03-27T15:00,7.3,0.20,51,-2.2,2.2,0.20,0.00,0.00,51,29,0,27,4,17.8,311,312,25.0,41.4,1,3600.00,1021.8,1007.2
2023-03-27T16:00,7.6,0.00,53,-1.4,2.8,0.00,0.00,0.00,1,22,0,15,9,16.9,309,308,24.1,41.4,1,3600.00,1021.9,1007.3
2023-03-27T17:00,6.6,0.10,54,-1.9,1.6,0.10,0.00,0.00,51,22,0,19,16,17.9,310,308,26.6,40.3,1,3600.00,1022.3,1007.7
2023-03-27T18:00,6.2,0.00,58,-1.4,1.7,0.00,0.00,0.00,1,32,0,26,21,14.4,308,307,24.3,38.2,1,3600.00,1022.6,1008.0
2023-03-27T19:00,5.0,0.00,62,-1.7,1.0,0.00,0.00,0.00,0,17,0,14,11,11.2,314,310,22.7,29.5,0,193.82,1023.5,1008.8
2023-03-27T20:00,4.0,0.00,65,-1.9,-0.1,0.00,0.00,0.00,1,24,0,23,0,12.0,314,311,24.7,24.8,0,0.00,1024.1,1009.3
2023-03-27T21:00,3.3,0.00,69,-1.8,-0.9,0.00,0.00,0.00,0,1,0,0,1,12.0,319,316,24.8,26.6,0,0.00,1024.7,1009.9
2023-03-27T22:00,2.6,0.00,75,-1.5,-1.4,0.00,0.00,0.00,0,13,0,3,10,11.2,314,312,23.9,25.6,0,0.00,1025.4,1010.5
2023-03-27T23:00,1.9,0.00,80,-1.3,-1.9,0.00,0.00,0.00,0,1,0,0,1,9.7,314,312,21.9,23.8,0,0.00,1025.9,1011.0
2023-03-28T00:00,1.2,0.00,83,-1.3,-2.4,0.00,0.00,0.00,0,1,0,0,1,8.3,308,304,20.5,20.5,0,0.00,1026.6,1011.6
2023-03-28T01:00,0.8,0.00,86,-1.3,-2.6,0.00,0.00,0.00,0,3,0,0,0,7.1,301,300,20.2,18.4,0,0.00,1027.2,1012.2
2023-03-28T02:00,0.6,0.00,86,-1.4,-2.7,0.00,0.00,0.00,0,0,0,0,0,6.9,307,309,19.0,16.6,0,0.00,1027.5,1012.5
2023-03-28T03:00,0.1,0.00,87,-1.8,-3.3,0.00,0.00,0.00,0,0,0,0,0,6.4,313,317,17.6,15.5,0,0.00,1027.8,1012.8
2023-03-28T04:00,-0.8,0.00,89,-2.4,-4.0,0.00,0.00,0.00,0,0,0,0,0,5.3,321,332,14.8,14.0,0,0.00,1027.8,1012.7
2023-03-28T05:00,-1.5,0.00,89,-3.2,-5.1,0.00,0.00,0.00,0,0,0,0,0,6.8,318,328,11.2,12.6,0,0.00,1027.8,1012.7
2023-03-28T06:00,-0.9,0.00,87,-2.8,-4.3,0.00,0.00,0.00,0,0,0,0,0,6.0,306,295,10.3,11.5,0,0.00,1028.5,1013.4
2023-03-28T07:00,-0.7,0.00,92,-1.8,-3.7,0.00,0.00,0.00,0,0,0,0,0,4.0,289,243,6.5,10.4,1,460.88,1029.1,1014.0
2023-03-28T08:00,1.7,0.00,84,-0.7,-1.0,0.00,0.00,0.00,1,47,47,0,0,3.5,202,204,3.9,10.8,1,3600.00,1029.5,1014.5
2023-03-28T09:00,3.3,0.00,78,-0.2,0.7,0.00,0.00,0.00,3,84,84,0,0,3.4,204,212,4.3,13.3,1,3600.00,1029.6,1014.7
2023-03-28T10:00,4.8,0.00,70,-0.3,2.0,0.00,0.00,0.00,3,100,100,0,0,4.3,220,222,5.6,16.2,1,3600.00,1029.6,1014.8
2023-03-28T11:00,6.2,0.00,57,-1.8,2.8,0.00,0.00,0.00,3,98,80,78,48,7.0,247,249,9.0,19.8,1,3600.00,1029.2,1014.5
2023-03-28T12:00,7.2,0.00,51,-2.3,3.7,0.00,0.00,0.00,3,97,92,17,61,8.2,240,241,10.8,23.0,1,3600.00,1028.7,1014.0
2023-03-28T13:00,7.7,0.00,52,-1.7,4.5,0.00,0.00,0.00,3,99,100,82,90,7.9,225,227,10.2,23.0,1,3600.00,1028.5,1013.9
2023-03-28T14:00,8.3,0.00,49,-1.8,4.7,0.00,0.00,0.00,3,100,100,98,29,8.1,214,212,10.4,22.0,1,3600.00,1027.8,1013.2
2023-03-28T15:00,8.4,0.00,47,-2.4,4.7,0.00,0.00,0.00,3,100,100,95,0,8.3,186,185,10.9,21.6,1,3600.00,1026.8,1012.2
2023-03-28T16:00,8.8,0.00,45,-2.5,5.1,0.00,0.00,0.00,2,76,25,75,0,7.9,182,180,10.8,22.0,1,3600.00,1025.9,1011.4
2023-03-28T17:00,8.7,0.00,47,-1.9,5.3,0.00,0.00,0.00,1,48,22,35,0,6.9,174,174,10.1,19.8,1,3600.00,1024.9,1010.4
2023-03-28T18:00,7.4,0.00,64,0.9,4.8,0.00,0.00,0.00,3,100,100,95,0,4.0,163,153,10.1,16.2,1,3600.00,1024.2,1009.6
2023-03-28T19:00,5.8,0.00,62,-0.9,2.6,0.00,0.00,0.00,3,100,100,100,0,6.2,148,126,14.1,11.9,0,0.00,1023.4,1008.7
2023-03-28T20:00,6.0,0.00,58,-1.7,2.5,0.00,0.00,0.00,3,100,100,100,0,7.6,125,109,16.8,14.8,0,0.00,1023.3,1008.6
2023-03-28T21:00,5.8,0.00,56,-2.3,2.3,0.00,0.00,0.00,3,100,100,100,0,7.1,121,105,16.8,14.8,0,0.00,1023.0,1008.3
2023-03-28T22:00,5.5,0.10,61,-1.4,2.4,0.10,0.00,0.00,51,100,100,100,0,5.1,134,94,10.9,14.0,0,0.00,1023.2,1008.5
2023-03-28T23:00,5.5,0.30,66,-0.3,1.9,0.30,0.00,0.00,51,100,100,100,0,9.6,140,110,14.1,17.3,0,0.00,1022.3,1007.6
2023-03-29T00:00,5.3,0.50,76,1.4,2.0,0.50,0.00,0.00,53,100,60,100,17,9.1,144,108,13.4,17.6,0,0.00,1022.4,1007.7
2023-03-29T01:00,4.7,0.30,84,2.3,1.4,0.30,0.00,0.00,51,100,0,100,0,10.2,124,100,16.1,19.4,0,0.00,1021.5,1006.8
2023-03-29T02:00,5.0,0.00,82,2.3,1.6,0.00,0.00,0.00,2,76,0,76,0,11.5,135,122,22.9,22.0,0,0.00,1020.8,1006.1
2023-03-29T03:00,4.8,0.00,84,2.3,1.5,0.00,0.00,0.00,3,84,77,29,0,10.6,134,118,21.4,22.3,0,0.00,1020.2,1005.5
2023-03-29T04:00,3.8,0.00,88,2.0,0.9,0.00,0.00,0.00,3,83,61,56,0,7.9,151,120,18.5,20.2,0,0.00,1019.7,1005.0
2023-03-29T05:00,4.1,0.00,87,2.2,1.4,0.00,0.00,0.00,3,87,82,28,18,6.1,191,140,15.0,15.1,0,0.00,1019.3,1004.6
2023-03-29T06:00,3.7,0.00,87,1.8,0.9,0.00,0.00,0.00,3,100,100,60,23,6.1,217,180,17.2,13.3,0,0.00,1019.3,1004.6
2023-03-29T07:00,5.1,0.00,86,3.0,2.5,0.00,0.00,0.00,3,100,100,100,99,6.2,224,187,17.1,13.7,1,0.00,1019.5,1004.9
2023-03-29T08:00,6.5,0.00,85,4.2,3.9,0.00,0.00,0.00,3,100,100,97,100,8.7,211,185,16.8,17.6,1,0.00,1019.5,1004.9
2023-03-29T09:00,8.1,0.00,83,5.4,5.8,0.00,0.00,0.00,3,100,100,92,100,7.7,213,191,16.7,18.7,1,0.00,1020.0,1005.5
2023-03-29T10:00,9.9,0.00,76,5.9,7.6,0.00,0.00,0.00,3,87,37,70,47,8.6,203,195,12.9,21.6,1,1248.21,1019.8,1005.4
2023-03-29T11:00,11.9,0.00,69,6.3,9.4,0.00,0.00,0.00,3,100,69,100,45,10.5,207,202,14.5,25.6,1,3600.00,1019.2,1004.9
2023-03-29T12:00,13.1,0.00,62,6.0,10.0,0.00,0.00,0.00,3,100,0,99,100,14.0,215,215,19.9,32.0,1,3600.00,1018.8,1004.6
2023-03-29T13:00,13.5,0.00,58,5.5,11.4,0.00,0.00,0.00,2,65,95,84,100,6.8,189,183,9.5,32.4,1,2703.54,1018.4,1004.2
2023-03-29T14:00,15.0,0.00,55,6.1,12.9,0.00,0.00,0.00,3,100,100,82,100,7.1,207,204,10.1,19.1,1,3600.00,1017.7,1003.6
2023-03-29T15:00,15.8,0.00,58,7.5,13.1,0.00,0.00,0.00,3,100,100,44,100,13.5,228,228,19.4,27.7,1,1414.60,1017.0,1002.9
2023-03-29T16:00,15.3,0.00,55,6.4,12.2,0.00,0.00,0.00,3,100,100,100,40,15.2,214,211,22.6,33.8,1,1236.28,1016.7,1002.6
2023-03-29T17:00,13.4,1.20,73,8.6,11.8,1.20,0.00,0.00,55,100,100,86,100,8.7,213,204,16.4,32.4,1,0.00,1016.5,1002.3
2023-03-29T18:00,12.8,0.00,78,9.1,11.6,0.00,0.00,0.00,3,100,100,98,4,6.1,184,140,11.5,18.0,1,0.00,1015.9,1001.7
2023-03-29T19:00,11.7,0.00,79,8.2,10.2,0.00,0.00,0.00,3,100,100,91,0,7.1,183,139,15.5,14.4,0,0.00,1015.5,1001.2
2023-03-29T20:00,11.7,0.00,78,8.0,10.1,0.00,0.00,0.00,3,100,100,100,0,7.6,172,121,12.4,15.1,0,0.00,1015.2,1001.0
2023-03-29T21:00,11.8,0.00,78,8.0,9.7,0.00,0.00,0.00,3,100,100,100,0,10.7,155,123,19.5,20.2,0,0.00,1014.6,1000.4
2023-03-29T22:00,11.0,0.00,81,7.9,9.0,0.00,0.00,0.00,3,100,100,96,0,9.9,170,134,20.5,20.2,0,0.00,1014.2,999.9
2023-03-29T23:00,10.7,0.00,79,7.3,8.7,0.00,0.00,0.00,3,100,100,9,0,9.2,193,149,21.4,20.2,0,0.00,1013.9,999.6
2023-03-30T00:00,11.0,0.00,72,6.2,8.2,0.00,0.00,0.00,3,100,100,96,0,12.2,220,199,28.6,25.9,0,0.00,1013.7,999.4
2023-03-30T01:00,12.2,0.00,81,9.1,11.1,0.00,0.00,0.00,3,100,100,100,0,6.2,204,187,18.5,33.8,0,0.00,1013.7,999.5
2023-03-30T02:00,12.3,0.10,81,9.2,10.9,0.10,0.00,0.00,51,99,96,70,0,8.1,186,159,19.2,27.4,0,0.00,1012.5,998.3
2023-03-30T03:00,11.3,0.10,83,8.5,9.9,0.10,0.00,0.00,51,100,100,100,0,6.3,203,167,16.5,16.9,0,0.00,1012.8,998.6
2023-03-30T04:00,12.4,0.00,82,9.4,10.2,0.00,0.00,0.00,3,100,97,100,0,14.3,191,170,27.5,29.5,0,0.00,1011.8,997.6
2023-03-30T05:00,11.4,0.00,88,9.5,10.4,0.00,0.00,0.00,3,100,100,28,0,5.8,235,248,18.1,28.8,0,0.00,1011.6,997.4
2023-03-30T06:00,10.7,0.00,89,8.9,9.4,0.00,0.00,0.00,3,100,100,87,13,6.8,232,205,19.5,17.6,0,0.00,1011.2,997.0
2023-03-30T07:00,11.1,2.00,91,9.8,9.9,2.00,0.00,0.00,61,100,100,100,19,7.9,204,180,20.1,23.4,1,0.00,1012.0,997.8
2023-03-30T08:00,11.7,1.40,90,10.1,10.0,1.40,0.00,0.00,61,100,100,100,100,12.0,206,187,24.8,24.8,1,0.00,1012.1,997.9
2023-03-30T09:00,11.9,1.00,91,10.5,10.0,1.00,0.00,0.00,55,100,100,100,10,14.3,217,208,27.8,30.2,1,0.00,1012.0,997.8
2023-03-30T10:00,13.2,0.10,87,11.1,10.6,0.10,0.00,0.00,51,100,100,85,57,19.9,227,225,32.9,40.7,1,0.00,1012.3,998.2
2023-03-30T11:00,14.3,0.20,83,11.5,11.5,0.20,0.00,0.00,51,100,100,97,25,22.3,236,236,34.4,50.4,1,1098.50,1012.2,998.1
2023-03-30T12:00,14.4,0.40,81,11.1,11.1,0.40,0.00,0.00,51,100,98,98,34,24.8,240,240,37.4,58.0,1,553.77,1012.3,998.2
2023-03-30T13:00,14.6,0.10,85,12.1,12.0,0.10,0.00,0.00,51,29,95,17,12,22.4,227,228,33.9,60.5,1,3600.00,1012.5,998.4
2023-03-30T14:00,14.5,0.10,77,10.5,11.4,0.10,0.00,0.00,51,54,28,25,28,22.2,226,228,34.1,68.4,1,3600.00,1012.0,997.9
2023-03-30T15:00,15.7,0.10,67,9.6,12.5,0.10,0.00,0.00,51,76,69,21,7,21.3,234,233,31.7,58.0,1,3600.00,1011.8,997.8
2023-03-30T16:00,15.3,2.50,65,8.8,12.2,2.50,0.00,0.00,63,44,33,16,8,18.7,248,247,29.4,57.2,1,3600.00,1011.8,997.8
2023-03-30T17:00,15.4,0.00,59,7.5,11.7,0.00,0.00,0.00,3,86,85,5,5,20.7,250,250,33.4,48.2,1,3600.00,1011.9,997.9
2023-03-30T18:00,14.6,0.00,58,6.5,11.1,0.00,0.00,0.00,2,54,48,9,10,18.1,248,247,31.8,43.2,1,3600.00,1012.1,998.0
2023-03-30T19:00,13.3,0.00,61,5.9,9.9,0.00,0.00,0.00,0,12,0,12,2,16.1,243,241,30.4,37.8,0,294.22,1012.4,998.3
2023-03-30T20:00,12.5,0.00,65,6.2,9.1,0.00,0.00,0.00,1,35,0,33,14,16.3,244,242,30.8,35.6,0,0.00,1013.0,998.8
2023-03-30T21:00,11.5,0.00,72,6.7,8.8,0.00,0.00,0.00,2,71,67,6,11,12.7,229,223,26.0,34.2,0,0.00,1013.1,998.9
2023-03-30T22:00,10.0,0.30,85,7.7,7.9,0.30,0.00,0.00,51,100,100,14,16,10.3,219,209,24.1,32.8,0,0.00,1013.0,998.7
2023-03-30T23:00,10.5,0.30,84,7.8,7.5,0.30,0.00,0.00,51,100,100,72,26,16.6,225,221,31.3,34.2,0,0.00,1012.7,998.4
2023-03-31T00:00,10.2,0.00,84,7.7,7.9,0.00,0.00,0.00,3,100,100,88,14,11.4,223,215,24.2,34.9,0,0.00,1011.9,997.6
2023-03-31T01:00,10.5,0.10,84,7.9,8.3,0.10,0.00,0.00,51,100,100,83,13,11.1,226,216,24.7,32.4,0,0.00,1010.5,996.3
2023-03-31T02:00,10.4,0.00,83,7.7,8.3,0.00,0.00,0.00,3,100,99,91,2,10.4,233,224,23.1,27.4,0,0.00,1009.6,995.4
2023-03-31T03:00,10.3,0.00,82,7.3,7.6,0.00,0.00,0.00,3,100,100,100,3,13.6,222,212,27.8,28.4,0,0.00,1008.8,994.6
2023-03-31T04:00,10.6,0.20,80,7.3,8.2,0.20,0.00,0.00,51,100,100,76,0,11.4,208,198,22.4,30.6,0,0.00,1007.5,993.3
2023-03-31T05:00,9.9,0.00,85,7.5,7.9,0.00,0.00,0.00,3,100,97,100,39,9.4,194,180,20.4,23.4,0,0.00,1006.3,992.1
2023-03-31T06:00,9.9,0.00,86,7.6,7.9,0.00,0.00,0.00,3,100,100,100,1,9.2,175,159,20.6,20.2,0,0.00,1005.0,990.8
2023-03-31T07:00,9.9,1.10,88,8.1,7.8,1.10,0.00,0.00,55,100,100,100,7,11.2,199,180,22.9,24.5,1,0.00,1004.9,990.7
2023-03-31T08:00,10.0,0.90,89,8.2,7.2,0.90,0.00,0.00,53,100,1,100,10,15.5,162,152,28.3,31.3,1,0.00,1003.1,988.9
2023-03-31T09:00,10.3,0.40,91,8.9,7.2,0.40,0.00,0.00,51,100,72,65,100,18.8,220,216,31.4,43.6,1,0.00,1003.5,989.3
2023-03-31T10:00,11.6,0.20,86,9.4,8.3,0.20,0.00,0.00,51,52,33,9,26,21.4,226,224,34.9,50.4,1,597.09,1003.2,989.1
2023-03-31T11:00,12.7,0.30,76,8.7,8.7,0.30,0.00,0.00,51,100,100,77,61,24.8,241,242,36.9,61.9,1,3600.00,1002.6,988.6
2023-03-31T12:00,11.0,0.20,80,7.6,7.6,0.20,0.00,0.00,51,93,84,57,50,18.6,225,226,29.8,59.8,1,0.00,1002.4,988.3
2023-03-31T13:00,11.9,0.10,82,8.9,8.0,0.10,0.00,0.00,51,65,100,80,34,24.7,228,227,38.0,63.4,1,3452.24,1002.1,988.0
2023-03-31T14:00,12.1,0.20,76,8.0,7.7,0.20,0.00,0.00,51,100,99,55,37,26.8,231,230,40.7,65.9,1,1507.02,1001.5,987.5
2023-03-31T15:00,13.6,0.00,64,6.9,8.7,0.00,0.00,0.00,3,99,99,61,11,27.7,234,232,42.5,63.7,1,3600.00,1000.6,986.6
2023-03-31T16:00,14.0,0.00,59,6.0,9.0,0.00,0.00,0.00,3,91,86,71,12,27.0,243,243,41.1,66.2,1,3600.00,1000.5,986.6
2023-03-31T17:00,12.9,0.00,63,6.0,8.9,0.00,0.00,0.00,3,100,100,100,11,21.0,239,239,33.9,67.3,1,3600.00,1000.8,986.8
2023-03-31T18:00,11.9,0.10,66,5.8,7.7,0.10,0.00,0.00,51,100,100,100,26,21.4,227,225,35.4,58.3,1,0.00,1001.0,987.0
2023-03-31T19:00,11.2,0.00,69,5.7,7.2,0.00,0.00,0.00,3,100,100,100,32,20.1,228,226,33.9,44.6,0,0.00,1001.4,987.3
2023-03-31T20:00,10.5,1.80,77,6.6,6.5,1.80,0.00,0.00,61,100,100,100,26,20.9,229,228,36.5,49.3,0,0.00,1001.8,987.7
2023-03-31T21:00,10.1,0.50,78,6.4,6.3,0.50,0.00,0.00,53,100,99,99,43,20.1,226,224,34.9,43.6,0,0.00,1002.1,988.0
2023-03-31T22:00,9.7,0.70,81,6.6,5.8,0.70,0.00,0.00,53,99,52,96,61,20.7,225,221,35.4,43.9,0,0.00,1002.4,988.2
2023-03-31T23:00,9.4,0.00,83,6.6,5.6,0.00,0.00,0.00,3,82,52,11,59,20.4,227,224,35.1,43.2,0,0.00,1002.4,988.2
2023-04-01T00:00,9.4,0.00,81,6.3,5.4,0.00,0.00,0.00,2,72,31,17,55,21.1,226,223,35.9,43.9,0,0.00,1002.6,988.4
2023-04-01T01:00,9.7,0.00,74,5.3,5.1,0.00,0.00,0.00,3,93,100,100,26,23.9,229,226,40.8,44.3,0,0.00,1002.2,988.0
2023-04-01T02:00,9.7,0.00,74,5.4,4.9,0.00,0.00,0.00,3,96,93,31,37,25.2,230,228,41.7,52.9,0,0.00,1002.1,987.9
2023-04-01T03:00,9.4,0.00,76,5.4,4.6,0.00,0.00,0.00,3,94,69,14,81,25.0,230,227,41.4,54.4,0,0.00,1002.0,987.8
2023-04-01T04:00,9.1,0.10,78,5.4,4.4,0.10,0.00,0.00,51,82,65,15,47,24.2,227,224,39.5,52.2,0,0.00,1002.1,987.9
2023-04-01T05:00,8.9,0.30,79,5.5,4.7,0.30,0.00,0.00,51,100,98,31,100,21.2,225,222,34.4,50.4,0,0.00,1002.2,988.0
2023-04-01T06:00,8.7,0.40,81,5.6,4.4,0.40,0.00,0.00,51,100,70,86,100,22.1,220,217,36.3,46.8,0,0.00,1002.0,987.8
2023-04-01T07:00,8.5,0.40,84,6.0,4.3,0.40,0.00,0.00,51,100,76,100,100,21.8,222,219,35.4,47.9,1,0.00,1002.1,987.9
2023-04-01T08:00,8.3,0.40,88,6.4,3.9,0.40,0.00,0.00,51,100,100,98,100,23.7,225,222,38.4,52.2,1,0.00,1002.0,987.8
2023-04-01T09:00,8.3,1.10,90,6.7,3.9,1.10,0.00,0.00,55,100,100,99,100,23.8,222,219,37.7,51.5,1,0.00,1002.2,988.0
2023-04-01T10:00,8.3,2.40,93,7.2,3.7,2.40,0.00,0.00,61,100,97,100,100,26.5,227,226,41.3,53.6,1,0.00,1002.5,988.3
2023-04-01T11:00,8.8,0.70,92,7.5,4.8,0.70,0.00,0.00,53,100,100,100,100,22.9,227,225,37.2,53.3,1,0.00,1002.4,988.2
2023-04-01T12:00,9.4,0.20,90,7.8,5.4,0.20,0.00,0.00,51,100,99,100,100,23.2,229,227,37.0,48.2,1,0.00,1002.8,988.6
2023-04-01T13:00,11.0,0.10,87,8.9,8.1,0.10,0.00,0.00,51,100,82,100,100,17.9,222,218,28.0,51.8,1,0.00,1002.4,988.3
2023-04-01T14:00,10.4,0.80,86,8.2,6.5,0.80,0.00,0.00,53,100,7,100,100,23.5,237,238,38.2,50.8,1,0.00,1002.7,988.6
2023-04-01T15:00,10.4,0.80,84,7.8,6.2,0.80,0.00,0.00,53,100,2,100,77,24.7,238,236,39.6,51.5,1,0.00,1003.2,989.1
2023-04-01T16:00,9.7,1.00,88,7.8,5.9,1.00,0.00,0.00,55,100,100,100,100,22.3,240,239,36.6,56.5,1,0.00,1003.9,989.7
2023-04-01T17:00,9.7,1.60,90,8.2,6.5,1.60,0.00,0.00,61,100,100,100,100,19.0,239,237,33.1,45.7,1,0.00,1004.3,990.1
2023-04-01T18:00,9.6,0.30,89,7.9,6.3,0.30,0.00,0.00,51,100,94,100,100,18.5,244,243,31.2,44.6,1,0.00,1004.8,990.6
2023-04-01T19:00,9.3,0.30,89,7.6,6.4,0.30,0.00,0.00,51,100,78,100,100,15.5,243,239,27.9,37.8,0,0.00,1005.4,991.2
2023-04-01T20:00,9.1,0.30,89,7.4,6.2,0.30,0.00,0.00,51,100,97,99,98,14.9,238,233,26.4,32.4,0,0.00,1006.2,991.9
2023-04-01T21:00,8.7,0.10,90,7.2,6.1,0.10,0.00,0.00,51,100,100,100,100,13.0,236,231,23.9,30.6,0,0.00,1006.7,992.4
2023-04-01T22:00,8.4,0.20,93,7.3,5.8,0.20,0.00,0.00,51,100,100,100,100,12.5,227,221,23.7,27.0,0,0.00,1007.3,993.0
2023-04-01T23:00,8.1,0.10,94,7.2,5.6,0.10,0.00,0.00,51,100,96,94,100,12.0,224,219,22.9,26.3,0,0.00,1007.8,993.5
2023-04-02T00:00,7.9,0.10,95,7.1,5.5,0.10,0.00,0.00,51,100,75,95,100,11.5,224,219,21.9,24.8,0,0.00,1008.3,994.0
2023-04-02T01:00,8.3,0.20,93,7.2,5.9,0.20,0.00,0.00,51,100,4,100,100,11.5,228,221,22.4,24.8,0,0.00,1009.0,994.7
2023-04-02T02:00,8.3,0.40,94,7.4,5.7,0.40,0.00,0.00,51,100,30,93,100,13.0,234,228,23.7,26.6,0,0.00,1009.3,995.0
2023-04-02T03:00,8.2,0.10,95,7.4,5.7,0.10,0.00,0.00,51,100,79,73,100,12.5,231,229,22.8,27.4,0,0.00,1009.6,995.3
2023-04-02T04:00,8.1,0.10,95,7.3,5.7,0.10,0.00,0.00,51,100,99,99,100,11.2,231,228,20.7,25.6,0,0.00,1010.1,995.7
2023-04-02T05:00,7.9,0.10,95,7.2,6.0,0.10,0.00,0.00,51,100,8,100,100,8.5,225,216,16.3,22.3,0,0.00,1010.7,996.3
2023-04-02T06:00,7.7,0.20,96,7.2,5.8,0.20,0.00,0.00,51,100,9,100,100,7.9,211,196,15.2,17.3,0,0.00,1011.6,997.2
2023-04-02T07:00,7.7,0.20,97,7.2,6.0,0.20,0.00,0.00,51,100,59,100,100,6.7,210,196,12.9,16.2,1,0.00,1012.4,998.0
2023-04-02T08:00,7.9,0.10,96,7.3,6.2,0.10,0.00,0.00,51,100,100,100,100,6.4,212,196,11.5,13.7,1,0.00,1013.3,998.9
2023-04-02T09:00,8.5,0.00,93,7.5,6.9,0.00,0.00,0.00,3,100,100,95,100,6.8,215,212,8.8,15.5,1,0.00,1014.1,999.7
2023-04-02T10:00,8.8,0.30,92,7.6,7.5,0.30,0.00,0.00,51,100,100,95,100,4.2,217,211,5.4,15.1,1,0.00,1014.9,1000.5
2023-04-02T11:00,9.5,0.00,92,8.2,8.8,0.00,0.00,0.00,3,100,100,89,81,1.4,169,180,1.8,11.5,1,0.00,1015.8,1001.4
2023-04-02T12:00,11.0,0.00,85,8.6,10.4,0.00,0.00,0.00,3,100,100,96,87,1.5,349,315,1.8,13.7,1,0.00,1016.3,1002.0
2023-04-02T13:00,10.6,0.40,83,7.9,8.8,0.40,0.00,0.00,51,100,100,98,100,8.4,356,350,11.2,24.5,1,0.00,1017.2,1002.9
2023-04-02T14:00,9.3,1.00,89,7.7,6.4,1.00,0.00,0.00,55,100,100,100,100,15.5,47,44,23.4,31.7,1,0.00,1018.2,1003.8
2023-04-02T15:00,9.3,0.30,83,6.6,6.4,0.30,0.00,0.00,51,100,90,100,100,14.3,43,41,20.1,33.8,1,0.00,1018.9,1004.5
2023-04-02T16:00,9.3,0.00,76,5.3,6.0,0.00,0.00,0.00,3,99,7,93,92,14.8,47,45,21.1,33.8,1,0.00,1019.6,1005.2
2023-04-02T17:00,8.7,0.00,73,4.2,5.0,0.00,0.00,0.00,3,100,38,63,100,16.3,47,47,23.4,34.9,1,0.00,1020.5,1006.0
2023-04-02T18:00,7.9,0.00,72,3.1,4.2,0.00,0.00,0.00,3,100,11,100,100,14.5,48,48,21.7,35.3,1,0.00,1021.6,1007.1
2023-04-02T19:00,7.4,0.00,65,1.3,3.5,0.00,0.00,0.00,3,100,0,89,100,13.8,52,49,22.8,29.9,0,0.00,1022.7,1008.1
2023-04-02T20:00,6.8,0.00,62,0.1,3.0,0.00,0.00,0.00,3,100,0,99,100,12.0,48,44,20.9,28.4,0,0.00,1023.9,1009.3
2023-04-02T21:00,6.3,0.00,60,-0.8,2.0,0.00,0.00,0.00,3,99,0,51,99,14.1,55,50,23.8,29.2,0,0.00,1025.0,1010.3
2023-04-02T22:00,5.3,0.00,64,-1.1,1.2,0.00,0.00,0.00,0,1,0,0,1,12.4,60,54,21.6,29.5,0,0.00,1025.8,1011.1
2023-04-02T23:00,3.5,0.00,71,-1.3,-0.3,0.00,0.00,0.00,0,0,0,0,0,10.5,57,49,21.4,25.9,0,0.00,1026.6,1011.8
2023-04-03T00:00,2.4,0.00,75,-1.5,-1.4,0.00,0.00,0.00,0,0,0,0,0,9.7,53,42,21.6,22.0,0,0.00,1026.8,1011.9
2023-04-03T01:00,2.3,0.00,77,-1.4,-1.6,0.00,0.00,0.00,0,0,0,0,0,10.2,59,48,22.6,21.2,0,0.00,1027.4,1012.5
2023-04-03T02:00,2.3,0.00,72,-2.3,-1.6,0.00,0.00,0.00,0,0,0,0,0,10.0,60,49,21.9,22.3,0,0.00,1027.3,1012.4
2023-04-03T03:00,1.6,0.00,73,-2.7,-2.1,0.00,0.00,0.00,0,0,0,0,0,8.1,61,45,19.8,21.2,0,0.00,1027.4,1012.5
2023-04-03T04:00,1.0,0.00,75,-2.9,-2.8,0.00,0.00,0.00,0,1,0,0,0,8.2,54,38,19.1,18.4,0,0.00,1027.5,1012.5
2023-04-03T05:00,0.9,0.00,76,-2.8,-3.0,0.00,0.00,0.00,0,4,0,1,4,9.3,44,36,22.1,19.8,0,0.00,1027.6,1012.6
2023-04-03T06:00,1.2,0.00,79,-2.0,-2.7,0.00,0.00,0.00,0,6,0,3,6,10.5,43,38,23.7,21.6,1,0.00,1027.7,1012.7
2023-04-03T07:00,2.4,0.00,78,-1.1,-1.7,0.00,0.00,0.00,0,0,0,0,0,12.0,55,49,23.0,24.1,1,1579.14,1028.1,1013.2
2023-04-03T08:00,4.0,0.00,71,-0.7,-0.1,0.00,0.00,0.00,0,0,0,0,0,13.1,55,53,20.2,27.7,1,3600.00,1028.2,1013.4
2023-04-03T09:00,5.5,0.00,64,-0.7,1.2,0.00,0.00,0.00,0,1,0,0,1,14.1,55,52,20.2,31.7,1,3600.00,1028.3,1013.5
2023-04-03T10:00,6.7,0.00,55,-1.7,2.0,0.00,0.00,0.00,1,30,0,0,30,15.5,60,59,21.6,34.9,1,3600.00,1028.2,1013.5
2023-04-03T11:00,7.2,0.00,51,-2.4,2.3,0.00,0.00,0.00,2,50,0,0,50,16.3,61,59,22.2,36.4,1,3600.00,1028.1,1013.4
2023-04-03T12:00,7.7,0.00,49,-2.4,3.1,0.00,0.00,0.00,2,51,0,5,51,16.4,63,61,22.7,37.1,1,3600.00,1027.6,1013.0
2023-04-03T13:00,7.3,0.00,51,-2.1,2.6,0.00,0.00,0.00,2,62,0,22,95,15.8,63,63,21.7,37.1,1,3600.00,1028.0,1013.3
2023-04-03T14:00,7.5,0.00,49,-2.6,2.7,0.00,0.00,0.00,3,84,0,21,84,15.5,61,59,21.7,34.9,1,2695.85,1027.8,1013.2
2023-04-03T15:00,7.6,0.00,47,-3.1,2.7,0.00,0.00,0.00,3,90,0,25,90,15.6,58,56,22.0,35.3,1,3600.00,1027.4,1012.8
2023-04-03T16:00,7.6,0.00,45,-3.7,2.6,0.00,0.00,0.00,1,40,0,7,40,16.1,61,61,22.6,34.9,1,3600.00,1027.1,1012.5
2023-04-03T17:00,7.3,0.00,43,-4.6,2.4,0.00,0.00,0.00,0,15,0,5,15,14.8,67,67,21.5,34.9,1,3600.00,1027.0,1012.4
2023-04-03T18:00,6.7,0.00,43,-5.1,2.4,0.00,0.00,0.00,0,9,0,2,8,10.4,58,56,19.9,31.0,1,3600.00,1026.7,1012.0
2023-04-03T19:00,5.0,0.00,45,-6.0,0.4,0.00,0.00,0.00,0,6,0,4,5,11.7,51,45,23.8,25.6,0,1537.40,1027.0,1012.2
2023-04-03T20:00,3.6,0.00,49,-6.2,-1.0,0.00,0.00,0.00,0,0,0,0,0,11.2,51,45,24.6,24.5,0,0.00,1027.5,1012.7
2023-04-03T21:00,3.1,0.00,51,-6.1,-2.0,0.00,0.00,0.00,0,0,0,0,0,14.8,55,51,28.5,31.0,0,0.00,1027.8,1012.9
2023-04-03T22:00,2.5,0.00,53,-6.1,-2.8,0.00,0.00,0.00,0,0,0,0,0,16.0,58,54,30.1,33.1,0,0.00,1028.1,1013.2
2023-04-03T23:00,1.7,0.00,55,-6.4,-3.4,0.00,0.00,0.00,0,0,0,0,0,15.0,66,63,28.8,33.5,0,0.00,1028.1,1013.2
2023-04-04T00:00,1.2,0.00,57,-6.5,-3.9,0.00,0.00,0.00,0,0,0,0,0,14.9,74,70,28.8,31.3,0,0.00,1027.9,1012.9
2023-04-04T01:00,1.4,0.00,55,-6.7,-3.9,0.00,0.00,0.00,0,0,0,0,0,16.0,81,81,30.2,32.4,0,0.00,1027.8,1012.8
2023-04-04T02:00,1.2,0.00,55,-6.9,-4.1,0.00,0.00,0.00,0,0,0,0,0,15.3,83,81,29.0,33.1,0,0.00,1027.4,1012.4
2023-04-04T03:00,0.7,0.00,54,-7.5,-4.4,0.00,0.00,0.00,0,0,0,0,0,14.1,79,75,27.5,32.0,0,0.00,1027.4,1012.4
2023-04-04T04:00,0.2,0.00,55,-7.8,-4.8,0.00,0.00,0.00,0,1,0,0,1,13.1,74,69,26.2,29.5,0,0.00,1027.4,1012.4
2023-04-04T05:00,-0.2,0.00,57,-7.7,-5.1,0.00,0.00,0.00,0,0,0,0,0,12.2,75,71,25.7,27.4,0,0.00,1027.3,1012.3
2023-04-04T06:00,-0.5,0.00,59,-7.6,-5.2,0.00,0.00,0.00,0,0,0,0,0,11.4,77,72,24.8,25.6,1,0.00,1027.4,1012.3
2023-04-04T07:00,0.1,0.00,61,-6.5,-4.6,0.00,0.00,0.00,1,28,28,0,0,11.7,76,72,23.4,24.1,1,1927.97,1027.7,1012.7
2023-04-04T08:00,1.9,0.00,58,-5.4,-2.7,0.00,0.00,0.00,1,44,44,0,0,12.0,76,74,19.3,26.6,1,3600.00,1027.8,1012.9
2023-04-04T09:00,3.4,0.00,50,-6.1,-1.7,0.00,0.00,0.00,2,54,54,0,0,15.2,86,85,21.6,33.1,1,3600.00,1027.7,1012.8
2023-04-04T10:00,4.4,0.00,47,-5.9,-0.4,0.00,0.00,0.00,2,57,57,0,0,13.1,82,81,17.8,33.8,1,3600.00,1027.5,1012.7
2023-04-04T11:00,5.4,0.00,47,-5.0,1.5,0.00,0.00,0.00,2,51,49,0,3,11.4,72,72,15.1,30.6,1,3600.00,1027.2,1012.5
2023-04-04T12:00,6.4,0.00,47,-4.2,3.1,0.00,0.00,0.00,2,52,52,0,0,10.5,69,68,14.2,28.1,1,3600.00,1026.7,1012.0
2023-04-04T13:00,7.9,0.00,42,-4.4,4.5,0.00,0.00,0.00,1,46,0,7,60,11.9,61,61,15.6,27.4,1,3600.00,1026.4,1011.8
2023-04-04T14:00,8.2,0.00,41,-4.2,4.5,0.00,0.00,0.00,0,13,11,0,2,11.8,59,59,16.3,29.9,1,3600.00,1025.9,1011.3
2023-04-04T15:00,8.6,0.00,40,-4.2,4.6,0.00,0.00,0.00,0,16,1,11,6,11.7,58,56,16.2,28.8,1,3600.00,1025.3,1010.8
2023-04-04T16:00,8.4,0.00,42,-3.8,4.1,0.00,0.00,0.00,1,38,0,37,5,11.3,59,59,15.5,28.1,1,3600.00,1024.9,1010.3
2023-04-04T17:00,7.7,0.00,43,-4.0,3.3,0.00,0.00,0.00,2,72,0,70,7,11.4,66,66,16.1,26.3,1,3600.00,1024.6,1010.0
2023-04-04T18:00,6.5,0.00,48,-3.9,2.4,0.00,0.00,0.00,3,100,100,100,1,9.5,67,65,17.3,25.6,1,3600.00,1024.6,1010.0
2023-04-04T19:00,5.0,0.00,50,-4.6,1.1,0.00,0.00,0.00,3,86,2,86,0,8.0,76,72,17.8,20.2,1,0.00,1024.5,1009.8
2023-04-04T20:00,3.2,0.00,57,-4.5,-0.5,0.00,0.00,0.00,3,86,79,64,0,6.9,91,84,18.0,16.6,0,0.00,1024.7,1009.9
2023-04-04T21:00,2.5,0.00,58,-5.0,-1.4,0.00,0.00,0.00,1,43,0,43,0,7.9,99,90,20.1,16.2,0,0.00,1025.0,1010.1
2023-04-04T22:00,1.8,0.00,59,-5.4,-2.2,0.00,0.00,0.00,3,91,75,75,0,7.9,86,74,19.5,16.2,0,0.00,1025.1,1010.2
2023-04-04T23:00,1.4,0.00,59,-5.6,-2.8,0.00,0.00,0.00,3,100,98,100,0,9.0,79,74,21.3,17.6,0,0.00,1025.2,1010.3
2023-04-05T00:00,1.9,0.00,57,-5.7,-2.4,0.00,0.00,0.00,3,100,100,100,0,9.9,82,80,22.9,20.2,0,0.00,1025.0,1010.1
2023-04-05T01:00,2.1,0.00,57,-5.6,-2.3,0.00,0.00,0.00,1,20,0,63,0,10.9,94,96,23.5,20.2,0,0.00,1024.6,1009.7
2023-04-05T02:00,1.0,0.00,61,-5.7,-3.3,0.00,0.00,0.00,0,8,0,8,0,9.4,96,94,22.4,21.6,0,0.00,1024.4,1009.5
2023-04-05T03:00,0.0,0.00,65,-5.7,-3.9,0.00,0.00,0.00,0,0,0,0,0,7.2,96,93,19.6,18.7,0,0.00,1024.0,1009.0
2023-04-05T04:00,-1.4,0.00,74,-5.4,-5.2,0.00,0.00,0.00,0,8,0,8,0,6.2,94,83,14.8,14.8,0,0.00,1023.9,1008.8
2023-04-05T05:00,-2.3,0.00,78,-5.6,-6.2,0.00,0.00,0.00,1,32,23,21,2,6.6,90,68,10.4,10.8,0,0.00,1023.8,1008.7
2023-04-05T06:00,-2.5,0.00,78,-5.8,-6.1,0.00,0.00,0.00,1,25,14,24,0,5.4,90,70,9.0,10.1,1,0.00,1023.8,1008.7
2023-04-05T07:00,-0.5,0.00,73,-4.8,-4.2,0.00,0.00,0.00,0,0,0,0,0,6.0,88,73,8.6,10.4,1,2051.56,1024.1,1009.1
2023-04-05T08:00,2.0,0.00,67,-3.4,-0.9,0.00,0.00,0.00,0,0,0,0,0,2.3,82,72,5.1,11.5,1,3600.00,1024.2,1009.3
2023-04-05T09:00,4.2,0.00,59,-3.1,1.5,0.00,0.00,0.00,0,6,0,6,0,0.8,18,333,1.1,9.4,1,3600.00,1023.9,1009.1
2023-04-05T10:00,5.9,0.00,54,-2.6,3.1,0.00,0.00,0.00,0,0,0,0,0,1.8,342,323,2.3,12.2,1,3600.00,1023.6,1008.9
2023-04-05T11:00,7.1,0.00,52,-2.2,5.0,0.00,0.00,0.00,0,2,0,0,2,2.3,326,309,2.6,13.7,1,3600.00,1023.2,1008.6
2023-04-05T12:00,8.5,0.00,44,-3.1,6.4,0.00,0.00,0.00,3,80,0,0,80,2.7,300,293,2.9,14.4,1,3600.00,1022.4,1007.9
2023-04-05T13:00,9.5,0.00,41,-3.1,7.3,0.00,0.00,0.00,3,88,0,47,35,3.4,253,252,3.8,21.6,1,3600.00,1021.9,1007.4
2023-04-05T14:00,10.1,0.00,40,-2.9,7.2,0.00,0.00,0.00,2,66,0,66,0,7.3,258,259,8.8,21.2,1,3600.00,1021.3,1006.9
2023-04-05T15:00,9.9,0.00,42,-2.4,6.1,0.00,0.00,0.00,3,80,0,80,0,9.9,280,280,12.4,24.8,1,3600.00,1020.8,1006.4
2023-04-05T16:00,9.1,0.00,44,-2.6,4.8,0.00,0.00,0.00,0,8,0,1,8,12.4,299,300,16.9,28.4,1,3600.00,1020.7,1006.2
2023-04-05T17:00,8.4,0.00,44,-3.1,4.2,0.00,0.00,0.00,0,4,0,0,4,10.9,316,314,15.5,28.4,1,3600.00,1020.6,1006.1
2023-04-05T18:00,7.6,0.00,52,-1.7,4.3,0.00,0.00,0.00,0,0,0,0,0,5.9,318,313,13.0,23.4,1,3600.00,1020.6,1006.1
2023-04-05T19:00,4.2,0.00,64,-2.0,0.6,0.00,0.00,0.00,0,0,0,0,0,7.6,329,335,13.9,13.0,1,1874.29,1020.7,1006.0
2023-04-05T20:00,3.9,0.00,60,-3.3,0.4,0.00,0.00,0.00,0,0,0,0,0,6.1,12,28,13.6,11.9,0,0.00,1020.8,1006.1
2023-04-05T21:00,3.3,0.00,60,-3.8,-0.6,0.00,0.00,0.00,0,0,0,0,0,8.4,38,43,19.5,15.8,0,0.00,1020.9,1006.1
2023-04-05T22:00,3.0,0.00,57,-4.6,-1.2,0.00,0.00,0.00,0,14,0,14,0,10.0,67,69,21.1,18.7,0,0.00,1020.8,1006.0
2023-04-05T23:00,2.4,0.00,63,-4.0,-1.5,0.00,0.00,0.00,3,84,0,83,14,8.7,103,97,21.4,18.7,0,0.00,1020.9,1006.1
2023-04-06T00:00,2.0,0.00,67,-3.4,-1.6,0.00,0.00,0.00,0,1,0,1,0,6.3,120,121,17.1,16.9,0,0.00,1020.9,1006.1
2023-04-06T01:00,0.8,0.00,71,-3.9,-2.9,0.00,0.00,0.00,0,0,0,3,2,7.1,124,105,14.3,13.0,0,0.00,1020.8,1005.9
2023-04-06T02:00,0.1,0.00,73,-4.2,-3.8,0.00,0.00,0.00,0,0,0,0,0,8.5,131,102,14.3,16.2,0,0.00,1020.4,1005.5
2023-04-06T03:00,-0.1,0.00,74,-4.2,-4.0,0.00,0.00,0.00,0,7,0,6,2,8.5,139,102,14.3,16.2,0,0.00,1019.9,1005.0
2023-04-06T04:00,-0.5,0.00,76,-4.2,-4.2,0.00,0.00,0.00,0,16,0,16,4,6.8,140,108,15.6,15.8,0,0.00,1019.9,1005.0
2023-04-06T05:00,-1.1,0.00,79,-4.3,-4.8,0.00,0.00,0.00,1,20,0,20,6,6.6,144,112,14.2,13.0,0,0.00,1020.3,1005.3
2023-04-06T06:00,-1.2,0.00,79,-4.4,-5.1,0.00,0.00,0.00,0,0,0,0,0,8.2,152,113,13.8,15.5,1,0.00,1020.5,1005.5
2023-04-06T07:00,0.7,0.00,75,-3.3,-3.2,0.00,0.00,0.00,0,0,0,0,0,8.9,165,122,13.8,16.2,1,2173.91,1020.6,1005.7
2023-04-06T08:00,4.2,0.00,68,-1.2,0.6,0.00,0.00,0.00,0,12,12,0,0,8.4,167,137,14.4,18.4,1,3600.00,1020.8,1006.1
2023-04-06T09:00,6.5,0.00,61,-0.6,3.2,0.00,0.00,0.00,2,59,59,0,0,7.4,172,166,10.2,19.4,1,3600.00,1020.8,1006.2
2023-04-06T10:00,8.5,0.00,58,0.6,5.4,0.00,0.00,0.00,1,45,45,0,0,7.2,186,186,9.8,20.5,1,3600.00,1020.6,1006.1
2023-04-06T11:00,10.4,0.00,52,1.0,7.6,0.00,0.00,0.00,1,38,38,0,0,9.4,205,203,12.7,24.1,1,3600.00,1020.2,1005.8
2023-04-06T12:00,11.7,0.00,44,-0.2,8.9,0.00,0.00,0.00,3,95,95,0,0,11.1,215,216,15.0,27.7,1,3600.00,1019.8,1005.5
2023-04-06T13:00,12.6,0.00,39,-1.0,10.1,0.00,0.00,0.00,3,100,100,9,0,8.5,207,208,11.3,27.7,1,3600.00,1019.1,1004.8
2023-04-06T14:00,12.9,0.00,38,-1.2,10.1,0.00,0.00,0.00,3,100,100,100,0,9.2,221,222,12.0,23.0,1,3600.00,1018.7,1004.5
2023-04-06T15:00,12.8,0.00,37,-1.5,9.0,0.00,0.00,0.00,3,100,100,100,0,9.9,226,226,13.0,23.4,1,3600.00,1018.4,1004.2
2023-04-06T16:00,12.4,0.00,38,-1.5,8.5,0.00,0.00,0.00,3,100,100,100,0,10.7,224,222,15.0,24.1,1,3600.00,1018.2,1003.9
2023-04-06T17:00,11.5,0.00,44,-0.5,7.6,0.00,0.00,0.00,3,100,100,100,0,11.5,229,229,18.1,24.8,1,506.10,1018.3,1004.0
2023-04-06T18:00,10.0,0.10,55,1.3,6.7,0.10,0.00,0.00,51,100,100,100,0,9.7,242,243,18.7,24.8,1,0.00,1018.8,1004.4
2023-04-06T19:00,8.5,0.20,67,2.7,6.0,0.20,0.00,0.00,51,100,100,100,0,5.6,233,225,14.9,20.9,1,0.00,1018.8,1004.3
2023-04-06T20:00,7.7,0.40,77,4.0,5.5,0.40,0.00,0.00,51,100,100,100,3,5.3,227,208,13.2,12.6,0,0.00,1019.2,1004.7
2023-04-06T21:00,7.3,0.50,88,5.4,5.3,0.50,0.00,0.00,53,100,100,100,8,5.4,206,180,12.4,11.5,0,0.00,1019.5,1005.0
2023-04-06T22:00,7.0,0.90,90,5.4,4.7,0.90,0.00,0.00,53,100,55,100,66,7.9,180,156,16.6,15.8,0,0.00,1019.1,1004.6
2023-04-06T23:00,6.8,1.00,90,5.2,4.4,1.00,0.00,0.00,55,100,69,100,100,8.7,174,156,18.1,17.6,0,0.00,1018.8,1004.3
2023-04-07T00:00,6.8,0.90,89,5.1,4.1,0.90,0.00,0.00,53,100,33,100,100,9.9,156,134,18.5,19.1,0,0.00,1018.3,1003.8
2023-04-07T01:00,6.7,0.60,89,5.0,4.0,0.60,0.00,0.00,53,100,99,100,100,10.2,147,135,20.1,23.8,0,0.00,1018.1,1003.6
2023-04-07T02:00,6.6,1.00,92,5.4,4.1,1.00,0.00,0.00,55,100,100,100,100,9.2,150,141,18.7,19.8,0,0.00,1017.4,1002.9
2023-04-07T03:00,6.5,0.10,91,5.1,4.0,0.10,0.00,0.00,51,100,98,100,30,9.2,156,138,16.1,18.7,0,0.00,1016.9,1002.4
2023-04-07T04:00,6.4,0.00,92,5.2,4.2,0.00,0.00,0.00,3,100,100,98,40,6.6,175,135,11.9,16.9,0,0.00,1016.5,1002.0
2023-04-07T05:00,6.2,0.00,94,5.2,4.2,0.00,0.00,0.00,3,99,97,13,42,5.2,191,146,11.4,12.2,0,0.00,1016.2,1001.7
2023-04-07T06:00,5.7,0.00,95,4.9,3.7,0.00,0.00,0.00,3,81,69,16,35,5.2,202,168,13.2,10.8,1,0.00,1016.4,1001.8
2023-04-07T07:00,6.4,0.00,93,5.4,4.3,0.00,0.00,0.00,1,49,15,1,39,6.5,210,183,12.1,11.9,1,666.18,1016.6,1002.1
2023-04-07T08:00,7.3,0.00,92,6.1,5.3,0.00,0.00,0.00,1,33,0,11,26,6.8,216,212,10.3,16.6,1,3600.00,1016.7,1002.2
2023-04-07T09:00,8.7,0.00,84,6.2,6.8,0.00,0.00,0.00,2,55,0,20,45,6.6,240,241,8.7,18.4,1,3600.00,1016.9,1002.5
2023-04-07T10:00,9.8,0.00,78,6.2,7.9,0.00,0.00,0.00,3,100,0,13,100,6.9,261,261,9.1,19.4,1,3600.00,1016.9,1002.5
2023-04-07T11:00,10.5,0.10,74,6.0,8.4,0.10,0.00,0.00,51,47,0,13,44,7.3,281,281,9.5,19.8,1,3600.00,1016.9,1002.6
2023-04-07T12:00,11.4,0.10,72,6.5,9.2,0.10,0.00,0.00,51,62,0,44,50,8.7,277,277,11.3,24.5,1,3600.00,1016.9,1002.6
2023-04-07T13:00,11.3,0.10,69,5.9,9.5,0.10,0.00,0.00,51,100,0,55,39,5.5,282,281,7.0,25.2,1,3600.00,1016.8,1002.5
2023-04-07T14:00,12.0,0.10,70,6.7,10.1,0.10,0.00,0.00,51,70,0,37,64,7.1,293,294,9.0,19.4,1,3600.00,1016.8,1002.5
2023-04-07T15:00,10.4,2.60,78,6.6,7.9,2.60,0.00,0.00,63,96,0,94,70,10.9,317,314,15.3,27.0,1,3600.00,1017.2,1002.9
2023-04-07T16:00,10.1,0.60,82,7.2,7.9,0.60,0.00,0.00,53,75,0,74,24,10.6,326,325,14.8,25.9,1,2852.14,1017.2,1002.8
2023-04-07T17:00,10.2,0.10,80,6.9,7.8,0.10,0.00,0.00,51,100,3,100,60,10.6,342,342,15.1,24.8,1,3600.00,1017.5,1003.1
2023-04-07T18:00,9.9,0.20,84,7.3,8.1,0.20,0.00,0.00,51,72,28,56,11,7.4,338,331,13.2,22.3,1,1542.23,1017.8,1003.4
2023-04-07T19:00,8.7,0.00,89,6.9,6.8,0.00,0.00,0.00,1,42,2,27,18,7.1,344,336,16.5,14.8,1,955.17,1018.3,1003.9
2023-04-07T20:00,7.1,0.00,93,6.0,5.2,0.00,0.00,0.00,1,29,0,8,28,6.5,349,341,17.2,15.1,0,0.00,1019.3,1004.8
2023-04-07T21:00,6.3,0.00,95,5.5,4.4,0.00,0.00,0.00,2,50,5,30,45,5.5,356,349,14.8,13.7,0,0.00,1019.9,1005.3
2023-04-07T22:00,6.4,0.00,96,5.8,4.6,0.00,0.00,0.00,2,69,0,16,69,5.4,347,340,14.1,11.2,0,0.00,1020.1,1005.5
2023-04-07T23:00,6.0,0.00,96,5.4,4.0,0.00,0.00,0.00,3,95,0,73,94,5.9,352,349,16.3,12.2,0,0.00,1020.3,1005.7
2023-04-08T00:00,6.2,0.00,96,5.6,4.2,0.00,0.00,0.00,3,99,0,99,53,6.0,356,343,15.9,13.0,0,0.00,1020.6,1006.0
2023-04-08T01:00,6.3,0.00,94,5.4,4.4,0.00,0.00,0.00,3,100,0,49,27,5.6,356,345,15.9,12.6,0,0.00,1020.9,1006.3
2023-04-08T02:00,6.7,0.00,94,5.8,4.8,0.00,0.00,0.00,3,100,0,12,100,5.3,350,332,13.9,13.0,0,0.00,1021.0,1006.4
2023-04-08T03:00,6.7,0.00,95,5.9,4.7,0.00,0.00,0.00,3,100,0,16,100,6.8,345,328,14.9,14.0,0,0.00,1021.1,1006.5
2023-04-08T04:00,6.3,0.00,95,5.6,4.3,0.00,0.00,0.00,3,98,0,10,97,6.5,353,341,15.2,14.0,0,0.00,1021.1,1006.5
2023-04-08T05:00,5.9,0.00,96,5.2,3.9,0.00,0.00,0.00,3,100,0,48,100,5.2,2,348,13.3,13.7,0,0.00,1021.4,1006.8
2023-04-08T06:00,5.6,0.00,96,5.1,3.9,0.00,0.00,0.00,3,98,0,97,98,3.8,4,343,10.5,10.8,1,0.00,1021.9,1007.2
2023-04-08T07:00,6.1,0.00,95,5.3,4.3,0.00,0.00,0.00,2,55,28,36,7,4.6,355,321,8.7,10.4,1,193.26,1022.3,1007.7
2023-04-08T08:00,7.2,0.00,91,5.9,5.2,0.00,0.00,0.00,3,81,72,35,22,6.9,326,321,9.6,16.9,1,3600.00,1023.0,1008.4
2023-04-08T09:00,8.6,0.00,82,5.8,6.4,0.00,0.00,0.00,3,94,81,68,12,7.9,323,317,10.8,20.2,1,3600.00,1023.2,1008.7
2023-04-08T10:00,9.8,0.00,73,5.3,7.1,0.00,0.00,0.00,3,88,26,85,4,10.6,335,332,14.3,25.6,1,3600.00,1023.4,1008.9
2023-04-08T11:00,10.7,0.00,64,4.2,7.6,0.00,0.00,0.00,3,99,80,97,0,11.3,341,338,15.6,27.7,1,3600.00,1023.5,1009.1
2023-04-08T12:00,11.5,0.00,61,4.4,8.3,0.00,0.00,0.00,3,100,70,100,9,12.4,340,338,17.2,29.9,1,3600.00,1023.1,1008.7
2023-04-08T13:00,11.1,0.00,60,3.6,7.4,0.00,0.00,0.00,3,100,0,10,26,14.5,356,354,19.9,30.2,1,0.00,1023.2,1008.8
2023-04-08T14:00,11.9,0.00,57,3.6,9.0,0.00,0.00,0.00,3,95,3,34,92,13.0,6,3,17.7,34.2,1,3600.00,1023.1,1008.8
2023-04-08T15:00,12.3,0.00,57,3.9,9.0,0.00,0.00,0.00,3,100,0,100,100,12.3,17,15,17.0,30.6,1,3600.00,1022.8,1008.5
2023-04-08T16:00,11.3,0.00,62,4.3,8.3,0.00,0.00,0.00,3,93,0,79,69,11.3,18,17,15.9,28.4,1,0.00,1022.9,1008.5
2023-04-08T17:00,11.0,0.00,65,4.6,8.1,0.00,0.00,0.00,3,100,0,10,100,11.3,31,27,16.3,25.6,1,534.40,1023.3,1008.9
2023-04-08T18:00,10.8,0.00,66,4.7,8.3,0.00,0.00,0.00,3,87,0,33,87,8.0,29,27,13.2,23.8,1,432.27,1023.7,1009.3
2023-04-08T19:00,9.2,0.00,76,5.2,7.3,0.00,0.00,0.00,3,100,0,26,100,4.3,31,24,10.5,16.6,1,236.41,1024.1,1009.6
2023-04-08T20:00,8.8,0.10,80,5.5,6.9,0.10,0.00,0.00,51,100,0,46,100,4.9,58,54,11.5,10.1,0,0.00,1024.7,1010.2
2023-04-08T21:00,8.9,0.10,80,5.7,7.1,0.10,0.00,0.00,51,100,0,25,100,4.8,85,77,11.9,10.4,0,0.00,1025.0,1010.5
2023-04-08T22:00,8.5,0.00,80,5.3,6.3,0.00,0.00,0.00,3,100,0,5,100,6.9,82,81,15.3,13.7,0,0.00,1025.1,1010.6
2023-04-08T23:00,8.2,0.00,78,4.6,5.5,0.00,0.00,0.00,3,100,0,0,100,9.4,88,90,18.4,18.7,0,0.00,1025.2,1010.6
2023-04-09T00:00,7.6,0.00,78,4.1,4.9,0.00,0.00,0.00,2,78,0,0,78,8.4,96,100,17.7,19.1,0,0.00,1025.3,1010.7
2023-04-09T01:00,6.8,0.00,77,3.1,3.8,0.00,0.00,0.00,2,52,0,19,63,9.7,94,92,21.3,17.3,0,0.00,1025.4,1010.8
2023-04-09T02:00,6.8,0.00,76,2.9,3.7,0.00,0.00,0.00,3,90,0,7,89,9.7,93,94,20.9,19.8,0,0.00,1025.2,1010.6
2023-04-09T03:00,6.2,0.00,78,2.7,3.3,0.00,0.00,0.00,2,62,0,8,62,8.4,99,100,19.7,19.1,0,0.00,1025.0,1010.3
2023-04-09T04:00,5.0,0.00,84,2.5,2.3,0.00,0.00,0.00,3,99,0,17,99,6.9,101,99,18.7,16.6,0,0.00,1025.0,1010.3
2023-04-09T05:00,4.8,0.00,86,2.7,2.3,0.00,0.00,0.00,2,67,0,17,66,5.8,100,94,16.8,14.4,0,0.00,1025.0,1010.3
2023-04-09T06:00,4.0,0.00,90,2.5,1.5,0.00,0.00,0.00,1,33,0,1,33,5.2,93,78,14.1,11.9,1,0.00,1025.4,1010.6
2023-04-09T07:00,5.7,0.00,85,3.4,3.2,0.00,0.00,0.00,0,4,0,0,4,7.0,91,78,15.5,13.3,1,2533.64,1025.4,1010.7
2023-04-09T08:00,7.8,0.00,80,4.6,5.6,0.00,0.00,0.00,0,14,0,0,14,6.2,96,97,10.9,15.1,1,3600.00,1025.7,1011.1
2023-04-09T09:00,9.6,0.00,75,5.4,7.3,0.00,0.00,0.00,0,4,0,1,4,7.8,111,112,11.2,20.2,1,3600.00,1025.7,1011.2
2023-04-09T10:00,11.2,0.00,67,5.3,9.0,0.00,0.00,0.00,0,3,0,3,0,7.6,115,115,10.3,20.9,1,3600.00,1025.7,1011.3
2023-04-09T11:00,12.5,0.00,56,4.0,10.2,0.00,0.00,0.00,1,20,0,7,19,9.7,112,112,12.8,24.1,1,3600.00,1025.5,1011.1
2023-04-09T12:00,13.0,0.00,50,2.8,10.2,0.00,0.00,0.00,3,97,0,75,97,11.8,117,117,15.8,28.1,1,3600.00,1025.1,1010.8
2023-04-09T13:00,13.1,0.00,47,2.0,9.4,0.00,0.00,0.00,3,96,0,85,100,13.0,123,124,17.7,28.4,1,1629.84,1025.0,1010.7
2023-04-09T14:00,13.4,0.00,45,1.8,9.8,0.00,0.00,0.00,3,85,0,84,24,11.8,119,117,16.4,29.2,1,3600.00,1024.7,1010.4
2023-04-09T15:00,13.9,0.00,43,1.5,10.2,0.00,0.00,0.00,3,96,0,96,1,12.3,123,122,17.2,27.0,1,3600.00,1024.0,1009.7
2023-04-09T16:00,13.9,0.00,43,1.7,10.3,0.00,0.00,0.00,2,77,0,77,0,12.3,122,122,17.5,27.7,1,3600.00,1023.5,1009.2
2023-04-09T17:00,13.9,0.00,43,1.4,10.5,0.00,0.00,0.00,3,92,0,92,0,10.3,118,115,16.3,26.3,1,3600.00,1023.2,1009.0
2023-04-09T18:00,12.8,0.00,52,3.1,10.1,0.00,0.00,0.00,2,50,0,50,0,7.6,102,98,16.9,22.3,1,3600.00,1023.4,1009.1
2023-04-09T19:00,10.7,0.00,56,2.2,7.6,0.00,0.00,0.00,1,48,0,48,4,9.1,88,83,21.6,18.4,1,1859.33,1023.6,1009.2
2023-04-09T20:00,9.6,0.00,55,1.0,6.0,0.00,0.00,0.00,0,1,0,0,1,11.2,92,88,26.3,22.7,0,0.00,1024.2,1009.7
2023-04-09T21:00,8.7,0.00,57,0.7,5.1,0.00,0.00,0.00,0,0,0,0,0,10.8,101,94,25.3,23.0,0,0.00,1024.4,1009.9
2023-04-09T22:00,7.9,0.00,61,0.9,4.2,0.00,0.00,0.00,0,0,0,0,0,11.6,107,97,26.3,23.8,0,0.00,1024.4,1009.8
2023-04-09T23:00,7.1,0.00,66,1.2,3.5,0.00,0.00,0.00,0,0,0,0,0,11.7,110,101,26.1,24.5,0,0.00,1024.3,1009.7
2023-04-10T00:00,6.1,0.00,72,1.5,2.6,0.00,0.00,0.00,0,0,0,0,0,11.4,114,103,24.8,24.1,0,0.00,1024.5,1009.8
2023-04-10T01:00,6.3,0.00,71,1.5,2.5,0.00,0.00,0.00,1,30,40,0,0,13.2,119,107,28.4,23.8,0,0.00,1024.0,1009.4
2023-04-10T02:00,5.5,0.00,75,1.4,1.9,0.00,0.00,0.00,0,0,0,0,0,11.5,118,104,25.6,27.4,0,0.00,1024.1,1009.4
2023-04-10T03:00,5.2,0.00,75,1.2,1.3,0.00,0.00,0.00,3,100,100,0,0,13.1,116,106,28.3,26.6,0,0.00,1023.8,1009.1
2023-04-10T04:00,5.0,0.00,75,1.0,1.1,0.00,0.00,0.00,3,100,100,0,0,12.6,116,110,28.0,27.0,0,0.00,1023.7,1009.0
2023-04-10T05:00,5.1,0.00,74,0.8,0.9,0.00,0.00,0.00,3,100,100,0,0,14.7,116,112,30.4,29.5,0,0.00,1023.4,1008.7
2023-04-10T06:00,5.0,0.00,73,0.7,0.8,0.00,0.00,0.00,3,100,100,0,0,14.9,115,110,30.9,30.6,1,0.00,1023.4,1008.7
2023-04-10T07:00,6.1,0.00,71,1.3,1.8,0.00,0.00,0.00,3,100,100,0,0,15.9,112,108,31.2,32.8,1,2652.83,1023.4,1008.8
2023-04-10T08:00,8.0,0.00,69,2.6,4.0,0.00,0.00,0.00,3,99,99,0,0,15.6,112,109,32.6,33.5,1,3600.00,1023.3,1008.8
2023-04-10T09:00,10.1,0.00,62,3.0,6.2,0.00,0.00,0.00,3,100,100,0,0,15.3,118,117,23.2,34.2,1,3600.00,1023.4,1009.0
2023-04-10T10:00,12.3,0.00,56,3.8,8.6,0.00,0.00,0.00,3,100,100,0,0,15.0,126,125,21.4,33.8,1,3600.00,1022.7,1008.4
2023-04-10T11:00,14.1,0.00,51,4.2,10.8,0.00,0.00,0.00,3,100,100,0,0,15.0,136,136,20.9,33.8,1,3600.00,1021.9,1007.7
2023-04-10T12:00,15.6,0.00,46,4.0,12.8,0.00,0.00,0.00,3,100,100,0,0,13.8,142,141,19.5,33.8,1,3600.00,1020.8,1006.7
2023-04-10T13:00,17.6,0.00,37,2.9,15.2,0.00,0.00,0.00,3,100,100,1,0,11.4,156,156,15.3,31.7,1,3600.00,1019.6,1005.6
2023-04-10T14:00,17.8,0.00,34,1.9,14.4,0.00,0.00,0.00,3,100,100,54,0,11.6,160,158,16.5,26.3,1,3600.00,1018.8,1004.8
2023-04-10T15:00,18.2,0.00,34,2.2,14.7,0.00,0.00,0.00,3,100,99,87,0,11.6,160,158,16.9,27.0,1,3600.00,1017.9,1003.9
2023-04-10T16:00,18.3,0.00,35,2.4,15.0,0.00,0.00,0.00,3,100,100,3,0,10.4,181,180,16.9,25.9,1,3600.00,1016.8,1002.8
2023-04-10T17:00,17.1,0.00,47,5.6,14.7,0.00,0.00,0.00,3,100,100,5,0,8.9,221,220,17.6,23.8,1,3600.00,1016.2,1002.2
2023-04-10T18:00,15.3,0.00,53,5.9,12.7,0.00,0.00,0.00,3,100,100,98,0,10.9,228,226,23.2,24.1,1,3212.72,1016.3,1002.2
2023-04-10T19:00,13.7,0.00,53,4.3,10.9,0.00,0.00,0.00,3,100,100,98,0,9.9,209,199,23.8,24.1,1,0.00,1015.7,1001.5
2023-04-10T20:00,12.8,0.00,56,4.3,10.1,0.00,0.00,0.00,3,100,90,100,0,9.3,213,196,23.2,21.6,0,0.00,1015.7,1001.5
2023-04-10T21:00,12.8,0.00,59,5.1,10.1,0.00,0.00,0.00,3,100,100,100,1,9.9,223,213,23.4,22.0,0,0.00,1015.9,1001.7
2023-04-10T22:00,12.2,0.60,72,7.3,9.6,0.60,0.00,0.00,53,100,100,100,0,12.6,200,185,24.9,25.9,0,0.00,1015.5,1001.3
2023-04-10T23:00,12.0,0.00,74,7.6,9.3,0.00,0.00,0.00,3,100,100,100,100,14.3,206,198,28.3,30.6,0,0.00,1014.6,1000.4
2023-04-11T00:00,12.0,0.00,71,6.8,8.9,0.00,0.00,0.00,3,100,100,100,100,15.9,220,218,29.9,34.2,0,0.00,1013.8,999.6
2023-04-11T01:00,10.5,2.90,84,8.0,8.4,2.90,0.00,0.00,63,100,99,100,100,10.6,239,235,22.3,37.8,0,0.00,1013.3,999.0
2023-04-11T02:00,10.4,0.70,87,8.4,8.2,0.70,0.00,0.00,53,100,82,100,100,12.1,253,247,23.3,26.3,0,0.00,1013.1,998.8
2023-04-11T03:00,10.3,0.00,90,8.6,8.5,0.00,0.00,0.00,3,100,97,100,100,9.6,259,250,19.1,25.2,0,0.00,1013.2,998.9
2023-04-11T04:00,10.0,1.50,89,8.3,7.5,1.50,0.00,0.00,61,100,100,100,100,13.7,284,284,24.9,28.1,0,0.00,1013.9,999.6
2023-04-11T05:00,9.3,1.40,90,7.8,7.3,1.40,0.00,0.00,61,100,98,100,67,9.7,275,268,18.8,28.4,0,0.00,1014.1,999.7
2023-04-11T06:00,9.0,0.50,88,7.1,7.0,0.50,0.00,0.00,53,100,78,100,4,8.5,254,242,17.2,22.3,1,0.00,1014.6,1000.2
2023-04-11T07:00,8.6,0.30,89,6.9,6.2,0.30,0.00,0.00,51,97,69,96,13,10.9,237,236,20.3,22.3,1,0.00,1015.5,1001.1
2023-04-11T08:00,9.6,0.00,84,7.0,6.9,0.00,0.00,0.00,2,63,0,53,21,13.2,257,253,21.0,32.4,1,0.00,1015.8,1001.4
2023-04-11T09:00,10.5,0.00,75,6.3,7.3,0.00,0.00,0.00,0,11,0,5,10,15.0,262,260,21.4,38.5,1,3600.00,1016.3,1002.0
2023-04-11T10:00,11.7,0.00,65,5.4,8.1,0.00,0.00,0.00,1,25,0,15,13,16.8,263,261,23.6,43.2,1,3600.00,1016.7,1002.4
2023-04-11T11:00,12.6,0.00,56,4.0,8.8,0.00,0.00,0.00,0,17,0,7,11,18.4,267,267,26.3,45.7,1,3600.00,1016.7,1002.5
2023-04-11T12:00,13.4,0.00,50,3.3,9.8,0.00,0.00,0.00,1,31,0,14,20,18.4,272,271,25.9,45.4,1,3600.00,1016.5,1002.3
2023-04-11T13:00,13.0,0.00,51,3.1,9.1,0.00,0.00,0.00,1,36,0,29,19,20.3,264,264,28.2,44.6,1,3600.00,1016.5,1002.3
2023-04-11T14:00,13.4,0.00,50,3.1,9.1,0.00,0.00,0.00,1,30,0,10,23,20.0,258,256,28.4,45.7,1,3600.00,1016.4,1002.2
2023-04-11T15:00,13.7,0.00,48,2.7,9.3,0.00,0.00,0.00,3,93,91,12,3,19.8,260,260,28.1,45.4,1,3600.00,1016.0,1001.8
2023-04-11T16:00,13.4,0.00,48,2.5,8.8,0.00,0.00,0.00,3,100,100,31,5,19.7,261,262,28.1,44.3,1,3600.00,1015.9,1001.7
2023-04-11T17:00,12.9,0.10,47,1.9,8.7,0.10,0.00,0.00,51,100,100,19,0,16.2,258,257,25.1,41.8,1,3600.00,1015.6,1001.4
2023-04-11T18:00,11.9,0.10,55,3.1,8.3,0.10,0.00,0.00,51,100,100,80,22,13.4,247,246,23.4,34.2,1,3600.00,1015.7,1001.5
2023-04-11T19:00,10.5,0.00,61,3.4,7.4,0.00,0.00,0.00,3,100,100,100,16,10.5,247,243,21.5,28.1,1,352.18,1015.7,1001.4
2023-04-11T20:00,9.2,0.00,69,3.8,6.9,0.00,0.00,0.00,3,100,100,100,1,5.6,247,230,16.5,21.6,0,0.00,1016.0,1001.6
2023-04-11T21:00,8.0,0.00,76,4.0,5.7,0.00,0.00,0.00,3,100,100,99,0,5.9,241,191,10.3,12.2,0,0.00,1015.5,1001.1
2023-04-11T22:00,8.4,0.00,71,3.3,5.8,0.00,0.00,0.00,3,100,100,99,0,6.6,195,158,12.3,12.2,0,0.00,1014.8,1000.4
2023-04-11T23:00,8.2,0.00,71,3.2,5.5,0.00,0.00,0.00,3,100,100,100,0,7.8,175,146,17.0,15.5,0,0.00,1014.0,999.6
2023-04-12T00:00,8.2,0.00,70,3.1,5.3,0.00,0.00,0.00,3,100,100,100,3,8.7,171,150,19.3,17.3,0,0.00,1013.2,998.8
2023-04-12T01:00,8.3,0.10,71,3.3,5.7,0.10,0.00,0.00,51,100,100,100,50,6.9,187,171,17.8,18.7,0,0.00,1012.0,997.6
2023-04-12T02:00,8.5,0.40,73,3.9,5.6,0.40,0.00,0.00,51,100,100,100,100,9.7,195,182,20.1,19.4,0,0.00,1011.6,997.2
2023-04-12T03:00,8.0,1.00,87,5.9,5.5,1.00,0.00,0.00,55,100,100,100,87,10.1,188,174,20.4,23.4,0,0.00,1010.7,996.3
2023-04-12T04:00,7.9,0.50,91,6.5,5.5,0.50,0.00,0.00,53,100,100,100,99,10.5,164,149,20.6,21.2,0,0.00,1009.5,995.1
2023-04-12T05:00,8.0,0.70,91,6.6,5.3,0.70,0.00,0.00,53,100,100,100,16,12.7,145,133,24.6,25.2,0,0.00,1008.4,994.1
2023-04-12T06:00,7.9,0.60,91,6.5,4.7,0.60,0.00,0.00,53,100,100,100,100,16.1,138,130,29.8,32.0,1,0.00,1007.0,992.7
2023-04-12T07:00,8.1,0.30,90,6.6,4.7,0.30,0.00,0.00,51,100,100,100,100,17.1,142,134,30.5,34.2,1,0.00,1006.3,992.0
2023-04-12T08:00,8.3,0.40,90,6.7,4.9,0.40,0.00,0.00,51,100,100,100,100,17.4,148,140,31.6,35.3,1,0.00,1005.2,990.9
2023-04-12T09:00,8.8,0.50,90,7.3,5.7,0.50,0.00,0.00,53,100,96,100,100,16.2,154,148,29.6,36.4,1,0.00,1004.5,990.3
2023-04-12T10:00,9.4,0.60,91,8.0,6.9,0.60,0.00,0.00,53,100,100,100,100,13.7,157,150,24.7,33.5,1,0.00,1003.8,989.6
2023-04-12T11:00,10.4,0.50,88,8.6,7.9,0.50,0.00,0.00,53,100,97,100,100,14.4,192,181,25.4,30.6,1,0.00,1003.4,989.3
2023-04-12T12:00,11.1,1.40,85,8.6,8.2,1.40,0.00,0.00,61,100,100,100,100,17.1,209,205,28.5,37.1,1,0.00,1002.6,988.5
2023-04-12T13:00,11.7,0.20,86,9.5,8.7,0.20,0.00,0.00,51,100,41,100,100,19.2,216,214,30.4,41.0,1,0.00,1001.8,987.7
2023-04-12T14:00,12.1,0.60,86,9.8,9.6,0.60,0.00,0.00,53,97,52,91,55,17.0,219,216,28.7,38.9,1,0.00,1001.4,987.4
2023-04-12T15:00,14.0,0.10,75,9.7,10.7,0.10,0.00,0.00,51,97,95,67,20,21.9,224,222,32.6,55.1,1,3600.00,1000.6,986.7
2023-04-12T16:00,12.1,4.40,82,9.1,7.9,4.40,0.00,0.00,63,100,26,100,27,27.6,237,237,44.0,60.8,1,3600.00,1000.8,986.8
2023-04-12T17:00,12.1,0.10,82,9.2,9.6,0.10,0.00,0.00,51,100,0,100,10,15.4,240,237,26.1,56.5,1,0.00,1001.4,987.4
2023-04-12T18:00,11.8,0.10,79,8.4,9.1,0.10,0.00,0.00,51,41,0,39,4,15.9,235,232,27.2,33.8,1,1739.26,1001.5,987.5
2023-04-12T19:00,10.7,0.00,81,7.5,7.9,0.00,0.00,0.00,3,100,100,86,2,14.8,238,236,28.0,33.5,1,2085.51,1002.2,988.1
2023-04-12T20:00,10.0,0.00,78,6.4,7.0,0.00,0.00,0.00,3,88,71,47,23,14.2,262,261,26.9,31.0,0,0.00,1003.4,989.2
2023-04-12T21:00,8.7,0.00,81,5.7,6.4,0.00,0.00,0.00,3,100,100,93,14,8.7,254,246,19.8,29.2,0,0.00,1004.2,990.0
2023-04-12T22:00,8.2,0.10,83,5.6,5.7,0.10,0.00,0.00,51,98,0,98,17,10.0,229,218,20.7,20.9,0,0.00,1004.8,990.5
2023-04-12T23:00,8.2,0.00,83,5.5,5.0,0.00,0.00,0.00,3,100,5,100,0,14.3,228,223,26.0,29.9,0,0.00,1005.3,991.0
2023-04-13T00:00,7.8,0.00,83,5.1,4.4,0.00,0.00,0.00,0,7,0,2,6,14.8,229,225,26.8,30.6,0,0.00,1005.3,991.0
2023-04-13T01:00,7.1,0.00,87,5.0,3.8,0.00,0.00,0.00,0,0,0,0,6,14.2,211,204,27.6,31.3,0,0.00,1005.6,991.3
2023-04-13T02:00,6.3,0.30,88,4.4,3.1,0.30,0.00,0.00,51,41,25,3,19,13.0,210,204,26.3,37.1,0,0.00,1005.6,991.2
2023-04-13T03:00,6.4,0.00,86,4.2,3.1,0.00,0.00,0.00,1,32,0,0,32,13.2,213,206,25.8,29.5,0,0.00,1005.6,991.2
2023-04-13T04:00,6.0,0.10,86,3.8,2.4,0.10,0.00,0.00,51,100,0,50,100,14.3,215,208,27.2,30.2,0,0.00,1005.8,991.4
2023-04-13T05:00,6.3,0.20,83,3.7,2.4,0.20,0.00,0.00,51,100,0,100,100,16.9,210,207,29.2,34.9,0,0.00,1006.1,991.7
2023-04-13T06:00,6.5,0.10,82,3.6,2.3,0.10,0.00,0.00,51,100,0,29,100,18.0,210,206,31.1,37.1,1,0.00,1006.4,992.0
2023-04-13T07:00,6.7,0.00,81,3.6,2.4,0.00,0.00,0.00,3,99,0,12,99,18.9,215,211,31.6,39.2,1,0.00,1006.9,992.5
2023-04-13T08:00,7.1,0.10,79,3.7,2.8,0.10,0.00,0.00,51,100,0,51,100,19.3,217,217,30.8,40.7,1,0.00,1007.1,992.7
2023-04-13T09:00,7.1,0.10,80,3.8,2.6,0.10,0.00,0.00,51,99,0,60,98,20.7,222,221,31.9,41.8,1,0.00,1007.4,993.0
2023-04-13T10:00,7.8,0.00,76,3.8,3.3,0.00,0.00,0.00,3,98,0,62,98,20.9,227,226,30.8,45.4,1,10.82,1007.8,993.5
2023-04-13T11:00,8.0,0.30,77,4.2,3.6,0.30,0.00,0.00,51,62,0,36,50,20.7,235,235,30.3,45.7,1,0.00,1007.9,993.6
2023-04-13T12:00,9.5,0.10,72,4.7,5.7,0.10,0.00,0.00,51,100,100,31,100,17.0,235,234,24.3,44.6,1,3600.00,1007.8,993.5
2023-04-13T13:00,11.1,0.50,67,5.1,7.5,0.50,0.00,0.00,53,99,6,53,27,16.5,228,226,22.9,40.3,1,0.00,1007.3,993.1
2023-04-13T14:00,11.1,1.10,66,4.9,7.8,1.10,0.00,0.00,55,81,72,19,28,17.4,245,246,23.4,39.2,1,3600.00,1007.0,992.8
2023-04-13T15:00,9.6,0.90,79,6.1,8.0,0.90,0.00,0.00,53,100,99,85,29,4.0,270,275,6.1,38.9,1,3600.00,1007.7,993.5
2023-04-13T16:00,9.7,1.20,78,6.1,8.0,1.20,0.00,0.00,55,59,38,29,26,4.7,186,171,6.5,17.3,1,1120.04,1007.8,993.6
2023-04-13T17:00,10.6,0.10,73,6.0,9.0,0.10,0.00,0.00,51,74,70,9,8,4.1,141,135,5.1,19.4,1,3600.00,1007.5,993.3
2023-04-13T18:00,10.0,0.20,72,5.2,8.3,0.20,0.00,0.00,51,49,5,24,37,3.1,37,21,3.6,13.0,1,3600.00,1007.9,993.7
2023-04-13T19:00,7.8,0.00,86,5.6,5.8,0.00,0.00,0.00,3,100,100,6,2,6.2,80,69,10.6,11.5,1,2579.80,1008.3,994.0
2023-04-13T20:00,6.5,0.00,92,5.2,4.3,0.00,0.00,0.00,3,100,100,2,6,6.6,123,99,8.6,12.2,0,0.00,1009.1,994.7
2023-04-13T21:00,5.4,0.00,95,4.6,3.3,0.00,0.00,0.00,3,100,100,13,14,5.2,161,106,8.8,12.2,0,0.00,1009.4,994.9
2023-04-13T22:00,5.1,0.00,93,4.1,3.0,0.00,0.00,0.00,3,97,96,7,2,4.3,193,114,8.1,10.1,0,0.00,1009.6,995.1
2023-04-13T23:00,4.9,0.00,88,3.1,2.4,0.00,0.00,0.00,2,77,77,0,1,6.3,225,149,7.6,9.7,0,0.00,1009.7,995.2
2023-04-14T00:00,4.5,0.00,88,2.7,2.0,0.00,0.00,0.00,3,87,86,0,8,5.4,215,143,4.4,9.0,0,0.00,1010.1,995.6
2023-04-14T01:00,3.9,0.00,91,2.6,1.7,0.00,0.00,0.00,2,66,81,4,0,3.5,188,114,2.5,9.0,0,0.00,1010.2,995.6
2023-04-14T02:00,5.6,0.00,83,2.9,3.9,0.00,0.00,0.00,3,89,89,4,2,0.4,295,180,6.0,5.0,0,0.00,1010.1,995.6
2023-04-14T03:00,4.1,0.00,86,2.0,2.0,0.00,0.00,0.00,2,52,52,1,0,2.0,344,135,2.6,5.0,0,0.00,1010.1,995.5
2023-04-14T04:00,2.3,0.00,92,1.1,-0.7,0.00,0.00,0.00,2,51,47,3,8,6.6,208,167,5.3,7.9,0,0.00,1010.6,995.9
2023-04-14T05:00,1.0,0.00,95,0.2,-2.2,0.00,0.00,0.00,1,24,24,0,0,7.4,231,203,12.0,11.9,0,0.00,1011.0,996.3
2023-04-14T06:00,2.0,0.00,93,1.0,-0.8,0.00,0.00,0.00,0,10,10,0,0,5.6,248,195,8.6,11.5,1,0.00,1011.2,996.5
2023-04-14T07:00,3.8,0.00,93,2.8,1.4,0.00,0.00,0.00,0,1,1,0,0,5.0,254,210,9.0,10.1,1,3127.51,1011.3,996.7
2023-04-14T08:00,5.6,0.00,91,4.2,3.8,0.00,0.00,0.00,0,5,5,0,0,2.9,215,187,4.4,11.5,1,3600.00,1011.6,997.1
2023-04-14T09:00,7.6,0.00,84,5.1,6.1,0.00,0.00,0.00,0,0,0,0,0,1.5,194,194,1.5,11.9,1,3600.00,1011.5,997.1
2023-04-14T10:00,9.5,0.00,76,5.5,8.0,0.00,0.00,0.00,0,1,0,0,1,3.3,270,264,4.0,14.4,1,3600.00,1010.8,996.5
2023-04-14T11:00,10.9,0.10,66,4.7,9.8,0.10,0.00,0.00,51,24,0,21,7,3.6,275,276,4.3,15.5,1,3600.00,1010.4,996.2
2023-04-14T12:00,11.9,0.10,58,4.0,10.6,0.10,0.00,0.00,51,26,0,24,4,4.4,258,261,5.2,16.6,1,3600.00,1009.7,995.5
2023-04-14T13:00,12.9,0.10,46,1.7,11.7,0.10,0.00,0.00,51,15,0,27,1,3.0,281,284,3.7,16.9,1,3600.00,1009.1,995.0
2023-04-14T14:00,13.5,0.10,45,1.9,12.3,0.10,0.00,0.00,51,34,0,34,1,3.3,253,257,3.8,14.0,1,3600.00,1008.3,994.2
2023-04-14T15:00,13.7,0.00,45,1.9,11.5,0.00,0.00,0.00,1,30,13,19,0,4.6,252,252,5.7,15.5,1,3600.00,1007.7,993.7
2023-04-14T16:00,13.6,0.00,45,1.8,11.1,0.00,0.00,0.00,1,27,27,0,0,4.7,266,270,5.8,16.2,1,3600.00,1007.3,993.3
2023-04-14T17:00,13.3,0.00,45,1.8,10.8,0.00,0.00,0.00,1,27,27,0,0,4.6,285,288,5.6,14.4,1,3600.00,1007.2,993.1
2023-04-14T18:00,12.5,0.00,62,5.5,11.1,0.00,0.00,0.00,0,5,4,0,1,1.8,308,307,4.1,11.9,1,3600.00,1007.3,993.2
2023-04-14T19:00,10.4,0.00,58,2.5,7.8,0.00,0.00,0.00,0,1,0,1,0,6.1,353,3,6.2,7.9,1,2667.67,1007.3,993.1
2023-04-14T20:00,6.9,0.00,71,2.1,3.9,0.00,0.00,0.00,0,0,0,0,0,8.4,2,31,8.6,11.5,0,0.00,1007.6,993.2
2023-04-14T21:00,6.2,0.00,73,1.7,3.5,0.00,0.00,0.00,0,4,3,0,2,5.6,29,63,9.0,11.5,0,0.00,1007.8,993.4
2023-04-14T22:00,5.3,0.00,80,2.1,2.2,0.00,0.00,0.00,1,31,31,0,0,9.1,84,83,15.9,16.2,0,0.00,1007.8,993.3
2023-04-14T23:00,4.8,0.00,84,2.3,1.9,0.00,0.00,0.00,1,27,27,0,0,8.3,91,85,16.6,18.0,0,0.00,1007.8,993.3
2023-04-15T00:00,3.9,0.00,89,2.3,1.3,0.00,0.00,0.00,0,12,12,0,0,6.1,92,93,11.2,15.8,0,0.00,1007.9,993.4
2023-04-15T01:00,3.8,0.00,90,2.3,0.8,0.00,0.00,0.00,1,40,100,0,0,8.1,117,103,15.8,11.9,0,0.00,1007.8,993.3
2023-04-15T02:00,3.6,0.00,90,2.1,0.8,0.00,0.00,0.00,3,81,81,0,0,6.9,121,96,15.5,15.1,0,0.00,1007.6,993.0
2023-04-15T03:00,3.1,0.00,91,1.8,0.2,0.00,0.00,0.00,1,44,33,19,0,6.9,110,81,12.6,13.7,0,0.00,1007.5,992.9
2023-04-15T04:00,1.4,0.00,95,0.7,-1.3,0.00,0.00,0.00,3,99,98,63,0,4.9,82,73,5.4,13.3,0,0.00,1007.6,992.9
2023-04-15T05:00,1.7,0.00,94,0.9,-0.6,0.00,0.00,0.00,3,93,91,81,0,1.9,360,68,3.6,7.6,0,0.00,1007.8,993.1
2023-04-15T06:00,2.9,0.00,90,1.4,0.7,0.00,0.00,0.00,3,96,50,96,0,1.9,354,68,3.3,5.4,1,0.00,1007.9,993.3
2023-04-15T07:00,5.2,0.00,85,2.9,3.3,0.00,0.00,0.00,1,42,7,41,0,1.6,318,27,4.3,5.8,1,3245.14,1008.1,993.6
2023-04-15T08:00,7.7,0.00,78,4.2,6.0,0.00,0.00,0.00,3,100,90,100,1,2.2,290,261,4.2,10.1,1,3600.00,1008.3,994.0
2023-04-15T09:00,9.8,0.00,73,5.1,8.0,0.00,0.00,0.00,3,100,99,100,0,3.9,315,304,5.6,14.0,1,3600.00,1008.5,994.3
2023-04-15T10:00,11.4,0.00,67,5.6,9.2,0.00,0.00,0.00,3,100,100,100,0,7.7,318,311,10.2,19.8,1,3600.00,1008.5,994.3
2023-04-15T11:00,12.0,0.10,63,5.2,8.9,0.10,0.00,0.00,51,100,94,100,5,12.6,345,340,17.6,28.1,1,247.70,1008.8,994.7
2023-04-15T12:00,12.0,0.00,60,4.4,8.6,0.00,0.00,0.00,3,100,10,100,5,13.8,352,351,19.2,30.6,1,881.31,1009.2,995.1
2023-04-15T13:00,12.9,0.00,56,4.3,9.5,0.00,0.00,0.00,3,100,99,100,6,13.8,341,340,18.7,30.6,1,1362.65,1009.5,995.4
2023-04-15T14:00,12.6,0.00,55,3.8,9.1,0.00,0.00,0.00,3,100,88,100,19,14.0,343,342,19.9,31.3,1,56.20,1010.2,996.1
2023-04-15T15:00,12.5,0.00,53,3.1,8.7,0.00,0.00,0.00,3,100,98,100,22,15.0,340,339,22.7,30.6,1,0.00,1010.5,996.4
2023-04-15T16:00,10.7,0.10,71,5.6,7.0,0.10,0.00,0.00,51,100,100,100,25,17.7,6,6,27.2,37.8,1,0.00,1011.7,997.5
2023-04-15T17:00,9.8,0.30,78,6.2,6.6,0.30,0.00,0.00,51,100,94,100,100,15.2,355,353,24.9,36.7,1,0.00,1012.8,998.5
2023-04-15T18:00,9.3,0.30,83,6.5,6.2,0.30,0.00,0.00,51,100,100,100,100,15.0,341,339,25.5,31.7,1,0.00,1013.7,999.4
2023-04-15T19:00,8.8,0.50,86,6.7,5.8,0.50,0.00,0.00,53,100,100,100,100,15.0,328,325,25.9,32.0,1,0.00,1014.2,999.8
2023-04-15T20:00,8.4,0.40,91,7.1,5.6,0.40,0.00,0.00,51,100,45,100,100,14.3,331,326,25.6,31.0,0,0.00,1015.0,1000.6
2023-04-15T21:00,8.2,0.30,92,7.0,5.3,0.30,0.00,0.00,51,100,12,100,99,14.2,329,324,24.9,29.9,0,0.00,1015.5,1001.1
2023-04-15T22:00,8.0,0.10,93,7.0,5.3,0.10,0.00,0.00,51,100,54,100,100,12.9,329,324,23.1,28.8,0,0.00,1015.8,1001.4
2023-04-15T23:00,7.9,0.20,94,7.0,5.2,0.20,0.00,0.00,51,100,20,100,100,13.3,327,322,24.0,27.4,0,0.00,1016.5,1002.0
2023-04-16T00:00,7.9,0.30,94,7.0,5.0,0.30,0.00,0.00,51,100,32,100,100,14.1,327,322,25.3,29.5,0,0.00,1016.9,1002.4
2023-04-16T01:00,8.0,0.30,93,7.0,5.2,0.30,0.00,0.00,51,100,5,100,100,14.1,327,322,25.3,31.0,0,0.00,1017.6,1003.1
2023-04-16T02:00,7.9,0.50,94,7.1,4.9,0.50,0.00,0.00,53,100,13,100,100,15.2,327,324,26.6,31.7,0,0.00,1017.6,1003.1
2023-04-16T03:00,7.8,0.30,94,6.9,4.8,0.30,0.00,0.00,51,100,10,100,100,15.1,326,322,26.2,31.7,0,0.00,1017.8,1003.3
2023-04-16T04:00,7.8,0.00,93,6.8,4.7,0.00,0.00,0.00,3,100,100,100,100,15.7,332,328,26.9,32.8,0,0.00,1018.0,1003.5
2023-04-16T05:00,7.6,0.00,93,6.6,4.5,0.00,0.00,0.00,3,100,94,100,100,15.6,335,331,26.9,33.5,0,0.00,1018.3,1003.8
2023-04-16T06:00,7.4,0.00,94,6.5,4.4,0.00,0.00,0.00,3,100,100,100,100,14.9,332,328,25.6,32.4,1,0.00,1018.7,1004.2
2023-04-16T07:00,7.8,0.00,93,6.7,4.5,0.00,0.00,0.00,3,100,96,99,100,16.4,330,327,25.8,31.0,1,0.00,1019.1,1004.6
2023-04-16T08:00,8.3,0.00,90,6.8,4.6,0.00,0.00,0.00,3,100,0,14,100,19.3,332,331,28.5,40.0,1,0.00,1019.6,1005.1
2023-04-16T09:00,9.0,0.10,85,6.6,5.3,0.10,0.00,0.00,51,100,44,100,100,19.5,333,332,28.2,41.4,1,0.00,1019.6,1005.2
2023-04-16T10:00,8.5,0.20,89,6.8,5.3,0.20,0.00,0.00,51,100,0,100,100,16.7,327,327,25.0,40.0,1,0.00,1020.1,1005.6
2023-04-16T11:00,8.7,0.10,89,7.0,5.5,0.10,0.00,0.00,51,100,0,100,100,16.3,332,332,23.7,34.6,1,0.00,1020.5,1006.0
2023-04-16T12:00,9.2,0.10,88,7.3,6.1,0.10,0.00,0.00,51,100,0,100,100,16.5,336,337,24.3,33.5,1,0.00,1020.7,1006.3
2023-04-16T13:00,9.4,0.00,89,7.6,6.6,0.00,0.00,0.00,3,100,0,100,100,15.3,330,330,22.4,32.8,1,0.00,1021.1,1006.7
2023-04-16T14:00,9.5,0.30,90,8.0,6.9,0.30,0.00,0.00,51,100,0,100,100,14.0,338,337,21.0,31.0,1,0.00,1021.3,1006.9
2023-04-16T15:00,9.9,0.10,89,8.2,7.6,0.10,0.00,0.00,51,100,0,100,100,12.8,340,338,19.6,28.4,1,0.00,1021.3,1006.9
2023-04-16T16:00,10.0,0.20,90,8.5,8.0,0.20,0.00,0.00,51,100,0,100,98,11.0,343,337,18.4,27.0,1,0.00,1021.3,1006.9
2023-04-16T17:00,10.1,0.10,90,8.6,8.0,0.10,0.00,0.00,51,100,0,100,69,11.7,349,342,19.1,24.8,1,0.00,1021.4,1007.0
2023-04-16T18:00,10.1,0.00,90,8.5,8.2,0.00,0.00,0.00,3,100,0,100,31,10.4,353,346,18.1,23.4,1,0.00,1021.6,1007.2
2023-04-16T19:00,9.8,0.00,90,8.2,8.0,0.00,0.00,0.00,3,100,0,100,12,8.6,6,358,17.4,21.2,1,0.00,1021.9,1007.5
2023-04-16T20:00,9.0,0.00,92,7.8,7.5,0.00,0.00,0.00,3,100,0,100,17,6.2,17,10,15.0,18.7,0,0.00,1022.4,1007.9
2023-04-16T21:00,8.8,0.00,92,7.7,7.3,0.00,0.00,0.00,3,98,0,98,33,6.5,11,3,15.4,14.0,0,0.00,1022.7,1008.2
2023-04-16T22:00,8.6,0.10,93,7.6,7.0,0.10,0.00,0.00,51,100,0,100,100,6.5,7,357,15.6,14.0,0,0.00,1022.7,1008.2
2023-04-16T23:00,8.5,0.10,94,7.6,6.8,0.10,0.00,0.00,51,100,0,100,100,7.6,2,352,16.9,15.8,0,0.00,1022.5,1008.0
2023-04-17T00:00,8.5,0.10,94,7.6,6.7,0.10,0.00,0.00,51,100,0,100,100,8.0,5,355,17.0,16.6,0,0.00,1022.6,1008.1
2023-04-17T01:00,8.3,0.00,94,7.4,6.4,0.00,0.00,0.00,3,92,0,100,36,8.3,15,5,18.3,16.6,0,0.00,1022.6,1008.1
2023-04-17T02:00,8.1,0.00,94,7.1,6.1,0.00,0.00,0.00,3,88,0,87,38,8.6,22,15,19.1,17.6,0,0.00,1022.4,1007.9
2023-04-17T03:00,7.7,0.00,94,6.8,5.8,0.00,0.00,0.00,3,81,0,60,63,7.4,24,14,17.7,17.6,0,0.00,1022.2,1007.7
2023-04-17T04:00,7.2,0.00,95,6.4,5.3,0.00,0.00,0.00,3,97,0,97,62,6.5,13,3,16.2,15.8,0,0.00,1022.3,1007.7
2023-04-17T05:00,7.0,0.00,95,6.3,5.2,0.00,0.00,0.00,2,67,0,62,34,6.2,18,7,16.3,14.0,0,0.00,1022.5,1007.9
2023-04-17T06:00,7.0,0.00,95,6.2,5.1,0.00,0.00,0.00,3,100,0,100,100,6.2,28,21,15.5,13.3,1,0.00,1022.9,1008.3
2023-04-17T07:00,7.9,0.00,93,6.8,6.1,0.00,0.00,0.00,3,100,0,92,100,6.6,35,22,11.4,14.0,1,0.00,1023.0,1008.4
2023-04-17T08:00,9.0,0.30,88,7.2,7.3,0.30,0.00,0.00,51,63,0,47,47,6.7,20,16,9.6,15.8,1,1051.58,1023.3,1008.8
2023-04-17T09:00,10.5,0.40,83,7.8,8.8,0.40,0.00,0.00,51,100,0,57,100,7.4,32,29,10.2,22.3,1,3600.00,1023.5,1009.1
2023-04-17T10:00,11.6,0.10,78,7.8,10.1,0.10,0.00,0.00,51,100,0,89,100,6.4,48,43,9.2,21.6,1,2059.19,1023.4,1009.0
2023-04-17T11:00,12.6,0.10,69,7.0,10.6,0.10,0.00,0.00,51,100,0,100,100,8.2,32,29,11.0,20.5,1,0.00,1023.1,1008.8
2023-04-17T12:00,12.9,0.00,65,6.6,10.4,0.00,0.00,0.00,3,97,0,88,96,11.4,27,24,15.8,25.9,1,1524.96,1022.6,1008.3
2023-04-17T13:00,12.1,0.20,73,7.4,9.6,0.20,0.00,0.00,51,43,0,97,94,12.1,29,27,16.9,28.1,1,0.00,1023.2,1008.9
2023-04-17T14:00,12.3,0.10,69,6.7,9.6,0.10,0.00,0.00,51,100,0,100,59,12.4,32,30,17.8,28.1,1,1914.87,1023.1,1008.8
2023-04-17T15:00,12.7,0.00,64,6.1,9.9,0.00,0.00,0.00,2,77,0,74,36,12.5,36,33,17.8,27.0,1,129.59,1022.7,1008.4
2023-04-17T16:00,13.0,0.00,61,5.6,9.8,0.00,0.00,0.00,3,96,0,95,42,14.3,41,41,20.7,31.0,1,3600.00,1022.4,1008.1
2023-04-17T17:00,12.2,0.00,65,5.7,9.1,0.00,0.00,0.00,3,100,0,100,100,13.9,36,31,22.2,31.3,1,892.19,1022.5,1008.2
2023-04-17T18:00,11.8,0.00,67,5.8,8.9,0.00,0.00,0.00,3,100,0,100,17,12.6,30,24,21.9,28.8,1,0.00,1022.6,1008.3
2023-04-17T19:00,11.2,0.00,68,5.5,8.2,0.00,0.00,0.00,3,98,0,98,11,12.9,40,36,23.0,27.0,1,0.00,1022.7,1008.3
2023-04-17T20:00,10.4,0.00,71,5.3,7.7,0.00,0.00,0.00,3,100,0,100,13,10.5,54,49,20.6,26.6,0,0.00,1023.2,1008.8
2023-04-17T21:00,9.9,0.00,69,4.6,7.2,0.00,0.00,0.00,3,97,0,97,21,9.5,57,53,20.6,22.3,0,0.00,1023.2,1008.8
2023-04-17T22:00,9.0,0.00,69,3.6,6.2,0.00,0.00,0.00,1,34,0,32,17,8.7,55,45,20.2,20.9,0,0.00,1023.1,1008.6
2023-04-17T23:00,7.8,0.00,73,3.3,5.0,0.00,0.00,0.00,1,34,0,34,8,8.2,62,49,20.0,18.4,0,0.00,1023.1,1008.5
2023-04-18T00:00,7.2,0.00,75,3.1,4.4,0.00,0.00,0.00,1,34,0,32,13,8.2,62,49,20.8,18.0,0,0.00,1023.1,1008.5
2023-04-18T01:00,6.7,0.00,83,3.9,4.0,0.00,0.00,0.00,1,30,0,13,11,8.7,57,45,20.3,19.4,0,0.00,1022.9,1008.3
2023-04-18T02:00,6.5,0.00,83,3.8,3.6,0.00,0.00,0.00,0,15,4,8,10,10.2,53,42,23.1,21.2,0,0.00,1022.8,1008.2
2023-04-18T03:00,6.3,0.00,83,3.7,3.2,0.00,0.00,0.00,1,24,8,12,10,10.8,61,53,23.5,22.7,0,0.00,1022.5,1007.9
2023-04-18T04:00,6.1,0.00,83,3.5,2.9,0.00,0.00,0.00,1,40,11,19,20,11.8,65,59,25.0,24.5,0,0.00,1022.4,1007.8
2023-04-18T05:00,5.9,0.00,85,3.5,2.7,0.00,0.00,0.00,1,37,0,24,19,11.5,66,58,24.5,25.2,0,0.00,1022.4,1007.8
2023-04-18T06:00,5.9,0.00,86,3.8,3.0,0.00,0.00,0.00,1,49,0,35,32,9.8,69,62,21.7,24.1,1,0.00,1022.9,1008.2
2023-04-18T07:00,7.2,0.00,82,4.3,4.1,0.00,0.00,0.00,1,35,0,24,29,11.6,77,74,19.6,24.1,1,3593.82,1023.3,1008.7
2023-04-18T08:00,8.7,0.00,79,5.2,6.1,0.00,0.00,0.00,1,49,17,31,20,9.3,59,54,13.9,25.9,1,3600.00,1023.2,1008.7
2023-04-18T09:00,10.8,0.00,71,5.8,7.1,0.00,0.00,0.00,3,96,72,9,86,18.2,82,82,25.8,38.2,1,3600.00,1023.0,1008.6
2023-04-18T10:00,12.0,0.00,68,6.2,8.3,0.00,0.00,0.00,3,100,79,3,100,18.8,84,83,26.8,40.7,1,3600.00,1022.9,1008.6
2023-04-18T11:00,12.5,0.00,65,6.2,8.8,0.00,0.00,0.00,3,100,100,5,100,18.9,82,81,27.2,40.7,1,2091.18,1022.9,1008.6
2023-04-18T12:00,13.2,0.00,63,6.2,9.4,0.00,0.00,0.00,3,100,84,0,100,19.7,81,82,28.4,41.4,1,89.90,1022.5,1008.2
2023-04-18T13:00,13.9,0.00,61,6.4,10.1,0.00,0.00,0.00,3,100,0,2,100,19.2,83,82,27.6,41.4,1,0.00,1022.7,1008.5
2023-04-18T14:00,13.9,0.00,59,6.0,10.2,0.00,0.00,0.00,3,95,0,4,95,18.8,79,78,27.9,41.4,1,147.68,1022.5,1008.3
2023-04-18T15:00,14.7,0.00,56,6.1,10.7,0.00,0.00,0.00,3,100,47,2,100,20.7,77,77,30.3,43.9,1,3600.00,1022.2,1008.0
2023-04-18T16:00,14.6,0.00,56,5.9,10.9,0.00,0.00,0.00,3,100,100,2,100,18.4,75,73,28.4,44.3,1,564.79,1022.0,1007.8
2023-04-18T17:00,14.8,0.00,54,5.7,11.0,0.00,0.00,0.00,3,100,64,38,100,18.7,71,71,29.3,39.6,1,3600.00,1021.8,1007.6
2023-04-18T18:00,13.9,0.00,61,6.6,10.9,0.00,0.00,0.00,3,97,27,21,96,14.8,66,64,25.6,38.9,1,0.00,1022.2,1008.0
2023-04-18T19:00,12.6,0.00,64,5.9,9.3,0.00,0.00,0.00,1,30,0,10,30,15.5,66,62,28.0,31.3,1,2898.39,1022.6,1008.3
2023-04-18T20:00,11.0,0.00,70,5.6,7.6,0.00,0.00,0.00,0,0,0,0,0,15.5,65,62,29.3,33.5,0,0.00,1023.6,1009.2
2023-04-18T21:00,10.1,0.00,73,5.4,6.7,0.00,0.00,0.00,1,26,0,0,26,15.0,67,63,29.0,32.4,0,0.00,1023.9,1009.4
2023-04-18T22:00,10.0,0.00,72,5.2,6.5,0.00,0.00,0.00,0,18,0,3,16,15.8,68,66,29.4,32.4,0,0.00,1024.0,1009.5
2023-04-18T23:00,9.4,0.00,75,5.2,5.8,0.00,0.00,0.00,1,20,0,7,17,16.5,72,70,30.6,33.5,0,0.00,1024.1,1009.6
2023-04-19T00:00,8.9,0.00,78,5.2,5.2,0.00,0.00,0.00,0,14,0,13,10,17.1,72,72,31.8,34.6,0,0.00,1023.9,1009.4
2023-04-19T01:00,9.3,0.00,78,5.7,6.0,0.00,0.00,0.00,0,12,0,55,100,15.1,74,72,28.1,34.6,0,0.00,1024.1,1009.6
2023-04-19T02:00,9.5,0.00,77,5.8,6.5,0.00,0.00,0.00,2,77,0,16,76,13.6,75,73,24.6,30.6,0,0.00,1023.8,1009.3
2023-04-19T03:00,8.6,0.00,83,5.8,5.5,0.00,0.00,0.00,2,67,0,6,67,14.0,70,67,26.9,27.4,0,0.00,1023.4,1008.9
2023-04-19T04:00,8.6,0.00,82,5.6,5.2,0.00,0.00,0.00,3,100,0,16,100,15.5,68,68,29.4,31.3,0,0.00,1023.1,1008.6
2023-04-19T05:00,8.8,0.00,80,5.5,5.5,0.00,0.00,0.00,3,100,0,6,100,14.5,72,71,27.2,31.7,0,0.00,1022.7,1008.2
2023-04-19T06:00,8.6,0.00,81,5.6,5.7,0.00,0.00,0.00,1,32,0,1,32,12.4,70,64,23.7,29.2,1,0.00,1023.0,1008.5
2023-04-19T07:00,9.0,0.00,84,6.4,6.9,0.00,0.00,0.00,0,7,0,0,7,7.6,61,45,18.5,25.2,1,3600.00,1023.1,1008.6
2023-04-19T08:00,10.7,0.00,81,7.6,9.2,0.00,0.00,0.00,1,46,20,26,23,6.0,29,17,9.0,16.9,1,3600.00,1022.9,1008.5
2023-04-19T09:00,12.5,0.00,71,7.3,10.1,0.00,0.00,0.00,3,100,26,100,100,11.2,49,48,15.3,25.6,1,3600.00,1022.5,1008.2
2023-04-19T10:00,12.4,0.00,71,7.3,9.9,0.00,0.00,0.00,3,100,88,100,100,12.0,44,44,16.5,26.6,1,1557.75,1022.3,1008.0
2023-04-19T11:00,11.9,0.00,72,7.1,9.6,0.00,0.00,0.00,3,100,87,100,100,10.5,41,38,14.8,26.6,1,0.00,1022.0,1007.7
2023-04-19T12:00,11.6,0.00,73,6.9,9.2,0.00,0.00,0.00,3,100,89,100,100,11.2,36,33,16.0,23.4,1,0.00,1021.6,1007.3
2023-04-19T13:00,12.2,0.00,72,7.3,10.0,0.00,0.00,0.00,3,100,53,73,100,9.9,44,44,14.0,25.6,1,0.00,1020.7,1006.4
2023-04-19T14:00,13.0,0.10,66,6.8,10.7,0.10,0.00,0.00,51,100,94,29,92,10.0,50,52,14.1,24.1,1,217.42,1020.2,1005.9
2023-04-19T15:00,13.8,0.10,58,5.7,11.1,0.10,0.00,0.00,51,35,7,24,9,11.2,46,45,15.5,25.2,1,3600.00,1019.4,1005.2
2023-04-19T16:00,14.1,0.00,46,2.5,10.4,0.00,0.00,0.00,1,44,0,42,2,13.7,47,45,19.4,28.8,1,3600.00,1018.8,1004.6
2023-04-19T17:00,13.2,0.00,41,0.2,8.8,0.00,0.00,0.00,2,64,42,37,5,15.6,56,56,23.9,33.8,1,3600.00,1018.7,1004.5
2023-04-19T18:00,12.1,0.00,44,0.2,8.2,0.00,0.00,0.00,0,19,8,11,0,12.1,54,53,22.2,33.8,1,3600.00,1019.0,1004.7
2023-04-19T19:00,10.2,0.00,46,-0.8,6.6,0.00,0.00,0.00,0,6,0,6,0,9.7,49,45,21.4,25.9,1,3104.52,1019.1,1004.7
2023-04-19T20:00,7.7,0.00,53,-1.3,4.2,0.00,0.00,0.00,0,0,0,0,0,7.9,55,51,20.2,20.5,0,0.00,1019.5,1005.0
2023-04-19T21:00,7.0,0.00,55,-1.3,3.2,0.00,0.00,0.00,0,0,0,0,0,10.4,60,56,24.5,22.0,0,0.00,1019.9,1005.3
2023-04-19T22:00,6.9,0.00,59,-0.6,3.1,0.00,0.00,0.00,0,0,0,0,0,10.8,63,60,24.6,23.8,0,0.00,1019.7,1005.1
2023-04-19T23:00,6.1,0.00,64,-0.2,2.6,0.00,0.00,0.00,0,0,0,0,0,9.2,65,59,22.6,23.4,0,0.00,1019.6,1005.0
2023-04-20T00:00,5.3,0.00,68,-0.1,1.8,0.00,0.00,0.00,0,6,0,6,0,9.7,56,45,23.1,20.2,0,0.00,1019.3,1004.7
2023-04-20T01:00,5.0,0.00,68,-0.5,1.7,0.00,0.00,0.00,0,13,0,0,0,7.5,66,55,20.9,20.2,0,0.00,1018.4,1003.8
2023-04-20T02:00,4.2,0.00,72,-0.5,1.0,0.00,0.00,0.00,0,15,3,13,0,6.5,69,56,18.5,16.2,0,0.00,1017.5,1002.8
2023-04-20T03:00,3.3,0.00,77,-0.4,0.3,0.00,0.00,0.00,1,26,11,17,2,5.9,68,52,17.1,14.0,0,0.00,1016.9,1002.2
2023-04-20T04:00,2.8,0.00,79,-0.4,-0.2,0.00,0.00,0.00,1,38,2,34,22,5.7,69,55,16.2,12.6,0,0.00,1016.6,1001.9
2023-04-20T05:00,3.1,0.00,79,-0.2,0.1,0.00,0.00,0.00,3,97,0,96,32,5.6,63,40,16.1,12.2,0,0.00,1016.5,1001.8
2023-04-20T06:00,3.8,0.00,81,0.8,1.1,0.00,0.00,0.00,3,82,0,78,35,4.5,67,61,14.8,12.2,1,0.00,1016.5,1001.8
2023-04-20T07:00,5.3,0.00,75,1.3,3.1,0.00,0.00,0.00,1,47,0,46,3,2.0,88,45,11.2,10.1,1,3600.00,1016.5,1001.9
2023-04-20T08:00,6.8,0.00,74,2.4,4.7,0.00,0.00,0.00,0,0,0,0,0,2.2,30,360,2.9,9.4,1,3600.00,1016.1,1001.6
2023-04-20T09:00,8.6,0.00,71,3.6,6.4,0.00,0.00,0.00,0,11,0,5,10,4.9,74,73,6.7,17.6,1,3600.00,1015.8,1001.4
2023-04-20T10:00,10.4,0.00,66,4.3,7.9,0.00,0.00,0.00,1,38,0,4,36,9.0,93,92,12.3,26.6,1,3600.00,1015.2,1000.9
2023-04-20T11:00,11.6,0.10,58,3.7,8.9,0.10,0.00,0.00,51,45,0,22,39,13.4,97,96,18.5,32.4,1,3600.00,1014.8,1000.6
2023-04-20T12:00,12.4,0.10,52,2.9,9.5,0.10,0.00,0.00,51,100,0,100,99,15.1,92,91,20.9,36.0,1,3600.00,1014.1,999.9
2023-04-20T13:00,8.8,1.20,73,4.2,5.2,1.20,0.00,0.00,55,86,0,97,35,15.6,136,140,23.2,36.0,1,1971.07,1014.3,999.9
2023-04-20T14:00,10.4,0.10,65,4.2,7.4,0.10,0.00,0.00,51,85,0,85,3,11.4,104,101,16.7,35.6,1,3600.00,1014.0,999.7
2023-04-20T15:00,12.0,0.00,53,2.8,8.5,0.00,0.00,0.00,3,98,0,97,41,12.6,91,88,18.0,32.4,1,3600.00,1013.3,999.1
2023-04-20T16:00,11.9,0.00,51,2.2,8.0,0.00,0.00,0.00,3,100,100,100,95,14.4,95,94,21.3,31.7,1,3600.00,1013.2,999.0
2023-04-20T17:00,10.6,0.00,60,3.0,7.4,0.00,0.00,0.00,3,100,100,100,75,10.5,99,96,18.2,31.3,1,0.00,1013.5,999.2
2023-04-20T18:00,10.0,0.00,66,3.9,7.5,0.00,0.00,0.00,3,100,100,100,100,7.6,90,85,14.8,22.3,1,0.00,1013.8,999.5
2023-04-20T19:00,9.4,0.20,74,4.9,7.0,0.20,0.00,0.00,51,100,100,100,100,8.0,105,98,15.6,17.3,1,0.00,1014.1,999.8
2023-04-20T20:00,9.0,0.20,80,5.8,6.7,0.20,0.00,0.00,51,100,99,100,100,8.0,106,98,15.7,18.0,0,0.00,1014.3,999.9
2023-04-20T21:00,8.6,0.50,86,6.4,7.0,0.50,0.00,0.00,53,100,100,100,100,4.9,93,73,11.9,16.9,0,0.00,1014.0,999.6
2023-04-20T22:00,8.5,0.50,91,7.1,7.0,0.50,0.00,0.00,53,100,72,99,100,5.0,95,90,11.9,13.7,0,0.00,1014.0,999.6
2023-04-20T23:00,8.5,0.10,89,6.8,6.7,0.10,0.00,0.00,51,100,8,14,100,6.5,93,84,13.7,13.3,0,0.00,1013.7,999.3
2023-04-21T00:00,8.3,0.00,89,6.6,6.4,0.00,0.00,0.00,0,15,0,0,15,6.6,101,99,15.4,14.4,0,0.00,1013.6,999.2
2023-04-21T01:00,6.2,0.00,91,4.8,3.6,0.00,0.00,0.00,0,3,0,0,2,9.0,104,92,20.8,13.7,0,0.00,1014.1,999.6
2023-04-21T02:00,5.6,0.00,91,4.3,2.9,0.00,0.00,0.00,3,99,99,0,2,8.9,112,104,21.8,18.4,0,0.00,1013.9,999.4
2023-04-21T03:00,5.5,0.00,92,4.3,3.0,0.00,0.00,0.00,0,6,6,1,0,7.7,113,101,18.4,18.7,0,0.00,1013.8,999.3
2023-04-21T04:00,5.2,0.00,92,4.0,2.2,0.00,0.00,0.00,3,100,100,0,0,10.7,108,102,24.6,22.3,0,0.00,1014.1,999.5
2023-04-21T05:00,5.0,0.00,92,3.9,2.4,0.00,0.00,0.00,3,100,100,26,0,7.8,115,112,19.5,21.6,0,0.00,1013.9,999.3
2023-04-21T06:00,4.9,0.00,93,3.9,2.4,0.00,0.00,0.00,3,100,100,76,0,7.0,112,102,17.9,16.2,1,0.00,1014.2,999.6
2023-04-21T07:00,6.3,0.00,91,4.9,3.8,0.00,0.00,0.00,3,100,100,99,0,8.8,108,99,18.2,17.3,1,2754.37,1014.6,1000.1
2023-04-21T08:00,7.6,0.00,87,5.5,5.6,0.00,0.00,0.00,3,100,100,100,0,5.9,104,101,11.5,17.6,1,0.00,1014.6,1000.2
2023-04-21T09:00,9.8,0.00,80,6.5,7.8,0.00,0.00,0.00,3,89,45,85,0,7.4,114,113,10.6,19.4,1,3600.00,1014.4,1000.1
2023-04-21T10:00,11.8,0.00,71,6.8,9.9,0.00,0.00,0.00,3,99,55,97,0,7.4,104,104,10.4,21.2,1,3600.00,1013.9,999.7
2023-04-21T11:00,13.2,0.00,67,7.2,11.3,0.00,0.00,0.00,1,33,5,28,4,8.7,106,107,11.6,22.3,1,3600.00,1013.6,999.4
2023-04-21T12:00,14.8,0.00,61,7.3,13.7,0.00,0.00,0.00,1,28,0,20,11,10.3,100,102,14.3,26.6,1,3600.00,1013.1,999.0
2023-04-21T13:00,16.6,0.00,57,8.0,15.2,0.00,0.00,0.00,1,20,0,0,63,14.4,112,112,19.4,28.8,1,3600.00,1011.9,997.9
2023-04-21T14:00,16.9,0.00,59,8.8,15.1,0.00,0.00,0.00,0,13,11,1,2,13.2,100,101,18.3,32.4,1,3600.00,1011.4,997.5
2023-04-21T15:00,17.6,0.00,57,9.1,16.3,0.00,0.00,0.00,0,13,8,6,4,11.5,109,110,15.6,30.2,1,3600.00,1010.6,996.7
2023-04-21T16:00,17.9,0.00,56,8.9,15.7,0.00,0.00,0.00,1,26,14,21,0,12.6,111,114,18.1,28.4,1,3600.00,1009.9,996.0
2023-04-21T17:00,17.5,0.00,57,8.9,15.2,0.00,0.00,0.00,3,88,80,59,22,13.8,146,152,20.5,32.4,1,3600.00,1009.7,995.8
2023-04-21T18:00,14.5,0.00,80,11.1,14.3,0.00,0.00,0.00,2,79,27,72,0,3.6,213,225,7.3,30.2,1,1341.45,1010.5,996.5
2023-04-21T19:00,13.0,0.00,89,11.1,12.7,0.00,0.00,0.00,0,18,1,18,0,4.1,177,232,6.5,9.0,1,1307.53,1010.7,996.6
2023-04-21T20:00,11.4,0.00,91,9.9,10.6,0.00,0.00,0.00,2,62,59,8,2,4.8,147,132,8.6,9.0,0,0.00,1011.0,996.8
2023-04-21T21:00,9.6,0.00,94,8.8,8.6,0.00,0.00,0.00,3,92,82,55,1,4.5,140,104,9.4,11.2,0,0.00,1011.1,996.8
2023-04-21T22:00,9.7,0.00,92,8.5,8.6,0.00,0.00,0.00,3,100,100,94,0,5.2,155,102,9.5,10.1,0,0.00,1011.3,997.0
2023-04-21T23:00,10.5,0.00,90,9.0,9.0,0.00,0.00,0.00,3,100,100,100,0,8.4,129,100,13.8,15.8,0,0.00,1011.3,997.0
2023-04-22T00:00,10.1,0.00,92,8.8,8.5,0.00,0.00,0.00,3,100,100,100,0,9.1,122,99,17.5,17.3,0,0.00,1011.4,997.1
2023-04-22T01:00,11.3,0.00,83,8.6,9.0,0.00,0.00,0.00,3,100,100,98,0,13.0,124,104,25.2,19.1,0,0.00,1009.9,995.7
2023-04-22T02:00,11.7,0.00,80,8.3,9.3,0.00,0.00,0.00,3,100,100,91,0,13.1,122,111,27.7,29.5,0,0.00,1010.1,995.9
2023-04-22T03:00,11.3,0.00,82,8.3,9.6,0.00,0.00,0.00,3,100,100,40,0,8.2,134,119,20.6,25.6,0,0.00,1010.3,996.1
2023-04-22T04:00,10.9,0.00,84,8.2,8.7,0.00,0.00,0.00,3,100,100,26,0,11.4,128,108,23.6,21.6,0,0.00,1010.2,996.0
2023-04-22T05:00,10.4,0.00,84,7.9,8.4,0.00,0.00,0.00,3,99,99,18,0,9.3,136,118,21.4,23.0,0,0.00,1010.4,996.2
2023-04-22T06:00,9.8,0.00,86,7.6,7.9,0.00,0.00,0.00,3,100,100,48,0,8.7,140,120,17.4,18.4,1,0.00,1010.6,996.3
2023-04-22T07:00,11.1,0.00,83,8.3,9.3,0.00,0.00,0.00,3,99,99,36,0,9.4,133,122,17.6,18.0,1,1264.17,1010.9,996.7
2023-04-22T08:00,12.9,0.00,81,9.7,11.7,0.00,0.00,0.00,3,98,98,18,0,7.6,126,121,16.0,18.0,1,3600.00,1010.9,996.8
2023-04-22T09:00,14.9,0.00,75,10.5,14.0,0.00,0.00,0.00,2,79,78,22,0,6.8,115,115,10.3,17.6,1,3600.00,1010.6,996.6
2023-04-22T10:00,16.8,0.00,71,11.6,16.2,0.00,0.00,0.00,3,100,100,80,0,8.0,180,185,10.4,20.9,1,3600.00,1010.4,996.5
2023-04-22T11:00,18.1,0.00,65,11.4,18.4,0.00,0.00,0.00,3,100,100,3,0,5.0,193,201,6.3,21.6,1,3600.00,1010.3,996.4
2023-04-22T12:00,19.6,0.00,58,11.2,20.4,0.00,0.00,0.00,3,100,100,9,0,4.3,196,204,5.2,16.6,1,3600.00,1009.9,996.1
2023-04-22T13:00,21.8,0.00,42,8.1,21.0,0.00,0.00,0.00,3,98,98,33,0,10.4,201,200,14.2,19.4,1,3600.00,1009.2,995.5
2023-04-22T14:00,21.5,0.00,40,7.2,18.4,0.00,0.00,0.00,3,100,84,100,0,19.2,213,214,27.6,37.4,1,3600.00,1009.0,995.3
2023-04-22T15:00,19.4,0.00,50,8.6,16.6,0.00,0.00,0.00,3,100,93,98,5,16.3,242,242,25.8,44.6,1,1791.24,1009.3,995.5
2023-04-22T16:00,19.3,0.00,52,9.2,17.5,0.00,0.00,0.00,3,97,94,55,0,10.6,249,252,17.3,33.8,1,0.00,1009.0,995.2
2023-04-22T17:00,19.2,0.00,56,10.2,18.1,0.00,0.00,0.00,3,100,99,68,13,7.9,230,231,16.1,23.0,1,3600.00,1009.0,995.2
2023-04-22T18:00,18.4,0.00,58,9.9,16.4,0.00,0.00,0.00,3,100,100,100,22,13.3,231,229,25.1,26.6,1,2080.38,1009.2,995.4
2023-04-22T19:00,16.3,0.00,67,10.2,14.5,0.00,0.00,0.00,3,100,100,100,0,12.8,232,230,23.3,34.2,1,0.00,1009.9,996.0
2023-04-22T20:00,14.8,0.10,77,10.8,13.5,0.10,0.00,0.00,51,100,100,100,14,10.5,220,211,21.5,26.3,0,0.00,1010.5,996.5
2023-04-22T21:00,14.1,0.30,84,11.4,13.2,0.30,0.00,0.00,51,100,100,100,3,9.3,220,208,19.7,22.3,0,0.00,1010.9,996.8
2023-04-22T22:00,13.4,0.10,90,11.8,12.9,0.10,0.00,0.00,51,100,96,100,5,7.3,218,200,16.9,20.2,0,0.00,1010.7,996.6
2023-04-22T23:00,13.0,0.50,92,11.8,12.2,0.50,0.00,0.00,53,100,98,100,100,9.1,223,214,19.6,19.1,0,0.00,1010.8,996.7
2023-04-23T00:00,12.8,0.40,95,12.0,12.2,0.40,0.00,0.00,51,100,100,100,58,7.7,224,208,17.1,20.5,0,0.00,1011.0,996.9
2023-04-23T01:00,12.6,0.30,92,11.3,11.5,0.30,0.00,0.00,51,100,100,100,100,9.7,228,222,19.4,16.6,0,0.00,1010.7,996.6
2023-04-23T02:00,12.2,0.40,94,11.3,10.9,0.40,0.00,0.00,51,100,100,100,77,12.0,227,221,22.7,25.6,0,0.00,1010.8,996.6
2023-04-23T03:00,12.0,0.20,95,11.2,10.6,0.20,0.00,0.00,51,100,100,100,100,11.7,230,225,22.0,25.2,0,0.00,1010.9,996.7
2023-04-23T04:00,11.7,0.10,95,10.9,10.3,0.10,0.00,0.00,51,100,100,100,100,11.2,232,228,21.8,24.1,0,0.00,1011.0,996.8
2023-04-23T05:00,11.5,0.10,95,10.8,10.0,0.10,0.00,0.00,51,74,56,17,27,11.5,226,221,21.9,24.1,0,0.00,1011.1,996.9
2023-04-23T06:00,10.9,0.20,94,10.0,9.5,0.20,0.00,0.00,51,59,11,24,47,9.6,239,236,20.2,24.1,1,0.00,1011.3,997.1
2023-04-23T07:00,11.8,0.00,91,10.4,10.4,0.00,0.00,0.00,2,61,42,13,29,10.2,228,219,16.8,21.2,1,2009.80,1011.3,997.1
2023-04-23T08:00,12.6,0.00,88,10.6,11.2,0.00,0.00,0.00,1,39,17,1,27,11.0,216,212,15.5,24.8,1,3600.00,1011.2,997.1
2023-04-23T09:00,13.9,0.00,83,11.1,12.7,0.00,0.00,0.00,1,30,25,3,5,10.1,209,207,14.0,24.5,1,3600.00,1010.7,996.6
2023-04-23T10:00,15.1,0.10,75,10.7,13.9,0.10,0.00,0.00,51,47,30,18,12,10.6,216,215,14.2,26.6,1,3600.00,1010.2,996.2
2023-04-23T11:00,16.1,0.20,65,9.6,15.1,0.20,0.00,0.00,51,91,90,11,11,10.0,205,206,13.5,26.3,1,3600.00,1009.7,995.7
2023-04-23T12:00,17.3,0.00,58,8.9,16.4,0.00,0.00,0.00,3,100,100,13,6,9.7,195,195,12.7,25.2,1,3600.00,1008.6,994.7
2023-04-23T13:00,18.1,0.00,50,7.7,16.9,0.00,0.00,0.00,3,100,99,12,2,9.4,185,184,12.3,29.5,1,3600.00,1008.1,994.3
2023-04-23T14:00,18.7,0.00,47,7.3,17.3,0.00,0.00,0.00,3,88,86,10,1,9.8,174,174,13.0,24.1,1,3600.00,1006.8,993.0
2023-04-23T15:00,19.0,0.00,45,7.0,17.0,0.00,0.00,0.00,3,100,100,10,1,11.9,183,182,16.2,27.4,1,3600.00,1005.9,992.1
2023-04-23T16:00,18.8,0.00,45,6.8,16.0,0.00,0.00,0.00,3,100,100,83,2,13.3,199,199,19.0,29.5,1,3600.00,1005.2,991.4
2023-04-23T17:00,18.0,0.00,51,7.8,15.9,0.00,0.00,0.00,3,100,100,97,1,10.3,204,205,18.5,29.2,1,0.00,1004.8,991.0
2023-04-23T18:00,15.4,0.10,65,9.0,13.2,0.10,0.00,0.00,51,100,100,100,3,13.6,234,233,24.0,35.3,1,0.00,1005.4,991.5
2023-04-23T19:00,14.6,0.00,72,9.7,12.8,0.00,0.00,0.00,3,100,100,78,0,12.1,208,203,22.9,28.4,1,0.00,1005.4,991.4
2023-04-23T20:00,12.3,3.10,86,9.9,10.3,3.10,0.00,0.00,63,100,100,100,62,13.3,223,221,24.7,32.8,0,0.00,1006.7,992.6
2023-04-23T21:00,12.1,2.30,87,10.0,10.8,2.30,0.00,0.00,61,100,100,19,14,8.6,225,213,20.4,32.4,0,0.00,1006.7,992.6
2023-04-23T22:00,12.3,0.00,85,9.8,10.2,0.00,0.00,0.00,3,100,100,3,3,13.5,233,228,26.2,28.4,0,0.00,1006.8,992.7
2023-04-23T23:00,11.7,0.00,84,9.0,9.3,0.00,0.00,0.00,3,99,99,0,5,14.3,231,227,27.4,29.9,0,0.00,1006.7,992.6
2023-04-24T00:00,11.0,0.00,86,8.7,8.7,0.00,0.00,0.00,3,100,100,1,8,13.0,228,224,25.5,30.2,0,0.00,1006.6,992.4
2023-04-24T01:00,10.9,0.00,87,8.9,8.7,0.00,0.00,0.00,2,57,100,12,23,13.4,216,211,25.0,27.4,0,0.00,1006.3,992.1
2023-04-24T02:00,10.3,0.40,92,9.0,8.0,0.40,0.00,0.00,51,86,46,46,59,14.0,213,206,26.1,30.2,0,0.00,1006.2,992.0
2023-04-24T03:00,10.2,1.50,91,8.9,7.6,1.50,0.00,0.00,61,100,36,58,100,15.6,209,203,26.7,32.4,0,0.00,1006.0,991.8
2023-04-24T04:00,10.4,0.10,90,8.9,7.8,0.10,0.00,0.00,51,100,38,40,100,15.5,227,226,27.2,32.4,0,0.00,1006.2,992.0
2023-04-24T05:00,10.1,0.70,94,9.1,7.1,0.70,0.00,0.00,53,100,91,98,57,18.6,229,229,30.6,37.8,0,0.00,1006.7,992.5
2023-04-24T06:00,9.8,0.10,90,8.3,7.1,0.10,0.00,0.00,51,92,89,22,8,14.8,234,231,25.3,37.4,1,0.00,1007.0,992.8
2023-04-24T07:00,9.8,0.20,88,7.9,6.6,0.20,0.00,0.00,51,98,97,0,9,17.9,241,240,29.2,37.1,1,3600.00,1007.7,993.5
2023-04-24T08:00,10.2,0.00,83,7.5,6.8,0.00,0.00,0.00,2,69,53,30,11,18.8,245,244,28.5,40.3,1,3600.00,1008.1,993.9
2023-04-24T09:00,11.1,0.00,75,6.8,7.2,0.00,0.00,0.00,0,18,2,9,14,20.9,252,251,30.3,47.5,1,3600.00,1008.4,994.2
2023-04-24T10:00,12.1,0.10,66,6.0,7.8,0.10,0.00,0.00,51,18,0,11,9,22.0,255,255,31.3,47.5,1,3600.00,1008.9,994.8
2023-04-24T11:00,12.6,0.20,62,5.4,8.2,0.20,0.00,0.00,51,44,0,28,33,24.8,257,257,35.9,55.8,1,3600.00,1009.4,995.3
2023-04-24T12:00,13.1,0.00,60,5.6,9.0,0.00,0.00,0.00,2,56,0,47,44,23.4,260,259,33.7,55.1,1,3600.00,1009.6,995.5
2023-04-24T13:00,11.2,0.00,63,4.5,5.7,0.00,0.00,0.00,1,40,0,100,97,28.8,253,254,42.1,53.6,1,3600.00,1010.9,996.7
2023-04-24T14:00,10.4,0.20,77,6.6,6.7,0.20,0.00,0.00,51,38,0,29,18,19.7,243,242,29.9,58.0,1,0.00,1011.2,996.9
2023-04-24T15:00,12.0,0.20,69,6.4,7.8,0.20,0.00,0.00,51,58,0,38,39,22.3,262,261,32.0,49.3,1,3600.00,1010.9,996.7
2023-04-24T16:00,12.0,0.90,69,6.5,8.5,0.90,0.00,0.00,53,40,0,31,29,17.6,259,259,25.3,50.4,1,3600.00,1011.0,996.8
2023-04-24T17:00,12.2,0.00,63,5.3,8.7,0.00,0.00,0.00,1,38,0,33,14,16.4,261,261,24.1,41.0,1,3600.00,1010.8,996.6
2023-04-24T18:00,11.8,0.20,64,5.1,8.6,0.20,0.00,0.00,51,35,0,20,22,13.9,255,253,22.4,37.8,1,3600.00,1010.8,996.6
2023-04-24T19:00,10.5,0.00,74,6.1,8.0,0.00,0.00,0.00,0,18,0,14,13,10.5,237,229,20.3,28.1,1,3534.24,1011.0,996.8
2023-04-24T20:00,9.2,0.00,80,5.9,6.7,0.00,0.00,0.00,1,32,0,30,9,10.4,233,224,23.1,22.0,0,0.00,1011.7,997.4
2023-04-24T21:00,8.4,0.70,85,6.1,5.9,0.70,0.00,0.00,53,92,0,64,80,10.3,238,234,23.0,22.0,0,0.00,1012.1,997.7
2023-04-24T22:00,8.6,0.20,87,6.5,6.6,0.20,0.00,0.00,51,83,0,81,35,7.4,242,227,16.3,22.3,0,0.00,1012.1,997.7
2023-04-24T23:00,8.5,0.10,87,6.5,6.1,0.10,0.00,0.00,51,94,0,93,6,10.2,233,225,19.3,20.2,0,0.00,1012.1,997.7
2023-04-25T00:00,7.6,0.20,92,6.4,5.4,0.20,0.00,0.00,51,100,6,100,100,8.8,224,215,18.1,21.2,0,0.00,1012.2,997.8
2023-04-25T01:00,7.4,0.60,91,6.0,4.9,0.60,0.00,0.00,53,95,35,74,43,9.7,238,228,20.4,23.0,0,0.00,1011.3,996.9
2023-04-25T02:00,7.5,0.10,92,6.4,5.4,0.10,0.00,0.00,51,98,23,97,31,8.3,276,272,18.1,20.9,0,0.00,1011.1,996.7
2023-04-25T03:00,7.4,0.10,92,6.2,5.3,0.10,0.00,0.00,51,96,0,95,15,8.0,279,278,15.7,18.7,0,0.00,1011.0,996.6
2023-04-25T04:00,6.9,0.10,90,5.4,4.5,0.10,0.00,0.00,51,94,0,94,0,8.7,268,265,17.3,20.2,0,0.00,1010.9,996.5
2023-04-25T05:00,6.5,0.10,92,5.3,4.7,0.10,0.00,0.00,51,100,0,70,100,4.2,258,239,12.1,17.6,0,0.00,1011.0,996.5
2023-04-25T06:00,6.8,0.30,93,5.8,5.0,0.30,0.00,0.00,51,100,46,84,100,5.4,237,222,12.0,11.2,1,0.00,1011.3,996.9
2023-04-25T07:00,7.4,0.30,92,6.2,5.6,0.30,0.00,0.00,51,100,100,100,100,5.6,298,297,8.5,13.0,1,0.00,1011.6,997.2
2023-04-25T08:00,7.5,0.90,88,5.7,5.1,0.90,0.00,0.00,53,100,100,100,100,8.6,339,338,12.3,18.4,1,0.00,1012.0,997.6
2023-04-25T09:00,7.6,1.00,87,5.6,5.3,1.00,0.00,0.00,55,100,99,100,96,8.1,342,339,11.7,18.7,1,0.00,1012.5,998.1
2023-04-25T10:00,8.5,0.20,81,5.4,6.0,0.20,0.00,0.00,51,100,98,100,20,9.3,336,332,12.6,22.3,1,666.11,1013.2,998.8
2023-04-25T11:00,9.0,0.00,73,4.5,6.2,0.00,0.00,0.00,3,80,0,68,36,10.1,328,325,13.6,23.0,1,256.63,1013.7,999.3
2023-04-25T12:00,11.0,0.00,66,5.0,8.8,0.00,0.00,0.00,2,50,0,16,46,11.0,310,308,14.6,30.2,1,3600.00,1013.7,999.4
2023-04-25T13:00,10.5,0.00,68,4.9,8.0,0.00,0.00,0.00,3,100,0,77,100,9.8,299,294,13.2,31.3,1,3600.00,1014.3,1000.0
2023-04-25T14:00,10.4,0.00,65,4.0,7.3,0.00,0.00,0.00,3,85,0,59,80,11.3,304,301,15.6,26.6,1,664.69,1014.4,1000.1
2023-04-25T15:00,9.7,0.30,69,4.4,6.6,0.30,0.00,0.00,51,73,0,70,37,12.2,318,317,16.8,30.6,1,392.20,1015.1,1000.8
2023-04-25T16:00,10.7,0.10,63,4.0,7.6,0.10,0.00,0.00,51,32,0,27,18,11.5,311,309,15.8,28.4,1,3600.00,1015.0,1000.7
2023-04-25T17:00,11.0,0.20,61,3.7,7.9,0.20,0.00,0.00,51,22,0,21,2,10.9,316,314,15.5,28.4,1,3600.00,1015.2,1000.9
2023-04-25T18:00,9.9,0.00,62,2.9,6.8,0.00,0.00,0.00,2,67,0,63,15,10.2,322,321,15.6,25.9,1,3600.00,1015.4,1001.1
2023-04-25T19:00,9.2,0.00,65,3.1,6.7,0.00,0.00,0.00,1,25,0,17,10,6.4,322,317,14.6,20.5,1,3005.46,1015.8,1001.4
2023-04-25T20:00,6.1,0.00,78,2.6,3.4,0.00,0.00,0.00,3,99,0,99,44,7.0,314,291,14.0,14.4,0,0.00,1016.9,1002.3
2023-04-25T21:00,7.6,0.00,74,3.3,5.4,0.00,0.00,0.00,1,49,0,28,30,4.2,320,301,12.8,12.2,0,0.00,1017.4,1002.9
2023-04-25T22:00,6.1,0.00,77,2.4,3.6,0.00,0.00,0.00,1,45,0,29,38,5.4,333,312,14.2,10.8,0,0.00,1017.8,1003.2
2023-04-25T23:00,5.3,0.00,76,1.5,2.4,0.00,0.00,0.00,0,17,0,14,11,6.4,349,344,17.6,13.0,0,0.00,1018.4,1003.8
2023-04-26T00:00,4.6,0.00,79,1.2,1.6,0.00,0.00,0.00,1,26,0,24,21,6.8,358,360,18.4,14.4,0,0.00,1018.9,1004.2
2023-04-26T01:00,3.1,0.00,85,0.8,-0.2,0.00,0.00,0.00,0,0,0,2,0,9.2,349,349,12.8,14.4,0,0.00,1018.7,1004.0
2023-04-26T02:00,3.3,0.00,82,0.6,0.3,0.00,0.00,0.00,1,23,0,11,18,6.5,353,3,17.1,15.1,0,0.00,1018.9,1004.2
2023-04-26T03:00,3.0,0.00,83,0.4,0.0,0.00,0.00,0.00,0,12,7,5,0,6.0,3,17,16.2,13.3,0,0.00,1018.8,1004.1
2023-04-26T04:00,2.1,0.00,86,0.1,-0.8,0.00,0.00,0.00,2,59,59,0,0,5.6,4,15,15.5,12.2,0,0.00,1018.9,1004.1
2023-04-26T05:00,1.3,0.00,88,-0.5,-1.8,0.00,0.00,0.00,0,6,6,0,0,6.4,22,38,13.2,11.2,0,0.00,1019.0,1004.2
2023-04-26T06:00,2.2,0.00,88,0.4,-0.5,0.00,0.00,0.00,1,25,24,0,2,3.9,49,68,10.0,10.8,1,113.78,1019.2,1004.4
2023-04-26T07:00,4.6,0.00,83,2.0,2.3,0.00,0.00,0.00,3,83,82,0,5,2.8,104,140,4.5,8.3,1,3600.00,1019.8,1005.1
2023-04-26T08:00,6.7,0.00,75,2.6,4.6,0.00,0.00,0.00,3,99,99,0,0,3.0,153,166,4.0,11.5,1,3600.00,1019.8,1005.2
2023-04-26T09:00,8.3,0.00,67,2.4,6.1,0.00,0.00,0.00,3,100,100,2,0,3.0,153,166,4.0,13.0,1,3600.00,1019.6,1005.1
2023-04-26T10:00,9.7,0.00,57,1.6,7.5,0.00,0.00,0.00,3,95,94,51,0,2.1,207,211,2.4,13.0,1,3600.00,1019.4,1005.0
2023-04-26T11:00,10.8,0.00,50,0.8,8.6,0.00,0.00,0.00,3,100,100,75,87,5.5,283,281,6.6,18.0,1,3600.00,1019.2,1004.9
2023-04-26T12:00,10.9,0.00,48,0.3,7.8,0.00,0.00,0.00,3,100,100,100,70,6.4,294,297,7.9,18.4,1,3600.00,1018.9,1004.6
2023-04-26T13:00,11.4,0.00,47,0.5,8.8,0.00,0.00,0.00,3,100,88,100,5,3.9,305,304,4.4,19.4,1,3600.00,1018.2,1003.9
2023-04-26T14:00,12.3,0.00,45,0.8,9.7,0.00,0.00,0.00,2,74,0,74,12,7.2,297,297,8.9,20.2,1,3600.00,1018.2,1003.9
2023-04-26T15:00,12.4,0.00,46,1.1,9.5,0.00,0.00,0.00,3,81,0,81,15,8.0,297,297,10.5,21.6,1,3600.00,1018.1,1003.8
2023-04-26T16:00,12.3,0.00,46,1.0,9.5,0.00,0.00,0.00,2,63,0,57,26,5.4,306,307,6.7,21.6,1,3600.00,1017.8,1003.5
2023-04-26T17:00,12.2,0.00,46,0.9,9.8,0.00,0.00,0.00,1,29,0,28,11,2.7,336,337,3.5,14.8,1,3600.00,1017.5,1003.2
2023-04-26T18:00,11.7,0.00,50,1.7,9.3,0.00,0.00,0.00,2,51,15,43,1,3.7,28,29,5.3,9.7,1,3600.00,1017.6,1003.3
2023-04-26T19:00,9.7,0.00,59,2.0,6.9,0.00,0.00,0.00,3,91,25,88,20,6.8,70,65,13.4,13.0,1,3600.00,1017.8,1003.4
2023-04-26T20:00,7.6,0.00,62,0.7,4.7,0.00,0.00,0.00,1,44,35,14,1,5.9,78,76,13.6,14.0,0,0.00,1018.1,1003.6
2023-04-26T21:00,6.3,0.00,68,0.8,3.6,0.00,0.00,0.00,1,27,11,18,4,5.1,99,86,9.1,10.8,0,0.00,1018.2,1003.6
2023-04-26T22:00,5.7,0.00,71,0.8,2.5,0.00,0.00,0.00,1,23,5,19,0,8.3,106,90,14.6,14.4,0,0.00,1018.5,1003.9
2023-04-26T23:00,5.7,0.00,67,0.0,1.9,0.00,0.00,0.00,1,41,0,41,3,11.3,99,97,24.4,22.0,0,0.00,1019.0,1004.4
2023-04-27T00:00,5.7,0.00,64,-0.5,2.1,0.00,0.00,0.00,2,69,0,68,22,9.5,99,101,23.3,22.3,0,0.00,1019.4,1004.8
2023-04-27T01:00,5.3,0.00,67,-0.3,1.9,0.00,0.00,0.00,2,61,0,7,0,8.3,91,90,20.5,19.8,0,0.00,1019.1,1004.5
2023-04-27T02:00,5.1,0.00,67,-0.6,1.6,0.00,0.00,0.00,0,9,0,9,0,9.1,99,97,21.9,17.6,0,0.00,1018.7,1004.1
2023-04-27T03:00,4.8,0.00,67,-0.8,1.2,0.00,0.00,0.00,1,21,0,21,0,9.1,101,97,21.3,18.4,0,0.00,1018.8,1004.2
2023-04-27T04:00,4.0,0.00,71,-0.8,0.8,0.00,0.00,0.00,0,13,0,13,0,6.5,101,90,17.6,17.6,0,0.00,1019.1,1004.4
2023-04-27T05:00,3.2,0.00,74,-0.9,0.0,0.00,0.00,0.00,0,0,0,0,0,6.2,99,83,16.4,12.2,0,0.00,1019.2,1004.5
2023-04-27T06:00,3.8,0.00,74,-0.3,0.7,0.00,0.00,0.00,0,6,6,0,0,6.5,102,87,15.8,13.0,1,197.81,1019.4,1004.7
2023-04-27T07:00,6.1,0.00,73,1.5,3.5,0.00,0.00,0.00,0,2,2,0,0,4.7,107,113,12.1,13.0,1,3600.00,1019.8,1005.2
2023-04-27T08:00,8.5,0.00,67,2.7,6.4,0.00,0.00,0.00,0,12,12,0,0,2.3,108,129,4.6,11.2,1,3600.00,1020.2,1005.7
2023-04-27T09:00,10.8,0.00,63,3.9,9.0,0.00,0.00,0.00,1,35,34,0,2,2.2,103,99,3.3,11.2,1,3600.00,1020.1,1005.7
2023-04-27T10:00,12.8,0.00,57,4.5,11.6,0.00,0.00,0.00,3,100,100,0,0,2.2,103,99,3.3,12.2,1,3600.00,1019.6,1005.3
2023-04-27T11:00,14.4,0.00,51,4.3,14.0,0.00,0.00,0.00,2,77,77,1,0,1.1,153,180,1.6,13.0,1,3600.00,1019.2,1005.0
2023-04-27T12:00,15.6,0.00,48,4.7,15.0,0.00,0.00,0.00,3,95,93,0,27,5.9,252,259,6.8,18.0,1,3600.00,1019.0,1004.9
2023-04-27T13:00,16.0,0.00,45,4.0,15.2,0.00,0.00,0.00,1,45,100,94,1,3.5,195,204,4.1,23.4,1,3600.00,1018.5,1004.4
2023-04-27T14:00,16.4,0.00,46,4.6,15.3,0.00,0.00,0.00,3,100,100,31,0,3.3,185,193,4.0,14.0,1,3600.00,1018.0,1003.9
2023-04-27T15:00,16.5,0.00,47,5.0,14.7,0.00,0.00,0.00,3,100,100,52,1,3.8,252,253,4.6,13.3,1,3600.00,1017.8,1003.7
2023-04-27T16:00,16.3,0.00,48,5.4,14.4,0.00,0.00,0.00,2,51,26,34,0,5.6,305,310,7.0,15.5,1,3600.00,1017.8,1003.7
2023-04-27T17:00,16.1,0.00,50,5.6,14.4,0.00,0.00,0.00,2,71,40,52,0,4.0,9,5,4.7,15.8,1,3600.00,1017.2,1003.1
2023-04-27T18:00,15.6,0.00,56,7.0,14.4,0.00,0.00,0.00,3,88,81,56,0,3.1,45,36,4.1,10.4,1,3600.00,1017.0,1002.9
2023-04-27T19:00,13.2,0.00,74,8.7,11.9,0.00,0.00,0.00,3,100,100,80,2,6.2,45,36,6.1,7.9,1,3600.00,1016.8,1002.6
2023-04-27T20:00,11.2,0.00,75,6.9,9.5,0.00,0.00,0.00,3,100,100,94,2,6.1,77,62,6.3,9.7,0,0.00,1017.2,1002.9
2023-04-27T21:00,11.3,0.00,72,6.5,9.1,0.00,0.00,0.00,3,100,100,100,4,8.4,93,80,14.1,15.5,0,0.00,1017.3,1003.0
2023-04-27T22:00,11.5,0.00,69,5.9,9.0,0.00,0.00,0.00,3,100,100,96,11,9.7,107,92,20.4,19.1,0,0.00,1016.8,1002.5
2023-04-27T23:00,11.5,0.00,65,5.1,8.7,0.00,0.00,0.00,3,100,100,97,5,10.8,100,88,23.0,20.5,0,0.00,1016.4,1002.1
2023-04-28T00:00,11.4,0.00,62,4.4,8.4,0.00,0.00,0.00,3,100,100,95,18,11.3,108,107,23.8,22.0,0,0.00,1016.1,1001.8
2023-04-28T01:00,10.7,0.00,62,3.7,7.2,0.00,0.00,0.00,3,100,100,100,5,13.3,114,103,26.0,23.0,0,0.00,1015.1,1000.8
2023-04-28T02:00,11.4,0.00,62,4.4,8.2,0.00,0.00,0.00,3,100,100,100,0,12.2,121,114,23.9,25.9,0,0.00,1014.5,1000.2
2023-04-28T03:00,10.9,0.20,71,5.9,8.1,0.20,0.00,0.00,51,100,100,100,1,12.1,127,117,23.1,23.4,0,0.00,1014.0,999.7
2023-04-28T04:00,10.7,0.00,76,6.6,8.2,0.00,0.00,0.00,3,100,95,100,100,11.5,134,122,22.9,24.5,0,0.00,1013.8,999.5
2023-04-28T05:00,10.8,0.20,78,7.1,9.1,0.20,0.00,0.00,51,100,100,100,100,6.9,168,129,14.3,22.3,0,0.00,1013.9,999.6
2023-04-28T06:00,11.1,0.70,83,8.3,9.4,0.70,0.00,0.00,53,100,100,100,100,8.4,191,160,17.2,16.9,1,0.00,1013.7,999.4
2023-04-28T07:00,11.3,0.30,90,9.8,10.0,0.30,0.00,0.00,51,100,100,100,100,8.7,206,185,18.4,18.7,1,0.00,1013.8,999.6
2023-04-28T08:00,12.4,0.20,93,11.3,11.6,0.20,0.00,0.00,51,100,100,100,100,8.6,219,202,23.6,19.8,1,0.00,1014.0,999.8
2023-04-28T09:00,13.3,1.00,89,11.5,11.8,1.00,0.00,0.00,55,100,100,92,79,12.9,220,216,22.2,27.7,1,0.00,1013.9,999.7
2023-04-28T10:00,14.0,1.80,89,12.1,13.1,1.80,0.00,0.00,61,100,100,59,100,10.5,212,207,16.5,28.1,1,0.00,1013.9,999.8
2023-04-28T11:00,15.0,2.70,88,13.0,13.7,2.70,0.00,0.00,63,100,100,51,100,15.3,220,219,22.2,31.0,1,0.00,1013.7,999.6
2023-04-28T12:00,15.7,0.50,86,13.4,14.3,0.50,0.00,0.00,53,100,100,24,100,16.9,232,230,26.4,38.5,1,0.00,1013.4,999.4
2023-04-28T13:00,16.3,0.10,87,14.0,15.3,0.10,0.00,0.00,51,100,100,100,100,15.3,248,246,21.8,38.9,1,3244.42,1013.2,999.2
2023-04-28T14:00,15.6,3.50,91,14.1,15.1,3.50,0.00,0.00,63,100,100,86,67,13.0,243,242,21.7,36.7,1,0.00,1013.0,999.0
2023-04-28T15:00,16.5,0.50,88,14.5,16.7,0.50,0.00,0.00,53,100,100,100,100,8.4,245,245,11.1,32.8,1,571.76,1012.9,998.9
2023-04-28T16:00,16.2,2.60,91,14.7,16.1,2.60,0.00,0.00,63,100,100,21,25,11.3,241,239,16.9,27.0,1,0.00,1012.5,998.5
2023-04-28T17:00,15.7,3.20,88,13.8,15.8,3.20,0.00,0.00,63,99,96,68,48,7.6,232,225,11.0,35.3,1,2974.06,1012.4,998.4
2023-04-28T18:00,15.5,0.50,91,14.0,16.0,0.50,0.00,0.00,53,97,92,38,39,5.1,216,184,9.3,22.3,1,0.00,1012.5,998.5
2023-04-28T19:00,15.3,0.00,93,14.2,15.7,0.00,0.00,0.00,3,100,100,15,18,6.1,210,183,14.5,13.3,1,1970.88,1012.4,998.4
2023-04-28T20:00,14.5,0.00,96,13.8,14.0,0.00,0.00,0.00,3,99,99,17,15,11.2,224,213,23.4,21.6,0,0.00,1012.7,998.6
2023-04-28T21:00,14.1,0.00,96,13.5,13.8,0.00,0.00,0.00,3,98,96,31,14,9.6,245,250,22.6,25.6,0,0.00,1013.2,999.1
2023-04-28T22:00,13.0,1.20,96,12.4,13.0,1.20,0.00,0.00,55,100,100,8,26,4.6,257,231,14.4,20.9,0,0.00,1013.7,999.5
2023-04-28T23:00,12.7,0.00,97,12.3,12.7,0.00,0.00,0.00,3,100,100,1,27,5.0,267,249,14.8,12.2,0,0.00,1013.9,999.7
2023-04-29T00:00,11.2,0.00,98,11.0,10.7,0.00,0.00,0.00,3,100,100,1,15,5.4,288,274,11.7,11.5,0,0.00,1013.9,999.6
2023-04-29T01:00,11.6,0.00,94,10.7,11.1,0.00,0.00,0.00,3,100,100,11,10,4.9,286,216,5.2,11.2,0,0.00,1013.4,999.2
2023-04-29T02:00,10.6,0.10,99,10.4,9.8,0.10,0.00,0.00,51,100,100,14,39,6.1,308,298,14.6,13.0,0,0.00,1013.7,999.4
2023-04-29T03:00,11.2,0.00,98,10.9,10.8,0.00,0.00,0.00,3,100,100,0,100,4.5,324,331,12.9,11.5,0,0.00,1013.7,999.4
2023-04-29T04:00,11.4,0.00,96,10.9,10.9,0.00,0.00,0.00,2,52,30,0,31,5.3,308,298,15.9,11.9,0,0.00,1014.0,999.8
2023-04-29T05:00,10.8,0.00,94,9.9,9.7,0.00,0.00,0.00,1,41,0,3,41,7.1,310,300,18.7,15.5,0,0.00,1014.5,1000.2
2023-04-29T06:00,10.9,0.00,94,9.9,9.8,0.00,0.00,0.00,3,100,0,0,100,7.6,309,301,17.1,15.8,1,0.00,1015.4,1001.1
2023-04-29T07:00,11.6,0.10,92,10.4,10.6,0.10,0.00,0.00,51,85,12,0,83,7.9,316,309,14.0,16.9,1,215.51,1016.1,1001.8
2023-04-29T08:00,12.3,0.10,89,10.6,11.0,0.10,0.00,0.00,51,95,3,1,95,10.0,322,319,14.1,22.3,1,2734.01,1016.6,1002.4
2023-04-29T09:00,13.2,0.40,83,10.4,11.7,0.40,0.00,0.00,51,99,0,0,99,11.0,328,328,14.9,25.6,1,3600.00,1016.9,1002.7
2023-04-29T10:00,13.5,0.10,78,9.8,11.8,0.10,0.00,0.00,51,100,0,0,100,11.8,332,333,16.3,27.4,1,3600.00,1017.4,1003.2
2023-04-29T11:00,13.9,0.10,72,8.9,11.9,0.10,0.00,0.00,51,99,0,0,99,12.2,326,326,16.6,27.7,1,2639.57,1017.6,1003.4
2023-04-29T12:00,13.9,0.00,70,8.6,11.6,0.00,0.00,0.00,3,100,0,0,100,12.8,323,322,17.2,28.4,1,0.00,1017.8,1003.6
2023-04-29T13:00,13.8,0.00,68,8.1,11.4,0.00,0.00,0.00,3,100,1,0,100,12.8,329,328,17.6,30.6,1,3335.46,1018.0,1003.8
2023-04-29T14:00,14.5,0.00,65,8.1,12.2,0.00,0.00,0.00,3,100,92,0,100,12.2,328,326,16.2,29.9,1,2786.64,1018.1,1004.0
2023-04-29T15:00,14.5,0.10,66,8.1,12.2,0.10,0.00,0.00,51,100,89,0,100,12.0,328,327,16.5,28.1,1,1846.36,1018.2,1004.0
2023-04-29T16:00,14.3,0.00,66,8.1,12.1,0.00,0.00,0.00,3,100,49,0,100,11.5,329,328,16.0,27.4,1,279.98,1018.6,1004.4
2023-04-29T17:00,14.3,0.00,67,8.1,12.0,0.00,0.00,0.00,3,100,76,0,100,12.4,340,338,17.7,26.3,1,0.00,1018.8,1004.6
2023-04-29T18:00,14.0,0.00,69,8.3,11.7,0.00,0.00,0.00,3,100,88,0,100,12.3,355,353,18.8,28.1,1,0.00,1018.9,1004.7
2023-04-29T19:00,13.2,0.00,74,8.7,11.7,0.00,0.00,0.00,3,100,95,0,100,8.0,355,350,15.2,25.9,1,0.00,1019.1,1004.9
2023-04-29T20:00,12.4,0.00,77,8.6,10.9,0.00,0.00,0.00,2,56,0,8,56,8.1,343,339,17.3,16.9,0,0.00,1019.5,1005.2
2023-04-29T21:00,11.2,0.00,84,8.5,9.7,0.00,0.00,0.00,1,25,0,2,25,7.2,360,360,17.3,16.6,0,0.00,1019.9,1005.6
2023-04-29T22:00,9.8,0.00,89,8.1,8.3,0.00,0.00,0.00,3,100,0,2,100,6.4,20,16,17.2,15.1,0,0.00,1020.1,1005.7
2023-04-29T23:00,10.4,0.00,82,7.4,8.7,0.00,0.00,0.00,3,100,3,15,100,6.9,40,28,18.4,14.8,0,0.00,1020.5,1006.1
2023-04-30T00:00,10.9,0.00,76,6.9,9.2,0.00,0.00,0.00,3,100,0,62,100,6.4,52,38,17.4,15.1,0,0.00,1020.7,1006.3
2023-04-30T01:00,10.0,0.00,79,6.6,8.1,0.00,0.00,0.00,3,100,0,36,98,7.1,61,49,18.5,14.0,0,0.00,1021.0,1006.6
2023-04-30T02:00,10.1,0.00,78,6.4,8.1,0.00,0.00,0.00,1,49,0,11,49,7.5,66,55,18.5,15.8,0,0.00,1021.1,1006.7
2023-04-30T03:00,9.1,0.00,81,6.1,6.8,0.00,0.00,0.00,0,12,0,1,12,9.0,65,53,21.9,18.4,0,0.00,1021.0,1006.5
2023-04-30T04:00,8.8,0.00,82,5.9,6.3,0.00,0.00,0.00,0,4,0,0,4,9.8,63,54,23.3,19.8,0,0.00,1021.0,1006.5
2023-04-30T05:00,8.5,0.00,83,5.9,5.9,0.00,0.00,0.00,0,0,0,0,0,11.1,62,54,25.0,22.3,0,0.00,1021.0,1006.5
2023-04-30T06:00,9.2,0.00,81,6.1,6.3,0.00,0.00,0.00,0,10,8,1,2,13.1,63,58,27.4,26.6,1,409.18,1021.4,1006.9
2023-04-30T07:00,10.8,0.00,78,7.2,8.3,0.00,0.00,0.00,1,34,34,0,0,12.1,67,60,30.5,27.7,1,3600.00,1021.5,1007.1
2023-04-30T08:00,12.7,0.00,73,8.0,10.3,0.00,0.00,0.00,0,13,5,0,8,12.8,70,68,19.6,27.7,1,3600.00,1021.4,1007.1
2023-04-30T09:00,14.2,0.00,64,7.5,11.3,0.00,0.00,0.00,0,7,7,0,0,15.0,81,80,21.8,33.5,1,3600.00,1021.2,1007.0
2023-04-30T10:00,15.4,0.00,56,6.7,12.5,0.00,0.00,0.00,2,57,47,0,19,16.4,82,81,22.9,36.0,1,3600.00,1021.2,1007.0
2023-04-30T11:00,16.3,0.00,49,5.7,13.3,0.00,0.00,0.00,3,100,100,26,67,18.1,84,83,25.7,40.0,1,3600.00,1020.8,1006.7
2023-04-30T12:00,16.6,0.00,48,5.6,13.3,0.00,0.00,0.00,3,100,100,61,100,17.3,86,85,24.9,40.0,1,3600.00,1020.4,1006.3
2023-04-30T13:00,16.4,0.00,50,6.0,13.2,0.00,0.00,0.00,3,100,100,100,100,15.5,86,86,22.4,38.2,1,2110.45,1020.3,1006.2
2023-04-30T14:00,16.5,0.00,48,5.4,13.1,0.00,0.00,0.00,3,100,100,97,100,15.3,82,81,22.6,34.2,1,0.00,1019.8,1005.7
2023-04-30T15:00,16.9,0.00,47,5.4,13.5,0.00,0.00,0.00,3,100,100,73,24,15.6,84,83,22.5,34.9,1,469.60,1019.1,1005.1
2023-04-30T16:00,17.1,0.00,46,5.4,13.9,0.00,0.00,0.00,3,100,99,92,29,14.4,92,93,21.3,34.9,1,2050.69,1018.6,1004.6
2023-04-30T17:00,17.1,0.00,48,5.9,14.3,0.00,0.00,0.00,3,100,100,2,0,12.2,102,104,20.3,32.8,1,3600.00,1018.1,1004.1
2023-04-30T18:00,16.5,0.00,58,8.1,15.2,0.00,0.00,0.00,3,100,100,9,0,5.5,116,122,13.2,25.6,1,3600.00,1017.9,1003.8
2023-04-30T19:00,16.6,0.00,50,6.2,15.1,0.00,0.00,0.00,3,100,100,11,7,3.6,121,96,6.3,11.9,1,1987.00,1017.6,1003.6
2023-04-30T20:00,12.3,0.00,70,6.9,10.8,0.00,0.00,0.00,3,100,100,25,6,4.8,63,48,8.9,9.4,0,0.00,1017.9,1003.6
2023-04-30T21:00,12.8,0.00,63,5.9,10.1,0.00,0.00,0.00,3,100,100,75,10,11.5,64,58,24.8,22.0,0,0.00,1018.3,1004.1
2023-04-30T22:00,13.2,0.00,56,4.6,10.1,0.00,0.00,0.00,3,100,100,10,3,12.0,74,69,25.9,24.8,0,0.00,1017.9,1003.7
2023-04-30T23:00,12.1,0.00,60,4.6,9.1,0.00,0.00,0.00,3,100,100,14,5,11.5,73,70,26.0,23.8,0,0.00,1017.5,1003.2
2023-05-01T00:00,11.8,0.00,61,4.5,8.4,0.00,0.00,0.00,3,100,100,1,0,14.2,74,74,29.2,28.1,0,0.00,1017.3,1003.0
2023-05-01T01:00,11.7,0.00,63,4.9,8.6,0.00,0.00,0.00,3,100,100,0,0,12.7,84,82,26.8,29.9,0,0.00,1017.0,1002.7
2023-05-01T02:00,11.2,0.00,64,4.6,8.0,0.00,0.00,0.00,3,100,100,54,0,13.1,86,82,26.7,25.6,0,0.00,1016.4,1002.1
2023-05-01T03:00,10.6,0.00,66,4.4,7.3,0.00,0.00,0.00,3,100,100,1,5,13.0,92,92,27.0,26.3,0,0.00,1016.0,1001.7
2023-05-01T04:00,10.2,0.00,67,4.4,7.5,0.00,0.00,0.00,3,100,100,50,17,9.5,100,101,23.4,25.6,0,0.00,1015.9,1001.6
2023-05-01T05:00,9.5,0.00,71,4.5,7.2,0.00,0.00,0.00,3,100,100,78,11,6.1,99,93,18.6,20.2,0,0.00,1015.8,1001.4
2023-05-01T06:00,9.9,0.00,72,5.1,7.7,0.00,0.00,0.00,3,100,100,68,14,6.5,102,93,17.3,13.3,1,0.00,1015.9,1001.6
2023-05-01T07:00,11.0,0.00,70,5.8,8.5,0.00,0.00,0.00,3,100,100,100,0,10.3,108,102,23.9,21.6,1,275.43,1015.9,1001.6
2023-05-01T08:00,11.5,0.10,72,6.7,8.9,0.10,0.00,0.00,51,100,100,93,0,11.7,109,108,22.1,24.8,1,0.00,1015.9,1001.6
2023-05-01T09:00,12.1,0.10,72,7.1,9.6,0.10,0.00,0.00,51,100,100,66,0,11.8,113,113,17.6,25.9,1,0.00,1016.0,1001.8
2023-05-01T10:00,13.8,0.00,69,8.3,11.9,0.00,0.00,0.00,3,100,100,12,7,9.9,124,123,13.5,25.9,1,3600.00,1015.8,1001.6
2023-05-01T11:00,15.5,0.00,65,8.9,14.7,0.00,0.00,0.00,3,86,86,5,0,8.3,126,124,11.1,24.1,1,3600.00,1015.4,1001.3
2023-05-01T12:00,16.5,0.10,58,8.2,16.4,0.10,0.00,0.00,51,51,24,32,18,5.7,125,125,7.5,22.3,1,3600.00,1014.9,1000.9
2023-05-01T13:00,17.1,0.10,49,6.2,16.8,0.10,0.00,0.00,51,80,98,41,21,0.4,270,270,0.4,18.4,1,3600.00,1014.6,1000.6
2023-05-01T14:00,17.8,0.00,49,6.9,16.4,0.00,0.00,0.00,3,98,96,57,26,3.8,287,287,4.9,12.6,1,3600.00,1014.3,1000.4
2023-05-01T15:00,17.8,0.00,50,7.1,16.2,0.00,0.00,0.00,2,70,48,40,21,5.4,279,278,6.9,15.5,1,3600.00,1014.0,1000.1
2023-05-01T16:00,17.9,0.00,49,7.0,16.0,0.00,0.00,0.00,2,72,9,68,13,7.3,306,303,9.3,17.3,1,3600.00,1013.9,1000.0
2023-05-01T17:00,16.8,0.00,53,7.2,14.6,0.00,0.00,0.00,3,96,81,79,35,10.1,267,264,14.1,22.0,1,3600.00,1014.4,1000.4
2023-05-01T18:00,14.7,0.10,74,10.2,13.4,0.10,0.00,0.00,51,100,100,21,0,9.8,237,234,14.6,24.5,1,3600.00,1015.0,1000.9
2023-05-01T19:00,13.4,0.00,83,10.5,12.9,0.00,0.00,0.00,3,100,100,30,6,4.3,243,228,11.3,19.4,1,3600.00,1015.4,1001.2
2023-05-01T20:00,12.0,0.00,90,10.4,11.3,0.00,0.00,0.00,3,100,100,47,19,5.5,226,212,15.5,11.2,0,0.00,1016.1,1001.9
2023-05-01T21:00,11.8,0.00,92,10.5,11.0,0.00,0.00,0.00,3,100,100,0,0,6.4,226,207,16.5,12.2,0,0.00,1016.4,1002.1
2023-05-01T22:00,10.7,0.00,93,9.6,9.8,0.00,0.00,0.00,3,100,100,8,6,5.5,233,212,15.7,13.0,0,0.00,1017.0,1002.7
2023-05-01T23:00,9.4,0.00,95,8.7,8.3,0.00,0.00,0.00,3,99,98,14,9,5.1,263,225,12.0,11.2,0,0.00,1017.6,1003.2
2023-05-02T00:00,8.6,0.00,96,7.9,7.0,0.00,0.00,0.00,1,27,17,12,0,6.8,308,267,11.0,10.4,0,0.00,1018.0,1003.6
2023-05-02T01:00,9.1,0.00,97,8.6,7.4,0.00,0.00,0.00,2,56,20,6,7,8.5,321,298,12.5,11.9,0,0.00,1018.3,1003.9
2023-05-02T02:00,8.9,0.00,95,8.2,7.6,0.00,0.00,0.00,0,14,4,7,5,5.6,332,320,15.5,15.1,0,0.00,1018.5,1004.1
2023-05-02T03:00,9.1,0.00,93,7.9,7.6,0.00,0.00,0.00,1,26,0,25,8,6.2,335,324,16.7,13.0,0,0.00,1018.8,1004.4
2023-05-02T04:00,9.2,0.00,93,8.0,7.5,0.00,0.00,0.00,1,22,0,22,4,8.1,333,328,20.1,17.3,0,0.00,1019.4,1005.0
2023-05-02T05:00,8.6,0.00,94,7.7,7.1,0.00,0.00,0.00,0,0,0,0,0,6.1,333,320,17.4,17.3,0,0.00,1019.9,1005.4
2023-05-02T06:00,9.0,0.00,95,8.2,7.6,0.00,0.00,0.00,1,20,0,14,16,6.6,325,311,15.8,14.0,1,538.90,1020.8,1006.3
2023-05-02T07:00,10.8,0.00,89,9.0,8.8,0.00,0.00,0.00,1,42,0,0,42,12.2,333,332,16.9,24.5,1,3600.00,1021.6,1007.2
2023-05-02T08:00,12.0,0.00,84,9.5,9.8,0.00,0.00,0.00,3,100,0,4,100,14.2,337,336,19.5,30.6,1,3600.00,1021.9,1007.6
2023-05-02T09:00,13.2,0.00,79,9.7,11.6,0.00,0.00,0.00,3,100,0,1,100,10.5,335,333,14.7,30.2,1,3600.00,1022.4,1008.1
2023-05-02T10:00,14.0,0.00,76,9.9,12.5,0.00,0.00,0.00,3,99,0,3,99,9.7,331,329,13.2,26.3,1,3600.00,1022.8,1008.6
2023-05-02T11:00,14.7,0.00,72,9.7,13.0,0.00,0.00,0.00,3,100,0,10,100,11.0,332,328,14.7,27.0,1,3600.00,1023.0,1008.8
2023-05-02T12:00,15.0,0.10,68,9.2,13.1,0.10,0.00,0.00,51,50,0,16,43,11.8,330,329,15.8,28.8,1,3600.00,1022.9,1008.7
2023-05-02T13:00,15.6,0.10,66,9.2,13.9,0.10,0.00,0.00,51,23,0,18,19,11.6,326,324,15.3,28.4,1,3600.00,1023.1,1008.9
2023-05-02T14:00,16.2,0.00,60,8.4,14.9,0.00,0.00,0.00,0,16,0,9,10,12.1,331,330,16.1,29.2,1,3600.00,1023.1,1009.0
2023-05-02T15:00,16.7,0.00,55,7.7,14.8,0.00,0.00,0.00,0,14,0,12,6,12.4,332,330,16.8,28.8,1,3600.00,1023.1,1009.0
2023-05-02T16:00,16.5,0.00,54,7.1,13.8,0.00,0.00,0.00,0,13,0,10,6,14.2,340,339,20.3,32.0,1,3600.00,1023.2,1009.1
2023-05-02T17:00,16.1,0.00,55,7.1,13.0,0.00,0.00,0.00,0,14,0,11,10,15.7,343,340,23.0,33.5,1,3600.00,1023.4,1009.3
2023-05-02T18:00,15.0,0.00,61,7.5,12.1,0.00,0.00,0.00,0,15,0,10,11,15.6,347,345,25.1,35.3,1,3600.00,1023.8,1009.6
2023-05-02T19:00,13.7,0.00,67,7.6,11.5,0.00,0.00,0.00,0,0,0,0,0,11.2,349,345,21.7,32.0,1,3600.00,1024.4,1010.1
2023-05-02T20:00,11.6,0.00,75,7.3,9.7,0.00,0.00,0.00,1,23,0,0,23,8.0,356,350,19.9,23.8,0,0.00,1025.0,1010.6
2023-05-02T21:00,10.6,0.00,79,7.2,8.4,0.00,0.00,0.00,1,21,0,0,21,10.3,18,12,22.8,20.5,0,0.00,1026.0,1011.5
2023-05-02T22:00,10.1,0.00,77,6.3,7.5,0.00,0.00,0.00,0,7,0,0,7,11.0,25,19,23.5,22.7,0,0.00,1026.5,1012.0
2023-05-02T23:00,9.2,0.00,78,5.7,6.6,0.00,0.00,0.00,0,3,0,0,3,10.8,32,26,23.3,22.3,0,0.00,1026.8,1012.3
2023-05-03T00:00,8.5,0.00,79,5.0,5.9,0.00,0.00,0.00,1,24,0,0,24,9.7,37,31,22.1,21.6,0,0.00,1026.8,1012.2
2023-05-03T01:00,8.1,0.00,77,4.3,5.4,0.00,0.00,0.00,3,100,0,0,13,9.0,39,29,20.7,19.8,0,0.00,1027.0,1012.4
2023-05-03T02:00,7.3,0.00,79,4.0,4.9,0.00,0.00,0.00,0,15,0,0,15,6.8,47,32,17.8,18.0,0,0.00,1026.9,1012.3
2023-05-03T03:00,6.3,0.00,85,3.9,4.0,0.00,0.00,0.00,0,17,0,0,17,5.4,63,42,15.3,14.0,0,0.00,1026.5,1011.8
2023-05-03T04:00,5.2,0.00,88,3.5,2.8,0.00,0.00,0.00,1,21,0,0,21,5.9,57,11,10.7,10.8,0,0.00,1026.6,1011.9
2023-05-03T05:00,4.7,0.00,90,3.2,2.3,0.00,0.00,0.00,1,25,0,0,25,5.8,45,360,9.7,9.7,0,0.00,1026.8,1012.0
2023-05-03T06:00,6.4,0.00,85,4.1,4.4,0.00,0.00,0.00,1,32,5,0,28,3.9,66,34,11.4,9.4,1,668.70,1027.2,1012.5
2023-05-03T07:00,8.4,0.00,76,4.5,6.4,0.00,0.00,0.00,3,100,2,0,100,4.2,73,59,8.7,11.5,1,3600.00,1027.4,1012.8
2023-05-03T08:00,10.3,0.00,73,5.7,8.4,0.00,0.00,0.00,2,52,3,0,51,5.7,75,72,8.2,15.5,1,3600.00,1027.0,1012.5
2023-05-03T09:00,12.1,0.00,70,6.7,10.3,0.00,0.00,0.00,1,32,0,0,32,6.4,69,63,8.9,18.0,1,3600.00,1026.8,1012.4
2023-05-03T10:00,14.2,0.00,63,7.4,13.0,0.00,0.00,0.00,1,44,0,0,44,6.4,74,74,9.0,18.4,1,3600.00,1026.6,1012.3
2023-05-03T11:00,15.7,0.00,58,7.3,14.7,0.00,0.00,0.00,3,80,7,0,78,8.0,82,82,10.5,22.0,1,3600.00,1026.3,1012.1
2023-05-03T12:00,16.7,0.00,52,6.8,15.5,0.00,0.00,0.00,3,90,81,0,49,7.7,80,79,10.2,21.6,1,3600.00,1025.5,1011.4
2023-05-03T13:00,17.2,0.00,53,7.4,17.2,0.00,0.00,0.00,1,30,0,0,24,5.2,63,65,6.4,20.9,1,3600.00,1025.0,1010.9
2023-05-03T14:00,17.9,0.00,51,7.6,17.6,0.00,0.00,0.00,1,34,9,0,28,6.2,80,80,8.4,18.4,1,3600.00,1024.4,1010.3
2023-05-03T15:00,18.3,0.00,49,7.5,17.1,0.00,0.00,0.00,2,64,56,0,18,9.0,88,90,12.2,22.7,1,3600.00,1023.8,1009.8
2023-05-03T16:00,18.2,0.00,49,7.4,16.2,0.00,0.00,0.00,2,76,70,0,20,10.4,87,88,14.4,24.5,1,3600.00,1023.3,1009.3
2023-05-03T17:00,17.6,0.00,50,7.1,15.2,0.00,0.00,0.00,3,93,92,0,7,11.3,84,83,16.3,24.5,1,3600.00,1023.1,1009.0
2023-05-03T18:00,16.8,0.00,54,7.5,14.8,0.00,0.00,0.00,0,14,14,0,0,8.8,75,71,16.4,24.5,1,3600.00,1023.1,1009.0
2023-05-03T19:00,14.8,0.00,61,7.3,12.9,0.00,0.00,0.00,0,0,0,0,0,8.6,64,57,19.6,19.1,1,3600.00,1023.0,1008.8
2023-05-03T20:00,13.0,0.00,62,6.0,10.4,0.00,0.00,0.00,0,0,0,0,0,10.6,63,55,24.3,21.2,0,0.00,1023.4,1009.1
2023-05-03T21:00,12.3,0.00,62,5.2,9.4,0.00,0.00,0.00,0,1,1,0,0,12.0,73,69,27.4,24.5,0,0.00,1023.5,1009.2
2023-05-03T22:00,11.8,0.00,62,4.7,8.7,0.00,0.00,0.00,0,12,12,0,0,12.4,81,82,27.7,24.8,0,0.00,1023.3,1008.9
2023-05-03T23:00,11.4,0.00,62,4.3,8.2,0.00,0.00,0.00,0,3,3,0,0,12.6,86,87,28.1,25.6,0,0.00,1023.1,1008.7
2023-05-04T00:00,11.0,0.00,62,4.1,7.6,0.00,0.00,0.00,2,50,50,0,0,13.7,85,85,29.3,27.4,0,0.00,1023.0,1008.6
2023-05-04T01:00,11.4,0.00,56,2.9,7.6,0.00,0.00,0.00,1,33,7,0,0,14.8,91,87,31.0,29.2,0,0.00,1022.5,1008.1
2023-05-04T02:00,10.7,0.00,60,3.3,7.0,0.00,0.00,0.00,0,18,18,0,0,14.4,96,93,30.0,29.9,0,0.00,1022.2,1007.8
2023-05-04T03:00,10.1,0.00,64,3.6,6.5,0.00,0.00,0.00,1,47,47,0,0,14.2,98,97,29.8,28.8,0,0.00,1022.1,1007.7
2023-05-04T04:00,9.7,0.00,66,3.7,6.1,0.00,0.00,0.00,3,86,86,0,0,14.7,100,101,29.9,28.8,0,0.00,1022.1,1007.7
2023-05-04T05:00,9.4,0.00,69,3.9,5.8,0.00,0.00,0.00,3,100,100,0,0,14.8,101,103,29.7,29.2,1,0.00,1021.9,1007.4
2023-05-04T06:00,9.7,0.00,71,4.8,6.5,0.00,0.00,0.00,3,100,100,0,0,13.6,101,102,27.5,29.5,1,0.00,1021.9,1007.5
2023-05-04T07:00,10.9,0.00,73,6.3,8.3,0.00,0.00,0.00,3,99,99,0,0,11.7,99,99,28.8,27.7,1,3600.00,1022.3,1007.9
2023-05-04T08:00,12.8,0.00,70,7.5,10.4,0.00,0.00,0.00,3,100,100,0,0,12.1,101,100,19.1,27.4,1,3600.00,1022.0,1007.7
2023-05-04T09:00,14.9,0.00,67,8.8,12.9,0.00,0.00,0.00,3,80,80,0,0,11.3,100,99,16.5,27.7,1,3600.00,1021.7,1007.5
2023-05-04T10:00,17.2,0.00,60,9.4,15.8,0.00,0.00,0.00,3,99,99,0,0,11.9,105,104,16.8,27.7,1,3600.00,1020.9,1006.8
2023-05-04T11:00,18.7,0.00,55,9.4,17.4,0.00,0.00,0.00,3,99,99,0,0,13.6,114,112,18.9,31.0,1,3600.00,1020.1,1006.1
2023-05-04T12:00,19.8,0.00,53,10.1,19.3,0.00,0.00,0.00,3,100,100,0,0,13.0,118,118,17.9,31.3,1,3600.00,1019.5,1005.6
2023-05-04T13:00,21.9,0.00,43,8.7,21.3,0.00,0.00,0.00,3,100,98,0,0,12.2,120,118,16.6,30.2,1,3600.00,1018.8,1005.0
2023-05-04T14:00,22.2,0.00,41,8.5,21.4,0.00,0.00,0.00,2,55,55,0,0,12.4,119,116,16.9,28.4,1,3600.00,1018.1,1004.3
2023-05-04T15:00,22.5,0.00,41,8.5,21.2,0.00,0.00,0.00,3,83,83,0,0,12.4,118,116,17.6,28.1,1,3600.00,1017.3,1003.5
2023-05-04T16:00,22.3,0.00,42,8.7,20.5,0.00,0.00,0.00,3,100,100,0,0,11.9,120,119,17.4,27.7,1,3600.00,1016.5,1002.7
2023-05-04T17:00,21.8,0.00,45,9.3,20.2,0.00,0.00,0.00,3,100,100,0,0,9.7,117,112,16.9,25.9,1,3600.00,1016.3,1002.5
2023-05-04T18:00,20.4,0.00,56,11.2,19.6,0.00,0.00,0.00,3,95,95,0,0,8.0,106,100,18.0,20.9,1,3600.00,1016.2,1002.4
2023-05-04T19:00,18.3,0.00,62,10.9,17.3,0.00,0.00,0.00,3,99,99,0,0,8.7,104,95,21.5,17.6,1,3600.00,1016.1,1002.2
2023-05-04T20:00,16.6,0.00,63,9.5,14.9,0.00,0.00,0.00,3,94,94,0,0,10.8,103,92,25.5,21.6,0,0.00,1016.7,1002.7
2023-05-04T21:00,15.9,0.00,63,9.0,13.8,0.00,0.00,0.00,3,96,96,2,0,12.3,107,97,27.9,24.1,0,0.00,1017.0,1002.9
2023-05-04T22:00,15.6,0.00,65,9.0,13.3,0.00,0.00,0.00,3,100,68,100,0,14.1,115,105,29.3,27.4,0,0.00,1016.9,1002.8
2023-05-04T23:00,15.2,0.00,68,9.3,13.1,0.00,0.00,0.00,1,36,3,34,1,12.7,126,119,26.8,28.1,0,0.00,1016.8,1002.7
2023-05-05T00:00,14.2,0.00,73,9.5,12.6,0.00,0.00,0.00,1,28,0,27,2,9.7,141,121,20.5,24.5,0,0.00,1017.1,1002.9
2023-05-05T01:00,13.5,0.00,72,8.6,11.7,0.00,0.00,0.00,2,61,0,49,0,9.7,150,117,17.9,18.4,0,0.00,1016.7,1002.5
2023-05-05T02:00,12.5,0.00,78,8.7,11.0,0.00,0.00,0.00,2,79,0,78,5,7.9,169,114,14.7,17.6,0,0.00,1016.7,1002.5
2023-05-05T03:00,12.7,0.00,79,9.2,11.4,0.00,0.00,0.00,1,34,0,33,2,7.2,183,127,11.9,14.8,0,0.00,1016.6,1002.4
2023-05-05T04:00,12.2,0.00,86,9.9,11.2,0.00,0.00,0.00,3,98,50,95,0,6.6,205,158,13.9,12.6,0,0.00,1017.1,1002.8
2023-05-05T05:00,12.0,0.00,92,10.7,11.5,0.00,0.00,0.00,2,60,52,17,0,4.8,223,167,11.7,12.2,1,0.00,1017.3,1003.0
2023-05-05T06:00,12.7,0.00,93,11.6,12.1,0.00,0.00,0.00,3,81,76,21,0,7.3,215,169,12.7,12.6,1,820.83,1017.7,1003.5
2023-05-05T07:00,14.7,0.00,90,13.0,14.7,0.00,0.00,0.00,2,50,43,12,0,6.6,211,167,12.6,14.4,1,3600.00,1018.2,1004.1
2023-05-05T08:00,16.5,0.00,84,13.8,16.8,0.00,0.00,0.00,3,99,99,1,0,6.2,209,201,9.5,15.8,1,3600.00,1018.5,1004.4
2023-05-05T09:00,18.4,0.00,77,14.3,19.1,0.00,0.00,0.00,3,100,100,1,0,4.9,220,216,6.1,16.6,1,3600.00,1018.4,1004.4
2023-05-05T10:00,20.0,0.00,70,14.4,21.1,0.00,0.00,0.00,3,92,90,16,0,3.9,219,214,4.6,15.5,1,3600.00,1018.2,1004.3
2023-05-05T11:00,21.2,0.00,64,14.1,22.7,0.00,0.00,0.00,3,100,99,79,0,4.9,234,234,6.2,18.7,1,3600.00,1017.9,1004.1
2023-05-05T12:00,22.0,0.00,57,13.1,23.0,0.00,0.00,0.00,3,100,100,95,0,5.7,235,235,7.5,19.1,1,3600.00,1017.2,1003.4
2023-05-05T13:00,20.5,0.50,61,12.8,19.8,0.50,0.00,0.00,53,100,100,31,4,10.8,206,210,14.8,22.3,1,0.00,1017.3,1003.4
2023-05-05T14:00,21.4,0.10,58,12.8,21.2,0.10,0.00,0.00,51,100,100,20,0,7.6,212,211,10.2,23.8,1,3600.00,1016.5,1002.7
2023-05-05T15:00,21.3,0.40,57,12.6,21.2,0.40,0.00,0.00,51,100,99,79,3,8.5,232,234,11.0,21.6,1,3600.00,1015.8,1002.0
2023-05-05T16:00,19.0,0.00,70,13.4,18.2,0.00,0.00,0.00,3,100,100,100,3,13.3,267,267,19.1,27.7,1,550.87,1016.3,1002.4
2023-05-05T17:00,17.0,0.80,85,14.4,17.2,0.80,0.00,0.00,53,99,97,76,0,8.9,253,249,16.2,30.2,1,0.00,1016.7,1002.7
2023-05-05T18:00,16.6,0.60,91,15.2,17.3,0.60,0.00,0.00,53,100,99,100,0,6.7,247,234,12.9,19.8,1,0.00,1017.0,1003.0
2023-05-05T19:00,16.0,0.40,93,14.8,16.3,0.40,0.00,0.00,51,100,97,100,6,8.8,245,235,16.3,17.3,1,0.00,1017.3,1003.2
2023-05-05T20:00,15.3,0.90,94,14.4,16.2,0.90,0.00,0.00,53,100,100,100,13,3.5,272,246,9.7,17.6,0,0.00,1017.9,1003.8
2023-05-05T21:00,15.1,0.40,95,14.2,15.7,0.40,0.00,0.00,51,100,100,75,23,5.4,210,184,7.9,10.4,0,0.00,1018.0,1003.9
2023-05-05T22:00,14.3,0.00,97,13.8,14.7,0.00,0.00,0.00,3,100,100,13,14,5.4,224,217,14.0,11.2,0,0.00,1018.1,1003.9
2023-05-05T23:00,13.5,0.10,97,13.0,13.5,0.10,0.00,0.00,51,99,99,8,11,5.9,246,232,15.8,13.3,0,0.00,1018.0,1003.8
2023-05-06T00:00,12.9,0.00,97,12.4,12.8,0.00,0.00,0.00,3,92,91,0,5,5.4,267,250,14.8,12.6,0,0.00,1018.3,1004.1
2023-05-06T01:00,12.7,0.00,96,12.2,12.4,0.00,0.00,0.00,1,42,100,24,14,6.4,266,243,10.1,11.5,0,0.00,1017.8,1003.6
2023-05-06T02:00,12.4,0.00,97,11.9,12.3,0.00,0.00,0.00,3,100,99,32,3,4.3,292,275,10.5,11.2,0,0.00,1017.6,1003.4
2023-05-06T03:00,12.9,0.00,92,11.7,13.0,0.00,0.00,0.00,3,83,69,44,0,3.1,291,225,6.2,9.7,0,0.00,1017.6,1003.4
2023-05-06T04:00,10.8,0.00,97,10.4,10.3,0.00,0.00,0.00,1,31,29,3,0,4.0,260,185,4.0,6.5,0,0.00,1017.7,1003.4
2023-05-06T05:00,10.3,0.00,98,10.0,9.5,0.00,0.00,0.00,1,44,44,0,0,5.6,229,195,7.7,8.6,1,0.00,1017.8,1003.4
2023-05-06T06:00,11.2,0.00,98,10.9,11.1,0.00,0.00,0.00,2,76,76,0,0,2.7,251,203,6.5,9.0,1,968.02,1018.1,1003.8
2023-05-06T07:00,12.7,0.00,96,12.0,13.0,0.00,0.00,0.00,2,67,67,0,1,2.2,234,180,3.1,9.0,1,3600.00,1018.2,1004.0
2023-05-06T08:00,14.3,0.00,87,12.3,14.8,0.00,0.00,0.00,3,99,99,0,0,1.3,225,214,1.5,9.7,1,3600.00,1018.4,1004.2
2023-05-06T09:00,15.9,0.00,81,12.5,16.3,0.00,0.00,0.00,3,100,100,0,0,2.3,225,231,2.5,11.9,1,3600.00,1018.6,1004.5
2023-05-06T10:00,17.4,0.00,69,11.7,17.6,0.00,0.00,0.00,3,100,100,0,12,3.5,246,246,4.3,14.4,1,3600.00,1018.6,1004.6
2023-05-06T11:00,18.2,0.00,64,11.2,18.3,0.00,0.00,0.00,3,100,100,3,5,3.7,256,259,4.5,17.3,1,3600.00,1018.3,1004.3
2023-05-06T12:00,19.0,0.00,61,11.2,19.8,0.00,0.00,0.00,3,100,100,7,2,3.6,275,276,4.3,17.3,1,3600.00,1017.8,1003.9
2023-05-06T13:00,19.6,0.00,55,10.3,20.1,0.00,0.00,0.00,3,100,100,86,7,2.3,243,252,2.4,16.6,1,3600.00,1017.4,1003.5
2023-05-06T14:00,20.0,0.00,54,10.4,19.8,0.00,0.00,0.00,3,100,100,99,4,2.8,225,230,3.1,11.5,1,3600.00,1017.1,1003.2
2023-05-06T15:00,20.3,0.00,54,10.6,20.3,0.00,0.00,0.00,3,95,92,45,0,2.6,247,254,2.7,12.6,1,3600.00,1016.6,1002.7
2023-05-06T16:00,20.7,0.00,52,10.5,20.7,0.00,0.00,0.00,3,97,95,30,0,2.2,254,261,2.6,11.9,1,3600.00,1016.1,1002.3
2023-05-06T17:00,20.4,0.00,53,10.6,20.0,0.00,0.00,0.00,3,99,99,26,0,3.8,284,287,4.5,10.8,1,3600.00,1016.1,1002.3
2023-05-06T18:00,19.7,0.00,62,12.1,19.8,0.00,0.00,0.00,3,100,100,33,0,3.8,310,311,6.1,10.4,1,3600.00,1016.1,1002.2
2023-05-06T19:00,17.6,0.00,73,12.8,17.8,0.00,0.00,0.00,3,100,100,29,0,4.8,342,347,11.7,9.7,1,2500.25,1016.0,1002.0
2023-05-06T20:00,16.2,0.00,75,11.7,15.8,0.00,0.00,0.00,3,100,100,20,0,5.9,10,11,15.0,11.5,0,0.00,1016.4,1002.4
2023-05-06T21:00,15.5,0.00,77,11.4,15.0,0.00,0.00,0.00,3,100,100,22,0,6.2,27,21,14.2,11.9,0,0.00,1016.6,1002.5
2023-05-06T22:00,14.7,0.00,80,11.3,14.2,0.00,0.00,0.00,3,100,100,43,0,6.4,54,43,12.4,12.2,0,0.00,1016.7,1002.6
2023-05-06T23:00,14.0,0.00,82,11.1,13.2,0.00,0.00,0.00,3,100,100,34,0,7.6,87,65,14.1,14.0,0,0.00,1016.5,1002.3
2023-05-07T00:00,13.6,0.00,81,10.5,12.7,0.00,0.00,0.00,3,100,100,10,3,7.6,104,90,17.8,15.5,0,0.00,1016.3,1002.1
2023-05-07T01:00,13.7,0.00,77,9.7,12.4,0.00,0.00,0.00,3,100,99,90,1,8.0,101,100,19.1,14.4,0,0.00,1015.9,1001.7
2023-05-07T02:00,13.6,0.00,77,9.6,12.3,0.00,0.00,0.00,3,100,100,1,0,8.3,103,95,21.0,16.9,0,0.00,1015.8,1001.6
2023-05-07T03:00,12.9,0.00,81,9.6,11.8,0.00,0.00,0.00,3,100,100,15,0,6.9,99,84,18.6,16.9,0,0.00,1015.7,1001.5
2023-05-07T04:00,11.6,0.00,87,9.5,10.7,0.00,0.00,0.00,3,100,100,0,3,5.6,93,63,14.1,13.7,0,0.00,1015.7,1001.4
2023-05-07T05:00,11.3,0.00,88,9.4,10.3,0.00,0.00,0.00,3,100,100,0,3,5.8,86,68,14.1,11.2,1,0.00,1015.7,1001.4
2023-05-07T06:00,12.7,0.00,84,10.1,11.7,0.00,0.00,0.00,3,100,100,0,3,7.2,91,84,17.3,14.0,1,148.13,1015.9,1001.7
2023-05-07T07:00,14.9,0.00,81,11.6,14.1,0.00,0.00,0.00,3,97,96,11,5,8.4,94,83,21.3,16.6,1,3600.00,1016.2,1002.1
2023-05-07T08:00,17.2,0.00,74,12.5,16.6,0.00,0.00,0.00,3,100,100,20,7,9.4,85,83,15.2,21.6,1,3600.00,1016.2,1002.2
2023-05-07T09:00,19.1,0.00,67,12.8,18.4,0.00,0.00,0.00,3,100,100,6,10,10.6,98,100,14.9,24.1,1,3600.00,1016.1,1002.2
2023-05-07T10:00,20.7,0.00,60,12.7,20.6,0.00,0.00,0.00,3,100,100,7,13,9.2,111,111,13.1,24.8,1,3600.00,1016.1,1002.3
2023-05-07T11:00,21.9,0.00,56,12.8,22.5,0.00,0.00,0.00,3,100,100,27,6,8.0,117,117,10.9,23.0,1,3600.00,1015.8,1002.0
2023-05-07T12:00,22.5,0.00,55,13.0,22.8,0.00,0.00,0.00,3,100,100,15,6,9.3,124,126,12.2,22.3,1,3600.00,1015.7,1002.0
2023-05-07T13:00,22.9,0.00,53,12.7,23.0,0.00,0.00,0.00,3,100,91,19,2,9.1,18,9,11.7,23.0,1,3600.00,1015.4,1001.7
2023-05-07T14:00,23.4,0.00,53,13.2,24.2,0.00,0.00,0.00,3,100,100,48,5,5.8,9,353,7.3,24.5,1,3600.00,1015.0,1001.3
2023-05-07T15:00,18.8,7.50,79,15.1,19.0,7.50,0.00,0.00,63,100,100,79,58,10.0,236,229,13.5,25.2,1,1373.71,1016.3,1002.4
2023-05-07T16:00,17.2,2.10,89,15.4,17.9,2.10,0.00,0.00,61,100,100,100,4,7.6,6,360,11.2,25.9,1,0.00,1016.5,1002.5
2023-05-07T17:00,17.3,0.90,91,15.7,18.3,0.90,0.00,0.00,53,100,100,46,0,6.3,70,66,11.5,16.9,1,0.00,1016.5,1002.5
2023-05-07T18:00,18.0,0.10,85,15.5,19.5,0.10,0.00,0.00,51,100,100,100,0,2.3,72,51,3.4,14.0,1,3600.00,1016.8,1002.8
2023-05-07T19:00,17.2,0.00,89,15.3,18.9,0.00,0.00,0.00,3,100,100,100,6,0.4,83,180,2.9,7.6,1,0.00,1017.7,1003.7
2023-05-07T20:00,16.0,0.40,95,15.2,17.2,0.40,0.00,0.00,51,100,100,100,2,3.8,149,163,8.4,8.6,0,0.00,1018.3,1004.2
2023-05-07T21:00,15.4,0.80,97,14.9,16.4,0.80,0.00,0.00,53,100,100,98,3,4.1,276,285,3.3,7.9,0,0.00,1018.6,1004.5
2023-05-07T22:00,14.8,0.90,97,14.3,15.6,0.90,0.00,0.00,53,100,100,30,38,4.3,152,156,9.3,7.9,0,0.00,1019.2,1005.1
2023-05-07T23:00,14.1,0.20,97,13.6,14.6,0.20,0.00,0.00,51,100,100,100,1,4.3,104,66,8.9,10.1,0,0.00,1019.2,1005.0
2023-05-08T00:00,14.3,0.10,93,13.3,14.6,0.10,0.00,0.00,51,100,100,46,0,5.4,109,110,15.3,13.0,0,0.00,1019.2,1005.0
2023-05-08T01:00,14.4,0.10,94,13.4,14.3,0.10,0.00,0.00,51,100,97,47,0,7.9,107,106,17.3,11.2,0,0.00,1019.6,1005.4
2023-05-08T02:00,13.9,0.20,95,13.1,14.2,0.20,0.00,0.00,51,100,85,100,12,4.8,110,103,13.8,15.8,0,0.00,1019.9,1005.7
2023-05-08T03:00,14.2,0.30,93,13.1,14.4,0.30,0.00,0.00,51,100,93,100,14,5.4,105,98,14.1,11.2,0,0.00,1020.0,1005.8
2023-05-08T04:00,14.0,0.10,92,12.8,13.8,0.10,0.00,0.00,51,100,100,99,14,7.3,113,110,16.8,14.8,0,0.00,1020.2,1006.0
2023-05-08T05:00,13.8,0.00,91,12.4,13.6,0.00,0.00,0.00,3,100,100,100,27,6.2,107,100,15.0,14.8,1,0.00,1020.4,1006.2
2023-05-08T06:00,14.0,0.10,90,12.4,13.5,0.10,0.00,0.00,51,100,100,98,25,8.2,106,105,16.5,15.8,1,0.00,1020.8,1006.6
2023-05-08T07:00,14.1,0.10,89,12.4,13.6,0.10,0.00,0.00,51,100,100,100,12,8.9,110,111,15.7,16.6,1,0.00,1021.2,1007.0
2023-05-08T08:00,14.4,0.10,88,12.4,13.8,0.10,0.00,0.00,51,100,98,100,100,8.9,103,104,14.4,18.0,1,0.00,1021.5,1007.3
2023-05-08T09:00,14.5,0.40,89,12.7,14.0,0.40,0.00,0.00,51,100,29,100,97,9.2,102,101,14.3,19.1,1,0.00,1021.7,1007.5
2023-05-08T10:00,14.8,0.40,88,12.9,14.4,0.40,0.00,0.00,51,100,1,100,59,8.8,99,99,13.5,19.8,1,0.00,1021.7,1007.5
2023-05-08T11:00,16.3,0.10,82,13.2,16.4,0.10,0.00,0.00,51,98,1,97,52,6.5,94,96,9.4,20.2,1,107.05,1021.7,1007.6
2023-05-08T12:00,17.8,0.10,74,13.0,18.0,0.10,0.00,0.00,51,91,0,85,46,5.0,87,90,6.8,17.3,1,1607.40,1021.4,1007.4
2023-05-08T13:00,17.8,0.00,77,13.8,18.3,0.00,0.00,0.00,2,71,9,42,74,5.2,96,106,6.5,18.7,1,3600.00,1021.2,1007.2
2023-05-08T14:00,18.7,0.20,76,14.3,18.8,0.20,0.00,0.00,51,75,25,43,55,8.9,120,122,11.6,22.7,1,3600.00,1021.3,1007.3
2023-05-08T15:00,19.5,0.20,70,13.9,19.9,0.20,0.00,0.00,51,97,23,25,95,5.5,114,113,7.1,22.7,1,3600.00,1020.8,1006.9
2023-05-08T16:00,19.5,0.00,67,13.1,20.2,0.00,0.00,0.00,3,100,28,47,100,1.5,104,104,3.0,16.2,1,3600.00,1020.4,1006.5
2023-05-08T17:00,16.8,0.80,79,13.1,17.3,0.80,0.00,0.00,53,100,55,100,100,3.1,132,135,4.3,10.1,1,356.61,1021.0,1006.9
2023-05-08T18:00,16.8,1.00,83,13.9,17.5,1.00,0.00,0.00,55,40,29,16,1,3.9,79,68,5.5,11.9,1,2743.84,1020.7,1006.6
2023-05-08T19:00,16.5,0.10,88,14.5,17.4,0.10,0.00,0.00,51,41,35,13,0,4.2,113,110,10.2,10.8,1,3600.00,1020.7,1006.6
2023-05-08T20:00,14.0,0.00,93,13.0,14.1,0.00,0.00,0.00,3,90,88,17,7,6.1,113,90,9.0,9.7,0,0.00,1020.9,1006.7
2023-05-08T21:00,13.2,0.00,95,12.4,13.1,0.00,0.00,0.00,3,100,100,17,9,5.8,126,94,10.3,10.4,0,0.00,1021.0,1006.7
2023-05-08T22:00,13.6,0.00,94,12.7,13.6,0.00,0.00,0.00,3,100,100,0,2,5.8,122,97,13.6,11.9,0,0.00,1020.8,1006.6
2023-05-08T23:00,13.6,0.00,93,12.5,13.4,0.00,0.00,0.00,3,100,100,8,9,6.8,124,108,16.9,14.4,0,0.00,1020.4,1006.2
2023-05-09T00:00,13.5,0.00,93,12.4,13.0,0.00,0.00,0.00,3,99,98,1,19,8.2,124,113,18.7,15.8,0,0.00,1020.0,1005.8
2023-05-09T01:00,13.7,0.00,94,12.8,13.4,0.00,0.00,0.00,3,99,76,36,20,8.3,139,124,17.6,19.4,0,0.00,1019.8,1005.6
2023-05-09T02:00,13.4,0.00,95,12.6,13.1,0.00,0.00,0.00,3,100,100,39,1,7.6,124,115,16.6,16.2,0,0.00,1019.3,1005.1
2023-05-09T03:00,13.2,0.00,95,12.5,13.2,0.00,0.00,0.00,3,100,100,29,30,5.7,135,125,15.3,15.1,0,0.00,1018.9,1004.7
2023-05-09T04:00,12.7,0.00,96,12.1,12.6,0.00,0.00,0.00,3,100,100,42,100,5.4,137,110,11.7,11.9,0,0.00,1018.7,1004.5
2023-05-09T05:00,12.9,0.10,95,12.1,12.5,0.10,0.00,0.00,51,100,4,100,100,7.2,135,117,14.3,14.0,1,0.00,1018.3,1004.1
2023-05-09T06:00,13.3,0.00,94,12.4,12.6,0.00,0.00,0.00,3,100,74,96,63,9.7,132,117,16.6,18.0,1,0.00,1018.2,1004.0
2023-05-09T07:00,14.3,0.20,93,13.1,14.2,0.20,0.00,0.00,51,100,88,95,100,7.5,136,125,16.0,18.4,1,138.01,1017.9,1003.7
2023-05-09T08:00,15.0,1.30,90,13.3,14.8,1.30,0.00,0.00,61,99,97,56,64,8.1,150,148,11.6,18.7,1,1366.66,1017.6,1003.5
2023-05-09T09:00,16.1,1.10,88,14.0,16.1,1.10,0.00,0.00,55,100,100,65,100,8.4,171,170,11.7,20.5,1,3600.00,1016.8,1002.7
2023-05-09T10:00,17.1,0.10,87,14.9,17.7,0.10,0.00,0.00,51,100,100,25,100,6.5,175,174,8.7,20.5,1,1025.36,1016.1,1002.1
2023-05-09T11:00,18.5,0.00,80,14.9,19.1,0.00,0.00,0.00,3,100,100,10,100,7.5,162,163,10.2,22.0,1,3203.04,1015.2,1001.3
2023-05-09T12:00,19.4,0.10,72,14.3,19.9,0.10,0.00,0.00,51,100,100,9,100,5.9,185,191,8.0,22.3,1,1199.30,1014.3,1000.4
2023-05-09T13:00,21.1,0.00,60,13.2,20.6,0.00,0.00,0.00,3,100,100,92,26,10.6,152,152,14.3,19.1,1,0.00,1013.0,999.2
2023-05-09T14:00,18.8,1.40,76,14.5,18.8,1.40,0.00,0.00,61,100,100,100,11,10.1,202,207,14.4,27.4,1,3364.69,1012.5,998.6
2023-05-09T15:00,18.0,0.40,85,15.5,19.0,0.40,0.00,0.00,51,100,100,72,8,6.1,182,180,8.3,23.4,1,0.00,1011.8,997.9
2023-05-09T16:00,17.5,0.40,83,14.5,17.8,0.40,0.00,0.00,51,100,100,31,9,7.9,120,120,11.6,20.5,1,0.00,1010.8,996.9
2023-05-09T17:00,18.5,0.60,81,15.1,19.1,0.60,0.00,0.00,53,100,100,100,0,7.6,184,185,10.5,19.4,1,2952.98,1010.1,996.3
2023-05-09T18:00,16.2,1.00,94,15.2,16.9,1.00,0.00,0.00,55,100,100,100,41,6.9,184,186,10.8,18.4,1,0.00,1010.6,996.6
2023-05-09T19:00,15.6,1.60,94,14.7,16.0,1.60,0.00,0.00,61,100,100,100,16,7.6,217,211,13.6,17.6,1,0.00,1010.3,996.3
2023-05-09T20:00,15.0,1.10,96,14.3,15.3,1.10,0.00,0.00,55,100,100,100,24,7.7,201,191,15.0,15.5,0,0.00,1010.3,996.3
2023-05-09T21:00,14.7,1.70,94,13.8,15.1,1.70,0.00,0.00,61,100,100,100,20,5.9,195,166,13.8,16.9,0,0.00,1010.2,996.2
2023-05-09T22:00,14.6,1.00,95,13.9,14.9,1.00,0.00,0.00,55,100,100,100,28,6.5,188,161,13.4,14.4,0,0.00,1010.0,996.0
2023-05-09T23:00,14.5,1.00,95,13.6,14.6,1.00,0.00,0.00,55,100,100,100,47,6.9,204,186,15.0,16.2,0,0.00,1009.9,995.9
2023-05-10T00:00,14.0,1.60,95,13.2,13.0,1.60,0.00,0.00,61,100,100,100,63,13.2,218,215,22.8,25.6,0,0.00,1009.8,995.7
2023-05-10T01:00,13.6,1.50,91,12.1,12.7,1.50,0.00,0.00,61,100,100,100,36,10.8,242,240,19.2,27.7,0,0.00,1010.2,996.1
2023-05-10T02:00,13.2,0.40,91,11.7,12.0,0.40,0.00,0.00,51,100,100,100,55,11.8,259,258,21.6,25.9,0,0.00,1010.3,996.2
2023-05-10T03:00,13.0,0.10,91,11.6,11.7,0.10,0.00,0.00,51,100,100,100,55,12.4,260,260,22.0,25.2,0,0.00,1010.7,996.6
2023-05-10T04:00,12.9,0.20,93,11.8,11.6,0.20,0.00,0.00,51,100,100,78,100,12.4,245,244,21.4,24.8,0,0.00,1011.0,996.9
2023-05-10T05:00,12.8,1.00,90,11.2,10.9,1.00,0.00,0.00,55,100,99,100,90,15.0,240,240,25.8,30.2,1,0.00,1011.4,997.3
2023-05-10T06:00,12.8,0.00,93,11.8,11.9,0.00,0.00,0.00,3,100,100,52,40,10.3,238,234,18.3,29.9,1,0.00,1011.6,997.5
2023-05-10T07:00,13.1,0.30,89,11.3,11.6,0.30,0.00,0.00,51,100,100,44,72,13.2,245,244,20.3,27.7,1,1783.45,1011.9,997.8
2023-05-10T08:00,13.6,0.10,87,11.5,12.5,0.10,0.00,0.00,51,100,100,48,100,11.1,257,257,15.5,28.8,1,0.00,1012.3,998.2
2023-05-10T09:00,14.0,0.10,84,11.3,13.0,0.10,0.00,0.00,51,100,100,19,100,9.7,267,266,13.0,28.8,1,0.00,1012.6,998.5
2023-05-10T10:00,15.2,0.10,75,10.8,14.0,0.10,0.00,0.00,51,100,100,23,100,9.4,273,274,12.6,27.0,1,0.00,1012.8,998.8
2023-05-10T11:00,14.0,0.80,80,10.5,12.4,0.80,0.00,0.00,53,100,100,78,23,12.0,268,263,16.9,25.9,1,0.00,1013.1,999.0
2023-05-10T12:00,15.1,0.80,81,11.9,14.1,0.80,0.00,0.00,53,100,100,16,29,10.4,257,256,14.4,27.7,1,505.73,1013.3,999.2
2023-05-10T13:00,14.6,0.10,83,11.8,13.5,0.10,0.00,0.00,51,100,100,98,85,11.5,228,226,16.8,31.7,1,3600.00,1013.8,999.7
2023-05-10T14:00,15.8,0.10,66,9.5,13.9,0.10,0.00,0.00,51,100,100,9,6,12.1,249,247,17.3,27.7,1,354.64,1013.7,999.7
2023-05-10T15:00,16.7,0.00,58,8.3,14.3,0.00,0.00,0.00,3,100,100,7,8,13.1,240,238,18.7,29.5,1,3130.38,1013.5,999.5
2023-05-10T16:00,16.6,0.00,58,8.2,14.2,0.00,0.00,0.00,3,100,100,17,4,13.0,244,242,18.8,29.5,1,2848.62,1013.3,999.3
2023-05-10T17:00,16.2,0.00,59,8.2,14.0,0.00,0.00,0.00,3,100,100,9,8,11.5,241,238,17.2,28.8,1,1658.90,1013.3,999.3
2023-05-10T18:00,15.8,0.00,63,8.8,14.1,0.00,0.00,0.00,3,100,100,7,8,8.9,232,227,15.6,24.8,1,637.39,1013.5,999.5
2023-05-10T19:00,14.8,0.00,68,8.9,13.4,0.00,0.00,0.00,3,100,100,5,6,7.6,231,225,16.6,19.1,1,0.00,1013.8,999.7
2023-05-10T20:00,13.8,0.00,70,8.4,12.2,0.00,0.00,0.00,3,100,100,7,5,7.9,234,227,19.1,16.6,0,0.00,1014.2,1000.1
2023-05-10T21:00,12.8,0.00,74,8.2,11.0,0.00,0.00,0.00,3,100,100,3,1,8.9,232,223,20.5,18.4,0,0.00,1014.7,1000.5
2023-05-10T22:00,12.0,0.00,78,8.3,10.4,0.00,0.00,0.00,3,100,100,7,2,7.9,233,223,19.3,18.4,0,0.00,1014.9,1000.7
2023-05-10T23:00,11.2,0.00,83,8.5,9.8,0.00,0.00,0.00,3,100,100,25,9,6.9,237,223,17.2,16.2,0,0.00,1015.1,1000.8
2023-05-11T00:00,10.8,0.00,86,8.6,9.5,0.00,0.00,0.00,3,100,100,44,8,6.3,231,211,15.3,14.0,0,0.00,1015.1,1000.8
2023-05-11T01:00,10.6,0.00,87,8.6,9.5,0.00,0.00,0.00,3,100,100,98,0,5.3,233,208,13.9,14.0,0,0.00,1015.3,1001.0
2023-05-11T02:00,10.5,0.00,89,8.7,9.4,0.00,0.00,0.00,3,100,100,100,0,5.2,227,205,13.2,12.2,0,0.00,1015.0,1000.7
2023-05-11T03:00,10.2,0.00,91,8.8,9.0,0.00,0.00,0.00,3,100,100,100,0,6.0,227,213,14.3,11.5,0,0.00,1015.0,1000.7
2023-05-11T04:00,9.9,0.00,93,8.9,8.8,0.00,0.00,0.00,3,100,100,100,0,5.5,229,212,13.8,12.6,0,0.00,1015.1,1000.8
2023-05-11T05:00,9.4,0.00,95,8.6,8.2,0.00,0.00,0.00,3,100,100,100,0,5.4,224,200,12.5,10.8,1,0.00,1015.1,1000.7
2023-05-11T06:00,10.2,0.00,93,9.1,9.1,0.00,0.00,0.00,3,100,100,100,0,6.0,227,205,12.2,12.6,1,0.00,1015.2,1000.9
2023-05-11T07:00,11.1,0.00,89,9.3,10.2,0.00,0.00,0.00,3,100,100,92,0,4.6,233,225,7.2,12.6,1,0.00,1015.4,1001.1
2023-05-11T08:00,12.1,0.00,83,9.3,11.2,0.00,0.00,0.00,3,100,100,100,8,5.2,245,245,6.8,14.8,1,375.24,1015.4,1001.2
2023-05-11T09:00,12.7,0.00,79,9.2,11.8,0.00,0.00,0.00,3,100,100,99,49,4.8,257,257,6.3,14.8,1,0.00,1015.4,1001.2
2023-05-11T10:00,13.1,0.00,77,9.3,12.2,0.00,0.00,0.00,3,100,100,100,42,4.7,270,270,6.1,14.0,1,0.00,1015.4,1001.2
2023-05-11T11:00,14.3,0.10,71,9.1,13.4,0.10,0.00,0.00,51,100,100,100,21,4.0,282,280,5.2,14.8,1,0.00,1015.2,1001.1
2023-05-11T12:00,14.9,0.00,67,8.8,14.1,0.00,0.00,0.00,3,100,100,100,14,3.1,315,315,4.1,14.0,1,0.00,1014.8,1000.7
2023-05-11T13:00,13.6,0.00,78,9.7,13.1,0.00,0.00,0.00,3,100,100,100,31,2.6,234,236,3.1,13.3,1,986.43,1015.1,1000.9
2023-05-11T14:00,13.8,0.20,76,9.7,13.2,0.20,0.00,0.00,51,100,100,100,18,3.3,285,283,4.1,11.2,1,0.00,1014.9,1000.8
2023-05-11T15:00,14.1,0.10,76,9.9,13.6,0.10,0.00,0.00,51,100,100,100,3,2.8,311,310,3.8,11.5,1,0.00,1014.4,1000.3
2023-05-11T16:00,14.2,0.10,74,9.7,13.9,0.10,0.00,0.00,51,100,100,100,11,1.8,8,360,2.5,10.8,1,0.00,1014.1,1000.0
2023-05-11T17:00,14.0,0.10,75,9.7,13.3,0.10,0.00,0.00,51,100,100,100,18,4.3,356,355,5.4,9.7,1,0.00,1014.1,1000.0
2023-05-11T18:00,13.6,0.20,78,9.8,12.9,0.20,0.00,0.00,51,100,100,100,100,4.3,11,5,5.9,12.2,1,0.00,1014.0,999.9
2023-05-11T19:00,13.1,0.40,85,10.7,13.0,0.40,0.00,0.00,51,100,100,100,100,1.8,31,37,4.2,9.4,1,0.00,1014.2,1000.0
2023-05-11T20:00,12.6,0.60,93,11.5,12.8,0.60,0.00,0.00,53,100,100,100,100,1.9,41,22,3.8,4.7,0,0.00,1014.6,1000.4
2023-05-11T21:00,12.4,0.60,94,11.5,12.6,0.60,0.00,0.00,53,100,100,100,100,1.8,30,11,2.9,3.6,0,0.00,1014.9,1000.7
2023-05-11T22:00,12.2,0.60,95,11.5,12.3,0.60,0.00,0.00,53,100,100,100,100,2.2,18,351,2.3,4.0,0,0.00,1014.8,1000.6
2023-05-11T23:00,12.4,0.60,91,11.0,12.5,0.60,0.00,0.00,53,100,100,100,0,1.3,342,326,1.1,3.6,0,0.00,1014.7,1000.5
2023-05-12T00:00,11.6,0.50,96,11.0,11.6,0.50,0.00,0.00,53,100,100,100,0,2.5,106,98,2.6,3.6,0,0.00,1014.7,1000.5
2023-05-12T01:00,11.3,0.40,95,10.6,11.2,0.40,0.00,0.00,51,100,98,100,100,1.8,53,53,1.8,4.7,0,0.00,1014.9,1000.6
2023-05-12T02:00,11.4,0.20,95,10.6,11.2,0.20,0.00,0.00,51,100,98,100,100,2.5,99,82,4.7,5.0,0,0.00,1014.5,1000.2
2023-05-12T03:00,11.0,0.00,96,10.4,10.8,0.00,0.00,0.00,3,100,100,98,5,2.3,90,72,4.7,5.0,0,0.00,1014.4,1000.1
2023-05-12T04:00,10.7,0.00,96,10.0,10.1,0.00,0.00,0.00,3,100,100,100,97,4.0,98,90,8.0,7.9,0,0.00,1014.4,1000.1
2023-05-12T05:00,10.8,0.00,94,9.8,10.0,0.00,0.00,0.00,3,100,93,100,0,4.8,104,103,11.5,9.7,1,0.00,1014.5,1000.2
2023-05-12T06:00,11.2,0.00,91,9.8,10.3,0.00,0.00,0.00,3,100,91,100,7,5.4,96,90,10.9,10.4,1,0.00,1014.6,1000.3
2023-05-12T07:00,11.8,0.00,90,10.2,11.2,0.00,0.00,0.00,3,100,81,100,0,4.8,86,77,10.8,10.8,1,0.00,1014.9,1000.7
2023-05-12T08:00,13.0,0.00,83,10.2,11.8,0.00,0.00,0.00,3,100,97,100,31,8.1,78,77,11.8,17.6,1,1079.11,1014.9,1000.7
2023-05-12T09:00,13.2,0.10,82,10.3,12.0,0.10,0.00,0.00,51,100,99,100,34,8.9,79,76,12.8,18.7,1,0.00,1015.1,1000.9
2023-05-12T10:00,13.5,0.10,83,10.7,12.4,0.10,0.00,0.00,51,100,94,100,89,8.8,79,78,12.8,20.2,1,0.00,1015.2,1001.0
2023-05-12T11:00,14.6,0.00,78,10.9,13.6,0.00,0.00,0.00,3,100,100,100,74,8.6,76,75,12.2,24.5,1,43.37,1015.0,1000.9
2023-05-12T12:00,16.0,0.00,70,10.5,14.9,0.00,0.00,0.00,3,100,100,96,100,8.1,101,103,11.4,24.8,1,886.52,1014.7,1000.7
2023-05-12T13:00,15.4,1.20,70,9.9,14.0,1.20,0.00,0.00,55,100,100,75,30,9.8,85,82,13.4,25.2,1,1014.01,1015.4,1001.3
2023-05-12T14:00,15.0,0.50,75,10.6,13.0,0.50,0.00,0.00,53,100,100,100,20,14.5,73,71,20.4,31.3,1,1903.58,1015.6,1001.5
2023-05-12T15:00,15.0,0.10,75,10.6,13.2,0.10,0.00,0.00,51,100,100,100,13,13.4,77,76,19.6,31.7,1,0.00,1015.5,1001.4
2023-05-12T16:00,15.0,0.00,73,10.3,13.3,0.00,0.00,0.00,3,100,100,99,0,12.7,78,75,19.1,28.8,1,0.00,1015.5,1001.4
2023-05-12T17:00,15.8,0.00,67,9.7,13.8,0.00,0.00,0.00,3,100,100,85,24,13.4,84,82,19.9,28.4,1,2991.74,1015.5,1001.5
2023-05-12T18:00,15.4,0.00,67,9.3,13.4,0.00,0.00,0.00,3,100,100,97,0,12.8,78,74,21.7,28.8,1,39.14,1015.4,1001.3
2023-05-12T19:00,14.6,0.00,71,9.4,12.6,0.00,0.00,0.00,3,99,99,22,3,12.5,63,57,23.0,28.1,1,571.46,1015.7,1001.6
2023-05-12T20:00,13.5,0.00,75,9.1,11.4,0.00,0.00,0.00,3,100,100,98,0,12.7,63,55,25.0,26.6,0,0.00,1016.2,1002.0
2023-05-12T21:00,13.7,0.00,74,9.0,11.5,0.00,0.00,0.00,3,100,100,100,3,13.3,76,71,25.2,28.8,0,0.00,1016.9,1002.7
2023-05-12T22:00,13.7,0.10,74,9.2,11.8,0.10,0.00,0.00,51,100,57,100,0,11.3,79,73,21.7,28.1,0,0.00,1017.3,1003.1
2023-05-12T23:00,13.3,0.00,77,9.3,11.8,0.00,0.00,0.00,1,38,0,38,0,8.7,64,52,18.8,23.8,0,0.00,1017.2,1003.0
2023-05-13T00:00,11.6,0.00,85,9.1,10.2,0.00,0.00,0.00,0,19,7,12,1,7.9,61,47,19.0,18.7,0,0.00,1017.3,1003.0
2023-05-13T01:00,10.4,0.00,91,9.0,9.1,0.00,0.00,0.00,3,89,100,0,0,6.7,43,36,16.3,16.6,0,0.00,1017.7,1003.4
2023-05-13T02:00,10.3,0.00,90,8.8,8.8,0.00,0.00,0.00,3,95,95,0,0,8.1,53,45,20.3,18.0,0,0.00,1017.7,1003.3
2023-05-13T03:00,9.9,0.00,89,8.1,8.3,0.00,0.00,0.00,3,97,97,5,0,7.0,68,55,19.4,18.0,0,0.00,1017.8,1003.4
2023-05-13T04:00,9.4,0.00,87,7.3,7.5,0.00,0.00,0.00,3,99,99,16,0,7.7,68,53,19.9,16.9,0,0.00,1018.0,1003.6
2023-05-13T05:00,9.4,0.00,83,6.6,7.2,0.00,0.00,0.00,3,99,99,20,0,8.7,62,48,21.3,19.1,1,0.00,1018.3,1003.9
2023-05-13T06:00,10.4,0.00,78,6.8,8.2,0.00,0.00,0.00,3,100,100,11,0,9.1,67,56,20.8,20.2,1,1196.55,1018.7,1004.3
2023-05-13T07:00,12.1,0.00,75,7.8,10.4,0.00,0.00,0.00,3,98,98,13,0,7.6,70,59,18.3,20.9,1,3600.00,1019.1,1004.8
2023-05-13T08:00,13.8,0.00,69,8.1,11.7,0.00,0.00,0.00,3,80,80,2,0,10.5,71,68,15.6,24.5,1,3600.00,1018.9,1004.7
2023-05-13T09:00,15.3,0.00,63,8.3,13.0,0.00,0.00,0.00,2,63,61,4,0,12.3,76,75,17.5,28.8,1,3600.00,1018.7,1004.6
2023-05-13T10:00,16.6,0.00,60,8.9,15.2,0.00,0.00,0.00,3,87,87,2,0,10.9,73,73,15.0,37.4,1,3600.00,1018.4,1004.3
2023-05-13T11:00,18.0,0.00,57,9.3,17.5,0.00,0.00,0.00,3,90,85,34,5,10.9,79,81,15.0,36.7,1,3600.00,1017.8,1003.8
2023-05-13T12:00,18.2,0.00,54,8.8,16.5,0.00,0.00,0.00,3,98,90,83,6,13.3,86,87,18.4,33.8,1,3600.00,1017.9,1003.9
2023-05-13T13:00,16.4,0.00,60,8.6,14.1,0.00,0.00,0.00,3,100,100,99,52,13.1,84,82,18.1,34.2,1,3600.00,1018.5,1004.4
2023-05-13T14:00,16.9,0.40,61,9.4,15.5,0.40,0.00,0.00,51,100,100,22,13,8.2,114,119,11.4,28.8,1,1784.77,1018.1,1004.1
2023-05-13T15:00,17.7,0.00,58,9.5,15.7,0.00,0.00,0.00,3,100,100,66,27,13.0,93,95,18.0,30.6,1,3600.00,1017.9,1003.9
2023-05-13T16:00,18.0,0.00,57,9.5,16.3,0.00,0.00,0.00,3,100,100,62,10,10.8,87,86,15.5,32.4,1,3600.00,1017.8,1003.8
2023-05-13T17:00,17.4,0.00,57,8.8,15.5,0.00,0.00,0.00,3,99,99,13,10,10.6,69,66,16.2,24.8,1,3080.98,1017.6,1003.6
2023-05-13T18:00,17.2,0.00,58,8.8,15.4,0.00,0.00,0.00,1,23,13,2,11,9.9,62,57,17.6,24.1,1,3600.00,1017.2,1003.2
2023-05-13T19:00,15.8,0.00,65,9.2,14.5,0.00,0.00,0.00,0,9,3,1,5,7.8,64,56,17.6,21.6,1,3600.00,1017.3,1003.2
2023-05-13T20:00,13.4,0.00,72,8.5,12.0,0.00,0.00,0.00,0,9,1,6,2,6.5,70,56,16.5,16.9,0,553.95,1017.7,1003.5
2023-05-13T21:00,12.4,0.00,76,8.2,10.7,0.00,0.00,0.00,0,17,0,13,7,8.2,63,49,18.5,16.2,0,0.00,1018.4,1004.1
2023-05-13T22:00,11.9,0.00,77,7.9,10.1,0.00,0.00,0.00,1,24,0,13,17,8.3,65,56,19.8,16.9,0,0.00,1018.6,1004.3
2023-05-13T23:00,11.5,0.00,78,7.8,9.6,0.00,0.00,0.00,0,17,3,6,14,8.5,71,62,20.6,16.9,0,0.00,1018.3,1004.0
2023-05-14T00:00,11.2,0.00,79,7.7,9.4,0.00,0.00,0.00,1,44,37,6,11,8.2,73,67,20.7,17.6,0,0.00,1017.9,1003.6
2023-05-14T01:00,10.7,0.00,91,9.2,9.4,0.00,0.00,0.00,3,87,57,31,39,7.0,62,55,14.3,16.9,0,0.00,1017.7,1003.4
2023-05-14T02:00,10.4,0.00,90,8.8,9.2,0.00,0.00,0.00,3,100,100,23,17,5.6,65,50,13.9,13.7,0,0.00,1017.4,1003.1
2023-05-14T03:00,9.6,0.00,90,8.1,8.2,0.00,0.00,0.00,3,100,99,40,18,6.0,57,33,13.8,11.2,0,0.00,1017.2,1002.8
2023-05-14T04:00,9.1,0.00,92,7.8,7.5,0.00,0.00,0.00,2,78,63,38,25,6.5,53,34,13.6,11.5,0,0.00,1017.1,1002.7
2023-05-14T05:00,9.6,0.00,90,8.0,8.3,0.00,0.00,0.00,3,100,0,100,45,5.4,62,53,15.9,11.5,1,0.00,1017.1,1002.7
2023-05-14T06:00,11.2,0.00,85,8.9,10.2,0.00,0.00,0.00,3,100,0,100,100,5.2,67,56,13.7,11.5,1,875.82,1017.2,1002.9
2023-05-14T07:00,12.3,0.00,82,9.4,11.7,0.00,0.00,0.00,2,76,0,74,38,3.1,55,21,8.8,11.9,1,0.00,1017.2,1003.0
2023-05-14T08:00,13.9,0.00,79,10.3,13.6,0.00,0.00,0.00,0,17,0,1,16,2.3,53,39,3.6,10.8,1,3600.00,1016.9,1002.7
2023-05-14T09:00,15.5,0.10,69,9.8,14.7,0.10,0.00,0.00,51,34,0,9,33,5.0,60,60,7.1,15.1,1,3600.00,1016.4,1002.3
2023-05-14T10:00,16.5,0.10,63,9.4,15.8,0.10,0.00,0.00,51,38,0,17,37,4.7,59,58,6.3,15.8,1,3600.00,1015.8,1001.8
2023-05-14T11:00,17.5,0.10,61,10.0,17.6,0.10,0.00,0.00,51,47,0,35,36,4.0,37,27,5.4,16.2,1,3600.00,1015.5,1001.5
2023-05-14T12:00,18.1,0.00,60,10.1,18.1,0.00,0.00,0.00,3,100,2,100,100,5.0,351,339,6.6,17.3,1,3600.00,1015.1,1001.2
2023-05-14T13:00,16.5,0.00,64,9.7,14.5,0.00,0.00,0.00,3,100,35,57,61,13.1,11,8,17.6,19.8,1,1804.27,1015.4,1001.4
2023-05-14T14:00,17.6,0.30,60,9.7,16.1,0.30,0.00,0.00,51,43,7,30,20,9.9,24,19,13.4,29.9,1,3600.00,1014.7,1000.7
2023-05-14T15:00,18.7,0.00,58,10.3,18.1,0.00,0.00,0.00,1,47,4,19,33,8.9,25,21,11.9,24.5,1,3600.00,1013.9,1000.0
2023-05-14T16:00,18.8,0.00,56,10.0,17.6,0.00,0.00,0.00,3,100,2,38,100,8.4,14,10,11.5,23.0,1,3600.00,1013.4,999.5
2023-05-14T17:00,17.7,0.20,60,9.8,16.2,0.20,0.00,0.00,51,46,1,33,22,9.5,25,25,13.9,23.4,1,3600.00,1013.3,999.4
2023-05-14T18:00,17.8,0.20,62,10.3,17.4,0.20,0.00,0.00,51,24,0,22,5,3.3,47,49,5.9,20.2,1,3600.00,1013.0,999.1
2023-05-14T19:00,16.3,0.00,69,10.5,15.7,0.00,0.00,0.00,2,69,32,52,26,5.3,352,332,13.1,11.9,1,3600.00,1013.3,999.3
2023-05-14T20:00,15.0,0.00,70,9.5,13.0,0.00,0.00,0.00,2,66,47,34,9,12.8,349,338,24.6,23.4,1,195.28,1013.9,999.8
2023-05-14T21:00,13.4,0.20,80,10.0,11.7,0.20,0.00,0.00,51,98,95,64,2,11.8,23,20,23.9,31.7,0,0.00,1014.4,1000.2
2023-05-14T22:00,12.4,0.00,85,10.0,11.6,0.00,0.00,0.00,3,100,100,46,7,5.1,14,8,13.4,22.3,0,0.00,1013.8,999.6
2023-05-14T23:00,11.9,0.00,90,10.4,11.1,0.00,0.00,0.00,3,94,93,2,14,6.4,337,322,16.0,13.7,0,0.00,1013.7,999.5
2023-05-15T00:00,10.2,0.00,95,9.5,9.2,0.00,0.00,0.00,2,68,65,2,8,5.7,349,342,13.6,13.0,0,0.00,1013.6,999.3
2023-05-15T01:00,10.4,0.00,92,9.1,9.5,0.00,0.00,0.00,2,77,46,26,11,4.1,342,322,5.7,10.4,0,0.00,1013.4,999.1
2023-05-15T02:00,9.4,0.00,95,8.6,8.2,0.00,0.00,0.00,0,18,17,0,0,5.4,345,360,12.7,9.7,0,0.00,1013.1,998.8
2023-05-15T03:00,9.2,0.00,95,8.4,7.9,0.00,0.00,0.00,1,33,24,12,0,5.8,359,7,14.0,10.4,0,0.00,1013.0,998.7
2023-05-15T04:00,10.6,0.00,89,8.8,9.8,0.00,0.00,0.00,0,17,14,3,0,3.6,18,45,8.3,11.9,0,0.00,1012.8,998.5
2023-05-15T05:00,8.1,0.00,97,7.6,6.6,0.00,0.00,0.00,1,27,27,0,0,5.9,295,259,7.6,9.7,1,0.00,1013.2,998.8
2023-05-15T06:00,10.2,0.00,97,9.8,9.4,0.00,0.00,0.00,1,48,48,0,0,5.4,296,266,10.0,10.1,1,2589.12,1013.4,999.1
2023-05-15T07:00,11.6,0.00,93,10.5,11.0,0.00,0.00,0.00,1,38,17,1,24,5.2,304,295,7.8,14.0,1,3600.00,1013.4,999.2
2023-05-15T08:00,13.3,0.00,87,11.2,12.8,0.00,0.00,0.00,1,39,36,0,5,6.0,302,295,8.1,16.9,1,3600.00,1013.4,999.3
2023-05-15T09:00,15.1,0.00,81,11.8,14.8,0.00,0.00,0.00,2,62,62,0,0,5.4,282,278,7.0,17.3,1,3600.00,1013.3,999.2
2023-05-15T10:00,16.5,0.00,74,11.9,16.6,0.00,0.00,0.00,0,17,10,6,2,7.8,287,283,9.8,23.4,1,3600.00,1013.2,999.2
2023-05-15T11:00,17.6,0.00,68,11.7,17.7,0.00,0.00,0.00,1,20,0,18,1,9.8,301,298,12.6,25.2,1,3600.00,1013.0,999.1
2023-05-15T12:00,18.2,0.00,65,11.5,18.1,0.00,0.00,0.00,1,29,0,27,3,9.7,312,309,13.0,25.2,1,3600.00,1012.6,998.7
2023-05-15T13:00,18.7,0.00,54,9.1,17.6,0.00,0.00,0.00,1,26,69,19,5,10.9,318,314,15.0,25.6,1,3600.00,1011.8,997.9
2023-05-15T14:00,18.9,0.00,49,7.9,17.5,0.00,0.00,0.00,2,65,60,15,1,12.0,323,321,16.2,30.2,1,3600.00,1011.5,997.7
2023-05-15T15:00,19.3,0.00,46,7.3,17.7,0.00,0.00,0.00,2,56,55,3,0,11.1,326,324,15.3,27.7,1,3600.00,1011.5,997.7
2023-05-15T16:00,19.1,0.00,47,7.4,17.0,0.00,0.00,0.00,0,7,0,7,0,11.6,332,330,15.9,27.0,1,3600.00,1011.5,997.7
2023-05-15T17:00,18.6,0.00,49,7.6,16.5,0.00,0.00,0.00,0,11,0,11,3,10.2,337,337,14.8,25.9,1,3600.00,1011.7,997.8
2023-05-15T18:00,18.0,0.00,55,8.8,16.6,0.00,0.00,0.00,0,13,1,12,3,7.1,331,330,13.5,22.0,1,3600.00,1011.7,997.8
2023-05-15T19:00,16.5,0.00,63,9.5,15.3,0.00,0.00,0.00,0,9,0,8,1,6.8,330,328,16.6,15.5,1,3600.00,1012.1,998.1
2023-05-15T20:00,14.9,0.00,65,8.5,13.1,0.00,0.00,0.00,2,65,0,64,3,9.4,337,328,22.7,18.7,1,568.77,1012.7,998.6
2023-05-15T21:00,14.1,0.00,68,8.2,12.2,0.00,0.00,0.00,0,19,0,17,6,9.6,357,347,21.6,22.0,0,0.00,1013.5,999.4
2023-05-15T22:00,13.0,0.00,74,8.4,11.4,0.00,0.00,0.00,1,48,4,39,11,7.5,343,343,19.2,19.1,0,0.00,1013.7,999.5
2023-05-15T23:00,12.8,0.00,75,8.5,10.6,0.00,0.00,0.00,1,45,0,45,0,12.7,336,335,26.4,25.6,0,0.00,1013.9,999.7
2023-05-16T00:00,12.1,0.00,79,8.5,9.8,0.00,0.00,0.00,1,49,0,49,6,13.1,341,339,25.2,28.1,0,0.00,1014.5,1000.3
2023-05-16T01:00,11.7,0.00,85,9.3,9.7,0.00,0.00,0.00,3,100,0,16,0,12.2,342,341,24.9,26.6,0,0.00,1014.5,1000.3
2023-05-16T02:00,11.1,0.00,91,9.7,9.2,0.00,0.00,0.00,2,66,0,66,0,12.4,341,338,24.7,25.2,0,0.00,1014.5,1000.2
2023-05-16T03:00,10.8,0.00,93,9.8,8.8,0.00,0.00,0.00,3,100,0,100,5,13.7,349,346,25.7,28.1,0,0.00,1014.6,1000.3
2023-05-16T04:00,11.0,0.00,91,9.6,9.0,0.00,0.00,0.00,3,100,0,100,4,13.1,350,344,24.1,28.4,0,0.00,1014.7,1000.4
2023-05-16T05:00,11.0,0.00,90,9.5,8.8,0.00,0.00,0.00,2,51,0,35,25,14.0,343,337,24.5,29.2,1,0.00,1015.1,1000.8
2023-05-16T06:00,11.1,0.00,90,9.4,9.0,0.00,0.00,0.00,3,100,0,3,100,13.5,348,344,21.7,28.8,1,1385.26,1015.6,1001.3
2023-05-16T07:00,11.9,0.00,84,9.3,9.3,0.00,0.00,0.00,3,99,0,6,99,16.5,351,349,24.1,33.5,1,3600.00,1016.0,1001.8
2023-05-16T08:00,13.0,0.00,77,9.0,10.2,0.00,0.00,0.00,3,100,0,17,100,17.4,355,354,24.6,36.7,1,3600.00,1016.1,1001.9
2023-05-16T09:00,13.7,0.00,73,8.9,11.1,0.00,0.00,0.00,3,100,0,15,100,15.8,1,359,22.3,36.7,1,3600.00,1016.7,1002.5
2023-05-16T10:00,13.0,0.20,73,8.3,9.5,0.20,0.00,0.00,51,100,0,28,100,20.9,5,4,30.4,44.3,1,1899.96,1017.0,1002.8
2023-05-16T11:00,13.0,0.00,69,7.5,9.3,0.00,0.00,0.00,3,100,0,6,100,21.3,360,358,30.6,45.0,1,2224.10,1017.5,1003.3
2023-05-16T12:00,12.9,0.00,66,6.7,8.7,0.00,0.00,0.00,3,93,0,29,93,23.1,359,357,33.5,49.0,1,0.00,1017.7,1003.5
2023-05-16T13:00,12.9,0.00,67,6.9,9.0,0.00,0.00,0.00,1,45,35,37,100,21.3,357,354,30.3,49.3,1,1264.49,1018.1,1003.9
2023-05-16T14:00,13.3,0.00,63,6.3,9.2,0.00,0.00,0.00,3,99,97,30,34,21.6,359,357,31.0,47.5,1,3086.46,1018.2,1004.0
2023-05-16T15:00,14.1,0.00,57,5.6,10.1,0.00,0.00,0.00,3,100,100,70,30,20.5,358,357,29.9,48.6,1,3600.00,1018.5,1004.3
2023-05-16T16:00,14.3,0.00,52,4.5,10.2,0.00,0.00,0.00,3,98,98,17,14,19.1,1,360,27.7,44.6,1,3600.00,1018.4,1004.2
2023-05-16T17:00,14.9,0.00,45,3.0,10.4,0.00,0.00,0.00,3,100,100,4,0,19.5,2,2,29.2,41.8,1,3600.00,1018.1,1004.0
2023-05-16T18:00,14.3,0.00,47,3.1,10.2,0.00,0.00,0.00,3,100,100,27,6,16.9,1,360,27.7,41.0,1,3600.00,1018.2,1004.0
2023-05-16T19:00,13.0,0.00,52,3.4,9.2,0.00,0.00,0.00,3,100,100,68,25,15.9,359,356,28.1,35.3,1,3350.41,1018.8,1004.6
2023-05-16T20:00,12.2,0.00,52,2.8,8.6,0.00,0.00,0.00,3,100,100,0,0,13.4,8,5,25.1,33.5,1,0.00,1019.7,1005.4
2023-05-16T21:00,10.8,0.00,57,2.7,7.6,0.00,0.00,0.00,3,100,100,11,16,10.5,11,6,22.7,28.4,0,0.00,1020.6,1006.2
2023-05-16T22:00,9.9,0.00,63,3.1,6.9,0.00,0.00,0.00,3,97,96,0,21,9.7,1,356,22.3,22.7,0,0.00,1021.1,1006.7
2023-05-16T23:00,9.2,0.00,67,3.4,6.1,0.00,0.00,0.00,3,97,97,0,0,10.1,3,356,22.7,21.6,0,0.00,1021.6,1007.1
2023-05-17T00:00,8.5,0.00,69,3.2,5.6,0.00,0.00,0.00,3,97,97,0,0,9.0,4,355,21.3,21.6,0,0.00,1021.9,1007.4
2023-05-17T01:00,8.3,0.00,72,3.4,5.4,0.00,0.00,0.00,3,98,99,0,0,9.0,5,358,20.6,20.2,0,0.00,1022.3,1007.8
2023-05-17T02:00,7.4,0.00,75,3.4,4.5,0.00,0.00,0.00,3,100,100,0,0,9.0,5,355,21.3,19.1,0,0.00,1022.6,1008.0
2023-05-17T03:00,7.2,0.00,77,3.5,4.2,0.00,0.00,0.00,0,19,19,0,0,9.7,7,360,22.1,20.5,0,0.00,1023.0,1008.4
2023-05-17T04:00,6.5,0.00,81,3.5,3.7,0.00,0.00,0.00,0,7,0,0,7,8.6,10,2,20.8,20.5,0,0.00,1023.3,1008.7
2023-05-17T05:00,6.2,0.00,84,3.7,3.5,0.00,0.00,0.00,0,16,1,10,14,8.7,16,7,21.0,19.1,1,0.00,1023.8,1009.2
2023-05-17T06:00,7.5,0.00,82,4.6,4.8,0.00,0.00,0.00,2,50,50,0,0,9.4,17,360,18.8,19.1,1,2733.23,1024.2,1009.6
2023-05-17T07:00,9.1,0.00,78,5.5,6.6,0.00,0.00,0.00,3,93,93,0,0,9.5,360,349,14.8,21.6,1,3600.00,1024.6,1010.1
2023-05-17T08:00,10.4,0.00,74,6.0,7.8,0.00,0.00,0.00,3,100,100,0,0,10.5,360,354,14.8,24.8,1,3600.00,1024.8,1010.4
2023-05-17T09:00,11.7,0.00,67,5.7,8.6,0.00,0.00,0.00,3,100,100,0,21,13.7,2,360,18.7,29.9,1,3600.00,1025.1,1010.7
2023-05-17T10:00,12.8,0.00,58,4.7,9.6,0.00,0.00,0.00,3,100,100,0,64,14.8,7,6,20.7,33.8,1,3600.00,1024.9,1010.6
2023-05-17T11:00,13.2,0.00,57,4.9,9.7,0.00,0.00,0.00,3,100,98,8,100,15.5,2,360,21.3,34.9,1,3600.00,1024.8,1010.5
2023-05-17T12:00,13.0,0.00,59,5.1,9.7,0.00,0.00,0.00,3,100,56,4,100,14.4,1,360,20.2,34.9,1,2125.89,1024.7,1010.4
2023-05-17T13:00,13.6,0.00,56,5.1,10.6,0.00,0.00,0.00,3,100,0,82,95,12.6,2,2,16.9,34.2,1,3600.00,1025.0,1010.7
2023-05-17T14:00,13.9,0.00,55,5.0,10.9,0.00,0.00,0.00,2,59,0,32,58,12.2,1,360,16.6,28.8,1,3110.51,1024.8,1010.5
2023-05-17T15:00,14.4,0.00,52,4.6,11.2,0.00,0.00,0.00,1,25,3,17,21,13.0,4,2,17.7,28.8,1,3600.00,1024.4,1010.2
2023-05-17T16:00,14.8,0.00,49,4.1,11.4,0.00,0.00,0.00,1,39,10,29,30,13.5,17,16,18.8,30.6,1,3600.00,1024.1,1009.9
2023-05-17T17:00,14.4,0.00,47,3.2,11.0,0.00,0.00,0.00,3,81,18,76,10,12.7,26,25,18.4,29.9,1,3600.00,1024.1,1009.9
2023-05-17T18:00,14.0,0.00,49,3.5,10.9,0.00,0.00,0.00,2,74,14,70,8,10.7,40,40,16.9,28.8,1,3600.00,1024.1,1009.8
2023-05-17T19:00,13.1,0.00,62,5.9,11.4,0.00,0.00,0.00,3,100,13,100,5,4.6,47,51,12.2,22.7,1,3600.00,1024.3,1010.0
2023-05-17T20:00,12.3,0.00,58,4.2,10.0,0.00,0.00,0.00,0,17,5,13,0,6.1,60,62,15.8,13.0,1,0.00,1024.3,1010.0
2023-05-17T21:00,10.4,0.00,62,3.4,7.6,0.00,0.00,0.00,1,46,44,4,1,8.0,72,63,19.7,16.9,0,0.00,1024.7,1010.3
2023-05-17T22:00,9.2,0.00,65,3.0,6.3,0.00,0.00,0.00,3,98,98,2,0,8.4,56,50,20.5,16.9,0,0.00,1024.9,1010.4
2023-05-17T23:00,9.3,0.00,65,3.0,6.0,0.00,0.00,0.00,2,65,65,0,0,11.7,45,43,27.0,23.8,0,0.00,1025.0,1010.5
2023-05-18T00:00,9.1,0.00,63,2.4,5.5,0.00,0.00,0.00,1,24,22,4,0,13.0,59,56,28.3,26.6,0,0.00,1025.0,1010.5
2023-05-18T01:00,9.5,0.00,62,2.6,5.6,0.00,0.00,0.00,0,2,7,2,1,15.0,62,60,31.1,27.0,0,0.00,1024.9,1010.4
2023-05-18T02:00,9.2,0.00,62,2.2,5.0,0.00,0.00,0.00,0,1,0,1,0,16.6,65,63,32.7,33.5,0,0.00,1024.7,1010.2
2023-05-18T03:00,8.8,0.00,63,2.2,4.7,0.00,0.00,0.00,0,3,0,3,0,15.8,71,69,31.5,33.8,0,0.00,1024.6,1010.1
2023-05-18T04:00,8.2,0.00,66,2.2,4.4,0.00,0.00,0.00,0,4,0,4,0,14.2,73,69,29.7,32.0,0,0.00,1024.4,1009.8
2023-05-18T05:00,7.8,0.00,68,2.3,4.1,0.00,0.00,0.00,0,2,0,2,0,13.2,73,68,27.9,29.2,1,0.00,1024.6,1010.0
2023-05-18T06:00,8.3,0.00,70,3.1,4.8,0.00,0.00,0.00,0,0,0,0,0,12.9,71,67,26.6,27.0,1,2801.62,1025.0,1010.4
2023-05-18T07:00,9.8,0.00,69,4.3,6.7,0.00,0.00,0.00,0,0,0,0,0,11.9,69,65,22.0,27.4,1,3600.00,1025.2,1010.7
2023-05-18T08:00,11.7,0.00,65,5.3,8.7,0.00,0.00,0.00,0,0,0,0,0,12.1,69,67,17.8,27.4,1,3600.00,1025.2,1010.8
2023-05-18T09:00,13.5,0.00,58,5.3,10.4,0.00,0.00,0.00,0,1,0,1,0,13.0,77,76,18.5,29.5,1,3600.00,1025.1,1010.8
2023-05-18T10:00,14.7,0.00,51,4.6,12.0,0.00,0.00,0.00,1,23,0,5,19,14.2,84,83,19.9,32.4,1,3600.00,1024.8,1010.6
2023-05-18T11:00,15.8,0.00,47,4.4,13.5,0.00,0.00,0.00,2,63,0,61,40,15.0,79,79,20.9,34.6,1,3600.00,1024.5,1010.3
2023-05-18T12:00,16.0,0.00,46,4.3,12.9,0.00,0.00,0.00,2,67,0,67,5,15.5,73,72,21.4,34.6,1,3600.00,1024.2,1010.0
2023-05-18T13:00,17.4,0.00,42,4.5,14.8,0.00,0.00,0.00,2,70,0,69,0,15.8,69,69,21.5,34.9,1,3600.00,1023.7,1009.6
2023-05-18T14:00,17.3,0.00,43,4.7,14.4,0.00,0.00,0.00,2,63,0,63,0,16.3,68,68,22.5,36.0,1,3600.00,1023.3,1009.2
2023-05-18T15:00,17.4,0.00,43,4.7,14.1,0.00,0.00,0.00,3,93,0,93,1,16.3,66,65,23.2,36.0,1,3600.00,1023.0,1008.9
2023-05-18T16:00,17.6,0.00,42,4.4,14.0,0.00,0.00,0.00,2,76,0,76,0,15.0,65,63,21.9,35.6,1,3600.00,1022.5,1008.4
2023-05-18T17:00,17.3,0.00,41,4.0,13.8,0.00,0.00,0.00,3,100,0,100,0,14.2,64,63,21.6,34.2,1,3600.00,1022.2,1008.1
2023-05-18T18:00,16.7,0.00,49,5.9,14.3,0.00,0.00,0.00,3,98,0,98,0,8.9,49,43,17.1,31.7,1,1493.70,1022.2,1008.1
2023-05-18T19:00,15.7,0.00,52,5.9,13.0,0.00,0.00,0.00,3,94,0,94,0,11.8,37,31,22.9,23.8,1,0.00,1022.3,1008.2
2023-05-18T20:00,14.7,0.00,52,4.9,11.7,0.00,0.00,0.00,1,27,0,27,0,12.0,43,39,24.2,27.0,1,0.00,1022.7,1008.5
2023-05-18T21:00,13.2,0.00,56,4.6,10.1,0.00,0.00,0.00,1,43,0,43,0,12.2,51,47,26.4,25.6,0,0.00,1023.3,1009.0
2023-05-18T22:00,12.7,0.00,57,4.4,9.0,0.00,0.00,0.00,0,2,0,2,0,16.0,63,59,31.2,32.4,0,0.00,1023.5,1009.2
2023-05-18T23:00,11.9,0.00,56,3.5,7.9,0.00,0.00,0.00,1,23,23,0,0,17.3,71,69,33.6,35.3,0,0.00,1023.6,1009.2
2023-05-19T00:00,11.3,0.00,57,3.1,7.3,0.00,0.00,0.00,0,0,0,0,0,16.3,76,76,32.7,34.6,0,0.00,1023.5,1009.1
2023-05-19T01:00,11.3,0.00,59,3.7,7.4,0.00,0.00,0.00,0,4,31,3,0,16.8,76,75,33.1,33.5,0,0.00,1023.2,1008.8
2023-05-19T02:00,11.1,0.00,59,3.4,7.2,0.00,0.00,0.00,2,56,56,0,0,15.7,81,79,31.7,33.5,0,0.00,1023.0,1008.6
2023-05-19T03:00,10.4,0.00,62,3.4,6.9,0.00,0.00,0.00,1,25,25,0,0,13.7,81,76,28.8,31.3,0,0.00,1023.0,1008.6
2023-05-19T04:00,9.7,0.00,65,3.5,6.6,0.00,0.00,0.00,3,100,100,0,0,11.2,81,75,25.9,27.7,0,0.00,1023.0,1008.5
2023-05-19T05:00,9.3,0.00,68,3.8,6.4,0.00,0.00,0.00,3,88,88,0,0,9.7,78,68,23.2,23.4,1,0.00,1023.2,1008.7
2023-05-19T06:00,10.0,0.00,71,4.9,7.4,0.00,0.00,0.00,3,83,83,3,0,9.0,76,67,20.8,20.5,1,1758.62,1023.4,1009.0
2023-05-19T07:00,11.7,0.00,69,6.2,9.8,0.00,0.00,0.00,3,100,100,4,0,6.8,71,58,16.4,19.4,1,3600.00,1023.3,1008.9
2023-05-19T08:00,13.4,0.00,65,6.9,11.4,0.00,0.00,0.00,3,100,100,6,3,8.2,67,61,12.1,19.8,1,3600.00,1023.2,1008.9
2023-05-19T09:00,15.1,0.00,54,5.9,12.3,0.00,0.00,0.00,3,90,89,19,0,11.8,69,67,17.0,27.0,1,3600.00,1022.9,1008.7
2023-05-19T10:00,15.9,0.00,50,5.5,13.2,0.00,0.00,0.00,2,61,47,37,0,14.0,68,67,19.4,32.0,1,3600.00,1022.4,1008.3
2023-05-19T11:00,17.0,0.00,48,5.9,14.9,0.00,0.00,0.00,3,97,96,7,37,14.7,66,65,20.5,33.1,1,3600.00,1022.0,1007.9
2023-05-19T12:00,17.7,0.00,48,6.7,15.0,0.00,0.00,0.00,3,100,56,100,100,14.9,71,70,20.9,33.5,1,3600.00,1021.4,1007.4
2023-05-19T13:00,17.6,0.00,51,7.3,14.7,0.00,0.00,0.00,3,100,28,100,100,15.0,69,69,20.9,32.8,1,206.44,1021.3,1007.3
2023-05-19T14:00,17.3,0.00,53,7.6,14.4,0.00,0.00,0.00,3,100,12,100,100,15.0,73,73,21.9,32.8,1,1125.61,1021.2,1007.1
2023-05-19T15:00,17.0,0.00,55,7.9,14.1,0.00,0.00,0.00,3,100,0,100,100,16.0,77,76,23.7,33.1,1,0.00,1021.0,1006.9
2023-05-19T16:00,16.8,0.00,55,7.7,14.3,0.00,0.00,0.00,3,100,100,98,100,13.3,77,77,20.3,33.1,1,0.00,1020.8,1006.7
2023-05-19T17:00,17.3,0.00,53,7.7,15.2,0.00,0.00,0.00,3,100,78,100,99,9.9,79,80,16.9,31.0,1,0.00,1020.4,1006.4
2023-05-19T18:00,17.1,0.00,59,9.1,16.0,0.00,0.00,0.00,3,100,20,100,1,5.8,72,68,12.9,21.6,1,0.00,1020.0,1005.9
2023-05-19T19:00,16.5,0.00,66,10.2,16.0,0.00,0.00,0.00,3,100,0,100,7,4.2,41,20,11.0,13.3,1,0.00,1019.7,1005.6
2023-05-19T20:00,15.3,0.00,65,8.8,14.1,0.00,0.00,0.00,3,100,0,100,28,5.9,32,14,15.7,13.3,1,0.00,1019.6,1005.5
2023-05-19T21:00,15.2,0.00,59,7.3,12.9,0.00,0.00,0.00,3,100,0,100,56,10.8,41,30,23.0,21.6,0,0.00,1019.8,1005.7
2023-05-19T22:00,15.4,0.00,57,7.0,12.4,0.00,0.00,0.00,2,70,0,70,2,15.1,56,50,29.1,31.0,0,0.00,1019.7,1005.6
2023-05-19T23:00,15.0,0.00,61,7.5,12.0,0.00,0.00,0.00,0,19,0,18,2,16.0,58,54,30.1,32.8,0,0.00,1019.9,1005.7
2023-05-20T00:00,13.8,0.00,68,8.0,10.9,0.00,0.00,0.00,1,25,11,16,0,16.0,61,59,31.3,32.8,0,0.00,1020.0,1005.8
2023-05-20T01:00,13.7,0.00,68,7.9,10.8,0.00,0.00,0.00,0,6,12,12,0,16.1,63,61,32.0,34.2,0,0.00,1019.2,1005.0
2023-05-20T02:00,13.1,0.00,71,8.0,10.4,0.00,0.00,0.00,0,16,9,8,0,14.8,60,56,30.3,32.4,0,0.00,1019.0,1004.8
2023-05-20T03:00,12.4,0.00,76,8.3,10.0,0.00,0.00,0.00,3,98,98,4,2,13.6,57,50,28.7,29.9,0,0.00,1018.8,1004.5
2023-05-20T04:00,11.9,0.00,79,8.5,9.7,0.00,0.00,0.00,3,100,100,25,4,12.5,57,49,27.6,27.4,0,0.00,1018.6,1004.3
2023-05-20T05:00,12.1,0.00,80,8.8,9.9,0.00,0.00,0.00,3,100,100,78,52,13.0,57,48,27.4,27.0,1,0.00,1018.5,1004.2
2023-05-20T06:00,13.3,0.00,79,9.7,11.6,0.00,0.00,0.00,3,100,99,100,64,11.0,62,58,22.4,27.7,1,0.00,1018.5,1004.3
2023-05-20T07:00,14.3,0.10,78,10.6,13.9,0.10,0.00,0.00,51,100,0,100,20,3.9,63,34,9.7,23.0,1,0.00,1018.4,1004.2
2023-05-20T08:00,15.3,0.00,76,11.1,14.4,0.00,0.00,0.00,3,100,0,100,11,7.9,47,39,11.7,18.0,1,0.00,1018.1,1004.0
2023-05-20T09:00,17.4,0.00,68,11.3,15.9,0.00,0.00,0.00,3,95,92,3,34,12.6,71,70,17.9,27.4,1,3600.00,1017.7,1003.7
2023-05-20T10:00,19.2,0.00,59,11.1,17.3,0.00,0.00,0.00,3,96,88,0,68,16.1,70,70,22.7,34.6,1,3600.00,1017.0,1003.1
2023-05-20T11:00,19.9,0.00,56,10.9,18.0,0.00,0.00,0.00,3,100,96,0,100,17.3,78,78,25.1,37.8,1,3600.00,1016.9,1003.0
2023-05-20T12:00,19.8,0.00,59,11.4,17.8,0.00,0.00,0.00,3,100,30,0,100,16.5,75,74,23.8,38.2,1,519.17,1016.6,1002.7
2023-05-20T13:00,20.8,0.00,57,12.0,18.9,0.00,0.00,0.00,3,100,10,6,100,17.0,59,58,23.6,36.4,1,1237.94,1015.9,1002.1
2023-05-20T14:00,21.0,0.00,55,11.7,19.2,0.00,0.00,0.00,2,56,9,48,42,15.8,67,66,22.7,36.4,1,3600.00,1015.8,1002.0
2023-05-20T15:00,21.6,0.00,54,11.8,20.1,0.00,0.00,0.00,3,100,100,55,62,13.7,57,55,20.1,33.8,1,3600.00,1015.1,1001.3
2023-05-20T16:00,22.1,0.00,52,11.7,20.8,0.00,0.00,0.00,3,100,98,78,100,12.9,57,54,19.0,31.0,1,3600.00,1014.5,1000.8
2023-05-20T17:00,22.1,0.00,52,11.8,21.2,0.00,0.00,0.00,3,96,94,34,5,9.8,64,62,17.6,27.4,1,1387.71,1014.4,1000.7
2023-05-20T18:00,21.5,0.10,60,13.3,21.6,0.10,0.00,0.00,51,97,96,27,10,6.6,37,22,13.6,22.0,1,3600.00,1014.3,1000.5
2023-05-20T19:00,20.1,0.00,65,13.4,20.1,0.00,0.00,0.00,3,100,100,24,17,7.2,23,6,17.3,15.8,1,3600.00,1014.2,1000.4
2023-05-20T20:00,18.4,0.00,70,12.8,17.6,0.00,0.00,0.00,3,100,100,17,8,11.3,9,353,23.0,22.0,1,0.00,1014.3,1000.4
2023-05-20T21:00,16.9,0.00,76,12.7,15.9,0.00,0.00,0.00,3,99,99,7,0,12.5,24,12,26.1,25.6,0,0.00,1014.7,1000.7
2023-05-20T22:00,16.7,0.00,77,12.6,15.6,0.00,0.00,0.00,3,99,99,6,0,13.2,46,35,28.3,27.0,0,0.00,1014.3,1000.3
2023-05-20T23:00,16.6,0.00,77,12.6,15.6,0.00,0.00,0.00,3,99,99,0,0,12.2,59,47,27.8,27.4,0,0.00,1014.1,1000.1
2023-05-21T00:00,16.2,0.00,79,12.6,15.7,0.00,0.00,0.00,3,100,100,0,0,9.0,67,53,23.5,25.6,0,0.00,1013.9,999.9
2023-05-21T01:00,14.6,0.00,89,12.8,14.4,0.00,0.00,0.00,3,100,100,7,0,7.3,47,11,16.8,19.1,0,0.00,1013.8,999.7
2023-05-21T02:00,14.6,0.00,88,12.6,14.6,0.00,0.00,0.00,3,99,99,36,0,5.2,53,12,14.9,14.4,0,0.00,1013.3,999.2
2023-05-21T03:00,14.6,0.00,87,12.4,14.5,0.00,0.00,0.00,2,77,63,49,0,5.6,58,27,17.5,12.6,0,0.00,1012.9,998.8
2023-05-21T04:00,14.2,0.00,86,12.0,13.9,0.00,0.00,0.00,3,86,80,30,0,6.5,58,34,19.1,14.0,0,0.00,1012.7,998.6
2023-05-21T05:00,14.2,0.00,85,11.8,13.7,0.00,0.00,0.00,3,98,98,7,0,6.9,63,43,20.1,14.8,1,0.00,1012.6,998.5
2023-05-21T06:00,15.7,0.00,81,12.5,15.4,0.00,0.00,0.00,2,55,51,15,0,7.0,72,55,18.6,15.8,1,685.21,1013.0,999.0
2023-05-21T07:00,17.4,0.00,79,13.7,18.1,0.00,0.00,0.00,2,52,48,11,0,3.6,71,360,13.3,15.1,1,3600.00,1013.1,999.2
2023-05-21T08:00,19.2,0.00,73,14.2,19.8,0.00,0.00,0.00,0,19,17,12,0,5.2,66,56,7.9,14.0,1,3600.00,1013.1,999.2
2023-05-21T09:00,20.7,0.00,66,14.0,20.8,0.00,0.00,0.00,0,13,13,0,0,7.9,77,74,11.1,20.2,1,3600.00,1013.1,999.3
2023-05-21T10:00,22.0,0.00,59,13.8,22.8,0.00,0.00,0.00,0,0,0,0,0,7.3,80,79,10.2,20.2,1,3600.00,1012.8,999.1
2023-05-21T11:00,23.3,0.00,56,13.9,24.8,0.00,0.00,0.00,2,60,60,0,0,7.2,82,84,9.8,20.2,1,3600.00,1012.6,998.9
2023-05-21T12:00,24.2,0.00,53,14.1,25.8,0.00,0.00,0.00,3,91,91,0,0,8.0,96,100,10.9,21.6,1,3600.00,1012.4,998.8
2023-05-21T13:00,25.0,0.00,48,13.2,26.4,0.00,0.00,0.00,3,98,91,10,0,5.0,87,90,6.8,25.6,1,3600.00,1012.2,998.6
2023-05-21T14:00,25.5,0.00,46,13.1,26.7,0.00,0.00,0.00,3,100,100,11,0,6.6,97,99,9.1,19.4,1,3600.00,1012.0,998.4
2023-05-21T15:00,25.9,0.00,44,12.8,26.6,0.00,0.00,0.00,3,97,97,16,0,8.0,98,98,10.5,20.5,1,3600.00,1011.8,998.3
2023-05-21T16:00,25.8,0.00,44,12.6,25.9,0.00,0.00,0.00,3,95,94,23,0,7.2,94,96,10.1,20.5,1,3600.00,1011.6,998.1
2023-05-21T17:00,25.4,0.00,47,13.2,25.5,0.00,0.00,0.00,3,100,100,8,0,6.2,94,97,9.7,18.4,1,3600.00,1011.4,997.9
2023-05-21T18:00,24.8,0.00,55,15.1,25.8,0.00,0.00,0.00,3,81,80,6,0,4.7,98,99,10.5,14.4,1,3600.00,1011.5,997.9
2023-05-21T19:00,23.0,0.00,74,18.0,25.1,0.00,0.00,0.00,3,82,80,10,0,5.4,97,82,8.4,10.8,1,3600.00,1011.6,997.9
2023-05-21T20:00,20.8,0.00,66,14.3,21.4,0.00,0.00,0.00,1,35,24,14,0,5.4,39,4,5.1,9.0,1,1470.81,1011.7,997.9
2023-05-21T21:00,19.2,0.00,71,13.8,19.5,0.00,0.00,0.00,2,50,43,13,0,5.8,5,22,9.0,10.4,0,0.00,1011.9,998.1
2023-05-21T22:00,17.5,0.00,78,13.6,17.7,0.00,0.00,0.00,1,49,46,5,0,6.4,34,47,11.7,11.5,0,0.00,1012.0,998.1
2023-05-21T23:00,17.2,0.00,76,12.9,16.7,0.00,0.00,0.00,0,6,3,3,0,9.7,86,75,20.6,18.4,0,0.00,1012.2,998.3
2023-05-22T00:00,17.3,0.00,71,12.1,16.5,0.00,0.00,0.00,0,2,1,0,0,9.8,101,96,23.9,19.4,0,0.00,1012.4,998.5
2023-05-22T01:00,15.7,0.00,83,12.8,15.1,0.00,0.00,0.00,0,0,96,30,0,9.9,113,109,16.8,19.1,0,0.00,1012.4,998.4
2023-05-22T02:00,17.5,0.00,71,12.2,17.4,0.00,0.00,0.00,3,97,96,29,0,5.0,119,120,10.3,14.8,0,0.00,1012.4,998.5
2023-05-22T03:00,16.5,0.00,75,12.1,16.6,0.00,0.00,0.00,3,93,91,19,0,3.9,129,124,7.9,8.6,0,0.00,1012.7,998.7
2023-05-22T04:00,15.6,0.00,79,12.0,16.0,0.00,0.00,0.00,3,81,80,6,0,1.4,129,90,4.6,6.8,0,0.00,1012.6,998.6
2023-05-22T05:00,12.9,0.00,91,11.5,12.8,0.00,0.00,0.00,3,100,100,3,0,3.7,127,101,5.4,7.2,1,0.00,1012.7,998.5
2023-05-22T06:00,15.1,0.00,85,12.6,15.2,0.00,0.00,0.00,3,100,100,4,0,4.7,123,113,7.3,7.9,1,2888.24,1013.2,999.1
2023-05-22T07:00,16.8,0.00,80,13.4,17.3,0.00,0.00,0.00,3,100,100,7,0,3.7,132,151,8.7,10.4,1,3600.00,1013.5,999.5
2023-05-22T08:00,18.6,0.00,74,13.9,19.3,0.00,0.00,0.00,3,100,100,9,0,3.4,135,148,5.1,12.2,1,3600.00,1013.7,999.8
2023-05-22T09:00,20.2,0.00,71,14.8,21.2,0.00,0.00,0.00,3,100,100,13,0,3.7,184,191,4.7,14.0,1,3600.00,1013.8,1000.0
2023-05-22T10:00,21.5,0.00,69,15.6,23.2,0.00,0.00,0.00,3,90,89,9,0,4.1,254,255,5.2,15.1,1,3600.00,1013.7,999.9
2023-05-22T11:00,23.0,0.00,65,16.1,25.6,0.00,0.00,0.00,3,88,87,3,0,5.4,279,278,6.9,18.0,1,3600.00,1013.6,999.9
2023-05-22T12:00,24.1,0.00,62,16.4,27.1,0.00,0.00,0.00,3,92,92,0,0,6.3,295,294,8.4,19.4,1,3600.00,1013.2,999.6
2023-05-22T13:00,25.9,0.00,53,15.6,28.1,0.00,0.00,0.00,3,96,43,1,0,8.9,315,313,11.2,20.9,1,3600.00,1012.2,998.7
2023-05-22T14:00,24.4,1.50,60,16.2,26.5,1.50,0.00,0.00,61,78,75,11,4,10.2,321,328,13.8,23.8,1,3600.00,1012.7,999.1
2023-05-22T15:00,24.3,0.00,62,16.4,24.7,0.00,0.00,0.00,2,75,67,22,1,12.4,303,300,17.7,29.2,1,3600.00,1012.5,998.9
2023-05-22T16:00,24.2,0.50,61,16.3,25.6,0.50,0.00,0.00,53,90,88,13,0,6.6,353,351,9.1,28.1,1,3600.00,1012.5,998.9
2023-05-22T17:00,24.0,0.00,61,16.1,24.9,0.00,0.00,0.00,3,83,77,24,12,7.7,282,281,10.3,16.9,1,3600.00,1012.4,998.8
2023-05-22T18:00,22.9,0.20,66,16.1,23.6,0.20,0.00,0.00,51,100,100,6,0,9.4,311,310,14.3,19.8,1,3600.00,1012.6,998.9
2023-05-22T19:00,21.8,0.00,74,16.9,23.2,0.00,0.00,0.00,3,100,100,5,2,7.1,323,319,15.4,20.2,1,3600.00,1012.7,999.0
2023-05-22T20:00,20.0,0.00,81,16.6,21.1,0.00,0.00,0.00,3,100,100,2,1,8.2,327,322,19.8,17.3,1,0.00,1013.4,999.6
2023-05-22T21:00,18.9,0.00,86,16.5,19.8,0.00,0.00,0.00,3,96,96,1,1,9.2,326,321,21.3,18.4,0,0.00,1014.1,1000.2
2023-05-22T22:00,18.1,0.00,90,16.5,18.9,0.00,0.00,0.00,3,96,95,4,8,9.8,329,324,22.6,19.8,0,0.00,1014.4,1000.5
2023-05-22T23:00,17.6,0.00,89,15.8,17.9,0.00,0.00,0.00,3,83,81,7,3,11.9,330,325,24.2,24.1,0,0.00,1014.7,1000.7
2023-05-23T00:00,16.7,0.00,91,15.2,16.7,0.00,0.00,0.00,1,22,12,11,1,11.9,336,335,24.3,24.5,0,0.00,1014.9,1000.9
2023-05-23T01:00,17.1,0.00,87,15.0,17.1,0.00,0.00,0.00,0,15,0,100,5,11.2,322,318,23.6,24.5,0,0.00,1015.0,1001.0
2023-05-23T02:00,16.9,1.20,90,15.3,17.2,1.20,0.00,0.00,55,97,7,97,15,10.0,324,322,20.6,23.0,0,0.00,1015.3,1001.3
2023-05-23T03:00,16.5,0.00,94,15.5,16.6,0.00,0.00,0.00,3,100,0,83,98,11.7,329,326,22.3,23.8,0,0.00,1015.3,1001.3
2023-05-23T04:00,16.2,0.00,95,15.4,16.1,0.00,0.00,0.00,2,53,36,11,18,12.9,333,330,24.1,26.3,0,0.00,1015.6,1001.6
2023-05-23T05:00,15.7,0.00,96,15.0,15.7,0.00,0.00,0.00,2,63,49,0,26,11.5,331,328,22.6,26.3,1,0.00,1016.0,1001.9
2023-05-23T06:00,16.2,0.00,92,14.8,15.9,0.00,0.00,0.00,3,81,70,1,36,12.6,327,323,20.6,26.6,1,1605.44,1016.5,1002.5
2023-05-23T07:00,16.0,0.00,84,13.3,14.5,0.00,0.00,0.00,2,76,27,1,66,17.6,334,332,25.6,37.4,1,3600.00,1017.1,1003.0
2023-05-23T08:00,16.3,0.00,79,12.7,14.7,0.00,0.00,0.00,3,100,4,5,100,17.1,338,335,24.5,38.5,1,3600.00,1017.7,1003.6
2023-05-23T09:00,16.9,0.00,74,12.3,15.1,0.00,0.00,0.00,2,65,0,5,63,17.4,335,333,24.6,38.2,1,3350.92,1017.9,1003.9
2023-05-23T10:00,17.9,0.00,68,12.0,16.0,0.00,0.00,0.00,3,100,0,1,100,16.9,338,336,23.7,38.5,1,3600.00,1018.0,1004.0
2023-05-23T11:00,18.5,0.00,66,12.0,16.8,0.00,0.00,0.00,3,100,0,0,100,15.3,332,330,21.6,37.1,1,3600.00,1018.0,1004.0
2023-05-23T12:00,18.8,0.10,65,12.0,17.1,0.10,0.00,0.00,51,100,0,0,100,16.3,333,332,22.5,34.9,1,540.60,1017.9,1004.0
2023-05-23T13:00,18.2,0.10,67,12.0,16.3,0.10,0.00,0.00,51,94,0,16,96,16.8,332,332,23.2,38.9,1,3588.40,1018.7,1004.7
2023-05-23T14:00,18.8,0.00,63,11.7,17.0,0.00,0.00,0.00,1,38,0,24,25,15.8,333,333,22.2,37.1,1,3117.10,1018.4,1004.5
2023-05-23T15:00,19.3,0.00,60,11.4,17.2,0.00,0.00,0.00,2,72,0,50,47,18.2,337,335,25.5,39.6,1,3600.00,1018.2,1004.3
2023-05-23T16:00,18.8,0.00,63,11.5,16.7,0.00,0.00,0.00,2,60,0,36,39,17.8,340,339,25.6,40.3,1,3600.00,1018.3,1004.4
2023-05-23T17:00,19.2,0.00,57,10.4,16.6,0.00,0.00,0.00,3,100,0,100,100,18.8,344,343,26.9,38.5,1,3600.00,1018.1,1004.2
2023-05-23T18:00,16.7,0.00,64,9.8,13.8,0.00,0.00,0.00,3,100,0,83,100,19.7,347,345,30.3,45.7,1,2356.06,1018.6,1004.6
2023-05-23T19:00,16.4,0.00,64,9.6,14.0,0.00,0.00,0.00,0,14,0,13,2,15.5,351,348,25.2,40.3,1,999.52,1018.8,1004.7
2023-05-23T20:00,15.2,0.00,66,8.9,12.9,0.00,0.00,0.00,0,8,0,0,8,13.3,351,347,24.0,32.4,1,1200.29,1019.4,1005.3
2023-05-23T21:00,14.1,0.00,67,8.0,11.9,0.00,0.00,0.00,2,58,56,0,6,11.5,353,346,22.5,27.4,0,0.00,1020.5,1006.3
2023-05-23T22:00,13.1,0.00,68,7.2,10.8,0.00,0.00,0.00,3,92,92,0,1,10.4,8,2,21.8,24.1,0,0.00,1020.9,1006.6
2023-05-23T23:00,12.2,0.00,68,6.5,10.0,0.00,0.00,0.00,1,45,36,0,15,8.9,19,14,20.6,21.6,0,0.00,1021.3,1007.0
2023-05-24T00:00,11.5,0.00,69,6.0,9.2,0.00,0.00,0.00,3,100,97,14,93,8.4,17,10,20.3,19.1,0,0.00,1021.5,1007.2
2023-05-24T01:00,11.7,0.00,70,6.4,9.4,0.00,0.00,0.00,3,100,100,100,7,9.9,25,19,19.8,22.0,0,0.00,1021.5,1007.2
2023-05-24T02:00,11.3,0.00,71,6.3,8.9,0.00,0.00,0.00,3,100,5,100,0,9.4,25,18,19.0,20.2,0,0.00,1021.1,1006.7
2023-05-24T03:00,11.2,0.00,70,5.9,8.7,0.00,0.00,0.00,3,100,0,100,6,10.2,15,8,19.4,20.9,0,0.00,1021.4,1007.0
2023-05-24T04:00,10.8,0.00,69,5.3,8.1,0.00,0.00,0.00,3,100,0,100,1,10.9,12,6,19.1,22.3,0,0.00,1021.4,1007.0
2023-05-24T05:00,10.3,0.00,69,5.0,7.5,0.00,0.00,0.00,3,100,0,100,2,10.9,15,9,18.3,23.4,1,0.00,1021.5,1007.1
2023-05-24T06:00,9.9,0.00,73,5.3,7.4,0.00,0.00,0.00,3,98,0,98,0,9.4,10,2,14.6,23.0,1,0.00,1021.6,1007.2
2023-05-24T07:00,10.4,0.00,73,5.8,7.8,0.00,0.00,0.00,0,19,0,15,5,10.9,356,351,15.5,23.8,1,2141.72,1021.7,1007.3
2023-05-24T08:00,11.6,0.00,69,6.2,8.9,0.00,0.00,0.00,0,14,0,11,4,12.3,360,357,16.9,28.4,1,3600.00,1022.2,1007.9
2023-05-24T09:00,13.0,0.00,64,6.3,10.3,0.00,0.00,0.00,1,29,0,16,15,11.5,8,4,15.3,29.2,1,3600.00,1022.2,1007.9
2023-05-24T10:00,13.7,0.00,59,5.9,11.2,0.00,0.00,0.00,0,16,0,8,9,11.9,359,355,15.8,28.8,1,3600.00,1022.3,1008.1
2023-05-24T11:00,14.4,0.00,54,5.3,12.5,0.00,0.00,0.00,0,15,0,5,11,13.3,1,358,17.6,32.0,1,3600.00,1022.0,1007.8
2023-05-24T12:00,15.2,0.00,49,4.7,13.6,0.00,0.00,0.00,0,3,0,1,3,12.7,11,8,16.9,32.4,1,3600.00,1021.7,1007.5
2023-05-24T13:00,15.4,0.00,49,4.8,14.3,0.00,0.00,0.00,0,6,0,0,8,12.0,11,7,15.7,31.3,1,3600.00,1021.9,1007.7
2023-05-24T14:00,15.9,0.00,47,4.6,14.3,0.00,0.00,0.00,0,4,0,0,4,12.6,6,3,16.7,30.6,1,3600.00,1021.4,1007.3
2023-05-24T15:00,16.2,0.00,44,3.9,14.0,0.00,0.00,0.00,0,3,0,2,2,13.7,2,358,18.4,32.0,1,3600.00,1021.0,1006.9
2023-05-24T16:00,16.4,0.00,41,3.2,13.3,0.00,0.00,0.00,1,21,0,19,3,13.0,2,358,17.7,32.0,1,3600.00,1020.8,1006.7
2023-05-24T17:00,16.0,0.00,40,2.4,12.3,0.00,0.00,0.00,2,52,0,52,2,13.3,352,347,18.2,29.9,1,3600.00,1020.7,1006.6
2023-05-24T18:00,14.0,0.00,48,3.1,9.7,0.00,0.00,0.00,3,100,0,100,15,18.7,351,349,28.1,38.9,1,1446.18,1021.1,1006.9
2023-05-24T19:00,13.1,0.00,54,4.1,9.3,0.00,0.00,0.00,3,93,0,91,32,15.9,356,354,24.5,38.9,1,1211.17,1021.7,1007.4
2023-05-24T20:00,12.2,0.00,62,5.2,9.2,0.00,0.00,0.00,1,48,0,48,0,12.0,358,351,21.6,32.4,1,0.00,1021.7,1007.4
2023-05-24T21:00,11.3,0.00,64,4.6,8.3,0.00,0.00,0.00,1,26,0,26,0,11.3,12,7,22.8,24.8,0,0.00,1022.2,1007.8
2023-05-24T22:00,10.6,0.00,64,4.1,7.6,0.00,0.00,0.00,0,3,0,1,3,10.9,19,9,24.0,22.7,0,0.00,1022.1,1007.7
2023-05-24T23:00,10.6,0.00,62,3.7,7.3,0.00,0.00,0.00,0,1,0,1,1,12.2,33,24,26.3,25.2,0,0.00,1022.2,1007.8
2023-05-25T00:00,10.6,0.00,63,3.8,7.1,0.00,0.00,0.00,0,0,0,0,0,14.0,50,44,28.6,28.8,0,0.00,1022.6,1008.2
2023-05-25T01:00,11.4,0.00,60,3.8,7.5,0.00,0.00,0.00,0,0,0,0,0,16.4,63,61,31.4,32.8,0,0.00,1022.4,1008.0
2023-05-25T02:00,10.9,0.00,60,3.5,7.0,0.00,0.00,0.00,1,26,13,15,0,15.8,70,69,31.1,33.8,0,0.00,1022.3,1007.9
2023-05-25T03:00,10.4,0.00,62,3.5,7.1,0.00,0.00,0.00,2,73,65,49,0,12.5,64,57,26.7,32.0,0,0.00,1022.3,1007.9
2023-05-25T04:00,9.4,0.00,68,3.8,6.6,0.00,0.00,0.00,0,6,1,4,0,9.4,53,40,22.9,25.9,0,0.00,1022.4,1007.9
2023-05-25T05:00,8.9,0.00,73,4.3,6.2,0.00,0.00,0.00,0,0,0,0,0,9.5,51,37,22.3,20.5,1,0.00,1023.0,1008.5
2023-05-25T06:00,10.1,0.00,72,5.3,7.2,0.00,0.00,0.00,0,0,0,0,0,11.8,52,40,23.6,24.5,1,3224.00,1023.5,1009.1
2023-05-25T07:00,12.1,0.00,70,6.8,9.9,0.00,0.00,0.00,0,0,0,0,0,9.6,47,34,17.3,23.4,1,3600.00,1023.8,1009.5
2023-05-25T08:00,14.2,0.00,65,7.8,12.1,0.00,0.00,0.00,0,0,0,0,0,10.2,47,42,14.8,24.1,1,3600.00,1023.9,1009.7
2023-05-25T09:00,16.3,0.00,56,7.6,14.0,0.00,0.00,0.00,0,0,0,0,0,11.0,53,49,15.7,26.6,1,3600.00,1023.8,1009.7
2023-05-25T10:00,17.9,0.00,52,7.8,16.3,0.00,0.00,0.00,0,0,0,0,0,12.0,47,44,16.8,28.8,1,3600.00,1023.7,1009.6
2023-05-25T11:00,18.9,0.00,49,8.1,17.8,0.00,0.00,0.00,0,0,0,0,0,12.8,44,40,17.6,30.6,1,3600.00,1023.8,1009.8
2023-05-25T12:00,19.9,0.00,47,8.1,19.2,0.00,0.00,0.00,0,0,0,0,0,12.8,40,38,17.4,31.0,1,3600.00,1023.8,1009.8
2023-05-25T13:00,20.8,0.00,44,8.0,19.9,0.00,0.00,0.00,0,0,0,0,0,14.0,29,26,19.0,31.0,1,3600.00,1023.2,1009.3
2023-05-25T14:00,21.3,0.00,41,7.5,20.4,0.00,0.00,0.00,0,0,0,0,0,12.7,37,35,17.2,32.4,1,3600.00,1023.0,1009.1
2023-05-25T15:00,21.8,0.00,40,7.5,20.7,0.00,0.00,0.00,0,0,0,0,0,11.1,38,36,15.1,29.5,1,3600.00,1022.7,1008.8
2023-05-25T16:00,21.9,0.00,39,7.5,20.1,0.00,0.00,0.00,0,0,0,0,0,11.4,38,35,15.9,26.3,1,3600.00,1022.5,1008.6
2023-05-25T17:00,21.6,0.00,41,7.7,19.4,0.00,0.00,0.00,0,0,0,0,0,11.2,36,33,16.0,26.3,1,3600.00,1022.2,1008.3
2023-05-25T18:00,21.0,0.00,45,8.6,19.4,0.00,0.00,0.00,0,0,0,0,0,8.4,30,25,14.5,24.5,1,3600.00,1022.3,1008.4
2023-05-25T19:00,19.3,0.00,59,11.2,18.8,0.00,0.00,0.00,0,1,0,0,1,6.1,9,360,14.6,18.7,1,3600.00,1022.5,1008.5
2023-05-25T20:00,17.3,0.00,65,10.7,15.9,0.00,0.00,0.00,0,1,0,0,1,11.2,360,354,23.0,21.6,1,2175.33,1023.1,1009.0
2023-05-25T21:00,16.0,0.00,67,9.9,13.9,0.00,0.00,0.00,0,0,0,0,0,13.8,13,6,27.7,27.7,0,0.00,1023.6,1009.4
2023-05-25T22:00,15.1,0.00,70,9.7,13.1,0.00,0.00,0.00,0,0,0,0,0,13.1,23,16,27.1,27.7,0,0.00,1024.2,1010.0
2023-05-25T23:00,14.4,0.00,71,9.3,12.3,0.00,0.00,0.00,0,0,0,0,0,13.0,33,24,27.4,26.6,0,0.00,1024.5,1010.3
2023-05-26T00:00,13.7,0.00,72,8.7,11.9,0.00,0.00,0.00,0,3,0,0,3,10.1,39,27,23.6,26.3,0,0.00,1024.9,1010.6
2023-05-26T01:00,12.9,0.00,77,9.0,11.7,0.00,0.00,0.00,0,5,0,0,5,6.3,40,13,17.9,20.9,0,0.00,1024.6,1010.3
2023-05-26T02:00,11.9,0.00,81,8.8,10.8,0.00,0.00,0.00,0,0,0,0,0,5.1,47,8,14.8,13.7,0,0.00,1024.8,1010.4
2023-05-26T03:00,10.9,0.00,86,8.6,9.9,0.00,0.00,0.00,0,0,0,0,0,4.7,38,351,11.8,11.2,0,0.00,1024.7,1010.3
2023-05-26T04:00,10.1,0.00,89,8.4,8.9,0.00,0.00,0.00,0,0,0,0,0,5.1,37,356,11.3,9.4,0,0.00,1024.8,1010.3
2023-05-26T05:00,9.9,0.00,90,8.3,8.8,0.00,0.00,0.00,0,6,6,0,0,4.3,42,360,10.2,9.7,1,0.00,1025.0,1010.5
2023-05-26T06:00,11.7,0.00,83,9.0,10.3,0.00,0.00,0.00,0,5,5,0,0,7.6,28,352,13.0,14.0,1,3276.14,1025.4,1011.0
2023-05-26T07:00,13.8,0.00,75,9.5,12.9,0.00,0.00,0.00,0,2,2,0,0,5.4,37,20,9.0,14.8,1,3600.00,1025.6,1011.3
2023-05-26T08:00,15.7,0.00,71,10.4,15.1,0.00,0.00,0.00,0,0,0,0,0,5.4,18,8,7.2,15.5,1,3600.00,1025.6,1011.4
2023-05-26T09:00,17.6,0.00,65,11.0,16.9,0.00,0.00,0.00,0,0,0,0,0,6.4,24,16,8.7,18.4,1,3600.00,1025.5,1011.4
2023-05-26T10:00,19.3,0.00,59,11.0,19.2,0.00,0.00,0.00,0,0,0,0,0,7.9,34,30,10.9,21.6,1,3600.00,1025.3,1011.3
2023-05-26T11:00,20.7,0.00,52,10.4,20.6,0.00,0.00,0.00,1,34,0,0,34,11.0,44,41,14.5,26.6,1,3600.00,1025.1,1011.2
2023-05-26T12:00,21.4,0.00,49,10.4,21.3,0.00,0.00,0.00,0,7,0,0,7,12.2,45,43,16.3,29.5,1,3600.00,1024.8,1010.9
2023-05-26T13:00,22.2,0.00,47,10.4,22.3,0.00,0.00,0.00,0,1,0,0,2,11.8,21,20,15.8,29.5,1,3600.00,1024.6,1010.7
2023-05-26T14:00,22.6,0.00,46,10.3,22.8,0.00,0.00,0.00,0,1,0,0,1,10.7,18,14,14.3,28.8,1,3600.00,1024.3,1010.4
2023-05-26T15:00,23.0,0.00,44,10.2,22.6,0.00,0.00,0.00,1,41,0,40,3,11.1,17,13,14.7,27.0,1,3600.00,1023.9,1010.1
2023-05-26T16:00,23.0,0.00,43,9.6,21.4,0.00,0.00,0.00,2,66,0,65,1,11.4,27,24,15.8,26.6,1,3600.00,1023.6,1009.8
2023-05-26T17:00,22.6,0.00,44,9.6,20.9,0.00,0.00,0.00,1,39,0,38,4,10.8,34,30,15.3,26.3,1,3600.00,1023.4,1009.6
2023-05-26T18:00,22.1,0.00,45,9.6,20.7,0.00,0.00,0.00,0,16,0,15,4,8.4,28,25,14.3,23.8,1,3600.00,1023.2,1009.3
2023-05-26T19:00,20.0,0.00,53,10.0,18.1,0.00,0.00,0.00,0,1,0,0,1,13.4,358,352,24.1,27.4,1,3600.00,1023.4,1009.4
2023-05-26T20:00,18.1,0.00,55,9.0,15.8,0.00,0.00,0.00,0,0,0,0,0,13.6,19,12,26.6,29.9,1,2400.00,1024.0,1009.9
2023-05-26T21:00,17.0,0.00,56,8.3,14.6,0.00,0.00,0.00,0,0,0,0,0,13.1,45,37,27.0,27.7,0,0.00,1024.7,1010.6
2023-05-26T22:00,16.3,0.00,53,6.8,13.7,0.00,0.00,0.00,0,0,0,0,0,12.0,54,46,25.8,27.4,0,0.00,1025.1,1010.9
2023-05-26T23:00,15.1,0.00,55,6.2,12.8,0.00,0.00,0.00,0,2,0,2,0,9.2,51,39,22.5,25.2,0,0.00,1025.3,1011.1
2023-05-27T00:00,14.1,0.00,61,6.7,12.0,0.00,0.00,0.00,0,0,0,0,0,8.5,53,36,21.6,20.2,0,0.00,1025.4,1011.1
2023-05-27T01:00,13.9,0.00,62,6.7,11.8,0.00,0.00,0.00,0,0,0,0,0,8.2,68,52,21.8,19.1,0,0.00,1025.1,1010.8
2023-05-27T02:00,13.5,0.00,62,6.5,11.4,0.00,0.00,0.00,0,0,0,0,0,8.6,72,57,22.0,19.1,0,0.00,1025.1,1010.8
2023-05-27T03:00,12.9,0.00,62,5.9,10.6,0.00,0.00,0.00,0,0,0,0,0,8.3,72,56,21.2,18.7,0,0.00,1024.8,1010.5
2023-05-27T04:00,12.2,0.00,62,5.1,9.9,0.00,0.00,0.00,0,0,0,0,0,7.5,71,55,20.6,18.0,0,0.00,1024.7,1010.3
2023-05-27T05:00,11.8,0.00,63,5.1,9.5,0.00,0.00,0.00,0,0,0,0,0,7.5,73,55,20.4,16.9,1,0.00,1024.8,1010.4
2023-05-27T06:00,12.9,0.00,63,6.0,10.8,0.00,0.00,0.00,0,0,0,0,0,7.9,73,60,18.8,17.3,1,3326.13,1025.0,1010.7
2023-05-27T07:00,14.5,0.00,60,6.8,12.7,0.00,0.00,0.00,0,0,0,0,0,6.6,72,61,11.7,17.6,1,3600.00,1025.1,1010.9
2023-05-27T08:00,16.2,0.00,57,7.6,14.3,0.00,0.00,0.00,0,0,0,0,0,8.8,74,71,12.8,21.6,1,3600.00,1024.8,1010.6
2023-05-27T09:00,18.1,0.00,52,7.9,16.0,0.00,0.00,0.00,0,0,0,0,0,10.2,83,80,14.5,24.8,1,3600.00,1024.5,1010.4
2023-05-27T10:00,19.8,0.00,47,8.1,18.4,0.00,0.00,0.00,0,0,0,0,0,11.6,86,85,16.2,28.1,1,3600.00,1023.8,1009.8
2023-05-27T11:00,21.2,0.00,44,8.3,20.3,0.00,0.00,0.00,0,0,0,0,0,12.3,85,85,17.0,29.5,1,3600.00,1023.4,1009.5
2023-05-27T12:00,22.2,0.00,41,8.3,21.6,0.00,0.00,0.00,0,0,0,0,0,12.4,80,80,17.2,30.2,1,3600.00,1022.7,1008.9
2023-05-27T13:00,23.3,0.00,37,7.9,22.9,0.00,0.00,0.00,0,0,0,0,0,11.3,83,83,14.9,30.6,1,3600.00,1022.1,1008.3
2023-05-27T14:00,23.5,0.00,35,7.1,22.8,0.00,0.00,0.00,0,0,0,0,0,11.4,79,79,15.0,27.4,1,3600.00,1021.4,1007.6
2023-05-27T15:00,23.8,0.00,33,6.5,22.4,0.00,0.00,0.00,0,0,0,0,0,12.1,72,73,16.6,28.1,1,3600.00,1020.7,1007.0
2023-05-27T16:00,23.7,0.00,34,6.8,21.5,0.00,0.00,0.00,0,0,0,0,0,13.1,70,69,18.0,29.2,1,3600.00,1020.1,1006.4
2023-05-27T17:00,23.3,0.00,36,7.3,20.7,0.00,0.00,0.00,0,0,0,0,0,12.8,71,68,18.7,29.5,1,3600.00,1019.8,1006.0
2023-05-27T18:00,22.6,0.00,38,7.6,20.4,0.00,0.00,0.00,0,0,0,0,0,10.7,73,70,18.1,27.7,1,3600.00,1019.6,1005.8
2023-05-27T19:00,20.9,0.00,48,9.6,19.9,0.00,0.00,0.00,0,0,0,0,0,6.6,73,68,15.8,23.4,1,3600.00,1019.4,1005.5
2023-05-27T20:00,18.3,0.00,54,8.9,17.0,0.00,0.00,0.00,0,0,0,0,0,7.0,65,55,16.7,14.4,1,2463.40,1019.8,1005.8
2023-05-27T21:00,16.9,0.00,55,7.9,14.9,0.00,0.00,0.00,0,0,0,0,0,9.5,61,53,21.4,18.7,0,0.00,1019.7,1005.6
2023-05-27T22:00,16.4,0.00,49,5.6,13.6,0.00,0.00,0.00,0,0,0,0,0,11.3,65,59,26.3,22.7,0,0.00,1019.9,1005.8
2023-05-27T23:00,16.2,0.00,47,4.9,13.1,0.00,0.00,0.00,0,0,0,0,0,12.8,71,68,28.2,25.6,0,0.00,1019.7,1005.6
2023-05-28T00:00,15.6,0.00,52,5.6,12.4,0.00,0.00,0.00,0,0,0,0,0,14.4,77,77,29.6,28.1,0,0.00,1019.5,1005.4
2023-05-28T01:00,15.4,0.00,53,5.9,12.2,0.00,0.00,0.00,0,0,0,0,0,15.0,79,79,30.1,28.4,0,0.00,1018.9,1004.8
2023-05-28T02:00,14.6,0.00,56,5.9,11.8,0.00,0.00,0.00,0,0,0,0,0,12.3,84,85,27.5,29.2,0,0.00,1018.7,1004.5
2023-05-28T03:00,13.6,0.00,58,5.6,11.3,0.00,0.00,0.00,0,0,0,0,0,8.7,87,85,23.8,24.8,0,0.00,1018.5,1004.3
2023-05-28T04:00,11.5,0.00,68,5.9,9.5,0.00,0.00,0.00,0,0,0,0,0,7.1,85,75,17.7,18.4,0,0.00,1018.5,1004.2
2023-05-28T05:00,11.5,0.00,71,6.4,9.7,0.00,0.00,0.00,0,0,0,0,0,6.1,81,45,10.9,13.7,1,0.00,1018.8,1004.5
2023-05-28T06:00,13.3,0.00,66,7.1,12.1,0.00,0.00,0.00,0,0,0,0,0,3.0,82,14,7.6,10.4,1,3373.94,1019.0,1004.8
2023-05-28T07:00,15.2,0.00,61,7.7,14.3,0.00,0.00,0.00,0,0,0,0,0,1.8,53,349,3.6,8.3,1,3600.00,1019.1,1005.0
2023-05-28T08:00,17.1,0.00,58,8.8,16.5,0.00,0.00,0.00,0,0,0,0,0,1.8,18,360,2.3,10.4,1,3600.00,1019.1,1005.1
2023-05-28T09:00,19.1,0.00,55,9.9,18.9,0.00,0.00,0.00,0,0,0,0,0,2.1,49,31,3.3,11.9,1,3600.00,1018.8,1004.9
2023-05-28T10:00,21.0,0.00,51,10.6,21.8,0.00,0.00,0.00,0,0,0,0,0,2.8,48,40,4.3,13.7,1,3600.00,1018.4,1004.6
2023-05-28T11:00,22.7,0.00,43,9.5,23.5,0.00,0.00,0.00,0,0,0,0,0,4.3,68,66,5.8,15.8,1,3600.00,1017.9,1004.1
2023-05-28T12:00,23.8,0.00,38,8.4,24.6,0.00,0.00,0.00,0,0,0,0,0,5.2,72,74,7.2,17.3,1,3600.00,1017.6,1003.9
2023-05-28T13:00,25.0,0.00,33,7.5,25.5,0.00,0.00,0.00,0,0,0,0,0,6.2,80,80,8.0,19.1,1,3600.00,1017.3,1003.7
2023-05-28T14:00,25.2,0.00,33,7.8,25.3,0.00,0.00,0.00,0,0,0,0,0,7.5,73,73,9.8,20.9,1,3600.00,1016.9,1003.3
2023-05-28T15:00,25.3,0.00,33,7.9,24.8,0.00,0.00,0.00,0,0,0,0,0,9.0,62,61,12.2,23.0,1,3600.00,1016.5,1002.9
2023-05-28T16:00,25.1,0.00,33,7.8,23.5,0.00,0.00,0.00,0,0,0,0,0,11.2,52,50,15.1,25.6,1,3600.00,1016.1,1002.5
2023-05-28T17:00,24.6,0.00,34,7.6,22.1,0.00,0.00,0.00,0,0,0,0,0,12.8,51,50,18.2,28.1,1,3600.00,1015.8,1002.2
2023-05-28T18:00,23.9,0.00,36,7.8,21.8,0.00,0.00,0.00,0,0,0,0,0,10.2,59,58,16.8,27.7,1,3600.00,1015.9,1002.2
2023-05-28T19:00,22.0,0.00,53,12.0,21.9,0.00,0.00,0.00,0,0,0,0,0,4.7,70,67,12.6,22.0,1,3600.00,1016.0,1002.2
2023-05-28T20:00,18.8,0.00,63,11.6,18.3,0.00,0.00,0.00,0,2,0,2,0,6.7,51,36,9.7,10.4,1,2525.42,1016.4,1002.5
2023-05-28T21:00,17.0,0.00,66,10.7,16.4,0.00,0.00,0.00,0,11,0,11,0,5.5,25,32,7.6,10.8,0,0.00,1016.9,1002.9
2023-05-28T22:00,16.8,0.00,65,10.3,15.6,0.00,0.00,0.00,0,13,0,13,0,8.7,54,52,19.6,16.6,0,0.00,1017.3,1003.3
2023-05-28T23:00,17.5,0.00,52,7.5,14.9,0.00,0.00,0.00,0,0,0,0,0,13.4,62,59,29.3,26.3,0,0.00,1017.5,1003.5
2023-05-29T00:00,17.3,0.00,49,6.4,14.2,0.00,0.00,0.00,0,0,0,0,0,14.7,69,68,30.8,29.9,0,0.00,1017.5,1003.5
2023-05-29T01:00,17.2,0.00,47,5.7,13.8,0.00,0.00,0.00,0,0,0,0,0,15.6,75,75,31.3,29.9,0,0.00,1017.5,1003.5
2023-05-29T02:00,16.1,0.00,49,5.5,13.4,0.00,0.00,0.00,0,0,0,0,0,11.0,74,67,26.6,31.3,0,0.00,1017.3,1003.2
2023-05-29T03:00,13.9,0.00,58,5.9,12.0,0.00,0.00,0.00,0,0,0,0,0,6.1,66,45,18.5,23.0,0,0.00,1017.3,1003.1
2023-05-29T04:00,14.8,0.00,53,5.2,12.8,0.00,0.00,0.00,0,0,0,0,0,5.6,65,15,11.1,13.7,0,0.00,1017.5,1003.4
2023-05-29T05:00,12.7,0.00,66,6.6,11.2,0.00,0.00,0.00,0,0,0,0,0,4.1,59,345,6.3,10.1,1,0.00,1017.9,1003.7
2023-05-29T06:00,14.0,0.00,66,7.7,12.7,0.00,0.00,0.00,0,0,0,0,0,4.6,36,342,8.0,7.9,1,3419.54,1018.6,1004.4
2023-05-29T07:00,16.3,0.00,60,8.5,15.2,0.00,0.00,0.00,0,0,0,0,0,4.7,26,351,9.2,12.6,1,3600.00,1019.1,1005.0
2023-05-29T08:00,18.4,0.00,56,9.5,17.5,0.00,0.00,0.00,0,0,0,0,0,5.1,18,8,6.8,14.8,1,3600.00,1019.3,1005.3
2023-05-29T09:00,20.5,0.00,51,10.1,19.8,0.00,0.00,0.00,0,0,0,0,0,5.2,43,34,7.4,16.2,1,3600.00,1019.3,1005.4
2023-05-29T10:00,22.6,0.00,44,9.8,22.4,0.00,0.00,0.00,0,0,0,0,0,6.7,59,54,9.2,19.1,1,3600.00,1019.1,1005.3
2023-05-29T11:00,24.1,0.00,38,8.8,23.7,0.00,0.00,0.00,0,0,0,0,0,10.0,67,64,13.7,25.2,1,3600.00,1018.9,1005.2
2023-05-29T12:00,24.8,0.00,36,8.7,24.2,0.00,0.00,0.00,0,0,0,0,0,13.0,57,56,17.7,31.0,1,3600.00,1018.7,1005.0
2023-05-29T13:00,25.6,0.00,33,8.3,24.8,0.00,0.00,0.00,0,0,0,0,0,14.8,48,47,19.9,32.8,1,3600.00,1018.6,1005.0
2023-05-29T14:00,25.7,0.00,31,7.4,24.6,0.00,0.00,0.00,0,0,0,0,0,14.0,45,44,19.3,34.6,1,3600.00,1018.3,1004.7
2023-05-29T15:00,26.0,0.00,30,7.0,24.5,0.00,0.00,0.00,0,0,0,0,0,13.8,49,47,19.1,33.1,1,3600.00,1018.0,1004.4
2023-05-29T16:00,25.8,0.00,30,7.0,23.6,0.00,0.00,0.00,1,34,34,0,0,14.3,49,49,19.9,32.0,1,3600.00,1017.8,1004.2
2023-05-29T17:00,25.4,0.00,31,7.2,22.7,0.00,0.00,0.00,3,84,84,0,0,13.5,50,48,19.4,32.0,1,3600.00,1017.6,1004.0
2023-05-29T18:00,24.8,0.00,32,7.2,22.6,0.00,0.00,0.00,2,75,75,0,0,10.2,46,45,17.6,29.2,1,3600.00,1017.7,1004.0
2023-05-29T19:00,23.2,0.00,39,8.6,21.0,0.00,0.00,0.00,1,49,45,7,0,12.5,17,12,23.3,25.2,1,3600.00,1018.0,1004.3
2023-05-29T20:00,21.1,0.00,44,8.4,18.6,0.00,0.00,0.00,1,29,29,0,0,13.7,18,14,26.9,29.5,1,2585.96,1018.4,1004.6
2023-05-29T21:00,19.3,0.00,49,8.3,17.1,0.00,0.00,0.00,3,98,98,0,0,12.0,23,16,25.5,27.7,0,0.00,1019.1,1005.2
2023-05-29T22:00,18.4,0.00,53,8.6,15.8,0.00,0.00,0.00,3,98,98,0,0,15.6,31,26,31.0,31.3,0,0.00,1019.8,1005.8
2023-05-29T23:00,18.0,0.00,56,9.1,15.3,0.00,0.00,0.00,3,100,100,0,0,16.9,44,40,31.6,35.6,0,0.00,1019.9,1005.9
2023-05-30T00:00,17.2,0.00,59,9.1,15.0,0.00,0.00,0.00,3,100,100,0,0,13.2,50,43,26.8,34.2,0,0.00,1020.1,1006.1
2023-05-30T01:00,16.7,0.00,59,8.6,14.6,0.00,0.00,0.00,3,97,99,0,0,11.7,56,47,24.7,28.1,0,0.00,1020.5,1006.4
2023-05-30T02:00,15.8,0.00,62,8.4,14.0,0.00,0.00,0.00,3,85,85,0,0,9.2,60,45,21.6,25.2,0,0.00,1020.6,1006.5
2023-05-30T03:00,14.5,0.00,66,8.3,13.0,0.00,0.00,0.00,3,94,94,0,0,7.5,43,17,18.1,19.8,0,0.00,1020.7,1006.5
2023-05-30T04:00,13.8,0.00,68,8.1,12.1,0.00,0.00,0.00,3,100,100,0,0,7.6,33,5,18.5,16.6,0,0.00,1020.9,1006.7
2023-05-30T05:00,13.5,0.00,69,7.9,11.9,0.00,0.00,0.00,3,100,100,0,0,7.6,32,5,18.6,16.2,1,0.00,1021.2,1007.0
2023-05-30T06:00,14.7,0.00,65,8.1,12.9,0.00,0.00,0.00,3,99,99,0,0,8.3,37,18,17.2,16.9,1,2222.76,1021.8,1007.6
2023-05-30T07:00,15.9,0.00,60,8.0,14.4,0.00,0.00,0.00,3,100,100,0,0,6.1,13,357,9.3,16.9,1,3600.00,1022.0,1007.9
2023-05-30T08:00,17.4,0.00,53,7.8,15.8,0.00,0.00,0.00,3,99,99,0,0,7.4,31,23,10.5,18.7,1,3600.00,1022.1,1008.0
2023-05-30T09:00,19.1,0.00,46,7.3,17.1,0.00,0.00,0.00,3,100,100,0,0,8.7,45,38,12.2,21.6,1,3600.00,1022.1,1008.1
2023-05-30T10:00,20.5,0.00,42,7.0,18.4,0.00,0.00,0.00,3,98,98,0,0,10.7,43,40,14.8,25.9,1,3600.00,1021.9,1008.0
2023-05-30T11:00,21.4,0.00,38,6.5,19.4,0.00,0.00,0.00,2,66,66,0,0,13.6,40,37,18.7,32.0,1,3600.00,1021.8,1007.9
2023-05-30T12:00,22.3,0.00,34,5.6,20.6,0.00,0.00,0.00,2,63,63,0,0,14.4,40,37,19.7,34.2,1,3600.00,1021.5,1007.7
2023-05-30T13:00,23.2,0.00,34,6.5,22.0,0.00,0.00,0.00,0,18,42,0,0,13.7,30,27,18.2,34.2,1,3600.00,1021.0,1007.2
2023-05-30T14:00,23.5,0.00,31,5.2,22.0,0.00,0.00,0.00,1,33,33,0,0,13.4,34,31,18.2,33.1,1,3600.00,1020.7,1006.9
2023-05-30T15:00,23.8,0.00,28,4.2,21.6,0.00,0.00,0.00,0,0,0,0,0,13.6,40,37,18.4,32.4,1,3600.00,1020.4,1006.7
2023-05-30T16:00,23.8,0.00,27,3.5,20.8,0.00,0.00,0.00,0,0,0,0,0,14.0,48,46,19.4,32.0,1,3600.00,1020.1,1006.4
2023-05-30T17:00,23.3,0.00,26,2.6,19.5,0.00,0.00,0.00,0,0,0,0,0,14.4,55,53,20.7,32.0,1,3600.00,1019.9,1006.1
2023-05-30T18:00,22.6,0.00,26,2.0,18.6,0.00,0.00,0.00,0,2,2,0,0,14.8,57,56,22.9,32.0,1,3600.00,1020.0,1006.2
2023-05-30T19:00,21.4,0.00,29,2.8,17.9,0.00,0.00,0.00,0,3,3,0,0,12.1,56,53,22.6,31.7,1,3600.00,1020.3,1006.4
2023-05-30T20:00,19.6,0.00,33,2.9,16.2,0.00,0.00,0.00,0,2,2,0,0,11.5,50,44,24.0,25.9,1,2644.91,1020.7,1006.8
2023-05-30T21:00,18.4,0.00,35,2.8,14.8,0.00,0.00,0.00,0,4,4,0,0,13.8,52,47,27.7,28.4,0,0.00,1021.4,1007.4
2023-05-30T22:00,17.8,0.00,38,3.3,13.8,0.00,0.00,0.00,0,0,0,0,0,16.2,61,58,30.8,33.1,0,0.00,1021.6,1007.6
2023-05-30T23:00,17.4,0.00,42,4.2,13.3,0.00,0.00,0.00,0,0,0,0,0,18.2,66,63,33.5,37.4,0,0.00,1021.6,1007.5
2023-05-31T00:00,17.1,0.00,44,4.7,12.9,0.00,0.00,0.00,0,0,0,0,0,19.6,75,73,35.5,40.0,0,0.00,1021.4,1007.3
2023-05-31T01:00,16.8,0.00,46,5.1,12.4,0.00,0.00,0.00,0,0,0,0,0,21.4,82,83,37.8,40.3,0,0.00,1021.0,1006.9
2023-05-31T02:00,16.5,0.00,46,4.8,12.2,0.00,0.00,0.00,0,0,0,0,0,20.6,85,84,36.9,43.9,0,0.00,1020.9,1006.8
2023-05-31T03:00,16.1,0.00,46,4.6,12.2,0.00,0.00,0.00,0,0,0,0,0,17.6,84,79,33.3,42.5,0,0.00,1021.0,1006.9
2023-05-31T04:00,15.5,0.00,47,4.3,11.8,0.00,0.00,0.00,0,0,0,0,0,15.5,81,72,30.6,37.1,0,0.00,1021.2,1007.1
2023-05-31T05:00,15.0,0.00,49,4.4,11.4,0.00,0.00,0.00,0,0,0,0,0,15.0,77,69,30.3,32.8,1,0.00,1021.4,1007.2
2023-05-31T06:00,15.7,0.00,49,5.1,12.2,0.00,0.00,0.00,0,0,0,0,0,15.1,77,72,29.2,32.4,1,3503.95,1021.6,1007.5
2023-05-31T07:00,17.1,0.00,49,6.4,14.4,0.00,0.00,0.00,0,0,0,0,0,12.6,73,66,23.0,32.4,1,3600.00,1021.7,1007.6
2023-05-31T08:00,18.8,0.00,45,6.7,15.7,0.00,0.00,0.00,0,0,0,0,0,15.3,77,75,23.3,34.2,1,3600.00,1021.8,1007.8
2023-05-31T09:00,20.4,0.00,39,6.0,16.9,0.00,0.00,0.00,0,0,0,0,0,17.2,80,79,24.9,38.2,1,3600.00,1021.5,1007.6
2023-05-31T10:00,21.9,0.00,35,5.6,19.1,0.00,0.00,0.00,0,0,0,0,0,16.9,79,78,23.9,38.5,1,3600.00,1021.0,1007.2
2023-05-31T11:00,23.0,0.00,33,5.8,20.9,0.00,0.00,0.00,0,0,0,0,0,16.4,76,75,22.6,38.5,1,3600.00,1020.8,1007.0
2023-05-31T12:00,23.9,0.00,32,6.0,22.1,0.00,0.00,0.00,0,0,0,0,0,16.5,74,74,22.5,37.8,1,3600.00,1020.4,1006.7
2023-05-31T13:00,25.0,0.00,28,5.0,23.0,0.00,0.00,0.00,0,0,0,0,0,17.7,71,70,24.0,38.9,1,3600.00,1020.1,1006.4
2023-05-31T14:00,25.2,0.00,27,4.9,23.1,0.00,0.00,0.00,0,0,0,0,0,17.3,67,67,24.2,40.3,1,3600.00,1019.4,1005.7
2023-05-31T15:00,25.5,0.00,27,5.1,23.1,0.00,0.00,0.00,0,0,0,0,0,16.6,69,68,23.5,39.6,1,3600.00,1018.9,1005.3
2023-05-31T16:00,25.7,0.00,26,5.0,22.8,0.00,0.00,0.00,0,0,0,0,0,15.8,70,69,22.7,37.8,1,3600.00,1018.4,1004.8
2023-05-31T17:00,25.5,0.00,26,4.7,22.0,0.00,0.00,0.00,0,0,0,0,0,15.3,70,71,22.5,35.6,1,3600.00,1018.2,1004.6
2023-05-31T18:00,25.0,0.00,27,4.5,21.6,0.00,0.00,0.00,0,0,0,0,0,14.1,71,71,22.4,33.5,1,3600.00,1018.0,1004.3
2023-05-31T19:00,23.6,0.00,32,5.8,21.2,0.00,0.00,0.00,0,0,0,0,0,9.0,70,67,19.1,30.2,1,3600.00,1018.1,1004.4
2023-05-31T20:00,20.4,0.00,41,6.6,18.7,0.00,0.00,0.00,0,0,0,0,0,6.1,62,50,15.9,19.8,1,2702.15,1018.2,1004.3
2023-05-31T21:00,19.0,0.00,44,6.4,16.8,0.00,0.00,0.00,3,100,100,0,0,8.4,48,43,18.9,16.9,0,0.00,1018.6,1004.7
2023-05-31T22:00,18.7,0.00,47,7.1,16.2,0.00,0.00,0.00,3,100,100,0,0,12.2,48,45,27.3,23.8,0,0.00,1018.7,1004.7
2023-05-31T23:00,18.8,0.00,48,7.7,16.1,0.00,0.00,0.00,3,98,98,0,0,14.3,55,51,30.0,28.4,0,0.00,1018.8,1004.8
2023-06-01T00:00,18.4,0.00,50,7.7,15.6,0.00,0.00,0.00,2,55,55,0,0,15.0,62,60,30.9,29.9,0,0.00,1018.8,1004.8
2023-06-01T01:00,18.0,0.00,50,7.4,15.1,0.00,0.00,0.00,1,25,27,0,0,15.0,67,69,30.8,30.2,0,0.00,1018.8,1004.8
2023-06-01T02:00,17.3,0.00,51,7.1,14.4,0.00,0.00,0.00,2,50,50,0,0,14.3,72,72,29.6,29.9,0,0.00,1018.6,1004.6
2023-06-01T03:00,16.5,0.00,53,6.9,14.3,0.00,0.00,0.00,0,12,12,0,0,9.4,73,67,24.1,28.4,0,0.00,1018.5,1004.4
2023-06-01T04:00,16.5,0.00,52,6.6,14.9,0.00,0.00,0.00,0,0,0,0,0,4.8,73,42,10.9,19.4,0,0.00,1018.5,1004.4
2023-06-01T05:00,14.6,0.00,62,7.5,13.5,0.00,0.00,0.00,0,0,0,0,0,3.3,27,276,0.8,9.4,1,0.00,1018.9,1004.7
2023-06-01T06:00,14.9,0.00,68,9.1,14.2,0.00,0.00,0.00,0,0,0,0,0,3.0,346,284,1.5,6.5,1,3542.70,1019.2,1005.1
2023-06-01T07:00,17.2,0.00,59,9.1,16.6,0.00,0.00,0.00,0,5,5,0,0,1.9,309,292,2.3,8.6,1,3600.00,1019.3,1005.3
2023-06-01T08:00,19.2,0.00,53,9.5,18.6,0.00,0.00,0.00,0,13,13,0,0,2.9,264,270,3.6,11.9,1,3600.00,1019.3,1005.4
2023-06-01T09:00,21.1,0.00,50,10.2,20.5,0.00,0.00,0.00,1,28,28,0,0,4.3,300,294,5.0,15.1,1,3600.00,1019.2,1005.3
2023-06-01T10:00,22.8,0.00,48,11.1,23.1,0.00,0.00,0.00,0,15,15,0,0,6.4,315,308,7.6,19.4,1,3600.00,1018.7,1004.9
2023-06-01T11:00,24.4,0.00,45,11.7,25.2,0.00,0.00,0.00,2,55,55,0,0,7.9,318,313,9.7,22.3,1,3600.00,1018.0,1004.3
2023-06-01T12:00,25.7,0.00,39,10.9,26.6,0.00,0.00,0.00,3,94,93,0,3,8.7,320,315,10.7,24.1,1,3600.00,1017.4,1003.8
2023-06-01T13:00,26.9,0.00,34,9.8,27.0,0.00,0.00,0.00,3,93,87,6,8,11.5,324,319,14.7,27.4,1,3600.00,1017.0,1003.4
2023-06-01T14:00,27.0,0.00,33,9.3,26.3,0.00,0.00,0.00,3,96,96,7,0,14.0,335,331,18.2,33.1,1,3600.00,1016.4,1002.9
2023-06-01T15:00,26.9,0.00,33,9.4,25.6,0.00,0.00,0.00,3,91,91,0,0,14.8,345,342,19.7,34.6,1,3600.00,1016.0,1002.5
2023-06-01T16:00,26.7,0.00,33,9.1,24.7,0.00,0.00,0.00,2,50,50,0,0,16.0,349,346,21.7,36.0,1,3600.00,1015.5,1002.0
2023-06-01T17:00,26.3,0.00,30,7.3,23.3,0.00,0.00,0.00,3,96,96,0,0,15.7,351,349,21.8,36.0,1,3600.00,1015.1,1001.5
2023-06-01T18:00,25.6,0.00,27,5.2,22.4,0.00,0.00,0.00,3,98,98,0,0,14.1,359,357,21.2,34.2,1,3600.00,1014.8,1001.2
2023-06-01T19:00,24.2,0.00,32,6.3,21.9,0.00,0.00,0.00,3,96,96,0,0,9.2,22,21,19.1,30.2,1,3600.00,1014.9,1001.3
2023-06-01T20:00,21.6,0.00,37,6.3,19.5,0.00,0.00,0.00,2,67,67,0,0,8.1,27,21,20.1,19.8,1,2757.58,1015.1,1001.3
2023-06-01T21:00,20.4,0.00,44,7.7,17.6,0.00,0.00,0.00,3,100,100,0,0,15.2,12,7,29.1,31.3,0,0.00,1015.9,1002.1
2023-06-01T22:00,19.5,0.00,46,7.6,16.9,0.00,0.00,0.00,3,87,87,2,0,13.3,9,3,25.9,31.0,0,0.00,1016.2,1002.3
2023-06-01T23:00,18.3,0.00,52,8.2,15.8,0.00,0.00,0.00,0,0,0,0,0,13.4,11,5,25.3,27.7,0,0.00,1016.7,1002.8
2023-06-02T00:00,16.4,0.00,63,9.4,14.6,0.00,0.00,0.00,0,0,0,0,0,11.3,18,9,22.7,27.4,0,0.00,1017.2,1003.2
2023-06-02T01:00,15.8,0.00,66,9.4,14.0,0.00,0.00,0.00,0,0,0,0,0,11.5,12,2,22.8,23.0,0,0.00,1016.9,1002.8
2023-06-02T02:00,14.4,0.00,72,9.5,12.6,0.00,0.00,0.00,0,0,0,0,0,11.5,13,2,23.2,23.0,0,0.00,1017.0,1002.9
2023-06-02T03:00,13.3,0.00,77,9.4,11.4,0.00,0.00,0.00,0,0,0,0,0,11.9,11,2,23.4,23.8,0,0.00,1017.1,1002.9
2023-06-02T04:00,12.2,0.00,82,9.2,10.5,0.00,0.00,0.00,0,0,0,0,0,9.8,16,6,20.6,23.8,0,0.00,1017.4,1003.1
2023-06-02T05:00,11.6,0.00,84,9.0,10.1,0.00,0.00,0.00,0,0,0,0,0,7.9,15,360,16.4,19.8,1,0.00,1017.9,1003.6
2023-06-02T06:00,12.2,0.00,80,8.9,10.4,0.00,0.00,0.00,0,0,0,0,0,9.7,1,356,14.0,20.9,1,3579.09,1018.2,1003.9
2023-06-02T07:00,13.3,0.00,75,8.9,11.5,0.00,0.00,0.00,0,0,0,0,0,9.7,360,356,13.7,23.0,1,3600.00,1018.2,1004.0
2023-06-02T08:00,14.9,0.00,67,8.9,13.0,0.00,0.00,0.00,0,15,14,0,1,10.4,4,360,14.4,25.9,1,3600.00,1018.3,1004.2
2023-06-02T09:00,16.7,0.00,59,8.7,14.8,0.00,0.00,0.00,2,53,53,0,0,10.4,7,2,14.2,27.0,1,3600.00,1018.3,1004.3
2023-06-02T10:00,18.3,0.00,53,8.6,17.2,0.00,0.00,0.00,2,77,77,0,0,10.4,7,2,13.8,27.7,1,3600.00,1017.9,1003.9
2023-06-02T11:00,19.8,0.00,48,8.6,19.3,0.00,0.00,0.00,1,41,41,0,0,10.4,5,360,13.7,28.1,1,3600.00,1017.6,1003.7
2023-06-02T12:00,21.0,0.00,45,8.6,20.8,0.00,0.00,0.00,0,1,1,0,0,11.5,3,358,15.1,30.2,1,3600.00,1017.2,1003.4
2023-06-02T13:00,21.4,0.00,44,8.5,21.0,0.00,0.00,0.00,2,64,0,0,0,12.6,1,357,16.2,30.6,1,3600.00,1017.3,1003.5
2023-06-02T14:00,22.1,0.00,40,8.0,21.4,0.00,0.00,0.00,0,0,0,0,0,13.0,5,360,17.0,32.0,1,3600.00,1016.9,1003.1
2023-06-02T15:00,22.6,0.00,38,7.7,21.2,0.00,0.00,0.00,0,0,0,0,0,13.7,4,2,18.4,33.1,1,3600.00,1016.5,1002.8
2023-06-02T16:00,22.5,0.00,37,7.3,20.3,0.00,0.00,0.00,0,0,0,0,0,14.9,10,7,19.8,34.2,1,3600.00,1016.3,1002.6
2023-06-02T17:00,22.3,0.00,37,6.9,19.4,0.00,0.00,0.00,0,0,0,0,0,14.7,16,11,20.2,34.2,1,3600.00,1015.8,1002.1
2023-06-02T18:00,21.9,0.00,38,6.9,18.9,0.00,0.00,0.00,0,0,0,0,0,14.6,19,16,20.9,32.8,1,3600.00,1015.9,1002.1
2023-06-02T19:00,21.2,0.00,41,7.5,18.9,0.00,0.00,0.00,0,1,0,0,1,11.4,23,18,19.2,31.7,1,3600.00,1016.2,1002.4
2023-06-02T20:00,19.4,0.00,46,7.4,17.5,0.00,0.00,0.00,0,1,0,0,1,7.9,47,39,18.1,23.8,1,2811.09,1016.7,1002.8
2023-06-02T21:00,17.8,0.00,48,6.6,15.5,0.00,0.00,0.00,0,0,0,0,0,9.6,65,56,21.9,19.8,0,0.00,1017.4,1003.4
2023-06-02T22:00,17.2,0.00,49,6.4,14.6,0.00,0.00,0.00,0,0,0,0,0,11.8,67,59,24.7,24.5,0,0.00,1017.7,1003.7
2023-06-02T23:00,16.7,0.00,49,5.9,13.5,0.00,0.00,0.00,0,0,0,0,0,15.2,71,68,29.4,31.0,0,0.00,1017.9,1003.9
2023-06-03T00:00,15.8,0.00,53,6.2,12.5,0.00,0.00,0.00,0,0,0,0,0,15.9,73,72,30.1,33.1,0,0.00,1017.8,1003.7
2023-06-03T01:00,14.7,0.00,61,7.2,11.9,0.00,0.00,0.00,0,0,0,0,0,14.2,76,74,27.5,33.1,0,0.00,1017.9,1003.8
2023-06-03T02:00,14.1,0.00,64,7.4,11.5,0.00,0.00,0.00,0,0,0,0,0,13.2,78,73,26.5,29.2,0,0.00,1017.7,1003.5
2023-06-03T03:00,13.6,0.00,67,7.6,11.4,0.00,0.00,0.00,0,0,0,0,0,10.5,79,68,23.4,27.4,0,0.00,1017.7,1003.5
2023-06-03T04:00,13.0,0.00,70,7.6,11.0,0.00,0.00,0.00,0,0,0,0,0,9.2,79,64,21.7,22.3,0,0.00,1017.7,1003.5
2023-06-03T05:00,12.8,0.00,70,7.5,10.8,0.00,0.00,0.00,0,0,0,0,0,8.7,78,66,21.0,19.8,1,0.00,1017.9,1003.7
2023-06-03T06:00,14.0,0.00,67,7.9,12.3,0.00,0.00,0.00,0,0,0,0,0,8.0,79,63,21.3,20.5,1,3600.00,1018.1,1003.9
2023-06-03T07:00,15.6,0.00,61,8.1,13.5,0.00,0.00,0.00,0,0,0,0,0,11.1,79,77,16.9,25.2,1,3600.00,1018.0,1003.9
2023-06-03T08:00,17.4,0.00,55,8.3,15.1,0.00,0.00,0.00,0,0,0,0,0,12.6,87,85,18.0,29.5,1,3600.00,1018.0,1004.0
2023-06-03T09:00,19.3,0.00,50,8.6,17.3,0.00,0.00,0.00,0,2,0,0,2,11.5,86,86,16.2,29.5,1,3600.00,1017.8,1003.9
2023-06-03T10:00,21.1,0.00,46,9.0,20.0,0.00,0.00,0.00,1,27,26,0,2,11.5,86,86,15.9,28.8,1,3600.00,1017.6,1003.8
2023-06-03T11:00,22.7,0.00,43,9.6,22.2,0.00,0.00,0.00,1,45,43,0,3,12.3,85,87,16.6,29.9,1,3600.00,1017.3,1003.5
2023-06-03T12:00,24.1,0.00,39,9.3,23.7,0.00,0.00,0.00,2,54,22,40,7,13.3,90,90,17.6,32.8,1,3600.00,1017.0,1003.3
2023-06-03T13:00,23.3,0.00,43,10.1,22.6,0.00,0.00,0.00,2,58,0,34,23,12.6,71,70,16.7,32.4,1,3600.00,1017.3,1003.6
2023-06-03T14:00,24.2,0.00,39,9.4,23.4,0.00,0.00,0.00,0,18,6,13,0,9.4,59,58,12.6,29.9,1,3600.00,1016.8,1003.1
2023-06-03T15:00,25.0,0.00,35,8.4,24.3,0.00,0.00,0.00,0,16,0,16,1,7.7,41,37,10.5,24.1,1,3600.00,1016.3,1002.7
2023-06-03T16:00,25.1,0.00,32,7.4,23.0,0.00,0.00,0.00,1,34,0,34,0,12.1,40,37,16.4,28.4,1,3600.00,1015.8,1002.2
2023-06-03T17:00,23.8,0.00,35,7.4,21.0,0.00,0.00,0.00,1,32,0,32,0,14.3,46,45,19.9,32.4,1,3600.00,1015.9,1002.2
2023-06-03T18:00,23.8,0.00,34,6.8,21.4,0.00,0.00,0.00,0,0,0,0,0,10.7,49,48,15.3,31.0,1,3600.00,1015.8,1002.1
2023-06-03T19:00,22.6,0.00,34,6.0,20.4,0.00,0.00,0.00,0,0,0,0,0,8.3,59,56,16.3,24.1,1,3600.00,1015.9,1002.2
2023-06-03T20:00,19.3,0.00,50,8.7,18.1,0.00,0.00,0.00,0,1,0,1,0,6.0,41,25,10.5,17.6,1,2862.55,1016.1,1002.2
2023-06-03T21:00,19.2,0.00,39,4.9,16.3,0.00,0.00,0.00,0,0,0,0,0,11.0,68,58,24.9,22.3,0,0.00,1016.9,1003.0
2023-06-03T22:00,18.8,0.00,34,2.6,15.1,0.00,0.00,0.00,0,0,0,0,0,13.7,72,67,28.8,27.7,0,0.00,1017.1,1003.2
2023-06-03T23:00,18.3,0.00,34,2.0,14.6,0.00,0.00,0.00,0,12,0,12,0,13.2,78,68,28.4,28.1,0,0.00,1017.3,1003.3
2023-06-04T00:00,17.7,0.00,34,1.8,13.7,0.00,0.00,0.00,1,48,0,48,0,14.3,72,65,29.1,29.2,0,0.00,1017.4,1003.4
2023-06-04T01:00,16.7,0.00,40,2.9,12.9,0.00,0.00,0.00,2,51,0,4,0,14.7,73,68,29.7,33.1,0,0.00,1017.3,1003.3
2023-06-04T02:00,15.9,0.00,40,2.3,12.4,0.00,0.00,0.00,0,14,0,14,0,12.2,83,76,26.8,29.9,0,0.00,1017.4,1003.3
2023-06-04T03:00,15.1,0.00,41,2.1,11.9,0.00,0.00,0.00,0,5,0,5,0,9.7,82,68,23.6,25.6,0,0.00,1017.6,1003.5
2023-06-04T04:00,13.9,0.00,45,2.1,11.1,0.00,0.00,0.00,0,0,0,0,0,7.4,78,61,20.6,20.5,0,0.00,1017.7,1003.5
2023-06-04T05:00,13.1,0.00,54,4.0,10.9,0.00,0.00,0.00,0,0,0,0,0,5.3,80,62,17.2,15.8,1,0.00,1017.9,1003.7
2023-06-04T06:00,14.8,0.00,50,4.5,12.8,0.00,0.00,0.00,0,4,0,4,0,5.0,83,60,14.2,12.2,1,3600.00,1018.3,1004.2
2023-06-04T07:00,16.5,0.00,45,4.5,14.7,0.00,0.00,0.00,0,3,0,3,0,3.2,75,63,5.6,11.2,1,3600.00,1018.7,1004.6
2023-06-04T08:00,18.3,0.00,42,5.2,16.4,0.00,0.00,0.00,1,20,18,3,0,4.7,87,86,7.2,15.5,1,3600.00,1019.1,1005.1
2023-06-04T09:00,20.4,0.00,37,5.2,18.3,0.00,0.00,0.00,1,27,27,0,0,6.6,83,81,9.4,19.1,1,3600.00,1019.3,1005.4
2023-06-04T10:00,22.3,0.00,29,3.6,20.3,0.00,0.00,0.00,0,9,9,0,0,9.1,82,81,12.7,23.8,1,3600.00,1019.0,1005.2
2023-06-04T11:00,23.4,0.00,26,2.8,21.5,0.00,0.00,0.00,0,0,0,0,0,11.7,73,72,15.8,28.8,1,3600.00,1018.9,1005.2
2023-06-04T12:00,24.1,0.00,25,3.0,22.5,0.00,0.00,0.00,0,0,0,0,0,12.4,65,64,16.7,31.0,1,3600.00,1018.5,1004.8
2023-06-04T13:00,25.1,0.00,26,4.0,23.8,0.00,0.00,0.00,0,0,0,0,0,12.0,54,51,16.0,31.0,1,3600.00,1018.3,1004.6
2023-06-04T14:00,25.1,0.00,25,3.8,23.7,0.00,0.00,0.00,0,0,0,0,0,12.0,51,49,16.1,30.2,1,3600.00,1018.1,1004.4
2023-06-04T15:00,25.2,0.00,25,3.8,23.1,0.00,0.00,0.00,0,0,0,0,0,13.2,48,47,17.8,31.3,1,3600.00,1017.9,1004.3
2023-06-04T16:00,25.1,0.00,25,3.6,22.4,0.00,0.00,0.00,0,0,0,0,0,13.1,54,53,17.8,31.7,1,3600.00,1017.5,1003.9
2023-06-04T17:00,24.7,0.00,25,3.2,21.1,0.00,0.00,0.00,0,0,0,0,0,13.5,57,56,19.0,30.6,1,3600.00,1017.3,1003.6
2023-06-04T18:00,24.1,0.00,25,3.0,20.6,0.00,0.00,0.00,0,0,0,0,0,13.0,62,62,19.7,30.6,1,3600.00,1017.1,1003.4
2023-06-04T19:00,23.0,0.00,28,3.7,20.2,0.00,0.00,0.00,0,0,0,0,0,9.0,68,67,17.9,28.4,1,3600.00,1017.2,1003.5
2023-06-04T20:00,20.4,0.00,34,4.1,18.0,0.00,0.00,0.00,0,0,0,0,0,6.7,62,54,17.6,19.8,1,2911.87,1017.5,1003.6
2023-06-04T21:00,19.1,0.00,35,3.3,16.2,0.00,0.00,0.00,0,0,0,0,0,8.7,50,45,20.2,17.3,0,0.00,1017.9,1004.0
2023-06-04T22:00,18.5,0.00,36,3.0,15.2,0.00,0.00,0.00,0,0,0,0,0,11.5,52,46,26.4,23.0,0,0.00,1018.0,1004.0
2023-06-04T23:00,18.4,0.00,37,3.3,14.6,0.00,0.00,0.00,0,0,0,0,0,15.1,57,52,31.0,30.2,0,0.00,1018.2,1004.2
2023-06-05T00:00,18.2,0.00,38,3.8,14.3,0.00,0.00,0.00,0,0,0,0,0,16.6,66,63,32.7,34.2,0,0.00,1018.2,1004.2
2023-06-05T01:00,17.9,0.00,38,3.4,13.8,0.00,0.00,0.00,0,0,0,0,0,17.3,69,69,33.2,33.8,0,0.00,1018.0,1004.0
2023-06-05T02:00,16.9,0.00,40,3.2,13.3,0.00,0.00,0.00,0,0,0,0,0,13.9,76,73,29.3,34.2,0,0.00,1018.0,1004.0
2023-06-05T03:00,15.5,0.00,44,3.2,12.8,0.00,0.00,0.00,0,0,0,0,0,7.6,76,65,21.9,28.1,0,0.00,1017.9,1003.8
2023-06-05T04:00,15.7,0.00,41,2.6,13.1,0.00,0.00,0.00,0,0,0,0,0,6.1,73,28,12.4,16.6,0,0.00,1018.0,1003.9
2023-06-05T05:00,15.0,0.00,44,2.8,12.7,0.00,0.00,0.00,0,0,0,0,0,3.9,88,22,9.4,11.2,1,0.00,1018.3,1004.2
2023-06-05T06:00,15.3,0.00,50,5.0,13.7,0.00,0.00,0.00,0,0,0,0,0,2.4,85,333,7.6,8.6,1,3600.00,1018.5,1004.4
2023-06-05T07:00,17.3,0.00,46,5.6,15.9,0.00,0.00,0.00,0,0,0,0,0,1.5,31,315,2.1,7.6,1,3600.00,1018.6,1004.6
2023-06-05T08:00,19.3,0.00,44,6.6,18.1,0.00,0.00,0.00,0,0,0,0,0,1.8,349,323,1.8,10.1,1,3600.00,1018.7,1004.8
2023-06-05T09:00,21.3,0.00,42,7.8,20.4,0.00,0.00,0.00,0,0,0,0,0,2.4,45,27,3.6,12.6,1,3600.00,1018.5,1004.7
2023-06-05T10:00,23.3,0.00,40,8.8,23.4,0.00,0.00,0.00,0,0,0,0,0,3.6,56,45,5.2,14.8,1,3600.00,1018.0,1004.3
2023-06-05T11:00,25.1,0.00,32,7.3,25.0,0.00,0.00,0.00,1,22,0,22,0,6.3,71,66,8.8,19.1,1,3600.00,1017.4,1003.8
2023-06-05T12:00,26.0,0.00,26,5.0,25.0,0.00,0.00,0.00,0,2,0,2,0,10.8,69,69,14.2,27.0,1,3600.00,1017.1,1003.5
2023-06-05T13:00,26.4,0.00,27,5.7,25.3,0.00,0.00,0.00,0,2,0,11,0,12.9,56,54,16.6,31.7,1,3600.00,1016.9,1003.3
2023-06-05T14:00,26.6,0.00,26,5.7,25.2,0.00,0.00,0.00,0,9,0,9,0,12.5,51,49,16.6,31.3,1,3600.00,1016.4,1002.8
2023-06-05T15:00,26.6,0.00,25,5.0,24.6,0.00,0.00,0.00,0,2,0,2,0,13.3,43,41,17.6,31.3,1,3600.00,1016.0,1002.4
2023-06-05T16:00,26.6,0.00,24,4.4,24.0,0.00,0.00,0.00,0,2,0,2,0,12.7,46,45,17.6,31.0,1,3600.00,1015.7,1002.1
2023-06-05T17:00,26.4,0.00,24,4.2,23.1,0.00,0.00,0.00,0,1,0,1,0,12.5,44,44,17.6,29.9,1,3600.00,1015.2,1001.6
2023-06-05T18:00,25.8,0.00,24,3.8,22.6,0.00,0.00,0.00,0,0,0,0,0,11.5,44,44,17.1,28.1,1,3600.00,1015.0,1001.4
2023-06-05T19:00,24.2,0.00,40,9.7,23.5,0.00,0.00,0.00,0,0,0,0,0,4.3,45,42,11.2,24.8,1,3600.00,1015.1,1001.4
2023-06-05T20:00,21.4,0.00,37,6.1,19.5,0.00,0.00,0.00,0,13,0,13,0,6.4,57,52,15.9,12.2,1,2958.94,1015.5,1001.7
2023-06-05T21:00,20.6,0.00,45,8.2,18.4,0.00,0.00,0.00,0,0,0,0,0,11.5,82,76,24.7,23.8,0,0.00,1016.5,1002.7
2023-06-05T22:00,19.3,0.00,54,9.9,17.5,0.00,0.00,0.00,0,0,0,0,0,12.3,89,85,25.6,25.6,0,0.00,1016.8,1002.9
2023-06-05T23:00,18.9,0.00,55,9.6,16.8,0.00,0.00,0.00,0,3,0,3,0,13.3,88,87,27.4,27.7,0,0.00,1017.1,1003.2
2023-06-06T00:00,18.3,0.00,56,9.3,16.3,0.00,0.00,0.00,0,6,0,6,0,12.3,88,87,25.6,27.7,0,0.00,1017.2,1003.2
2023-06-06T01:00,17.8,0.00,67,11.5,16.6,0.00,0.00,0.00,0,8,0,11,4,11.3,100,99,24.1,24.8,0,0.00,1017.1,1003.1
2023-06-06T02:00,17.0,0.00,68,11.0,15.9,0.00,0.00,0.00,1,44,0,44,4,9.5,101,99,22.0,23.4,0,0.00,1017.2,1003.2
2023-06-06T03:00,16.3,0.00,68,10.5,15.5,0.00,0.00,0.00,1,46,0,46,4,6.3,91,77,17.3,19.4,0,0.00,1017.4,1003.3
2023-06-06T04:00,15.3,0.00,70,10.0,14.5,0.00,0.00,0.00,1,42,0,42,6,5.5,84,67,14.5,13.7,0,0.00,1017.5,1003.4
2023-06-06T05:00,15.4,0.00,68,9.5,14.3,0.00,0.00,0.00,2,57,0,57,0,6.8,94,87,16.6,14.0,1,0.00,1017.9,1003.8
2023-06-06T06:00,16.8,0.00,65,10.1,15.8,0.00,0.00,0.00,2,50,0,50,0,7.0,102,102,15.1,15.1,1,3600.00,1018.1,1004.1
2023-06-06T07:00,18.3,0.00,59,10.2,18.1,0.00,0.00,0.00,1,22,0,22,0,1.8,95,90,4.0,13.0,1,3600.00,1018.0,1004.0
2023-06-06T08:00,20.0,0.00,55,10.6,20.0,0.00,0.00,0.00,0,6,0,6,0,0.8,18,333,1.1,9.4,1,3600.00,1018.4,1004.5
2023-06-06T09:00,21.7,0.00,50,10.8,21.5,0.00,0.00,0.00,0,6,0,6,0,3.2,346,333,4.5,13.7,1,3600.00,1018.3,1004.5
2023-06-06T10:00,22.9,0.10,44,10.1,22.5,0.10,0.00,0.00,51,70,0,70,2,6.2,10,7,8.0,18.7,1,3600.00,1018.2,1004.4
2023-06-06T11:00,23.6,0.00,40,9.2,22.5,0.00,0.00,0.00,1,21,0,21,0,8.2,18,15,10.6,22.0,1,3600.00,1018.0,1004.3
2023-06-06T12:00,24.6,0.00,36,8.5,24.1,0.00,0.00,0.00,0,18,0,18,0,8.7,28,24,11.4,24.1,1,3600.00,1017.6,1003.9
2023-06-06T13:00,25.4,0.00,33,8.1,24.5,0.00,0.00,0.00,1,27,0,25,0,10.1,30,27,12.9,23.8,1,3600.00,1017.1,1003.5
2023-06-06T14:00,25.7,0.00,32,7.7,24.6,0.00,0.00,0.00,1,28,0,28,0,11.0,22,19,14.4,27.4,1,3600.00,1016.8,1003.2
2023-06-06T15:00,25.3,0.00,32,7.6,23.8,0.00,0.00,0.00,1,29,0,29,0,10.3,25,25,13.9,28.1,1,3600.00,1016.8,1003.2
2023-06-06T16:00,25.3,0.00,32,7.3,23.1,0.00,0.00,0.00,1,35,0,35,0,10.4,33,34,13.8,25.9,1,3600.00,1016.5,1002.9
2023-06-06T17:00,24.9,0.00,32,6.9,22.4,0.00,0.00,0.00,2,64,0,64,0,11.4,26,24,15.6,26.3,1,3600.00,1016.3,1002.7
2023-06-06T18:00,24.1,0.00,34,7.1,21.7,0.00,0.00,0.00,1,23,0,23,0,11.8,25,23,17.1,27.0,1,3600.00,1016.4,1002.7
2023-06-06T19:00,23.5,0.00,35,7.3,21.5,0.00,0.00,0.00,0,18,0,18,0,8.9,17,14,15.8,25.6,1,3600.00,1016.5,1002.8
2023-06-06T20:00,21.1,0.00,48,9.7,20.2,0.00,0.00,0.00,0,14,0,14,0,5.2,12,12,12.5,18.4,1,2756.42,1016.5,1002.7
2023-06-06T21:00,20.3,0.00,45,8.0,18.0,0.00,0.00,0.00,0,5,0,5,0,12.2,80,76,24.5,24.5,0,0.00,1017.6,1003.7
2023-06-06T22:00,19.0,0.00,54,9.3,17.2,0.00,0.00,0.00,0,2,0,2,0,10.8,94,90,23.1,24.8,0,0.00,1018.1,1004.2
2023-06-06T23:00,17.6,0.00,60,9.8,16.4,0.00,0.00,0.00,0,0,0,0,0,8.0,91,82,19.4,21.6,0,0.00,1018.2,1004.2
2023-06-07T00:00,16.3,0.00,67,10.1,15.5,0.00,0.00,0.00,0,0,0,0,0,5.7,88,72,13.3,16.6,0,0.00,1018.0,1003.9
2023-06-07T01:00,15.9,0.00,69,10.1,15.0,0.00,0.00,0.00,0,0,0,0,0,6.0,85,73,15.9,11.2,0,0.00,1018.2,1004.1
2023-06-07T02:00,14.6,0.00,76,10.4,13.9,0.00,0.00,0.00,0,0,0,0,0,6.0,85,65,12.3,12.2,0,0.00,1018.1,1004.0
2023-06-07T03:00,14.0,0.00,80,10.6,13.2,0.00,0.00,0.00,0,0,0,0,0,6.3,76,66,11.5,12.6,0,0.00,1017.8,1003.6
2023-06-07T04:00,13.2,0.00,85,10.7,12.7,0.00,0.00,0.00,0,0,0,0,0,4.7,83,81,9.1,12.2,0,0.00,1017.8,1003.6
2023-06-07T05:00,13.3,0.00,86,11.0,13.0,0.00,0.00,0.00,0,11,0,0,11,3.7,84,79,6.9,9.0,1,0.00,1018.0,1003.8
2023-06-07T06:00,15.2,0.00,79,11.5,15.4,0.00,0.00,0.00,0,8,0,0,8,2.2,100,99,4.0,8.3,1,3600.00,1018.0,1003.9
2023-06-07T07:00,17.7,0.00,70,12.2,18.1,0.00,0.00,0.00,0,0,0,0,0,1.8,304,270,1.3,9.0,1,3600.00,1017.9,1003.9
2023-06-07T08:00,19.6,0.00,62,12.1,19.9,0.00,0.00,0.00,0,9,0,0,9,2.4,310,297,2.8,12.2,1,3600.00,1018.2,1004.3
2023-06-07T09:00,20.9,0.10,55,11.5,20.9,0.10,0.00,0.00,51,44,0,27,40,3.3,5,354,4.0,14.0,1,3600.00,1018.1,1004.3
2023-06-07T10:00,21.8,0.20,51,11.3,21.5,0.20,0.00,0.00,51,55,0,48,41,4.4,15,9,5.6,15.8,1,3600.00,1017.8,1004.0
2023-06-07T11:00,22.5,0.20,49,11.4,22.8,0.20,0.00,0.00,51,68,0,53,37,4.3,7,360,5.8,16.9,1,3600.00,1017.6,1003.8
2023-06-07T12:00,23.3,0.20,46,11.1,23.3,0.20,0.00,0.00,51,40,0,32,31,5.4,360,356,6.8,18.0,1,3600.00,1017.1,1003.4
2023-06-07T13:00,23.1,0.10,46,10.7,24.0,0.10,0.00,0.00,51,21,0,9,2,3.3,55,49,4.4,20.2,1,3600.00,1017.2,1003.5
2023-06-07T14:00,24.3,0.00,41,10.3,25.6,0.00,0.00,0.00,1,20,0,20,0,2.6,24,16,3.5,15.8,1,3600.00,1016.4,1002.7
2023-06-07T15:00,24.6,0.00,40,10.1,24.7,0.00,0.00,0.00,1,22,0,22,0,4.2,348,340,5.2,15.8,1,3600.00,1015.8,1002.2
2023-06-07T16:00,25.0,0.00,39,9.9,24.2,0.00,0.00,0.00,0,10,0,10,0,6.6,353,347,8.7,19.1,1,3600.00,1015.2,1001.6
2023-06-07T17:00,25.0,0.00,38,9.9,23.9,0.00,0.00,0.00,0,18,3,13,3,7.7,354,349,10.1,19.8,1,3600.00,1014.9,1001.3
2023-06-07T18:00,24.7,0.00,39,10.0,23.7,0.00,0.00,0.00,1,32,5,27,13,7.2,360,354,9.7,19.8,1,3600.00,1014.8,1001.2
2023-06-07T19:00,23.8,0.00,43,10.4,23.2,0.00,0.00,0.00,2,53,31,30,12,5.4,27,20,10.5,17.3,1,3600.00,1015.0,1001.3
2023-06-07T20:00,21.7,0.00,51,11.2,21.3,0.00,0.00,0.00,1,32,8,14,15,4.8,44,27,12.0,12.2,1,3046.19,1015.2,1001.4
2023-06-07T21:00,20.5,0.00,52,10.3,19.4,0.00,0.00,0.00,0,16,3,10,4,7.9,58,51,19.1,15.5,0,0.00,1015.5,1001.7
2023-06-07T22:00,19.4,0.00,56,10.4,18.5,0.00,0.00,0.00,0,9,2,7,0,6.6,59,49,17.6,16.2,0,0.00,1015.7,1001.8
2023-06-07T23:00,17.8,0.00,63,10.8,17.3,0.00,0.00,0.00,0,8,1,8,0,5.1,58,45,14.9,13.7,0,0.00,1015.5,1001.5
2023-06-08T00:00,16.6,0.00,69,10.9,16.1,0.00,0.00,0.00,0,10,0,10,0,5.4,62,37,13.0,10.8,0,0.00,1015.5,1001.5
2023-06-08T01:00,17.4,0.00,74,12.6,17.1,0.00,0.00,0.00,0,12,0,20,0,7.1,73,60,19.2,10.4,0,0.00,1014.9,1000.9
2023-06-08T02:00,16.5,0.00,74,11.9,16.1,0.00,0.00,0.00,0,11,0,11,0,6.5,103,90,18.9,14.8,0,0.00,1014.7,1000.7
2023-06-08T03:00,14.7,0.00,84,12.0,14.4,0.00,0.00,0.00,0,3,0,3,0,6.1,360,320,5.4,13.3,0,0.00,1014.6,1000.5
2023-06-08T04:00,14.6,0.00,88,12.7,14.5,0.00,0.00,0.00,0,0,0,0,0,6.7,24,16,15.0,12.2,0,0.00,1014.5,1000.4
2023-06-08T05:00,15.2,0.00,87,13.0,14.7,0.00,0.00,0.00,0,0,0,0,0,9.5,71,65,21.7,18.7,1,0.00,1014.8,1000.7
2023-06-08T06:00,17.0,0.00,81,13.8,17.0,0.00,0.00,0.00,0,0,0,0,0,7.8,69,56,19.3,18.7,1,3600.00,1014.7,1000.7
2023-06-08T07:00,18.8,0.00,74,14.1,19.1,0.00,0.00,0.00,0,0,0,0,0,7.0,79,78,11.7,17.3,1,3600.00,1014.9,1001.0
2023-06-08T08:00,20.7,0.00,67,14.2,20.8,0.00,0.00,0.00,0,0,0,0,0,8.6,88,88,12.2,21.6,1,3600.00,1015.0,1001.2
2023-06-08T09:00,22.4,0.00,60,14.2,22.9,0.00,0.00,0.00,0,0,0,0,0,6.3,110,114,8.4,22.0,1,3600.00,1014.8,1001.1
2023-06-08T10:00,23.8,0.00,55,14.1,25.5,0.00,0.00,0.00,0,13,10,2,2,3.6,138,143,4.8,18.4,1,3600.00,1014.5,1000.8
2023-06-08T11:00,24.6,0.10,50,13.6,26.9,0.10,0.00,0.00,51,43,40,4,3,1.8,82,90,2.5,16.2,1,3600.00,1014.1,1000.5
2023-06-08T12:00,25.6,0.00,47,13.3,27.9,0.00,0.00,0.00,1,43,40,5,1,2.3,63,51,3.2,16.2,1,3600.00,1013.8,1000.2
2023-06-08T13:00,25.3,0.00,47,13.2,27.1,0.00,0.00,0.00,2,74,61,31,22,5.6,156,165,6.3,16.9,1,3600.00,1013.6,1000.0
2023-06-08T14:00,24.9,0.00,40,10.5,24.7,0.00,0.00,0.00,3,93,93,2,2,2.1,60,59,2.9,14.4,1,3600.00,1013.7,1000.1
2023-06-08T15:00,26.4,0.00,34,9.1,26.4,0.00,0.00,0.00,1,31,7,26,0,6.3,77,77,8.1,19.1,1,3600.00,1013.4,999.9
2023-06-08T16:00,25.7,0.00,35,8.9,24.0,0.00,0.00,0.00,1,25,22,3,0,10.6,113,114,13.7,25.9,1,3600.00,1012.6,999.0
2023-06-08T17:00,25.6,0.00,36,9.3,24.1,0.00,0.00,0.00,1,36,35,2,0,9.0,88,90,11.9,25.6,1,3600.00,1012.3,998.7
2023-06-08T18:00,25.0,0.00,39,10.1,23.5,0.00,0.00,0.00,0,17,16,2,0,10.4,76,76,14.5,23.0,1,3600.00,1012.5,998.9
2023-06-08T19:00,24.1,0.00,41,10.2,23.0,0.00,0.00,0.00,0,2,2,0,0,8.1,69,69,15.0,23.0,1,3600.00,1012.4,998.8
2023-06-08T20:00,21.9,0.00,49,10.7,21.1,0.00,0.00,0.00,0,0,0,0,0,6.6,72,68,15.9,17.3,1,3087.28,1012.6,998.9
2023-06-08T21:00,20.3,0.00,56,11.1,19.4,0.00,0.00,0.00,0,1,1,0,0,8.0,71,63,18.7,16.2,0,0.00,1013.2,999.4
2023-06-08T22:00,19.4,0.00,61,11.7,18.4,0.00,0.00,0.00,0,0,0,0,0,10.2,76,72,23.0,20.2,0,0.00,1013.5,999.6
2023-06-08T23:00,18.8,0.00,68,12.7,17.9,0.00,0.00,0.00,0,0,0,0,0,11.5,79,76,25.3,22.7,0,0.00,1013.6,999.7
2023-06-09T00:00,18.2,0.00,74,13.5,17.5,0.00,0.00,0.00,0,0,0,0,0,12.1,80,78,25.6,24.1,0,0.00,1013.4,999.5
2023-06-09T01:00,17.7,0.00,76,13.5,17.0,0.00,0.00,0.00,0,0,0,0,0,12.0,82,81,25.8,24.1,0,0.00,1013.2,999.3
2023-06-09T02:00,15.6,0.00,83,12.8,15.6,0.00,0.00,0.00,0,1,0,1,0,6.2,90,83,17.6,13.7,0,0.00,1013.6,999.6
2023-06-09T03:00,15.3,0.00,84,12.6,15.1,0.00,0.00,0.00,0,3,0,3,0,6.9,97,96,18.1,14.0,0,0.00,1013.4,999.4
2023-06-09T04:00,15.2,0.00,82,12.1,14.7,0.00,0.00,0.00,0,0,0,0,0,7.6,94,95,20.6,16.6,0,0.00,1013.5,999.4
2023-06-09T05:00,15.3,0.00,80,11.8,14.6,0.00,0.00,0.00,0,0,0,0,0,8.3,95,95,20.2,17.3,1,0.00,1013.6,999.5
2023-06-09T06:00,16.8,0.00,75,12.4,16.2,0.00,0.00,0.00,0,0,0,0,0,9.1,92,83,20.5,18.7,1,3600.00,1013.7,999.7
2023-06-09T07:00,18.8,0.00,69,13.0,18.9,0.00,0.00,0.00,0,0,0,0,0,6.0,80,73,10.2,17.6,1,3600.00,1013.7,999.8
2023-06-09T08:00,21.0,0.00,62,13.4,21.0,0.00,0.00,0.00,0,0,0,0,0,6.8,88,87,9.7,18.7,1,3600.00,1013.7,999.9
2023-06-09T09:00,23.2,0.00,52,12.9,22.8,0.00,0.00,0.00,0,0,0,0,0,8.6,92,92,12.2,22.7,1,3600.00,1013.7,1000.0
2023-06-09T10:00,25.0,0.00,45,12.2,24.7,0.00,0.00,0.00,0,0,0,0,0,11.8,102,102,15.8,33.5,1,3600.00,1013.5,999.9
2023-06-09T11:00,26.2,0.00,40,11.4,25.9,0.00,0.00,0.00,0,2,0,2,1,13.9,106,107,18.7,34.9,1,3600.00,1013.1,999.6
2023-06-09T12:00,27.2,0.00,36,10.8,26.9,0.00,0.00,0.00,0,3,0,3,0,14.5,104,104,19.6,35.6,1,3600.00,1012.7,999.2
2023-06-09T13:00,28.1,0.00,33,10.1,27.7,0.00,0.00,0.00,0,9,1,9,0,14.5,97,97,20.0,35.6,1,3600.00,1012.2,998.8
2023-06-09T14:00,27.6,0.00,37,11.7,26.8,0.00,0.00,0.00,1,33,0,33,0,14.8,97,96,20.0,34.2,1,3600.00,1012.0,998.5
2023-06-09T15:00,27.5,0.00,33,10.0,25.6,0.00,0.00,0.00,0,17,0,17,0,15.0,106,107,21.0,35.6,1,3600.00,1011.8,998.3
2023-06-09T16:00,27.8,0.00,33,10.0,26.0,0.00,0.00,0.00,0,6,0,6,0,14.3,113,115,19.5,35.3,1,3600.00,1011.3,997.9
2023-06-09T17:00,28.0,0.00,30,9.0,25.9,0.00,0.00,0.00,0,17,0,16,0,12.4,97,98,17.8,33.1,1,3600.00,1010.8,997.4
2023-06-09T18:00,28.0,0.00,28,7.7,25.8,0.00,0.00,0.00,1,27,0,27,0,11.3,97,97,17.8,27.7,1,3600.00,1010.6,997.2
2023-06-09T19:00,26.1,0.00,32,8.0,23.0,0.00,0.00,0.00,1,38,0,38,0,17.6,91,91,29.5,37.1,1,3600.00,1011.4,997.9
2023-06-09T20:00,24.3,0.00,36,8.2,22.3,0.00,0.00,0.00,0,15,0,15,0,10.1,89,88,21.2,36.7,1,3126.83,1011.8,998.2
2023-06-09T21:00,22.9,0.00,42,9.2,20.9,0.00,0.00,0.00,0,8,0,8,0,12.5,73,72,26.4,26.3,0,0.00,1012.6,998.9
2023-06-09T22:00,22.0,0.00,45,9.6,20.3,0.00,0.00,0.00,0,5,0,5,0,10.7,80,78,23.8,26.6,0,0.00,1012.9,999.2
2023-06-09T23:00,21.3,0.00,47,9.6,19.2,0.00,0.00,0.00,0,2,0,2,0,13.6,81,78,28.4,27.7,0,0.00,1013.0,999.2
2023-06-10T00:00,21.1,0.00,48,9.7,19.0,0.00,0.00,0.00,0,1,0,1,0,13.7,89,85,28.1,31.7,0,0.00,1013.0,999.2
2023-06-10T01:00,20.7,0.00,52,10.5,19.1,0.00,0.00,0.00,0,4,0,0,0,12.4,87,82,26.0,28.4,0,0.00,1012.9,999.1
2023-06-10T02:00,19.5,0.00,55,10.2,17.7,0.00,0.00,0.00,0,0,0,0,0,12.4,84,80,27.2,25.6,0,0.00,1012.9,999.1
2023-06-10T03:00,19.1,0.00,56,10.2,17.2,0.00,0.00,0.00,0,0,0,0,0,13.5,77,74,28.5,27.7,0,0.00,1013.1,999.2
2023-06-10T04:00,18.5,0.00,60,10.6,17.0,0.00,0.00,0.00,0,0,0,0,0,11.7,75,72,26.1,27.7,0,0.00,1013.2,999.3
2023-06-10T05:00,18.2,0.00,63,11.0,17.1,0.00,0.00,0.00,0,0,0,0,0,9.2,69,64,22.3,24.5,1,0.00,1013.5,999.6
2023-06-10T06:00,19.4,0.00,62,11.9,19.0,0.00,0.00,0.00,0,0,0,0,0,6.8,74,72,16.9,19.8,1,3600.00,1013.6,999.7
2023-06-10T07:00,21.2,0.00,57,12.4,21.6,0.00,0.00,0.00,0,0,0,0,0,2.3,87,108,6.1,14.4,1,3600.00,1013.8,1000.0
2023-06-10T08:00,22.8,0.00,53,12.8,23.3,0.00,0.00,0.00,0,4,0,4,0,2.1,135,149,3.1,11.2,1,3600.00,1014.1,1000.4
2023-06-10T09:00,24.4,0.00,49,12.8,24.8,0.00,0.00,0.00,0,8,0,8,0,2.9,105,120,4.1,13.3,1,3600.00,1014.0,1000.4
2023-06-10T10:00,26.0,0.00,41,11.8,26.3,0.00,0.00,0.00,1,40,0,40,0,6.8,86,87,9.4,19.1,1,3600.00,1013.9,1000.3
2023-06-10T11:00,26.9,0.00,37,11.1,26.4,0.00,0.00,0.00,1,27,0,27,0,8.8,79,81,11.7,22.7,1,3600.00,1013.5,1000.0
2023-06-10T12:00,27.7,0.00,35,10.7,27.3,0.00,0.00,0.00,1,25,0,25,0,10.9,79,81,14.7,27.4,1,3600.00,1013.1,999.6
2023-06-10T13:00,28.9,0.00,34,11.6,29.0,0.00,0.00,0.00,0,15,0,16,0,11.0,68,67,14.4,29.2,1,3600.00,1012.8,999.4
2023-06-10T14:00,29.2,0.00,31,10.6,28.8,0.00,0.00,0.00,0,7,0,7,0,12.3,86,87,16.2,29.5,1,3600.00,1012.5,999.1
2023-06-10T15:00,29.4,0.00,30,10.1,28.6,0.00,0.00,0.00,0,17,0,17,0,12.4,82,82,16.3,29.5,1,3600.00,1012.1,998.7
2023-06-10T16:00,29.0,0.00,31,10.1,27.7,0.00,0.00,0.00,0,9,0,9,0,12.5,72,72,17.1,29.5,1,3600.00,1011.8,998.4
2023-06-10T17:00,28.8,0.00,32,10.3,26.9,0.00,0.00,0.00,0,6,0,6,0,13.9,66,65,19.3,30.6,1,3600.00,1011.7,998.3
2023-06-10T18:00,27.8,0.00,34,10.4,25.7,0.00,0.00,0.00,1,21,0,21,0,15.3,68,66,22.6,32.8,1,3600.00,1012.1,998.7
2023-06-10T19:00,26.5,0.00,39,11.4,25.0,0.00,0.00,0.00,0,13,0,13,0,13.2,74,73,22.5,33.1,1,3600.00,1012.7,999.2
2023-06-10T20:00,25.1,0.00,44,12.1,24.0,0.00,0.00,0.00,0,17,0,17,0,11.7,83,81,22.5,27.7,1,3164.75,1013.2,999.6
2023-06-10T21:00,23.9,0.00,50,12.7,22.9,0.00,0.00,0.00,0,11,0,11,0,12.6,93,90,24.5,26.3,0,0.00,1014.1,1000.4
2023-06-10T22:00,22.7,0.00,53,12.6,22.1,0.00,0.00,0.00,0,9,0,9,0,10.1,103,96,22.2,26.3,0,0.00,1014.5,1000.8
2023-06-10T23:00,21.5,0.00,58,12.8,21.1,0.00,0.00,0.00,0,6,0,6,0,8.4,93,80,19.8,21.6,0,0.00,1014.7,1000.9
2023-06-11T00:00,20.8,0.00,62,13.1,20.3,0.00,0.00,0.00,0,7,0,7,0,10.2,87,80,23.8,21.6,0,0.00,1014.9,1001.1
2023-06-11T01:00,21.5,0.00,59,13.1,20.2,0.00,0.00,0.00,0,5,0,12,0,15.7,101,99,28.9,27.0,0,0.00,1014.9,1001.1
2023-06-11T02:00,20.4,0.00,63,13.0,19.3,0.00,0.00,0.00,0,3,0,3,0,14.2,99,97,27.3,32.0,0,0.00,1015.0,1001.2
2023-06-11T03:00,19.5,0.00,66,12.9,18.5,0.00,0.00,0.00,0,0,0,0,0,13.3,94,90,26.3,29.2,0,0.00,1015.1,1001.2
2023-06-11T04:00,18.9,0.00,68,12.8,18.0,0.00,0.00,0.00,0,5,0,5,0,12.6,91,88,25.9,26.6,0,0.00,1015.3,1001.4
2023-06-11T05:00,18.8,0.00,68,12.8,17.7,0.00,0.00,0.00,0,11,0,11,0,13.0,93,92,26.0,27.0,1,0.00,1015.6,1001.7
2023-06-11T06:00,19.7,0.00,65,13.1,18.8,0.00,0.00,0.00,1,21,0,21,0,12.7,98,98,25.5,29.2,1,3600.00,1015.8,1001.9
2023-06-11T07:00,21.0,0.00,62,13.5,20.2,0.00,0.00,0.00,0,10,0,10,0,12.6,102,103,19.1,28.4,1,3600.00,1015.9,1002.1
2023-06-11T08:00,22.6,0.00,57,13.5,21.8,0.00,0.00,0.00,0,7,0,7,0,13.3,102,103,19.1,30.6,1,3600.00,1016.4,1002.7
2023-06-11T09:00,24.5,0.00,45,11.9,22.8,0.00,0.00,0.00,0,6,0,6,0,15.3,105,105,22.0,34.9,1,3600.00,1016.3,1002.6
2023-06-11T10:00,26.0,0.00,38,10.7,24.7,0.00,0.00,0.00,0,0,0,0,0,15.0,107,107,21.1,35.6,1,3600.00,1016.1,1002.5
2023-06-11T11:00,27.3,0.00,31,8.7,25.8,0.00,0.00,0.00,0,0,0,0,0,16.5,101,101,22.7,37.4,1,3600.00,1015.8,1002.3
2023-06-11T12:00,28.1,0.00,26,6.8,26.5,0.00,0.00,0.00,0,0,0,0,0,16.7,97,96,23.2,38.9,1,3600.00,1015.6,1002.1
2023-06-11T13:00,28.9,0.00,25,7.0,27.5,0.00,0.00,0.00,0,0,0,0,0,16.6,88,88,22.3,38.5,1,3600.00,1015.4,1002.0
2023-06-11T14:00,28.8,0.00,26,7.3,27.4,0.00,0.00,0.00,0,0,0,0,0,15.9,87,86,21.6,37.8,1,3600.00,1015.0,1001.6
2023-06-11T15:00,28.9,0.00,26,7.4,27.2,0.00,0.00,0.00,0,0,0,0,0,15.2,85,85,21.3,36.7,1,3600.00,1014.7,1001.3
2023-06-11T16:00,28.7,0.00,25,7.0,26.4,0.00,0.00,0.00,0,0,0,0,0,15.1,91,93,21.2,35.6,1,3600.00,1014.0,1000.6
2023-06-11T17:00,29.0,0.00,25,7.3,26.7,0.00,0.00,0.00,0,2,0,2,0,11.3,113,117,15.6,34.2,1,3600.00,1013.3,999.9
2023-06-11T18:00,28.1,0.00,26,6.7,24.8,0.00,0.00,0.00,1,46,0,46,0,16.6,127,129,24.7,35.3,1,3600.00,1013.4,999.9
2023-06-11T19:00,26.8,0.00,26,5.4,23.5,0.00,0.00,0.00,0,2,0,2,0,14.5,108,109,25.4,38.9,1,3600.00,1013.8,1000.3
2023-06-11T20:00,25.0,0.00,28,5.3,22.2,0.00,0.00,0.00,0,0,0,0,0,10.8,90,86,23.0,30.6,1,3200.97,1014.0,1000.4
2023-06-11T21:00,23.4,0.00,30,5.0,20.4,0.00,0.00,0.00,0,0,0,0,0,11.6,89,85,26.6,23.4,0,0.00,1014.5,1000.8
2023-06-11T22:00,23.1,0.00,32,5.4,19.8,0.00,0.00,0.00,0,0,0,0,0,14.8,99,96,30.2,30.6,0,0.00,1014.9,1001.2
2023-06-11T23:00,22.2,0.00,36,6.3,19.0,0.00,0.00,0.00,0,0,0,0,0,15.5,97,94,31.5,31.0,0,0.00,1015.0,1001.3
2023-06-12T00:00,21.4,0.00,39,6.7,18.1,0.00,0.00,0.00,0,0,0,0,0,16.8,102,100,31.7,35.6,0,0.00,1015.4,1001.6
2023-06-12T01:00,20.4,0.00,44,7.6,17.7,0.00,0.00,0.00,0,0,0,0,0,14.1,108,103,28.8,34.2,0,0.00,1014.9,1001.1
2023-06-12T02:00,19.4,0.00,46,7.5,16.8,0.00,0.00,0.00,0,0,0,0,0,13.0,101,96,27.5,28.4,0,0.00,1014.8,1000.9
2023-06-12T03:00,18.7,0.00,48,7.5,16.3,0.00,0.00,0.00,0,0,0,0,0,12.0,99,99,26.6,26.6,0,0.00,1014.8,1000.9
2023-06-12T04:00,18.1,0.00,51,7.8,15.9,0.00,0.00,0.00,0,0,0,0,0,11.2,96,96,25.3,24.5,0,0.00,1015.1,1001.2
2023-06-12T05:00,17.9,0.00,54,8.5,16.0,0.00,0.00,0.00,0,0,0,0,0,10.1,95,92,23.9,23.0,1,0.00,1015.4,1001.5
2023-06-12T06:00,18.9,0.00,55,9.6,17.4,0.00,0.00,0.00,0,0,0,0,0,9.4,96,90,19.6,20.9,1,3600.00,1015.8,1001.9
2023-06-12T07:00,20.5,0.00,53,10.5,19.3,0.00,0.00,0.00,0,0,0,0,0,9.1,100,99,14.6,20.9,1,3600.00,1016.0,1002.2
2023-06-12T08:00,22.1,0.00,50,11.2,20.8,0.00,0.00,0.00,0,0,0,0,0,11.5,104,104,16.7,27.0,1,3600.00,1016.1,1002.3
2023-06-12T09:00,23.7,0.00,46,11.5,22.5,0.00,0.00,0.00,0,0,0,0,0,11.5,103,104,15.9,28.1,1,3600.00,1016.0,1002.3
2023-06-12T10:00,25.1,0.00,42,11.3,24.5,0.00,0.00,0.00,0,7,7,0,0,12.6,94,95,17.0,30.2,1,3600.00,1015.6,1002.0
2023-06-12T11:00,26.2,0.00,37,10.4,25.8,0.00,0.00,0.00,0,14,8,6,2,13.3,88,88,18.0,32.4,1,3600.00,1015.3,1001.7
2023-06-12T12:00,26.9,0.00,34,9.8,26.3,0.00,0.00,0.00,1,29,20,11,1,13.7,90,90,18.4,32.8,1,3600.00,1015.0,1001.5
2023-06-12T13:00,27.2,0.00,33,9.5,26.7,0.00,0.00,0.00,1,24,0,23,0,13.3,89,88,17.6,32.8,1,3600.00,1014.6,1001.1
2023-06-12T14:00,27.4,0.00,31,8.9,26.5,0.00,0.00,0.00,1,45,16,35,0,12.3,85,85,16.3,31.7,1,3600.00,1014.1,1000.6
2023-06-12T15:00,27.8,0.00,29,8.1,26.4,0.00,0.00,0.00,1,20,3,17,0,11.9,87,87,15.9,29.9,1,3600.00,1013.7,1000.2
2023-06-12T16:00,27.9,0.00,28,7.5,25.8,0.00,0.00,0.00,0,10,3,7,0,13.4,84,85,18.1,30.6,1,3600.00,1013.2,999.7
2023-06-12T17:00,27.5,0.00,26,6.5,24.3,0.00,0.00,0.00,0,9,0,9,0,15.4,79,79,21.7,34.2,1,3600.00,1012.9,999.4
2023-06-12T18:00,27.0,0.00,26,6.0,23.8,0.00,0.00,0.00,0,3,0,3,0,14.7,80,79,22.0,34.2,1,3600.00,1012.5,999.0
2023-06-12T19:00,25.8,0.00,30,7.0,23.2,0.00,0.00,0.00,0,0,0,0,0,12.3,84,83,22.1,31.7,1,3600.00,1012.7,999.2
2023-06-12T20:00,23.9,0.00,34,7.2,21.8,0.00,0.00,0.00,0,0,0,0,0,9.5,86,81,20.6,26.6,1,3235.37,1012.7,999.1
2023-06-12T21:00,22.0,0.00,38,7.2,19.9,0.00,0.00,0.00,0,0,0,0,0,9.5,74,65,22.5,20.5,0,0.00,1013.3,999.6
2023-06-12T22:00,22.1,0.00,35,6.0,18.6,0.00,0.00,0.00,0,0,0,0,0,17.0,91,84,32.0,34.2,0,0.00,1013.5,999.8
2023-06-12T23:00,21.2,0.00,37,5.8,18.1,0.00,0.00,0.00,0,0,0,0,0,14.4,99,94,28.5,35.3,0,0.00,1013.7,999.9
2023-06-13T00:00,20.1,0.00,40,6.0,16.7,0.00,0.00,0.00,0,0,0,0,0,16.6,93,89,31.7,33.1,0,0.00,1014.0,1000.2
2023-06-13T01:00,19.5,0.00,45,7.1,16.5,0.00,0.00,0.00,0,0,0,0,0,15.1,91,87,29.5,35.6,0,0.00,1013.6,999.7
2023-06-13T02:00,17.9,0.00,50,7.2,15.1,0.00,0.00,0.00,0,0,0,0,0,13.8,89,83,28.4,31.0,0,0.00,1013.5,999.6
2023-06-13T03:00,17.0,0.00,53,7.3,14.2,0.00,0.00,0.00,0,0,0,0,0,13.8,87,81,28.5,28.4,0,0.00,1013.2,999.2
2023-06-13T04:00,16.4,0.00,55,7.2,13.5,0.00,0.00,0.00,0,0,0,0,0,14.9,86,82,29.6,29.9,0,0.00,1013.2,999.2
2023-06-13T05:00,16.1,0.00,56,7.4,13.2,0.00,0.00,0.00,0,0,0,0,0,15.5,89,85,29.9,31.7,1,0.00,1013.4,999.4
2023-06-13T06:00,17.0,0.00,55,7.8,14.4,0.00,0.00,0.00,0,0,0,0,0,13.3,96,93,28.6,32.4,1,3600.00,1013.7,999.7
2023-06-13T07:00,18.4,0.00,50,7.8,16.0,0.00,0.00,0.00,0,0,0,0,0,12.7,99,98,19.7,28.4,1,3600.00,1014.2,1000.3
2023-06-13T08:00,20.0,0.00,42,6.7,16.9,0.00,0.00,0.00,0,0,0,0,0,15.0,101,100,21.6,33.1,1,3600.00,1013.8,1000.0
2023-06-13T09:00,21.4,0.00,32,4.1,17.6,0.00,0.00,0.00,0,0,0,0,0,17.4,97,96,24.6,38.9,1,3600.00,1013.7,999.9
2023-06-13T10:00,22.8,0.00,28,3.1,19.6,0.00,0.00,0.00,0,0,0,0,0,16.6,91,90,23.4,38.9,1,3600.00,1013.5,999.8
2023-06-13T11:00,24.0,0.00,27,3.6,21.6,0.00,0.00,0.00,0,0,0,0,0,15.9,88,87,22.0,38.2,1,3600.00,1013.1,999.5
2023-06-13T12:00,25.0,0.00,28,5.0,23.3,0.00,0.00,0.00,0,0,0,0,0,15.5,86,85,20.9,37.1,1,3600.00,1012.6,999.0
2023-06-13T13:00,26.0,0.00,28,5.9,24.9,0.00,0.00,0.00,0,0,0,0,0,13.8,81,81,18.2,36.4,1,3600.00,1012.2,998.7
2023-06-13T14:00,26.3,0.00,26,5.4,25.0,0.00,0.00,0.00,0,0,0,0,0,13.8,74,75,18.7,33.5,1,3600.00,1011.6,998.1
2023-06-13T15:00,26.5,0.00,25,4.7,24.6,0.00,0.00,0.00,0,0,0,0,0,13.9,74,73,19.1,33.8,1,3600.00,1011.1,997.6
2023-06-13T16:00,26.6,0.00,24,4.4,24.0,0.00,0.00,0.00,0,0,0,0,0,14.0,72,72,18.9,33.1,1,3600.00,1010.6,997.1
2023-06-13T17:00,26.3,0.00,23,3.6,22.5,0.00,0.00,0.00,0,0,0,0,0,15.5,66,65,21.6,34.6,1,3600.00,1010.4,996.9
2023-06-13T18:00,25.6,0.00,24,3.4,22.0,0.00,0.00,0.00,0,0,0,0,0,14.5,64,63,21.3,34.2,1,3600.00,1010.4,996.9
2023-06-13T19:00,24.7,0.00,25,3.1,21.2,0.00,0.00,0.00,0,0,0,0,0,13.0,59,56,22.3,31.0,1,3600.00,1010.5,996.9
2023-06-13T20:00,22.5,0.00,30,4.2,20.1,0.00,0.00,0.00,0,0,0,0,0,7.1,66,60,17.7,27.4,1,3267.91,1010.8,997.1
2023-06-13T21:00,19.1,0.00,43,6.3,17.2,0.00,0.00,0.00,0,0,0,0,0,6.2,71,54,9.9,15.1,0,0.00,1011.2,997.4
2023-06-13T22:00,19.1,0.00,38,4.5,16.2,0.00,0.00,0.00,0,0,0,0,0,10.7,52,50,21.0,19.8,0,0.00,1011.6,997.8
2023-06-13T23:00,20.4,0.00,34,3.9,16.4,0.00,0.00,0.00,0,17,17,0,0,17.1,76,72,33.0,34.2,0,0.00,1012.0,998.2
2023-06-14T00:00,20.0,0.00,35,4.2,16.2,0.00,0.00,0.00,2,66,66,0,0,15.9,87,84,31.4,36.0,0,0.00,1012.1,998.3
2023-06-14T01:00,19.5,0.00,42,6.2,16.3,0.00,0.00,0.00,1,22,0,0,0,14.8,78,77,30.1,33.1,0,0.00,1012.1,998.3
2023-06-14T02:00,18.4,0.00,46,6.4,15.4,0.00,0.00,0.00,0,0,0,0,0,13.9,80,80,29.2,29.5,0,0.00,1012.0,998.1
2023-06-14T03:00,17.6,0.00,48,6.6,14.7,0.00,0.00,0.00,0,0,0,0,0,13.8,73,75,28.6,28.1,0,0.00,1012.2,998.3
2023-06-14T04:00,17.0,0.00,51,6.9,14.5,0.00,0.00,0.00,0,0,0,0,0,11.5,68,70,26.0,27.4,0,0.00,1012.5,998.5
2023-06-14T05:00,16.3,0.00,55,7.3,14.6,0.00,0.00,0.00,0,0,0,0,0,6.8,66,72,19.7,23.8,1,0.00,1012.9,998.9
2023-06-14T06:00,17.3,0.00,55,8.0,16.2,0.00,0.00,0.00,0,0,0,0,0,4.0,71,80,13.0,15.1,1,3600.00,1013.4,999.4
2023-06-14T07:00,18.3,0.00,53,8.4,17.2,0.00,0.00,0.00,0,0,0,0,0,4.4,79,81,7.3,13.0,1,3600.00,1013.9,1000.0
2023-06-14T08:00,19.9,0.00,48,8.7,18.2,0.00,0.00,0.00,0,0,0,0,0,8.7,73,73,12.4,21.6,1,3600.00,1014.4,1000.6
2023-06-14T09:00,21.6,0.00,42,8.1,19.6,0.00,0.00,0.00,0,0,0,0,0,10.1,74,73,14.2,25.6,1,3600.00,1014.6,1000.8
2023-06-14T10:00,22.7,0.00,36,7.1,21.2,0.00,0.00,0.00,0,0,0,0,0,10.8,62,60,14.3,27.0,1,3600.00,1014.5,1000.8
2023-06-14T11:00,23.8,0.00,33,6.7,22.6,0.00,0.00,0.00,1,39,0,38,2,12.3,52,50,15.9,30.2,1,3600.00,1014.6,1000.9
2023-06-14T12:00,24.1,0.00,31,6.1,22.3,0.00,0.00,0.00,2,63,0,63,0,12.3,55,52,16.3,30.6,1,3600.00,1014.5,1000.9
2023-06-14T13:00,24.8,0.00,30,6.0,23.4,0.00,0.00,0.00,3,100,0,100,0,9.5,40,37,12.3,31.0,1,3600.00,1014.3,1000.7
2023-06-14T14:00,24.7,0.00,29,5.7,22.4,0.00,0.00,0.00,3,89,0,89,0,11.7,49,47,15.3,28.8,1,3600.00,1014.2,1000.6
2023-06-14T15:00,24.9,0.00,29,5.8,22.4,0.00,0.00,0.00,2,74,0,74,0,11.3,55,53,15.0,29.5,1,3600.00,1014.2,1000.6
2023-06-14T16:00,24.8,0.00,29,5.8,22.1,0.00,0.00,0.00,3,100,0,100,0,11.2,59,57,15.2,27.0,1,3600.00,1014.1,1000.5
2023-06-14T17:00,24.4,0.00,31,6.0,21.4,0.00,0.00,0.00,3,100,0,100,0,13.6,61,58,19.0,30.2,1,3600.00,1014.2,1000.6
2023-06-14T18:00,23.9,0.00,32,6.2,21.0,0.00,0.00,0.00,3,100,0,100,0,12.8,60,58,18.2,30.6,1,3600.00,1014.5,1000.8
2023-06-14T19:00,23.4,0.00,32,5.8,21.1,0.00,0.00,0.00,2,54,0,54,0,8.6,59,57,14.7,27.0,1,2463.12,1014.8,1001.1
2023-06-14T20:00,21.9,0.00,36,6.1,19.9,0.00,0.00,0.00,3,99,0,99,0,6.6,52,45,15.6,18.7,1,2253.52,1015.2,1001.4
2023-06-14T21:00,21.6,0.00,36,5.7,19.0,0.00,0.00,0.00,3,99,0,99,0,10.3,62,54,20.5,20.5,0,0.00,1015.8,1002.0
2023-06-14T22:00,20.9,0.00,37,5.7,18.1,0.00,0.00,0.00,2,73,0,73,0,11.6,71,68,22.4,23.8,0,0.00,1016.0,1002.2
2023-06-14T23:00,19.6,0.00,41,5.9,16.7,0.00,0.00,0.00,0,1,0,1,0,12.9,63,63,25.9,25.9,0,0.00,1016.2,1002.3
2023-06-15T00:00,18.6,0.00,46,6.7,15.4,0.00,0.00,0.00,0,0,0,0,0,15.8,72,73,29.8,32.0,0,0.00,1016.5,1002.6
2023-06-15T01:00,18.2,0.00,50,7.6,15.1,0.00,0.00,0.00,0,1,0,12,0,16.5,77,79,31.1,32.0,0,0.00,1016.5,1002.5
2023-06-15T02:00,17.5,0.00,53,7.7,14.8,0.00,0.00,0.00,1,24,0,24,0,14.3,81,78,29.2,33.5,0,0.00,1016.6,1002.6
2023-06-15T03:00,16.6,0.00,56,7.9,14.6,0.00,0.00,0.00,0,1,0,1,0,9.9,79,71,24.2,29.5,0,0.00,1016.5,1002.5
2023-06-15T04:00,15.0,0.00,64,8.3,13.7,0.00,0.00,0.00,0,9,0,9,0,5.8,78,60,18.0,21.2,0,0.00,1016.7,1002.6
2023-06-15T05:00,14.3,0.00,75,10.0,13.5,0.00,0.00,0.00,0,8,0,8,0,5.9,75,38,12.3,13.0,1,0.00,1017.3,1003.2
2023-06-15T06:00,16.4,0.00,64,9.5,15.8,0.00,0.00,0.00,0,10,0,10,0,3.2,73,360,9.8,10.4,1,3600.00,1017.7,1003.6
2023-06-15T07:00,18.2,0.00,58,9.7,17.6,0.00,0.00,0.00,0,10,0,10,0,3.6,55,37,5.7,11.5,1,3600.00,1018.1,1004.1
2023-06-15T08:00,20.1,0.00,53,10.2,19.4,0.00,0.00,0.00,0,1,0,1,0,5.2,63,56,7.2,15.5,1,3600.00,1018.1,1004.2
2023-06-15T09:00,22.1,0.00,46,9.8,21.2,0.00,0.00,0.00,0,0,0,0,0,6.0,67,65,8.2,18.0,1,3600.00,1018.1,1004.3
2023-06-15T10:00,23.5,0.00,38,8.3,23.1,0.00,0.00,0.00,1,23,0,23,0,6.1,49,45,8.2,19.1,1,3600.00,1017.8,1004.1
2023-06-15T11:00,24.3,0.00,35,7.8,23.7,0.00,0.00,0.00,1,33,0,32,2,7.0,37,35,9.0,20.5,1,3600.00,1017.7,1004.0
2023-06-15T12:00,25.1,0.00,33,7.5,24.7,0.00,0.00,0.00,0,19,0,19,1,6.5,36,34,8.5,20.9,1,3600.00,1017.5,1003.9
2023-06-15T13:00,26.1,0.00,27,5.7,26.4,0.00,0.00,0.00,1,37,0,97,0,2.9,338,330,3.9,23.4,1,3600.00,1017.0,1003.4
2023-06-15T14:00,26.0,0.00,27,5.6,24.1,0.00,0.00,0.00,2,75,0,75,0,7.6,356,352,9.7,20.2,1,3600.00,1016.6,1003.0
2023-06-15T15:00,25.4,0.00,29,6.2,22.7,0.00,0.00,0.00,0,9,0,9,0,12.0,9,7,15.7,27.7,1,3600.00,1016.5,1002.9
2023-06-15T16:00,26.1,0.00,28,6.0,23.7,0.00,0.00,0.00,0,12,0,12,0,11.9,4,2,15.5,29.2,1,3600.00,1016.3,1002.7
2023-06-15T17:00,25.5,0.00,29,6.2,22.6,0.00,0.00,0.00,0,11,0,10,0,13.3,359,358,18.4,30.6,1,3600.00,1016.2,1002.6
2023-06-15T18:00,24.6,0.00,31,6.3,21.9,0.00,0.00,0.00,1,22,0,22,0,12.3,7,7,17.4,30.6,1,3600.00,1016.3,1002.7
2023-06-15T19:00,23.8,0.00,33,6.6,21.6,0.00,0.00,0.00,0,16,0,16,0,9.0,5,2,15.9,27.0,1,3600.00,1016.5,1002.8
2023-06-15T20:00,21.2,0.00,49,10.2,20.4,0.00,0.00,0.00,0,9,0,9,0,5.8,5,4,11.6,19.1,1,3326.99,1016.8,1003.0
2023-06-15T21:00,19.2,0.00,51,8.7,17.9,0.00,0.00,0.00,0,7,0,7,0,6.4,40,47,8.4,10.8,0,0.00,1017.0,1003.1
2023-06-15T22:00,18.4,0.00,51,8.1,17.3,0.00,0.00,0.00,0,11,0,11,0,4.4,50,55,6.1,9.7,0,0.00,1017.1,1003.2
2023-06-15T23:00,17.6,0.00,53,7.8,16.3,0.00,0.00,0.00,0,2,0,2,0,4.9,12,36,10.7,9.4,0,0.00,1017.2,1003.2
2023-06-16T00:00,16.4,0.00,55,7.4,14.7,0.00,0.00,0.00,0,0,0,0,0,6.9,23,43,13.7,11.5,0,0.00,1017.1,1003.1
2023-06-16T01:00,16.3,0.00,63,9.2,15.1,0.00,0.00,0.00,0,0,0,26,0,6.6,90,119,8.6,12.2,0,0.00,1017.3,1003.2
2023-06-16T02:00,17.5,0.00,50,7.0,16.4,0.00,0.00,0.00,1,20,0,20,0,2.5,69,82,3.1,9.7,0,0.00,1017.1,1003.1
2023-06-16T03:00,15.2,0.00,61,7.7,14.3,0.00,0.00,0.00,0,13,0,13,0,2.2,304,90,1.3,4.3,0,0.00,1017.0,1002.9
2023-06-16T04:00,13.8,0.00,67,7.9,12.4,0.00,0.00,0.00,1,21,1,20,0,5.6,358,40,8.3,8.3,0,0.00,1017.1,1002.9
2023-06-16T05:00,14.2,0.00,69,8.5,12.9,0.00,0.00,0.00,0,0,0,0,0,6.0,20,57,11.5,10.8,1,0.00,1017.2,1003.0
2023-06-16T06:00,16.4,0.00,59,8.5,15.7,0.00,0.00,0.00,0,2,0,2,0,2.3,23,39,5.5,9.7,1,3600.00,1017.4,1003.4
2023-06-16T07:00,18.4,0.00,55,9.2,17.9,0.00,0.00,0.00,0,2,2,1,0,2.2,315,270,2.0,9.0,1,3600.00,1017.6,1003.6
2023-06-16T08:00,20.2,0.00,51,9.9,19.6,0.00,0.00,0.00,0,1,1,0,0,4.1,291,285,5.0,14.0,1,3600.00,1018.0,1004.1
2023-06-16T09:00,22.0,0.00,47,10.1,21.0,0.00,0.00,0.00,0,4,4,0,0,7.1,299,294,9.0,19.8,1,3600.00,1018.0,1004.2
2023-06-16T10:00,23.7,0.00,39,8.8,22.7,0.00,0.00,0.00,0,10,0,10,0,9.4,320,317,12.3,24.5,1,3600.00,1017.7,1004.0
2023-06-16T11:00,24.7,0.00,32,6.8,23.1,0.00,0.00,0.00,0,14,0,14,0,11.6,332,330,15.5,28.4,1,3600.00,1017.6,1003.9
2023-06-16T12:00,25.0,0.00,31,6.8,23.3,0.00,0.00,0.00,0,13,0,13,0,13.8,333,332,18.2,32.8,1,3600.00,1017.4,1003.8
2023-06-16T13:00,26.3,0.00,28,6.2,25.3,0.00,0.00,0.00,0,9,0,0,0,11.5,319,319,14.8,34.2,1,3600.00,1017.0,1003.4
2023-06-16T14:00,26.7,0.00,27,6.3,25.5,0.00,0.00,0.00,0,6,0,6,0,13.0,318,318,16.8,31.7,1,3600.00,1016.5,1002.9
2023-06-16T15:00,26.9,0.00,27,6.5,25.5,0.00,0.00,0.00,0,1,0,1,0,11.4,326,325,15.3,31.7,1,3600.00,1016.0,1002.5
2023-06-16T16:00,26.9,0.00,27,6.5,24.8,0.00,0.00,0.00,1,26,0,26,0,12.8,339,338,17.0,29.5,1,3600.00,1015.8,1002.3
2023-06-16T17:00,26.0,0.00,28,6.3,23.0,0.00,0.00,0.00,0,12,0,11,0,14.5,345,346,20.1,32.4,1,3600.00,1015.7,1002.1
2023-06-16T18:00,25.3,0.00,30,6.6,22.6,0.00,0.00,0.00,0,6,0,6,0,12.4,350,350,17.9,32.4,1,3600.00,1015.5,1001.9
2023-06-16T19:00,24.3,0.00,34,7.4,22.0,0.00,0.00,0.00,0,18,0,18,0,10.9,9,6,18.9,27.4,1,3600.00,1015.9,1002.2
2023-06-16T20:00,22.5,0.00,40,8.1,20.8,0.00,0.00,0.00,0,14,0,14,0,7.8,21,22,17.8,23.8,1,3353.37,1016.2,1002.5
2023-06-16T21:00,19.7,0.00,49,8.8,18.6,0.00,0.00,0.00,0,15,0,15,0,5.4,26,37,11.6,16.2,0,0.00,1016.6,1002.7
2023-06-16T22:00,18.6,0.00,53,8.9,17.6,0.00,0.00,0.00,0,10,0,10,0,4.5,55,76,8.8,10.1,0,0.00,1016.7,1002.8
2023-06-16T23:00,17.5,0.00,57,8.9,16.1,0.00,0.00,0.00,0,9,0,9,0,7.4,123,113,13.3,13.0,0,0.00,1016.8,1002.8
2023-06-17T00:00,16.6,0.00,64,9.8,15.6,0.00,0.00,0.00,0,2,0,2,0,6.6,138,112,15.0,15.5,0,0.00,1016.7,1002.7
2023-06-17T01:00,16.0,0.00,64,9.1,15.0,0.00,0.00,0.00,0,0,0,0,0,5.4,97,110,12.7,12.6,0,0.00,1016.4,1002.3
2023-06-17T02:00,14.0,0.00,72,9.0,13.0,0.00,0.00,0.00,0,0,0,0,0,5.3,123,118,11.2,12.2,0,0.00,1016.3,1002.2
2023-06-17T03:00,14.0,0.00,72,9.1,12.9,0.00,0.00,0.00,0,0,0,0,0,6.2,130,97,11.2,11.5,0,0.00,1016.0,1001.9
2023-06-17T04:00,13.0,0.00,79,9.4,12.2,0.00,0.00,0.00,0,0,0,0,0,4.7,125,86,8.8,12.2,0,0.00,1015.9,1001.7
2023-06-17T05:00,13.1,0.00,80,9.8,12.7,0.00,0.00,0.00,0,0,0,0,0,2.9,108,83,3.4,8.3,1,0.00,1016.0,1001.8
2023-06-17T06:00,15.6,0.00,74,10.9,15.5,0.00,0.00,0.00,0,0,0,0,0,2.5,45,98,1.0,6.8,1,3600.00,1016.2,1002.1
2023-06-17T07:00,18.9,0.00,63,11.6,19.3,0.00,0.00,0.00,0,0,0,0,0,0.5,315,225,1.5,6.8,1,3600.00,1016.3,1002.4
2023-06-17T08:00,21.3,0.00,55,11.9,21.6,0.00,0.00,0.00,0,0,0,0,0,1.5,304,284,1.3,10.1,1,3600.00,1016.4,1002.6
2023-06-17T09:00,23.5,0.00,47,11.5,23.5,0.00,0.00,0.00,0,6,6,0,0,3.3,281,276,3.7,13.3,1,3600.00,1016.4,1002.7
2023-06-17T10:00,25.1,0.00,36,9.0,24.7,0.00,0.00,0.00,0,0,0,0,0,6.3,286,283,7.9,19.4,1,3600.00,1016.0,1002.4
2023-06-17T11:00,26.2,0.00,29,6.8,25.8,0.00,0.00,0.00,0,4,4,0,0,7.8,293,292,9.4,22.0,1,3600.00,1015.7,1002.1
2023-06-17T12:00,27.1,0.00,25,5.5,26.7,0.00,0.00,0.00,0,0,0,0,0,8.4,297,295,10.9,23.8,1,3600.00,1015.3,1001.8
2023-06-17T13:00,27.5,0.00,26,6.3,27.4,0.00,0.00,0.00,2,65,15,3,0,7.7,297,298,9.7,24.8,1,3600.00,1015.0,1001.5
2023-06-17T14:00,27.7,0.00,26,6.2,27.6,0.00,0.00,0.00,0,7,7,0,0,7.2,298,297,9.3,22.3,1,3600.00,1014.5,1001.0
2023-06-17T15:00,27.8,0.00,26,6.3,27.3,0.00,0.00,0.00,0,9,4,6,0,6.4,315,317,8.1,21.2,1,3600.00,1014.1,1000.6
2023-06-17T16:00,27.8,0.00,25,6.0,26.5,0.00,0.00,0.00,2,75,71,13,0,5.8,357,4,7.2,19.4,1,3600.00,1013.8,1000.3
2023-06-17T17:00,27.7,0.00,24,5.4,25.7,0.00,0.00,0.00,3,100,100,3,0,5.9,39,43,7.4,17.3,1,3600.00,1013.4,999.9
2023-06-17T18:00,27.5,0.00,25,5.7,26.0,0.00,0.00,0.00,3,100,100,36,0,2.4,40,63,2.8,15.5,1,3600.00,1013.1,999.6
2023-06-17T19:00,27.2,0.00,26,6.3,25.9,0.00,0.00,0.00,3,100,100,52,0,2.3,194,162,1.5,7.2,1,3137.32,1013.1,999.6
2023-06-17T20:00,24.2,0.00,44,11.3,23.8,0.00,0.00,0.00,2,77,77,2,0,4.9,148,126,3.4,6.1,1,3054.56,1013.1,999.5
2023-06-17T21:00,21.4,0.00,39,7.1,19.9,0.00,0.00,0.00,1,39,39,0,0,5.4,173,138,6.2,9.4,0,0.00,1013.5,999.7
2023-06-17T22:00,20.3,0.00,40,6.2,18.4,0.00,0.00,0.00,3,95,95,0,0,6.5,111,87,12.0,11.9,0,0.00,1013.9,1000.1
2023-06-17T23:00,19.7,0.00,39,5.5,17.3,0.00,0.00,0.00,0,9,9,0,0,8.7,82,83,20.0,17.6,0,0.00,1014.1,1000.3
2023-06-18T00:00,18.5,0.00,41,5.1,16.3,0.00,0.00,0.00,0,12,12,0,0,6.5,98,109,16.0,16.9,0,0.00,1014.2,1000.3
2023-06-18T01:00,16.9,0.00,61,9.5,15.7,0.00,0.00,0.00,1,24,0,2,0,7.1,158,114,9.7,14.0,0,0.00,1014.2,1000.2
2023-06-18T02:00,16.7,0.00,58,8.5,15.2,0.00,0.00,0.00,1,42,42,0,0,7.9,122,93,13.6,15.1,0,0.00,1013.9,999.9
2023-06-18T03:00,16.2,0.00,59,8.3,14.5,0.00,0.00,0.00,3,94,94,0,0,8.5,116,102,16.4,16.6,0,0.00,1013.9,999.9
2023-06-18T04:00,16.0,0.00,59,7.9,14.1,0.00,0.00,0.00,2,65,65,0,0,8.9,116,111,19.6,17.6,0,0.00,1013.9,999.9
2023-06-18T05:00,15.7,0.00,62,8.3,14.0,0.00,0.00,0.00,1,30,30,0,0,8.2,121,113,19.4,16.9,1,0.00,1014.0,1000.0
2023-06-18T06:00,17.2,0.00,59,9.2,15.6,0.00,0.00,0.00,2,63,63,0,0,9.2,117,111,19.8,18.0,1,3600.00,1013.9,999.9
2023-06-18T07:00,19.6,0.00,55,10.4,18.8,0.00,0.00,0.00,3,86,86,0,0,6.4,115,106,17.1,18.4,1,3600.00,1014.5,1000.6
2023-06-18T08:00,22.3,0.00,48,10.8,21.7,0.00,0.00,0.00,2,74,74,0,0,6.2,109,111,9.9,16.9,1,3600.00,1014.3,1000.6
2023-06-18T09:00,25.1,0.00,40,10.7,24.4,0.00,0.00,0.00,1,37,37,0,0,6.1,115,118,8.4,17.3,1,3600.00,1014.2,1000.6
2023-06-18T10:00,27.3,0.00,34,10.2,27.5,0.00,0.00,0.00,1,35,35,0,0,5.4,139,143,7.1,17.6,1,3600.00,1013.7,1000.2
2023-06-18T11:00,28.8,0.00,28,8.7,29.3,0.00,0.00,0.00,3,83,83,0,0,4.6,158,162,5.8,17.3,1,3600.00,1013.4,1000.0
2023-06-18T12:00,29.6,0.00,27,8.6,30.6,0.00,0.00,0.00,3,100,100,0,0,4.6,155,162,6.0,16.6,1,3600.00,1012.9,999.5
2023-06-18T13:00,30.0,0.00,26,8.4,30.7,0.00,0.00,0.00,3,100,59,15,0,5.2,151,155,6.6,16.9,1,3600.00,1012.6,999.2
2023-06-18T14:00,30.5,0.00,26,8.8,31.3,0.00,0.00,0.00,0,16,7,10,0,5.7,145,145,7.5,18.4,1,3600.00,1011.8,998.5
2023-06-18T15:00,30.8,0.00,26,9.0,30.7,0.00,0.00,0.00,0,14,14,1,0,7.9,138,141,10.7,21.6,1,3600.00,1011.0,997.7
2023-06-18T16:00,30.9,0.00,26,9.0,30.4,0.00,0.00,0.00,3,90,90,4,0,6.4,137,133,8.4,21.6,1,3600.00,1010.8,997.5
2023-06-18T17:00,30.7,0.00,26,9.1,29.3,0.00,0.00,0.00,3,100,100,39,0,7.6,116,109,10.0,18.4,1,3600.00,1010.5,997.2
2023-06-18T18:00,30.3,0.00,26,8.8,28.7,0.00,0.00,0.00,3,100,100,92,0,9.1,100,97,14.3,21.6,1,3600.00,1010.2,996.9
2023-06-18T19:00,29.1,0.00,28,8.8,27.1,0.00,0.00,0.00,3,100,78,100,0,11.2,100,94,21.5,24.5,1,1379.02,1010.0,996.6
2023-06-18T20:00,27.6,0.00,31,8.9,26.1,0.00,0.00,0.00,3,100,100,97,0,8.3,92,88,19.1,23.8,1,0.00,1010.3,996.9
2023-06-18T21:00,26.4,0.00,32,8.6,24.8,0.00,0.00,0.00,3,100,96,100,0,8.6,101,105,20.9,18.4,0,0.00,1011.1,997.6
2023-06-18T22:00,25.0,0.00,40,10.6,24.5,0.00,0.00,0.00,3,100,100,100,0,4.7,122,148,12.8,18.0,0,0.00,1011.9,998.3
2023-06-18T23:00,23.9,0.00,48,12.3,24.1,0.00,0.00,0.00,3,100,100,100,0,3.4,79,18,5.9,9.7,0,0.00,1011.8,998.2
2023-06-19T00:00,24.3,0.00,39,9.3,22.9,0.00,0.00,0.00,3,100,100,38,0,8.3,99,88,17.9,15.8,0,0.00,1011.5,997.9
2023-06-19T01:00,22.0,0.00,63,14.7,22.5,0.00,0.00,0.00,3,93,3,49,0,7.2,230,198,11.8,16.6,0,0.00,1011.4,997.7
2023-06-19T02:00,21.5,0.00,63,14.0,21.1,0.00,0.00,0.00,3,85,79,29,0,11.7,236,227,24.7,23.8,0,0.00,1011.8,998.1
2023-06-19T03:00,20.4,0.00,70,14.8,20.7,0.00,0.00,0.00,0,5,0,5,0,9.1,228,214,20.4,23.8,0,0.00,1012.5,998.7
2023-06-19T04:00,19.5,0.00,77,15.4,19.8,0.00,0.00,0.00,3,100,100,2,0,10.5,237,232,23.7,21.2,0,0.00,1012.9,999.1
2023-06-19T05:00,20.1,0.00,77,16.0,20.0,0.00,0.00,0.00,3,98,98,16,0,14.3,238,236,27.2,29.5,1,0.00,1013.5,999.7
2023-06-19T06:00,20.7,0.00,77,16.5,21.1,0.00,0.00,0.00,3,100,100,37,0,12.3,234,230,21.9,29.9,1,703.14,1013.8,1000.0
2023-06-19T07:00,21.6,0.00,75,17.0,22.3,0.00,0.00,0.00,3,99,98,40,0,11.9,237,235,18.5,27.4,1,3600.00,1014.2,1000.4
2023-06-19T08:00,23.0,0.00,69,16.9,23.3,0.00,0.00,0.00,3,100,100,27,3,14.4,234,233,20.6,31.7,1,3600.00,1014.6,1000.9
2023-06-19T09:00,24.0,0.00,63,16.4,23.6,0.00,0.00,0.00,3,100,97,5,100,17.9,241,240,25.1,40.3,1,3600.00,1014.9,1001.2
2023-06-19T10:00,25.5,0.00,56,16.0,25.3,0.00,0.00,0.00,3,100,100,22,47,15.2,240,239,20.8,39.2,1,3600.00,1014.9,1001.3
2023-06-19T11:00,26.5,0.00,50,15.3,26.5,0.00,0.00,0.00,3,100,99,10,47,13.9,239,239,18.9,34.9,1,3600.00,1014.7,1001.2
2023-06-19T12:00,27.2,0.00,47,14.9,27.5,0.00,0.00,0.00,3,100,100,84,20,12.6,240,239,16.6,32.8,1,3600.00,1014.3,1000.8
2023-06-19T13:00,28.3,0.00,48,16.3,29.9,0.00,0.00,0.00,3,99,100,2,31,7.9,266,270,9.7,29.9,1,3600.00,1013.7,1000.2
2023-06-19T14:00,28.4,0.00,47,16.0,30.2,0.00,0.00,0.00,3,100,100,7,75,6.5,260,264,8.4,22.7,1,3600.00,1013.6,1000.2
2023-06-19T15:00,28.2,0.00,47,15.9,29.8,0.00,0.00,0.00,3,98,93,32,73,3.2,261,270,4.4,20.5,1,1261.81,1013.1,999.7
2023-06-19T16:00,28.3,0.00,47,15.9,29.9,0.00,0.00,0.00,3,99,99,17,10,2.6,297,304,3.2,14.4,1,1589.75,1012.5,999.1
2023-06-19T17:00,28.7,0.00,45,15.7,30.1,0.00,0.00,0.00,3,100,100,87,0,3.9,315,304,4.1,14.0,1,3600.00,1012.2,998.8
2023-06-19T18:00,23.4,0.50,72,18.1,24.4,0.50,0.00,0.00,53,100,99,100,10,13.2,212,206,20.4,33.5,1,0.00,1013.3,999.6
2023-06-19T19:00,22.6,0.60,83,19.6,25.4,0.60,0.00,0.00,53,28,1,27,0,6.0,69,65,8.9,26.3,1,0.00,1013.1,999.4
2023-06-19T20:00,22.5,0.00,85,19.9,25.8,0.00,0.00,0.00,3,88,84,26,0,3.7,69,79,9.2,15.1,1,3418.94,1012.9,999.2
2023-06-19T21:00,21.5,0.00,91,19.9,24.7,0.00,0.00,0.00,3,100,100,29,0,4.0,72,80,9.4,7.6,0,0.00,1013.3,999.5
2023-06-19T22:00,20.5,0.00,94,19.6,23.5,0.00,0.00,0.00,3,100,100,5,0,4.7,80,81,6.2,7.9,0,0.00,1013.3,999.5
2023-06-19T23:00,20.5,0.00,95,19.6,23.6,0.00,0.00,0.00,3,100,100,10,0,4.3,88,85,9.7,8.3,0,0.00,1012.9,999.1
2023-06-20T00:00,19.9,0.00,95,19.0,22.6,0.00,0.00,0.00,3,100,100,4,0,4.7,95,90,12.3,9.7,0,0.00,1012.3,998.5
2023-06-20T01:00,21.2,0.00,88,19.2,22.9,0.00,0.00,0.00,3,100,100,100,0,11.7,223,227,16.8,9.4,0,0.00,1012.8,999.0
2023-06-20T02:00,20.9,2.30,94,20.0,24.1,2.30,0.00,0.00,61,100,99,44,12,4.8,128,117,6.4,25.2,0,0.00,1013.1,999.3
2023-06-20T03:00,20.0,2.00,95,19.3,22.4,2.00,0.00,0.00,61,100,100,86,6,7.9,146,120,13.5,25.9,0,0.00,1013.2,999.4
2023-06-20T04:00,19.6,0.20,95,18.8,21.6,0.20,0.00,0.00,51,10,0,8,1,8.4,130,110,13.6,19.8,0,0.00,1012.9,999.1
2023-06-20T05:00,19.4,0.00,95,18.5,21.4,0.00,0.00,0.00,1,31,15,11,10,7.6,146,135,15.6,16.9,1,0.00,1013.5,999.6
2023-06-20T06:00,20.2,0.00,93,18.9,22.0,0.00,0.00,0.00,1,24,23,0,1,10.0,144,131,20.4,20.2,1,3600.00,1013.7,999.9
2023-06-20T07:00,21.4,0.00,89,19.5,23.9,0.00,0.00,0.00,0,9,9,0,0,7.9,160,141,16.9,19.4,1,3600.00,1013.7,999.9
2023-06-20T08:00,23.1,0.00,74,18.2,24.7,0.00,0.00,0.00,2,66,66,0,0,9.2,195,191,12.7,22.7,1,3600.00,1013.6,999.9
2023-06-20T09:00,24.6,0.00,66,17.8,26.2,0.00,0.00,0.00,3,88,88,0,0,8.6,203,202,11.8,22.7,1,3600.00,1013.5,999.9
2023-06-20T10:00,26.3,0.00,57,17.1,28.1,0.00,0.00,0.00,3,90,90,0,0,9.3,216,216,12.4,24.5,1,3600.00,1013.3,999.8
2023-06-20T11:00,27.8,0.00,51,16.6,30.0,0.00,0.00,0.00,1,38,38,0,0,8.9,223,223,11.7,24.5,1,3600.00,1012.9,999.4
2023-06-20T12:00,29.2,0.00,45,16.0,31.9,0.00,0.00,0.00,1,40,40,0,0,7.9,219,219,10.2,24.1,1,3600.00,1012.6,999.2
2023-06-20T13:00,31.0,0.00,39,15.5,33.7,0.00,0.00,0.00,0,15,85,18,0,7.3,211,213,9.2,25.2,1,3600.00,1012.0,998.7
2023-06-20T14:00,31.5,0.00,37,14.9,33.5,0.00,0.00,0.00,3,99,99,7,0,5.2,204,205,7.1,23.0,1,3600.00,1011.4,998.1
2023-06-20T15:00,32.1,0.00,35,14.6,33.6,0.00,0.00,0.00,3,96,96,19,0,5.5,189,191,7.3,18.4,1,3600.00,1010.8,997.6
2023-06-20T16:00,32.5,0.00,33,14.3,33.4,0.00,0.00,0.00,3,96,96,6,0,4.3,220,228,6.1,18.0,1,3600.00,1010.3,997.1
2023-06-20T17:00,32.2,0.00,33,13.8,32.1,0.00,0.00,0.00,3,94,92,31,0,8.4,236,239,12.2,20.9,1,3600.00,1009.9,996.7
2023-06-20T18:00,28.0,0.00,45,14.9,27.6,0.00,0.00,0.00,3,100,100,87,0,14.0,201,198,22.0,36.0,1,3600.00,1011.6,998.2
2023-06-20T19:00,24.6,1.10,66,17.8,25.8,1.10,0.00,0.00,55,100,97,85,1,11.0,150,142,17.4,31.0,1,0.00,1012.0,998.4
2023-06-20T20:00,23.4,0.00,72,18.0,24.6,0.00,0.00,0.00,3,100,100,100,0,11.0,159,142,23.5,21.2,1,0.00,1012.3,998.6
2023-06-20T21:00,22.5,1.70,82,19.2,24.3,1.70,0.00,0.00,61,100,100,100,0,11.1,177,144,18.4,23.4,0,0.00,1013.2,999.5
2023-06-20T22:00,22.7,0.00,82,19.4,24.8,0.00,0.00,0.00,3,100,100,36,0,9.7,182,165,17.3,20.9,0,0.00,1013.4,999.7
2023-06-20T23:00,21.4,0.00,87,19.1,24.2,0.00,0.00,0.00,3,100,100,22,1,4.5,180,166,13.0,18.7,0,0.00,1014.1,1000.3
2023-06-21T00:00,21.2,0.00,86,18.9,23.6,0.00,0.00,0.00,3,100,100,24,0,6.6,196,167,16.1,13.0,0,0.00,1014.5,1000.7
2023-06-21T01:00,20.6,0.00,92,19.2,23.5,0.00,0.00,0.00,3,99,87,6,2,3.8,6,73,3.3,15.1,0,0.00,1014.3,1000.5
2023-06-21T02:00,19.6,0.00,92,18.3,22.3,0.00,0.00,0.00,3,100,100,6,0,2.3,309,72,6.9,7.6,0,0.00,1014.5,1000.6
2023-06-21T03:00,20.8,0.00,86,18.4,23.3,0.00,0.00,0.00,3,100,100,3,0,4.1,270,225,7.6,8.6,0,0.00,1014.9,1001.1
2023-06-21T04:00,19.2,0.00,93,18.0,21.5,0.00,0.00,0.00,3,100,100,29,0,3.6,242,180,6.1,9.0,0,0.00,1015.6,1001.7
2023-06-21T05:00,19.5,0.00,95,18.7,22.0,0.00,0.00,0.00,3,98,45,96,0,5.2,206,168,10.8,10.4,1,0.00,1016.4,1002.5
2023-06-21T06:00,20.3,0.00,93,19.1,23.0,0.00,0.00,0.00,3,89,76,53,0,5.4,225,180,11.2,11.9,1,0.00,1016.5,1002.7
2023-06-21T07:00,21.4,0.00,85,18.8,24.1,0.00,0.00,0.00,3,100,100,30,0,4.4,240,215,10.0,12.6,1,3340.32,1016.9,1003.1
2023-06-21T08:00,23.4,0.00,73,18.2,25.2,0.00,0.00,0.00,3,100,98,88,0,7.9,243,240,11.3,19.8,1,3600.00,1017.6,1003.9
2023-06-21T09:00,24.9,0.00,59,16.3,25.6,0.00,0.00,0.00,3,100,100,100,0,9.6,259,257,13.2,24.5,1,3600.00,1017.8,1004.1
2023-06-21T10:00,24.4,0.00,59,16.0,25.0,0.00,0.00,0.00,3,99,69,98,0,10.1,271,272,14.0,24.1,1,0.00,1018.2,1004.5
2023-06-21T11:00,26.0,0.00,54,15.9,26.8,0.00,0.00,0.00,3,97,80,84,0,11.3,278,277,14.9,28.4,1,3600.00,1018.7,1005.1
2023-06-21T12:00,25.5,0.10,56,16.2,26.1,0.10,0.00,0.00,51,99,97,72,8,10.1,275,276,13.4,28.4,1,3600.00,1018.8,1005.2
2023-06-21T13:00,25.9,0.10,57,16.7,26.8,0.10,0.00,0.00,51,73,100,100,44,9.8,231,234,12.5,25.2,1,3600.00,1018.8,1005.2
2023-06-21T14:00,25.8,0.00,55,16.2,26.8,0.00,0.00,0.00,3,96,96,3,9,7.7,229,233,10.5,23.8,1,0.00,1018.6,1005.0
2023-06-21T15:00,27.7,0.00,47,15.5,29.7,0.00,0.00,0.00,0,14,13,1,1,6.9,241,242,9.0,22.3,1,3600.00,1018.2,1004.7
2023-06-21T16:00,28.2,0.00,45,15.0,29.7,0.00,0.00,0.00,2,64,63,3,0,5.6,242,243,6.9,21.2,1,3600.00,1017.7,1004.2
2023-06-21T17:00,28.3,0.00,44,15.0,28.9,0.00,0.00,0.00,0,4,3,1,0,6.9,230,231,8.9,18.4,1,3600.00,1017.7,1004.2
2023-06-21T18:00,28.2,0.00,44,14.9,28.9,0.00,0.00,0.00,3,94,94,3,0,6.4,227,227,8.9,18.7,1,3600.00,1017.6,1004.1
2023-06-21T19:00,27.6,0.00,54,17.3,30.0,0.00,0.00,0.00,2,68,62,16,0,1.1,189,180,2.2,15.5,1,3600.00,1017.4,1003.9
2023-06-21T20:00,25.4,0.00,68,19.0,28.1,0.00,0.00,0.00,2,78,76,9,0,4.3,114,85,4.3,5.8,1,2071.49,1017.4,1003.8
2023-06-21T21:00,24.2,0.00,59,15.7,25.3,0.00,0.00,0.00,3,100,100,5,0,5.8,104,86,10.7,10.4,0,0.00,1017.5,1003.8
2023-06-21T22:00,22.7,0.00,65,15.9,23.9,0.00,0.00,0.00,3,100,100,1,0,5.9,104,76,10.4,12.2,0,0.00,1017.4,1003.6
2023-06-21T23:00,21.3,0.00,72,16.0,22.6,0.00,0.00,0.00,3,100,100,21,0,5.1,104,82,10.4,11.2,0,0.00,1017.5,1003.7
2023-06-22T00:00,21.0,0.00,71,15.6,22.0,0.00,0.00,0.00,3,100,100,24,1,6.6,93,81,14.4,11.9,0,0.00,1017.5,1003.7
2023-06-22T01:00,22.1,0.50,74,17.2,22.6,0.50,0.00,0.00,53,100,100,4,0,14.1,95,93,27.1,16.6,0,0.00,1016.7,1002.9
2023-06-22T02:00,21.5,0.00,76,17.1,23.0,0.00,0.00,0.00,3,99,98,41,0,6.5,92,90,16.9,28.4,0,0.00,1016.9,1003.1
2023-06-22T03:00,21.5,0.00,74,16.6,22.1,0.00,0.00,0.00,3,100,100,41,0,11.6,81,74,23.7,22.3,0,0.00,1016.8,1003.0
2023-06-22T04:00,21.3,0.00,72,16.0,22.2,0.00,0.00,0.00,3,98,98,18,0,7.8,84,77,19.6,24.5,0,0.00,1016.4,1002.6
2023-06-22T05:00,20.7,0.00,76,16.4,22.2,0.00,0.00,0.00,2,66,66,0,0,4.5,94,76,14.1,16.2,1,0.00,1016.6,1002.8
2023-06-22T06:00,21.8,0.00,72,16.6,22.9,0.00,0.00,0.00,3,100,100,0,0,8.2,90,75,18.0,16.6,1,3600.00,1016.2,1002.4
2023-06-22T07:00,23.3,0.00,67,16.9,24.7,0.00,0.00,0.00,3,82,82,0,0,6.5,90,90,11.2,17.3,1,3600.00,1015.8,1002.1
2023-06-22T08:00,24.9,0.00,64,17.6,26.5,0.00,0.00,0.00,1,37,37,0,0,7.8,104,103,10.7,19.8,1,3600.00,1015.8,1002.2
2023-06-22T09:00,27.1,0.00,58,18.0,28.3,0.00,0.00,0.00,3,98,98,3,0,11.3,98,97,15.6,26.6,1,3600.00,1014.9,1001.4
2023-06-22T10:00,29.2,0.00,50,17.7,30.4,0.00,0.00,0.00,2,58,51,14,0,14.6,104,106,20.4,33.5,1,3600.00,1013.7,1000.3
2023-06-22T11:00,30.6,0.00,46,17.6,32.1,0.00,0.00,0.00,3,81,80,4,0,15.6,114,116,21.7,36.4,1,3600.00,1013.0,999.7
2023-06-22T12:00,30.3,1.00,49,18.5,33.6,1.00,0.00,0.00,55,100,100,0,0,6.9,123,118,9.9,39.6,1,3600.00,1013.0,999.6
2023-06-22T13:00,30.5,0.00,50,19.1,32.8,0.00,0.00,0.00,3,86,95,14,0,11.0,158,157,14.7,30.2,1,3600.00,1012.8,999.5
2023-06-22T14:00,30.0,2.30,50,18.5,33.2,2.30,0.00,0.00,61,100,100,75,0,8.0,178,190,11.5,33.5,1,3600.00,1013.1,999.7
2023-06-22T15:00,22.5,11.50,85,19.9,25.1,11.50,0.00,0.00,65,100,100,14,3,8.3,137,90,8.4,41.4,1,0.00,1014.3,1000.6
2023-06-22T16:00,23.4,0.00,85,20.7,25.6,0.00,0.00,0.00,3,99,99,30,1,13.5,123,115,26.1,27.4,1,37.84,1013.2,999.5
2023-06-22T17:00,25.8,0.00,73,20.6,28.5,0.00,0.00,0.00,3,98,98,22,11,10.0,148,142,17.5,29.2,1,3600.00,1012.6,999.1
2023-06-22T18:00,26.8,0.00,65,19.6,29.0,0.00,0.00,0.00,3,85,82,11,10,10.1,200,197,16.5,23.0,1,3600.00,1012.5,999.0
2023-06-22T19:00,26.4,0.00,60,18.0,27.7,0.00,0.00,0.00,3,99,99,52,17,11.2,222,220,21.4,23.8,1,3600.00,1012.6,999.1
2023-06-22T20:00,25.6,0.00,59,17.0,26.0,0.00,0.00,0.00,3,89,83,27,15,14.0,230,224,25.8,28.8,1,1271.22,1013.0,999.4
2023-06-22T21:00,24.3,0.00,63,16.8,24.1,0.00,0.00,0.00,3,100,100,2,14,17.7,221,218,30.9,35.3,0,0.00,1013.6,1000.0
2023-06-22T22:00,22.6,0.00,68,16.3,21.2,0.00,0.00,0.00,3,100,100,1,2,24.4,221,217,39.8,49.3,0,0.00,1013.9,1000.2
2023-06-22T23:00,21.0,0.00,74,16.3,19.5,0.00,0.00,0.00,3,100,100,3,100,25.3,232,230,41.3,54.4,0,0.00,1014.6,1000.8
2023-06-23T00:00,20.9,0.00,73,15.8,19.5,0.00,0.00,0.00,3,97,94,49,22,23.2,243,240,36.9,52.6,0,0.00,1015.1,1001.3
2023-06-23T01:00,19.3,0.00,81,15.9,19.0,0.00,0.00,0.00,3,100,95,100,100,15.6,288,285,27.7,48.6,0,0.00,1016.2,1002.3
2023-06-23T02:00,18.7,0.50,86,16.3,18.8,0.50,0.00,0.00,53,100,100,100,100,14.1,272,264,23.8,32.8,0,0.00,1016.9,1003.0
2023-06-23T03:00,18.1,0.50,89,16.2,18.0,0.50,0.00,0.00,53,100,35,100,100,15.3,267,261,27.0,32.0,0,0.00,1017.5,1003.5
2023-06-23T04:00,18.1,0.20,84,15.4,17.7,0.20,0.00,0.00,51,100,4,100,30,15.5,272,267,26.7,33.1,0,0.00,1017.9,1003.9
2023-06-23T05:00,18.0,0.10,85,15.4,17.7,0.10,0.00,0.00,51,78,5,63,39,14.6,267,261,24.9,32.0,1,0.00,1018.9,1004.9
2023-06-23T06:00,18.1,0.10,84,15.4,17.4,0.10,0.00,0.00,51,41,25,6,20,17.2,282,280,28.0,34.6,1,541.17,1019.7,1005.7
2023-06-23T07:00,18.8,0.10,77,14.7,17.7,0.10,0.00,0.00,51,89,70,55,18,17.8,286,284,26.9,37.8,1,3600.00,1020.3,1006.3
2023-06-23T08:00,19.9,0.00,68,13.9,18.4,0.00,0.00,0.00,2,53,13,39,11,18.9,287,288,27.1,40.7,1,3600.00,1021.0,1007.1
2023-06-23T09:00,21.3,0.00,59,13.0,19.4,0.00,0.00,0.00,1,27,0,19,11,19.3,294,294,27.6,41.8,1,3600.00,1021.4,1007.5
2023-06-23T10:00,22.1,0.00,54,12.4,20.2,0.00,0.00,0.00,1,25,0,16,17,20.2,308,309,28.7,45.0,1,3600.00,1021.6,1007.8
2023-06-23T11:00,23.2,0.10,49,11.8,21.5,0.10,0.00,0.00,51,30,0,21,16,21.2,312,312,30.1,46.1,1,3600.00,1021.8,1008.0
2023-06-23T12:00,24.3,0.00,44,11.4,22.7,0.00,0.00,0.00,0,13,0,12,3,21.1,317,317,30.1,47.2,1,3600.00,1022.0,1008.3
2023-06-23T13:00,24.7,0.00,41,10.5,23.2,0.00,0.00,0.00,0,12,0,11,0,20.2,321,321,28.2,48.2,1,3600.00,1022.8,1009.1
2023-06-23T14:00,25.0,0.00,39,10.1,23.1,0.00,0.00,0.00,1,41,0,41,13,21.4,335,335,29.8,47.2,1,3600.00,1023.0,1009.3
2023-06-23T15:00,24.2,0.00,42,10.7,22.0,0.00,0.00,0.00,1,47,0,46,2,18.1,352,353,25.5,46.1,1,3600.00,1023.2,1009.4
2023-06-23T16:00,23.7,0.00,45,11.1,21.6,0.00,0.00,0.00,1,24,0,23,1,16.9,357,358,24.1,39.6,1,3600.00,1023.5,1009.7
2023-06-23T17:00,23.9,0.00,44,11.0,21.9,0.00,0.00,0.00,0,19,0,19,0,15.5,356,357,22.7,36.7,1,3600.00,1023.5,1009.7
2023-06-23T18:00,23.8,0.00,43,10.5,22.0,0.00,0.00,0.00,1,24,4,21,0,13.7,356,357,21.6,33.8,1,3600.00,1023.4,1009.6
2023-06-23T19:00,23.1,0.00,48,11.5,22.4,0.00,0.00,0.00,0,18,0,18,0,8.2,11,15,16.5,29.5,1,3600.00,1023.8,1010.0
2023-06-23T20:00,21.4,0.00,54,11.7,20.9,0.00,0.00,0.00,1,21,4,18,0,7.0,13,21,17.7,17.6,1,3471.73,1024.0,1010.1
2023-06-23T21:00,20.6,0.00,54,10.9,19.3,0.00,0.00,0.00,0,3,0,3,0,10.4,15,20,23.5,20.9,0,0.00,1024.7,1010.8
2023-06-23T22:00,19.5,0.00,57,10.9,18.5,0.00,0.00,0.00,0,3,0,3,0,9.0,6,16,22.1,20.9,0,0.00,1024.9,1010.9
2023-06-23T23:00,18.7,0.00,62,11.2,18.0,0.00,0.00,0.00,0,0,0,0,0,7.3,358,11,19.5,18.0,0,0.00,1024.9,1010.9
2023-06-24T00:00,16.8,0.00,73,12.0,16.4,0.00,0.00,0.00,1,41,41,0,0,6.8,3,25,14.8,14.8,0,0.00,1025.1,1011.0
2023-06-24T01:00,15.9,0.00,81,12.6,16.2,0.00,0.00,0.00,1,37,47,0,0,3.6,153,96,5.6,13.0,0,0.00,1025.5,1011.3
2023-06-24T02:00,14.7,0.00,86,12.4,14.5,0.00,0.00,0.00,3,99,99,0,0,6.5,119,84,7.4,12.6,0,0.00,1025.4,1011.2
2023-06-24T03:00,14.4,0.00,86,12.1,14.1,0.00,0.00,0.00,3,93,93,0,0,6.8,118,90,9.8,13.7,0,0.00,1025.4,1011.1
2023-06-24T04:00,13.8,0.00,89,12.0,13.5,0.00,0.00,0.00,3,82,82,0,0,6.1,113,87,7.4,13.3,0,0.00,1025.4,1011.1
2023-06-24T05:00,13.8,0.00,89,12.1,13.6,0.00,0.00,0.00,2,78,78,0,0,5.8,106,90,5.2,11.9,1,0.00,1025.5,1011.2
2023-06-24T06:00,16.2,0.00,82,13.1,16.3,0.00,0.00,0.00,0,0,0,0,0,6.2,107,100,6.0,12.2,1,3600.00,1025.8,1011.6
2023-06-24T07:00,19.1,0.00,71,13.8,19.9,0.00,0.00,0.00,0,0,0,0,0,3.2,108,117,5.7,11.9,1,3600.00,1026.1,1012.1
2023-06-24T08:00,21.1,0.00,63,13.9,22.2,0.00,0.00,0.00,0,0,0,0,0,1.3,127,146,1.8,9.7,1,3600.00,1026.0,1012.1
2023-06-24T09:00,22.9,0.00,58,14.1,23.9,0.00,0.00,0.00,0,0,0,0,0,1.8,180,191,2.2,10.8,1,3600.00,1025.9,1012.0
2023-06-24T10:00,24.2,0.00,51,13.5,25.9,0.00,0.00,0.00,1,38,0,37,2,1.1,180,198,1.4,11.9,1,3600.00,1025.7,1011.9
2023-06-24T11:00,24.9,0.00,48,13.1,26.0,0.00,0.00,0.00,2,60,0,54,33,2.9,37,30,3.6,13.0,1,3600.00,1025.3,1011.5
2023-06-24T12:00,25.5,0.00,47,13.3,26.5,0.00,0.00,0.00,1,46,0,29,23,4.1,21,15,5.0,14.8,1,3600.00,1024.8,1011.1
2023-06-24T13:00,26.7,0.00,40,12.1,28.1,0.00,0.00,0.00,1,25,0,98,0,3.1,41,36,3.8,15.5,1,3600.00,1023.9,1010.2
2023-06-24T14:00,27.3,0.00,40,12.4,28.1,0.00,0.00,0.00,3,99,0,99,0,4.4,16,9,5.2,14.4,1,3600.00,1023.2,1009.6
2023-06-24T15:00,27.5,0.00,39,12.4,27.6,0.00,0.00,0.00,1,37,0,37,0,5.8,9,360,7.3,15.8,1,3600.00,1022.7,1009.1
2023-06-24T16:00,27.5,0.00,38,12.1,26.8,0.00,0.00,0.00,0,12,0,12,0,9.1,358,353,11.9,21.2,1,3600.00,1022.1,1008.5
2023-06-24T17:00,27.6,0.00,37,11.4,26.6,0.00,0.00,0.00,0,7,0,7,0,9.8,11,6,13.6,23.0,1,3600.00,1021.7,1008.1
2023-06-24T18:00,27.0,0.00,33,9.4,25.5,0.00,0.00,0.00,0,3,0,3,0,9.0,31,29,14.7,21.6,1,3600.00,1021.4,1007.8
2023-06-24T19:00,25.4,0.00,38,9.9,24.1,0.00,0.00,0.00,0,2,0,2,0,8.4,36,31,18.8,20.5,1,3600.00,1021.4,1007.7
2023-06-24T20:00,23.2,0.00,43,10.0,22.0,0.00,0.00,0.00,0,3,0,3,0,7.7,47,49,19.6,18.4,1,3478.24,1021.2,1007.4
2023-06-24T21:00,21.7,0.00,47,9.9,20.4,0.00,0.00,0.00,0,2,0,2,0,8.6,66,68,19.7,16.2,0,0.00,1021.2,1007.4
2023-06-24T22:00,21.0,0.00,50,10.0,19.5,0.00,0.00,0.00,0,1,0,1,0,10.1,70,73,23.0,19.8,0,0.00,1021.1,1007.2
2023-06-24T23:00,20.5,0.00,52,10.3,19.1,0.00,0.00,0.00,0,0,0,0,0,10.1,94,84,23.1,21.2,0,0.00,1021.1,1007.2
2023-06-25T00:00,19.3,0.00,59,11.0,18.2,0.00,0.00,0.00,0,0,0,0,0,9.0,100,85,19.8,20.2,0,0.00,1021.1,1007.1
2023-06-25T01:00,18.5,0.00,63,11.4,17.6,0.00,0.00,0.00,0,0,0,0,0,9.0,103,95,18.5,18.0,0,0.00,1020.7,1006.7
2023-06-25T02:00,17.7,0.00,68,11.6,16.8,0.00,0.00,0.00,0,0,0,0,0,9.5,102,99,22.1,19.1,0,0.00,1020.5,1006.5
2023-06-25T03:00,17.4,0.00,69,11.6,16.5,0.00,0.00,0.00,0,0,0,0,0,9.5,102,99,22.5,19.1,0,0.00,1020.3,1006.3
2023-06-25T04:00,16.9,0.00,71,11.6,16.0,0.00,0.00,0.00,0,0,0,0,0,10.0,107,103,22.6,19.8,0,0.00,1020.1,1006.0
2023-06-25T05:00,16.7,0.00,73,11.9,16.0,0.00,0.00,0.00,0,0,0,0,0,9.0,104,92,19.6,19.8,1,0.00,1020.0,1005.9
2023-06-25T06:00,18.1,0.00,70,12.6,17.7,0.00,0.00,0.00,0,0,0,0,0,7.9,97,87,16.7,17.6,1,3600.00,1019.8,1005.8
2023-06-25T07:00,20.3,0.00,66,13.7,20.9,0.00,0.00,0.00,0,0,0,0,0,4.4,96,81,13.8,14.8,1,3600.00,1019.9,1006.0
2023-06-25T08:00,22.5,0.00,58,13.9,23.5,0.00,0.00,0.00,0,0,0,0,0,2.2,90,90,4.0,11.9,1,3600.00,1019.8,1006.0
2023-06-25T09:00,24.4,0.00,51,13.8,25.3,0.00,0.00,0.00,0,0,0,0,0,2.4,108,117,3.4,11.5,1,3600.00,1019.7,1006.0
2023-06-25T10:00,26.1,0.00,44,12.8,27.3,0.00,0.00,0.00,0,0,0,0,0,3.5,111,114,5.0,13.7,1,3600.00,1019.3,1005.7
2023-06-25T11:00,27.3,0.00,37,11.5,28.2,0.00,0.00,0.00,0,0,0,0,0,7.1,112,114,9.7,19.8,1,3600.00,1019.0,1005.4
2023-06-25T12:00,28.1,0.00,36,11.5,29.2,0.00,0.00,0.00,0,0,0,0,0,7.9,112,114,10.5,22.0,1,3600.00,1018.4,1004.9
2023-06-25T13:00,29.4,0.00,32,11.2,30.5,0.00,0.00,0.00,0,0,0,0,0,8.5,115,118,11.1,22.0,1,3600.00,1017.6,1004.1
2023-06-25T14:00,29.6,0.00,33,11.5,30.7,0.00,0.00,0.00,0,0,0,0,0,7.8,120,124,10.0,22.7,1,3600.00,1017.1,1003.7
2023-06-25T15:00,29.8,0.00,32,11.5,30.6,0.00,0.00,0.00,0,0,0,0,0,7.4,124,129,9.6,21.2,1,3600.00,1016.7,1003.3
2023-06-25T16:00,29.9,0.00,32,11.5,30.1,0.00,0.00,0.00,0,0,0,0,0,6.6,132,135,8.7,19.8,1,3600.00,1016.2,1002.8
2023-06-25T17:00,29.7,0.00,33,11.6,29.3,0.00,0.00,0.00,0,0,0,0,0,6.4,133,137,8.4,17.6,1,3600.00,1015.6,1002.2
2023-06-25T18:00,29.3,0.00,37,13.2,29.7,0.00,0.00,0.00,0,0,0,0,0,4.1,137,142,6.9,15.5,1,3600.00,1015.4,1002.0
2023-06-25T19:00,27.9,0.00,54,17.9,30.2,0.00,0.00,0.00,0,0,0,0,0,3.7,167,169,8.1,10.8,1,3600.00,1015.3,1001.8
2023-06-25T20:00,27.7,0.00,39,12.5,27.6,0.00,0.00,0.00,0,0,0,0,0,5.9,180,166,7.9,9.4,1,3481.93,1015.4,1001.9
2023-06-25T21:00,23.5,0.00,53,13.3,23.9,0.00,0.00,0.00,0,0,0,0,0,4.7,143,86,5.4,8.3,0,0.00,1015.5,1001.8
2023-06-25T22:00,21.8,0.00,60,13.7,22.0,0.00,0.00,0.00,0,0,0,0,0,6.6,99,77,11.3,11.9,0,0.00,1015.6,1001.8
2023-06-25T23:00,21.0,0.00,61,13.1,20.8,0.00,0.00,0.00,0,0,0,0,0,7.9,103,93,17.7,15.8,0,0.00,1015.8,1002.0
2023-06-26T00:00,20.0,0.00,61,12.4,19.7,0.00,0.00,0.00,0,0,0,0,0,7.4,119,104,16.9,15.5,0,0.00,1015.8,1001.9
2023-06-26T01:00,20.2,0.00,60,12.3,19.6,0.00,0.00,0.00,0,1,0,0,0,8.4,110,97,19.1,16.9,0,0.00,1015.5,1001.7
2023-06-26T02:00,18.8,0.00,66,12.4,18.3,0.00,0.00,0.00,0,0,0,0,0,8.6,123,105,19.3,16.2,0,0.00,1015.5,1001.6
2023-06-26T03:00,18.0,0.00,70,12.5,17.4,0.00,0.00,0.00,0,0,0,0,0,9.3,141,118,18.2,17.6,0,0.00,1015.2,1001.3
2023-06-26T04:00,16.9,0.00,75,12.4,16.3,0.00,0.00,0.00,0,0,0,0,0,8.9,152,117,15.5,17.6,0,0.00,1015.3,1001.3
2023-06-26T05:00,17.0,0.00,75,12.5,16.7,0.00,0.00,0.00,0,0,0,0,0,7.1,180,120,14.0,16.6,1,0.00,1015.5,1001.5
2023-06-26T06:00,19.4,0.00,68,13.4,19.4,0.00,0.00,0.00,0,1,1,0,0,7.4,199,141,15.6,14.4,1,3600.00,1015.6,1001.7
2023-06-26T07:00,21.9,0.00,62,14.3,22.0,0.00,0.00,0.00,1,46,46,0,0,8.8,201,168,18.9,19.1,1,3600.00,1015.6,1001.8
2023-06-26T08:00,23.7,0.00,58,15.0,24.0,0.00,0.00,0.00,0,15,15,0,0,9.5,198,191,14.3,22.7,1,3600.00,1015.5,1001.8
2023-06-26T09:00,26.0,0.00,51,15.2,26.0,0.00,0.00,0.00,1,47,47,0,0,11.9,218,215,16.9,28.1,1,3600.00,1015.4,1001.8
2023-06-26T10:00,28.0,0.00,47,15.6,28.8,0.00,0.00,0.00,1,43,28,20,0,12.2,252,251,17.1,29.5,1,3600.00,1015.6,1002.1
2023-06-26T11:00,29.0,0.00,42,14.8,29.4,0.00,0.00,0.00,1,23,4,19,0,14.3,282,280,19.1,32.8,1,3600.00,1015.6,1002.2
2023-06-26T12:00,29.4,0.00,40,14.3,29.1,0.00,0.00,0.00,2,50,35,21,4,18.0,272,271,25.2,40.0,1,3600.00,1015.6,1002.2
2023-06-26T13:00,30.6,0.00,34,12.8,29.9,0.00,0.00,0.00,3,100,33,10,1,18.0,267,267,24.9,46.1,1,3600.00,1015.0,1001.6
2023-06-26T14:00,29.9,0.00,34,12.1,28.1,0.00,0.00,0.00,2,64,64,0,0,23.1,273,273,32.4,49.7,1,3600.00,1015.1,1001.7
2023-06-26T15:00,29.1,0.00,31,10.2,27.0,0.00,0.00,0.00,3,100,100,0,0,22.3,278,279,31.6,50.4,1,3600.00,1015.5,1002.1
2023-06-26T16:00,28.4,0.00,27,7.8,25.1,0.00,0.00,0.00,3,100,100,0,0,21.4,283,283,31.0,48.6,1,3600.00,1015.8,1002.3
2023-06-26T17:00,27.1,0.00,30,7.8,23.5,0.00,0.00,0.00,3,96,96,0,0,20.4,292,291,30.2,46.4,1,3600.00,1016.0,1002.5
2023-06-26T18:00,26.0,0.00,32,8.2,22.7,0.00,0.00,0.00,0,3,3,0,0,19.2,301,300,29.1,43.6,1,3600.00,1016.4,1002.8
2023-06-26T19:00,24.8,0.00,38,9.5,22.0,0.00,0.00,0.00,3,84,84,0,0,18.2,301,300,29.9,40.3,1,3600.00,1017.1,1003.4
2023-06-26T20:00,23.3,0.00,42,9.6,21.0,0.00,0.00,0.00,3,99,99,10,8,14.5,308,305,26.1,38.2,1,3482.73,1018.1,1004.4
2023-06-26T21:00,21.8,0.00,45,9.4,19.8,0.00,0.00,0.00,3,100,100,29,15,12.3,326,322,23.1,30.2,0,0.00,1019.3,1005.5
2023-06-26T22:00,20.8,0.00,48,9.3,19.0,0.00,0.00,0.00,3,100,100,47,22,10.6,336,332,20.5,25.6,0,0.00,1019.7,1005.8
2023-06-26T23:00,20.2,0.00,49,9.1,18.4,0.00,0.00,0.00,3,100,100,14,8,10.2,342,337,20.0,22.0,0,0.00,1020.3,1006.4
2023-06-27T00:00,19.4,0.00,51,9.0,17.8,0.00,0.00,0.00,3,100,99,34,29,9.1,345,342,19.4,21.2,0,0.00,1020.4,1006.5
2023-06-27T01:00,18.9,0.00,54,9.4,17.3,0.00,0.00,0.00,3,100,100,2,12,10.0,342,339,21.2,19.1,0,0.00,1020.3,1006.3
2023-06-27T02:00,18.5,0.00,56,9.4,17.2,0.00,0.00,0.00,3,100,100,5,0,7.9,333,330,18.2,21.2,0,0.00,1020.7,1006.7
2023-06-27T03:00,17.2,0.00,62,9.9,16.3,0.00,0.00,0.00,3,96,96,11,0,5.6,336,333,15.3,16.9,0,0.00,1020.8,1006.7
2023-06-27T04:00,16.4,0.00,66,10.1,15.5,0.00,0.00,0.00,3,100,100,42,0,6.2,339,339,15.8,13.0,0,0.00,1020.8,1006.7
2023-06-27T05:00,16.1,0.00,70,10.5,15.4,0.00,0.00,0.00,2,56,32,34,7,5.9,344,346,14.6,13.0,1,0.00,1021.0,1006.9
2023-06-27T06:00,17.0,0.00,68,11.1,16.4,0.00,0.00,0.00,2,68,44,42,14,5.9,351,346,13.1,12.6,1,3600.00,1021.3,1007.2
2023-06-27T07:00,18.2,0.00,62,10.8,17.7,0.00,0.00,0.00,3,100,98,92,21,5.5,344,337,7.9,14.8,1,3600.00,1021.4,1007.4
2023-06-27T08:00,19.2,0.00,57,10.6,18.6,0.00,0.00,0.00,3,100,90,99,14,5.4,348,340,7.0,15.5,1,3600.00,1021.3,1007.3
2023-06-27T09:00,19.6,0.00,54,10.1,18.8,0.00,0.00,0.00,2,71,52,38,3,5.3,335,332,6.8,15.5,1,0.00,1021.2,1007.3
2023-06-27T10:00,21.2,0.00,47,9.6,19.8,0.00,0.00,0.00,3,88,68,36,48,8.7,295,294,11.1,22.3,1,3600.00,1021.0,1007.1
2023-06-27T11:00,21.8,0.00,45,9.3,20.1,0.00,0.00,0.00,3,100,100,31,50,10.4,290,290,13.4,25.6,1,3600.00,1020.7,1006.9
2023-06-27T12:00,22.2,0.00,43,9.1,20.3,0.00,0.00,0.00,3,100,100,61,44,11.4,289,288,15.3,27.7,1,3600.00,1020.5,1006.7
2023-06-27T13:00,22.6,0.00,41,8.6,20.8,0.00,0.00,0.00,3,100,100,97,0,9.8,275,276,12.6,27.7,1,3553.69,1020.4,1006.6
2023-06-27T14:00,22.8,0.00,40,8.5,21.3,0.00,0.00,0.00,3,100,100,94,0,7.9,285,286,10.8,23.8,1,3600.00,1019.6,1005.8
2023-06-27T15:00,23.3,0.00,38,8.1,21.5,0.00,0.00,0.00,3,100,100,100,1,8.6,292,292,11.6,20.2,1,888.30,1019.1,1005.4
2023-06-27T16:00,23.2,0.00,38,7.9,21.1,0.00,0.00,0.00,3,100,99,100,1,10.2,290,288,14.6,22.7,1,661.54,1018.6,1004.9
2023-06-27T17:00,23.2,0.00,36,7.5,21.1,0.00,0.00,0.00,3,100,93,100,0,9.9,290,289,14.9,23.0,1,0.00,1018.2,1004.5
2023-06-27T18:00,23.0,0.00,35,6.7,20.2,0.00,0.00,0.00,3,99,81,97,0,13.4,301,301,19.7,29.9,1,3600.00,1017.9,1004.2
2023-06-27T19:00,22.3,0.00,40,7.9,20.4,0.00,0.00,0.00,2,69,34,53,0,9.0,301,299,16.8,30.2,1,730.69,1017.8,1004.0
2023-06-27T20:00,20.7,0.00,45,8.3,19.3,0.00,0.00,0.00,3,100,37,100,0,6.6,298,292,17.1,19.1,1,3272.04,1017.7,1003.9
2023-06-27T21:00,20.7,0.00,41,7.2,18.8,0.00,0.00,0.00,2,60,1,59,4,8.4,314,310,19.6,16.9,0,0.00,1018.4,1004.5
2023-06-27T22:00,19.9,0.00,44,7.4,17.3,0.00,0.00,0.00,3,100,100,64,9,13.1,344,339,25.9,24.8,0,0.00,1018.7,1004.8
2023-06-27T23:00,19.1,0.00,50,8.4,17.0,0.00,0.00,0.00,3,99,97,77,0,11.6,357,355,23.1,29.5,0,0.00,1019.1,1005.2
2023-06-28T00:00,18.2,0.00,55,8.9,16.8,0.00,0.00,0.00,3,100,100,99,0,7.3,354,351,17.7,23.4,0,0.00,1019.1,1005.1
2023-06-28T01:00,17.6,0.00,61,10.0,16.8,0.00,0.00,0.00,3,100,100,100,0,5.2,338,335,14.7,14.8,0,0.00,1018.7,1004.7
2023-06-28T02:00,18.4,0.00,58,10.1,17.7,0.00,0.00,0.00,3,100,80,100,0,5.4,327,312,13.3,11.9,0,0.00,1019.0,1005.0
2023-06-28T03:00,18.0,0.00,62,10.7,17.6,0.00,0.00,0.00,3,100,100,94,0,4.5,308,284,11.8,10.8,0,0.00,1019.1,1005.1
2023-06-28T04:00,17.2,0.00,68,11.3,17.0,0.00,0.00,0.00,3,100,100,100,1,3.9,320,304,11.2,9.4,0,0.00,1019.0,1005.0
2023-06-28T05:00,17.6,0.00,66,11.2,17.3,0.00,0.00,0.00,3,100,98,100,6,4.5,344,346,11.6,9.0,1,0.00,1019.1,1005.1
2023-06-28T06:00,18.0,0.00,66,11.5,17.8,0.00,0.00,0.00,3,100,17,100,8,4.3,360,360,10.8,9.7,1,0.00,1019.0,1005.0
2023-06-28T07:00,18.6,0.00,60,10.8,18.1,0.00,0.00,0.00,3,100,14,100,15,5.4,357,352,7.9,12.2,1,0.00,1019.0,1005.0
2023-06-28T08:00,19.0,0.00,59,10.7,18.7,0.00,0.00,0.00,3,100,31,100,37,3.5,346,336,4.5,12.2,1,0.00,1019.0,1005.1
2023-06-28T09:00,19.2,0.00,58,10.8,19.1,0.00,0.00,0.00,3,100,3,100,100,2.7,297,293,3.2,10.1,1,0.00,1019.2,1005.3
2023-06-28T10:00,20.0,0.00,55,10.6,19.7,0.00,0.00,0.00,3,99,2,99,96,3.3,275,276,4.0,11.5,1,0.00,1019.1,1005.2
2023-06-28T11:00,20.7,0.00,53,10.9,20.5,0.00,0.00,0.00,2,55,0,53,5,3.6,270,276,4.7,13.0,1,546.49,1019.0,1005.1
2023-06-28T12:00,22.7,0.00,48,11.2,23.0,0.00,0.00,0.00,3,98,0,72,97,6.4,285,286,8.2,19.4,1,3600.00,1018.6,1004.8
2023-06-28T13:00,22.8,0.00,48,11.2,21.9,0.00,0.00,0.00,3,99,0,67,100,8.8,288,289,11.7,20.2,1,1112.14,1018.8,1005.0
2023-06-28T14:00,23.0,0.00,48,11.3,22.2,0.00,0.00,0.00,3,100,0,78,100,7.6,296,295,10.0,21.6,1,0.00,1018.6,1004.8
2023-06-28T15:00,23.6,0.00,46,11.3,23.0,0.00,0.00,0.00,3,100,0,100,100,6.7,305,306,8.8,19.1,1,1072.84,1018.2,1004.5
2023-06-28T16:00,23.7,0.00,46,11.3,23.2,0.00,0.00,0.00,3,100,10,100,96,5.9,321,322,7.9,17.3,1,828.61,1017.8,1004.1
2023-06-28T17:00,23.6,0.00,47,11.5,23.5,0.00,0.00,0.00,3,90,0,90,17,4.1,342,345,5.7,15.1,1,0.00,1017.6,1003.9
2023-06-28T18:00,23.9,0.00,46,11.5,23.7,0.00,0.00,0.00,3,96,17,95,14,4.4,347,351,6.3,12.2,1,3600.00,1017.3,1003.6
2023-06-28T19:00,23.2,0.00,53,13.2,23.7,0.00,0.00,0.00,1,22,14,7,3,3.4,23,32,7.4,11.2,1,3363.69,1017.3,1003.6
2023-06-28T20:00,21.2,0.00,60,13.0,21.4,0.00,0.00,0.00,2,74,71,3,8,4.9,46,54,11.5,9.0,1,3476.35,1017.3,1003.5
2023-06-28T21:00,20.0,0.00,60,12.0,19.7,0.00,0.00,0.00,1,23,1,13,10,6.0,53,65,13.1,10.8,0,0.00,1017.7,1003.8
2023-06-28T22:00,18.8,0.00,64,11.8,18.5,0.00,0.00,0.00,0,14,0,14,0,5.9,68,76,13.2,11.2,0,0.00,1017.8,1003.9
2023-06-28T23:00,18.0,0.00,67,11.8,17.6,0.00,0.00,0.00,0,11,0,10,0,6.5,71,71,13.3,11.9,0,0.00,1017.9,1003.9
2023-06-29T00:00,17.2,0.00,71,11.8,16.8,0.00,0.00,0.00,0,4,0,4,0,6.3,79,77,13.6,12.2,0,0.00,1017.6,1003.6
2023-06-29T01:00,16.6,0.00,71,11.4,16.2,0.00,0.00,0.00,0,0,0,10,2,5.0,95,90,11.6,11.9,0,0.00,1017.5,1003.5
2023-06-29T02:00,14.8,0.00,80,11.3,14.5,0.00,0.00,0.00,0,16,0,13,10,4.3,113,95,9.4,9.4,0,0.00,1017.5,1003.4
2023-06-29T03:00,14.3,0.00,82,11.3,14.0,0.00,0.00,0.00,0,5,0,0,5,4.3,102,85,8.8,9.4,0,0.00,1017.2,1003.1
2023-06-29T04:00,13.8,0.00,84,11.2,13.7,0.00,0.00,0.00,0,3,0,0,3,3.6,93,84,7.6,9.0,0,0.00,1016.8,1002.6
2023-06-29T05:00,14.0,0.00,84,11.3,13.8,0.00,0.00,0.00,0,11,0,2,11,4.0,106,95,6.4,7.9,1,0.00,1016.8,1002.6
2023-06-29T06:00,16.3,0.00,77,12.3,16.2,0.00,0.00,0.00,0,0,0,0,0,5.4,93,70,6.8,10.4,1,3600.00,1016.6,1002.6
2023-06-29T07:00,19.6,0.00,64,12.7,19.9,0.00,0.00,0.00,0,2,0,2,0,3.9,74,56,7.9,11.5,1,3600.00,1016.4,1002.5
2023-06-29T08:00,21.9,0.00,55,12.5,22.3,0.00,0.00,0.00,0,4,4,0,1,2.6,66,56,3.5,10.8,1,3600.00,1016.0,1002.2
2023-06-29T09:00,23.6,0.00,50,12.5,24.1,0.00,0.00,0.00,0,15,13,1,0,1.8,120,127,2.9,11.2,1,3600.00,1015.7,1002.0
2023-06-29T10:00,25.0,0.00,47,12.8,26.4,0.00,0.00,0.00,1,38,36,7,2,1.6,191,207,1.8,11.5,1,3600.00,1015.4,1001.8
2023-06-29T11:00,26.1,0.00,44,13.0,28.0,0.00,0.00,0.00,2,50,45,25,0,3.6,228,233,4.3,14.8,1,3600.00,1015.0,1001.4
2023-06-29T12:00,27.3,0.00,41,13.0,29.0,0.00,0.00,0.00,3,100,54,100,6,5.5,242,247,6.9,18.0,1,3600.00,1014.4,1000.9
2023-06-29T13:00,22.1,0.00,63,14.8,22.7,0.00,0.00,0.00,3,90,100,98,0,6.6,26,22,9.2,18.7,1,3457.51,1015.2,1001.4
2023-06-29T14:00,23.4,0.00,59,15.0,24.6,0.00,0.00,0.00,3,100,100,15,0,3.1,49,45,3.8,16.9,1,17.76,1014.8,1001.1
2023-06-29T15:00,25.4,0.00,52,14.7,27.3,0.00,0.00,0.00,3,96,95,24,6,3.4,51,58,4.6,15.8,1,3600.00,1014.1,1000.5
2023-06-29T16:00,26.0,0.00,48,14.2,26.7,0.00,0.00,0.00,3,100,65,99,26,4.4,313,305,5.9,14.0,1,3600.00,1013.6,1000.1
2023-06-29T17:00,26.0,0.00,47,13.9,26.5,0.00,0.00,0.00,3,100,100,31,1,5.2,323,326,7.2,15.8,1,2436.35,1012.9,999.4
2023-06-29T18:00,25.7,0.00,49,14.2,26.4,0.00,0.00,0.00,1,37,14,26,1,4.6,17,18,6.0,12.2,1,2526.95,1012.3,998.8
2023-06-29T19:00,24.9,0.00,57,15.7,26.3,0.00,0.00,0.00,1,30,9,23,0,3.7,28,29,7.7,12.2,1,3600.00,1012.3,998.7
2023-06-29T20:00,23.0,0.00,72,17.7,24.9,0.00,0.00,0.00,2,76,67,26,4,5.8,6,4,7.2,7.9,1,3065.93,1012.4,998.7
2023-06-29T21:00,21.7,0.00,68,15.4,22.6,0.00,0.00,0.00,3,97,96,21,3,5.8,354,4,7.2,8.6,0,0.00,1012.5,998.8
2023-06-29T22:00,20.3,0.00,71,14.9,21.3,0.00,0.00,0.00,3,100,99,21,2,4.4,32,55,4.7,7.9,0,0.00,1012.6,998.8
2023-06-29T23:00,19.9,0.00,77,15.8,21.1,0.00,0.00,0.00,1,45,29,19,5,4.8,45,77,4.6,7.2,0,0.00,1012.3,998.5
2023-06-30T00:00,20.5,0.00,70,14.8,21.8,0.00,0.00,0.00,2,51,33,19,21,2.3,250,162,4.2,6.1,0,0.00,1012.6,998.8
2023-06-30T01:00,19.1,0.00,77,14.9,19.7,0.00,0.00,0.00,3,98,100,25,0,6.8,134,108,14.0,3.2,0,0.00,1012.1,998.3
2023-06-30T02:00,18.0,0.00,82,14.8,18.4,0.00,0.00,0.00,3,100,100,12,7,8.1,138,111,16.1,15.1,0,0.00,1011.8,997.9
2023-06-30T03:00,17.7,0.00,83,14.8,18.2,0.00,0.00,0.00,3,100,100,9,0,6.9,130,99,14.6,14.8,0,0.00,1011.4,997.5
2023-06-30T04:00,17.2,0.00,86,14.8,18.2,0.00,0.00,0.00,3,100,100,8,0,4.3,134,95,10.9,12.6,0,0.00,1011.2,997.3
2023-06-30T05:00,17.0,0.00,91,15.6,18.3,0.00,0.00,0.00,3,100,100,42,10,4.2,180,149,7.9,7.6,1,0.00,1011.4,997.5
2023-06-30T06:00,18.6,0.00,84,15.9,19.9,0.00,0.00,0.00,3,100,100,49,1,4.5,282,284,10.3,9.0,1,0.00,1011.7,997.8
2023-06-30T07:00,19.0,0.20,83,16.0,19.6,0.20,0.00,0.00,51,100,100,9,0,10.2,314,312,15.5,20.5,1,0.00,1011.9,998.1
2023-06-30T08:00,19.7,0.20,79,16.0,19.9,0.20,0.00,0.00,51,100,100,43,42,13.1,330,328,18.7,28.8,1,0.00,1012.4,998.6
2023-06-30T09:00,20.7,0.00,74,15.9,21.3,0.00,0.00,0.00,3,100,99,42,47,9.7,321,318,13.0,28.1,1,752.04,1012.5,998.7
2023-06-30T10:00,22.0,0.00,68,15.9,22.5,0.00,0.00,0.00,3,100,100,37,31,10.3,301,299,13.4,28.1,1,3600.00,1012.3,998.6
2023-06-30T11:00,22.4,0.00,65,15.6,22.5,0.00,0.00,0.00,3,100,100,29,44,12.7,305,305,17.1,30.2,1,3600.00,1012.3,998.6
2023-06-30T12:00,23.0,0.00,62,15.3,22.8,0.00,0.00,0.00,3,100,100,19,88,13.4,308,306,18.2,31.3,1,3600.00,1012.1,998.4
2023-06-30T13:00,21.3,0.10,69,15.5,20.9,0.10,0.00,0.00,51,99,99,30,100,15.2,329,329,20.5,35.6,1,1449.88,1012.7,998.9
2023-06-30T14:00,22.0,0.00,64,14.9,21.6,0.00,0.00,0.00,1,22,9,4,12,13.4,326,324,18.7,35.6,1,3600.00,1012.7,999.0
2023-06-30T15:00,23.3,0.00,58,14.5,23.8,0.00,0.00,0.00,0,12,0,6,8,12.5,321,321,17.1,31.7,1,3600.00,1012.1,998.4
2023-06-30T16:00,23.6,0.10,55,13.9,23.5,0.10,0.00,0.00,51,37,0,33,12,12.5,322,321,16.9,31.0,1,3600.00,1011.8,998.2
2023-06-30T17:00,23.0,0.20,55,13.4,22.2,0.20,0.00,0.00,51,41,2,36,27,12.5,322,321,17.4,30.2,1,3600.00,1011.5,997.8
2023-06-30T18:00,22.9,0.00,51,12.2,21.9,0.00,0.00,0.00,1,41,0,40,17,11.7,325,326,17.1,28.4,1,3600.00,1011.1,997.4
2023-06-30T19:00,22.5,0.00,50,11.7,22.0,0.00,0.00,0.00,1,22,0,19,13,6.7,322,324,12.8,26.3,1,3600.00,1011.1,997.4
2023-06-30T20:00,20.4,0.00,63,13.1,20.5,0.00,0.00,0.00,3,100,16,100,35,5.6,340,333,11.8,14.4,1,3460.31,1011.4,997.6
2023-06-30T21:00,20.8,0.00,50,10.0,19.2,0.00,0.00,0.00,2,77,61,31,20,10.7,351,346,21.1,20.9,0,0.00,1012.2,998.4
2023-06-30T22:00,19.3,0.00,53,9.5,17.8,0.00,0.00,0.00,2,76,51,49,22,9.5,6,11,20.6,21.6,0,0.00,1012.4,998.6
2023-06-30T23:00,17.6,0.00,62,10.3,16.9,0.00,0.00,0.00,2,54,14,44,29,5.2,10,25,12.8,18.4,0,0.00,1012.5,998.6
2023-07-01T00:00,18.6,0.00,55,9.4,18.3,0.00,0.00,0.00,0,3,0,3,1,0.8,312,117,4.8,9.0,0,0.00,1012.1,998.2
2023-07-01T01:00,17.4,0.00,64,10.5,16.9,0.00,0.00,0.00,0,17,0,4,0,4.4,294,351,7.1,7.6,0,0.00,1012.0,998.1
2023-07-01T02:00,17.6,0.00,61,10.1,17.2,0.00,0.00,0.00,0,15,0,15,0,3.1,312,45,5.4,7.9,0,0.00,1011.8,997.9
2023-07-01T03:00,15.1,0.00,74,10.4,14.4,0.00,0.00,0.00,0,16,0,15,6,5.4,193,160,9.3,9.0,0,0.00,1011.6,997.6
2023-07-01T04:00,14.6,0.00,79,11.0,13.5,0.00,0.00,0.00,1,21,0,20,8,9.4,203,184,21.1,18.4,0,0.00,1011.5,997.4
2023-07-01T05:00,14.7,0.00,77,10.8,13.4,0.00,0.00,0.00,1,37,6,33,8,10.2,217,203,23.1,20.5,1,0.00,1011.7,997.6
2023-07-01T06:00,15.8,0.00,78,12.0,14.9,0.00,0.00,0.00,1,40,37,3,2,10.5,221,207,26.0,24.8,1,3562.55,1011.5,997.5
2023-07-01T07:00,17.3,0.00,71,12.1,16.1,0.00,0.00,0.00,2,65,64,4,2,12.4,220,216,19.2,27.0,1,3600.00,1011.2,997.3
2023-07-01T08:00,18.8,0.00,62,11.5,17.2,0.00,0.00,0.00,3,95,95,0,0,14.4,219,217,20.5,32.0,1,3600.00,1011.0,997.2
2023-07-01T09:00,20.1,0.00,56,11.1,18.1,0.00,0.00,0.00,3,89,89,3,0,16.1,221,219,23.0,36.4,1,3600.00,1010.7,996.9
2023-07-01T10:00,21.7,0.00,48,10.2,18.9,0.00,0.00,0.00,3,100,63,100,100,22.2,227,227,31.3,45.0,1,3600.00,1010.1,996.4
2023-07-01T11:00,21.6,0.00,50,10.8,18.4,0.00,0.00,0.00,3,100,45,100,100,23.6,235,236,34.2,49.3,1,1.29,1009.6,995.9
2023-07-01T12:00,20.3,0.00,59,12.0,18.1,0.00,0.00,0.00,3,100,100,96,80,19.2,232,232,28.2,49.3,1,0.00,1009.7,995.9
2023-07-01T13:00,20.8,0.50,61,12.9,18.8,0.50,0.00,0.00,53,100,100,100,100,19.9,230,229,28.9,46.1,1,513.07,1009.4,995.7
2023-07-01T14:00,21.2,0.20,60,13.0,19.3,0.20,0.00,0.00,51,100,59,99,100,19.5,233,231,29.0,41.4,1,87.89,1009.0,995.3
2023-07-01T15:00,20.9,0.20,61,13.1,19.0,0.20,0.00,0.00,51,99,24,89,98,20.2,236,235,30.6,44.3,1,0.00,1008.7,995.0
2023-07-01T16:00,21.3,0.00,60,13.1,19.0,0.00,0.00,0.00,3,100,86,100,100,22.3,238,239,33.0,47.9,1,0.00,1008.4,994.7
2023-07-01T17:00,20.7,0.20,65,13.8,19.2,0.20,0.00,0.00,51,100,5,100,100,18.7,231,230,28.7,46.1,1,0.00,1008.6,994.9
2023-07-01T18:00,20.7,0.00,67,14.3,19.5,0.00,0.00,0.00,3,96,0,86,76,17.9,233,232,28.5,38.5,1,465.50,1008.2,994.5
2023-07-01T19:00,20.1,0.10,72,14.9,19.3,0.10,0.00,0.00,51,94,0,92,85,16.2,233,233,25.7,45.0,1,1143.16,1008.2,994.5
2023-07-01T20:00,19.7,0.00,75,15.1,19.3,0.00,0.00,0.00,1,21,0,11,15,14.5,230,228,24.8,32.8,1,68.86,1008.4,994.6
2023-07-01T21:00,18.6,0.30,81,15.3,18.3,0.30,0.00,0.00,51,100,0,100,100,13.9,240,239,25.3,30.2,0,0.00,1009.2,995.4
2023-07-01T22:00,18.3,0.50,86,16.0,18.4,0.50,0.00,0.00,53,89,0,82,62,13.4,245,243,23.8,29.2,0,0.00,1009.7,995.8
2023-07-01T23:00,18.2,0.00,88,16.2,18.2,0.00,0.00,0.00,3,86,0,86,12,14.3,246,242,26.0,29.2,0,0.00,1009.9,996.0
2023-07-02T00:00,17.8,0.00,88,15.8,17.7,0.00,0.00,0.00,0,14,0,5,11,14.4,252,248,25.7,29.2,0,0.00,1010.2,996.3
2023-07-02T01:00,16.8,0.00,83,14.0,16.5,0.00,0.00,0.00,1,36,0,1,53,11.2,269,264,24.1,29.2,0,0.00,1010.4,996.5
2023-07-02T02:00,16.6,0.00,82,13.5,16.5,0.00,0.00,0.00,3,100,1,89,100,8.6,260,255,19.8,23.4,0,0.00,1010.4,996.5
2023-07-02T03:00,16.8,0.00,83,14.0,16.6,0.00,0.00,0.00,2,51,0,48,24,10.1,254,253,21.0,20.9,0,0.00,1010.7,996.8
2023-07-02T04:00,16.4,0.00,80,13.0,15.6,0.00,0.00,0.00,0,10,0,4,8,11.8,261,258,23.0,24.5,0,0.00,1011.0,997.0
2023-07-02T05:00,15.6,0.00,78,11.9,14.4,0.00,0.00,0.00,0,2,0,0,2,12.6,260,257,24.1,25.2,1,0.00,1011.4,997.4
2023-07-02T06:00,16.0,0.00,75,11.6,14.5,0.00,0.00,0.00,0,4,0,0,4,13.5,257,254,23.3,28.1,1,3527.12,1012.0,998.0
2023-07-02T07:00,16.8,0.00,71,11.4,14.9,0.00,0.00,0.00,1,22,0,0,22,15.5,250,248,23.0,32.8,1,3600.00,1012.3,998.3
2023-07-02T08:00,18.1,0.00,64,11.2,16.1,0.00,0.00,0.00,1,25,0,0,25,16.1,245,243,23.4,35.3,1,3600.00,1012.8,998.9
2023-07-02T09:00,19.5,0.00,55,10.3,16.9,0.00,0.00,0.00,1,29,0,1,29,18.4,254,253,26.2,40.7,1,3600.00,1012.8,999.0
2023-07-02T10:00,20.6,0.00,49,9.5,17.9,0.00,0.00,0.00,1,31,0,28,22,20.0,256,256,28.6,43.9,1,3600.00,1012.6,998.8
2023-07-02T11:00,21.9,0.00,42,8.3,19.0,0.00,0.00,0.00,3,100,0,100,26,20.7,257,257,29.5,45.0,1,3600.00,1012.3,998.6
2023-07-02T12:00,21.7,0.00,45,9.2,18.4,0.00,0.00,0.00,3,95,0,95,74,21.2,256,255,30.5,46.4,1,3600.00,1012.6,998.9
2023-07-02T13:00,22.7,0.00,41,8.9,19.5,0.00,0.00,0.00,3,100,0,100,17,19.6,262,263,27.3,45.7,1,2661.29,1012.5,998.8
2023-07-02T14:00,22.9,0.00,41,8.9,19.9,0.00,0.00,0.00,3,100,0,100,22,19.4,260,260,27.8,42.8,1,3600.00,1012.4,998.7
2023-07-02T15:00,22.6,0.00,42,9.1,19.6,0.00,0.00,0.00,2,77,0,77,20,19.1,268,268,27.7,42.8,1,3510.69,1012.5,998.8
2023-07-02T16:00,23.0,0.00,41,9.0,20.2,0.00,0.00,0.00,2,75,0,75,1,16.9,269,269,24.8,41.0,1,3600.00,1012.4,998.7
2023-07-02T17:00,23.1,0.00,40,8.9,20.2,0.00,0.00,0.00,3,100,0,100,0,17.7,267,266,26.3,38.2,1,3600.00,1012.3,998.6
2023-07-02T18:00,22.4,0.00,42,8.8,19.8,0.00,0.00,0.00,1,41,0,41,1,15.9,273,273,24.5,38.2,1,3600.00,1012.3,998.6
2023-07-02T19:00,21.8,0.00,44,9.0,19.4,0.00,0.00,0.00,1,27,0,26,10,14.1,274,274,24.5,33.8,1,3600.00,1012.3,998.6
2023-07-02T20:00,20.5,0.00,47,8.9,18.3,0.00,0.00,0.00,1,35,3,31,11,12.6,268,267,24.1,29.9,1,3434.62,1012.7,998.9
2023-07-02T21:00,19.2,0.00,51,8.7,17.4,0.00,0.00,0.00,0,6,5,1,0,9.7,275,274,22.0,25.9,0,0.00,1013.0,999.1
2023-07-02T22:00,17.5,0.00,58,9.2,16.2,0.00,0.00,0.00,0,18,10,8,1,7.3,265,259,19.9,19.8,0,0.00,1013.3,999.4
2023-07-02T23:00,16.8,0.00,61,9.4,15.5,0.00,0.00,0.00,0,11,8,1,3,8.2,261,255,21.8,16.9,0,0.00,1013.5,999.5
2023-07-03T00:00,16.2,0.00,64,9.4,14.9,0.00,0.00,0.00,0,2,0,2,0,7.8,258,248,21.3,16.9,0,0.00,1013.5,999.5
2023-07-03T01:00,16.4,0.00,68,10.5,15.5,0.00,0.00,0.00,0,14,0,2,13,6.9,247,223,16.5,16.2,0,0.00,1013.3,999.3
2023-07-03T02:00,15.6,0.00,69,9.9,14.5,0.00,0.00,0.00,2,57,0,9,57,7.5,235,215,19.9,15.8,0,0.00,1013.3,999.3
2023-07-03T03:00,15.5,0.00,68,9.7,14.1,0.00,0.00,0.00,2,69,0,27,61,9.5,224,209,22.4,18.7,0,0.00,1013.3,999.3
2023-07-03T04:00,15.4,0.00,68,9.6,14.0,0.00,0.00,0.00,0,19,0,9,18,8.7,233,225,22.4,19.1,0,0.00,1013.3,999.3
2023-07-03T05:00,15.2,0.00,70,9.7,13.7,0.00,0.00,0.00,1,27,0,23,23,9.4,237,230,22.4,19.4,1,0.00,1013.4,999.3
2023-07-03T06:00,15.9,0.00,70,10.5,14.8,0.00,0.00,0.00,1,37,2,26,27,8.9,247,238,20.7,20.2,1,3489.43,1013.8,999.8
2023-07-03T07:00,17.3,0.00,66,10.8,16.0,0.00,0.00,0.00,2,50,15,31,37,10.4,254,250,16.9,23.0,1,3600.00,1014.3,1000.3
2023-07-03T08:00,18.1,0.00,57,9.6,15.9,0.00,0.00,0.00,1,37,24,14,15,14.7,258,259,21.3,32.4,1,3600.00,1014.6,1000.7
2023-07-03T09:00,19.3,0.00,52,9.2,16.6,0.00,0.00,0.00,1,30,1,3,29,16.7,257,256,23.3,36.4,1,3600.00,1014.6,1000.7
2023-07-03T10:00,20.2,0.00,49,9.2,17.1,0.00,0.00,0.00,3,100,0,100,98,22.7,255,255,32.0,48.2,1,3600.00,1014.4,1000.6
2023-07-03T11:00,19.8,0.00,51,9.4,16.6,0.00,0.00,0.00,1,31,0,24,16,21.0,255,254,30.9,49.0,1,0.00,1014.7,1000.8
2023-07-03T12:00,22.0,0.00,44,9.1,19.7,0.00,0.00,0.00,1,42,0,39,12,21.0,255,254,29.9,48.6,1,3600.00,1014.6,1000.9
2023-07-03T13:00,22.6,0.00,41,8.6,19.8,0.00,0.00,0.00,3,90,0,51,11,22.2,253,253,31.6,50.0,1,3600.00,1014.6,1000.9
2023-07-03T14:00,23.2,0.00,38,8.0,19.7,0.00,0.00,0.00,3,100,0,100,17,23.0,257,256,32.9,48.6,1,3600.00,1014.1,1000.4
2023-07-03T15:00,21.8,0.00,46,9.8,18.1,0.00,0.00,0.00,3,100,60,100,100,24.8,256,257,36.7,51.8,1,0.00,1014.3,1000.5
2023-07-03T16:00,21.0,0.00,53,10.9,18.8,0.00,0.00,0.00,3,100,95,100,29,17.0,265,266,26.0,51.1,1,0.00,1014.6,1000.8
2023-07-03T17:00,21.6,0.00,51,11.1,19.5,0.00,0.00,0.00,3,100,94,54,100,16.5,258,260,24.6,36.0,1,0.00,1014.0,1000.2
2023-07-03T18:00,21.3,0.10,54,11.6,19.4,0.10,0.00,0.00,51,100,100,47,16,16.6,253,252,25.3,36.0,1,0.00,1013.9,1000.1
2023-07-03T19:00,21.2,0.00,56,11.9,19.9,0.00,0.00,0.00,1,33,5,26,18,12.9,248,247,22.6,34.6,1,2577.34,1013.5,999.7
2023-07-03T20:00,20.2,0.00,59,11.9,18.2,0.00,0.00,0.00,1,29,0,26,11,17.3,226,222,29.5,34.6,1,3418.16,1013.8,1000.0
2023-07-03T21:00,18.3,0.00,72,13.2,17.4,0.00,0.00,0.00,2,55,0,45,31,13.0,223,214,24.5,35.6,0,0.00,1014.4,1000.5
2023-07-03T22:00,17.6,0.00,79,13.9,16.9,0.00,0.00,0.00,1,44,0,24,34,13.2,211,202,23.9,26.6,0,0.00,1014.7,1000.7
2023-07-03T23:00,17.1,0.00,85,14.6,16.8,0.00,0.00,0.00,1,43,0,34,29,12.6,220,211,24.0,26.6,0,0.00,1014.9,1000.9
2023-07-04T00:00,16.9,0.00,88,14.9,16.7,0.00,0.00,0.00,1,40,0,38,14,12.1,223,217,23.4,25.6,0,0.00,1014.9,1000.9
2023-07-04T01:00,17.5,0.00,85,14.9,17.4,0.00,0.00,0.00,0,0,0,2,12,12.0,232,226,24.1,24.5,0,0.00,1014.3,1000.3
2023-07-04T02:00,16.3,0.00,91,14.9,16.7,0.00,0.00,0.00,0,0,0,0,0,8.2,221,209,20.4,23.8,0,0.00,1014.6,1000.6
2023-07-04T03:00,15.6,0.00,92,14.3,15.8,0.00,0.00,0.00,0,0,0,0,0,7.8,222,202,19.4,16.9,0,0.00,1014.9,1000.8
2023-07-04T04:00,15.1,0.00,93,13.9,15.2,0.00,0.00,0.00,0,0,0,0,0,7.4,230,219,19.4,16.2,0,0.00,1015.1,1001.0
2023-07-04T05:00,14.7,0.00,93,13.6,14.9,0.00,0.00,0.00,0,16,0,11,15,5.9,239,218,16.0,15.1,1,0.00,1015.3,1001.2
2023-07-04T06:00,15.9,0.00,88,13.9,16.1,0.00,0.00,0.00,0,19,2,9,17,7.1,231,195,13.8,13.7,1,3449.60,1015.6,1001.6
2023-07-04T07:00,17.4,0.00,78,13.6,17.7,0.00,0.00,0.00,1,31,6,20,21,6.2,213,201,9.9,15.8,1,3600.00,1015.8,1001.8
2023-07-04T08:00,19.0,0.00,67,12.8,18.7,0.00,0.00,0.00,1,27,2,23,6,7.4,222,219,10.2,19.4,1,3600.00,1016.1,1002.2
2023-07-04T09:00,20.6,0.00,57,11.7,19.5,0.00,0.00,0.00,1,21,0,19,5,11.0,239,238,15.2,25.9,1,3600.00,1016.0,1002.2
2023-07-04T10:00,22.0,0.00,48,10.5,20.7,0.00,0.00,0.00,2,61,52,19,3,13.4,247,246,18.4,31.0,1,3600.00,1015.7,1001.9
2023-07-04T11:00,23.3,0.00,42,9.5,22.0,0.00,0.00,0.00,1,29,9,22,1,14.6,251,250,19.8,33.8,1,3600.00,1015.4,1001.7
2023-07-04T12:00,24.0,0.00,40,9.5,22.9,0.00,0.00,0.00,1,28,9,22,0,13.9,250,249,18.8,33.8,1,3600.00,1014.9,1001.2
2023-07-04T13:00,25.0,0.00,34,7.8,23.5,0.00,0.00,0.00,2,51,3,100,0,14.5,265,264,19.9,32.8,1,3600.00,1014.8,1001.2
2023-07-04T14:00,24.8,0.00,36,8.5,22.5,0.00,0.00,0.00,3,98,34,98,0,13.1,255,254,17.9,32.4,1,3600.00,1014.6,1001.0
2023-07-04T15:00,24.5,0.00,37,9.1,22.7,0.00,0.00,0.00,3,82,59,57,0,10.8,245,244,15.5,29.9,1,526.00,1014.2,1000.6
2023-07-04T16:00,25.3,0.00,35,8.7,23.5,0.00,0.00,0.00,3,100,62,100,0,9.8,246,246,13.4,24.8,1,3600.00,1013.5,999.9
2023-07-04T17:00,25.0,0.00,37,9.4,23.8,0.00,0.00,0.00,2,58,15,51,0,7.0,248,249,11.6,22.0,1,728.08,1013.1,999.5
2023-07-04T18:00,25.5,0.00,41,11.3,25.4,0.00,0.00,0.00,3,87,8,87,0,3.3,261,257,6.9,16.6,1,3600.00,1012.3,998.7
2023-07-04T19:00,24.4,0.00,40,10.1,23.0,0.00,0.00,0.00,1,38,0,38,0,10.0,199,193,19.5,19.1,1,3600.00,1012.1,998.5
2023-07-04T20:00,21.9,0.00,52,11.6,19.9,0.00,0.00,0.00,3,93,87,48,0,16.9,200,200,29.8,36.7,1,3399.29,1012.7,999.0
2023-07-04T21:00,20.4,0.00,61,12.7,19.3,0.00,0.00,0.00,3,97,96,44,0,13.4,193,188,27.0,33.1,0,0.00,1013.2,999.4
2023-07-04T22:00,19.6,0.00,65,12.7,18.4,0.00,0.00,0.00,3,81,19,77,0,13.8,191,186,27.2,28.4,0,0.00,1013.0,999.2
2023-07-04T23:00,19.3,0.00,68,13.4,18.9,0.00,0.00,0.00,3,91,85,42,0,10.0,172,159,21.4,27.0,0,0.00,1012.6,998.8
2023-07-05T00:00,18.1,0.30,76,13.8,18.3,0.30,0.00,0.00,51,99,97,66,30,7.2,180,153,16.9,20.2,0,0.00,1012.7,998.8
2023-07-05T01:00,18.6,0.60,73,13.6,18.2,0.60,0.00,0.00,53,90,2,85,0,10.5,149,121,17.6,19.8,0,0.00,1012.1,998.2
2023-07-05T02:00,18.0,0.00,78,14.1,18.5,0.00,0.00,0.00,3,100,100,96,8,6.0,196,197,15.7,20.5,0,0.00,1011.2,997.3
2023-07-05T03:00,17.5,1.30,89,15.8,17.5,1.30,0.00,0.00,61,99,99,31,6,13.8,180,165,24.8,26.3,0,0.00,1011.4,997.5
2023-07-05T04:00,16.5,1.40,92,15.2,15.9,1.40,0.00,0.00,61,99,99,47,31,16.4,204,199,29.5,35.6,0,0.00,1011.6,997.6
2023-07-05T05:00,16.9,0.00,88,15.0,16.5,0.00,0.00,0.00,3,99,96,77,31,14.5,206,199,26.9,34.9,1,0.00,1011.5,997.6
2023-07-05T06:00,16.7,1.60,91,15.3,15.6,1.60,0.00,0.00,61,93,3,62,84,19.8,219,217,33.5,42.5,1,0.00,1012.1,998.1
2023-07-05T07:00,17.1,0.80,91,15.7,15.9,0.80,0.00,0.00,53,98,2,48,97,21.6,225,224,34.1,42.1,1,746.78,1012.4,998.5
2023-07-05T08:00,17.6,0.40,86,15.3,16.6,0.40,0.00,0.00,51,100,1,100,80,19.0,238,237,28.5,45.7,1,0.00,1013.3,999.4
2023-07-05T09:00,17.7,0.00,75,13.1,15.9,0.00,0.00,0.00,2,73,66,4,18,18.9,240,239,26.6,42.5,1,3355.57,1014.0,1000.1
2023-07-05T10:00,18.7,0.00,63,11.6,16.5,0.00,0.00,0.00,1,41,12,0,34,19.3,243,241,27.0,43.2,1,3600.00,1014.4,1000.5
2023-07-05T11:00,20.0,0.00,54,10.4,18.3,0.00,0.00,0.00,1,22,0,0,22,19.0,242,241,26.6,42.8,1,3600.00,1014.8,1001.0
2023-07-05T12:00,21.0,0.00,44,8.4,19.2,0.00,0.00,0.00,0,9,0,1,9,19.3,247,246,27.3,43.9,1,3600.00,1014.8,1001.0
2023-07-05T13:00,21.2,0.00,45,8.8,19.6,0.00,0.00,0.00,1,32,0,30,14,19.7,255,255,27.6,49.0,1,3600.00,1015.4,1001.6
2023-07-05T14:00,22.3,0.00,38,7.3,19.4,0.00,0.00,0.00,1,43,0,43,3,22.2,253,253,31.6,47.5,1,3600.00,1015.1,1001.4
2023-07-05T15:00,22.2,0.00,38,7.0,18.6,0.00,0.00,0.00,1,27,0,26,4,21.7,251,251,31.5,49.7,1,3600.00,1015.2,1001.5
2023-07-05T16:00,22.5,0.00,36,6.6,18.8,0.00,0.00,0.00,1,38,0,38,0,21.7,254,255,31.5,47.5,1,3600.00,1015.2,1001.5
2023-07-05T17:00,21.9,0.00,37,6.5,17.9,0.00,0.00,0.00,2,54,0,54,0,21.3,258,258,32.1,47.9,1,3600.00,1015.3,1001.5
2023-07-05T18:00,20.9,0.00,41,7.1,17.1,0.00,0.00,0.00,0,4,0,4,0,20.9,267,267,32.1,46.1,1,3600.00,1015.7,1001.9
2023-07-05T19:00,20.3,0.00,42,7.1,17.5,0.00,0.00,0.00,1,33,0,33,4,14.0,260,258,24.5,43.9,1,3600.00,1015.9,1002.1
2023-07-05T20:00,18.8,0.00,50,8.2,17.3,0.00,0.00,0.00,0,11,0,11,0,6.5,274,273,16.6,29.5,1,3378.02,1016.3,1002.4
2023-07-05T21:00,16.3,0.00,63,9.2,15.1,0.00,0.00,0.00,3,99,99,13,3,6.5,270,264,13.3,13.7,0,0.00,1017.0,1003.0
2023-07-05T22:00,16.7,0.00,60,9.0,15.6,0.00,0.00,0.00,3,100,100,35,6,5.4,274,266,15.9,11.5,0,0.00,1017.7,1003.7
2023-07-05T23:00,16.6,0.00,63,9.6,15.7,0.00,0.00,0.00,2,55,25,40,6,5.4,282,270,14.3,11.9,0,0.00,1018.0,1004.0
2023-07-06T00:00,15.3,0.00,71,10.0,14.6,0.00,0.00,0.00,1,47,1,46,10,4.7,257,203,7.8,11.5,0,0.00,1018.1,1004.0
2023-07-06T01:00,17.9,0.00,55,8.8,17.1,0.00,0.00,0.00,1,45,0,19,0,3.2,286,333,5.2,11.2,0,0.00,1018.3,1004.3
2023-07-06T02:00,17.7,0.10,56,8.8,17.3,0.10,0.00,0.00,51,34,0,28,10,1.0,257,135,3.3,5.8,0,0.00,1018.4,1004.4
2023-07-06T03:00,17.2,0.00,58,8.9,16.4,0.00,0.00,0.00,1,34,0,24,29,3.6,204,135,4.3,6.1,0,0.00,1018.1,1004.1
2023-07-06T04:00,14.4,0.00,73,9.7,13.5,0.00,0.00,0.00,1,24,0,21,13,5.5,223,191,7.4,7.9,0,0.00,1017.9,1003.7
2023-07-06T05:00,13.6,0.00,81,10.4,13.0,0.00,0.00,0.00,0,15,0,14,10,4.8,229,193,10.0,9.7,1,0.00,1018.2,1004.0
2023-07-06T06:00,15.1,0.00,77,11.1,15.1,0.00,0.00,0.00,0,6,0,4,5,2.5,259,180,5.9,8.3,1,3363.89,1018.5,1004.4
2023-07-06T07:00,16.6,0.00,72,11.5,16.9,0.00,0.00,0.00,1,21,0,18,18,1.5,311,315,3.8,7.9,1,3600.00,1018.8,1004.7
2023-07-06T08:00,18.2,0.00,66,11.7,18.2,0.00,0.00,0.00,0,17,0,8,16,3.6,315,315,5.1,13.0,1,3600.00,1019.0,1005.0
2023-07-06T09:00,19.7,0.00,57,10.9,19.1,0.00,0.00,0.00,1,32,0,32,1,5.8,293,292,7.4,17.3,1,3600.00,1019.2,1005.3
2023-07-06T10:00,20.6,0.00,51,10.1,19.9,0.00,0.00,0.00,0,15,0,10,10,6.3,293,294,8.2,18.7,1,3600.00,1019.2,1005.3
2023-07-06T11:00,21.9,0.00,46,9.8,22.1,0.00,0.00,0.00,0,19,0,11,17,6.2,292,291,7.8,19.1,1,3600.00,1019.0,1005.2
2023-07-06T12:00,23.0,0.00,42,9.3,23.4,0.00,0.00,0.00,1,26,0,26,3,6.7,286,286,9.0,20.2,1,3600.00,1018.7,1004.9
2023-07-06T13:00,23.5,0.00,38,8.4,23.5,0.00,0.00,0.00,1,20,0,33,1,6.1,315,320,7.6,20.5,1,3600.00,1018.6,1004.9
2023-07-06T14:00,24.4,0.00,36,8.4,24.6,0.00,0.00,0.00,1,43,0,43,0,4.8,317,318,5.9,18.7,1,3600.00,1018.2,1004.5
2023-07-06T15:00,24.5,0.00,35,8.1,23.2,0.00,0.00,0.00,1,24,0,24,0,5.7,323,325,7.2,16.6,1,3600.00,1017.8,1004.1
2023-07-06T16:00,24.7,0.00,34,7.6,23.4,0.00,0.00,0.00,0,16,0,16,0,5.0,324,330,6.2,16.9,1,3600.00,1017.5,1003.8
2023-07-06T17:00,24.9,0.00,34,7.9,23.7,0.00,0.00,0.00,0,9,0,9,0,4.0,352,355,5.1,14.4,1,3600.00,1017.4,1003.7
2023-07-06T18:00,24.4,0.00,36,8.5,23.3,0.00,0.00,0.00,0,0,0,0,0,4.8,28,27,6.9,11.9,1,3600.00,1017.4,1003.7
2023-07-06T19:00,23.2,0.00,49,11.9,23.1,0.00,0.00,0.00,0,0,0,0,0,4.2,39,31,9.2,11.9,1,3600.00,1017.4,1003.7
2023-07-06T20:00,20.1,0.00,60,12.2,19.8,0.00,0.00,0.00,0,1,0,1,0,6.8,81,72,6.6,9.4,1,3354.33,1017.7,1003.8
2023-07-06T21:00,18.8,0.00,52,8.6,17.6,0.00,0.00,0.00,0,1,0,1,0,5.1,108,86,8.0,10.1,0,0.00,1018.3,1004.4
2023-07-06T22:00,17.5,0.00,51,7.1,15.3,0.00,0.00,0.00,0,5,0,5,0,10.0,72,77,20.0,18.4,0,0.00,1018.8,1004.8
2023-07-06T23:00,17.5,0.00,47,6.1,15.3,0.00,0.00,0.00,0,3,0,3,0,8.7,81,83,20.8,19.1,0,0.00,1019.0,1005.0
2023-07-07T00:00,15.9,0.00,53,6.5,14.0,0.00,0.00,0.00,0,1,0,1,0,6.6,85,77,17.0,16.2,0,0.00,1019.2,1005.1
2023-07-07T01:00,14.6,0.00,67,8.5,12.8,0.00,0.00,0.00,0,12,0,0,0,9.5,89,101,16.2,13.0,0,0.00,1019.4,1005.2
2023-07-07T02:00,13.5,0.00,69,7.8,12.0,0.00,0.00,0.00,0,0,0,0,0,5.9,90,79,10.1,14.0,0,0.00,1019.5,1005.3
2023-07-07T03:00,12.3,0.00,74,7.9,11.1,0.00,0.00,0.00,0,0,0,0,0,4.8,68,63,5.8,9.0,0,0.00,1019.4,1005.1
2023-07-07T04:00,11.6,0.00,79,8.0,10.4,0.00,0.00,0.00,0,0,0,0,0,4.6,58,72,3.4,8.3,0,0.00,1019.6,1005.3
2023-07-07T05:00,12.1,0.00,77,8.1,11.0,0.00,0.00,0.00,0,0,0,0,0,3.6,96,96,6.9,7.6,1,0.00,1020.0,1005.7
2023-07-07T06:00,14.5,0.00,71,9.3,13.6,0.00,0.00,0.00,0,0,0,0,0,4.8,88,77,9.7,9.0,1,3318.24,1020.1,1005.9
2023-07-07T07:00,17.8,0.00,64,11.0,17.8,0.00,0.00,0.00,0,0,0,0,0,2.3,83,18,9.4,10.4,1,3600.00,1020.3,1006.3
2023-07-07T08:00,20.8,0.00,56,11.6,21.1,0.00,0.00,0.00,0,0,0,0,0,1.1,66,18,3.5,8.3,1,3600.00,1020.3,1006.4
2023-07-07T09:00,23.1,0.00,49,11.8,23.2,0.00,0.00,0.00,0,0,0,0,0,3.2,90,90,5.0,12.2,1,3600.00,1020.3,1006.5
2023-07-07T10:00,25.2,0.00,44,12.0,25.9,0.00,0.00,0.00,0,0,0,0,0,5.0,108,111,7.2,15.8,1,3600.00,1020.2,1006.5
2023-07-07T11:00,26.7,0.00,39,11.6,27.7,0.00,0.00,0.00,0,0,0,0,0,6.6,130,131,8.9,19.1,1,3600.00,1020.1,1006.5
2023-07-07T12:00,27.8,0.00,36,11.6,28.9,0.00,0.00,0.00,0,0,0,0,0,8.4,134,133,11.5,22.7,1,3600.00,1019.7,1006.2
2023-07-07T13:00,29.6,0.00,30,9.9,30.7,0.00,0.00,0.00,0,2,0,1,0,6.1,152,152,7.7,22.7,1,3600.00,1019.1,1005.6
2023-07-07T14:00,29.9,0.00,29,10.0,31.2,0.00,0.00,0.00,0,0,0,0,0,4.4,133,125,5.9,17.6,1,3600.00,1018.6,1005.2
2023-07-07T15:00,30.3,0.00,28,10.0,31.1,0.00,0.00,0.00,0,0,0,0,0,5.4,101,94,7.3,15.8,1,3600.00,1018.1,1004.7
2023-07-07T16:00,30.4,0.00,27,9.6,29.9,0.00,0.00,0.00,0,9,9,0,0,8.0,101,95,11.0,19.4,1,3600.00,1017.4,1004.0
2023-07-07T17:00,30.2,0.00,28,9.5,28.9,0.00,0.00,0.00,1,45,45,0,0,8.0,114,108,12.6,20.2,1,3600.00,1017.1,1003.7
2023-07-07T18:00,29.4,0.00,29,9.6,28.2,0.00,0.00,0.00,2,68,67,5,0,7.4,115,113,14.3,19.4,1,3600.00,1017.0,1003.6
2023-07-07T19:00,27.3,0.00,38,11.6,26.7,0.00,0.00,0.00,1,48,45,4,0,7.2,105,96,18.3,18.0,1,3600.00,1017.0,1003.5
2023-07-07T20:00,25.1,0.00,38,9.8,23.7,0.00,0.00,0.00,2,51,49,5,0,8.6,104,92,21.9,17.3,1,3328.25,1017.0,1003.4
2023-07-07T21:00,23.8,0.00,39,9.0,22.0,0.00,0.00,0.00,2,71,71,0,0,10.4,98,90,25.5,20.5,0,0.00,1017.2,1003.5
2023-07-07T22:00,23.2,0.00,37,7.8,20.9,0.00,0.00,0.00,0,10,10,0,0,11.9,97,92,28.0,23.4,0,0.00,1017.4,1003.7
2023-07-07T23:00,22.8,0.00,35,6.5,20.0,0.00,0.00,0.00,0,7,4,3,0,12.6,110,103,28.8,24.8,0,0.00,1017.7,1003.9
2023-07-08T00:00,21.9,0.00,38,7.0,19.3,0.00,0.00,0.00,1,23,9,15,0,12.2,113,109,27.4,25.2,0,0.00,1017.9,1004.1
2023-07-08T01:00,22.3,0.00,42,8.7,20.2,0.00,0.00,0.00,3,84,65,26,0,11.6,115,112,25.9,23.8,0,0.00,1017.3,1003.5
2023-07-08T02:00,20.5,0.00,50,9.7,20.0,0.00,0.00,0.00,1,47,37,20,0,2.5,103,352,6.3,23.4,0,0.00,1018.2,1004.3
2023-07-08T03:00,19.2,0.00,52,9.1,17.4,0.00,0.00,0.00,3,86,86,3,0,10.7,66,48,16.9,19.8,0,0.00,1017.0,1003.1
2023-07-08T04:00,17.9,0.00,54,8.5,16.4,0.00,0.00,0.00,0,3,2,1,0,7.6,105,93,19.7,20.5,0,0.00,1016.8,1002.8
2023-07-08T05:00,17.5,0.00,55,8.4,15.9,0.00,0.00,0.00,0,7,0,7,0,8.0,100,80,19.4,16.2,1,0.00,1017.3,1003.3
2023-07-08T06:00,19.2,0.00,54,9.6,17.8,0.00,0.00,0.00,1,40,0,40,0,9.1,103,99,22.9,19.4,1,3270.86,1017.3,1003.4
2023-07-08T07:00,21.6,0.00,52,11.3,20.8,0.00,0.00,0.00,3,84,80,20,0,8.2,134,131,22.7,20.2,1,3600.00,1018.2,1004.4
2023-07-08T08:00,23.7,0.00,47,11.6,22.8,0.00,0.00,0.00,3,100,100,0,0,9.2,128,121,15.1,20.2,1,3600.00,1018.3,1004.6
2023-07-08T09:00,25.4,0.00,46,12.8,24.7,0.00,0.00,0.00,3,92,92,0,0,10.4,170,166,14.6,25.2,1,3600.00,1018.2,1004.6
2023-07-08T10:00,26.7,0.00,48,14.7,27.7,0.00,0.00,0.00,1,39,37,3,0,8.3,178,175,10.8,24.1,1,3600.00,1018.4,1004.8
2023-07-08T11:00,28.3,0.00,45,15.4,30.1,0.00,0.00,0.00,0,15,14,1,0,8.3,180,180,10.8,22.0,1,3600.00,1018.3,1004.8
2023-07-08T12:00,29.4,0.00,42,15.3,31.3,0.00,0.00,0.00,0,14,2,13,0,10.2,188,188,13.4,25.2,1,3600.00,1018.1,1004.6
2023-07-08T13:00,30.6,0.00,39,15.0,33.7,0.00,0.00,0.00,0,15,13,9,0,3.8,135,139,4.6,29.9,1,3600.00,1017.8,1004.4
2023-07-08T14:00,30.7,0.10,38,14.8,33.3,0.10,0.00,0.00,51,23,14,11,0,5.1,174,176,6.5,18.0,1,3600.00,1017.8,1004.4
2023-07-08T15:00,31.0,0.00,37,14.5,32.5,0.00,0.00,0.00,1,26,3,24,0,4.8,156,153,6.3,16.6,1,3600.00,1017.5,1004.1
2023-07-08T16:00,31.4,0.00,36,14.4,32.6,0.00,0.00,0.00,0,8,4,5,0,4.4,149,145,6.3,15.8,1,3600.00,1017.3,1003.9
2023-07-08T17:00,31.4,0.00,36,14.4,32.2,0.00,0.00,0.00,0,3,3,1,0,4.7,161,157,6.5,14.4,1,3600.00,1017.1,1003.7
2023-07-08T18:00,31.4,0.00,34,13.5,32.0,0.00,0.00,0.00,0,4,1,4,0,3.3,175,174,4.3,12.6,1,3600.00,1017.1,1003.7
2023-07-08T19:00,30.4,0.00,43,16.6,32.3,0.00,0.00,0.00,2,65,63,7,0,2.5,155,135,5.2,9.0,1,3600.00,1017.4,1004.0
2023-07-08T20:00,30.1,0.00,35,13.1,30.8,0.00,0.00,0.00,1,48,25,40,0,1.8,247,360,2.7,5.0,1,3299.77,1017.9,1004.5
2023-07-08T21:00,29.0,0.00,37,13.0,29.7,0.00,0.00,0.00,1,20,4,17,0,1.8,243,79,4.8,2.9,0,0.00,1018.4,1004.9
2023-07-08T22:00,24.8,0.00,53,14.7,25.4,0.00,0.00,0.00,0,2,0,2,0,6.9,311,332,11.0,9.4,0,0.00,1018.9,1005.2
2023-07-08T23:00,23.1,0.00,58,14.4,23.6,0.00,0.00,0.00,0,1,1,1,0,6.1,5,40,13.4,11.5,0,0.00,1019.0,1005.2
2023-07-09T00:00,22.4,0.00,60,14.2,22.9,0.00,0.00,0.00,0,5,0,5,0,5.8,70,94,10.4,12.6,0,0.00,1019.1,1005.3
2023-07-09T01:00,20.8,0.00,68,14.6,21.6,0.00,0.00,0.00,0,16,41,0,0,5.1,187,98,5.8,11.2,0,0.00,1019.2,1005.3
2023-07-09T02:00,20.4,0.00,66,13.8,20.8,0.00,0.00,0.00,1,47,47,0,0,5.6,155,105,6.8,9.7,0,0.00,1019.3,1005.4
2023-07-09T03:00,18.7,0.00,74,14.0,18.8,0.00,0.00,0.00,0,5,5,0,0,8.2,149,105,7.6,10.8,0,0.00,1019.5,1005.5
2023-07-09T04:00,18.5,0.00,73,13.6,18.7,0.00,0.00,0.00,1,24,24,0,0,6.6,158,103,6.6,10.8,0,0.00,1019.7,1005.7
2023-07-09T05:00,18.5,0.00,73,13.6,18.9,0.00,0.00,0.00,0,0,0,0,0,5.0,147,111,8.6,9.4,1,0.00,1020.1,1006.1
2023-07-09T06:00,20.1,0.00,71,14.7,20.6,0.00,0.00,0.00,0,6,6,0,0,7.2,134,108,10.9,13.0,1,3221.87,1020.3,1006.4
2023-07-09T07:00,22.9,0.00,66,16.3,23.9,0.00,0.00,0.00,0,0,0,0,0,7.6,128,115,13.3,15.5,1,3600.00,1020.3,1006.5
2023-07-09T08:00,25.8,0.00,59,17.2,27.7,0.00,0.00,0.00,0,0,0,0,0,4.4,126,125,8.5,15.1,1,3600.00,1020.4,1006.8
2023-07-09T09:00,28.2,0.00,51,17.2,30.1,0.00,0.00,0.00,1,20,20,0,0,4.6,140,141,6.1,14.0,1,3600.00,1020.4,1006.9
2023-07-09T10:00,30.1,0.00,46,17.2,32.7,0.00,0.00,0.00,2,51,51,0,0,4.5,150,151,5.8,14.8,1,3600.00,1020.1,1006.6
2023-07-09T11:00,31.7,0.00,39,16.3,34.7,0.00,0.00,0.00,2,66,66,0,0,4.0,148,153,5.5,14.8,1,3600.00,1019.8,1006.4
2023-07-09T12:00,33.0,0.00,34,15.0,35.8,0.00,0.00,0.00,2,73,71,9,0,4.8,149,153,6.3,15.5,1,3600.00,1019.4,1006.1
2023-07-09T13:00,34.4,0.00,29,13.7,36.6,0.00,0.00,0.00,3,100,100,19,0,5.6,137,135,7.4,16.2,1,3600.00,1018.8,1005.6
2023-07-09T14:00,34.4,0.00,28,13.4,35.7,0.00,0.00,0.00,3,100,100,12,0,4.3,142,132,5.9,15.1,1,3600.00,1018.1,1004.9
2023-07-09T15:00,35.1,0.00,26,12.6,36.4,0.00,0.00,0.00,3,100,100,1,0,3.4,119,108,4.5,14.4,1,3600.00,1017.6,1004.4
2023-07-09T16:00,35.4,0.00,25,12.6,36.0,0.00,0.00,0.00,3,100,100,3,0,2.6,124,106,3.9,11.9,1,3600.00,1017.0,1003.8
2023-07-09T17:00,36.0,0.00,21,10.4,35.7,0.00,0.00,0.00,3,100,100,12,0,2.7,165,157,4.1,10.8,1,3600.00,1016.4,1003.2
2023-07-09T18:00,34.9,0.00,27,13.3,35.1,0.00,0.00,0.00,3,100,100,29,0,5.7,238,235,9.4,10.8,1,3253.52,1016.6,1003.4
2023-07-09T19:00,30.5,0.00,46,17.7,32.4,0.00,0.00,0.00,3,100,100,45,0,5.8,269,266,16.9,12.2,1,0.00,1017.0,1003.6
2023-07-09T20:00,28.9,0.00,41,14.5,29.4,0.00,0.00,0.00,3,100,100,25,0,6.9,278,279,18.9,13.0,1,0.00,1017.2,1003.7
2023-07-09T21:00,28.5,0.00,39,13.1,27.7,0.00,0.00,0.00,3,96,96,5,0,11.7,352,351,25.5,21.6,0,0.00,1017.6,1004.1
2023-07-09T22:00,25.6,0.00,50,14.5,25.9,0.00,0.00,0.00,1,20,15,5,0,7.9,23,39,16.5,21.6,0,0.00,1017.7,1004.1
2023-07-09T23:00,26.8,0.00,42,13.0,27.1,0.00,0.00,0.00,0,8,8,0,0,4.2,360,340,6.5,13.0,0,0.00,1017.8,1004.2
2023-07-10T00:00,25.3,0.00,48,13.5,25.8,0.00,0.00,0.00,0,8,7,1,0,4.1,321,322,5.1,6.5,0,0.00,1018.1,1004.5
2023-07-10T01:00,24.4,0.00,64,17.2,24.8,0.00,0.00,0.00,3,93,83,4,0,14.8,341,347,27.4,7.2,0,0.00,1018.5,1004.8
2023-07-10T02:00,23.4,0.00,69,17.4,24.2,0.00,0.00,0.00,3,99,99,16,0,12.0,8,9,25.8,28.8,0,0.00,1017.9,1004.2
2023-07-10T03:00,21.6,0.00,78,17.5,21.8,0.00,0.00,0.00,3,100,100,40,0,16.7,345,346,30.1,41.4,0,0.00,1020.0,1006.2
2023-07-10T04:00,21.0,0.00,81,17.6,22.8,0.00,0.00,0.00,2,69,66,11,0,6.0,348,343,15.8,32.0,0,0.00,1019.3,1005.4
2023-07-10T05:00,20.6,0.00,83,17.7,22.2,0.00,0.00,0.00,3,89,87,12,1,8.0,276,262,14.8,16.2,1,0.00,1020.1,1006.2
2023-07-10T06:00,21.3,0.00,82,18.1,23.4,0.00,0.00,0.00,1,34,16,22,0,6.0,227,197,12.7,17.3,1,313.17,1020.5,1006.6
2023-07-10T07:00,22.8,0.00,76,18.3,25.0,0.00,0.00,0.00,1,39,28,23,0,5.8,237,240,12.5,15.1,1,3600.00,1020.9,1007.1
2023-07-10T08:00,24.5,0.00,70,18.7,27.1,0.00,0.00,0.00,0,1,0,1,0,4.7,267,266,7.2,17.3,1,3600.00,1020.9,1007.2
2023-07-10T09:00,26.1,0.00,67,19.6,29.0,0.00,0.00,0.00,0,15,3,12,3,4.7,236,238,6.5,22.7,1,3600.00,1021.4,1007.7
2023-07-10T10:00,27.0,0.60,64,19.7,29.4,0.60,0.00,0.00,53,22,0,13,14,11.2,270,272,15.1,26.6,1,3600.00,1021.0,1007.4
2023-07-10T11:00,28.5,0.10,54,18.3,30.5,0.10,0.00,0.00,51,16,0,9,10,12.2,270,270,16.9,29.2,1,3600.00,1020.9,1007.4
2023-07-10T12:00,29.8,0.00,44,16.2,31.0,0.00,0.00,0.00,1,25,0,15,12,14.8,268,269,20.5,34.9,1,3600.00,1020.5,1007.0
2023-07-10T13:00,32.3,0.00,30,12.5,31.8,0.00,0.00,0.00,0,17,4,1,0,16.6,257,257,22.2,36.0,1,3600.00,1019.4,1006.0
2023-07-10T14:00,31.9,0.00,29,11.7,31.3,0.00,0.00,0.00,0,2,0,2,0,17.7,266,266,24.5,39.6,1,3600.00,1019.2,1005.8
2023-07-10T15:00,31.2,0.00,30,11.5,30.1,0.00,0.00,0.00,0,1,0,1,0,17.6,269,269,25.2,40.7,1,3600.00,1019.1,1005.7
2023-07-10T16:00,31.1,0.00,31,11.9,30.1,0.00,0.00,0.00,0,0,0,0,0,15.4,279,281,21.8,39.6,1,3600.00,1018.9,1005.5
2023-07-10T17:00,30.5,0.00,31,11.4,28.7,0.00,0.00,0.00,0,0,0,0,0,14.8,295,296,22.2,34.2,1,3600.00,1018.8,1005.4
2023-07-10T18:00,29.7,0.00,32,11.1,28.0,0.00,0.00,0.00,0,2,2,0,0,14.0,288,288,22.3,33.1,1,3600.00,1018.9,1005.4
2023-07-10T19:00,28.2,0.00,39,12.9,27.9,0.00,0.00,0.00,0,0,0,0,0,8.1,292,291,17.4,30.6,1,3600.00,1019.0,1005.5
2023-07-10T20:00,25.6,0.00,47,13.5,25.8,0.00,0.00,0.00,0,1,1,0,0,6.5,279,273,18.2,18.0,1,3235.64,1019.2,1005.6
2023-07-10T21:00,24.3,0.00,46,11.9,23.8,0.00,0.00,0.00,0,1,1,0,0,7.4,322,317,18.7,14.4,0,0.00,1019.6,1005.9
2023-07-10T22:00,22.5,0.00,56,13.2,22.6,0.00,0.00,0.00,0,0,0,0,0,6.3,30,24,17.1,14.4,0,0.00,1019.7,1005.9
2023-07-10T23:00,21.8,0.00,60,13.6,21.9,0.00,0.00,0.00,0,17,17,0,0,6.7,54,54,17.8,13.3,0,0.00,1019.5,1005.7
2023-07-11T00:00,20.5,0.00,67,14.1,21.0,0.00,0.00,0.00,0,11,11,0,0,5.7,77,72,14.4,12.6,0,0.00,1019.1,1005.2
2023-07-11T01:00,19.7,0.00,68,13.6,20.2,0.00,0.00,0.00,0,0,9,0,0,4.3,113,95,8.2,9.4,0,0.00,1018.9,1005.0
2023-07-11T02:00,18.1,0.00,76,13.8,18.6,0.00,0.00,0.00,0,0,0,0,0,4.7,138,99,9.7,9.4,0,0.00,1018.7,1004.7
2023-07-11T03:00,17.7,0.00,78,13.8,18.2,0.00,0.00,0.00,0,5,0,0,5,5.4,127,82,9.5,10.1,0,0.00,1018.3,1004.3
2023-07-11T04:00,17.6,0.00,78,13.8,18.0,0.00,0.00,0.00,0,1,0,0,1,5.4,122,86,11.5,10.4,0,0.00,1017.9,1003.9
2023-07-11T05:00,18.0,0.00,75,13.5,18.1,0.00,0.00,0.00,0,0,0,0,0,6.8,122,87,13.6,13.0,1,0.00,1017.7,1003.7
2023-07-11T06:00,19.9,0.00,70,14.2,20.2,0.00,0.00,0.00,0,0,0,0,0,7.2,115,87,13.9,14.0,1,3119.44,1017.5,1003.6
2023-07-11T07:00,22.9,0.00,62,15.1,23.6,0.00,0.00,0.00,0,3,0,2,2,6.6,117,99,15.3,14.8,1,3600.00,1017.3,1003.6
2023-07-11T08:00,25.4,0.00,52,14.9,25.9,0.00,0.00,0.00,0,0,0,0,0,7.9,117,114,12.6,18.0,1,3600.00,1016.8,1003.2
2023-07-11T09:00,27.7,0.00,45,14.7,27.7,0.00,0.00,0.00,0,0,0,0,0,10.2,136,135,14.5,23.8,1,3600.00,1016.2,1002.7
2023-07-11T10:00,29.5,0.00,42,15.4,30.7,0.00,0.00,0.00,0,1,0,1,0,8.9,164,166,12.0,24.1,1,3600.00,1015.6,1002.2
2023-07-11T11:00,30.8,0.00,41,16.1,32.7,0.00,0.00,0.00,0,3,2,1,0,9.5,204,205,12.6,24.1,1,3600.00,1015.1,1001.7
2023-07-11T12:00,31.5,0.00,40,16.4,33.7,0.00,0.00,0.00,0,8,3,6,0,10.7,221,222,14.3,27.7,1,3600.00,1014.6,1001.3
2023-07-11T13:00,32.6,0.00,40,17.2,35.3,0.00,0.00,0.00,0,9,5,2,0,9.4,224,227,12.5,28.1,1,3600.00,1013.2,999.9
2023-07-11T14:00,32.9,0.00,39,17.2,35.6,0.00,0.00,0.00,0,11,9,2,0,9.7,224,225,13.0,26.3,1,3600.00,1012.3,999.1
2023-07-11T15:00,33.3,0.00,38,16.9,35.5,0.00,0.00,0.00,1,27,26,2,0,8.9,223,223,12.2,25.9,1,3600.00,1011.4,998.2
2023-07-11T16:00,33.2,0.00,32,14.1,32.3,0.00,0.00,0.00,3,99,96,62,13,17.8,224,227,26.0,38.5,1,3600.00,1011.6,998.4
2023-07-11T17:00,31.3,0.00,37,14.9,31.4,0.00,0.00,0.00,3,90,89,3,0,10.5,204,202,18.9,39.2,1,1108.06,1011.1,997.8
2023-07-11T18:00,31.1,0.00,39,15.7,31.9,0.00,0.00,0.00,3,100,100,11,0,7.7,192,191,15.5,25.6,1,3600.00,1010.4,997.1
2023-07-11T19:00,29.8,0.00,46,16.8,31.2,0.00,0.00,0.00,3,100,100,7,0,6.6,176,167,16.6,17.3,1,1748.44,1009.8,996.5
2023-07-11T20:00,27.8,0.00,48,15.9,28.8,0.00,0.00,0.00,3,100,100,1,0,6.3,139,121,16.3,16.9,1,1066.89,1009.4,996.0
2023-07-11T21:00,26.3,0.00,51,15.3,26.9,0.00,0.00,0.00,3,100,100,34,0,8.4,112,97,19.9,16.6,0,0.00,1009.5,996.0
2023-07-11T22:00,24.5,1.30,61,16.5,23.6,1.30,0.00,0.00,61,100,100,97,0,21.9,226,225,39.2,42.1,0,0.00,1012.9,999.3
2023-07-11T23:00,22.0,1.60,88,19.9,24.9,1.60,0.00,0.00,61,100,100,78,0,5.8,173,158,11.3,42.8,0,0.00,1012.0,998.3
2023-07-12T00:00,21.8,1.40,87,19.6,23.4,1.40,0.00,0.00,61,99,99,3,0,14.0,178,162,25.9,27.7,0,0.00,1011.2,997.5
2023-07-12T01:00,20.8,0.00,93,19.6,22.3,0.00,0.00,0.00,3,100,100,8,0,14.6,166,160,27.4,28.4,0,0.00,1012.1,998.3
2023-07-12T02:00,21.0,0.00,89,19.1,22.0,0.00,0.00,0.00,3,100,99,1,5,16.6,162,158,31.1,33.8,0,0.00,1011.1,997.4
2023-07-12T03:00,20.8,0.00,90,19.2,22.6,0.00,0.00,0.00,3,96,95,3,13,11.2,177,159,23.1,33.5,0,0.00,1010.6,996.9
2023-07-12T04:00,20.9,0.00,89,19.0,22.2,0.00,0.00,0.00,3,98,97,9,25,14.3,204,192,26.8,28.4,0,0.00,1010.6,996.9
2023-07-12T05:00,20.8,0.00,89,19.0,22.0,0.00,0.00,0.00,3,95,93,3,23,14.8,226,223,27.2,30.6,1,0.00,1011.0,997.2
2023-07-12T06:00,21.2,0.00,89,19.2,22.6,0.00,0.00,0.00,3,100,100,0,11,13.7,240,240,23.2,30.2,1,1447.30,1012.3,998.5
2023-07-12T07:00,22.2,0.00,81,18.9,23.6,0.00,0.00,0.00,3,86,67,14,53,13.5,257,254,21.0,32.4,1,3600.00,1012.3,998.6
2023-07-12T08:00,23.1,0.10,76,18.7,24.2,0.10,0.00,0.00,51,56,1,14,49,14.7,248,248,21.0,40.0,1,3600.00,1013.1,999.4
2023-07-12T09:00,24.1,0.10,69,17.9,24.3,0.10,0.00,0.00,51,25,2,16,13,17.9,245,245,25.1,42.8,1,3600.00,1013.3,999.7
2023-07-12T10:00,25.1,0.00,62,17.4,25.6,0.00,0.00,0.00,1,25,21,2,5,16.2,259,258,22.7,44.6,1,3600.00,1013.3,999.7
2023-07-12T11:00,26.3,0.00,57,17.2,27.8,0.00,0.00,0.00,2,67,61,4,10,14.6,253,254,20.3,42.1,1,3600.00,1013.3,999.8
2023-07-12T12:00,27.3,0.00,52,16.5,28.4,0.00,0.00,0.00,1,48,39,7,9,17.2,251,250,23.6,41.0,1,3600.00,1012.9,999.4
2023-07-12T13:00,27.1,0.00,51,16.0,27.4,0.00,0.00,0.00,3,99,94,34,0,18.9,247,249,26.1,42.1,1,3600.00,1013.2,999.7
2023-07-12T14:00,27.4,0.10,44,14.0,26.8,0.10,0.00,0.00,51,43,17,39,3,19.4,259,260,27.5,42.8,1,3600.00,1012.8,999.3
2023-07-12T15:00,26.7,0.10,47,14.5,25.6,0.10,0.00,0.00,51,100,100,91,3,19.9,263,265,28.3,46.1,1,3600.00,1013.0,999.5
2023-07-12T16:00,26.1,0.00,49,14.5,25.5,0.00,0.00,0.00,3,100,100,81,8,14.0,241,241,20.1,42.5,1,2755.33,1013.1,999.6
2023-07-12T17:00,26.2,0.10,49,14.7,25.6,0.10,0.00,0.00,51,100,100,34,18,14.1,253,251,20.4,35.6,1,3600.00,1012.7,999.2
2023-07-12T18:00,25.4,0.10,51,14.4,24.8,0.10,0.00,0.00,51,100,100,54,15,13.8,252,250,21.6,33.5,1,3600.00,1012.8,999.2
2023-07-12T19:00,24.9,0.00,49,13.5,24.4,0.00,0.00,0.00,3,100,100,100,7,10.9,267,264,19.8,29.2,1,716.44,1012.9,999.3
2023-07-12T20:00,23.8,0.00,50,12.9,23.5,0.00,0.00,0.00,3,100,100,89,0,8.4,271,263,17.6,23.4,1,0.00,1013.2,999.6
2023-07-12T21:00,22.8,0.00,53,12.7,22.6,0.00,0.00,0.00,3,98,91,72,16,7.1,268,255,17.3,17.3,0,0.00,1014.2,1000.5
2023-07-12T22:00,22.0,0.00,53,11.9,21.3,0.00,0.00,0.00,2,58,9,50,15,9.3,289,283,20.6,18.7,0,0.00,1014.8,1001.1
2023-07-12T23:00,20.8,0.00,54,11.1,19.8,0.00,0.00,0.00,1,49,16,46,7,9.2,300,296,21.1,19.1,0,0.00,1015.5,1001.7
2023-07-13T00:00,20.2,0.00,54,10.6,19.0,0.00,0.00,0.00,0,13,8,7,2,9.7,298,297,22.1,19.8,0,0.00,1016.1,1002.3
2023-07-13T01:00,20.3,0.00,49,9.3,18.7,0.00,0.00,0.00,0,3,0,28,0,9.1,284,279,19.6,19.8,0,0.00,1016.4,1002.5
2023-07-13T02:00,18.7,0.00,55,9.5,17.2,0.00,0.00,0.00,0,4,0,3,1,9.0,292,286,22.1,18.7,0,0.00,1016.3,1002.4
2023-07-13T03:00,17.3,0.00,62,9.9,16.2,0.00,0.00,0.00,0,5,5,0,0,7.1,303,300,19.3,18.4,0,0.00,1016.4,1002.4
2023-07-13T04:00,16.4,0.00,67,10.1,15.5,0.00,0.00,0.00,3,85,85,0,0,6.4,316,322,18.1,14.4,0,0.00,1016.7,1002.7
2023-07-13T05:00,16.1,0.00,70,10.7,15.4,0.00,0.00,0.00,3,90,90,0,0,5.8,329,338,16.0,13.0,1,0.00,1017.1,1003.0
2023-07-13T06:00,17.1,0.00,70,11.6,16.7,0.00,0.00,0.00,0,12,12,0,0,5.9,331,346,14.0,11.9,1,2550.22,1017.5,1003.5
2023-07-13T07:00,18.9,0.00,63,11.6,18.5,0.00,0.00,0.00,3,85,85,0,0,6.0,332,335,11.4,14.8,1,3600.00,1017.8,1003.9
2023-07-13T08:00,20.5,0.00,53,10.6,19.6,0.00,0.00,0.00,0,7,7,0,0,7.7,314,311,10.9,19.4,1,3600.00,1017.9,1004.0
2023-07-13T09:00,21.9,0.00,48,10.3,20.7,0.00,0.00,0.00,1,38,38,0,0,8.8,289,289,12.2,22.3,1,3600.00,1018.1,1004.3
2023-07-13T10:00,23.4,0.00,41,9.5,21.7,0.00,0.00,0.00,2,52,38,22,1,15.5,274,273,21.3,33.8,1,3600.00,1018.0,1004.3
2023-07-13T11:00,24.1,0.00,38,8.8,21.7,0.00,0.00,0.00,3,100,98,100,4,16.6,266,266,23.1,37.1,1,3600.00,1017.8,1004.1
2023-07-13T12:00,24.1,0.00,37,8.5,21.3,0.00,0.00,0.00,3,100,99,99,0,16.6,267,268,23.8,37.4,1,3600.00,1017.9,1004.2
2023-07-13T13:00,24.8,0.00,40,10.3,22.8,0.00,0.00,0.00,3,100,1,24,5,14.3,261,260,18.9,37.1,1,3600.00,1018.1,1004.4
2023-07-13T14:00,25.4,0.00,36,9.4,23.7,0.00,0.00,0.00,1,32,0,32,1,15.3,256,255,21.5,34.6,1,3600.00,1018.0,1004.4
2023-07-13T15:00,24.9,0.00,37,9.1,22.2,0.00,0.00,0.00,3,87,11,85,1,17.9,289,289,24.7,38.9,1,3600.00,1018.1,1004.4
2023-07-13T16:00,24.5,0.00,38,9.1,22.0,0.00,0.00,0.00,0,14,10,5,0,15.3,293,294,22.3,39.6,1,3600.00,1018.1,1004.4
2023-07-13T17:00,25.3,0.00,34,8.5,22.6,0.00,0.00,0.00,3,100,9,100,0,15.6,278,277,22.2,34.2,1,3600.00,1017.7,1004.1
2023-07-13T18:00,24.2,0.00,38,8.9,21.8,0.00,0.00,0.00,1,29,1,28,0,14.6,285,286,23.1,33.8,1,2693.32,1017.7,1004.0
2023-07-13T19:00,23.4,0.00,41,9.3,21.5,0.00,0.00,0.00,1,46,0,46,0,11.4,289,288,20.6,31.7,1,3600.00,1018.1,1004.4
2023-07-13T20:00,22.1,0.00,45,9.4,20.8,0.00,0.00,0.00,1,23,0,23,0,7.7,299,298,18.0,24.1,1,2944.77,1018.4,1004.6
2023-07-13T21:00,20.5,0.00,48,9.2,19.2,0.00,0.00,0.00,0,15,0,15,0,7.4,312,317,19.4,15.8,0,0.00,1019.2,1005.3
2023-07-13T22:00,19.7,0.00,51,9.4,18.5,0.00,0.00,0.00,0,4,0,4,0,7.2,313,323,20.1,15.5,0,0.00,1019.8,1005.9
2023-07-13T23:00,18.2,0.00,60,10.3,17.4,0.00,0.00,0.00,0,19,2,18,0,6.5,324,341,15.5,14.8,0,0.00,1019.9,1005.9
2023-07-14T00:00,17.1,0.00,69,11.3,16.3,0.00,0.00,0.00,2,79,69,33,0,7.7,334,349,11.6,11.5,0,0.00,1020.1,1006.0
2023-07-14T01:00,18.8,0.00,58,10.4,18.5,0.00,0.00,0.00,2,58,6,32,0,3.2,339,63,5.0,11.2,0,0.00,1019.6,1005.6
2023-07-14T02:00,17.6,0.00,62,10.2,17.4,0.00,0.00,0.00,0,16,3,13,2,1.8,360,101,2.9,4.3,0,0.00,1019.2,1005.2
2023-07-14T03:00,14.9,0.00,75,10.6,14.2,0.00,0.00,0.00,0,17,13,5,3,5.6,114,105,3.5,7.6,0,0.00,1019.1,1005.0
2023-07-14T04:00,14.9,0.00,74,10.3,14.2,0.00,0.00,0.00,2,77,76,3,0,5.8,120,97,10.0,10.4,0,0.00,1018.9,1004.8
2023-07-14T05:00,14.3,0.00,78,10.4,13.7,0.00,0.00,0.00,3,93,92,13,7,5.1,122,94,9.4,10.8,1,0.00,1018.7,1004.5
2023-07-14T06:00,16.2,0.00,73,11.4,15.6,0.00,0.00,0.00,3,100,100,4,0,6.8,112,93,11.3,12.6,1,2717.00,1018.4,1004.3
2023-07-14T07:00,19.0,0.00,65,12.2,18.8,0.00,0.00,0.00,3,88,87,4,0,5.9,112,104,13.6,14.8,1,3600.00,1017.9,1004.0
2023-07-14T08:00,20.8,0.00,58,12.3,20.6,0.00,0.00,0.00,3,100,100,10,0,5.9,108,104,9.4,14.8,1,3600.00,1017.5,1003.7
2023-07-14T09:00,23.2,0.00,48,11.7,22.9,0.00,0.00,0.00,3,99,99,11,0,6.0,124,123,8.3,16.9,1,3600.00,1017.3,1003.6
2023-07-14T10:00,24.8,0.00,42,10.9,24.5,0.00,0.00,0.00,3,100,100,19,0,6.9,143,141,9.0,19.1,1,3600.00,1016.9,1003.3
2023-07-14T11:00,26.1,0.00,37,10.5,26.3,0.00,0.00,0.00,3,100,100,0,0,7.2,152,153,9.8,20.5,1,3600.00,1016.4,1002.8
2023-07-14T12:00,26.6,0.00,36,10.2,26.4,0.00,0.00,0.00,3,100,100,82,0,6.4,153,153,8.9,20.5,1,3600.00,1015.6,1002.1
2023-07-14T13:00,26.7,0.00,36,10.5,25.8,0.00,0.00,0.00,3,100,97,12,0,7.1,152,156,9.3,18.4,1,0.00,1015.3,1001.8
2023-07-14T14:00,26.9,0.00,36,10.4,26.1,0.00,0.00,0.00,0,3,3,0,0,10.3,143,144,13.9,24.8,1,3600.00,1014.4,1000.9
2023-07-14T15:00,27.8,0.00,32,9.6,27.2,0.00,0.00,0.00,1,20,8,13,0,12.0,143,141,16.7,28.4,1,3600.00,1013.5,1000.0
2023-07-14T16:00,28.1,0.00,30,9.0,26.5,0.00,0.00,0.00,0,11,11,0,0,12.5,167,168,17.7,29.9,1,3600.00,1012.6,999.2
2023-07-14T17:00,27.9,0.00,33,10.0,26.4,0.00,0.00,0.00,0,2,2,0,0,10.3,166,168,15.2,28.8,1,3600.00,1011.8,998.4
2023-07-14T18:00,27.8,0.00,35,11.1,26.9,0.00,0.00,0.00,0,0,0,0,0,7.9,138,133,14.5,23.8,1,3600.00,1011.1,997.7
2023-07-14T19:00,26.5,0.00,46,13.9,26.9,0.00,0.00,0.00,0,0,0,0,0,5.6,122,105,14.1,19.1,1,3600.00,1010.6,997.1
2023-07-14T20:00,24.6,0.00,45,12.0,23.9,0.00,0.00,0.00,0,5,0,5,0,8.5,123,102,21.4,16.6,1,3078.78,1010.3,996.7
2023-07-14T21:00,24.0,0.00,46,11.7,23.0,0.00,0.00,0.00,1,28,2,28,0,10.0,136,128,25.0,20.9,0,0.00,1010.6,997.0
2023-07-14T22:00,23.0,0.00,50,12.0,22.2,0.00,0.00,0.00,0,0,0,0,0,9.8,164,144,22.1,20.2,0,0.00,1011.0,997.3
2023-07-14T23:00,21.7,0.00,55,12.4,21.4,0.00,0.00,0.00,0,0,0,0,0,6.9,173,118,14.2,19.4,0,0.00,1010.9,997.2
2023-07-15T00:00,20.9,0.00,60,12.7,20.7,0.00,0.00,0.00,0,0,0,0,0,6.9,186,133,16.3,13.3,0,0.00,1011.0,997.3
2023-07-15T01:00,20.7,0.00,63,13.3,20.7,0.00,0.00,0.00,0,5,20,1,0,7.2,176,127,16.2,14.4,0,0.00,1010.7,996.9
2023-07-15T02:00,19.8,0.00,68,13.6,20.0,0.00,0.00,0.00,1,38,38,0,0,6.5,184,124,15.2,14.4,0,0.00,1010.8,997.0
2023-07-15T03:00,19.6,0.00,69,13.7,19.8,0.00,0.00,0.00,1,26,26,0,0,6.8,181,122,15.5,13.3,0,0.00,1010.6,996.8
2023-07-15T04:00,19.4,0.00,70,13.8,19.5,0.00,0.00,0.00,1,27,27,0,0,7.4,170,113,15.0,14.4,0,0.00,1010.3,996.5
2023-07-15T05:00,19.1,0.00,71,13.8,18.9,0.00,0.00,0.00,0,18,18,0,0,9.4,148,108,16.5,16.9,1,0.00,1010.0,996.2
2023-07-15T06:00,20.3,0.00,69,14.4,20.4,0.00,0.00,0.00,0,2,0,2,0,9.4,133,108,19.1,19.4,1,2899.87,1009.9,996.1
2023-07-15T07:00,22.6,0.00,65,15.7,23.2,0.00,0.00,0.00,0,3,2,0,0,9.3,126,106,18.8,18.0,1,3600.00,1009.8,996.1
2023-07-15T08:00,25.4,0.00,55,15.8,26.2,0.00,0.00,0.00,0,3,3,0,0,8.4,128,115,15.6,19.8,1,3600.00,1009.9,996.4
2023-07-15T09:00,28.3,0.00,44,14.9,28.9,0.00,0.00,0.00,1,22,17,6,0,7.0,149,145,9.7,19.8,1,3600.00,1009.7,996.3
2023-07-15T10:00,30.5,0.00,38,14.5,31.3,0.00,0.00,0.00,1,36,36,0,0,8.6,194,195,11.9,21.2,1,3600.00,1009.3,996.0
2023-07-15T11:00,31.5,0.00,35,14.3,32.6,0.00,0.00,0.00,2,52,51,3,0,10.0,228,229,13.5,24.8,1,3600.00,1009.2,996.0
2023-07-15T12:00,32.6,0.00,33,14.2,34.3,0.00,0.00,0.00,0,1,0,1,0,9.3,237,242,12.5,24.8,1,3600.00,1008.7,995.5
2023-07-15T13:00,30.3,0.00,45,17.2,33.0,0.00,0.00,0.00,0,11,86,38,0,10.7,227,228,14.3,26.6,1,3600.00,1009.8,996.5
2023-07-15T14:00,30.5,0.00,45,17.2,31.8,0.00,0.00,0.00,2,56,37,30,0,14.0,251,252,19.5,32.0,1,3600.00,1009.2,995.9
2023-07-15T15:00,30.1,0.00,48,17.8,30.6,0.00,0.00,0.00,3,84,79,22,0,17.4,263,263,24.3,38.2,1,3600.00,1009.2,995.9
2023-07-15T16:00,29.1,0.00,51,17.8,29.4,0.00,0.00,0.00,3,100,100,49,8,17.2,254,254,25.1,39.2,1,3600.00,1009.6,996.2
2023-07-15T17:00,27.8,0.00,56,18.3,29.2,0.00,0.00,0.00,1,24,2,23,0,11.2,268,268,16.6,37.1,1,3600.00,1009.4,996.0
2023-07-15T18:00,27.9,0.00,56,18.5,29.3,0.00,0.00,0.00,1,32,21,14,0,11.9,272,272,17.3,27.0,1,3600.00,1009.3,995.9
2023-07-15T19:00,26.7,0.00,61,18.5,28.2,0.00,0.00,0.00,3,85,81,26,0,10.8,299,300,17.2,25.9,1,3600.00,1009.9,996.4
2023-07-15T20:00,25.2,0.00,66,18.4,26.9,0.00,0.00,0.00,3,87,84,29,1,9.8,274,276,17.7,23.8,1,329.25,1010.6,997.1
2023-07-15T21:00,23.5,0.50,72,18.2,25.3,0.50,0.00,0.00,53,100,100,23,0,7.7,231,229,14.3,23.0,0,0.00,1010.9,997.3
2023-07-15T22:00,21.9,0.20,82,18.6,23.5,0.20,0.00,0.00,51,100,100,72,1,11.3,217,211,21.6,23.4,0,0.00,1011.5,997.8
2023-07-15T23:00,21.3,0.50,86,18.8,22.6,0.50,0.00,0.00,53,100,99,92,7,13.4,217,207,22.4,29.2,0,0.00,1012.7,998.9
2023-07-16T00:00,20.3,4.50,94,19.3,22.3,4.50,0.00,0.00,63,100,99,95,0,10.5,246,239,19.3,28.8,0,0.00,1012.9,999.1
2023-07-16T01:00,20.6,3.00,83,17.6,20.7,3.00,0.00,0.00,63,100,100,100,9,17.9,246,242,32.4,29.5,0,0.00,1014.7,1000.9
2023-07-16T02:00,20.1,0.00,82,16.9,20.2,0.00,0.00,0.00,3,100,0,100,4,15.7,247,250,27.3,36.4,0,0.00,1014.7,1000.9
2023-07-16T03:00,19.5,0.00,82,16.2,18.9,0.00,0.00,0.00,3,100,0,100,0,18.3,235,234,30.5,37.4,0,0.00,1015.5,1001.6
2023-07-16T04:00,18.6,0.00,77,14.5,17.6,0.00,0.00,0.00,2,72,0,72,2,17.0,235,234,29.0,37.4,0,0.00,1016.0,1002.1
2023-07-16T05:00,18.0,0.00,79,14.3,17.1,0.00,0.00,0.00,3,100,0,100,6,15.6,234,230,27.3,34.9,1,0.00,1016.5,1002.5
2023-07-16T06:00,18.1,0.00,79,14.4,17.3,0.00,0.00,0.00,1,33,0,31,3,15.8,236,235,26.0,33.1,1,0.00,1016.9,1002.9
2023-07-16T07:00,18.5,0.00,76,14.1,17.4,0.00,0.00,0.00,0,17,0,16,1,16.8,237,235,25.0,36.0,1,3600.00,1017.5,1003.5
2023-07-16T08:00,19.3,0.00,70,13.7,18.2,0.00,0.00,0.00,1,26,0,25,1,16.0,235,234,23.0,35.6,1,3600.00,1017.9,1004.0
2023-07-16T09:00,20.5,0.00,63,13.2,19.2,0.00,0.00,0.00,1,28,3,20,7,15.7,235,233,22.0,35.6,1,3600.00,1017.8,1003.9
2023-07-16T10:00,21.7,0.00,55,12.4,20.5,0.00,0.00,0.00,2,77,72,8,11,16.6,235,236,23.3,38.2,1,3600.00,1017.9,1004.1
2023-07-16T11:00,22.7,0.00,50,11.7,21.4,0.00,0.00,0.00,3,92,89,1,24,17.3,234,234,24.0,38.5,1,3600.00,1017.9,1004.1
2023-07-16T12:00,23.8,0.00,44,10.9,22.1,0.00,0.00,0.00,3,83,67,19,47,19.5,236,236,27.5,42.8,1,3600.00,1017.5,1003.8
2023-07-16T13:00,23.4,0.00,46,11.1,21.8,0.00,0.00,0.00,2,59,14,32,44,18.8,233,234,25.7,44.6,1,3600.00,1018.1,1004.4
2023-07-16T14:00,23.9,0.00,44,10.9,22.0,0.00,0.00,0.00,2,76,13,52,72,18.2,236,236,25.2,41.4,1,3600.00,1017.6,1003.9
2023-07-16T15:00,24.6,0.00,42,10.7,22.7,0.00,0.00,0.00,3,96,0,96,23,17.4,236,236,24.4,40.3,1,3600.00,1017.3,1003.6
2023-07-16T16:00,24.6,0.00,42,11.0,22.6,0.00,0.00,0.00,3,90,0,90,16,15.6,231,232,23.1,38.5,1,3600.00,1017.1,1003.4
2023-07-16T17:00,24.7,0.00,42,11.0,22.7,0.00,0.00,0.00,3,88,0,88,11,15.7,234,233,23.5,33.8,1,3408.34,1016.8,1003.1
2023-07-16T18:00,24.3,0.00,44,11.3,22.6,0.00,0.00,0.00,2,63,0,63,3,14.3,230,229,22.2,35.6,1,2119.78,1016.7,1003.0
2023-07-16T19:00,23.6,0.00,48,12.1,23.0,0.00,0.00,0.00,0,16,0,14,1,8.7,231,228,17.1,29.9,1,3600.00,1016.7,1003.0
2023-07-16T20:00,21.4,0.00,58,12.9,21.5,0.00,0.00,0.00,3,100,49,100,36,5.4,238,233,14.9,19.1,1,2986.11,1017.1,1003.3
2023-07-16T21:00,21.6,0.00,61,13.8,22.1,0.00,0.00,0.00,3,100,0,100,41,4.5,274,284,10.8,10.8,0,0.00,1017.4,1003.6
2023-07-16T22:00,21.7,0.00,56,12.5,21.8,0.00,0.00,0.00,3,100,0,100,84,4.8,300,297,12.4,9.7,0,0.00,1017.7,1003.9
2023-07-16T23:00,21.1,0.00,64,13.9,21.7,0.00,0.00,0.00,1,45,0,26,37,4.4,290,279,9.6,9.7,0,0.00,1018.0,1004.2
2023-07-17T00:00,19.0,0.00,69,13.3,19.1,0.00,0.00,0.00,1,33,18,12,10,6.2,274,260,11.5,10.8,0,0.00,1018.2,1004.3
2023-07-17T01:00,17.5,0.00,77,13.4,17.6,0.00,0.00,0.00,1,20,100,100,0,6.5,228,177,9.2,11.5,0,0.00,1018.4,1004.4
2023-07-17T02:00,18.8,0.00,70,13.3,19.0,0.00,0.00,0.00,3,100,99,100,16,5.8,213,180,13.8,11.9,0,0.00,1018.5,1004.6
2023-07-17T03:00,18.9,0.00,67,12.6,18.8,0.00,0.00,0.00,3,100,10,100,31,6.4,220,196,16.1,13.3,0,0.00,1018.4,1004.5
2023-07-17T04:00,19.0,0.00,64,12.1,18.5,0.00,0.00,0.00,3,100,0,100,49,7.7,213,191,17.2,15.5,0,0.00,1018.6,1004.7
2023-07-17T05:00,18.7,0.00,68,12.6,18.2,0.00,0.00,0.00,0,10,0,10,2,8.6,212,202,18.8,17.3,1,0.00,1018.9,1004.9
2023-07-17T06:00,18.4,0.00,71,13.1,18.0,0.00,0.00,0.00,0,9,0,8,7,9.7,228,222,20.9,19.8,1,2784.40,1019.5,1005.5
2023-07-17T07:00,19.6,0.00,69,13.7,19.3,0.00,0.00,0.00,0,1,0,0,1,10.0,229,221,18.6,22.0,1,3600.00,1019.9,1006.0
2023-07-17T08:00,21.0,0.00,62,13.4,20.6,0.00,0.00,0.00,0,1,1,0,1,10.2,230,228,14.6,24.5,1,3600.00,1020.3,1006.4
2023-07-17T09:00,22.6,0.00,53,12.6,21.5,0.00,0.00,0.00,0,10,1,9,0,12.9,242,240,17.9,29.2,1,3600.00,1020.4,1006.6
2023-07-17T10:00,23.5,0.00,44,10.7,21.9,0.00,0.00,0.00,0,14,1,13,3,16.6,246,246,23.2,37.4,1,3600.00,1020.5,1006.7
2023-07-17T11:00,24.2,0.00,41,10.2,22.1,0.00,0.00,0.00,1,33,0,33,3,19.0,245,245,26.6,41.4,1,3600.00,1020.3,1006.6
2023-07-17T12:00,24.6,0.00,40,10.0,22.0,0.00,0.00,0.00,3,100,7,100,4,20.5,247,246,29.0,44.3,1,3600.00,1020.0,1006.3
2023-07-17T13:00,25.9,0.00,35,9.2,22.8,0.00,0.00,0.00,1,42,3,89,0,19.3,245,246,26.9,44.3,1,2974.87,1019.8,1006.2
2023-07-17T14:00,25.7,0.00,35,9.0,23.0,0.00,0.00,0.00,1,27,1,26,0,16.9,253,254,24.5,40.7,1,3600.00,1019.2,1005.6
2023-07-17T15:00,26.9,0.00,31,8.3,24.6,0.00,0.00,0.00,2,57,4,55,0,18.3,255,255,25.7,39.6,1,3600.00,1018.8,1005.2
2023-07-17T16:00,26.8,0.00,30,7.9,23.7,0.00,0.00,0.00,1,48,8,43,0,17.1,260,262,25.2,40.0,1,3600.00,1018.5,1004.9
2023-07-17T17:00,26.4,0.00,30,7.5,22.7,0.00,0.00,0.00,1,24,5,21,0,20.2,265,265,30.3,42.5,1,3600.00,1018.5,1004.9
2023-07-17T18:00,25.1,0.00,34,8.0,22.0,0.00,0.00,0.00,0,7,0,7,0,18.0,273,273,28.1,43.9,1,3600.00,1019.1,1005.4
2023-07-17T19:00,24.2,0.00,37,8.8,21.9,0.00,0.00,0.00,0,17,0,17,0,13.3,271,270,24.5,37.8,1,3600.00,1019.5,1005.8
2023-07-17T20:00,22.5,0.00,41,8.7,20.4,0.00,0.00,0.00,0,2,0,2,0,11.8,283,282,24.8,28.1,1,2936.13,1020.1,1006.3
2023-07-17T21:00,21.0,0.00,45,8.5,19.2,0.00,0.00,0.00,0,1,0,1,0,9.3,289,286,22.4,24.8,0,0.00,1021.3,1007.4
2023-07-17T22:00,19.0,0.00,54,9.4,17.9,0.00,0.00,0.00,0,0,0,0,0,6.4,313,313,17.8,19.1,0,0.00,1022.0,1008.0
2023-07-17T23:00,17.9,0.00,60,10.1,17.1,0.00,0.00,0.00,0,0,0,0,0,5.8,329,338,16.0,13.0,0,0.00,1022.5,1008.5
2023-07-18T00:00,17.6,0.00,60,9.9,16.5,0.00,0.00,0.00,0,0,0,0,0,7.6,7,3,18.8,15.1,0,0.00,1023.0,1008.9
2023-07-18T01:00,17.6,0.00,60,9.7,16.1,0.00,0.00,0.00,0,0,0,0,0,9.3,31,28,21.5,14.8,0,0.00,1022.7,1008.6
2023-07-18T02:00,16.1,0.00,67,9.9,15.1,0.00,0.00,0.00,0,0,0,0,0,6.4,42,43,18.4,17.6,0,0.00,1022.7,1008.6
2023-07-18T03:00,14.8,0.00,75,10.4,13.9,0.00,0.00,0.00,0,2,0,2,0,7.0,60,69,14.2,11.9,0,0.00,1022.5,1008.3
2023-07-18T04:00,14.7,0.00,76,10.5,14.0,0.00,0.00,0.00,0,4,0,4,0,5.8,79,86,9.2,10.4,0,0.00,1022.5,1008.3
2023-07-18T05:00,13.7,0.00,82,10.8,13.2,0.00,0.00,0.00,0,3,3,0,0,4.9,88,73,8.3,8.3,1,0.00,1022.4,1008.2
2023-07-18T06:00,15.8,0.00,75,11.4,15.6,0.00,0.00,0.00,0,0,0,0,0,3.7,87,61,6.1,7.9,1,2724.80,1022.1,1008.0
2023-07-18T07:00,17.9,0.00,68,11.9,18.2,0.00,0.00,0.00,0,0,0,0,0,1.8,73,37,4.9,7.9,1,3600.00,1022.1,1008.1
2023-07-18T08:00,20.3,0.00,58,11.7,20.2,0.00,0.00,0.00,0,0,0,0,0,3.7,70,61,5.4,11.9,1,3600.00,1021.5,1007.6
2023-07-18T09:00,22.4,0.00,50,11.4,21.9,0.00,0.00,0.00,0,0,0,0,0,6.2,85,83,8.7,16.9,1,3600.00,1020.6,1006.8
2023-07-18T10:00,24.1,0.00,44,11.0,24.4,0.00,0.00,0.00,1,42,42,0,0,4.7,90,86,6.5,18.0,1,3600.00,1019.7,1006.0
2023-07-18T11:00,25.3,0.00,41,11.1,26.8,0.00,0.00,0.00,3,100,100,3,0,1.8,90,79,2.5,15.5,1,3600.00,1019.1,1005.4
2023-07-18T12:00,25.7,0.00,40,11.2,26.2,0.00,0.00,0.00,3,100,100,77,0,4.0,253,260,4.9,15.1,1,3600.00,1019.5,1005.9
2023-07-18T13:00,26.8,0.00,36,10.5,26.6,0.00,0.00,0.00,3,100,100,0,0,2.6,186,196,3.6,15.1,1,557.10,1018.4,1004.8
2023-07-18T14:00,27.3,0.00,37,11.2,28.8,0.00,0.00,0.00,3,96,96,0,0,1.5,171,194,2.2,13.0,1,3600.00,1017.0,1003.5
2023-07-18T15:00,27.9,0.00,37,11.7,29.5,0.00,0.00,0.00,3,98,98,0,0,1.9,194,202,3.0,13.3,1,3600.00,1016.3,1002.8
2023-07-18T16:00,28.2,0.00,37,12.0,29.1,0.00,0.00,0.00,0,12,12,0,0,2.5,216,225,3.1,11.5,1,3600.00,1015.8,1002.3
2023-07-18T17:00,28.1,0.00,37,12.2,28.5,0.00,0.00,0.00,0,18,18,0,0,2.3,186,198,3.3,11.5,1,3600.00,1015.1,1001.6
2023-07-18T18:00,27.7,0.00,41,13.4,28.4,0.00,0.00,0.00,3,100,100,0,0,2.6,236,254,3.9,9.4,1,3600.00,1014.5,1001.0
2023-07-18T19:00,26.7,0.00,46,14.1,27.3,0.00,0.00,0.00,3,97,97,0,0,4.4,285,279,7.1,7.6,1,1569.25,1014.0,1000.5
2023-07-18T20:00,24.2,0.00,51,13.4,24.1,0.00,0.00,0.00,2,75,75,8,0,7.9,334,330,18.4,14.8,1,887.46,1013.7,1000.1
2023-07-18T21:00,22.6,0.00,50,11.7,22.2,0.00,0.00,0.00,0,13,9,2,3,6.5,5,3,17.3,15.5,0,0.00,1014.3,1000.6
2023-07-18T22:00,21.8,0.00,55,12.5,21.9,0.00,0.00,0.00,0,16,0,16,0,4.8,75,138,8.2,12.2,0,0.00,1014.3,1000.5
2023-07-18T23:00,21.3,0.00,64,14.2,21.3,0.00,0.00,0.00,1,32,0,31,2,9.5,213,205,20.3,17.3,0,0.00,1014.9,1001.1
2023-07-19T00:00,21.0,0.00,78,17.0,22.1,0.00,0.00,0.00,1,25,0,19,8,9.3,218,208,21.5,19.1,0,0.00,1014.8,1001.0
2023-07-19T01:00,19.0,0.00,71,13.7,19.6,0.00,0.00,0.00,0,6,24,8,0,4.2,144,70,6.7,22.7,0,0.00,1014.1,1000.2
2023-07-19T02:00,17.7,0.00,74,13.1,17.9,0.00,0.00,0.00,1,49,12,43,0,5.4,178,132,11.2,9.0,0,0.00,1013.8,999.9
2023-07-19T03:00,18.3,0.00,76,14.0,18.6,0.00,0.00,0.00,3,94,93,13,9,6.6,198,167,14.8,14.4,0,0.00,1013.8,999.9
2023-07-19T04:00,17.8,0.00,82,14.7,18.5,0.00,0.00,0.00,1,27,5,21,17,6.0,194,147,15.2,12.2,0,0.00,1013.6,999.7
2023-07-19T05:00,18.1,0.00,88,16.1,19.2,0.00,0.00,0.00,0,4,3,0,1,6.5,212,180,17.8,13.3,1,0.00,1013.7,999.8
2023-07-19T06:00,19.3,0.00,89,17.5,20.8,0.00,0.00,0.00,0,15,11,0,4,8.0,222,207,16.6,15.5,1,2663.50,1013.9,1000.0
2023-07-19T07:00,20.5,0.00,86,18.1,22.5,0.00,0.00,0.00,0,8,8,0,0,6.8,219,212,10.2,16.2,1,3600.00,1014.3,1000.5
2023-07-19T08:00,22.1,0.00,74,17.2,23.6,0.00,0.00,0.00,1,33,33,0,0,7.2,233,233,9.5,18.7,1,3600.00,1014.6,1000.9
2023-07-19T09:00,23.7,0.00,62,16.1,24.8,0.00,0.00,0.00,1,35,35,0,0,7.1,227,229,9.4,19.8,1,3600.00,1014.4,1000.7
2023-07-19T10:00,25.4,0.00,53,15.0,26.2,0.00,0.00,0.00,3,84,81,16,0,10.0,233,232,13.1,24.5,1,3600.00,1014.1,1000.5
2023-07-19T11:00,26.4,0.00,45,13.6,26.5,0.00,0.00,0.00,1,40,29,15,0,11.5,238,238,15.7,32.4,1,3600.00,1013.8,1000.3
2023-07-19T12:00,27.8,0.00,40,12.8,28.1,0.00,0.00,0.00,3,84,70,48,5,12.8,250,248,17.2,31.3,1,3600.00,1013.1,999.6
2023-07-19T13:00,27.7,0.20,44,14.2,27.5,0.20,0.00,0.00,51,95,41,55,4,13.8,253,255,18.8,40.0,1,3600.00,1012.9,999.4
2023-07-19T14:00,27.9,0.00,43,14.3,27.5,0.00,0.00,0.00,2,66,51,28,5,15.1,256,258,21.1,34.9,1,3600.00,1011.8,998.4
2023-07-19T15:00,27.0,0.00,43,13.5,25.7,0.00,0.00,0.00,1,42,25,21,9,20.0,262,263,28.4,46.1,1,3600.00,1012.0,998.5
2023-07-19T16:00,27.5,0.00,46,14.9,26.9,0.00,0.00,0.00,3,100,65,100,66,16.7,275,276,24.2,44.6,1,3600.00,1011.5,998.0
2023-07-19T17:00,26.7,0.10,43,13.1,24.5,0.10,0.00,0.00,51,80,71,28,10,21.2,280,280,31.8,44.6,1,3600.00,1011.3,997.8
2023-07-19T18:00,25.7,0.00,43,12.1,23.3,0.00,0.00,0.00,3,92,90,17,5,21.1,293,293,32.4,46.4,1,3600.00,1011.7,998.2
2023-07-19T19:00,24.4,0.00,45,11.7,22.2,0.00,0.00,0.00,3,93,82,83,10,18.2,308,308,29.5,45.4,1,3600.00,1012.4,998.8
2023-07-19T20:00,23.1,0.00,49,11.9,22.3,0.00,0.00,0.00,3,100,94,98,15,9.7,329,329,18.4,37.4,1,0.00,1013.1,999.4
2023-07-19T21:00,22.0,0.00,55,12.5,22.0,0.00,0.00,0.00,3,100,95,92,17,5.1,311,309,13.8,19.4,0,0.00,1013.7,1000.0
2023-07-19T22:00,21.9,0.00,49,10.7,19.9,0.00,0.00,0.00,1,43,7,38,13,15.1,300,298,26.9,29.9,0,0.00,1014.3,1000.6
2023-07-19T23:00,20.6,0.00,55,11.1,19.2,0.00,0.00,0.00,1,26,0,23,19,11.9,308,305,22.3,31.0,0,0.00,1014.9,1001.1
2023-07-20T00:00,19.3,0.00,62,11.8,18.6,0.00,0.00,0.00,1,37,0,32,29,8.9,320,320,18.7,24.5,0,0.00,1015.4,1001.5
2023-07-20T01:00,19.3,0.00,60,11.4,18.3,0.00,0.00,0.00,1,32,4,21,17,9.7,299,297,20.1,18.4,0,0.00,1015.1,1001.2
2023-07-20T02:00,18.1,0.00,66,11.6,17.4,0.00,0.00,0.00,1,22,0,18,18,8.2,298,293,19.5,20.2,0,0.00,1015.1,1001.2
2023-07-20T03:00,16.8,0.00,74,12.0,16.7,0.00,0.00,0.00,0,17,0,13,16,4.7,290,279,14.6,16.9,0,0.00,1015.0,1001.0
2023-07-20T04:00,16.0,0.00,78,12.2,15.9,0.00,0.00,0.00,0,14,1,12,13,5.1,285,262,12.7,10.4,0,0.00,1015.3,1001.3
2023-07-20T05:00,15.2,0.00,84,12.5,15.3,0.00,0.00,0.00,0,7,0,1,7,4.8,261,222,9.5,10.4,1,0.00,1015.7,1001.6
2023-07-20T06:00,16.7,0.00,78,12.9,16.8,0.00,0.00,0.00,0,1,0,0,1,5.5,228,191,10.7,10.1,1,2600.58,1015.9,1001.9
2023-07-20T07:00,18.0,0.00,72,12.9,18.1,0.00,0.00,0.00,0,4,0,0,4,5.7,223,215,8.9,14.4,1,3600.00,1016.1,1002.1
2023-07-20T08:00,19.3,0.00,65,12.6,19.1,0.00,0.00,0.00,0,9,0,4,5,7.2,254,252,9.3,18.7,1,3600.00,1016.0,1002.1
2023-07-20T09:00,20.4,0.10,59,12.0,19.8,0.10,0.00,0.00,51,36,2,33,3,8.2,255,255,11.2,21.6,1,3600.00,1016.0,1002.2
2023-07-20T10:00,21.4,0.00,52,11.1,20.4,0.00,0.00,0.00,1,46,21,27,14,10.5,263,262,14.2,26.3,1,3600.00,1015.7,1001.9
2023-07-20T11:00,22.8,0.00,45,10.3,21.8,0.00,0.00,0.00,3,100,100,43,16,10.8,266,266,14.8,26.6,1,3600.00,1015.3,1001.6
2023-07-20T12:00,23.5,0.00,42,9.8,22.2,0.00,0.00,0.00,3,98,95,49,2,11.5,270,270,15.5,28.1,1,3600.00,1014.8,1001.1
2023-07-20T13:00,23.5,0.00,44,10.5,22.7,0.00,0.00,0.00,3,92,29,23,6,7.3,263,261,9.4,28.1,1,3600.00,1015.0,1001.3
2023-07-20T14:00,24.0,0.00,43,10.5,23.5,0.00,0.00,0.00,2,59,42,29,0,7.5,257,253,9.6,21.2,1,3600.00,1014.5,1000.8
2023-07-20T15:00,24.7,0.00,39,9.7,24.0,0.00,0.00,0.00,3,82,1,82,0,7.6,272,273,9.7,20.5,1,3600.00,1013.9,1000.3
2023-07-20T16:00,24.4,0.00,39,9.4,23.0,0.00,0.00,0.00,2,67,14,61,0,8.5,298,298,11.4,20.2,1,3600.00,1013.4,999.8
2023-07-20T17:00,24.3,0.00,39,9.5,22.8,0.00,0.00,0.00,3,100,99,59,4,9.2,316,318,12.5,21.6,1,3600.00,1013.0,999.4
2023-07-20T18:00,24.0,0.00,40,9.6,22.7,0.00,0.00,0.00,3,100,99,67,6,7.7,329,332,11.8,20.9,1,3600.00,1012.6,999.0
2023-07-20T19:00,23.0,0.00,46,10.8,22.3,0.00,0.00,0.00,3,100,100,98,0,6.2,358,7,13.3,17.6,1,3600.00,1012.3,998.6
2023-07-20T20:00,21.8,0.00,47,10.1,20.8,0.00,0.00,0.00,3,96,95,27,0,6.9,34,43,15.6,14.0,1,189.47,1012.4,998.7
2023-07-20T21:00,20.1,0.00,51,9.6,19.1,0.00,0.00,0.00,3,100,100,26,1,6.2,51,80,12.5,13.7,0,0.00,1012.5,998.7
2023-07-20T22:00,18.8,0.00,58,10.4,18.1,0.00,0.00,0.00,3,100,100,8,0,5.8,73,97,12.1,11.2,0,0.00,1012.6,998.7
2023-07-20T23:00,17.9,0.00,66,11.4,17.3,0.00,0.00,0.00,3,99,99,4,0,7.2,74,72,11.6,10.1,0,0.00,1012.6,998.7
2023-07-21T00:00,19.4,0.00,52,9.3,18.5,0.00,0.00,0.00,3,100,100,12,0,4.3,71,66,7.6,10.1,0,0.00,1012.4,998.6
2023-07-21T01:00,18.1,0.00,64,11.2,17.7,0.00,0.00,0.00,3,98,99,45,0,5.1,77,82,13.3,9.0,0,0.00,1012.3,998.4
2023-07-21T02:00,17.7,0.00,66,11.2,17.0,0.00,0.00,0.00,3,100,100,64,0,7.2,67,72,16.0,13.3,0,0.00,1011.7,997.8
2023-07-21T03:00,17.4,0.00,67,11.2,17.0,0.00,0.00,0.00,3,100,100,84,0,5.4,87,110,15.1,14.8,0,0.00,1011.2,997.3
2023-07-21T04:00,17.3,0.00,66,11.0,17.1,0.00,0.00,0.00,1,38,13,29,2,3.4,135,122,5.6,10.1,0,0.00,1011.3,997.4
2023-07-21T05:00,15.7,0.00,78,11.8,15.9,0.00,0.00,0.00,2,53,47,20,5,2.3,360,51,0.4,5.4,1,0.00,1011.5,997.5
2023-07-21T06:00,16.8,0.00,76,12.5,17.1,0.00,0.00,0.00,1,49,7,46,1,2.9,164,120,2.6,5.4,1,2062.42,1011.1,997.2
2023-07-21T07:00,18.3,0.00,68,12.3,18.5,0.00,0.00,0.00,0,6,1,5,0,3.3,283,283,4.8,10.1,1,3600.00,1011.2,997.3
2023-07-21T08:00,19.6,0.00,67,13.4,20.0,0.00,0.00,0.00,0,17,0,17,0,4.2,308,301,5.9,14.4,1,3600.00,1011.5,997.7
2023-07-21T09:00,21.2,0.00,60,13.1,21.1,0.00,0.00,0.00,1,34,1,32,5,6.9,301,298,9.2,19.1,1,3600.00,1011.4,997.7
2023-07-21T10:00,22.0,0.00,51,11.4,20.9,0.00,0.00,0.00,0,6,0,6,1,10.9,298,297,14.7,27.0,1,3600.00,1011.4,997.7
2023-07-21T11:00,23.0,0.00,45,10.6,22.7,0.00,0.00,0.00,1,33,0,33,2,10.7,289,290,14.5,30.6,1,3600.00,1011.3,997.6
2023-07-21T12:00,23.9,0.00,41,9.9,23.4,0.00,0.00,0.00,1,38,0,38,0,11.4,282,283,15.5,30.2,1,3600.00,1011.0,997.4
2023-07-21T13:00,23.0,0.00,48,11.4,23.5,0.00,0.00,0.00,2,58,5,48,3,8.4,278,280,10.9,33.5,1,3600.00,1011.6,997.9
2023-07-21T14:00,23.1,0.00,46,10.9,21.5,0.00,0.00,0.00,3,99,97,97,15,15.9,268,267,21.6,34.9,1,3600.00,1011.5,997.8
2023-07-21T15:00,22.7,0.00,46,10.4,19.8,0.00,0.00,0.00,3,99,95,84,11,20.7,277,278,29.4,43.9,1,3600.00,1011.9,998.2
2023-07-21T16:00,20.3,0.00,58,11.7,18.3,0.00,0.00,0.00,3,100,0,100,3,17.0,291,291,24.6,44.6,1,0.00,1012.6,998.8
2023-07-21T17:00,20.8,0.00,54,11.2,19.2,0.00,0.00,0.00,3,100,0,100,5,13.7,274,275,19.5,36.4,1,1497.06,1012.5,998.7
2023-07-21T18:00,20.7,0.00,53,10.8,19.3,0.00,0.00,0.00,0,16,2,4,11,11.2,272,272,16.6,30.6,1,2486.50,1012.6,998.8
2023-07-21T19:00,20.9,0.00,51,10.3,20.0,0.00,0.00,0.00,1,28,10,17,15,6.8,246,238,12.6,24.1,1,3600.00,1012.5,998.7
2023-07-21T20:00,19.6,0.00,51,9.3,18.0,0.00,0.00,0.00,3,97,80,84,8,9.4,214,203,20.8,18.0,1,2710.82,1012.8,999.0
2023-07-21T21:00,19.2,0.00,50,8.6,17.0,0.00,0.00,0.00,3,89,10,87,10,12.9,221,216,25.8,25.6,0,0.00,1013.8,999.9
2023-07-21T22:00,19.1,0.00,54,9.6,17.0,0.00,0.00,0.00,1,38,0,37,9,13.6,237,230,25.3,29.2,0,0.00,1014.6,1000.7
2023-07-21T23:00,17.4,0.00,62,10.2,16.6,0.00,0.00,0.00,1,45,0,44,10,5.8,285,270,14.9,26.6,0,0.00,1015.4,1001.4
2023-07-22T00:00,16.3,0.00,73,11.4,15.9,0.00,0.00,0.00,1,49,0,47,16,5.4,337,307,11.8,11.2,0,0.00,1015.8,1001.8
2023-07-22T01:00,17.7,0.00,68,11.8,18.0,0.00,0.00,0.00,1,37,0,31,19,1.3,351,146,4.7,10.1,0,0.00,1015.9,1001.9
2023-07-22T02:00,14.8,0.00,85,12.3,14.9,0.00,0.00,0.00,1,29,0,25,6,4.2,203,160,2.7,6.8,0,0.00,1016.0,1001.9
2023-07-22T03:00,14.7,0.00,86,12.5,15.0,0.00,0.00,0.00,1,40,0,37,7,3.4,257,162,3.3,7.2,0,0.00,1015.8,1001.7
2023-07-22T04:00,14.3,0.00,88,12.4,14.5,0.00,0.00,0.00,0,7,0,5,3,4.1,198,135,2.3,6.1,0,0.00,1015.9,1001.8
2023-07-22T05:00,13.8,0.00,90,12.2,13.8,0.00,0.00,0.00,2,54,5,50,4,4.7,180,148,7.9,8.3,1,0.00,1016.1,1001.9
2023-07-22T06:00,15.1,0.00,86,12.7,15.0,0.00,0.00,0.00,2,51,4,49,4,6.4,180,142,8.6,11.2,1,1386.85,1016.2,1002.1
2023-07-22T07:00,16.7,0.10,79,13.0,16.9,0.10,0.00,0.00,51,50,1,49,10,5.0,173,150,8.4,13.3,1,3600.00,1016.5,1002.5
2023-07-22T08:00,18.3,0.00,69,12.5,18.1,0.00,0.00,0.00,1,45,23,27,15,6.8,169,162,9.2,17.3,1,3600.00,1016.2,1002.3
2023-07-22T09:00,19.9,0.00,62,12.5,19.6,0.00,0.00,0.00,1,48,42,9,3,7.9,197,196,10.9,20.9,1,3600.00,1016.3,1002.4
2023-07-22T10:00,21.7,0.10,51,11.2,20.3,0.10,0.00,0.00,51,77,55,47,3,13.8,242,242,18.7,30.2,1,3600.00,1016.0,1002.2
2023-07-22T11:00,22.4,0.10,44,9.6,20.1,0.10,0.00,0.00,51,99,99,42,6,17.3,250,249,24.1,38.5,1,3600.00,1015.9,1002.2
2023-07-22T12:00,23.2,0.00,41,9.0,20.4,0.00,0.00,0.00,3,100,100,52,13,16.9,250,250,23.7,38.5,1,3600.00,1015.6,1001.9
2023-07-22T13:00,23.4,0.00,47,11.3,22.2,0.00,0.00,0.00,3,83,16,27,3,12.9,238,240,17.8,37.1,1,3600.00,1015.1,1001.4
2023-07-22T14:00,24.4,0.00,41,10.4,23.0,0.00,0.00,0.00,1,34,13,23,2,15.2,238,239,21.2,34.6,1,3600.00,1014.6,1001.0
2023-07-22T15:00,25.3,0.00,37,9.6,23.1,0.00,0.00,0.00,2,74,64,29,3,17.7,242,241,25.0,38.9,1,3600.00,1014.2,1000.6
2023-07-22T16:00,25.1,0.00,36,9.0,22.1,0.00,0.00,0.00,1,34,11,27,0,18.6,260,261,27.0,40.7,1,3600.00,1013.8,1000.2
2023-07-22T17:00,24.6,0.00,37,9.1,21.9,0.00,0.00,0.00,1,23,0,23,0,17.2,260,260,26.0,42.1,1,3600.00,1013.7,1000.1
2023-07-22T18:00,24.6,0.00,36,8.6,21.4,0.00,0.00,0.00,1,22,11,13,0,19.3,257,256,30.0,41.0,1,3600.00,1013.6,1000.0
2023-07-22T19:00,23.8,0.00,38,8.6,21.6,0.00,0.00,0.00,3,100,100,10,0,12.0,256,254,23.4,41.0,1,3600.00,1013.4,999.8
2023-07-22T20:00,21.8,0.00,43,8.8,20.4,0.00,0.00,0.00,1,43,19,30,0,7.1,262,255,19.2,25.9,1,2593.28,1013.7,1000.0
2023-07-22T21:00,20.1,0.00,50,9.3,19.0,0.00,0.00,0.00,2,55,21,44,0,6.1,248,230,17.4,15.1,0,0.00,1014.0,1000.2
2023-07-22T22:00,19.3,0.00,55,9.9,18.4,0.00,0.00,0.00,2,51,32,28,0,5.7,242,215,15.5,13.3,0,0.00,1014.4,1000.5
2023-07-22T23:00,18.7,0.00,57,9.9,17.8,0.00,0.00,0.00,2,53,32,31,1,5.8,218,187,14.6,11.5,0,0.00,1014.3,1000.4
2023-07-23T00:00,18.0,0.00,60,10.2,17.2,0.00,0.00,0.00,2,52,35,27,4,5.9,217,191,16.7,11.9,0,0.00,1014.3,1000.4
2023-07-23T01:00,16.9,0.00,70,11.4,16.3,0.00,0.00,0.00,1,40,23,3,0,6.9,238,171,10.2,11.9,0,0.00,1013.5,999.5
2023-07-23T02:00,17.2,0.00,66,10.8,16.5,0.00,0.00,0.00,0,4,4,0,0,6.6,202,158,11.6,12.6,0,0.00,1013.2,999.2
2023-07-23T03:00,16.6,0.00,70,11.0,15.7,0.00,0.00,0.00,0,3,0,3,1,8.1,184,148,17.0,15.1,0,0.00,1012.8,998.8
2023-07-23T04:00,16.2,0.00,73,11.4,15.4,0.00,0.00,0.00,1,24,9,15,11,8.3,197,175,21.1,17.3,0,0.00,1013.1,999.1
2023-07-23T05:00,16.4,0.00,74,11.8,15.6,0.00,0.00,0.00,3,85,85,0,0,9.1,209,189,22.7,18.7,1,0.00,1013.1,999.1
2023-07-23T06:00,17.3,0.00,72,12.1,16.2,0.00,0.00,0.00,3,90,90,0,0,11.8,214,200,24.4,24.1,1,2403.16,1013.2,999.3
2023-07-23T07:00,18.9,0.00,67,12.6,18.3,0.00,0.00,0.00,3,100,100,91,0,9.9,213,190,22.4,24.8,1,3600.00,1013.4,999.5
2023-07-23T08:00,20.6,0.00,59,12.2,19.6,0.00,0.00,0.00,3,100,99,77,0,11.4,205,198,17.1,25.9,1,3600.00,1013.1,999.3
2023-07-23T09:00,21.9,0.00,54,12.2,20.6,0.00,0.00,0.00,3,100,100,99,0,13.2,207,202,19.8,29.9,1,3600.00,1013.0,999.3
2023-07-23T10:00,22.1,0.00,55,12.6,20.4,0.00,0.00,0.00,3,100,85,99,0,17.4,222,220,26.5,37.4,1,0.00,1012.9,999.2
2023-07-23T11:00,23.7,0.00,49,12.3,20.9,0.00,0.00,0.00,3,100,79,98,38,23.6,232,232,35.1,46.1,1,0.00,1012.5,998.9
2023-07-23T12:00,24.3,0.00,47,12.2,20.8,0.00,0.00,0.00,3,100,95,90,33,28.4,232,232,42.8,58.7,1,0.00,1012.1,998.5
2023-07-23T13:00,26.4,0.00,40,11.6,23.6,0.00,0.00,0.00,3,100,100,81,3,24.6,232,232,35.4,61.6,1,3600.00,1012.0,998.5
2023-07-23T14:00,27.1,0.00,33,9.6,23.2,0.00,0.00,0.00,3,100,99,100,0,25.7,229,228,39.0,51.1,1,1797.58,1010.8,997.3
2023-07-23T15:00,26.0,0.00,38,10.7,24.0,0.00,0.00,0.00,3,100,100,100,0,15.3,226,225,27.0,54.7,1,0.00,1010.8,997.3
2023-07-23T16:00,26.3,0.00,38,10.8,23.4,0.00,0.00,0.00,3,100,100,85,0,21.3,236,236,33.9,45.7,1,0.00,1010.6,997.1
2023-07-23T17:00,24.8,0.00,47,12.9,23.7,0.00,0.00,0.00,3,99,96,66,0,14.1,261,267,22.3,44.6,1,1046.18,1010.9,997.3
2023-07-23T18:00,24.1,0.00,57,15.1,24.9,0.00,0.00,0.00,3,96,94,49,12,5.7,296,305,10.0,29.5,1,1466.28,1010.4,996.8
2023-07-23T19:00,24.3,0.00,57,15.2,25.1,0.00,0.00,0.00,3,83,79,26,0,5.9,236,232,16.9,13.7,1,3526.41,1010.2,996.6
2023-07-23T20:00,23.2,0.00,53,13.0,23.0,0.00,0.00,0.00,3,98,97,46,0,7.6,254,251,19.5,18.4,1,1560.87,1010.1,996.5
2023-07-23T21:00,22.5,0.00,55,13.1,22.1,0.00,0.00,0.00,2,70,47,44,0,9.3,228,216,21.9,18.0,0,0.00,1010.3,996.6
2023-07-23T22:00,21.3,0.00,61,13.5,21.4,0.00,0.00,0.00,3,92,79,72,0,7.0,214,192,18.2,19.1,0,0.00,1010.4,996.7
2023-07-23T23:00,20.0,0.00,72,14.7,20.6,0.00,0.00,0.00,3,93,93,5,0,5.9,224,194,13.0,14.8,0,0.00,1010.0,996.2
2023-07-24T00:00,19.4,0.00,72,14.2,20.1,0.00,0.00,0.00,3,97,96,43,2,5.0,225,201,12.7,11.9,0,0.00,1010.0,996.2
2023-07-24T01:00,20.4,0.00,72,15.2,20.5,0.00,0.00,0.00,3,89,97,43,0,11.6,205,202,24.3,10.8,0,0.00,1010.0,996.2
2023-07-24T02:00,18.0,0.10,88,15.9,19.2,0.10,0.00,0.00,51,94,77,73,3,5.5,220,203,14.6,23.4,0,0.00,1009.2,995.3
2023-07-24T03:00,18.2,2.20,89,16.3,19.3,2.20,0.00,0.00,61,91,82,52,10,7.2,124,93,10.4,20.9,0,0.00,1008.7,994.9
2023-07-24T04:00,17.9,0.30,90,16.3,18.8,0.30,0.00,0.00,51,73,57,34,12,9.0,123,106,17.2,21.6,0,0.00,1008.1,994.3
2023-07-24T05:00,17.9,0.00,90,16.3,18.5,0.00,0.00,0.00,3,100,100,77,8,10.4,120,110,21.1,19.4,1,0.00,1007.3,993.5
2023-07-24T06:00,18.5,0.00,88,16.5,19.2,0.00,0.00,0.00,3,100,100,9,2,10.8,128,120,21.0,21.2,1,0.00,1007.2,993.4
2023-07-24T07:00,19.1,0.00,87,16.9,20.3,0.00,0.00,0.00,3,100,100,34,11,8.0,147,144,17.7,20.5,1,0.00,1007.2,993.4
2023-07-24T08:00,20.5,0.00,83,17.5,22.2,0.00,0.00,0.00,3,100,100,79,1,6.3,191,193,12.8,17.3,1,1042.41,1007.2,993.5
2023-07-24T09:00,22.1,0.00,76,17.7,23.1,0.00,0.00,0.00,3,100,100,97,0,11.8,219,218,18.4,26.6,1,775.02,1007.4,993.8
2023-07-24T10:00,22.0,0.00,73,16.9,21.7,0.00,0.00,0.00,3,100,100,94,12,18.3,217,216,27.5,38.2,1,0.00,1007.5,993.8
2023-07-24T11:00,21.0,0.30,76,16.6,20.4,0.30,0.00,0.00,51,100,100,29,0,20.0,206,203,31.2,38.9,1,0.00,1007.2,993.5
2023-07-24T12:00,20.7,0.00,71,15.3,19.4,0.00,0.00,0.00,3,100,100,100,0,20.9,198,195,32.2,49.7,1,0.00,1007.1,993.4
2023-07-24T13:00,23.2,0.00,65,16.3,22.3,0.00,0.00,0.00,3,100,97,36,2,21.1,217,217,30.8,48.2,1,3600.00,1006.4,992.8
2023-07-24T14:00,24.2,0.40,59,15.8,23.3,0.40,0.00,0.00,51,94,92,11,4,22.4,222,224,32.1,56.9,1,3600.00,1005.1,991.6
2023-07-24T15:00,25.1,0.00,57,16.0,23.9,0.00,0.00,0.00,3,99,99,39,28,23.9,231,233,34.1,57.2,1,3600.00,1004.8,991.3
2023-07-24T16:00,21.6,3.60,74,16.8,21.3,3.60,0.00,0.00,63,90,88,10,14,18.4,230,228,29.4,56.5,1,278.56,1005.1,991.5
2023-07-24T17:00,22.7,0.00,64,15.5,21.9,0.00,0.00,0.00,1,21,0,12,13,18.4,245,244,26.6,46.1,1,3600.00,1005.0,991.4
2023-07-24T18:00,22.8,0.10,60,14.6,21.6,0.10,0.00,0.00,51,28,0,17,15,18.5,250,249,26.9,47.2,1,3600.00,1005.0,991.4
2023-07-24T19:00,22.1,0.00,60,13.9,21.5,0.00,0.00,0.00,1,29,0,20,18,12.9,259,257,22.7,46.8,1,3600.00,1005.4,991.8
2023-07-24T20:00,21.3,0.00,58,12.7,20.4,0.00,0.00,0.00,0,12,1,8,6,11.8,261,258,22.6,29.9,1,1714.59,1006.0,992.3
2023-07-24T21:00,19.7,0.00,64,12.6,19.3,0.00,0.00,0.00,2,75,64,29,0,8.0,265,260,20.2,24.1,0,0.00,1006.9,993.2
2023-07-24T22:00,18.8,0.00,68,12.7,18.7,0.00,0.00,0.00,3,94,90,38,0,6.4,257,243,17.4,16.6,0,0.00,1007.1,993.3
2023-07-24T23:00,17.6,0.00,75,13.1,17.8,0.00,0.00,0.00,3,100,100,35,4,5.1,246,219,13.4,13.3,0,0.00,1007.1,993.2
2023-07-25T00:00,16.9,0.00,79,13.2,17.0,0.00,0.00,0.00,3,99,98,29,20,5.6,240,220,13.7,10.1,0,0.00,1006.9,993.0
2023-07-25T01:00,16.3,0.00,82,13.2,16.7,0.00,0.00,0.00,3,100,100,58,58,4.3,180,132,2.9,11.2,0,0.00,1006.6,992.7
2023-07-25T02:00,16.4,0.00,83,13.4,16.9,0.00,0.00,0.00,3,100,99,89,48,3.6,135,127,2.0,6.5,0,0.00,1006.2,992.3
2023-07-25T03:00,16.4,1.30,90,14.7,16.6,1.30,0.00,0.00,61,84,44,58,44,9.1,246,236,16.9,21.2,0,0.00,1006.3,992.4
2023-07-25T04:00,15.9,0.10,93,14.7,17.0,0.10,0.00,0.00,51,71,56,30,23,2.9,333,60,4.0,19.1,0,0.00,1005.0,991.1
2023-07-25T05:00,14.6,0.00,97,14.1,15.2,0.00,0.00,0.00,2,50,17,34,23,4.8,117,117,5.6,7.9,1,0.00,1005.1,991.1
2023-07-25T06:00,16.2,0.10,92,14.9,16.8,0.10,0.00,0.00,51,97,95,27,10,6.6,194,189,13.0,12.6,1,575.78,1005.1,991.2
2023-07-25T07:00,16.7,0.20,89,14.9,16.9,0.20,0.00,0.00,51,98,94,51,46,9.2,205,201,12.7,20.5,1,3600.00,1005.2,991.3
2023-07-25T08:00,16.4,0.60,90,14.8,16.1,0.60,0.00,0.00,53,70,47,27,30,13.3,231,229,20.7,33.8,1,1206.44,1005.4,991.5
2023-07-25T09:00,17.5,0.10,86,15.1,17.6,0.10,0.00,0.00,51,51,13,28,34,10.9,216,214,15.5,30.6,1,1593.67,1005.3,991.5
2023-07-25T10:00,19.1,0.30,75,14.6,18.5,0.30,0.00,0.00,51,97,73,36,81,14.3,230,229,20.2,34.2,1,3600.00,1004.8,991.1
2023-07-25T11:00,19.3,0.20,72,14.1,18.2,0.20,0.00,0.00,51,100,100,20,26,16.9,234,230,23.2,37.1,1,1651.45,1004.3,990.6
2023-07-25T12:00,19.0,1.90,77,15.0,18.8,1.90,0.00,0.00,61,100,100,61,100,13.1,245,249,18.7,38.9,1,1610.44,1004.3,990.6
2023-07-25T13:00,17.9,6.10,68,11.9,16.5,6.10,0.00,0.00,63,100,82,100,4,13.7,336,333,19.3,35.3,1,1696.81,1005.9,992.1
2023-07-25T14:00,18.3,0.10,66,11.9,17.0,0.10,0.00,0.00,51,100,99,92,49,12.8,331,328,17.2,30.6,1,1494.44,1006.2,992.4
2023-07-25T15:00,18.1,0.10,69,12.3,17.0,0.10,0.00,0.00,51,100,100,85,25,12.7,328,325,17.8,29.5,1,0.00,1006.3,992.5
2023-07-25T16:00,18.0,0.20,67,11.8,16.6,0.20,0.00,0.00,51,100,100,93,59,13.0,316,316,18.1,29.5,1,0.00,1006.7,992.9
2023-07-25T17:00,16.8,0.50,77,12.8,16.0,0.50,0.00,0.00,53,100,100,100,8,11.3,299,297,16.4,29.2,1,0.00,1007.1,993.2
2023-07-25T18:00,16.1,1.30,88,14.1,16.1,1.30,0.00,0.00,61,100,100,100,3,8.6,310,303,15.6,23.8,1,0.00,1007.7,993.8
2023-07-25T19:00,15.9,0.90,90,14.2,16.0,0.90,0.00,0.00,53,68,37,44,9,8.4,301,295,16.3,18.4,1,0.00,1008.4,994.5
2023-07-25T20:00,15.6,0.10,85,13.0,15.1,0.10,0.00,0.00,51,100,100,99,1,10.0,314,308,19.6,20.9,1,0.00,1009.2,995.2
2023-07-25T21:00,14.9,0.00,84,12.3,14.3,0.00,0.00,0.00,3,97,94,55,2,9.1,310,304,19.7,20.2,0,0.00,1010.2,996.2
2023-07-25T22:00,14.6,0.00,85,12.1,14.0,0.00,0.00,0.00,3,100,63,100,11,8.5,307,298,19.8,18.4,0,0.00,1010.9,996.9
2023-07-25T23:00,14.9,0.00,83,12.0,14.2,0.00,0.00,0.00,3,100,89,100,2,9.4,302,293,19.1,19.1,0,0.00,1011.5,997.5
2023-07-26T00:00,14.7,0.00,83,11.8,13.9,0.00,0.00,0.00,3,100,100,78,2,8.9,299,291,18.8,18.4,0,0.00,1012.0,997.9
2023-07-26T01:00,14.2,0.00,87,12.1,13.7,0.00,0.00,0.00,2,60,72,46,0,7.7,292,281,17.9,18.0,0,0.00,1012.4,998.3
2023-07-26T02:00,13.1,0.00,92,11.8,12.9,0.00,0.00,0.00,1,49,2,48,5,5.1,261,231,13.1,15.5,0,0.00,1012.9,998.8
2023-07-26T03:00,12.6,0.00,95,11.7,11.6,0.00,0.00,0.00,2,52,28,32,8,9.9,208,199,19.5,19.8,0,0.00,1013.4,999.2
2023-07-26T04:00,12.0,0.00,95,11.1,11.3,0.00,0.00,0.00,2,53,20,41,5,6.8,217,205,17.5,20.2,0,0.00,1013.6,999.4
2023-07-26T05:00,12.1,0.00,95,11.3,11.3,0.00,0.00,0.00,3,83,68,43,11,8.0,216,207,18.3,16.6,1,0.00,1014.0,999.8
2023-07-26T06:00,12.8,0.00,93,11.7,12.0,0.00,0.00,0.00,2,60,8,53,11,9.2,218,219,17.7,18.4,1,577.35,1014.3,1000.1
2023-07-26T07:00,13.0,0.10,91,11.6,11.9,0.10,0.00,0.00,51,65,0,53,30,10.4,217,214,15.4,24.8,1,3600.00,1014.8,1000.6
2023-07-26T08:00,13.5,0.30,85,11.1,11.8,0.30,0.00,0.00,51,69,0,57,34,14.2,207,207,20.3,30.2,1,3600.00,1015.2,1001.0
2023-07-26T09:00,14.9,0.00,77,10.9,12.8,0.00,0.00,0.00,2,74,5,57,46,15.8,222,223,22.4,33.5,1,3600.00,1015.1,1001.0
2023-07-26T10:00,16.8,0.10,73,12.0,15.3,0.10,0.00,0.00,51,28,7,13,12,14.8,231,229,21.0,37.4,1,3600.00,1014.8,1000.8
2023-07-26T11:00,18.4,0.30,61,10.7,16.9,0.30,0.00,0.00,51,100,77,22,100,16.2,251,249,22.4,39.6,1,3600.00,1014.4,1000.5
2023-07-26T12:00,18.7,0.20,54,9.2,16.1,0.20,0.00,0.00,51,100,66,100,100,16.7,266,264,23.5,38.5,1,1547.13,1013.9,1000.0
2023-07-26T13:00,17.9,1.50,61,10.3,16.3,1.50,0.00,0.00,61,75,95,100,100,11.7,284,288,16.3,41.8,1,0.00,1014.7,1000.8
2023-07-26T14:00,15.5,5.20,83,12.6,15.1,5.20,0.00,0.00,63,97,93,44,34,8.3,297,288,12.9,33.1,1,0.00,1015.7,1001.6
2023-07-26T15:00,18.1,0.10,66,11.5,16.7,0.10,0.00,0.00,51,21,20,1,1,12.7,277,277,17.8,33.1,1,3600.00,1015.2,1001.3
2023-07-26T16:00,19.3,0.10,60,11.4,18.3,0.10,0.00,0.00,51,55,2,28,39,12.0,284,286,16.7,37.8,1,3600.00,1015.3,1001.4
2023-07-26T17:00,19.9,0.00,54,10.3,18.5,0.00,0.00,0.00,2,56,0,34,48,10.0,283,283,14.1,31.7,1,3600.00,1014.9,1001.1
2023-07-26T18:00,17.9,0.10,60,10.0,16.3,0.10,0.00,0.00,51,38,0,30,24,10.6,287,288,16.2,28.1,1,3600.00,1015.2,1001.3
2023-07-26T19:00,17.8,0.00,68,11.9,18.2,0.00,0.00,0.00,0,13,0,13,1,1.1,230,198,2.8,22.0,1,3600.00,1014.9,1001.0
2023-07-26T20:00,15.3,0.00,78,11.5,15.0,0.00,0.00,0.00,1,29,2,19,20,5.0,209,159,6.6,7.9,1,2377.91,1015.5,1001.4
2023-07-26T21:00,15.5,0.00,73,10.7,14.9,0.00,0.00,0.00,2,65,58,9,9,5.8,207,173,15.0,10.8,0,0.00,1015.8,1001.7
2023-07-26T22:00,14.9,0.00,77,10.9,14.0,0.00,0.00,0.00,3,100,100,4,12,8.0,208,185,19.7,15.1,0,0.00,1015.9,1001.8
2023-07-26T23:00,14.7,0.00,79,11.1,13.8,0.00,0.00,0.00,3,100,100,17,20,8.0,207,188,20.6,16.2,0,0.00,1015.8,1001.7
2023-07-27T00:00,14.8,0.00,77,10.8,13.8,0.00,0.00,0.00,3,100,100,14,16,7.9,217,204,20.8,17.3,0,0.00,1015.7,1001.6
2023-07-27T01:00,15.0,0.00,73,10.3,13.9,0.00,0.00,0.00,3,100,100,53,13,7.6,206,185,19.6,16.2,0,0.00,1015.0,1000.9
2023-07-27T02:00,14.3,0.00,78,10.5,13.6,0.00,0.00,0.00,3,100,100,40,16,5.8,211,184,17.6,16.2,0,0.00,1014.8,1000.7
2023-07-27T03:00,14.3,0.00,80,10.8,13.6,0.00,0.00,0.00,3,100,100,39,16,6.2,203,170,17.6,13.7,0,0.00,1013.9,999.8
2023-07-27T04:00,14.6,0.00,79,11.0,14.0,0.00,0.00,0.00,3,100,100,99,23,6.6,203,171,17.6,14.4,0,0.00,1013.5,999.4
2023-07-27T05:00,15.1,0.00,77,11.1,14.2,0.00,0.00,0.00,3,100,100,100,22,8.4,192,160,18.8,17.3,1,0.00,1013.1,999.0
2023-07-27T06:00,15.5,0.20,76,11.3,14.7,0.20,0.00,0.00,51,100,100,100,38,8.2,195,165,17.9,18.0,1,0.00,1012.8,998.8
2023-07-27T07:00,15.4,0.90,82,12.3,14.8,0.90,0.00,0.00,53,100,100,100,20,9.3,190,164,18.3,18.4,1,0.00,1012.5,998.5
2023-07-27T08:00,15.4,1.30,87,13.2,14.7,1.30,0.00,0.00,61,100,16,100,61,11.6,189,173,23.0,24.5,1,0.00,1012.1,998.1
2023-07-27T09:00,15.5,1.10,87,13.3,14.7,1.10,0.00,0.00,55,100,98,100,100,12.6,190,180,23.8,25.9,1,0.00,1011.7,997.7
2023-07-27T10:00,15.6,1.40,87,13.5,14.6,1.40,0.00,0.00,61,100,100,100,96,14.8,206,198,27.2,31.0,1,0.00,1011.5,997.5
2023-07-27T11:00,15.9,0.80,88,13.8,15.0,0.80,0.00,0.00,53,100,100,100,16,14.0,209,203,26.3,31.0,1,0.00,1011.1,997.1
2023-07-27T12:00,16.6,0.60,89,14.7,16.1,0.60,0.00,0.00,53,100,100,100,26,14.0,215,209,24.6,29.2,1,0.00,1010.9,997.0
2023-07-27T13:00,17.5,0.90,90,15.8,17.0,0.90,0.00,0.00,53,100,100,100,100,16.5,215,212,28.0,29.2,1,0.00,1010.3,996.4
2023-07-27T14:00,17.7,1.40,90,16.1,17.7,1.40,0.00,0.00,61,100,100,100,84,14.8,218,214,26.1,34.9,1,0.00,1010.2,996.3
2023-07-27T15:00,19.2,0.50,86,16.8,19.4,0.50,0.00,0.00,53,100,100,100,43,15.0,229,226,24.5,36.0,1,0.00,1009.9,996.1
2023-07-27T16:00,19.3,0.80,90,17.6,20.3,0.80,0.00,0.00,53,100,67,100,23,12.3,223,220,20.6,32.4,1,0.00,1009.6,995.8
2023-07-27T17:00,19.0,1.70,92,17.6,20.7,1.70,0.00,0.00,61,100,100,100,27,7.6,221,205,16.6,25.6,1,0.00,1009.2,995.4
2023-07-27T18:00,19.5,0.20,88,17.5,21.5,0.20,0.00,0.00,51,100,100,97,35,4.3,226,180,12.0,16.2,1,0.00,1008.9,995.1
2023-07-27T19:00,19.5,0.50,86,17.1,20.5,0.50,0.00,0.00,53,100,100,100,14,10.5,249,243,22.0,21.6,1,0.00,1009.1,995.3
2023-07-27T20:00,18.6,1.10,87,16.3,18.9,1.10,0.00,0.00,55,100,100,100,16,12.6,250,243,25.7,26.6,1,0.00,1009.4,995.6
2023-07-27T21:00,18.2,1.00,89,16.4,19.0,1.00,0.00,0.00,55,100,100,100,12,9.1,248,236,21.0,26.6,0,0.00,1009.6,995.7
2023-07-27T22:00,17.7,2.10,92,16.5,18.7,2.10,0.00,0.00,61,100,89,100,22,8.7,220,204,19.2,19.8,0,0.00,1009.7,995.8
2023-07-27T23:00,17.5,1.60,93,16.4,18.4,1.60,0.00,0.00,61,100,100,100,18,9.4,214,203,20.8,20.2,0,0.00,1009.5,995.6
2023-07-28T00:00,17.5,1.30,94,16.5,18.4,1.30,0.00,0.00,61,100,99,100,24,9.5,215,205,21.5,30.2,0,0.00,1009.3,995.4
2023-07-28T01:00,17.6,0.60,94,16.7,18.8,0.60,0.00,0.00,53,100,98,100,83,7.7,241,229,18.5,31.0,0,0.00,1009.3,995.4
2023-07-28T02:00,17.7,1.60,94,16.8,18.8,1.60,0.00,0.00,61,100,99,100,24,8.4,240,227,19.2,28.1,0,0.00,1009.1,995.2
2023-07-28T03:00,17.8,0.10,93,16.6,18.8,0.10,0.00,0.00,51,100,100,100,21,8.4,241,227,19.8,24.5,0,0.00,1008.5,994.6
2023-07-28T04:00,17.8,0.10,90,16.2,18.5,0.10,0.00,0.00,51,100,100,100,55,10.0,244,229,21.6,21.6,0,0.00,1008.4,994.5
2023-07-28T05:00,17.4,1.80,93,16.3,18.3,1.80,0.00,0.00,61,100,100,100,76,8.7,238,232,19.6,25.6,1,0.00,1009.2,995.3
2023-07-28T06:00,17.5,1.90,94,16.5,18.1,1.90,0.00,0.00,61,100,99,90,51,11.1,226,216,21.6,27.0,1,0.00,1009.4,995.5
2023-07-28T07:00,17.9,0.30,93,16.7,18.6,0.30,0.00,0.00,51,100,92,96,100,11.7,229,223,20.7,24.8,1,0.00,1009.9,996.0
2023-07-28T08:00,18.5,0.50,91,17.0,18.8,0.50,0.00,0.00,53,100,100,100,100,14.8,234,231,23.2,31.7,1,0.00,1010.3,996.5
2023-07-28T09:00,19.5,0.10,87,17.2,20.1,0.10,0.00,0.00,51,100,100,100,100,13.0,232,228,20.0,33.5,1,0.00,1010.5,996.7
2023-07-28T10:00,20.2,0.10,83,17.3,20.9,0.10,0.00,0.00,51,100,99,99,100,13.2,229,227,18.6,31.3,1,0.00,1010.8,997.0
2023-07-28T11:00,21.2,0.10,77,16.9,21.5,0.10,0.00,0.00,51,100,100,100,100,14.1,234,232,20.1,35.3,1,16.96,1011.1,997.4
2023-07-28T12:00,20.9,0.30,79,17.0,21.1,0.30,0.00,0.00,51,100,100,62,42,15.6,234,236,22.7,33.8,1,0.00,1010.9,997.2
2023-07-28T13:00,19.0,0.20,89,17.2,19.2,0.20,0.00,0.00,51,99,100,82,91,16.1,231,231,24.9,35.3,1,3600.00,1011.6,997.8
2023-07-28T14:00,19.9,0.90,90,18.2,21.4,0.90,0.00,0.00,53,100,100,100,37,10.2,229,228,15.8,30.6,1,0.00,1011.3,997.5
2023-07-28T15:00,19.9,1.10,92,18.5,21.1,1.10,0.00,0.00,55,100,100,100,16,13.0,225,219,22.9,25.9,1,0.00,1011.2,997.4
2023-07-28T16:00,20.0,1.30,91,18.5,21.5,1.30,0.00,0.00,61,100,100,63,15,10.7,232,228,19.2,27.0,1,0.00,1011.2,997.4
2023-07-28T17:00,19.8,1.50,90,18.1,21.1,1.50,0.00,0.00,61,100,100,100,15,11.7,238,236,18.8,28.1,1,0.00,1011.5,997.7
2023-07-28T18:00,19.2,1.00,93,18.0,20.8,1.00,0.00,0.00,55,100,100,100,18,8.5,220,216,17.4,25.6,1,0.00,1011.4,997.6
2023-07-28T19:00,19.1,0.30,93,18.0,20.3,0.30,0.00,0.00,51,92,38,84,19,11.4,221,215,20.4,22.7,1,0.00,1011.5,997.7
2023-07-28T20:00,18.9,0.00,94,17.9,20.2,0.00,0.00,0.00,3,96,95,16,12,10.6,213,204,21.1,23.0,1,0.00,1011.4,997.6
2023-07-28T21:00,18.2,0.00,95,17.4,19.1,0.00,0.00,0.00,3,87,82,21,7,11.9,212,205,24.3,23.8,0,0.00,1011.9,998.0
2023-07-28T22:00,17.7,0.00,95,16.9,18.8,0.00,0.00,0.00,3,95,93,22,27,9.3,217,208,21.3,23.8,0,0.00,1012.0,998.1
2023-07-28T23:00,17.6,0.00,94,16.7,18.9,0.00,0.00,0.00,2,65,48,11,27,7.1,221,204,18.1,19.1,0,0.00,1012.0,998.1
2023-07-29T00:00,17.4,0.00,95,16.6,18.6,0.00,0.00,0.00,0,19,0,13,11,7.2,210,183,17.4,15.1,0,0.00,1012.0,998.1
2023-07-29T01:00,17.7,0.00,94,16.8,19.2,0.00,0.00,0.00,1,41,87,21,19,5.8,206,173,14.8,15.5,0,0.00,1011.6,997.7
2023-07-29T02:00,17.2,2.40,95,16.3,18.4,2.40,0.00,0.00,61,38,17,9,20,6.5,163,124,12.1,18.4,0,0.00,1010.9,997.0
2023-07-29T03:00,17.1,0.00,95,16.2,18.0,0.00,0.00,0.00,3,100,100,12,20,8.1,151,122,17.2,21.2,0,0.00,1010.7,996.8
2023-07-29T04:00,17.0,0.40,93,15.9,17.8,0.40,0.00,0.00,51,100,100,39,25,8.8,167,145,18.9,21.6,0,0.00,1010.4,996.5
2023-07-29T05:00,17.3,0.10,94,16.3,18.7,0.10,0.00,0.00,51,100,100,38,31,5.0,223,210,15.3,19.8,1,0.00,1010.5,996.6
2023-07-29T06:00,17.5,0.20,93,16.4,18.2,0.20,0.00,0.00,51,100,95,97,62,10.1,224,215,20.9,20.2,1,0.00,1010.6,996.7
2023-07-29T07:00,18.2,0.00,93,17.0,18.2,0.00,0.00,0.00,3,100,100,99,54,16.9,224,220,28.5,32.8,1,0.00,1010.8,996.9
2023-07-29T08:00,18.1,0.40,96,17.4,18.6,0.40,0.00,0.00,51,100,100,96,31,14.5,224,222,24.4,34.6,1,0.00,1010.7,996.8
2023-07-29T09:00,18.9,0.30,90,17.3,18.4,0.30,0.00,0.00,51,100,100,64,59,20.6,226,224,31.1,43.9,1,0.00,1010.8,997.0
2023-07-29T10:00,19.1,0.30,93,17.9,19.8,0.30,0.00,0.00,51,79,15,18,71,14.7,211,208,22.6,42.8,1,0.00,1011.1,997.3
2023-07-29T11:00,21.2,0.40,81,17.9,21.2,0.40,0.00,0.00,51,100,6,100,100,20.0,232,231,29.0,41.4,1,3600.00,1010.8,997.1
2023-07-29T12:00,21.6,0.80,79,17.8,21.7,0.80,0.00,0.00,53,98,98,10,5,18.0,241,241,27.1,45.0,1,1392.48,1010.5,996.8
2023-07-29T13:00,24.5,0.10,68,18.2,25.6,0.10,0.00,0.00,51,100,45,30,20,18.3,239,238,25.5,50.8,1,3600.00,1009.9,996.3
2023-07-29T14:00,25.2,0.00,58,16.4,25.2,0.00,0.00,0.00,1,31,23,9,4,19.5,242,242,28.0,47.2,1,3600.00,1009.9,996.4
2023-07-29T15:00,25.4,0.00,53,15.2,24.9,0.00,0.00,0.00,0,16,0,10,9,20.8,247,247,30.2,47.9,1,3600.00,1010.0,996.5
2023-07-29T16:00,25.2,0.00,53,14.9,24.1,0.00,0.00,0.00,0,14,8,7,1,19.7,249,249,29.3,46.4,1,3600.00,1010.0,996.5
2023-07-29T17:00,24.7,0.00,53,14.4,23.0,0.00,0.00,0.00,2,57,20,42,22,21.0,248,248,31.5,44.6,1,3600.00,1009.9,996.3
2023-07-29T18:00,23.7,0.00,62,16.0,24.0,0.00,0.00,0.00,3,100,100,16,0,11.8,245,243,21.1,44.3,1,3600.00,1010.0,996.4
2023-07-29T19:00,22.6,0.00,65,15.6,22.6,0.00,0.00,0.00,3,99,99,11,4,13.0,229,226,24.2,29.5,1,3600.00,1010.4,996.7
2023-07-29T20:00,21.1,0.00,71,15.6,21.2,0.00,0.00,0.00,3,100,100,21,19,11.7,231,223,23.8,26.6,1,0.00,1010.8,997.1
2023-07-29T21:00,20.5,0.00,75,16.0,20.8,0.00,0.00,0.00,3,99,99,14,6,12.0,231,229,23.1,25.9,0,0.00,1011.4,997.6
2023-07-29T22:00,19.0,0.00,84,16.3,19.8,0.00,0.00,0.00,3,100,100,26,24,9.7,236,231,20.8,23.8,0,0.00,1012.1,998.2
2023-07-29T23:00,18.5,0.00,88,16.4,19.7,0.00,0.00,0.00,3,100,100,8,26,6.9,231,219,15.3,19.8,0,0.00,1011.9,998.0
2023-07-30T00:00,17.6,0.10,94,16.6,18.3,0.10,0.00,0.00,51,100,100,27,32,10.7,211,200,20.5,20.9,0,0.00,1012.1,998.2
2023-07-30T01:00,18.5,2.60,86,16.2,19.1,2.60,0.00,0.00,63,100,100,27,33,10.7,226,222,22.9,22.3,0,0.00,1011.7,997.8
2023-07-30T02:00,18.0,0.00,90,16.3,18.3,0.00,0.00,0.00,3,100,100,48,50,12.2,231,223,23.8,24.1,0,0.00,1011.8,997.9
2023-07-30T03:00,17.6,0.10,92,16.3,18.3,0.10,0.00,0.00,51,68,42,32,28,9.9,227,213,21.1,24.1,0,0.00,1012.2,998.3
2023-07-30T04:00,17.1,0.00,94,16.2,17.6,0.00,0.00,0.00,1,38,0,24,31,11.0,206,191,21.6,21.2,0,0.00,1012.4,998.5
2023-07-30T05:00,16.6,0.00,95,15.8,16.5,0.00,0.00,0.00,3,100,0,39,100,14.3,214,205,26.5,27.4,1,0.00,1013.1,999.1
2023-07-30T06:00,17.1,0.10,92,15.7,16.9,0.10,0.00,0.00,51,51,0,46,12,14.8,230,227,25.3,33.8,1,0.00,1013.5,999.5
2023-07-30T07:00,17.4,0.60,89,15.6,17.0,0.60,0.00,0.00,53,95,74,60,55,15.5,229,226,23.0,33.1,1,3600.00,1013.9,999.9
2023-07-30T08:00,17.6,0.20,90,15.9,17.4,0.20,0.00,0.00,51,100,100,48,100,14.8,227,225,21.7,33.1,1,3600.00,1014.2,1000.3
2023-07-30T09:00,18.2,0.30,87,16.0,18.1,0.30,0.00,0.00,51,100,100,37,72,14.3,226,227,20.6,33.1,1,0.00,1014.0,1000.1
2023-07-30T10:00,18.6,0.50,90,17.0,19.3,0.50,0.00,0.00,53,100,100,6,45,12.5,220,219,18.4,35.6,1,1097.95,1014.2,1000.3
2023-07-30T11:00,20.9,0.00,74,16.1,20.0,0.00,0.00,0.00,3,99,86,47,86,20.5,248,248,29.4,46.1,1,3600.00,1014.1,1000.3
2023-07-30T12:00,20.7,0.00,69,14.9,19.4,0.00,0.00,0.00,1,46,0,30,22,19.9,258,257,29.4,46.4,1,1796.34,1014.3,1000.5
2023-07-30T13:00,21.9,0.10,58,13.2,20.3,0.10,0.00,0.00,51,44,84,18,19,22.7,271,271,32.4,44.3,1,3600.00,1015.2,1001.4
2023-07-30T14:00,22.1,0.00,53,12.2,20.7,0.00,0.00,0.00,3,82,75,8,24,21.0,275,275,30.3,49.3,1,3600.00,1015.4,1001.6
2023-07-30T15:00,22.1,0.00,49,10.9,20.0,0.00,0.00,0.00,1,43,0,39,26,21.8,277,278,31.6,47.2,1,3600.00,1015.7,1001.9
2023-07-30T16:00,21.6,0.00,47,10.0,18.7,0.00,0.00,0.00,3,93,89,35,18,20.2,274,274,29.6,47.5,1,3600.00,1015.9,1002.1
2023-07-30T17:00,21.1,0.00,48,9.7,18.1,0.00,0.00,0.00,3,81,4,68,44,20.2,268,268,31.3,43.2,1,3600.00,1015.8,1002.0
2023-07-30T18:00,20.5,0.00,53,10.7,18.3,0.00,0.00,0.00,3,98,97,12,40,16.6,266,265,28.1,42.8,1,2282.97,1015.9,1002.1
2023-07-30T19:00,19.9,0.00,57,11.3,18.2,0.00,0.00,0.00,3,100,100,25,13,14.7,256,253,26.0,34.9,1,3600.00,1016.5,1002.6
2023-07-30T20:00,18.9,0.00,61,11.3,17.4,0.00,0.00,0.00,3,100,100,0,10,12.9,248,243,24.1,31.0,1,0.00,1017.0,1003.1
2023-07-30T21:00,17.9,0.00,66,11.5,17.1,0.00,0.00,0.00,3,100,100,2,1,8.9,235,223,19.9,26.3,0,0.00,1017.2,1003.2
2023-07-30T22:00,17.0,0.00,70,11.5,16.0,0.00,0.00,0.00,3,96,95,57,0,10.0,229,221,23.2,20.2,0,0.00,1017.1,1003.1
2023-07-30T23:00,17.0,0.00,70,11.6,15.9,0.00,0.00,0.00,2,67,15,61,0,10.9,229,224,23.7,21.6,0,0.00,1017.1,1003.1
2023-07-31T00:00,16.6,0.00,72,11.6,15.5,0.00,0.00,0.00,3,100,48,100,1,10.9,228,224,24.2,22.3,0,0.00,1016.9,1002.9
2023-07-31T01:00,17.2,0.00,75,12.8,17.2,0.00,0.00,0.00,3,100,56,100,22,6.3,226,211,17.1,24.5,0,0.00,1016.7,1002.7
2023-07-31T02:00,17.6,0.00,70,12.2,16.4,0.00,0.00,0.00,3,100,19,100,11,12.8,225,218,24.4,25.6,0,0.00,1016.3,1002.3
2023-07-31T03:00,17.4,0.00,69,11.7,15.9,0.00,0.00,0.00,3,98,74,95,12,13.6,223,217,25.0,27.0,0,0.00,1015.9,1001.9
2023-07-31T04:00,17.1,0.00,69,11.4,15.4,0.00,0.00,0.00,3,100,100,68,17,14.0,219,215,26.1,27.7,0,0.00,1015.5,1001.5
2023-07-31T05:00,16.3,0.00,72,11.2,14.6,0.00,0.00,0.00,3,100,100,53,17,14.4,222,217,27.5,29.2,1,0.00,1015.6,1001.6
2023-07-31T06:00,16.6,0.00,72,11.5,14.8,0.00,0.00,0.00,3,100,100,39,19,15.0,225,222,27.5,31.0,1,0.00,1015.5,1001.5
2023-07-31T07:00,16.9,0.00,74,12.2,15.5,0.00,0.00,0.00,3,100,100,23,17,14.2,215,210,24.3,33.1,1,3600.00,1015.2,1001.2
2023-07-31T08:00,17.6,0.00,72,12.5,16.0,0.00,0.00,0.00,2,55,28,31,30,16.2,218,217,24.3,34.6,1,3600.00,1015.0,1001.0
2023-07-31T09:00,19.1,0.00,68,12.9,17.4,0.00,0.00,0.00,3,98,97,26,21,17.5,218,217,25.9,38.2,1,3600.00,1014.5,1000.6
2023-07-31T10:00,20.2,0.00,63,12.9,18.4,0.00,0.00,0.00,3,94,77,75,16,18.2,221,219,26.6,41.0,1,3600.00,1014.2,1000.4
2023-07-31T11:00,20.1,0.00,66,13.5,18.7,0.00,0.00,0.00,3,100,9,100,5,18.4,221,219,26.6,41.8,1,3600.00,1013.9,1000.1
2023-07-31T12:00,20.4,0.00,66,13.9,19.2,0.00,0.00,0.00,3,85,50,27,60,16.6,217,214,24.4,41.4,1,1769.83,1013.4,999.6
2023-07-31T13:00,21.7,0.00,59,13.2,19.0,0.00,0.00,0.00,3,100,80,75,100,26.3,227,228,38.5,45.7,1,3600.00,1013.1,999.4
2023-07-31T14:00,21.8,0.00,58,13.3,19.7,0.00,0.00,0.00,3,100,100,100,100,21.5,233,232,33.4,52.9,1,0.00,1012.3,998.6
2023-07-31T15:00,21.6,0.00,59,13.2,19.4,0.00,0.00,0.00,3,100,100,100,100,21.9,237,237,33.4,47.5,1,0.00,1011.8,998.1
2023-07-31T16:00,22.0,0.00,59,13.6,20.7,0.00,0.00,0.00,3,100,100,84,100,16.8,231,228,27.4,48.6,1,0.00,1011.3,997.6
2023-07-31T17:00,21.7,0.00,63,14.4,21.4,0.00,0.00,0.00,3,100,100,92,29,12.2,218,214,22.0,34.9,1,0.00,1010.6,996.9
2023-07-31T18:00,21.7,0.00,65,14.9,21.4,0.00,0.00,0.00,3,100,100,72,32,13.5,226,224,22.4,28.8,1,1191.45,1010.1,996.4
2023-07-31T19:00,20.3,0.00,73,15.3,20.3,0.00,0.00,0.00,3,100,100,100,27,12.5,230,229,22.0,29.5,1,0.00,1010.2,996.4
2023-07-31T20:00,19.3,0.10,81,15.9,19.6,0.10,0.00,0.00,51,100,100,100,11,11.5,220,212,21.5,25.6,1,0.00,1009.6,995.8
2023-07-31T21:00,18.8,1.30,84,16.1,18.9,1.30,0.00,0.00,61,100,100,100,18,13.0,225,219,24.4,33.1,0,0.00,1009.2,995.4
2023-07-31T22:00,18.2,0.60,91,16.7,19.3,0.60,0.00,0.00,53,100,100,100,27,8.2,220,203,18.7,31.7,0,0.00,1008.4,994.6
2023-07-31T23:00,17.9,0.30,93,16.7,18.8,0.30,0.00,0.00,51,100,100,100,15,9.3,188,164,18.5,19.1,0,0.00,1007.7,993.9
2023-08-01T00:00,17.9,2.20,91,16.4,18.2,2.20,0.00,0.00,61,100,100,84,16,13.5,198,189,26.2,27.0,0,0.00,1006.5,992.7
2023-08-01T01:00,17.7,0.40,89,15.8,17.3,0.40,0.00,0.00,51,100,100,100,88,15.9,213,208,29.4,34.2,0,0.00,1005.9,992.1
2023-08-01T02:00,17.5,1.20,91,16.0,17.3,1.20,0.00,0.00,55,100,100,100,25,15.0,212,207,28.0,33.5,0,0.00,1004.7,990.9
2023-08-01T03:00,17.5,1.10,91,16.1,17.2,1.10,0.00,0.00,55,100,100,100,19,16.4,216,209,30.4,33.8,0,0.00,1003.8,990.0
2023-08-01T04:00,17.6,1.50,91,16.1,16.8,1.50,0.00,0.00,61,100,100,100,17,19.7,223,220,35.1,44.6,0,0.00,1002.9,989.1
2023-08-01T05:00,17.7,1.10,91,16.2,17.0,1.10,0.00,0.00,55,100,100,100,18,19.9,228,225,35.2,45.0,1,0.00,1002.7,988.9
2023-08-01T06:00,17.6,1.60,91,16.2,16.5,1.60,0.00,0.00,61,100,99,95,60,22.2,232,230,39.0,49.0,1,0.00,1002.5,988.7
2023-08-01T07:00,17.5,1.60,91,16.1,16.0,1.60,0.00,0.00,61,100,100,100,36,25.0,229,227,42.6,55.8,1,0.00,1002.2,988.4
2023-08-01T08:00,17.5,2.40,89,15.6,16.0,2.40,0.00,0.00,61,100,100,90,99,23.3,234,235,38.4,51.8,1,0.00,1002.7,988.9
2023-08-01T09:00,17.5,0.60,91,16.1,16.6,0.60,0.00,0.00,53,100,100,99,100,20.3,240,240,33.4,48.2,1,0.00,1002.8,989.0
2023-08-01T10:00,17.6,0.10,90,16.0,17.3,0.10,0.00,0.00,51,100,100,31,26,16.4,240,237,27.1,41.8,1,0.00,1003.2,989.4
2023-08-01T11:00,19.0,0.10,84,16.2,18.8,0.10,0.00,0.00,51,23,0,13,14,15.8,240,240,22.4,40.7,1,2502.30,1003.3,989.6
2023-08-01T12:00,21.3,0.00,66,14.6,20.7,0.00,0.00,0.00,1,37,0,28,14,19.8,261,260,27.7,47.9,1,3600.00,1003.1,989.5
2023-08-01T13:00,21.9,0.00,55,12.3,20.1,0.00,0.00,0.00,2,61,65,10,5,22.8,265,265,32.9,49.7,1,3600.00,1003.7,990.1
2023-08-01T14:00,22.2,0.10,49,11.1,20.0,0.10,0.00,0.00,51,98,98,19,8,23.9,264,264,34.4,50.8,1,3600.00,1003.7,990.1
2023-08-01T15:00,21.9,0.30,50,11.1,18.8,0.30,0.00,0.00,51,55,8,54,11,24.9,265,266,36.9,52.2,1,3600.00,1004.0,990.4
2023-08-01T16:00,21.5,0.10,52,11.2,18.2,0.10,0.00,0.00,51,17,0,14,9,24.9,266,266,37.2,52.6,1,3600.00,1004.5,990.9
2023-08-01T17:00,21.5,0.00,51,11.0,18.5,0.00,0.00,0.00,2,51,0,45,27,22.7,272,271,34.6,51.1,1,3600.00,1004.9,991.3
2023-08-01T18:00,20.0,0.10,61,12.2,18.1,0.10,0.00,0.00,51,52,0,52,2,17.7,266,265,28.1,50.4,1,3600.00,1005.3,991.6
2023-08-01T19:00,19.4,0.00,66,12.8,18.2,0.00,0.00,0.00,1,26,0,26,2,13.9,262,260,25.1,36.4,1,3600.00,1006.0,992.2
2023-08-01T20:00,18.6,0.00,65,11.8,17.3,0.00,0.00,0.00,1,36,0,35,2,12.4,258,253,23.9,29.9,1,1128.50,1006.7,992.9
2023-08-01T21:00,17.6,0.00,69,11.8,16.6,0.00,0.00,0.00,1,24,0,23,5,10.2,246,238,21.6,25.9,0,0.00,1007.4,993.5
2023-08-01T22:00,16.9,0.00,72,11.8,16.2,0.00,0.00,0.00,3,93,92,7,5,8.9,242,230,20.5,21.6,0,0.00,1007.8,993.9
2023-08-01T23:00,16.3,0.00,74,11.8,15.5,0.00,0.00,0.00,3,99,99,15,4,9.3,231,216,21.3,19.8,0,0.00,1007.8,993.9
2023-08-02T00:00,16.0,0.00,76,11.8,15.1,0.00,0.00,0.00,3,100,100,29,6,9.8,215,197,21.2,19.8,0,0.00,1007.5,993.6
2023-08-02T01:00,16.7,0.00,74,12.0,15.7,0.00,0.00,0.00,3,100,100,68,2,11.2,233,222,23.4,23.0,0,0.00,1007.2,993.3
2023-08-02T02:00,16.7,0.00,75,12.2,16.1,0.00,0.00,0.00,2,77,61,39,3,8.7,214,197,19.2,23.8,0,0.00,1006.7,992.8
2023-08-02T03:00,15.9,0.00,79,12.3,15.3,0.00,0.00,0.00,3,93,90,23,18,8.6,201,180,19.7,18.4,0,0.00,1006.1,992.2
2023-08-02T04:00,15.8,0.00,79,12.3,15.0,0.00,0.00,0.00,3,100,100,43,9,10.5,202,186,22.9,21.2,0,0.00,1005.6,991.7
2023-08-02T05:00,16.0,0.00,79,12.3,15.2,0.00,0.00,0.00,3,100,100,82,1,9.7,193,176,21.4,21.6,1,0.00,1004.3,990.4
2023-08-02T06:00,16.6,0.70,80,13.1,15.9,0.70,0.00,0.00,53,100,100,100,57,11.2,197,186,21.9,22.7,1,0.00,1004.1,990.2
2023-08-02T07:00,16.2,1.40,89,14.5,16.1,1.40,0.00,0.00,61,100,100,100,14,10.5,184,172,20.6,25.2,1,0.00,1003.2,989.3
2023-08-02T08:00,16.1,2.80,91,14.7,15.9,2.80,0.00,0.00,63,100,100,100,100,11.9,157,145,21.1,23.0,1,0.00,1002.5,988.6
2023-08-02T09:00,16.6,2.60,91,15.1,16.0,2.60,0.00,0.00,63,100,99,100,100,15.5,167,158,27.0,31.7,1,0.00,1001.0,987.2
2023-08-02T10:00,17.6,2.60,90,16.0,17.5,2.60,0.00,0.00,63,100,100,100,100,15.1,187,179,26.1,33.1,1,0.00,1000.7,986.9
2023-08-02T11:00,18.0,1.50,90,16.4,17.6,1.50,0.00,0.00,61,100,98,100,100,18.2,209,205,31.7,37.8,1,0.00,1000.1,986.4
2023-08-02T12:00,18.6,1.70,90,16.8,18.2,1.70,0.00,0.00,61,100,54,100,64,18.8,216,212,33.0,40.0,1,0.00,999.4,985.7
2023-08-02T13:00,19.3,1.10,91,17.7,19.8,1.10,0.00,0.00,55,100,61,100,28,15.5,217,211,27.0,49.3,1,0.00,998.4,984.7
2023-08-02T14:00,20.0,3.80,91,18.4,20.8,3.80,0.00,0.00,63,99,26,97,71,15.5,213,208,27.6,42.5,1,0.00,997.6,984.0
2023-08-02T15:00,21.5,0.40,85,18.9,21.9,0.40,0.00,0.00,51,92,29,66,76,20.0,221,218,33.7,48.2,1,0.00,996.9,983.4
2023-08-02T16:00,22.8,0.20,81,19.4,23.9,0.20,0.00,0.00,51,100,25,86,99,16.9,217,214,26.7,50.0,1,523.97,996.3,982.8
2023-08-02T17:00,23.2,0.50,75,18.4,23.0,0.50,0.00,0.00,53,100,99,98,2,22.2,210,207,37.1,43.9,1,461.93,995.4,982.0
2023-08-02T18:00,21.2,1.20,83,18.2,20.2,1.20,0.00,0.00,55,97,0,96,94,27.3,238,236,45.1,65.5,1,0.00,996.4,982.9
2023-08-02T19:00,20.6,0.10,84,17.8,19.9,0.10,0.00,0.00,51,4,0,2,4,23.9,237,236,40.1,55.8,1,1009.70,996.8,983.2
2023-08-02T20:00,20.1,0.10,81,16.6,18.9,0.10,0.00,0.00,51,27,0,20,18,24.0,245,246,41.2,50.8,1,1515.55,998.1,984.5
2023-08-02T21:00,19.3,0.00,79,15.5,18.3,0.00,0.00,0.00,0,8,0,6,5,19.5,241,240,34.5,49.0,0,0.00,999.2,985.5
2023-08-02T22:00,19.1,0.00,74,14.4,17.4,0.00,0.00,0.00,1,20,0,17,5,21.7,235,234,38.0,44.3,0,0.00,999.9,986.2
2023-08-02T23:00,19.4,0.00,68,13.4,17.1,0.00,0.00,0.00,2,76,0,16,71,23.0,232,230,40.0,47.5,0,0.00,1000.3,986.6
2023-08-03T00:00,19.1,0.00,65,12.5,16.1,0.00,0.00,0.00,1,20,0,18,5,25.7,230,228,43.5,53.6,0,0.00,1000.4,986.7
2023-08-03T01:00,19.1,0.00,62,11.7,15.5,0.00,0.00,0.00,1,30,0,9,19,28.1,231,229,47.6,56.5,0,0.00,1000.3,986.6
2023-08-03T02:00,18.7,0.00,66,12.2,15.2,0.00,0.00,0.00,3,100,0,1,100,28.5,227,226,47.1,59.8,0,0.00,1000.8,987.1
2023-08-03T03:00,17.8,0.20,73,12.8,15.1,0.20,0.00,0.00,51,91,0,12,90,24.7,226,224,40.0,59.4,0,0.00,1001.1,987.3
2023-08-03T04:00,17.4,0.20,76,13.1,14.8,0.20,0.00,0.00,51,99,0,20,98,24.4,225,224,40.0,53.3,0,0.00,1001.5,987.7
2023-08-03T05:00,17.1,0.00,76,12.8,14.3,0.00,0.00,0.00,3,81,0,26,78,25.2,229,227,40.6,55.1,1,0.00,1002.2,988.4
2023-08-03T06:00,16.6,0.00,80,13.0,14.3,0.00,0.00,0.00,2,53,0,26,38,22.3,219,218,35.1,51.8,1,0.00,1003.1,989.3
2023-08-03T07:00,17.2,0.00,76,13.0,14.6,0.00,0.00,0.00,2,57,0,41,40,24.2,229,228,39.0,54.0,1,3009.47,1003.3,989.5
2023-08-03T08:00,17.7,0.10,73,12.7,14.5,0.10,0.00,0.00,51,92,0,90,29,27.4,231,232,42.5,60.8,1,3600.00,1003.7,989.9
2023-08-03T09:00,17.8,0.00,73,12.8,14.9,0.00,0.00,0.00,3,100,0,100,51,25.5,229,228,39.3,63.4,1,2803.63,1004.4,990.6
2023-08-03T10:00,17.5,0.00,73,12.6,14.0,0.00,0.00,0.00,2,66,0,59,15,29.1,231,234,44.3,60.1,1,0.00,1004.9,991.1
2023-08-03T11:00,18.7,0.10,71,13.3,15.9,0.10,0.00,0.00,51,64,0,52,48,26.3,231,230,39.4,64.4,1,3600.00,1005.4,991.6
2023-08-03T12:00,19.5,0.10,69,13.6,16.8,0.10,0.00,0.00,51,60,0,53,23,27.3,231,230,40.7,63.7,1,3600.00,1005.8,992.1
2023-08-03T13:00,19.3,0.10,70,13.6,17.0,0.10,0.00,0.00,51,46,0,38,35,26.7,224,223,39.5,63.4,1,3600.00,1006.8,993.0
2023-08-03T14:00,20.0,0.10,68,13.9,17.4,0.10,0.00,0.00,51,84,0,71,45,26.6,230,229,39.1,61.6,1,3600.00,1006.7,993.0
2023-08-03T15:00,20.6,0.00,65,13.8,18.4,0.00,0.00,0.00,1,31,0,23,22,23.2,229,228,34.2,63.0,1,3600.00,1006.9,993.2
2023-08-03T16:00,21.2,0.00,61,13.5,19.0,0.00,0.00,0.00,1,38,1,20,28,22.7,240,241,33.5,58.3,1,3600.00,1006.9,993.2
2023-08-03T17:00,21.0,0.00,60,12.9,18.9,0.00,0.00,0.00,1,25,0,17,13,20.6,245,245,31.1,53.6,1,3600.00,1007.0,993.3
2023-08-03T18:00,20.1,0.10,62,12.6,18.2,0.10,0.00,0.00,51,49,5,33,28,18.6,247,248,29.4,48.2,1,3600.00,1007.2,993.5
2023-08-03T19:00,19.2,0.10,68,13.1,17.9,0.10,0.00,0.00,51,48,4,43,19,15.5,246,245,27.6,38.2,1,3600.00,1008.0,994.2
2023-08-03T20:00,18.2,0.00,71,12.9,17.2,0.00,0.00,0.00,2,76,4,69,25,12.8,250,248,23.7,32.4,1,566.15,1008.9,995.1
2023-08-03T21:00,17.5,0.00,74,12.9,16.9,0.00,0.00,0.00,1,42,1,33,25,10.1,249,243,20.4,26.3,0,0.00,1009.4,995.5
2023-08-03T22:00,16.5,0.00,79,12.9,16.3,0.00,0.00,0.00,1,39,1,32,31,7.7,241,233,17.7,21.2,0,0.00,1009.9,996.0
2023-08-03T23:00,15.8,0.00,83,13.0,15.5,0.00,0.00,0.00,3,83,0,76,37,8.4,241,230,19.0,16.9,0,0.00,1010.4,996.4
2023-08-04T00:00,15.6,0.10,85,13.1,15.7,0.10,0.00,0.00,51,34,0,11,30,5.9,246,232,14.2,19.4,0,0.00,1010.5,996.5
2023-08-04T01:00,15.2,0.10,94,14.2,16.0,0.10,0.00,0.00,51,75,0,86,47,3.8,250,253,8.4,13.0,0,0.00,1011.1,997.1
2023-08-04T02:00,15.4,0.60,92,14.1,15.9,0.60,0.00,0.00,53,58,1,55,8,5.7,235,215,12.7,12.2,0,0.00,1011.0,997.0
2023-08-04T03:00,15.0,0.10,94,14.0,15.6,0.10,0.00,0.00,51,29,4,15,14,4.7,225,203,11.2,11.5,0,0.00,1010.7,996.7
2023-08-04T04:00,14.3,0.00,96,13.7,14.7,0.00,0.00,0.00,2,64,3,35,45,5.4,209,188,12.7,11.2,0,0.00,1011.0,996.9
2023-08-04T05:00,14.2,0.00,96,13.5,14.6,0.00,0.00,0.00,3,84,37,43,57,5.1,204,184,13.0,11.2,0,0.00,1011.3,997.2
2023-08-04T06:00,14.7,0.00,94,13.8,15.0,0.00,0.00,0.00,3,92,85,27,30,6.0,217,205,12.1,12.2,1,0.00,1011.5,997.5
2023-08-04T07:00,15.2,0.00,92,13.9,15.3,0.00,0.00,0.00,3,100,93,100,41,8.2,228,229,11.2,18.4,1,2399.11,1011.8,997.8
2023-08-04T08:00,15.4,0.30,93,14.2,16.2,0.30,0.00,0.00,51,100,74,100,99,3.8,222,221,5.4,18.7,1,0.00,1012.2,998.2
2023-08-04T09:00,15.8,0.40,90,14.2,16.5,0.40,0.00,0.00,51,100,90,97,100,4.9,199,197,6.5,14.8,1,0.00,1012.5,998.5
2023-08-04T10:00,16.2,0.20,89,14.4,17.1,0.20,0.00,0.00,51,100,94,98,82,3.9,210,214,5.0,14.4,1,0.00,1012.8,998.8
2023-08-04T11:00,17.4,0.20,86,15.0,18.5,0.20,0.00,0.00,51,99,60,33,98,3.7,252,259,4.6,15.1,1,2503.39,1012.9,999.0
2023-08-04T12:00,17.8,0.20,84,15.0,18.5,0.20,0.00,0.00,51,100,48,73,100,6.6,317,311,8.4,18.4,1,1190.23,1013.0,999.1
2023-08-04T13:00,17.8,4.30,82,14.6,17.3,4.30,0.00,0.00,63,100,83,62,80,13.4,341,340,19.0,22.7,1,0.00,1013.3,999.4
2023-08-04T14:00,18.8,0.40,76,14.5,18.0,0.40,0.00,0.00,51,25,7,7,14,15.6,355,353,22.4,34.2,1,3600.00,1013.2,999.3
2023-08-04T15:00,20.2,0.10,72,14.9,20.1,0.10,0.00,0.00,51,38,13,13,19,13.1,354,351,18.1,33.8,1,3600.00,1013.4,999.6
2023-08-04T16:00,20.4,0.00,68,14.3,19.9,0.00,0.00,0.00,2,65,48,26,14,12.7,351,345,17.9,31.0,1,3600.00,1013.4,999.6
2023-08-04T17:00,20.0,0.00,68,14.0,19.3,0.00,0.00,0.00,3,84,68,47,8,13.4,342,340,18.9,30.2,1,3600.00,1013.5,999.7
2023-08-04T18:00,19.4,0.10,71,13.9,19.1,0.10,0.00,0.00,51,99,94,78,7,10.2,324,321,16.0,28.8,1,2988.37,1014.0,1000.1
2023-08-04T19:00,18.9,0.00,71,13.4,18.5,0.00,0.00,0.00,3,100,100,90,7,10.1,328,325,18.6,21.2,1,0.00,1014.6,1000.7
2023-08-04T20:00,18.0,0.00,74,13.2,17.9,0.00,0.00,0.00,3,99,2,99,1,7.5,330,325,16.6,20.5,1,0.00,1015.2,1001.3
2023-08-04T21:00,17.1,0.00,78,13.2,17.2,0.00,0.00,0.00,3,96,94,30,0,6.4,327,317,15.9,15.1,0,0.00,1015.8,1001.8
2023-08-04T22:00,15.6,0.00,85,13.1,15.6,0.00,0.00,0.00,3,99,99,7,0,6.4,325,322,17.1,13.0,0,0.00,1016.1,1002.0
2023-08-04T23:00,15.1,0.00,87,12.9,15.0,0.00,0.00,0.00,3,100,100,12,0,6.9,328,321,18.3,14.0,0,0.00,1016.4,1002.3
2023-08-05T00:00,14.8,0.00,87,12.7,14.4,0.00,0.00,0.00,3,99,99,1,0,8.7,326,322,20.0,16.9,0,0.00,1016.6,1002.5
2023-08-05T01:00,14.8,0.00,90,13.2,14.9,0.00,0.00,0.00,2,58,51,32,18,6.3,341,336,16.4,17.3,0,0.00,1016.3,1002.2
2023-08-05T02:00,14.6,0.00,91,13.2,14.7,0.00,0.00,0.00,0,6,4,2,0,6.6,338,331,16.6,14.4,0,0.00,1016.2,1002.1
2023-08-05T03:00,14.0,0.00,93,12.9,13.9,0.00,0.00,0.00,1,26,26,0,0,6.9,337,332,17.3,14.4,0,0.00,1016.0,1001.9
2023-08-05T04:00,13.6,0.00,94,12.6,13.2,0.00,0.00,0.00,1,26,26,0,0,8.1,333,328,19.3,16.2,0,0.00,1015.7,1001.5
2023-08-05T05:00,13.1,0.00,95,12.3,12.9,0.00,0.00,0.00,1,24,24,0,0,6.1,340,332,16.1,16.2,0,0.00,1016.1,1001.9
2023-08-05T06:00,13.6,0.00,95,12.7,13.7,0.00,0.00,0.00,0,4,4,0,0,4.6,342,321,11.4,11.9,1,659.88,1016.4,1002.2
2023-08-05T07:00,15.1,0.00,91,13.6,15.8,0.00,0.00,0.00,0,0,0,0,0,3.3,327,283,7.3,10.8,1,3600.00,1016.4,1002.3
2023-08-05T08:00,16.7,0.00,85,14.1,17.3,0.00,0.00,0.00,0,0,0,0,0,5.1,289,278,6.5,14.8,1,3600.00,1015.7,1001.7
2023-08-05T09:00,17.9,0.00,78,14.1,18.3,0.00,0.00,0.00,1,43,0,0,43,6.5,279,276,8.8,19.1,1,3600.00,1015.6,1001.6
2023-08-05T10:00,19.1,0.10,71,13.8,19.2,0.10,0.00,0.00,51,24,0,6,23,7.2,270,267,9.7,20.5,1,3600.00,1015.3,1001.4
2023-08-05T11:00,20.1,0.20,66,13.6,20.9,0.20,0.00,0.00,51,28,0,8,25,6.2,260,260,8.4,20.5,1,3600.00,1014.8,1001.0
2023-08-05T12:00,20.8,0.10,62,13.3,21.5,0.10,0.00,0.00,51,31,0,16,22,8.0,258,260,10.7,22.0,1,3600.00,1014.0,1000.2
2023-08-05T13:00,21.9,0.10,54,12.1,22.6,0.10,0.00,0.00,51,31,0,37,12,8.2,246,247,10.6,22.7,1,3600.00,1013.4,999.7
2023-08-05T14:00,21.4,0.10,55,12.0,20.9,0.10,0.00,0.00,51,35,0,32,8,9.0,254,254,12.0,25.2,1,3600.00,1012.7,999.0
2023-08-05T15:00,21.8,0.00,57,12.9,22.0,0.00,0.00,0.00,1,20,0,18,4,7.2,242,243,9.8,22.3,1,3600.00,1011.9,998.2
2023-08-05T16:00,22.1,0.00,57,13.2,21.9,0.00,0.00,0.00,0,19,0,17,3,7.7,222,221,10.2,22.3,1,3600.00,1011.2,997.5
2023-08-05T17:00,21.9,0.00,55,12.4,21.1,0.00,0.00,0.00,0,18,0,13,8,10.9,227,226,15.8,24.8,1,3600.00,1010.5,996.8
2023-08-05T18:00,21.1,0.10,56,11.9,20.0,0.10,0.00,0.00,51,50,12,48,1,11.8,234,232,20.1,26.6,1,3600.00,1010.0,996.3
2023-08-05T19:00,19.0,0.10,67,12.8,18.3,0.10,0.00,0.00,51,99,25,98,19,11.2,251,249,20.9,24.8,1,3600.00,1010.3,996.5
2023-08-05T20:00,17.3,0.80,79,13.6,17.5,0.80,0.00,0.00,53,100,0,100,14,7.0,212,192,13.6,23.0,1,0.00,1010.7,996.8
2023-08-05T21:00,16.4,0.90,89,14.6,16.9,0.90,0.00,0.00,53,84,1,83,9,6.9,183,152,13.7,19.8,0,0.00,1010.5,996.5
2023-08-05T22:00,16.3,0.10,87,14.1,16.3,0.10,0.00,0.00,51,34,0,34,3,8.9,189,166,17.9,19.4,0,0.00,1009.9,995.9
2023-08-05T23:00,15.4,0.00,90,13.8,15.5,0.00,0.00,0.00,1,47,4,40,9,8.0,163,144,18.4,17.6,0,0.00,1009.4,995.4
2023-08-06T00:00,15.1,0.10,91,13.7,15.1,0.10,0.00,0.00,51,36,0,23,25,7.9,170,150,18.6,22.0,0,0.00,1008.9,994.9
2023-08-06T01:00,15.4,0.20,88,13.4,14.7,0.20,0.00,0.00,51,34,0,17,18,12.1,214,207,24.4,21.2,0,0.00,1008.7,994.7
2023-08-06T02:00,14.9,0.00,88,13.0,14.5,0.00,0.00,0.00,1,38,1,26,30,9.6,210,200,21.3,24.8,0,0.00,1008.2,994.2
2023-08-06T03:00,14.7,0.10,88,12.7,14.0,0.10,0.00,0.00,51,47,0,42,13,10.5,209,196,21.4,22.7,0,0.00,1007.6,993.6
2023-08-06T04:00,14.4,0.00,89,12.5,13.3,0.00,0.00,0.00,2,54,6,40,32,12.4,215,206,24.1,25.2,0,0.00,1007.4,993.4
2023-08-06T05:00,14.2,0.10,89,12.5,12.8,0.10,0.00,0.00,51,100,0,66,100,15.2,221,216,27.1,30.6,0,0.00,1007.2,993.2
2023-08-06T06:00,14.1,0.90,91,12.7,12.5,0.90,0.00,0.00,53,95,8,83,85,17.1,224,222,28.0,33.1,1,0.00,1007.1,993.1
2023-08-06T07:00,14.3,0.10,90,12.8,12.7,0.10,0.00,0.00,51,100,0,73,100,17.3,224,223,28.3,34.6,1,0.00,1007.1,993.1
2023-08-06T08:00,14.7,0.10,88,12.7,12.7,0.10,0.00,0.00,51,100,3,100,90,19.9,229,228,30.9,37.8,1,0.00,1007.2,993.2
2023-08-06T09:00,15.0,0.10,86,12.6,12.8,0.10,0.00,0.00,51,100,4,100,100,20.2,223,221,31.6,43.2,1,0.00,1006.9,992.9
2023-08-06T10:00,15.7,0.10,84,13.0,13.7,0.10,0.00,0.00,51,45,5,3,41,19.9,232,229,30.5,44.6,1,0.00,1006.6,992.7
2023-08-06T11:00,17.7,0.10,70,12.2,14.5,0.10,0.00,0.00,51,86,20,72,76,27.0,259,257,39.3,55.4,1,3600.00,1006.3,992.5
2023-08-06T12:00,15.8,6.70,82,12.8,12.9,6.70,0.00,0.00,63,86,24,62,61,26.4,257,256,41.4,58.0,1,364.41,1007.0,993.1
2023-08-06T13:00,15.7,0.20,79,12.0,12.8,0.20,0.00,0.00,51,100,3,100,35,23.5,267,265,38.2,60.5,1,3600.00,1008.7,994.7
2023-08-06T14:00,16.1,0.00,73,11.4,13.5,0.00,0.00,0.00,3,100,1,100,36,20.9,268,266,34.9,51.8,1,0.00,1009.3,995.4
2023-08-06T15:00,14.8,0.80,81,11.6,11.7,0.80,0.00,0.00,53,100,6,100,15,24.0,265,262,39.0,50.0,1,0.00,1010.1,996.1
2023-08-06T16:00,15.0,0.40,82,12.0,12.4,0.40,0.00,0.00,51,98,0,98,21,22.2,265,262,36.1,48.6,1,0.00,1010.8,996.8
2023-08-06T17:00,15.2,1.50,81,11.9,12.0,1.50,0.00,0.00,61,97,0,96,29,25.6,272,272,40.3,52.6,1,0.00,1011.2,997.2
2023-08-06T18:00,14.8,0.20,80,11.4,12.1,0.20,0.00,0.00,51,100,25,100,39,21.6,269,269,36.0,51.5,1,794.22,1011.6,997.6
2023-08-06T19:00,14.4,1.10,82,11.4,11.8,1.10,0.00,0.00,55,97,56,93,30,20.9,271,270,34.9,44.6,1,0.00,1012.2,998.1
2023-08-06T20:00,13.9,0.20,84,11.2,11.5,0.20,0.00,0.00,51,100,55,100,53,19.1,272,267,32.8,46.4,0,0.00,1012.8,998.7
2023-08-06T21:00,13.5,0.20,85,11.1,11.0,0.20,0.00,0.00,51,100,100,100,75,18.9,265,261,31.8,40.7,0,0.00,1013.1,999.0
2023-08-06T22:00,13.5,0.20,84,10.9,10.8,0.20,0.00,0.00,51,100,80,100,66,20.2,275,272,34.0,41.0,0,0.00,1013.5,999.4
2023-08-06T23:00,13.3,0.30,83,10.4,10.5,0.30,0.00,0.00,51,100,26,100,33,19.9,277,274,33.4,41.8,0,0.00,1014.0,999.8
2023-08-07T00:00,13.0,0.20,81,9.9,10.3,0.20,0.00,0.00,51,100,42,100,26,18.4,273,269,31.0,40.3,0,0.00,1014.5,1000.3
2023-08-07T01:00,12.6,0.10,87,10.5,10.1,0.10,0.00,0.00,51,100,89,100,53,18.0,262,258,31.3,37.1,0,0.00,1014.8,1000.6
2023-08-07T02:00,12.4,0.40,89,10.7,10.1,0.40,0.00,0.00,51,100,64,100,83,17.0,261,257,29.9,37.8,0,0.00,1015.0,1000.8
2023-08-07T03:00,12.2,0.70,89,10.4,9.9,0.70,0.00,0.00,53,100,0,100,31,16.7,267,263,29.2,35.6,0,0.00,1015.3,1001.1
2023-08-07T04:00,12.1,0.20,84,9.6,9.6,0.20,0.00,0.00,51,100,3,100,67,16.2,264,258,28.2,34.2,0,0.00,1015.7,1001.5
2023-08-07T05:00,12.0,0.00,84,9.4,9.5,0.00,0.00,0.00,3,100,9,100,51,16.1,259,254,27.5,33.1,0,0.00,1016.0,1001.8
2023-08-07T06:00,11.9,0.10,84,9.3,9.5,0.10,0.00,0.00,51,100,7,100,85,15.6,256,251,26.7,32.8,1,0.00,1016.1,1001.9
2023-08-07T07:00,12.1,0.20,84,9.5,9.5,0.20,0.00,0.00,51,100,7,100,93,16.6,251,246,27.4,32.8,1,0.00,1016.5,1002.3
2023-08-07T08:00,12.6,0.10,82,9.6,10.0,0.10,0.00,0.00,51,100,0,100,93,16.7,253,251,27.1,34.9,1,0.00,1016.8,1002.6
2023-08-07T09:00,12.5,0.90,86,10.3,10.3,0.90,0.00,0.00,53,100,6,100,44,16.0,263,261,27.6,33.8,1,0.00,1017.3,1003.1
2023-08-07T10:00,12.9,0.80,85,10.5,10.6,0.80,0.00,0.00,53,90,2,87,50,16.9,259,258,27.9,33.8,1,0.00,1017.8,1003.6
2023-08-07T11:00,15.0,0.20,71,9.9,12.2,0.20,0.00,0.00,51,100,1,100,49,19.4,269,270,28.8,39.2,1,3184.30,1017.8,1003.7
2023-08-07T12:00,16.4,0.10,60,8.5,13.0,0.10,0.00,0.00,51,100,0,100,40,20.3,295,295,31.1,41.4,1,0.00,1017.6,1003.5
2023-08-07T13:00,14.8,0.30,79,11.1,13.5,0.30,0.00,0.00,51,100,34,80,1,11.2,266,264,17.0,41.4,1,0.00,1018.7,1004.6
2023-08-07T14:00,16.4,0.30,72,11.2,15.2,0.30,0.00,0.00,51,73,0,72,3,10.4,271,272,14.8,31.3,1,3600.00,1018.4,1004.3
2023-08-07T15:00,19.3,0.00,49,8.2,17.1,0.00,0.00,0.00,1,34,0,34,0,15.9,275,275,22.8,33.8,1,3600.00,1017.8,1003.9
2023-08-07T16:00,19.6,0.00,45,7.2,16.1,0.00,0.00,0.00,1,30,0,30,0,19.0,294,295,28.8,40.0,1,3600.00,1017.8,1003.9
2023-08-07T17:00,19.3,0.00,47,7.7,16.3,0.00,0.00,0.00,1,25,0,25,0,16.6,296,294,26.7,40.3,1,3600.00,1017.9,1004.0
2023-08-07T18:00,18.7,0.00,53,8.8,16.5,0.00,0.00,0.00,1,30,0,30,4,12.6,291,290,22.8,35.6,1,3600.00,1017.9,1004.0
2023-08-07T19:00,17.3,0.00,60,9.5,15.9,0.00,0.00,0.00,1,41,0,39,14,8.8,285,282,19.4,27.0,1,3600.00,1018.2,1004.2
2023-08-07T20:00,15.2,0.30,70,9.8,14.3,0.30,0.00,0.00,51,37,0,32,20,5.8,274,263,16.6,18.7,0,198.87,1018.7,1004.6
2023-08-07T21:00,14.2,0.00,77,10.2,13.5,0.00,0.00,0.00,2,60,43,27,13,5.4,248,217,15.5,12.2,0,0.00,1019.0,1004.8
2023-08-07T22:00,13.7,0.00,79,10.1,12.7,0.00,0.00,0.00,3,85,75,37,22,7.4,245,223,19.5,15.1,0,0.00,1019.1,1004.9
2023-08-07T23:00,13.6,0.00,79,10.0,12.5,0.00,0.00,0.00,3,91,85,37,18,7.1,242,221,18.7,16.6,0,0.00,1018.8,1004.6
2023-08-08T00:00,12.7,0.00,83,9.9,11.8,0.00,0.00,0.00,1,44,0,42,14,5.6,238,207,15.7,14.8,0,0.00,1018.8,1004.6
2023-08-08T01:00,13.2,0.00,82,10.2,12.1,0.00,0.00,0.00,2,69,94,32,0,8.1,221,193,18.6,15.5,0,0.00,1017.9,1003.7
2023-08-08T02:00,12.7,0.10,85,10.3,11.6,0.10,0.00,0.00,51,83,74,29,14,8.4,230,205,19.7,16.9,0,0.00,1018.0,1003.8
2023-08-08T03:00,12.6,0.10,86,10.3,11.2,0.10,0.00,0.00,51,18,0,2,16,10.5,224,202,21.9,20.5,0,0.00,1017.8,1003.6
2023-08-08T04:00,12.0,0.00,90,10.4,11.1,0.00,0.00,0.00,3,90,86,2,25,7.0,224,201,18.6,20.9,0,0.00,1017.6,1003.3
2023-08-08T05:00,11.8,0.00,91,10.4,10.8,0.00,0.00,0.00,1,38,31,1,10,8.2,220,195,18.9,15.8,0,0.00,1017.7,1003.4
2023-08-08T06:00,12.2,0.00,90,10.6,10.9,0.00,0.00,0.00,1,37,21,1,20,10.1,215,197,21.0,19.8,1,102.27,1017.7,1003.4
2023-08-08T07:00,13.5,0.00,87,11.4,12.5,0.00,0.00,0.00,0,18,8,0,10,9.9,217,199,23.9,22.0,1,3600.00,1017.8,1003.6
2023-08-08T08:00,15.1,0.00,81,11.8,13.9,0.00,0.00,0.00,3,80,80,0,0,11.6,221,216,17.6,26.6,1,3600.00,1017.8,1003.7
2023-08-08T09:00,16.7,0.00,73,11.9,15.3,0.00,0.00,0.00,3,95,95,0,0,13.3,222,218,18.9,30.2,1,3600.00,1017.5,1003.5
2023-08-08T10:00,18.1,0.00,63,11.0,16.0,0.00,0.00,0.00,2,79,77,2,4,16.9,243,243,23.5,36.7,1,3600.00,1017.3,1003.3
2023-08-08T11:00,19.4,0.00,54,10.0,17.3,0.00,0.00,0.00,3,99,99,0,0,17.1,245,245,24.2,37.8,1,3600.00,1017.0,1003.1
2023-08-08T12:00,20.6,0.00,47,8.8,18.4,0.00,0.00,0.00,3,98,97,36,0,19.4,253,252,27.6,42.1,1,3600.00,1016.5,1002.7
2023-08-08T13:00,21.0,0.00,46,9.1,19.2,0.00,0.00,0.00,2,62,94,22,1,18.2,256,256,25.6,43.2,1,3600.00,1016.5,1002.7
2023-08-08T14:00,21.4,0.00,44,8.5,19.2,0.00,0.00,0.00,3,99,93,90,0,19.5,254,254,27.7,42.1,1,3600.00,1016.0,1002.2
2023-08-08T15:00,21.0,0.00,42,7.6,17.1,0.00,0.00,0.00,3,100,95,100,1,22.0,260,260,32.1,46.4,1,3600.00,1015.8,1002.0
2023-08-08T16:00,20.5,0.00,48,9.0,17.6,0.00,0.00,0.00,3,100,57,100,9,17.7,264,264,28.9,47.2,1,0.00,1015.7,1001.9
2023-08-08T17:00,20.3,0.00,51,9.9,17.8,0.00,0.00,0.00,3,100,25,100,100,16.8,263,261,28.0,38.9,1,315.61,1015.9,1002.1
2023-08-08T18:00,19.6,0.00,56,10.7,18.0,0.00,0.00,0.00,3,100,83,100,58,12.2,270,268,23.0,34.9,1,0.00,1016.1,1002.2
2023-08-08T19:00,19.0,0.00,60,11.2,17.8,0.00,0.00,0.00,3,100,99,100,68,10.4,274,272,20.6,26.3,1,0.00,1016.3,1002.4
2023-08-08T20:00,18.0,0.00,67,11.8,17.3,0.00,0.00,0.00,3,100,100,100,69,8.7,279,275,17.5,22.0,0,0.00,1016.4,1002.4
2023-08-08T21:00,16.8,0.00,78,12.9,17.0,0.00,0.00,0.00,3,100,100,100,24,4.4,256,235,12.2,18.0,0,0.00,1016.5,1002.5
2023-08-08T22:00,16.4,0.00,80,13.0,16.6,0.00,0.00,0.00,3,100,98,100,24,4.8,227,193,11.7,10.8,0,0.00,1016.5,1002.5
2023-08-08T23:00,16.3,0.30,81,13.1,16.2,0.30,0.00,0.00,51,100,100,100,32,7.4,221,209,16.6,14.4,0,0.00,1016.5,1002.5
2023-08-09T00:00,15.7,1.00,90,14.0,15.8,1.00,0.00,0.00,55,100,93,100,24,8.0,211,198,17.6,17.3,0,0.00,1015.7,1001.6
2023-08-09T01:00,15.7,1.00,88,13.7,15.5,1.00,0.00,0.00,55,100,66,100,25,9.6,215,200,21.0,21.6,0,0.00,1014.9,1000.9
2023-08-09T02:00,15.7,1.00,86,13.4,15.6,1.00,0.00,0.00,55,100,5,100,36,8.2,232,229,19.5,21.2,0,0.00,1014.7,1000.7
2023-08-09T03:00,15.3,2.20,89,13.5,14.8,2.20,0.00,0.00,61,100,100,100,18,10.9,245,236,22.7,23.0,0,0.00,1015.1,1001.0
2023-08-09T04:00,15.5,0.60,88,13.5,14.9,0.60,0.00,0.00,53,100,90,100,28,12.2,235,223,24.6,27.0,0,0.00,1014.8,1000.7
2023-08-09T05:00,15.3,0.30,88,13.4,14.4,0.30,0.00,0.00,51,100,95,100,38,13.6,226,217,26.0,29.5,0,0.00,1014.9,1000.8
2023-08-09T06:00,15.3,0.90,89,13.5,15.1,0.90,0.00,0.00,53,100,93,100,32,9.0,235,233,19.9,29.5,1,0.00,1015.3,1001.2
2023-08-09T07:00,15.5,0.50,90,13.9,16.0,0.50,0.00,0.00,53,100,100,100,90,4.9,250,253,11.8,23.8,1,0.00,1015.8,1001.7
2023-08-09T08:00,15.4,0.50,93,14.3,15.6,0.50,0.00,0.00,53,100,100,97,97,8.4,246,230,16.6,20.9,1,0.00,1016.1,1002.0
2023-08-09T09:00,16.6,0.30,87,14.4,16.3,0.30,0.00,0.00,51,100,100,37,55,11.8,261,258,18.2,24.5,1,0.00,1016.5,1002.5
2023-08-09T10:00,18.0,0.00,85,15.4,18.2,0.00,0.00,0.00,3,100,100,49,63,11.2,257,255,15.5,27.0,1,192.43,1016.8,1002.8
2023-08-09T11:00,19.5,0.10,75,14.9,19.3,0.10,0.00,0.00,51,100,100,89,100,12.6,276,273,17.7,31.3,1,3600.00,1016.9,1003.0
2023-08-09T12:00,18.5,0.10,79,14.9,18.4,0.10,0.00,0.00,51,100,99,85,97,12.1,281,282,17.2,31.0,1,0.00,1017.1,1003.2
2023-08-09T13:00,19.2,0.10,84,16.4,19.9,0.10,0.00,0.00,51,100,79,98,85,10.2,260,262,14.3,27.7,1,0.00,1017.1,1003.2
2023-08-09T14:00,17.7,3.90,83,14.7,17.9,3.90,0.00,0.00,63,96,57,93,62,9.4,312,310,14.5,32.0,1,1048.23,1017.9,1003.9
2023-08-09T15:00,18.4,0.50,83,15.5,19.6,0.50,0.00,0.00,53,98,15,98,4,4.6,324,321,6.2,26.3,1,482.68,1018.0,1004.0
2023-08-09T16:00,19.2,0.00,78,15.3,20.2,0.00,0.00,0.00,2,69,0,67,20,5.3,336,332,7.1,15.5,1,1798.61,1018.1,1004.2
2023-08-09T17:00,19.4,0.00,74,14.8,20.3,0.00,0.00,0.00,3,92,0,91,17,4.7,13,9,6.6,13.7,1,1135.83,1018.3,1004.4
2023-08-09T18:00,19.2,0.00,74,14.5,20.0,0.00,0.00,0.00,1,48,0,43,14,4.3,25,24,6.8,11.9,1,2328.46,1018.4,1004.5
2023-08-09T19:00,18.4,0.00,85,15.8,19.9,0.00,0.00,0.00,1,24,0,12,19,2.9,32,30,5.5,10.8,1,3600.00,1018.9,1004.9
2023-08-09T20:00,18.1,0.00,76,13.8,19.2,0.00,0.00,0.00,0,4,0,0,4,0.8,360,117,1.4,5.8,0,203.77,1019.4,1005.4
2023-08-09T21:00,15.0,0.00,88,13.1,15.4,0.00,0.00,0.00,0,1,0,1,0,4.2,90,110,2.5,5.4,0,0.00,1019.9,1005.8
2023-08-09T22:00,13.8,0.00,93,12.7,13.6,0.00,0.00,0.00,0,3,0,3,1,7.2,143,117,7.2,9.0,0,0.00,1020.4,1006.2
2023-08-09T23:00,14.0,0.00,93,12.8,13.8,0.00,0.00,0.00,0,2,0,2,0,7.3,174,123,9.8,10.1,0,0.00,1020.5,1006.3
2023-08-10T00:00,13.3,0.00,95,12.4,13.3,0.00,0.00,0.00,0,0,0,0,0,5.0,174,90,6.5,9.0,0,0.00,1020.7,1006.5
2023-08-10T01:00,14.2,0.00,95,13.4,14.5,0.00,0.00,0.00,0,1,0,2,0,5.0,122,90,10.2,7.6,0,0.00,1020.9,1006.7
2023-08-10T02:00,13.0,0.00,96,12.3,12.9,0.00,0.00,0.00,0,5,0,4,1,5.4,123,94,11.2,10.1,0,0.00,1020.8,1006.5
2023-08-10T03:00,12.9,0.00,95,12.1,12.7,0.00,0.00,0.00,0,3,0,3,0,6.0,139,107,13.3,10.8,0,0.00,1020.9,1006.6
2023-08-10T04:00,12.9,0.00,95,12.1,12.7,0.00,0.00,0.00,0,0,0,0,0,5.9,141,104,14.3,11.2,0,0.00,1020.8,1006.5
2023-08-10T05:00,12.7,0.00,94,11.8,12.5,0.00,0.00,0.00,0,3,0,3,0,5.4,139,98,13.8,11.2,0,0.00,1021.1,1006.8
2023-08-10T06:00,13.3,0.00,93,12.2,13.4,0.00,0.00,0.00,0,5,0,5,0,4.1,134,75,10.4,9.7,1,111.00,1021.3,1007.0
2023-08-10T07:00,15.6,0.00,88,13.7,16.2,0.00,0.00,0.00,0,7,0,7,0,3.7,114,61,7.9,9.4,1,3600.00,1021.6,1007.5
2023-08-10T08:00,17.8,0.00,79,14.1,18.9,0.00,0.00,0.00,0,5,0,5,0,1.8,90,79,4.0,9.0,1,3600.00,1021.7,1007.7
2023-08-10T09:00,19.5,0.00,72,14.3,20.6,0.00,0.00,0.00,0,3,0,3,0,1.5,124,135,2.6,10.1,1,3600.00,1021.7,1007.7
2023-08-10T10:00,21.0,0.00,63,13.6,21.9,0.00,0.00,0.00,0,0,0,0,0,2.9,165,173,4.1,13.0,1,3600.00,1021.7,1007.8
2023-08-10T11:00,22.0,0.00,57,13.1,23.7,0.00,0.00,0.00,0,0,0,0,0,2.3,186,198,3.3,13.3,1,3600.00,1021.5,1007.7
2023-08-10T12:00,22.8,0.00,54,13.1,25.2,0.00,0.00,0.00,0,3,0,0,3,0.7,225,270,0.5,12.6,1,3600.00,1021.3,1007.5
2023-08-10T13:00,23.4,0.00,52,13.0,26.0,0.00,0.00,0.00,0,3,0,0,0,0.7,270,270,0.7,11.2,1,3600.00,1020.6,1006.8
2023-08-10T14:00,24.2,0.00,51,13.5,26.6,0.00,0.00,0.00,0,0,0,0,0,2.1,304,301,2.6,11.9,1,3600.00,1020.5,1006.8
2023-08-10T15:00,24.5,0.00,50,13.3,25.9,0.00,0.00,0.00,0,0,0,0,0,4.1,318,315,4.8,14.0,1,3600.00,1020.3,1006.6
2023-08-10T16:00,24.4,0.00,49,13.0,25.0,0.00,0.00,0.00,0,0,0,0,0,4.9,347,343,6.3,14.8,1,3600.00,1020.2,1006.5
2023-08-10T17:00,24.2,0.00,50,13.1,24.5,0.00,0.00,0.00,0,0,0,0,0,4.4,14,9,5.9,14.4,1,3600.00,1020.0,1006.3
2023-08-10T18:00,23.7,0.00,56,14.4,24.7,0.00,0.00,0.00,0,0,0,0,0,3.3,13,6,6.3,11.5,1,3600.00,1020.1,1006.4
2023-08-10T19:00,21.4,0.00,71,15.9,22.8,0.00,0.00,0.00,0,0,0,0,0,4.7,14,4,10.7,7.9,1,3600.00,1020.3,1006.4
2023-08-10T20:00,18.8,0.00,71,13.3,19.0,0.00,0.00,0.00,0,0,0,0,0,5.9,15,14,12.7,10.4,0,298.45,1020.7,1006.7
2023-08-10T21:00,18.1,0.00,70,12.4,17.7,0.00,0.00,0.00,0,0,0,0,0,7.4,27,43,13.7,13.7,0,0.00,1021.2,1007.2
2023-08-10T22:00,16.8,0.00,77,12.7,16.6,0.00,0.00,0.00,0,0,0,0,0,7.1,56,66,13.0,13.7,0,0.00,1021.4,1007.3
2023-08-10T23:00,15.7,0.00,83,12.9,15.7,0.00,0.00,0.00,0,0,0,0,0,6.3,77,77,11.1,13.7,0,0.00,1021.4,1007.3
2023-08-11T00:00,14.8,0.00,87,12.7,14.6,0.00,0.00,0.00,0,0,0,0,0,6.8,92,87,11.9,13.7,0,0.00,1021.4,1007.2
2023-08-11T01:00,14.4,0.00,88,12.5,14.3,0.00,0.00,0.00,0,9,7,0,0,6.5,108,93,14.3,13.3,0,0.00,1021.6,1007.4
2023-08-11T02:00,13.6,0.00,91,12.2,13.5,0.00,0.00,0.00,0,12,12,0,0,5.0,101,90,11.4,12.2,0,0.00,1021.8,1007.6
2023-08-11T03:00,13.2,0.00,91,11.8,13.0,0.00,0.00,0.00,0,0,0,0,0,5.4,101,94,11.4,10.4,0,0.00,1021.7,1007.4
2023-08-11T04:00,13.2,0.00,89,11.4,12.8,0.00,0.00,0.00,0,0,0,0,0,5.8,104,94,12.2,11.2,0,0.00,1021.6,1007.3
2023-08-11T05:00,12.9,0.00,89,11.1,12.5,0.00,0.00,0.00,0,0,0,0,0,5.0,102,90,12.1,11.5,0,0.00,1021.7,1007.4
2023-08-11T06:00,13.7,0.00,86,11.3,13.1,0.00,0.00,0.00,0,0,0,0,0,6.8,101,87,12.8,12.6,1,200.67,1021.8,1007.6
2023-08-11T07:00,16.4,0.00,79,12.8,16.2,0.00,0.00,0.00,0,0,0,0,0,7.2,104,90,13.0,14.4,1,3600.00,1021.9,1007.8
2023-08-11T08:00,19.3,0.00,72,14.1,20.1,0.00,0.00,0.00,0,0,0,0,0,4.0,99,85,10.9,14.4,1,3600.00,1022.1,1008.1
2023-08-11T09:00,21.7,0.00,65,14.9,22.9,0.00,0.00,0.00,0,0,0,0,0,2.9,95,90,4.3,11.5,1,3600.00,1022.3,1008.4
2023-08-11T10:00,23.7,0.00,60,15.4,25.1,0.00,0.00,0.00,0,0,0,0,0,4.3,128,132,5.9,13.7,1,3600.00,1022.2,1008.4
2023-08-11T11:00,25.3,0.00,55,15.7,27.6,0.00,0.00,0.00,0,0,0,0,0,4.7,152,157,6.1,15.1,1,3600.00,1022.0,1008.3
2023-08-11T12:00,26.4,0.00,53,16.2,29.3,0.00,0.00,0.00,0,0,0,0,0,4.3,176,180,5.4,15.1,1,3600.00,1021.7,1008.1
2023-08-11T13:00,28.0,0.00,47,15.5,30.6,0.00,0.00,0.00,3,86,15,0,0,5.1,187,188,6.2,14.8,1,3600.00,1021.2,1007.6
2023-08-11T14:00,28.4,0.00,45,15.5,30.9,0.00,0.00,0.00,1,22,22,0,0,5.0,196,201,6.4,15.5,1,3600.00,1020.9,1007.4
2023-08-11T15:00,28.7,0.00,44,15.3,30.6,0.00,0.00,0.00,3,100,100,0,0,5.6,215,220,7.5,15.5,1,3600.00,1020.7,1007.2
2023-08-11T16:00,28.8,0.00,44,15.4,30.0,0.00,0.00,0.00,1,32,32,0,0,5.1,215,219,7.0,15.5,1,3600.00,1020.2,1006.7
2023-08-11T17:00,28.5,0.00,48,16.3,30.1,0.00,0.00,0.00,1,28,28,0,0,3.9,227,236,6.4,13.3,1,3600.00,1019.8,1006.3
2023-08-11T18:00,27.7,0.00,62,19.7,30.9,0.00,0.00,0.00,0,2,2,0,0,2.8,225,230,4.1,10.1,1,3600.00,1019.6,1006.0
2023-08-11T19:00,28.0,0.00,45,15.0,29.1,0.00,0.00,0.00,0,6,6,0,0,3.3,220,174,5.6,5.4,1,3600.00,1019.5,1006.0
2023-08-11T20:00,26.8,0.00,48,15.0,27.7,0.00,0.00,0.00,0,0,0,0,0,5.5,221,169,8.2,8.3,0,201.16,1019.7,1006.1
2023-08-11T21:00,25.6,0.00,52,15.0,26.4,0.00,0.00,0.00,0,0,0,0,0,5.5,219,148,9.2,8.3,0,0.00,1019.7,1006.0
2023-08-11T22:00,20.8,0.00,73,15.8,22.0,0.00,0.00,0.00,0,0,0,0,0,5.7,207,125,8.0,8.3,0,0.00,1019.4,1005.5
2023-08-11T23:00,20.3,0.00,73,15.3,21.4,0.00,0.00,0.00,0,8,8,0,0,4.7,180,113,6.1,8.6,0,0.00,1019.5,1005.6
2023-08-12T00:00,19.7,0.00,75,15.2,20.5,0.00,0.00,0.00,0,5,5,0,0,6.4,176,117,5.8,9.4,0,0.00,1019.4,1005.5
2023-08-12T01:00,20.1,0.00,70,14.5,20.6,0.00,0.00,0.00,0,12,99,4,0,6.6,135,103,13.7,9.7,0,0.00,1018.7,1004.8
2023-08-12T02:00,19.7,0.00,72,14.6,20.0,0.00,0.00,0.00,2,78,76,6,0,8.6,129,105,16.6,15.1,0,0.00,1018.2,1004.3
2023-08-12T03:00,17.8,0.00,86,15.4,18.6,0.00,0.00,0.00,3,91,81,58,0,7.2,146,143,11.7,15.5,0,0.00,1018.2,1004.2
2023-08-12T04:00,17.6,0.00,88,15.6,18.8,0.00,0.00,0.00,3,100,38,100,0,5.0,128,69,5.9,10.4,0,0.00,1018.1,1004.1
2023-08-12T05:00,19.0,0.00,79,15.3,19.7,0.00,0.00,0.00,2,60,1,60,0,7.7,338,349,17.1,14.4,0,0.00,1018.5,1004.6
2023-08-12T06:00,19.6,0.00,84,16.8,21.0,0.00,0.00,0.00,0,16,0,16,0,6.8,9,18,16.8,14.8,1,0.00,1018.0,1004.1
2023-08-12T07:00,21.0,0.00,83,18.0,23.2,0.00,0.00,0.00,0,1,0,1,0,4.7,48,90,9.7,12.6,1,3600.00,1017.8,1004.0
2023-08-12T08:00,22.8,0.00,78,18.9,25.6,0.00,0.00,0.00,0,3,0,2,1,3.3,148,174,4.7,11.2,1,3600.00,1017.8,1004.0
2023-08-12T09:00,24.1,0.00,75,19.3,27.0,0.00,0.00,0.00,1,27,0,27,2,3.9,210,214,5.0,13.7,1,3600.00,1018.0,1004.3
2023-08-12T10:00,25.3,0.00,72,19.9,28.5,0.00,0.00,0.00,1,37,0,36,1,3.6,211,217,4.2,13.7,1,3600.00,1018.0,1004.4
2023-08-12T11:00,26.5,0.00,68,20.1,30.0,0.00,0.00,0.00,3,88,79,51,4,6.1,239,242,7.6,17.3,1,3600.00,1017.9,1004.3
2023-08-12T12:00,26.4,0.10,69,20.1,29.5,0.10,0.00,0.00,51,99,98,31,16,6.5,250,251,8.4,25.2,1,3600.00,1017.8,1004.2
2023-08-12T13:00,23.3,0.10,86,20.8,26.5,0.10,0.00,0.00,51,100,100,34,0,6.9,315,313,9.7,28.1,1,1625.95,1018.0,1004.3
2023-08-12T14:00,22.5,0.50,89,20.6,25.8,0.50,0.00,0.00,53,99,99,10,13,6.1,360,360,8.3,23.8,1,0.00,1017.9,1004.1
2023-08-12T15:00,24.1,0.00,84,21.1,28.0,0.00,0.00,0.00,3,100,99,7,43,3.5,241,246,4.5,16.9,1,1770.24,1017.9,1004.2
2023-08-12T16:00,23.4,0.30,85,20.8,26.2,0.30,0.00,0.00,51,100,99,87,60,10.0,251,249,13.3,28.8,1,3263.52,1017.9,1004.2
2023-08-12T17:00,22.8,0.10,86,20.4,25.9,0.10,0.00,0.00,51,100,100,14,14,7.1,253,255,9.8,22.7,1,0.00,1017.7,1003.9
2023-08-12T18:00,22.9,0.00,86,20.3,26.5,0.00,0.00,0.00,3,88,82,22,15,2.4,225,207,3.6,15.5,1,0.00,1017.7,1004.0
2023-08-12T19:00,22.5,0.00,90,20.8,26.4,0.00,0.00,0.00,1,37,0,30,19,2.6,209,196,6.6,8.6,1,2329.25,1017.8,1004.0
2023-08-12T20:00,20.7,2.30,95,19.8,23.9,2.30,0.00,0.00,61,63,5,48,42,4.3,233,228,13.6,19.4,0,0.00,1018.4,1004.5
2023-08-12T21:00,20.1,2.60,98,19.7,22.6,2.60,0.00,0.00,63,100,0,100,95,8.1,240,238,17.4,20.5,0,0.00,1019.3,1005.4
2023-08-12T22:00,20.4,0.10,95,19.5,23.0,0.10,0.00,0.00,51,83,77,16,22,6.9,238,227,16.2,19.8,0,0.00,1019.1,1005.2
2023-08-12T23:00,19.9,0.00,96,19.2,22.2,0.00,0.00,0.00,3,100,100,9,18,8.0,227,216,18.1,15.5,0,0.00,1019.4,1005.5
2023-08-13T00:00,19.5,0.10,97,19.0,21.7,0.10,0.00,0.00,51,68,30,47,14,7.9,226,219,18.6,16.9,0,0.00,1019.4,1005.5
2023-08-13T01:00,20.0,0.00,96,19.4,22.4,0.00,0.00,0.00,2,71,100,49,34,8.0,219,207,18.2,16.2,0,0.00,1019.2,1005.3
2023-08-13T02:00,19.7,0.00,97,19.1,22.3,0.00,0.00,0.00,3,100,100,3,12,5.3,228,208,14.5,17.3,0,0.00,1018.9,1005.0
2023-08-13T03:00,19.0,0.00,97,18.5,21.4,0.00,0.00,0.00,3,94,93,7,9,5.0,232,201,13.3,10.8,0,0.00,1019.0,1005.1
2023-08-13T04:00,18.6,0.00,97,18.1,20.9,0.00,0.00,0.00,3,100,100,18,5,4.3,216,175,11.6,10.4,0,0.00,1019.0,1005.0
2023-08-13T05:00,18.6,0.00,97,18.0,20.8,0.00,0.00,0.00,3,100,100,92,9,4.6,206,162,10.8,9.4,0,0.00,1018.9,1004.9
2023-08-13T06:00,19.2,0.00,95,18.4,21.5,0.00,0.00,0.00,3,100,100,30,28,5.2,198,164,10.6,10.1,1,0.00,1019.1,1005.2
2023-08-13T07:00,19.7,0.00,95,18.9,22.0,0.00,0.00,0.00,3,100,100,79,31,7.2,200,180,14.6,15.5,1,540.63,1019.3,1005.4
2023-08-13T08:00,20.6,0.20,94,19.6,23.0,0.20,0.00,0.00,51,100,86,43,95,8.2,208,203,12.2,19.1,1,2937.36,1019.3,1005.4
2023-08-13T09:00,21.7,0.00,84,18.9,23.7,0.00,0.00,0.00,2,53,27,33,5,9.1,216,214,12.9,22.0,1,3600.00,1019.3,1005.5
2023-08-13T10:00,23.3,0.00,66,16.7,24.3,0.00,0.00,0.00,2,57,54,6,4,8.7,231,228,12.0,22.7,1,3600.00,1019.2,1005.5
2023-08-13T11:00,24.3,0.00,61,16.4,26.1,0.00,0.00,0.00,3,100,100,1,0,7.1,227,225,9.4,22.0,1,3600.00,1018.6,1004.9
2023-08-13T12:00,24.8,0.00,60,16.4,26.0,0.00,0.00,0.00,3,100,100,10,0,8.7,238,240,11.5,21.6,1,3600.00,1018.3,1004.6
2023-08-13T13:00,23.5,0.00,62,15.9,25.4,0.00,0.00,0.00,3,91,29,8,0,1.1,14,360,1.5,22.0,1,687.47,1018.4,1004.7
2023-08-13T14:00,25.1,0.00,60,16.7,28.2,0.00,0.00,0.00,1,48,36,17,10,2.2,360,351,2.9,11.9,1,3600.00,1018.0,1004.3
2023-08-13T15:00,25.5,0.00,58,16.7,27.9,0.00,0.00,0.00,2,54,33,43,1,1.1,346,342,1.5,12.2,1,3600.00,1017.5,1003.9
2023-08-13T16:00,25.6,0.00,58,16.8,27.9,0.00,0.00,0.00,0,18,4,14,3,0.5,333,315,0.8,9.4,1,3600.00,1017.0,1003.4
2023-08-13T17:00,25.9,0.00,58,17.0,28.1,0.00,0.00,0.00,2,51,29,35,6,1.8,141,143,2.3,7.6,1,3600.00,1016.8,1003.2
2023-08-13T18:00,25.5,0.00,62,17.7,27.9,0.00,0.00,0.00,3,100,100,42,15,1.9,144,158,3.1,7.2,1,3600.00,1016.7,1003.1
2023-08-13T19:00,24.3,0.00,78,20.2,28.0,0.00,0.00,0.00,3,100,100,26,16,1.9,233,292,1.8,5.4,1,1329.13,1016.6,1002.9
2023-08-13T20:00,24.1,0.00,64,16.7,25.8,0.00,0.00,0.00,1,22,2,20,1,4.1,284,308,3.0,6.5,0,0.00,1016.8,1003.1
2023-08-13T21:00,23.1,0.00,68,16.8,25.4,0.00,0.00,0.00,1,21,0,12,11,0.4,248,90,1.9,6.1,0,0.00,1017.1,1003.4
2023-08-13T22:00,19.9,0.00,87,17.6,22.0,0.00,0.00,0.00,0,3,0,1,1,4.3,16,66,2.6,5.4,0,0.00,1016.9,1003.0
2023-08-13T23:00,19.2,0.00,91,17.7,21.3,0.00,0.00,0.00,1,22,7,16,1,4.3,95,90,4.0,7.2,0,0.00,1017.0,1003.1
2023-08-14T00:00,19.2,0.00,93,18.1,21.5,0.00,0.00,0.00,1,48,33,22,1,4.7,97,81,6.2,8.3,0,0.00,1016.9,1003.0
2023-08-14T01:00,20.8,0.00,92,19.5,23.8,0.00,0.00,0.00,3,100,58,18,0,4.0,131,95,10.5,10.8,0,0.00,1016.7,1002.9
2023-08-14T02:00,20.1,0.00,94,19.1,22.3,0.00,0.00,0.00,3,93,87,33,29,8.4,159,155,19.7,15.5,0,0.00,1016.6,1002.7
2023-08-14T03:00,20.7,0.00,92,19.4,23.6,0.00,0.00,0.00,3,100,100,13,0,4.7,180,157,8.6,16.9,0,0.00,1016.0,1002.2
2023-08-14T04:00,19.6,0.00,96,19.0,22.4,0.00,0.00,0.00,3,100,100,6,11,4.1,166,128,10.7,9.4,0,0.00,1016.1,1002.2
2023-08-14T05:00,19.3,0.00,97,18.8,21.9,0.00,0.00,0.00,1,21,20,0,1,4.3,137,95,7.9,7.9,0,0.00,1015.8,1001.9
2023-08-14T06:00,19.6,0.00,96,18.9,21.7,0.00,0.00,0.00,0,9,4,5,3,7.9,122,106,16.2,14.0,1,0.00,1015.9,1002.0
2023-08-14T07:00,20.8,0.00,94,19.8,23.3,0.00,0.00,0.00,0,10,10,0,0,8.9,124,111,18.2,16.6,1,3600.00,1015.8,1002.0
2023-08-14T08:00,22.3,0.00,90,20.5,25.6,0.00,0.00,0.00,3,80,79,6,0,5.7,128,125,11.0,17.3,1,3600.00,1015.1,1001.4
2023-08-14T09:00,23.9,0.00,83,20.9,27.9,0.00,0.00,0.00,3,99,98,18,0,2.1,288,301,2.3,15.5,1,3600.00,1016.1,1002.4
2023-08-14T10:00,25.2,0.00,78,21.1,28.9,0.00,0.00,0.00,3,100,100,3,0,5.4,87,86,7.2,15.8,1,3600.00,1016.0,1002.4
2023-08-14T11:00,26.9,0.00,72,21.5,31.0,0.00,0.00,0.00,2,59,53,14,0,7.1,114,114,9.8,19.1,1,3600.00,1015.6,1002.1
2023-08-14T12:00,28.2,0.00,66,21.2,31.9,0.00,0.00,0.00,1,48,44,7,0,9.4,138,137,13.0,23.0,1,3600.00,1014.9,1001.4
2023-08-14T13:00,28.4,0.10,60,19.9,32.2,0.10,0.00,0.00,51,25,43,20,4,7.6,277,275,9.4,34.6,1,3600.00,1015.7,1002.2
2023-08-14T14:00,27.8,0.30,59,19.1,30.8,0.30,0.00,0.00,51,49,32,20,7,2.9,197,187,3.8,22.7,1,3600.00,1015.6,1002.1
2023-08-14T15:00,28.2,0.00,59,19.5,31.0,0.00,0.00,0.00,1,45,45,1,0,5.4,162,160,7.2,14.4,1,3600.00,1014.7,1001.2
2023-08-14T16:00,28.4,0.00,60,20.0,31.2,0.00,0.00,0.00,2,70,44,51,0,7.2,174,174,10.1,18.0,1,3600.00,1014.3,1000.8
2023-08-14T17:00,28.0,0.00,64,20.6,31.2,0.00,0.00,0.00,1,21,9,15,0,6.5,188,186,10.9,18.4,1,3600.00,1014.2,1000.7
2023-08-14T18:00,28.0,0.00,68,21.6,32.1,0.00,0.00,0.00,0,18,15,3,0,4.3,182,180,9.4,16.6,1,3600.00,1014.0,1000.5
2023-08-14T19:00,26.5,0.00,80,22.8,31.2,0.00,0.00,0.00,3,99,99,3,0,4.9,183,163,7.2,10.1,1,3600.00,1014.2,1000.7
2023-08-14T20:00,24.8,0.00,78,20.8,28.4,0.00,0.00,0.00,3,100,100,3,0,4.2,166,110,5.9,8.3,0,0.00,1014.5,1000.9
2023-08-14T21:00,22.8,0.00,87,20.6,26.2,0.00,0.00,0.00,2,68,67,1,1,5.1,164,98,6.4,8.3,0,0.00,1014.8,1001.1
2023-08-14T22:00,22.2,0.00,88,20.2,25.5,0.00,0.00,0.00,0,5,1,4,0,4.7,159,94,7.0,8.6,0,0.00,1014.9,1001.2
2023-08-14T23:00,22.0,0.00,89,20.1,25.3,0.00,0.00,0.00,1,25,22,4,0,4.0,142,90,6.4,7.6,0,0.00,1014.8,1001.1
2023-08-15T00:00,21.6,0.00,90,19.9,24.4,0.00,0.00,0.00,1,36,24,15,0,6.6,135,99,11.2,12.2,0,0.00,1014.6,1000.8
2023-08-15T01:00,21.6,0.00,81,18.2,23.7,0.00,0.00,0.00,0,11,99,20,16,5.7,143,108,3.6,13.3,0,0.00,1015.3,1001.5
2023-08-15T02:00,21.7,0.00,87,19.5,24.1,0.00,0.00,0.00,3,98,98,0,0,8.2,118,113,17.9,29.2,0,0.00,1015.4,1001.6
2023-08-15T03:00,20.4,0.00,94,19.3,22.9,0.00,0.00,0.00,3,99,99,2,0,6.7,174,126,14.8,14.8,0,0.00,1014.5,1000.7
2023-08-15T04:00,20.1,0.00,95,19.3,22.7,0.00,0.00,0.00,1,42,41,2,0,5.9,174,142,13.8,13.0,0,0.00,1014.4,1000.6
2023-08-15T05:00,19.1,0.00,98,18.7,21.7,0.00,0.00,0.00,0,15,15,0,0,3.9,162,112,8.3,11.9,0,0.00,1015.1,1001.2
2023-08-15T06:00,19.5,0.00,97,19.0,22.2,0.00,0.00,0.00,0,5,0,5,0,4.8,141,103,7.9,8.6,1,0.00,1015.6,1001.7
2023-08-15T07:00,21.6,0.00,92,20.3,25.1,0.00,0.00,0.00,0,0,0,0,0,3.9,137,112,6.9,10.1,1,3600.00,1015.9,1002.1
2023-08-15T08:00,23.4,0.00,86,21.0,26.7,0.00,0.00,0.00,0,19,18,1,0,7.3,149,147,11.3,17.6,1,3600.00,1016.1,1002.4
2023-08-15T09:00,24.8,0.00,80,21.1,28.1,0.00,0.00,0.00,3,94,94,7,0,7.9,180,180,10.8,20.5,1,3600.00,1016.3,1002.7
2023-08-15T10:00,26.1,0.00,71,20.5,28.6,0.00,0.00,0.00,2,66,47,36,0,11.8,220,220,16.1,27.4,1,3600.00,1016.7,1003.1
2023-08-15T11:00,27.2,0.00,63,19.5,29.4,0.00,0.00,0.00,2,62,12,59,0,13.3,223,221,18.6,29.9,1,3600.00,1016.8,1003.3
2023-08-15T12:00,27.4,0.00,58,18.5,28.9,0.00,0.00,0.00,1,22,0,22,0,13.7,224,225,19.1,31.7,1,3600.00,1016.3,1002.8
2023-08-15T13:00,26.9,0.00,60,18.5,29.0,0.00,0.00,0.00,1,20,2,7,0,12.6,266,267,16.6,31.0,1,3600.00,1017.2,1003.6
2023-08-15T14:00,27.0,0.00,60,18.6,29.7,0.00,0.00,0.00,3,92,91,19,0,10.9,273,276,14.8,29.5,1,3600.00,1017.1,1003.5
2023-08-15T15:00,26.6,0.00,64,19.2,28.8,0.00,0.00,0.00,3,91,90,7,1,10.5,273,274,14.1,26.6,1,3600.00,1017.2,1003.6
2023-08-15T16:00,26.7,0.00,65,19.5,29.3,0.00,0.00,0.00,3,89,88,13,1,6.5,275,276,8.7,24.8,1,3600.00,1016.7,1003.1
2023-08-15T17:00,26.3,0.30,66,19.6,28.9,0.30,0.00,0.00,51,52,26,27,13,7.2,266,267,9.7,21.2,1,3600.00,1016.8,1003.2
2023-08-15T18:00,25.5,0.50,72,20.1,28.5,0.50,0.00,0.00,53,62,32,27,26,6.2,274,277,9.7,20.2,1,3600.00,1017.2,1003.6
2023-08-15T19:00,24.3,0.00,82,21.0,28.0,0.00,0.00,0.00,2,65,48,20,16,4.0,298,297,9.8,12.2,1,3600.00,1017.7,1004.0
2023-08-15T20:00,22.3,0.00,88,20.1,25.4,0.00,0.00,0.00,1,32,3,1,30,5.5,355,349,11.6,9.0,0,0.00,1018.4,1004.6
2023-08-15T21:00,21.5,0.00,88,19.5,24.4,0.00,0.00,0.00,0,7,0,0,7,4.9,23,17,12.1,9.0,0,0.00,1018.6,1004.8
2023-08-15T22:00,20.3,0.00,92,19.0,22.9,0.00,0.00,0.00,0,7,0,0,7,5.7,48,55,9.2,8.6,0,0.00,1018.6,1004.7
2023-08-15T23:00,19.4,0.00,95,18.6,21.9,0.00,0.00,0.00,0,0,0,0,0,4.5,60,61,5.0,8.3,0,0.00,1018.7,1004.8
2023-08-16T00:00,18.8,0.00,96,18.2,21.3,0.00,0.00,0.00,0,1,0,0,1,3.3,7,49,2.9,6.1,0,0.00,1018.8,1004.8
2023-08-16T01:00,19.4,0.00,94,18.4,21.9,0.00,0.00,0.00,0,4,28,53,0,4.1,270,232,4.7,4.3,0,0.00,1019.2,1005.3
2023-08-16T02:00,19.2,0.50,92,18.0,21.7,0.50,0.00,0.00,53,26,14,13,0,2.6,39,56,2.3,15.8,0,0.00,1018.5,1004.6
2023-08-16T03:00,19.0,0.00,94,18.0,21.0,0.00,0.00,0.00,1,26,0,26,0,5.9,358,14,10.8,10.8,0,0.00,1018.3,1004.4
2023-08-16T04:00,17.8,0.00,96,17.1,19.4,0.00,0.00,0.00,1,29,8,23,0,6.1,356,360,10.8,10.8,0,0.00,1018.5,1004.5
2023-08-16T05:00,18.1,0.00,95,17.3,20.1,0.00,0.00,0.00,1,26,25,1,0,4.4,2,9,11.9,8.6,0,0.00,1018.6,1004.6
2023-08-16T06:00,18.5,0.00,94,17.4,20.6,0.00,0.00,0.00,1,32,28,2,3,3.7,51,61,9.2,7.9,1,0.00,1018.6,1004.6
2023-08-16T07:00,20.1,0.00,91,18.5,22.8,0.00,0.00,0.00,2,52,45,11,2,3.1,73,54,6.0,9.4,1,3600.00,1018.9,1005.0
2023-08-16T08:00,21.8,0.00,86,19.4,25.1,0.00,0.00,0.00,2,73,55,39,2,1.3,120,146,2.9,9.7,1,3600.00,1018.9,1005.1
2023-08-16T09:00,23.0,0.00,82,19.8,26.6,0.00,0.00,0.00,1,31,17,16,1,1.3,342,304,1.1,8.6,1,3600.00,1019.1,1005.3
2023-08-16T10:00,24.9,0.00,76,20.3,28.6,0.00,0.00,0.00,0,14,11,3,0,2.3,84,72,3.6,11.2,1,3600.00,1018.9,1005.2
2023-08-16T11:00,26.6,0.00,66,19.8,30.8,0.00,0.00,0.00,0,10,8,2,0,3.1,81,69,4.4,12.6,1,3600.00,1018.6,1005.0
2023-08-16T12:00,27.7,0.00,61,19.5,32.1,0.00,0.00,0.00,0,13,11,1,1,3.2,72,63,4.6,13.7,1,3600.00,1018.1,1004.6
2023-08-16T13:00,28.1,0.00,62,20.3,32.7,0.00,0.00,0.00,1,24,5,14,3,5.1,54,45,6.7,14.4,1,3600.00,1017.9,1004.4
2023-08-16T14:00,28.5,0.10,64,21.0,33.2,0.10,0.00,0.00,51,44,35,4,11,2.9,75,60,4.1,17.6,1,3600.00,1017.2,1003.7
2023-08-16T15:00,28.1,0.10,66,21.2,32.2,0.10,0.00,0.00,51,95,94,5,10,2.3,45,18,3.1,16.2,1,3600.00,1016.9,1003.4
2023-08-16T16:00,25.2,2.80,75,20.5,28.2,2.80,0.00,0.00,63,96,94,10,41,7.8,349,338,11.4,25.6,1,3600.00,1017.6,1004.0
2023-08-16T17:00,24.8,0.00,77,20.4,28.1,0.00,0.00,0.00,3,99,99,12,9,5.4,90,86,8.3,18.0,1,1237.11,1017.6,1003.9
2023-08-16T18:00,24.0,0.00,80,20.4,27.2,0.00,0.00,0.00,2,78,75,7,12,5.6,111,117,8.9,11.9,1,923.39,1017.3,1003.6
2023-08-16T19:00,23.1,0.00,88,21.0,27.1,0.00,0.00,0.00,3,81,79,4,5,2.5,138,180,5.4,13.0,1,3593.22,1017.3,1003.6
2023-08-16T20:00,22.3,0.00,89,20.4,24.9,0.00,0.00,0.00,3,100,100,9,26,9.7,345,338,17.9,13.3,0,0.00,1018.1,1004.3
2023-08-16T21:00,21.2,0.00,88,19.2,22.7,0.00,0.00,0.00,1,30,7,22,4,13.1,59,58,24.9,31.0,0,0.00,1018.1,1004.3
2023-08-16T22:00,20.1,0.00,92,18.8,22.8,0.00,0.00,0.00,0,5,1,4,0,4.0,39,360,9.2,25.2,0,0.00,1017.7,1003.8
2023-08-16T23:00,19.4,0.00,96,18.8,21.8,0.00,0.00,0.00,2,53,35,32,0,5.4,356,323,5.1,11.2,0,0.00,1018.0,1004.1
2023-08-17T00:00,18.8,4.10,97,18.3,21.3,4.10,0.00,0.00,63,85,66,51,11,3.5,79,24,3.7,7.6,0,0.00,1017.8,1003.9
2023-08-17T01:00,19.8,12.90,92,18.5,22.5,12.90,0.00,0.00,65,100,74,0,0,3.3,65,41,9.5,16.2,0,0.00,1017.7,1003.8
2023-08-17T02:00,18.9,0.00,94,17.9,21.2,0.00,0.00,0.00,0,3,0,3,0,4.3,51,24,5.1,6.1,0,0.00,1017.6,1003.7
2023-08-17T03:00,19.1,0.00,95,18.3,22.0,0.00,0.00,0.00,0,17,3,15,0,0.4,63,360,0.8,5.4,0,0.00,1017.8,1003.9
2023-08-17T04:00,17.4,0.00,98,17.1,19.3,0.00,0.00,0.00,3,100,100,0,0,4.0,4,5,5.1,7.6,0,0.00,1017.2,1003.2
2023-08-17T05:00,17.3,0.00,98,17.0,19.3,0.00,0.00,0.00,2,69,69,0,0,3.6,30,45,5.0,7.6,0,0.00,1016.8,1002.8
2023-08-17T06:00,17.7,0.00,97,17.2,19.8,0.00,0.00,0.00,3,93,93,0,0,3.1,32,54,5.5,7.9,1,0.00,1017.1,1003.1
2023-08-17T07:00,19.5,0.00,94,18.6,22.2,0.00,0.00,0.00,3,88,88,0,0,3.3,4,347,4.7,8.6,1,3600.00,1017.8,1003.9
2023-08-17T08:00,20.8,0.00,91,19.2,23.6,0.00,0.00,0.00,1,21,18,2,2,4.6,315,309,6.1,13.3,1,3600.00,1017.9,1004.1
2023-08-17T09:00,22.0,0.00,86,19.5,25.0,0.00,0.00,0.00,1,39,38,0,2,4.6,322,321,5.9,15.1,1,3600.00,1017.4,1003.6
2023-08-17T10:00,23.5,0.00,78,19.4,26.1,0.00,0.00,0.00,2,69,38,0,50,6.3,304,301,7.8,18.4,1,3600.00,1017.6,1003.9
2023-08-17T11:00,24.5,0.00,73,19.5,27.7,0.00,0.00,0.00,2,72,42,0,52,4.8,336,333,6.3,19.4,1,3600.00,1017.3,1003.6
2023-08-17T12:00,26.0,0.00,68,19.6,29.4,0.00,0.00,0.00,0,19,10,10,1,4.2,352,340,5.4,16.2,1,3600.00,1016.8,1003.2
2023-08-17T13:00,25.6,0.00,75,20.7,29.5,0.00,0.00,0.00,2,76,65,51,89,8.7,279,277,10.9,16.2,1,3600.00,1017.1,1003.5
2023-08-17T14:00,22.4,0.80,84,19.5,24.1,0.80,0.00,0.00,53,95,94,2,15,12.7,351,352,18.9,42.1,1,2936.83,1017.8,1004.0
2023-08-17T15:00,24.1,0.00,80,20.4,27.2,0.00,0.00,0.00,3,80,76,3,13,6.5,11,6,9.2,27.0,1,3600.00,1016.3,1002.6
2023-08-17T16:00,25.9,0.00,72,20.5,28.9,0.00,0.00,0.00,3,85,85,1,0,7.9,45,43,10.7,19.4,1,3600.00,1016.7,1003.1
2023-08-17T17:00,26.1,0.00,71,20.5,29.3,0.00,0.00,0.00,1,43,42,1,1,6.6,118,119,9.3,21.2,1,3600.00,1016.3,1002.7
2023-08-17T18:00,25.9,0.00,73,20.8,29.7,0.00,0.00,0.00,3,100,100,1,0,2.8,129,130,4.6,15.1,1,3600.00,1016.3,1002.7
2023-08-17T19:00,24.1,0.00,83,21.0,27.8,0.00,0.00,0.00,3,100,100,2,5,4.7,94,81,11.5,8.6,1,277.71,1016.4,1002.7
2023-08-17T20:00,22.2,0.00,88,20.1,25.3,0.00,0.00,0.00,3,100,100,0,1,5.4,104,94,13.4,9.7,0,0.00,1016.7,1002.9
2023-08-17T21:00,21.9,0.00,89,19.9,24.6,0.00,0.00,0.00,3,100,100,0,2,7.6,106,95,16.9,14.0,0,0.00,1016.7,1002.9
2023-08-17T22:00,21.1,0.00,92,19.8,23.7,0.00,0.00,0.00,3,100,100,0,0,8.0,90,82,17.6,14.8,0,0.00,1016.9,1003.1
2023-08-17T23:00,20.8,0.00,93,19.7,23.1,0.00,0.00,0.00,3,100,100,0,0,9.0,89,90,20.2,17.3,0,0.00,1017.0,1003.2
2023-08-18T00:00,20.3,0.00,94,19.2,22.6,0.00,0.00,0.00,3,100,100,0,0,7.6,99,93,17.9,17.3,0,0.00,1016.8,1002.9
2023-08-18T01:00,20.6,0.00,87,18.5,22.4,0.00,0.00,0.00,3,100,100,0,0,9.0,109,95,20.6,14.8,0,0.00,1016.3,1002.5
2023-08-18T02:00,20.5,0.00,87,18.3,21.9,0.00,0.00,0.00,0,1,1,0,0,11.4,114,103,24.3,22.0,0,0.00,1016.0,1002.2
2023-08-18T03:00,20.2,0.00,88,18.1,21.7,0.00,0.00,0.00,0,4,4,0,0,10.4,116,104,22.4,22.7,0,0.00,1015.5,1001.7
2023-08-18T04:00,19.9,0.00,88,17.8,21.3,0.00,0.00,0.00,0,0,0,0,0,9.7,116,105,22.1,20.2,0,0.00,1015.5,1001.6
2023-08-18T05:00,19.7,0.00,86,17.3,20.8,0.00,0.00,0.00,0,0,0,0,0,10.2,113,98,23.1,20.5,0,0.00,1015.5,1001.6
2023-08-18T06:00,19.5,0.00,86,17.1,20.9,0.00,0.00,0.00,0,0,0,0,0,7.6,113,93,18.7,19.8,1,0.00,1015.6,1001.7
2023-08-18T07:00,21.0,0.00,83,17.9,22.9,0.00,0.00,0.00,0,0,0,0,0,6.5,112,93,15.5,14.8,1,3600.00,1015.6,1001.8
2023-08-18T08:00,22.9,0.00,76,18.5,25.2,0.00,0.00,0.00,0,0,0,0,0,5.5,108,101,10.2,14.0,1,3600.00,1016.0,1002.3
2023-08-18T09:00,24.7,0.00,70,19.0,27.0,0.00,0.00,0.00,0,0,0,0,0,7.1,108,105,10.2,17.6,1,3600.00,1016.0,1002.4
2023-08-18T10:00,26.4,0.00,65,19.3,29.1,0.00,0.00,0.00,0,0,0,0,0,6.4,117,117,8.9,18.0,1,3600.00,1016.0,1002.4
2023-08-18T11:00,27.9,0.00,60,19.5,31.3,0.00,0.00,0.00,0,1,1,0,0,7.4,118,119,9.8,19.1,1,3600.00,1015.6,1002.1
2023-08-18T12:00,29.2,0.00,54,19.0,32.3,0.00,0.00,0.00,0,0,0,0,0,9.7,122,121,13.1,22.7,1,3600.00,1015.2,1001.8
2023-08-18T13:00,30.5,0.00,48,18.2,34.2,0.00,0.00,0.00,0,2,13,0,0,5.1,129,135,6.9,24.5,1,3600.00,1015.1,1001.7
2023-08-18T14:00,30.9,0.00,46,17.9,34.3,0.00,0.00,0.00,0,5,4,1,0,4.8,135,138,6.6,15.1,1,3600.00,1014.9,1001.6
2023-08-18T15:00,31.4,0.00,43,17.4,34.1,0.00,0.00,0.00,0,1,0,1,0,5.1,133,129,6.9,13.7,1,3600.00,1014.6,1001.3
2023-08-18T16:00,31.6,0.00,43,17.4,33.6,0.00,0.00,0.00,0,0,0,0,0,4.7,119,113,6.6,13.3,1,3600.00,1014.1,1000.8
2023-08-18T17:00,31.1,0.00,47,18.3,33.5,0.00,0.00,0.00,0,1,0,1,0,4.5,108,104,8.3,11.9,1,3600.00,1014.0,1000.7
2023-08-18T18:00,29.3,0.00,65,22.0,33.5,0.00,0.00,0.00,0,2,0,2,0,4.7,96,81,10.9,11.5,1,3600.00,1013.7,1000.3
2023-08-18T19:00,27.0,0.00,65,19.8,29.9,0.00,0.00,0.00,0,2,0,2,0,5.7,90,72,14.8,10.8,1,3600.00,1013.9,1000.4
2023-08-18T20:00,25.7,0.00,61,17.5,26.9,0.00,0.00,0.00,0,1,0,1,0,9.8,94,82,22.7,17.6,0,0.00,1013.9,1000.3
2023-08-18T21:00,25.6,0.00,54,15.5,25.7,0.00,0.00,0.00,0,1,0,1,0,11.5,98,90,27.3,22.3,0,0.00,1014.1,1000.5
2023-08-18T22:00,25.3,0.00,54,15.4,25.3,0.00,0.00,0.00,0,9,0,9,0,12.3,102,97,28.3,24.5,0,0.00,1014.3,1000.7
2023-08-18T23:00,24.7,0.00,57,15.6,24.7,0.00,0.00,0.00,0,2,1,1,0,13.3,110,109,29.2,25.9,0,0.00,1014.6,1001.0
2023-08-19T00:00,23.8,0.00,61,15.9,23.9,0.00,0.00,0.00,0,8,8,0,0,12.9,116,108,28.5,26.6,0,0.00,1014.4,1000.7
2023-08-19T01:00,23.6,0.00,61,15.7,23.4,0.00,0.00,0.00,1,37,0,0,0,14.6,115,106,30.1,26.6,0,0.00,1014.5,1000.8
2023-08-19T02:00,23.0,0.00,63,15.7,22.7,0.00,0.00,0.00,0,0,0,0,0,14.7,115,107,31.1,29.2,0,0.00,1014.6,1000.9
2023-08-19T03:00,22.7,0.00,64,15.6,22.3,0.00,0.00,0.00,0,0,0,0,0,15.5,120,112,31.3,30.2,0,0.00,1014.5,1000.8
2023-08-19T04:00,22.3,0.00,65,15.5,22.2,0.00,0.00,0.00,1,20,0,20,0,13.7,122,113,29.0,30.6,0,0.00,1014.4,1000.7
2023-08-19T05:00,21.7,0.00,68,15.5,21.9,0.00,0.00,0.00,0,0,0,0,0,11.5,122,110,25.4,27.0,0,0.00,1014.6,1000.8
2023-08-19T06:00,21.1,0.00,72,15.9,21.7,0.00,0.00,0.00,0,5,4,1,0,10.0,124,111,23.1,22.7,1,0.00,1015.1,1001.3
2023-08-19T07:00,22.4,0.00,72,17.1,23.5,0.00,0.00,0.00,0,0,0,0,0,9.0,128,119,20.0,19.8,1,3600.00,1015.4,1001.7
2023-08-19T08:00,24.3,0.00,70,18.4,26.3,0.00,0.00,0.00,0,16,16,0,0,7.6,129,115,17.1,18.0,1,3600.00,1015.6,1001.9
2023-08-19T09:00,26.3,0.00,63,18.8,28.6,0.00,0.00,0.00,0,6,5,1,0,6.2,129,126,9.2,16.9,1,3600.00,1016.3,1002.7
2023-08-19T10:00,28.2,0.00,57,19.0,30.9,0.00,0.00,0.00,1,41,41,0,0,5.3,150,152,7.1,15.8,1,3600.00,1016.3,1002.8
2023-08-19T11:00,29.7,0.00,53,19.1,33.0,0.00,0.00,0.00,1,31,27,6,0,6.0,165,163,8.2,16.6,1,3600.00,1016.3,1002.9
2023-08-19T12:00,30.7,0.00,50,19.1,34.0,0.00,0.00,0.00,2,72,12,71,0,6.4,197,196,8.7,16.9,1,3600.00,1016.4,1003.0
2023-08-19T13:00,30.6,0.00,48,18.3,33.0,0.00,0.00,0.00,2,67,68,100,0,7.3,211,213,9.2,18.0,1,3600.00,1016.5,1003.1
2023-08-19T14:00,29.1,0.00,55,19.1,31.5,0.00,0.00,0.00,3,99,0,99,0,6.8,240,245,11.6,18.0,1,0.00,1017.1,1003.6
2023-08-19T15:00,29.0,0.00,58,19.9,32.1,0.00,0.00,0.00,3,94,72,78,0,5.1,260,262,8.0,16.6,1,552.46,1017.4,1003.9
2023-08-19T16:00,29.4,0.00,59,20.5,32.6,0.00,0.00,0.00,1,36,26,12,0,5.8,289,292,8.8,15.1,1,3340.53,1017.6,1004.1
2023-08-19T17:00,29.5,0.00,60,20.8,32.6,0.00,0.00,0.00,2,59,47,37,0,7.7,324,323,12.4,18.0,1,3600.00,1017.7,1004.2
2023-08-19T18:00,28.3,0.00,68,21.8,32.1,0.00,0.00,0.00,3,84,13,83,0,6.7,347,344,14.8,18.0,1,3600.00,1017.9,1004.4
2023-08-19T19:00,26.7,0.00,76,22.1,30.9,0.00,0.00,0.00,2,70,25,66,0,5.2,341,335,13.3,14.8,1,1317.32,1018.2,1004.6
2023-08-19T20:00,25.6,0.00,78,21.4,29.2,0.00,0.00,0.00,0,16,7,12,3,6.6,346,351,16.7,13.0,0,0.00,1018.8,1005.2
2023-08-19T21:00,24.3,0.00,83,21.2,27.8,0.00,0.00,0.00,1,23,0,22,2,6.3,3,24,15.1,13.0,0,0.00,1019.1,1005.4
2023-08-19T22:00,23.3,0.00,88,21.2,27.0,0.00,0.00,0.00,1,33,0,33,0,5.5,16,32,13.1,12.2,0,0.00,1019.5,1005.7
2023-08-19T23:00,22.3,0.00,92,21.0,26.0,0.00,0.00,0.00,3,95,0,95,0,4.5,17,29,12.1,10.1,0,0.00,1019.8,1006.0
2023-08-20T00:00,22.6,0.00,91,21.0,26.3,0.00,0.00,0.00,1,46,0,46,0,4.7,360,360,13.0,9.0,0,0.00,1020.2,1006.4
2023-08-20T01:00,22.2,0.00,92,20.9,25.7,0.00,0.00,0.00,0,16,0,16,0,5.8,3,356,14.4,9.7,0,0.00,1020.0,1006.2
2023-08-20T02:00,21.8,0.00,91,20.3,24.8,0.00,0.00,0.00,1,26,0,26,0,6.5,1,3,16.9,12.2,0,0.00,1020.0,1006.2
2023-08-20T03:00,21.9,0.00,87,19.7,24.6,0.00,0.00,0.00,0,13,0,13,0,6.9,20,28,18.0,13.7,0,0.00,1020.0,1006.2
2023-08-20T04:00,21.2,0.00,86,18.8,23.6,0.00,0.00,0.00,0,0,0,0,0,5.6,42,50,16.6,13.7,0,0.00,1019.8,1005.9
2023-08-20T05:00,20.8,0.00,85,18.2,23.0,0.00,0.00,0.00,0,19,0,19,0,5.2,50,56,8.9,10.8,0,0.00,1019.9,1006.0
2023-08-20T06:00,20.5,0.00,89,18.6,23.2,0.00,0.00,0.00,0,2,0,2,0,3.6,5,354,4.3,7.6,1,0.00,1020.5,1006.6
2023-08-20T07:00,22.0,0.00,84,19.3,25.0,0.00,0.00,0.00,2,52,0,52,0,3.4,347,342,6.6,8.3,1,3600.00,1021.0,1007.2
2023-08-20T08:00,23.3,0.00,82,20.1,26.5,0.00,0.00,0.00,1,23,0,23,0,5.0,347,339,8.1,13.0,1,3600.00,1021.2,1007.4
2023-08-20T09:00,25.0,0.00,78,21.0,28.5,0.00,0.00,0.00,0,0,0,0,0,6.0,335,327,8.4,16.6,1,3600.00,1021.5,1007.8
2023-08-20T10:00,26.5,0.00,75,21.6,30.3,0.00,0.00,0.00,0,2,0,2,0,6.3,335,329,8.4,18.4,1,3600.00,1021.4,1007.8
2023-08-20T11:00,28.0,0.00,68,21.6,32.5,0.00,0.00,0.00,0,1,0,1,0,6.2,332,324,7.7,18.0,1,3600.00,1021.5,1007.9
2023-08-20T12:00,28.9,0.00,64,21.5,33.4,0.00,0.00,0.00,0,1,0,1,0,8.4,326,320,10.9,22.0,1,3600.00,1021.4,1007.9
2023-08-20T13:00,31.0,0.00,54,20.7,35.0,0.00,0.00,0.00,0,0,0,27,0,9.6,345,340,12.3,23.4,1,3600.00,1020.9,1007.5
2023-08-20T14:00,30.9,0.00,53,20.3,34.3,0.00,0.00,0.00,1,48,0,48,0,9.4,341,337,12.2,23.4,1,3600.00,1020.5,1007.1
2023-08-20T15:00,30.7,0.00,53,20.0,33.4,0.00,0.00,0.00,1,24,0,24,0,8.3,346,342,11.5,22.3,1,3600.00,1020.2,1006.8
2023-08-20T16:00,30.7,0.00,52,19.8,33.1,0.00,0.00,0.00,0,8,0,8,0,8.8,345,341,12.7,20.9,1,3600.00,1019.9,1006.5
2023-08-20T17:00,30.1,0.00,54,19.7,32.6,0.00,0.00,0.00,0,9,0,9,0,8.2,346,345,13.7,20.9,1,3600.00,1019.8,1006.3
2023-08-20T18:00,29.1,0.00,61,20.9,32.4,0.00,0.00,0.00,1,23,0,23,0,6.4,341,333,14.1,19.4,1,3600.00,1019.9,1006.4
2023-08-20T19:00,27.3,0.00,65,20.2,30.0,0.00,0.00,0.00,0,12,0,12,0,8.2,347,345,19.6,16.2,1,3600.00,1020.2,1006.6
2023-08-20T20:00,26.0,0.00,65,19.0,28.2,0.00,0.00,0.00,0,0,0,0,0,7.9,8,16,19.7,17.3,0,0.00,1020.7,1007.1
2023-08-20T21:00,25.1,0.00,69,19.1,27.3,0.00,0.00,0.00,0,2,0,1,1,8.2,16,29,19.8,15.8,0,0.00,1021.1,1007.4
2023-08-20T22:00,24.5,0.00,72,19.2,26.8,0.00,0.00,0.00,0,0,0,0,0,7.9,38,43,18.2,15.8,0,0.00,1021.3,1007.6
2023-08-20T23:00,22.7,0.00,83,19.6,25.6,0.00,0.00,0.00,0,0,0,0,0,5.2,6,12,13.4,14.4,0,0.00,1021.6,1007.8
2023-08-21T00:00,21.9,0.00,86,19.5,24.6,0.00,0.00,0.00,0,0,0,0,0,5.6,31,27,12.6,9.4,0,0.00,1021.7,1007.9
2023-08-21T01:00,23.0,0.00,84,20.2,26.5,0.00,0.00,0.00,0,1,0,4,0,3.3,118,49,6.9,9.0,0,0.00,1021.5,1007.7
2023-08-21T02:00,21.7,0.00,84,18.9,24.5,0.00,0.00,0.00,0,1,0,1,0,4.0,304,350,2.6,6.5,0,0.00,1021.3,1007.5
2023-08-21T03:00,22.3,0.00,81,18.9,25.4,0.00,0.00,0.00,0,6,0,3,4,1.5,259,76,3.7,7.2,0,0.00,1021.7,1007.9
2023-08-21T04:00,20.7,0.00,90,18.9,23.6,0.00,0.00,0.00,0,17,0,15,3,2.8,301,50,2.1,3.6,0,0.00,1021.8,1007.9
2023-08-21T05:00,20.7,0.00,89,18.9,23.4,0.00,0.00,0.00,0,19,0,19,0,3.9,344,22,6.4,7.6,0,0.00,1021.6,1007.7
2023-08-21T06:00,20.8,0.00,90,19.0,23.5,0.00,0.00,0.00,0,3,0,3,0,4.2,349,31,7.7,7.9,1,0.00,1021.7,1007.8
2023-08-21T07:00,22.5,0.00,85,19.9,25.6,0.00,0.00,0.00,0,0,0,0,0,4.8,349,347,9.5,10.4,1,3600.00,1021.8,1008.0
2023-08-21T08:00,23.9,0.00,82,20.7,27.7,0.00,0.00,0.00,0,0,0,0,0,3.2,324,297,4.9,10.8,1,3600.00,1022.2,1008.4
2023-08-21T09:00,25.3,0.00,79,21.5,29.3,0.00,0.00,0.00,0,0,0,0,0,4.2,300,290,5.0,14.0,1,3600.00,1022.4,1008.7
2023-08-21T10:00,27.0,0.00,73,21.8,31.3,0.00,0.00,0.00,0,0,0,0,0,3.7,315,299,4.6,14.0,1,3600.00,1022.4,1008.8
2023-08-21T11:00,28.5,0.00,67,21.9,33.4,0.00,0.00,0.00,0,0,0,0,0,4.6,320,309,5.6,15.5,1,3600.00,1022.2,1008.6
2023-08-21T12:00,29.6,0.00,59,20.7,33.9,0.00,0.00,0.00,0,15,0,11,8,6.4,322,317,8.2,18.4,1,3600.00,1021.8,1008.3
2023-08-21T13:00,31.4,0.00,46,18.5,34.6,0.00,0.00,0.00,0,8,0,6,0,5.9,327,322,7.3,19.1,1,3600.00,1021.4,1008.0
2023-08-21T14:00,31.3,0.00,46,18.3,34.0,0.00,0.00,0.00,0,13,0,12,2,8.5,310,306,11.2,20.9,1,3600.00,1021.1,1007.7
2023-08-21T15:00,31.1,0.00,45,17.8,33.0,0.00,0.00,0.00,0,10,0,10,1,9.7,322,318,13.3,23.8,1,3600.00,1020.8,1007.4
2023-08-21T16:00,31.0,0.00,46,18.1,32.9,0.00,0.00,0.00,0,7,0,7,0,6.8,333,328,10.1,22.7,1,3600.00,1020.2,1006.8
2023-08-21T17:00,30.7,0.00,50,19.0,33.5,0.00,0.00,0.00,0,2,0,2,0,3.9,344,338,6.7,16.6,1,3600.00,1019.8,1006.4
2023-08-21T18:00,29.6,0.00,63,21.9,34.0,0.00,0.00,0.00,0,3,0,3,0,3.1,344,324,6.7,10.4,1,3600.00,1019.6,1006.1
2023-08-21T19:00,27.0,0.00,75,22.2,31.1,0.00,0.00,0.00,0,11,0,11,1,6.3,360,336,8.3,7.9,1,3555.47,1019.7,1006.1
2023-08-21T20:00,25.5,0.00,69,19.5,28.1,0.00,0.00,0.00,1,25,0,24,6,6.6,9,9,15.7,11.9,0,0.00,1020.0,1006.3
2023-08-21T21:00,24.5,0.00,70,18.8,26.5,0.00,0.00,0.00,1,21,0,20,14,8.6,4,2,19.9,15.5,0,0.00,1020.5,1006.8
2023-08-21T22:00,24.0,0.00,72,18.6,25.9,0.00,0.00,0.00,0,1,0,1,1,9.0,7,358,21.4,18.4,0,0.00,1020.7,1007.0
2023-08-21T23:00,23.4,0.00,76,18.9,25.4,0.00,0.00,0.00,0,0,0,0,0,8.7,4,355,20.6,17.6,0,0.00,1020.5,1006.7
2023-08-22T00:00,22.7,0.00,81,19.2,25.0,0.00,0.00,0.00,0,0,0,0,0,7.9,6,360,18.1,16.9,0,0.00,1020.3,1006.5
2023-08-22T01:00,21.3,0.00,86,18.9,23.7,0.00,0.00,0.00,0,0,0,0,0,6.5,358,357,12.2,14.8,0,0.00,1019.7,1005.9
2023-08-22T02:00,20.9,0.00,88,18.8,23.3,0.00,0.00,0.00,0,0,0,0,0,5.8,342,353,15.5,11.5,0,0.00,1019.5,1005.6
2023-08-22T03:00,19.7,0.00,92,18.3,21.8,0.00,0.00,0.00,0,0,0,0,0,6.6,351,13,12.0,10.1,0,0.00,1019.4,1005.5
2023-08-22T04:00,20.3,0.00,88,18.2,22.8,0.00,0.00,0.00,0,0,0,0,0,2.7,12,67,5.2,9.4,0,0.00,1019.2,1005.3
2023-08-22T05:00,19.3,0.00,92,18.1,21.6,0.00,0.00,0.00,0,11,0,1,11,4.5,325,331,10.6,8.6,0,0.00,1019.7,1005.8
2023-08-22T06:00,20.1,0.00,91,18.7,22.5,0.00,0.00,0.00,1,22,0,1,21,5.4,357,20,12.3,9.4,1,0.00,1019.7,1005.8
2023-08-22T07:00,21.8,0.00,87,19.5,24.6,0.00,0.00,0.00,1,20,0,3,19,6.0,338,335,12.4,13.0,1,3600.00,1019.9,1006.1
2023-08-22T08:00,23.5,0.00,82,20.2,26.8,0.00,0.00,0.00,0,0,0,0,0,3.9,322,304,6.4,12.6,1,3600.00,1020.2,1006.4
2023-08-22T09:00,24.8,0.00,74,20.0,27.8,0.00,0.00,0.00,0,0,0,0,0,5.7,307,305,7.7,16.2,1,3600.00,1020.3,1006.6
2023-08-22T10:00,26.0,0.00,69,19.8,28.8,0.00,0.00,0.00,0,0,0,0,0,6.3,301,301,8.4,18.4,1,3600.00,1020.3,1006.7
2023-08-22T11:00,27.1,0.00,63,19.3,30.3,0.00,0.00,0.00,0,0,0,0,0,6.6,290,292,8.4,18.7,1,3600.00,1020.3,1006.7
2023-08-22T12:00,27.8,0.00,58,18.9,31.2,0.00,0.00,0.00,0,0,0,0,0,7.1,293,294,9.4,20.5,1,3600.00,1019.9,1006.3
2023-08-22T13:00,30.3,0.00,52,19.2,33.5,0.00,0.00,0.00,0,1,0,18,7,9.8,292,294,12.8,20.2,1,3600.00,1019.1,1005.7
2023-08-22T14:00,30.3,0.00,49,18.3,32.4,0.00,0.00,0.00,1,29,0,28,10,11.6,284,286,16.0,27.0,1,3600.00,1018.8,1005.4
2023-08-22T15:00,30.4,0.00,47,17.7,31.6,0.00,0.00,0.00,2,71,0,56,41,12.5,289,288,17.9,28.8,1,3600.00,1018.6,1005.2
2023-08-22T16:00,29.9,0.00,50,18.2,31.8,0.00,0.00,0.00,1,23,0,21,14,7.3,289,290,11.0,28.1,1,3600.00,1018.3,1004.9
2023-08-22T17:00,29.3,0.00,52,18.3,31.4,0.00,0.00,0.00,0,12,0,9,4,6.3,335,336,9.5,16.9,1,3600.00,1018.2,1004.7
2023-08-22T18:00,27.6,0.00,57,18.2,29.0,0.00,0.00,0.00,0,4,0,1,3,10.3,15,12,19.4,22.7,1,3600.00,1018.3,1004.8
2023-08-22T19:00,25.6,0.00,64,18.4,27.7,0.00,0.00,0.00,0,1,0,0,1,6.3,13,13,15.9,23.0,1,3444.00,1018.5,1004.9
2023-08-22T20:00,24.0,0.00,70,18.2,26.2,0.00,0.00,0.00,0,17,0,17,0,5.4,12,20,13.6,12.2,0,0.00,1019.0,1005.3
2023-08-22T21:00,23.4,0.00,71,17.9,25.2,0.00,0.00,0.00,0,13,9,1,4,7.5,17,17,17.7,14.8,0,0.00,1019.4,1005.7
2023-08-22T22:00,22.4,0.00,75,17.6,24.3,0.00,0.00,0.00,0,5,0,0,5,5.8,16,4,14.2,14.8,0,0.00,1019.7,1005.9
2023-08-22T23:00,21.3,0.00,79,17.6,23.3,0.00,0.00,0.00,0,3,0,0,3,5.2,352,344,12.7,10.8,0,0.00,1019.9,1006.1
2023-08-23T00:00,20.8,0.00,82,17.7,22.6,0.00,0.00,0.00,0,0,0,0,0,6.1,10,3,16.1,11.9,0,0.00,1019.8,1005.9
2023-08-23T01:00,20.3,0.00,78,16.3,21.5,0.00,0.00,0.00,1,33,0,0,0,6.2,6,350,14.1,11.9,0,0.00,1019.8,1005.9
2023-08-23T02:00,19.6,0.00,80,16.1,20.7,0.00,0.00,0.00,1,23,23,0,0,6.9,16,6,16.5,14.4,0,0.00,1019.5,1005.6
2023-08-23T03:00,18.8,0.00,85,16.2,20.1,0.00,0.00,0.00,0,0,0,0,0,5.4,17,8,13.9,13.7,0,0.00,1019.7,1005.7
2023-08-23T04:00,18.1,0.00,88,16.2,19.6,0.00,0.00,0.00,0,0,0,0,0,4.2,36,31,11.6,10.1,0,0.00,1019.7,1005.7
2023-08-23T05:00,17.4,0.00,92,16.2,18.8,0.00,0.00,0.00,0,0,0,0,0,4.8,50,42,8.4,7.9,0,0.00,1019.4,1005.4
2023-08-23T06:00,18.5,0.00,86,16.0,20.3,0.00,0.00,0.00,0,0,0,0,0,1.4,90,90,2.9,7.2,1,0.00,1019.7,1005.7
2023-08-23T07:00,19.4,0.00,85,16.9,21.5,0.00,0.00,0.00,0,0,0,0,0,2.3,293,288,2.7,7.6,1,3600.00,1020.2,1006.3
2023-08-23T08:00,21.1,0.00,80,17.6,23.5,0.00,0.00,0.00,0,0,0,0,0,2.3,324,309,3.1,9.7,1,3600.00,1020.4,1006.5
2023-08-23T09:00,22.9,0.00,74,18.0,25.1,0.00,0.00,0.00,0,0,0,0,0,4.8,315,312,6.1,15.1,1,3600.00,1020.4,1006.6
2023-08-23T10:00,24.7,0.00,67,18.1,26.9,0.00,0.00,0.00,0,0,0,0,0,4.8,324,318,6.2,15.8,1,3600.00,1020.3,1006.6
2023-08-23T11:00,26.0,0.00,62,18.2,28.9,0.00,0.00,0.00,0,0,0,0,0,5.4,313,307,6.9,16.9,1,3600.00,1020.1,1006.5
2023-08-23T12:00,27.0,0.00,58,18.0,30.1,0.00,0.00,0.00,0,0,0,0,0,5.9,315,313,7.6,18.4,1,3600.00,1019.7,1006.1
2023-08-23T13:00,28.3,0.00,51,17.3,30.8,0.00,0.00,0.00,0,2,0,0,0,8.9,315,313,11.7,18.4,1,3600.00,1019.5,1006.0
2023-08-23T14:00,28.3,0.00,49,16.5,30.2,0.00,0.00,0.00,1,37,37,0,0,10.0,324,322,13.4,24.5,1,3600.00,1019.3,1005.8
2023-08-23T15:00,28.3,0.00,48,16.3,29.6,0.00,0.00,0.00,1,27,27,0,0,10.0,336,334,13.4,24.8,1,3600.00,1019.0,1005.5
2023-08-23T16:00,28.2,0.00,47,15.9,28.9,0.00,0.00,0.00,2,79,79,0,0,9.0,339,337,12.3,23.8,1,3600.00,1018.7,1005.2
2023-08-23T17:00,27.6,0.00,49,15.9,28.5,0.00,0.00,0.00,3,98,98,0,0,7.6,355,352,11.9,21.2,1,3600.00,1018.6,1005.1
2023-08-23T18:00,26.5,0.00,56,17.0,28.1,0.00,0.00,0.00,1,34,34,0,0,5.4,10,8,12.1,18.0,1,3600.00,1018.5,1004.9
2023-08-23T19:00,24.2,0.00,65,17.3,26.0,0.00,0.00,0.00,0,0,0,0,0,5.2,22,25,12.8,11.9,1,3331.95,1018.9,1005.2
2023-08-23T20:00,22.7,0.00,65,15.9,23.9,0.00,0.00,0.00,0,0,0,0,0,5.4,37,53,12.6,10.1,0,0.00,1019.0,1005.2
2023-08-23T21:00,21.5,0.00,71,16.1,22.7,0.00,0.00,0.00,0,0,0,0,0,6.2,65,69,14.3,12.2,0,0.00,1019.2,1005.4
2023-08-23T22:00,20.5,0.00,76,16.1,21.5,0.00,0.00,0.00,0,0,0,0,0,7.0,81,78,14.2,13.0,0,0.00,1019.1,1005.2
2023-08-23T23:00,19.7,0.00,77,15.6,20.5,0.00,0.00,0.00,0,15,15,0,0,7.3,84,79,13.0,13.3,0,0.00,1018.9,1005.0
2023-08-24T00:00,19.3,0.00,76,14.9,19.8,0.00,0.00,0.00,1,23,23,0,0,7.3,80,79,14.6,14.0,0,0.00,1018.6,1004.7
2023-08-24T01:00,20.0,0.00,66,13.4,19.8,0.00,0.00,0.00,0,10,59,0,0,8.8,102,99,21.3,13.7,0,0.00,1018.3,1004.4
2023-08-24T02:00,18.8,0.00,70,13.2,18.8,0.00,0.00,0.00,1,39,19,25,0,7.2,94,84,19.1,16.9,0,0.00,1017.9,1004.0
2023-08-24T03:00,17.8,0.00,75,13.3,18.2,0.00,0.00,0.00,3,98,98,0,0,4.8,90,77,14.0,14.4,0,0.00,1018.1,1004.1
2023-08-24T04:00,17.3,0.00,77,13.2,17.4,0.00,0.00,0.00,3,100,100,0,0,6.0,82,73,13.1,11.2,0,0.00,1017.5,1003.5
2023-08-24T05:00,18.3,0.00,70,12.8,17.9,0.00,0.00,0.00,3,100,100,26,0,8.4,91,80,21.2,16.2,0,0.00,1017.0,1003.0
2023-08-24T06:00,19.1,0.00,68,13.1,18.8,0.00,0.00,0.00,3,100,100,22,0,8.3,96,85,21.7,16.6,1,0.00,1016.9,1003.0
2023-08-24T07:00,20.4,0.00,70,14.7,21.3,0.00,0.00,0.00,3,99,98,48,0,4.7,92,67,12.6,16.6,1,1091.67,1017.2,1003.3
2023-08-24T08:00,22.1,0.00,68,16.0,23.1,0.00,0.00,0.00,3,100,100,93,0,7.3,87,70,20.2,14.4,1,3303.33,1016.3,1002.5
2023-08-24T09:00,24.5,0.00,60,16.3,25.4,0.00,0.00,0.00,3,83,58,61,0,8.9,101,104,16.5,20.2,1,3600.00,1015.5,1001.9
2023-08-24T10:00,26.6,0.00,54,16.6,27.6,0.00,0.00,0.00,3,97,96,17,0,8.9,114,117,13.0,21.6,1,3600.00,1015.7,1002.1
2023-08-24T11:00,28.6,0.00,49,16.8,30.0,0.00,0.00,0.00,3,100,100,0,0,10.0,108,105,14.0,23.4,1,3600.00,1015.1,1001.6
2023-08-24T12:00,29.8,0.00,48,17.5,31.2,0.00,0.00,0.00,3,100,100,2,0,11.1,115,115,15.9,25.6,1,3600.00,1014.1,1000.7
2023-08-24T13:00,30.6,0.00,46,17.5,31.7,0.00,0.00,0.00,3,100,100,0,0,10.7,110,110,14.9,26.3,1,3600.00,1013.6,1000.3
2023-08-24T14:00,30.8,0.00,45,17.6,32.3,0.00,0.00,0.00,3,100,100,4,0,11.0,114,113,16.1,25.9,1,3600.00,1012.7,999.4
2023-08-24T15:00,31.4,0.00,46,18.6,33.9,0.00,0.00,0.00,3,100,100,50,0,4.4,167,171,6.3,24.8,1,3600.00,1013.0,999.7
2023-08-24T16:00,28.2,0.30,62,20.2,31.7,0.30,0.00,0.00,51,100,100,51,0,3.6,166,135,4.5,20.2,1,0.00,1012.5,999.1
2023-08-24T17:00,28.3,0.00,62,20.4,32.3,0.00,0.00,0.00,3,100,100,5,0,0.7,342,270,1.1,9.7,1,621.98,1012.0,998.6
2023-08-24T18:00,26.9,0.00,70,21.0,30.1,0.00,0.00,0.00,3,100,100,4,0,7.9,264,254,18.1,18.7,1,0.00,1012.8,999.3
2023-08-24T19:00,25.4,0.00,75,20.6,28.7,0.00,0.00,0.00,3,100,100,74,0,5.7,227,198,12.7,16.6,1,0.00,1013.0,999.4
2023-08-24T20:00,24.4,0.40,83,21.3,27.8,0.40,0.00,0.00,51,100,100,2,0,7.7,163,139,16.2,16.9,0,0.00,1012.1,998.5
2023-08-24T21:00,23.7,0.20,86,21.3,27.0,0.20,0.00,0.00,51,100,100,5,0,8.5,172,152,18.9,17.6,0,0.00,1012.2,998.6
2023-08-24T22:00,22.7,0.00,88,20.6,26.1,0.00,0.00,0.00,0,14,14,0,0,5.6,177,153,15.5,16.6,0,0.00,1011.8,998.1
2023-08-24T23:00,21.9,0.00,90,20.1,25.0,0.00,0.00,0.00,0,0,0,0,0,5.4,187,160,15.2,12.2,0,0.00,1011.9,998.2
2023-08-25T00:00,21.6,0.00,89,19.7,24.7,0.00,0.00,0.00,0,0,0,0,0,4.5,232,166,8.2,12.2,0,0.00,1011.7,998.0
2023-08-25T01:00,21.1,0.00,85,18.6,23.1,0.00,0.00,0.00,0,0,23,2,0,8.0,189,162,17.9,11.9,0,0.00,1012.2,998.4
2023-08-25T02:00,19.9,0.00,90,18.2,22.1,0.00,0.00,0.00,0,18,17,2,0,5.2,233,214,16.2,15.1,0,0.00,1011.9,998.1
2023-08-25T03:00,20.5,0.00,91,18.9,22.9,0.00,0.00,0.00,2,59,56,15,0,6.5,222,180,15.5,17.3,0,0.00,1011.9,998.1
2023-08-25T04:00,20.7,0.00,91,19.2,22.6,0.00,0.00,0.00,0,10,9,2,0,10.6,206,190,23.7,26.3,0,0.00,1011.7,997.9
2023-08-25T05:00,20.1,0.00,92,18.7,22.4,0.00,0.00,0.00,0,12,5,7,0,6.6,203,171,16.8,21.2,0,0.00,1011.2,997.4
2023-08-25T06:00,19.7,0.00,93,18.5,22.6,0.00,0.00,0.00,2,57,52,9,0,1.9,196,68,2.6,14.8,1,0.00,1010.9,997.1
2023-08-25T07:00,21.7,0.00,87,19.4,24.1,0.00,0.00,0.00,3,100,100,0,0,7.6,149,121,9.2,13.7,1,3451.56,1010.3,996.6
2023-08-25T08:00,22.8,1.90,81,19.3,24.7,1.90,0.00,0.00,61,100,100,73,5,10.4,257,268,17.7,23.4,1,3600.00,1012.5,998.8
2023-08-25T09:00,21.2,2.30,92,19.8,23.8,2.30,0.00,0.00,61,100,100,47,0,7.9,106,90,12.0,23.8,1,0.00,1010.2,996.5
2023-08-25T10:00,22.7,0.40,85,20.1,25.4,0.40,0.00,0.00,51,84,14,82,0,8.2,118,113,12.2,19.1,1,0.00,1010.3,996.6
2023-08-25T11:00,24.9,0.00,76,20.4,28.1,0.00,0.00,0.00,2,58,15,50,0,6.0,150,147,8.7,25.2,1,3600.00,1010.8,997.2
2023-08-25T12:00,26.5,0.00,69,20.4,29.3,0.00,0.00,0.00,3,97,96,78,0,9.0,183,180,12.3,22.7,1,3600.00,1009.9,996.4
2023-08-25T13:00,25.6,0.00,67,19.0,26.1,0.00,0.00,0.00,3,100,100,24,22,22.8,219,219,34.1,32.8,1,3600.00,1011.5,998.0
2023-08-25T14:00,25.2,0.00,65,18.3,25.2,0.00,0.00,0.00,3,99,97,23,47,20.9,225,226,31.3,46.8,1,304.49,1011.3,997.7
2023-08-25T15:00,26.6,0.00,60,18.2,26.6,0.00,0.00,0.00,3,100,100,4,96,20.7,228,229,30.9,46.4,1,3600.00,1011.1,997.6
2023-08-25T16:00,26.0,0.00,63,18.5,26.9,0.00,0.00,0.00,2,67,58,12,11,15.0,223,222,24.2,43.9,1,0.00,1010.5,997.0
2023-08-25T17:00,25.5,0.10,68,19.2,26.3,0.10,0.00,0.00,51,67,43,40,8,17.9,220,218,27.3,42.8,1,3600.00,1010.4,996.9
2023-08-25T18:00,24.7,0.00,74,19.7,26.8,0.00,0.00,0.00,0,14,10,2,3,11.3,208,202,19.5,37.1,1,3600.00,1010.2,996.6
2023-08-25T19:00,23.6,0.00,77,19.4,25.8,0.00,0.00,0.00,1,37,34,4,0,9.3,205,193,19.5,24.1,1,3106.50,1009.9,996.3
2023-08-25T20:00,22.7,0.00,81,19.2,24.8,0.00,0.00,0.00,2,79,74,23,0,9.1,208,189,20.8,18.7,0,0.00,1010.1,996.4
2023-08-25T21:00,22.5,0.00,82,19.3,24.9,0.00,0.00,0.00,3,100,100,92,0,7.6,221,205,19.6,18.7,0,0.00,1010.1,996.4
2023-08-25T22:00,22.3,0.00,83,19.3,24.9,0.00,0.00,0.00,3,100,100,96,1,6.5,243,236,18.2,15.5,0,0.00,1010.0,996.3
2023-08-25T23:00,22.1,0.00,83,19.1,24.4,0.00,0.00,0.00,3,100,100,35,14,7.9,239,231,19.7,16.6,0,0.00,1010.3,996.6
2023-08-26T00:00,19.8,2.80,90,18.2,20.6,2.80,0.00,0.00,63,100,100,69,36,14.7,242,239,25.8,34.6,0,0.00,1011.6,997.8
2023-08-26T01:00,20.3,0.10,93,19.2,22.2,0.10,0.00,0.00,51,100,100,100,99,10.5,220,211,19.4,30.6,0,0.00,1011.2,997.4
2023-08-26T02:00,20.4,8.50,90,18.7,21.8,8.50,0.00,0.00,65,100,100,75,38,12.3,228,230,21.2,27.0,0,0.00,1011.2,997.4
2023-08-26T03:00,20.0,3.70,90,18.3,20.4,3.70,0.00,0.00,63,63,23,31,32,17.6,229,229,29.1,36.0,0,0.00,1011.4,997.6
2023-08-26T04:00,19.4,0.10,95,18.5,20.7,0.10,0.00,0.00,51,29,9,4,19,12.6,245,243,22.6,35.3,0,0.00,1011.8,998.0
2023-08-26T05:00,18.8,0.00,94,17.8,20.0,0.00,0.00,0.00,0,16,3,5,11,11.2,279,276,21.5,27.4,0,0.00,1012.2,998.3
2023-08-26T06:00,18.0,0.00,91,16.5,19.0,0.00,0.00,0.00,0,8,0,3,7,8.7,290,287,18.3,23.0,1,0.00,1012.7,998.8
2023-08-26T07:00,18.3,0.00,84,15.6,19.1,0.00,0.00,0.00,0,12,0,3,9,7.7,284,281,15.2,18.4,1,3369.92,1013.3,999.4
2023-08-26T08:00,19.3,0.00,75,14.7,19.9,0.00,0.00,0.00,0,18,0,16,3,6.2,278,277,9.8,16.2,1,3600.00,1013.4,999.5
2023-08-26T09:00,20.2,0.00,61,12.4,20.0,0.00,0.00,0.00,3,87,85,8,2,6.6,279,279,9.1,18.0,1,3600.00,1013.4,999.6
2023-08-26T10:00,21.1,0.00,56,11.9,20.8,0.00,0.00,0.00,3,100,100,13,1,5.9,281,281,7.7,17.3,1,3600.00,1013.1,999.3
2023-08-26T11:00,22.0,0.00,54,12.2,22.2,0.00,0.00,0.00,3,100,100,14,36,5.9,256,259,7.4,16.9,1,3600.00,1013.1,999.4
2023-08-26T12:00,22.5,0.00,53,12.3,21.7,0.00,0.00,0.00,3,100,100,20,100,10.1,253,253,13.6,23.8,1,3600.00,1012.9,999.2
2023-08-26T13:00,21.3,0.00,58,12.6,20.9,0.00,0.00,0.00,3,100,100,43,21,8.4,261,260,10.9,24.1,1,0.00,1013.6,999.8
2023-08-26T14:00,20.5,0.30,62,12.9,20.8,0.30,0.00,0.00,51,100,100,56,5,4.5,263,256,5.8,21.6,1,2790.38,1013.7,999.9
2023-08-26T15:00,20.6,0.00,62,13.0,21.0,0.00,0.00,0.00,3,100,100,43,30,3.6,219,217,5.1,14.4,1,0.00,1013.4,999.6
2023-08-26T16:00,21.3,0.00,60,13.3,21.7,0.00,0.00,0.00,2,79,72,16,16,3.8,231,229,5.1,12.2,1,929.48,1012.8,999.0
2023-08-26T17:00,21.9,0.00,58,13.3,21.9,0.00,0.00,0.00,3,96,1,27,95,6.9,228,227,9.7,16.2,1,3600.00,1012.4,998.7
2023-08-26T18:00,20.7,0.00,66,14.0,20.5,0.00,0.00,0.00,1,41,0,31,19,9.9,213,213,15.1,20.5,1,2691.54,1012.3,998.5
2023-08-26T19:00,19.4,0.00,74,14.7,20.0,0.00,0.00,0.00,1,34,0,23,20,6.8,191,183,15.4,21.2,1,2992.85,1012.4,998.6
2023-08-26T20:00,18.7,0.00,77,14.7,19.1,0.00,0.00,0.00,1,30,4,27,3,7.6,186,172,17.7,15.1,0,0.00,1013.0,999.1
2023-08-26T21:00,18.4,0.00,80,14.8,19.0,0.00,0.00,0.00,3,100,100,17,3,6.9,199,189,16.7,15.8,0,0.00,1013.1,999.2
2023-08-26T22:00,17.4,0.00,85,14.8,18.1,0.00,0.00,0.00,2,76,72,11,7,5.4,206,188,14.8,14.0,0,0.00,1012.9,999.0
2023-08-26T23:00,16.5,0.00,89,14.6,17.4,0.00,0.00,0.00,3,87,86,3,7,4.7,212,184,13.1,10.8,0,0.00,1012.9,998.9
2023-08-27T00:00,16.1,0.00,89,14.3,16.8,0.00,0.00,0.00,3,100,100,4,1,4.7,220,157,8.4,9.7,0,0.00,1012.6,998.6
2023-08-27T01:00,17.7,0.00,86,15.3,19.1,0.00,0.00,0.00,3,100,100,100,6,2.6,121,74,2.1,7.6,0,0.00,1011.8,997.9
2023-08-27T02:00,17.2,0.00,89,15.4,18.6,0.00,0.00,0.00,3,100,100,100,13,3.2,124,90,2.6,5.0,0,0.00,1011.4,997.5
2023-08-27T03:00,17.5,0.10,86,15.1,18.8,0.10,0.00,0.00,51,100,100,100,3,2.4,158,117,3.9,4.7,0,0.00,1011.4,997.5
2023-08-27T04:00,17.4,0.20,89,15.5,18.8,0.20,0.00,0.00,51,100,100,100,0,3.2,152,117,5.3,8.3,0,0.00,1011.0,997.1
2023-08-27T05:00,17.1,0.20,91,15.7,18.4,0.20,0.00,0.00,51,100,100,100,1,4.2,182,160,8.6,7.6,0,0.00,1010.6,996.7
2023-08-27T06:00,16.9,0.20,93,15.8,18.2,0.20,0.00,0.00,51,100,100,100,19,4.7,211,212,11.8,9.7,1,0.00,1010.8,996.9
2023-08-27T07:00,17.2,0.00,92,15.8,18.3,0.00,0.00,0.00,3,100,100,81,76,5.7,219,215,9.2,12.6,1,0.00,1010.4,996.5
2023-08-27T08:00,17.6,0.00,89,15.8,18.8,0.00,0.00,0.00,3,100,100,86,51,5.8,195,187,8.6,15.1,1,0.00,1010.7,996.8
2023-08-27T09:00,18.7,0.00,82,15.6,19.9,0.00,0.00,0.00,3,100,100,60,5,4.8,196,193,6.4,14.4,1,743.72,1010.4,996.6
2023-08-27T10:00,19.3,0.00,79,15.5,20.4,0.00,0.00,0.00,3,100,100,15,6,5.0,201,201,7.0,17.3,1,484.90,1010.5,996.7
2023-08-27T11:00,20.7,0.00,68,14.7,21.6,0.00,0.00,0.00,3,100,100,33,0,4.7,202,203,5.8,17.6,1,3600.00,1010.3,996.6
2023-08-27T12:00,21.1,0.10,62,13.7,21.3,0.10,0.00,0.00,51,100,100,79,6,6.8,238,238,8.9,18.0,1,3600.00,1010.0,996.3
2023-08-27T13:00,19.3,0.10,68,13.2,20.0,0.10,0.00,0.00,51,100,100,33,0,2.3,159,141,3.1,25.9,1,571.54,1010.7,996.9
2023-08-27T14:00,21.2,0.40,54,11.5,20.1,0.40,0.00,0.00,51,100,100,91,30,10.0,254,255,13.5,23.8,1,3600.00,1010.7,997.0
2023-08-27T15:00,20.0,0.10,66,13.4,19.8,0.10,0.00,0.00,51,100,100,100,0,8.7,251,253,12.2,24.8,1,0.00,1010.8,997.0
2023-08-27T16:00,19.5,0.00,71,14.0,19.4,0.00,0.00,0.00,3,100,100,100,2,9.7,233,231,14.4,21.2,1,0.00,1011.0,997.2
2023-08-27T17:00,19.1,0.00,73,14.2,18.9,0.00,0.00,0.00,3,100,100,100,3,10.5,223,221,16.8,22.0,1,0.00,1010.8,997.0
2023-08-27T18:00,18.6,0.00,75,14.1,18.4,0.00,0.00,0.00,3,100,100,100,2,10.2,234,231,18.8,22.3,1,0.00,1011.2,997.3
2023-08-27T19:00,18.0,0.10,77,13.9,17.8,0.10,0.00,0.00,51,100,100,98,8,9.7,224,219,19.1,21.2,1,0.00,1011.5,997.6
2023-08-27T20:00,17.3,0.00,84,14.6,17.3,0.00,0.00,0.00,3,100,100,6,2,10.4,219,214,21.0,20.9,0,0.00,1012.3,998.4
2023-08-27T21:00,16.7,0.00,88,14.7,16.7,0.00,0.00,0.00,3,100,100,2,1,10.4,230,224,22.0,21.2,0,0.00,1012.6,998.6
2023-08-27T22:00,16.2,0.00,89,14.4,16.3,0.00,0.00,0.00,3,96,96,2,2,9.5,240,233,21.1,21.2,0,0.00,1012.7,998.7
2023-08-27T23:00,15.6,0.00,90,13.9,15.9,0.00,0.00,0.00,3,96,96,0,1,6.1,254,242,16.5,19.1,0,0.00,1012.9,998.9
2023-08-28T00:00,13.7,0.00,93,12.6,13.5,0.00,0.00,0.00,3,100,100,0,0,6.8,272,252,11.5,12.6,0,0.00,1012.8,998.7
2023-08-28T01:00,15.8,0.00,79,12.3,15.9,0.00,0.00,0.00,3,100,100,0,0,4.2,313,301,8.4,10.8,0,0.00,1013.3,999.3
2023-08-28T02:00,13.3,0.00,89,11.6,12.7,0.00,0.00,0.00,3,98,98,0,0,7.2,340,342,10.7,10.4,0,0.00,1012.7,998.6
2023-08-28T03:00,15.2,0.00,78,11.3,15.0,0.00,0.00,0.00,3,100,100,0,2,4.1,351,345,6.6,10.4,0,0.00,1013.2,999.2
2023-08-28T04:00,14.1,0.00,84,11.4,13.6,0.00,0.00,0.00,3,100,100,0,0,5.9,353,349,14.2,13.0,0,0.00,1012.1,998.0
2023-08-28T05:00,13.1,0.00,89,11.3,12.9,0.00,0.00,0.00,3,100,100,14,0,4.0,11,5,11.0,11.5,0,0.00,1012.3,998.2
2023-08-28T06:00,13.3,0.00,91,11.8,13.4,0.00,0.00,0.00,3,100,100,73,3,2.9,45,30,7.6,8.6,1,0.00,1012.4,998.3
2023-08-28T07:00,14.2,0.00,87,12.0,14.0,0.00,0.00,0.00,3,100,100,3,0,5.5,25,349,9.5,10.4,1,0.00,1011.8,997.7
2023-08-28T08:00,15.0,0.00,82,12.0,14.9,0.00,0.00,0.00,3,100,100,100,0,5.2,10,344,10.6,11.9,1,0.00,1011.9,997.9
2023-08-28T09:00,15.8,0.00,76,11.7,15.4,0.00,0.00,0.00,3,100,100,100,0,6.5,4,354,9.7,15.1,1,0.00,1011.4,997.4
2023-08-28T10:00,16.3,0.00,73,11.4,15.5,0.00,0.00,0.00,3,100,100,100,0,8.3,3,358,12.3,18.7,1,0.00,1011.1,997.1
2023-08-28T11:00,16.5,0.00,68,10.5,15.1,0.00,0.00,0.00,3,100,100,100,0,10.5,8,4,15.3,22.3,1,0.00,1010.8,996.8
2023-08-28T12:00,17.0,0.00,65,10.3,15.7,0.00,0.00,0.00,3,100,91,100,2,9.4,9,7,13.5,22.3,1,0.00,1011.1,997.2
2023-08-28T13:00,17.3,0.00,65,10.6,16.1,0.00,0.00,0.00,3,100,13,99,9,9.4,2,358,13.3,22.0,1,0.00,1011.3,997.4
2023-08-28T14:00,17.9,0.00,61,10.2,16.5,0.00,0.00,0.00,3,100,30,100,5,9.7,360,358,13.7,22.7,1,0.00,1011.5,997.6
2023-08-28T15:00,17.6,0.00,62,10.3,16.1,0.00,0.00,0.00,3,100,65,100,3,11.2,359,356,16.2,23.8,1,0.00,1011.2,997.3
2023-08-28T16:00,17.8,0.00,60,10.0,16.2,0.00,0.00,0.00,3,100,70,100,1,10.8,1,360,16.2,25.9,1,0.00,1011.0,997.1
2023-08-28T17:00,17.3,0.00,64,10.4,16.2,0.00,0.00,0.00,3,100,99,100,0,7.8,353,347,15.2,23.0,1,0.00,1011.1,997.2
2023-08-28T18:00,16.9,0.00,67,10.7,16.3,0.00,0.00,0.00,3,100,27,100,0,5.4,357,352,13.0,16.9,1,0.00,1011.0,997.1
2023-08-28T19:00,16.3,0.00,71,11.0,16.0,0.00,0.00,0.00,3,100,28,100,9,4.3,7,360,11.6,11.9,1,0.00,1011.2,997.2
2023-08-28T20:00,15.8,0.00,75,11.3,15.7,0.00,0.00,0.00,3,100,67,100,1,3.7,17,11,9.8,9.0,0,0.00,1011.4,997.4
2023-08-28T21:00,15.4,0.00,80,12.0,15.5,0.00,0.00,0.00,3,100,64,100,4,3.5,5,336,8.0,7.9,0,0.00,1011.5,997.5
2023-08-28T22:00,15.2,0.00,81,11.9,15.3,0.00,0.00,0.00,3,100,70,100,0,3.3,326,311,9.1,7.2,0,0.00,1011.5,997.5
2023-08-28T23:00,15.2,0.00,80,11.8,15.0,0.00,0.00,0.00,3,100,89,97,18,4.6,321,321,12.5,10.1,0,0.00,1011.6,997.6
2023-08-29T00:00,14.7,0.00,81,11.6,14.2,0.00,0.00,0.00,3,100,100,37,25,6.5,332,326,15.1,12.6,0,0.00,1011.0,997.0
2023-08-29T01:00,15.2,0.00,80,11.8,15.0,0.00,0.00,0.00,3,99,99,81,18,5.6,341,333,14.1,12.6,0,0.00,1010.8,996.8
2023-08-29T02:00,14.6,0.00,84,11.9,14.0,0.00,0.00,0.00,3,100,100,94,5,8.0,341,333,16.7,15.5,0,0.00,1011.0,997.0
2023-08-29T03:00,14.4,0.00,85,11.8,13.6,0.00,0.00,0.00,3,100,94,100,1,9.2,336,329,18.9,18.0,0,0.00,1011.0,996.9
2023-08-29T04:00,14.2,0.00,85,11.7,13.2,0.00,0.00,0.00,3,100,100,100,2,9.9,345,341,19.4,19.4,0,0.00,1010.4,996.3
2023-08-29T05:00,13.8,0.00,87,11.6,13.0,0.00,0.00,0.00,3,100,100,100,9,8.7,350,343,18.3,19.8,0,0.00,1010.4,996.3
2023-08-29T06:00,13.8,0.00,87,11.6,13.4,0.00,0.00,0.00,3,100,100,90,9,5.8,352,330,13.4,16.9,1,0.00,1010.5,996.4
2023-08-29T07:00,14.1,0.00,87,12.1,13.7,0.00,0.00,0.00,3,99,98,57,4,7.4,323,299,14.4,15.5,1,0.00,1010.6,996.5
2023-08-29T08:00,15.3,0.00,82,12.3,14.6,0.00,0.00,0.00,3,100,100,100,4,9.2,319,315,13.8,20.9,1,2005.11,1010.6,996.6
2023-08-29T09:00,15.8,0.00,78,12.1,15.2,0.00,0.00,0.00,3,100,97,100,0,8.9,331,328,12.7,21.2,1,0.00,1010.8,996.8
2023-08-29T10:00,16.6,0.00,75,12.1,16.1,0.00,0.00,0.00,3,100,99,100,0,8.2,336,331,11.4,20.5,1,0.00,1011.0,997.1
2023-08-29T11:00,16.9,0.00,74,12.2,16.5,0.00,0.00,0.00,3,100,100,100,11,7.6,336,335,10.6,19.4,1,0.00,1011.1,997.2
2023-08-29T12:00,18.7,0.00,67,12.6,18.5,0.00,0.00,0.00,3,100,100,98,4,7.1,340,336,9.6,23.0,1,1865.73,1010.9,997.1
2023-08-29T13:00,17.1,0.00,76,12.8,17.7,0.00,0.00,0.00,3,100,74,83,3,1.9,353,338,2.9,22.7,1,3600.00,1011.3,997.4
2023-08-29T14:00,17.3,0.30,73,12.4,16.8,0.30,0.00,0.00,51,94,0,92,19,8.7,302,300,11.5,22.3,1,107.45,1011.3,997.4
2023-08-29T15:00,17.4,0.00,74,12.7,17.3,0.00,0.00,0.00,3,97,9,96,3,6.6,282,279,8.8,22.3,1,831.54,1010.9,997.0
2023-08-29T16:00,17.5,0.00,72,12.5,17.2,0.00,0.00,0.00,3,95,43,92,11,7.1,293,294,9.4,20.5,1,2368.60,1011.1,997.2
2023-08-29T17:00,16.5,0.20,72,11.4,15.8,0.20,0.00,0.00,51,96,2,95,23,7.4,288,284,10.2,18.0,1,3600.00,1011.2,997.2
2023-08-29T18:00,16.1,0.00,76,11.8,16.1,0.00,0.00,0.00,3,94,28,91,1,3.6,228,217,4.8,17.3,1,2295.59,1010.9,996.9
2023-08-29T19:00,15.3,0.00,88,13.4,16.0,0.00,0.00,0.00,3,83,77,35,0,2.5,234,225,3.1,9.0,1,810.01,1011.2,997.2
2023-08-29T20:00,15.4,0.00,80,11.9,15.9,0.00,0.00,0.00,3,100,100,22,0,0.8,286,63,2.6,4.3,0,0.00,1011.6,997.6
2023-08-29T21:00,13.6,0.00,89,11.8,13.7,0.00,0.00,0.00,3,100,99,45,7,3.2,201,117,3.1,3.6,0,0.00,1011.6,997.5
2023-08-29T22:00,14.3,0.00,87,12.2,14.2,0.00,0.00,0.00,3,89,75,56,4,5.0,186,150,10.1,9.0,0,0.00,1011.5,997.4
2023-08-29T23:00,13.8,0.00,93,12.7,13.8,0.00,0.00,0.00,1,36,30,5,5,5.4,207,176,13.4,10.1,0,0.00,1011.2,997.1
2023-08-30T00:00,13.3,0.00,96,12.7,13.3,0.00,0.00,0.00,1,25,14,9,6,5.2,217,192,13.6,10.1,0,0.00,1010.8,996.7
2023-08-30T01:00,13.3,0.00,89,11.5,12.8,0.00,0.00,0.00,2,56,12,25,4,6.6,198,158,12.9,14.0,0,0.00,1010.6,996.5
2023-08-30T02:00,12.9,0.00,93,11.9,12.7,0.00,0.00,0.00,1,41,23,20,4,5.7,197,162,13.2,12.6,0,0.00,1010.4,996.3
2023-08-30T03:00,12.6,0.00,94,11.7,12.3,0.00,0.00,0.00,1,45,26,14,15,5.1,211,188,13.9,10.8,0,0.00,1010.3,996.2
2023-08-30T04:00,12.6,0.00,95,11.8,12.2,0.00,0.00,0.00,1,34,0,32,4,6.5,205,177,14.7,12.2,0,0.00,1010.2,996.1
2023-08-30T05:00,12.6,0.00,95,11.9,12.1,0.00,0.00,0.00,2,60,0,56,13,7.3,210,189,17.1,15.1,0,0.00,1010.2,996.1
2023-08-30T06:00,12.9,0.00,95,12.0,12.3,0.00,0.00,0.00,3,85,0,82,16,8.0,248,243,17.4,16.2,1,0.00,1010.4,996.3
2023-08-30T07:00,13.9,0.20,91,12.4,13.8,0.20,0.00,0.00,51,90,0,90,2,5.7,222,198,10.2,16.2,1,1302.33,1010.0,995.9
2023-08-30T08:00,14.8,0.10,88,12.8,14.4,0.10,0.00,0.00,51,54,0,54,0,8.3,201,198,12.0,18.7,1,1443.92,1009.9,995.9
2023-08-30T09:00,16.4,0.00,83,13.5,16.0,0.00,0.00,0.00,0,8,0,8,0,10.5,219,218,14.8,24.5,1,3600.00,1009.9,996.0
2023-08-30T10:00,18.0,0.00,75,13.4,17.5,0.00,0.00,0.00,1,22,10,5,8,11.2,232,230,15.1,27.7,1,3600.00,1009.4,995.5
2023-08-30T11:00,19.4,0.00,69,13.5,19.1,0.00,0.00,0.00,1,22,1,19,4,11.0,234,232,14.7,29.5,1,3600.00,1009.3,995.5
2023-08-30T12:00,20.3,0.00,62,12.8,19.9,0.00,0.00,0.00,1,28,0,24,5,12.2,227,225,16.3,31.3,1,3600.00,1008.5,994.8
2023-08-30T13:00,20.1,0.10,62,12.7,19.6,0.10,0.00,0.00,51,43,0,14,9,12.5,222,221,17.1,33.1,1,3600.00,1008.6,994.8
2023-08-30T14:00,20.1,0.10,60,12.1,19.1,0.10,0.00,0.00,51,31,0,24,15,14.6,233,232,19.8,33.5,1,3600.00,1008.4,994.7
2023-08-30T15:00,20.6,0.00,54,11.1,19.2,0.00,0.00,0.00,0,8,0,6,3,13.8,232,231,19.5,33.1,1,3600.00,1007.9,994.2
2023-08-30T16:00,21.0,0.00,49,9.9,18.9,0.00,0.00,0.00,0,14,0,13,5,14.2,235,234,20.7,32.0,1,3600.00,1007.6,993.9
2023-08-30T17:00,20.9,0.00,48,9.5,18.5,0.00,0.00,0.00,1,40,5,31,11,15.0,236,235,23.6,33.8,1,3600.00,1007.5,993.8
2023-08-30T18:00,18.5,0.00,62,11.1,16.2,0.00,0.00,0.00,3,83,19,79,14,17.9,279,280,28.4,38.9,1,3600.00,1008.1,994.3
2023-08-30T19:00,16.6,1.30,77,12.6,15.8,1.30,0.00,0.00,61,100,12,100,7,10.8,244,240,20.0,36.4,1,655.72,1008.6,994.7
2023-08-30T20:00,15.8,0.80,86,13.5,15.1,0.80,0.00,0.00,53,88,12,85,33,12.0,232,224,21.0,24.1,0,0.00,1009.3,995.3
2023-08-30T21:00,15.0,0.30,90,13.4,14.4,0.30,0.00,0.00,51,98,0,98,21,11.6,245,240,20.6,27.0,0,0.00,1009.8,995.8
2023-08-30T22:00,14.7,0.40,93,13.6,14.3,0.40,0.00,0.00,51,85,0,83,14,10.4,233,226,19.8,23.8,0,0.00,1010.3,996.3
2023-08-30T23:00,14.4,0.50,92,13.1,13.8,0.50,0.00,0.00,53,77,0,72,15,10.7,236,230,20.0,23.4,0,0.00,1010.5,996.4
2023-08-31T00:00,13.9,0.00,95,13.1,13.7,0.00,0.00,0.00,1,30,0,21,14,8.2,239,229,18.1,21.6,0,0.00,1010.9,996.8
2023-08-31T01:00,13.9,0.00,95,13.0,13.5,0.00,0.00,0.00,0,14,0,18,36,8.9,250,243,18.8,17.3,0,0.00,1010.8,996.7
2023-08-31T02:00,13.1,0.00,95,12.3,13.1,0.00,0.00,0.00,0,6,0,2,6,5.2,256,236,15.2,18.0,0,0.00,1011.0,996.9
2023-08-31T03:00,12.4,0.00,95,11.6,12.0,0.00,0.00,0.00,0,3,0,3,0,6.2,237,216,16.4,13.7,0,0.00,1011.3,997.1
2023-08-31T04:00,12.0,0.00,95,11.2,11.3,0.00,0.00,0.00,1,22,5,18,0,6.8,232,212,17.7,14.8,0,0.00,1011.7,997.5
2023-08-31T05:00,11.9,0.00,94,11.0,11.1,0.00,0.00,0.00,2,54,30,33,9,7.5,232,215,18.7,16.9,0,0.00,1012.2,998.0
2023-08-31T06:00,11.8,0.00,95,11.0,10.9,0.00,0.00,0.00,1,41,0,38,21,8.5,222,208,19.4,18.0,1,0.00,1013.0,998.8
2023-08-31T07:00,12.8,0.20,93,11.7,11.9,0.20,0.00,0.00,51,78,11,67,41,9.2,223,211,19.6,20.9,1,2957.74,1013.4,999.2
2023-08-31T08:00,13.7,0.30,90,12.1,12.9,0.30,0.00,0.00,51,48,9,37,30,10.2,223,219,15.8,22.3,1,3600.00,1013.8,999.7
2023-08-31T09:00,15.1,0.10,81,11.9,13.9,0.10,0.00,0.00,51,57,2,50,43,11.8,232,230,16.9,28.1,1,3600.00,1014.1,1000.0
2023-08-31T10:00,16.5,0.00,74,11.9,15.2,0.00,0.00,0.00,1,41,0,30,31,12.5,239,237,17.6,34.6,1,3600.00,1014.2,1000.2
2023-08-31T11:00,18.0,0.10,62,10.7,16.2,0.10,0.00,0.00,51,45,0,26,30,14.6,250,250,20.3,36.7,1,3600.00,1014.1,1000.2
2023-08-31T12:00,18.9,0.10,54,9.4,16.9,0.10,0.00,0.00,51,100,99,48,12,14.6,250,250,20.3,36.0,1,3600.00,1013.9,1000.0
2023-08-31T13:00,18.7,0.00,55,9.5,16.4,0.00,0.00,0.00,3,88,19,32,12,14.7,250,248,20.7,35.6,1,3600.00,1014.3,1000.4
2023-08-31T14:00,19.1,0.20,52,9.0,16.6,0.20,0.00,0.00,51,93,89,31,17,16.9,253,254,23.7,36.7,1,3600.00,1014.2,1000.3
2023-08-31T15:00,19.2,0.00,49,8.4,16.3,0.00,0.00,0.00,3,98,96,43,17,16.7,251,251,24.4,36.4,1,3600.00,1014.1,1000.2
2023-08-31T16:00,19.4,0.00,48,8.3,16.5,0.00,0.00,0.00,3,92,42,75,82,16.7,245,245,25.1,37.4,1,3600.00,1013.9,1000.0
2023-08-31T17:00,19.5,0.00,49,8.6,16.9,0.00,0.00,0.00,3,100,100,70,95,14.8,239,236,23.6,36.0,1,3600.00,1014.0,1000.1
2023-08-31T18:00,18.8,0.00,54,9.2,16.6,0.00,0.00,0.00,3,100,55,100,18,13.3,234,229,23.7,31.3,1,0.00,1014.0,1000.1
2023-08-31T19:00,17.7,0.10,61,10.1,15.8,0.10,0.00,0.00,51,100,67,100,18,13.0,227,224,23.2,27.7,1,0.00,1014.4,1000.5
2023-08-31T20:00,16.5,0.30,72,11.4,15.7,0.30,0.00,0.00,51,100,59,100,12,8.7,234,228,17.0,26.6,0,0.00,1015.2,1001.2
2023-08-31T21:00,15.8,0.70,80,12.4,15.7,0.70,0.00,0.00,53,100,0,100,18,5.8,225,210,13.2,17.3,0,0.00,1015.6,1001.5
2023-08-31T22:00,15.3,0.50,89,13.5,15.6,0.50,0.00,0.00,53,100,0,100,6,5.6,182,153,10.4,12.6,0,0.00,1015.3,1001.2
2023-08-31T23:00,15.0,0.50,91,13.5,15.0,0.50,0.00,0.00,53,100,94,100,100,8.2,155,139,15.9,16.2,0,0.00,1015.0,1000.9
2023-09-01T00:00,15.0,0.60,91,13.5,14.7,0.60,0.00,0.00,53,100,3,100,100,9.3,155,144,19.0,19.1,0,0.00,1014.9,1000.8
2023-09-01T01:00,14.8,0.20,91,13.4,14.5,0.20,0.00,0.00,51,100,18,100,82,9.5,160,143,18.3,19.1,0,0.00,1014.6,1000.5
2023-09-01T02:00,14.8,1.70,92,13.4,14.6,1.70,0.00,0.00,61,100,65,100,100,8.9,157,140,17.6,19.4,0,0.00,1014.3,1000.2
2023-09-01T03:00,14.9,1.70,91,13.5,14.7,1.70,0.00,0.00,61,100,98,49,100,8.6,178,147,16.6,17.3,0,0.00,1014.0,999.9
2023-09-01T04:00,15.4,0.00,91,13.9,15.0,0.00,0.00,0.00,3,100,84,21,100,11.1,220,205,21.5,22.0,0,0.00,1014.2,1000.1
2023-09-01T05:00,15.9,0.00,93,14.9,15.6,0.00,0.00,0.00,3,100,89,34,100,13.2,230,223,24.5,27.4,0,0.00,1014.3,1000.3
2023-09-01T06:00,16.2,0.00,93,15.1,16.1,0.00,0.00,0.00,3,100,99,51,100,12.5,228,221,23.2,27.0,1,0.00,1014.6,1000.6
2023-09-01T07:00,16.3,1.80,93,15.2,16.4,1.80,0.00,0.00,61,100,100,98,100,10.8,224,217,20.1,26.6,1,0.00,1014.9,1000.9
2023-09-01T08:00,16.5,0.60,94,15.6,16.6,0.60,0.00,0.00,53,100,99,100,100,12.1,222,217,22.2,24.5,1,0.00,1015.1,1001.1
2023-09-01T09:00,16.9,0.40,93,15.8,16.8,0.40,0.00,0.00,51,100,100,100,100,14.1,220,218,23.5,30.2,1,0.00,1015.3,1001.3
2023-09-01T10:00,17.4,0.60,93,16.3,17.8,0.60,0.00,0.00,53,100,98,100,32,12.3,220,218,19.4,32.0,1,0.00,1015.7,1001.7
2023-09-01T11:00,17.4,0.60,94,16.4,17.6,0.60,0.00,0.00,53,100,100,100,38,13.7,219,215,22.3,27.7,1,0.00,1015.9,1001.9
2023-09-01T12:00,18.4,0.30,86,16.0,18.2,0.30,0.00,0.00,51,100,100,100,33,15.6,221,220,23.7,33.1,1,0.00,1015.5,1001.6
2023-09-01T13:00,19.7,0.10,80,16.2,19.2,0.10,0.00,0.00,51,94,84,18,34,18.2,230,231,27.3,33.8,1,0.00,1015.4,1001.5
2023-09-01T14:00,21.5,0.70,69,15.5,20.4,0.70,0.00,0.00,53,91,71,74,19,20.0,242,242,29.5,41.8,1,3600.00,1015.1,1001.3
2023-09-01T15:00,21.5,0.20,68,15.2,20.8,0.20,0.00,0.00,51,99,67,95,22,16.3,242,242,24.5,43.6,1,3600.00,1015.2,1001.4
2023-09-01T16:00,21.4,0.00,67,15.1,21.1,0.00,0.00,0.00,3,94,64,84,14,13.7,240,240,21.3,33.8,1,1721.24,1015.2,1001.4
2023-09-01T17:00,21.9,0.00,65,15.1,21.7,0.00,0.00,0.00,3,80,73,13,18,12.9,244,247,20.8,28.4,1,3600.00,1014.9,1001.1
2023-09-01T18:00,21.3,0.00,69,15.5,21.8,0.00,0.00,0.00,3,88,82,29,12,9.5,258,259,18.4,29.9,1,3600.00,1015.4,1001.6
2023-09-01T19:00,19.5,0.00,75,15.0,20.2,0.00,0.00,0.00,3,82,59,52,28,6.7,254,254,18.0,20.2,1,1271.95,1015.9,1002.0
2023-09-01T20:00,18.5,0.00,80,15.0,19.4,0.00,0.00,0.00,2,70,55,28,8,5.1,247,231,15.6,14.0,0,0.00,1016.6,1002.7
2023-09-01T21:00,17.3,0.00,85,14.7,18.0,0.00,0.00,0.00,2,51,38,17,16,5.9,243,223,14.5,11.5,0,0.00,1016.9,1002.9
2023-09-01T22:00,16.4,0.00,89,14.5,16.9,0.00,0.00,0.00,1,39,24,5,18,6.5,248,214,12.8,10.8,0,0.00,1017.4,1003.4
2023-09-01T23:00,16.2,0.00,88,14.2,16.9,0.00,0.00,0.00,1,32,19,5,14,4.5,257,166,8.1,11.2,0,0.00,1017.8,1003.7
2023-09-02T00:00,15.4,0.00,91,14.0,16.1,0.00,0.00,0.00,1,31,26,6,6,4.3,247,132,2.7,7.6,0,0.00,1018.1,1004.0
2023-09-02T01:00,17.2,0.00,84,14.4,18.1,0.00,0.00,0.00,0,15,67,1,0,3.7,338,61,5.8,7.6,0,0.00,1018.2,1004.2
2023-09-02T02:00,16.2,0.00,87,14.1,17.1,0.00,0.00,0.00,1,35,35,0,0,3.3,354,77,3.6,6.1,0,0.00,1018.1,1004.0
2023-09-02T03:00,14.8,0.00,92,13.5,15.4,0.00,0.00,0.00,2,65,65,1,0,4.0,40,80,2.8,5.0,0,0.00,1018.3,1004.2
2023-09-02T04:00,14.1,0.00,94,13.2,14.4,0.00,0.00,0.00,3,88,88,4,0,4.3,14,66,4.5,6.1,0,0.00,1018.7,1004.5
2023-09-02T05:00,13.4,0.00,96,12.7,13.5,0.00,0.00,0.00,2,70,69,1,2,4.8,31,77,4.2,6.5,0,0.00,1019.0,1004.8
2023-09-02T06:00,13.4,0.00,96,12.7,13.5,0.00,0.00,0.00,2,61,61,0,0,4.7,81,86,4.7,7.6,1,0.00,1019.1,1004.9
2023-09-02T07:00,15.8,0.00,91,14.4,16.4,0.00,0.00,0.00,3,97,97,0,0,5.8,110,94,7.3,10.4,1,2791.04,1019.3,1005.2
2023-09-02T08:00,18.2,0.00,86,15.8,19.8,0.00,0.00,0.00,3,81,81,0,0,2.4,115,117,6.8,10.4,1,3600.00,1019.8,1005.8
2023-09-02T09:00,20.2,0.00,80,16.7,22.3,0.00,0.00,0.00,3,100,100,0,0,1.6,113,117,2.7,9.7,1,3600.00,1020.2,1006.3
2023-09-02T10:00,21.9,0.00,73,16.9,24.1,0.00,0.00,0.00,0,14,14,0,0,1.4,99,90,2.2,10.4,1,3600.00,1020.2,1006.4
2023-09-02T11:00,23.3,0.00,68,17.1,26.0,0.00,0.00,0.00,0,11,11,0,0,2.2,16,360,2.6,11.5,1,3600.00,1020.4,1006.6
2023-09-02T12:00,24.4,0.00,64,17.1,27.3,0.00,0.00,0.00,0,2,0,2,0,3.5,340,336,4.2,14.0,1,3600.00,1020.2,1006.5
2023-09-02T13:00,25.7,0.00,56,16.2,28.1,0.00,0.00,0.00,0,14,3,9,3,4.8,349,347,5.9,18.7,1,3600.00,1020.1,1006.4
2023-09-02T14:00,26.0,0.00,54,16.0,27.8,0.00,0.00,0.00,0,12,0,11,3,5.9,319,317,7.1,16.2,1,3600.00,1020.3,1006.7
2023-09-02T15:00,25.8,0.00,56,16.2,26.9,0.00,0.00,0.00,0,15,0,14,2,8.2,308,308,10.5,20.2,1,3600.00,1020.4,1006.7
2023-09-02T16:00,25.5,0.00,57,16.2,26.6,0.00,0.00,0.00,3,99,99,13,0,6.9,321,321,9.2,20.2,1,3600.00,1020.6,1006.9
2023-09-02T17:00,25.0,0.00,60,16.8,26.7,0.00,0.00,0.00,3,96,95,9,1,4.2,333,329,6.4,16.6,1,3600.00,1020.7,1007.0
2023-09-02T18:00,23.9,0.00,73,18.8,26.7,0.00,0.00,0.00,3,100,100,9,2,3.1,332,315,6.9,10.1,1,3600.00,1020.9,1007.2
2023-09-02T19:00,20.8,0.00,81,17.4,22.4,0.00,0.00,0.00,3,97,97,6,6,6.9,352,351,9.8,9.7,1,1401.59,1021.0,1007.1
2023-09-02T20:00,20.6,0.00,79,16.8,22.0,0.00,0.00,0.00,3,94,94,2,3,7.2,10,18,16.5,13.0,0,0.00,1022.0,1008.1
2023-09-02T21:00,19.5,0.00,84,16.7,20.8,0.00,0.00,0.00,0,14,13,1,2,7.1,22,30,16.3,14.0,0,0.00,1022.6,1008.6
2023-09-02T22:00,18.5,0.00,88,16.6,19.8,0.00,0.00,0.00,0,0,0,0,0,6.9,35,43,14.0,13.3,0,0.00,1022.8,1008.8
2023-09-02T23:00,17.9,0.00,90,16.3,19.1,0.00,0.00,0.00,0,0,0,0,0,6.4,46,52,14.5,12.6,0,0.00,1023.2,1009.1
2023-09-03T00:00,17.0,0.00,92,15.7,18.2,0.00,0.00,0.00,3,99,99,0,0,4.9,46,54,10.4,12.2,0,0.00,1023.3,1009.2
2023-09-03T01:00,16.3,0.00,95,15.5,17.6,0.00,0.00,0.00,3,100,100,1,2,4.1,68,75,5.8,9.0,0,0.00,1023.2,1009.1
2023-09-03T02:00,15.8,0.00,96,15.1,17.1,0.00,0.00,0.00,2,57,55,0,4,3.0,68,76,3.9,8.3,0,0.00,1023.4,1009.2
2023-09-03T03:00,15.2,0.00,96,14.6,16.3,0.00,0.00,0.00,3,98,98,0,0,2.6,45,74,2.5,6.1,0,0.00,1023.9,1009.7
2023-09-03T04:00,14.6,0.00,97,14.2,15.6,0.00,0.00,0.00,3,100,100,0,0,2.4,326,63,2.6,5.4,0,0.00,1024.0,1009.8
2023-09-03T05:00,14.8,0.00,96,14.2,15.4,0.00,0.00,0.00,3,100,100,0,0,5.1,353,45,8.4,7.6,0,0.00,1024.5,1010.3
2023-09-03T06:00,16.3,0.00,90,14.7,17.4,0.00,0.00,0.00,3,100,100,0,0,2.5,11,90,5.9,7.9,1,0.00,1024.7,1010.5
2023-09-03T07:00,16.6,0.00,91,15.2,18.2,0.00,0.00,0.00,3,100,100,0,0,0.5,27,135,2.4,4.3,1,0.00,1025.3,1011.2
2023-09-03T08:00,18.3,0.00,87,16.0,20.1,0.00,0.00,0.00,3,100,100,0,0,1.8,16,323,6.7,7.6,1,335.17,1026.0,1011.9
2023-09-03T09:00,20.4,0.00,81,17.0,22.4,0.00,0.00,0.00,3,100,100,1,0,3.2,352,333,5.1,11.2,1,3600.00,1026.7,1012.7
2023-09-03T10:00,22.5,0.00,75,17.8,24.6,0.00,0.00,0.00,3,100,100,0,0,4.9,354,343,6.9,15.5,1,3600.00,1027.0,1013.1
2023-09-03T11:00,23.8,0.00,66,17.1,25.8,0.00,0.00,0.00,3,100,100,0,0,4.3,7,355,5.8,15.1,1,3600.00,1026.7,1012.9
2023-09-03T12:00,24.6,0.00,59,16.1,26.1,0.00,0.00,0.00,3,100,100,0,0,5.4,3,356,6.8,16.2,1,3600.00,1026.5,1012.7
2023-09-03T13:00,24.9,0.00,61,16.9,26.6,0.00,0.00,0.00,3,100,100,0,1,8.0,354,350,10.1,16.9,1,3600.00,1026.7,1012.9
2023-09-03T14:00,24.9,0.00,57,15.9,26.3,0.00,0.00,0.00,3,100,100,0,0,8.0,356,352,10.5,21.6,1,3600.00,1026.8,1013.0
2023-09-03T15:00,25.1,0.00,54,15.3,26.1,0.00,0.00,0.00,3,100,100,0,0,7.4,349,346,9.5,20.2,1,3600.00,1026.6,1012.8
2023-09-03T16:00,24.8,0.00,55,15.1,25.3,0.00,0.00,0.00,3,100,100,0,1,8.5,353,348,11.3,19.8,1,3600.00,1026.5,1012.7
2023-09-03T17:00,24.1,0.00,59,15.5,24.6,0.00,0.00,0.00,3,100,100,0,1,9.0,4,360,14.4,20.5,1,3600.00,1026.5,1012.7
2023-09-03T18:00,22.6,0.00,66,16.0,23.5,0.00,0.00,0.00,3,100,100,0,0,8.0,16,10,17.2,20.5,1,3600.00,1026.6,1012.7
2023-09-03T19:00,20.4,0.00,72,15.2,21.0,0.00,0.00,0.00,3,100,100,0,0,7.9,35,30,18.9,17.3,1,954.34,1026.7,1012.7
2023-09-03T20:00,19.1,0.00,76,14.8,19.3,0.00,0.00,0.00,3,100,100,0,0,9.2,45,42,21.4,18.0,0,0.00,1027.1,1013.0
2023-09-03T21:00,18.4,0.00,79,14.6,18.6,0.00,0.00,0.00,3,100,100,0,0,8.9,51,47,21.8,18.4,0,0.00,1027.1,1013.0
2023-09-03T22:00,17.9,0.00,81,14.5,18.1,0.00,0.00,0.00,3,97,97,0,0,8.4,64,59,21.3,17.6,0,0.00,1027.1,1013.0
2023-09-03T23:00,17.7,0.00,76,13.5,17.4,0.00,0.00,0.00,3,98,98,0,0,9.4,76,72,23.7,18.7,0,0.00,1027.3,1013.2
2023-09-04T00:00,17.5,0.00,68,11.6,16.7,0.00,0.00,0.00,3,99,99,0,0,9.1,85,83,23.5,19.8,0,0.00,1027.5,1013.4
2023-09-04T01:00,16.3,0.00,76,12.0,15.8,0.00,0.00,0.00,3,100,100,0,0,7.6,86,82,18.8,18.4,0,0.00,1027.2,1013.0
2023-09-04T02:00,15.4,0.00,79,11.8,15.1,0.00,0.00,0.00,3,93,93,0,0,5.8,82,68,15.3,15.1,0,0.00,1027.1,1012.9
2023-09-04T03:00,14.4,0.00,84,11.8,14.2,0.00,0.00,0.00,3,99,99,0,0,5.1,87,82,13.3,10.8,0,0.00,1027.2,1012.9
2023-09-04T04:00,14.2,0.00,85,11.8,14.0,0.00,0.00,0.00,3,100,100,0,0,5.4,89,86,16.6,11.2,0,0.00,1027.0,1012.7
2023-09-04T05:00,14.6,0.00,83,11.7,13.9,0.00,0.00,0.00,3,87,87,0,0,8.3,89,85,22.0,16.2,0,0.00,1027.0,1012.7
2023-09-04T06:00,15.3,0.00,80,11.8,14.1,0.00,0.00,0.00,2,54,54,0,0,11.5,92,94,25.9,22.3,1,0.00,1026.7,1012.5
2023-09-04T07:00,16.6,0.00,75,12.2,15.3,0.00,0.00,0.00,3,99,99,0,0,13.8,97,97,28.0,27.4,1,2623.48,1026.7,1012.5
2023-09-04T08:00,18.1,0.00,72,13.1,17.2,0.00,0.00,0.00,3,98,98,0,0,12.6,96,95,26.8,28.8,1,3600.00,1026.4,1012.3
2023-09-04T09:00,19.9,0.00,67,13.5,19.0,0.00,0.00,0.00,1,36,36,0,0,13.8,98,97,21.8,31.0,1,3600.00,1026.3,1012.3
2023-09-04T10:00,21.9,0.00,58,13.1,20.7,0.00,0.00,0.00,3,87,87,0,0,14.9,99,98,22.3,32.8,1,3600.00,1026.1,1012.2
2023-09-04T11:00,23.3,0.00,50,12.2,22.1,0.00,0.00,0.00,3,99,99,0,0,16.0,100,99,23.4,34.9,1,3600.00,1025.8,1012.0
2023-09-04T12:00,24.5,0.00,46,12.0,23.7,0.00,0.00,0.00,2,79,79,0,0,15.0,99,100,21.9,34.9,1,3600.00,1025.0,1011.2
2023-09-04T13:00,26.3,0.00,38,10.7,25.3,0.00,0.00,0.00,3,84,85,0,0,14.9,99,98,20.8,33.5,1,3600.00,1024.8,1011.1
2023-09-04T14:00,26.4,0.00,37,10.4,25.1,0.00,0.00,0.00,2,56,56,0,0,15.0,100,100,22.3,33.1,1,3600.00,1024.2,1010.5
2023-09-04T15:00,26.7,0.00,37,10.9,25.2,0.00,0.00,0.00,2,74,74,0,0,14.3,101,100,22.0,32.8,1,3600.00,1023.4,1009.7
2023-09-04T16:00,26.6,0.00,39,11.5,25.3,0.00,0.00,0.00,0,0,0,0,0,12.3,98,97,20.7,31.3,1,3600.00,1023.0,1009.4
2023-09-04T17:00,26.0,0.00,45,13.1,25.5,0.00,0.00,0.00,0,0,0,0,0,10.4,93,92,20.9,27.7,1,3600.00,1022.5,1008.8
2023-09-04T18:00,24.5,0.00,51,13.8,24.4,0.00,0.00,0.00,0,0,0,0,0,9.4,94,90,22.4,23.0,1,3600.00,1022.2,1008.5
2023-09-04T19:00,23.0,0.00,52,12.7,22.2,0.00,0.00,0.00,0,0,0,0,0,11.2,94,86,26.3,22.7,1,1907.52,1022.1,1008.3
2023-09-04T20:00,22.5,0.00,51,12.0,20.7,0.00,0.00,0.00,0,0,0,0,0,16.3,99,96,32.4,32.0,0,0.00,1022.4,1008.6
2023-09-04T21:00,21.9,0.00,50,10.9,19.6,0.00,0.00,0.00,0,0,0,0,0,17.5,105,104,33.9,35.3,0,0.00,1022.3,1008.4
2023-09-04T22:00,20.9,0.00,53,10.9,18.6,0.00,0.00,0.00,0,0,0,0,0,17.6,107,105,34.2,35.6,0,0.00,1022.4,1008.5
2023-09-04T23:00,20.2,0.00,54,10.6,17.8,0.00,0.00,0.00,0,0,0,0,0,17.2,107,106,33.9,35.6,0,0.00,1022.6,1008.7
2023-09-05T00:00,19.6,0.00,55,10.4,17.3,0.00,0.00,0.00,0,0,0,0,0,16.1,107,106,32.3,34.9,0,0.00,1022.3,1008.3
2023-09-05T01:00,19.5,0.00,59,11.1,17.5,0.00,0.00,0.00,0,0,100,0,0,15.5,108,108,31.1,32.4,0,0.00,1022.1,1008.1
2023-09-05T02:00,18.6,0.00,63,11.5,17.1,0.00,0.00,0.00,3,100,100,0,0,13.6,105,102,28.7,31.3,0,0.00,1022.1,1008.1
2023-09-05T03:00,18.2,0.00,65,11.4,16.5,0.00,0.00,0.00,3,100,100,0,0,15.0,101,100,30.8,29.5,0,0.00,1022.1,1008.1
2023-09-05T04:00,18.1,0.00,63,11.0,15.9,0.00,0.00,0.00,3,100,100,0,0,16.9,102,102,33.5,33.8,0,0.00,1021.9,1007.9
2023-09-05T05:00,17.9,0.00,62,10.5,15.3,0.00,0.00,0.00,3,99,99,0,0,18.8,105,107,35.7,37.4,0,0.00,1021.7,1007.7
2023-09-05T06:00,17.5,0.00,64,10.6,14.9,0.00,0.00,0.00,0,19,19,0,0,19.0,108,109,35.9,37.8,1,0.00,1021.6,1007.5
2023-09-05T07:00,18.0,0.00,65,11.3,15.6,0.00,0.00,0.00,0,0,0,0,0,19.1,110,110,35.5,38.5,1,2539.40,1021.7,1007.7
2023-09-05T08:00,19.2,0.00,65,12.6,17.6,0.00,0.00,0.00,0,0,0,0,0,16.6,108,108,34.4,39.6,1,3600.00,1021.7,1007.7
2023-09-05T09:00,20.7,0.00,61,13.0,19.0,0.00,0.00,0.00,0,0,0,0,0,18.0,112,110,28.3,38.5,1,3600.00,1021.9,1008.0
2023-09-05T10:00,22.4,0.00,58,13.8,21.4,0.00,0.00,0.00,0,0,0,0,0,15.5,116,115,22.9,38.2,1,3600.00,1022.0,1008.2
2023-09-05T11:00,24.0,0.00,56,14.7,24.1,0.00,0.00,0.00,0,0,0,0,0,12.9,114,113,18.5,33.8,1,3600.00,1021.6,1007.9
2023-09-05T12:00,25.3,0.00,53,15.2,26.1,0.00,0.00,0.00,0,0,0,0,0,12.0,107,106,17.0,29.9,1,3600.00,1021.1,1007.4
2023-09-05T13:00,26.9,0.00,46,14.3,27.5,0.00,0.00,0.00,0,7,57,0,0,11.7,100,101,16.1,28.1,1,3600.00,1020.8,1007.2
2023-09-05T14:00,27.2,0.00,45,14.4,27.8,0.00,0.00,0.00,2,68,68,0,0,11.3,98,97,16.0,27.0,1,3600.00,1020.2,1006.6
2023-09-05T15:00,27.6,0.00,44,14.4,27.8,0.00,0.00,0.00,1,22,22,0,0,10.8,93,94,15.9,25.9,1,3600.00,1019.6,1006.0
2023-09-05T16:00,27.6,0.00,44,14.4,27.6,0.00,0.00,0.00,0,12,12,0,0,10.1,91,92,16.2,24.8,1,3600.00,1019.1,1005.5
2023-09-05T17:00,26.9,0.00,49,15.2,27.4,0.00,0.00,0.00,0,13,13,0,0,8.3,94,95,17.3,23.0,1,3600.00,1018.8,1005.2
2023-09-05T18:00,25.0,0.00,56,15.5,25.7,0.00,0.00,0.00,0,1,1,0,0,8.3,91,88,19.4,18.7,1,3600.00,1019.1,1005.4
2023-09-05T19:00,22.6,0.00,61,14.6,22.8,0.00,0.00,0.00,0,0,0,0,0,8.6,94,88,22.4,18.0,1,1782.12,1019.5,1005.7
2023-09-05T20:00,21.3,0.00,62,13.8,21.1,0.00,0.00,0.00,0,0,0,0,0,9.7,103,94,24.8,19.8,0,0.00,1020.3,1006.4
2023-09-05T21:00,20.7,0.00,59,12.5,19.7,0.00,0.00,0.00,0,0,0,0,0,12.3,104,97,28.6,24.8,0,0.00,1020.3,1006.4
2023-09-05T22:00,20.0,0.00,60,11.9,18.9,0.00,0.00,0.00,0,0,0,0,0,12.0,105,99,27.9,25.2,0,0.00,1020.5,1006.6
2023-09-05T23:00,19.0,0.00,62,11.5,18.0,0.00,0.00,0.00,0,0,0,0,0,10.5,101,94,25.7,24.1,0,0.00,1020.6,1006.6
2023-09-06T00:00,18.4,0.00,63,11.2,17.1,0.00,0.00,0.00,0,0,0,0,0,11.6,100,95,27.0,22.7,0,0.00,1020.5,1006.5
2023-09-06T01:00,18.2,0.00,62,10.7,16.7,0.00,0.00,0.00,0,0,0,0,0,11.7,102,99,26.8,23.4,0,0.00,1020.5,1006.5
2023-09-06T02:00,17.2,0.00,66,10.7,15.8,0.00,0.00,0.00,0,5,5,0,0,11.4,104,103,26.7,23.0,0,0.00,1020.5,1006.4
2023-09-06T03:00,16.6,0.00,68,10.8,15.2,0.00,0.00,0.00,0,9,9,0,0,11.1,105,103,25.7,22.7,0,0.00,1020.4,1006.3
2023-09-06T04:00,16.1,0.00,70,10.7,14.7,0.00,0.00,0.00,0,0,0,0,0,11.3,103,99,25.5,22.0,0,0.00,1020.3,1006.2
2023-09-06T05:00,15.6,0.00,72,10.6,14.3,0.00,0.00,0.00,3,94,94,0,0,10.1,100,94,23.7,22.0,0,0.00,1020.4,1006.3
2023-09-06T06:00,14.5,0.00,78,10.8,13.5,0.00,0.00,0.00,3,88,88,0,0,8.3,94,88,20.6,20.2,1,0.00,1020.7,1006.5
2023-09-06T07:00,15.5,0.00,79,11.9,15.0,0.00,0.00,0.00,2,52,52,0,0,7.6,91,82,16.6,16.2,1,2455.14,1021.0,1006.9
2023-09-06T08:00,18.3,0.00,73,13.4,18.5,0.00,0.00,0.00,0,1,1,0,0,6.0,83,65,14.5,15.5,1,3600.00,1021.5,1007.5
2023-09-06T09:00,20.5,0.00,64,13.5,20.4,0.00,0.00,0.00,0,0,0,0,0,8.2,78,75,12.1,19.4,1,3600.00,1021.5,1007.6
2023-09-06T10:00,22.4,0.00,59,13.9,22.2,0.00,0.00,0.00,0,0,0,0,0,9.4,85,83,13.4,22.7,1,3600.00,1021.6,1007.8
2023-09-06T11:00,24.1,0.00,53,13.9,24.4,0.00,0.00,0.00,0,0,0,0,0,10.1,90,90,14.4,24.5,1,3600.00,1021.3,1007.6
2023-09-06T12:00,25.7,0.00,49,14.0,26.3,0.00,0.00,0.00,0,0,0,0,0,10.5,96,96,14.8,25.2,1,3600.00,1020.8,1007.1
2023-09-06T13:00,27.8,0.00,43,14.2,28.5,0.00,0.00,0.00,0,0,0,0,0,11.2,90,90,15.1,25.2,1,3600.00,1020.3,1006.7
2023-09-06T14:00,27.9,0.00,44,14.4,28.6,0.00,0.00,0.00,0,0,0,0,0,10.4,87,88,14.8,25.6,1,3600.00,1019.7,1006.2
2023-09-06T15:00,28.1,0.00,45,14.9,28.6,0.00,0.00,0.00,0,0,0,0,0,10.5,85,84,15.2,24.8,1,3600.00,1019.2,1005.7
2023-09-06T16:00,28.0,0.00,46,15.2,28.4,0.00,0.00,0.00,0,0,0,0,0,9.1,82,81,14.9,23.8,1,3600.00,1018.8,1005.3
2023-09-06T17:00,27.3,0.00,50,15.8,28.1,0.00,0.00,0.00,0,0,0,0,0,7.5,77,73,15.9,21.2,1,3600.00,1018.7,1005.1
2023-09-06T18:00,25.2,0.00,56,15.9,26.2,0.00,0.00,0.00,0,0,0,0,0,6.9,72,62,17.8,16.9,1,3600.00,1018.8,1005.1
2023-09-06T19:00,23.1,0.00,54,13.3,22.8,0.00,0.00,0.00,0,0,0,0,0,9.5,75,65,24.2,18.7,0,1645.41,1018.8,1005.0
2023-09-06T20:00,22.6,0.00,53,12.4,21.7,0.00,0.00,0.00,0,0,0,0,0,11.3,87,81,27.8,22.7,0,0.00,1019.4,1005.6
2023-09-06T21:00,21.9,0.00,55,12.5,21.2,0.00,0.00,0.00,0,0,0,0,0,10.4,94,90,26.7,22.7,0,0.00,1019.4,1005.6
2023-09-06T22:00,21.0,0.00,59,12.6,20.4,0.00,0.00,0.00,0,0,0,0,0,9.8,99,96,24.8,21.2,0,0.00,1019.6,1005.7
2023-09-06T23:00,19.9,0.00,63,12.7,19.3,0.00,0.00,0.00,0,0,0,0,0,9.4,97,92,23.9,19.8,0,0.00,1019.8,1005.9
2023-09-07T00:00,19.1,0.00,66,12.7,18.5,0.00,0.00,0.00,0,0,0,0,0,9.4,95,94,23.9,19.1,0,0.00,1020.0,1006.0
2023-09-07T01:00,18.8,0.00,67,12.5,18.2,0.00,0.00,0.00,0,0,0,0,0,9.0,95,95,22.8,19.1,0,0.00,1020.0,1006.0
2023-09-07T02:00,17.8,0.00,71,12.5,17.1,0.00,0.00,0.00,0,0,0,0,0,10.2,98,98,24.7,19.8,0,0.00,1020.0,1006.0
2023-09-07T03:00,17.6,0.00,73,12.6,17.0,0.00,0.00,0.00,0,0,0,0,0,10.1,96,92,24.6,20.5,0,0.00,1019.7,1005.7
2023-09-07T04:00,17.0,0.00,76,12.8,16.4,0.00,0.00,0.00,0,0,0,0,0,10.1,98,94,24.7,20.2,0,0.00,1019.7,1005.6
2023-09-07T05:00,16.8,0.00,78,12.9,16.2,0.00,0.00,0.00,0,0,0,0,0,9.7,98,92,24.4,20.2,0,0.00,1019.8,1005.7
2023-09-07T06:00,16.4,0.00,80,12.9,16.0,0.00,0.00,0.00,0,0,0,0,0,9.4,96,88,23.5,19.8,1,0.00,1019.8,1005.7
2023-09-07T07:00,17.5,0.00,78,13.6,17.3,0.00,0.00,0.00,0,0,0,0,0,9.0,94,85,21.3,18.7,1,2370.70,1020.2,1006.2
2023-09-07T08:00,19.8,0.00,72,14.6,20.2,0.00,0.00,0.00,0,0,0,0,0,7.3,91,79,18.4,18.4,1,3600.00,1020.4,1006.5
2023-09-07T09:00,21.7,0.00,64,14.7,22.0,0.00,0.00,0.00,0,0,0,0,0,8.3,93,92,12.6,20.2,1,3600.00,1020.4,1006.6
2023-09-07T10:00,23.4,0.00,57,14.5,23.5,0.00,0.00,0.00,0,0,0,0,0,9.7,96,94,14.5,23.8,1,3600.00,1020.3,1006.5
2023-09-07T11:00,25.1,0.00,51,14.4,25.3,0.00,0.00,0.00,0,0,0,0,0,11.2,94,94,15.9,26.3,1,3600.00,1019.9,1006.2
2023-09-07T12:00,26.5,0.00,48,14.6,27.1,0.00,0.00,0.00,0,0,0,0,0,11.6,96,97,16.3,27.0,1,3600.00,1019.3,1005.7
2023-09-07T13:00,28.3,0.00,44,14.8,29.5,0.00,0.00,0.00,0,0,0,0,0,9.5,98,101,12.7,27.4,1,3600.00,1018.9,1005.4
2023-09-07T14:00,28.6,0.00,44,15.2,29.8,0.00,0.00,0.00,0,0,0,0,0,9.5,96,99,13.0,22.7,1,3600.00,1018.5,1005.0
2023-09-07T15:00,29.0,0.00,44,15.6,29.7,0.00,0.00,0.00,0,0,0,0,0,9.7,94,94,14.1,22.3,1,3600.00,1018.0,1004.5
2023-09-07T16:00,28.8,0.00,45,15.6,29.4,0.00,0.00,0.00,0,0,0,0,0,9.0,94,95,15.2,22.0,1,3600.00,1017.8,1004.3
2023-09-07T17:00,28.0,0.00,49,16.4,29.2,0.00,0.00,0.00,0,0,0,0,0,6.8,96,93,15.9,21.2,1,3600.00,1017.7,1004.2
2023-09-07T18:00,25.8,0.00,58,17.0,27.3,0.00,0.00,0.00,0,0,0,0,0,6.1,94,87,16.6,16.2,1,3600.00,1017.8,1004.2
2023-09-07T19:00,23.0,0.00,62,15.3,23.7,0.00,0.00,0.00,0,0,0,0,0,7.3,92,79,19.5,14.8,0,1347.19,1018.1,1004.4
2023-09-07T20:00,21.7,0.00,65,14.8,22.0,0.00,0.00,0.00,0,0,0,0,0,8.6,98,88,22.9,17.6,0,0.00,1018.4,1004.6
2023-09-07T21:00,21.1,0.00,64,14.1,21.0,0.00,0.00,0.00,0,0,0,0,0,10.1,105,96,25.0,20.2,0,0.00,1018.4,1004.6
2023-09-07T22:00,20.5,0.00,64,13.5,20.0,0.00,0.00,0.00,0,0,0,0,0,10.9,105,96,25.8,21.6,0,0.00,1018.6,1004.7
2023-09-07T23:00,19.7,0.00,66,13.1,19.1,0.00,0.00,0.00,0,0,0,0,0,11.3,106,97,25.4,22.0,0,0.00,1018.5,1004.6
2023-09-08T00:00,19.3,0.00,67,13.0,18.4,0.00,0.00,0.00,0,0,0,0,0,12.4,105,98,27.2,23.8,0,0.00,1018.5,1004.6
2023-09-08T01:00,19.0,0.00,67,12.6,18.2,0.00,0.00,0.00,0,0,0,0,0,11.2,111,105,25.4,24.5,0,0.00,1018.6,1004.7
2023-09-08T02:00,17.6,0.00,75,13.0,16.9,0.00,0.00,0.00,0,0,0,0,0,10.9,107,99,25.3,22.0,0,0.00,1018.6,1004.6
2023-09-08T03:00,17.0,0.00,79,13.3,16.5,0.00,0.00,0.00,0,0,0,0,0,10.9,104,96,24.9,21.6,0,0.00,1018.5,1004.5
2023-09-08T04:00,16.3,0.00,83,13.4,16.0,0.00,0.00,0.00,0,0,0,0,0,9.7,101,92,22.4,21.2,0,0.00,1018.5,1004.4
2023-09-08T05:00,15.5,0.00,87,13.3,15.4,0.00,0.00,0.00,0,0,0,0,0,7.9,99,87,19.3,18.7,0,0.00,1018.4,1004.3
2023-09-08T06:00,14.8,0.00,90,13.1,14.9,0.00,0.00,0.00,0,0,0,0,0,6.5,99,90,16.8,15.5,1,0.00,1018.6,1004.5
2023-09-08T07:00,16.3,0.00,85,13.7,16.3,0.00,0.00,0.00,0,0,0,0,0,7.9,98,93,16.0,15.1,1,2286.10,1019.2,1005.1
2023-09-08T08:00,19.1,0.00,76,14.8,20.0,0.00,0.00,0.00,0,0,0,0,0,5.2,91,78,15.8,15.8,1,3600.00,1019.0,1005.1
2023-09-08T09:00,21.6,0.00,68,15.3,22.7,0.00,0.00,0.00,0,0,0,0,0,4.7,90,90,7.6,13.7,1,3600.00,1019.1,1005.3
2023-09-08T10:00,23.5,0.00,62,15.7,24.7,0.00,0.00,0.00,0,0,0,0,0,4.9,103,107,6.6,14.8,1,3600.00,1019.0,1005.3
2023-09-08T11:00,25.1,0.00,57,15.9,27.0,0.00,0.00,0.00,0,0,0,0,0,3.9,110,112,5.4,14.8,1,3600.00,1018.7,1005.0
2023-09-08T12:00,26.4,0.00,53,16.2,29.0,0.00,0.00,0.00,0,0,0,0,0,3.1,105,111,4.1,14.0,1,3600.00,1018.4,1004.8
2023-09-08T13:00,28.0,0.00,46,15.3,30.5,0.00,0.00,0.00,0,0,0,0,0,2.5,96,98,3.6,12.2,1,3600.00,1018.1,1004.6
2023-09-08T14:00,28.6,0.00,45,15.6,30.9,0.00,0.00,0.00,0,0,0,0,0,3.0,105,104,4.1,11.5,1,3600.00,1017.8,1004.3
2023-09-08T15:00,28.9,0.00,44,15.5,30.6,0.00,0.00,0.00,0,0,0,0,0,3.1,105,111,4.1,11.5,1,3600.00,1017.3,1003.8
2023-09-08T16:00,28.9,0.00,45,15.7,30.3,0.00,0.00,0.00,0,0,0,0,0,3.1,114,126,4.3,10.4,1,3600.00,1017.0,1003.5
2023-09-08T17:00,28.3,0.00,51,17.1,30.4,0.00,0.00,0.00,0,0,0,0,0,2.9,138,150,4.8,9.0,1,3600.00,1016.9,1003.4
2023-09-08T18:00,26.1,0.00,65,18.9,28.8,0.00,0.00,0.00,0,0,0,0,0,4.0,175,180,8.7,8.6,1,3600.00,1016.9,1003.3
2023-09-08T19:00,24.0,0.00,62,16.3,25.1,0.00,0.00,0.00,0,0,0,0,0,7.5,189,163,9.1,11.2,0,1068.65,1017.1,1003.4
2023-09-08T20:00,21.7,0.00,70,15.9,23.2,0.00,0.00,0.00,0,0,0,0,0,3.1,180,69,1.8,10.1,0,0.00,1017.4,1003.6
2023-09-08T21:00,20.4,0.00,77,16.2,21.8,0.00,0.00,0.00,0,0,0,0,0,5.0,54,69,6.7,10.1,0,0.00,1017.3,1003.4
2023-09-08T22:00,18.5,0.00,86,16.1,19.7,0.00,0.00,0.00,0,0,0,0,0,6.2,84,83,9.8,12.6,0,0.00,1017.5,1003.6
2023-09-08T23:00,17.1,0.00,91,15.7,18.0,0.00,0.00,0.00,0,0,0,0,0,6.8,97,87,12.0,13.7,0,0.00,1017.3,1003.3
2023-09-09T00:00,16.4,0.00,92,15.2,17.3,0.00,0.00,0.00,0,0,0,0,0,6.1,95,87,11.9,13.7,0,0.00,1017.3,1003.3
2023-09-09T01:00,16.5,0.00,89,14.7,17.3,0.00,0.00,0.00,0,0,0,0,0,5.4,97,90,12.0,12.2,0,0.00,1017.2,1003.2
2023-09-09T02:00,15.5,0.00,93,14.4,16.3,0.00,0.00,0.00,0,0,0,0,0,4.7,94,86,9.7,10.4,0,0.00,1017.0,1002.9
2023-09-09T03:00,15.0,0.00,95,14.2,15.8,0.00,0.00,0.00,0,0,0,0,0,3.6,87,84,6.5,9.7,0,0.00,1017.1,1003.0
2023-09-09T04:00,15.0,0.00,94,14.0,15.8,0.00,0.00,0.00,0,0,0,0,0,3.3,65,77,6.0,7.9,0,0.00,1017.1,1003.0
2023-09-09T05:00,14.6,0.00,94,13.6,15.2,0.00,0.00,0.00,0,0,0,0,0,3.3,39,77,5.1,7.2,0,0.00,1017.2,1003.1
2023-09-09T06:00,14.2,0.00,95,13.4,14.7,0.00,0.00,0.00,0,0,0,0,0,4.0,27,85,4.0,6.5,1,0.00,1017.4,1003.2
2023-09-09T07:00,16.8,0.00,87,14.7,17.9,0.00,0.00,0.00,0,0,0,0,0,2.9,34,97,2.6,6.1,1,2201.34,1017.6,1003.6
2023-09-09T08:00,19.9,0.00,80,16.4,22.0,0.00,0.00,0.00,0,0,0,0,0,1.1,90,180,1.4,7.2,1,3600.00,1017.8,1003.9
2023-09-09T09:00,22.0,0.00,74,17.0,24.3,0.00,0.00,0.00,0,0,0,0,0,1.3,214,236,1.3,9.4,1,3600.00,1018.0,1004.2
2023-09-09T10:00,23.9,0.00,68,17.7,26.4,0.00,0.00,0.00,0,0,0,0,0,1.8,252,259,2.3,11.2,1,3600.00,1018.1,1004.4
2023-09-09T11:00,25.5,0.00,64,18.2,28.5,0.00,0.00,0.00,0,0,0,0,0,2.9,276,277,3.6,13.3,1,3600.00,1018.1,1004.5
2023-09-09T12:00,26.9,0.00,58,18.0,30.1,0.00,0.00,0.00,0,0,0,0,0,3.4,292,288,3.9,13.7,1,3600.00,1018.0,1004.4
2023-09-09T13:00,28.5,0.00,47,16.3,31.1,0.00,0.00,0.00,0,0,0,0,0,3.9,309,304,4.6,13.7,1,3600.00,1017.5,1004.0
2023-09-09T14:00,28.9,0.00,43,15.1,30.6,0.00,0.00,0.00,0,0,0,0,0,4.9,308,306,5.9,14.8,1,3600.00,1017.4,1003.9
2023-09-09T15:00,29.0,0.00,41,14.4,30.0,0.00,0.00,0.00,0,0,0,0,0,5.1,322,321,6.4,14.8,1,3600.00,1017.1,1003.6
2023-09-09T16:00,28.9,0.00,41,14.3,29.7,0.00,0.00,0.00,0,0,0,0,0,4.2,343,340,6.0,14.0,1,3600.00,1016.8,1003.3
2023-09-09T17:00,28.1,0.00,47,15.8,29.5,0.00,0.00,0.00,0,0,0,0,0,3.6,360,354,7.6,11.2,1,3600.00,1016.7,1003.2
2023-09-09T18:00,25.5,0.00,55,15.7,26.5,0.00,0.00,0.00,0,0,0,0,0,5.8,6,4,14.1,10.4,1,3600.00,1016.9,1003.3
2023-09-09T19:00,22.9,0.00,54,13.1,22.9,0.00,0.00,0.00,0,0,0,0,0,6.9,10,28,14.6,12.6,0,915.06,1017.2,1003.5
2023-09-09T20:00,21.9,0.00,58,13.4,21.9,0.00,0.00,0.00,0,0,0,0,0,7.5,27,55,14.2,14.0,0,0.00,1017.6,1003.8
2023-09-09T21:00,20.8,0.00,68,14.8,21.2,0.00,0.00,0.00,0,0,0,0,0,8.2,54,67,18.3,15.5,0,0.00,1017.9,1004.1
2023-09-09T22:00,20.3,0.00,72,15.0,20.7,0.00,0.00,0.00,0,0,0,0,0,8.9,63,76,18.5,16.6,0,0.00,1017.9,1004.0
2023-09-09T23:00,19.1,0.00,76,14.7,19.7,0.00,0.00,0.00,0,0,0,0,0,6.5,76,87,14.5,16.2,0,0.00,1017.8,1003.9
2023-09-10T00:00,17.7,0.00,82,14.6,18.5,0.00,0.00,0.00,0,0,0,0,0,4.7,92,90,10.8,12.2,0,0.00,1018.2,1004.2
2023-09-10T01:00,16.6,0.00,90,15.0,17.9,0.00,0.00,0.00,0,0,0,0,0,2.1,45,59,2.5,9.0,0,0.00,1018.2,1004.1
2023-09-10T02:00,16.4,0.00,89,14.6,17.4,0.00,0.00,0.00,0,0,0,0,0,3.6,353,53,5.8,7.6,0,0.00,1018.2,1004.1
2023-09-10T03:00,16.1,0.00,89,14.3,17.0,0.00,0.00,0.00,0,0,0,0,0,3.4,360,72,6.1,7.9,0,0.00,1018.0,1003.9
2023-09-10T04:00,15.2,0.00,91,13.8,16.0,0.00,0.00,0.00,0,0,0,0,0,3.3,356,77,4.7,7.2,0,0.00,1018.0,1003.9
2023-09-10T05:00,15.3,0.00,89,13.5,16.0,0.00,0.00,0.00,0,0,0,0,0,2.9,342,83,3.4,5.8,0,0.00,1018.1,1004.0
2023-09-10T06:00,15.2,0.00,88,13.1,15.7,0.00,0.00,0.00,0,0,0,0,0,2.9,360,90,2.9,4.7,1,0.00,1018.3,1004.2
2023-09-10T07:00,17.2,0.00,83,14.2,18.2,0.00,0.00,0.00,0,0,0,0,0,2.5,59,98,2.1,5.0,1,2116.45,1018.4,1004.4
2023-09-10T08:00,20.1,0.00,78,16.2,22.1,0.00,0.00,0.00,0,0,0,0,0,0.7,79,180,1.8,7.2,1,3600.00,1018.6,1004.7
2023-09-10T09:00,22.5,0.00,68,16.4,24.4,0.00,0.00,0.00,0,0,0,0,0,2.2,259,261,1.8,9.7,1,3600.00,1018.8,1005.0
2023-09-10T10:00,24.6,0.00,62,16.7,26.6,0.00,0.00,0.00,0,0,0,0,0,2.2,270,270,2.5,11.2,1,3600.00,1019.0,1005.3
2023-09-10T11:00,26.4,0.00,58,17.3,29.0,0.00,0.00,0.00,0,0,0,0,0,2.5,293,278,2.7,11.9,1,3600.00,1018.6,1005.0
2023-09-10T12:00,27.7,0.00,54,17.6,30.9,0.00,0.00,0.00,0,0,0,0,0,2.5,328,315,3.4,12.2,1,3600.00,1018.2,1004.7
2023-09-10T13:00,29.0,0.00,49,17.1,32.0,0.00,0.00,0.00,0,0,0,0,0,3.1,319,306,3.3,12.2,1,3600.00,1017.8,1004.3
2023-09-10T14:00,29.3,0.00,48,17.1,32.1,0.00,0.00,0.00,0,0,0,0,0,3.1,299,291,3.7,12.2,1,3600.00,1017.4,1003.9
2023-09-10T15:00,29.5,0.00,47,16.9,31.6,0.00,0.00,0.00,0,0,0,0,0,3.3,292,283,3.9,12.2,1,3600.00,1017.0,1003.6
2023-09-10T16:00,29.4,0.00,47,16.9,31.4,0.00,0.00,0.00,0,2,0,0,2,3.0,288,284,3.4,11.2,1,3600.00,1016.6,1003.2
2023-09-10T17:00,28.9,0.00,53,18.4,31.6,0.00,0.00,0.00,0,1,0,0,1,2.4,307,297,3.6,9.0,1,3600.00,1016.2,1002.7
2023-09-10T18:00,26.7,0.00,65,19.5,29.7,0.00,0.00,0.00,0,0,0,0,0,4.1,317,308,8.4,8.6,1,3600.00,1016.4,1002.8
2023-09-10T19:00,23.2,0.00,69,17.3,24.9,0.00,0.00,0.00,0,0,0,0,0,6.5,358,6,11.9,11.2,0,577.70,1016.5,1002.8
2023-09-10T20:00,22.0,0.00,73,16.9,23.5,0.00,0.00,0.00,0,0,0,0,0,6.2,47,54,13.8,12.2,0,0.00,1016.6,1002.8
2023-09-10T21:00,20.3,0.00,79,16.6,21.5,0.00,0.00,0.00,0,0,0,0,0,7.2,80,72,14.3,13.7,0,0.00,1016.9,1003.0
2023-09-10T22:00,18.8,0.00,83,15.9,19.9,0.00,0.00,0.00,0,0,0,0,0,6.6,93,81,13.0,14.0,0,0.00,1016.9,1003.0
2023-09-10T23:00,17.6,0.00,87,15.5,18.5,0.00,0.00,0.00,0,0,0,0,0,6.1,108,93,10.6,13.0,0,0.00,1016.8,1002.8
2023-09-11T00:00,17.3,0.00,86,15.0,17.9,0.00,0.00,0.00,0,0,0,0,0,7.0,121,102,13.4,13.3,0,0.00,1016.6,1002.6
2023-09-11T01:00,17.1,0.00,83,14.2,17.6,0.00,0.00,0.00,0,0,0,0,0,6.1,110,93,13.8,13.3,0,0.00,1016.1,1002.1
2023-09-11T02:00,16.2,0.00,85,13.7,16.6,0.00,0.00,0.00,0,0,0,0,0,5.4,108,82,11.7,11.9,0,0.00,1015.8,1001.8
2023-09-11T03:00,15.7,0.00,85,13.2,16.1,0.00,0.00,0.00,0,0,0,0,0,4.1,85,75,7.6,10.4,0,0.00,1015.6,1001.5
2023-09-11T04:00,15.2,0.00,86,12.8,15.5,0.00,0.00,0.00,0,0,0,0,0,4.1,65,75,6.0,8.3,0,0.00,1015.6,1001.5
2023-09-11T05:00,14.9,0.00,86,12.6,14.8,0.00,0.00,0.00,0,0,0,0,0,5.8,97,97,5.8,8.3,0,0.00,1015.4,1001.3
2023-09-11T06:00,15.1,0.00,84,12.5,14.9,0.00,0.00,0.00,0,0,0,0,0,6.6,115,99,6.8,9.4,1,0.00,1015.4,1001.3
2023-09-11T07:00,17.4,0.00,79,13.7,17.9,0.00,0.00,0.00,0,0,0,0,0,4.7,99,94,8.8,9.0,1,2031.40,1015.5,1001.5
2023-09-11T08:00,20.1,0.00,74,15.3,21.2,0.00,0.00,0.00,0,0,0,0,0,4.2,104,110,8.9,10.4,1,3600.00,1015.5,1001.7
2023-09-11T09:00,22.5,0.00,68,16.4,24.3,0.00,0.00,0.00,3,100,100,0,0,3.1,124,135,5.2,10.8,1,3600.00,1015.6,1001.9
2023-09-11T10:00,24.5,0.00,65,17.4,26.7,0.00,0.00,0.00,2,50,50,0,0,3.1,135,144,4.6,11.9,1,3600.00,1015.6,1002.0
2023-09-11T11:00,26.4,0.00,58,17.6,29.0,0.00,0.00,0.00,1,31,31,0,0,3.0,153,166,4.0,12.6,1,3600.00,1015.3,1001.7
2023-09-11T12:00,27.8,0.00,51,16.7,30.5,0.00,0.00,0.00,0,17,17,0,0,2.6,180,196,3.2,12.6,1,3600.00,1014.6,1001.1
2023-09-11T13:00,29.0,0.00,41,14.5,31.2,0.00,0.00,0.00,0,8,1,0,0,1.3,225,236,1.5,11.9,1,3600.00,1014.2,1000.8
2023-09-11T14:00,29.5,0.00,40,14.4,31.3,0.00,0.00,0.00,1,30,30,0,0,2.2,270,270,2.2,10.1,1,3600.00,1013.9,1000.5
2023-09-11T15:00,29.6,0.00,39,14.3,30.7,0.00,0.00,0.00,1,20,20,0,0,3.0,283,284,3.3,10.4,1,3600.00,1013.4,1000.0
2023-09-11T16:00,29.6,0.00,40,14.4,30.6,0.00,0.00,0.00,2,54,54,0,0,2.6,297,304,3.2,10.1,1,3600.00,1012.9,999.5
2023-09-11T17:00,29.6,0.00,38,13.7,30.4,0.00,0.00,0.00,2,75,75,0,0,2.5,360,352,2.9,7.9,1,3600.00,1012.6,999.2
2023-09-11T18:00,26.2,0.00,64,18.9,28.9,0.00,0.00,0.00,3,99,99,0,0,4.4,7,9,6.2,7.9,1,3600.00,1012.5,999.0
2023-09-11T19:00,22.9,0.00,63,15.6,23.8,0.00,0.00,0.00,3,88,88,2,0,6.4,21,38,8.1,10.1,0,281.31,1012.8,999.1
2023-09-11T20:00,22.5,0.00,62,14.9,23.3,0.00,0.00,0.00,3,99,99,2,0,5.2,42,65,9.7,9.7,0,0.00,1012.7,999.0
2023-09-11T21:00,21.1,0.00,69,15.2,22.0,0.00,0.00,0.00,2,75,75,1,0,5.5,72,79,10.6,11.2,0,0.00,1012.7,998.9
2023-09-11T22:00,19.5,0.00,79,15.7,20.5,0.00,0.00,0.00,0,1,1,0,0,6.5,98,84,10.5,12.6,0,0.00,1012.7,998.9
2023-09-11T23:00,18.7,0.00,84,15.9,19.5,0.00,0.00,0.00,0,0,0,0,0,7.9,108,93,14.0,14.8,0,0.00,1012.9,999.0
2023-09-12T00:00,18.6,0.00,82,15.5,19.3,0.00,0.00,0.00,0,1,1,0,0,7.6,110,98,17.7,15.1,0,0.00,1012.6,998.7
2023-09-12T01:00,19.7,0.00,73,14.7,19.7,0.00,0.00,0.00,1,36,66,0,0,11.1,115,103,23.8,14.8,0,0.00,1012.5,998.7
2023-09-12T02:00,18.8,0.00,74,14.1,18.7,0.00,0.00,0.00,0,6,6,0,0,10.1,114,96,22.1,21.6,0,0.00,1011.9,998.0
2023-09-12T03:00,18.1,0.00,75,13.7,17.8,0.00,0.00,0.00,1,24,24,0,0,10.2,113,98,20.8,19.4,0,0.00,1011.8,997.9
2023-09-12T04:00,17.7,0.00,76,13.5,17.4,0.00,0.00,0.00,3,99,99,7,0,9.5,113,101,20.3,19.1,0,0.00,1011.9,998.0
2023-09-12T05:00,16.7,0.00,82,13.5,17.0,0.00,0.00,0.00,2,76,58,47,0,5.2,114,102,14.2,17.6,0,0.00,1011.9,997.9
2023-09-12T06:00,16.1,0.00,87,13.9,16.7,0.00,0.00,0.00,1,33,23,13,0,4.3,35,42,4.4,9.4,1,0.00,1012.4,998.4
2023-09-12T07:00,18.1,0.00,78,14.2,18.3,0.00,0.00,0.00,1,49,49,0,0,7.8,121,112,13.9,14.4,1,1080.68,1012.4,998.5
2023-09-12T08:00,20.4,0.00,73,15.5,21.3,0.00,0.00,0.00,2,56,56,0,0,6.8,134,122,15.0,15.5,1,3600.00,1012.5,998.7
2023-09-12T09:00,22.8,0.00,68,16.6,24.2,0.00,0.00,0.00,3,80,80,0,0,6.3,151,149,9.5,16.2,1,3600.00,1012.9,999.2
2023-09-12T10:00,24.7,0.00,65,17.7,26.5,0.00,0.00,0.00,3,80,80,0,0,6.5,185,183,9.0,18.0,1,3600.00,1013.0,999.4
2023-09-12T11:00,26.2,0.00,61,18.1,28.2,0.00,0.00,0.00,3,99,99,0,0,7.6,212,211,10.2,20.2,1,3600.00,1012.9,999.4
2023-09-12T12:00,27.6,0.00,56,17.9,29.7,0.00,0.00,0.00,3,100,100,0,0,8.1,213,212,11.2,21.6,1,3600.00,1012.3,998.8
2023-09-12T13:00,28.8,0.00,51,17.8,31.3,0.00,0.00,0.00,3,100,100,0,0,4.0,207,207,4.8,20.9,1,3600.00,1011.7,998.3
2023-09-12T14:00,29.0,0.00,49,17.1,30.9,0.00,0.00,0.00,1,47,34,19,0,4.2,214,211,5.2,12.6,1,3600.00,1011.3,997.9
2023-09-12T15:00,29.4,0.00,45,16.2,30.7,0.00,0.00,0.00,2,57,48,22,0,5.8,242,248,7.7,15.1,1,3600.00,1011.3,997.9
2023-09-12T16:00,28.2,0.00,52,17.5,29.9,0.00,0.00,0.00,0,6,1,5,0,6.2,325,324,8.8,16.9,1,3600.00,1010.7,997.3
2023-09-12T17:00,27.8,0.00,60,19.3,30.9,0.00,0.00,0.00,0,17,17,0,0,2.8,329,320,4.2,14.4,1,3600.00,1010.4,997.0
2023-09-12T18:00,25.9,0.00,77,21.6,30.1,0.00,0.00,0.00,2,64,56,20,0,3.2,297,297,1.6,7.6,1,3600.00,1010.8,997.3
2023-09-12T19:00,23.8,0.00,77,19.5,26.6,0.00,0.00,0.00,0,4,0,3,0,5.5,246,293,7.1,7.9,0,29.72,1010.9,997.3
2023-09-12T20:00,22.5,0.00,77,18.3,23.7,0.00,0.00,0.00,0,12,1,11,0,12.6,345,358,22.4,18.7,0,0.00,1012.1,998.4
2023-09-12T21:00,20.5,0.00,81,17.1,21.5,0.00,0.00,0.00,0,5,4,0,0,10.3,31,36,19.7,34.2,0,0.00,1012.4,998.6
2023-09-12T22:00,18.6,0.00,90,17.0,20.7,0.00,0.00,0.00,0,3,2,0,0,2.8,277,230,8.7,17.6,0,0.00,1012.7,998.8
2023-09-12T23:00,18.9,0.00,89,17.1,20.5,0.00,0.00,0.00,1,38,38,0,0,6.4,211,196,18.4,14.4,0,0.00,1013.6,999.7
2023-09-13T00:00,19.3,0.00,86,17.0,19.9,0.00,0.00,0.00,1,47,46,1,0,12.5,224,219,25.7,24.5,0,0.00,1014.2,1000.3
2023-09-13T01:00,18.9,0.00,88,16.9,19.1,0.00,0.00,0.00,2,52,14,19,78,15.0,303,305,27.9,25.6,0,0.00,1014.5,1000.6
2023-09-13T02:00,18.6,0.00,90,16.9,20.5,0.00,0.00,0.00,1,32,4,6,25,3.8,280,253,12.4,28.1,0,0.00,1014.3,1000.4
2023-09-13T03:00,17.4,0.00,95,16.6,19.0,0.00,0.00,0.00,3,83,77,1,27,4.7,247,212,9.0,9.0,0,0.00,1014.4,1000.4
2023-09-13T04:00,17.0,0.00,96,16.3,18.4,0.00,0.00,0.00,3,99,98,0,50,4.9,237,216,12.0,10.4,0,0.00,1014.9,1000.9
2023-09-13T05:00,18.0,0.00,96,17.4,19.7,0.00,0.00,0.00,2,76,69,4,22,6.3,229,211,14.3,13.0,0,0.00,1014.9,1001.0
2023-09-13T06:00,17.4,0.00,96,16.8,18.7,0.00,0.00,0.00,3,92,89,6,29,7.9,240,231,17.4,16.2,1,0.00,1015.3,1001.3
2023-09-13T07:00,17.7,0.00,95,16.9,18.8,0.00,0.00,0.00,2,66,43,27,26,9.1,242,236,17.1,18.0,1,0.00,1015.7,1001.7
2023-09-13T08:00,18.7,0.00,88,16.6,19.5,0.00,0.00,0.00,3,97,82,93,35,10.1,266,266,14.8,22.0,1,3600.00,1016.0,1002.1
2023-09-13T09:00,19.3,0.00,83,16.4,20.1,0.00,0.00,0.00,3,90,69,43,52,9.6,284,283,13.4,22.7,1,0.00,1016.5,1002.6
2023-09-13T10:00,20.5,0.10,77,16.3,21.6,0.10,0.00,0.00,51,93,89,8,38,7.3,280,279,9.9,22.3,1,3600.00,1016.9,1003.1
2023-09-13T11:00,21.3,0.20,72,16.1,22.3,0.20,0.00,0.00,51,99,99,27,34,7.3,279,279,9.5,18.7,1,3600.00,1017.1,1003.3
2023-09-13T12:00,22.2,0.10,71,16.6,23.4,0.10,0.00,0.00,51,79,74,12,8,7.8,282,283,10.3,23.4,1,3600.00,1016.9,1003.1
2023-09-13T13:00,21.3,0.10,78,17.3,23.5,0.10,0.00,0.00,51,80,100,100,87,4.6,233,219,5.4,24.1,1,3600.00,1017.8,1004.0
2023-09-13T14:00,21.2,0.80,81,17.8,23.2,0.80,0.00,0.00,53,100,100,20,15,5.3,214,208,6.5,18.0,1,0.00,1017.3,1003.5
2023-09-13T15:00,20.9,2.20,78,16.9,21.8,2.20,0.00,0.00,61,100,100,45,63,10.0,247,249,12.9,24.8,1,3600.00,1017.7,1003.9
2023-09-13T16:00,20.2,0.30,81,16.9,22.1,0.30,0.00,0.00,51,99,99,1,1,3.5,214,204,5.2,24.1,1,3600.00,1017.4,1003.5
2023-09-13T17:00,21.2,0.00,75,16.6,23.3,0.00,0.00,0.00,3,99,99,14,0,1.8,207,191,2.4,11.2,1,3600.00,1017.3,1003.5
2023-09-13T18:00,20.7,0.00,85,18.1,23.4,0.00,0.00,0.00,3,97,97,18,4,1.8,229,217,3.3,7.6,1,3600.00,1017.5,1003.7
2023-09-13T19:00,18.6,0.00,88,16.6,20.1,0.00,0.00,0.00,3,100,100,31,3,5.3,233,208,5.4,7.9,0,0.00,1018.0,1004.0
2023-09-13T20:00,18.2,0.80,87,16.0,19.7,0.80,0.00,0.00,53,67,0,57,39,4.2,318,301,9.7,8.6,0,0.00,1019.1,1005.1
2023-09-13T21:00,18.7,0.20,85,16.1,19.8,0.20,0.00,0.00,51,43,0,38,12,7.1,348,330,15.8,13.3,0,0.00,1019.7,1005.7
2023-09-13T22:00,17.8,0.00,87,15.6,18.4,0.00,0.00,0.00,1,47,0,35,22,8.9,342,333,19.4,16.9,0,0.00,1020.3,1006.3
2023-09-13T23:00,17.0,0.00,89,15.2,17.4,0.00,0.00,0.00,0,1,0,1,1,9.3,359,347,19.8,19.1,0,0.00,1020.7,1006.6
2023-09-14T00:00,15.8,0.00,89,14.0,15.7,0.00,0.00,0.00,0,9,0,2,9,9.4,8,353,19.2,18.4,0,0.00,1020.9,1006.8
2023-09-14T01:00,15.4,0.00,79,11.8,14.5,0.00,0.00,0.00,0,12,0,2,1,9.4,16,7,19.8,18.4,0,0.00,1021.3,1007.1
2023-09-14T02:00,14.6,0.00,81,11.4,14.3,0.00,0.00,0.00,0,14,0,5,14,5.4,16,356,13.1,18.7,0,0.00,1021.6,1007.4
2023-09-14T03:00,14.0,0.00,84,11.3,13.8,0.00,0.00,0.00,0,13,0,1,12,3.6,28,360,9.8,10.4,0,0.00,1021.7,1007.5
2023-09-14T04:00,13.4,0.00,85,11.0,13.0,0.00,0.00,0.00,0,8,0,0,8,4.3,21,355,9.2,8.3,0,0.00,1021.7,1007.4
2023-09-14T05:00,12.7,0.00,87,10.6,12.2,0.00,0.00,0.00,0,5,0,0,5,4.7,23,4,10.2,9.0,0,0.00,1022.1,1007.8
2023-09-14T06:00,12.1,0.00,89,10.3,11.5,0.00,0.00,0.00,0,7,0,0,7,4.7,34,23,10.4,8.6,1,0.00,1022.6,1008.3
2023-09-14T07:00,13.0,0.00,85,10.4,12.3,0.00,0.00,0.00,0,4,4,0,0,5.7,52,35,10.0,10.8,1,1698.04,1022.8,1008.5
2023-09-14T08:00,14.8,0.00,76,10.7,14.7,0.00,0.00,0.00,1,46,46,0,0,2.1,56,31,3.9,10.8,1,3600.00,1022.6,1008.4
2023-09-14T09:00,16.6,0.00,70,11.2,16.6,0.00,0.00,0.00,3,88,88,0,0,2.4,344,333,2.6,11.2,1,3600.00,1022.9,1008.8
2023-09-14T10:00,18.1,0.00,66,11.6,18.1,0.00,0.00,0.00,2,69,69,0,0,2.9,343,330,3.8,13.0,1,3600.00,1022.8,1008.8
2023-09-14T11:00,19.6,0.00,59,11.3,19.7,0.00,0.00,0.00,2,77,77,0,0,3.9,347,338,4.8,14.8,1,3600.00,1022.6,1008.6
2023-09-14T12:00,20.8,0.00,54,11.1,21.2,0.00,0.00,0.00,2,57,57,0,0,4.1,335,322,5.2,15.5,1,3600.00,1022.1,1008.2
2023-09-14T13:00,21.1,0.00,51,10.7,20.9,0.00,0.00,0.00,1,37,14,0,0,8.0,345,342,10.0,15.8,1,3600.00,1022.1,1008.2
2023-09-14T14:00,21.4,0.00,49,10.3,20.8,0.00,0.00,0.00,0,16,16,0,0,9.2,353,349,12.0,23.4,1,3600.00,1021.7,1007.8
2023-09-14T15:00,21.5,0.00,49,10.3,20.3,0.00,0.00,0.00,0,13,13,0,0,9.7,5,2,13.0,23.8,1,3600.00,1021.1,1007.2
2023-09-14T16:00,21.3,0.00,49,10.3,20.0,0.00,0.00,0.00,0,0,0,0,0,9.0,3,360,12.3,23.8,1,3600.00,1020.8,1006.9
2023-09-14T17:00,20.7,0.00,52,10.5,19.7,0.00,0.00,0.00,0,0,0,0,0,8.0,12,8,12.1,20.9,1,3600.00,1020.7,1006.8
2023-09-14T18:00,19.1,0.00,62,11.5,18.7,0.00,0.00,0.00,0,1,1,0,0,5.9,21,11,13.9,17.6,1,3600.00,1020.7,1006.7
2023-09-14T19:00,17.1,0.00,66,10.6,16.1,0.00,0.00,0.00,0,8,8,0,0,7.6,28,19,17.6,14.0,0,105.59,1020.7,1006.6
2023-09-14T20:00,16.0,0.00,70,10.5,15.0,0.00,0.00,0.00,0,0,0,0,0,7.8,39,34,18.2,15.1,0,0.00,1021.1,1007.0
2023-09-14T21:00,14.9,0.00,74,10.3,14.0,0.00,0.00,0.00,0,0,0,0,0,7.2,49,37,17.1,14.8,0,0.00,1021.2,1007.0
2023-09-14T22:00,14.5,0.00,74,10.0,13.3,0.00,0.00,0.00,0,0,0,0,0,8.7,46,38,20.4,16.6,0,0.00,1021.1,1006.9
2023-09-14T23:00,14.0,0.00,75,9.7,12.9,0.00,0.00,0.00,0,0,0,0,0,7.4,51,47,18.2,16.6,0,0.00,1020.7,1006.5
2023-09-15T00:00,12.8,0.00,81,9.7,12.0,0.00,0.00,0.00,0,8,8,0,0,5.0,69,60,13.1,14.0,0,0.00,1020.4,1006.1
2023-09-15T01:00,13.1,0.00,81,9.9,12.6,0.00,0.00,0.00,0,9,6,0,0,3.3,84,77,3.6,9.4,0,0.00,1020.2,1006.0
2023-09-15T02:00,11.0,0.00,90,9.5,10.2,0.00,0.00,0.00,0,0,0,0,0,4.7,13,32,3.3,6.5,0,0.00,1020.1,1005.7
2023-09-15T03:00,10.6,0.00,93,9.4,9.8,0.00,0.00,0.00,0,3,3,0,0,4.3,50,66,2.8,7.2,0,0.00,1019.9,1005.5
2023-09-15T04:00,10.5,0.00,93,9.4,9.7,0.00,0.00,0.00,0,1,0,0,1,4.3,73,66,6.0,7.6,0,0.00,1019.7,1005.3
2023-09-15T05:00,10.4,0.00,93,9.3,9.5,0.00,0.00,0.00,0,2,0,0,2,4.8,65,42,7.6,7.9,0,0.00,1019.5,1005.1
2023-09-15T06:00,10.2,0.00,94,9.2,9.3,0.00,0.00,0.00,0,0,0,0,0,5.2,79,65,7.3,8.6,0,0.00,1019.1,1004.7
2023-09-15T07:00,12.4,0.00,86,10.2,12.1,0.00,0.00,0.00,0,5,0,0,5,3.0,105,76,7.1,8.6,1,1535.08,1019.7,1005.4
2023-09-15T08:00,15.0,0.00,79,11.4,14.9,0.00,0.00,0.00,0,0,0,0,0,3.2,79,27,9.2,10.1,1,3600.00,1019.4,1005.3
2023-09-15T09:00,17.8,0.00,72,12.7,18.2,0.00,0.00,0.00,0,0,0,0,0,2.7,45,23,4.1,11.5,1,3600.00,1019.2,1005.2
2023-09-15T10:00,20.1,0.00,67,13.7,21.0,0.00,0.00,0.00,0,0,0,0,0,2.1,69,59,3.1,11.2,1,3600.00,1019.0,1005.1
2023-09-15T11:00,22.1,0.00,60,13.8,22.9,0.00,0.00,0.00,0,0,0,0,0,4.0,101,100,5.9,14.0,1,3600.00,1018.6,1004.8
2023-09-15T12:00,23.6,0.00,51,12.8,24.2,0.00,0.00,0.00,1,29,29,0,0,6.0,105,107,8.6,17.3,1,3600.00,1017.9,1004.2
2023-09-15T13:00,24.8,0.00,44,11.6,25.0,0.00,0.00,0.00,0,11,0,0,0,7.0,101,102,9.2,20.5,1,3600.00,1017.4,1003.7
2023-09-15T14:00,25.1,0.00,47,12.9,25.4,0.00,0.00,0.00,1,48,0,1,48,8.3,108,108,11.4,21.6,1,3600.00,1016.7,1003.1
2023-09-15T15:00,25.3,0.00,49,13.9,25.3,0.00,0.00,0.00,3,98,0,51,98,8.7,107,107,12.1,20.9,1,3600.00,1015.8,1002.2
2023-09-15T16:00,25.2,0.00,50,14.0,25.3,0.00,0.00,0.00,3,100,0,100,99,7.9,115,114,12.7,19.8,1,3600.00,1015.4,1001.8
2023-09-15T17:00,24.4,0.00,55,14.7,24.9,0.00,0.00,0.00,3,100,3,81,100,7.2,91,84,15.1,18.4,1,0.00,1015.1,1001.5
2023-09-15T18:00,23.4,0.00,56,14.1,23.3,0.00,0.00,0.00,2,70,68,6,0,9.6,84,77,21.3,20.2,1,0.00,1015.1,1001.4
2023-09-15T19:00,21.2,0.00,61,13.4,21.1,0.00,0.00,0.00,3,96,96,15,5,7.9,85,74,19.9,19.8,0,0.00,1015.0,1001.2
2023-09-15T20:00,20.5,0.00,64,13.4,20.2,0.00,0.00,0.00,2,73,66,19,15,9.7,86,75,22.4,18.0,0,0.00,1014.9,1001.1
2023-09-15T21:00,21.1,0.00,60,13.0,19.8,0.00,0.00,0.00,1,22,12,9,3,15.1,98,91,30.5,28.8,0,0.00,1014.9,1001.1
2023-09-15T22:00,20.9,0.00,61,13.0,19.2,0.00,0.00,0.00,0,12,4,5,4,17.6,108,105,33.4,34.2,0,0.00,1015.2,1001.4
2023-09-15T23:00,20.0,0.00,64,13.0,18.7,0.00,0.00,0.00,0,0,0,0,0,15.0,106,100,30.8,34.2,0,0.00,1015.0,1001.2
2023-09-16T00:00,19.3,0.00,65,12.6,18.2,0.00,0.00,0.00,0,0,0,0,0,13.1,107,99,28.2,29.9,0,0.00,1015.0,1001.1
2023-09-16T01:00,18.4,0.00,69,12.7,17.5,0.00,0.00,0.00,0,0,0,0,0,12.0,115,106,25.1,26.6,0,0.00,1014.8,1000.9
2023-09-16T02:00,17.6,0.00,73,12.7,16.7,0.00,0.00,0.00,0,0,0,0,0,11.4,112,101,24.1,23.4,0,0.00,1014.8,1000.8
2023-09-16T03:00,16.9,0.00,76,12.6,16.1,0.00,0.00,0.00,0,0,0,0,0,11.1,113,103,24.2,22.3,0,0.00,1014.7,1000.7
2023-09-16T04:00,16.4,0.00,78,12.6,15.7,0.00,0.00,0.00,0,0,0,0,0,10.1,113,107,22.7,21.6,0,0.00,1015.0,1001.0
2023-09-16T05:00,15.7,0.00,81,12.5,15.1,0.00,0.00,0.00,0,0,0,0,0,9.7,113,105,21.1,19.8,0,0.00,1014.9,1000.9
2023-09-16T06:00,15.1,0.00,84,12.4,14.5,0.00,0.00,0.00,0,4,4,0,0,9.6,110,103,20.3,18.7,0,0.00,1014.5,1000.4
2023-09-16T07:00,15.8,0.00,83,12.9,15.2,0.00,0.00,0.00,0,1,1,0,0,9.9,107,100,18.8,18.7,1,1256.39,1014.7,1000.7
2023-09-16T08:00,18.2,0.00,77,14.2,18.4,0.00,0.00,0.00,0,4,4,0,0,8.0,100,95,17.9,19.8,1,3600.00,1014.6,1000.7
2023-09-16T09:00,20.5,0.00,72,15.3,21.4,0.00,0.00,0.00,0,7,7,0,0,5.5,102,101,8.8,17.6,1,3600.00,1014.9,1001.1
2023-09-16T10:00,22.5,0.00,68,16.4,23.9,0.00,0.00,0.00,0,4,4,0,0,5.9,103,101,8.1,16.6,1,3600.00,1015.0,1001.3
2023-09-16T11:00,24.5,0.00,63,16.9,26.4,0.00,0.00,0.00,2,50,50,0,0,4.6,103,108,6.3,16.6,1,3600.00,1015.0,1001.4
2023-09-16T12:00,25.8,0.00,58,16.9,28.4,0.00,0.00,0.00,1,38,38,0,0,2.6,101,106,3.7,15.1,1,3600.00,1014.7,1001.1
2023-09-16T13:00,27.1,0.00,52,16.3,29.6,0.00,0.00,0.00,0,18,0,3,0,2.4,63,63,3.2,11.9,1,3600.00,1014.1,1000.6
2023-09-16T14:00,27.9,0.00,48,15.8,29.9,0.00,0.00,0.00,3,80,3,80,0,2.3,77,72,3.3,11.2,1,3600.00,1013.6,1000.1
2023-09-16T15:00,27.8,0.00,47,15.4,29.3,0.00,0.00,0.00,3,91,10,90,0,1.8,141,169,2.3,10.4,1,3600.00,1013.5,1000.0
2023-09-16T16:00,27.4,0.00,49,15.7,28.9,0.00,0.00,0.00,3,82,82,3,0,3.3,132,139,4.3,9.0,1,3600.00,1013.3,999.8
2023-09-16T17:00,26.3,0.00,70,20.5,29.8,0.00,0.00,0.00,3,94,93,16,0,4.0,122,117,5.5,9.7,1,3600.00,1013.1,999.6
2023-09-16T18:00,24.6,0.00,69,18.7,27.1,0.00,0.00,0.00,1,31,13,21,0,5.1,76,39,5.9,6.8,1,3600.00,1013.2,999.6
2023-09-16T19:00,23.2,0.00,64,16.1,24.5,0.00,0.00,0.00,2,76,59,43,0,5.3,340,332,5.4,8.6,0,0.00,1013.8,1000.1
2023-09-16T20:00,19.6,3.40,90,18.0,21.9,3.40,0.00,0.00,63,100,100,100,0,3.8,272,319,11.9,34.6,0,0.00,1015.4,1001.5
2023-09-16T21:00,19.6,1.90,92,18.3,22.1,1.90,0.00,0.00,61,89,83,78,0,4.0,64,117,10.0,24.1,0,0.00,1014.6,1000.7
2023-09-16T22:00,19.3,0.00,92,18.0,21.7,0.00,0.00,0.00,3,100,8,100,0,3.6,180,174,2.2,6.8,0,0.00,1014.9,1001.0
2023-09-16T23:00,19.2,0.00,92,17.8,21.5,0.00,0.00,0.00,1,24,17,8,0,3.6,88,84,8.3,9.7,0,0.00,1014.4,1000.5
2023-09-17T00:00,17.2,0.00,96,16.5,18.6,0.00,0.00,0.00,2,79,76,11,1,5.4,197,217,6.0,9.0,0,0.00,1014.4,1000.4
2023-09-17T01:00,19.3,0.00,85,16.8,20.8,0.00,0.00,0.00,1,49,43,4,0,6.0,132,115,16.1,9.4,0,0.00,1014.1,1000.2
2023-09-17T02:00,18.3,0.00,88,16.3,19.7,0.00,0.00,0.00,2,68,68,2,0,5.4,178,160,13.0,12.6,0,0.00,1014.4,1000.5
2023-09-17T03:00,18.3,0.00,88,16.3,19.4,0.00,0.00,0.00,1,20,0,20,0,7.1,174,139,16.3,14.4,0,0.00,1014.4,1000.5
2023-09-17T04:00,17.8,0.00,90,16.1,19.0,0.00,0.00,0.00,0,0,0,0,0,6.0,174,123,13.8,14.0,0,0.00,1014.6,1000.7
2023-09-17T05:00,17.4,0.00,92,16.0,18.4,0.00,0.00,0.00,0,19,6,13,0,6.8,159,115,12.3,12.6,0,0.00,1014.7,1000.7
2023-09-17T06:00,17.4,0.00,92,16.1,18.3,0.00,0.00,0.00,1,39,30,12,0,7.9,155,114,14.3,15.8,0,0.00,1015.0,1001.0
2023-09-17T07:00,18.1,0.00,92,16.7,19.4,0.00,0.00,0.00,3,100,100,9,0,7.0,155,111,11.9,15.1,1,758.55,1015.3,1001.4
2023-09-17T08:00,19.8,0.00,87,17.6,21.6,0.00,0.00,0.00,3,97,97,5,0,6.0,156,107,9.8,14.0,1,3600.00,1015.5,1001.6
2023-09-17T09:00,21.7,0.00,79,17.9,23.7,0.00,0.00,0.00,2,65,65,2,0,5.9,144,137,9.3,15.1,1,3600.00,1015.5,1001.7
2023-09-17T10:00,23.6,0.00,69,17.6,25.4,0.00,0.00,0.00,1,31,23,11,0,6.5,162,161,9.1,18.0,1,3600.00,1016.0,1002.3
2023-09-17T11:00,25.1,0.00,61,17.0,26.6,0.00,0.00,0.00,0,16,9,7,0,6.6,173,171,9.1,18.4,1,3600.00,1015.8,1002.2
2023-09-17T12:00,26.4,0.00,54,16.4,27.9,0.00,0.00,0.00,3,100,100,1,0,8.0,184,185,10.8,20.9,1,3600.00,1015.3,1001.7
2023-09-17T13:00,28.0,0.00,50,16.8,29.4,0.00,0.00,0.00,3,100,100,13,0,8.7,173,173,12.0,22.3,1,3600.00,1014.2,1000.7
2023-09-17T14:00,28.4,0.00,48,16.3,29.1,0.00,0.00,0.00,3,100,100,25,0,10.0,193,193,14.1,29.5,1,3600.00,1013.9,1000.5
2023-09-17T15:00,28.4,0.00,44,14.8,28.7,0.00,0.00,0.00,3,100,100,19,0,8.8,192,189,14.0,27.0,1,3600.00,1013.3,999.9
2023-09-17T16:00,28.3,0.00,46,15.6,29.3,0.00,0.00,0.00,3,99,99,14,1,6.3,157,149,11.0,20.5,1,3600.00,1012.7,999.3
2023-09-17T17:00,27.5,0.00,52,16.7,29.0,0.00,0.00,0.00,3,100,100,7,0,5.6,127,117,12.1,15.8,1,3600.00,1012.3,998.8
2023-09-17T18:00,25.3,0.00,59,16.6,26.6,0.00,0.00,0.00,3,96,94,32,4,6.9,97,84,16.7,13.3,1,1218.76,1012.4,998.8
2023-09-17T19:00,24.2,0.00,59,15.7,24.8,0.00,0.00,0.00,3,100,99,29,7,9.0,109,85,20.9,17.3,0,0.00,1012.3,998.7
2023-09-17T20:00,23.8,0.00,58,15.0,24.1,0.00,0.00,0.00,3,86,83,18,0,9.3,120,103,22.9,19.1,0,0.00,1012.3,998.7
2023-09-17T21:00,23.3,0.00,58,14.4,23.4,0.00,0.00,0.00,3,93,91,24,1,9.0,102,95,22.5,18.7,0,0.00,1011.9,998.2
2023-09-17T22:00,22.8,0.00,61,15.0,22.6,0.00,0.00,0.00,3,93,93,3,0,12.8,110,100,27.6,24.5,0,0.00,1011.8,998.1
2023-09-17T23:00,22.2,0.00,66,15.6,22.2,0.00,0.00,0.00,3,89,88,11,0,12.8,116,106,27.5,25.6,0,0.00,1011.4,997.7
2023-09-18T00:00,21.7,0.00,68,15.7,21.6,0.00,0.00,0.00,3,92,92,0,0,14.1,113,103,29.8,28.1,0,0.00,1010.8,997.1
2023-09-18T01:00,22.6,0.00,64,15.4,22.1,0.00,0.00,0.00,2,54,99,8,0,16.0,127,121,32.6,28.8,0,0.00,1009.5,995.9
2023-09-18T02:00,20.3,0.60,78,16.4,20.9,0.60,0.00,0.00,53,100,97,100,0,10.7,172,132,18.2,41.8,0,0.00,1011.0,997.2
2023-09-18T03:00,19.5,0.00,85,16.9,20.7,0.00,0.00,0.00,3,100,100,68,0,8.5,135,118,14.8,27.7,0,0.00,1009.5,995.7
2023-09-18T04:00,19.4,0.00,86,17.0,20.4,0.00,0.00,0.00,3,92,92,17,0,10.1,147,125,21.4,20.5,0,0.00,1009.7,995.9
2023-09-18T05:00,18.8,0.00,89,16.9,20.3,0.00,0.00,0.00,3,100,100,31,0,6.5,200,161,16.1,18.7,0,0.00,1009.5,995.7
2023-09-18T06:00,18.8,0.00,88,16.7,19.9,0.00,0.00,0.00,3,100,100,76,1,8.4,175,140,18.1,17.3,0,0.00,1009.3,995.5
2023-09-18T07:00,19.5,0.00,85,16.9,20.7,0.00,0.00,0.00,3,100,100,100,0,8.0,189,162,17.5,17.6,1,0.00,1009.8,996.0
2023-09-18T08:00,20.3,0.10,83,17.3,21.0,0.10,0.00,0.00,51,100,100,100,0,13.3,206,199,23.7,27.0,1,0.00,1010.5,996.7
2023-09-18T09:00,19.6,1.40,90,18.0,21.1,1.40,0.00,0.00,61,100,100,100,0,9.7,210,202,19.2,27.7,1,0.00,1010.6,996.8
2023-09-18T10:00,19.5,1.20,92,18.2,21.0,1.20,0.00,0.00,55,100,100,65,0,10.1,208,197,19.2,20.5,1,0.00,1010.7,996.9
2023-09-18T11:00,20.6,0.10,87,18.3,22.2,0.10,0.00,0.00,51,100,100,99,0,10.2,197,190,15.8,24.5,1,0.00,1010.7,996.9
2023-09-18T12:00,20.9,0.00,83,17.8,22.0,0.00,0.00,0.00,3,100,100,100,7,11.5,197,194,17.3,25.9,1,0.00,1010.6,996.9
2023-09-18T13:00,22.4,0.00,71,16.8,22.6,0.00,0.00,0.00,3,100,100,24,13,14.9,211,212,21.5,29.9,1,0.00,1010.7,997.0
2023-09-18T14:00,23.1,0.00,67,16.5,23.0,0.00,0.00,0.00,3,100,100,60,29,16.0,213,211,22.7,39.6,1,3600.00,1010.7,997.1
2023-09-18T15:00,21.1,0.10,77,16.8,21.9,0.10,0.00,0.00,51,100,100,35,6,10.6,203,198,16.5,40.0,1,196.82,1010.6,996.9
2023-09-18T16:00,22.5,0.00,72,17.1,23.3,0.00,0.00,0.00,3,84,82,12,1,11.6,209,206,17.2,27.4,1,3600.00,1009.7,996.0
2023-09-18T17:00,22.9,0.00,65,16.0,22.9,0.00,0.00,0.00,2,63,40,36,8,14.2,212,210,23.0,32.4,1,3600.00,1009.3,995.7
2023-09-18T18:00,20.6,0.10,74,15.7,19.9,0.10,0.00,0.00,51,100,99,99,7,17.8,224,222,30.3,35.6,1,3600.00,1009.7,996.0
2023-09-18T19:00,18.6,0.20,83,15.7,18.9,0.20,0.00,0.00,51,99,99,1,0,11.0,211,203,21.5,37.4,0,0.00,1009.8,996.0
2023-09-18T20:00,18.1,0.00,87,15.9,18.5,0.00,0.00,0.00,3,100,100,1,0,11.0,214,203,22.6,22.7,0,0.00,1010.6,996.7
2023-09-18T21:00,17.7,0.00,89,15.9,18.3,0.00,0.00,0.00,1,22,14,6,7,9.7,223,211,21.7,23.0,0,0.00,1010.6,996.7
2023-09-18T22:00,17.7,0.00,89,15.8,17.9,0.00,0.00,0.00,1,40,38,2,1,11.9,219,209,25.1,25.2,0,0.00,1011.0,997.1
2023-09-18T23:00,17.6,0.00,87,15.4,17.3,0.00,0.00,0.00,0,15,5,1,9,14.1,223,218,27.8,28.4,0,0.00,1011.3,997.4
2023-09-19T00:00,17.3,0.00,87,15.1,16.9,0.00,0.00,0.00,1,30,13,14,7,14.8,225,221,28.0,30.2,0,0.00,1011.5,997.6
2023-09-19T01:00,16.9,0.00,92,15.5,16.1,0.00,0.00,0.00,1,38,0,27,23,17.8,226,225,31.6,34.6,0,0.00,1012.3,998.3
2023-09-19T02:00,16.6,0.10,93,15.4,16.1,0.10,0.00,0.00,51,59,6,30,45,15.6,230,230,28.1,36.7,0,0.00,1012.5,998.5
2023-09-19T03:00,16.4,0.20,94,15.5,16.4,0.20,0.00,0.00,51,70,49,27,30,12.5,230,226,23.5,32.4,0,0.00,1012.9,998.9
2023-09-19T04:00,16.3,0.00,94,15.4,16.5,0.00,0.00,0.00,2,61,31,28,27,11.5,236,229,21.8,27.0,0,0.00,1013.3,999.3
2023-09-19T05:00,16.1,0.10,94,15.1,15.9,0.10,0.00,0.00,51,74,60,23,17,13.2,237,235,24.0,26.3,0,0.00,1013.8,999.8
2023-09-19T06:00,15.3,0.20,92,14.0,14.9,0.20,0.00,0.00,51,80,70,19,27,11.3,244,243,22.4,31.0,0,0.00,1014.4,1000.3
2023-09-19T07:00,15.7,0.00,93,14.6,15.5,0.00,0.00,0.00,3,100,100,8,39,11.5,242,238,21.3,29.2,1,80.00,1015.1,1001.1
2023-09-19T08:00,16.3,0.10,86,14.0,15.6,0.10,0.00,0.00,51,100,100,1,18,14.2,244,243,22.1,32.8,1,3600.00,1015.6,1001.6
2023-09-19T09:00,16.9,0.20,83,14.0,15.7,0.20,0.00,0.00,51,100,100,1,21,17.2,243,244,25.1,35.6,1,3600.00,1016.0,1002.0
2023-09-19T10:00,18.1,0.10,73,13.2,16.5,0.10,0.00,0.00,51,100,100,5,17,17.8,249,249,25.4,37.8,1,3600.00,1016.2,1002.2
2023-09-19T11:00,19.2,0.00,63,12.0,17.2,0.00,0.00,0.00,3,100,100,0,20,17.8,249,249,25.4,38.5,1,3600.00,1016.4,1002.5
2023-09-19T12:00,20.0,0.00,57,11.2,17.6,0.00,0.00,0.00,3,100,100,0,18,18.8,249,250,27.0,41.0,1,3600.00,1016.2,1002.3
2023-09-19T13:00,20.7,0.00,50,9.9,18.0,0.00,0.00,0.00,2,68,100,0,42,19.3,245,246,27.1,41.0,1,3600.00,1016.0,1002.2
2023-09-19T14:00,21.2,0.00,46,9.3,18.2,0.00,0.00,0.00,3,94,0,52,94,19.3,243,243,28.7,41.8,1,3600.00,1015.5,1001.7
2023-09-19T15:00,21.7,0.00,45,9.2,18.6,0.00,0.00,0.00,3,100,95,97,68,19.7,249,249,30.1,42.8,1,3600.00,1015.0,1001.2
2023-09-19T16:00,21.1,0.00,50,10.3,18.6,0.00,0.00,0.00,3,100,100,74,94,17.6,240,239,27.9,41.4,1,108.83,1014.8,1001.0
2023-09-19T17:00,20.5,0.00,57,11.8,19.3,0.00,0.00,0.00,3,99,99,14,1,12.0,231,229,21.0,37.1,1,0.00,1014.5,1000.7
2023-09-19T18:00,19.8,0.00,61,12.1,19.0,0.00,0.00,0.00,2,64,62,2,4,9.4,240,238,19.2,24.8,1,2026.69,1014.4,1000.6
2023-09-19T19:00,17.9,0.00,68,12.0,17.6,0.00,0.00,0.00,0,14,12,2,1,6.6,251,248,17.9,20.2,0,0.00,1014.5,1000.6
2023-09-19T20:00,17.3,0.00,72,12.1,17.0,0.00,0.00,0.00,0,3,2,0,0,6.4,253,243,18.8,14.8,0,0.00,1015.0,1001.0
2023-09-19T21:00,16.7,0.00,74,12.0,16.4,0.00,0.00,0.00,0,3,0,3,0,6.1,237,208,17.2,14.4,0,0.00,1015.1,1001.1
2023-09-19T22:00,16.2,0.00,75,11.9,15.6,0.00,0.00,0.00,1,20,14,8,0,8.0,225,198,19.3,16.6,0,0.00,1015.5,1001.5
2023-09-19T23:00,15.7,0.00,76,11.6,15.1,0.00,0.00,0.00,0,7,0,5,2,7.3,222,191,18.4,16.6,0,0.00,1015.4,1001.3
2023-09-20T00:00,15.5,0.00,76,11.3,14.8,0.00,0.00,0.00,1,33,3,22,11,7.4,220,194,18.9,15.8,0,0.00,1015.3,1001.2
2023-09-20T01:00,15.4,0.00,77,11.4,14.8,0.00,0.00,0.00,1,49,0,21,0,6.8,213,183,17.7,15.5,0,0.00,1015.4,1001.3
2023-09-20T02:00,15.1,0.00,79,11.4,14.3,0.00,0.00,0.00,0,11,0,9,3,7.9,210,180,18.7,15.8,0,0.00,1015.2,1001.1
2023-09-20T03:00,15.0,0.00,80,11.5,14.2,0.00,0.00,0.00,1,27,10,15,14,8.3,206,180,19.2,16.2,0,0.00,1015.1,1001.0
2023-09-20T04:00,14.9,0.00,81,11.6,14.2,0.00,0.00,0.00,1,47,22,18,26,8.0,201,175,19.3,16.6,0,0.00,1014.9,1000.8
2023-09-20T05:00,14.8,0.00,82,11.7,14.2,0.00,0.00,0.00,2,77,69,17,20,7.6,204,180,18.9,16.6,0,0.00,1014.7,1000.6
2023-09-20T06:00,14.7,0.00,83,11.8,14.3,0.00,0.00,0.00,3,100,100,16,6,6.8,203,177,18.1,15.5,0,0.00,1014.3,1000.2
2023-09-20T07:00,15.5,0.00,81,12.3,15.1,0.00,0.00,0.00,3,100,100,24,2,7.2,194,162,16.0,15.1,1,0.00,1014.1,1000.1
2023-09-20T08:00,17.0,0.00,78,13.1,17.0,0.00,0.00,0.00,3,88,86,4,6,6.5,190,161,13.9,15.1,1,2978.26,1014.1,1000.1
2023-09-20T09:00,18.7,0.00,72,13.5,18.7,0.00,0.00,0.00,3,97,96,4,2,7.2,180,174,10.4,18.4,1,3600.00,1013.8,999.9
2023-09-20T10:00,20.3,0.00,68,14.1,20.4,0.00,0.00,0.00,3,98,98,9,4,7.9,180,177,11.2,20.2,1,3600.00,1013.7,999.9
2023-09-20T11:00,22.0,0.00,61,14.2,21.9,0.00,0.00,0.00,1,30,29,6,0,9.5,191,191,13.2,23.4,1,3600.00,1013.4,999.7
2023-09-20T12:00,23.2,0.00,55,13.7,23.2,0.00,0.00,0.00,0,6,6,0,0,10.5,197,196,14.7,25.9,1,3600.00,1012.4,998.7
2023-09-20T13:00,23.8,0.00,50,12.8,23.7,0.00,0.00,0.00,1,24,9,0,0,10.0,211,210,13.4,27.0,1,3600.00,1012.2,998.6
2023-09-20T14:00,24.2,0.00,47,12.1,23.8,0.00,0.00,0.00,0,1,0,0,0,9.2,202,201,12.8,23.8,1,3600.00,1011.2,997.6
2023-09-20T15:00,24.6,0.00,44,11.5,23.4,0.00,0.00,0.00,0,1,0,1,0,10.9,197,197,15.8,24.8,1,3600.00,1010.1,996.5
2023-09-20T16:00,24.4,0.00,44,11.5,23.5,0.00,0.00,0.00,0,0,0,0,0,9.3,196,196,15.4,25.6,1,3600.00,1009.4,995.8
2023-09-20T17:00,23.7,0.00,55,14.0,24.3,0.00,0.00,0.00,0,0,0,0,0,4.3,191,180,11.0,21.6,1,3600.00,1008.6,995.0
2023-09-20T18:00,20.9,0.00,67,14.4,21.4,0.00,0.00,0.00,0,0,0,0,0,6.3,182,149,9.7,10.4,1,3476.67,1008.2,994.5
2023-09-20T19:00,18.9,0.00,64,12.0,18.6,0.00,0.00,0.00,0,0,0,0,0,6.5,194,146,10.4,11.5,0,0.00,1008.2,994.4
2023-09-20T20:00,19.2,0.00,59,11.0,18.6,0.00,0.00,0.00,0,0,0,0,0,6.1,172,130,13.1,11.9,0,0.00,1008.3,994.5
2023-09-20T21:00,18.1,0.00,63,10.9,17.4,0.00,0.00,0.00,0,0,0,0,0,6.4,168,128,15.8,12.6,0,0.00,1008.0,994.2
2023-09-20T22:00,17.3,0.00,66,10.8,16.6,0.00,0.00,0.00,0,0,0,0,0,6.8,160,122,18.0,13.3,0,0.00,1007.8,993.9
2023-09-20T23:00,16.5,0.00,70,11.1,15.8,0.00,0.00,0.00,0,0,0,0,0,6.9,163,133,17.7,13.7,0,0.00,1007.6,993.7
2023-09-21T00:00,15.5,0.00,76,11.4,15.0,0.00,0.00,0.00,0,0,0,0,0,6.5,158,109,14.4,13.0,0,0.00,1007.2,993.3
2023-09-21T01:00,15.7,0.00,76,11.6,15.2,0.00,0.00,0.00,0,0,0,0,0,6.8,172,115,13.1,16.6,0,0.00,1006.8,992.9
2023-09-21T02:00,14.6,0.00,80,11.2,13.9,0.00,0.00,0.00,0,0,0,0,0,7.4,163,113,15.0,14.4,0,0.00,1006.4,992.4
2023-09-21T03:00,14.6,0.00,79,11.0,13.7,0.00,0.00,0.00,0,17,0,17,0,8.7,157,114,17.6,16.6,0,0.00,1006.2,992.2
2023-09-21T04:00,14.6,0.00,80,11.3,13.8,0.00,0.00,0.00,1,49,0,49,0,8.4,148,110,17.0,16.9,0,0.00,1005.4,991.4
2023-09-21T05:00,14.6,0.00,82,11.6,13.9,0.00,0.00,0.00,1,39,0,39,0,8.2,144,113,16.0,16.6,0,0.00,1005.1,991.1
2023-09-21T06:00,14.3,0.00,85,11.9,13.8,0.00,0.00,0.00,3,100,34,100,0,7.3,169,123,15.7,15.5,0,0.00,1005.3,991.3
2023-09-21T07:00,16.0,0.10,79,12.3,15.7,0.10,0.00,0.00,51,99,79,98,0,6.6,181,131,15.5,16.9,1,0.00,1005.2,991.3
2023-09-21T08:00,16.6,0.10,80,13.1,16.5,0.10,0.00,0.00,51,91,9,90,1,7.3,156,110,15.0,14.8,1,0.00,1004.4,990.5
2023-09-21T09:00,18.5,0.00,77,14.4,18.5,0.00,0.00,0.00,3,100,75,100,0,9.5,143,115,18.5,17.6,1,0.00,1003.9,990.1
2023-09-21T10:00,19.8,0.00,74,14.9,19.8,0.00,0.00,0.00,3,99,16,99,0,10.9,142,117,25.1,22.3,1,704.09,1003.6,989.9
2023-09-21T11:00,21.2,0.00,69,15.4,21.7,0.00,0.00,0.00,0,13,4,10,0,8.9,141,117,19.5,22.7,1,2899.20,1002.8,989.2
2023-09-21T12:00,24.6,0.00,55,15.0,25.0,0.00,0.00,0.00,3,83,79,20,0,9.4,152,148,13.0,23.0,1,3600.00,1002.0,988.5
2023-09-21T13:00,24.4,0.00,59,15.8,25.0,0.00,0.00,0.00,3,85,100,7,0,10.6,155,152,14.7,27.4,1,3600.00,1001.7,988.2
2023-09-21T14:00,25.1,0.00,55,15.6,25.4,0.00,0.00,0.00,3,100,100,15,1,10.8,155,154,15.5,31.0,1,3600.00,1000.4,987.0
2023-09-21T15:00,25.5,0.00,52,14.9,25.4,0.00,0.00,0.00,3,99,98,28,0,11.3,159,158,17.3,31.0,1,3600.00,999.4,986.0
2023-09-21T16:00,25.3,0.00,53,15.0,25.9,0.00,0.00,0.00,3,96,94,60,1,7.3,170,169,13.9,28.4,1,3600.00,998.7,985.3
2023-09-21T17:00,24.3,0.00,59,15.9,25.4,0.00,0.00,0.00,3,99,99,90,3,6.4,165,164,15.3,17.3,1,2931.20,998.3,984.9
2023-09-21T18:00,19.6,3.50,83,16.6,20.9,3.50,0.00,0.00,63,100,100,84,1,6.6,229,248,13.8,34.6,1,0.00,999.0,985.4
2023-09-21T19:00,18.7,0.50,88,16.7,19.4,0.50,0.00,0.00,53,100,100,97,17,11.1,233,234,22.9,26.3,0,0.00,1000.4,986.7
2023-09-21T20:00,18.5,1.20,91,17.1,20.2,1.20,0.00,0.00,55,100,100,100,10,5.8,220,202,14.1,22.7,0,0.00,1000.5,986.8
2023-09-21T21:00,18.0,1.10,92,16.7,18.5,1.10,0.00,0.00,55,100,100,97,3,12.0,228,221,22.2,27.0,0,0.00,1001.2,987.4
2023-09-21T22:00,17.7,1.00,94,16.6,17.9,1.00,0.00,0.00,55,100,100,100,9,14.6,223,220,26.5,29.2,0,0.00,1001.4,987.6
2023-09-21T23:00,17.0,0.60,91,15.5,16.3,0.60,0.00,0.00,53,100,100,82,3,17.4,245,243,30.9,37.8,0,0.00,1002.0,988.2
2023-09-22T00:00,16.3,0.00,88,14.2,16.0,0.00,0.00,0.00,3,100,100,100,0,11.0,239,229,21.0,35.3,0,0.00,1002.5,988.7
2023-09-22T01:00,15.1,0.00,86,12.8,14.1,0.00,0.00,0.00,3,100,100,100,0,13.2,239,235,24.7,24.1,0,0.00,1003.3,989.4
2023-09-22T02:00,14.9,0.00,87,12.8,14.2,0.00,0.00,0.00,2,70,67,25,0,10.3,223,216,20.6,27.0,0,0.00,1003.5,989.6
2023-09-22T03:00,14.2,0.00,91,12.7,13.6,0.00,0.00,0.00,3,100,100,18,15,10.2,218,212,22.0,23.4,0,0.00,1004.0,990.0
2023-09-22T04:00,14.3,0.00,92,13.0,14.3,0.00,0.00,0.00,3,100,100,23,7,6.6,214,202,16.1,21.2,0,0.00,1003.6,989.6
2023-09-22T05:00,14.1,0.00,92,12.9,13.9,0.00,0.00,0.00,3,100,100,67,16,8.1,212,201,18.8,17.3,0,0.00,1003.8,989.8
2023-09-22T06:00,14.2,0.00,88,12.3,13.6,0.00,0.00,0.00,3,100,100,97,44,9.1,208,198,19.7,21.2,0,0.00,1004.1,990.1
2023-09-22T07:00,14.4,0.10,86,12.1,13.6,0.10,0.00,0.00,51,100,97,100,36,9.9,208,199,19.5,20.2,1,0.00,1004.5,990.5
2023-09-22T08:00,15.0,0.10,84,12.4,13.9,0.10,0.00,0.00,51,100,100,100,20,12.6,210,204,20.0,25.9,1,0.00,1005.1,991.2
2023-09-22T09:00,15.2,0.00,85,12.7,14.0,0.00,0.00,0.00,3,100,84,100,15,14.2,208,207,21.6,30.2,1,0.00,1005.4,991.5
2023-09-22T10:00,16.2,0.10,80,12.8,15.1,0.10,0.00,0.00,51,93,1,93,8,13.9,213,211,20.1,33.1,1,2452.82,1005.5,991.6
2023-09-22T11:00,17.5,0.10,73,12.6,16.2,0.10,0.00,0.00,51,28,0,11,19,14.4,217,217,19.8,37.1,1,3600.00,1005.6,991.8
2023-09-22T12:00,18.4,0.00,67,12.1,17.1,0.00,0.00,0.00,1,28,0,14,20,13.6,212,212,19.1,37.4,1,3600.00,1005.4,991.6
2023-09-22T13:00,17.4,0.10,70,11.8,16.5,0.10,0.00,0.00,51,24,1,34,7,12.0,221,219,18.6,36.7,1,3600.00,1005.7,991.9
2023-09-22T14:00,18.9,0.00,61,11.3,17.2,0.00,0.00,0.00,0,18,0,15,7,14.4,212,212,20.9,35.3,1,3600.00,1005.3,991.5
2023-09-22T15:00,19.5,0.00,54,10.1,17.7,0.00,0.00,0.00,0,14,0,13,4,12.8,212,212,18.3,31.7,1,3600.00,1004.8,991.1
2023-09-22T16:00,19.6,0.00,55,10.3,18.0,0.00,0.00,0.00,1,32,22,13,1,11.5,200,200,16.9,30.6,1,3600.00,1004.7,991.0
2023-09-22T17:00,18.8,0.00,54,9.3,16.9,0.00,0.00,0.00,2,59,25,42,33,11.5,225,229,20.4,30.2,1,3600.00,1005.2,991.4
2023-09-22T18:00,14.4,4.80,86,12.1,13.0,4.80,0.00,0.00,63,100,45,100,73,14.2,274,277,23.1,36.7,1,3213.54,1007.2,993.2
2023-09-22T19:00,13.6,6.70,92,12.4,13.6,6.70,0.00,0.00,63,42,15,23,24,5.5,197,113,12.4,27.0,0,0.00,1007.3,993.3
2023-09-22T20:00,14.4,0.00,87,12.3,13.4,0.00,0.00,0.00,2,77,57,40,27,11.2,202,186,22.9,22.3,0,0.00,1008.1,994.1
2023-09-22T21:00,14.4,0.00,82,11.5,12.8,0.00,0.00,0.00,2,51,44,11,4,14.3,225,221,26.5,28.8,0,0.00,1008.8,994.8
2023-09-22T22:00,13.7,0.00,84,11.0,11.8,0.00,0.00,0.00,3,94,94,0,5,14.9,235,233,27.7,29.9,0,0.00,1009.7,995.6
2023-09-22T23:00,13.1,0.00,82,10.1,10.8,0.00,0.00,0.00,3,98,97,0,2,15.9,243,242,29.1,32.4,0,0.00,1010.3,996.2
2023-09-23T00:00,12.5,0.00,81,9.4,10.1,0.00,0.00,0.00,3,86,85,0,2,15.3,245,243,27.7,32.4,0,0.00,1011.1,997.0
2023-09-23T01:00,12.2,0.00,81,9.0,10.0,0.00,0.00,0.00,3,100,34,19,22,13.5,239,236,24.7,31.3,0,0.00,1012.1,997.9
2023-09-23T02:00,11.9,0.00,83,9.0,9.7,0.00,0.00,0.00,2,73,68,13,13,13.2,243,244,25.0,27.4,0,0.00,1012.5,998.3
2023-09-23T03:00,11.6,0.00,84,8.9,9.5,0.00,0.00,0.00,1,37,33,1,4,12.2,249,246,23.6,28.4,0,0.00,1012.8,998.6
2023-09-23T04:00,10.9,0.00,87,8.8,9.3,0.00,0.00,0.00,2,71,68,0,9,8.9,234,223,20.1,24.8,0,0.00,1013.5,999.2
2023-09-23T05:00,10.6,0.00,89,8.8,9.0,0.00,0.00,0.00,3,100,100,0,26,8.7,236,228,20.5,18.7,0,0.00,1014.0,999.7
2023-09-23T06:00,10.7,0.00,87,8.7,9.2,0.00,0.00,0.00,3,100,100,2,15,8.2,228,218,19.4,18.7,0,0.00,1014.5,1000.2
2023-09-23T07:00,10.9,0.00,88,8.9,9.2,0.00,0.00,0.00,3,100,100,0,5,9.3,225,216,19.3,18.7,1,0.00,1015.3,1001.0
2023-09-23T08:00,12.2,0.00,84,9.5,10.7,0.00,0.00,0.00,3,100,100,0,8,8.9,227,223,15.8,20.2,1,3600.00,1015.9,1001.7
2023-09-23T09:00,13.6,0.00,78,9.9,12.1,0.00,0.00,0.00,3,100,100,0,1,10.0,232,229,14.6,23.8,1,3600.00,1016.6,1002.4
2023-09-23T10:00,15.2,0.00,71,10.1,13.5,0.00,0.00,0.00,3,81,80,1,5,12.0,231,231,16.6,27.7,1,3600.00,1017.0,1002.9
2023-09-23T11:00,16.5,0.10,62,9.2,14.0,0.10,0.00,0.00,51,65,49,17,22,15.8,243,243,21.9,34.9,1,3600.00,1017.1,1003.1
2023-09-23T12:00,17.3,0.10,57,8.6,14.8,0.10,0.00,0.00,51,37,0,22,28,14.8,248,247,21.0,34.9,1,3600.00,1017.1,1003.1
2023-09-23T13:00,17.3,0.10,60,9.4,15.1,0.10,0.00,0.00,51,30,0,83,95,14.1,255,255,20.5,34.2,1,3600.00,1017.8,1003.8
2023-09-23T14:00,17.1,0.10,61,9.5,14.9,0.10,0.00,0.00,51,39,0,34,10,14.2,262,261,20.0,32.8,1,3600.00,1018.0,1004.0
2023-09-23T15:00,17.6,0.00,57,8.9,15.3,0.00,0.00,0.00,1,35,0,32,10,13.3,269,268,18.7,31.3,1,3600.00,1018.4,1004.4
2023-09-23T16:00,17.3,0.00,55,8.1,15.0,0.00,0.00,0.00,1,35,0,27,11,12.2,272,272,17.7,29.9,1,3600.00,1019.0,1005.0
2023-09-23T17:00,16.9,0.00,57,8.3,15.4,0.00,0.00,0.00,1,29,0,25,7,7.6,270,267,14.4,25.9,1,3600.00,1019.5,1005.4
2023-09-23T18:00,15.2,0.00,67,9.0,14.2,0.00,0.00,0.00,0,13,0,13,2,5.0,254,240,13.5,16.2,1,3081.41,1019.8,1005.7
2023-09-23T19:00,13.6,0.00,72,8.6,12.4,0.00,0.00,0.00,0,9,0,8,2,5.5,259,247,15.7,11.2,0,0.00,1020.8,1006.6
2023-09-23T20:00,12.7,0.00,76,8.7,11.5,0.00,0.00,0.00,0,0,0,0,0,5.9,270,256,17.3,11.9,0,0.00,1021.7,1007.4
2023-09-23T21:00,11.9,0.00,80,8.5,10.6,0.00,0.00,0.00,0,0,0,0,0,6.4,270,254,16.9,11.9,0,0.00,1022.7,1008.4
2023-09-23T22:00,10.6,0.00,85,8.2,9.0,0.00,0.00,0.00,0,0,0,0,0,7.9,270,240,13.3,12.2,0,0.00,1023.5,1009.1
2023-09-23T23:00,10.8,0.00,83,8.1,9.5,0.00,0.00,0.00,0,0,0,0,0,5.8,262,202,9.8,11.9,0,0.00,1024.0,1009.6
2023-09-24T00:00,11.1,0.00,82,8.2,10.1,0.00,0.00,0.00,0,0,0,0,0,4.0,258,170,7.0,9.0,0,0.00,1024.4,1010.0
2023-09-24T01:00,9.4,0.00,90,7.9,8.2,0.00,0.00,0.00,0,0,0,0,5,4.9,229,144,3.8,6.5,0,0.00,1024.8,1010.3
2023-09-24T02:00,9.0,0.00,91,7.6,7.7,0.00,0.00,0.00,0,1,0,0,1,5.0,243,150,3.2,7.9,0,0.00,1025.3,1010.8
2023-09-24T03:00,8.9,0.00,92,7.6,7.7,0.00,0.00,0.00,0,0,0,0,0,3.6,304,135,1.3,6.5,0,0.00,1025.3,1010.8
2023-09-24T04:00,8.3,0.00,93,7.2,6.8,0.00,0.00,0.00,0,0,0,0,0,5.1,153,129,0.8,6.5,0,0.00,1025.5,1010.9
2023-09-24T05:00,7.9,0.00,94,6.9,6.2,0.00,0.00,0.00,0,0,0,0,0,5.9,148,128,3.4,8.3,0,0.00,1025.9,1011.3
2023-09-24T06:00,7.7,0.00,94,6.8,6.1,0.00,0.00,0.00,0,0,0,0,0,5.5,145,122,5.7,8.6,0,0.00,1026.6,1012.0
2023-09-24T07:00,9.0,0.00,91,7.7,7.6,0.00,0.00,0.00,0,1,1,0,0,5.6,133,117,8.9,9.7,1,270.48,1027.3,1012.7
2023-09-24T08:00,11.4,0.00,85,9.0,10.4,0.00,0.00,0.00,0,0,0,0,0,5.0,130,120,8.9,12.6,1,3600.00,1027.6,1013.2
2023-09-24T09:00,13.6,0.00,77,9.7,12.9,0.00,0.00,0.00,0,0,0,0,0,4.4,121,125,6.3,13.7,1,3600.00,1027.8,1013.5
2023-09-24T10:00,15.6,0.00,70,10.2,15.3,0.00,0.00,0.00,0,0,0,0,0,2.8,135,140,4.1,13.7,1,3600.00,1027.8,1013.6
2023-09-24T11:00,17.1,0.00,63,10.1,16.8,0.00,0.00,0.00,0,0,0,0,0,2.1,140,149,2.8,12.6,1,3600.00,1027.3,1013.1
2023-09-24T12:00,18.1,0.00,58,9.6,18.0,0.00,0.00,0.00,0,0,0,0,0,2.6,122,124,3.4,12.6,1,3600.00,1026.9,1012.8
2023-09-24T13:00,19.1,0.00,52,9.2,18.7,0.00,0.00,0.00,0,0,0,0,27,4.7,118,122,6.1,15.1,1,3600.00,1026.9,1012.9
2023-09-24T14:00,19.6,0.00,49,8.5,18.0,0.00,0.00,0.00,0,7,0,0,7,7.9,127,129,10.8,19.8,1,3600.00,1026.3,1012.3
2023-09-24T15:00,19.6,0.00,46,7.7,17.3,0.00,0.00,0.00,0,5,0,0,5,11.4,123,125,15.9,25.6,1,3600.00,1025.7,1011.7
2023-09-24T16:00,19.2,0.00,47,7.8,16.9,0.00,0.00,0.00,0,0,0,0,0,11.8,117,117,18.2,27.7,1,3600.00,1025.3,1011.3
2023-09-24T17:00,18.5,0.00,53,8.7,17.1,0.00,0.00,0.00,0,0,0,0,0,7.0,112,111,15.2,25.9,1,3600.00,1025.2,1011.1
2023-09-24T18:00,15.7,0.00,64,8.8,14.4,0.00,0.00,0.00,0,0,0,0,0,6.5,109,93,15.3,15.5,1,2949.07,1025.1,1010.9
2023-09-24T19:00,14.6,0.00,62,7.3,12.9,0.00,0.00,0.00,0,0,0,0,0,7.0,97,78,17.8,13.7,0,0.00,1025.1,1010.9
2023-09-24T20:00,13.9,0.00,64,7.3,11.8,0.00,0.00,0.00,0,0,0,0,0,9.9,84,80,24.3,19.1,0,0.00,1025.4,1011.1
2023-09-24T21:00,13.7,0.00,66,7.4,11.5,0.00,0.00,0.00,0,0,0,0,0,10.4,96,92,25.7,21.2,0,0.00,1025.6,1011.3
2023-09-24T22:00,13.3,0.00,67,7.2,10.9,0.00,0.00,0.00,0,0,0,0,0,11.2,98,92,26.5,22.7,0,0.00,1025.7,1011.4
2023-09-24T23:00,12.7,0.00,69,7.2,10.4,0.00,0.00,0.00,0,0,0,0,0,10.9,99,96,26.3,22.7,0,0.00,1025.3,1011.0
2023-09-25T00:00,12.5,0.00,71,7.4,10.0,0.00,0.00,0.00,0,0,0,0,0,12.3,101,97,28.6,24.8,0,0.00,1025.0,1010.7
2023-09-25T01:00,12.1,0.00,73,7.4,9.8,0.00,0.00,0.00,0,0,0,0,0,10.9,106,99,25.9,24.8,0,0.00,1024.9,1010.5
2023-09-25T02:00,10.9,0.00,77,7.1,8.5,0.00,0.00,0.00,0,0,0,0,0,11.4,108,101,26.5,22.7,0,0.00,1024.8,1010.4
2023-09-25T03:00,10.4,0.00,78,6.8,8.0,0.00,0.00,0.00,0,0,0,0,0,10.7,109,102,26.0,23.4,0,0.00,1024.6,1010.2
2023-09-25T04:00,9.9,0.00,80,6.6,7.4,0.00,0.00,0.00,0,3,3,0,0,11.1,110,103,26.1,22.3,0,0.00,1024.2,1009.7
2023-09-25T05:00,9.9,0.00,79,6.4,7.2,0.00,0.00,0.00,0,10,10,0,0,12.2,111,104,27.7,24.5,0,0.00,1024.2,1009.7
2023-09-25T06:00,9.7,0.00,79,6.3,7.1,0.00,0.00,0.00,0,0,0,0,0,11.9,111,104,27.0,24.5,0,0.00,1024.2,1009.7
2023-09-25T07:00,10.1,0.00,79,6.7,7.7,0.00,0.00,0.00,0,0,0,0,0,10.8,113,105,24.2,24.1,1,258.74,1024.5,1010.0
2023-09-25T08:00,12.4,0.00,75,8.1,10.2,0.00,0.00,0.00,0,3,3,0,0,11.7,113,101,25.3,22.0,1,3600.00,1024.5,1010.2
2023-09-25T09:00,14.8,0.00,67,8.7,12.6,0.00,0.00,0.00,0,8,8,0,0,12.4,110,107,20.3,26.3,1,3600.00,1024.4,1010.2
2023-09-25T10:00,16.6,0.00,61,9.0,14.5,0.00,0.00,0.00,0,13,13,0,0,12.6,115,114,17.9,28.8,1,3600.00,1024.3,1010.2
2023-09-25T11:00,18.1,0.00,56,9.3,16.3,0.00,0.00,0.00,1,32,32,0,0,11.3,118,117,15.9,28.1,1,3600.00,1024.1,1010.0
2023-09-25T12:00,19.4,0.00,54,9.8,18.5,0.00,0.00,0.00,2,79,79,0,0,8.7,121,120,11.8,26.3,1,3600.00,1023.9,1009.9
2023-09-25T13:00,20.8,0.00,49,9.8,20.2,0.00,0.00,0.00,2,60,93,0,0,7.6,116,115,10.0,21.6,1,3600.00,1023.7,1009.8
2023-09-25T14:00,21.2,0.00,49,10.1,20.3,0.00,0.00,0.00,2,63,63,0,0,7.6,115,115,10.3,19.4,1,3600.00,1023.5,1009.6
2023-09-25T15:00,21.5,0.00,49,10.4,20.4,0.00,0.00,0.00,2,51,51,0,0,8.2,112,113,11.3,19.1,1,3600.00,1023.0,1009.1
2023-09-25T16:00,21.4,0.00,52,11.0,20.7,0.00,0.00,0.00,3,97,97,0,0,6.3,111,114,10.0,19.1,1,3600.00,1022.8,1008.9
2023-09-25T17:00,20.4,0.00,67,14.0,21.1,0.00,0.00,0.00,3,99,99,0,0,3.5,111,114,8.9,14.8,1,3600.00,1022.8,1008.9
2023-09-25T18:00,19.2,0.00,60,11.3,18.7,0.00,0.00,0.00,3,99,99,0,0,5.8,110,90,8.4,9.0,1,2816.63,1023.0,1009.0
2023-09-25T19:00,15.4,0.00,75,11.0,14.9,0.00,0.00,0.00,3,98,98,0,0,5.7,104,72,8.9,9.7,0,0.00,1023.1,1008.9
2023-09-25T20:00,14.4,0.00,80,11.0,14.0,0.00,0.00,0.00,2,62,62,0,0,4.8,92,63,11.2,10.4,0,0.00,1023.1,1008.9
2023-09-25T21:00,12.8,0.00,89,10.9,12.3,0.00,0.00,0.00,0,12,12,0,0,5.4,86,70,10.5,11.2,0,0.00,1023.4,1009.1
2023-09-25T22:00,12.1,0.00,91,10.7,11.1,0.00,0.00,0.00,0,17,17,0,0,8.3,98,88,17.1,15.8,0,0.00,1023.1,1008.8
2023-09-25T23:00,12.1,0.00,90,10.5,11.2,0.00,0.00,0.00,0,1,1,0,0,7.2,105,93,18.3,16.2,0,0.00,1023.0,1008.7
2023-09-26T00:00,11.5,0.00,92,10.2,10.7,0.00,0.00,0.00,0,0,0,0,0,5.8,104,94,14.8,14.0,0,0.00,1022.8,1008.4
2023-09-26T01:00,11.0,0.00,93,9.9,10.1,0.00,0.00,0.00,0,0,0,0,0,6.1,106,90,15.4,11.9,0,0.00,1023.1,1008.7
2023-09-26T02:00,10.2,0.00,94,9.3,9.2,0.00,0.00,0.00,0,0,0,0,0,5.4,100,82,13.9,11.9,0,0.00,1023.2,1008.8
2023-09-26T03:00,9.8,0.00,94,8.9,8.7,0.00,0.00,0.00,0,0,0,0,0,5.1,97,86,11.3,11.2,0,0.00,1023.0,1008.5
2023-09-26T04:00,9.5,0.00,95,8.7,8.5,0.00,0.00,0.00,0,0,0,0,0,4.7,104,94,10.7,10.8,0,0.00,1022.8,1008.3
2023-09-26T05:00,8.6,0.00,96,8.0,7.4,0.00,0.00,0.00,0,0,0,0,0,5.1,106,94,6.4,9.0,0,0.00,1022.9,1008.4
2023-09-26T06:00,8.6,0.00,96,8.0,7.4,0.00,0.00,0.00,0,0,0,0,0,4.3,93,85,6.5,7.9,0,0.00,1022.7,1008.2
2023-09-26T07:00,10.0,0.00,93,8.9,9.2,0.00,0.00,0.00,0,0,0,0,0,4.0,98,90,8.0,7.9,1,109.43,1022.7,1008.3
2023-09-26T08:00,12.7,0.00,86,10.5,12.2,0.00,0.00,0.00,0,0,0,0,0,4.7,110,122,10.4,11.9,1,3600.00,1022.8,1008.5
2023-09-26T09:00,15.3,0.00,80,11.9,15.5,0.00,0.00,0.00,0,0,0,0,0,2.6,108,106,5.7,11.9,1,3600.00,1022.7,1008.5
2023-09-26T10:00,17.6,0.00,74,13.0,18.2,0.00,0.00,0.00,0,0,0,0,0,2.6,117,124,4.0,11.9,1,3600.00,1022.3,1008.2
2023-09-26T11:00,19.5,0.00,69,13.6,20.3,0.00,0.00,0.00,0,0,0,0,0,2.8,132,140,4.3,13.0,1,3600.00,1021.9,1007.9
2023-09-26T12:00,21.0,0.00,64,13.8,22.2,0.00,0.00,0.00,0,0,0,0,0,2.4,139,153,3.3,13.0,1,3600.00,1021.4,1007.5
2023-09-26T13:00,22.3,0.00,57,13.3,23.4,0.00,0.00,0.00,0,0,0,0,0,2.5,180,188,2.9,12.2,1,3600.00,1021.3,1007.5
2023-09-26T14:00,22.8,0.00,56,13.6,24.0,0.00,0.00,0.00,0,0,0,0,0,1.4,169,180,1.8,11.2,1,3600.00,1020.9,1007.1
2023-09-26T15:00,23.1,0.00,55,13.5,24.0,0.00,0.00,0.00,0,0,0,0,0,1.3,202,214,1.9,9.7,1,3600.00,1020.7,1006.9
2023-09-26T16:00,22.9,0.00,55,13.4,23.8,0.00,0.00,0.00,0,0,0,0,0,1.6,239,243,2.1,8.6,1,3600.00,1020.5,1006.7
2023-09-26T17:00,22.3,0.00,61,14.3,23.3,0.00,0.00,0.00,0,0,0,0,0,2.3,243,252,2.4,6.8,1,3600.00,1020.4,1006.6
2023-09-26T18:00,21.5,0.00,58,13.0,22.1,0.00,0.00,0.00,0,0,0,0,0,2.1,270,301,1.4,4.3,1,2684.24,1020.7,1006.8
2023-09-26T19:00,20.3,0.00,62,12.9,20.7,0.00,0.00,0.00,0,0,0,0,0,3.1,300,21,2.9,4.3,0,0.00,1021.0,1007.1
2023-09-26T20:00,16.9,0.00,75,12.5,17.2,0.00,0.00,0.00,0,0,0,0,0,3.4,338,58,1.9,5.4,0,0.00,1021.4,1007.3
2023-09-26T21:00,14.4,0.00,85,11.9,14.3,0.00,0.00,0.00,0,11,11,0,0,4.5,56,76,1.3,6.8,0,0.00,1021.6,1007.4
2023-09-26T22:00,13.8,0.00,87,11.7,13.7,0.00,0.00,0.00,0,0,0,0,0,4.3,108,85,3.4,7.6,0,0.00,1021.2,1007.0
2023-09-26T23:00,12.5,0.00,91,11.0,12.0,0.00,0.00,0.00,1,24,24,0,0,5.0,135,90,3.6,7.9,0,0.00,1021.2,1006.9
2023-09-27T00:00,12.3,0.00,91,10.9,11.6,0.00,0.00,0.00,3,100,100,0,0,6.4,144,106,4.9,8.3,0,0.00,1021.1,1006.8
2023-09-27T01:00,11.9,0.00,94,11.0,11.1,0.00,0.00,0.00,3,100,100,0,0,7.9,128,106,11.0,9.7,0,0.00,1021.4,1007.1
2023-09-27T02:00,11.5,0.00,94,10.5,10.9,0.00,0.00,0.00,3,97,97,0,0,5.4,128,90,11.0,11.9,0,0.00,1021.5,1007.2
2023-09-27T03:00,11.5,0.00,92,10.3,10.7,0.00,0.00,0.00,3,98,98,0,0,5.8,131,94,12.0,9.7,0,0.00,1021.4,1007.1
2023-09-27T04:00,10.6,0.00,94,9.7,9.3,0.00,0.00,0.00,0,0,0,0,0,8.6,139,105,11.0,11.2,0,0.00,1021.4,1007.0
2023-09-27T05:00,12.8,0.00,88,10.9,12.5,0.00,0.00,0.00,0,0,0,0,0,3.4,121,72,4.2,11.2,0,0.00,1022.1,1007.8
2023-09-27T06:00,10.3,0.00,94,9.5,9.0,0.00,0.00,0.00,0,0,0,0,0,8.1,114,111,8.7,11.2,0,0.00,1021.9,1007.5
2023-09-27T07:00,11.3,0.00,95,10.5,10.8,0.00,0.00,0.00,0,0,0,0,0,4.7,130,122,10.7,10.4,1,45.40,1022.2,1007.8
2023-09-27T08:00,13.6,0.00,91,12.1,12.8,0.00,0.00,0.00,0,8,0,0,8,9.7,122,121,18.6,18.7,1,3600.00,1022.1,1007.8
2023-09-27T09:00,15.8,0.00,84,13.1,15.7,0.00,0.00,0.00,0,0,0,0,0,6.8,121,122,16.3,19.4,1,3600.00,1022.2,1008.1
2023-09-27T10:00,18.5,0.00,75,13.9,18.6,0.00,0.00,0.00,0,0,0,0,0,8.1,121,122,12.6,20.9,1,3600.00,1021.3,1007.3
2023-09-27T11:00,20.7,0.00,68,14.5,21.5,0.00,0.00,0.00,0,0,0,0,0,5.1,125,129,7.5,21.2,1,3600.00,1021.0,1007.1
2023-09-27T12:00,22.3,0.00,63,15.0,24.1,0.00,0.00,0.00,0,0,0,0,0,1.8,90,79,2.9,15.5,1,3600.00,1020.7,1006.9
2023-09-27T13:00,23.9,0.00,53,13.8,24.7,0.00,0.00,0.00,1,27,94,0,0,5.8,120,120,7.9,11.5,1,3600.00,1019.9,1006.2
2023-09-27T14:00,24.3,0.00,50,13.4,24.6,0.00,0.00,0.00,2,64,64,0,0,5.8,111,112,8.1,16.2,1,3600.00,1019.0,1005.3
2023-09-27T15:00,24.5,0.00,48,12.9,24.6,0.00,0.00,0.00,0,19,19,0,0,5.6,106,105,7.9,15.8,1,3600.00,1018.3,1004.6
2023-09-27T16:00,24.3,0.00,51,13.4,24.7,0.00,0.00,0.00,0,2,2,0,0,4.5,100,104,8.0,14.0,1,3600.00,1017.8,1004.1
2023-09-27T17:00,22.8,0.00,69,16.7,24.5,0.00,0.00,0.00,0,0,0,0,0,4.0,106,100,9.0,11.5,1,3600.00,1017.5,1003.8
2023-09-27T18:00,21.6,0.00,58,13.1,21.6,0.00,0.00,0.00,0,6,6,0,0,6.5,113,93,9.4,9.4,1,2552.00,1017.5,1003.7
2023-09-27T19:00,18.8,0.00,68,12.8,18.8,0.00,0.00,0.00,1,25,25,0,0,5.9,117,79,8.0,9.4,0,0.00,1017.4,1003.5
2023-09-27T20:00,16.1,0.00,79,12.6,16.0,0.00,0.00,0.00,0,0,0,0,0,6.0,119,73,8.2,9.0,0,0.00,1017.6,1003.5
2023-09-27T21:00,15.6,0.00,81,12.4,15.4,0.00,0.00,0.00,3,90,90,0,0,6.5,126,84,9.3,9.7,0,0.00,1017.6,1003.5
2023-09-27T22:00,15.2,0.00,83,12.3,15.0,0.00,0.00,0.00,2,58,58,0,0,6.3,136,103,11.5,10.4,0,0.00,1017.5,1003.4
2023-09-27T23:00,14.7,0.00,87,12.6,14.5,0.00,0.00,0.00,2,52,52,0,0,6.8,148,122,17.0,11.9,0,0.00,1017.4,1003.3
2023-09-28T00:00,14.1,0.00,90,12.6,13.8,0.00,0.00,0.00,3,100,100,0,0,7.7,157,127,17.3,14.8,0,0.00,1017.4,1003.2
2023-09-28T01:00,14.3,0.00,90,12.7,14.3,0.00,0.00,0.00,3,100,100,0,0,6.0,187,123,12.7,14.8,0,0.00,1017.8,1003.6
2023-09-28T02:00,14.6,0.00,88,12.7,14.6,0.00,0.00,0.00,3,100,100,0,0,5.2,190,115,10.6,11.2,0,0.00,1017.7,1003.6
2023-09-28T03:00,14.9,0.00,90,13.2,14.9,0.00,0.00,0.00,3,100,100,3,0,6.4,192,133,14.3,11.9,0,0.00,1017.8,1003.7
2023-09-28T04:00,15.3,0.00,90,13.7,15.4,0.00,0.00,0.00,3,100,100,99,0,7.7,192,143,17.3,15.1,0,0.00,1018.0,1003.9
2023-09-28T05:00,15.6,0.00,87,13.4,15.4,0.00,0.00,0.00,3,100,100,31,0,8.3,189,146,17.5,15.8,0,0.00,1018.3,1004.2
2023-09-28T06:00,15.5,0.00,84,12.8,15.1,0.00,0.00,0.00,0,16,0,16,0,8.5,191,152,17.6,16.2,0,0.00,1018.6,1004.5
2023-09-28T07:00,15.1,0.00,84,12.3,14.6,0.00,0.00,0.00,0,5,0,5,0,8.2,190,151,17.2,16.2,1,0.00,1018.9,1004.8
2023-09-28T08:00,16.9,0.00,78,13.0,16.5,0.00,0.00,0.00,0,2,0,2,0,8.9,180,140,16.2,15.8,1,3600.00,1019.2,1005.1
2023-09-28T09:00,18.9,0.00,69,13.2,18.7,0.00,0.00,0.00,0,0,0,0,0,8.6,177,165,13.7,19.1,1,3600.00,1019.1,1005.1
2023-09-28T10:00,20.9,0.00,61,13.1,20.7,0.00,0.00,0.00,0,4,4,0,0,7.6,192,188,10.7,19.4,1,3600.00,1019.2,1005.3
2023-09-28T11:00,22.4,0.00,56,13.2,22.3,0.00,0.00,0.00,0,13,13,0,0,7.9,206,204,10.8,20.2,1,3600.00,1019.1,1005.3
2023-09-28T12:00,23.8,0.00,52,13.5,24.0,0.00,0.00,0.00,0,0,0,0,0,7.0,217,215,9.5,20.2,1,3600.00,1019.1,1005.4
2023-09-28T13:00,25.1,0.00,51,14.4,25.9,0.00,0.00,0.00,3,86,88,0,0,6.4,198,196,8.3,18.7,1,3600.00,1019.0,1005.3
2023-09-28T14:00,25.6,0.00,48,13.9,25.9,0.00,0.00,0.00,3,100,100,0,0,6.7,196,196,9.3,18.0,1,3600.00,1018.4,1004.8
2023-09-28T15:00,25.8,0.00,47,13.7,26.1,0.00,0.00,0.00,3,100,100,0,0,6.0,206,205,9.2,17.3,1,3600.00,1017.9,1004.3
2023-09-28T16:00,25.5,0.00,51,14.5,26.3,0.00,0.00,0.00,3,98,98,0,0,4.2,212,211,8.1,15.1,1,3600.00,1017.7,1004.1
2023-09-28T17:00,24.5,0.00,63,17.0,26.5,0.00,0.00,0.00,3,98,98,0,0,3.1,185,159,7.6,10.8,1,3600.00,1017.5,1003.8
2023-09-28T18:00,20.7,0.00,69,14.8,21.1,0.00,0.00,0.00,3,94,94,0,0,7.5,178,145,9.0,10.8,1,2420.05,1017.6,1003.8
2023-09-28T19:00,19.3,0.00,69,13.5,19.4,0.00,0.00,0.00,3,99,99,0,0,6.9,184,137,10.8,11.5,0,0.00,1018.0,1004.1
2023-09-28T20:00,18.1,0.00,74,13.3,18.1,0.00,0.00,0.00,3,100,100,0,0,6.9,197,141,10.9,11.2,0,0.00,1018.5,1004.5
2023-09-28T21:00,18.0,0.00,73,13.0,18.2,0.00,0.00,0.00,3,100,100,0,0,5.1,184,129,11.5,10.8,0,0.00,1018.6,1004.6
2023-09-28T22:00,17.3,0.00,77,13.1,17.4,0.00,0.00,0.00,3,87,87,0,0,5.5,186,122,9.8,9.7,0,0.00,1018.7,1004.7
2023-09-28T23:00,16.7,0.00,78,12.8,16.8,0.00,0.00,0.00,2,69,69,0,0,5.2,182,115,8.3,9.4,0,0.00,1018.8,1004.7
2023-09-29T00:00,16.0,0.00,80,12.6,16.0,0.00,0.00,0.00,2,52,50,3,0,5.2,182,115,8.3,9.0,0,0.00,1018.7,1004.6
2023-09-29T01:00,16.5,0.00,78,12.7,16.5,0.00,0.00,0.00,3,84,56,74,0,6.2,153,100,10.1,9.4,0,0.00,1018.8,1004.7
2023-09-29T02:00,15.6,0.00,82,12.5,15.5,0.00,0.00,0.00,1,33,7,27,0,5.9,152,104,10.6,11.5,0,0.00,1018.8,1004.7
2023-09-29T03:00,15.0,0.00,84,12.3,14.6,0.00,0.00,0.00,3,97,0,97,0,7.7,159,118,13.9,14.0,0,0.00,1018.7,1004.6
2023-09-29T04:00,15.8,0.00,79,12.2,15.3,0.00,0.00,0.00,3,92,0,92,0,8.0,173,126,15.2,16.2,0,0.00,1018.8,1004.7
2023-09-29T05:00,16.4,0.00,76,12.3,15.9,0.00,0.00,0.00,1,40,1,39,0,8.7,182,138,17.7,17.3,0,0.00,1018.9,1004.8
2023-09-29T06:00,16.2,0.00,77,12.3,15.6,0.00,0.00,0.00,1,35,0,35,0,9.2,186,154,20.3,18.0,0,0.00,1019.1,1005.0
2023-09-29T07:00,16.5,0.00,76,12.3,15.8,0.00,0.00,0.00,2,72,0,72,0,9.8,173,144,20.0,19.1,1,0.00,1019.1,1005.0
2023-09-29T08:00,17.9,0.00,73,13.1,17.6,0.00,0.00,0.00,3,98,0,98,2,8.8,171,145,18.9,19.1,1,3600.00,1019.0,1005.0
2023-09-29T09:00,19.7,0.00,68,13.5,19.6,0.00,0.00,0.00,1,26,0,26,1,8.1,173,148,16.7,18.7,1,3600.00,1019.0,1005.1
2023-09-29T10:00,21.9,0.00,59,13.6,21.7,0.00,0.00,0.00,0,3,0,2,3,9.1,178,171,13.7,22.3,1,3600.00,1018.8,1005.0
2023-09-29T11:00,23.6,0.00,55,14.1,23.1,0.00,0.00,0.00,0,17,11,2,5,12.3,203,201,18.1,27.7,1,3600.00,1018.9,1005.2
2023-09-29T12:00,24.8,0.00,57,15.6,24.2,0.00,0.00,0.00,1,25,25,0,0,17.0,219,216,24.6,37.4,1,3600.00,1018.6,1004.9
2023-09-29T13:00,25.6,0.00,57,16.5,25.9,0.00,0.00,0.00,1,40,69,4,9,14.8,228,227,21.2,46.4,1,3600.00,1018.6,1005.0
2023-09-29T14:00,25.2,0.00,57,16.2,24.2,0.00,0.00,0.00,3,92,57,20,78,21.3,251,251,31.5,45.7,1,3600.00,1018.8,1005.1
2023-09-29T15:00,23.7,0.00,59,15.2,22.2,0.00,0.00,0.00,3,100,98,23,85,22.4,273,275,33.5,46.8,1,3600.00,1019.6,1005.9
2023-09-29T16:00,22.3,0.00,57,13.4,20.7,0.00,0.00,0.00,3,99,99,4,3,18.8,277,277,29.7,46.8,1,1304.75,1020.1,1006.3
2023-09-29T17:00,21.7,0.00,61,13.8,20.7,0.00,0.00,0.00,3,100,100,2,3,15.1,269,267,26.3,39.2,1,3600.00,1020.6,1006.8
2023-09-29T18:00,20.3,0.00,66,13.8,19.7,0.00,0.00,0.00,3,90,87,21,14,12.4,263,260,23.9,31.7,1,1288.24,1021.2,1007.3
2023-09-29T19:00,19.7,0.00,71,14.2,18.9,0.00,0.00,0.00,1,20,0,15,6,14.8,266,267,27.8,30.6,0,0.00,1022.0,1008.0
2023-09-29T20:00,18.5,0.00,79,14.7,18.1,0.00,0.00,0.00,0,10,0,7,5,13.4,265,265,25.7,30.6,0,0.00,1022.5,1008.5
2023-09-29T21:00,17.8,0.00,83,14.8,17.4,0.00,0.00,0.00,1,30,2,11,25,13.7,272,268,25.9,28.1,0,0.00,1023.5,1009.4
2023-09-29T22:00,17.5,0.00,84,14.7,17.4,0.00,0.00,0.00,2,64,4,7,60,11.2,282,276,22.5,27.7,0,0.00,1023.8,1009.7
2023-09-29T23:00,17.0,0.00,86,14.7,17.2,0.00,0.00,0.00,3,100,89,19,100,9.4,302,293,19.9,22.7,0,0.00,1024.4,1010.3
2023-09-30T00:00,17.2,0.00,84,14.6,17.5,0.00,0.00,0.00,3,100,41,16,100,8.4,307,295,17.2,19.8,0,0.00,1024.7,1010.6
2023-09-30T01:00,15.6,0.00,92,14.3,16.3,0.00,0.00,0.00,3,100,100,15,34,5.0,310,300,15.1,19.1,0,0.00,1025.6,1011.4
2023-09-30T02:00,15.6,0.00,92,14.3,16.3,0.00,0.00,0.00,2,72,66,3,14,5.1,321,309,13.8,10.8,0,0.00,1025.8,1011.6
2023-09-30T03:00,14.5,0.00,95,13.6,14.9,0.00,0.00,0.00,3,100,99,5,8,4.9,319,306,13.8,10.8,0,0.00,1025.8,1011.5
2023-09-30T04:00,14.3,0.00,95,13.6,14.7,0.00,0.00,0.00,3,99,99,14,21,5.5,327,328,14.6,11.5,0,0.00,1026.2,1011.9
2023-09-30T05:00,13.4,0.00,96,12.9,13.6,0.00,0.00,0.00,1,36,14,8,20,4.9,338,343,13.2,10.8,0,0.00,1026.4,1012.1
2023-09-30T06:00,13.3,0.00,97,12.8,13.3,0.00,0.00,0.00,2,52,9,6,45,5.9,347,346,14.8,11.9,0,0.00,1026.6,1012.3
2023-09-30T07:00,13.7,0.00,96,13.1,13.9,0.00,0.00,0.00,3,86,78,8,31,5.4,2,360,13.0,11.5,1,0.00,1026.8,1012.5
2023-09-30T08:00,15.1,0.00,90,13.5,15.5,0.00,0.00,0.00,2,63,61,3,3,4.3,8,355,8.0,11.2,1,3600.00,1027.2,1013.0
2023-09-30T09:00,16.4,0.00,85,13.8,17.3,0.00,0.00,0.00,1,24,12,9,14,2.1,346,329,3.0,11.5,1,3600.00,1027.6,1013.4
2023-09-30T10:00,17.5,0.00,76,13.3,18.2,0.00,0.00,0.00,3,87,84,9,19,2.6,297,286,3.2,11.9,1,3600.00,1027.6,1013.5
2023-09-30T11:00,18.8,0.00,67,12.6,18.7,0.00,0.00,0.00,3,91,87,0,29,5.8,297,292,7.2,17.3,1,3600.00,1027.6,1013.5
2023-09-30T12:00,19.4,0.00,63,12.1,19.1,0.00,0.00,0.00,2,61,44,0,30,6.3,297,294,8.0,18.0,1,3600.00,1027.2,1013.2
2023-09-30T13:00,19.8,0.00,61,12.0,19.1,0.00,0.00,0.00,1,41,29,0,11,8.7,319,318,11.0,20.9,1,3600.00,1027.3,1013.3
2023-09-30T14:00,19.8,0.00,56,10.8,19.0,0.00,0.00,0.00,3,99,99,0,4,7.6,336,335,9.8,22.7,1,3600.00,1027.0,1013.0
2023-09-30T15:00,19.9,0.00,53,9.9,19.1,0.00,0.00,0.00,3,100,100,0,1,5.2,339,335,7.0,19.8,1,3600.00,1026.7,1012.7
2023-09-30T16:00,19.5,0.00,52,9.4,18.8,0.00,0.00,0.00,3,100,100,0,0,3.6,9,6,4.7,14.8,1,3600.00,1026.2,1012.2
2023-09-30T17:00,18.8,0.00,62,11.3,18.9,0.00,0.00,0.00,3,100,100,0,0,2.4,34,27,5.2,9.7,1,3600.00,1026.0,1011.9
2023-09-30T18:00,15.9,0.00,70,10.5,15.1,0.00,0.00,0.00,3,100,100,0,0,6.6,65,68,8.4,9.0,1,390.71,1026.1,1011.9
2023-09-30T19:00,15.2,0.00,69,9.5,14.3,0.00,0.00,0.00,3,100,100,0,0,4.8,72,77,9.4,9.4,0,0.00,1026.3,1012.1
2023-09-30T20:00,13.8,0.00,76,9.5,13.0,0.00,0.00,0.00,3,95,95,0,0,4.4,83,81,8.7,9.0,0,0.00,1026.4,1012.1
2023-09-30T21:00,12.5,0.00,82,9.6,11.8,0.00,0.00,0.00,2,52,52,0,0,4.3,103,85,6.6,8.6,0,0.00,1026.5,1012.1
2023-09-30T22:00,11.6,0.00,86,9.4,10.9,0.00,0.00,0.00,0,0,0,0,0,4.0,124,80,6.5,9.4,0,0.00,1026.6,1012.2
2023-09-30T23:00,11.4,0.00,86,9.2,10.5,0.00,0.00,0.00,0,0,0,0,0,4.3,133,85,8.4,9.4,0,0.00,1026.7,1012.3
2023-10-01T00:00,11.3,0.00,85,8.9,10.3,0.00,0.00,0.00,0,0,0,0,0,4.7,135,99,11.7,9.4,0,0.00,1026.8,1012.4
2023-10-01T01:00,10.7,0.00,87,8.6,9.5,0.00,0.00,0.00,0,0,0,0,0,5.6,137,105,13.8,9.4,0,0.00,1027.2,1012.7
2023-10-01T02:00,10.3,0.00,87,8.3,9.0,0.00,0.00,0.00,0,4,4,0,0,6.2,138,97,14.0,11.5,0,0.00,1027.1,1012.6
2023-10-01T03:00,10.4,0.00,87,8.3,9.0,0.00,0.00,0.00,0,0,0,0,0,6.3,145,103,14.5,11.2,0,0.00,1026.7,1012.2
2023-10-01T04:00,10.7,0.00,86,8.4,9.3,0.00,0.00,0.00,0,10,10,0,0,6.6,148,112,14.9,13.0,0,0.00,1026.4,1011.9
2023-10-01T05:00,10.4,0.00,88,8.5,9.1,0.00,0.00,0.00,1,30,30,0,0,6.1,155,118,11.9,12.2,0,0.00,1026.5,1012.0
2023-10-01T06:00,10.1,0.00,91,8.6,8.9,0.00,0.00,0.00,3,92,92,0,0,5.8,162,120,10.2,11.2,0,0.00,1026.4,1011.9
2023-10-01T07:00,10.5,0.00,90,8.9,9.3,0.00,0.00,0.00,0,10,10,0,0,6.2,162,111,9.1,10.8,1,0.00,1026.6,1012.1
2023-10-01T08:00,13.2,0.00,82,10.2,12.3,0.00,0.00,0.00,0,0,0,0,0,6.5,153,124,9.7,13.7,1,3600.00,1027.0,1012.7
2023-10-01T09:00,16.0,0.00,74,11.4,15.6,0.00,0.00,0.00,0,10,10,0,0,5.7,149,145,9.2,14.8,1,3600.00,1027.2,1013.0
2023-10-01T10:00,17.9,0.00,69,12.0,17.7,0.00,0.00,0.00,0,0,0,0,0,5.7,162,162,8.0,16.6,1,3600.00,1026.8,1012.7
2023-10-01T11:00,19.5,0.00,64,12.6,19.7,0.00,0.00,0.00,0,0,0,0,0,4.3,184,185,5.8,16.6,1,3600.00,1026.9,1012.9
2023-10-01T12:00,20.8,0.00,60,12.8,21.1,0.00,0.00,0.00,0,1,1,0,0,4.1,196,195,5.2,14.8,1,3600.00,1026.6,1012.6
2023-10-01T13:00,21.7,0.00,54,11.8,21.9,0.00,0.00,0.00,0,0,19,0,0,3.8,197,197,4.9,14.8,1,3600.00,1026.1,1012.2
2023-10-01T14:00,22.2,0.00,51,11.7,22.2,0.00,0.00,0.00,0,0,0,0,0,3.6,176,174,4.7,13.7,1,3600.00,1025.5,1011.6
2023-10-01T15:00,22.5,0.00,50,11.5,22.2,0.00,0.00,0.00,0,10,10,0,0,4.7,173,171,6.2,13.3,1,3600.00,1024.9,1011.0
2023-10-01T16:00,22.3,0.00,52,12.0,22.3,0.00,0.00,0.00,1,25,25,0,0,4.1,169,165,5.9,13.3,1,3600.00,1024.3,1010.4
2023-10-01T17:00,21.2,0.00,72,16.1,22.8,0.00,0.00,0.00,3,95,95,0,0,3.2,138,117,5.4,9.7,1,3600.00,1024.2,1010.3
2023-10-01T18:00,17.6,0.00,73,12.6,17.4,0.00,0.00,0.00,3,99,99,0,0,6.8,122,90,6.8,9.0,1,1960.42,1024.3,1010.2
2023-10-01T19:00,16.8,0.00,73,12.0,16.7,0.00,0.00,0.00,3,84,84,0,0,5.0,126,90,8.5,9.4,0,0.00,1024.3,1010.2
2023-10-01T20:00,16.2,0.00,75,11.8,15.9,0.00,0.00,0.00,1,21,21,0,0,6.2,137,97,11.7,10.8,0,0.00,1024.3,1010.1
2023-10-01T21:00,15.8,0.00,75,11.4,15.2,0.00,0.00,0.00,0,6,6,0,0,7.0,141,102,13.8,12.6,0,0.00,1024.3,1010.1
2023-10-01T22:00,15.3,0.00,75,10.9,14.6,0.00,0.00,0.00,0,0,0,0,0,6.8,140,108,16.1,12.6,0,0.00,1024.1,1009.9
2023-10-01T23:00,14.8,0.00,74,10.3,13.9,0.00,0.00,0.00,0,1,1,0,0,7.0,133,111,17.3,13.0,0,0.00,1024.0,1009.8
2023-10-02T00:00,14.5,0.00,74,10.0,13.4,0.00,0.00,0.00,1,21,21,0,0,7.8,133,112,18.8,14.4,0,0.00,1023.6,1009.4
2023-10-02T01:00,13.2,0.00,83,10.3,12.4,0.00,0.00,0.00,0,17,8,0,0,6.3,150,114,15.0,15.1,0,0.00,1023.6,1009.3
2023-10-02T02:00,12.2,0.00,87,10.0,11.3,0.00,0.00,0.00,1,20,20,0,0,6.0,156,107,11.4,12.2,0,0.00,1023.6,1009.3
2023-10-02T03:00,11.8,0.00,88,9.9,10.9,0.00,0.00,0.00,3,99,99,0,0,5.6,164,105,9.0,10.8,0,0.00,1023.5,1009.1
2023-10-02T04:00,12.0,0.00,88,10.0,11.1,0.00,0.00,0.00,3,91,91,0,0,5.8,170,112,9.9,10.4,0,0.00,1023.5,1009.1
2023-10-02T05:00,12.1,0.00,88,10.2,11.3,0.00,0.00,0.00,3,85,85,0,0,6.1,173,118,12.0,10.8,0,0.00,1023.5,1009.2
2023-10-02T06:00,12.2,0.00,89,10.4,11.3,0.00,0.00,0.00,3,96,96,0,0,6.5,174,124,14.1,11.9,0,0.00,1023.3,1009.0
2023-10-02T07:00,12.6,0.00,89,10.8,11.7,0.00,0.00,0.00,1,34,34,0,0,7.5,172,125,14.9,13.3,1,0.00,1023.6,1009.3
2023-10-02T08:00,15.2,0.00,82,12.2,14.6,0.00,0.00,0.00,3,88,88,0,0,8.9,168,130,15.1,16.9,1,3600.00,1023.6,1009.4
2023-10-02T09:00,17.9,0.00,75,13.5,18.0,0.00,0.00,0.00,3,100,100,0,0,7.2,164,143,13.1,16.9,1,3600.00,1023.8,1009.7
2023-10-02T10:00,19.9,0.00,69,14.1,20.3,0.00,0.00,0.00,0,3,3,0,0,6.4,168,164,8.8,17.3,1,3600.00,1023.6,1009.6
2023-10-02T11:00,21.7,0.00,64,14.6,22.5,0.00,0.00,0.00,0,0,0,0,0,4.8,171,167,6.6,16.9,1,3600.00,1023.2,1009.3
2023-10-02T12:00,23.3,0.00,59,14.9,24.5,0.00,0.00,0.00,3,94,94,0,0,3.6,172,174,5.1,15.1,1,3600.00,1022.5,1008.7
2023-10-02T13:00,24.4,0.00,51,13.5,25.3,0.00,0.00,0.00,3,95,98,0,0,2.6,193,196,3.3,13.3,1,3600.00,1021.9,1008.2
2023-10-02T14:00,25.0,0.00,48,13.4,25.7,0.00,0.00,0.00,3,97,97,0,0,2.6,191,196,3.7,10.8,1,3600.00,1021.1,1007.4
2023-10-02T15:00,25.4,0.00,46,12.9,25.8,0.00,0.00,0.00,3,95,95,0,0,3.3,175,174,4.3,10.4,1,3600.00,1020.6,1006.9
2023-10-02T16:00,25.2,0.00,51,14.4,26.2,0.00,0.00,0.00,3,92,92,0,0,2.7,153,157,4.8,9.7,1,3600.00,1020.1,1006.4
2023-10-02T17:00,23.6,0.00,67,17.0,25.5,0.00,0.00,0.00,3,97,97,0,0,3.7,153,151,7.2,8.3,1,3600.00,1019.7,1006.0
2023-10-02T18:00,20.0,0.00,69,14.2,20.3,0.00,0.00,0.00,3,94,94,0,0,6.9,143,129,12.1,11.5,1,1897.54,1019.5,1005.6
2023-10-02T19:00,18.5,0.00,73,13.7,18.8,0.00,0.00,0.00,0,0,0,0,0,6.2,137,111,14.3,11.9,0,0.00,1019.3,1005.3
2023-10-02T20:00,17.1,0.00,78,13.1,17.2,0.00,0.00,0.00,0,14,14,0,0,5.9,136,104,15.0,11.5,0,0.00,1019.2,1005.2
2023-10-02T21:00,16.5,0.00,75,12.1,16.2,0.00,0.00,0.00,0,0,0,0,0,6.6,150,112,15.3,11.5,0,0.00,1019.1,1005.0
2023-10-02T22:00,17.1,0.00,69,11.3,16.3,0.00,0.00,0.00,0,0,0,0,0,7.8,149,112,16.8,14.0,0,0.00,1018.6,1004.6
2023-10-02T23:00,16.9,0.00,68,11.0,15.9,0.00,0.00,0.00,0,0,0,0,0,8.8,149,109,18.1,16.2,0,0.00,1018.2,1004.2
2023-10-03T00:00,16.0,0.00,72,11.1,15.2,0.00,0.00,0.00,0,4,4,0,0,8.1,166,122,18.2,17.3,0,0.00,1017.9,1003.8
2023-10-03T01:00,15.7,0.00,76,11.5,15.2,0.00,0.00,0.00,2,61,3,0,0,6.9,193,141,18.9,16.2,0,0.00,1017.6,1003.5
2023-10-03T02:00,15.7,0.00,75,11.3,14.8,0.00,0.00,0.00,1,24,24,0,0,8.5,193,152,20.7,17.3,0,0.00,1017.2,1003.1
2023-10-03T03:00,15.6,0.00,75,11.3,14.7,0.00,0.00,0.00,2,77,77,0,0,8.7,198,163,21.6,18.0,0,0.00,1016.8,1002.7
2023-10-03T04:00,15.9,0.00,75,11.4,14.9,0.00,0.00,0.00,3,100,100,0,0,10.1,203,174,24.2,20.9,0,0.00,1016.3,1002.2
2023-10-03T05:00,15.9,0.00,75,11.5,14.9,0.00,0.00,0.00,3,99,99,0,0,10.1,207,182,25.0,21.6,0,0.00,1016.1,1002.0
2023-10-03T06:00,16.3,0.00,74,11.6,15.3,0.00,0.00,0.00,3,100,100,0,0,10.1,208,184,25.0,22.0,0,0.00,1015.9,1001.9
2023-10-03T07:00,16.8,0.00,72,11.8,15.9,0.00,0.00,0.00,3,83,83,0,0,9.6,217,200,24.7,21.6,1,0.00,1015.9,1001.9
2023-10-03T08:00,18.7,0.00,66,12.3,17.6,0.00,0.00,0.00,3,90,90,0,0,12.8,232,230,27.4,27.0,1,3600.00,1016.2,1002.3
2023-10-03T09:00,20.7,0.00,63,13.4,20.2,0.00,0.00,0.00,3,91,91,0,0,10.6,235,235,34.4,31.3,1,3600.00,1016.2,1002.4
2023-10-03T10:00,22.2,0.00,57,13.3,20.5,0.00,0.00,0.00,3,100,100,18,4,18.5,236,237,33.7,41.4,1,3600.00,1016.5,1002.7
2023-10-03T11:00,22.8,0.00,56,13.7,20.2,0.00,0.00,0.00,2,58,57,0,0,26.1,233,232,40.3,54.7,1,3600.00,1016.5,1002.8
2023-10-03T12:00,23.6,0.00,57,14.7,21.7,0.00,0.00,0.00,3,81,79,6,4,23.2,242,240,34.8,54.4,1,3600.00,1016.4,1002.7
2023-10-03T13:00,24.5,0.00,54,14.5,22.2,0.00,0.00,0.00,3,98,100,56,13,25.4,243,243,37.2,50.0,1,3600.00,1016.5,1002.8
2023-10-03T14:00,23.2,0.00,58,14.5,21.1,0.00,0.00,0.00,3,100,93,95,33,24.3,236,238,37.1,52.2,1,3600.00,1016.6,1002.9
2023-10-03T15:00,21.1,2.80,73,16.0,19.9,2.80,0.00,0.00,63,100,97,95,61,22.2,243,245,37.7,52.2,1,2597.23,1017.0,1003.2
2023-10-03T16:00,18.6,4.20,89,16.8,17.8,4.20,0.00,0.00,63,100,85,100,61,21.7,263,263,37.3,58.7,1,0.00,1018.5,1004.5
2023-10-03T17:00,18.0,0.70,80,14.4,16.0,0.70,0.00,0.00,53,100,22,100,1,23.5,307,306,38.8,49.0,1,0.00,1020.4,1006.4
2023-10-03T18:00,17.3,0.00,73,12.4,15.4,0.00,0.00,0.00,1,30,0,29,1,17.7,299,297,30.5,47.2,1,0.00,1022.1,1008.0
2023-10-03T19:00,16.2,0.00,73,11.3,14.1,0.00,0.00,0.00,0,0,0,0,0,17.0,293,291,30.2,36.4,0,0.00,1024.1,1009.9
2023-10-03T20:00,14.8,0.00,77,10.9,13.2,0.00,0.00,0.00,0,8,0,0,8,13.2,283,281,25.8,34.9,0,0.00,1025.6,1011.4
2023-10-03T21:00,14.1,0.00,82,11.2,12.7,0.00,0.00,0.00,0,19,0,0,19,12.3,264,263,26.1,27.0,0,0.00,1027.1,1012.8
2023-10-03T22:00,13.2,0.00,89,11.3,12.7,0.00,0.00,0.00,0,0,0,0,0,5.8,282,274,16.9,24.8,0,0.00,1027.4,1013.1
2023-10-03T23:00,12.3,0.00,93,11.2,11.6,0.00,0.00,0.00,0,0,0,0,0,7.7,238,221,19.1,14.8,0,0.00,1028.3,1013.9
2023-10-04T00:00,12.1,0.00,94,11.2,11.2,0.00,0.00,0.00,0,6,0,0,6,8.6,226,213,20.9,17.3,0,0.00,1028.6,1014.2
2023-10-04T01:00,12.0,0.00,93,10.9,11.3,0.00,0.00,0.00,0,7,0,0,8,6.6,236,221,18.2,18.0,0,0.00,1028.9,1014.5
2023-10-04T02:00,10.6,0.00,94,9.6,9.6,0.00,0.00,0.00,0,2,0,0,2,5.9,248,223,15.5,13.7,0,0.00,1028.9,1014.4
2023-10-04T03:00,9.5,0.00,94,8.6,8.2,0.00,0.00,0.00,0,5,5,0,0,6.4,257,207,11.1,11.5,0,0.00,1029.2,1014.6
2023-10-04T04:00,9.2,0.00,94,8.4,8.0,0.00,0.00,0.00,0,16,16,0,0,5.1,259,188,7.7,10.8,0,0.00,1029.2,1014.6
2023-10-04T05:00,9.3,0.00,95,8.6,8.3,0.00,0.00,0.00,2,59,59,0,0,4.7,235,184,8.8,9.4,0,0.00,1029.2,1014.6
2023-10-04T06:00,9.4,0.00,95,8.7,8.2,0.00,0.00,0.00,0,6,6,0,0,5.8,213,176,12.5,11.2,0,0.00,1029.1,1014.5
2023-10-04T07:00,9.6,0.00,96,8.9,8.3,0.00,0.00,0.00,0,18,18,0,0,6.8,207,180,15.8,13.3,1,0.00,1029.3,1014.7
2023-10-04T08:00,11.1,0.00,93,9.9,10.0,0.00,0.00,0.00,0,0,0,0,0,7.0,218,192,16.4,15.5,1,3591.48,1030.0,1015.5
2023-10-04T09:00,12.8,0.00,87,10.7,12.1,0.00,0.00,0.00,0,2,2,0,0,6.3,211,204,9.7,16.9,1,3600.00,1030.2,1015.8
2023-10-04T10:00,14.5,0.00,79,11.0,13.9,0.00,0.00,0.00,0,0,0,0,0,6.4,235,232,8.8,18.0,1,3600.00,1030.1,1015.8
2023-10-04T11:00,16.1,0.00,71,10.8,15.2,0.00,0.00,0.00,0,0,0,0,0,8.0,244,243,10.8,21.2,1,3600.00,1030.0,1015.8
2023-10-04T12:00,17.5,0.00,59,9.5,15.9,0.00,0.00,0.00,1,33,2,0,31,10.9,264,264,14.8,25.9,1,3600.00,1029.5,1015.3
2023-10-04T13:00,17.7,0.00,59,9.5,16.0,0.00,0.00,0.00,3,100,41,0,49,10.6,279,280,14.2,25.9,1,3600.00,1029.4,1015.2
2023-10-04T14:00,17.7,0.00,57,9.0,16.1,0.00,0.00,0.00,3,100,100,0,30,9.1,280,279,12.4,24.8,1,3600.00,1028.8,1014.7
2023-10-04T15:00,17.7,0.00,56,8.7,16.2,0.00,0.00,0.00,3,100,100,0,10,7.9,272,273,10.4,22.0,1,3600.00,1028.3,1014.2
2023-10-04T16:00,17.5,0.00,56,8.5,16.4,0.00,0.00,0.00,3,100,100,0,2,5.1,262,262,8.0,18.4,1,3600.00,1028.0,1013.9
2023-10-04T17:00,16.6,0.00,75,12.2,16.7,0.00,0.00,0.00,3,99,99,0,3,3.9,238,202,5.5,11.9,1,861.90,1027.7,1013.5
2023-10-04T18:00,13.9,0.00,72,8.9,12.7,0.00,0.00,0.00,3,100,100,0,15,6.6,220,189,8.4,9.7,0,0.00,1027.7,1013.4
2023-10-04T19:00,13.8,0.00,71,8.5,12.5,0.00,0.00,0.00,2,75,72,1,10,5.6,239,207,13.4,10.1,0,0.00,1028.0,1013.7
2023-10-04T20:00,11.7,0.00,80,8.3,10.0,0.00,0.00,0.00,0,2,1,1,0,8.7,264,240,14.1,12.2,0,0.00,1027.9,1013.5
2023-10-04T21:00,14.4,0.00,64,7.7,13.2,0.00,0.00,0.00,0,0,0,0,0,4.5,281,299,9.2,12.6,0,0.00,1027.8,1013.5
2023-10-04T22:00,14.0,0.00,66,7.7,13.0,0.00,0.00,0.00,0,7,7,0,0,2.6,291,16,7.0,7.2,0,0.00,1027.7,1013.4
2023-10-04T23:00,13.7,0.00,66,7.5,13.0,0.00,0.00,0.00,0,17,17,0,0,0.4,297,90,4.8,5.4,0,0.00,1027.6,1013.3
2023-10-05T00:00,13.4,0.00,67,7.3,12.5,0.00,0.00,0.00,3,89,89,0,0,0.8,308,117,4.1,3.6,0,0.00,1027.4,1013.1
2023-10-05T01:00,9.6,0.00,84,7.1,8.1,0.00,0.00,0.00,3,99,100,0,0,5.0,183,150,6.5,5.0,0,0.00,1027.5,1013.0
2023-10-05T02:00,9.3,0.00,87,7.3,7.8,0.00,0.00,0.00,3,100,100,2,0,5.6,192,153,10.7,10.4,0,0.00,1027.3,1012.8
2023-10-05T03:00,9.0,0.00,89,7.4,7.6,0.00,0.00,0.00,3,100,100,29,0,5.0,200,150,11.8,10.8,0,0.00,1026.8,1012.3
2023-10-05T04:00,8.9,0.00,90,7.4,7.5,0.00,0.00,0.00,3,100,100,44,1,5.4,207,160,12.1,9.0,0,0.00,1026.8,1012.2
2023-10-05T05:00,9.6,0.00,89,8.0,8.4,0.00,0.00,0.00,3,96,94,58,3,4.7,213,176,12.5,9.4,0,0.00,1027.0,1012.5
2023-10-05T06:00,9.5,0.00,92,8.2,8.3,0.00,0.00,0.00,3,82,65,46,10,4.7,213,176,12.5,9.7,0,0.00,1027.0,1012.5
2023-10-05T07:00,9.7,0.00,92,8.4,8.6,0.00,0.00,0.00,3,98,79,88,18,4.7,212,176,12.3,9.4,1,0.00,1026.9,1012.4
2023-10-05T08:00,10.9,0.00,88,8.9,9.8,0.00,0.00,0.00,3,100,100,65,16,5.2,208,168,12.2,11.5,1,1521.55,1027.2,1012.7
2023-10-05T09:00,12.1,0.00,84,9.5,11.3,0.00,0.00,0.00,3,100,99,96,16,4.4,201,189,8.1,12.2,1,1697.91,1027.6,1013.2
2023-10-05T10:00,13.8,0.00,79,10.2,13.1,0.00,0.00,0.00,3,89,73,61,9,5.0,215,210,7.0,14.4,1,3476.48,1027.6,1013.3
2023-10-05T11:00,15.2,0.00,75,10.7,14.6,0.00,0.00,0.00,3,97,97,24,1,5.4,239,233,7.6,16.2,1,3600.00,1027.6,1013.4
2023-10-05T12:00,16.8,0.00,67,10.5,15.8,0.00,0.00,0.00,3,100,100,40,18,8.0,277,278,11.3,19.4,1,3600.00,1027.5,1013.3
2023-10-05T13:00,16.6,0.00,64,9.8,15.4,0.00,0.00,0.00,3,100,100,79,24,8.2,293,293,11.8,24.1,1,2267.88,1027.7,1013.5
2023-10-05T14:00,16.7,0.00,65,10.0,15.9,0.00,0.00,0.00,3,100,100,87,1,5.7,301,305,9.2,18.4,1,0.00,1027.2,1013.0
2023-10-05T15:00,16.9,0.00,63,9.8,15.9,0.00,0.00,0.00,3,100,100,12,2,6.2,303,306,9.9,16.9,1,0.00,1026.9,1012.7
2023-10-05T16:00,16.8,0.00,62,9.6,15.7,0.00,0.00,0.00,3,100,100,13,9,7.0,302,305,11.5,16.2,1,0.00,1026.9,1012.7
2023-10-05T17:00,15.9,0.00,71,10.7,15.6,0.00,0.00,0.00,3,89,85,10,18,3.8,308,311,10.5,16.9,1,3600.00,1027.0,1012.8
2023-10-05T18:00,15.8,0.00,64,9.0,15.0,0.00,0.00,0.00,1,46,45,1,0,3.7,310,11,6.1,9.4,0,889.87,1027.0,1012.8
2023-10-05T19:00,15.0,0.00,67,8.9,14.6,0.00,0.00,0.00,1,48,47,2,0,1.1,278,90,2.5,6.1,0,0.00,1027.2,1012.9
2023-10-05T20:00,11.8,0.00,80,8.5,10.8,0.00,0.00,0.00,1,40,40,1,0,4.2,204,121,4.3,5.4,0,0.00,1027.4,1013.0
2023-10-05T21:00,10.3,0.00,86,8.1,8.9,0.00,0.00,0.00,1,22,22,0,0,6.2,200,126,5.4,8.3,0,0.00,1027.6,1013.1
2023-10-05T22:00,10.4,0.00,85,8.0,9.2,0.00,0.00,0.00,1,32,32,0,0,4.5,207,119,3.2,8.3,0,0.00,1027.6,1013.1
2023-10-05T23:00,10.0,0.00,86,7.7,8.8,0.00,0.00,0.00,0,9,9,0,0,3.9,270,112,1.1,7.6,0,0.00,1027.8,1013.3
2023-10-06T00:00,9.1,0.00,89,7.4,7.7,0.00,0.00,0.00,0,0,0,0,0,5.0,180,120,1.4,7.2,0,0.00,1028.0,1013.4
2023-10-06T01:00,8.6,0.00,92,7.4,7.2,0.00,0.00,0.00,0,9,1,0,0,5.0,157,111,5.5,7.9,0,0.00,1028.5,1013.9
2023-10-06T02:00,8.3,0.00,92,7.1,6.7,0.00,0.00,0.00,1,25,24,0,0,5.8,151,112,9.5,10.8,0,0.00,1028.3,1013.7
2023-10-06T03:00,8.2,0.00,92,7.0,6.5,0.00,0.00,0.00,1,39,39,0,0,6.0,143,107,12.1,11.2,0,0.00,1028.0,1013.4
2023-10-06T04:00,7.8,0.00,94,6.8,6.1,0.00,0.00,0.00,3,90,90,0,0,5.6,139,105,12.5,10.8,0,0.00,1027.9,1013.3
2023-10-06T05:00,7.6,0.00,95,6.8,5.9,0.00,0.00,0.00,1,46,46,0,0,5.9,137,104,12.7,11.2,0,0.00,1027.9,1013.3
2023-10-06T06:00,7.4,0.00,96,6.8,5.7,0.00,0.00,0.00,1,23,23,0,1,5.6,132,105,13.5,11.9,0,0.00,1027.7,1013.1
2023-10-06T07:00,7.4,0.00,96,6.9,5.9,0.00,0.00,0.00,1,24,22,0,2,5.0,136,111,13.0,10.1,1,0.00,1027.9,1013.3
2023-10-06T08:00,10.0,0.00,90,8.5,8.6,0.00,0.00,0.00,1,34,34,0,0,7.1,137,120,13.2,14.0,1,3405.45,1028.1,1013.6
2023-10-06T09:00,12.5,0.00,83,9.7,11.8,0.00,0.00,0.00,0,14,14,0,0,4.4,141,145,9.7,14.0,1,3600.00,1028.3,1013.9
2023-10-06T10:00,14.5,0.00,76,10.3,14.1,0.00,0.00,0.00,3,97,97,15,0,3.9,152,158,5.3,13.7,1,3600.00,1028.2,1013.9
2023-10-06T11:00,16.2,0.00,69,10.4,15.9,0.00,0.00,0.00,3,98,98,14,0,3.0,186,194,3.6,13.7,1,3600.00,1027.8,1013.6
2023-10-06T12:00,17.3,0.00,63,10.2,16.7,0.00,0.00,0.00,3,80,80,0,0,4.7,202,203,5.8,15.5,1,3600.00,1027.2,1013.1
2023-10-06T13:00,18.0,0.00,58,9.5,17.0,0.00,0.00,0.00,2,50,69,8,0,5.9,227,227,7.4,17.6,1,3600.00,1026.7,1012.6
2023-10-06T14:00,18.4,0.00,54,9.0,17.3,0.00,0.00,0.00,3,95,95,7,0,5.6,225,225,7.1,16.9,1,3600.00,1026.1,1012.0
2023-10-06T15:00,18.5,0.00,53,8.8,17.2,0.00,0.00,0.00,3,100,100,8,0,6.4,220,223,8.4,16.6,1,3600.00,1025.5,1011.4
2023-10-06T16:00,18.1,0.00,57,9.3,17.1,0.00,0.00,0.00,3,100,100,77,0,5.1,225,225,8.1,16.2,1,3600.00,1025.2,1011.1
2023-10-06T17:00,16.8,0.00,70,11.3,16.6,0.00,0.00,0.00,3,100,100,27,0,3.7,204,191,9.8,12.6,1,1429.74,1025.0,1010.9
2023-10-06T18:00,14.9,0.00,68,9.0,13.6,0.00,0.00,0.00,3,94,94,1,0,6.5,198,186,17.4,11.5,0,0.00,1025.1,1010.9
2023-10-06T19:00,13.8,0.00,71,8.6,12.3,0.00,0.00,0.00,2,56,56,0,0,7.9,222,204,21.2,15.1,0,0.00,1025.4,1011.1
2023-10-06T20:00,12.4,0.00,81,9.2,11.2,0.00,0.00,0.00,3,80,80,0,0,6.5,241,214,18.0,15.1,0,0.00,1025.4,1011.0
2023-10-06T21:00,11.6,0.00,85,9.2,10.5,0.00,0.00,0.00,3,100,100,0,0,6.0,233,197,16.7,12.2,0,0.00,1025.4,1011.0
2023-10-06T22:00,11.6,0.00,85,9.2,10.4,0.00,0.00,0.00,3,100,100,0,0,7.0,222,192,18.9,13.3,0,0.00,1025.4,1011.0
2023-10-06T23:00,11.1,0.00,87,9.1,9.9,0.00,0.00,0.00,3,96,96,0,0,6.4,223,196,17.8,13.3,0,0.00,1025.6,1011.2
2023-10-07T00:00,10.5,0.00,89,8.8,9.3,0.00,0.00,0.00,2,69,69,0,0,6.0,233,205,15.4,12.2,0,0.00,1025.7,1011.2
2023-10-07T01:00,9.4,0.00,91,8.0,7.6,0.00,0.00,0.00,0,8,4,0,0,8.8,226,189,15.5,11.5,0,0.00,1025.6,1011.1
2023-10-07T02:00,9.3,0.00,89,7.6,7.7,0.00,0.00,0.00,0,13,13,0,0,6.4,232,196,15.6,16.6,0,0.00,1025.5,1011.0
2023-10-07T03:00,9.9,0.00,88,8.0,8.4,0.00,0.00,0.00,0,0,0,0,0,6.8,229,198,18.1,13.3,0,0.00,1025.3,1010.8
2023-10-07T04:00,9.8,0.00,89,8.1,8.2,0.00,0.00,0.00,0,0,0,0,0,7.4,231,209,20.2,16.2,0,0.00,1025.4,1010.9
2023-10-07T05:00,8.9,0.00,91,7.4,7.3,0.00,0.00,0.00,0,0,0,0,0,6.0,228,197,17.1,14.8,0,0.00,1025.6,1011.1
2023-10-07T06:00,9.2,0.00,90,7.6,7.5,0.00,0.00,0.00,0,1,0,1,0,7.6,226,199,19.6,14.8,0,0.00,1025.5,1011.0
2023-10-07T07:00,9.3,0.00,90,7.8,7.6,0.00,0.00,0.00,0,4,0,4,0,7.6,225,199,19.3,16.2,1,0.00,1025.7,1011.2
2023-10-07T08:00,11.1,0.00,85,8.7,9.3,0.00,0.00,0.00,0,3,0,3,0,9.5,224,205,21.4,18.7,1,3311.42,1026.2,1011.8
2023-10-07T09:00,13.1,0.00,78,9.3,11.5,0.00,0.00,0.00,0,8,0,8,0,9.2,211,206,16.8,20.5,1,3600.00,1026.3,1012.0
2023-10-07T10:00,14.9,0.00,72,9.8,13.4,0.00,0.00,0.00,2,72,11,69,0,10.0,221,218,14.8,23.4,1,3600.00,1026.4,1012.2
2023-10-07T11:00,16.5,0.00,66,10.1,14.9,0.00,0.00,0.00,3,100,51,100,0,11.2,227,225,16.3,25.9,1,3600.00,1026.3,1012.1
2023-10-07T12:00,16.5,0.00,66,10.2,14.7,0.00,0.00,0.00,2,74,37,60,0,12.8,222,220,18.9,27.7,1,0.00,1026.1,1011.9
2023-10-07T13:00,17.8,0.00,64,11.0,15.9,0.00,0.00,0.00,3,99,98,50,0,15.0,227,224,21.7,30.6,1,3600.00,1025.7,1011.6
2023-10-07T14:00,19.1,0.00,60,11.2,17.3,0.00,0.00,0.00,2,59,58,3,0,15.1,231,230,21.8,34.2,1,3600.00,1025.5,1011.5
2023-10-07T15:00,19.8,0.00,58,11.3,18.0,0.00,0.00,0.00,0,19,19,0,0,14.6,233,232,22.1,32.8,1,3600.00,1025.3,1011.3
2023-10-07T16:00,20.0,0.00,57,11.3,18.4,0.00,0.00,0.00,0,1,0,1,0,13.7,237,235,22.4,32.0,1,3600.00,1025.2,1011.2
2023-10-07T17:00,19.0,0.00,62,11.5,17.9,0.00,0.00,0.00,0,16,0,16,0,10.5,233,229,22.1,29.2,1,3600.00,1025.1,1011.1
2023-10-07T18:00,17.6,0.00,65,10.8,16.1,0.00,0.00,0.00,3,100,0,100,0,11.5,233,226,26.2,23.0,0,613.03,1025.1,1011.0
2023-10-07T19:00,17.9,0.00,62,10.6,16.3,0.00,0.00,0.00,3,87,14,84,0,12.1,236,233,26.0,24.5,0,0.00,1025.4,1011.3
2023-10-07T20:00,16.9,0.00,66,10.4,15.4,0.00,0.00,0.00,3,100,56,100,0,11.5,231,226,26.4,24.5,0,0.00,1025.2,1011.1
2023-10-07T21:00,16.9,0.00,66,10.5,15.3,0.00,0.00,0.00,2,67,3,65,0,12.0,233,231,26.7,24.8,0,0.00,1025.4,1011.3
2023-10-07T22:00,16.2,0.00,69,10.4,14.6,0.00,0.00,0.00,3,84,11,82,0,12.2,228,223,27.0,24.1,0,0.00,1025.7,1011.5
2023-10-07T23:00,16.0,0.00,69,10.4,14.4,0.00,0.00,0.00,0,17,5,12,0,12.0,229,221,26.3,23.8,0,0.00,1025.6,1011.4
2023-10-08T00:00,15.2,0.00,73,10.4,13.7,0.00,0.00,0.00,0,15,11,4,0,10.7,228,222,25.2,23.8,0,0.00,1025.6,1011.4
2023-10-08T01:00,15.2,0.00,76,11.0,13.8,0.00,0.00,0.00,0,16,2,100,0,11.7,229,225,26.3,20.9,0,0.00,1025.4,1011.2
2023-10-08T02:00,15.2,0.00,76,11.0,13.8,0.00,0.00,0.00,1,29,28,5,0,12.0,226,219,25.7,23.4,0,0.00,1025.4,1011.2
2023-10-08T03:00,14.2,0.00,79,10.7,12.5,0.00,0.00,0.00,1,27,23,5,0,13.4,223,216,27.8,25.9,0,0.00,1025.1,1010.8
2023-10-08T04:00,13.4,0.00,82,10.3,11.9,0.00,0.00,0.00,3,89,70,79,0,10.8,224,217,24.2,25.9,0,0.00,1025.3,1011.0
2023-10-08T05:00,13.0,0.00,83,10.1,11.6,0.00,0.00,0.00,2,73,67,52,0,9.5,223,209,21.1,20.5,0,0.00,1025.5,1011.2
2023-10-08T06:00,12.6,0.00,84,10.0,11.5,0.00,0.00,0.00,2,69,64,15,0,7.7,225,208,19.3,18.4,0,0.00,1025.5,1011.2
2023-10-08T07:00,12.6,0.00,86,10.2,11.5,0.00,0.00,0.00,3,95,94,9,0,8.0,224,207,20.4,16.6,1,0.00,1025.5,1011.2
2023-10-08T08:00,14.0,0.00,83,11.1,13.1,0.00,0.00,0.00,2,78,69,29,0,8.1,226,201,17.6,16.2,1,3216.70,1025.9,1011.6
2023-10-08T09:00,15.8,0.00,78,12.0,15.8,0.00,0.00,0.00,2,69,65,12,0,4.2,249,239,8.1,14.8,1,3600.00,1026.5,1012.3
2023-10-08T10:00,17.6,0.00,71,12.3,17.3,0.00,0.00,0.00,3,94,92,63,0,6.5,238,236,8.9,17.6,1,3600.00,1026.4,1012.3
2023-10-08T11:00,19.1,0.00,65,12.4,19.0,0.00,0.00,0.00,3,90,76,83,0,5.4,267,262,7.6,18.0,1,3600.00,1026.4,1012.4
2023-10-08T12:00,20.2,0.00,62,12.6,20.3,0.00,0.00,0.00,3,95,41,93,0,4.7,280,279,6.2,15.8,1,3600.00,1026.4,1012.4
2023-10-08T13:00,21.0,0.00,60,13.0,21.1,0.00,0.00,0.00,2,68,17,11,0,5.8,251,248,7.6,15.1,1,3600.00,1026.1,1012.2
2023-10-08T14:00,21.8,0.00,58,13.3,22.1,0.00,0.00,0.00,2,64,62,28,0,4.7,280,279,6.2,16.9,1,3600.00,1025.9,1012.0
2023-10-08T15:00,21.9,0.00,59,13.5,22.5,0.00,0.00,0.00,2,50,48,3,0,3.2,294,297,4.3,14.0,1,3600.00,1025.5,1011.6
2023-10-08T16:00,21.7,0.00,60,13.5,22.6,0.00,0.00,0.00,2,64,63,10,0,1.5,301,315,2.1,10.4,1,3600.00,1025.2,1011.3
2023-10-08T17:00,20.4,0.00,75,15.9,22.1,0.00,0.00,0.00,1,48,21,44,0,2.2,141,90,2.3,5.4,1,3600.00,1024.8,1010.8
2023-10-08T18:00,17.4,0.00,76,13.1,17.6,0.00,0.00,0.00,1,27,13,17,0,5.4,105,70,5.6,7.9,0,392.68,1024.8,1010.7
2023-10-08T19:00,16.5,0.00,80,13.1,16.7,0.00,0.00,0.00,0,15,13,1,0,5.1,148,94,10.2,8.6,0,0.00,1024.8,1010.7
2023-10-08T20:00,15.9,0.00,82,12.8,15.7,0.00,0.00,0.00,1,34,18,20,0,7.3,174,123,13.8,13.0,0,0.00,1024.8,1010.6
2023-10-08T21:00,15.7,0.00,78,11.9,15.3,0.00,0.00,0.00,0,18,1,18,0,6.6,198,151,15.1,15.1,0,0.00,1024.4,1010.2
2023-10-08T22:00,14.7,0.00,81,11.5,14.4,0.00,0.00,0.00,1,30,24,8,0,5.2,221,168,13.8,11.5,0,0.00,1024.4,1010.2
2023-10-08T23:00,14.4,0.00,85,11.8,14.1,0.00,0.00,0.00,2,71,70,3,0,5.9,217,169,14.4,10.8,0,0.00,1024.0,1009.8
2023-10-09T00:00,14.3,0.00,86,12.0,13.9,0.00,0.00,0.00,3,96,96,0,0,6.9,213,174,17.2,13.3,0,0.00,1023.3,1009.1
2023-10-09T01:00,13.6,0.00,90,12.0,13.2,0.00,0.00,0.00,0,10,12,11,0,7.2,223,183,13.2,14.4,0,0.00,1023.0,1008.7
2023-10-09T02:00,13.3,0.00,88,11.3,12.8,0.00,0.00,0.00,2,69,63,38,0,6.1,220,183,15.6,14.8,0,0.00,1022.6,1008.3
2023-10-09T03:00,13.4,0.00,87,11.3,12.7,0.00,0.00,0.00,2,62,61,10,0,6.9,219,189,18.4,13.7,0,0.00,1022.1,1007.8
2023-10-09T04:00,12.8,0.00,88,10.9,12.2,0.00,0.00,0.00,1,47,46,13,0,6.2,221,190,17.1,13.7,0,0.00,1022.0,1007.7
2023-10-09T05:00,12.7,0.00,88,10.7,12.0,0.00,0.00,0.00,0,10,9,1,0,6.2,218,187,17.4,13.3,0,0.00,1022.0,1007.7
2023-10-09T06:00,12.0,0.00,88,10.0,11.1,0.00,0.00,0.00,1,41,39,13,0,6.2,222,187,15.0,12.2,0,0.00,1022.1,1007.8
2023-10-09T07:00,12.3,0.00,86,10.0,11.4,0.00,0.00,0.00,3,98,95,51,0,6.2,220,190,16.9,11.5,1,0.00,1022.0,1007.7
2023-10-09T08:00,14.8,0.00,77,10.9,13.9,0.00,0.00,0.00,3,83,81,10,0,8.0,220,198,18.7,15.5,1,3121.31,1022.2,1008.0
2023-10-09T09:00,16.9,0.00,72,11.8,16.3,0.00,0.00,0.00,1,29,18,14,0,8.0,225,216,20.9,17.6,1,3600.00,1022.4,1008.3
2023-10-09T10:00,18.8,0.00,66,12.3,18.2,0.00,0.00,0.00,3,89,86,21,0,9.4,228,227,15.0,20.5,1,3600.00,1022.2,1008.2
2023-10-09T11:00,20.5,0.00,59,12.2,19.6,0.00,0.00,0.00,3,85,83,13,0,10.7,232,230,15.9,25.2,1,3600.00,1022.1,1008.2
2023-10-09T12:00,21.7,0.00,56,12.5,20.8,0.00,0.00,0.00,3,99,92,85,0,11.3,239,239,16.0,25.9,1,3600.00,1021.9,1008.0
2023-10-09T13:00,20.8,0.00,58,12.4,20.1,0.00,0.00,0.00,3,100,100,98,0,10.2,228,225,14.5,27.4,1,3600.00,1022.2,1008.3
2023-10-09T14:00,21.5,0.00,57,12.6,20.7,0.00,0.00,0.00,3,100,96,98,0,10.9,226,224,18.1,23.4,1,0.00,1021.5,1007.6
2023-10-09T15:00,22.7,0.00,50,11.7,21.5,0.00,0.00,0.00,3,100,100,83,0,11.7,230,227,20.7,27.0,1,3470.13,1021.0,1007.2
2023-10-09T16:00,22.1,0.00,54,12.2,21.6,0.00,0.00,0.00,3,100,100,100,0,7.8,239,236,18.1,25.6,1,3005.11,1020.7,1006.9
2023-10-09T17:00,20.4,0.00,57,11.6,19.8,0.00,0.00,0.00,3,100,100,98,0,7.3,245,237,19.5,18.4,1,0.00,1020.8,1006.9
2023-10-09T18:00,19.2,0.00,56,10.2,18.2,0.00,0.00,0.00,3,97,92,57,0,7.4,242,227,20.0,15.1,0,0.00,1021.1,1007.1
2023-10-09T19:00,17.8,0.00,62,10.5,17.0,0.00,0.00,0.00,3,87,83,26,0,6.1,248,225,17.9,15.1,0,0.00,1021.4,1007.4
2023-10-09T20:00,15.8,0.00,72,10.7,15.0,0.00,0.00,0.00,1,34,21,17,0,6.8,254,205,12.0,13.0,0,0.00,1021.5,1007.4
2023-10-09T21:00,14.6,0.00,77,10.5,13.7,0.00,0.00,0.00,0,6,1,4,0,7.0,261,192,9.5,11.5,0,0.00,1021.7,1007.5
2023-10-09T22:00,15.2,0.00,72,10.3,14.5,0.00,0.00,0.00,0,6,5,1,0,5.4,268,180,8.3,10.8,0,0.00,1022.2,1008.0
2023-10-09T23:00,16.7,0.00,65,10.2,16.2,0.00,0.00,0.00,2,63,59,11,0,3.9,265,158,7.6,9.0,0,0.00,1022.4,1008.3
2023-10-10T00:00,16.2,0.00,68,10.2,16.1,0.00,0.00,0.00,3,82,80,7,0,1.1,278,108,5.4,6.8,0,0.00,1022.5,1008.4
2023-10-10T01:00,16.3,0.00,67,10.1,16.2,0.00,0.00,0.00,3,97,96,14,0,0.5,283,135,4.8,3.6,0,0.00,1022.4,1008.3
2023-10-10T02:00,12.1,0.00,86,9.9,11.3,0.00,0.00,0.00,2,56,55,0,0,5.1,230,141,2.8,6.8,0,0.00,1022.3,1008.0
2023-10-10T03:00,12.3,0.00,86,10.1,11.7,0.00,0.00,0.00,3,100,100,0,0,4.8,180,138,5.0,8.6,0,0.00,1022.0,1007.7
2023-10-10T04:00,11.9,0.00,90,10.3,11.1,0.00,0.00,0.00,3,100,100,0,0,6.4,178,137,10.4,11.5,0,0.00,1021.8,1007.5
2023-10-10T05:00,11.6,0.00,91,10.1,10.8,0.00,0.00,0.00,3,100,100,0,0,5.4,178,127,10.4,11.5,0,0.00,1022.1,1007.7
2023-10-10T06:00,11.2,0.00,91,9.8,10.4,0.00,0.00,0.00,3,100,100,0,0,4.8,170,132,9.9,9.7,0,0.00,1022.2,1007.8
2023-10-10T07:00,11.1,0.00,92,9.8,10.3,0.00,0.00,0.00,3,100,100,0,0,5.2,180,146,9.7,9.4,1,0.00,1022.2,1007.8
2023-10-10T08:00,12.9,0.00,87,10.8,12.2,0.00,0.00,0.00,3,100,100,0,0,6.3,187,149,9.4,11.9,1,827.61,1022.4,1008.1
2023-10-10T09:00,14.8,0.00,80,11.4,14.4,0.00,0.00,0.00,3,100,100,0,0,5.5,187,157,11.3,13.7,1,3600.00,1022.6,1008.4
2023-10-10T10:00,17.0,0.00,74,12.2,16.7,0.00,0.00,0.00,3,100,100,0,0,6.5,188,183,9.8,16.6,1,3600.00,1022.2,1008.1
2023-10-10T11:00,19.1,0.00,68,12.9,19.0,0.00,0.00,0.00,3,100,100,0,0,6.7,200,196,9.6,17.6,1,3600.00,1022.3,1008.3
2023-10-10T12:00,20.9,0.00,59,12.5,20.6,0.00,0.00,0.00,3,99,99,0,0,7.8,201,202,10.8,19.8,1,3600.00,1021.9,1008.0
2023-10-10T13:00,21.7,0.00,53,11.7,21.0,0.00,0.00,0.00,3,100,100,0,0,7.7,207,208,10.5,21.2,1,3600.00,1021.5,1007.6
2023-10-10T14:00,22.0,0.00,52,11.7,21.2,0.00,0.00,0.00,3,100,100,0,0,8.5,209,208,11.9,19.8,1,3600.00,1020.9,1007.1
2023-10-10T15:00,22.0,0.00,54,12.2,21.4,0.00,0.00,0.00,3,97,97,0,0,8.2,207,203,13.4,19.8,1,3600.00,1020.6,1006.8
2023-10-10T16:00,21.6,0.00,57,12.9,21.5,0.00,0.00,0.00,3,92,92,0,0,7.1,203,195,14.8,19.8,1,3600.00,1020.3,1006.5
2023-10-10T17:00,19.7,0.00,65,12.9,19.6,0.00,0.00,0.00,3,91,91,0,0,6.8,198,177,17.1,15.5,1,3600.00,1020.3,1006.4
2023-10-10T18:00,17.4,0.00,69,11.7,16.9,0.00,0.00,0.00,1,29,29,0,0,7.2,211,180,18.4,13.3,0,350.83,1020.5,1006.5
2023-10-10T19:00,16.5,0.00,72,11.4,15.8,0.00,0.00,0.00,0,14,8,7,0,7.3,220,189,19.4,13.7,0,0.00,1020.6,1006.5
2023-10-10T20:00,15.6,0.00,75,11.2,15.0,0.00,0.00,0.00,0,12,1,12,0,6.9,222,186,18.9,13.3,0,0.00,1020.6,1006.5
2023-10-10T21:00,15.2,0.00,77,11.2,14.5,0.00,0.00,0.00,2,62,58,10,0,6.9,220,186,18.9,13.0,0,0.00,1020.8,1006.6
2023-10-10T22:00,15.0,0.00,78,11.2,14.4,0.00,0.00,0.00,0,7,1,7,0,6.5,214,174,17.9,13.0,0,0.00,1020.6,1006.4
2023-10-10T23:00,14.7,0.00,79,11.1,14.1,0.00,0.00,0.00,1,22,3,22,0,6.4,213,164,17.2,12.6,0,0.00,1020.3,1006.1
2023-10-11T00:00,14.3,0.00,79,10.8,13.6,0.00,0.00,0.00,2,72,71,9,0,6.4,208,153,16.3,12.6,0,0.00,1020.0,1005.8
2023-10-11T01:00,14.3,0.00,78,10.4,13.4,0.00,0.00,0.00,3,98,94,21,0,6.9,213,174,19.3,14.0,0,0.00,1019.8,1005.6
2023-10-11T02:00,13.9,0.00,78,10.1,12.9,0.00,0.00,0.00,2,73,71,27,0,7.2,214,174,20.0,14.4,0,0.00,1019.7,1005.5
2023-10-11T03:00,14.0,0.00,77,10.0,13.0,0.00,0.00,0.00,2,51,49,5,0,7.2,213,174,20.3,14.8,0,0.00,1019.5,1005.3
2023-10-11T04:00,13.7,0.00,77,9.8,12.6,0.00,0.00,0.00,1,33,28,6,0,7.6,211,172,20.2,15.1,0,0.00,1019.4,1005.2
2023-10-11T05:00,13.6,0.00,78,9.8,12.3,0.00,0.00,0.00,0,17,17,0,0,8.4,207,173,21.9,16.6,0,0.00,1019.2,1005.0
2023-10-11T06:00,13.6,0.00,78,9.8,12.2,0.00,0.00,0.00,2,72,72,0,0,9.4,207,173,23.3,18.7,0,0.00,1019.1,1004.9
2023-10-11T07:00,13.5,0.00,79,9.9,12.1,0.00,0.00,0.00,0,9,9,0,0,9.4,207,176,23.5,19.4,1,0.00,1019.2,1005.0
2023-10-11T08:00,14.9,0.00,75,10.5,13.6,0.00,0.00,0.00,0,1,1,0,0,9.8,213,188,21.9,20.2,1,2928.64,1019.4,1005.3
2023-10-11T09:00,16.9,0.00,71,11.6,16.0,0.00,0.00,0.00,0,9,9,0,0,9.0,216,178,22.7,20.2,1,3600.00,1019.6,1005.5
2023-10-11T10:00,18.9,0.00,64,11.9,18.0,0.00,0.00,0.00,0,0,0,0,0,10.3,202,192,16.6,23.4,1,3600.00,1019.2,1005.2
2023-10-11T11:00,20.7,0.00,59,12.5,19.7,0.00,0.00,0.00,1,22,22,0,0,12.2,208,204,18.4,27.7,1,3600.00,1019.2,1005.3
2023-10-11T12:00,22.3,0.00,56,13.1,21.1,0.00,0.00,0.00,3,80,80,0,0,15.3,216,214,22.7,33.5,1,3600.00,1018.5,1004.7
2023-10-11T13:00,24.2,0.00,50,13.0,23.0,0.00,0.00,0.00,3,90,88,0,0,14.2,217,216,20.3,36.0,1,3600.00,1018.0,1004.3
2023-10-11T14:00,24.3,0.00,49,12.9,23.1,0.00,0.00,0.00,2,70,70,0,0,14.5,224,222,22.4,32.4,1,3600.00,1017.5,1003.8
2023-10-11T15:00,24.5,0.00,48,12.8,23.3,0.00,0.00,0.00,0,9,9,0,0,14.3,227,225,23.2,32.8,1,3600.00,1017.0,1003.3
2023-10-11T16:00,23.9,0.00,51,13.2,23.4,0.00,0.00,0.00,0,7,7,0,0,10.8,222,217,21.2,31.0,1,3600.00,1016.4,1002.7
2023-10-11T17:00,22.0,0.00,57,13.1,21.6,0.00,0.00,0.00,0,15,15,0,0,9.0,213,203,22.4,23.4,1,3600.00,1016.2,1002.4
2023-10-11T18:00,19.9,0.00,60,12.0,19.0,0.00,0.00,0.00,0,3,3,0,0,10.2,211,198,25.7,20.2,0,251.93,1016.4,1002.5
2023-10-11T19:00,18.9,0.00,61,11.3,18.0,0.00,0.00,0.00,2,52,52,0,0,9.2,218,206,25.1,20.9,0,0.00,1016.4,1002.5
2023-10-11T20:00,17.7,0.00,67,11.4,17.0,0.00,0.00,0.00,3,96,96,0,0,7.8,224,202,22.1,18.7,0,0.00,1016.6,1002.6
2023-10-11T21:00,17.1,0.00,70,11.6,16.2,0.00,0.00,0.00,2,75,75,0,0,8.9,220,194,23.0,18.4,0,0.00,1016.6,1002.6
2023-10-11T22:00,16.8,0.00,71,11.5,15.6,0.00,0.00,0.00,3,100,100,0,0,11.1,215,193,26.1,22.0,0,0.00,1016.7,1002.7
2023-10-11T23:00,16.8,0.00,70,11.3,15.6,0.00,0.00,0.00,3,100,100,0,0,10.7,216,200,26.6,23.4,0,0.00,1016.6,1002.6
2023-10-12T00:00,16.4,0.00,71,11.2,15.2,0.00,0.00,0.00,3,100,100,1,0,10.8,218,206,26.6,22.7,0,0.00,1016.6,1002.6
2023-10-12T01:00,16.8,0.00,74,12.1,15.8,0.00,0.00,0.00,3,99,100,20,0,11.0,218,203,25.9,22.7,0,0.00,1016.3,1002.3
2023-10-12T02:00,16.4,0.00,75,12.0,15.3,0.00,0.00,0.00,3,97,96,18,0,11.6,217,202,27.0,24.1,0,0.00,1016.0,1002.0
2023-10-12T03:00,16.1,0.00,76,11.9,15.0,0.00,0.00,0.00,3,90,88,19,0,11.1,220,205,26.3,24.1,0,0.00,1015.8,1001.8
2023-10-12T04:00,15.8,0.00,76,11.6,14.9,0.00,0.00,0.00,3,98,97,26,0,9.8,224,208,24.4,23.4,0,0.00,1015.8,1001.7
2023-10-12T05:00,15.7,0.00,76,11.4,15.1,0.00,0.00,0.00,3,98,97,28,0,7.4,236,219,21.8,20.9,0,0.00,1016.4,1002.3
2023-10-12T06:00,15.3,0.00,77,11.2,14.7,0.00,0.00,0.00,3,100,100,83,0,6.6,232,209,19.7,16.9,0,0.00,1016.4,1002.3
2023-10-12T07:00,15.5,0.00,74,11.0,14.5,0.00,0.00,0.00,3,100,100,100,0,8.7,227,204,22.2,17.6,1,0.00,1016.7,1002.6
2023-10-12T08:00,16.5,0.00,71,11.3,15.4,0.00,0.00,0.00,3,100,100,100,0,10.2,229,212,23.5,21.6,1,0.00,1016.8,1002.8
2023-10-12T09:00,17.6,0.00,70,12.1,17.0,0.00,0.00,0.00,3,100,100,100,0,8.4,227,205,22.7,22.3,1,0.00,1017.0,1003.0
2023-10-12T10:00,17.8,0.00,70,12.2,17.5,0.00,0.00,0.00,3,100,100,100,0,7.0,249,258,21.7,18.4,1,0.00,1017.3,1003.3
2023-10-12T11:00,17.9,0.00,68,11.9,17.2,0.00,0.00,0.00,3,100,100,100,0,8.4,235,227,17.6,21.2,1,0.00,1017.1,1003.1
2023-10-12T12:00,18.1,0.00,67,11.9,17.5,0.00,0.00,0.00,3,100,100,100,0,8.4,230,220,18.9,18.4,1,0.00,1017.1,1003.1
2023-10-12T13:00,17.0,0.80,83,14.1,17.4,0.80,0.00,0.00,53,100,100,100,0,5.9,240,223,15.8,24.1,1,0.00,1017.6,1003.6
2023-10-12T14:00,17.1,0.70,83,14.2,17.1,0.70,0.00,0.00,53,100,100,100,0,9.3,213,193,19.8,18.4,1,0.00,1016.9,1002.9
2023-10-12T15:00,17.7,0.00,80,14.3,17.7,0.00,0.00,0.00,3,100,100,96,0,9.7,231,225,20.5,22.0,1,0.00,1016.5,1002.5
2023-10-12T16:00,17.9,0.30,80,14.4,17.7,0.30,0.00,0.00,51,100,100,94,23,11.5,231,229,22.3,25.9,1,0.00,1016.4,1002.4
2023-10-12T17:00,16.9,4.10,89,15.1,17.3,4.10,0.00,0.00,63,100,100,100,37,8.5,239,234,18.4,28.1,1,0.00,1016.5,1002.5
2023-10-12T18:00,16.8,5.50,89,14.9,17.4,5.50,0.00,0.00,63,100,100,96,70,6.9,242,223,19.2,24.8,0,0.00,1016.6,1002.6
2023-10-12T19:00,17.3,0.00,86,14.9,17.5,0.00,0.00,0.00,3,100,99,81,30,9.8,249,242,22.3,20.5,0,0.00,1017.2,1003.2
2023-10-12T20:00,17.2,0.00,86,14.9,17.5,0.00,0.00,0.00,3,100,80,99,15,9.0,267,265,21.3,22.0,0,0.00,1017.4,1003.4
2023-10-12T21:00,16.7,0.00,89,14.9,17.6,0.00,0.00,0.00,3,100,96,100,7,4.8,266,257,16.2,19.1,0,0.00,1017.4,1003.4
2023-10-12T22:00,16.5,0.00,90,14.9,17.6,0.00,0.00,0.00,3,100,100,99,17,3.9,259,202,11.4,12.2,0,0.00,1017.5,1003.5
2023-10-12T23:00,16.3,0.50,93,15.2,16.8,0.50,0.00,0.00,53,100,95,100,27,8.8,189,161,15.7,19.4,0,0.00,1017.7,1003.6
2023-10-13T00:00,16.3,1.40,92,15.0,16.4,1.40,0.00,0.00,61,100,99,22,36,10.6,185,162,21.0,26.6,0,0.00,1017.3,1003.2
2023-10-13T01:00,16.5,0.00,89,14.7,17.0,0.00,0.00,0.00,3,99,100,60,27,7.7,198,169,18.2,20.5,0,0.00,1017.3,1003.3
2023-10-13T02:00,16.5,0.00,85,14.0,16.1,0.00,0.00,0.00,3,96,94,16,23,11.8,209,192,24.3,23.4,0,0.00,1017.1,1003.1
2023-10-13T03:00,16.1,0.00,85,13.6,16.0,0.00,0.00,0.00,3,100,100,33,29,8.6,216,195,22.7,23.0,0,0.00,1016.4,1002.4
2023-10-13T04:00,16.3,0.00,81,13.1,16.0,0.00,0.00,0.00,3,96,94,4,33,8.4,220,200,21.5,19.4,0,0.00,1016.1,1002.1
2023-10-13T05:00,15.4,0.00,81,12.2,14.9,0.00,0.00,0.00,3,100,100,9,2,7.6,219,188,20.7,17.6,0,0.00,1015.7,1001.6
2023-10-13T06:00,15.0,0.00,79,11.4,14.1,0.00,0.00,0.00,3,99,98,68,0,9.0,209,178,21.7,18.0,0,0.00,1015.1,1001.0
2023-10-13T07:00,14.9,0.00,75,10.6,13.7,0.00,0.00,0.00,3,100,96,100,0,9.6,195,160,20.9,19.1,1,0.00,1015.2,1001.1
2023-10-13T08:00,16.0,0.00,70,10.5,14.6,0.00,0.00,0.00,3,100,63,100,1,10.5,185,158,21.0,22.0,1,0.00,1015.2,1001.2
2023-10-13T09:00,17.6,0.00,66,11.2,16.4,0.00,0.00,0.00,3,98,86,96,0,10.6,184,156,21.3,21.6,1,1962.58,1015.1,1001.1
2023-10-13T10:00,19.5,0.00,58,11.0,18.6,0.00,0.00,0.00,1,20,15,5,0,8.6,192,178,15.8,21.2,1,3600.00,1014.5,1000.6
2023-10-13T11:00,21.9,0.00,51,11.5,21.1,0.00,0.00,0.00,0,16,16,0,0,8.8,199,192,14.5,22.7,1,3600.00,1014.1,1000.4
2023-10-13T12:00,24.0,0.00,47,12.1,23.1,0.00,0.00,0.00,0,6,6,0,0,10.8,212,210,17.5,25.9,1,3600.00,1013.2,999.6
2023-10-13T13:00,25.8,0.00,43,12.1,24.5,0.00,0.00,0.00,1,35,17,28,0,13.4,212,211,19.1,29.5,1,3600.00,1012.5,999.0
2023-10-13T14:00,25.7,0.00,40,11.2,24.1,0.00,0.00,0.00,1,35,8,30,0,13.4,205,204,22.2,33.5,1,3600.00,1011.4,997.9
2023-10-13T15:00,25.7,0.00,39,10.6,23.9,0.00,0.00,0.00,0,14,0,14,0,13.6,204,202,24.8,31.3,1,3600.00,1010.7,997.2
2023-10-13T16:00,25.0,0.00,40,10.5,23.1,0.00,0.00,0.00,0,16,0,16,0,13.7,210,207,26.9,30.6,1,3600.00,1010.1,996.6
2023-10-13T17:00,23.3,0.00,43,10.0,21.6,0.00,0.00,0.00,0,0,0,0,0,11.5,207,200,26.6,29.5,1,3600.00,1009.5,995.9
2023-10-13T18:00,21.9,0.00,42,8.3,19.6,0.00,0.00,0.00,0,0,0,0,0,13.0,198,186,29.5,26.3,0,47.77,1009.3,995.6
2023-10-13T19:00,21.6,0.00,41,7.9,19.0,0.00,0.00,0.00,0,12,0,12,0,13.6,205,197,30.3,29.5,0,0.00,1009.2,995.5
2023-10-13T20:00,21.1,0.00,40,6.9,18.3,0.00,0.00,0.00,0,4,0,4,0,13.7,212,203,30.9,28.8,0,0.00,1008.8,995.1
2023-10-13T21:00,20.8,0.00,37,5.7,17.5,0.00,0.00,0.00,1,21,10,18,0,14.8,215,209,32.3,31.7,0,0.00,1008.8,995.1
2023-10-13T22:00,20.7,0.00,37,5.6,17.1,0.00,0.00,0.00,2,53,26,45,0,17.3,225,223,34.6,36.4,0,0.00,1008.9,995.2
2023-10-13T23:00,20.7,0.00,41,6.9,16.7,0.00,0.00,0.00,3,96,95,22,0,22.0,218,215,39.5,44.3,0,0.00,1009.0,995.3
2023-10-14T00:00,20.7,0.00,52,10.4,17.4,0.00,0.00,0.00,3,81,77,18,0,23.0,222,221,41.0,47.5,0,0.00,1008.5,994.8
2023-10-14T01:00,21.5,0.00,52,11.3,18.6,0.00,0.00,0.00,3,100,100,100,1,22.4,224,222,38.7,50.4,0,0.00,1008.3,994.6
2023-10-14T02:00,20.5,0.10,60,12.5,18.1,0.10,0.00,0.00,51,95,57,88,11,21.7,216,216,37.4,46.4,0,0.00,1008.0,994.3
2023-10-14T03:00,17.9,3.90,85,15.3,16.8,3.90,0.00,0.00,63,95,67,88,40,19.8,220,217,34.5,54.0,0,0.00,1008.2,994.3
2023-10-14T04:00,17.9,0.80,86,15.6,16.5,0.80,0.00,0.00,53,95,87,24,55,22.9,225,224,38.9,51.5,0,0.00,1008.0,994.2
2023-10-14T05:00,16.8,3.90,92,15.4,15.3,3.90,0.00,0.00,63,97,81,28,80,22.8,230,231,38.9,57.6,0,0.00,1008.2,994.3
2023-10-14T06:00,16.7,1.80,91,15.2,15.0,1.80,0.00,0.00,61,95,76,54,64,23.5,236,238,39.4,54.7,0,0.00,1008.5,994.6
2023-10-14T07:00,16.5,3.10,90,14.8,14.9,3.10,0.00,0.00,63,100,16,96,100,21.5,250,249,36.3,52.9,1,0.00,1009.4,995.5
2023-10-14T08:00,16.4,2.30,90,14.7,15.3,2.30,0.00,0.00,61,100,2,100,33,18.0,267,267,30.6,47.2,1,0.00,1010.6,996.6
2023-10-14T09:00,16.8,0.20,85,14.4,15.9,0.20,0.00,0.00,51,60,0,45,26,15.8,295,291,25.9,39.2,1,1566.70,1011.5,997.6
2023-10-14T10:00,16.6,0.10,75,12.2,15.0,0.10,0.00,0.00,51,94,89,32,18,15.6,299,299,23.0,34.6,1,2825.93,1012.4,998.4
2023-10-14T11:00,17.0,0.00,64,10.1,14.8,0.00,0.00,0.00,2,78,2,71,22,15.3,287,285,21.4,34.2,1,3600.00,1012.9,998.9
2023-10-14T12:00,16.9,0.00,54,7.7,14.1,0.00,0.00,0.00,2,58,0,56,6,15.4,291,291,22.0,34.6,1,3600.00,1013.3,999.3
2023-10-14T13:00,17.6,0.00,58,9.3,15.5,0.00,0.00,0.00,0,12,29,0,38,13.2,313,313,17.6,33.8,1,3600.00,1013.2,999.3
2023-10-14T14:00,17.3,0.00,53,7.6,14.4,0.00,0.00,0.00,1,29,0,0,29,15.6,303,304,21.9,33.8,1,3600.00,1013.5,999.5
2023-10-14T15:00,16.6,0.00,50,6.0,12.9,0.00,0.00,0.00,1,38,3,3,36,18.6,302,302,27.2,39.6,1,3600.00,1014.3,1000.3
2023-10-14T16:00,15.5,0.00,48,4.6,11.5,0.00,0.00,0.00,1,22,0,12,21,18.8,299,299,27.6,41.0,1,3600.00,1015.2,1001.1
2023-10-14T17:00,14.6,0.00,50,4.3,11.1,0.00,0.00,0.00,1,44,0,30,41,14.9,286,285,25.9,42.1,1,3600.00,1016.1,1002.0
2023-10-14T18:00,14.0,0.00,49,3.5,10.3,0.00,0.00,0.00,3,100,0,100,60,15.0,282,280,26.1,31.3,0,0.00,1017.0,1002.8
2023-10-14T19:00,13.5,0.00,52,3.8,10.1,0.00,0.00,0.00,1,49,0,47,15,13.6,284,282,24.5,30.2,0,0.00,1018.1,1003.9
2023-10-14T20:00,12.6,0.00,57,4.3,9.4,0.00,0.00,0.00,0,12,0,3,9,12.1,284,282,23.4,28.4,0,0.00,1018.7,1004.4
2023-10-14T21:00,11.5,0.00,62,4.4,8.5,0.00,0.00,0.00,0,16,0,9,9,10.8,289,285,22.4,25.6,0,0.00,1019.4,1005.1
2023-10-14T22:00,10.6,0.00,66,4.5,8.1,0.00,0.00,0.00,0,16,0,14,14,8.0,293,288,19.2,22.7,0,0.00,1019.9,1005.5
2023-10-14T23:00,9.4,0.00,74,5.0,7.4,0.00,0.00,0.00,0,10,0,9,5,5.2,292,282,15.5,16.9,0,0.00,1020.0,1005.6
2023-10-15T00:00,8.3,0.00,81,5.3,6.3,0.00,0.00,0.00,0,9,0,7,4,5.8,288,277,12.9,11.5,0,0.00,1019.9,1005.4
2023-10-15T01:00,8.3,0.00,81,5.2,6.1,0.00,0.00,0.00,1,25,0,2,11,7.4,303,317,12.5,11.9,0,0.00,1020.0,1005.5
2023-10-15T02:00,7.2,0.00,86,5.0,5.1,0.00,0.00,0.00,2,76,0,71,21,6.2,284,260,10.7,12.6,0,0.00,1020.2,1005.7
2023-10-15T03:00,7.9,0.10,86,5.8,6.4,0.10,0.00,0.00,51,30,0,10,24,2.9,263,173,5.8,10.8,0,0.00,1019.8,1005.3
2023-10-15T04:00,7.3,0.00,88,5.5,5.6,0.00,0.00,0.00,2,62,0,57,24,4.0,242,185,6.9,7.9,0,0.00,1019.8,1005.3
2023-10-15T05:00,7.8,0.00,88,6.0,6.3,0.00,0.00,0.00,1,28,0,15,27,3.6,236,186,8.3,7.9,0,0.00,1019.9,1005.4
2023-10-15T06:00,6.7,0.00,91,5.4,4.7,0.00,0.00,0.00,1,29,0,18,26,5.6,262,225,10.2,10.1,0,0.00,1019.9,1005.3
2023-10-15T07:00,6.6,0.00,92,5.5,4.8,0.00,0.00,0.00,0,19,0,8,14,5.1,285,266,12.7,10.8,1,0.00,1020.3,1005.7
2023-10-15T08:00,8.4,0.00,86,6.2,6.6,0.00,0.00,0.00,0,0,0,0,0,5.8,288,274,15.1,13.3,1,2536.43,1020.6,1006.1
2023-10-15T09:00,9.7,0.00,77,6.0,7.4,0.00,0.00,0.00,0,0,0,0,0,9.2,283,281,14.1,21.2,1,3600.00,1021.1,1006.7
2023-10-15T10:00,11.0,0.00,65,4.6,7.6,0.00,0.00,0.00,0,3,0,2,2,14.5,294,293,20.5,34.2,1,3600.00,1021.0,1006.6
2023-10-15T11:00,11.8,0.00,59,4.0,8.2,0.00,0.00,0.00,0,16,0,15,2,14.8,293,293,20.8,37.1,1,3600.00,1021.1,1006.8
2023-10-15T12:00,12.4,0.00,53,3.2,8.4,0.00,0.00,0.00,0,19,0,14,6,16.7,297,295,23.5,38.5,1,3600.00,1021.0,1006.7
2023-10-15T13:00,12.1,0.10,52,2.5,7.4,0.10,0.00,0.00,51,19,0,21,7,20.1,302,303,29.0,38.9,1,3600.00,1021.4,1007.1
2023-10-15T14:00,12.1,0.10,49,1.8,7.6,0.10,0.00,0.00,51,9,0,9,3,18.6,301,302,27.0,44.6,1,3600.00,1021.6,1007.3
2023-10-15T15:00,12.4,0.00,46,1.2,7.9,0.00,0.00,0.00,1,29,0,26,13,17.3,306,306,25.5,41.4,1,3600.00,1021.9,1007.6
2023-10-15T16:00,12.0,0.00,46,0.7,7.5,0.00,0.00,0.00,2,52,0,49,46,16.8,319,318,25.0,36.7,1,3600.00,1022.1,1007.8
2023-10-15T17:00,11.0,0.00,54,1.9,7.3,0.00,0.00,0.00,0,4,0,4,2,12.8,338,338,22.1,34.6,1,3600.00,1022.6,1008.2
2023-10-15T18:00,9.0,0.00,64,2.6,5.7,0.00,0.00,0.00,0,4,0,2,3,10.8,342,345,22.0,26.6,0,0.00,1023.5,1009.0
2023-10-15T19:00,8.0,0.00,72,3.3,5.2,0.00,0.00,0.00,0,1,0,0,1,8.4,347,353,19.6,21.6,0,0.00,1024.2,1009.6
2023-10-15T20:00,7.3,0.00,77,3.6,4.7,0.00,0.00,0.00,0,0,0,0,0,7.3,340,351,18.3,16.6,0,0.00,1024.5,1009.9
2023-10-15T21:00,6.7,0.00,81,3.7,4.3,0.00,0.00,0.00,0,0,0,0,0,6.3,342,347,17.1,14.4,0,0.00,1025.2,1010.6
2023-10-15T22:00,5.9,0.00,86,3.8,3.6,0.00,0.00,0.00,0,0,0,0,0,5.8,344,353,15.7,12.6,0,0.00,1025.5,1010.8
2023-10-15T23:00,5.4,0.00,88,3.6,3.1,0.00,0.00,0.00,0,0,0,0,0,5.9,355,11,15.2,11.2,0,0.00,1025.4,1010.7
2023-10-16T00:00,5.2,0.00,88,3.5,2.7,0.00,0.00,0.00,0,0,0,0,0,6.8,9,25,16.0,13.0,0,0.00,1024.9,1010.2
2023-10-16T01:00,4.1,0.00,91,2.7,1.4,0.00,0.00,0.00,0,0,1,0,0,7.2,26,37,14.0,13.0,0,0.00,1025.0,1010.2
2023-10-16T02:00,2.4,0.00,92,1.2,-0.7,0.00,0.00,0.00,0,7,7,0,0,7.7,31,62,11.3,13.0,0,0.00,1024.9,1010.0
2023-10-16T03:00,2.0,0.00,94,1.1,-0.8,0.00,0.00,0.00,0,0,0,0,0,5.6,66,105,6.3,10.8,0,0.00,1024.5,1009.6
2023-10-16T04:00,2.2,0.00,94,1.3,-0.4,0.00,0.00,0.00,0,2,2,0,0,4.5,140,119,9.4,8.6,0,0.00,1024.5,1009.6
2023-10-16T05:00,2.0,0.00,95,1.3,-0.6,0.00,0.00,0.00,0,7,7,0,0,4.8,104,77,8.9,9.4,0,0.00,1024.3,1009.4
2023-10-16T06:00,1.9,0.00,95,1.3,-0.7,0.00,0.00,0.00,1,42,42,0,0,5.0,77,69,9.3,10.4,0,0.00,1023.8,1008.9
2023-10-16T07:00,2.0,0.00,95,1.2,-0.7,0.00,0.00,0.00,2,74,74,0,0,5.0,54,60,9.8,10.4,1,0.00,1023.7,1008.8
2023-10-16T08:00,4.4,0.00,87,2.5,2.0,0.00,0.00,0.00,3,98,98,0,0,4.1,55,52,7.5,10.8,1,2437.11,1024.0,1009.3
2023-10-16T09:00,6.9,0.00,79,3.5,5.3,0.00,0.00,0.00,3,100,100,0,0,0.8,69,333,3.1,9.7,1,3600.00,1024.0,1009.4
2023-10-16T10:00,8.7,0.00,71,3.7,6.8,0.00,0.00,0.00,3,80,80,0,0,2.9,72,60,4.6,11.5,1,3600.00,1023.8,1009.3
2023-10-16T11:00,10.4,0.00,62,3.3,8.0,0.00,0.00,0.00,2,72,72,0,0,5.4,76,70,7.4,16.2,1,3600.00,1023.4,1009.0
2023-10-16T12:00,11.5,0.00,56,2.9,9.0,0.00,0.00,0.00,0,17,17,0,0,5.8,72,68,8.0,16.9,1,3600.00,1022.7,1008.3
2023-10-16T13:00,12.0,0.00,55,3.2,9.4,0.00,0.00,0.00,0,12,66,0,0,6.9,97,99,9.4,19.8,1,3600.00,1022.0,1007.7
2023-10-16T14:00,12.4,0.00,53,3.1,9.8,0.00,0.00,0.00,1,46,46,0,1,6.5,85,87,9.0,19.4,1,3600.00,1021.3,1007.0
2023-10-16T15:00,12.5,0.00,51,2.8,9.8,0.00,0.00,0.00,1,43,43,0,0,7.4,78,76,10.3,18.4,1,3600.00,1020.7,1006.4
2023-10-16T16:00,12.1,0.00,52,2.6,9.2,0.00,0.00,0.00,3,99,99,0,0,8.3,72,72,12.9,18.7,1,3600.00,1020.4,1006.1
2023-10-16T17:00,10.7,0.00,58,2.8,7.9,0.00,0.00,0.00,3,100,100,0,0,7.6,68,65,16.6,18.4,1,3600.00,1020.4,1006.0
2023-10-16T18:00,9.5,0.00,60,2.2,6.1,0.00,0.00,0.00,3,100,100,0,0,11.1,67,61,23.4,21.2,0,0.00,1020.7,1006.3
2023-10-16T19:00,9.4,0.00,59,1.7,5.9,0.00,0.00,0.00,3,100,100,0,0,11.2,74,69,23.6,22.7,0,0.00,1020.6,1006.2
2023-10-16T20:00,8.9,0.00,60,1.6,5.6,0.00,0.00,0.00,3,100,100,0,0,9.7,81,75,22.3,22.3,0,0.00,1020.5,1006.0
2023-10-16T21:00,8.3,0.00,63,1.7,4.8,0.00,0.00,0.00,3,100,100,1,0,11.2,88,84,23.4,22.0,0,0.00,1020.8,1006.3
2023-10-16T22:00,7.5,0.00,66,1.5,3.9,0.00,0.00,0.00,3,94,94,6,0,11.9,93,90,26.0,24.1,0,0.00,1020.7,1006.2
2023-10-16T23:00,7.1,0.00,67,1.4,3.4,0.00,0.00,0.00,2,78,78,1,0,12.6,94,92,27.1,25.2,0,0.00,1020.6,1006.0
2023-10-17T00:00,6.6,0.00,70,1.5,2.8,0.00,0.00,0.00,2,64,62,6,0,13.0,91,90,28.1,25.9,0,0.00,1020.2,1005.6
2023-10-17T01:00,5.9,0.00,75,1.8,2.1,0.00,0.00,0.00,0,19,3,2,0,13.3,95,92,27.8,27.4,0,0.00,1020.0,1005.4
2023-10-17T02:00,5.3,0.00,77,1.6,1.5,0.00,0.00,0.00,0,2,0,1,0,12.7,98,98,27.6,26.3,0,0.00,1019.7,1005.1
2023-10-17T03:00,5.0,0.00,77,1.3,1.2,0.00,0.00,0.00,2,66,66,0,0,13.0,97,96,28.0,26.3,0,0.00,1019.6,1005.0
2023-10-17T04:00,4.9,0.00,76,1.0,0.9,0.00,0.00,0.00,3,100,100,0,0,13.5,97,99,28.3,26.6,0,0.00,1019.5,1004.8
2023-10-17T05:00,5.1,0.00,74,0.9,1.1,0.00,0.00,0.00,3,100,100,3,0,13.4,101,104,27.5,27.7,0,0.00,1019.1,1004.5
2023-10-17T06:00,5.5,0.00,72,0.8,1.5,0.00,0.00,0.00,3,100,100,60,0,13.3,100,103,26.7,27.0,0,0.00,1018.9,1004.3
2023-10-17T07:00,5.7,0.00,71,0.8,1.8,0.00,0.00,0.00,3,100,100,100,0,12.6,96,95,25.3,26.6,1,0.00,1018.8,1004.2
2023-10-17T08:00,6.3,0.00,70,1.2,2.6,0.00,0.00,0.00,3,100,100,98,0,11.5,96,94,23.9,25.6,1,0.00,1019.1,1004.5
2023-10-17T09:00,7.4,0.00,67,1.7,3.8,0.00,0.00,0.00,3,100,100,100,0,11.9,92,92,20.5,25.2,1,0.00,1019.0,1004.5
2023-10-17T10:00,8.6,0.00,64,2.1,5.0,0.00,0.00,0.00,3,100,100,99,0,12.3,96,97,19.2,27.0,1,0.00,1018.7,1004.2
2023-10-17T11:00,9.8,0.00,61,2.6,6.4,0.00,0.00,0.00,3,100,100,100,0,11.5,94,94,17.0,27.0,1,99.92,1018.6,1004.2
2023-10-17T12:00,11.3,0.00,58,3.4,8.3,0.00,0.00,0.00,3,99,96,90,0,9.4,93,92,13.3,25.6,1,3600.00,1018.2,1003.9
2023-10-17T13:00,11.5,0.00,63,4.8,8.6,0.00,0.00,0.00,3,100,100,100,0,11.4,106,108,15.7,24.1,1,3600.00,1017.7,1003.4
2023-10-17T14:00,11.9,0.00,63,5.0,9.2,0.00,0.00,0.00,2,61,54,26,0,9.9,108,109,14.3,25.2,1,1198.47,1017.3,1003.0
2023-10-17T15:00,12.5,0.00,61,5.3,9.9,0.00,0.00,0.00,0,3,2,0,0,9.7,95,94,13.7,23.0,1,3600.00,1016.9,1002.7
2023-10-17T16:00,12.3,0.00,62,5.2,9.6,0.00,0.00,0.00,1,38,38,0,0,10.4,90,90,16.2,22.7,1,3600.00,1016.5,1002.3
2023-10-17T17:00,11.2,0.00,66,5.0,8.7,0.00,0.00,0.00,1,43,43,0,0,8.6,92,88,18.7,22.7,1,3585.92,1016.3,1002.0
2023-10-17T18:00,9.7,0.00,70,4.4,6.9,0.00,0.00,0.00,2,79,79,0,2,9.4,92,88,22.0,18.4,0,0.00,1016.7,1002.3
2023-10-17T19:00,9.2,0.00,70,4.0,6.0,0.00,0.00,0.00,3,83,83,0,0,11.9,96,92,25.7,23.8,0,0.00,1016.4,1002.0
2023-10-17T20:00,8.9,0.00,70,3.6,5.3,0.00,0.00,0.00,3,97,97,0,0,14.2,99,97,28.4,27.7,0,0.00,1016.2,1001.8
2023-10-17T21:00,8.5,0.00,70,3.3,4.7,0.00,0.00,0.00,3,99,99,0,0,15.2,97,97,30.5,30.2,0,0.00,1015.9,1001.5
2023-10-17T22:00,8.2,0.00,69,3.0,4.3,0.00,0.00,0.00,3,98,98,0,0,15.9,95,95,31.5,31.3,0,0.00,1015.6,1001.2
2023-10-17T23:00,7.9,0.00,70,2.7,4.0,0.00,0.00,0.00,3,100,100,0,0,15.7,96,99,31.1,31.7,0,0.00,1015.2,1000.8
2023-10-18T00:00,7.6,0.00,71,2.7,3.7,0.00,0.00,0.00,3,100,100,0,0,15.1,99,102,30.2,31.0,0,0.00,1015.1,1000.6
2023-10-18T01:00,6.6,0.00,77,2.8,2.6,0.00,0.00,0.00,3,100,100,0,0,16.0,102,104,30.6,31.3,0,0.00,1014.7,1000.2
2023-10-18T02:00,6.3,0.00,79,3.0,2.6,0.00,0.00,0.00,3,100,100,0,0,14.3,100,100,28.5,31.3,0,0.00,1014.4,999.9
2023-10-18T03:00,6.1,0.00,81,3.1,2.6,0.00,0.00,0.00,3,100,100,0,0,13.0,95,92,27.1,28.4,0,0.00,1013.7,999.2
2023-10-18T04:00,5.9,0.00,82,3.1,2.8,0.00,0.00,0.00,3,100,100,0,0,10.1,95,92,23.9,25.9,0,0.00,1013.4,998.9
2023-10-18T05:00,6.0,0.00,81,3.0,2.5,0.00,0.00,0.00,3,100,100,0,0,12.6,96,90,26.4,24.8,0,0.00,1013.0,998.5
2023-10-18T06:00,6.1,0.00,80,2.9,2.4,0.00,0.00,0.00,3,100,100,0,0,14.1,96,93,29.0,28.8,0,0.00,1012.1,997.6
2023-10-18T07:00,6.1,0.00,80,2.9,2.5,0.00,0.00,0.00,3,100,100,0,0,13.7,97,93,29.0,28.8,1,0.00,1011.7,997.2
2023-10-18T08:00,7.0,0.00,76,3.1,3.2,0.00,0.00,0.00,3,100,100,2,0,14.9,100,97,28.5,29.5,1,1186.31,1011.5,997.1
2023-10-18T09:00,8.7,0.00,70,3.6,5.1,0.00,0.00,0.00,3,100,100,68,0,14.8,101,103,25.7,34.6,1,3600.00,1010.8,996.5
2023-10-18T10:00,10.3,0.00,67,4.3,6.9,0.00,0.00,0.00,3,100,100,48,0,13.6,102,102,21.0,31.3,1,3600.00,1010.2,996.0
2023-10-18T11:00,12.0,0.00,62,5.0,8.8,0.00,0.00,0.00,1,42,42,0,0,13.4,98,98,20.0,30.6,1,3600.00,1009.5,995.3
2023-10-18T12:00,14.0,0.00,58,5.8,10.8,0.00,0.00,0.00,3,99,99,4,0,14.6,99,99,21.5,32.4,1,3600.00,1008.0,994.0
2023-10-18T13:00,14.0,0.00,59,6.1,11.3,0.00,0.00,0.00,3,100,100,100,4,11.3,113,112,16.0,32.8,1,3600.00,1007.7,993.7
2023-10-18T14:00,14.1,0.00,60,6.5,11.3,0.00,0.00,0.00,3,100,88,100,1,13.0,105,104,20.5,29.5,1,0.00,1006.4,992.4
2023-10-18T15:00,14.3,0.10,63,7.3,11.9,0.10,0.00,0.00,51,100,100,98,0,11.6,105,106,19.0,27.0,1,0.00,1005.3,991.3
2023-10-18T16:00,13.8,0.50,70,8.5,11.5,0.50,0.00,0.00,53,100,99,100,2,13.4,114,114,23.2,25.2,1,0.00,1004.9,990.9
2023-10-18T17:00,13.3,0.00,71,8.3,10.5,0.00,0.00,0.00,3,100,99,100,3,15.9,112,108,29.5,31.7,1,0.00,1004.0,990.0
2023-10-18T18:00,13.6,0.00,67,7.6,10.4,0.00,0.00,0.00,3,100,100,100,86,17.2,113,110,32.4,33.5,0,0.00,1003.4,989.4
2023-10-18T19:00,13.7,0.00,67,7.7,10.3,0.00,0.00,0.00,3,100,100,100,100,19.0,120,117,34.2,37.1,0,0.00,1002.8,988.8
2023-10-18T20:00,13.4,0.00,72,8.5,10.5,0.00,0.00,0.00,3,100,100,100,60,17.4,124,120,32.2,37.4,0,0.00,1002.4,988.4
2023-10-18T21:00,13.2,0.20,76,9.1,10.3,0.20,0.00,0.00,51,100,100,100,4,18.2,131,124,33.2,36.0,0,0.00,1001.7,987.7
2023-10-18T22:00,12.5,0.70,88,10.5,10.8,0.70,0.00,0.00,53,100,100,100,14,12.7,132,125,27.0,35.6,0,0.00,1001.4,987.4
2023-10-18T23:00,12.5,0.40,90,10.9,10.8,0.40,0.00,0.00,51,100,100,100,10,13.9,136,127,27.7,27.4,0,0.00,1000.9,986.9
2023-10-19T00:00,12.6,0.90,91,11.2,11.2,0.90,0.00,0.00,53,100,100,100,95,12.0,145,131,23.8,27.0,0,0.00,1000.5,986.5
2023-10-19T01:00,11.9,1.10,93,10.8,10.8,1.10,0.00,0.00,55,100,100,100,68,9.4,137,122,19.6,24.5,0,0.00,1000.2,986.2
2023-10-19T02:00,11.9,2.40,94,10.9,10.9,2.40,0.00,0.00,61,100,100,100,93,8.7,152,120,16.3,22.3,0,0.00,999.7,985.7
2023-10-19T03:00,12.2,0.50,94,11.2,11.3,0.50,0.00,0.00,53,100,100,82,85,8.2,174,128,15.9,17.6,0,0.00,999.3,985.3
2023-10-19T04:00,12.6,0.00,91,11.3,11.9,0.00,0.00,0.00,3,100,99,4,100,7.2,195,153,16.8,17.3,0,0.00,998.6,984.6
2023-10-19T05:00,13.2,0.00,92,11.8,12.4,0.00,0.00,0.00,2,54,43,2,16,9.2,197,169,19.6,19.1,0,0.00,998.1,984.2
2023-10-19T06:00,12.6,0.00,93,11.5,11.8,0.00,0.00,0.00,3,94,92,5,30,8.3,202,178,19.4,19.4,0,0.00,997.8,983.8
2023-10-19T07:00,12.2,0.10,94,11.3,11.6,0.10,0.00,0.00,51,100,100,1,37,6.9,203,171,17.6,17.6,1,0.00,997.6,983.6
2023-10-19T08:00,13.2,0.00,92,11.9,12.7,0.00,0.00,0.00,3,100,100,3,23,7.8,187,146,14.2,15.1,1,0.00,997.6,983.7
2023-10-19T09:00,14.2,0.00,92,12.9,13.8,0.00,0.00,0.00,3,100,100,5,16,8.8,166,125,15.2,16.9,1,0.00,997.1,983.2
2023-10-19T10:00,16.1,0.00,85,13.7,16.2,0.00,0.00,0.00,2,73,64,14,12,7.4,142,129,12.3,17.6,1,3600.00,996.8,983.0
2023-10-19T11:00,18.0,0.00,77,13.8,18.2,0.00,0.00,0.00,1,26,15,13,1,6.6,144,139,9.3,18.4,1,3600.00,996.4,982.7
2023-10-19T12:00,19.4,0.00,70,13.7,19.4,0.00,0.00,0.00,3,100,100,34,0,8.4,156,155,11.4,20.5,1,3600.00,996.0,982.4
2023-10-19T13:00,18.1,0.00,80,14.5,18.7,0.00,0.00,0.00,3,100,100,99,0,5.9,144,142,8.0,20.9,1,3600.00,995.7,982.0
2023-10-19T14:00,17.0,0.10,87,14.9,17.6,0.10,0.00,0.00,51,100,100,82,0,6.6,125,135,13.7,13.7,1,0.00,995.0,981.3
2023-10-19T15:00,16.9,0.10,88,14.9,17.2,0.10,0.00,0.00,51,100,100,100,4,8.9,131,133,17.1,17.3,1,0.00,994.8,981.1
2023-10-19T16:00,16.2,0.40,91,14.8,16.4,0.40,0.00,0.00,51,100,100,100,0,10.0,133,116,18.3,18.7,1,0.00,994.0,980.3
2023-10-19T17:00,15.6,0.30,94,14.6,15.7,0.30,0.00,0.00,51,87,85,15,0,10.2,130,122,21.2,20.9,1,0.00,992.8,979.1
2023-10-19T18:00,14.6,0.00,95,13.8,14.2,0.00,0.00,0.00,3,100,100,87,0,10.8,128,111,22.0,20.5,0,0.00,993.1,979.3
2023-10-19T19:00,14.7,0.00,92,13.4,14.0,0.00,0.00,0.00,3,100,100,59,0,12.0,128,111,23.8,22.7,0,0.00,992.5,978.7
2023-10-19T20:00,14.7,0.00,91,13.2,13.6,0.00,0.00,0.00,3,100,100,82,0,14.2,125,111,27.7,27.0,0,0.00,991.8,978.0
2023-10-19T21:00,14.7,0.10,90,13.0,13.7,0.10,0.00,0.00,51,100,100,100,0,13.2,128,116,26.9,28.4,0,0.00,991.4,977.6
2023-10-19T22:00,14.7,0.40,90,13.1,14.0,0.40,0.00,0.00,51,100,100,100,0,11.5,127,110,24.4,25.9,0,0.00,991.1,977.3
2023-10-19T23:00,14.6,0.10,89,12.9,13.8,0.10,0.00,0.00,51,100,100,100,0,11.5,130,122,24.3,23.4,0,0.00,990.4,976.6
2023-10-20T00:00,14.6,0.00,89,12.8,13.8,0.00,0.00,0.00,3,100,100,73,0,11.3,115,112,23.8,25.9,0,0.00,989.2,975.5
2023-10-20T01:00,14.6,0.00,90,13.0,13.3,0.00,0.00,0.00,3,100,100,92,3,15.1,123,115,29.7,22.0,0,0.00,988.4,974.7
2023-10-20T02:00,14.8,0.00,88,12.8,13.2,0.00,0.00,0.00,3,100,100,100,0,16.4,118,116,31.9,32.0,0,0.00,987.7,974.0
2023-10-20T03:00,14.7,0.50,90,13.1,13.1,0.50,0.00,0.00,53,100,100,100,0,17.1,114,108,33.0,35.6,0,0.00,986.4,972.7
2023-10-20T04:00,14.5,1.20,91,13.0,13.2,1.20,0.00,0.00,55,100,100,100,0,15.9,108,103,30.6,33.5,0,0.00,985.0,971.3
2023-10-20T05:00,14.3,1.10,91,12.8,12.1,1.10,0.00,0.00,55,100,100,100,0,20.9,101,101,38.5,40.3,0,0.00,983.4,969.7
2023-10-20T06:00,13.8,0.80,91,12.3,11.4,0.80,0.00,0.00,53,100,100,100,0,21.3,100,96,39.1,43.2,0,0.00,981.9,968.2
2023-10-20T07:00,13.7,1.70,90,12.1,11.8,1.70,0.00,0.00,61,100,100,100,0,17.2,106,106,33.6,41.8,1,0.00,981.3,967.6
2023-10-20T08:00,13.7,2.00,90,12.0,11.4,2.00,0.00,0.00,61,100,100,100,0,19.8,100,100,36.9,40.3,1,0.00,980.1,966.4
2023-10-20T09:00,14.1,0.20,87,12.0,11.9,0.20,0.00,0.00,51,100,100,100,0,19.5,101,102,35.2,40.3,1,0.00,979.6,966.0
2023-10-20T10:00,14.8,0.00,85,12.4,12.5,0.00,0.00,0.00,3,100,100,100,0,20.7,112,113,35.8,41.0,1,0.00,979.4,965.8
2023-10-20T11:00,15.7,0.10,83,12.8,13.8,0.10,0.00,0.00,51,100,100,100,2,18.7,130,130,30.9,42.8,1,0.00,979.8,966.2
2023-10-20T12:00,17.5,0.00,79,13.8,16.8,0.00,0.00,0.00,3,100,100,100,4,13.4,173,156,25.0,36.4,1,2342.29,980.8,967.3
2023-10-20T13:00,16.5,0.00,87,14.4,15.8,0.00,0.00,0.00,3,100,100,56,5,14.8,200,193,24.5,41.8,1,0.00,981.6,968.1
2023-10-20T14:00,17.7,0.00,80,14.3,16.0,0.00,0.00,0.00,3,100,99,80,11,21.3,209,206,34.7,43.2,1,1177.59,982.1,968.6
2023-10-20T15:00,17.3,0.00,80,13.8,15.6,0.00,0.00,0.00,3,100,100,97,11,19.6,229,226,31.4,46.1,1,0.00,983.0,969.5
2023-10-20T16:00,16.0,0.00,77,12.0,14.0,0.00,0.00,0.00,3,100,100,96,1,18.1,228,226,30.3,42.1,1,0.00,984.5,970.9
2023-10-20T17:00,15.4,0.00,79,11.7,14.1,0.00,0.00,0.00,3,100,100,93,6,12.4,212,206,23.5,36.7,1,0.00,985.4,971.7
2023-10-20T18:00,14.8,0.00,83,11.9,13.8,0.00,0.00,0.00,2,50,49,1,2,10.4,195,182,21.2,25.6,0,0.00,986.0,972.3
2023-10-20T19:00,13.5,0.00,89,11.7,12.6,0.00,0.00,0.00,2,70,70,0,0,9.7,183,165,21.6,22.0,0,0.00,986.7,972.9
2023-10-20T20:00,12.8,0.00,90,11.2,11.8,0.00,0.00,0.00,3,100,100,1,0,9.2,164,141,21.3,19.4,0,0.00,986.9,973.1
2023-10-20T21:00,12.9,0.00,86,10.7,11.6,0.00,0.00,0.00,2,67,42,41,10,10.4,158,134,22.6,20.2,0,0.00,987.4,973.6
2023-10-20T22:00,13.4,0.00,80,10.0,11.6,0.00,0.00,0.00,3,99,14,99,6,12.5,148,129,25.9,24.5,0,0.00,987.4,973.6
2023-10-20T23:00,14.2,0.10,78,10.5,12.2,0.10,0.00,0.00,51,100,0,100,2,14.6,145,130,28.0,29.2,0,0.00,987.4,973.7
2023-10-21T00:00,14.4,0.00,77,10.5,11.9,0.00,0.00,0.00,3,98,1,98,1,18.2,152,141,33.8,35.3,0,0.00,987.4,973.7
2023-10-21T01:00,14.6,0.00,81,11.4,12.5,0.00,0.00,0.00,3,80,5,34,2,17.4,178,167,32.1,40.0,0,0.00,988.1,974.4
2023-10-21T02:00,15.0,0.10,75,10.6,11.7,0.10,0.00,0.00,51,97,7,97,27,24.4,201,196,42.5,47.9,0,0.00,989.1,975.4
2023-10-21T03:00,14.6,2.70,80,11.2,10.8,2.70,0.00,0.00,63,100,39,100,36,28.8,214,212,48.2,57.6,0,0.00,990.5,976.7
2023-10-21T04:00,14.4,0.00,82,11.3,11.1,0.00,0.00,0.00,3,96,40,87,49,25.6,222,219,42.6,58.7,0,0.00,992.4,978.6
2023-10-21T05:00,14.3,0.10,82,11.3,11.9,0.10,0.00,0.00,51,56,25,16,35,19.4,223,220,34.1,52.6,0,0.00,993.5,979.7
2023-10-21T06:00,14.1,0.00,82,11.1,11.6,0.00,0.00,0.00,3,96,0,14,96,19.4,225,222,34.1,40.3,0,0.00,994.6,980.8
2023-10-21T07:00,14.3,0.00,80,10.8,11.6,0.00,0.00,0.00,0,14,0,0,14,20.1,229,227,34.4,41.8,1,0.00,996.0,982.1
2023-10-21T08:00,13.9,0.00,80,10.6,11.4,0.00,0.00,0.00,0,12,0,1,11,18.1,232,229,31.8,41.8,1,1934.66,997.3,983.4
2023-10-21T09:00,14.7,0.00,76,10.5,12.3,0.00,0.00,0.00,0,9,0,0,9,17.1,227,226,27.0,37.8,1,3600.00,998.6,984.7
2023-10-21T10:00,15.4,0.00,70,10.0,12.4,0.00,0.00,0.00,1,24,0,0,24,20.9,228,228,31.4,44.3,1,3600.00,999.4,985.6
2023-10-21T11:00,16.2,0.00,65,9.6,13.3,0.00,0.00,0.00,1,31,0,4,29,19.1,223,223,27.8,43.6,1,3600.00,1000.0,986.2
2023-10-21T12:00,16.7,0.00,62,9.4,14.0,0.00,0.00,0.00,0,14,0,11,7,17.4,220,220,25.0,40.3,1,3600.00,1000.2,986.4
2023-10-21T13:00,17.5,0.00,60,9.6,14.8,0.00,0.00,0.00,1,27,3,8,9,17.6,216,215,25.3,39.2,1,3600.00,1000.3,986.5
2023-10-21T14:00,17.4,0.00,58,9.1,14.8,0.00,0.00,0.00,1,30,14,11,13,16.6,215,214,24.1,37.4,1,3600.00,1000.7,986.9
2023-10-21T15:00,17.2,0.00,57,8.6,14.6,0.00,0.00,0.00,1,31,6,19,15,15.4,212,213,23.5,35.6,1,3600.00,1001.0,987.2
2023-10-21T16:00,16.8,0.00,59,8.7,14.8,0.00,0.00,0.00,1,20,2,3,18,11.2,204,201,20.1,32.8,1,3600.00,1001.1,987.3
2023-10-21T17:00,15.3,0.00,63,8.4,13.6,0.00,0.00,0.00,0,18,17,1,1,8.3,186,178,19.9,23.8,1,3093.08,1001.5,987.6
2023-10-21T18:00,13.9,0.00,66,7.6,11.8,0.00,0.00,0.00,1,38,33,1,7,9.8,184,163,23.8,19.4,0,0.00,1002.3,988.3
2023-10-21T19:00,14.3,0.00,63,7.3,11.9,0.00,0.00,0.00,2,62,22,12,48,12.1,199,190,27.0,24.8,0,0.00,1003.0,989.1
2023-10-21T20:00,14.0,0.00,65,7.5,11.8,0.00,0.00,0.00,0,4,0,0,3,10.6,205,198,23.8,24.8,0,0.00,1003.8,989.8
2023-10-21T21:00,12.6,0.00,69,7.0,10.4,0.00,0.00,0.00,0,2,0,0,2,9.8,210,197,23.7,22.3,0,0.00,1004.4,990.3
2023-10-21T22:00,11.8,0.00,70,6.6,9.7,0.00,0.00,0.00,0,0,0,0,0,8.9,210,194,23.2,20.5,0,0.00,1005.0,990.9
2023-10-21T23:00,11.4,0.00,70,6.2,9.1,0.00,0.00,0.00,0,0,0,0,0,9.0,202,180,22.9,19.1,0,0.00,1005.3,991.2
2023-10-22T00:00,11.1,0.00,71,5.9,8.8,0.00,0.00,0.00,0,0,0,0,0,8.6,200,180,22.2,19.1,0,0.00,1005.6,991.5
2023-10-22T01:00,11.2,0.00,74,6.7,8.9,0.00,0.00,0.00,0,2,40,0,0,9.8,203,186,23.5,19.4,0,0.00,1006.3,992.2
2023-10-22T02:00,10.5,0.00,77,6.7,8.3,0.00,0.00,0.00,0,16,13,0,4,9.1,207,189,23.0,20.5,0,0.00,1006.8,992.6
2023-10-22T03:00,10.3,0.00,78,6.7,7.8,0.00,0.00,0.00,0,8,1,0,7,11.2,200,184,25.3,23.0,0,0.00,1007.2,993.0
2023-10-22T04:00,10.3,0.00,78,6.7,7.6,0.00,0.00,0.00,1,20,6,0,15,12.4,210,202,27.4,25.9,0,0.00,1007.6,993.4
2023-10-22T05:00,10.1,0.00,79,6.7,7.5,0.00,0.00,0.00,0,9,4,0,6,11.9,216,209,26.3,26.3,0,0.00,1008.1,993.9
2023-10-22T06:00,9.9,0.00,81,6.8,7.3,0.00,0.00,0.00,0,15,1,1,13,12.1,214,207,26.2,25.2,0,0.00,1008.5,994.3
2023-10-22T07:00,10.2,0.00,79,6.8,7.4,0.00,0.00,0.00,1,35,20,5,13,13.5,214,209,27.5,28.1,1,0.00,1009.0,994.8
2023-10-22T08:00,10.8,0.00,78,7.2,8.0,0.00,0.00,0.00,1,36,8,15,18,14.5,219,215,27.2,29.5,1,1674.81,1009.9,995.7
2023-10-22T09:00,12.5,0.00,72,7.6,9.3,0.00,0.00,0.00,1,49,28,11,22,17.3,224,223,27.2,44.6,1,3600.00,1010.5,996.4
2023-10-22T10:00,13.4,0.00,70,8.0,10.3,0.00,0.00,0.00,2,59,37,15,28,18.0,218,217,27.4,37.8,1,3600.00,1011.0,996.9
2023-10-22T11:00,14.4,0.00,66,8.2,11.0,0.00,0.00,0.00,3,96,61,8,90,20.0,233,232,29.0,46.8,1,3600.00,1011.5,997.4
2023-10-22T12:00,15.0,0.00,63,8.0,11.9,0.00,0.00,0.00,3,100,5,1,100,17.1,231,231,25.4,41.8,1,3600.00,1011.6,997.6
2023-10-22T13:00,15.5,0.00,63,8.4,12.7,0.00,0.00,0.00,1,38,0,50,38,16.4,230,230,23.5,36.7,1,1636.65,1011.4,997.4
2023-10-22T14:00,16.1,0.10,59,8.0,12.9,0.10,0.00,0.00,51,61,0,31,47,17.9,230,230,26.3,37.1,1,3600.00,1011.4,997.4
2023-10-22T15:00,16.3,0.00,58,8.0,13.6,0.00,0.00,0.00,2,55,28,29,18,14.8,226,225,22.9,37.4,1,3600.00,1011.5,997.5
2023-10-22T16:00,16.0,0.00,58,7.7,13.9,0.00,0.00,0.00,3,99,99,29,20,10.7,232,230,20.0,31.3,1,3600.00,1011.8,997.8
2023-10-22T17:00,14.1,0.00,66,7.8,12.5,0.00,0.00,0.00,3,100,100,32,21,6.5,242,236,17.1,23.4,1,2973.25,1012.1,998.0
2023-10-22T18:00,12.3,0.00,75,7.9,11.0,0.00,0.00,0.00,3,100,100,24,11,5.6,245,225,14.7,13.3,0,0.00,1012.8,998.6
2023-10-22T19:00,10.7,0.00,82,7.7,9.1,0.00,0.00,0.00,3,100,100,26,16,7.3,247,213,12.9,12.2,0,0.00,1013.4,999.1
2023-10-22T20:00,13.1,0.00,68,7.4,11.8,0.00,0.00,0.00,3,100,100,20,20,4.0,258,170,8.5,12.2,0,0.00,1013.8,999.6
2023-10-22T21:00,10.4,0.00,83,7.7,9.4,0.00,0.00,0.00,3,100,100,2,9,2.6,257,124,3.3,7.9,0,0.00,1014.4,1000.1
2023-10-22T22:00,10.1,0.00,84,7.6,8.8,0.00,0.00,0.00,3,100,100,1,4,4.6,201,135,3.1,7.2,0,0.00,1014.5,1000.2
2023-10-22T23:00,9.9,0.00,84,7.4,8.6,0.00,0.00,0.00,3,81,80,2,4,4.4,176,125,5.8,7.9,0,0.00,1014.7,1000.4
2023-10-23T00:00,9.2,0.00,87,7.1,7.8,0.00,0.00,0.00,0,5,0,0,5,4.3,169,114,7.3,8.3,0,0.00,1014.9,1000.5
2023-10-23T01:00,8.2,0.00,88,6.4,6.6,0.00,0.00,0.00,0,6,0,0,11,4.9,195,107,5.6,9.7,0,0.00,1015.1,1000.7
2023-10-23T02:00,7.2,0.00,91,5.8,5.3,0.00,0.00,0.00,0,3,0,0,2,6.0,145,107,7.0,9.4,0,0.00,1015.4,1000.9
2023-10-23T03:00,6.5,0.00,93,5.5,4.5,0.00,0.00,0.00,0,0,0,0,0,6.3,142,103,8.2,9.7,0,0.00,1015.2,1000.7
2023-10-23T04:00,6.4,0.00,93,5.4,4.6,0.00,0.00,0.00,0,0,0,0,0,4.7,126,94,8.5,9.4,0,0.00,1015.1,1000.6
2023-10-23T05:00,6.7,0.00,92,5.4,4.6,0.00,0.00,0.00,0,0,0,0,0,6.2,115,100,11.9,11.5,0,0.00,1015.0,1000.5
2023-10-23T06:00,6.5,0.00,92,5.4,4.4,0.00,0.00,0.00,0,0,0,0,0,6.6,107,103,14.7,13.3,0,0.00,1014.8,1000.3
2023-10-23T07:00,6.2,0.00,93,5.1,4.1,0.00,0.00,0.00,1,26,26,0,0,5.8,92,86,13.3,13.0,1,0.00,1014.7,1000.2
2023-10-23T08:00,7.5,0.00,90,6.0,5.5,0.00,0.00,0.00,3,90,90,0,0,6.6,87,81,12.3,12.6,1,1731.73,1014.9,1000.4
2023-10-23T09:00,10.5,0.00,83,7.6,9.3,0.00,0.00,0.00,3,100,100,0,0,3.9,90,68,11.2,12.6,1,3600.00,1014.6,1000.3
2023-10-23T10:00,13.0,0.00,75,8.7,12.1,0.00,0.00,0.00,3,100,100,60,0,3.3,79,49,9.2,11.2,1,3600.00,1013.8,999.6
2023-10-23T11:00,15.3,0.00,67,9.3,14.2,0.00,0.00,0.00,3,100,100,100,0,6.5,94,90,9.7,16.2,1,3600.00,1013.2,999.2
2023-10-23T12:00,16.2,0.00,60,8.5,14.6,0.00,0.00,0.00,3,100,100,96,0,8.1,103,103,12.6,19.1,1,1157.79,1012.3,998.3
2023-10-23T13:00,14.5,0.00,71,9.3,13.0,0.00,0.00,0.00,3,100,100,100,0,9.0,98,95,16.0,19.4,1,247.49,1012.3,998.2
2023-10-23T14:00,14.5,0.00,73,9.6,12.6,0.00,0.00,0.00,3,100,100,100,0,12.1,105,102,22.7,24.5,1,0.00,1011.1,997.0
2023-10-23T15:00,14.8,0.40,74,10.3,12.8,0.40,0.00,0.00,51,100,100,100,0,14.6,102,99,26.9,28.4,1,0.00,1010.0,996.0
2023-10-23T16:00,14.2,0.10,76,10.1,12.0,0.10,0.00,0.00,51,99,82,93,0,15.2,99,97,28.8,32.0,1,0.00,1009.1,995.1
2023-10-23T17:00,14.4,0.00,75,9.9,12.1,0.00,0.00,0.00,3,100,96,100,0,15.3,99,99,29.5,31.3,1,0.00,1008.2,994.2
2023-10-23T18:00,14.4,0.00,73,9.5,12.0,0.00,0.00,0.00,3,100,100,42,0,15.5,104,103,30.0,31.0,0,0.00,1008.0,994.0
2023-10-23T19:00,13.5,0.10,75,9.2,11.3,0.10,0.00,0.00,51,100,100,81,0,13.7,113,108,27.4,31.3,0,0.00,1008.1,994.0
2023-10-23T20:00,13.4,0.00,76,9.2,11.0,0.00,0.00,0.00,3,100,100,60,0,14.7,115,118,29.5,32.8,0,0.00,1007.6,993.5
2023-10-23T21:00,12.8,0.30,80,9.5,11.3,0.30,0.00,0.00,51,100,100,38,0,9.2,129,132,21.3,29.2,0,0.00,1008.2,994.1
2023-10-23T22:00,12.3,0.50,86,10.1,10.6,0.50,0.00,0.00,53,100,100,60,0,11.7,112,99,23.3,22.0,0,0.00,1007.6,993.5
2023-10-23T23:00,12.3,0.50,87,10.1,9.9,0.50,0.00,0.00,53,100,100,96,0,16.4,120,105,30.3,32.4,0,0.00,1006.6,992.5
2023-10-24T00:00,12.5,1.40,88,10.5,10.7,1.40,0.00,0.00,61,100,100,95,0,13.1,143,122,27.0,31.0,0,0.00,1006.5,992.4
2023-10-24T01:00,12.1,1.10,88,10.1,10.7,1.10,0.00,0.00,55,100,100,100,34,9.5,173,155,21.4,25.6,0,0.00,1007.6,993.5
2023-10-24T02:00,12.2,0.10,89,10.4,11.5,0.10,0.00,0.00,51,100,100,74,5,5.5,229,212,16.3,19.4,0,0.00,1007.9,993.8
2023-10-24T03:00,11.5,0.60,91,10.1,10.9,0.60,0.00,0.00,53,100,100,89,4,4.4,213,171,13.3,23.8,0,0.00,1007.3,993.2
2023-10-24T04:00,11.7,0.20,91,10.2,10.6,0.20,0.00,0.00,51,100,100,65,18,8.0,200,170,16.9,16.2,0,0.00,1007.4,993.3
2023-10-24T05:00,11.2,0.00,93,10.1,10.3,0.00,0.00,0.00,3,100,100,100,8,6.1,205,177,15.5,17.6,0,0.00,1007.5,993.3
2023-10-24T06:00,11.1,0.10,94,10.2,10.3,0.10,0.00,0.00,51,100,100,99,4,5.5,194,148,10.4,13.3,0,0.00,1007.1,992.9
2023-10-24T07:00,11.1,0.10,95,10.3,10.5,0.10,0.00,0.00,51,100,100,100,12,4.7,188,148,10.2,12.2,0,0.00,1007.0,992.8
2023-10-24T08:00,11.1,0.40,95,10.4,10.9,0.40,0.00,0.00,51,100,100,100,0,1.8,217,90,3.6,9.7,1,0.00,1006.5,992.3
2023-10-24T09:00,11.5,0.80,95,10.7,10.8,0.80,0.00,0.00,53,100,100,100,6,6.0,173,147,8.4,10.8,1,0.00,1006.6,992.5
2023-10-24T10:00,11.9,1.00,94,11.0,11.6,1.00,0.00,0.00,55,100,100,100,7,4.0,191,153,7.3,13.0,1,0.00,1006.6,992.5
2023-10-24T11:00,12.3,1.20,95,11.4,12.0,1.20,0.00,0.00,55,100,100,100,6,4.5,204,166,8.7,10.1,1,0.00,1006.3,992.2
2023-10-24T12:00,12.6,0.90,94,11.7,12.5,0.90,0.00,0.00,53,100,100,100,30,4.2,191,160,7.3,12.2,1,0.00,1006.2,992.1
2023-10-24T13:00,13.0,0.70,93,11.9,13.0,0.70,0.00,0.00,53,100,100,99,29,4.0,201,190,6.2,11.2,1,0.00,1005.5,991.5
2023-10-24T14:00,13.7,0.50,89,11.8,12.8,0.50,0.00,0.00,53,100,100,86,27,10.0,221,221,14.3,25.9,1,0.00,1005.5,991.5
2023-10-24T15:00,13.8,0.20,89,12.0,13.0,0.20,0.00,0.00,51,100,54,100,42,9.9,226,226,15.0,22.3,1,0.00,1004.9,990.9
2023-10-24T16:00,13.8,0.60,89,12.1,13.1,0.60,0.00,0.00,53,100,96,64,73,8.9,223,220,14.8,23.0,1,0.00,1004.8,990.8
2023-10-24T17:00,13.0,0.10,93,11.9,12.3,0.10,0.00,0.00,51,92,8,39,87,8.7,223,218,17.8,20.2,1,32.93,1004.9,990.9
2023-10-24T18:00,12.8,0.00,95,12.0,12.4,0.00,0.00,0.00,3,99,87,95,17,6.9,237,223,15.9,19.1,0,0.00,1005.2,991.1
2023-10-24T19:00,12.4,0.00,95,11.7,11.9,0.00,0.00,0.00,3,86,5,85,11,6.8,247,238,16.8,14.0,0,0.00,1005.6,991.5
2023-10-24T20:00,11.9,0.00,95,11.2,11.4,0.00,0.00,0.00,1,32,5,28,2,5.8,248,240,15.5,14.0,0,0.00,1005.7,991.6
2023-10-24T21:00,10.9,0.00,96,10.3,10.2,0.00,0.00,0.00,1,28,20,10,0,5.0,251,240,14.5,11.9,0,0.00,1006.1,991.9
2023-10-24T22:00,9.5,0.00,98,9.2,8.5,0.00,0.00,0.00,1,49,48,1,0,5.3,240,208,11.6,10.1,0,0.00,1006.2,992.0
2023-10-24T23:00,9.1,0.00,99,8.9,8.0,0.00,0.00,0.00,3,100,100,1,0,5.4,225,200,13.7,9.7,0,0.00,1006.3,992.0
2023-10-25T00:00,9.1,0.00,99,8.9,8.0,0.00,0.00,0.00,3,100,100,1,0,5.4,214,184,14.3,10.8,0,0.00,1006.3,992.0
2023-10-25T01:00,9.4,0.00,98,9.1,8.3,0.00,0.00,0.00,3,100,100,5,0,5.8,212,187,14.9,12.6,0,0.00,1006.4,992.2
2023-10-25T02:00,9.2,0.00,98,8.9,8.3,0.00,0.00,0.00,3,100,100,95,0,4.5,200,166,11.5,9.0,0,0.00,1006.3,992.1
2023-10-25T03:00,9.2,0.00,98,8.8,8.1,0.00,0.00,0.00,3,100,100,42,4,4.8,192,153,11.8,10.4,0,0.00,1005.8,991.6
2023-10-25T04:00,9.0,0.00,97,8.6,7.8,0.00,0.00,0.00,0,6,0,1,6,5.6,183,135,12.3,10.8,0,0.00,1005.5,991.3
2023-10-25T05:00,8.4,0.00,98,8.1,7.1,0.00,0.00,0.00,1,32,13,0,22,5.7,153,108,12.1,11.9,0,0.00,1004.8,990.5
2023-10-25T06:00,8.1,0.00,98,7.9,6.5,0.00,0.00,0.00,3,98,97,0,53,6.9,137,99,14.3,13.0,0,0.00,1004.3,990.0
2023-10-25T07:00,8.5,0.00,98,8.2,6.6,0.00,0.00,0.00,3,100,100,0,55,10.1,114,96,21.3,19.4,0,0.00,1003.5,989.3
2023-10-25T08:00,9.5,0.00,96,8.9,7.2,0.00,0.00,0.00,3,91,85,7,43,13.5,115,106,25.4,25.9,1,0.00,1003.1,988.9
2023-10-25T09:00,10.6,0.00,92,9.4,8.5,0.00,0.00,0.00,1,39,32,7,4,13.2,123,112,27.1,28.4,1,3600.00,1002.4,988.3
2023-10-25T10:00,12.3,0.00,86,10.0,10.1,0.00,0.00,0.00,3,100,100,43,1,15.3,125,117,25.1,31.7,1,3600.00,1001.5,987.5
2023-10-25T11:00,13.1,1.30,83,10.2,11.5,1.30,0.00,0.00,61,100,97,100,1,11.9,133,125,18.3,32.4,1,1651.99,1000.8,986.8
2023-10-25T12:00,12.7,0.40,90,11.1,11.0,0.40,0.00,0.00,51,100,99,100,80,13.5,127,115,24.9,26.3,1,0.00,999.3,985.3
2023-10-25T13:00,13.2,2.70,88,11.3,11.3,2.70,0.00,0.00,63,100,85,100,87,15.5,131,121,28.3,30.2,1,0.00,998.0,984.1
2023-10-25T14:00,13.1,1.30,91,11.6,11.5,1.30,0.00,0.00,61,100,87,100,100,13.8,157,152,25.5,32.0,1,0.00,997.1,983.2
2023-10-25T15:00,13.4,0.80,90,11.8,12.1,0.80,0.00,0.00,53,100,98,91,49,12.4,199,190,23.6,36.0,1,0.00,996.5,982.6
2023-10-25T16:00,13.3,0.40,91,11.9,11.6,0.40,0.00,0.00,51,100,99,99,56,15.5,198,192,28.3,36.0,1,0.00,995.9,982.0
2023-10-25T17:00,13.2,1.60,92,11.8,11.7,1.60,0.00,0.00,61,100,100,100,95,14.2,198,189,27.2,37.4,1,0.00,995.1,981.2
2023-10-25T18:00,13.2,3.00,88,11.3,10.8,3.00,0.00,0.00,63,79,62,27,30,19.5,205,199,34.9,45.4,0,0.00,994.7,980.8
2023-10-25T19:00,12.6,0.20,90,11.0,9.7,0.20,0.00,0.00,51,97,68,71,85,21.9,217,216,38.3,49.0,0,0.00,995.0,981.1
2023-10-25T20:00,12.7,0.10,91,11.3,9.7,0.10,0.00,0.00,51,100,1,100,38,23.4,226,224,39.2,48.6,0,0.00,995.4,981.5
2023-10-25T21:00,12.4,0.20,91,10.9,9.4,0.20,0.00,0.00,51,100,4,100,100,22.6,242,241,37.8,48.6,0,0.00,996.4,982.5
2023-10-25T22:00,12.2,0.00,90,10.6,9.4,0.00,0.00,0.00,2,76,0,47,64,20.8,243,242,34.6,45.7,0,0.00,997.5,983.5
2023-10-25T23:00,11.6,0.50,94,10.7,8.6,0.50,0.00,0.00,53,100,17,100,100,22.5,234,235,37.4,43.2,0,0.00,997.9,983.9
2023-10-26T00:00,12.0,0.00,90,10.4,8.9,0.00,0.00,0.00,3,100,34,100,67,22.0,233,232,36.8,48.2,0,0.00,998.3,984.3
2023-10-26T01:00,11.7,0.40,91,10.3,8.9,0.40,0.00,0.00,51,100,76,44,100,20.2,237,235,34.0,48.2,0,0.00,998.6,984.6
2023-10-26T02:00,12.1,0.40,91,10.6,10.3,0.40,0.00,0.00,51,100,99,0,100,13.4,246,239,23.7,31.0,0,0.00,998.3,984.3
2023-10-26T03:00,11.8,0.50,94,10.9,10.4,0.50,0.00,0.00,53,100,100,2,100,11.1,246,241,20.9,27.7,0,0.00,998.5,984.5
2023-10-26T04:00,11.6,0.50,96,10.9,10.6,0.50,0.00,0.00,53,100,28,21,100,8.5,259,258,16.5,23.4,0,0.00,998.5,984.5
2023-10-26T05:00,11.3,0.50,97,10.9,11.1,0.50,0.00,0.00,53,100,14,19,100,2.9,257,263,9.6,17.3,0,0.00,998.6,984.6
2023-10-26T06:00,11.1,0.40,97,10.7,10.9,0.40,0.00,0.00,51,100,0,9,100,3.1,228,201,11.2,7.9,0,0.00,998.5,984.5
2023-10-26T07:00,11.1,0.20,97,10.7,10.3,0.20,0.00,0.00,51,100,48,0,100,7.0,220,201,15.1,13.7,0,0.00,998.1,984.1
2023-10-26T08:00,11.2,0.00,95,10.4,9.9,0.00,0.00,0.00,3,88,70,0,62,9.6,207,193,17.4,18.7,1,0.00,998.1,984.1
2023-10-26T09:00,11.7,0.00,91,10.2,10.4,0.00,0.00,0.00,3,98,94,52,61,9.4,211,203,15.2,21.2,1,3600.00,998.5,984.5
2023-10-26T10:00,12.0,0.00,89,10.3,11.1,0.00,0.00,0.00,3,100,100,87,59,6.5,186,177,9.8,21.6,1,0.00,998.2,984.2
2023-10-26T11:00,12.6,0.20,87,10.5,11.7,0.20,0.00,0.00,51,99,93,84,46,6.9,189,189,9.1,17.6,1,0.00,998.3,984.3
2023-10-26T12:00,13.5,0.10,82,10.5,12.1,0.10,0.00,0.00,51,100,100,99,100,10.1,186,186,13.4,22.0,1,2492.42,997.8,983.9
2023-10-26T13:00,13.3,0.10,85,10.7,12.2,0.10,0.00,0.00,51,100,100,69,100,9.0,164,164,12.8,23.0,1,0.00,997.3,983.4
2023-10-26T14:00,12.5,0.10,90,10.9,11.3,0.10,0.00,0.00,51,100,100,48,84,9.9,135,134,14.8,22.7,1,0.00,997.0,983.0
2023-10-26T15:00,13.4,0.00,88,11.5,12.6,0.00,0.00,0.00,3,100,100,26,84,8.6,177,165,12.3,21.2,1,0.00,996.5,982.6
2023-10-26T16:00,13.6,0.10,89,11.9,13.0,0.10,0.00,0.00,51,100,100,47,35,8.4,205,187,15.9,19.8,1,0.00,996.0,982.1
2023-10-26T17:00,13.4,0.10,90,11.8,12.3,0.10,0.00,0.00,51,100,100,38,32,11.5,228,221,22.4,24.5,1,0.00,995.8,981.9
2023-10-26T18:00,12.9,0.10,89,11.2,11.4,0.10,0.00,0.00,51,100,100,79,41,12.5,231,226,24.6,27.7,0,0.00,996.5,982.6
2023-10-26T19:00,12.7,0.10,89,11.0,11.1,0.10,0.00,0.00,51,100,100,35,35,12.5,232,226,23.8,25.9,0,0.00,996.5,982.6
2023-10-26T20:00,12.0,0.00,90,10.4,10.4,0.00,0.00,0.00,3,100,100,3,11,11.8,227,220,23.4,25.6,0,0.00,996.5,982.5
2023-10-26T21:00,11.2,0.00,92,10.0,9.8,0.00,0.00,0.00,3,100,100,11,0,9.4,234,230,21.4,23.8,0,0.00,996.6,982.6
2023-10-26T22:00,10.7,0.00,94,9.8,9.6,0.00,0.00,0.00,3,100,100,98,0,7.5,241,235,18.8,19.1,0,0.00,996.4,982.4
2023-10-26T23:00,10.2,0.00,95,9.5,9.5,0.00,0.00,0.00,3,100,100,100,0,4.2,231,200,13.0,15.8,0,0.00,995.9,981.9
2023-10-27T00:00,10.3,0.10,95,9.6,9.7,0.10,0.00,0.00,51,100,100,100,0,3.5,208,156,9.8,9.0,0,0.00,995.2,981.2
2023-10-27T01:00,10.2,0.00,95,9.5,9.4,0.00,0.00,0.00,3,100,100,85,0,4.7,190,148,10.6,9.4,0,0.00,994.5,980.5
2023-10-27T02:00,10.6,0.10,96,10.0,9.8,0.10,0.00,0.00,51,100,100,100,35,5.0,222,201,14.0,13.0,0,0.00,995.2,981.2
2023-10-27T03:00,10.6,0.20,96,10.0,9.7,0.20,0.00,0.00,51,100,100,100,100,6.1,208,180,14.7,12.2,0,0.00,994.5,980.5
2023-10-27T04:00,10.8,0.30,97,10.3,9.7,0.30,0.00,0.00,51,100,100,100,90,7.9,201,183,16.2,15.5,0,0.00,994.2,980.2
2023-10-27T05:00,10.7,0.70,96,10.2,9.6,0.70,0.00,0.00,53,100,100,100,100,8.0,204,188,16.6,17.6,0,0.00,994.1,980.1
2023-10-27T06:00,10.7,1.30,95,9.9,9.7,1.30,0.00,0.00,61,100,46,100,100,7.2,194,177,15.2,17.3,0,0.00,993.9,979.9
2023-10-27T07:00,10.7,1.00,94,9.7,9.4,1.00,0.00,0.00,55,100,32,100,100,8.4,186,173,16.7,17.6,0,0.00,994.0,980.0
2023-10-27T08:00,10.8,0.70,93,9.6,8.4,0.70,0.00,0.00,53,100,58,100,97,15.6,203,195,28.1,31.3,1,0.00,994.1,980.1
2023-10-27T09:00,11.4,0.40,90,9.7,8.1,0.40,0.00,0.00,51,99,0,98,40,22.2,236,234,37.1,45.0,1,0.00,994.7,980.7
2023-10-27T10:00,11.9,0.00,88,9.9,9.3,0.00,0.00,0.00,2,56,0,46,43,18.0,247,244,30.2,45.0,1,363.08,995.7,981.7
2023-10-27T11:00,12.7,0.10,84,10.1,9.7,0.10,0.00,0.00,51,52,0,9,50,20.8,242,240,30.6,48.6,1,3600.00,995.8,981.9
2023-10-27T12:00,13.8,0.00,74,9.1,10.2,0.00,0.00,0.00,1,29,0,10,26,23.1,248,247,34.9,54.0,1,3600.00,996.2,982.3
2023-10-27T13:00,14.3,0.00,69,8.7,10.9,0.00,0.00,0.00,1,38,8,21,27,20.9,247,246,31.3,52.6,1,3600.00,996.2,982.3
2023-10-27T14:00,13.0,2.20,81,9.8,9.8,2.20,0.00,0.00,61,97,83,34,80,21.7,234,234,32.8,52.9,1,3600.00,996.7,982.8
2023-10-27T15:00,13.0,0.10,81,9.9,10.4,0.10,0.00,0.00,51,76,66,18,15,17.7,233,231,28.5,46.8,1,433.97,997.1,983.2
2023-10-27T16:00,13.1,0.00,78,9.3,10.2,0.00,0.00,0.00,1,36,30,4,7,19.1,237,234,32.8,41.4,1,3600.00,997.5,983.6
2023-10-27T17:00,12.4,0.00,79,8.8,9.6,0.00,0.00,0.00,2,57,53,6,1,16.9,234,232,30.2,40.3,1,2395.31,998.0,984.0
2023-10-27T18:00,11.4,0.00,83,8.7,9.0,0.00,0.00,0.00,0,8,4,4,2,14.4,236,233,27.8,34.6,0,0.00,998.5,984.5
2023-10-27T19:00,10.7,0.00,87,8.7,8.7,0.00,0.00,0.00,3,98,98,0,2,11.5,230,224,25.0,29.5,0,0.00,998.8,984.7
2023-10-27T20:00,10.1,0.00,90,8.5,8.4,0.00,0.00,0.00,3,100,100,0,5,9.0,218,203,21.5,23.8,0,0.00,999.1,985.0
2023-10-27T21:00,10.1,0.00,90,8.6,8.3,0.00,0.00,0.00,3,100,100,70,29,9.7,210,195,22.4,20.2,0,0.00,999.5,985.4
2023-10-27T22:00,10.7,0.00,86,8.5,8.5,0.00,0.00,0.00,3,100,100,98,14,12.1,211,203,24.9,24.5,0,0.00,999.7,985.6
2023-10-27T23:00,10.9,0.10,85,8.4,8.2,0.10,0.00,0.00,51,100,100,99,1,16.0,215,211,29.5,32.8,0,0.00,999.8,985.7
2023-10-28T00:00,11.0,0.10,84,8.4,8.2,0.10,0.00,0.00,51,96,90,56,34,16.5,215,212,29.5,33.1,0,0.00,1000.4,986.3
2023-10-28T01:00,10.6,0.00,86,8.3,7.4,0.00,0.00,0.00,2,52,0,37,36,18.6,219,216,32.0,37.8,0,0.00,1000.5,986.4
2023-10-28T02:00,10.5,0.30,92,9.2,6.8,0.30,0.00,0.00,51,100,23,96,97,23.4,223,223,37.7,46.4,0,0.00,1000.6,986.5
2023-10-28T03:00,10.5,0.20,90,8.9,7.0,0.20,0.00,0.00,51,95,0,87,73,21.6,228,226,36.2,46.4,0,0.00,1000.9,986.8
2023-10-28T04:00,10.4,0.00,90,8.9,7.3,0.00,0.00,0.00,3,100,0,14,100,18.9,230,228,32.2,44.3,0,0.00,1001.2,987.1
2023-10-28T05:00,10.3,0.10,90,8.7,7.2,0.10,0.00,0.00,51,91,0,26,89,18.8,228,225,32.1,40.0,0,0.00,1001.5,987.4
2023-10-28T06:00,10.2,0.00,89,8.5,7.8,0.00,0.00,0.00,2,79,27,19,69,13.7,214,207,24.7,38.5,0,0.00,1002.0,987.9
2023-10-28T07:00,9.9,0.00,90,8.3,7.5,0.00,0.00,0.00,3,90,47,34,79,13.4,202,194,24.5,28.1,0,0.00,1002.3,988.1
2023-10-28T08:00,10.1,0.20,89,8.4,7.8,0.20,0.00,0.00,51,57,8,34,34,13.0,203,194,23.9,27.4,1,0.00,1002.4,988.3
2023-10-28T09:00,11.1,0.00,83,8.4,8.3,0.00,0.00,0.00,2,72,27,43,37,16.6,213,207,27.4,33.8,1,3600.00,1003.0,988.9
2023-10-28T10:00,12.6,0.00,76,8.4,9.6,0.00,0.00,0.00,3,82,58,35,35,17.7,219,218,27.4,45.0,1,3600.00,1003.2,989.2
2023-10-28T11:00,13.4,0.00,72,8.6,10.6,0.00,0.00,0.00,3,100,100,6,24,16.4,215,213,25.1,37.4,1,3600.00,1003.3,989.3
2023-10-28T12:00,14.0,0.20,66,7.8,9.8,0.20,0.00,0.00,51,100,100,90,36,25.0,229,230,37.3,51.1,1,3600.00,1003.0,989.0
2023-10-28T13:00,12.7,0.90,78,9.1,9.7,0.90,0.00,0.00,53,100,75,100,100,19.1,222,221,30.9,51.5,1,0.00,1003.2,989.2
2023-10-28T14:00,11.9,0.40,89,10.1,10.1,0.40,0.00,0.00,51,100,98,100,100,12.6,208,204,22.9,37.1,1,0.00,1003.2,989.1
2023-10-28T15:00,12.0,0.50,88,10.0,10.2,0.50,0.00,0.00,53,98,0,97,51,11.8,208,200,20.5,27.7,1,0.00,1003.3,989.2
2023-10-28T16:00,11.6,2.30,91,10.2,10.7,2.30,0.00,0.00,61,100,100,95,47,6.5,208,186,13.8,24.1,1,0.00,1003.4,989.3
2023-10-28T17:00,11.4,0.50,91,10.0,10.3,0.50,0.00,0.00,53,100,100,37,23,7.9,175,141,15.5,16.2,1,0.00,1003.1,989.0
2023-10-28T18:00,11.6,0.00,87,9.6,10.0,0.00,0.00,0.00,3,100,100,100,37,10.0,181,154,20.5,19.8,0,0.00,1003.3,989.2
2023-10-28T19:00,11.6,0.60,88,9.7,10.2,0.60,0.00,0.00,53,100,56,100,100,9.0,182,157,19.5,20.9,0,0.00,1003.2,989.1
2023-10-28T20:00,11.8,0.20,86,9.6,10.1,0.20,0.00,0.00,51,100,99,100,33,10.6,168,145,20.6,20.5,0,0.00,1003.0,988.9
2023-10-28T21:00,12.0,0.00,84,9.3,10.3,0.00,0.00,0.00,3,100,100,100,3,10.5,160,131,21.1,22.0,0,0.00,1002.4,988.3
2023-10-28T22:00,12.0,0.00,81,8.8,10.1,0.00,0.00,0.00,3,100,100,100,3,10.9,159,134,22.8,22.0,0,0.00,1002.4,988.3
2023-10-28T23:00,12.3,0.00,77,8.4,10.1,0.00,0.00,0.00,3,100,100,100,0,11.8,153,130,24.3,22.7,0,0.00,1001.9,987.9
2023-10-29T00:00,12.5,0.00,73,7.7,9.9,0.00,0.00,0.00,3,100,100,98,0,13.7,150,135,27.4,26.6,0,0.00,1001.6,987.6
2023-10-29T01:00,12.7,0.00,68,6.9,9.8,0.00,0.00,0.00,3,100,100,100,0,14.4,162,148,28.8,28.8,0,0.00,1001.7,987.7
2023-10-29T02:00,11.7,0.00,79,8.3,9.2,0.00,0.00,0.00,3,100,100,97,0,14.0,153,132,27.4,27.4,0,0.00,1001.5,987.4
2023-10-29T03:00,12.2,0.10,75,7.8,9.3,0.10,0.00,0.00,51,100,100,100,0,15.8,154,135,30.1,30.2,0,0.00,1000.7,986.7
2023-10-29T04:00,12.5,0.00,70,7.2,9.4,0.00,0.00,0.00,3,100,100,98,0,16.3,151,139,32.6,32.8,0,0.00,999.9,985.9
2023-10-29T05:00,12.6,0.00,67,6.6,10.4,0.00,0.00,0.00,3,100,100,100,9,9.1,186,187,22.1,31.7,0,0.00,1000.9,986.9
2023-10-29T06:00,11.9,0.00,72,6.9,10.4,0.00,0.00,0.00,3,100,100,100,12,4.8,206,153,13.2,19.8,0,0.00,1001.2,987.2
2023-10-29T07:00,11.6,0.10,73,7.0,9.7,0.10,0.00,0.00,51,100,100,100,22,7.7,178,127,13.7,16.6,0,0.00,1001.3,987.2
2023-10-29T08:00,11.4,0.50,80,8.2,9.6,0.50,0.00,0.00,53,100,99,100,15,9.4,171,133,19.3,19.8,1,0.00,1001.9,987.8
2023-10-29T09:00,11.4,1.30,85,9.0,9.2,1.30,0.00,0.00,61,100,100,100,7,12.8,179,158,24.8,25.2,1,0.00,1002.3,988.2
2023-10-29T10:00,12.2,0.10,82,9.3,10.3,0.10,0.00,0.00,51,100,100,92,21,11.8,161,140,21.3,26.3,1,0.00,1001.9,987.9
2023-10-29T11:00,13.8,0.00,80,10.3,12.8,0.00,0.00,0.00,3,100,100,98,12,7.6,156,135,16.6,22.7,1,0.00,1001.7,987.7
2023-10-29T12:00,14.2,0.30,77,10.2,13.0,0.30,0.00,0.00,51,100,100,82,22,8.9,152,130,15.9,19.4,1,0.00,1001.4,987.5
2023-10-29T13:00,14.6,0.80,77,10.5,13.2,0.80,0.00,0.00,53,100,100,100,2,10.6,171,156,18.9,23.0,1,0.00,1001.0,987.1
2023-10-29T14:00,14.6,0.00,86,12.3,14.5,0.00,0.00,0.00,3,100,100,57,6,5.6,175,153,9.0,16.9,1,0.00,1000.8,986.9
2023-10-29T15:00,14.8,0.10,86,12.4,13.8,0.10,0.00,0.00,51,100,100,47,17,11.9,196,178,19.8,24.8,1,0.00,1000.7,986.8
2023-10-29T16:00,14.7,0.20,85,12.1,13.3,0.20,0.00,0.00,51,100,100,96,16,14.2,215,207,26.1,31.7,1,0.00,1000.8,986.9
2023-10-29T17:00,14.2,2.20,90,12.5,12.8,2.20,0.00,0.00,61,100,100,95,5,15.1,222,213,29.3,38.9,1,0.00,1001.1,987.2
2023-10-29T18:00,13.8,1.90,93,12.7,12.6,1.90,0.00,0.00,61,100,100,97,10,13.9,215,211,26.4,50.4,0,0.00,1001.9,987.9
2023-10-29T19:00,13.7,2.40,93,12.5,12.3,2.40,0.00,0.00,61,100,99,100,100,14.5,213,210,27.4,46.4,0,0.00,1003.1,989.1
2023-10-29T20:00,13.8,0.30,90,12.2,11.8,0.30,0.00,0.00,51,100,100,28,13,18.1,208,203,31.9,38.5,0,0.00,1003.7,989.7
2023-10-29T21:00,13.2,0.00,93,12.1,11.7,0.00,0.00,0.00,3,100,100,39,7,14.2,206,196,27.2,37.1,0,0.00,1004.4,990.4
2023-10-29T22:00,13.5,0.00,92,12.1,12.2,0.00,0.00,0.00,3,100,100,10,1,13.2,214,206,26.5,29.9,0,0.00,1004.9,990.9
2023-10-29T23:00,12.7,0.00,93,11.6,12.2,0.00,0.00,0.00,3,100,100,1,0,6.6,210,193,18.2,28.1,0,0.00,1004.6,990.6
2023-10-30T00:00,12.3,0.00,94,11.3,11.7,0.00,0.00,0.00,3,100,100,21,6,6.4,183,137,15.1,15.5,0,0.00,1004.5,990.4
2023-10-30T01:00,12.4,0.10,93,11.3,12.0,0.10,0.00,0.00,51,100,100,100,1,5.6,186,135,13.4,14.0,0,0.00,1004.6,990.5
2023-10-30T02:00,12.1,0.70,94,11.2,11.6,0.70,0.00,0.00,53,100,69,100,10,5.5,215,191,15.8,15.8,0,0.00,1006.9,992.8
2023-10-30T03:00,12.3,0.50,93,11.3,12.0,0.50,0.00,0.00,53,100,85,100,4,5.0,200,150,13.8,16.6,0,0.00,1006.1,992.0
2023-10-30T04:00,12.4,0.50,92,11.2,11.2,0.50,0.00,0.00,53,100,92,100,0,10.9,189,174,21.5,21.2,0,0.00,1006.1,992.0
2023-10-30T05:00,12.4,0.60,92,11.2,11.4,0.60,0.00,0.00,53,95,29,93,0,8.8,178,161,18.7,22.0,0,0.00,1005.8,991.7
2023-10-30T06:00,11.4,0.00,93,10.4,10.7,0.00,0.00,0.00,3,100,87,100,1,5.6,173,135,13.8,18.0,0,0.00,1005.9,991.8
2023-10-30T07:00,11.6,0.10,93,10.5,10.7,0.10,0.00,0.00,51,100,98,100,0,7.1,140,105,11.8,12.6,0,0.00,1005.7,991.6
2023-10-30T08:00,11.7,0.50,93,10.6,10.6,0.50,0.00,0.00,53,100,100,99,1,9.1,112,97,18.6,17.3,1,0.00,1005.2,991.1
2023-10-30T09:00,12.7,0.10,90,11.1,11.5,0.10,0.00,0.00,51,100,16,100,2,10.5,109,98,21.3,20.5,1,0.00,1005.1,991.0
2023-10-30T10:00,13.7,0.00,86,11.3,12.4,0.00,0.00,0.00,3,95,90,54,0,11.4,119,114,22.6,21.2,1,0.00,1004.5,990.5
2023-10-30T11:00,16.1,0.00,80,12.6,15.2,0.00,0.00,0.00,3,100,99,43,0,11.8,120,113,23.7,24.5,1,3600.00,1003.2,989.3
2023-10-30T12:00,17.7,0.00,74,13.1,16.8,0.00,0.00,0.00,3,100,100,10,0,12.8,131,128,19.1,28.8,1,3600.00,1002.4,988.6
2023-10-30T13:00,18.3,0.00,70,12.7,17.0,0.00,0.00,0.00,3,100,100,17,0,14.8,119,119,22.6,31.0,1,3600.00,1000.9,987.2
2023-10-30T14:00,15.8,0.00,80,12.3,14.5,0.00,0.00,0.00,3,100,100,82,0,13.7,108,108,22.0,27.0,1,0.00,1001.1,987.2
2023-10-30T15:00,16.0,0.00,79,12.5,14.7,0.00,0.00,0.00,3,100,100,73,0,14.5,114,117,24.8,29.5,1,0.00,999.9,986.1
2023-10-30T16:00,16.0,0.00,80,12.6,14.9,0.00,0.00,0.00,3,100,100,89,0,13.0,121,118,24.9,29.5,1,0.00,999.2,985.4
2023-10-30T17:00,15.2,0.10,82,12.1,14.0,0.10,0.00,0.00,51,100,100,100,0,12.2,124,118,24.7,25.9,1,0.00,998.8,985.0
2023-10-30T18:00,14.6,0.50,85,12.1,13.3,0.50,0.00,0.00,53,100,100,100,0,12.8,144,142,25.5,26.3,0,0.00,998.9,985.0
2023-10-30T19:00,13.7,1.30,91,12.3,13.2,1.30,0.00,0.00,61,100,100,100,0,8.0,187,170,18.1,25.9,0,0.00,998.9,985.0
2023-10-30T20:00,13.2,2.00,93,12.2,12.5,2.00,0.00,0.00,61,100,100,100,11,9.7,228,219,20.9,19.8,0,0.00,999.0,985.1
2023-10-30T21:00,13.2,1.90,91,11.7,11.5,1.90,0.00,0.00,61,100,100,100,100,15.3,229,227,29.9,31.0,0,0.00,999.1,985.2
2023-10-30T22:00,13.1,1.40,92,11.8,11.6,1.40,0.00,0.00,61,100,100,100,1,14.4,216,212,27.6,31.3,0,0.00,998.8,984.9
2023-10-30T23:00,12.6,0.40,94,11.7,10.6,0.40,0.00,0.00,51,100,100,100,52,17.4,222,220,30.9,34.6,0,0.00,999.3,985.3
2023-10-31T00:00,12.4,0.20,92,11.2,10.2,0.20,0.00,0.00,51,100,100,100,26,17.6,238,235,30.3,37.4,0,0.00,999.8,985.8
2023-10-31T01:00,11.6,0.00,88,9.7,8.8,0.00,0.00,0.00,3,100,100,100,100,18.7,238,236,31.9,38.2,0,0.00,1000.8,986.7
2023-10-31T02:00,11.1,0.00,90,9.5,8.7,0.00,0.00,0.00,3,100,100,38,28,15.1,235,232,27.4,33.1,0,0.00,1000.9,986.8
2023-10-31T03:00,10.8,0.00,91,9.3,8.1,0.00,0.00,0.00,3,82,71,11,35,17.2,239,237,30.4,34.9,0,0.00,1001.6,987.5
2023-10-31T04:00,10.4,0.00,92,9.1,7.9,0.00,0.00,0.00,3,100,100,3,22,15.4,238,233,28.0,35.6,0,0.00,1002.1,988.0
2023-10-31T05:00,10.1,0.00,91,8.8,7.3,0.00,0.00,0.00,3,100,100,0,74,17.1,233,231,30.3,34.6,0,0.00,1002.8,988.6
2023-10-31T06:00,10.1,0.10,89,8.5,7.1,0.10,0.00,0.00,51,100,100,1,99,18.2,233,231,31.1,37.4,0,0.00,1003.2,989.0
2023-10-31T07:00,10.0,0.20,89,8.3,7.0,0.20,0.00,0.00,51,100,100,0,100,17.9,234,232,30.4,37.8,0,0.00,1003.7,989.5
2023-10-31T08:00,10.3,0.30,88,8.4,7.3,0.30,0.00,0.00,51,100,100,0,79,17.4,234,232,29.9,36.4,1,0.00,1004.3,990.1
2023-10-31T09:00,10.7,0.30,87,8.7,7.7,0.30,0.00,0.00,51,100,100,0,62,18.0,235,233,30.0,37.8,1,42.18,1005.2,991.0
2023-10-31T10:00,11.0,0.10,87,8.9,8.4,0.10,0.00,0.00,51,100,100,4,51,15.8,236,235,26.0,38.5,1,1003.11,1005.5,991.4
2023-10-31T11:00,12.4,0.30,75,8.2,9.2,0.30,0.00,0.00,51,100,100,3,100,18.5,256,257,27.9,40.7,1,3600.00,1005.7,991.6
2023-10-31T12:00,13.0,0.20,71,7.8,9.8,0.20,0.00,0.00,51,100,100,4,39,17.9,259,260,26.8,37.8,1,2881.57,1005.8,991.7
2023-10-31T13:00,13.9,0.20,64,7.1,10.7,0.20,0.00,0.00,51,100,100,5,39,16.8,260,260,25.2,37.1,1,3600.00,1005.7,991.7
2023-10-31T14:00,13.4,0.40,70,8.0,10.6,0.40,0.00,0.00,51,99,98,30,40,16.0,257,256,24.0,32.8,1,3600.00,1006.5,992.5
2023-10-31T15:00,12.7,0.50,77,8.8,10.5,0.50,0.00,0.00,53,72,1,46,52,12.9,234,234,20.1,31.7,1,3600.00,1006.8,992.7
2023-10-31T16:00,12.5,0.00,82,9.6,10.7,0.00,0.00,0.00,3,94,81,52,38,11.9,220,215,19.7,25.6,1,3600.00,1007.3,993.2
2023-10-31T17:00,10.8,0.70,90,9.3,9.5,0.70,0.00,0.00,53,100,94,91,70,7.7,221,217,17.6,27.0,1,36.38,1008.4,994.2
2023-10-31T18:00,11.0,0.20,90,9.5,8.9,0.20,0.00,0.00,51,59,5,39,43,13.6,222,217,25.2,27.0,0,0.00,1009.3,995.1
2023-10-31T19:00,10.7,0.20,93,9.5,8.6,0.20,0.00,0.00,51,54,0,42,44,13.4,221,216,25.0,29.9,0,0.00,1010.1,995.9
2023-10-31T20:00,10.3,0.00,94,9.3,8.3,0.00,0.00,0.00,1,46,9,10,39,12.8,224,218,25.0,27.4,0,0.00,1010.8,996.5
2023-10-31T21:00,10.2,0.00,94,9.3,7.9,0.00,0.00,0.00,3,100,100,2,24,14.0,221,215,26.6,28.8,0,0.00,1011.0,996.7
2023-10-31T22:00,10.0,0.00,94,9.1,7.7,0.00,0.00,0.00,3,100,100,72,27,13.9,222,217,26.3,29.5,0,0.00,1011.4,997.1
2023-10-31T23:00,10.2,0.10,92,9.0,8.1,0.10,0.00,0.00,51,100,99,100,31,12.7,221,215,24.8,28.8,0,0.00,1011.4,997.1
2023-11-01T00:00,10.2,1.50,92,8.9,8.1,1.50,0.00,0.00,61,100,79,100,45,11.9,222,215,24.2,27.0,0,0.00,1011.3,997.0
2023-11-01T01:00,10.6,0.20,93,9.4,8.6,0.20,0.00,0.00,51,100,28,100,18,12.8,226,220,25.2,27.4,0,0.00,1011.1,996.9
2023-11-01T02:00,10.9,0.30,94,10.0,8.6,0.30,0.00,0.00,51,100,52,100,15,15.9,222,218,27.8,33.1,0,0.00,1010.7,996.5
2023-11-01T03:00,11.0,0.10,92,9.8,9.2,0.10,0.00,0.00,51,100,94,99,11,12.1,217,207,22.4,32.4,0,0.00,1010.1,995.9
2023-11-01T04:00,10.8,0.00,93,9.7,9.1,0.00,0.00,0.00,3,100,84,100,8,11.6,201,187,22.3,24.8,0,0.00,1009.7,995.5
2023-11-01T05:00,10.9,0.00,90,9.4,9.0,0.00,0.00,0.00,3,99,91,92,16,12.1,201,190,23.1,25.6,0,0.00,1009.3,995.1
2023-11-01T06:00,10.7,0.00,89,8.9,8.9,0.00,0.00,0.00,3,99,97,90,4,10.1,197,182,20.7,25.2,0,0.00,1008.8,994.6
2023-11-01T07:00,10.3,0.00,89,8.5,8.8,0.00,0.00,0.00,3,86,80,54,6,7.5,191,163,17.2,21.2,0,0.00,1008.5,994.3
2023-11-01T08:00,10.3,0.00,87,8.3,8.9,0.00,0.00,0.00,3,100,100,7,8,6.6,196,158,14.6,15.8,1,48.59,1008.4,994.2
2023-11-01T09:00,11.4,0.00,85,8.9,9.9,0.00,0.00,0.00,3,100,100,21,8,8.2,177,142,15.5,16.9,1,3600.00,1008.3,994.1
2023-11-01T10:00,12.7,0.00,77,8.8,11.1,0.00,0.00,0.00,3,100,100,15,0,8.5,159,152,13.1,20.2,1,3600.00,1007.9,993.8
2023-11-01T11:00,14.0,0.00,70,8.6,12.2,0.00,0.00,0.00,3,100,100,42,0,9.7,167,165,14.1,22.7,1,3600.00,1007.4,993.4
2023-11-01T12:00,15.0,0.00,64,8.4,13.1,0.00,0.00,0.00,3,100,100,20,0,10.2,173,172,14.5,23.4,1,3600.00,1006.7,992.7
2023-11-01T13:00,15.9,0.00,60,8.3,14.0,0.00,0.00,0.00,3,100,100,13,0,9.7,176,176,14.1,24.1,1,3600.00,1005.6,991.7
2023-11-01T14:00,15.9,0.00,62,8.7,13.7,0.00,0.00,0.00,3,100,100,1,1,12.6,178,177,19.1,27.7,1,3600.00,1005.1,991.2
2023-11-01T15:00,15.9,0.00,62,8.7,13.8,0.00,0.00,0.00,3,100,100,13,5,12.3,181,175,21.2,28.1,1,3387.01,1004.3,990.4
2023-11-01T16:00,15.4,0.00,58,7.3,12.9,0.00,0.00,0.00,3,100,100,77,1,12.2,197,194,24.1,25.9,1,3145.90,1003.8,989.9
2023-11-01T17:00,14.9,0.00,56,6.2,11.1,0.00,0.00,0.00,3,100,100,100,7,19.0,202,199,33.9,39.6,1,0.00,1003.7,989.8
2023-11-01T18:00,14.5,0.00,58,6.3,10.7,0.00,0.00,0.00,3,100,100,100,19,19.4,217,215,33.7,40.0,0,0.00,1004.0,990.0
2023-11-01T19:00,12.8,0.20,71,7.7,10.1,0.20,0.00,0.00,51,100,67,100,4,14.3,213,208,26.3,41.0,0,0.00,1004.1,990.1
2023-11-01T20:00,12.3,0.10,75,7.9,9.4,0.10,0.00,0.00,51,87,32,78,31,15.6,203,199,28.2,32.0,0,0.00,1003.9,989.8
2023-11-01T21:00,12.2,0.00,75,7.8,9.2,0.00,0.00,0.00,0,14,0,8,8,16.8,211,208,29.9,35.6,0,0.00,1003.7,989.6
2023-11-01T22:00,11.1,0.00,80,7.9,8.7,0.00,0.00,0.00,1,29,0,13,23,13.0,211,204,26.0,34.6,0,0.00,1003.4,989.3
2023-11-01T23:00,10.8,0.00,82,7.9,8.5,0.00,0.00,0.00,1,23,4,7,17,12.2,212,204,25.1,27.4,0,0.00,1002.8,988.7
2023-11-02T00:00,10.6,0.00,82,7.6,8.4,0.00,0.00,0.00,2,66,64,2,4,10.4,195,180,22.7,25.9,0,0.00,1001.4,987.3
2023-11-02T01:00,10.0,0.00,81,6.8,7.7,0.00,0.00,0.00,3,99,99,0,5,10.2,177,157,22.7,22.0,0,0.00,1000.3,986.2
2023-11-02T02:00,9.3,0.00,79,5.9,6.5,0.00,0.00,0.00,3,100,100,8,0,12.4,140,120,24.3,23.8,0,0.00,998.3,984.2
2023-11-02T03:00,9.3,0.00,77,5.4,5.5,0.00,0.00,0.00,3,100,100,96,0,17.8,135,126,34.9,34.9,0,0.00,997.2,983.1
2023-11-02T04:00,10.4,0.00,65,4.1,6.1,0.00,0.00,0.00,3,100,100,99,0,19.7,147,140,36.1,41.0,0,0.00,995.4,981.4
2023-11-02T05:00,10.8,0.00,62,3.9,6.3,0.00,0.00,0.00,3,100,100,100,0,21.3,151,143,38.2,42.8,0,0.00,994.2,980.2
2023-11-02T06:00,11.5,0.40,65,5.1,7.4,0.40,0.00,0.00,51,100,100,100,0,20.2,150,141,35.5,43.2,0,0.00,992.6,978.7
2023-11-02T07:00,10.1,1.00,78,6.4,5.4,1.00,0.00,0.00,55,100,100,100,6,26.3,140,138,45.5,53.3,0,0.00,990.8,976.8
2023-11-02T08:00,10.6,0.20,77,6.7,6.1,0.20,0.00,0.00,51,100,100,99,12,25.4,146,142,44.6,53.6,1,0.00,990.7,976.7
2023-11-02T09:00,11.5,0.20,72,6.7,7.0,0.20,0.00,0.00,51,100,100,100,6,25.0,150,144,43.0,52.9,1,0.00,990.0,976.1
2023-11-02T10:00,11.7,0.50,78,8.0,7.5,0.50,0.00,0.00,53,100,100,100,25,24.6,152,145,42.5,50.8,1,0.00,988.6,974.7
2023-11-02T11:00,12.4,0.00,76,8.3,9.2,0.00,0.00,0.00,3,100,100,100,45,18.7,169,161,32.7,49.7,1,0.00,988.7,974.9
2023-11-02T12:00,12.9,0.40,77,9.1,10.4,0.40,0.00,0.00,51,100,93,100,45,15.9,200,193,28.4,38.2,1,0.00,988.2,974.4
2023-11-02T13:00,13.0,0.30,81,9.8,10.3,0.30,0.00,0.00,51,100,100,100,14,18.7,208,205,32.2,37.8,1,0.00,987.9,974.1
2023-11-02T14:00,12.6,0.10,73,7.9,9.1,0.10,0.00,0.00,51,100,100,94,0,19.9,197,193,34.2,43.6,1,0.00,988.0,974.2
2023-11-02T15:00,12.6,0.00,67,6.5,8.9,0.00,0.00,0.00,3,100,100,81,1,19.4,194,190,33.4,41.8,1,0.00,987.4,973.6
2023-11-02T16:00,12.2,0.00,63,5.4,8.4,0.00,0.00,0.00,3,100,100,17,20,18.4,190,186,31.8,39.6,1,0.00,987.7,973.9
2023-11-02T17:00,11.9,0.00,63,5.1,8.5,0.00,0.00,0.00,3,100,100,99,77,15.1,186,181,27.2,37.8,1,0.00,987.4,973.6
2023-11-02T18:00,11.3,0.00,67,5.3,8.3,0.00,0.00,0.00,3,100,100,96,27,12.2,187,178,23.9,31.3,0,0.00,987.4,973.5
2023-11-02T19:00,11.2,0.00,67,5.2,7.6,0.00,0.00,0.00,3,100,97,98,9,16.5,207,200,29.8,33.1,0,0.00,987.7,973.8
2023-11-02T20:00,11.2,0.00,68,5.5,7.6,0.00,0.00,0.00,3,100,100,25,4,16.8,216,211,29.7,35.6,0,0.00,987.5,973.6
2023-11-02T21:00,10.5,0.00,72,5.6,7.2,0.00,0.00,0.00,1,26,16,6,7,15.3,215,210,28.2,35.3,0,0.00,987.7,973.8
2023-11-02T22:00,9.3,0.00,79,5.8,6.6,0.00,0.00,0.00,1,48,35,5,17,11.3,198,189,23.8,31.7,0,0.00,988.1,974.1
2023-11-02T23:00,8.5,0.00,83,5.8,6.0,0.00,0.00,0.00,1,30,8,0,24,9.8,200,188,22.5,23.4,0,0.00,987.6,973.6
2023-11-03T00:00,8.1,0.00,86,5.9,5.6,0.00,0.00,0.00,2,52,33,0,29,10.5,207,196,22.7,21.6,0,0.00,988.0,974.0
2023-11-03T01:00,7.9,0.00,87,5.9,5.2,0.00,0.00,0.00,1,49,19,0,37,11.4,201,191,23.5,23.4,0,0.00,988.9,974.8
2023-11-03T02:00,7.5,0.00,86,5.3,4.8,0.00,0.00,0.00,1,21,4,0,18,10.9,221,214,23.0,23.0,0,0.00,988.3,974.2
2023-11-03T03:00,7.5,0.00,87,5.5,4.7,0.00,0.00,0.00,3,93,93,6,4,11.3,221,211,22.7,23.8,0,0.00,988.3,974.2
2023-11-03T04:00,7.0,0.00,89,5.3,4.0,0.00,0.00,0.00,3,84,79,25,22,12.6,205,193,24.3,25.2,0,0.00,988.7,974.6
2023-11-03T05:00,7.3,0.00,86,5.1,4.1,0.00,0.00,0.00,3,100,100,15,71,13.2,208,202,25.6,27.7,0,0.00,988.8,974.7
2023-11-03T06:00,7.6,0.00,83,4.9,4.4,0.00,0.00,0.00,3,100,100,24,22,13.2,222,215,24.7,27.7,0,0.00,988.5,974.4
2023-11-03T07:00,7.3,0.00,84,4.8,4.2,0.00,0.00,0.00,3,97,66,14,92,12.5,225,221,24.4,27.0,0,0.00,989.0,974.9
2023-11-03T08:00,8.2,0.00,80,4.9,4.8,0.00,0.00,0.00,3,100,100,1,86,14.3,227,223,24.5,29.5,1,0.00,989.4,975.3
2023-11-03T09:00,8.7,0.00,78,5.0,5.2,0.00,0.00,0.00,3,100,100,20,100,15.6,220,218,24.3,32.0,1,558.85,990.2,976.2
2023-11-03T10:00,9.0,0.10,76,5.0,5.3,0.10,0.00,0.00,51,100,100,20,99,17.1,222,222,26.0,34.2,1,303.00,990.6,976.6
2023-11-03T11:00,9.1,0.10,78,5.4,5.3,0.10,0.00,0.00,51,100,100,58,43,18.3,237,238,27.9,41.0,1,0.00,990.8,976.8
2023-11-03T12:00,10.0,0.10,73,5.3,6.3,0.10,0.00,0.00,51,100,100,29,41,17.6,242,242,25.6,38.2,1,3600.00,990.5,976.5
2023-11-03T13:00,10.5,0.10,68,4.9,6.8,0.10,0.00,0.00,51,100,100,34,32,16.9,244,243,24.5,37.8,1,3600.00,990.2,976.2
2023-11-03T14:00,10.2,0.10,70,4.9,6.4,0.10,0.00,0.00,51,100,100,56,40,17.7,253,253,26.0,39.2,1,1963.83,991.0,977.0
2023-11-03T15:00,10.2,0.10,69,4.8,6.7,0.10,0.00,0.00,51,100,100,62,33,14.8,257,256,22.2,36.7,1,3600.00,991.4,977.4
2023-11-03T16:00,9.9,0.00,71,4.8,7.1,0.00,0.00,0.00,3,100,100,43,24,10.5,236,232,17.9,30.2,1,1601.04,992.1,978.1
2023-11-03T17:00,8.3,0.00,78,4.8,5.5,0.00,0.00,0.00,2,79,68,28,26,10.6,223,215,21.7,22.7,1,726.38,992.7,978.6
2023-11-03T18:00,7.8,0.00,83,5.0,5.0,0.00,0.00,0.00,3,100,100,73,4,10.8,221,210,23.2,22.3,0,0.00,993.4,979.3
2023-11-03T19:00,7.5,0.00,84,5.0,4.7,0.00,0.00,0.00,3,95,90,91,2,10.6,217,208,23.4,22.3,0,0.00,993.7,979.5
2023-11-03T20:00,7.0,0.00,86,4.7,4.4,0.00,0.00,0.00,0,18,10,4,6,8.9,222,212,21.4,22.0,0,0.00,993.8,979.6
2023-11-03T21:00,6.3,0.00,88,4.5,3.6,0.00,0.00,0.00,1,31,28,0,5,9.3,210,193,21.9,18.7,0,0.00,993.9,979.7
2023-11-03T22:00,6.0,0.00,88,4.1,3.1,0.00,0.00,0.00,2,65,65,0,0,10.2,205,190,23.5,20.9,0,0.00,994.2,980.0
2023-11-03T23:00,5.7,0.00,86,3.6,2.8,0.00,0.00,0.00,1,21,21,0,1,9.9,206,190,23.2,20.9,0,0.00,994.5,980.2
2023-11-04T00:00,5.5,0.00,86,3.4,2.4,0.00,0.00,0.00,1,26,0,0,25,10.1,212,197,23.3,21.2,0,0.00,994.9,980.6
2023-11-04T01:00,5.7,0.00,84,3.2,2.3,0.00,0.00,0.00,1,34,0,0,34,12.4,207,197,25.1,25.6,0,0.00,995.3,981.0
2023-11-04T02:00,6.7,0.00,83,3.9,3.4,0.00,0.00,0.00,3,100,0,0,100,12.4,208,202,22.9,27.0,0,0.00,995.1,980.9
2023-11-04T03:00,7.1,0.00,81,4.0,3.9,0.00,0.00,0.00,3,100,0,3,100,11.7,206,198,21.3,25.9,0,0.00,994.8,980.6
2023-11-04T04:00,7.5,0.10,80,4.3,4.5,0.10,0.00,0.00,51,100,0,5,100,11.0,201,191,20.4,24.5,0,0.00,994.3,980.1
2023-11-04T05:00,7.9,0.10,80,4.6,4.7,0.10,0.00,0.00,51,100,0,21,100,13.1,202,196,23.7,26.3,0,0.00,993.8,979.7
2023-11-04T06:00,8.2,0.10,80,4.9,4.9,0.10,0.00,0.00,51,68,0,1,68,13.9,198,190,25.0,28.4,0,0.00,993.0,978.9
2023-11-04T07:00,7.5,0.00,82,4.6,4.2,0.00,0.00,0.00,2,67,41,21,34,13.3,192,182,25.0,28.8,0,0.00,992.4,978.3
2023-11-04T08:00,6.8,0.00,84,4.3,3.6,0.00,0.00,0.00,1,33,1,25,28,12.4,171,158,23.7,27.0,1,2.84,992.0,977.8
2023-11-04T09:00,8.2,0.00,76,4.2,4.9,0.00,0.00,0.00,3,88,82,10,33,13.3,172,167,19.2,29.5,1,3600.00,991.2,977.1
2023-11-04T10:00,9.5,0.00,72,4.6,6.5,0.00,0.00,0.00,3,100,100,0,23,11.3,164,158,16.5,30.2,1,3600.00,990.4,976.4
2023-11-04T11:00,10.7,0.00,67,4.8,7.8,0.00,0.00,0.00,3,99,99,9,9,11.6,148,144,17.0,25.9,1,3600.00,989.2,975.3
2023-11-04T12:00,11.9,0.00,60,4.4,8.4,0.00,0.00,0.00,3,100,100,100,0,14.4,160,158,20.7,31.0,1,3600.00,987.5,973.6
2023-11-04T13:00,11.0,0.20,66,5.0,7.6,0.20,0.00,0.00,51,100,0,100,14,14.8,152,146,25.0,31.7,1,0.00,985.8,971.9
2023-11-04T14:00,10.6,0.10,71,5.6,6.6,0.10,0.00,0.00,51,100,5,100,100,20.1,153,151,32.2,41.4,1,0.00,985.0,971.1
2023-11-04T15:00,9.6,0.60,75,5.3,5.0,0.60,0.00,0.00,53,100,72,100,100,24.0,158,154,39.9,48.2,1,0.00,984.2,970.3
2023-11-04T16:00,9.0,0.30,77,5.2,4.7,0.30,0.00,0.00,51,100,100,100,100,21.3,158,152,35.8,48.2,1,0.00,983.6,969.7
2023-11-04T17:00,9.6,0.00,76,5.5,6.2,0.00,0.00,0.00,3,100,100,100,100,15.5,171,158,27.3,42.5,0,0.00,982.8,968.9
2023-11-04T18:00,10.0,0.80,80,6.6,6.9,0.80,0.00,0.00,53,100,98,100,100,14.8,191,176,27.1,31.7,0,0.00,982.8,968.9
2023-11-04T19:00,10.8,1.00,79,7.3,7.1,1.00,0.00,0.00,55,100,100,28,18,20.8,202,194,37.3,42.5,0,0.00,982.2,968.4
2023-11-04T20:00,11.0,0.00,74,6.6,7.2,0.00,0.00,0.00,3,100,94,94,14,20.0,208,203,35.6,43.2,0,0.00,981.5,967.7
2023-11-04T21:00,10.5,3.00,78,6.9,6.5,3.00,0.00,0.00,63,100,100,87,29,21.7,209,207,38.4,54.4,0,0.00,981.8,968.0
2023-11-04T22:00,10.5,0.00,77,6.7,6.4,0.00,0.00,0.00,3,100,79,50,100,22.4,209,208,38.8,47.5,0,0.00,981.7,967.9
2023-11-04T23:00,10.7,0.00,77,6.9,6.7,0.00,0.00,0.00,2,61,13,50,32,21.5,212,211,37.1,47.2,0,0.00,981.7,967.9
2023-11-05T00:00,10.4,0.00,79,7.0,7.1,0.00,0.00,0.00,1,35,8,15,18,17.7,216,213,32.5,44.3,0,0.00,981.4,967.6
2023-11-05T01:00,10.2,0.00,80,7.0,7.3,0.00,0.00,0.00,1,49,38,14,9,14.5,210,203,29.0,36.7,0,0.00,980.8,967.0
2023-11-05T02:00,10.0,0.00,77,6.2,6.7,0.00,0.00,0.00,3,100,100,56,14,15.9,189,176,31.0,32.0,0,0.00,980.1,966.3
2023-11-05T03:00,10.5,1.20,72,5.7,7.0,1.20,0.00,0.00,55,100,100,89,32,16.9,187,178,31.5,36.0,0,0.00,979.3,965.5
2023-11-05T04:00,11.4,0.00,66,5.3,7.4,0.00,0.00,0.00,3,100,100,90,12,19.2,201,193,35.6,38.9,0,0.00,978.3,964.6
2023-11-05T05:00,11.1,0.40,71,6.0,6.5,0.40,0.00,0.00,51,100,100,100,99,25.0,210,207,42.9,53.3,0,0.00,978.1,964.3
2023-11-05T06:00,11.2,0.10,70,6.0,6.6,0.10,0.00,0.00,51,100,100,55,60,24.6,217,215,42.4,52.2,0,0.00,977.9,964.2
2023-11-05T07:00,11.3,0.00,68,5.7,6.7,0.00,0.00,0.00,3,86,56,67,36,24.2,219,217,41.4,51.5,0,0.00,978.5,964.7
2023-11-05T08:00,10.3,1.10,78,6.7,6.6,1.10,0.00,0.00,55,100,71,100,100,19.6,218,216,34.4,49.7,1,0.00,979.2,965.4
2023-11-05T09:00,10.6,0.50,80,7.4,6.6,0.50,0.00,0.00,53,97,90,63,64,22.9,225,224,38.7,48.2,1,120.03,980.2,966.4
2023-11-05T10:00,10.7,0.70,83,7.9,6.6,0.70,0.00,0.00,53,99,85,96,90,24.2,228,228,39.0,55.8,1,592.43,981.1,967.3
2023-11-05T11:00,10.8,0.40,82,7.9,6.7,0.40,0.00,0.00,51,97,90,63,61,24.5,231,230,40.2,58.0,1,0.00,982.2,968.4
2023-11-05T12:00,11.0,1.60,85,8.5,6.8,1.60,0.00,0.00,61,99,85,96,49,25.9,233,232,40.9,60.8,1,3600.00,983.3,969.5
2023-11-05T13:00,11.6,0.10,82,8.6,8.1,0.10,0.00,0.00,51,100,45,100,93,21.4,229,226,34.4,61.6,1,2012.19,984.3,970.5
2023-11-05T14:00,12.3,0.30,86,10.0,9.1,0.30,0.00,0.00,51,96,62,42,84,21.9,222,222,34.7,60.5,1,3477.47,985.4,971.6
2023-11-05T15:00,11.4,2.70,85,8.9,7.7,2.70,0.00,0.00,63,87,21,81,26,23.6,236,236,38.4,60.8,1,2236.74,987.1,973.2
2023-11-05T16:00,11.0,0.90,86,8.8,7.0,0.90,0.00,0.00,53,100,2,100,77,25.0,243,243,41.1,57.2,1,1296.32,988.8,974.9
2023-11-05T17:00,10.9,1.70,85,8.4,6.6,1.70,0.00,0.00,61,99,37,59,97,26.3,249,248,43.2,58.3,0,0.00,991.2,977.2
2023-11-05T18:00,10.3,0.70,84,7.7,6.3,0.70,0.00,0.00,53,86,83,2,16,23.4,249,247,39.6,58.3,0,0.00,993.9,979.9
2023-11-05T19:00,9.8,0.30,85,7.4,6.0,0.30,0.00,0.00,51,30,0,1,30,21.5,240,239,36.9,53.6,0,0.00,995.7,981.6
2023-11-05T20:00,9.6,0.00,84,6.9,5.7,0.00,0.00,0.00,1,35,0,10,31,20.7,234,231,35.8,49.3,0,0.00,997.2,983.1
2023-11-05T21:00,9.2,0.60,85,6.8,5.4,0.60,0.00,0.00,53,56,0,40,34,19.9,233,235,35.0,47.5,0,0.00,998.6,984.5
2023-11-05T22:00,9.3,0.00,83,6.5,5.5,0.00,0.00,0.00,2,56,0,22,48,20.4,228,226,35.7,46.1,0,0.00,999.8,985.7
2023-11-05T23:00,9.1,0.10,83,6.5,5.2,0.10,0.00,0.00,51,65,0,31,58,20.4,228,226,35.4,42.5,0,0.00,1000.4,986.2
2023-11-06T00:00,9.0,0.00,85,6.6,5.2,0.00,0.00,0.00,2,65,0,14,61,19.9,227,226,35.2,41.8,0,0.00,1000.9,986.7
2023-11-06T01:00,9.1,0.00,83,6.3,5.2,0.00,0.00,0.00,1,49,11,10,41,20.6,228,226,36.2,42.8,0,0.00,1001.4,987.2
2023-11-06T02:00,9.0,0.00,85,6.6,5.3,0.00,0.00,0.00,1,41,0,4,40,18.8,227,223,33.9,40.0,0,0.00,1001.9,987.7
2023-11-06T03:00,9.2,0.00,85,6.8,5.3,0.00,0.00,0.00,3,82,29,9,73,21.0,223,219,36.4,42.5,0,0.00,1002.2,988.0
2023-11-06T04:00,9.7,0.00,82,6.8,5.5,0.00,0.00,0.00,2,64,2,11,63,22.7,225,222,38.7,46.8,0,0.00,1002.9,988.7
2023-11-06T05:00,9.6,0.10,83,6.8,5.6,0.10,0.00,0.00,51,100,1,4,100,21.9,229,226,37.5,46.8,0,0.00,1003.9,989.7
2023-11-06T06:00,9.7,0.10,82,6.8,5.8,0.10,0.00,0.00,51,94,60,66,81,21.1,229,227,36.2,45.7,0,0.00,1004.7,990.5
2023-11-06T07:00,9.4,0.00,83,6.6,5.8,0.00,0.00,0.00,2,66,33,30,40,19.1,229,227,33.2,43.9,0,0.00,1005.3,991.1
2023-11-06T08:00,9.0,0.00,85,6.6,5.6,0.00,0.00,0.00,2,64,0,0,64,17.1,228,226,30.1,39.6,1,0.00,1006.1,991.8
2023-11-06T09:00,9.9,0.00,80,6.7,6.3,0.00,0.00,0.00,2,75,0,0,75,18.8,227,227,30.3,40.0,1,3537.68,1006.7,992.5
2023-11-06T10:00,10.8,0.10,76,6.7,6.5,0.10,0.00,0.00,51,100,3,0,100,23.2,230,229,35.0,46.1,1,3600.00,1007.0,992.8
2023-11-06T11:00,11.5,0.10,72,6.6,7.5,0.10,0.00,0.00,51,100,2,1,100,21.9,229,229,32.6,46.8,1,3228.61,1007.5,993.4
2023-11-06T12:00,11.5,0.10,74,6.9,7.8,0.10,0.00,0.00,51,100,100,73,40,19.4,230,228,28.9,45.0,1,1302.94,1007.5,993.3
2023-11-06T13:00,11.7,0.10,74,7.3,8.4,0.10,0.00,0.00,51,100,98,89,70,17.3,224,223,26.0,41.0,1,2711.64,1007.1,993.0
2023-11-06T14:00,12.0,0.10,74,7.5,8.2,0.10,0.00,0.00,51,92,85,25,46,21.7,219,220,33.0,49.7,1,3600.00,1007.4,993.3
2023-11-06T15:00,12.1,0.00,75,7.8,9.1,0.00,0.00,0.00,3,95,89,42,44,16.4,210,209,26.3,44.6,1,2398.64,1007.2,993.1
2023-11-06T16:00,10.9,1.10,83,8.1,7.9,1.10,0.00,0.00,55,97,94,39,38,16.8,228,225,29.1,44.3,1,259.57,1007.8,993.6
2023-11-06T17:00,10.1,0.90,86,7.9,7.1,0.90,0.00,0.00,53,94,88,72,34,16.6,224,221,29.3,38.2,0,0.00,1008.5,994.3
2023-11-06T18:00,9.9,0.30,86,7.8,7.1,0.30,0.00,0.00,51,100,100,4,31,15.0,226,222,27.5,37.4,0,0.00,1009.3,995.0
2023-11-06T19:00,9.5,0.00,87,7.4,6.7,0.00,0.00,0.00,1,22,1,5,18,14.3,230,225,27.1,34.2,0,0.00,1010.1,995.8
2023-11-06T20:00,8.8,0.00,89,7.1,6.1,0.00,0.00,0.00,0,8,1,1,6,13.3,228,221,26.3,33.5,0,0.00,1010.9,996.6
2023-11-06T21:00,8.4,0.00,89,6.8,5.8,0.00,0.00,0.00,1,36,6,26,14,12.6,225,217,26.0,27.7,0,0.00,1011.4,997.0
2023-11-06T22:00,8.3,0.00,89,6.5,5.4,0.00,0.00,0.00,1,29,0,15,26,13.9,222,217,27.3,29.2,0,0.00,1012.1,997.7
2023-11-06T23:00,8.1,0.00,90,6.5,5.2,0.00,0.00,0.00,1,25,0,6,21,13.6,224,220,26.7,28.8,0,0.00,1012.4,998.0
2023-11-07T00:00,7.8,0.00,91,6.4,5.0,0.00,0.00,0.00,1,24,0,2,24,12.6,223,217,25.7,28.1,0,0.00,1012.7,998.3
2023-11-07T01:00,7.5,0.00,92,6.3,4.7,0.00,0.00,0.00,1,20,0,1,20,12.5,219,213,25.4,26.6,0,0.00,1012.9,998.5
2023-11-07T02:00,8.2,0.00,89,6.5,5.2,0.00,0.00,0.00,0,4,0,0,4,14.1,222,218,27.8,29.2,0,0.00,1013.2,998.8
2023-11-07T03:00,7.7,0.00,91,6.3,4.8,0.00,0.00,0.00,0,7,0,0,7,12.9,216,210,26.6,29.2,0,0.00,1013.4,999.0
2023-11-07T04:00,7.4,0.00,91,6.0,4.5,0.00,0.00,0.00,0,3,0,0,3,12.7,214,209,26.5,27.4,0,0.00,1013.3,998.9
2023-11-07T05:00,7.1,0.00,90,5.6,4.1,0.00,0.00,0.00,1,23,0,19,5,13.1,216,212,27.1,27.0,0,0.00,1013.6,999.1
2023-11-07T06:00,6.9,0.00,89,5.3,3.9,0.00,0.00,0.00,2,56,0,53,5,13.0,216,214,27.3,27.0,0,0.00,1013.7,999.2
2023-11-07T07:00,7.1,0.00,87,5.1,3.8,0.00,0.00,0.00,2,65,0,59,16,14.1,215,212,28.7,28.8,0,0.00,1013.6,999.1
2023-11-07T08:00,7.5,0.80,87,5.5,4.2,0.80,0.00,0.00,53,87,0,85,27,14.5,214,210,27.0,31.0,1,0.00,1014.1,999.7
2023-11-07T09:00,8.2,0.60,88,6.3,4.9,0.60,0.00,0.00,53,100,0,66,100,16.5,214,212,28.3,33.1,1,644.11,1014.2,999.8
2023-11-07T10:00,9.0,0.80,86,6.7,5.3,0.80,0.00,0.00,53,100,37,47,100,19.4,220,220,31.2,39.6,1,0.00,1014.3,999.9
2023-11-07T11:00,9.4,0.00,83,6.6,5.9,0.00,0.00,0.00,3,99,89,83,50,18.1,226,226,28.5,39.6,1,0.00,1014.6,1000.2
2023-11-07T12:00,9.8,0.20,77,6.1,5.6,0.20,0.00,0.00,51,100,99,100,76,22.1,226,226,33.4,47.9,1,2984.47,1014.8,1000.5
2023-11-07T13:00,8.8,0.40,85,6.4,5.4,0.40,0.00,0.00,51,100,96,100,65,17.1,233,229,28.5,46.4,1,0.00,1014.8,1000.4
2023-11-07T14:00,10.1,0.20,89,8.3,7.5,0.20,0.00,0.00,51,85,74,36,36,14.7,222,216,23.7,40.3,1,1672.74,1014.4,1000.1
2023-11-07T15:00,10.2,0.20,85,7.9,7.3,0.20,0.00,0.00,51,98,98,17,35,16.1,230,228,25.8,35.6,1,3600.00,1014.6,1000.3
2023-11-07T16:00,9.5,0.40,85,7.0,6.4,0.40,0.00,0.00,51,15,0,8,11,16.0,235,234,27.7,35.6,1,1604.70,1014.8,1000.4
2023-11-07T17:00,8.6,0.00,84,6.1,5.5,0.00,0.00,0.00,1,36,13,6,25,14.3,234,231,27.1,32.4,0,746.54,1015.3,1000.9
2023-11-07T18:00,8.2,0.00,85,5.7,5.0,0.00,0.00,0.00,1,24,0,19,14,14.4,236,233,27.3,29.9,0,0.00,1016.0,1001.6
2023-11-07T19:00,7.5,0.00,88,5.6,4.6,0.00,0.00,0.00,0,7,1,1,5,12.2,231,225,24.9,29.5,0,0.00,1016.5,1002.0
2023-11-07T20:00,7.0,0.00,89,5.3,4.0,0.00,0.00,0.00,0,18,0,0,18,12.2,221,214,25.3,25.6,0,0.00,1017.1,1002.6
2023-11-07T21:00,6.8,0.00,89,5.1,3.5,0.00,0.00,0.00,1,29,0,0,29,14.4,217,212,28.0,28.8,0,0.00,1017.2,1002.7
2023-11-07T22:00,6.7,0.00,89,5.0,3.2,0.00,0.00,0.00,1,20,0,2,20,15.6,217,214,29.0,31.3,0,0.00,1017.6,1003.1
2023-11-07T23:00,6.5,0.00,90,4.9,2.9,0.00,0.00,0.00,1,24,7,3,16,16.1,221,219,30.1,33.1,0,0.00,1017.8,1003.3
2023-11-08T00:00,6.4,0.00,89,4.7,2.8,0.00,0.00,0.00,1,36,1,28,11,15.8,225,221,29.8,33.1,0,0.00,1017.9,1003.3
2023-11-08T01:00,6.2,0.00,89,4.5,2.6,0.00,0.00,0.00,2,77,1,75,7,15.5,228,224,30.1,33.1,0,0.00,1018.0,1003.4
2023-11-08T02:00,6.8,0.00,85,4.4,3.1,0.00,0.00,0.00,1,43,0,11,38,16.4,224,220,30.6,33.5,0,0.00,1017.9,1003.4
2023-11-08T03:00,6.9,0.00,84,4.5,3.2,0.00,0.00,0.00,3,85,0,1,85,16.6,226,222,30.6,34.9,0,0.00,1017.9,1003.4
2023-11-08T04:00,7.3,0.00,84,4.7,3.5,0.00,0.00,0.00,3,99,0,28,98,16.8,227,223,30.1,34.9,0,0.00,1018.2,1003.7
2023-11-08T05:00,7.6,0.00,82,4.8,3.8,0.00,0.00,0.00,3,100,0,7,100,17.6,226,224,30.3,36.4,0,0.00,1018.5,1004.0
2023-11-08T06:00,7.7,0.00,82,4.8,3.9,0.00,0.00,0.00,3,100,0,2,100,17.6,227,224,30.1,36.7,0,0.00,1018.6,1004.1
2023-11-08T07:00,7.6,0.00,82,4.7,3.9,0.00,0.00,0.00,3,100,41,2,100,16.5,226,224,28.5,36.4,0,0.00,1018.8,1004.3
2023-11-08T08:00,7.7,0.00,82,4.7,4.2,0.00,0.00,0.00,3,100,7,2,100,14.8,224,221,25.5,34.2,1,0.00,1019.3,1004.8
2023-11-08T09:00,8.1,0.00,79,4.6,4.5,0.00,0.00,0.00,3,99,15,29,99,16.0,227,226,25.0,41.0,1,0.00,1019.7,1005.2
2023-11-08T10:00,8.5,0.00,78,4.8,4.9,0.00,0.00,0.00,2,69,34,57,31,15.5,217,216,23.4,33.5,1,31.93,1019.6,1005.1
2023-11-08T11:00,9.4,0.00,75,5.1,5.2,0.00,0.00,0.00,3,80,19,16,73,20.4,227,228,30.1,42.8,1,3600.00,1019.5,1005.1
2023-11-08T12:00,10.3,0.00,70,5.2,6.3,0.00,0.00,0.00,2,68,19,22,50,19.1,228,227,27.8,42.8,1,3600.00,1018.9,1004.5
2023-11-08T13:00,10.8,0.00,67,4.9,6.6,0.00,0.00,0.00,3,96,6,1,95,19.9,228,229,29.3,41.8,1,3600.00,1018.4,1004.1
2023-11-08T14:00,10.6,0.00,68,4.9,6.7,0.00,0.00,0.00,2,78,31,24,61,18.4,223,222,28.3,41.0,1,3600.00,1018.2,1003.9
2023-11-08T15:00,10.8,0.00,69,5.4,7.6,0.00,0.00,0.00,1,33,5,6,27,14.5,209,207,22.6,38.2,1,3600.00,1017.3,1003.0
2023-11-08T16:00,10.4,0.00,71,5.3,7.4,0.00,0.00,0.00,1,27,0,3,24,12.7,201,195,23.1,30.6,1,3600.00,1017.0,1002.7
2023-11-08T17:00,9.1,0.00,75,4.9,6.3,0.00,0.00,0.00,1,31,25,4,5,10.5,189,174,22.6,26.6,0,517.47,1016.1,1001.7
2023-11-08T18:00,8.4,0.00,77,4.6,5.3,0.00,0.00,0.00,3,86,85,0,3,11.8,186,168,25.7,23.0,0,0.00,1015.6,1001.2
2023-11-08T19:00,8.1,0.00,77,4.3,5.1,0.00,0.00,0.00,3,90,90,3,0,11.3,186,171,25.7,24.1,0,0.00,1015.1,1000.7
2023-11-08T20:00,7.6,0.00,78,3.9,4.6,0.00,0.00,0.00,3,100,100,33,0,10.4,186,166,23.5,23.4,0,0.00,1014.6,1000.2
2023-11-08T21:00,7.1,0.00,78,3.6,4.4,0.00,0.00,0.00,2,66,52,29,0,8.4,183,155,20.2,20.9,0,0.00,1014.6,1000.1
2023-11-08T22:00,6.8,0.00,78,3.2,3.9,0.00,0.00,0.00,2,77,51,52,0,9.3,185,152,20.6,18.7,0,0.00,1014.1,999.6
2023-11-08T23:00,7.0,0.00,76,3.1,4.1,0.00,0.00,0.00,1,43,33,14,0,9.0,184,151,20.2,19.4,0,0.00,1013.3,998.8
2023-11-09T00:00,6.3,0.00,79,3.0,3.4,0.00,0.00,0.00,3,84,82,8,0,8.7,187,150,20.3,18.7,0,0.00,1012.9,998.4
2023-11-09T01:00,6.1,0.00,80,2.9,3.1,0.00,0.00,0.00,3,96,96,4,0,9.7,185,149,21.7,19.8,0,0.00,1012.2,997.7
2023-11-09T02:00,5.9,0.00,83,3.3,3.1,0.00,0.00,0.00,3,100,100,4,0,8.5,186,152,20.6,19.4,0,0.00,1011.8,997.3
2023-11-09T03:00,5.9,0.00,82,3.0,2.9,0.00,0.00,0.00,3,100,100,2,0,9.2,175,141,20.6,19.4,0,0.00,1010.9,996.4
2023-11-09T04:00,5.3,0.00,84,2.7,2.5,0.00,0.00,0.00,3,100,100,2,2,7.7,175,131,18.1,19.1,0,0.00,1010.4,995.9
2023-11-09T05:00,5.3,0.00,80,2.2,2.3,0.00,0.00,0.00,3,100,100,23,7,8.9,183,137,19.8,18.7,0,0.00,1009.8,995.3
2023-11-09T06:00,6.2,0.00,73,1.8,3.0,0.00,0.00,0.00,3,100,100,99,9,9.5,179,143,20.9,20.9,0,0.00,1009.1,994.7
2023-11-09T07:00,7.3,0.00,67,1.7,4.2,0.00,0.00,0.00,3,100,100,100,56,8.7,184,150,19.5,20.9,0,0.00,1008.8,994.4
2023-11-09T08:00,7.6,0.30,71,2.6,4.2,0.30,0.00,0.00,51,100,100,100,29,11.6,197,173,24.0,24.1,1,0.00,1008.9,994.5
2023-11-09T09:00,8.2,0.20,76,4.2,5.1,0.20,0.00,0.00,51,100,100,100,100,11.4,203,193,23.1,25.6,1,0.00,1009.0,994.7
2023-11-09T10:00,8.7,0.00,77,4.9,5.8,0.00,0.00,0.00,3,100,100,100,100,11.6,201,185,22.3,24.5,1,0.00,1008.8,994.5
2023-11-09T11:00,9.5,0.00,72,4.8,6.3,0.00,0.00,0.00,3,100,100,100,100,13.5,207,196,25.8,27.4,1,0.00,1008.2,993.9
2023-11-09T12:00,10.6,0.00,69,5.1,7.0,0.00,0.00,0.00,3,100,67,100,100,16.9,217,214,29.6,34.9,1,0.00,1008.0,993.8
2023-11-09T13:00,11.1,0.00,71,6.0,7.2,0.00,0.00,0.00,3,100,41,100,100,19.6,217,216,33.1,40.7,1,0.00,1007.4,993.2
2023-11-09T14:00,10.6,0.10,83,7.9,7.5,0.10,0.00,0.00,51,100,100,100,100,17.7,220,219,30.1,36.0,1,0.00,1007.2,993.0
2023-11-09T15:00,10.6,0.10,84,8.1,7.4,0.10,0.00,0.00,51,100,100,100,28,18.8,224,223,31.8,38.5,1,0.00,1007.0,992.8
2023-11-09T16:00,10.5,0.00,85,8.0,7.3,0.00,0.00,0.00,3,100,100,44,25,17.8,219,216,30.5,41.4,1,0.00,1006.9,992.7
2023-11-09T17:00,8.9,0.30,89,7.3,5.7,0.30,0.00,0.00,51,100,100,74,25,17.0,220,216,30.1,40.7,0,0.00,1007.1,992.8
2023-11-09T18:00,8.9,0.00,90,7.4,6.1,0.00,0.00,0.00,3,100,100,60,9,14.6,207,200,27.0,34.6,0,0.00,1007.1,992.8
2023-11-09T19:00,8.7,0.00,89,7.1,5.8,0.00,0.00,0.00,1,42,40,0,3,15.0,198,191,28.8,31.0,0,0.00,1006.3,992.0
2023-11-09T20:00,8.5,0.00,89,6.7,5.5,0.00,0.00,0.00,1,43,0,34,20,14.7,204,197,29.2,31.3,0,0.00,1006.0,991.7
2023-11-09T21:00,8.6,0.00,86,6.5,5.6,0.00,0.00,0.00,2,54,9,23,38,14.5,201,194,28.6,31.0,0,0.00,1005.4,991.1
2023-11-09T22:00,8.8,0.00,85,6.3,5.4,0.00,0.00,0.00,3,100,100,79,67,16.6,208,202,30.6,34.2,0,0.00,1005.1,990.8
2023-11-09T23:00,9.0,0.00,84,6.4,5.6,0.00,0.00,0.00,3,100,100,73,17,17.4,212,207,31.1,36.0,0,0.00,1004.4,990.2
2023-11-10T00:00,8.8,0.00,84,6.2,5.3,0.00,0.00,0.00,3,100,100,99,27,17.4,214,210,31.4,37.1,0,0.00,1004.3,990.1
2023-11-10T01:00,8.6,0.10,86,6.5,5.4,0.10,0.00,0.00,51,100,100,100,25,15.9,220,218,28.9,35.6,0,0.00,1003.8,989.6
2023-11-10T02:00,8.2,0.10,93,7.1,5.3,0.10,0.00,0.00,51,100,100,98,32,14.7,220,216,27.3,35.3,0,0.00,1003.5,989.2
2023-11-10T03:00,8.0,0.20,92,6.9,5.3,0.20,0.00,0.00,51,100,99,100,55,13.3,222,218,24.7,30.6,0,0.00,1003.0,988.7
2023-11-10T04:00,8.1,0.10,92,6.8,5.3,0.10,0.00,0.00,51,100,100,100,64,13.0,221,219,24.2,27.7,0,0.00,1002.6,988.3
2023-11-10T05:00,8.1,0.10,90,6.6,5.0,0.10,0.00,0.00,51,100,99,91,32,15.0,228,222,27.5,32.0,0,0.00,1002.6,988.4
2023-11-10T06:00,7.6,1.00,90,6.0,4.2,1.00,0.00,0.00,55,91,68,71,60,16.3,227,225,28.3,34.2,0,0.00,1002.8,988.5
2023-11-10T07:00,7.4,0.40,90,5.9,4.0,0.40,0.00,0.00,51,99,51,94,87,16.1,224,222,28.3,33.5,0,0.00,1003.3,989.0
2023-11-10T08:00,7.2,0.90,89,5.6,3.7,0.90,0.00,0.00,53,86,1,58,76,16.4,231,230,28.4,34.6,1,0.00,1003.7,989.4
2023-11-10T09:00,7.8,0.40,90,6.3,4.7,0.40,0.00,0.00,51,90,0,14,89,14.8,227,223,24.5,32.8,1,156.41,1004.2,989.9
2023-11-10T10:00,8.4,0.10,88,6.4,5.3,0.10,0.00,0.00,51,94,0,5,94,15.0,223,222,23.7,36.4,1,1875.22,1004.0,989.7
2023-11-10T11:00,8.8,0.10,83,6.0,5.3,0.10,0.00,0.00,51,25,0,9,23,16.9,221,218,25.3,36.0,1,2265.78,1004.0,989.8
2023-11-10T12:00,9.4,0.10,76,5.4,5.4,0.10,0.00,0.00,51,15,0,4,14,19.5,233,232,29.0,41.4,1,3600.00,1003.3,989.1
2023-11-10T13:00,10.1,0.00,67,4.3,5.8,0.00,0.00,0.00,2,57,0,9,55,20.4,229,229,30.4,43.6,1,3600.00,1002.7,988.6
2023-11-10T14:00,10.3,0.00,60,2.9,5.5,0.00,0.00,0.00,3,100,0,1,100,21.7,229,228,32.4,44.6,1,3600.00,1003.1,989.0
2023-11-10T15:00,10.2,0.00,61,3.1,6.0,0.00,0.00,0.00,1,26,14,19,8,17.6,217,215,27.8,45.4,1,3188.90,1002.8,988.7
2023-11-10T16:00,9.4,0.10,67,3.5,5.8,0.10,0.00,0.00,51,99,98,84,39,14.3,209,208,25.1,36.4,1,3600.00,1002.7,988.5
2023-11-10T17:00,8.1,1.20,81,5.0,4.5,1.20,0.00,0.00,55,73,55,61,27,16.4,221,220,29.1,34.6,0,0.00,1002.9,988.6
2023-11-10T18:00,7.5,0.10,83,4.9,3.8,0.10,0.00,0.00,51,92,35,88,16,16.7,220,217,29.4,36.4,0,0.00,1003.1,988.8
2023-11-10T19:00,6.9,0.00,86,4.7,3.7,0.00,0.00,0.00,2,59,9,50,32,13.4,213,207,25.8,33.8,0,0.00,1002.8,988.5
2023-11-10T20:00,6.9,0.20,85,4.6,3.7,0.20,0.00,0.00,51,26,1,11,16,12.5,208,198,25.6,27.4,0,0.00,1002.1,987.8
2023-11-10T21:00,7.1,0.00,80,3.9,3.8,0.00,0.00,0.00,2,73,8,68,15,12.9,207,198,26.7,27.0,0,0.00,1001.8,987.5
2023-11-10T22:00,7.1,0.00,77,3.4,3.7,0.00,0.00,0.00,3,100,100,97,18,12.8,201,191,26.5,27.0,0,0.00,1001.1,986.8
2023-11-10T23:00,7.2,0.50,80,3.9,3.5,0.50,0.00,0.00,53,100,98,98,100,15.5,207,202,28.2,33.8,0,0.00,1000.7,986.4
2023-11-11T00:00,6.8,1.00,84,4.4,2.8,1.00,0.00,0.00,55,100,95,85,100,18.3,200,195,31.4,42.8,0,0.00,1000.0,985.7
2023-11-11T01:00,6.9,0.40,88,5.1,2.8,0.40,0.00,0.00,51,100,91,75,97,19.8,209,205,34.2,40.3,0,0.00,999.3,985.0
2023-11-11T02:00,7.0,0.20,92,5.8,2.6,0.20,0.00,0.00,51,100,29,69,100,22.7,224,221,37.9,48.6,0,0.00,999.1,984.8
2023-11-11T03:00,7.4,0.20,89,5.7,2.5,0.20,0.00,0.00,51,100,19,100,100,26.0,269,264,41.4,50.4,0,0.00,999.9,985.7
2023-11-11T04:00,6.7,0.80,90,5.2,2.1,0.80,0.00,0.00,53,100,100,100,95,23.6,285,282,39.5,58.7,0,0.00,1001.8,987.5
2023-11-11T05:00,7.1,0.10,87,5.1,2.9,0.10,0.00,0.00,51,97,87,88,74,20.5,270,268,34.6,48.6,0,0.00,1003.0,988.7
2023-11-11T06:00,7.0,0.00,86,4.9,2.8,0.00,0.00,0.00,2,53,0,3,53,20.2,271,269,34.6,44.6,0,0.00,1004.4,990.1
2023-11-11T07:00,6.5,0.40,86,4.4,2.3,0.40,0.00,0.00,51,53,0,23,50,19.5,269,268,33.5,41.4,0,0.00,1005.7,991.3
2023-11-11T08:00,6.3,0.60,88,4.4,2.3,0.60,0.00,0.00,53,57,1,29,48,17.9,261,260,31.4,40.3,1,0.00,1006.8,992.4
2023-11-11T09:00,6.7,0.10,89,5.0,2.6,0.10,0.00,0.00,51,22,0,0,22,19.6,253,253,32.3,38.5,1,3254.14,1007.7,993.3
2023-11-11T10:00,7.4,0.10,83,4.6,3.1,0.10,0.00,0.00,51,18,0,0,18,20.3,253,253,30.4,42.5,1,3600.00,1008.0,993.6
2023-11-11T11:00,8.1,0.10,76,4.2,3.6,0.10,0.00,0.00,51,20,0,0,19,21.3,255,254,32.0,44.6,1,3600.00,1008.5,994.2
2023-11-11T12:00,9.0,0.00,65,2.8,4.0,0.00,0.00,0.00,1,20,0,6,19,22.5,263,263,33.7,47.9,1,3600.00,1008.3,994.0
2023-11-11T13:00,9.3,0.10,60,1.9,4.4,0.10,0.00,0.00,51,29,0,9,23,21.2,270,270,31.3,47.5,1,3600.00,1008.2,993.9
2023-11-11T14:00,8.9,0.10,63,2.2,4.4,0.10,0.00,0.00,51,38,0,25,27,19.1,267,267,29.2,45.0,1,3600.00,1008.7,994.4
2023-11-11T15:00,8.9,0.00,63,2.2,4.7,0.00,0.00,0.00,1,31,14,12,17,16.6,265,265,26.4,40.3,1,3600.00,1008.8,994.5
2023-11-11T16:00,8.4,0.00,66,2.4,4.7,0.00,0.00,0.00,1,24,11,8,13,13.5,246,245,24.3,35.6,1,3600.00,1009.1,994.8
2023-11-11T17:00,7.1,0.00,71,2.2,3.7,0.00,0.00,0.00,0,18,4,11,9,10.6,244,242,23.2,28.4,0,358.27,1009.6,995.2
2023-11-11T18:00,6.3,0.00,76,2.4,2.8,0.00,0.00,0.00,0,2,0,2,1,11.5,238,231,25.6,23.0,0,0.00,1010.2,995.7
2023-11-11T19:00,5.8,0.00,81,2.8,2.5,0.00,0.00,0.00,0,7,0,1,6,11.4,240,235,25.3,24.5,0,0.00,1010.4,995.9
2023-11-11T20:00,5.1,0.00,87,3.1,2.1,0.00,0.00,0.00,0,9,0,0,9,9.7,231,222,22.5,23.8,0,0.00,1010.7,996.2
2023-11-11T21:00,4.5,0.00,92,3.3,1.3,0.00,0.00,0.00,0,17,0,0,17,11.4,219,208,23.8,22.7,0,0.00,1011.0,996.4
2023-11-11T22:00,4.2,0.00,93,3.2,1.0,0.00,0.00,0.00,1,45,0,0,45,11.0,219,212,23.8,23.0,0,0.00,1011.1,996.5
2023-11-11T23:00,4.3,0.00,92,3.1,1.3,0.00,0.00,0.00,2,51,0,0,51,9.3,225,216,20.9,22.3,0,0.00,1010.8,996.2
2023-11-12T00:00,4.6,0.00,92,3.4,2.1,0.00,0.00,0.00,3,100,0,0,100,6.3,225,211,16.8,18.7,0,0.00,1010.5,996.0
2023-11-12T01:00,5.3,0.00,89,3.7,3.0,0.00,0.00,0.00,3,95,0,0,95,5.4,210,180,12.9,14.0,0,0.00,1009.7,995.2
2023-11-12T02:00,3.7,0.00,94,2.8,1.3,0.00,0.00,0.00,1,46,0,0,46,4.7,209,171,14.0,11.2,0,0.00,1009.5,994.9
2023-11-12T03:00,3.3,0.00,96,2.6,0.8,0.00,0.00,0.00,3,86,2,0,86,5.1,218,184,14.6,10.8,0,0.00,1009.4,994.8
2023-11-12T04:00,4.1,0.00,95,3.4,2.1,0.00,0.00,0.00,3,80,63,0,45,3.4,208,148,9.8,10.8,0,0.00,1008.7,994.2
2023-11-12T05:00,3.3,0.00,96,2.7,1.1,0.00,0.00,0.00,3,100,100,0,35,4.0,178,117,8.3,8.3,0,0.00,1008.2,993.6
2023-11-12T06:00,3.5,0.00,96,2.9,1.2,0.00,0.00,0.00,3,100,100,0,19,4.3,150,95,7.1,7.9,0,0.00,1007.9,993.3
2023-11-12T07:00,2.9,0.00,96,2.3,0.4,0.00,0.00,0.00,3,100,100,0,36,4.7,149,113,9.7,8.6,0,0.00,1008.2,993.6
2023-11-12T08:00,3.2,0.00,96,2.6,0.6,0.00,0.00,0.00,3,100,100,0,34,6.4,139,106,11.0,11.2,1,0.00,1008.7,994.1
2023-11-12T09:00,4.8,0.00,91,3.4,2.0,0.00,0.00,0.00,3,100,100,4,97,8.7,121,97,12.6,15.1,1,0.00,1009.1,994.6
2023-11-12T10:00,6.6,0.00,84,4.1,4.1,0.00,0.00,0.00,3,100,100,43,13,7.3,107,99,13.9,17.3,1,2251.90,1008.9,994.5
2023-11-12T11:00,8.1,0.00,77,4.4,5.8,0.00,0.00,0.00,3,100,100,46,11,6.5,111,109,9.2,17.3,1,3600.00,1008.9,994.6
2023-11-12T12:00,9.1,0.00,72,4.4,6.9,0.00,0.00,0.00,3,100,100,47,0,5.6,120,117,7.9,16.6,1,3600.00,1008.5,994.2
2023-11-12T13:00,9.5,0.00,69,4.1,7.2,0.00,0.00,0.00,3,100,100,100,16,5.7,161,162,7.6,15.5,1,1082.70,1008.5,994.2
2023-11-12T14:00,8.8,0.00,76,4.8,6.7,0.00,0.00,0.00,3,100,100,100,30,5.9,187,194,8.4,14.4,1,0.00,1008.9,994.6
2023-11-12T15:00,8.8,0.00,76,4.8,6.9,0.00,0.00,0.00,3,100,100,100,15,4.3,174,180,6.5,14.4,1,0.00,1008.5,994.2
2023-11-12T16:00,8.1,0.00,85,5.6,6.6,0.00,0.00,0.00,3,100,100,100,10,2.3,207,231,4.0,9.4,1,0.00,1008.9,994.6
2023-11-12T17:00,7.1,0.40,89,5.3,5.4,0.40,0.00,0.00,51,100,100,100,100,3.5,281,294,1.8,5.4,0,0.00,1009.1,994.7
2023-11-12T18:00,7.1,0.70,93,6.1,5.7,0.70,0.00,0.00,53,100,88,100,97,2.4,282,297,5.2,5.4,0,0.00,1009.9,995.5
2023-11-12T19:00,6.9,0.50,95,6.2,5.6,0.50,0.00,0.00,53,100,0,93,100,2.2,225,189,3.6,4.3,0,0.00,1010.0,995.6
2023-11-12T20:00,6.5,0.20,96,5.8,4.9,0.20,0.00,0.00,51,100,0,60,100,3.6,196,174,7.9,7.2,0,0.00,1010.5,996.1
2023-11-12T21:00,6.6,0.00,95,5.9,5.1,0.00,0.00,0.00,3,100,0,96,100,3.7,186,151,7.2,7.9,0,0.00,1011.0,996.6
2023-11-12T22:00,6.6,0.00,95,5.9,4.8,0.00,0.00,0.00,3,100,0,100,100,5.6,172,153,10.9,10.8,0,0.00,1011.2,996.8
2023-11-12T23:00,6.6,0.10,95,5.9,4.8,0.10,0.00,0.00,51,78,7,58,65,5.2,184,155,10.5,11.5,0,0.00,1011.6,997.1
2023-11-13T00:00,6.6,0.00,95,5.8,4.7,0.00,0.00,0.00,3,100,78,99,100,5.8,204,173,12.2,13.3,0,0.00,1012.0,997.5
2023-11-13T01:00,6.8,0.30,96,6.2,4.9,0.30,0.00,0.00,51,100,99,100,100,6.9,183,152,12.3,13.3,0,0.00,1011.7,997.3
2023-11-13T02:00,6.8,0.90,96,6.2,4.9,0.90,0.00,0.00,53,100,100,100,19,6.5,168,124,10.7,11.5,0,0.00,1011.1,996.7
2023-11-13T03:00,7.0,0.90,96,6.4,5.3,0.90,0.00,0.00,53,100,77,100,100,5.4,172,110,10.2,11.9,0,0.00,1010.7,996.3
2023-11-13T04:00,7.5,1.70,96,6.9,5.7,1.70,0.00,0.00,61,100,100,92,100,7.2,145,108,11.4,13.7,0,0.00,1009.9,995.5
2023-11-13T05:00,8.0,1.50,96,7.4,5.8,1.50,0.00,0.00,61,100,100,100,100,10.5,187,153,20.0,20.5,0,0.00,1010.3,995.9
2023-11-13T06:00,9.7,0.70,94,8.8,7.0,0.70,0.00,0.00,53,100,100,100,75,16.0,240,234,30.6,30.2,0,0.00,1010.3,996.0
2023-11-13T07:00,10.8,0.20,93,9.6,8.2,0.20,0.00,0.00,51,100,100,100,18,16.9,248,246,31.4,40.0,0,0.00,1010.8,996.6
2023-11-13T08:00,10.4,0.60,93,9.4,8.8,0.60,0.00,0.00,53,100,100,100,16,10.0,235,229,22.0,34.9,1,0.00,1010.7,996.5
2023-11-13T09:00,10.2,1.50,95,9.5,9.0,1.50,0.00,0.00,61,100,100,100,100,6.8,218,198,16.9,20.2,1,0.00,1010.2,995.9
2023-11-13T10:00,10.4,2.40,95,9.7,9.0,2.40,0.00,0.00,61,100,100,100,100,9.4,195,173,19.4,21.2,1,0.00,1009.6,995.4
2023-11-13T11:00,11.1,2.80,94,10.2,8.7,2.80,0.00,0.00,63,100,100,96,100,16.5,208,200,30.6,34.6,1,0.00,1008.9,994.7
2023-11-13T12:00,12.5,0.40,92,11.3,9.9,0.40,0.00,0.00,51,100,100,100,57,20.4,227,224,35.4,40.7,1,0.00,1008.3,994.2
2023-11-13T13:00,13.1,1.70,92,11.9,10.6,1.70,0.00,0.00,61,100,100,100,89,20.6,227,224,36.2,52.9,1,0.00,1007.3,993.2
2023-11-13T14:00,13.5,1.00,92,12.3,10.6,1.00,0.00,0.00,55,100,100,100,100,24.7,224,222,42.3,58.3,1,0.00,1006.8,992.8
2023-11-13T15:00,13.8,1.20,91,12.4,11.5,1.20,0.00,0.00,55,100,100,100,100,21.2,224,220,37.7,50.8,1,0.00,1006.0,992.0
2023-11-13T16:00,14.0,0.50,90,12.4,11.2,0.50,0.00,0.00,53,100,100,100,100,24.3,223,220,42.0,50.8,1,0.00,1005.8,991.8
2023-11-13T17:00,13.9,1.90,91,12.4,11.0,1.90,0.00,0.00,61,100,100,100,97,25.1,220,215,43.4,59.4,0,0.00,1005.1,991.1
2023-11-13T18:00,14.0,1.10,89,12.3,10.7,1.10,0.00,0.00,55,100,69,69,100,27.5,225,223,46.6,68.0,0,0.00,1005.0,991.0
2023-11-13T19:00,14.4,0.20,88,12.4,10.9,0.20,0.00,0.00,51,100,0,65,100,29.0,229,227,48.5,60.5,0,0.00,1005.5,991.5
2023-11-13T20:00,14.1,0.40,91,12.6,11.5,0.40,0.00,0.00,51,96,0,45,93,23.5,230,229,40.7,59.4,0,0.00,1006.0,992.0
2023-11-13T21:00,14.1,0.20,90,12.5,11.9,0.20,0.00,0.00,51,64,0,41,40,20.2,226,221,34.9,48.2,0,0.00,1005.9,991.9
2023-11-13T22:00,13.7,1.50,96,13.0,11.6,1.50,0.00,0.00,61,94,0,81,77,20.4,253,253,35.0,51.5,0,0.00,1007.0,993.0
2023-11-13T23:00,13.8,1.00,87,11.6,11.8,1.00,0.00,0.00,55,84,54,52,46,16.6,278,275,30.1,46.4,0,0.00,1008.0,994.0
2023-11-14T00:00,12.5,0.00,74,8.0,9.3,0.00,0.00,0.00,2,53,20,40,11,18.4,274,271,32.5,44.6,0,0.00,1009.1,995.0
2023-11-14T01:00,11.5,0.00,71,6.4,8.4,0.00,0.00,0.00,3,100,100,3,3,14.9,269,262,28.8,36.7,0,0.00,1009.8,995.6
2023-11-14T02:00,9.6,0.00,82,6.6,7.2,0.00,0.00,0.00,3,100,100,0,0,10.5,244,229,24.0,22.0,0,0.00,1009.8,995.5
2023-11-14T03:00,9.9,0.00,80,6.6,7.2,0.00,0.00,0.00,1,44,36,0,12,12.3,242,230,25.8,25.9,0,0.00,1010.0,995.7
2023-11-14T04:00,9.3,0.00,86,7.0,6.8,0.00,0.00,0.00,3,82,73,0,32,11.3,228,217,25.2,25.6,0,0.00,1010.2,995.9
2023-11-14T05:00,10.1,0.10,89,8.4,7.3,0.10,0.00,0.00,51,100,100,5,71,16.5,237,234,30.8,32.8,0,0.00,1011.3,997.0
2023-11-14T06:00,10.9,0.20,86,8.7,7.7,0.20,0.00,0.00,51,100,99,1,44,19.5,236,232,33.9,42.5,0,0.00,1011.6,997.4
2023-11-14T07:00,10.7,0.00,86,8.5,7.3,0.00,0.00,0.00,3,100,100,0,78,21.0,237,235,36.4,43.2,0,0.00,1011.7,997.5
2023-11-14T08:00,10.8,0.00,85,8.4,7.2,0.00,0.00,0.00,3,94,86,21,51,21.6,241,240,37.1,44.3,1,0.00,1012.1,997.9
2023-11-14T09:00,11.1,0.00,81,8.1,7.6,0.00,0.00,0.00,3,88,81,36,15,20.9,242,241,35.1,45.4,1,446.00,1012.3,998.1
2023-11-14T10:00,11.7,0.00,77,7.8,8.5,0.00,0.00,0.00,3,99,98,25,10,17.8,239,238,29.7,43.2,1,3600.00,1012.2,998.0
2023-11-14T11:00,12.7,0.00,68,7.0,9.2,0.00,0.00,0.00,3,100,100,100,1,18.8,229,227,29.9,40.0,1,3600.00,1012.3,998.1
2023-11-14T12:00,12.8,0.00,68,7.0,9.4,0.00,0.00,0.00,3,100,100,100,1,17.8,229,227,28.8,41.4,1,0.00,1011.7,997.6
2023-11-14T13:00,12.7,0.00,70,7.3,9.8,0.00,0.00,0.00,3,100,100,99,19,15.0,230,228,25.8,38.2,1,0.00,1010.7,996.6
2023-11-14T14:00,12.5,0.00,73,7.8,9.1,0.00,0.00,0.00,3,100,100,99,6,19.4,224,220,32.1,42.5,1,0.00,1010.0,995.9
2023-11-14T15:00,12.0,0.00,76,7.9,8.5,0.00,0.00,0.00,3,100,100,100,14,19.6,225,223,33.1,41.0,1,0.00,1009.1,995.0
2023-11-14T16:00,11.8,0.10,79,8.3,8.4,0.10,0.00,0.00,51,100,100,99,17,20.1,225,223,34.4,43.9,1,0.00,1008.6,994.4
2023-11-14T17:00,11.2,0.10,83,8.4,8.0,0.10,0.00,0.00,51,100,99,94,32,19.3,219,217,33.3,42.1,0,0.00,1007.8,993.6
2023-11-14T18:00,10.7,0.20,83,8.0,7.5,0.20,0.00,0.00,51,99,59,98,23,18.2,221,218,31.6,40.0,0,0.00,1007.8,993.6
2023-11-14T19:00,10.0,1.50,90,8.5,7.4,1.50,0.00,0.00,61,100,17,97,100,15.5,227,224,28.3,42.5,0,0.00,1007.3,993.1
2023-11-14T20:00,10.1,1.50,90,8.5,6.8,1.50,0.00,0.00,61,89,3,60,85,19.4,232,230,33.6,49.0,0,0.00,1006.7,992.5
2023-11-14T21:00,11.0,0.50,89,9.2,7.6,0.50,0.00,0.00,53,54,0,24,51,21.6,242,240,37.0,44.3,0,0.00,1006.7,992.5
2023-11-14T22:00,10.8,2.00,86,8.5,7.2,2.00,0.00,0.00,61,94,0,8,94,21.6,256,255,37.1,52.2,0,0.00,1007.8,993.6
2023-11-14T23:00,10.4,2.70,85,7.9,6.8,2.70,0.00,0.00,63,99,0,39,98,21.0,261,258,36.0,54.4,0,0.00,1009.2,995.0
2023-11-15T00:00,10.5,0.30,83,7.7,6.8,0.30,0.00,0.00,51,94,0,69,84,21.3,260,258,36.2,51.5,0,0.00,1010.2,996.0
2023-11-15T01:00,10.3,0.10,83,7.5,7.0,0.10,0.00,0.00,51,90,0,81,72,18.2,256,252,31.5,43.2,0,0.00,1011.4,997.1
2023-11-15T02:00,10.4,0.30,83,7.7,7.1,0.30,0.00,0.00,51,72,0,8,71,18.3,260,255,32.2,47.5,0,0.00,1012.7,998.4
2023-11-15T03:00,10.2,1.90,85,7.8,7.2,1.90,0.00,0.00,61,57,8,38,38,16.3,259,256,29.3,43.9,0,0.00,1013.6,999.3
2023-11-15T04:00,9.6,1.70,86,7.4,6.6,1.70,0.00,0.00,61,50,1,21,46,16.0,259,256,29.4,40.3,0,0.00,1014.2,999.9
2023-11-15T05:00,9.6,0.40,86,7.3,6.4,0.40,0.00,0.00,51,53,0,8,52,17.2,256,254,30.8,40.3,0,0.00,1015.0,1000.7
2023-11-15T06:00,9.2,0.00,88,7.3,5.9,0.00,0.00,0.00,2,56,0,7,54,17.3,250,249,31.0,39.2,0,0.00,1015.6,1001.2
2023-11-15T07:00,9.4,0.20,88,7.5,6.0,0.20,0.00,0.00,51,33,0,1,33,18.8,251,250,33.5,42.5,0,0.00,1016.0,1001.6
2023-11-15T08:00,9.3,0.30,88,7.4,6.0,0.30,0.00,0.00,51,47,0,11,45,17.8,254,252,32.1,42.5,1,0.00,1016.6,1002.2
2023-11-15T09:00,9.8,0.00,87,7.7,6.6,0.00,0.00,0.00,2,53,0,2,53,18.2,258,256,31.7,36.7,1,2907.43,1017.4,1003.0
2023-11-15T10:00,11.0,0.10,80,7.7,7.5,0.10,0.00,0.00,51,37,0,9,35,20.1,262,261,31.6,43.2,1,3600.00,1017.7,1003.4
2023-11-15T11:00,11.4,0.00,77,7.6,7.8,0.00,0.00,0.00,1,32,0,22,19,20.3,258,257,31.6,41.8,1,3600.00,1017.9,1003.6
2023-11-15T12:00,12.0,0.00,71,6.9,7.9,0.00,0.00,0.00,1,28,0,22,10,22.3,257,256,34.3,46.4,1,3600.00,1018.1,1003.8
2023-11-15T13:00,12.3,0.00,72,7.4,8.5,0.00,0.00,0.00,1,24,0,15,19,21.3,259,258,32.3,50.0,1,3600.00,1017.9,1003.6
2023-11-15T14:00,11.7,0.10,75,7.5,8.0,0.10,0.00,0.00,51,71,3,54,50,21.1,250,250,32.9,47.5,1,3600.00,1018.3,1004.0
2023-11-15T15:00,11.4,0.00,75,7.1,7.6,0.00,0.00,0.00,1,41,0,27,30,21.2,256,255,34.5,47.2,1,3600.00,1018.5,1004.2
2023-11-15T16:00,10.8,0.00,75,6.5,7.1,0.00,0.00,0.00,1,30,0,17,27,19.6,254,253,33.3,44.3,1,3600.00,1019.1,1004.8
2023-11-15T17:00,10.1,0.00,78,6.3,6.6,0.00,0.00,0.00,1,22,0,7,22,17.5,253,251,31.2,40.7,0,5.05,1019.7,1005.3
2023-11-15T18:00,9.5,0.00,80,6.2,6.2,0.00,0.00,0.00,1,43,0,34,22,16.0,250,247,29.5,36.4,0,0.00,1020.6,1006.2
2023-11-15T19:00,9.3,0.00,82,6.3,5.9,0.00,0.00,0.00,1,44,0,36,29,16.8,249,247,30.8,34.9,0,0.00,1021.0,1006.5
2023-11-15T20:00,8.8,0.60,85,6.5,5.7,0.60,0.00,0.00,53,92,0,90,31,15.6,244,241,28.8,35.3,0,0.00,1020.9,1006.4
2023-11-15T21:00,8.8,0.00,87,6.7,5.7,0.00,0.00,0.00,1,42,0,5,40,15.3,244,240,28.3,32.0,0,0.00,1020.8,1006.3
2023-11-15T22:00,8.6,0.00,89,6.8,5.6,0.00,0.00,0.00,3,100,0,100,28,14.9,241,238,27.9,31.7,0,0.00,1020.8,1006.3
2023-11-15T23:00,8.5,0.00,89,6.8,5.6,0.00,0.00,0.00,3,100,0,100,34,14.6,236,232,27.0,31.0,0,0.00,1020.9,1006.4
2023-11-16T00:00,8.5,0.00,90,6.9,5.5,0.00,0.00,0.00,1,45,0,25,36,14.9,237,233,26.6,30.6,0,0.00,1020.8,1006.3
2023-11-16T01:00,7.7,0.00,93,6.7,4.9,0.00,0.00,0.00,1,47,31,10,20,13.3,235,232,25.4,30.6,0,0.00,1020.5,1006.0
2023-11-16T02:00,7.5,0.40,94,6.7,5.2,0.40,0.00,0.00,51,73,0,66,22,10.2,246,247,21.7,21.2,0,0.00,1020.4,1005.9
2023-11-16T03:00,7.5,0.00,96,6.9,5.4,0.00,0.00,0.00,2,61,5,47,27,9.2,241,231,20.6,20.9,0,0.00,1020.1,1005.6
2023-11-16T04:00,7.5,0.00,96,6.8,5.5,0.00,0.00,0.00,2,63,7,45,34,8.1,243,238,19.3,19.4,0,0.00,1019.9,1005.4
2023-11-16T05:00,7.2,0.00,96,6.6,5.2,0.00,0.00,0.00,3,96,2,46,92,7.6,224,211,18.6,16.9,0,0.00,1019.3,1004.8
2023-11-16T06:00,7.5,0.00,96,6.9,5.2,0.00,0.00,0.00,2,64,6,47,32,10.1,222,215,21.7,20.5,0,0.00,1019.0,1004.5
2023-11-16T07:00,7.1,0.00,97,6.7,5.2,0.00,0.00,0.00,3,96,32,50,89,7.2,220,207,17.4,20.5,0,0.00,1018.6,1004.1
2023-11-16T08:00,7.8,0.20,95,7.1,5.9,0.20,0.00,0.00,51,100,99,91,93,8.1,234,225,17.3,19.1,1,0.00,1018.4,1003.9
2023-11-16T09:00,8.4,0.00,94,7.5,6.6,0.00,0.00,0.00,3,100,100,67,18,7.9,220,204,13.6,16.6,1,0.00,1017.3,1002.9
2023-11-16T10:00,8.9,0.00,90,7.3,6.9,0.00,0.00,0.00,3,100,100,2,21,8.7,191,187,13.2,19.8,1,1231.02,1016.5,1002.1
2023-11-16T11:00,9.4,0.00,85,7.1,7.4,0.00,0.00,0.00,3,100,100,90,11,8.4,197,190,12.4,19.4,1,303.61,1015.8,1001.4
2023-11-16T12:00,9.7,0.00,85,7.3,8.3,0.00,0.00,0.00,3,100,100,100,7,4.8,162,153,7.2,18.4,1,0.00,1014.0,999.7
2023-11-16T13:00,9.6,0.60,80,6.4,7.9,0.60,0.00,0.00,53,100,98,100,26,5.4,144,143,9.3,12.6,1,0.00,1012.8,998.5
2023-11-16T14:00,8.9,0.60,92,7.7,7.5,0.60,0.00,0.00,53,100,100,100,14,5.4,63,42,9.7,10.4,1,0.00,1011.7,997.4
2023-11-16T15:00,8.6,1.40,93,7.5,7.4,1.40,0.00,0.00,61,100,0,100,51,3.9,88,68,10.4,10.4,1,0.00,1010.7,996.4
2023-11-16T16:00,8.5,1.20,91,7.1,6.5,1.20,0.00,0.00,55,100,100,100,64,8.9,111,104,17.8,16.9,1,0.00,1009.9,995.6
2023-11-16T17:00,8.2,0.80,92,6.9,5.6,0.80,0.00,0.00,53,100,100,100,95,12.8,110,106,23.8,24.8,0,0.00,1009.0,994.7
2023-11-16T18:00,8.2,1.60,91,6.8,5.7,1.60,0.00,0.00,61,100,100,100,100,11.5,113,104,21.5,25.6,0,0.00,1008.4,994.1
2023-11-16T19:00,7.8,1.10,90,6.2,5.0,1.10,0.00,0.00,55,100,100,100,2,12.6,93,85,23.4,25.6,0,0.00,1007.8,993.5
2023-11-16T20:00,7.4,0.70,89,5.8,4.6,0.70,0.00,0.00,53,100,91,100,100,12.3,90,83,22.7,25.9,0,0.00,1007.7,993.3
2023-11-16T21:00,7.3,0.20,88,5.4,4.4,0.20,0.00,0.00,51,100,75,100,100,12.3,79,69,22.4,24.8,0,0.00,1007.4,993.0
2023-11-16T22:00,7.2,0.10,87,5.2,4.5,0.10,0.00,0.00,51,100,82,100,88,10.4,60,46,19.2,24.5,0,0.00,1007.6,993.2
2023-11-16T23:00,7.0,0.00,90,5.5,4.5,0.00,0.00,0.00,3,100,99,100,100,9.4,17,2,18.1,20.9,0,0.00,1008.4,994.0
2023-11-17T00:00,7.3,0.10,91,5.9,4.4,0.10,0.00,0.00,51,100,97,100,100,12.8,357,350,23.1,24.8,0,0.00,1010.0,995.6
2023-11-17T01:00,7.0,0.50,92,5.9,3.9,0.50,0.00,0.00,53,100,100,100,79,14.4,347,338,24.8,28.1,0,0.00,1012.1,997.7
2023-11-17T02:00,6.7,0.50,95,5.9,3.8,0.50,0.00,0.00,53,100,83,100,29,13.3,332,327,23.2,35.3,0,0.00,1014.7,1000.2
2023-11-17T03:00,6.6,0.40,91,5.2,3.4,0.40,0.00,0.00,51,100,100,100,89,13.4,326,324,23.9,27.7,0,0.00,1016.1,1001.6
2023-11-17T04:00,6.4,0.40,94,5.5,3.9,0.40,0.00,0.00,51,100,100,100,93,9.7,318,312,18.4,26.3,0,0.00,1017.0,1002.5
2023-11-17T05:00,6.2,0.50,95,5.5,4.0,0.50,0.00,0.00,53,100,100,100,100,7.2,309,297,15.9,19.8,0,0.00,1017.7,1003.1
2023-11-17T06:00,6.5,0.20,95,5.7,4.5,0.20,0.00,0.00,51,100,93,99,82,6.5,289,273,13.0,15.1,0,0.00,1018.0,1003.5
2023-11-17T07:00,6.3,0.00,95,5.6,4.4,0.00,0.00,0.00,3,97,92,70,32,5.4,292,278,13.2,13.7,0,0.00,1018.5,1003.9
2023-11-17T08:00,5.9,0.30,96,5.3,3.9,0.30,0.00,0.00,51,98,92,50,66,5.4,284,270,13.4,12.2,1,0.00,1019.1,1004.5
2023-11-17T09:00,6.6,0.10,92,5.4,4.3,0.10,0.00,0.00,51,100,97,75,100,7.9,276,270,13.8,16.2,1,0.00,1020.0,1005.4
2023-11-17T10:00,6.9,0.10,90,5.3,4.4,0.10,0.00,0.00,51,100,98,44,100,8.7,282,275,13.6,18.4,1,0.00,1020.4,1005.8
2023-11-17T11:00,7.2,0.10,89,5.6,5.1,0.10,0.00,0.00,51,100,100,94,70,7.2,272,270,10.4,19.4,1,0.00,1020.6,1006.0
2023-11-17T12:00,7.8,0.10,85,5.4,5.2,0.10,0.00,0.00,51,100,98,100,100,9.8,264,262,13.8,22.3,1,1218.11,1020.7,1006.2
2023-11-17T13:00,7.4,0.90,89,5.6,4.9,0.90,0.00,0.00,53,100,74,99,100,9.7,274,274,15.2,24.1,1,0.00,1020.8,1006.3
2023-11-17T14:00,7.4,1.50,91,6.1,4.8,1.50,0.00,0.00,61,100,75,100,100,11.3,280,279,18.6,23.4,1,0.00,1021.0,1006.5
2023-11-17T15:00,7.7,0.20,89,6.0,5.6,0.20,0.00,0.00,51,64,23,44,38,7.9,272,267,12.6,24.8,1,0.00,1021.2,1006.7
2023-11-17T16:00,7.7,0.10,90,6.2,5.6,0.10,0.00,0.00,51,68,0,59,27,7.3,252,250,13.7,20.2,1,3600.00,1021.6,1007.1
2023-11-17T17:00,6.6,0.10,95,5.8,4.6,0.10,0.00,0.00,51,56,0,32,50,6.3,255,257,16.4,17.3,0,0.00,1022.2,1007.6
2023-11-17T18:00,6.2,0.00,94,5.4,4.1,0.00,0.00,0.00,2,56,0,35,41,6.8,247,238,17.3,14.0,0,0.00,1023.1,1008.5
2023-11-17T19:00,5.9,0.00,94,5.1,3.7,0.00,0.00,0.00,2,58,0,2,58,6.8,252,238,16.6,14.0,0,0.00,1023.3,1008.6
2023-11-17T20:00,5.6,0.00,95,4.8,3.3,0.00,0.00,0.00,2,55,0,4,55,7.1,254,240,17.2,15.1,0,0.00,1024.0,1009.3
2023-11-17T21:00,5.4,0.00,95,4.7,3.2,0.00,0.00,0.00,2,57,0,2,57,6.0,267,253,15.1,14.4,0,0.00,1024.6,1009.9
2023-11-17T22:00,5.0,0.00,95,4.3,2.9,0.00,0.00,0.00,3,100,0,1,100,4.7,283,270,13.3,12.6,0,0.00,1025.2,1010.5
2023-11-17T23:00,5.0,0.00,95,4.3,3.2,0.00,0.00,0.00,3,100,37,0,100,3.3,289,276,9.9,10.4,0,0.00,1025.9,1011.2
2023-11-18T00:00,5.1,0.00,94,4.3,3.4,0.00,0.00,0.00,3,97,52,0,94,2.5,255,225,7.1,7.2,0,0.00,1026.4,1011.7
2023-11-18T01:00,5.1,0.00,96,4.4,3.2,0.00,0.00,0.00,2,52,19,0,41,3.3,225,193,7.6,7.9,0,0.00,1026.9,1012.1
2023-11-18T02:00,3.0,0.00,99,2.8,0.5,0.00,0.00,0.00,1,28,23,0,6,5.7,189,162,6.6,9.0,0,0.00,1026.8,1011.9
2023-11-18T03:00,3.9,0.00,98,3.6,1.6,0.00,0.00,0.00,2,68,60,0,21,5.2,193,164,12.6,10.1,0,0.00,1027.1,1012.3
2023-11-18T04:00,4.0,0.00,99,3.8,1.7,0.00,0.00,0.00,3,100,97,31,97,5.8,187,150,12.7,11.5,0,0.00,1027.0,1012.2
2023-11-18T05:00,4.2,0.00,99,4.1,1.8,0.00,0.00,0.00,3,100,0,40,100,6.8,189,162,14.6,13.3,0,0.00,1027.1,1012.3
2023-11-18T06:00,4.5,0.00,99,4.3,2.2,0.00,0.00,0.00,3,100,100,3,91,6.8,203,180,14.8,14.8,0,0.00,1026.8,1012.0
2023-11-18T07:00,4.7,0.00,98,4.4,2.3,0.00,0.00,0.00,3,100,100,17,97,7.6,215,199,15.8,15.1,0,0.00,1026.8,1012.0
2023-11-18T08:00,4.9,0.00,97,4.4,2.4,0.00,0.00,0.00,3,100,100,11,100,7.8,214,202,15.6,17.3,1,0.00,1026.5,1011.7
2023-11-18T09:00,5.3,0.00,96,4.7,3.0,0.00,0.00,0.00,3,100,100,100,49,6.7,209,196,11.9,16.6,1,0.00,1027.0,1012.3
2023-11-18T10:00,6.0,0.00,93,4.9,3.6,0.00,0.00,0.00,3,100,100,31,29,7.6,176,172,10.8,17.3,1,523.36,1026.7,1012.0
2023-11-18T11:00,7.1,0.00,86,4.9,4.6,0.00,0.00,0.00,3,100,100,100,45,9.0,183,182,12.3,20.5,1,3600.00,1026.8,1012.2
2023-11-18T12:00,7.6,0.00,83,4.8,5.1,0.00,0.00,0.00,3,100,100,100,23,8.0,165,162,10.8,20.9,1,0.00,1026.3,1011.7
2023-11-18T13:00,7.7,0.00,80,4.6,5.1,0.00,0.00,0.00,3,100,100,100,7,9.0,155,151,13.9,19.8,1,0.00,1025.2,1010.6
2023-11-18T14:00,7.9,0.20,85,5.6,5.3,0.20,0.00,0.00,51,100,100,98,21,10.1,161,153,15.3,20.9,1,0.00,1024.6,1010.0
2023-11-18T15:00,7.6,0.10,87,5.7,5.0,0.10,0.00,0.00,51,100,100,100,6,10.7,151,140,19.0,21.6,1,0.00,1023.4,1008.8
2023-11-18T16:00,7.6,0.10,88,5.7,5.1,0.10,0.00,0.00,51,100,100,100,100,10.0,151,142,18.8,21.6,1,0.00,1023.1,1008.5
2023-11-18T17:00,7.4,0.40,91,6.1,5.0,0.40,0.00,0.00,51,100,100,100,73,9.8,142,126,19.7,20.2,0,0.00,1022.7,1008.1
2023-11-18T18:00,7.5,0.30,91,6.1,4.6,0.30,0.00,0.00,51,100,100,100,100,13.3,151,139,25.5,25.9,0,0.00,1021.6,1007.0
2023-11-18T19:00,7.6,0.40,90,6.0,4.7,0.40,0.00,0.00,51,100,100,100,100,12.8,168,158,25.0,26.6,0,0.00,1020.5,1006.0
2023-11-18T20:00,7.6,0.60,89,5.9,4.8,0.60,0.00,0.00,53,100,100,100,100,12.1,175,163,23.1,26.6,0,0.00,1019.7,1005.2
2023-11-18T21:00,7.5,0.50,89,5.8,4.8,0.50,0.00,0.00,53,100,100,100,100,11.3,187,171,22.1,24.8,0,0.00,1018.9,1004.4
2023-11-18T22:00,7.5,0.40,88,5.7,5.0,0.40,0.00,0.00,51,100,100,100,100,9.9,206,190,21.3,24.1,0,0.00,1018.5,1004.0
2023-11-18T23:00,7.8,0.10,87,5.7,4.9,0.10,0.00,0.00,51,100,100,99,100,13.0,210,199,24.5,26.6,0,0.00,1017.5,1003.0
2023-11-19T00:00,8.0,0.80,91,6.6,5.1,0.80,0.00,0.00,53,100,100,100,100,13.8,221,213,27.1,28.8,0,0.00,1017.0,1002.5
2023-11-19T01:00,8.6,3.00,92,7.3,5.5,3.00,0.00,0.00,63,100,100,100,100,16.4,225,220,30.8,38.5,0,0.00,1016.3,1001.9
2023-11-19T02:00,8.5,1.80,93,7.4,5.6,1.80,0.00,0.00,61,100,100,100,100,15.0,229,226,28.8,34.9,0,0.00,1016.1,1001.7
2023-11-19T03:00,8.9,2.60,93,7.9,6.2,2.60,0.00,0.00,63,100,100,100,100,14.5,226,222,28.0,31.7,0,0.00,1015.8,1001.4
2023-11-19T04:00,9.2,0.60,94,8.3,6.6,0.60,0.00,0.00,53,100,100,100,100,15.1,226,220,28.3,31.3,0,0.00,1015.4,1001.0
2023-11-19T05:00,9.7,0.00,94,8.8,6.9,0.00,0.00,0.00,3,100,98,100,100,16.9,224,218,30.6,33.8,0,0.00,1014.7,1000.4
2023-11-19T06:00,10.2,1.40,94,9.2,7.4,1.40,0.00,0.00,61,100,46,26,100,17.8,231,228,32.3,36.4,0,0.00,1014.7,1000.4
2023-11-19T07:00,10.8,1.80,94,9.9,8.0,1.80,0.00,0.00,61,100,32,19,100,18.6,228,224,33.6,39.2,0,0.00,1014.5,1000.2
2023-11-19T08:00,10.7,0.70,95,9.9,8.1,0.70,0.00,0.00,53,100,0,82,100,17.4,221,218,32.1,43.9,1,0.00,1014.6,1000.3
2023-11-19T09:00,11.3,0.60,94,10.3,8.3,0.60,0.00,0.00,53,97,0,9,96,20.9,225,222,35.9,43.9,1,0.00,1015.0,1000.7
2023-11-19T10:00,12.2,0.40,91,10.9,9.3,0.40,0.00,0.00,51,23,0,13,13,21.7,232,228,36.4,48.6,1,566.57,1015.1,1000.9
2023-11-19T11:00,12.3,0.60,92,11.1,10.0,0.60,0.00,0.00,53,95,0,39,93,18.0,242,244,28.0,49.0,1,3600.00,1015.7,1001.5
2023-11-19T12:00,12.9,0.10,92,11.6,11.2,0.10,0.00,0.00,51,22,0,9,16,15.2,238,234,24.6,45.7,1,2143.54,1015.3,1001.1
2023-11-19T13:00,13.6,0.40,85,11.2,11.6,0.40,0.00,0.00,51,5,0,1,4,16.4,235,232,26.1,42.8,1,3600.00,1014.7,1000.6
2023-11-19T14:00,13.9,0.90,83,11.0,11.6,0.90,0.00,0.00,53,12,0,10,6,18.0,234,233,28.6,46.1,1,3600.00,1014.1,1000.0
2023-11-19T15:00,13.9,0.30,79,10.4,11.4,0.30,0.00,0.00,51,18,0,17,2,17.7,242,241,29.5,37.4,1,3600.00,1013.6,999.5
2023-11-19T16:00,12.9,0.10,77,9.0,10.5,0.10,0.00,0.00,51,17,0,12,6,15.0,245,243,27.7,36.0,1,3600.00,1013.6,999.4
2023-11-19T17:00,11.8,0.10,79,8.3,9.2,0.10,0.00,0.00,51,34,0,13,24,14.7,246,242,28.8,30.2,0,0.00,1013.9,999.7
2023-11-19T18:00,11.4,0.00,77,7.6,8.4,0.00,0.00,0.00,1,44,21,13,20,16.1,255,254,30.6,32.8,0,0.00,1014.7,1000.4
2023-11-19T19:00,11.1,0.00,79,7.5,8.1,0.00,0.00,0.00,2,50,26,16,24,15.9,258,257,30.1,38.9,0,0.00,1014.9,1000.6
2023-11-19T20:00,11.1,0.00,78,7.5,8.3,0.00,0.00,0.00,2,66,62,7,5,15.1,251,245,28.9,32.4,0,0.00,1015.0,1000.7
2023-11-19T21:00,10.5,0.00,81,7.4,7.7,0.00,0.00,0.00,3,96,94,35,7,14.5,237,228,28.7,31.0,0,0.00,1014.9,1000.6
2023-11-19T22:00,10.5,0.00,81,7.5,7.6,0.00,0.00,0.00,3,95,91,31,9,15.3,235,227,29.0,32.0,0,0.00,1015.3,1001.0
2023-11-19T23:00,10.5,0.00,81,7.5,7.4,0.00,0.00,0.00,3,100,99,84,11,17.1,235,229,31.1,34.9,0,0.00,1015.5,1001.2
2023-11-20T00:00,10.4,2.70,84,7.8,7.1,2.70,0.00,0.00,63,99,92,77,28,18.8,232,227,33.3,39.6,0,0.00,1015.2,1000.9
2023-11-20T01:00,10.4,3.00,83,7.7,6.9,3.00,0.00,0.00,63,90,74,51,27,19.6,229,226,34.2,44.3,0,0.00,1015.1,1000.8
2023-11-20T02:00,10.4,0.00,84,7.8,7.0,0.00,0.00,0.00,3,100,39,100,37,19.1,225,221,33.3,38.9,0,0.00,1015.3,1001.0
2023-11-20T03:00,10.6,0.20,83,7.8,7.2,0.20,0.00,0.00,51,100,84,100,100,19.1,231,227,32.8,40.7,0,0.00,1015.2,1000.9
2023-11-20T04:00,10.9,0.10,82,7.9,7.5,0.10,0.00,0.00,51,100,53,100,67,19.4,232,228,33.1,42.1,0,0.00,1014.8,1000.5
2023-11-20T05:00,10.8,0.10,81,7.7,7.1,0.10,0.00,0.00,51,100,98,100,85,21.2,232,230,35.9,43.6,0,0.00,1014.5,1000.2
2023-11-20T06:00,10.7,0.00,81,7.6,6.8,0.00,0.00,0.00,3,100,100,82,100,22.4,235,233,37.2,46.1,0,0.00,1014.3,1000.0
2023-11-20T07:00,10.7,0.00,82,7.7,7.1,0.00,0.00,0.00,3,100,91,100,98,20.5,238,236,34.5,46.1,0,0.00,1014.3,1000.0
2023-11-20T08:00,10.4,0.40,86,8.1,7.1,0.40,0.00,0.00,51,100,0,100,100,19.0,241,241,32.4,42.1,1,0.00,1014.6,1000.3
2023-11-20T09:00,10.2,0.10,87,8.1,7.0,0.10,0.00,0.00,51,70,0,68,18,18.9,239,235,32.0,38.9,1,0.00,1014.8,1000.5
2023-11-20T10:00,10.5,0.00,86,8.3,7.0,0.00,0.00,0.00,1,21,0,4,18,20.6,242,241,33.3,42.8,1,2879.95,1014.4,1000.1
2023-11-20T11:00,11.1,0.00,83,8.4,7.7,0.00,0.00,0.00,1,40,0,18,27,20.3,242,243,30.9,44.3,1,3600.00,1014.1,999.8
2023-11-20T12:00,11.5,0.00,81,8.3,8.0,0.00,0.00,0.00,1,47,0,23,34,20.8,243,242,31.6,44.6,1,3600.00,1013.6,999.4
2023-11-20T13:00,11.9,0.00,76,7.8,8.6,0.00,0.00,0.00,1,40,0,14,32,18.4,241,239,27.6,45.4,1,3600.00,1012.7,998.5
2023-11-20T14:00,11.1,0.10,83,8.3,8.2,0.10,0.00,0.00,51,53,0,33,37,16.4,233,232,26.0,37.1,1,3600.00,1012.7,998.5
2023-11-20T15:00,11.1,0.00,79,7.6,8.1,0.00,0.00,0.00,2,56,0,39,29,15.8,229,225,26.3,37.1,1,3600.00,1012.2,998.0
2023-11-20T16:00,10.4,0.00,81,7.2,7.5,0.00,0.00,0.00,2,62,5,57,24,15.3,229,227,26.6,34.2,1,3600.00,1012.0,997.7
2023-11-20T17:00,9.6,0.00,84,7.1,7.0,0.00,0.00,0.00,3,81,0,80,13,12.8,225,220,23.9,31.3,0,0.00,1011.8,997.5
2023-11-20T18:00,9.1,0.00,84,6.5,6.3,0.00,0.00,0.00,3,100,38,100,24,12.7,228,225,25.5,29.2,0,0.00,1011.9,997.6
2023-11-20T19:00,8.7,0.30,86,6.5,6.2,0.30,0.00,0.00,51,100,99,99,32,11.5,234,229,22.7,26.3,0,0.00,1011.9,997.6
2023-11-20T20:00,8.2,0.50,93,7.2,6.4,0.50,0.00,0.00,53,100,94,100,98,7.4,233,223,15.7,24.1,0,0.00,1011.7,997.3
2023-11-20T21:00,8.4,0.80,93,7.4,6.4,0.80,0.00,0.00,53,100,2,100,100,9.0,224,209,18.6,19.1,0,0.00,1011.4,997.0
2023-11-20T22:00,8.7,0.30,91,7.2,6.0,0.30,0.00,0.00,51,98,51,72,89,13.2,216,209,24.5,27.0,0,0.00,1010.9,996.6
2023-11-20T23:00,8.6,0.20,93,7.5,6.3,0.20,0.00,0.00,51,100,98,100,100,11.8,226,220,22.7,27.4,0,0.00,1010.9,996.6
2023-11-21T00:00,8.6,0.30,94,7.7,6.1,0.30,0.00,0.00,51,100,95,100,100,13.2,220,215,24.0,27.7,0,0.00,1010.6,996.3
2023-11-21T01:00,8.7,0.30,93,7.6,6.1,0.30,0.00,0.00,51,100,100,100,100,13.0,224,219,23.9,27.4,0,0.00,1010.4,996.1
2023-11-21T02:00,8.6,0.50,92,7.4,5.9,0.50,0.00,0.00,53,93,38,80,78,14.0,219,215,25.6,28.8,0,0.00,1010.7,996.4
2023-11-21T03:00,8.1,0.00,93,7.1,5.5,0.00,0.00,0.00,3,96,5,23,95,12.1,221,217,22.7,28.8,0,0.00,1011.0,996.6
2023-11-21T04:00,8.1,0.00,94,7.1,5.8,0.00,0.00,0.00,3,92,6,12,91,10.6,224,215,19.9,23.8,0,0.00,1010.8,996.4
2023-11-21T05:00,8.0,0.10,95,7.3,6.0,0.10,0.00,0.00,51,100,2,43,100,8.9,218,207,17.9,20.9,0,0.00,1011.0,996.6
2023-11-21T06:00,8.1,0.30,97,7.6,6.4,0.30,0.00,0.00,51,100,0,32,100,6.8,222,212,14.0,17.3,0,0.00,1011.4,997.0
2023-11-21T07:00,8.0,0.00,97,7.6,6.6,0.00,0.00,0.00,3,100,0,19,100,5.2,233,214,11.3,13.0,0,0.00,1011.8,997.4
2023-11-21T08:00,8.0,0.00,98,7.6,7.0,0.00,0.00,0.00,3,100,0,100,100,2.4,301,297,7.6,10.1,1,0.00,1012.6,998.2
2023-11-21T09:00,8.3,0.10,97,7.8,7.0,0.10,0.00,0.00,51,100,0,95,100,5.0,337,330,10.2,10.4,1,0.00,1013.3,998.9
2023-11-21T10:00,8.4,0.20,97,7.9,6.7,0.20,0.00,0.00,51,100,0,100,100,7.6,358,352,11.5,16.2,1,0.00,1013.8,999.4
2023-11-21T11:00,9.1,0.10,92,7.9,7.5,0.10,0.00,0.00,51,100,0,100,79,6.8,8,360,9.8,16.2,1,0.00,1014.4,1000.0
2023-11-21T12:00,9.8,0.10,89,8.0,8.0,0.10,0.00,0.00,51,100,0,86,100,9.0,345,344,12.3,22.7,1,0.00,1014.8,1000.5
2023-11-21T13:00,10.0,0.10,82,7.1,7.7,0.10,0.00,0.00,51,100,0,30,100,10.5,356,352,14.8,23.4,1,514.80,1015.0,1000.7
2023-11-21T14:00,9.9,0.40,83,7.2,7.4,0.40,0.00,0.00,51,84,0,73,50,11.6,356,355,17.3,25.2,1,2755.52,1015.4,1001.1
2023-11-21T15:00,9.9,0.00,84,7.4,7.5,0.00,0.00,0.00,1,48,0,20,37,11.5,2,358,18.4,24.8,1,3505.57,1015.8,1001.5
2023-11-21T16:00,9.3,0.00,86,7.1,6.9,0.00,0.00,0.00,1,45,0,32,26,10.8,4,360,19.9,23.8,1,3600.00,1016.4,1002.0
2023-11-21T17:00,8.3,0.00,90,6.8,6.1,0.00,0.00,0.00,1,41,0,27,28,9.4,11,7,20.2,21.6,0,0.00,1017.1,1002.7
2023-11-21T18:00,7.7,0.00,90,6.2,5.6,0.00,0.00,0.00,1,32,0,30,21,7.7,17,11,18.8,19.4,0,0.00,1018.0,1003.5
2023-11-21T19:00,7.0,0.00,90,5.5,5.0,0.00,0.00,0.00,3,98,0,39,98,6.1,11,360,16.5,15.8,0,0.00,1018.5,1004.0
2023-11-21T20:00,7.6,0.10,89,6.0,5.7,0.10,0.00,0.00,51,72,0,58,34,6.5,356,341,15.5,13.7,0,0.00,1019.4,1004.9
2023-11-21T21:00,7.5,0.10,92,6.3,5.5,0.10,0.00,0.00,51,83,0,81,25,7.1,348,330,15.5,14.4,0,0.00,1020.0,1005.5
2023-11-21T22:00,7.6,0.00,93,6.5,5.7,0.00,0.00,0.00,2,66,0,62,16,6.5,360,341,15.1,15.1,0,0.00,1020.6,1006.1
2023-11-21T23:00,7.6,0.00,91,6.2,5.6,0.00,0.00,0.00,3,100,0,100,62,7.2,19,3,16.7,14.4,0,0.00,1021.2,1006.7
2023-11-22T00:00,7.6,0.20,89,5.9,5.1,0.20,0.00,0.00,51,100,0,100,100,9.9,29,19,18.5,19.4,0,0.00,1021.7,1007.2
2023-11-22T01:00,6.8,0.80,90,5.3,4.1,0.80,0.00,0.00,53,100,0,96,100,11.0,27,19,19.0,22.0,0,0.00,1022.4,1007.8
2023-11-22T02:00,5.7,0.30,86,3.5,2.3,0.30,0.00,0.00,51,75,0,45,54,12.8,22,16,21.3,25.6,0,0.00,1023.4,1008.7
2023-11-22T03:00,4.6,0.00,87,2.6,1.0,0.00,0.00,0.00,0,15,0,6,14,12.8,18,11,22.3,25.9,0,0.00,1024.1,1009.4
2023-11-22T04:00,3.4,0.00,87,1.4,-0.2,0.00,0.00,0.00,0,1,0,0,1,11.7,16,11,22.5,25.9,0,0.00,1024.8,1010.0
2023-11-22T05:00,2.6,0.00,86,0.5,-1.0,0.00,0.00,0.00,0,1,0,0,1,10.4,21,14,21.7,24.1,0,0.00,1025.6,1010.7
2023-11-22T06:00,1.9,0.00,86,-0.1,-1.6,0.00,0.00,0.00,0,3,0,0,3,9.6,21,13,20.4,21.6,0,0.00,1026.5,1011.6
2023-11-22T07:00,1.4,0.00,88,-0.3,-1.8,0.00,0.00,0.00,0,2,1,0,1,7.4,21,14,18.1,19.8,0,0.00,1027.2,1012.2
2023-11-22T08:00,0.7,0.00,90,-0.8,-2.4,0.00,0.00,0.00,0,4,1,0,3,5.5,29,23,14.8,16.2,1,0.00,1028.0,1013.0
2023-11-22T09:00,1.8,0.00,84,-0.6,-1.5,0.00,0.00,0.00,0,17,17,0,0,7.2,40,37,13.6,14.8,1,2186.77,1028.8,1013.8
2023-11-22T10:00,2.4,0.00,75,-1.7,-1.4,0.00,0.00,0.00,2,66,31,0,50,9.4,59,58,13.4,20.5,1,3600.00,1028.8,1013.9
2023-11-22T11:00,3.0,0.00,72,-1.6,-0.4,0.00,0.00,0.00,3,100,97,0,87,7.4,49,47,10.0,21.2,1,3600.00,1029.3,1014.4
2023-11-22T12:00,3.4,0.00,70,-1.6,-0.0,0.00,0.00,0.00,3,100,63,0,100,6.9,42,43,9.2,18.4,1,1478.20,1029.7,1014.8
2023-11-22T13:00,3.7,0.00,68,-1.6,0.7,0.00,0.00,0.00,3,100,33,0,100,4.4,60,55,5.8,17.3,1,278.56,1029.5,1014.6
2023-11-22T14:00,3.4,0.00,70,-1.6,0.4,0.00,0.00,0.00,3,100,97,0,100,4.3,11,5,5.5,14.8,1,0.00,1030.1,1015.2
2023-11-22T15:00,3.3,0.00,70,-1.7,0.6,0.00,0.00,0.00,3,100,96,0,100,1.8,323,307,1.8,12.2,1,0.00,1029.7,1014.8
2023-11-22T16:00,3.2,0.00,69,-1.9,0.5,0.00,0.00,0.00,3,100,80,0,100,1.9,231,248,2.3,7.6,1,0.00,1029.8,1014.9
2023-11-22T17:00,2.9,0.00,70,-1.9,-0.1,0.00,0.00,0.00,3,100,100,0,100,4.0,277,280,5.8,9.0,0,0.00,1030.7,1015.8
2023-11-22T18:00,2.7,0.00,70,-2.2,-0.7,0.00,0.00,0.00,3,100,100,3,100,6.6,302,299,8.9,14.4,0,0.00,1031.3,1016.4
2023-11-22T19:00,2.4,0.00,73,-2.0,-0.5,0.00,0.00,0.00,3,100,100,27,4,3.4,290,288,5.4,14.4,0,0.00,1031.2,1016.2
2023-11-22T20:00,2.1,0.00,76,-1.7,-0.7,0.00,0.00,0.00,3,100,100,1,2,2.7,247,247,5.5,7.6,0,0.00,1031.0,1016.0
2023-11-22T21:00,0.5,0.00,86,-1.5,-2.6,0.00,0.00,0.00,3,100,100,4,1,4.9,227,216,7.4,7.6,0,0.00,1030.8,1015.7
2023-11-22T22:00,0.3,0.00,87,-1.5,-2.8,0.00,0.00,0.00,3,99,99,36,0,5.3,221,208,10.5,8.3,0,0.00,1030.5,1015.4
2023-11-22T23:00,-0.4,0.00,89,-2.0,-3.8,0.00,0.00,0.00,3,100,100,22,0,6.8,223,212,11.7,10.1,0,0.00,1030.4,1015.3
2023-11-23T00:00,0.1,0.00,89,-1.5,-3.2,0.00,0.00,0.00,3,100,100,3,0,6.0,226,213,11.5,10.1,0,0.00,1030.2,1015.1
2023-11-23T01:00,-0.0,0.00,89,-1.6,-3.2,0.00,0.00,0.00,3,100,100,0,1,5.7,242,235,11.4,9.7,0,0.00,1030.2,1015.1
2023-11-23T02:00,0.2,0.00,87,-1.7,-3.2,0.00,0.00,0.00,0,3,0,3,0,6.8,207,183,16.1,13.0,0,0.00,1030.1,1015.0
2023-11-23T03:00,0.0,0.00,87,-1.8,-3.5,0.00,0.00,0.00,0,4,0,4,0,7.4,213,194,18.5,14.8,0,0.00,1029.7,1014.6
2023-11-23T04:00,0.0,0.00,88,-1.8,-3.7,0.00,0.00,0.00,0,0,0,0,0,8.8,213,199,20.6,17.3,0,0.00,1029.3,1014.2
2023-11-23T05:00,-0.1,0.00,89,-1.7,-3.9,0.00,0.00,0.00,0,0,0,0,0,9.7,213,202,21.9,19.1,0,0.00,1029.2,1014.1
2023-11-23T06:00,-0.2,0.00,90,-1.7,-4.2,0.00,0.00,0.00,1,47,0,0,47,11.0,214,203,23.6,21.2,0,0.00,1028.9,1013.8
2023-11-23T07:00,0.3,0.00,87,-1.7,-3.9,0.00,0.00,0.00,3,100,0,0,100,12.1,218,207,25.4,24.1,0,0.00,1028.4,1013.4
2023-11-23T08:00,1.9,0.00,78,-1.5,-2.5,0.00,0.00,0.00,3,100,0,0,100,13.7,222,210,30.6,28.4,1,0.00,1028.0,1013.1
2023-11-23T09:00,2.5,0.00,76,-1.2,-1.7,0.00,0.00,0.00,3,100,0,0,100,13.2,226,215,33.6,29.2,1,0.00,1028.2,1013.3
2023-11-23T10:00,3.8,0.00,72,-0.7,-1.1,0.00,0.00,0.00,3,95,0,0,95,18.1,228,224,28.8,37.4,1,0.02,1027.7,1012.9
2023-11-23T11:00,4.3,0.00,72,-0.4,0.0,0.00,0.00,0.00,3,100,0,0,100,14.0,221,215,23.7,34.9,1,191.49,1027.3,1012.5
2023-11-23T12:00,5.3,0.00,69,0.1,0.9,0.00,0.00,0.00,3,100,0,0,100,15.1,221,218,25.0,32.4,1,1603.21,1026.3,1011.6
2023-11-23T13:00,5.8,0.00,71,0.9,1.7,0.00,0.00,0.00,3,100,0,0,100,14.8,223,219,24.5,32.8,1,0.00,1025.3,1010.6
2023-11-23T14:00,5.6,0.00,80,2.4,1.5,0.00,0.00,0.00,3,100,0,0,100,16.3,223,221,26.0,34.2,1,0.00,1025.2,1010.5
2023-11-23T15:00,6.1,0.00,82,3.2,1.5,0.00,0.00,0.00,3,100,0,0,100,20.3,239,237,31.5,40.3,1,0.00,1024.5,1009.8
2023-11-23T16:00,6.1,0.00,85,3.7,2.2,0.00,0.00,0.00,3,100,41,0,100,16.4,231,230,28.2,43.9,1,0.00,1023.9,1009.2
2023-11-23T17:00,6.1,0.00,85,3.9,2.1,0.00,0.00,0.00,3,100,43,0,100,17.8,227,225,30.6,36.7,0,0.00,1022.9,1008.3
2023-11-23T18:00,6.2,0.00,86,4.0,2.1,0.00,0.00,0.00,3,100,60,0,100,18.3,227,227,31.3,37.4,0,0.00,1022.1,1007.5
2023-11-23T19:00,6.4,0.00,87,4.4,2.6,0.00,0.00,0.00,3,100,36,0,100,17.1,230,229,29.4,37.4,0,0.00,1021.6,1007.0
2023-11-23T20:00,6.7,0.00,87,4.7,2.8,0.00,0.00,0.00,3,100,0,0,100,17.7,236,232,30.6,35.6,0,0.00,1021.0,1006.4
2023-11-23T21:00,7.0,0.00,87,5.0,2.7,0.00,0.00,0.00,3,100,0,0,100,20.8,235,233,35.5,42.5,0,0.00,1019.8,1005.2
2023-11-23T22:00,7.2,0.00,87,5.2,2.9,0.00,0.00,0.00,3,100,0,3,100,21.9,239,237,36.8,44.6,0,0.00,1019.4,1004.9
2023-11-23T23:00,7.4,0.00,88,5.5,2.9,0.00,0.00,0.00,3,100,0,21,100,22.9,238,237,39.0,46.8,0,0.00,1018.2,1003.7
2023-11-24T00:00,7.6,0.00,89,5.8,3.1,0.00,0.00,0.00,3,100,6,100,100,23.7,239,237,40.1,48.6,0,0.00,1017.3,1002.8
2023-11-24T01:00,7.6,0.20,89,6.0,3.1,0.20,0.00,0.00,51,100,79,100,100,24.2,238,237,40.8,50.0,0,0.00,1016.2,1001.7
2023-11-24T02:00,8.3,0.00,89,6.6,4.0,0.00,0.00,0.00,3,100,66,69,100,24.0,246,244,40.1,50.8,0,0.00,1015.2,1000.8
2023-11-24T03:00,9.0,0.20,88,7.2,4.5,0.20,0.00,0.00,51,97,10,57,97,26.0,250,248,43.6,52.9,0,0.00,1014.2,999.8
2023-11-24T04:00,9.5,0.00,87,7.5,5.2,0.00,0.00,0.00,2,65,0,56,20,25.2,253,251,41.8,54.0,0,0.00,1013.1,998.8
2023-11-24T05:00,8.6,1.30,95,7.9,5.6,1.30,0.00,0.00,61,100,0,100,100,17.1,290,292,29.8,58.7,0,0.00,1013.4,999.0
2023-11-24T06:00,8.3,1.30,91,6.9,5.5,1.30,0.00,0.00,61,100,0,100,98,13.3,313,308,25.0,37.8,0,0.00,1013.1,998.7
2023-11-24T07:00,7.9,0.00,87,5.8,4.8,0.00,0.00,0.00,3,91,67,71,5,13.7,293,288,24.7,28.1,0,0.00,1012.6,998.2
2023-11-24T08:00,7.0,0.00,88,5.1,3.8,0.00,0.00,0.00,2,61,55,13,2,13.3,292,289,25.7,27.7,1,0.00,1012.4,998.0
2023-11-24T09:00,6.8,0.00,88,4.9,3.4,0.00,0.00,0.00,2,65,24,52,17,14.7,285,281,26.8,29.5,1,1986.09,1012.5,998.0
2023-11-24T10:00,7.5,0.00,82,4.7,3.5,0.00,0.00,0.00,2,77,37,61,8,18.0,289,286,29.7,36.4,1,3600.00,1012.0,997.6
2023-11-24T11:00,7.6,0.00,79,4.2,3.4,0.00,0.00,0.00,3,82,42,61,26,18.9,288,288,30.3,40.7,1,3600.00,1011.4,997.0
2023-11-24T12:00,7.4,0.10,74,3.0,2.7,0.10,0.00,0.00,51,90,0,86,34,21.5,287,288,33.1,43.9,1,3600.00,1010.2,995.8
2023-11-24T13:00,7.2,0.90,78,3.7,2.9,0.90,0.00,0.00,53,88,0,82,41,19.4,290,288,29.5,47.2,1,3600.00,1009.6,995.2
2023-11-24T14:00,6.1,0.10,83,3.5,1.8,0.10,0.00,0.00,51,96,0,95,45,18.9,286,284,29.6,43.2,1,1527.87,1009.1,994.7
2023-11-24T15:00,4.8,1.10,89,3.1,0.7,1.00,0.00,0.07,71,96,0,91,56,17.2,293,290,28.6,45.4,1,1784.09,1009.0,994.5
2023-11-24T16:00,5.0,0.10,87,3.0,0.6,0.10,0.00,0.00,51,39,0,29,20,18.8,301,299,31.0,43.9,1,0.00,1009.1,994.6
2023-11-24T17:00,4.1,0.20,85,1.8,-0.3,0.20,0.00,0.00,51,44,0,27,31,18.0,301,299,31.8,44.6,0,0.00,1009.4,994.9
2023-11-24T18:00,3.8,0.10,85,1.4,-0.6,0.10,0.00,0.00,51,52,0,29,34,17.1,297,295,30.4,37.8,0,0.00,1009.6,995.0
2023-11-24T19:00,3.5,0.00,85,1.1,-0.8,0.00,0.00,0.00,2,50,0,20,38,15.7,294,290,28.7,34.9,0,0.00,1009.6,995.0
2023-11-24T20:00,3.2,0.00,84,0.8,-1.1,0.00,0.00,0.00,2,57,0,11,52,15.3,293,289,28.1,32.8,0,0.00,1009.4,994.8
2023-11-24T21:00,3.1,0.20,84,0.6,-1.4,0.20,0.00,0.00,51,82,0,6,82,16.8,288,285,29.9,34.6,0,0.00,1009.2,994.6
2023-11-24T22:00,3.2,0.20,81,0.3,-1.3,0.10,0.00,0.07,71,92,0,85,56,16.9,285,281,29.4,34.9,0,0.00,1008.8,994.2
2023-11-24T23:00,2.9,0.90,84,0.5,-2.0,0.30,0.00,0.42,73,98,0,83,92,18.9,287,284,32.7,38.9,0,0.00,1008.6,994.0
2023-11-25T00:00,3.1,0.20,83,0.5,-1.9,0.10,0.00,0.07,71,94,0,15,94,19.8,301,299,34.4,41.0,0,0.00,1008.8,994.2
2023-11-25T01:00,2.9,0.10,83,0.3,-2.2,0.10,0.00,0.00,51,43,0,11,42,20.4,317,316,34.9,47.5,0,0.00,1009.4,994.8
2023-11-25T02:00,2.3,0.00,81,-0.6,-2.6,0.00,0.00,0.00,0,7,0,0,7,18.4,320,318,32.4,45.7,0,0.00,1010.8,996.1
2023-11-25T03:00,1.8,0.00,85,-0.5,-2.8,0.00,0.00,0.00,1,28,0,0,28,16.1,320,318,29.1,37.4,0,0.00,1011.8,997.1
2023-11-25T04:00,1.5,0.00,87,-0.5,-3.2,0.00,0.00,0.00,0,18,0,0,18,16.9,322,320,30.5,34.6,0,0.00,1012.2,997.5
2023-11-25T05:00,1.1,0.00,89,-0.5,-3.2,0.00,0.00,0.00,0,4,0,0,4,14.0,321,318,27.9,34.6,0,0.00,1012.6,997.8
2023-11-25T06:00,0.5,0.00,91,-0.8,-3.1,0.00,0.00,0.00,1,22,20,1,2,8.7,316,308,21.4,29.5,0,0.00,1012.8,998.0
2023-11-25T07:00,-1.4,0.00,94,-2.3,-4.7,0.00,0.00,0.00,0,15,0,3,15,5.7,282,235,12.1,18.7,0,0.00,1013.2,998.3
2023-11-25T08:00,-0.3,0.00,93,-1.3,-3.6,0.00,0.00,0.00,1,30,0,4,29,6.6,224,193,15.0,12.6,1,0.00,1013.6,998.8
2023-11-25T09:00,1.0,0.00,91,-0.4,-2.6,0.00,0.00,0.00,1,33,0,13,23,9.7,218,202,17.9,17.6,1,1887.49,1013.9,999.1
2023-11-25T10:00,2.3,0.00,87,0.4,-1.1,0.00,0.00,0.00,3,83,1,81,10,9.1,231,214,18.2,19.8,1,3600.00,1013.7,999.0
2023-11-25T11:00,3.9,0.00,79,0.7,0.3,0.00,0.00,0.00,3,100,1,100,11,10.7,230,225,15.6,24.5,1,3600.00,1013.1,998.5
2023-11-25T12:00,4.8,0.00,76,1.0,0.7,0.00,0.00,0.00,3,80,1,80,2,15.0,250,249,22.2,32.8,1,3600.00,1012.4,997.8
2023-11-25T13:00,5.3,0.00,74,1.0,0.5,0.00,0.00,0.00,3,100,0,85,99,19.6,264,264,28.9,45.7,1,3600.00,1011.7,997.2
2023-11-25T14:00,4.4,0.20,79,1.1,-0.0,0.20,0.00,0.00,51,100,0,100,100,17.1,264,263,27.9,40.7,1,0.00,1012.1,997.5
2023-11-25T15:00,4.6,0.00,80,1.4,0.2,0.00,0.00,0.00,3,98,0,90,90,16.8,265,261,27.8,35.3,1,789.99,1011.8,997.2
2023-11-25T16:00,4.3,0.10,83,1.7,0.2,0.10,0.00,0.00,51,96,0,94,50,15.6,260,255,26.7,34.6,1,0.00,1011.5,996.9
2023-11-25T17:00,3.7,0.40,87,1.8,-0.2,0.40,0.00,0.00,51,100,0,98,99,14.6,268,260,26.3,33.1,0,0.00,1011.8,997.2
2023-11-25T18:00,3.8,0.20,88,2.0,0.0,0.20,0.00,0.00,51,100,0,87,100,13.7,277,268,25.0,30.2,0,0.00,1012.0,997.4
2023-11-25T19:00,3.7,0.70,90,2.2,0.4,0.50,0.00,0.14,71,100,0,97,94,10.7,288,282,21.5,28.4,0,0.00,1012.1,997.5
2023-11-25T20:00,4.0,0.20,87,2.1,0.4,0.20,0.00,0.00,51,95,0,77,86,12.6,300,297,24.8,25.6,0,0.00,1012.2,997.6
2023-11-25T21:00,3.8,0.20,92,2.6,0.1,0.20,0.00,0.00,51,98,0,88,87,13.8,311,309,25.3,29.5,0,0.00,1012.8,998.2
2023-11-25T22:00,2.7,1.20,92,1.6,-1.0,0.60,0.00,0.42,73,100,0,43,100,12.5,328,327,23.5,28.8,0,0.00,1013.8,999.1
2023-11-25T23:00,3.5,0.00,93,2.4,-0.1,0.00,0.00,0.00,3,94,0,5,94,12.7,327,325,23.2,26.3,0,0.00,1014.0,999.4
2023-11-26T00:00,2.8,0.00,94,2.0,-0.4,0.00,0.00,0.00,1,37,0,0,37,9.7,320,318,20.2,25.6,0,0.00,1014.6,999.9
2023-11-26T01:00,2.1,0.00,95,1.5,-0.9,0.00,0.00,0.00,1,36,0,2,36,7.6,319,315,19.1,19.8,0,0.00,1015.1,1000.4
2023-11-26T02:00,1.2,0.00,95,0.6,-1.6,0.00,0.00,0.00,0,3,0,3,0,5.4,314,312,15.5,14.8,0,0.00,1015.8,1001.0
2023-11-26T03:00,0.4,0.00,96,-0.1,-2.7,0.00,0.00,0.00,0,12,0,1,11,6.1,307,298,12.1,11.2,0,0.00,1016.3,1001.5
2023-11-26T04:00,0.1,0.00,97,-0.4,-3.0,0.00,0.00,0.00,1,22,0,0,22,6.0,303,303,12.0,10.8,0,0.00,1016.4,1001.5
2023-11-26T05:00,-0.0,0.00,97,-0.5,-3.1,0.00,0.00,0.00,1,25,0,8,18,5.8,308,300,12.8,10.4,0,0.00,1016.8,1001.9
2023-11-26T06:00,0.4,0.10,96,-0.1,-2.4,0.10,0.00,0.00,51,68,0,35,50,4.8,300,283,13.7,10.4,0,0.00,1017.4,1002.5
2023-11-26T07:00,0.5,0.20,96,0.0,-2.4,0.20,0.00,0.00,51,58,21,1,46,5.6,321,315,10.2,10.8,0,0.00,1017.7,1002.8
2023-11-26T08:00,0.5,0.00,96,-0.1,-2.2,0.00,0.00,0.00,3,96,67,0,88,4.2,295,239,8.4,10.1,1,0.00,1018.1,1003.2
2023-11-26T09:00,1.6,0.00,95,0.9,-0.9,0.00,0.00,0.00,3,100,99,0,90,3.0,265,194,7.6,8.3,1,249.10,1018.5,1003.7
2023-11-26T10:00,2.7,0.00,94,1.9,0.2,0.00,0.00,0.00,3,100,98,49,86,4.7,241,212,8.2,11.5,1,1214.60,1018.5,1003.7
2023-11-26T11:00,3.7,0.00,89,2.0,0.9,0.00,0.00,0.00,3,100,100,93,62,6.9,234,231,9.8,16.6,1,1466.97,1018.4,1003.7
2023-11-26T12:00,4.3,0.00,86,2.1,1.0,0.00,0.00,0.00,3,100,100,99,54,9.8,235,234,13.7,21.2,1,0.00,1017.9,1003.2
2023-11-26T13:00,4.7,0.10,82,1.9,0.9,0.10,0.00,0.00,51,100,100,100,100,13.1,239,238,18.9,27.4,1,0.00,1017.8,1003.2
2023-11-26T14:00,5.5,0.10,82,2.7,1.9,0.10,0.00,0.00,51,100,93,100,100,12.7,242,241,18.7,29.9,1,0.00,1017.8,1003.2
2023-11-26T15:00,5.4,0.10,85,3.0,2.0,0.10,0.00,0.00,51,99,37,94,94,12.0,235,231,20.2,30.6,1,0.00,1017.3,1002.7
2023-11-26T16:00,5.0,0.10,85,2.7,1.7,0.10,0.00,0.00,51,100,35,98,98,11.6,236,234,20.8,24.8,1,0.00,1017.2,1002.6
2023-11-26T17:00,4.5,0.10,87,2.6,1.0,0.10,0.00,0.00,51,100,44,99,100,12.2,229,225,22.5,24.1,0,0.00,1017.1,1002.5
2023-11-26T18:00,4.2,0.00,89,2.6,0.5,0.00,0.00,0.00,3,100,31,100,100,13.6,233,230,24.2,27.4,0,0.00,1017.2,1002.5
2023-11-26T19:00,3.8,0.00,93,2.7,0.3,0.00,0.00,0.00,3,100,18,100,100,12.3,236,232,22.6,27.4,0,0.00,1017.3,1002.6
2023-11-26T20:00,3.7,0.10,93,2.7,0.3,0.10,0.00,0.00,51,100,12,100,100,12.0,232,229,21.5,25.2,0,0.00,1017.3,1002.6
2023-11-26T21:00,3.8,0.20,92,2.7,0.3,0.20,0.00,0.00,51,100,19,100,97,12.7,228,225,22.7,25.2,0,0.00,1017.2,1002.5
2023-11-26T22:00,3.7,0.20,93,2.6,0.2,0.20,0.00,0.00,51,100,30,100,53,12.2,231,227,22.3,26.3,0,0.00,1016.7,1002.0
2023-11-26T23:00,3.4,0.00,91,2.1,0.0,0.00,0.00,0.00,3,100,100,100,27,11.0,233,229,20.3,24.8,0,0.00,1016.4,1001.7
2023-11-27T00:00,3.2,0.00,91,1.9,-0.0,0.00,0.00,0.00,3,100,100,99,17,9.8,236,234,18.7,22.7,0,0.00,1015.9,1001.2
2023-11-27T01:00,2.6,0.00,94,1.8,-0.2,0.00,0.00,0.00,3,100,100,94,32,6.9,229,219,16.6,20.2,0,0.00,1015.2,1000.5
2023-11-27T02:00,2.6,0.00,96,2.0,-0.3,0.00,0.00,0.00,3,100,100,76,26,7.4,220,209,17.9,16.6,0,0.00,1014.6,999.9
2023-11-27T03:00,2.5,0.00,95,1.8,-0.6,0.00,0.00,0.00,3,100,100,72,100,8.2,216,203,18.3,16.9,0,0.00,1013.9,999.2
2023-11-27T04:00,2.8,0.00,94,2.0,-0.4,0.00,0.00,0.00,3,100,100,100,32,9.7,213,202,19.0,19.4,0,0.00,1012.9,998.2
2023-11-27T05:00,2.6,0.00,94,1.7,-0.7,0.00,0.00,0.00,3,100,100,100,11,10.2,210,198,20.3,20.9,0,0.00,1012.2,997.5
2023-11-27T06:00,2.3,0.00,94,1.5,-1.1,0.00,0.00,0.00,3,100,100,100,6,10.4,208,194,20.8,21.2,0,0.00,1011.8,997.1
2023-11-27T07:00,2.2,0.00,94,1.3,-1.2,0.00,0.00,0.00,3,100,100,100,12,10.5,203,188,21.1,22.0,0,0.00,1010.9,996.2
2023-11-27T08:00,2.4,0.00,92,1.3,-1.0,0.00,0.00,0.00,3,100,100,100,14,10.1,198,182,20.0,21.6,1,0.00,1010.3,995.6
2023-11-27T09:00,2.8,0.20,91,1.5,-0.8,0.20,0.00,0.00,51,100,100,100,36,11.6,198,187,20.8,23.4,1,0.00,1009.6,995.0
2023-11-27T10:00,3.1,0.30,92,1.9,-0.6,0.30,0.00,0.00,51,100,100,100,100,13.4,197,194,20.4,28.1,1,0.00,1008.7,994.1
2023-11-27T11:00,3.3,0.40,91,1.9,-0.3,0.40,0.00,0.00,51,100,100,100,81,12.3,192,187,19.8,27.7,1,0.00,1007.7,993.1
2023-11-27T12:00,3.8,0.40,87,1.9,0.1,0.40,0.00,0.00,51,100,100,100,82,12.3,206,201,21.6,27.0,1,0.00,1006.3,991.8
2023-11-27T13:00,3.9,0.50,86,1.8,-0.1,0.50,0.00,0.00,53,100,100,100,74,15.1,210,208,24.2,31.7,1,0.00,1004.9,990.4
2023-11-27T14:00,3.3,0.60,89,1.7,-0.9,0.60,0.00,0.00,53,100,100,100,100,16.4,215,213,25.6,33.8,1,0.00,1003.3,988.8
2023-11-27T15:00,2.8,0.70,92,1.7,-1.3,0.70,0.00,0.00,53,100,100,100,100,15.5,210,208,24.2,34.2,1,0.00,1001.8,987.3
2023-11-27T16:00,2.3,0.90,97,1.9,-1.6,0.90,0.00,0.00,53,100,100,100,88,14.2,211,207,23.4,32.4,1,0.00,1000.9,986.4
2023-11-27T17:00,2.3,0.80,98,1.9,-1.4,0.80,0.00,0.00,53,100,100,100,100,12.9,212,207,23.0,29.5,0,0.00,999.9,985.4
2023-11-27T18:00,2.4,1.00,98,2.1,-1.4,1.00,0.00,0.00,55,100,100,100,100,13.4,217,211,22.9,28.4,0,0.00,998.9,984.4
2023-11-27T19:00,2.3,1.20,99,2.1,-1.3,0.90,0.00,0.21,73,100,100,100,100,12.6,214,207,23.4,28.4,0,0.00,998.0,983.5
2023-11-27T20:00,2.8,0.70,97,2.4,-1.2,0.70,0.01,0.00,53,100,100,100,100,15.8,221,215,27.6,32.0,0,0.00,997.1,982.7
2023-11-27T21:00,3.2,0.60,95,2.4,-1.1,0.60,0.01,0.00,53,100,100,100,100,17.3,226,223,29.8,36.0,0,0.00,996.0,981.6
2023-11-27T22:00,3.3,0.40,95,2.5,-1.1,0.40,0.02,0.00,51,100,100,100,100,18.3,229,227,31.1,38.2,0,0.00,995.3,980.9
2023-11-27T23:00,3.2,0.20,96,2.6,-1.3,0.20,0.02,0.00,51,100,100,100,100,19.4,228,227,33.7,40.3,0,0.00,994.9,980.5
2023-11-28T00:00,3.7,0.10,95,3.0,-0.9,0.10,0.02,0.00,51,100,59,100,100,20.4,226,224,35.6,42.1,0,0.00,994.2,979.8
2023-11-28T01:00,4.2,0.00,93,3.1,-0.4,0.00,0.02,0.00,3,100,89,87,100,20.6,226,224,35.4,42.8,0,0.00,993.7,979.4
2023-11-28T02:00,3.6,0.90,95,2.9,-0.2,0.90,0.02,0.00,53,100,95,100,100,15.1,232,230,29.2,32.0,0,0.00,993.3,979.0
2023-11-28T03:00,4.1,0.60,95,3.3,0.4,0.60,0.02,0.00,53,100,100,100,100,14.6,234,232,27.3,31.7,0,0.00,993.0,978.7
2023-11-28T04:00,4.4,2.10,95,3.7,0.8,2.10,0.02,0.00,61,100,100,100,100,13.9,234,233,25.8,30.6,0,0.00,992.6,978.3
2023-11-28T05:00,4.6,1.90,95,3.8,1.1,1.90,0.02,0.00,61,100,27,98,100,13.6,258,248,24.6,28.8,0,0.00,992.4,978.1
2023-11-28T06:00,4.0,0.10,91,2.6,-0.9,0.10,0.02,0.00,51,100,1,100,99,21.8,304,301,35.7,43.6,0,0.00,993.2,978.9
2023-11-28T07:00,2.5,0.20,95,1.8,-2.5,0.20,0.01,0.00,51,100,32,100,100,21.4,318,315,34.9,44.6,0,0.00,994.4,980.0
2023-11-28T08:00,1.9,0.20,95,1.2,-2.7,0.20,0.01,0.00,51,100,32,100,100,17.9,324,320,30.4,43.9,1,0.00,996.1,981.6
2023-11-28T09:00,1.9,0.20,95,1.3,-2.7,0.20,0.01,0.00,51,100,0,100,100,18.2,329,322,32.5,38.9,1,0.00,997.8,983.3
2023-11-28T10:00,2.0,0.20,95,1.3,-2.8,0.20,0.01,0.00,51,100,18,100,100,19.6,330,328,31.4,40.3,1,0.00,999.3,984.8
2023-11-28T11:00,1.9,0.10,88,0.2,-3.3,0.10,0.01,0.00,51,100,0,100,100,21.3,335,334,32.1,46.4,1,0.00,1001.0,986.5
2023-11-28T12:00,1.8,0.00,85,-0.5,-3.3,0.00,0.01,0.00,3,100,0,82,100,20.3,334,333,30.1,46.4,1,0.00,1002.2,987.6
2023-11-28T13:00,2.2,0.00,80,-0.9,-2.9,0.00,0.01,0.00,3,100,0,2,100,19.0,332,331,28.2,44.3,1,0.00,1003.2,988.6
2023-11-28T14:00,2.3,0.00,78,-1.2,-2.5,0.00,0.01,0.00,3,100,0,0,100,17.4,322,320,26.1,38.9,1,0.00,1004.8,990.2
2023-11-28T15:00,2.1,0.00,76,-1.7,-2.8,0.00,0.01,0.00,3,100,0,0,100,16.9,322,320,26.1,37.8,1,0.00,1005.7,991.1
2023-11-28T16:00,1.8,0.00,76,-2.0,-2.8,0.00,0.01,0.00,3,100,0,0,100,15.3,322,321,23.6,36.4,1,0.00,1006.8,992.2
2023-11-28T17:00,1.4,0.00,76,-2.3,-3.1,0.00,0.01,0.00,3,100,0,0,100,14.0,323,318,23.1,31.0,0,0.00,1007.9,993.2
2023-11-28T18:00,0.9,0.00,72,-3.5,-4.1,0.00,0.01,0.00,3,95,0,0,95,16.8,327,325,26.3,34.2,0,0.00,1008.9,994.2
2023-11-28T19:00,0.3,0.00,70,-4.5,-4.4,0.00,0.01,0.00,1,35,0,0,35,13.5,329,326,21.8,34.6,0,0.00,1009.5,994.7
2023-11-28T20:00,-1.5,0.00,80,-4.4,-5.0,0.00,0.01,0.00,0,6,0,0,6,5.4,324,318,14.2,27.4,0,0.00,1010.1,995.2
2023-11-28T21:00,-1.0,0.00,78,-4.3,-4.1,0.00,0.01,0.00,2,51,0,0,51,2.7,307,247,5.4,10.8,0,0.00,1010.5,995.7
2023-11-28T22:00,-2.8,0.00,85,-4.9,-6.3,0.00,0.01,0.00,2,75,0,0,75,5.2,227,192,6.4,7.2,0,0.00,1010.7,995.8
2023-11-28T23:00,-2.1,0.00,86,-4.1,-5.5,0.00,0.01,0.00,3,94,0,0,94,4.7,218,184,13.3,9.0,0,0.00,1010.8,995.9
2023-11-29T00:00,-1.2,0.00,80,-4.2,-5.1,0.00,0.01,0.00,2,72,0,0,72,8.7,220,210,19.4,17.3,0,0.00,1010.7,995.9
2023-11-29T01:00,-1.5,0.00,80,-4.6,-5.5,0.00,0.01,0.00,0,10,0,0,10,8.4,221,211,19.1,18.0,0,0.00,1010.5,995.6
2023-11-29T02:00,-2.6,0.00,87,-4.5,-6.2,0.00,0.01,0.00,0,0,0,0,0,5.6,241,220,15.6,14.0,0,0.00,1010.1,995.2
2023-11-29T03:00,-3.0,0.00,86,-5.0,-6.6,0.00,0.01,0.00,0,0,0,0,0,5.9,243,223,16.6,11.9,0,0.00,1009.9,995.0
2023-11-29T04:00,-2.7,0.00,86,-4.7,-6.6,0.00,0.01,0.00,0,16,0,0,16,7.4,226,209,19.6,14.8,0,0.00,1009.3,994.4
2023-11-29T05:00,-2.1,0.00,90,-3.6,-6.0,0.00,0.01,0.00,3,81,0,41,72,8.4,221,200,20.4,17.3,0,0.00,1008.7,993.8
2023-11-29T06:00,-0.8,0.00,89,-2.3,-4.8,0.00,0.01,0.00,3,86,0,54,85,10.6,220,208,22.2,21.6,0,0.00,1008.2,993.4
2023-11-29T07:00,0.3,0.00,85,-2.0,-4.2,0.00,0.01,0.00,3,90,0,75,70,13.9,222,217,25.7,28.4,0,0.00,1007.9,993.2
2023-11-29T08:00,0.3,0.20,84,-2.1,-4.2,0.00,0.02,0.14,71,99,0,30,98,14.2,221,216,26.3,29.5,1,0.00,1007.9,993.2
2023-11-29T09:00,1.1,0.80,79,-2.1,-3.7,0.00,0.02,0.56,73,96,0,23,95,16.3,220,215,27.6,33.5,1,0.00,1007.9,993.2
2023-11-29T10:00,1.9,0.50,77,-1.7,-2.8,0.00,0.02,0.35,73,100,0,62,100,15.8,226,225,24.7,36.4,1,0.00,1007.8,993.2
2023-11-29T11:00,2.0,0.00,78,-1.4,-2.8,0.00,0.02,0.00,3,100,0,23,100,17.2,210,206,27.4,37.1,1,0.00,1007.6,993.0
2023-11-29T12:00,2.8,0.00,76,-1.0,-2.6,0.00,0.02,0.00,3,100,0,12,100,21.2,221,222,31.9,42.1,1,0.00,1006.9,992.3
2023-11-29T13:00,3.5,0.00,75,-0.6,-2.2,0.00,0.02,0.00,3,100,11,48,100,23.8,238,238,35.8,48.6,1,0.00,1006.4,991.9
2023-11-29T14:00,3.1,0.00,82,0.3,-1.7,0.00,0.02,0.00,1,46,20,5,30,18.6,226,226,29.0,46.8,1,0.00,1006.2,991.6
2023-11-29T15:00,3.2,0.00,83,0.6,-1.3,0.00,0.02,0.00,3,94,90,14,37,17.1,227,226,27.0,40.0,1,3600.00,1006.1,991.6
2023-11-29T16:00,2.5,0.00,88,0.8,-1.6,0.00,0.02,0.00,3,98,96,38,42,14.3,230,227,25.5,34.9,1,2171.86,1006.2,991.6
2023-11-29T17:00,1.9,0.00,94,1.0,-1.8,0.00,0.02,0.00,3,99,96,62,44,12.1,222,217,23.7,29.2,0,0.00,1006.2,991.6
2023-11-29T18:00,1.8,0.00,95,1.1,-1.7,0.00,0.02,0.00,3,100,100,99,61,10.7,229,222,21.9,24.8,0,0.00,1006.2,991.6
2023-11-29T19:00,2.0,0.20,93,1.0,-1.0,0.20,0.02,0.00,51,100,100,97,66,7.1,225,210,15.8,22.0,0,0.00,1006.2,991.6
2023-11-29T20:00,1.7,0.30,95,1.0,-0.9,0.20,0.02,0.07,71,100,97,100,95,4.0,224,180,11.5,15.1,0,0.00,1006.3,991.7
2023-11-29T21:00,2.1,0.10,94,1.2,-0.6,0.10,0.02,0.00,51,100,83,100,67,5.4,217,176,12.1,11.5,0,0.00,1006.1,991.5
2023-11-29T22:00,2.2,0.10,94,1.3,-0.7,0.10,0.02,0.00,51,100,100,100,55,6.8,197,162,13.6,13.3,0,0.00,1005.6,991.0
2023-11-29T23:00,2.2,0.00,93,1.1,-0.8,0.00,0.02,0.00,3,100,100,90,32,7.3,191,160,14.7,14.0,0,0.00,1005.2,990.6
2023-11-30T00:00,1.0,0.00,94,0.1,-1.8,0.00,0.02,0.00,3,100,97,42,77,5.1,202,172,14.7,14.4,0,0.00,1005.3,990.6
2023-11-30T01:00,1.0,0.00,92,-0.2,-1.8,0.00,0.02,0.00,3,97,93,13,42,4.3,212,175,12.8,11.2,0,0.00,1005.2,990.5
2023-11-30T02:00,1.7,0.00,90,0.2,-1.3,0.00,0.02,0.00,3,100,100,6,100,6.2,195,170,14.1,15.1,0,0.00,1004.8,990.2
2023-11-30T03:00,1.8,0.00,88,0.0,-1.2,0.00,0.02,0.00,3,100,96,1,100,6.0,182,147,12.6,12.6,0,0.00,1004.4,989.8
2023-11-30T04:00,1.7,0.00,88,-0.1,-1.4,0.00,0.02,0.00,3,100,100,9,85,6.4,171,142,13.5,13.0,0,0.00,1003.9,989.3
2023-11-30T05:00,1.3,0.00,89,-0.3,-1.8,0.00,0.02,0.00,3,98,96,29,28,6.2,154,126,12.4,13.0,0,0.00,1003.5,988.9
2023-11-30T06:00,0.4,0.00,91,-0.9,-2.7,0.00,0.02,0.00,0,2,2,0,0,5.9,134,104,12.0,11.9,0,0.00,1003.2,988.5
2023-11-30T07:00,-1.1,0.00,92,-2.3,-4.4,0.00,0.02,0.00,3,82,75,26,0,6.1,120,93,12.4,11.9,0,0.00,1002.7,988.0
2023-11-30T08:00,-1.2,0.00,92,-2.4,-4.7,0.00,0.02,0.00,3,90,54,77,0,6.5,106,93,15.7,12.6,1,0.00,1002.5,987.8
2023-11-30T09:00,0.1,0.00,89,-1.6,-3.7,0.00,0.02,0.00,3,99,93,89,0,9.8,107,96,20.4,18.4,1,261.80,1002.4,987.7
2023-11-30T10:00,1.9,0.00,85,-0.4,-2.0,0.00,0.02,0.00,3,100,100,99,0,11.3,106,99,21.8,20.9,1,931.14,1002.2,987.6
2023-11-30T11:00,3.2,0.00,80,0.1,0.2,0.00,0.02,0.00,3,95,24,95,0,6.1,107,93,19.2,19.8,1,714.11,1001.8,987.3
2023-11-30T12:00,4.5,0.00,71,-0.3,1.5,0.00,0.02,0.00,3,88,0,88,0,5.9,106,104,9.3,15.1,1,3600.00,1001.1,986.7
2023-11-30T13:00,5.1,0.00,66,-0.7,2.3,0.00,0.02,0.00,3,100,100,99,0,3.7,102,101,5.2,15.1,1,3600.00,1000.9,986.5
2023-11-30T14:00,4.6,0.00,69,-0.6,1.8,0.00,0.02,0.00,3,99,0,99,0,4.1,104,105,5.9,15.1,1,3600.00,1000.5,986.1
2023-11-30T15:00,4.1,0.00,79,0.8,1.9,0.00,0.02,0.00,3,100,0,100,0,1.1,81,18,2.2,11.5,1,0.00,1000.7,986.3
2023-11-30T16:00,3.5,0.00,80,0.3,0.9,0.00,0.02,0.00,2,58,0,58,0,3.1,68,36,3.9,3.2,1,0.00,1000.5,986.0
2023-11-30T17:00,1.8,0.00,82,-0.9,-1.2,0.00,0.02,0.00,3,99,88,95,0,5.4,66,42,6.3,6.1,0,0.00,1000.7,986.2
2023-11-30T18:00,1.8,0.00,84,-0.6,-1.0,0.00,0.02,0.00,3,100,100,97,0,3.8,90,73,4.3,7.2,0,0.00,1001.0,986.5
2023-11-30T19:00,1.4,0.00,86,-0.6,-1.3,0.00,0.02,0.00,3,100,100,99,0,3.2,135,117,2.5,5.8,0,0.00,1001.1,986.5
2023-11-30T20:00,1.3,0.00,87,-0.5,-1.3,0.00,0.02,0.00,3,100,100,100,0,2.7,180,113,2.2,4.7,0,0.00,1001.4,986.8
2023-11-30T21:00,0.8,0.00,91,-0.5,-1.7,0.00,0.02,0.00,3,100,100,100,0,2.2,90,99,0.4,3.6,0,0.00,1001.3,986.7
2023-11-30T22:00,0.9,0.00,91,-0.3,-1.7,0.00,0.02,0.00,3,100,100,100,0,2.9,73,97,3.8,4.7,0,0.00,1001.2,986.6
2023-11-30T23:00,0.6,0.00,93,-0.5,-2.2,0.00,0.02,0.00,3,100,99,100,0,3.6,98,96,2.5,5.4,0,0.00,1001.5,986.9
2023-12-01T00:00,0.5,0.00,93,-0.5,-2.1,0.00,0.02,0.00,3,100,100,100,0,2.9,63,60,4.0,5.4,0,0.00,1001.7,987.1
2023-12-01T01:00,0.4,0.00,94,-0.5,-2.3,0.00,0.02,0.00,3,100,100,100,0,3.4,40,58,2.8,5.4,0,0.00,1002.0,987.4
2023-12-01T02:00,0.7,0.00,89,-0.8,-1.9,0.00,0.02,0.00,3,100,100,100,0,2.5,18,8,6.8,7.2,0,0.00,1002.1,987.5
2023-12-01T03:00,0.8,0.10,89,-0.8,-2.2,0.00,0.02,0.07,71,100,100,100,0,4.7,17,9,10.9,8.6,0,0.00,1002.3,987.7
2023-12-01T04:00,0.8,0.20,90,-0.6,-2.3,0.00,0.02,0.14,71,100,100,100,0,5.8,27,22,13.4,11.5,0,0.00,1002.2,987.6
2023-12-01T05:00,0.9,0.20,93,-0.2,-1.9,0.00,0.02,0.14,71,100,100,100,4,3.9,39,22,9.7,11.5,0,0.00,1002.2,987.6
2023-12-01T06:00,0.7,0.30,96,0.1,-1.8,0.10,0.02,0.14,71,100,100,100,16,2.9,39,7,7.4,7.6,0,0.00,1002.4,987.8
2023-12-01T07:00,0.6,0.30,97,0.2,-2.0,0.10,0.03,0.14,71,100,100,99,18,3.2,34,360,6.5,6.1,0,0.00,1003.0,988.4
2023-12-01T08:00,0.7,0.10,96,0.2,-2.3,0.00,0.03,0.07,71,100,100,99,60,5.9,13,349,9.3,10.4,1,0.00,1003.3,988.7
2023-12-01T09:00,0.9,0.00,94,0.1,-2.0,0.00,0.03,0.00,3,100,100,100,74,5.5,15,349,10.8,12.2,1,0.00,1003.8,989.2
2023-12-01T10:00,1.3,0.00,91,-0.0,-1.9,0.00,0.03,0.00,3,100,85,100,25,6.9,22,6,11.6,14.0,1,0.00,1003.6,989.0
2023-12-01T11:00,2.1,0.00,86,-0.0,-1.1,0.00,0.03,0.00,3,100,99,100,33,7.2,22,18,10.5,15.8,1,0.00,1004.0,989.4
2023-12-01T12:00,2.6,0.00,84,0.1,-0.8,0.00,0.03,0.00,3,100,100,100,48,8.2,28,23,12.2,17.6,1,0.00,1003.6,989.1
2023-12-01T13:00,3.0,0.00,82,0.2,-0.4,0.00,0.03,0.00,3,100,100,100,41,9.3,20,16,12.6,19.8,1,0.00,1003.0,988.5
2023-12-01T14:00,2.8,0.10,82,-0.1,-1.0,0.10,0.03,0.00,51,100,100,100,98,10.8,33,30,15.4,23.0,1,0.00,1004.1,989.6
2023-12-01T15:00,2.4,0.10,84,-0.1,-1.2,0.10,0.03,0.00,51,100,100,100,98,10.0,24,21,15.0,23.0,1,0.00,1003.9,989.3
2023-12-01T16:00,2.1,0.20,87,0.1,-1.2,0.20,0.03,0.00,51,100,100,100,84,8.0,19,10,14.1,20.5,1,0.00,1004.4,989.8
2023-12-01T17:00,1.7,0.10,90,0.2,-1.6,0.10,0.03,0.00,51,100,100,100,94,8.3,16,5,15.7,17.3,0,0.00,1004.3,989.7
2023-12-01T18:00,1.6,0.20,90,0.2,-1.8,0.10,0.03,0.07,71,100,100,100,100,8.5,25,12,15.1,16.9,0,0.00,1004.5,989.9
2023-12-01T19:00,1.5,0.10,89,-0.1,-1.9,0.00,0.03,0.07,71,100,100,100,100,8.1,33,21,15.1,17.6,0,0.00,1004.5,989.9
2023-12-01T20:00,1.4,0.10,88,-0.3,-1.8,0.00,0.03,0.07,71,100,100,100,100,7.3,37,20,13.9,15.8,0,0.00,1004.7,990.1
2023-12-01T21:00,1.3,0.10,88,-0.5,-1.9,0.00,0.03,0.07,71,100,100,100,100,6.3,31,13,12.6,14.4,0,0.00,1005.1,990.5
2023-12-01T22:00,1.1,0.20,88,-0.7,-2.3,0.00,0.03,0.14,71,100,100,100,100,7.8,31,13,14.7,15.5,0,0.00,1005.2,990.6
2023-12-01T23:00,0.9,0.10,86,-1.1,-2.7,0.00,0.03,0.07,71,100,40,100,100,9.3,25,13,16.3,18.4,0,0.00,1005.1,990.4
2023-12-02T00:00,0.7,0.10,85,-1.5,-2.9,0.00,0.03,0.07,71,100,16,100,100,8.8,22,12,15.5,18.7,0,0.00,1005.5,990.8
2023-12-02T01:00,0.5,0.10,85,-1.8,-3.3,0.00,0.03,0.07,71,100,7,100,100,9.2,19,11,15.6,19.1,0,0.00,1005.6,990.9
2023-12-02T02:00,-0.1,0.00,85,-2.3,-4.1,0.00,0.03,0.00,3,100,91,100,99,10.8,7,2,17.1,23.8,0,0.00,1005.9,991.2
2023-12-02T03:00,-0.3,0.00,85,-2.5,-4.5,0.00,0.03,0.00,3,100,73,100,100,12.0,359,353,18.7,24.1,0,0.00,1006.2,991.5
2023-12-02T04:00,-0.6,0.00,84,-2.9,-4.9,0.00,0.03,0.00,3,100,5,94,100,12.0,357,353,18.4,25.2,0,0.00,1006.7,991.9
2023-12-02T05:00,-0.8,0.00,84,-3.2,-5.2,0.00,0.03,0.00,3,100,16,100,99,12.0,357,351,18.4,24.1,0,0.00,1007.0,992.2
2023-12-02T06:00,-1.2,0.10,83,-3.7,-5.9,0.00,0.03,0.07,71,100,13,100,100,13.9,348,343,21.7,28.4,0,0.00,1007.5,992.7
2023-12-02T07:00,-1.6,0.10,83,-4.1,-6.4,0.00,0.03,0.07,71,100,80,100,100,14.1,349,345,22.4,29.9,0,0.00,1008.0,993.2
2023-12-02T08:00,-1.9,0.00,81,-4.6,-6.6,0.00,0.03,0.00,3,100,100,88,100,13.2,355,349,20.2,29.2,0,0.00,1009.0,994.1
2023-12-02T09:00,-2.1,0.00,80,-5.1,-6.9,0.00,0.03,0.00,3,100,99,78,100,13.1,356,351,19.5,27.4,1,0.00,1010.2,995.3
2023-12-02T10:00,-2.4,0.00,79,-5.5,-7.4,0.00,0.03,0.00,3,100,88,5,100,14.8,352,347,21.4,31.3,1,0.00,1010.9,996.0
2023-12-02T11:00,-2.3,0.00,77,-5.7,-7.5,0.00,0.03,0.00,3,100,43,0,100,15.9,350,347,22.3,34.2,1,3458.93,1011.6,996.7
2023-12-02T12:00,-2.1,0.00,76,-5.8,-7.1,0.00,0.03,0.00,3,91,0,0,91,14.6,352,350,20.0,34.2,1,3087.79,1012.2,997.3
2023-12-02T13:00,-1.7,0.00,75,-5.6,-6.5,0.00,0.03,0.00,3,100,0,0,100,13.1,346,344,18.2,31.7,1,3600.00,1012.7,997.8
2023-12-02T14:00,-2.1,0.00,75,-5.9,-6.7,0.00,0.03,0.00,3,100,0,0,100,11.8,333,333,16.1,28.4,1,0.00,1014.3,999.3
2023-12-02T15:00,-2.1,0.00,74,-6.2,-6.8,0.00,0.03,0.00,3,100,0,0,100,12.0,328,327,16.5,27.0,1,0.00,1015.5,1000.5
2023-12-02T16:00,-2.2,0.00,73,-6.3,-6.7,0.00,0.03,0.00,3,100,0,0,100,11.0,322,322,15.6,25.9,1,0.00,1016.3,1001.3
2023-12-02T17:00,-2.2,0.00,73,-6.4,-6.6,0.00,0.03,0.00,3,95,0,0,95,9.9,315,314,14.8,23.4,0,0.00,1017.4,1002.4
2023-12-02T18:00,-2.3,0.00,75,-6.2,-6.2,0.00,0.03,0.00,3,84,0,0,84,6.6,313,311,12.2,20.9,0,0.00,1018.2,1003.2
2023-12-02T19:00,-2.3,0.00,76,-5.9,-6.1,0.00,0.03,0.00,2,62,0,0,62,6.6,302,299,12.3,14.0,0,0.00,1019.0,1004.0
2023-12-02T20:00,-2.8,0.00,81,-5.6,-6.4,0.00,0.03,0.00,2,70,0,0,70,5.1,278,266,12.4,13.3,0,0.00,1019.8,1004.7
2023-12-02T21:00,-2.9,0.00,83,-5.4,-6.7,0.00,0.03,0.00,3,86,0,0,86,6.2,261,249,14.6,12.2,0,0.00,1020.6,1005.5
2023-12-02T22:00,-2.6,0.00,80,-5.6,-6.4,0.00,0.03,0.00,2,76,0,1,76,6.2,252,234,12.9,14.0,0,0.00,1021.5,1006.4
2023-12-02T23:00,-2.6,0.00,78,-5.9,-6.4,0.00,0.03,0.00,2,71,0,0,71,6.2,234,216,12.9,13.0,0,0.00,1022.0,1006.9
2023-12-03T00:00,-3.6,0.00,83,-6.0,-7.5,0.00,0.03,0.00,2,73,0,0,73,7.2,221,207,16.3,14.4,0,0.00,1022.6,1007.4
2023-12-03T01:00,-3.4,0.00,83,-5.9,-7.5,0.00,0.03,0.00,1,46,0,1,46,8.5,220,208,16.9,17.6,0,0.00,1023.2,1008.0
2023-12-03T02:00,-3.3,0.00,81,-6.1,-7.5,0.00,0.03,0.00,1,48,0,0,48,8.9,225,220,17.8,19.4,0,0.00,1023.4,1008.2
2023-12-03T03:00,-3.7,0.00,83,-6.1,-8.0,0.00,0.03,0.00,1,35,0,0,35,9.0,225,217,18.3,18.7,0,0.00,1024.0,1008.8
2023-12-03T04:00,-4.1,0.00,86,-6.1,-8.3,0.00,0.03,0.00,1,33,0,0,33,8.8,223,215,18.8,18.4,0,0.00,1024.3,1009.1
2023-12-03T05:00,-4.2,0.00,87,-6.1,-8.4,0.00,0.03,0.00,1,32,0,0,32,8.5,220,208,19.2,17.3,0,0.00,1024.5,1009.3
2023-12-03T06:00,-4.2,0.00,87,-6.1,-8.4,0.00,0.03,0.00,1,41,0,0,41,8.8,225,215,19.9,17.6,0,0.00,1025.0,1009.8
2023-12-03T07:00,-4.2,0.00,87,-6.1,-8.3,0.00,0.03,0.00,1,40,0,0,40,8.2,227,218,19.1,17.6,0,0.00,1025.1,1009.9
2023-12-03T08:00,-4.2,0.00,86,-6.1,-8.1,0.00,0.03,0.00,0,18,0,0,18,7.2,223,207,18.1,16.2,0,0.00,1025.6,1010.4
2023-12-03T09:00,-3.1,0.00,79,-6.2,-7.4,0.00,0.03,0.00,0,0,0,0,0,9.4,217,203,18.0,17.6,1,1092.03,1025.9,1010.7
2023-12-03T10:00,-1.7,0.00,70,-6.5,-6.2,0.00,0.03,0.00,0,0,0,0,0,10.2,208,203,15.5,22.7,1,3600.00,1025.8,1010.7
2023-12-03T11:00,-0.8,0.00,63,-7.1,-5.3,0.00,0.03,0.00,0,0,0,0,0,10.1,210,207,14.2,24.5,1,3600.00,1025.8,1010.7
2023-12-03T12:00,-0.3,0.00,62,-6.6,-4.6,0.00,0.03,0.00,0,5,0,2,3,9.4,204,203,12.6,24.5,1,3600.00,1025.5,1010.5
2023-12-03T13:00,-0.0,0.00,69,-5.0,-3.9,0.00,0.03,0.00,1,24,3,19,4,7.6,198,199,10.2,23.4,1,3600.00,1025.1,1010.1
2023-12-03T14:00,0.3,0.00,70,-4.6,-3.6,0.00,0.03,0.00,1,23,10,9,5,8.0,191,190,11.0,21.6,1,3600.00,1025.1,1010.1
2023-12-03T15:00,0.1,0.00,72,-4.4,-3.7,0.00,0.03,0.00,2,70,1,68,2,7.2,174,174,10.1,19.1,1,3600.00,1024.6,1009.6
2023-12-03T16:00,-1.4,0.00,81,-4.2,-4.8,0.00,0.03,0.00,0,15,15,3,0,4.4,158,145,11.3,15.5,1,2952.51,1024.5,1009.4
2023-12-03T17:00,-2.4,0.00,83,-5.0,-6.2,0.00,0.03,0.00,1,35,25,14,0,6.7,147,126,15.1,12.6,0,0.00,1024.4,1009.3
2023-12-03T18:00,-2.8,0.00,84,-5.1,-6.8,0.00,0.03,0.00,2,60,58,5,0,7.9,130,114,18.9,14.8,0,0.00,1024.4,1009.3
2023-12-03T19:00,-2.7,0.00,81,-5.5,-7.1,0.00,0.03,0.00,2,57,57,0,0,10.7,122,110,23.5,20.5,0,0.00,1023.7,1008.6
2023-12-03T20:00,-2.6,0.00,79,-5.7,-7.2,0.00,0.03,0.00,3,100,100,18,0,12.1,124,113,24.7,23.4,0,0.00,1023.1,1008.0
2023-12-03T21:00,-2.2,0.00,76,-5.9,-6.9,0.00,0.03,0.00,3,100,100,79,0,12.1,123,113,24.2,24.5,0,0.00,1022.5,1007.4
2023-12-03T22:00,-2.3,0.00,75,-6.1,-6.9,0.00,0.03,0.00,3,85,69,55,0,11.3,121,112,23.6,23.8,0,0.00,1022.0,1006.9
2023-12-03T23:00,-2.7,0.00,77,-6.2,-7.3,0.00,0.03,0.00,3,100,100,34,1,11.8,118,110,25.0,23.0,0,0.00,1021.6,1006.5
2023-12-04T00:00,-2.6,0.00,74,-6.6,-7.4,0.00,0.03,0.00,3,97,97,10,0,12.6,119,110,25.5,24.5,0,0.00,1021.2,1006.1
2023-12-04T01:00,-2.8,0.00,72,-7.2,-7.8,0.00,0.03,0.00,3,100,100,0,0,13.5,113,106,27.1,26.3,0,0.00,1020.2,1005.1
2023-12-04T02:00,-3.5,0.00,76,-7.2,-8.6,0.00,0.03,0.00,3,99,99,6,0,14.2,111,106,28.5,28.4,0,0.00,1019.5,1004.4
2023-12-04T03:00,-3.4,0.00,73,-7.6,-8.6,0.00,0.03,0.00,3,94,92,50,0,14.2,115,111,28.5,28.4,0,0.00,1018.9,1003.8
2023-12-04T04:00,-3.0,0.00,70,-7.7,-8.3,0.00,0.03,0.00,3,100,100,85,0,15.3,114,109,30.0,30.6,0,0.00,1018.1,1003.0
2023-12-04T05:00,-2.6,0.00,68,-7.6,-7.9,0.00,0.03,0.00,3,100,100,88,0,15.5,115,112,30.1,31.3,0,0.00,1017.1,1002.1
2023-12-04T06:00,-2.3,0.00,67,-7.6,-7.5,0.00,0.03,0.00,3,100,100,98,1,14.8,121,119,28.1,31.7,0,0.00,1017.0,1002.0
2023-12-04T07:00,-2.2,0.00,65,-7.9,-7.2,0.00,0.03,0.00,3,100,100,100,3,12.7,123,119,24.8,29.5,0,0.00,1016.8,1001.8
2023-12-04T08:00,-2.1,0.00,63,-8.2,-7.2,0.00,0.03,0.00,3,100,100,100,2,13.2,120,112,24.8,25.9,0,0.00,1016.0,1001.0
2023-12-04T09:00,-1.4,0.00,58,-8.7,-6.5,0.00,0.03,0.00,3,100,100,100,1,13.2,116,116,25.3,30.6,1,0.00,1015.3,1000.4
2023-12-04T10:00,-0.6,0.00,52,-9.2,-6.0,0.00,0.03,0.00,3,100,100,100,0,14.8,117,119,23.8,30.6,1,0.00,1015.2,1000.3
2023-12-04T11:00,-0.1,0.00,49,-9.6,-5.3,0.00,0.03,0.00,3,100,100,100,10,13.0,112,109,23.3,31.3,1,0.00,1014.8,999.9
2023-12-04T12:00,0.4,0.10,48,-9.3,-4.7,0.00,0.03,0.07,71,100,100,100,15,13.1,113,106,24.2,27.4,1,0.00,1013.7,998.9
2023-12-04T13:00,0.8,0.20,50,-8.5,-4.2,0.00,0.03,0.14,71,100,100,100,47,12.8,108,101,24.9,27.4,1,0.00,1012.1,997.3
2023-12-04T14:00,-0.7,0.30,74,-4.8,-5.7,0.00,0.03,0.21,73,100,90,100,100,15.6,114,109,33.2,24.5,1,0.00,1011.7,996.9
2023-12-04T15:00,-0.3,0.30,76,-4.0,-6.0,0.10,0.03,0.14,71,100,87,100,100,21.1,121,113,39.6,40.0,1,0.00,1010.5,995.7
2023-12-04T16:00,0.5,0.30,76,-3.2,-4.9,0.10,0.03,0.14,71,100,0,100,100,19.5,125,118,36.2,41.0,1,0.00,1009.6,994.9
2023-12-04T17:00,1.1,0.20,75,-2.7,-4.3,0.20,0.04,0.00,51,100,24,100,100,19.7,128,118,36.4,39.2,0,0.00,1009.0,994.3
2023-12-04T18:00,1.5,0.70,76,-2.3,-3.9,0.10,0.04,0.42,73,77,0,73,27,20.3,126,117,36.9,41.0,0,0.00,1008.5,993.8
2023-12-04T19:00,1.6,1.80,76,-2.2,-3.7,0.00,0.04,1.26,75,61,0,45,36,19.4,121,112,35.9,40.3,0,0.00,1008.0,993.3
2023-12-04T20:00,1.6,0.00,75,-2.3,-3.6,0.00,0.04,0.00,2,52,36,21,7,18.7,125,115,35.4,38.2,0,0.00,1007.3,992.6
2023-12-04T21:00,1.1,0.00,75,-2.8,-4.0,0.00,0.04,0.00,3,100,100,100,6,17.2,130,119,34.2,36.7,0,0.00,1006.9,992.2
2023-12-04T22:00,1.6,0.10,73,-2.7,-3.4,0.10,0.04,0.00,51,100,97,100,73,16.9,133,119,32.4,34.2,0,0.00,1006.5,991.9
2023-12-04T23:00,2.1,0.30,77,-1.6,-2.6,0.30,0.04,0.00,51,100,1,100,100,15.9,135,123,30.3,33.1,0,0.00,1006.2,991.6
2023-12-05T00:00,2.3,0.10,82,-0.5,-2.1,0.10,0.04,0.00,51,100,20,100,100,15.4,141,127,28.9,30.6,0,0.00,1005.9,991.3
2023-12-05T01:00,2.5,0.40,85,0.2,-1.8,0.40,0.04,0.00,51,100,1,100,100,15.2,139,126,29.1,30.2,0,0.00,1005.8,991.2
2023-12-05T02:00,2.0,0.70,88,0.2,-1.9,0.70,0.04,0.00,53,100,1,85,100,12.4,148,120,23.8,26.3,0,0.00,1004.9,990.3
2023-12-05T03:00,2.3,0.10,92,1.1,-1.1,0.10,0.04,0.00,51,70,0,10,67,9.5,187,143,22.5,24.5,0,0.00,1005.1,990.5
2023-12-05T04:00,3.1,0.10,91,1.7,-0.3,0.10,0.04,0.00,51,81,0,8,81,10.1,204,182,26.4,22.3,0,0.00,1005.1,990.6
2023-12-05T05:00,4.0,0.00,90,2.5,0.1,0.00,0.03,0.00,3,100,0,93,100,15.0,212,204,32.7,31.0,0,0.00,1005.2,990.7
2023-12-05T06:00,4.2,2.10,90,2.8,0.0,2.00,0.03,0.07,71,99,0,85,94,17.3,209,203,33.7,37.4,0,0.00,1005.4,990.9
2023-12-05T07:00,4.1,0.20,92,2.9,-0.3,0.20,0.03,0.00,51,98,0,45,96,18.8,213,209,35.5,39.2,0,0.00,1005.7,991.2
2023-12-05T08:00,3.9,0.00,92,2.7,-0.2,0.00,0.03,0.00,3,100,0,38,100,16.6,211,204,33.1,38.9,0,0.00,1005.9,991.4
2023-12-05T09:00,4.3,0.00,92,3.0,0.3,0.00,0.03,0.00,3,100,7,34,100,16.5,209,203,32.6,34.2,1,0.00,1006.5,992.0
2023-12-05T10:00,4.8,0.00,90,3.3,0.5,0.00,0.03,0.00,3,100,2,77,100,18.7,209,205,33.4,37.1,1,0.00,1006.7,992.2
2023-12-05T11:00,5.0,0.00,90,3.5,0.7,0.00,0.03,0.00,3,100,4,17,100,18.8,211,209,33.3,39.2,1,0.00,1007.3,992.8
2023-12-05T12:00,5.3,0.00,88,3.5,1.1,0.00,0.03,0.00,3,100,68,72,100,18.4,209,206,32.2,38.2,1,0.00,1007.2,992.7
2023-12-05T13:00,5.5,0.00,87,3.5,1.2,0.00,0.02,0.00,3,100,9,100,100,18.8,211,209,32.5,38.2,1,0.00,1007.1,992.7
2023-12-05T14:00,5.6,0.20,92,4.4,1.8,0.20,0.02,0.00,51,100,0,100,100,16.6,213,210,29.7,33.5,1,0.00,1006.9,992.5
2023-12-05T15:00,5.5,0.20,93,4.4,1.7,0.20,0.02,0.00,51,100,1,100,100,16.4,217,213,29.8,34.6,1,0.00,1007.1,992.7
2023-12-05T16:00,5.2,0.40,92,4.0,1.1,0.40,0.02,0.00,51,100,67,100,100,17.8,220,216,31.9,36.4,1,0.00,1007.7,993.2
2023-12-05T17:00,4.7,0.40,92,3.5,0.5,0.40,0.02,0.00,51,100,94,100,98,18.6,219,216,32.8,38.2,0,0.00,1008.1,993.6
2023-12-05T18:00,4.3,0.20,92,3.1,-0.1,0.20,0.02,0.00,51,100,92,100,100,19.4,219,215,34.1,39.6,0,0.00,1008.5,994.0
2023-12-05T19:00,4.0,0.20,93,2.9,-0.4,0.20,0.02,0.00,51,100,44,100,100,18.9,219,215,33.3,40.0,0,0.00,1008.6,994.1
2023-12-05T20:00,3.8,0.70,94,2.8,-0.5,0.70,0.02,0.00,53,100,14,100,100,17.6,224,221,30.3,38.5,0,0.00,1009.2,994.6
2023-12-05T21:00,3.4,0.90,95,2.7,-0.6,0.90,0.02,0.00,53,100,22,100,100,16.3,226,223,29.3,35.6,0,0.00,1009.4,994.8
2023-12-05T22:00,3.4,0.40,96,2.8,-0.7,0.40,0.02,0.00,51,100,92,100,100,16.6,225,222,29.8,33.5,0,0.00,1010.0,995.4
2023-12-05T23:00,3.3,0.90,97,2.8,-0.8,0.90,0.02,0.00,53,100,82,100,100,17.1,226,224,29.8,34.2,0,0.00,1010.4,995.8
2023-12-06T00:00,3.5,1.40,96,3.0,-0.1,1.40,0.02,0.00,61,100,33,100,100,13.8,231,227,24.6,33.8,0,0.00,1010.9,996.3
2023-12-06T01:00,3.7,1.10,97,3.2,0.8,1.10,0.02,0.00,55,100,86,100,100,9.2,230,225,19.4,27.4,0,0.00,1011.0,996.4
2023-12-06T02:00,4.2,0.10,97,3.7,0.5,0.10,0.02,0.00,51,100,97,100,100,15.3,229,227,28.1,31.3,0,0.00,1010.8,996.2
2023-12-06T03:00,4.3,0.30,96,3.7,0.9,0.30,0.02,0.00,51,100,98,100,100,13.2,230,225,25.0,31.0,0,0.00,1011.2,996.6
2023-12-06T04:00,4.3,0.50,97,3.8,1.0,0.50,0.02,0.00,53,100,100,100,100,12.5,233,229,24.4,26.6,0,0.00,1011.3,996.7
2023-12-06T05:00,4.3,0.40,97,3.9,0.9,0.40,0.02,0.00,51,100,97,74,100,13.6,237,233,25.3,27.4,0,0.00,1011.4,996.8
2023-12-06T06:00,4.4,0.20,95,3.7,1.0,0.20,0.02,0.00,51,100,81,70,100,13.5,258,254,23.9,27.4,0,0.00,1011.8,997.2
2023-12-06T07:00,4.3,0.10,92,3.1,0.6,0.10,0.02,0.00,51,100,96,100,100,14.0,276,271,24.6,29.5,0,0.00,1012.5,997.9
2023-12-06T08:00,3.7,0.10,91,2.4,0.0,0.10,0.01,0.00,51,100,67,100,100,13.4,279,275,23.7,28.1,0,0.00,1013.2,998.6
2023-12-06T09:00,3.3,0.10,91,1.9,-0.3,0.10,0.01,0.00,51,100,9,100,100,12.1,285,282,21.2,27.4,1,0.00,1014.2,999.5
2023-12-06T10:00,3.2,0.10,90,1.7,-0.4,0.10,0.01,0.00,51,100,0,94,100,12.0,290,286,19.9,24.8,1,0.00,1015.0,1000.3
2023-12-06T11:00,3.6,0.00,88,1.7,0.0,0.00,0.01,0.00,3,100,0,96,100,11.4,287,283,18.4,24.8,1,512.67,1015.7,1001.0
2023-12-06T12:00,4.0,0.00,85,1.7,0.5,0.00,0.01,0.00,3,100,0,95,100,10.8,270,270,16.2,23.8,1,0.00,1015.8,1001.2
2023-12-06T13:00,4.3,0.20,87,2.2,1.1,0.20,0.01,0.00,51,100,0,85,100,9.7,271,266,16.2,22.7,1,0.00,1015.7,1001.1
2023-12-06T14:00,4.6,0.20,86,2.4,1.2,0.20,0.01,0.00,51,99,0,98,61,11.4,296,294,17.6,24.8,1,137.94,1016.2,1001.6
2023-12-06T15:00,4.3,0.10,89,2.6,1.3,0.10,0.01,0.00,51,39,0,28,22,8.9,296,291,16.4,23.0,1,56.29,1016.5,1001.9
2023-12-06T16:00,3.7,0.00,90,2.2,1.1,0.00,0.01,0.00,0,14,0,8,11,5.2,296,286,14.0,17.6,1,2863.13,1017.1,1002.4
2023-12-06T17:00,1.0,0.10,93,0.0,-2.1,0.10,0.01,0.00,51,16,0,10,7,6.8,270,252,14.0,12.2,0,0.00,1017.9,1003.1
2023-12-06T18:00,1.2,0.00,94,0.3,-1.7,0.00,0.01,0.00,1,20,0,5,17,6.0,266,253,16.6,13.0,0,0.00,1019.0,1004.2
2023-12-06T19:00,0.9,0.00,93,-0.1,-2.1,0.00,0.01,0.00,1,24,0,2,24,5.8,277,266,17.4,11.9,0,0.00,1019.7,1004.8
2023-12-06T20:00,0.3,0.00,93,-0.7,-2.9,0.00,0.01,0.00,1,23,0,5,21,6.5,286,273,15.4,11.9,0,0.00,1020.1,1005.2
2023-12-06T21:00,1.4,0.00,88,-0.4,-1.6,0.00,0.01,0.00,0,15,0,0,15,5.4,292,262,10.5,12.2,0,0.00,1020.4,1005.5
2023-12-06T22:00,0.4,0.00,91,-0.9,-2.2,0.00,0.01,0.00,1,25,0,0,25,2.2,282,171,5.2,9.7,0,0.00,1020.7,1005.8
2023-12-06T23:00,-0.7,0.00,94,-1.5,-3.6,0.00,0.01,0.00,1,35,0,0,35,4.2,225,160,3.1,6.5,0,0.00,1021.1,1006.1
2023-12-07T00:00,-0.8,0.00,95,-1.4,-3.7,0.00,0.01,0.00,2,54,0,18,53,4.0,222,175,5.4,6.8,0,0.00,1021.6,1006.6
2023-12-07T01:00,-0.9,0.00,96,-1.5,-3.8,0.00,0.01,0.00,2,62,0,9,61,3.6,237,174,6.0,6.8,0,0.00,1022.1,1007.1
2023-12-07T02:00,-0.5,0.00,96,-1.0,-3.3,0.00,0.01,0.00,2,68,0,19,63,4.0,242,170,7.7,11.5,0,0.00,1022.2,1007.2
2023-12-07T03:00,-0.2,0.00,96,-0.7,-2.9,0.00,0.01,0.00,1,41,0,0,40,3.1,243,126,3.2,6.8,0,0.00,1022.4,1007.4
2023-12-07T04:00,-0.7,0.00,96,-1.3,-3.6,0.00,0.01,0.00,1,46,0,0,46,3.9,172,124,2.5,5.8,0,0.00,1022.4,1007.4
2023-12-07T05:00,-0.6,0.00,96,-1.2,-3.6,0.00,0.01,0.00,3,91,0,0,91,4.7,189,148,6.9,8.3,0,0.00,1022.6,1007.6
2023-12-07T06:00,-0.7,0.00,97,-1.2,-3.7,0.00,0.01,0.00,3,100,7,0,100,4.4,201,145,8.1,9.0,0,0.00,1022.9,1007.9
2023-12-07T07:00,-0.2,0.00,98,-0.5,-3.1,0.00,0.01,0.00,3,100,6,0,100,4.3,172,114,7.6,9.7,0,0.00,1022.6,1007.6
2023-12-07T08:00,0.1,0.00,98,-0.2,-2.7,0.00,0.01,0.00,3,100,0,0,100,4.6,157,108,7.4,8.6,0,0.00,1023.0,1008.0
2023-12-07T09:00,0.6,0.00,97,0.2,-2.4,0.00,0.01,0.00,3,100,90,0,100,6.5,136,109,10.4,11.9,1,0.00,1023.2,1008.3
2023-12-07T10:00,1.9,0.00,94,1.0,-1.4,0.00,0.01,0.00,3,88,75,1,51,8.8,113,109,14.0,18.0,1,2803.33,1022.8,1007.9
2023-12-07T11:00,2.8,0.00,92,1.7,-0.3,0.00,0.01,0.00,1,43,4,0,40,8.6,113,112,11.8,19.4,1,3600.00,1022.8,1008.0
2023-12-07T12:00,3.6,0.00,88,1.8,0.4,0.00,0.01,0.00,2,53,0,0,53,9.2,113,111,12.9,20.9,1,3600.00,1022.2,1007.4
2023-12-07T13:00,4.2,0.00,84,1.7,1.1,0.00,0.01,0.00,0,4,0,0,4,8.6,107,105,12.1,20.9,1,3600.00,1021.0,1006.3
2023-12-07T14:00,4.7,0.00,82,1.9,2.0,0.00,0.01,0.00,3,100,100,0,0,6.2,100,97,9.9,17.3,1,3600.00,1020.3,1005.6
2023-12-07T15:00,4.0,0.00,85,1.8,1.5,0.00,0.01,0.00,3,97,97,0,0,4.7,107,99,12.4,13.7,1,3600.00,1019.7,1005.0
2023-12-07T16:00,2.6,0.00,86,0.5,-1.0,0.00,0.01,0.00,2,53,53,0,0,10.7,107,102,23.3,19.8,1,2840.38,1019.0,1004.2
2023-12-07T17:00,1.5,0.00,89,-0.1,-2.8,0.00,0.01,0.00,3,98,98,0,0,15.1,103,102,31.8,29.9,0,0.00,1018.0,1003.2
2023-12-07T18:00,1.3,0.00,89,-0.3,-3.2,0.00,0.01,0.00,3,100,100,0,0,16.2,106,102,32.9,31.7,0,0.00,1017.7,1002.9
2023-12-07T19:00,1.3,0.00,84,-1.1,-3.5,0.00,0.01,0.00,3,100,100,0,0,17.6,110,105,33.7,34.9,0,0.00,1017.0,1002.2
2023-12-07T20:00,0.9,0.00,79,-2.2,-4.1,0.00,0.01,0.00,3,100,100,82,0,17.9,113,109,34.4,35.6,0,0.00,1016.6,1001.8
2023-12-07T21:00,0.8,0.00,76,-2.9,-4.4,0.00,0.01,0.00,3,99,81,95,0,18.0,114,110,34.2,35.6,0,0.00,1016.2,1001.4
2023-12-07T22:00,0.3,0.00,76,-3.4,-5.0,0.00,0.01,0.00,3,100,90,100,0,18.7,112,109,35.4,37.1,0,0.00,1015.0,1000.2
2023-12-07T23:00,0.5,0.00,74,-3.6,-5.1,0.00,0.01,0.00,3,100,100,100,0,19.8,112,109,37.2,39.6,0,0.00,1013.7,998.9
2023-12-08T00:00,1.2,0.00,70,-3.7,-4.4,0.00,0.01,0.00,3,100,100,100,0,20.1,115,111,36.2,39.6,0,0.00,1013.1,998.3
2023-12-08T01:00,1.6,0.00,66,-4.0,-4.0,0.00,0.01,0.00,3,100,100,100,0,20.0,115,113,36.1,42.1,0,0.00,1012.0,997.3
2023-12-08T02:00,1.5,0.00,70,-3.3,-3.4,0.00,0.01,0.00,3,100,100,100,0,15.6,122,119,29.6,38.2,0,0.00,1011.8,997.1
2023-12-08T03:00,1.7,0.00,69,-3.4,-3.0,0.00,0.01,0.00,3,100,100,98,0,14.7,121,118,27.8,32.0,0,0.00,1011.5,996.8
2023-12-08T04:00,1.7,0.00,68,-3.5,-2.8,0.00,0.01,0.00,3,100,100,100,3,12.8,129,122,24.6,28.8,0,0.00,1011.5,996.8
2023-12-08T05:00,2.0,0.00,68,-3.3,-2.3,0.00,0.01,0.00,3,100,100,100,100,11.7,139,124,21.9,25.6,0,0.00,1011.2,996.5
2023-12-08T06:00,1.7,1.00,84,-0.7,-2.2,1.00,0.01,0.00,55,100,100,100,99,11.3,149,127,21.8,23.0,0,0.00,1011.0,996.3
2023-12-08T07:00,2.0,0.70,88,0.1,-1.7,0.70,0.01,0.00,53,100,100,100,100,10.8,148,127,21.7,23.0,0,0.00,1010.7,996.0
2023-12-08T08:00,2.3,0.30,88,0.5,-1.2,0.30,0.01,0.00,51,100,100,100,100,9.9,143,123,20.8,21.2,0,0.00,1010.6,995.9
2023-12-08T09:00,2.3,0.20,90,0.9,-1.0,0.20,0.01,0.00,51,100,100,100,100,9.0,157,127,17.3,19.8,1,0.00,1011.1,996.4
2023-12-08T10:00,3.0,0.20,91,1.7,-0.1,0.20,0.01,0.00,51,100,100,98,100,8.4,183,133,15.9,17.6,1,0.00,1011.2,996.6
2023-12-08T11:00,4.1,0.00,90,2.5,1.2,0.00,0.01,0.00,3,100,100,63,100,7.9,204,164,15.0,17.3,1,0.00,1011.5,996.9
2023-12-08T12:00,4.8,0.00,90,3.4,2.2,0.00,0.01,0.00,3,100,100,100,100,7.1,214,156,15.3,15.8,1,0.00,1011.4,996.9
2023-12-08T13:00,5.3,0.00,92,4.1,2.8,0.00,0.01,0.00,3,100,100,100,100,7.0,216,159,15.5,15.1,1,0.00,1011.3,996.8
2023-12-08T14:00,4.0,0.50,96,3.4,2.0,0.50,0.01,0.00,53,100,98,100,100,3.1,231,159,9.2,9.7,1,0.00,1011.5,996.9
2023-12-08T15:00,4.5,0.60,95,3.7,2.3,0.60,0.01,0.00,53,100,100,100,100,4.6,214,162,10.9,9.4,1,0.00,1011.6,997.0
2023-12-08T16:00,4.5,0.40,96,3.8,2.5,0.40,0.01,0.00,51,100,100,100,100,3.8,217,163,9.5,9.7,1,0.00,1012.2,997.6
2023-12-08T17:00,4.3,0.10,96,3.7,2.3,0.10,0.01,0.00,51,100,100,48,100,3.6,234,186,8.0,7.2,0,0.00,1012.8,998.2
2023-12-08T18:00,4.1,0.00,97,3.6,2.1,0.00,0.01,0.00,3,100,100,4,91,3.4,235,162,4.4,6.8,0,0.00,1013.1,998.5
2023-12-08T19:00,4.0,0.00,97,3.6,2.1,0.00,0.01,0.00,3,100,100,2,100,2.9,241,187,4.5,6.1,0,0.00,1013.5,998.9
2023-12-08T20:00,3.8,0.00,98,3.5,1.9,0.00,0.01,0.00,3,100,100,1,100,3.0,249,194,6.2,6.1,0,0.00,1014.3,999.7
2023-12-08T21:00,3.9,0.00,98,3.5,1.9,0.00,0.01,0.00,3,100,100,3,100,3.3,239,193,9.2,6.8,0,0.00,1014.8,1000.2
2023-12-08T22:00,4.2,0.00,97,3.7,2.0,0.00,0.01,0.00,3,100,100,3,100,4.7,242,212,14.3,9.7,0,0.00,1015.5,1000.9
2023-12-08T23:00,4.6,0.00,96,4.0,2.5,0.00,0.01,0.00,3,100,99,2,100,4.5,249,209,13.1,10.1,0,0.00,1015.7,1001.1
2023-12-09T00:00,4.9,0.00,96,4.3,2.9,0.00,0.01,0.00,3,100,100,22,100,4.3,215,175,11.4,9.7,0,0.00,1016.1,1001.5
2023-12-09T01:00,5.1,0.00,96,4.5,3.2,0.00,0.01,0.00,3,100,38,95,100,4.0,239,185,11.3,9.0,0,0.00,1016.1,1001.5
2023-12-09T02:00,5.4,0.00,98,5.0,3.4,0.00,0.01,0.00,3,100,1,29,100,5.0,216,180,12.9,10.1,0,0.00,1016.1,1001.5
2023-12-09T03:00,5.7,0.00,98,5.4,3.7,0.00,0.01,0.00,3,99,6,95,76,5.9,229,194,14.3,12.6,0,0.00,1016.5,1001.9
2023-12-09T04:00,5.4,0.00,98,5.1,3.4,0.00,0.01,0.00,3,100,17,4,100,5.5,229,191,14.3,13.0,0,0.00,1015.9,1001.3
2023-12-09T05:00,5.7,0.00,98,5.3,3.5,0.00,0.01,0.00,3,100,18,2,100,6.6,217,193,15.7,14.0,0,0.00,1015.9,1001.3
2023-12-09T06:00,5.7,0.00,98,5.4,3.7,0.00,0.01,0.00,3,97,0,73,90,5.9,205,169,13.5,14.0,0,0.00,1015.5,1000.9
2023-12-09T07:00,5.6,0.00,98,5.4,3.3,0.00,0.01,0.00,3,100,37,21,100,8.2,191,165,16.9,15.8,0,0.00,1014.9,1000.3
2023-12-09T08:00,5.8,0.10,97,5.3,3.2,0.10,0.01,0.00,51,100,100,25,100,9.4,193,178,19.2,18.7,0,0.00,1014.7,1000.2
2023-12-09T09:00,5.9,0.00,96,5.3,3.3,0.00,0.01,0.00,3,100,100,0,100,10.1,196,182,19.8,20.9,1,0.00,1014.7,1000.2
2023-12-09T10:00,6.4,0.00,95,5.6,3.9,0.00,0.01,0.00,3,100,100,6,100,9.5,188,171,17.1,20.5,1,0.00,1014.1,999.6
2023-12-09T11:00,7.0,0.00,92,5.8,4.3,0.00,0.01,0.00,3,100,100,99,99,11.2,189,182,17.5,23.4,1,0.00,1013.6,999.1
2023-12-09T12:00,7.2,0.00,91,5.9,4.3,0.00,0.01,0.00,3,100,100,100,100,13.0,188,185,20.4,28.4,1,0.00,1011.9,997.5
2023-12-09T13:00,7.5,0.00,89,5.7,4.7,0.00,0.01,0.00,3,100,100,100,77,11.5,182,180,18.4,28.8,1,0.00,1010.5,996.1
2023-12-09T14:00,7.8,0.00,87,5.7,5.1,0.00,0.01,0.00,3,100,100,100,52,11.6,163,158,18.8,24.8,1,0.00,1009.1,994.7
2023-12-09T15:00,7.7,0.30,88,5.8,5.0,0.30,0.00,0.00,51,100,98,100,11,10.9,153,146,19.8,23.8,1,0.00,1007.4,993.1
2023-12-09T16:00,7.3,2.00,88,5.4,3.8,2.00,0.00,0.00,61,100,6,100,88,16.2,168,159,28.7,39.2,1,0.00,1005.7,991.4
2023-12-09T17:00,6.8,0.40,89,5.1,3.1,0.40,0.00,0.00,51,100,0,100,100,16.9,154,151,30.8,35.6,0,0.00,1003.8,989.5
2023-12-09T18:00,6.4,0.60,90,5.0,2.7,0.60,0.00,0.00,53,100,74,100,100,16.9,152,146,30.6,34.9,0,0.00,1002.4,988.1
2023-12-09T19:00,6.5,1.10,89,4.9,2.8,1.10,0.00,0.00,55,100,83,100,100,16.8,177,165,30.3,45.7,0,0.00,1000.9,986.6
2023-12-09T20:00,6.9,2.30,90,5.3,3.9,2.30,0.00,0.00,61,100,99,100,100,12.6,211,204,25.2,46.1,0,0.00,1000.5,986.2
2023-12-09T21:00,7.2,2.70,91,5.9,4.6,2.70,0.00,0.00,63,100,100,100,87,10.8,222,210,23.2,27.4,0,0.00,999.9,985.6
2023-12-09T22:00,8.2,3.60,92,6.9,4.1,3.60,0.00,0.00,63,100,100,100,42,22.4,235,233,39.8,46.4,0,0.00,999.9,985.7
2023-12-09T23:00,9.6,2.10,89,7.9,5.8,2.10,0.00,0.00,61,98,28,86,81,22.6,251,248,38.9,52.9,0,0.00,1001.6,987.4
2023-12-10T00:00,9.5,0.10,88,7.7,6.2,0.10,0.00,0.00,51,100,97,99,23,18.3,264,260,32.9,45.7,0,0.00,1003.6,989.4
2023-12-10T01:00,9.1,0.00,85,6.6,5.4,0.00,0.00,0.00,3,99,98,96,20,19.4,265,260,34.7,40.0,0,0.00,1005.4,991.2
2023-12-10T02:00,8.6,1.00,87,6.6,4.6,1.00,0.00,0.00,55,99,95,85,65,21.3,251,248,36.5,52.9,0,0.00,1006.3,992.0
2023-12-10T03:00,8.0,0.90,89,6.4,4.5,0.90,0.00,0.00,53,100,99,100,100,17.9,245,242,31.9,47.5,0,0.00,1007.6,993.3
2023-12-10T04:00,8.1,0.70,88,6.2,4.2,0.70,0.00,0.00,53,68,0,35,54,20.6,247,245,35.2,50.4,0,0.00,1008.7,994.4
2023-12-10T05:00,7.3,1.50,89,5.6,3.3,1.50,0.00,0.00,61,100,0,59,100,19.5,248,245,34.1,49.3,0,0.00,1009.7,995.3
2023-12-10T06:00,7.6,1.10,87,5.6,3.7,1.10,0.00,0.00,55,93,2,78,71,19.3,250,246,33.0,50.4,0,0.00,1010.5,996.1
2023-12-10T07:00,7.3,0.60,88,5.4,3.2,0.60,0.00,0.00,53,88,0,52,81,20.4,249,249,34.6,49.7,0,0.00,1011.4,997.0
2023-12-10T08:00,7.3,0.50,90,5.7,3.1,0.50,0.00,0.00,53,100,0,21,99,21.0,247,248,35.6,49.7,0,0.00,1012.0,997.6
2023-12-10T09:00,7.7,0.00,87,5.6,3.3,0.00,0.00,0.00,3,100,0,18,100,22.4,243,242,37.8,50.4,1,0.00,1012.4,998.0
2023-12-10T10:00,8.0,0.20,85,5.7,3.7,0.20,0.00,0.00,51,100,0,29,100,22.2,243,243,36.9,45.7,1,0.00,1013.0,998.6
2023-12-10T11:00,8.3,0.30,86,6.1,4.2,0.30,0.00,0.00,51,100,2,20,100,21.7,236,234,35.7,45.4,1,0.00,1013.6,999.2
2023-12-10T12:00,8.8,0.20,84,6.3,4.9,0.20,0.00,0.00,51,100,28,27,100,20.0,233,231,32.6,44.3,1,0.00,1013.5,999.1
2023-12-10T13:00,8.4,0.40,87,6.3,4.7,0.40,0.00,0.00,51,100,51,21,100,18.9,229,228,31.4,41.0,1,0.00,1013.2,998.8
2023-12-10T14:00,9.8,0.00,77,5.9,5.8,0.00,0.00,0.00,3,100,36,99,57,20.5,236,236,33.2,43.2,1,3029.27,1013.5,999.2
2023-12-10T15:00,9.5,0.00,80,6.2,6.0,0.00,0.00,0.00,3,100,83,72,100,16.8,228,225,28.3,41.8,1,0.00,1013.1,998.8
2023-12-10T16:00,9.6,0.00,77,5.8,5.9,0.00,0.00,0.00,3,100,100,14,9,18.1,224,221,31.6,37.1,1,0.00,1012.6,998.3
2023-12-10T17:00,9.1,0.00,75,4.9,5.0,0.00,0.00,0.00,3,100,100,98,0,19.7,221,218,35.5,40.3,0,0.00,1012.1,997.8
2023-12-10T18:00,9.1,0.00,71,4.2,4.7,0.00,0.00,0.00,3,100,100,95,0,20.6,211,209,36.5,42.8,0,0.00,1010.9,996.6
2023-12-10T19:00,8.2,2.00,75,3.9,4.0,2.00,0.00,0.00,61,100,100,97,0,18.3,204,200,32.4,42.5,0,0.00,1010.0,995.6
2023-12-10T20:00,8.4,0.00,69,3.1,4.0,0.00,0.00,0.00,3,100,100,100,28,19.4,204,198,34.2,40.3,0,0.00,1008.3,994.0
2023-12-10T21:00,8.9,0.00,60,1.6,4.2,0.00,0.00,0.00,3,100,99,99,97,19.7,214,211,34.7,41.4,0,0.00,1007.0,992.7
2023-12-10T22:00,9.3,0.00,56,1.1,4.6,0.00,0.00,0.00,3,93,80,52,59,18.8,219,212,33.5,40.3,0,0.00,1006.4,992.2
2023-12-10T23:00,9.5,0.00,64,3.0,4.9,0.00,0.00,0.00,3,100,77,59,100,19.9,228,225,35.7,41.8,0,0.00,1006.1,991.9
2023-12-11T00:00,10.0,0.00,69,4.6,5.9,0.00,0.00,0.00,3,100,0,86,100,19.1,232,229,33.8,42.5,0,0.00,1006.1,991.9
2023-12-11T01:00,9.3,0.20,83,6.5,6.3,0.20,0.00,0.00,51,100,0,100,68,14.5,235,228,27.4,39.6,0,0.00,1006.2,992.0
2023-12-11T02:00,8.4,0.00,92,7.1,5.7,0.00,0.00,0.00,1,25,0,2,24,13.8,222,208,26.8,31.0,0,0.00,1006.9,992.6
2023-12-11T03:00,8.2,0.00,93,7.2,5.5,0.00,0.00,0.00,1,39,0,6,35,13.3,213,199,26.6,28.8,0,0.00,1007.0,992.7
2023-12-11T04:00,8.1,0.00,95,7.3,5.6,0.00,0.00,0.00,2,63,0,1,63,12.5,209,192,25.5,26.6,0,0.00,1006.8,992.5
2023-12-11T05:00,8.6,0.00,94,7.8,5.9,0.00,0.00,0.00,3,96,0,4,96,14.7,208,202,28.7,29.5,0,0.00,1006.4,992.1
2023-12-11T06:00,9.0,1.30,92,7.8,6.0,1.30,0.00,0.00,61,66,0,2,65,16.6,226,222,30.0,37.4,0,0.00,1006.3,992.0
2023-12-11T07:00,9.3,0.10,92,8.1,6.6,0.10,0.00,0.00,51,74,0,14,70,14.8,227,219,27.5,33.5,0,0.00,1005.9,991.7
2023-12-11T08:00,9.7,0.20,92,8.5,7.2,0.20,0.00,0.00,51,59,0,11,54,14.3,235,229,26.7,39.2,0,0.00,1006.0,991.8
2023-12-11T09:00,9.7,0.10,92,8.5,7.5,0.10,0.00,0.00,51,81,0,1,80,12.7,235,227,24.6,37.1,1,0.00,1005.8,991.6
2023-12-11T10:00,10.1,0.60,92,8.8,7.6,0.60,0.00,0.00,53,66,0,2,66,14.8,232,227,25.6,37.4,1,1052.96,1006.1,991.9
2023-12-11T11:00,11.0,0.20,88,9.1,8.4,0.20,0.00,0.00,51,75,0,4,74,15.8,232,225,26.4,39.2,1,3600.00,1006.2,992.0
2023-12-11T12:00,11.6,0.10,84,9.0,8.9,0.10,0.00,0.00,51,69,0,11,68,16.8,244,242,27.2,42.5,1,3600.00,1006.0,991.9
2023-12-11T13:00,11.8,0.10,82,8.8,9.3,0.10,0.00,0.00,51,44,0,1,44,14.8,247,244,24.2,40.7,1,3600.00,1006.0,991.9
2023-12-11T14:00,12.1,0.10,73,7.3,8.8,0.10,0.00,0.00,51,70,0,0,70,17.3,255,253,28.6,43.2,1,2937.39,1006.3,992.2
2023-12-11T15:00,11.6,0.00,73,6.8,8.4,0.00,0.00,0.00,2,64,0,0,64,16.2,254,253,27.3,35.6,1,3457.95,1006.8,992.7
2023-12-11T16:00,10.7,0.10,76,6.7,7.6,0.10,0.00,0.00,51,43,0,18,41,15.8,261,258,27.7,33.1,1,1563.11,1007.9,993.7
2023-12-11T17:00,9.6,0.10,80,6.4,6.3,0.10,0.00,0.00,51,49,0,11,48,16.3,252,248,29.6,33.5,0,0.00,1009.0,994.7
2023-12-11T18:00,9.2,0.00,80,5.9,5.7,0.00,0.00,0.00,1,38,0,11,37,17.1,245,242,31.1,35.3,0,0.00,1009.6,995.3
2023-12-11T19:00,8.6,0.00,81,5.6,5.2,0.00,0.00,0.00,1,35,0,7,35,15.5,243,242,29.5,34.9,0,0.00,1009.9,995.6
2023-12-11T20:00,8.1,0.00,87,6.0,4.7,0.00,0.00,0.00,1,37,0,5,36,16.7,244,245,31.6,34.2,0,0.00,1010.5,996.1
2023-12-11T21:00,7.7,0.00,89,6.0,4.4,0.00,0.00,0.00,1,35,0,6,34,15.6,246,244,29.6,34.2,0,0.00,1011.1,996.7
2023-12-11T22:00,7.6,0.20,91,6.2,4.6,0.20,0.00,0.00,51,100,0,1,100,13.7,243,240,27.0,31.7,0,0.00,1011.7,997.3
2023-12-11T23:00,7.6,0.10,93,6.6,4.9,0.10,0.00,0.00,51,47,0,1,47,12.2,240,236,25.0,28.1,0,0.00,1011.8,997.4
2023-12-12T00:00,7.5,0.00,94,6.5,5.1,0.00,0.00,0.00,3,88,65,1,66,10.5,247,243,23.4,24.8,0,0.00,1012.0,997.6
2023-12-12T01:00,7.6,0.00,94,6.7,5.5,0.00,0.00,0.00,3,100,100,0,65,8.9,247,238,21.1,22.0,0,0.00,1012.0,997.6
2023-12-12T02:00,7.2,0.00,93,6.2,5.2,0.00,0.00,0.00,3,100,100,0,38,7.1,241,225,19.0,16.6,0,0.00,1012.2,997.8
2023-12-12T03:00,7.5,0.00,94,6.6,5.5,0.00,0.00,0.00,3,100,100,6,48,7.6,233,211,18.5,15.5,0,0.00,1012.0,997.6
2023-12-12T04:00,7.4,0.00,95,6.6,5.4,0.00,0.00,0.00,3,100,100,2,37,7.3,225,200,17.8,15.8,0,0.00,1011.5,997.1
2023-12-12T05:00,6.1,0.00,97,5.6,4.2,0.00,0.00,0.00,3,100,100,3,52,5.4,224,188,15.5,15.5,0,0.00,1011.3,996.8
2023-12-12T06:00,5.9,0.00,97,5.5,4.1,0.00,0.00,0.00,3,100,99,0,81,5.1,225,176,14.3,11.2,0,0.00,1011.0,996.5
2023-12-12T07:00,6.9,0.00,97,6.4,5.5,0.00,0.00,0.00,3,100,79,0,100,3.7,198,119,6.8,11.5,0,0.00,1010.5,996.1
2023-12-12T08:00,7.3,0.00,96,6.7,5.4,0.00,0.00,0.00,3,100,0,8,100,6.7,140,106,10.7,12.2,0,0.00,1010.2,995.8
2023-12-12T09:00,8.0,0.00,94,7.2,6.1,0.00,0.00,0.00,3,100,29,91,100,8.2,137,113,15.8,15.1,1,0.00,1009.5,995.1
2023-12-12T10:00,8.7,0.00,92,7.5,6.7,0.00,0.00,0.00,3,100,100,100,100,9.3,141,126,17.1,17.6,1,0.00,1008.9,994.6
2023-12-12T11:00,9.0,0.30,93,7.9,7.1,0.30,0.00,0.00,51,100,90,100,100,9.2,145,121,19.4,18.4,1,0.00,1008.2,993.9
2023-12-12T12:00,9.1,0.50,94,8.2,7.4,0.50,0.00,0.00,53,100,73,91,100,8.3,155,124,14.7,18.7,1,0.00,1007.1,992.8
2023-12-12T13:00,10.1,0.20,92,8.9,8.2,0.20,0.00,0.00,51,100,98,86,26,10.6,171,152,20.4,22.0,1,0.00,1005.7,991.5
2023-12-12T14:00,9.3,1.70,94,8.5,7.4,1.70,0.00,0.00,61,100,100,100,55,10.0,172,159,18.9,19.4,1,0.00,1005.8,991.6
2023-12-12T15:00,9.5,1.00,94,8.7,7.8,1.00,0.00,0.00,55,100,100,31,15,9.2,188,159,18.5,20.5,1,0.00,1004.8,990.6
2023-12-12T16:00,9.5,0.00,94,8.7,8.3,0.00,0.00,0.00,3,100,100,8,29,6.2,200,170,16.1,18.4,1,186.38,1004.0,989.8
2023-12-12T17:00,8.5,0.00,97,8.0,7.1,0.00,0.00,0.00,3,100,100,23,15,5.9,202,169,15.5,13.0,0,0.00,1003.5,989.3
2023-12-12T18:00,8.6,0.00,98,8.3,7.2,0.00,0.00,0.00,3,100,100,98,76,6.8,206,177,18.4,16.6,0,0.00,1003.1,988.9
2023-12-12T19:00,9.3,0.90,95,8.6,7.4,0.90,0.00,0.00,53,100,100,100,36,10.4,213,200,22.9,20.9,0,0.00,1002.9,988.7
2023-12-12T20:00,9.6,3.20,95,8.8,7.1,3.20,0.00,0.00,63,100,100,79,48,15.3,210,204,29.5,30.6,0,0.00,1002.6,988.4
2023-12-12T21:00,9.4,1.60,96,8.8,6.9,1.60,0.00,0.00,61,100,100,75,48,14.5,222,215,27.5,32.0,0,0.00,1002.3,988.1
2023-12-12T22:00,9.8,0.10,95,9.0,7.1,0.10,0.00,0.00,51,87,15,83,20,16.7,236,233,30.7,36.4,0,0.00,1002.5,988.3
2023-12-12T23:00,9.1,0.10,96,8.4,6.5,0.10,0.00,0.00,51,79,0,29,72,14.5,228,224,27.5,34.2,0,0.00,1002.4,988.2
2023-12-13T00:00,8.8,0.60,94,8.0,6.1,0.60,0.00,0.00,53,46,1,22,34,14.8,226,223,27.7,32.8,0,0.00,1002.5,988.3
2023-12-13T01:00,8.4,0.00,96,7.8,5.8,0.00,0.00,0.00,2,60,0,2,59,13.6,224,220,26.5,30.2,0,0.00,1002.2,988.0
2023-12-13T02:00,8.9,1.30,93,7.9,6.1,1.30,0.00,0.00,61,20,0,9,19,15.5,229,226,28.3,32.0,0,0.00,1001.9,987.7
2023-12-13T03:00,8.1,0.00,95,7.4,5.5,0.00,0.00,0.00,1,29,1,2,28,13.1,223,217,26.2,31.7,0,0.00,1002.0,987.8
2023-12-13T04:00,7.7,0.00,96,7.1,5.4,0.00,0.00,0.00,1,31,10,0,24,10.8,220,210,23.5,26.6,0,0.00,1001.6,987.3
2023-12-13T05:00,7.3,0.00,96,6.8,5.0,0.00,0.00,0.00,1,39,11,1,31,10.1,220,207,22.5,22.3,0,0.00,1001.3,987.0
2023-12-13T06:00,7.0,0.00,96,6.4,4.8,0.00,0.00,0.00,3,80,69,11,33,8.4,221,205,20.2,21.2,0,0.00,1001.0,986.7
2023-12-13T07:00,6.5,0.00,97,6.1,4.5,0.00,0.00,0.00,2,72,25,55,40,6.8,211,183,17.3,17.6,0,0.00,1000.5,986.2
2023-12-13T08:00,6.6,0.10,96,6.1,4.4,0.10,0.00,0.00,51,75,24,51,48,8.4,207,187,19.8,17.3,0,0.00,1000.4,986.1
2023-12-13T09:00,6.9,0.00,94,6.1,4.3,0.00,0.00,0.00,3,90,79,53,32,10.9,205,188,22.2,22.0,1,0.00,1000.5,986.2
2023-12-13T10:00,7.5,0.40,92,6.4,4.9,0.40,0.00,0.00,51,94,64,85,52,11.4,208,198,20.8,23.8,1,2809.94,1000.7,986.4
2023-12-13T11:00,8.6,0.00,90,7.1,6.1,0.00,0.00,0.00,3,99,98,48,50,11.7,217,214,18.0,26.6,1,3600.00,1000.7,986.5
2023-12-13T12:00,9.2,0.00,87,7.2,6.5,0.00,0.00,0.00,3,100,96,63,90,13.8,231,229,20.7,31.0,1,3600.00,1000.4,986.2
2023-12-13T13:00,9.5,0.00,85,7.1,7.2,0.00,0.00,0.00,3,97,92,59,61,10.5,233,232,15.4,31.7,1,0.00,999.9,985.8
2023-12-13T14:00,8.8,2.80,86,6.5,6.4,2.80,0.00,0.00,63,98,95,69,55,10.4,234,236,17.8,30.6,1,3410.64,1000.0,985.8
2023-12-13T15:00,8.8,0.60,83,6.0,6.8,0.60,0.00,0.00,53,100,100,45,51,7.1,219,210,13.8,19.8,1,401.80,1000.1,985.9
2023-12-13T16:00,8.0,0.40,91,6.6,6.4,0.40,0.00,0.00,51,79,67,14,26,4.8,210,193,12.4,14.8,1,385.28,1000.3,986.1
2023-12-13T17:00,6.4,0.00,94,5.6,4.4,0.00,0.00,0.00,3,98,93,58,62,6.3,211,193,16.0,12.6,0,0.00,1000.9,986.6
2023-12-13T18:00,6.7,0.00,95,5.9,4.4,0.00,0.00,0.00,3,96,44,62,83,8.7,221,210,20.2,16.9,0,0.00,1001.5,987.2
2023-12-13T19:00,6.6,0.10,95,5.9,4.5,0.10,0.00,0.00,51,47,1,36,34,7.3,225,213,17.3,18.4,0,0.00,1002.1,987.8
2023-12-13T20:00,6.3,0.10,96,5.8,4.2,0.10,0.00,0.00,51,84,2,25,79,7.3,224,213,17.6,14.8,0,0.00,1002.9,988.6
2023-12-13T21:00,5.7,0.00,97,5.3,3.7,0.00,0.00,0.00,1,48,2,19,36,5.7,231,215,15.3,14.8,0,0.00,1003.6,989.2
2023-12-13T22:00,5.0,0.00,98,4.7,3.0,0.00,0.00,0.00,1,37,0,4,35,5.2,225,192,12.7,11.2,0,0.00,1004.3,989.9
2023-12-13T23:00,4.6,0.00,99,4.4,2.6,0.00,0.00,0.00,2,70,40,1,51,4.5,227,194,11.7,9.7,0,0.00,1005.2,990.7
2023-12-14T00:00,4.7,0.00,99,4.6,2.9,0.00,0.00,0.00,3,81,22,21,71,3.3,229,186,7.7,9.0,0,0.00,1006.1,991.6
2023-12-14T01:00,4.4,0.00,100,4.4,2.4,0.00,0.00,0.00,3,97,10,27,95,4.7,213,189,9.9,8.6,0,0.00,1006.8,992.3
2023-12-14T02:00,4.4,0.00,100,4.4,2.7,0.00,0.00,0.00,3,99,9,20,99,2.3,234,141,4.9,8.6,0,0.00,1007.4,992.9
2023-12-14T03:00,4.3,0.00,99,4.2,2.4,0.00,0.00,0.00,3,100,26,11,100,3.3,212,139,4.7,7.6,0,0.00,1008.4,993.9
2023-12-14T04:00,4.0,0.00,100,3.9,2.1,0.00,0.00,0.00,3,100,54,0,100,2.8,210,130,5.8,7.9,0,0.00,1009.4,994.8
2023-12-14T05:00,4.1,0.00,99,4.0,2.3,0.00,0.00,0.00,3,100,0,0,100,2.8,216,140,6.2,7.9,0,0.00,1010.2,995.6
2023-12-14T06:00,4.3,0.00,99,4.2,2.6,0.00,0.00,0.00,3,100,0,0,100,2.6,220,146,5.6,7.6,0,0.00,1011.2,996.6
2023-12-14T07:00,4.4,0.00,99,4.2,2.9,0.00,0.00,0.00,3,100,0,0,100,0.7,259,90,3.7,6.1,0,0.00,1012.2,997.6
2023-12-14T08:00,4.3,0.00,99,4.2,2.8,0.00,0.00,0.00,3,100,0,0,100,1.1,290,342,4.2,4.0,0,0.00,1013.6,999.0
2023-12-14T09:00,4.6,0.00,98,4.3,2.8,0.00,0.00,0.00,3,100,0,0,100,2.9,292,270,5.8,8.3,1,0.00,1014.6,1000.0
2023-12-14T10:00,4.6,0.00,99,4.5,2.4,0.00,0.00,0.00,3,100,0,14,100,6.2,304,306,9.1,14.4,1,0.00,1015.9,1001.3
2023-12-14T11:00,5.4,0.00,97,5.0,3.0,0.00,0.00,0.00,3,100,0,27,100,7.9,310,309,11.2,17.6,1,0.00,1016.9,1002.3
2023-12-14T12:00,5.8,0.00,96,5.2,3.4,0.00,0.00,0.00,3,100,0,92,100,8.5,308,306,14.1,19.1,1,0.00,1017.6,1003.0
2023-12-14T13:00,6.2,0.00,95,5.5,3.9,0.00,0.00,0.00,3,100,0,20,100,8.4,314,310,14.5,19.1,1,0.00,1018.1,1003.5
2023-12-14T14:00,7.7,0.10,93,6.7,5.6,0.10,0.00,0.00,51,91,0,85,58,9.0,331,331,13.5,22.7,1,0.00,1018.5,1004.0
2023-12-14T15:00,7.4,0.10,91,6.0,5.0,0.10,0.00,0.00,51,90,0,87,34,10.0,326,322,16.9,20.5,1,3345.87,1019.1,1004.6
2023-12-14T16:00,7.0,0.00,91,5.6,4.7,0.00,0.00,0.00,3,95,0,95,46,7.8,332,326,15.9,20.9,1,386.71,1020.3,1005.7
2023-12-14T17:00,6.5,0.00,91,5.2,3.9,0.00,0.00,0.00,3,100,0,100,81,9.6,332,326,19.5,19.4,0,0.00,1021.6,1007.0
2023-12-14T18:00,6.4,0.00,90,4.8,3.3,0.00,0.00,0.00,3,100,65,100,100,12.1,334,330,22.1,23.4,0,0.00,1022.6,1008.0
2023-12-14T19:00,6.0,0.00,89,4.3,2.7,0.00,0.00,0.00,3,100,72,100,100,13.2,339,334,23.6,27.0,0,0.00,1023.7,1009.0
2023-12-14T20:00,5.6,0.00,88,3.8,2.2,0.00,0.00,0.00,3,99,97,31,56,13.0,336,332,22.9,26.6,0,0.00,1024.9,1010.2
2023-12-14T21:00,4.9,0.00,90,3.4,1.7,0.00,0.00,0.00,3,100,94,88,100,11.6,329,324,21.8,26.3,0,0.00,1026.0,1011.3
2023-12-14T22:00,4.8,0.00,90,3.3,1.6,0.00,0.00,0.00,3,100,82,99,100,10.7,326,320,20.5,23.4,0,0.00,1027.0,1012.2
2023-12-14T23:00,4.7,0.00,90,3.2,1.9,0.00,0.00,0.00,3,100,0,88,100,8.7,325,318,17.1,21.6,0,0.00,1027.8,1013.0
2023-12-15T00:00,4.4,0.00,91,3.1,1.9,0.00,0.00,0.00,2,52,0,2,51,6.6,319,311,14.3,17.6,0,0.00,1028.5,1013.7
2023-12-15T01:00,3.0,0.00,95,2.3,0.4,0.00,0.00,0.00,3,98,0,30,98,5.4,316,307,15.0,13.7,0,0.00,1029.4,1014.5
2023-12-15T02:00,3.7,0.00,94,2.8,1.5,0.00,0.00,0.00,3,100,0,1,100,3.7,297,281,10.9,10.4,0,0.00,1030.4,1015.5
2023-12-15T03:00,3.6,0.00,94,2.6,1.3,0.00,0.00,0.00,1,36,0,26,13,3.9,288,236,7.2,9.0,0,0.00,1030.9,1016.0
2023-12-15T04:00,1.5,0.00,97,1.1,-1.2,0.00,0.00,0.00,1,39,0,26,18,5.0,254,201,6.7,8.3,0,0.00,1031.5,1016.5
2023-12-15T05:00,1.5,0.00,98,1.3,-1.1,0.00,0.00,0.00,3,80,0,71,30,4.7,228,176,8.7,8.6,0,0.00,1032.0,1017.0
2023-12-15T06:00,2.7,0.00,98,2.4,0.3,0.00,0.00,0.00,2,52,0,33,28,4.7,221,176,10.5,10.1,0,0.00,1032.6,1017.6
2023-12-15T07:00,2.3,0.00,98,2.1,-0.1,0.00,0.00,0.00,2,61,0,24,49,4.4,236,189,10.9,9.0,0,0.00,1033.6,1018.6
2023-12-15T08:00,2.6,0.00,99,2.4,0.2,0.00,0.00,0.00,3,97,0,88,83,4.8,236,193,11.7,9.0,0,0.00,1034.5,1019.5
2023-12-15T09:00,3.5,0.00,98,3.3,0.8,0.00,0.00,0.00,3,100,77,96,100,7.7,211,191,15.2,14.0,1,0.00,1034.8,1019.9
2023-12-15T10:00,4.7,0.00,93,3.7,1.8,0.00,0.00,0.00,3,100,84,90,100,9.8,215,208,16.3,19.4,1,0.00,1035.4,1020.5
2023-12-15T11:00,5.4,0.00,90,3.9,2.5,0.00,0.00,0.00,3,100,49,53,100,9.9,225,224,15.3,20.5,1,0.00,1036.1,1021.2
2023-12-15T12:00,6.1,0.00,87,4.1,3.1,0.00,0.00,0.00,3,100,100,36,100,10.7,227,228,15.3,22.7,1,0.00,1036.3,1021.5
2023-12-15T13:00,6.7,0.00,83,4.1,3.7,0.00,0.00,0.00,3,100,100,81,100,11.1,244,245,15.6,24.1,1,428.42,1036.8,1022.0
2023-12-15T14:00,7.0,0.10,87,5.0,4.5,0.10,0.00,0.00,51,100,100,100,100,8.7,248,246,14.4,23.8,1,0.00,1037.0,1022.2
2023-12-15T15:00,6.6,0.60,92,5.5,4.6,0.60,0.00,0.00,53,100,39,100,100,6.4,251,243,13.3,17.6,1,0.00,1037.3,1022.5
2023-12-15T16:00,6.4,0.50,94,5.5,4.5,0.50,0.00,0.00,53,100,7,99,100,5.4,239,222,12.6,13.3,1,0.00,1037.8,1023.0
2023-12-15T17:00,6.1,0.10,94,5.2,4.1,0.10,0.00,0.00,51,100,9,10,100,5.9,234,218,13.4,11.9,0,0.00,1038.2,1023.3
2023-12-15T18:00,5.9,0.00,95,5.2,4.1,0.00,0.00,0.00,3,99,14,23,99,4.6,249,231,12.0,11.9,0,0.00,1038.8,1023.9
2023-12-15T19:00,5.6,0.00,96,5.0,3.9,0.00,0.00,0.00,3,97,0,2,97,3.3,255,229,9.7,9.0,0,0.00,1039.4,1024.5
2023-12-15T20:00,5.4,0.00,97,4.9,3.6,0.00,0.00,0.00,2,56,0,1,56,3.2,252,207,8.0,7.6,0,0.00,1039.8,1024.9
2023-12-15T21:00,4.3,0.00,98,4.0,2.1,0.00,0.00,0.00,2,72,53,0,40,4.9,253,197,7.5,7.6,0,0.00,1040.2,1025.2
2023-12-15T22:00,3.2,0.00,99,3.0,0.7,0.00,0.00,0.00,1,44,31,0,18,5.8,233,180,7.7,7.9,0,0.00,1040.5,1025.5
2023-12-15T23:00,2.9,0.00,100,2.9,0.5,0.00,0.00,0.00,2,55,27,1,38,5.1,243,176,6.4,8.6,0,0.00,1041.1,1026.0
2023-12-16T00:00,2.3,0.00,100,2.3,-0.3,0.00,0.00,0.00,3,98,15,1,98,5.4,235,180,7.0,7.6,0,0.00,1041.3,1026.2
2023-12-16T01:00,2.2,0.00,100,2.2,-0.2,0.00,0.00,0.00,3,100,10,0,100,4.3,257,185,6.6,7.9,0,0.00,1041.6,1026.5
2023-12-16T02:00,4.2,0.00,99,4.0,2.6,0.00,0.00,0.00,3,91,8,5,90,1.3,270,124,4.3,9.7,0,0.00,1041.8,1026.8
2023-12-16T03:00,4.5,0.00,99,4.3,2.7,0.00,0.00,0.00,2,57,1,3,55,2.8,180,130,1.8,5.8,0,0.00,1041.9,1026.9
2023-12-16T04:00,3.4,0.00,100,3.4,1.2,0.00,0.00,0.00,2,78,52,2,53,4.3,216,156,3.1,5.8,0,0.00,1042.2,1027.1
2023-12-16T05:00,3.3,0.00,100,3.2,0.9,0.00,0.00,0.00,3,100,23,0,100,5.4,205,176,7.6,9.7,0,0.00,1042.1,1027.0
2023-12-16T06:00,2.7,0.00,100,2.7,0.2,0.00,0.00,0.00,3,100,1,0,100,5.6,207,165,10.9,10.8,0,0.00,1042.0,1026.9
2023-12-16T07:00,2.4,0.00,99,2.3,-0.1,0.00,0.00,0.00,3,100,17,0,100,5.2,209,146,11.1,10.8,0,0.00,1042.0,1026.9
2023-12-16T08:00,2.1,0.00,99,1.9,-0.4,0.00,0.00,0.00,3,100,8,1,100,5.1,191,129,9.5,10.8,0,0.00,1042.5,1027.4
2023-12-16T09:00,2.3,0.00,100,2.3,-0.4,0.00,0.00,0.00,3,100,1,0,100,6.5,157,124,8.2,13.7,1,0.00,1043.3,1028.2
2023-12-16T10:00,2.9,0.00,99,2.8,0.2,0.00,0.00,0.00,3,100,12,0,100,7.1,151,139,9.5,16.2,1,0.00,1043.6,1028.5
2023-12-16T11:00,3.6,0.00,99,3.4,1.1,0.00,0.00,0.00,3,100,3,0,100,6.0,172,155,8.0,16.9,1,1100.46,1043.9,1028.8
2023-12-16T12:00,4.7,0.00,95,3.9,2.4,0.00,0.00,0.00,3,100,18,0,100,5.4,196,200,6.4,15.5,1,3600.00,1043.9,1028.9
2023-12-16T13:00,5.4,0.00,92,4.1,3.3,0.00,0.00,0.00,2,70,4,0,69,4.7,210,212,5.8,15.1,1,3600.00,1043.2,1028.2
2023-12-16T14:00,7.0,0.00,87,5.0,5.1,0.00,0.00,0.00,1,28,12,1,17,4.7,248,247,6.6,13.0,1,3600.00,1042.8,1027.9
2023-12-16T15:00,6.9,0.00,84,4.3,4.8,0.00,0.00,0.00,0,9,5,0,4,4.5,216,209,6.7,12.6,1,3600.00,1042.1,1027.2
2023-12-16T16:00,4.7,0.00,93,3.7,2.3,0.00,0.00,0.00,0,7,6,0,1,6.2,207,190,10.1,10.1,1,2792.09,1041.8,1026.8
2023-12-16T17:00,3.9,0.00,93,2.8,1.3,0.00,0.00,0.00,0,16,16,0,0,6.3,213,193,15.1,11.5,0,0.00,1041.6,1026.6
2023-12-16T18:00,3.8,0.00,90,2.4,1.1,0.00,0.00,0.00,0,0,0,0,0,6.4,223,207,18.6,13.0,0,0.00,1041.6,1026.6
2023-12-16T19:00,2.4,0.00,92,1.2,-0.7,0.00,0.00,0.00,0,0,0,0,0,7.4,230,203,15.6,12.6,0,0.00,1041.8,1026.7
2023-12-16T20:00,1.7,0.00,92,0.5,-1.5,0.00,0.00,0.00,0,0,0,0,0,7.6,227,185,13.2,11.9,0,0.00,1041.9,1026.7
2023-12-16T21:00,1.4,0.00,91,0.1,-1.7,0.00,0.00,0.00,0,0,0,0,0,7.0,228,168,9.7,11.2,0,0.00,1042.1,1026.9
2023-12-16T22:00,1.5,0.00,92,0.3,-1.3,0.00,0.00,0.00,0,0,0,0,0,5.0,207,159,10.1,10.1,0,0.00,1042.0,1026.8
2023-12-16T23:00,1.6,0.00,92,0.4,-1.3,0.00,0.00,0.00,0,1,0,0,1,5.6,196,153,13.1,10.4,0,0.00,1042.3,1027.1
2023-12-17T00:00,1.4,0.00,92,0.3,-1.5,0.00,0.00,0.00,0,2,2,0,0,5.6,193,153,14.8,10.8,0,0.00,1042.3,1027.1
2023-12-17T01:00,0.4,0.00,94,-0.5,-2.9,0.00,0.00,0.00,0,0,0,0,0,7.1,204,150,11.4,10.8,0,0.00,1042.2,1027.0
2023-12-17T02:00,0.9,0.00,93,-0.2,-2.1,0.00,0.00,0.00,0,11,11,0,0,5.8,202,158,12.4,11.9,0,0.00,1042.1,1026.9
2023-12-17T03:00,0.1,0.00,95,-0.7,-3.2,0.00,0.00,0.00,1,21,21,0,0,7.2,203,162,10.2,10.4,0,0.00,1042.3,1027.1
2023-12-17T04:00,0.6,0.00,95,-0.0,-2.3,0.00,0.00,0.00,3,88,88,0,2,5.2,201,164,12.3,10.1,0,0.00,1042.0,1026.8
2023-12-17T05:00,0.1,0.00,97,-0.3,-2.8,0.00,0.00,0.00,3,85,83,0,8,5.0,201,159,11.2,10.1,0,0.00,1041.6,1026.4
2023-12-17T06:00,0.2,0.00,97,-0.2,-2.7,0.00,0.00,0.00,3,85,80,0,22,4.6,188,141,10.2,9.0,0,0.00,1041.4,1026.2
2023-12-17T07:00,0.7,0.00,97,0.2,-2.2,0.00,0.00,0.00,3,88,4,0,87,5.6,178,135,11.2,10.4,0,0.00,1041.2,1026.0
2023-12-17T08:00,1.8,0.00,97,1.3,-1.2,0.00,0.00,0.00,3,100,5,0,100,7.0,178,145,12.2,13.3,0,0.00,1041.5,1026.4
2023-12-17T09:00,2.5,0.00,96,2.0,-0.2,0.00,0.00,0.00,3,100,58,0,100,6.4,176,153,9.7,14.8,1,0.00,1041.6,1026.5
2023-12-17T10:00,3.2,0.00,96,2.6,0.7,0.00,0.00,0.00,3,100,7,0,100,5.6,183,165,7.6,13.3,1,0.00,1041.4,1026.3
2023-12-17T11:00,4.1,0.00,94,3.2,1.5,0.00,0.00,0.00,3,100,3,0,100,6.8,182,177,8.3,15.8,1,0.00,1041.1,1026.1
2023-12-17T12:00,4.6,0.00,95,3.8,2.5,0.00,0.00,0.00,3,100,0,0,100,4.5,172,166,5.1,15.8,1,0.00,1040.4,1025.4
2023-12-17T13:00,5.1,0.00,96,4.5,3.2,0.00,0.00,0.00,3,100,100,0,100,3.3,174,167,3.6,11.9,1,0.00,1039.6,1024.7
2023-12-17T14:00,5.2,0.00,88,3.3,2.8,0.00,0.00,0.00,3,100,98,0,100,5.6,153,153,8.0,13.3,1,0.00,1039.4,1024.5
2023-12-17T15:00,5.0,0.00,89,3.3,2.7,0.00,0.00,0.00,3,100,96,0,94,5.0,160,150,9.6,12.2,1,0.00,1039.0,1024.1
2023-12-17T16:00,4.4,0.00,91,3.0,2.2,0.00,0.00,0.00,3,85,77,0,36,4.1,160,142,9.6,10.1,1,388.12,1038.7,1023.7
2023-12-17T17:00,1.6,0.00,94,0.8,-1.5,0.00,0.00,0.00,3,92,90,0,16,7.5,191,163,11.7,11.9,0,0.00,1038.8,1023.7
2023-12-17T18:00,1.2,0.00,96,0.6,-1.7,0.00,0.00,0.00,1,48,23,0,32,6.2,197,173,13.9,12.6,0,0.00,1039.2,1024.1
2023-12-17T19:00,1.4,0.00,96,0.8,-1.6,0.00,0.00,0.00,2,53,2,0,52,6.5,189,161,15.7,13.0,0,0.00,1039.3,1024.2
2023-12-17T20:00,1.4,0.00,96,0.8,-1.6,0.00,0.00,0.00,2,55,0,0,55,6.8,188,155,16.3,13.3,0,0.00,1039.4,1024.3
2023-12-17T21:00,1.2,0.00,97,0.8,-1.7,0.00,0.00,0.00,2,71,0,0,71,6.4,189,153,15.7,13.7,0,0.00,1039.4,1024.3
2023-12-17T22:00,1.4,0.00,98,1.1,-1.5,0.00,0.00,0.00,3,100,0,0,100,6.1,193,152,14.4,13.7,0,0.00,1038.9,1023.8
2023-12-17T23:00,2.0,0.00,98,1.7,-0.8,0.00,0.00,0.00,3,100,0,0,100,6.8,194,148,14.5,13.3,0,0.00,1038.8,1023.7
2023-12-18T00:00,2.6,0.00,98,2.2,-0.3,0.00,0.00,0.00,3,100,0,0,100,7.2,196,153,14.6,14.0,0,0.00,1038.7,1023.6
2023-12-18T01:00,2.9,0.00,97,2.5,0.1,0.00,0.00,0.00,3,100,0,0,100,7.9,193,164,15.5,15.5,0,0.00,1038.2,1023.2
2023-12-18T02:00,1.7,0.00,96,1.2,-1.6,0.00,0.00,0.00,1,32,0,0,32,8.8,200,168,18.8,16.9,0,0.00,1037.8,1022.7
2023-12-18T03:00,1.3,0.00,97,0.9,-2.1,0.00,0.00,0.00,0,5,0,0,5,9.6,201,167,20.9,19.1,0,0.00,1037.6,1022.5
2023-12-18T04:00,1.0,0.00,96,0.4,-2.5,0.00,0.00,0.00,0,5,0,0,5,9.5,201,169,21.2,19.1,0,0.00,1037.3,1022.2
2023-12-18T05:00,1.1,0.00,94,0.2,-2.5,0.00,0.00,0.00,0,9,0,0,9,10.0,200,167,22.2,20.9,0,0.00,1036.9,1021.8
2023-12-18T06:00,0.9,0.00,93,-0.2,-2.5,0.00,0.00,0.00,0,14,0,0,14,8.2,206,165,19.2,19.8,0,0.00,1036.8,1021.7
2023-12-18T07:00,0.8,0.00,92,-0.3,-2.6,0.00,0.00,0.00,0,17,0,0,17,8.0,204,162,17.7,16.6,0,0.00,1036.6,1021.5
2023-12-18T08:00,0.5,0.00,92,-0.6,-2.8,0.00,0.00,0.00,0,15,0,0,15,7.4,201,157,17.0,15.8,0,0.00,1036.9,1021.8
2023-12-18T09:00,1.0,0.00,92,-0.2,-2.4,0.00,0.00,0.00,0,15,0,0,15,8.8,196,161,18.7,16.6,1,52.98,1037.0,1021.9
2023-12-18T10:00,2.5,0.00,89,0.8,-1.1,0.00,0.00,0.00,0,14,0,0,14,10.6,195,170,19.4,20.2,1,3600.00,1036.8,1021.8
2023-12-18T11:00,3.8,0.00,86,1.7,0.7,0.00,0.00,0.00,0,16,0,0,16,8.4,202,160,22.6,20.2,1,3600.00,1036.5,1021.5
2023-12-18T12:00,5.0,0.00,84,2.4,2.0,0.00,0.00,0.00,0,4,0,0,4,8.7,193,173,15.5,20.2,1,3600.00,1035.8,1020.9
2023-12-18T13:00,6.1,0.00,80,2.9,3.3,0.00,0.00,0.00,0,1,0,0,1,8.0,193,170,14.1,20.5,1,3600.00,1034.9,1020.1
2023-12-18T14:00,6.8,0.00,72,2.2,3.8,0.00,0.00,0.00,0,0,0,0,0,8.7,201,187,14.2,22.0,1,3600.00,1034.7,1019.9
2023-12-18T15:00,6.3,0.00,73,1.8,3.1,0.00,0.00,0.00,0,0,0,0,0,9.5,207,189,19.8,19.1,1,3600.00,1033.9,1019.1
2023-12-18T16:00,4.2,0.00,81,1.3,1.1,0.00,0.00,0.00,0,0,0,0,0,8.0,210,185,21.1,19.1,1,2818.86,1033.6,1018.7
2023-12-18T17:00,3.0,0.00,82,0.3,-0.3,0.00,0.00,0.00,0,0,0,0,0,8.4,218,190,22.0,16.9,0,0.00,1033.7,1018.7
2023-12-18T18:00,2.6,0.00,85,0.4,-0.7,0.00,0.00,0.00,0,0,0,0,0,8.8,218,189,22.3,17.6,0,0.00,1033.3,1018.3
2023-12-18T19:00,1.9,0.00,88,0.0,-1.3,0.00,0.00,0.00,0,4,4,0,0,7.0,224,192,19.6,17.6,0,0.00,1033.2,1018.2
2023-12-18T20:00,1.8,0.00,88,0.1,-1.4,0.00,0.00,0.00,0,3,3,0,0,7.3,222,189,17.8,15.1,0,0.00,1033.2,1018.2
2023-12-18T21:00,2.0,0.00,90,0.5,-1.6,0.00,0.00,0.00,0,1,0,0,1,10.4,205,178,23.0,20.5,0,0.00,1032.6,1017.6
2023-12-18T22:00,1.6,0.00,91,0.2,-1.7,0.00,0.00,0.00,3,90,90,0,1,8.2,222,203,21.9,20.9,0,0.00,1032.6,1017.6
2023-12-18T23:00,1.4,0.00,91,0.1,-2.3,0.00,0.00,0.00,1,32,32,0,0,10.8,206,178,22.4,19.4,0,0.00,1032.0,1017.0
2023-12-19T00:00,1.4,0.00,92,0.3,-2.2,0.00,0.00,0.00,0,1,1,0,0,10.8,219,206,26.1,25.6,0,0.00,1031.8,1016.8
2023-12-19T01:00,1.0,0.00,93,0.0,-2.3,0.00,0.00,0.00,0,17,7,0,11,8.2,229,209,20.9,22.3,0,0.00,1031.5,1016.5
2023-12-19T02:00,1.7,0.00,92,0.6,-1.5,0.00,0.00,0.00,2,77,74,0,14,7.9,231,210,21.3,20.5,0,0.00,1030.7,1015.7
2023-12-19T03:00,1.8,0.00,93,0.7,-1.4,0.00,0.00,0.00,3,94,91,1,32,7.9,238,219,19.6,17.3,0,0.00,1030.8,1015.8
2023-12-19T04:00,1.9,0.00,95,1.1,-1.5,0.00,0.00,0.00,3,99,97,0,65,9.7,239,228,21.5,20.5,0,0.00,1030.6,1015.6
2023-12-19T05:00,1.6,0.00,96,1.1,-1.6,0.00,0.00,0.00,3,88,81,0,35,8.7,233,222,19.0,20.5,0,0.00,1030.1,1015.1
2023-12-19T06:00,0.7,0.00,95,0.0,-2.8,0.00,0.00,0.00,3,93,89,3,37,9.4,232,223,21.0,19.4,0,0.00,1029.8,1014.8
2023-12-19T07:00,0.1,0.00,95,-0.7,-3.3,0.00,0.00,0.00,3,100,98,80,29,7.7,235,229,19.7,20.2,0,0.00,1029.7,1014.6
2023-12-19T08:00,0.2,0.00,94,-0.7,-3.1,0.00,0.00,0.00,3,99,99,2,25,7.4,236,227,18.2,17.3,0,0.00,1029.9,1014.8
2023-12-19T09:00,0.4,0.00,92,-0.7,-3.3,0.00,0.00,0.00,3,100,100,0,25,10.2,222,212,21.4,20.9,1,0.00,1029.2,1014.2
2023-12-19T10:00,1.3,0.00,87,-0.7,-3.1,0.00,0.00,0.00,3,93,87,9,41,14.8,233,231,22.9,30.6,1,3600.00,1028.8,1013.8
2023-12-19T11:00,2.0,0.00,84,-0.4,-2.2,0.00,0.00,0.00,3,97,91,7,59,14.0,234,235,21.7,33.5,1,3600.00,1028.4,1013.5
2023-12-19T12:00,2.4,0.00,84,0.0,-2.1,0.00,0.00,0.00,3,100,86,45,100,16.1,241,241,22.7,33.5,1,2613.31,1027.6,1012.7
2023-12-19T13:00,2.7,0.00,86,0.6,-1.9,0.00,0.00,0.00,3,100,60,23,100,17.4,230,230,25.5,36.0,1,0.00,1026.2,1011.3
2023-12-19T14:00,3.5,0.00,82,0.8,-0.7,0.00,0.00,0.00,3,100,96,43,92,14.5,228,228,22.2,32.0,1,0.00,1025.2,1010.4
2023-12-19T15:00,4.2,0.00,82,1.4,-0.8,0.00,0.00,0.00,3,100,13,100,100,20.9,227,228,31.8,41.0,1,0.00,1024.4,1009.6
2023-12-19T16:00,4.1,0.00,86,1.9,-0.3,0.00,0.00,0.00,3,100,79,100,100,17.1,230,231,29.4,42.1,1,0.00,1024.1,1009.3
2023-12-19T17:00,4.2,0.00,87,2.2,0.0,0.00,0.00,0.00,3,100,77,100,100,16.5,233,234,28.3,35.6,0,0.00,1023.5,1008.8
2023-12-19T18:00,4.4,0.00,86,2.3,0.4,0.00,0.00,0.00,3,100,82,69,100,15.8,228,225,28.0,33.5,0,0.00,1022.5,1007.8
2023-12-19T19:00,4.6,0.00,86,2.4,0.4,0.00,0.00,0.00,3,100,54,100,100,17.3,228,227,30.3,35.3,0,0.00,1021.7,1007.0
2023-12-19T20:00,4.8,0.30,87,2.9,0.3,0.30,0.00,0.00,51,100,99,100,90,19.1,226,223,33.4,38.5,0,0.00,1021.2,1006.5
2023-12-19T21:00,5.0,0.00,87,3.0,0.5,0.00,0.00,0.00,3,100,100,100,92,19.9,229,228,34.9,42.1,0,0.00,1020.3,1005.6
2023-12-19T22:00,5.0,0.30,88,3.3,0.8,0.30,0.00,0.00,51,100,100,100,100,18.4,236,235,31.9,40.3,0,0.00,1020.2,1005.5
2023-12-19T23:00,4.9,0.40,92,3.7,0.6,0.40,0.00,0.00,51,100,100,100,95,18.9,232,231,33.3,38.9,0,0.00,1019.4,1004.7
2023-12-20T00:00,4.8,1.20,93,3.8,0.8,1.20,0.00,0.00,55,100,100,100,100,17.6,231,229,31.5,38.9,0,0.00,1019.0,1004.3
2023-12-20T01:00,4.7,1.20,94,3.9,0.8,1.20,0.00,0.00,55,100,100,100,100,16.9,232,230,30.2,36.4,0,0.00,1018.6,1003.9
2023-12-20T02:00,4.8,1.30,95,4.0,0.9,1.30,0.00,0.00,61,100,100,100,100,16.6,241,240,30.0,34.6,0,0.00,1018.5,1003.9
2023-12-20T03:00,4.8,1.60,94,3.9,1.2,1.60,0.00,0.00,61,100,100,100,100,14.8,247,244,26.9,34.2,0,0.00,1018.2,1003.6
2023-12-20T04:00,4.9,1.00,94,4.0,1.6,1.00,0.00,0.00,55,100,100,100,100,12.9,257,252,24.0,30.6,0,0.00,1017.9,1003.3
2023-12-20T05:00,4.8,0.30,95,4.1,1.9,0.30,0.00,0.00,51,100,100,100,100,10.0,253,244,20.3,26.3,0,0.00,1018.0,1003.4
2023-12-20T06:00,5.0,0.00,95,4.2,2.2,0.00,0.00,0.00,3,100,0,100,91,9.5,255,241,19.0,20.5,0,0.00,1018.1,1003.5
2023-12-20T07:00,5.1,0.00,94,4.2,2.1,0.00,0.00,0.00,1,31,0,3,29,10.9,274,264,22.0,22.0,0,0.00,1018.5,1003.9
2023-12-20T08:00,4.3,0.00,94,3.5,1.1,0.00,0.00,0.00,1,29,0,0,29,11.5,281,274,24.2,24.5,0,0.00,1019.4,1004.7
2023-12-20T09:00,3.8,0.00,93,2.8,0.7,0.00,0.00,0.00,0,14,0,0,14,9.8,271,264,21.6,24.1,1,6.86,1020.0,1005.3
2023-12-20T10:00,4.4,0.00,91,3.1,1.0,0.00,0.00,0.00,1,37,0,0,37,12.6,263,257,22.1,24.8,1,3600.00,1020.9,1006.2
2023-12-20T11:00,5.0,0.00,88,3.2,1.1,0.00,0.00,0.00,3,100,0,0,100,15.6,257,255,23.7,31.7,1,3600.00,1021.0,1006.3
2023-12-20T12:00,5.5,0.00,88,3.6,2.0,0.00,0.00,0.00,2,58,9,0,54,13.5,231,226,21.0,32.0,1,2407.10,1020.7,1006.1
2023-12-20T13:00,5.9,0.20,81,2.9,1.2,0.20,0.00,0.00,51,93,70,0,78,20.5,255,255,31.4,42.1,1,3600.00,1020.1,1005.5
2023-12-20T14:00,6.2,0.20,79,2.8,1.9,0.20,0.00,0.00,51,100,42,27,100,18.1,248,247,29.4,38.2,1,2222.49,1020.0,1005.4
2023-12-20T15:00,6.0,0.10,81,2.9,1.8,0.10,0.00,0.00,51,59,22,8,47,17.4,234,230,29.1,37.1,1,546.30,1019.2,1004.6
2023-12-20T16:00,5.5,0.00,82,2.6,1.3,0.00,0.00,0.00,3,98,53,70,90,17.6,229,226,29.6,35.6,1,1393.08,1019.1,1004.5
2023-12-20T17:00,5.6,0.00,81,2.5,0.9,0.00,0.00,0.00,3,100,6,99,99,20.4,230,228,34.2,41.0,0,0.00,1018.7,1004.1
2023-12-20T18:00,5.5,0.00,82,2.7,0.6,0.00,0.00,0.00,3,100,44,100,100,22.4,235,233,37.0,46.4,0,0.00,1018.8,1004.2
2023-12-20T19:00,5.4,0.00,83,2.7,0.5,0.00,0.00,0.00,3,100,0,97,100,22.3,234,232,37.4,46.1,0,0.00,1018.5,1003.9
2023-12-20T20:00,5.5,0.00,81,2.6,0.6,0.00,0.00,0.00,3,100,0,100,100,22.4,235,233,37.8,46.8,0,0.00,1018.2,1003.6
2023-12-20T21:00,5.5,0.00,82,2.7,0.5,0.00,0.00,0.00,3,100,0,100,100,22.7,232,229,38.2,46.8,0,0.00,1017.9,1003.3
2023-12-20T22:00,5.5,0.00,83,2.9,0.6,0.00,0.00,0.00,3,100,0,100,100,22.7,227,226,37.4,46.8,0,0.00,1017.3,1002.7
2023-12-20T23:00,5.6,0.00,84,3.1,0.5,0.00,0.00,0.00,3,100,4,100,100,23.5,222,220,39.3,48.6,0,0.00,1016.5,1001.9
2023-12-21T00:00,5.6,0.00,85,3.2,0.6,0.00,0.00,0.00,3,100,98,100,100,23.5,222,220,39.3,48.6,0,0.00,1015.8,1001.2
2023-12-21T01:00,5.9,0.10,85,3.6,0.7,0.10,0.00,0.00,51,100,97,100,100,24.7,230,228,41.7,51.1,0,0.00,1014.7,1000.2
2023-12-21T02:00,5.9,0.10,88,4.0,0.7,0.10,0.00,0.00,51,100,91,100,100,25.3,232,230,42.6,52.2,0,0.00,1013.9,999.4
2023-12-21T03:00,6.2,0.10,89,4.5,1.1,0.10,0.00,0.00,51,100,22,100,100,25.6,234,232,43.0,52.6,0,0.00,1013.2,998.7
2023-12-21T04:00,6.5,0.10,90,5.1,1.7,0.10,0.00,0.00,51,100,99,100,100,24.6,234,232,41.5,52.6,0,0.00,1011.9,997.4
2023-12-21T05:00,6.9,0.00,90,5.4,2.1,0.00,0.00,0.00,3,100,100,100,100,25.3,235,234,42.4,52.2,0,0.00,1011.0,996.6
2023-12-21T06:00,7.2,0.00,90,5.6,2.2,0.00,0.00,0.00,3,100,100,100,100,26.5,235,233,44.2,54.4,0,0.00,1010.1,995.7
2023-12-21T07:00,7.3,0.10,90,5.8,2.3,0.10,0.00,0.00,51,100,100,100,100,27.1,235,234,45.2,56.2,0,0.00,1009.0,994.6
2023-12-21T08:00,7.5,0.00,90,5.9,2.4,0.00,0.00,0.00,3,100,100,100,100,27.7,235,235,46.3,58.0,0,0.00,1008.1,993.7
2023-12-21T09:00,7.5,0.20,90,6.0,2.5,0.20,0.00,0.00,51,100,100,100,100,27.7,233,232,46.0,57.6,1,0.00,1007.7,993.3
2023-12-21T10:00,7.6,0.20,91,6.2,2.5,0.20,0.00,0.00,51,100,100,100,100,28.7,233,232,47.0,60.1,1,0.00,1007.4,993.1
2023-12-21T11:00,7.7,0.10,91,6.4,2.5,0.10,0.00,0.00,51,100,100,100,100,29.6,229,229,45.7,60.8,1,0.00,1006.0,991.7
2023-12-21T12:00,8.0,0.10,92,6.8,2.8,0.10,0.00,0.00,51,100,100,100,100,29.8,227,227,45.6,61.6,1,0.00,1004.1,989.8
2023-12-21T13:00,8.1,0.80,94,7.3,3.3,0.80,0.00,0.00,53,100,100,100,89,28.4,232,231,45.2,61.6,1,0.00,1002.7,988.5
2023-12-21T14:00,8.4,0.30,94,7.5,3.3,0.30,0.00,0.00,51,100,100,100,95,30.4,237,236,49.2,64.4,1,0.00,1001.7,987.5
2023-12-21T15:00,9.0,0.20,91,7.5,4.0,0.20,0.00,0.00,51,100,92,100,100,29.9,245,243,49.0,64.8,1,0.00,1000.9,986.7
2023-12-21T16:00,9.1,0.40,92,7.9,4.4,0.40,0.00,0.00,51,100,74,100,100,28.5,252,252,47.2,63.0,1,0.00,1000.2,986.0
2023-12-21T17:00,9.5,0.20,91,8.2,5.3,0.20,0.00,0.00,51,100,82,66,96,25.3,260,259,41.3,62.6,0,0.00,1000.2,986.1
2023-12-21T18:00,9.6,0.00,90,8.1,5.6,0.00,0.00,0.00,3,83,2,32,77,24.3,266,262,40.1,59.0,0,0.00,1000.5,986.4
2023-12-21T19:00,9.6,0.10,87,7.6,5.0,0.10,0.00,0.00,51,36,0,21,25,27.0,273,270,44.7,63.0,0,0.00,1000.5,986.4
2023-12-21T20:00,8.9,1.00,86,6.7,3.8,1.00,0.00,0.00,55,51,9,33,23,29.1,279,279,48.9,69.5,0,0.00,1000.9,986.7
2023-12-21T21:00,8.5,0.10,86,6.3,3.7,0.10,0.00,0.00,51,85,20,76,34,26.8,278,276,45.8,65.9,0,0.00,1001.3,987.1
2023-12-21T22:00,8.2,1.70,85,5.9,3.0,1.70,0.00,0.00,61,93,11,89,28,29.1,282,282,47.9,67.0,0,0.00,1001.8,987.6
2023-12-21T23:00,8.3,0.10,83,5.6,3.0,0.10,0.00,0.00,51,21,1,18,5,28.4,286,285,47.3,68.4,0,0.00,1002.4,988.2
2023-12-22T00:00,7.5,2.20,84,5.1,2.6,2.20,0.00,0.00,61,100,0,100,44,25.4,292,291,43.9,66.2,0,0.00,1003.1,988.8
2023-12-22T01:00,7.3,0.90,84,4.8,2.2,0.90,0.00,0.00,53,67,0,53,52,26.3,287,287,43.7,61.6,0,0.00,1003.2,988.9
2023-12-22T02:00,6.6,0.70,87,4.6,1.7,0.70,0.00,0.00,53,71,2,56,39,24.7,287,286,41.3,55.8,0,0.00,1004.0,989.7
2023-12-22T03:00,7.0,0.90,83,4.4,1.6,0.90,0.00,0.00,53,76,6,67,23,28.0,289,288,46.9,64.1,0,0.00,1004.5,990.2
2023-12-22T04:00,6.6,1.70,84,4.2,0.8,1.70,0.00,0.00,61,79,8,64,38,30.1,289,289,50.5,70.9,0,0.00,1004.7,990.3
2023-12-22T05:00,6.1,0.70,89,4.4,1.4,0.70,0.00,0.00,53,97,11,70,93,22.9,287,286,39.6,61.6,0,0.00,1004.8,990.4
2023-12-22T06:00,6.4,1.30,88,4.5,1.1,1.30,0.00,0.00,61,95,0,92,51,27.7,290,288,45.1,64.8,0,0.00,1005.2,990.8
2023-12-22T07:00,6.3,0.10,88,4.5,1.4,0.10,0.00,0.00,51,93,49,13,85,24.8,286,283,40.9,59.0,0,0.00,1005.4,991.0
2023-12-22T08:00,6.3,2.00,88,4.4,1.4,2.00,0.00,0.00,61,89,44,77,32,24.7,284,283,40.1,59.8,0,0.00,1006.2,991.8
2023-12-22T09:00,6.4,3.50,89,4.7,1.8,3.50,0.00,0.00,63,98,90,44,70,22.5,284,283,39.4,59.4,1,0.00,1006.7,992.3
2023-12-22T10:00,7.1,2.10,87,5.0,2.5,2.10,0.00,0.00,61,100,100,52,63,22.8,278,275,38.5,46.4,1,269.08,1006.9,992.5
2023-12-22T11:00,7.8,0.10,84,5.3,3.9,0.10,0.00,0.00,51,100,95,100,30,18.9,266,262,33.2,46.4,1,1041.31,1007.0,992.7
2023-12-22T12:00,7.6,0.10,85,5.2,3.6,0.10,0.00,0.00,51,100,100,100,60,19.1,257,254,32.5,39.6,1,0.00,1006.2,991.9
2023-12-22T13:00,7.6,1.70,90,6.0,3.3,1.70,0.00,0.00,61,100,100,100,100,22.1,254,251,37.8,45.4,1,0.00,1005.0,990.7
2023-12-22T14:00,8.2,1.20,89,6.5,3.6,1.20,0.00,0.00,55,100,100,100,100,25.4,264,263,41.7,50.8,1,0.00,1005.0,990.7
2023-12-22T15:00,8.6,0.10,89,6.8,4.4,0.10,0.00,0.00,51,100,100,99,99,22.7,270,267,38.9,52.6,1,0.00,1005.1,990.8
2023-12-22T16:00,8.6,0.20,88,6.7,4.6,0.20,0.00,0.00,51,100,100,100,100,21.3,271,268,34.6,47.2,1,0.00,1005.7,991.4
2023-12-22T17:00,8.6,0.20,87,6.5,4.4,0.20,0.00,0.00,51,100,100,99,100,22.7,274,271,36.8,46.4,0,0.00,1006.3,992.0
2023-12-22T18:00,8.4,0.30,88,6.5,4.2,0.30,0.00,0.00,51,100,94,100,99,22.3,274,269,39.0,45.7,0,0.00,1006.8,992.5
2023-12-22T19:00,8.2,0.70,87,6.2,4.0,0.70,0.00,0.00,53,100,100,100,100,22.3,272,267,39.6,48.2,0,0.00,1007.5,993.2
2023-12-22T20:00,8.2,0.20,87,6.2,3.9,0.20,0.00,0.00,51,100,93,99,100,22.8,269,265,39.2,49.0,0,0.00,1008.0,993.7
2023-12-22T21:00,8.2,0.30,87,6.2,3.6,0.30,0.00,0.00,51,100,100,91,93,25.3,268,265,44.7,50.8,0,0.00,1008.6,994.3
2023-12-22T22:00,8.0,0.60,87,5.9,3.6,0.60,0.00,0.00,53,100,85,96,89,23.5,267,264,44.7,57.6,0,0.00,1009.4,995.1
2023-12-22T23:00,8.0,0.60,87,6.0,3.4,0.60,0.00,0.00,53,99,72,90,74,25.0,266,263,44.4,58.3,0,0.00,1010.1,995.7
2023-12-23T00:00,7.8,0.40,89,6.1,3.3,0.40,0.00,0.00,51,100,100,82,71,23.9,268,265,43.2,57.6,0,0.00,1010.5,996.1
2023-12-23T01:00,7.7,0.20,90,6.1,3.1,0.20,0.00,0.00,51,100,83,98,30,24.5,270,269,42.1,56.5,0,0.00,1011.3,996.9
2023-12-23T02:00,8.0,0.10,88,6.2,3.5,0.10,0.00,0.00,51,100,100,100,100,24.5,270,268,40.3,60.5,0,0.00,1011.7,997.3
2023-12-23T03:00,7.8,0.50,90,6.3,3.6,0.50,0.00,0.00,53,100,99,100,98,22.3,272,270,37.8,57.2,0,0.00,1012.4,998.0
2023-12-23T04:00,7.8,0.30,88,6.0,3.7,0.30,0.00,0.00,51,100,99,100,95,21.4,266,262,35.4,52.6,0,0.00,1012.7,998.3
2023-12-23T05:00,7.7,0.20,87,5.8,3.5,0.20,0.00,0.00,51,100,100,100,100,21.7,263,259,36.3,46.8,0,0.00,1012.6,998.2
2023-12-23T06:00,7.5,0.30,89,5.8,3.4,0.30,0.00,0.00,51,100,100,100,99,20.5,250,246,34.4,44.3,0,0.00,1012.6,998.2
2023-12-23T07:00,7.4,0.30,89,5.7,2.9,0.30,0.00,0.00,51,100,100,100,100,23.0,247,243,39.5,47.9,0,0.00,1012.5,998.1
2023-12-23T08:00,7.3,0.50,89,5.5,2.5,0.50,0.00,0.00,53,100,100,100,100,24.8,240,237,41.1,51.1,0,0.00,1012.4,998.0
2023-12-23T09:00,7.3,0.30,88,5.5,2.7,0.30,0.00,0.00,51,100,100,100,100,23.8,241,238,39.5,54.4,1,0.00,1012.6,998.2
2023-12-23T10:00,7.3,0.60,90,5.8,2.6,0.60,0.00,0.00,53,100,98,100,100,24.6,241,238,40.6,51.1,1,0.00,1012.7,998.3
2023-12-23T11:00,7.5,0.40,90,5.9,3.0,0.40,0.00,0.00,51,100,92,100,100,24.0,242,240,37.5,51.5,1,0.00,1013.3,998.9
2023-12-23T12:00,7.6,0.30,90,6.1,3.1,0.30,0.00,0.00,51,100,100,100,100,24.0,242,240,38.6,49.3,1,0.00,1013.4,999.0
2023-12-23T13:00,7.8,0.40,90,6.2,3.2,0.40,0.00,0.00,51,100,54,100,100,24.7,250,249,40.7,51.8,1,0.00,1013.4,999.0
2023-12-23T14:00,7.4,0.10,90,5.8,2.7,0.10,0.00,0.00,51,100,99,99,100,25.1,242,243,38.2,58.0,1,0.00,1012.9,998.5
2023-12-23T15:00,7.3,0.10,89,5.6,2.6,0.10,0.00,0.00,51,100,97,97,100,24.5,245,244,39.8,52.9,1,0.00,1013.4,999.0
2023-12-23T16:00,7.2,0.10,88,5.4,2.5,0.10,0.00,0.00,51,100,81,75,100,24.3,246,245,40.3,54.0,1,0.00,1014.1,999.6
2023-12-23T17:00,7.3,0.00,88,5.4,2.8,0.00,0.00,0.00,3,100,97,100,100,23.2,247,246,36.8,52.6,0,0.00,1014.6,1000.1
2023-12-23T18:00,7.3,0.00,88,5.5,3.2,0.00,0.00,0.00,3,100,96,98,100,20.1,247,246,33.6,47.5,0,0.00,1015.2,1000.7
2023-12-23T19:00,7.3,0.20,89,5.6,3.1,0.20,0.00,0.00,51,100,98,99,100,20.9,248,246,34.6,44.3,0,0.00,1015.5,1001.0
2023-12-23T20:00,7.5,0.10,90,5.9,3.2,0.10,0.00,0.00,51,100,98,99,100,22.2,248,245,35.8,46.8,0,0.00,1015.7,1001.2
2023-12-23T21:00,7.6,0.00,90,6.0,3.5,0.00,0.00,0.00,3,100,100,87,100,21.6,247,244,35.2,46.4,0,0.00,1015.8,1001.3
2023-12-23T22:00,7.7,0.00,90,6.2,4.0,0.00,0.00,0.00,3,100,100,8,100,18.8,244,241,31.6,45.0,0,0.00,1015.5,1001.0
2023-12-23T23:00,7.9,0.00,90,6.4,3.9,0.00,0.00,0.00,3,100,98,33,100,20.9,245,243,34.9,43.2,0,0.00,1015.3,1000.9
2023-12-24T00:00,8.1,0.10,91,6.6,4.4,0.10,0.00,0.00,51,100,94,28,100,19.5,242,240,30.9,47.9,0,0.00,1015.3,1000.9
2023-12-24T01:00,8.1,0.40,92,6.8,4.5,0.40,0.00,0.00,51,100,39,34,100,19.2,246,244,30.8,44.6,0,0.00,1015.4,1001.0
2023-12-24T02:00,8.4,0.30,89,6.6,4.1,0.30,0.00,0.00,51,100,100,31,94,23.4,249,247,39.0,52.6,0,0.00,1014.7,1000.3
2023-12-24T03:00,8.2,0.60,90,6.7,3.7,0.60,0.00,0.00,53,100,100,24,100,25.0,245,243,40.3,49.3,0,0.00,1014.7,1000.3
2023-12-24T04:00,8.1,0.50,88,6.3,3.9,0.50,0.00,0.00,53,100,91,50,100,22.4,246,244,35.9,51.8,0,0.00,1015.0,1000.6
2023-12-24T05:00,8.0,0.40,89,6.2,3.6,0.40,0.00,0.00,51,100,88,100,100,23.2,242,240,37.0,49.0,0,0.00,1014.1,999.7
2023-12-24T06:00,8.0,0.10,88,6.2,3.5,0.10,0.00,0.00,51,100,94,100,100,23.9,241,239,39.5,52.9,0,0.00,1013.8,999.4
2023-12-24T07:00,8.0,0.10,88,6.2,3.7,0.10,0.00,0.00,51,100,100,100,100,22.9,237,237,37.7,52.9,0,0.00,1013.6,999.2
2023-12-24T08:00,7.9,1.50,91,6.6,3.7,1.50,0.00,0.00,61,100,96,100,93,22.8,237,235,37.7,49.3,0,0.00,1013.6,999.2
2023-12-24T09:00,8.0,0.90,92,6.8,3.4,0.90,0.00,0.00,53,100,100,100,100,25.8,240,240,41.1,52.6,1,0.00,1013.7,999.3
2023-12-24T10:00,8.2,1.00,92,7.0,4.0,1.00,0.00,0.00,55,100,83,100,100,23.4,240,239,37.6,52.6,1,0.00,1013.8,999.4
2023-12-24T11:00,8.3,1.10,93,7.2,4.0,1.10,0.00,0.00,55,100,84,100,100,24.0,240,240,39.3,51.8,1,0.00,1013.8,999.4
2023-12-24T12:00,8.5,0.60,92,7.3,4.1,0.60,0.00,0.00,53,100,48,100,100,25.1,241,241,42.1,53.6,1,0.00,1013.5,999.1
2023-12-24T13:00,8.7,0.00,91,7.3,4.2,0.00,0.00,0.00,3,100,87,100,100,25.9,243,243,42.5,54.7,1,0.00,1012.7,998.3
2023-12-24T14:00,9.3,0.00,89,7.6,5.3,0.00,0.00,0.00,3,100,90,100,100,23.1,236,236,37.6,53.6,1,0.00,1012.3,998.0
2023-12-24T15:00,9.4,0.10,89,7.6,5.4,0.10,0.00,0.00,51,100,100,100,100,23.0,239,238,38.3,50.8,1,0.00,1012.5,998.2
2023-12-24T16:00,9.1,1.50,92,7.9,4.9,1.50,0.00,0.00,61,100,100,100,97,25.1,239,238,42.0,55.1,1,0.00,1012.2,997.9
2023-12-24T17:00,9.1,0.10,91,7.7,4.7,0.10,0.00,0.00,51,100,100,92,100,26.2,242,243,42.7,55.4,0,0.00,1012.7,998.4
2023-12-24T18:00,9.2,0.00,89,7.5,4.4,0.00,0.00,0.00,3,100,100,94,92,28.1,239,239,48.6,61.6,0,0.00,1012.4,998.1
2023-12-24T19:00,9.3,0.00,87,7.2,4.7,0.00,0.00,0.00,3,100,100,95,89,26.6,241,242,46.6,61.2,0,0.00,1012.7,998.4
2023-12-24T20:00,9.5,0.00,83,6.8,4.8,0.00,0.00,0.00,3,100,100,64,97,26.9,240,240,46.1,62.3,0,0.00,1013.1,998.8
2023-12-24T21:00,9.7,0.00,79,6.2,5.0,0.00,0.00,0.00,3,100,100,100,62,25.6,241,241,43.5,60.1,0,0.00,1013.3,999.0
2023-12-24T22:00,9.8,0.00,74,5.4,4.8,0.00,0.00,0.00,3,100,100,99,100,26.6,240,240,45.9,58.7,0,0.00,1013.4,999.1
2023-12-24T23:00,10.0,0.00,68,4.4,4.7,0.00,0.00,0.00,3,100,100,100,100,27.2,241,241,47.1,60.5,0,0.00,1013.5,999.2
2023-12-25T00:00,10.0,0.00,67,4.1,4.8,0.00,0.00,0.00,3,100,95,100,100,26.1,243,244,44.3,59.8,0,0.00,1013.5,999.2
2023-12-25T01:00,9.7,0.10,69,4.3,4.8,0.10,0.00,0.00,51,100,84,100,100,24.5,244,244,42.8,58.0,0,0.00,1013.5,999.2
2023-12-25T02:00,9.7,0.00,77,5.9,4.8,0.00,0.00,0.00,3,100,81,95,100,26.2,243,243,44.0,54.0,0,0.00,1013.5,999.2
2023-12-25T03:00,9.8,0.00,76,5.8,4.8,0.00,0.00,0.00,3,100,94,100,100,26.6,242,242,43.8,56.5,0,0.00,1013.4,999.1
2023-12-25T04:00,9.7,0.00,78,6.1,4.7,0.00,0.00,0.00,3,100,98,100,91,27.4,238,237,45.0,56.9,0,0.00,1013.5,999.2
2023-12-25T05:00,9.2,1.10,84,6.7,4.8,1.10,0.00,0.00,55,100,100,100,87,24.5,238,237,40.9,56.2,0,0.00,1013.5,999.2
2023-12-25T06:00,9.2,0.00,84,6.7,5.0,0.00,0.00,0.00,3,100,100,100,93,23.0,241,241,39.0,52.2,0,0.00,1013.6,999.3
2023-12-25T07:00,9.1,0.00,85,6.7,5.1,0.00,0.00,0.00,3,100,99,99,96,21.6,241,240,36.3,48.6,0,0.00,1013.7,999.3
2023-12-25T08:00,9.2,0.10,84,6.7,5.2,0.10,0.00,0.00,51,100,99,100,95,21.5,237,235,36.6,45.4,0,0.00,1014.0,999.6
2023-12-25T09:00,9.2,0.40,86,6.9,5.2,0.40,0.00,0.00,51,100,100,100,100,21.8,236,236,37.1,45.4,1,0.00,1014.5,1000.1
2023-12-25T10:00,9.3,0.00,84,6.8,5.1,0.00,0.00,0.00,3,100,100,100,100,23.6,236,236,38.8,48.2,1,0.00,1014.8,1000.4
2023-12-25T11:00,9.4,0.10,84,6.9,4.9,0.10,0.00,0.00,51,100,100,100,43,25.3,234,234,42.1,52.2,1,0.00,1015.0,1000.6
2023-12-25T12:00,9.6,0.00,84,7.0,5.1,0.00,0.00,0.00,3,100,100,100,55,25.4,236,235,42.2,52.9,1,0.00,1014.8,1000.5
2023-12-25T13:00,9.9,0.00,84,7.3,5.6,0.00,0.00,0.00,3,100,100,100,89,24.8,238,237,40.3,52.2,1,0.00,1014.6,1000.3
2023-12-25T14:00,8.7,0.00,85,6.3,4.3,0.00,0.00,0.00,3,100,100,100,100,23.8,236,235,38.8,50.0,1,0.00,1014.9,1000.5
2023-12-25T15:00,9.0,0.00,83,6.4,4.7,0.00,0.00,0.00,3,100,100,99,100,23.0,238,238,37.4,49.0,1,0.00,1014.8,1000.4
2023-12-25T16:00,9.0,0.00,83,6.3,5.0,0.00,0.00,0.00,3,100,100,100,97,20.8,237,236,33.5,47.9,1,0.00,1015.0,1000.6
2023-12-25T17:00,9.0,0.00,83,6.3,5.3,0.00,0.00,0.00,3,100,100,100,50,19.4,230,228,32.7,43.2,0,0.00,1015.0,1000.6
2023-12-25T18:00,9.1,0.00,82,6.2,5.3,0.00,0.00,0.00,3,100,99,100,68,19.5,232,231,33.3,41.8,0,0.00,1015.5,1001.1
2023-12-25T19:00,9.2,0.00,82,6.2,5.2,0.00,0.00,0.00,3,100,100,100,86,20.5,234,232,34.3,41.8,0,0.00,1015.6,1001.2
2023-12-25T20:00,9.3,0.00,81,6.2,5.3,0.00,0.00,0.00,3,100,100,93,92,20.7,232,230,35.1,43.2,0,0.00,1015.6,1001.2
2023-12-25T21:00,9.3,0.00,82,6.4,5.4,0.00,0.00,0.00,3,100,100,100,100,20.4,231,229,34.5,43.2,0,0.00,1015.3,1000.9
2023-12-25T22:00,9.5,0.00,81,6.5,5.5,0.00,0.00,0.00,3,100,97,70,100,21.7,230,228,35.8,44.6,0,0.00,1015.0,1000.6
2023-12-25T23:00,9.6,0.00,81,6.5,5.3,0.00,0.00,0.00,3,100,94,100,100,23.3,233,231,38.5,48.2,0,0.00,1014.6,1000.3
2023-12-26T00:00,9.6,0.00,82,6.6,5.5,0.00,0.00,0.00,3,100,99,98,100,22.1,235,233,36.7,48.2,0,0.00,1014.6,1000.3
2023-12-26T01:00,9.6,0.00,82,6.6,5.8,0.00,0.00,0.00,3,100,100,0,100,19.7,237,235,33.1,45.4,0,0.00,1014.4,1000.1
2023-12-26T02:00,9.0,0.00,80,5.8,4.4,0.00,0.00,0.00,3,100,100,0,99,24.4,236,236,39.7,49.3,0,0.00,1014.1,999.7
2023-12-26T03:00,8.8,0.10,79,5.4,4.0,0.10,0.00,0.00,51,100,100,0,100,25.0,241,240,41.3,51.5,0,0.00,1014.6,1000.2
2023-12-26T04:00,8.6,0.00,80,5.4,4.0,0.00,0.00,0.00,3,100,100,0,100,23.5,238,238,42.9,51.8,0,0.00,1014.8,1000.4
2023-12-26T05:00,8.6,0.10,79,5.2,3.9,0.10,0.00,0.00,51,100,100,97,100,24.1,238,235,43.3,52.9,0,0.00,1014.9,1000.5
2023-12-26T06:00,8.7,0.00,79,5.3,4.1,0.00,0.00,0.00,3,100,99,100,100,23.6,236,236,41.5,51.8,0,0.00,1014.9,1000.5
2023-12-26T07:00,8.7,0.00,81,5.6,4.2,0.00,0.00,0.00,3,100,100,100,100,23.5,235,234,41.3,50.4,0,0.00,1015.3,1000.9
2023-12-26T08:00,8.8,0.00,81,5.7,4.4,0.00,0.00,0.00,3,100,100,100,100,22.6,234,233,40.3,49.7,0,0.00,1016.1,1001.7
2023-12-26T09:00,8.9,0.10,82,5.9,4.6,0.10,0.00,0.00,51,100,100,100,93,22.0,234,232,40.5,49.7,1,0.00,1016.6,1002.2
2023-12-26T10:00,8.9,0.10,83,6.1,4.9,0.10,0.00,0.00,51,100,100,100,100,21.0,235,232,38.5,47.2,1,0.00,1017.6,1003.2
2023-12-26T11:00,9.1,0.00,83,6.4,5.4,0.00,0.00,0.00,3,100,65,100,100,19.2,239,236,34.6,44.6,1,0.00,1018.6,1004.2
2023-12-26T12:00,9.1,0.00,85,6.7,5.6,0.00,0.00,0.00,3,100,73,95,100,18.1,237,235,31.8,41.4,1,0.00,1018.8,1004.4
2023-12-26T13:00,9.4,0.00,84,6.9,5.8,0.00,0.00,0.00,3,100,20,8,100,19.4,241,239,32.6,40.7,1,0.00,1018.9,1004.5
2023-12-26T14:00,9.3,0.00,83,6.5,5.7,0.00,0.00,0.00,3,100,39,80,100,18.5,236,237,30.7,45.4,1,0.00,1019.1,1004.7
2023-12-26T15:00,9.3,0.00,84,6.7,5.7,0.00,0.00,0.00,3,100,68,1,100,19.3,244,243,31.6,41.4,1,0.00,1019.3,1004.9
2023-12-26T16:00,9.3,0.10,86,7.0,6.1,0.10,0.00,0.00,51,100,90,0,100,16.1,247,246,26.9,39.6,1,0.00,1020.0,1005.6
2023-12-26T17:00,8.8,0.10,88,7.0,5.7,0.10,0.00,0.00,51,83,75,1,32,15.5,242,239,27.4,33.8,0,0.00,1020.6,1006.1
2023-12-26T18:00,7.7,0.00,93,6.7,4.9,0.00,0.00,0.00,1,37,0,1,37,13.4,240,239,26.1,32.0,0,0.00,1021.2,1006.7
2023-12-26T19:00,7.4,0.10,94,6.6,4.7,0.10,0.00,0.00,51,59,1,1,59,12.6,247,246,25.5,27.4,0,0.00,1022.3,1007.7
2023-12-26T20:00,7.4,0.20,95,6.6,4.8,0.20,0.00,0.00,51,87,5,3,85,11.8,252,250,23.8,25.9,0,0.00,1022.8,1008.2
2023-12-26T21:00,7.7,0.10,93,6.7,5.2,0.10,0.00,0.00,51,96,82,2,75,11.3,247,243,22.3,24.1,0,0.00,1022.9,1008.3
2023-12-26T22:00,7.5,0.20,95,6.7,5.2,0.20,0.00,0.00,51,100,75,0,100,10.0,244,240,21.3,23.0,0,0.00,1023.3,1008.7
2023-12-26T23:00,7.9,0.20,94,7.0,5.7,0.20,0.00,0.00,51,89,63,0,70,9.7,239,231,19.7,21.2,0,0.00,1023.6,1009.0
2023-12-27T00:00,7.5,0.00,95,6.8,5.4,0.00,0.00,0.00,3,100,100,25,44,9.2,222,206,19.4,19.8,0,0.00,1023.9,1009.3
2023-12-27T01:00,7.1,0.00,95,6.4,4.8,0.00,0.00,0.00,3,100,99,49,100,9.7,211,195,20.5,19.1,0,0.00,1023.7,1009.1
2023-12-27T02:00,7.2,0.00,96,6.6,5.3,0.00,0.00,0.00,3,99,34,98,34,7.2,201,183,16.2,15.1,0,0.00,1023.9,1009.3
2023-12-27T03:00,6.8,0.00,96,6.2,4.8,0.00,0.00,0.00,3,99,66,93,79,7.2,204,183,16.6,14.0,0,0.00,1024.0,1009.4
2023-12-27T04:00,7.3,0.00,94,6.4,5.4,0.00,0.00,0.00,3,100,97,19,100,6.6,212,193,15.7,15.5,0,0.00,1023.7,1009.1
2023-12-27T05:00,7.4,0.00,93,6.4,5.6,0.00,0.00,0.00,3,100,72,65,100,5.9,203,169,12.9,13.3,0,0.00,1023.3,1008.7
2023-12-27T06:00,7.4,0.00,93,6.3,5.3,0.00,0.00,0.00,3,100,96,99,100,7.9,188,164,15.3,15.1,0,0.00,1023.0,1008.4
2023-12-27T07:00,7.4,0.00,93,6.4,5.3,0.00,0.00,0.00,3,100,100,55,100,8.1,177,159,15.1,15.8,0,0.00,1022.8,1008.2
2023-12-27T08:00,7.2,0.00,94,6.3,5.1,0.00,0.00,0.00,3,100,99,100,99,7.6,168,149,15.5,15.8,0,0.00,1022.7,1008.1
2023-12-27T09:00,7.3,0.00,94,6.4,5.4,0.00,0.00,0.00,3,100,99,100,92,6.5,173,146,12.7,15.1,1,0.00,1022.7,1008.1
2023-12-27T10:00,8.0,0.00,94,7.1,6.1,0.00,0.00,0.00,3,100,100,40,17,7.9,142,133,14.6,14.8,1,0.00,1022.0,1007.5
2023-12-27T11:00,8.7,0.00,92,7.5,7.3,0.00,0.00,0.00,3,94,91,25,1,5.2,152,155,9.8,15.5,1,3600.00,1021.8,1007.3
2023-12-27T12:00,9.3,0.00,89,7.5,7.6,0.00,0.00,0.00,2,73,60,12,25,7.2,197,198,10.1,17.6,1,3600.00,1021.1,1006.6
2023-12-27T13:00,9.7,0.00,80,6.5,7.5,0.00,0.00,0.00,3,100,100,0,0,8.7,198,197,12.5,20.5,1,3600.00,1020.2,1005.8
2023-12-27T14:00,9.0,0.00,77,5.3,6.8,0.00,0.00,0.00,3,100,100,0,0,7.2,186,183,10.5,19.1,1,3600.00,1019.7,1005.3
2023-12-27T15:00,8.8,0.00,77,5.0,6.8,0.00,0.00,0.00,3,100,100,0,0,5.7,178,162,10.4,16.9,1,3600.00,1018.9,1004.5
2023-12-27T16:00,7.5,0.00,79,4.1,5.2,0.00,0.00,0.00,3,100,100,0,0,6.3,183,156,14.8,14.0,1,356.18,1018.6,1004.1
2023-12-27T17:00,6.4,0.00,80,3.3,3.8,0.00,0.00,0.00,3,100,100,0,0,7.5,180,145,17.3,15.1,0,0.00,1018.1,1003.5
2023-12-27T18:00,6.1,0.00,82,3.2,3.3,0.00,0.00,0.00,3,100,100,0,0,8.2,167,131,18.5,15.8,0,0.00,1017.9,1003.3
2023-12-27T19:00,5.9,0.00,85,3.6,2.9,0.00,0.00,0.00,3,100,100,0,0,10.3,155,126,22.6,19.8,0,0.00,1017.2,1002.6
2023-12-27T20:00,5.9,0.00,85,3.5,2.9,0.00,0.00,0.00,3,100,100,0,0,9.7,163,135,21.9,20.9,0,0.00,1017.0,1002.4
2023-12-27T21:00,5.4,0.00,83,2.7,2.3,0.00,0.00,0.00,3,100,100,0,0,9.7,184,141,21.3,19.8,0,0.00,1017.0,1002.4
2023-12-27T22:00,5.5,0.00,76,1.6,2.1,0.00,0.00,0.00,3,100,100,0,0,10.4,207,180,25.9,22.7,0,0.00,1017.3,1002.7
2023-12-27T23:00,5.9,0.00,65,-0.3,1.7,0.00,0.00,0.00,1,46,46,0,0,13.5,219,209,32.0,27.7,0,0.00,1017.5,1002.9
2023-12-28T00:00,6.6,0.00,56,-1.6,2.0,0.00,0.00,0.00,3,97,97,0,0,15.1,219,213,34.1,32.4,0,0.00,1017.6,1003.1
2023-12-28T01:00,6.3,0.00,55,-2.0,1.8,0.00,0.00,0.00,3,99,99,0,0,14.1,223,218,32.4,32.0,0,0.00,1018.1,1003.5
2023-12-28T02:00,5.5,0.00,63,-1.0,1.3,0.00,0.00,0.00,3,100,100,0,0,13.0,225,222,31.6,29.2,0,0.00,1018.3,1003.7
2023-12-28T03:00,5.9,0.00,61,-1.2,1.4,0.00,0.00,0.00,3,100,99,75,11,15.1,220,213,33.7,31.3,0,0.00,1018.7,1004.1
2023-12-28T04:00,6.2,0.90,66,0.3,1.8,0.90,0.00,0.00,53,100,100,100,94,15.8,216,210,32.5,34.9,0,0.00,1018.9,1004.3
2023-12-28T05:00,7.3,0.10,68,1.7,3.0,0.10,0.00,0.00,51,100,97,100,50,16.5,217,212,31.4,33.8,0,0.00,1019.0,1004.5
2023-12-28T06:00,7.5,0.30,74,3.1,4.0,0.30,0.00,0.00,51,100,91,100,87,13.5,222,214,27.5,33.1,0,0.00,1019.4,1004.9
2023-12-28T07:00,8.1,0.00,73,3.6,4.5,0.00,0.00,0.00,3,100,99,83,22,14.4,222,217,28.3,28.8,0,0.00,1019.5,1005.0
2023-12-28T08:00,8.3,0.00,72,3.6,4.6,0.00,0.00,0.00,3,100,100,100,97,15.0,222,215,29.3,30.6,0,0.00,1019.5,1005.0
2023-12-28T09:00,8.9,0.00,69,3.6,5.1,0.00,0.00,0.00,3,100,100,100,100,15.6,222,218,29.8,32.0,1,0.00,1019.6,1005.2
2023-12-28T10:00,8.9,0.00,72,4.1,5.2,0.00,0.00,0.00,3,100,98,100,100,15.8,224,223,28.8,33.1,1,0.00,1020.0,1005.5
2023-12-28T11:00,9.1,0.00,73,4.5,5.4,0.00,0.00,0.00,3,100,100,100,100,16.1,223,220,28.8,33.1,1,0.00,1020.4,1005.9
2023-12-28T12:00,9.2,0.00,74,4.9,5.8,0.00,0.00,0.00,3,100,54,100,29,14.6,222,218,26.5,33.5,1,0.00,1020.1,1005.7
2023-12-28T13:00,9.3,0.00,76,5.3,5.8,0.00,0.00,0.00,3,100,78,100,100,15.9,222,218,27.5,32.8,1,0.00,1019.6,1005.2
2023-12-28T14:00,8.8,0.20,86,6.5,5.8,0.20,0.00,0.00,51,100,0,100,98,14.1,223,218,25.7,32.0,1,0.00,1019.5,1005.0
2023-12-28T15:00,9.2,0.00,84,6.6,6.3,0.00,0.00,0.00,3,100,24,59,100,13.9,216,211,24.8,29.2,1,0.00,1019.0,1004.6
2023-12-28T16:00,9.0,0.00,85,6.6,6.0,0.00,0.00,0.00,3,100,0,30,100,15.0,219,215,26.9,31.0,1,0.00,1018.8,1004.4
2023-12-28T17:00,9.0,0.00,84,6.4,5.8,0.00,0.00,0.00,3,100,3,52,100,15.9,223,219,28.3,32.4,0,0.00,1018.7,1004.3
2023-12-28T18:00,9.1,0.00,82,6.2,5.6,0.00,0.00,0.00,3,100,89,32,100,16.8,226,223,29.0,34.2,0,0.00,1018.7,1004.3
2023-12-28T19:00,9.0,0.00,82,6.1,5.6,0.00,0.00,0.00,3,100,98,97,100,16.6,225,222,29.0,35.3,0,0.00,1018.9,1004.5
2023-12-28T20:00,8.9,0.00,83,6.2,5.9,0.00,0.00,0.00,3,100,98,100,56,13.5,224,222,24.7,34.2,0,0.00,1018.8,1004.4
2023-12-28T21:00,8.7,0.20,86,6.5,5.6,0.20,0.00,0.00,51,100,97,92,19,14.7,220,216,26.6,30.6,0,0.00,1018.5,1004.1
2023-12-28T22:00,8.6,0.00,88,6.7,5.7,0.00,0.00,0.00,3,100,76,94,100,13.9,221,217,25.8,31.0,0,0.00,1018.2,1003.8
2023-12-28T23:00,8.4,0.00,89,6.7,5.5,0.00,0.00,0.00,2,74,39,13,53,14.5,221,215,27.1,30.2,0,0.00,1018.1,1003.6
2023-12-29T00:00,8.0,0.00,91,6.6,4.7,0.00,0.00,0.00,1,40,0,31,24,16.7,222,217,31.1,34.6,0,0.00,1017.8,1003.3
2023-12-29T01:00,8.0,0.00,90,6.4,4.6,0.00,0.00,0.00,3,90,32,4,84,17.1,230,228,31.4,35.6,0,0.00,1017.6,1003.1
2023-12-29T02:00,8.5,0.00,88,6.7,5.1,0.00,0.00,0.00,3,99,99,0,10,17.6,230,226,32.2,37.1,0,0.00,1017.4,1003.0
2023-12-29T03:00,8.3,0.00,88,6.5,4.8,0.00,0.00,0.00,3,99,99,0,15,18.1,232,229,33.6,38.5,0,0.00,1017.3,1002.9
2023-12-29T04:00,7.9,0.00,90,6.4,4.6,0.00,0.00,0.00,3,100,100,0,6,16.5,229,226,31.4,37.8,0,0.00,1016.9,1002.4
2023-12-29T05:00,8.2,0.00,89,6.5,4.8,0.00,0.00,0.00,3,100,100,4,37,16.9,234,232,32.0,35.3,0,0.00,1016.8,1002.4
2023-12-29T06:00,8.6,0.00,87,6.5,5.1,0.00,0.00,0.00,3,99,99,0,16,17.9,234,232,32.5,37.1,0,0.00,1016.4,1002.0
2023-12-29T07:00,8.6,0.00,86,6.5,5.0,0.00,0.00,0.00,3,100,100,0,43,18.7,233,232,34.5,38.9,0,0.00,1016.4,1002.0
2023-12-29T08:00,8.8,0.00,85,6.4,5.1,0.00,0.00,0.00,3,100,100,0,11,19.1,236,234,34.4,40.0,0,0.00,1016.5,1002.1
2023-12-29T09:00,9.1,0.00,83,6.3,5.4,0.00,0.00,0.00,3,100,100,0,11,18.8,239,238,33.6,39.6,1,0.00,1016.7,1002.3
2023-12-29T10:00,9.6,0.00,82,6.6,5.9,0.00,0.00,0.00,3,100,100,8,34,19.3,236,233,33.2,40.0,1,0.00,1016.8,1002.4
2023-12-29T11:00,10.5,0.00,79,7.1,6.9,0.00,0.00,0.00,3,100,100,1,28,19.4,228,228,31.9,46.8,1,2952.25,1016.7,1002.4
2023-12-29T12:00,11.1,0.00,76,7.0,7.8,0.00,0.00,0.00,3,100,100,0,15,17.1,224,222,28.0,41.8,1,3600.00,1016.2,1001.9
2023-12-29T13:00,11.4,0.00,72,6.5,7.2,0.00,0.00,0.00,3,100,100,4,13,22.9,236,237,35.8,52.9,1,3600.00,1015.8,1001.5
2023-12-29T14:00,11.5,0.00,72,6.7,7.9,0.00,0.00,0.00,3,99,99,25,20,18.8,239,238,29.7,49.7,1,3600.00,1015.6,1001.3
2023-12-29T15:00,11.2,0.10,73,6.6,7.5,0.10,0.00,0.00,51,100,100,36,38,18.9,236,235,31.2,46.4,1,3600.00,1015.3,1001.0
2023-12-29T16:00,10.5,0.00,75,6.3,6.8,0.00,0.00,0.00,3,99,99,0,11,18.3,229,227,31.9,39.2,1,3150.87,1015.2,1000.9
2023-12-29T17:00,9.4,0.00,78,5.7,5.9,0.00,0.00,0.00,3,100,100,0,49,17.1,231,229,31.8,37.4,0,0.00,1015.4,1001.0
2023-12-29T18:00,9.6,0.00,75,5.3,5.7,0.00,0.00,0.00,3,100,100,1,91,18.9,232,228,33.1,38.9,0,0.00,1015.3,1000.9
2023-12-29T19:00,9.7,0.00,71,4.6,5.5,0.00,0.00,0.00,3,100,100,44,99,20.1,229,227,34.2,41.4,0,0.00,1015.1,1000.8
2023-12-29T20:00,9.8,0.00,71,4.7,5.5,0.00,0.00,0.00,3,100,100,40,84,20.1,229,227,33.9,42.5,0,0.00,1015.3,1001.0
2023-12-29T21:00,9.7,0.10,75,5.4,5.7,0.10,0.00,0.00,51,100,100,95,100,19.2,233,230,32.9,41.8,0,0.00,1015.7,1001.3
2023-12-29T22:00,10.1,0.00,74,5.6,6.1,0.00,0.00,0.00,3,99,95,84,30,19.9,236,235,33.9,41.4,0,0.00,1015.5,1001.2
2023-12-29T23:00,9.4,0.80,80,6.0,5.6,0.80,0.00,0.00,53,99,87,90,83,18.9,236,235,33.4,41.0,0,0.00,1015.6,1001.2
2023-12-30T00:00,9.1,0.80,84,6.5,5.3,0.80,0.00,0.00,53,99,72,82,91,19.8,236,233,34.7,43.6,0,0.00,1015.8,1001.4
2023-12-30T01:00,9.0,0.10,84,6.5,5.3,0.10,0.00,0.00,51,99,1,98,57,19.2,235,232,33.6,40.3,0,0.00,1016.0,1001.6
2023-12-30T02:00,9.5,0.00,80,6.2,5.8,0.00,0.00,0.00,3,100,97,12,100,18.5,234,233,31.5,38.2,0,0.00,1016.0,1001.6
2023-12-30T03:00,9.3,0.10,81,6.3,5.5,0.10,0.00,0.00,51,31,15,7,17,19.5,237,236,33.5,39.6,0,0.00,1016.4,1002.0
2023-12-30T04:00,8.5,0.10,85,6.2,4.9,0.10,0.00,0.00,51,38,4,8,32,17.7,240,241,31.9,40.0,0,0.00,1016.8,1002.4
2023-12-30T05:00,8.4,0.00,86,6.2,5.0,0.00,0.00,0.00,3,91,81,20,53,16.6,239,236,30.4,36.7,0,0.00,1016.9,1002.5
2023-12-30T06:00,8.4,0.20,88,6.4,4.9,0.20,0.00,0.00,51,99,98,49,30,17.3,246,247,30.6,35.3,0,0.00,1016.9,1002.5
2023-12-30T07:00,8.3,0.20,89,6.6,4.9,0.20,0.00,0.00,51,97,86,36,71,17.3,246,247,30.4,35.3,0,0.00,1017.2,1002.8
2023-12-30T08:00,8.3,0.10,91,6.8,4.8,0.10,0.00,0.00,51,88,13,1,86,18.0,238,237,31.7,36.4,0,0.00,1017.6,1003.1
2023-12-30T09:00,8.4,0.10,91,6.9,4.9,0.10,0.00,0.00,51,100,99,1,99,18.1,240,239,31.6,37.4,1,0.00,1018.2,1003.7
2023-12-30T10:00,8.8,0.20,90,7.2,5.4,0.20,0.00,0.00,51,85,73,0,44,18.2,238,236,30.3,37.4,1,0.00,1018.4,1004.0
2023-12-30T11:00,9.3,0.10,88,7.3,6.1,0.10,0.00,0.00,51,53,10,0,48,17.2,239,237,28.3,37.4,1,3600.00,1018.7,1004.3
2023-12-30T12:00,9.7,0.10,83,6.9,6.5,0.10,0.00,0.00,51,72,43,0,51,16.6,236,236,25.2,37.8,1,3600.00,1018.5,1004.1
2023-12-30T13:00,10.0,0.00,79,6.4,7.1,0.00,0.00,0.00,3,86,82,0,20,13.1,236,233,20.0,36.0,1,3600.00,1017.9,1003.5
2023-12-30T14:00,10.0,0.00,74,5.7,7.1,0.00,0.00,0.00,3,99,99,10,31,12.5,229,226,19.9,32.0,1,3301.22,1017.7,1003.3
2023-12-30T15:00,10.3,0.00,72,5.5,7.2,0.00,0.00,0.00,3,93,89,8,37,13.1,219,217,21.0,28.8,1,3600.00,1017.3,1003.0
2023-12-30T16:00,9.4,0.00,75,5.2,6.9,0.00,0.00,0.00,3,93,92,0,14,8.9,214,207,18.7,27.7,1,3267.74,1017.0,1002.6
2023-12-30T17:00,7.4,0.00,84,4.9,4.9,0.00,0.00,0.00,2,74,74,0,2,9.0,198,178,20.5,18.7,0,0.00,1016.7,1002.2
2023-12-30T18:00,6.9,0.00,87,5.0,4.2,0.00,0.00,0.00,3,99,99,4,5,10.5,184,164,23.1,20.2,0,0.00,1016.3,1001.8
2023-12-30T19:00,6.9,0.00,88,5.0,4.2,0.00,0.00,0.00,3,94,93,3,1,10.6,184,162,23.4,20.5,0,0.00,1016.0,1001.5
2023-12-30T20:00,6.6,0.00,88,4.8,3.9,0.00,0.00,0.00,3,92,88,2,33,9.4,180,157,22.7,20.5,0,0.00,1015.6,1001.1
2023-12-30T21:00,6.3,0.00,88,4.5,3.8,0.00,0.00,0.00,3,100,100,22,6,7.9,177,141,18.4,18.4,0,0.00,1015.3,1000.8
2023-12-30T22:00,6.3,0.00,88,4.4,3.8,0.00,0.00,0.00,2,63,63,0,1,8.0,166,126,16.3,15.5,0,0.00,1014.6,1000.1
2023-12-30T23:00,5.2,0.00,91,3.8,2.6,0.00,0.00,0.00,3,82,82,0,0,8.1,157,122,17.3,15.8,0,0.00,1014.1,999.5
2023-12-31T00:00,4.8,0.00,92,3.6,2.0,0.00,0.00,0.00,3,97,97,0,1,8.9,148,111,17.0,16.9,0,0.00,1013.6,999.0
2023-12-31T01:00,4.4,0.00,92,3.3,1.5,0.00,0.00,0.00,1,49,49,0,0,8.9,138,104,17.1,17.3,0,0.00,1012.5,997.9
2023-12-31T02:00,4.6,0.00,92,3.4,1.8,0.00,0.00,0.00,2,73,73,0,0,8.6,144,105,15.5,15.5,0,0.00,1011.5,996.9
2023-12-31T03:00,4.4,0.00,91,3.1,1.2,0.00,0.00,0.00,3,92,91,0,1,11.3,127,99,20.3,20.9,0,0.00,1010.6,996.0
2023-12-31T04:00,4.4,0.00,91,3.0,0.9,0.00,0.00,0.00,3,100,100,1,2,13.3,119,103,26.4,25.6,0,0.00,1009.5,995.0
2023-12-31T05:00,4.5,0.00,88,2.7,0.9,0.00,0.00,0.00,3,100,100,14,18,13.0,123,104,26.8,26.6,0,0.00,1008.7,994.2
2023-12-31T06:00,5.4,0.00,80,2.3,1.6,0.00,0.00,0.00,3,100,100,15,9,13.6,133,107,27.2,26.3,0,0.00,1007.5,993.0
2023-12-31T07:00,6.2,0.00,72,1.6,2.5,0.00,0.00,0.00,3,100,100,65,0,12.7,143,125,27.0,27.0,0,0.00,1006.8,992.4
2023-12-31T08:00,6.5,0.00,69,1.2,3.0,0.00,0.00,0.00,3,100,100,73,7,10.5,162,142,22.8,24.8,0,0.00,1006.7,992.3
2023-12-31T09:00,6.5,0.00,70,1.5,3.3,0.00,0.00,0.00,3,100,100,67,18,9.0,172,157,20.7,22.3,1,0.00,1006.6,992.2
2023-12-31T10:00,7.4,1.60,75,3.2,4.3,1.60,0.00,0.00,61,100,100,97,14,10.5,156,131,20.9,20.9,1,0.00,1006.1,991.8
2023-12-31T11:00,8.9,0.00,72,4.2,5.9,0.00,0.00,0.00,3,99,13,99,19,11.2,163,147,24.0,23.4,1,904.73,1005.3,991.1
2023-12-31T12:00,9.1,1.50,77,5.3,5.6,1.50,0.00,0.00,61,100,91,100,100,16.1,219,219,28.9,32.8,1,2052.66,1005.5,991.3
2023-12-31T13:00,8.1,0.40,84,5.5,4.2,0.40,0.00,0.00,51,100,94,100,17,19.0,214,213,32.9,38.5,1,0.00,1005.3,991.0
2023-12-31T14:00,8.2,0.10,88,6.4,4.6,0.10,0.00,0.00,51,100,100,100,1,17.9,223,218,30.6,40.0,1,0.00,1006.0,991.7
2023-12-31T15:00,8.0,0.10,85,5.6,4.0,0.10,0.00,0.00,51,100,100,97,1,19.7,222,218,33.4,40.3,1,0.00,1006.1,991.8
2023-12-31T16:00,7.6,0.00,85,5.2,4.0,0.00,0.00,0.00,3,100,100,99,2,16.1,210,204,28.4,40.0,1,0.00,1006.1,991.8
2023-12-31T17:00,7.1,0.00,84,4.6,3.4,0.00,0.00,0.00,3,100,100,94,18,16.3,201,194,29.3,33.8,0,0.00,1007.2,992.8
2023-12-31T18:00,6.7,0.00,82,3.9,3.0,0.00,0.00,0.00,3,100,100,34,0,15.6,206,199,28.3,33.8,0,0.00,1007.5,993.1
2023-12-31T19:00,6.4,0.00,82,3.5,2.5,0.00,0.00,0.00,3,100,100,1,2,16.1,203,196,29.4,33.5,0,0.00,1007.8,993.4
2023-12-31T20:00,6.3,0.00,83,3.5,2.2,0.00,0.00,0.00,3,100,100,0,8,17.6,196,191,31.9,35.6,0,0.00,1008.1,993.7
2023-12-31T21:00,6.0,0.00,82,3.2,2.1,0.00,0.00,0.00,1,28,0,1,28,16.3,210,208,30.5,36.7,0,0.00,1008.6,994.2
2023-12-31T22:00,5.6,0.00,83,3.0,1.8,0.00,0.00,0.00,1,39,4,15,29,15.0,215,210,28.5,33.8,0,0.00,1008.9,994.4
2023-12-31T23:00,5.6,0.00,83,3.0,1.6,0.00,0.00,0.00,2,74,71,33,4,16.0,221,216,29.9,32.4,0,0.00,1008.9,994.4
2024-01-01T00:00,5.6,0.00,83,2.9,1.3,0.00,0.00,0.00,3,100,71,2,100,18.4,217,215,33.1,37.8,0,0.00,1008.9,994.4
2024-01-01T01:00,6.5,0.00,78,2.9,2.1,0.00,0.00,0.00,3,92,67,1,74,18.7,220,218,32.4,39.6,0,0.00,1008.7,994.3
2024-01-01T02:00,6.9,0.10,80,3.7,2.5,0.10,0.00,0.00,51,100,91,69,99,19.6,226,223,33.6,40.7,0,0.00,1008.6,994.2
2024-01-01T03:00,6.5,0.20,81,3.4,2.1,0.20,0.00,0.00,51,100,94,17,100,19.6,224,221,34.1,41.0,0,0.00,1009.0,994.6
2024-01-01T04:00,6.5,0.20,80,3.3,2.1,0.20,0.00,0.00,51,89,54,35,74,19.4,227,223,33.1,41.0,0,0.00,1009.1,994.7
2024-01-01T05:00,6.2,0.10,80,3.0,1.6,0.10,0.00,0.00,51,100,0,13,100,20.6,227,226,35.7,42.1,0,0.00,1009.3,994.9
2024-01-01T06:00,6.3,0.10,79,3.0,1.6,0.10,0.00,0.00,51,54,0,31,41,21.1,227,226,35.9,43.6,0,0.00,1009.5,995.1
2024-01-01T07:00,5.6,0.10,84,3.1,0.9,0.10,0.00,0.00,51,62,0,34,50,21.5,232,230,37.2,46.4,0,0.00,1009.9,995.4
2024-01-01T08:00,5.7,0.00,81,2.8,1.2,0.00,0.00,0.00,2,67,4,37,52,19.6,230,229,34.0,44.6,0,0.00,1010.4,995.9
2024-01-01T09:00,5.5,0.70,83,2.8,0.9,0.70,0.00,0.00,53,69,18,44,41,20.0,233,232,34.5,41.4,1,0.00,1011.2,996.7
2024-01-01T10:00,5.7,0.20,83,3.0,1.1,0.20,0.00,0.00,51,74,8,30,69,19.9,231,229,34.1,41.0,1,3548.26,1011.6,997.1
2024-01-01T11:00,6.6,0.00,79,3.3,1.9,0.00,0.00,0.00,3,100,76,3,100,21.4,235,234,34.7,45.7,1,3600.00,1012.0,997.5
2024-01-01T12:00,7.2,0.00,76,3.2,2.3,0.00,0.00,0.00,3,100,100,0,77,23.0,237,238,34.8,45.0,1,652.93,1011.9,997.5
2024-01-01T13:00,7.5,0.00,74,3.2,3.0,0.00,0.00,0.00,3,99,98,3,32,19.7,232,232,30.2,47.5,1,3600.00,1011.8,997.4
2024-01-01T14:00,7.7,0.10,77,3.8,2.8,0.10,0.00,0.00,51,100,100,19,25,23.1,234,236,36.1,49.7,1,3600.00,1011.6,997.2
2024-01-01T15:00,7.7,0.00,76,3.8,3.5,0.00,0.00,0.00,3,100,100,92,17,18.7,232,230,30.8,47.2,1,2444.70,1011.6,997.2
2024-01-01T16:00,7.3,0.00,77,3.6,3.1,0.00,0.00,0.00,3,100,100,96,18,18.9,236,235,32.2,40.0,1,0.00,1012.1,997.7
2024-01-01T17:00,7.0,0.00,78,3.4,2.9,0.00,0.00,0.00,3,100,100,100,14,18.0,234,233,31.2,38.9,0,0.00,1012.6,998.2
2024-01-01T18:00,7.2,0.00,76,3.3,3.2,0.00,0.00,0.00,3,100,93,97,9,16.4,233,232,28.8,37.1,0,0.00,1012.9,998.5
2024-01-01T19:00,6.8,0.00,77,3.0,3.0,0.00,0.00,0.00,3,97,0,97,9,15.1,232,230,27.9,33.8,0,0.00,1013.4,998.9
2024-01-01T20:00,6.8,0.00,75,2.6,2.9,0.00,0.00,0.00,3,100,100,92,19,14.6,223,220,27.2,31.3,0,0.00,1013.2,998.7
2024-01-01T21:00,6.7,0.00,73,2.2,2.6,0.00,0.00,0.00,3,100,100,100,55,16.1,218,214,29.0,33.1,0,0.00,1013.3,998.8
2024-01-01T22:00,6.8,0.00,72,2.0,2.4,0.00,0.00,0.00,3,100,100,87,13,17.6,214,211,30.9,36.4,0,0.00,1012.7,998.2
2024-01-01T23:00,6.4,0.00,76,2.4,2.1,0.00,0.00,0.00,3,100,100,100,35,17.6,217,215,30.6,36.7,0,0.00,1012.3,997.8
2024-01-02T00:00,6.2,0.00,78,2.7,2.2,0.00,0.00,0.00,3,100,100,100,10,15.9,216,213,28.4,36.7,0,0.00,1011.9,997.4
2024-01-02T01:00,6.2,0.00,80,3.0,2.7,0.00,0.00,0.00,3,100,100,100,11,13.2,208,202,25.0,33.1,0,0.00,1010.7,996.2
2024-01-02T02:00,6.9,0.20,82,4.0,3.1,0.20,0.00,0.00,51,100,100,100,41,16.0,208,203,28.0,33.1,0,0.00,1009.5,995.1
2024-01-02T03:00,6.8,0.40,84,4.2,3.0,0.40,0.00,0.00,51,100,100,100,44,16.9,206,200,29.6,33.8,0,0.00,1008.5,994.1
2024-01-02T04:00,6.7,0.80,88,4.9,2.8,0.80,0.00,0.00,53,100,100,100,100,18.2,203,198,32.9,37.4,0,0.00,1007.0,992.6
2024-01-02T05:00,7.0,1.40,89,5.2,2.5,1.40,0.00,0.00,61,100,100,100,100,22.9,210,206,39.8,47.2,0,0.00,1005.7,991.3
2024-01-02T06:00,7.1,0.90,90,5.5,2.6,0.90,0.00,0.00,53,100,100,100,100,23.2,213,210,40.3,49.0,0,0.00,1004.5,990.2
2024-01-02T07:00,7.2,0.50,90,5.6,2.5,0.50,0.00,0.00,53,100,100,100,100,24.4,214,211,41.7,50.8,0,0.00,1003.6,989.3
2024-01-02T08:00,7.4,0.80,90,5.8,2.8,0.80,0.00,0.00,53,100,100,96,100,24.4,219,217,42.2,52.2,0,0.00,1003.3,989.0
2024-01-02T09:00,7.7,0.40,89,6.0,3.3,0.40,0.00,0.00,51,100,100,100,100,23.7,226,223,41.2,50.8,1,0.00,1004.2,989.9
2024-01-02T10:00,8.1,0.20,87,6.0,3.0,0.20,0.00,0.00,51,100,100,100,100,28.4,231,231,47.6,58.3,1,0.00,1003.9,989.6
2024-01-02T11:00,8.1,0.30,89,6.4,3.3,0.30,0.00,0.00,51,100,100,100,100,26.6,230,229,45.2,59.4,1,0.00,1003.8,989.5
2024-01-02T12:00,8.1,0.30,89,6.5,3.6,0.30,0.00,0.00,51,100,100,100,100,24.5,229,229,41.9,55.1,1,0.00,1003.7,989.4
2024-01-02T13:00,8.2,0.80,90,6.7,4.1,0.80,0.00,0.00,53,100,100,100,100,22.5,222,220,38.7,51.1,1,0.00,1002.8,988.6
2024-01-02T14:00,8.7,1.10,91,7.3,5.0,1.10,0.00,0.00,55,100,100,100,100,20.3,217,213,35.0,43.9,1,0.00,1000.8,986.6
2024-01-02T15:00,9.0,1.40,90,7.5,4.8,1.40,0.00,0.00,61,100,100,100,100,24.5,224,221,42.0,50.0,1,0.00,1000.1,985.9
2024-01-02T16:00,9.1,1.20,89,7.5,4.6,1.20,0.00,0.00,55,100,100,100,100,26.5,226,224,45.1,55.4,1,0.00,999.9,985.7
2024-01-02T17:00,9.0,0.60,89,7.3,4.8,0.60,0.00,0.00,53,100,100,100,100,23.8,221,218,40.8,55.1,0,0.00,999.3,985.1
2024-01-02T18:00,9.0,0.70,89,7.2,5.2,0.70,0.00,0.00,53,100,100,100,100,21.1,216,213,37.4,49.3,0,0.00,998.3,984.2
2024-01-02T19:00,9.0,1.20,89,7.3,4.8,1.20,0.00,0.00,55,100,100,98,100,24.1,220,218,41.7,50.8,0,0.00,997.7,983.6
2024-01-02T20:00,9.3,1.00,87,7.2,4.7,1.00,0.00,0.00,55,100,64,100,77,27.0,227,225,46.1,56.2,0,0.00,997.6,983.5
2024-01-02T21:00,9.7,0.10,83,7.0,4.4,0.10,0.00,0.00,51,98,0,97,72,30.6,228,227,48.7,64.8,0,0.00,997.2,983.1
2024-01-02T22:00,9.9,0.00,82,6.9,4.8,0.00,0.00,0.00,3,100,0,92,100,28.9,231,231,45.1,64.1,0,0.00,997.7,983.6
2024-01-02T23:00,10.0,0.40,79,6.5,5.1,0.40,0.00,0.00,51,85,0,81,66,27.3,235,234,44.4,56.9,0,0.00,998.2,984.1
2024-01-03T00:00,9.7,0.50,82,6.8,5.1,0.50,0.00,0.00,53,97,0,95,38,26.1,235,235,41.6,65.2,0,0.00,998.3,984.2
2024-01-03T01:00,9.6,0.00,82,6.6,5.0,0.00,0.00,0.00,3,87,4,43,79,25.1,231,231,40.2,57.6,0,0.00,998.5,984.4
2024-01-03T02:00,9.5,0.30,86,7.3,4.9,0.30,0.00,0.00,51,81,26,40,66,26.6,230,229,42.2,64.8,0,0.00,998.3,984.2
2024-01-03T03:00,9.3,0.10,90,7.7,5.1,0.10,0.00,0.00,51,55,13,40,26,24.6,236,235,39.9,64.4,0,0.00,999.0,984.9
2024-01-03T04:00,9.1,0.60,90,7.5,5.0,0.60,0.00,0.00,53,90,22,82,59,23.7,229,226,39.3,58.0,0,0.00,999.3,985.1
2024-01-03T05:00,9.3,0.40,89,7.5,5.6,0.40,0.00,0.00,51,88,78,26,35,21.2,232,228,35.6,57.2,0,0.00,999.5,985.4
2024-01-03T06:00,8.7,2.30,89,7.0,4.8,2.30,0.00,0.00,61,38,0,7,34,21.4,228,226,36.2,54.4,0,0.00,999.7,985.5
2024-01-03T07:00,8.2,1.00,90,6.7,4.3,1.00,0.00,0.00,55,93,60,74,64,20.9,224,224,34.1,45.4,0,0.00,1000.2,986.0
2024-01-03T08:00,8.4,0.20,90,6.8,4.5,0.20,0.00,0.00,51,97,30,84,80,21.1,221,217,35.2,45.4,0,0.00,1000.3,986.1
2024-01-03T09:00,8.3,0.40,91,7.0,4.3,0.40,0.00,0.00,51,98,0,87,89,22.0,222,220,37.0,47.5,1,0.00,1000.1,985.9
2024-01-03T10:00,8.5,1.90,88,6.6,3.9,1.90,0.00,0.00,61,97,0,78,92,25.5,223,223,41.5,55.8,1,0.00,1000.0,985.8
2024-01-03T11:00,8.9,1.30,90,7.4,4.6,1.30,0.00,0.00,61,94,0,17,93,24.7,230,228,39.6,57.2,1,0.00,1000.5,986.3
2024-01-03T12:00,10.0,0.00,87,7.9,5.6,0.00,0.00,0.00,1,47,0,32,28,26.3,231,229,40.9,61.2,1,3600.00,1000.5,986.4
2024-01-03T13:00,10.4,0.20,84,7.8,5.8,0.20,0.00,0.00,51,68,0,49,46,27.6,231,230,43.8,68.8,1,3600.00,1000.0,985.9
2024-01-03T14:00,10.3,0.50,83,7.6,5.4,0.50,0.00,0.00,53,100,68,97,96,29.1,230,229,47.3,59.8,1,3600.00,999.4,985.3
2024-01-03T15:00,9.9,0.20,83,7.2,5.3,0.20,0.00,0.00,51,91,8,86,86,26.6,231,229,43.2,60.1,1,0.00,998.9,984.8
2024-01-03T16:00,9.7,0.40,86,7.5,5.5,0.40,0.00,0.00,51,94,17,91,46,23.9,226,225,40.7,58.7,1,1421.61,998.6,984.5
2024-01-03T17:00,9.3,0.70,87,7.2,5.4,0.70,0.00,0.00,53,100,100,96,57,21.7,224,220,37.9,55.8,0,0.00,998.4,984.3
2024-01-03T18:00,8.8,1.00,91,7.4,4.8,1.00,0.00,0.00,55,100,100,100,100,22.5,223,220,39.7,55.4,0,0.00,998.1,983.9
2024-01-03T19:00,8.6,0.90,92,7.3,3.7,0.90,0.00,0.00,53,100,100,99,100,28.3,226,226,49.1,60.8,0,0.00,997.9,983.7
2024-01-03T20:00,8.4,0.80,88,6.6,3.7,0.80,0.00,0.00,53,100,98,99,91,26.4,234,231,44.3,63.0,0,0.00,997.9,983.7
2024-01-03T21:00,8.6,0.40,89,6.9,4.3,0.40,0.00,0.00,51,97,82,73,43,23.8,234,232,39.5,60.1,0,0.00,998.8,984.6
2024-01-03T22:00,8.3,1.10,90,6.7,4.1,1.10,0.00,0.00,55,94,72,79,64,22.5,234,231,37.6,54.4,0,0.00,999.6,985.4
2024-01-03T23:00,8.1,0.90,90,6.5,4.2,0.90,0.00,0.00,53,100,98,78,53,20.1,230,227,34.8,54.4,0,0.00,1000.2,986.0
2024-01-04T00:00,7.8,1.00,90,6.3,3.9,1.00,0.00,0.00,55,100,100,98,97,20.4,228,224,36.4,51.5,0,0.00,1000.3,986.1
2024-01-04T01:00,7.7,0.30,90,6.2,3.6,0.30,0.00,0.00,51,100,100,91,82,21.8,224,219,38.4,52.6,0,0.00,1000.4,986.2
2024-01-04T02:00,8.4,0.40,87,6.3,4.3,0.40,0.00,0.00,51,100,100,99,100,21.8,237,236,35.9,53.3,0,0.00,1000.8,986.6
2024-01-04T03:00,8.4,1.00,87,6.3,4.1,1.00,0.00,0.00,55,100,99,96,100,23.0,242,241,36.4,55.4,0,0.00,1001.3,987.1
2024-01-04T04:00,8.2,1.00,88,6.3,4.3,1.00,0.00,0.00,55,100,99,98,99,20.2,242,239,34.0,55.1,0,0.00,1002.0,987.8
2024-01-04T05:00,8.0,1.10,87,5.9,3.9,1.10,0.00,0.00,55,99,76,72,90,20.8,240,236,33.7,50.4,0,0.00,1002.8,988.5
2024-01-04T06:00,7.8,0.70,88,6.0,4.0,0.70,0.00,0.00,53,97,5,80,89,19.1,239,234,34.1,47.2,0,0.00,1003.4,989.1
2024-01-04T07:00,7.9,2.00,88,6.0,4.1,2.00,0.00,0.00,61,97,0,67,93,18.7,243,240,33.0,46.1,0,0.00,1004.4,990.1
2024-01-04T08:00,7.8,1.00,88,6.0,4.3,1.00,0.00,0.00,55,98,0,97,64,17.4,249,243,32.8,47.5,0,0.00,1005.7,991.4
2024-01-04T09:00,7.5,1.70,88,5.6,3.5,1.70,0.00,0.00,61,100,18,98,100,19.6,241,238,34.5,48.2,1,0.00,1006.7,992.4
2024-01-04T10:00,7.5,0.20,88,5.7,3.1,0.20,0.00,0.00,51,100,37,99,100,22.6,240,239,40.1,49.3,1,0.00,1007.3,993.0
2024-01-04T11:00,7.9,0.00,84,5.3,3.6,0.00,0.00,0.00,2,73,1,64,38,21.9,251,250,37.7,49.3,1,0.00,1008.0,993.7
2024-01-04T12:00,8.4,0.10,78,4.9,3.5,0.10,0.00,0.00,51,61,0,19,59,25.0,258,258,39.3,50.0,1,3600.00,1008.4,994.1
2024-01-04T13:00,8.9,0.00,75,4.8,4.3,0.00,0.00,0.00,1,41,7,28,31,22.7,253,252,35.1,53.6,1,3600.00,1008.4,994.1
2024-01-04T14:00,8.8,0.10,71,3.9,4.0,0.10,0.00,0.00,51,95,69,78,60,22.9,246,248,35.5,50.8,1,3600.00,1008.5,994.2
2024-01-04T15:00,8.4,0.50,78,4.7,3.9,0.50,0.00,0.00,53,86,4,23,84,21.7,244,246,34.0,46.8,1,3600.00,1008.5,994.2
2024-01-04T16:00,7.9,0.10,81,4.9,4.2,0.10,0.00,0.00,51,76,58,30,36,16.8,247,247,29.4,43.9,1,3600.00,1008.9,994.6
2024-01-04T17:00,7.3,0.00,82,4.5,3.9,0.00,0.00,0.00,0,15,4,3,11,14.2,253,254,27.4,34.6,0,0.00,1008.9,994.5
2024-01-04T18:00,6.5,0.00,86,4.2,3.6,0.00,0.00,0.00,2,69,64,1,13,9.8,249,246,22.3,29.5,0,0.00,1008.9,994.5
2024-01-04T19:00,5.5,0.00,90,3.9,3.2,0.00,0.00,0.00,3,98,96,37,45,5.8,229,202,17.1,20.5,0,0.00,1009.0,994.5
2024-01-04T20:00,5.8,0.00,90,4.3,3.4,0.00,0.00,0.00,3,97,93,53,40,6.7,201,164,15.8,14.4,0,0.00,1009.1,994.6
2024-01-04T21:00,5.9,0.00,89,4.3,3.3,0.00,0.00,0.00,2,70,14,58,26,8.7,170,138,16.1,16.2,0,0.00,1008.7,994.3
2024-01-04T22:00,5.5,0.00,90,4.0,2.7,0.00,0.00,0.00,3,99,64,98,9,9.2,158,138,19.4,18.0,0,0.00,1008.2,993.7
2024-01-04T23:00,5.3,0.00,88,3.5,2.4,0.00,0.00,0.00,3,85,82,20,3,9.0,154,127,19.2,17.6,0,0.00,1007.9,993.4
2024-01-05T00:00,4.9,0.00,89,3.2,1.9,0.00,0.00,0.00,3,100,100,96,0,9.5,147,119,20.6,18.4,0,0.00,1006.9,992.4
2024-01-05T01:00,4.9,0.00,88,3.1,1.9,0.00,0.00,0.00,3,100,100,65,0,10.0,140,116,21.7,19.8,0,0.00,1006.2,991.7
2024-01-05T02:00,5.7,0.00,86,3.6,2.9,0.00,0.00,0.00,3,100,100,82,0,8.8,147,125,19.0,17.3,0,0.00,1005.8,991.4
2024-01-05T03:00,5.4,0.00,86,3.3,2.5,0.00,0.00,0.00,3,96,92,50,0,9.2,158,129,18.6,18.0,0,0.00,1005.5,991.1
2024-01-05T04:00,4.8,0.00,85,2.6,1.8,0.00,0.00,0.00,2,65,59,9,6,8.9,171,130,18.2,18.0,0,0.00,1004.8,990.4
2024-01-05T05:00,4.0,0.00,85,1.8,1.0,0.00,0.00,0.00,3,100,100,50,20,7.9,183,141,19.1,18.0,0,0.00,1004.3,989.8
2024-01-05T06:00,4.8,0.00,77,1.0,1.6,0.00,0.00,0.00,3,100,94,96,17,8.4,198,160,21.2,17.6,0,0.00,1004.0,989.6
2024-01-05T07:00,5.4,0.00,71,0.6,2.2,0.00,0.00,0.00,3,91,58,59,59,8.3,207,180,20.9,19.1,0,0.00,1003.8,989.4
2024-01-05T08:00,5.6,0.00,72,0.9,2.1,0.00,0.00,0.00,3,99,93,27,83,10.2,207,188,23.5,21.2,0,0.00,1004.2,989.8
2024-01-05T09:00,6.3,0.00,72,1.7,2.9,0.00,0.00,0.00,2,63,50,9,19,10.5,213,196,22.7,21.6,1,0.00,1004.5,990.1
2024-01-05T10:00,7.1,0.00,74,2.8,3.9,0.00,0.00,0.00,3,87,84,45,8,10.7,208,194,21.3,22.7,1,3481.49,1004.4,990.1
2024-01-05T11:00,8.4,0.00,73,3.8,4.6,0.00,0.00,0.00,3,96,96,8,6,15.9,218,213,24.6,32.0,1,3600.00,1004.5,990.2
2024-01-05T12:00,9.0,0.00,74,4.6,5.7,0.00,0.00,0.00,3,100,100,0,68,13.7,219,215,21.0,33.5,1,3600.00,1004.4,990.2
2024-01-05T13:00,9.2,0.00,73,4.7,5.6,0.00,0.00,0.00,3,100,100,39,19,15.8,229,227,24.0,34.9,1,2105.99,1003.9,989.7
2024-01-05T14:00,9.4,0.10,74,5.0,6.0,0.10,0.00,0.00,51,100,100,83,24,14.8,228,225,22.7,36.7,1,0.00,1003.4,989.2
2024-01-05T15:00,9.1,0.00,75,4.8,6.0,0.00,0.00,0.00,3,100,100,71,1,12.6,220,217,21.7,31.0,1,0.00,1003.4,989.2
2024-01-05T16:00,8.4,0.00,78,4.7,5.4,0.00,0.00,0.00,3,100,100,67,1,11.2,219,213,21.3,26.6,1,0.00,1003.7,989.4
2024-01-05T17:00,7.1,0.00,84,4.7,4.4,0.00,0.00,0.00,3,95,95,69,1,9.7,216,207,21.4,23.0,0,0.00,1004.0,989.7
2024-01-05T18:00,6.0,0.00,90,4.6,3.5,0.00,0.00,0.00,3,100,100,0,4,8.2,227,218,21.1,19.4,0,0.00,1004.5,990.1
2024-01-05T19:00,5.4,0.00,92,4.3,3.1,0.00,0.00,0.00,3,100,100,0,5,6.7,242,234,19.7,17.3,0,0.00,1004.6,990.2
2024-01-05T20:00,4.9,0.00,92,3.7,2.5,0.00,0.00,0.00,3,100,100,0,0,6.3,248,239,19.4,14.4,0,0.00,1005.1,990.7
2024-01-05T21:00,4.6,0.00,91,3.3,2.1,0.00,0.00,0.00,3,100,100,0,0,6.3,254,246,18.7,13.7,0,0.00,1005.3,990.8
2024-01-05T22:00,3.8,0.00,92,2.6,1.3,0.00,0.00,0.00,3,100,100,0,0,5.7,253,235,17.0,13.3,0,0.00,1005.5,991.0
2024-01-05T23:00,3.5,0.00,92,2.3,0.9,0.00,0.00,0.00,3,100,100,0,0,5.4,246,228,15.8,11.9,0,0.00,1005.7,991.2
2024-01-06T00:00,2.6,0.00,94,1.8,-0.1,0.00,0.00,0.00,3,100,100,0,0,5.9,246,218,13.0,11.2,0,0.00,1005.6,991.0
2024-01-06T01:00,3.0,0.00,94,2.1,0.4,0.00,0.00,0.00,3,99,99,1,0,5.5,219,191,14.3,10.8,0,0.00,1005.9,991.3
2024-01-06T02:00,2.8,0.00,95,2.0,0.2,0.00,0.00,0.00,3,100,100,1,5,5.4,243,222,15.8,13.0,0,0.00,1006.0,991.4
2024-01-06T03:00,2.3,0.00,95,1.6,-0.4,0.00,0.00,0.00,3,100,100,94,11,5.4,243,217,15.8,11.2,0,0.00,1006.6,992.0
2024-01-06T04:00,2.5,0.00,95,1.7,-0.2,0.00,0.00,0.00,3,100,100,100,7,5.9,238,218,16.5,12.2,0,0.00,1006.9,992.3
2024-01-06T05:00,2.4,0.00,95,1.7,-0.2,0.00,0.00,0.00,3,100,100,100,29,5.4,243,222,15.8,12.6,0,0.00,1007.2,992.6
2024-01-06T06:00,2.3,0.00,96,1.7,-0.3,0.00,0.00,0.00,3,100,100,100,93,5.0,240,210,14.2,11.5,0,0.00,1007.1,992.5
2024-01-06T07:00,2.7,0.00,97,2.2,0.0,0.00,0.00,0.00,3,100,100,100,100,6.1,217,183,12.6,11.5,0,0.00,1007.3,992.7
2024-01-06T08:00,3.3,0.00,94,2.5,0.5,0.00,0.00,0.00,3,100,88,100,100,7.6,207,177,15.0,13.7,0,0.00,1007.9,993.3
2024-01-06T09:00,3.7,0.10,94,2.8,1.1,0.10,0.00,0.00,51,100,62,97,100,6.6,202,171,13.2,13.7,1,0.00,1008.6,994.0
2024-01-06T10:00,4.1,0.10,94,3.2,1.6,0.10,0.00,0.00,51,100,52,100,100,6.1,209,183,14.0,12.6,1,0.00,1009.0,994.5
2024-01-06T11:00,5.0,0.10,91,3.7,2.7,0.10,0.00,0.00,51,100,39,100,100,5.8,217,202,10.8,14.0,1,0.00,1009.3,994.8
2024-01-06T12:00,5.5,0.10,90,4.1,3.3,0.10,0.00,0.00,51,100,7,100,100,5.5,216,212,8.0,13.7,1,0.00,1009.3,994.8
2024-01-06T13:00,5.9,0.00,89,4.2,3.7,0.00,0.00,0.00,3,100,50,93,100,5.4,233,228,7.2,13.0,1,0.00,1008.9,994.5
2024-01-06T14:00,6.1,0.00,87,4.1,4.0,0.00,0.00,0.00,3,100,41,98,100,4.5,242,241,6.1,11.9,1,0.00,1009.6,995.2
2024-01-06T15:00,6.2,0.00,87,4.2,4.3,0.00,0.00,0.00,3,99,18,52,98,3.5,249,246,5.0,11.5,1,0.00,1009.8,995.4
2024-01-06T16:00,6.2,0.00,88,4.3,4.5,0.00,0.00,0.00,3,99,97,49,61,2.1,234,239,3.1,9.0,1,0.00,1010.1,995.6
2024-01-06T17:00,5.8,0.10,89,4.1,4.0,0.10,0.00,0.00,51,100,99,39,96,2.8,238,230,3.4,4.7,0,0.00,1010.6,996.1
2024-01-06T18:00,5.5,0.30,90,4.1,3.7,0.30,0.00,0.00,51,100,86,86,98,2.5,266,262,4.7,4.3,0,0.00,1010.8,996.3
2024-01-06T19:00,5.5,0.30,92,4.3,3.6,0.30,0.00,0.00,51,100,98,74,100,3.7,313,299,9.4,7.2,0,0.00,1011.0,996.5
2024-01-06T20:00,5.1,0.20,95,4.3,2.8,0.20,0.00,0.00,51,100,100,68,49,6.3,344,336,13.5,12.2,0,0.00,1011.3,996.8
2024-01-06T21:00,4.8,0.60,95,4.1,2.2,0.60,0.00,0.00,53,100,100,55,57,8.5,359,348,16.2,16.9,0,0.00,1011.5,997.0
2024-01-06T22:00,4.7,0.40,95,4.0,1.9,0.40,0.00,0.00,51,100,100,95,90,9.4,348,337,18.0,18.0,0,0.00,1011.8,997.2
2024-01-06T23:00,4.7,0.30,95,4.0,1.6,0.30,0.00,0.00,51,100,100,99,99,11.3,343,333,20.4,22.3,0,0.00,1012.0,997.4
2024-01-07T00:00,4.5,0.10,96,3.8,1.4,0.10,0.00,0.00,51,100,100,100,100,10.8,345,339,19.7,23.4,0,0.00,1012.3,997.7
2024-01-07T01:00,4.3,0.30,96,3.7,1.3,0.30,0.00,0.00,51,100,100,100,100,10.7,347,340,18.9,22.0,0,0.00,1012.7,998.1
2024-01-07T02:00,4.3,0.00,94,3.3,1.2,0.00,0.00,0.00,3,100,100,100,41,10.5,354,344,19.2,23.0,0,0.00,1013.0,998.4
2024-01-07T03:00,4.1,0.00,94,3.3,1.1,0.00,0.00,0.00,3,100,100,100,37,10.0,348,339,19.5,20.9,0,0.00,1013.3,998.7
2024-01-07T04:00,4.2,0.10,95,3.5,1.0,0.10,0.00,0.00,51,100,96,100,99,11.3,356,351,20.6,22.3,0,0.00,1013.3,998.7
2024-01-07T05:00,3.8,0.00,96,3.3,0.7,0.00,0.00,0.00,3,100,68,100,84,10.5,2,356,19.5,22.7,0,0.00,1013.6,999.0
2024-01-07T06:00,3.9,0.00,96,3.3,0.8,0.00,0.00,0.00,3,100,100,100,60,10.5,4,356,18.8,21.6,0,0.00,1014.0,999.4
2024-01-07T07:00,3.9,0.00,94,3.1,0.8,0.00,0.00,0.00,3,100,100,100,42,10.1,9,360,18.2,21.2,0,0.00,1014.5,999.9
2024-01-07T08:00,3.8,0.10,93,2.7,0.7,0.10,0.00,0.00,51,100,100,100,29,9.8,28,17,18.7,20.2,0,0.00,1015.2,1000.5
2024-01-07T09:00,3.7,0.20,88,2.0,0.5,0.20,0.00,0.00,51,100,100,100,23,10.0,36,30,18.8,19.8,1,0.00,1016.0,1001.3
2024-01-07T10:00,3.6,0.00,84,1.1,-0.3,0.00,0.00,0.00,3,100,100,100,71,12.8,41,38,20.7,25.9,1,0.00,1016.7,1002.0
2024-01-07T11:00,3.3,0.00,83,0.6,-0.4,0.00,0.00,0.00,3,100,100,100,30,11.1,28,25,15.9,26.3,1,0.00,1017.0,1002.3
2024-01-07T12:00,3.1,0.00,78,-0.3,-0.8,0.00,0.00,0.00,3,100,100,96,26,11.6,34,30,17.4,25.9,1,0.00,1017.4,1002.7
2024-01-07T13:00,3.5,0.00,74,-0.8,-0.8,0.00,0.00,0.00,3,100,100,100,30,13.9,38,37,20.5,29.5,1,2731.91,1017.6,1002.9
2024-01-07T14:00,3.7,0.00,72,-0.9,-1.1,0.00,0.00,0.00,3,100,100,55,100,17.1,34,30,25.2,36.0,1,873.55,1017.8,1003.1
2024-01-07T15:00,3.0,0.00,70,-1.9,-1.9,0.00,0.00,0.00,3,100,99,82,100,17.5,35,32,26.1,37.1,1,0.00,1018.4,1003.7
2024-01-07T16:00,2.2,0.00,66,-3.4,-2.7,0.00,0.00,0.00,3,100,100,100,61,15.9,40,38,24.3,36.4,1,0.00,1019.3,1004.5
2024-01-07T17:00,1.5,0.00,65,-4.3,-3.3,0.00,0.00,0.00,3,100,100,100,43,14.4,33,32,21.9,33.8,0,0.00,1020.3,1005.5
2024-01-07T18:00,0.7,0.00,67,-4.7,-4.1,0.00,0.00,0.00,3,100,100,100,70,13.9,27,25,21.1,29.9,0,0.00,1021.4,1006.5
2024-01-07T19:00,-0.0,0.00,64,-5.9,-4.8,0.00,0.00,0.00,3,100,100,100,53,12.7,30,25,20.0,28.1,0,0.00,1022.2,1007.2
2024-01-07T20:00,-0.7,0.00,61,-7.2,-5.6,0.00,0.00,0.00,3,100,100,100,25,12.6,35,31,20.2,26.6,0,0.00,1022.8,1007.8
2024-01-07T21:00,-1.3,0.00,64,-7.3,-6.0,0.00,0.00,0.00,3,100,100,100,10,11.7,38,34,19.5,26.3,0,0.00,1023.3,1008.3
2024-01-07T22:00,-1.7,0.00,65,-7.3,-6.2,0.00,0.00,0.00,3,100,100,100,6,10.3,35,29,18.4,24.5,0,0.00,1023.9,1008.8
2024-01-07T23:00,-2.0,0.00,67,-7.3,-6.4,0.00,0.00,0.00,3,100,100,100,34,9.8,30,24,17.9,21.6,0,0.00,1024.1,1009.0
2024-01-08T00:00,-2.0,0.00,68,-7.1,-6.1,0.00,0.00,0.00,3,100,99,79,70,7.6,31,19,15.5,19.8,0,0.00,1024.4,1009.3
2024-01-08T01:00,-1.8,0.00,68,-6.9,-5.8,0.00,0.00,0.00,3,100,100,56,92,7.0,36,21,14.7,15.8,0,0.00,1024.6,1009.5
2024-01-08T02:00,-1.1,0.00,64,-7.0,-5.8,0.00,0.00,0.00,3,100,99,87,100,12.0,46,44,20.6,25.2,0,0.00,1024.5,1009.5
2024-01-08T03:00,-0.5,0.00,63,-6.8,-6.0,0.00,0.00,0.00,3,100,100,98,100,17.3,49,48,25.8,37.1,0,0.00,1024.5,1009.5
2024-01-08T04:00,-0.4,0.00,62,-6.9,-5.6,0.00,0.00,0.00,3,100,98,92,100,15.1,51,50,23.8,37.1,0,0.00,1024.4,1009.4
2024-01-08T05:00,-0.5,0.00,60,-7.3,-5.6,0.00,0.00,0.00,3,100,74,91,99,14.5,46,46,22.4,31.3,0,0.00,1024.6,1009.6
2024-01-08T06:00,-0.7,0.00,60,-7.4,-5.9,0.00,0.00,0.00,3,100,9,97,100,15.0,49,48,23.2,30.6,0,0.00,1024.7,1009.7
2024-01-08T07:00,-0.8,0.00,61,-7.4,-6.0,0.00,0.00,0.00,3,100,2,98,100,15.1,52,50,23.8,31.3,0,0.00,1024.9,1009.9
2024-01-08T08:00,-0.8,0.00,59,-7.8,-6.1,0.00,0.00,0.00,3,100,38,100,100,15.1,51,50,23.1,33.8,0,0.00,1025.1,1010.1
2024-01-08T09:00,-1.0,0.00,58,-8.1,-6.3,0.00,0.00,0.00,3,100,1,1,100,15.0,51,48,22.8,32.8,1,0.00,1025.6,1010.5
2024-01-08T10:00,-1.5,0.00,55,-9.5,-7.2,0.00,0.00,0.00,3,96,90,12,61,16.5,48,46,24.7,34.9,1,0.00,1026.0,1010.9
2024-01-08T11:00,-1.9,0.00,52,-10.6,-7.5,0.00,0.00,0.00,3,90,87,18,19,15.3,51,49,22.8,35.3,1,3600.00,1026.5,1011.4
2024-01-08T12:00,-1.7,0.00,53,-10.1,-7.1,0.00,0.00,0.00,2,53,45,50,1,14.4,55,53,20.7,33.1,1,3600.00,1026.3,1011.2
2024-01-08T13:00,-1.4,0.00,52,-9.9,-6.8,0.00,0.00,0.00,1,32,13,22,0,14.7,55,54,20.7,32.4,1,3600.00,1026.0,1010.9
2024-01-08T14:00,-0.8,0.00,56,-8.5,-6.0,0.00,0.00,0.00,2,57,39,30,0,13.8,58,57,19.6,30.2,1,3600.00,1026.4,1011.3
2024-01-08T15:00,-1.1,0.00,57,-8.5,-6.3,0.00,0.00,0.00,0,2,1,1,0,14.2,55,54,21.0,31.0,1,3600.00,1026.6,1011.5
2024-01-08T16:00,-1.8,0.00,59,-8.8,-6.8,0.00,0.00,0.00,0,3,2,1,0,12.5,54,51,20.6,30.6,1,3600.00,1027.0,1011.9
2024-01-08T17:00,-2.8,0.00,60,-9.4,-7.7,0.00,0.00,0.00,0,2,0,0,2,11.0,57,52,21.1,26.3,0,77.61,1027.7,1012.5
2024-01-08T18:00,-3.3,0.00,58,-10.5,-8.2,0.00,0.00,0.00,0,4,3,0,2,11.0,58,49,21.7,23.4,0,0.00,1028.2,1013.0
2024-01-08T19:00,-3.5,0.00,57,-10.9,-8.5,0.00,0.00,0.00,0,10,8,1,3,11.7,57,47,22.9,24.5,0,0.00,1028.7,1013.5
2024-01-08T20:00,-3.7,0.00,58,-10.8,-8.9,0.00,0.00,0.00,0,4,0,3,4,12.8,59,52,23.9,26.6,0,0.00,1029.1,1013.8
2024-01-08T21:00,-4.0,0.00,57,-11.3,-9.3,0.00,0.00,0.00,0,3,0,3,1,13.5,64,56,24.8,28.1,0,0.00,1029.4,1014.1
2024-01-08T22:00,-4.1,0.00,55,-11.9,-9.5,0.00,0.00,0.00,0,1,1,0,0,13.2,72,64,25.0,28.4,0,0.00,1029.7,1014.4
2024-01-08T23:00,-4.2,0.00,53,-12.4,-9.6,0.00,0.00,0.00,0,0,0,0,0,13.9,74,65,25.5,28.4,0,0.00,1029.7,1014.4
2024-01-09T00:00,-4.3,0.00,52,-12.6,-9.8,0.00,0.00,0.00,0,0,0,0,0,14.0,72,64,25.7,29.2,0,0.00,1029.7,1014.4
2024-01-09T01:00,-4.3,0.00,52,-12.7,-9.8,0.00,0.00,0.00,0,0,0,0,0,13.8,71,62,25.8,29.2,0,0.00,1029.7,1014.4
2024-01-09T02:00,-4.8,0.00,56,-12.2,-10.2,0.00,0.00,0.00,0,0,0,0,0,14.0,70,61,25.7,29.2,0,0.00,1030.0,1014.7
2024-01-09T03:00,-4.7,0.00,55,-12.4,-9.9,0.00,0.00,0.00,0,0,0,0,0,12.5,68,57,24.1,29.2,0,0.00,1030.1,1014.8
2024-01-09T04:00,-4.7,0.00,54,-12.6,-9.8,0.00,0.00,0.00,0,0,0,0,0,11.1,66,54,22.4,26.3,0,0.00,1029.7,1014.4
2024-01-09T05:00,-4.7,0.00,53,-12.9,-9.7,0.00,0.00,0.00,0,0,0,0,0,10.6,69,55,21.7,23.4,0,0.00,1029.7,1014.4
2024-01-09T06:00,-4.6,0.00,51,-13.2,-9.7,0.00,0.00,0.00,0,0,0,0,0,10.9,74,63,22.9,23.4,0,0.00,1029.6,1014.3
2024-01-09T07:00,-4.5,0.00,49,-13.6,-9.7,0.00,0.00,0.00,0,0,0,0,0,11.9,75,65,24.2,25.2,0,0.00,1029.7,1014.4
2024-01-09T08:00,-4.4,0.00,46,-14.2,-9.6,0.00,0.00,0.00,0,0,0,0,0,11.6,79,68,23.9,25.6,0,0.00,1029.7,1014.4
2024-01-09T09:00,-3.9,0.00,43,-14.7,-9.1,0.00,0.00,0.00,0,0,0,0,0,10.8,79,69,21.7,24.8,1,29.14,1030.0,1014.7
2024-01-09T10:00,-2.5,0.00,37,-15.1,-7.3,0.00,0.00,0.00,0,0,0,0,0,8.1,73,58,14.7,23.4,1,3600.00,1029.8,1014.6
2024-01-09T11:00,-1.2,0.00,32,-15.7,-6.8,0.00,0.00,0.00,0,0,0,0,0,13.8,78,75,20.6,31.0,1,3600.00,1029.6,1014.5
2024-01-09T12:00,0.1,0.00,28,-16.2,-5.7,0.00,0.00,0.00,0,0,0,0,0,14.2,76,74,20.8,32.4,1,3600.00,1028.9,1013.9
2024-01-09T13:00,0.9,0.00,26,-16.6,-4.8,0.00,0.00,0.00,0,0,0,0,0,14.3,75,72,21.2,32.8,1,3600.00,1028.2,1013.2
2024-01-09T14:00,0.7,0.00,34,-13.4,-4.6,0.00,0.00,0.00,0,0,0,0,0,12.3,72,69,18.2,29.2,1,3600.00,1028.4,1013.4
2024-01-09T15:00,0.9,0.00,32,-14.0,-4.2,0.00,0.00,0.00,0,0,0,0,0,11.1,69,65,17.0,28.1,1,3600.00,1028.1,1013.1
2024-01-09T16:00,-0.1,0.00,34,-14.2,-4.9,0.00,0.00,0.00,0,0,0,0,0,8.2,65,52,17.9,23.8,1,3600.00,1028.0,1013.0
2024-01-09T17:00,-2.3,0.00,38,-14.7,-7.1,0.00,0.00,0.00,0,0,0,0,0,7.9,67,47,20.0,17.3,0,175.73,1028.3,1013.1
2024-01-09T18:00,-2.5,0.00,36,-15.5,-7.5,0.00,0.00,0.00,0,0,0,0,0,9.8,70,54,23.8,20.5,0,0.00,1028.5,1013.3
2024-01-09T19:00,-2.2,0.00,32,-16.6,-7.4,0.00,0.00,0.00,0,0,0,0,0,10.5,76,63,24.9,22.0,0,0.00,1028.7,1013.5
2024-01-09T20:00,-2.2,0.00,31,-16.9,-7.4,0.00,0.00,0.00,0,0,0,0,0,10.7,80,70,24.9,22.3,0,0.00,1028.7,1013.5
2024-01-09T21:00,-2.4,0.00,32,-17.0,-7.7,0.00,0.00,0.00,0,0,0,0,0,11.3,81,73,24.8,23.0,0,0.00,1028.8,1013.6
2024-01-09T22:00,-2.8,0.00,33,-16.9,-8.0,0.00,0.00,0.00,0,0,0,0,0,10.4,84,76,23.9,23.4,0,0.00,1028.9,1013.7
2024-01-09T23:00,-3.3,0.00,35,-16.7,-8.5,0.00,0.00,0.00,0,0,0,0,0,10.1,82,73,22.9,22.0,0,0.00,1028.9,1013.7
2024-01-10T00:00,-3.7,0.00,37,-16.5,-8.8,0.00,0.00,0.00,0,1,0,1,0,9.4,80,72,22.3,20.9,0,0.00,1028.9,1013.6
2024-01-10T01:00,-4.0,0.00,38,-16.1,-9.1,0.00,0.00,0.00,2,64,0,64,0,9.8,80,73,22.3,20.2,0,0.00,1028.8,1013.5
2024-01-10T02:00,-3.3,0.00,42,-14.4,-8.8,0.00,0.00,0.00,3,100,100,98,0,13.1,76,74,25.6,26.6,0,0.00,1028.4,1013.2
2024-01-10T03:00,-3.0,0.00,42,-14.3,-8.4,0.00,0.00,0.00,3,100,97,100,0,12.7,86,83,24.2,27.0,0,0.00,1028.5,1013.3
2024-01-10T04:00,-2.9,0.00,42,-14.0,-8.2,0.00,0.00,0.00,3,100,100,100,0,11.9,90,87,22.7,25.9,0,0.00,1028.1,1012.9
2024-01-10T05:00,-3.0,0.00,44,-13.6,-8.1,0.00,0.00,0.00,3,100,22,100,0,10.9,89,84,21.2,24.5,0,0.00,1027.9,1012.7
2024-01-10T06:00,-3.0,0.00,45,-13.3,-7.7,0.00,0.00,0.00,3,100,100,100,0,8.4,91,83,18.0,21.6,0,0.00,1028.0,1012.8
2024-01-10T07:00,-2.8,0.00,46,-12.8,-7.5,0.00,0.00,0.00,3,100,100,92,0,8.3,96,90,17.4,17.6,0,0.00,1028.0,1012.8
2024-01-10T08:00,-3.0,0.00,48,-12.5,-7.8,0.00,0.00,0.00,3,100,100,40,0,9.0,98,90,18.9,18.0,0,0.00,1028.1,1012.9
2024-01-10T09:00,-3.0,0.00,49,-12.2,-7.8,0.00,0.00,0.00,3,100,100,90,0,9.7,95,88,18.8,18.7,1,0.00,1028.2,1013.0
2024-01-10T10:00,-2.0,0.00,47,-11.8,-6.8,0.00,0.00,0.00,2,69,17,67,0,9.7,93,90,15.5,20.5,1,1501.66,1028.4,1013.2
2024-01-10T11:00,-0.9,0.00,47,-10.9,-5.7,0.00,0.00,0.00,1,26,0,26,0,10.1,99,96,14.6,23.4,1,3600.00,1028.4,1013.3
2024-01-10T12:00,0.2,0.00,45,-10.3,-4.2,0.00,0.00,0.00,0,0,0,0,0,8.0,96,95,10.9,23.0,1,3600.00,1028.2,1013.2
2024-01-10T13:00,1.3,0.00,43,-9.9,-2.9,0.00,0.00,0.00,0,2,2,0,0,6.1,88,87,8.6,19.8,1,3600.00,1027.9,1012.9
2024-01-10T14:00,0.5,0.00,50,-8.8,-3.5,0.00,0.00,0.00,0,0,0,0,0,5.8,93,94,7.6,15.8,1,3600.00,1028.4,1013.4
2024-01-10T15:00,0.6,0.00,50,-8.6,-3.4,0.00,0.00,0.00,0,0,0,0,0,5.8,95,94,8.0,15.5,1,3600.00,1028.3,1013.3
2024-01-10T16:00,0.3,0.00,52,-8.4,-3.4,0.00,0.00,0.00,0,0,0,0,0,4.1,87,75,6.1,13.3,1,3600.00,1028.5,1013.5
2024-01-10T17:00,-0.2,0.00,54,-8.3,-3.7,0.00,0.00,0.00,0,2,2,0,0,2.9,70,30,4.2,5.4,0,204.52,1029.0,1013.9
2024-01-10T18:00,-3.8,0.00,72,-8.2,-7.7,0.00,0.00,0.00,0,0,0,0,0,5.4,51,37,7.4,9.0,0,0.00,1029.3,1014.0
2024-01-10T19:00,-4.4,0.00,76,-7.9,-8.2,0.00,0.00,0.00,0,0,0,0,0,5.1,63,45,11.3,9.7,0,0.00,1029.2,1013.9
2024-01-10T20:00,-4.5,0.00,79,-7.7,-8.4,0.00,0.00,0.00,0,0,0,0,0,5.7,75,55,13.8,11.2,0,0.00,1029.4,1014.1
2024-01-10T21:00,-5.0,0.00,82,-7.5,-8.8,0.00,0.00,0.00,0,0,0,0,0,5.1,73,51,11.3,11.5,0,0.00,1029.3,1014.0
2024-01-10T22:00,-5.4,0.00,85,-7.6,-9.1,0.00,0.00,0.00,0,0,0,0,0,4.8,51,42,9.2,10.1,0,0.00,1029.7,1014.3
2024-01-10T23:00,-5.6,0.00,85,-7.7,-9.4,0.00,0.00,0.00,0,0,0,0,0,4.8,45,42,9.7,9.4,0,0.00,1029.5,1014.1
2024-01-11T00:00,-5.8,0.00,85,-7.9,-9.5,0.00,0.00,0.00,0,0,0,0,0,4.3,54,42,10.3,9.4,0,0.00,1029.5,1014.1
2024-01-11T01:00,-5.7,0.00,85,-7.8,-9.4,0.00,0.00,0.00,0,0,0,0,0,4.1,56,45,10.4,8.6,0,0.00,1029.6,1014.2
2024-01-11T02:00,-5.6,0.00,86,-7.6,-9.3,0.00,0.00,0.00,0,0,0,0,0,4.3,58,48,10.2,10.4,0,0.00,1029.7,1014.3
2024-01-11T03:00,-5.4,0.00,85,-7.5,-9.1,0.00,0.00,0.00,0,0,0,0,0,4.6,68,51,14.4,9.7,0,0.00,1030.1,1014.7
2024-01-11T04:00,-5.3,0.00,85,-7.5,-9.1,0.00,0.00,0.00,0,0,0,0,0,5.4,72,42,13.7,10.1,0,0.00,1030.1,1014.7
2024-01-11T05:00,-5.2,0.00,85,-7.4,-9.0,0.00,0.00,0.00,0,0,0,0,0,4.9,63,36,12.9,10.1,0,0.00,1029.9,1014.5
2024-01-11T06:00,-5.5,0.00,85,-7.6,-9.2,0.00,0.00,0.00,0,0,0,0,0,4.6,67,45,11.8,9.7,0,0.00,1030.1,1014.7
2024-01-11T07:00,-5.7,0.00,85,-7.9,-9.4,0.00,0.00,0.00,0,0,0,0,0,4.3,68,48,10.5,9.4,0,0.00,1030.4,1015.0
2024-01-11T08:00,-5.9,0.00,85,-8.1,-9.6,0.00,0.00,0.00,0,0,0,0,0,4.1,59,38,9.7,9.0,0,0.00,1030.9,1015.5
2024-01-11T09:00,-5.0,0.00,81,-7.8,-8.7,0.00,0.00,0.00,0,0,0,0,0,4.4,49,35,11.0,9.4,1,47.09,1031.4,1016.0
2024-01-11T10:00,-2.6,0.00,67,-7.9,-5.9,0.00,0.00,0.00,0,0,0,0,0,1.5,69,14,9.2,11.5,1,3600.00,1031.6,1016.4
2024-01-11T11:00,-0.3,0.00,56,-8.0,-3.5,0.00,0.00,0.00,0,0,0,0,0,0.8,34,297,1.3,7.9,1,3600.00,1031.5,1016.4
2024-01-11T12:00,1.1,0.00,50,-8.1,-2.5,0.00,0.00,0.00,0,5,5,0,0,3.4,342,328,4.6,13.0,1,3600.00,1031.4,1016.4
2024-01-11T13:00,2.2,0.00,46,-8.3,-1.4,0.00,0.00,0.00,0,4,4,0,0,3.7,343,331,4.9,14.0,1,3600.00,1030.8,1015.8
2024-01-11T14:00,2.0,0.00,50,-7.3,-1.9,0.00,0.00,0.00,0,6,6,0,0,5.6,331,320,7.4,15.5,1,3600.00,1030.7,1015.7
2024-01-11T15:00,2.1,0.00,49,-7.4,-1.9,0.00,0.00,0.00,0,11,11,0,0,6.7,334,324,9.2,15.5,1,3600.00,1030.7,1015.7
2024-01-11T16:00,0.1,0.00,57,-7.3,-3.8,0.00,0.00,0.00,0,3,3,0,0,5.9,342,317,14.0,14.4,1,3600.00,1030.8,1015.7
2024-01-11T17:00,-2.7,0.00,71,-7.3,-6.6,0.00,0.00,0.00,0,3,3,0,0,6.4,3,344,14.8,11.9,0,288.27,1031.0,1015.8
2024-01-11T18:00,-3.0,0.00,72,-7.4,-7.1,0.00,0.00,0.00,0,7,7,0,0,7.6,19,19,16.4,15.1,0,0.00,1031.4,1016.1
2024-01-11T19:00,-3.6,0.00,73,-7.7,-7.6,0.00,0.00,0.00,0,8,7,2,0,6.4,27,38,15.8,15.1,0,0.00,1031.8,1016.5
2024-01-11T20:00,-4.3,0.00,75,-8.1,-8.1,0.00,0.00,0.00,0,11,11,0,0,4.9,31,54,11.3,13.0,0,0.00,1031.8,1016.5
2024-01-11T21:00,-4.5,0.00,74,-8.5,-8.3,0.00,0.00,0.00,0,1,1,0,0,4.8,17,42,10.1,9.7,0,0.00,1031.9,1016.6
2024-01-11T22:00,-4.9,0.00,75,-8.6,-8.9,0.00,0.00,0.00,0,0,0,0,0,5.8,4,30,10.8,10.1,0,0.00,1032.1,1016.7
2024-01-11T23:00,-4.8,0.00,75,-8.6,-8.7,0.00,0.00,0.00,0,0,0,0,0,5.2,14,25,13.4,10.1,0,0.00,1032.3,1016.9
2024-01-12T00:00,-4.5,0.00,72,-8.7,-8.5,0.00,0.00,0.00,0,0,0,0,0,5.8,28,22,16.3,12.2,0,0.00,1032.4,1017.0
2024-01-12T01:00,-4.7,0.00,74,-8.6,-8.6,0.00,0.00,0.00,0,0,0,0,0,5.5,26,11,14.0,11.5,0,0.00,1032.6,1017.2
2024-01-12T02:00,-4.7,0.00,79,-7.8,-8.7,0.00,0.00,0.00,0,0,0,0,0,6.2,26,21,14.8,12.6,0,0.00,1032.8,1017.4
2024-01-12T03:00,-5.3,0.00,85,-7.4,-9.1,0.00,0.00,0.00,0,0,0,0,0,4.7,35,32,11.4,11.5,0,0.00,1033.0,1017.6
2024-01-12T04:00,-5.3,0.00,87,-7.1,-9.0,0.00,0.00,0.00,0,0,0,0,0,4.6,39,45,10.2,9.4,0,0.00,1033.0,1017.6
2024-01-12T05:00,-5.3,0.00,89,-6.9,-9.0,0.00,0.00,0.00,0,0,0,0,0,5.2,55,65,10.1,10.1,0,0.00,1032.8,1017.4
2024-01-12T06:00,-5.4,0.00,90,-6.8,-9.0,0.00,0.00,0.00,0,1,0,0,1,4.3,58,66,10.2,10.1,0,0.00,1032.8,1017.4
2024-01-12T07:00,-5.4,0.00,90,-6.8,-9.0,0.00,0.00,0.00,0,9,0,0,9,4.3,58,66,10.2,8.6,0,0.00,1033.1,1017.7
2024-01-12T08:00,-5.1,0.00,91,-6.4,-8.7,0.00,0.00,0.00,0,8,0,0,8,4.5,60,61,11.6,9.0,0,0.00,1033.3,1017.9
2024-01-12T09:00,-4.2,0.00,91,-5.4,-7.7,0.00,0.00,0.00,0,7,0,0,7,5.0,63,60,10.9,9.0,1,33.05,1033.4,1018.0
2024-01-12T10:00,-2.2,0.00,83,-4.6,-5.4,0.00,0.00,0.00,2,53,0,0,53,3.4,67,58,7.4,11.9,1,3600.00,1033.7,1018.5
2024-01-12T11:00,-0.6,0.00,75,-4.6,-3.7,0.00,0.00,0.00,3,92,0,0,92,2.2,77,81,3.3,10.1,1,3600.00,1033.7,1018.5
2024-01-12T12:00,0.2,0.00,70,-4.6,-2.6,0.00,0.00,0.00,3,100,0,0,100,0.4,90,90,1.1,9.7,1,0.00,1033.5,1018.4
2024-01-12T13:00,0.6,0.00,70,-4.2,-2.3,0.00,0.00,0.00,3,100,0,0,100,1.3,360,326,1.8,8.3,1,0.00,1032.7,1017.6
2024-01-12T14:00,0.0,0.00,72,-4.4,-3.3,0.00,0.00,0.00,3,100,0,0,100,4.2,293,290,5.5,12.6,1,0.00,1032.6,1017.5
2024-01-12T15:00,-0.3,0.00,78,-3.7,-3.8,0.00,0.00,0.00,3,100,0,0,100,6.2,308,306,8.2,14.4,1,0.00,1032.2,1017.1
2024-01-12T16:00,-0.7,0.00,86,-2.8,-4.3,0.00,0.00,0.00,3,100,0,0,100,7.4,324,321,11.1,16.6,1,0.00,1032.2,1017.1
2024-01-12T17:00,-1.5,0.00,93,-2.5,-5.0,0.00,0.00,0.00,3,100,0,0,100,7.1,339,336,13.9,15.5,0,0.00,1032.4,1017.2
2024-01-12T18:00,-1.4,0.00,93,-2.4,-4.7,0.00,0.00,0.00,3,100,0,0,100,5.7,332,325,12.2,14.4,0,0.00,1032.7,1017.5
2024-01-12T19:00,-1.5,0.00,95,-2.2,-4.4,0.00,0.00,0.00,3,100,0,0,100,3.4,318,302,9.2,11.2,0,0.00,1032.6,1017.4
2024-01-12T20:00,-1.5,0.00,95,-2.1,-4.3,0.00,0.00,0.00,3,100,0,0,100,2.9,306,277,9.3,6.8,0,0.00,1032.3,1017.1
2024-01-12T21:00,-1.4,0.00,95,-2.1,-4.4,0.00,0.00,0.00,3,100,0,0,100,3.6,291,264,9.2,7.2,0,0.00,1032.0,1016.8
2024-01-12T22:00,-1.5,0.00,96,-2.1,-4.5,0.00,0.00,0.00,3,100,0,0,100,3.7,275,241,8.3,6.8,0,0.00,1031.9,1016.7
2024-01-12T23:00,-1.6,0.00,96,-2.1,-4.5,0.00,0.00,0.00,3,100,0,0,100,3.1,257,234,7.8,6.5,0,0.00,1031.6,1016.4
2024-01-13T00:00,-1.8,0.00,97,-2.3,-4.8,0.00,0.00,0.00,3,100,0,0,100,3.3,252,257,7.2,5.0,0,0.00,1031.3,1016.1
2024-01-13T01:00,-1.7,0.00,97,-2.1,-4.5,0.00,0.00,0.00,3,100,0,0,100,2.5,248,262,6.6,5.0,0,0.00,1030.9,1015.7
2024-01-13T02:00,-1.9,0.00,94,-2.7,-5.0,0.00,0.00,0.00,3,100,0,0,100,4.1,227,218,7.4,7.2,0,0.00,1030.8,1015.6
2024-01-13T03:00,-2.0,0.00,94,-2.8,-5.3,0.00,0.00,0.00,3,100,0,0,100,5.2,216,214,8.5,10.1,0,0.00,1030.4,1015.2
2024-01-13T04:00,-2.1,0.00,93,-3.1,-5.4,0.00,0.00,0.00,3,100,0,0,100,5.2,210,205,8.7,10.8,0,0.00,1029.9,1014.7
2024-01-13T05:00,-2.1,0.00,91,-3.3,-5.4,0.00,0.00,0.00,3,100,0,0,100,5.2,204,196,8.7,11.2,0,0.00,1029.4,1014.2
2024-01-13T06:00,-2.1,0.00,91,-3.4,-5.6,0.00,0.00,0.00,3,99,0,0,99,6.1,190,177,9.9,11.9,0,0.00,1028.9,1013.7
2024-01-13T07:00,-2.0,0.00,90,-3.4,-5.5,0.00,0.00,0.00,3,100,0,0,100,6.3,197,193,9.8,12.6,0,0.00,1028.6,1013.4
2024-01-13T08:00,-2.1,0.00,92,-3.2,-5.6,0.00,0.00,0.00,3,100,0,0,100,6.7,198,196,10.2,13.7,0,0.00,1028.1,1012.9
2024-01-13T09:00,-1.8,0.00,91,-3.0,-5.3,0.00,0.00,0.00,3,100,0,0,100,6.8,210,205,10.8,14.4,1,0.00,1027.8,1012.7
2024-01-13T10:00,-1.2,0.00,87,-3.1,-5.0,0.00,0.00,0.00,3,100,0,0,100,8.4,224,223,12.0,18.4,1,0.00,1028.0,1012.9
2024-01-13T11:00,-0.9,0.00,84,-3.2,-5.2,0.00,0.00,0.00,3,100,0,0,100,11.3,218,217,16.4,23.4,1,0.00,1027.5,1012.4
2024-01-13T12:00,-0.6,0.00,83,-3.2,-5.1,0.00,0.00,0.00,3,100,0,0,100,13.6,218,220,20.0,28.8,1,0.00,1026.4,1011.4
2024-01-13T13:00,-0.0,0.00,79,-3.3,-4.7,0.00,0.00,0.00,3,100,0,0,100,14.3,225,223,20.4,30.6,1,0.00,1025.4,1010.4
2024-01-13T14:00,0.0,0.00,74,-4.1,-4.5,0.00,0.00,0.00,3,100,0,0,100,12.6,244,243,18.0,31.0,1,346.06,1025.3,1010.3
2024-01-13T15:00,0.3,0.00,69,-4.7,-4.2,0.00,0.00,0.00,3,97,0,0,97,12.2,248,246,17.4,27.4,1,842.17,1024.5,1009.5
2024-01-13T16:00,-0.1,0.00,71,-4.8,-4.3,0.00,0.00,0.00,3,85,0,0,85,10.0,242,240,17.6,26.3,1,314.37,1024.0,1009.0
2024-01-13T17:00,-0.9,0.00,75,-4.8,-5.0,0.00,0.00,0.00,2,67,0,0,67,9.3,246,242,18.9,20.5,0,0.00,1024.0,1009.0
2024-01-13T18:00,-1.5,0.00,79,-4.7,-5.8,0.00,0.00,0.00,2,71,14,0,67,10.9,240,236,22.1,21.6,0,0.00,1023.5,1008.4
2024-01-13T19:00,-2.1,0.00,84,-4.5,-6.4,0.00,0.00,0.00,3,100,100,0,80,11.2,235,228,23.0,22.0,0,0.00,1023.1,1008.0
2024-01-13T20:00,-1.9,0.00,84,-4.3,-6.2,0.00,0.00,0.00,3,100,99,0,100,10.5,236,229,21.3,22.7,0,0.00,1022.9,1007.8
2024-01-13T21:00,-1.6,0.00,82,-4.2,-5.9,0.00,0.00,0.00,3,100,100,0,100,10.9,233,226,20.8,22.0,0,0.00,1022.5,1007.5
2024-01-13T22:00,-1.7,0.00,83,-4.2,-6.1,0.00,0.00,0.00,3,100,99,0,100,12.0,228,221,21.9,24.5,0,0.00,1022.0,1007.0
2024-01-13T23:00,-1.6,0.00,83,-4.1,-6.0,0.00,0.00,0.00,3,100,100,0,100,11.2,232,225,20.5,24.5,0,0.00,1021.5,1006.5
2024-01-14T00:00,-1.7,0.00,84,-4.0,-6.0,0.00,0.00,0.00,3,100,100,0,100,11.5,231,224,21.0,23.0,0,0.00,1020.9,1005.9
2024-01-14T01:00,-1.7,0.00,86,-3.8,-6.1,0.00,0.00,0.00,3,100,97,0,100,11.8,228,220,21.4,23.8,0,0.00,1020.2,1005.2
2024-01-14T02:00,-2.5,0.00,87,-4.4,-7.2,0.00,0.00,0.00,3,98,91,0,76,13.0,224,222,21.6,26.6,0,0.00,1019.7,1004.6
2024-01-14T03:00,-2.7,0.00,88,-4.4,-6.9,0.00,0.00,0.00,3,100,99,0,100,10.4,229,224,19.1,26.3,0,0.00,1019.2,1004.1
2024-01-14T04:00,-2.3,0.00,86,-4.4,-6.4,0.00,0.00,0.00,3,100,95,0,100,9.5,239,233,16.3,21.2,0,0.00,1018.7,1003.7
2024-01-14T05:00,-2.5,0.00,86,-4.5,-6.5,0.00,0.00,0.00,3,100,49,0,100,8.9,231,220,16.6,18.7,0,0.00,1018.4,1003.4
2024-01-14T06:00,-2.0,0.00,82,-4.7,-6.4,0.00,0.00,0.00,3,100,89,0,100,11.0,227,221,18.1,23.0,0,0.00,1017.9,1002.9
2024-01-14T07:00,-2.0,0.00,83,-4.5,-6.4,0.00,0.00,0.00,3,100,94,0,100,11.5,220,212,18.9,23.8,0,0.00,1017.4,1002.4
2024-01-14T08:00,-2.2,0.00,86,-4.3,-6.7,0.00,0.00,0.00,3,100,100,0,100,11.8,214,207,19.2,23.8,0,0.00,1016.9,1001.9
2024-01-14T09:00,-2.2,0.00,86,-4.3,-6.7,0.00,0.00,0.00,3,100,99,0,100,12.2,214,208,18.7,24.8,1,0.00,1016.6,1001.6
2024-01-14T10:00,-1.6,0.00,82,-4.2,-6.2,0.00,0.00,0.00,3,100,99,0,100,12.7,216,215,18.8,27.0,1,1346.18,1016.1,1001.1
2024-01-14T11:00,-0.7,0.00,77,-4.3,-5.3,0.00,0.00,0.00,3,99,92,0,90,12.4,215,216,17.1,27.7,1,3600.00,1015.5,1000.6
2024-01-14T12:00,-0.1,0.00,74,-4.2,-4.4,0.00,0.00,0.00,3,100,93,0,100,11.3,211,211,15.2,27.7,1,3600.00,1014.5,999.7
2024-01-14T13:00,0.2,0.00,72,-4.3,-4.1,0.00,0.00,0.00,3,100,96,0,97,10.9,215,214,14.5,26.3,1,3502.65,1013.3,998.5
2024-01-14T14:00,-1.3,0.00,81,-4.2,-5.4,0.00,0.00,0.00,3,100,97,0,100,9.7,212,211,13.6,24.1,1,0.00,1013.1,998.2
2024-01-14T15:00,-1.2,0.00,78,-4.5,-5.5,0.00,0.00,0.00,3,100,64,0,100,10.6,216,215,15.2,23.4,1,0.00,1012.0,997.1
2024-01-14T16:00,-1.3,0.00,76,-5.0,-5.5,0.00,0.00,0.00,3,99,86,0,91,10.0,222,221,16.1,24.1,1,0.00,1011.4,996.5
2024-01-14T17:00,-2.6,0.00,82,-5.2,-6.4,0.00,0.00,0.00,3,99,92,0,92,6.6,236,229,16.6,20.2,0,0.00,1010.7,995.8
2024-01-14T18:00,-2.4,0.00,82,-5.0,-6.6,0.00,0.00,0.00,3,100,61,0,100,9.7,252,248,19.7,19.1,0,0.00,1010.6,995.7
2024-01-14T19:00,-2.4,0.00,84,-4.7,-6.7,0.00,0.00,0.00,3,100,60,0,100,10.8,248,244,19.1,22.7,0,0.00,1010.1,995.2
2024-01-14T20:00,-2.4,0.00,85,-4.5,-6.9,0.00,0.00,0.00,3,100,36,0,100,11.9,238,235,20.4,24.5,0,0.00,1009.3,994.4
2024-01-14T21:00,-2.3,0.00,84,-4.7,-7.1,0.00,0.00,0.00,3,99,0,0,99,13.8,243,242,23.3,27.7,0,0.00,1009.0,994.1
2024-01-14T22:00,-2.5,0.00,81,-5.3,-7.2,0.00,0.00,0.00,3,100,94,17,100,12.6,244,243,23.2,28.4,0,0.00,1008.9,994.0
2024-01-14T23:00,-2.5,0.00,79,-5.6,-7.1,0.00,0.00,0.00,3,100,86,50,100,12.4,246,240,21.7,26.3,0,0.00,1008.8,993.9
2024-01-15T00:00,-2.4,0.00,80,-5.4,-7.1,0.00,0.00,0.00,3,99,2,1,99,12.9,251,243,22.9,25.9,0,0.00,1008.6,993.7
2024-01-15T01:00,-2.3,0.00,81,-5.1,-6.9,0.00,0.00,0.00,3,100,0,64,100,12.1,242,233,21.6,26.3,0,0.00,1008.4,993.5
2024-01-15T02:00,-2.6,0.20,81,-5.4,-6.9,0.00,0.00,0.14,71,100,0,100,100,10.0,227,218,17.8,27.0,0,0.00,1008.3,993.4
2024-01-15T03:00,-2.2,0.10,80,-5.3,-6.6,0.00,0.00,0.07,71,100,0,100,96,10.6,221,204,18.6,22.3,0,0.00,1007.9,993.0
2024-01-15T04:00,-2.0,0.00,78,-5.2,-6.5,0.00,0.00,0.00,3,99,0,95,94,12.0,234,224,20.1,24.8,0,0.00,1007.7,992.9
2024-01-15T05:00,-1.9,0.00,80,-4.9,-6.3,0.00,0.00,0.00,3,99,69,78,89,10.6,246,235,19.3,24.5,0,0.00,1007.5,992.7
2024-01-15T06:00,-1.8,0.00,81,-4.7,-6.1,0.00,0.00,0.00,3,100,0,100,70,10.7,236,222,20.5,22.7,0,0.00,1006.8,992.0
2024-01-15T07:00,-1.9,0.00,83,-4.4,-6.1,0.00,0.00,0.00,3,99,0,98,60,10.2,232,219,20.0,23.0,0,0.00,1006.5,991.7
2024-01-15T08:00,-1.7,0.00,83,-4.1,-5.9,0.00,0.00,0.00,3,94,0,45,89,10.4,238,226,19.6,21.6,0,0.00,1006.3,991.5
2024-01-15T09:00,-1.0,0.00,81,-3.8,-5.5,0.00,0.01,0.00,3,96,0,91,54,12.3,240,230,21.9,24.5,1,0.00,1006.0,991.2
2024-01-15T10:00,-0.3,0.70,78,-3.6,-5.6,0.00,0.01,0.49,73,100,0,100,47,18.2,245,243,29.5,37.8,1,0.00,1005.8,991.1
2024-01-15T11:00,-0.1,0.40,81,-3.0,-5.4,0.00,0.01,0.28,73,100,0,100,61,18.4,246,244,29.5,40.3,1,0.00,1005.9,991.2
2024-01-15T12:00,0.7,0.10,75,-3.2,-4.3,0.00,0.02,0.07,71,95,0,83,74,16.5,246,247,25.6,40.3,1,0.00,1005.5,990.8
2024-01-15T13:00,1.4,0.40,73,-3.0,-3.9,0.00,0.02,0.28,73,89,0,85,36,18.7,246,245,27.9,43.6,1,284.38,1004.9,990.3
2024-01-15T14:00,0.4,0.10,81,-2.5,-3.6,0.00,0.02,0.07,71,99,0,99,12,10.7,233,230,17.5,33.5,1,0.00,1005.0,990.3
2024-01-15T15:00,0.7,0.10,80,-2.4,-3.5,0.00,0.02,0.07,71,100,0,98,87,11.8,251,247,18.7,24.5,1,0.00,1005.4,990.7
2024-01-15T16:00,0.8,0.00,77,-2.7,-3.6,0.00,0.02,0.00,3,81,0,70,36,12.9,251,243,22.4,26.6,1,0.00,1006.1,991.4
2024-01-15T17:00,-0.0,0.00,78,-3.4,-4.4,0.00,0.02,0.00,2,54,0,27,36,12.4,247,240,23.9,26.3,0,0.00,1007.0,992.3
2024-01-15T18:00,-0.9,0.10,81,-3.8,-5.4,0.00,0.02,0.07,71,92,0,75,84,12.5,241,229,24.3,25.6,0,0.00,1008.0,993.2
2024-01-15T19:00,-0.4,0.00,76,-4.1,-5.2,0.00,0.02,0.00,3,92,0,88,89,14.6,241,232,26.3,30.2,0,0.00,1008.6,993.8
2024-01-15T20:00,-0.2,0.00,73,-4.4,-5.0,0.00,0.02,0.00,2,73,0,21,72,14.7,247,239,26.1,31.0,0,0.00,1009.5,994.7
2024-01-15T21:00,-0.5,0.00,74,-4.5,-5.1,0.00,0.02,0.00,1,33,0,10,32,13.1,243,233,24.3,30.6,0,0.00,1010.1,995.3
2024-01-15T22:00,-1.5,0.00,79,-4.6,-5.8,0.00,0.02,0.00,1,32,0,0,32,10.8,232,217,22.0,26.6,0,0.00,1011.0,996.1
2024-01-15T23:00,-1.8,0.00,80,-4.8,-6.3,0.00,0.02,0.00,1,38,0,0,38,11.6,225,210,23.4,22.7,0,0.00,1011.6,996.7
2024-01-16T00:00,-2.5,0.00,83,-4.9,-7.1,0.00,0.02,0.00,1,36,0,0,36,12.6,224,217,25.5,24.5,0,0.00,1012.3,997.4
2024-01-16T01:00,-2.8,0.00,84,-5.1,-7.5,0.00,0.02,0.00,1,30,0,0,30,12.5,228,224,26.0,25.2,0,0.00,1013.0,998.0
2024-01-16T02:00,-2.6,0.00,85,-4.8,-6.9,0.00,0.02,0.00,0,8,0,2,7,10.5,239,229,23.9,23.0,0,0.00,1012.7,997.7
2024-01-16T03:00,-3.2,0.00,86,-5.2,-7.3,0.00,0.02,0.00,1,31,31,0,0,8.3,234,214,20.4,21.2,0,0.00,1013.1,998.1
2024-01-16T04:00,-3.8,0.00,87,-5.7,-7.8,0.00,0.02,0.00,3,97,97,0,0,7.6,231,199,18.2,17.3,0,0.00,1013.4,998.4
2024-01-16T05:00,-4.0,0.00,88,-5.7,-7.8,0.00,0.02,0.00,3,100,100,69,0,6.9,223,186,15.3,15.1,0,0.00,1013.4,998.4
2024-01-16T06:00,-4.0,0.00,89,-5.5,-8.1,0.00,0.02,0.00,3,100,100,100,0,8.6,205,180,18.2,16.6,0,0.00,1013.5,998.5
2024-01-16T07:00,-3.6,0.00,88,-5.3,-7.8,0.00,0.02,0.00,3,100,99,83,0,9.4,196,180,19.8,17.6,0,0.00,1012.9,997.9
2024-01-16T08:00,-3.7,0.00,89,-5.3,-7.7,0.00,0.02,0.00,3,100,99,95,0,8.4,202,187,19.1,18.0,0,0.00,1012.7,997.7
2024-01-16T09:00,-3.3,0.00,87,-5.2,-7.4,0.00,0.02,0.00,3,100,97,93,0,8.9,207,194,18.5,16.6,1,0.00,1013.0,998.0
2024-01-16T10:00,-1.8,0.00,76,-5.4,-6.1,0.00,0.02,0.00,3,99,99,58,0,10.0,216,201,18.8,18.0,1,3295.17,1013.3,998.4
2024-01-16T11:00,-0.6,0.00,70,-5.3,-4.6,0.00,0.02,0.00,3,100,100,95,0,8.1,229,225,12.5,22.3,1,3600.00,1013.2,998.3
2024-01-16T12:00,0.5,0.00,65,-5.3,-3.3,0.00,0.02,0.00,3,94,93,61,0,7.1,231,229,10.2,20.2,1,3600.00,1012.6,997.8
2024-01-16T13:00,1.4,0.00,60,-5.6,-2.5,0.00,0.02,0.00,2,51,19,50,0,6.6,227,225,8.9,18.7,1,3600.00,1012.0,997.3
2024-01-16T14:00,1.6,0.00,60,-5.3,-2.3,0.00,0.02,0.00,2,59,0,24,46,7.7,231,229,10.2,19.1,1,3600.00,1011.4,996.7
2024-01-16T15:00,1.7,0.00,58,-5.7,-2.4,0.00,0.02,0.00,2,63,0,8,60,7.9,221,219,11.0,19.8,1,3600.00,1010.7,996.0
2024-01-16T16:00,0.8,0.00,61,-5.9,-2.7,0.00,0.02,0.00,2,65,0,17,58,4.0,200,185,9.6,18.0,1,3600.00,1010.5,995.8
2024-01-16T17:00,-1.5,0.00,71,-6.1,-5.3,0.00,0.02,0.00,0,9,0,4,6,6.3,189,167,15.3,11.2,0,518.74,1010.5,995.6
2024-01-16T18:00,-2.1,0.00,73,-6.2,-6.0,0.00,0.02,0.00,0,3,0,0,3,6.9,197,171,18.4,13.3,0,0.00,1010.6,995.7
2024-01-16T19:00,-2.9,0.00,78,-6.2,-6.7,0.00,0.02,0.00,0,0,0,0,0,6.0,199,163,16.4,13.3,0,0.00,1010.1,995.2
2024-01-16T20:00,-3.4,0.00,79,-6.5,-7.2,0.00,0.02,0.00,3,95,95,0,0,5.4,190,138,12.8,11.2,0,0.00,1009.5,994.5
2024-01-16T21:00,-3.9,0.00,80,-6.8,-7.7,0.00,0.02,0.00,2,75,75,0,0,5.2,174,115,10.5,9.7,0,0.00,1008.8,993.8
2024-01-16T22:00,-4.0,0.00,81,-6.8,-7.8,0.00,0.02,0.00,3,100,100,0,0,5.7,156,108,11.4,10.1,0,0.00,1008.1,993.1
2024-01-16T23:00,-4.3,0.00,82,-6.8,-8.3,0.00,0.02,0.00,3,100,100,0,0,7.1,143,105,13.1,12.6,0,0.00,1007.5,992.5
2024-01-17T00:00,-4.1,0.00,81,-6.8,-8.3,0.00,0.02,0.00,3,100,100,0,0,8.3,116,95,15.6,15.5,0,0.00,1006.4,991.5
2024-01-17T01:00,-3.7,0.00,80,-6.7,-8.1,0.00,0.02,0.00,3,100,100,0,0,9.5,108,99,18.9,17.6,0,0.00,1005.2,990.3
2024-01-17T02:00,-4.4,0.00,89,-6.0,-8.6,0.00,0.02,0.00,3,100,100,52,0,8.7,104,97,17.8,15.8,0,0.00,1004.8,989.9
2024-01-17T03:00,-4.0,0.00,85,-6.1,-8.3,0.00,0.02,0.00,3,100,100,31,0,9.4,110,108,19.1,17.3,0,0.00,1004.5,989.6
2024-01-17T04:00,-3.6,0.00,80,-6.6,-8.0,0.00,0.02,0.00,3,100,100,85,42,9.9,105,100,19.7,19.4,0,0.00,1003.2,988.3
2024-01-17T05:00,-2.9,0.00,73,-7.0,-7.3,0.00,0.02,0.00,3,100,100,100,52,9.7,111,105,21.2,19.8,0,0.00,1002.0,987.2
2024-01-17T06:00,-2.5,0.10,73,-6.7,-7.0,0.00,0.02,0.07,71,100,100,100,91,10.9,117,107,23.8,19.8,0,0.00,1000.7,985.9
2024-01-17T07:00,-2.1,0.30,75,-6.0,-7.1,0.00,0.02,0.21,73,100,100,100,100,14.1,110,94,25.3,22.7,0,0.00,999.0,984.3
2024-01-17T08:00,-1.4,0.20,78,-4.8,-6.1,0.20,0.02,0.00,51,100,100,100,100,13.4,110,96,26.1,25.2,0,0.00,997.8,983.1
2024-01-17T09:00,-0.4,0.30,86,-2.5,-4.7,0.30,0.03,0.00,51,100,100,100,100,12.0,117,111,23.0,25.2,1,0.00,996.6,982.0
2024-01-17T10:00,0.5,0.40,91,-0.8,-3.4,0.40,0.03,0.00,51,100,100,100,100,11.6,126,112,24.0,23.8,1,0.00,995.3,980.8
2024-01-17T11:00,1.6,0.60,91,0.3,-2.0,0.60,0.03,0.00,53,100,100,100,100,10.3,135,115,21.9,27.4,1,0.00,994.3,979.8
2024-01-17T12:00,2.6,0.60,91,1.2,-0.8,0.60,0.03,0.00,53,100,100,100,100,10.1,132,117,23.7,21.6,1,0.00,992.7,978.3
2024-01-17T13:00,2.7,0.70,92,1.5,-0.4,0.70,0.03,0.00,53,100,100,100,100,8.4,144,130,21.4,20.5,1,0.00,991.5,977.1
2024-01-17T14:00,0.5,1.50,98,0.2,-2.2,1.50,0.03,0.00,61,100,99,100,100,4.4,136,99,12.5,13.3,1,0.00,990.0,975.5
2024-01-17T15:00,1.3,1.00,97,0.9,-2.0,1.00,0.02,0.00,55,100,100,100,100,8.9,151,130,17.2,18.4,1,0.00,988.8,974.4
2024-01-17T16:00,2.0,0.30,96,1.4,-1.2,0.30,0.02,0.00,51,100,100,83,100,8.7,185,142,19.2,20.5,1,0.00,987.9,973.5
2024-01-17T17:00,2.9,0.00,93,1.9,-0.2,0.00,0.02,0.00,3,100,100,5,100,9.3,204,167,22.9,22.0,0,0.00,987.0,972.7
2024-01-17T18:00,4.0,0.00,95,3.2,0.6,0.00,0.02,0.00,3,100,100,54,99,12.0,206,173,27.7,26.6,0,0.00,986.3,972.1
2024-01-17T19:00,6.7,0.00,90,5.3,3.1,0.00,0.02,0.00,3,100,100,43,5,16.8,221,215,35.7,34.6,0,0.00,986.1,972.0
2024-01-17T20:00,7.6,0.00,91,6.3,3.6,0.00,0.02,0.00,3,100,100,72,64,21.3,223,217,41.0,44.3,0,0.00,986.0,972.0
2024-01-17T21:00,8.1,0.10,91,6.7,3.8,0.10,0.02,0.00,51,100,96,100,71,23.7,226,223,43.3,55.8,0,0.00,986.5,972.5
2024-01-17T22:00,7.9,0.10,91,6.5,4.1,0.10,0.02,0.00,51,100,100,81,99,19.7,231,230,36.9,55.8,0,0.00,987.5,973.5
2024-01-17T23:00,7.4,0.00,92,6.2,3.7,0.00,0.02,0.00,3,100,97,48,100,18.7,233,232,36.0,40.7,0,0.00,988.2,974.1
2024-01-18T00:00,5.4,0.10,98,5.1,2.8,0.10,0.02,0.00,51,100,92,49,100,9.4,260,268,21.5,38.5,0,0.00,989.1,974.9
2024-01-18T01:00,1.9,0.30,99,1.7,-1.4,0.30,0.02,0.00,51,100,100,82,100,9.5,350,351,18.6,20.9,0,0.00,990.3,975.9
2024-01-18T02:00,1.9,0.20,99,1.7,-1.3,0.20,0.01,0.00,51,100,73,100,100,8.9,359,339,16.2,16.9,0,0.00,990.3,975.9
2024-01-18T03:00,1.5,0.30,98,1.2,-1.7,0.30,0.01,0.00,51,100,87,90,100,8.4,350,329,14.6,19.1,0,0.00,991.0,976.6
2024-01-18T04:00,1.4,0.20,96,0.9,-2.0,0.20,0.01,0.00,51,100,41,100,100,9.6,339,326,17.0,19.4,0,0.00,991.0,976.6
2024-01-18T05:00,1.0,0.40,97,0.6,-2.3,0.40,0.01,0.00,51,100,83,100,100,8.8,354,341,14.8,19.8,0,0.00,991.2,976.8
2024-01-18T06:00,0.9,0.90,96,0.4,-2.3,0.90,0.01,0.00,53,100,68,100,100,8.2,352,331,14.9,16.9,0,0.00,991.5,977.0
2024-01-18T07:00,0.9,1.20,95,0.2,-3.1,1.20,0.02,0.00,55,100,12,100,100,12.4,348,338,22.5,24.1,0,0.00,992.2,977.7
2024-01-18T08:00,0.5,1.30,95,-0.2,-3.6,0.50,0.02,0.56,73,100,95,100,100,13.3,11,360,24.6,27.0,0,0.00,992.2,977.7
2024-01-18T09:00,0.5,0.90,93,-0.5,-3.7,0.10,0.02,0.56,73,100,85,100,100,13.1,4,351,24.2,26.3,1,0.00,992.9,978.4
2024-01-18T10:00,-0.1,1.50,95,-0.7,-4.3,0.00,0.03,1.05,75,100,91,100,100,13.6,355,348,22.8,28.8,1,0.00,993.9,979.4
2024-01-18T11:00,-0.2,1.10,94,-1.1,-4.7,0.00,0.04,0.77,73,100,53,100,100,14.6,345,340,22.4,29.5,1,0.00,995.2,980.6
2024-01-18T12:00,-0.2,0.80,90,-1.6,-4.9,0.00,0.05,0.56,73,100,73,100,100,15.9,346,342,24.5,33.1,1,0.00,996.7,982.1
2024-01-18T13:00,-0.2,0.30,89,-1.9,-5.0,0.00,0.05,0.21,73,100,90,100,74,16.1,347,344,24.8,34.9,1,0.00,997.9,983.3
2024-01-18T14:00,-0.3,0.10,87,-2.2,-5.1,0.00,0.05,0.07,71,100,100,100,88,15.9,343,342,24.5,33.8,1,0.00,999.2,984.6
2024-01-18T15:00,-0.0,0.10,88,-1.8,-4.6,0.00,0.05,0.07,71,100,100,100,41,14.6,346,344,23.4,32.8,1,0.00,1000.7,986.1
2024-01-18T16:00,0.8,0.00,84,-1.6,-3.5,0.00,0.05,0.00,3,100,100,85,56,13.3,344,341,22.8,30.2,1,0.00,1002.6,988.0
2024-01-18T17:00,0.1,0.00,88,-1.7,-3.6,0.00,0.05,0.00,3,100,100,98,21,8.6,343,338,18.4,27.4,0,0.00,1004.5,989.8
2024-01-18T18:00,-0.8,0.00,90,-2.2,-4.4,0.00,0.05,0.00,3,100,100,79,33,7.9,324,313,18.6,17.3,0,0.00,1006.3,991.5
2024-01-18T19:00,-1.2,0.00,89,-2.7,-5.4,0.00,0.05,0.00,3,82,79,14,1,11.4,330,325,23.2,22.3,0,0.00,1008.2,993.4
2024-01-18T20:00,-2.2,0.00,91,-3.5,-6.2,0.00,0.05,0.00,0,11,6,4,1,9.2,336,329,21.3,22.7,0,0.00,1009.5,994.6
2024-01-18T21:00,-2.9,0.00,92,-4.1,-6.8,0.00,0.05,0.00,1,22,17,0,6,7.9,337,330,19.5,18.4,0,0.00,1010.7,995.8
2024-01-18T22:00,-3.5,0.00,92,-4.6,-7.1,0.00,0.05,0.00,3,93,93,0,4,5.8,336,330,16.6,15.8,0,0.00,1012.4,997.4
2024-01-18T23:00,-3.8,0.00,93,-4.8,-7.4,0.00,0.05,0.00,2,75,64,0,30,5.5,333,337,15.8,11.5,0,0.00,1013.3,998.3
2024-01-19T00:00,-3.6,0.00,93,-4.6,-7.2,0.00,0.05,0.00,3,100,16,0,100,5.8,327,330,16.7,12.6,0,0.00,1014.1,999.1
2024-01-19T01:00,-2.3,0.00,92,-3.4,-5.7,0.00,0.05,0.00,3,100,14,0,100,4.9,321,306,13.0,13.7,0,0.00,1015.1,1000.1
2024-01-19T02:00,-3.6,0.00,94,-4.5,-7.3,0.00,0.05,0.00,0,19,1,0,18,6.2,312,291,10.7,13.0,0,0.00,1015.7,1000.6
2024-01-19T03:00,-3.1,0.00,95,-3.8,-6.4,0.00,0.05,0.00,1,23,0,0,23,4.7,298,270,8.5,9.7,0,0.00,1016.7,1001.7
2024-01-19T04:00,-3.0,0.00,95,-3.8,-6.4,0.00,0.05,0.00,2,67,0,0,67,5.2,307,348,9.5,9.0,0,0.00,1017.3,1002.3
2024-01-19T05:00,-2.6,0.00,92,-3.6,-5.4,0.00,0.05,0.00,3,92,0,0,92,1.3,302,124,5.5,8.6,0,0.00,1017.6,1002.6
2024-01-19T06:00,-2.9,0.00,94,-3.7,-5.8,0.00,0.05,0.00,3,100,0,0,100,1.8,270,191,4.7,5.0,0,0.00,1018.2,1003.1
2024-01-19T07:00,-2.6,0.00,94,-3.4,-5.8,0.00,0.05,0.00,3,92,0,0,92,4.0,240,185,5.0,7.6,0,0.00,1019.1,1004.0
2024-01-19T08:00,-2.9,0.00,96,-3.5,-6.0,0.00,0.05,0.00,3,100,0,0,100,3.3,256,174,5.9,7.9,0,0.00,1020.0,1004.9
2024-01-19T09:00,-2.4,0.00,93,-3.4,-5.6,0.00,0.05,0.00,3,82,0,0,82,4.2,286,250,9.3,8.3,1,0.00,1021.2,1006.1
2024-01-19T10:00,-1.6,0.00,86,-3.7,-5.2,0.00,0.05,0.00,1,39,0,0,39,6.2,283,277,9.3,15.1,1,2668.46,1022.0,1007.0
2024-01-19T11:00,-0.9,0.00,78,-4.3,-4.6,0.00,0.05,0.00,1,49,0,0,49,6.2,278,280,8.0,16.9,1,3600.00,1023.0,1008.0
2024-01-19T12:00,-0.2,0.00,74,-4.3,-3.7,0.00,0.05,0.00,2,52,0,0,52,5.4,264,262,7.2,16.9,1,3600.00,1023.4,1008.4
2024-01-19T13:00,0.4,0.00,71,-4.2,-3.3,0.00,0.05,0.00,3,99,0,0,99,6.9,263,264,9.1,18.7,1,3600.00,1023.4,1008.5
2024-01-19T14:00,-0.5,0.00,83,-3.1,-3.9,0.00,0.05,0.00,3,100,0,0,100,5.4,267,266,7.6,15.8,1,0.00,1024.3,1009.3
2024-01-19T15:00,-0.2,0.00,80,-3.2,-3.7,0.00,0.05,0.00,3,100,0,0,100,6.4,255,254,8.6,15.1,1,0.00,1024.5,1009.5
2024-01-19T16:00,-0.3,0.00,79,-3.4,-3.7,0.00,0.05,0.00,3,100,0,0,100,5.7,252,252,8.0,15.1,1,0.00,1025.1,1010.1
2024-01-19T17:00,-1.5,0.00,87,-3.4,-4.8,0.00,0.05,0.00,2,72,0,0,72,4.3,214,185,7.8,11.9,0,0.00,1025.9,1010.8
2024-01-19T18:00,-1.5,0.00,85,-3.6,-5.0,0.00,0.05,0.00,0,3,0,0,3,5.9,195,166,11.2,10.1,0,0.00,1026.2,1011.1
2024-01-19T19:00,-3.3,0.00,88,-5.0,-6.9,0.00,0.05,0.00,0,15,0,0,15,5.8,197,173,14.7,11.2,0,0.00,1026.8,1011.6
2024-01-19T20:00,-4.5,0.00,89,-6.0,-8.5,0.00,0.05,0.00,1,30,0,0,30,7.2,211,177,15.2,11.2,0,0.00,1027.5,1012.2
2024-01-19T21:00,-5.0,0.00,90,-6.4,-9.0,0.00,0.05,0.00,0,19,0,0,19,7.3,227,191,14.8,11.2,0,0.00,1027.9,1012.6
2024-01-19T22:00,-5.0,0.00,90,-6.5,-8.9,0.00,0.05,0.00,0,13,0,0,13,6.5,238,180,10.2,11.5,0,0.00,1028.6,1013.3
2024-01-19T23:00,-6.0,0.00,91,-7.3,-9.9,0.00,0.05,0.00,0,5,0,0,5,5.7,223,145,5.9,9.0,0,0.00,1029.0,1013.6
2024-01-20T00:00,-6.0,0.00,91,-7.3,-9.9,0.00,0.05,0.00,0,6,0,0,6,5.6,191,135,5.5,8.3,0,0.00,1029.5,1014.1
2024-01-20T01:00,-6.1,0.00,91,-7.4,-9.8,0.00,0.05,0.00,0,0,0,0,0,4.8,180,132,7.2,9.4,0,0.00,1029.8,1014.4
2024-01-20T02:00,-5.2,0.00,94,-6.0,-8.7,0.00,0.05,0.00,0,2,0,0,2,4.1,180,135,10.4,10.4,0,0.00,1030.5,1015.1
2024-01-20T03:00,-5.2,0.00,93,-6.2,-8.9,0.00,0.05,0.00,0,0,0,0,0,4.8,176,132,11.2,9.0,0,0.00,1030.8,1015.4
2024-01-20T04:00,-5.1,0.00,93,-6.1,-8.9,0.00,0.05,0.00,0,0,0,0,0,5.6,164,130,13.1,10.4,0,0.00,1030.9,1015.5
2024-01-20T05:00,-5.2,0.00,93,-6.2,-9.1,0.00,0.05,0.00,0,7,0,0,7,6.3,147,114,13.8,11.5,0,0.00,1031.3,1015.9
2024-01-20T06:00,-5.3,0.00,93,-6.2,-9.1,0.00,0.05,0.00,1,26,0,0,26,6.0,133,107,13.8,12.2,0,0.00,1031.4,1016.0
2024-01-20T07:00,-5.3,0.00,94,-6.2,-9.1,0.00,0.05,0.00,1,45,0,0,45,6.2,125,111,14.5,11.5,0,0.00,1031.8,1016.4
2024-01-20T08:00,-5.4,0.00,95,-6.1,-9.4,0.00,0.05,0.00,2,79,0,0,79,7.0,120,111,15.0,13.7,0,0.00,1032.2,1016.8
2024-01-20T09:00,-4.9,0.00,95,-5.5,-8.7,0.00,0.05,0.00,3,89,0,0,89,6.5,115,109,13.5,14.4,1,0.00,1033.0,1017.6
2024-01-20T10:00,-4.0,0.00,91,-5.3,-7.8,0.00,0.05,0.00,3,91,0,0,91,6.6,118,119,10.6,16.2,1,2784.09,1033.4,1018.1
2024-01-20T11:00,-2.3,0.00,82,-5.0,-6.0,0.00,0.05,0.00,1,23,0,0,23,5.8,118,120,8.5,17.6,1,3600.00,1033.6,1018.3
2024-01-20T12:00,-0.5,0.00,70,-5.2,-3.9,0.00,0.05,0.00,0,6,0,0,6,3.9,108,112,5.7,16.9,1,3600.00,1033.1,1018.0
2024-01-20T13:00,0.1,0.00,66,-5.5,-3.3,0.00,0.05,0.00,0,1,0,0,1,3.7,117,119,4.8,14.4,1,3600.00,1032.4,1017.3
2024-01-20T14:00,-2.4,0.00,82,-5.1,-5.9,0.00,0.05,0.00,0,2,0,0,2,4.7,93,90,6.1,18.4,1,3600.00,1033.0,1017.8
2024-01-20T15:00,-2.4,0.00,75,-6.1,-6.1,0.00,0.05,0.00,0,0,0,0,0,5.4,96,94,6.9,11.9,1,3600.00,1032.4,1017.2
2024-01-20T16:00,0.1,0.00,62,-6.3,-3.5,0.00,0.05,0.00,0,19,19,0,0,4.7,95,81,7.6,11.9,1,3600.00,1032.4,1017.3
2024-01-20T17:00,-1.3,0.00,68,-6.5,-5.1,0.00,0.05,0.00,3,86,86,0,0,5.4,76,37,7.4,7.6,1,1422.33,1032.6,1017.4
2024-01-20T18:00,-7.3,0.00,83,-9.7,-11.7,0.00,0.05,0.00,3,99,99,0,0,8.0,102,80,12.1,13.0,0,0.00,1032.2,1016.7
2024-01-20T19:00,-7.3,0.00,83,-9.7,-11.7,0.00,0.05,0.00,3,100,100,0,0,8.3,108,72,15.5,13.7,0,0.00,1032.1,1016.6
2024-01-20T20:00,-6.8,0.00,82,-9.3,-11.2,0.00,0.05,0.00,3,100,100,0,0,7.7,107,79,17.0,13.7,0,0.00,1032.1,1016.6
2024-01-20T21:00,-7.1,0.00,82,-9.7,-11.6,0.00,0.05,0.00,1,25,25,0,0,8.6,113,90,18.1,14.4,0,0.00,1031.9,1016.4
2024-01-20T22:00,-5.9,0.00,80,-8.8,-10.2,0.00,0.05,0.00,1,33,33,0,0,7.6,114,98,22.4,15.8,0,0.00,1031.5,1016.1
2024-01-20T23:00,-5.0,0.00,78,-8.2,-9.5,0.00,0.05,0.00,0,1,1,0,0,9.6,115,103,25.0,19.8,0,0.00,1030.9,1015.5
2024-01-21T00:00,-5.1,0.00,77,-8.6,-9.6,0.00,0.05,0.00,0,0,0,0,0,9.0,116,106,24.0,20.2,0,0.00,1030.8,1015.4
2024-01-21T01:00,-4.9,0.00,74,-8.8,-9.7,0.00,0.05,0.00,0,10,10,0,0,11.0,120,113,26.9,22.0,0,0.00,1030.4,1015.1
2024-01-21T02:00,-3.9,0.00,73,-8.1,-9.0,0.00,0.05,0.00,0,0,0,0,0,13.4,124,117,30.1,28.1,0,0.00,1030.3,1015.0
2024-01-21T03:00,-4.9,0.00,75,-8.7,-9.2,0.00,0.05,0.00,1,41,41,0,0,7.9,134,137,22.4,27.0,0,0.00,1030.4,1015.1
2024-01-21T04:00,-6.1,0.00,78,-9.4,-10.4,0.00,0.05,0.00,3,99,99,0,2,7.2,144,143,20.6,16.9,0,0.00,1030.1,1014.7
2024-01-21T05:00,-7.7,0.00,80,-10.5,-12.0,0.00,0.05,0.00,3,100,100,0,8,6.8,156,155,15.3,15.8,0,0.00,1029.9,1014.4
2024-01-21T06:00,-8.0,0.00,80,-10.9,-12.4,0.00,0.05,0.00,3,96,96,0,11,7.3,148,110,10.2,13.0,0,0.00,1029.8,1014.3
2024-01-21T07:00,-7.5,0.00,77,-10.8,-11.6,0.00,0.05,0.00,3,100,100,1,7,5.5,156,101,8.7,11.5,0,0.00,1029.7,1014.2
2024-01-21T08:00,-5.9,0.00,73,-10.0,-10.1,0.00,0.05,0.00,3,100,100,0,13,6.5,164,109,14.2,13.3,0,0.00,1029.4,1014.0
2024-01-21T09:00,-4.1,0.00,67,-9.3,-8.5,0.00,0.05,0.00,3,100,100,0,10,7.7,170,131,19.0,16.6,1,0.00,1029.5,1014.2
2024-01-21T10:00,-2.3,0.00,62,-8.5,-6.5,0.00,0.05,0.00,3,100,100,82,4,7.1,175,150,20.2,18.4,1,0.00,1029.6,1014.4
2024-01-21T11:00,-0.9,0.00,62,-7.4,-4.9,0.00,0.05,0.00,3,100,100,100,2,6.1,180,152,19.1,18.7,1,0.00,1029.8,1014.7
2024-01-21T12:00,0.1,0.00,63,-6.2,-3.7,0.00,0.05,0.00,3,98,98,29,2,6.1,208,177,19.5,16.2,1,0.00,1030.2,1015.1
2024-01-21T13:00,1.3,0.00,65,-4.6,-2.3,0.00,0.05,0.00,1,32,11,31,0,5.9,194,166,16.0,22.0,1,3600.00,1029.1,1014.1
2024-01-21T14:00,1.0,0.00,72,-3.5,-2.5,0.00,0.05,0.00,3,100,100,78,0,6.2,196,159,20.6,18.7,1,3600.00,1029.7,1014.7
2024-01-21T15:00,1.8,0.00,73,-2.5,-1.9,0.00,0.05,0.00,2,62,59,7,5,8.6,208,165,27.7,19.8,1,3600.00,1028.9,1013.9
2024-01-21T16:00,3.1,0.00,69,-2.1,-0.8,0.00,0.05,0.00,2,74,59,34,23,9.7,207,195,24.6,25.2,1,3600.00,1028.6,1013.7
2024-01-21T17:00,2.2,0.00,73,-2.2,-1.4,0.00,0.05,0.00,3,100,100,17,27,8.1,211,193,23.1,22.0,1,502.27,1028.9,1014.0
2024-01-21T18:00,2.5,0.00,74,-1.7,-1.3,0.00,0.05,0.00,3,100,99,18,100,9.8,215,204,25.6,21.2,0,0.00,1028.9,1014.0
2024-01-21T19:00,3.3,0.00,72,-1.3,-0.6,0.00,0.05,0.00,3,100,82,10,100,10.2,206,190,25.6,22.3,0,0.00,1028.7,1013.8
2024-01-21T20:00,3.4,0.00,71,-1.3,-0.6,0.00,0.05,0.00,3,100,8,0,100,11.7,201,189,27.0,25.2,0,0.00,1028.4,1013.5
2024-01-21T21:00,3.6,0.00,70,-1.4,-0.3,0.00,0.05,0.00,3,100,78,0,100,10.7,208,200,26.4,25.2,0,0.00,1028.1,1013.3
2024-01-21T22:00,3.7,0.00,69,-1.4,-0.3,0.00,0.05,0.00,3,99,65,0,96,11.2,206,195,26.9,24.8,0,0.00,1027.3,1012.5
2024-01-21T23:00,3.9,0.00,69,-1.3,-0.2,0.00,0.05,0.00,3,88,77,2,49,12.2,193,178,28.8,27.0,0,0.00,1026.0,1011.2
2024-01-22T00:00,3.3,0.00,74,-0.9,-0.3,0.00,0.05,0.00,1,48,37,0,16,9.1,204,189,24.5,27.4,0,0.00,1025.5,1010.7
2024-01-22T01:00,2.7,0.00,75,-1.2,-1.1,0.00,0.05,0.00,3,100,93,21,100,10.5,216,202,27.3,23.0,0,0.00,1024.9,1010.1
2024-01-22T02:00,3.2,0.00,78,-0.2,-0.9,0.00,0.05,0.00,3,93,83,20,50,13.2,209,202,30.9,29.5,0,0.00,1023.6,1008.8
2024-01-22T03:00,3.4,0.00,85,1.0,-0.3,0.00,0.05,0.00,3,100,99,31,56,11.8,210,200,27.7,29.2,0,0.00,1023.4,1008.6
2024-01-22T04:00,3.5,0.00,87,1.6,-0.4,0.00,0.04,0.00,3,100,100,57,100,13.8,200,186,30.0,29.5,0,0.00,1022.3,1007.5
2024-01-22T05:00,4.3,0.00,82,1.6,0.3,0.00,0.04,0.00,3,100,100,100,43,14.4,208,202,31.4,31.7,0,0.00,1021.3,1006.6
2024-01-22T06:00,5.3,0.00,73,0.9,0.8,0.00,0.04,0.00,3,100,100,98,18,17.0,214,212,35.0,36.7,0,0.00,1020.3,1005.7
2024-01-22T07:00,5.5,0.00,69,0.3,1.0,0.00,0.04,0.00,3,100,100,76,100,16.4,216,213,34.8,37.1,0,0.00,1019.6,1005.0
2024-01-22T08:00,7.0,0.00,58,-0.8,1.8,0.00,0.04,0.00,3,100,100,100,100,19.9,217,215,37.0,41.8,0,0.00,1018.9,1004.4
2024-01-22T09:00,6.8,0.00,62,-0.0,2.0,0.00,0.04,0.00,3,100,100,99,68,17.8,216,212,34.0,41.8,1,0.00,1018.9,1004.4
2024-01-22T10:00,7.4,0.10,67,1.6,2.4,0.10,0.04,0.00,51,100,95,57,100,21.6,226,226,39.2,45.0,1,0.00,1019.0,1004.5
2024-01-22T11:00,8.5,0.00,68,2.8,3.8,0.00,0.04,0.00,3,100,93,99,100,20.7,223,221,37.2,45.0,1,0.00,1018.8,1004.3
2024-01-22T12:00,8.9,0.00,71,3.9,4.3,0.00,0.03,0.00,3,100,96,51,100,21.8,222,219,38.5,45.7,1,0.00,1018.2,1003.8
2024-01-22T13:00,9.3,0.10,71,4.4,4.4,0.10,0.03,0.00,51,100,99,100,89,24.2,226,223,41.2,50.0,1,0.00,1017.3,1002.9
2024-01-22T14:00,9.0,0.00,84,6.5,4.9,0.00,0.03,0.00,3,100,100,2,100,22.5,224,221,39.2,45.7,1,0.00,1015.8,1001.4
2024-01-22T15:00,8.9,0.00,86,6.6,4.6,0.00,0.02,0.00,3,100,100,77,100,23.5,232,230,41.3,48.6,1,0.00,1015.5,1001.1
2024-01-22T16:00,8.1,0.20,89,6.5,3.6,0.20,0.02,0.00,51,100,100,100,100,24.7,235,233,43.9,51.1,1,0.00,1015.7,1001.3
2024-01-22T17:00,7.4,1.10,91,6.1,2.7,1.10,0.02,0.00,55,100,99,100,100,25.8,239,242,45.7,55.4,1,0.00,1016.5,1002.0
2024-01-22T18:00,6.5,1.90,93,5.5,2.6,1.90,0.02,0.00,61,100,100,100,14,19.1,242,238,35.7,53.6,0,0.00,1018.1,1003.5
2024-01-22T19:00,5.7,0.20,95,5.0,2.0,0.20,0.02,0.00,51,70,54,36,25,17.3,231,228,34.5,38.9,0,0.00,1018.9,1004.3
2024-01-22T20:00,5.3,0.00,94,4.5,1.6,0.00,0.02,0.00,1,20,0,0,19,16.3,238,235,33.2,35.6,0,0.00,1020.5,1005.9
2024-01-22T21:00,4.4,0.00,96,3.8,1.0,0.00,0.01,0.00,1,38,0,32,11,13.1,229,217,29.6,33.5,0,0.00,1021.6,1006.9
2024-01-22T22:00,4.2,0.00,96,3.6,0.5,0.00,0.01,0.00,2,60,0,1,59,14.5,222,210,31.1,30.2,0,0.00,1022.1,1007.4
2024-01-22T23:00,4.3,0.00,96,3.7,0.7,0.00,0.01,0.00,2,56,0,0,56,14.8,229,221,31.6,30.2,0,0.00,1022.5,1007.8
2024-01-23T00:00,4.9,0.30,94,4.0,0.9,0.30,0.01,0.00,51,98,0,3,98,17.4,234,230,34.1,35.6,0,0.00,1022.8,1008.1
2024-01-23T01:00,5.2,0.40,92,4.0,0.6,0.40,0.01,0.00,51,67,0,32,55,21.3,235,233,38.5,43.2,0,0.00,1022.8,1008.1
2024-01-23T02:00,5.0,0.00,92,3.8,0.7,0.00,0.01,0.00,3,98,0,4,98,19.5,239,232,35.9,43.2,0,0.00,1023.3,1008.6
2024-01-23T03:00,5.1,0.00,91,3.8,0.7,0.00,0.01,0.00,2,72,0,5,71,20.1,242,237,36.6,42.1,0,0.00,1024.2,1009.5
2024-01-23T04:00,4.9,0.00,91,3.5,0.6,0.00,0.01,0.00,3,100,0,19,100,19.2,248,242,35.0,41.4,0,0.00,1024.5,1009.8
2024-01-23T05:00,5.0,0.00,88,3.2,0.7,0.00,0.01,0.00,1,43,0,23,26,18.3,255,250,33.9,40.3,0,0.00,1025.3,1010.6
2024-01-23T06:00,4.7,0.00,88,3.0,0.6,0.00,0.01,0.00,1,47,0,1,46,17.0,256,249,31.9,37.8,0,0.00,1026.4,1011.6
2024-01-23T07:00,4.0,0.20,91,2.7,0.6,0.20,0.01,0.00,51,55,0,0,55,11.8,253,243,25.2,34.9,0,0.00,1027.6,1012.8
2024-01-23T08:00,3.3,0.10,92,2.2,0.1,0.10,0.01,0.00,51,61,0,0,61,9.4,248,227,22.6,24.8,0,0.00,1028.8,1013.9
2024-01-23T09:00,3.8,0.10,93,2.8,0.5,0.10,0.01,0.00,51,67,8,0,64,11.5,240,226,24.5,23.0,1,0.00,1029.5,1014.6
2024-01-23T10:00,5.2,0.10,90,3.6,1.3,0.10,0.01,0.00,51,84,0,0,84,15.9,247,242,27.3,31.0,1,3269.62,1030.7,1015.9
2024-01-23T11:00,6.2,0.00,85,3.9,2.4,0.00,0.01,0.00,2,55,20,0,44,15.6,258,255,26.1,32.8,1,3600.00,1031.8,1017.0
2024-01-23T12:00,6.7,0.20,84,4.2,2.5,0.20,0.01,0.00,51,100,99,7,99,19.5,258,258,29.1,40.0,1,3600.00,1031.4,1016.7
2024-01-23T13:00,7.0,0.10,81,3.9,3.2,0.10,0.01,0.00,51,100,71,74,100,15.5,257,257,26.2,41.8,1,794.88,1031.1,1016.4
2024-01-23T14:00,7.8,0.00,69,2.5,3.7,0.00,0.01,0.00,3,99,67,99,0,15.9,238,237,25.9,39.6,1,2491.38,1030.9,1016.2
2024-01-23T15:00,7.9,0.00,71,2.9,3.8,0.00,0.01,0.00,3,100,57,100,19,16.8,236,235,28.6,36.4,1,2918.44,1030.6,1015.9
2024-01-23T16:00,7.4,0.00,76,3.4,3.6,0.00,0.00,0.00,3,100,83,100,54,15.1,234,232,27.6,34.9,1,0.00,1030.7,1016.0
2024-01-23T17:00,7.0,0.10,80,3.7,3.1,0.10,0.00,0.00,51,100,96,100,9,16.4,234,230,30.2,33.5,1,0.00,1030.7,1016.0
2024-01-23T18:00,6.7,0.30,82,3.9,2.7,0.30,0.00,0.00,51,100,100,100,5,17.6,230,227,32.2,37.1,0,0.00,1030.3,1015.6
2024-01-23T19:00,6.0,0.60,89,4.3,2.5,0.60,0.00,0.00,53,100,100,100,75,15.0,217,210,29.3,35.6,0,0.00,1030.3,1015.5
2024-01-23T20:00,5.8,0.40,89,4.1,2.2,0.40,0.00,0.00,51,100,100,100,92,14.8,202,194,28.4,31.3,0,0.00,1029.1,1014.4
2024-01-23T21:00,6.3,0.10,89,4.6,2.6,0.10,0.00,0.00,51,100,100,100,100,15.9,210,205,30.5,33.8,0,0.00,1027.7,1013.0
2024-01-23T22:00,6.8,0.00,88,4.9,2.7,0.00,0.00,0.00,3,100,96,100,100,19.1,224,221,34.9,38.9,0,0.00,1027.6,1012.9
2024-01-23T23:00,6.6,0.20,89,5.0,2.9,0.20,0.00,0.00,51,100,100,100,100,17.3,220,216,32.4,40.0,0,0.00,1027.5,1012.8
2024-01-24T00:00,7.3,0.10,87,5.3,3.2,0.10,0.00,0.00,51,100,100,9,100,20.2,223,219,36.7,41.0,0,0.00,1026.4,1011.8
2024-01-24T01:00,8.0,0.00,87,6.0,3.9,0.00,0.00,0.00,3,100,100,0,100,21.1,227,224,38.0,44.3,0,0.00,1025.8,1011.2
2024-01-24T02:00,8.9,0.00,86,6.6,4.6,0.00,0.00,0.00,3,100,100,0,100,23.4,229,227,40.8,47.5,0,0.00,1024.7,1010.2
2024-01-24T03:00,9.7,0.00,85,7.4,5.5,0.00,0.00,0.00,3,100,100,0,100,24.3,232,230,41.8,49.7,0,0.00,1024.3,1009.8
2024-01-24T04:00,10.3,0.00,85,7.9,5.9,0.00,0.00,0.00,3,100,100,37,100,26.3,235,234,44.9,53.3,0,0.00,1023.7,1009.3
2024-01-24T05:00,10.7,0.00,85,8.4,6.2,0.00,0.00,0.00,3,100,100,86,100,28.3,237,236,47.8,58.7,0,0.00,1023.7,1009.3
2024-01-24T06:00,11.0,0.10,87,8.9,6.6,0.10,0.00,0.00,51,100,98,94,100,27.8,231,229,46.6,58.7,0,0.00,1023.6,1009.2
2024-01-24T07:00,11.0,0.20,89,9.2,6.7,0.20,0.00,0.00,51,100,100,99,100,27.7,226,224,46.8,57.2,0,0.00,1023.2,1008.8
2024-01-24T08:00,11.0,0.20,91,9.5,6.8,0.20,0.00,0.00,51,100,100,100,100,27.8,231,229,47.3,57.2,0,0.00,1023.4,1009.0
2024-01-24T09:00,11.1,0.30,90,9.6,6.9,0.30,0.00,0.00,51,100,98,43,99,28.5,235,233,47.8,68.4,1,0.00,1024.0,1009.6
2024-01-24T10:00,10.8,0.60,94,9.8,7.6,0.60,0.00,0.00,53,100,99,90,100,22.1,241,240,38.7,66.2,1,0.00,1024.4,1010.0
2024-01-24T11:00,11.0,2.00,93,9.9,7.7,2.00,0.00,0.00,61,100,85,100,100,22.1,265,264,37.2,52.9,1,0.00,1025.2,1010.8
2024-01-24T12:00,11.3,0.50,88,9.4,7.9,0.50,0.00,0.00,53,100,100,7,17,22.0,276,274,37.6,52.2,1,73.70,1025.7,1011.3
2024-01-24T13:00,11.4,0.00,77,7.5,7.2,0.00,0.00,0.00,3,86,82,0,22,24.5,271,269,40.7,53.6,1,3600.00,1025.7,1011.3
2024-01-24T14:00,13.1,0.00,63,6.3,8.6,0.00,0.00,0.00,3,94,94,3,8,24.2,267,266,38.6,49.7,1,3600.00,1025.4,1011.1
2024-01-24T15:00,12.2,0.00,65,5.7,7.9,0.00,0.00,0.00,3,98,97,51,4,21.6,272,271,36.4,51.8,1,3600.00,1026.0,1011.6
2024-01-24T16:00,11.2,0.00,69,5.8,7.8,0.00,0.00,0.00,3,91,82,27,30,15.9,276,274,28.6,45.0,1,3600.00,1027.0,1012.6
2024-01-24T17:00,9.6,0.00,74,5.2,6.4,0.00,0.00,0.00,3,90,79,22,39,13.7,271,267,26.6,33.5,1,229.70,1028.3,1013.8
2024-01-24T18:00,8.7,0.00,76,4.8,5.7,0.00,0.00,0.00,3,95,93,3,33,12.3,258,249,24.6,28.4,0,0.00,1029.4,1014.8
2024-01-24T19:00,7.9,0.00,79,4.4,4.9,0.00,0.00,0.00,3,96,94,13,23,11.3,252,243,23.9,25.9,0,0.00,1030.1,1015.4
2024-01-24T20:00,6.9,0.00,85,4.5,4.0,0.00,0.00,0.00,3,85,72,14,35,10.5,240,232,24.0,23.0,0,0.00,1030.4,1015.7
2024-01-24T21:00,5.7,0.00,90,4.3,2.8,0.00,0.00,0.00,3,84,37,58,39,10.8,239,233,25.2,22.0,0,0.00,1030.4,1015.6
2024-01-24T22:00,5.9,0.00,91,4.6,2.8,0.00,0.00,0.00,3,99,48,98,33,12.0,242,237,26.6,24.1,0,0.00,1030.3,1015.5
2024-01-24T23:00,6.5,0.00,89,4.9,3.6,0.00,0.00,0.00,3,94,3,91,34,11.6,243,240,25.0,25.2,0,0.00,1030.1,1015.4
2024-01-25T00:00,6.4,0.10,90,4.9,3.7,0.10,0.00,0.00,51,95,1,92,33,9.6,254,250,22.9,23.8,0,0.00,1030.1,1015.4
2024-01-25T01:00,6.6,0.20,89,4.9,3.9,0.20,0.00,0.00,51,98,7,97,41,9.9,265,260,22.8,21.6,0,0.00,1030.1,1015.4
2024-01-25T02:00,7.8,0.20,88,5.9,5.0,0.20,0.00,0.00,51,72,18,47,42,11.7,262,259,25.1,24.8,0,0.00,1029.4,1014.8
2024-01-25T03:00,7.1,0.10,90,5.7,4.4,0.10,0.00,0.00,51,62,5,37,49,11.3,267,263,25.2,24.5,0,0.00,1029.8,1015.1
2024-01-25T04:00,6.5,0.00,92,5.3,3.6,0.00,0.00,0.00,2,52,0,6,52,11.5,277,274,25.4,23.8,0,0.00,1030.1,1015.4
2024-01-25T05:00,6.1,0.00,93,5.1,3.3,0.00,0.00,0.00,1,39,5,0,36,10.5,282,276,23.9,23.8,0,0.00,1030.4,1015.7
2024-01-25T06:00,5.2,0.00,94,4.4,2.5,0.00,0.00,0.00,1,43,35,0,12,9.0,278,270,22.9,22.0,0,0.00,1030.9,1016.1
2024-01-25T07:00,4.5,0.00,95,3.8,1.9,0.00,0.00,0.00,1,47,38,0,15,8.0,270,260,22.0,18.7,0,0.00,1031.2,1016.4
2024-01-25T08:00,4.2,0.00,95,3.5,1.6,0.00,0.00,0.00,1,22,20,0,3,7.8,263,257,21.7,18.0,0,0.00,1031.4,1016.5
2024-01-25T09:00,3.5,0.00,97,3.1,1.1,0.00,0.00,0.00,1,43,26,0,22,5.8,275,277,15.2,15.8,1,694.65,1032.0,1017.1
2024-01-25T10:00,5.5,0.00,93,4.4,3.6,0.00,0.00,0.00,2,73,65,0,23,3.6,287,270,10.9,11.2,1,3600.00,1032.3,1017.5
2024-01-25T11:00,6.9,0.00,86,4.8,4.9,0.00,0.00,0.00,3,80,73,27,22,5.2,299,295,8.2,13.7,1,3600.00,1032.4,1017.7
2024-01-25T12:00,7.8,0.00,82,4.8,5.6,0.00,0.00,0.00,3,100,100,0,50,6.3,285,283,8.2,16.9,1,3600.00,1032.4,1017.7
2024-01-25T13:00,8.5,0.00,76,4.4,6.0,0.00,0.00,0.00,3,100,91,26,100,7.7,258,259,10.3,18.7,1,3600.00,1031.9,1017.3
2024-01-25T14:00,9.9,0.00,69,4.4,7.3,0.00,0.00,0.00,3,100,97,77,94,8.4,250,250,11.5,21.2,1,2049.68,1030.7,1016.1
2024-01-25T15:00,10.1,0.00,68,4.5,8.1,0.00,0.00,0.00,3,100,100,61,8,5.1,260,266,8.4,18.4,1,3091.12,1030.1,1015.6
2024-01-25T16:00,9.4,0.00,82,6.4,8.1,0.00,0.00,0.00,3,100,100,25,35,2.2,304,360,3.9,11.2,1,0.00,1029.8,1015.2
2024-01-25T17:00,7.0,0.00,83,4.2,5.0,0.00,0.00,0.00,3,100,100,100,76,4.2,63,70,0.8,6.8,1,0.00,1029.3,1014.6
2024-01-25T18:00,7.8,0.00,80,4.5,5.8,0.00,0.00,0.00,3,100,100,100,100,4.7,218,176,12.3,8.3,0,0.00,1029.5,1014.9
2024-01-25T19:00,7.8,0.20,89,6.1,5.7,0.20,0.00,0.00,51,100,100,100,100,7.4,228,209,16.8,15.1,0,0.00,1029.6,1015.0
2024-01-25T20:00,7.3,0.70,95,6.5,5.5,0.70,0.00,0.00,53,100,100,100,86,6.2,213,187,15.4,14.8,0,0.00,1029.3,1014.6
2024-01-25T21:00,7.2,0.30,95,6.5,5.3,0.30,0.00,0.00,51,100,99,94,63,6.9,202,174,16.3,13.7,0,0.00,1029.2,1014.5
2024-01-25T22:00,7.4,0.00,95,6.7,5.2,0.00,0.00,0.00,3,100,97,59,98,9.1,207,189,20.6,18.0,0,0.00,1028.9,1014.2
2024-01-25T23:00,7.5,0.10,97,7.0,5.5,0.10,0.00,0.00,51,100,95,88,100,8.2,229,218,19.6,18.4,0,0.00,1028.9,1014.2
2024-01-26T00:00,7.6,0.20,97,7.2,5.9,0.20,0.00,0.00,51,100,83,100,100,7.1,232,221,17.7,16.9,0,0.00,1028.9,1014.3
2024-01-26T01:00,7.7,0.20,97,7.3,5.7,0.20,0.00,0.00,51,100,94,100,81,8.7,222,204,18.9,16.9,0,0.00,1028.5,1013.9
2024-01-26T02:00,8.5,0.20,97,8.1,6.3,0.20,0.00,0.00,51,100,83,100,100,11.8,225,218,23.9,23.0,0,0.00,1028.4,1013.8
2024-01-26T03:00,8.4,0.00,97,8.0,6.2,0.00,0.00,0.00,3,100,69,100,74,11.8,219,211,23.3,24.5,0,0.00,1028.2,1013.6
2024-01-26T04:00,8.3,0.10,96,7.8,5.9,0.10,0.00,0.00,51,100,84,100,90,12.3,220,212,24.3,25.2,0,0.00,1028.0,1013.4
2024-01-26T05:00,8.3,0.10,96,7.7,5.9,0.10,0.00,0.00,51,100,97,93,98,12.3,219,212,24.1,25.2,0,0.00,1027.7,1013.1
2024-01-26T06:00,8.4,0.00,95,7.6,5.8,0.00,0.00,0.00,3,100,97,100,100,13.8,228,223,26.5,28.1,0,0.00,1027.8,1013.2
2024-01-26T07:00,8.5,0.00,95,7.7,5.8,0.00,0.00,0.00,3,100,96,31,100,14.5,229,224,27.6,30.2,0,0.00,1027.5,1012.9
2024-01-26T08:00,8.6,0.00,94,7.8,5.8,0.00,0.00,0.00,3,100,99,10,84,15.3,227,223,28.0,31.0,0,0.00,1027.4,1012.8
2024-01-26T09:00,8.7,0.00,93,7.7,5.9,0.00,0.00,0.00,3,100,100,3,30,15.1,226,218,27.2,31.0,1,0.00,1027.3,1012.7
2024-01-26T10:00,9.2,0.00,92,7.9,6.4,0.00,0.00,0.00,3,100,100,75,74,15.3,223,219,26.7,31.7,1,596.33,1026.7,1012.2
2024-01-26T11:00,9.7,0.10,90,8.1,6.5,0.10,0.00,0.00,51,100,100,100,57,18.8,228,227,31.4,37.8,1,0.00,1026.3,1011.8
2024-01-26T12:00,9.3,0.40,91,7.9,5.6,0.40,0.00,0.00,51,100,100,100,99,21.5,232,230,37.2,43.9,1,0.00,1025.9,1011.4
2024-01-26T13:00,9.6,0.30,93,8.5,6.3,0.30,0.00,0.00,51,100,100,100,100,19.7,233,230,33.9,44.3,1,0.00,1025.3,1010.8
2024-01-26T14:00,10.9,0.50,91,9.5,7.8,0.50,0.00,0.00,53,100,97,100,100,20.5,235,232,34.9,43.2,1,0.00,1025.2,1010.8
2024-01-26T15:00,10.8,0.20,92,9.5,7.7,0.20,0.00,0.00,51,100,77,87,100,20.3,238,237,34.5,41.8,1,0.00,1025.1,1010.7
2024-01-26T16:00,10.9,0.20,90,9.4,7.9,0.20,0.00,0.00,51,71,0,34,56,19.2,278,275,32.7,48.6,1,0.00,1026.4,1012.0
2024-01-26T17:00,9.8,0.10,83,7.1,6.3,0.10,0.00,0.00,51,37,15,0,25,18.7,311,308,31.9,42.1,1,515.84,1028.5,1014.0
2024-01-26T18:00,7.7,0.00,84,5.1,4.6,0.00,0.00,0.00,0,1,0,0,1,13.5,309,304,26.4,37.1,0,0.00,1030.7,1016.0
2024-01-26T19:00,5.8,0.00,88,4.0,2.8,0.00,0.00,0.00,1,30,0,0,30,10.6,302,298,24.3,27.0,0,0.00,1032.3,1017.5
2024-01-26T20:00,4.8,0.00,90,3.3,1.7,0.00,0.00,0.00,2,66,0,0,66,10.3,298,295,24.0,22.0,0,0.00,1033.4,1018.5
2024-01-26T21:00,4.2,0.00,90,2.8,1.1,0.00,0.00,0.00,1,24,0,0,24,9.7,300,297,22.9,21.2,0,0.00,1034.2,1019.3
2024-01-26T22:00,2.9,0.00,91,1.6,0.1,0.00,0.00,0.00,0,4,0,0,4,6.8,305,302,19.7,19.8,0,0.00,1034.9,1019.9
2024-01-26T23:00,1.2,0.00,92,0.1,-1.9,0.00,0.00,0.00,0,5,0,0,5,6.9,310,313,16.4,14.0,0,0.00,1035.7,1020.6
2024-01-27T00:00,0.4,0.00,92,-0.8,-2.9,0.00,0.00,0.00,0,2,0,0,2,7.0,300,291,15.3,13.0,0,0.00,1035.8,1020.7
2024-01-27T01:00,-0.2,0.00,92,-1.3,-3.6,0.00,0.00,0.00,0,5,0,0,5,7.4,297,284,15.3,12.6,0,0.00,1036.2,1021.0
2024-01-27T02:00,0.2,0.00,89,-1.3,-3.3,0.00,0.00,0.00,0,0,0,0,0,7.9,318,317,14.0,15.1,0,0.00,1036.4,1021.2
2024-01-27T03:00,2.5,0.00,82,-0.2,-0.3,0.00,0.00,0.00,0,0,0,0,0,4.0,302,243,8.1,13.0,0,0.00,1037.1,1022.1
2024-01-27T04:00,2.3,0.00,83,-0.3,-0.4,0.00,0.00,0.00,0,0,0,0,0,3.4,288,212,6.8,7.6,0,0.00,1037.4,1022.3
2024-01-27T05:00,0.4,0.00,87,-1.5,-2.6,0.00,0.00,0.00,0,0,0,0,0,4.3,252,175,5.7,6.8,0,0.00,1037.6,1022.4
2024-01-27T06:00,-1.3,0.00,91,-2.6,-4.7,0.00,0.00,0.00,0,0,0,0,0,5.8,225,150,6.6,7.6,0,0.00,1037.8,1022.5
2024-01-27T07:00,-1.8,0.00,92,-2.9,-5.2,0.00,0.00,0.00,0,0,0,0,0,6.1,204,140,7.9,9.4,0,0.00,1037.9,1022.6
2024-01-27T08:00,-1.7,0.00,92,-2.9,-5.1,0.00,0.00,0.00,0,0,0,0,0,5.9,195,133,8.2,9.4,0,0.00,1038.3,1023.0
2024-01-27T09:00,0.1,0.00,92,-1.0,-2.8,0.00,0.00,0.00,0,0,0,0,0,4.5,185,119,8.0,9.4,1,1171.76,1038.5,1023.3
2024-01-27T10:00,2.2,0.00,90,0.7,-0.8,0.00,0.00,0.00,0,0,0,0,0,6.2,159,126,8.9,13.0,1,3600.00,1038.4,1023.3
2024-01-27T11:00,4.0,0.00,84,1.5,1.4,0.00,0.00,0.00,0,0,0,0,0,4.5,167,166,8.1,13.3,1,3600.00,1038.5,1023.5
2024-01-27T12:00,5.5,0.00,77,1.8,3.0,0.00,0.00,0.00,0,5,5,0,0,4.6,131,129,6.6,14.0,1,3600.00,1038.1,1023.2
2024-01-27T13:00,6.5,0.00,68,1.0,4.1,0.00,0.00,0.00,0,15,15,0,0,3.4,107,108,4.9,14.4,1,3600.00,1037.3,1022.5
2024-01-27T14:00,7.1,0.00,64,0.7,4.6,0.00,0.00,0.00,1,48,48,0,0,3.1,59,54,4.2,10.8,1,3600.00,1037.7,1022.9
2024-01-27T15:00,7.4,0.00,59,-0.1,4.6,0.00,0.00,0.00,0,3,3,0,0,4.2,72,70,5.7,11.9,1,3600.00,1037.1,1022.3
2024-01-27T16:00,6.5,0.00,77,2.8,4.3,0.00,0.00,0.00,0,13,13,0,0,4.0,105,100,7.1,10.4,1,3600.00,1036.9,1022.1
2024-01-27T17:00,3.5,0.00,72,-1.1,-0.0,0.00,0.00,0.00,2,55,55,0,0,8.3,108,95,11.4,10.8,1,2169.65,1036.9,1021.9
2024-01-27T18:00,2.3,0.00,77,-1.3,-1.0,0.00,0.00,0.00,3,84,84,0,0,6.5,107,96,17.3,13.0,0,0.00,1037.1,1022.1
2024-01-27T19:00,1.7,0.00,80,-1.3,-1.7,0.00,0.00,0.00,3,100,100,0,0,7.6,105,90,19.7,14.0,0,0.00,1037.1,1022.0
2024-01-27T20:00,1.3,0.00,80,-1.7,-2.5,0.00,0.00,0.00,3,83,83,0,0,10.1,105,92,23.5,18.4,0,0.00,1037.0,1021.9
2024-01-27T21:00,1.7,0.00,76,-2.1,-2.6,0.00,0.00,0.00,3,100,100,24,0,12.3,104,93,27.4,23.0,0,0.00,1036.9,1021.8
2024-01-27T22:00,2.1,0.00,72,-2.3,-2.1,0.00,0.00,0.00,3,97,97,89,0,12.1,107,102,27.4,24.1,0,0.00,1036.5,1021.5
2024-01-27T23:00,2.0,0.00,72,-2.5,-2.1,0.00,0.00,0.00,2,50,31,45,0,11.4,107,103,26.0,23.8,0,0.00,1036.3,1021.2
2024-01-28T00:00,1.3,0.00,75,-2.7,-2.8,0.00,0.00,0.00,2,54,31,33,0,10.9,106,99,25.1,23.0,0,0.00,1035.8,1020.7
2024-01-28T01:00,0.6,0.00,78,-2.9,-3.5,0.00,0.00,0.00,1,28,1,28,0,10.8,105,94,24.2,22.0,0,0.00,1035.4,1020.3
2024-01-28T02:00,1.1,0.00,80,-2.0,-2.9,0.00,0.00,0.00,0,1,1,1,0,11.0,106,101,25.9,25.9,0,0.00,1035.0,1019.9
2024-01-28T03:00,0.1,0.00,84,-2.3,-3.6,0.00,0.00,0.00,0,8,8,0,0,8.4,106,97,21.8,22.0,0,0.00,1034.7,1019.6
2024-01-28T04:00,-0.7,0.00,87,-2.5,-4.4,0.00,0.00,0.00,0,1,1,0,0,8.6,105,92,21.7,17.3,0,0.00,1034.4,1019.2
2024-01-28T05:00,-1.2,0.00,88,-3.0,-4.8,0.00,0.00,0.00,0,2,2,0,0,6.9,105,84,18.6,17.3,0,0.00,1034.5,1019.3
2024-01-28T06:00,-1.7,0.00,88,-3.3,-5.2,0.00,0.00,0.00,1,45,45,0,0,6.1,106,90,17.2,13.3,0,0.00,1034.3,1019.1
2024-01-28T07:00,-1.7,0.00,89,-3.3,-5.2,0.00,0.00,0.00,0,8,0,8,0,6.1,105,87,16.8,12.6,0,0.00,1034.1,1018.9
2024-01-28T08:00,-1.8,0.00,89,-3.4,-5.4,0.00,0.00,0.00,0,3,3,0,0,7.2,107,93,18.8,14.4,0,0.00,1033.7,1018.5
2024-01-28T09:00,-0.6,0.00,85,-2.7,-4.2,0.00,0.00,0.00,0,2,2,0,0,7.6,98,82,17.1,14.8,1,1221.29,1033.8,1018.6
2024-01-28T10:00,2.0,0.00,79,-1.3,-1.4,0.00,0.00,0.00,0,0,0,0,0,7.0,99,69,18.2,16.6,1,3600.00,1033.6,1018.6
2024-01-28T11:00,4.7,0.00,72,-0.0,1.9,0.00,0.00,0.00,0,0,0,0,0,4.2,100,70,16.1,14.8,1,3600.00,1033.6,1018.7
2024-01-28T12:00,7.1,0.00,64,0.9,4.5,0.00,0.00,0.00,0,0,0,0,0,4.3,106,95,11.6,13.7,1,3600.00,1033.1,1018.4
2024-01-28T13:00,9.1,0.00,57,1.1,6.3,0.00,0.00,0.00,0,0,0,0,0,5.4,108,110,8.3,14.8,1,3600.00,1032.2,1017.6
2024-01-28T14:00,9.9,0.00,56,1.5,7.0,0.00,0.00,0.00,0,0,0,0,0,6.8,121,122,10.5,19.8,1,3600.00,1031.9,1017.3
2024-01-28T15:00,10.2,0.00,57,2.1,7.6,0.00,0.00,0.00,0,0,0,0,0,5.2,118,124,9.8,16.6,1,3600.00,1031.3,1016.7
2024-01-28T16:00,8.7,0.00,70,3.5,6.4,0.00,0.00,0.00,0,0,0,0,0,5.2,119,124,14.8,13.3,1,3600.00,1031.1,1016.5
2024-01-28T17:00,4.8,0.00,74,0.6,1.4,0.00,0.00,0.00,0,1,1,1,0,9.2,118,111,17.6,14.8,1,2278.36,1031.1,1016.3
2024-01-28T18:00,4.7,0.00,71,-0.1,1.4,0.00,0.00,0.00,0,0,0,0,0,8.1,116,103,23.2,15.5,0,0.00,1030.9,1016.1
2024-01-28T19:00,4.5,0.00,66,-1.3,0.5,0.00,0.00,0.00,0,0,0,0,0,11.3,114,107,27.6,21.6,0,0.00,1030.8,1016.0
2024-01-28T20:00,3.8,0.00,62,-2.9,-0.3,0.00,0.00,0.00,0,0,0,0,0,10.8,116,111,26.4,22.7,0,0.00,1031.1,1016.2
2024-01-28T21:00,2.8,0.00,62,-3.9,-1.7,0.00,0.00,0.00,0,1,1,0,0,12.5,114,108,28.4,24.1,0,0.00,1030.9,1016.0
2024-01-28T22:00,2.1,0.00,63,-4.3,-2.3,0.00,0.00,0.00,0,0,0,0,0,11.1,114,115,26.1,24.5,0,0.00,1030.8,1015.8
2024-01-28T23:00,1.4,0.00,66,-4.3,-3.0,0.00,0.00,0.00,0,3,0,3,0,11.9,116,115,26.4,22.7,0,0.00,1031.0,1016.0
2024-01-29T00:00,1.2,0.00,67,-4.2,-3.3,0.00,0.00,0.00,0,3,3,2,0,12.1,115,113,26.3,23.4,0,0.00,1031.4,1016.4
2024-01-29T01:00,0.9,0.00,69,-4.1,-3.3,0.00,0.00,0.00,0,2,2,0,0,10.8,119,116,24.3,23.0,0,0.00,1031.4,1016.4
2024-01-29T02:00,0.3,0.00,84,-2.1,-3.5,0.00,0.00,0.00,2,62,61,2,0,9.0,124,106,18.7,19.4,0,0.00,1030.9,1015.8
2024-01-29T03:00,-0.3,0.00,87,-2.2,-4.0,0.00,0.00,0.00,3,88,88,0,0,8.2,136,113,15.5,16.9,0,0.00,1031.1,1016.0
2024-01-29T04:00,-0.5,0.00,88,-2.3,-4.1,0.00,0.00,0.00,3,100,100,0,0,7.6,145,109,13.2,15.8,0,0.00,1031.0,1015.9
2024-01-29T05:00,-0.2,0.00,85,-2.4,-3.9,0.00,0.00,0.00,3,85,85,0,0,8.1,156,111,13.4,14.4,0,0.00,1030.9,1015.8
2024-01-29T06:00,-0.1,0.00,84,-2.5,-3.7,0.00,0.00,0.00,3,99,99,0,1,7.4,164,113,14.6,14.8,0,0.00,1030.8,1015.7
2024-01-29T07:00,-0.0,0.00,83,-2.6,-3.4,0.00,0.00,0.00,3,92,92,0,1,5.8,178,120,13.7,14.4,0,0.00,1031.0,1015.9
2024-01-29T08:00,0.4,0.00,80,-2.7,-3.1,0.00,0.00,0.00,3,100,100,25,2,6.6,177,119,13.7,12.2,0,0.00,1031.4,1016.3
2024-01-29T09:00,1.6,0.00,76,-2.2,-2.1,0.00,0.00,0.00,3,100,100,85,2,8.6,169,123,15.4,15.8,1,0.00,1031.9,1016.9
2024-01-29T10:00,4.3,0.00,68,-1.1,0.6,0.00,0.00,0.00,3,100,100,93,2,9.4,162,137,15.5,18.0,1,3208.15,1032.2,1017.3
2024-01-29T11:00,6.5,0.00,63,-0.0,3.2,0.00,0.00,0.00,3,100,100,80,0,7.9,163,137,15.8,18.0,1,3600.00,1032.4,1017.6
2024-01-29T12:00,7.8,0.00,60,0.4,4.8,0.00,0.00,0.00,3,100,100,26,0,6.4,167,142,12.6,16.9,1,3091.11,1032.2,1017.5
2024-01-29T13:00,9.3,0.00,56,1.0,6.3,0.00,0.00,0.00,3,94,94,9,0,6.6,151,151,9.5,15.8,1,3600.00,1031.5,1016.9
2024-01-29T14:00,10.3,0.00,50,0.2,7.1,0.00,0.00,0.00,3,99,99,0,0,7.4,147,141,10.7,18.4,1,3600.00,1031.0,1016.5
2024-01-29T15:00,9.6,0.00,52,0.2,6.7,0.00,0.00,0.00,3,100,100,0,0,5.5,160,122,11.5,16.6,1,3600.00,1030.7,1016.1
2024-01-29T16:00,6.8,0.00,63,0.2,3.9,0.00,0.00,0.00,3,100,100,0,0,5.5,154,101,10.8,10.8,1,809.07,1030.6,1015.9
2024-01-29T17:00,4.4,0.00,73,0.0,1.1,0.00,0.00,0.00,3,100,100,0,0,7.7,142,101,15.1,13.7,1,327.22,1030.8,1016.0
2024-01-29T18:00,3.1,0.00,78,-0.5,-0.5,0.00,0.00,0.00,3,99,99,0,0,9.1,137,97,17.6,16.6,0,0.00,1031.2,1016.3
2024-01-29T19:00,2.5,0.00,78,-0.9,-1.0,0.00,0.00,0.00,3,98,98,0,0,8.3,137,95,17.6,16.9,0,0.00,1031.1,1016.2
2024-01-29T20:00,1.8,0.00,81,-1.1,-1.6,0.00,0.00,0.00,3,90,90,3,0,7.8,138,103,16.8,15.8,0,0.00,1031.2,1016.2
2024-01-29T21:00,1.6,0.00,80,-1.4,-1.8,0.00,0.00,0.00,3,94,94,1,0,7.5,143,107,14.4,14.0,0,0.00,1031.4,1016.4
2024-01-29T22:00,1.8,0.00,81,-1.1,-1.6,0.00,0.00,0.00,3,92,92,0,0,7.1,155,105,11.9,13.3,0,0.00,1031.4,1016.4
2024-01-29T23:00,1.0,0.00,84,-1.4,-2.4,0.00,0.00,0.00,3,89,89,0,0,6.8,166,108,12.2,13.0,0,0.00,1031.5,1016.5
2024-01-30T00:00,0.9,0.00,85,-1.4,-2.5,0.00,0.00,0.00,3,99,99,0,0,7.1,168,114,14.3,13.3,0,0.00,1031.7,1016.7
2024-01-30T01:00,1.1,0.00,84,-1.3,-2.3,0.00,0.00,0.00,3,100,100,0,0,7.6,168,115,16.2,14.4,0,0.00,1031.8,1016.8
2024-01-30T02:00,1.8,0.00,87,-0.2,-1.4,0.00,0.00,0.00,3,89,89,0,0,7.0,180,125,16.6,13.0,0,0.00,1031.9,1016.9
2024-01-30T03:00,2.0,0.00,86,-0.2,-1.3,0.00,0.00,0.00,3,85,85,0,0,7.4,181,129,17.6,14.4,0,0.00,1031.8,1016.8
2024-01-30T04:00,1.9,0.00,85,-0.3,-1.5,0.00,0.00,0.00,3,81,81,0,0,8.4,183,137,19.8,15.8,0,0.00,1031.8,1016.8
2024-01-30T05:00,1.9,0.00,84,-0.5,-1.5,0.00,0.00,0.00,3,88,88,0,0,8.0,189,144,19.7,15.8,0,0.00,1031.8,1016.8
2024-01-30T06:00,2.0,0.00,83,-0.6,-1.4,0.00,0.00,0.00,3,95,95,0,0,7.9,193,150,19.6,15.5,0,0.00,1031.7,1016.7
2024-01-30T07:00,2.1,0.00,84,-0.4,-1.3,0.00,0.00,0.00,3,100,100,0,0,8.2,193,157,20.7,16.6,0,0.00,1031.8,1016.8
2024-01-30T08:00,2.0,0.00,84,-0.4,-1.4,0.00,0.00,0.00,3,99,99,0,0,8.5,190,152,20.5,16.9,0,0.00,1031.9,1016.9
2024-01-30T09:00,3.0,0.00,81,-0.0,-0.6,0.00,0.00,0.00,3,99,99,0,0,10.1,184,145,20.6,19.4,1,475.70,1032.2,1017.3
2024-01-30T10:00,4.9,0.00,75,0.8,1.4,0.00,0.00,0.00,3,100,100,5,0,10.0,186,159,20.3,20.5,1,3600.00,1032.5,1017.7
2024-01-30T11:00,6.2,0.00,70,1.1,2.8,0.00,0.00,0.00,3,100,100,98,0,9.7,184,176,15.9,20.9,1,0.00,1032.6,1017.8
2024-01-30T12:00,7.4,0.00,67,1.6,4.3,0.00,0.00,0.00,3,100,98,100,0,8.3,177,175,12.6,21.2,1,2618.24,1032.3,1017.6
2024-01-30T13:00,8.2,0.00,65,2.1,5.4,0.00,0.00,0.00,3,100,96,92,0,7.2,180,162,13.0,18.7,1,370.27,1031.9,1017.2
2024-01-30T14:00,8.3,0.00,62,1.5,5.4,0.00,0.00,0.00,3,100,100,100,0,7.0,202,159,17.9,18.0,1,0.00,1031.9,1017.2
2024-01-30T15:00,7.8,0.00,65,1.6,4.7,0.00,0.00,0.00,3,100,100,97,0,8.3,207,178,18.5,16.9,1,0.00,1031.8,1017.1
2024-01-30T16:00,7.2,0.00,69,1.8,4.1,0.00,0.00,0.00,3,100,100,97,1,9.1,212,189,21.2,18.0,1,0.00,1031.9,1017.2
2024-01-30T17:00,6.1,0.00,76,2.1,2.9,0.00,0.00,0.00,3,100,100,93,0,9.7,215,195,24.1,19.1,1,0.00,1032.2,1017.4
2024-01-30T18:00,5.6,0.00,80,2.5,2.6,0.00,0.00,0.00,3,100,100,100,0,8.7,219,197,23.3,19.1,0,0.00,1032.6,1017.8
2024-01-30T19:00,5.5,0.10,85,3.1,2.5,0.10,0.00,0.00,51,100,100,100,0,9.6,219,200,24.1,18.4,0,0.00,1033.0,1018.2
2024-01-30T20:00,5.1,0.20,89,3.4,2.3,0.20,0.00,0.00,51,78,34,66,4,8.1,224,201,21.4,18.7,0,0.00,1033.5,1018.7
2024-01-30T21:00,3.6,0.00,92,2.5,0.9,0.00,0.00,0.00,1,36,0,5,33,6.7,229,196,18.6,15.5,0,0.00,1033.8,1018.9
2024-01-30T22:00,3.1,0.00,93,2.1,0.3,0.00,0.00,0.00,3,97,0,50,95,6.9,231,189,15.9,13.0,0,0.00,1034.0,1019.0
2024-01-30T23:00,3.7,0.00,93,2.7,1.3,0.00,0.00,0.00,3,100,0,86,100,5.4,228,180,14.0,11.9,0,0.00,1034.1,1019.2
2024-01-31T00:00,4.5,0.00,93,3.5,2.0,0.00,0.00,0.00,3,100,0,0,100,6.1,228,177,14.5,11.5,0,0.00,1034.3,1019.4
2024-01-31T01:00,4.2,0.00,94,3.3,1.8,0.00,0.00,0.00,3,100,0,9,100,5.9,219,166,13.8,12.2,0,0.00,1034.4,1019.5
2024-01-31T02:00,5.4,0.00,94,4.5,3.0,0.00,0.00,0.00,2,54,12,15,42,7.2,223,180,18.1,14.8,0,0.00,1034.3,1019.5
2024-01-31T03:00,5.3,0.00,95,4.6,2.8,0.00,0.00,0.00,3,100,100,25,100,7.6,216,185,19.1,15.8,0,0.00,1034.1,1019.3
2024-01-31T04:00,5.1,0.20,98,4.8,3.1,0.20,0.00,0.00,51,100,75,16,100,4.9,230,216,11.8,14.8,0,0.00,1034.3,1019.4
2024-01-31T05:00,5.7,0.70,96,5.0,4.0,0.70,0.00,0.00,53,100,100,76,100,3.2,298,297,6.9,9.4,0,0.00,1034.8,1020.0
2024-01-31T06:00,5.0,0.30,97,4.6,2.8,0.30,0.00,0.00,51,100,100,74,100,6.2,357,353,12.6,9.7,0,0.00,1034.9,1020.0
2024-01-31T07:00,5.2,0.10,95,4.5,3.1,0.10,0.00,0.00,51,100,76,11,100,5.8,357,356,12.6,10.4,0,0.00,1034.9,1020.0
2024-01-31T08:00,6.5,0.00,87,4.6,4.6,0.00,0.00,0.00,3,100,0,1,100,4.4,5,351,8.0,10.1,1,0.00,1035.0,1020.2
2024-01-31T09:00,5.2,0.00,96,4.5,3.5,0.00,0.00,0.00,3,100,0,0,100,2.5,304,225,2.6,7.2,1,0.00,1035.2,1020.3
2024-01-31T10:00,6.3,0.00,94,5.4,4.8,0.00,0.00,0.00,3,100,0,0,100,2.5,259,225,3.7,8.3,1,0.00,1035.4,1020.6
2024-01-31T11:00,6.7,0.00,94,5.8,5.6,0.00,0.00,0.00,3,100,0,0,100,0.4,256,90,1.5,7.9,1,0.00,1035.4,1020.6
2024-01-31T12:00,7.2,0.00,94,6.3,6.1,0.00,0.00,0.00,3,100,0,0,100,0.8,239,243,2.1,6.8,1,0.00,1035.1,1020.3
2024-01-31T13:00,7.8,0.00,89,6.2,6.7,0.00,0.00,0.00,2,69,0,0,69,1.1,169,180,1.8,7.6,1,1036.01,1034.6,1019.9
2024-01-31T14:00,9.3,0.00,82,6.3,7.8,0.00,0.00,0.00,3,93,0,0,93,3.9,201,202,5.0,11.9,1,3600.00,1034.0,1019.4
2024-01-31T15:00,9.4,0.00,82,6.5,7.5,0.00,0.00,0.00,3,89,0,0,89,7.2,197,198,10.1,16.9,1,3440.40,1033.1,1018.5
2024-01-31T16:00,9.4,0.00,83,6.7,7.7,0.00,0.00,0.00,3,95,0,0,95,5.8,209,210,9.5,16.9,1,3600.00,1032.8,1018.2
2024-01-31T17:00,8.0,0.00,90,6.5,6.3,0.00,0.00,0.00,2,56,0,0,56,5.2,206,192,14.0,13.0,1,2070.65,1032.7,1018.0
2024-01-31T18:00,7.1,0.00,92,5.8,4.7,0.00,0.00,0.00,3,100,0,0,100,9.2,207,191,20.6,17.6,0,0.00,1032.5,1017.8
2024-01-31T19:00,7.5,0.00,89,5.8,4.9,0.00,0.00,0.00,3,88,25,0,84,10.8,219,206,22.5,21.2,0,0.00,1032.0,1017.3
2024-01-31T20:00,6.6,0.00,93,5.5,4.2,0.00,0.00,0.00,3,99,81,0,97,8.5,228,216,21.4,21.2,0,0.00,1031.8,1017.1
2024-01-31T21:00,7.0,0.00,93,5.9,4.9,0.00,0.00,0.00,3,100,48,0,100,7.1,238,229,18.6,18.4,0,0.00,1031.6,1016.9
2024-01-31T22:00,7.4,0.00,93,6.3,5.1,0.00,0.00,0.00,3,100,86,0,100,8.8,230,215,20.2,18.0,0,0.00,1030.8,1016.1
2024-01-31T23:00,7.7,0.00,93,6.7,5.2,0.00,0.00,0.00,3,100,96,0,100,11.8,234,230,24.0,23.8,0,0.00,1030.4,1015.7
2024-02-01T00:00,8.2,0.00,89,6.5,5.3,0.00,0.00,0.00,3,100,100,0,100,13.8,253,255,26.0,28.4,0,0.00,1030.3,1015.7
2024-02-01T01:00,7.8,0.00,87,5.7,4.8,0.00,0.00,0.00,3,100,98,0,98,13.7,270,272,25.2,28.8,0,0.00,1030.2,1015.5
2024-02-01T02:00,8.1,0.00,85,5.6,5.0,0.00,0.00,0.00,3,100,100,0,54,13.6,257,258,25.1,27.4,0,0.00,1030.3,1015.7
2024-02-01T03:00,7.3,0.00,86,5.1,4.1,0.00,0.00,0.00,3,100,97,0,100,13.5,244,241,25.6,28.1,0,0.00,1030.1,1015.4
2024-02-01T04:00,7.2,0.00,82,4.4,3.8,0.00,0.00,0.00,3,100,100,100,65,14.4,235,233,26.4,29.9,0,0.00,1029.9,1015.2
2024-02-01T05:00,6.9,0.10,83,4.2,3.5,0.10,0.00,0.00,51,100,100,100,100,13.3,228,221,25.2,29.2,0,0.00,1029.5,1014.8
2024-02-01T06:00,6.7,0.90,90,5.2,3.5,0.90,0.00,0.00,53,100,100,100,100,13.5,235,228,25.9,28.1,0,0.00,1029.2,1014.5
2024-02-01T07:00,6.8,1.40,91,5.5,3.8,1.40,0.00,0.00,61,100,100,100,100,12.9,248,243,25.7,28.4,0,0.00,1029.0,1014.3
2024-02-01T08:00,7.0,1.60,93,5.9,4.0,1.60,0.00,0.00,61,100,87,100,100,13.3,252,251,26.1,27.7,1,0.00,1029.4,1014.7
2024-02-01T09:00,7.0,1.40,94,6.1,4.2,1.40,0.00,0.00,61,100,14,100,100,12.6,244,243,24.8,27.7,1,0.00,1029.5,1014.8
2024-02-01T10:00,7.4,0.80,95,6.6,5.0,0.80,0.00,0.00,53,100,0,100,100,10.0,246,240,20.1,25.6,1,0.00,1030.1,1015.4
2024-02-01T11:00,7.6,0.60,95,6.9,5.8,0.60,0.00,0.00,53,100,0,100,100,6.8,260,245,15.0,20.2,1,0.00,1030.8,1016.1
2024-02-01T12:00,8.2,0.10,93,7.2,6.3,0.10,0.00,0.00,51,100,0,64,100,7.9,284,273,14.5,15.1,1,0.00,1030.9,1016.3
2024-02-01T13:00,9.2,0.10,91,7.7,6.9,0.10,0.00,0.00,51,100,100,0,97,11.1,295,295,15.9,23.0,1,0.00,1030.8,1016.2
2024-02-01T14:00,10.2,0.30,84,7.6,7.6,0.30,0.00,0.00,51,41,7,32,28,13.5,305,304,19.4,28.4,1,3600.00,1030.5,1016.0
2024-02-01T15:00,10.5,0.10,79,7.0,7.9,0.10,0.00,0.00,51,51,40,2,17,12.2,315,315,17.3,28.1,1,3600.00,1030.6,1016.1
2024-02-01T16:00,9.7,0.00,82,6.7,7.7,0.00,0.00,0.00,3,93,93,0,12,7.9,323,321,14.9,25.9,1,3600.00,1031.0,1016.4
2024-02-01T17:00,7.8,0.00,85,5.5,5.4,0.00,0.00,0.00,2,75,72,0,10,8.9,347,346,19.6,16.6,1,2711.85,1031.7,1017.0
2024-02-01T18:00,6.1,0.00,78,2.6,2.6,0.00,0.00,0.00,0,13,9,0,5,12.2,354,358,26.0,23.4,0,0.00,1032.3,1017.5
2024-02-01T19:00,5.0,0.00,78,1.4,1.3,0.00,0.00,0.00,0,12,11,0,1,12.3,354,357,26.4,24.1,0,0.00,1033.1,1018.3
2024-02-01T20:00,3.9,0.00,82,1.1,0.6,0.00,0.00,0.00,3,95,95,0,0,9.4,360,4,23.4,24.1,0,0.00,1033.4,1018.5
2024-02-01T21:00,3.4,0.00,84,0.9,0.1,0.00,0.00,0.00,2,61,61,1,0,8.6,357,2,22.0,18.7,0,0.00,1034.0,1019.1
2024-02-01T22:00,1.7,0.00,88,0.0,-1.4,0.00,0.00,0.00,2,52,51,4,0,6.8,355,360,16.3,17.3,0,0.00,1034.4,1019.4
2024-02-01T23:00,3.3,0.00,81,0.3,0.4,0.00,0.00,0.00,3,100,100,2,0,5.4,343,356,10.1,13.0,0,0.00,1034.8,1019.8
2024-02-02T00:00,3.0,0.00,82,0.3,0.6,0.00,0.00,0.00,2,71,59,34,0,2.2,318,189,4.8,9.4,0,0.00,1035.0,1020.0
2024-02-02T01:00,0.4,0.00,91,-0.9,-2.6,0.00,0.00,0.00,3,99,99,16,0,5.1,229,172,3.3,7.2,0,0.00,1034.7,1019.6
2024-02-02T02:00,0.1,0.00,92,-1.0,-3.2,0.00,0.00,0.00,3,99,98,55,0,6.6,211,151,6.3,8.6,0,0.00,1034.2,1019.1
2024-02-02T03:00,0.5,0.00,91,-0.8,-2.6,0.00,0.00,0.00,3,96,94,49,0,5.6,220,153,8.9,9.4,0,0.00,1034.0,1018.9
2024-02-02T04:00,0.9,0.00,92,-0.2,-1.9,0.00,0.00,0.00,3,90,83,70,3,4.7,219,180,13.0,9.4,0,0.00,1033.7,1018.6
2024-02-02T05:00,1.8,0.00,95,1.1,-1.2,0.00,0.00,0.00,3,100,100,100,69,7.2,203,174,18.1,13.7,0,0.00,1033.6,1018.6
2024-02-02T06:00,2.8,0.00,97,2.4,0.0,0.00,0.00,0.00,3,100,100,100,54,7.2,221,198,16.3,17.3,0,0.00,1033.9,1018.9
2024-02-02T07:00,3.2,0.00,90,1.6,0.4,0.00,0.00,0.00,3,100,96,100,7,6.2,240,216,14.5,15.1,0,0.00,1034.1,1019.1
2024-02-02T08:00,3.3,0.00,87,1.3,0.4,0.00,0.00,0.00,3,100,89,100,0,7.1,219,195,15.3,14.0,1,0.00,1034.0,1019.1
2024-02-02T09:00,3.9,0.00,86,1.8,0.5,0.00,0.00,0.00,3,100,21,100,0,10.2,213,198,20.3,19.4,1,0.00,1034.3,1019.4
2024-02-02T10:00,4.6,0.00,88,2.8,1.3,0.00,0.00,0.00,1,22,0,22,0,11.1,222,209,25.7,21.6,1,0.00,1034.1,1019.2
2024-02-02T11:00,6.3,0.00,79,2.9,2.7,0.00,0.00,0.00,0,1,0,0,0,13.8,226,223,20.6,30.2,1,3600.00,1034.0,1019.2
2024-02-02T12:00,7.5,0.00,77,3.7,3.9,0.00,0.00,0.00,1,20,18,0,1,14.6,220,218,21.2,32.0,1,3600.00,1033.6,1018.9
2024-02-02T13:00,8.8,0.00,72,4.0,4.9,0.00,0.00,0.00,2,50,49,0,2,16.8,229,227,24.5,36.7,1,3600.00,1032.8,1018.2
2024-02-02T14:00,9.3,0.00,69,4.0,5.3,0.00,0.00,0.00,3,99,99,5,2,17.7,232,231,26.1,39.2,1,3600.00,1032.2,1017.6
2024-02-02T15:00,9.6,0.00,67,3.7,5.5,0.00,0.00,0.00,3,98,98,0,0,17.7,232,231,26.6,38.2,1,3600.00,1031.4,1016.8
2024-02-02T16:00,9.2,0.00,68,3.7,5.5,0.00,0.00,0.00,3,83,83,0,0,15.0,230,228,25.5,37.1,1,3600.00,1030.9,1016.3
2024-02-02T17:00,8.2,0.00,73,3.6,4.6,0.00,0.00,0.00,0,8,8,0,0,14.6,232,230,27.7,31.3,1,2819.48,1030.8,1016.2
2024-02-02T18:00,7.5,0.00,76,3.5,3.7,0.00,0.00,0.00,0,15,3,0,12,15.5,236,234,30.6,31.0,0,0.00,1030.8,1016.1
2024-02-02T19:00,7.3,0.00,78,3.7,3.5,0.00,0.00,0.00,2,50,0,0,50,15.8,240,240,30.8,32.4,0,0.00,1031.2,1016.5
2024-02-02T20:00,7.3,0.00,80,4.0,3.6,0.00,0.00,0.00,3,100,5,0,100,15.6,244,244,29.6,32.4,0,0.00,1031.3,1016.6
2024-02-02T21:00,7.7,0.00,79,4.2,4.0,0.00,0.00,0.00,3,100,10,0,100,15.6,250,251,28.4,32.0,0,0.00,1031.5,1016.8
2024-02-02T22:00,7.8,0.00,79,4.3,4.1,0.00,0.00,0.00,3,100,55,0,100,15.4,250,249,28.0,32.4,0,0.00,1031.4,1016.7
2024-02-02T23:00,7.8,0.00,80,4.6,4.3,0.00,0.00,0.00,3,100,5,0,100,14.5,247,247,26.1,31.3,0,0.00,1031.5,1016.8
2024-02-03T00:00,7.7,0.00,82,4.8,4.4,0.00,0.00,0.00,3,100,0,0,100,14.0,246,244,26.0,29.5,0,0.00,1031.6,1016.9
2024-02-03T01:00,7.7,0.00,83,5.0,4.2,0.00,0.00,0.00,3,100,0,0,100,15.3,246,243,26.8,31.0,0,0.00,1031.5,1016.8
2024-02-03T02:00,8.3,0.00,77,4.5,4.7,0.00,0.00,0.00,3,100,2,0,100,15.4,255,254,27.6,31.7,0,0.00,1031.1,1016.5
2024-02-03T03:00,8.1,0.00,81,5.0,4.6,0.00,0.00,0.00,3,100,1,0,100,15.3,255,255,26.8,32.4,0,0.00,1031.0,1016.3
2024-02-03T04:00,7.8,0.00,84,5.4,4.5,0.00,0.00,0.00,3,100,12,0,100,14.6,254,254,25.4,31.7,0,0.00,1030.8,1016.1
2024-02-03T05:00,7.6,0.10,87,5.6,4.5,0.10,0.00,0.00,51,100,0,0,100,13.6,260,258,23.8,30.2,0,0.00,1031.0,1016.3
2024-02-03T06:00,7.4,0.10,88,5.6,4.3,0.10,0.00,0.00,51,100,2,0,100,13.3,253,251,23.0,28.4,0,0.00,1030.9,1016.2
2024-02-03T07:00,7.1,0.10,89,5.4,3.9,0.10,0.00,0.00,51,100,5,0,100,14.3,240,236,25.0,29.5,0,0.00,1030.6,1015.9
2024-02-03T08:00,6.9,0.00,89,5.2,3.5,0.00,0.00,0.00,3,100,26,0,100,15.3,233,231,26.7,31.3,1,0.00,1030.7,1016.0
2024-02-03T09:00,6.9,0.00,89,5.2,3.2,0.00,0.00,0.00,3,100,31,0,100,16.8,230,228,28.3,33.8,1,0.00,1030.8,1016.1
2024-02-03T10:00,7.0,0.00,88,5.2,3.2,0.00,0.00,0.00,3,100,7,0,100,17.8,232,228,30.8,36.4,1,0.00,1030.9,1016.2
2024-02-03T11:00,7.7,0.00,86,5.5,3.8,0.00,0.00,0.00,3,100,36,0,100,19.1,234,234,29.7,40.0,1,0.00,1030.8,1016.1
2024-02-03T12:00,8.1,0.00,85,5.8,4.3,0.00,0.00,0.00,3,100,54,0,100,19.1,234,234,29.7,39.2,1,0.00,1030.5,1015.9
2024-02-03T13:00,8.9,0.00,82,6.0,4.8,0.00,0.00,0.00,3,100,96,0,100,21.1,234,233,32.5,43.9,1,0.00,1030.0,1015.4
2024-02-03T14:00,9.0,0.00,77,5.2,4.8,0.00,0.00,0.00,3,100,100,0,100,20.6,245,245,30.9,43.6,1,0.00,1030.0,1015.4
2024-02-03T15:00,9.1,0.00,78,5.6,5.3,0.00,0.00,0.00,3,100,100,0,100,18.5,242,241,28.7,41.8,1,0.00,1029.6,1015.0
2024-02-03T16:00,8.8,0.00,80,5.6,5.4,0.00,0.00,0.00,3,100,99,0,100,16.1,228,228,26.0,37.8,1,0.00,1029.4,1014.8
2024-02-03T17:00,8.7,0.00,81,5.6,5.2,0.00,0.00,0.00,3,100,100,0,100,16.5,228,226,28.0,33.5,1,0.00,1029.4,1014.8
2024-02-03T18:00,8.4,0.00,83,5.7,4.8,0.00,0.00,0.00,3,100,100,3,100,16.8,228,225,29.1,34.2,0,0.00,1029.4,1014.8
2024-02-03T19:00,8.3,0.00,85,5.9,4.8,0.00,0.00,0.00,3,100,100,20,100,16.6,235,231,28.7,34.2,0,0.00,1029.5,1014.9
2024-02-03T20:00,8.3,0.00,86,6.1,4.9,0.00,0.00,0.00,3,100,100,42,100,16.8,238,235,29.0,34.6,0,0.00,1029.5,1014.9
2024-02-03T21:00,8.4,0.00,86,6.2,4.9,0.00,0.00,0.00,3,100,98,43,100,17.1,239,235,29.9,35.3,0,0.00,1029.2,1014.6
2024-02-03T22:00,8.4,0.00,86,6.3,4.9,0.00,0.00,0.00,3,100,7,35,100,17.4,245,243,29.8,35.6,0,0.00,1029.2,1014.6
2024-02-03T23:00,8.4,0.00,87,6.4,4.9,0.00,0.00,0.00,3,100,2,72,100,17.6,246,244,30.4,36.4,0,0.00,1029.1,1014.5
2024-02-04T00:00,8.3,0.00,88,6.4,4.9,0.00,0.00,0.00,3,100,54,100,100,16.6,248,246,29.4,36.0,0,0.00,1029.2,1014.6
2024-02-04T01:00,8.3,0.00,88,6.4,4.9,0.00,0.00,0.00,3,100,0,100,100,16.8,241,239,29.2,34.9,0,0.00,1028.8,1014.2
2024-02-04T02:00,7.7,0.10,88,5.8,4.0,0.10,0.00,0.00,51,100,73,94,100,18.0,240,237,30.6,37.8,0,0.00,1028.7,1014.1
2024-02-04T03:00,7.5,0.10,88,5.6,3.7,0.10,0.00,0.00,51,100,98,98,100,18.4,232,228,31.3,37.8,0,0.00,1028.7,1014.0
2024-02-04T04:00,7.5,0.00,89,5.8,4.2,0.00,0.00,0.00,3,100,99,76,100,15.3,238,236,27.2,37.4,0,0.00,1028.3,1013.7
2024-02-04T05:00,7.7,0.00,90,6.1,4.3,0.00,0.00,0.00,3,100,100,43,100,16.1,241,236,28.4,33.1,0,0.00,1028.2,1013.6
2024-02-04T06:00,7.8,0.00,90,6.3,4.3,0.00,0.00,0.00,3,100,99,82,100,18.0,244,241,31.6,36.4,0,0.00,1027.9,1013.3
2024-02-04T07:00,8.1,0.00,90,6.5,4.3,0.00,0.00,0.00,3,100,96,100,100,20.1,250,249,34.8,41.4,0,0.00,1027.9,1013.3
2024-02-04T08:00,8.1,0.00,90,6.5,4.3,0.00,0.00,0.00,3,100,96,98,100,20.3,249,247,34.3,41.8,1,0.00,1028.0,1013.4
2024-02-04T09:00,8.2,0.00,89,6.5,4.4,0.00,0.00,0.00,3,100,97,93,100,20.1,247,246,34.4,41.4,1,0.00,1027.8,1013.2
2024-02-04T10:00,8.4,0.00,89,6.6,4.6,0.00,0.00,0.00,3,100,24,97,100,20.1,245,243,34.1,41.4,1,0.00,1028.0,1013.4
2024-02-04T11:00,8.7,0.10,88,6.7,4.6,0.10,0.00,0.00,51,100,46,46,100,22.1,245,244,36.2,45.4,1,0.00,1027.9,1013.3
2024-02-04T12:00,9.2,0.00,85,6.7,4.8,0.00,0.00,0.00,3,100,71,94,100,24.1,237,235,39.8,51.8,1,0.00,1027.2,1012.7
2024-02-04T13:00,9.8,0.00,82,6.9,5.5,0.00,0.00,0.00,3,100,32,91,100,23.8,242,243,38.2,52.6,1,0.00,1026.9,1012.4
2024-02-04T14:00,9.3,0.00,80,6.0,4.8,0.00,0.00,0.00,3,100,98,10,100,23.5,238,238,36.9,53.3,1,0.00,1026.9,1012.4
2024-02-04T15:00,9.2,0.00,80,6.0,5.0,0.00,0.00,0.00,3,100,98,0,100,22.2,238,238,34.5,49.0,1,0.00,1026.5,1012.0
2024-02-04T16:00,9.0,0.00,81,6.0,5.1,0.00,0.00,0.00,3,100,95,3,100,19.8,244,243,32.4,45.7,1,0.00,1026.8,1012.3
2024-02-04T17:00,8.8,0.00,82,5.9,4.9,0.00,0.00,0.00,3,100,100,4,100,20.0,243,242,33.2,41.4,1,0.00,1026.6,1012.0
2024-02-04T18:00,8.6,0.00,83,5.8,4.6,0.00,0.00,0.00,3,100,100,94,100,20.1,246,246,33.5,41.8,0,0.00,1026.8,1012.2
2024-02-04T19:00,8.6,0.00,83,5.8,4.7,0.00,0.00,0.00,3,100,100,54,100,19.5,246,245,32.7,41.8,0,0.00,1026.8,1012.2
2024-02-04T20:00,8.6,0.00,82,5.8,4.8,0.00,0.00,0.00,3,100,91,51,100,18.7,249,247,32.0,40.3,0,0.00,1026.9,1012.3
2024-02-04T21:00,8.7,0.00,82,5.7,4.8,0.00,0.00,0.00,3,100,88,31,100,18.9,249,246,32.0,39.2,0,0.00,1026.7,1012.1
2024-02-04T22:00,8.7,0.00,82,5.8,4.8,0.00,0.00,0.00,3,100,91,20,100,19.0,249,245,32.0,39.2,0,0.00,1026.5,1011.9
2024-02-04T23:00,8.7,0.00,82,5.8,4.8,0.00,0.00,0.00,3,100,93,3,100,19.1,250,248,32.1,39.6,0,0.00,1026.4,1011.8
2024-02-05T00:00,8.7,0.00,83,5.9,4.8,0.00,0.00,0.00,3,100,77,0,100,20.1,251,249,33.8,42.1,0,0.00,1026.2,1011.6
2024-02-05T01:00,8.7,0.00,83,5.9,4.6,0.00,0.00,0.00,3,100,75,0,100,21.2,250,249,35.2,43.9,0,0.00,1026.0,1011.5
2024-02-05T02:00,8.0,0.00,81,5.0,3.6,0.00,0.00,0.00,3,100,84,0,100,22.2,251,250,36.5,46.4,0,0.00,1026.0,1011.4
2024-02-05T03:00,8.0,0.00,81,5.0,3.4,0.00,0.00,0.00,3,100,68,0,100,23.0,252,250,37.6,47.5,0,0.00,1025.8,1011.2
2024-02-05T04:00,8.1,0.00,81,5.1,3.6,0.00,0.00,0.00,3,100,70,0,100,22.5,252,250,37.1,47.5,0,0.00,1025.6,1011.0
2024-02-05T05:00,8.2,0.00,81,5.2,3.9,0.00,0.00,0.00,3,100,96,0,100,21.4,253,250,35.1,46.8,0,0.00,1025.8,1011.2
2024-02-05T06:00,8.1,0.00,82,5.2,4.1,0.00,0.00,0.00,3,100,0,0,100,19.2,247,244,32.4,43.9,0,0.00,1025.8,1011.2
2024-02-05T07:00,7.9,0.10,83,5.2,4.3,0.10,0.00,0.00,51,100,1,0,100,16.5,238,234,28.0,39.6,0,0.00,1026.2,1011.6
2024-02-05T08:00,7.8,0.10,83,5.0,4.2,0.10,0.00,0.00,51,100,36,0,100,16.1,224,219,28.3,33.8,1,0.00,1026.6,1012.0
2024-02-05T09:00,7.5,0.00,83,4.8,3.7,0.00,0.00,0.00,3,100,87,0,100,17.5,219,217,29.7,35.6,1,0.00,1027.0,1012.4
2024-02-05T10:00,8.0,0.00,81,4.9,4.2,0.00,0.00,0.00,3,100,82,0,100,17.4,216,214,28.6,42.5,1,170.29,1026.8,1012.2
2024-02-05T11:00,8.5,0.00,77,4.8,3.8,0.00,0.00,0.00,3,100,100,0,100,23.8,231,231,36.1,49.7,1,1316.83,1026.6,1012.0
2024-02-05T12:00,9.2,0.00,73,4.7,4.3,0.00,0.00,0.00,3,100,99,0,88,24.7,235,233,36.7,52.6,1,2006.53,1026.2,1011.7
2024-02-05T13:00,9.9,0.00,70,4.7,5.2,0.00,0.00,0.00,3,95,92,0,37,23.4,233,233,34.4,51.1,1,3600.00,1025.4,1010.9
2024-02-05T14:00,9.9,0.00,70,4.7,5.5,0.00,0.00,0.00,2,72,58,0,33,21.8,232,231,32.3,51.1,1,3600.00,1024.8,1010.3
2024-02-05T15:00,10.1,0.00,69,4.7,5.8,0.00,0.00,0.00,2,61,54,0,15,20.2,231,231,30.0,45.4,1,3600.00,1024.0,1009.5
2024-02-05T16:00,9.6,0.00,71,4.6,5.6,0.00,0.00,0.00,1,34,27,0,10,18.1,230,229,28.1,41.8,1,3600.00,1023.6,1009.1
2024-02-05T17:00,8.5,0.00,75,4.4,4.8,0.00,0.00,0.00,1,35,30,0,7,15.8,230,229,28.1,37.8,1,3146.64,1023.3,1008.8
2024-02-05T18:00,7.2,0.00,80,4.1,3.6,0.00,0.00,0.00,1,35,25,0,13,15.3,232,229,29.0,32.8,0,0.00,1023.2,1008.6
2024-02-05T19:00,6.6,0.00,83,3.9,3.0,0.00,0.00,0.00,1,41,39,0,2,14.6,233,230,28.8,31.3,0,0.00,1023.2,1008.6
2024-02-05T20:00,6.3,0.00,84,3.7,2.7,0.00,0.00,0.00,1,49,41,0,14,14.4,235,233,28.5,30.2,0,0.00,1023.1,1008.5
2024-02-05T21:00,6.0,0.00,85,3.7,2.4,0.00,0.00,0.00,2,60,34,0,38,14.4,235,233,28.5,30.2,0,0.00,1022.9,1008.3
2024-02-05T22:00,5.8,0.00,86,3.6,2.2,0.00,0.00,0.00,2,77,19,0,72,13.8,233,229,27.0,29.5,0,0.00,1022.7,1008.0
2024-02-05T23:00,6.1,0.00,83,3.5,2.5,0.00,0.00,0.00,3,100,46,0,100,14.3,234,231,26.6,29.9,0,0.00,1022.6,1008.0
2024-02-06T00:00,6.3,0.00,82,3.5,2.8,0.00,0.00,0.00,3,100,100,0,100,13.6,240,238,24.0,30.2,0,0.00,1022.7,1008.1
2024-02-06T01:00,6.5,0.00,82,3.6,3.0,0.00,0.00,0.00,3,100,93,0,100,13.7,244,243,23.2,28.4,0,0.00,1022.5,1007.9
2024-02-06T02:00,6.6,0.00,83,3.8,2.9,0.00,0.00,0.00,3,100,82,0,100,14.8,242,241,24.8,31.0,0,0.00,1022.4,1007.8
2024-02-06T03:00,6.6,0.00,82,3.7,2.7,0.00,0.00,0.00,3,100,50,0,100,15.9,244,242,26.4,32.8,0,0.00,1022.3,1007.7
2024-02-06T04:00,6.3,0.00,81,3.3,2.4,0.00,0.00,0.00,3,100,78,0,100,16.4,240,237,27.1,33.5,0,0.00,1021.9,1007.3
2024-02-06T05:00,6.2,0.00,81,3.1,2.1,0.00,0.00,0.00,3,100,63,0,100,17.0,236,234,27.8,34.9,0,0.00,1021.8,1007.2
2024-02-06T06:00,6.1,0.00,81,3.1,1.9,0.00,0.00,0.00,3,100,32,0,100,17.8,236,234,29.6,37.1,0,0.00,1021.4,1006.8
2024-02-06T07:00,6.1,0.00,81,3.0,1.5,0.00,0.00,0.00,3,100,51,0,100,19.9,232,229,32.6,40.3,0,0.00,1021.1,1006.5
2024-02-06T08:00,6.0,0.00,82,3.1,1.4,0.00,0.00,0.00,3,100,90,0,100,20.4,227,225,33.6,42.1,1,0.00,1020.9,1006.3
2024-02-06T09:00,6.2,0.00,81,3.2,1.6,0.00,0.00,0.00,3,100,100,0,100,20.4,225,222,32.8,41.8,1,0.00,1020.8,1006.2
2024-02-06T10:00,6.7,0.00,79,3.4,2.6,0.00,0.00,0.00,3,100,100,0,100,17.7,222,219,29.3,45.7,1,0.00,1020.4,1005.8
2024-02-06T11:00,7.2,0.00,78,3.6,3.1,0.00,0.00,0.00,3,100,97,0,100,18.0,210,206,28.7,37.8,1,0.00,1020.2,1005.7
2024-02-06T12:00,7.6,0.00,75,3.5,2.3,0.00,0.00,0.00,3,100,79,0,100,25.5,225,226,38.7,46.1,1,0.00,1019.7,1005.2
2024-02-06T13:00,8.0,0.00,76,4.1,2.9,0.00,0.00,0.00,3,100,42,1,100,25.6,230,231,39.4,57.6,1,0.00,1019.4,1004.9
2024-02-06T14:00,8.0,0.00,75,3.9,2.9,0.00,0.00,0.00,3,100,65,2,100,25.3,230,230,39.1,55.1,1,276.74,1019.0,1004.5
2024-02-06T15:00,7.9,0.00,74,3.6,3.4,0.00,0.00,0.00,3,100,22,25,100,20.6,225,224,32.8,52.2,1,0.00,1018.2,1003.7
2024-02-06T16:00,7.9,0.00,72,3.2,3.2,0.00,0.00,0.00,3,100,62,0,100,21.4,223,222,34.9,44.6,1,0.00,1017.7,1003.2
2024-02-06T17:00,8.2,0.00,71,3.3,3.4,0.00,0.00,0.00,3,100,67,0,100,22.2,229,228,37.0,46.4,1,0.00,1017.0,1002.5
2024-02-06T18:00,8.2,0.00,71,3.4,3.4,0.00,0.00,0.00,3,100,10,3,100,22.5,232,231,37.4,47.5,0,0.00,1016.7,1002.3
2024-02-06T19:00,8.0,0.00,73,3.4,3.1,0.00,0.00,0.00,3,100,4,1,100,22.9,235,233,38.0,47.5,0,0.00,1016.8,1002.3
2024-02-06T20:00,7.8,0.00,73,3.3,3.0,0.00,0.00,0.00,3,100,0,4,100,22.2,230,228,36.8,47.5,0,0.00,1016.6,1002.1
2024-02-06T21:00,7.7,0.00,75,3.5,3.5,0.00,0.00,0.00,3,100,1,100,100,18.1,229,226,30.6,45.7,0,0.00,1016.4,1001.9
2024-02-06T22:00,7.9,0.00,73,3.4,3.5,0.00,0.00,0.00,3,100,2,63,100,19.2,221,218,32.4,40.3,0,0.00,1015.8,1001.4
2024-02-06T23:00,7.8,0.00,73,3.3,3.2,0.00,0.00,0.00,3,100,18,97,100,20.7,223,220,34.6,43.9,0,0.00,1015.3,1000.9
2024-02-07T00:00,7.6,0.00,74,3.3,3.1,0.00,0.00,0.00,3,100,48,49,100,20.6,216,213,33.8,44.3,0,0.00,1014.5,1000.1
2024-02-07T01:00,7.3,0.00,75,3.2,2.8,0.00,0.00,0.00,3,100,96,0,100,20.3,217,213,34.4,43.9,0,0.00,1014.1,999.6
2024-02-07T02:00,7.8,0.00,80,4.5,3.5,0.00,0.00,0.00,3,100,99,80,100,20.1,226,224,34.9,49.7,0,0.00,1013.6,999.2
2024-02-07T03:00,8.2,0.00,79,4.7,3.6,0.00,0.00,0.00,3,100,99,99,100,22.8,233,231,40.1,53.6,0,0.00,1012.7,998.3
2024-02-07T04:00,8.3,0.00,79,4.9,3.3,0.00,0.00,0.00,3,100,98,95,100,25.9,235,235,43.6,57.2,0,0.00,1011.8,997.4
2024-02-07T05:00,8.5,0.00,79,5.1,3.6,0.00,0.00,0.00,3,100,100,91,99,25.4,236,235,40.9,57.6,0,0.00,1011.4,997.0
2024-02-07T06:00,8.5,0.00,80,5.2,3.7,0.00,0.00,0.00,3,100,100,100,100,24.9,231,231,41.0,57.2,0,0.00,1010.7,996.4
2024-02-07T07:00,8.4,0.00,81,5.4,3.6,0.00,0.00,0.00,3,100,100,100,100,25.0,229,229,41.4,56.5,0,0.00,1010.2,995.9
2024-02-07T08:00,8.4,0.20,84,5.8,3.6,0.20,0.00,0.00,51,100,100,100,100,25.2,228,227,41.8,54.7,1,0.00,1010.1,995.8
2024-02-07T09:00,8.5,0.10,85,6.0,4.0,0.10,0.00,0.00,51,100,93,100,100,23.7,227,226,38.7,53.3,1,0.00,1010.0,995.7
2024-02-07T10:00,8.6,0.20,84,6.1,4.1,0.20,0.00,0.00,51,100,96,100,92,24.2,229,228,40.8,53.3,1,0.00,1009.7,995.4
2024-02-07T11:00,8.6,0.40,86,6.5,3.9,0.40,0.00,0.00,51,100,100,100,90,26.5,227,227,43.1,55.4,1,0.00,1009.1,994.8
2024-02-07T12:00,8.4,0.30,91,6.9,4.0,0.30,0.00,0.00,51,100,100,100,94,24.2,230,229,41.4,55.8,1,0.00,1008.8,994.5
2024-02-07T13:00,8.5,0.30,90,6.9,4.1,0.30,0.00,0.00,51,100,100,100,90,24.6,232,232,42.8,54.4,1,0.00,1008.2,993.9
2024-02-07T14:00,9.0,0.30,89,7.3,4.5,0.30,0.00,0.00,51,100,100,100,97,26.0,229,228,43.1,60.8,1,0.00,1007.6,993.3
2024-02-07T15:00,9.2,0.10,88,7.2,4.9,0.10,0.00,0.00,51,100,100,100,100,24.5,230,229,40.6,58.0,1,0.00,1007.2,992.9
2024-02-07T16:00,9.0,0.10,88,7.0,4.9,0.10,0.00,0.00,51,100,99,100,100,22.7,229,228,39.3,50.8,1,0.00,1006.8,992.5
2024-02-07T17:00,8.8,0.20,89,7.1,4.7,0.20,0.00,0.00,51,100,99,100,100,22.7,228,228,37.2,47.2,1,0.00,1006.4,992.1
2024-02-07T18:00,8.7,0.50,91,7.3,4.9,0.50,0.00,0.00,53,100,100,100,100,20.9,228,226,36.4,47.9,0,0.00,1006.2,991.9
2024-02-07T19:00,8.6,0.50,92,7.4,5.1,0.50,0.00,0.00,53,100,100,100,100,19.1,228,224,33.1,43.6,0,0.00,1006.0,991.7
2024-02-07T20:00,8.6,0.80,92,7.4,5.0,0.80,0.00,0.00,53,100,100,100,100,19.9,229,226,34.4,42.8,0,0.00,1005.6,991.3
2024-02-07T21:00,8.5,0.50,92,7.3,4.7,0.50,0.00,0.00,53,100,100,100,100,21.1,228,224,35.7,43.9,0,0.00,1005.1,990.8
2024-02-07T22:00,8.5,0.50,92,7.3,4.6,0.50,0.00,0.00,53,100,100,100,100,21.7,229,227,36.2,45.7,0,0.00,1004.9,990.6
2024-02-07T23:00,8.3,3.40,92,7.1,4.9,3.40,0.00,0.00,63,100,100,100,100,18.6,229,226,32.4,44.3,0,0.00,1004.8,990.5
2024-02-08T00:00,8.2,1.60,93,7.2,4.7,1.60,0.00,0.00,61,100,100,100,100,18.8,229,225,33.2,39.2,0,0.00,1004.3,990.0
2024-02-08T01:00,8.5,0.00,93,7.4,4.9,0.00,0.00,0.00,3,100,98,95,100,20.2,231,229,34.6,42.5,0,0.00,1004.2,989.9
2024-02-08T02:00,8.5,0.50,94,7.5,5.1,0.50,0.00,0.00,53,100,82,97,100,18.9,232,228,33.1,37.8,0,0.00,1003.9,989.7
2024-02-08T03:00,8.9,0.20,93,7.9,5.4,0.20,0.00,0.00,51,100,100,96,100,20.6,229,227,36.2,44.6,0,0.00,1003.8,989.6
2024-02-08T04:00,9.1,0.40,94,8.2,5.8,0.40,0.00,0.00,51,100,100,100,100,19.4,231,228,34.5,42.1,0,0.00,1003.5,989.3
2024-02-08T05:00,9.3,0.90,94,8.4,6.0,0.90,0.00,0.00,53,100,100,100,100,19.6,228,224,34.1,40.0,0,0.00,1003.2,989.0
2024-02-08T06:00,9.5,1.60,94,8.6,6.3,1.60,0.00,0.00,61,100,97,100,100,19.1,228,224,33.9,40.3,0,0.00,1003.1,988.9
2024-02-08T07:00,9.6,1.00,93,8.6,6.2,1.00,0.00,0.00,55,100,100,100,91,21.1,229,227,37.0,42.5,0,0.00,1002.8,988.6
2024-02-08T08:00,9.5,1.80,93,8.4,6.1,1.80,0.00,0.00,61,100,100,100,100,19.9,225,221,34.9,47.5,1,0.00,1003.3,989.1
2024-02-08T09:00,9.5,0.60,93,8.4,6.4,0.60,0.00,0.00,53,100,100,100,100,17.8,229,227,31.6,40.7,1,0.00,1003.3,989.1
2024-02-08T10:00,9.8,0.20,92,8.5,6.5,0.20,0.00,0.00,51,100,100,98,100,19.6,228,226,33.7,38.5,1,0.00,1002.8,988.6
2024-02-08T11:00,10.4,0.00,90,8.9,7.0,0.00,0.00,0.00,3,100,100,100,98,20.9,226,224,34.9,44.3,1,0.00,1002.5,988.4
2024-02-08T12:00,10.1,0.30,93,9.0,6.8,0.30,0.00,0.00,51,100,100,100,59,20.4,225,222,35.4,42.8,1,0.00,1001.9,987.8
2024-02-08T13:00,10.2,0.20,93,9.1,6.8,0.20,0.00,0.00,51,100,100,100,72,21.9,225,222,37.7,45.0,1,0.00,1001.3,987.2
2024-02-08T14:00,10.6,0.10,91,9.2,7.2,0.10,0.00,0.00,51,100,100,100,93,21.6,226,226,36.4,44.3,1,0.00,1000.5,986.4
2024-02-08T15:00,11.0,0.00,90,9.5,7.9,0.00,0.00,0.00,3,100,100,100,19,20.1,227,226,34.1,45.7,1,0.00,1000.1,986.0
2024-02-08T16:00,11.0,0.20,90,9.5,8.0,0.20,0.00,0.00,51,100,100,100,98,19.7,221,218,33.7,41.0,1,0.00,999.4,985.3
2024-02-08T17:00,11.2,0.00,89,9.4,8.1,0.00,0.00,0.00,3,100,100,100,100,20.2,222,220,34.7,42.1,1,0.00,998.8,984.8
2024-02-08T18:00,11.3,0.00,88,9.3,8.3,0.00,0.00,0.00,3,100,100,100,26,19.4,225,222,33.9,42.8,0,0.00,998.5,984.5
2024-02-08T19:00,11.1,0.00,88,9.2,8.6,0.00,0.00,0.00,3,100,100,100,14,15.6,223,220,28.5,40.0,0,0.00,998.3,984.3
2024-02-08T20:00,10.7,0.20,89,8.9,8.7,0.20,0.00,0.00,51,100,100,100,0,11.6,215,210,24.1,32.0,0,0.00,997.9,983.8
2024-02-08T21:00,10.1,0.20,91,8.7,8.6,0.20,0.00,0.00,51,100,100,100,0,7.8,212,193,19.6,24.5,0,0.00,997.4,983.3
2024-02-08T22:00,9.8,0.40,91,8.4,8.1,0.40,0.00,0.00,51,100,100,100,0,9.2,191,169,20.5,19.1,0,0.00,996.6,982.5
2024-02-08T23:00,9.9,0.10,88,8.1,8.0,0.10,0.00,0.00,51,100,100,100,2,9.7,194,176,21.9,20.5,0,0.00,996.4,982.3
2024-02-09T00:00,9.8,0.10,90,8.2,7.7,0.10,0.00,0.00,51,100,100,100,20,10.8,177,165,23.4,21.6,0,0.00,995.7,981.6
2024-02-09T01:00,9.7,0.20,90,8.2,7.4,0.20,0.00,0.00,51,100,100,100,41,12.6,183,167,24.5,26.6,0,0.00,995.3,981.2
2024-02-09T02:00,10.0,0.40,92,8.7,7.9,0.40,0.00,0.00,51,100,100,100,98,11.9,198,183,23.8,24.8,0,0.00,994.8,980.8
2024-02-09T03:00,9.9,0.50,93,8.8,8.1,0.50,0.00,0.00,53,100,100,100,100,10.5,196,184,22.1,24.8,0,0.00,994.5,980.5
2024-02-09T04:00,9.8,0.70,93,8.8,8.1,0.70,0.00,0.00,53,100,100,100,100,9.7,196,180,21.0,22.3,0,0.00,993.6,979.6
2024-02-09T05:00,9.8,1.00,93,8.8,7.9,1.00,0.00,0.00,55,100,100,100,100,10.8,195,184,22.4,23.0,0,0.00,993.1,979.1
2024-02-09T06:00,10.1,0.40,94,9.1,7.9,0.40,0.00,0.00,51,100,100,100,94,13.9,203,197,26.3,29.2,0,0.00,992.7,978.7
2024-02-09T07:00,10.4,0.40,92,9.1,7.9,0.40,0.00,0.00,51,100,100,100,100,15.3,210,204,29.0,31.7,0,0.00,992.3,978.3
2024-02-09T08:00,10.5,0.10,88,8.6,7.8,0.10,0.00,0.00,51,100,100,67,100,15.8,212,207,29.3,34.2,1,0.00,992.6,978.6
2024-02-09T09:00,10.6,0.00,85,8.3,8.1,0.00,0.00,0.00,3,100,100,32,43,14.1,206,199,26.9,32.4,1,0.00,992.5,978.5
2024-02-09T10:00,11.2,1.00,82,8.2,8.5,1.00,0.00,0.00,55,100,100,97,70,15.1,212,208,27.2,31.0,1,0.00,992.4,978.4
2024-02-09T11:00,11.4,0.40,84,8.8,8.8,0.40,0.00,0.00,51,100,100,99,5,15.2,207,202,27.0,32.8,1,0.00,992.2,978.3
2024-02-09T12:00,12.1,1.20,82,9.0,10.0,1.20,0.00,0.00,55,100,100,75,12,12.2,217,214,21.6,31.7,1,197.18,992.0,978.1
2024-02-09T13:00,12.8,2.00,81,9.6,10.4,2.00,0.00,0.00,61,100,100,69,5,15.7,215,212,26.9,31.0,1,136.08,991.4,977.5
2024-02-09T14:00,12.8,0.00,83,10.1,11.6,0.00,0.00,0.00,3,100,100,84,4,8.4,190,160,18.3,22.7,1,0.00,991.2,977.3
2024-02-09T15:00,13.7,0.00,77,9.6,11.8,0.00,0.00,0.00,3,100,100,78,7,12.0,200,189,21.4,25.9,1,0.00,990.7,976.9
2024-02-09T16:00,13.8,0.00,71,8.5,11.6,0.00,0.00,0.00,3,100,100,98,19,11.9,201,194,22.8,25.2,1,0.00,990.3,976.5
2024-02-09T17:00,12.8,0.10,75,8.4,10.3,0.10,0.00,0.00,51,100,100,98,17,13.9,209,205,25.5,28.4,1,0.00,990.6,976.7
2024-02-09T18:00,11.2,0.70,86,8.9,9.0,0.70,0.00,0.00,53,100,100,100,4,12.7,197,187,24.8,27.7,0,0.00,990.6,976.7
2024-02-09T19:00,10.7,0.30,89,9.0,8.7,0.30,0.00,0.00,51,100,100,100,33,11.9,194,183,24.5,25.9,0,0.00,990.8,976.8
2024-02-09T20:00,10.4,0.60,91,9.0,8.8,0.60,0.00,0.00,53,100,100,100,100,9.3,182,164,20.2,24.1,0,0.00,991.0,977.0
2024-02-09T21:00,10.2,1.00,91,8.8,8.7,1.00,0.00,0.00,55,100,100,100,100,8.1,173,148,18.8,19.1,0,0.00,990.7,976.7
2024-02-09T22:00,10.1,0.80,91,8.7,8.5,0.80,0.00,0.00,53,100,100,100,46,8.5,171,144,17.9,16.9,0,0.00,990.7,976.7
2024-02-09T23:00,9.9,0.30,92,8.6,8.8,0.30,0.00,0.00,51,100,70,100,100,5.0,183,150,14.1,17.6,0,0.00,990.6,976.6
2024-02-10T00:00,9.8,0.20,92,8.5,8.3,0.20,0.00,0.00,51,100,95,100,37,7.4,184,151,15.2,14.8,0,0.00,990.7,976.7
2024-02-10T01:00,9.6,0.20,92,8.4,8.0,0.20,0.00,0.00,51,100,78,100,100,8.0,167,144,17.4,16.6,0,0.00,990.6,976.6
2024-02-10T02:00,9.8,0.00,91,8.4,7.9,0.00,0.00,0.00,3,100,86,100,100,9.7,140,121,20.2,20.5,0,0.00,990.1,976.1
2024-02-10T03:00,9.7,0.00,92,8.5,8.0,0.00,0.00,0.00,3,100,69,100,100,9.1,130,108,18.7,19.1,0,0.00,989.8,975.8
2024-02-10T04:00,9.6,0.00,93,8.5,7.8,0.00,0.00,0.00,3,100,100,54,100,9.3,124,106,19.2,18.0,0,0.00,989.3,975.3
2024-02-10T05:00,9.3,0.00,93,8.3,7.7,0.00,0.00,0.00,2,71,57,16,28,7.9,124,106,17.4,18.0,0,0.00,989.2,975.2
2024-02-10T06:00,8.1,0.00,95,7.3,6.3,0.00,0.00,0.00,1,49,48,2,1,7.8,123,103,17.2,15.1,0,0.00,989.0,974.9
2024-02-10T07:00,7.2,0.00,96,6.6,5.1,0.00,0.00,0.00,2,54,53,2,1,8.0,126,108,18.3,15.1,0,0.00,989.1,975.0
2024-02-10T08:00,7.0,0.00,97,6.5,4.7,0.00,0.00,0.00,3,100,100,30,0,9.1,117,99,19.3,17.6,1,0.00,989.1,975.0
2024-02-10T09:00,8.1,0.00,95,7.3,5.9,0.00,0.00,0.00,3,100,100,19,0,10.1,99,90,18.2,18.7,1,609.49,989.3,975.2
2024-02-10T10:00,9.7,0.00,93,8.7,8.3,0.00,0.00,0.00,3,100,100,65,0,7.6,86,85,15.5,18.4,1,3539.27,988.8,974.8
2024-02-10T11:00,11.1,0.00,90,9.5,10.2,0.00,0.00,0.00,3,100,100,100,0,5.2,104,115,13.0,15.5,1,1099.96,988.9,975.0
2024-02-10T12:00,10.9,0.10,90,9.4,10.2,0.10,0.00,0.00,51,100,100,100,0,3.8,92,73,12.2,13.7,1,0.00,988.4,974.5
2024-02-10T13:00,11.6,0.00,88,9.6,10.7,0.00,0.00,0.00,3,100,100,100,0,5.4,75,53,11.2,12.6,1,0.00,987.5,973.6
2024-02-10T14:00,13.0,0.00,80,9.7,12.0,0.00,0.00,0.00,3,100,100,100,0,5.8,92,94,9.0,17.6,1,0.00,987.2,973.4
2024-02-10T15:00,12.3,0.00,85,9.8,11.3,0.00,0.00,0.00,3,100,100,99,0,6.2,71,54,13.3,14.8,1,0.00,986.3,972.5
2024-02-10T16:00,12.6,0.00,83,9.8,11.5,0.00,0.00,0.00,3,100,100,38,0,6.9,60,51,14.5,16.2,1,0.00,985.7,971.9
2024-02-10T17:00,11.6,0.00,86,9.3,10.8,0.00,0.00,0.00,3,99,99,38,0,4.6,71,45,13.0,13.7,1,0.00,985.4,971.6
2024-02-10T18:00,9.1,0.00,90,7.6,7.6,0.00,0.00,0.00,3,94,91,33,0,6.4,75,52,15.3,11.2,0,0.00,985.4,971.4
2024-02-10T19:00,7.6,0.00,92,6.4,5.7,0.00,0.00,0.00,3,100,100,52,0,7.1,87,60,13.3,12.2,0,0.00,985.9,971.9
2024-02-10T20:00,8.0,0.00,90,6.5,6.3,0.00,0.00,0.00,3,87,85,9,0,5.4,90,48,10.1,11.9,0,0.00,985.8,971.8
2024-02-10T21:00,8.9,0.00,88,7.1,7.8,0.00,0.00,0.00,3,100,57,100,0,2.5,169,270,3.7,8.6,0,0.00,986.2,972.2
2024-02-10T22:00,7.8,0.00,92,6.7,6.7,0.00,0.00,0.00,3,100,100,100,0,1.8,284,53,1.5,4.3,0,0.00,986.4,972.4
2024-02-10T23:00,7.7,0.10,94,6.8,6.5,0.10,0.00,0.00,51,100,59,100,0,2.9,225,150,6.1,5.4,0,0.00,986.9,972.9
2024-02-11T00:00,7.6,0.10,95,6.9,6.1,0.10,0.00,0.00,51,100,98,100,0,5.0,219,180,9.7,9.4,0,0.00,987.1,973.0
2024-02-11T01:00,7.7,0.00,97,7.3,5.8,0.00,0.00,0.00,3,100,100,100,91,8.1,217,193,19.0,16.2,0,0.00,987.7,973.6
2024-02-11T02:00,8.4,0.50,97,7.9,6.8,0.50,0.00,0.00,53,100,99,100,100,6.7,227,196,16.8,13.7,0,0.00,989.0,975.0
2024-02-11T03:00,9.2,0.40,94,8.4,7.2,0.40,0.00,0.00,51,100,100,100,100,10.7,230,220,22.0,21.6,0,0.00,989.6,975.6
2024-02-11T04:00,8.6,0.50,93,7.5,5.7,0.50,0.00,0.00,53,100,100,100,100,15.1,236,230,26.5,30.2,0,0.00,990.2,976.2
2024-02-11T05:00,7.5,0.70,92,6.4,4.1,0.70,0.00,0.00,53,100,100,100,78,17.4,235,232,30.5,36.0,0,0.00,991.5,977.4
2024-02-11T06:00,7.0,0.90,93,6.0,3.5,0.90,0.00,0.00,53,100,100,100,100,17.3,236,234,29.9,37.1,0,0.00,991.9,977.7
2024-02-11T07:00,6.9,0.80,93,5.9,3.5,0.80,0.00,0.00,53,100,100,100,100,16.3,232,229,28.4,36.0,0,0.00,992.1,977.9
2024-02-11T08:00,6.8,0.50,94,5.9,3.3,0.50,0.00,0.00,53,100,99,100,100,16.8,230,227,28.9,34.6,1,0.00,993.0,978.8
2024-02-11T09:00,7.0,0.20,92,5.9,3.6,0.20,0.00,0.00,51,100,96,100,80,16.6,230,228,28.6,34.2,1,0.00,993.9,979.7
2024-02-11T10:00,7.8,0.10,89,6.0,4.0,0.10,0.00,0.00,51,100,70,33,100,19.2,237,236,30.5,40.3,1,0.00,994.2,980.1
2024-02-11T11:00,8.4,0.60,85,6.1,4.4,0.60,0.00,0.00,53,100,75,100,90,20.6,243,243,30.8,43.2,1,0.00,994.7,980.6
2024-02-11T12:00,8.7,0.20,81,5.7,4.5,0.20,0.00,0.00,51,97,65,95,43,21.4,241,241,32.1,45.4,1,509.26,994.7,980.6
2024-02-11T13:00,9.4,0.20,76,5.5,5.5,0.20,0.00,0.00,51,97,94,58,25,18.8,243,244,28.2,41.4,1,3600.00,994.6,980.5
2024-02-11T14:00,9.8,0.00,78,6.2,6.3,0.00,0.00,0.00,3,84,72,31,16,17.6,240,239,25.8,37.4,1,3600.00,995.0,980.9
2024-02-11T15:00,10.0,0.10,72,5.1,6.1,0.10,0.00,0.00,51,67,44,20,33,18.8,242,241,28.2,38.9,1,3600.00,995.1,981.1
2024-02-11T16:00,9.9,0.20,72,5.1,6.5,0.20,0.00,0.00,51,99,99,22,37,14.9,238,238,24.6,39.2,1,3600.00,995.5,981.4
2024-02-11T17:00,9.1,0.20,75,4.9,6.2,0.20,0.00,0.00,51,100,100,51,47,11.2,228,225,21.9,30.2,1,2709.84,996.1,982.0
2024-02-11T18:00,7.9,0.00,78,4.3,5.3,0.00,0.00,0.00,2,76,55,41,29,8.8,224,215,21.4,23.0,0,0.00,996.7,982.5
2024-02-11T19:00,7.7,0.10,76,3.6,4.5,0.10,0.00,0.00,51,98,95,36,52,11.3,224,217,24.4,23.0,0,0.00,997.4,983.2
2024-02-11T20:00,7.3,0.20,84,4.7,4.3,0.20,0.00,0.00,51,79,25,31,70,12.0,226,219,25.2,24.8,0,0.00,998.1,983.9
2024-02-11T21:00,7.3,0.00,84,4.8,4.1,0.00,0.00,0.00,3,88,22,43,84,13.0,227,222,25.7,26.6,0,0.00,998.5,984.3
2024-02-11T22:00,7.4,0.10,84,4.8,4.2,0.10,0.00,0.00,51,48,0,25,44,13.2,222,215,25.2,27.7,0,0.00,999.0,984.8
2024-02-11T23:00,7.2,0.10,84,4.8,3.9,0.10,0.00,0.00,51,100,0,37,100,14.2,222,216,26.8,29.5,0,0.00,999.3,985.1
2024-02-12T00:00,7.7,0.00,83,4.9,4.0,0.00,0.00,0.00,3,100,0,18,100,16.5,220,216,28.9,33.1,0,0.00,999.6,985.4
2024-02-12T01:00,7.5,0.10,85,5.1,3.9,0.10,0.00,0.00,51,100,0,100,100,16.3,226,223,28.8,33.8,0,0.00,1000.0,985.8
2024-02-12T02:00,7.9,0.20,87,5.8,4.2,0.20,0.00,0.00,51,94,0,53,91,18.1,225,223,30.8,37.4,0,0.00,1000.1,985.9
2024-02-12T03:00,7.4,0.10,90,5.8,4.0,0.10,0.00,0.00,51,99,0,87,99,15.9,232,231,28.2,37.1,0,0.00,1000.5,986.2
2024-02-12T04:00,7.5,0.00,90,5.9,4.2,0.00,0.00,0.00,3,99,0,99,75,15.7,238,233,28.2,32.4,0,0.00,1000.8,986.5
2024-02-12T05:00,7.1,0.00,90,5.6,3.9,0.00,0.00,0.00,2,60,0,36,47,14.4,242,238,26.1,32.4,0,0.00,1001.5,987.2
2024-02-12T06:00,6.7,0.10,91,5.4,3.6,0.10,0.00,0.00,51,100,0,60,100,13.5,251,245,25.5,29.2,0,0.00,1002.4,988.1
2024-02-12T07:00,6.9,0.20,90,5.5,3.7,0.20,0.00,0.00,51,99,0,56,99,14.2,257,254,24.8,29.5,0,0.00,1003.2,988.9
2024-02-12T08:00,6.7,0.10,92,5.5,3.9,0.10,0.00,0.00,51,100,2,83,100,11.4,254,252,21.0,28.4,1,0.00,1003.9,989.6
2024-02-12T09:00,6.8,0.40,94,5.9,4.1,0.40,0.00,0.00,51,95,1,86,77,11.6,242,244,19.5,22.7,1,0.00,1004.9,990.6
2024-02-12T10:00,7.4,0.30,89,5.7,4.5,0.30,0.00,0.00,51,100,2,98,93,12.3,241,238,18.5,27.7,1,641.69,1005.5,991.2
2024-02-12T11:00,7.8,0.10,89,6.1,5.3,0.10,0.00,0.00,51,94,17,90,37,10.2,232,231,15.9,26.3,1,0.00,1006.0,991.7
2024-02-12T12:00,9.2,0.10,77,5.4,6.2,0.10,0.00,0.00,51,100,68,96,100,13.1,254,254,18.3,30.2,1,2476.74,1006.2,992.0
2024-02-12T13:00,9.0,0.10,72,4.3,5.8,0.10,0.00,0.00,51,100,72,98,37,12.0,262,261,17.1,30.6,1,1204.53,1006.2,991.9
2024-02-12T14:00,8.8,0.60,82,5.9,6.2,0.60,0.00,0.00,53,95,90,45,33,10.6,245,246,15.5,27.0,1,3600.00,1006.6,992.3
2024-02-12T15:00,9.5,0.10,74,5.1,6.8,0.10,0.00,0.00,51,100,100,96,100,10.6,262,260,14.9,25.6,1,3600.00,1006.8,992.6
2024-02-12T16:00,9.1,0.10,74,4.7,6.4,0.10,0.00,0.00,51,100,100,99,50,9.9,253,251,15.0,26.6,1,0.00,1007.7,993.4
2024-02-12T17:00,8.2,0.00,79,4.8,5.7,0.00,0.00,0.00,3,100,99,99,22,8.9,252,249,16.6,23.0,1,0.00,1008.6,994.3
2024-02-12T18:00,7.1,0.10,84,4.6,4.8,0.10,0.00,0.00,51,100,92,99,30,6.6,256,248,16.7,18.0,0,0.00,1009.6,995.2
2024-02-12T19:00,6.4,0.00,86,4.1,3.9,0.00,0.00,0.00,3,99,99,84,27,7.1,252,240,18.6,14.0,0,0.00,1010.8,996.3
2024-02-12T20:00,6.1,0.00,85,3.9,3.6,0.00,0.00,0.00,2,60,48,10,19,7.3,252,237,18.2,15.5,0,0.00,1011.8,997.3
2024-02-12T21:00,4.8,0.00,90,3.3,2.3,0.00,0.00,0.00,3,87,12,81,36,6.1,257,242,17.7,14.8,0,0.00,1012.8,998.2
2024-02-12T22:00,4.2,0.10,93,3.1,1.7,0.10,0.00,0.00,51,42,0,8,38,5.6,264,243,14.1,13.0,0,0.00,1013.7,999.1
2024-02-12T23:00,4.2,0.20,91,2.8,1.8,0.20,0.00,0.00,51,65,0,37,52,4.6,257,225,12.9,10.8,0,0.00,1014.7,1000.1
2024-02-13T00:00,4.6,0.00,93,3.6,2.4,0.00,0.00,0.00,1,33,0,10,31,4.6,249,219,12.3,10.1,0,0.00,1015.5,1000.9
2024-02-13T01:00,3.0,0.00,96,2.4,0.4,0.00,0.00,0.00,1,35,0,22,32,6.2,246,216,12.2,10.4,0,0.00,1016.6,1001.9
2024-02-13T02:00,3.1,0.00,95,2.4,0.7,0.00,0.00,0.00,2,50,25,9,29,4.7,259,189,7.7,11.2,0,0.00,1017.5,1002.8
2024-02-13T03:00,2.9,0.00,95,2.2,0.5,0.00,0.00,0.00,1,30,4,3,25,4.1,213,165,7.3,8.3,0,0.00,1018.2,1003.5
2024-02-13T04:00,3.0,0.00,96,2.4,0.1,0.00,0.00,0.00,1,45,11,2,38,7.4,196,166,14.6,14.0,0,0.00,1018.7,1004.0
2024-02-13T05:00,2.7,0.00,97,2.3,-0.0,0.00,0.00,0.00,2,63,40,0,39,6.5,201,177,15.8,14.0,0,0.00,1019.2,1004.4
2024-02-13T06:00,2.6,0.00,99,2.4,-0.1,0.00,0.00,0.00,3,87,67,0,59,7.0,208,192,17.1,14.0,0,0.00,1019.6,1004.8
2024-02-13T07:00,2.8,0.00,99,2.6,0.1,0.00,0.00,0.00,3,95,37,0,92,7.1,216,204,16.5,15.1,0,0.00,1020.2,1005.4
2024-02-13T08:00,3.1,0.00,99,2.9,0.4,0.00,0.00,0.00,3,100,43,0,100,7.4,221,209,15.8,14.8,1,0.00,1020.8,1006.0
2024-02-13T09:00,4.1,0.00,96,3.5,1.1,0.00,0.00,0.00,3,92,4,0,92,10.0,226,221,16.5,19.8,1,932.73,1021.5,1006.8
2024-02-13T10:00,4.8,0.00,91,3.5,1.7,0.00,0.00,0.00,3,94,5,0,93,10.7,226,225,14.5,24.5,1,3600.00,1021.7,1007.0
2024-02-13T11:00,5.8,0.00,84,3.4,2.6,0.00,0.00,0.00,3,96,46,0,93,11.7,228,227,16.1,26.3,1,3600.00,1022.0,1007.4
2024-02-13T12:00,7.1,0.00,76,3.1,3.6,0.00,0.00,0.00,3,93,37,0,89,13.2,235,235,18.4,28.8,1,3600.00,1022.1,1007.5
2024-02-13T13:00,8.3,0.00,65,2.2,4.4,0.00,0.00,0.00,3,100,69,1,100,14.2,246,246,19.7,30.2,1,3600.00,1021.8,1007.3
2024-02-13T14:00,9.7,0.00,60,2.2,5.6,0.00,0.00,0.00,3,98,93,29,54,15.7,259,259,22.4,36.0,1,3600.00,1021.1,1006.7
2024-02-13T15:00,9.7,0.00,56,1.4,5.7,0.00,0.00,0.00,3,100,100,63,70,14.2,260,261,21.2,34.2,1,3600.00,1020.9,1006.5
2024-02-13T16:00,9.4,0.00,55,0.7,5.6,0.00,0.00,0.00,3,98,96,15,36,12.3,265,267,18.8,30.6,1,1626.94,1021.1,1006.7
2024-02-13T17:00,8.3,0.00,63,1.7,5.6,0.00,0.00,0.00,3,86,84,6,10,5.8,264,263,14.5,27.7,1,1152.71,1021.2,1006.7
2024-02-13T18:00,5.0,0.00,76,1.2,1.8,0.00,0.00,0.00,3,99,99,22,29,8.2,250,232,13.4,13.0,0,0.00,1021.5,1006.8
2024-02-13T19:00,5.7,0.00,73,1.3,3.0,0.00,0.00,0.00,1,36,24,20,7,5.4,228,184,11.2,12.6,0,0.00,1021.7,1007.1
2024-02-13T20:00,4.6,0.00,76,0.7,1.8,0.00,0.00,0.00,2,71,67,16,2,5.8,198,158,12.9,10.8,0,0.00,1021.6,1006.9
2024-02-13T21:00,4.7,0.00,78,1.2,1.7,0.00,0.00,0.00,3,99,99,27,2,7.1,191,156,17.2,13.3,0,0.00,1021.6,1006.9
2024-02-13T22:00,4.6,0.00,84,2.2,1.8,0.00,0.00,0.00,3,90,88,17,0,7.4,186,151,18.1,14.8,0,0.00,1021.7,1007.0
2024-02-13T23:00,3.7,0.00,87,1.8,0.9,0.00,0.00,0.00,2,72,69,5,6,6.2,189,144,16.0,14.0,0,0.00,1021.8,1007.0
2024-02-14T00:00,3.5,0.00,87,1.6,0.5,0.00,0.00,0.00,1,41,31,14,0,7.6,187,149,17.4,14.4,0,0.00,1022.1,1007.3
2024-02-14T01:00,3.4,0.00,89,1.8,0.4,0.00,0.00,0.00,3,100,2,100,3,8.4,176,149,20.6,18.0,0,0.00,1022.1,1007.3
2024-02-14T02:00,3.5,0.00,88,1.7,0.4,0.00,0.00,0.00,3,100,12,100,56,8.5,200,168,18.3,16.2,0,0.00,1022.1,1007.3
2024-02-14T03:00,4.7,0.00,82,2.0,1.6,0.00,0.00,0.00,3,100,0,100,100,9.3,198,167,19.4,19.1,0,0.00,1021.8,1007.1
2024-02-14T04:00,5.6,0.00,78,2.1,2.4,0.00,0.00,0.00,3,100,50,100,100,9.7,203,182,20.8,20.9,0,0.00,1021.4,1006.8
2024-02-14T05:00,6.0,0.00,77,2.2,2.9,0.00,0.00,0.00,3,100,24,99,100,9.2,211,191,20.2,20.2,0,0.00,1021.7,1007.1
2024-02-14T06:00,6.1,4.00,78,2.5,2.9,4.00,0.00,0.00,63,97,52,83,88,10.5,210,196,22.1,20.9,0,0.00,1021.5,1006.9
2024-02-14T07:00,6.0,4.80,83,3.2,3.3,4.80,0.00,0.00,63,98,69,88,90,7.2,209,177,17.7,22.3,0,0.00,1021.9,1007.3
2024-02-14T08:00,6.2,3.00,84,3.7,3.4,3.00,0.00,0.00,63,100,38,95,100,9.4,211,184,20.2,18.4,1,0.00,1022.1,1007.5
2024-02-14T09:00,7.0,0.00,84,4.5,3.9,0.00,0.00,0.00,3,100,3,100,100,11.7,214,198,23.1,23.0,1,0.00,1022.4,1007.8
2024-02-14T10:00,7.5,0.00,85,5.1,4.5,0.00,0.00,0.00,3,100,89,4,100,12.0,217,201,22.6,23.8,1,0.00,1022.5,1007.9
2024-02-14T11:00,9.2,0.00,82,6.2,6.2,0.00,0.00,0.00,3,100,100,4,100,14.2,224,216,23.4,29.9,1,0.00,1022.6,1008.1
2024-02-14T12:00,10.8,0.00,79,7.3,7.4,0.00,0.00,0.00,3,100,93,29,100,18.9,231,231,27.9,37.8,1,0.00,1022.4,1008.0
2024-02-14T13:00,10.7,0.00,80,7.3,7.9,0.00,0.00,0.00,3,100,100,25,89,14.8,223,221,22.7,39.2,1,0.00,1022.6,1008.2
2024-02-14T14:00,10.5,0.00,82,7.6,8.4,0.00,0.00,0.00,3,100,100,94,78,10.0,211,206,16.0,27.7,1,0.00,1022.3,1007.9
2024-02-14T15:00,11.4,0.00,81,8.2,9.4,0.00,0.00,0.00,3,100,100,30,100,10.3,215,209,15.8,22.7,1,0.00,1022.2,1007.8
2024-02-14T16:00,11.2,0.00,82,8.3,9.3,0.00,0.00,0.00,3,100,100,44,100,10.3,217,209,19.0,22.3,1,0.00,1022.0,1007.6
2024-02-14T17:00,11.1,0.00,84,8.5,8.9,0.00,0.00,0.00,3,100,100,85,100,11.8,224,218,22.1,25.2,1,0.00,1022.2,1007.8
2024-02-14T18:00,10.6,0.10,87,8.6,9.0,0.10,0.00,0.00,51,100,97,97,100,7.9,217,204,18.0,24.5,0,0.00,1022.1,1007.7
2024-02-14T19:00,10.5,0.00,89,8.8,8.8,0.00,0.00,0.00,3,100,89,100,97,9.6,218,200,21.0,19.1,0,0.00,1022.5,1008.1
2024-02-14T20:00,10.4,0.10,90,8.9,8.6,0.10,0.00,0.00,51,100,54,100,69,10.0,219,206,21.3,20.9,0,0.00,1022.6,1008.2
2024-02-14T21:00,10.1,0.30,92,8.9,8.3,0.30,0.00,0.00,51,100,72,100,36,9.8,213,197,21.4,20.2,0,0.00,1022.2,1007.8
2024-02-14T22:00,9.7,0.40,94,8.7,8.1,0.40,0.00,0.00,51,100,86,100,36,8.4,216,200,20.6,19.8,0,0.00,1022.2,1007.8
2024-02-14T23:00,9.6,0.50,94,8.7,8.0,0.50,0.00,0.00,53,100,97,100,37,8.4,218,200,20.0,17.6,0,0.00,1022.4,1007.9
2024-02-15T00:00,9.6,0.10,94,8.6,8.0,0.10,0.00,0.00,51,99,71,94,31,8.2,220,203,20.2,17.3,0,0.00,1022.2,1007.7
2024-02-15T01:00,9.4,0.00,93,8.3,7.7,0.00,0.00,0.00,2,50,13,27,23,9.0,223,209,21.1,18.7,0,0.00,1022.1,1007.6
2024-02-15T02:00,9.3,0.00,94,8.4,7.5,0.00,0.00,0.00,2,60,29,34,18,9.4,219,203,21.8,19.4,0,0.00,1021.9,1007.4
2024-02-15T03:00,8.5,0.00,95,7.8,6.9,0.00,0.00,0.00,3,98,97,15,36,7.1,220,195,19.2,18.7,0,0.00,1021.9,1007.4
2024-02-15T04:00,8.0,0.00,95,7.3,6.4,0.00,0.00,0.00,3,99,99,2,34,5.8,216,184,17.0,14.0,0,0.00,1021.6,1007.1
2024-02-15T05:00,7.5,0.00,96,6.9,5.8,0.00,0.00,0.00,3,100,100,2,29,6.6,207,171,16.9,13.0,0,0.00,1021.9,1007.3
2024-02-15T06:00,7.2,0.00,96,6.6,5.2,0.00,0.00,0.00,3,97,96,17,15,8.1,193,159,18.1,15.5,0,0.00,1021.7,1007.1
2024-02-15T07:00,6.9,0.00,97,6.4,4.9,0.00,0.00,0.00,3,99,99,22,8,7.6,186,149,16.7,16.2,0,0.00,1021.4,1006.8
2024-02-15T08:00,6.8,0.00,96,6.2,4.8,0.00,0.00,0.00,3,100,100,3,0,7.0,168,125,14.3,14.8,1,0.00,1021.2,1006.6
2024-02-15T09:00,7.9,0.00,94,7.0,5.9,0.00,0.00,0.00,3,100,100,4,0,8.3,155,124,13.9,14.8,1,0.00,1021.2,1006.7
2024-02-15T10:00,9.2,0.00,93,8.1,7.4,0.00,0.00,0.00,3,100,99,5,5,8.4,137,110,13.8,15.8,1,0.00,1021.1,1006.6
2024-02-15T11:00,11.1,0.00,88,9.1,9.8,0.00,0.00,0.00,3,100,100,10,2,7.1,130,120,15.1,17.6,1,3600.00,1020.5,1006.1
2024-02-15T12:00,12.8,0.00,80,9.5,11.6,0.00,0.00,0.00,3,98,98,0,0,7.3,123,123,11.2,18.7,1,3600.00,1019.7,1005.4
2024-02-15T13:00,14.7,0.00,72,9.7,13.6,0.00,0.00,0.00,3,100,100,9,0,6.9,121,118,9.7,18.4,1,3600.00,1019.1,1004.9
2024-02-15T14:00,15.6,0.00,62,8.5,13.8,0.00,0.00,0.00,3,100,100,19,0,9.4,138,137,13.5,21.2,1,3460.15,1018.0,1003.9
2024-02-15T15:00,15.8,0.00,62,8.4,14.2,0.00,0.00,0.00,3,100,100,7,0,8.2,133,131,12.7,20.9,1,2465.66,1017.3,1003.2
2024-02-15T16:00,15.4,0.00,65,8.8,14.1,0.00,0.00,0.00,3,100,100,11,0,6.4,122,117,14.4,18.4,1,2415.56,1016.9,1002.8
2024-02-15T17:00,13.9,0.00,70,8.6,12.6,0.00,0.00,0.00,3,99,99,51,0,6.3,123,114,15.9,14.0,1,464.98,1016.7,1002.5
2024-02-15T18:00,12.5,0.00,73,7.7,10.3,0.00,0.00,0.00,3,100,100,5,0,10.8,118,105,24.0,20.9,0,0.00,1016.1,1001.9
2024-02-15T19:00,11.5,0.10,77,7.6,9.4,0.10,0.00,0.00,51,100,100,98,0,10.0,122,105,23.0,20.9,0,0.00,1016.2,1001.9
2024-02-15T20:00,12.0,0.00,76,7.9,9.8,0.00,0.00,0.00,3,100,100,55,0,11.4,123,108,25.0,22.7,0,0.00,1015.8,1001.6
2024-02-15T21:00,11.1,0.00,80,7.8,9.1,0.00,0.00,0.00,3,100,100,97,0,9.6,122,103,22.0,22.0,0,0.00,1015.8,1001.5
2024-02-15T22:00,11.4,0.00,78,7.6,9.0,0.00,0.00,0.00,3,99,95,90,0,11.6,123,106,24.5,23.0,0,0.00,1015.8,1001.5
2024-02-15T23:00,10.6,0.00,80,7.3,8.5,0.00,0.00,0.00,3,100,99,100,0,10.0,127,111,22.1,22.7,0,0.00,1015.7,1001.4
2024-02-16T00:00,9.9,0.00,83,7.1,7.8,0.00,0.00,0.00,3,97,38,95,0,9.2,140,116,17.4,18.7,0,0.00,1016.0,1001.7
2024-02-16T01:00,9.8,0.00,82,6.9,8.1,0.00,0.00,0.00,3,96,11,96,0,6.3,136,103,12.5,18.4,0,0.00,1015.7,1001.3
2024-02-16T02:00,8.1,0.00,91,6.7,6.3,0.00,0.00,0.00,2,57,53,9,0,6.8,128,93,11.8,16.9,0,0.00,1015.3,1000.9
2024-02-16T03:00,7.6,0.00,93,6.5,5.4,0.00,0.00,0.00,3,100,100,43,0,8.4,136,115,15.5,15.5,0,0.00,1015.4,1000.9
2024-02-16T04:00,7.7,0.00,91,6.3,5.3,0.00,0.00,0.00,3,98,97,26,0,9.7,134,105,17.6,18.0,0,0.00,1015.1,1000.7
2024-02-16T05:00,7.3,0.00,91,6.0,5.4,0.00,0.00,0.00,3,89,84,66,0,5.9,157,104,11.8,18.4,0,0.00,1015.1,1000.6
2024-02-16T06:00,7.1,0.00,91,5.8,5.0,0.00,0.00,0.00,3,98,90,80,0,7.1,167,114,12.9,14.0,0,0.00,1015.7,1001.2
2024-02-16T07:00,8.3,0.00,83,5.7,6.0,0.00,0.00,0.00,3,80,71,33,0,8.2,176,128,15.9,15.8,0,0.00,1015.8,1001.4
2024-02-16T08:00,7.8,0.00,85,5.5,5.7,0.00,0.00,0.00,1,48,40,14,0,7.1,179,135,17.6,16.6,1,0.00,1016.2,1001.7
2024-02-16T09:00,9.8,0.00,78,6.1,7.6,0.00,0.00,0.00,1,43,42,2,0,8.6,182,147,16.9,16.9,1,3198.54,1016.7,1002.3
2024-02-16T10:00,11.7,0.00,71,6.6,9.5,0.00,0.00,0.00,1,37,30,11,0,8.8,190,168,16.8,19.8,1,3600.00,1017.2,1002.9
2024-02-16T11:00,13.0,0.00,67,7.0,10.9,0.00,0.00,0.00,1,37,17,21,3,9.0,203,196,14.5,21.2,1,3600.00,1017.8,1003.6
2024-02-16T12:00,14.2,0.30,69,8.6,12.3,0.30,0.00,0.00,51,85,61,61,17,10.6,212,208,16.2,25.6,1,3600.00,1017.8,1003.6
2024-02-16T13:00,14.8,0.80,70,9.3,12.5,0.80,0.00,0.00,53,99,95,57,57,14.5,213,210,21.6,30.2,1,3600.00,1018.1,1004.0
2024-02-16T14:00,15.2,3.00,76,11.1,13.9,3.00,0.00,0.00,63,100,98,72,69,11.0,209,203,16.1,30.6,1,3600.00,1017.8,1003.7
2024-02-16T15:00,15.0,0.40,80,11.7,13.8,0.40,0.00,0.00,51,100,99,83,7,11.7,229,223,19.1,29.9,1,2335.16,1017.5,1003.4
2024-02-16T16:00,14.6,0.30,83,11.7,13.3,0.30,0.00,0.00,51,100,99,89,22,12.5,224,219,21.6,25.9,1,2740.81,1018.3,1004.2
2024-02-16T17:00,13.6,0.10,86,11.2,12.2,0.10,0.00,0.00,51,100,98,100,13,11.7,238,236,22.5,25.2,1,0.00,1018.7,1004.5
2024-02-16T18:00,12.9,0.10,89,11.0,11.8,0.10,0.00,0.00,51,100,100,100,100,9.4,233,223,20.8,23.4,0,0.00,1019.6,1005.3
2024-02-16T19:00,12.4,0.40,92,11.1,11.2,0.40,0.00,0.00,51,100,100,100,9,10.7,236,228,23.1,21.2,0,0.00,1020.4,1006.1
2024-02-16T20:00,12.0,1.30,93,11.0,10.5,1.30,0.00,0.00,61,100,95,100,12,12.5,233,229,24.9,25.2,0,0.00,1021.0,1006.7
2024-02-16T21:00,11.7,1.40,95,10.8,10.2,1.40,0.00,0.00,61,100,87,100,34,12.0,232,226,23.3,25.2,0,0.00,1021.6,1007.3
2024-02-16T22:00,11.4,1.10,95,10.7,10.0,1.10,0.00,0.00,55,100,62,100,89,10.7,230,222,21.7,23.8,0,0.00,1022.2,1007.8
2024-02-16T23:00,11.2,0.80,96,10.6,9.8,0.80,0.00,0.00,53,100,79,100,100,11.2,233,225,22.1,22.7,0,0.00,1022.9,1008.5
2024-02-17T00:00,11.2,1.10,96,10.6,9.9,1.10,0.00,0.00,55,100,25,100,100,9.7,239,228,20.2,22.3,0,0.00,1023.4,1009.0
2024-02-17T01:00,11.1,1.40,96,10.5,10.2,1.40,0.00,0.00,61,100,0,100,100,6.9,279,264,16.0,19.4,0,0.00,1024.2,1009.8
2024-02-17T02:00,11.3,0.60,95,10.5,10.1,0.60,0.00,0.00,53,100,0,100,100,9.4,324,313,19.6,19.8,0,0.00,1024.8,1010.4
2024-02-17T03:00,11.0,0.20,91,9.7,9.4,0.20,0.00,0.00,51,100,0,98,100,10.3,330,324,20.0,20.2,0,0.00,1025.4,1011.0
2024-02-17T04:00,10.4,0.00,93,9.3,8.4,0.00,0.00,0.00,3,81,0,3,81,12.0,333,327,21.7,23.8,0,0.00,1026.3,1011.8
2024-02-17T05:00,9.4,0.00,95,8.7,7.7,0.00,0.00,0.00,0,6,0,0,6,9.0,341,331,17.9,23.8,0,0.00,1027.1,1012.6
2024-02-17T06:00,7.4,0.00,97,7.0,5.7,0.00,0.00,0.00,0,9,0,0,9,6.0,337,335,16.0,18.0,0,0.00,1028.1,1013.5
2024-02-17T07:00,6.9,0.00,98,6.5,5.1,0.00,0.00,0.00,1,24,0,0,24,5.9,338,346,17.1,12.6,0,0.00,1028.8,1014.1
2024-02-17T08:00,7.7,0.00,97,7.2,5.9,0.00,0.00,0.00,1,25,0,0,25,7.0,344,348,18.0,14.0,1,0.00,1029.8,1015.1
2024-02-17T09:00,8.9,0.00,93,7.9,7.2,0.00,0.00,0.00,0,14,0,0,14,7.9,345,344,14.9,15.8,1,3314.00,1030.7,1016.1
2024-02-17T10:00,10.1,0.00,89,8.3,8.3,0.00,0.00,0.00,1,26,0,0,26,9.1,328,326,12.3,19.4,1,3600.00,1031.5,1016.9
2024-02-17T11:00,11.1,0.00,81,7.9,9.2,0.00,0.00,0.00,3,87,0,0,87,9.2,322,321,12.3,21.6,1,3600.00,1032.2,1017.7
2024-02-17T12:00,11.8,0.00,74,7.3,10.0,0.00,0.00,0.00,3,100,0,0,100,7.7,325,323,10.6,21.6,1,3600.00,1032.7,1018.2
2024-02-17T13:00,12.4,0.10,70,7.0,10.6,0.10,0.00,0.00,51,95,0,0,95,7.0,307,305,9.5,19.4,1,3600.00,1032.6,1018.1
2024-02-17T14:00,13.5,0.00,63,6.7,11.6,0.00,0.00,0.00,1,47,0,26,41,7.4,309,309,9.7,18.7,1,3600.00,1032.6,1018.2
2024-02-17T15:00,13.3,0.00,61,6.1,11.1,0.00,0.00,0.00,3,99,1,36,98,8.7,314,312,12.0,20.2,1,3600.00,1032.7,1018.3
2024-02-17T16:00,13.0,0.00,65,6.5,10.8,0.00,0.00,0.00,3,85,58,42,60,8.4,321,320,12.0,20.9,1,3600.00,1033.3,1018.9
2024-02-17T17:00,12.1,0.00,78,8.3,11.2,0.00,0.00,0.00,0,14,8,7,0,2.5,342,352,7.2,18.0,1,3600.00,1033.3,1018.8
2024-02-17T18:00,10.4,0.00,75,6.2,8.6,0.00,0.00,0.00,1,21,0,6,20,5.7,348,18,7.0,7.9,0,280.26,1033.7,1019.1
2024-02-17T19:00,10.8,0.00,72,6.0,9.4,0.00,0.00,0.00,3,83,0,19,81,2.7,337,67,5.5,7.9,0,0.00,1034.2,1019.6
2024-02-17T20:00,7.4,0.00,88,5.6,5.3,0.00,0.00,0.00,2,50,0,13,49,6.8,205,155,6.8,8.3,0,0.00,1034.6,1019.9
2024-02-17T21:00,7.7,0.00,88,5.9,5.9,0.00,0.00,0.00,1,34,0,5,32,5.4,200,160,12.6,10.8,0,0.00,1034.4,1019.7
2024-02-17T22:00,7.0,0.00,89,5.3,5.1,0.00,0.00,0.00,1,43,0,10,38,4.8,208,138,6.1,10.4,0,0.00,1034.9,1020.1
2024-02-17T23:00,5.7,0.00,94,4.8,3.7,0.00,0.00,0.00,0,11,0,8,5,4.8,180,132,4.0,7.9,0,0.00,1035.2,1020.4
2024-02-18T00:00,4.6,0.00,97,4.2,2.5,0.00,0.00,0.00,0,7,0,6,4,4.9,180,126,2.9,8.3,0,0.00,1035.2,1020.3
2024-02-18T01:00,4.4,0.00,97,4.0,2.4,0.00,0.00,0.00,1,22,0,3,21,4.3,189,138,4.7,8.3,0,0.00,1035.5,1020.6
2024-02-18T02:00,6.7,0.00,95,6.0,4.8,0.00,0.00,0.00,1,44,35,1,13,5.8,182,150,10.8,11.5,0,0.00,1035.2,1020.4
2024-02-18T03:00,5.7,0.00,95,5.0,3.9,0.00,0.00,0.00,2,55,40,1,25,4.3,184,138,9.7,11.2,0,0.00,1034.7,1019.9
2024-02-18T04:00,5.0,0.00,95,4.3,3.0,0.00,0.00,0.00,3,94,89,0,42,4.6,186,141,10.1,9.0,0,0.00,1034.6,1019.7
2024-02-18T05:00,4.9,0.00,95,4.2,2.7,0.00,0.00,0.00,3,81,75,0,25,5.4,174,132,10.9,10.1,0,0.00,1034.3,1019.4
2024-02-18T06:00,4.5,0.00,96,3.9,2.1,0.00,0.00,0.00,2,62,54,0,17,6.4,169,133,13.6,11.9,0,0.00,1034.1,1019.2
2024-02-18T07:00,4.2,0.00,96,3.7,1.8,0.00,0.00,0.00,3,100,100,0,37,6.4,171,137,14.6,12.2,0,0.00,1033.9,1019.0
2024-02-18T08:00,4.5,0.00,96,3.9,1.9,0.00,0.00,0.00,3,100,100,0,29,7.7,168,139,15.8,14.4,1,0.00,1033.5,1018.6
2024-02-18T09:00,6.3,0.00,91,5.0,3.8,0.00,0.00,0.00,3,100,100,9,15,9.0,165,151,15.3,17.3,1,3429.97,1033.2,1018.4
2024-02-18T10:00,7.8,0.00,85,5.5,5.7,0.00,0.00,0.00,3,100,100,89,9,6.8,178,180,10.8,18.4,1,3600.00,1032.7,1018.0
2024-02-18T11:00,9.0,0.00,80,5.8,7.0,0.00,0.00,0.00,3,100,100,60,2,6.8,201,198,10.0,18.4,1,3600.00,1032.2,1017.6
2024-02-18T12:00,10.4,0.00,73,5.7,8.2,0.00,0.00,0.00,3,100,100,22,7,7.6,208,205,10.6,19.8,1,3600.00,1031.2,1016.7
2024-02-18T13:00,11.1,0.00,68,5.4,8.5,0.00,0.00,0.00,3,100,100,0,17,10.0,207,206,14.2,24.5,1,3600.00,1030.3,1015.8
2024-02-18T14:00,11.1,0.00,70,5.8,8.4,0.00,0.00,0.00,3,100,100,89,22,11.4,216,215,16.5,25.6,1,0.00,1029.6,1015.1
2024-02-18T15:00,10.8,0.30,74,6.3,8.0,0.30,0.00,0.00,51,100,100,89,96,13.0,223,222,18.6,27.4,1,838.13,1028.8,1014.3
2024-02-18T16:00,10.6,0.00,77,6.8,8.1,0.00,0.00,0.00,3,100,100,100,18,11.1,212,209,18.3,27.7,1,0.00,1028.0,1013.5
2024-02-18T17:00,10.3,0.00,80,7.0,7.7,0.00,0.00,0.00,3,100,100,100,23,12.2,228,225,22.4,24.8,1,0.00,1027.6,1013.1
2024-02-18T18:00,10.0,0.10,76,6.0,6.7,0.10,0.00,0.00,51,100,100,100,100,15.6,231,230,27.7,32.0,0,0.00,1027.4,1012.9
2024-02-18T19:00,8.8,1.50,88,6.9,5.7,1.50,0.00,0.00,61,100,100,100,92,15.5,228,226,28.6,32.4,0,0.00,1027.1,1012.5
2024-02-18T20:00,8.6,0.70,90,7.1,5.3,0.70,0.00,0.00,53,100,100,100,79,17.8,230,228,32.2,36.4,0,0.00,1026.8,1012.2
2024-02-18T21:00,8.6,0.70,90,7.0,5.0,0.70,0.00,0.00,53,100,100,100,100,19.6,224,221,33.6,40.7,0,0.00,1026.8,1012.2
2024-02-18T22:00,8.5,0.50,92,7.2,5.2,0.50,0.00,0.00,53,100,0,100,100,17.4,228,220,30.1,39.6,0,0.00,1026.7,1012.1
2024-02-18T23:00,8.5,0.20,93,7.4,5.5,0.20,0.00,0.00,51,100,100,100,88,16.0,231,226,28.4,35.3,0,0.00,1026.8,1012.2
2024-02-19T00:00,8.6,0.00,93,7.5,5.5,0.00,0.00,0.00,3,96,55,44,88,16.8,237,235,29.5,33.8,0,0.00,1026.7,1012.1
2024-02-19T01:00,8.5,0.00,93,7.4,5.5,0.00,0.00,0.00,3,87,7,36,84,15.8,243,240,27.9,34.2,0,0.00,1026.7,1012.1
2024-02-19T02:00,8.2,0.60,96,7.6,5.4,0.60,0.00,0.00,53,100,100,84,84,14.8,234,231,25.8,31.3,0,0.00,1026.7,1012.1
2024-02-19T03:00,8.7,0.60,95,8.0,5.9,0.60,0.00,0.00,53,100,82,98,100,15.0,256,253,26.7,31.3,0,0.00,1026.8,1012.2
2024-02-19T04:00,9.0,0.30,93,7.9,6.3,0.30,0.00,0.00,51,100,100,98,45,14.4,271,266,25.9,31.7,0,0.00,1026.9,1012.4
2024-02-19T05:00,8.9,0.10,91,7.6,6.4,0.10,0.00,0.00,51,100,100,17,97,12.7,285,278,23.8,29.5,0,0.00,1027.1,1012.5
2024-02-19T06:00,8.5,0.00,90,6.9,5.9,0.00,0.00,0.00,3,100,100,0,96,12.8,293,286,24.2,26.3,0,0.00,1027.8,1013.2
2024-02-19T07:00,7.9,0.10,91,6.5,5.4,0.10,0.00,0.00,51,62,6,0,59,10.7,289,282,20.6,26.3,0,0.00,1028.2,1013.6
2024-02-19T08:00,7.1,0.10,94,6.2,4.9,0.10,0.00,0.00,51,59,0,0,59,8.7,288,277,18.6,21.6,1,0.00,1028.9,1014.2
2024-02-19T09:00,7.9,0.00,90,6.4,5.5,0.00,0.00,0.00,2,77,0,0,77,10.2,287,280,17.7,22.0,1,3546.33,1029.9,1015.3
2024-02-19T10:00,8.5,0.10,87,6.4,5.6,0.10,0.00,0.00,51,100,0,0,100,13.0,278,276,18.9,27.0,1,3600.00,1030.2,1015.6
2024-02-19T11:00,8.8,0.00,83,6.1,6.1,0.00,0.00,0.00,3,100,1,0,100,11.5,270,268,16.9,29.2,1,0.00,1030.5,1015.9
2024-02-19T12:00,9.5,0.00,76,5.5,6.5,0.00,0.00,0.00,3,100,0,0,100,12.6,268,268,18.4,27.7,1,0.00,1030.2,1015.6
2024-02-19T13:00,10.3,0.10,70,5.1,7.2,0.10,0.00,0.00,51,100,1,2,100,13.4,266,265,19.1,28.8,1,851.01,1029.4,1014.9
2024-02-19T14:00,11.1,0.00,64,4.6,7.5,0.00,0.00,0.00,3,100,98,63,100,15.6,252,251,22.8,33.5,1,1316.10,1029.0,1014.5
2024-02-19T15:00,10.8,0.00,69,5.3,8.2,0.00,0.00,0.00,3,98,7,55,96,9.8,242,242,16.3,32.4,1,0.00,1028.3,1013.8
2024-02-19T16:00,10.3,0.30,78,6.6,7.3,0.30,0.00,0.00,51,100,100,81,32,14.6,234,230,23.2,30.2,1,269.21,1028.1,1013.6
2024-02-19T17:00,9.2,1.10,90,7.7,7.1,1.10,0.00,0.00,55,100,100,43,70,10.5,218,211,19.2,29.5,1,0.00,1027.8,1013.3
2024-02-19T18:00,8.9,0.10,92,7.6,6.5,0.10,0.00,0.00,51,100,100,100,91,12.0,227,224,22.7,24.1,0,0.00,1027.6,1013.0
2024-02-19T19:00,8.3,0.80,94,7.4,6.4,0.80,0.00,0.00,53,100,100,100,100,8.5,237,234,17.7,23.8,0,0.00,1027.4,1012.8
2024-02-19T20:00,8.3,0.10,95,7.6,6.4,0.10,0.00,0.00,51,99,93,85,40,8.6,231,213,17.7,17.6,0,0.00,1027.2,1012.6
2024-02-19T21:00,8.1,0.00,96,7.5,6.1,0.00,0.00,0.00,2,51,20,7,34,9.0,245,233,19.5,23.4,0,0.00,1027.0,1012.4
2024-02-19T22:00,7.5,0.90,91,6.1,5.0,0.90,0.00,0.00,53,79,0,74,41,10.5,266,266,22.4,22.3,0,0.00,1027.0,1012.4
2024-02-19T23:00,7.3,0.20,93,6.2,5.0,0.20,0.00,0.00,51,99,0,31,99,9.1,283,277,19.6,21.6,0,0.00,1027.4,1012.8
2024-02-20T00:00,7.3,0.10,92,6.0,5.0,0.10,0.00,0.00,51,48,0,15,46,8.7,283,275,18.1,19.8,0,0.00,1027.6,1013.0
2024-02-20T01:00,6.4,0.30,93,5.4,4.4,0.30,0.00,0.00,51,99,0,11,99,6.1,282,267,16.2,18.0,0,0.00,1027.8,1013.1
2024-02-20T02:00,7.1,0.00,91,5.7,4.3,0.00,0.00,0.00,1,31,0,1,30,11.8,314,310,23.2,25.6,0,0.00,1027.6,1012.9
2024-02-20T03:00,6.4,0.00,92,5.2,3.6,0.00,0.00,0.00,2,62,0,1,62,10.7,314,310,21.6,23.8,0,0.00,1028.3,1013.6
2024-02-20T04:00,6.0,0.00,92,4.8,3.3,0.00,0.00,0.00,3,81,0,0,81,9.9,309,303,20.5,22.0,0,0.00,1028.6,1013.9
2024-02-20T05:00,5.5,0.00,93,4.4,2.9,0.00,0.00,0.00,3,82,0,1,82,8.6,301,292,18.9,21.2,0,0.00,1029.3,1014.5
2024-02-20T06:00,5.3,0.00,93,4.2,2.8,0.00,0.00,0.00,3,90,6,2,89,7.3,292,279,16.6,17.6,0,0.00,1030.0,1015.2
2024-02-20T07:00,5.2,0.00,92,4.0,2.8,0.00,0.00,0.00,3,91,30,0,87,6.1,288,273,14.8,15.5,0,0.00,1030.3,1015.5
2024-02-20T08:00,5.1,0.00,93,4.0,2.9,0.00,0.00,0.00,3,95,54,1,90,4.9,276,253,11.2,13.3,1,0.00,1030.9,1016.1
2024-02-20T09:00,5.8,0.00,90,4.4,3.8,0.00,0.00,0.00,2,55,11,1,49,4.8,250,228,9.6,11.5,1,1976.88,1031.2,1016.4
2024-02-20T10:00,6.9,0.00,86,4.6,4.5,0.00,0.00,0.00,1,39,8,2,32,7.0,237,235,9.9,17.6,1,3600.00,1031.3,1016.6
2024-02-20T11:00,8.1,0.00,80,4.8,5.4,0.00,0.00,0.00,2,65,18,5,55,9.7,254,255,12.8,23.0,1,3600.00,1031.6,1016.9
2024-02-20T12:00,9.0,0.10,73,4.4,6.1,0.10,0.00,0.00,51,100,64,6,100,10.2,252,252,13.7,24.5,1,3600.00,1031.3,1016.7
2024-02-20T13:00,9.6,0.10,69,4.2,6.4,0.10,0.00,0.00,51,100,97,11,89,12.5,257,258,17.4,27.4,1,3600.00,1030.9,1016.3
2024-02-20T14:00,10.4,0.00,64,3.8,6.9,0.00,0.00,0.00,3,99,79,83,86,13.4,261,262,18.9,30.2,1,3600.00,1030.3,1015.8
2024-02-20T15:00,10.5,0.10,60,3.1,6.8,0.10,0.00,0.00,51,99,86,80,84,14.1,264,264,20.3,30.2,1,2059.62,1029.6,1015.1
2024-02-20T16:00,10.5,0.00,59,2.8,6.9,0.00,0.00,0.00,3,100,98,94,64,12.8,259,259,19.1,29.9,1,1626.30,1029.4,1014.9
2024-02-20T17:00,9.7,0.00,64,3.3,6.8,0.00,0.00,0.00,3,100,100,48,28,9.2,248,244,17.1,27.7,1,0.00,1028.9,1014.4
2024-02-20T18:00,8.1,0.00,71,3.1,5.5,0.00,0.00,0.00,3,100,100,15,40,6.9,238,231,17.5,19.4,0,0.00,1028.8,1014.2
2024-02-20T19:00,7.5,0.00,74,3.3,4.7,0.00,0.00,0.00,3,100,100,63,32,8.7,233,222,21.3,17.6,0,0.00,1029.1,1014.4
2024-02-20T20:00,7.3,0.00,78,3.7,4.5,0.00,0.00,0.00,3,99,98,92,41,8.9,233,223,21.3,18.4,0,0.00,1029.0,1014.3
2024-02-20T21:00,7.0,0.00,80,3.8,4.4,0.00,0.00,0.00,3,100,100,48,27,7.9,235,227,20.7,18.0,0,0.00,1028.8,1014.1
2024-02-20T22:00,6.6,0.00,83,3.9,4.2,0.00,0.00,0.00,3,99,99,21,22,6.6,248,241,19.1,16.9,0,0.00,1028.5,1013.8
2024-02-20T23:00,6.1,0.00,87,4.1,3.7,0.00,0.00,0.00,3,100,100,60,19,6.7,246,234,18.5,14.4,0,0.00,1028.5,1013.8
2024-02-21T00:00,6.0,0.00,89,4.3,3.6,0.00,0.00,0.00,3,100,100,98,13,7.1,239,225,18.4,15.1,0,0.00,1028.5,1013.8
2024-02-21T01:00,5.9,0.00,91,4.6,3.5,0.00,0.00,0.00,3,100,100,98,13,7.1,238,225,18.3,15.1,0,0.00,1028.0,1013.3
2024-02-21T02:00,6.9,0.00,91,5.5,4.4,0.00,0.00,0.00,3,100,100,97,16,9.6,225,214,20.4,19.8,0,0.00,1027.4,1012.7
2024-02-21T03:00,6.7,0.10,93,5.7,4.2,0.10,0.00,0.00,51,100,100,94,6,9.7,219,207,20.2,19.4,0,0.00,1026.8,1012.1
2024-02-21T04:00,6.3,0.00,94,5.4,3.7,0.00,0.00,0.00,2,54,50,18,4,10.2,216,203,21.7,20.2,0,0.00,1025.9,1011.2
2024-02-21T05:00,5.6,0.00,94,4.7,2.9,0.00,0.00,0.00,2,51,41,13,7,9.7,221,211,22.5,20.5,0,0.00,1025.4,1010.7
2024-02-21T06:00,4.9,0.00,94,4.0,2.2,0.00,0.00,0.00,3,100,100,8,2,8.8,228,215,21.7,19.8,0,0.00,1025.0,1010.3
2024-02-21T07:00,4.4,0.00,95,3.6,1.7,0.00,0.00,0.00,3,100,100,10,7,7.9,221,204,20.2,18.0,0,0.00,1024.6,1009.8
2024-02-21T08:00,4.5,0.00,94,3.6,2.0,0.00,0.00,0.00,3,100,100,1,10,6.3,220,193,16.1,16.6,1,0.00,1024.4,1009.7
2024-02-21T09:00,5.7,0.00,89,4.1,3.2,0.00,0.00,0.00,3,100,100,5,0,7.6,211,183,16.3,16.9,1,2427.79,1023.9,1009.2
2024-02-21T10:00,7.1,0.00,83,4.4,4.6,0.00,0.00,0.00,3,100,100,8,0,7.9,203,196,12.1,19.4,1,3600.00,1023.3,1008.7
2024-02-21T11:00,8.4,0.00,77,4.6,5.8,0.00,0.00,0.00,3,100,100,0,0,8.9,207,201,12.9,22.0,1,3600.00,1022.3,1007.8
2024-02-21T12:00,9.6,0.00,72,4.8,6.8,0.00,0.00,0.00,3,100,100,10,5,10.0,215,210,14.0,24.1,1,3600.00,1021.7,1007.3
2024-02-21T13:00,10.2,0.00,69,4.8,7.1,0.00,0.00,0.00,3,100,100,100,12,13.0,227,226,18.3,28.8,1,1276.22,1020.6,1006.2
2024-02-21T14:00,10.0,0.00,66,3.9,6.8,0.00,0.00,0.00,3,100,100,100,0,12.2,206,204,18.8,26.6,1,0.00,1019.4,1005.0
2024-02-21T15:00,10.7,0.00,62,3.7,7.4,0.00,0.00,0.00,3,100,100,100,0,12.2,208,204,18.4,28.4,1,0.00,1018.2,1003.9
2024-02-21T16:00,10.4,0.00,63,3.6,7.5,0.00,0.00,0.00,3,100,100,100,0,9.4,184,180,15.9,26.6,1,0.00,1016.8,1002.5
2024-02-21T17:00,10.1,0.00,64,3.6,7.3,0.00,0.00,0.00,3,100,100,98,0,8.7,186,175,17.7,20.9,1,736.39,1015.6,1001.3
2024-02-21T18:00,8.9,0.00,68,3.3,6.1,0.00,0.00,0.00,3,100,99,100,0,8.9,173,153,19.6,18.7,0,0.00,1014.7,1000.3
2024-02-21T19:00,9.1,0.00,68,3.6,6.1,0.00,0.00,0.00,3,100,100,100,0,10.2,164,148,21.3,20.5,0,0.00,1013.9,999.5
2024-02-21T20:00,9.2,0.00,67,3.3,6.1,0.00,0.00,0.00,3,100,100,100,0,10.2,173,148,22.1,21.2,0,0.00,1013.1,998.8
2024-02-21T21:00,9.6,0.00,61,2.4,6.1,0.00,0.00,0.00,3,100,100,100,0,11.9,194,180,24.9,24.5,0,0.00,1012.1,997.8
2024-02-21T22:00,9.5,0.10,62,2.5,5.8,0.10,0.00,0.00,51,100,100,100,0,13.4,207,194,25.9,28.8,0,0.00,1011.1,996.8
2024-02-21T23:00,9.4,0.10,67,3.7,5.6,0.10,0.00,0.00,51,100,100,100,32,16.2,219,212,30.0,33.1,0,0.00,1010.1,995.8
2024-02-22T00:00,9.5,0.20,75,5.2,5.2,0.20,0.00,0.00,51,100,100,100,36,21.1,227,224,36.7,43.2,0,0.00,1009.3,995.0
2024-02-22T01:00,9.2,0.30,81,6.1,5.2,0.30,0.00,0.00,51,100,100,100,57,21.0,223,219,36.2,44.3,0,0.00,1008.4,994.1
2024-02-22T02:00,9.2,0.70,89,7.4,5.7,0.70,0.00,0.00,53,100,100,100,100,18.8,226,223,33.6,44.6,0,0.00,1007.0,992.7
2024-02-22T03:00,9.3,0.70,90,7.8,5.9,0.70,0.00,0.00,53,100,100,100,100,19.6,224,221,34.9,40.7,0,0.00,1005.7,991.5
2024-02-22T04:00,9.4,0.80,91,8.0,6.0,0.80,0.00,0.00,53,100,100,100,100,19.7,221,220,34.4,42.5,0,0.00,1004.8,990.6
2024-02-22T05:00,9.2,0.90,91,7.9,6.1,0.90,0.00,0.00,53,100,100,100,100,17.3,215,211,31.1,40.7,0,0.00,1004.0,989.8
2024-02-22T06:00,9.0,1.40,91,7.7,5.9,1.40,0.00,0.00,61,100,100,100,100,17.4,214,210,31.4,38.2,0,0.00,1003.4,989.2
2024-02-22T07:00,9.0,1.20,91,7.6,5.7,1.20,0.00,0.00,55,100,100,100,100,18.3,216,212,32.5,37.8,0,0.00,1002.5,988.3
2024-02-22T08:00,9.1,1.00,91,7.6,5.7,1.00,0.00,0.00,55,100,100,100,100,19.0,217,213,33.7,40.3,1,0.00,1002.0,987.8
2024-02-22T09:00,9.2,1.00,91,7.7,5.9,1.00,0.00,0.00,55,100,100,100,100,18.5,217,213,33.2,39.6,1,0.00,1001.6,987.4
2024-02-22T10:00,9.5,0.30,89,7.8,6.1,0.30,0.00,0.00,51,100,100,100,100,19.4,214,211,34.4,40.3,1,0.00,1000.7,986.5
2024-02-22T11:00,10.0,0.10,87,8.0,6.3,0.10,0.00,0.00,51,100,100,100,100,22.0,217,215,37.3,44.6,1,0.00,999.9,985.8
2024-02-22T12:00,10.4,0.20,87,8.3,6.8,0.20,0.00,0.00,51,100,98,100,100,21.5,214,211,36.3,46.1,1,0.00,998.7,984.6
2024-02-22T13:00,10.7,0.30,87,8.6,7.4,0.30,0.00,0.00,51,100,100,100,100,20.1,213,209,34.2,45.4,1,0.00,997.4,983.4
2024-02-22T14:00,11.1,0.10,87,9.0,7.8,0.10,0.00,0.00,51,100,100,100,100,20.8,213,210,34.8,42.5,1,0.00,995.3,981.3
2024-02-22T15:00,10.7,1.20,89,9.0,7.3,1.20,0.00,0.00,55,100,99,100,100,20.9,211,209,36.2,43.9,1,0.00,994.0,980.0
2024-02-22T16:00,10.6,0.40,88,8.8,7.4,0.40,0.00,0.00,51,100,100,100,99,19.6,210,206,34.3,43.6,1,0.00,992.9,978.9
2024-02-22T17:00,10.5,1.10,88,8.5,6.9,1.10,0.00,0.00,55,100,100,100,67,21.5,207,203,37.5,44.3,1,0.00,991.8,977.8
2024-02-22T18:00,10.4,1.00,87,8.3,6.4,1.00,0.00,0.00,55,100,100,100,97,24.5,211,208,42.8,50.8,0,0.00,991.2,977.2
2024-02-22T19:00,10.5,0.60,84,7.9,6.2,0.60,0.00,0.00,53,100,100,100,29,25.2,216,214,43.8,53.3,0,0.00,990.9,976.9
2024-02-22T20:00,10.9,0.10,78,7.3,6.3,0.10,0.00,0.00,51,100,100,22,20,26.6,220,218,44.9,54.4,0,0.00,990.3,976.4
2024-02-22T21:00,10.9,0.10,78,7.1,5.9,0.10,0.00,0.00,51,100,82,98,3,29.0,229,227,49.2,59.8,0,0.00,990.4,976.5
2024-02-22T22:00,10.3,0.20,79,6.7,4.8,0.20,0.00,0.00,51,100,100,100,35,31.5,237,237,51.8,63.7,0,0.00,991.7,977.7
2024-02-22T23:00,9.1,0.10,79,5.7,4.1,0.10,0.00,0.00,51,100,100,60,5,27.1,240,240,45.1,64.1,0,0.00,992.7,978.6
2024-02-23T00:00,8.2,0.10,80,4.9,3.3,0.10,0.00,0.00,51,96,92,86,20,25.0,247,245,41.8,56.2,0,0.00,993.4,979.3
2024-02-23T01:00,7.3,0.00,81,4.2,2.5,0.00,0.00,0.00,3,98,96,30,27,23.2,243,242,39.1,51.5,0,0.00,994.9,980.7
2024-02-23T02:00,7.0,0.00,79,3.6,1.9,0.00,0.00,0.00,3,95,48,5,90,24.2,238,237,39.8,49.3,0,0.00,996.5,982.3
2024-02-23T03:00,6.3,0.00,81,3.2,2.2,0.00,0.00,0.00,3,100,100,0,64,17.7,236,231,32.0,50.4,0,0.00,997.6,983.3
2024-02-23T04:00,5.5,0.00,81,2.5,1.6,0.00,0.00,0.00,3,100,100,2,13,14.6,231,220,27.7,39.2,0,0.00,998.3,984.0
2024-02-23T05:00,4.9,0.10,82,2.1,0.9,0.10,0.00,0.00,51,92,85,0,42,14.6,207,196,26.2,31.0,0,0.00,998.7,984.3
2024-02-23T06:00,4.6,0.10,82,1.8,0.3,0.10,0.00,0.00,51,92,0,0,92,16.4,211,206,29.1,33.8,0,0.00,998.9,984.5
2024-02-23T07:00,4.6,0.00,79,1.2,0.1,0.00,0.00,0.00,3,100,89,0,100,17.1,223,221,29.5,36.0,0,0.00,998.9,984.5
2024-02-23T08:00,4.7,0.00,77,1.0,0.4,0.00,0.00,0.00,1,21,0,0,21,16.4,236,237,28.3,35.3,1,0.00,999.0,984.6
2024-02-23T09:00,5.5,0.00,74,1.2,1.8,0.00,0.00,0.00,1,30,0,0,30,12.0,229,226,19.1,34.2,1,3600.00,999.2,984.9
2024-02-23T10:00,6.3,0.00,69,0.9,1.3,0.00,0.00,0.00,3,100,0,0,100,20.4,228,229,29.8,41.8,1,3600.00,999.2,984.9
2024-02-23T11:00,6.8,0.00,66,1.0,2.1,0.00,0.00,0.00,3,81,0,0,81,18.7,232,232,26.9,42.8,1,1493.65,999.0,984.7
2024-02-23T12:00,7.8,0.00,60,0.6,3.0,0.00,0.00,0.00,3,100,0,0,100,18.9,230,230,26.8,40.7,1,3600.00,998.8,984.6
2024-02-23T13:00,8.0,0.10,58,0.3,3.5,0.10,0.00,0.00,51,98,0,0,98,16.7,217,217,24.4,40.7,1,1269.90,998.5,984.3
2024-02-23T14:00,8.7,0.00,56,0.5,4.2,0.00,0.00,0.00,1,43,0,23,37,16.9,215,214,24.6,38.5,1,3555.67,998.8,984.6
2024-02-23T15:00,9.2,0.10,54,0.2,4.8,0.10,0.00,0.00,51,40,0,28,33,15.5,209,208,22.6,36.0,1,3600.00,998.4,984.3
2024-02-23T16:00,9.1,0.00,54,0.2,5.1,0.00,0.00,0.00,1,34,0,20,31,13.2,210,209,20.3,33.1,1,3600.00,997.8,983.7
2024-02-23T17:00,8.5,0.00,61,1.4,5.4,0.00,0.00,0.00,0,9,1,6,6,8.0,196,190,16.1,28.1,1,3600.00,997.6,983.4
2024-02-23T18:00,6.1,0.00,70,1.1,3.2,0.00,0.00,0.00,0,17,0,13,10,6.8,174,148,16.7,17.6,0,1388.27,997.6,983.3
2024-02-23T19:00,5.7,0.00,70,0.6,2.5,0.00,0.00,0.00,0,19,0,12,16,7.9,173,141,18.5,16.9,0,0.00,997.7,983.4
2024-02-23T20:00,5.2,0.00,70,0.1,1.7,0.00,0.00,0.00,1,21,0,13,16,9.7,146,121,21.3,18.0,0,0.00,997.7,983.4
2024-02-23T21:00,5.0,0.00,70,-0.0,1.1,0.00,0.00,0.00,0,8,0,0,8,12.0,150,131,26.3,23.4,0,0.00,997.8,983.5
2024-02-23T22:00,4.5,0.00,76,0.6,0.9,0.00,0.00,0.00,0,5,2,1,3,11.0,166,148,24.5,24.1,0,0.00,998.1,983.7
2024-02-23T23:00,3.8,0.00,80,0.6,0.4,0.00,0.00,0.00,1,32,28,0,6,8.9,166,140,20.8,21.6,0,0.00,998.1,983.7
2024-02-24T00:00,3.4,0.00,81,0.4,0.1,0.00,0.00,0.00,2,78,72,12,18,8.3,172,146,20.7,17.6,0,0.00,998.2,983.8
2024-02-24T01:00,3.2,0.00,80,0.2,-0.0,0.00,0.00,0.00,3,99,99,34,13,7.9,196,177,20.2,16.9,0,0.00,998.4,984.0
2024-02-24T02:00,3.5,0.00,81,0.6,0.3,0.00,0.00,0.00,3,89,87,28,0,7.7,192,152,19.1,15.8,0,0.00,999.3,984.9
2024-02-24T03:00,3.6,0.00,82,0.8,0.2,0.00,0.00,0.00,3,97,97,10,2,9.4,205,187,22.7,20.2,0,0.00,999.6,985.2
2024-02-24T04:00,3.1,0.00,85,0.8,-0.0,0.00,0.00,0.00,3,99,99,0,4,8.0,202,175,20.5,20.2,0,0.00,999.7,985.2
2024-02-24T05:00,2.9,0.00,86,0.7,-0.4,0.00,0.00,0.00,3,85,85,2,0,8.3,202,180,21.0,17.6,0,0.00,1000.2,985.7
2024-02-24T06:00,2.6,0.00,88,0.7,-0.6,0.00,0.00,0.00,3,100,100,6,0,7.8,211,193,21.8,17.3,0,0.00,1000.7,986.2
2024-02-24T07:00,2.5,0.00,87,0.5,-0.7,0.00,0.00,0.00,3,100,100,100,0,7.6,209,188,20.6,18.4,0,0.00,1001.1,986.6
2024-02-24T08:00,3.7,0.00,81,0.7,-0.2,0.00,0.00,0.00,3,100,86,98,60,12.8,211,202,24.9,24.5,1,0.00,1002.2,987.7
2024-02-24T09:00,4.3,0.30,85,2.0,0.5,0.30,0.00,0.00,51,95,81,55,63,13.7,212,207,23.8,31.3,1,0.00,1003.3,988.8
2024-02-24T10:00,5.6,0.10,81,2.6,1.1,0.10,0.00,0.00,51,49,17,6,37,19.1,228,227,28.6,38.9,1,1894.73,1003.9,989.5
2024-02-24T11:00,6.1,0.10,75,2.0,1.4,0.10,0.00,0.00,51,40,18,14,18,19.9,227,226,29.0,41.8,1,3600.00,1004.8,990.4
2024-02-24T12:00,6.9,0.40,69,1.7,2.3,0.40,0.00,0.00,51,27,0,16,20,18.6,228,229,26.5,41.8,1,3600.00,1005.1,990.8
2024-02-24T13:00,7.9,0.30,59,0.4,3.2,0.30,0.00,0.00,51,100,100,15,75,18.1,229,229,25.8,39.6,1,3600.00,1004.6,990.3
2024-02-24T14:00,8.4,0.10,63,1.8,4.3,0.10,0.00,0.00,51,100,100,23,24,15.3,215,214,22.0,41.4,1,3600.00,1005.1,990.8
2024-02-24T15:00,8.7,0.00,58,0.8,4.6,0.00,0.00,0.00,3,98,97,14,16,14.4,218,217,21.0,38.9,1,3600.00,1005.2,990.9
2024-02-24T16:00,8.8,0.00,52,-0.4,4.5,0.00,0.00,0.00,2,79,76,8,6,14.5,209,207,21.7,35.3,1,3600.00,1005.4,991.1
2024-02-24T17:00,7.9,0.10,57,-0.1,4.0,0.10,0.00,0.00,51,52,27,33,16,12.4,207,202,22.2,34.9,1,3600.00,1005.9,991.6
2024-02-24T18:00,6.6,0.00,59,-0.7,3.1,0.00,0.00,0.00,2,54,49,8,4,8.7,197,185,19.6,26.3,0,811.45,1006.3,991.9
2024-02-24T19:00,5.4,0.00,63,-1.1,1.5,0.00,0.00,0.00,0,10,9,0,1,10.5,188,172,24.4,21.2,0,0.00,1006.6,992.2
2024-02-24T20:00,4.6,0.00,65,-1.3,0.9,0.00,0.00,0.00,0,1,0,0,1,9.4,197,180,22.6,21.2,0,0.00,1007.0,992.5
2024-02-24T21:00,3.7,0.00,70,-1.3,0.2,0.00,0.00,0.00,0,0,0,0,0,8.0,194,175,21.1,18.4,0,0.00,1007.1,992.6
2024-02-24T22:00,3.1,0.00,74,-1.2,-0.4,0.00,0.00,0.00,0,1,1,0,0,7.9,189,164,20.8,16.2,0,0.00,1007.4,992.8
2024-02-24T23:00,2.6,0.00,76,-1.2,-0.9,0.00,0.00,0.00,0,8,8,0,0,7.7,184,152,19.1,16.6,0,0.00,1007.6,993.0
2024-02-25T00:00,2.0,0.00,78,-1.4,-1.6,0.00,0.00,0.00,3,99,99,0,0,8.4,175,137,18.8,16.6,0,0.00,1007.4,992.8
2024-02-25T01:00,2.1,0.00,77,-1.6,-1.7,0.00,0.00,0.00,2,71,71,0,0,9.7,169,135,20.5,18.7,0,0.00,1007.3,992.7
2024-02-25T02:00,3.4,0.00,70,-1.6,-0.7,0.00,0.00,0.00,3,98,98,0,0,11.8,174,149,26.1,23.0,0,0.00,1007.2,992.6
2024-02-25T03:00,4.0,0.00,67,-1.6,-0.3,0.00,0.00,0.00,3,97,97,1,0,12.8,166,148,27.9,26.6,0,0.00,1006.8,992.3
2024-02-25T04:00,3.9,0.00,70,-1.2,-0.3,0.00,0.00,0.00,3,100,100,8,17,13.0,163,146,28.2,26.3,0,0.00,1006.4,991.9
2024-02-25T05:00,3.9,0.00,71,-0.9,-0.3,0.00,0.00,0.00,3,100,100,49,50,12.7,167,155,27.8,27.0,0,0.00,1006.5,992.0
2024-02-25T06:00,3.5,0.00,74,-0.7,-0.2,0.00,0.00,0.00,3,100,85,64,100,9.9,181,170,23.0,25.6,0,0.00,1006.8,992.3
2024-02-25T07:00,4.2,0.00,71,-0.6,0.6,0.00,0.00,0.00,3,100,70,36,100,9.3,184,167,20.2,20.9,0,0.00,1006.8,992.3
2024-02-25T08:00,4.3,0.00,71,-0.5,0.6,0.00,0.00,0.00,3,87,0,34,86,10.1,192,176,21.3,21.6,1,0.00,1007.0,992.5
2024-02-25T09:00,5.4,0.00,69,0.2,2.0,0.00,0.00,0.00,1,32,0,2,31,8.6,197,182,19.2,22.3,1,2425.20,1007.1,992.6
2024-02-25T10:00,6.6,0.00,66,0.8,3.3,0.00,0.00,0.00,1,35,0,0,35,8.9,204,201,13.4,22.3,1,3600.00,1007.0,992.6
2024-02-25T11:00,7.9,0.00,63,1.2,4.4,0.00,0.00,0.00,1,28,13,0,18,10.8,208,206,15.5,25.2,1,3600.00,1006.7,992.4
2024-02-25T12:00,9.2,0.00,56,0.9,4.8,0.00,0.00,0.00,1,41,0,0,41,16.3,215,215,22.8,36.0,1,3600.00,1006.0,991.8
2024-02-25T13:00,9.7,0.00,57,1.5,5.7,0.00,0.00,0.00,1,38,21,6,19,14.8,214,214,20.5,39.2,1,3600.00,1005.1,990.9
2024-02-25T14:00,9.7,0.10,54,0.8,5.7,0.10,0.00,0.00,51,38,3,22,24,13.4,210,211,18.7,31.3,1,3600.00,1004.7,990.5
2024-02-25T15:00,10.1,0.10,54,1.3,6.7,0.10,0.00,0.00,51,12,0,10,9,10.0,196,195,14.2,29.5,1,3600.00,1003.8,989.6
2024-02-25T16:00,10.2,0.00,52,0.7,7.0,0.00,0.00,0.00,0,9,0,8,1,8.3,178,178,12.2,22.7,1,3600.00,1003.1,988.9
2024-02-25T17:00,9.0,0.00,72,4.2,7.0,0.00,0.00,0.00,0,5,3,2,0,4.1,155,135,7.6,18.7,1,3600.00,1002.4,988.2
2024-02-25T18:00,5.8,0.00,69,0.5,2.8,0.00,0.00,0.00,2,78,56,51,0,6.2,100,80,12.1,10.4,1,1716.32,1001.8,987.4
2024-02-25T19:00,6.0,0.00,68,0.5,2.4,0.00,0.00,0.00,3,97,96,22,0,10.5,100,86,23.4,19.8,0,0.00,1001.3,987.0
2024-02-25T20:00,6.2,0.00,65,0.1,2.1,0.00,0.00,0.00,3,100,100,18,0,13.8,102,96,30.6,27.0,0,0.00,1000.5,986.2
2024-02-25T21:00,6.1,0.00,65,0.0,2.0,0.00,0.00,0.00,3,100,100,97,0,13.5,105,99,30.2,28.1,0,0.00,999.9,985.6
2024-02-25T22:00,7.2,0.00,60,-0.0,2.8,0.00,0.00,0.00,3,100,100,100,0,15.4,105,101,31.0,30.2,0,0.00,999.5,985.2
2024-02-25T23:00,7.3,0.00,59,-0.2,2.8,0.00,0.00,0.00,3,100,100,100,0,15.5,108,103,31.0,31.3,0,0.00,999.2,985.0
2024-02-26T00:00,7.2,0.00,59,-0.2,2.6,0.00,0.00,0.00,3,100,100,100,0,16.7,106,104,31.9,33.5,0,0.00,998.7,984.5
2024-02-26T01:00,7.1,0.00,61,0.1,2.7,0.00,0.00,0.00,3,100,100,100,0,15.7,116,110,29.9,33.5,0,0.00,998.7,984.5
2024-02-26T02:00,7.9,0.10,61,0.9,3.9,0.10,0.00,0.00,51,100,100,100,0,13.7,117,108,27.0,33.1,0,0.00,998.3,984.1
2024-02-26T03:00,7.5,0.30,67,1.8,3.8,0.30,0.00,0.00,51,100,100,100,2,12.7,128,115,25.4,27.7,0,0.00,998.4,984.2
2024-02-26T04:00,6.6,0.70,81,3.7,3.5,0.70,0.00,0.00,53,100,100,100,12,11.3,136,121,24.2,25.6,0,0.00,998.5,984.2
2024-02-26T05:00,6.4,1.00,84,3.9,3.3,1.00,0.00,0.00,55,100,100,100,0,11.1,123,103,22.7,23.0,0,0.00,998.4,984.1
2024-02-26T06:00,6.2,0.80,86,4.0,3.6,0.80,0.00,0.00,53,100,100,100,17,8.2,115,105,19.8,22.0,0,0.00,998.4,984.1
2024-02-26T07:00,6.0,0.60,88,4.2,3.4,0.60,0.00,0.00,53,100,100,100,100,8.2,140,139,18.7,16.9,0,0.00,999.1,984.8
2024-02-26T08:00,6.0,1.20,89,4.3,3.2,1.20,0.00,0.00,55,100,100,100,50,9.5,132,115,19.4,19.1,1,0.00,999.9,985.6
2024-02-26T09:00,6.3,0.40,89,4.6,3.9,0.40,0.00,0.00,51,100,100,100,100,7.6,115,98,16.3,18.7,1,0.00,1000.0,985.7
2024-02-26T10:00,6.6,0.40,89,4.9,4.2,0.40,0.00,0.00,51,100,36,100,60,8.0,109,98,16.4,15.8,1,0.00,1000.5,986.2
2024-02-26T11:00,7.3,0.10,85,4.9,4.5,0.10,0.00,0.00,51,100,100,100,81,10.4,100,88,20.8,20.5,1,0.00,1000.7,986.4
2024-02-26T12:00,8.9,0.00,81,5.7,6.4,0.00,0.00,0.00,3,100,98,68,73,9.4,98,90,17.5,22.0,1,0.00,1000.7,986.5
2024-02-26T13:00,11.4,0.00,65,5.1,8.7,0.00,0.00,0.00,3,100,100,92,8,10.2,116,113,14.0,25.2,1,3600.00,1000.6,986.5
2024-02-26T14:00,13.1,0.00,60,5.5,11.5,0.00,0.00,0.00,3,100,99,59,44,3.6,176,186,4.7,16.6,1,3600.00,1000.9,986.9
2024-02-26T15:00,13.3,0.00,59,5.5,12.1,0.00,0.00,0.00,3,85,73,66,31,0.5,90,45,0.7,12.6,1,3600.00,1001.2,987.2
2024-02-26T16:00,13.1,0.00,60,5.5,11.5,0.00,0.00,0.00,3,100,100,96,46,3.7,70,61,5.4,9.0,1,3600.00,1001.3,987.3
2024-02-26T17:00,12.3,0.00,71,7.1,11.2,0.00,0.00,0.00,3,100,100,60,1,2.5,71,45,7.6,10.1,1,3130.35,1001.8,987.8
2024-02-26T18:00,8.7,0.00,80,5.4,6.6,0.00,0.00,0.00,3,100,100,100,2,6.5,51,19,9.2,9.0,1,0.00,1002.5,988.3
2024-02-26T19:00,9.2,0.00,74,4.7,6.7,0.00,0.00,0.00,3,100,100,100,1,8.3,72,56,20.8,15.1,0,0.00,1003.6,989.4
2024-02-26T20:00,9.1,0.00,70,3.9,6.1,0.00,0.00,0.00,3,100,100,100,2,10.9,75,63,24.3,21.2,0,0.00,1004.5,990.3
2024-02-26T21:00,9.0,0.00,69,3.6,6.1,0.00,0.00,0.00,3,100,100,28,5,9.4,74,58,21.8,22.3,0,0.00,1005.3,991.1
2024-02-26T22:00,8.2,0.00,70,3.1,5.5,0.00,0.00,0.00,3,100,100,100,10,7.9,67,51,20.0,18.7,0,0.00,1006.4,992.1
2024-02-26T23:00,7.9,0.00,72,3.3,5.5,0.00,0.00,0.00,3,100,100,100,9,5.8,75,60,16.8,15.8,0,0.00,1007.4,993.1
2024-02-27T00:00,6.8,0.00,79,3.5,4.4,0.00,0.00,0.00,3,100,100,100,25,5.9,75,47,14.1,11.5,0,0.00,1008.4,994.0
2024-02-27T01:00,6.9,0.00,75,2.8,4.4,0.00,0.00,0.00,3,100,26,100,23,5.9,65,43,16.7,11.5,0,0.00,1008.9,994.5
2024-02-27T02:00,7.2,0.00,83,4.5,5.2,0.00,0.00,0.00,3,100,93,100,16,4.8,64,42,14.8,14.8,0,0.00,1009.3,994.9
2024-02-27T03:00,6.6,0.00,84,4.1,4.2,0.00,0.00,0.00,3,100,93,95,27,6.6,46,22,18.1,13.0,0,0.00,1009.4,995.0
2024-02-27T04:00,5.7,0.00,88,3.9,3.3,0.00,0.00,0.00,3,100,100,36,24,6.1,57,40,19.0,13.3,0,0.00,1009.9,995.4
2024-02-27T05:00,5.4,0.00,88,3.6,2.9,0.00,0.00,0.00,3,100,100,46,13,6.3,54,31,19.1,14.0,0,0.00,1010.5,996.0
2024-02-27T06:00,5.1,0.00,90,3.5,2.7,0.00,0.00,0.00,3,100,100,98,0,5.6,53,27,17.5,14.0,0,0.00,1011.1,996.6
2024-02-27T07:00,5.3,0.00,91,3.9,3.1,0.00,0.00,0.00,3,97,90,70,0,4.7,42,4,14.5,13.0,0,0.00,1011.8,997.3
2024-02-27T08:00,5.3,0.00,91,4.0,2.9,0.00,0.00,0.00,3,80,77,15,0,6.2,39,7,15.9,12.6,1,0.00,1012.5,998.0
2024-02-27T09:00,7.5,0.00,82,4.6,4.8,0.00,0.00,0.00,3,98,98,10,5,9.1,46,34,16.0,21.6,1,3600.00,1012.8,998.4
2024-02-27T10:00,9.1,0.00,77,5.2,6.6,0.00,0.00,0.00,3,97,96,4,26,8.9,44,40,13.0,20.5,1,3600.00,1013.0,998.7
2024-02-27T11:00,10.5,0.00,70,5.3,7.4,0.00,0.00,0.00,3,100,100,5,33,13.1,69,69,18.1,28.8,1,3600.00,1013.2,998.9
2024-02-27T12:00,11.4,0.00,67,5.5,8.4,0.00,0.00,0.00,3,100,100,1,43,12.4,61,60,16.9,28.1,1,3600.00,1013.3,999.1
2024-02-27T13:00,11.9,0.00,64,5.3,8.8,0.00,0.00,0.00,3,100,100,0,47,13.2,46,45,18.6,29.2,1,3600.00,1013.1,998.9
2024-02-27T14:00,11.4,0.10,68,5.7,8.8,0.10,0.00,0.00,51,100,100,66,79,10.7,40,40,15.6,27.0,1,0.00,1013.4,999.2
2024-02-27T15:00,11.9,0.00,63,5.0,8.6,0.00,0.00,0.00,3,100,100,82,48,14.2,28,27,20.8,29.2,1,1159.69,1012.8,998.6
2024-02-27T16:00,11.8,0.00,62,4.6,8.5,0.00,0.00,0.00,3,100,100,60,75,13.2,25,22,19.8,32.0,1,1040.62,1013.0,998.8
2024-02-27T17:00,11.3,0.00,63,4.4,8.6,0.00,0.00,0.00,3,92,2,70,77,9.5,15,11,17.6,29.2,1,1069.78,1013.6,999.4
2024-02-27T18:00,9.8,0.00,68,4.3,7.1,0.00,0.00,0.00,3,88,10,84,22,9.5,18,11,19.4,19.8,1,0.00,1014.4,1000.1
2024-02-27T19:00,9.0,0.00,73,4.4,5.9,0.00,0.00,0.00,3,96,68,88,6,11.9,10,2,23.0,23.0,0,0.00,1015.1,1000.7
2024-02-27T20:00,8.5,0.00,76,4.5,5.6,0.00,0.00,0.00,2,64,2,55,20,10.9,18,8,21.2,24.1,0,0.00,1015.7,1001.3
2024-02-27T21:00,7.1,0.00,83,4.5,4.8,0.00,0.00,0.00,3,99,0,99,31,6.7,32,16,17.5,21.6,0,0.00,1016.6,1002.1
2024-02-27T22:00,7.1,0.00,83,4.4,4.7,0.00,0.00,0.00,1,44,0,0,44,6.8,26,3,15.6,14.0,0,0.00,1017.1,1002.6
2024-02-27T23:00,6.4,0.00,86,4.2,4.2,0.00,0.00,0.00,3,100,0,0,100,5.8,26,360,14.0,14.0,0,0.00,1017.5,1003.0
2024-02-28T00:00,6.3,0.00,86,4.2,4.3,0.00,0.00,0.00,2,55,0,0,55,4.4,28,351,10.6,11.2,0,0.00,1017.9,1003.3
2024-02-28T01:00,4.5,0.00,93,3.5,2.1,0.00,0.00,0.00,1,31,0,0,31,6.2,3,339,11.9,11.2,0,0.00,1018.3,1003.6
2024-02-28T02:00,3.5,0.00,95,2.8,0.9,0.00,0.00,0.00,0,12,0,0,12,6.1,16,3,14.6,13.3,0,0.00,1018.5,1003.8
2024-02-28T03:00,3.0,0.00,95,2.3,0.4,0.00,0.00,0.00,1,24,0,0,24,5.8,22,4,13.6,11.9,0,0.00,1018.9,1004.2
2024-02-28T04:00,2.4,0.00,96,1.8,-0.3,0.00,0.00,0.00,0,9,0,0,9,5.9,3,349,13.7,11.2,0,0.00,1019.7,1004.9
2024-02-28T05:00,1.5,0.00,96,0.9,-1.2,0.00,0.00,0.00,0,0,0,0,0,4.3,5,355,12.3,11.2,0,0.00,1020.4,1005.6
2024-02-28T06:00,0.2,0.00,97,-0.2,-2.8,0.00,0.00,0.00,0,0,0,0,0,6.0,27,17,8.9,9.0,0,0.00,1020.7,1005.8
2024-02-28T07:00,-0.3,0.00,97,-0.7,-3.4,0.00,0.00,0.00,0,2,0,0,2,5.8,16,7,6.7,9.0,0,0.00,1021.5,1006.5
2024-02-28T08:00,1.2,0.00,96,0.7,-1.7,0.00,0.00,0.00,0,15,0,0,15,6.1,358,357,11.2,10.4,1,470.56,1022.2,1007.3
2024-02-28T09:00,3.6,0.00,87,1.7,1.3,0.00,0.00,0.00,1,36,28,0,11,3.1,9,324,9.1,13.0,1,3600.00,1022.7,1007.9
2024-02-28T10:00,6.0,0.00,81,2.9,4.2,0.00,0.00,0.00,0,9,6,0,3,1.3,207,236,0.8,10.1,1,3600.00,1022.6,1008.0
2024-02-28T11:00,7.7,0.00,76,3.7,5.8,0.00,0.00,0.00,2,67,0,0,67,3.3,264,264,3.6,14.4,1,3600.00,1022.6,1008.0
2024-02-28T12:00,8.4,0.00,74,4.0,6.3,0.00,0.00,0.00,3,100,0,0,100,4.8,302,297,5.5,15.8,1,3600.00,1022.6,1008.1
2024-02-28T13:00,9.2,0.00,71,4.2,7.2,0.00,0.00,0.00,2,62,2,0,62,3.9,312,304,4.8,15.8,1,3600.00,1022.4,1007.9
2024-02-28T14:00,9.7,0.00,64,3.3,7.9,0.00,0.00,0.00,2,72,2,0,71,1.6,256,243,1.5,10.1,1,3600.00,1022.8,1008.3
2024-02-28T15:00,10.3,0.00,60,2.9,8.3,0.00,0.00,0.00,3,82,31,0,75,2.9,270,263,2.9,11.5,1,3600.00,1022.1,1007.7
2024-02-28T16:00,10.3,0.00,61,3.0,7.8,0.00,0.00,0.00,3,95,95,0,12,5.4,279,278,6.6,14.4,1,3600.00,1021.9,1007.5
2024-02-28T17:00,9.2,0.00,68,3.5,6.5,0.00,0.00,0.00,3,100,100,0,33,7.8,292,292,11.3,17.6,1,3600.00,1022.1,1007.6
2024-02-28T18:00,6.7,0.00,81,3.6,4.4,0.00,0.00,0.00,3,100,100,0,14,5.5,321,328,13.8,15.8,1,997.44,1022.5,1007.9
2024-02-28T19:00,5.1,0.00,87,3.2,2.7,0.00,0.00,0.00,3,100,100,0,16,5.6,355,27,7.6,10.4,0,0.00,1022.8,1008.1
2024-02-28T20:00,4.3,0.00,88,2.5,1.9,0.00,0.00,0.00,3,100,100,0,0,4.2,45,70,2.5,9.0,0,0.00,1022.5,1007.8
2024-02-28T21:00,3.4,0.00,90,1.9,1.0,0.00,0.00,0.00,3,100,100,0,0,3.7,108,79,2.3,7.2,0,0.00,1022.3,1007.5
2024-02-28T22:00,3.4,0.00,89,1.8,1.0,0.00,0.00,0.00,3,100,100,8,0,3.6,119,90,4.5,6.8,0,0.00,1022.2,1007.4
2024-02-28T23:00,3.1,0.00,90,1.6,0.5,0.00,0.00,0.00,3,100,100,81,0,5.1,138,98,9.7,9.7,0,0.00,1021.9,1007.1
2024-02-29T00:00,3.3,0.00,90,1.8,0.5,0.00,0.00,0.00,2,73,7,73,0,6.8,144,108,14.7,13.0,0,0.00,1021.2,1006.4
2024-02-29T01:00,3.0,0.00,90,1.6,0.1,0.00,0.00,0.00,1,44,0,44,0,6.9,130,99,15.1,13.0,0,0.00,1020.9,1006.1
2024-02-29T02:00,2.0,0.00,92,0.9,-1.0,0.00,0.00,0.00,3,91,0,91,0,6.9,121,99,17.6,13.3,0,0.00,1021.0,1006.2
2024-02-29T03:00,1.6,0.00,94,0.7,-1.5,0.00,0.00,0.00,0,0,0,0,0,7.1,125,105,17.6,13.3,0,0.00,1020.5,1005.7
2024-02-29T04:00,1.2,0.00,94,0.4,-2.0,0.00,0.00,0.00,0,14,14,0,0,7.5,126,107,18.3,14.0,0,0.00,1020.0,1005.1
2024-02-29T05:00,1.0,0.00,94,0.2,-2.2,0.00,0.00,0.00,3,87,86,9,0,7.9,128,114,19.5,15.1,0,0.00,1019.5,1004.6
2024-02-29T06:00,0.7,0.00,95,0.0,-2.5,0.00,0.00,0.00,3,87,86,5,0,7.4,130,119,19.2,15.5,0,0.00,1019.0,1004.1
2024-02-29T07:00,0.4,0.00,96,-0.2,-2.9,0.00,0.00,0.00,3,87,87,0,0,7.7,129,118,18.9,15.5,0,0.00,1018.5,1003.6
2024-02-29T08:00,1.2,0.00,95,0.4,-2.2,0.00,0.00,0.00,2,77,77,0,0,9.0,123,113,18.5,17.3,1,496.23,1018.3,1003.5
2024-02-29T09:00,3.7,0.00,87,1.7,0.8,0.00,0.00,0.00,3,99,99,0,0,6.9,124,118,14.3,18.4,1,3600.00,1017.9,1003.2
2024-02-29T10:00,5.9,0.00,80,2.8,3.5,0.00,0.00,0.00,2,69,69,0,0,5.1,135,141,7.1,16.2,1,3600.00,1017.5,1002.9
2024-02-29T11:00,7.7,0.00,76,3.6,5.5,0.00,0.00,0.00,1,31,31,0,0,4.2,150,160,5.8,15.5,1,3600.00,1016.7,1002.2
2024-02-29T12:00,9.3,0.00,70,4.1,7.4,0.00,0.00,0.00,2,52,52,0,0,3.7,157,169,4.7,15.1,1,3600.00,1015.5,1001.1
2024-02-29T13:00,10.7,0.00,64,4.2,8.8,0.00,0.00,0.00,0,4,4,0,0,3.6,166,180,4.5,14.4,1,3600.00,1014.2,999.9
2024-02-29T14:00,11.4,0.00,60,3.8,9.0,0.00,0.00,0.00,2,53,1,0,52,6.9,168,174,8.8,19.1,1,3600.00,1013.5,999.3
2024-02-29T15:00,11.7,0.00,58,3.6,9.4,0.00,0.00,0.00,1,42,0,0,42,5.9,165,169,8.2,18.7,1,3600.00,1012.2,998.0
2024-02-29T16:00,11.7,0.00,58,3.6,9.3,0.00,0.00,0.00,0,3,0,0,3,5.7,142,145,8.2,16.2,1,3600.00,1011.1,996.9
2024-02-29T17:00,10.9,0.00,67,5.0,9.1,0.00,0.00,0.00,0,0,0,0,0,3.9,125,124,10.1,14.4,1,3600.00,1010.1,995.9
2024-02-29T18:00,7.4,0.00,76,3.4,4.8,0.00,0.00,0.00,0,0,0,0,0,6.9,112,84,12.4,11.2,1,2129.49,1009.3,994.9
2024-02-29T19:00,6.3,0.00,79,3.0,3.8,0.00,0.00,0.00,0,0,0,0,0,5.9,117,79,14.2,11.2,0,0.00,1008.8,994.4
2024-02-29T20:00,5.5,0.00,83,2.8,3.0,0.00,0.00,0.00,0,0,0,0,0,5.9,126,101,16.0,11.2,0,0.00,1008.7,994.2
2024-02-29T21:00,5.4,0.00,86,3.2,2.6,0.00,0.00,0.00,0,0,0,0,0,8.3,129,108,20.7,15.5,0,0.00,1008.4,993.9
2024-02-29T22:00,5.2,0.00,89,3.5,2.2,0.00,0.00,0.00,0,0,0,0,0,9.8,131,114,22.5,18.4,0,0.00,1008.0,993.5
2024-02-29T23:00,4.6,0.00,91,3.3,1.7,0.00,0.00,0.00,0,0,0,0,0,9.5,133,119,21.1,18.7,0,0.00,1007.9,993.4
2024-03-01T00:00,3.8,0.00,93,2.8,1.0,0.00,0.00,0.00,0,0,0,0,0,7.4,143,119,16.7,18.0,0,0.00,1007.8,993.3
2024-03-01T01:00,3.0,0.00,95,2.3,0.3,0.00,0.00,0.00,0,0,0,0,0,6.9,150,118,14.2,13.7,0,0.00,1007.6,993.0
2024-03-01T02:00,2.4,0.00,96,1.8,-0.3,0.00,0.00,0.00,0,14,0,14,0,6.1,151,118,13.5,13.7,0,0.00,1007.8,993.2
2024-03-01T03:00,2.2,0.00,95,1.5,-0.4,0.00,0.00,0.00,0,17,0,17,0,5.2,180,124,12.2,11.5,0,0.00,1007.4,992.8
2024-03-01T04:00,2.5,0.00,94,1.7,-0.2,0.00,0.00,0.00,3,86,0,86,0,5.5,178,122,12.2,11.2,0,0.00,1006.9,992.3
2024-03-01T05:00,3.4,0.00,93,2.4,0.3,0.00,0.00,0.00,3,100,5,100,2,8.9,178,140,18.4,17.3,0,0.00,1007.5,992.9
2024-03-01T06:00,3.5,0.00,94,2.6,0.8,0.00,0.00,0.00,3,100,0,100,6,6.3,193,156,17.0,17.6,0,0.00,1007.9,993.3
2024-03-01T07:00,4.4,0.00,94,3.5,1.7,0.00,0.00,0.00,3,100,30,99,89,7.9,200,177,18.8,16.9,0,0.00,1008.1,993.6
2024-03-01T08:00,5.4,0.00,91,4.0,2.7,0.00,0.00,0.00,3,100,37,100,57,8.3,202,178,17.1,17.6,1,0.00,1008.5,994.0
2024-03-01T09:00,6.3,0.10,89,4.6,3.8,0.10,0.00,0.00,51,100,71,100,18,8.0,191,144,17.2,17.3,1,0.00,1008.5,994.1
2024-03-01T10:00,7.5,0.00,86,5.3,5.2,0.00,0.00,0.00,3,83,0,79,17,7.3,185,169,12.3,18.0,1,0.00,1008.0,993.6
2024-03-01T11:00,9.7,0.00,76,5.7,6.0,0.00,0.00,0.00,3,100,86,100,53,18.1,225,224,25.5,37.8,1,3600.00,1007.9,993.7
2024-03-01T12:00,10.3,0.00,72,5.5,6.7,0.00,0.00,0.00,3,100,100,100,99,16.9,233,232,23.9,38.9,1,2531.81,1008.0,993.8
2024-03-01T13:00,10.6,0.00,69,5.2,7.3,0.00,0.00,0.00,3,100,100,100,73,14.4,234,233,20.1,36.4,1,0.00,1007.9,993.7
2024-03-01T14:00,9.8,0.00,70,4.5,6.7,0.00,0.00,0.00,3,100,89,100,96,12.1,239,240,17.3,29.9,1,0.00,1008.1,993.9
2024-03-01T15:00,10.5,0.00,65,4.3,7.3,0.00,0.00,0.00,3,100,100,100,30,12.5,224,226,17.6,28.4,1,3600.00,1007.5,993.3
2024-03-01T16:00,10.5,0.00,63,3.9,7.4,0.00,0.00,0.00,3,100,100,100,29,11.7,224,225,17.6,27.7,1,2368.23,1007.3,993.1
2024-03-01T17:00,10.1,0.00,66,4.1,7.6,0.00,0.00,0.00,3,100,100,96,36,7.1,223,221,13.8,25.2,1,2125.77,1007.0,992.8
2024-03-01T18:00,7.8,0.00,77,4.1,5.6,0.00,0.00,0.00,2,75,73,12,2,5.2,190,164,12.1,15.1,1,0.00,1006.6,992.3
2024-03-01T19:00,6.4,0.00,83,3.8,4.1,0.00,0.00,0.00,3,95,92,36,2,6.1,171,135,13.8,11.9,0,0.00,1006.7,992.3
2024-03-01T20:00,5.6,0.00,89,3.9,3.0,0.00,0.00,0.00,3,100,100,98,35,8.2,146,119,17.9,15.5,0,0.00,1006.7,992.3
2024-03-01T21:00,5.4,0.00,93,4.3,2.7,0.00,0.00,0.00,3,99,99,8,0,9.3,126,106,20.9,17.6,0,0.00,1006.4,992.0
2024-03-01T22:00,5.2,0.00,94,4.4,2.4,0.00,0.00,0.00,3,98,98,4,0,10.2,128,113,23.6,19.8,0,0.00,1006.3,991.9
2024-03-01T23:00,5.4,0.00,94,4.4,2.5,0.00,0.00,0.00,3,97,96,27,0,10.5,138,117,23.7,20.9,0,0.00,1006.1,991.7
2024-03-02T00:00,5.2,0.00,92,4.1,2.4,0.00,0.00,0.00,3,100,100,3,0,9.3,146,118,21.3,20.9,0,0.00,1005.8,991.4
2024-03-02T01:00,4.8,0.00,92,3.5,2.0,0.00,0.00,0.00,3,100,100,0,0,8.2,152,113,17.1,18.0,0,0.00,1005.5,991.0
2024-03-02T02:00,4.3,0.00,92,3.1,1.5,0.00,0.00,0.00,3,100,100,1,0,8.2,142,105,15.1,15.8,0,0.00,1005.5,991.0
2024-03-02T03:00,3.9,0.00,92,2.6,1.0,0.00,0.00,0.00,3,89,88,5,0,8.3,141,108,16.1,16.6,0,0.00,1005.4,990.9
2024-03-02T04:00,3.3,0.00,92,2.1,0.2,0.00,0.00,0.00,3,100,100,3,0,8.9,147,111,15.9,16.6,0,0.00,1005.1,990.6
2024-03-02T05:00,3.6,0.00,91,2.2,0.4,0.00,0.00,0.00,2,65,60,10,10,9.6,133,103,17.8,18.4,0,0.00,1004.9,990.4
2024-03-02T06:00,3.3,0.00,92,2.1,0.3,0.00,0.00,0.00,2,64,62,2,5,8.5,125,102,17.6,18.4,0,0.00,1005.1,990.6
2024-03-02T07:00,3.1,0.00,93,2.1,-0.1,0.00,0.00,0.00,1,39,38,0,2,9.8,120,98,17.9,18.7,0,0.00,1005.3,990.8
2024-03-02T08:00,4.2,0.00,90,2.8,0.9,0.00,0.00,0.00,1,28,28,0,0,11.2,117,105,21.1,21.2,1,981.58,1005.6,991.1
2024-03-02T09:00,6.7,0.00,84,4.1,3.6,0.00,0.00,0.00,2,77,76,0,6,11.3,114,107,24.0,23.0,1,3600.00,1005.8,991.4
2024-03-02T10:00,9.0,0.00,74,4.7,6.2,0.00,0.00,0.00,2,78,73,5,19,10.6,110,108,17.7,23.8,1,3600.00,1005.8,991.6
2024-03-02T11:00,11.1,0.00,66,4.9,8.3,0.00,0.00,0.00,3,88,87,9,10,10.2,115,113,14.7,24.5,1,3600.00,1005.7,991.6
2024-03-02T12:00,12.9,0.00,57,4.7,10.1,0.00,0.00,0.00,1,34,32,2,1,10.0,122,120,13.6,24.5,1,3600.00,1005.0,991.0
2024-03-02T13:00,14.2,0.00,54,5.0,11.7,0.00,0.00,0.00,3,85,83,4,11,8.4,134,133,11.5,23.8,1,3600.00,1004.2,990.2
2024-03-02T14:00,14.6,0.00,53,5.1,12.1,0.00,0.00,0.00,2,63,43,9,34,8.9,130,130,12.3,22.7,1,3600.00,1003.5,989.6
2024-03-02T15:00,14.8,0.00,52,5.1,11.9,0.00,0.00,0.00,3,91,44,42,80,12.0,132,131,16.8,25.6,1,3600.00,1003.0,989.1
2024-03-02T16:00,14.4,0.00,53,4.9,11.2,0.00,0.00,0.00,3,88,88,3,1,13.7,116,113,20.8,29.5,1,3600.00,1002.6,988.7
2024-03-02T17:00,13.6,0.00,57,5.1,10.9,0.00,0.00,0.00,3,93,90,41,0,9.9,103,100,20.3,29.5,1,3600.00,1002.1,988.1
2024-03-02T18:00,11.4,0.00,62,4.4,8.9,0.00,0.00,0.00,3,100,100,77,0,8.3,104,90,20.8,21.2,1,2260.75,1001.9,987.8
2024-03-02T19:00,11.3,0.00,61,4.1,7.9,0.00,0.00,0.00,3,100,100,100,0,13.7,98,88,29.8,25.9,0,0.00,1001.7,987.6
2024-03-02T20:00,11.4,0.00,63,4.5,8.0,0.00,0.00,0.00,3,100,99,94,0,14.3,103,100,30.3,28.8,0,0.00,1001.6,987.5
2024-03-02T21:00,10.9,0.00,65,4.6,6.7,0.00,0.00,0.00,3,98,84,97,0,20.1,104,100,37.5,39.6,0,0.00,1001.6,987.5
2024-03-02T22:00,10.3,0.00,69,4.9,6.1,0.00,0.00,0.00,3,100,64,100,0,20.5,104,101,37.5,41.4,0,0.00,1001.3,987.2
2024-03-02T23:00,9.9,0.00,71,4.8,5.9,0.00,0.00,0.00,3,100,100,91,0,18.8,106,102,34.9,41.0,0,0.00,1001.3,987.2
2024-03-03T00:00,8.9,0.00,75,4.8,4.8,0.00,0.00,0.00,2,67,67,3,0,19.4,104,100,36.0,38.5,0,0.00,1000.8,986.6
2024-03-03T01:00,8.1,0.00,79,4.7,4.2,0.00,0.00,0.00,3,100,18,100,0,18.4,102,101,35.7,38.2,0,0.00,1000.2,986.0
2024-03-03T02:00,8.0,0.00,83,5.3,6.0,0.00,0.00,0.00,1,28,17,14,0,5.6,100,105,19.4,29.5,0,0.00,1000.1,985.9
2024-03-03T03:00,8.1,0.00,81,4.9,6.1,0.00,0.00,0.00,3,96,91,56,0,4.7,130,176,8.9,13.7,0,0.00,1000.3,986.1
2024-03-03T04:00,6.1,0.00,89,4.3,3.7,0.00,0.00,0.00,3,98,97,17,0,6.7,73,54,16.2,12.6,0,0.00,1000.1,985.8
2024-03-03T05:00,5.5,0.00,90,4.0,2.8,0.00,0.00,0.00,3,100,100,35,0,8.6,79,75,19.4,16.6,0,0.00,999.7,985.4
2024-03-03T06:00,4.9,0.00,92,3.7,2.6,0.00,0.00,0.00,3,100,100,87,0,5.0,83,60,14.9,16.6,0,0.00,1000.0,985.6
2024-03-03T07:00,4.0,0.00,94,3.1,1.8,0.00,0.00,0.00,3,90,85,34,0,4.1,79,38,5.9,10.1,0,0.00,1000.5,986.1
2024-03-03T08:00,4.7,0.00,93,3.7,2.6,0.00,0.00,0.00,3,82,82,4,0,4.2,42,31,4.8,6.8,1,901.30,1000.7,986.3
2024-03-03T09:00,7.3,0.00,83,4.6,5.2,0.00,0.00,0.00,3,100,100,55,0,5.3,43,28,8.4,12.6,1,3600.00,1000.4,986.1
2024-03-03T10:00,9.2,0.00,77,5.3,7.4,0.00,0.00,0.00,2,78,74,66,0,4.3,56,42,7.8,14.4,1,822.56,999.9,985.7
2024-03-03T11:00,11.7,0.00,69,6.2,10.5,0.00,0.00,0.00,3,86,18,83,0,1.4,141,180,2.3,11.9,1,3600.00,1000.0,986.0
2024-03-03T12:00,13.8,0.00,63,6.9,12.3,0.00,0.00,0.00,1,33,31,2,0,4.6,49,39,6.6,15.1,1,3600.00,999.3,985.4
2024-03-03T13:00,15.8,0.00,54,6.5,14.3,0.00,0.00,0.00,2,68,68,1,0,4.6,61,51,6.6,15.1,1,3600.00,998.6,984.8
2024-03-03T14:00,17.0,0.00,48,5.9,14.9,0.00,0.00,0.00,3,100,100,0,0,7.3,98,99,10.5,18.7,1,3600.00,997.9,984.1
2024-03-03T15:00,17.4,0.00,46,5.7,15.3,0.00,0.00,0.00,3,94,94,0,0,7.4,103,104,11.1,18.4,1,3600.00,997.7,984.0
2024-03-03T16:00,17.3,0.00,50,6.7,15.5,0.00,0.00,0.00,3,90,90,0,0,6.9,98,96,12.7,18.0,1,3600.00,998.0,984.3
2024-03-03T17:00,15.8,0.00,69,10.1,15.1,0.00,0.00,0.00,3,90,89,1,0,4.8,90,77,10.4,16.6,1,3600.00,998.2,984.4
2024-03-03T18:00,12.0,0.00,72,7.1,10.2,0.00,0.00,0.00,0,1,0,1,0,6.8,61,32,14.0,11.5,1,2435.25,998.7,984.7
2024-03-03T19:00,11.2,0.00,76,7.1,9.1,0.00,0.00,0.00,0,1,0,1,0,9.4,67,50,22.3,18.0,0,0.00,999.5,985.4
2024-03-03T20:00,10.5,0.00,77,6.6,8.4,0.00,0.00,0.00,0,0,0,0,0,8.9,75,58,23.1,18.4,0,0.00,999.8,985.7
2024-03-03T21:00,8.4,0.00,84,5.9,6.4,0.00,0.00,0.00,0,1,0,1,0,6.4,74,47,16.9,17.6,0,0.00,1000.4,986.2
2024-03-03T22:00,8.8,0.00,80,5.5,7.2,0.00,0.00,0.00,0,0,0,0,0,3.3,56,13,5.2,11.5,0,0.00,1001.2,987.0
2024-03-03T23:00,7.9,0.00,84,5.3,6.4,0.00,0.00,0.00,0,0,0,0,0,2.0,304,45,2.6,5.4,0,0.00,1001.9,987.6
2024-03-04T00:00,4.9,0.00,93,3.9,2.6,0.00,0.00,0.00,3,93,93,0,0,6.1,201,177,8.1,9.4,0,0.00,1002.8,988.4
2024-03-04T01:00,4.6,0.00,97,4.1,2.1,0.00,0.00,0.00,3,100,100,0,0,7.3,235,191,10.6,10.8,0,0.00,1003.7,989.3
2024-03-04T02:00,5.4,0.00,98,5.1,3.4,0.00,0.00,0.00,3,81,81,0,0,5.9,222,191,16.1,13.0,0,0.00,1005.2,990.8
2024-03-04T03:00,4.4,0.00,99,4.2,2.3,0.00,0.00,0.00,3,99,99,0,0,4.8,239,207,12.6,11.2,0,0.00,1005.9,991.4
2024-03-04T04:00,4.6,0.00,99,4.4,2.4,0.00,0.00,0.00,3,100,100,0,38,5.4,293,270,13.7,10.8,0,0.00,1006.7,992.2
2024-03-04T05:00,5.2,0.00,100,5.2,2.8,0.00,0.00,0.00,3,100,100,0,100,8.7,326,308,18.2,17.3,0,0.00,1007.7,993.2
2024-03-04T06:00,5.7,0.00,99,5.6,3.3,0.00,0.00,0.00,3,100,100,0,100,9.3,321,306,16.1,18.4,0,0.00,1008.6,994.1
2024-03-04T07:00,6.0,0.00,99,5.9,3.9,0.00,0.00,0.00,3,100,100,0,100,7.6,302,289,12.8,18.4,0,0.00,1009.4,994.9
2024-03-04T08:00,6.6,0.00,97,6.2,4.3,0.00,0.00,0.00,3,100,93,0,100,8.7,306,300,14.7,17.3,1,0.00,1010.3,995.9
2024-03-04T09:00,7.2,0.00,93,6.2,4.5,0.00,0.00,0.00,3,100,36,0,100,12.0,320,319,17.4,24.8,1,0.00,1010.8,996.4
2024-03-04T10:00,8.1,0.00,89,6.3,5.5,0.00,0.00,0.00,3,100,0,0,100,10.9,314,314,15.0,25.9,1,0.00,1011.3,996.9
2024-03-04T11:00,8.9,0.10,84,6.4,6.6,0.10,0.00,0.00,51,100,0,0,100,9.3,297,298,12.6,23.8,1,0.00,1011.5,997.2
2024-03-04T12:00,9.6,0.10,80,6.4,7.3,0.10,0.00,0.00,51,100,1,0,100,9.3,285,286,12.3,22.0,1,0.00,1011.5,997.2
2024-03-04T13:00,10.2,0.10,77,6.3,7.8,0.10,0.00,0.00,51,100,4,0,100,9.7,284,285,13.0,23.0,1,0.00,1011.6,997.3
2024-03-04T14:00,9.8,0.00,77,5.9,7.9,0.00,0.00,0.00,3,100,99,2,100,5.9,283,284,7.8,18.7,1,0.00,1011.9,997.6
2024-03-04T15:00,10.4,0.00,73,5.9,8.3,0.00,0.00,0.00,3,100,0,2,100,7.3,277,279,9.4,18.0,1,414.49,1011.7,997.4
2024-03-04T16:00,10.3,0.00,73,5.8,8.2,0.00,0.00,0.00,3,100,9,1,100,7.4,306,309,9.8,18.0,1,0.00,1011.5,997.2
2024-03-04T17:00,10.2,0.00,74,5.7,8.3,0.00,0.00,0.00,3,100,24,0,100,6.1,331,332,9.0,16.6,1,0.00,1011.6,997.3
2024-03-04T18:00,9.3,0.00,84,6.8,7.9,0.00,0.00,0.00,3,100,32,0,100,4.0,8,10,7.6,13.7,1,0.00,1011.9,997.6
2024-03-04T19:00,9.6,0.00,76,5.5,8.2,0.00,0.00,0.00,3,100,0,0,100,1.8,41,143,3.8,6.8,0,0.00,1012.1,997.8
2024-03-04T20:00,8.2,0.00,87,6.1,6.7,0.00,0.00,0.00,3,100,9,0,100,3.3,184,174,5.8,5.8,0,0.00,1012.3,997.9
2024-03-04T21:00,8.0,0.00,89,6.3,6.4,0.00,0.00,0.00,3,100,23,0,100,4.8,198,167,9.4,9.0,0,0.00,1012.7,998.3
2024-03-04T22:00,7.6,0.00,94,6.6,6.1,0.00,0.00,0.00,3,100,34,0,100,3.9,207,146,5.6,8.6,0,0.00,1013.0,998.6
2024-03-04T23:00,7.7,0.00,92,6.5,6.5,0.00,0.00,0.00,3,100,38,0,100,1.9,214,112,1.3,5.4,0,0.00,1013.3,998.9
2024-03-05T00:00,7.7,0.00,91,6.4,6.5,0.00,0.00,0.00,3,100,40,5,100,1.8,72,101,2.3,3.6,0,0.00,1013.3,998.9
2024-03-05T01:00,7.4,0.00,94,6.5,6.2,0.00,0.00,0.00,3,100,17,8,100,1.9,108,112,3.4,4.7,0,0.00,1013.3,998.9
2024-03-05T02:00,7.6,0.00,91,6.2,6.5,0.00,0.00,0.00,3,100,22,6,100,0.5,360,225,1.1,3.6,0,0.00,1013.7,999.3
2024-03-05T03:00,7.3,0.10,95,6.5,6.2,0.10,0.00,0.00,51,100,72,8,100,1.1,225,198,1.5,2.9,0,0.00,1013.7,999.3
2024-03-05T04:00,7.1,0.10,97,6.6,6.1,0.10,0.00,0.00,51,100,100,11,100,1.0,180,135,0.7,2.9,0,0.00,1013.8,999.3
2024-03-05T05:00,7.1,0.00,97,6.6,5.6,0.00,0.00,0.00,3,100,100,69,100,4.0,208,190,6.9,7.6,0,0.00,1014.0,999.5
2024-03-05T06:00,6.9,0.00,98,6.6,5.4,0.00,0.00,0.00,3,100,100,87,100,4.3,204,175,8.7,9.0,0,0.00,1014.3,999.8
2024-03-05T07:00,6.7,0.00,98,6.5,5.0,0.00,0.00,0.00,3,100,100,100,100,5.4,203,180,11.8,11.2,1,0.00,1014.3,999.8
2024-03-05T08:00,7.0,0.00,96,6.4,5.1,0.00,0.00,0.00,3,100,58,100,69,6.8,217,198,13.9,13.3,1,0.00,1014.8,1000.3
2024-03-05T09:00,7.4,0.00,92,6.3,5.6,0.00,0.00,0.00,3,100,9,100,100,6.3,216,193,13.4,14.0,1,0.00,1015.0,1000.5
2024-03-05T10:00,8.0,0.00,88,6.2,5.7,0.00,0.00,0.00,3,100,16,96,100,9.0,215,209,15.0,19.4,1,0.00,1015.2,1000.8
2024-03-05T11:00,8.6,0.10,85,6.3,5.4,0.10,0.00,0.00,51,100,18,96,94,15.7,238,238,22.5,32.4,1,0.00,1015.5,1001.1
2024-03-05T12:00,8.9,0.20,84,6.4,5.9,0.20,0.00,0.00,51,100,91,100,100,14.3,243,242,21.1,32.0,1,0.00,1015.7,1001.3
2024-03-05T13:00,8.4,0.50,88,6.5,5.5,0.50,0.00,0.00,53,100,99,100,73,13.4,238,239,19.9,31.3,1,0.00,1015.8,1001.4
2024-03-05T14:00,8.3,0.60,85,6.0,5.6,0.60,0.00,0.00,53,100,41,99,72,11.9,244,245,17.2,27.7,1,0.00,1015.9,1001.5
2024-03-05T15:00,8.2,0.30,86,6.0,5.9,0.30,0.00,0.00,51,100,48,100,18,8.9,239,238,13.4,25.2,1,0.00,1016.0,1001.6
2024-03-05T16:00,8.7,0.10,81,5.5,6.6,0.10,0.00,0.00,51,79,54,52,18,6.3,241,239,9.5,19.1,1,0.00,1015.9,1001.5
2024-03-05T17:00,8.9,0.00,80,5.6,7.3,0.00,0.00,0.00,2,77,5,49,55,3.1,229,216,7.1,14.0,1,701.22,1015.9,1001.5
2024-03-05T18:00,6.9,0.00,87,4.9,4.8,0.00,0.00,0.00,1,26,0,11,17,5.7,194,162,8.9,7.9,1,2508.93,1016.3,1001.8
2024-03-05T19:00,5.2,0.00,89,3.5,2.6,0.00,0.00,0.00,3,100,100,29,4,6.9,206,171,14.0,11.2,0,0.00,1016.7,1002.1
2024-03-05T20:00,4.8,0.00,90,3.3,2.3,0.00,0.00,0.00,2,50,0,46,6,6.5,232,199,15.1,11.5,0,0.00,1016.9,1002.3
2024-03-05T21:00,3.6,0.00,94,2.7,0.8,0.00,0.00,0.00,1,32,2,13,22,7.4,240,194,12.9,11.2,0,0.00,1017.1,1002.4
2024-03-05T22:00,3.5,0.00,94,2.7,0.9,0.00,0.00,0.00,2,62,0,41,36,6.5,242,177,9.8,11.2,0,0.00,1017.4,1002.7
2024-03-05T23:00,4.4,0.00,93,3.3,2.2,0.00,0.00,0.00,3,100,9,100,38,4.0,248,153,6.6,9.4,0,0.00,1017.7,1003.0
2024-03-06T00:00,4.7,0.00,92,3.4,2.9,0.00,0.00,0.00,3,100,54,100,25,1.8,288,127,3.4,6.1,0,0.00,1018.2,1003.6
2024-03-06T01:00,5.3,0.00,90,3.8,3.7,0.00,0.00,0.00,3,99,63,96,8,0.8,333,117,4.0,3.2,0,0.00,1018.3,1003.7
2024-03-06T02:00,6.1,0.00,87,4.1,4.0,0.00,0.00,0.00,3,100,99,100,10,4.3,330,318,7.9,6.5,0,0.00,1018.9,1004.3
2024-03-06T03:00,4.9,0.00,92,3.8,2.7,0.00,0.00,0.00,3,84,24,78,14,4.9,338,343,10.5,8.6,0,0.00,1019.0,1004.4
2024-03-06T04:00,5.7,0.00,88,3.8,3.4,0.00,0.00,0.00,3,100,100,43,25,5.7,340,342,8.4,10.8,0,0.00,1019.1,1004.5
2024-03-06T05:00,3.1,0.00,97,2.6,0.5,0.00,0.00,0.00,3,99,97,56,30,6.1,299,273,7.4,8.6,0,0.00,1019.3,1004.6
2024-03-06T06:00,3.2,0.00,99,3.0,0.9,0.00,0.00,0.00,3,100,100,99,38,5.0,288,270,6.8,9.0,0,0.00,1019.9,1005.2
2024-03-06T07:00,3.9,0.00,99,3.7,1.9,0.00,0.00,0.00,3,100,100,100,45,3.1,309,291,5.1,7.2,1,0.00,1020.5,1005.8
2024-03-06T08:00,4.3,0.00,98,4.0,2.5,0.00,0.00,0.00,3,100,53,100,61,2.4,304,243,3.9,5.8,1,0.00,1021.2,1006.5
2024-03-06T09:00,5.0,0.00,95,4.3,3.1,0.00,0.00,0.00,3,100,4,100,32,3.9,303,292,6.0,10.4,1,365.82,1021.7,1007.0
2024-03-06T10:00,6.1,0.00,90,4.7,4.2,0.00,0.00,0.00,3,99,11,99,42,4.6,315,309,6.6,12.2,1,938.95,1022.1,1007.5
2024-03-06T11:00,8.1,0.00,83,5.3,5.9,0.00,0.00,0.00,3,99,36,64,95,7.1,337,336,9.4,18.4,1,3600.00,1022.2,1007.7
2024-03-06T12:00,9.4,0.10,75,5.2,7.1,0.10,0.00,0.00,51,99,14,98,85,8.1,340,339,10.7,19.8,1,2522.92,1021.9,1007.4
2024-03-06T13:00,9.8,0.00,69,4.4,7.0,0.00,0.00,0.00,3,100,43,98,100,10.2,354,352,14.1,22.7,1,860.01,1021.9,1007.5
2024-03-06T14:00,8.9,0.40,83,6.1,6.9,0.40,0.00,0.00,51,100,34,100,98,6.6,338,331,9.7,16.6,1,0.00,1022.3,1007.8
2024-03-06T15:00,9.2,0.10,81,6.2,7.5,0.10,0.00,0.00,51,100,20,96,100,5.4,331,318,8.2,14.0,1,0.00,1022.1,1007.6
2024-03-06T16:00,9.3,0.10,81,6.2,7.6,0.10,0.00,0.00,51,100,4,100,93,5.4,358,352,9.0,13.0,1,0.00,1022.3,1007.8
2024-03-06T17:00,9.0,0.10,84,6.5,7.5,0.10,0.00,0.00,51,100,0,100,31,4.1,6,345,9.8,11.2,1,0.00,1022.3,1007.8
2024-03-06T18:00,8.1,0.00,87,6.1,6.6,0.00,0.00,0.00,3,100,0,100,35,4.0,360,333,10.8,8.6,1,0.00,1022.7,1008.2
2024-03-06T19:00,7.2,0.00,91,5.8,5.3,0.00,0.00,0.00,3,100,0,99,97,5.3,353,332,12.7,10.4,0,0.00,1023.0,1008.4
2024-03-06T20:00,7.0,0.00,91,5.6,5.0,0.00,0.00,0.00,3,100,75,99,82,6.5,8,360,15.6,12.6,0,0.00,1023.1,1008.5
2024-03-06T21:00,6.7,0.10,90,5.2,4.4,0.10,0.00,0.00,51,96,56,58,83,7.4,19,14,18.7,15.1,0,0.00,1023.1,1008.5
2024-03-06T22:00,6.2,0.00,89,4.5,3.5,0.00,0.00,0.00,2,52,29,20,27,9.2,47,39,23.2,18.7,0,0.00,1023.2,1008.6
2024-03-06T23:00,5.9,0.00,86,3.8,2.7,0.00,0.00,0.00,3,80,71,27,20,11.8,66,63,26.0,23.0,0,0.00,1023.6,1008.9
2024-03-07T00:00,5.3,0.00,85,3.0,2.0,0.00,0.00,0.00,3,97,96,35,34,11.4,72,72,25.4,23.8,0,0.00,1023.9,1009.2
2024-03-07T01:00,4.9,0.00,85,2.6,1.7,0.00,0.00,0.00,1,42,9,19,35,10.5,76,74,23.7,23.0,0,0.00,1024.0,1009.3
2024-03-07T02:00,4.2,0.00,84,1.8,1.3,0.00,0.00,0.00,1,34,0,24,31,6.8,76,65,19.3,18.7,0,0.00,1024.1,1009.3
2024-03-07T03:00,3.6,0.00,84,1.2,0.6,0.00,0.00,0.00,0,19,0,8,17,7.1,75,66,18.6,14.0,0,0.00,1023.8,1009.0
2024-03-07T04:00,2.9,0.00,84,0.5,-0.2,0.00,0.00,0.00,0,7,0,6,1,7.1,77,66,19.2,14.8,0,0.00,1023.5,1008.7
2024-03-07T05:00,2.1,0.00,85,-0.1,-1.0,0.00,0.00,0.00,0,1,0,1,0,6.6,74,61,18.7,14.8,0,0.00,1023.4,1008.5
2024-03-07T06:00,1.5,0.00,86,-0.6,-1.8,0.00,0.00,0.00,0,0,0,0,0,6.9,72,62,18.9,14.4,0,0.00,1023.4,1008.5
2024-03-07T07:00,1.1,0.00,86,-1.0,-2.3,0.00,0.00,0.00,0,0,0,0,0,7.7,70,62,19.9,15.5,1,0.00,1023.4,1008.5
2024-03-07T08:00,2.3,0.00,82,-0.4,-1.3,0.00,0.00,0.00,0,0,0,0,0,9.8,71,66,20.6,19.1,1,2046.04,1023.3,1008.5
2024-03-07T09:00,4.2,0.00,75,0.1,0.8,0.00,0.00,0.00,0,0,0,0,0,8.7,70,66,14.9,19.8,1,3600.00,1023.1,1008.4
2024-03-07T10:00,6.0,0.00,67,0.3,2.4,0.00,0.00,0.00,0,0,0,0,0,10.2,82,80,14.9,24.8,1,3600.00,1022.4,1007.8
2024-03-07T11:00,7.7,0.00,59,0.2,3.6,0.00,0.00,0.00,1,25,0,0,25,14.0,91,91,19.4,31.0,1,3600.00,1022.1,1007.6
2024-03-07T12:00,9.0,0.00,52,-0.3,4.4,0.00,0.00,0.00,1,45,0,0,45,16.1,101,100,22.7,35.3,1,3600.00,1021.4,1006.9
2024-03-07T13:00,9.8,0.00,51,0.2,5.3,0.00,0.00,0.00,2,67,0,0,67,16.2,103,103,22.9,36.4,1,3600.00,1020.8,1006.4
2024-03-07T14:00,9.0,0.00,55,0.3,4.7,0.00,0.00,0.00,3,98,0,0,98,15.2,104,104,21.9,35.3,1,1447.67,1020.7,1006.2
2024-03-07T15:00,9.3,0.00,53,0.1,5.2,0.00,0.00,0.00,3,100,0,0,100,13.4,104,104,19.6,32.8,1,1537.85,1020.2,1005.8
2024-03-07T16:00,9.4,0.00,51,-0.1,5.3,0.00,0.00,0.00,3,100,0,33,100,13.1,101,99,19.4,28.8,1,0.00,1019.8,1005.4
2024-03-07T17:00,9.0,0.00,53,-0.1,5.1,0.00,0.00,0.00,3,96,0,14,96,12.2,92,90,19.8,29.5,1,0.00,1019.4,1005.0
2024-03-07T18:00,8.1,0.00,58,0.4,4.1,0.00,0.00,0.00,3,87,0,0,87,13.2,76,73,23.4,26.6,1,0.00,1019.2,1004.7
2024-03-07T19:00,7.2,0.00,61,0.2,3.2,0.00,0.00,0.00,2,70,0,0,70,12.9,77,72,24.0,27.4,0,0.00,1019.3,1004.8
2024-03-07T20:00,6.2,0.00,65,0.1,2.4,0.00,0.00,0.00,2,79,0,2,79,11.6,78,74,24.3,25.9,0,0.00,1019.0,1004.4
2024-03-07T21:00,6.4,0.00,63,-0.2,2.1,0.00,0.00,0.00,2,67,0,0,67,14.1,88,84,27.4,28.4,0,0.00,1018.7,1004.1
2024-03-07T22:00,6.2,0.00,63,-0.4,1.8,0.00,0.00,0.00,0,10,0,0,10,14.8,91,89,28.1,29.9,0,0.00,1018.5,1003.9
2024-03-07T23:00,5.6,0.00,65,-0.6,0.9,0.00,0.00,0.00,0,0,0,0,0,16.6,96,94,31.8,33.5,0,0.00,1018.4,1003.8
2024-03-08T00:00,5.0,0.00,64,-1.2,0.4,0.00,0.00,0.00,1,44,0,0,44,15.2,98,97,29.8,33.5,0,0.00,1018.0,1003.4
2024-03-08T01:00,4.6,0.00,63,-1.7,-0.0,0.00,0.00,0.00,0,0,0,0,0,15.5,96,93,30.1,31.7,0,0.00,1017.7,1003.1
2024-03-08T02:00,4.3,0.00,66,-1.4,-0.4,0.00,0.00,0.00,0,0,0,0,0,15.8,96,91,30.0,31.7,0,0.00,1017.3,1002.6
2024-03-08T03:00,3.8,0.00,69,-1.4,-1.0,0.00,0.00,0.00,0,0,0,0,0,16.6,96,92,31.5,33.5,0,0.00,1016.7,1002.0
2024-03-08T04:00,3.2,0.00,72,-1.4,-1.6,0.00,0.00,0.00,0,0,0,0,0,16.7,99,96,31.4,33.8,0,0.00,1016.2,1001.5
2024-03-08T05:00,2.6,0.00,75,-1.4,-2.2,0.00,0.00,0.00,0,0,0,0,0,17.1,100,97,32.1,34.6,0,0.00,1015.8,1001.1
2024-03-08T06:00,2.2,0.00,77,-1.4,-2.7,0.00,0.00,0.00,0,0,0,0,0,17.7,98,96,33.1,36.0,0,0.00,1015.6,1000.9
2024-03-08T07:00,2.0,0.00,78,-1.4,-3.1,0.00,0.00,0.00,0,0,0,0,0,18.8,98,97,34.6,38.2,1,0.00,1015.2,1000.5
2024-03-08T08:00,2.8,0.00,77,-0.9,-2.4,0.00,0.00,0.00,0,0,0,0,0,19.6,99,97,34.6,40.7,1,2174.60,1015.2,1000.5
2024-03-08T09:00,4.2,0.00,72,-0.5,-1.0,0.00,0.00,0.00,0,0,0,0,0,20.3,97,96,31.9,41.8,1,3600.00,1014.6,1000.0
2024-03-08T10:00,5.7,0.00,67,0.1,0.8,0.00,0.00,0.00,0,0,0,0,0,19.0,100,100,28.1,43.2,1,3600.00,1013.8,999.3
2024-03-08T11:00,7.3,0.00,63,0.8,2.6,0.00,0.00,0.00,0,0,0,0,0,18.3,100,100,26.7,41.0,1,3600.00,1013.0,998.6
2024-03-08T12:00,8.9,0.00,59,1.2,4.6,0.00,0.00,0.00,0,0,0,0,0,17.3,102,102,25.1,40.3,1,3600.00,1012.2,997.9
2024-03-08T13:00,10.2,0.00,55,1.6,6.2,0.00,0.00,0.00,0,0,0,0,0,16.3,105,104,23.5,38.9,1,3600.00,1011.4,997.1
2024-03-08T14:00,9.5,0.00,56,1.1,5.2,0.00,0.00,0.00,0,11,0,0,11,16.2,107,107,23.0,36.4,1,3600.00,1011.2,996.9
2024-03-08T15:00,10.9,0.00,52,1.4,6.7,0.00,0.00,0.00,0,1,0,0,1,15.4,108,106,22.7,35.6,1,3600.00,1009.9,995.7
2024-03-08T16:00,11.1,0.00,53,2.0,6.9,0.00,0.00,0.00,0,1,0,0,1,16.2,107,107,24.1,34.6,1,3600.00,1009.0,994.8
2024-03-08T17:00,10.7,0.00,56,2.3,6.8,0.00,0.00,0.00,0,0,0,0,0,14.5,107,104,24.8,34.6,1,3600.00,1008.4,994.2
2024-03-08T18:00,9.4,0.00,59,1.7,5.5,0.00,0.00,0.00,0,0,0,0,0,13.5,103,99,27.0,30.2,1,2934.74,1007.9,993.6
2024-03-08T19:00,8.3,0.00,59,0.9,4.1,0.00,0.00,0.00,0,0,0,0,0,14.9,101,98,30.4,29.9,0,0.00,1007.5,993.2
2024-03-08T20:00,8.0,0.00,57,-0.1,3.5,0.00,0.00,0.00,0,0,0,0,0,16.2,102,102,32.1,32.8,0,0.00,1007.2,992.9
2024-03-08T21:00,7.3,0.00,56,-0.9,2.4,0.00,0.00,0.00,0,1,1,0,0,17.7,104,103,33.8,35.3,0,0.00,1007.1,992.7
2024-03-08T22:00,6.6,0.00,56,-1.5,1.5,0.00,0.00,0.00,0,17,16,2,0,18.4,102,101,35.0,37.4,0,0.00,1007.1,992.7
2024-03-08T23:00,5.9,0.00,59,-1.6,1.0,0.00,0.00,0.00,0,7,5,2,0,17.5,101,99,34.5,37.1,0,0.00,1006.7,992.3
2024-03-09T00:00,5.5,0.00,60,-1.8,0.7,0.00,0.00,0.00,3,100,5,100,0,16.3,100,104,32.6,35.3,0,0.00,1006.4,992.0
2024-03-09T01:00,5.5,0.00,58,-2.1,1.1,0.00,0.00,0.00,3,85,21,81,0,13.6,102,102,28.7,32.0,0,0.00,1006.5,992.1
2024-03-09T02:00,4.7,0.00,63,-1.6,0.7,0.00,0.00,0.00,3,100,1,100,0,11.5,110,110,24.9,29.2,0,0.00,1007.3,992.8
2024-03-09T03:00,4.7,0.00,63,-1.6,0.2,0.00,0.00,0.00,3,100,59,100,0,14.6,107,106,27.8,28.4,0,0.00,1006.6,992.1
2024-03-09T04:00,4.7,0.00,65,-1.4,0.6,0.00,0.00,0.00,3,100,55,100,0,12.1,103,100,23.7,28.1,0,0.00,1006.0,991.5
2024-03-09T05:00,4.6,0.00,66,-1.2,0.6,0.00,0.00,0.00,3,100,98,100,0,12.0,95,99,23.9,24.8,0,0.00,1005.6,991.1
2024-03-09T06:00,4.4,0.00,69,-0.9,0.8,0.00,0.00,0.00,3,100,79,100,0,8.7,93,95,18.0,24.5,0,0.00,1005.2,990.7
2024-03-09T07:00,3.5,0.00,75,-0.6,0.4,0.00,0.00,0.00,3,100,100,100,0,5.9,104,104,15.2,17.3,1,0.00,1005.5,991.0
2024-03-09T08:00,4.0,0.00,75,-0.1,0.6,0.00,0.00,0.00,3,100,100,50,0,8.6,89,75,21.6,18.0,1,0.00,1005.8,991.3
2024-03-09T09:00,5.4,0.00,72,0.7,2.1,0.00,0.00,0.00,0,0,0,0,0,8.7,87,85,16.2,20.5,1,805.19,1005.1,990.7
2024-03-09T10:00,7.8,0.00,66,1.8,4.7,0.00,0.00,0.00,0,1,0,1,0,8.7,107,107,12.4,22.0,1,3600.00,1005.1,990.8
2024-03-09T11:00,10.0,0.00,61,2.8,6.9,0.00,0.00,0.00,0,3,3,0,0,9.8,99,96,13.8,24.1,1,3600.00,1004.3,990.1
2024-03-09T12:00,12.3,0.00,55,3.6,9.5,0.00,0.00,0.00,1,37,37,0,0,9.5,103,101,13.3,24.5,1,3600.00,1003.6,989.5
2024-03-09T13:00,14.0,0.00,51,4.2,11.3,0.00,0.00,0.00,1,27,27,0,0,10.4,106,104,14.6,25.6,1,3600.00,1002.4,988.4
2024-03-09T14:00,14.8,0.00,48,3.9,11.8,0.00,0.00,0.00,3,99,99,0,0,11.4,108,108,16.3,27.4,1,3600.00,1001.6,987.7
2024-03-09T15:00,15.0,0.00,49,4.3,11.6,0.00,0.00,0.00,3,99,99,0,0,13.8,110,110,20.3,30.6,1,3600.00,1000.8,986.9
2024-03-09T16:00,15.1,0.00,49,4.6,11.9,0.00,0.00,0.00,3,100,100,16,0,12.8,101,100,20.2,30.6,1,3600.00,1000.3,986.4
2024-03-09T17:00,14.3,0.00,52,4.6,11.5,0.00,0.00,0.00,3,100,100,92,0,10.1,96,92,20.6,27.4,1,3501.09,999.8,985.9
2024-03-09T18:00,13.1,0.00,52,3.6,9.8,0.00,0.00,0.00,3,100,100,93,0,12.2,94,88,26.7,24.5,1,0.00,999.7,985.7
2024-03-09T19:00,12.8,0.00,50,2.6,8.9,0.00,0.00,0.00,3,100,100,83,0,15.2,98,95,30.9,29.9,0,0.00,999.8,985.8
2024-03-09T20:00,12.2,0.00,50,2.0,8.0,0.00,0.00,0.00,3,100,100,62,0,16.3,99,96,33.1,32.4,0,0.00,999.3,985.3
2024-03-09T21:00,11.7,0.00,51,1.8,7.4,0.00,0.00,0.00,3,100,100,0,0,16.9,94,92,34.3,33.8,0,0.00,998.5,984.5
2024-03-09T22:00,10.6,0.00,54,1.6,6.4,0.00,0.00,0.00,3,100,100,65,0,15.8,92,91,33.9,33.5,0,0.00,998.3,984.2
2024-03-09T23:00,10.1,0.00,56,1.7,5.8,0.00,0.00,0.00,3,100,100,0,0,16.6,94,95,34.3,33.1,0,0.00,997.9,983.8
2024-03-10T00:00,9.5,0.00,59,2.0,5.2,0.00,0.00,0.00,3,100,100,0,0,16.9,94,92,34.3,33.1,0,0.00,997.7,983.6
2024-03-10T01:00,8.9,0.00,63,2.2,4.7,0.00,0.00,0.00,3,100,100,6,0,16.7,96,96,33.6,33.1,0,0.00,997.3,983.2
2024-03-10T02:00,9.2,0.00,60,1.9,4.8,0.00,0.00,0.00,3,100,100,0,0,17.6,91,89,34.9,34.6,0,0.00,996.8,982.7
2024-03-10T03:00,9.1,0.00,59,1.6,4.8,0.00,0.00,0.00,3,100,100,53,0,16.6,91,94,34.2,34.6,0,0.00,996.2,982.1
2024-03-10T04:00,8.9,0.00,59,1.3,4.5,0.00,0.00,0.00,3,100,100,85,0,16.9,91,90,33.8,34.2,0,0.00,995.5,981.4
2024-03-10T05:00,8.9,0.00,58,1.1,5.1,0.00,0.00,0.00,3,100,100,100,0,12.6,94,88,28.5,33.8,0,0.00,994.9,980.8
2024-03-10T06:00,8.5,0.00,59,0.9,4.3,0.00,0.00,0.00,3,100,100,1,0,15.2,87,83,31.0,30.6,0,0.00,994.3,980.2
2024-03-10T07:00,8.0,0.00,61,0.9,3.3,0.00,0.00,0.00,3,100,100,1,0,18.4,88,86,35.3,36.0,1,0.00,994.2,980.1
2024-03-10T08:00,8.5,0.00,61,1.3,4.2,0.00,0.00,0.00,3,100,100,26,0,16.2,94,94,32.1,36.4,1,0.00,994.7,980.6
2024-03-10T09:00,9.6,0.00,61,2.5,5.7,0.00,0.00,0.00,3,100,100,1,0,14.9,86,75,35.0,34.9,1,2596.83,994.0,979.9
2024-03-10T10:00,11.6,0.00,57,3.5,8.1,0.00,0.00,0.00,3,100,100,0,0,13.9,84,80,22.8,31.0,1,3600.00,993.4,979.5
2024-03-10T11:00,13.7,0.00,52,4.1,10.7,0.00,0.00,0.00,3,100,100,0,0,10.8,103,105,16.2,32.0,1,3600.00,993.3,979.5
2024-03-10T12:00,15.0,0.00,51,4.8,12.6,0.00,0.00,0.00,3,100,100,0,0,7.5,108,107,10.6,25.6,1,3600.00,993.3,979.5
2024-03-10T13:00,16.0,0.00,49,5.3,14.2,0.00,0.00,0.00,3,97,97,2,0,4.4,120,125,5.8,19.1,1,3600.00,993.0,979.3
2024-03-10T14:00,14.5,0.00,53,5.1,12.5,0.00,0.00,0.00,3,100,100,9,0,5.4,125,127,7.5,20.9,1,3600.00,994.2,980.4
2024-03-10T15:00,14.6,0.00,53,5.2,13.0,0.00,0.00,0.00,3,100,100,38,0,3.0,153,166,4.0,15.5,1,2132.95,994.1,980.3
2024-03-10T16:00,13.7,0.00,56,5.2,11.4,0.00,0.00,0.00,3,100,100,99,0,7.6,238,239,13.1,16.6,1,0.00,994.3,980.4
2024-03-10T17:00,11.6,0.00,65,5.3,8.9,0.00,0.00,0.00,3,100,100,100,1,11.0,233,229,19.0,23.8,1,0.00,995.1,981.1
2024-03-10T18:00,10.3,0.10,74,5.8,8.3,0.10,0.00,0.00,51,100,100,100,0,6.5,249,251,15.0,22.7,1,0.00,995.2,981.2
2024-03-10T19:00,9.0,0.30,83,6.3,6.4,0.30,0.00,0.00,51,100,100,99,35,11.2,230,222,22.5,19.4,0,0.00,995.9,981.8
2024-03-10T20:00,8.6,0.30,89,6.9,5.7,0.30,0.00,0.00,51,100,100,100,100,14.3,234,229,26.8,28.4,0,0.00,996.4,982.3
2024-03-10T21:00,8.5,0.90,92,7.4,5.6,0.90,0.00,0.00,53,100,100,100,100,15.3,243,240,27.4,30.6,0,0.00,996.5,982.4
2024-03-10T22:00,8.1,2.20,92,6.8,4.0,2.20,0.00,0.00,61,100,100,100,99,22.7,228,226,38.0,45.4,0,0.00,997.7,983.5
2024-03-10T23:00,7.5,3.50,91,6.1,3.7,3.50,0.00,0.00,63,100,100,100,100,18.9,233,230,32.6,46.1,0,0.00,998.8,984.6
2024-03-11T00:00,7.4,2.40,90,5.9,4.2,2.40,0.00,0.00,61,100,100,100,100,14.6,240,237,26.3,38.5,0,0.00,999.0,984.8
2024-03-11T01:00,7.3,1.10,93,6.3,4.2,1.10,0.00,0.00,55,100,100,100,100,14.6,218,213,25.9,29.9,0,0.00,999.1,984.9
2024-03-11T02:00,7.6,0.40,94,6.7,4.6,0.40,0.00,0.00,51,100,29,100,99,14.8,220,219,25.3,30.2,0,0.00,1000.7,986.5
2024-03-11T03:00,7.5,1.00,92,6.3,4.2,1.00,0.00,0.00,55,100,82,100,95,16.2,217,217,27.5,32.4,0,0.00,1001.1,986.8
2024-03-11T04:00,7.4,1.60,94,6.6,4.2,1.60,0.00,0.00,61,100,100,100,62,15.8,219,215,27.7,32.8,0,0.00,1001.4,987.1
2024-03-11T05:00,7.3,0.40,94,6.4,4.2,0.40,0.00,0.00,51,99,97,45,20,15.0,226,222,27.0,32.8,0,0.00,1001.9,987.6
2024-03-11T06:00,7.0,0.10,93,5.9,3.9,0.10,0.00,0.00,51,100,100,70,73,13.7,220,215,25.0,31.0,0,0.00,1002.4,988.1
2024-03-11T07:00,6.8,0.10,92,5.7,3.7,0.10,0.00,0.00,51,100,100,5,64,14.2,222,216,25.5,29.5,1,0.00,1003.0,988.7
2024-03-11T08:00,6.7,0.00,91,5.4,3.7,0.00,0.00,0.00,3,98,97,24,17,12.6,223,217,22.7,29.2,1,20.55,1004.0,989.7
2024-03-11T09:00,7.8,0.00,85,5.4,4.8,0.00,0.00,0.00,3,92,67,65,26,13.0,223,222,19.4,34.2,1,3600.00,1004.8,990.5
2024-03-11T10:00,8.7,0.00,81,5.5,5.7,0.00,0.00,0.00,3,100,100,9,13,12.8,220,220,18.4,29.5,1,3600.00,1005.5,991.2
2024-03-11T11:00,10.1,0.00,71,5.2,6.6,0.00,0.00,0.00,3,100,100,7,35,15.6,231,232,21.8,34.6,1,3600.00,1005.7,991.5
2024-03-11T12:00,11.0,0.00,65,4.7,7.6,0.00,0.00,0.00,3,100,100,9,22,14.7,233,234,20.3,34.9,1,3600.00,1005.8,991.7
2024-03-11T13:00,11.9,0.00,59,4.2,8.4,0.00,0.00,0.00,1,29,17,5,12,14.0,241,241,19.3,33.1,1,3600.00,1005.9,991.8
2024-03-11T14:00,12.5,0.20,58,4.5,8.9,0.20,0.00,0.00,51,19,0,14,9,15.9,237,237,22.4,34.6,1,3600.00,1006.0,991.9
2024-03-11T15:00,13.0,0.30,53,3.7,9.4,0.30,0.00,0.00,51,29,0,29,1,14.6,236,237,20.8,34.9,1,3600.00,1006.3,992.2
2024-03-11T16:00,12.9,0.10,52,3.2,9.5,0.10,0.00,0.00,51,34,0,18,20,12.4,241,240,18.5,31.7,1,3600.00,1006.8,992.7
2024-03-11T17:00,12.5,0.00,53,3.3,9.3,0.00,0.00,0.00,0,13,0,5,10,10.8,245,244,18.7,27.0,1,3600.00,1007.3,993.2
2024-03-11T18:00,10.6,0.00,63,3.8,8.0,0.00,0.00,0.00,0,7,0,4,4,7.8,257,257,19.2,22.7,1,3227.36,1008.0,993.8
2024-03-11T19:00,9.0,0.00,69,3.6,6.1,0.00,0.00,0.00,0,6,0,6,0,9.0,252,247,22.8,18.0,0,0.00,1008.9,994.6
2024-03-11T20:00,7.7,0.00,76,3.7,5.2,0.00,0.00,0.00,0,0,0,0,0,7.4,240,231,21.1,18.4,0,0.00,1009.7,995.3
2024-03-11T21:00,6.7,0.00,82,3.8,4.2,0.00,0.00,0.00,0,0,0,0,0,7.2,233,217,20.3,15.5,0,0.00,1010.8,996.4
2024-03-11T22:00,6.0,0.00,85,3.8,3.6,0.00,0.00,0.00,0,0,0,0,0,6.8,233,212,19.8,14.8,0,0.00,1011.4,996.9
2024-03-11T23:00,5.5,0.00,88,3.6,3.0,0.00,0.00,0.00,0,0,0,0,0,7.1,220,195,19.4,14.4,0,0.00,1012.2,997.7
2024-03-12T00:00,5.3,0.00,89,3.6,2.5,0.00,0.00,0.00,0,4,0,0,4,8.8,218,199,22.0,17.3,0,0.00,1012.9,998.4
2024-03-12T01:00,5.2,0.00,89,3.6,2.4,0.00,0.00,0.00,0,8,0,0,8,8.7,224,210,22.7,18.4,0,0.00,1013.1,998.6
2024-03-12T02:00,5.8,0.00,88,3.9,2.9,0.00,0.00,0.00,1,22,0,22,4,10.0,229,221,24.5,20.9,0,0.00,1013.4,998.9
2024-03-12T03:00,5.5,0.00,89,3.8,2.6,0.00,0.00,0.00,1,21,0,10,19,9.7,231,222,23.6,20.9,0,0.00,1013.6,999.1
2024-03-12T04:00,5.2,0.00,91,3.9,2.3,0.00,0.00,0.00,2,52,0,9,50,10.2,229,219,23.5,20.9,0,0.00,1013.8,999.2
2024-03-12T05:00,5.5,0.00,90,4.0,2.5,0.00,0.00,0.00,2,56,0,31,53,10.5,221,211,22.5,21.2,0,0.00,1014.2,999.7
2024-03-12T06:00,5.6,0.00,92,4.3,2.7,0.00,0.00,0.00,3,97,0,95,86,10.3,220,209,21.7,21.6,0,0.00,1015.1,1000.5
2024-03-12T07:00,6.1,0.20,90,4.6,3.1,0.20,0.00,0.00,51,100,0,100,49,11.3,224,217,21.6,22.3,1,0.00,1015.8,1001.3
2024-03-12T08:00,6.8,0.00,90,5.2,3.8,0.00,0.00,0.00,2,62,0,46,50,12.5,226,221,20.9,24.8,1,0.00,1016.5,1002.0
2024-03-12T09:00,8.2,0.00,85,5.8,5.4,0.00,0.00,0.00,2,72,0,33,69,12.0,239,237,17.3,27.0,1,3512.00,1016.9,1002.5
2024-03-12T10:00,9.3,0.00,78,5.7,6.6,0.00,0.00,0.00,3,97,0,55,95,11.6,249,248,16.2,29.9,1,3600.00,1017.1,1002.7
2024-03-12T11:00,10.3,0.10,71,5.3,7.4,0.10,0.00,0.00,51,93,0,77,83,12.2,251,251,16.7,30.6,1,2636.59,1017.2,1002.9
2024-03-12T12:00,10.4,0.10,67,4.5,6.9,0.10,0.00,0.00,51,93,0,66,90,15.0,259,259,21.3,33.1,1,1652.06,1017.0,1002.7
2024-03-12T13:00,10.3,0.20,71,5.3,7.0,0.20,0.00,0.00,51,100,0,51,100,14.4,247,248,20.7,33.8,1,3600.00,1017.2,1002.9
2024-03-12T14:00,9.8,0.10,79,6.3,6.8,0.10,0.00,0.00,51,97,0,96,29,14.2,249,249,19.7,33.1,1,3600.00,1017.9,1003.5
2024-03-12T15:00,9.0,0.50,80,5.7,6.1,0.50,0.00,0.00,53,99,0,98,34,12.4,236,234,17.9,34.6,1,1831.13,1018.1,1003.7
2024-03-12T16:00,9.5,0.00,76,5.5,6.7,0.00,0.00,0.00,3,92,0,90,38,11.3,241,239,16.4,28.8,1,0.00,1018.2,1003.8
2024-03-12T17:00,9.4,0.00,74,5.0,6.9,0.00,0.00,0.00,3,93,4,91,31,8.9,241,238,14.0,28.4,1,523.08,1018.0,1003.6
2024-03-12T18:00,8.8,0.00,78,5.2,6.6,0.00,0.00,0.00,3,100,39,100,100,7.1,208,195,14.3,18.0,1,0.00,1017.8,1003.4
2024-03-12T19:00,8.2,0.20,83,5.6,5.6,0.20,0.00,0.00,51,100,100,100,100,10.5,205,196,20.3,20.9,0,0.00,1018.1,1003.6
2024-03-12T20:00,7.9,0.60,91,6.6,5.5,0.60,0.00,0.00,53,100,100,100,84,10.3,225,216,20.4,22.0,0,0.00,1018.3,1003.8
2024-03-12T21:00,7.7,0.70,93,6.6,5.3,0.70,0.00,0.00,53,100,100,100,99,10.5,234,229,20.6,21.2,0,0.00,1018.5,1004.0
2024-03-12T22:00,7.6,1.30,92,6.4,4.9,1.30,0.00,0.00,61,100,100,100,100,12.3,234,230,21.9,25.2,0,0.00,1018.7,1004.2
2024-03-12T23:00,7.1,1.70,91,5.8,4.3,1.70,0.00,0.00,61,100,100,100,100,12.0,224,219,21.9,24.8,0,0.00,1018.4,1003.9
2024-03-13T00:00,7.0,2.30,91,5.7,4.5,2.30,0.00,0.00,61,100,100,100,100,9.9,201,190,19.3,24.5,0,0.00,1018.0,1003.5
2024-03-13T01:00,7.0,2.90,91,5.6,4.3,2.90,0.00,0.00,63,100,0,100,100,10.7,159,140,18.9,22.3,0,0.00,1017.1,1002.6
2024-03-13T02:00,7.3,1.10,93,6.2,5.3,1.10,0.00,0.00,55,100,0,100,100,6.6,182,151,12.2,18.0,0,0.00,1016.8,1002.3
2024-03-13T03:00,7.2,1.20,94,6.3,5.0,1.20,0.00,0.00,55,100,0,100,100,8.4,143,121,13.9,15.8,0,0.00,1016.6,1002.1
2024-03-13T04:00,7.1,0.90,94,6.2,4.8,0.90,0.00,0.00,53,100,14,100,100,8.6,137,123,15.3,16.2,0,0.00,1016.4,1001.9
2024-03-13T05:00,7.0,0.60,94,6.1,4.8,0.60,0.00,0.00,53,100,0,100,100,8.5,140,126,16.1,16.9,0,0.00,1016.4,1001.9
2024-03-13T06:00,7.0,0.30,95,6.2,5.0,0.30,0.00,0.00,51,100,0,100,100,7.3,147,123,13.8,16.6,0,0.00,1016.7,1002.2
2024-03-13T07:00,7.2,0.00,94,6.3,5.2,0.00,0.00,0.00,3,100,2,100,100,7.2,154,127,12.4,14.4,1,0.00,1017.0,1002.5
2024-03-13T08:00,7.5,0.00,95,6.7,5.6,0.00,0.00,0.00,3,100,0,100,100,6.9,163,137,11.3,13.7,1,0.00,1017.4,1002.9
2024-03-13T09:00,7.9,0.60,96,7.3,6.4,0.60,0.00,0.00,53,100,0,82,100,5.8,156,150,7.9,13.0,1,0.00,1017.8,1003.3
2024-03-13T10:00,8.5,1.20,96,7.9,7.0,1.20,0.00,0.00,55,100,1,71,100,6.0,174,163,7.2,13.0,1,0.00,1018.2,1003.7
2024-03-13T11:00,9.9,0.10,93,8.8,8.5,0.10,0.00,0.00,51,98,11,66,95,6.8,202,198,8.6,16.9,1,0.00,1018.5,1004.1
2024-03-13T12:00,11.1,0.00,89,9.3,9.7,0.00,0.00,0.00,3,100,87,100,100,7.9,229,231,11.0,18.7,1,0.00,1018.5,1004.2
2024-03-13T13:00,11.4,0.00,89,9.7,10.3,0.00,0.00,0.00,3,100,61,100,100,7.1,241,240,10.3,18.7,1,0.00,1018.4,1004.1
2024-03-13T14:00,11.8,0.00,88,10.0,10.8,0.00,0.00,0.00,3,100,32,98,100,6.9,241,242,9.5,18.0,1,0.00,1018.0,1003.7
2024-03-13T15:00,11.8,0.10,90,10.1,10.9,0.10,0.00,0.00,51,100,11,100,100,6.5,217,214,9.5,16.2,1,0.00,1017.9,1003.6
2024-03-13T16:00,11.8,0.00,91,10.3,10.7,0.00,0.00,0.00,3,100,30,100,100,7.9,184,180,11.5,16.6,1,0.00,1017.8,1003.5
2024-03-13T17:00,11.8,0.00,92,10.5,10.9,0.00,0.00,0.00,3,100,82,87,89,7.1,177,165,11.9,17.6,1,0.00,1017.8,1003.5
2024-03-13T18:00,11.4,0.00,94,10.5,10.9,0.00,0.00,0.00,3,98,92,45,54,4.2,201,149,10.0,14.4,1,178.35,1017.8,1003.5
2024-03-13T19:00,9.9,0.00,95,9.2,9.0,0.00,0.00,0.00,3,100,90,92,72,4.7,231,171,9.2,8.6,0,0.00,1018.0,1003.6
2024-03-13T20:00,10.1,0.00,94,9.1,9.2,0.00,0.00,0.00,3,100,94,99,77,4.7,253,212,12.1,9.0,0,0.00,1018.1,1003.7
2024-03-13T21:00,10.2,0.00,91,8.9,9.2,0.00,0.00,0.00,3,100,100,99,20,4.7,249,212,12.0,9.4,0,0.00,1018.2,1003.8
2024-03-13T22:00,9.7,0.00,92,8.4,8.4,0.00,0.00,0.00,3,100,100,62,21,5.8,222,187,13.5,11.2,0,0.00,1018.2,1003.8
2024-03-13T23:00,8.9,0.00,94,8.0,7.6,0.00,0.00,0.00,3,100,100,43,20,5.4,216,180,14.2,11.2,0,0.00,1018.2,1003.8
2024-03-14T00:00,8.1,0.00,96,7.5,6.7,0.00,0.00,0.00,3,100,100,42,31,5.1,213,176,13.8,10.4,0,0.00,1018.3,1003.8
2024-03-14T01:00,8.1,0.00,96,7.6,6.7,0.00,0.00,0.00,3,100,100,44,35,5.1,211,172,13.4,10.1,0,0.00,1018.1,1003.6
2024-03-14T02:00,9.4,0.00,96,8.8,8.5,0.00,0.00,0.00,3,100,100,13,100,4.3,214,180,12.2,11.2,0,0.00,1018.0,1003.6
2024-03-14T03:00,9.2,0.00,96,8.6,8.3,0.00,0.00,0.00,3,100,100,98,98,3.6,222,174,9.7,9.4,0,0.00,1017.5,1003.1
2024-03-14T04:00,9.1,0.00,97,8.6,8.2,0.00,0.00,0.00,3,100,100,68,33,3.7,211,151,7.6,7.2,0,0.00,1017.1,1002.7
2024-03-14T05:00,8.7,0.00,97,8.3,7.6,0.00,0.00,0.00,3,100,100,33,8,4.3,189,132,7.3,8.3,0,0.00,1016.8,1002.4
2024-03-14T06:00,7.8,0.00,98,7.5,6.6,0.00,0.00,0.00,3,100,100,23,13,4.1,180,135,9.0,8.3,0,0.00,1016.8,1002.3
2024-03-14T07:00,7.4,0.00,98,7.1,6.0,0.00,0.00,0.00,3,100,100,21,17,4.6,182,135,10.4,8.6,1,0.00,1016.9,1002.4
2024-03-14T08:00,8.4,0.00,98,8.1,6.8,0.00,0.00,0.00,3,100,100,12,8,7.2,164,127,10.5,13.3,1,277.19,1016.8,1002.4
2024-03-14T09:00,10.1,0.00,95,9.4,9.0,0.00,0.00,0.00,3,99,99,1,9,6.6,154,151,10.0,15.8,1,3600.00,1016.9,1002.5
2024-03-14T10:00,11.9,0.00,85,9.4,10.6,0.00,0.00,0.00,3,98,97,10,38,7.7,167,169,10.0,19.4,1,3600.00,1016.8,1002.5
2024-03-14T11:00,13.7,0.00,74,9.2,12.3,0.00,0.00,0.00,3,83,36,60,33,7.9,178,183,10.4,20.5,1,3600.00,1016.5,1002.3
2024-03-14T12:00,15.1,0.00,67,9.0,13.8,0.00,0.00,0.00,3,96,42,93,14,6.8,196,198,9.3,20.9,1,3600.00,1016.0,1001.9
2024-03-14T13:00,16.1,0.00,64,9.2,14.9,0.00,0.00,0.00,3,90,12,89,0,7.1,203,204,9.4,19.8,1,3600.00,1015.4,1001.4
2024-03-14T14:00,16.4,0.00,62,9.2,15.0,0.00,0.00,0.00,3,100,100,99,0,8.1,198,201,10.6,21.2,1,3600.00,1014.6,1000.6
2024-03-14T15:00,16.5,0.00,60,8.7,15.1,0.00,0.00,0.00,3,100,100,99,1,7.2,195,198,9.7,20.9,1,3600.00,1014.0,1000.0
2024-03-14T16:00,16.3,0.00,61,8.8,15.0,0.00,0.00,0.00,3,100,99,82,0,6.2,187,190,8.7,18.0,1,2237.26,1013.3,999.3
2024-03-14T17:00,15.8,0.00,69,10.1,15.4,0.00,0.00,0.00,3,85,85,0,2,3.4,165,162,8.2,15.1,1,3195.61,1012.7,998.7
2024-03-14T18:00,13.2,0.00,81,9.9,12.3,0.00,0.00,0.00,3,84,82,4,12,6.1,164,152,7.9,9.0,1,3514.70,1012.4,998.3
2024-03-14T19:00,11.6,0.00,82,8.6,10.4,0.00,0.00,0.00,3,100,100,0,3,6.0,178,147,11.9,10.8,0,0.00,1012.7,998.5
2024-03-14T20:00,10.4,0.00,85,8.0,8.8,0.00,0.00,0.00,3,100,100,0,0,7.2,192,143,10.3,11.2,0,0.00,1012.7,998.4
2024-03-14T21:00,10.3,0.00,84,7.6,8.8,0.00,0.00,0.00,3,94,94,2,0,6.0,195,147,11.2,11.2,0,0.00,1012.6,998.3
2024-03-14T22:00,10.5,0.00,85,8.0,9.0,0.00,0.00,0.00,3,89,89,2,0,6.5,192,146,15.8,12.6,0,0.00,1012.4,998.1
2024-03-14T23:00,10.3,0.00,87,8.2,8.5,0.00,0.00,0.00,3,100,100,0,0,9.0,203,178,21.9,17.6,0,0.00,1012.7,998.4
2024-03-15T00:00,9.7,0.00,90,8.1,7.9,0.00,0.00,0.00,3,100,100,0,8,8.6,210,182,21.3,18.0,0,0.00,1012.9,998.6
2024-03-15T01:00,9.3,0.00,91,7.9,7.6,0.00,0.00,0.00,3,100,100,0,0,8.3,213,180,20.6,17.6,0,0.00,1012.8,998.5
2024-03-15T02:00,8.9,0.00,90,7.4,7.2,0.00,0.00,0.00,3,100,100,2,0,7.2,221,183,19.9,15.1,0,0.00,1012.6,998.3
2024-03-15T03:00,9.1,0.00,89,7.4,7.4,0.00,0.00,0.00,3,100,100,93,2,7.2,219,186,20.2,16.2,0,0.00,1012.4,998.1
2024-03-15T04:00,9.8,0.00,87,7.7,8.0,0.00,0.00,0.00,3,89,82,41,0,8.6,208,178,20.5,17.6,0,0.00,1012.3,998.0
2024-03-15T05:00,9.3,0.00,88,7.4,7.3,0.00,0.00,0.00,3,90,90,1,0,9.0,209,180,22.2,18.4,0,0.00,1012.5,998.2
2024-03-15T06:00,9.0,0.00,87,6.9,6.7,0.00,0.00,0.00,0,13,5,8,2,10.6,221,204,26.0,21.6,0,0.00,1013.0,998.6
2024-03-15T07:00,8.9,0.00,85,6.5,6.4,0.00,0.00,0.00,1,24,16,9,2,11.4,220,208,27.1,23.0,1,0.00,1013.3,998.9
2024-03-15T08:00,10.3,0.00,79,6.8,7.5,0.00,0.00,0.00,1,41,17,5,26,13.7,222,215,27.5,28.1,1,3065.07,1013.7,999.4
2024-03-15T09:00,12.4,0.00,74,7.8,9.7,0.00,0.00,0.00,3,93,30,86,32,14.5,226,224,24.7,39.2,1,3600.00,1013.9,999.7
2024-03-15T10:00,13.1,0.00,73,8.3,10.2,0.00,0.00,0.00,3,99,61,73,94,16.3,223,221,25.2,34.2,1,2574.08,1014.1,999.9
2024-03-15T11:00,13.2,0.00,75,8.8,10.4,0.00,0.00,0.00,3,86,55,28,64,17.4,220,220,27.3,36.4,1,0.00,1014.0,999.8
2024-03-15T12:00,14.5,0.10,71,9.4,11.2,0.10,0.00,0.00,51,99,91,52,81,21.6,232,233,31.8,47.2,1,3600.00,1013.9,999.8
2024-03-15T13:00,14.7,0.10,71,9.6,11.8,0.10,0.00,0.00,51,99,97,25,43,18.6,238,238,27.2,47.9,1,3600.00,1013.6,999.5
2024-03-15T14:00,13.3,0.10,82,10.3,11.4,0.10,0.00,0.00,51,100,100,14,30,13.8,232,229,21.8,38.9,1,1569.55,1014.4,1000.2
2024-03-15T15:00,15.3,0.00,73,10.4,13.0,0.00,0.00,0.00,3,100,100,70,34,16.7,235,233,24.3,42.8,1,3600.00,1013.7,999.6
2024-03-15T16:00,14.5,0.00,69,8.9,11.5,0.00,0.00,0.00,3,100,100,92,6,18.5,238,237,28.0,45.4,1,2261.53,1013.4,999.3
2024-03-15T17:00,14.2,0.00,71,8.9,11.9,0.00,0.00,0.00,3,100,100,34,4,13.8,232,231,23.6,37.8,1,1770.53,1013.1,999.0
2024-03-15T18:00,13.6,0.00,72,8.6,11.2,0.00,0.00,0.00,1,42,35,9,2,13.6,232,230,25.1,29.2,1,318.48,1013.2,999.1
2024-03-15T19:00,12.1,0.00,78,8.3,9.7,0.00,0.00,0.00,2,70,64,15,6,12.8,234,232,26.6,28.4,0,0.00,1013.9,999.7
2024-03-15T20:00,11.7,0.20,79,8.2,9.3,0.20,0.00,0.00,51,100,100,40,36,13.2,233,227,27.2,26.3,0,0.00,1014.2,1000.0
2024-03-15T21:00,11.5,0.50,82,8.6,8.8,0.50,0.00,0.00,53,100,100,93,29,16.4,223,220,29.0,34.2,0,0.00,1014.6,1000.4
2024-03-15T22:00,10.7,0.10,90,9.1,8.5,0.10,0.00,0.00,51,100,100,16,30,13.8,224,221,26.2,32.8,0,0.00,1014.7,1000.4
2024-03-15T23:00,10.2,0.00,92,9.0,7.9,0.00,0.00,0.00,3,91,83,17,43,13.8,224,219,27.2,28.4,0,0.00,1015.1,1000.8
2024-03-16T00:00,9.9,0.00,93,8.9,7.5,0.00,0.00,0.00,3,98,96,21,49,14.6,222,218,28.3,30.2,0,0.00,1015.1,1000.8
2024-03-16T01:00,9.8,0.00,93,8.7,7.4,0.00,0.00,0.00,3,98,93,22,61,13.7,221,215,26.8,29.9,0,0.00,1015.1,1000.8
2024-03-16T02:00,10.1,0.30,92,8.8,7.4,0.30,0.00,0.00,51,99,97,28,31,16.8,219,215,30.2,33.8,0,0.00,1015.1,1000.8
2024-03-16T03:00,9.7,0.30,93,8.6,6.9,0.30,0.00,0.00,51,100,93,96,31,16.4,224,220,29.5,36.0,0,0.00,1015.5,1001.1
2024-03-16T04:00,9.7,0.10,93,8.7,7.1,0.10,0.00,0.00,51,99,81,95,38,15.8,230,225,28.9,33.1,0,0.00,1015.7,1001.3
2024-03-16T05:00,9.7,0.20,94,8.8,7.1,0.20,0.00,0.00,51,100,12,100,47,15.3,232,229,27.7,32.8,0,0.00,1015.9,1001.5
2024-03-16T06:00,9.7,0.00,94,8.8,7.4,0.00,0.00,0.00,3,94,26,86,59,14.0,230,224,25.5,31.0,0,0.00,1016.3,1001.9
2024-03-16T07:00,9.7,0.00,94,8.8,7.4,0.00,0.00,0.00,2,70,25,33,53,13.6,236,233,24.4,29.2,1,0.00,1016.7,1002.3
2024-03-16T08:00,10.3,0.10,92,9.1,8.0,0.10,0.00,0.00,51,94,0,87,83,14.6,232,230,25.6,29.2,1,2223.78,1017.3,1003.0
2024-03-16T09:00,10.6,0.10,91,9.2,8.0,0.10,0.00,0.00,51,100,2,80,100,16.3,241,239,25.6,38.2,1,541.20,1018.1,1003.8
2024-03-16T10:00,11.1,0.30,90,9.6,8.6,0.30,0.00,0.00,51,100,0,100,100,16.3,248,248,26.0,37.8,1,0.00,1018.5,1004.2
2024-03-16T11:00,11.8,0.10,87,9.7,9.7,0.10,0.00,0.00,51,56,9,15,47,14.0,249,247,20.9,34.6,1,882.89,1019.2,1004.9
2024-03-16T12:00,13.7,0.10,72,8.7,10.6,0.10,0.00,0.00,51,93,1,46,91,18.4,273,271,26.3,41.8,1,3600.00,1019.3,1005.1
2024-03-16T13:00,14.1,0.10,66,7.8,10.8,0.10,0.00,0.00,51,100,9,38,100,18.5,284,283,27.4,42.5,1,3600.00,1019.3,1005.1
2024-03-16T14:00,11.9,1.90,82,8.9,9.4,1.90,0.00,0.00,61,97,76,85,42,15.3,300,300,22.4,46.8,1,3600.00,1020.5,1006.2
2024-03-16T15:00,11.1,1.70,84,8.4,8.6,1.70,0.00,0.00,61,100,0,98,100,13.8,322,319,20.5,37.4,1,0.00,1020.8,1006.4
2024-03-16T16:00,11.6,0.10,85,9.1,9.8,0.10,0.00,0.00,51,27,0,20,18,10.5,305,301,17.1,29.5,1,0.00,1021.2,1006.9
2024-03-16T17:00,12.0,0.10,72,7.0,9.0,0.10,0.00,0.00,51,17,0,1,16,14.9,308,307,24.3,30.6,1,3600.00,1021.7,1007.4
2024-03-16T18:00,10.8,0.00,69,5.3,7.8,0.00,0.00,0.00,1,37,0,0,37,13.0,305,304,24.1,31.3,1,3600.00,1022.6,1008.2
2024-03-16T19:00,9.7,0.00,68,4.1,6.4,0.00,0.00,0.00,0,7,0,0,7,12.9,296,293,25.6,26.6,0,0.00,1023.6,1009.1
2024-03-16T20:00,7.6,0.00,79,4.2,5.0,0.00,0.00,0.00,0,8,1,0,8,8.7,348,343,20.6,25.2,0,0.00,1024.4,1009.8
2024-03-16T21:00,6.1,0.00,86,3.9,3.7,0.00,0.00,0.00,1,46,43,0,6,5.9,360,14,15.5,16.9,0,0.00,1024.9,1010.2
2024-03-16T22:00,4.6,0.00,88,2.8,1.9,0.00,0.00,0.00,3,99,98,0,26,7.6,4,25,11.2,11.5,0,0.00,1025.6,1010.8
2024-03-16T23:00,4.7,0.00,86,2.5,2.1,0.00,0.00,0.00,3,100,100,0,42,5.9,35,79,7.5,10.8,0,0.00,1025.8,1011.0
2024-03-17T00:00,5.2,0.00,86,3.0,3.0,0.00,0.00,0.00,3,100,100,1,90,4.0,39,90,4.6,7.9,0,0.00,1025.9,1011.2
2024-03-17T01:00,4.8,0.00,90,3.3,2.7,0.00,0.00,0.00,3,100,99,0,48,4.0,35,85,4.4,5.4,0,0.00,1026.0,1011.2
2024-03-17T02:00,4.7,0.00,89,3.0,2.5,0.00,0.00,0.00,3,100,100,0,1,4.3,95,90,8.0,7.6,0,0.00,1025.2,1010.5
2024-03-17T03:00,3.8,0.00,92,2.6,1.5,0.00,0.00,0.00,3,100,100,0,7,4.0,111,90,8.9,8.6,0,0.00,1024.9,1010.1
2024-03-17T04:00,3.5,0.00,93,2.5,0.9,0.00,0.00,0.00,3,100,100,10,7,6.1,111,93,12.3,11.2,0,0.00,1024.4,1009.6
2024-03-17T05:00,3.5,0.00,93,2.4,0.7,0.00,0.00,0.00,3,94,91,39,15,6.9,113,96,14.8,12.6,0,0.00,1024.4,1009.6
2024-03-17T06:00,3.6,0.00,92,2.4,0.9,0.00,0.00,0.00,2,73,1,65,21,6.9,102,81,15.1,13.0,0,0.00,1024.3,1009.5
2024-03-17T07:00,3.6,0.00,91,2.3,0.8,0.00,0.00,0.00,1,47,36,6,11,7.6,99,85,16.0,14.0,1,0.00,1024.2,1009.4
2024-03-17T08:00,5.9,0.00,82,3.1,3.1,0.00,0.00,0.00,2,58,58,0,0,8.3,101,92,16.5,16.2,1,3322.34,1024.1,1009.4
2024-03-17T09:00,8.9,0.00,72,4.2,6.8,0.00,0.00,0.00,3,95,95,2,0,5.1,102,98,11.8,16.6,1,3600.00,1024.0,1009.5
2024-03-17T10:00,11.0,0.00,66,4.9,8.9,0.00,0.00,0.00,1,40,39,1,0,5.9,124,128,8.3,16.6,1,3600.00,1023.8,1009.4
2024-03-17T11:00,12.5,0.00,63,5.6,10.6,0.00,0.00,0.00,3,100,100,0,0,5.2,152,155,6.9,17.6,1,3600.00,1023.3,1009.0
2024-03-17T12:00,13.4,0.00,56,4.8,11.2,0.00,0.00,0.00,3,100,100,0,40,6.4,220,223,8.4,18.0,1,3600.00,1023.0,1008.7
2024-03-17T13:00,13.5,0.00,56,4.9,11.4,0.00,0.00,0.00,3,100,100,0,2,5.5,237,238,7.3,18.7,1,1176.55,1022.7,1008.4
2024-03-17T14:00,13.4,0.00,55,4.5,11.4,0.00,0.00,0.00,3,100,100,97,35,4.7,230,238,6.1,13.7,1,246.48,1022.6,1008.3
2024-03-17T15:00,13.6,0.00,54,4.3,11.6,0.00,0.00,0.00,3,100,100,100,36,4.2,242,250,5.3,14.0,1,0.00,1021.6,1007.4
2024-03-17T16:00,13.7,0.00,54,4.5,11.8,0.00,0.00,0.00,3,98,36,96,31,3.6,256,264,4.5,12.2,1,0.00,1021.2,1007.0
2024-03-17T17:00,13.4,0.00,58,5.3,11.9,0.00,0.00,0.00,3,98,68,92,11,2.2,270,270,3.2,10.1,1,1949.34,1020.9,1006.7
2024-03-17T18:00,11.8,0.00,73,7.2,10.5,0.00,0.00,0.00,3,100,100,92,3,4.3,342,360,4.6,6.1,1,0.00,1020.7,1006.4
2024-03-17T19:00,10.4,0.00,72,5.6,8.7,0.00,0.00,0.00,3,100,99,97,1,4.2,51,59,4.6,7.2,0,0.00,1020.5,1006.1
2024-03-17T20:00,9.7,0.00,74,5.2,7.6,0.00,0.00,0.00,3,98,97,10,0,5.8,102,86,10.3,10.4,0,0.00,1020.5,1006.1
2024-03-17T21:00,7.9,0.00,80,4.6,5.5,0.00,0.00,0.00,3,100,100,43,1,7.6,112,93,16.6,14.4,0,0.00,1020.2,1005.7
2024-03-17T22:00,7.4,0.00,76,3.5,4.6,0.00,0.00,0.00,3,100,100,23,0,8.7,113,97,19.5,16.2,0,0.00,1020.0,1005.5
2024-03-17T23:00,7.3,0.00,72,2.5,4.5,0.00,0.00,0.00,3,99,83,97,6,7.5,122,107,18.8,16.2,0,0.00,1019.8,1005.3
2024-03-18T00:00,8.2,0.00,66,2.3,5.4,0.00,0.00,0.00,3,94,82,64,3,7.6,120,109,17.9,15.8,0,0.00,1019.5,1005.0
2024-03-18T01:00,7.3,0.00,70,2.2,4.2,0.00,0.00,0.00,3,100,51,99,27,9.1,116,108,19.6,17.3,0,0.00,1019.0,1004.5
2024-03-18T02:00,8.8,0.00,75,4.6,6.4,0.00,0.00,0.00,3,100,82,100,97,7.5,121,107,13.9,14.4,0,0.00,1018.5,1004.1
2024-03-18T03:00,8.8,0.00,77,4.9,6.3,0.00,0.00,0.00,3,100,99,76,98,8.6,119,105,15.6,16.2,0,0.00,1017.8,1003.4
2024-03-18T04:00,8.6,0.00,79,5.1,6.6,0.00,0.00,0.00,3,100,100,100,100,5.5,120,113,12.1,16.2,0,0.00,1017.2,1002.8
2024-03-18T05:00,8.4,0.00,81,5.4,6.2,0.00,0.00,0.00,3,100,100,100,99,7.2,125,108,12.7,13.0,0,0.00,1016.9,1002.5
2024-03-18T06:00,8.4,0.00,81,5.3,6.1,0.00,0.00,0.00,3,100,100,99,53,7.6,120,109,14.2,15.1,0,0.00,1016.5,1002.1
2024-03-18T07:00,8.3,0.00,82,5.4,6.1,0.00,0.00,0.00,3,100,100,100,53,7.1,132,120,13.5,14.4,1,0.00,1016.6,1002.2
2024-03-18T08:00,9.0,0.00,81,5.8,6.8,0.00,0.00,0.00,3,100,100,100,100,7.8,122,103,14.1,14.4,1,0.00,1016.5,1002.1
2024-03-18T09:00,9.8,0.00,79,6.2,8.2,0.00,0.00,0.00,3,100,100,99,100,4.2,121,110,10.5,13.7,1,0.00,1016.5,1002.1
2024-03-18T10:00,10.3,0.00,79,6.8,8.9,0.00,0.00,0.00,3,100,100,100,100,3.9,123,124,7.3,10.4,1,0.00,1016.6,1002.3
2024-03-18T11:00,11.7,0.10,76,7.6,10.7,0.10,0.00,0.00,51,100,99,99,75,2.0,130,135,2.8,11.9,1,0.00,1016.8,1002.5
2024-03-18T12:00,12.3,0.00,76,8.1,11.6,0.00,0.00,0.00,3,100,100,100,81,1.8,225,233,2.0,9.7,1,0.00,1016.6,1002.4
2024-03-18T13:00,13.2,0.00,73,8.5,12.4,0.00,0.00,0.00,3,100,98,34,84,2.6,257,254,3.3,11.9,1,448.98,1016.6,1002.4
2024-03-18T14:00,13.1,0.10,78,9.4,11.8,0.10,0.00,0.00,51,100,7,31,100,7.8,306,304,10.3,20.5,1,2887.49,1016.8,1002.6
2024-03-18T15:00,14.1,0.00,71,8.8,12.3,0.00,0.00,0.00,2,53,9,13,43,10.2,314,312,13.5,24.1,1,3600.00,1016.6,1002.4
2024-03-18T16:00,14.1,0.00,69,8.6,12.4,0.00,0.00,0.00,1,29,1,18,15,9.3,324,324,12.9,24.1,1,3600.00,1016.6,1002.5
2024-03-18T17:00,14.0,0.00,70,8.7,12.7,0.00,0.00,0.00,1,33,0,32,12,6.4,326,322,9.1,21.2,1,3600.00,1016.6,1002.4
2024-03-18T18:00,12.5,0.00,79,8.9,11.4,0.00,0.00,0.00,1,41,0,37,17,5.4,278,262,10.9,14.4,1,3600.00,1017.2,1003.0
2024-03-18T19:00,9.8,0.10,93,8.7,8.7,0.10,0.00,0.00,51,66,0,60,45,5.4,264,262,13.0,14.4,0,0.00,1018.2,1003.8
2024-03-18T20:00,9.3,0.00,93,8.2,8.4,0.00,0.00,0.00,1,34,0,29,16,2.5,252,135,2.3,10.1,0,0.00,1018.4,1004.0
2024-03-18T21:00,7.8,0.00,97,7.3,6.1,0.00,0.00,0.00,1,25,0,7,22,6.7,193,144,8.1,9.4,0,0.00,1018.9,1004.4
2024-03-18T22:00,7.8,0.00,97,7.4,6.3,0.00,0.00,0.00,1,24,0,10,19,5.6,198,135,9.1,9.4,0,0.00,1019.0,1004.5
2024-03-18T23:00,7.5,0.00,97,7.1,6.1,0.00,0.00,0.00,1,21,0,11,17,4.6,192,135,10.3,9.4,0,0.00,1019.0,1004.5
2024-03-19T00:00,7.5,0.00,97,7.1,6.1,0.00,0.00,0.00,0,17,0,9,12,4.7,198,148,10.6,9.0,0,0.00,1019.0,1004.5
2024-03-19T01:00,7.1,0.00,97,6.7,5.6,0.00,0.00,0.00,1,34,16,7,20,4.5,202,151,10.5,9.0,0,0.00,1019.2,1004.7
2024-03-19T02:00,7.5,0.00,97,7.0,6.0,0.00,0.00,0.00,0,17,13,4,0,4.6,197,141,9.8,10.1,0,0.00,1019.0,1004.5
2024-03-19T03:00,6.4,0.00,98,6.2,4.6,0.00,0.00,0.00,1,42,38,2,4,5.6,192,135,8.5,9.0,0,0.00,1018.8,1004.2
2024-03-19T04:00,6.4,0.00,98,6.1,4.7,0.00,0.00,0.00,1,44,22,1,28,4.7,165,122,8.2,9.0,0,0.00,1018.6,1004.0
2024-03-19T05:00,6.6,0.00,98,6.3,4.6,0.00,0.00,0.00,2,77,44,1,58,7.1,148,120,12.8,13.0,0,0.00,1018.9,1004.3
2024-03-19T06:00,6.3,0.00,99,6.1,4.2,0.00,0.00,0.00,3,98,94,2,69,7.4,144,119,15.5,14.4,0,0.00,1019.2,1004.6
2024-03-19T07:00,6.3,0.00,99,6.1,4.0,0.00,0.00,0.00,3,100,80,89,98,8.6,143,112,17.2,15.8,1,0.00,1019.4,1004.8
2024-03-19T08:00,7.7,0.00,96,7.1,5.8,0.00,0.00,0.00,3,100,10,49,100,7.9,145,120,15.8,16.9,1,0.00,1019.7,1005.2
2024-03-19T09:00,9.7,0.10,90,8.1,8.4,0.10,0.00,0.00,51,100,10,93,100,5.6,149,135,11.8,16.6,1,0.00,1020.1,1005.7
2024-03-19T10:00,11.0,0.40,86,8.8,10.1,0.40,0.00,0.00,51,83,42,42,50,4.4,170,171,6.2,14.0,1,0.00,1020.4,1006.0
2024-03-19T11:00,12.4,0.30,83,9.6,11.4,0.30,0.00,0.00,51,100,91,34,100,5.8,207,210,7.2,16.9,1,3600.00,1020.5,1006.2
2024-03-19T12:00,13.4,0.00,79,9.8,12.5,0.00,0.00,0.00,3,100,100,3,61,6.3,246,246,7.9,18.4,1,3600.00,1020.3,1006.1
2024-03-19T13:00,14.2,0.10,75,9.9,13.2,0.10,0.00,0.00,51,100,100,9,25,6.8,270,270,8.6,19.4,1,3600.00,1020.1,1005.9
2024-03-19T14:00,14.3,0.10,75,10.0,13.9,0.10,0.00,0.00,51,100,100,11,27,2.4,300,297,2.9,14.0,1,3041.14,1019.8,1005.6
2024-03-19T15:00,15.3,0.00,67,9.2,14.8,0.00,0.00,0.00,3,100,100,1,27,1.8,217,233,1.8,11.9,1,3600.00,1019.3,1005.2
2024-03-19T16:00,15.3,0.00,66,9.0,14.3,0.00,0.00,0.00,3,100,100,1,15,4.5,258,256,5.2,13.0,1,3600.00,1019.3,1005.2
2024-03-19T17:00,14.7,0.00,69,9.0,13.7,0.00,0.00,0.00,1,21,18,0,3,4.9,251,253,6.5,13.3,1,3600.00,1019.1,1004.9
2024-03-19T18:00,12.8,0.00,82,9.8,12.0,0.00,0.00,0.00,1,21,17,0,5,4.9,285,287,8.6,11.9,1,3600.00,1019.6,1005.3
2024-03-19T19:00,9.8,0.00,88,7.9,8.1,0.00,0.00,0.00,0,17,13,0,4,7.3,351,11,6.9,9.4,0,0.00,1019.9,1005.5
2024-03-19T20:00,9.8,0.00,89,8.0,8.5,0.00,0.00,0.00,0,2,0,1,2,5.4,12,37,8.5,10.1,0,0.00,1020.3,1005.9
2024-03-19T21:00,8.6,0.00,91,7.3,7.2,0.00,0.00,0.00,0,8,0,0,8,4.6,61,72,6.6,10.1,0,0.00,1020.4,1005.9
2024-03-19T22:00,7.4,0.00,95,6.6,5.9,0.00,0.00,0.00,0,10,1,0,9,4.1,83,75,6.2,9.4,0,0.00,1020.5,1006.0
2024-03-19T23:00,6.3,0.00,97,5.8,4.6,0.00,0.00,0.00,0,6,6,0,0,4.6,84,72,6.5,10.1,0,0.00,1020.4,1005.8
2024-03-20T00:00,5.6,0.00,97,5.1,3.7,0.00,0.00,0.00,0,1,1,0,1,4.7,95,86,7.6,10.1,0,0.00,1020.4,1005.8
2024-03-20T01:00,5.1,0.00,96,4.5,3.2,0.00,0.00,0.00,3,98,98,0,0,4.0,103,95,8.1,10.1,0,0.00,1020.2,1005.5
2024-03-20T02:00,5.3,0.00,96,4.7,3.4,0.00,0.00,0.00,3,100,100,0,0,3.8,109,107,8.8,9.7,0,0.00,1020.0,1005.4
2024-03-20T03:00,4.9,0.00,96,4.3,3.1,0.00,0.00,0.00,3,100,100,0,0,3.3,99,84,7.3,7.6,0,0.00,1019.9,1005.2
2024-03-20T04:00,4.9,0.00,95,4.2,3.1,0.00,0.00,0.00,3,100,100,0,0,3.2,50,63,5.6,6.8,0,0.00,1020.0,1005.3
2024-03-20T05:00,5.1,0.00,95,4.3,3.2,0.00,0.00,0.00,3,100,100,0,0,3.7,56,79,6.5,7.6,0,0.00,1019.8,1005.2
2024-03-20T06:00,4.6,0.00,95,3.8,2.4,0.00,0.00,0.00,2,62,62,0,0,5.1,90,94,6.5,7.6,0,0.00,1019.9,1005.2
2024-03-20T07:00,4.9,0.00,95,4.1,3.0,0.00,0.00,0.00,0,10,10,0,0,3.4,80,58,4.0,8.3,1,0.00,1020.2,1005.5
2024-03-20T08:00,7.9,0.00,87,5.9,6.4,0.00,0.00,0.00,1,21,21,0,0,3.1,77,54,4.8,8.3,1,3600.00,1020.5,1006.0
2024-03-20T09:00,10.7,0.00,79,7.3,9.8,0.00,0.00,0.00,3,100,100,0,0,1.5,94,76,5.1,9.0,1,3600.00,1020.7,1006.3
2024-03-20T10:00,13.3,0.00,72,8.4,12.7,0.00,0.00,0.00,3,99,99,0,0,1.1,68,18,1.9,9.4,1,3600.00,1020.5,1006.3
2024-03-20T11:00,15.4,0.00,65,8.8,14.9,0.00,0.00,0.00,3,100,100,0,0,1.1,99,90,2.2,10.4,1,3600.00,1020.3,1006.2
2024-03-20T12:00,16.9,0.00,60,9.0,16.7,0.00,0.00,0.00,3,100,100,0,0,1.0,166,225,1.5,10.4,1,3600.00,1019.8,1005.7
2024-03-20T13:00,17.7,0.00,56,8.8,17.1,0.00,0.00,0.00,3,100,100,0,0,2.6,216,236,3.1,11.9,1,3600.00,1019.4,1005.4
2024-03-20T14:00,18.7,0.00,50,8.2,17.6,0.00,0.00,0.00,3,100,100,0,0,5.2,198,205,6.8,16.6,1,3600.00,1019.2,1005.2
2024-03-20T15:00,18.7,0.00,49,7.9,17.4,0.00,0.00,0.00,3,100,100,0,0,5.5,233,238,7.2,15.8,1,3600.00,1019.0,1005.0
2024-03-20T16:00,18.5,0.00,49,7.6,17.2,0.00,0.00,0.00,3,100,100,0,0,4.2,245,250,5.2,15.1,1,3600.00,1018.6,1004.6
2024-03-20T17:00,17.6,0.00,61,10.0,17.2,0.00,0.00,0.00,3,100,100,0,1,2.9,270,277,5.8,10.8,1,3600.00,1018.4,1004.4
2024-03-20T18:00,14.9,0.00,72,10.0,14.0,0.00,0.00,0.00,3,100,100,0,1,5.9,310,322,9.4,8.6,1,2748.47,1018.8,1004.7
2024-03-20T19:00,12.2,0.00,80,8.9,10.9,0.00,0.00,0.00,3,100,100,0,0,6.9,342,9,9.4,11.2,0,0.00,1019.0,1004.7
2024-03-20T20:00,11.8,0.00,81,8.7,10.7,0.00,0.00,0.00,3,100,100,0,3,5.4,12,48,10.3,10.8,0,0.00,1019.2,1004.9
2024-03-20T21:00,10.1,0.00,86,7.8,8.9,0.00,0.00,0.00,3,99,99,0,3,4.0,59,80,6.3,9.7,0,0.00,1019.4,1005.0
2024-03-20T22:00,9.3,0.00,85,6.9,7.9,0.00,0.00,0.00,2,62,62,0,0,3.6,129,90,5.1,7.9,0,0.00,1019.4,1005.0
2024-03-20T23:00,8.9,0.00,84,6.4,7.3,0.00,0.00,0.00,2,58,58,0,0,4.6,147,108,8.6,9.0,0,0.00,1019.7,1005.2
2024-03-21T00:00,8.0,0.00,86,5.7,6.0,0.00,0.00,0.00,2,52,52,0,0,6.2,137,111,12.2,10.1,0,0.00,1019.8,1005.3
2024-03-21T01:00,7.8,0.00,84,5.4,5.8,0.00,0.00,0.00,3,82,81,1,0,6.2,132,97,14.0,10.8,0,0.00,1019.6,1005.1
2024-03-21T02:00,8.2,0.00,80,5.0,6.1,0.00,0.00,0.00,3,100,100,40,2,5.4,144,98,6.2,10.4,0,0.00,1019.5,1005.0
2024-03-21T03:00,6.7,0.00,89,5.0,4.6,0.00,0.00,0.00,3,100,99,99,9,5.9,152,101,5.3,7.6,0,0.00,1019.6,1005.0
2024-03-21T04:00,7.2,0.00,88,5.4,5.5,0.00,0.00,0.00,3,100,100,6,22,4.2,177,121,7.2,7.6,0,0.00,1019.8,1005.3
2024-03-21T05:00,6.4,0.00,92,5.2,4.7,0.00,0.00,0.00,3,100,100,1,24,3.5,228,114,4.3,8.6,0,0.00,1020.2,1005.6
2024-03-21T06:00,6.4,0.00,92,5.2,4.6,0.00,0.00,0.00,3,100,100,11,7,4.1,207,135,4.8,6.8,0,0.00,1020.2,1005.6
2024-03-21T07:00,7.2,0.00,95,6.5,5.3,0.00,0.00,0.00,3,100,100,80,14,6.7,213,164,11.2,11.9,1,0.00,1020.6,1006.0
2024-03-21T08:00,9.1,0.00,92,7.8,7.7,0.00,0.00,0.00,0,5,3,0,2,5.2,223,192,12.2,13.7,1,0.00,1021.5,1007.0
2024-03-21T09:00,11.5,0.00,84,8.8,10.6,0.00,0.00,0.00,2,74,54,35,23,4.0,273,270,6.8,13.3,1,3600.00,1022.2,1007.8
2024-03-21T10:00,13.5,0.00,74,9.0,12.0,0.00,0.00,0.00,1,34,0,7,30,8.1,296,291,11.6,20.5,1,3600.00,1022.7,1008.4
2024-03-21T11:00,15.1,0.10,69,9.4,12.6,0.10,0.00,0.00,51,49,0,24,34,16.1,318,318,22.4,34.2,1,3600.00,1022.9,1008.7
2024-03-21T12:00,15.5,0.20,67,9.3,12.5,0.20,0.00,0.00,51,24,0,17,16,19.1,320,319,27.3,41.4,1,3600.00,1023.1,1008.9
2024-03-21T13:00,16.2,0.00,62,9.0,13.3,0.00,0.00,0.00,2,63,57,5,12,19.6,320,319,27.8,42.5,1,3600.00,1023.1,1009.0
2024-03-21T14:00,16.2,0.00,59,8.3,13.4,0.00,0.00,0.00,3,97,97,1,3,17.4,322,322,25.1,41.0,1,3600.00,1023.4,1009.3
2024-03-21T15:00,16.4,0.00,58,8.1,13.3,0.00,0.00,0.00,3,100,100,0,4,17.9,321,322,25.9,40.0,1,3600.00,1023.5,1009.4
2024-03-21T16:00,15.8,0.00,58,7.5,12.7,0.00,0.00,0.00,3,100,100,0,0,16.5,328,328,24.3,39.2,1,3600.00,1023.5,1009.3
2024-03-21T17:00,15.0,0.00,59,7.1,12.4,0.00,0.00,0.00,3,100,100,0,0,12.6,340,340,20.7,34.9,1,3600.00,1023.6,1009.4
2024-03-21T18:00,13.5,0.00,64,6.8,11.2,0.00,0.00,0.00,3,100,100,1,0,10.1,352,354,21.1,27.0,1,3600.00,1024.2,1009.9
2024-03-21T19:00,11.7,0.00,69,6.2,9.3,0.00,0.00,0.00,3,100,100,38,0,9.7,358,360,22.3,20.9,0,0.00,1024.9,1010.5
2024-03-21T20:00,10.5,0.00,74,6.1,8.4,0.00,0.00,0.00,3,100,100,87,0,8.0,4,5,19.9,19.1,0,0.00,1025.1,1010.7
2024-03-21T21:00,9.6,0.00,77,5.9,7.7,0.00,0.00,0.00,3,99,90,93,0,6.0,11,17,17.2,15.8,0,0.00,1025.3,1010.8
2024-03-21T22:00,7.8,0.00,85,5.5,5.6,0.00,0.00,0.00,3,100,100,99,0,6.9,11,28,11.0,11.9,0,0.00,1025.7,1011.1
2024-03-21T23:00,9.0,0.00,80,5.7,7.3,0.00,0.00,0.00,3,100,100,9,0,4.2,342,329,7.2,10.4,0,0.00,1025.9,1011.4
2024-03-22T00:00,8.5,0.00,81,5.4,7.1,0.00,0.00,0.00,2,63,40,38,0,1.6,284,153,1.5,7.2,0,0.00,1025.8,1011.2
2024-03-22T01:00,5.6,0.00,92,4.4,3.4,0.00,0.00,0.00,2,75,71,14,0,5.4,207,143,4.8,7.6,0,0.00,1025.4,1010.7
2024-03-22T02:00,6.8,0.00,88,4.9,5.0,0.00,0.00,0.00,3,98,97,48,0,3.3,180,103,4.3,7.2,0,0.00,1024.4,1009.8
2024-03-22T03:00,7.0,0.00,86,4.9,5.1,0.00,0.00,0.00,3,96,95,18,0,4.7,182,122,9.0,9.7,0,0.00,1023.6,1009.0
2024-03-22T04:00,6.0,0.00,89,4.3,3.8,0.00,0.00,0.00,3,92,92,4,0,5.8,209,150,11.1,9.7,0,0.00,1023.4,1008.7
2024-03-22T05:00,6.5,0.00,90,5.0,4.3,0.00,0.00,0.00,3,87,86,9,0,6.5,198,146,14.3,12.2,0,0.00,1023.0,1008.4
2024-03-22T06:00,6.3,0.00,92,5.2,4.1,0.00,0.00,0.00,2,58,45,24,0,6.9,199,152,15.6,13.0,0,0.00,1022.8,1008.2
2024-03-22T07:00,6.7,0.00,93,5.7,4.6,0.00,0.00,0.00,2,50,40,16,0,6.6,207,171,16.6,13.7,1,0.00,1022.5,1007.9
2024-03-22T08:00,8.6,0.00,88,6.7,6.9,0.00,0.00,0.00,1,42,38,7,0,5.8,219,176,13.8,13.3,1,3600.00,1022.3,1007.8
2024-03-22T09:00,11.0,0.00,81,7.8,9.6,0.00,0.00,0.00,3,80,75,22,0,5.8,201,187,10.0,15.8,1,3600.00,1021.9,1007.5
2024-03-22T10:00,13.3,0.00,73,8.5,11.8,0.00,0.00,0.00,3,99,95,85,0,7.1,212,210,10.2,18.7,1,3600.00,1021.4,1007.1
2024-03-22T11:00,14.7,0.00,67,8.6,12.9,0.00,0.00,0.00,3,100,100,71,0,9.5,218,217,13.3,23.0,1,3600.00,1020.4,1006.2
2024-03-22T12:00,16.0,0.00,61,8.6,13.9,0.00,0.00,0.00,3,99,99,52,0,11.5,226,224,16.0,27.0,1,3600.00,1019.4,1005.3
2024-03-22T13:00,16.8,0.00,59,8.9,14.8,0.00,0.00,0.00,3,91,76,62,1,12.0,232,231,16.9,28.4,1,3600.00,1018.2,1004.2
2024-03-22T14:00,15.9,0.00,60,8.2,13.8,0.00,0.00,0.00,3,99,99,48,0,10.7,214,213,14.8,25.6,1,3600.00,1017.8,1003.7
2024-03-22T15:00,16.7,0.00,59,8.6,14.5,0.00,0.00,0.00,2,58,0,42,27,12.7,227,225,17.8,29.2,1,3600.00,1016.8,1002.8
2024-03-22T16:00,17.0,0.00,60,9.2,15.2,0.00,0.00,0.00,3,99,0,99,11,10.8,234,233,15.5,29.2,1,3600.00,1015.6,1001.6
2024-03-22T17:00,16.5,0.00,66,10.1,15.8,0.00,0.00,0.00,3,99,3,98,24,5.4,226,217,12.0,23.8,1,0.00,1014.6,1000.6
2024-03-22T18:00,15.1,0.00,72,10.2,14.4,0.00,0.00,0.00,2,69,50,25,19,5.2,197,164,11.3,11.9,1,0.00,1014.1,1000.0
2024-03-22T19:00,13.2,0.00,77,9.2,11.9,0.00,0.00,0.00,1,25,0,8,24,6.9,203,171,16.8,13.3,0,0.00,1013.9,999.7
2024-03-22T20:00,12.5,0.00,79,9.0,11.0,0.00,0.00,0.00,0,11,9,0,2,8.4,234,211,21.7,16.6,0,0.00,1013.5,999.3
2024-03-22T21:00,11.2,0.00,85,8.9,9.9,0.00,0.00,0.00,0,5,5,2,0,7.3,260,250,21.5,16.9,0,0.00,1013.2,999.0
2024-03-22T22:00,9.6,0.00,88,7.6,7.8,0.00,0.00,0.00,0,3,3,3,0,7.6,261,245,18.6,15.5,0,0.00,1013.0,998.7
2024-03-22T23:00,9.2,0.00,86,6.9,7.6,0.00,0.00,0.00,1,20,0,15,18,5.1,231,172,13.0,15.5,0,0.00,1011.9,997.6
2024-03-23T00:00,9.6,0.00,87,7.5,7.8,0.00,0.00,0.00,3,80,0,72,70,8.0,218,188,19.5,15.5,0,0.00,1011.6,997.3
2024-03-23T01:00,10.3,1.00,86,8.1,7.9,1.00,0.00,0.00,55,74,0,67,31,12.7,226,215,27.2,25.9,0,0.00,1011.0,996.7
2024-03-23T02:00,10.4,0.20,90,8.7,8.8,0.20,0.00,0.00,51,80,0,65,42,8.3,239,236,21.8,17.3,0,0.00,1009.4,995.2
2024-03-23T03:00,10.3,1.10,90,8.8,8.3,1.10,0.00,0.00,55,40,0,28,24,11.0,213,199,24.2,28.8,0,0.00,1008.6,994.4
2024-03-23T04:00,9.7,0.60,92,8.5,7.3,0.60,0.00,0.00,53,98,0,98,22,13.3,227,221,28.0,34.2,0,0.00,1008.2,994.0
2024-03-23T05:00,9.9,0.00,95,9.1,7.8,0.00,0.00,0.00,3,100,0,100,34,12.7,224,215,25.7,27.4,0,0.00,1007.6,993.4
2024-03-23T06:00,10.1,0.30,91,8.7,7.1,0.30,0.00,0.00,51,100,0,100,90,18.5,250,249,31.1,40.0,0,0.00,1007.8,993.6
2024-03-23T07:00,8.2,0.30,89,6.4,3.8,0.30,0.00,0.00,51,100,0,100,53,23.7,308,306,37.7,48.6,1,0.00,1009.3,995.0
2024-03-23T08:00,7.0,0.00,88,5.2,3.4,0.00,0.00,0.00,3,99,0,96,84,16.4,302,299,26.2,47.5,1,0.00,1011.2,996.8
2024-03-23T09:00,7.6,0.10,84,5.1,4.4,0.10,0.00,0.00,51,27,0,9,22,13.6,293,292,20.3,34.6,1,0.00,1011.7,997.3
2024-03-23T10:00,9.0,0.10,75,4.8,5.3,0.10,0.00,0.00,51,39,0,19,27,16.5,291,290,23.6,41.0,1,3600.00,1012.4,998.1
2024-03-23T11:00,9.2,0.10,70,4.1,5.3,0.10,0.00,0.00,51,90,0,87,24,16.9,276,271,23.9,45.4,1,3600.00,1013.0,998.7
2024-03-23T12:00,10.0,0.10,65,3.7,6.1,0.10,0.00,0.00,51,38,0,10,31,16.5,256,254,23.0,45.7,1,3600.00,1012.6,998.3
2024-03-23T13:00,7.3,2.00,76,3.3,2.7,1.60,0.00,0.28,73,75,1,69,32,22.0,259,259,32.7,50.4,1,3600.00,1013.1,998.7
2024-03-23T14:00,8.3,1.60,74,3.9,5.0,1.50,0.00,0.07,71,54,33,40,1,12.7,256,262,19.3,48.2,1,3600.00,1013.2,998.8
2024-03-23T15:00,9.2,0.10,60,1.9,4.1,0.10,0.00,0.00,51,67,33,63,13,22.0,249,249,32.0,48.6,1,3600.00,1012.5,998.2
2024-03-23T16:00,8.8,0.40,61,1.7,3.9,0.40,0.00,0.00,51,13,2,9,9,21.0,265,265,31.5,55.4,1,3600.00,1012.5,998.1
2024-03-23T17:00,8.3,0.00,59,0.8,3.7,0.00,0.00,0.00,0,14,4,12,2,17.6,268,269,27.0,50.8,1,3600.00,1012.4,998.0
2024-03-23T18:00,7.5,0.00,59,-0.1,3.2,0.00,0.00,0.00,2,60,17,56,6,14.6,253,254,25.2,41.4,1,3600.00,1012.1,997.7
2024-03-23T19:00,4.5,3.30,88,2.7,1.0,1.60,0.00,1.19,75,96,86,92,30,12.8,227,218,24.0,33.8,0,0.00,1012.6,998.0
2024-03-23T20:00,5.3,0.00,82,2.5,1.5,0.00,0.00,0.00,3,100,96,100,1,14.3,238,231,25.6,29.2,0,0.00,1012.4,997.9
2024-03-23T21:00,4.5,0.00,82,1.7,0.8,0.00,0.00,0.00,3,100,99,100,6,13.0,229,224,25.0,29.2,0,0.00,1012.5,997.9
2024-03-23T22:00,4.2,0.00,88,2.4,0.3,0.00,0.00,0.00,3,98,40,97,28,15.0,218,215,27.4,29.2,0,0.00,1012.2,997.6
2024-03-23T23:00,3.8,0.10,89,2.2,-0.0,0.10,0.00,0.00,51,99,1,99,27,14.0,228,226,26.5,31.3,0,0.00,1011.8,997.2
2024-03-24T00:00,4.0,0.40,88,2.2,0.2,0.40,0.00,0.00,51,95,0,94,51,14.3,231,229,25.9,31.3,0,0.00,1011.4,996.8
2024-03-24T01:00,4.0,0.10,91,2.6,0.2,0.10,0.00,0.00,51,100,0,77,100,14.8,233,231,25.2,29.9,0,0.00,1010.9,996.3
2024-03-24T02:00,4.4,0.10,89,2.7,0.0,0.10,0.00,0.00,51,100,0,36,100,18.1,237,235,28.4,37.1,0,0.00,1010.7,996.1
2024-03-24T03:00,4.5,0.00,87,2.6,0.7,0.00,0.00,0.00,3,87,0,25,87,14.4,237,233,24.2,35.6,0,0.00,1010.0,995.5
2024-03-24T04:00,4.1,0.10,87,2.1,0.3,0.10,0.00,0.00,51,41,0,3,41,13.3,240,237,23.2,33.1,0,0.00,1009.8,995.2
2024-03-24T05:00,3.4,0.00,89,1.7,-0.2,0.00,0.00,0.00,3,95,0,2,95,12.0,233,226,22.1,27.4,0,0.00,1009.7,995.1
2024-03-24T06:00,3.5,0.10,90,2.0,-0.3,0.10,0.00,0.00,51,81,0,18,77,13.8,223,219,23.7,28.4,0,0.00,1009.5,994.9
2024-03-24T07:00,3.8,0.00,88,2.0,-0.1,0.00,0.00,0.00,3,87,0,50,73,14.8,231,227,25.1,31.0,1,0.00,1009.8,995.2
2024-03-24T08:00,4.8,0.00,81,1.8,0.4,0.00,0.00,0.00,3,99,0,99,45,17.5,233,233,26.2,35.6,1,786.67,1009.7,995.2
2024-03-24T09:00,4.8,0.00,79,1.6,-0.3,0.00,0.00,0.00,3,100,0,99,100,22.4,237,237,34.3,46.4,1,0.00,1009.6,995.1
2024-03-24T10:00,5.3,0.80,83,2.7,0.9,0.40,0.00,0.28,73,100,0,96,100,19.1,237,234,31.0,45.0,1,0.00,1009.4,994.9
2024-03-24T11:00,6.0,0.10,80,2.8,1.1,0.10,0.00,0.00,51,100,0,99,100,21.7,247,246,32.6,56.2,1,0.00,1009.3,994.8
2024-03-24T12:00,6.6,0.30,75,2.5,1.5,0.30,0.00,0.00,51,100,6,100,86,23.0,251,250,34.6,55.4,1,374.97,1009.0,994.6
2024-03-24T13:00,7.1,0.20,73,2.6,1.9,0.20,0.00,0.00,51,84,28,39,75,24.2,257,255,36.2,58.7,1,1683.81,1008.5,994.1
2024-03-24T14:00,7.9,0.70,72,3.1,2.9,0.60,0.00,0.07,71,100,25,71,99,23.6,253,251,34.6,53.6,1,3600.00,1008.6,994.3
2024-03-24T15:00,8.2,0.10,64,1.8,2.8,0.10,0.00,0.00,51,43,16,24,23,24.4,256,256,36.7,54.4,1,2491.59,1008.4,994.1
2024-03-24T16:00,8.9,0.00,59,1.3,3.6,0.00,0.00,0.00,3,85,0,84,25,22.9,264,263,34.0,54.7,1,3600.00,1008.2,993.9
2024-03-24T17:00,8.3,0.30,63,1.6,3.3,0.30,0.00,0.00,51,89,5,87,15,21.8,248,248,33.9,52.2,1,3600.00,1008.0,993.7
2024-03-24T18:00,5.9,1.90,84,3.4,2.1,1.30,0.00,0.42,73,59,11,38,32,15.2,256,263,25.6,49.3,1,193.24,1008.4,994.0
2024-03-24T19:00,5.9,2.10,84,3.4,2.1,1.90,0.00,0.14,71,74,0,71,17,15.3,245,243,28.2,37.4,0,0.00,1009.0,994.5
2024-03-24T20:00,5.8,0.00,85,3.5,1.8,0.00,0.00,0.00,1,40,0,36,27,16.8,241,239,30.9,36.7,0,0.00,1009.3,994.8
2024-03-24T21:00,5.1,0.00,86,3.0,0.8,0.00,0.00,0.00,2,59,0,51,33,17.9,238,240,33.0,37.4,0,0.00,1009.7,995.2
2024-03-24T22:00,4.5,0.30,91,3.2,0.2,0.30,0.00,0.00,51,60,0,55,25,18.1,236,235,32.2,36.4,0,0.00,1009.8,995.3
2024-03-24T23:00,4.5,0.10,90,3.0,0.6,0.10,0.00,0.00,51,47,0,34,35,15.9,239,237,29.7,36.4,0,0.00,1010.0,995.5
2024-03-25T00:00,4.0,0.00,91,2.7,0.3,0.00,0.00,0.00,2,56,0,27,44,13.8,239,237,27.3,32.0,0,0.00,1010.2,995.6
2024-03-25T01:00,3.9,0.00,91,2.5,0.3,0.00,0.00,0.00,1,41,0,10,37,12.6,245,239,25.1,28.1,0,0.00,1010.3,995.7
2024-03-25T02:00,3.8,0.80,89,2.2,0.1,0.80,0.00,0.00,53,47,0,38,35,13.2,240,235,26.6,28.8,0,0.00,1010.3,995.7
2024-03-25T03:00,3.7,0.00,92,2.5,0.5,0.00,0.00,0.00,1,41,0,32,37,10.3,247,241,22.3,27.0,0,0.00,1010.2,995.6
2024-03-25T04:00,2.7,0.00,93,1.8,-0.1,0.00,0.00,0.00,1,21,0,7,20,6.7,248,234,18.3,21.2,0,0.00,1010.3,995.7
2024-03-25T05:00,1.4,0.00,95,0.7,-1.5,0.00,0.00,0.00,0,14,0,0,14,5.8,243,210,12.1,14.4,0,0.00,1010.3,995.6
2024-03-25T06:00,1.5,0.00,96,0.9,-1.4,0.00,0.00,0.00,1,29,0,0,29,5.9,215,191,15.0,11.9,0,0.00,1010.6,995.9
2024-03-25T07:00,2.4,0.00,97,2.0,-0.7,0.00,0.00,0.00,1,37,0,0,37,9.2,217,206,19.3,17.3,1,0.00,1011.0,996.3
2024-03-25T08:00,3.4,0.00,96,2.8,0.3,0.00,0.00,0.00,2,57,17,0,48,9.9,229,226,16.6,20.9,1,3600.00,1011.2,996.6
2024-03-25T09:00,5.0,0.00,88,3.2,2.2,0.00,0.00,0.00,2,77,57,0,45,8.1,237,238,10.7,21.2,1,3600.00,1011.1,996.6
2024-03-25T10:00,6.8,0.00,77,3.0,4.5,0.00,0.00,0.00,3,99,98,0,67,4.4,259,261,5.5,19.8,1,3600.00,1010.4,996.0
2024-03-25T11:00,7.6,0.00,68,2.1,5.4,0.00,0.00,0.00,3,100,100,0,70,3.1,248,249,3.9,15.8,1,3600.00,1009.9,995.5
2024-03-25T12:00,8.8,0.00,60,1.3,6.5,0.00,0.00,0.00,3,89,63,0,71,2.6,229,236,3.3,13.3,1,3600.00,1009.1,994.8
2024-03-25T13:00,9.5,0.00,54,0.7,7.2,0.00,0.00,0.00,3,86,73,3,49,1.8,172,180,2.5,13.0,1,3600.00,1008.1,993.8
2024-03-25T14:00,11.1,0.00,47,0.2,8.3,0.00,0.00,0.00,1,49,5,36,43,4.7,144,148,6.7,14.8,1,3600.00,1006.6,992.4
2024-03-25T15:00,11.8,0.00,43,-0.3,8.3,0.00,0.00,0.00,2,74,47,49,34,9.2,131,132,12.5,22.3,1,3600.00,1005.3,991.2
2024-03-25T16:00,11.5,0.00,43,-0.7,7.7,0.00,0.00,0.00,1,28,16,4,12,11.1,115,115,15.5,25.2,1,3600.00,1004.4,990.3
2024-03-25T17:00,10.8,0.00,45,-0.6,6.8,0.00,0.00,0.00,0,10,10,0,0,12.4,100,98,18.6,26.6,1,3600.00,1003.7,989.6
2024-03-25T18:00,9.4,0.00,51,-0.2,5.9,0.00,0.00,0.00,0,10,10,0,0,9.0,84,74,19.2,26.6,1,3600.00,1003.1,988.9
2024-03-25T19:00,7.3,0.00,54,-1.4,3.5,0.00,0.00,0.00,0,2,2,0,0,10.0,78,64,23.9,19.4,0,357.83,1002.6,988.3
2024-03-25T20:00,7.1,0.00,52,-2.2,2.7,0.00,0.00,0.00,0,11,11,0,0,13.1,89,82,29.5,26.3,0,0.00,1002.2,987.9
2024-03-25T21:00,7.1,0.00,50,-2.7,2.2,0.00,0.00,0.00,1,33,33,0,0,15.9,97,94,33.0,32.0,0,0.00,1001.4,987.1
2024-03-25T22:00,6.5,0.00,51,-2.8,1.4,0.00,0.00,0.00,1,30,30,0,0,17.4,100,97,34.4,34.6,0,0.00,1001.1,986.8
2024-03-25T23:00,6.0,0.00,52,-3.0,0.7,0.00,0.00,0.00,1,21,21,0,0,19.0,103,100,36.9,38.2,0,0.00,1001.0,986.7
2024-03-26T00:00,5.7,0.00,53,-3.2,0.2,0.00,0.00,0.00,3,90,90,0,0,19.8,104,102,37.5,40.0,0,0.00,1000.4,986.1
2024-03-26T01:00,5.3,0.00,53,-3.4,-0.1,0.00,0.00,0.00,2,53,53,0,0,19.5,105,102,37.2,40.0,0,0.00,999.7,985.4
2024-03-26T02:00,5.3,0.00,58,-2.2,0.2,0.00,0.00,0.00,1,49,42,12,0,18.2,106,104,35.2,37.1,0,0.00,999.1,984.8
2024-03-26T03:00,4.8,0.00,61,-2.2,-0.2,0.00,0.00,0.00,3,90,89,3,0,17.0,105,103,34.2,36.4,0,0.00,998.4,984.0
2024-03-26T04:00,4.4,0.00,62,-2.2,-0.4,0.00,0.00,0.00,2,79,78,27,0,15.9,106,103,32.1,33.8,0,0.00,997.9,983.5
2024-03-26T05:00,4.2,0.00,63,-2.2,-0.5,0.00,0.00,0.00,2,73,1,73,0,15.4,102,101,31.3,32.0,0,0.00,997.3,982.9
2024-03-26T06:00,3.9,0.00,65,-2.1,-0.5,0.00,0.00,0.00,3,100,86,100,0,13.4,106,104,27.7,30.6,0,0.00,997.3,982.9
2024-03-26T07:00,4.7,0.00,64,-1.6,0.4,0.00,0.00,0.00,3,83,0,83,0,13.0,105,104,25.7,27.4,1,0.00,997.0,982.7
2024-03-26T08:00,5.8,0.00,65,-0.3,2.3,0.00,0.00,0.00,3,96,88,67,0,9.1,102,99,22.5,26.3,1,2904.90,996.9,982.6
2024-03-26T09:00,7.6,0.00,61,0.6,4.2,0.00,0.00,0.00,3,100,99,67,0,9.1,101,97,13.6,21.2,1,3600.00,996.8,982.6
2024-03-26T10:00,9.9,0.00,55,1.4,6.7,0.00,0.00,0.00,3,97,97,2,0,9.0,92,90,13.0,23.0,1,3600.00,995.7,981.6
2024-03-26T11:00,12.3,0.00,50,2.1,9.7,0.00,0.00,0.00,3,100,100,11,0,6.6,119,119,9.0,22.0,1,3600.00,995.1,981.2
2024-03-26T12:00,13.9,0.00,47,2.7,11.7,0.00,0.00,0.00,3,100,100,6,0,6.1,115,118,8.4,18.7,1,3600.00,994.2,980.4
2024-03-26T13:00,15.0,0.00,43,2.7,12.8,0.00,0.00,0.00,3,83,79,18,0,7.1,106,105,9.3,19.4,1,3600.00,993.3,979.5
2024-03-26T14:00,15.3,0.00,43,2.6,13.2,0.00,0.00,0.00,2,76,76,0,0,7.0,101,102,9.5,21.6,1,3600.00,992.4,978.6
2024-03-26T15:00,16.0,0.00,41,2.9,13.2,0.00,0.00,0.00,3,100,100,28,0,8.4,97,97,11.6,20.5,1,3600.00,991.3,977.6
2024-03-26T16:00,16.0,0.00,44,3.8,13.1,0.00,0.00,0.00,2,78,77,1,0,9.6,103,103,14.1,21.2,1,3600.00,990.5,976.8
2024-03-26T17:00,15.7,0.00,48,4.7,13.0,0.00,0.00,0.00,0,9,0,9,0,9.5,101,101,16.9,23.8,1,3600.00,989.7,976.0
2024-03-26T18:00,14.1,0.00,55,5.2,11.8,0.00,0.00,0.00,0,0,0,0,0,7.6,99,85,19.3,20.2,1,3600.00,989.0,975.2
2024-03-26T19:00,12.1,0.00,51,2.3,9.1,0.00,0.00,0.00,0,4,0,4,0,8.1,94,69,22.4,16.6,0,461.31,988.8,974.9
2024-03-26T20:00,11.9,0.00,48,1.2,8.0,0.00,0.00,0.00,1,47,42,9,0,13.3,104,93,30.4,26.3,0,0.00,988.5,974.6
2024-03-26T21:00,11.5,0.00,51,1.8,7.6,0.00,0.00,0.00,3,99,97,51,0,13.9,115,111,29.3,27.0,0,0.00,988.6,974.7
2024-03-26T22:00,10.5,0.00,57,2.4,7.2,0.00,0.00,0.00,3,100,99,77,0,10.6,122,125,25.1,27.4,0,0.00,989.0,975.1
2024-03-26T23:00,8.8,0.00,67,3.0,6.3,0.00,0.00,0.00,3,100,100,95,0,6.0,129,115,17.7,21.6,0,0.00,989.1,975.1
2024-03-27T00:00,8.5,0.00,69,3.2,6.2,0.00,0.00,0.00,3,100,100,100,0,5.0,147,111,13.3,11.5,0,0.00,989.3,975.3
2024-03-27T01:00,8.6,0.00,70,3.3,5.7,0.00,0.00,0.00,3,100,100,99,0,8.7,140,107,13.6,15.8,0,0.00,988.8,974.8
2024-03-27T02:00,9.7,0.00,61,2.5,6.3,0.00,0.00,0.00,3,100,100,98,0,11.5,111,104,24.6,22.3,0,0.00,988.1,974.1
2024-03-27T03:00,9.2,0.00,65,2.9,6.6,0.00,0.00,0.00,3,100,100,1,0,6.2,122,144,16.5,22.7,0,0.00,987.1,973.1
2024-03-27T04:00,7.0,0.00,75,2.9,4.5,0.00,0.00,0.00,3,100,100,1,0,6.2,145,111,14.0,13.0,0,0.00,987.3,973.2
2024-03-27T05:00,5.7,0.00,82,3.0,3.5,0.00,0.00,0.00,2,60,60,0,0,4.0,125,80,7.0,13.7,0,0.00,986.2,972.1
2024-03-27T06:00,5.5,0.00,82,2.6,3.6,0.00,0.00,0.00,3,96,79,82,0,1.3,254,56,5.2,7.6,0,0.00,986.7,972.5
2024-03-27T07:00,6.7,0.00,79,3.4,4.4,0.00,0.00,0.00,3,100,100,3,0,5.1,18,45,9.4,10.8,1,0.00,986.2,972.1
2024-03-27T08:00,8.9,0.00,77,5.0,7.3,0.00,0.00,0.00,3,100,100,1,0,2.1,333,301,3.2,10.4,1,3600.00,986.6,972.6
2024-03-27T09:00,10.7,0.00,70,5.4,8.8,0.00,0.00,0.00,3,100,100,82,0,5.0,308,300,8.2,13.7,1,3600.00,986.5,972.6
2024-03-27T10:00,11.4,0.00,68,5.7,8.8,0.00,0.00,0.00,3,100,100,79,0,10.8,295,291,15.1,25.2,1,3600.00,986.3,972.4
2024-03-27T11:00,12.0,0.00,71,6.9,9.2,0.00,0.00,0.00,3,100,100,84,1,13.1,281,279,18.4,29.5,1,3600.00,987.0,973.2
2024-03-27T12:00,12.7,0.00,68,6.9,9.6,0.00,0.00,0.00,3,100,96,90,98,15.7,282,281,22.5,33.8,1,0.00,987.1,973.3
2024-03-27T13:00,12.7,0.00,69,7.2,9.6,0.00,0.00,0.00,3,100,100,39,100,16.6,272,270,23.1,36.7,1,121.91,987.7,973.9
2024-03-27T14:00,11.3,0.50,73,6.6,8.1,0.50,0.00,0.00,53,100,91,97,100,15.9,258,257,22.5,37.1,1,274.24,989.2,975.3
2024-03-27T15:00,10.2,0.00,75,6.0,6.8,0.00,0.00,0.00,3,100,79,100,50,15.9,253,252,23.0,34.9,1,0.00,989.8,975.8
2024-03-27T16:00,9.7,0.10,73,5.1,6.0,0.10,0.00,0.00,51,100,90,100,100,17.3,248,247,25.5,36.0,1,0.00,990.6,976.6
2024-03-27T17:00,9.0,0.20,75,4.9,5.7,0.20,0.00,0.00,51,100,100,100,100,14.0,249,247,22.0,37.1,1,0.00,991.4,977.4
2024-03-27T18:00,8.4,0.30,79,4.9,5.3,0.30,0.00,0.00,51,100,100,100,98,12.2,248,246,20.5,28.4,1,0.00,991.6,977.5
2024-03-27T19:00,7.7,0.20,83,5.0,4.9,0.20,0.00,0.00,51,100,100,100,16,10.3,243,241,19.0,24.8,0,0.00,991.4,977.3
2024-03-27T20:00,7.1,0.20,86,5.0,4.5,0.20,0.00,0.00,51,100,100,100,34,9.3,224,216,18.6,20.5,0,0.00,992.0,977.9
2024-03-27T21:00,6.9,0.00,87,4.9,4.1,0.00,0.00,0.00,3,100,100,100,16,10.7,217,213,20.8,21.6,0,0.00,992.2,978.0
2024-03-27T22:00,6.7,0.10,89,5.0,3.9,0.10,0.00,0.00,51,100,100,100,8,10.6,215,208,20.7,22.0,0,0.00,992.0,977.8
2024-03-27T23:00,6.5,0.00,89,4.7,3.7,0.00,0.00,0.00,3,100,10,100,20,10.3,214,209,20.8,22.0,0,0.00,992.2,978.0
2024-03-28T00:00,6.2,0.00,86,4.1,3.4,0.00,0.00,0.00,3,100,74,100,0,9.5,216,209,20.1,21.2,0,0.00,991.6,977.4
2024-03-28T01:00,5.7,0.00,87,3.7,3.3,0.00,0.00,0.00,3,100,100,98,0,6.5,201,183,17.0,19.8,0,0.00,991.0,976.8
2024-03-28T02:00,5.4,0.00,88,3.6,2.9,0.00,0.00,0.00,3,87,82,62,0,7.2,198,174,18.2,18.0,0,0.00,991.1,976.9
2024-03-28T03:00,4.7,0.00,89,3.0,2.2,0.00,0.00,0.00,0,6,6,0,0,6.2,193,159,16.6,15.5,0,0.00,990.4,976.2
2024-03-28T04:00,3.9,0.00,89,2.3,1.2,0.00,0.00,0.00,0,0,0,0,0,6.4,189,153,16.4,14.0,0,0.00,990.0,975.7
2024-03-28T05:00,3.6,0.00,90,2.0,0.7,0.00,0.00,0.00,0,0,0,0,0,7.4,156,119,15.8,14.8,0,0.00,989.8,975.5
2024-03-28T06:00,3.2,0.00,91,1.8,0.0,0.00,0.00,0.00,0,2,2,0,0,9.2,137,111,18.8,17.3,0,0.00,989.2,974.9
2024-03-28T07:00,3.9,0.00,86,1.8,0.6,0.00,0.00,0.00,3,96,93,38,9,10.0,147,120,19.0,20.2,1,480.53,989.2,974.9
2024-03-28T08:00,5.9,0.00,84,3.4,2.8,0.00,0.00,0.00,2,74,65,34,4,11.1,160,115,19.1,20.9,1,3600.00,989.6,975.4
2024-03-28T09:00,8.2,0.10,70,3.1,5.1,0.10,0.00,0.00,51,100,99,100,94,10.4,195,182,20.1,24.5,1,3600.00,990.6,976.5
2024-03-28T10:00,7.2,0.50,76,3.3,2.9,0.50,0.00,0.00,53,100,100,100,43,18.8,212,209,32.2,37.4,1,0.00,991.7,977.6
2024-03-28T11:00,8.9,0.10,72,4.1,3.7,0.10,0.00,0.00,51,87,77,40,18,26.2,215,214,40.1,56.5,1,0.00,992.7,978.6
2024-03-28T12:00,10.5,0.00,68,4.8,4.7,0.00,0.00,0.00,2,63,38,44,27,31.2,230,230,47.2,68.0,1,3600.00,993.0,979.0
2024-03-28T13:00,10.7,0.10,60,3.3,4.7,0.10,0.00,0.00,51,56,42,29,12,31.5,234,234,46.2,69.8,1,3600.00,994.3,980.3
2024-03-28T14:00,10.6,0.00,59,3.0,5.3,0.00,0.00,0.00,1,37,24,16,6,25.3,234,234,37.6,63.7,1,3600.00,994.5,980.5
2024-03-28T15:00,11.5,0.00,53,2.2,5.9,0.00,0.00,0.00,2,79,75,14,12,26.5,225,224,39.2,60.1,1,3600.00,995.1,981.1
2024-03-28T16:00,10.6,0.40,58,2.8,4.9,0.40,0.00,0.00,51,52,36,20,17,27.5,224,224,41.5,61.6,1,3600.00,996.2,982.2
2024-03-28T17:00,10.5,0.10,60,3.0,5.9,0.10,0.00,0.00,51,45,37,24,5,20.5,220,219,32.4,60.1,1,3600.00,996.6,982.6
2024-03-28T18:00,10.0,0.00,61,2.8,6.0,0.00,0.00,0.00,3,89,86,48,8,16.4,222,220,29.1,42.8,1,3600.00,997.1,983.0
2024-03-28T19:00,9.1,0.00,61,2.0,5.3,0.00,0.00,0.00,0,8,8,0,0,13.8,224,221,27.2,34.6,0,191.99,997.7,983.6
2024-03-28T20:00,8.1,0.00,64,1.8,4.7,0.00,0.00,0.00,0,0,0,0,0,10.9,220,214,24.5,29.2,0,0.00,998.8,984.6
2024-03-28T21:00,6.8,0.00,70,1.7,3.5,0.00,0.00,0.00,0,9,9,0,0,9.7,200,180,23.8,23.0,0,0.00,999.5,985.2
2024-03-28T22:00,6.6,0.00,66,0.7,3.2,0.00,0.00,0.00,1,29,29,0,0,9.5,193,169,23.7,20.9,0,0.00,999.9,985.6
2024-03-28T23:00,6.2,0.00,62,-0.6,2.6,0.00,0.00,0.00,1,48,47,0,0,9.5,176,143,22.0,20.2,0,0.00,1000.2,985.9
2024-03-29T00:00,6.2,0.00,58,-1.5,2.0,0.00,0.00,0.00,3,97,96,35,0,12.4,148,126,26.9,24.1,0,0.00,1000.2,985.9
2024-03-29T01:00,6.2,0.00,57,-1.8,1.9,0.00,0.00,0.00,3,100,100,100,0,13.0,138,118,27.8,25.2,0,0.00,1000.0,985.7
2024-03-29T02:00,7.7,0.00,53,-1.3,3.2,0.00,0.00,0.00,3,100,100,99,0,14.8,132,116,29.6,28.8,0,0.00,998.4,984.2
2024-03-29T03:00,8.2,0.00,51,-1.4,3.4,0.00,0.00,0.00,3,100,100,100,0,16.8,134,121,32.8,33.5,0,0.00,998.1,983.9
2024-03-29T04:00,8.9,0.00,51,-0.7,4.0,0.00,0.00,0.00,3,100,100,94,0,18.1,144,133,34.0,36.7,0,0.00,997.8,983.7
2024-03-29T05:00,9.2,0.00,51,-0.5,5.0,0.00,0.00,0.00,3,100,100,100,7,13.9,158,143,28.4,36.4,0,0.00,998.2,984.1
2024-03-29T06:00,8.7,0.40,60,1.3,4.8,0.40,0.00,0.00,51,100,100,100,0,13.5,142,124,26.9,28.4,0,0.00,997.9,983.7
2024-03-29T07:00,8.8,0.00,62,2.0,4.8,0.00,0.00,0.00,3,100,100,100,1,15.1,144,130,29.1,29.2,1,0.00,998.6,984.4
2024-03-29T08:00,9.3,0.00,63,2.6,5.3,0.00,0.00,0.00,3,100,100,99,100,15.3,149,141,29.4,32.4,1,0.00,999.0,984.9
2024-03-29T09:00,8.7,0.90,79,5.2,5.6,0.90,0.00,0.00,53,100,100,100,100,12.7,147,135,21.9,30.2,1,0.00,999.1,984.9
2024-03-29T10:00,8.6,0.60,88,6.7,5.7,0.60,0.00,0.00,53,100,100,100,100,14.0,144,134,26.6,28.1,1,0.00,1000.2,986.0
2024-03-29T11:00,9.9,0.10,88,8.0,7.7,0.10,0.00,0.00,51,100,100,100,100,11.2,153,130,23.8,28.8,1,0.00,1000.4,986.3
2024-03-29T12:00,11.0,0.20,89,9.3,9.8,0.20,0.00,0.00,51,100,100,100,30,7.0,153,102,14.2,22.3,1,0.00,1000.0,985.9
2024-03-29T13:00,12.3,0.10,87,10.1,11.3,0.10,0.00,0.00,51,100,99,83,26,6.6,119,103,11.1,16.6,1,0.00,999.6,985.6
2024-03-29T14:00,12.0,2.30,88,10.2,11.1,2.30,0.00,0.00,61,100,100,100,32,6.7,132,126,10.2,14.0,1,0.00,1000.1,986.1
2024-03-29T15:00,12.3,1.20,90,10.6,12.0,1.20,0.00,0.00,55,100,100,99,33,2.9,102,60,5.2,14.8,1,0.00,1000.2,986.2
2024-03-29T16:00,13.1,0.10,83,10.3,12.1,0.10,0.00,0.00,51,87,80,34,6,7.0,105,102,9.7,15.5,1,329.04,999.6,985.6
2024-03-29T17:00,13.6,0.00,80,10.2,12.4,0.00,0.00,0.00,3,87,78,43,3,8.8,98,99,12.7,18.7,1,3600.00,999.0,985.1
2024-03-29T18:00,13.3,0.00,84,10.6,12.9,0.00,0.00,0.00,3,100,100,23,6,4.0,106,95,10.5,19.4,1,3600.00,999.0,985.1
2024-03-29T19:00,11.4,0.00,90,9.8,10.5,0.00,0.00,0.00,3,100,100,33,3,5.9,96,76,13.8,10.8,0,0.00,998.6,984.6
2024-03-29T20:00,10.8,0.00,90,9.3,9.5,0.00,0.00,0.00,3,99,99,34,20,7.7,94,79,20.2,15.5,0,0.00,998.5,984.4
2024-03-29T21:00,10.3,0.00,87,8.3,8.7,0.00,0.00,0.00,3,100,100,17,0,7.9,87,66,21.3,17.3,0,0.00,998.1,984.0
2024-03-29T22:00,10.0,0.00,85,7.6,8.2,0.00,0.00,0.00,3,100,100,7,0,8.3,103,88,23.7,16.2,0,0.00,997.9,983.8
2024-03-29T23:00,11.0,0.00,80,7.6,8.6,0.00,0.00,0.00,3,100,100,0,1,11.6,124,112,28.3,23.0,0,0.00,997.8,983.8
2024-03-30T00:00,11.4,0.00,74,6.9,8.5,0.00,0.00,0.00,3,100,100,0,0,14.4,147,127,29.7,27.4,0,0.00,997.9,983.9
2024-03-30T01:00,11.7,0.00,63,4.9,8.5,0.00,0.00,0.00,3,91,91,0,0,13.2,163,137,27.1,28.1,0,0.00,998.2,984.2
2024-03-30T02:00,8.4,0.00,87,6.3,6.1,0.00,0.00,0.00,3,86,86,0,0,9.4,136,108,22.1,17.3,0,0.00,998.1,983.9
2024-03-30T03:00,9.1,0.00,80,5.8,6.4,0.00,0.00,0.00,2,58,58,0,0,11.6,144,112,23.5,21.2,0,0.00,997.6,983.5
2024-03-30T04:00,9.6,0.00,73,4.9,6.5,0.00,0.00,0.00,0,16,16,0,0,12.4,131,116,29.1,24.1,0,0.00,997.3,983.2
2024-03-30T05:00,9.8,0.00,70,4.6,6.4,0.00,0.00,0.00,1,28,28,0,0,14.5,132,113,30.3,27.7,0,0.00,997.3,983.2
2024-03-30T06:00,9.5,0.00,67,3.7,5.9,0.00,0.00,0.00,3,84,83,0,1,14.6,140,110,28.1,27.4,0,0.00,997.4,983.3
2024-03-30T07:00,10.8,0.00,61,3.6,7.1,0.00,0.00,0.00,3,99,99,0,0,14.5,139,113,28.8,28.8,1,514.46,997.3,983.3
2024-03-30T08:00,13.1,0.00,58,4.9,10.0,0.00,0.00,0.00,3,100,100,37,1,13.1,128,111,26.6,28.1,1,3600.00,997.3,983.4
2024-03-30T09:00,15.7,0.00,59,7.6,13.4,0.00,0.00,0.00,3,98,89,82,0,11.6,122,106,23.5,26.3,1,3600.00,997.4,983.6
2024-03-30T10:00,18.1,0.00,50,7.4,15.7,0.00,0.00,0.00,3,98,95,92,0,11.3,119,112,19.3,24.1,1,3600.00,997.1,983.4
2024-03-30T11:00,19.4,0.00,48,8.2,17.3,0.00,0.00,0.00,3,100,99,98,0,11.0,132,128,18.4,25.2,1,2786.79,996.8,983.2
2024-03-30T12:00,21.1,0.00,39,6.7,18.2,0.00,0.00,0.00,3,100,100,60,0,15.3,155,153,23.0,33.5,1,3600.00,996.5,983.0
2024-03-30T13:00,22.2,0.00,37,6.8,20.5,0.00,0.00,0.00,3,100,94,94,0,11.5,178,180,16.6,33.5,1,3600.00,996.2,982.7
2024-03-30T14:00,17.1,0.00,60,9.2,15.4,0.00,0.00,0.00,3,100,100,1,0,10.1,270,268,14.0,24.8,1,1026.46,998.1,984.4
2024-03-30T15:00,17.4,0.00,60,9.6,15.1,0.00,0.00,0.00,3,100,100,0,0,15.3,312,311,22.2,34.6,1,3600.00,997.8,984.1
2024-03-30T16:00,17.0,0.00,59,9.0,15.1,0.00,0.00,0.00,3,100,100,1,0,11.0,309,311,15.9,33.8,1,3600.00,998.1,984.3
2024-03-30T17:00,16.3,0.00,60,8.6,14.7,0.00,0.00,0.00,3,100,100,1,0,8.6,275,272,16.3,24.1,1,3206.95,998.9,985.1
2024-03-30T18:00,15.0,0.00,66,8.7,13.2,0.00,0.00,0.00,3,95,92,40,4,9.4,288,288,19.7,19.8,1,2942.91,999.5,985.6
2024-03-30T19:00,12.7,0.00,76,8.5,11.3,0.00,0.00,0.00,3,100,100,25,12,6.7,289,286,17.5,19.8,0,0.00,999.8,985.8
2024-03-30T20:00,11.6,0.00,77,7.7,9.7,0.00,0.00,0.00,3,100,100,24,1,9.3,319,324,21.9,18.0,0,0.00,1000.7,986.7
2024-03-30T21:00,10.9,0.00,73,6.2,8.2,0.00,0.00,0.00,3,100,100,5,0,12.2,320,326,25.5,24.8,0,0.00,1000.5,986.4
2024-03-30T22:00,9.9,0.00,76,5.9,7.9,0.00,0.00,0.00,3,100,100,15,0,6.6,340,347,17.2,23.4,0,0.00,1000.5,986.4
2024-03-30T23:00,9.0,0.00,83,6.3,7.1,0.00,0.00,0.00,3,100,100,96,0,6.5,348,6,15.5,13.7,0,0.00,1000.4,986.2
2024-03-31T00:00,9.0,0.00,87,7.0,7.4,0.00,0.00,0.00,3,100,100,99,0,5.8,334,22,10.8,11.9,0,0.00,1000.4,986.2
2024-03-31T01:00,10.4,0.30,75,6.2,9.3,0.30,0.00,0.00,51,100,100,100,8,1.1,315,90,4.6,7.9,0,0.00,1000.5,986.4
2024-03-31T02:00,9.1,0.10,87,7.0,7.8,0.10,0.00,0.00,51,100,99,97,17,3.6,298,276,6.1,10.1,0,0.00,1001.5,987.3
2024-03-31T03:00,8.8,0.50,92,7.6,7.9,0.50,0.00,0.00,53,100,98,100,33,1.5,297,45,4.0,6.5,0,0.00,1001.6,987.4
2024-03-31T04:00,8.9,0.10,92,7.6,7.6,0.10,0.00,0.00,51,67,47,32,10,4.9,41,54,6.6,8.6,0,0.00,1001.1,986.9
2024-03-31T05:00,7.9,0.00,94,6.9,6.4,0.00,0.00,0.00,1,47,0,42,8,4.3,354,48,3.6,9.0,0,0.00,1000.4,986.2
2024-03-31T06:00,7.6,0.00,92,6.4,6.2,0.00,0.00,0.00,2,77,8,75,5,3.2,40,63,2.8,6.1,0,0.00,1000.2,986.0
2024-03-31T07:00,8.6,0.00,91,7.2,7.0,0.00,0.00,0.00,3,100,100,51,2,5.5,45,79,6.1,9.7,1,291.08,1000.1,985.9
2024-03-31T08:00,10.6,0.00,89,8.8,8.8,0.00,0.00,0.00,3,100,100,55,0,10.2,94,100,16.6,19.8,1,3600.00,999.7,985.6
2024-03-31T09:00,12.4,0.00,84,9.7,11.1,0.00,0.00,0.00,3,100,100,49,0,8.4,96,97,18.4,20.2,1,3600.00,998.8,984.8
2024-03-31T10:00,14.2,0.00,74,9.7,12.7,0.00,0.00,0.00,3,89,89,0,0,9.8,120,126,14.2,23.4,1,3600.00,998.9,985.0
2024-03-31T11:00,15.9,0.00,64,9.2,14.4,0.00,0.00,0.00,3,100,100,3,0,10.4,108,110,14.8,25.6,1,3600.00,998.6,984.8
2024-03-31T12:00,17.2,0.00,56,8.4,15.4,0.00,0.00,0.00,3,100,100,98,0,11.9,105,104,16.4,28.1,1,3600.00,997.8,984.1
2024-03-31T13:00,17.4,0.00,55,8.3,15.4,0.00,0.00,0.00,3,100,100,88,0,10.1,94,94,14.1,27.7,1,3170.29,996.8,983.1
2024-03-31T14:00,18.3,0.00,52,8.3,16.2,0.00,0.00,0.00,3,96,96,33,0,10.9,97,96,15.6,27.4,1,3600.00,995.9,982.2
2024-03-31T15:00,19.6,0.00,50,8.7,18.1,0.00,0.00,0.00,3,100,100,31,0,8.4,128,130,11.8,25.2,1,3600.00,995.7,982.1
2024-03-31T16:00,18.0,0.00,56,9.0,15.7,0.00,0.00,0.00,3,95,92,37,18,14.0,166,168,21.1,28.1,1,700.79,995.9,982.2
2024-03-31T17:00,13.1,2.30,86,10.9,12.3,2.30,0.00,0.00,61,92,85,28,26,7.2,256,264,13.4,39.2,1,0.00,997.3,983.4
2024-03-31T18:00,13.4,0.00,88,11.4,13.3,0.00,0.00,0.00,3,81,80,1,1,3.7,284,281,4.5,13.3,1,3600.00,997.2,983.3
2024-03-31T19:00,11.4,0.00,92,10.2,10.7,0.00,0.00,0.00,2,62,58,14,0,5.7,46,55,12.0,10.1,0,61.15,997.1,983.1
2024-03-31T20:00,9.7,0.00,96,9.1,8.3,0.00,0.00,0.00,2,50,48,3,0,7.9,57,60,9.9,12.2,0,0.00,997.1,983.0
2024-03-31T21:00,9.9,0.00,94,9.0,8.9,0.00,0.00,0.00,3,100,96,89,0,5.0,335,21,6.8,11.5,0,0.00,997.8,983.7
2024-03-31T22:00,9.8,0.00,94,8.9,8.8,0.00,0.00,0.00,3,100,100,76,0,4.9,144,126,8.0,8.6,0,0.00,997.8,983.7
2024-03-31T23:00,9.6,0.00,95,8.9,8.1,0.00,0.00,0.00,3,100,100,93,0,8.5,131,126,15.3,14.4,0,0.00,996.9,982.8
2024-04-01T00:00,10.3,0.80,94,9.3,9.3,0.80,0.00,0.00,53,100,100,100,0,5.8,125,86,11.4,23.8,0,0.00,996.7,982.6
2024-04-01T01:00,10.0,0.00,96,9.4,8.9,0.00,0.00,0.00,3,100,100,100,13,6.8,118,90,7.7,13.3,0,0.00,996.1,982.0
2024-04-01T02:00,10.7,0.70,92,9.5,9.8,0.70,0.00,0.00,53,100,100,96,1,5.2,347,25,8.1,9.0,0,0.00,995.2,981.2
2024-04-01T03:00,10.3,0.40,90,8.8,8.6,0.40,0.00,0.00,51,100,100,93,0,9.8,5,8,21.0,20.9,0,0.00,993.4,979.4
2024-04-01T04:00,9.9,0.10,91,8.6,8.7,0.10,0.00,0.00,51,100,100,100,0,5.5,356,349,15.5,19.1,0,0.00,993.3,979.3
2024-04-01T05:00,9.9,0.80,92,8.7,8.7,0.80,0.00,0.00,53,100,99,100,0,5.7,348,325,14.0,13.0,0,0.00,993.2,979.2
2024-04-01T06:00,9.7,0.70,95,8.9,8.3,0.70,0.00,0.00,53,100,98,100,16,7.8,299,283,16.4,15.5,0,0.00,994.1,980.1
2024-04-01T07:00,9.7,1.60,95,9.0,8.0,1.60,0.00,0.00,61,100,100,31,22,9.4,305,302,18.9,22.3,1,0.00,994.1,980.0
2024-04-01T08:00,9.9,0.30,94,9.0,7.6,0.30,0.00,0.00,51,100,100,99,100,14.1,259,257,23.9,28.4,1,0.00,995.6,981.5
2024-04-01T09:00,9.7,0.60,91,8.4,7.0,0.60,0.00,0.00,53,100,100,100,100,15.5,249,245,25.9,32.4,1,0.00,996.8,982.7
2024-04-01T10:00,9.3,0.60,90,7.7,6.5,0.60,0.00,0.00,53,100,100,100,76,14.5,253,251,24.5,32.4,1,0.00,997.6,983.5
2024-04-01T11:00,9.9,0.30,83,7.2,6.4,0.30,0.00,0.00,51,100,100,100,63,19.4,230,230,27.8,40.0,1,0.00,998.7,984.6
2024-04-01T12:00,10.0,0.20,81,6.9,6.0,0.20,0.00,0.00,51,100,100,100,100,21.8,241,239,31.7,47.5,1,0.00,1000.0,985.9
2024-04-01T13:00,9.7,0.50,79,6.2,5.7,0.50,0.00,0.00,53,100,100,100,26,21.3,249,248,30.9,51.5,1,0.00,1001.4,987.2
2024-04-01T14:00,9.4,1.10,83,6.6,4.6,1.10,0.00,0.00,55,100,100,100,52,26.9,237,238,40.8,58.3,1,0.00,1002.7,988.5
2024-04-01T15:00,9.7,0.20,79,6.3,6.0,0.20,0.00,0.00,51,100,80,98,19,18.6,247,248,28.9,54.7,1,0.00,1003.1,988.9
2024-04-01T16:00,10.4,0.30,74,6.0,6.7,0.30,0.00,0.00,51,100,100,100,38,18.1,245,247,27.1,43.9,1,2238.06,1003.5,989.4
2024-04-01T17:00,9.7,0.10,83,7.0,6.5,0.10,0.00,0.00,51,100,100,91,17,16.4,220,218,26.8,36.7,1,0.00,1003.8,989.6
2024-04-01T18:00,9.6,0.00,83,6.9,6.7,0.00,0.00,0.00,3,83,70,51,34,14.4,216,212,25.0,34.2,1,0.00,1004.0,989.8
2024-04-01T19:00,9.2,0.00,84,6.7,6.6,0.00,0.00,0.00,2,58,5,44,38,12.1,215,210,23.3,29.9,0,0.00,1004.2,990.0
2024-04-01T20:00,8.9,0.90,85,6.5,6.1,0.90,0.00,0.00,53,40,3,34,22,12.7,226,225,25.0,27.4,0,0.00,1005.0,990.8
2024-04-01T21:00,8.8,0.00,85,6.4,6.1,0.00,0.00,0.00,1,28,0,20,24,12.2,228,223,25.7,25.9,0,0.00,1005.5,991.2
2024-04-01T22:00,8.3,0.00,87,6.2,5.5,0.00,0.00,0.00,1,25,6,6,19,12.5,226,221,26.2,26.3,0,0.00,1005.9,991.6
2024-04-01T23:00,7.7,0.00,88,5.9,4.9,0.00,0.00,0.00,0,13,0,1,13,12.5,231,226,25.9,26.3,0,0.00,1006.4,992.1
2024-04-02T00:00,7.5,0.00,88,5.7,4.6,0.00,0.00,0.00,0,12,0,0,12,13.0,231,228,26.9,27.4,0,0.00,1007.0,992.7
2024-04-02T01:00,7.1,0.00,90,5.6,4.2,0.00,0.00,0.00,0,12,0,0,12,12.2,228,223,26.3,27.4,0,0.00,1007.7,993.3
2024-04-02T02:00,7.5,0.00,87,5.5,4.5,0.00,0.00,0.00,1,32,0,26,29,13.0,227,222,26.0,27.4,0,0.00,1008.1,993.7
2024-04-02T03:00,7.4,0.00,87,5.3,4.0,0.00,0.00,0.00,1,28,0,19,19,15.0,231,226,28.2,30.2,0,0.00,1008.5,994.1
2024-04-02T04:00,7.3,0.00,87,5.2,3.7,0.00,0.00,0.00,1,36,6,13,28,16.6,224,221,30.6,33.8,0,0.00,1009.0,994.6
2024-04-02T05:00,7.3,0.00,86,5.1,3.4,0.00,0.00,0.00,2,60,23,17,47,18.1,224,221,32.3,37.1,0,0.00,1009.5,995.1
2024-04-02T06:00,7.5,0.00,84,4.9,3.6,0.00,0.00,0.00,3,86,18,26,81,18.6,229,226,32.1,38.5,1,0.00,1010.2,995.8
2024-04-02T07:00,7.9,0.20,82,5.1,3.8,0.20,0.00,0.00,51,93,0,67,82,19.8,236,233,32.4,40.3,1,0.00,1011.1,996.7
2024-04-02T08:00,8.6,0.10,82,5.7,4.4,0.10,0.00,0.00,51,68,1,16,62,21.3,239,236,34.6,43.2,1,0.00,1011.5,997.1
2024-04-02T09:00,9.5,0.30,77,5.8,4.8,0.30,0.00,0.00,51,58,10,42,32,24.8,241,242,37.9,49.7,1,3600.00,1011.8,997.5
2024-04-02T10:00,10.6,0.20,70,5.3,5.8,0.20,0.00,0.00,51,60,1,9,57,25.0,243,243,37.0,54.0,1,3600.00,1012.3,998.0
2024-04-02T11:00,11.3,0.30,66,5.1,6.6,0.30,0.00,0.00,51,36,0,27,25,24.2,242,242,35.4,51.1,1,3600.00,1012.5,998.3
2024-04-02T12:00,12.5,0.40,56,3.9,7.4,0.40,0.00,0.00,51,36,0,26,26,25.1,244,245,36.4,52.6,1,3600.00,1012.2,998.0
2024-04-02T13:00,13.0,0.10,55,4.1,8.3,0.10,0.00,0.00,51,58,0,43,44,22.8,248,249,33.3,53.3,1,3600.00,1012.5,998.4
2024-04-02T14:00,12.7,0.00,54,3.8,7.4,0.00,0.00,0.00,2,62,0,59,28,26.6,242,242,39.3,58.0,1,3600.00,1012.9,998.7
2024-04-02T15:00,12.9,0.00,54,3.9,7.7,0.00,0.00,0.00,1,44,0,35,34,26.1,240,240,39.2,58.0,1,3600.00,1012.5,998.4
2024-04-02T16:00,13.1,0.00,53,3.7,8.0,0.00,0.00,0.00,0,14,0,8,13,24.6,242,243,37.4,58.0,1,3600.00,1012.4,998.3
2024-04-02T17:00,13.1,0.00,53,3.7,8.7,0.00,0.00,0.00,0,17,1,11,8,20.1,241,241,31.3,51.1,1,3600.00,1012.1,998.0
2024-04-02T18:00,12.4,0.00,57,4.1,8.6,0.00,0.00,0.00,2,63,49,13,24,16.0,236,234,28.6,42.1,1,3600.00,1012.2,998.0
2024-04-02T19:00,11.4,0.00,57,3.3,7.8,0.00,0.00,0.00,1,25,9,17,6,13.9,237,233,26.8,33.8,0,781.18,1012.4,998.2
2024-04-02T20:00,9.8,0.00,64,3.3,6.9,0.00,0.00,0.00,2,70,26,57,35,8.9,232,223,22.8,28.8,0,0.00,1012.6,998.3
2024-04-02T21:00,9.5,0.00,67,3.8,6.8,0.00,0.00,0.00,3,90,20,60,75,8.6,227,213,21.7,19.4,0,0.00,1012.8,998.5
2024-04-02T22:00,9.2,0.00,71,4.2,7.0,0.00,0.00,0.00,3,89,2,66,85,5.7,239,235,18.1,18.7,0,0.00,1012.8,998.5
2024-04-02T23:00,9.4,0.00,71,4.5,7.3,0.00,0.00,0.00,3,98,0,98,94,4.8,236,207,15.3,14.0,0,0.00,1012.8,998.5
2024-04-03T00:00,9.7,0.00,68,4.0,7.3,0.00,0.00,0.00,3,100,100,99,22,6.5,218,183,15.9,13.7,0,0.00,1012.7,998.4
2024-04-03T01:00,9.5,0.00,67,3.7,6.8,0.00,0.00,0.00,3,94,88,50,11,8.2,196,165,17.2,15.8,0,0.00,1012.0,997.7
2024-04-03T02:00,10.0,0.00,64,3.4,7.3,0.00,0.00,0.00,3,100,53,100,11,8.0,194,170,17.8,18.4,0,0.00,1011.3,997.0
2024-04-03T03:00,9.5,0.00,65,3.3,7.1,0.00,0.00,0.00,3,100,100,67,15,5.7,188,145,13.1,16.2,0,0.00,1010.7,996.4
2024-04-03T04:00,9.2,0.00,66,3.2,6.8,0.00,0.00,0.00,3,100,100,66,12,5.7,183,145,13.3,12.2,0,0.00,1010.3,996.0
2024-04-03T05:00,8.0,0.00,71,3.0,5.5,0.00,0.00,0.00,3,100,100,100,9,6.4,159,128,14.2,12.6,0,0.00,1009.6,995.2
2024-04-03T06:00,8.6,0.00,68,3.1,5.9,0.00,0.00,0.00,3,100,100,100,12,7.7,163,131,15.0,14.8,1,0.00,1009.6,995.3
2024-04-03T07:00,8.8,0.00,69,3.3,6.0,0.00,0.00,0.00,3,100,100,99,19,8.1,170,135,16.8,16.9,1,0.00,1009.6,995.3
2024-04-03T08:00,10.0,0.00,67,4.2,7.1,0.00,0.00,0.00,3,100,100,100,8,10.4,205,180,24.6,22.3,1,0.00,1010.0,995.7
2024-04-03T09:00,9.8,0.10,72,5.0,7.2,0.10,0.00,0.00,51,100,100,100,4,9.5,196,189,16.5,23.8,1,0.00,1009.9,995.6
2024-04-03T10:00,11.1,0.00,71,6.0,8.5,0.00,0.00,0.00,3,100,74,100,100,11.1,209,209,16.9,24.8,1,0.00,1010.0,995.8
2024-04-03T11:00,11.8,0.10,70,6.5,8.9,0.10,0.00,0.00,51,100,23,100,13,13.6,214,212,20.5,30.6,1,0.00,1009.9,995.7
2024-04-03T12:00,11.5,0.40,73,6.8,7.6,0.40,0.00,0.00,51,100,60,100,100,20.9,220,221,31.2,43.2,1,0.00,1009.9,995.7
2024-04-03T13:00,11.0,0.30,80,7.6,8.3,0.30,0.00,0.00,51,100,41,100,76,14.0,206,203,22.4,42.5,1,0.00,1009.8,995.6
2024-04-03T14:00,10.7,0.60,87,8.7,8.3,0.60,0.00,0.00,53,100,100,100,39,14.2,208,204,24.0,34.6,1,0.00,1009.6,995.4
2024-04-03T15:00,10.8,0.50,89,9.0,8.5,0.50,0.00,0.00,53,100,100,100,46,13.4,212,207,23.3,30.2,1,0.00,1009.8,995.6
2024-04-03T16:00,10.9,0.40,89,9.1,8.6,0.40,0.00,0.00,51,100,100,100,68,13.9,216,211,23.7,28.4,1,0.00,1009.9,995.7
2024-04-03T17:00,11.5,0.00,88,9.7,9.2,0.00,0.00,0.00,3,100,100,84,39,15.1,218,213,25.4,30.2,1,0.00,1010.0,995.8
2024-04-03T18:00,11.7,0.00,88,9.7,9.6,0.00,0.00,0.00,2,50,14,20,38,14.3,215,208,25.4,31.0,1,720.87,1010.1,995.9
2024-04-03T19:00,11.0,2.10,92,9.8,9.0,2.10,0.00,0.00,61,86,34,62,57,13.2,222,223,25.5,31.7,0,277.14,1010.6,996.4
2024-04-03T20:00,11.0,2.30,92,9.8,8.9,2.30,0.00,0.00,61,84,12,57,67,13.6,218,212,26.1,27.7,0,0.00,1011.4,997.2
2024-04-03T21:00,11.3,3.70,90,9.6,8.5,3.70,0.00,0.00,63,77,9,59,48,18.1,220,215,32.2,37.8,0,0.00,1011.4,997.2
2024-04-03T22:00,11.0,1.10,91,9.6,8.1,1.10,0.00,0.00,55,94,44,85,38,19.1,228,223,34.1,38.5,0,0.00,1011.8,997.6
2024-04-03T23:00,11.2,0.00,92,9.9,8.6,0.00,0.00,0.00,3,99,99,23,41,18.1,234,229,32.0,40.0,0,0.00,1012.7,998.5
2024-04-04T00:00,10.8,0.00,94,9.8,8.7,0.00,0.00,0.00,3,98,98,5,21,14.1,234,230,26.6,36.4,0,0.00,1013.2,998.9
2024-04-04T01:00,10.5,0.00,94,9.5,8.7,0.00,0.00,0.00,3,100,100,15,7,11.5,236,226,23.9,28.4,0,0.00,1013.4,999.1
2024-04-04T02:00,10.6,0.10,96,10.1,9.2,0.10,0.00,0.00,51,92,71,54,43,9.7,224,211,20.6,20.2,0,0.00,1012.9,998.6
2024-04-04T03:00,11.0,0.00,95,10.2,9.2,0.00,0.00,0.00,3,93,70,27,69,12.7,224,215,24.2,25.9,0,0.00,1012.8,998.6
2024-04-04T04:00,11.2,0.10,93,10.1,9.0,0.10,0.00,0.00,51,100,87,9,100,15.7,219,212,27.7,31.7,0,0.00,1012.6,998.4
2024-04-04T05:00,11.1,0.10,93,10.0,8.6,0.10,0.00,0.00,51,100,99,41,100,17.1,215,210,29.5,34.9,0,0.00,1012.7,998.5
2024-04-04T06:00,11.0,0.10,91,9.7,8.2,0.10,0.00,0.00,51,100,99,72,100,18.8,215,212,32.6,38.5,1,0.00,1012.6,998.4
2024-04-04T07:00,11.3,0.10,90,9.6,8.4,0.10,0.00,0.00,51,96,89,57,25,18.8,212,209,32.9,38.9,1,0.00,1012.4,998.2
2024-04-04T08:00,12.3,0.00,85,9.9,9.1,0.00,0.00,0.00,3,100,99,73,10,22.1,215,214,36.2,44.3,1,3600.00,1012.2,998.0
2024-04-04T09:00,12.8,0.80,81,9.7,9.4,0.80,0.00,0.00,53,100,93,100,100,22.8,216,215,36.6,49.3,1,0.00,1012.5,998.3
2024-04-04T10:00,12.8,0.40,83,10.0,9.7,0.40,0.00,0.00,51,100,100,100,100,21.4,213,209,35.5,47.5,1,0.00,1012.5,998.3
2024-04-04T11:00,12.5,1.60,89,10.8,10.0,1.60,0.00,0.00,61,100,100,100,100,19.1,225,223,32.3,43.9,1,0.00,1012.7,998.5
2024-04-04T12:00,12.4,1.60,90,10.8,9.4,1.60,0.00,0.00,61,100,100,100,100,22.2,227,227,36.9,54.0,1,0.00,1012.9,998.7
2024-04-04T13:00,12.4,0.60,89,10.7,9.3,0.60,0.00,0.00,53,100,29,100,98,22.2,222,220,37.5,55.8,1,0.00,1012.6,998.4
2024-04-04T14:00,12.5,2.10,91,11.0,9.3,2.10,0.00,0.00,61,100,23,100,100,23.5,239,241,38.9,63.0,1,0.00,1012.7,998.5
2024-04-04T15:00,12.2,1.10,88,10.3,8.8,1.10,0.00,0.00,55,100,14,100,100,23.5,249,249,37.4,53.3,1,0.00,1012.9,998.7
2024-04-04T16:00,12.9,0.50,86,10.7,11.0,0.50,0.00,0.00,53,71,1,65,46,14.3,243,242,24.3,50.8,1,0.00,1013.1,998.9
2024-04-04T17:00,13.3,0.20,85,10.8,11.7,0.20,0.00,0.00,51,34,16,27,8,12.6,222,217,20.4,41.0,1,3600.00,1013.3,999.2
2024-04-04T18:00,12.5,1.40,88,10.6,10.1,1.40,0.00,0.00,61,56,3,29,41,17.6,222,221,29.3,43.9,1,3600.00,1013.5,999.3
2024-04-04T19:00,12.6,0.10,89,10.8,10.0,0.10,0.00,0.00,51,70,64,11,5,19.4,226,223,33.6,44.3,1,3.92,1013.9,999.7
2024-04-04T20:00,11.8,0.00,91,10.4,9.6,0.00,0.00,0.00,3,97,96,22,0,15.5,228,226,29.8,39.2,0,0.00,1015.0,1000.8
2024-04-04T21:00,11.4,0.00,92,10.1,9.4,0.00,0.00,0.00,2,74,67,24,5,14.0,232,226,28.4,32.0,0,0.00,1015.6,1001.3
2024-04-04T22:00,10.9,0.00,94,10.0,9.3,0.00,0.00,0.00,2,72,10,65,12,10.9,224,214,23.9,28.8,0,0.00,1016.1,1001.8
2024-04-04T23:00,11.0,0.00,94,10.0,9.5,0.00,0.00,0.00,2,78,0,75,23,9.9,226,213,22.4,22.3,0,0.00,1016.2,1001.9
2024-04-05T00:00,10.7,0.10,94,9.8,9.5,0.10,0.00,0.00,51,100,59,100,23,7.9,219,196,18.9,20.5,0,0.00,1016.3,1002.0
2024-04-05T01:00,10.8,0.60,95,10.1,9.7,0.60,0.00,0.00,53,100,88,100,33,7.8,196,167,16.5,17.3,0,0.00,1016.3,1002.0
2024-04-05T02:00,11.8,0.10,93,10.7,10.7,0.10,0.00,0.00,51,100,99,100,25,8.6,201,180,18.9,20.2,0,0.00,1015.9,1001.6
2024-04-05T03:00,11.7,0.40,92,10.5,10.5,0.40,0.00,0.00,51,100,98,100,27,8.8,198,171,18.6,20.5,0,0.00,1015.7,1001.4
2024-04-05T04:00,11.7,0.20,93,10.6,10.8,0.20,0.00,0.00,51,94,64,75,48,6.9,199,171,16.4,17.6,0,0.00,1015.9,1001.6
2024-04-05T05:00,11.3,0.10,95,10.5,10.5,0.10,0.00,0.00,51,100,100,3,39,6.8,188,148,15.6,14.4,0,0.00,1015.7,1001.4
2024-04-05T06:00,11.2,0.00,93,10.1,10.3,0.00,0.00,0.00,0,18,9,0,10,6.3,189,149,15.3,14.0,1,0.00,1015.6,1001.3
2024-04-05T07:00,11.7,0.00,91,10.3,10.9,0.00,0.00,0.00,0,17,7,11,0,6.5,178,124,11.9,13.0,1,1250.08,1015.5,1001.2
2024-04-05T08:00,13.5,0.00,90,11.9,12.6,0.00,0.00,0.00,3,100,100,21,0,10.1,152,125,17.6,18.7,1,3600.00,1015.3,1001.1
2024-04-05T09:00,15.3,0.00,85,12.7,14.5,0.00,0.00,0.00,3,100,100,80,0,10.8,135,120,22.4,23.0,1,3600.00,1015.2,1001.1
2024-04-05T10:00,17.8,0.00,77,13.7,17.5,0.00,0.00,0.00,3,95,95,8,0,10.5,146,142,16.6,25.2,1,3600.00,1014.5,1000.6
2024-04-05T11:00,20.1,0.00,60,12.1,19.1,0.00,0.00,0.00,3,99,99,16,0,13.0,183,182,18.8,30.2,1,3600.00,1014.1,1000.3
2024-04-05T12:00,21.2,0.00,52,10.9,19.3,0.00,0.00,0.00,3,100,100,98,0,18.0,200,200,26.4,38.9,1,3600.00,1013.6,999.8
2024-04-05T13:00,20.8,0.00,50,10.1,18.0,0.00,0.00,0.00,3,100,100,100,0,19.5,215,214,30.8,41.8,1,0.00,1013.7,999.9
2024-04-05T14:00,19.7,0.00,54,10.2,17.3,0.00,0.00,0.00,3,100,100,96,0,16.5,219,216,30.2,42.8,1,0.00,1013.2,999.4
2024-04-05T15:00,20.1,0.00,54,10.5,17.7,0.00,0.00,0.00,3,100,100,100,0,17.9,244,242,30.1,37.8,1,0.00,1014.2,1000.4
2024-04-05T16:00,18.6,0.00,56,9.6,16.2,0.00,0.00,0.00,3,100,100,100,0,16.1,234,231,29.4,38.5,1,0.00,1014.3,1000.4
2024-04-05T17:00,17.9,0.00,58,9.5,15.4,0.00,0.00,0.00,3,100,97,99,0,15.9,234,232,29.4,33.8,1,0.00,1014.8,1000.9
2024-04-05T18:00,17.4,0.00,61,9.9,15.5,0.00,0.00,0.00,3,100,84,100,0,12.7,237,235,26.3,33.1,1,0.00,1015.0,1001.0
2024-04-05T19:00,16.9,0.00,63,9.8,15.4,0.00,0.00,0.00,3,100,98,100,0,9.6,248,250,22.6,27.0,1,0.00,1015.2,1001.2
2024-04-05T20:00,16.3,0.00,65,9.8,15.1,0.00,0.00,0.00,3,100,99,100,0,7.7,257,259,20.3,21.2,0,0.00,1015.7,1001.7
2024-04-05T21:00,14.8,0.00,72,9.8,13.8,0.00,0.00,0.00,3,100,95,100,0,6.5,238,214,18.8,17.3,0,0.00,1016.0,1001.9
2024-04-05T22:00,14.8,0.00,73,10.0,13.7,0.00,0.00,0.00,3,99,54,97,0,7.9,212,177,18.6,16.6,0,0.00,1016.2,1002.1
2024-04-05T23:00,14.0,0.00,78,10.1,13.0,0.00,0.00,0.00,3,83,50,67,0,6.9,217,186,19.0,16.9,0,0.00,1016.4,1002.2
2024-04-06T00:00,13.1,0.00,80,9.8,11.8,0.00,0.00,0.00,2,65,47,35,0,8.4,209,170,19.8,16.9,0,0.00,1016.4,1002.2
2024-04-06T01:00,12.4,0.00,82,9.5,11.4,0.00,0.00,0.00,3,100,4,100,0,6.3,200,156,17.2,17.6,0,0.00,1016.8,1002.6
2024-04-06T02:00,14.3,0.00,74,9.7,13.3,0.00,0.00,0.00,3,99,98,33,0,6.3,193,149,14.8,13.7,0,0.00,1016.3,1002.2
2024-04-06T03:00,12.7,0.00,81,9.5,11.9,0.00,0.00,0.00,3,99,98,25,0,4.9,182,126,11.2,13.0,0,0.00,1016.5,1002.3
2024-04-06T04:00,11.8,0.00,84,9.2,10.8,0.00,0.00,0.00,3,100,99,85,0,5.6,197,135,10.9,11.2,0,0.00,1016.4,1002.1
2024-04-06T05:00,11.3,0.00,85,8.9,9.9,0.00,0.00,0.00,3,97,96,7,0,7.1,222,165,10.7,12.6,0,0.00,1016.6,1002.3
2024-04-06T06:00,11.8,0.00,82,8.9,10.7,0.00,0.00,0.00,3,97,97,0,0,5.6,191,140,11.7,12.6,1,0.00,1016.7,1002.4
2024-04-06T07:00,12.9,0.00,81,9.7,11.7,0.00,0.00,0.00,3,99,99,0,0,8.1,176,135,14.8,15.1,1,2257.14,1017.2,1003.0
2024-04-06T08:00,15.3,0.00,75,11.0,14.2,0.00,0.00,0.00,3,99,99,3,0,9.7,183,153,18.0,18.4,1,3600.00,1017.2,1003.1
2024-04-06T09:00,17.0,0.00,66,10.7,16.0,0.00,0.00,0.00,3,98,98,0,0,8.6,183,178,13.0,20.9,1,3600.00,1017.4,1003.4
2024-04-06T10:00,19.0,0.00,60,11.1,18.1,0.00,0.00,0.00,3,98,98,0,0,8.6,183,180,12.3,21.6,1,3600.00,1017.2,1003.3
2024-04-06T11:00,21.0,0.00,54,11.4,20.5,0.00,0.00,0.00,3,95,95,0,0,9.8,190,186,13.9,24.1,1,3600.00,1016.6,1002.8
2024-04-06T12:00,22.8,0.00,46,10.5,22.2,0.00,0.00,0.00,3,99,99,0,0,12.0,202,201,17.4,28.1,1,3600.00,1016.2,1002.5
2024-04-06T13:00,24.0,0.00,39,9.3,22.8,0.00,0.00,0.00,3,96,96,0,0,14.1,201,199,20.4,31.7,1,3600.00,1015.7,1002.0
2024-04-06T14:00,25.2,0.00,37,9.4,24.1,0.00,0.00,0.00,0,0,0,0,0,11.3,185,187,16.6,29.2,1,3600.00,1014.6,1001.0
2024-04-06T15:00,25.6,0.00,38,10.1,24.6,0.00,0.00,0.00,2,77,77,0,0,10.5,186,188,15.9,25.6,1,3600.00,1014.1,1000.5
2024-04-06T16:00,25.5,0.00,36,9.4,24.0,0.00,0.00,0.00,3,99,99,0,0,8.8,189,192,15.7,24.5,1,3600.00,1013.5,999.9
2024-04-06T17:00,24.5,0.00,42,10.7,23.6,0.00,0.00,0.00,3,97,97,0,0,7.2,207,207,17.4,21.2,1,3600.00,1013.6,1000.0
2024-04-06T18:00,21.7,0.00,52,11.5,21.2,0.00,0.00,0.00,3,99,99,0,0,6.5,198,183,18.2,16.9,1,3600.00,1013.9,1000.1
2024-04-06T19:00,18.2,0.00,49,7.3,16.1,0.00,0.00,0.00,3,100,100,0,0,9.6,203,167,18.4,15.8,1,1936.92,1013.9,1000.0
2024-04-06T20:00,17.6,0.00,46,5.8,15.4,0.00,0.00,0.00,3,97,97,0,0,8.1,203,159,16.5,16.6,0,0.00,1014.4,1000.5
2024-04-06T21:00,16.5,0.00,48,5.4,14.3,0.00,0.00,0.00,3,94,94,0,0,7.3,143,110,15.7,14.4,0,0.00,1014.3,1000.3
2024-04-06T22:00,15.4,0.00,58,7.2,13.3,0.00,0.00,0.00,3,82,82,0,0,9.6,134,103,19.9,17.6,0,0.00,1014.2,1000.1
2024-04-06T23:00,14.2,0.00,71,9.1,12.3,0.00,0.00,0.00,1,38,38,0,0,10.8,144,105,20.6,20.2,0,0.00,1014.5,1000.4
2024-04-07T00:00,14.1,0.00,70,8.7,12.0,0.00,0.00,0.00,3,81,81,0,0,12.0,144,111,21.4,22.7,0,0.00,1014.4,1000.3
2024-04-07T01:00,13.8,0.00,69,8.2,11.5,0.00,0.00,0.00,3,100,100,0,0,12.5,129,108,23.6,23.8,0,0.00,1014.0,999.9
2024-04-07T02:00,14.7,0.00,59,6.7,12.3,0.00,0.00,0.00,3,85,85,0,0,10.6,130,108,25.0,24.5,0,0.00,1013.3,999.2
2024-04-07T03:00,12.5,0.00,64,5.9,10.5,0.00,0.00,0.00,3,99,99,0,0,6.5,158,96,13.2,21.2,0,0.00,1014.1,999.9
2024-04-07T04:00,12.2,0.00,63,5.3,10.4,0.00,0.00,0.00,3,100,100,0,0,4.3,212,95,11.5,12.2,0,0.00,1014.8,1000.6
2024-04-07T05:00,13.6,0.00,55,4.7,11.2,0.00,0.00,0.00,3,99,99,0,0,7.2,237,198,22.4,16.9,0,0.00,1015.7,1001.5
2024-04-07T06:00,14.7,0.00,55,5.8,12.0,0.00,0.00,0.00,3,99,99,22,0,10.7,237,228,28.9,22.3,1,0.00,1016.5,1002.4
2024-04-07T07:00,15.8,0.00,58,7.5,13.4,0.00,0.00,0.00,3,100,100,74,0,11.5,242,238,26.6,23.8,1,0.00,1017.6,1003.5
2024-04-07T08:00,16.0,0.00,62,8.8,13.9,0.00,0.00,0.00,3,100,100,59,0,11.9,248,245,24.4,25.2,1,0.00,1018.6,1004.5
2024-04-07T09:00,17.1,0.00,66,10.6,16.0,0.00,0.00,0.00,3,100,100,5,0,8.4,247,239,17.3,24.5,1,406.61,1018.9,1004.9
2024-04-07T10:00,18.7,0.00,62,11.3,18.3,0.00,0.00,0.00,3,100,100,6,0,5.4,237,233,7.3,19.1,1,3600.00,1019.4,1005.4
2024-04-07T11:00,20.0,0.00,59,11.7,19.8,0.00,0.00,0.00,3,96,96,0,0,5.2,193,192,6.6,15.8,1,3600.00,1019.2,1005.3
2024-04-07T12:00,21.3,0.00,55,11.8,21.6,0.00,0.00,0.00,3,95,95,1,0,6.8,178,180,8.6,18.7,1,3600.00,1018.7,1004.9
2024-04-07T13:00,22.2,0.00,52,11.8,22.5,0.00,0.00,0.00,3,100,100,1,0,6.8,180,180,9.4,19.8,1,3600.00,1018.3,1004.5
2024-04-07T14:00,22.9,0.00,48,11.3,22.6,0.00,0.00,0.00,3,100,100,27,0,7.6,182,183,10.1,19.8,1,3600.00,1017.6,1003.9
2024-04-07T15:00,23.0,0.00,49,11.7,22.5,0.00,0.00,0.00,3,100,99,85,0,7.2,176,177,9.7,19.8,1,3600.00,1016.7,1003.0
2024-04-07T16:00,23.0,0.00,51,12.5,22.8,0.00,0.00,0.00,3,100,100,99,0,6.5,160,161,9.6,17.3,1,3600.00,1015.9,1002.2
2024-04-07T17:00,22.0,0.00,62,14.3,22.6,0.00,0.00,0.00,3,100,100,22,0,5.4,137,138,12.7,15.5,1,759.38,1015.2,1001.4
2024-04-07T18:00,20.9,0.00,64,13.9,21.1,0.00,0.00,0.00,3,100,100,6,0,7.1,124,120,18.2,14.8,1,3600.00,1014.5,1000.7
2024-04-07T19:00,19.2,0.00,65,12.3,18.5,0.00,0.00,0.00,3,100,100,12,0,9.7,122,112,24.1,19.1,1,0.00,1014.0,1000.1
2024-04-07T20:00,18.6,0.00,65,11.8,17.6,0.00,0.00,0.00,3,100,100,26,0,10.7,114,102,24.8,29.9,0,0.00,1013.6,999.7
2024-04-07T21:00,18.4,0.00,64,11.5,16.8,0.00,0.00,0.00,3,100,100,57,0,13.7,108,95,28.7,25.2,0,0.00,1012.8,998.9
2024-04-07T22:00,18.7,0.00,62,11.2,17.2,0.00,0.00,0.00,3,100,100,8,0,12.8,113,106,28.9,28.1,0,0.00,1012.0,998.1
2024-04-07T23:00,17.4,0.00,67,11.1,16.6,0.00,0.00,0.00,3,100,100,5,0,7.3,106,99,21.3,25.2,0,0.00,1011.7,997.8
2024-04-08T00:00,15.2,0.00,77,11.2,14.8,0.00,0.00,0.00,3,100,100,6,0,5.2,120,106,14.5,15.5,0,0.00,1011.5,997.5
2024-04-08T01:00,15.3,0.00,74,10.7,13.6,0.00,0.00,0.00,3,100,100,45,0,12.9,131,108,24.2,24.1,0,0.00,1011.1,997.1
2024-04-08T02:00,15.8,0.00,66,9.5,14.6,0.00,0.00,0.00,3,100,100,76,0,7.3,202,169,19.1,21.2,0,0.00,1011.3,997.3
2024-04-08T03:00,15.6,0.00,71,10.4,14.5,0.00,0.00,0.00,3,90,67,70,0,8.4,217,187,22.4,19.1,0,0.00,1011.3,997.3
2024-04-08T04:00,15.4,0.00,73,10.5,14.2,0.00,0.00,0.00,1,31,0,31,0,9.2,238,222,25.6,20.9,0,0.00,1011.7,997.7
2024-04-08T05:00,14.0,0.00,77,10.0,13.0,0.00,0.00,0.00,0,9,0,9,0,6.8,230,205,21.5,20.5,0,0.00,1011.8,997.7
2024-04-08T06:00,12.5,0.00,83,9.8,11.6,0.00,0.00,0.00,0,2,0,2,0,5.9,227,191,18.6,16.2,1,0.00,1011.7,997.5
2024-04-08T07:00,14.4,0.00,77,10.4,13.7,0.00,0.00,0.00,0,2,0,2,0,5.9,220,166,16.9,13.7,1,2501.79,1011.7,997.6
2024-04-08T08:00,16.7,0.00,71,11.4,16.2,0.00,0.00,0.00,0,0,0,0,0,6.4,185,128,11.6,14.4,1,3600.00,1011.8,997.8
2024-04-08T09:00,18.3,0.00,63,11.2,17.4,0.00,0.00,0.00,0,5,0,5,0,8.9,160,153,12.6,21.2,1,3600.00,1011.9,998.0
2024-04-08T10:00,20.2,0.00,57,11.3,19.5,0.00,0.00,0.00,0,2,2,0,0,7.5,164,163,10.5,21.6,1,3600.00,1011.4,997.6
2024-04-08T11:00,22.1,0.00,51,11.5,22.1,0.00,0.00,0.00,2,77,75,6,0,7.2,176,177,9.7,19.4,1,3600.00,1011.2,997.5
2024-04-08T12:00,23.7,0.00,45,11.1,23.7,0.00,0.00,0.00,3,94,92,25,0,8.4,187,187,11.3,21.2,1,3600.00,1010.8,997.2
2024-04-08T13:00,24.8,0.00,38,9.7,24.0,0.00,0.00,0.00,3,98,70,96,0,11.3,171,171,16.0,27.0,1,3600.00,1009.9,996.3
2024-04-08T14:00,25.6,0.00,37,9.7,24.8,0.00,0.00,0.00,2,55,27,42,0,9.2,198,201,12.9,25.6,1,3600.00,1009.5,996.0
2024-04-08T15:00,25.9,0.00,41,11.5,25.5,0.00,0.00,0.00,1,44,31,35,0,6.3,196,204,9.3,23.0,1,3600.00,1009.0,995.5
2024-04-08T16:00,25.7,0.00,42,12.0,25.4,0.00,0.00,0.00,3,100,100,88,0,6.3,236,239,10.4,17.3,1,3600.00,1008.5,995.0
2024-04-08T17:00,23.6,0.00,60,15.4,24.7,0.00,0.00,0.00,2,67,65,20,0,4.7,241,247,11.1,16.6,1,0.00,1007.9,994.3
2024-04-08T18:00,23.2,0.00,64,15.9,24.6,0.00,0.00,0.00,3,93,34,91,0,4.0,207,175,8.0,14.0,1,3600.00,1007.8,994.2
2024-04-08T19:00,19.2,0.00,63,12.0,18.8,0.00,0.00,0.00,2,55,11,49,0,7.1,146,105,9.6,10.4,1,818.44,1007.1,993.3
2024-04-08T20:00,18.5,0.00,55,9.3,17.2,0.00,0.00,0.00,0,7,3,5,0,7.2,95,72,12.6,12.6,0,0.00,1006.5,992.7
2024-04-08T21:00,16.6,0.00,59,8.6,15.1,0.00,0.00,0.00,3,97,97,1,0,8.0,94,82,17.0,16.2,0,0.00,1006.0,992.1
2024-04-08T22:00,16.3,0.00,58,7.9,14.5,0.00,0.00,0.00,3,93,91,22,0,8.6,104,92,23.4,18.0,0,0.00,1005.9,992.0
2024-04-08T23:00,17.3,0.00,53,7.7,14.7,0.00,0.00,0.00,3,100,100,37,0,13.8,120,110,31.6,27.0,0,0.00,1005.5,991.7
2024-04-09T00:00,19.7,0.00,49,8.5,16.4,0.00,0.00,0.00,2,60,44,29,0,19.6,130,116,38.1,40.3,0,0.00,1004.8,991.1
2024-04-09T01:00,18.4,0.00,53,8.6,16.8,0.00,0.00,0.00,3,100,99,75,0,8.1,169,201,18.7,39.2,0,0.00,1004.9,991.1
2024-04-09T02:00,16.6,0.00,59,8.5,15.5,0.00,0.00,0.00,2,72,2,71,0,4.3,135,85,3.1,14.8,0,0.00,1004.8,990.9
2024-04-09T03:00,16.2,0.00,63,9.1,15.2,0.00,0.00,0.00,3,94,87,53,0,5.0,177,120,7.6,9.4,0,0.00,1005.5,991.6
2024-04-09T04:00,15.8,0.00,63,8.8,14.5,0.00,0.00,0.00,3,95,95,0,0,7.1,232,195,20.0,14.4,0,0.00,1006.1,992.2
2024-04-09T05:00,15.6,0.00,66,9.2,14.0,0.00,0.00,0.00,3,98,98,22,0,9.2,273,259,24.1,22.3,0,0.00,1007.1,993.2
2024-04-09T06:00,15.0,0.00,70,9.5,13.5,0.00,0.00,0.00,3,98,97,44,0,9.5,280,259,20.8,19.4,1,0.00,1007.8,993.8
2024-04-09T07:00,15.1,0.00,74,10.6,13.4,0.00,0.00,0.00,3,100,100,100,17,13.1,242,238,26.1,25.6,1,0.00,1009.6,995.6
2024-04-09T08:00,15.0,0.30,81,11.8,12.4,0.30,0.00,0.00,51,100,34,92,100,21.5,255,252,32.4,41.4,1,0.00,1011.0,997.0
2024-04-09T09:00,12.9,0.20,72,7.9,9.1,0.20,0.00,0.00,51,100,100,99,100,21.7,267,265,32.1,49.3,1,0.00,1013.4,999.2
2024-04-09T10:00,12.5,0.10,67,6.5,8.9,0.10,0.00,0.00,51,100,94,100,100,18.9,257,257,27.3,47.5,1,0.00,1015.2,1001.0
2024-04-09T11:00,11.1,0.10,68,5.5,7.2,0.10,0.00,0.00,51,100,87,100,26,19.5,252,251,28.8,41.4,1,0.00,1016.1,1001.8
2024-04-09T12:00,10.8,0.00,68,5.2,6.9,0.00,0.00,0.00,3,100,46,100,40,18.8,250,250,28.0,41.4,1,0.00,1016.9,1002.6
2024-04-09T13:00,10.8,0.10,67,4.9,6.8,0.10,0.00,0.00,51,100,100,100,51,18.9,246,246,27.9,40.0,1,0.00,1017.1,1002.8
2024-04-09T14:00,10.6,0.20,70,5.3,6.5,0.20,0.00,0.00,51,100,100,100,45,19.8,234,233,29.1,43.6,1,0.00,1018.2,1003.9
2024-04-09T15:00,10.5,0.10,70,5.4,6.7,0.10,0.00,0.00,51,100,100,100,36,18.4,235,235,28.0,42.1,1,0.00,1018.4,1004.0
2024-04-09T16:00,10.9,0.00,69,5.4,6.8,0.00,0.00,0.00,3,100,100,100,51,20.3,236,237,30.9,43.9,1,0.00,1018.7,1004.4
2024-04-09T17:00,10.8,0.10,72,6.0,7.6,0.10,0.00,0.00,51,100,100,100,8,15.0,218,215,24.6,42.5,1,0.00,1019.0,1004.7
2024-04-09T18:00,10.4,0.00,74,6.1,7.0,0.00,0.00,0.00,3,100,100,100,0,16.8,205,203,26.6,34.6,1,0.00,1019.2,1004.8
2024-04-09T19:00,9.8,0.00,74,5.5,5.9,0.00,0.00,0.00,3,100,100,100,1,18.9,217,215,32.4,39.2,1,0.00,1020.1,1005.7
2024-04-09T20:00,9.8,0.00,74,5.4,6.3,0.00,0.00,0.00,3,100,72,100,0,15.9,221,219,28.3,38.5,0,0.00,1020.9,1006.5
2024-04-09T21:00,9.5,0.00,76,5.5,6.2,0.00,0.00,0.00,3,90,2,90,0,14.5,226,224,26.7,32.4,0,0.00,1021.7,1007.2
2024-04-09T22:00,8.8,0.00,80,5.6,5.7,0.00,0.00,0.00,3,93,1,93,0,13.5,226,224,25.5,29.9,0,0.00,1022.4,1007.9
2024-04-09T23:00,8.1,0.00,83,5.4,5.3,0.00,0.00,0.00,3,98,0,98,0,10.9,230,224,23.5,27.0,0,0.00,1023.0,1008.5
2024-04-10T00:00,7.6,0.00,84,5.1,5.0,0.00,0.00,0.00,3,100,0,100,0,9.7,231,222,22.3,22.3,0,0.00,1023.5,1008.9
2024-04-10T01:00,7.5,0.00,82,4.6,4.9,0.00,0.00,0.00,0,16,0,16,0,8.9,236,227,20.5,19.8,0,0.00,1023.8,1009.2
2024-04-10T02:00,6.9,0.00,81,3.9,4.2,0.00,0.00,0.00,1,27,5,1,23,8.6,247,237,20.7,17.3,0,0.00,1024.5,1009.9
2024-04-10T03:00,6.5,0.00,83,3.9,3.8,0.00,0.00,0.00,1,34,10,16,19,8.2,253,241,19.9,17.3,0,0.00,1025.2,1010.5
2024-04-10T04:00,6.3,0.00,85,4.0,3.8,0.00,0.00,0.00,1,24,20,5,3,7.1,253,240,18.1,16.9,0,0.00,1025.8,1011.1
2024-04-10T05:00,5.3,0.00,91,3.9,2.9,0.00,0.00,0.00,0,11,11,1,0,6.6,239,225,17.6,15.1,0,0.00,1026.4,1011.7
2024-04-10T06:00,4.8,0.00,93,3.8,2.5,0.00,0.00,0.00,1,40,29,24,11,6.0,234,213,16.0,13.3,1,0.00,1027.5,1012.7
2024-04-10T07:00,6.2,0.00,89,4.6,3.9,0.00,0.00,0.00,1,43,10,3,35,6.6,235,209,13.7,14.0,1,2745.05,1028.6,1013.9
2024-04-10T08:00,7.7,0.00,81,4.7,5.4,0.00,0.00,0.00,0,19,0,0,19,6.5,254,251,9.0,16.9,1,3600.00,1028.9,1014.3
2024-04-10T09:00,9.3,0.00,73,4.7,6.7,0.00,0.00,0.00,3,91,0,0,91,8.9,297,297,11.8,22.0,1,3600.00,1029.4,1014.8
2024-04-10T10:00,10.4,0.00,68,4.7,8.3,0.00,0.00,0.00,3,99,24,2,98,5.6,309,310,6.9,22.0,1,3600.00,1029.7,1015.2
2024-04-10T11:00,11.4,0.00,62,4.3,9.6,0.00,0.00,0.00,1,45,0,29,28,2.9,276,277,3.6,16.6,1,3600.00,1030.1,1015.6
2024-04-10T12:00,12.4,0.00,55,3.7,10.3,0.00,0.00,0.00,2,67,12,19,60,4.4,278,279,5.1,15.5,1,3600.00,1030.0,1015.6
2024-04-10T13:00,13.0,0.00,52,3.5,10.6,0.00,0.00,0.00,3,96,0,52,96,5.4,273,274,6.5,16.9,1,3600.00,1029.9,1015.5
2024-04-10T14:00,13.7,0.00,50,3.4,11.4,0.00,0.00,0.00,3,99,1,94,99,5.6,285,285,7.1,17.3,1,3600.00,1029.9,1015.5
2024-04-10T15:00,13.4,0.00,51,3.5,10.8,0.00,0.00,0.00,3,99,0,59,99,7.3,288,290,9.1,18.0,1,970.87,1030.2,1015.8
2024-04-10T16:00,13.5,0.00,52,3.7,11.1,0.00,0.00,0.00,2,70,0,35,69,6.3,301,301,8.4,18.7,1,3600.00,1030.5,1016.1
2024-04-10T17:00,13.2,0.00,52,3.5,10.9,0.00,0.00,0.00,2,51,0,26,49,4.8,298,297,6.1,16.6,1,3600.00,1030.8,1016.4
2024-04-10T18:00,12.7,0.00,60,5.2,11.1,0.00,0.00,0.00,1,46,0,45,30,3.0,293,284,5.5,11.9,1,3600.00,1030.9,1016.5
2024-04-10T19:00,11.5,0.00,58,3.6,9.2,0.00,0.00,0.00,1,35,0,34,23,5.4,273,278,6.1,7.9,1,2383.68,1031.2,1016.7
2024-04-10T20:00,11.7,0.00,53,2.5,9.6,0.00,0.00,0.00,0,0,0,0,0,2.6,239,344,4.2,7.2,0,0.00,1031.9,1017.4
2024-04-10T21:00,11.5,0.00,53,2.2,9.3,0.00,0.00,0.00,0,1,0,0,1,2.7,276,23,3.6,3.6,0,0.00,1032.5,1018.0
2024-04-10T22:00,9.2,0.00,63,2.5,6.9,0.00,0.00,0.00,0,4,0,0,4,3.6,315,37,4.1,5.8,0,0.00,1032.7,1018.1
2024-04-10T23:00,8.0,0.00,68,2.4,5.8,0.00,0.00,0.00,0,0,0,0,0,3.3,180,96,1.8,5.4,0,0.00,1033.0,1018.3
2024-04-11T00:00,6.0,0.00,77,2.3,3.3,0.00,0.00,0.00,0,0,0,0,0,6.2,169,111,5.9,8.6,0,0.00,1032.8,1018.0
2024-04-11T01:00,5.5,0.00,78,2.0,3.0,0.00,0.00,0.00,0,0,0,0,0,5.1,153,98,4.8,9.0,0,0.00,1032.6,1017.8
2024-04-11T02:00,4.8,0.00,82,2.0,2.1,0.00,0.00,0.00,0,0,0,0,0,5.9,154,128,10.0,10.4,0,0.00,1033.0,1018.1
2024-04-11T03:00,4.4,0.00,83,1.8,1.7,0.00,0.00,0.00,0,4,4,0,0,6.3,150,114,11.6,11.5,0,0.00,1032.8,1017.9
2024-04-11T04:00,4.2,0.00,84,1.8,1.5,0.00,0.00,0.00,0,19,19,0,0,6.3,140,114,12.8,13.3,0,0.00,1033.1,1018.2
2024-04-11T05:00,3.4,0.00,88,1.6,0.7,0.00,0.00,0.00,3,84,83,0,0,5.2,138,102,10.7,11.5,0,0.00,1033.5,1018.6
2024-04-11T06:00,3.2,0.00,89,1.5,0.6,0.00,0.00,0.00,0,2,2,0,0,4.7,141,86,6.9,9.0,1,0.00,1033.7,1018.7
2024-04-11T07:00,6.2,0.00,81,3.3,4.0,0.00,0.00,0.00,0,0,0,0,0,4.7,149,86,6.3,8.6,1,2865.88,1033.9,1019.1
2024-04-11T08:00,9.8,0.00,74,5.3,8.2,0.00,0.00,0.00,0,0,0,0,0,2.6,167,196,6.6,9.4,1,3600.00,1034.2,1019.6
2024-04-11T09:00,11.6,0.00,68,5.9,9.9,0.00,0.00,0.00,1,34,34,0,0,4.2,201,211,5.0,14.0,1,3600.00,1034.5,1020.0
2024-04-11T10:00,13.3,0.00,62,6.2,11.9,0.00,0.00,0.00,0,0,0,0,0,3.1,233,234,3.6,14.0,1,3600.00,1034.9,1020.5
2024-04-11T11:00,14.8,0.00,53,5.3,13.9,0.00,0.00,0.00,0,0,0,0,0,3.6,212,217,4.7,15.1,1,3600.00,1034.7,1020.3
2024-04-11T12:00,15.8,0.00,48,4.8,15.1,0.00,0.00,0.00,2,61,61,0,0,4.7,232,238,5.9,16.6,1,3600.00,1034.3,1020.0
2024-04-11T13:00,16.4,0.00,47,5.0,15.7,0.00,0.00,0.00,3,100,100,0,0,5.2,232,236,6.4,16.9,1,3600.00,1033.8,1019.5
2024-04-11T14:00,17.1,0.00,42,4.1,15.7,0.00,0.00,0.00,3,100,100,4,0,5.5,254,259,6.7,16.9,1,3600.00,1033.7,1019.5
2024-04-11T15:00,16.9,0.00,42,4.0,14.6,0.00,0.00,0.00,3,100,100,26,0,5.8,270,274,7.2,16.9,1,3600.00,1033.4,1019.2
2024-04-11T16:00,16.6,0.00,43,4.0,14.4,0.00,0.00,0.00,3,100,100,0,0,5.5,290,293,7.3,15.5,1,3600.00,1033.1,1018.8
2024-04-11T17:00,16.2,0.00,46,4.6,14.2,0.00,0.00,0.00,3,99,99,3,0,4.6,307,309,7.2,14.0,1,3200.10,1033.0,1018.7
2024-04-11T18:00,15.3,0.00,64,8.6,14.5,0.00,0.00,0.00,2,68,67,4,0,3.0,338,346,6.6,11.2,1,3600.00,1033.1,1018.8
2024-04-11T19:00,13.1,0.00,62,6.0,11.3,0.00,0.00,0.00,0,11,1,11,0,5.9,24,38,4.3,7.6,1,2080.31,1033.2,1018.8
2024-04-11T20:00,10.9,0.00,68,5.2,8.9,0.00,0.00,0.00,1,39,39,0,0,6.0,60,65,2.9,8.3,0,0.00,1033.4,1018.9
2024-04-11T21:00,9.3,0.00,73,4.8,7.2,0.00,0.00,0.00,2,79,79,0,0,5.2,32,65,3.4,8.3,0,0.00,1033.4,1018.8
2024-04-11T22:00,8.7,0.00,73,4.2,6.7,0.00,0.00,0.00,2,68,68,0,0,4.1,9,75,2.2,7.9,0,0.00,1033.7,1019.0
2024-04-11T23:00,7.8,0.00,76,3.8,5.8,0.00,0.00,0.00,3,100,100,9,0,3.6,153,84,0.8,6.5,0,0.00,1033.9,1019.2
2024-04-12T00:00,7.9,0.00,73,3.3,5.9,0.00,0.00,0.00,3,98,98,9,0,2.9,188,90,2.5,6.1,0,0.00,1033.9,1019.2
2024-04-12T01:00,7.6,0.00,74,3.2,5.4,0.00,0.00,0.00,3,98,97,39,0,4.1,180,105,4.3,5.4,0,0.00,1033.9,1019.2
2024-04-12T02:00,8.4,0.00,74,4.1,6.3,0.00,0.00,0.00,3,100,99,32,0,4.5,151,119,9.5,9.7,0,0.00,1033.7,1019.0
2024-04-12T03:00,7.0,0.00,80,3.8,4.6,0.00,0.00,0.00,3,100,100,0,0,6.2,147,97,8.6,9.7,0,0.00,1033.6,1018.9
2024-04-12T04:00,7.3,0.00,77,3.4,4.9,0.00,0.00,0.00,3,100,100,0,0,5.9,146,101,10.9,10.1,0,0.00,1033.7,1019.0
2024-04-12T05:00,7.7,0.00,75,3.6,5.3,0.00,0.00,0.00,3,100,100,0,0,6.1,151,118,13.2,10.8,0,0.00,1033.8,1019.1
2024-04-12T06:00,7.6,0.00,77,3.9,5.2,0.00,0.00,0.00,3,99,99,0,0,6.4,153,133,15.0,11.9,1,0.00,1033.5,1018.8
2024-04-12T07:00,8.7,0.00,77,4.9,6.4,0.00,0.00,0.00,2,61,61,0,0,7.1,161,131,13.0,12.6,1,1652.39,1033.9,1019.2
2024-04-12T08:00,11.4,0.00,71,6.4,9.6,0.00,0.00,0.00,2,71,71,0,0,6.0,162,147,11.4,14.8,1,3600.00,1034.0,1019.5
2024-04-12T09:00,13.7,0.00,67,7.6,12.3,0.00,0.00,0.00,0,0,0,0,0,5.0,177,180,7.2,15.5,1,3600.00,1034.0,1019.6
2024-04-12T10:00,15.7,0.00,62,8.5,14.6,0.00,0.00,0.00,0,18,18,0,0,4.8,208,207,6.1,15.8,1,3600.00,1033.8,1019.5
2024-04-12T11:00,17.3,0.00,56,8.4,16.8,0.00,0.00,0.00,3,98,98,0,0,5.4,231,233,6.9,17.3,1,3600.00,1033.5,1019.3
2024-04-12T12:00,18.2,0.00,54,8.8,17.9,0.00,0.00,0.00,3,97,96,0,12,6.6,258,257,8.8,19.8,1,3600.00,1033.2,1019.0
2024-04-12T13:00,18.8,0.00,58,10.3,19.0,0.00,0.00,0.00,3,100,99,0,30,5.4,261,262,7.3,19.8,1,3600.00,1032.7,1018.6
2024-04-12T14:00,19.0,0.00,58,10.6,19.1,0.00,0.00,0.00,1,31,28,0,5,5.5,332,337,6.9,20.5,1,3600.00,1032.6,1018.5
2024-04-12T15:00,19.2,0.00,60,11.3,18.8,0.00,0.00,0.00,1,44,40,0,5,6.6,345,347,8.6,18.4,1,3600.00,1031.8,1017.7
2024-04-12T16:00,19.3,0.00,60,11.4,18.8,0.00,0.00,0.00,2,54,53,0,1,6.3,338,336,8.6,18.0,1,3600.00,1031.2,1017.1
2024-04-12T17:00,19.4,0.00,60,11.5,19.0,0.00,0.00,0.00,1,30,30,0,1,5.6,315,310,7.6,16.6,1,3600.00,1030.7,1016.6
2024-04-12T18:00,18.4,0.00,68,12.4,18.3,0.00,0.00,0.00,0,15,14,0,1,6.1,333,332,13.4,13.0,1,3600.00,1030.6,1016.5
2024-04-12T19:00,16.1,0.00,73,11.4,15.3,0.00,0.00,0.00,3,100,100,0,0,8.4,10,10,18.3,16.6,1,2560.10,1030.4,1016.2
2024-04-12T20:00,13.5,0.00,83,10.8,12.9,0.00,0.00,0.00,3,94,94,0,1,6.0,14,57,10.7,15.8,0,0.00,1030.5,1016.1
2024-04-12T21:00,12.2,0.00,88,10.3,11.7,0.00,0.00,0.00,3,94,94,0,5,4.0,13,85,6.3,9.4,0,0.00,1030.7,1016.3
2024-04-12T22:00,11.1,0.00,92,9.8,10.6,0.00,0.00,0.00,3,100,100,0,4,3.3,108,96,1.1,6.5,0,0.00,1030.7,1016.2
2024-04-12T23:00,11.0,0.00,91,9.6,10.4,0.00,0.00,0.00,3,100,99,0,6,3.7,171,101,4.4,6.8,0,0.00,1030.6,1016.1
2024-04-13T00:00,10.1,0.00,92,8.9,9.1,0.00,0.00,0.00,3,98,98,0,5,5.2,189,102,4.7,7.2,0,0.00,1030.4,1015.9
2024-04-13T01:00,9.7,0.00,92,8.5,8.4,0.00,0.00,0.00,3,92,92,0,3,6.4,196,117,6.7,8.6,0,0.00,1030.2,1015.6
2024-04-13T02:00,9.3,0.00,94,8.4,8.3,0.00,0.00,0.00,3,100,100,0,0,3.8,165,107,4.1,7.2,0,0.00,1030.1,1015.5
2024-04-13T03:00,9.0,0.00,94,8.2,7.9,0.00,0.00,0.00,3,100,100,0,0,4.5,151,104,3.7,6.8,0,0.00,1030.0,1015.4
2024-04-13T04:00,8.8,0.00,94,7.9,7.5,0.00,0.00,0.00,3,99,99,0,0,5.2,158,115,5.8,8.6,0,0.00,1029.9,1015.3
2024-04-13T05:00,9.0,0.00,94,8.1,7.7,0.00,0.00,0.00,3,100,100,0,0,5.8,157,120,9.4,10.1,0,0.00,1029.8,1015.2
2024-04-13T06:00,9.2,0.00,94,8.3,7.7,0.00,0.00,0.00,2,61,61,0,0,6.6,156,119,11.4,11.5,1,0.00,1029.6,1015.0
2024-04-13T07:00,10.8,0.00,90,9.3,9.5,0.00,0.00,0.00,2,67,67,0,0,7.9,157,120,11.0,14.0,1,3105.37,1029.9,1015.4
2024-04-13T08:00,13.9,0.00,82,10.9,13.3,0.00,0.00,0.00,3,89,89,0,0,5.9,146,133,10.4,14.4,1,3600.00,1029.9,1015.6
2024-04-13T09:00,16.3,0.00,74,11.7,16.0,0.00,0.00,0.00,3,100,100,0,0,5.6,152,153,7.7,15.8,1,3600.00,1029.6,1015.4
2024-04-13T10:00,18.0,0.00,69,12.3,18.0,0.00,0.00,0.00,3,100,100,0,0,5.0,180,180,6.8,16.2,1,3600.00,1029.2,1015.1
2024-04-13T11:00,19.4,0.00,65,12.6,19.9,0.00,0.00,0.00,3,100,100,0,0,5.5,201,203,7.0,17.3,1,3600.00,1028.6,1014.5
2024-04-13T12:00,20.3,0.00,62,12.8,21.0,0.00,0.00,0.00,3,100,100,0,0,6.0,208,213,7.7,18.0,1,3600.00,1027.8,1013.8
2024-04-13T13:00,21.4,0.00,60,13.2,22.7,0.00,0.00,0.00,3,100,100,0,0,5.9,217,218,7.7,18.4,1,3600.00,1027.2,1013.3
2024-04-13T14:00,22.3,0.00,52,11.8,22.8,0.00,0.00,0.00,3,100,100,0,0,6.5,211,214,8.4,18.0,1,3600.00,1026.3,1012.4
2024-04-13T15:00,22.8,0.00,50,11.9,22.9,0.00,0.00,0.00,3,97,97,0,0,6.9,216,219,9.3,18.7,1,3600.00,1025.3,1011.4
2024-04-13T16:00,22.8,0.00,52,12.4,22.4,0.00,0.00,0.00,3,100,100,0,0,7.7,221,221,10.5,19.1,1,3600.00,1024.4,1010.6
2024-04-13T17:00,22.4,0.00,54,12.5,22.1,0.00,0.00,0.00,3,94,94,0,0,7.3,215,213,12.7,18.7,1,3600.00,1023.8,1009.9
2024-04-13T18:00,20.8,0.00,62,13.3,20.8,0.00,0.00,0.00,3,100,100,0,0,7.0,199,192,16.4,17.3,1,3600.00,1023.2,1009.3
2024-04-13T19:00,18.2,0.00,68,12.2,17.7,0.00,0.00,0.00,3,100,100,0,0,7.6,203,185,20.7,15.5,1,2647.98,1022.7,1008.7
2024-04-13T20:00,16.8,0.00,71,11.6,16.2,0.00,0.00,0.00,3,99,99,0,0,7.9,216,196,22.2,16.2,0,0.00,1022.9,1008.8
2024-04-13T21:00,15.6,0.00,76,11.4,15.1,0.00,0.00,0.00,3,99,99,0,0,6.6,228,202,19.4,16.2,0,0.00,1022.9,1008.7
2024-04-13T22:00,14.9,0.00,79,11.3,14.4,0.00,0.00,0.00,2,54,54,0,0,6.5,223,186,18.6,14.0,0,0.00,1022.8,1008.6
2024-04-13T23:00,14.6,0.00,82,11.5,14.0,0.00,0.00,0.00,2,58,58,0,0,7.2,220,183,19.7,15.1,0,0.00,1022.8,1008.6
2024-04-14T00:00,13.9,0.00,84,11.3,13.3,0.00,0.00,0.00,3,83,83,0,0,6.9,223,189,19.6,15.1,0,0.00,1022.8,1008.6
2024-04-14T01:00,13.6,0.00,85,11.2,12.9,0.00,0.00,0.00,3,97,97,0,0,7.6,217,185,20.3,15.8,0,0.00,1022.7,1008.4
2024-04-14T02:00,13.6,0.00,82,10.5,12.6,0.00,0.00,0.00,2,79,79,0,0,7.9,213,177,19.3,15.5,0,0.00,1021.7,1007.5
2024-04-14T03:00,13.2,0.00,83,10.3,12.1,0.00,0.00,0.00,3,96,96,0,0,8.4,217,190,22.1,16.6,0,0.00,1021.7,1007.4
2024-04-14T04:00,13.1,0.00,83,10.2,11.7,0.00,0.00,0.00,3,99,99,0,0,9.9,218,199,24.6,19.4,0,0.00,1021.6,1007.3
2024-04-14T05:00,13.0,0.00,83,10.2,11.7,0.00,0.00,0.00,3,99,99,0,0,9.2,224,211,24.2,20.2,0,0.00,1021.8,1007.5
2024-04-14T06:00,12.5,0.00,86,10.3,11.5,0.00,0.00,0.00,3,100,100,0,0,7.4,229,209,20.2,18.7,1,0.00,1022.2,1007.9
2024-04-14T07:00,14.0,0.00,84,11.3,13.3,0.00,0.00,0.00,3,96,96,0,0,7.5,232,215,16.4,14.8,1,3223.80,1022.8,1008.6
2024-04-14T08:00,15.8,0.00,80,12.4,15.6,0.00,0.00,0.00,3,97,97,0,0,6.1,227,220,12.7,15.5,1,3600.00,1022.9,1008.7
2024-04-14T09:00,17.5,0.00,73,12.7,17.3,0.00,0.00,0.00,3,100,100,0,0,7.1,242,240,9.8,19.4,1,3600.00,1022.8,1008.7
2024-04-14T10:00,18.8,0.00,66,12.2,18.5,0.00,0.00,0.00,3,96,96,0,1,6.6,240,241,8.7,19.4,1,3600.00,1022.7,1008.7
2024-04-14T11:00,20.1,0.00,62,12.6,20.2,0.00,0.00,0.00,3,100,100,0,0,8.3,236,236,10.9,22.0,1,3600.00,1022.4,1008.5
2024-04-14T12:00,21.7,0.00,56,12.6,21.1,0.00,0.00,0.00,3,99,97,0,66,15.8,258,258,21.3,34.6,1,3600.00,1021.7,1007.8
2024-04-14T13:00,22.2,0.00,52,11.7,20.2,0.00,0.00,0.00,3,99,96,20,86,16.9,268,268,24.1,36.4,1,3600.00,1021.0,1007.2
2024-04-14T14:00,22.9,0.00,50,12.0,21.3,0.00,0.00,0.00,3,100,100,9,12,17.8,277,277,25.0,38.2,1,3600.00,1020.3,1006.5
2024-04-14T15:00,22.6,0.00,50,11.6,20.8,0.00,0.00,0.00,3,100,100,15,16,15.7,279,279,22.6,38.5,1,3600.00,1019.6,1005.8
2024-04-14T16:00,22.2,0.00,50,11.4,20.8,0.00,0.00,0.00,3,100,100,17,10,12.8,290,292,19.1,33.8,1,3600.00,1018.9,1005.1
2024-04-14T17:00,21.5,0.00,51,10.8,20.3,0.00,0.00,0.00,3,97,97,10,3,10.2,292,293,17.4,28.1,1,3600.00,1018.3,1004.5
2024-04-14T18:00,20.4,0.00,56,11.3,19.4,0.00,0.00,0.00,3,100,100,0,0,9.3,296,298,20.0,22.7,1,3600.00,1017.9,1004.0
2024-04-14T19:00,18.3,0.00,61,10.6,17.3,0.00,0.00,0.00,3,100,100,0,0,8.2,297,299,21.4,20.2,1,2643.85,1017.7,1003.7
2024-04-14T20:00,16.5,0.00,69,10.7,15.6,0.00,0.00,0.00,3,100,100,0,0,7.5,327,325,19.0,16.9,0,0.00,1017.5,1003.5
2024-04-14T21:00,15.1,0.00,74,10.6,14.0,0.00,0.00,0.00,3,100,100,14,0,8.8,19,12,19.8,18.0,0,0.00,1017.1,1003.0
2024-04-14T22:00,13.8,0.00,81,10.5,13.1,0.00,0.00,0.00,3,100,100,21,0,5.5,38,23,14.6,15.8,0,0.00,1016.5,1002.3
2024-04-14T23:00,12.6,0.00,87,10.4,12.1,0.00,0.00,0.00,3,100,100,4,5,4.3,26,5,9.2,9.4,0,0.00,1016.2,1002.0
2024-04-15T00:00,11.7,0.00,89,10.0,11.0,0.00,0.00,0.00,3,100,100,2,15,5.1,9,356,11.7,9.0,0,0.00,1015.8,1001.5
2024-04-15T01:00,11.3,0.00,89,9.6,10.5,0.00,0.00,0.00,3,100,100,5,7,4.3,13,5,6.3,9.0,0,0.00,1015.5,1001.2
2024-04-15T02:00,12.2,0.20,83,9.5,11.6,0.20,0.00,0.00,51,100,99,60,0,3.0,346,346,7.4,8.6,0,0.00,1014.6,1000.4
2024-04-15T03:00,12.3,0.00,79,8.8,11.0,0.00,0.00,0.00,3,100,100,69,99,6.5,320,304,15.1,15.1,0,0.00,1014.5,1000.3
2024-04-15T04:00,12.5,0.00,77,8.6,11.2,0.00,0.00,0.00,3,100,100,99,79,6.4,330,313,13.7,13.7,0,0.00,1014.1,999.9
2024-04-15T05:00,12.2,0.00,78,8.5,10.7,0.00,0.00,0.00,3,100,100,100,100,7.4,315,299,14.3,15.5,0,0.00,1013.8,999.6
2024-04-15T06:00,12.0,0.00,79,8.5,10.5,0.00,0.00,0.00,3,100,99,100,100,7.4,320,313,14.1,15.8,1,0.00,1014.1,999.9
2024-04-15T07:00,11.7,0.50,82,8.7,10.7,0.50,0.00,0.00,53,100,99,100,61,4.7,308,302,6.4,15.8,1,0.00,1014.1,999.9
2024-04-15T08:00,11.4,0.50,89,9.7,10.8,0.50,0.00,0.00,53,100,36,100,36,3.9,262,248,5.4,12.2,1,0.00,1013.7,999.5
2024-04-15T09:00,11.8,0.00,89,10.0,10.7,0.00,0.00,0.00,2,67,0,63,44,7.2,230,217,11.2,16.2,1,0.00,1013.2,999.0
2024-04-15T10:00,13.2,0.00,77,9.3,11.2,0.00,0.00,0.00,2,70,57,23,28,12.7,226,223,18.1,28.8,1,3600.00,1012.5,998.4
2024-04-15T11:00,14.7,0.00,66,8.5,11.7,0.00,0.00,0.00,1,25,16,0,12,17.7,233,232,24.9,38.5,1,3600.00,1011.6,997.6
2024-04-15T12:00,16.0,0.20,58,7.7,12.9,0.20,0.00,0.00,51,31,0,30,9,23.0,243,243,32.4,48.6,1,3600.00,1010.3,996.3
2024-04-15T13:00,16.6,0.20,51,6.5,12.3,0.20,0.00,0.00,51,41,32,11,6,26.1,246,246,38.3,54.7,1,3600.00,1008.8,994.9
2024-04-15T14:00,16.7,0.00,51,6.6,12.2,0.00,0.00,0.00,3,93,91,23,2,27.0,244,243,39.8,57.6,1,3600.00,1007.9,994.0
2024-04-15T15:00,16.7,0.00,46,5.1,11.3,0.00,0.00,0.00,2,78,72,17,5,28.7,247,248,42.6,59.8,1,3600.00,1006.4,992.5
2024-04-15T16:00,16.5,0.10,43,3.9,10.3,0.10,0.00,0.00,51,50,20,34,5,32.0,256,255,47.6,64.4,1,3600.00,1005.6,991.7
2024-04-15T17:00,14.8,0.00,48,3.9,9.0,0.00,0.00,0.00,2,65,0,64,3,29.9,253,252,46.7,77.4,1,3600.00,1005.8,991.8
2024-04-15T18:00,13.5,0.10,51,3.6,7.0,0.10,0.00,0.00,51,90,0,89,16,34.3,246,246,54.0,69.1,1,3600.00,1006.0,992.0
2024-04-15T19:00,11.9,0.40,62,4.9,6.5,0.40,0.00,0.00,51,100,0,100,92,28.5,259,261,45.2,69.8,1,0.00,1006.3,992.2
2024-04-15T20:00,7.5,2.40,78,4.0,3.0,2.40,0.00,0.00,61,99,0,99,1,21.3,275,272,34.4,73.1,0,0.00,1009.0,994.6
2024-04-15T21:00,7.2,0.10,81,4.2,3.5,0.10,0.00,0.00,51,99,0,99,1,15.8,257,253,26.2,42.8,0,0.00,1009.3,994.9
2024-04-15T22:00,7.2,0.30,81,4.1,3.5,0.30,0.00,0.00,51,33,0,17,20,15.9,250,245,26.8,33.1,0,0.00,1009.7,995.3
2024-04-15T23:00,6.7,0.10,84,4.2,3.2,0.10,0.00,0.00,51,10,1,1,8,13.9,242,239,25.0,32.8,0,0.00,1009.5,995.1
2024-04-16T00:00,6.5,0.10,86,4.3,2.9,0.10,0.00,0.00,51,13,9,1,3,14.8,238,236,27.2,29.9,0,0.00,1009.4,995.0
2024-04-16T01:00,6.2,0.00,84,3.7,2.6,0.00,0.00,0.00,0,0,0,0,0,14.9,238,233,27.5,32.0,0,0.00,1009.0,994.6
2024-04-16T02:00,5.9,0.50,89,4.2,1.8,0.50,0.00,0.00,53,47,0,21,34,18.6,240,238,31.3,44.6,0,0.00,1008.7,994.3
2024-04-16T03:00,5.6,1.00,86,3.4,1.0,1.00,0.00,0.00,55,63,0,45,33,20.7,248,247,33.8,49.3,0,0.00,1008.8,994.3
2024-04-16T04:00,5.3,1.10,85,3.1,1.3,1.10,0.00,0.00,55,55,0,34,33,16.5,248,247,27.9,46.1,0,0.00,1008.7,994.2
2024-04-16T05:00,5.1,0.20,85,2.8,1.1,0.20,0.00,0.00,51,30,0,1,29,16.0,250,247,27.9,38.2,0,0.00,1008.7,994.2
2024-04-16T06:00,5.1,0.10,85,2.7,1.3,0.10,0.00,0.00,51,93,5,87,49,14.1,237,230,25.3,33.8,1,0.00,1008.9,994.4
2024-04-16T07:00,5.7,0.10,84,3.2,1.9,0.10,0.00,0.00,51,93,61,80,62,15.5,229,224,25.8,40.0,1,719.01,1008.8,994.3
2024-04-16T08:00,6.4,0.20,83,3.7,2.3,0.20,0.00,0.00,51,98,93,94,43,17.9,221,220,27.3,42.8,1,0.00,1008.6,994.2
2024-04-16T09:00,6.9,0.20,78,3.4,2.1,0.20,0.00,0.00,51,98,30,94,77,22.5,231,230,32.8,56.5,1,1087.66,1007.9,993.5
2024-04-16T10:00,6.6,1.50,83,4.0,1.9,1.40,0.00,0.07,71,100,98,100,79,22.8,235,235,35.5,61.2,1,1462.37,1007.2,992.8
2024-04-16T11:00,7.8,0.40,78,4.2,2.8,0.40,0.00,0.00,51,100,96,100,45,24.8,244,242,38.2,59.4,1,612.07,1007.1,992.8
2024-04-16T12:00,8.2,0.20,76,4.2,3.0,0.20,0.00,0.00,51,100,34,100,95,26.4,239,238,40.1,63.7,1,0.00,1006.2,991.9
2024-04-16T13:00,9.2,0.00,68,3.7,3.7,0.00,0.00,0.00,3,100,16,71,100,27.6,252,250,42.8,73.8,1,1062.94,1006.6,992.3
2024-04-16T14:00,10.9,0.20,67,5.0,5.6,0.20,0.00,0.00,51,94,61,68,63,30.6,245,245,44.9,65.5,1,3600.00,1006.8,992.6
2024-04-16T15:00,9.9,1.70,76,5.8,5.4,1.70,0.00,0.00,61,56,37,27,13,23.8,245,243,37.4,67.3,1,0.00,1006.5,992.3
2024-04-16T16:00,11.8,0.20,59,4.0,6.6,0.20,0.00,0.00,51,88,75,41,39,25.8,258,257,39.3,62.3,1,3600.00,1006.2,992.1
2024-04-16T17:00,9.9,1.40,76,5.8,5.9,1.40,0.00,0.00,61,90,80,42,43,20.3,261,258,31.7,64.4,1,3600.00,1006.6,992.4
2024-04-16T18:00,8.8,0.50,80,5.6,5.0,0.50,0.00,0.00,53,91,70,67,42,18.0,259,258,29.7,45.4,1,2859.57,1006.6,992.3
2024-04-16T19:00,8.4,0.70,81,5.3,4.3,0.70,0.00,0.00,53,99,98,41,34,20.2,274,274,34.3,41.0,1,100.97,1006.9,992.6
2024-04-16T20:00,8.0,0.10,82,5.2,4.5,0.10,0.00,0.00,51,100,100,38,75,15.9,283,283,28.1,40.7,0,0.00,1007.5,993.2
2024-04-16T21:00,7.0,1.30,90,5.5,4.3,1.30,0.00,0.00,61,100,100,98,93,10.8,293,291,20.0,32.0,0,0.00,1008.4,994.0
2024-04-16T22:00,6.9,1.20,90,5.4,4.3,1.20,0.00,0.00,55,100,100,73,100,9.7,259,248,17.2,22.7,0,0.00,1008.6,994.2
2024-04-16T23:00,6.5,0.50,93,5.4,3.6,0.50,0.00,0.00,53,100,100,99,100,11.6,282,275,19.5,24.1,0,0.00,1008.9,994.5
2024-04-17T00:00,6.5,1.40,92,5.3,4.1,1.40,0.00,0.00,61,100,56,87,100,8.3,286,275,15.7,23.4,0,0.00,1008.7,994.3
2024-04-17T01:00,6.5,0.40,92,5.2,3.8,0.40,0.00,0.00,51,100,18,92,98,9.9,294,289,17.4,19.1,0,0.00,1008.9,994.5
2024-04-17T02:00,5.8,0.60,96,5.3,3.8,0.60,0.00,0.00,53,100,100,74,77,5.7,258,235,8.5,18.0,0,0.00,1009.3,994.8
2024-04-17T03:00,6.0,0.20,97,5.6,4.2,0.20,0.00,0.00,51,100,97,91,83,4.8,304,283,9.1,11.9,0,0.00,1009.0,994.6
2024-04-17T04:00,5.8,0.10,97,5.4,3.5,0.10,0.00,0.00,51,100,96,93,32,8.1,328,315,15.7,14.4,0,0.00,1009.3,994.8
2024-04-17T05:00,5.6,0.60,93,4.6,3.0,0.60,0.00,0.00,53,100,82,100,17,8.4,342,335,15.9,19.8,0,0.00,1009.7,995.2
2024-04-17T06:00,5.6,0.30,94,4.7,3.6,0.30,0.00,0.00,51,80,12,66,32,4.9,338,324,10.5,16.6,1,0.00,1010.1,995.6
2024-04-17T07:00,6.1,0.10,91,4.7,3.3,0.10,0.00,0.00,51,98,17,91,77,10.2,325,321,15.8,23.4,1,127.25,1010.7,996.2
2024-04-17T08:00,6.4,0.20,86,4.2,2.9,0.20,0.00,0.00,51,97,33,88,62,14.3,333,332,21.1,29.9,1,1108.83,1011.1,996.6
2024-04-17T09:00,6.9,0.10,84,4.4,3.6,0.10,0.00,0.00,51,100,90,57,88,13.2,337,334,19.2,31.0,1,1249.06,1011.1,996.7
2024-04-17T10:00,7.9,0.10,77,4.1,4.6,0.10,0.00,0.00,51,100,100,63,86,12.8,329,328,17.6,30.2,1,3081.80,1011.3,996.9
2024-04-17T11:00,9.0,0.10,68,3.4,5.6,0.10,0.00,0.00,51,100,100,98,8,12.7,316,315,17.6,32.0,1,3600.00,1011.3,997.0
2024-04-17T12:00,9.9,0.00,59,2.4,6.9,0.00,0.00,0.00,3,100,99,100,12,13.4,308,306,18.2,32.8,1,3600.00,1011.0,996.7
2024-04-17T13:00,10.3,0.00,56,1.9,7.1,0.00,0.00,0.00,3,100,99,100,3,13.4,306,306,18.3,33.8,1,3600.00,1010.7,996.4
2024-04-17T14:00,10.6,0.00,47,-0.2,7.1,0.00,0.00,0.00,3,100,99,100,0,12.1,308,307,16.4,32.0,1,3600.00,1010.8,996.6
2024-04-17T15:00,10.7,0.00,49,0.3,7.0,0.00,0.00,0.00,2,65,51,60,1,10.6,300,298,14.5,29.5,1,3600.00,1010.3,996.1
2024-04-17T16:00,8.5,1.10,66,2.5,4.1,1.00,0.00,0.07,71,90,74,80,35,18.6,306,306,25.8,38.5,1,3600.00,1010.7,996.4
2024-04-17T17:00,7.1,0.40,77,3.4,5.0,0.40,0.00,0.00,51,99,68,98,1,3.4,323,328,5.4,41.8,1,3600.00,1010.9,996.5
2024-04-17T18:00,7.3,0.00,76,3.4,4.9,0.00,0.00,0.00,3,91,83,67,27,5.7,306,305,8.5,13.7,1,1266.41,1010.8,996.4
2024-04-17T19:00,5.9,0.90,86,3.8,3.0,0.90,0.00,0.00,53,100,100,100,50,9.7,271,272,16.2,23.0,1,784.93,1011.5,997.0
2024-04-17T20:00,5.2,0.70,91,3.8,3.4,0.60,0.00,0.07,71,100,100,98,7,2.5,209,188,4.5,20.9,0,0.00,1011.8,997.3
2024-04-17T21:00,4.8,0.00,95,4.0,2.9,0.00,0.00,0.00,3,100,100,99,11,3.1,221,201,6.6,7.2,0,0.00,1011.9,997.3
2024-04-17T22:00,4.2,0.00,96,3.6,2.0,0.00,0.00,0.00,3,86,81,60,6,4.8,212,193,13.1,11.2,0,0.00,1012.0,997.4
2024-04-17T23:00,3.7,0.00,96,3.0,1.3,0.00,0.00,0.00,3,94,89,71,23,5.1,234,219,12.4,10.1,0,0.00,1012.3,997.7
2024-04-18T00:00,3.3,0.00,97,2.9,1.0,0.00,0.00,0.00,3,95,88,65,47,4.8,252,243,11.4,9.7,0,0.00,1012.6,998.0
2024-04-18T01:00,3.9,0.00,95,3.2,1.7,0.00,0.00,0.00,3,99,96,97,63,4.6,265,252,9.0,11.2,0,0.00,1012.9,998.3
2024-04-18T02:00,3.5,0.10,97,3.0,1.5,0.10,0.00,0.00,51,99,93,97,36,2.5,309,315,7.9,16.2,0,0.00,1013.2,998.6
2024-04-18T03:00,3.3,0.00,97,2.9,1.3,0.00,0.00,0.00,3,100,94,99,30,2.4,335,333,7.6,7.9,0,0.00,1013.3,998.7
2024-04-18T04:00,2.7,0.00,98,2.4,0.4,0.00,0.00,0.00,3,99,94,98,47,3.9,322,304,8.7,7.9,0,0.00,1013.6,998.9
2024-04-18T05:00,2.4,0.00,99,2.2,-0.0,0.00,0.00,0.00,3,100,100,89,29,4.1,339,322,7.0,7.9,0,0.00,1014.0,999.3
2024-04-18T06:00,3.1,0.00,98,2.8,0.9,0.00,0.00,0.00,3,80,0,62,47,3.6,324,307,8.0,8.3,1,0.00,1014.8,1000.1
2024-04-18T07:00,4.1,0.00,92,2.9,1.7,0.00,0.00,0.00,3,100,13,17,100,5.6,327,320,7.3,13.3,1,73.89,1015.8,1001.2
2024-04-18T08:00,4.8,0.10,90,3.2,2.1,0.10,0.00,0.00,51,100,0,15,100,7.4,338,337,9.7,17.6,1,0.00,1016.5,1001.9
2024-04-18T09:00,5.4,0.00,88,3.6,2.7,0.00,0.00,0.00,3,100,0,1,100,8.2,342,337,11.4,19.8,1,0.00,1017.2,1002.6
2024-04-18T10:00,6.6,0.00,82,3.8,3.7,0.00,0.00,0.00,3,100,0,6,100,9.8,344,343,13.5,26.3,1,1463.75,1017.6,1003.1
2024-04-18T11:00,7.9,0.00,74,3.5,4.9,0.00,0.00,0.00,3,100,100,8,100,10.2,342,337,13.7,27.7,1,3349.43,1018.0,1003.5
2024-04-18T12:00,8.5,0.00,69,3.1,5.2,0.00,0.00,0.00,3,100,93,33,100,11.6,340,338,16.1,28.1,1,317.42,1018.0,1003.6
2024-04-18T13:00,9.0,0.00,65,2.7,6.0,0.00,0.00,0.00,3,98,9,7,97,9.4,341,337,13.0,28.1,1,422.13,1018.3,1003.9
2024-04-18T14:00,9.9,0.50,65,3.6,7.4,0.50,0.00,0.00,53,61,35,47,5,10.1,335,333,13.5,26.6,1,3600.00,1018.6,1004.2
2024-04-18T15:00,10.3,0.30,65,4.0,6.9,0.30,0.00,0.00,51,78,10,26,68,13.5,331,331,18.5,30.6,1,3600.00,1018.4,1004.0
2024-04-18T16:00,10.5,0.00,61,3.3,7.5,0.00,0.00,0.00,2,54,9,11,46,9.5,340,335,13.4,31.0,1,3600.00,1018.6,1004.2
2024-04-18T17:00,10.5,0.00,58,2.7,7.1,0.00,0.00,0.00,2,50,0,37,25,12.3,330,328,17.4,27.7,1,3600.00,1018.8,1004.4
2024-04-18T18:00,10.0,0.00,60,2.7,7.0,0.00,0.00,0.00,1,37,25,13,5,9.0,333,331,14.5,28.1,1,3600.00,1018.9,1004.5
2024-04-18T19:00,8.1,0.10,69,2.7,5.6,0.10,0.00,0.00,51,20,0,18,15,6.1,324,315,16.0,19.8,1,3083.14,1019.4,1004.9
2024-04-18T20:00,6.3,0.00,78,2.8,3.8,0.00,0.00,0.00,3,92,90,4,13,5.9,321,313,15.9,12.6,0,0.00,1020.0,1005.4
2024-04-18T21:00,5.8,0.00,81,2.9,3.3,0.00,0.00,0.00,3,100,100,21,36,6.2,316,306,16.5,13.0,0,0.00,1020.4,1005.8
2024-04-18T22:00,5.0,0.00,85,2.7,2.4,0.00,0.00,0.00,3,100,100,14,19,6.5,300,273,12.9,11.5,0,0.00,1020.5,1005.8
2024-04-18T23:00,4.7,0.00,88,2.9,2.1,0.00,0.00,0.00,3,100,100,90,32,6.2,277,249,12.3,11.2,0,0.00,1020.6,1005.9
2024-04-19T00:00,4.8,0.00,90,3.3,2.6,0.00,0.00,0.00,3,100,100,72,44,4.3,239,204,11.3,10.1,0,0.00,1020.6,1005.9
2024-04-19T01:00,4.8,0.00,90,3.3,2.3,0.00,0.00,0.00,3,100,100,63,45,6.2,220,190,14.1,12.6,0,0.00,1020.1,1005.4
2024-04-19T02:00,4.8,0.00,86,2.7,1.9,0.00,0.00,0.00,3,100,100,100,21,8.6,227,202,19.1,17.3,0,0.00,1019.6,1004.9
2024-04-19T03:00,5.0,0.00,80,1.8,1.6,0.00,0.00,0.00,3,100,100,100,13,10.5,225,207,21.9,20.5,0,0.00,1019.1,1004.5
2024-04-19T04:00,4.9,0.20,81,1.9,1.2,0.20,0.00,0.00,51,100,100,100,11,12.9,221,207,24.2,25.9,0,0.00,1018.5,1003.9
2024-04-19T05:00,4.8,0.20,84,2.3,0.9,0.20,0.00,0.00,51,100,100,100,24,14.4,225,217,26.5,29.5,0,0.00,1017.8,1003.2
2024-04-19T06:00,5.2,0.10,80,2.1,1.2,0.10,0.00,0.00,51,100,100,100,3,15.5,234,228,27.6,31.3,1,0.00,1017.5,1002.9
2024-04-19T07:00,5.6,0.20,78,2.2,1.3,0.20,0.00,0.00,51,100,100,100,2,17.3,231,227,30.2,35.6,1,0.00,1016.7,1002.1
2024-04-19T08:00,5.8,0.30,81,2.7,1.0,0.30,0.00,0.00,51,100,100,100,25,21.0,232,231,34.6,42.5,1,0.00,1016.1,1001.5
2024-04-19T09:00,5.4,0.60,89,3.7,0.7,0.60,0.00,0.00,53,100,93,100,100,22.4,230,228,37.1,45.7,1,0.00,1015.3,1000.7
2024-04-19T10:00,5.3,0.90,92,4.0,0.3,0.90,0.00,0.00,53,100,73,100,100,24.4,227,225,40.0,49.7,1,0.00,1014.5,999.9
2024-04-19T11:00,5.4,0.60,92,4.2,0.4,0.60,0.00,0.00,53,100,13,100,96,24.4,228,226,40.8,53.3,1,0.00,1013.5,999.0
2024-04-19T12:00,6.2,0.40,89,4.5,0.8,0.40,0.00,0.00,51,100,0,100,100,28.1,235,234,46.0,55.4,1,0.00,1012.7,998.2
2024-04-19T13:00,6.4,0.20,89,4.6,1.2,0.20,0.00,0.00,51,100,0,100,100,26.3,232,230,42.6,57.2,1,0.00,1012.0,997.5
2024-04-19T14:00,6.5,1.60,88,4.7,0.9,1.60,0.00,0.00,61,100,0,100,100,29.6,229,229,45.1,65.5,1,0.00,1010.9,996.5
2024-04-19T15:00,6.7,0.60,93,5.6,2.1,0.60,0.00,0.00,53,100,0,100,100,23.9,226,225,39.2,61.2,1,0.00,1010.2,995.8
2024-04-19T16:00,7.6,1.40,92,6.4,3.5,1.40,0.00,0.00,61,100,2,100,100,21.9,240,237,36.1,49.7,1,0.00,1009.3,994.9
2024-04-19T17:00,8.1,1.80,92,6.8,4.6,1.80,0.00,0.00,61,91,0,87,57,17.8,267,263,30.6,50.4,1,0.00,1009.2,994.9
2024-04-19T18:00,8.5,0.10,85,6.2,5.0,0.10,0.00,0.00,51,79,33,69,50,17.7,275,274,30.3,40.3,1,0.00,1009.4,995.1
2024-04-19T19:00,7.1,2.30,87,5.1,3.3,2.30,0.00,0.00,61,19,0,18,1,18.0,297,296,29.9,49.0,1,2214.98,1009.9,995.5
2024-04-19T20:00,6.6,0.00,85,4.3,3.0,0.00,0.00,0.00,1,30,0,23,18,15.3,297,294,29.1,36.4,0,0.00,1010.7,996.3
2024-04-19T21:00,6.0,0.30,85,3.7,2.3,0.30,0.00,0.00,51,20,0,4,17,14.7,299,295,27.9,32.4,0,0.00,1011.5,997.0
2024-04-19T22:00,5.6,0.40,85,3.4,1.8,0.40,0.00,0.00,51,60,0,10,59,15.6,296,293,29.1,32.0,0,0.00,1012.1,997.6
2024-04-19T23:00,5.5,0.10,84,3.1,1.7,0.10,0.00,0.00,51,77,0,7,76,15.5,293,288,28.2,33.5,0,0.00,1012.7,998.2
2024-04-20T00:00,5.4,0.10,84,3.0,1.5,0.10,0.00,0.00,51,100,0,28,100,15.6,294,289,27.9,32.0,0,0.00,1013.2,998.7
2024-04-20T01:00,5.4,0.10,85,3.0,1.5,0.10,0.00,0.00,51,100,0,100,100,15.6,297,293,27.5,32.0,0,0.00,1013.5,999.0
2024-04-20T02:00,5.0,0.10,87,2.9,1.3,0.10,0.00,0.00,51,100,0,30,100,13.7,298,293,25.6,28.1,0,0.00,1014.1,999.5
2024-04-20T03:00,5.1,0.10,87,3.1,1.4,0.10,0.00,0.00,51,57,0,34,51,14.3,303,298,25.3,30.6,0,0.00,1014.6,1000.0
2024-04-20T04:00,4.6,0.00,89,2.9,1.1,0.00,0.00,0.00,2,77,4,26,68,12.8,307,302,24.4,29.2,0,0.00,1015.2,1000.6
2024-04-20T05:00,4.6,0.00,89,2.9,0.9,0.00,0.00,0.00,2,54,32,1,32,13.8,316,313,25.2,28.4,0,0.00,1015.7,1001.1
2024-04-20T06:00,4.1,0.00,91,2.7,0.5,0.00,0.00,0.00,2,55,32,20,18,13.0,319,316,24.2,28.4,1,0.00,1016.8,1002.1
2024-04-20T07:00,4.8,0.00,86,2.6,0.8,0.00,0.00,0.00,2,76,43,46,41,15.5,326,324,23.4,33.8,1,3600.00,1017.7,1003.1
2024-04-20T08:00,5.8,0.10,79,2.5,1.3,0.10,0.00,0.00,51,85,37,57,62,19.3,332,333,28.0,39.6,1,3600.00,1018.1,1003.5
2024-04-20T09:00,6.4,0.00,74,2.0,2.2,0.00,0.00,0.00,3,83,7,64,63,16.0,338,337,22.9,40.0,1,3600.00,1018.9,1004.3
2024-04-20T10:00,7.3,0.00,67,1.6,3.2,0.00,0.00,0.00,2,69,0,55,38,15.3,334,333,21.3,34.2,1,3600.00,1019.5,1005.0
2024-04-20T11:00,8.3,0.10,60,1.0,4.1,0.10,0.00,0.00,51,72,7,53,43,15.2,330,329,21.3,34.2,1,3600.00,1019.9,1005.4
2024-04-20T12:00,9.3,0.10,62,2.4,5.6,0.10,0.00,0.00,51,91,79,47,24,14.3,323,321,19.8,35.3,1,3600.00,1019.8,1005.4
2024-04-20T13:00,10.4,0.10,57,2.3,7.2,0.10,0.00,0.00,51,100,16,85,100,12.3,321,320,17.1,34.9,1,3600.00,1019.6,1005.2
2024-04-20T14:00,8.1,0.70,71,3.1,4.1,0.70,0.00,0.00,53,99,0,99,53,16.1,322,320,22.3,32.4,1,0.00,1020.7,1006.2
2024-04-20T15:00,7.7,0.80,80,4.5,4.6,0.80,0.00,0.00,53,90,1,88,24,12.6,330,329,17.4,37.8,1,780.99,1021.1,1006.6
2024-04-20T16:00,9.0,0.10,75,4.8,6.1,0.10,0.00,0.00,51,100,5,91,100,10.8,329,330,15.5,29.9,1,3600.00,1020.7,1006.2
2024-04-20T17:00,6.9,1.30,82,4.0,3.4,1.30,0.00,0.00,61,98,2,98,33,13.8,323,321,20.8,35.6,1,1008.85,1021.1,1006.5
2024-04-20T18:00,7.3,0.00,81,4.2,4.5,0.00,0.00,0.00,2,63,1,43,35,10.0,314,311,15.0,28.4,1,662.12,1020.9,1006.4
2024-04-20T19:00,6.8,0.00,81,3.8,4.3,0.00,0.00,0.00,1,44,0,22,29,7.1,322,311,15.6,20.5,1,3143.00,1020.9,1006.3
2024-04-20T20:00,5.2,0.00,88,3.4,2.9,0.00,0.00,0.00,1,44,10,17,32,5.2,313,295,14.8,15.1,0,0.00,1021.3,1006.6
2024-04-20T21:00,4.5,0.10,91,3.2,2.2,0.10,0.00,0.00,51,100,100,33,34,5.1,290,262,13.8,11.2,0,0.00,1021.6,1006.9
2024-04-20T22:00,4.4,0.20,93,3.4,2.1,0.20,0.00,0.00,51,100,100,37,48,5.1,261,231,13.1,11.2,0,0.00,1021.5,1006.8
2024-04-20T23:00,4.6,0.00,95,3.9,2.2,0.00,0.00,0.00,3,100,94,100,100,6.1,238,220,14.4,13.0,0,0.00,1021.2,1006.5
2024-04-21T00:00,4.7,0.00,95,4.0,2.4,0.00,0.00,0.00,3,100,0,93,100,6.4,232,223,15.1,13.7,0,0.00,1020.7,1006.0
2024-04-21T01:00,4.7,0.30,95,3.9,2.2,0.30,0.00,0.00,51,100,0,100,100,7.5,259,253,15.0,16.9,0,0.00,1020.3,1005.6
2024-04-21T02:00,3.9,0.80,97,3.5,1.3,0.80,0.00,0.00,53,100,1,100,100,7.7,249,217,14.2,16.2,0,0.00,1019.8,1005.1
2024-04-21T03:00,4.4,0.40,92,3.3,1.7,0.40,0.00,0.00,51,100,1,99,100,8.0,294,275,16.1,17.3,0,0.00,1019.3,1004.6
2024-04-21T04:00,4.8,0.20,91,3.5,1.0,0.20,0.00,0.00,51,100,5,100,50,15.1,326,322,27.0,29.5,0,0.00,1018.9,1004.2
2024-04-21T05:00,4.2,0.20,90,2.7,0.3,0.20,0.00,0.00,51,100,0,100,15,15.5,329,324,26.5,33.8,0,0.00,1018.8,1004.1
2024-04-21T06:00,3.7,0.00,90,2.1,-0.3,0.00,0.00,0.00,3,84,0,82,12,15.2,328,324,26.2,31.7,1,0.00,1019.3,1004.6
2024-04-21T07:00,3.8,0.00,86,1.7,-0.3,0.00,0.00,0.00,1,32,0,23,14,15.1,328,327,23.0,34.2,1,2485.70,1019.5,1004.8
2024-04-21T08:00,4.4,0.10,82,1.7,0.2,0.10,0.00,0.00,51,56,0,7,53,16.2,329,328,23.4,34.6,1,3600.00,1019.6,1004.9
2024-04-21T09:00,5.2,0.10,76,1.3,0.9,0.10,0.00,0.00,51,57,0,11,52,16.1,338,336,22.9,36.0,1,3600.00,1019.6,1005.0
2024-04-21T10:00,6.1,0.10,71,1.2,1.9,0.10,0.00,0.00,51,94,0,10,94,15.5,333,332,21.4,36.0,1,3600.00,1019.7,1005.1
2024-04-21T11:00,6.2,0.10,67,0.6,1.8,0.10,0.00,0.00,51,100,0,22,100,16.1,335,333,22.2,36.0,1,1505.77,1019.8,1005.2
2024-04-21T12:00,5.2,0.20,75,1.2,0.6,0.20,0.00,0.00,51,100,0,96,99,18.1,340,339,25.6,39.2,1,556.92,1020.0,1005.4
2024-04-21T13:00,5.2,1.30,83,2.5,1.2,0.70,0.00,0.42,73,99,38,99,18,15.5,360,357,21.2,39.2,1,3600.00,1020.0,1005.4
2024-04-21T14:00,6.1,0.70,70,1.0,1.4,0.50,0.00,0.14,71,95,0,91,59,18.7,16,16,26.6,40.7,1,3600.00,1019.9,1005.3
2024-04-21T15:00,5.9,0.30,80,2.7,1.8,0.30,0.00,0.00,51,100,1,100,62,16.2,358,357,23.8,40.7,1,2609.32,1020.2,1005.6
2024-04-21T16:00,6.3,0.20,78,2.7,2.9,0.20,0.00,0.00,51,98,11,95,77,11.9,360,357,18.7,34.6,1,0.00,1020.3,1005.7
2024-04-21T17:00,5.0,3.10,89,3.3,1.8,1.90,0.00,0.84,75,96,24,94,48,10.9,35,44,18.1,31.3,1,0.00,1020.7,1006.0
2024-04-21T18:00,5.2,0.60,86,3.0,1.2,0.60,0.00,0.00,53,99,5,99,8,15.8,30,24,27.4,31.3,1,0.00,1020.9,1006.2
2024-04-21T19:00,3.8,1.90,88,2.0,-0.1,0.90,0.00,0.70,73,79,4,79,14,14.3,24,18,24.5,33.8,1,0.00,1021.4,1006.7
2024-04-21T20:00,3.7,0.90,90,2.2,0.5,0.60,0.00,0.21,73,100,0,100,22,9.7,25,15,20.3,28.4,0,0.00,1022.1,1007.3
2024-04-21T21:00,4.3,0.50,85,2.0,1.2,0.50,0.00,0.00,53,95,0,95,19,9.3,28,16,20.0,19.4,0,0.00,1022.5,1007.8
2024-04-21T22:00,4.3,0.10,83,1.7,0.9,0.10,0.00,0.00,51,29,0,28,10,10.0,27,15,20.9,20.5,0,0.00,1022.7,1008.0
2024-04-21T23:00,3.0,0.00,84,0.5,-0.7,0.00,0.00,0.00,1,43,0,43,0,11.0,33,23,24.2,22.7,0,0.00,1023.1,1008.3
2024-04-22T00:00,2.6,0.00,79,-0.6,-1.5,0.00,0.00,0.00,1,34,0,34,0,13.1,40,32,27.3,26.3,0,0.00,1023.1,1008.3
2024-04-22T01:00,2.3,0.00,77,-1.4,-2.0,0.00,0.00,0.00,0,10,0,10,0,13.3,47,41,28.0,27.4,0,0.00,1023.1,1008.3
2024-04-22T02:00,2.5,0.00,80,-0.6,-1.0,0.00,0.00,0.00,3,99,0,99,0,8.8,31,12,19.4,17.6,0,0.00,1023.5,1008.7
2024-04-22T03:00,2.1,0.00,80,-1.0,-1.5,0.00,0.00,0.00,3,91,0,91,0,9.0,32,16,20.4,18.0,0,0.00,1023.4,1008.5
2024-04-22T04:00,1.5,0.00,80,-1.6,-2.3,0.00,0.00,0.00,0,1,0,1,0,10.0,36,26,23.2,20.2,0,0.00,1023.2,1008.3
2024-04-22T05:00,0.9,0.00,81,-2.0,-2.8,0.00,0.00,0.00,0,0,0,0,0,9.0,47,37,23.2,20.5,0,0.00,1023.0,1008.1
2024-04-22T06:00,0.8,0.00,82,-1.8,-2.6,0.00,0.00,0.00,0,1,1,0,0,6.7,50,36,18.7,18.7,1,0.00,1023.3,1008.4
2024-04-22T07:00,2.7,0.00,80,-0.4,-0.4,0.00,0.00,0.00,0,0,0,0,0,6.1,53,28,16.2,14.8,1,3600.00,1023.5,1008.7
2024-04-22T08:00,4.6,0.00,74,0.5,1.9,0.00,0.00,0.00,0,5,0,3,4,4.6,47,39,7.4,14.4,1,3600.00,1023.2,1008.5
2024-04-22T09:00,6.3,0.00,70,1.2,3.5,0.00,0.00,0.00,0,5,0,3,2,5.7,28,18,7.7,22.3,1,3600.00,1023.0,1008.4
2024-04-22T10:00,7.7,0.00,63,1.2,4.9,0.00,0.00,0.00,1,40,1,20,27,8.6,20,15,11.5,26.6,1,3600.00,1022.8,1008.2
2024-04-22T11:00,8.5,0.00,54,-0.3,5.4,0.00,0.00,0.00,1,31,0,22,13,10.6,21,18,14.2,27.0,1,3600.00,1022.4,1007.9
2024-04-22T12:00,9.2,0.10,52,-0.2,6.3,0.10,0.00,0.00,51,55,0,48,26,11.8,14,12,16.0,29.9,1,3600.00,1022.0,1007.5
2024-04-22T13:00,9.8,0.00,52,0.4,7.0,0.00,0.00,0.00,1,48,0,27,40,12.3,6,3,16.3,29.9,1,3600.00,1021.2,1006.8
2024-04-22T14:00,7.4,0.10,57,-0.6,3.0,0.10,0.00,0.00,51,67,1,60,20,14.8,360,360,20.5,31.7,1,1661.11,1021.9,1007.3
2024-04-22T15:00,8.0,0.20,55,-0.4,4.0,0.20,0.00,0.00,51,23,4,12,11,12.7,15,15,17.9,38.5,1,3600.00,1021.3,1006.8
2024-04-22T16:00,8.9,0.00,54,0.2,5.5,0.00,0.00,0.00,1,47,0,44,12,8.7,18,17,11.7,28.4,1,3600.00,1020.8,1006.3
2024-04-22T17:00,8.9,0.00,57,0.8,5.6,0.00,0.00,0.00,1,25,0,18,8,8.4,22,20,11.6,23.8,1,3600.00,1020.4,1005.9
2024-04-22T18:00,6.8,0.30,67,1.1,3.1,0.30,0.00,0.00,51,60,0,44,29,12.3,40,40,17.4,24.8,1,3600.00,1020.4,1005.8
2024-04-22T19:00,5.5,0.30,77,1.8,2.9,0.30,0.00,0.00,51,43,0,43,0,5.1,54,51,12.9,25.9,1,3424.58,1020.5,1005.9
2024-04-22T20:00,3.8,0.00,82,1.0,0.9,0.00,0.00,0.00,0,4,0,4,0,6.1,38,28,15.9,12.2,0,0.00,1020.6,1005.9
2024-04-22T21:00,2.9,0.00,85,0.6,-0.2,0.00,0.00,0.00,0,5,0,5,0,7.0,34,21,17.4,13.7,0,0.00,1020.6,1005.8
2024-04-22T22:00,2.3,0.00,86,0.2,-0.8,0.00,0.00,0.00,0,1,0,0,1,6.9,38,28,18.7,13.7,0,0.00,1020.5,1005.7
2024-04-22T23:00,1.6,0.00,87,-0.3,-1.5,0.00,0.00,0.00,0,1,0,0,0,6.4,41,27,17.6,13.7,0,0.00,1020.7,1005.9
2024-04-23T00:00,1.6,0.00,85,-0.7,-1.8,0.00,0.00,0.00,0,8,1,6,0,7.7,37,28,21.1,15.1,0,0.00,1020.6,1005.8
2024-04-23T01:00,1.8,0.00,79,-1.4,-1.8,0.00,0.00,0.00,0,0,0,0,0,8.8,45,35,22.9,18.0,0,0.00,1020.1,1005.3
2024-04-23T02:00,1.6,0.00,71,-3.0,-2.2,0.00,0.00,0.00,1,33,0,31,24,8.8,64,55,22.1,18.4,0,0.00,1020.3,1005.5
2024-04-23T03:00,1.4,0.00,70,-3.5,-2.4,0.00,0.00,0.00,2,59,0,59,16,8.2,71,61,22.1,17.6,0,0.00,1020.1,1005.2
2024-04-23T04:00,0.7,0.00,74,-3.4,-2.7,0.00,0.00,0.00,1,33,0,33,6,5.8,73,60,18.1,16.6,0,0.00,1019.9,1005.0
2024-04-23T05:00,-0.2,0.00,76,-4.0,-3.8,0.00,0.00,0.00,0,11,0,11,0,6.7,69,36,12.3,13.3,0,0.00,1019.9,1005.0
2024-04-23T06:00,-0.4,0.00,82,-3.1,-3.7,0.00,0.00,0.00,0,0,0,0,0,5.1,52,4,10.5,11.2,1,0.00,1020.1,1005.2
2024-04-23T07:00,2.4,0.00,73,-1.9,-0.6,0.00,0.00,0.00,0,0,0,0,0,4.0,54,350,11.6,10.8,1,3600.00,1020.4,1005.6
2024-04-23T08:00,4.5,0.00,65,-1.4,1.4,0.00,0.00,0.00,0,0,0,0,0,5.1,49,39,7.7,14.4,1,3600.00,1020.0,1005.3
2024-04-23T09:00,6.5,0.00,58,-1.2,3.0,0.00,0.00,0.00,0,0,0,0,0,7.9,52,47,11.0,20.5,1,3600.00,1019.8,1005.2
2024-04-23T10:00,8.1,0.00,50,-1.8,4.7,0.00,0.00,0.00,0,0,0,0,0,9.4,53,50,13.1,24.1,1,3600.00,1019.4,1004.9
2024-04-23T11:00,9.3,0.00,43,-2.6,6.1,0.00,0.00,0.00,1,22,0,22,1,11.8,50,50,15.6,28.8,1,3600.00,1018.9,1004.5
2024-04-23T12:00,10.3,0.00,39,-2.9,7.4,0.00,0.00,0.00,2,55,0,54,12,11.0,42,41,14.5,28.4,1,3600.00,1018.0,1003.6
2024-04-23T13:00,10.7,0.00,39,-2.6,7.8,0.00,0.00,0.00,3,99,0,99,0,10.3,30,29,13.7,27.4,1,3600.00,1017.3,1003.0
2024-04-23T14:00,11.3,0.00,39,-2.1,8.0,0.00,0.00,0.00,3,100,1,100,0,10.2,354,350,13.4,25.6,1,3600.00,1016.6,1002.3
2024-04-23T15:00,10.5,0.00,43,-1.7,6.3,0.00,0.00,0.00,3,100,0,100,5,12.7,339,335,17.0,29.2,1,3600.00,1016.2,1001.9
2024-04-23T16:00,10.1,0.00,44,-1.6,5.9,0.00,0.00,0.00,3,92,0,91,18,12.5,332,327,17.1,29.2,1,2973.56,1015.9,1001.6
2024-04-23T17:00,10.0,0.00,44,-1.8,5.8,0.00,0.00,0.00,3,100,2,100,12,12.6,332,329,17.9,28.1,1,3600.00,1015.7,1001.4
2024-04-23T18:00,9.0,0.00,47,-1.6,5.0,0.00,0.00,0.00,2,55,3,53,17,11.4,329,325,18.9,28.4,1,1814.34,1015.5,1001.1
2024-04-23T19:00,8.1,0.00,51,-1.4,4.6,0.00,0.00,0.00,1,41,33,12,0,7.9,336,330,17.4,23.4,1,3204.97,1015.5,1001.1
2024-04-23T20:00,5.1,0.00,61,-1.8,1.8,0.00,0.00,0.00,1,49,30,26,7,6.4,340,344,17.2,16.2,0,0.00,1015.4,1000.8
2024-04-23T21:00,4.5,0.00,66,-1.4,1.1,0.00,0.00,0.00,1,24,0,24,0,7.0,328,339,15.7,11.9,0,0.00,1015.3,1000.7
2024-04-23T22:00,5.5,0.00,61,-1.4,1.6,0.00,0.00,0.00,2,79,24,72,3,10.7,321,318,25.1,19.8,0,0.00,1015.5,1000.9
2024-04-23T23:00,5.0,0.00,63,-1.4,1.3,0.00,0.00,0.00,2,53,8,49,4,9.2,340,334,21.4,23.4,0,0.00,1015.2,1000.6
2024-04-24T00:00,3.3,0.00,73,-1.0,0.2,0.00,0.00,0.00,0,12,1,11,3,5.7,335,342,16.3,17.6,0,0.00,1014.9,1000.2
2024-04-24T01:00,2.1,0.00,79,-1.1,-1.0,0.00,0.00,0.00,2,77,9,74,41,5.5,330,349,15.3,11.5,0,0.00,1014.3,999.6
2024-04-24T02:00,2.8,0.00,78,-0.6,-0.3,0.00,0.00,0.00,0,4,0,2,3,6.1,303,310,13.3,14.4,0,0.00,1013.7,999.0
2024-04-24T03:00,2.3,0.00,77,-1.4,-1.0,0.00,0.00,0.00,0,2,0,0,2,6.7,283,254,11.4,13.0,0,0.00,1013.1,998.4
2024-04-24T04:00,1.0,0.00,84,-1.4,-2.2,0.00,0.00,0.00,1,38,0,37,1,5.8,238,202,12.3,11.5,0,0.00,1012.7,997.9
2024-04-24T05:00,1.5,0.00,86,-0.7,-1.7,0.00,0.00,0.00,3,100,0,100,67,6.3,233,193,16.2,11.9,0,0.00,1012.1,997.4
2024-04-24T06:00,3.2,0.00,76,-0.7,-0.2,0.00,0.00,0.00,3,96,0,94,85,7.7,232,208,17.4,15.8,1,0.00,1011.9,997.3
2024-04-24T07:00,4.0,0.10,74,-0.2,0.7,0.10,0.00,0.00,51,98,0,87,91,8.2,230,221,17.9,16.9,1,579.29,1011.9,997.3
2024-04-24T08:00,4.2,0.30,74,0.0,0.5,0.30,0.00,0.00,51,100,0,100,100,11.0,231,229,16.1,24.5,1,0.00,1011.5,996.9
2024-04-24T09:00,4.1,0.10,81,1.1,0.7,0.10,0.00,0.00,51,97,0,92,70,9.6,220,214,14.1,23.8,1,0.00,1011.4,996.8
2024-04-24T10:00,5.2,0.50,84,2.7,1.8,0.40,0.00,0.07,71,54,0,12,49,11.8,223,220,16.8,26.6,1,2666.66,1011.2,996.7
2024-04-24T11:00,8.2,0.10,67,2.5,4.7,0.10,0.00,0.00,51,100,0,100,100,12.1,246,240,16.6,31.3,1,3600.00,1010.0,995.7
2024-04-24T12:00,5.0,1.50,88,3.1,1.2,1.10,0.00,0.28,73,100,0,100,87,15.0,282,280,23.2,33.5,1,0.00,1010.3,995.8
2024-04-24T13:00,6.7,0.30,81,3.7,4.0,0.30,0.00,0.00,51,90,0,46,82,8.5,247,242,11.8,32.4,1,1445.82,1009.6,995.2
2024-04-24T14:00,7.0,0.10,80,3.8,4.0,0.10,0.00,0.00,51,88,0,67,68,10.4,219,214,13.8,30.6,1,629.23,1009.4,995.0
2024-04-24T15:00,6.4,1.90,77,2.6,2.9,1.00,0.00,0.63,73,69,0,58,51,13.1,261,261,18.6,34.6,1,3600.00,1009.2,994.8
2024-04-24T16:00,7.6,0.10,75,3.4,4.5,0.10,0.00,0.00,51,91,0,59,80,10.5,277,276,14.2,30.2,1,3600.00,1008.8,994.4
2024-04-24T17:00,7.0,0.10,73,2.5,3.9,0.10,0.00,0.00,51,64,1,39,42,9.6,259,257,13.2,30.2,1,3273.85,1008.5,994.1
2024-04-24T18:00,6.6,0.10,78,3.1,3.4,0.10,0.00,0.00,51,86,0,55,71,10.9,253,253,15.8,28.1,1,3600.00,1008.5,994.1
2024-04-24T19:00,6.1,0.00,82,3.2,3.5,0.00,0.00,0.00,1,42,0,26,27,6.9,235,223,13.7,27.7,1,3030.22,1008.7,994.3
2024-04-24T20:00,4.4,0.10,90,2.9,1.7,0.10,0.00,0.00,51,69,0,53,43,7.1,240,225,17.9,14.0,0,0.00,1009.2,994.7
2024-04-24T21:00,4.3,0.00,91,2.9,1.4,0.00,0.00,0.00,2,55,0,24,47,8.2,236,218,18.2,15.8,0,0.00,1009.6,995.1
2024-04-24T22:00,3.8,0.30,92,2.6,0.9,0.30,0.00,0.00,51,56,0,25,50,8.0,237,216,18.5,16.9,0,0.00,1009.9,995.3
2024-04-24T23:00,3.5,0.70,92,2.3,0.6,0.60,0.00,0.07,71,68,0,37,59,7.4,245,227,18.2,16.9,0,0.00,1009.9,995.3
2024-04-25T00:00,2.9,1.10,92,1.8,0.3,0.50,0.00,0.42,73,64,23,38,41,5.1,252,219,14.8,15.5,0,0.00,1010.0,995.4
2024-04-25T01:00,3.0,0.40,92,1.8,0.1,0.30,0.00,0.07,71,86,0,66,61,7.1,236,210,15.6,14.0,0,0.00,1010.0,995.4
2024-04-25T02:00,2.7,0.90,93,1.7,-0.3,0.70,0.00,0.14,71,73,0,66,48,7.9,230,210,17.4,20.5,0,0.00,1009.8,995.2
2024-04-25T03:00,2.6,0.00,94,1.8,-0.2,0.00,0.00,0.00,2,56,30,18,25,6.4,232,207,15.6,15.5,0,0.00,1009.4,994.8
2024-04-25T04:00,2.4,0.00,96,1.8,-0.4,0.00,0.00,0.00,2,68,6,58,34,6.6,235,209,15.8,13.7,0,0.00,1009.3,994.7
2024-04-25T05:00,2.0,0.60,93,1.0,-1.2,0.60,0.00,0.00,53,89,20,80,46,8.2,223,203,18.1,16.2,0,0.00,1009.5,994.8
2024-04-25T06:00,2.1,0.80,96,1.5,-1.1,0.40,0.00,0.28,73,96,0,95,43,9.0,220,203,17.4,16.9,1,0.00,1009.9,995.2
2024-04-25T07:00,3.0,0.00,95,2.2,-0.4,0.00,0.00,0.00,2,75,6,48,51,10.7,218,213,16.9,21.2,1,1142.13,1010.2,995.6
2024-04-25T08:00,4.5,0.00,88,2.6,1.1,0.00,0.00,0.00,3,98,37,65,94,11.7,230,227,16.1,31.0,1,3600.00,1010.1,995.6
2024-04-25T09:00,5.1,0.00,84,2.7,1.6,0.00,0.00,0.00,3,100,94,98,92,12.5,224,224,17.1,30.6,1,2517.32,1010.3,995.8
2024-04-25T10:00,6.0,0.10,79,2.7,2.4,0.10,0.00,0.00,51,98,18,25,96,13.5,227,226,18.6,32.0,1,1458.74,1010.1,995.6
2024-04-25T11:00,7.1,0.10,72,2.3,3.3,0.10,0.00,0.00,51,100,0,25,100,14.1,233,230,19.3,33.5,1,2586.17,1009.8,995.4
2024-04-25T12:00,7.6,0.10,66,1.7,3.7,0.10,0.00,0.00,51,98,0,34,97,13.8,231,229,18.9,33.1,1,2488.00,1009.1,994.7
2024-04-25T13:00,7.9,0.20,63,1.2,3.9,0.20,0.00,0.00,51,49,0,43,27,14.0,236,235,19.2,31.3,1,2695.77,1008.9,994.6
2024-04-25T14:00,9.4,0.10,59,1.7,5.9,0.10,0.00,0.00,51,40,4,30,19,15.5,247,245,21.1,34.9,1,3600.00,1008.3,994.0
2024-04-25T15:00,9.5,0.10,54,0.7,5.3,0.10,0.00,0.00,51,52,5,34,37,15.1,242,242,21.3,35.6,1,3600.00,1007.8,993.5
2024-04-25T16:00,9.9,0.00,51,0.1,5.4,0.00,0.00,0.00,3,100,0,100,100,16.3,236,235,23.4,36.0,1,3600.00,1007.4,993.2
2024-04-25T17:00,9.3,0.00,53,0.2,4.9,0.00,0.00,0.00,3,97,6,96,69,15.6,231,230,23.8,34.9,1,89.23,1007.4,993.1
2024-04-25T18:00,8.9,0.00,58,1.0,5.3,0.00,0.00,0.00,2,53,12,47,12,11.2,229,228,19.1,32.8,1,1362.78,1007.4,993.1
2024-04-25T19:00,7.5,0.00,67,1.8,4.9,0.00,0.00,0.00,1,48,16,41,0,5.4,234,228,14.2,23.0,1,3600.00,1007.2,992.9
2024-04-25T20:00,4.5,0.00,78,1.0,1.4,0.00,0.00,0.00,2,73,68,5,10,7.6,225,185,10.7,11.9,0,0.00,1007.4,992.9
2024-04-25T21:00,3.8,0.00,78,0.4,0.8,0.00,0.00,0.00,3,99,91,56,87,6.1,192,140,8.8,11.5,0,0.00,1007.3,992.8
2024-04-25T22:00,5.1,0.00,72,0.4,2.2,0.00,0.00,0.00,3,97,96,20,28,6.0,164,123,10.5,10.8,0,0.00,1007.3,992.8
2024-04-25T23:00,4.1,0.00,73,-0.3,0.7,0.00,0.00,0.00,2,69,66,3,8,8.2,172,131,17.5,15.5,0,0.00,1007.3,992.8
2024-04-26T00:00,3.5,0.00,74,-0.8,-0.0,0.00,0.00,0.00,0,7,0,6,2,8.4,171,133,18.9,16.2,0,0.00,1007.1,992.5
2024-04-26T01:00,3.2,0.00,75,-0.8,-0.3,0.00,0.00,0.00,2,72,0,70,64,8.6,159,123,19.3,16.6,0,0.00,1007.0,992.4
2024-04-26T02:00,5.6,0.00,60,-1.5,2.0,0.00,0.00,0.00,1,36,0,31,34,8.7,177,150,20.9,18.7,0,0.00,1006.5,992.1
2024-04-26T03:00,4.5,0.00,64,-1.6,1.1,0.00,0.00,0.00,1,40,0,40,13,7.4,163,129,17.7,17.3,0,0.00,1006.5,992.0
2024-04-26T04:00,3.7,0.00,68,-1.7,-0.1,0.00,0.00,0.00,3,100,0,100,50,10.2,139,113,21.9,19.4,0,0.00,1006.3,991.8
2024-04-26T05:00,4.7,0.00,64,-1.5,0.8,0.00,0.00,0.00,3,100,0,100,100,10.2,130,108,21.5,22.0,0,0.00,1006.3,991.8
2024-04-26T06:00,5.0,0.00,64,-1.1,1.5,0.00,0.00,0.00,3,100,1,100,80,8.2,131,119,18.6,20.5,1,0.00,1006.5,992.0
2024-04-26T07:00,5.3,0.00,67,-0.3,1.6,0.00,0.00,0.00,2,78,0,73,25,10.0,135,120,19.9,19.8,1,0.00,1006.9,992.4
2024-04-26T08:00,6.8,0.00,66,0.8,3.8,0.00,0.00,0.00,3,100,3,97,100,7.0,139,125,11.5,20.5,1,3600.00,1007.2,992.8
2024-04-26T09:00,7.6,0.00,66,1.6,5.0,0.00,0.00,0.00,2,72,36,11,51,4.8,129,117,6.9,17.3,1,0.00,1007.2,992.9
2024-04-26T10:00,11.0,0.00,59,3.3,8.4,0.00,0.00,0.00,2,61,23,48,1,8.0,189,188,10.9,21.2,1,3600.00,1007.1,992.9
2024-04-26T11:00,12.6,0.00,59,4.9,10.1,0.00,0.00,0.00,2,66,27,41,28,14.5,215,215,19.7,32.0,1,3600.00,1006.9,992.8
2024-04-26T12:00,13.5,0.00,52,4.0,10.2,0.00,0.00,0.00,2,61,5,51,31,16.1,228,228,21.9,35.3,1,3600.00,1006.6,992.6
2024-04-26T13:00,14.1,0.10,50,3.7,10.7,0.10,0.00,0.00,51,69,9,57,29,16.4,232,232,22.8,36.7,1,3600.00,1006.3,992.3
2024-04-26T14:00,12.9,0.00,57,4.7,9.6,0.00,0.00,0.00,3,94,68,76,25,14.3,224,225,20.4,37.4,1,1106.52,1007.1,993.0
2024-04-26T15:00,13.5,0.00,54,4.4,10.6,0.00,0.00,0.00,3,95,93,27,25,10.7,228,228,15.0,31.0,1,3600.00,1006.7,992.7
2024-04-26T16:00,14.0,0.10,54,4.7,11.4,0.10,0.00,0.00,51,63,29,17,41,8.7,226,225,12.0,24.1,1,3600.00,1006.4,992.4
2024-04-26T17:00,13.6,0.90,61,6.2,10.9,0.90,0.00,0.00,53,87,71,39,25,11.6,217,216,16.7,23.4,1,3600.00,1006.6,992.6
2024-04-26T18:00,12.4,0.20,73,7.8,10.8,0.20,0.00,0.00,51,39,12,31,3,6.9,226,227,10.9,24.1,1,3600.00,1006.9,992.8
2024-04-26T19:00,10.3,0.00,84,7.7,9.0,0.00,0.00,0.00,1,35,26,4,11,4.7,208,203,11.4,13.7,1,3600.00,1007.3,993.1
2024-04-26T20:00,8.5,0.00,86,6.4,6.7,0.00,0.00,0.00,0,11,2,1,8,6.2,200,190,16.9,12.2,0,0.00,1007.8,993.5
2024-04-26T21:00,8.0,0.00,89,6.3,6.2,0.00,0.00,0.00,0,7,3,4,0,5.9,193,169,15.9,13.0,0,0.00,1008.0,993.7
2024-04-26T22:00,7.1,0.00,91,5.8,5.2,0.00,0.00,0.00,0,5,5,0,0,5.6,178,135,13.3,11.9,0,0.00,1008.3,993.9
2024-04-26T23:00,6.4,0.00,92,5.2,4.4,0.00,0.00,0.00,0,1,0,1,0,5.2,171,115,11.3,10.8,0,0.00,1008.3,993.9
2024-04-27T00:00,6.0,0.00,92,4.9,3.9,0.00,0.00,0.00,0,7,0,7,1,6.2,147,111,15.4,11.9,0,0.00,1008.6,994.2
2024-04-27T01:00,5.9,0.00,93,4.9,3.5,0.00,0.00,0.00,1,26,0,25,11,8.0,145,108,15.8,15.1,0,0.00,1008.6,994.2
2024-04-27T02:00,5.6,0.00,91,4.3,3.4,0.00,0.00,0.00,0,11,1,10,2,6.1,183,140,15.5,11.9,0,0.00,1008.8,994.3
2024-04-27T03:00,5.8,0.00,91,4.4,3.6,0.00,0.00,0.00,0,0,0,0,0,5.7,177,125,14.4,13.3,0,0.00,1008.7,994.2
2024-04-27T04:00,5.4,0.00,91,4.0,3.1,0.00,0.00,0.00,0,5,4,1,0,5.7,161,108,13.0,11.5,0,0.00,1008.8,994.3
2024-04-27T05:00,5.2,0.00,91,3.9,2.7,0.00,0.00,0.00,1,39,0,39,6,7.3,136,99,14.0,13.0,0,0.00,1008.8,994.3
2024-04-27T06:00,6.0,0.00,91,4.6,3.4,0.00,0.00,0.00,3,95,50,91,1,8.7,128,107,17.7,15.8,1,19.91,1009.3,994.8
2024-04-27T07:00,8.4,0.00,84,5.9,5.8,0.00,0.00,0.00,2,64,62,5,0,10.7,119,102,20.6,20.2,1,1898.72,1009.6,995.3
2024-04-27T08:00,10.9,0.00,76,6.9,8.5,0.00,0.00,0.00,3,89,88,10,6,10.8,118,111,20.0,23.8,1,3600.00,1009.6,995.4
2024-04-27T09:00,13.5,0.00,68,7.6,11.3,0.00,0.00,0.00,2,53,38,24,2,10.8,124,120,16.1,25.6,1,3600.00,1009.7,995.6
2024-04-27T10:00,15.9,0.00,59,7.9,13.9,0.00,0.00,0.00,1,45,24,27,0,11.8,132,130,16.6,27.0,1,3600.00,1009.5,995.5
2024-04-27T11:00,17.4,0.00,49,6.6,15.3,0.00,0.00,0.00,0,14,0,14,0,13.8,141,139,18.9,31.7,1,3600.00,1009.3,995.4
2024-04-27T12:00,18.2,0.00,43,5.5,16.2,0.00,0.00,0.00,1,25,0,25,1,13.6,148,148,18.6,32.0,1,3600.00,1009.0,995.2
2024-04-27T13:00,18.8,0.00,41,5.2,16.8,0.00,0.00,0.00,1,23,0,23,0,12.0,140,139,16.9,32.0,1,3600.00,1008.6,994.8
2024-04-27T14:00,19.8,0.00,39,5.4,16.9,0.00,0.00,0.00,0,15,1,15,0,13.5,145,146,19.7,32.4,1,3600.00,1007.6,993.8
2024-04-27T15:00,20.3,0.00,37,5.2,17.8,0.00,0.00,0.00,0,2,1,2,0,14.2,145,144,20.7,32.8,1,3600.00,1007.0,993.3
2024-04-27T16:00,20.4,0.00,35,4.4,17.3,0.00,0.00,0.00,0,16,14,3,0,13.5,139,138,20.9,32.4,1,3600.00,1006.5,992.8
2024-04-27T17:00,20.2,0.00,37,5.0,17.0,0.00,0.00,0.00,3,91,90,5,0,13.0,137,134,23.2,29.9,1,3600.00,1005.8,992.1
2024-04-27T18:00,18.6,0.00,45,6.5,16.3,0.00,0.00,0.00,2,51,50,1,0,9.7,135,129,21.9,28.1,1,3600.00,1005.9,992.1
2024-04-27T19:00,15.8,0.00,54,6.6,13.7,0.00,0.00,0.00,3,96,96,19,0,7.9,122,106,20.9,20.9,1,3600.00,1006.2,992.3
2024-04-27T20:00,14.5,0.00,53,5.1,11.9,0.00,0.00,0.00,3,95,94,76,0,9.4,116,97,22.9,18.0,0,0.00,1006.6,992.6
2024-04-27T21:00,13.7,0.00,55,4.9,11.0,0.00,0.00,0.00,3,100,100,98,0,9.6,117,103,24.1,19.4,0,0.00,1007.0,993.0
2024-04-27T22:00,13.9,0.00,55,5.0,11.0,0.00,0.00,0.00,3,100,100,100,0,11.2,115,94,23.4,20.9,0,0.00,1007.4,993.4
2024-04-27T23:00,13.3,0.00,57,5.0,10.4,0.00,0.00,0.00,3,100,99,94,0,11.5,117,104,23.8,22.7,0,0.00,1007.4,993.3
2024-04-28T00:00,12.5,0.00,59,4.8,9.3,0.00,0.00,0.00,3,100,100,37,0,12.7,122,105,26.4,25.6,0,0.00,1007.6,993.5
2024-04-28T01:00,11.1,0.00,62,4.1,7.7,0.00,0.00,0.00,3,97,97,22,0,13.6,121,102,28.6,26.6,0,0.00,1007.4,993.2
2024-04-28T02:00,12.0,0.00,54,2.9,8.8,0.00,0.00,0.00,3,100,91,99,0,10.9,125,99,23.3,20.9,0,0.00,1007.4,993.3
2024-04-28T03:00,11.7,0.00,54,2.7,8.7,0.00,0.00,0.00,3,86,9,85,0,9.5,119,101,18.5,21.6,0,0.00,1007.2,993.1
2024-04-28T04:00,10.6,0.00,58,2.6,7.3,0.00,0.00,0.00,3,100,91,100,0,11.0,131,113,23.5,21.2,0,0.00,1007.8,993.6
2024-04-28T05:00,11.5,0.00,55,2.7,8.6,0.00,0.00,0.00,3,95,34,94,0,8.4,142,97,14.6,21.6,0,0.00,1008.1,993.9
2024-04-28T06:00,10.6,0.00,66,4.5,8.4,0.00,0.00,0.00,3,100,99,98,0,6.0,131,107,12.5,15.8,1,0.00,1008.2,994.0
2024-04-28T07:00,11.8,0.00,69,6.3,10.2,0.00,0.00,0.00,3,98,89,90,0,4.9,233,253,9.5,11.9,1,0.00,1010.4,996.2
2024-04-28T08:00,12.6,0.00,67,6.6,11.4,0.00,0.00,0.00,3,100,46,100,0,1.8,305,53,5.7,11.5,1,0.00,1011.5,997.3
2024-04-28T09:00,12.5,0.40,76,8.4,11.7,0.40,0.00,0.00,51,100,100,63,0,2.8,239,140,9.2,8.6,1,0.00,1012.6,998.4
2024-04-28T10:00,14.9,0.00,73,10.1,13.5,0.00,0.00,0.00,3,100,100,77,0,9.8,238,234,14.4,24.8,1,3600.00,1013.3,999.2
2024-04-28T11:00,15.9,0.00,68,9.9,14.5,0.00,0.00,0.00,3,100,100,3,0,9.2,222,219,13.0,24.8,1,3600.00,1013.0,999.0
2024-04-28T12:00,17.3,0.00,63,10.1,16.0,0.00,0.00,0.00,3,100,100,17,0,13.3,222,221,18.4,31.0,1,3600.00,1013.4,999.5
2024-04-28T13:00,18.3,0.00,57,9.6,16.7,0.00,0.00,0.00,3,100,100,60,0,16.3,216,215,23.2,37.4,1,3600.00,1013.7,999.8
2024-04-28T14:00,17.0,0.00,57,8.4,14.3,0.00,0.00,0.00,3,100,98,100,0,17.3,224,223,24.4,39.6,1,3600.00,1014.7,1000.7
2024-04-28T15:00,16.6,0.00,56,7.7,13.2,0.00,0.00,0.00,3,89,81,41,0,18.9,229,230,27.6,40.7,1,3600.00,1015.2,1001.2
2024-04-28T16:00,16.1,0.00,57,7.5,12.8,0.00,0.00,0.00,3,100,78,100,0,18.4,228,228,26.5,42.1,1,3600.00,1015.6,1001.6
2024-04-28T17:00,14.9,0.00,65,8.4,12.1,0.00,0.00,0.00,3,100,96,100,0,15.7,234,233,23.7,40.0,1,1716.22,1016.4,1002.3
2024-04-28T18:00,14.0,0.00,70,8.7,11.6,0.00,0.00,0.00,3,100,88,100,5,13.7,240,240,21.9,33.1,1,0.00,1017.0,1002.8
2024-04-28T19:00,13.3,0.00,75,8.9,11.6,0.00,0.00,0.00,3,100,100,97,0,9.5,234,233,17.3,28.4,1,0.00,1017.7,1003.5
2024-04-28T20:00,12.5,0.00,78,8.8,11.1,0.00,0.00,0.00,3,100,100,100,0,7.5,223,215,14.8,19.8,0,0.00,1018.5,1004.2
2024-04-28T21:00,12.1,0.00,79,8.6,10.7,0.00,0.00,0.00,3,100,93,100,0,7.1,221,210,14.8,15.8,0,0.00,1019.3,1005.0
2024-04-28T22:00,11.7,0.00,81,8.6,10.5,0.00,0.00,0.00,3,100,100,100,0,5.4,228,217,13.0,15.1,0,0.00,1019.8,1005.5
2024-04-28T23:00,10.9,0.00,86,8.7,10.1,0.00,0.00,0.00,3,100,100,74,0,3.5,228,204,10.2,11.9,0,0.00,1020.2,1005.8
2024-04-29T00:00,10.0,0.00,90,8.5,9.0,0.00,0.00,0.00,3,100,100,90,0,4.0,223,175,8.4,9.0,0,0.00,1020.6,1006.2
2024-04-29T01:00,9.3,0.00,92,8.1,8.2,0.00,0.00,0.00,3,95,90,53,0,4.6,218,162,6.4,8.3,0,0.00,1020.9,1006.5
2024-04-29T02:00,10.1,0.00,91,8.6,9.2,0.00,0.00,0.00,2,65,10,61,2,3.2,252,180,5.7,9.0,0,0.00,1020.7,1006.3
2024-04-29T03:00,9.5,0.00,92,8.2,8.3,0.00,0.00,0.00,3,92,66,75,4,4.6,203,162,8.2,8.6,0,0.00,1021.1,1006.7
2024-04-29T04:00,9.7,0.00,91,8.4,8.6,0.00,0.00,0.00,3,98,7,98,3,5.0,195,159,12.7,12.6,0,0.00,1021.6,1007.2
2024-04-29T05:00,9.9,0.00,90,8.4,8.8,0.00,0.00,0.00,3,99,71,97,0,4.1,186,142,10.5,9.7,0,0.00,1021.6,1007.2
2024-04-29T06:00,10.2,0.00,90,8.6,9.3,0.00,0.00,0.00,3,97,95,38,0,3.9,173,124,8.4,8.3,1,0.00,1021.8,1007.4
2024-04-29T07:00,11.4,0.00,85,8.9,10.4,0.00,0.00,0.00,3,100,71,100,0,4.6,147,135,7.3,11.2,1,3600.00,1022.3,1007.9
2024-04-29T08:00,11.9,0.00,82,8.9,10.5,0.00,0.00,0.00,3,97,0,97,1,7.1,129,131,10.2,15.8,1,0.00,1022.7,1008.4
2024-04-29T09:00,13.2,0.00,75,8.9,11.9,0.00,0.00,0.00,1,30,0,30,0,6.9,136,137,9.9,18.0,1,379.37,1022.9,1008.6
2024-04-29T10:00,15.3,0.00,67,9.2,14.2,0.00,0.00,0.00,1,26,0,26,0,5.9,131,133,7.7,18.4,1,3600.00,1022.6,1008.4
2024-04-29T11:00,17.1,0.00,60,9.3,17.0,0.00,0.00,0.00,1,35,6,30,0,5.5,145,148,7.5,17.6,1,3600.00,1022.2,1008.1
2024-04-29T12:00,18.4,0.00,56,9.5,18.6,0.00,0.00,0.00,1,46,41,9,0,6.1,139,140,8.2,18.7,1,3600.00,1021.5,1007.5
2024-04-29T13:00,19.4,0.00,53,9.7,20.0,0.00,0.00,0.00,0,9,9,3,0,4.9,144,144,6.7,18.4,1,3600.00,1021.2,1007.2
2024-04-29T14:00,19.6,0.00,51,9.1,20.0,0.00,0.00,0.00,3,84,79,62,0,4.3,125,132,5.7,18.4,1,3600.00,1020.9,1007.0
2024-04-29T15:00,20.1,0.00,49,9.1,20.3,0.00,0.00,0.00,1,30,12,23,0,2.1,135,149,3.1,15.5,1,3600.00,1020.3,1006.4
2024-04-29T16:00,20.4,0.00,49,9.2,19.6,0.00,0.00,0.00,2,62,37,32,26,4.5,147,151,6.0,13.3,1,3600.00,1020.0,1006.1
2024-04-29T17:00,20.4,0.00,49,9.2,19.8,0.00,0.00,0.00,3,99,98,52,3,2.5,153,180,3.2,13.3,1,3600.00,1019.5,1005.6
2024-04-29T18:00,19.7,0.00,58,11.2,19.4,0.00,0.00,0.00,3,100,100,38,0,4.6,317,309,7.4,8.3,1,3600.00,1019.3,1005.4
2024-04-29T19:00,16.9,0.00,68,10.8,15.4,0.00,0.00,0.00,3,100,100,5,0,11.6,345,338,23.1,22.0,1,967.05,1019.1,1005.1
2024-04-29T20:00,15.3,0.00,71,10.2,13.4,0.00,0.00,0.00,3,94,94,7,0,13.4,10,6,26.7,25.6,0,0.00,1019.3,1005.2
2024-04-29T21:00,14.3,0.00,75,10.0,12.9,0.00,0.00,0.00,1,39,38,2,0,9.2,30,21,21.6,25.6,0,0.00,1019.1,1004.9
2024-04-29T22:00,13.5,0.00,78,9.8,12.3,0.00,0.00,0.00,3,100,100,3,0,8.2,41,29,20.2,18.0,0,0.00,1019.0,1004.8
2024-04-29T23:00,12.7,0.00,82,9.7,11.8,0.00,0.00,0.00,3,88,88,0,0,5.7,49,35,16.3,15.8,0,0.00,1018.6,1004.4
2024-04-30T00:00,11.0,0.00,88,9.1,9.9,0.00,0.00,0.00,3,100,100,10,0,5.9,62,47,10.6,11.2,0,0.00,1018.4,1004.1
2024-04-30T01:00,13.0,0.00,77,9.1,12.2,0.00,0.00,0.00,1,42,38,6,0,3.7,74,61,9.0,10.1,0,0.00,1018.1,1003.9
2024-04-30T02:00,12.2,0.00,80,8.9,11.4,0.00,0.00,0.00,3,100,100,0,0,2.9,42,30,4.8,11.5,0,0.00,1017.9,1003.6
2024-04-30T03:00,11.1,0.00,85,8.7,9.9,0.00,0.00,0.00,1,45,43,3,0,5.4,328,352,6.8,7.2,0,0.00,1017.9,1003.6
2024-04-30T04:00,9.1,0.00,92,7.9,7.6,0.00,0.00,0.00,0,6,3,3,0,6.2,5,36,8.0,9.0,0,0.00,1017.3,1002.9
2024-04-30T05:00,8.7,0.00,92,7.5,7.5,0.00,0.00,0.00,0,1,0,1,0,3.7,76,79,3.0,9.0,0,0.00,1016.9,1002.5
2024-04-30T06:00,9.6,0.00,93,8.6,9.1,0.00,0.00,0.00,0,0,0,0,0,0.8,198,63,1.1,6.1,1,524.45,1017.1,1002.7
2024-04-30T07:00,12.0,0.00,88,10.1,11.7,0.00,0.00,0.00,0,0,0,0,0,2.2,288,279,4.6,7.9,1,3600.00,1017.4,1003.1
2024-04-30T08:00,14.1,0.00,81,10.9,14.2,0.00,0.00,0.00,0,0,0,0,0,1.1,14,342,1.5,8.6,1,3600.00,1017.1,1002.9
2024-04-30T09:00,16.4,0.00,76,12.1,16.9,0.00,0.00,0.00,0,0,0,0,0,1.1,252,252,1.1,10.4,1,3600.00,1016.5,1002.5
2024-04-30T10:00,18.3,0.00,72,13.1,19.5,0.00,0.00,0.00,0,11,11,0,0,1.8,259,259,1.8,12.2,1,3600.00,1016.1,1002.2
2024-04-30T11:00,20.0,0.00,69,14.2,22.3,0.00,0.00,0.00,3,99,99,0,0,2.2,279,270,2.2,13.0,1,3600.00,1015.6,1001.7
2024-04-30T12:00,21.5,0.00,67,15.0,24.2,0.00,0.00,0.00,3,95,95,0,0,2.8,330,310,2.9,13.3,1,3600.00,1014.8,1001.0
2024-04-30T13:00,23.1,0.00,61,15.2,26.1,0.00,0.00,0.00,0,5,5,0,0,2.6,346,326,3.0,13.7,1,3600.00,1014.1,1000.4
2024-04-30T14:00,24.5,0.00,51,13.7,27.1,0.00,0.00,0.00,3,95,95,1,0,0.8,34,333,1.3,13.3,1,3600.00,1013.2,999.6
2024-04-30T15:00,25.0,0.00,44,12.1,26.2,0.00,0.00,0.00,3,98,98,7,0,1.1,143,180,1.8,9.4,1,3600.00,1012.4,998.8
2024-04-30T16:00,25.3,0.00,40,10.7,25.1,0.00,0.00,0.00,3,94,94,6,0,2.8,121,130,4.2,9.0,1,3600.00,1011.8,998.2
2024-04-30T17:00,25.0,0.00,43,11.4,24.9,0.00,0.00,0.00,3,87,86,6,0,3.3,101,96,5.9,9.7,1,3600.00,1011.3,997.7
2024-04-30T18:00,24.5,0.00,47,12.3,24.7,0.00,0.00,0.00,3,100,100,6,0,3.0,48,14,5.4,7.9,1,3600.00,1010.6,997.0
2024-04-30T19:00,20.2,0.00,66,13.6,20.4,0.00,0.00,0.00,3,100,100,4,0,6.4,348,344,12.5,10.4,1,3600.00,1010.4,996.6
2024-04-30T20:00,18.8,0.00,63,11.7,18.1,0.00,0.00,0.00,3,100,100,3,0,8.6,359,15,18.7,15.1,0,0.00,1010.4,996.6
2024-04-30T21:00,18.0,0.00,62,10.5,16.6,0.00,0.00,0.00,0,8,8,1,0,10.5,51,52,25.6,20.2,0,0.00,1010.0,996.1
2024-04-30T22:00,17.8,0.00,57,9.2,16.0,0.00,0.00,0.00,0,0,0,0,0,10.6,63,62,25.9,21.6,0,0.00,1009.7,995.8
2024-04-30T23:00,14.8,0.00,71,9.6,13.6,0.00,0.00,0.00,0,0,0,0,0,7.6,85,109,17.0,20.2,0,0.00,1009.5,995.5
2024-05-01T00:00,16.1,0.00,62,8.7,15.2,0.00,0.00,0.00,0,0,0,0,0,4.0,112,153,6.6,13.0,0,0.00,1009.2,995.3
2024-05-01T01:00,14.8,0.00,66,8.6,14.3,0.00,0.00,0.00,0,0,0,0,0,1.1,207,90,1.6,7.6,0,0.00,1009.2,995.2
2024-05-01T02:00,12.4,0.00,79,8.9,11.1,0.00,0.00,0.00,0,0,0,0,0,6.3,84,77,13.8,12.6,0,0.00,1008.6,994.5
2024-05-01T03:00,11.3,0.00,86,9.1,9.9,0.00,0.00,0.00,1,40,40,0,0,8.4,91,83,14.8,15.8,0,0.00,1008.3,994.1
2024-05-01T04:00,10.8,0.00,90,9.3,9.6,0.00,0.00,0.00,1,38,38,0,0,6.8,92,90,13.7,17.6,0,0.00,1007.7,993.5
2024-05-01T05:00,9.0,0.00,95,8.2,7.6,0.00,0.00,0.00,1,41,41,0,0,5.8,135,120,7.6,13.0,0,0.00,1007.5,993.2
2024-05-01T06:00,10.7,0.00,90,9.2,9.7,0.00,0.00,0.00,2,65,65,0,0,5.5,100,79,10.2,10.4,1,765.34,1007.6,993.4
2024-05-01T07:00,13.6,0.00,85,11.0,13.6,0.00,0.00,0.00,1,41,41,0,0,2.2,55,360,4.4,11.2,1,3600.00,1007.7,993.6
2024-05-01T08:00,16.1,0.00,76,11.9,16.4,0.00,0.00,0.00,1,24,24,0,0,1.5,352,315,2.5,9.4,1,3600.00,1007.4,993.5
2024-05-01T09:00,18.6,0.00,69,12.8,19.1,0.00,0.00,0.00,3,97,97,0,0,2.4,360,333,3.2,11.2,1,3600.00,1006.6,992.8
2024-05-01T10:00,20.7,0.00,66,14.2,22.0,0.00,0.00,0.00,3,100,100,0,0,4.1,332,322,5.3,14.8,1,3600.00,1005.8,992.1
2024-05-01T11:00,22.2,0.00,65,15.4,24.4,0.00,0.00,0.00,2,71,71,0,0,4.6,337,321,5.5,15.5,1,3600.00,1005.1,991.5
2024-05-01T12:00,23.8,0.00,62,16.0,26.7,0.00,0.00,0.00,3,98,98,0,0,4.2,352,340,5.4,15.8,1,3600.00,1004.1,990.6
2024-05-01T13:00,25.5,0.00,54,15.6,28.7,0.00,0.00,0.00,3,100,100,0,0,2.5,29,8,3.7,15.1,1,3600.00,1003.3,989.9
2024-05-01T14:00,26.4,0.00,39,11.5,26.4,0.00,0.00,0.00,3,100,100,8,0,9.1,97,97,12.7,20.9,1,3600.00,1002.5,989.1
2024-05-01T15:00,25.9,0.00,39,11.0,24.6,0.00,0.00,0.00,3,100,100,12,0,11.9,96,95,19.2,27.4,1,3600.00,1001.9,988.5
2024-05-01T16:00,25.6,0.00,39,10.7,24.1,0.00,0.00,0.00,3,88,86,12,0,11.4,102,101,20.3,27.4,1,3600.00,1001.2,987.8
2024-05-01T17:00,25.2,0.00,41,10.8,23.7,0.00,0.00,0.00,3,86,85,9,0,11.6,113,112,21.9,30.2,1,3600.00,1000.7,987.3
2024-05-01T18:00,23.7,0.00,48,11.9,22.9,0.00,0.00,0.00,3,90,90,3,0,9.1,103,97,21.0,25.6,1,3600.00,1000.4,986.9
2024-05-01T19:00,21.3,0.00,54,11.6,20.6,0.00,0.00,0.00,2,71,69,6,0,8.2,92,75,21.6,19.4,1,3600.00,1000.1,986.5
2024-05-01T20:00,19.9,0.00,54,10.4,18.2,0.00,0.00,0.00,0,5,1,4,0,12.2,75,66,28.4,23.4,0,0.00,1000.1,986.5
2024-05-01T21:00,20.4,0.00,47,8.6,17.5,0.00,0.00,0.00,0,1,0,1,0,17.0,88,85,35.3,33.8,0,0.00,1000.1,986.5
2024-05-01T22:00,19.5,0.00,45,7.4,16.5,0.00,0.00,0.00,0,1,0,1,0,15.8,93,90,33.9,33.8,0,0.00,1000.0,986.3
2024-05-01T23:00,18.7,0.00,49,7.7,15.9,0.00,0.00,0.00,0,0,0,0,0,15.5,95,93,32.9,31.3,0,0.00,999.9,986.2
2024-05-02T00:00,17.9,0.00,53,8.3,15.3,0.00,0.00,0.00,0,0,0,0,0,15.0,101,101,31.5,30.6,0,0.00,999.8,986.1
2024-05-02T01:00,16.8,0.00,60,9.0,14.6,0.00,0.00,0.00,0,9,9,0,0,13.3,104,103,28.2,29.5,0,0.00,999.4,985.6
2024-05-02T02:00,16.8,0.00,62,9.4,14.8,0.00,0.00,0.00,0,14,0,14,0,12.2,104,109,26.7,27.0,0,0.00,998.6,984.8
2024-05-02T03:00,14.6,0.00,74,10.1,13.7,0.00,0.00,0.00,1,37,37,1,0,6.2,96,83,18.4,23.0,0,0.00,998.6,984.7
2024-05-02T04:00,12.5,0.00,84,9.9,11.7,0.00,0.00,0.00,3,87,46,75,0,5.6,127,140,9.0,11.9,0,0.00,998.8,984.8
2024-05-02T05:00,13.2,0.00,82,10.2,12.1,0.00,0.00,0.00,3,93,11,93,0,8.3,147,124,15.9,14.8,0,0.00,999.3,985.3
2024-05-02T06:00,13.3,0.00,84,10.7,12.4,0.00,0.00,0.00,3,100,100,87,0,7.4,149,113,13.4,18.4,1,0.00,999.0,985.1
2024-05-02T07:00,15.1,0.00,83,12.1,14.6,0.00,0.00,0.00,3,100,100,45,0,7.7,171,152,14.2,16.2,1,3017.84,999.2,985.3
2024-05-02T08:00,16.1,0.00,84,13.4,16.0,0.00,0.00,0.00,3,100,100,20,57,8.4,189,187,11.3,21.2,1,3600.00,999.4,985.6
2024-05-02T09:00,17.3,0.00,80,13.8,17.5,0.00,0.00,0.00,3,100,100,37,47,6.9,189,189,8.8,20.2,1,3600.00,998.8,985.0
2024-05-02T10:00,19.6,0.00,69,13.8,19.8,0.00,0.00,0.00,3,100,100,14,76,7.6,210,211,10.0,21.2,1,3600.00,998.5,984.9
2024-05-02T11:00,20.4,0.00,67,14.1,20.6,0.00,0.00,0.00,3,100,100,13,59,8.5,217,216,11.3,22.3,1,3600.00,998.7,985.1
2024-05-02T12:00,20.8,0.10,66,14.1,21.2,0.10,0.00,0.00,51,96,78,29,77,8.8,218,215,11.8,23.4,1,3600.00,998.4,984.8
2024-05-02T13:00,20.7,0.20,66,14.2,20.6,0.20,0.00,0.00,51,76,63,27,23,9.4,221,220,12.5,23.4,1,3193.46,998.4,984.8
2024-05-02T14:00,18.1,0.00,78,14.2,18.2,0.00,0.00,0.00,3,97,96,9,4,8.7,261,265,12.0,31.7,1,0.00,999.4,985.7
2024-05-02T15:00,19.6,0.00,75,15.1,20.0,0.00,0.00,0.00,3,87,86,4,0,8.7,243,240,11.8,21.6,1,3600.00,999.0,985.4
2024-05-02T16:00,18.4,0.80,75,13.9,17.7,0.80,0.00,0.00,53,90,79,10,51,13.5,235,236,18.9,29.9,1,3600.00,999.8,986.1
2024-05-02T17:00,15.6,4.10,89,13.7,15.6,4.10,0.00,0.00,63,100,100,92,73,8.2,207,195,12.1,30.2,1,2167.41,1001.5,987.6
2024-05-02T18:00,15.9,0.30,88,14.0,15.0,0.30,0.00,0.00,51,99,98,18,27,15.4,241,237,26.3,29.9,1,0.00,1001.3,987.5
2024-05-02T19:00,14.7,0.10,86,12.5,13.4,0.10,0.00,0.00,51,99,99,22,18,14.5,233,228,25.2,34.9,1,0.00,1002.8,988.9
2024-05-02T20:00,13.5,0.00,87,11.4,11.8,0.00,0.00,0.00,3,89,77,33,29,14.9,222,217,27.0,30.2,0,0.00,1003.9,989.9
2024-05-02T21:00,12.7,0.00,89,11.0,10.7,0.00,0.00,0.00,2,69,53,5,29,15.6,223,218,28.0,31.3,0,0.00,1004.7,990.6
2024-05-02T22:00,12.1,0.00,90,10.5,9.7,0.00,0.00,0.00,3,100,40,39,100,17.3,220,216,30.4,34.6,0,0.00,1005.6,991.5
2024-05-02T23:00,12.1,0.00,88,10.2,9.3,0.00,0.00,0.00,3,100,85,100,100,19.7,222,220,32.6,39.2,0,0.00,1006.5,992.4
2024-05-03T00:00,12.0,0.00,88,10.0,9.0,0.00,0.00,0.00,3,100,98,97,100,20.7,222,220,34.4,41.4,0,0.00,1007.1,993.0
2024-05-03T01:00,11.7,0.00,88,9.8,8.6,0.00,0.00,0.00,3,100,89,79,100,21.2,222,220,34.9,42.8,0,0.00,1007.7,993.6
2024-05-03T02:00,11.3,0.80,94,10.3,8.6,0.80,0.00,0.00,53,100,100,100,100,19.1,225,221,32.8,40.7,0,0.00,1007.8,993.6
2024-05-03T03:00,11.2,1.00,94,10.3,8.6,1.00,0.00,0.00,55,100,98,100,100,18.1,225,223,31.1,39.2,0,0.00,1008.5,994.3
2024-05-03T04:00,11.1,0.70,94,10.1,8.8,0.70,0.00,0.00,53,100,100,100,100,16.4,234,232,28.1,37.4,0,0.00,1009.0,994.8
2024-05-03T05:00,11.0,0.50,94,10.0,8.8,0.50,0.00,0.00,53,100,100,100,100,15.1,233,230,26.2,33.5,1,0.00,1009.7,995.5
2024-05-03T06:00,10.6,0.30,91,9.2,7.9,0.30,0.00,0.00,51,100,95,100,100,16.6,231,228,27.7,33.5,1,0.00,1010.9,996.7
2024-05-03T07:00,10.3,0.30,92,9.0,7.6,0.30,0.00,0.00,51,100,87,100,100,16.6,232,229,27.7,34.2,1,0.00,1012.0,997.7
2024-05-03T08:00,10.5,0.50,92,9.2,7.9,0.50,0.00,0.00,53,100,32,100,100,16.3,238,235,27.7,34.9,1,0.00,1012.6,998.3
2024-05-03T09:00,10.8,0.40,92,9.5,8.2,0.40,0.00,0.00,51,100,2,100,100,16.9,238,236,27.2,36.0,1,0.00,1013.4,999.1
2024-05-03T10:00,11.2,0.30,89,9.5,8.6,0.30,0.00,0.00,51,94,91,20,25,17.1,244,242,26.9,37.1,1,0.00,1013.7,999.4
2024-05-03T11:00,12.9,0.40,78,9.2,10.0,0.40,0.00,0.00,51,100,100,100,18,18.6,250,252,26.1,40.0,1,3600.00,1014.2,1000.0
2024-05-03T12:00,13.5,0.00,69,7.9,10.5,0.00,0.00,0.00,3,100,98,69,33,16.9,258,259,24.3,39.6,1,74.92,1014.2,1000.1
2024-05-03T13:00,15.5,0.00,54,6.1,12.3,0.00,0.00,0.00,3,91,63,47,73,16.6,266,266,23.4,37.4,1,3600.00,1014.2,1000.2
2024-05-03T14:00,15.4,0.00,52,5.6,11.9,0.00,0.00,0.00,3,100,55,100,100,16.2,255,253,23.1,34.2,1,3600.00,1014.5,1000.4
2024-05-03T15:00,15.6,0.00,50,5.3,11.9,0.00,0.00,0.00,3,86,4,69,82,17.2,259,259,24.9,36.7,1,2224.42,1014.6,1000.6
2024-05-03T16:00,15.3,0.00,52,5.4,11.9,0.00,0.00,0.00,3,98,0,67,98,16.0,264,262,23.5,36.7,1,0.00,1014.9,1000.8
2024-05-03T17:00,15.1,0.00,55,6.1,12.1,0.00,0.00,0.00,3,100,100,48,97,13.8,262,261,20.7,34.2,1,3600.00,1015.1,1001.0
2024-05-03T18:00,14.6,0.00,60,6.9,12.4,0.00,0.00,0.00,3,100,100,30,35,9.6,254,250,16.9,29.2,1,3600.00,1015.1,1001.0
2024-05-03T19:00,13.7,0.00,66,7.4,12.1,0.00,0.00,0.00,3,100,100,10,29,6.4,240,232,15.3,20.2,1,3473.71,1015.6,1001.4
2024-05-03T20:00,11.8,0.00,73,7.1,10.2,0.00,0.00,0.00,3,100,100,10,19,6.2,234,216,16.0,13.7,0,0.00,1016.1,1001.8
2024-05-03T21:00,10.8,0.00,78,7.1,9.3,0.00,0.00,0.00,3,100,100,15,1,5.1,228,188,13.0,11.5,0,0.00,1016.5,1002.2
2024-05-03T22:00,10.1,0.00,81,7.0,8.5,0.00,0.00,0.00,3,100,100,33,7,5.7,204,162,12.6,10.1,0,0.00,1016.8,1002.4
2024-05-03T23:00,9.0,0.00,87,7.0,7.5,0.00,0.00,0.00,3,100,99,0,8,5.0,203,159,14.0,10.4,0,0.00,1017.1,1002.7
2024-05-04T00:00,8.3,0.00,89,6.6,6.6,0.00,0.00,0.00,3,100,100,5,6,6.0,215,163,11.9,9.4,0,0.00,1017.3,1002.9
2024-05-04T01:00,8.6,0.00,87,6.6,7.1,0.00,0.00,0.00,3,100,100,75,6,4.7,214,148,9.6,9.4,0,0.00,1017.1,1002.7
2024-05-04T02:00,8.1,0.00,89,6.3,6.5,0.00,0.00,0.00,3,100,100,14,4,4.3,199,132,8.8,9.0,0,0.00,1017.2,1002.7
2024-05-04T03:00,8.2,0.00,89,6.5,6.6,0.00,0.00,0.00,3,100,100,3,0,4.9,188,126,7.6,9.4,0,0.00,1017.0,1002.6
2024-05-04T04:00,7.3,0.00,91,6.0,5.6,0.00,0.00,0.00,3,100,100,22,0,4.7,167,122,7.8,9.4,0,0.00,1016.7,1002.2
2024-05-04T05:00,6.9,0.00,92,5.7,5.1,0.00,0.00,0.00,2,54,21,41,2,4.9,163,126,10.9,9.0,1,0.00,1016.9,1002.4
2024-05-04T06:00,8.4,0.00,89,6.6,6.6,0.00,0.00,0.00,2,55,33,46,0,6.4,139,106,11.0,11.5,1,429.81,1017.1,1002.7
2024-05-04T07:00,10.7,0.20,84,8.1,9.0,0.20,0.00,0.00,51,99,66,98,0,7.9,118,106,14.3,15.1,1,3600.00,1017.1,1002.8
2024-05-04T08:00,11.9,0.00,80,8.6,10.7,0.00,0.00,0.00,3,100,100,99,1,5.6,106,105,12.0,16.2,1,108.93,1017.1,1002.8
2024-05-04T09:00,13.4,0.00,75,9.0,12.3,0.00,0.00,0.00,3,99,75,98,0,5.5,103,101,7.8,14.8,1,306.44,1016.8,1002.6
2024-05-04T10:00,14.5,0.00,70,9.0,13.5,0.00,0.00,0.00,3,95,7,95,0,4.6,109,108,6.5,14.8,1,1123.57,1016.5,1002.4
2024-05-04T11:00,15.9,0.00,59,7.9,13.9,0.00,0.00,0.00,1,33,1,28,15,9.7,122,121,13.1,22.3,1,3600.00,1015.7,1001.6
2024-05-04T12:00,17.4,0.00,49,6.6,15.6,0.00,0.00,0.00,3,100,100,98,27,12.2,135,135,16.8,28.4,1,3600.00,1014.9,1000.9
2024-05-04T13:00,17.5,0.00,49,6.8,14.8,0.00,0.00,0.00,3,100,100,98,29,13.0,140,141,18.4,28.8,1,3600.00,1014.5,1000.5
2024-05-04T14:00,17.9,0.00,49,7.1,15.2,0.00,0.00,0.00,3,100,100,97,42,12.9,152,153,18.4,27.7,1,2952.08,1013.7,999.8
2024-05-04T15:00,18.4,0.00,47,6.9,15.7,0.00,0.00,0.00,3,100,88,100,31,13.2,152,151,19.7,28.8,1,2087.77,1012.8,998.9
2024-05-04T16:00,18.7,0.00,47,7.3,16.2,0.00,0.00,0.00,3,85,15,83,0,12.3,144,142,18.6,30.6,1,3600.00,1012.2,998.3
2024-05-04T17:00,19.0,0.00,45,6.9,16.7,0.00,0.00,0.00,3,98,5,97,3,10.5,145,142,18.1,26.6,1,3600.00,1011.3,997.5
2024-05-04T18:00,17.4,0.00,64,10.5,17.0,0.00,0.00,0.00,3,100,0,100,0,3.7,163,169,9.8,23.0,1,0.00,1010.7,996.8
2024-05-04T19:00,15.9,0.00,62,8.6,14.2,0.00,0.00,0.00,3,100,0,100,6,9.3,244,242,21.6,21.2,1,0.00,1011.4,997.4
2024-05-04T20:00,14.4,0.00,77,10.4,13.8,0.00,0.00,0.00,3,100,100,100,10,5.1,216,172,9.8,18.7,0,0.00,1011.2,997.1
2024-05-04T21:00,14.3,1.00,74,9.6,13.5,1.00,0.00,0.00,55,100,100,66,4,4.8,249,243,13.1,16.6,0,0.00,1011.6,997.5
2024-05-04T22:00,13.2,2.00,86,10.8,13.2,2.00,0.00,0.00,61,100,99,100,1,1.1,203,72,2.7,12.2,0,0.00,1011.5,997.4
2024-05-04T23:00,12.6,0.10,90,11.1,12.0,0.10,0.00,0.00,51,100,100,100,39,6.1,132,118,14.0,12.6,0,0.00,1010.9,996.8
2024-05-05T00:00,12.6,0.60,88,10.7,12.3,0.60,0.00,0.00,53,100,100,84,24,3.7,148,101,11.5,14.8,0,0.00,1011.1,997.0
2024-05-05T01:00,12.3,0.30,90,10.7,11.9,0.30,0.00,0.00,51,100,100,100,100,4.3,203,228,8.2,10.4,0,0.00,1011.0,996.8
2024-05-05T02:00,13.1,0.90,92,11.8,12.3,0.90,0.00,0.00,53,100,100,100,75,9.0,198,182,18.9,28.8,0,0.00,1010.7,996.6
2024-05-05T03:00,13.2,1.50,92,12.0,11.9,1.50,0.00,0.00,61,100,100,100,63,13.1,204,196,24.5,31.0,0,0.00,1010.6,996.5
2024-05-05T04:00,13.1,1.40,93,12.0,11.5,1.40,0.00,0.00,61,100,97,100,100,14.8,211,206,27.3,32.0,0,0.00,1010.8,996.7
2024-05-05T05:00,13.2,0.60,94,12.2,11.3,0.60,0.00,0.00,53,100,29,100,100,17.1,218,215,30.0,34.9,1,0.00,1010.8,996.7
2024-05-05T06:00,13.1,0.20,94,12.2,11.8,0.20,0.00,0.00,51,100,8,100,100,13.8,223,221,25.0,34.9,1,0.00,1011.3,997.2
2024-05-05T07:00,13.2,0.10,93,12.2,11.9,0.10,0.00,0.00,51,100,12,26,100,13.6,224,220,23.4,28.4,1,0.00,1011.5,997.4
2024-05-05T08:00,13.7,0.10,92,12.4,12.1,0.10,0.00,0.00,51,100,100,86,100,15.9,232,231,25.4,33.5,1,0.00,1011.6,997.5
2024-05-05T09:00,14.1,0.20,90,12.4,12.8,0.20,0.00,0.00,51,100,85,9,100,14.3,232,231,21.8,36.4,1,0.00,1011.9,997.8
2024-05-05T10:00,14.8,0.10,86,12.4,13.6,0.10,0.00,0.00,51,85,0,44,83,12.9,240,240,18.2,34.9,1,0.00,1011.9,997.8
2024-05-05T11:00,16.4,0.20,78,12.5,14.9,0.20,0.00,0.00,51,100,1,30,100,15.6,244,244,22.4,38.9,1,3600.00,1011.7,997.7
2024-05-05T12:00,17.0,0.20,73,12.2,15.5,0.20,0.00,0.00,51,100,3,51,100,15.2,246,248,21.6,38.9,1,1339.75,1011.3,997.4
2024-05-05T13:00,16.9,0.10,72,11.9,15.5,0.10,0.00,0.00,51,100,3,2,100,13.6,249,248,18.9,37.4,1,349.41,1010.9,997.0
2024-05-05T14:00,16.3,0.10,78,12.4,15.7,0.10,0.00,0.00,51,60,7,4,56,9.4,251,247,13.0,31.3,1,0.00,1011.3,997.3
2024-05-05T15:00,17.3,0.00,75,12.8,16.6,0.00,0.00,0.00,2,75,54,30,29,10.5,235,232,14.5,32.4,1,3600.00,1010.9,997.0
2024-05-05T16:00,17.5,0.60,72,12.4,16.5,0.60,0.00,0.00,53,100,100,20,61,11.8,241,243,16.4,32.0,1,3600.00,1010.3,996.4
2024-05-05T17:00,17.5,0.50,73,12.7,17.5,0.50,0.00,0.00,53,100,100,15,7,5.5,243,247,8.0,29.9,1,3099.74,1009.7,995.8
2024-05-05T18:00,17.2,0.00,75,12.8,17.3,0.00,0.00,0.00,3,96,92,36,17,4.9,235,234,8.8,20.2,1,3590.74,1009.7,995.8
2024-05-05T19:00,15.8,0.00,85,13.2,16.3,0.00,0.00,0.00,3,100,100,95,8,3.6,266,276,9.4,10.1,1,2362.02,1009.9,995.9
2024-05-05T20:00,14.6,0.10,88,12.7,14.6,0.10,0.00,0.00,51,100,99,46,12,5.4,279,278,13.5,13.0,0,0.00,1010.2,996.2
2024-05-05T21:00,12.5,0.00,94,11.5,12.1,0.00,0.00,0.00,3,100,100,100,17,5.7,342,18,6.8,10.4,0,0.00,1010.2,996.1
2024-05-05T22:00,12.6,0.10,94,11.7,12.5,0.10,0.00,0.00,51,100,100,76,28,4.1,87,75,6.1,7.9,0,0.00,1010.1,996.0
2024-05-05T23:00,12.5,0.10,95,11.7,12.3,0.10,0.00,0.00,51,100,100,91,1,5.1,124,94,10.9,10.1,0,0.00,1009.9,995.8
2024-05-06T00:00,12.5,0.50,95,11.7,12.1,0.50,0.00,0.00,53,100,100,95,4,6.2,144,111,13.4,11.9,0,0.00,1009.5,995.4
2024-05-06T01:00,12.6,1.50,95,11.9,12.4,1.50,0.00,0.00,61,100,100,100,2,5.2,160,124,11.8,12.2,0,0.00,1009.1,995.0
2024-05-06T02:00,13.9,0.20,93,12.8,13.6,0.20,0.00,0.00,51,100,100,100,1,7.6,171,149,17.9,16.9,0,0.00,1008.6,994.6
2024-05-06T03:00,13.8,1.20,94,12.8,13.8,1.20,0.00,0.00,55,100,100,81,0,6.1,162,135,14.3,15.1,0,0.00,1008.0,994.0
2024-05-06T04:00,12.9,1.60,97,12.4,13.0,1.60,0.00,0.00,61,100,100,100,100,4.3,185,156,8.0,12.6,0,0.00,1008.2,994.1
2024-05-06T05:00,13.2,0.60,96,12.5,13.0,0.60,0.00,0.00,53,100,100,89,28,7.1,142,120,10.5,13.3,1,0.00,1007.8,993.7
2024-05-06T06:00,13.3,0.10,95,12.5,13.0,0.10,0.00,0.00,51,100,85,100,64,7.1,177,150,14.8,14.4,1,0.00,1008.1,994.0
2024-05-06T07:00,13.9,0.20,94,12.9,13.6,0.20,0.00,0.00,51,100,97,100,16,8.3,202,185,16.6,17.6,1,0.00,1008.1,994.1
2024-05-06T08:00,14.7,0.10,88,12.8,14.1,0.10,0.00,0.00,51,100,100,98,25,9.6,207,200,14.5,21.6,1,0.00,1008.2,994.2
2024-05-06T09:00,15.1,0.10,88,13.1,14.7,0.10,0.00,0.00,51,100,100,90,82,9.7,199,195,14.1,22.0,1,0.00,1008.2,994.2
2024-05-06T10:00,16.0,0.20,82,12.9,14.8,0.20,0.00,0.00,51,84,11,68,45,14.1,220,220,20.2,29.9,1,0.00,1008.2,994.3
2024-05-06T11:00,17.4,0.10,77,13.4,16.5,0.10,0.00,0.00,51,100,94,100,27,13.5,229,228,19.1,33.1,1,3600.00,1008.1,994.2
2024-05-06T12:00,16.3,0.70,79,12.6,15.2,0.70,0.00,0.00,53,100,100,100,12,13.2,227,227,19.1,33.1,1,0.00,1008.4,994.5
2024-05-06T13:00,15.7,0.80,83,12.9,14.4,0.80,0.00,0.00,53,100,100,100,28,15.1,230,230,21.7,31.3,1,0.00,1008.5,994.5
2024-05-06T14:00,14.8,0.50,86,12.4,13.4,0.50,0.00,0.00,53,100,100,99,71,14.8,224,223,20.9,30.2,1,0.00,1008.5,994.5
2024-05-06T15:00,14.5,0.50,87,12.4,13.2,0.50,0.00,0.00,53,100,100,100,48,14.5,224,224,21.1,31.7,1,0.00,1008.4,994.4
2024-05-06T16:00,14.3,0.10,89,12.5,12.6,0.10,0.00,0.00,51,100,100,100,45,17.4,232,232,26.4,36.0,1,0.00,1009.0,995.0
2024-05-06T17:00,14.1,0.50,90,12.5,12.4,0.50,0.00,0.00,53,100,100,100,47,16.4,231,230,25.9,35.6,1,0.00,1009.8,995.7
2024-05-06T18:00,13.5,0.40,92,12.2,12.2,0.40,0.00,0.00,51,100,83,100,38,13.3,234,229,23.2,32.8,1,0.00,1010.4,996.3
2024-05-06T19:00,13.5,0.10,89,11.7,12.2,0.10,0.00,0.00,51,100,100,100,2,12.3,235,230,22.0,27.4,1,0.00,1011.1,997.0
2024-05-06T20:00,13.3,0.00,88,11.3,12.1,0.00,0.00,0.00,3,100,100,100,9,10.7,234,228,20.9,24.8,0,0.00,1011.5,997.4
2024-05-06T21:00,13.0,0.00,89,11.1,11.7,0.00,0.00,0.00,3,100,99,78,11,11.2,230,225,22.5,22.0,0,0.00,1011.8,997.7
2024-05-06T22:00,12.2,0.00,90,10.7,10.7,0.00,0.00,0.00,3,100,100,100,13,11.5,233,229,24.4,23.4,0,0.00,1012.3,998.1
2024-05-06T23:00,11.7,0.00,93,10.6,10.4,0.00,0.00,0.00,1,35,25,14,3,10.2,234,225,22.7,23.0,0,0.00,1012.6,998.4
2024-05-07T00:00,11.2,0.00,94,10.3,9.9,0.00,0.00,0.00,3,99,99,4,1,9.4,234,223,21.4,20.5,0,0.00,1013.0,998.8
2024-05-07T01:00,10.7,0.00,95,9.9,9.3,0.00,0.00,0.00,3,99,98,18,10,10.0,232,221,21.8,19.4,0,0.00,1013.4,999.1
2024-05-07T02:00,10.5,0.00,95,9.7,9.3,0.00,0.00,0.00,2,70,13,55,32,7.7,239,221,19.4,19.8,0,0.00,1013.6,999.3
2024-05-07T03:00,10.1,0.00,95,9.4,9.3,0.00,0.00,0.00,3,84,13,6,81,4.6,245,219,14.3,16.2,0,0.00,1013.5,999.2
2024-05-07T04:00,9.3,0.00,96,8.7,8.3,0.00,0.00,0.00,3,97,88,41,71,4.5,251,209,11.0,10.4,0,0.00,1013.5,999.2
2024-05-07T05:00,10.1,0.20,96,9.5,8.9,0.20,0.00,0.00,51,92,4,73,90,7.2,220,198,15.6,14.0,1,0.00,1014.1,999.8
2024-05-07T06:00,10.5,0.00,95,9.8,9.3,0.00,0.00,0.00,3,96,3,31,94,7.9,225,210,16.3,16.2,1,0.00,1014.3,1000.0
2024-05-07T07:00,11.3,0.00,94,10.3,10.6,0.00,0.00,0.00,3,86,76,16,37,5.7,238,215,11.5,15.1,1,1280.45,1014.7,1000.4
2024-05-07T08:00,13.0,0.00,86,10.6,12.4,0.00,0.00,0.00,3,90,75,24,49,5.5,262,259,7.6,15.5,1,3600.00,1014.7,1000.5
2024-05-07T09:00,14.6,0.00,77,10.6,13.5,0.00,0.00,0.00,3,100,93,13,100,8.9,302,302,12.3,20.5,1,3600.00,1014.7,1000.6
2024-05-07T10:00,15.5,0.00,74,10.9,14.3,0.00,0.00,0.00,3,99,34,18,98,10.0,291,291,13.9,23.8,1,1172.68,1014.8,1000.7
2024-05-07T11:00,15.8,0.20,73,11.0,14.8,0.20,0.00,0.00,51,100,100,31,100,8.9,317,317,12.2,24.1,1,2717.62,1015.0,1001.0
2024-05-07T12:00,16.1,0.20,72,11.0,15.3,0.20,0.00,0.00,51,100,100,57,89,7.1,331,330,9.5,22.0,1,2153.54,1015.3,1001.3
2024-05-07T13:00,16.4,0.10,74,11.7,15.6,0.10,0.00,0.00,51,100,100,51,100,9.0,28,23,12.2,20.9,1,0.00,1015.7,1001.7
2024-05-07T14:00,15.9,0.10,71,10.7,13.9,0.10,0.00,0.00,51,98,94,58,57,15.0,46,44,21.6,32.4,1,1178.06,1016.6,1002.5
2024-05-07T15:00,16.8,0.00,65,10.2,14.8,0.00,0.00,0.00,3,100,49,100,18,15.2,38,36,21.5,34.6,1,3600.00,1016.8,1002.8
2024-05-07T16:00,16.4,0.00,63,9.4,14.1,0.00,0.00,0.00,3,97,67,89,20,14.1,33,32,20.3,33.8,1,1312.24,1017.2,1003.2
2024-05-07T17:00,16.4,0.00,60,8.7,13.9,0.00,0.00,0.00,3,100,99,40,69,14.7,26,25,21.3,32.8,1,1176.44,1017.5,1003.5
2024-05-07T18:00,15.9,0.00,64,9.1,13.9,0.00,0.00,0.00,3,100,100,39,20,12.2,27,24,19.8,31.0,1,3600.00,1018.2,1004.1
2024-05-07T19:00,15.0,0.00,70,9.5,13.4,0.00,0.00,0.00,3,97,96,31,15,9.7,21,15,18.5,25.2,1,1180.20,1018.8,1004.7
2024-05-07T20:00,13.4,0.00,76,9.2,11.9,0.00,0.00,0.00,3,84,79,26,4,9.3,21,13,20.4,19.8,0,0.00,1019.6,1005.4
2024-05-07T21:00,12.5,0.00,80,9.2,11.0,0.00,0.00,0.00,2,70,61,21,7,9.0,21,16,20.1,18.7,0,0.00,1020.2,1005.9
2024-05-07T22:00,11.3,0.00,86,9.1,9.9,0.00,0.00,0.00,3,80,73,24,13,8.0,22,18,18.3,17.6,0,0.00,1020.7,1006.4
2024-05-07T23:00,10.8,0.00,89,9.0,9.5,0.00,0.00,0.00,3,81,38,68,15,6.9,30,28,17.4,15.5,0,0.00,1021.0,1006.6
2024-05-08T00:00,10.3,0.00,91,8.9,9.1,0.00,0.00,0.00,1,24,5,10,11,6.2,41,36,16.3,13.7,0,0.00,1021.1,1006.7
2024-05-08T01:00,9.6,0.00,92,8.4,8.4,0.00,0.00,0.00,0,8,1,7,1,5.1,56,51,15.3,12.2,0,0.00,1021.2,1006.8
2024-05-08T02:00,9.5,0.00,94,8.6,8.5,0.00,0.00,0.00,3,81,77,11,10,4.3,11,5,7.7,10.8,0,0.00,1021.5,1007.1
2024-05-08T03:00,8.4,0.00,96,7.8,7.0,0.00,0.00,0.00,2,72,49,0,45,5.1,347,8,9.6,9.0,0,0.00,1021.7,1007.2
2024-05-08T04:00,8.5,0.10,95,7.8,7.1,0.10,0.00,0.00,51,60,25,2,46,5.4,1,8,15.1,11.2,0,0.00,1022.0,1007.5
2024-05-08T05:00,9.2,0.00,94,8.2,7.6,0.00,0.00,0.00,0,11,0,0,11,7.4,20,14,17.7,14.8,1,0.00,1022.7,1008.2
2024-05-08T06:00,9.5,0.00,91,8.1,7.7,0.00,0.00,0.00,0,0,0,0,0,9.0,13,358,18.1,17.3,1,1443.66,1023.4,1008.9
2024-05-08T07:00,10.7,0.00,85,8.3,8.8,0.00,0.00,0.00,1,24,0,0,24,9.4,1,353,14.8,21.6,1,3600.00,1023.8,1009.4
2024-05-08T08:00,12.2,0.00,78,8.4,9.9,0.00,0.00,0.00,2,71,0,0,71,12.3,17,15,17.3,27.0,1,3600.00,1024.0,1009.7
2024-05-08T09:00,13.2,0.00,71,8.1,10.8,0.00,0.00,0.00,2,62,0,0,62,12.7,26,25,17.6,28.1,1,3600.00,1024.0,1009.7
2024-05-08T10:00,14.1,0.10,67,8.0,11.7,0.10,0.00,0.00,51,100,0,0,100,12.3,32,32,17.0,28.4,1,3600.00,1024.1,1009.8
2024-05-08T11:00,14.9,0.00,62,7.7,12.7,0.00,0.00,0.00,3,100,0,0,100,10.6,27,24,14.5,27.7,1,2042.08,1024.3,1010.1
2024-05-08T12:00,15.3,0.10,62,8.1,13.4,0.10,0.00,0.00,51,100,0,12,100,9.9,14,10,13.7,24.8,1,116.39,1024.5,1010.3
2024-05-08T13:00,15.9,0.10,61,8.3,13.8,0.10,0.00,0.00,51,100,0,33,100,10.7,16,14,14.6,24.5,1,223.23,1024.3,1010.1
2024-05-08T14:00,15.7,0.00,59,7.6,13.8,0.00,0.00,0.00,3,100,0,39,100,8.7,21,17,12.0,22.3,1,289.26,1024.2,1010.0
2024-05-08T15:00,16.6,0.00,55,7.5,14.5,0.00,0.00,0.00,3,100,0,100,100,10.2,21,18,14.2,23.0,1,3600.00,1024.6,1010.5
2024-05-08T16:00,16.3,0.00,58,7.9,14.2,0.00,0.00,0.00,3,95,0,94,36,10.6,27,24,15.3,23.4,1,327.93,1024.9,1010.7
2024-05-08T17:00,16.3,0.00,58,8.1,14.3,0.00,0.00,0.00,2,74,0,42,63,10.2,33,32,15.4,23.0,1,1682.40,1025.0,1010.8
2024-05-08T18:00,16.0,0.00,61,8.4,14.3,0.00,0.00,0.00,2,65,0,42,41,9.2,41,42,15.3,23.0,1,3600.00,1025.4,1011.2
2024-05-08T19:00,15.0,0.00,69,9.3,14.0,0.00,0.00,0.00,2,54,0,51,13,5.3,61,62,12.7,19.4,1,839.16,1025.7,1011.5
2024-05-08T20:00,13.4,0.00,75,9.1,12.5,0.00,0.00,0.00,2,63,0,63,0,4.6,72,72,11.7,10.8,0,0.00,1025.8,1011.5
2024-05-08T21:00,12.1,0.00,80,8.7,11.0,0.00,0.00,0.00,1,35,0,33,2,4.8,62,63,10.6,9.7,0,0.00,1026.3,1011.9
2024-05-08T22:00,11.9,0.00,80,8.6,11.0,0.00,0.00,0.00,2,65,0,65,0,4.0,64,63,10.8,9.0,0,0.00,1026.1,1011.7
2024-05-08T23:00,10.8,0.00,85,8.4,9.7,0.00,0.00,0.00,2,60,0,59,2,4.9,70,73,10.4,10.4,0,0.00,1026.4,1012.0
2024-05-09T00:00,9.3,0.00,92,8.0,8.1,0.00,0.00,0.00,1,38,0,35,9,4.6,67,72,8.2,10.4,0,0.00,1026.4,1011.9
2024-05-09T01:00,8.6,0.00,94,7.6,7.3,0.00,0.00,0.00,3,90,0,90,13,4.4,32,55,8.1,9.7,0,0.00,1026.1,1011.5
2024-05-09T02:00,8.2,0.00,94,7.3,6.7,0.00,0.00,0.00,0,11,0,9,7,5.4,27,53,10.1,10.1,0,0.00,1026.3,1011.7
2024-05-09T03:00,8.3,0.00,92,7.0,6.5,0.00,0.00,0.00,0,0,0,0,0,7.1,42,60,13.0,13.3,0,0.00,1026.4,1011.8
2024-05-09T04:00,8.1,0.00,91,6.8,6.3,0.00,0.00,0.00,0,0,0,0,0,6.9,54,62,15.2,13.7,0,0.00,1026.5,1011.9
2024-05-09T05:00,7.7,0.00,91,6.4,6.0,0.00,0.00,0.00,0,0,0,0,0,5.6,53,63,14.9,13.0,1,0.00,1026.5,1011.9
2024-05-09T06:00,9.2,0.00,88,7.3,7.8,0.00,0.00,0.00,0,0,0,0,0,4.6,59,72,12.6,11.2,1,2064.72,1027.0,1012.5
2024-05-09T07:00,11.7,0.00,84,9.0,11.3,0.00,0.00,0.00,0,0,0,0,0,1.3,72,236,8.0,10.1,1,3600.00,1027.3,1012.9
2024-05-09T08:00,14.1,0.00,77,10.0,14.0,0.00,0.00,0.00,0,0,0,0,0,0.4,72,270,1.1,8.3,1,3600.00,1027.3,1013.0
2024-05-09T09:00,16.0,0.00,68,10.0,15.6,0.00,0.00,0.00,0,0,0,0,0,2.4,68,63,3.9,11.5,1,3600.00,1026.8,1012.6
2024-05-09T10:00,17.5,0.00,55,8.3,16.6,0.00,0.00,0.00,1,31,0,10,30,7.5,73,73,10.1,18.7,1,3600.00,1026.1,1012.0
2024-05-09T11:00,18.5,0.00,48,7.1,17.5,0.00,0.00,0.00,1,42,0,41,17,8.1,69,69,11.2,20.9,1,3600.00,1025.9,1011.8
2024-05-09T12:00,19.1,0.00,44,6.6,17.6,0.00,0.00,0.00,2,58,0,58,1,9.3,63,62,12.9,22.7,1,3600.00,1025.5,1011.5
2024-05-09T13:00,19.7,0.00,43,6.8,18.4,0.00,0.00,0.00,2,73,0,73,0,10.9,63,63,15.0,26.3,1,3600.00,1025.0,1011.0
2024-05-09T14:00,20.4,0.00,41,6.6,18.7,0.00,0.00,0.00,2,59,0,59,0,10.2,70,72,13.8,24.5,1,3600.00,1023.9,1010.0
2024-05-09T15:00,20.6,0.00,41,6.9,19.1,0.00,0.00,0.00,1,40,0,40,0,9.7,64,63,13.2,24.5,1,3600.00,1024.0,1010.1
2024-05-09T16:00,20.3,0.00,43,7.2,18.2,0.00,0.00,0.00,2,54,0,54,0,8.8,57,55,12.5,23.0,1,3600.00,1023.4,1009.5
2024-05-09T17:00,19.7,0.00,46,7.6,17.6,0.00,0.00,0.00,2,76,0,75,2,9.6,56,56,14.8,21.6,1,3600.00,1023.1,1009.1
2024-05-09T18:00,18.8,0.00,51,8.5,17.1,0.00,0.00,0.00,2,65,0,64,8,8.5,57,54,15.9,21.6,1,3600.00,1023.2,1009.2
2024-05-09T19:00,16.8,0.00,62,9.6,15.8,0.00,0.00,0.00,1,34,0,33,8,6.2,61,54,15.6,18.0,1,3600.00,1023.4,1009.3
2024-05-09T20:00,14.4,0.00,67,8.3,13.0,0.00,0.00,0.00,1,25,0,25,0,6.4,71,63,16.4,12.6,0,104.28,1023.5,1009.3
2024-05-09T21:00,12.8,0.00,72,7.9,11.2,0.00,0.00,0.00,0,11,0,11,0,7.0,79,69,16.5,13.7,0,0.00,1023.8,1009.5
2024-05-09T22:00,11.3,0.00,77,7.4,9.6,0.00,0.00,0.00,0,4,0,4,0,6.9,69,62,15.0,14.0,0,0.00,1023.7,1009.3
2024-05-09T23:00,10.3,0.00,79,6.9,8.4,0.00,0.00,0.00,0,1,0,1,0,7.6,45,59,14.3,14.0,0,0.00,1023.6,1009.2
2024-05-10T00:00,10.5,0.00,74,6.1,8.3,0.00,0.00,0.00,0,0,0,0,0,8.4,46,59,16.5,15.8,0,0.00,1023.3,1008.9
2024-05-10T01:00,10.3,0.00,72,5.6,8.2,0.00,0.00,0.00,0,5,0,5,4,7.1,58,66,17.8,15.8,0,0.00,1023.0,1008.6
2024-05-10T02:00,8.6,0.00,84,6.0,6.8,0.00,0.00,0.00,0,2,0,0,2,5.5,74,101,12.8,11.5,0,0.00,1022.2,1007.7
2024-05-10T03:00,7.7,0.00,87,5.8,5.8,0.00,0.00,0.00,0,0,0,0,0,5.9,115,133,6.8,9.7,0,0.00,1022.7,1008.1
2024-05-10T04:00,9.6,0.00,78,5.9,8.3,0.00,0.00,0.00,0,3,0,0,3,1.9,72,68,2.3,9.0,0,0.00,1022.8,1008.3
2024-05-10T05:00,7.0,0.00,90,5.5,5.2,0.00,0.00,0.00,0,12,0,9,3,4.4,41,55,3.3,7.2,1,0.00,1023.0,1008.4
2024-05-10T06:00,9.5,0.00,85,7.1,8.4,0.00,0.00,0.00,0,4,0,1,4,2.2,83,81,2.9,7.6,1,2251.10,1023.1,1008.6
2024-05-10T07:00,12.2,0.00,78,8.5,11.7,0.00,0.00,0.00,0,7,0,4,6,1.1,112,162,3.9,7.2,1,3600.00,1023.6,1009.3
2024-05-10T08:00,14.7,0.00,72,9.6,14.5,0.00,0.00,0.00,0,10,0,10,5,0.7,360,270,0.4,8.3,1,3600.00,1023.7,1009.5
2024-05-10T09:00,16.8,0.00,67,10.6,16.6,0.00,0.00,0.00,0,5,0,5,3,2.3,344,321,2.6,11.5,1,3600.00,1023.3,1009.2
2024-05-10T10:00,18.6,0.00,65,11.8,19.3,0.00,0.00,0.00,0,1,0,1,0,3.3,10,354,4.0,13.7,1,3600.00,1023.0,1009.0
2024-05-10T11:00,20.2,0.10,55,10.7,21.3,0.10,0.00,0.00,51,56,0,56,6,3.1,35,21,4.4,14.0,1,3600.00,1022.8,1008.9
2024-05-10T12:00,21.0,0.00,49,9.7,21.2,0.00,0.00,0.00,1,31,0,30,14,3.7,62,61,5.3,13.3,1,3600.00,1022.5,1008.6
2024-05-10T13:00,21.9,0.00,43,8.9,22.4,0.00,0.00,0.00,3,94,0,94,4,4.7,69,67,6.2,15.1,1,3600.00,1022.2,1008.3
2024-05-10T14:00,22.0,0.00,42,8.5,20.9,0.00,0.00,0.00,2,56,12,49,0,9.9,47,46,13.2,23.4,1,3600.00,1021.2,1007.4
2024-05-10T15:00,22.2,0.00,41,8.1,21.0,0.00,0.00,0.00,1,21,17,5,0,10.1,56,55,13.5,24.1,1,3600.00,1021.4,1007.6
2024-05-10T16:00,22.0,0.00,40,7.9,20.0,0.00,0.00,0.00,2,53,0,53,0,9.3,63,62,13.4,23.0,1,3600.00,1021.0,1007.2
2024-05-10T17:00,21.2,0.00,43,8.1,19.1,0.00,0.00,0.00,3,95,0,95,0,10.6,67,66,16.5,23.4,1,3600.00,1020.7,1006.8
2024-05-10T18:00,20.2,0.00,51,9.7,18.9,0.00,0.00,0.00,2,53,0,52,2,8.2,76,75,16.7,23.4,1,3600.00,1021.1,1007.2
2024-05-10T19:00,18.2,0.00,62,10.8,17.5,0.00,0.00,0.00,0,4,2,2,0,6.3,84,77,16.3,18.0,1,3600.00,1021.2,1007.2
2024-05-10T20:00,15.3,0.00,69,9.6,14.3,0.00,0.00,0.00,0,13,13,0,0,6.2,81,69,16.0,13.0,0,314.28,1021.6,1007.4
2024-05-10T21:00,13.6,0.00,75,9.3,12.4,0.00,0.00,0.00,2,52,52,0,0,6.9,70,62,16.1,13.3,0,0.00,1021.6,1007.4
2024-05-10T22:00,13.0,0.00,72,8.2,11.2,0.00,0.00,0.00,3,97,97,0,0,8.9,64,58,18.8,17.3,0,0.00,1021.4,1007.1
2024-05-10T23:00,13.1,0.00,67,7.1,11.1,0.00,0.00,0.00,3,100,100,0,0,8.7,65,66,19.5,17.3,0,0.00,1021.3,1007.0
2024-05-11T00:00,13.4,0.00,62,6.3,11.1,0.00,0.00,0.00,3,91,91,0,0,8.9,66,69,21.6,17.3,0,0.00,1021.2,1007.0
2024-05-11T01:00,12.6,0.00,64,6.1,10.6,0.00,0.00,0.00,0,0,0,0,0,7.2,70,87,21.9,16.9,0,0.00,1021.3,1007.0
2024-05-11T02:00,11.0,0.00,74,6.4,9.1,0.00,0.00,0.00,0,5,0,1,5,6.4,87,106,18.0,15.1,0,0.00,1020.0,1005.6
2024-05-11T03:00,10.0,0.00,78,6.4,8.1,0.00,0.00,0.00,0,0,0,0,0,7.1,95,105,17.0,12.6,0,0.00,1020.8,1006.4
2024-05-11T04:00,9.9,0.00,79,6.4,8.1,0.00,0.00,0.00,0,0,0,0,0,6.0,86,73,17.7,12.6,0,0.00,1020.8,1006.4
2024-05-11T05:00,9.0,0.00,84,6.4,7.1,0.00,0.00,0.00,2,54,54,0,0,6.3,82,66,13.1,11.9,1,0.00,1020.9,1006.4
2024-05-11T06:00,11.1,0.00,81,7.9,10.0,0.00,0.00,0.00,3,98,98,0,0,3.3,78,49,8.8,10.8,1,2337.88,1021.2,1006.8
2024-05-11T07:00,13.4,0.00,77,9.5,13.0,0.00,0.00,0.00,2,65,65,0,0,2.2,74,9,6.7,8.3,1,3600.00,1021.5,1007.2
2024-05-11T08:00,16.0,0.00,71,10.7,16.0,0.00,0.00,0.00,3,93,93,0,0,1.0,56,315,2.6,8.3,1,3600.00,1021.4,1007.3
2024-05-11T09:00,18.0,0.00,66,11.6,18.3,0.00,0.00,0.00,3,95,95,0,0,1.3,360,326,1.4,10.1,1,3600.00,1021.0,1007.0
2024-05-11T10:00,19.6,0.00,64,12.6,20.9,0.00,0.00,0.00,1,36,36,0,0,1.6,9,333,2.2,11.2,1,3600.00,1021.0,1007.1
2024-05-11T11:00,21.1,0.00,59,12.7,23.2,0.00,0.00,0.00,0,13,12,0,0,1.3,14,326,1.5,11.9,1,3600.00,1020.8,1006.9
2024-05-11T12:00,22.2,0.00,51,11.5,24.4,0.00,0.00,0.00,1,25,0,24,21,1.0,112,135,1.9,11.2,1,3600.00,1020.5,1006.7
2024-05-11T13:00,22.9,0.00,45,10.5,24.3,0.00,0.00,0.00,0,15,11,5,0,3.8,129,139,5.1,14.0,1,3600.00,1020.0,1006.2
2024-05-11T14:00,23.4,0.00,41,9.3,23.5,0.00,0.00,0.00,0,3,0,3,0,8.6,107,112,11.3,21.6,1,3600.00,1019.2,1005.5
2024-05-11T15:00,23.4,0.00,42,9.7,22.9,0.00,0.00,0.00,0,13,11,1,0,9.7,109,117,13.0,23.0,1,3600.00,1019.2,1005.5
2024-05-11T16:00,23.3,0.00,43,9.9,22.5,0.00,0.00,0.00,1,24,24,0,0,8.3,103,108,11.4,22.7,1,3600.00,1018.9,1005.2
2024-05-11T17:00,23.1,0.00,44,10.2,22.3,0.00,0.00,0.00,1,28,28,0,0,5.9,83,79,9.4,19.1,1,3600.00,1018.3,1004.6
2024-05-11T18:00,22.3,0.00,52,12.0,22.0,0.00,0.00,0.00,3,89,88,4,0,6.1,51,45,13.8,13.7,1,3600.00,1018.5,1004.7
2024-05-11T19:00,19.8,0.00,56,10.9,18.5,0.00,0.00,0.00,3,99,99,3,0,10.8,61,60,23.8,22.3,1,3600.00,1018.6,1004.7
2024-05-11T20:00,17.7,0.00,59,9.5,16.3,0.00,0.00,0.00,2,78,78,0,0,8.5,63,62,21.4,22.0,0,0.00,1018.5,1004.5
2024-05-11T21:00,16.9,0.00,61,9.3,15.1,0.00,0.00,0.00,0,12,12,0,0,10.9,64,63,26.1,21.2,0,0.00,1018.9,1004.9
2024-05-11T22:00,16.6,0.00,59,8.5,14.4,0.00,0.00,0.00,0,1,1,0,0,12.4,73,68,29.0,24.1,0,0.00,1018.6,1004.5
2024-05-11T23:00,16.9,0.00,53,7.3,14.0,0.00,0.00,0.00,0,2,2,0,0,14.8,89,89,32.0,29.2,0,0.00,1018.6,1004.6
2024-05-12T00:00,16.4,0.00,53,6.8,13.4,0.00,0.00,0.00,0,6,6,0,0,15.0,98,100,30.9,30.2,0,0.00,1018.6,1004.5
2024-05-12T01:00,15.1,0.00,58,7.0,12.5,0.00,0.00,0.00,1,21,21,0,0,12.3,106,111,27.7,29.2,0,0.00,1018.4,1004.3
2024-05-12T02:00,14.2,0.00,66,7.8,12.1,0.00,0.00,0.00,0,13,13,0,0,10.2,107,108,24.8,22.7,0,0.00,1017.9,1003.7
2024-05-12T03:00,13.3,0.00,70,7.9,11.5,0.00,0.00,0.00,0,13,13,0,0,8.3,98,90,21.4,20.5,0,0.00,1018.2,1004.0
2024-05-12T04:00,12.4,0.00,75,8.0,10.6,0.00,0.00,0.00,0,1,1,0,0,8.3,95,85,21.0,16.9,0,0.00,1018.3,1004.0
2024-05-12T05:00,11.8,0.00,78,8.1,9.9,0.00,0.00,0.00,0,2,2,0,0,9.0,98,92,21.4,18.0,1,0.00,1018.1,1003.8
2024-05-12T06:00,12.8,0.00,78,9.1,11.2,0.00,0.00,0.00,0,5,5,0,0,9.0,97,90,21.0,18.7,1,2416.08,1018.3,1004.1
2024-05-12T07:00,15.2,0.00,77,11.1,14.3,0.00,0.00,0.00,0,2,2,0,0,7.9,95,87,20.6,18.4,1,3600.00,1018.0,1003.9
2024-05-12T08:00,17.8,0.00,69,12.0,17.5,0.00,0.00,0.00,0,0,0,0,0,6.5,97,96,12.3,16.6,1,3600.00,1017.9,1003.9
2024-05-12T09:00,19.8,0.00,62,12.2,19.2,0.00,0.00,0.00,0,0,0,0,0,9.3,104,103,13.4,22.0,1,3600.00,1017.8,1003.9
2024-05-12T10:00,21.5,0.00,53,11.6,21.0,0.00,0.00,0.00,0,2,2,0,0,11.1,114,115,15.8,25.9,1,3600.00,1017.4,1003.6
2024-05-12T11:00,22.6,0.00,47,10.6,22.2,0.00,0.00,0.00,0,14,14,0,0,12.8,123,122,18.0,29.5,1,3600.00,1017.2,1003.4
2024-05-12T12:00,23.4,0.00,45,10.9,23.6,0.00,0.00,0.00,0,1,1,0,0,11.8,122,121,16.5,29.9,1,3600.00,1016.8,1003.1
2024-05-12T13:00,24.1,0.00,42,10.5,24.5,0.00,0.00,0.00,1,39,21,23,0,9.9,124,123,13.5,27.7,1,3600.00,1016.1,1002.4
2024-05-12T14:00,24.5,0.00,40,10.2,24.4,0.00,0.00,0.00,0,14,6,8,0,10.1,118,117,13.8,24.5,1,3600.00,1014.9,1001.3
2024-05-12T15:00,24.7,0.00,40,10.1,24.0,0.00,0.00,0.00,0,11,6,5,0,10.2,112,108,14.4,23.8,1,3600.00,1014.7,1001.1
2024-05-12T16:00,24.6,0.00,40,10.2,23.4,0.00,0.00,0.00,1,37,24,17,0,10.0,107,105,14.7,23.4,1,3600.00,1014.1,1000.5
2024-05-12T17:00,24.0,0.00,42,10.4,22.8,0.00,0.00,0.00,2,73,68,16,0,9.4,96,92,15.9,22.7,1,3600.00,1013.5,999.9
2024-05-12T18:00,22.9,0.00,50,12.0,22.4,0.00,0.00,0.00,2,74,70,11,0,8.0,88,82,17.7,21.2,1,3600.00,1013.7,1000.0
2024-05-12T19:00,20.7,0.00,52,10.4,19.3,0.00,0.00,0.00,2,74,72,7,0,10.2,89,82,24.5,20.2,1,3600.00,1013.7,999.9
2024-05-12T20:00,19.6,0.00,46,7.8,17.4,0.00,0.00,0.00,1,43,41,3,0,11.3,104,97,27.9,22.7,0,434.42,1013.8,1000.0
2024-05-12T21:00,18.7,0.00,50,8.1,16.5,0.00,0.00,0.00,0,17,15,2,0,11.7,112,99,27.1,23.4,0,0.00,1014.1,1000.2
2024-05-12T22:00,17.6,0.00,57,8.9,15.5,0.00,0.00,0.00,0,12,9,3,0,12.3,106,95,27.7,24.5,0,0.00,1014.0,1000.1
2024-05-12T23:00,16.9,0.00,60,9.0,14.5,0.00,0.00,0.00,1,29,27,2,0,14.2,106,97,30.7,27.4,0,0.00,1013.9,999.9
2024-05-13T00:00,16.7,0.00,59,8.7,13.9,0.00,0.00,0.00,1,40,38,3,0,17.2,106,101,34.5,33.8,0,0.00,1014.0,1000.0
2024-05-13T01:00,16.2,0.00,61,8.8,13.4,0.00,0.00,0.00,1,20,4,16,0,16.9,112,106,33.8,34.6,0,0.00,1013.7,999.7
2024-05-13T02:00,15.0,0.00,69,9.4,13.3,0.00,0.00,0.00,0,2,0,2,0,10.2,143,132,22.4,22.7,0,0.00,1013.5,999.4
2024-05-13T03:00,14.1,0.00,73,9.4,12.5,0.00,0.00,0.00,0,16,0,16,0,10.1,150,125,20.8,20.5,0,0.00,1013.9,999.8
2024-05-13T04:00,14.1,0.00,78,10.3,12.9,0.00,0.00,0.00,3,100,0,100,0,8.9,172,140,20.0,19.8,0,0.00,1014.3,1000.2
2024-05-13T05:00,15.2,0.00,81,12.0,14.6,0.00,0.00,0.00,3,100,0,100,0,8.2,191,165,17.6,17.6,1,0.00,1014.5,1000.4
2024-05-13T06:00,15.6,0.20,86,13.2,15.4,0.20,0.00,0.00,51,81,0,81,4,8.3,200,182,16.9,16.2,1,0.00,1014.8,1000.7
2024-05-13T07:00,16.3,0.00,87,14.0,16.5,0.00,0.00,0.00,3,97,0,97,8,7.2,204,186,14.2,17.3,1,1504.69,1015.1,1001.1
2024-05-13T08:00,17.4,0.00,83,14.4,17.8,0.00,0.00,0.00,3,97,0,97,0,7.1,215,210,10.6,17.6,1,2680.51,1015.1,1001.1
2024-05-13T09:00,18.8,0.00,77,14.8,19.3,0.00,0.00,0.00,3,80,0,80,0,7.3,214,213,9.6,19.1,1,3600.00,1014.6,1000.7
2024-05-13T10:00,19.7,0.00,73,14.7,20.3,0.00,0.00,0.00,0,15,2,13,0,6.6,223,221,8.9,19.4,1,3600.00,1014.6,1000.7
2024-05-13T11:00,21.1,0.00,65,14.1,22.7,0.00,0.00,0.00,0,11,5,5,1,5.8,211,210,7.6,20.9,1,3600.00,1014.0,1000.2
2024-05-13T12:00,21.9,0.00,57,13.1,23.6,0.00,0.00,0.00,1,35,8,25,7,3.7,188,191,5.1,18.4,1,3600.00,1013.5,999.8
2024-05-13T13:00,22.1,0.00,53,12.2,23.0,0.00,0.00,0.00,1,41,15,28,11,4.0,176,180,5.4,14.4,1,3600.00,1012.9,999.2
2024-05-13T14:00,19.8,2.00,74,15.0,20.3,2.00,0.00,0.00,61,62,37,41,7,13.8,172,173,20.0,36.4,1,3600.00,1012.0,998.2
2024-05-13T15:00,20.9,0.00,68,14.8,21.6,0.00,0.00,0.00,1,27,20,9,1,6.8,208,212,9.3,30.6,1,3600.00,1012.1,998.3
2024-05-13T16:00,21.9,0.00,63,14.6,23.0,0.00,0.00,0.00,1,21,19,3,0,4.1,222,232,5.4,18.0,1,3600.00,1011.5,997.8
2024-05-13T17:00,22.1,0.50,56,12.9,22.4,0.50,0.00,0.00,53,55,38,24,22,4.3,137,138,5.9,14.0,1,3600.00,1010.8,997.1
2024-05-13T18:00,21.4,0.00,65,14.5,22.3,0.00,0.00,0.00,0,19,4,16,0,4.1,131,135,6.6,12.6,1,3600.00,1010.7,997.0
2024-05-13T19:00,20.0,0.00,78,16.0,21.5,0.00,0.00,0.00,0,2,0,2,0,3.3,156,167,7.9,7.9,1,3600.00,1010.4,996.6
2024-05-13T20:00,17.3,0.00,86,14.9,18.1,0.00,0.00,0.00,0,0,0,0,0,5.9,137,133,13.2,10.4,0,680.46,1010.5,996.6
2024-05-13T21:00,16.3,0.00,89,14.5,16.8,0.00,0.00,0.00,0,0,0,0,0,6.6,117,103,16.6,13.0,0,0.00,1010.7,996.7
2024-05-13T22:00,15.3,0.00,91,13.9,15.6,0.00,0.00,0.00,0,0,0,0,0,6.9,109,84,16.4,13.3,0,0.00,1010.3,996.3
2024-05-13T23:00,14.9,0.00,92,13.5,14.8,0.00,0.00,0.00,0,2,0,2,0,8.3,111,88,18.5,15.8,0,0.00,1010.1,996.1
2024-05-14T00:00,14.6,0.00,91,13.2,14.4,0.00,0.00,0.00,0,0,0,0,0,8.7,112,95,19.9,16.6,0,0.00,1009.8,995.8
2024-05-14T01:00,14.5,0.00,91,13.0,14.0,0.00,0.00,0.00,0,0,0,0,0,9.8,109,96,22.1,18.7,0,0.00,1009.1,995.1
2024-05-14T02:00,14.7,0.00,84,12.0,13.7,0.00,0.00,0.00,0,1,0,1,0,11.2,109,105,25.2,22.0,0,0.00,1008.2,994.2
2024-05-14T03:00,14.3,0.00,82,11.2,13.0,0.00,0.00,0.00,0,0,0,0,0,11.1,110,103,24.1,22.0,0,0.00,1008.2,994.2
2024-05-14T04:00,13.7,0.00,80,10.4,12.1,0.00,0.00,0.00,0,0,0,0,0,11.7,109,99,24.4,23.0,0,0.00,1008.3,994.2
2024-05-14T05:00,13.3,0.00,79,9.8,11.6,0.00,0.00,0.00,0,0,0,0,0,11.7,107,101,24.8,23.0,1,0.00,1008.1,994.0
2024-05-14T06:00,14.2,0.00,77,10.2,12.5,0.00,0.00,0.00,0,0,0,0,0,12.1,104,100,24.9,23.8,1,2567.07,1008.1,994.1
2024-05-14T07:00,16.4,0.00,76,12.1,15.5,0.00,0.00,0.00,0,9,0,9,0,10.4,103,104,25.1,23.8,1,3600.00,1008.2,994.3
2024-05-14T08:00,18.6,0.00,68,12.5,17.8,0.00,0.00,0.00,0,16,0,16,0,10.7,105,110,17.6,23.4,1,3600.00,1008.2,994.4
2024-05-14T09:00,20.2,0.00,63,12.9,19.3,0.00,0.00,0.00,0,0,0,0,0,12.4,111,112,18.1,28.1,1,3600.00,1008.0,994.3
2024-05-14T10:00,21.9,0.00,59,13.5,21.9,0.00,0.00,0.00,0,0,0,0,0,11.9,115,115,17.1,28.4,1,3600.00,1007.6,993.9
2024-05-14T11:00,23.4,0.00,52,12.9,23.5,0.00,0.00,0.00,0,9,0,8,3,13.7,118,117,19.2,30.6,1,3600.00,1007.1,993.5
2024-05-14T12:00,24.1,0.00,44,11.2,23.6,0.00,0.00,0.00,0,16,0,16,1,14.3,116,115,20.4,33.1,1,3600.00,1006.7,993.2
2024-05-14T13:00,24.7,0.00,42,11.0,24.3,0.00,0.00,0.00,0,15,0,15,0,13.3,110,109,18.8,32.0,1,3600.00,1006.0,992.5
2024-05-14T14:00,25.3,0.00,38,10.0,24.6,0.00,0.00,0.00,0,9,0,9,0,13.8,107,105,19.6,31.7,1,3600.00,1004.7,991.2
2024-05-14T15:00,25.4,0.00,39,10.4,24.6,0.00,0.00,0.00,0,11,0,11,0,13.2,108,107,19.4,31.0,1,3600.00,1004.9,991.4
2024-05-14T16:00,25.2,0.00,39,10.1,23.6,0.00,0.00,0.00,0,17,0,17,0,13.6,109,107,20.6,29.9,1,3600.00,1004.5,991.0
2024-05-14T17:00,24.5,0.00,42,10.6,23.1,0.00,0.00,0.00,1,30,5,26,0,11.2,100,96,20.5,29.9,1,3600.00,1004.5,991.0
2024-05-14T18:00,23.4,0.00,45,10.9,22.0,0.00,0.00,0.00,1,27,14,15,0,11.2,99,94,23.3,24.5,1,3600.00,1004.3,990.8
2024-05-14T19:00,21.9,0.00,46,9.8,20.1,0.00,0.00,0.00,1,35,25,13,0,11.5,98,92,26.9,24.1,1,3600.00,1004.2,990.6
2024-05-14T20:00,20.3,0.00,48,8.8,18.5,0.00,0.00,0.00,2,60,51,18,0,10.4,93,88,25.2,24.1,1,691.67,1004.3,990.6
2024-05-14T21:00,19.6,0.00,51,9.1,17.4,0.00,0.00,0.00,3,84,83,10,0,13.8,86,83,29.6,26.3,0,0.00,1004.7,991.0
2024-05-14T22:00,19.8,0.00,45,7.5,16.7,0.00,0.00,0.00,3,83,82,5,0,16.7,97,97,34.4,33.5,0,0.00,1004.8,991.1
2024-05-14T23:00,19.0,0.00,47,7.3,15.8,0.00,0.00,0.00,1,33,30,4,0,16.6,112,117,32.3,35.3,0,0.00,1005.0,991.2
2024-05-15T00:00,17.2,0.00,54,7.8,14.7,0.00,0.00,0.00,3,100,100,0,0,13.0,115,118,27.7,33.5,0,0.00,1005.1,991.3
2024-05-15T01:00,15.7,0.00,60,8.0,13.6,0.00,0.00,0.00,3,100,100,0,0,10.6,120,125,25.0,26.6,0,0.00,1005.0,991.1
2024-05-15T02:00,14.0,0.00,79,10.4,13.3,0.00,0.00,0.00,3,100,100,2,0,5.6,141,117,10.2,12.6,0,0.00,1005.0,991.0
2024-05-15T03:00,13.3,0.00,82,10.2,12.8,0.00,0.00,0.00,3,99,99,0,0,3.9,20,56,4.2,9.4,0,0.00,1005.2,991.2
2024-05-15T04:00,14.4,0.00,72,9.4,13.9,0.00,0.00,0.00,3,100,100,3,0,2.5,281,180,3.7,6.8,0,0.00,1005.2,991.2
2024-05-15T05:00,13.0,0.00,87,10.8,12.4,0.00,0.00,0.00,3,100,100,16,0,5.4,237,200,12.0,9.7,1,0.00,1005.8,991.7
2024-05-15T06:00,13.9,0.00,86,11.5,14.0,0.00,0.00,0.00,3,100,100,47,0,2.6,280,326,8.0,11.2,1,0.00,1005.7,991.7
2024-05-15T07:00,14.6,1.00,85,12.1,14.4,1.00,0.00,0.00,55,100,100,87,2,5.7,209,198,8.2,12.6,1,0.00,1006.2,992.2
2024-05-15T08:00,14.8,0.50,86,12.5,14.5,0.50,0.00,0.00,53,100,99,87,0,7.3,215,213,10.1,17.6,1,1009.06,1006.4,992.4
2024-05-15T09:00,14.9,1.20,89,13.2,14.9,1.20,0.00,0.00,55,100,100,99,2,6.8,214,212,9.1,17.3,1,0.00,1006.6,992.6
2024-05-15T10:00,14.9,0.40,90,13.2,15.0,0.40,0.00,0.00,51,100,100,99,8,6.1,227,225,8.4,16.2,1,0.00,1006.9,992.9
2024-05-15T11:00,16.0,0.40,82,12.9,16.2,0.40,0.00,0.00,51,100,100,99,100,5.2,196,192,6.7,15.8,1,0.00,1007.1,993.2
2024-05-15T12:00,16.2,0.50,85,13.7,16.7,0.50,0.00,0.00,53,100,100,100,94,4.6,197,198,6.0,14.8,1,0.00,1007.4,993.5
2024-05-15T13:00,16.6,0.70,83,13.7,17.3,0.70,0.00,0.00,53,100,100,100,21,3.1,239,234,4.2,11.9,1,0.00,1007.0,993.1
2024-05-15T14:00,16.9,1.00,85,14.4,17.7,1.00,0.00,0.00,55,100,100,100,0,4.3,225,222,5.1,12.2,1,0.00,1006.9,993.0
2024-05-15T15:00,16.5,0.70,90,14.8,17.5,0.70,0.00,0.00,53,100,100,100,0,4.0,262,260,5.1,12.6,1,0.00,1006.5,992.6
2024-05-15T16:00,16.8,0.30,90,15.1,17.9,0.30,0.00,0.00,51,100,99,100,0,4.6,292,288,5.8,12.2,1,0.00,1006.1,992.2
2024-05-15T17:00,16.9,0.10,91,15.3,17.6,0.10,0.00,0.00,51,100,100,100,6,7.2,312,307,10.2,16.2,1,0.00,1005.9,992.0
2024-05-15T18:00,16.5,0.00,92,15.1,16.9,0.00,0.00,0.00,3,100,100,100,18,8.4,317,320,12.2,18.0,1,0.00,1005.6,991.7
2024-05-15T19:00,16.3,0.20,93,15.1,16.9,0.20,0.00,0.00,51,100,100,89,13,7.6,294,265,12.6,18.7,1,0.00,1005.5,991.6
2024-05-15T20:00,15.5,0.60,95,14.7,15.8,0.60,0.00,0.00,53,100,100,95,12,8.9,316,328,17.6,25.6,1,0.00,1005.2,991.3
2024-05-15T21:00,15.4,0.20,96,14.7,15.7,0.20,0.00,0.00,51,95,85,67,7,8.1,349,347,17.2,21.2,0,0.00,1005.3,991.4
2024-05-15T22:00,14.9,0.00,97,14.4,15.2,0.00,0.00,0.00,3,96,92,45,0,7.2,345,333,16.8,16.2,0,0.00,1005.1,991.1
2024-05-15T23:00,14.5,0.50,98,14.2,14.5,0.50,0.00,0.00,53,96,82,78,14,9.4,256,238,13.4,15.1,0,0.00,1005.6,991.6
2024-05-16T00:00,14.3,3.20,97,13.8,15.0,3.20,0.00,0.00,63,99,86,91,25,3.9,321,338,10.2,29.5,0,0.00,1005.5,991.5
2024-05-16T01:00,14.1,0.60,97,13.7,15.0,0.60,0.00,0.00,53,100,99,98,8,2.2,230,180,2.8,15.5,0,0.00,1005.4,991.4
2024-05-16T02:00,14.0,0.00,93,13.0,13.7,0.00,0.00,0.00,1,42,27,20,5,8.3,205,185,16.3,15.5,0,0.00,1005.7,991.7
2024-05-16T03:00,12.9,0.00,95,12.2,11.9,0.00,0.00,0.00,1,20,15,8,1,11.8,209,200,22.6,24.1,0,0.00,1006.0,991.9
2024-05-16T04:00,12.3,0.00,96,11.6,11.7,0.00,0.00,0.00,3,99,98,58,8,7.1,221,210,18.6,23.4,0,0.00,1005.7,991.6
2024-05-16T05:00,12.4,0.00,96,11.8,11.7,0.00,0.00,0.00,3,100,100,6,30,8.0,214,198,17.9,16.6,1,0.00,1006.0,991.9
2024-05-16T06:00,12.9,0.00,96,12.2,12.2,0.00,0.00,0.00,3,100,99,7,30,9.4,210,198,17.1,19.1,1,0.00,1006.3,992.2
2024-05-16T07:00,13.5,0.00,93,12.4,12.5,0.00,0.00,0.00,1,33,0,0,32,11.8,211,211,16.0,24.1,1,1069.27,1006.5,992.5
2024-05-16T08:00,14.7,0.00,86,12.4,13.4,0.00,0.00,0.00,3,100,0,0,100,13.8,218,219,19.2,29.5,1,3600.00,1006.5,992.5
2024-05-16T09:00,16.0,0.10,79,12.3,14.9,0.10,0.00,0.00,51,100,82,1,100,12.3,230,230,17.4,29.5,1,3600.00,1006.7,992.8
2024-05-16T10:00,16.9,0.10,73,12.0,15.9,0.10,0.00,0.00,51,97,42,2,95,10.9,225,224,14.8,27.7,1,3600.00,1006.6,992.7
2024-05-16T11:00,18.1,0.00,68,12.1,17.4,0.00,0.00,0.00,2,67,0,10,66,8.7,220,218,11.8,25.9,1,3600.00,1006.4,992.6
2024-05-16T12:00,18.9,0.00,65,12.2,19.2,0.00,0.00,0.00,0,12,0,9,5,5.1,229,231,6.6,24.1,1,3600.00,1006.1,992.3
2024-05-16T13:00,19.9,0.00,62,12.4,21.7,0.00,0.00,0.00,1,27,13,10,9,3.5,246,246,4.3,19.1,1,3600.00,1005.6,991.9
2024-05-16T14:00,20.5,0.00,56,11.5,21.5,0.00,0.00,0.00,2,70,64,14,2,3.8,253,253,4.9,18.4,1,3600.00,1005.5,991.8
2024-05-16T15:00,20.1,0.10,59,11.9,20.9,0.10,0.00,0.00,51,43,23,20,7,1.3,217,214,1.8,15.8,1,3600.00,1005.2,991.5
2024-05-16T16:00,20.3,0.00,56,11.3,20.5,0.00,0.00,0.00,3,81,79,11,4,2.7,294,293,3.5,11.5,1,3600.00,1004.4,990.7
2024-05-16T17:00,20.3,0.00,55,11.1,20.1,0.00,0.00,0.00,3,100,100,7,3,3.6,325,315,4.4,13.0,1,3600.00,1004.5,990.8
2024-05-16T18:00,19.6,0.20,60,11.6,19.2,0.20,0.00,0.00,51,66,47,34,18,5.8,355,360,8.7,11.5,1,3600.00,1004.4,990.7
2024-05-16T19:00,17.8,0.00,72,12.7,17.7,0.00,0.00,0.00,3,100,100,29,21,6.5,17,3,13.9,17.3,1,3600.00,1004.8,991.0
2024-05-16T20:00,15.8,0.00,82,12.7,15.8,0.00,0.00,0.00,3,100,100,53,22,5.7,332,325,13.8,12.2,1,0.00,1005.4,991.5
2024-05-16T21:00,14.6,0.80,88,12.6,13.8,0.80,0.00,0.00,53,100,100,100,18,10.7,36,40,19.1,21.6,0,0.00,1006.1,992.1
2024-05-16T22:00,14.6,0.20,89,12.8,14.1,0.20,0.00,0.00,51,100,100,3,0,9.5,355,351,19.5,19.8,0,0.00,1004.9,990.9
2024-05-16T23:00,13.1,0.00,94,12.2,13.0,0.00,0.00,0.00,3,100,100,52,0,5.5,4,328,11.5,18.7,0,0.00,1004.9,990.9
2024-05-17T00:00,13.3,0.00,94,12.3,13.4,0.00,0.00,0.00,3,100,100,96,22,4.6,340,309,10.4,9.0,0,0.00,1005.1,991.1
2024-05-17T01:00,13.4,0.00,96,12.7,13.4,0.00,0.00,0.00,3,100,100,99,22,5.4,323,312,13.9,12.6,0,0.00,1005.0,991.0
2024-05-17T02:00,13.7,0.40,97,13.2,13.5,0.40,0.00,0.00,51,100,100,83,55,8.3,327,326,19.0,19.1,0,0.00,1003.7,989.7
2024-05-17T03:00,14.1,1.90,95,13.3,13.9,1.90,0.00,0.00,61,100,100,92,94,8.7,12,5,18.0,24.1,0,0.00,1003.4,989.4
2024-05-17T04:00,14.3,1.00,93,13.2,14.2,1.00,0.00,0.00,55,100,100,99,11,7.3,1,349,15.1,17.6,0,0.00,1002.8,988.9
2024-05-17T05:00,13.8,0.90,95,13.0,13.6,0.90,0.00,0.00,53,100,100,99,89,8.2,348,331,16.2,16.2,1,0.00,1003.1,989.1
2024-05-17T06:00,13.9,0.60,95,13.1,13.2,0.60,0.00,0.00,53,100,100,100,100,11.4,352,342,19.7,22.0,1,0.00,1003.2,989.2
2024-05-17T07:00,14.0,1.70,96,13.3,13.4,1.70,0.00,0.00,61,100,100,100,16,11.1,348,335,19.5,22.7,1,0.00,1003.0,989.0
2024-05-17T08:00,14.1,1.40,94,13.1,13.6,1.40,0.00,0.00,61,100,98,100,34,9.7,342,333,16.3,22.7,1,0.00,1003.1,989.1
2024-05-17T09:00,14.2,1.40,94,13.2,13.8,1.40,0.00,0.00,61,100,100,100,52,9.2,348,339,14.0,20.5,1,0.00,1003.2,989.2
2024-05-17T10:00,14.4,1.20,94,13.5,14.1,1.20,0.00,0.00,55,100,100,100,99,9.4,329,328,13.9,21.2,1,0.00,1003.5,989.5
2024-05-17T11:00,14.4,1.50,96,13.7,14.2,1.50,0.00,0.00,61,100,100,100,100,9.7,319,318,14.3,23.4,1,0.00,1003.7,989.7
2024-05-17T12:00,14.8,1.30,96,14.2,14.9,1.30,0.00,0.00,61,100,100,100,100,8.4,305,301,12.7,21.2,1,0.00,1004.0,990.1
2024-05-17T13:00,14.7,2.30,94,13.8,14.2,2.30,0.00,0.00,61,100,99,100,12,11.6,288,286,17.8,24.1,1,0.00,1004.2,990.3
2024-05-17T14:00,13.6,0.20,89,11.8,12.5,0.20,0.00,0.00,51,100,96,99,100,11.1,219,216,16.1,26.6,1,0.00,1005.5,991.5
2024-05-17T15:00,13.8,0.20,90,12.2,12.6,0.20,0.00,0.00,51,100,93,100,97,12.8,221,220,19.1,28.1,1,0.00,1005.5,991.5
2024-05-17T16:00,14.3,0.40,90,12.6,12.9,0.40,0.00,0.00,51,100,64,100,98,15.2,234,234,21.9,31.3,1,0.00,1005.5,991.5
2024-05-17T17:00,13.9,1.10,95,13.0,12.9,1.10,0.00,0.00,55,100,16,100,85,12.8,231,232,20.2,31.0,1,0.00,1006.0,992.0
2024-05-17T18:00,13.8,1.70,95,13.0,12.7,1.70,0.00,0.00,61,100,79,100,100,14.1,237,232,24.2,28.4,1,0.00,1006.3,992.3
2024-05-17T19:00,13.3,1.50,95,12.5,11.8,1.50,0.00,0.00,61,100,5,100,100,15.9,238,232,27.7,32.4,1,0.00,1006.8,992.7
2024-05-17T20:00,13.1,1.90,94,12.2,11.6,1.90,0.00,0.00,61,100,0,100,100,15.2,241,234,26.7,32.4,1,0.00,1007.4,993.3
2024-05-17T21:00,13.0,1.90,94,12.1,11.6,1.90,0.00,0.00,61,100,1,100,100,14.1,236,230,25.2,31.3,0,0.00,1008.1,994.0
2024-05-17T22:00,12.9,1.30,94,12.0,11.5,1.30,0.00,0.00,61,100,0,100,100,14.0,233,226,24.9,28.8,0,0.00,1008.5,994.4
2024-05-17T23:00,12.7,1.40,95,11.9,11.1,1.40,0.00,0.00,61,100,1,100,100,14.8,229,223,26.6,30.2,0,0.00,1008.7,994.6
2024-05-18T00:00,12.7,1.10,94,11.8,11.1,1.10,0.00,0.00,55,100,1,100,100,15.0,230,224,26.6,31.0,0,0.00,1008.9,994.8
2024-05-18T01:00,12.6,1.70,94,11.7,10.8,1.70,0.00,0.00,61,100,3,100,100,15.8,231,225,27.7,32.0,0,0.00,1009.2,995.1
2024-05-18T02:00,12.6,1.00,95,11.8,10.9,1.00,0.00,0.00,55,100,0,95,100,15.3,236,231,26.5,31.0,0,0.00,1009.0,994.9
2024-05-18T03:00,12.7,1.40,95,11.9,11.3,1.40,0.00,0.00,61,100,0,95,100,13.8,243,237,24.6,31.0,0,0.00,1009.3,995.2
2024-05-18T04:00,12.7,1.50,95,11.9,11.4,1.50,0.00,0.00,61,100,2,100,100,13.1,244,238,23.2,28.8,0,0.00,1009.6,995.5
2024-05-18T05:00,12.7,2.00,95,11.8,11.3,2.00,0.00,0.00,61,100,0,100,100,13.2,241,235,23.5,27.4,1,0.00,1010.1,996.0
2024-05-18T06:00,12.5,2.20,95,11.8,10.9,2.20,0.00,0.00,61,100,0,100,100,14.6,235,230,25.9,29.9,1,0.00,1010.6,996.5
2024-05-18T07:00,12.6,2.20,95,11.7,11.0,2.20,0.00,0.00,61,100,0,100,100,14.6,238,232,25.6,31.0,1,0.00,1011.0,996.9
2024-05-18T08:00,12.9,1.70,94,11.9,11.7,1.70,0.00,0.00,61,100,0,100,100,12.5,236,231,22.1,29.9,1,0.00,1011.4,997.3
2024-05-18T09:00,13.6,1.00,92,12.3,12.1,1.00,0.00,0.00,55,100,0,100,100,14.7,241,239,23.0,29.9,1,0.00,1011.6,997.5
2024-05-18T10:00,14.1,0.40,89,12.2,12.9,0.40,0.00,0.00,51,100,0,100,96,13.0,231,228,21.0,30.2,1,0.00,1011.9,997.8
2024-05-18T11:00,15.1,0.00,83,12.2,14.4,0.00,0.00,0.00,1,44,0,35,14,9.2,236,231,14.8,25.6,1,0.00,1011.8,997.8
2024-05-18T12:00,17.8,0.00,64,10.9,16.6,0.00,0.00,0.00,2,60,0,53,23,14.8,263,264,20.7,33.1,1,3600.00,1011.4,997.5
2024-05-18T13:00,18.9,0.00,60,10.9,18.0,0.00,0.00,0.00,0,15,0,15,1,12.2,255,256,17.1,33.1,1,3600.00,1010.8,997.0
2024-05-18T14:00,17.3,0.20,72,12.1,17.3,0.20,0.00,0.00,51,41,0,27,20,9.1,251,252,12.2,23.4,1,3600.00,1011.3,997.4
2024-05-18T15:00,18.3,0.00,66,11.8,18.0,0.00,0.00,0.00,1,39,0,37,4,8.4,243,245,11.3,23.8,1,3600.00,1010.8,996.9
2024-05-18T16:00,19.0,0.00,60,11.0,18.2,0.00,0.00,0.00,1,40,0,39,6,7.8,248,248,10.5,25.2,1,3600.00,1010.6,996.8
2024-05-18T17:00,19.4,0.00,54,9.8,17.8,0.00,0.00,0.00,1,30,1,29,3,10.6,247,246,15.6,23.0,1,3600.00,1010.0,996.2
2024-05-18T18:00,18.8,0.00,60,10.8,17.5,0.00,0.00,0.00,0,10,0,8,4,10.3,242,241,18.4,24.5,1,3600.00,1009.7,995.9
2024-05-18T19:00,17.4,0.00,69,11.7,16.8,0.00,0.00,0.00,0,15,0,13,4,7.8,249,248,17.3,22.0,1,3600.00,1009.9,996.0
2024-05-18T20:00,14.7,0.00,81,11.5,14.2,0.00,0.00,0.00,0,16,3,6,9,6.4,256,254,14.8,16.2,1,1143.66,1010.5,996.5
2024-05-18T21:00,13.4,0.00,85,10.9,12.5,0.00,0.00,0.00,1,33,23,4,11,7.8,258,248,12.5,13.0,0,0.00,1010.9,996.8
2024-05-18T22:00,12.7,0.00,88,10.7,12.1,0.00,0.00,0.00,0,19,8,4,8,5.7,235,198,15.0,12.6,0,0.00,1011.3,997.2
2024-05-18T23:00,12.8,0.00,89,11.1,11.9,0.00,0.00,0.00,1,38,16,18,9,8.1,226,201,19.6,15.5,0,0.00,1011.6,997.5
2024-05-19T00:00,12.5,0.00,91,11.2,11.5,0.00,0.00,0.00,1,40,11,31,17,9.3,222,208,22.4,18.7,0,0.00,1011.9,997.7
2024-05-19T01:00,12.3,0.00,92,11.1,11.3,0.00,0.00,0.00,1,33,8,26,19,9.2,220,206,21.7,18.7,0,0.00,1011.8,997.6
2024-05-19T02:00,12.6,0.00,90,11.0,11.4,0.00,0.00,0.00,3,91,82,44,28,10.2,228,219,22.4,23.0,0,0.00,1011.5,997.3
2024-05-19T03:00,11.9,0.10,93,10.9,11.4,0.10,0.00,0.00,51,79,60,28,26,5.6,225,207,15.8,20.9,0,0.00,1011.4,997.2
2024-05-19T04:00,12.0,0.00,94,11.0,10.9,0.00,0.00,0.00,2,79,59,26,35,9.8,214,204,21.3,19.1,0,0.00,1011.4,997.2
2024-05-19T05:00,12.1,0.00,93,11.0,10.9,0.00,0.00,0.00,3,83,51,50,43,9.8,223,216,21.7,21.6,1,0.00,1011.7,997.5
2024-05-19T06:00,12.8,0.10,91,11.3,12.0,0.10,0.00,0.00,51,100,87,95,83,8.2,227,221,17.8,20.5,1,333.24,1012.0,997.9
2024-05-19T07:00,13.8,0.00,86,11.4,12.5,0.00,0.00,0.00,3,100,100,71,47,12.0,226,224,18.1,25.6,1,1203.90,1012.1,998.0
2024-05-19T08:00,14.4,0.00,83,11.6,12.6,0.00,0.00,0.00,3,100,100,100,86,16.0,226,226,22.9,33.8,1,2457.31,1011.8,997.7
2024-05-19T09:00,15.8,0.20,78,11.9,14.2,0.20,0.00,0.00,51,33,0,12,26,15.1,237,237,21.6,35.3,1,3600.00,1011.9,997.9
2024-05-19T10:00,17.0,0.10,73,12.0,15.5,0.10,0.00,0.00,51,100,4,11,100,14.4,240,238,20.0,34.9,1,3600.00,1011.7,997.8
2024-05-19T11:00,17.4,0.10,69,11.8,16.2,0.10,0.00,0.00,51,100,7,10,100,12.3,250,249,16.9,33.8,1,1359.93,1011.6,997.7
2024-05-19T12:00,17.5,0.10,67,11.3,16.4,0.10,0.00,0.00,51,100,9,85,100,10.7,258,258,15.1,28.4,1,0.00,1011.4,997.5
2024-05-19T13:00,18.0,0.00,64,11.0,16.8,0.00,0.00,0.00,3,100,11,93,100,10.6,259,260,15.0,25.6,1,0.00,1011.2,997.3
2024-05-19T14:00,18.2,0.00,68,12.1,17.3,0.00,0.00,0.00,2,52,9,16,37,11.1,246,245,15.3,28.4,1,3600.00,1011.3,997.4
2024-05-19T15:00,18.7,0.00,64,11.8,17.7,0.00,0.00,0.00,3,100,4,13,100,11.1,258,257,15.1,28.8,1,3600.00,1010.8,997.0
2024-05-19T16:00,18.1,0.10,68,12.1,17.7,0.10,0.00,0.00,51,34,4,22,17,7.2,286,288,9.3,27.4,1,3600.00,1010.4,996.5
2024-05-19T17:00,17.8,0.10,68,11.8,17.0,0.10,0.00,0.00,51,38,3,24,22,9.3,278,283,12.7,21.6,1,3600.00,1010.5,996.6
2024-05-19T18:00,17.4,0.00,74,12.6,17.2,0.00,0.00,0.00,1,33,24,11,5,6.6,313,319,8.9,21.6,1,3600.00,1010.4,996.5
2024-05-19T19:00,16.5,0.00,87,14.3,17.6,0.00,0.00,0.00,1,49,36,20,3,2.2,340,9,4.2,15.5,1,3600.00,1010.3,996.4
2024-05-19T20:00,16.5,0.00,77,12.5,17.1,0.00,0.00,0.00,0,17,10,2,6,1.3,219,124,2.3,4.7,1,872.59,1010.7,996.7
2024-05-19T21:00,13.3,0.00,89,11.5,12.9,0.00,0.00,0.00,1,25,12,7,11,5.8,208,158,6.9,7.6,0,0.00,1011.3,997.2
2024-05-19T22:00,12.2,0.00,91,10.9,11.4,0.00,0.00,0.00,0,3,3,0,0,7.6,234,185,9.3,10.4,0,0.00,1011.3,997.1
2024-05-19T23:00,11.4,0.00,94,10.4,10.5,0.00,0.00,0.00,0,0,0,0,0,7.0,249,192,8.9,10.4,0,0.00,1011.4,997.2
2024-05-20T00:00,13.1,0.00,89,11.4,12.9,0.00,0.00,0.00,0,10,0,0,10,4.0,261,185,6.9,9.7,0,0.00,1011.6,997.5
2024-05-20T01:00,13.0,0.00,89,11.3,13.2,0.00,0.00,0.00,0,1,0,0,1,1.5,283,135,3.3,6.5,0,0.00,1011.7,997.6
2024-05-20T02:00,12.8,0.00,93,11.8,13.0,0.00,0.00,0.00,0,7,0,4,3,2.4,270,117,0.0,3.6,0,0.00,1011.5,997.4
2024-05-20T03:00,11.1,0.00,96,10.4,10.5,0.00,0.00,0.00,1,27,0,0,27,5.1,160,135,4.2,7.6,0,0.00,1011.3,997.1
2024-05-20T04:00,10.4,0.00,99,10.3,9.8,0.00,0.00,0.00,3,98,0,0,98,4.3,191,132,5.5,7.2,0,0.00,1011.4,997.1
2024-05-20T05:00,10.4,0.00,99,10.2,10.0,0.00,0.00,0.00,3,100,0,0,100,3.2,180,117,5.4,6.5,1,0.00,1011.6,997.3
2024-05-20T06:00,11.5,0.00,99,11.3,11.0,0.00,0.00,0.00,3,100,0,0,100,5.7,128,108,6.4,12.6,1,505.29,1011.6,997.4
2024-05-20T07:00,12.2,0.00,99,12.1,12.0,0.00,0.00,0.00,3,100,0,0,100,5.7,122,125,5.5,14.8,1,2560.88,1011.7,997.5
2024-05-20T08:00,14.2,0.00,92,12.8,14.5,0.00,0.00,0.00,3,100,0,0,100,3.8,142,139,4.1,14.8,1,3600.00,1011.5,997.4
2024-05-20T09:00,16.1,0.00,81,12.9,16.8,0.00,0.00,0.00,2,60,12,0,54,1.8,198,191,2.3,13.3,1,3600.00,1011.6,997.6
2024-05-20T10:00,18.0,0.00,71,12.7,19.0,0.00,0.00,0.00,2,60,52,0,18,1.3,191,214,1.8,12.2,1,3600.00,1011.4,997.5
2024-05-20T11:00,19.3,0.00,63,12.2,21.1,0.00,0.00,0.00,0,13,10,1,3,0.7,153,180,0.8,11.5,1,3600.00,1011.2,997.4
2024-05-20T12:00,20.3,0.00,59,12.0,22.5,0.00,0.00,0.00,1,22,16,7,3,0.5,180,225,0.4,11.2,1,3600.00,1010.9,997.1
2024-05-20T13:00,21.1,0.00,54,11.5,22.8,0.00,0.00,0.00,1,40,34,8,1,2.3,210,219,2.9,12.6,1,3600.00,1010.4,996.7
2024-05-20T14:00,22.1,0.00,47,10.4,23.4,0.00,0.00,0.00,1,27,22,6,0,1.1,166,198,1.5,14.0,1,3600.00,1009.9,996.2
2024-05-20T15:00,22.5,0.00,46,10.3,23.8,0.00,0.00,0.00,1,23,16,8,1,0.0,135,270,0.5,12.6,1,3600.00,1009.1,995.5
2024-05-20T16:00,22.6,0.00,46,10.3,23.0,0.00,0.00,0.00,3,81,78,13,0,0.5,72,45,1.1,9.4,1,3600.00,1008.5,994.9
2024-05-20T17:00,22.4,0.00,46,10.3,22.4,0.00,0.00,0.00,2,78,74,15,0,0.8,72,27,1.1,7.6,1,3600.00,1008.4,994.8
2024-05-20T18:00,21.9,0.00,55,12.5,22.2,0.00,0.00,0.00,3,100,100,6,0,3.2,43,27,5.9,7.6,1,3600.00,1008.2,994.5
2024-05-20T19:00,20.3,0.00,67,14.0,21.1,0.00,0.00,0.00,3,100,100,2,0,3.8,34,17,8.3,7.6,1,3600.00,1008.3,994.6
2024-05-20T20:00,17.7,0.00,67,11.6,17.3,0.00,0.00,0.00,3,100,100,3,0,6.3,16,13,13.5,11.2,1,0.00,1008.4,994.5
2024-05-20T21:00,16.4,0.00,73,11.5,15.9,0.00,0.00,0.00,3,100,100,2,0,6.3,24,24,14.2,13.3,0,0.00,1008.6,994.7
2024-05-20T22:00,15.0,0.00,80,11.5,14.6,0.00,0.00,0.00,3,100,100,7,0,5.9,60,52,15.8,11.5,0,0.00,1008.7,994.7
2024-05-20T23:00,14.1,0.00,84,11.5,13.7,0.00,0.00,0.00,3,100,100,35,4,5.9,79,76,11.7,11.9,0,0.00,1008.6,994.6
2024-05-21T00:00,15.2,0.00,74,10.6,14.4,0.00,0.00,0.00,3,100,100,4,0,7.1,62,49,20.0,13.7,0,0.00,1008.2,994.2
2024-05-21T01:00,16.0,0.00,66,9.7,14.6,0.00,0.00,0.00,3,88,88,6,0,9.2,68,59,24.4,18.0,0,0.00,1007.6,993.7
2024-05-21T02:00,15.7,0.00,74,11.1,14.9,0.00,0.00,0.00,3,100,100,16,0,7.6,42,19,21.4,30.2,0,0.00,1006.9,993.0
2024-05-21T03:00,15.4,0.00,74,10.7,14.5,0.00,0.00,0.00,3,100,100,84,0,7.6,65,59,22.7,19.1,0,0.00,1006.2,992.3
2024-05-21T04:00,16.2,0.00,67,10.1,16.0,0.00,0.00,0.00,3,100,100,98,0,1.3,86,236,5.1,15.8,0,0.00,1006.2,992.3
2024-05-21T05:00,14.4,0.00,86,12.1,13.7,0.00,0.00,0.00,3,100,100,100,0,9.4,226,212,16.0,16.9,1,0.00,1006.7,992.7
2024-05-21T06:00,14.2,0.00,90,12.6,14.6,0.00,0.00,0.00,3,100,100,2,0,2.8,223,140,7.4,17.6,1,0.00,1006.7,992.7
2024-05-21T07:00,15.4,0.00,86,13.1,16.0,0.00,0.00,0.00,3,100,100,100,0,2.8,157,130,4.7,9.4,1,1048.32,1007.0,993.0
2024-05-21T08:00,15.6,0.60,87,13.4,16.2,0.60,0.00,0.00,53,100,100,100,1,3.3,171,167,4.4,10.1,1,0.00,1007.0,993.1
2024-05-21T09:00,15.7,2.10,90,14.0,16.7,2.10,0.00,0.00,61,100,100,100,0,2.2,279,270,2.2,14.8,1,0.00,1007.0,993.1
2024-05-21T10:00,15.6,1.50,92,14.4,16.1,1.50,0.00,0.00,61,100,100,100,47,6.2,237,234,8.6,15.8,1,0.00,1007.0,993.1
2024-05-21T11:00,15.9,0.60,89,14.1,15.9,0.60,0.00,0.00,53,100,96,100,92,9.4,227,227,12.7,21.2,1,0.00,1006.9,993.0
2024-05-21T12:00,16.5,0.20,85,13.9,16.4,0.20,0.00,0.00,51,100,99,100,69,9.3,254,254,12.8,25.2,1,0.00,1006.5,992.6
2024-05-21T13:00,16.9,0.10,81,13.6,16.8,0.10,0.00,0.00,51,100,100,100,100,8.8,237,235,12.0,21.2,1,0.00,1006.4,992.5
2024-05-21T14:00,16.2,0.50,87,14.0,15.9,0.50,0.00,0.00,53,100,100,100,23,10.8,221,217,16.3,21.2,1,0.00,1006.6,992.7
2024-05-21T15:00,15.9,0.40,86,13.5,14.7,0.40,0.00,0.00,51,100,100,100,39,15.5,236,234,23.9,32.0,1,0.00,1006.7,992.8
2024-05-21T16:00,15.5,0.50,90,13.9,15.0,0.50,0.00,0.00,53,100,100,100,43,12.2,247,246,20.7,32.0,1,0.00,1006.8,992.9
2024-05-21T17:00,15.7,0.50,88,13.7,15.1,0.50,0.00,0.00,53,100,100,100,25,12.6,252,250,20.5,29.5,1,0.00,1006.8,992.9
2024-05-21T18:00,15.9,0.20,85,13.4,15.1,0.20,0.00,0.00,51,100,100,63,17,12.6,243,243,20.1,31.3,1,0.00,1006.5,992.6
2024-05-21T19:00,15.4,0.20,88,13.4,14.7,0.20,0.00,0.00,51,100,100,97,14,12.1,236,233,21.3,25.9,1,0.00,1006.8,992.8
2024-05-21T20:00,14.8,0.00,93,13.7,14.5,0.00,0.00,0.00,3,100,100,97,2,10.2,230,222,20.2,24.1,1,0.00,1007.1,993.1
2024-05-21T21:00,14.5,0.00,94,13.5,13.9,0.00,0.00,0.00,3,100,100,66,1,11.8,224,218,23.7,24.1,0,0.00,1007.7,993.7
2024-05-21T22:00,14.3,0.00,95,13.5,13.9,0.00,0.00,0.00,3,100,100,40,2,10.4,228,224,21.9,24.1,0,0.00,1007.8,993.8
2024-05-21T23:00,14.1,0.00,95,13.3,14.1,0.00,0.00,0.00,3,100,100,24,0,6.9,228,219,17.8,21.2,0,0.00,1007.7,993.7
2024-05-22T00:00,13.6,0.00,96,12.9,13.6,0.00,0.00,0.00,3,100,100,14,14,6.5,228,214,17.8,15.1,0,0.00,1007.9,993.8
2024-05-22T01:00,13.7,0.00,95,12.8,13.4,0.00,0.00,0.00,3,100,100,14,16,8.1,226,212,20.1,17.3,0,0.00,1007.7,993.7
2024-05-22T02:00,13.7,0.00,93,12.7,12.7,0.00,0.00,0.00,3,100,100,15,1,12.8,227,220,25.0,25.9,0,0.00,1008.2,994.1
2024-05-22T03:00,13.3,0.00,93,12.2,12.2,0.00,0.00,0.00,3,100,100,25,15,12.5,222,213,25.2,26.3,0,0.00,1008.5,994.4
2024-05-22T04:00,13.2,0.00,91,11.8,11.9,0.00,0.00,0.00,3,100,100,9,5,13.0,230,224,25.5,27.0,0,0.00,1008.6,994.5
2024-05-22T05:00,12.8,0.00,92,11.5,11.4,0.00,0.00,0.00,3,100,100,11,23,13.0,230,224,25.0,26.3,1,0.00,1009.1,995.0
2024-05-22T06:00,13.1,0.00,92,11.8,11.8,0.00,0.00,0.00,3,100,100,15,100,13.0,232,226,22.8,26.6,1,0.00,1009.9,995.8
2024-05-22T07:00,13.9,0.10,88,12.0,12.2,0.10,0.00,0.00,51,100,100,12,100,16.1,238,236,25.4,33.5,1,0.00,1010.5,996.4
2024-05-22T08:00,14.4,0.00,86,12.1,12.8,0.00,0.00,0.00,3,100,100,13,39,15.0,236,235,22.6,32.8,1,0.00,1010.9,996.8
2024-05-22T09:00,15.6,0.00,80,12.1,14.0,0.00,0.00,0.00,3,100,100,18,38,15.6,247,247,22.7,34.2,1,3600.00,1011.3,997.3
2024-05-22T10:00,16.9,0.00,73,12.0,15.4,0.00,0.00,0.00,3,100,100,19,29,14.5,248,247,20.2,36.0,1,3600.00,1011.3,997.4
2024-05-22T11:00,18.0,0.00,68,11.9,17.0,0.00,0.00,0.00,3,99,98,33,29,15.0,247,246,20.7,37.1,1,3600.00,1011.5,997.6
2024-05-22T12:00,18.8,0.00,62,11.4,17.3,0.00,0.00,0.00,3,100,7,18,100,16.1,248,246,22.5,37.1,1,3600.00,1011.5,997.6
2024-05-22T13:00,18.3,0.40,66,11.9,16.4,0.40,0.00,0.00,51,71,0,33,57,17.1,251,252,24.4,36.7,1,1770.73,1011.6,997.7
2024-05-22T14:00,19.1,0.00,63,11.9,18.4,0.00,0.00,0.00,1,25,0,14,13,13.4,262,262,18.9,35.3,1,3600.00,1011.9,998.1
2024-05-22T15:00,19.5,0.00,60,11.7,18.6,0.00,0.00,0.00,1,20,0,15,6,14.8,259,257,20.2,36.7,1,3600.00,1011.9,998.1
2024-05-22T16:00,19.3,0.00,60,11.4,17.7,0.00,0.00,0.00,0,10,1,7,5,13.8,265,264,19.5,36.0,1,3600.00,1011.8,998.0
2024-05-22T17:00,19.1,0.00,59,11.0,17.4,0.00,0.00,0.00,1,23,5,6,14,13.7,267,267,19.5,31.0,1,3600.00,1011.9,998.1
2024-05-22T18:00,18.6,0.00,61,10.9,17.4,0.00,0.00,0.00,1,43,33,4,12,10.4,271,270,16.6,29.5,1,3600.00,1012.0,998.1
2024-05-22T19:00,17.6,0.00,68,11.6,17.2,0.00,0.00,0.00,0,19,12,4,4,6.4,259,254,14.7,22.3,1,3600.00,1012.7,998.8
2024-05-22T20:00,15.4,0.00,77,11.4,15.0,0.00,0.00,0.00,0,13,5,2,7,5.9,237,223,15.4,13.7,1,1351.20,1013.3,999.3
2024-05-22T21:00,14.5,0.00,80,11.1,13.7,0.00,0.00,0.00,0,12,2,1,10,7.6,230,211,19.4,14.4,0,0.00,1014.3,1000.2
2024-05-22T22:00,13.8,0.00,83,11.0,13.0,0.00,0.00,0.00,1,20,0,6,17,7.5,233,215,20.3,15.5,0,0.00,1014.9,1000.8
2024-05-22T23:00,13.0,0.00,87,10.9,12.4,0.00,0.00,0.00,0,16,1,2,14,6.1,233,208,17.5,14.8,0,0.00,1015.1,1000.9
2024-05-23T00:00,12.4,0.00,91,10.9,11.7,0.00,0.00,0.00,0,13,0,1,12,6.6,224,193,17.1,12.6,0,0.00,1015.2,1001.0
2024-05-23T01:00,12.0,0.00,93,10.8,11.3,0.00,0.00,0.00,0,10,0,3,7,6.2,223,190,16.3,13.0,0,0.00,1015.2,1001.0
2024-05-23T02:00,12.0,0.00,93,10.9,11.3,0.00,0.00,0.00,0,12,0,1,12,6.5,225,199,17.8,14.4,0,0.00,1015.4,1001.2
2024-05-23T03:00,10.9,0.00,95,10.1,10.1,0.00,0.00,0.00,0,1,0,0,1,5.8,226,184,12.5,12.6,0,0.00,1015.3,1001.0
2024-05-23T04:00,10.5,0.00,95,9.8,9.7,0.00,0.00,0.00,0,0,0,0,0,5.4,215,176,10.6,10.1,0,0.00,1015.3,1001.0
2024-05-23T05:00,10.3,0.00,95,9.6,9.5,0.00,0.00,0.00,0,2,0,1,1,4.8,212,167,9.4,9.4,1,0.00,1015.7,1001.4
2024-05-23T06:00,12.1,0.00,93,11.0,11.6,0.00,0.00,0.00,0,6,0,1,5,5.6,196,153,7.9,10.1,1,3157.38,1016.2,1002.0
2024-05-23T07:00,13.8,0.00,88,11.8,13.7,0.00,0.00,0.00,3,97,97,2,7,4.1,177,165,6.1,12.2,1,3600.00,1016.6,1002.4
2024-05-23T08:00,15.4,0.00,83,12.4,15.7,0.00,0.00,0.00,3,100,100,54,5,2.7,212,203,3.4,12.6,1,3600.00,1016.6,1002.5
2024-05-23T09:00,16.8,0.00,74,12.1,16.9,0.00,0.00,0.00,3,97,96,67,14,3.6,266,264,4.7,14.0,1,3600.00,1016.6,1002.6
2024-05-23T10:00,17.8,0.00,69,11.9,17.8,0.00,0.00,0.00,2,53,49,3,8,4.0,270,270,5.0,18.0,1,3600.00,1016.5,1002.5
2024-05-23T11:00,18.9,0.00,66,12.3,20.1,0.00,0.00,0.00,1,37,18,15,12,4.9,291,287,6.2,19.1,1,3600.00,1016.3,1002.4
2024-05-23T12:00,19.4,0.10,63,12.1,20.7,0.10,0.00,0.00,51,90,86,21,4,4.9,289,287,6.5,19.4,1,3600.00,1016.0,1002.1
2024-05-23T13:00,19.9,0.00,60,11.8,20.4,0.00,0.00,0.00,3,100,100,31,12,5.5,295,293,6.8,18.0,1,3600.00,1015.9,1002.0
2024-05-23T14:00,21.1,0.00,44,8.5,20.4,0.00,0.00,0.00,3,100,99,82,0,7.1,287,285,8.7,18.4,1,3600.00,1015.4,1001.6
2024-05-23T15:00,17.5,0.10,67,11.3,15.4,0.10,0.00,0.00,51,100,100,55,8,17.6,250,247,25.3,38.2,1,1261.50,1016.1,1002.1
2024-05-23T16:00,17.2,0.00,70,11.6,16.1,0.00,0.00,0.00,3,100,100,74,0,11.2,251,249,15.6,37.1,1,3029.32,1016.1,1002.1
2024-05-23T17:00,17.5,0.00,69,11.7,16.7,0.00,0.00,0.00,3,100,100,89,0,8.8,237,235,12.5,24.8,1,3447.99,1016.0,1002.0
2024-05-23T18:00,16.8,0.00,74,12.2,16.1,0.00,0.00,0.00,3,100,100,93,0,9.5,233,233,13.9,20.9,1,1670.94,1016.3,1002.3
2024-05-23T19:00,16.2,0.00,80,12.7,16.2,0.00,0.00,0.00,3,100,100,27,0,5.7,235,235,10.6,20.5,1,0.00,1016.7,1002.7
2024-05-23T20:00,15.1,0.00,86,12.8,15.2,0.00,0.00,0.00,3,100,100,50,1,5.7,225,215,13.7,11.9,1,0.00,1017.2,1003.1
2024-05-23T21:00,14.7,0.00,88,12.7,14.4,0.00,0.00,0.00,3,100,100,96,3,8.1,220,212,17.4,15.8,0,0.00,1017.9,1003.8
2024-05-23T22:00,14.4,0.20,89,12.7,13.7,0.20,0.00,0.00,51,100,100,100,4,10.5,228,221,20.4,20.9,0,0.00,1018.3,1004.1
2024-05-23T23:00,14.2,0.90,91,12.7,13.7,0.90,0.00,0.00,53,100,100,100,4,9.0,235,233,18.4,20.9,0,0.00,1018.3,1004.1
2024-05-24T00:00,13.7,0.70,93,12.6,13.1,0.70,0.00,0.00,53,100,100,100,2,9.8,244,242,19.6,20.9,0,0.00,1018.2,1004.0
2024-05-24T01:00,13.4,1.10,94,12.5,13.4,1.10,0.00,0.00,55,100,100,100,59,5.7,230,215,12.8,19.8,0,0.00,1018.3,1004.1
2024-05-24T02:00,13.5,1.50,96,12.9,13.8,1.50,0.00,0.00,61,100,100,100,100,4.2,264,250,10.1,9.4,0,0.00,1017.9,1003.7
2024-05-24T03:00,13.5,0.80,97,13.0,13.9,0.80,0.00,0.00,53,100,100,100,17,3.7,275,241,9.0,9.0,0,0.00,1017.7,1003.5
2024-05-24T04:00,13.4,1.30,97,13.0,13.7,1.30,0.00,0.00,61,100,99,100,88,3.9,254,214,7.9,7.9,0,0.00,1017.8,1003.6
2024-05-24T05:00,13.3,1.40,95,12.5,13.5,1.40,0.00,0.00,61,100,100,100,100,3.6,257,233,8.1,7.9,1,0.00,1018.0,1003.8
2024-05-24T06:00,13.4,1.40,93,12.3,13.6,1.40,0.00,0.00,61,100,98,100,100,3.2,257,243,6.6,7.9,1,0.00,1018.2,1004.0
2024-05-24T07:00,13.4,0.70,93,12.4,13.8,0.70,0.00,0.00,53,100,99,100,88,2.5,276,270,3.6,7.6,1,0.00,1018.5,1004.3
2024-05-24T08:00,13.5,1.30,93,12.4,13.9,1.30,0.00,0.00,61,100,100,100,28,2.2,270,270,2.5,6.5,1,0.00,1018.7,1004.5
2024-05-24T09:00,13.8,1.00,92,12.5,14.0,1.00,0.00,0.00,55,100,100,100,30,3.9,249,248,5.0,10.8,1,0.00,1018.7,1004.5
2024-05-24T10:00,14.8,0.40,84,12.1,15.1,0.40,0.00,0.00,51,100,100,100,17,2.0,230,225,2.8,11.5,1,0.00,1018.8,1004.7
2024-05-24T11:00,15.2,0.30,83,12.3,15.8,0.30,0.00,0.00,51,100,100,73,7,0.7,180,180,1.1,10.4,1,0.00,1018.5,1004.4
2024-05-24T12:00,16.5,0.00,74,11.8,16.7,0.00,0.00,0.00,3,100,100,56,26,2.3,216,219,3.1,12.2,1,3600.00,1018.2,1004.1
2024-05-24T13:00,17.3,0.00,69,11.5,17.1,0.00,0.00,0.00,2,64,10,48,35,4.7,257,261,6.3,15.5,1,3600.00,1017.5,1003.5
2024-05-24T14:00,18.7,0.10,69,13.0,20.4,0.10,0.00,0.00,51,84,76,30,11,3.9,240,248,5.0,18.0,1,3600.00,1017.1,1003.2
2024-05-24T15:00,18.7,0.20,66,12.2,18.5,0.20,0.00,0.00,51,93,87,28,32,6.2,262,263,8.0,20.5,1,3600.00,1016.7,1002.8
2024-05-24T16:00,17.9,0.40,68,11.9,17.3,0.40,0.00,0.00,51,70,41,40,18,7.6,283,289,9.6,20.2,1,3600.00,1016.6,1002.6
2024-05-24T17:00,17.4,1.30,72,12.3,17.2,1.30,0.00,0.00,61,95,89,50,19,6.3,261,257,8.8,19.1,1,3600.00,1016.8,1002.8
2024-05-24T18:00,15.8,1.80,83,13.0,16.1,1.80,0.00,0.00,61,90,86,25,9,4.2,246,239,6.3,19.1,1,769.79,1017.0,1002.9
2024-05-24T19:00,15.6,0.00,86,13.2,16.1,0.00,0.00,0.00,3,89,88,8,3,3.1,239,234,4.2,10.8,1,2260.56,1017.3,1003.2
2024-05-24T20:00,13.9,0.00,93,12.8,14.0,0.00,0.00,0.00,3,88,85,18,5,5.2,216,196,6.7,7.9,1,266.34,1017.5,1003.3
2024-05-24T21:00,13.2,0.00,93,12.2,13.2,0.00,0.00,0.00,1,46,46,0,0,4.8,197,167,10.1,9.0,0,0.00,1017.7,1003.5
2024-05-24T22:00,13.2,0.00,94,12.2,13.0,0.00,0.00,0.00,2,61,60,1,3,6.1,208,183,17.1,13.0,0,0.00,1017.7,1003.5
2024-05-24T23:00,12.8,0.00,95,12.0,12.5,0.00,0.00,0.00,0,11,0,7,8,6.6,213,189,16.7,13.0,0,0.00,1018.0,1003.8
2024-05-25T00:00,12.4,0.00,95,11.6,11.9,0.00,0.00,0.00,0,17,6,1,11,6.2,212,190,16.2,13.7,0,0.00,1018.0,1003.7
2024-05-25T01:00,11.8,0.00,95,11.1,11.4,0.00,0.00,0.00,1,24,3,1,21,5.5,215,191,15.0,12.6,0,0.00,1018.0,1003.7
2024-05-25T02:00,11.3,0.00,97,10.9,10.9,0.00,0.00,0.00,2,54,35,28,1,4.5,187,151,5.8,10.1,0,0.00,1018.2,1003.9
2024-05-25T03:00,11.6,0.00,97,11.2,10.9,0.00,0.00,0.00,1,41,30,14,5,7.2,187,162,14.5,13.7,0,0.00,1017.9,1003.6
2024-05-25T04:00,11.4,0.00,96,10.8,10.6,0.00,0.00,0.00,0,16,0,16,0,7.0,195,168,16.8,15.1,0,0.00,1017.7,1003.4
2024-05-25T05:00,11.3,0.00,95,10.6,10.6,0.00,0.00,0.00,0,8,0,8,1,5.8,208,180,15.5,14.4,1,0.00,1018.0,1003.7
2024-05-25T06:00,12.1,0.00,94,11.2,11.3,0.00,0.00,0.00,0,17,1,14,5,7.9,194,156,14.8,14.4,1,3266.40,1018.5,1004.2
2024-05-25T07:00,13.3,0.00,92,12.0,12.7,0.00,0.00,0.00,0,9,7,0,2,8.6,188,180,13.4,19.1,1,3600.00,1018.4,1004.2
2024-05-25T08:00,14.8,0.00,85,12.2,13.8,0.00,0.00,0.00,1,42,13,0,34,11.2,214,213,15.3,25.2,1,3600.00,1018.4,1004.3
2024-05-25T09:00,16.2,0.00,82,13.0,15.6,0.00,0.00,0.00,1,47,7,0,43,10.2,224,225,14.0,27.4,1,3600.00,1018.3,1004.2
2024-05-25T10:00,17.3,0.00,77,13.3,17.7,0.00,0.00,0.00,1,36,0,16,28,7.1,241,240,9.5,25.2,1,3600.00,1018.1,1004.1
2024-05-25T11:00,18.4,0.10,72,13.4,19.7,0.10,0.00,0.00,51,19,0,11,9,5.2,245,245,6.8,21.2,1,3600.00,1017.9,1003.9
2024-05-25T12:00,19.4,0.00,67,13.0,21.0,0.00,0.00,0.00,1,22,0,17,6,5.5,246,247,7.1,21.2,1,3600.00,1017.7,1003.8
2024-05-25T13:00,19.8,0.20,64,12.8,21.2,0.20,0.00,0.00,51,31,1,28,3,5.3,238,242,6.8,21.6,1,3600.00,1017.5,1003.6
2024-05-25T14:00,20.8,0.10,54,11.2,21.2,0.10,0.00,0.00,51,38,11,26,5,7.1,219,221,9.2,19.8,1,3600.00,1017.1,1003.3
2024-05-25T15:00,20.5,0.00,53,10.7,19.8,0.00,0.00,0.00,2,50,45,7,4,7.4,231,231,9.7,20.2,1,3600.00,1016.7,1002.9
2024-05-25T16:00,20.7,0.00,52,10.5,20.0,0.00,0.00,0.00,1,29,22,9,3,7.0,234,235,9.3,19.8,1,3600.00,1016.4,1002.6
2024-05-25T17:00,20.5,0.00,51,10.1,19.8,0.00,0.00,0.00,1,48,38,15,3,5.2,248,245,6.6,18.0,1,3600.00,1016.7,1002.9
2024-05-25T18:00,20.1,0.00,54,10.5,19.8,0.00,0.00,0.00,0,11,4,7,2,2.9,243,240,4.0,13.0,1,3600.00,1016.9,1003.0
2024-05-25T19:00,18.5,0.00,75,14.0,19.2,0.00,0.00,0.00,0,10,0,10,0,3.9,298,292,6.9,7.2,1,3600.00,1017.1,1003.2
2024-05-25T20:00,15.5,0.00,83,12.6,15.3,0.00,0.00,0.00,0,7,0,7,0,7.4,344,331,9.0,9.7,1,1873.06,1017.5,1003.4
2024-05-25T21:00,14.3,0.00,85,11.9,13.8,0.00,0.00,0.00,0,9,3,6,0,7.2,25,27,7.6,10.1,0,0.00,1017.9,1003.7
2024-05-25T22:00,13.4,0.00,87,11.3,13.1,0.00,0.00,0.00,0,10,4,5,0,5.0,48,60,4.3,9.4,0,0.00,1018.2,1004.0
2024-05-25T23:00,12.9,0.00,88,10.9,12.7,0.00,0.00,0.00,0,1,1,0,0,3.3,79,77,3.7,7.9,0,0.00,1018.0,1003.8
2024-05-26T00:00,11.7,0.00,91,10.3,11.3,0.00,0.00,0.00,0,1,0,1,0,3.6,118,90,5.3,7.6,0,0.00,1018.0,1003.7
2024-05-26T01:00,11.1,0.00,93,10.0,10.4,0.00,0.00,0.00,2,53,52,3,0,4.7,127,90,7.7,9.4,0,0.00,1017.9,1003.6
2024-05-26T02:00,11.5,0.00,93,10.4,10.7,0.00,0.00,0.00,3,93,93,1,0,6.2,132,100,13.0,12.6,0,0.00,1017.9,1003.6
2024-05-26T03:00,11.1,0.00,94,10.2,10.4,0.00,0.00,0.00,3,89,89,1,0,5.1,132,94,10.2,11.9,0,0.00,1017.6,1003.3
2024-05-26T04:00,11.0,0.00,95,10.2,10.2,0.00,0.00,0.00,1,22,22,0,0,6.1,118,90,11.4,11.5,0,0.00,1017.3,1003.0
2024-05-26T05:00,11.0,0.00,95,10.3,10.0,0.00,0.00,0.00,0,3,3,0,0,7.6,112,95,14.7,13.7,1,0.00,1017.4,1003.1
2024-05-26T06:00,13.0,0.00,91,11.5,12.1,0.00,0.00,0.00,0,0,0,0,0,9.8,106,96,18.0,18.4,1,3317.58,1017.6,1003.4
2024-05-26T07:00,15.6,0.00,84,12.9,15.6,0.00,0.00,0.00,0,0,0,0,0,5.9,112,101,15.2,18.7,1,3600.00,1018.0,1003.9
2024-05-26T08:00,17.7,0.00,76,13.5,17.9,0.00,0.00,0.00,1,39,39,0,0,6.2,113,111,9.4,16.2,1,3600.00,1018.2,1004.2
2024-05-26T09:00,19.6,0.00,66,13.2,19.3,0.00,0.00,0.00,3,93,93,0,0,8.9,121,122,12.6,21.6,1,3600.00,1017.8,1003.9
2024-05-26T10:00,21.2,0.00,57,12.3,21.3,0.00,0.00,0.00,3,98,97,42,4,9.0,143,143,12.1,23.0,1,3600.00,1017.7,1003.9
2024-05-26T11:00,21.9,0.00,50,11.1,21.6,0.00,0.00,0.00,3,100,100,100,1,9.8,157,156,13.7,24.1,1,3600.00,1017.4,1003.6
2024-05-26T12:00,22.4,0.00,47,10.4,21.9,0.00,0.00,0.00,3,100,100,78,0,9.7,175,176,13.0,24.1,1,3600.00,1017.1,1003.3
2024-05-26T13:00,22.8,0.00,45,10.4,21.8,0.00,0.00,0.00,3,100,100,87,0,8.3,182,182,11.5,23.4,1,3600.00,1016.8,1003.1
2024-05-26T14:00,22.7,0.00,48,11.0,21.2,0.00,0.00,0.00,3,100,100,84,0,12.6,177,177,18.0,28.1,1,3600.00,1016.3,1002.6
2024-05-26T15:00,22.0,0.00,49,10.6,20.3,0.00,0.00,0.00,3,100,100,91,0,13.0,223,226,20.1,29.5,1,404.91,1016.6,1002.8
2024-05-26T16:00,20.4,0.00,59,12.0,19.2,0.00,0.00,0.00,3,100,100,97,0,12.1,239,240,18.1,28.1,1,0.00,1016.8,1002.9
2024-05-26T17:00,18.0,0.40,77,13.9,17.8,0.40,0.00,0.00,51,100,100,97,0,10.0,219,218,18.2,27.0,1,0.00,1017.1,1003.1
2024-05-26T18:00,17.7,0.10,82,14.5,18.1,0.10,0.00,0.00,51,99,98,95,0,7.3,208,200,13.8,20.9,1,0.00,1017.2,1003.2
2024-05-26T19:00,17.9,0.00,82,14.7,18.8,0.00,0.00,0.00,3,100,100,16,0,4.4,209,189,10.3,16.6,1,1479.65,1017.2,1003.2
2024-05-26T20:00,16.1,0.00,88,14.1,16.7,0.00,0.00,0.00,3,100,100,27,5,4.7,212,176,11.0,10.8,1,578.76,1017.5,1003.4
2024-05-26T21:00,15.5,0.00,90,13.8,16.1,0.00,0.00,0.00,2,77,67,22,17,4.7,220,176,11.2,9.7,0,0.00,1017.9,1003.8
2024-05-26T22:00,15.1,0.10,91,13.7,14.9,0.10,0.00,0.00,51,100,98,89,40,9.7,189,153,16.8,18.0,0,0.00,1018.5,1004.4
2024-05-26T23:00,15.2,0.10,90,13.5,15.3,0.10,0.00,0.00,51,100,100,43,10,6.4,182,128,13.3,20.5,0,0.00,1018.5,1004.4
2024-05-27T00:00,15.0,0.00,91,13.5,15.2,0.00,0.00,0.00,3,99,94,91,14,5.9,186,142,13.8,12.2,0,0.00,1018.7,1004.6
2024-05-27T01:00,14.7,0.00,93,13.7,15.0,0.00,0.00,0.00,3,100,100,98,3,6.2,188,144,13.4,11.9,0,0.00,1018.7,1004.6
2024-05-27T02:00,15.5,0.10,87,13.4,15.5,0.10,0.00,0.00,51,100,100,92,13,7.9,226,204,18.6,18.7,0,0.00,1018.1,1004.0
2024-05-27T03:00,14.9,0.00,91,13.5,15.0,0.00,0.00,0.00,3,100,100,95,26,6.5,207,180,15.8,15.8,0,0.00,1018.1,1004.0
2024-05-27T04:00,14.5,0.00,93,13.3,14.7,0.00,0.00,0.00,3,100,100,80,28,5.8,204,180,15.8,13.0,0,0.00,1018.2,1004.0
2024-05-27T05:00,14.4,0.00,93,13.4,14.5,0.00,0.00,0.00,3,99,97,95,29,6.6,211,189,16.8,13.3,1,0.00,1018.5,1004.3
2024-05-27T06:00,15.0,0.00,92,13.7,15.1,0.00,0.00,0.00,2,57,45,35,10,7.6,217,199,14.9,14.4,1,0.00,1018.8,1004.7
2024-05-27T07:00,16.0,0.00,90,14.4,16.4,0.00,0.00,0.00,1,33,11,12,14,6.7,209,196,11.9,15.8,1,3600.00,1019.0,1004.9
2024-05-27T08:00,17.3,0.00,84,14.6,17.8,0.00,0.00,0.00,0,7,0,1,6,6.8,208,205,9.8,18.4,1,3600.00,1018.9,1004.9
2024-05-27T09:00,18.7,0.00,75,14.1,18.8,0.00,0.00,0.00,0,5,0,2,3,8.0,217,216,10.8,21.2,1,3600.00,1018.6,1004.6
2024-05-27T10:00,19.8,0.00,67,13.5,20.4,0.00,0.00,0.00,0,11,0,10,1,8.4,224,223,11.5,23.4,1,3600.00,1018.5,1004.6
2024-05-27T11:00,20.5,0.00,62,13.0,20.9,0.00,0.00,0.00,0,18,0,18,0,8.9,227,227,11.7,23.4,1,3600.00,1018.0,1004.1
2024-05-27T12:00,21.2,0.00,60,13.2,22.0,0.00,0.00,0.00,1,24,1,17,8,7.9,222,223,10.2,24.1,1,3600.00,1017.6,1003.8
2024-05-27T13:00,21.5,0.00,58,12.9,23.1,0.00,0.00,0.00,2,51,25,21,17,5.4,229,233,7.1,22.3,1,3600.00,1016.8,1003.0
2024-05-27T14:00,21.0,0.00,61,13.3,21.0,0.00,0.00,0.00,3,97,51,93,6,8.2,217,218,10.8,23.4,1,3600.00,1016.5,1002.7
2024-05-27T15:00,21.3,0.00,59,13.0,20.8,0.00,0.00,0.00,3,93,83,59,1,9.8,238,242,13.1,24.8,1,3600.00,1015.9,1002.1
2024-05-27T16:00,21.1,0.00,55,11.8,20.1,0.00,0.00,0.00,3,100,100,18,11,10.3,245,245,13.9,25.6,1,3600.00,1015.6,1001.8
2024-05-27T17:00,20.5,0.20,56,11.3,19.3,0.20,0.00,0.00,51,100,100,61,10,10.5,253,254,15.8,24.8,1,3600.00,1015.7,1001.9
2024-05-27T18:00,18.8,0.30,65,12.2,18.0,0.30,0.00,0.00,51,100,100,43,16,9.5,242,233,17.6,24.5,1,0.00,1016.2,1002.3
2024-05-27T19:00,18.1,0.00,72,12.9,18.0,0.00,0.00,0.00,3,100,100,50,1,6.9,238,227,14.9,19.4,1,0.00,1016.5,1002.5
2024-05-27T20:00,17.0,0.00,76,12.6,16.7,0.00,0.00,0.00,3,100,100,39,7,7.1,230,221,17.4,15.1,1,0.00,1016.9,1002.9
2024-05-27T21:00,16.2,0.00,78,12.4,15.7,0.00,0.00,0.00,2,63,8,62,20,8.3,259,252,19.4,16.2,0,0.00,1017.6,1003.5
2024-05-27T22:00,15.5,0.00,75,11.1,14.4,0.00,0.00,0.00,3,100,0,100,11,10.1,274,270,21.6,20.2,0,0.00,1018.3,1004.2
2024-05-27T23:00,15.0,0.00,72,9.9,13.4,0.00,0.00,0.00,0,19,0,19,0,10.8,273,270,22.0,22.3,0,0.00,1018.5,1004.4
2024-05-28T00:00,13.4,0.00,77,9.5,12.0,0.00,0.00,0.00,1,37,0,37,0,8.7,269,265,20.2,22.3,0,0.00,1018.9,1004.7
2024-05-28T01:00,12.2,0.00,84,9.6,11.2,0.00,0.00,0.00,2,60,0,60,2,6.1,255,242,16.4,17.6,0,0.00,1019.2,1004.9
2024-05-28T02:00,13.5,0.10,78,9.7,11.9,0.10,0.00,0.00,51,100,0,100,6,10.2,266,262,19.1,21.2,0,0.00,1019.4,1005.2
2024-05-28T03:00,13.0,0.10,80,9.7,11.6,0.10,0.00,0.00,51,6,0,6,0,8.7,256,246,17.5,20.5,0,0.00,1019.6,1005.4
2024-05-28T04:00,11.4,0.00,88,9.5,10.3,0.00,0.00,0.00,0,6,0,6,1,6.4,252,243,17.1,18.0,0,0.00,1019.9,1005.6
2024-05-28T05:00,11.1,0.00,90,9.6,10.0,0.00,0.00,0.00,0,13,0,13,6,6.3,256,246,16.3,13.3,1,0.00,1020.3,1005.9
2024-05-28T06:00,12.0,0.00,87,9.9,10.8,0.00,0.00,0.00,1,38,0,30,27,8.5,263,258,14.5,17.6,1,3412.97,1020.8,1006.5
2024-05-28T07:00,12.6,0.00,84,10.1,11.2,0.00,0.00,0.00,1,31,0,23,23,9.8,263,262,13.8,24.5,1,3600.00,1021.0,1006.7
2024-05-28T08:00,13.6,0.00,79,10.1,12.2,0.00,0.00,0.00,0,8,0,3,7,10.0,259,257,13.6,25.9,1,3600.00,1021.3,1007.1
2024-05-28T09:00,14.8,0.00,68,9.0,12.9,0.00,0.00,0.00,0,11,0,7,9,11.2,270,270,15.1,27.0,1,3600.00,1021.3,1007.1
2024-05-28T10:00,15.8,0.00,60,8.1,14.3,0.00,0.00,0.00,0,17,0,11,7,11.2,271,272,14.8,27.4,1,3600.00,1021.2,1007.1
2024-05-28T11:00,16.6,0.00,54,7.2,15.4,0.00,0.00,0.00,1,25,0,19,11,11.2,271,272,15.1,28.1,1,3600.00,1021.0,1006.9
2024-05-28T12:00,17.9,0.00,49,7.0,16.4,0.00,0.00,0.00,2,67,0,62,50,12.6,266,267,17.3,29.5,1,3600.00,1020.5,1006.5
2024-05-28T13:00,18.1,0.00,48,6.8,15.9,0.00,0.00,0.00,3,100,31,100,39,12.4,260,260,17.2,29.9,1,3600.00,1020.0,1006.0
2024-05-28T14:00,18.0,0.00,48,6.7,15.9,0.00,0.00,0.00,2,64,2,64,10,8.6,270,270,11.9,24.8,1,3600.00,1020.1,1006.1
2024-05-28T15:00,19.1,0.00,44,6.5,17.1,0.00,0.00,0.00,2,66,2,65,0,9.8,264,264,13.4,23.4,1,3600.00,1019.4,1005.5
2024-05-28T16:00,18.9,0.00,42,5.7,16.4,0.00,0.00,0.00,3,100,10,100,0,10.2,261,262,14.6,24.1,1,3600.00,1018.8,1004.9
2024-05-28T17:00,18.7,0.00,45,6.6,16.5,0.00,0.00,0.00,3,100,98,97,17,9.0,245,247,14.7,23.8,1,218.70,1018.6,1004.6
2024-05-28T18:00,18.4,0.00,55,9.1,17.3,0.00,0.00,0.00,3,97,96,24,3,5.9,220,218,11.8,20.2,1,1505.94,1018.4,1004.4
2024-05-28T19:00,17.3,0.00,63,10.2,16.5,0.00,0.00,0.00,2,70,13,67,31,6.0,205,197,14.3,13.3,1,2111.48,1018.4,1004.4
2024-05-28T20:00,15.8,0.00,67,9.6,14.7,0.00,0.00,0.00,3,100,100,56,0,6.3,208,193,16.8,13.3,1,1079.02,1018.5,1004.4
2024-05-28T21:00,15.4,0.00,67,9.3,14.3,0.00,0.00,0.00,3,100,100,100,16,6.2,202,173,15.5,12.6,0,0.00,1018.5,1004.4
2024-05-28T22:00,16.1,0.00,63,9.1,14.7,0.00,0.00,0.00,3,100,100,100,24,7.5,197,163,16.2,14.4,0,0.00,1018.5,1004.4
2024-05-28T23:00,15.8,0.00,64,9.0,14.4,0.00,0.00,0.00,3,100,100,100,11,7.2,197,174,17.0,15.8,0,0.00,1018.2,1004.1
2024-05-29T00:00,15.0,0.10,71,9.9,14.2,0.10,0.00,0.00,51,100,100,100,31,5.4,211,180,13.4,14.8,0,0.00,1018.0,1003.9
2024-05-29T01:00,14.5,0.00,78,10.7,14.2,0.00,0.00,0.00,3,100,100,100,60,3.5,207,156,9.7,11.5,0,0.00,1017.8,1003.7
2024-05-29T02:00,14.8,0.00,75,10.4,13.9,0.00,0.00,0.00,3,100,100,100,18,6.9,171,133,12.0,12.6,0,0.00,1017.2,1003.1
2024-05-29T03:00,14.5,0.00,75,10.1,13.5,0.00,0.00,0.00,3,100,100,33,13,7.1,176,139,14.4,14.4,0,0.00,1016.6,1002.5
2024-05-29T04:00,13.6,0.00,80,10.2,12.5,0.00,0.00,0.00,3,100,100,100,7,7.9,185,156,17.7,16.2,0,0.00,1016.1,1001.9
2024-05-29T05:00,13.9,0.00,84,11.2,13.1,0.00,0.00,0.00,3,100,100,87,5,7.6,195,172,17.6,16.2,1,0.00,1015.9,1001.7
2024-05-29T06:00,14.4,0.00,87,12.2,13.7,0.00,0.00,0.00,3,100,100,80,22,9.4,202,187,18.3,19.1,1,0.00,1015.7,1001.6
2024-05-29T07:00,14.9,0.00,86,12.6,14.4,0.00,0.00,0.00,3,100,99,100,100,9.1,202,187,20.5,20.5,1,0.00,1015.5,1001.4
2024-05-29T08:00,15.1,0.00,83,12.3,14.4,0.00,0.00,0.00,3,100,96,83,100,9.8,197,188,17.7,22.0,1,0.00,1015.2,1001.1
2024-05-29T09:00,15.7,1.00,84,13.0,15.1,1.00,0.00,0.00,55,100,76,100,12,10.4,206,200,15.6,24.1,1,0.00,1015.2,1001.1
2024-05-29T10:00,15.8,0.40,85,13.2,14.7,0.40,0.00,0.00,51,100,33,100,100,14.7,212,211,22.0,29.5,1,615.19,1014.5,1000.5
2024-05-29T11:00,16.6,0.20,81,13.4,15.5,0.20,0.00,0.00,51,100,0,100,100,15.3,228,225,22.9,36.4,1,0.00,1014.4,1000.4
2024-05-29T12:00,17.4,0.00,74,12.7,15.9,0.00,0.00,0.00,3,97,56,96,10,16.5,227,226,24.5,34.6,1,757.29,1013.9,999.9
2024-05-29T13:00,17.6,0.40,76,13.4,15.7,0.40,0.00,0.00,51,100,70,99,2,21.2,228,228,30.3,45.7,1,3600.00,1013.6,999.7
2024-05-29T14:00,17.0,0.20,77,12.9,15.6,0.20,0.00,0.00,51,58,0,56,14,15.6,234,232,23.2,37.4,1,1904.12,1013.6,999.6
2024-05-29T15:00,18.4,0.00,67,12.3,16.9,0.00,0.00,0.00,3,96,51,91,25,18.6,227,226,26.2,40.0,1,3600.00,1012.9,999.0
2024-05-29T16:00,17.6,0.40,71,12.2,15.5,0.40,0.00,0.00,51,92,0,83,54,18.6,227,226,26.7,40.7,1,3385.30,1012.5,998.6
2024-05-29T17:00,16.9,0.10,76,12.6,15.5,0.10,0.00,0.00,51,97,0,85,96,15.0,229,228,23.0,38.9,1,582.73,1012.1,998.1
2024-05-29T18:00,17.4,0.00,72,12.3,16.1,0.00,0.00,0.00,3,93,47,92,34,13.8,234,231,23.7,31.3,1,917.72,1011.5,997.6
2024-05-29T19:00,17.0,0.00,73,12.1,16.0,0.00,0.00,0.00,3,84,2,82,23,11.5,231,229,21.3,28.8,1,139.32,1011.1,997.2
2024-05-29T20:00,16.0,0.00,78,12.1,15.0,0.00,0.00,0.00,3,100,97,96,29,10.7,224,220,21.1,24.1,1,0.00,1011.0,997.0
2024-05-29T21:00,15.6,0.00,82,12.5,14.8,0.00,0.00,0.00,3,100,100,36,24,10.7,230,228,20.7,23.8,0,0.00,1011.2,997.2
2024-05-29T22:00,15.1,0.10,86,12.8,14.4,0.10,0.00,0.00,51,100,100,100,57,10.8,222,217,20.9,22.7,0,0.00,1010.8,996.8
2024-05-29T23:00,15.0,0.70,89,13.2,14.3,0.70,0.00,0.00,53,100,100,100,37,11.1,212,205,20.4,23.0,0,0.00,1010.2,996.2
2024-05-30T00:00,14.6,0.60,93,13.5,14.5,0.60,0.00,0.00,53,100,100,100,90,8.3,208,198,17.1,22.7,0,0.00,1009.5,995.5
2024-05-30T01:00,14.4,0.70,94,13.5,14.7,0.70,0.00,0.00,53,100,97,100,51,5.9,193,169,13.3,16.9,0,0.00,1008.8,994.8
2024-05-30T02:00,14.1,2.50,91,12.7,14.0,2.50,0.00,0.00,63,100,100,100,81,6.2,189,159,13.5,15.1,0,0.00,1007.9,993.9
2024-05-30T03:00,13.7,4.10,93,12.6,13.2,4.10,0.00,0.00,63,100,100,100,70,9.0,141,127,17.1,18.4,0,0.00,1007.0,993.0
2024-05-30T04:00,13.6,3.00,93,12.5,12.8,3.00,0.00,0.00,63,100,82,100,100,10.6,122,118,20.9,22.0,0,0.00,1006.2,992.2
2024-05-30T05:00,13.7,6.60,95,12.9,13.7,6.60,0.00,0.00,63,100,38,100,100,6.2,131,126,14.3,23.0,1,0.00,1005.5,991.5
2024-05-30T06:00,13.9,2.30,95,13.1,14.5,2.30,0.00,0.00,61,100,0,2,100,2.5,169,135,5.9,11.9,1,0.00,1005.4,991.4
2024-05-30T07:00,14.4,0.10,94,13.5,14.0,0.10,0.00,0.00,51,74,0,10,72,10.2,259,260,15.7,23.0,1,0.00,1005.7,991.7
2024-05-30T08:00,15.7,0.10,86,13.5,15.1,0.10,0.00,0.00,51,99,0,86,94,11.9,267,267,16.2,27.0,1,3600.00,1005.9,992.0
2024-05-30T09:00,15.5,1.70,84,12.8,14.8,1.70,0.00,0.00,61,70,0,69,22,10.4,269,270,14.4,28.1,1,0.00,1005.9,992.0
2024-05-30T10:00,16.0,1.00,86,13.6,15.6,1.00,0.00,0.00,55,99,0,38,98,10.8,256,255,15.2,28.4,1,3600.00,1006.2,992.3
2024-05-30T11:00,17.9,0.10,73,12.9,16.9,0.10,0.00,0.00,51,100,0,45,100,12.6,272,272,17.7,30.6,1,3600.00,1006.0,992.2
2024-05-30T12:00,17.4,0.20,72,12.3,16.2,0.20,0.00,0.00,51,53,0,48,11,12.6,268,268,17.7,31.0,1,132.75,1005.7,991.9
2024-05-30T13:00,18.5,0.10,66,12.1,17.9,0.10,0.00,0.00,51,33,0,24,14,11.9,275,275,16.6,29.9,1,3600.00,1005.3,991.5
2024-05-30T14:00,16.6,1.00,82,13.5,16.2,1.00,0.00,0.00,55,83,38,52,68,10.1,269,270,14.0,32.0,1,3600.00,1005.7,991.8
2024-05-30T15:00,18.4,0.10,74,13.6,19.3,0.10,0.00,0.00,51,100,100,35,2,7.6,297,295,10.1,24.5,1,3600.00,1005.1,991.3
2024-05-30T16:00,18.6,0.10,73,13.6,19.0,0.10,0.00,0.00,51,100,100,25,9,4.8,301,297,6.3,23.0,1,3600.00,1004.6,990.8
2024-05-30T17:00,17.8,2.60,72,12.6,16.6,2.60,0.00,0.00,63,100,96,53,94,13.7,276,273,18.1,27.7,1,3600.00,1004.8,991.0
2024-05-30T18:00,15.5,3.80,84,12.8,15.2,3.80,0.00,0.00,63,99,90,89,14,8.4,313,310,12.7,34.6,1,0.00,1005.7,991.8
2024-05-30T19:00,15.5,0.00,86,13.2,15.5,0.00,0.00,0.00,1,46,7,29,34,6.7,305,306,10.1,16.9,1,350.07,1006.0,992.1
2024-05-30T20:00,14.1,1.40,90,12.5,13.4,1.40,0.00,0.00,61,71,37,56,0,10.0,317,308,18.8,24.1,1,1084.55,1006.6,992.6
2024-05-30T21:00,13.5,0.30,95,12.6,13.2,0.30,0.00,0.00,51,76,28,65,20,7.2,278,267,15.3,19.4,0,0.00,1007.3,993.3
2024-05-30T22:00,13.0,0.10,95,12.3,12.8,0.10,0.00,0.00,51,90,37,84,2,6.5,288,276,15.9,15.1,0,0.00,1007.5,993.4
2024-05-30T23:00,13.2,0.00,93,12.2,12.6,0.00,0.00,0.00,3,99,97,51,26,9.0,281,275,19.1,19.1,0,0.00,1007.7,993.6
2024-05-31T00:00,12.7,0.00,93,11.6,12.2,0.00,0.00,0.00,2,57,29,36,13,6.6,296,279,17.2,18.4,0,0.00,1008.0,993.9
2024-05-31T01:00,11.7,0.00,95,10.9,11.2,0.00,0.00,0.00,1,28,0,25,4,4.7,302,279,13.6,13.7,0,0.00,1007.9,993.8
2024-05-31T02:00,12.8,0.10,95,12.0,12.4,0.10,0.00,0.00,51,58,29,24,21,7.2,320,307,14.6,16.2,0,0.00,1008.5,994.4
2024-05-31T03:00,12.2,0.00,96,11.7,11.8,0.00,0.00,0.00,3,100,100,7,36,6.4,302,286,14.1,14.4,0,0.00,1008.6,994.5
2024-05-31T04:00,12.0,0.10,96,11.4,11.2,0.10,0.00,0.00,51,100,100,29,98,8.4,288,280,17.4,17.6,0,0.00,1008.9,994.8
2024-05-31T05:00,12.2,0.20,95,11.4,11.3,0.20,0.00,0.00,51,100,100,40,75,9.4,308,302,16.9,19.4,1,0.00,1009.2,995.1
2024-05-31T06:00,12.3,0.20,95,11.5,11.0,0.20,0.00,0.00,51,100,100,87,74,11.8,326,322,19.5,23.4,1,0.00,1009.6,995.5
2024-05-31T07:00,12.7,0.20,93,11.6,11.0,0.20,0.00,0.00,51,100,100,86,63,14.4,332,328,22.1,28.4,1,0.00,1009.8,995.7
2024-05-31T08:00,13.1,0.20,89,11.3,11.1,0.20,0.00,0.00,51,100,100,100,100,16.1,335,333,23.5,31.3,1,0.00,1009.9,995.8
2024-05-31T09:00,13.1,0.30,92,11.8,11.8,0.30,0.00,0.00,51,100,100,100,100,12.6,327,323,20.3,31.7,1,0.00,1010.3,996.2
2024-05-31T10:00,13.2,0.90,92,11.8,12.0,0.90,0.00,0.00,53,100,100,100,30,11.7,319,315,19.6,27.4,1,0.00,1010.5,996.4
2024-05-31T11:00,14.1,0.40,87,11.9,12.9,0.40,0.00,0.00,51,100,100,100,23,11.8,311,310,16.3,27.4,1,0.00,1010.7,996.6
2024-05-31T12:00,14.6,0.30,81,11.5,13.5,0.30,0.00,0.00,51,100,100,100,9,10.8,310,307,15.1,27.0,1,0.00,1010.7,996.7
2024-05-31T13:00,15.2,0.30,77,11.2,13.8,0.30,0.00,0.00,51,100,100,100,12,12.0,314,314,17.1,26.6,1,0.00,1010.6,996.6
2024-05-31T14:00,15.6,0.20,78,11.8,14.6,0.20,0.00,0.00,51,100,100,100,4,10.8,332,330,14.3,28.1,1,0.00,1010.5,996.5
2024-05-31T15:00,15.9,0.20,77,11.9,15.0,0.20,0.00,0.00,51,100,100,100,11,10.2,323,321,14.4,27.7,1,0.00,1010.5,996.5
2024-05-31T16:00,15.9,0.10,77,11.9,15.0,0.10,0.00,0.00,51,100,100,100,5,9.9,316,314,14.5,22.7,1,0.00,1010.4,996.4
2024-05-31T17:00,15.9,0.20,78,12.0,15.0,0.20,0.00,0.00,51,100,100,100,0,10.0,304,300,15.6,21.2,1,0.00,1010.6,996.6
2024-05-31T18:00,15.5,0.20,81,12.3,15.0,0.20,0.00,0.00,51,100,100,100,0,8.4,304,295,16.1,20.5,1,0.00,1010.7,996.7
2024-05-31T19:00,15.0,0.20,84,12.3,14.6,0.20,0.00,0.00,51,100,100,100,0,7.6,305,295,15.8,16.9,1,0.00,1011.0,997.0
2024-05-31T20:00,14.5,0.20,86,12.3,14.0,0.20,0.00,0.00,51,100,100,100,0,8.2,302,293,18.3,16.2,1,0.00,1011.4,997.3
2024-05-31T21:00,14.2,0.30,88,12.3,13.5,0.30,0.00,0.00,51,100,100,100,0,10.0,306,300,20.6,19.4,0,0.00,1011.7,997.6
2024-05-31T22:00,13.9,0.30,92,12.5,13.2,0.30,0.00,0.00,51,100,100,100,0,9.8,312,306,21.2,21.6,0,0.00,1011.9,997.8
2024-05-31T23:00,13.7,0.30,92,12.5,13.0,0.30,0.00,0.00,51,100,100,100,1,10.0,316,311,20.9,20.5,0,0.00,1012.1,998.0
2024-06-01T00:00,13.6,0.30,93,12.5,13.1,0.30,0.00,0.00,51,100,100,100,9,8.3,315,304,17.8,20.5,0,0.00,1012.4,998.3
2024-06-01T01:00,13.4,0.50,94,12.5,13.2,0.50,0.00,0.00,53,100,100,100,57,7.0,318,305,16.1,16.9,0,0.00,1012.5,998.4
2024-06-01T02:00,13.1,1.00,95,12.3,12.1,1.00,0.00,0.00,55,100,100,100,100,11.8,296,293,20.8,25.9,0,0.00,1012.9,998.8
2024-06-01T03:00,12.9,1.10,94,11.9,11.6,1.10,0.00,0.00,55,100,100,100,51,12.4,301,296,22.6,26.6,0,0.00,1012.7,998.5
2024-06-01T04:00,13.0,0.80,95,12.2,12.0,0.80,0.00,0.00,53,100,100,100,46,10.9,303,297,20.1,25.2,0,0.00,1012.7,998.6
2024-06-01T05:00,13.2,0.40,95,12.4,12.3,0.40,0.00,0.00,51,100,64,100,87,11.4,306,298,21.4,23.0,1,0.00,1012.8,998.7
2024-06-01T06:00,13.5,0.10,95,12.7,12.4,0.10,0.00,0.00,51,100,10,100,95,13.5,311,304,23.5,26.6,1,0.00,1013.2,999.1
2024-06-01T07:00,13.8,0.00,94,12.9,12.7,0.00,0.00,0.00,3,100,100,100,54,14.0,308,305,22.8,28.1,1,0.00,1013.7,999.6
2024-06-01T08:00,14.2,0.10,92,12.9,12.7,0.10,0.00,0.00,51,100,100,100,64,16.3,307,305,24.9,31.7,1,0.00,1014.1,1000.0
2024-06-01T09:00,14.9,0.20,87,12.8,13.1,0.20,0.00,0.00,51,100,100,100,82,18.4,322,321,27.4,37.1,1,0.00,1014.3,1000.2
2024-06-01T10:00,15.1,0.30,86,12.8,13.8,0.30,0.00,0.00,51,100,100,100,39,15.0,319,318,23.7,36.4,1,0.00,1014.6,1000.5
2024-06-01T11:00,15.5,0.40,85,12.9,14.2,0.40,0.00,0.00,51,100,100,100,27,15.3,316,315,23.7,31.3,1,0.00,1014.9,1000.8
2024-06-01T12:00,15.1,0.90,89,13.4,14.4,0.90,0.00,0.00,53,100,91,100,0,12.1,309,307,21.8,30.6,1,0.00,1014.8,1000.7
2024-06-01T13:00,16.3,0.40,86,13.9,15.9,0.40,0.00,0.00,51,100,100,100,39,11.1,307,306,16.7,25.6,1,0.00,1015.0,1001.0
2024-06-01T14:00,15.2,0.90,91,13.8,14.2,0.90,0.00,0.00,53,100,100,100,100,15.1,321,320,22.8,30.2,1,0.00,1015.4,1001.3
2024-06-01T15:00,15.7,0.10,88,13.8,14.8,0.10,0.00,0.00,51,100,100,100,47,14.8,316,315,22.9,30.6,1,0.00,1015.2,1001.1
2024-06-01T16:00,16.8,0.10,82,13.7,15.5,0.10,0.00,0.00,51,100,100,5,97,16.6,314,312,24.4,36.7,1,131.59,1015.2,1001.2
2024-06-01T17:00,17.3,0.10,79,13.7,16.6,0.10,0.00,0.00,51,100,98,21,100,13.2,316,315,19.6,34.6,1,1243.37,1015.6,1001.6
2024-06-01T18:00,17.3,0.00,81,14.0,17.3,0.00,0.00,0.00,3,95,72,30,80,8.6,301,292,13.4,27.7,1,0.00,1015.7,1001.7
2024-06-01T19:00,17.0,0.40,86,14.6,17.5,0.40,0.00,0.00,51,100,100,45,68,6.8,290,270,12.6,17.6,1,0.00,1016.2,1002.2
2024-06-01T20:00,16.2,1.80,90,14.5,16.6,1.80,0.00,0.00,61,100,100,72,82,7.2,292,276,15.5,15.1,1,0.00,1016.5,1002.5
2024-06-01T21:00,15.6,0.20,94,14.7,16.1,0.20,0.00,0.00,51,100,100,68,100,7.4,305,293,16.8,18.0,0,0.00,1017.1,1003.0
2024-06-01T22:00,15.3,0.10,95,14.5,16.0,0.10,0.00,0.00,51,100,100,7,34,5.1,297,274,14.2,15.5,0,0.00,1016.9,1002.8
2024-06-01T23:00,14.6,0.40,97,14.1,15.3,0.40,0.00,0.00,51,100,100,61,96,3.9,276,248,10.9,10.8,0,0.00,1017.4,1003.3
2024-06-02T00:00,14.7,0.90,97,14.2,15.0,0.90,0.00,0.00,53,100,98,14,100,6.8,264,238,13.4,13.0,0,0.00,1017.2,1003.1
2024-06-02T01:00,14.4,0.00,98,14.1,15.1,0.00,0.00,0.00,3,100,100,13,100,4.2,284,250,10.7,13.7,0,0.00,1017.0,1002.9
2024-06-02T02:00,15.0,0.00,99,14.8,15.9,0.00,0.00,0.00,3,100,100,65,100,4.6,315,288,10.2,11.5,0,0.00,1017.2,1003.1
2024-06-02T03:00,15.0,0.10,99,14.9,15.4,0.10,0.00,0.00,51,100,35,22,100,7.9,327,309,17.2,15.1,0,0.00,1017.1,1003.0
2024-06-02T04:00,15.2,1.60,96,14.6,15.0,1.60,0.00,0.00,61,99,72,45,94,11.9,349,346,21.6,23.4,0,0.00,1017.0,1002.9
2024-06-02T05:00,15.0,0.00,96,14.4,15.0,0.00,0.00,0.00,3,100,93,35,92,9.9,350,341,19.4,23.8,1,0.00,1017.3,1003.2
2024-06-02T06:00,15.6,0.00,95,14.7,16.0,0.00,0.00,0.00,3,100,100,19,100,7.9,348,336,14.0,19.4,1,0.00,1017.7,1003.6
2024-06-02T07:00,16.1,0.10,92,14.9,16.1,0.10,0.00,0.00,51,100,74,14,100,11.4,352,349,16.3,23.8,1,0.00,1018.1,1004.0
2024-06-02T08:00,16.7,0.10,90,15.0,16.4,0.10,0.00,0.00,51,100,92,19,100,13.5,353,351,20.3,26.6,1,0.00,1018.4,1004.4
2024-06-02T09:00,17.1,0.10,88,15.0,16.8,0.10,0.00,0.00,51,100,76,15,100,13.1,353,351,19.6,29.2,1,0.00,1018.8,1004.8
2024-06-02T10:00,17.8,0.10,83,14.8,17.4,0.10,0.00,0.00,51,100,74,0,100,13.7,2,360,19.5,30.6,1,0.00,1018.9,1004.9
2024-06-02T11:00,18.6,0.10,79,14.8,18.3,0.10,0.00,0.00,51,100,90,0,100,13.4,8,5,18.9,30.2,1,882.72,1018.9,1004.9
2024-06-02T12:00,19.6,0.10,75,15.1,19.7,0.10,0.00,0.00,51,100,98,10,90,11.2,4,360,15.2,29.2,1,2361.95,1018.6,1004.7
2024-06-02T13:00,20.5,0.10,73,15.4,20.6,0.10,0.00,0.00,51,100,95,5,100,11.3,356,353,15.2,26.6,1,2658.36,1018.4,1004.5
2024-06-02T14:00,18.4,0.20,79,14.7,17.3,0.20,0.00,0.00,51,99,94,61,61,18.1,347,347,26.6,40.0,1,1779.11,1018.8,1004.8
2024-06-02T15:00,19.4,0.10,73,14.5,18.2,0.10,0.00,0.00,51,98,96,22,49,18.3,350,350,26.7,40.3,1,3600.00,1018.3,1004.4
2024-06-02T16:00,19.7,0.20,72,14.4,18.7,0.20,0.00,0.00,51,97,95,10,35,16.7,348,346,23.9,38.9,1,3600.00,1018.2,1004.3
2024-06-02T17:00,19.8,0.20,70,14.1,18.5,0.20,0.00,0.00,51,97,96,15,40,17.9,350,350,26.7,37.4,1,3600.00,1018.0,1004.1
2024-06-02T18:00,19.1,0.10,72,14.0,17.9,0.10,0.00,0.00,51,99,98,14,25,17.1,343,342,26.4,37.8,1,3600.00,1017.9,1004.0
2024-06-02T19:00,18.5,0.00,75,14.0,17.9,0.00,0.00,0.00,3,100,100,18,32,12.4,342,338,21.6,35.3,1,3600.00,1018.3,1004.3
2024-06-02T20:00,17.5,0.00,78,13.7,17.2,0.00,0.00,0.00,3,99,89,16,87,10.5,337,329,20.8,25.2,1,1089.15,1018.6,1004.6
2024-06-02T21:00,16.4,0.00,81,13.1,15.7,0.00,0.00,0.00,3,100,100,14,100,11.5,334,328,23.2,23.0,0,0.00,1019.3,1005.2
2024-06-02T22:00,16.0,0.00,79,12.4,14.8,0.00,0.00,0.00,3,100,100,23,7,13.2,344,338,25.4,27.0,0,0.00,1019.2,1005.1
2024-06-02T23:00,15.4,0.00,79,11.7,14.0,0.00,0.00,0.00,3,99,99,20,0,12.8,348,344,24.6,27.0,0,0.00,1019.3,1005.2
2024-06-03T00:00,14.2,0.00,82,11.2,13.0,0.00,0.00,0.00,2,77,72,15,4,11.1,353,347,22.5,25.9,0,0.00,1019.4,1005.2
2024-06-03T01:00,13.3,0.00,87,11.1,12.2,0.00,0.00,0.00,3,98,97,6,9,9.6,356,347,20.6,22.0,0,0.00,1019.6,1005.4
2024-06-03T02:00,14.3,0.00,79,10.7,13.1,0.00,0.00,0.00,3,100,100,100,4,9.8,11,6,18.4,22.3,0,0.00,1019.3,1005.1
2024-06-03T03:00,13.7,0.00,81,10.6,12.6,0.00,0.00,0.00,3,98,92,79,2,9.0,4,355,17.7,20.2,0,0.00,1018.7,1004.5
2024-06-03T04:00,13.1,0.00,85,10.5,12.0,0.00,0.00,0.00,3,82,71,38,0,8.1,358,347,16.6,18.4,0,0.00,1018.6,1004.4
2024-06-03T05:00,12.3,0.00,89,10.6,11.2,0.00,0.00,0.00,3,98,97,17,1,8.8,353,341,17.8,17.3,1,0.00,1019.1,1004.8
2024-06-03T06:00,12.9,0.00,87,10.8,11.8,0.00,0.00,0.00,3,100,100,13,1,9.3,359,347,18.0,19.8,1,2402.23,1019.5,1005.3
2024-06-03T07:00,13.7,0.00,82,10.7,12.5,0.00,0.00,0.00,3,100,100,3,2,9.7,351,345,14.2,22.0,1,3600.00,1019.6,1005.4
2024-06-03T08:00,15.0,0.00,73,10.3,13.2,0.00,0.00,0.00,3,82,67,4,43,12.6,358,357,17.3,28.1,1,3600.00,1019.5,1005.4
2024-06-03T09:00,16.0,0.00,68,10.2,14.5,0.00,0.00,0.00,3,99,97,4,52,11.0,350,349,15.0,28.1,1,3600.00,1019.2,1005.1
2024-06-03T10:00,16.8,0.00,66,10.4,15.3,0.00,0.00,0.00,3,100,100,5,100,11.0,338,337,14.7,27.0,1,3600.00,1019.1,1005.0
2024-06-03T11:00,17.5,0.00,64,10.6,16.4,0.00,0.00,0.00,3,100,100,0,93,11.6,333,330,15.3,28.1,1,3600.00,1018.9,1004.9
2024-06-03T12:00,17.9,0.00,63,10.8,16.8,0.00,0.00,0.00,3,100,4,0,100,10.9,328,326,14.4,28.4,1,3600.00,1018.6,1004.6
2024-06-03T13:00,18.3,0.00,62,11.0,17.5,0.00,0.00,0.00,3,100,0,0,100,10.5,323,322,13.9,27.0,1,3600.00,1018.2,1004.2
2024-06-03T14:00,17.5,0.00,63,10.5,16.4,0.00,0.00,0.00,3,98,0,0,98,10.5,323,322,13.6,25.9,1,3600.00,1018.7,1004.7
2024-06-03T15:00,17.8,0.00,62,10.5,16.6,0.00,0.00,0.00,3,97,0,0,97,11.0,321,319,14.8,27.4,1,3600.00,1018.4,1004.4
2024-06-03T16:00,18.2,0.00,60,10.3,16.6,0.00,0.00,0.00,2,69,0,0,69,11.2,319,318,15.3,26.6,1,3600.00,1018.1,1004.1
2024-06-03T17:00,18.5,0.00,58,10.1,17.0,0.00,0.00,0.00,1,40,0,0,40,10.5,323,322,14.9,25.9,1,3600.00,1017.7,1003.7
2024-06-03T18:00,18.4,0.00,58,9.9,16.8,0.00,0.00,0.00,0,10,0,1,10,10.5,331,329,15.6,23.8,1,3600.00,1017.7,1003.7
2024-06-03T19:00,17.0,0.00,64,10.2,15.2,0.00,0.00,0.00,0,1,0,0,1,12.4,353,352,21.4,25.2,1,3600.00,1017.6,1003.6
2024-06-03T20:00,14.9,0.00,71,9.6,13.4,0.00,0.00,0.00,0,1,0,0,1,9.8,8,8,21.1,25.2,1,2891.80,1017.7,1003.6
2024-06-03T21:00,13.4,0.00,76,9.3,12.2,0.00,0.00,0.00,0,17,0,0,17,7.0,354,348,17.7,19.1,0,0.00,1018.3,1004.1
2024-06-03T22:00,12.8,0.00,79,9.3,11.6,0.00,0.00,0.00,1,42,0,0,42,6.9,356,354,17.0,13.3,0,0.00,1018.4,1004.2
2024-06-03T23:00,12.6,0.00,78,8.9,11.3,0.00,0.00,0.00,3,97,0,0,97,7.2,358,357,18.0,14.4,0,0.00,1018.4,1004.2
2024-06-04T00:00,12.3,0.00,79,8.8,11.0,0.00,0.00,0.00,3,94,0,0,94,6.1,359,357,15.1,14.4,0,0.00,1018.3,1004.0
2024-06-04T01:00,12.5,0.00,78,8.8,11.4,0.00,0.00,0.00,3,100,0,0,100,5.4,3,356,14.1,12.2,0,0.00,1017.9,1003.7
2024-06-04T02:00,9.8,0.00,91,8.4,8.5,0.00,0.00,0.00,1,27,0,0,27,6.3,34,31,11.7,10.4,0,0.00,1017.9,1003.5
2024-06-04T03:00,10.1,0.00,88,8.2,8.9,0.00,0.00,0.00,1,20,0,0,20,5.0,38,30,6.4,9.0,0,0.00,1017.6,1003.2
2024-06-04T04:00,9.0,0.00,93,7.9,7.7,0.00,0.00,0.00,0,1,0,0,1,5.4,32,37,5.5,7.2,0,0.00,1017.4,1003.0
2024-06-04T05:00,9.0,0.00,94,8.2,8.0,0.00,0.00,0.00,0,0,0,0,0,3.5,68,66,3.9,7.2,1,0.00,1017.2,1002.8
2024-06-04T06:00,11.2,0.00,90,9.7,10.9,0.00,0.00,0.00,0,1,0,0,1,1.4,97,90,2.9,5.8,1,3600.00,1017.0,1002.7
2024-06-04T07:00,13.3,0.00,81,10.1,13.1,0.00,0.00,0.00,0,2,0,0,2,1.1,135,180,2.0,7.9,1,3600.00,1016.9,1002.7
2024-06-04T08:00,15.0,0.00,77,11.0,15.0,0.00,0.00,0.00,0,4,0,0,4,1.9,180,202,2.5,11.2,1,3600.00,1016.7,1002.6
2024-06-04T09:00,16.6,0.00,74,11.8,16.9,0.00,0.00,0.00,0,6,4,0,3,1.8,198,217,2.3,11.9,1,3600.00,1016.1,1002.1
2024-06-04T10:00,18.0,0.00,70,12.4,19.1,0.00,0.00,0.00,1,37,9,0,31,3.4,232,238,4.1,14.8,1,3600.00,1015.5,1001.6
2024-06-04T11:00,19.1,0.00,66,12.6,20.3,0.00,0.00,0.00,1,28,0,0,28,4.7,245,247,6.0,16.6,1,3600.00,1015.0,1001.1
2024-06-04T12:00,20.2,0.00,60,12.3,21.4,0.00,0.00,0.00,1,39,0,5,36,8.4,250,250,10.7,22.3,1,3600.00,1014.5,1000.7
2024-06-04T13:00,20.4,0.00,57,11.6,20.1,0.00,0.00,0.00,3,93,0,0,93,10.0,249,249,13.1,25.2,1,3600.00,1014.0,1000.2
2024-06-04T14:00,21.1,0.00,53,11.2,20.7,0.00,0.00,0.00,1,49,0,3,49,10.7,228,228,14.5,27.4,1,3600.00,1013.6,999.8
2024-06-04T15:00,21.5,0.00,51,10.8,20.4,0.00,0.00,0.00,3,100,20,4,100,11.7,228,227,15.5,26.6,1,3600.00,1013.0,999.3
2024-06-04T16:00,21.4,0.00,52,11.0,20.0,0.00,0.00,0.00,3,93,85,3,53,11.5,231,231,16.1,27.4,1,3600.00,1012.5,998.8
2024-06-04T17:00,21.3,0.00,50,10.6,20.0,0.00,0.00,0.00,3,97,95,25,16,9.9,237,237,14.6,26.6,1,3600.00,1012.1,998.4
2024-06-04T18:00,21.1,0.00,55,11.7,20.7,0.00,0.00,0.00,1,43,25,23,14,6.3,239,239,11.8,23.0,1,3600.00,1011.7,998.0
2024-06-04T19:00,20.0,0.00,68,13.9,20.7,0.00,0.00,0.00,0,10,0,8,6,4.0,248,243,10.5,14.0,1,3600.00,1011.4,997.6
2024-06-04T20:00,17.5,0.00,75,13.0,17.5,0.00,0.00,0.00,0,18,4,8,14,6.2,267,260,14.8,10.8,1,2939.83,1011.6,997.7
2024-06-04T21:00,15.5,0.00,82,12.5,15.1,0.00,0.00,0.00,0,11,0,1,11,8.0,285,275,12.3,12.2,0,0.00,1012.0,998.0
2024-06-04T22:00,15.1,0.00,82,12.1,14.7,0.00,0.00,0.00,0,11,0,3,11,7.2,299,307,11.1,11.9,0,0.00,1012.4,998.4
2024-06-04T23:00,17.4,0.00,71,12.0,17.4,0.00,0.00,0.00,2,79,0,77,38,4.3,288,294,8.3,11.2,0,0.00,1012.6,998.7
2024-06-05T00:00,15.4,0.00,81,12.1,15.5,0.00,0.00,0.00,1,29,0,19,25,4.0,220,170,8.4,8.6,0,0.00,1012.6,998.6
2024-06-05T01:00,14.2,0.00,87,12.0,13.8,0.00,0.00,0.00,0,17,0,7,17,7.2,212,180,16.5,14.0,0,0.00,1012.5,998.4
2024-06-05T02:00,14.2,0.00,89,12.4,14.0,0.00,0.00,0.00,0,3,1,0,1,6.8,217,183,18.0,14.4,0,0.00,1012.1,998.0
2024-06-05T03:00,14.2,0.00,90,12.6,13.6,0.00,0.00,0.00,0,16,1,14,11,9.1,213,187,21.9,18.0,0,0.00,1011.9,997.8
2024-06-05T04:00,14.0,0.00,90,12.5,13.3,0.00,0.00,0.00,1,25,1,20,14,9.9,210,190,23.2,20.2,0,0.00,1011.8,997.7
2024-06-05T05:00,14.0,0.00,90,12.4,13.5,0.00,0.00,0.00,1,34,0,23,28,8.4,224,211,20.9,20.2,1,0.00,1012.5,998.4
2024-06-05T06:00,15.2,0.00,86,12.9,14.7,0.00,0.00,0.00,3,83,0,82,9,9.8,221,197,20.4,19.4,1,3600.00,1012.9,998.9
2024-06-05T07:00,16.3,0.00,80,12.9,15.8,0.00,0.00,0.00,3,100,0,100,22,9.8,235,234,17.6,21.6,1,247.89,1013.3,999.3
2024-06-05T08:00,15.8,0.70,84,13.2,15.4,0.70,0.00,0.00,53,100,0,100,100,9.4,236,230,15.3,22.7,1,0.00,1013.8,999.8
2024-06-05T09:00,15.9,0.30,88,14.0,15.9,0.30,0.00,0.00,51,51,0,35,25,9.0,221,217,14.3,19.4,1,0.00,1014.1,1000.1
2024-06-05T10:00,18.1,0.10,74,13.4,17.1,0.10,0.00,0.00,51,62,0,56,23,14.2,239,240,19.4,30.6,1,3600.00,1014.2,1000.3
2024-06-05T11:00,18.9,0.40,68,12.9,17.8,0.40,0.00,0.00,51,74,0,53,46,15.5,244,245,21.6,33.8,1,3600.00,1014.0,1000.1
2024-06-05T12:00,19.8,0.20,63,12.5,18.3,0.20,0.00,0.00,51,61,0,46,36,16.5,249,250,23.5,36.4,1,3600.00,1014.0,1000.2
2024-06-05T13:00,20.6,0.30,61,12.7,19.6,0.30,0.00,0.00,51,85,0,80,40,14.7,253,253,20.3,36.0,1,3600.00,1013.7,999.9
2024-06-05T14:00,19.9,0.00,64,12.8,19.7,0.00,0.00,0.00,1,41,7,27,20,10.3,241,241,14.0,24.8,1,3600.00,1014.0,1000.2
2024-06-05T15:00,20.6,0.00,59,12.3,19.7,0.00,0.00,0.00,2,79,51,40,46,14.6,260,260,20.1,32.8,1,3600.00,1013.7,999.9
2024-06-05T16:00,21.0,0.10,57,12.2,19.8,0.10,0.00,0.00,51,95,94,17,11,12.8,248,248,18.3,32.0,1,3600.00,1013.2,999.4
2024-06-05T17:00,21.2,0.00,59,12.9,20.4,0.00,0.00,0.00,3,99,99,28,4,11.3,242,243,16.3,32.8,1,3600.00,1013.0,999.2
2024-06-05T18:00,19.9,0.10,64,12.8,19.0,0.10,0.00,0.00,51,95,90,75,30,11.6,250,248,19.6,31.3,1,3600.00,1013.4,999.6
2024-06-05T19:00,18.9,0.00,69,13.1,18.7,0.00,0.00,0.00,2,66,0,59,36,8.4,279,280,17.5,24.5,1,1997.04,1013.9,1000.0
2024-06-05T20:00,17.6,0.00,73,12.7,16.9,0.00,0.00,0.00,3,100,0,94,98,10.3,309,306,20.0,19.8,1,352.14,1014.7,1000.7
2024-06-05T21:00,16.1,0.10,81,12.9,15.8,0.10,0.00,0.00,51,79,0,75,42,8.3,291,288,15.8,22.0,0,0.00,1015.6,1001.6
2024-06-05T22:00,15.4,0.20,87,13.3,15.7,0.20,0.00,0.00,51,100,0,100,5,4.9,258,253,12.1,16.9,0,0.00,1016.1,1002.0
2024-06-05T23:00,15.1,0.00,91,13.7,15.9,0.00,0.00,0.00,1,46,0,41,9,2.9,272,277,9.0,10.1,0,0.00,1016.6,1002.5
2024-06-06T00:00,15.1,0.00,90,13.6,15.9,0.00,0.00,0.00,2,79,0,75,20,2.5,294,352,4.3,7.6,0,0.00,1016.8,1002.7
2024-06-06T01:00,15.0,0.00,91,13.6,15.8,0.00,0.00,0.00,2,66,0,56,24,2.3,360,39,3.2,5.0,0,0.00,1016.5,1002.4
2024-06-06T02:00,14.5,0.00,87,12.3,14.7,0.00,0.00,0.00,3,100,0,100,30,4.0,349,360,5.5,7.6,0,0.00,1016.8,1002.7
2024-06-06T03:00,14.5,0.00,89,12.7,14.8,0.00,0.00,0.00,3,94,0,93,13,3.3,55,49,4.4,5.8,0,0.00,1016.4,1002.3
2024-06-06T04:00,13.7,0.00,91,12.3,14.0,0.00,0.00,0.00,3,100,0,100,44,3.1,36,21,3.1,5.0,0,0.00,1016.6,1002.4
2024-06-06T05:00,13.7,0.00,94,12.8,14.2,0.00,0.00,0.00,0,12,0,4,12,2.6,105,74,4.1,5.0,1,0.00,1016.7,1002.5
2024-06-06T06:00,14.5,0.00,91,13.1,15.2,0.00,0.00,0.00,0,16,2,9,11,2.2,122,81,5.5,5.8,1,3600.00,1016.8,1002.7
2024-06-06T07:00,16.1,0.00,87,13.9,16.9,0.00,0.00,0.00,0,13,0,8,9,3.1,130,126,5.6,10.1,1,3600.00,1017.1,1003.0
2024-06-06T08:00,17.6,0.00,83,14.6,18.6,0.00,0.00,0.00,1,39,33,7,4,3.6,171,180,4.7,13.0,1,3600.00,1017.2,1003.2
2024-06-06T09:00,18.9,0.00,75,14.3,19.5,0.00,0.00,0.00,1,43,19,27,4,5.1,221,225,6.6,20.5,1,3600.00,1017.0,1003.1
2024-06-06T10:00,19.7,0.00,70,14.0,20.2,0.00,0.00,0.00,1,25,0,23,2,7.7,241,242,10.3,24.8,1,3600.00,1016.8,1002.9
2024-06-06T11:00,20.3,0.10,67,14.0,20.5,0.10,0.00,0.00,51,14,0,13,2,11.0,250,251,14.9,28.1,1,3600.00,1016.7,1002.8
2024-06-06T12:00,20.6,0.50,65,13.7,20.9,0.50,0.00,0.00,53,26,0,22,13,14.3,260,260,19.4,32.8,1,3600.00,1016.7,1002.9
2024-06-06T13:00,20.9,0.30,63,13.5,21.1,0.30,0.00,0.00,51,33,0,28,13,14.0,271,271,19.4,32.4,1,3600.00,1016.7,1002.9
2024-06-06T14:00,21.7,0.00,63,14.3,22.5,0.00,0.00,0.00,1,21,0,18,4,10.8,254,255,14.2,31.0,1,3600.00,1015.9,1002.1
2024-06-06T15:00,21.7,0.30,63,14.3,21.9,0.30,0.00,0.00,51,20,0,18,4,12.0,276,277,16.3,33.8,1,3600.00,1015.6,1001.8
2024-06-06T16:00,21.7,0.10,60,13.5,21.2,0.10,0.00,0.00,51,13,0,10,6,12.8,279,280,17.9,33.8,1,3600.00,1015.3,1001.5
2024-06-06T17:00,21.8,0.00,56,12.6,20.9,0.00,0.00,0.00,0,11,0,6,6,11.9,275,275,17.0,28.4,1,3600.00,1015.3,1001.5
2024-06-06T18:00,21.3,0.00,56,12.2,20.5,0.00,0.00,0.00,0,2,0,2,1,9.9,290,289,16.1,25.9,1,3600.00,1015.5,1001.7
2024-06-06T19:00,20.1,0.00,65,13.3,20.2,0.00,0.00,0.00,1,30,0,29,6,6.2,308,306,14.6,21.2,1,3600.00,1016.0,1002.1
2024-06-06T20:00,18.2,0.00,69,12.4,17.8,0.00,0.00,0.00,1,33,0,32,14,7.7,337,332,18.7,15.5,1,2951.29,1016.4,1002.5
2024-06-06T21:00,16.8,0.00,66,10.4,15.8,0.00,0.00,0.00,2,67,0,66,20,7.8,333,338,19.3,16.6,0,0.00,1017.3,1003.3
2024-06-06T22:00,16.1,0.00,64,9.3,14.9,0.00,0.00,0.00,3,100,0,100,21,7.4,313,317,19.4,15.5,0,0.00,1017.7,1003.6
2024-06-06T23:00,16.0,0.00,61,8.5,13.8,0.00,0.00,0.00,3,100,0,100,84,12.1,347,337,22.9,24.5,0,0.00,1018.1,1004.0
2024-06-07T00:00,15.5,0.00,63,8.5,13.9,0.00,0.00,0.00,3,100,0,100,77,8.3,9,360,17.9,23.8,0,0.00,1018.2,1004.1
2024-06-07T01:00,14.7,0.00,68,8.8,13.6,0.00,0.00,0.00,3,87,0,85,65,5.5,8,349,13.1,16.2,0,0.00,1018.3,1004.2
2024-06-07T02:00,14.1,0.00,74,9.5,13.3,0.00,0.00,0.00,3,100,0,100,71,4.7,11,360,13.6,13.3,0,0.00,1017.9,1003.7
2024-06-07T03:00,14.2,0.00,70,8.8,13.1,0.00,0.00,0.00,0,0,0,0,0,4.9,24,17,13.4,9.4,0,0.00,1017.7,1003.5
2024-06-07T04:00,12.2,0.00,74,7.8,10.7,0.00,0.00,0.00,0,2,0,2,1,6.6,27,22,10.5,11.2,0,0.00,1017.7,1003.4
2024-06-07T05:00,13.1,0.00,67,7.0,11.9,0.00,0.00,0.00,0,13,0,7,7,2.6,27,74,4.0,9.0,1,0.00,1018.2,1004.0
2024-06-07T06:00,13.4,0.00,75,9.1,12.6,0.00,0.00,0.00,1,26,0,14,19,3.9,112,112,3.9,7.2,1,3600.00,1018.3,1004.1
2024-06-07T07:00,15.5,0.00,69,9.9,15.3,0.00,0.00,0.00,1,49,0,30,35,1.4,114,90,4.3,8.6,1,3600.00,1018.7,1004.6
2024-06-07T08:00,17.2,0.00,63,10.1,17.1,0.00,0.00,0.00,1,33,0,24,22,0.8,162,207,1.1,7.9,1,3600.00,1019.2,1005.2
2024-06-07T09:00,18.7,0.00,59,10.4,18.6,0.00,0.00,0.00,0,2,0,2,0,1.1,270,270,0.7,9.4,1,3600.00,1019.2,1005.2
2024-06-07T10:00,20.1,0.00,51,9.7,20.4,0.00,0.00,0.00,0,0,0,0,0,3.4,290,288,4.2,13.3,1,3600.00,1019.1,1005.2
2024-06-07T11:00,20.8,0.00,49,9.6,20.8,0.00,0.00,0.00,0,17,0,17,0,8.0,274,275,10.1,20.9,1,3600.00,1019.2,1005.3
2024-06-07T12:00,21.1,0.00,49,9.9,21.1,0.00,0.00,0.00,0,14,0,14,0,8.7,272,275,11.2,23.0,1,3600.00,1019.2,1005.3
2024-06-07T13:00,21.8,0.00,47,10.1,21.8,0.00,0.00,0.00,2,74,0,44,63,9.7,264,266,13.0,23.4,1,3600.00,1018.8,1005.0
2024-06-07T14:00,21.9,0.00,49,10.8,22.6,0.00,0.00,0.00,0,18,0,16,8,6.8,265,270,9.0,18.7,1,3600.00,1018.0,1004.2
2024-06-07T15:00,22.6,0.00,47,10.8,22.6,0.00,0.00,0.00,2,58,0,58,12,8.3,284,288,10.7,20.9,1,3600.00,1017.2,1003.4
2024-06-07T16:00,22.4,0.00,47,10.6,21.3,0.00,0.00,0.00,1,42,0,41,5,9.2,308,315,12.8,20.9,1,3600.00,1016.6,1002.8
2024-06-07T17:00,22.7,0.00,47,10.7,21.5,0.00,0.00,0.00,0,9,0,9,3,9.2,292,296,14.4,22.0,1,3600.00,1015.9,1002.2
2024-06-07T18:00,22.2,0.00,50,11.2,21.2,0.00,0.00,0.00,0,1,0,1,0,9.1,280,279,16.5,21.2,1,3600.00,1015.9,1002.1
2024-06-07T19:00,20.5,0.00,64,13.5,20.7,0.00,0.00,0.00,0,0,0,0,0,5.8,274,274,14.8,19.8,1,3600.00,1016.2,1002.4
2024-06-07T20:00,17.5,0.00,79,13.8,17.7,0.00,0.00,0.00,0,0,0,0,0,6.8,279,273,11.7,12.2,1,3074.84,1016.4,1002.4
2024-06-07T21:00,15.7,0.00,82,12.6,15.4,0.00,0.00,0.00,0,0,0,0,0,7.6,282,278,14.0,12.2,0,0.00,1017.0,1002.9
2024-06-07T22:00,15.1,0.00,80,11.6,14.5,0.00,0.00,0.00,0,0,0,0,0,7.5,294,305,16.6,12.6,0,0.00,1017.1,1003.0
2024-06-07T23:00,14.1,0.00,79,10.5,13.1,0.00,0.00,0.00,0,0,0,0,0,7.7,299,307,12.7,13.3,0,0.00,1017.2,1003.0
2024-06-08T00:00,13.4,0.00,80,10.1,12.4,0.00,0.00,0.00,0,7,0,0,7,7.1,311,330,10.5,11.9,0,0.00,1017.3,1003.1
2024-06-08T01:00,15.9,0.00,68,10.0,15.2,0.00,0.00,0.00,0,14,0,0,14,4.8,309,318,7.9,10.8,0,0.00,1017.0,1002.9
2024-06-08T02:00,17.0,0.00,62,9.7,16.3,0.00,0.00,0.00,0,7,0,0,7,3.7,335,29,5.2,8.6,0,0.00,1016.4,1002.4
2024-06-08T03:00,15.4,0.00,68,9.5,14.8,0.00,0.00,0.00,0,3,0,0,3,3.2,202,180,1.9,6.8,0,0.00,1015.8,1001.7
2024-06-08T04:00,11.6,0.00,86,9.4,10.6,0.00,0.00,0.00,1,37,37,0,0,5.8,193,187,6.6,10.1,0,0.00,1015.5,1001.2
2024-06-08T05:00,11.7,0.00,88,9.8,11.0,0.00,0.00,0.00,0,2,1,0,2,4.6,189,162,8.8,9.7,1,0.00,1015.5,1001.2
2024-06-08T06:00,13.1,0.00,82,10.1,12.5,0.00,0.00,0.00,0,18,18,0,0,4.5,189,151,7.3,9.7,1,3600.00,1015.2,1001.0
2024-06-08T07:00,14.6,0.00,78,10.8,14.2,0.00,0.00,0.00,0,14,14,0,0,4.0,180,170,6.1,11.9,1,3600.00,1015.0,1000.9
2024-06-08T08:00,16.5,0.00,74,11.7,16.5,0.00,0.00,0.00,0,0,0,0,0,3.1,200,201,4.2,12.6,1,3600.00,1014.7,1000.7
2024-06-08T09:00,18.4,0.00,65,11.6,18.4,0.00,0.00,0.00,0,0,0,0,0,4.1,214,218,5.2,14.8,1,3600.00,1014.0,1000.1
2024-06-08T10:00,20.0,0.00,55,10.6,20.4,0.00,0.00,0.00,0,3,3,0,0,5.1,223,225,6.9,16.9,1,3600.00,1013.4,999.6
2024-06-08T11:00,21.2,0.00,53,11.2,22.1,0.00,0.00,0.00,3,99,99,0,0,7.1,228,229,9.2,20.2,1,3600.00,1013.0,999.2
2024-06-08T12:00,22.2,0.00,53,12.3,23.7,0.00,0.00,0.00,3,100,100,0,0,7.4,241,241,9.5,21.6,1,3600.00,1012.2,998.5
2024-06-08T13:00,22.8,0.00,52,12.4,23.8,0.00,0.00,0.00,3,100,100,0,0,8.4,238,239,11.5,22.3,1,3600.00,1011.3,997.6
2024-06-08T14:00,24.1,0.00,41,9.9,24.1,0.00,0.00,0.00,3,100,100,0,0,10.8,244,244,14.8,25.9,1,3600.00,1010.2,996.6
2024-06-08T15:00,24.2,0.00,39,9.4,23.2,0.00,0.00,0.00,3,100,100,0,0,12.2,248,246,17.1,27.7,1,3600.00,1009.6,996.0
2024-06-08T16:00,23.9,0.00,40,9.5,22.1,0.00,0.00,0.00,3,100,100,0,0,11.0,248,247,17.1,27.4,1,3600.00,1009.3,995.7
2024-06-08T17:00,23.2,0.00,46,10.9,22.1,0.00,0.00,0.00,3,100,100,0,0,9.0,243,241,16.9,24.5,1,570.59,1009.0,995.4
2024-06-08T18:00,22.4,0.00,50,11.4,21.3,0.00,0.00,0.00,3,100,100,0,0,10.8,250,249,20.7,23.4,1,3600.00,1009.1,995.4
2024-06-08T19:00,20.9,0.00,57,12.0,20.3,0.00,0.00,0.00,3,100,100,0,0,8.6,253,248,19.9,23.8,1,2143.15,1009.4,995.7
2024-06-08T20:00,19.1,0.00,65,12.5,18.9,0.00,0.00,0.00,3,100,100,2,0,6.4,251,232,17.5,18.4,1,0.00,1009.4,995.6
2024-06-08T21:00,18.5,0.00,71,13.2,18.5,0.00,0.00,0.00,3,100,100,0,0,6.6,240,229,17.9,14.8,0,0.00,1010.3,996.4
2024-06-08T22:00,17.1,0.00,83,14.1,17.7,0.00,0.00,0.00,3,99,99,0,3,5.1,278,278,12.4,13.0,0,0.00,1010.8,996.9
2024-06-08T23:00,16.5,0.00,72,11.5,15.7,0.00,0.00,0.00,3,97,97,0,3,8.6,351,338,20.8,16.2,0,0.00,1011.3,997.3
2024-06-09T00:00,15.3,0.00,70,9.9,13.5,0.00,0.00,0.00,3,93,93,0,3,12.2,350,346,25.2,23.8,0,0.00,1011.8,997.8
2024-06-09T01:00,14.5,0.00,71,9.4,12.7,0.00,0.00,0.00,2,64,61,0,8,11.1,350,347,23.4,24.1,0,0.00,1011.9,997.8
2024-06-09T02:00,15.1,0.00,68,9.2,13.2,0.00,0.00,0.00,2,65,58,5,18,11.4,353,349,24.3,25.6,0,0.00,1011.4,997.4
2024-06-09T03:00,14.1,0.00,72,9.2,12.5,0.00,0.00,0.00,1,33,0,7,32,9.5,358,351,21.6,22.7,0,0.00,1011.4,997.3
2024-06-09T04:00,13.5,0.00,76,9.4,12.0,0.00,0.00,0.00,1,41,0,7,41,9.1,359,351,20.9,19.1,0,0.00,1011.4,997.3
2024-06-09T05:00,13.3,0.00,79,9.7,12.0,0.00,0.00,0.00,1,34,0,5,34,8.3,6,358,19.2,18.4,1,0.00,1011.3,997.2
2024-06-09T06:00,14.2,0.00,79,10.6,13.3,0.00,0.00,0.00,1,25,0,2,25,6.9,13,354,16.6,16.6,1,3600.00,1011.1,997.0
2024-06-09T07:00,15.3,0.00,76,11.1,14.7,0.00,0.00,0.00,0,18,0,0,18,6.6,360,347,9.7,16.2,1,3600.00,1010.8,996.8
2024-06-09T08:00,16.7,0.00,72,11.7,15.9,0.00,0.00,0.00,0,16,0,0,16,9.0,350,344,12.4,21.6,1,3600.00,1010.4,996.5
2024-06-09T09:00,17.9,0.00,66,11.4,16.9,0.00,0.00,0.00,0,12,0,0,12,9.4,358,353,12.6,24.1,1,3600.00,1010.1,996.2
2024-06-09T10:00,19.1,0.00,61,11.4,19.0,0.00,0.00,0.00,0,4,0,0,4,8.8,355,348,11.6,23.8,1,3600.00,1009.8,996.0
2024-06-09T11:00,20.1,0.00,58,11.5,20.5,0.00,0.00,0.00,1,29,3,0,27,8.5,339,332,10.8,23.8,1,3600.00,1009.5,995.7
2024-06-09T12:00,20.6,0.00,56,11.4,21.0,0.00,0.00,0.00,3,96,5,0,96,9.4,315,310,12.2,24.5,1,3600.00,1009.1,995.4
2024-06-09T13:00,20.0,0.00,57,11.1,18.9,0.00,0.00,0.00,2,72,56,2,36,13.5,315,312,17.8,31.0,1,3600.00,1009.0,995.2
2024-06-09T14:00,20.6,0.00,53,10.8,19.5,0.00,0.00,0.00,3,100,100,6,7,12.5,318,316,16.6,28.8,1,3600.00,1008.5,994.8
2024-06-09T15:00,20.6,0.00,53,10.5,19.4,0.00,0.00,0.00,3,100,100,3,8,11.7,327,326,15.9,28.8,1,3600.00,1008.0,994.3
2024-06-09T16:00,20.7,0.00,51,10.1,19.4,0.00,0.00,0.00,3,100,100,30,8,10.3,332,331,13.8,27.7,1,3600.00,1007.5,993.8
2024-06-09T17:00,20.3,0.00,51,9.8,19.1,0.00,0.00,0.00,3,100,100,96,2,7.7,333,332,10.9,23.8,1,3033.56,1007.3,993.6
2024-06-09T18:00,19.9,0.00,57,11.1,19.5,0.00,0.00,0.00,3,100,100,86,0,4.7,349,351,9.5,16.9,1,0.00,1007.0,993.3
2024-06-09T19:00,18.9,0.00,62,11.6,18.7,0.00,0.00,0.00,3,100,100,99,0,4.6,31,39,11.8,10.8,1,0.00,1006.9,993.1
2024-06-09T20:00,17.8,0.00,63,10.7,17.2,0.00,0.00,0.00,2,79,77,56,0,5.8,10,7,15.0,10.8,1,0.00,1007.2,993.4
2024-06-09T21:00,16.5,0.00,59,8.4,14.6,0.00,0.00,0.00,0,5,5,0,0,10.5,2,354,23.8,20.2,0,0.00,1007.7,993.8
2024-06-09T22:00,15.2,0.00,58,6.9,12.8,0.00,0.00,0.00,1,33,33,0,0,11.2,7,4,25.0,22.0,0,0.00,1007.8,993.8
2024-06-09T23:00,14.3,0.00,61,6.9,12.0,0.00,0.00,0.00,1,36,30,0,8,10.1,6,4,23.9,22.0,0,0.00,1007.8,993.8
2024-06-10T00:00,13.6,0.00,63,6.8,11.2,0.00,0.00,0.00,2,74,74,1,1,10.9,356,352,24.5,22.3,0,0.00,1008.2,994.1
2024-06-10T01:00,12.8,0.00,66,6.7,10.5,0.00,0.00,0.00,0,14,4,5,9,10.0,354,347,22.4,22.3,0,0.00,1008.6,994.5
2024-06-10T02:00,13.5,0.00,67,7.5,11.2,0.00,0.00,0.00,3,91,91,0,0,11.3,346,338,23.4,22.0,0,0.00,1008.3,994.2
2024-06-10T03:00,12.4,0.00,72,7.4,10.2,0.00,0.00,0.00,1,22,22,0,0,10.2,353,342,22.1,22.3,0,0.00,1008.4,994.3
2024-06-10T04:00,11.5,0.00,75,7.3,9.3,0.00,0.00,0.00,1,27,0,4,27,10.6,346,336,22.6,20.9,0,0.00,1008.6,994.4
2024-06-10T05:00,11.2,0.00,77,7.4,9.1,0.00,0.00,0.00,1,31,0,11,31,9.7,352,345,20.7,21.6,1,0.00,1008.8,994.6
2024-06-10T06:00,12.0,0.00,78,8.3,10.5,0.00,0.00,0.00,0,11,0,0,11,7.6,356,335,18.8,19.4,1,3600.00,1008.9,994.8
2024-06-10T07:00,13.5,0.00,73,8.8,12.1,0.00,0.00,0.00,1,26,0,0,26,6.9,324,313,9.8,17.3,1,3600.00,1009.3,995.2
2024-06-10T08:00,14.7,0.00,68,9.0,13.7,0.00,0.00,0.00,0,19,0,0,19,5.4,294,290,7.1,17.6,1,3600.00,1009.5,995.5
2024-06-10T09:00,16.3,0.00,60,8.4,15.0,0.00,0.00,0.00,0,0,0,0,0,5.9,262,259,7.6,18.0,1,3600.00,1009.4,995.5
2024-06-10T10:00,17.4,0.00,54,8.1,16.4,0.00,0.00,0.00,1,31,0,0,31,9.2,251,249,12.2,23.8,1,3600.00,1009.1,995.2
2024-06-10T11:00,18.6,0.00,50,8.1,16.9,0.00,0.00,0.00,3,100,1,41,100,15.8,241,240,21.7,35.6,1,3600.00,1008.7,994.9
2024-06-10T12:00,19.1,0.00,48,7.9,16.0,0.00,0.00,0.00,3,100,18,100,100,17.1,235,235,24.1,36.4,1,3600.00,1008.4,994.6
2024-06-10T13:00,19.7,0.00,46,7.8,16.2,0.00,0.00,0.00,3,97,8,97,71,19.7,235,235,28.7,41.8,1,3600.00,1007.7,993.9
2024-06-10T14:00,20.6,0.00,43,7.7,17.1,0.00,0.00,0.00,3,96,55,90,1,19.4,225,223,28.5,41.8,1,3471.62,1006.8,993.1
2024-06-10T15:00,20.6,0.00,45,8.3,16.8,0.00,0.00,0.00,1,29,3,27,4,22.4,240,240,34.0,46.8,1,3600.00,1006.5,992.8
2024-06-10T16:00,20.2,0.00,49,9.0,16.6,0.00,0.00,0.00,1,22,0,20,7,22.8,252,252,33.7,51.1,1,3600.00,1006.7,993.0
2024-06-10T17:00,19.5,0.00,50,8.9,16.0,0.00,0.00,0.00,1,47,7,40,30,22.2,257,257,33.6,49.3,1,3600.00,1006.9,993.1
2024-06-10T18:00,18.1,0.10,59,9.9,15.1,0.10,0.00,0.00,51,90,1,90,11,20.4,262,262,31.7,47.9,1,3600.00,1007.2,993.4
2024-06-10T19:00,16.0,0.10,68,10.0,13.1,0.10,0.00,0.00,51,100,0,100,16,20.0,279,278,31.7,46.4,1,2945.41,1008.4,994.5
2024-06-10T20:00,15.3,0.00,69,9.7,12.8,0.00,0.00,0.00,3,100,0,100,10,16.6,276,274,27.5,40.7,1,0.00,1009.2,995.2
2024-06-10T21:00,14.7,0.00,65,8.2,11.9,0.00,0.00,0.00,3,100,72,100,3,16.4,291,289,25.9,34.6,0,0.00,1010.5,996.5
2024-06-10T22:00,13.6,0.10,67,7.6,10.7,0.10,0.00,0.00,51,100,67,100,18,15.1,301,298,24.4,33.5,0,0.00,1011.7,997.6
2024-06-10T23:00,12.7,0.00,62,5.7,9.5,0.00,0.00,0.00,2,59,50,1,17,15.0,296,294,23.7,32.4,0,0.00,1012.6,998.4
2024-06-11T00:00,11.4,0.00,66,5.4,8.6,0.00,0.00,0.00,1,22,17,5,2,11.2,287,285,21.4,30.6,0,0.00,1013.2,999.0
2024-06-11T01:00,10.3,0.00,72,5.5,7.8,0.00,0.00,0.00,0,12,0,0,12,9.7,278,274,19.7,23.4,0,0.00,1013.6,999.3
2024-06-11T02:00,10.2,0.00,75,5.9,7.9,0.00,0.00,0.00,0,18,0,0,18,8.9,293,291,19.5,19.1,0,0.00,1013.8,999.5
2024-06-11T03:00,9.6,0.00,79,6.1,7.5,0.00,0.00,0.00,0,10,0,0,10,8.0,280,278,18.3,18.7,0,0.00,1014.1,999.8
2024-06-11T04:00,9.0,0.00,84,6.4,6.9,0.00,0.00,0.00,0,10,0,0,10,7.6,279,275,18.6,16.2,0,0.00,1014.3,999.9
2024-06-11T05:00,8.8,0.00,86,6.6,6.8,0.00,0.00,0.00,0,5,0,1,5,7.6,290,289,17.7,15.8,1,0.00,1014.9,1000.5
2024-06-11T06:00,9.9,0.00,81,6.7,7.6,0.00,0.00,0.00,0,5,0,1,4,10.0,303,300,15.9,21.6,1,3600.00,1015.5,1001.2
2024-06-11T07:00,10.9,0.00,77,7.1,8.7,0.00,0.00,0.00,0,9,8,0,1,10.2,311,309,14.8,23.0,1,3600.00,1016.1,1001.8
2024-06-11T08:00,12.0,0.00,71,6.8,9.7,0.00,0.00,0.00,2,61,13,0,55,10.5,310,308,14.1,25.9,1,3600.00,1016.5,1002.3
2024-06-11T09:00,12.8,0.10,65,6.4,10.5,0.10,0.00,0.00,51,56,0,14,55,9.5,301,299,12.6,24.8,1,3600.00,1016.8,1002.6
2024-06-11T10:00,13.6,0.00,61,6.2,11.4,0.00,0.00,0.00,3,90,0,17,89,8.9,298,297,11.4,23.4,1,3600.00,1016.7,1002.5
2024-06-11T11:00,14.3,0.10,58,6.1,11.9,0.10,0.00,0.00,51,72,0,57,66,9.6,294,290,12.6,23.8,1,3021.60,1016.8,1002.7
2024-06-11T12:00,15.0,0.10,55,6.1,13.2,0.10,0.00,0.00,51,46,0,40,19,8.1,284,283,10.7,24.1,1,3600.00,1016.8,1002.7
2024-06-11T13:00,15.6,0.00,52,5.8,14.3,0.00,0.00,0.00,1,31,0,26,13,7.7,280,281,10.2,23.0,1,3600.00,1016.6,1002.5
2024-06-11T14:00,16.4,0.00,48,5.5,15.5,0.00,0.00,0.00,1,37,12,27,6,7.0,284,282,8.9,22.7,1,3600.00,1016.4,1002.4
2024-06-11T15:00,16.7,0.10,47,5.2,15.2,0.10,0.00,0.00,51,86,76,35,16,6.8,275,273,8.7,21.2,1,3600.00,1016.3,1002.3
2024-06-11T16:00,16.6,0.00,47,5.1,14.4,0.00,0.00,0.00,3,99,99,24,3,7.2,266,264,9.7,20.2,1,3600.00,1016.4,1002.4
2024-06-11T17:00,16.7,0.00,46,4.9,14.3,0.00,0.00,0.00,3,95,94,20,6,7.6,274,273,10.1,20.2,1,3600.00,1016.2,1002.2
2024-06-11T18:00,16.4,0.00,47,5.1,14.2,0.00,0.00,0.00,0,15,0,13,8,6.5,279,276,9.5,18.4,1,3600.00,1015.9,1001.9
2024-06-11T19:00,15.7,0.00,56,7.0,14.4,0.00,0.00,0.00,0,18,0,17,4,3.6,283,276,8.1,15.1,1,3600.00,1016.0,1001.9
2024-06-11T20:00,14.4,0.00,62,7.1,13.0,0.00,0.00,0.00,0,18,0,18,1,4.9,311,306,6.6,7.9,1,3230.01,1016.4,1002.3
2024-06-11T21:00,11.9,0.00,71,6.8,10.0,0.00,0.00,0.00,0,13,0,13,0,7.2,345,6,8.6,9.7,0,0.00,1017.0,1002.7
2024-06-11T22:00,12.6,0.00,63,5.6,10.7,0.00,0.00,0.00,0,19,0,19,0,5.1,353,51,6.2,10.1,0,0.00,1017.5,1003.3
2024-06-11T23:00,14.1,0.00,53,4.6,12.4,0.00,0.00,0.00,0,4,0,4,0,2.8,330,50,5.0,7.2,0,0.00,1017.8,1003.6
2024-06-12T00:00,12.3,0.00,60,4.9,10.2,0.00,0.00,0.00,0,4,0,3,1,6.0,331,343,9.0,8.3,0,0.00,1018.3,1004.0
2024-06-12T01:00,9.3,0.00,77,5.5,7.0,0.00,0.00,0.00,0,1,0,1,0,7.7,350,349,10.6,10.8,0,0.00,1018.3,1003.9
2024-06-12T02:00,8.7,0.00,87,6.6,6.7,0.00,0.00,0.00,1,26,0,26,4,7.8,306,304,11.6,10.4,0,0.00,1018.3,1003.9
2024-06-12T03:00,8.5,0.00,89,6.8,6.7,0.00,0.00,0.00,1,30,0,30,1,6.8,339,335,10.8,10.8,0,0.00,1018.4,1003.9
2024-06-12T04:00,8.9,0.00,86,6.7,7.1,0.00,0.00,0.00,0,1,0,1,0,6.5,4,357,16.2,12.2,0,0.00,1018.3,1003.9
2024-06-12T05:00,8.9,0.00,83,6.1,6.9,0.00,0.00,0.00,0,0,0,0,0,7.0,23,21,18.1,13.3,1,0.00,1018.4,1004.0
2024-06-12T06:00,10.5,0.00,79,7.0,8.6,0.00,0.00,0.00,0,0,0,0,0,7.9,13,360,16.6,14.4,1,3600.00,1019.0,1004.6
2024-06-12T07:00,12.3,0.00,75,7.9,10.7,0.00,0.00,0.00,0,0,0,0,0,7.1,353,345,11.3,16.6,1,3600.00,1019.5,1005.2
2024-06-12T08:00,13.6,0.00,69,8.0,12.1,0.00,0.00,0.00,0,0,0,0,0,7.0,356,348,9.7,19.1,1,3600.00,1019.3,1005.1
2024-06-12T09:00,14.9,0.10,64,8.0,13.4,0.10,0.00,0.00,51,13,0,9,5,7.1,337,330,9.0,20.2,1,3600.00,1019.2,1005.1
2024-06-12T10:00,15.5,0.10,60,7.7,14.3,0.10,0.00,0.00,51,31,0,25,12,8.2,315,311,10.7,22.3,1,3600.00,1019.2,1005.1
2024-06-12T11:00,16.0,0.00,56,7.2,14.6,0.00,0.00,0.00,0,13,0,7,8,9.6,308,304,12.3,24.8,1,3600.00,1019.3,1005.2
2024-06-12T12:00,16.8,0.00,52,6.7,16.0,0.00,0.00,0.00,1,22,0,20,12,9.3,307,306,12.1,25.2,1,3600.00,1019.1,1005.0
2024-06-12T13:00,17.1,0.00,49,6.4,16.0,0.00,0.00,0.00,1,25,0,24,16,9.1,304,304,12.2,24.8,1,3600.00,1018.8,1004.8
2024-06-12T14:00,17.6,0.00,45,5.6,16.4,0.00,0.00,0.00,1,35,0,34,6,8.5,300,298,10.8,24.1,1,3600.00,1018.4,1004.4
2024-06-12T15:00,17.6,0.00,47,6.0,16.1,0.00,0.00,0.00,1,29,0,27,15,8.2,299,299,10.3,23.0,1,3600.00,1018.2,1004.2
2024-06-12T16:00,17.6,0.00,47,6.1,15.6,0.00,0.00,0.00,1,36,0,34,20,8.7,314,312,11.5,22.0,1,3600.00,1017.8,1003.8
2024-06-12T17:00,17.4,0.00,48,6.3,15.1,0.00,0.00,0.00,1,36,0,35,18,9.4,315,313,13.2,22.3,1,3600.00,1017.5,1003.5
2024-06-12T18:00,16.8,0.00,50,6.3,14.4,0.00,0.00,0.00,2,58,0,38,46,10.3,324,324,14.7,22.3,1,3600.00,1017.3,1003.3
2024-06-12T19:00,15.9,0.00,56,7.2,14.3,0.00,0.00,0.00,1,35,0,35,0,6.4,335,333,12.7,22.3,1,3600.00,1017.6,1003.5
2024-06-12T20:00,14.4,0.00,67,8.4,13.2,0.00,0.00,0.00,1,39,0,37,14,4.8,325,312,11.4,13.3,1,3024.27,1017.8,1003.6
2024-06-12T21:00,13.9,0.00,61,6.5,11.5,0.00,0.00,0.00,0,17,0,17,0,10.4,348,340,21.3,19.8,0,0.00,1018.6,1004.4
2024-06-12T22:00,12.6,0.00,65,6.3,10.2,0.00,0.00,0.00,1,46,0,46,7,9.5,350,349,22.0,20.5,0,0.00,1019.1,1004.8
2024-06-12T23:00,12.2,0.00,68,6.4,9.9,0.00,0.00,0.00,3,98,29,97,2,9.2,352,349,21.1,19.4,0,0.00,1019.4,1005.1
2024-06-13T00:00,12.1,0.00,68,6.4,10.1,0.00,0.00,0.00,3,91,69,69,5,7.3,353,349,17.4,18.4,0,0.00,1019.6,1005.3
2024-06-13T01:00,11.4,0.00,72,6.5,9.7,0.00,0.00,0.00,3,99,98,42,11,5.6,353,345,14.5,14.8,0,0.00,1019.6,1005.3
2024-06-13T02:00,10.1,0.00,77,6.3,8.2,0.00,0.00,0.00,3,95,94,40,0,6.8,358,360,17.7,15.8,0,0.00,1019.3,1004.9
2024-06-13T03:00,9.7,0.00,79,6.3,8.0,0.00,0.00,0.00,0,16,16,0,0,5.1,6,4,14.5,13.3,0,0.00,1019.2,1004.8
2024-06-13T04:00,8.3,0.00,86,6.1,6.4,0.00,0.00,0.00,3,86,49,85,0,6.0,354,343,10.9,10.4,0,0.00,1019.2,1004.7
2024-06-13T05:00,9.3,0.00,84,6.7,7.7,0.00,0.00,0.00,3,98,0,98,1,5.1,347,352,12.9,9.7,1,0.00,1019.6,1005.2
2024-06-13T06:00,10.6,0.00,81,7.4,9.2,0.00,0.00,0.00,1,39,0,37,3,4.5,354,346,10.1,9.4,1,311.54,1019.8,1005.4
2024-06-13T07:00,12.1,0.00,73,7.5,10.8,0.00,0.00,0.00,0,3,3,0,0,4.4,338,325,6.6,12.6,1,3600.00,1020.2,1005.9
2024-06-13T08:00,13.6,0.00,68,7.8,12.4,0.00,0.00,0.00,0,8,0,8,0,4.1,330,322,5.0,14.0,1,3600.00,1020.1,1005.9
2024-06-13T09:00,14.8,0.00,60,7.0,13.5,0.00,0.00,0.00,2,56,0,49,16,4.1,290,285,5.4,15.5,1,3600.00,1020.0,1005.8
2024-06-13T10:00,15.5,0.00,57,7.1,14.3,0.00,0.00,0.00,0,7,0,4,3,5.4,279,278,6.6,17.3,1,3600.00,1019.7,1005.6
2024-06-13T11:00,16.3,0.00,55,7.3,15.4,0.00,0.00,0.00,0,15,0,10,11,7.6,274,273,9.7,22.0,1,3600.00,1019.3,1005.2
2024-06-13T12:00,17.4,0.00,49,6.7,16.4,0.00,0.00,0.00,3,100,0,70,100,9.0,272,272,11.5,24.1,1,3600.00,1018.8,1004.8
2024-06-13T13:00,17.3,0.00,50,6.7,15.1,0.00,0.00,0.00,2,61,0,58,54,9.1,262,261,12.4,24.1,1,3600.00,1018.8,1004.8
2024-06-13T14:00,17.9,0.00,46,6.0,15.8,0.00,0.00,0.00,3,99,6,98,33,7.7,258,259,10.7,23.8,1,1328.47,1017.9,1003.9
2024-06-13T15:00,18.4,0.00,43,5.8,16.1,0.00,0.00,0.00,3,100,96,100,9,8.6,237,237,11.2,20.2,1,3600.00,1017.2,1003.3
2024-06-13T16:00,18.7,0.00,44,6.0,16.4,0.00,0.00,0.00,3,100,92,100,23,8.6,236,237,11.7,21.6,1,3600.00,1016.8,1002.9
2024-06-13T17:00,18.3,0.00,44,6.0,16.2,0.00,0.00,0.00,3,91,60,78,0,7.5,235,235,10.6,20.9,1,0.00,1016.5,1002.6
2024-06-13T18:00,18.1,0.00,50,7.7,16.9,0.00,0.00,0.00,3,99,98,68,2,4.3,227,222,7.9,18.0,1,2398.02,1016.3,1002.3
2024-06-13T19:00,17.8,0.00,59,9.7,17.4,0.00,0.00,0.00,3,98,98,7,0,2.5,195,172,5.6,10.4,1,3600.00,1016.2,1002.2
2024-06-13T20:00,15.5,0.00,62,8.3,14.3,0.00,0.00,0.00,3,100,100,11,0,4.8,167,138,9.3,8.6,1,1472.85,1015.9,1001.8
2024-06-13T21:00,14.1,0.00,61,6.7,12.3,0.00,0.00,0.00,3,100,100,1,0,6.4,133,106,13.2,11.5,0,0.00,1015.6,1001.5
2024-06-13T22:00,14.0,0.00,60,6.4,12.1,0.00,0.00,0.00,3,85,85,3,0,6.5,122,93,14.9,11.9,0,0.00,1015.4,1001.3
2024-06-13T23:00,13.0,0.00,63,6.2,11.0,0.00,0.00,0.00,3,100,100,24,0,7.6,122,95,16.5,14.0,0,0.00,1015.0,1000.8
2024-06-14T00:00,12.8,0.00,63,5.9,10.5,0.00,0.00,0.00,3,100,100,97,0,9.1,115,97,19.8,16.9,0,0.00,1014.6,1000.4
2024-06-14T01:00,12.8,0.00,62,5.8,10.5,0.00,0.00,0.00,3,100,100,99,0,8.0,113,100,19.2,17.6,0,0.00,1014.2,1000.0
2024-06-14T02:00,12.7,0.00,65,6.2,10.6,0.00,0.00,0.00,3,100,100,98,0,7.6,114,109,19.3,14.4,0,0.00,1013.2,999.0
2024-06-14T03:00,13.0,0.00,64,6.4,10.6,0.00,0.00,0.00,3,100,100,100,0,10.4,122,110,22.2,19.8,0,0.00,1012.5,998.4
2024-06-14T04:00,13.1,0.00,65,6.8,10.8,0.00,0.00,0.00,3,100,100,100,0,10.0,142,120,20.5,20.5,0,0.00,1012.3,998.2
2024-06-14T05:00,13.2,0.00,68,7.3,11.3,0.00,0.00,0.00,3,100,100,100,0,8.0,157,126,16.8,19.4,1,0.00,1012.2,998.1
2024-06-14T06:00,13.2,0.00,73,8.5,12.2,0.00,0.00,0.00,3,100,100,100,1,4.0,197,153,12.4,15.8,1,0.00,1012.4,998.3
2024-06-14T07:00,13.5,0.60,76,9.3,12.0,0.60,0.00,0.00,53,100,100,100,77,9.0,225,203,19.9,18.7,1,0.00,1013.2,999.1
2024-06-14T08:00,13.6,0.60,83,10.9,12.9,0.60,0.00,0.00,53,100,100,100,13,6.9,215,186,14.5,18.7,1,0.00,1013.1,999.0
2024-06-14T09:00,14.0,0.10,89,12.2,13.5,0.10,0.00,0.00,51,100,100,100,13,8.1,175,148,15.9,17.3,1,0.00,1012.8,998.7
2024-06-14T10:00,15.0,0.00,84,12.4,14.5,0.00,0.00,0.00,3,100,0,99,100,8.3,170,162,12.8,19.8,1,0.00,1012.9,998.8
2024-06-14T11:00,16.7,0.00,76,12.5,15.7,0.00,0.00,0.00,3,100,0,75,100,11.8,171,168,16.8,27.0,1,536.16,1012.7,998.7
2024-06-14T12:00,18.0,0.00,66,11.7,16.0,0.00,0.00,0.00,3,100,0,100,100,17.4,204,207,24.5,36.7,1,2194.17,1012.3,998.4
2024-06-14T13:00,16.9,0.70,75,12.4,15.7,0.70,0.00,0.00,53,100,0,100,100,13.1,194,189,19.6,37.8,1,0.00,1012.5,998.5
2024-06-14T14:00,16.5,0.00,81,13.2,16.6,0.00,0.00,0.00,2,74,0,34,72,6.6,176,167,9.7,20.9,1,0.00,1012.2,998.2
2024-06-14T15:00,19.0,0.00,72,13.7,18.9,0.00,0.00,0.00,3,100,0,100,100,9.9,213,213,13.3,32.0,1,3600.00,1011.5,997.7
2024-06-14T16:00,18.4,0.10,75,13.8,18.5,0.10,0.00,0.00,51,93,28,29,89,7.4,210,209,10.8,34.6,1,0.00,1011.1,997.2
2024-06-14T17:00,19.1,0.10,71,13.8,18.8,0.10,0.00,0.00,51,25,0,12,17,10.1,193,186,14.8,22.7,1,3344.83,1010.5,996.7
2024-06-14T18:00,20.0,0.00,67,13.8,19.1,0.00,0.00,0.00,3,95,93,24,8,14.4,205,202,22.7,31.0,1,3600.00,1009.6,995.8
2024-06-14T19:00,19.3,0.00,70,13.6,18.7,0.00,0.00,0.00,3,88,80,37,9,12.4,201,197,22.3,30.6,1,3600.00,1009.5,995.7
2024-06-14T20:00,18.2,0.00,73,13.3,18.1,0.00,0.00,0.00,3,100,100,92,5,8.0,188,172,18.5,26.3,1,2649.05,1008.8,995.0
2024-06-14T21:00,17.4,0.00,76,13.1,17.0,0.00,0.00,0.00,3,100,100,11,5,9.0,176,151,20.6,18.7,0,0.00,1008.6,994.7
2024-06-14T22:00,16.8,0.00,78,13.0,16.3,0.00,0.00,0.00,3,100,100,57,7,10.0,163,139,21.4,19.4,0,0.00,1008.3,994.4
2024-06-14T23:00,17.0,0.00,77,12.9,16.2,0.00,0.00,0.00,3,89,67,67,13,11.2,164,140,22.8,22.7,0,0.00,1007.6,993.7
2024-06-15T00:00,16.4,0.00,78,12.6,15.8,0.00,0.00,0.00,3,98,78,89,11,9.7,162,135,20.0,22.7,0,0.00,1007.0,993.1
2024-06-15T01:00,16.4,0.00,78,12.5,15.6,0.00,0.00,0.00,3,100,91,100,6,11.2,156,138,22.4,20.9,0,0.00,1006.5,992.6
2024-06-15T02:00,16.2,1.70,89,14.4,16.2,1.70,0.00,0.00,61,100,100,100,0,9.9,168,147,21.3,20.2,0,0.00,1006.0,992.1
2024-06-15T03:00,16.2,1.50,90,14.5,15.7,1.50,0.00,0.00,61,100,100,100,0,13.6,208,202,27.7,27.7,0,0.00,1006.3,992.4
2024-06-15T04:00,15.8,1.20,90,14.2,15.1,1.20,0.00,0.00,55,100,100,100,1,14.3,219,214,27.4,31.7,0,0.00,1006.4,992.5
2024-06-15T05:00,15.4,1.40,91,14.0,14.5,1.40,0.00,0.00,61,100,100,100,1,15.3,204,199,28.4,31.3,1,0.00,1006.8,992.9
2024-06-15T06:00,15.3,2.00,87,13.2,13.3,2.00,0.00,0.00,61,100,100,88,10,20.3,215,213,35.4,43.2,1,0.00,1007.7,993.7
2024-06-15T07:00,15.2,0.40,90,13.5,13.3,0.40,0.00,0.00,51,49,2,33,23,20.4,226,224,33.4,45.0,1,0.00,1008.7,994.7
2024-06-15T08:00,15.8,0.10,82,12.8,13.7,0.10,0.00,0.00,51,22,0,16,8,20.7,233,231,30.6,46.1,1,3600.00,1009.4,995.4
2024-06-15T09:00,16.1,0.20,72,11.1,13.0,0.20,0.00,0.00,51,27,0,19,11,23.7,240,240,35.0,53.6,1,3600.00,1009.9,995.9
2024-06-15T10:00,17.2,0.00,65,10.6,14.5,0.00,0.00,0.00,0,15,0,12,7,20.4,236,234,29.3,53.6,1,3600.00,1010.1,996.2
2024-06-15T11:00,18.2,0.10,58,9.7,16.0,0.10,0.00,0.00,51,19,0,15,7,21.3,237,236,30.5,46.4,1,3600.00,1010.1,996.2
2024-06-15T12:00,18.8,0.00,53,9.2,16.8,0.00,0.00,0.00,1,21,0,18,5,21.0,239,239,29.9,46.4,1,3600.00,1010.2,996.4
2024-06-15T13:00,19.4,0.00,49,8.4,17.3,0.00,0.00,0.00,1,29,0,28,10,20.2,240,239,28.4,46.1,1,3600.00,1010.1,996.3
2024-06-15T14:00,19.3,0.10,50,8.6,16.8,0.10,0.00,0.00,51,7,0,7,2,21.3,233,233,30.6,47.2,1,3600.00,1009.8,996.0
2024-06-15T15:00,19.6,0.00,49,8.6,17.2,0.00,0.00,0.00,2,67,57,21,2,20.3,237,237,29.2,46.4,1,3600.00,1009.8,996.0
2024-06-15T16:00,19.8,0.00,46,8.0,16.3,0.00,0.00,0.00,3,92,74,67,16,22.3,239,239,32.5,46.8,1,3600.00,1009.6,995.8
2024-06-15T17:00,19.5,0.00,46,7.6,15.7,0.00,0.00,0.00,3,91,89,18,1,21.7,239,238,32.3,49.3,1,3600.00,1009.4,995.6
2024-06-15T18:00,19.0,0.00,50,8.2,16.3,0.00,0.00,0.00,2,73,69,10,7,15.3,243,243,25.4,45.0,1,3600.00,1009.5,995.7
2024-06-15T19:00,18.1,0.00,53,8.4,16.0,0.00,0.00,0.00,2,61,58,5,2,11.4,248,246,22.5,32.0,1,3600.00,1009.7,995.8
2024-06-15T20:00,16.0,0.00,64,9.2,14.9,0.00,0.00,0.00,1,40,37,4,0,6.0,250,245,16.9,24.5,1,3244.79,1010.0,996.0
2024-06-15T21:00,14.0,0.00,72,9.0,12.9,0.00,0.00,0.00,0,14,0,13,10,5.8,240,210,13.7,12.6,0,0.00,1010.8,996.7
2024-06-15T22:00,13.9,0.00,72,9.0,12.7,0.00,0.00,0.00,1,27,0,26,10,6.3,208,167,13.8,11.9,0,0.00,1011.0,996.9
2024-06-15T23:00,13.7,0.00,74,9.2,12.2,0.00,0.00,0.00,0,5,0,5,3,8.3,203,175,20.0,16.6,0,0.00,1011.2,997.1
2024-06-16T00:00,13.2,0.00,77,9.3,11.9,0.00,0.00,0.00,1,25,3,16,13,8.0,210,190,21.3,17.6,0,0.00,1011.5,997.4
2024-06-16T01:00,13.0,0.00,80,9.6,11.7,0.00,0.00,0.00,1,47,28,25,7,7.8,211,193,20.5,17.3,0,0.00,1011.5,997.4
2024-06-16T02:00,13.2,0.00,80,9.8,12.0,0.00,0.00,0.00,0,10,2,8,0,7.6,209,188,19.3,18.4,0,0.00,1011.1,997.0
2024-06-16T03:00,12.6,0.00,84,9.9,11.3,0.00,0.00,0.00,1,26,22,6,0,8.3,203,180,20.0,16.6,0,0.00,1011.2,997.1
2024-06-16T04:00,12.4,0.00,86,10.0,11.1,0.00,0.00,0.00,1,30,19,11,8,8.7,204,185,21.3,18.4,0,0.00,1011.5,997.3
2024-06-16T05:00,12.7,0.00,86,10.3,11.4,0.00,0.00,0.00,2,75,71,11,4,9.1,209,189,20.9,18.7,1,0.00,1011.6,997.5
2024-06-16T06:00,13.7,0.00,84,11.1,12.9,0.00,0.00,0.00,1,24,18,7,0,7.6,214,188,19.2,20.2,1,3600.00,1011.9,997.8
2024-06-16T07:00,14.9,0.00,81,11.6,14.1,0.00,0.00,0.00,3,99,99,2,7,8.4,200,190,12.6,20.2,1,3600.00,1012.1,998.1
2024-06-16T08:00,16.0,0.10,74,11.4,14.4,0.10,0.00,0.00,51,100,100,73,15,13.6,213,212,19.3,28.1,1,3600.00,1011.6,997.6
2024-06-16T09:00,16.5,0.10,69,10.8,14.4,0.10,0.00,0.00,51,98,93,96,22,15.9,218,218,23.3,33.8,1,916.16,1011.6,997.6
2024-06-16T10:00,17.2,0.10,65,10.6,14.8,0.10,0.00,0.00,51,35,13,14,15,17.1,219,219,24.6,36.4,1,1696.50,1011.5,997.6
2024-06-16T11:00,19.0,0.10,58,10.4,17.4,0.10,0.00,0.00,51,57,40,22,17,18.7,219,220,26.1,40.3,1,3600.00,1011.0,997.2
2024-06-16T12:00,19.9,0.10,54,10.3,18.4,0.10,0.00,0.00,51,69,41,38,21,18.4,222,222,26.3,41.8,1,3600.00,1010.6,996.8
2024-06-16T13:00,20.8,0.00,50,10.0,19.0,0.00,0.00,0.00,3,100,13,70,100,19.6,222,223,27.8,43.6,1,3600.00,1010.4,996.7
2024-06-16T14:00,21.0,0.00,47,9.2,18.8,0.00,0.00,0.00,3,100,15,70,100,17.3,217,216,24.7,38.9,1,3600.00,1010.1,996.4
2024-06-16T15:00,21.0,0.00,48,9.7,18.2,0.00,0.00,0.00,3,100,0,80,100,18.8,224,225,27.2,40.0,1,3600.00,1009.8,996.1
2024-06-16T16:00,20.6,0.00,53,10.6,18.7,0.00,0.00,0.00,2,66,0,66,0,14.5,225,226,22.4,40.7,1,0.00,1009.7,996.0
2024-06-16T17:00,20.9,0.00,52,10.7,18.7,0.00,0.00,0.00,3,100,20,100,3,16.1,230,230,24.5,37.1,1,3600.00,1009.8,996.1
2024-06-16T18:00,20.2,0.00,57,11.3,18.8,0.00,0.00,0.00,3,81,75,32,3,12.6,256,257,21.5,34.2,1,957.53,1009.9,996.1
2024-06-16T19:00,19.3,0.00,63,12.1,18.8,0.00,0.00,0.00,3,100,100,100,1,7.4,255,256,15.3,27.0,1,3600.00,1010.3,996.5
2024-06-16T20:00,17.8,0.20,71,12.5,17.6,0.20,0.00,0.00,51,95,77,79,29,6.6,246,241,15.0,16.2,1,0.00,1010.9,997.0
2024-06-16T21:00,16.3,0.10,81,13.1,16.3,0.10,0.00,0.00,51,99,88,97,1,6.8,201,177,16.2,16.2,0,0.00,1011.7,997.7
2024-06-16T22:00,16.1,0.20,85,13.5,15.6,0.20,0.00,0.00,51,99,31,99,0,11.5,197,182,22.6,22.0,0,0.00,1012.2,998.2
2024-06-16T23:00,15.9,0.00,86,13.6,15.5,0.00,0.00,0.00,3,100,1,100,9,10.5,211,202,21.0,24.8,0,0.00,1012.6,998.6
2024-06-17T00:00,15.7,0.00,89,13.9,15.9,0.00,0.00,0.00,3,95,90,53,1,7.2,203,183,16.5,20.9,0,0.00,1012.6,998.6
2024-06-17T01:00,14.9,0.00,93,13.7,15.1,0.00,0.00,0.00,3,99,47,98,24,7.0,196,168,16.9,15.8,0,0.00,1012.9,998.8
2024-06-17T02:00,15.6,0.60,91,14.1,15.6,0.60,0.00,0.00,53,100,77,100,31,9.4,192,176,19.5,19.1,0,0.00,1012.5,998.5
2024-06-17T03:00,15.5,0.90,93,14.4,16.1,0.90,0.00,0.00,53,100,99,100,40,5.2,183,146,12.3,19.8,0,0.00,1012.1,998.1
2024-06-17T04:00,15.5,0.50,93,14.4,15.9,0.50,0.00,0.00,53,100,99,99,100,7.0,184,159,14.8,16.9,0,0.00,1012.1,998.1
2024-06-17T05:00,15.6,0.60,93,14.4,15.4,0.60,0.00,0.00,53,100,17,100,59,11.1,179,167,20.9,22.0,1,0.00,1012.3,998.3
2024-06-17T06:00,15.9,0.30,92,14.5,15.4,0.30,0.00,0.00,51,100,47,100,26,13.1,208,201,24.0,26.3,1,0.00,1012.6,998.6
2024-06-17T07:00,16.2,0.10,91,14.8,15.8,0.10,0.00,0.00,51,100,41,100,27,14.1,221,218,24.8,29.2,1,0.00,1013.2,999.2
2024-06-17T08:00,16.7,0.00,91,15.2,16.2,0.00,0.00,0.00,2,74,43,47,18,15.3,225,223,24.9,30.6,1,0.00,1013.7,999.7
2024-06-17T09:00,18.4,0.20,82,15.2,17.2,0.20,0.00,0.00,51,99,98,30,24,20.2,235,235,29.5,42.8,1,3600.00,1013.8,999.9
2024-06-17T10:00,19.6,0.20,73,14.6,18.5,0.20,0.00,0.00,51,100,100,100,27,17.8,238,238,25.4,42.1,1,3600.00,1014.1,1000.2
2024-06-17T11:00,19.0,0.00,76,14.7,18.4,0.00,0.00,0.00,3,100,99,100,20,14.3,228,229,21.7,38.5,1,0.00,1014.4,1000.5
2024-06-17T12:00,19.6,0.00,74,14.9,19.3,0.00,0.00,0.00,3,100,100,95,3,13.2,225,225,19.3,30.2,1,0.00,1014.6,1000.7
2024-06-17T13:00,20.8,0.00,70,15.0,20.2,0.00,0.00,0.00,3,100,100,8,6,15.0,224,224,21.4,38.9,1,2580.74,1014.5,1000.7
2024-06-17T14:00,21.3,0.20,68,15.1,21.0,0.20,0.00,0.00,51,100,100,100,8,13.5,224,224,19.1,41.8,1,3600.00,1014.5,1000.7
2024-06-17T15:00,20.2,0.10,74,15.4,20.5,0.10,0.00,0.00,51,100,100,82,0,9.8,202,197,15.2,36.4,1,0.00,1014.2,1000.4
2024-06-17T16:00,21.1,0.00,72,15.9,21.5,0.00,0.00,0.00,3,100,100,100,27,10.7,212,213,14.4,23.8,1,2221.18,1014.0,1000.2
2024-06-17T17:00,20.6,0.00,73,15.6,20.7,0.00,0.00,0.00,3,100,100,78,18,12.3,214,212,18.7,31.3,1,0.00,1014.3,1000.5
2024-06-17T18:00,19.8,0.10,76,15.5,20.2,0.10,0.00,0.00,51,100,100,62,38,9.4,220,220,15.6,27.4,1,0.00,1014.8,1000.9
2024-06-17T19:00,19.6,0.00,80,16.1,20.7,0.00,0.00,0.00,3,100,100,21,9,7.0,204,192,14.2,18.4,1,0.00,1014.8,1000.9
2024-06-17T20:00,18.8,0.00,84,16.0,20.0,0.00,0.00,0.00,0,11,0,4,7,5.8,205,187,14.3,14.8,1,0.00,1014.9,1001.0
2024-06-17T21:00,16.8,0.00,89,15.1,17.8,0.00,0.00,0.00,0,6,0,2,4,4.7,201,148,10.8,11.9,0,0.00,1015.5,1001.5
2024-06-17T22:00,16.2,0.00,90,14.6,17.1,0.00,0.00,0.00,3,91,91,1,0,4.3,195,132,8.6,9.0,0,0.00,1015.6,1001.6
2024-06-17T23:00,16.0,0.00,90,14.4,16.7,0.00,0.00,0.00,3,95,95,0,0,5.2,176,124,9.7,9.7,0,0.00,1015.8,1001.8
2024-06-18T00:00,15.6,0.00,91,14.2,16.2,0.00,0.00,0.00,2,66,66,0,0,5.2,171,124,11.7,11.2,0,0.00,1015.9,1001.8
2024-06-18T01:00,14.7,0.00,93,13.6,15.2,0.00,0.00,0.00,1,46,46,0,0,4.8,164,103,9.0,9.7,0,0.00,1015.8,1001.7
2024-06-18T02:00,15.4,0.00,92,14.2,15.9,0.00,0.00,0.00,3,100,99,15,1,5.9,136,104,11.5,11.2,0,0.00,1015.6,1001.5
2024-06-18T03:00,14.8,0.00,94,13.9,15.0,0.00,0.00,0.00,3,100,100,3,2,7.3,124,99,13.5,13.3,0,0.00,1015.3,1001.2
2024-06-18T04:00,14.7,0.00,95,13.8,14.9,0.00,0.00,0.00,3,100,100,0,0,6.9,113,99,14.0,14.0,0,0.00,1015.3,1001.2
2024-06-18T05:00,14.7,0.00,95,13.9,14.7,0.00,0.00,0.00,3,100,100,1,0,8.6,97,88,14.5,16.2,1,0.00,1015.1,1001.0
2024-06-18T06:00,15.9,0.00,91,14.4,16.0,0.00,0.00,0.00,3,100,100,3,0,9.4,107,108,17.3,18.0,1,3392.91,1015.0,1001.0
2024-06-18T07:00,17.7,0.00,86,15.2,18.3,0.00,0.00,0.00,2,67,62,12,0,7.9,99,87,19.3,19.1,1,3600.00,1015.0,1001.0
2024-06-18T08:00,19.7,0.00,78,15.7,20.5,0.00,0.00,0.00,1,25,0,25,0,8.3,93,92,12.3,20.2,1,3600.00,1014.8,1000.9
2024-06-18T09:00,21.6,0.00,70,15.9,22.3,0.00,0.00,0.00,0,9,9,0,0,9.1,109,108,13.0,21.6,1,3600.00,1014.5,1000.7
2024-06-18T10:00,23.7,0.00,62,15.9,24.8,0.00,0.00,0.00,3,94,94,0,0,10.3,126,126,14.2,24.5,1,3600.00,1013.9,1000.2
2024-06-18T11:00,25.2,0.00,60,16.8,27.4,0.00,0.00,0.00,3,100,100,0,0,9.0,143,143,12.1,24.1,1,3600.00,1013.4,999.8
2024-06-18T12:00,26.2,0.00,58,17.2,28.8,0.00,0.00,0.00,3,100,100,0,0,8.2,157,157,11.0,22.7,1,3600.00,1012.8,999.3
2024-06-18T13:00,27.2,0.00,56,17.6,29.6,0.00,0.00,0.00,3,100,100,5,0,8.2,151,151,11.1,21.2,1,3600.00,1012.1,998.6
2024-06-18T14:00,27.5,0.00,56,17.9,30.7,0.00,0.00,0.00,3,99,99,13,10,3.0,246,256,3.5,19.1,1,3600.00,1012.1,998.6
2024-06-18T15:00,26.4,0.10,62,18.6,29.3,0.10,0.00,0.00,51,100,100,4,0,4.3,270,270,5.0,23.0,1,3600.00,1011.6,998.1
2024-06-18T16:00,27.0,0.00,62,19.2,30.4,0.00,0.00,0.00,2,62,62,0,0,3.8,219,229,5.1,14.0,1,3600.00,1010.7,997.2
2024-06-18T17:00,26.8,0.00,62,19.0,28.7,0.00,0.00,0.00,3,100,100,19,7,10.3,237,241,14.6,23.4,1,3600.00,1010.7,997.2
2024-06-18T18:00,26.1,0.00,64,18.8,28.3,0.00,0.00,0.00,3,100,100,15,1,7.4,249,256,12.3,23.8,1,3600.00,1010.8,997.3
2024-06-18T19:00,25.2,0.00,73,20.0,28.5,0.00,0.00,0.00,3,100,100,100,0,3.9,246,248,10.6,16.6,1,1576.37,1010.7,997.2
2024-06-18T20:00,23.6,0.00,76,19.1,26.2,0.00,0.00,0.00,3,100,100,78,0,5.2,251,245,14.1,10.8,1,0.00,1010.8,997.2
2024-06-18T21:00,23.1,0.00,75,18.4,24.9,0.00,0.00,0.00,3,100,100,43,0,8.5,247,234,19.5,17.6,0,0.00,1011.5,997.8
2024-06-18T22:00,22.1,0.00,78,18.0,23.9,0.00,0.00,0.00,3,100,100,31,0,7.6,269,265,19.8,25.9,0,0.00,1012.0,998.3
2024-06-18T23:00,20.7,0.00,82,17.4,22.5,0.00,0.00,0.00,3,99,99,35,0,5.4,275,278,15.5,15.5,0,0.00,1012.2,998.4
2024-06-19T00:00,20.0,0.00,82,16.8,21.5,0.00,0.00,0.00,3,100,100,44,0,6.3,311,329,17.1,16.2,0,0.00,1012.5,998.7
2024-06-19T01:00,18.8,0.00,88,16.8,20.8,0.00,0.00,0.00,3,100,100,93,0,2.2,259,180,5.5,13.3,0,0.00,1012.6,998.7
2024-06-19T02:00,18.7,0.00,84,15.9,20.3,0.00,0.00,0.00,3,97,91,78,0,2.6,251,146,7.6,15.8,0,0.00,1012.0,998.1
2024-06-19T03:00,18.2,0.10,87,16.0,19.1,0.10,0.00,0.00,51,100,100,10,0,7.8,179,158,15.8,14.8,0,0.00,1012.1,998.2
2024-06-19T04:00,17.9,0.00,91,16.4,18.9,0.00,0.00,0.00,3,96,94,38,0,8.2,160,142,19.1,16.6,0,0.00,1012.3,998.4
2024-06-19T05:00,17.6,0.00,94,16.6,19.3,0.00,0.00,0.00,3,89,87,86,0,3.8,191,139,11.4,15.5,1,0.00,1012.5,998.6
2024-06-19T06:00,19.0,0.00,92,17.7,21.2,0.00,0.00,0.00,1,34,12,25,0,3.9,189,112,4.4,7.9,1,3596.06,1012.6,998.7
2024-06-19T07:00,20.4,0.00,87,18.2,23.2,0.00,0.00,0.00,1,34,20,17,0,1.6,252,243,3.4,9.7,1,3600.00,1013.1,999.3
2024-06-19T08:00,21.6,0.00,83,18.6,23.9,0.00,0.00,0.00,2,76,12,73,0,5.4,313,307,7.4,14.8,1,3600.00,1013.2,999.5
2024-06-19T09:00,21.8,0.10,82,18.5,24.2,0.10,0.00,0.00,51,100,58,99,4,5.0,304,300,6.5,18.4,1,3600.00,1013.8,1000.1
2024-06-19T10:00,20.5,1.70,86,18.1,22.3,1.70,0.00,0.00,61,100,62,90,100,7.9,306,300,11.1,20.9,1,0.00,1014.5,1000.7
2024-06-19T11:00,21.1,0.50,87,18.8,23.5,0.50,0.00,0.00,53,83,3,82,1,6.1,319,320,8.2,22.0,1,1705.03,1014.9,1001.1
2024-06-19T12:00,21.9,0.10,83,19.0,23.8,0.10,0.00,0.00,51,98,53,94,33,9.9,328,327,13.1,27.7,1,3600.00,1015.5,1001.7
2024-06-19T13:00,21.7,0.50,80,18.1,22.8,0.50,0.00,0.00,53,81,49,35,42,12.3,331,328,17.2,32.0,1,3381.71,1015.8,1002.0
2024-06-19T14:00,20.9,0.40,79,17.2,21.5,0.40,0.00,0.00,51,100,4,100,9,13.4,341,336,18.7,29.5,1,0.00,1016.3,1002.5
2024-06-19T15:00,20.5,0.00,78,16.6,20.4,0.00,0.00,0.00,2,62,0,60,18,16.4,343,341,23.7,34.9,1,0.00,1016.7,1002.9
2024-06-19T16:00,20.8,0.00,76,16.4,20.5,0.00,0.00,0.00,3,100,0,100,89,17.5,353,351,25.0,38.5,1,3600.00,1016.9,1003.1
2024-06-19T17:00,20.1,0.00,74,15.3,19.7,0.00,0.00,0.00,3,100,0,100,58,14.8,6,3,21.3,38.5,1,3600.00,1017.4,1003.5
2024-06-19T18:00,19.9,0.00,75,15.3,20.0,0.00,0.00,0.00,0,16,11,5,0,11.2,10,6,16.5,31.7,1,2148.51,1017.8,1003.9
2024-06-19T19:00,19.5,0.00,75,15.0,19.6,0.00,0.00,0.00,1,20,11,5,9,10.9,359,354,16.9,24.5,1,3600.00,1018.7,1004.8
2024-06-19T20:00,18.4,0.00,79,14.7,18.3,0.00,0.00,0.00,0,14,13,1,1,10.9,2,354,20.5,22.3,1,3432.37,1019.2,1005.2
2024-06-19T21:00,17.1,0.00,83,14.2,17.2,0.00,0.00,0.00,1,20,20,0,0,9.1,19,9,19.8,22.0,0,0.00,1019.4,1005.4
2024-06-19T22:00,16.2,0.00,86,13.9,16.5,0.00,0.00,0.00,0,5,5,0,0,6.8,32,18,17.5,17.6,0,0.00,1019.9,1005.8
2024-06-19T23:00,15.6,0.00,88,13.5,15.7,0.00,0.00,0.00,0,16,16,0,0,7.1,49,30,18.1,14.0,0,0.00,1020.0,1005.9
2024-06-20T00:00,15.1,0.00,88,13.1,15.2,0.00,0.00,0.00,3,97,97,0,0,6.4,64,52,18.4,14.8,0,0.00,1019.8,1005.7
2024-06-20T01:00,15.0,0.00,86,12.6,14.8,0.00,0.00,0.00,2,72,69,7,0,6.5,75,56,17.9,13.3,0,0.00,1019.9,1005.7
2024-06-20T02:00,15.0,0.00,85,12.5,14.7,0.00,0.00,0.00,3,99,99,0,0,7.6,75,71,19.0,17.6,0,0.00,1020.5,1006.3
2024-06-20T03:00,14.9,0.00,86,12.5,14.6,0.00,0.00,0.00,3,100,100,1,0,7.5,85,73,19.2,15.5,0,0.00,1020.2,1006.0
2024-06-20T04:00,14.9,0.00,86,12.7,14.8,0.00,0.00,0.00,3,100,100,11,0,6.2,89,80,17.3,16.9,0,0.00,1019.8,1005.6
2024-06-20T05:00,15.2,0.00,85,12.8,14.9,0.00,0.00,0.00,3,99,99,23,0,8.3,94,90,19.1,16.9,1,0.00,1019.9,1005.8
2024-06-20T06:00,16.0,0.00,83,13.2,15.6,0.00,0.00,0.00,3,80,78,9,0,9.4,93,86,19.1,20.2,1,1677.67,1019.6,1005.5
2024-06-20T07:00,17.1,0.00,80,13.6,17.0,0.00,0.00,0.00,3,90,90,0,0,9.0,92,92,13.7,21.2,1,3600.00,1019.2,1005.2
2024-06-20T08:00,18.8,0.00,76,14.4,18.6,0.00,0.00,0.00,3,80,78,8,0,10.9,99,99,16.0,25.6,1,3600.00,1019.0,1005.0
2024-06-20T09:00,20.7,0.00,71,15.4,21.3,0.00,0.00,0.00,3,96,96,9,1,8.6,92,90,12.2,25.6,1,3600.00,1018.7,1004.8
2024-06-20T10:00,22.6,0.00,68,16.3,24.0,0.00,0.00,0.00,3,99,99,22,0,8.7,106,107,12.0,22.7,1,3600.00,1018.4,1004.6
2024-06-20T11:00,23.8,0.00,66,17.1,25.8,0.00,0.00,0.00,3,100,99,23,0,7.9,132,133,10.7,22.3,1,3600.00,1018.5,1004.8
2024-06-20T12:00,25.0,0.00,66,18.1,28.3,0.00,0.00,0.00,3,95,94,21,0,5.8,151,150,7.4,21.2,1,3600.00,1018.2,1004.5
2024-06-20T13:00,26.2,0.00,64,18.9,30.1,0.00,0.00,0.00,3,100,100,36,0,6.7,143,144,9.0,19.8,1,3600.00,1017.4,1003.8
2024-06-20T14:00,22.4,2.00,82,19.2,25.3,2.00,0.00,0.00,61,100,100,50,0,4.1,73,52,6.0,5.4,1,0.00,1017.9,1004.1
2024-06-20T15:00,23.8,0.30,79,19.9,26.9,0.30,0.00,0.00,51,99,99,34,2,4.6,133,141,6.4,13.3,1,1959.76,1017.8,1004.1
2024-06-20T16:00,25.2,0.00,73,19.9,28.0,0.00,0.00,0.00,3,100,100,39,1,7.4,132,133,10.2,18.7,1,3600.00,1016.8,1003.2
2024-06-20T17:00,25.2,0.00,71,19.5,27.7,0.00,0.00,0.00,3,99,98,66,1,7.6,153,155,10.9,19.4,1,3600.00,1016.4,1002.8
2024-06-20T18:00,25.2,0.00,72,19.7,28.0,0.00,0.00,0.00,3,100,100,27,0,6.4,142,142,11.0,17.3,1,1007.33,1015.9,1002.3
2024-06-20T19:00,24.7,0.00,78,20.6,28.3,0.00,0.00,0.00,3,94,93,10,1,3.9,124,112,10.4,13.3,1,441.38,1015.3,1001.7
2024-06-20T20:00,24.6,0.00,73,19.3,27.7,0.00,0.00,0.00,3,100,100,71,13,2.5,142,188,5.9,8.6,1,1472.35,1015.6,1002.0
2024-06-20T21:00,22.6,0.00,81,19.2,25.1,0.00,0.00,0.00,3,100,100,63,1,6.2,122,97,14.4,10.1,0,0.00,1015.5,1001.8
2024-06-20T22:00,22.1,0.00,79,18.3,23.8,0.00,0.00,0.00,3,100,100,39,5,8.9,137,122,20.1,18.4,0,0.00,1015.5,1001.7
2024-06-20T23:00,21.0,0.00,82,17.9,22.8,0.00,0.00,0.00,2,53,49,7,2,7.6,138,115,17.3,17.6,0,0.00,1015.5,1001.7
2024-06-21T00:00,19.9,0.00,87,17.6,21.7,0.00,0.00,0.00,2,68,67,0,0,6.1,139,118,16.3,16.2,0,0.00,1015.0,1001.1
2024-06-21T01:00,19.0,0.00,90,17.4,21.0,0.00,0.00,0.00,2,56,49,11,4,4.9,170,126,12.1,11.5,0,0.00,1015.1,1001.2
2024-06-21T02:00,19.5,0.00,92,18.3,21.7,0.00,0.00,0.00,1,46,8,41,1,5.5,133,79,8.9,19.1,0,0.00,1014.4,1000.5
2024-06-21T03:00,18.4,0.00,96,17.8,20.6,0.00,0.00,0.00,0,6,4,0,2,4.6,307,288,7.2,12.2,0,0.00,1014.7,1000.8
2024-06-21T04:00,17.3,0.00,98,17.1,19.1,0.00,0.00,0.00,1,33,27,1,6,5.1,333,321,7.2,8.3,0,0.00,1013.9,999.9
2024-06-21T05:00,18.1,0.00,98,17.7,20.0,0.00,0.00,0.00,3,83,83,3,0,6.1,360,3,11.5,10.1,1,0.00,1013.9,1000.0
2024-06-21T06:00,19.5,0.00,93,18.3,22.1,0.00,0.00,0.00,3,100,99,68,2,2.9,357,300,7.9,13.7,1,3600.00,1014.1,1000.2
2024-06-21T07:00,19.4,1.10,95,18.5,21.8,1.10,0.00,0.00,55,100,100,100,8,5.0,192,180,7.0,15.5,1,0.00,1015.3,1001.4
2024-06-21T08:00,19.2,0.80,97,18.7,22.0,0.80,0.00,0.00,53,100,100,95,7,3.3,81,84,4.4,12.2,1,0.00,1014.3,1000.4
2024-06-21T09:00,19.4,0.90,97,18.9,21.9,0.90,0.00,0.00,53,100,100,68,2,5.6,148,153,8.1,11.5,1,0.00,1014.4,1000.5
2024-06-21T10:00,20.4,0.50,93,19.3,23.0,0.50,0.00,0.00,53,100,100,95,14,6.2,171,170,9.1,18.0,1,0.00,1014.6,1000.8
2024-06-21T11:00,21.6,0.00,85,18.9,23.6,0.00,0.00,0.00,3,100,100,99,21,8.8,172,171,12.4,20.9,1,1597.33,1014.5,1000.7
2024-06-21T12:00,21.9,0.00,83,18.8,24.4,0.00,0.00,0.00,3,100,100,100,0,4.7,167,171,6.6,22.3,1,0.00,1013.7,1000.0
2024-06-21T13:00,22.0,0.80,84,19.1,24.9,0.80,0.00,0.00,53,100,100,91,0,3.4,144,148,4.9,16.9,1,0.00,1013.2,999.5
2024-06-21T14:00,24.4,0.00,63,16.9,25.2,0.00,0.00,0.00,3,100,100,10,10,15.0,220,222,21.2,33.8,1,3600.00,1012.8,999.2
2024-06-21T15:00,24.0,0.40,63,16.6,23.9,0.40,0.00,0.00,51,80,63,36,19,19.2,232,232,27.7,43.2,1,3600.00,1012.4,998.8
2024-06-21T16:00,23.8,0.00,66,17.2,23.9,0.00,0.00,0.00,2,58,57,3,0,16.5,226,226,24.2,40.7,1,3600.00,1011.6,998.0
2024-06-21T17:00,23.5,0.70,66,16.7,22.7,0.70,0.00,0.00,53,100,100,93,15,21.4,225,225,31.8,45.4,1,3600.00,1011.7,998.1
2024-06-21T18:00,19.8,0.70,83,16.7,19.7,0.70,0.00,0.00,53,100,100,77,0,16.5,227,224,27.2,47.5,1,0.00,1012.4,998.6
2024-06-21T19:00,19.1,0.00,85,16.5,19.3,0.00,0.00,0.00,3,100,100,22,3,13.9,217,211,22.9,33.8,1,0.00,1012.9,999.0
2024-06-21T20:00,18.8,0.00,85,16.2,18.5,0.00,0.00,0.00,3,99,99,7,17,16.6,229,228,28.6,32.8,1,0.00,1012.9,999.0
2024-06-21T21:00,18.1,0.00,85,15.5,17.7,0.00,0.00,0.00,1,32,24,3,9,15.7,241,238,28.0,34.9,0,0.00,1013.5,999.6
2024-06-21T22:00,17.1,0.00,87,15.0,16.7,0.00,0.00,0.00,2,57,44,4,22,14.5,247,243,26.6,32.0,0,0.00,1013.9,999.9
2024-06-21T23:00,16.7,0.00,87,14.4,16.1,0.00,0.00,0.00,1,20,12,1,9,13.6,252,248,24.9,29.5,0,0.00,1014.5,1000.5
2024-06-22T00:00,16.0,0.00,87,13.8,15.3,0.00,0.00,0.00,1,25,9,16,3,13.0,260,256,24.5,28.1,0,0.00,1014.8,1000.8
2024-06-22T01:00,15.3,0.00,87,13.2,14.8,0.00,0.00,0.00,0,14,0,14,0,10.4,258,250,21.0,27.0,0,0.00,1015.4,1001.3
2024-06-22T02:00,14.5,0.00,83,11.7,13.4,0.00,0.00,0.00,3,100,100,17,0,11.0,243,238,22.5,22.3,0,0.00,1016.0,1001.9
2024-06-22T03:00,13.8,0.00,84,11.1,13.1,0.00,0.00,0.00,2,76,75,5,1,7.1,239,229,17.6,22.3,0,0.00,1015.8,1001.6
2024-06-22T04:00,13.0,0.00,87,10.9,12.4,0.00,0.00,0.00,0,0,0,0,0,6.1,226,208,16.5,14.8,0,0.00,1015.5,1001.3
2024-06-22T05:00,12.8,0.00,90,11.2,12.5,0.00,0.00,0.00,0,10,0,1,9,4.7,221,184,13.8,12.6,1,0.00,1015.6,1001.4
2024-06-22T06:00,14.5,0.00,89,12.7,14.5,0.00,0.00,0.00,1,22,12,0,10,5.6,210,153,12.4,12.2,1,3600.00,1015.8,1001.7
2024-06-22T07:00,16.0,0.00,87,13.9,16.3,0.00,0.00,0.00,0,1,0,1,1,6.9,188,174,10.5,17.3,1,3600.00,1015.5,1001.5
2024-06-22T08:00,17.8,0.00,80,14.3,16.8,0.00,0.00,0.00,2,55,23,4,40,16.1,207,207,22.5,33.8,1,3600.00,1015.1,1001.1
2024-06-22T09:00,18.7,0.20,75,14.2,17.6,0.20,0.00,0.00,51,48,24,16,25,17.0,218,216,24.1,36.7,1,3600.00,1014.9,1001.0
2024-06-22T10:00,19.3,0.20,75,14.9,18.8,0.20,0.00,0.00,51,57,34,20,20,14.3,229,229,20.2,36.7,1,3600.00,1014.6,1000.7
2024-06-22T11:00,20.6,0.00,71,15.3,21.1,0.00,0.00,0.00,3,100,100,15,27,12.0,227,226,16.3,32.0,1,3600.00,1014.4,1000.6
2024-06-22T12:00,21.4,0.00,67,15.1,21.8,0.00,0.00,0.00,3,100,97,12,94,13.4,232,234,18.2,31.7,1,3600.00,1014.0,1000.2
2024-06-22T13:00,18.4,1.00,80,14.9,18.0,1.00,0.00,0.00,55,100,98,94,28,13.7,256,256,20.0,38.2,1,2211.63,1014.6,1000.7
2024-06-22T14:00,18.1,0.70,84,15.4,17.6,0.70,0.00,0.00,53,100,100,100,24,15.6,230,230,22.5,34.9,1,0.00,1015.3,1001.4
2024-06-22T15:00,17.1,0.30,87,14.9,16.5,0.30,0.00,0.00,51,100,100,100,7,15.4,219,217,22.5,35.6,1,0.00,1015.4,1001.4
2024-06-22T16:00,15.8,0.90,93,14.6,15.0,0.90,0.00,0.00,53,100,100,100,12,15.6,215,214,24.3,34.6,1,0.00,1015.8,1001.7
2024-06-22T17:00,15.8,0.70,92,14.6,15.5,0.70,0.00,0.00,53,100,100,43,0,12.3,220,218,18.7,34.2,1,0.00,1015.7,1001.6
2024-06-22T18:00,16.0,0.60,91,14.5,16.1,0.60,0.00,0.00,53,100,100,49,4,9.2,221,219,13.8,26.6,1,134.68,1015.6,1001.6
2024-06-22T19:00,16.1,0.20,90,14.4,16.2,0.20,0.00,0.00,51,100,100,5,0,8.7,226,222,14.0,21.6,1,0.00,1015.6,1001.6
2024-06-22T20:00,15.6,0.00,89,13.8,15.9,0.00,0.00,0.00,3,100,100,17,15,5.7,227,215,14.8,18.0,1,69.60,1016.0,1001.9
2024-06-22T21:00,14.8,0.00,90,13.1,14.9,0.00,0.00,0.00,3,100,100,39,32,5.9,220,194,14.6,11.5,0,0.00,1016.6,1002.5
2024-06-22T22:00,14.4,0.00,91,12.9,14.4,0.00,0.00,0.00,3,81,57,23,43,6.4,216,196,16.5,13.7,0,0.00,1017.1,1003.0
2024-06-22T23:00,13.9,0.00,93,12.8,13.9,0.00,0.00,0.00,2,58,33,10,31,5.5,220,191,14.1,13.0,0,0.00,1017.2,1003.0
2024-06-23T00:00,13.1,0.00,95,12.3,13.2,0.00,0.00,0.00,0,18,3,12,5,4.7,217,184,12.6,11.2,0,0.00,1017.3,1003.1
2024-06-23T01:00,12.4,0.00,96,11.8,12.1,0.00,0.00,0.00,0,17,0,17,1,5.9,228,191,10.7,9.0,0,0.00,1017.1,1002.9
2024-06-23T02:00,12.8,0.00,97,12.3,12.8,0.00,0.00,0.00,1,25,0,5,22,4.4,202,171,9.7,10.8,0,0.00,1017.8,1003.6
2024-06-23T03:00,12.0,0.00,97,11.6,11.7,0.00,0.00,0.00,0,11,0,3,9,5.2,213,164,6.0,8.3,0,0.00,1017.9,1003.6
2024-06-23T04:00,11.9,0.00,97,11.4,11.5,0.00,0.00,0.00,0,5,0,0,5,5.6,211,165,4.2,7.9,0,0.00,1017.8,1003.5
2024-06-23T05:00,12.4,0.00,97,11.9,12.5,0.00,0.00,0.00,1,24,0,7,21,3.4,180,148,4.3,7.6,1,0.00,1018.2,1003.9
2024-06-23T06:00,13.6,0.00,96,12.9,13.8,0.00,0.00,0.00,2,72,0,61,45,4.6,163,141,6.0,11.2,1,3600.00,1019.0,1004.8
2024-06-23T07:00,14.7,0.00,93,13.6,15.5,0.00,0.00,0.00,1,49,0,45,9,2.5,111,98,3.1,11.2,1,1318.05,1019.1,1004.9
2024-06-23T08:00,16.6,0.00,87,14.5,17.9,0.00,0.00,0.00,0,15,0,12,6,1.5,338,315,1.9,10.1,1,3600.00,1019.3,1005.2
2024-06-23T09:00,18.6,0.00,78,14.7,19.4,0.00,0.00,0.00,3,85,0,2,85,4.7,353,351,6.2,15.5,1,3600.00,1019.0,1005.0
2024-06-23T10:00,19.9,0.10,69,14.2,20.7,0.10,0.00,0.00,51,52,0,9,51,4.0,16,10,5.2,15.5,1,3600.00,1018.8,1004.9
2024-06-23T11:00,20.9,0.10,65,14.1,22.0,0.10,0.00,0.00,51,50,3,41,30,1.8,34,37,2.6,13.7,1,3600.00,1018.9,1005.0
2024-06-23T12:00,21.6,0.30,63,14.3,23.6,0.30,0.00,0.00,51,77,29,49,47,2.0,60,45,2.9,11.9,1,3600.00,1019.0,1005.2
2024-06-23T13:00,22.3,0.30,59,14.0,24.0,0.30,0.00,0.00,51,37,0,17,34,1.9,30,22,2.9,12.2,1,3600.00,1018.5,1004.7
2024-06-23T14:00,22.8,0.20,59,14.3,24.7,0.20,0.00,0.00,51,65,0,54,25,4.0,11,5,5.5,16.9,1,3600.00,1018.7,1004.9
2024-06-23T15:00,22.8,0.20,58,14.2,23.5,0.20,0.00,0.00,51,55,0,52,20,6.1,5,360,8.3,16.6,1,3600.00,1018.7,1004.9
2024-06-23T16:00,22.9,0.00,58,14.2,22.9,0.00,0.00,0.00,2,70,0,34,59,9.3,16,13,12.8,21.6,1,3600.00,1018.6,1004.8
2024-06-23T17:00,23.0,0.00,58,14.3,22.9,0.00,0.00,0.00,2,57,4,18,46,10.2,22,23,14.4,23.0,1,3600.00,1018.4,1004.6
2024-06-23T18:00,22.7,0.00,60,14.6,23.1,0.00,0.00,0.00,1,36,6,30,8,7.5,35,35,12.7,22.0,1,3600.00,1018.2,1004.4
2024-06-23T19:00,22.1,0.00,69,16.0,23.4,0.00,0.00,0.00,1,42,0,40,15,4.7,32,32,11.0,15.8,1,3600.00,1018.4,1004.6
2024-06-23T20:00,20.3,0.00,77,16.0,21.6,0.00,0.00,0.00,1,42,0,26,23,4.8,14,13,11.5,9.4,1,3073.52,1018.6,1004.7
2024-06-23T21:00,18.9,0.00,78,15.0,19.7,0.00,0.00,0.00,1,44,0,22,33,5.9,8,14,15.3,11.5,0,0.00,1019.2,1005.2
2024-06-23T22:00,18.5,0.00,76,14.2,18.6,0.00,0.00,0.00,1,31,0,17,23,8.4,27,31,21.1,16.2,0,0.00,1019.5,1005.5
2024-06-23T23:00,18.2,0.00,71,12.8,17.9,0.00,0.00,0.00,3,96,0,96,29,8.5,34,36,21.8,17.3,0,0.00,1019.5,1005.5
2024-06-24T00:00,18.2,0.00,69,12.5,17.9,0.00,0.00,0.00,3,95,1,95,53,7.3,38,33,19.7,16.6,0,0.00,1019.5,1005.5
2024-06-24T01:00,17.5,0.00,73,12.6,17.3,0.00,0.00,0.00,2,63,3,22,51,6.4,54,38,19.1,14.4,0,0.00,1019.3,1005.3
2024-06-24T02:00,16.4,0.00,80,13.0,16.2,0.00,0.00,0.00,0,0,0,0,0,8.2,48,38,21.7,16.2,0,0.00,1019.5,1005.4
2024-06-24T03:00,16.4,0.00,80,12.9,16.1,0.00,0.00,0.00,0,0,0,0,0,8.2,62,52,22.1,16.6,0,0.00,1019.2,1005.1
2024-06-24T04:00,16.1,0.00,79,12.5,15.8,0.00,0.00,0.00,0,2,0,0,2,7.4,71,61,21.3,16.2,0,0.00,1019.1,1005.0
2024-06-24T05:00,16.0,0.00,81,12.7,15.9,0.00,0.00,0.00,0,4,0,0,4,6.2,73,54,18.8,14.8,1,0.00,1019.2,1005.1
2024-06-24T06:00,17.6,0.00,79,13.9,18.1,0.00,0.00,0.00,0,5,0,1,5,5.0,64,30,14.0,12.6,1,3600.00,1019.2,1005.2
2024-06-24T07:00,19.5,0.00,75,15.0,20.6,0.00,0.00,0.00,0,5,0,0,5,3.7,56,349,10.9,11.2,1,3600.00,1019.3,1005.4
2024-06-24T08:00,21.2,0.00,71,15.8,22.7,0.00,0.00,0.00,0,4,0,1,4,3.4,34,18,5.2,11.5,1,3600.00,1019.1,1005.3
2024-06-24T09:00,22.8,0.00,65,16.0,24.0,0.00,0.00,0.00,0,0,0,0,0,5.7,59,55,8.4,15.8,1,3600.00,1019.0,1005.2
2024-06-24T10:00,24.0,0.00,58,15.1,25.0,0.00,0.00,0.00,0,0,0,0,0,9.6,71,70,13.3,23.0,1,3600.00,1018.7,1005.0
2024-06-24T11:00,24.8,0.00,54,14.9,26.0,0.00,0.00,0.00,0,15,0,7,15,11.6,70,68,16.1,27.0,1,3600.00,1018.4,1004.7
2024-06-24T12:00,25.5,0.00,51,14.5,26.7,0.00,0.00,0.00,1,46,0,44,10,11.4,67,66,16.0,27.7,1,3600.00,1018.1,1004.5
2024-06-24T13:00,25.9,0.00,48,14.0,26.4,0.00,0.00,0.00,3,100,0,100,72,12.4,62,60,17.1,27.7,1,3600.00,1017.5,1003.9
2024-06-24T14:00,26.4,0.00,45,13.6,27.0,0.00,0.00,0.00,3,100,0,100,0,12.0,59,57,16.8,27.4,1,3600.00,1017.1,1003.5
2024-06-24T15:00,25.6,0.00,49,14.1,25.1,0.00,0.00,0.00,3,100,0,100,1,12.6,54,53,19.1,28.4,1,3600.00,1016.8,1003.2
2024-06-24T16:00,25.6,0.00,48,13.8,25.0,0.00,0.00,0.00,1,32,0,30,3,12.5,59,57,18.1,29.5,1,3600.00,1016.5,1002.9
2024-06-24T17:00,25.4,0.00,50,14.2,25.2,0.00,0.00,0.00,1,36,0,36,0,10.8,61,60,17.2,29.2,1,3600.00,1016.2,1002.6
2024-06-24T18:00,25.0,0.00,53,14.7,25.1,0.00,0.00,0.00,1,41,0,40,11,9.7,54,51,18.3,25.6,1,3600.00,1015.9,1002.3
2024-06-24T19:00,23.6,0.00,59,15.0,23.9,0.00,0.00,0.00,0,18,0,18,1,9.2,50,45,19.7,21.6,1,3600.00,1016.1,1002.4
2024-06-24T20:00,21.8,0.00,62,14.2,21.8,0.00,0.00,0.00,0,1,0,1,0,8.9,58,50,21.7,19.1,1,3475.11,1016.1,1002.3
2024-06-24T21:00,20.3,0.00,65,13.4,20.2,0.00,0.00,0.00,0,1,0,1,0,8.3,63,56,21.1,18.0,0,0.00,1016.4,1002.6
2024-06-24T22:00,19.8,0.00,64,12.9,19.2,0.00,0.00,0.00,0,4,0,4,0,10.2,66,58,25.3,19.8,0,0.00,1016.5,1002.6
2024-06-24T23:00,19.9,0.00,60,11.8,18.7,0.00,0.00,0.00,0,6,0,6,1,11.6,67,60,27.7,23.0,0,0.00,1016.3,1002.4
2024-06-25T00:00,19.9,0.00,57,11.0,18.0,0.00,0.00,0.00,0,0,0,0,0,14.6,74,70,31.1,28.8,0,0.00,1016.0,1002.1
2024-06-25T01:00,19.2,0.00,60,11.1,17.5,0.00,0.00,0.00,0,5,0,4,3,14.1,80,77,29.6,29.2,0,0.00,1015.9,1002.0
2024-06-25T02:00,19.1,0.00,62,11.7,17.3,0.00,0.00,0.00,0,7,0,2,6,15.5,80,78,31.8,30.2,0,0.00,1015.3,1001.4
2024-06-25T03:00,18.9,0.00,63,11.6,17.1,0.00,0.00,0.00,0,0,0,0,0,15.2,83,83,31.6,31.3,0,0.00,1014.9,1001.0
2024-06-25T04:00,18.3,0.00,65,11.5,17.1,0.00,0.00,0.00,0,0,0,0,0,11.3,86,83,26.3,30.2,0,0.00,1014.8,1000.9
2024-06-25T05:00,17.4,0.00,70,11.9,16.8,0.00,0.00,0.00,0,0,0,0,0,8.4,82,70,22.9,23.0,1,0.00,1014.8,1000.8
2024-06-25T06:00,18.2,0.00,71,12.9,18.0,0.00,0.00,0.00,0,0,0,0,0,7.5,80,73,19.0,17.6,1,3600.00,1014.9,1001.0
2024-06-25T07:00,19.7,0.00,69,13.8,20.2,0.00,0.00,0.00,0,0,0,0,0,5.4,86,82,14.4,15.8,1,3600.00,1015.1,1001.2
2024-06-25T08:00,21.1,0.00,66,14.5,21.5,0.00,0.00,0.00,0,0,0,0,0,7.6,88,87,11.5,18.7,1,3600.00,1015.1,1001.3
2024-06-25T09:00,22.8,0.00,60,14.7,23.2,0.00,0.00,0.00,0,0,0,0,0,7.8,79,77,11.4,19.8,1,3600.00,1014.9,1001.2
2024-06-25T10:00,24.3,0.00,55,14.7,25.5,0.00,0.00,0.00,0,0,0,0,0,7.8,73,68,10.9,20.2,1,3600.00,1014.3,1000.7
2024-06-25T11:00,25.5,0.00,51,14.6,26.9,0.00,0.00,0.00,0,0,0,0,0,9.8,74,73,13.5,23.4,1,3600.00,1013.9,1000.3
2024-06-25T12:00,26.0,0.00,50,14.8,27.6,0.00,0.00,0.00,0,0,0,0,0,11.3,65,63,15.1,26.6,1,3600.00,1013.3,999.8
2024-06-25T13:00,26.6,0.00,49,15.0,28.3,0.00,0.00,0.00,0,0,0,0,0,12.2,63,62,16.9,28.4,1,3600.00,1012.9,999.4
2024-06-25T14:00,27.3,0.00,47,14.8,28.8,0.00,0.00,0.00,0,0,0,0,0,12.1,62,60,16.8,28.4,1,3600.00,1012.6,999.1
2024-06-25T15:00,27.5,0.00,47,15.1,28.8,0.00,0.00,0.00,0,1,0,0,1,11.9,57,55,16.7,28.1,1,3600.00,1012.1,998.6
2024-06-25T16:00,27.5,0.00,46,15.0,28.1,0.00,0.00,0.00,0,2,0,0,2,11.8,55,52,17.1,27.0,1,3600.00,1011.6,998.1
2024-06-25T17:00,27.2,0.00,46,14.6,27.1,0.00,0.00,0.00,0,0,0,0,0,10.9,59,56,17.3,26.3,1,3600.00,1011.2,997.7
2024-06-25T18:00,26.7,0.00,50,15.4,27.3,0.00,0.00,0.00,0,0,0,0,0,8.4,63,59,16.1,24.5,1,3600.00,1011.1,997.6
2024-06-25T19:00,25.3,0.00,62,17.4,27.2,0.00,0.00,0.00,0,0,0,0,0,5.0,70,60,13.8,18.0,1,3600.00,1011.1,997.6
2024-06-25T20:00,22.9,0.00,67,16.5,24.2,0.00,0.00,0.00,0,0,0,0,0,6.0,53,33,14.4,11.5,1,3476.78,1010.9,997.2
2024-06-25T21:00,21.6,0.00,66,14.9,21.8,0.00,0.00,0.00,0,2,0,0,2,9.3,49,36,21.4,18.0,0,0.00,1011.1,997.4
2024-06-25T22:00,21.3,0.00,62,13.7,20.9,0.00,0.00,0.00,0,0,0,0,0,10.4,54,46,25.0,20.2,0,0.00,1011.1,997.4
2024-06-25T23:00,21.4,0.00,60,13.3,20.9,0.00,0.00,0.00,0,0,0,0,0,10.7,62,57,26.1,21.2,0,0.00,1011.2,997.5
2024-06-26T00:00,21.1,0.00,61,13.4,20.8,0.00,0.00,0.00,0,8,0,5,7,9.3,68,62,24.5,20.9,0,0.00,1010.9,997.2
2024-06-26T01:00,19.5,0.00,70,13.9,19.7,0.00,0.00,0.00,0,14,0,13,13,7.2,73,63,19.6,18.7,0,0.00,1010.8,997.0
2024-06-26T02:00,18.2,0.00,78,14.2,18.7,0.00,0.00,0.00,0,17,0,7,16,5.8,109,158,9.9,15.1,0,0.00,1010.8,996.9
2024-06-26T03:00,19.6,0.00,67,13.4,20.5,0.00,0.00,0.00,0,0,0,0,0,1.1,94,360,4.7,9.4,0,0.00,1010.5,996.7
2024-06-26T04:00,16.7,0.00,84,14.0,17.3,0.00,0.00,0.00,0,0,0,0,0,5.1,55,39,5.7,8.3,0,0.00,1010.5,996.6
2024-06-26T05:00,16.8,0.00,87,14.6,17.8,0.00,0.00,0.00,0,0,0,0,0,3.5,90,66,5.0,7.9,1,0.00,1010.9,997.0
2024-06-26T06:00,18.6,0.00,81,15.4,19.5,0.00,0.00,0.00,0,0,0,0,0,6.0,354,343,7.2,11.2,1,3600.00,1010.5,996.7
2024-06-26T07:00,20.6,0.00,76,16.2,22.5,0.00,0.00,0.00,0,0,0,0,0,1.5,5,315,4.3,11.9,1,3600.00,1011.0,997.2
2024-06-26T08:00,22.4,0.00,70,16.7,24.6,0.00,0.00,0.00,0,1,0,0,1,0.8,207,243,0.8,8.3,1,3600.00,1011.0,997.3
2024-06-26T09:00,23.9,0.00,67,17.3,26.1,0.00,0.00,0.00,0,0,0,0,0,2.5,262,262,2.5,11.5,1,3600.00,1010.7,997.1
2024-06-26T10:00,25.0,0.00,66,18.2,28.4,0.00,0.00,0.00,0,1,1,0,0,2.5,284,278,3.0,12.6,1,3600.00,1010.7,997.1
2024-06-26T11:00,26.1,0.00,65,18.9,30.3,0.00,0.00,0.00,1,21,13,3,8,3.9,247,248,4.7,15.5,1,3600.00,1010.7,997.2
2024-06-26T12:00,26.6,0.10,64,19.3,30.9,0.10,0.00,0.00,51,80,76,10,9,4.2,208,211,5.3,18.0,1,3600.00,1010.6,997.1
2024-06-26T13:00,25.8,0.10,66,18.9,28.7,0.10,0.00,0.00,51,100,100,23,9,3.2,5,360,4.0,15.1,1,3600.00,1010.4,996.9
2024-06-26T14:00,25.2,0.00,72,19.7,28.1,0.00,0.00,0.00,2,63,60,8,0,5.5,289,281,7.6,24.5,1,3600.00,1009.9,996.4
2024-06-26T15:00,26.2,0.00,67,19.5,29.7,0.00,0.00,0.00,3,83,83,3,0,4.1,315,308,5.6,18.0,1,3600.00,1009.9,996.4
2024-06-26T16:00,26.6,0.00,63,19.1,29.4,0.00,0.00,0.00,3,92,92,6,0,4.5,18,14,5.7,13.3,1,3600.00,1009.2,995.7
2024-06-26T17:00,26.7,0.00,63,19.1,29.7,0.00,0.00,0.00,3,100,100,1,0,2.4,104,117,3.0,13.0,1,3600.00,1008.9,995.4
2024-06-26T18:00,26.3,0.00,66,19.5,29.4,0.00,0.00,0.00,3,100,100,0,0,3.4,215,212,4.4,8.3,1,730.14,1008.9,995.4
2024-06-26T19:00,25.5,0.00,75,20.6,29.0,0.00,0.00,0.00,3,97,97,0,0,4.5,210,209,10.0,11.9,1,3265.10,1009.3,995.8
2024-06-26T20:00,23.7,0.00,83,20.7,27.1,0.00,0.00,0.00,3,98,98,1,0,5.6,220,207,10.7,9.0,1,2269.41,1009.3,995.7
2024-06-26T21:00,22.8,0.00,81,19.5,25.4,0.00,0.00,0.00,0,7,6,1,0,7.0,227,215,17.3,12.6,0,0.00,1009.8,996.2
2024-06-26T22:00,21.9,0.00,86,19.4,24.4,0.00,0.00,0.00,0,18,17,3,0,7.4,232,223,18.7,14.8,0,0.00,1010.0,996.3
2024-06-26T23:00,21.0,0.00,89,19.1,22.8,0.00,0.00,0.00,0,17,4,6,9,11.0,166,148,19.6,19.4,0,0.00,1010.4,996.7
2024-06-27T00:00,19.9,0.00,92,18.5,22.5,0.00,0.00,0.00,0,1,1,0,0,3.8,199,163,12.2,24.8,0,0.00,1010.0,996.2
2024-06-27T01:00,19.6,0.00,93,18.5,21.4,0.00,0.00,0.00,0,10,0,8,3,8.6,180,147,17.6,19.1,0,0.00,1010.3,996.5
2024-06-27T02:00,19.4,0.00,91,17.9,21.4,0.00,0.00,0.00,3,100,100,1,1,5.8,141,120,14.3,16.2,0,0.00,1009.9,996.1
2024-06-27T03:00,19.0,0.00,92,17.7,20.6,0.00,0.00,0.00,2,65,65,0,1,8.0,200,188,20.3,19.4,0,0.00,1009.8,996.0
2024-06-27T04:00,18.1,0.00,94,17.0,19.8,0.00,0.00,0.00,3,97,97,0,1,5.1,203,172,14.5,15.1,0,0.00,1009.7,995.8
2024-06-27T05:00,18.9,0.00,94,17.8,20.3,0.00,0.00,0.00,2,78,77,0,4,9.9,225,213,22.9,19.1,1,0.00,1010.1,996.3
2024-06-27T06:00,19.8,0.00,92,18.5,21.4,0.00,0.00,0.00,1,46,46,0,1,11.0,229,221,20.7,23.8,1,3600.00,1010.3,996.5
2024-06-27T07:00,20.8,0.00,89,19.0,22.6,0.00,0.00,0.00,0,6,0,0,6,11.2,223,222,16.3,25.6,1,3600.00,1010.6,996.9
2024-06-27T08:00,21.9,0.00,84,19.1,23.2,0.00,0.00,0.00,1,37,0,0,37,14.3,230,231,20.2,31.0,1,3600.00,1010.8,997.1
2024-06-27T09:00,23.2,0.00,80,19.6,25.4,0.00,0.00,0.00,0,2,0,0,2,10.3,219,216,13.8,30.2,1,3600.00,1010.6,997.0
2024-06-27T10:00,24.9,0.00,74,19.9,27.9,0.00,0.00,0.00,1,46,0,0,46,10.2,237,238,13.8,25.6,1,3600.00,1010.5,996.9
2024-06-27T11:00,26.3,0.00,69,20.2,30.0,0.00,0.00,0.00,0,9,3,1,6,8.8,238,235,11.5,25.2,1,3600.00,1010.3,996.8
2024-06-27T12:00,27.3,0.00,68,20.8,31.7,0.00,0.00,0.00,0,14,2,10,2,9.9,228,226,13.5,25.9,1,3600.00,1009.9,996.5
2024-06-27T13:00,28.1,0.00,63,20.4,32.1,0.00,0.00,0.00,1,49,2,16,41,9.9,231,226,13.0,25.9,1,3600.00,1009.7,996.3
2024-06-27T14:00,29.0,0.00,51,18.0,31.4,0.00,0.00,0.00,2,79,70,28,5,12.1,245,243,16.3,29.5,1,3600.00,1009.5,996.1
2024-06-27T15:00,28.6,0.00,53,18.0,30.7,0.00,0.00,0.00,1,34,9,23,10,8.4,234,230,11.6,29.2,1,3600.00,1009.6,996.2
2024-06-27T16:00,28.9,0.00,51,17.6,31.1,0.00,0.00,0.00,0,12,0,12,1,4.7,241,238,6.6,19.8,1,3600.00,1009.3,995.9
2024-06-27T17:00,29.1,0.00,50,17.5,30.9,0.00,0.00,0.00,1,25,2,20,5,6.4,285,286,10.0,16.9,1,3600.00,1009.2,995.8
2024-06-27T18:00,27.6,0.20,56,18.1,29.2,0.20,0.00,0.00,51,47,1,47,3,9.2,297,296,17.7,20.2,1,3600.00,1009.8,996.4
2024-06-27T19:00,26.8,0.00,69,20.7,30.7,0.00,0.00,0.00,1,45,37,11,1,2.1,276,239,7.2,19.8,1,3600.00,1010.3,996.8
2024-06-27T20:00,24.7,0.00,73,19.6,26.8,0.00,0.00,0.00,2,77,69,27,2,10.9,217,207,23.4,20.5,1,3473.14,1010.8,997.2
2024-06-27T21:00,23.7,0.00,76,19.3,25.6,0.00,0.00,0.00,2,79,74,16,0,11.2,228,222,25.5,23.8,0,0.00,1011.6,998.0
2024-06-27T22:00,23.1,0.00,79,19.2,25.1,0.00,0.00,0.00,1,48,30,25,3,9.7,228,219,23.2,22.3,0,0.00,1011.9,998.2
2024-06-27T23:00,22.3,0.00,83,19.2,24.6,0.00,0.00,0.00,0,14,8,5,3,8.0,226,216,20.9,19.8,0,0.00,1012.3,998.6
2024-06-28T00:00,21.5,0.00,86,19.1,23.7,0.00,0.00,0.00,2,74,73,6,0,8.4,222,205,20.9,16.6,0,0.00,1012.4,998.7
2024-06-28T01:00,21.1,0.00,86,18.8,23.0,0.00,0.00,0.00,3,100,100,12,8,9.7,224,211,22.7,19.4,0,0.00,1012.7,998.9
2024-06-28T02:00,20.8,0.20,89,18.9,22.3,0.20,0.00,0.00,51,100,100,7,0,11.9,207,194,25.0,30.2,0,0.00,1012.5,998.7
2024-06-28T03:00,20.1,0.00,92,18.7,22.1,0.00,0.00,0.00,3,88,88,3,1,8.4,217,205,20.3,23.4,0,0.00,1012.8,999.0
2024-06-28T04:00,19.6,0.00,94,18.6,21.5,0.00,0.00,0.00,0,16,1,1,15,8.5,225,208,19.3,17.3,0,0.00,1013.3,999.5
2024-06-28T05:00,19.2,1.10,95,18.3,21.0,1.10,0.00,0.00,55,51,28,23,22,8.4,211,187,16.0,18.0,1,0.00,1014.1,1000.2
2024-06-28T06:00,19.8,0.00,95,19.0,21.5,0.00,0.00,0.00,1,38,1,16,26,11.4,216,208,23.2,23.0,1,3600.00,1014.6,1000.8
2024-06-28T07:00,20.6,0.00,91,19.2,22.4,0.00,0.00,0.00,1,41,0,2,40,11.6,236,234,17.9,25.6,1,3600.00,1015.0,1001.2
2024-06-28T08:00,21.4,0.10,89,19.5,23.1,0.10,0.00,0.00,51,51,2,34,32,12.8,254,254,18.3,35.3,1,3600.00,1015.6,1001.8
2024-06-28T09:00,22.7,0.20,82,19.6,25.0,0.20,0.00,0.00,51,55,0,25,43,9.3,255,254,12.7,34.2,1,3600.00,1015.9,1002.2
2024-06-28T10:00,23.6,0.20,77,19.3,25.7,0.20,0.00,0.00,51,100,55,16,100,9.8,242,242,13.0,31.3,1,3600.00,1016.0,1002.3
2024-06-28T11:00,24.2,0.10,71,18.5,25.7,0.10,0.00,0.00,51,100,98,13,100,11.3,252,253,15.5,30.2,1,3600.00,1015.9,1002.2
2024-06-28T12:00,24.5,0.10,68,18.2,25.8,0.10,0.00,0.00,51,100,100,17,16,11.7,252,252,16.3,31.7,1,3600.00,1016.2,1002.5
2024-06-28T13:00,26.0,0.10,59,17.5,28.0,0.10,0.00,0.00,51,100,100,11,11,13.4,262,262,18.5,31.0,1,3600.00,1016.2,1002.6
2024-06-28T14:00,27.0,0.00,54,16.8,28.7,0.00,0.00,0.00,3,100,100,4,7,11.5,269,268,15.8,26.3,1,3600.00,1015.5,1002.0
2024-06-28T15:00,27.2,0.00,52,16.5,28.4,0.00,0.00,0.00,3,96,95,0,11,11.7,279,279,16.0,27.0,1,3600.00,1015.6,1002.1
2024-06-28T16:00,27.3,0.00,51,16.1,28.4,0.00,0.00,0.00,3,81,75,8,19,11.3,278,279,15.6,27.0,1,3600.00,1015.7,1002.2
2024-06-28T17:00,26.5,0.00,51,15.6,26.8,0.00,0.00,0.00,1,24,19,0,6,10.8,290,291,15.7,27.0,1,3600.00,1015.8,1002.2
2024-06-28T18:00,25.5,0.00,53,15.4,25.9,0.00,0.00,0.00,0,2,0,0,2,9.8,296,298,16.4,24.5,1,3600.00,1016.2,1002.6
2024-06-28T19:00,24.1,0.00,63,16.5,25.3,0.00,0.00,0.00,0,5,5,0,0,7.4,309,309,15.9,22.0,1,3600.00,1016.4,1002.7
2024-06-28T20:00,21.8,0.00,71,16.3,23.1,0.00,0.00,0.00,0,1,1,0,0,5.6,304,310,15.3,15.5,1,3467.78,1016.8,1003.0
2024-06-28T21:00,19.5,0.00,76,15.1,20.1,0.00,0.00,0.00,0,0,0,0,0,7.4,309,321,13.8,11.5,0,0.00,1017.5,1003.6
2024-06-28T22:00,18.5,0.00,76,14.1,18.7,0.00,0.00,0.00,1,28,0,26,18,7.6,309,329,13.8,11.5,0,0.00,1017.8,1003.8
2024-06-28T23:00,18.7,0.00,70,13.2,18.9,0.00,0.00,0.00,0,10,7,0,4,5.4,329,4,13.4,11.5,0,0.00,1017.7,1003.8
2024-06-29T00:00,17.8,0.00,73,13.0,17.8,0.00,0.00,0.00,3,95,95,0,5,6.0,345,17,12.3,9.7,0,0.00,1017.4,1003.4
2024-06-29T01:00,17.3,0.00,77,13.1,17.4,0.00,0.00,0.00,3,90,85,11,28,5.8,355,7,11.6,9.7,0,0.00,1017.3,1003.3
2024-06-29T02:00,19.1,0.00,64,12.1,19.0,0.00,0.00,0.00,0,15,13,0,3,4.6,11,45,7.7,11.9,0,0.00,1016.6,1002.7
2024-06-29T03:00,18.3,0.00,68,12.3,18.6,0.00,0.00,0.00,1,33,28,3,6,2.5,354,8,3.3,6.1,0,0.00,1016.3,1002.4
2024-06-29T04:00,16.0,0.00,82,12.9,16.4,0.00,0.00,0.00,0,1,0,0,1,3.4,65,72,6.0,7.2,0,0.00,1015.9,1001.9
2024-06-29T05:00,16.1,0.00,86,13.8,16.8,0.00,0.00,0.00,0,19,3,18,0,3.5,102,66,8.5,8.6,1,0.00,1015.7,1001.7
2024-06-29T06:00,17.9,0.00,82,14.9,19.0,0.00,0.00,0.00,3,100,100,0,0,3.6,32,360,3.4,7.2,1,3600.00,1015.9,1001.9
2024-06-29T07:00,19.5,0.00,79,15.7,21.0,0.00,0.00,0.00,3,100,100,6,0,3.0,70,14,7.3,8.3,1,386.50,1015.7,1001.8
2024-06-29T08:00,21.5,0.00,76,17.0,23.5,0.00,0.00,0.00,3,87,87,8,0,2.7,53,23,5.4,10.1,1,3600.00,1015.4,1001.6
2024-06-29T09:00,24.2,0.00,73,19.1,27.1,0.00,0.00,0.00,3,93,93,1,0,3.9,76,68,5.9,13.7,1,3600.00,1014.4,1000.8
2024-06-29T10:00,26.3,0.00,70,20.3,30.0,0.00,0.00,0.00,1,43,42,0,0,5.7,108,108,8.0,16.6,1,3600.00,1013.4,999.9
2024-06-29T11:00,28.0,0.00,66,21.0,32.7,0.00,0.00,0.00,2,74,74,0,0,6.1,112,118,8.6,18.0,1,3600.00,1012.5,999.1
2024-06-29T12:00,29.2,0.00,62,21.3,34.6,0.00,0.00,0.00,3,99,99,0,0,5.9,122,128,8.1,18.0,1,3600.00,1012.2,998.8
2024-06-29T13:00,30.0,0.00,60,21.3,35.1,0.00,0.00,0.00,3,99,99,0,0,5.6,127,130,7.7,17.6,1,3600.00,1011.4,998.1
2024-06-29T14:00,29.9,0.00,60,21.3,34.0,0.00,0.00,0.00,3,100,100,1,0,7.8,70,68,10.7,20.9,1,3600.00,1010.4,997.1
2024-06-29T15:00,30.6,0.00,60,21.9,34.4,0.00,0.00,0.00,3,96,96,16,0,7.4,112,113,10.5,19.1,1,3600.00,1009.8,996.5
2024-06-29T16:00,30.8,0.00,59,21.7,34.9,0.00,0.00,0.00,3,100,100,27,0,4.5,108,104,6.8,19.1,1,3600.00,1008.8,995.5
2024-06-29T17:00,30.7,0.00,61,22.4,35.5,0.00,0.00,0.00,3,90,89,25,0,2.3,99,72,4.4,11.5,1,0.00,1007.9,994.6
2024-06-29T18:00,30.3,0.00,67,23.6,35.7,0.00,0.00,0.00,3,99,99,3,0,2.9,81,60,6.9,9.7,1,3600.00,1007.1,993.8
2024-06-29T19:00,29.3,0.00,72,23.6,34.6,0.00,0.00,0.00,3,100,100,76,0,3.8,19,343,6.5,10.8,1,3600.00,1006.5,993.2
2024-06-29T20:00,27.1,0.00,75,22.2,30.7,0.00,0.00,0.00,3,100,100,21,0,9.3,349,344,20.9,18.4,1,0.00,1005.6,992.2
2024-06-29T21:00,25.6,3.20,79,21.6,28.6,3.20,0.00,0.00,63,100,100,21,0,11.5,343,319,21.4,25.6,0,0.00,1005.1,991.6
2024-06-29T22:00,22.4,17.40,91,20.9,24.8,17.40,0.00,0.00,65,100,100,51,6,13.3,341,357,23.6,33.5,0,0.00,1006.3,992.7
2024-06-29T23:00,22.8,0.00,86,20.4,23.7,0.00,0.00,0.00,3,100,100,0,21,21.6,52,53,39.0,46.4,0,0.00,1003.4,989.8
2024-06-30T00:00,22.9,0.00,85,20.2,24.7,0.00,0.00,0.00,3,100,100,23,0,14.7,76,79,30.8,41.8,0,0.00,1003.2,989.6
2024-06-30T01:00,21.5,0.10,94,20.5,22.6,0.10,0.00,0.00,51,100,100,11,100,21.0,240,235,37.4,42.1,0,0.00,1005.7,992.1
2024-06-30T02:00,20.7,0.10,85,18.1,22.4,0.10,0.00,0.00,51,100,100,100,0,9.0,250,241,18.0,28.1,0,0.00,1007.4,993.7
2024-06-30T03:00,19.7,0.30,87,17.5,21.3,0.30,0.00,0.00,51,100,99,94,0,7.0,225,215,15.8,20.5,0,0.00,1006.9,993.2
2024-06-30T04:00,19.1,0.00,92,17.8,20.9,0.00,0.00,0.00,3,100,99,100,0,6.9,187,171,17.4,15.8,0,0.00,1006.4,992.6
2024-06-30T05:00,19.7,0.40,91,18.2,20.9,0.40,0.00,0.00,51,93,14,92,6,12.1,210,203,23.2,24.5,1,0.00,1006.6,992.9
2024-06-30T06:00,19.5,0.00,87,17.4,19.8,0.00,0.00,0.00,3,98,93,77,8,15.9,217,213,28.3,32.4,1,0.00,1006.8,993.0
2024-06-30T07:00,20.4,0.00,83,17.4,20.5,0.00,0.00,0.00,3,100,100,74,67,17.1,222,219,28.3,34.6,1,1793.30,1006.9,993.2
2024-06-30T08:00,20.3,0.40,82,17.1,19.8,0.40,0.00,0.00,51,100,90,100,86,20.7,220,220,33.0,41.4,1,0.00,1007.3,993.6
2024-06-30T09:00,19.9,0.50,87,17.7,19.7,0.50,0.00,0.00,53,100,43,100,96,20.7,221,221,32.6,42.1,1,0.00,1007.6,993.9
2024-06-30T10:00,19.7,0.50,91,18.2,19.7,0.50,0.00,0.00,53,100,13,100,74,20.4,226,226,34.1,41.4,1,0.00,1007.8,994.0
2024-06-30T11:00,20.4,0.60,89,18.5,20.8,0.60,0.00,0.00,53,100,16,99,100,18.7,232,230,27.9,42.1,1,0.00,1008.5,994.8
2024-06-30T12:00,21.8,0.40,84,18.9,22.6,0.40,0.00,0.00,51,100,19,48,100,17.2,240,241,24.5,42.8,1,3600.00,1008.5,994.8
2024-06-30T13:00,21.2,6.20,81,17.8,21.9,6.20,0.00,0.00,63,99,75,86,89,15.8,301,300,21.8,40.0,1,3600.00,1009.2,995.5
2024-06-30T14:00,19.2,4.50,92,17.8,20.1,4.50,0.00,0.00,63,100,100,100,100,12.7,283,285,18.1,29.9,1,0.00,1009.8,996.0
2024-06-30T15:00,18.6,2.40,93,17.4,19.3,2.40,0.00,0.00,61,100,100,100,100,13.0,319,316,20.9,28.1,1,0.00,1010.9,997.0
2024-06-30T16:00,18.4,1.70,92,17.1,19.1,1.70,0.00,0.00,61,100,100,100,100,12.7,297,295,20.6,28.1,1,0.00,1011.5,997.6
2024-06-30T17:00,18.4,1.10,91,16.9,19.1,1.10,0.00,0.00,55,100,100,100,87,11.4,282,281,18.8,26.3,1,0.00,1012.0,998.1
2024-06-30T18:00,18.2,1.70,91,16.7,19.1,1.70,0.00,0.00,61,100,87,100,3,10.0,262,257,18.2,23.0,1,0.00,1012.3,998.4
2024-06-30T19:00,17.8,0.90,91,16.3,18.2,0.90,0.00,0.00,53,100,7,100,52,12.4,245,240,22.7,25.6,1,0.00,1013.0,999.1
2024-06-30T20:00,17.5,0.70,93,16.3,17.7,0.70,0.00,0.00,53,100,31,100,76,13.1,240,238,23.2,25.9,1,0.00,1013.5,999.6
2024-06-30T21:00,17.1,0.80,92,15.8,17.1,0.80,0.00,0.00,53,100,86,94,75,14.0,242,241,24.5,29.2,0,0.00,1014.2,1000.2
2024-06-30T22:00,16.9,0.10,93,15.8,17.2,0.10,0.00,0.00,51,100,61,100,100,11.7,232,225,20.5,28.1,0,0.00,1014.7,1000.7
2024-06-30T23:00,16.5,0.10,94,15.5,16.5,0.10,0.00,0.00,51,100,63,100,100,12.5,228,224,21.4,25.6,0,0.00,1015.0,1001.0
2024-07-01T00:00,16.2,0.10,94,15.3,16.2,0.10,0.00,0.00,51,100,16,100,100,12.3,224,220,20.9,24.5,0,0.00,1015.1,1001.1
2024-07-01T01:00,15.9,0.10,95,15.1,16.1,0.10,0.00,0.00,51,100,4,100,100,10.2,224,219,18.6,24.5,0,0.00,1015.0,1001.0
2024-07-01T02:00,15.6,0.00,95,14.7,16.1,0.00,0.00,0.00,3,90,57,35,72,7.2,220,207,16.4,19.4,0,0.00,1015.1,1001.0
2024-07-01T03:00,15.3,0.10,94,14.4,15.5,0.10,0.00,0.00,51,88,45,74,61,8.7,212,197,17.8,17.3,0,0.00,1014.8,1000.7
2024-07-01T04:00,15.2,0.20,94,14.2,15.3,0.20,0.00,0.00,51,96,8,73,93,8.8,212,199,17.8,19.8,0,0.00,1014.6,1000.5
2024-07-01T05:00,15.3,0.40,94,14.3,15.5,0.40,0.00,0.00,51,98,73,50,86,8.2,214,209,16.1,17.6,1,0.00,1015.0,1000.9
2024-07-01T06:00,15.5,0.30,92,14.1,15.3,0.30,0.00,0.00,51,98,97,22,33,10.3,216,205,19.1,22.0,1,0.00,1015.0,1000.9
2024-07-01T07:00,16.3,0.00,88,14.3,16.1,0.00,0.00,0.00,3,92,88,5,33,11.2,223,220,18.8,25.9,1,3600.00,1014.9,1000.9
2024-07-01T08:00,17.2,0.00,86,14.9,17.1,0.00,0.00,0.00,1,39,0,1,39,12.3,223,220,17.6,29.5,1,3600.00,1014.9,1000.9
2024-07-01T09:00,18.6,0.00,81,15.3,18.5,0.00,0.00,0.00,3,100,31,57,100,12.4,240,240,17.4,32.4,1,3600.00,1014.8,1000.9
2024-07-01T10:00,19.7,0.20,73,14.7,19.4,0.20,0.00,0.00,51,100,94,50,87,12.6,243,243,17.4,32.8,1,1904.02,1014.1,1000.3
2024-07-01T11:00,16.6,8.10,89,14.8,16.1,8.10,0.00,0.00,65,99,76,92,44,14.4,302,302,22.0,36.0,1,0.00,1014.8,1000.8
2024-07-01T12:00,18.4,0.70,86,16.1,19.5,0.70,0.00,0.00,53,100,7,100,22,6.9,276,276,9.8,31.0,1,3600.00,1014.9,1001.0
2024-07-01T13:00,19.6,0.10,75,15.0,19.6,0.10,0.00,0.00,51,100,100,91,98,11.4,281,281,15.7,30.6,1,0.00,1014.4,1000.5
2024-07-01T14:00,18.0,0.30,81,14.7,18.6,0.30,0.00,0.00,51,99,51,52,96,6.3,337,336,8.2,22.7,1,88.70,1014.9,1001.0
2024-07-01T15:00,17.8,1.10,78,13.9,17.3,1.10,0.00,0.00,55,98,93,65,46,12.2,335,332,17.1,30.6,1,3600.00,1015.2,1001.2
2024-07-01T16:00,19.2,0.10,63,11.9,17.9,0.10,0.00,0.00,51,100,100,14,13,13.4,338,336,19.1,28.8,1,3600.00,1014.8,1000.9
2024-07-01T17:00,19.4,0.00,56,10.3,17.5,0.00,0.00,0.00,3,84,56,38,60,13.5,335,335,19.8,30.6,1,3600.00,1014.7,1000.8
2024-07-01T18:00,19.0,0.00,56,9.9,17.0,0.00,0.00,0.00,1,49,41,4,13,13.5,335,335,21.9,30.6,1,3600.00,1014.6,1000.7
2024-07-01T19:00,18.3,0.00,59,10.2,16.7,0.00,0.00,0.00,3,100,100,3,2,11.4,338,336,21.0,28.4,1,3600.00,1015.0,1001.1
2024-07-01T20:00,17.0,0.00,65,10.4,16.1,0.00,0.00,0.00,3,100,100,2,0,6.6,336,331,16.9,23.8,1,0.00,1015.5,1001.5
2024-07-01T21:00,15.7,0.00,70,10.1,14.7,0.00,0.00,0.00,1,33,30,4,0,6.8,338,335,17.9,14.0,0,0.00,1016.2,1002.1
2024-07-01T22:00,15.0,0.00,72,10.0,13.5,0.00,0.00,0.00,3,95,94,8,5,9.9,344,341,22.9,19.1,0,0.00,1016.9,1002.8
2024-07-01T23:00,14.5,0.00,75,10.2,13.3,0.00,0.00,0.00,2,68,62,14,3,8.6,346,345,20.4,20.5,0,0.00,1017.3,1003.2
2024-07-02T00:00,13.7,0.00,81,10.5,12.9,0.00,0.00,0.00,1,41,13,32,5,6.5,341,341,17.9,16.9,0,0.00,1017.4,1003.2
2024-07-02T01:00,13.2,0.00,85,10.7,12.6,0.00,0.00,0.00,2,57,42,29,15,5.5,332,328,16.3,13.7,0,0.00,1017.2,1003.0
2024-07-02T02:00,13.0,0.00,88,11.1,12.6,0.00,0.00,0.00,1,31,0,25,8,5.0,329,339,13.9,11.9,0,0.00,1017.3,1003.1
2024-07-02T03:00,14.3,0.00,81,11.0,13.9,0.00,0.00,0.00,1,24,4,17,17,4.5,313,284,8.9,10.8,0,0.00,1017.1,1003.0
2024-07-02T04:00,12.3,0.00,90,10.7,11.9,0.00,0.00,0.00,1,43,28,13,14,4.6,282,225,7.0,7.9,0,0.00,1017.1,1002.9
2024-07-02T05:00,12.5,0.00,92,11.3,12.3,0.00,0.00,0.00,1,44,36,7,9,4.0,239,207,9.7,7.9,1,0.00,1017.1,1002.9
2024-07-02T06:00,13.8,0.00,89,12.0,13.8,0.00,0.00,0.00,3,85,81,10,23,4.4,233,189,9.5,9.7,1,3494.17,1017.1,1002.9
2024-07-02T07:00,15.0,0.00,84,12.4,15.2,0.00,0.00,0.00,3,91,87,10,28,3.9,219,202,6.9,11.5,1,3600.00,1016.9,1002.8
2024-07-02T08:00,16.5,0.10,75,12.1,16.0,0.10,0.00,0.00,51,91,87,19,24,7.4,243,241,10.1,18.4,1,3600.00,1016.7,1002.7
2024-07-02T09:00,17.1,0.30,71,11.9,16.2,0.30,0.00,0.00,51,96,89,64,22,10.0,255,255,13.8,23.8,1,3600.00,1016.4,1002.4
2024-07-02T10:00,17.9,0.10,66,11.4,16.3,0.10,0.00,0.00,51,85,5,76,35,13.3,258,257,18.0,29.9,1,3600.00,1016.1,1002.1
2024-07-02T11:00,18.4,0.10,63,11.3,16.7,0.10,0.00,0.00,51,100,0,100,36,14.4,257,257,20.3,31.0,1,3600.00,1015.8,1001.9
2024-07-02T12:00,18.2,0.00,60,10.3,16.2,0.00,0.00,0.00,3,100,21,100,30,14.8,256,256,20.8,33.1,1,0.00,1015.5,1001.6
2024-07-02T13:00,18.5,0.00,59,10.4,16.3,0.00,0.00,0.00,3,100,58,100,33,16.1,254,254,22.8,34.2,1,0.00,1015.3,1001.4
2024-07-02T14:00,17.1,0.10,65,10.6,14.4,0.10,0.00,0.00,51,100,83,100,99,19.6,264,264,28.6,42.5,1,1292.28,1015.7,1001.7
2024-07-02T15:00,16.1,0.00,71,10.9,14.2,0.00,0.00,0.00,3,100,100,100,11,14.8,265,264,21.7,41.8,1,0.00,1015.6,1001.6
2024-07-02T16:00,15.6,0.10,75,11.2,14.0,0.10,0.00,0.00,51,100,100,100,100,13.6,260,259,20.1,30.6,1,0.00,1015.5,1001.4
2024-07-02T17:00,15.5,0.20,77,11.6,14.5,0.20,0.00,0.00,51,100,100,100,22,10.2,253,252,15.0,28.4,1,0.00,1015.1,1001.0
2024-07-02T18:00,15.2,0.30,83,12.4,14.5,0.30,0.00,0.00,51,100,100,99,78,9.8,218,216,14.6,20.9,1,0.00,1014.5,1000.4
2024-07-02T19:00,15.0,0.10,89,13.2,14.4,0.10,0.00,0.00,51,100,100,100,38,11.1,213,209,18.5,23.0,1,0.00,1014.2,1000.1
2024-07-02T20:00,15.0,0.10,90,13.4,14.4,0.10,0.00,0.00,51,100,99,100,100,11.7,219,214,20.5,24.5,1,0.00,1014.1,1000.0
2024-07-02T21:00,14.9,0.20,91,13.4,14.0,0.20,0.00,0.00,51,100,53,100,100,13.3,232,232,22.8,26.6,0,0.00,1014.3,1000.2
2024-07-02T22:00,14.8,0.40,93,13.6,14.4,0.40,0.00,0.00,51,100,0,100,77,10.2,255,252,18.3,26.3,0,0.00,1014.4,1000.3
2024-07-02T23:00,14.7,0.20,93,13.5,14.5,0.20,0.00,0.00,51,100,8,100,18,8.6,279,272,16.0,20.2,0,0.00,1014.2,1000.1
2024-07-03T00:00,14.3,0.00,93,13.2,14.3,0.00,0.00,0.00,3,95,75,77,17,7.1,301,294,15.2,16.9,0,0.00,1014.0,999.9
2024-07-03T01:00,14.2,0.00,92,12.9,14.1,0.00,0.00,0.00,3,100,13,100,8,6.6,319,315,14.8,15.1,0,0.00,1013.6,999.5
2024-07-03T02:00,13.4,0.00,96,12.8,13.7,0.00,0.00,0.00,3,94,14,93,8,4.0,296,270,10.0,10.8,0,0.00,1013.5,999.4
2024-07-03T03:00,13.0,0.00,97,12.5,13.1,0.00,0.00,0.00,3,100,0,100,44,4.7,300,279,7.9,7.9,0,0.00,1013.2,999.0
2024-07-03T04:00,13.8,0.00,95,13.1,14.4,0.00,0.00,0.00,3,100,0,100,100,2.6,311,304,6.6,7.6,0,0.00,1013.0,998.9
2024-07-03T05:00,14.1,0.10,92,12.9,14.7,0.10,0.00,0.00,51,100,0,100,93,2.4,309,297,5.1,5.4,1,0.00,1013.1,999.0
2024-07-03T06:00,14.2,0.00,90,12.6,14.7,0.00,0.00,0.00,3,90,0,66,87,2.2,278,261,2.5,6.5,1,0.00,1012.8,998.7
2024-07-03T07:00,14.5,0.00,89,12.7,15.1,0.00,0.00,0.00,3,95,4,32,94,1.5,256,256,1.5,6.8,1,0.00,1012.5,998.4
2024-07-03T08:00,15.3,0.10,88,13.3,16.0,0.10,0.00,0.00,51,100,89,48,100,2.3,249,252,3.1,14.8,1,3455.80,1012.4,998.4
2024-07-03T09:00,16.1,0.10,81,12.9,16.1,0.10,0.00,0.00,51,100,98,17,100,6.0,249,253,8.1,19.1,1,1578.09,1012.0,998.0
2024-07-03T10:00,15.9,0.60,83,13.0,15.9,0.60,0.00,0.00,53,100,100,52,13,6.1,275,270,8.3,22.3,1,0.00,1011.4,997.4
2024-07-03T11:00,17.6,0.20,77,13.5,17.8,0.20,0.00,0.00,51,100,100,95,48,6.0,250,253,8.4,23.4,1,3600.00,1010.8,996.9
2024-07-03T12:00,17.0,0.40,78,13.2,16.5,0.40,0.00,0.00,51,100,100,93,78,10.3,247,245,14.5,28.8,1,0.00,1010.5,996.6
2024-07-03T13:00,17.6,0.10,73,12.7,16.9,0.10,0.00,0.00,51,100,100,100,96,10.1,276,274,14.1,28.8,1,0.00,1010.2,996.3
2024-07-03T14:00,16.0,1.00,78,12.1,14.7,1.00,0.00,0.00,55,100,100,100,20,13.5,238,236,19.6,29.5,1,0.00,1010.5,996.5
2024-07-03T15:00,15.3,1.60,87,13.2,14.6,1.60,0.00,0.00,61,100,100,100,1,11.4,283,281,19.6,28.8,1,0.00,1010.9,996.9
2024-07-03T16:00,15.1,1.20,87,13.0,14.9,1.20,0.00,0.00,55,100,42,100,7,7.6,297,295,13.7,24.1,1,0.00,1010.7,996.7
2024-07-03T17:00,14.0,0.30,81,10.8,12.6,0.30,0.00,0.00,51,100,24,100,23,11.0,311,308,18.1,27.7,1,0.00,1011.1,997.0
2024-07-03T18:00,13.6,0.30,85,11.2,13.0,0.30,0.00,0.00,51,29,1,26,8,6.1,302,298,9.4,22.0,1,0.00,1011.1,997.0
2024-07-03T19:00,13.9,0.00,81,10.8,13.4,0.00,0.00,0.00,1,24,0,21,8,5.2,259,254,7.3,15.5,1,3600.00,1011.3,997.2
2024-07-03T20:00,12.9,0.00,90,11.2,12.7,0.00,0.00,0.00,1,30,0,24,7,3.9,228,214,10.2,12.6,1,3404.76,1011.4,997.3
2024-07-03T21:00,12.3,0.00,90,10.6,11.6,0.00,0.00,0.00,1,22,0,3,20,5.6,217,195,15.4,10.8,0,0.00,1011.9,997.7
2024-07-03T22:00,12.4,0.00,91,11.0,11.4,0.00,0.00,0.00,3,83,0,82,7,9.2,215,201,21.2,18.7,0,0.00,1012.0,997.8
2024-07-03T23:00,12.5,0.00,93,11.3,11.5,0.00,0.00,0.00,3,100,0,100,2,9.7,215,202,21.0,19.8,0,0.00,1012.0,997.8
2024-07-04T00:00,13.0,0.00,92,11.6,11.9,0.00,0.00,0.00,3,100,0,100,0,10.4,211,200,20.7,20.5,0,0.00,1011.8,997.7
2024-07-04T01:00,13.1,0.00,91,11.7,12.3,0.00,0.00,0.00,3,100,0,100,0,9.2,216,206,19.6,21.2,0,0.00,1011.6,997.5
2024-07-04T02:00,13.4,0.00,91,11.9,12.5,0.00,0.00,0.00,3,100,1,100,28,10.3,215,205,21.0,21.2,0,0.00,1011.4,997.3
2024-07-04T03:00,13.6,0.10,91,12.1,12.8,0.10,0.00,0.00,51,80,20,72,24,9.9,203,190,20.0,21.2,0,0.00,1010.7,996.6
2024-07-04T04:00,13.2,1.00,92,12.0,12.3,1.00,0.00,0.00,55,99,33,98,25,10.4,207,194,22.2,21.6,0,0.00,1010.3,996.2
2024-07-04T05:00,13.8,0.10,89,12.0,12.9,0.10,0.00,0.00,51,83,30,70,33,10.6,210,198,21.1,22.7,1,0.00,1010.3,996.2
2024-07-04T06:00,14.4,0.10,88,12.5,13.0,0.10,0.00,0.00,51,94,86,43,44,14.8,218,214,26.4,29.5,1,271.74,1010.2,996.2
2024-07-04T07:00,15.4,0.10,86,13.0,13.8,0.10,0.00,0.00,51,87,77,28,33,16.8,224,222,27.7,34.2,1,3600.00,1010.2,996.2
2024-07-04T08:00,16.7,0.10,79,13.0,14.4,0.10,0.00,0.00,51,85,59,36,50,21.9,224,224,32.3,44.6,1,3600.00,1010.0,996.1
2024-07-04T09:00,17.6,0.00,75,13.1,15.4,0.00,0.00,0.00,3,100,8,100,100,21.5,233,232,31.6,50.0,1,3600.00,1009.9,996.0
2024-07-04T10:00,16.7,0.40,81,13.4,15.3,0.40,0.00,0.00,51,100,1,100,57,16.6,230,228,27.3,48.2,1,0.00,1010.1,996.2
2024-07-04T11:00,16.2,1.20,82,13.2,14.4,1.20,0.00,0.00,55,100,2,100,29,19.3,236,237,30.7,41.0,1,0.00,1010.1,996.1
2024-07-04T12:00,17.1,0.60,84,14.5,16.5,0.60,0.00,0.00,53,32,0,26,15,14.5,225,222,23.4,38.2,1,0.00,1010.1,996.2
2024-07-04T13:00,20.2,0.00,73,15.2,20.5,0.00,0.00,0.00,1,44,0,21,34,17.0,238,238,24.3,44.3,1,3600.00,1009.8,996.0
2024-07-04T14:00,19.0,0.00,79,15.3,18.3,0.00,0.00,0.00,3,100,43,100,84,16.5,236,234,23.6,39.2,1,3600.00,1010.1,996.3
2024-07-04T15:00,18.3,1.00,79,14.6,17.3,1.00,0.00,0.00,55,100,5,100,66,17.2,249,250,25.1,42.1,1,2115.43,1010.3,996.4
2024-07-04T16:00,18.3,0.30,82,15.1,18.0,0.30,0.00,0.00,51,11,1,7,7,13.7,238,235,20.9,35.6,1,1254.38,1010.5,996.6
2024-07-04T17:00,19.7,0.00,70,14.0,18.7,0.00,0.00,0.00,1,38,6,25,13,15.7,255,254,22.7,40.7,1,3600.00,1010.4,996.6
2024-07-04T18:00,19.8,0.10,65,13.1,18.9,0.10,0.00,0.00,51,28,8,12,12,12.6,272,270,21.3,40.3,1,3600.00,1010.8,997.0
2024-07-04T19:00,19.0,0.10,67,12.7,18.0,0.10,0.00,0.00,51,18,1,14,5,12.6,283,283,23.3,26.6,1,3600.00,1011.1,997.3
2024-07-04T20:00,17.7,0.00,69,12.0,16.8,0.00,0.00,0.00,1,31,2,11,21,10.7,289,290,22.1,26.3,1,3384.77,1012.0,998.1
2024-07-04T21:00,16.1,0.00,76,11.9,15.8,0.00,0.00,0.00,2,50,0,28,47,5.9,286,281,17.2,22.0,0,0.00,1012.8,998.8
2024-07-04T22:00,15.0,0.00,83,12.1,14.9,0.00,0.00,0.00,2,52,0,30,38,5.5,262,238,13.1,12.6,0,0.00,1013.4,999.3
2024-07-04T23:00,14.6,0.00,84,11.9,14.4,0.00,0.00,0.00,1,29,0,11,28,5.4,256,233,15.2,10.8,0,0.00,1013.8,999.7
2024-07-05T00:00,14.0,0.00,84,11.3,13.5,0.00,0.00,0.00,0,8,0,1,8,5.9,255,227,16.4,12.6,0,0.00,1014.0,999.9
2024-07-05T01:00,13.2,0.00,85,10.8,12.6,0.00,0.00,0.00,1,38,0,21,32,6.2,243,216,16.9,13.0,0,0.00,1014.2,1000.0
2024-07-05T02:00,13.1,0.00,86,10.8,12.4,0.00,0.00,0.00,0,4,1,0,3,6.4,245,223,19.0,14.8,0,0.00,1014.0,999.8
2024-07-05T03:00,12.5,0.00,88,10.7,11.8,0.00,0.00,0.00,2,64,57,8,8,6.4,248,223,18.3,14.0,0,0.00,1014.0,999.8
2024-07-05T04:00,11.9,0.00,91,10.4,11.3,0.00,0.00,0.00,1,36,10,23,9,4.7,256,212,13.7,13.3,0,0.00,1014.1,999.9
2024-07-05T05:00,12.3,0.00,91,10.9,11.5,0.00,0.00,0.00,1,45,14,29,11,6.7,229,196,15.3,13.7,1,0.00,1014.7,1000.5
2024-07-05T06:00,13.4,0.00,89,11.6,12.8,0.00,0.00,0.00,1,45,14,31,7,7.3,228,191,15.0,15.5,1,3370.59,1015.1,1000.9
2024-07-05T07:00,14.8,0.00,82,11.8,14.2,0.00,0.00,0.00,2,79,72,24,2,7.7,218,208,11.8,18.4,1,3600.00,1015.2,1001.1
2024-07-05T08:00,16.2,0.00,73,11.4,15.2,0.00,0.00,0.00,3,87,81,72,0,9.2,226,222,13.0,22.3,1,3600.00,1015.2,1001.2
2024-07-05T09:00,17.4,0.00,67,11.3,16.2,0.00,0.00,0.00,3,90,58,77,0,11.2,222,220,15.5,26.3,1,3600.00,1015.0,1001.0
2024-07-05T10:00,18.5,0.00,65,11.8,17.2,0.00,0.00,0.00,3,82,62,60,1,12.7,224,223,18.1,29.9,1,3600.00,1014.9,1001.0
2024-07-05T11:00,19.9,0.00,60,12.0,19.0,0.00,0.00,0.00,2,52,45,13,8,15.5,232,234,21.5,34.6,1,3600.00,1014.6,1000.8
2024-07-05T12:00,21.7,0.00,52,11.4,20.6,0.00,0.00,0.00,3,100,39,15,100,18.9,244,246,26.4,39.6,1,3600.00,1014.2,1000.4
2024-07-05T13:00,22.3,0.00,52,11.8,20.5,0.00,0.00,0.00,3,100,84,37,100,17.9,248,248,25.7,41.4,1,3600.00,1013.6,999.9
2024-07-05T14:00,22.9,0.00,49,11.7,21.8,0.00,0.00,0.00,3,100,100,1,81,16.2,238,238,22.5,34.9,1,3600.00,1013.2,999.5
2024-07-05T15:00,22.4,0.00,53,12.3,21.1,0.00,0.00,0.00,3,100,100,0,12,14.5,221,222,20.7,36.7,1,3600.00,1012.9,999.2
2024-07-05T16:00,23.2,0.00,51,12.6,22.1,0.00,0.00,0.00,3,100,100,1,1,13.2,237,235,20.3,32.4,1,2136.04,1012.3,998.6
2024-07-05T17:00,22.3,0.00,54,12.7,21.6,0.00,0.00,0.00,3,100,100,12,1,10.6,221,215,18.1,29.2,1,0.00,1011.7,998.0
2024-07-05T18:00,21.0,0.00,64,13.8,20.8,0.00,0.00,0.00,3,100,100,56,0,9.5,199,191,19.8,23.4,1,0.00,1011.4,997.6
2024-07-05T19:00,19.9,0.00,68,13.8,19.9,0.00,0.00,0.00,3,100,100,72,0,8.7,199,187,19.8,19.8,1,0.00,1011.4,997.6
2024-07-05T20:00,19.1,0.00,70,13.5,19.3,0.00,0.00,0.00,3,100,100,71,0,6.5,201,183,17.0,17.3,1,0.00,1010.9,997.1
2024-07-05T21:00,18.3,0.00,74,13.6,18.7,0.00,0.00,0.00,3,100,100,71,0,5.1,207,176,15.3,13.0,0,0.00,1010.8,996.9
2024-07-05T22:00,17.7,0.00,75,13.1,18.1,0.00,0.00,0.00,3,98,85,91,0,3.6,201,127,8.1,10.8,0,0.00,1010.4,996.5
2024-07-05T23:00,17.0,0.00,76,12.8,16.7,0.00,0.00,0.00,3,100,98,100,0,8.1,138,111,15.5,15.1,0,0.00,1010.1,996.2
2024-07-06T00:00,16.6,0.00,79,12.9,16.3,0.00,0.00,0.00,2,76,24,71,0,8.4,124,100,16.9,15.8,0,0.00,1009.6,995.7
2024-07-06T01:00,15.8,0.00,83,12.8,15.2,0.00,0.00,0.00,2,64,40,62,0,10.2,116,98,22.1,19.1,0,0.00,1008.8,994.8
2024-07-06T02:00,15.7,0.00,82,12.7,14.9,0.00,0.00,0.00,0,3,3,0,0,11.1,115,103,24.3,20.9,0,0.00,1008.2,994.2
2024-07-06T03:00,15.7,0.00,82,12.6,14.7,0.00,0.00,0.00,0,7,7,0,0,11.9,118,104,25.8,23.0,0,0.00,1007.4,993.5
2024-07-06T04:00,15.5,0.00,84,12.7,14.6,0.00,0.00,0.00,0,3,0,3,0,11.8,123,110,25.5,23.8,0,0.00,1007.0,993.1
2024-07-06T05:00,15.4,0.00,86,13.0,14.6,0.00,0.00,0.00,0,12,0,12,0,11.4,126,108,24.0,23.0,1,0.00,1006.6,992.7
2024-07-06T06:00,16.5,0.00,83,13.7,16.2,0.00,0.00,0.00,1,28,0,28,0,10.3,139,119,19.6,22.0,1,3326.17,1006.5,992.6
2024-07-06T07:00,18.5,0.00,76,14.1,18.6,0.00,0.00,0.00,1,30,0,30,0,8.6,137,123,16.3,21.6,1,3600.00,1006.1,992.3
2024-07-06T08:00,20.8,0.00,72,15.6,21.6,0.00,0.00,0.00,3,100,100,11,6,7.4,153,133,12.1,19.1,1,3600.00,1005.8,992.1
2024-07-06T09:00,22.8,0.00,66,16.2,23.4,0.00,0.00,0.00,3,80,80,0,0,10.8,186,182,15.9,25.9,1,3600.00,1005.5,991.9
2024-07-06T10:00,24.6,0.00,64,17.2,25.2,0.00,0.00,0.00,3,83,83,0,1,16.4,211,209,24.4,36.4,1,3600.00,1005.3,991.8
2024-07-06T11:00,24.5,0.30,64,17.2,24.8,0.30,0.00,0.00,51,100,100,61,0,21.7,228,228,31.9,54.0,1,3600.00,1005.3,991.8
2024-07-06T12:00,23.8,0.00,67,17.4,23.4,0.00,0.00,0.00,3,100,100,80,7,20.4,228,226,30.1,46.4,1,3600.00,1005.4,991.9
2024-07-06T13:00,22.4,0.20,72,17.1,22.0,0.20,0.00,0.00,51,93,88,79,5,19.9,228,226,30.3,47.2,1,0.00,1005.8,992.2
2024-07-06T14:00,18.9,2.10,91,17.4,19.5,2.10,0.00,0.00,61,100,100,99,0,14.0,213,206,24.8,36.7,1,0.00,1007.0,993.2
2024-07-06T15:00,18.9,1.00,90,17.2,19.1,1.00,0.00,0.00,55,100,100,100,32,16.0,226,224,28.0,33.1,1,0.00,1007.5,993.7
2024-07-06T16:00,18.8,0.70,89,17.0,19.3,0.70,0.00,0.00,53,100,58,100,2,13.3,220,218,23.5,35.6,1,0.00,1007.3,993.5
2024-07-06T17:00,18.9,0.10,88,17.0,19.0,0.10,0.00,0.00,51,100,86,100,1,16.1,231,230,27.2,32.0,1,0.00,1007.4,993.6
2024-07-06T18:00,18.6,0.30,88,16.6,18.6,0.30,0.00,0.00,51,100,100,100,9,15.7,236,233,26.5,34.6,1,0.00,1008.0,994.2
2024-07-06T19:00,17.9,0.20,89,16.1,18.0,0.20,0.00,0.00,51,88,74,56,37,13.9,241,239,24.3,31.3,1,0.00,1008.8,994.9
2024-07-06T20:00,17.6,0.10,90,15.9,17.9,0.10,0.00,0.00,51,97,92,63,23,11.8,252,250,22.0,29.5,1,0.00,1009.7,995.8
2024-07-06T21:00,17.1,0.00,84,14.3,16.5,0.00,0.00,0.00,3,100,98,96,42,13.4,278,275,24.7,27.0,0,0.00,1011.0,997.1
2024-07-06T22:00,16.1,0.00,73,11.3,14.7,0.00,0.00,0.00,3,100,100,99,0,12.3,278,273,23.6,27.7,0,0.00,1011.9,997.9
2024-07-06T23:00,15.2,0.00,75,10.8,14.2,0.00,0.00,0.00,3,100,100,65,0,8.8,269,258,20.2,24.1,0,0.00,1012.5,998.5
2024-07-07T00:00,14.5,0.00,78,10.6,13.7,0.00,0.00,0.00,3,99,97,82,0,6.6,268,257,18.0,18.7,0,0.00,1013.0,998.9
2024-07-07T01:00,13.9,0.00,81,10.7,13.3,0.00,0.00,0.00,0,1,1,0,0,5.2,264,245,14.8,14.4,0,0.00,1013.4,999.3
2024-07-07T02:00,13.0,0.00,90,11.3,12.6,0.00,0.00,0.00,0,8,0,1,8,5.4,257,228,14.4,15.5,0,0.00,1013.5,999.3
2024-07-07T03:00,12.0,0.00,93,10.9,11.5,0.00,0.00,0.00,0,12,11,0,0,5.1,243,188,10.9,11.2,0,0.00,1013.9,999.7
2024-07-07T04:00,11.4,0.00,95,10.7,10.9,0.00,0.00,0.00,3,98,98,0,1,4.9,216,163,8.5,9.7,0,0.00,1014.4,1000.1
2024-07-07T05:00,11.1,0.00,96,10.6,10.5,0.00,0.00,0.00,3,100,100,4,4,5.5,211,157,6.3,9.0,1,0.00,1014.8,1000.5
2024-07-07T06:00,13.3,0.00,93,12.2,13.3,0.00,0.00,0.00,3,100,100,6,16,4.5,203,166,5.5,9.0,1,682.26,1015.0,1000.8
2024-07-07T07:00,14.4,0.00,89,12.7,14.7,0.00,0.00,0.00,3,100,100,19,26,4.0,177,170,6.1,11.5,1,789.20,1015.3,1001.2
2024-07-07T08:00,15.8,0.00,81,12.5,16.2,0.00,0.00,0.00,3,100,100,6,19,2.5,186,188,3.3,11.9,1,3393.00,1015.6,1001.5
2024-07-07T09:00,17.3,0.00,69,11.5,17.2,0.00,0.00,0.00,3,94,94,0,0,3.3,190,193,4.0,12.6,1,3600.00,1015.6,1001.6
2024-07-07T10:00,18.7,0.00,59,10.7,18.8,0.00,0.00,0.00,1,33,33,0,0,5.3,208,208,6.9,16.9,1,3600.00,1015.3,1001.4
2024-07-07T11:00,19.8,0.00,52,9.8,19.6,0.00,0.00,0.00,1,20,0,9,18,9.2,239,239,11.8,22.7,1,3600.00,1015.3,1001.4
2024-07-07T12:00,20.3,0.00,48,9.0,19.6,0.00,0.00,0.00,3,94,12,70,92,10.9,242,243,14.3,27.0,1,3600.00,1015.4,1001.6
2024-07-07T13:00,20.3,0.00,47,8.7,18.7,0.00,0.00,0.00,2,50,0,50,0,8.7,240,240,12.1,26.6,1,3600.00,1015.1,1001.3
2024-07-07T14:00,21.4,0.00,39,6.9,19.3,0.00,0.00,0.00,2,58,4,56,0,10.1,240,243,13.7,23.0,1,3600.00,1015.0,1001.2
2024-07-07T15:00,21.6,0.00,39,6.9,19.4,0.00,0.00,0.00,3,100,100,89,0,11.2,236,237,15.3,25.6,1,3600.00,1014.9,1001.1
2024-07-07T16:00,21.4,0.00,41,7.7,19.3,0.00,0.00,0.00,3,100,100,40,0,10.3,233,234,14.9,25.6,1,3600.00,1014.8,1001.0
2024-07-07T17:00,21.1,0.00,43,8.0,19.5,0.00,0.00,0.00,3,100,100,13,0,7.4,252,256,11.7,23.4,1,2209.72,1014.6,1000.8
2024-07-07T18:00,20.7,0.00,48,9.4,19.4,0.00,0.00,0.00,1,30,21,14,2,7.6,271,275,14.4,18.0,1,3600.00,1014.4,1000.6
2024-07-07T19:00,19.9,0.00,63,12.8,20.3,0.00,0.00,0.00,0,15,0,15,5,3.6,270,270,10.1,16.2,1,3600.00,1014.7,1000.9
2024-07-07T20:00,19.8,0.00,47,8.1,18.6,0.00,0.00,0.00,0,6,0,6,0,5.2,239,196,7.6,7.9,1,3309.69,1015.1,1001.2
2024-07-07T21:00,16.0,0.00,64,9.3,15.0,0.00,0.00,0.00,0,12,10,2,0,5.6,193,130,6.3,7.9,0,0.00,1015.8,1001.8
2024-07-07T22:00,14.5,0.00,76,10.3,13.8,0.00,0.00,0.00,0,17,16,1,0,5.7,156,108,9.8,9.7,0,0.00,1016.2,1002.1
2024-07-07T23:00,13.3,0.00,85,10.7,12.4,0.00,0.00,0.00,0,16,16,1,0,7.3,163,101,10.1,10.1,0,0.00,1016.4,1002.2
2024-07-08T00:00,14.4,0.00,78,10.5,13.8,0.00,0.00,0.00,3,83,83,1,0,5.2,186,102,6.9,10.1,0,0.00,1016.5,1002.4
2024-07-08T01:00,13.6,0.00,82,10.7,13.0,0.00,0.00,0.00,2,61,61,0,0,5.6,142,105,10.0,10.1,0,0.00,1016.6,1002.4
2024-07-08T02:00,12.4,0.00,89,10.7,11.7,0.00,0.00,0.00,0,4,4,0,0,6.6,120,99,17.1,13.7,0,0.00,1016.6,1002.4
2024-07-08T03:00,12.3,0.00,91,10.8,11.5,0.00,0.00,0.00,0,0,0,0,0,7.6,125,109,18.1,14.4,0,0.00,1016.4,1002.2
2024-07-08T04:00,12.1,0.00,92,10.9,11.3,0.00,0.00,0.00,0,0,0,0,0,7.1,126,105,17.8,14.0,0,0.00,1016.9,1002.6
2024-07-08T05:00,11.8,0.00,95,10.9,11.1,0.00,0.00,0.00,0,0,0,0,0,6.4,146,128,15.6,13.3,1,0.00,1017.6,1003.3
2024-07-08T06:00,13.6,0.00,91,12.1,13.0,0.00,0.00,0.00,0,6,5,0,1,8.5,153,118,14.2,17.6,1,3233.09,1017.8,1003.6
2024-07-08T07:00,15.9,0.00,82,12.8,16.0,0.00,0.00,0.00,0,17,15,0,2,5.6,166,135,10.4,16.6,1,3600.00,1018.1,1004.0
2024-07-08T08:00,17.8,0.00,75,13.3,18.2,0.00,0.00,0.00,0,3,1,0,2,4.4,173,171,6.2,14.4,1,3600.00,1018.3,1004.3
2024-07-08T09:00,19.4,0.00,70,13.8,20.0,0.00,0.00,0.00,0,9,9,0,0,3.9,197,202,4.9,14.4,1,3600.00,1018.4,1004.5
2024-07-08T10:00,20.9,0.00,64,13.8,22.5,0.00,0.00,0.00,0,15,15,0,0,3.1,229,234,3.8,14.4,1,3600.00,1018.3,1004.5
2024-07-08T11:00,22.2,0.00,57,13.4,24.4,0.00,0.00,0.00,0,16,16,0,0,2.8,221,230,3.3,13.7,1,3600.00,1018.3,1004.5
2024-07-08T12:00,23.2,0.00,53,13.1,25.5,0.00,0.00,0.00,1,26,25,0,1,4.2,191,200,5.5,15.8,1,3600.00,1018.1,1004.4
2024-07-08T13:00,23.9,0.00,50,12.7,26.2,0.00,0.00,0.00,2,68,68,1,1,4.0,184,190,5.1,15.8,1,3600.00,1017.7,1004.0
2024-07-08T14:00,24.6,0.00,45,11.8,26.4,0.00,0.00,0.00,3,94,94,0,0,4.1,188,195,5.1,15.5,1,3600.00,1017.3,1003.6
2024-07-08T15:00,24.9,0.00,44,11.7,26.4,0.00,0.00,0.00,1,39,39,0,0,1.9,150,158,2.9,14.4,1,3600.00,1016.9,1003.3
2024-07-08T16:00,25.2,0.00,44,12.1,26.1,0.00,0.00,0.00,2,51,46,8,0,3.2,94,90,4.7,11.2,1,3600.00,1016.5,1002.9
2024-07-08T17:00,25.1,0.00,45,12.5,25.0,0.00,0.00,0.00,2,62,37,44,0,5.9,80,76,8.4,14.4,1,3600.00,1016.1,1002.5
2024-07-08T18:00,24.5,0.00,51,13.6,24.9,0.00,0.00,0.00,1,27,12,17,0,5.2,73,74,10.1,14.8,1,3600.00,1016.1,1002.4
2024-07-08T19:00,23.2,0.00,65,16.3,24.8,0.00,0.00,0.00,1,49,32,26,0,3.9,65,56,10.3,11.5,1,3600.00,1016.3,1002.6
2024-07-08T20:00,20.7,0.00,71,15.2,21.4,0.00,0.00,0.00,1,44,38,9,0,6.6,58,49,11.0,9.4,1,3279.58,1016.2,1002.4
2024-07-08T21:00,18.6,0.00,73,13.6,18.8,0.00,0.00,0.00,2,59,51,17,0,6.4,46,52,9.9,10.4,0,0.00,1016.7,1002.8
2024-07-08T22:00,17.5,0.00,75,13.1,18.0,0.00,0.00,0.00,0,1,0,1,0,3.5,79,66,7.7,9.7,0,0.00,1016.9,1002.9
2024-07-08T23:00,16.3,0.00,79,12.6,16.5,0.00,0.00,0.00,0,0,0,0,0,4.2,82,70,8.0,9.4,0,0.00,1016.9,1002.9
2024-07-09T00:00,15.2,0.00,82,12.2,15.2,0.00,0.00,0.00,0,0,0,0,0,4.7,98,90,10.2,10.1,0,0.00,1017.0,1002.9
2024-07-09T01:00,15.1,0.00,79,11.5,14.5,0.00,0.00,0.00,0,5,5,0,0,6.8,117,90,15.0,13.0,0,0.00,1016.9,1002.8
2024-07-09T02:00,16.8,0.00,78,12.9,16.6,0.00,0.00,0.00,3,81,81,0,0,8.0,125,95,19.9,16.2,0,0.00,1016.8,1002.8
2024-07-09T03:00,17.1,0.00,84,14.3,17.3,0.00,0.00,0.00,0,19,19,0,0,7.9,121,93,19.4,15.5,0,0.00,1016.6,1002.6
2024-07-09T04:00,16.8,0.00,88,14.9,17.2,0.00,0.00,0.00,0,0,0,0,0,8.7,118,95,19.7,16.2,0,0.00,1016.6,1002.6
2024-07-09T05:00,16.7,0.00,90,15.0,17.0,0.00,0.00,0.00,2,76,76,0,0,9.8,114,98,20.9,18.7,1,0.00,1016.7,1002.7
2024-07-09T06:00,18.2,0.00,86,15.8,18.7,0.00,0.00,0.00,0,13,13,0,0,9.9,111,100,19.7,18.7,1,3184.64,1016.6,1002.6
2024-07-09T07:00,20.7,0.00,81,17.3,22.0,0.00,0.00,0.00,0,0,0,0,0,8.4,113,110,17.6,18.7,1,3600.00,1016.5,1002.7
2024-07-09T08:00,22.7,0.00,74,17.9,24.5,0.00,0.00,0.00,0,0,0,0,0,7.4,112,113,11.3,17.6,1,3600.00,1016.5,1002.8
2024-07-09T09:00,24.6,0.00,68,18.3,26.4,0.00,0.00,0.00,0,0,0,0,0,8.7,119,120,12.7,21.2,1,3600.00,1016.4,1002.7
2024-07-09T10:00,26.5,0.00,61,18.5,28.9,0.00,0.00,0.00,1,33,33,0,0,8.8,124,125,12.2,21.6,1,3600.00,1016.0,1002.4
2024-07-09T11:00,28.0,0.00,55,18.0,30.9,0.00,0.00,0.00,2,73,73,0,0,8.7,133,132,11.7,21.6,1,3600.00,1015.7,1002.2
2024-07-09T12:00,29.0,0.00,51,17.8,32.2,0.00,0.00,0.00,3,94,94,0,0,8.7,139,138,12.0,22.0,1,3600.00,1015.4,1002.0
2024-07-09T13:00,29.7,0.00,49,17.8,33.0,0.00,0.00,0.00,0,7,1,6,2,8.9,137,137,12.2,22.0,1,3600.00,1015.0,1001.6
2024-07-09T14:00,30.5,0.00,45,17.4,33.6,0.00,0.00,0.00,0,7,5,2,0,7.4,138,137,10.2,20.9,1,3600.00,1014.3,1000.9
2024-07-09T15:00,31.0,0.00,44,17.4,33.9,0.00,0.00,0.00,3,83,82,5,1,6.4,133,128,8.9,19.1,1,3600.00,1013.6,1000.3
2024-07-09T16:00,31.0,0.00,45,17.6,33.0,0.00,0.00,0.00,2,68,64,10,3,8.2,140,139,12.3,19.8,1,3600.00,1013.0,999.7
2024-07-09T17:00,30.4,0.00,46,17.4,31.5,0.00,0.00,0.00,1,31,21,12,0,10.2,143,141,17.5,23.0,1,3600.00,1012.4,999.1
2024-07-09T18:00,29.5,0.00,54,19.3,31.9,0.00,0.00,0.00,0,8,2,7,0,7.7,137,131,16.8,23.8,1,3600.00,1012.4,999.0
2024-07-09T19:00,28.1,0.00,64,20.5,31.3,0.00,0.00,0.00,0,4,0,4,0,6.0,133,123,16.3,16.9,1,3600.00,1012.6,999.2
2024-07-09T20:00,25.8,0.00,66,19.1,28.2,0.00,0.00,0.00,0,19,12,8,0,7.3,130,110,19.2,14.0,1,3246.88,1012.6,999.1
2024-07-09T21:00,24.6,0.00,67,18.0,26.4,0.00,0.00,0.00,2,68,63,14,0,7.4,141,141,22.3,18.4,0,0.00,1012.9,999.3
2024-07-09T22:00,22.5,1.50,79,18.8,25.1,1.50,0.00,0.00,61,100,100,32,0,4.7,248,157,12.4,25.9,0,0.00,1014.8,1001.1
2024-07-09T23:00,21.6,0.00,85,19.0,23.8,0.00,0.00,0.00,1,40,40,0,0,8.4,127,100,10.8,15.5,0,0.00,1013.9,1000.1
2024-07-10T00:00,20.1,0.00,91,18.6,22.7,0.00,0.00,0.00,2,71,71,0,0,4.5,154,104,10.0,15.5,0,0.00,1013.6,999.8
2024-07-10T01:00,19.4,0.00,92,18.1,21.6,0.00,0.00,0.00,0,17,17,0,0,4.9,178,144,11.9,9.7,0,0.00,1013.8,999.9
2024-07-10T02:00,22.0,0.00,74,17.1,23.8,0.00,0.00,0.00,3,93,93,2,0,4.9,283,216,7.8,14.8,0,0.00,1014.1,1000.4
2024-07-10T03:00,20.1,0.00,83,17.2,21.9,0.00,0.00,0.00,3,100,100,41,0,5.4,254,188,6.4,9.0,0,0.00,1014.3,1000.5
2024-07-10T04:00,20.5,0.00,85,17.8,22.1,0.00,0.00,0.00,3,98,96,86,19,8.2,234,218,17.8,17.3,0,0.00,1015.1,1001.3
2024-07-10T05:00,20.2,0.00,87,18.0,22.3,0.00,0.00,0.00,3,100,99,91,0,5.9,207,166,12.1,15.5,1,0.00,1015.1,1001.3
2024-07-10T06:00,20.7,0.00,88,18.5,23.0,0.00,0.00,0.00,2,63,63,5,0,5.8,207,187,13.7,17.3,1,0.00,1015.4,1001.6
2024-07-10T07:00,22.0,0.00,84,19.2,24.6,0.00,0.00,0.00,3,100,100,23,0,5.4,239,217,15.2,15.5,1,3600.00,1016.0,1002.2
2024-07-10T08:00,23.5,0.00,78,19.4,26.2,0.00,0.00,0.00,3,100,100,12,0,5.9,232,223,10.0,14.8,1,3600.00,1015.9,1002.2
2024-07-10T09:00,24.1,0.00,72,18.7,25.6,0.00,0.00,0.00,2,62,52,19,2,11.8,232,230,16.4,27.0,1,3600.00,1016.3,1002.6
2024-07-10T10:00,24.6,0.00,71,19.0,26.3,0.00,0.00,0.00,3,100,100,39,3,12.0,229,229,16.6,29.5,1,3600.00,1016.5,1002.8
2024-07-10T11:00,24.4,0.60,72,18.9,25.7,0.60,0.00,0.00,53,100,100,86,24,13.8,229,229,19.6,34.9,1,3600.00,1016.7,1003.0
2024-07-10T12:00,22.7,0.90,82,19.5,24.2,0.90,0.00,0.00,53,100,100,87,4,14.0,226,226,20.6,31.3,1,0.00,1017.1,1003.4
2024-07-10T13:00,21.6,1.10,91,20.0,23.9,1.10,0.00,0.00,55,100,100,2,0,10.6,211,208,16.3,29.5,1,0.00,1017.0,1003.2
2024-07-10T14:00,23.2,0.00,81,19.8,25.7,0.00,0.00,0.00,3,100,100,7,4,8.1,197,193,11.3,24.8,1,3600.00,1016.7,1003.0
2024-07-10T15:00,24.7,0.10,70,18.8,26.7,0.10,0.00,0.00,51,79,73,15,14,9.5,213,217,12.5,22.3,1,3600.00,1016.2,1002.6
2024-07-10T16:00,25.5,0.10,68,19.2,27.9,0.10,0.00,0.00,51,46,17,8,31,9.1,215,214,12.7,27.4,1,3600.00,1015.9,1002.3
2024-07-10T17:00,25.5,0.10,68,19.1,27.4,0.10,0.00,0.00,51,65,60,9,9,10.1,210,207,13.7,26.3,1,3600.00,1015.9,1002.3
2024-07-10T18:00,23.1,2.90,80,19.5,25.5,2.90,0.00,0.00,63,37,21,11,15,8.4,232,230,12.3,26.6,1,3600.00,1016.4,1002.7
2024-07-10T19:00,20.8,12.60,90,19.0,23.2,12.60,0.00,0.00,65,98,42,44,94,6.5,137,109,8.9,19.1,1,3600.00,1017.3,1003.5
2024-07-10T20:00,20.3,1.70,94,19.3,22.5,1.70,0.00,0.00,61,48,5,43,8,9.3,135,126,13.7,18.0,1,1066.79,1017.3,1003.4
2024-07-10T21:00,19.7,0.20,93,18.6,21.0,0.20,0.00,0.00,51,99,97,90,4,12.5,181,168,22.7,24.5,0,0.00,1017.8,1003.9
2024-07-10T22:00,19.5,0.20,94,18.5,21.3,0.20,0.00,0.00,51,76,45,61,1,9.2,201,191,19.7,24.5,0,0.00,1018.0,1004.1
2024-07-10T23:00,19.1,0.00,95,18.3,21.2,0.00,0.00,0.00,2,64,31,47,2,6.0,220,197,15.1,19.1,0,0.00,1017.8,1003.9
2024-07-11T00:00,18.8,0.00,96,18.1,21.2,0.00,0.00,0.00,2,64,3,60,8,3.8,220,197,11.8,12.2,0,0.00,1017.8,1003.9
2024-07-11T01:00,18.8,0.20,96,18.1,21.0,0.20,0.00,0.00,51,70,28,56,6,5.4,209,188,12.7,14.0,0,0.00,1018.0,1004.1
2024-07-11T02:00,19.1,0.10,94,18.1,20.8,0.10,0.00,0.00,51,37,3,29,8,8.0,178,170,17.7,16.9,0,0.00,1017.2,1003.3
2024-07-11T03:00,18.3,0.00,97,17.9,19.9,0.00,0.00,0.00,3,99,18,25,99,8.4,225,227,15.3,15.5,0,0.00,1017.5,1003.5
2024-07-11T04:00,17.9,0.10,98,17.7,19.7,0.10,0.00,0.00,51,48,0,7,44,6.5,231,214,12.0,18.0,0,0.00,1017.3,1003.3
2024-07-11T05:00,17.6,0.00,99,17.4,19.4,0.00,0.00,0.00,3,91,0,24,89,5.8,201,173,10.8,13.0,1,0.00,1017.7,1003.7
2024-07-11T06:00,17.9,0.00,99,17.7,19.9,0.00,0.00,0.00,3,95,0,33,93,5.4,200,184,8.4,12.2,1,139.94,1018.0,1004.0
2024-07-11T07:00,19.0,0.00,95,18.2,21.2,0.00,0.00,0.00,3,100,0,24,100,5.5,194,191,5.9,14.0,1,2982.37,1018.1,1004.2
2024-07-11T08:00,20.3,0.00,90,18.6,22.5,0.00,0.00,0.00,3,93,0,12,92,6.9,211,208,9.2,17.6,1,3062.66,1018.1,1004.2
2024-07-11T09:00,21.6,0.00,87,19.3,24.2,0.00,0.00,0.00,1,47,1,19,33,5.9,215,218,7.5,22.7,1,3600.00,1018.0,1004.2
2024-07-11T10:00,22.9,0.10,81,19.5,25.5,0.10,0.00,0.00,51,18,2,3,14,6.8,236,238,9.1,22.3,1,3600.00,1018.0,1004.2
2024-07-11T11:00,24.1,0.10,73,19.0,27.5,0.10,0.00,0.00,51,37,2,11,32,6.9,243,242,8.9,23.4,1,3600.00,1017.8,1004.1
2024-07-11T12:00,25.1,0.10,64,17.8,27.5,0.10,0.00,0.00,51,98,1,41,98,7.6,238,239,10.2,22.7,1,3600.00,1017.4,1003.8
2024-07-11T13:00,22.2,2.50,80,18.5,23.3,2.50,0.00,0.00,63,72,34,32,39,13.8,308,311,18.2,31.3,1,3600.00,1017.9,1004.1
2024-07-11T14:00,26.1,0.00,60,17.8,29.2,0.00,0.00,0.00,1,28,9,18,3,5.7,213,215,7.3,19.8,1,3600.00,1016.7,1003.1
2024-07-11T15:00,23.9,0.50,72,18.5,25.7,0.50,0.00,0.00,53,52,5,32,26,11.7,327,326,15.9,28.1,1,3600.00,1016.7,1003.0
2024-07-11T16:00,24.5,0.00,69,18.4,26.7,0.00,0.00,0.00,2,62,51,21,13,5.5,9,11,7.3,27.7,1,3600.00,1016.3,1002.6
2024-07-11T17:00,24.9,0.00,65,17.9,27.1,0.00,0.00,0.00,3,92,89,25,12,4.1,321,322,5.1,14.8,1,3600.00,1016.1,1002.5
2024-07-11T18:00,24.2,0.10,68,17.9,26.5,0.10,0.00,0.00,51,100,100,98,18,4.0,356,355,5.1,13.3,1,3600.00,1015.9,1002.2
2024-07-11T19:00,23.5,0.00,76,19.0,26.5,0.00,0.00,0.00,3,100,100,100,2,2.8,56,50,5.2,9.7,1,0.00,1015.7,1002.0
2024-07-11T20:00,22.5,0.00,80,18.8,25.2,0.00,0.00,0.00,3,100,100,76,2,3.9,86,56,5.8,6.1,1,0.00,1015.7,1002.0
2024-07-11T21:00,21.2,0.00,84,18.3,23.5,0.00,0.00,0.00,3,90,87,19,8,4.9,47,36,6.9,7.2,0,0.00,1015.5,1001.7
2024-07-11T22:00,20.4,0.00,82,17.3,22.2,0.00,0.00,0.00,3,94,93,11,2,5.3,62,62,11.4,9.7,0,0.00,1015.1,1001.3
2024-07-11T23:00,19.5,0.00,86,17.0,21.1,0.00,0.00,0.00,1,38,27,12,5,5.5,71,58,12.2,10.8,0,0.00,1014.6,1000.7
2024-07-12T00:00,18.9,0.00,89,17.1,20.6,0.00,0.00,0.00,3,100,100,31,10,5.4,93,82,14.1,11.5,0,0.00,1014.3,1000.4
2024-07-12T01:00,19.0,0.00,89,17.2,20.7,0.00,0.00,0.00,3,100,100,16,0,5.4,99,82,14.6,11.5,0,0.00,1013.9,1000.0
2024-07-12T02:00,19.6,0.00,86,17.2,21.3,0.00,0.00,0.00,3,100,100,41,37,6.0,113,115,17.6,16.9,0,0.00,1012.6,998.8
2024-07-12T03:00,19.5,0.70,87,17.3,21.0,0.70,0.00,0.00,53,100,100,28,1,7.6,97,71,16.7,13.7,0,0.00,1011.8,998.0
2024-07-12T04:00,19.5,0.00,88,17.5,21.0,0.00,0.00,0.00,3,100,100,19,0,7.6,98,87,19.7,18.4,0,0.00,1011.2,997.4
2024-07-12T05:00,18.8,3.00,95,18.0,21.1,3.00,0.00,0.00,63,100,100,100,97,4.4,203,215,14.0,22.3,1,0.00,1012.6,998.7
2024-07-12T06:00,19.2,0.50,94,18.1,21.2,0.50,0.00,0.00,53,99,99,2,5,6.5,128,109,14.1,17.3,1,0.00,1010.7,996.9
2024-07-12T07:00,20.5,0.00,91,19.1,23.1,0.00,0.00,0.00,3,100,100,5,16,5.8,165,158,10.0,14.0,1,3600.00,1010.6,996.8
2024-07-12T08:00,21.1,0.00,88,19.1,23.5,0.00,0.00,0.00,3,100,100,2,81,6.6,162,158,9.4,16.2,1,0.00,1010.3,996.6
2024-07-12T09:00,22.3,0.00,82,19.2,24.4,0.00,0.00,0.00,3,99,99,0,29,9.1,175,171,12.6,21.2,1,2996.40,1010.2,996.5
2024-07-12T10:00,23.8,0.00,76,19.2,25.4,0.00,0.00,0.00,3,100,100,1,23,12.8,194,191,18.2,33.1,1,3600.00,1009.8,996.2
2024-07-12T11:00,25.0,0.00,67,18.5,26.2,0.00,0.00,0.00,3,100,100,6,9,17.1,214,215,24.4,40.3,1,3600.00,1009.7,996.2
2024-07-12T12:00,25.8,0.00,62,17.9,26.7,0.00,0.00,0.00,3,99,99,8,5,17.7,218,218,25.6,45.4,1,3600.00,1009.3,995.8
2024-07-12T13:00,26.1,0.10,61,18.0,27.0,0.10,0.00,0.00,51,100,100,15,4,18.3,226,225,26.2,46.8,1,3600.00,1009.0,995.5
2024-07-12T14:00,23.5,0.30,72,18.1,24.3,0.30,0.00,0.00,51,100,100,15,9,14.8,230,229,21.5,37.1,1,1979.35,1009.6,996.0
2024-07-12T15:00,24.1,0.00,64,16.9,24.6,0.00,0.00,0.00,3,99,99,48,13,12.8,232,232,18.2,37.4,1,620.32,1009.6,996.0
2024-07-12T16:00,23.7,0.00,63,16.2,23.8,0.00,0.00,0.00,3,100,100,16,13,13.9,239,239,21.0,29.2,1,0.00,1009.7,996.1
2024-07-12T17:00,23.0,0.00,68,16.8,23.6,0.00,0.00,0.00,3,98,98,8,9,12.5,228,226,19.9,29.5,1,0.00,1009.6,996.0
2024-07-12T18:00,22.3,0.30,74,17.4,23.2,0.30,0.00,0.00,51,91,89,13,10,11.7,216,214,18.8,27.0,1,1669.37,1010.0,996.3
2024-07-12T19:00,21.5,0.10,79,17.7,22.9,0.10,0.00,0.00,51,100,100,25,13,8.8,236,235,16.9,24.5,1,2198.83,1010.2,996.5
2024-07-12T20:00,20.6,0.00,76,16.2,21.5,0.00,0.00,0.00,3,100,100,22,14,8.6,261,255,18.6,18.7,1,0.00,1010.5,996.7
2024-07-12T21:00,19.4,0.00,75,14.9,19.5,0.00,0.00,0.00,3,100,100,51,54,10.1,278,272,21.1,20.5,0,0.00,1011.3,997.5
2024-07-12T22:00,17.7,0.00,74,12.9,16.6,0.00,0.00,0.00,3,100,100,60,100,13.8,349,345,23.5,28.1,0,0.00,1012.3,998.4
2024-07-12T23:00,17.3,0.00,73,12.5,16.7,0.00,0.00,0.00,3,100,98,28,99,9.3,329,324,16.8,27.4,0,0.00,1012.8,998.9
2024-07-13T00:00,16.9,0.00,76,12.7,16.7,0.00,0.00,0.00,3,100,24,19,100,7.2,341,333,14.1,19.1,0,0.00,1013.2,999.2
2024-07-13T01:00,16.6,0.00,75,12.1,16.0,0.00,0.00,0.00,0,17,0,11,9,8.5,337,332,16.0,17.3,0,0.00,1013.3,999.3
2024-07-13T02:00,15.6,0.00,83,12.7,15.8,0.00,0.00,0.00,1,29,0,0,29,4.3,343,336,10.9,17.6,0,0.00,1013.5,999.5
2024-07-13T03:00,15.0,0.00,86,12.7,15.3,0.00,0.00,0.00,3,85,0,2,84,4.1,357,345,6.1,9.0,0,0.00,1013.8,999.7
2024-07-13T04:00,15.3,0.00,86,12.9,15.9,0.00,0.00,0.00,1,25,0,0,24,2.2,8,360,5.4,6.5,0,0.00,1013.7,999.7
2024-07-13T05:00,15.2,0.00,83,12.3,15.8,0.00,0.00,0.00,1,30,0,0,30,0.7,270,180,0.7,6.1,1,0.00,1013.9,999.8
2024-07-13T06:00,15.2,0.00,89,13.4,15.5,0.00,0.00,0.00,1,41,0,3,40,5.4,214,200,8.3,11.9,1,2977.63,1014.2,1000.1
2024-07-13T07:00,15.8,0.00,85,13.3,15.8,0.00,0.00,0.00,1,21,0,3,18,7.4,228,227,10.2,17.6,1,3600.00,1014.3,1000.3
2024-07-13T08:00,16.6,0.00,80,13.1,16.4,0.00,0.00,0.00,0,8,0,0,8,7.9,232,231,10.5,20.2,1,3600.00,1014.5,1000.5
2024-07-13T09:00,17.7,0.00,72,12.6,17.1,0.00,0.00,0.00,1,29,0,8,27,9.2,243,244,12.1,23.0,1,3600.00,1014.3,1000.4
2024-07-13T10:00,18.7,0.10,65,11.9,18.0,0.10,0.00,0.00,51,43,0,26,33,10.5,254,254,14.2,25.6,1,3600.00,1014.4,1000.5
2024-07-13T11:00,19.6,0.20,61,11.8,19.1,0.20,0.00,0.00,51,32,0,12,25,10.2,261,262,13.5,25.9,1,3600.00,1014.1,1000.2
2024-07-13T12:00,20.4,0.10,57,11.7,20.3,0.10,0.00,0.00,51,33,0,22,21,10.2,259,260,13.6,25.6,1,3600.00,1013.9,1000.1
2024-07-13T13:00,21.0,0.10,56,11.9,21.1,0.10,0.00,0.00,51,26,1,17,15,10.2,263,262,13.8,26.3,1,3600.00,1013.7,999.9
2024-07-13T14:00,21.2,0.20,52,11.0,20.0,0.20,0.00,0.00,51,28,0,27,2,13.5,261,261,18.6,31.0,1,3600.00,1013.8,1000.0
2024-07-13T15:00,21.1,0.10,53,11.1,20.4,0.10,0.00,0.00,51,13,1,11,1,9.7,272,270,13.3,30.6,1,3600.00,1013.7,999.9
2024-07-13T16:00,21.4,0.00,52,11.2,20.7,0.00,0.00,0.00,0,13,0,13,0,8.7,265,263,11.6,25.2,1,3600.00,1013.6,999.8
2024-07-13T17:00,21.2,0.00,51,10.8,20.1,0.00,0.00,0.00,0,7,0,7,0,9.0,255,254,12.3,22.0,1,3600.00,1013.5,999.7
2024-07-13T18:00,20.9,0.00,52,10.8,20.1,0.00,0.00,0.00,1,46,42,7,2,7.1,249,246,11.2,20.5,1,3600.00,1013.6,999.8
2024-07-13T19:00,20.1,0.00,63,13.0,20.5,0.00,0.00,0.00,3,82,75,25,1,3.8,233,221,9.5,16.2,1,3600.00,1013.5,999.7
2024-07-13T20:00,18.3,0.00,69,12.5,18.3,0.00,0.00,0.00,3,83,80,15,0,5.0,225,210,13.2,9.4,1,3090.00,1013.7,999.8
2024-07-13T21:00,16.9,0.00,71,11.6,16.5,0.00,0.00,0.00,0,11,0,11,0,6.4,239,227,15.5,11.2,0,0.00,1013.9,999.9
2024-07-13T22:00,16.2,0.00,75,11.7,15.8,0.00,0.00,0.00,0,9,0,9,0,6.6,243,221,14.2,11.2,0,0.00,1014.2,1000.2
2024-07-13T23:00,15.4,0.00,79,11.8,15.2,0.00,0.00,0.00,0,7,0,7,0,5.4,228,176,10.7,11.2,0,0.00,1014.5,1000.4
2024-07-14T00:00,15.0,0.00,83,12.0,14.9,0.00,0.00,0.00,1,20,0,20,0,4.5,212,151,8.9,9.4,0,0.00,1014.7,1000.6
2024-07-14T01:00,14.1,0.00,87,11.9,13.9,0.00,0.00,0.00,0,19,0,19,0,5.4,211,143,6.3,8.3,0,0.00,1014.5,1000.4
2024-07-14T02:00,13.7,0.00,88,11.8,13.5,0.00,0.00,0.00,0,4,0,4,0,5.1,185,129,9.0,9.0,0,0.00,1014.1,1000.0
2024-07-14T03:00,13.2,0.00,88,11.2,12.6,0.00,0.00,0.00,0,5,0,5,0,6.3,188,121,8.0,9.4,0,0.00,1014.0,999.8
2024-07-14T04:00,13.2,0.00,87,11.0,12.8,0.00,0.00,0.00,0,13,0,13,0,5.0,184,120,5.8,9.0,0,0.00,1014.1,999.9
2024-07-14T05:00,14.7,0.00,79,11.1,14.4,0.00,0.00,0.00,0,8,0,8,0,4.6,198,162,5.7,9.0,1,0.00,1014.7,1000.6
2024-07-14T06:00,15.1,0.00,84,12.4,15.4,0.00,0.00,0.00,0,5,0,5,0,2.5,330,8,5.8,7.6,1,2921.34,1015.3,1001.2
2024-07-14T07:00,16.7,0.00,80,13.2,17.2,0.00,0.00,0.00,0,3,0,3,0,3.7,101,119,5.9,11.5,1,3600.00,1014.9,1000.9
2024-07-14T08:00,18.4,0.00,76,14.0,19.5,0.00,0.00,0.00,0,0,0,0,0,1.1,288,270,1.1,10.8,1,3600.00,1015.0,1001.1
2024-07-14T09:00,20.0,0.00,68,14.0,20.8,0.00,0.00,0.00,0,10,10,0,0,2.9,186,187,3.6,12.2,1,3600.00,1014.8,1001.0
2024-07-14T10:00,21.2,0.00,62,13.7,22.1,0.00,0.00,0.00,0,13,1,9,3,6.6,220,221,8.4,18.7,1,3600.00,1014.9,1001.1
2024-07-14T11:00,22.0,0.00,57,13.2,22.7,0.00,0.00,0.00,1,25,11,14,3,7.7,231,233,10.2,20.5,1,3600.00,1014.6,1000.9
2024-07-14T12:00,22.7,0.00,53,12.6,23.5,0.00,0.00,0.00,1,39,35,6,1,9.7,241,243,12.7,24.8,1,3600.00,1014.5,1000.8
2024-07-14T13:00,23.4,0.00,49,12.2,24.4,0.00,0.00,0.00,3,100,100,3,0,8.9,241,243,11.9,24.5,1,3600.00,1014.3,1000.6
2024-07-14T14:00,24.1,0.00,42,10.6,24.3,0.00,0.00,0.00,3,100,100,6,1,9.5,231,233,13.0,23.8,1,3600.00,1013.6,1000.0
2024-07-14T15:00,24.1,0.00,43,10.7,23.2,0.00,0.00,0.00,3,100,100,17,0,8.2,231,232,11.5,23.8,1,3600.00,1013.2,999.6
2024-07-14T16:00,23.9,0.00,45,11.3,23.3,0.00,0.00,0.00,3,100,100,100,0,6.6,229,229,10.0,20.2,1,2521.77,1013.5,999.9
2024-07-14T17:00,23.6,0.00,50,12.5,23.7,0.00,0.00,0.00,3,100,100,88,0,4.1,217,218,7.7,15.5,1,0.00,1013.4,999.7
2024-07-14T18:00,22.6,0.00,59,14.1,23.0,0.00,0.00,0.00,3,100,3,100,0,5.8,208,202,13.0,11.9,1,0.00,1013.3,999.6
2024-07-14T19:00,21.9,0.00,64,14.9,22.8,0.00,0.00,0.00,3,100,0,100,0,4.5,220,209,12.8,13.3,1,860.56,1013.3,999.6
2024-07-14T20:00,20.2,0.00,72,15.1,21.1,0.00,0.00,0.00,3,100,0,100,0,5.9,236,227,12.2,9.7,1,0.00,1013.4,999.6
2024-07-14T21:00,19.8,0.00,70,14.2,20.3,0.00,0.00,0.00,3,99,0,99,0,5.5,247,247,14.5,10.1,0,0.00,1013.9,1000.1
2024-07-14T22:00,21.2,0.00,58,12.5,21.7,0.00,0.00,0.00,3,81,0,81,0,1.8,264,127,6.9,10.8,0,0.00,1013.7,999.9
2024-07-14T23:00,18.8,0.00,70,13.3,19.2,0.00,0.00,0.00,3,90,0,90,0,4.2,155,121,5.2,7.2,0,0.00,1014.1,1000.2
2024-07-15T00:00,18.4,0.00,74,13.6,18.8,0.00,0.00,0.00,2,55,0,55,0,4.7,157,113,8.2,9.0,0,0.00,1014.3,1000.4
2024-07-15T01:00,17.5,0.00,74,12.9,17.7,0.00,0.00,0.00,0,0,0,0,0,4.8,184,103,5.4,9.4,0,0.00,1014.0,1000.0
2024-07-15T02:00,17.4,0.00,70,11.9,17.8,0.00,0.00,0.00,0,1,0,1,0,1.1,288,108,1.1,2.5,0,0.00,1014.1,1000.1
2024-07-15T03:00,15.4,0.00,78,11.5,15.3,0.00,0.00,0.00,0,0,0,0,0,3.8,180,107,2.2,5.0,0,0.00,1014.0,999.9
2024-07-15T04:00,13.9,0.00,83,11.1,13.4,0.00,0.00,0.00,0,0,0,0,0,6.0,158,107,5.8,8.3,0,0.00,1014.0,999.9
2024-07-15T05:00,13.6,0.00,85,11.2,13.1,0.00,0.00,0.00,0,0,0,0,0,5.8,135,86,5.6,8.3,1,0.00,1014.0,999.9
2024-07-15T06:00,16.0,0.00,80,12.5,16.1,0.00,0.00,0.00,0,7,7,0,0,4.4,109,81,6.5,7.9,1,2863.28,1014.1,1000.1
2024-07-15T07:00,18.7,0.00,76,14.3,19.5,0.00,0.00,0.00,3,91,91,0,0,3.6,96,84,6.5,9.7,1,3600.00,1013.9,1000.0
2024-07-15T08:00,20.9,0.00,66,14.3,22.0,0.00,0.00,0.00,3,86,86,0,0,2.2,96,99,3.6,9.0,1,3600.00,1013.9,1000.1
2024-07-15T09:00,22.6,0.00,60,14.4,23.7,0.00,0.00,0.00,1,25,25,0,0,2.2,90,90,3.2,10.1,1,3600.00,1013.5,999.8
2024-07-15T10:00,24.2,0.00,54,14.3,25.8,0.00,0.00,0.00,0,0,0,0,0,3.3,103,103,4.8,12.6,1,3600.00,1013.0,999.4
2024-07-15T11:00,25.5,0.00,50,14.4,27.7,0.00,0.00,0.00,0,0,0,0,0,4.4,123,125,6.0,14.8,1,3600.00,1012.4,998.8
2024-07-15T12:00,26.8,0.00,47,14.5,29.4,0.00,0.00,0.00,3,83,83,0,0,4.7,124,122,6.5,15.5,1,3600.00,1012.0,998.5
2024-07-15T13:00,27.8,0.00,46,15.0,30.5,0.00,0.00,0.00,3,92,92,0,0,5.5,123,122,7.3,16.6,1,3600.00,1011.3,997.9
2024-07-15T14:00,29.0,0.00,45,16.0,31.9,0.00,0.00,0.00,3,100,100,0,0,5.9,126,128,8.0,16.6,1,3600.00,1010.5,997.1
2024-07-15T15:00,29.6,0.00,45,16.5,31.9,0.00,0.00,0.00,3,100,100,1,1,6.4,130,128,8.9,16.6,1,3600.00,1010.1,996.8
2024-07-15T16:00,29.6,0.00,47,17.0,30.9,0.00,0.00,0.00,3,100,100,1,0,7.5,128,125,12.3,18.4,1,3600.00,1009.2,995.9
2024-07-15T17:00,29.3,0.00,49,17.5,30.7,0.00,0.00,0.00,3,97,97,6,0,9.2,150,149,16.6,20.9,1,3600.00,1008.6,995.3
2024-07-15T18:00,27.6,0.00,63,19.9,30.2,0.00,0.00,0.00,2,70,70,1,0,7.8,167,167,15.9,22.0,1,3600.00,1008.5,995.1
2024-07-15T19:00,26.3,0.00,70,20.4,29.5,0.00,0.00,0.00,3,100,100,48,0,6.3,160,156,16.1,17.3,1,3600.00,1008.7,995.2
2024-07-15T20:00,24.7,0.00,75,20.0,27.7,0.00,0.00,0.00,3,100,100,100,0,5.6,167,140,15.5,13.7,1,0.00,1008.7,995.2
2024-07-15T21:00,23.2,4.30,79,19.5,25.5,4.30,0.00,0.00,63,100,100,47,10,8.9,232,227,19.7,18.7,0,0.00,1010.1,996.5
2024-07-15T22:00,21.6,4.00,88,19.5,24.6,4.00,0.00,0.00,63,100,100,80,0,3.9,353,68,2.9,23.8,0,0.00,1010.3,996.6
2024-07-15T23:00,20.9,0.00,92,19.6,23.3,0.00,0.00,0.00,3,100,100,91,1,8.0,181,144,14.0,15.1,0,0.00,1011.0,997.3
2024-07-16T00:00,20.9,0.00,91,19.4,23.2,0.00,0.00,0.00,3,100,100,1,10,8.7,178,150,17.3,17.6,0,0.00,1011.3,997.5
2024-07-16T01:00,20.6,0.00,93,19.4,22.7,0.00,0.00,0.00,3,100,100,1,13,9.7,200,184,21.1,20.2,0,0.00,1011.4,997.6
2024-07-16T02:00,19.3,0.00,93,18.1,20.8,0.00,0.00,0.00,2,71,63,10,14,9.8,222,216,22.2,23.4,0,0.00,1012.0,998.2
2024-07-16T03:00,19.4,0.00,94,18.4,20.9,0.00,0.00,0.00,3,95,95,2,3,10.7,209,200,22.6,22.3,0,0.00,1012.1,998.3
2024-07-16T04:00,19.2,0.00,95,18.4,20.7,0.00,0.00,0.00,3,100,100,0,8,11.3,215,207,23.0,23.0,0,0.00,1012.6,998.8
2024-07-16T05:00,19.2,0.00,94,18.2,20.1,0.00,0.00,0.00,0,9,0,0,8,14.3,227,223,26.7,29.2,1,0.00,1013.0,999.1
2024-07-16T06:00,19.3,0.00,91,17.8,20.0,0.00,0.00,0.00,0,18,5,3,14,14.5,232,228,25.6,29.5,1,2311.32,1013.6,999.7
2024-07-16T07:00,19.6,0.00,87,17.4,20.2,0.00,0.00,0.00,0,7,0,0,7,13.9,236,233,22.1,31.0,1,3600.00,1014.2,1000.3
2024-07-16T08:00,20.1,0.00,80,16.5,20.3,0.00,0.00,0.00,0,2,0,0,2,14.2,247,246,20.7,31.3,1,3600.00,1014.5,1000.7
2024-07-16T09:00,21.0,0.00,73,15.9,20.9,0.00,0.00,0.00,2,56,0,52,8,14.3,243,242,20.3,32.4,1,3600.00,1014.7,1000.9
2024-07-16T10:00,21.8,0.00,67,15.4,21.7,0.00,0.00,0.00,0,19,0,18,2,14.4,234,233,20.6,43.9,1,3600.00,1014.5,1000.7
2024-07-16T11:00,22.6,0.00,62,15.0,22.8,0.00,0.00,0.00,1,23,0,13,13,17.1,235,235,23.8,45.4,1,3600.00,1014.2,1000.5
2024-07-16T12:00,22.9,0.20,61,14.9,22.4,0.20,0.00,0.00,51,22,0,15,13,20.5,239,239,28.9,44.6,1,3600.00,1014.3,1000.6
2024-07-16T13:00,23.5,0.10,58,14.8,23.1,0.10,0.00,0.00,51,18,0,12,8,20.3,241,240,28.8,43.9,1,3600.00,1014.2,1000.5
2024-07-16T14:00,23.3,0.00,54,13.5,22.9,0.00,0.00,0.00,0,9,0,9,4,18.1,235,235,25.9,40.7,1,3600.00,1015.0,1001.3
2024-07-16T15:00,23.7,0.10,51,12.8,22.7,0.10,0.00,0.00,51,23,0,22,6,19.0,241,241,27.2,40.3,1,3600.00,1014.9,1001.2
2024-07-16T16:00,23.5,0.10,50,12.5,21.6,0.10,0.00,0.00,51,40,0,29,25,19.3,241,241,28.5,41.4,1,3600.00,1014.9,1001.2
2024-07-16T17:00,22.5,0.20,58,14.0,21.1,0.20,0.00,0.00,51,28,0,15,20,18.5,250,249,28.0,42.5,1,3600.00,1015.3,1001.6
2024-07-16T18:00,22.5,0.00,58,13.8,21.6,0.00,0.00,0.00,0,10,0,6,5,14.4,249,248,23.5,37.8,1,3600.00,1015.7,1002.0
2024-07-16T19:00,21.7,0.00,61,13.9,21.1,0.00,0.00,0.00,0,8,0,5,6,12.2,245,242,22.7,30.2,1,3600.00,1016.3,1002.5
2024-07-16T20:00,20.3,0.00,65,13.6,20.1,0.00,0.00,0.00,0,7,0,1,6,9.7,237,231,21.6,25.6,1,2945.75,1016.9,1003.0
2024-07-16T21:00,19.3,0.00,68,13.2,18.7,0.00,0.00,0.00,0,9,0,2,8,11.0,237,232,24.5,22.3,0,0.00,1017.8,1003.9
2024-07-16T22:00,18.4,0.00,72,13.3,18.2,0.00,0.00,0.00,0,4,0,1,4,8.4,244,239,21.3,22.3,0,0.00,1018.0,1004.0
2024-07-16T23:00,17.3,0.00,78,13.5,17.4,0.00,0.00,0.00,0,9,4,2,4,6.7,244,234,18.8,17.6,0,0.00,1018.3,1004.3
2024-07-17T00:00,16.7,0.00,82,13.5,16.9,0.00,0.00,0.00,3,99,99,1,2,6.4,242,232,18.7,14.0,0,0.00,1018.6,1004.5
2024-07-17T01:00,16.1,0.00,85,13.5,16.5,0.00,0.00,0.00,3,100,100,0,8,5.3,237,208,15.4,13.7,0,0.00,1018.9,1004.8
2024-07-17T02:00,15.9,0.00,87,13.7,16.3,0.00,0.00,0.00,3,100,100,5,9,5.4,237,200,15.1,13.0,0,0.00,1018.7,1004.6
2024-07-17T03:00,16.3,0.00,85,13.7,16.8,0.00,0.00,0.00,3,99,98,9,23,5.0,223,180,12.7,11.9,0,0.00,1018.9,1004.8
2024-07-17T04:00,16.2,0.00,85,13.7,16.6,0.00,0.00,0.00,3,94,91,17,26,5.4,214,172,11.7,11.2,0,0.00,1019.5,1005.4
2024-07-17T05:00,15.9,0.00,87,13.7,16.3,0.00,0.00,0.00,3,97,96,75,20,5.4,215,180,11.9,10.8,1,0.00,1020.0,1005.9
2024-07-17T06:00,16.6,0.00,86,14.2,17.0,0.00,0.00,0.00,1,25,7,9,18,6.2,211,173,11.3,11.9,1,0.00,1020.3,1006.2
2024-07-17T07:00,17.8,0.00,82,14.7,18.5,0.00,0.00,0.00,1,27,6,15,21,6.1,201,183,10.0,14.8,1,3600.00,1020.9,1006.9
2024-07-17T08:00,19.2,0.00,76,14.8,19.7,0.00,0.00,0.00,0,16,0,4,16,7.1,214,210,9.6,18.4,1,3600.00,1021.3,1007.3
2024-07-17T09:00,20.4,0.10,70,14.6,20.6,0.10,0.00,0.00,51,26,0,22,9,8.7,241,240,11.9,21.6,1,3600.00,1021.2,1007.3
2024-07-17T10:00,21.2,0.10,63,14.0,21.1,0.10,0.00,0.00,51,51,34,14,17,10.7,257,256,14.4,25.9,1,3600.00,1021.2,1007.3
2024-07-17T11:00,22.5,0.10,58,13.8,23.0,0.10,0.00,0.00,51,53,1,14,47,11.7,259,261,15.7,27.4,1,3600.00,1021.3,1007.5
2024-07-17T12:00,23.1,0.00,54,13.4,23.3,0.00,0.00,0.00,3,89,0,17,89,11.3,262,263,15.3,27.7,1,3600.00,1021.3,1007.5
2024-07-17T13:00,23.5,0.00,54,13.6,23.2,0.00,0.00,0.00,2,62,0,30,60,10.1,266,268,14.1,27.0,1,3600.00,1021.2,1007.4
2024-07-17T14:00,23.7,0.00,53,13.6,25.0,0.00,0.00,0.00,0,17,0,17,3,6.4,285,286,8.6,22.7,1,3600.00,1021.3,1007.5
2024-07-17T15:00,24.4,0.00,51,13.5,25.4,0.00,0.00,0.00,1,20,0,18,2,5.0,298,300,6.9,18.0,1,3600.00,1021.1,1007.4
2024-07-17T16:00,24.7,0.00,49,13.4,25.1,0.00,0.00,0.00,2,51,0,23,44,5.9,307,308,7.7,15.8,1,3600.00,1021.0,1007.3
2024-07-17T17:00,24.7,0.00,50,13.5,24.9,0.00,0.00,0.00,2,60,0,58,37,5.9,317,317,7.9,15.5,1,3600.00,1020.8,1007.1
2024-07-17T18:00,23.7,0.00,55,14.2,24.1,0.00,0.00,0.00,0,12,0,12,1,6.9,351,351,11.3,15.8,1,3600.00,1021.0,1007.2
2024-07-17T19:00,22.4,0.00,64,15.3,23.0,0.00,0.00,0.00,0,13,0,13,0,8.2,19,15,16.7,17.3,1,3600.00,1021.2,1007.4
2024-07-17T20:00,20.5,0.00,70,14.9,21.2,0.00,0.00,0.00,0,4,0,4,0,6.3,27,31,15.3,16.6,1,2892.93,1021.5,1007.6
2024-07-17T21:00,19.1,0.00,73,14.2,19.4,0.00,0.00,0.00,0,1,0,1,0,6.9,30,43,15.8,12.6,0,0.00,1021.9,1007.9
2024-07-17T22:00,18.7,0.00,73,13.8,18.7,0.00,0.00,0.00,0,4,4,0,0,8.3,47,56,18.6,15.5,0,0.00,1022.2,1008.2
2024-07-17T23:00,17.9,0.00,75,13.5,17.9,0.00,0.00,0.00,2,69,69,0,0,7.6,54,65,18.6,15.5,0,0.00,1022.2,1008.2
2024-07-18T00:00,17.3,0.00,77,13.3,17.3,0.00,0.00,0.00,2,77,77,0,0,7.3,65,70,18.2,14.8,0,0.00,1022.3,1008.2
2024-07-18T01:00,16.4,0.00,81,13.2,16.5,0.00,0.00,0.00,1,27,27,0,0,5.8,84,86,15.9,14.0,0,0.00,1022.3,1008.2
2024-07-18T02:00,17.7,0.00,78,13.8,17.7,0.00,0.00,0.00,3,97,97,0,0,8.7,84,83,22.5,19.4,0,0.00,1022.0,1008.0
2024-07-18T03:00,16.9,0.00,82,13.9,17.2,0.00,0.00,0.00,3,91,91,0,0,6.5,90,90,19.4,17.3,0,0.00,1021.7,1007.6
2024-07-18T04:00,16.2,0.00,85,13.8,16.6,0.00,0.00,0.00,1,31,31,0,0,5.8,88,83,18.4,13.3,0,0.00,1021.8,1007.7
2024-07-18T05:00,15.5,0.00,88,13.6,15.9,0.00,0.00,0.00,0,0,0,0,0,5.4,90,82,16.2,11.9,1,0.00,1022.0,1007.8
2024-07-18T06:00,17.3,0.00,84,14.7,18.2,0.00,0.00,0.00,3,100,100,0,0,4.3,84,66,13.8,10.8,1,2679.48,1022.3,1008.2
2024-07-18T07:00,19.3,0.00,80,15.8,21.0,0.00,0.00,0.00,3,99,99,0,0,2.2,75,360,8.2,10.4,1,3600.00,1022.4,1008.4
2024-07-18T08:00,21.2,0.00,73,16.1,23.0,0.00,0.00,0.00,3,100,100,0,0,2.1,56,31,3.9,9.0,1,3600.00,1022.4,1008.5
2024-07-18T09:00,23.0,0.00,67,16.5,24.5,0.00,0.00,0.00,3,100,100,0,0,4.8,81,77,6.9,14.4,1,3600.00,1022.3,1008.5
2024-07-18T10:00,24.4,0.00,58,15.6,25.6,0.00,0.00,0.00,3,100,100,0,0,6.1,95,93,8.7,16.9,1,3600.00,1022.0,1008.3
2024-07-18T11:00,25.4,0.00,52,14.8,26.7,0.00,0.00,0.00,3,100,100,0,0,5.8,95,94,8.0,16.9,1,3600.00,1021.8,1008.1
2024-07-18T12:00,26.3,0.00,48,14.5,28.0,0.00,0.00,0.00,3,96,95,12,1,5.8,90,90,7.9,16.6,1,3600.00,1021.5,1007.9
2024-07-18T13:00,27.1,0.00,45,14.1,29.3,0.00,0.00,0.00,2,65,52,24,3,5.4,96,98,7.2,16.6,1,3600.00,1021.3,1007.7
2024-07-18T14:00,27.2,0.00,45,14.1,28.3,0.00,0.00,0.00,3,100,100,27,5,6.1,90,90,8.3,16.9,1,3600.00,1021.0,1007.4
2024-07-18T15:00,27.4,0.00,43,13.8,27.8,0.00,0.00,0.00,3,98,96,46,0,5.4,96,94,7.2,16.2,1,3600.00,1020.7,1007.1
2024-07-18T16:00,27.7,0.00,42,13.5,28.2,0.00,0.00,0.00,3,97,65,91,0,4.6,107,108,6.0,14.0,1,3600.00,1020.3,1006.7
2024-07-18T17:00,27.7,0.00,42,13.8,28.4,0.00,0.00,0.00,3,86,21,82,0,3.3,99,96,4.4,12.2,1,3600.00,1020.0,1006.4
2024-07-18T18:00,27.9,0.00,43,14.1,28.7,0.00,0.00,0.00,3,86,86,1,0,3.7,42,29,4.3,8.3,1,3600.00,1019.9,1006.4
2024-07-18T19:00,25.3,0.00,62,17.4,27.1,0.00,0.00,0.00,0,4,3,2,0,5.5,24,11,13.0,10.1,1,3600.00,1020.0,1006.3
2024-07-18T20:00,23.0,0.00,61,15.2,23.5,0.00,0.00,0.00,0,4,2,2,0,8.4,51,40,21.3,16.6,1,2837.84,1020.2,1006.4
2024-07-18T21:00,21.9,0.00,58,13.3,21.6,0.00,0.00,0.00,0,0,0,0,0,8.9,61,58,22.2,17.6,0,0.00,1020.2,1006.4
2024-07-18T22:00,20.7,0.00,62,13.2,20.5,0.00,0.00,0.00,0,6,1,5,0,8.5,63,62,22.2,17.3,0,0.00,1020.3,1006.4
2024-07-18T23:00,20.5,0.00,62,12.8,20.1,0.00,0.00,0.00,3,94,91,29,0,8.7,67,66,23.1,17.3,0,0.00,1020.3,1006.4
2024-07-19T00:00,19.8,0.00,65,13.0,19.8,0.00,0.00,0.00,2,76,8,74,0,6.4,69,63,20.1,16.9,0,0.00,1020.3,1006.4
2024-07-19T01:00,18.8,0.00,72,13.7,18.9,0.00,0.00,0.00,3,82,6,81,0,7.4,68,61,16.6,13.0,0,0.00,1020.3,1006.3
2024-07-19T02:00,18.1,0.00,76,13.7,18.0,0.00,0.00,0.00,2,66,66,2,0,8.6,72,68,16.6,17.3,0,0.00,1020.1,1006.1
2024-07-19T03:00,20.5,0.00,61,12.8,20.7,0.00,0.00,0.00,1,37,23,27,2,4.5,79,61,9.5,13.7,0,0.00,1019.8,1005.9
2024-07-19T04:00,17.3,0.00,78,13.5,17.7,0.00,0.00,0.00,3,98,97,11,0,4.6,82,51,7.6,8.3,0,0.00,1019.8,1005.8
2024-07-19T05:00,16.7,0.00,82,13.6,17.1,0.00,0.00,0.00,3,99,99,3,0,4.7,79,58,9.5,9.0,1,0.00,1019.9,1005.8
2024-07-19T06:00,18.3,0.00,81,15.0,19.3,0.00,0.00,0.00,3,100,100,0,0,4.3,84,66,9.8,8.6,1,2085.22,1019.9,1005.9
2024-07-19T07:00,20.5,0.00,76,16.1,22.1,0.00,0.00,0.00,3,100,100,5,2,3.1,92,69,10.4,10.1,1,3600.00,1019.8,1005.9
2024-07-19T08:00,22.5,0.00,70,16.8,24.3,0.00,0.00,0.00,3,100,100,16,7,4.0,77,63,6.6,11.5,1,3600.00,1019.5,1005.7
2024-07-19T09:00,24.2,0.00,67,17.7,26.3,0.00,0.00,0.00,3,100,99,27,9,4.3,69,66,6.2,13.3,1,3600.00,1019.2,1005.5
2024-07-19T10:00,25.9,0.00,63,18.3,28.7,0.00,0.00,0.00,2,72,60,23,18,3.1,66,54,4.3,13.3,1,3600.00,1018.9,1005.3
2024-07-19T11:00,27.4,0.00,57,18.0,30.8,0.00,0.00,0.00,1,31,1,21,17,3.2,77,63,4.8,12.6,1,3600.00,1018.4,1004.8
2024-07-19T12:00,28.3,0.00,53,17.8,31.7,0.00,0.00,0.00,0,15,0,15,0,3.9,110,112,5.4,13.3,1,3600.00,1017.9,1004.4
2024-07-19T13:00,29.3,0.00,50,17.8,33.5,0.00,0.00,0.00,0,12,0,10,4,2.7,149,157,4.2,14.0,1,3600.00,1017.4,1003.9
2024-07-19T14:00,29.8,0.00,47,17.3,33.3,0.00,0.00,0.00,0,19,0,16,4,2.5,167,180,3.3,13.3,1,3600.00,1016.7,1003.3
2024-07-19T15:00,30.0,0.00,45,16.9,33.0,0.00,0.00,0.00,1,35,1,31,5,1.8,164,169,2.6,10.8,1,3600.00,1016.3,1002.9
2024-07-19T16:00,29.5,0.00,47,17.1,31.5,0.00,0.00,0.00,1,43,7,38,21,4.0,152,153,5.3,12.2,1,3600.00,1015.9,1002.5
2024-07-19T17:00,29.0,0.00,50,17.5,31.1,0.00,0.00,0.00,0,15,7,7,2,4.2,122,121,5.5,12.6,1,3600.00,1015.6,1002.2
2024-07-19T18:00,28.0,0.00,70,22.0,32.6,0.00,0.00,0.00,1,31,16,16,6,2.1,122,121,3.4,10.8,1,3600.00,1015.6,1002.1
2024-07-19T19:00,26.7,0.00,79,22.7,31.5,0.00,0.00,0.00,0,14,2,12,0,3.4,167,148,3.3,6.1,1,3600.00,1015.2,1001.7
2024-07-19T20:00,25.0,0.00,71,19.3,27.4,0.00,0.00,0.00,0,15,2,10,7,7.1,159,156,15.4,11.9,1,2780.54,1015.4,1001.8
2024-07-19T21:00,22.9,0.00,77,18.6,25.2,0.00,0.00,0.00,0,17,16,1,1,6.0,158,147,15.2,16.2,0,0.00,1015.6,1001.9
2024-07-19T22:00,20.6,0.00,87,18.4,22.9,0.00,0.00,0.00,0,1,0,0,0,5.6,151,105,9.0,11.5,0,0.00,1015.4,1001.6
2024-07-19T23:00,20.5,0.00,86,18.1,22.6,0.00,0.00,0.00,0,1,0,0,1,6.1,128,93,11.8,10.8,0,0.00,1015.3,1001.5
2024-07-20T00:00,20.1,0.00,87,17.9,22.1,0.00,0.00,0.00,0,0,0,0,0,5.8,115,94,12.7,12.2,0,0.00,1014.8,1001.0
2024-07-20T01:00,19.6,0.00,89,17.8,21.6,0.00,0.00,0.00,0,2,1,0,0,5.8,110,90,11.5,11.2,0,0.00,1014.1,1000.3
2024-07-20T02:00,19.8,0.00,86,17.4,21.8,0.00,0.00,0.00,0,1,0,1,0,4.7,84,94,10.1,12.6,0,0.00,1013.4,999.6
2024-07-20T03:00,18.6,0.00,91,17.2,20.3,0.00,0.00,0.00,0,5,0,1,4,6.0,115,115,8.4,8.6,0,0.00,1013.3,999.4
2024-07-20T04:00,18.7,0.00,90,17.1,20.6,0.00,0.00,0.00,0,0,0,0,0,4.6,121,108,11.3,8.3,0,0.00,1013.1,999.2
2024-07-20T05:00,18.1,0.00,92,16.9,19.9,0.00,0.00,0.00,0,0,0,0,0,4.0,118,100,11.4,8.6,1,0.00,1013.0,999.1
2024-07-20T06:00,19.5,0.00,89,17.6,21.3,0.00,0.00,0.00,0,0,0,0,0,6.1,113,90,11.0,10.8,1,2549.99,1012.8,999.0
2024-07-20T07:00,21.7,0.00,82,18.5,24.2,0.00,0.00,0.00,0,0,0,0,0,4.6,111,108,10.8,11.5,1,3600.00,1012.4,998.7
2024-07-20T08:00,23.6,0.00,74,18.7,26.0,0.00,0.00,0.00,0,2,0,2,0,6.1,132,135,8.7,15.5,1,3600.00,1012.3,998.7
2024-07-20T09:00,25.0,0.00,72,19.6,27.9,0.00,0.00,0.00,0,0,0,0,0,5.2,151,155,6.6,16.6,1,3600.00,1012.1,998.5
2024-07-20T10:00,26.4,0.00,69,20.2,30.2,0.00,0.00,0.00,0,0,0,0,0,4.4,188,189,5.4,15.1,1,3600.00,1011.9,998.4
2024-07-20T11:00,27.6,0.00,64,20.2,32.2,0.00,0.00,0.00,0,1,1,0,0,4.2,208,211,5.3,16.6,1,3600.00,1011.4,998.0
2024-07-20T12:00,28.6,0.00,57,19.3,33.2,0.00,0.00,0.00,0,9,6,3,2,4.1,214,218,5.2,16.9,1,3600.00,1010.7,997.3
2024-07-20T13:00,29.4,0.00,51,18.2,33.4,0.00,0.00,0.00,0,16,5,12,0,4.4,212,215,5.5,16.2,1,3600.00,1010.1,996.7
2024-07-20T14:00,29.9,0.00,48,17.6,33.4,0.00,0.00,0.00,0,19,5,14,0,3.2,241,243,3.7,15.1,1,3600.00,1009.5,996.2
2024-07-20T15:00,30.3,0.00,46,17.4,33.8,0.00,0.00,0.00,0,6,3,3,0,1.9,239,248,2.1,12.2,1,3600.00,1008.8,995.5
2024-07-20T16:00,30.4,0.00,44,16.9,33.1,0.00,0.00,0.00,0,16,9,8,0,1.3,243,236,1.6,10.1,1,3600.00,1008.3,995.0
2024-07-20T17:00,30.4,0.00,44,16.8,32.5,0.00,0.00,0.00,1,45,42,6,0,1.3,191,214,1.8,8.6,1,3600.00,1007.9,994.6
2024-07-20T18:00,29.8,0.00,45,16.5,31.9,0.00,0.00,0.00,1,42,37,8,0,0.8,225,243,1.0,6.8,1,3600.00,1007.6,994.3
2024-07-20T19:00,28.9,0.00,48,17.0,31.1,0.00,0.00,0.00,3,100,100,6,0,1.5,231,225,2.3,5.0,1,3600.00,1007.4,994.1
2024-07-20T20:00,26.3,0.00,65,19.1,29.3,0.00,0.00,0.00,3,86,86,2,0,2.6,360,56,0.4,2.9,1,1063.01,1007.4,993.9
2024-07-20T21:00,23.9,0.00,70,18.2,26.0,0.00,0.00,0.00,0,10,0,2,8,5.5,82,79,7.6,9.0,0,0.00,1007.6,994.0
2024-07-20T22:00,22.8,0.00,73,17.8,24.7,0.00,0.00,0.00,0,2,1,1,0,6.5,105,93,14.9,11.9,0,0.00,1007.6,994.0
2024-07-20T23:00,22.3,0.00,74,17.5,23.7,0.00,0.00,0.00,1,44,44,0,0,9.1,112,97,19.4,16.6,0,0.00,1007.5,993.9
2024-07-21T00:00,22.3,0.00,74,17.4,23.3,0.00,0.00,0.00,1,30,30,0,0,11.0,115,101,24.3,21.6,0,0.00,1007.2,993.6
2024-07-21T01:00,21.9,0.00,76,17.6,23.2,0.00,0.00,0.00,0,0,0,0,0,9.9,117,100,22.5,21.2,0,0.00,1006.9,993.3
2024-07-21T02:00,21.3,0.00,83,18.3,23.0,0.00,0.00,0.00,3,97,97,0,0,9.6,111,103,22.8,20.2,0,0.00,1006.6,992.9
2024-07-21T03:00,21.5,0.00,81,18.0,22.9,0.00,0.00,0.00,3,95,95,3,0,10.0,110,103,22.7,19.8,0,0.00,1006.4,992.7
2024-07-21T04:00,20.7,0.00,84,18.0,22.8,0.00,0.00,0.00,3,100,100,68,0,5.4,137,143,15.8,19.4,0,0.00,1006.8,993.1
2024-07-21T05:00,20.9,0.50,75,16.2,22.8,0.50,0.00,0.00,53,97,95,55,5,1.4,176,180,5.1,11.2,1,0.00,1007.6,993.9
2024-07-21T06:00,20.9,0.00,84,18.1,23.5,0.00,0.00,0.00,3,91,73,74,0,2.2,265,171,7.6,6.5,1,0.00,1007.8,994.1
2024-07-21T07:00,22.1,0.00,81,18.7,25.2,0.00,0.00,0.00,3,100,100,93,0,0.8,319,117,6.6,6.1,1,50.60,1008.1,994.4
2024-07-21T08:00,23.2,0.00,77,18.9,25.6,0.00,0.00,0.00,3,100,57,100,0,6.4,200,196,8.4,14.4,1,3380.58,1008.4,994.8
2024-07-21T09:00,23.4,0.00,76,18.9,25.7,0.00,0.00,0.00,3,100,1,100,0,7.2,198,198,9.4,19.4,1,912.28,1008.2,994.6
2024-07-21T10:00,24.6,0.00,71,19.1,26.8,0.00,0.00,0.00,1,37,0,37,0,8.2,222,221,10.7,20.9,1,3600.00,1008.5,995.0
2024-07-21T11:00,26.0,0.00,66,19.1,28.7,0.00,0.00,0.00,3,88,84,27,0,8.1,237,238,10.7,21.2,1,3600.00,1008.5,995.0
2024-07-21T12:00,27.1,0.00,62,19.1,30.4,0.00,0.00,0.00,3,83,83,0,0,10.3,244,245,14.0,25.9,1,3600.00,1008.4,995.0
2024-07-21T13:00,27.4,0.00,60,18.9,29.9,0.00,0.00,0.00,2,65,62,3,6,12.9,243,243,17.7,31.3,1,3600.00,1008.3,994.9
2024-07-21T14:00,26.4,1.30,68,20.0,29.3,1.30,0.00,0.00,61,66,51,25,10,13.8,261,263,19.3,37.8,1,3600.00,1009.0,995.5
2024-07-21T15:00,26.7,0.10,68,20.3,29.0,0.10,0.00,0.00,51,66,54,17,10,12.7,284,285,17.8,32.0,1,3600.00,1009.0,995.5
2024-07-21T16:00,27.1,0.00,63,19.4,29.0,0.00,0.00,0.00,2,59,52,11,8,12.2,289,289,16.7,31.3,1,3600.00,1009.1,995.7
2024-07-21T17:00,26.5,0.00,60,18.1,27.8,0.00,0.00,0.00,2,68,41,40,16,11.6,286,286,16.5,27.4,1,3600.00,1009.4,995.9
2024-07-21T18:00,26.2,0.00,58,17.3,27.4,0.00,0.00,0.00,2,58,26,38,11,9.5,263,259,15.6,25.6,1,3600.00,1009.7,996.2
2024-07-21T19:00,25.4,0.00,65,18.3,27.5,0.00,0.00,0.00,1,38,7,34,1,6.3,246,239,14.2,21.6,1,3600.00,1010.2,996.7
2024-07-21T20:00,24.1,0.10,66,17.3,25.5,0.10,0.00,0.00,51,43,0,27,27,7.7,244,242,18.4,15.1,1,2085.30,1010.7,997.1
2024-07-21T21:00,22.9,0.00,72,17.5,23.9,0.00,0.00,0.00,2,52,0,43,20,11.1,255,257,22.7,20.2,0,0.00,1011.6,997.9
2024-07-21T22:00,21.5,0.10,81,18.1,23.4,0.10,0.00,0.00,51,39,0,38,7,6.8,279,273,15.3,27.7,0,0.00,1012.0,998.3
2024-07-21T23:00,20.4,0.10,88,18.3,22.8,0.10,0.00,0.00,51,55,0,48,24,4.3,239,228,12.6,13.3,0,0.00,1012.7,998.9
2024-07-22T00:00,20.2,0.30,89,18.4,22.1,0.30,0.00,0.00,51,100,0,87,100,8.0,258,260,16.9,16.2,0,0.00,1013.4,999.6
2024-07-22T01:00,20.0,0.10,91,18.5,22.5,0.10,0.00,0.00,51,90,85,28,4,4.3,230,204,10.7,15.8,0,0.00,1013.4,999.6
2024-07-22T02:00,20.2,0.00,93,18.9,22.7,0.00,0.00,0.00,1,34,17,13,8,5.2,252,245,14.3,18.0,0,0.00,1013.5,999.7
2024-07-22T03:00,19.7,0.00,92,18.4,22.0,0.00,0.00,0.00,2,52,23,32,15,5.7,318,305,15.0,11.5,0,0.00,1013.6,999.8
2024-07-22T04:00,19.4,0.00,90,17.7,21.4,0.00,0.00,0.00,3,100,22,63,100,5.6,318,297,14.5,11.9,0,0.00,1014.1,1000.2
2024-07-22T05:00,19.7,0.00,89,17.8,21.7,0.00,0.00,0.00,3,100,98,89,100,5.5,311,293,12.5,13.0,1,0.00,1014.8,1000.9
2024-07-22T06:00,19.8,0.80,91,18.2,21.8,0.80,0.00,0.00,53,100,93,100,100,6.8,287,273,12.1,14.0,1,0.00,1015.3,1001.4
2024-07-22T07:00,19.9,0.50,93,18.6,22.0,0.50,0.00,0.00,53,100,0,86,100,7.4,297,293,12.6,16.6,1,0.00,1015.9,1002.0
2024-07-22T08:00,20.5,0.30,88,18.5,22.3,0.30,0.00,0.00,51,100,0,54,100,8.8,308,305,12.3,21.2,1,0.00,1016.4,1002.6
2024-07-22T09:00,21.3,0.20,82,18.1,22.6,0.20,0.00,0.00,51,100,0,11,100,11.2,313,312,14.8,28.1,1,2898.44,1016.7,1002.9
2024-07-22T10:00,21.5,0.20,78,17.6,22.7,0.20,0.00,0.00,51,99,0,15,99,10.9,314,314,14.5,28.4,1,0.00,1017.0,1003.2
2024-07-22T11:00,22.3,0.30,75,17.5,23.7,0.30,0.00,0.00,51,25,0,15,16,8.4,299,301,11.1,28.1,1,3600.00,1017.4,1003.6
2024-07-22T12:00,23.6,0.50,68,17.4,25.4,0.50,0.00,0.00,53,31,0,20,21,10.2,280,280,13.9,25.2,1,3600.00,1017.4,1003.7
2024-07-22T13:00,24.3,0.40,65,17.2,26.2,0.40,0.00,0.00,51,36,15,16,14,11.3,278,279,15.3,27.7,1,3600.00,1017.1,1003.4
2024-07-22T14:00,25.8,0.00,54,15.8,27.1,0.00,0.00,0.00,2,66,64,0,4,13.6,254,253,18.3,31.3,1,3600.00,1017.4,1003.8
2024-07-22T15:00,25.8,0.00,52,15.3,26.5,0.00,0.00,0.00,2,76,74,5,7,13.8,256,255,19.3,32.4,1,3600.00,1017.5,1003.9
2024-07-22T16:00,25.4,0.00,51,14.6,25.2,0.00,0.00,0.00,3,95,94,0,15,13.3,260,257,18.6,32.0,1,3600.00,1017.4,1003.8
2024-07-22T17:00,25.0,0.00,50,13.9,24.5,0.00,0.00,0.00,2,51,45,0,11,12.1,261,258,17.9,29.9,1,3600.00,1017.5,1003.9
2024-07-22T18:00,24.3,0.00,51,13.5,23.8,0.00,0.00,0.00,1,31,31,0,1,11.0,254,251,17.2,27.4,1,3600.00,1017.6,1003.9
2024-07-22T19:00,23.1,0.00,58,14.4,23.2,0.00,0.00,0.00,1,48,48,0,0,9.1,240,236,18.2,24.1,1,3600.00,1017.8,1004.1
2024-07-22T20:00,21.2,0.00,64,14.0,21.2,0.00,0.00,0.00,3,100,100,0,0,8.4,231,223,20.0,19.1,1,2595.99,1018.4,1004.6
2024-07-22T21:00,20.2,0.00,63,12.9,19.5,0.00,0.00,0.00,3,100,100,0,0,11.1,220,209,24.8,20.9,0,0.00,1019.0,1005.1
2024-07-22T22:00,19.6,0.00,64,12.5,19.1,0.00,0.00,0.00,3,100,100,0,0,8.4,252,250,21.6,22.3,0,0.00,1019.5,1005.6
2024-07-22T23:00,19.1,0.00,69,13.2,19.0,0.00,0.00,0.00,3,98,98,0,0,7.2,287,276,19.2,17.3,0,0.00,1019.8,1005.8
2024-07-23T00:00,18.6,0.00,70,13.1,18.6,0.00,0.00,0.00,3,96,96,0,2,6.8,298,295,18.7,15.1,0,0.00,1020.0,1006.0
2024-07-23T01:00,17.5,0.00,77,13.5,17.9,0.00,0.00,0.00,0,18,14,0,4,5.1,283,262,13.3,13.7,0,0.00,1019.9,1005.9
2024-07-23T02:00,17.3,0.00,79,13.7,17.7,0.00,0.00,0.00,0,6,0,0,6,4.9,235,197,11.4,10.1,0,0.00,1019.9,1005.9
2024-07-23T03:00,16.6,0.00,84,13.8,17.0,0.00,0.00,0.00,1,33,28,1,5,5.2,233,192,13.9,10.1,0,0.00,1019.7,1005.6
2024-07-23T04:00,16.3,0.00,86,13.9,16.8,0.00,0.00,0.00,3,86,82,8,14,5.1,226,184,13.0,10.1,0,0.00,1019.6,1005.5
2024-07-23T05:00,16.6,0.00,86,14.3,17.2,0.00,0.00,0.00,2,77,45,50,26,5.4,220,188,14.6,11.2,1,0.00,1019.7,1005.6
2024-07-23T06:00,17.9,0.00,83,15.0,18.6,0.00,0.00,0.00,1,27,0,9,23,6.4,222,196,14.5,13.0,1,1208.32,1019.9,1005.9
2024-07-23T07:00,19.3,0.00,80,15.8,20.1,0.00,0.00,0.00,1,24,0,0,24,7.9,218,210,14.1,17.6,1,3600.00,1020.0,1006.1
2024-07-23T08:00,20.6,0.00,74,15.9,21.0,0.00,0.00,0.00,0,10,0,0,10,11.2,228,225,16.1,25.2,1,3600.00,1019.9,1006.0
2024-07-23T09:00,21.8,0.00,70,16.1,21.9,0.00,0.00,0.00,0,9,0,6,8,13.5,230,228,18.9,30.2,1,3600.00,1019.4,1005.6
2024-07-23T10:00,23.0,0.00,62,15.4,22.8,0.00,0.00,0.00,3,100,0,2,100,16.2,233,233,22.6,35.6,1,3600.00,1019.0,1005.2
2024-07-23T11:00,23.1,0.00,62,15.3,22.4,0.00,0.00,0.00,3,91,0,3,91,16.4,232,232,23.6,36.4,1,3361.70,1018.9,1005.1
2024-07-23T12:00,24.1,0.00,57,15.1,23.2,0.00,0.00,0.00,3,100,0,32,100,18.2,233,232,26.2,39.2,1,3600.00,1018.5,1004.8
2024-07-23T13:00,23.9,0.10,60,15.7,22.9,0.10,0.00,0.00,51,94,8,93,76,20.0,231,231,29.2,42.1,1,1998.77,1018.1,1004.4
2024-07-23T14:00,24.1,0.00,56,14.8,22.9,0.00,0.00,0.00,3,100,1,100,100,20.6,233,234,29.6,43.9,1,3600.00,1018.0,1004.3
2024-07-23T15:00,22.9,0.00,61,15.0,21.9,0.00,0.00,0.00,3,100,66,67,99,18.1,229,229,26.6,44.3,1,0.00,1017.8,1004.1
2024-07-23T16:00,21.4,3.60,78,17.5,21.8,3.60,0.00,0.00,63,100,91,96,10,15.9,238,237,23.0,40.7,1,3600.00,1018.0,1004.2
2024-07-23T17:00,19.6,3.80,90,17.9,20.4,3.80,0.00,0.00,63,56,0,53,19,14.3,230,227,24.3,34.2,1,0.00,1017.9,1004.0
2024-07-23T18:00,20.6,0.10,87,18.3,21.7,0.10,0.00,0.00,51,23,0,11,16,13.2,237,235,20.6,33.1,1,3600.00,1017.4,1003.5
2024-07-23T19:00,20.9,0.10,86,18.5,22.5,0.10,0.00,0.00,51,36,5,16,23,10.4,230,224,17.9,27.7,1,3600.00,1017.5,1003.7
2024-07-23T20:00,18.8,1.60,86,16.4,19.6,1.60,0.00,0.00,61,41,0,19,31,9.2,235,219,18.4,24.8,1,1717.40,1018.3,1004.4
2024-07-23T21:00,18.8,0.50,90,17.2,20.5,0.50,0.00,0.00,53,21,0,13,14,6.2,267,260,16.2,18.7,0,0.00,1018.6,1004.7
2024-07-23T22:00,18.0,0.20,92,16.6,19.4,0.20,0.00,0.00,51,22,0,2,20,5.7,301,288,15.5,13.3,0,0.00,1019.0,1005.0
2024-07-23T23:00,17.5,0.00,90,15.8,18.3,0.00,0.00,0.00,0,13,0,0,13,7.9,285,273,19.7,15.8,0,0.00,1019.1,1005.1
2024-07-24T00:00,16.7,0.00,85,14.1,16.8,0.00,0.00,0.00,1,44,8,0,39,8.0,282,275,20.3,18.4,0,0.00,1019.7,1005.6
2024-07-24T01:00,15.9,0.00,87,13.7,16.2,0.00,0.00,0.00,3,98,95,0,47,5.8,285,274,16.4,16.6,0,0.00,1019.7,1005.6
2024-07-24T02:00,16.0,0.00,89,14.3,16.5,0.00,0.00,0.00,3,100,100,0,23,6.2,284,277,17.5,18.4,0,0.00,1019.7,1005.6
2024-07-24T03:00,15.6,0.00,91,14.1,16.1,0.00,0.00,0.00,3,100,100,11,65,5.5,285,281,16.4,13.0,0,0.00,1020.0,1005.9
2024-07-24T04:00,15.9,0.00,90,14.2,16.5,0.00,0.00,0.00,3,100,100,42,100,4.7,293,279,13.7,12.2,0,0.00,1020.0,1005.9
2024-07-24T05:00,16.2,0.00,89,14.4,17.0,0.00,0.00,0.00,3,100,100,42,100,4.7,296,274,12.4,10.8,1,0.00,1020.2,1006.1
2024-07-24T06:00,16.7,0.00,88,14.6,17.3,0.00,0.00,0.00,3,100,100,91,100,6.3,312,294,13.0,13.3,1,0.00,1020.3,1006.2
2024-07-24T07:00,17.0,0.00,85,14.5,17.1,0.00,0.00,0.00,3,100,14,100,100,9.4,324,320,14.2,19.8,1,0.00,1020.6,1006.5
2024-07-24T08:00,16.8,0.00,83,13.9,16.7,0.00,0.00,0.00,2,71,2,43,69,9.4,323,320,13.1,22.0,1,0.00,1021.1,1007.0
2024-07-24T09:00,17.5,0.00,79,13.9,17.5,0.00,0.00,0.00,0,14,0,0,14,8.9,320,317,12.3,21.2,1,2560.01,1021.0,1007.0
2024-07-24T10:00,19.4,0.00,68,13.4,19.3,0.00,0.00,0.00,2,51,0,0,51,10.1,306,305,13.4,24.8,1,3600.00,1021.0,1007.0
2024-07-24T11:00,20.1,0.00,63,12.8,19.2,0.00,0.00,0.00,3,85,0,0,85,12.1,302,300,16.5,28.4,1,3600.00,1020.9,1007.0
2024-07-24T12:00,21.0,0.00,58,12.5,20.1,0.00,0.00,0.00,2,78,0,0,78,11.6,307,306,15.7,28.8,1,3600.00,1020.8,1006.9
2024-07-24T13:00,21.9,0.00,54,12.2,21.4,0.00,0.00,0.00,1,46,0,3,46,11.5,312,311,15.5,28.1,1,3600.00,1020.3,1006.5
2024-07-24T14:00,21.0,0.00,60,12.8,20.3,0.00,0.00,0.00,3,86,0,0,86,10.6,306,305,14.7,25.9,1,3600.00,1020.5,1006.6
2024-07-24T15:00,21.8,0.00,56,12.6,21.2,0.00,0.00,0.00,0,15,0,2,14,9.7,315,315,12.7,25.6,1,3600.00,1019.9,1006.1
2024-07-24T16:00,22.3,0.00,53,12.3,21.6,0.00,0.00,0.00,1,21,0,7,21,9.2,319,318,12.5,22.7,1,3600.00,1019.3,1005.5
2024-07-24T17:00,22.3,0.00,52,12.0,21.7,0.00,0.00,0.00,0,7,0,7,0,8.0,332,333,11.4,22.0,1,3600.00,1018.8,1005.0
2024-07-24T18:00,22.1,0.00,52,11.9,22.0,0.00,0.00,0.00,1,38,0,38,3,4.7,355,360,8.0,18.7,1,3600.00,1018.5,1004.7
2024-07-24T19:00,22.0,0.00,54,12.2,22.4,0.00,0.00,0.00,0,4,0,4,0,2.1,9,59,4.4,11.2,1,3600.00,1018.3,1004.5
2024-07-24T20:00,19.7,0.00,63,12.5,19.9,0.00,0.00,0.00,0,15,12,3,0,3.6,74,143,2.6,4.0,1,2462.98,1018.4,1004.5
2024-07-24T21:00,17.4,0.00,73,12.5,17.3,0.00,0.00,0.00,0,6,6,0,0,5.9,117,128,4.0,7.6,0,0.00,1018.5,1004.5
2024-07-24T22:00,17.8,0.00,67,11.5,17.7,0.00,0.00,0.00,2,67,64,5,5,3.4,188,108,2.5,7.6,0,0.00,1018.5,1004.5
2024-07-24T23:00,15.5,0.00,78,11.8,15.0,0.00,0.00,0.00,3,99,99,14,21,7.3,323,351,9.5,9.0,0,0.00,1018.9,1004.8
2024-07-25T00:00,15.9,0.00,76,11.7,15.6,0.00,0.00,0.00,3,100,100,0,0,5.7,29,35,14.8,10.8,0,0.00,1018.9,1004.8
2024-07-25T01:00,15.2,0.00,80,11.8,14.8,0.00,0.00,0.00,1,31,31,0,0,6.2,53,54,15.7,11.5,0,0.00,1018.6,1004.5
2024-07-25T02:00,14.1,0.00,87,12.0,13.9,0.00,0.00,0.00,3,100,100,0,0,5.2,83,78,12.0,10.4,0,0.00,1018.3,1004.1
2024-07-25T03:00,13.5,0.00,92,12.2,13.3,0.00,0.00,0.00,3,100,100,0,0,5.6,88,75,11.5,11.5,0,0.00,1017.8,1003.6
2024-07-25T04:00,12.8,0.00,94,11.9,12.7,0.00,0.00,0.00,0,0,0,0,0,4.7,102,90,8.8,10.8,0,0.00,1017.6,1003.4
2024-07-25T05:00,12.3,0.00,95,11.5,12.2,0.00,0.00,0.00,0,0,0,0,0,3.9,125,112,7.5,9.0,1,0.00,1017.7,1003.4
2024-07-25T06:00,14.0,0.00,90,12.4,14.0,0.00,0.00,0.00,0,0,0,0,0,5.4,120,110,8.7,9.7,1,2207.98,1017.5,1003.3
2024-07-25T07:00,16.7,0.00,82,13.7,17.4,0.00,0.00,0.00,0,2,0,0,2,3.2,108,90,8.3,10.1,1,3600.00,1017.7,1003.7
2024-07-25T08:00,19.1,0.00,74,14.4,20.0,0.00,0.00,0.00,0,6,6,0,0,3.5,112,114,5.8,11.9,1,3600.00,1017.3,1003.4
2024-07-25T09:00,20.8,0.00,67,14.6,21.9,0.00,0.00,0.00,1,21,21,0,1,2.5,163,172,3.8,12.6,1,3600.00,1017.3,1003.5
2024-07-25T10:00,22.1,0.00,59,13.6,23.5,0.00,0.00,0.00,2,52,52,0,0,2.2,166,180,3.0,12.6,1,3600.00,1016.8,1003.0
2024-07-25T11:00,23.2,0.00,53,13.2,24.9,0.00,0.00,0.00,1,32,16,0,19,3.7,148,151,4.7,14.4,1,3600.00,1016.1,1002.4
2024-07-25T12:00,24.0,0.00,50,13.0,25.7,0.00,0.00,0.00,3,100,100,0,10,4.8,146,153,6.5,16.6,1,3600.00,1015.4,1001.7
2024-07-25T13:00,24.4,0.00,49,12.9,26.0,0.00,0.00,0.00,3,100,100,0,10,4.5,147,151,6.0,16.6,1,3600.00,1015.0,1001.4
2024-07-25T14:00,25.0,0.00,47,13.0,26.8,0.00,0.00,0.00,3,97,97,0,3,5.2,151,155,6.6,18.7,1,3600.00,1014.2,1000.6
2024-07-25T15:00,25.2,0.00,46,12.8,26.3,0.00,0.00,0.00,3,100,100,0,3,3.6,141,143,4.6,16.2,1,3600.00,1013.7,1000.1
2024-07-25T16:00,25.0,0.00,46,12.7,25.3,0.00,0.00,0.00,3,100,100,5,0,3.5,115,114,5.2,12.6,1,3511.85,1013.3,999.7
2024-07-25T17:00,24.9,0.00,47,12.9,25.3,0.00,0.00,0.00,3,100,100,9,0,3.3,99,96,4.4,10.8,1,1823.68,1013.1,999.5
2024-07-25T18:00,24.5,0.00,54,14.7,25.8,0.00,0.00,0.00,3,100,99,61,0,1.8,61,53,3.7,9.4,1,3600.00,1012.9,999.3
2024-07-25T19:00,23.2,0.00,69,17.3,25.1,0.00,0.00,0.00,3,100,100,32,0,4.2,63,59,7.2,8.3,1,3600.00,1012.5,998.8
2024-07-25T20:00,21.3,0.00,68,15.3,22.2,0.00,0.00,0.00,3,100,100,18,0,6.2,81,69,8.8,8.3,1,0.00,1012.3,998.6
2024-07-25T21:00,19.6,0.00,69,13.8,19.9,0.00,0.00,0.00,3,100,99,71,0,6.1,113,90,9.0,9.7,0,0.00,1012.5,998.7
2024-07-25T22:00,19.3,0.00,65,12.6,19.4,0.00,0.00,0.00,3,100,100,99,0,4.7,138,99,10.7,9.0,0,0.00,1012.5,998.7
2024-07-25T23:00,19.4,0.00,63,12.2,19.4,0.00,0.00,0.00,3,100,100,30,0,4.7,137,90,9.4,8.6,0,0.00,1012.5,998.7
2024-07-26T00:00,18.5,0.00,65,11.9,18.1,0.00,0.00,0.00,3,100,100,2,0,6.6,129,99,13.8,12.2,0,0.00,1012.3,998.4
2024-07-26T01:00,18.1,0.00,64,11.2,17.3,0.00,0.00,0.00,3,97,97,3,0,7.5,125,107,17.6,14.0,0,0.00,1011.8,997.9
2024-07-26T02:00,16.7,0.00,72,11.6,16.4,0.00,0.00,0.00,3,82,81,5,0,5.5,152,113,12.2,11.5,0,0.00,1011.8,997.8
2024-07-26T03:00,16.2,0.00,75,11.7,15.8,0.00,0.00,0.00,3,95,93,76,0,6.0,148,115,14.4,10.8,0,0.00,1011.3,997.3
2024-07-26T04:00,15.8,0.00,77,11.9,15.6,0.00,0.00,0.00,3,100,99,73,0,5.4,175,132,12.6,10.1,0,0.00,1011.7,997.7
2024-07-26T05:00,16.5,0.00,76,12.3,16.2,0.00,0.00,0.00,3,100,100,85,0,7.0,166,125,12.2,13.7,1,0.00,1011.5,997.5
2024-07-26T06:00,17.3,0.00,79,13.6,17.7,0.00,0.00,0.00,3,100,100,57,0,5.3,188,118,9.8,13.7,1,0.00,1011.6,997.7
2024-07-26T07:00,18.6,0.00,80,15.1,19.4,0.00,0.00,0.00,3,100,100,100,0,6.1,197,140,11.3,11.5,1,0.00,1012.0,998.1
2024-07-26T08:00,20.6,0.00,77,16.4,22.1,0.00,0.00,0.00,3,100,100,9,0,5.2,205,192,8.4,13.7,1,1389.32,1012.2,998.4
2024-07-26T09:00,22.6,0.00,69,16.7,24.3,0.00,0.00,0.00,3,100,100,94,0,4.9,257,253,6.6,14.8,1,3600.00,1012.4,998.7
2024-07-26T10:00,22.1,1.40,75,17.5,24.3,1.40,0.00,0.00,61,100,100,44,0,2.9,287,300,3.8,15.5,1,934.33,1012.8,999.1
2024-07-26T11:00,23.3,0.00,69,17.3,25.3,0.00,0.00,0.00,3,88,55,83,0,3.9,318,326,4.8,14.0,1,3600.00,1012.9,999.2
2024-07-26T12:00,24.6,0.10,63,17.2,27.5,0.10,0.00,0.00,51,38,0,35,6,3.3,265,276,4.3,14.4,1,3600.00,1012.8,999.2
2024-07-26T13:00,25.6,0.00,57,16.5,27.2,0.00,0.00,0.00,3,100,3,100,48,10.5,263,264,14.2,24.8,1,3600.00,1012.9,999.3
2024-07-26T14:00,24.0,0.10,62,16.3,26.1,0.10,0.00,0.00,51,92,87,21,27,9.0,244,247,12.4,25.6,1,3600.00,1013.7,1000.1
2024-07-26T15:00,24.9,0.00,60,16.7,26.3,0.00,0.00,0.00,3,98,63,29,91,10.5,240,239,14.2,25.9,1,3600.00,1013.1,999.5
2024-07-26T16:00,25.1,0.00,60,16.9,26.0,0.00,0.00,0.00,3,90,30,12,85,10.0,244,244,13.2,25.2,1,3600.00,1012.9,999.3
2024-07-26T17:00,24.8,0.00,61,16.9,25.9,0.00,0.00,0.00,3,100,96,18,100,9.4,249,247,13.1,23.0,1,3551.42,1012.9,999.3
2024-07-26T18:00,24.6,0.00,64,17.4,26.2,0.00,0.00,0.00,2,57,49,13,3,6.7,237,234,10.7,21.6,1,3427.99,1012.7,999.1
2024-07-26T19:00,24.0,0.00,74,19.1,27.0,0.00,0.00,0.00,3,87,86,5,0,2.8,233,230,7.2,15.1,1,3600.00,1012.5,998.9
2024-07-26T20:00,24.0,0.00,66,17.2,26.3,0.00,0.00,0.00,3,95,95,18,0,1.8,243,127,4.0,6.8,1,882.49,1012.7,999.1
2024-07-26T21:00,21.2,0.00,80,17.6,23.3,0.00,0.00,0.00,2,67,41,47,0,3.9,198,124,3.4,5.8,0,0.00,1012.8,999.0
2024-07-26T22:00,20.6,0.10,84,17.8,22.9,0.10,0.00,0.00,51,98,96,46,9,3.5,306,336,8.0,6.1,0,0.00,1013.3,999.5
2024-07-26T23:00,19.8,0.50,92,18.4,21.6,0.50,0.00,0.00,53,100,100,91,39,8.6,331,338,15.6,20.5,0,0.00,1014.1,1000.3
2024-07-27T00:00,19.4,0.30,95,18.6,22.1,0.30,0.00,0.00,51,100,100,47,1,3.6,24,45,7.9,22.3,0,0.00,1013.5,999.6
2024-07-27T01:00,18.7,0.20,96,18.1,21.0,0.20,0.00,0.00,51,100,100,20,0,4.9,10,36,4.0,16.9,0,0.00,1013.1,999.2
2024-07-27T02:00,19.8,0.50,94,18.8,22.4,0.50,0.00,0.00,53,94,86,60,3,4.7,111,90,10.0,18.0,0,0.00,1013.0,999.2
2024-07-27T03:00,19.5,0.20,95,18.7,22.2,0.20,0.00,0.00,51,100,100,66,82,3.9,139,124,10.5,9.4,0,0.00,1012.9,999.1
2024-07-27T04:00,19.3,0.60,95,18.5,22.1,0.60,0.00,0.00,53,100,100,70,45,2.3,221,252,6.6,14.8,0,0.00,1013.0,999.2
2024-07-27T05:00,19.1,0.00,97,18.6,21.4,0.00,0.00,0.00,3,95,91,21,27,6.2,15,36,9.7,19.4,1,0.00,1013.6,999.7
2024-07-27T06:00,19.5,0.00,95,18.7,21.7,0.00,0.00,0.00,3,97,95,31,13,6.9,130,118,9.4,15.5,1,0.00,1013.5,999.7
2024-07-27T07:00,20.4,0.00,94,19.4,23.3,0.00,0.00,0.00,3,98,96,40,11,3.9,171,158,9.5,12.6,1,2890.64,1013.9,1000.1
2024-07-27T08:00,21.7,0.00,88,19.6,24.2,0.00,0.00,0.00,3,100,99,58,32,7.3,200,200,9.6,16.2,1,3600.00,1013.9,1000.1
2024-07-27T09:00,23.0,0.00,80,19.5,25.4,0.00,0.00,0.00,3,100,94,95,100,8.5,208,208,11.4,20.9,1,3600.00,1014.2,1000.5
2024-07-27T10:00,24.0,0.00,74,19.1,26.3,0.00,0.00,0.00,3,100,100,60,38,7.9,225,227,10.2,20.9,1,3600.00,1013.9,1000.3
2024-07-27T11:00,25.0,0.00,69,18.9,27.0,0.00,0.00,0.00,3,100,88,100,8,8.8,231,235,11.5,27.4,1,3600.00,1014.0,1000.4
2024-07-27T12:00,23.4,0.90,78,19.4,25.8,0.90,0.00,0.00,53,99,93,89,0,7.4,243,247,10.1,22.3,1,0.00,1014.3,1000.6
2024-07-27T13:00,23.6,0.70,80,19.8,26.1,0.70,0.00,0.00,53,100,100,100,9,8.4,248,250,11.3,19.4,1,0.00,1014.5,1000.8
2024-07-27T14:00,25.3,0.20,74,20.3,28.7,0.20,0.00,0.00,51,100,100,86,16,7.6,246,251,9.8,28.4,1,3600.00,1014.2,1000.6
2024-07-27T15:00,23.4,0.90,82,20.1,26.3,0.90,0.00,0.00,53,100,100,38,8,7.3,256,261,10.4,29.9,1,0.00,1014.5,1000.8
2024-07-27T16:00,24.0,0.30,80,20.3,26.7,0.30,0.00,0.00,51,100,100,100,4,8.7,237,240,12.5,28.1,1,0.00,1014.4,1000.7
2024-07-27T17:00,23.6,0.40,80,19.9,25.7,0.40,0.00,0.00,51,100,80,100,0,11.5,224,224,17.1,24.5,1,1532.41,1014.5,1000.8
2024-07-27T18:00,22.6,0.10,82,19.5,24.6,0.10,0.00,0.00,51,100,98,99,0,11.2,226,222,19.9,24.8,1,0.00,1015.0,1001.3
2024-07-27T19:00,21.9,0.10,84,19.0,23.6,0.10,0.00,0.00,51,100,100,69,0,11.2,228,220,20.4,23.4,1,0.00,1014.8,1001.0
2024-07-27T20:00,21.1,0.40,85,18.6,22.9,0.40,0.00,0.00,51,100,97,100,0,9.5,223,217,18.8,22.7,1,0.00,1015.3,1001.5
2024-07-27T21:00,20.7,0.30,87,18.5,22.6,0.30,0.00,0.00,51,99,61,99,8,8.7,220,210,18.7,19.1,0,0.00,1015.7,1001.9
2024-07-27T22:00,20.4,0.10,91,18.9,22.6,0.10,0.00,0.00,51,100,70,100,13,7.6,237,239,17.7,18.0,0,0.00,1015.9,1002.1
2024-07-27T23:00,20.0,0.50,95,19.2,22.2,0.50,0.00,0.00,53,100,15,100,63,8.9,233,227,18.5,19.4,0,0.00,1016.6,1002.7
2024-07-28T00:00,19.9,1.60,95,19.1,22.1,1.60,0.00,0.00,61,100,55,100,12,8.8,247,235,18.1,18.0,0,0.00,1016.8,1002.9
2024-07-28T01:00,19.5,0.70,92,18.3,21.0,0.70,0.00,0.00,53,100,81,100,43,10.9,278,276,20.4,21.6,0,0.00,1017.5,1003.6
2024-07-28T02:00,18.3,0.60,93,17.2,19.2,0.60,0.00,0.00,53,100,36,100,28,11.2,316,315,20.4,24.1,0,0.00,1019.0,1005.0
2024-07-28T03:00,17.9,1.10,94,16.9,18.7,1.10,0.00,0.00,55,100,17,100,23,11.2,310,310,20.2,23.0,0,0.00,1019.7,1005.7
2024-07-28T04:00,17.6,1.00,93,16.4,18.4,1.00,0.00,0.00,55,100,8,100,31,9.7,303,301,17.7,23.0,0,0.00,1020.6,1006.6
2024-07-28T05:00,17.4,0.10,90,15.8,17.9,0.10,0.00,0.00,51,25,3,2,21,10.1,302,297,18.3,20.2,1,0.00,1021.6,1007.5
2024-07-28T06:00,16.9,0.00,91,15.5,17.4,0.00,0.00,0.00,0,8,1,0,8,9.2,302,296,17.0,20.5,1,1436.97,1022.5,1008.4
2024-07-28T07:00,17.3,0.00,87,15.2,17.5,0.00,0.00,0.00,0,1,0,0,1,10.5,304,301,15.6,22.7,1,3600.00,1023.5,1009.4
2024-07-28T08:00,18.0,0.00,79,14.4,17.7,0.00,0.00,0.00,0,1,0,0,1,11.3,309,307,15.9,25.6,1,3600.00,1024.0,1009.9
2024-07-28T09:00,19.0,0.00,72,13.9,18.2,0.00,0.00,0.00,1,25,0,0,25,13.8,317,317,19.1,31.0,1,3600.00,1024.8,1010.8
2024-07-28T10:00,20.0,0.00,66,13.5,19.5,0.00,0.00,0.00,2,59,0,0,59,12.8,323,322,17.5,31.7,1,3600.00,1025.2,1011.2
2024-07-28T11:00,20.8,0.00,63,13.5,20.7,0.00,0.00,0.00,3,91,0,0,91,12.4,326,324,16.6,30.2,1,3600.00,1025.6,1011.6
2024-07-28T12:00,21.5,0.00,59,13.2,21.2,0.00,0.00,0.00,3,94,0,0,94,11.5,330,328,15.0,29.5,1,3600.00,1025.7,1011.8
2024-07-28T13:00,22.3,0.00,55,12.8,22.6,0.00,0.00,0.00,2,53,0,0,53,10.0,338,334,13.2,27.7,1,3600.00,1025.6,1011.7
2024-07-28T14:00,22.7,0.00,53,12.5,23.0,0.00,0.00,0.00,2,55,0,0,55,7.3,355,351,9.0,20.2,1,3600.00,1026.0,1012.1
2024-07-28T15:00,23.0,0.00,51,12.3,22.5,0.00,0.00,0.00,2,51,5,0,48,8.4,345,340,10.8,20.9,1,3600.00,1025.6,1011.8
2024-07-28T16:00,23.2,0.00,51,12.5,22.7,0.00,0.00,0.00,2,74,8,0,72,9.2,345,339,12.3,22.7,1,3600.00,1025.3,1011.5
2024-07-28T17:00,23.1,0.00,52,12.6,22.6,0.00,0.00,0.00,2,57,24,0,43,9.1,348,342,12.1,22.3,1,3600.00,1024.8,1011.0
2024-07-28T18:00,22.6,0.00,54,12.7,22.3,0.00,0.00,0.00,3,86,79,0,34,7.7,355,349,12.3,21.2,1,3600.00,1024.6,1010.7
2024-07-28T19:00,21.4,0.00,67,15.0,22.4,0.00,0.00,0.00,3,93,92,0,3,4.2,354,340,10.1,17.6,1,3600.00,1024.6,1010.7
2024-07-28T20:00,18.7,0.00,77,14.6,19.3,0.00,0.00,0.00,1,31,31,0,0,5.8,39,30,10.2,9.4,1,572.31,1024.8,1010.8
2024-07-28T21:00,17.7,0.00,76,13.4,17.9,0.00,0.00,0.00,0,0,0,0,0,6.0,77,65,16.2,11.5,0,0.00,1025.1,1011.0
2024-07-28T22:00,16.5,0.00,76,12.3,16.3,0.00,0.00,0.00,0,0,0,0,0,6.0,85,73,15.9,11.9,0,0.00,1025.1,1010.9
2024-07-28T23:00,14.9,0.00,83,12.0,14.8,0.00,0.00,0.00,0,0,0,0,0,5.3,72,62,12.5,11.5,0,0.00,1025.1,1010.9
2024-07-29T00:00,14.2,0.00,85,11.8,13.9,0.00,0.00,0.00,0,0,0,0,0,5.7,61,55,12.7,11.5,0,0.00,1024.9,1010.6
2024-07-29T01:00,13.8,0.00,86,11.5,13.5,0.00,0.00,0.00,0,0,0,0,0,5.3,64,62,12.4,11.2,0,0.00,1024.6,1010.3
2024-07-29T02:00,14.4,0.00,83,11.5,14.0,0.00,0.00,0.00,0,2,2,0,0,5.9,86,76,16.6,13.3,0,0.00,1024.3,1010.1
2024-07-29T03:00,13.3,0.00,88,11.4,12.9,0.00,0.00,0.00,0,0,0,0,0,5.9,83,76,12.3,11.2,0,0.00,1024.2,1009.9
2024-07-29T04:00,13.0,0.00,88,11.1,12.6,0.00,0.00,0.00,0,0,0,0,0,4.8,87,103,7.6,9.4,0,0.00,1024.3,1010.0
2024-07-29T05:00,12.6,0.00,90,10.9,12.1,0.00,0.00,0.00,0,0,0,0,0,5.1,110,129,7.3,8.3,1,0.00,1024.5,1010.2
2024-07-29T06:00,14.5,0.00,86,12.1,14.6,0.00,0.00,0.00,0,0,0,0,0,3.8,99,107,9.5,8.6,1,1922.17,1024.4,1010.2
2024-07-29T07:00,17.1,0.00,78,13.3,17.6,0.00,0.00,0.00,0,0,0,0,0,3.2,86,63,10.1,10.1,1,3600.00,1024.4,1010.3
2024-07-29T08:00,19.7,0.00,71,14.3,20.7,0.00,0.00,0.00,0,0,0,0,0,2.6,83,74,5.8,9.7,1,3600.00,1024.4,1010.4
2024-07-29T09:00,21.9,0.00,64,14.8,22.8,0.00,0.00,0.00,0,0,0,0,0,5.0,93,90,7.6,14.8,1,3600.00,1024.2,1010.3
2024-07-29T10:00,23.6,0.00,53,13.5,24.0,0.00,0.00,0.00,0,0,0,0,0,8.4,97,97,11.6,20.9,1,3600.00,1023.8,1010.0
2024-07-29T11:00,24.6,0.00,50,13.4,25.4,0.00,0.00,0.00,0,0,0,0,0,10.2,99,100,14.2,24.8,1,3600.00,1023.5,1009.8
2024-07-29T12:00,25.5,0.00,48,13.7,26.8,0.00,0.00,0.00,0,0,0,0,0,10.2,100,100,14.3,25.6,1,3600.00,1023.2,1009.5
2024-07-29T13:00,26.2,0.00,47,14.0,27.9,0.00,0.00,0.00,0,0,0,0,0,9.3,103,103,12.6,25.2,1,3600.00,1022.4,1008.7
2024-07-29T14:00,26.8,0.00,43,13.1,28.2,0.00,0.00,0.00,0,0,0,0,0,8.3,106,108,11.6,23.4,1,3600.00,1022.0,1008.4
2024-07-29T15:00,27.2,0.00,42,13.0,28.3,0.00,0.00,0.00,0,0,0,0,0,7.4,112,113,10.5,21.2,1,3600.00,1021.5,1007.9
2024-07-29T16:00,27.3,0.00,41,12.9,27.6,0.00,0.00,0.00,0,0,0,0,0,7.9,112,114,11.3,19.4,1,3600.00,1020.8,1007.2
2024-07-29T17:00,27.1,0.00,43,13.4,27.2,0.00,0.00,0.00,0,0,0,0,0,6.6,118,119,10.6,19.1,1,3600.00,1020.4,1006.8
2024-07-29T18:00,26.4,0.00,51,15.6,27.6,0.00,0.00,0.00,0,0,0,0,0,4.6,128,135,10.5,15.8,1,3600.00,1020.1,1006.5
2024-07-29T19:00,24.4,0.00,64,17.1,26.1,0.00,0.00,0.00,0,0,0,0,0,5.4,135,138,12.2,10.4,1,3600.00,1019.8,1006.1
2024-07-29T20:00,21.4,0.00,65,14.5,21.8,0.00,0.00,0.00,0,0,0,0,0,7.1,126,105,13.4,11.9,1,2098.67,1019.6,1005.8
2024-07-29T21:00,19.9,0.00,69,14.1,20.2,0.00,0.00,0.00,0,0,0,0,0,6.7,97,74,15.2,12.6,0,0.00,1019.9,1006.0
2024-07-29T22:00,19.4,0.00,66,13.0,18.7,0.00,0.00,0.00,0,0,0,0,0,10.9,92,82,25.2,20.5,0,0.00,1020.0,1006.1
2024-07-29T23:00,20.0,0.00,57,11.2,18.6,0.00,0.00,0.00,0,0,0,0,0,12.2,98,92,28.7,24.5,0,0.00,1019.7,1005.8
2024-07-30T00:00,19.6,0.00,58,11.0,18.1,0.00,0.00,0.00,0,0,0,0,0,12.4,105,100,28.4,24.5,0,0.00,1019.7,1005.8
2024-07-30T01:00,18.9,0.00,61,11.2,17.4,0.00,0.00,0.00,0,0,0,0,0,12.5,108,102,27.3,25.2,0,0.00,1019.5,1005.5
2024-07-30T02:00,18.6,0.00,65,12.0,17.4,0.00,0.00,0.00,0,0,0,0,0,12.7,116,105,27.5,25.6,0,0.00,1019.2,1005.2
2024-07-30T03:00,18.3,0.00,67,12.0,16.9,0.00,0.00,0.00,0,0,0,0,0,13.7,115,104,28.5,26.3,0,0.00,1019.0,1005.0
2024-07-30T04:00,18.3,0.00,66,11.8,16.6,0.00,0.00,0.00,0,0,0,0,0,14.9,112,105,30.2,28.4,0,0.00,1018.7,1004.7
2024-07-30T05:00,18.2,0.00,66,11.7,16.5,0.00,0.00,0.00,0,15,15,0,0,14.9,112,110,30.4,29.2,1,0.00,1018.5,1004.5
2024-07-30T06:00,18.5,0.00,67,12.3,17.2,0.00,0.00,0.00,2,66,64,6,0,13.3,112,109,27.5,28.8,1,1528.26,1018.4,1004.4
2024-07-30T07:00,20.0,0.00,69,14.2,19.9,0.00,0.00,0.00,0,6,3,4,0,10.4,109,104,24.7,25.9,1,3600.00,1018.3,1004.4
2024-07-30T08:00,21.9,0.00,64,14.7,22.0,0.00,0.00,0.00,2,76,76,0,0,9.7,106,105,17.2,22.0,1,3600.00,1018.3,1004.5
2024-07-30T09:00,23.7,0.00,59,15.2,24.0,0.00,0.00,0.00,3,100,100,0,0,9.6,104,103,14.5,22.7,1,3600.00,1018.2,1004.5
2024-07-30T10:00,25.6,0.00,55,15.9,26.3,0.00,0.00,0.00,3,100,100,0,0,9.7,113,112,13.7,23.0,1,3600.00,1017.7,1004.1
2024-07-30T11:00,27.4,0.00,50,16.0,28.9,0.00,0.00,0.00,1,47,47,0,0,9.1,125,124,12.7,22.7,1,3600.00,1017.4,1003.9
2024-07-30T12:00,29.0,0.00,46,16.2,31.8,0.00,0.00,0.00,0,13,13,0,0,5.9,135,133,8.1,22.0,1,3600.00,1017.0,1003.5
2024-07-30T13:00,30.1,0.00,44,16.4,33.2,0.00,0.00,0.00,0,2,0,2,0,5.4,139,138,7.1,16.9,1,3600.00,1016.3,1002.9
2024-07-30T14:00,30.5,0.00,41,15.8,33.3,0.00,0.00,0.00,0,1,0,1,0,4.8,137,138,6.4,18.0,1,3600.00,1016.1,1002.7
2024-07-30T15:00,31.0,0.00,40,16.0,33.9,0.00,0.00,0.00,0,7,0,7,0,2.6,167,164,3.3,14.0,1,3600.00,1015.6,1002.2
2024-07-30T16:00,31.3,0.00,40,16.1,33.5,0.00,0.00,0.00,0,17,0,17,0,1.8,180,180,2.5,10.1,1,3600.00,1015.2,1001.9
2024-07-30T17:00,31.2,0.00,41,16.4,33.2,0.00,0.00,0.00,0,4,0,4,0,1.1,214,252,1.3,7.9,1,3600.00,1014.7,1001.4
2024-07-30T18:00,31.2,0.00,42,16.8,33.1,0.00,0.00,0.00,0,0,0,0,0,3.2,328,333,3.4,7.2,1,3600.00,1014.6,1001.3
2024-07-30T19:00,27.7,0.00,72,22.1,31.7,0.00,0.00,0.00,0,0,0,0,0,6.2,347,350,7.8,8.6,1,3600.00,1014.3,1000.8
2024-07-30T20:00,24.9,0.00,70,19.1,27.3,0.00,0.00,0.00,0,0,0,0,0,7.2,18,27,9.1,10.4,1,2013.35,1014.2,1000.6
2024-07-30T21:00,23.8,0.00,69,17.9,25.9,0.00,0.00,0.00,0,0,0,0,0,5.2,56,65,8.3,10.4,0,0.00,1014.4,1000.7
2024-07-30T22:00,22.0,0.00,76,17.5,24.0,0.00,0.00,0.00,0,0,0,0,0,4.7,92,86,8.3,10.1,0,0.00,1014.5,1000.8
2024-07-30T23:00,20.4,0.00,82,17.3,22.5,0.00,0.00,0.00,0,0,0,0,0,3.2,131,90,6.6,9.7,0,0.00,1014.9,1001.1
2024-07-31T00:00,19.5,0.00,85,16.9,21.5,0.00,0.00,0.00,0,0,0,0,0,2.9,135,90,5.6,7.2,0,0.00,1014.8,1000.9
2024-07-31T01:00,19.0,0.00,85,16.5,20.7,0.00,0.00,0.00,0,0,0,0,0,3.2,128,90,6.4,6.8,0,0.00,1014.2,1000.3
2024-07-31T02:00,18.2,0.00,89,16.4,20.0,0.00,0.00,0.00,0,0,0,0,0,3.3,114,84,6.3,10.4,0,0.00,1014.1,1000.2
2024-07-31T03:00,17.7,0.00,90,16.0,19.4,0.00,0.00,0.00,1,44,39,8,0,1.8,113,90,2.7,7.2,0,0.00,1014.3,1000.4
2024-07-31T04:00,17.5,0.00,88,15.5,18.8,0.00,0.00,0.00,2,69,69,0,0,3.3,141,103,2.3,5.0,0,0.00,1014.0,1000.0
2024-07-31T05:00,17.2,0.00,87,15.0,18.4,0.00,0.00,0.00,3,90,90,0,0,3.6,27,84,2.4,5.4,1,0.00,1014.2,1000.2
2024-07-31T06:00,19.3,0.00,81,15.9,21.1,0.00,0.00,0.00,3,99,99,0,0,1.5,354,104,3.3,5.8,1,1101.82,1014.5,1000.6
2024-07-31T07:00,21.7,0.00,75,17.1,23.7,0.00,0.00,0.00,3,83,83,0,0,3.3,162,139,1.1,8.3,1,3600.00,1014.7,1000.9
2024-07-31T08:00,24.1,0.00,66,17.4,26.4,0.00,0.00,0.00,2,61,61,0,0,2.3,107,129,3.8,9.0,1,3600.00,1014.4,1000.8
2024-07-31T09:00,26.3,0.00,60,17.8,29.0,0.00,0.00,0.00,0,5,5,0,0,0.8,104,153,1.5,9.0,1,3600.00,1014.2,1000.7
2024-07-31T10:00,28.0,0.00,56,18.5,31.4,0.00,0.00,0.00,0,0,0,0,0,1.5,191,225,1.8,10.1,1,3600.00,1014.0,1000.5
2024-07-31T11:00,29.4,0.00,54,19.1,33.7,0.00,0.00,0.00,0,0,0,0,0,2.3,297,288,2.4,11.5,1,3600.00,1013.7,1000.3
2024-07-31T12:00,30.6,0.00,50,19.1,35.5,0.00,0.00,0.00,1,21,21,0,0,1.3,333,304,0.8,11.5,1,3600.00,1013.1,999.8
2024-07-31T13:00,31.2,0.00,50,19.4,35.4,0.00,0.00,0.00,0,19,19,0,0,6.9,315,313,8.1,18.0,1,3600.00,1013.1,999.8
2024-07-31T14:00,27.5,0.10,67,20.8,30.4,0.10,0.00,0.00,51,100,100,0,0,9.1,325,326,12.7,22.0,1,3600.00,1013.5,1000.0
2024-07-31T15:00,29.1,0.00,59,20.3,32.5,0.00,0.00,0.00,3,100,100,100,0,9.0,357,358,12.3,25.6,1,3600.00,1012.8,999.4
2024-07-31T16:00,29.1,0.00,60,20.6,32.4,0.00,0.00,0.00,2,50,41,15,0,5.6,50,40,8.4,21.2,1,1534.42,1011.9,998.5
2024-07-31T17:00,29.4,0.00,60,20.7,32.5,0.00,0.00,0.00,3,100,100,72,0,7.6,305,301,10.1,18.0,1,3600.00,1012.4,999.0
2024-07-31T18:00,28.0,0.00,67,21.4,31.2,0.00,0.00,0.00,3,88,86,19,0,9.4,318,313,17.1,20.5,1,906.42,1012.7,999.3
2024-07-31T19:00,26.8,0.00,73,21.6,30.5,0.00,0.00,0.00,3,100,100,14,0,6.8,339,335,15.4,20.2,1,3600.00,1012.6,999.1
2024-07-31T20:00,24.8,0.00,81,21.4,28.6,0.00,0.00,0.00,3,100,100,0,0,5.1,344,352,13.1,13.7,1,0.00,1012.6,999.0
2024-07-31T21:00,24.0,0.00,84,21.2,27.7,0.00,0.00,0.00,1,29,29,0,0,5.8,342,353,14.8,10.4,0,0.00,1012.7,999.1
2024-07-31T22:00,23.2,0.00,87,20.9,26.5,0.00,0.00,0.00,3,97,97,0,0,6.8,1,3,16.6,13.0,0,0.00,1012.7,999.0
2024-07-31T23:00,22.4,0.00,88,20.4,25.5,0.00,0.00,0.00,3,100,100,0,0,6.4,19,16,16.4,12.2,0,0.00,1012.5,998.8
2024-08-01T00:00,21.6,0.00,88,19.5,24.5,0.00,0.00,0.00,1,39,37,3,0,4.9,37,36,12.1,11.5,0,0.00,1012.4,998.7
2024-08-01T01:00,20.2,0.00,92,18.9,22.7,0.00,0.00,0.00,1,31,10,23,0,5.9,47,47,6.9,9.0,0,0.00,1012.2,998.4
2024-08-01T02:00,20.2,0.00,92,18.9,22.9,0.00,0.00,0.00,1,22,5,17,0,4.5,127,104,7.7,9.4,0,0.00,1012.4,998.6
2024-08-01T03:00,20.0,0.00,94,19.0,22.6,0.00,0.00,0.00,1,35,0,35,0,5.5,183,157,13.3,10.4,0,0.00,1012.5,998.7
2024-08-01T04:00,19.9,0.00,95,19.1,22.8,0.00,0.00,0.00,0,8,6,1,0,3.3,169,103,7.3,11.2,0,0.00,1012.2,998.4
2024-08-01T05:00,19.4,0.00,96,18.7,22.1,0.00,0.00,0.00,1,20,17,3,0,4.1,126,75,4.9,9.0,1,0.00,1011.9,998.1
2024-08-01T06:00,20.0,0.00,94,19.0,22.8,0.00,0.00,0.00,3,97,96,28,0,4.0,174,95,3.6,8.6,1,824.77,1012.3,998.5
2024-08-01T07:00,22.2,0.00,88,20.1,25.6,0.00,0.00,0.00,3,100,100,31,0,3.4,176,148,5.4,9.7,1,3188.01,1012.1,998.4
2024-08-01T08:00,23.5,0.00,81,20.0,26.9,0.00,0.00,0.00,3,100,100,9,0,2.6,186,196,3.6,10.4,1,3600.00,1011.9,998.3
2024-08-01T09:00,24.6,0.00,77,20.4,27.9,0.00,0.00,0.00,3,100,100,100,0,5.1,214,219,6.5,15.1,1,3600.00,1012.0,998.4
2024-08-01T10:00,25.0,0.00,76,20.5,28.6,0.00,0.00,0.00,3,100,100,100,0,2.9,175,180,4.0,15.8,1,0.00,1012.0,998.4
2024-08-01T11:00,26.1,0.00,73,20.8,29.7,0.00,0.00,0.00,3,100,100,57,0,4.7,227,238,5.9,14.0,1,826.03,1011.9,998.4
2024-08-01T12:00,27.2,0.00,68,20.9,30.7,0.00,0.00,0.00,3,100,100,17,1,7.3,245,250,9.5,21.2,1,3600.00,1011.7,998.2
2024-08-01T13:00,27.2,0.00,67,20.5,30.0,0.00,0.00,0.00,3,98,96,26,16,9.1,236,236,12.2,22.3,1,3600.00,1011.3,997.8
2024-08-01T14:00,23.5,0.20,77,19.3,26.0,0.20,0.00,0.00,51,100,100,79,0,6.7,216,216,9.3,14.4,1,0.00,1011.1,997.5
2024-08-01T15:00,24.2,0.10,79,20.3,27.1,0.10,0.00,0.00,51,100,100,0,2,7.3,236,237,10.4,21.2,1,1747.67,1011.2,997.6
2024-08-01T16:00,25.4,0.00,74,20.4,28.7,0.00,0.00,0.00,3,100,100,19,1,4.7,246,247,6.3,19.1,1,3600.00,1010.6,997.1
2024-08-01T17:00,25.6,0.00,72,20.2,28.5,0.00,0.00,0.00,3,100,100,9,2,6.7,252,254,9.1,23.8,1,3600.00,1010.5,997.0
2024-08-01T18:00,24.7,0.30,76,20.2,27.7,0.30,0.00,0.00,51,100,100,19,13,6.5,209,214,9.5,24.1,1,0.00,1010.5,996.9
2024-08-01T19:00,21.5,14.40,89,19.7,24.0,14.40,0.00,0.00,65,100,70,80,99,8.4,231,227,14.3,20.5,1,615.55,1011.7,998.0
2024-08-01T20:00,20.7,2.60,92,19.4,22.9,2.60,0.00,0.00,63,100,100,18,37,9.1,280,279,16.1,23.4,1,0.00,1011.3,997.5
2024-08-01T21:00,20.1,0.10,93,19.0,22.9,0.10,0.00,0.00,51,95,91,30,28,4.2,256,250,10.7,19.1,0,0.00,1011.5,997.7
2024-08-01T22:00,20.0,0.00,94,18.9,22.7,0.00,0.00,0.00,1,28,0,12,20,4.4,205,171,9.5,10.4,0,0.00,1011.7,997.9
2024-08-01T23:00,19.3,0.00,95,18.6,21.7,0.00,0.00,0.00,1,24,0,5,23,5.3,252,242,16.3,11.9,0,0.00,1011.5,997.7
2024-08-02T00:00,19.8,0.00,94,18.7,21.6,0.00,0.00,0.00,0,10,5,0,6,10.0,286,283,21.8,20.5,0,0.00,1011.5,997.7
2024-08-02T01:00,19.4,0.00,94,18.4,21.0,0.00,0.00,0.00,3,86,84,0,9,10.4,296,290,21.6,22.0,0,0.00,1011.4,997.6
2024-08-02T02:00,19.4,0.00,94,18.4,21.1,0.00,0.00,0.00,3,99,98,0,26,9.1,285,277,18.6,25.9,0,0.00,1012.0,998.2
2024-08-02T03:00,19.2,0.00,95,18.3,20.8,0.00,0.00,0.00,3,96,95,0,27,9.4,273,268,19.1,19.8,0,0.00,1012.0,998.2
2024-08-02T04:00,18.9,0.00,95,18.1,20.5,0.00,0.00,0.00,3,93,87,0,42,9.5,286,281,19.5,19.4,0,0.00,1012.1,998.2
2024-08-02T05:00,18.5,0.00,95,17.7,20.1,0.00,0.00,0.00,3,100,100,0,26,8.6,298,292,18.7,19.8,1,0.00,1012.3,998.4
2024-08-02T06:00,18.8,0.00,94,17.8,20.3,0.00,0.00,0.00,3,97,96,0,20,8.8,292,282,16.3,18.4,1,0.00,1012.5,998.6
2024-08-02T07:00,19.2,0.00,91,17.7,20.6,0.00,0.00,0.00,3,86,80,0,27,9.7,294,292,14.2,22.0,1,2456.53,1012.6,998.8
2024-08-02T08:00,19.9,0.00,87,17.8,21.0,0.00,0.00,0.00,3,100,100,0,47,11.8,311,310,16.3,25.2,1,3600.00,1012.7,998.9
2024-08-02T09:00,20.8,0.00,82,17.6,22.0,0.00,0.00,0.00,3,92,86,0,41,10.5,311,311,13.8,25.6,1,3600.00,1012.9,999.1
2024-08-02T10:00,22.1,0.00,74,17.3,23.3,0.00,0.00,0.00,2,69,17,0,63,9.1,304,304,12.2,23.8,1,3600.00,1012.8,999.1
2024-08-02T11:00,23.1,0.00,68,16.9,24.3,0.00,0.00,0.00,3,93,20,0,91,8.8,305,305,11.9,22.7,1,3600.00,1012.6,998.9
2024-08-02T12:00,24.1,0.00,64,16.8,25.3,0.00,0.00,0.00,3,91,2,0,91,9.2,299,301,11.9,23.0,1,3600.00,1012.4,998.8
2024-08-02T13:00,24.9,0.00,60,16.5,26.4,0.00,0.00,0.00,2,50,0,0,50,9.8,294,294,13.0,24.5,1,3600.00,1012.2,998.6
2024-08-02T14:00,25.4,0.00,56,16.0,26.7,0.00,0.00,0.00,1,32,18,16,3,6.6,312,311,8.7,23.0,1,3600.00,1012.3,998.7
2024-08-02T15:00,25.8,0.00,55,16.2,27.6,0.00,0.00,0.00,0,15,4,11,2,7.6,315,315,10.2,20.5,1,3600.00,1011.7,998.2
2024-08-02T16:00,25.7,0.00,56,16.4,27.0,0.00,0.00,0.00,0,13,2,11,3,6.9,324,321,9.3,20.5,1,3600.00,1011.2,997.7
2024-08-02T17:00,25.4,0.50,57,16.3,26.8,0.50,0.00,0.00,53,24,3,18,16,5.6,307,310,7.2,19.8,1,3600.00,1011.3,997.8
2024-08-02T18:00,24.0,0.20,64,16.9,25.3,0.20,0.00,0.00,51,74,48,45,28,8.0,244,243,11.6,16.6,1,3600.00,1011.6,998.0
2024-08-02T19:00,22.5,0.00,80,18.9,25.2,0.00,0.00,0.00,0,0,0,0,0,4.3,248,246,10.5,21.2,1,3600.00,1011.4,997.7
2024-08-02T20:00,22.1,0.10,80,18.4,24.7,0.10,0.00,0.00,51,5,0,3,2,3.6,278,307,5.4,9.0,1,1096.40,1011.4,997.7
2024-08-02T21:00,21.1,0.00,84,18.3,23.9,0.00,0.00,0.00,0,13,0,5,8,1.8,232,169,4.1,5.4,0,0.00,1012.1,998.3
2024-08-02T22:00,19.1,0.00,94,18.2,21.4,0.00,0.00,0.00,1,31,0,14,20,5.0,214,180,10.4,8.3,0,0.00,1012.4,998.5
2024-08-02T23:00,18.8,0.00,95,18.1,21.0,0.00,0.00,0.00,1,30,0,20,12,5.1,222,184,10.2,8.3,0,0.00,1012.5,998.6
2024-08-03T00:00,18.9,0.00,96,18.2,21.2,0.00,0.00,0.00,0,8,0,8,0,4.7,209,176,9.5,8.6,0,0.00,1012.3,998.4
2024-08-03T01:00,18.6,0.00,97,18.1,20.7,0.00,0.00,0.00,0,2,0,2,0,5.4,204,176,11.4,10.8,0,0.00,1011.7,997.8
2024-08-03T02:00,17.7,0.00,98,17.5,19.3,0.00,0.00,0.00,3,83,0,0,83,7.2,199,183,14.5,14.8,0,0.00,1012.5,998.6
2024-08-03T03:00,17.5,0.00,99,17.4,19.2,0.00,0.00,0.00,3,95,0,0,95,6.4,221,207,13.8,14.8,0,0.00,1012.2,998.3
2024-08-03T04:00,17.6,0.00,99,17.5,19.5,0.00,0.00,0.00,3,97,2,0,97,5.7,232,215,12.3,13.3,0,0.00,1012.0,998.1
2024-08-03T05:00,17.8,0.00,99,17.7,19.8,0.00,0.00,0.00,3,100,38,0,100,5.3,223,208,9.4,11.5,0,0.00,1012.3,998.4
2024-08-03T06:00,18.3,0.00,96,17.6,20.0,0.00,0.00,0.00,3,100,93,3,100,6.8,214,205,10.9,14.4,1,0.00,1012.6,998.7
2024-08-03T07:00,19.0,0.00,92,17.7,20.7,0.00,0.00,0.00,3,100,96,6,98,7.6,214,211,10.4,17.3,1,762.11,1012.6,998.7
2024-08-03T08:00,20.1,0.00,87,17.8,21.7,0.00,0.00,0.00,3,100,100,16,100,7.9,221,223,10.5,19.1,1,1099.43,1012.5,998.7
2024-08-03T09:00,20.9,0.00,83,18.0,22.7,0.00,0.00,0.00,3,100,0,0,100,7.6,225,225,10.2,19.1,1,1072.94,1012.8,999.0
2024-08-03T10:00,22.4,0.00,79,18.5,24.4,0.00,0.00,0.00,3,99,0,0,99,7.7,229,229,10.0,20.5,1,2236.74,1013.1,999.4
2024-08-03T11:00,23.0,0.00,77,18.7,25.0,0.00,0.00,0.00,3,100,0,6,100,7.9,226,227,10.4,20.2,1,2380.68,1013.2,999.5
2024-08-03T12:00,24.2,0.00,72,18.8,26.3,0.00,0.00,0.00,3,97,2,15,96,8.9,239,238,11.8,23.0,1,3600.00,1012.9,999.3
2024-08-03T13:00,24.8,0.00,68,18.4,26.8,0.00,0.00,0.00,3,100,1,19,100,9.4,240,238,12.4,24.1,1,3600.00,1012.6,999.0
2024-08-03T14:00,24.9,0.10,66,18.0,26.3,0.10,0.00,0.00,51,98,86,14,83,11.0,240,238,15.0,26.3,1,3600.00,1012.6,999.0
2024-08-03T15:00,25.0,0.00,64,17.7,26.0,0.00,0.00,0.00,3,100,55,19,100,12.2,253,251,17.0,28.1,1,1811.20,1012.5,998.9
2024-08-03T16:00,25.1,0.00,63,17.7,26.8,0.00,0.00,0.00,2,77,32,11,61,7.3,252,250,10.2,27.0,1,3600.00,1012.0,998.4
2024-08-03T17:00,24.9,0.00,64,17.5,26.1,0.00,0.00,0.00,3,100,96,21,100,10.5,261,264,14.6,26.3,1,3600.00,1011.9,998.3
2024-08-03T18:00,22.5,1.60,81,19.1,24.8,1.60,0.00,0.00,61,99,99,31,25,7.2,347,357,10.0,25.6,1,896.38,1012.3,998.6
2024-08-03T19:00,21.9,0.00,85,19.2,24.8,0.00,0.00,0.00,3,100,100,21,22,3.9,336,34,7.1,15.1,1,296.52,1012.3,998.6
2024-08-03T20:00,20.8,0.10,88,18.7,23.3,0.10,0.00,0.00,51,100,100,43,14,4.7,279,266,11.7,10.1,1,0.00,1012.7,998.9
2024-08-03T21:00,21.1,0.00,80,17.6,22.7,0.00,0.00,0.00,3,100,100,65,18,7.4,268,256,18.0,14.0,0,0.00,1013.5,999.7
2024-08-03T22:00,20.3,0.00,75,15.8,21.0,0.00,0.00,0.00,3,100,100,100,34,8.8,261,251,20.4,17.6,0,0.00,1013.9,1000.1
2024-08-03T23:00,19.8,0.00,76,15.4,20.5,0.00,0.00,0.00,3,100,100,100,33,7.8,265,257,19.2,17.3,0,0.00,1014.0,1000.2
2024-08-04T00:00,19.3,0.20,79,15.5,20.0,0.20,0.00,0.00,51,100,100,70,18,8.3,275,268,18.1,16.9,0,0.00,1014.4,1000.5
2024-08-04T01:00,18.2,0.20,86,15.9,19.6,0.20,0.00,0.00,51,100,100,100,4,4.5,277,256,12.7,17.3,0,0.00,1014.3,1000.4
2024-08-04T02:00,17.3,0.00,91,15.9,18.8,0.00,0.00,0.00,2,72,55,2,38,3.7,256,191,7.4,11.2,0,0.00,1014.6,1000.6
2024-08-04T03:00,17.8,0.00,89,16.0,19.3,0.00,0.00,0.00,2,50,21,1,36,3.4,254,198,7.9,7.2,0,0.00,1014.6,1000.7
2024-08-04T04:00,17.1,0.00,92,15.8,18.4,0.00,0.00,0.00,1,36,10,6,27,4.7,239,203,10.5,9.0,0,0.00,1014.7,1000.7
2024-08-04T05:00,16.9,0.00,92,15.5,17.9,0.00,0.00,0.00,1,30,1,16,19,5.8,217,187,12.1,11.2,0,0.00,1014.7,1000.7
2024-08-04T06:00,17.2,0.00,90,15.6,18.1,0.00,0.00,0.00,3,100,97,87,76,6.8,221,198,13.8,13.0,1,313.14,1015.1,1001.1
2024-08-04T07:00,18.2,0.00,88,16.1,19.3,0.00,0.00,0.00,3,100,100,3,27,6.7,218,196,14.6,15.1,1,251.40,1015.2,1001.3
2024-08-04T08:00,19.6,0.00,81,16.3,20.5,0.00,0.00,0.00,3,100,100,18,62,8.4,217,211,12.1,19.4,1,3600.00,1015.2,1001.3
2024-08-04T09:00,20.2,0.00,79,16.4,21.0,0.00,0.00,0.00,3,98,95,40,17,9.2,214,211,13.0,21.2,1,521.39,1015.1,1001.3
2024-08-04T10:00,21.8,0.00,72,16.6,22.5,0.00,0.00,0.00,3,100,99,59,18,11.2,230,230,15.6,25.2,1,3600.00,1015.2,1001.4
2024-08-04T11:00,22.4,0.10,66,15.9,22.2,0.10,0.00,0.00,51,100,100,82,23,15.0,246,246,21.3,32.4,1,3600.00,1015.2,1001.5
2024-08-04T12:00,22.8,0.00,63,15.5,22.7,0.00,0.00,0.00,3,100,100,100,27,13.2,248,248,19.1,32.8,1,794.45,1015.0,1001.3
2024-08-04T13:00,23.5,0.00,60,15.3,23.5,0.00,0.00,0.00,3,100,100,100,100,12.2,252,256,17.8,28.4,1,406.36,1014.4,1000.7
2024-08-04T14:00,21.9,0.10,72,16.6,22.2,0.10,0.00,0.00,51,100,100,50,13,13.7,240,240,20.0,29.5,1,0.00,1015.5,1001.7
2024-08-04T15:00,23.0,0.10,67,16.6,23.4,0.10,0.00,0.00,51,100,100,69,24,12.8,257,259,18.1,33.1,1,1745.43,1015.0,1001.3
2024-08-04T16:00,22.3,0.00,73,17.2,23.5,0.00,0.00,0.00,3,100,100,100,9,9.7,288,292,13.7,33.1,1,460.52,1014.9,1001.2
2024-08-04T17:00,22.1,0.00,77,17.8,23.6,0.00,0.00,0.00,3,100,100,84,15,8.9,299,302,12.7,21.2,1,0.00,1014.7,1001.0
2024-08-04T18:00,21.0,0.40,84,18.2,23.0,0.40,0.00,0.00,51,100,100,100,15,6.9,299,298,11.1,24.8,1,0.00,1015.0,1001.2
2024-08-04T19:00,20.4,0.70,85,17.8,22.2,0.70,0.00,0.00,53,100,100,100,20,6.7,310,306,11.8,14.8,1,0.00,1015.0,1001.2
2024-08-04T20:00,19.4,0.90,90,17.7,21.6,0.90,0.00,0.00,53,100,80,97,98,3.7,286,259,9.0,13.7,1,0.00,1015.5,1001.6
2024-08-04T21:00,19.3,0.20,93,18.2,22.0,0.20,0.00,0.00,51,60,11,50,19,2.4,283,243,6.3,10.1,0,0.00,1015.9,1002.0
2024-08-04T22:00,18.5,0.00,96,17.9,20.9,0.00,0.00,0.00,1,44,0,32,20,2.9,270,240,6.1,5.8,0,0.00,1016.1,1002.2
2024-08-04T23:00,18.1,0.00,96,17.5,20.2,0.00,0.00,0.00,3,100,38,36,100,4.0,292,275,5.8,11.9,0,0.00,1016.3,1002.3
2024-08-05T00:00,18.6,0.10,95,17.7,20.9,0.10,0.00,0.00,51,100,22,76,100,3.1,339,324,8.1,6.1,0,0.00,1016.2,1002.3
2024-08-05T01:00,18.2,0.00,94,17.2,20.0,0.00,0.00,0.00,3,99,6,88,93,5.3,353,332,11.3,10.4,0,0.00,1016.0,1002.1
2024-08-05T02:00,18.0,0.00,95,17.1,19.9,0.00,0.00,0.00,3,82,4,79,7,3.8,9,343,8.8,7.9,0,0.00,1016.1,1002.1
2024-08-05T03:00,17.0,0.00,96,16.3,18.6,0.00,0.00,0.00,2,79,0,78,6,4.0,5,333,8.7,7.6,0,0.00,1015.9,1001.9
2024-08-05T04:00,16.2,0.00,97,15.7,17.3,0.00,0.00,0.00,1,23,1,17,6,5.6,360,333,9.0,8.3,0,0.00,1015.9,1001.9
2024-08-05T05:00,17.1,0.00,93,15.9,18.5,0.00,0.00,0.00,2,58,5,54,4,4.1,360,322,6.1,8.6,0,0.00,1015.8,1001.8
2024-08-05T06:00,16.9,0.00,94,16.0,18.6,0.00,0.00,0.00,3,94,19,92,4,2.3,4,321,5.1,6.1,1,0.00,1015.9,1001.9
2024-08-05T07:00,17.5,0.00,94,16.6,19.7,0.00,0.00,0.00,3,100,12,100,3,0.8,27,297,2.4,5.8,1,142.61,1016.2,1002.2
2024-08-05T08:00,18.4,0.00,90,16.7,20.6,0.00,0.00,0.00,3,91,81,50,4,1.3,349,304,1.8,7.9,1,985.09,1016.3,1002.4
2024-08-05T09:00,19.9,0.00,80,16.4,21.8,0.00,0.00,0.00,1,48,36,19,0,1.8,321,307,2.3,10.8,1,3600.00,1016.3,1002.4
2024-08-05T10:00,21.2,0.00,71,15.6,22.5,0.00,0.00,0.00,2,70,46,1,44,3.8,318,311,4.8,14.0,1,3600.00,1016.2,1002.4
2024-08-05T11:00,22.2,0.00,64,15.1,23.8,0.00,0.00,0.00,3,100,8,0,100,4.1,321,315,5.1,15.1,1,3600.00,1016.0,1002.2
2024-08-05T12:00,22.6,0.00,61,14.8,23.5,0.00,0.00,0.00,3,100,0,0,100,4.7,305,302,5.7,15.1,1,3600.00,1015.7,1002.0
2024-08-05T13:00,23.6,0.00,57,14.5,24.9,0.00,0.00,0.00,2,74,0,0,74,4.7,305,302,5.7,16.6,1,3600.00,1015.5,1001.8
2024-08-05T14:00,24.0,0.00,56,14.7,25.2,0.00,0.00,0.00,2,53,4,1,51,4.0,293,297,4.7,15.5,1,3600.00,1015.2,1001.5
2024-08-05T15:00,24.4,0.00,53,14.2,25.2,0.00,0.00,0.00,0,17,5,0,13,4.4,304,305,5.2,14.0,1,3600.00,1015.0,1001.4
2024-08-05T16:00,24.6,0.00,53,14.5,25.4,0.00,0.00,0.00,0,1,0,1,0,5.9,317,317,7.4,16.2,1,3600.00,1014.7,1001.1
2024-08-05T17:00,24.4,0.00,54,14.5,25.0,0.00,0.00,0.00,0,0,0,0,0,5.5,336,337,7.1,16.2,1,3600.00,1014.5,1000.9
2024-08-05T18:00,23.7,0.00,57,14.8,24.4,0.00,0.00,0.00,0,0,0,0,0,5.7,19,18,8.8,14.0,1,3600.00,1014.2,1000.5
2024-08-05T19:00,22.1,0.00,65,15.2,22.9,0.00,0.00,0.00,0,0,0,0,0,6.9,41,39,15.3,14.0,1,3600.00,1014.2,1000.5
2024-08-05T20:00,19.7,0.00,71,14.4,20.4,0.00,0.00,0.00,0,0,0,0,0,5.5,53,58,13.1,13.7,0,903.34,1014.3,1000.5
2024-08-05T21:00,18.9,0.00,74,14.1,19.4,0.00,0.00,0.00,0,0,0,0,0,5.8,62,68,13.8,10.8,0,0.00,1014.3,1000.4
2024-08-05T22:00,18.5,0.00,74,13.8,18.6,0.00,0.00,0.00,0,0,0,0,0,7.5,70,73,18.0,14.0,0,0.00,1014.5,1000.6
2024-08-05T23:00,17.7,0.00,74,13.1,17.6,0.00,0.00,0.00,0,0,0,0,0,7.2,86,84,16.2,14.8,0,0.00,1014.3,1000.4
2024-08-06T00:00,17.1,0.00,74,12.5,16.8,0.00,0.00,0.00,0,0,0,0,0,6.8,92,87,16.9,14.0,0,0.00,1014.1,1000.1
2024-08-06T01:00,16.6,0.00,74,12.0,16.4,0.00,0.00,0.00,0,0,0,0,0,5.8,97,86,17.1,13.7,0,0.00,1013.9,999.9
2024-08-06T02:00,16.3,0.00,77,12.3,16.1,0.00,0.00,0.00,0,0,0,0,0,6.1,110,93,17.2,13.3,0,0.00,1014.0,1000.0
2024-08-06T03:00,16.0,0.00,79,12.4,15.7,0.00,0.00,0.00,0,0,0,0,0,7.2,105,87,17.9,14.0,0,0.00,1013.6,999.6
2024-08-06T04:00,15.4,0.00,83,12.5,15.3,0.00,0.00,0.00,0,0,0,0,0,6.2,99,83,15.3,14.0,0,0.00,1013.2,999.2
2024-08-06T05:00,15.1,0.00,84,12.3,15.0,0.00,0.00,0.00,0,0,0,0,0,5.6,93,75,13.7,12.2,0,0.00,1013.1,999.0
2024-08-06T06:00,15.7,0.00,83,12.9,15.8,0.00,0.00,0.00,0,0,0,0,0,5.6,90,75,12.2,11.5,1,526.91,1013.0,999.0
2024-08-06T07:00,18.2,0.00,77,14.1,18.9,0.00,0.00,0.00,0,0,0,0,0,4.2,88,70,10.4,11.5,1,3600.00,1013.0,999.1
2024-08-06T08:00,20.6,0.00,71,15.1,22.0,0.00,0.00,0.00,0,0,0,0,0,1.5,86,76,4.7,10.1,1,3600.00,1012.9,999.1
2024-08-06T09:00,22.5,0.00,65,15.5,24.1,0.00,0.00,0.00,0,0,0,0,0,1.4,98,90,2.5,9.4,1,3600.00,1013.0,999.3
2024-08-06T10:00,24.2,0.00,61,16.1,26.3,0.00,0.00,0.00,3,93,93,0,0,1.9,104,112,3.0,10.8,1,3600.00,1012.7,999.1
2024-08-06T11:00,25.7,0.00,56,16.3,28.5,0.00,0.00,0.00,3,100,100,0,0,2.3,131,141,3.3,11.5,1,3600.00,1012.5,998.9
2024-08-06T12:00,26.7,0.00,53,16.3,29.9,0.00,0.00,0.00,3,100,100,0,0,2.7,191,203,3.7,12.6,1,3600.00,1012.2,998.7
2024-08-06T13:00,27.4,0.00,51,16.3,30.5,0.00,0.00,0.00,3,100,100,0,0,4.1,219,232,5.1,14.4,1,3600.00,1011.9,998.4
2024-08-06T14:00,28.0,0.00,49,16.4,30.6,0.00,0.00,0.00,3,99,99,0,0,5.3,234,242,6.7,15.8,1,3600.00,1011.6,998.2
2024-08-06T15:00,28.2,0.00,47,15.9,30.1,0.00,0.00,0.00,3,98,98,0,0,6.4,250,254,8.4,17.6,1,3600.00,1011.3,997.9
2024-08-06T16:00,28.1,0.00,47,15.8,29.4,0.00,0.00,0.00,0,13,13,0,0,7.2,261,264,9.5,18.0,1,3600.00,1011.0,997.6
2024-08-06T17:00,27.7,0.00,50,16.3,29.1,0.00,0.00,0.00,0,0,0,0,0,5.6,280,285,8.0,17.6,1,3600.00,1010.8,997.4
2024-08-06T18:00,27.2,0.00,56,17.7,29.5,0.00,0.00,0.00,0,6,0,6,0,2.8,312,320,4.8,13.7,1,3600.00,1010.7,997.2
2024-08-06T19:00,25.5,0.00,73,20.2,28.8,0.00,0.00,0.00,0,6,3,3,0,4.0,18,27,5.7,6.8,1,3600.00,1010.7,997.2
2024-08-06T20:00,22.7,0.00,72,17.5,24.3,0.00,0.00,0.00,0,5,4,1,0,7.2,45,53,7.1,9.7,0,764.35,1010.9,997.2
2024-08-06T21:00,21.8,0.00,74,16.9,23.5,0.00,0.00,0.00,0,2,1,2,0,5.1,100,82,4.0,9.4,0,0.00,1011.2,997.5
2024-08-06T22:00,20.5,0.00,78,16.5,21.9,0.00,0.00,0.00,0,2,0,2,0,5.5,150,101,5.0,7.9,0,0.00,1011.3,997.5
2024-08-06T23:00,19.9,0.00,78,15.9,21.0,0.00,0.00,0.00,0,1,0,1,0,6.0,155,107,6.0,8.3,0,0.00,1011.4,997.6
2024-08-07T00:00,19.7,0.00,77,15.6,20.7,0.00,0.00,0.00,0,16,16,1,0,5.6,180,140,10.1,9.7,0,0.00,1011.4,997.6
2024-08-07T01:00,19.3,0.00,80,15.8,20.6,0.00,0.00,0.00,0,4,3,0,1,4.7,199,148,11.0,9.7,0,0.00,1011.5,997.7
2024-08-07T02:00,18.3,0.00,85,15.7,19.1,0.00,0.00,0.00,0,0,0,0,0,7.6,221,175,6.6,10.1,0,0.00,1011.6,997.7
2024-08-07T03:00,19.1,0.00,82,16.0,20.4,0.00,0.00,0.00,0,0,0,0,0,4.7,180,122,6.5,10.1,0,0.00,1011.3,997.5
2024-08-07T04:00,18.3,0.00,85,15.8,19.4,0.00,0.00,0.00,0,6,5,0,1,6.1,179,135,14.0,11.5,0,0.00,1011.3,997.4
2024-08-07T05:00,18.3,0.00,86,15.8,19.4,0.00,0.00,0.00,2,57,57,0,0,5.9,186,137,14.1,11.5,0,0.00,1011.4,997.5
2024-08-07T06:00,18.8,0.00,85,16.2,19.9,0.00,0.00,0.00,3,98,98,0,0,7.0,167,125,12.9,14.0,1,411.06,1011.5,997.6
2024-08-07T07:00,20.6,0.00,81,17.2,22.2,0.00,0.00,0.00,3,100,100,0,0,6.5,177,146,11.9,13.7,1,3600.00,1011.7,997.9
2024-08-07T08:00,21.9,0.00,77,17.7,23.8,0.00,0.00,0.00,3,96,96,0,0,5.8,176,150,9.4,14.0,1,1030.14,1011.8,998.1
2024-08-07T09:00,23.8,0.00,72,18.5,26.4,0.00,0.00,0.00,3,100,100,8,3,4.0,191,185,5.5,15.1,1,3600.00,1012.0,998.4
2024-08-07T10:00,25.5,0.00,67,18.9,28.5,0.00,0.00,0.00,3,100,100,7,0,2.3,225,219,3.1,13.0,1,3600.00,1011.7,998.2
2024-08-07T11:00,26.0,0.00,66,19.1,28.8,0.00,0.00,0.00,3,99,99,26,9,6.2,242,234,8.5,20.2,1,3600.00,1012.5,999.0
2024-08-07T12:00,22.1,5.80,85,19.4,23.6,5.80,0.00,0.00,63,100,100,87,43,13.5,242,241,20.5,33.1,1,3600.00,1014.1,1000.4
2024-08-07T13:00,21.2,0.20,86,18.7,24.2,0.20,0.00,0.00,51,100,100,11,3,1.5,191,166,1.8,31.7,1,0.00,1012.8,999.0
2024-08-07T14:00,23.5,6.30,82,20.3,25.8,6.30,0.00,0.00,63,98,93,32,66,12.7,234,235,18.8,40.0,1,3600.00,1013.2,999.5
2024-08-07T15:00,23.8,0.10,78,19.8,26.6,0.10,0.00,0.00,51,73,58,33,5,6.8,204,198,9.8,27.7,1,1945.98,1012.5,998.9
2024-08-07T16:00,24.0,2.10,76,19.6,26.8,2.10,0.00,0.00,61,99,90,81,84,5.9,317,308,6.9,21.2,1,3600.00,1012.8,999.2
2024-08-07T17:00,20.4,5.30,91,18.9,23.1,5.30,0.00,0.00,63,73,63,23,8,3.6,216,186,4.9,28.1,1,198.59,1013.0,999.2
2024-08-07T18:00,21.3,0.00,87,19.1,24.0,0.00,0.00,0.00,0,14,4,6,4,5.2,202,196,7.8,14.8,1,3600.00,1013.4,999.6
2024-08-07T19:00,21.1,0.00,89,19.2,23.6,0.00,0.00,0.00,1,23,0,19,4,6.4,211,207,11.8,14.4,1,3600.00,1013.9,1000.1
2024-08-07T20:00,20.0,0.00,92,18.7,22.2,0.00,0.00,0.00,1,22,0,9,14,7.0,239,235,17.3,15.8,0,309.47,1014.3,1000.5
2024-08-07T21:00,19.5,0.00,93,18.3,21.5,0.00,0.00,0.00,1,26,0,8,20,6.9,247,242,18.1,14.4,0,0.00,1014.9,1001.0
2024-08-07T22:00,19.0,0.00,95,18.2,21.2,0.00,0.00,0.00,1,40,0,9,34,5.6,265,255,15.9,14.4,0,0.00,1015.1,1001.2
2024-08-07T23:00,18.2,0.00,96,17.6,20.1,0.00,0.00,0.00,1,36,0,5,33,5.8,298,274,11.4,12.2,0,0.00,1015.2,1001.3
2024-08-08T00:00,17.9,0.00,95,17.2,19.8,0.00,0.00,0.00,3,100,72,90,100,4.5,311,284,10.5,10.1,0,0.00,1015.5,1001.6
2024-08-08T01:00,18.9,0.00,93,17.7,20.9,0.00,0.00,0.00,3,100,99,100,100,5.2,310,295,11.8,10.4,0,0.00,1015.5,1001.6
2024-08-08T02:00,19.2,0.00,95,18.3,21.6,0.00,0.00,0.00,3,97,72,88,67,4.1,315,308,10.7,11.2,0,0.00,1015.2,1001.3
2024-08-08T03:00,18.8,0.10,95,18.0,20.7,0.10,0.00,0.00,51,96,93,19,25,6.6,300,283,13.7,13.7,0,0.00,1015.3,1001.4
2024-08-08T04:00,18.4,0.10,95,17.5,20.5,0.10,0.00,0.00,51,100,100,81,77,3.8,335,343,6.8,13.3,0,0.00,1015.5,1001.6
2024-08-08T05:00,18.1,0.20,97,17.6,20.3,0.20,0.00,0.00,51,100,100,99,9,4.0,313,297,8.9,7.9,0,0.00,1015.8,1001.9
2024-08-08T06:00,18.0,0.10,96,17.4,19.8,0.10,0.00,0.00,51,100,100,65,21,5.2,298,286,11.4,11.9,1,0.00,1016.3,1002.3
2024-08-08T07:00,18.4,0.10,92,17.2,20.1,0.10,0.00,0.00,51,100,100,80,36,6.0,308,303,11.0,13.7,1,0.00,1017.2,1003.3
2024-08-08T08:00,18.7,0.10,88,16.7,20.1,0.10,0.00,0.00,51,100,100,100,7,6.5,309,304,9.7,14.8,1,0.00,1017.4,1003.5
2024-08-08T09:00,19.1,0.00,85,16.5,20.4,0.00,0.00,0.00,3,100,0,100,2,7.0,296,291,10.0,16.9,1,0.00,1018.0,1004.1
2024-08-08T10:00,19.4,0.00,82,16.2,20.6,0.00,0.00,0.00,3,100,0,100,1,6.3,306,301,9.3,16.2,1,0.00,1018.3,1004.4
2024-08-08T11:00,20.8,0.00,73,15.8,21.8,0.00,0.00,0.00,1,37,0,36,4,6.8,304,302,9.1,17.6,1,2573.25,1018.6,1004.7
2024-08-08T12:00,22.6,0.00,59,14.1,23.6,0.00,0.00,0.00,1,28,1,26,1,7.7,299,298,10.3,20.9,1,3600.00,1018.1,1004.3
2024-08-08T13:00,23.6,0.00,53,13.4,24.2,0.00,0.00,0.00,1,35,3,8,31,9.4,290,288,12.6,23.8,1,3600.00,1017.7,1004.0
2024-08-08T14:00,23.4,0.00,51,12.7,22.9,0.00,0.00,0.00,3,97,2,65,96,9.2,294,296,12.2,22.3,1,3600.00,1017.8,1004.1
2024-08-08T15:00,23.5,0.00,51,12.7,23.2,0.00,0.00,0.00,0,19,0,19,0,7.2,303,307,9.9,22.3,1,3600.00,1017.6,1003.9
2024-08-08T16:00,24.1,0.00,48,12.5,23.8,0.00,0.00,0.00,2,64,0,64,2,7.4,286,284,10.5,18.4,1,3600.00,1017.2,1003.5
2024-08-08T17:00,23.8,0.00,50,12.7,23.5,0.00,0.00,0.00,2,77,6,75,7,7.7,280,281,12.1,18.4,1,3600.00,1017.2,1003.5
2024-08-08T18:00,23.2,0.00,57,14.1,23.8,0.00,0.00,0.00,0,4,0,4,0,5.0,298,300,10.6,18.0,1,3600.00,1017.2,1003.5
2024-08-08T19:00,21.8,0.00,74,16.9,23.6,0.00,0.00,0.00,0,2,0,2,0,4.7,325,337,7.5,11.5,1,3600.00,1017.3,1003.5
2024-08-08T20:00,22.5,0.00,53,12.6,22.9,0.00,0.00,0.00,0,5,0,5,0,2.6,300,344,5.0,7.9,0,407.85,1017.5,1003.7
2024-08-08T21:00,21.8,0.00,56,12.5,21.9,0.00,0.00,0.00,0,3,0,3,0,4.3,248,180,6.6,6.1,0,0.00,1017.8,1004.0
2024-08-08T22:00,17.7,0.00,76,13.5,17.8,0.00,0.00,0.00,0,0,0,0,0,6.8,238,177,8.1,9.4,0,0.00,1018.0,1004.0
2024-08-08T23:00,17.1,0.00,77,13.1,17.2,0.00,0.00,0.00,0,2,1,0,1,5.9,239,169,7.6,9.7,0,0.00,1018.1,1004.1
2024-08-09T00:00,16.6,0.00,79,12.9,16.7,0.00,0.00,0.00,2,61,59,1,7,5.8,236,173,8.3,9.0,0,0.00,1018.2,1004.2
2024-08-09T01:00,16.0,0.00,82,12.9,16.1,0.00,0.00,0.00,1,30,16,2,17,5.7,230,162,6.1,9.0,0,0.00,1018.1,1004.0
2024-08-09T02:00,15.9,0.00,84,13.2,16.0,0.00,0.00,0.00,2,54,53,0,3,5.9,182,137,8.6,9.4,0,0.00,1018.0,1003.9
2024-08-09T03:00,15.8,0.00,85,13.4,16.1,0.00,0.00,0.00,2,75,73,0,6,5.4,197,143,10.9,9.4,0,0.00,1018.0,1003.9
2024-08-09T04:00,15.9,0.00,86,13.6,16.3,0.00,0.00,0.00,1,23,11,6,8,5.0,204,159,13.0,9.4,0,0.00,1018.0,1003.9
2024-08-09T05:00,16.1,0.00,86,13.7,16.5,0.00,0.00,0.00,2,78,74,8,7,5.1,200,141,11.8,10.1,0,0.00,1018.0,1003.9
2024-08-09T06:00,16.7,0.00,84,14.0,17.0,0.00,0.00,0.00,2,51,49,3,0,6.8,194,148,13.0,13.0,1,16.66,1018.0,1004.0
2024-08-09T07:00,18.4,0.00,81,15.0,19.0,0.00,0.00,0.00,3,94,94,0,0,7.3,193,147,14.4,15.5,1,3600.00,1018.0,1004.0
2024-08-09T08:00,20.1,0.00,76,15.7,20.9,0.00,0.00,0.00,3,100,100,0,0,7.5,177,163,11.9,18.4,1,3600.00,1018.1,1004.2
2024-08-09T09:00,21.9,0.00,70,16.1,22.9,0.00,0.00,0.00,3,100,100,4,3,7.8,199,193,11.0,19.4,1,3600.00,1018.5,1004.7
2024-08-09T10:00,23.4,0.00,64,16.3,24.1,0.00,0.00,0.00,3,100,100,1,0,10.2,207,203,14.5,24.1,1,3600.00,1018.3,1004.6
2024-08-09T11:00,25.1,0.00,56,15.8,25.9,0.00,0.00,0.00,3,100,100,16,8,12.4,217,216,17.5,29.2,1,3600.00,1018.1,1004.4
2024-08-09T12:00,25.9,0.00,53,15.7,26.6,0.00,0.00,0.00,3,100,100,21,19,14.4,217,217,20.3,32.4,1,3600.00,1017.7,1004.1
2024-08-09T13:00,27.1,0.00,49,15.6,27.1,0.00,0.00,0.00,3,100,100,64,100,15.5,223,222,22.7,34.6,1,3600.00,1017.2,1003.7
2024-08-09T14:00,26.1,0.00,53,15.7,26.2,0.00,0.00,0.00,3,100,100,100,85,13.0,207,204,20.3,35.6,1,0.00,1017.3,1003.7
2024-08-09T15:00,27.0,0.00,52,16.4,27.5,0.00,0.00,0.00,3,100,100,52,11,11.2,223,222,18.3,28.4,1,0.00,1016.9,1003.3
2024-08-09T16:00,27.0,0.30,55,17.1,27.2,0.30,0.00,0.00,51,100,100,21,16,15.6,250,251,25.3,31.7,1,2879.45,1016.7,1003.2
2024-08-09T17:00,26.4,0.10,59,17.9,27.2,0.10,0.00,0.00,51,81,77,13,6,14.2,254,254,24.4,33.1,1,3600.00,1016.9,1003.3
2024-08-09T18:00,26.2,0.00,60,17.7,27.1,0.00,0.00,0.00,0,16,8,7,7,12.8,254,254,23.2,31.3,1,3600.00,1016.9,1003.3
2024-08-09T19:00,25.0,0.00,63,17.4,26.0,0.00,0.00,0.00,0,8,1,3,6,11.2,265,264,22.8,27.4,1,3600.00,1017.3,1003.7
2024-08-09T20:00,23.2,0.00,68,17.0,24.5,0.00,0.00,0.00,1,43,37,10,0,8.3,272,272,20.9,23.4,0,203.74,1018.0,1004.3
2024-08-09T21:00,21.8,0.00,74,17.0,23.3,0.00,0.00,0.00,3,98,97,26,8,6.6,281,283,19.1,17.3,0,0.00,1018.6,1004.8
2024-08-09T22:00,20.8,0.00,79,17.0,22.4,0.00,0.00,0.00,3,100,97,92,2,5.9,285,281,17.1,14.0,0,0.00,1019.1,1005.2
2024-08-09T23:00,20.6,0.00,81,17.2,22.4,0.00,0.00,0.00,2,78,55,51,6,5.0,291,270,13.1,11.9,0,0.00,1019.2,1005.3
2024-08-10T00:00,19.4,0.00,86,17.0,21.0,0.00,0.00,0.00,2,64,0,62,12,5.4,276,233,10.1,10.8,0,0.00,1019.6,1005.7
2024-08-10T01:00,18.8,0.00,89,17.0,20.5,0.00,0.00,0.00,2,56,0,54,22,5.4,272,222,9.7,9.7,0,0.00,1019.9,1005.9
2024-08-10T02:00,18.6,0.00,88,16.7,20.4,0.00,0.00,0.00,0,12,0,3,11,4.0,276,190,6.5,12.2,0,0.00,1019.8,1005.8
2024-08-10T03:00,17.9,0.00,91,16.4,19.5,0.00,0.00,0.00,0,8,0,3,8,4.2,225,160,5.1,7.6,0,0.00,1020.0,1006.0
2024-08-10T04:00,18.1,0.00,92,16.7,19.5,0.00,0.00,0.00,0,17,0,6,16,6.3,204,167,14.2,11.5,0,0.00,1020.2,1006.2
2024-08-10T05:00,17.9,0.00,93,16.8,19.4,0.00,0.00,0.00,1,20,0,5,20,5.8,210,176,14.5,11.9,0,0.00,1020.5,1006.5
2024-08-10T06:00,18.6,0.00,92,17.2,20.2,0.00,0.00,0.00,0,18,0,1,17,6.1,211,180,13.4,11.5,1,24.87,1020.8,1006.8
2024-08-10T07:00,20.1,0.00,87,18.0,22.1,0.00,0.00,0.00,2,59,0,0,59,6.1,209,180,14.0,13.7,1,3600.00,1021.0,1007.1
2024-08-10T08:00,21.8,0.00,82,18.5,24.1,0.00,0.00,0.00,1,34,0,0,34,5.8,213,210,8.6,15.8,1,3600.00,1021.3,1007.5
2024-08-10T09:00,23.1,0.00,77,18.8,25.7,0.00,0.00,0.00,1,40,20,2,23,5.1,235,231,7.0,15.8,1,3600.00,1021.4,1007.6
2024-08-10T10:00,24.5,0.00,70,18.6,26.1,0.00,0.00,0.00,2,50,14,11,36,11.3,259,261,15.0,25.2,1,3600.00,1021.3,1007.6
2024-08-10T11:00,25.8,0.10,63,18.2,27.2,0.10,0.00,0.00,51,30,14,0,18,13.0,266,267,17.7,29.9,1,3600.00,1021.2,1007.5
2024-08-10T12:00,26.7,0.00,57,17.4,28.3,0.00,0.00,0.00,0,7,1,0,6,13.0,272,273,18.0,30.2,1,3600.00,1021.1,1007.5
2024-08-10T13:00,27.3,0.00,50,15.9,28.7,0.00,0.00,0.00,0,10,7,0,3,13.5,279,279,18.6,31.3,1,3600.00,1021.1,1007.5
2024-08-10T14:00,27.8,0.00,47,15.4,28.9,0.00,0.00,0.00,0,8,5,0,3,12.6,275,275,17.3,29.9,1,3600.00,1021.1,1007.5
2024-08-10T15:00,27.8,0.00,45,14.7,28.7,0.00,0.00,0.00,1,45,44,0,1,10.5,274,274,14.4,29.2,1,3600.00,1021.0,1007.4
2024-08-10T16:00,27.7,0.00,45,14.8,28.2,0.00,0.00,0.00,0,0,0,0,0,9.1,263,263,12.7,24.8,1,3600.00,1020.7,1007.1
2024-08-10T17:00,27.6,0.00,47,15.2,28.1,0.00,0.00,0.00,0,0,0,0,0,8.4,265,263,13.4,21.2,1,3600.00,1020.4,1006.8
2024-08-10T18:00,26.8,0.00,55,17.1,28.6,0.00,0.00,0.00,0,0,0,0,0,5.1,283,278,11.4,19.4,1,3600.00,1020.3,1006.7
2024-08-10T19:00,24.7,0.00,63,17.2,26.5,0.00,0.00,0.00,0,0,0,0,0,5.3,328,332,14.4,11.5,1,3600.00,1020.4,1006.7
2024-08-10T20:00,22.9,0.00,53,12.7,22.5,0.00,0.00,0.00,0,0,0,0,0,8.1,332,347,21.6,16.9,0,291.39,1020.9,1007.1
2024-08-10T21:00,21.3,0.00,59,13.0,21.3,0.00,0.00,0.00,0,0,0,0,0,6.8,313,328,19.1,16.2,0,0.00,1021.2,1007.3
2024-08-10T22:00,20.4,0.00,65,13.5,20.5,0.00,0.00,0.00,0,0,0,0,0,6.8,325,342,15.0,12.6,0,0.00,1021.5,1007.6
2024-08-10T23:00,19.3,0.00,70,13.7,19.4,0.00,0.00,0.00,0,0,0,0,0,7.3,349,11,12.8,11.5,0,0.00,1021.5,1007.5
2024-08-11T00:00,19.5,0.00,67,13.3,19.5,0.00,0.00,0.00,0,0,0,0,0,7.1,358,30,10.4,11.2,0,0.00,1021.5,1007.5
2024-08-11T01:00,21.5,0.00,55,12.2,21.7,0.00,0.00,0.00,0,0,0,0,0,3.4,343,58,6.0,9.7,0,0.00,1021.5,1007.6
2024-08-11T02:00,19.7,0.00,66,13.1,20.4,0.00,0.00,0.00,0,0,0,0,0,1.8,347,79,3.3,5.4,0,0.00,1021.3,1007.4
2024-08-11T03:00,17.6,0.00,76,13.3,18.3,0.00,0.00,0.00,0,0,0,0,0,2.6,342,74,3.4,4.0,0,0.00,1021.3,1007.3
2024-08-11T04:00,16.9,0.00,79,13.2,17.2,0.00,0.00,0.00,0,0,0,0,0,4.6,349,51,5.5,6.1,0,0.00,1021.2,1007.1
2024-08-11T05:00,16.3,0.00,82,13.2,16.3,0.00,0.00,0.00,0,0,0,0,0,6.8,358,25,9.4,9.7,0,0.00,1021.2,1007.1
2024-08-11T06:00,17.5,0.00,80,14.0,18.1,0.00,0.00,0.00,1,32,32,0,0,4.5,11,29,11.0,10.1,1,197.57,1021.3,1007.2
2024-08-11T07:00,19.8,0.00,76,15.4,20.9,0.00,0.00,0.00,0,0,0,0,0,4.4,11,9,9.5,9.0,1,3600.00,1021.7,1007.8
2024-08-11T08:00,22.2,0.00,70,16.5,24.1,0.00,0.00,0.00,0,0,0,0,0,2.3,29,342,6.6,9.0,1,3600.00,1021.7,1007.9
2024-08-11T09:00,24.5,0.00,64,17.3,26.5,0.00,0.00,0.00,0,4,4,0,0,3.6,12,354,5.2,11.9,1,3600.00,1021.5,1007.8
2024-08-11T10:00,26.2,0.00,57,17.1,28.4,0.00,0.00,0.00,0,3,3,0,0,4.0,18,10,5.7,13.7,1,3600.00,1021.3,1007.7
2024-08-11T11:00,27.5,0.00,52,16.9,30.5,0.00,0.00,0.00,1,48,48,0,0,2.9,15,360,4.1,13.3,1,3600.00,1020.9,1007.3
2024-08-11T12:00,28.6,0.00,49,16.9,31.9,0.00,0.00,0.00,2,78,78,0,0,3.7,4,349,4.7,13.3,1,3600.00,1020.3,1006.8
2024-08-11T13:00,29.4,0.00,48,17.1,32.8,0.00,0.00,0.00,2,77,77,0,0,4.7,7,356,5.8,15.1,1,3600.00,1019.6,1006.1
2024-08-11T14:00,30.1,0.00,45,17.0,33.3,0.00,0.00,0.00,2,54,54,0,0,4.7,11,360,5.9,15.1,1,3600.00,1019.2,1005.8
2024-08-11T15:00,30.6,0.00,45,17.3,33.4,0.00,0.00,0.00,1,47,47,0,0,5.1,9,356,6.6,14.8,1,3600.00,1018.7,1005.3
2024-08-11T16:00,30.6,0.00,46,17.8,32.7,0.00,0.00,0.00,1,29,29,0,0,6.2,15,7,8.2,15.5,1,3600.00,1018.0,1004.6
2024-08-11T17:00,30.3,0.00,49,18.2,32.4,0.00,0.00,0.00,1,21,21,0,0,6.0,27,17,9.7,15.8,1,3600.00,1017.5,1004.1
2024-08-11T18:00,29.2,0.00,56,19.4,32.0,0.00,0.00,0.00,0,5,5,0,0,5.2,29,16,11.9,14.8,1,3600.00,1017.1,1003.6
2024-08-11T19:00,26.9,0.00,63,19.2,29.2,0.00,0.00,0.00,0,0,0,0,0,7.3,33,20,17.7,14.8,1,3600.00,1017.0,1003.4
2024-08-11T20:00,25.0,0.00,66,18.1,26.5,0.00,0.00,0.00,3,87,87,0,0,9.5,48,37,21.7,18.4,0,197.40,1016.9,1003.3
2024-08-11T21:00,23.9,0.00,67,17.4,25.2,0.00,0.00,0.00,3,100,100,0,0,8.9,59,50,22.3,19.4,0,0.00,1017.1,1003.4
2024-08-11T22:00,23.2,0.00,68,16.9,24.4,0.00,0.00,0.00,3,99,99,0,0,8.5,70,62,22.5,18.0,0,0.00,1016.9,1003.2
2024-08-11T23:00,22.8,0.00,66,16.0,23.7,0.00,0.00,0.00,3,100,100,0,0,8.0,81,72,22.3,17.3,0,0.00,1016.5,1002.8
2024-08-12T00:00,22.4,0.00,64,15.3,23.1,0.00,0.00,0.00,3,99,99,0,0,7.1,84,75,21.7,16.2,0,0.00,1016.3,1002.5
2024-08-12T01:00,21.5,0.00,69,15.5,22.4,0.00,0.00,0.00,3,95,95,0,0,6.5,89,84,19.8,14.8,0,0.00,1015.9,1002.1
2024-08-12T02:00,20.3,0.00,74,15.5,21.2,0.00,0.00,0.00,0,3,3,0,0,6.5,95,96,18.8,16.2,0,0.00,1015.3,1001.5
2024-08-12T03:00,19.5,0.00,78,15.5,20.4,0.00,0.00,0.00,2,50,50,0,0,6.5,98,96,17.8,13.0,0,0.00,1015.4,1001.5
2024-08-12T04:00,19.8,0.00,76,15.5,20.7,0.00,0.00,0.00,3,100,100,0,0,6.9,93,84,20.5,14.0,0,0.00,1015.1,1001.2
2024-08-12T05:00,19.1,0.00,79,15.4,20.1,0.00,0.00,0.00,3,100,100,0,0,5.4,98,86,17.5,14.0,0,0.00,1015.1,1001.2
2024-08-12T06:00,19.7,0.00,78,15.7,20.6,0.00,0.00,0.00,3,100,100,0,0,6.9,101,84,18.4,13.0,1,0.00,1014.8,1000.9
2024-08-12T07:00,21.5,0.00,73,16.5,22.5,0.00,0.00,0.00,3,100,100,0,0,8.3,102,92,20.6,18.0,1,1464.12,1014.5,1000.7
2024-08-12T08:00,23.2,0.00,69,17.3,25.3,0.00,0.00,0.00,3,99,99,0,0,3.6,102,90,12.1,16.6,1,1661.52,1014.5,1000.8
2024-08-12T09:00,25.1,0.00,65,18.0,27.4,0.00,0.00,0.00,3,93,91,17,0,3.8,123,131,6.0,12.2,1,3600.00,1014.5,1000.9
2024-08-12T10:00,26.5,0.00,61,18.3,28.8,0.00,0.00,0.00,2,68,65,45,0,5.0,119,120,7.4,14.8,1,3600.00,1014.0,1000.5
2024-08-12T11:00,28.3,0.00,56,18.7,31.0,0.00,0.00,0.00,2,56,56,1,0,4.0,162,170,5.7,13.7,1,3600.00,1013.6,1000.2
2024-08-12T12:00,30.0,0.00,53,19.4,33.9,0.00,0.00,0.00,3,86,84,71,0,4.8,183,193,6.1,15.1,1,3600.00,1012.9,999.5
2024-08-12T13:00,30.8,0.00,52,19.8,34.4,0.00,0.00,0.00,3,95,93,51,0,5.8,203,210,7.4,16.2,1,3600.00,1012.5,999.2
2024-08-12T14:00,31.7,0.00,49,19.7,35.9,0.00,0.00,0.00,1,26,26,0,0,4.8,135,138,6.6,15.1,1,3600.00,1012.2,998.9
2024-08-12T15:00,32.4,0.00,47,19.8,36.2,0.00,0.00,0.00,0,5,1,4,0,5.3,150,152,7.1,15.1,1,3600.00,1011.8,998.6
2024-08-12T16:00,32.6,0.00,48,20.3,35.6,0.00,0.00,0.00,0,13,12,2,0,7.3,188,189,10.2,17.3,1,3600.00,1011.1,997.9
2024-08-12T17:00,31.9,0.00,50,20.3,34.7,0.00,0.00,0.00,0,8,2,6,0,8.0,188,188,13.1,19.1,1,3600.00,1010.8,997.5
2024-08-12T18:00,30.9,0.00,58,21.8,35.0,0.00,0.00,0.00,2,51,44,15,0,5.1,194,188,11.9,19.1,1,3600.00,1011.0,997.7
2024-08-12T19:00,29.0,0.00,74,23.9,34.2,0.00,0.00,0.00,3,84,82,14,0,5.6,175,153,7.6,11.5,1,3600.00,1011.2,997.8
2024-08-12T20:00,27.4,0.00,68,21.0,30.9,0.00,0.00,0.00,2,51,49,4,0,6.2,199,159,7.6,9.0,0,0.00,1011.2,997.7
2024-08-12T21:00,28.6,0.00,59,19.8,31.7,0.00,0.00,0.00,1,39,37,3,0,4.4,245,171,7.6,9.0,0,0.00,1011.4,998.0
2024-08-12T22:00,25.2,0.00,74,20.3,28.4,0.00,0.00,0.00,0,16,16,0,0,4.8,187,132,6.2,8.3,0,0.00,1011.3,997.7
2024-08-12T23:00,24.4,0.00,79,20.5,27.5,0.00,0.00,0.00,0,0,0,0,0,6.4,196,153,10.5,9.7,0,0.00,1011.4,997.8
2024-08-13T00:00,23.4,0.00,85,20.7,26.6,0.00,0.00,0.00,0,1,1,0,0,6.8,221,180,11.5,10.8,0,0.00,1011.6,998.0
2024-08-13T01:00,23.1,0.00,86,20.5,26.3,0.00,0.00,0.00,0,0,0,0,0,6.0,213,147,7.3,10.1,0,0.00,1011.5,997.8
2024-08-13T02:00,23.2,1.20,72,17.8,24.7,1.20,0.00,0.00,55,97,75,89,6,9.0,111,92,17.3,14.8,0,0.00,1012.1,998.4
2024-08-13T03:00,20.8,4.20,86,18.4,22.4,4.20,0.00,0.00,63,100,100,93,5,10.5,113,98,9.0,37.1,0,0.00,1012.2,998.4
2024-08-13T04:00,20.3,0.10,92,19.0,23.6,0.10,0.00,0.00,51,29,28,1,1,0.8,211,333,4.2,21.2,0,0.00,1011.6,997.8
2024-08-13T05:00,19.3,0.00,96,18.7,22.0,0.00,0.00,0.00,3,97,97,4,0,4.0,130,95,6.1,8.3,0,0.00,1010.9,997.1
2024-08-13T06:00,19.9,0.00,94,18.9,22.5,0.00,0.00,0.00,3,91,91,2,0,4.6,153,129,10.5,8.3,1,0.00,1011.3,997.5
2024-08-13T07:00,21.9,0.00,86,19.5,24.5,0.00,0.00,0.00,0,16,16,0,0,6.6,144,131,12.9,14.4,1,3600.00,1011.1,997.4
2024-08-13T08:00,23.7,0.00,83,20.7,27.0,0.00,0.00,0.00,0,6,6,0,0,5.9,120,104,13.7,15.1,1,3600.00,1011.3,997.7
2024-08-13T09:00,26.0,0.00,74,21.1,29.4,0.00,0.00,0.00,1,35,35,0,0,6.8,118,115,9.8,16.9,1,3600.00,1011.4,997.9
2024-08-13T10:00,28.1,0.00,64,20.7,31.5,0.00,0.00,0.00,0,9,9,0,0,6.2,128,126,8.2,18.0,1,3600.00,1011.3,997.9
2024-08-13T11:00,29.8,0.00,57,20.5,34.5,0.00,0.00,0.00,0,0,0,0,0,2.5,135,135,3.6,16.6,1,3600.00,1011.1,997.8
2024-08-13T12:00,31.1,0.00,54,20.6,36.7,0.00,0.00,0.00,1,48,48,0,0,0.0,117,270,0.8,11.2,1,3600.00,1010.8,997.5
2024-08-13T13:00,32.1,0.00,49,20.1,37.4,0.00,0.00,0.00,0,4,4,0,0,0.7,243,270,0.8,9.0,1,3600.00,1010.1,996.9
2024-08-13T14:00,31.8,0.20,43,17.7,34.0,0.20,0.00,0.00,51,64,60,8,0,8.8,187,192,12.3,29.5,1,3600.00,1009.7,996.5
2024-08-13T15:00,31.3,0.00,48,18.9,33.9,0.00,0.00,0.00,3,91,90,12,0,7.0,251,249,8.8,23.0,1,3600.00,1009.2,995.9
2024-08-13T16:00,31.0,0.00,50,19.4,33.5,0.00,0.00,0.00,1,23,11,13,0,7.3,210,213,10.8,19.1,1,3600.00,1009.0,995.7
2024-08-13T17:00,31.2,0.00,49,19.1,34.4,0.00,0.00,0.00,1,40,17,27,1,1.0,56,45,1.3,18.0,1,3600.00,1008.9,995.6
2024-08-13T18:00,30.9,0.00,51,19.5,34.1,0.00,0.00,0.00,1,48,38,16,0,2.9,80,83,4.0,7.9,1,3600.00,1009.1,995.8
2024-08-13T19:00,30.1,0.00,53,19.4,33.3,0.00,0.00,0.00,1,29,27,3,0,2.7,86,67,4.7,7.2,1,3600.00,1009.0,995.7
2024-08-13T20:00,26.1,0.00,73,20.8,29.6,0.00,0.00,0.00,1,26,1,25,0,4.8,90,63,6.1,7.6,0,0.00,1009.5,996.0
2024-08-13T21:00,25.7,0.00,70,19.8,28.4,0.00,0.00,0.00,2,61,40,37,0,6.6,143,119,13.6,11.9,0,0.00,1010.0,996.5
2024-08-13T22:00,25.2,0.00,68,18.9,27.6,0.00,0.00,0.00,0,17,15,2,0,6.4,69,43,8.9,13.7,0,0.00,1009.3,995.8
2024-08-13T23:00,25.1,0.00,67,18.6,27.7,0.00,0.00,0.00,1,30,26,4,0,3.4,34,108,5.2,13.7,0,0.00,1009.3,995.8
2024-08-14T00:00,23.0,0.00,79,19.2,25.8,0.00,0.00,0.00,0,18,8,10,0,4.2,238,160,3.4,6.8,0,0.00,1009.7,996.1
2024-08-14T01:00,22.5,0.00,78,18.5,25.1,0.00,0.00,0.00,0,15,0,15,0,3.6,66,90,3.5,7.6,0,0.00,1009.4,995.7
2024-08-14T02:00,20.1,0.00,86,17.7,21.4,0.00,0.00,0.00,0,11,4,7,0,9.7,267,274,15.9,22.0,0,0.00,1010.5,996.7
2024-08-14T03:00,19.7,0.00,88,17.6,21.2,0.00,0.00,0.00,3,100,100,2,0,8.4,9,47,15.3,21.6,0,0.00,1009.9,996.1
2024-08-14T04:00,18.6,0.00,92,17.3,20.7,0.00,0.00,0.00,3,100,100,0,0,3.3,225,186,0.5,16.2,0,0.00,1010.3,996.5
2024-08-14T05:00,19.4,0.00,90,17.6,21.7,0.00,0.00,0.00,3,100,100,2,0,3.1,242,135,6.1,12.2,0,0.00,1011.1,997.3
2024-08-14T06:00,19.0,0.00,95,18.2,21.5,0.00,0.00,0.00,3,100,100,0,0,3.0,135,104,3.6,9.7,1,0.00,1011.1,997.3
2024-08-14T07:00,20.6,0.00,88,18.6,23.6,0.00,0.00,0.00,3,97,97,0,0,0.7,252,180,3.4,5.4,1,3600.00,1011.6,997.8
2024-08-14T08:00,22.1,0.00,81,18.7,24.9,0.00,0.00,0.00,0,0,0,0,0,2.5,153,135,3.2,10.1,1,3600.00,1011.4,997.7
2024-08-14T09:00,24.0,0.00,73,18.9,26.5,0.00,0.00,0.00,0,2,0,2,0,5.4,171,176,6.9,15.1,1,3600.00,1011.5,997.9
2024-08-14T10:00,25.3,0.00,68,19.0,27.6,0.00,0.00,0.00,1,35,0,35,0,7.1,211,210,9.2,21.2,1,3600.00,1011.9,998.3
2024-08-14T11:00,26.6,0.00,65,19.6,29.9,0.00,0.00,0.00,1,31,15,20,0,6.4,227,227,8.4,19.4,1,3600.00,1012.0,998.5
2024-08-14T12:00,28.1,0.00,61,19.8,31.8,0.00,0.00,0.00,2,70,69,18,0,7.7,239,242,10.5,21.2,1,3600.00,1011.5,998.1
2024-08-14T13:00,29.3,0.00,54,18.9,32.5,0.00,0.00,0.00,3,100,100,0,0,8.7,245,246,11.9,22.7,1,3600.00,1011.1,997.7
2024-08-14T14:00,27.9,0.00,62,19.8,31.4,0.00,0.00,0.00,1,24,20,3,3,8.4,237,239,11.2,23.8,1,3600.00,1012.4,998.9
2024-08-14T15:00,28.6,0.00,55,18.6,31.5,0.00,0.00,0.00,0,16,15,1,0,6.3,255,257,8.6,22.7,1,3600.00,1011.8,998.4
2024-08-14T16:00,28.9,0.00,50,17.5,30.2,0.00,0.00,0.00,3,98,98,15,7,9.3,256,257,13.0,23.4,1,3600.00,1011.7,998.3
2024-08-14T17:00,28.2,0.00,51,17.0,29.1,0.00,0.00,0.00,3,97,96,21,9,10.4,270,272,16.6,23.4,1,3600.00,1011.9,998.5
2024-08-14T18:00,27.0,0.00,56,17.4,28.3,0.00,0.00,0.00,3,100,100,3,1,8.6,274,272,17.3,23.8,1,3477.33,1012.4,998.9
2024-08-14T19:00,25.6,0.00,60,17.2,27.0,0.00,0.00,0.00,1,47,37,29,2,8.2,257,255,19.2,19.1,1,487.86,1013.2,999.6
2024-08-14T20:00,24.3,0.00,61,16.4,25.3,0.00,0.00,0.00,0,19,0,17,8,8.1,259,257,20.9,18.0,0,0.00,1014.3,1000.7
2024-08-14T21:00,23.0,0.00,68,16.7,24.1,0.00,0.00,0.00,0,7,0,6,0,7.9,297,300,20.1,16.2,0,0.00,1014.8,1001.1
2024-08-14T22:00,21.9,0.00,74,17.1,23.3,0.00,0.00,0.00,0,0,0,0,0,7.4,304,309,18.7,16.2,0,0.00,1015.2,1001.4
2024-08-14T23:00,20.8,0.00,81,17.4,22.6,0.00,0.00,0.00,0,5,5,0,0,5.5,296,302,16.4,14.4,0,0.00,1015.6,1001.8
2024-08-15T00:00,20.1,0.00,85,17.6,22.1,0.00,0.00,0.00,3,85,85,0,0,5.2,292,286,15.2,11.5,0,0.00,1015.7,1001.9
2024-08-15T01:00,19.5,0.00,89,17.7,21.6,0.00,0.00,0.00,3,99,99,0,0,4.7,298,293,13.8,10.8,0,0.00,1015.9,1002.0
2024-08-15T02:00,19.1,0.00,95,18.3,21.5,0.00,0.00,0.00,3,100,100,4,15,4.3,255,222,10.8,9.4,0,0.00,1016.4,1002.5
2024-08-15T03:00,18.5,0.00,96,17.9,20.8,0.00,0.00,0.00,3,100,100,0,22,3.8,272,229,9.4,8.6,0,0.00,1016.7,1002.8
2024-08-15T04:00,18.3,0.00,97,17.8,20.6,0.00,0.00,0.00,3,97,96,0,20,3.7,276,209,6.9,7.2,0,0.00,1017.2,1003.2
2024-08-15T05:00,18.1,0.00,97,17.7,20.5,0.00,0.00,0.00,2,76,76,0,1,2.9,239,173,4.2,6.8,0,0.00,1017.4,1003.4
2024-08-15T06:00,18.5,0.00,97,18.0,20.5,0.00,0.00,0.00,3,97,96,0,8,6.0,196,163,9.3,10.8,1,0.00,1017.8,1003.8
2024-08-15T07:00,19.4,0.00,93,18.3,21.7,0.00,0.00,0.00,2,53,53,0,0,5.2,219,205,11.5,13.3,1,1321.44,1018.3,1004.4
2024-08-15T08:00,21.0,0.00,86,18.6,23.7,0.00,0.00,0.00,1,41,41,0,0,3.1,252,249,4.6,13.0,1,3600.00,1018.3,1004.5
2024-08-15T09:00,22.4,0.00,75,17.8,24.7,0.00,0.00,0.00,0,0,0,0,0,3.6,274,276,4.7,13.7,1,3600.00,1018.8,1005.0
2024-08-15T10:00,23.7,0.00,65,16.9,25.8,0.00,0.00,0.00,0,0,0,0,0,3.2,297,297,4.0,13.7,1,3600.00,1018.8,1005.1
2024-08-15T11:00,24.9,0.00,58,16.1,27.3,0.00,0.00,0.00,0,0,0,0,0,3.3,311,311,3.8,14.0,1,3600.00,1018.6,1004.9
2024-08-15T12:00,25.9,0.00,54,15.8,28.9,0.00,0.00,0.00,0,0,0,0,0,2.3,247,252,2.7,14.0,1,3600.00,1018.2,1004.6
2024-08-15T13:00,26.7,0.00,52,15.9,29.6,0.00,0.00,0.00,0,0,0,0,0,4.0,262,265,5.1,15.1,1,3600.00,1017.9,1004.3
2024-08-15T14:00,27.0,0.00,52,16.5,28.6,0.00,0.00,0.00,1,36,0,2,36,6.4,293,297,8.2,20.2,1,3600.00,1018.0,1004.4
2024-08-15T15:00,27.2,0.00,51,16.3,28.2,0.00,0.00,0.00,1,41,0,38,37,7.9,333,336,10.1,20.2,1,3600.00,1017.5,1004.0
2024-08-15T16:00,26.8,0.00,52,16.2,27.4,0.00,0.00,0.00,0,13,0,12,1,10.1,5,4,13.7,23.4,1,3600.00,1017.1,1003.5
2024-08-15T17:00,26.6,0.00,52,16.1,27.5,0.00,0.00,0.00,0,0,0,0,0,8.0,9,10,12.0,23.4,1,3600.00,1016.6,1003.0
2024-08-15T18:00,26.8,0.00,63,19.2,30.0,0.00,0.00,0.00,0,7,6,1,1,1.5,342,346,4.6,18.0,1,3600.00,1016.2,1002.6
2024-08-15T19:00,25.0,0.00,75,20.2,28.3,0.00,0.00,0.00,2,63,58,1,12,4.6,158,141,1.9,5.4,1,3600.00,1016.1,1002.5
2024-08-15T20:00,23.1,0.00,72,17.7,24.9,0.00,0.00,0.00,3,82,80,0,13,6.0,135,123,9.2,9.4,0,0.00,1016.7,1003.0
2024-08-15T21:00,21.8,0.00,78,17.8,23.7,0.00,0.00,0.00,0,12,0,0,12,6.5,133,87,8.9,9.7,0,0.00,1017.3,1003.5
2024-08-15T22:00,22.0,0.00,74,17.1,23.9,0.00,0.00,0.00,0,7,0,0,7,4.0,342,27,2.3,8.6,0,0.00,1017.4,1003.6
2024-08-15T23:00,23.8,0.00,62,16.0,25.2,0.00,0.00,0.00,0,7,0,3,6,4.6,310,18,8.9,7.9,0,0.00,1017.7,1004.0
2024-08-16T00:00,22.1,0.00,68,16.0,24.1,0.00,0.00,0.00,0,9,0,6,9,0.8,308,117,4.1,7.2,0,0.00,1017.5,1003.7
2024-08-16T01:00,21.1,0.00,72,15.9,22.8,0.00,0.00,0.00,0,14,0,3,14,1.8,315,101,2.0,3.2,0,0.00,1017.5,1003.7
2024-08-16T02:00,21.1,0.00,77,16.8,22.7,0.00,0.00,0.00,2,54,0,3,52,5.4,225,176,9.2,10.1,0,0.00,1017.7,1003.9
2024-08-16T03:00,22.3,0.00,70,16.5,23.9,0.00,0.00,0.00,1,21,0,5,20,4.4,270,235,7.6,10.4,0,0.00,1017.6,1003.8
2024-08-16T04:00,21.8,0.00,74,17.0,24.0,0.00,0.00,0.00,2,50,0,9,49,1.8,307,217,5.4,7.6,0,0.00,1017.5,1003.7
2024-08-16T05:00,19.0,0.00,89,17.1,21.1,0.00,0.00,0.00,2,75,0,14,72,3.3,252,167,2.3,6.1,0,0.00,1017.5,1003.6
2024-08-16T06:00,19.7,0.00,87,17.5,21.9,0.00,0.00,0.00,0,18,0,4,15,3.0,214,166,3.9,6.5,1,0.00,1017.6,1003.7
2024-08-16T07:00,20.9,0.00,83,17.9,23.0,0.00,0.00,0.00,0,11,0,2,10,5.4,192,160,8.5,11.5,1,3600.00,1017.8,1004.0
2024-08-16T08:00,22.4,0.00,77,18.2,24.5,0.00,0.00,0.00,0,2,0,1,1,6.5,186,180,9.8,16.6,1,3600.00,1018.0,1004.2
2024-08-16T09:00,24.1,0.00,70,18.3,26.0,0.00,0.00,0.00,0,1,0,0,1,8.2,208,209,11.4,20.9,1,3600.00,1017.9,1004.2
2024-08-16T10:00,25.7,0.00,59,17.1,26.9,0.00,0.00,0.00,0,0,0,0,0,9.4,226,227,13.0,23.4,1,3600.00,1017.6,1004.0
2024-08-16T11:00,26.8,0.00,53,16.5,28.2,0.00,0.00,0.00,0,0,0,0,0,10.8,240,240,15.0,26.3,1,3600.00,1017.3,1003.7
2024-08-16T12:00,27.8,0.00,49,16.1,29.2,0.00,0.00,0.00,1,20,0,0,20,12.3,248,249,17.1,29.2,1,3600.00,1016.9,1003.4
2024-08-16T13:00,28.5,0.00,46,15.8,29.7,0.00,0.00,0.00,0,18,0,15,5,11.6,260,263,16.1,29.2,1,3600.00,1016.3,1002.8
2024-08-16T14:00,29.3,0.00,44,15.8,30.1,0.00,0.00,0.00,2,56,0,56,3,12.8,253,254,17.7,28.8,1,3600.00,1015.9,1002.5
2024-08-16T15:00,29.2,0.00,44,15.5,29.1,0.00,0.00,0.00,0,16,0,16,0,13.7,267,268,19.8,30.6,1,3600.00,1015.2,1001.8
2024-08-16T16:00,28.2,0.00,46,15.6,28.1,0.00,0.00,0.00,0,0,0,0,0,13.8,275,277,20.2,31.3,1,3600.00,1015.0,1001.5
2024-08-16T17:00,27.8,0.00,46,15.2,27.9,0.00,0.00,0.00,0,1,0,0,1,11.0,277,281,17.1,30.2,1,3600.00,1014.7,1001.2
2024-08-16T18:00,26.9,0.00,48,15.0,27.4,0.00,0.00,0.00,0,0,0,0,0,7.5,285,287,15.6,24.8,1,3600.00,1014.6,1001.1
2024-08-16T19:00,24.7,0.00,52,14.3,25.1,0.00,0.00,0.00,0,0,0,0,0,6.9,278,279,18.2,16.6,1,3600.00,1014.5,1000.9
2024-08-16T20:00,22.8,0.00,50,11.9,22.4,0.00,0.00,0.00,0,0,0,0,0,7.0,264,258,19.2,14.0,0,0.00,1015.1,1001.4
2024-08-16T21:00,21.1,0.00,58,12.5,20.8,0.00,0.00,0.00,0,5,5,0,0,7.2,271,264,16.6,13.0,0,0.00,1015.6,1001.8
2024-08-16T22:00,19.9,0.00,68,13.7,19.8,0.00,0.00,0.00,2,61,61,0,0,8.8,282,279,15.1,13.0,0,0.00,1015.7,1001.8
2024-08-16T23:00,21.0,0.00,61,13.2,21.0,0.00,0.00,0.00,3,85,85,0,0,6.9,275,261,12.6,13.3,0,0.00,1015.6,1001.8
2024-08-17T00:00,22.2,0.00,55,12.6,22.3,0.00,0.00,0.00,3,98,98,0,1,5.2,283,254,10.0,11.2,0,0.00,1015.6,1001.9
2024-08-17T01:00,21.6,0.00,57,12.9,22.0,0.00,0.00,0.00,3,100,100,0,0,3.4,279,198,7.3,8.6,0,0.00,1015.4,1001.6
2024-08-17T02:00,22.2,0.00,56,12.9,22.3,0.00,0.00,0.00,3,97,97,0,6,5.4,298,323,9.3,13.0,0,0.00,1014.9,1001.2
2024-08-17T03:00,19.3,0.00,72,14.1,20.2,0.00,0.00,0.00,3,96,92,0,47,2.7,263,157,2.9,8.6,0,0.00,1015.1,1001.2
2024-08-17T04:00,19.0,0.00,70,13.5,19.4,0.00,0.00,0.00,0,15,10,0,5,5.0,193,159,9.3,9.4,0,0.00,1015.0,1001.1
2024-08-17T05:00,18.1,0.00,77,14.0,18.5,0.00,0.00,0.00,0,0,0,0,0,6.3,201,167,15.0,11.9,0,0.00,1014.9,1001.0
2024-08-17T06:00,18.3,0.00,80,14.8,18.8,0.00,0.00,0.00,1,24,19,0,6,7.2,218,198,18.2,14.4,1,0.00,1014.9,1001.0
2024-08-17T07:00,19.8,0.00,78,15.9,20.8,0.00,0.00,0.00,3,93,92,10,14,6.8,225,198,18.8,15.8,1,3600.00,1014.9,1001.0
2024-08-17T08:00,21.5,0.00,77,17.3,23.1,0.00,0.00,0.00,3,100,100,3,1,6.5,223,214,11.7,16.6,1,3600.00,1014.9,1001.1
2024-08-17T09:00,23.2,0.00,73,18.2,25.1,0.00,0.00,0.00,3,100,100,10,6,8.0,237,234,11.2,20.2,1,3600.00,1014.7,1001.0
2024-08-17T10:00,24.0,0.00,70,18.2,25.8,0.00,0.00,0.00,3,100,100,31,26,8.5,243,242,11.8,20.5,1,3027.34,1014.5,1000.8
2024-08-17T11:00,24.3,0.00,67,17.8,25.8,0.00,0.00,0.00,3,100,100,46,49,9.0,245,247,12.7,21.6,1,0.00,1014.3,1000.7
2024-08-17T12:00,25.0,0.10,64,17.8,26.7,0.10,0.00,0.00,51,92,89,24,24,7.4,247,247,10.2,20.9,1,955.35,1013.7,1000.1
2024-08-17T13:00,26.4,0.10,60,18.0,29.1,0.10,0.00,0.00,51,40,6,20,30,5.2,254,258,6.7,20.9,1,3600.00,1012.8,999.3
2024-08-17T14:00,26.3,0.00,58,17.3,27.9,0.00,0.00,0.00,2,57,24,43,2,7.1,211,210,9.7,23.8,1,3600.00,1013.0,999.5
2024-08-17T15:00,27.1,0.00,56,17.5,29.0,0.00,0.00,0.00,3,99,93,78,6,5.0,245,249,6.8,20.2,1,3600.00,1012.3,998.8
2024-08-17T16:00,26.2,0.00,60,17.7,28.3,0.00,0.00,0.00,3,100,100,21,10,4.3,304,312,5.2,16.9,1,3600.00,1011.6,998.1
2024-08-17T17:00,26.0,0.00,61,18.0,28.2,0.00,0.00,0.00,3,100,100,31,0,5.1,360,356,6.1,11.9,1,1838.84,1011.2,997.7
2024-08-17T18:00,22.4,1.90,81,19.0,23.3,1.90,0.00,0.00,61,97,85,74,33,16.8,310,305,26.3,31.3,1,0.00,1012.2,998.5
2024-08-17T19:00,21.0,0.70,89,19.1,23.2,0.70,0.00,0.00,53,100,99,46,4,8.0,9,18,13.1,34.9,1,852.60,1011.7,997.9
2024-08-17T20:00,20.6,0.00,92,19.3,23.1,0.00,0.00,0.00,3,100,100,41,0,6.9,335,354,13.5,14.8,0,0.00,1012.1,998.3
2024-08-17T21:00,19.9,0.00,94,18.9,22.5,0.00,0.00,0.00,3,100,100,31,0,4.7,360,4,9.0,14.0,0,0.00,1011.9,998.1
2024-08-17T22:00,20.7,0.00,88,18.6,23.5,0.00,0.00,0.00,3,100,100,24,6,3.1,315,291,5.6,6.8,0,0.00,1011.7,997.9
2024-08-17T23:00,19.3,0.00,95,18.4,21.6,0.00,0.00,0.00,3,100,100,12,10,4.8,315,312,6.1,6.8,0,0.00,1011.4,997.6
2024-08-18T00:00,19.6,0.00,93,18.4,22.1,0.00,0.00,0.00,3,100,100,6,17,3.6,305,307,4.4,6.8,0,0.00,1011.1,997.3
2024-08-18T01:00,20.2,0.00,91,18.6,23.1,0.00,0.00,0.00,3,100,100,34,17,1.3,259,214,1.8,5.4,0,0.00,1010.6,996.8
2024-08-18T02:00,19.5,0.10,95,18.6,21.6,0.10,0.00,0.00,51,100,100,45,27,7.3,23,33,12.1,18.7,0,0.00,1010.3,996.5
2024-08-18T03:00,18.8,0.00,95,18.1,20.2,0.00,0.00,0.00,3,100,100,10,12,10.9,12,17,18.8,21.6,0,0.00,1009.7,995.9
2024-08-18T04:00,18.5,0.00,96,17.9,20.9,0.00,0.00,0.00,3,100,100,100,94,3.2,329,333,9.2,21.2,0,0.00,1009.7,995.9
2024-08-18T05:00,18.9,0.00,95,18.2,21.5,0.00,0.00,0.00,3,100,100,100,40,2.9,289,277,7.6,6.1,0,0.00,1009.4,995.6
2024-08-18T06:00,19.3,0.30,94,18.3,22.1,0.30,0.00,0.00,51,100,100,100,100,1.6,274,243,5.8,5.8,1,0.00,1009.6,995.8
2024-08-18T07:00,19.5,0.60,95,18.6,22.1,0.60,0.00,0.00,53,100,100,100,89,3.4,245,238,6.0,7.6,1,0.00,1009.5,995.7
2024-08-18T08:00,19.7,0.50,95,18.8,22.4,0.50,0.00,0.00,53,100,100,100,10,3.8,250,253,5.4,10.4,1,0.00,1009.7,995.9
2024-08-18T09:00,19.9,0.30,93,18.7,22.6,0.30,0.00,0.00,51,100,90,97,21,3.6,261,264,4.7,9.7,1,0.00,1009.7,995.9
2024-08-18T10:00,20.6,0.30,87,18.4,23.1,0.30,0.00,0.00,51,100,100,100,25,3.6,270,264,4.7,12.6,1,0.00,1009.8,996.1
2024-08-18T11:00,20.9,0.20,85,18.2,23.1,0.20,0.00,0.00,51,100,100,100,40,5.2,257,254,6.6,14.8,1,0.00,1010.0,996.3
2024-08-18T12:00,21.1,0.40,83,18.2,22.9,0.40,0.00,0.00,51,100,100,100,33,8.3,275,272,11.6,20.5,1,121.28,1009.9,996.2
2024-08-18T13:00,21.2,0.50,82,18.0,22.8,0.50,0.00,0.00,53,100,100,100,34,8.9,293,291,12.1,21.2,1,0.00,1009.9,996.2
2024-08-18T14:00,20.6,0.20,78,16.7,21.1,0.20,0.00,0.00,51,100,100,89,100,12.0,309,309,17.7,27.4,1,0.00,1010.5,996.7
2024-08-18T15:00,20.7,0.30,78,16.7,20.7,0.30,0.00,0.00,51,100,100,100,11,16.4,321,320,24.1,33.8,1,0.00,1010.6,996.8
2024-08-18T16:00,20.5,0.40,77,16.2,20.5,0.40,0.00,0.00,51,100,100,71,1,14.8,321,319,22.3,33.8,1,0.00,1011.0,997.2
2024-08-18T17:00,20.5,0.30,75,15.8,20.3,0.30,0.00,0.00,51,100,100,56,0,14.8,323,321,23.4,30.6,1,0.00,1011.7,997.9
2024-08-18T18:00,19.7,0.10,74,14.9,19.2,0.10,0.00,0.00,51,100,100,65,0,14.2,328,324,24.3,31.0,1,0.00,1012.1,998.3
2024-08-18T19:00,19.4,0.00,71,14.0,19.1,0.00,0.00,0.00,3,100,100,21,1,11.3,332,329,21.6,29.2,1,0.00,1012.8,999.0
2024-08-18T20:00,19.1,0.00,68,13.2,18.7,0.00,0.00,0.00,3,100,100,20,3,9.6,329,326,20.5,23.4,0,0.00,1013.5,999.6
2024-08-18T21:00,18.8,0.00,69,12.9,18.2,0.00,0.00,0.00,3,100,100,20,2,9.7,329,321,21.5,19.8,0,0.00,1014.3,1000.4
2024-08-18T22:00,18.4,0.00,68,12.5,17.6,0.00,0.00,0.00,3,100,100,2,0,10.2,334,328,22.4,20.9,0,0.00,1014.8,1000.9
2024-08-18T23:00,17.8,0.00,71,12.4,17.1,0.00,0.00,0.00,3,100,100,10,0,9.6,332,326,21.6,20.5,0,0.00,1015.1,1001.1
2024-08-19T00:00,17.1,0.00,74,12.5,16.7,0.00,0.00,0.00,3,96,96,13,0,8.2,339,337,19.7,19.8,0,0.00,1015.4,1001.4
2024-08-19T01:00,16.3,0.00,78,12.5,16.0,0.00,0.00,0.00,3,92,91,18,0,7.6,344,341,18.7,16.9,0,0.00,1015.7,1001.7
2024-08-19T02:00,15.6,0.00,80,12.2,15.1,0.00,0.00,0.00,3,99,99,51,0,7.8,354,347,19.2,16.2,0,0.00,1016.4,1002.3
2024-08-19T03:00,15.8,0.00,79,12.2,15.4,0.00,0.00,0.00,3,89,88,13,0,7.4,353,346,18.1,17.3,0,0.00,1016.7,1002.6
2024-08-19T04:00,15.4,0.00,82,12.3,15.2,0.00,0.00,0.00,3,100,100,1,0,6.2,359,353,16.6,15.5,0,0.00,1017.1,1003.0
2024-08-19T05:00,14.9,0.00,84,12.3,14.7,0.00,0.00,0.00,3,100,100,1,0,5.9,356,346,15.9,13.3,0,0.00,1017.3,1003.2
2024-08-19T06:00,14.9,0.00,86,12.5,14.7,0.00,0.00,0.00,3,100,100,0,0,6.7,354,344,16.7,14.0,1,0.00,1017.6,1003.5
2024-08-19T07:00,16.4,0.00,82,13.3,16.4,0.00,0.00,0.00,3,97,97,0,0,6.6,356,338,15.9,15.8,1,3600.00,1018.1,1004.0
2024-08-19T08:00,18.1,0.00,75,13.5,18.2,0.00,0.00,0.00,3,100,100,0,0,6.6,360,351,9.7,16.6,1,3600.00,1018.3,1004.3
2024-08-19T09:00,19.7,0.00,68,13.7,19.5,0.00,0.00,0.00,0,8,8,0,0,8.9,352,346,12.4,22.0,1,3600.00,1018.2,1004.3
2024-08-19T10:00,21.0,0.00,62,13.6,20.9,0.00,0.00,0.00,1,23,3,0,21,9.7,6,2,13.0,24.1,1,3600.00,1018.3,1004.5
2024-08-19T11:00,22.3,0.00,55,13.0,22.6,0.00,0.00,0.00,1,21,0,0,21,8.5,17,12,11.3,24.1,1,3600.00,1018.3,1004.5
2024-08-19T12:00,23.2,0.00,51,12.5,23.8,0.00,0.00,0.00,0,16,0,0,16,7.2,9,360,9.5,22.3,1,3600.00,1017.9,1004.2
2024-08-19T13:00,23.9,0.00,46,11.6,24.4,0.00,0.00,0.00,1,47,0,45,38,7.0,355,348,8.7,20.5,1,3600.00,1017.7,1004.0
2024-08-19T14:00,23.9,0.00,47,11.8,23.5,0.00,0.00,0.00,2,70,0,62,68,7.6,8,5,9.8,20.2,1,3600.00,1017.8,1004.1
2024-08-19T15:00,24.1,0.00,47,12.2,23.9,0.00,0.00,0.00,3,100,0,70,100,5.8,17,7,7.5,20.5,1,3600.00,1017.4,1003.7
2024-08-19T16:00,24.3,0.00,46,12.1,24.4,0.00,0.00,0.00,2,61,0,60,2,4.0,9,355,4.7,15.1,1,3600.00,1016.9,1003.2
2024-08-19T17:00,24.5,0.00,47,12.4,24.9,0.00,0.00,0.00,2,70,0,69,4,2.5,14,352,3.0,11.5,1,3600.00,1016.5,1002.8
2024-08-19T18:00,24.5,0.00,49,13.2,25.1,0.00,0.00,0.00,0,4,0,3,3,2.4,352,333,2.5,7.9,1,3600.00,1016.1,1002.4
2024-08-19T19:00,21.5,0.00,67,15.1,22.5,0.00,0.00,0.00,0,14,0,0,14,5.0,335,330,11.9,9.4,1,3600.00,1015.9,1002.1
2024-08-19T20:00,19.4,0.00,70,13.8,19.7,0.00,0.00,0.00,1,23,0,0,23,6.2,17,7,13.6,10.4,0,0.00,1016.6,1002.7
2024-08-19T21:00,18.6,0.00,71,13.3,18.9,0.00,0.00,0.00,0,16,0,0,16,5.2,72,56,12.9,10.4,0,0.00,1016.9,1003.0
2024-08-19T22:00,17.7,0.00,75,13.2,17.8,0.00,0.00,0.00,0,0,0,0,0,6.2,108,80,13.7,12.6,0,0.00,1016.8,1002.8
2024-08-19T23:00,16.8,0.00,80,13.3,17.0,0.00,0.00,0.00,0,0,0,0,0,6.1,120,90,12.4,12.6,0,0.00,1016.6,1002.6
2024-08-20T00:00,16.3,0.00,83,13.4,16.4,0.00,0.00,0.00,0,1,0,0,1,6.2,119,97,13.2,12.6,0,0.00,1016.5,1002.5
2024-08-20T01:00,15.9,0.00,86,13.5,16.2,0.00,0.00,0.00,0,0,0,0,0,5.4,117,86,12.9,12.2,0,0.00,1016.1,1002.0
2024-08-20T02:00,15.0,0.00,92,13.7,15.5,0.00,0.00,0.00,0,9,0,0,9,5.1,105,82,12.3,11.5,0,0.00,1016.2,1002.1
2024-08-20T03:00,14.8,0.00,93,13.7,15.1,0.00,0.00,0.00,0,18,0,0,18,5.8,105,86,12.3,11.5,0,0.00,1015.8,1001.7
2024-08-20T04:00,14.8,0.00,93,13.7,15.1,0.00,0.00,0.00,0,0,0,0,0,5.8,103,83,13.3,13.0,0,0.00,1015.2,1001.1
2024-08-20T05:00,14.5,0.00,94,13.6,14.9,0.00,0.00,0.00,0,5,0,3,5,5.1,98,82,10.9,11.2,0,0.00,1014.9,1000.8
2024-08-20T06:00,14.9,0.00,93,13.8,15.0,0.00,0.00,0.00,0,3,0,0,3,7.6,102,93,15.1,13.7,1,0.00,1014.8,1000.7
2024-08-20T07:00,17.5,0.00,84,14.7,17.9,0.00,0.00,0.00,0,2,2,0,0,7.6,104,98,17.8,16.6,1,3600.00,1014.7,1000.7
2024-08-20T08:00,19.5,0.00,77,15.4,20.2,0.00,0.00,0.00,0,17,16,0,1,7.6,108,109,11.7,18.4,1,3600.00,1014.7,1000.8
2024-08-20T09:00,20.9,0.00,73,15.8,21.8,0.00,0.00,0.00,2,57,54,0,6,7.4,126,129,10.3,19.8,1,3600.00,1014.6,1000.8
2024-08-20T10:00,22.6,0.00,66,15.9,23.4,0.00,0.00,0.00,3,100,88,0,100,8.2,131,131,11.0,22.3,1,3600.00,1014.4,1000.7
2024-08-20T11:00,23.5,0.00,63,16.1,24.4,0.00,0.00,0.00,3,100,65,0,100,7.9,136,137,10.4,21.2,1,3600.00,1013.9,1000.2
2024-08-20T12:00,24.1,0.00,62,16.3,25.2,0.00,0.00,0.00,3,100,94,0,100,7.3,149,147,9.7,20.2,1,2229.93,1013.2,999.6
2024-08-20T13:00,24.8,0.00,60,16.4,26.2,0.00,0.00,0.00,3,100,100,0,100,5.4,160,160,7.3,18.7,1,2880.95,1012.8,999.2
2024-08-20T14:00,23.5,0.00,65,16.5,24.6,0.00,0.00,0.00,3,100,2,0,100,8.0,145,144,10.6,20.9,1,2785.72,1012.7,999.0
2024-08-20T15:00,24.0,0.00,63,16.5,25.3,0.00,0.00,0.00,3,100,0,1,100,6.2,160,159,8.4,19.8,1,1973.89,1012.1,998.5
2024-08-20T16:00,24.2,0.00,63,16.6,25.8,0.00,0.00,0.00,3,97,0,0,97,4.4,187,189,6.2,15.8,1,1122.31,1011.6,998.0
2024-08-20T17:00,24.3,0.00,62,16.6,25.9,0.00,0.00,0.00,3,100,0,0,100,4.6,216,219,6.2,11.9,1,2635.41,1011.4,997.8
2024-08-20T18:00,23.7,0.00,65,16.9,25.4,0.00,0.00,0.00,1,38,0,11,34,5.0,151,150,8.2,11.2,1,545.04,1011.2,997.6
2024-08-20T19:00,22.6,0.00,69,16.7,23.8,0.00,0.00,0.00,1,26,0,20,11,7.3,146,147,16.1,14.8,1,1091.17,1011.2,997.5
2024-08-20T20:00,21.0,0.00,73,16.0,21.7,0.00,0.00,0.00,2,79,0,73,46,9.7,143,135,21.3,18.7,0,0.00,1011.6,997.8
2024-08-20T21:00,20.8,0.00,74,15.9,21.5,0.00,0.00,0.00,2,63,0,49,42,9.2,159,138,19.3,19.8,0,0.00,1012.0,998.2
2024-08-20T22:00,20.6,0.00,76,16.3,22.0,0.00,0.00,0.00,1,43,0,28,23,5.2,199,155,14.1,17.6,0,0.00,1011.9,998.1
2024-08-20T23:00,20.6,0.00,80,17.0,22.1,0.00,0.00,0.00,1,36,0,26,14,6.6,247,229,18.1,13.3,0,0.00,1012.1,998.3
2024-08-21T00:00,19.8,0.00,81,16.4,21.0,0.00,0.00,0.00,0,13,0,3,12,6.6,270,257,18.7,14.4,0,0.00,1012.3,998.5
2024-08-21T01:00,18.8,0.00,81,15.6,19.7,0.00,0.00,0.00,0,10,0,4,9,6.6,244,225,18.0,14.8,0,0.00,1012.3,998.4
2024-08-21T02:00,18.1,0.00,79,14.3,18.5,0.00,0.00,0.00,3,95,8,95,0,6.8,251,245,17.5,14.0,0,0.00,1013.6,999.7
2024-08-21T03:00,18.2,0.20,78,14.4,18.0,0.20,0.00,0.00,51,100,21,79,100,10.9,261,261,21.9,21.6,0,0.00,1014.3,1000.4
2024-08-21T04:00,17.2,0.40,87,15.0,17.0,0.40,0.00,0.00,51,95,4,88,75,12.3,276,273,22.4,25.9,0,0.00,1014.6,1000.6
2024-08-21T05:00,17.0,0.30,89,15.2,17.2,0.30,0.00,0.00,51,86,0,74,59,10.4,275,272,19.9,24.8,0,0.00,1014.8,1000.8
2024-08-21T06:00,17.0,0.00,90,15.4,17.3,0.00,0.00,0.00,1,39,0,21,32,10.8,277,272,19.6,21.6,1,0.00,1015.7,1001.7
2024-08-21T07:00,17.2,0.00,87,14.9,16.6,0.00,0.00,0.00,0,15,0,0,15,14.8,300,299,23.2,29.9,1,3600.00,1016.8,1002.8
2024-08-21T08:00,17.1,0.00,79,13.5,16.3,0.00,0.00,0.00,0,13,1,0,12,13.5,298,295,19.5,33.5,1,3600.00,1017.8,1003.8
2024-08-21T09:00,18.1,0.00,73,13.1,17.4,0.00,0.00,0.00,0,9,2,0,8,11.8,294,293,16.6,29.5,1,3600.00,1018.5,1004.5
2024-08-21T10:00,19.4,0.00,62,12.0,18.4,0.00,0.00,0.00,1,22,7,0,16,11.6,293,292,15.6,28.1,1,3600.00,1018.8,1004.9
2024-08-21T11:00,20.4,0.00,54,10.9,19.5,0.00,0.00,0.00,1,47,27,4,27,12.5,288,288,17.1,29.9,1,3600.00,1019.0,1005.1
2024-08-21T12:00,21.1,0.00,50,10.3,20.2,0.00,0.00,0.00,1,27,3,20,20,12.7,278,278,17.5,30.2,1,3600.00,1018.9,1005.1
2024-08-21T13:00,21.7,0.00,47,9.8,20.6,0.00,0.00,0.00,1,22,0,16,21,13.7,269,268,18.7,32.0,1,3600.00,1018.9,1005.1
2024-08-21T14:00,21.5,0.00,47,9.7,19.6,0.00,0.00,0.00,3,100,100,17,6,14.4,268,269,19.8,32.8,1,3600.00,1019.0,1005.2
2024-08-21T15:00,21.7,0.00,45,9.4,19.5,0.00,0.00,0.00,3,92,91,7,0,14.1,276,276,19.9,33.5,1,3600.00,1019.0,1005.2
2024-08-21T16:00,21.7,0.00,44,9.0,19.6,0.00,0.00,0.00,3,88,82,31,3,12.7,276,277,18.1,31.7,1,3600.00,1018.8,1005.0
2024-08-21T17:00,21.5,0.00,42,8.0,19.2,0.00,0.00,0.00,3,93,90,27,8,11.7,287,288,17.7,28.1,1,3600.00,1018.7,1004.9
2024-08-21T18:00,20.7,0.00,46,8.8,19.0,0.00,0.00,0.00,3,100,99,5,10,9.1,302,304,16.5,27.4,1,3600.00,1018.4,1004.5
2024-08-21T19:00,18.5,0.00,60,10.7,18.0,0.00,0.00,0.00,3,99,99,0,5,5.2,287,282,13.9,19.4,1,3479.23,1018.3,1004.3
2024-08-21T20:00,17.1,0.00,61,9.5,16.1,0.00,0.00,0.00,3,100,100,0,0,5.9,266,259,16.2,11.2,0,0.00,1018.7,1004.7
2024-08-21T21:00,16.3,0.00,62,9.1,15.2,0.00,0.00,0.00,3,100,100,0,0,6.1,275,273,18.1,12.2,0,0.00,1019.0,1004.9
2024-08-21T22:00,15.7,0.00,66,9.3,14.6,0.00,0.00,0.00,3,100,100,0,0,6.0,287,287,16.2,11.9,0,0.00,1019.1,1005.0
2024-08-21T23:00,14.6,0.00,70,9.3,13.4,0.00,0.00,0.00,3,100,100,0,0,7.1,297,294,14.5,11.9,0,0.00,1019.2,1005.0
2024-08-22T00:00,15.1,0.00,67,9.1,13.9,0.00,0.00,0.00,3,100,100,0,0,6.6,311,299,10.5,11.9,0,0.00,1019.0,1004.9
2024-08-22T01:00,16.3,0.00,60,8.5,15.5,0.00,0.00,0.00,3,100,100,0,0,2.6,325,236,5.7,9.7,0,0.00,1018.6,1004.5
2024-08-22T02:00,12.7,0.00,81,9.4,11.7,0.00,0.00,0.00,3,100,100,0,0,5.4,209,176,3.7,7.9,0,0.00,1018.5,1004.3
2024-08-22T03:00,12.2,0.00,84,9.7,11.4,0.00,0.00,0.00,3,100,100,0,0,5.2,203,164,5.5,8.3,0,0.00,1018.1,1003.8
2024-08-22T04:00,11.7,0.00,86,9.5,10.8,0.00,0.00,0.00,3,100,100,0,0,5.1,205,141,5.2,8.3,0,0.00,1017.7,1003.4
2024-08-22T05:00,11.6,0.00,86,9.3,10.7,0.00,0.00,0.00,3,100,100,0,0,4.9,184,126,4.7,7.2,0,0.00,1017.4,1003.1
2024-08-22T06:00,12.3,0.00,83,9.4,11.3,0.00,0.00,0.00,3,100,100,0,0,5.5,154,122,9.2,10.1,1,0.00,1017.3,1003.1
2024-08-22T07:00,13.9,0.00,79,10.2,13.1,0.00,0.00,0.00,3,100,100,0,0,5.5,155,122,8.4,11.2,1,2005.13,1016.9,1002.7
2024-08-22T08:00,15.9,0.00,71,10.6,15.4,0.00,0.00,0.00,3,100,100,0,0,4.6,143,135,7.2,12.2,1,3600.00,1016.5,1002.4
2024-08-22T09:00,17.9,0.00,62,10.6,17.6,0.00,0.00,0.00,3,100,100,0,0,3.7,168,169,5.2,13.3,1,3600.00,1016.0,1002.0
2024-08-22T10:00,19.5,0.00,56,10.4,19.1,0.00,0.00,0.00,3,83,83,0,0,4.1,195,195,5.6,15.1,1,3600.00,1015.7,1001.8
2024-08-22T11:00,20.8,0.00,51,10.3,21.0,0.00,0.00,0.00,2,70,70,0,0,4.8,207,207,6.4,16.6,1,3600.00,1015.3,1001.5
2024-08-22T12:00,22.0,0.00,48,10.3,22.5,0.00,0.00,0.00,1,31,31,0,0,5.6,217,220,7.2,18.0,1,3600.00,1014.8,1001.1
2024-08-22T13:00,22.8,0.00,45,10.3,23.4,0.00,0.00,0.00,1,43,43,0,0,6.6,228,229,8.7,19.4,1,3600.00,1014.4,1000.7
2024-08-22T14:00,23.2,0.00,45,10.7,23.6,0.00,0.00,0.00,2,52,52,0,0,7.2,214,217,9.6,20.2,1,3600.00,1014.0,1000.3
2024-08-22T15:00,23.9,0.00,43,10.5,23.5,0.00,0.00,0.00,0,10,10,0,0,8.5,216,216,11.6,21.6,1,3600.00,1013.4,999.8
2024-08-22T16:00,24.2,0.00,40,9.9,22.9,0.00,0.00,0.00,0,10,10,0,0,8.9,219,220,12.5,22.0,1,3600.00,1013.0,999.4
2024-08-22T17:00,24.0,0.00,41,9.9,22.8,0.00,0.00,0.00,3,99,99,0,0,7.9,226,227,13.0,21.2,1,3600.00,1012.6,999.0
2024-08-22T18:00,22.9,0.00,50,12.0,22.6,0.00,0.00,0.00,0,0,0,0,0,5.8,209,202,13.5,18.7,1,3600.00,1012.3,998.6
2024-08-22T19:00,20.4,0.00,55,11.1,19.7,0.00,0.00,0.00,0,0,0,0,0,7.2,196,180,18.3,14.0,1,3367.33,1012.2,998.4
2024-08-22T20:00,19.4,0.00,57,10.7,18.3,0.00,0.00,0.00,0,0,0,0,0,8.8,206,192,22.1,16.6,0,0.00,1012.8,999.0
2024-08-22T21:00,18.7,0.00,63,11.6,17.9,0.00,0.00,0.00,0,8,8,0,0,8.8,210,192,22.4,17.3,0,0.00,1012.8,998.9
2024-08-22T22:00,17.1,0.00,72,12.1,16.8,0.00,0.00,0.00,0,2,2,0,0,6.4,219,196,18.4,16.9,0,0.00,1012.9,998.9
2024-08-22T23:00,16.0,0.00,78,12.1,15.8,0.00,0.00,0.00,3,89,89,0,0,6.2,215,170,14.5,12.6,0,0.00,1012.8,998.8
2024-08-23T00:00,15.5,0.00,80,12.0,15.3,0.00,0.00,0.00,3,96,96,0,0,5.4,207,138,10.1,11.5,0,0.00,1012.6,998.6
2024-08-23T01:00,15.9,0.00,75,11.5,15.6,0.00,0.00,0.00,3,99,99,0,0,5.6,183,135,13.0,10.8,0,0.00,1012.3,998.3
2024-08-23T02:00,14.4,0.00,77,10.4,13.7,0.00,0.00,0.00,3,88,88,0,0,5.7,198,145,14.0,13.7,0,0.00,1012.7,998.6
2024-08-23T03:00,14.7,0.00,75,10.4,13.8,0.00,0.00,0.00,1,49,49,0,0,6.8,198,155,16.6,13.0,0,0.00,1012.6,998.5
2024-08-23T04:00,14.6,0.00,81,11.3,13.8,0.00,0.00,0.00,0,7,7,0,0,7.6,202,161,18.6,15.1,0,0.00,1012.6,998.5
2024-08-23T05:00,14.4,0.00,85,12.0,13.8,0.00,0.00,0.00,0,0,0,0,0,8.4,198,160,19.7,16.6,0,0.00,1012.5,998.4
2024-08-23T06:00,14.4,0.00,85,11.9,13.6,0.00,0.00,0.00,0,19,19,0,0,9.3,197,167,20.4,18.0,1,0.00,1012.5,998.4
2024-08-23T07:00,16.0,0.00,78,12.2,15.2,0.00,0.00,0.00,3,98,98,0,0,9.9,199,170,21.3,20.2,1,3556.76,1012.6,998.6
2024-08-23T08:00,17.9,0.00,70,12.3,17.2,0.00,0.00,0.00,3,100,100,0,0,9.7,198,180,21.5,22.7,1,3600.00,1012.7,998.8
2024-08-23T09:00,20.1,0.00,61,12.4,19.5,0.00,0.00,0.00,3,96,96,0,0,9.5,196,191,14.6,23.4,1,3600.00,1012.8,999.0
2024-08-23T10:00,22.5,0.00,55,12.9,21.8,0.00,0.00,0.00,3,95,95,0,0,10.7,195,192,15.6,25.6,1,3600.00,1012.8,999.1
2024-08-23T11:00,24.6,0.00,47,12.5,23.7,0.00,0.00,0.00,3,99,99,0,0,15.6,205,203,23.0,34.6,1,3600.00,1012.5,998.9
2024-08-23T12:00,26.0,0.00,42,12.3,24.6,0.00,0.00,0.00,2,71,71,0,0,20.2,216,215,29.4,43.9,1,3600.00,1012.0,998.5
2024-08-23T13:00,26.8,0.00,43,13.2,25.9,0.00,0.00,0.00,0,17,17,0,0,20.1,225,224,29.3,43.9,1,3600.00,1011.9,998.4
2024-08-23T14:00,27.3,0.00,41,13.0,26.5,0.00,0.00,0.00,1,22,22,0,0,18.1,230,229,26.3,41.0,1,3600.00,1012.2,998.7
2024-08-23T15:00,27.7,0.00,38,12.3,26.4,0.00,0.00,0.00,0,15,15,0,0,17.4,232,232,25.9,39.6,1,3600.00,1011.9,998.4
2024-08-23T16:00,27.6,0.00,38,12.0,25.9,0.00,0.00,0.00,0,17,17,0,0,15.8,242,243,24.8,38.2,1,3600.00,1012.1,998.6
2024-08-23T17:00,26.8,0.00,42,12.9,25.6,0.00,0.00,0.00,3,90,89,4,0,14.5,255,256,23.8,35.3,1,3600.00,1012.4,998.9
2024-08-23T18:00,25.7,0.00,48,14.0,25.3,0.00,0.00,0.00,1,44,41,4,4,11.0,222,218,22.4,31.3,1,3600.00,1012.4,998.9
2024-08-23T19:00,24.2,0.00,51,13.3,23.6,0.00,0.00,0.00,1,24,20,2,5,11.2,202,195,25.5,25.2,1,3253.81,1012.5,998.9
2024-08-23T20:00,22.6,0.00,56,13.5,22.5,0.00,0.00,0.00,1,26,22,2,4,7.9,241,231,20.6,23.0,0,0.00,1013.5,999.8
2024-08-23T21:00,20.6,0.00,71,15.1,21.4,0.00,0.00,0.00,1,27,27,0,1,6.3,265,246,15.2,15.8,0,0.00,1014.1,1000.3
2024-08-23T22:00,19.4,0.00,81,16.0,20.4,0.00,0.00,0.00,1,31,27,0,6,7.1,263,240,12.0,12.2,0,0.00,1014.5,1000.6
2024-08-23T23:00,19.0,0.00,84,16.2,20.3,0.00,0.00,0.00,2,52,47,0,11,5.7,248,215,11.3,12.2,0,0.00,1014.8,1000.9
2024-08-24T00:00,18.7,0.00,87,16.5,20.3,0.00,0.00,0.00,1,32,19,0,16,4.8,244,207,11.6,10.8,0,0.00,1015.0,1001.1
2024-08-24T01:00,18.6,0.00,88,16.6,20.0,0.00,0.00,0.00,0,11,0,0,11,5.8,215,176,11.9,11.2,0,0.00,1015.4,1001.5
2024-08-24T02:00,18.2,0.00,85,15.6,19.2,0.00,0.00,0.00,0,14,2,0,12,6.3,194,149,13.0,11.9,0,0.00,1014.8,1000.9
2024-08-24T03:00,17.9,0.00,85,15.4,18.6,0.00,0.00,0.00,0,7,0,0,7,7.7,175,139,16.6,14.4,0,0.00,1014.7,1000.8
2024-08-24T04:00,17.7,0.00,85,15.2,18.4,0.00,0.00,0.00,0,0,0,0,0,7.1,173,135,16.7,14.8,0,0.00,1014.4,1000.5
2024-08-24T05:00,17.4,0.00,86,15.1,18.1,0.00,0.00,0.00,0,0,0,0,0,6.8,157,108,14.8,14.4,0,0.00,1014.2,1000.2
2024-08-24T06:00,17.7,0.00,86,15.3,18.1,0.00,0.00,0.00,0,0,0,0,0,9.5,131,101,18.1,17.6,1,0.00,1013.8,999.9
2024-08-24T07:00,19.2,0.00,81,15.9,19.5,0.00,0.00,0.00,0,0,0,0,0,11.3,121,107,23.6,21.2,1,3474.82,1013.6,999.7
2024-08-24T08:00,21.3,0.00,72,16.1,21.8,0.00,0.00,0.00,0,0,0,0,0,10.5,123,106,26.1,23.0,1,3600.00,1013.3,999.5
2024-08-24T09:00,23.8,0.00,62,16.2,24.2,0.00,0.00,0.00,0,0,0,0,0,11.9,122,119,19.1,26.6,1,3600.00,1013.0,999.4
2024-08-24T10:00,26.4,0.00,53,16.0,26.7,0.00,0.00,0.00,0,0,0,0,0,12.0,133,131,17.6,27.4,1,3600.00,1012.6,999.1
2024-08-24T11:00,28.3,0.00,48,16.4,29.4,0.00,0.00,0.00,0,0,0,0,0,12.1,154,153,17.2,28.1,1,3600.00,1012.2,998.8
2024-08-24T12:00,29.7,0.00,46,16.7,31.4,0.00,0.00,0.00,0,0,0,0,0,11.6,185,185,16.3,28.4,1,3600.00,1011.6,998.2
2024-08-24T13:00,30.8,0.00,40,15.5,31.6,0.00,0.00,0.00,0,0,0,0,0,14.6,201,200,21.2,32.8,1,3600.00,1011.0,997.7
2024-08-24T14:00,31.4,0.00,40,16.3,32.5,0.00,0.00,0.00,0,5,3,3,0,13.7,186,185,20.6,32.4,1,3600.00,1009.7,996.4
2024-08-24T15:00,31.9,0.00,39,16.4,32.5,0.00,0.00,0.00,1,22,22,0,0,14.3,192,192,22.5,33.8,1,3600.00,1008.7,995.5
2024-08-24T16:00,32.6,0.00,36,15.4,32.4,0.00,0.00,0.00,0,2,2,0,0,14.2,209,210,24.3,32.8,1,3600.00,1008.0,994.8
2024-08-24T17:00,31.8,0.00,37,15.2,31.2,0.00,0.00,0.00,0,3,0,3,0,16.0,224,226,28.8,36.7,1,3600.00,1007.7,994.5
2024-08-24T18:00,30.3,0.00,42,16.0,30.7,0.00,0.00,0.00,0,3,2,2,0,11.1,208,205,25.3,34.9,1,3600.00,1007.3,994.0
2024-08-24T19:00,29.0,0.00,42,14.9,28.9,0.00,0.00,0.00,1,44,29,21,0,11.3,214,211,27.0,24.8,1,3138.79,1007.5,994.2
2024-08-24T20:00,27.5,0.70,49,15.8,27.8,0.70,0.00,0.00,53,91,83,51,0,10.9,223,214,24.5,29.9,0,0.00,1008.5,995.1
2024-08-24T21:00,24.9,0.30,66,18.0,26.9,0.30,0.00,0.00,51,16,8,11,0,6.0,210,155,16.6,31.7,0,0.00,1008.9,995.4
2024-08-24T22:00,24.0,0.00,68,17.7,25.7,0.00,0.00,0.00,3,95,94,20,0,7.2,229,198,18.6,15.1,0,0.00,1009.3,995.7
2024-08-24T23:00,21.6,2.60,84,18.7,22.5,2.60,0.00,0.00,63,100,100,97,43,15.8,208,192,29.3,41.0,0,0.00,1012.3,998.6
2024-08-25T00:00,21.1,2.30,91,19.5,22.3,2.30,0.00,0.00,61,100,100,97,34,16.1,218,214,30.5,38.2,0,0.00,1013.3,999.5
2024-08-25T01:00,20.9,2.40,93,19.8,22.4,2.40,0.00,0.00,61,100,100,94,18,14.9,253,250,27.1,32.4,0,0.00,1013.8,1000.0
2024-08-25T02:00,20.3,0.20,91,18.8,21.7,0.20,0.00,0.00,51,100,99,96,9,13.0,239,236,22.8,25.9,0,0.00,1014.0,1000.2
2024-08-25T03:00,19.5,0.60,93,18.4,20.4,0.60,0.00,0.00,53,100,100,100,30,15.3,243,240,26.2,32.0,0,0.00,1015.6,1001.7
2024-08-25T04:00,18.3,1.10,92,16.9,18.0,1.10,0.00,0.00,55,100,100,88,22,18.9,249,249,32.0,39.6,0,0.00,1017.3,1003.3
2024-08-25T05:00,16.8,0.10,86,14.5,15.8,0.10,0.00,0.00,51,100,100,74,4,16.9,257,254,27.7,39.2,0,0.00,1018.3,1004.3
2024-08-25T06:00,15.9,0.00,86,13.5,14.9,0.00,0.00,0.00,3,100,100,1,16,14.6,258,254,24.3,33.5,1,0.00,1019.8,1005.7
2024-08-25T07:00,15.6,0.00,85,13.0,14.6,0.00,0.00,0.00,3,99,98,0,28,13.6,255,253,21.6,29.5,1,0.00,1021.1,1007.0
2024-08-25T08:00,16.0,0.00,79,12.4,14.9,0.00,0.00,0.00,1,42,10,0,35,12.2,258,256,17.7,31.3,1,3306.50,1021.9,1007.8
2024-08-25T09:00,17.0,0.00,73,12.2,15.9,0.00,0.00,0.00,1,28,0,0,28,12.1,260,260,16.5,28.1,1,3600.00,1022.7,1008.6
2024-08-25T10:00,18.4,0.00,64,11.5,17.3,0.00,0.00,0.00,1,28,0,0,28,10.8,266,266,14.8,27.7,1,3600.00,1023.0,1009.0
2024-08-25T11:00,19.6,0.00,57,10.7,18.4,0.00,0.00,0.00,1,31,0,0,31,10.4,271,272,14.0,26.6,1,3600.00,1023.1,1009.1
2024-08-25T12:00,20.8,0.00,50,9.9,19.9,0.00,0.00,0.00,1,45,0,9,44,10.2,277,278,13.8,25.9,1,3600.00,1022.8,1008.9
2024-08-25T13:00,21.3,0.00,46,9.3,19.7,0.00,0.00,0.00,1,48,0,47,12,9.7,273,272,13.0,25.6,1,3600.00,1022.6,1008.7
2024-08-25T14:00,21.5,0.00,48,10.1,21.1,0.00,0.00,0.00,0,19,0,16,7,7.2,261,264,9.5,21.2,1,3600.00,1023.1,1009.2
2024-08-25T15:00,21.9,0.00,45,9.6,21.1,0.00,0.00,0.00,0,15,0,15,1,6.6,255,257,8.6,19.4,1,3600.00,1022.7,1008.8
2024-08-25T16:00,22.2,0.00,43,9.0,21.1,0.00,0.00,0.00,1,32,0,32,0,5.8,242,240,7.7,18.0,1,3600.00,1022.4,1008.6
2024-08-25T17:00,22.1,0.00,43,9.0,20.9,0.00,0.00,0.00,1,23,0,23,0,6.2,220,216,8.9,15.5,1,3600.00,1022.1,1008.3
2024-08-25T18:00,21.2,0.00,49,10.2,20.6,0.00,0.00,0.00,0,10,0,10,0,5.0,214,210,10.4,15.1,1,3600.00,1021.8,1007.9
2024-08-25T19:00,18.4,0.00,68,12.3,18.0,0.00,0.00,0.00,1,22,0,22,0,7.2,211,217,11.8,11.2,1,3022.39,1021.9,1007.9
2024-08-25T20:00,16.7,0.00,69,11.0,15.9,0.00,0.00,0.00,0,9,0,9,3,7.3,213,191,12.0,11.2,0,0.00,1022.5,1008.4
2024-08-25T21:00,16.0,0.00,70,10.4,15.1,0.00,0.00,0.00,1,35,35,0,0,7.0,233,192,10.8,10.8,0,0.00,1022.6,1008.5
2024-08-25T22:00,14.9,0.00,73,10.1,14.0,0.00,0.00,0.00,1,26,26,0,0,6.5,234,174,8.0,10.1,0,0.00,1022.7,1008.5
2024-08-25T23:00,17.0,0.00,61,9.3,16.4,0.00,0.00,0.00,2,50,49,2,0,2.4,295,153,6.8,9.4,0,0.00,1022.8,1008.7
2024-08-26T00:00,13.8,0.00,77,9.9,12.8,0.00,0.00,0.00,3,85,83,10,3,7.0,345,21,10.8,9.7,0,0.00,1022.8,1008.6
2024-08-26T01:00,13.7,0.00,75,9.3,12.6,0.00,0.00,0.00,3,85,83,10,14,6.2,352,10,12.4,10.4,0,0.00,1022.9,1008.6
2024-08-26T02:00,11.8,0.00,81,8.6,10.2,0.00,0.00,0.00,1,26,26,0,0,8.4,6,25,10.9,12.6,0,0.00,1023.0,1008.6
2024-08-26T03:00,13.2,0.00,71,8.0,11.9,0.00,0.00,0.00,0,0,0,0,0,5.1,357,39,7.6,11.2,0,0.00,1023.0,1008.7
2024-08-26T04:00,11.7,0.00,78,8.0,10.6,0.00,0.00,0.00,0,0,0,0,0,3.8,14,73,4.5,6.8,0,0.00,1022.8,1008.4
2024-08-26T05:00,10.2,0.00,87,8.1,9.2,0.00,0.00,0.00,0,0,0,0,0,3.7,54,79,3.1,6.1,0,0.00,1022.9,1008.5
2024-08-26T06:00,10.3,0.00,88,8.4,9.5,0.00,0.00,0.00,0,2,0,0,2,2.6,31,74,2.1,5.8,1,0.00,1023.2,1008.8
2024-08-26T07:00,13.2,0.00,80,9.9,12.7,0.00,0.00,0.00,0,4,0,0,4,2.8,8,50,2.5,7.2,1,3310.08,1023.3,1009.0
2024-08-26T08:00,16.1,0.00,67,9.9,15.6,0.00,0.00,0.00,0,0,0,0,0,3.4,336,328,6.3,10.4,1,3600.00,1023.3,1009.2
2024-08-26T09:00,18.1,0.00,60,10.3,17.4,0.00,0.00,0.00,0,0,0,0,0,5.5,337,328,7.4,15.5,1,3600.00,1023.4,1009.4
2024-08-26T10:00,19.8,0.00,51,9.5,18.8,0.00,0.00,0.00,0,0,0,0,0,6.0,347,343,8.1,17.6,1,3600.00,1023.4,1009.4
2024-08-26T11:00,20.9,0.00,48,9.4,20.7,0.00,0.00,0.00,0,0,0,0,0,5.8,342,338,7.2,18.0,1,3600.00,1023.3,1009.4
2024-08-26T12:00,21.7,0.00,47,9.8,22.1,0.00,0.00,0.00,0,1,1,0,0,5.2,331,326,6.6,17.6,1,3600.00,1023.1,1009.2
2024-08-26T13:00,22.1,0.00,46,10.0,22.4,0.00,0.00,0.00,0,8,7,1,2,6.4,309,308,7.9,19.4,1,3600.00,1022.7,1008.9
2024-08-26T14:00,22.6,0.00,45,10.0,22.8,0.00,0.00,0.00,0,18,0,17,10,4.7,303,302,6.0,16.6,1,3600.00,1022.5,1008.7
2024-08-26T15:00,22.7,0.00,44,9.8,22.3,0.00,0.00,0.00,0,6,3,3,2,6.1,319,320,7.7,17.6,1,3600.00,1022.1,1008.3
2024-08-26T16:00,22.5,0.00,45,9.9,21.7,0.00,0.00,0.00,0,19,18,0,1,5.4,341,340,6.5,17.6,1,3600.00,1022.1,1008.3
2024-08-26T17:00,22.3,0.00,46,10.1,21.7,0.00,0.00,0.00,1,28,28,0,0,4.4,356,351,5.8,14.8,1,3600.00,1021.9,1008.1
2024-08-26T18:00,21.4,0.00,57,12.4,21.6,0.00,0.00,0.00,0,0,0,0,0,3.7,11,11,7.7,11.5,1,3600.00,1021.7,1007.8
2024-08-26T19:00,18.7,0.00,63,11.4,18.3,0.00,0.00,0.00,0,0,0,0,0,5.5,27,32,12.6,10.1,1,2904.74,1021.8,1007.8
2024-08-26T20:00,16.5,0.00,69,10.7,15.5,0.00,0.00,0.00,0,0,0,0,0,7.8,37,56,9.0,11.2,0,0.00,1022.2,1008.1
2024-08-26T21:00,16.0,0.00,66,9.5,15.0,0.00,0.00,0.00,0,0,0,0,0,5.5,45,67,10.7,10.8,0,0.00,1022.4,1008.3
2024-08-26T22:00,15.1,0.00,68,9.2,14.0,0.00,0.00,0.00,0,0,0,0,0,5.9,65,76,12.7,11.2,0,0.00,1022.4,1008.2
2024-08-26T23:00,14.1,0.00,73,9.3,13.1,0.00,0.00,0.00,0,0,0,0,0,5.2,77,78,11.4,10.8,0,0.00,1022.7,1008.5
2024-08-27T00:00,13.7,0.00,73,8.9,12.6,0.00,0.00,0.00,0,0,0,0,0,5.4,78,82,13.6,11.2,0,0.00,1022.9,1008.6
2024-08-27T01:00,12.9,0.00,76,8.7,11.7,0.00,0.00,0.00,0,0,0,0,0,5.5,83,79,12.7,10.8,0,0.00,1022.9,1008.6
2024-08-27T02:00,11.7,0.00,81,8.5,10.5,0.00,0.00,0.00,0,0,0,0,0,5.4,76,70,10.7,11.5,0,0.00,1022.8,1008.4
2024-08-27T03:00,11.5,0.00,82,8.6,10.3,0.00,0.00,0.00,0,1,0,0,1,5.4,38,37,8.2,9.4,0,0.00,1022.8,1008.4
2024-08-27T04:00,11.3,0.00,83,8.6,10.1,0.00,0.00,0.00,0,1,0,0,1,6.1,24,40,8.7,9.4,0,0.00,1022.7,1008.3
2024-08-27T05:00,11.6,0.00,81,8.4,10.5,0.00,0.00,0.00,0,0,0,0,0,4.3,84,95,10.5,9.4,0,0.00,1022.4,1008.0
2024-08-27T06:00,11.8,0.00,79,8.4,10.8,0.00,0.00,0.00,0,0,0,0,0,4.3,96,95,13.0,10.1,1,0.00,1022.5,1008.2
2024-08-27T07:00,14.6,0.00,72,9.5,13.6,0.00,0.00,0.00,0,0,0,0,0,5.6,88,75,13.3,11.2,1,3227.33,1022.4,1008.2
2024-08-27T08:00,17.7,0.00,66,11.2,17.5,0.00,0.00,0.00,0,0,0,0,0,3.6,71,6,13.0,12.2,1,3600.00,1022.2,1008.1
2024-08-27T09:00,20.5,0.00,57,11.7,20.6,0.00,0.00,0.00,0,0,0,0,0,2.8,67,50,5.5,11.2,1,3600.00,1022.0,1008.1
2024-08-27T10:00,22.9,0.00,48,11.4,22.4,0.00,0.00,0.00,0,0,0,0,0,6.6,82,77,9.8,17.3,1,3600.00,1021.7,1007.9
2024-08-27T11:00,24.5,0.00,44,11.3,24.1,0.00,0.00,0.00,0,0,0,0,0,9.7,88,86,13.7,23.0,1,3600.00,1021.1,1007.4
2024-08-27T12:00,25.5,0.00,45,12.8,25.9,0.00,0.00,0.00,0,0,0,0,0,10.8,93,92,15.1,25.9,1,3600.00,1020.2,1006.5
2024-08-27T13:00,26.2,0.00,47,14.0,27.0,0.00,0.00,0.00,0,0,0,0,0,11.2,91,92,15.5,26.6,1,3600.00,1019.7,1006.1
2024-08-27T14:00,27.0,0.00,44,13.6,26.8,0.00,0.00,0.00,2,75,0,9,75,11.0,112,113,15.5,26.6,1,3600.00,1019.3,1005.7
2024-08-27T15:00,27.1,0.00,45,14.0,26.8,0.00,0.00,0.00,1,27,0,21,25,11.0,108,109,15.5,25.9,1,3600.00,1018.9,1005.3
2024-08-27T16:00,27.5,0.00,44,14.2,27.6,0.00,0.00,0.00,0,6,0,6,1,8.4,98,100,13.1,24.5,1,3600.00,1018.0,1004.5
2024-08-27T17:00,27.4,0.00,46,14.8,28.1,0.00,0.00,0.00,0,2,0,2,0,6.2,110,111,11.8,19.1,1,3600.00,1017.3,1003.8
2024-08-27T18:00,26.0,0.00,52,15.5,26.8,0.00,0.00,0.00,0,1,0,0,1,7.1,138,139,16.8,14.8,1,3600.00,1017.4,1003.8
2024-08-27T19:00,23.8,0.00,56,14.6,23.9,0.00,0.00,0.00,0,0,0,0,0,9.4,142,140,22.3,19.8,1,2785.93,1017.6,1003.9
2024-08-27T20:00,21.6,0.00,65,14.7,22.2,0.00,0.00,0.00,0,0,0,0,0,6.8,136,108,18.6,18.7,0,0.00,1018.2,1004.4
2024-08-27T21:00,19.9,0.00,73,15.0,20.4,0.00,0.00,0.00,0,0,0,0,0,7.5,102,73,15.8,14.4,0,0.00,1018.4,1004.5
2024-08-27T22:00,19.3,0.00,75,14.8,19.7,0.00,0.00,0.00,0,0,0,0,0,8.2,90,75,19.8,16.9,0,0.00,1018.5,1004.6
2024-08-27T23:00,18.7,0.00,75,14.3,18.9,0.00,0.00,0.00,0,0,0,0,0,8.0,95,82,18.8,16.6,0,0.00,1018.2,1004.3
2024-08-28T00:00,18.3,0.00,74,13.6,18.0,0.00,0.00,0.00,0,0,0,0,0,9.8,94,84,21.6,18.4,0,0.00,1018.1,1004.1
2024-08-28T01:00,18.6,0.00,71,13.1,18.0,0.00,0.00,0.00,0,0,0,0,0,10.4,96,90,23.9,20.2,0,0.00,1017.7,1003.8
2024-08-28T02:00,18.0,0.00,76,13.8,17.7,0.00,0.00,0.00,0,0,0,0,0,10.8,104,94,24.1,20.5,0,0.00,1017.3,1003.3
2024-08-28T03:00,18.0,0.00,77,13.9,17.6,0.00,0.00,0.00,0,0,0,0,0,11.3,101,97,24.9,22.0,0,0.00,1017.2,1003.2
2024-08-28T04:00,17.4,0.00,80,14.0,17.1,0.00,0.00,0.00,0,0,0,0,0,10.3,105,102,22.7,21.2,0,0.00,1017.3,1003.3
2024-08-28T05:00,16.6,0.00,85,14.1,16.8,0.00,0.00,0.00,0,0,0,0,0,7.8,106,103,19.8,19.8,0,0.00,1017.5,1003.5
2024-08-28T06:00,16.0,0.00,89,14.2,16.3,0.00,0.00,0.00,0,0,0,0,0,7.2,104,96,17.8,15.8,1,0.00,1017.7,1003.6
2024-08-28T07:00,17.7,0.00,84,15.0,18.0,0.00,0.00,0.00,0,0,0,0,0,9.3,107,103,19.6,18.0,1,3144.34,1018.0,1004.0
2024-08-28T08:00,20.3,0.00,77,16.1,21.4,0.00,0.00,0.00,0,0,0,0,0,6.8,113,115,14.8,18.4,1,3600.00,1018.1,1004.2
2024-08-28T09:00,22.4,0.00,72,17.0,23.5,0.00,0.00,0.00,0,0,0,0,0,9.2,121,121,13.4,21.6,1,3600.00,1018.0,1004.2
2024-08-28T10:00,24.3,0.00,67,17.8,25.9,0.00,0.00,0.00,0,0,0,0,0,8.2,138,139,11.2,22.3,1,3600.00,1017.8,1004.1
2024-08-28T11:00,25.8,0.00,63,18.3,28.5,0.00,0.00,0.00,0,0,0,0,0,6.6,154,158,9.2,20.9,1,3600.00,1017.6,1004.0
2024-08-28T12:00,27.1,0.00,58,18.3,30.4,0.00,0.00,0.00,0,0,0,0,0,5.8,175,176,7.6,19.1,1,3600.00,1017.3,1003.8
2024-08-28T13:00,28.3,0.00,53,17.7,31.5,0.00,0.00,0.00,0,0,0,0,0,5.6,191,195,7.3,17.3,1,3600.00,1016.9,1003.4
2024-08-28T14:00,29.0,0.00,48,17.0,31.8,0.00,0.00,0.00,0,0,0,0,0,5.2,202,205,6.6,16.6,1,3600.00,1016.4,1002.9
2024-08-28T15:00,29.6,0.00,43,15.7,31.4,0.00,0.00,0.00,0,0,0,0,0,4.9,214,216,6.5,15.5,1,3600.00,1016.1,1002.7
2024-08-28T16:00,29.8,0.00,43,16.0,31.3,0.00,0.00,0.00,0,1,0,1,0,3.8,228,229,5.4,14.4,1,3600.00,1015.8,1002.4
2024-08-28T17:00,29.6,0.00,46,16.8,31.5,0.00,0.00,0.00,0,0,0,0,0,3.1,215,216,4.4,11.2,1,3600.00,1015.5,1002.1
2024-08-28T18:00,28.9,0.00,53,18.3,31.5,0.00,0.00,0.00,0,0,0,0,0,3.1,180,159,6.1,8.6,1,3600.00,1015.4,1002.0
2024-08-28T19:00,25.1,0.00,61,17.1,26.7,0.00,0.00,0.00,0,2,0,2,0,6.2,155,126,11.1,10.4,1,2666.10,1015.4,1001.8
2024-08-28T20:00,23.7,0.00,60,15.4,24.7,0.00,0.00,0.00,0,3,0,3,0,5.9,137,101,11.7,10.8,0,0.00,1015.9,1002.2
2024-08-28T21:00,22.7,0.00,62,15.0,23.4,0.00,0.00,0.00,0,3,0,3,0,6.4,147,106,13.3,10.8,0,0.00,1016.2,1002.5
2024-08-28T22:00,21.9,0.00,64,14.9,22.6,0.00,0.00,0.00,0,0,0,0,0,6.0,156,107,12.6,10.8,0,0.00,1016.4,1002.6
2024-08-28T23:00,21.0,0.00,69,15.2,21.8,0.00,0.00,0.00,0,0,0,0,0,6.2,159,97,9.2,10.1,0,0.00,1016.4,1002.6
2024-08-29T00:00,20.6,0.00,70,15.0,21.3,0.00,0.00,0.00,0,0,0,0,0,6.6,144,103,9.8,10.4,0,0.00,1016.3,1002.5
2024-08-29T01:00,20.0,0.00,74,15.2,20.7,0.00,0.00,0.00,0,0,0,0,0,7.0,139,102,12.0,11.2,0,0.00,1016.4,1002.5
2024-08-29T02:00,19.2,0.00,77,15.0,19.8,0.00,0.00,0.00,0,8,0,8,0,7.0,132,111,18.4,14.4,0,0.00,1016.6,1002.7
2024-08-29T03:00,18.9,0.00,78,14.9,19.4,0.00,0.00,0.00,0,1,0,1,0,7.2,135,108,15.8,13.0,0,0.00,1016.8,1002.9
2024-08-29T04:00,18.5,0.00,79,14.8,19.1,0.00,0.00,0.00,0,0,0,0,0,6.6,135,99,10.7,13.7,0,0.00,1017.0,1003.1
2024-08-29T05:00,17.9,0.00,81,14.6,18.5,0.00,0.00,0.00,0,0,0,0,0,6.2,139,100,7.7,11.2,0,0.00,1016.9,1002.9
2024-08-29T06:00,17.9,0.00,81,14.7,18.4,0.00,0.00,0.00,0,0,0,0,0,7.4,151,113,11.1,13.3,1,0.00,1017.2,1003.2
2024-08-29T07:00,19.9,0.00,77,15.7,20.5,0.00,0.00,0.00,0,0,0,0,0,9.1,153,124,14.2,16.9,1,3061.15,1017.4,1003.5
2024-08-29T08:00,22.8,0.00,72,17.5,24.4,0.00,0.00,0.00,0,0,0,0,0,7.7,153,127,13.7,17.6,1,3600.00,1017.7,1003.9
2024-08-29T09:00,25.4,0.00,63,17.9,27.4,0.00,0.00,0.00,0,2,2,0,0,5.8,163,158,8.7,16.2,1,3600.00,1017.9,1004.3
2024-08-29T10:00,27.1,0.00,57,17.9,29.1,0.00,0.00,0.00,1,23,23,0,0,5.4,186,184,7.2,15.8,1,3600.00,1017.9,1004.3
2024-08-29T11:00,28.7,0.00,53,18.2,31.4,0.00,0.00,0.00,0,17,17,0,0,5.2,196,196,6.7,15.8,1,3600.00,1017.5,1004.0
2024-08-29T12:00,30.1,0.00,49,18.2,33.3,0.00,0.00,0.00,0,0,0,0,0,5.2,212,214,6.8,15.8,1,3600.00,1017.2,1003.8
2024-08-29T13:00,31.1,0.00,45,17.8,34.3,0.00,0.00,0.00,0,1,0,1,0,5.2,201,205,7.0,15.8,1,3600.00,1017.0,1003.6
2024-08-29T14:00,31.7,0.00,42,17.2,33.8,0.00,0.00,0.00,0,13,1,13,0,6.5,212,214,8.9,17.3,1,3600.00,1016.5,1003.2
2024-08-29T15:00,31.8,0.00,41,17.0,33.4,0.00,0.00,0.00,3,100,100,19,0,6.7,231,234,9.2,17.3,1,3600.00,1016.3,1003.0
2024-08-29T16:00,31.5,0.00,43,17.4,33.4,0.00,0.00,0.00,0,16,1,15,0,5.2,236,236,8.3,16.2,1,3600.00,1016.2,1002.9
2024-08-29T17:00,31.0,0.00,48,18.9,33.8,0.00,0.00,0.00,1,47,40,11,0,3.6,227,225,7.4,13.7,1,3600.00,1016.2,1002.8
2024-08-29T18:00,29.8,0.00,58,20.6,33.4,0.00,0.00,0.00,0,13,6,8,0,3.7,209,191,9.0,9.7,1,3600.00,1016.2,1002.8
2024-08-29T19:00,26.2,0.00,65,19.1,28.5,0.00,0.00,0.00,0,12,1,11,0,7.9,182,150,9.4,11.2,1,2545.36,1016.5,1002.9
2024-08-29T20:00,25.1,0.00,64,17.9,26.7,0.00,0.00,0.00,0,10,0,10,0,8.9,184,148,11.2,11.9,0,0.00,1017.1,1003.5
2024-08-29T21:00,27.6,0.00,49,15.8,28.8,0.00,0.00,0.00,0,11,0,11,5,5.0,255,291,8.6,11.9,0,0.00,1017.3,1003.8
2024-08-29T22:00,26.5,0.00,53,16.1,28.3,0.00,0.00,0.00,3,86,86,4,0,2.3,318,51,5.4,7.9,0,0.00,1016.9,1003.3
2024-08-29T23:00,22.4,0.00,70,16.8,24.0,0.00,0.00,0.00,3,99,99,0,0,5.2,56,78,5.2,7.9,0,0.00,1016.9,1003.1
2024-08-30T00:00,23.3,0.00,63,15.9,24.9,0.00,0.00,0.00,1,22,22,0,0,2.7,167,113,3.3,8.6,0,0.00,1017.3,1003.6
2024-08-30T01:00,20.6,0.00,77,16.5,22.4,0.00,0.00,0.00,2,65,65,0,0,3.4,325,18,4.4,4.3,0,0.00,1017.6,1003.7
2024-08-30T02:00,21.2,0.00,77,16.9,23.2,0.00,0.00,0.00,3,92,92,0,0,2.5,343,45,3.8,4.0,0,0.00,1017.5,1003.7
2024-08-30T03:00,19.3,0.00,87,17.0,20.9,0.00,0.00,0.00,3,100,100,0,0,5.8,350,4,12.1,9.4,0,0.00,1017.4,1003.5
2024-08-30T04:00,19.5,0.00,85,17.0,21.2,0.00,0.00,0.00,3,100,100,0,0,5.7,20,35,13.8,9.7,0,0.00,1017.1,1003.2
2024-08-30T05:00,19.2,0.00,87,17.0,20.9,0.00,0.00,0.00,3,99,99,0,0,5.0,350,339,13.9,9.7,0,0.00,1017.7,1003.8
2024-08-30T06:00,19.3,0.00,88,17.3,21.0,0.00,0.00,0.00,3,89,89,1,0,6.0,25,33,14.7,11.2,1,0.00,1017.6,1003.7
2024-08-30T07:00,20.8,0.00,85,18.2,23.0,0.00,0.00,0.00,1,26,24,2,0,5.4,27,360,10.9,11.5,1,2977.78,1017.7,1003.9
2024-08-30T08:00,22.4,0.00,81,19.1,25.1,0.00,0.00,0.00,3,98,98,0,0,5.1,327,315,7.3,13.3,1,3600.00,1018.1,1004.3
2024-08-30T09:00,23.8,0.00,77,19.6,26.4,0.00,0.00,0.00,3,95,95,0,0,7.2,327,323,9.9,18.7,1,3600.00,1018.5,1004.8
2024-08-30T10:00,25.6,0.00,72,20.1,28.6,0.00,0.00,0.00,3,100,100,0,0,6.4,340,333,8.4,19.1,1,3600.00,1018.5,1004.9
2024-08-30T11:00,27.5,0.00,67,20.9,31.6,0.00,0.00,0.00,3,100,100,0,0,3.9,343,326,4.9,17.6,1,3600.00,1018.2,1004.7
2024-08-30T12:00,28.9,0.00,64,21.3,33.5,0.00,0.00,0.00,3,99,99,0,0,4.6,325,315,5.7,15.5,1,3600.00,1017.6,1004.1
2024-08-30T13:00,29.9,0.00,60,21.3,34.2,0.00,0.00,0.00,3,100,100,0,0,5.4,329,318,6.3,16.2,1,3600.00,1017.3,1003.9
2024-08-30T14:00,29.7,0.00,60,21.2,33.1,0.00,0.00,0.00,3,100,100,1,0,10.1,333,325,13.4,24.1,1,3600.00,1017.1,1003.7
2024-08-30T15:00,28.9,0.00,61,20.7,30.8,0.00,0.00,0.00,3,99,99,2,1,15.6,336,331,21.6,33.8,1,3600.00,1017.0,1003.5
2024-08-30T16:00,28.4,0.00,62,20.4,30.1,0.00,0.00,0.00,3,100,100,3,0,16.2,3,1,23.8,35.3,1,3600.00,1016.7,1003.2
2024-08-30T17:00,28.0,0.00,61,19.8,29.9,0.00,0.00,0.00,3,100,100,3,0,12.6,16,13,20.6,34.6,1,3600.00,1016.5,1003.0
2024-08-30T18:00,27.0,0.00,66,20.0,29.2,0.00,0.00,0.00,3,100,100,0,0,11.2,6,358,22.1,26.6,1,1104.23,1016.5,1003.0
2024-08-30T19:00,25.7,0.00,69,19.6,27.4,0.00,0.00,0.00,3,100,100,0,0,13.0,9,2,25.2,25.2,1,0.00,1016.7,1003.1
2024-08-30T20:00,24.7,0.00,72,19.3,26.3,0.00,0.00,0.00,3,100,100,0,0,12.6,9,360,25.9,25.9,0,0.00,1017.3,1003.6
2024-08-30T21:00,23.9,0.00,75,19.2,25.8,0.00,0.00,0.00,0,12,12,0,0,10.9,21,8,23.9,25.2,0,0.00,1017.4,1003.7
2024-08-30T22:00,22.9,0.00,79,19.1,25.1,0.00,0.00,0.00,3,97,97,1,0,8.0,31,10,20.7,21.6,0,0.00,1017.7,1004.0
2024-08-30T23:00,22.0,0.00,83,18.9,24.5,0.00,0.00,0.00,3,100,100,0,0,5.4,37,4,17.2,15.8,0,0.00,1017.8,1004.0
2024-08-31T00:00,21.2,0.00,86,18.7,23.5,0.00,0.00,0.00,3,100,100,0,0,5.9,46,349,13.5,11.5,0,0.00,1017.8,1004.0
2024-08-31T01:00,21.6,0.00,81,18.2,23.7,0.00,0.00,0.00,3,100,100,0,0,5.5,60,349,11.6,11.5,0,0.00,1018.0,1004.2
2024-08-31T02:00,19.0,0.00,93,17.8,21.0,0.00,0.00,0.00,3,100,100,0,0,5.2,36,326,9.3,10.4,0,0.00,1018.7,1004.8
2024-08-31T03:00,18.8,0.00,93,17.6,20.9,0.00,0.00,0.00,3,99,99,0,0,4.4,16,325,6.4,8.3,0,0.00,1018.8,1004.8
2024-08-31T04:00,18.6,0.00,94,17.5,20.6,0.00,0.00,0.00,2,77,77,0,0,4.3,34,360,10.9,9.0,0,0.00,1018.9,1004.9
2024-08-31T05:00,18.3,0.00,93,17.1,20.1,0.00,0.00,0.00,2,57,57,0,0,4.6,56,18,13.5,9.0,0,0.00,1019.0,1005.0
2024-08-31T06:00,18.0,0.00,92,16.7,19.5,0.00,0.00,0.00,1,37,31,9,0,5.6,64,15,11.6,10.1,1,0.00,1019.3,1005.3
2024-08-31T07:00,20.3,0.00,84,17.5,22.5,0.00,0.00,0.00,0,0,0,0,0,3.4,68,342,7.8,9.4,1,2894.24,1019.4,1005.5
2024-08-31T08:00,22.2,0.00,77,18.0,24.7,0.00,0.00,0.00,0,0,0,0,0,2.5,42,352,4.3,9.0,1,3600.00,1019.7,1005.9
2024-08-31T09:00,24.0,0.00,72,18.6,26.4,0.00,0.00,0.00,0,0,0,0,0,5.2,41,34,7.1,14.4,1,3600.00,1019.7,1006.0
2024-08-31T10:00,26.0,0.00,66,19.0,28.4,0.00,0.00,0.00,0,0,0,0,0,6.6,64,61,9.2,18.0,1,3600.00,1019.7,1006.1
2024-08-31T11:00,27.8,0.00,60,19.2,30.7,0.00,0.00,0.00,0,0,0,0,0,6.8,75,72,9.7,18.7,1,3600.00,1019.3,1005.8
2024-08-31T12:00,29.2,0.00,55,19.2,32.5,0.00,0.00,0.00,1,45,45,0,0,7.3,80,79,10.2,19.8,1,3600.00,1018.9,1005.4
2024-08-31T13:00,30.4,0.00,51,19.1,33.6,0.00,0.00,0.00,0,0,0,0,0,8.1,79,77,11.0,20.5,1,3600.00,1018.6,1005.2
2024-08-31T14:00,30.3,0.00,52,19.3,33.2,0.00,0.00,0.00,3,86,86,0,0,9.7,54,51,13.4,23.4,1,3600.00,1018.3,1004.9
2024-08-31T15:00,30.3,0.70,47,17.9,31.8,0.70,0.00,0.00,53,98,97,45,17,11.9,88,88,16.6,26.3,1,3600.00,1018.1,1004.7
2024-08-31T16:00,29.9,0.00,49,17.9,31.6,0.00,0.00,0.00,3,92,92,6,0,8.2,55,49,13.7,26.6,1,3600.00,1017.4,1004.0
2024-08-31T17:00,29.2,0.00,55,19.1,31.6,0.00,0.00,0.00,3,96,96,12,3,6.6,58,45,14.9,19.1,1,3600.00,1017.1,1003.6
2024-08-31T18:00,28.5,0.00,55,18.7,30.5,0.00,0.00,0.00,3,98,97,12,0,8.2,59,49,18.1,16.9,1,3600.00,1017.0,1003.5
2024-08-31T19:00,27.0,0.00,56,17.4,28.0,0.00,0.00,0.00,3,100,100,8,0,11.1,62,54,24.5,22.7,1,1122.97,1017.1,1003.5
2024-08-31T20:00,26.2,0.00,59,17.5,27.2,0.00,0.00,0.00,3,100,99,7,0,11.8,58,52,26.2,23.4,0,0.00,1017.5,1003.9
2024-08-31T21:00,26.0,0.00,62,18.1,26.7,0.00,0.00,0.00,3,100,100,4,0,15.6,70,67,31.1,30.6,0,0.00,1017.5,1003.9
2024-08-31T22:00,25.8,0.00,60,17.5,25.8,0.00,0.00,0.00,3,100,100,1,0,18.3,80,80,34.0,36.0,0,0.00,1017.4,1003.8
2024-08-31T23:00,25.0,0.00,62,17.1,24.6,0.00,0.00,0.00,3,88,88,1,0,19.5,85,87,35.4,38.5,0,0.00,1017.6,1003.9
2024-09-01T00:00,24.2,0.00,64,16.9,24.0,0.00,0.00,0.00,3,98,98,1,0,18.0,89,91,33.8,38.5,0,0.00,1017.5,1003.8
2024-09-01T01:00,23.9,0.00,65,16.8,24.0,0.00,0.00,0.00,3,95,95,0,0,15.1,93,91,29.9,35.6,0,0.00,1017.4,1003.7
2024-09-01T02:00,23.4,0.00,66,16.8,23.8,0.00,0.00,0.00,3,98,98,0,0,13.7,90,85,28.8,31.7,0,0.00,1017.0,1003.3
2024-09-01T03:00,22.9,0.00,68,16.7,23.5,0.00,0.00,0.00,0,6,6,0,0,12.0,91,83,26.6,27.7,0,0.00,1016.9,1003.2
2024-09-01T04:00,22.2,0.00,71,16.7,23.2,0.00,0.00,0.00,0,2,2,0,0,9.3,89,77,23.0,24.5,0,0.00,1016.5,1002.7
2024-09-01T05:00,21.1,0.00,76,16.7,22.5,0.00,0.00,0.00,0,15,15,0,0,6.8,86,72,20.2,19.1,0,0.00,1016.5,1002.7
2024-09-01T06:00,20.8,0.00,78,16.8,22.1,0.00,0.00,0.00,2,64,64,0,0,7.0,92,78,20.5,15.5,1,0.00,1016.5,1002.7
2024-09-01T07:00,21.8,0.00,77,17.5,23.5,0.00,0.00,0.00,0,3,3,0,0,6.8,89,72,16.2,15.1,1,2147.50,1016.6,1002.8
2024-09-01T08:00,23.5,0.00,72,18.2,25.7,0.00,0.00,0.00,1,23,23,0,0,5.2,82,65,10.5,13.7,1,3600.00,1016.5,1002.8
2024-09-01T09:00,25.3,0.00,67,18.7,27.6,0.00,0.00,0.00,1,26,26,0,0,6.5,88,84,9.4,16.9,1,3600.00,1016.4,1002.8
2024-09-01T10:00,27.0,0.00,60,18.7,29.1,0.00,0.00,0.00,3,100,100,0,0,7.2,94,93,10.1,19.1,1,3600.00,1016.4,1002.9
2024-09-01T11:00,28.5,0.00,55,18.5,31.0,0.00,0.00,0.00,3,92,91,5,0,7.2,90,90,9.7,19.1,1,3600.00,1016.0,1002.5
2024-09-01T12:00,29.7,0.00,50,18.3,32.6,0.00,0.00,0.00,3,80,80,0,0,6.9,83,81,9.4,19.1,1,3600.00,1015.1,1001.7
2024-09-01T13:00,30.8,0.00,46,17.9,33.4,0.00,0.00,0.00,3,92,92,0,0,8.4,81,80,11.7,20.9,1,3600.00,1014.4,1001.1
2024-09-01T14:00,31.2,0.00,45,17.8,32.8,0.00,0.00,0.00,3,90,90,1,0,10.9,85,84,15.2,24.5,1,3600.00,1013.5,1000.2
2024-09-01T15:00,30.3,0.80,47,17.6,31.6,0.80,0.00,0.00,53,70,61,24,0,11.0,81,79,16.0,28.4,1,3600.00,1013.2,999.8
2024-09-01T16:00,30.9,0.00,45,17.6,32.5,0.00,0.00,0.00,1,41,33,10,5,7.6,92,90,12.6,23.8,1,3600.00,1012.9,999.6
2024-09-01T17:00,29.6,0.00,48,17.4,31.2,0.00,0.00,0.00,2,60,52,18,0,6.4,67,63,12.1,19.1,1,3600.00,1012.7,999.3
2024-09-01T18:00,28.0,0.00,61,19.8,31.1,0.00,0.00,0.00,2,61,51,21,5,4.7,76,67,11.9,15.5,1,3600.00,1013.3,999.8
2024-09-01T19:00,26.2,0.00,67,19.5,28.8,0.00,0.00,0.00,1,46,32,20,0,6.4,113,106,9.0,9.4,1,1846.05,1013.0,999.5
2024-09-01T20:00,24.7,0.00,65,17.8,26.8,0.00,0.00,0.00,0,17,12,6,1,4.9,139,107,11.0,9.7,0,0.00,1013.2,999.6
2024-09-01T21:00,23.2,0.00,72,17.8,25.3,0.00,0.00,0.00,0,13,12,1,0,4.4,146,99,10.9,10.8,0,0.00,1013.3,999.6
2024-09-01T22:00,22.2,0.00,75,17.6,24.2,0.00,0.00,0.00,3,88,87,9,1,5.2,139,106,8.2,9.4,0,0.00,1013.4,999.7
2024-09-01T23:00,22.1,0.00,77,17.8,23.6,0.00,0.00,0.00,3,100,100,0,1,8.4,135,115,17.8,18.0,0,0.00,1014.0,1000.3
2024-09-02T00:00,21.2,0.00,81,17.9,23.2,0.00,0.00,0.00,3,100,100,0,0,5.9,114,104,14.2,16.2,0,0.00,1013.6,999.8
2024-09-02T01:00,20.6,0.00,85,18.0,22.7,0.00,0.00,0.00,3,99,99,0,0,5.5,113,101,13.7,11.9,0,0.00,1013.6,999.8
2024-09-02T02:00,20.6,0.10,89,18.7,22.4,0.10,0.00,0.00,51,100,100,8,0,9.7,236,231,20.8,27.7,0,0.00,1013.8,1000.0
2024-09-02T03:00,19.8,0.10,93,18.7,22.5,0.10,0.00,0.00,51,100,99,15,0,3.0,304,346,3.9,17.6,0,0.00,1013.9,1000.1
2024-09-02T04:00,19.7,0.00,93,18.6,22.2,0.00,0.00,0.00,3,98,98,3,0,4.6,30,51,5.0,8.3,0,0.00,1012.8,999.0
2024-09-02T05:00,19.3,0.00,93,18.2,21.8,0.00,0.00,0.00,3,100,100,20,0,3.4,63,108,7.2,9.0,0,0.00,1013.0,999.2
2024-09-02T06:00,19.4,2.80,94,18.4,20.6,2.80,0.00,0.00,63,89,85,17,23,12.7,177,172,23.4,23.4,1,0.00,1014.1,1000.2
2024-09-02T07:00,19.5,1.50,92,18.2,21.3,1.50,0.00,0.00,61,100,98,94,10,8.5,180,168,15.1,27.7,1,633.75,1014.2,1000.3
2024-09-02T08:00,19.6,0.50,93,18.5,21.5,0.50,0.00,0.00,53,81,81,0,1,8.6,203,195,15.6,20.2,1,860.68,1014.1,1000.3
2024-09-02T09:00,21.4,0.70,86,19.0,23.9,0.70,0.00,0.00,53,27,23,5,0,5.9,220,218,8.4,16.2,1,3600.00,1014.0,1000.2
2024-09-02T10:00,22.7,0.30,81,19.3,25.7,0.30,0.00,0.00,51,0,0,0,0,3.7,193,191,4.8,16.6,1,3600.00,1013.8,1000.1
2024-09-02T11:00,24.4,0.00,73,19.3,27.8,0.00,0.00,0.00,0,7,0,0,7,3.3,195,193,4.1,14.4,1,3600.00,1013.5,999.9
2024-09-02T12:00,25.8,0.00,66,19.0,29.4,0.00,0.00,0.00,0,5,0,0,5,3.9,205,202,5.2,15.1,1,3600.00,1013.1,999.5
2024-09-02T13:00,26.9,0.00,60,18.5,30.3,0.00,0.00,0.00,0,0,0,0,0,4.3,202,204,5.8,16.2,1,3600.00,1012.6,999.1
2024-09-02T14:00,26.4,0.00,63,18.8,28.8,0.00,0.00,0.00,3,86,73,25,33,8.4,189,190,11.3,21.6,1,3600.00,1012.8,999.3
2024-09-02T15:00,26.6,0.00,61,18.5,28.4,0.00,0.00,0.00,1,44,20,1,29,9.2,190,191,12.4,22.7,1,3600.00,1012.1,998.6
2024-09-02T16:00,26.3,1.10,62,18.6,28.3,1.10,0.00,0.00,55,52,7,17,40,7.9,205,204,10.3,26.6,1,3600.00,1011.9,998.4
2024-09-02T17:00,25.7,1.90,65,18.6,28.1,1.90,0.00,0.00,61,58,14,32,29,5.2,213,214,7.3,21.2,1,3600.00,1012.0,998.5
2024-09-02T18:00,24.3,0.60,76,19.9,27.2,0.60,0.00,0.00,53,67,4,60,18,6.3,165,156,9.7,13.3,1,3600.00,1012.4,998.8
2024-09-02T19:00,22.7,0.00,84,19.8,25.8,0.00,0.00,0.00,1,48,36,18,0,4.3,138,114,9.7,13.0,1,672.96,1012.6,998.9
2024-09-02T20:00,21.7,0.00,88,19.6,24.6,0.00,0.00,0.00,2,50,45,10,0,5.4,132,110,13.0,11.2,0,0.00,1013.2,999.5
2024-09-02T21:00,20.9,0.00,91,19.3,23.7,0.00,0.00,0.00,1,22,3,20,0,5.2,142,115,12.3,10.4,0,0.00,1013.5,999.7
2024-09-02T22:00,20.7,0.00,90,19.0,23.1,0.00,0.00,0.00,1,33,9,26,1,6.6,156,131,15.8,13.0,0,0.00,1013.7,999.9
2024-09-02T23:00,20.3,0.00,91,18.8,22.7,0.00,0.00,0.00,1,31,24,10,0,5.4,173,138,14.5,13.0,0,0.00,1013.7,999.9
2024-09-03T00:00,20.0,0.00,92,18.7,22.3,0.00,0.00,0.00,1,39,31,12,0,6.2,190,159,15.0,11.9,0,0.00,1013.9,1000.1
2024-09-03T01:00,19.7,0.00,93,18.4,21.9,0.00,0.00,0.00,0,17,12,6,0,6.2,195,170,15.6,13.0,0,0.00,1013.9,1000.1
2024-09-03T02:00,19.6,0.00,91,18.1,21.9,0.00,0.00,0.00,0,1,0,1,0,4.3,198,132,5.7,7.2,0,0.00,1013.7,999.9
2024-09-03T03:00,19.8,0.00,90,18.2,22.1,0.00,0.00,0.00,0,3,0,3,0,5.0,164,120,9.0,9.0,0,0.00,1014.0,1000.2
2024-09-03T04:00,19.0,0.00,93,17.9,21.2,0.00,0.00,0.00,0,0,0,0,0,4.3,165,114,9.7,10.4,0,0.00,1013.9,1000.0
2024-09-03T05:00,18.4,0.00,93,17.3,20.3,0.00,0.00,0.00,0,1,0,1,0,4.9,191,144,11.0,8.6,0,0.00,1014.1,1000.2
2024-09-03T06:00,18.1,0.00,94,17.1,19.8,0.00,0.00,0.00,0,2,0,2,0,5.2,168,124,10.3,9.0,1,0.00,1014.6,1000.7
2024-09-03T07:00,20.0,0.00,89,18.2,22.2,0.00,0.00,0.00,0,9,0,9,0,5.4,164,127,9.3,9.7,1,2642.80,1015.0,1001.2
2024-09-03T08:00,21.7,0.00,82,18.5,24.0,0.00,0.00,0.00,0,0,0,0,0,5.7,163,162,8.7,14.8,1,3600.00,1015.3,1001.5
2024-09-03T09:00,23.3,0.00,76,18.9,25.7,0.00,0.00,0.00,0,1,0,1,0,5.8,183,180,7.6,16.6,1,3600.00,1015.5,1001.8
2024-09-03T10:00,24.8,0.00,70,18.9,27.2,0.00,0.00,0.00,0,13,0,13,0,5.8,202,202,7.8,17.6,1,3600.00,1015.6,1002.0
2024-09-03T11:00,26.1,0.00,63,18.6,28.8,0.00,0.00,0.00,0,8,1,7,1,5.0,211,210,6.3,19.8,1,3600.00,1015.5,1001.9
2024-09-03T12:00,27.0,0.00,59,18.4,30.1,0.00,0.00,0.00,0,19,5,15,0,5.2,212,214,6.8,19.4,1,3600.00,1015.1,1001.6
2024-09-03T13:00,27.5,0.00,59,18.8,30.4,0.00,0.00,0.00,1,26,15,10,4,7.2,212,217,9.4,22.3,1,3600.00,1015.0,1001.5
2024-09-03T14:00,28.6,0.00,50,17.3,30.6,0.00,0.00,0.00,2,50,35,20,5,7.0,196,201,9.0,20.5,1,3600.00,1014.6,1001.2
2024-09-03T15:00,28.4,0.00,50,17.0,29.7,0.00,0.00,0.00,2,51,43,13,3,7.9,222,227,10.2,20.5,1,3600.00,1014.2,1000.7
2024-09-03T16:00,28.4,0.00,49,16.8,29.7,0.00,0.00,0.00,0,15,6,9,3,7.5,232,235,10.0,20.9,1,3600.00,1013.8,1000.4
2024-09-03T17:00,27.7,0.00,54,17.5,29.7,0.00,0.00,0.00,0,9,0,8,1,4.6,227,225,7.9,18.4,1,3600.00,1013.7,1000.2
2024-09-03T18:00,26.7,0.00,70,20.7,30.4,0.00,0.00,0.00,1,22,6,17,0,3.7,238,241,6.8,12.6,1,3600.00,1013.7,1000.2
2024-09-03T19:00,27.0,0.00,53,16.7,28.7,0.00,0.00,0.00,0,19,3,16,0,4.2,259,290,5.5,6.5,1,1626.24,1014.2,1000.7
2024-09-03T20:00,26.1,0.00,56,16.6,27.9,0.00,0.00,0.00,0,17,2,15,1,2.9,282,7,5.2,5.8,0,0.00,1014.8,1001.2
2024-09-03T21:00,22.2,0.00,76,17.8,24.4,0.00,0.00,0.00,1,38,0,31,9,4.6,53,72,3.6,6.5,0,0.00,1015.0,1001.3
2024-09-03T22:00,21.4,0.00,78,17.4,23.4,0.00,0.00,0.00,2,69,0,67,5,4.4,90,81,9.0,8.3,0,0.00,1014.7,1000.9
2024-09-03T23:00,20.6,0.00,82,17.4,22.5,0.00,0.00,0.00,0,4,0,4,1,4.7,113,90,12.1,8.3,0,0.00,1014.6,1000.8
2024-09-04T00:00,19.9,0.00,86,17.4,21.9,0.00,0.00,0.00,0,1,0,1,1,4.3,107,85,10.9,8.6,0,0.00,1014.6,1000.8
2024-09-04T01:00,19.2,0.00,89,17.4,21.2,0.00,0.00,0.00,0,16,16,0,0,3.8,90,73,8.6,7.9,0,0.00,1014.6,1000.7
2024-09-04T02:00,17.9,0.00,93,16.7,19.6,0.00,0.00,0.00,1,45,44,1,0,4.0,148,100,5.5,6.5,0,0.00,1014.5,1000.6
2024-09-04T03:00,18.0,0.00,90,16.4,19.8,0.00,0.00,0.00,3,97,97,4,0,2.3,158,72,1.9,6.1,0,0.00,1014.4,1000.5
2024-09-04T04:00,18.1,0.00,89,16.2,19.7,0.00,0.00,0.00,1,44,25,26,0,3.7,175,119,4.3,5.0,0,0.00,1014.2,1000.3
2024-09-04T05:00,18.0,0.00,89,16.1,19.5,0.00,0.00,0.00,2,62,58,9,0,4.0,207,185,8.0,7.2,0,0.00,1014.7,1000.8
2024-09-04T06:00,18.8,0.10,92,17.5,21.0,0.10,0.00,0.00,51,100,100,96,7,3.3,196,103,7.9,22.3,1,0.00,1015.3,1001.4
2024-09-04T07:00,19.2,1.10,94,18.2,21.0,1.10,0.00,0.00,55,100,100,27,8,8.3,201,185,15.0,14.8,1,0.00,1015.5,1001.6
2024-09-04T08:00,19.8,0.20,93,18.7,22.5,0.20,0.00,0.00,51,100,100,18,1,4.0,201,185,7.0,18.4,1,0.00,1015.4,1001.5
2024-09-04T09:00,20.6,0.20,88,18.5,23.1,0.20,0.00,0.00,51,100,100,92,43,4.4,232,235,5.9,13.0,1,2337.05,1015.4,1001.6
2024-09-04T10:00,21.3,0.00,84,18.6,23.4,0.00,0.00,0.00,3,100,100,97,41,7.2,234,233,9.3,18.4,1,133.71,1015.4,1001.6
2024-09-04T11:00,22.5,0.00,78,18.4,24.8,0.00,0.00,0.00,3,100,100,64,30,5.8,239,240,7.6,18.0,1,2946.32,1015.3,1001.6
2024-09-04T12:00,23.3,0.00,73,18.3,25.3,0.00,0.00,0.00,3,100,100,100,47,7.0,249,249,8.9,20.2,1,3600.00,1015.0,1001.3
2024-09-04T13:00,23.5,0.10,72,18.2,25.7,0.10,0.00,0.00,51,100,100,28,37,5.5,246,247,7.1,19.4,1,0.00,1014.5,1000.8
2024-09-04T14:00,23.2,0.00,73,18.2,25.6,0.00,0.00,0.00,1,45,5,31,16,4.3,274,275,5.8,16.2,1,1162.92,1014.5,1000.8
2024-09-04T15:00,24.6,0.00,66,17.8,26.9,0.00,0.00,0.00,3,81,64,35,21,3.2,270,270,4.3,14.4,1,3600.00,1013.8,1000.2
2024-09-04T16:00,24.9,0.00,64,17.5,27.3,0.00,0.00,0.00,3,98,98,3,11,1.8,342,349,2.3,11.9,1,3600.00,1013.2,999.6
2024-09-04T17:00,24.9,0.00,63,17.4,27.1,0.00,0.00,0.00,2,78,68,16,20,3.3,38,49,4.1,9.7,1,3600.00,1013.1,999.5
2024-09-04T18:00,24.1,0.00,69,18.1,26.5,0.00,0.00,0.00,3,100,100,22,17,4.1,68,75,8.6,10.8,1,3600.00,1013.1,999.5
2024-09-04T19:00,22.1,0.00,79,18.3,24.3,0.00,0.00,0.00,3,100,100,39,0,5.6,55,50,7.0,8.6,1,0.00,1013.1,999.4
2024-09-04T20:00,21.4,0.00,80,17.8,23.6,0.00,0.00,0.00,3,97,96,19,6,4.5,29,29,10.3,8.3,0,0.00,1013.4,999.6
2024-09-04T21:00,20.7,0.00,83,17.8,22.6,0.00,0.00,0.00,3,100,99,29,1,6.4,39,43,15.3,11.9,0,0.00,1013.0,999.2
2024-09-04T22:00,20.3,0.00,86,18.0,22.4,0.00,0.00,0.00,3,98,97,2,6,5.7,37,35,15.4,13.0,0,0.00,1012.7,998.9
2024-09-04T23:00,19.4,0.00,91,17.9,21.5,0.00,0.00,0.00,3,100,100,0,6,4.8,28,13,13.0,11.5,0,0.00,1012.5,998.7
2024-09-05T00:00,19.2,0.00,92,17.8,21.1,0.00,0.00,0.00,1,46,44,0,4,6.4,27,16,16.1,11.9,0,0.00,1012.0,998.2
2024-09-05T01:00,19.0,0.00,91,17.5,20.7,0.00,0.00,0.00,0,6,3,0,2,7.2,28,18,18.4,14.4,0,0.00,1011.2,997.4
2024-09-05T02:00,19.3,0.00,92,18.0,20.5,0.00,0.00,0.00,3,100,100,19,9,11.4,34,28,23.4,24.8,0,0.00,1010.7,996.9
2024-09-05T03:00,19.3,0.00,94,18.3,21.4,0.00,0.00,0.00,0,16,13,2,3,6.6,32,13,16.5,23.0,0,0.00,1009.7,995.9
2024-09-05T04:00,18.3,0.00,96,17.6,20.1,0.00,0.00,0.00,0,7,1,0,5,5.9,53,14,11.3,13.7,0,0.00,1009.0,995.2
2024-09-05T05:00,18.2,0.00,94,17.3,19.9,0.00,0.00,0.00,2,70,70,0,1,6.2,60,21,11.6,11.5,0,0.00,1008.4,994.6
2024-09-05T06:00,18.0,0.00,93,16.9,19.7,0.00,0.00,0.00,3,100,100,0,0,4.9,59,17,13.9,11.9,1,0.00,1007.7,993.9
2024-09-05T07:00,20.0,0.00,86,17.7,22.1,0.00,0.00,0.00,3,100,100,0,0,4.9,68,36,14.4,11.2,1,1128.45,1007.5,993.8
2024-09-05T08:00,22.3,0.00,77,18.1,24.5,0.00,0.00,0.00,2,75,75,0,0,5.1,75,51,14.9,13.7,1,3600.00,1007.1,993.5
2024-09-05T09:00,24.6,0.00,68,18.4,26.5,0.00,0.00,0.00,2,61,61,0,0,8.1,77,69,12.6,20.5,1,3600.00,1006.5,993.0
2024-09-05T10:00,26.8,0.00,59,18.1,28.0,0.00,0.00,0.00,0,12,12,0,0,11.5,74,70,16.5,26.6,1,3600.00,1005.8,992.4
2024-09-05T11:00,28.6,0.00,54,18.3,30.1,0.00,0.00,0.00,0,17,17,0,0,13.1,82,81,18.9,29.5,1,3600.00,1005.2,991.9
2024-09-05T12:00,29.9,0.00,48,17.5,31.2,0.00,0.00,0.00,2,50,50,0,0,14.4,92,91,20.9,32.4,1,3600.00,1004.6,991.3
2024-09-05T13:00,30.8,0.00,43,16.7,31.8,0.00,0.00,0.00,0,4,4,0,0,14.9,99,98,21.5,33.1,1,3600.00,1004.5,991.3
2024-09-05T14:00,30.8,0.00,41,16.2,31.8,0.00,0.00,0.00,1,25,25,0,0,12.6,93,93,18.4,31.0,1,3600.00,1004.8,991.6
2024-09-05T15:00,31.5,0.00,37,15.0,31.7,0.00,0.00,0.00,0,13,4,9,0,11.6,97,95,17.8,30.6,1,3600.00,1004.4,991.2
2024-09-05T16:00,30.3,0.10,38,14.6,30.3,0.10,0.00,0.00,51,59,26,44,0,10.1,172,174,15.3,26.6,1,3600.00,1004.7,991.5
2024-09-05T17:00,25.8,0.00,71,20.0,28.0,0.00,0.00,0.00,2,59,19,51,0,11.3,242,239,17.9,31.3,1,3600.00,1005.2,991.8
2024-09-05T18:00,25.2,0.30,73,20.0,28.4,0.30,0.00,0.00,51,100,100,44,0,4.6,228,231,9.2,22.7,1,3600.00,1005.6,992.1
2024-09-05T19:00,23.0,1.60,81,19.6,25.7,1.60,0.00,0.00,61,100,99,53,1,6.6,242,221,14.3,21.2,0,0.00,1007.0,993.4
2024-09-05T20:00,21.8,0.00,84,19.0,23.4,0.00,0.00,0.00,3,89,84,26,5,12.3,221,220,23.7,28.4,0,0.00,1007.5,993.8
2024-09-05T21:00,20.6,0.00,89,18.8,23.2,0.00,0.00,0.00,3,97,95,36,7,4.9,231,197,12.5,24.1,0,0.00,1008.2,994.5
2024-09-05T22:00,20.2,0.00,91,18.7,21.7,0.00,0.00,0.00,3,100,100,7,90,11.8,217,207,21.3,21.2,0,0.00,1008.9,995.1
2024-09-05T23:00,19.6,0.00,93,18.5,20.7,0.00,0.00,0.00,3,100,100,26,86,13.5,229,222,23.0,27.7,0,0.00,1009.1,995.3
2024-09-06T00:00,19.1,0.00,93,18.0,20.3,0.00,0.00,0.00,3,100,100,3,95,11.8,217,211,20.8,26.3,0,0.00,1009.3,995.5
2024-09-06T01:00,18.7,0.00,93,17.5,19.7,0.00,0.00,0.00,3,100,100,3,86,11.8,217,211,21.1,24.8,0,0.00,1009.5,995.7
2024-09-06T02:00,17.8,0.00,92,16.5,18.5,0.00,0.00,0.00,3,100,99,32,45,10.6,221,215,19.1,24.1,0,0.00,1009.6,995.7
2024-09-06T03:00,17.6,0.10,94,16.6,18.6,0.10,0.00,0.00,51,100,100,96,84,8.9,217,201,18.5,22.0,0,0.00,1009.7,995.8
2024-09-06T04:00,17.2,0.50,97,16.6,17.9,0.50,0.00,0.00,53,100,60,100,98,11.1,215,205,22.5,21.2,0,0.00,1010.0,996.1
2024-09-06T05:00,16.8,1.30,95,16.0,17.0,1.30,0.00,0.00,61,100,86,90,92,12.1,214,207,23.6,25.2,0,0.00,1010.3,996.4
2024-09-06T06:00,16.3,1.50,95,15.4,16.2,1.50,0.00,0.00,61,100,98,98,100,13.3,217,213,24.7,28.1,1,0.00,1010.8,996.8
2024-09-06T07:00,16.2,2.90,95,15.4,16.3,2.90,0.00,0.00,63,100,83,94,100,11.5,216,212,21.4,28.4,1,0.00,1011.2,997.2
2024-09-06T08:00,16.3,3.10,94,15.4,16.8,3.10,0.00,0.00,63,100,86,99,100,9.2,216,211,16.5,24.1,1,0.00,1011.7,997.7
2024-09-06T09:00,16.9,0.20,91,15.4,17.8,0.20,0.00,0.00,51,60,0,60,0,6.2,195,190,9.7,19.4,1,0.00,1011.7,997.8
2024-09-06T10:00,18.3,0.00,86,15.9,19.3,0.00,0.00,0.00,0,3,0,1,2,7.0,202,201,9.7,18.4,1,3600.00,1011.8,997.9
2024-09-06T11:00,20.4,0.00,74,15.7,21.7,0.00,0.00,0.00,1,33,28,0,7,6.4,205,207,8.4,20.5,1,3600.00,1011.9,998.1
2024-09-06T12:00,22.0,0.00,66,15.3,23.6,0.00,0.00,0.00,0,0,0,0,0,5.9,225,223,7.6,19.1,1,3600.00,1011.6,997.9
2024-09-06T13:00,23.1,0.00,62,15.5,25.3,0.00,0.00,0.00,0,1,0,0,1,4.2,198,200,5.7,18.4,1,3600.00,1011.6,997.9
2024-09-06T14:00,21.4,0.00,71,16.0,22.4,0.00,0.00,0.00,3,100,1,0,100,6.6,168,171,8.5,17.3,1,0.00,1012.4,998.7
2024-09-06T15:00,21.8,0.00,70,16.0,23.1,0.00,0.00,0.00,3,100,0,0,100,5.6,129,130,7.9,17.3,1,389.46,1012.3,998.6
2024-09-06T16:00,22.3,0.00,67,15.9,23.7,0.00,0.00,0.00,3,84,23,1,79,3.8,135,139,5.1,15.5,1,0.00,1012.1,998.4
2024-09-06T17:00,22.8,0.00,64,15.6,24.6,0.00,0.00,0.00,1,30,29,1,2,0.7,146,180,1.3,11.5,1,3600.00,1012.0,998.3
2024-09-06T18:00,22.2,0.00,70,16.5,24.2,0.00,0.00,0.00,1,35,35,0,0,1.6,58,27,3.4,5.8,1,3600.00,1011.9,998.2
2024-09-06T19:00,20.6,0.00,73,15.5,22.0,0.00,0.00,0.00,3,100,100,0,0,3.2,66,360,3.5,4.0,0,1240.94,1012.2,998.4
2024-09-06T20:00,18.1,0.00,84,15.4,19.1,0.00,0.00,0.00,1,35,35,0,0,5.1,75,45,5.6,7.6,0,0.00,1012.8,998.9
2024-09-06T21:00,17.9,0.00,85,15.4,19.0,0.00,0.00,0.00,0,4,4,0,0,4.8,78,63,8.5,9.4,0,0.00,1012.8,998.9
2024-09-06T22:00,16.9,0.00,91,15.4,18.1,0.00,0.00,0.00,0,4,4,0,0,4.1,81,75,7.3,9.4,0,0.00,1012.8,998.8
2024-09-06T23:00,16.4,0.00,93,15.2,17.5,0.00,0.00,0.00,0,2,2,0,0,4.5,93,76,6.8,9.4,0,0.00,1013.0,999.0
2024-09-07T00:00,15.9,0.00,94,14.9,16.9,0.00,0.00,0.00,1,44,44,0,0,4.5,93,76,6.8,9.7,0,0.00,1012.9,998.9
2024-09-07T01:00,15.5,0.00,95,14.7,16.6,0.00,0.00,0.00,0,15,15,0,0,3.0,90,76,5.4,9.4,0,0.00,1013.0,999.0
2024-09-07T02:00,14.9,0.00,93,13.8,15.6,0.00,0.00,0.00,3,100,100,0,0,3.3,41,84,3.8,5.4,0,0.00,1013.3,999.2
2024-09-07T03:00,15.5,0.00,93,14.3,16.3,0.00,0.00,0.00,3,97,97,0,0,4.0,90,90,7.6,7.9,0,0.00,1013.1,999.1
2024-09-07T04:00,15.3,0.00,94,14.3,16.1,0.00,0.00,0.00,2,56,56,0,0,4.0,112,100,8.6,8.6,0,0.00,1013.0,999.0
2024-09-07T05:00,15.1,0.00,94,14.1,15.8,0.00,0.00,0.00,3,91,91,0,0,4.0,105,85,8.6,7.6,0,0.00,1013.0,998.9
2024-09-07T06:00,15.2,0.00,93,14.2,15.9,0.00,0.00,0.00,2,54,54,0,0,4.3,100,85,12.1,9.0,1,0.00,1012.9,998.9
2024-09-07T07:00,17.1,0.00,87,15.0,18.0,0.00,0.00,0.00,1,26,26,1,0,5.2,110,106,11.5,10.1,1,2306.20,1013.3,999.3
2024-09-07T08:00,19.5,0.00,81,16.1,21.1,0.00,0.00,0.00,0,1,1,0,0,3.3,102,84,10.7,10.8,1,3600.00,1013.5,999.7
2024-09-07T09:00,22.0,0.00,74,17.2,23.9,0.00,0.00,0.00,0,0,0,0,0,4.0,96,95,6.5,13.0,1,3600.00,1013.4,999.7
2024-09-07T10:00,24.2,0.00,67,17.7,26.1,0.00,0.00,0.00,0,0,0,0,0,5.9,105,104,8.6,16.6,1,3600.00,1013.0,999.4
2024-09-07T11:00,26.0,0.00,60,17.7,27.9,0.00,0.00,0.00,0,0,0,0,0,7.8,110,112,10.4,20.2,1,3600.00,1012.5,999.0
2024-09-07T12:00,27.3,0.00,55,17.4,29.5,0.00,0.00,0.00,0,0,0,0,0,8.0,107,108,10.9,20.9,1,3600.00,1011.8,998.3
2024-09-07T13:00,28.1,0.00,50,16.9,30.3,0.00,0.00,0.00,0,0,0,0,0,7.6,108,109,10.6,21.2,1,3600.00,1011.4,998.0
2024-09-07T14:00,28.8,0.00,48,16.7,30.6,0.00,0.00,0.00,2,62,62,0,0,8.1,107,111,10.9,21.2,1,3600.00,1010.7,997.3
2024-09-07T15:00,29.0,0.00,47,16.4,30.1,0.00,0.00,0.00,1,49,49,0,0,8.9,104,104,12.2,21.2,1,3600.00,1010.2,996.8
2024-09-07T16:00,29.0,0.00,46,16.2,29.9,0.00,0.00,0.00,0,9,9,0,0,8.1,105,103,12.3,20.9,1,3600.00,1009.8,996.4
2024-09-07T17:00,28.4,0.00,47,16.0,29.4,0.00,0.00,0.00,3,87,87,1,0,7.3,100,99,13.9,19.1,1,3600.00,1009.7,996.3
2024-09-07T18:00,26.4,0.00,56,16.9,27.9,0.00,0.00,0.00,2,75,74,2,0,6.5,95,87,17.3,16.9,1,3600.00,1009.6,996.1
2024-09-07T19:00,24.6,0.00,56,15.2,25.1,0.00,0.00,0.00,0,4,3,1,0,8.7,99,85,21.1,16.2,0,406.10,1009.5,995.9
2024-09-07T20:00,24.4,0.00,56,14.9,24.4,0.00,0.00,0.00,0,1,1,0,0,10.8,99,86,25.5,20.9,0,0.00,1009.6,996.0
2024-09-07T21:00,24.0,0.00,56,14.6,23.8,0.00,0.00,0.00,0,2,0,2,0,11.5,103,94,27.0,22.3,0,0.00,1009.2,995.6
2024-09-07T22:00,23.3,0.00,57,14.2,23.0,0.00,0.00,0.00,3,80,80,0,0,11.3,105,97,27.2,23.4,0,0.00,1008.9,995.3
2024-09-07T23:00,22.3,0.00,60,14.1,22.0,0.00,0.00,0.00,2,52,52,0,0,10.7,108,104,25.7,23.0,0,0.00,1008.9,995.2
2024-09-08T00:00,21.3,0.00,64,14.1,21.0,0.00,0.00,0.00,3,100,100,0,0,11.2,110,105,25.3,22.7,0,0.00,1009.0,995.3
2024-09-08T01:00,20.6,0.00,66,14.0,20.4,0.00,0.00,0.00,3,100,100,2,0,10.2,116,113,23.7,22.0,0,0.00,1009.2,995.5
2024-09-08T02:00,19.8,0.40,80,16.2,21.3,0.40,0.00,0.00,51,100,100,90,0,3.9,241,158,7.4,12.6,0,0.00,1010.9,997.1
2024-09-08T03:00,19.8,0.20,80,16.3,21.1,0.20,0.00,0.00,51,100,100,49,0,5.5,343,32,10.1,9.0,0,0.00,1010.5,996.7
2024-09-08T04:00,20.4,0.20,74,15.5,21.8,0.20,0.00,0.00,51,100,100,45,0,2.9,315,270,6.6,9.4,0,0.00,1010.7,996.9
2024-09-08T05:00,19.7,0.00,80,16.2,21.6,0.00,0.00,0.00,3,83,34,74,0,1.8,288,191,3.4,7.6,0,0.00,1011.0,997.2
2024-09-08T06:00,19.1,0.00,89,17.2,20.8,0.00,0.00,0.00,3,97,95,46,5,5.9,212,191,13.6,10.8,1,0.00,1011.6,997.8
2024-09-08T07:00,19.2,0.00,93,18.0,20.8,0.00,0.00,0.00,2,78,1,76,7,8.4,232,223,16.9,16.2,1,0.00,1011.7,997.9
2024-09-08T08:00,20.1,0.00,86,17.7,21.5,0.00,0.00,0.00,1,49,23,24,14,9.5,243,241,14.5,22.7,1,3600.00,1012.1,998.3
2024-09-08T09:00,20.9,0.00,80,17.2,22.1,0.00,0.00,0.00,3,99,97,43,17,9.4,255,252,12.7,23.0,1,3600.00,1012.3,998.5
2024-09-08T10:00,20.9,0.40,73,15.9,21.5,0.40,0.00,0.00,51,100,100,58,0,9.6,259,257,12.8,24.8,1,3600.00,1012.3,998.5
2024-09-08T11:00,20.2,0.30,73,15.2,20.6,0.30,0.00,0.00,51,88,56,77,2,9.0,267,265,12.6,23.0,1,0.00,1012.1,998.3
2024-09-08T12:00,19.9,1.10,75,15.3,20.3,1.10,0.00,0.00,55,100,78,100,13,9.6,252,250,12.9,25.2,1,1197.22,1012.1,998.3
2024-09-08T13:00,18.9,1.50,87,16.6,20.1,1.50,0.00,0.00,61,100,84,100,0,7.3,249,250,12.0,23.4,1,0.00,1011.6,997.7
2024-09-08T14:00,19.3,0.50,86,16.9,20.5,0.50,0.00,0.00,53,100,100,61,5,7.9,291,294,10.8,28.1,1,0.00,1011.3,997.5
2024-09-08T15:00,19.7,3.50,81,16.3,20.7,3.50,0.00,0.00,63,100,100,99,26,7.6,268,267,10.1,23.8,1,2456.51,1010.7,996.9
2024-09-08T16:00,19.1,1.70,84,16.3,21.0,1.70,0.00,0.00,61,100,100,100,3,1.8,286,281,2.6,22.3,1,0.00,1010.1,996.3
2024-09-08T17:00,18.8,0.20,88,16.7,20.7,0.20,0.00,0.00,51,100,100,100,0,3.1,165,159,4.1,7.2,1,0.00,1009.5,995.7
2024-09-08T18:00,18.5,0.90,93,17.4,20.7,0.90,0.00,0.00,53,100,100,100,0,3.1,153,126,5.6,9.0,1,0.00,1009.4,995.6
2024-09-08T19:00,18.2,1.30,96,17.6,20.7,1.30,0.00,0.00,61,100,100,100,0,1.5,167,166,3.3,6.5,0,0.00,1008.9,995.1
2024-09-08T20:00,18.0,1.10,96,17.4,20.4,1.10,0.00,0.00,55,100,100,100,0,1.6,186,117,3.6,5.4,0,0.00,1008.5,994.7
2024-09-08T21:00,18.0,1.10,96,17.3,20.3,1.10,0.00,0.00,55,100,100,100,0,1.8,202,143,3.9,4.3,0,0.00,1007.9,994.1
2024-09-08T22:00,17.8,0.60,95,17.1,19.6,0.60,0.00,0.00,53,100,100,94,0,4.8,229,222,10.0,9.4,0,0.00,1007.7,993.9
2024-09-08T23:00,17.3,0.00,96,16.7,18.6,0.00,0.00,0.00,3,100,100,46,2,7.0,218,215,15.6,14.0,0,0.00,1007.6,993.7
2024-09-09T00:00,17.0,0.00,96,16.3,18.1,0.00,0.00,0.00,3,100,100,100,15,7.4,227,219,17.6,16.6,0,0.00,1007.6,993.7
2024-09-09T01:00,16.9,0.00,96,16.2,17.9,0.00,0.00,0.00,3,100,100,50,23,7.4,223,209,16.8,15.8,0,0.00,1007.1,993.2
2024-09-09T02:00,16.6,0.10,92,15.3,17.1,0.10,0.00,0.00,51,100,100,56,61,8.5,206,192,18.4,17.3,0,0.00,1007.1,993.2
2024-09-09T03:00,16.5,0.20,92,15.2,16.8,0.20,0.00,0.00,51,85,49,52,49,10.4,221,214,20.4,21.6,0,0.00,1007.0,993.1
2024-09-09T04:00,16.1,0.00,93,15.0,16.3,0.00,0.00,0.00,3,80,64,56,10,9.9,230,224,20.7,21.6,0,0.00,1006.5,992.6
2024-09-09T05:00,15.6,0.00,94,14.6,15.7,0.00,0.00,0.00,3,100,100,1,0,9.6,212,200,19.9,20.9,0,0.00,1006.5,992.6
2024-09-09T06:00,15.1,0.00,94,14.1,15.0,0.00,0.00,0.00,3,100,100,11,3,9.7,214,202,20.8,20.5,1,0.00,1006.6,992.6
2024-09-09T07:00,15.5,0.00,91,14.0,15.0,0.00,0.00,0.00,3,100,86,100,14,12.5,228,226,22.4,24.8,1,0.00,1006.6,992.7
2024-09-09T08:00,15.5,0.40,92,14.2,15.2,0.40,0.00,0.00,51,100,66,100,91,11.8,239,239,21.8,28.4,1,0.00,1006.3,992.4
2024-09-09T09:00,15.7,1.20,91,14.3,14.6,1.20,0.00,0.00,55,100,59,99,100,17.1,232,231,27.4,32.8,1,0.00,1006.4,992.5
2024-09-09T10:00,16.2,0.10,90,14.5,15.2,0.10,0.00,0.00,51,26,0,8,22,17.0,235,234,26.9,37.1,1,37.31,1006.1,992.2
2024-09-09T11:00,18.8,0.00,76,14.5,18.0,0.00,0.00,0.00,1,24,0,14,13,15.6,242,241,22.4,40.3,1,3600.00,1005.8,992.0
2024-09-09T12:00,20.4,0.00,65,13.5,19.2,0.00,0.00,0.00,2,53,0,36,30,17.9,243,242,25.8,42.5,1,3600.00,1005.3,991.6
2024-09-09T13:00,18.7,0.30,72,13.6,16.8,0.30,0.00,0.00,51,84,42,64,31,21.1,250,250,30.2,47.9,1,3600.00,1005.7,991.9
2024-09-09T14:00,18.9,0.70,67,12.8,17.1,0.70,0.00,0.00,53,100,0,100,8,18.7,252,251,27.7,49.3,1,3600.00,1006.3,992.5
2024-09-09T15:00,18.7,0.00,68,12.6,17.3,0.00,0.00,0.00,1,48,9,33,21,14.8,252,252,22.3,43.6,1,248.29,1006.5,992.7
2024-09-09T16:00,20.2,0.10,61,12.5,18.0,0.10,0.00,0.00,51,97,83,78,64,19.8,261,260,28.8,41.4,1,3600.00,1006.3,992.6
2024-09-09T17:00,17.6,1.10,81,14.4,17.0,1.10,0.00,0.00,55,33,14,16,16,14.0,252,247,23.5,43.2,1,0.00,1006.9,993.1
2024-09-09T18:00,16.8,0.80,83,13.9,16.0,0.80,0.00,0.00,53,71,6,47,53,13.7,270,272,23.0,31.7,1,3600.00,1007.5,993.6
2024-09-09T19:00,15.3,8.40,93,14.1,16.2,8.40,0.00,0.00,65,43,3,23,26,2.9,272,263,12.2,29.5,0,0.00,1008.2,994.2
2024-09-09T20:00,15.9,0.40,87,13.7,16.0,0.40,0.00,0.00,51,37,5,20,21,7.1,270,255,18.4,15.5,0,0.00,1009.1,995.1
2024-09-09T21:00,15.0,6.30,92,13.7,15.4,6.30,0.00,0.00,63,55,5,37,34,5.2,259,236,15.0,17.3,0,0.00,1009.7,995.7
2024-09-09T22:00,15.0,4.00,93,13.8,15.5,4.00,0.00,0.00,63,64,11,48,29,5.3,242,208,13.8,13.0,0,0.00,1010.4,996.4
2024-09-09T23:00,15.1,0.50,92,13.7,15.1,0.50,0.00,0.00,53,75,7,63,54,8.0,250,234,17.7,16.6,0,0.00,1010.8,996.8
2024-09-10T00:00,15.0,0.20,91,13.6,15.3,0.20,0.00,0.00,51,50,13,27,33,5.8,259,240,15.0,17.6,0,0.00,1011.2,997.2
2024-09-10T01:00,14.7,0.00,92,13.4,15.0,0.00,0.00,0.00,2,63,18,27,46,5.8,264,248,16.3,12.6,0,0.00,1011.5,997.5
2024-09-10T02:00,15.3,0.70,94,14.3,14.7,0.70,0.00,0.00,53,100,14,100,100,13.6,261,258,23.3,25.9,0,0.00,1012.0,998.0
2024-09-10T03:00,15.2,1.20,94,14.3,14.7,1.20,0.00,0.00,55,100,9,99,100,12.8,263,259,21.7,27.0,0,0.00,1012.1,998.1
2024-09-10T04:00,15.0,0.70,95,14.2,14.5,0.70,0.00,0.00,53,100,81,100,100,12.8,286,280,22.8,24.8,0,0.00,1012.6,998.6
2024-09-10T05:00,14.9,0.80,93,13.7,14.0,0.80,0.00,0.00,53,100,12,100,100,14.0,321,318,24.9,29.9,0,0.00,1013.1,999.0
2024-09-10T06:00,14.5,0.10,89,12.7,13.8,0.10,0.00,0.00,51,100,8,100,100,10.2,314,309,18.6,27.7,1,0.00,1013.9,999.8
2024-09-10T07:00,14.5,0.00,88,12.6,13.9,0.00,0.00,0.00,3,100,13,79,100,9.2,302,296,15.7,20.5,1,0.00,1014.5,1000.4
2024-09-10T08:00,15.3,0.00,81,12.0,14.9,0.00,0.00,0.00,3,100,54,94,100,6.5,294,289,9.8,18.4,1,1786.31,1014.8,1000.7
2024-09-10T09:00,15.6,0.00,77,11.5,15.0,0.00,0.00,0.00,2,62,22,38,24,7.2,266,264,10.1,16.2,1,0.00,1014.9,1000.8
2024-09-10T10:00,16.4,0.30,74,11.7,15.5,0.30,0.00,0.00,51,77,10,65,31,10.1,245,243,13.5,23.4,1,3600.00,1014.7,1000.7
2024-09-10T11:00,17.3,0.20,69,11.5,16.1,0.20,0.00,0.00,51,48,0,40,18,11.4,252,252,15.9,25.9,1,3600.00,1014.3,1000.3
2024-09-10T12:00,18.7,0.30,61,11.1,16.8,0.30,0.00,0.00,51,59,0,46,46,15.3,252,251,21.6,32.0,1,3600.00,1013.7,999.8
2024-09-10T13:00,19.3,0.10,58,10.9,16.7,0.10,0.00,0.00,51,92,23,39,87,19.9,248,248,28.4,41.8,1,3600.00,1013.3,999.4
2024-09-10T14:00,18.8,0.10,63,11.6,16.4,0.10,0.00,0.00,51,89,87,2,11,19.5,243,242,27.9,41.4,1,3600.00,1013.6,999.7
2024-09-10T15:00,19.4,0.00,58,10.8,16.6,0.00,0.00,0.00,3,94,79,4,70,20.6,244,243,29.6,43.9,1,3600.00,1013.3,999.4
2024-09-10T16:00,18.8,0.00,58,10.3,16.2,0.00,0.00,0.00,3,100,100,0,53,18.4,243,242,27.5,44.3,1,3600.00,1013.2,999.3
2024-09-10T17:00,18.3,0.00,56,9.3,15.4,0.00,0.00,0.00,3,100,100,0,94,18.3,248,248,26.3,41.4,1,2065.80,1013.2,999.3
2024-09-10T18:00,17.5,0.00,59,9.3,15.1,0.00,0.00,0.00,3,100,100,0,93,15.0,247,246,25.3,38.9,1,0.00,1013.0,999.1
2024-09-10T19:00,16.9,0.00,60,9.1,14.5,0.00,0.00,0.00,3,100,100,27,9,14.5,246,243,25.3,31.0,0,0.00,1012.8,998.8
2024-09-10T20:00,16.3,0.00,62,9.0,14.0,0.00,0.00,0.00,3,100,98,98,0,14.1,235,232,25.1,29.5,0,0.00,1012.7,998.7
2024-09-10T21:00,15.9,0.10,65,9.3,13.7,0.10,0.00,0.00,51,100,100,100,6,14.1,234,232,24.8,29.2,0,0.00,1012.6,998.6
2024-09-10T22:00,15.4,0.10,69,9.7,13.3,0.10,0.00,0.00,51,100,100,34,12,13.5,227,222,24.2,28.8,0,0.00,1012.3,998.3
2024-09-10T23:00,15.3,0.00,69,9.5,13.1,0.00,0.00,0.00,3,82,57,41,30,14.3,225,221,26.0,29.5,0,0.00,1011.9,997.9
2024-09-11T00:00,15.2,0.00,68,9.3,12.8,0.00,0.00,0.00,3,100,46,39,100,15.6,224,220,27.7,32.0,0,0.00,1011.3,997.3
2024-09-11T01:00,15.3,0.00,67,9.2,12.7,0.00,0.00,0.00,3,100,99,100,19,16.3,219,215,28.4,34.2,0,0.00,1010.5,996.5
2024-09-11T02:00,15.2,0.00,70,9.7,12.4,0.00,0.00,0.00,3,100,74,100,98,18.3,219,216,30.7,38.2,0,0.00,1010.0,996.0
2024-09-11T03:00,15.3,0.00,69,9.7,12.3,0.00,0.00,0.00,3,86,39,32,68,19.8,220,217,32.7,41.0,0,0.00,1009.2,995.2
2024-09-11T04:00,15.1,0.00,71,9.8,12.1,0.00,0.00,0.00,3,93,86,28,28,20.1,219,216,33.8,41.8,0,0.00,1008.6,994.6
2024-09-11T05:00,14.7,0.00,73,10.0,11.8,0.00,0.00,0.00,3,100,100,97,57,20.0,221,218,34.2,42.1,0,0.00,1008.2,994.2
2024-09-11T06:00,15.1,0.00,71,9.9,11.7,0.00,0.00,0.00,3,100,100,100,93,23.5,222,220,39.0,48.6,1,0.00,1007.4,993.4
2024-09-11T07:00,15.0,0.10,73,10.3,11.7,0.10,0.00,0.00,51,100,100,100,100,23.3,220,218,38.9,49.3,1,0.00,1007.4,993.4
2024-09-11T08:00,15.0,0.10,75,10.6,11.8,0.10,0.00,0.00,51,100,100,100,76,23.2,218,216,38.0,49.3,1,0.00,1007.1,993.1
2024-09-11T09:00,14.9,0.30,79,11.2,11.9,0.30,0.00,0.00,51,100,100,100,65,22.9,218,217,37.7,48.2,1,0.00,1007.1,993.1
2024-09-11T10:00,14.9,0.70,83,12.0,12.4,0.70,0.00,0.00,53,100,100,100,100,21.4,230,229,35.0,47.5,1,0.00,1007.3,993.3
2024-09-11T11:00,14.2,1.70,92,13.0,12.5,1.70,0.00,0.00,61,100,100,100,15,17.9,263,261,29.0,43.9,1,0.00,1007.7,993.7
2024-09-11T12:00,14.1,0.30,84,11.5,12.8,0.30,0.00,0.00,51,100,100,100,3,11.8,296,293,18.4,34.2,1,0.00,1008.1,994.1
2024-09-11T13:00,13.8,0.20,78,10.0,12.3,0.20,0.00,0.00,51,100,100,100,0,10.0,284,285,14.5,24.1,1,0.00,1008.8,994.7
2024-09-11T14:00,13.3,0.50,84,10.6,12.1,0.50,0.00,0.00,53,100,100,100,0,9.0,270,270,13.7,19.8,1,0.00,1009.3,995.2
2024-09-11T15:00,13.3,0.10,83,10.5,11.8,0.10,0.00,0.00,51,100,100,100,4,11.0,250,247,16.5,22.0,1,0.00,1009.5,995.4
2024-09-11T16:00,12.8,0.50,89,11.0,11.8,0.50,0.00,0.00,53,100,100,100,5,8.7,229,222,14.8,23.4,1,0.00,1009.8,995.7
2024-09-11T17:00,12.8,0.20,78,9.1,10.7,0.20,0.00,0.00,51,100,100,100,13,13.0,229,226,21.4,26.3,1,0.00,1009.9,995.8
2024-09-11T18:00,12.3,0.00,88,10.4,10.6,0.00,0.00,0.00,3,100,100,100,5,12.7,220,215,21.7,25.6,1,0.00,1010.0,995.9
2024-09-11T19:00,11.8,0.00,90,10.3,10.0,0.00,0.00,0.00,3,100,100,17,19,12.9,214,210,23.4,25.9,0,0.00,1010.2,996.0
2024-09-11T20:00,11.3,0.00,92,10.1,9.5,0.00,0.00,0.00,3,81,77,9,19,12.3,217,212,23.4,25.6,0,0.00,1011.0,996.8
2024-09-11T21:00,10.7,0.00,94,9.7,9.0,0.00,0.00,0.00,2,78,72,15,14,10.7,227,220,22.2,24.8,0,0.00,1011.3,997.1
2024-09-11T22:00,9.9,0.00,94,9.0,8.6,0.00,0.00,0.00,0,15,0,4,15,7.2,234,217,17.8,21.6,0,0.00,1011.5,997.2
2024-09-11T23:00,9.5,0.00,94,8.6,8.0,0.00,0.00,0.00,0,11,0,0,11,7.7,233,217,18.5,15.8,0,0.00,1012.1,997.8
2024-09-12T00:00,9.1,0.00,94,8.2,7.4,0.00,0.00,0.00,0,12,0,0,12,7.9,227,210,19.4,16.6,0,0.00,1012.3,998.0
2024-09-12T01:00,8.7,0.00,95,8.0,7.0,0.00,0.00,0.00,0,17,0,4,13,7.9,221,204,19.1,16.6,0,0.00,1012.5,998.1
2024-09-12T02:00,8.7,0.10,96,8.1,7.3,0.10,0.00,0.00,51,15,0,13,3,6.3,224,211,16.0,17.6,0,0.00,1012.9,998.5
2024-09-12T03:00,8.5,0.00,95,7.7,6.7,0.00,0.00,0.00,1,31,0,1,31,8.2,218,209,19.7,16.6,0,0.00,1012.9,998.5
2024-09-12T04:00,8.7,0.00,95,8.0,6.3,0.00,0.00,0.00,1,29,0,0,29,13.1,222,217,25.5,26.6,0,0.00,1013.1,998.7
2024-09-12T05:00,8.7,0.00,95,7.9,6.2,0.00,0.00,0.00,1,30,0,5,28,12.8,223,218,24.5,28.1,0,0.00,1013.6,999.2
2024-09-12T06:00,8.6,0.00,96,8.0,6.5,0.00,0.00,0.00,2,70,0,7,70,10.7,225,222,21.4,26.3,1,0.00,1013.9,999.5
2024-09-12T07:00,9.2,0.00,94,8.3,6.8,0.00,0.00,0.00,2,50,0,6,50,13.0,230,228,20.2,25.2,1,668.33,1014.2,999.8
2024-09-12T08:00,10.0,0.00,92,8.7,8.1,0.00,0.00,0.00,2,71,0,48,46,10.4,229,226,15.3,27.0,1,3600.00,1014.2,999.9
2024-09-12T09:00,11.0,0.10,88,9.0,9.4,0.10,0.00,0.00,51,88,0,40,85,9.2,231,228,13.0,25.9,1,3600.00,1014.5,1000.2
2024-09-12T10:00,11.8,0.20,83,9.0,10.3,0.20,0.00,0.00,51,38,0,14,29,8.4,229,227,11.5,26.6,1,3600.00,1014.4,1000.2
2024-09-12T11:00,13.5,0.10,68,7.6,11.3,0.10,0.00,0.00,51,100,0,21,100,10.8,257,255,14.8,28.1,1,3600.00,1014.0,999.9
2024-09-12T12:00,14.0,0.00,58,5.9,11.6,0.00,0.00,0.00,3,85,0,25,82,9.5,262,259,13.1,28.1,1,1889.64,1013.4,999.3
2024-09-12T13:00,14.7,0.00,54,5.5,12.4,0.00,0.00,0.00,2,65,0,23,56,8.4,262,260,10.9,23.8,1,3600.00,1013.5,999.4
2024-09-12T14:00,14.2,0.00,58,6.1,12.1,0.00,0.00,0.00,1,36,24,12,7,8.0,278,280,10.5,26.3,1,3600.00,1014.0,999.9
2024-09-12T15:00,14.7,0.00,51,4.7,12.1,0.00,0.00,0.00,3,100,100,13,10,8.9,282,284,12.1,24.5,1,3600.00,1013.8,999.7
2024-09-12T16:00,14.6,0.00,48,3.9,12.1,0.00,0.00,0.00,3,100,100,26,13,7.2,274,276,9.7,22.3,1,3600.00,1014.0,999.9
2024-09-12T17:00,13.8,0.10,51,3.9,11.3,0.10,0.00,0.00,51,100,100,37,16,6.8,270,267,10.1,18.0,1,3600.00,1014.3,1000.2
2024-09-12T18:00,12.7,0.00,67,6.7,11.3,0.00,0.00,0.00,3,100,100,8,2,3.7,256,241,8.9,15.5,1,2364.43,1014.2,1000.0
2024-09-12T19:00,10.7,0.00,73,6.0,8.7,0.00,0.00,0.00,3,100,100,25,15,6.4,315,308,11.7,10.1,0,0.00,1014.5,1000.2
2024-09-12T20:00,9.9,0.00,78,6.2,8.0,0.00,0.00,0.00,1,39,16,24,20,6.4,345,16,8.6,10.1,0,0.00,1015.2,1000.9
2024-09-12T21:00,9.4,0.00,78,5.8,7.4,0.00,0.00,0.00,2,63,62,0,3,6.1,303,315,13.3,10.4,0,0.00,1015.0,1000.6
2024-09-12T22:00,9.5,0.00,78,5.9,7.4,0.00,0.00,0.00,2,68,68,0,0,7.6,332,329,18.7,15.1,0,0.00,1015.5,1001.1
2024-09-12T23:00,8.4,0.00,86,6.1,6.3,0.00,0.00,0.00,3,100,100,0,0,7.2,343,333,18.1,15.1,0,0.00,1015.7,1001.3
2024-09-13T00:00,8.3,0.00,86,6.0,6.3,0.00,0.00,0.00,3,100,100,11,12,7.0,343,339,17.7,14.4,0,0.00,1016.3,1001.9
2024-09-13T01:00,8.0,0.00,88,6.1,6.0,0.00,0.00,0.00,3,99,98,32,25,6.8,339,335,17.0,14.0,0,0.00,1016.7,1002.2
2024-09-13T02:00,8.7,0.30,84,6.1,7.5,0.30,0.00,0.00,51,100,100,68,33,1.3,355,214,4.3,11.5,0,0.00,1017.5,1003.1
2024-09-13T03:00,7.8,0.00,93,6.8,6.4,0.00,0.00,0.00,3,99,98,31,27,3.7,276,259,3.3,4.7,0,0.00,1017.7,1003.2
2024-09-13T04:00,7.6,0.10,95,6.9,6.1,0.10,0.00,0.00,51,98,98,37,7,4.6,308,288,10.5,9.4,0,0.00,1018.0,1003.5
2024-09-13T05:00,7.5,0.00,96,6.8,5.8,0.00,0.00,0.00,3,100,100,9,17,5.9,323,322,14.9,11.9,0,0.00,1018.5,1004.0
2024-09-13T06:00,7.4,0.00,95,6.7,5.6,0.00,0.00,0.00,3,100,100,4,9,6.1,337,332,14.8,14.4,1,0.00,1019.2,1004.7
2024-09-13T07:00,7.9,0.00,94,7.0,5.8,0.00,0.00,0.00,3,100,100,10,5,8.6,337,327,18.1,17.3,1,0.00,1020.0,1005.5
2024-09-13T08:00,9.2,0.00,89,7.5,7.2,0.00,0.00,0.00,3,100,100,1,1,8.9,335,328,14.3,20.9,1,3600.00,1020.6,1006.1
2024-09-13T09:00,10.7,0.00,82,7.7,8.5,0.00,0.00,0.00,3,100,100,11,0,10.8,338,334,15.5,25.2,1,3600.00,1021.0,1006.6
2024-09-13T10:00,12.4,0.00,74,7.9,10.1,0.00,0.00,0.00,3,100,100,53,3,12.4,337,334,16.8,29.5,1,3600.00,1021.3,1007.0
2024-09-13T11:00,13.6,0.00,68,7.9,11.1,0.00,0.00,0.00,3,97,96,70,4,13.5,337,335,18.7,34.2,1,3600.00,1021.4,1007.2
2024-09-13T12:00,14.4,0.00,62,7.2,11.6,0.00,0.00,0.00,3,99,95,59,71,14.7,337,335,20.0,36.0,1,3600.00,1021.3,1007.1
2024-09-13T13:00,14.8,0.00,59,6.8,11.7,0.00,0.00,0.00,3,95,87,31,49,15.8,337,336,21.9,37.8,1,3600.00,1021.3,1007.1
2024-09-13T14:00,13.7,0.30,66,7.4,10.6,0.30,0.00,0.00,51,100,100,40,27,16.3,346,346,23.0,40.0,1,3600.00,1022.1,1007.9
2024-09-13T15:00,14.2,0.10,65,7.7,11.2,0.10,0.00,0.00,51,100,100,11,6,16.3,344,342,22.9,38.9,1,3600.00,1022.1,1007.9
2024-09-13T16:00,14.7,0.00,58,6.5,11.5,0.00,0.00,0.00,3,100,100,4,5,15.3,346,345,22.3,38.9,1,3600.00,1022.3,1008.1
2024-09-13T17:00,14.5,0.00,55,5.5,11.4,0.00,0.00,0.00,3,100,100,20,13,13.4,349,346,21.7,33.1,1,3467.09,1022.5,1008.3
2024-09-13T18:00,13.9,0.00,59,6.0,11.9,0.00,0.00,0.00,3,100,100,20,1,7.1,336,330,16.1,27.7,1,1382.76,1022.7,1008.5
2024-09-13T19:00,12.7,0.00,63,5.9,10.7,0.00,0.00,0.00,3,100,100,45,23,6.4,330,317,17.1,15.8,0,0.00,1023.3,1009.0
2024-09-13T20:00,12.2,0.00,67,6.2,10.1,0.00,0.00,0.00,3,100,100,35,30,8.3,331,326,19.3,16.9,0,0.00,1024.1,1009.8
2024-09-13T21:00,11.8,0.00,71,6.8,9.4,0.00,0.00,0.00,3,100,100,37,38,11.1,331,324,23.4,22.3,0,0.00,1024.9,1010.5
2024-09-13T22:00,11.6,0.00,76,7.5,9.0,0.00,0.00,0.00,3,100,100,22,21,13.5,338,335,26.0,27.7,0,0.00,1025.5,1011.1
2024-09-13T23:00,11.3,0.00,78,7.5,8.6,0.00,0.00,0.00,3,100,100,15,6,13.9,339,335,26.2,28.4,0,0.00,1025.9,1011.5
2024-09-14T00:00,10.6,0.00,84,7.9,8.1,0.00,0.00,0.00,3,82,68,52,0,13.4,337,333,25.8,28.4,0,0.00,1026.1,1011.6
2024-09-14T01:00,10.4,0.00,85,8.0,7.8,0.00,0.00,0.00,3,88,45,81,0,13.9,340,335,25.7,28.4,0,0.00,1026.4,1011.9
2024-09-14T02:00,9.6,0.00,89,7.9,7.5,0.00,0.00,0.00,2,75,10,69,10,10.0,339,334,21.5,24.8,0,0.00,1027.1,1012.6
2024-09-14T03:00,9.7,0.00,88,7.8,7.3,0.00,0.00,0.00,3,86,10,85,1,12.3,333,328,23.0,24.8,0,0.00,1027.1,1012.6
2024-09-14T04:00,9.6,0.00,86,7.4,7.0,0.00,0.00,0.00,3,97,85,81,1,13.0,331,326,23.5,26.3,0,0.00,1027.2,1012.7
2024-09-14T05:00,9.4,0.00,85,7.0,6.8,0.00,0.00,0.00,3,92,1,91,1,12.9,334,330,23.2,27.0,0,0.00,1027.6,1013.1
2024-09-14T06:00,9.1,0.00,85,6.7,6.3,0.00,0.00,0.00,3,100,1,100,2,12.9,335,330,23.0,27.0,0,0.00,1028.1,1013.5
2024-09-14T07:00,9.3,0.00,85,6.8,6.8,0.00,0.00,0.00,3,93,0,93,2,11.5,336,328,20.9,26.6,1,0.00,1028.6,1014.0
2024-09-14T08:00,9.9,0.00,81,6.8,7.3,0.00,0.00,0.00,3,98,0,98,15,12.6,333,329,19.3,27.4,1,753.61,1028.7,1014.2
2024-09-14T09:00,11.1,0.00,75,6.8,8.3,0.00,0.00,0.00,1,41,2,20,25,13.6,340,338,19.9,29.5,1,1444.14,1028.8,1014.3
2024-09-14T10:00,12.9,0.00,65,6.5,9.3,0.00,0.00,0.00,3,91,0,19,90,18.4,355,356,26.0,38.9,1,3600.00,1028.8,1014.4
2024-09-14T11:00,13.5,0.00,62,6.4,9.8,0.00,0.00,0.00,2,62,0,16,55,19.3,352,351,27.3,40.7,1,3600.00,1028.6,1014.3
2024-09-14T12:00,14.4,0.00,58,6.1,10.8,0.00,0.00,0.00,3,100,0,24,100,18.0,350,348,26.0,40.7,1,3600.00,1028.3,1014.0
2024-09-14T13:00,14.7,0.10,57,6.4,10.9,0.10,0.00,0.00,51,75,0,27,74,19.6,344,343,28.5,42.5,1,2336.79,1028.3,1014.0
2024-09-14T14:00,14.5,0.00,54,5.4,11.0,0.00,0.00,0.00,2,64,0,53,61,16.1,347,344,23.3,39.2,1,0.00,1028.6,1014.3
2024-09-14T15:00,14.9,0.00,55,6.0,11.5,0.00,0.00,0.00,3,100,0,98,100,16.4,342,341,23.8,34.9,1,3449.02,1028.2,1013.9
2024-09-14T16:00,14.8,0.00,57,6.4,11.4,0.00,0.00,0.00,2,60,0,35,59,17.1,342,342,24.9,37.4,1,2136.66,1028.1,1013.8
2024-09-14T17:00,14.9,0.00,54,5.7,11.7,0.00,0.00,0.00,3,89,0,42,88,14.6,342,340,22.3,35.6,1,3600.00,1027.9,1013.6
2024-09-14T18:00,14.5,0.00,57,6.2,12.3,0.00,0.00,0.00,3,97,0,11,97,8.1,344,339,16.1,29.9,1,2310.05,1027.9,1013.6
2024-09-14T19:00,12.8,0.00,65,6.4,11.1,0.00,0.00,0.00,3,100,0,47,100,5.3,338,332,14.7,17.3,0,0.00,1028.1,1013.7
2024-09-14T20:00,13.1,0.00,64,6.5,11.4,0.00,0.00,0.00,3,91,0,46,91,5.0,342,339,14.0,12.2,0,0.00,1028.3,1013.9
2024-09-14T21:00,11.8,0.00,70,6.6,10.2,0.00,0.00,0.00,3,100,0,53,100,5.1,352,356,13.1,10.8,0,0.00,1028.4,1014.0
2024-09-14T22:00,11.9,0.00,70,6.6,10.3,0.00,0.00,0.00,2,50,0,6,49,5.4,5,360,13.4,11.2,0,0.00,1028.5,1014.1
2024-09-14T23:00,10.0,0.00,78,6.4,8.3,0.00,0.00,0.00,0,1,0,0,1,5.4,356,352,14.1,11.2,0,0.00,1028.6,1014.1
2024-09-15T00:00,9.1,0.00,81,6.0,6.9,0.00,0.00,0.00,0,9,0,0,9,8.0,349,350,19.4,15.8,0,0.00,1028.8,1014.2
2024-09-15T01:00,8.6,0.00,81,5.6,6.4,0.00,0.00,0.00,0,14,0,0,14,7.9,360,357,19.8,16.6,0,0.00,1028.7,1014.1
2024-09-15T02:00,8.0,0.00,83,5.2,5.7,0.00,0.00,0.00,0,0,0,0,0,7.2,359,354,18.7,16.6,0,0.00,1028.9,1014.3
2024-09-15T03:00,7.5,0.00,86,5.2,5.3,0.00,0.00,0.00,0,0,0,0,0,6.8,360,3,17.6,14.8,0,0.00,1028.4,1013.8
2024-09-15T04:00,7.2,0.00,87,5.2,5.0,0.00,0.00,0.00,0,0,0,0,0,6.5,1,3,17.6,14.4,0,0.00,1028.1,1013.4
2024-09-15T05:00,6.7,0.00,90,5.2,4.7,0.00,0.00,0.00,0,1,0,0,1,5.4,359,4,15.8,13.3,0,0.00,1028.0,1013.3
2024-09-15T06:00,5.9,0.00,92,4.6,3.7,0.00,0.00,0.00,0,5,0,0,5,5.9,355,11,12.3,11.5,0,0.00,1028.0,1013.3
2024-09-15T07:00,7.8,0.00,87,5.8,6.0,0.00,0.00,0.00,3,88,9,0,87,5.2,341,344,11.0,10.4,1,1019.29,1028.1,1013.5
2024-09-15T08:00,9.9,0.00,81,6.7,8.3,0.00,0.00,0.00,0,16,0,0,16,4.8,332,318,9.3,12.6,1,928.45,1028.1,1013.6
2024-09-15T09:00,11.6,0.00,75,7.3,9.8,0.00,0.00,0.00,1,26,0,0,26,7.1,334,330,10.0,18.7,1,3600.00,1027.9,1013.5
2024-09-15T10:00,13.1,0.00,70,7.7,11.2,0.00,0.00,0.00,0,7,0,0,7,9.2,336,334,12.6,23.0,1,3600.00,1027.6,1013.2
2024-09-15T11:00,14.4,0.00,63,7.6,11.8,0.00,0.00,0.00,3,86,0,0,86,13.4,354,354,18.1,29.9,1,3600.00,1027.1,1012.8
2024-09-15T12:00,14.8,0.00,60,7.1,11.9,0.00,0.00,0.00,3,100,0,0,100,14.4,358,357,20.2,31.7,1,3579.99,1026.5,1012.2
2024-09-15T13:00,15.7,0.00,56,6.9,12.9,0.00,0.00,0.00,3,99,0,0,99,13.2,351,349,18.2,32.4,1,3600.00,1025.7,1011.5
2024-09-15T14:00,14.8,0.00,61,7.3,12.7,0.00,0.00,0.00,2,78,0,0,78,9.8,327,324,13.8,27.4,1,1086.83,1025.9,1011.7
2024-09-15T15:00,15.8,0.00,55,6.7,13.4,0.00,0.00,0.00,3,99,0,1,99,10.7,328,327,14.9,23.8,1,3600.00,1025.0,1010.8
2024-09-15T16:00,16.3,0.00,52,6.4,13.6,0.00,0.00,0.00,2,58,0,3,58,12.0,330,327,17.4,26.6,1,3600.00,1024.5,1010.3
2024-09-15T17:00,16.3,0.00,52,6.3,14.0,0.00,0.00,0.00,1,37,1,22,35,9.2,320,315,15.6,26.3,1,3600.00,1024.0,1009.9
2024-09-15T18:00,14.7,0.00,63,7.7,13.3,0.00,0.00,0.00,1,23,4,4,19,5.8,280,263,14.6,19.1,1,3600.00,1023.7,1009.5
2024-09-15T19:00,13.0,0.00,67,7.1,10.9,0.00,0.00,0.00,2,57,0,8,56,9.3,307,298,22.9,18.4,0,0.00,1024.2,1009.9
2024-09-15T20:00,12.9,0.00,72,8.0,11.2,0.00,0.00,0.00,3,93,18,52,90,8.0,326,324,20.0,20.2,0,0.00,1024.3,1010.0
2024-09-15T21:00,12.6,0.00,75,8.4,11.3,0.00,0.00,0.00,3,100,0,4,100,6.0,340,335,16.9,16.6,0,0.00,1024.3,1010.0
2024-09-15T22:00,12.9,0.00,75,8.6,11.6,0.00,0.00,0.00,2,77,28,0,68,6.3,347,336,16.2,13.3,0,0.00,1024.0,1009.7
2024-09-15T23:00,11.3,0.00,83,8.6,10.0,0.00,0.00,0.00,3,99,45,0,99,6.5,355,354,17.0,13.0,0,0.00,1024.0,1009.6
2024-09-16T00:00,12.3,0.00,78,8.6,11.0,0.00,0.00,0.00,3,100,77,0,100,6.5,359,360,15.5,15.1,0,0.00,1023.9,1009.6
2024-09-16T01:00,12.1,0.00,79,8.5,11.0,0.00,0.00,0.00,3,98,84,0,84,4.8,7,13,12.7,13.0,0,0.00,1023.9,1009.6
2024-09-16T02:00,12.4,0.00,74,8.0,11.1,0.00,0.00,0.00,3,100,100,25,100,5.2,353,344,12.7,10.4,0,0.00,1023.6,1009.3
2024-09-16T03:00,12.3,0.00,77,8.3,10.8,0.00,0.00,0.00,3,98,93,75,73,7.2,2,360,16.6,14.8,0,0.00,1023.6,1009.3
2024-09-16T04:00,11.6,0.00,83,8.7,10.3,0.00,0.00,0.00,3,95,95,2,0,6.3,4,347,15.2,15.1,0,0.00,1023.2,1008.8
2024-09-16T05:00,10.8,0.00,88,8.9,9.4,0.00,0.00,0.00,3,96,95,43,1,7.6,360,352,17.6,15.1,0,0.00,1023.2,1008.8
2024-09-16T06:00,10.1,0.00,92,8.9,9.0,0.00,0.00,0.00,3,91,66,76,1,5.9,1,349,15.8,15.8,0,0.00,1023.0,1008.6
2024-09-16T07:00,11.0,0.30,90,9.4,10.0,0.30,0.00,0.00,51,100,100,100,100,5.8,325,300,11.9,12.6,1,0.00,1022.8,1008.4
2024-09-16T08:00,11.4,0.00,90,9.8,10.8,0.00,0.00,0.00,3,100,100,100,100,3.8,345,319,12.3,13.3,1,0.00,1023.2,1008.8
2024-09-16T09:00,11.7,0.10,90,10.1,11.1,0.10,0.00,0.00,51,100,100,100,100,3.9,334,304,10.8,10.1,1,0.00,1023.4,1009.0
2024-09-16T10:00,12.5,0.00,88,10.6,11.9,0.00,0.00,0.00,3,100,100,100,100,5.9,325,313,11.4,14.8,1,0.00,1023.3,1009.0
2024-09-16T11:00,12.9,0.00,88,11.0,12.5,0.00,0.00,0.00,3,100,100,100,100,5.3,317,298,8.9,15.1,1,0.00,1023.0,1008.7
2024-09-16T12:00,14.0,0.00,86,11.7,13.5,0.00,0.00,0.00,3,100,87,100,98,6.9,318,313,9.7,16.9,1,0.00,1022.7,1008.5
2024-09-16T13:00,14.4,0.00,86,12.0,13.9,0.00,0.00,0.00,3,100,61,100,100,7.2,315,307,10.2,16.9,1,0.00,1022.4,1008.2
2024-09-16T14:00,15.0,0.10,83,12.1,13.8,0.10,0.00,0.00,51,100,13,100,67,12.8,345,344,19.4,27.4,1,0.00,1022.8,1008.6
2024-09-16T15:00,15.3,0.30,81,12.0,14.0,0.30,0.00,0.00,51,100,95,100,53,12.7,348,345,18.8,29.9,1,0.00,1022.7,1008.5
2024-09-16T16:00,14.8,0.30,84,12.1,14.0,0.30,0.00,0.00,51,100,84,100,2,10.1,351,343,18.2,25.9,1,0.00,1022.5,1008.3
2024-09-16T17:00,14.8,0.00,84,12.1,13.9,0.00,0.00,0.00,3,100,86,100,33,10.6,348,336,20.3,21.2,1,0.00,1022.3,1008.1
2024-09-16T18:00,15.1,0.00,80,11.7,14.0,0.00,0.00,0.00,3,100,70,100,29,10.7,351,346,20.8,24.1,1,0.00,1022.1,1007.9
2024-09-16T19:00,14.9,0.00,80,11.5,14.0,0.00,0.00,0.00,3,100,67,100,50,9.3,355,347,19.5,22.0,0,0.00,1022.4,1008.2
2024-09-16T20:00,14.7,0.00,80,11.3,13.8,0.00,0.00,0.00,3,99,99,29,11,9.1,357,351,19.8,20.2,0,0.00,1022.6,1008.4
2024-09-16T21:00,13.2,0.00,86,11.0,12.7,0.00,0.00,0.00,3,86,81,16,16,5.8,4,356,16.2,18.7,0,0.00,1022.7,1008.4
2024-09-16T22:00,12.3,0.00,89,10.6,11.6,0.00,0.00,0.00,1,24,11,4,12,6.0,359,343,15.8,12.6,0,0.00,1022.8,1008.5
2024-09-16T23:00,11.8,0.00,90,10.2,10.7,0.00,0.00,0.00,3,90,11,88,12,7.9,354,344,19.9,16.2,0,0.00,1022.6,1008.3
2024-09-17T00:00,12.3,0.00,87,10.2,11.1,0.00,0.00,0.00,3,95,2,95,9,8.5,357,348,20.9,18.0,0,0.00,1022.3,1008.0
2024-09-17T01:00,12.7,0.00,86,10.4,11.5,0.00,0.00,0.00,3,100,0,100,5,8.8,1,348,20.2,18.7,0,0.00,1022.5,1008.2
2024-09-17T02:00,13.0,0.00,91,11.5,11.8,0.00,0.00,0.00,3,100,0,100,1,10.7,358,346,21.6,21.2,0,0.00,1022.9,1008.6
2024-09-17T03:00,13.2,0.00,87,11.2,11.8,0.00,0.00,0.00,3,100,0,100,4,12.3,2,353,23.8,24.8,0,0.00,1022.5,1008.2
2024-09-17T04:00,13.1,0.10,85,10.6,11.5,0.10,0.00,0.00,51,100,0,100,4,12.0,2,353,22.3,25.2,0,0.00,1022.6,1008.3
2024-09-17T05:00,12.5,0.00,85,10.0,10.8,0.00,0.00,0.00,3,90,0,89,14,11.6,5,355,22.0,23.8,0,0.00,1022.6,1008.3
2024-09-17T06:00,11.9,0.00,86,9.7,10.3,0.00,0.00,0.00,2,68,0,17,62,10.6,2,350,21.3,23.0,0,0.00,1023.0,1008.7
2024-09-17T07:00,12.4,0.00,86,10.1,10.8,0.00,0.00,0.00,3,97,0,38,95,11.2,10,354,20.8,22.7,1,0.00,1023.5,1009.2
2024-09-17T08:00,14.7,0.00,81,11.5,13.2,0.00,0.00,0.00,3,99,0,56,98,13.7,34,27,22.1,28.4,1,0.00,1023.5,1009.3
2024-09-17T09:00,15.9,0.00,80,12.4,15.0,0.00,0.00,0.00,2,72,0,36,61,11.3,21,17,17.3,29.9,1,1232.42,1023.4,1009.2
2024-09-17T10:00,17.6,0.00,73,12.8,15.9,0.00,0.00,0.00,3,100,0,59,100,17.6,50,49,25.5,35.6,1,3600.00,1023.2,1009.1
2024-09-17T11:00,18.5,0.00,70,12.9,16.4,0.00,0.00,0.00,3,82,0,42,71,20.2,49,49,30.6,40.7,1,0.00,1023.1,1009.1
2024-09-17T12:00,19.7,0.00,65,13.0,17.7,0.00,0.00,0.00,2,56,0,39,50,19.9,57,58,29.2,43.6,1,3600.00,1022.8,1008.8
2024-09-17T13:00,20.3,0.20,63,13.1,18.4,0.20,0.00,0.00,51,60,0,48,30,19.6,58,58,29.3,42.1,1,3600.00,1022.6,1008.7
2024-09-17T14:00,19.6,0.00,63,12.3,17.4,0.00,0.00,0.00,2,71,0,50,49,19.7,59,59,29.9,43.6,1,0.00,1023.1,1009.1
2024-09-17T15:00,20.7,0.00,59,12.3,18.7,0.00,0.00,0.00,2,63,0,24,56,18.1,58,59,27.5,40.7,1,3600.00,1022.6,1008.7
2024-09-17T16:00,21.4,0.00,55,12.0,19.4,0.00,0.00,0.00,2,68,0,31,65,18.1,60,59,28.7,40.0,1,3600.00,1022.1,1008.2
2024-09-17T17:00,20.8,0.00,59,12.5,19.2,0.00,0.00,0.00,1,25,0,24,5,16.3,58,55,28.2,37.4,1,3600.00,1022.3,1008.4
2024-09-17T18:00,19.7,0.00,63,12.4,18.5,0.00,0.00,0.00,1,36,0,35,2,13.1,57,53,25.5,33.8,1,3600.00,1022.4,1008.4
2024-09-17T19:00,18.6,0.00,65,12.0,17.4,0.00,0.00,0.00,0,1,0,1,0,12.5,55,51,25.4,27.4,0,0.00,1022.8,1008.8
2024-09-17T20:00,17.7,0.00,70,12.1,16.5,0.00,0.00,0.00,0,1,0,1,0,12.2,52,45,25.6,25.9,0,0.00,1023.2,1009.1
2024-09-17T21:00,17.2,0.00,73,12.3,16.0,0.00,0.00,0.00,0,5,0,5,0,12.5,52,44,26.4,25.9,0,0.00,1023.2,1009.1
2024-09-17T22:00,16.9,0.00,75,12.3,15.7,0.00,0.00,0.00,0,0,0,0,0,13.0,50,42,27.3,26.3,0,0.00,1023.2,1009.1
2024-09-17T23:00,16.7,0.00,75,12.3,15.4,0.00,0.00,0.00,0,0,0,0,0,13.8,54,47,28.6,28.1,0,0.00,1023.2,1009.1
2024-09-18T00:00,16.7,0.00,76,12.5,15.2,0.00,0.00,0.00,0,0,0,0,0,15.2,60,54,30.3,31.0,0,0.00,1023.2,1009.1
2024-09-18T01:00,16.5,0.00,78,12.6,15.0,0.00,0.00,0.00,0,0,0,0,0,15.3,61,56,30.5,31.7,0,0.00,1023.2,1009.1
2024-09-18T02:00,16.7,0.00,80,13.1,15.5,0.00,0.00,0.00,0,0,0,0,0,14.5,62,55,28.7,29.5,0,0.00,1023.3,1009.2
2024-09-18T03:00,16.3,0.00,81,13.0,15.1,0.00,0.00,0.00,0,0,0,0,0,15.1,63,57,29.8,31.0,0,0.00,1023.1,1009.0
2024-09-18T04:00,16.0,0.00,82,12.9,14.8,0.00,0.00,0.00,0,0,0,0,0,14.4,64,58,28.8,31.0,0,0.00,1022.8,1008.7
2024-09-18T05:00,15.6,0.00,83,12.7,14.7,0.00,0.00,0.00,0,0,0,0,0,12.0,65,57,25.9,29.5,0,0.00,1022.5,1008.3
2024-09-18T06:00,15.1,0.00,84,12.5,14.1,0.00,0.00,0.00,0,0,0,0,0,12.4,61,54,26.7,25.6,0,0.00,1022.6,1008.4
2024-09-18T07:00,15.8,0.00,81,12.5,14.5,0.00,0.00,0.00,0,0,0,0,0,13.8,64,57,27.7,28.4,1,837.80,1022.8,1008.6
2024-09-18T08:00,17.5,0.00,77,13.5,16.9,0.00,0.00,0.00,0,0,0,0,0,11.2,61,50,25.1,30.6,1,3600.00,1022.8,1008.7
2024-09-18T09:00,18.9,0.00,73,14.0,18.0,0.00,0.00,0.00,0,0,0,0,0,14.6,60,57,21.9,31.3,1,3600.00,1023.0,1009.0
2024-09-18T10:00,20.5,0.00,67,14.1,19.4,0.00,0.00,0.00,0,0,0,0,0,16.5,68,67,24.4,35.6,1,3600.00,1022.8,1008.9
2024-09-18T11:00,21.9,0.00,61,14.1,20.7,0.00,0.00,0.00,0,0,0,0,0,17.6,68,67,26.3,38.9,1,3600.00,1022.4,1008.5
2024-09-18T12:00,23.1,0.00,52,12.8,21.2,0.00,0.00,0.00,0,14,0,14,4,21.5,77,76,31.8,50.4,1,3600.00,1021.9,1008.1
2024-09-18T13:00,23.7,0.00,48,11.9,21.3,0.00,0.00,0.00,0,8,0,8,0,22.4,80,79,33.7,47.9,1,3600.00,1021.5,1007.7
2024-09-18T14:00,23.6,0.00,46,11.3,20.7,0.00,0.00,0.00,0,19,0,19,1,22.7,81,79,35.4,51.8,1,3600.00,1021.3,1007.5
2024-09-18T15:00,23.7,0.00,45,11.2,20.7,0.00,0.00,0.00,1,23,0,23,1,23.1,80,79,35.8,48.2,1,3600.00,1020.9,1007.1
2024-09-18T16:00,23.5,0.00,45,11.0,20.8,0.00,0.00,0.00,0,12,0,12,0,20.7,78,77,33.9,49.0,1,3600.00,1020.6,1006.8
2024-09-18T17:00,23.1,0.00,46,10.7,21.0,0.00,0.00,0.00,0,0,0,0,0,15.8,79,78,28.9,42.8,1,3600.00,1020.6,1006.8
2024-09-18T18:00,21.4,0.00,48,9.9,19.8,0.00,0.00,0.00,0,11,0,11,0,11.1,70,65,24.9,33.1,1,3600.00,1020.6,1006.7
2024-09-18T19:00,20.9,0.00,46,9.0,18.0,0.00,0.00,0.00,0,1,0,1,0,18.2,70,65,34.2,36.4,0,0.00,1021.0,1007.1
2024-09-18T20:00,20.5,0.00,49,9.3,17.6,0.00,0.00,0.00,0,0,0,0,0,18.5,71,66,34.7,38.5,0,0.00,1021.4,1007.5
2024-09-18T21:00,19.9,0.00,52,9.8,17.1,0.00,0.00,0.00,2,60,60,0,0,18.8,76,73,34.8,39.2,0,0.00,1021.6,1007.7
2024-09-18T22:00,19.3,0.00,54,9.9,16.5,0.00,0.00,0.00,0,17,17,0,0,18.6,73,68,34.6,38.9,0,0.00,1021.7,1007.7
2024-09-18T23:00,18.9,0.00,55,9.6,15.9,0.00,0.00,0.00,0,0,0,0,0,19.5,68,65,35.8,40.0,0,0.00,1021.8,1007.8
2024-09-19T00:00,18.4,0.00,54,9.0,15.1,0.00,0.00,0.00,0,0,0,0,0,20.5,70,68,37.5,42.1,0,0.00,1021.7,1007.7
2024-09-19T01:00,18.0,0.00,54,8.7,14.8,0.00,0.00,0.00,0,0,0,0,0,19.8,74,71,36.8,42.1,0,0.00,1021.5,1007.5
2024-09-19T02:00,18.2,0.00,56,9.2,15.3,0.00,0.00,0.00,0,0,0,0,0,18.5,69,66,35.1,40.7,0,0.00,1020.7,1006.7
2024-09-19T03:00,17.6,0.00,58,9.4,14.8,0.00,0.00,0.00,0,0,0,0,0,18.2,66,63,34.7,37.8,0,0.00,1020.7,1006.7
2024-09-19T04:00,17.2,0.00,62,9.8,14.5,0.00,0.00,0.00,0,6,6,0,0,18.4,67,64,34.7,37.4,0,0.00,1020.4,1006.3
2024-09-19T05:00,16.8,0.00,65,10.2,14.1,0.00,0.00,0.00,0,1,1,0,0,18.8,66,64,35.8,38.5,0,0.00,1020.2,1006.1
2024-09-19T06:00,16.7,0.00,66,10.3,13.9,0.00,0.00,0.00,2,74,74,0,0,19.9,68,68,36.8,40.0,0,0.00,1020.3,1006.2
2024-09-19T07:00,17.0,0.00,66,10.6,14.3,0.00,0.00,0.00,0,0,0,0,0,19.9,71,70,36.5,41.0,1,294.40,1020.6,1006.5
2024-09-19T08:00,18.1,0.00,65,11.4,16.1,0.00,0.00,0.00,0,0,0,0,0,16.7,72,71,33.2,41.0,1,3600.00,1020.7,1006.7
2024-09-19T09:00,19.2,0.00,62,11.8,17.2,0.00,0.00,0.00,0,0,0,0,0,17.9,69,68,28.6,38.2,1,3600.00,1020.8,1006.8
2024-09-19T10:00,20.6,0.00,57,11.8,18.4,0.00,0.00,0.00,1,20,20,0,0,18.5,67,66,28.1,40.3,1,3600.00,1020.7,1006.8
2024-09-19T11:00,21.9,0.00,52,11.5,19.7,0.00,0.00,0.00,2,61,60,24,0,18.5,68,66,27.6,40.7,1,3600.00,1020.4,1006.6
2024-09-19T12:00,22.8,0.00,46,10.4,20.3,0.00,0.00,0.00,0,14,8,8,0,20.2,70,68,30.0,42.8,1,3600.00,1019.7,1005.9
2024-09-19T13:00,23.0,0.00,39,8.4,19.7,0.00,0.00,0.00,1,25,7,20,0,22.2,74,73,33.6,47.5,1,3600.00,1019.3,1005.5
2024-09-19T14:00,22.3,0.00,43,9.0,18.9,0.00,0.00,0.00,2,63,39,40,2,21.3,73,71,32.4,48.6,1,3600.00,1019.2,1005.4
2024-09-19T15:00,21.8,0.00,46,9.6,18.9,0.00,0.00,0.00,2,54,31,34,6,19.1,75,74,29.9,45.4,1,3600.00,1019.0,1005.2
2024-09-19T16:00,21.6,0.00,46,9.4,18.8,0.00,0.00,0.00,1,40,29,16,1,17.9,73,71,28.9,40.7,1,3600.00,1018.7,1004.9
2024-09-19T17:00,20.5,0.00,52,10.4,18.3,0.00,0.00,0.00,1,26,22,5,0,15.8,66,63,27.2,38.2,1,3600.00,1018.7,1004.8
2024-09-19T18:00,19.3,0.00,56,10.3,17.5,0.00,0.00,0.00,0,5,0,5,0,13.0,74,71,25.9,32.8,1,3501.15,1018.8,1004.9
2024-09-19T19:00,18.4,0.00,59,10.2,16.4,0.00,0.00,0.00,0,0,0,0,0,13.9,72,65,27.7,28.1,0,0.00,1018.8,1004.8
2024-09-19T20:00,18.0,0.00,61,10.3,16.0,0.00,0.00,0.00,0,4,0,4,0,14.7,71,65,29.3,29.9,0,0.00,1019.1,1005.1
2024-09-19T21:00,17.9,0.00,60,9.9,15.5,0.00,0.00,0.00,0,6,0,6,0,15.8,78,73,30.9,32.0,0,0.00,1019.2,1005.2
2024-09-19T22:00,17.7,0.00,62,10.4,15.5,0.00,0.00,0.00,0,0,0,0,0,15.5,79,77,30.1,32.8,0,0.00,1019.3,1005.3
2024-09-19T23:00,17.1,0.00,65,10.4,15.0,0.00,0.00,0.00,0,0,0,0,0,15.1,79,78,30.1,31.3,0,0.00,1019.3,1005.3
2024-09-20T00:00,16.6,0.00,66,10.3,14.4,0.00,0.00,0.00,0,0,0,0,0,16.1,80,80,31.1,32.0,0,0.00,1019.2,1005.1
2024-09-20T01:00,16.3,0.00,67,10.2,13.9,0.00,0.00,0.00,0,0,0,0,0,16.8,82,81,32.0,33.5,0,0.00,1019.1,1005.0
2024-09-20T02:00,16.3,0.00,69,10.6,14.0,0.00,0.00,0.00,0,0,0,0,0,17.3,86,85,32.9,35.3,0,0.00,1019.0,1004.9
2024-09-20T03:00,15.9,0.00,69,10.3,13.4,0.00,0.00,0.00,0,0,0,0,0,17.6,88,89,33.2,35.3,0,0.00,1018.9,1004.8
2024-09-20T04:00,15.6,0.00,69,9.9,13.2,0.00,0.00,0.00,0,0,0,0,0,16.2,90,93,31.3,35.3,0,0.00,1019.0,1004.9
2024-09-20T05:00,15.2,0.00,70,9.8,13.1,0.00,0.00,0.00,0,0,0,0,0,14.0,91,91,28.4,32.8,0,0.00,1019.4,1005.3
2024-09-20T06:00,14.5,0.00,73,9.8,12.8,0.00,0.00,0.00,0,0,0,0,0,11.2,94,92,24.9,28.4,0,0.00,1019.7,1005.5
2024-09-20T07:00,14.5,0.00,75,10.2,12.8,0.00,0.00,0.00,0,0,0,0,0,12.2,94,90,24.9,24.8,1,587.79,1020.1,1005.9
2024-09-20T08:00,15.9,0.00,73,11.0,14.4,0.00,0.00,0.00,0,0,0,0,0,12.2,95,92,23.9,27.7,1,3600.00,1020.4,1006.3
2024-09-20T09:00,17.2,0.00,68,11.2,15.1,0.00,0.00,0.00,0,0,0,0,0,16.5,100,100,24.5,34.6,1,3600.00,1020.6,1006.5
2024-09-20T10:00,18.5,0.00,64,11.5,16.8,0.00,0.00,0.00,0,0,0,0,0,15.0,101,101,21.7,35.6,1,3600.00,1020.5,1006.5
2024-09-20T11:00,19.9,0.00,60,12.0,18.8,0.00,0.00,0.00,0,0,0,0,0,12.3,104,105,17.5,32.8,1,3600.00,1020.4,1006.5
2024-09-20T12:00,21.2,0.00,57,12.4,20.7,0.00,0.00,0.00,0,0,0,0,0,11.2,103,105,15.5,28.8,1,3600.00,1020.0,1006.1
2024-09-20T13:00,22.2,0.00,54,12.6,22.0,0.00,0.00,0.00,0,0,0,0,0,10.8,105,105,14.9,27.0,1,3600.00,1019.9,1006.1
2024-09-20T14:00,22.8,0.00,52,12.6,22.5,0.00,0.00,0.00,0,0,0,0,0,9.7,110,112,13.8,24.5,1,3600.00,1019.9,1006.1
2024-09-20T15:00,23.2,0.00,51,12.6,22.6,0.00,0.00,0.00,0,0,0,0,0,9.8,108,107,14.0,23.4,1,3600.00,1019.5,1005.7
2024-09-20T16:00,23.3,0.00,51,12.5,22.6,0.00,0.00,0.00,0,0,0,0,0,9.7,107,105,15.0,23.0,1,3600.00,1019.1,1005.4
2024-09-20T17:00,22.7,0.00,54,12.8,22.5,0.00,0.00,0.00,0,0,0,0,0,7.2,110,108,15.7,21.6,1,3600.00,1019.1,1005.3
2024-09-20T18:00,20.3,0.00,61,12.6,20.2,0.00,0.00,0.00,0,0,0,0,0,6.2,108,97,16.6,16.2,1,3369.31,1019.4,1005.5
2024-09-20T19:00,18.9,0.00,62,11.4,18.1,0.00,0.00,0.00,0,0,0,0,0,8.6,102,88,21.3,17.3,0,0.00,1019.4,1005.4
2024-09-20T20:00,18.4,0.00,62,10.9,17.2,0.00,0.00,0.00,0,1,1,0,0,10.1,94,84,25.3,20.9,0,0.00,1019.8,1005.8
2024-09-20T21:00,17.9,0.00,61,10.2,16.5,0.00,0.00,0.00,0,2,1,1,0,10.1,97,88,25.0,20.9,0,0.00,1020.0,1006.0
2024-09-20T22:00,17.3,0.00,61,9.8,15.6,0.00,0.00,0.00,0,2,0,2,0,10.8,93,90,25.6,21.2,0,0.00,1020.3,1006.3
2024-09-20T23:00,16.8,0.00,64,10.1,15.1,0.00,0.00,0.00,0,1,0,1,0,12.2,95,92,27.1,23.8,0,0.00,1020.6,1006.5
2024-09-21T00:00,16.4,0.00,67,10.3,14.7,0.00,0.00,0.00,0,0,0,0,0,11.9,97,93,26.1,24.8,0,0.00,1020.5,1006.4
2024-09-21T01:00,15.8,0.00,70,10.3,14.2,0.00,0.00,0.00,0,0,0,0,0,11.7,100,101,26.0,23.4,0,0.00,1020.5,1006.4
2024-09-21T02:00,14.6,0.00,77,10.7,13.2,0.00,0.00,0.00,0,0,0,0,0,10.9,101,99,23.9,21.6,0,0.00,1020.4,1006.2
2024-09-21T03:00,13.5,0.00,83,10.8,12.6,0.00,0.00,0.00,0,0,0,0,0,7.9,98,93,20.4,20.5,0,0.00,1020.3,1006.1
2024-09-21T04:00,12.1,0.00,91,10.6,11.6,0.00,0.00,0.00,0,0,0,0,0,4.9,91,73,14.8,15.8,0,0.00,1020.4,1006.1
2024-09-21T05:00,11.2,0.00,93,10.1,10.6,0.00,0.00,0.00,0,0,0,0,0,3.9,88,68,9.0,9.7,0,0.00,1020.4,1006.1
2024-09-21T06:00,10.7,0.00,94,9.8,10.1,0.00,0.00,0.00,0,0,0,0,0,3.7,87,79,6.8,7.6,0,0.00,1020.7,1006.3
2024-09-21T07:00,11.7,0.00,92,10.4,11.1,0.00,0.00,0.00,0,0,0,0,0,4.7,93,81,7.6,9.0,1,474.26,1021.0,1006.7
2024-09-21T08:00,14.6,0.00,83,11.7,14.5,0.00,0.00,0.00,0,0,0,0,0,4.2,84,70,10.5,12.2,1,3600.00,1021.2,1007.0
2024-09-21T09:00,17.2,0.00,74,12.5,17.6,0.00,0.00,0.00,0,0,0,0,0,2.4,72,63,4.6,11.2,1,3600.00,1021.2,1007.1
2024-09-21T10:00,19.1,0.00,70,13.4,20.0,0.00,0.00,0.00,0,0,0,0,0,1.1,79,72,1.8,10.4,1,3600.00,1020.9,1006.9
2024-09-21T11:00,20.7,0.00,67,14.2,21.9,0.00,0.00,0.00,0,0,0,0,0,0.8,56,27,1.3,9.7,1,3600.00,1020.7,1006.8
2024-09-21T12:00,21.9,0.00,63,14.5,23.7,0.00,0.00,0.00,0,0,0,0,0,0.5,45,315,1.0,9.7,1,3600.00,1020.1,1006.3
2024-09-21T13:00,22.8,0.00,59,14.4,24.6,0.00,0.00,0.00,0,0,0,0,0,1.3,346,326,1.5,10.4,1,3600.00,1019.5,1005.7
2024-09-21T14:00,23.3,0.00,58,14.6,24.6,0.00,0.00,0.00,0,0,0,0,0,3.3,319,311,3.8,13.0,1,3600.00,1018.8,1005.1
2024-09-21T15:00,23.4,0.00,58,14.6,24.4,0.00,0.00,0.00,0,0,0,0,0,3.4,333,328,4.0,13.0,1,3600.00,1018.4,1004.7
2024-09-21T16:00,23.3,0.00,58,14.5,24.2,0.00,0.00,0.00,0,0,0,0,0,4.0,339,333,5.0,11.9,1,3600.00,1018.0,1004.3
2024-09-21T17:00,22.6,0.00,64,15.5,23.9,0.00,0.00,0.00,0,0,0,0,0,3.5,344,336,6.7,11.2,1,3600.00,1017.9,1004.1
2024-09-21T18:00,19.9,0.00,76,15.5,20.9,0.00,0.00,0.00,0,0,0,0,0,5.7,333,325,12.6,9.0,1,3237.48,1018.0,1004.1
2024-09-21T19:00,17.6,0.00,83,14.6,18.1,0.00,0.00,0.00,0,1,0,1,0,7.2,346,357,13.7,10.8,0,0.00,1018.1,1004.1
2024-09-21T20:00,16.2,0.00,87,14.1,16.6,0.00,0.00,0.00,0,1,0,1,0,5.9,13,38,7.8,10.8,0,0.00,1018.2,1004.1
2024-09-21T21:00,15.6,0.00,89,13.8,16.2,0.00,0.00,0.00,0,0,0,0,0,4.2,55,59,4.4,9.0,0,0.00,1018.3,1004.2
2024-09-21T22:00,14.0,0.00,95,13.2,14.2,0.00,0.00,0.00,0,4,4,0,0,5.4,84,70,6.5,11.5,0,0.00,1018.1,1003.9
2024-09-21T23:00,13.3,0.00,95,12.5,13.4,0.00,0.00,0.00,2,60,60,0,0,4.7,109,81,6.5,11.5,0,0.00,1018.3,1004.1
2024-09-22T00:00,12.9,0.00,96,12.2,12.9,0.00,0.00,0.00,3,87,87,0,0,5.1,113,94,8.2,10.4,0,0.00,1018.2,1004.0
2024-09-22T01:00,12.7,0.00,96,12.0,12.6,0.00,0.00,0.00,3,97,97,0,0,4.3,97,85,8.4,10.1,0,0.00,1017.9,1003.7
2024-09-22T02:00,11.7,0.00,96,11.2,11.5,0.00,0.00,0.00,3,97,97,0,0,3.6,93,84,7.2,8.6,0,0.00,1017.9,1003.6
2024-09-22T03:00,11.4,0.00,97,10.9,11.2,0.00,0.00,0.00,3,100,100,0,0,3.3,107,84,6.0,7.6,0,0.00,1017.7,1003.4
2024-09-22T04:00,11.5,0.00,96,10.9,11.1,0.00,0.00,0.00,3,100,100,0,0,4.6,87,72,7.9,9.4,0,0.00,1017.1,1002.8
2024-09-22T05:00,11.4,0.00,96,10.8,11.2,0.00,0.00,0.00,3,92,92,0,0,3.3,83,77,6.2,9.4,0,0.00,1016.8,1002.5
2024-09-22T06:00,10.8,0.00,96,10.3,10.3,0.00,0.00,0.00,3,96,96,0,0,4.0,90,85,3.6,6.8,0,0.00,1016.8,1002.5
2024-09-22T07:00,12.3,0.00,93,11.2,12.1,0.00,0.00,0.00,3,96,96,0,0,4.0,98,95,5.4,7.2,1,193.95,1016.9,1002.7
2024-09-22T08:00,15.2,0.00,85,12.7,15.5,0.00,0.00,0.00,3,99,99,0,0,3.5,105,114,7.1,10.1,1,3600.00,1017.0,1002.9
2024-09-22T09:00,17.4,0.00,78,13.5,18.3,0.00,0.00,0.00,3,100,100,0,0,1.5,101,104,3.7,9.7,1,3600.00,1016.8,1002.8
2024-09-22T10:00,19.4,0.00,72,14.2,20.7,0.00,0.00,0.00,3,100,100,0,0,0.8,79,63,1.8,9.4,1,3600.00,1016.4,1002.5
2024-09-22T11:00,21.1,0.00,67,14.7,22.6,0.00,0.00,0.00,3,100,100,1,0,0.5,104,135,1.5,9.0,1,3600.00,1016.2,1002.4
2024-09-22T12:00,22.3,0.00,63,14.9,23.8,0.00,0.00,0.00,3,100,100,0,0,1.3,194,214,1.5,10.1,1,3600.00,1015.7,1002.0
2024-09-22T13:00,23.1,0.00,59,14.7,24.5,0.00,0.00,0.00,3,100,100,1,0,0.7,243,270,0.8,10.1,1,3600.00,1014.9,1001.2
2024-09-22T14:00,23.2,0.00,57,14.3,24.3,0.00,0.00,0.00,3,100,100,73,0,2.3,321,309,2.3,8.6,1,1603.59,1014.4,1000.7
2024-09-22T15:00,23.4,0.00,58,14.5,24.5,0.00,0.00,0.00,3,100,100,94,0,2.4,346,333,3.0,9.4,1,1896.92,1013.9,1000.2
2024-09-22T16:00,23.1,0.00,62,15.3,24.4,0.00,0.00,0.00,3,100,100,5,0,3.2,345,333,4.1,8.6,1,623.29,1013.4,999.7
2024-09-22T17:00,22.1,0.00,77,17.8,24.5,0.00,0.00,0.00,3,100,100,4,0,2.3,332,309,5.3,8.3,1,552.46,1013.1,999.4
2024-09-22T18:00,19.5,0.00,87,17.2,21.2,0.00,0.00,0.00,3,100,100,9,0,6.0,326,303,6.5,7.6,1,0.00,1013.1,999.3
2024-09-22T19:00,17.6,0.00,92,16.2,18.7,0.00,0.00,0.00,3,100,100,57,0,6.7,342,344,8.3,10.1,0,0.00,1013.0,999.1
2024-09-22T20:00,17.1,0.00,93,15.9,18.1,0.00,0.00,0.00,3,100,100,78,0,6.6,344,13,9.3,9.7,0,0.00,1013.0,999.0
2024-09-22T21:00,18.1,0.00,86,15.8,19.1,0.00,0.00,0.00,3,100,100,3,0,6.5,321,354,9.2,9.7,0,0.00,1013.0,999.1
2024-09-22T22:00,16.0,0.00,94,15.0,16.9,0.00,0.00,0.00,3,100,99,86,1,5.7,262,235,10.5,10.1,0,0.00,1013.2,999.2
2024-09-22T23:00,16.0,0.00,94,15.1,17.0,0.00,0.00,0.00,3,100,100,51,4,4.7,243,212,12.9,10.1,0,0.00,1013.2,999.2
2024-09-23T00:00,15.9,0.00,91,14.5,16.2,0.00,0.00,0.00,3,100,82,100,14,7.9,230,231,19.4,20.5,0,0.00,1013.2,999.2
2024-09-23T01:00,15.9,0.40,92,14.6,17.1,0.40,0.00,0.00,51,100,94,100,7,2.4,237,153,6.0,15.1,0,0.00,1012.8,998.8
2024-09-23T02:00,15.8,1.60,96,15.2,16.8,1.60,0.00,0.00,61,100,100,98,0,4.8,62,63,6.1,11.2,0,0.00,1011.9,997.9
2024-09-23T03:00,15.2,0.10,98,14.9,15.8,0.10,0.00,0.00,51,78,73,18,1,7.4,210,209,14.2,14.8,0,0.00,1012.0,998.0
2024-09-23T04:00,14.6,0.00,97,14.2,15.5,0.00,0.00,0.00,3,99,99,24,6,3.2,183,117,6.1,14.4,0,0.00,1011.9,997.8
2024-09-23T05:00,14.9,0.00,97,14.4,14.8,0.00,0.00,0.00,3,99,79,89,61,10.5,209,196,20.6,19.8,0,0.00,1012.2,998.2
2024-09-23T06:00,15.1,0.20,97,14.5,15.8,0.20,0.00,0.00,51,93,73,71,11,5.2,218,196,12.3,20.2,0,0.00,1011.7,997.7
2024-09-23T07:00,15.1,0.10,97,14.5,15.9,0.10,0.00,0.00,51,99,99,25,25,4.4,214,171,10.4,11.2,1,0.00,1011.7,997.7
2024-09-23T08:00,16.1,0.00,94,15.2,16.8,0.00,0.00,0.00,3,100,100,5,48,6.9,206,189,12.4,14.8,1,2297.93,1011.7,997.7
2024-09-23T09:00,16.9,0.00,89,15.0,17.1,0.00,0.00,0.00,3,100,100,76,100,10.0,223,221,13.8,21.2,1,1368.84,1012.1,998.1
2024-09-23T10:00,17.2,0.00,86,14.9,17.2,0.00,0.00,0.00,3,100,100,89,86,11.0,231,232,15.3,24.1,1,0.00,1012.0,998.1
2024-09-23T11:00,17.9,0.10,82,14.7,18.0,0.10,0.00,0.00,51,100,100,97,46,10.2,232,231,14.1,23.8,1,0.00,1011.8,997.9
2024-09-23T12:00,18.7,0.20,77,14.5,18.6,0.20,0.00,0.00,51,100,84,100,20,10.7,225,225,14.8,25.2,1,1960.38,1011.4,997.5
2024-09-23T13:00,17.9,0.60,83,14.9,18.1,0.60,0.00,0.00,53,100,100,95,12,9.9,227,226,14.3,25.2,1,0.00,1011.0,997.1
2024-09-23T14:00,19.3,0.00,72,14.2,19.3,0.00,0.00,0.00,3,100,100,57,18,9.2,238,239,12.3,22.3,1,3600.00,1010.6,996.8
2024-09-23T15:00,19.0,0.00,73,13.9,19.1,0.00,0.00,0.00,3,100,100,78,3,8.0,244,243,10.8,22.7,1,1769.08,1010.3,996.5
2024-09-23T16:00,18.1,1.10,79,14.4,18.2,1.10,0.00,0.00,55,100,100,86,0,9.2,223,222,14.3,20.9,1,0.00,1010.1,996.2
2024-09-23T17:00,17.0,0.30,89,15.2,17.4,0.30,0.00,0.00,51,100,100,100,4,8.9,213,212,15.1,19.4,1,0.00,1009.8,995.9
2024-09-23T18:00,16.3,0.70,94,15.3,16.9,0.70,0.00,0.00,53,100,100,100,0,7.7,216,208,15.5,17.6,1,0.00,1009.6,995.7
2024-09-23T19:00,15.9,1.00,95,15.1,16.6,1.00,0.00,0.00,55,100,100,100,0,7.0,225,215,14.8,15.5,0,0.00,1009.6,995.6
2024-09-23T20:00,15.6,1.00,94,14.7,16.2,1.00,0.00,0.00,55,100,100,93,9,6.9,232,219,14.6,15.1,0,0.00,1010.0,996.0
2024-09-23T21:00,15.3,0.30,94,14.4,16.1,0.30,0.00,0.00,51,100,100,95,5,4.0,212,190,10.2,13.7,0,0.00,1009.8,995.8
2024-09-23T22:00,15.1,0.10,95,14.3,15.5,0.10,0.00,0.00,51,100,100,85,9,6.8,199,183,14.5,14.0,0,0.00,1009.8,995.8
2024-09-23T23:00,14.6,0.00,96,14.0,15.2,0.00,0.00,0.00,3,100,100,100,10,4.7,207,176,11.8,13.7,0,0.00,1009.7,995.7
2024-09-24T00:00,14.6,0.00,97,14.0,15.0,0.00,0.00,0.00,3,100,100,93,29,5.9,199,169,13.0,12.2,0,0.00,1009.6,995.6
2024-09-24T01:00,14.3,0.00,97,13.8,14.6,0.00,0.00,0.00,3,100,100,28,13,6.2,203,187,14.8,13.3,0,0.00,1009.3,995.3
2024-09-24T02:00,13.4,0.00,93,12.2,12.9,0.00,0.00,0.00,3,100,100,100,8,7.8,209,193,18.8,16.2,0,0.00,1009.0,994.9
2024-09-24T03:00,13.5,0.00,92,12.2,13.1,0.00,0.00,0.00,3,100,100,100,5,6.9,209,186,17.2,16.9,0,0.00,1008.5,994.4
2024-09-24T04:00,13.8,0.00,90,12.2,13.1,0.00,0.00,0.00,3,100,100,43,7,8.9,208,194,18.7,18.0,0,0.00,1007.8,993.8
2024-09-24T05:00,13.2,0.00,91,11.8,12.3,0.00,0.00,0.00,1,42,13,29,24,9.8,209,197,21.4,19.8,0,0.00,1007.8,993.7
2024-09-24T06:00,12.9,0.20,89,11.2,11.6,0.20,0.00,0.00,51,30,0,12,28,11.4,206,198,23.7,23.0,0,0.00,1007.8,993.7
2024-09-24T07:00,12.9,0.00,91,11.4,11.6,0.00,0.00,0.00,1,27,0,7,24,11.7,208,198,22.9,24.1,1,35.22,1008.1,994.0
2024-09-24T08:00,14.0,0.00,87,11.8,12.5,0.00,0.00,0.00,2,76,0,9,75,14.2,213,207,23.2,27.7,1,3600.00,1008.1,994.1
2024-09-24T09:00,15.0,0.40,81,11.8,13.3,0.40,0.00,0.00,51,50,0,18,45,15.4,219,217,23.6,37.8,1,3600.00,1008.0,994.0
2024-09-24T10:00,16.0,0.50,81,12.7,14.3,0.50,0.00,0.00,53,68,27,34,34,17.4,218,218,25.4,40.0,1,3600.00,1007.9,994.0
2024-09-24T11:00,17.0,0.10,73,12.2,14.8,0.10,0.00,0.00,51,38,1,15,28,19.6,223,223,28.5,46.4,1,3600.00,1007.7,993.8
2024-09-24T12:00,17.9,0.10,68,11.9,15.3,0.10,0.00,0.00,51,89,27,45,80,21.7,229,228,30.9,49.0,1,3600.00,1007.6,993.8
2024-09-24T13:00,16.2,2.70,81,12.8,14.6,2.70,0.00,0.00,63,42,23,14,15,16.6,219,219,25.4,49.7,1,2669.17,1007.7,993.8
2024-09-24T14:00,17.6,0.10,70,12.2,15.5,0.10,0.00,0.00,51,44,16,28,14,18.9,228,228,27.8,48.2,1,3600.00,1007.6,993.7
2024-09-24T15:00,18.1,0.00,61,10.3,15.0,0.00,0.00,0.00,1,41,11,28,12,21.8,233,232,33.1,52.6,1,3600.00,1007.3,993.5
2024-09-24T16:00,18.4,0.00,56,9.4,15.1,0.00,0.00,0.00,3,82,5,77,23,21.4,234,234,32.8,45.7,1,3600.00,1006.9,993.1
2024-09-24T17:00,17.6,0.00,61,10.0,15.0,0.00,0.00,0.00,3,100,2,100,20,18.1,230,229,29.9,44.3,1,3600.00,1007.0,993.2
2024-09-24T18:00,16.6,0.00,68,10.7,14.3,0.00,0.00,0.00,3,98,9,97,25,17.3,230,228,28.9,37.4,1,0.00,1007.5,993.6
2024-09-24T19:00,15.6,0.00,76,11.4,13.7,0.00,0.00,0.00,3,100,63,100,8,15.8,223,221,27.8,35.6,0,0.00,1008.2,994.2
2024-09-24T20:00,15.5,0.00,77,11.6,13.5,0.00,0.00,0.00,3,100,18,100,20,16.8,220,215,29.4,34.9,0,0.00,1008.5,994.5
2024-09-24T21:00,15.6,0.00,76,11.3,13.3,0.00,0.00,0.00,3,81,24,66,45,18.0,220,217,31.2,37.8,0,0.00,1008.8,994.8
2024-09-24T22:00,15.4,0.00,75,10.9,13.0,0.00,0.00,0.00,3,84,25,75,34,18.1,225,223,31.6,37.4,0,0.00,1009.3,995.3
2024-09-24T23:00,15.1,0.00,77,11.0,12.9,0.00,0.00,0.00,3,92,52,85,12,17.3,229,227,30.1,37.1,0,0.00,1009.6,995.6
2024-09-25T00:00,14.7,0.10,80,11.3,12.8,0.10,0.00,0.00,51,80,2,76,29,15.3,224,219,27.5,35.6,0,0.00,1009.8,995.8
2024-09-25T01:00,14.1,0.00,82,11.0,12.3,0.00,0.00,0.00,3,90,0,56,87,13.8,214,208,25.7,31.7,0,0.00,1009.9,995.8
2024-09-25T02:00,14.3,0.00,85,11.8,12.7,0.00,0.00,0.00,2,64,0,37,45,15.1,216,211,27.5,31.7,0,0.00,1009.5,995.5
2024-09-25T03:00,14.0,0.00,85,11.6,12.5,0.00,0.00,0.00,1,46,2,28,23,13.6,217,210,25.3,31.0,0,0.00,1009.5,995.4
2024-09-25T04:00,13.6,0.00,87,11.4,12.1,0.00,0.00,0.00,2,57,40,14,17,13.2,220,214,25.7,28.1,0,0.00,1009.4,995.3
2024-09-25T05:00,13.6,0.00,86,11.3,11.9,0.00,0.00,0.00,2,50,35,8,19,14.1,223,218,26.9,29.5,0,0.00,1009.4,995.3
2024-09-25T06:00,13.2,0.00,87,11.0,11.6,0.00,0.00,0.00,2,76,71,2,15,13.0,219,213,26.0,29.2,0,0.00,1009.2,995.1
2024-09-25T07:00,13.1,0.00,86,10.9,11.6,0.00,0.00,0.00,3,99,97,62,27,11.9,218,214,24.6,27.0,1,0.00,1009.5,995.4
2024-09-25T08:00,14.1,1.70,84,11.5,12.8,1.70,0.00,0.00,61,100,100,49,28,12.4,218,216,21.9,24.8,1,102.93,1009.5,995.5
2024-09-25T09:00,15.3,0.20,80,11.9,13.5,0.20,0.00,0.00,51,100,100,61,32,16.5,218,215,26.5,34.9,1,3600.00,1009.7,995.7
2024-09-25T10:00,15.9,0.00,78,12.1,14.7,0.00,0.00,0.00,3,100,100,31,26,12.8,218,215,20.0,37.4,1,1138.39,1009.6,995.6
2024-09-25T11:00,17.4,0.00,69,11.8,15.2,0.00,0.00,0.00,3,100,100,11,38,18.9,220,221,27.6,43.6,1,3600.00,1009.3,995.4
2024-09-25T12:00,18.1,0.00,67,12.0,16.5,0.00,0.00,0.00,3,100,100,27,49,15.1,216,215,21.9,45.0,1,2311.42,1008.8,995.0
2024-09-25T13:00,17.6,0.20,71,12.3,15.7,0.20,0.00,0.00,51,100,100,46,49,17.4,226,227,25.6,45.0,1,0.00,1008.6,994.7
2024-09-25T14:00,18.7,0.00,69,12.9,17.9,0.00,0.00,0.00,3,100,100,79,27,11.3,198,197,16.5,35.6,1,498.31,1008.1,994.3
2024-09-25T15:00,19.2,0.00,63,12.0,17.6,0.00,0.00,0.00,3,100,100,100,18,15.4,215,214,23.9,39.6,1,0.00,1007.7,993.9
2024-09-25T16:00,19.0,0.00,65,12.3,17.8,0.00,0.00,0.00,3,100,100,99,0,13.0,210,209,20.6,39.6,1,366.11,1006.8,993.0
2024-09-25T17:00,18.2,0.00,67,12.0,17.1,0.00,0.00,0.00,3,100,91,97,2,12.0,202,199,22.6,28.4,1,0.00,1006.4,992.6
2024-09-25T18:00,18.0,0.00,63,11.0,16.3,0.00,0.00,0.00,3,100,100,75,0,13.6,202,197,26.0,27.7,1,0.00,1006.0,992.2
2024-09-25T19:00,17.8,0.00,59,9.7,15.3,0.00,0.00,0.00,3,100,100,90,1,16.5,205,200,30.4,33.5,0,0.00,1005.8,992.0
2024-09-25T20:00,17.7,0.00,58,9.2,15.1,0.00,0.00,0.00,3,100,100,85,0,16.4,205,203,29.7,34.9,0,0.00,1005.7,991.9
2024-09-25T21:00,16.9,0.00,63,9.9,14.9,0.00,0.00,0.00,3,100,100,100,0,13.6,199,195,25.7,33.8,0,0.00,1005.4,991.5
2024-09-25T22:00,16.2,0.30,68,10.4,14.4,0.30,0.00,0.00,51,100,100,100,0,13.1,183,173,24.7,28.1,0,0.00,1004.7,990.8
2024-09-25T23:00,15.4,0.60,76,11.2,13.6,0.60,0.00,0.00,53,100,100,100,0,14.8,154,142,27.5,28.4,0,0.00,1003.7,989.8
2024-09-26T00:00,14.7,0.50,85,12.3,13.1,0.50,0.00,0.00,53,100,100,100,3,16.1,153,145,31.4,32.8,0,0.00,1002.5,988.6
2024-09-26T01:00,14.6,0.40,87,12.4,12.8,0.40,0.00,0.00,51,100,100,100,12,17.0,158,148,32.3,34.6,0,0.00,1001.2,987.3
2024-09-26T02:00,14.8,0.50,87,12.7,13.2,0.50,0.00,0.00,53,100,100,100,9,16.7,161,151,31.2,33.8,0,0.00,1000.1,986.2
2024-09-26T03:00,14.7,2.40,88,12.7,12.9,2.40,0.00,0.00,61,100,100,100,90,17.8,154,146,32.8,36.4,0,0.00,998.8,984.9
2024-09-26T04:00,14.6,2.20,88,12.6,12.4,2.20,0.00,0.00,61,100,100,100,100,20.5,155,148,36.7,41.4,0,0.00,997.4,983.5
2024-09-26T05:00,14.5,2.50,88,12.6,12.7,2.50,0.00,0.00,63,100,100,100,100,17.8,155,147,32.5,42.5,0,0.00,996.8,982.9
2024-09-26T06:00,15.1,3.30,89,13.3,13.7,3.30,0.00,0.00,63,100,100,99,100,17.1,192,179,32.0,36.0,0,0.00,996.3,982.5
2024-09-26T07:00,16.2,0.70,86,13.9,14.5,0.70,0.00,0.00,53,100,100,81,21,20.7,211,205,36.5,42.8,1,0.00,996.0,982.2
2024-09-26T08:00,16.8,0.00,85,14.2,15.0,0.00,0.00,0.00,3,100,100,57,91,21.6,216,213,37.3,55.4,1,0.00,996.5,982.8
2024-09-26T09:00,17.4,1.20,83,14.6,15.1,1.20,0.00,0.00,55,100,100,53,53,26.1,218,214,43.5,58.0,1,0.00,997.0,983.3
2024-09-26T10:00,17.4,0.70,84,14.8,15.5,0.70,0.00,0.00,53,100,100,81,89,24.0,225,223,40.0,55.8,1,0.00,998.1,984.4
2024-09-26T11:00,17.8,0.60,86,15.4,16.3,0.60,0.00,0.00,53,100,100,90,52,23.1,230,227,38.1,49.7,1,0.00,998.9,985.2
2024-09-26T12:00,17.5,1.30,91,16.0,16.3,1.30,0.00,0.00,61,100,100,100,27,21.8,227,225,36.6,56.2,1,0.00,999.4,985.7
2024-09-26T13:00,18.0,0.70,88,16.0,17.3,0.70,0.00,0.00,53,100,100,99,11,19.0,225,222,31.6,53.3,1,0.00,999.7,986.0
2024-09-26T14:00,17.7,0.70,90,16.1,16.9,0.70,0.00,0.00,53,100,100,99,0,19.7,216,214,33.9,41.8,1,0.00,998.9,985.2
2024-09-26T15:00,16.8,0.60,88,14.7,15.2,0.60,0.00,0.00,53,100,100,100,0,21.3,203,198,37.4,43.2,1,0.00,998.5,984.7
2024-09-26T16:00,16.5,0.50,85,13.9,14.7,0.50,0.00,0.00,53,100,100,100,0,20.9,208,205,36.5,45.7,1,0.00,998.0,984.2
2024-09-26T17:00,15.8,0.60,88,13.8,14.1,0.60,0.00,0.00,53,100,100,94,0,19.9,213,211,36.1,45.0,1,0.00,998.0,984.2
2024-09-26T18:00,16.1,0.30,78,12.3,13.9,0.30,0.00,0.00,51,100,100,98,0,20.1,203,201,36.9,43.6,1,0.00,998.3,984.5
2024-09-26T19:00,15.7,0.30,80,12.2,13.6,0.30,0.00,0.00,51,100,100,21,26,18.6,217,212,33.6,40.7,0,0.00,998.7,984.9
2024-09-26T20:00,15.7,0.10,83,12.8,13.0,0.10,0.00,0.00,51,70,0,67,11,24.5,220,219,42.0,52.6,0,0.00,999.1,985.3
2024-09-26T21:00,15.5,0.20,87,13.3,12.7,0.20,0.00,0.00,51,31,0,12,24,25.8,225,224,43.9,52.9,0,0.00,999.6,985.8
2024-09-26T22:00,15.8,0.10,85,13.2,12.7,0.10,0.00,0.00,51,36,0,2,35,27.7,230,228,46.9,56.9,0,0.00,999.9,986.1
2024-09-26T23:00,15.5,0.00,84,12.9,12.4,0.00,0.00,0.00,0,6,0,1,5,27.2,237,236,46.4,57.6,0,0.00,1000.5,986.6
2024-09-27T00:00,15.1,0.00,83,12.3,12.3,0.00,0.00,0.00,0,17,0,1,17,24.5,241,240,42.2,56.2,0,0.00,1001.3,987.4
2024-09-27T01:00,14.6,0.00,81,11.5,12.0,0.00,0.00,0.00,0,16,0,0,16,21.0,238,235,36.8,50.8,0,0.00,1002.0,988.1
2024-09-27T02:00,14.4,0.00,84,11.7,12.4,0.00,0.00,0.00,0,6,0,1,6,17.2,236,233,31.7,38.2,0,0.00,1002.6,988.7
2024-09-27T03:00,13.9,0.00,85,11.5,12.1,0.00,0.00,0.00,0,12,0,8,8,15.5,232,228,29.5,35.6,0,0.00,1002.7,988.7
2024-09-27T04:00,13.5,0.00,88,11.5,11.7,0.00,0.00,0.00,1,40,0,32,16,15.4,221,216,28.7,32.8,0,0.00,1002.9,988.9
2024-09-27T05:00,13.0,0.00,89,11.3,11.4,0.00,0.00,0.00,2,57,0,49,27,13.7,223,218,26.0,32.4,0,0.00,1002.8,988.8
2024-09-27T06:00,12.9,0.10,89,11.1,11.1,0.10,0.00,0.00,51,52,0,24,39,14.3,222,217,27.0,29.2,0,0.00,1002.6,988.6
2024-09-27T07:00,13.4,0.20,88,11.4,11.4,0.20,0.00,0.00,51,30,0,4,27,16.7,219,215,29.7,34.9,1,0.00,1002.6,988.6
2024-09-27T08:00,14.1,0.00,85,11.5,11.5,0.00,0.00,0.00,2,76,0,72,16,20.8,223,222,33.9,42.1,1,3600.00,1002.8,988.8
2024-09-27T09:00,15.2,0.00,78,11.3,12.9,0.00,0.00,0.00,1,29,0,23,8,18.3,225,224,29.3,47.2,1,3600.00,1002.8,988.9
2024-09-27T10:00,15.7,0.10,74,11.1,12.7,0.10,0.00,0.00,51,84,6,83,8,22.7,230,229,34.0,47.9,1,3600.00,1003.1,989.2
2024-09-27T11:00,16.6,0.10,69,10.9,13.4,0.10,0.00,0.00,51,62,28,43,22,23.9,236,236,35.9,56.5,1,3600.00,1003.3,989.5
2024-09-27T12:00,15.7,1.20,74,11.0,12.3,1.20,0.00,0.00,55,59,12,45,22,25.6,242,242,38.3,62.3,1,3600.00,1003.3,989.4
2024-09-27T13:00,15.7,0.60,73,10.9,12.7,0.60,0.00,0.00,53,79,15,76,19,22.3,245,245,34.1,61.9,1,3600.00,1003.7,989.8
2024-09-27T14:00,15.7,0.00,65,9.1,11.8,0.00,0.00,0.00,3,99,68,98,8,25.1,231,230,37.8,60.8,1,3600.00,1003.8,989.9
2024-09-27T15:00,14.9,0.00,70,9.5,11.3,0.00,0.00,0.00,3,100,93,99,1,23.5,226,225,36.2,52.9,1,996.27,1004.5,990.6
2024-09-27T16:00,14.4,0.10,72,9.3,10.8,0.10,0.00,0.00,51,83,79,31,4,22.9,233,233,36.3,52.2,1,0.00,1004.7,990.7
2024-09-27T17:00,14.1,0.00,72,9.0,10.9,0.00,0.00,0.00,0,6,0,4,3,19.9,225,224,32.3,47.9,1,3600.00,1004.9,990.9
2024-09-27T18:00,13.6,0.00,70,8.2,10.1,0.00,0.00,0.00,0,11,4,5,6,20.2,239,239,35.1,44.6,1,2453.41,1006.2,992.2
2024-09-27T19:00,12.9,0.00,73,8.2,10.0,0.00,0.00,0.00,0,12,0,4,10,16.9,232,231,30.4,41.8,0,0.00,1006.9,992.8
2024-09-27T20:00,12.5,0.00,75,8.2,9.8,0.00,0.00,0.00,0,8,0,0,8,15.4,226,222,28.5,34.9,0,0.00,1007.3,993.2
2024-09-27T21:00,12.1,0.00,78,8.3,9.8,0.00,0.00,0.00,0,9,0,0,9,12.3,224,218,24.9,32.0,0,0.00,1008.0,993.9
2024-09-27T22:00,11.7,0.00,79,8.2,9.4,0.00,0.00,0.00,2,53,3,44,32,12.3,223,217,25.1,25.9,0,0.00,1008.7,994.5
2024-09-27T23:00,11.9,0.00,78,8.2,9.6,0.00,0.00,0.00,3,80,72,28,5,12.4,223,219,24.4,26.6,0,0.00,1009.2,995.0
2024-09-28T00:00,11.5,0.00,80,8.1,9.1,0.00,0.00,0.00,3,100,99,100,88,12.9,225,222,25.1,27.0,0,0.00,1009.6,995.4
2024-09-28T01:00,11.7,0.10,79,8.1,9.1,0.10,0.00,0.00,51,100,100,58,68,13.9,231,230,24.1,29.2,0,0.00,1010.3,996.1
2024-09-28T02:00,11.6,0.40,86,9.4,9.6,0.40,0.00,0.00,51,100,54,88,100,13.0,224,223,23.0,26.3,0,0.00,1010.8,996.6
2024-09-28T03:00,11.3,0.50,92,10.1,9.8,0.50,0.00,0.00,53,100,98,99,100,11.0,239,240,20.8,26.3,0,0.00,1011.2,997.0
2024-09-28T04:00,11.3,0.50,93,10.2,10.1,0.50,0.00,0.00,53,99,92,85,58,8.8,293,285,16.6,22.0,0,0.00,1011.9,997.7
2024-09-28T05:00,11.2,0.00,92,9.9,9.7,0.00,0.00,0.00,3,96,74,81,17,10.4,320,312,19.7,20.9,0,0.00,1012.7,998.5
2024-09-28T06:00,10.7,0.00,91,9.3,8.7,0.00,0.00,0.00,3,100,97,99,26,12.2,324,319,22.9,25.2,0,0.00,1014.0,999.7
2024-09-28T07:00,10.5,0.00,91,9.1,8.7,0.00,0.00,0.00,3,96,56,89,25,10.6,322,317,19.9,24.8,1,0.00,1015.3,1001.0
2024-09-28T08:00,10.9,0.00,88,9.1,8.7,0.00,0.00,0.00,3,98,98,1,13,13.4,320,318,21.1,27.4,1,1771.88,1016.4,1002.1
2024-09-28T09:00,11.6,0.00,84,8.9,9.2,0.00,0.00,0.00,1,26,10,2,16,14.0,321,319,20.5,32.0,1,3600.00,1017.5,1003.2
2024-09-28T10:00,12.7,0.00,77,8.8,10.3,0.00,0.00,0.00,2,70,0,10,67,14.5,320,319,20.4,32.8,1,3600.00,1018.5,1004.3
2024-09-28T11:00,13.4,0.00,71,8.1,10.8,0.00,0.00,0.00,2,70,18,25,58,14.0,323,322,19.4,33.1,1,3600.00,1019.2,1005.0
2024-09-28T12:00,13.8,0.00,66,7.7,11.4,0.00,0.00,0.00,1,21,0,18,3,12.5,319,319,17.1,33.1,1,3600.00,1019.5,1005.3
2024-09-28T13:00,14.5,0.10,63,7.6,12.0,0.10,0.00,0.00,51,21,0,20,2,12.9,315,314,17.7,32.4,1,3600.00,1020.0,1005.8
2024-09-28T14:00,14.4,0.10,59,6.6,11.2,0.10,0.00,0.00,51,36,0,36,1,16.4,310,309,23.3,36.4,1,3600.00,1020.6,1006.4
2024-09-28T15:00,13.8,0.10,61,6.3,10.5,0.10,0.00,0.00,51,26,0,24,12,16.1,310,309,23.5,37.4,1,3600.00,1021.5,1007.3
2024-09-28T16:00,13.8,0.00,61,6.3,10.9,0.00,0.00,0.00,0,8,0,5,5,13.2,309,308,19.7,34.9,1,3600.00,1022.3,1008.1
2024-09-28T17:00,13.6,0.00,62,6.5,11.3,0.00,0.00,0.00,0,16,0,14,6,9.4,309,306,16.5,31.0,1,3600.00,1022.9,1008.6
2024-09-28T18:00,11.8,0.00,71,6.6,9.6,0.00,0.00,0.00,2,51,0,44,20,8.7,315,307,18.5,23.4,1,2325.03,1024.0,1009.6
2024-09-28T19:00,10.4,0.00,80,7.2,9.0,0.00,0.00,0.00,0,9,0,5,9,4.5,292,270,12.4,18.0,0,0.00,1024.8,1010.4
2024-09-28T20:00,8.8,0.00,88,6.9,7.1,0.00,0.00,0.00,0,5,0,1,5,5.7,275,235,10.7,10.1,0,0.00,1025.7,1011.2
2024-09-28T21:00,8.1,0.00,91,6.6,6.2,0.00,0.00,0.00,1,26,0,1,25,6.6,268,233,9.7,9.7,0,0.00,1026.6,1012.0
2024-09-28T22:00,8.6,0.00,90,7.1,7.2,0.00,0.00,0.00,1,28,0,0,28,4.4,298,238,6.5,10.1,0,0.00,1027.4,1012.8
2024-09-28T23:00,9.5,0.00,89,7.7,8.5,0.00,0.00,0.00,0,2,0,0,2,3.1,325,239,6.3,7.2,0,0.00,1027.9,1013.4
2024-09-29T00:00,9.3,0.00,88,7.4,7.9,0.00,0.00,0.00,0,0,0,0,0,4.8,331,292,8.5,7.6,0,0.00,1028.2,1013.6
2024-09-29T01:00,6.6,0.00,92,5.4,4.4,0.00,0.00,0.00,0,0,0,0,0,7.2,334,321,11.0,10.4,0,0.00,1028.6,1013.9
2024-09-29T02:00,6.3,0.00,90,4.7,4.1,0.00,0.00,0.00,0,0,0,0,0,6.3,346,5,9.5,9.0,0,0.00,1028.9,1014.2
2024-09-29T03:00,5.6,0.00,91,4.3,3.3,0.00,0.00,0.00,0,1,0,0,1,6.4,346,8,11.3,10.4,0,0.00,1029.0,1014.2
2024-09-29T04:00,5.5,0.00,92,4.3,3.2,0.00,0.00,0.00,0,0,0,0,0,6.0,2,33,11.2,10.1,0,0.00,1029.2,1014.4
2024-09-29T05:00,4.8,0.00,93,3.8,2.3,0.00,0.00,0.00,0,0,0,0,0,7.0,28,58,9.3,9.7,0,0.00,1029.1,1014.3
2024-09-29T06:00,4.2,0.00,94,3.4,1.8,0.00,0.00,0.00,0,0,0,0,0,5.6,74,86,6.4,9.7,0,0.00,1029.1,1014.3
2024-09-29T07:00,5.2,0.00,93,4.2,3.2,0.00,0.00,0.00,0,1,0,0,1,4.3,118,105,6.9,8.3,1,3.97,1029.5,1014.7
2024-09-29T08:00,7.6,0.00,87,5.7,5.8,0.00,0.00,0.00,0,9,0,0,9,5.3,103,98,10.0,13.7,1,3600.00,1029.4,1014.7
2024-09-29T09:00,9.9,0.00,81,6.8,8.4,0.00,0.00,0.00,0,2,0,0,2,4.1,93,92,7.0,13.3,1,3600.00,1029.3,1014.8
2024-09-29T10:00,11.7,0.00,75,7.4,10.1,0.00,0.00,0.00,1,31,31,0,0,6.5,103,104,9.3,18.0,1,3600.00,1028.7,1014.3
2024-09-29T11:00,13.3,0.00,67,7.3,11.4,0.00,0.00,0.00,3,98,98,0,0,8.0,105,108,10.8,20.9,1,3600.00,1028.2,1013.8
2024-09-29T12:00,14.5,0.00,58,6.4,12.1,0.00,0.00,0.00,3,99,99,0,47,10.1,113,115,13.5,24.5,1,3600.00,1027.5,1013.2
2024-09-29T13:00,14.9,0.00,54,5.6,12.0,0.00,0.00,0.00,3,100,100,0,40,12.4,108,109,17.0,27.7,1,3600.00,1026.7,1012.5
2024-09-29T14:00,14.9,0.00,54,5.7,12.1,0.00,0.00,0.00,3,100,100,0,58,12.2,114,114,17.4,27.7,1,3600.00,1026.4,1012.2
2024-09-29T15:00,14.7,0.00,53,5.1,11.6,0.00,0.00,0.00,3,100,100,0,67,12.8,117,118,19.4,27.7,1,0.00,1025.6,1011.4
2024-09-29T16:00,14.6,0.00,53,5.1,11.9,0.00,0.00,0.00,3,100,100,0,16,10.3,113,113,18.0,29.5,1,0.00,1024.6,1010.4
2024-09-29T17:00,14.2,0.00,55,5.4,11.7,0.00,0.00,0.00,3,100,100,0,0,9.3,102,98,18.8,21.6,1,0.00,1023.9,1009.7
2024-09-29T18:00,13.2,0.00,55,4.4,10.2,0.00,0.00,0.00,3,100,100,28,0,11.7,96,92,24.3,23.8,1,0.00,1023.4,1009.1
2024-09-29T19:00,12.6,0.00,56,4.1,9.4,0.00,0.00,0.00,3,92,74,76,0,12.1,98,93,25.7,25.6,0,0.00,1023.1,1008.8
2024-09-29T20:00,11.9,0.00,59,4.1,8.5,0.00,0.00,0.00,3,94,84,62,0,13.5,97,92,28.3,27.4,0,0.00,1022.5,1008.2
2024-09-29T21:00,11.6,0.00,59,3.9,7.6,0.00,0.00,0.00,3,93,84,55,0,17.4,104,101,33.0,34.6,0,0.00,1022.1,1007.8
2024-09-29T22:00,11.4,0.00,59,3.5,7.0,0.00,0.00,0.00,3,99,98,36,0,19.5,107,104,35.5,38.9,0,0.00,1021.5,1007.1
2024-09-29T23:00,11.0,0.00,59,3.3,6.5,0.00,0.00,0.00,2,55,0,55,0,20.6,109,107,36.9,41.4,0,0.00,1020.8,1006.4
2024-09-30T00:00,10.7,0.00,60,3.2,6.2,0.00,0.00,0.00,3,100,0,100,0,19.9,111,108,36.0,41.8,0,0.00,1020.2,1005.8
2024-09-30T01:00,11.2,0.00,58,3.2,6.9,0.00,0.00,0.00,3,100,0,100,0,18.6,113,109,33.0,40.0,0,0.00,1019.6,1005.3
2024-09-30T02:00,10.7,0.00,63,4.0,7.0,0.00,0.00,0.00,3,99,0,99,0,15.7,112,109,28.6,34.6,0,0.00,1018.9,1004.5
2024-09-30T03:00,10.4,0.00,66,4.2,6.9,0.00,0.00,0.00,0,19,0,19,0,14.3,117,114,27.0,30.6,0,0.00,1018.3,1003.9
2024-09-30T04:00,9.3,0.00,71,4.3,6.3,0.00,0.00,0.00,1,25,0,25,0,10.9,117,109,23.1,28.1,0,0.00,1018.0,1003.6
2024-09-30T05:00,8.4,0.00,76,4.5,5.7,0.00,0.00,0.00,2,58,2,57,0,9.8,124,104,19.6,21.2,0,0.00,1017.8,1003.4
2024-09-30T06:00,8.3,0.00,78,4.6,5.7,0.00,0.00,0.00,2,57,3,57,0,8.8,131,110,18.2,18.7,0,0.00,1018.0,1003.5
2024-09-30T07:00,8.7,0.40,81,5.6,6.2,0.40,0.00,0.00,51,100,2,100,5,9.6,124,98,16.3,19.8,1,0.00,1017.3,1002.9
2024-09-30T08:00,9.7,0.00,84,7.2,7.4,0.00,0.00,0.00,3,100,0,100,53,10.8,123,101,18.6,18.7,1,0.00,1017.2,1002.8
2024-09-30T09:00,11.1,0.00,82,8.1,9.4,0.00,0.00,0.00,3,100,11,97,100,8.6,130,112,20.2,20.5,1,0.00,1017.2,1002.9
2024-09-30T10:00,13.1,0.00,76,9.0,11.4,0.00,0.00,0.00,3,100,1,100,100,9.7,134,117,19.9,21.2,1,887.00,1016.8,1002.6
2024-09-30T11:00,12.9,0.10,80,9.5,11.4,0.10,0.00,0.00,51,100,1,98,100,9.7,139,124,17.5,22.3,1,0.00,1016.7,1002.5
2024-09-30T12:00,13.3,1.30,83,10.5,12.2,1.30,0.00,0.00,61,100,34,73,100,8.7,132,120,13.3,20.5,1,0.00,1016.5,1002.3
2024-09-30T13:00,15.5,0.00,77,11.5,14.5,0.00,0.00,0.00,3,88,0,87,10,9.4,127,120,12.9,22.0,1,3600.00,1015.9,1001.8
2024-09-30T14:00,15.6,0.00,77,11.6,14.3,0.00,0.00,0.00,3,100,0,100,51,12.1,176,178,17.3,25.2,1,0.00,1015.6,1001.5
2024-09-30T15:00,15.6,0.00,81,12.3,15.2,0.00,0.00,0.00,3,99,14,98,16,7.7,151,141,14.0,25.6,1,0.00,1015.0,1000.9
2024-09-30T16:00,15.6,0.30,83,12.7,15.1,0.30,0.00,0.00,51,100,89,100,86,9.3,182,172,16.2,19.8,1,0.00,1014.7,1000.7
2024-09-30T17:00,14.7,0.80,90,13.1,14.5,0.80,0.00,0.00,53,100,35,100,96,8.1,181,159,16.9,19.1,1,0.00,1014.6,1000.5
2024-09-30T18:00,14.7,0.10,88,12.7,14.0,0.10,0.00,0.00,51,100,60,100,18,10.5,188,168,20.3,21.2,1,0.00,1014.3,1000.2
2024-09-30T19:00,14.5,2.20,86,12.2,13.7,2.20,0.00,0.00,61,94,0,94,23,10.3,191,175,21.1,22.0,0,0.00,1014.1,1000.0
2024-09-30T20:00,13.9,0.40,89,12.1,13.3,0.40,0.00,0.00,51,100,2,100,31,8.5,200,178,19.8,20.9,0,0.00,1014.1,1000.0
2024-09-30T21:00,14.4,0.10,85,12.0,13.0,0.10,0.00,0.00,51,54,13,41,27,13.8,210,202,26.4,27.4,0,0.00,1013.8,999.7
2024-09-30T22:00,14.0,0.00,85,11.6,12.6,0.00,0.00,0.00,3,99,98,36,30,13.2,212,204,26.3,28.4,0,0.00,1013.5,999.4
2024-09-30T23:00,13.8,0.00,85,11.4,12.6,0.00,0.00,0.00,3,100,100,18,29,11.1,212,202,24.2,27.0,0,0.00,1013.3,999.2
2024-10-01T00:00,13.5,0.00,85,11.1,11.8,0.00,0.00,0.00,3,100,99,26,29,13.5,214,207,27.9,27.4,0,0.00,1013.0,998.9
2024-10-01T01:00,13.6,0.20,85,11.2,11.7,0.20,0.00,0.00,51,100,100,39,26,15.9,219,214,29.7,32.0,0,0.00,1013.0,998.9
2024-10-01T02:00,13.9,0.10,86,11.6,12.3,0.10,0.00,0.00,51,100,100,48,26,14.2,225,218,27.5,29.9,0,0.00,1012.5,998.4
2024-10-01T03:00,13.9,0.10,85,11.5,12.3,0.10,0.00,0.00,51,100,100,48,34,14.1,228,223,26.9,29.5,0,0.00,1012.6,998.5
2024-10-01T04:00,13.7,0.10,88,11.7,12.1,0.10,0.00,0.00,51,100,98,66,26,15.0,228,224,27.4,30.6,0,0.00,1012.6,998.5
2024-10-01T05:00,13.0,0.00,91,11.5,11.3,0.00,0.00,0.00,3,99,97,45,15,14.6,224,218,27.4,31.0,0,0.00,1012.6,998.5
2024-10-01T06:00,12.7,0.10,92,11.4,11.1,0.10,0.00,0.00,51,100,100,93,65,13.9,227,226,26.9,29.9,0,0.00,1012.8,998.6
2024-10-01T07:00,12.7,0.40,91,11.3,10.9,0.40,0.00,0.00,51,100,100,44,35,15.4,222,217,27.8,31.3,1,0.00,1012.9,998.7
2024-10-01T08:00,13.1,0.00,90,11.5,11.1,0.00,0.00,0.00,3,100,100,53,30,17.1,224,222,27.9,33.5,1,2054.34,1013.0,998.9
2024-10-01T09:00,13.7,0.00,88,11.7,11.8,0.00,0.00,0.00,3,100,100,41,26,16.8,226,223,27.4,37.4,1,1057.53,1013.0,998.9
2024-10-01T10:00,14.8,0.00,82,11.8,12.8,0.00,0.00,0.00,3,99,98,17,23,17.7,230,228,26.6,39.2,1,3600.00,1012.8,998.7
2024-10-01T11:00,15.6,0.00,75,11.3,13.1,0.00,0.00,0.00,3,100,100,10,20,19.8,230,229,29.0,45.0,1,3600.00,1012.4,998.4
2024-10-01T12:00,16.3,0.00,70,10.7,13.8,0.00,0.00,0.00,3,100,100,4,13,18.5,233,232,26.7,43.2,1,3600.00,1011.9,997.9
2024-10-01T13:00,16.8,0.10,66,10.5,14.2,0.10,0.00,0.00,51,100,100,9,9,18.5,237,237,26.7,40.7,1,3600.00,1011.4,997.5
2024-10-01T14:00,16.9,0.00,62,9.5,14.6,0.00,0.00,0.00,2,56,47,16,2,14.7,237,235,21.3,37.4,1,3600.00,1011.2,997.3
2024-10-01T15:00,17.3,0.00,59,9.1,14.9,0.00,0.00,0.00,2,74,60,2,34,14.5,239,239,20.7,32.4,1,3600.00,1010.6,996.7
2024-10-01T16:00,17.1,0.00,59,9.0,14.9,0.00,0.00,0.00,3,100,100,23,60,13.1,239,237,20.2,33.8,1,3600.00,1010.1,996.2
2024-10-01T17:00,16.1,0.00,66,9.8,14.6,0.00,0.00,0.00,3,100,100,2,31,9.8,216,211,18.3,28.1,1,2589.42,1009.7,995.7
2024-10-01T18:00,14.6,0.00,74,10.0,13.7,0.00,0.00,0.00,3,100,100,3,27,6.2,219,206,16.0,20.9,1,0.00,1009.5,995.5
2024-10-01T19:00,13.1,0.00,83,10.2,12.4,0.00,0.00,0.00,3,100,100,3,34,5.1,221,176,9.8,12.2,0,0.00,1009.1,995.0
2024-10-01T20:00,12.5,0.00,85,10.1,12.0,0.00,0.00,0.00,3,93,84,53,5,4.0,185,129,6.7,8.3,0,0.00,1008.6,994.5
2024-10-01T21:00,12.8,0.00,85,10.4,12.5,0.00,0.00,0.00,3,100,39,100,43,2.9,144,94,4.0,7.2,0,0.00,1007.9,993.8
2024-10-01T22:00,13.1,0.10,84,10.5,12.6,0.10,0.00,0.00,51,100,100,100,100,5.0,166,131,8.9,9.0,0,0.00,1007.9,993.8
2024-10-01T23:00,13.1,0.80,91,11.7,13.0,0.80,0.00,0.00,53,100,0,100,100,4.2,131,102,8.3,10.4,0,0.00,1007.1,993.0
2024-10-02T00:00,12.9,0.50,95,12.1,13.3,0.50,0.00,0.00,53,100,0,100,100,1.9,110,68,4.2,8.3,0,0.00,1007.1,993.0
2024-10-02T01:00,12.8,1.00,94,11.8,12.6,1.00,0.00,0.00,55,100,0,100,100,5.1,14,17,8.0,9.7,0,0.00,1006.7,992.6
2024-10-02T02:00,12.1,0.30,93,11.0,11.2,0.30,0.00,0.00,51,100,0,90,100,8.5,350,348,17.4,16.6,0,0.00,1006.2,992.1
2024-10-02T03:00,12.0,0.50,94,11.1,11.1,0.50,0.00,0.00,53,100,0,100,100,8.3,344,336,16.5,16.9,0,0.00,1006.3,992.2
2024-10-02T04:00,11.8,1.50,95,11.0,10.7,1.50,0.00,0.00,61,100,0,100,100,9.1,337,328,17.0,18.0,0,0.00,1006.4,992.3
2024-10-02T05:00,11.6,0.60,94,10.7,10.4,0.60,0.00,0.00,53,100,0,100,100,10.1,350,341,19.4,20.5,0,0.00,1006.6,992.5
2024-10-02T06:00,11.5,0.10,93,10.4,10.1,0.10,0.00,0.00,51,100,10,100,100,10.1,335,319,18.3,20.5,0,0.00,1007.1,993.0
2024-10-02T07:00,11.0,3.20,95,10.3,9.5,3.20,0.00,0.00,63,100,95,98,2,10.7,325,320,19.9,22.0,1,0.00,1007.8,993.6
2024-10-02T08:00,11.1,0.40,96,10.4,10.0,0.40,0.00,0.00,51,100,94,100,0,8.4,325,310,18.2,21.6,1,0.00,1008.6,994.4
2024-10-02T09:00,11.8,0.10,93,10.7,11.4,0.10,0.00,0.00,51,100,100,98,10,4.2,279,263,6.9,17.3,1,0.00,1009.4,995.2
2024-10-02T10:00,12.6,0.10,88,10.6,12.1,0.10,0.00,0.00,51,86,69,42,35,5.1,264,262,6.9,13.7,1,876.26,1010.0,995.9
2024-10-02T11:00,13.7,0.00,83,10.8,12.9,0.00,0.00,0.00,1,46,0,33,28,6.8,253,252,9.2,20.9,1,3600.00,1010.3,996.2
2024-10-02T12:00,15.0,0.10,76,10.8,14.2,0.10,0.00,0.00,51,14,1,10,4,7.3,239,237,9.7,22.0,1,3600.00,1010.2,996.2
2024-10-02T13:00,15.9,0.10,70,10.5,14.9,0.10,0.00,0.00,51,23,2,15,10,7.3,254,254,9.7,22.0,1,3600.00,1010.1,996.1
2024-10-02T14:00,15.0,0.00,75,10.7,14.0,0.00,0.00,0.00,3,95,0,15,94,8.6,220,217,11.2,23.8,1,3600.00,1010.6,996.6
2024-10-02T15:00,15.1,0.10,74,10.4,13.9,0.10,0.00,0.00,51,86,0,28,81,8.6,219,216,11.6,22.7,1,3600.00,1010.5,996.5
2024-10-02T16:00,14.6,0.00,76,10.5,13.8,0.00,0.00,0.00,1,39,0,27,23,6.6,199,197,8.9,21.2,1,1406.76,1010.6,996.6
2024-10-02T17:00,13.8,0.50,79,10.2,12.8,0.50,0.00,0.00,53,64,0,39,48,7.3,230,228,12.7,18.0,1,3600.00,1010.8,996.7
2024-10-02T18:00,12.9,0.00,84,10.2,12.4,0.00,0.00,0.00,1,39,0,21,31,4.3,239,246,6.3,14.8,1,944.35,1011.3,997.2
2024-10-02T19:00,12.7,0.00,84,10.1,12.1,0.00,0.00,0.00,1,24,0,23,7,4.1,224,167,6.2,6.5,0,0.00,1011.8,997.6
2024-10-02T20:00,10.7,0.00,91,9.3,10.0,0.00,0.00,0.00,0,12,0,12,1,3.6,196,117,3.9,5.4,0,0.00,1011.9,997.7
2024-10-02T21:00,9.7,0.00,93,8.7,8.9,0.00,0.00,0.00,1,27,0,23,23,3.4,99,87,1.1,5.0,0,0.00,1012.4,998.1
2024-10-02T22:00,9.2,0.00,95,8.5,8.1,0.00,0.00,0.00,3,98,0,97,19,4.7,35,72,6.6,7.6,0,0.00,1012.7,998.4
2024-10-02T23:00,9.2,0.00,95,8.4,8.0,0.00,0.00,0.00,3,100,0,100,18,5.0,17,49,11.3,9.0,0,0.00,1012.8,998.5
2024-10-03T00:00,9.9,0.00,92,8.7,8.6,0.00,0.00,0.00,2,52,0,51,7,6.5,15,19,17.0,13.0,0,0.00,1012.8,998.5
2024-10-03T01:00,9.8,0.00,93,8.7,8.6,0.00,0.00,0.00,1,37,0,33,6,6.2,25,22,17.1,14.0,0,0.00,1012.8,998.5
2024-10-03T02:00,11.1,0.30,93,10.0,10.1,0.30,0.00,0.00,51,98,0,58,96,6.7,41,38,15.8,13.3,0,0.00,1013.0,998.8
2024-10-03T03:00,11.5,0.30,91,10.1,10.4,0.30,0.00,0.00,51,34,0,23,17,7.3,51,42,16.4,16.6,0,0.00,1012.8,998.6
2024-10-03T04:00,10.6,0.00,92,9.4,9.5,0.00,0.00,0.00,1,41,0,21,38,6.3,37,24,16.1,14.4,0,0.00,1012.7,998.4
2024-10-03T05:00,10.3,0.00,92,9.1,8.7,0.00,0.00,0.00,1,42,0,26,40,9.4,27,18,19.7,18.7,0,0.00,1013.1,998.8
2024-10-03T06:00,9.6,0.10,92,8.3,7.6,0.10,0.00,0.00,51,87,0,58,73,10.3,35,29,20.8,20.9,0,0.00,1013.6,999.3
2024-10-03T07:00,9.4,0.10,90,7.9,7.5,0.10,0.00,0.00,51,98,0,98,91,9.1,40,30,17.9,21.2,1,0.00,1014.1,999.8
2024-10-03T08:00,9.9,0.10,87,7.8,8.3,0.10,0.00,0.00,51,100,0,100,91,7.3,33,20,12.1,18.4,1,1496.10,1014.5,1000.2
2024-10-03T09:00,10.7,0.00,83,7.9,8.6,0.00,0.00,0.00,3,100,0,100,100,11.1,48,47,16.7,22.0,1,0.00,1015.1,1000.8
2024-10-03T10:00,11.6,0.00,76,7.6,9.1,0.00,0.00,0.00,3,100,0,100,100,12.9,54,53,19.2,25.6,1,0.00,1015.0,1000.8
2024-10-03T11:00,12.4,0.10,72,7.5,9.7,0.10,0.00,0.00,51,100,0,89,100,13.8,51,50,20.7,28.8,1,0.00,1015.1,1000.9
2024-10-03T12:00,13.0,0.00,68,7.3,10.1,0.00,0.00,0.00,3,99,0,97,67,15.4,50,49,22.5,32.0,1,0.00,1015.0,1000.8
2024-10-03T13:00,13.6,0.00,66,7.3,10.8,0.00,0.00,0.00,2,77,0,64,36,14.4,48,48,20.9,32.0,1,0.00,1014.9,1000.7
2024-10-03T14:00,14.0,0.10,63,7.2,11.2,0.10,0.00,0.00,51,51,0,41,16,14.1,37,35,19.9,30.2,1,3600.00,1015.1,1001.0
2024-10-03T15:00,13.6,0.00,66,7.4,10.8,0.00,0.00,0.00,2,78,45,50,33,14.8,37,36,21.6,33.5,1,3600.00,1015.1,1000.9
2024-10-03T16:00,13.5,0.00,64,6.8,10.7,0.00,0.00,0.00,2,52,4,32,37,13.8,29,27,21.2,31.3,1,3600.00,1015.0,1000.8
2024-10-03T17:00,12.8,0.00,66,6.7,9.9,0.00,0.00,0.00,3,91,0,90,27,14.3,31,28,24.3,28.8,1,3600.00,1015.5,1001.3
2024-10-03T18:00,11.7,0.00,72,6.9,8.8,0.00,0.00,0.00,3,91,0,91,14,13.9,28,23,24.6,29.5,0,0.00,1016.0,1001.7
2024-10-03T19:00,11.3,0.00,75,7.0,8.7,0.00,0.00,0.00,2,67,0,66,13,12.9,27,23,23.5,28.8,0,0.00,1016.3,1002.0
2024-10-03T20:00,11.0,0.00,75,6.8,8.3,0.00,0.00,0.00,1,37,0,35,8,12.9,24,18,24.0,26.3,0,0.00,1016.5,1002.2
2024-10-03T21:00,10.4,0.00,77,6.5,7.7,0.00,0.00,0.00,1,34,0,33,3,12.0,24,17,23.0,26.3,0,0.00,1016.8,1002.5
2024-10-03T22:00,9.5,0.00,81,6.4,7.0,0.00,0.00,0.00,1,35,0,35,0,10.7,20,12,21.7,24.1,0,0.00,1016.9,1002.5
2024-10-03T23:00,8.9,0.00,84,6.4,6.6,0.00,0.00,0.00,1,33,0,33,0,9.9,21,9,20.8,21.6,0,0.00,1017.0,1002.6
2024-10-04T00:00,8.3,0.00,88,6.4,6.1,0.00,0.00,0.00,1,33,0,30,14,9.0,23,10,20.0,20.2,0,0.00,1017.1,1002.7
2024-10-04T01:00,8.1,0.00,90,6.5,6.0,0.00,0.00,0.00,2,50,0,23,43,8.2,25,10,18.9,18.4,0,0.00,1017.1,1002.6
2024-10-04T02:00,9.0,0.00,87,6.9,6.4,0.00,0.00,0.00,1,27,0,22,13,12.3,21,10,24.4,24.1,0,0.00,1016.9,1002.5
2024-10-04T03:00,9.0,0.00,87,7.0,6.5,0.00,0.00,0.00,1,32,0,30,13,12.0,23,16,24.1,25.2,0,0.00,1016.9,1002.5
2024-10-04T04:00,8.7,0.00,90,7.1,6.5,0.00,0.00,0.00,3,82,0,81,18,9.6,28,17,21.5,24.1,0,0.00,1016.8,1002.4
2024-10-04T05:00,9.0,0.00,88,7.1,6.9,0.00,0.00,0.00,1,26,0,18,10,9.7,28,15,20.6,20.5,0,0.00,1016.9,1002.5
2024-10-04T06:00,8.7,0.00,90,7.2,6.5,0.00,0.00,0.00,1,25,0,15,20,9.7,15,359,20.9,20.2,0,0.00,1017.1,1002.7
2024-10-04T07:00,8.7,0.00,91,7.3,6.7,0.00,0.00,0.00,2,62,0,57,25,9.2,6,349,19.7,20.2,1,0.00,1017.5,1003.1
2024-10-04T08:00,10.6,0.00,83,7.9,8.3,0.00,0.00,0.00,2,74,0,56,46,11.9,17,10,18.6,25.2,1,3062.93,1017.8,1003.5
2024-10-04T09:00,11.8,0.00,78,8.0,8.9,0.00,0.00,0.00,2,70,0,56,44,16.7,28,26,24.8,34.6,1,3600.00,1018.1,1003.8
2024-10-04T10:00,12.7,0.00,73,8.0,9.8,0.00,0.00,0.00,3,83,0,73,36,16.2,35,34,23.8,37.1,1,2339.07,1018.1,1003.9
2024-10-04T11:00,13.9,0.00,67,7.9,11.2,0.00,0.00,0.00,2,74,16,57,33,14.5,34,31,20.8,37.4,1,3600.00,1018.1,1003.9
2024-10-04T12:00,13.5,0.10,67,7.5,10.5,0.10,0.00,0.00,51,67,3,52,45,16.3,33,33,23.4,34.9,1,3600.00,1017.8,1003.6
2024-10-04T13:00,14.4,0.10,62,7.1,11.6,0.10,0.00,0.00,51,92,9,88,44,13.8,34,32,20.1,34.9,1,3600.00,1017.7,1003.5
2024-10-04T14:00,13.9,0.00,66,7.7,11.4,0.00,0.00,0.00,3,98,77,91,38,12.5,34,32,18.1,30.2,1,3600.00,1018.1,1003.9
2024-10-04T15:00,13.8,0.00,69,8.2,11.8,0.00,0.00,0.00,3,100,100,52,35,10.5,24,20,15.6,29.2,1,160.12,1018.0,1003.8
2024-10-04T16:00,14.0,0.00,66,7.9,11.7,0.00,0.00,0.00,3,99,99,47,32,11.8,30,27,17.2,29.9,1,3003.20,1018.0,1003.8
2024-10-04T17:00,12.6,0.20,74,8.1,10.5,0.20,0.00,0.00,51,98,91,80,12,11.4,32,27,20.8,28.1,1,1727.20,1018.5,1004.3
2024-10-04T18:00,11.8,0.00,77,7.9,9.7,0.00,0.00,0.00,3,100,100,84,37,10.1,27,22,19.8,23.0,0,0.00,1019.0,1004.7
2024-10-04T19:00,11.3,0.00,80,8.0,9.4,0.00,0.00,0.00,3,100,36,100,4,9.2,30,23,19.3,20.5,0,0.00,1019.4,1005.1
2024-10-04T20:00,11.0,0.00,82,8.1,9.5,0.00,0.00,0.00,3,99,0,99,20,6.6,29,21,15.8,18.7,0,0.00,1019.6,1005.3
2024-10-04T21:00,10.5,0.00,84,7.9,8.9,0.00,0.00,0.00,3,92,0,91,23,6.7,28,16,16.3,14.0,0,0.00,1019.9,1005.5
2024-10-04T22:00,10.4,0.00,82,7.5,8.7,0.00,0.00,0.00,3,86,0,85,27,6.9,31,20,16.0,14.4,0,0.00,1020.0,1005.6
2024-10-04T23:00,10.0,0.00,83,7.2,8.3,0.00,0.00,0.00,3,85,0,84,28,6.3,32,18,15.0,14.0,0,0.00,1019.9,1005.5
2024-10-05T00:00,9.5,0.00,84,7.0,7.8,0.00,0.00,0.00,3,83,2,82,28,6.5,34,23,15.4,13.0,0,0.00,1019.6,1005.2
2024-10-05T01:00,8.9,0.00,87,6.8,7.2,0.00,0.00,0.00,3,90,2,89,26,5.8,35,22,15.2,13.3,0,0.00,1019.5,1005.1
2024-10-05T02:00,8.9,0.00,89,7.1,7.5,0.00,0.00,0.00,3,99,44,99,32,4.5,40,23,13.8,13.3,0,0.00,1019.6,1005.1
2024-10-05T03:00,9.0,0.00,88,7.1,7.6,0.00,0.00,0.00,3,89,44,82,28,4.5,23,346,11.4,10.1,0,0.00,1019.3,1004.9
2024-10-05T04:00,8.0,0.00,93,6.9,6.4,0.00,0.00,0.00,3,84,55,58,31,5.4,12,345,12.5,10.8,0,0.00,1019.2,1004.7
2024-10-05T05:00,8.2,0.00,91,6.8,6.5,0.00,0.00,0.00,3,90,19,85,26,5.5,13,349,12.6,11.9,0,0.00,1019.3,1004.8
2024-10-05T06:00,8.0,0.00,91,6.6,6.5,0.00,0.00,0.00,1,28,0,6,28,4.2,20,353,11.3,11.2,0,0.00,1019.1,1004.6
2024-10-05T07:00,7.0,0.00,95,6.2,5.5,0.00,0.00,0.00,1,43,0,3,42,3.8,26,355,10.8,8.6,1,0.00,1019.3,1004.8
2024-10-05T08:00,8.8,0.00,88,7.0,7.5,0.00,0.00,0.00,3,100,0,3,100,3.6,29,327,9.9,10.1,1,3427.93,1019.6,1005.1
2024-10-05T09:00,10.4,0.00,83,7.7,9.2,0.00,0.00,0.00,3,100,3,3,100,3.5,350,325,4.9,11.5,1,3600.00,1019.5,1005.1
2024-10-05T10:00,11.8,0.00,80,8.5,10.9,0.00,0.00,0.00,2,50,2,32,29,3.9,334,323,5.0,13.3,1,3600.00,1019.2,1004.9
2024-10-05T11:00,13.2,0.00,77,9.3,12.4,0.00,0.00,0.00,3,97,1,34,96,4.0,14,10,5.4,17.6,1,3600.00,1018.8,1004.6
2024-10-05T12:00,13.6,0.10,74,9.0,12.6,0.10,0.00,0.00,51,91,0,40,87,4.8,58,59,6.8,17.6,1,3600.00,1018.2,1004.0
2024-10-05T13:00,14.3,0.00,68,8.6,13.3,0.00,0.00,0.00,2,51,0,44,16,4.2,57,54,6.0,16.9,1,3600.00,1017.5,1003.3
2024-10-05T14:00,14.5,0.10,62,7.2,12.8,0.10,0.00,0.00,51,66,0,48,48,6.8,65,65,9.3,17.3,1,3600.00,1017.5,1003.4
2024-10-05T15:00,14.7,0.00,58,6.6,13.1,0.00,0.00,0.00,3,100,0,54,99,5.4,57,53,7.5,16.6,1,3600.00,1017.0,1002.9
2024-10-05T16:00,14.5,0.00,59,6.6,12.9,0.00,0.00,0.00,3,100,0,68,99,4.7,46,40,7.3,12.6,1,1989.29,1016.6,1002.5
2024-10-05T17:00,13.6,0.00,67,7.5,12.3,0.00,0.00,0.00,2,69,0,30,63,4.8,42,29,10.8,10.4,1,1268.26,1016.3,1002.1
2024-10-05T18:00,12.2,0.00,70,6.9,10.3,0.00,0.00,0.00,1,21,0,2,19,7.0,62,50,16.3,13.7,0,303.65,1016.3,1002.1
2024-10-05T19:00,10.7,0.00,76,6.6,8.7,0.00,0.00,0.00,0,2,0,2,0,7.9,83,74,18.9,15.5,0,0.00,1016.5,1002.2
2024-10-05T20:00,9.9,0.00,79,6.5,7.7,0.00,0.00,0.00,0,6,0,1,5,8.5,90,85,20.9,16.9,0,0.00,1016.4,1002.0
2024-10-05T21:00,9.3,0.00,82,6.4,7.1,0.00,0.00,0.00,0,3,0,2,1,9.2,95,90,22.2,18.0,0,0.00,1016.3,1001.9
2024-10-05T22:00,8.9,0.00,83,6.2,6.6,0.00,0.00,0.00,0,0,0,0,0,9.4,103,98,22.6,18.7,0,0.00,1016.1,1001.7
2024-10-05T23:00,8.5,0.00,85,6.1,6.0,0.00,0.00,0.00,0,0,0,0,0,10.1,103,94,23.3,20.2,0,0.00,1015.6,1001.2
2024-10-06T00:00,8.2,0.00,85,5.9,5.7,0.00,0.00,0.00,0,0,0,0,0,10.1,99,93,23.7,20.5,0,0.00,1015.0,1000.6
2024-10-06T01:00,7.9,0.00,87,5.8,5.3,0.00,0.00,0.00,0,0,0,0,0,10.3,101,96,23.6,20.2,0,0.00,1014.5,1000.1
2024-10-06T02:00,8.1,0.00,86,5.9,5.3,0.00,0.00,0.00,0,0,0,0,0,11.8,103,102,25.7,24.5,0,0.00,1013.9,999.5
2024-10-06T03:00,7.6,0.00,88,5.8,4.9,0.00,0.00,0.00,0,0,0,0,0,11.3,105,103,24.9,23.4,0,0.00,1013.3,998.9
2024-10-06T04:00,7.4,0.00,90,5.8,4.7,0.00,0.00,0.00,1,33,33,0,0,10.9,105,103,24.5,22.3,0,0.00,1013.1,998.7
2024-10-06T05:00,7.2,0.00,91,5.9,4.4,0.00,0.00,0.00,1,25,25,0,0,12.4,104,100,26.5,24.1,0,0.00,1012.9,998.5
2024-10-06T06:00,7.3,0.00,91,5.9,4.2,0.00,0.00,0.00,0,6,6,0,0,14.6,103,99,29.7,28.4,0,0.00,1012.3,997.9
2024-10-06T07:00,7.4,0.00,90,5.9,4.3,0.00,0.00,0.00,0,0,0,0,0,14.2,108,106,28.6,29.2,1,0.00,1012.2,997.8
2024-10-06T08:00,8.9,0.00,85,6.6,6.2,0.00,0.00,0.00,3,97,97,0,0,12.1,112,108,30.5,28.1,1,3333.46,1012.4,998.1
2024-10-06T09:00,10.5,0.00,79,7.1,7.7,0.00,0.00,0.00,3,99,99,0,0,14.4,114,113,22.6,31.0,1,3600.00,1012.1,997.8
2024-10-06T10:00,11.9,0.00,75,7.7,9.3,0.00,0.00,0.00,3,100,100,0,0,13.7,117,117,19.8,31.3,1,3600.00,1011.5,997.3
2024-10-06T11:00,13.5,0.00,71,8.3,11.2,0.00,0.00,0.00,3,100,100,0,1,13.1,123,122,18.6,30.6,1,3600.00,1011.0,996.9
2024-10-06T12:00,14.4,0.00,68,8.6,12.2,0.00,0.00,0.00,3,100,100,0,0,12.4,125,124,17.4,29.9,1,3600.00,1010.4,996.4
2024-10-06T13:00,14.9,0.00,67,8.7,12.9,0.00,0.00,0.00,3,100,100,0,0,10.9,134,134,15.4,28.4,1,2022.15,1010.0,996.0
2024-10-06T14:00,15.0,0.00,63,7.9,12.8,0.00,0.00,0.00,3,91,90,0,5,11.3,135,134,15.5,27.4,1,3600.00,1009.5,995.5
2024-10-06T15:00,15.4,0.00,62,8.1,13.3,0.00,0.00,0.00,3,91,90,24,0,10.8,136,134,15.3,25.9,1,3600.00,1008.9,994.9
2024-10-06T16:00,15.3,0.00,63,8.2,13.4,0.00,0.00,0.00,3,100,100,98,0,9.4,137,133,14.3,24.5,1,3600.00,1008.6,994.6
2024-10-06T17:00,14.3,0.00,67,8.2,12.2,0.00,0.00,0.00,3,99,8,99,0,11.1,119,115,20.9,22.3,1,0.00,1007.9,993.9
2024-10-06T18:00,13.6,0.00,67,7.6,11.3,0.00,0.00,0.00,3,100,0,100,0,11.7,120,117,23.8,24.8,0,0.00,1007.8,993.8
2024-10-06T19:00,13.3,0.00,68,7.5,11.2,0.00,0.00,0.00,1,33,0,31,3,10.3,127,117,22.4,23.0,0,0.00,1007.9,993.8
2024-10-06T20:00,12.4,0.00,73,7.7,10.2,0.00,0.00,0.00,0,10,0,4,7,11.1,141,124,24.6,22.0,0,0.00,1007.6,993.5
2024-10-06T21:00,12.2,0.00,76,8.0,10.2,0.00,0.00,0.00,3,99,0,35,98,9.7,153,129,20.7,21.6,0,0.00,1007.7,993.6
2024-10-06T22:00,12.8,0.00,74,8.3,11.1,0.00,0.00,0.00,3,91,0,55,83,8.2,157,126,16.2,19.8,0,0.00,1007.6,993.5
2024-10-06T23:00,12.3,0.00,77,8.5,10.7,0.00,0.00,0.00,3,100,0,100,100,8.4,161,130,16.8,16.9,0,0.00,1007.6,993.5
2024-10-07T00:00,12.8,0.30,78,9.1,11.2,0.30,0.00,0.00,51,94,0,91,71,9.3,171,137,17.7,17.6,0,0.00,1007.1,993.0
2024-10-07T01:00,12.9,0.00,80,9.6,11.7,0.00,0.00,0.00,2,76,29,61,25,7.4,167,131,15.7,19.4,0,0.00,1006.9,992.8
2024-10-07T02:00,12.1,1.00,92,10.9,11.1,1.00,0.00,0.00,55,76,2,59,41,8.8,192,160,19.2,18.4,0,0.00,1006.8,992.7
2024-10-07T03:00,12.1,0.00,93,11.0,11.3,0.00,0.00,0.00,2,59,0,8,57,7.8,191,157,18.4,19.1,0,0.00,1006.4,992.3
2024-10-07T04:00,12.6,0.00,92,11.4,11.7,0.00,0.00,0.00,1,36,3,2,32,8.9,186,153,18.6,18.0,0,0.00,1006.3,992.2
2024-10-07T05:00,12.2,0.00,93,11.1,11.5,0.00,0.00,0.00,1,25,1,7,19,7.0,186,140,16.3,18.0,0,0.00,1006.2,992.1
2024-10-07T06:00,12.2,0.00,94,11.2,11.6,0.00,0.00,0.00,3,100,3,22,100,6.1,189,140,15.7,16.2,0,0.00,1006.1,992.0
2024-10-07T07:00,12.9,1.00,93,11.7,12.2,1.00,0.00,0.00,55,74,7,54,45,7.9,203,164,18.1,16.2,1,0.00,1006.3,992.2
2024-10-07T08:00,14.0,0.10,91,12.6,13.7,0.10,0.00,0.00,51,59,3,54,10,7.6,212,180,15.3,18.4,1,1726.32,1006.9,992.9
2024-10-07T09:00,15.2,0.00,91,13.7,15.4,0.00,0.00,0.00,2,74,0,73,11,6.2,201,154,14.6,16.2,1,3600.00,1006.9,992.9
2024-10-07T10:00,16.5,0.00,88,14.4,16.8,0.00,0.00,0.00,3,87,2,70,78,7.5,171,159,10.9,18.7,1,3600.00,1006.9,993.0
2024-10-07T11:00,17.5,0.00,83,14.6,17.7,0.00,0.00,0.00,3,100,7,50,100,8.9,188,186,12.5,20.9,1,3186.04,1007.2,993.3
2024-10-07T12:00,17.7,0.00,82,14.5,17.8,0.00,0.00,0.00,3,100,100,71,97,8.9,203,199,13.1,23.0,1,1640.62,1007.1,993.3
2024-10-07T13:00,18.5,0.20,79,14.8,18.6,0.20,0.00,0.00,51,100,100,51,67,10.3,197,193,15.0,24.8,1,2006.77,1006.7,992.9
2024-10-07T14:00,17.2,0.00,85,14.7,17.4,0.00,0.00,0.00,3,100,96,71,100,9.1,198,197,13.6,24.1,1,0.00,1006.5,992.6
2024-10-07T15:00,17.8,0.00,82,14.6,18.2,0.00,0.00,0.00,3,100,100,32,100,7.6,216,216,10.7,19.8,1,0.00,1006.1,992.3
2024-10-07T16:00,18.1,0.00,79,14.5,18.7,0.00,0.00,0.00,3,100,100,100,11,6.3,196,193,9.9,21.6,1,1336.92,1005.9,992.1
2024-10-07T17:00,16.5,2.50,91,15.0,17.4,2.50,0.00,0.00,63,100,100,100,6,5.1,176,153,11.5,13.3,1,0.00,1005.5,991.6
2024-10-07T18:00,16.0,3.80,93,14.8,16.5,3.80,0.00,0.00,63,100,100,100,7,7.4,148,131,16.8,26.6,0,0.00,1005.4,991.5
2024-10-07T19:00,16.0,1.40,93,14.8,15.9,1.40,0.00,0.00,61,100,100,86,83,11.5,150,139,24.4,23.4,0,0.00,1005.8,991.9
2024-10-07T20:00,16.3,0.20,93,15.1,16.3,0.20,0.00,0.00,51,100,100,95,18,11.3,140,127,23.6,25.9,0,0.00,1005.2,991.3
2024-10-07T21:00,16.2,1.40,94,15.3,16.3,1.40,0.00,0.00,61,100,100,97,13,11.4,139,125,22.3,33.8,0,0.00,1005.3,991.4
2024-10-07T22:00,16.3,1.60,94,15.3,16.5,1.60,0.00,0.00,61,100,100,100,72,10.7,145,136,23.0,37.1,0,0.00,1005.3,991.4
2024-10-07T23:00,16.4,2.20,94,15.4,15.9,2.20,0.00,0.00,61,100,100,99,10,15.8,144,137,30.7,36.7,0,0.00,1005.0,991.1
2024-10-08T00:00,16.5,3.40,93,15.3,15.9,3.40,0.00,0.00,63,100,100,100,23,15.7,154,144,29.7,33.8,0,0.00,1005.1,991.2
2024-10-08T01:00,16.5,3.90,93,15.3,16.3,3.90,0.00,0.00,63,100,100,100,9,13.7,144,128,26.8,37.4,0,0.00,1004.2,990.3
2024-10-08T02:00,16.5,0.50,91,15.1,16.7,0.50,0.00,0.00,53,100,100,84,63,10.2,176,170,22.5,30.2,0,0.00,1003.6,989.7
2024-10-08T03:00,16.4,0.20,91,14.9,16.4,0.20,0.00,0.00,51,100,100,78,5,10.9,204,193,22.7,24.5,0,0.00,1003.4,989.5
2024-10-08T04:00,15.9,0.00,91,14.4,15.8,0.00,0.00,0.00,3,100,99,100,0,10.1,204,192,22.5,22.7,0,0.00,1002.8,988.9
2024-10-08T05:00,15.6,0.20,92,14.2,16.1,0.20,0.00,0.00,51,100,100,99,0,6.0,200,173,15.5,21.2,0,0.00,1002.3,988.4
2024-10-08T06:00,15.5,0.00,90,13.8,15.3,0.00,0.00,0.00,3,100,100,100,0,10.2,214,203,21.4,23.8,0,0.00,1003.6,989.7
2024-10-08T07:00,15.2,0.50,91,13.8,15.4,0.50,0.00,0.00,53,100,100,100,13,6.9,200,175,16.5,20.9,1,0.00,1003.5,989.6
2024-10-08T08:00,15.3,0.20,93,14.1,15.7,0.20,0.00,0.00,51,100,100,100,7,6.5,218,193,15.9,14.8,1,0.00,1003.7,989.8
2024-10-08T09:00,15.3,0.50,94,14.4,15.9,0.50,0.00,0.00,53,100,100,100,2,5.6,205,165,13.5,14.4,1,0.00,1003.5,989.6
2024-10-08T10:00,15.6,1.00,94,14.7,16.1,1.00,0.00,0.00,55,100,100,100,2,7.7,188,164,15.3,15.5,1,0.00,1003.5,989.6
2024-10-08T11:00,15.5,2.30,95,14.7,16.2,2.30,0.00,0.00,61,100,100,100,0,5.4,196,159,12.8,15.8,1,0.00,1003.2,989.3
2024-10-08T12:00,16.1,1.50,94,15.1,16.9,1.50,0.00,0.00,61,100,100,100,0,5.7,218,208,15.1,15.1,1,0.00,1003.1,989.2
2024-10-08T13:00,16.1,1.70,95,15.3,17.0,1.70,0.00,0.00,61,100,100,100,0,5.7,239,233,14.3,12.2,1,0.00,1002.7,988.8
2024-10-08T14:00,15.4,2.80,94,14.4,15.7,2.80,0.00,0.00,63,100,100,100,0,7.7,247,252,15.1,22.7,1,0.00,1003.0,989.1
2024-10-08T15:00,15.2,2.70,94,14.3,15.4,2.70,0.00,0.00,63,100,100,100,3,7.8,233,230,15.7,17.3,1,0.00,1003.7,989.8
2024-10-08T16:00,15.0,2.00,95,14.2,15.3,2.00,0.00,0.00,61,100,100,100,0,7.2,217,208,14.4,16.2,1,0.00,1003.5,989.6
2024-10-08T17:00,14.7,0.40,96,14.0,14.6,0.40,0.00,0.00,51,100,100,100,1,9.3,207,195,17.7,18.7,1,0.00,1003.6,989.7
2024-10-08T18:00,14.2,0.00,96,13.5,13.8,0.00,0.00,0.00,3,100,100,27,1,10.1,216,211,20.4,20.9,0,0.00,1004.1,990.1
2024-10-08T19:00,13.5,0.00,95,12.7,13.2,0.00,0.00,0.00,3,100,100,61,0,7.8,212,202,18.5,20.9,0,0.00,1003.9,989.9
2024-10-08T20:00,13.3,0.00,94,12.4,12.8,0.00,0.00,0.00,3,100,100,97,0,8.2,216,206,19.2,17.3,0,0.00,1003.9,989.9
2024-10-08T21:00,13.0,0.00,94,12.0,12.4,0.00,0.00,0.00,3,97,96,16,0,7.9,214,197,19.2,17.3,0,0.00,1004.0,990.0
2024-10-08T22:00,12.6,0.00,93,11.6,11.8,0.00,0.00,0.00,3,100,100,1,0,9.2,197,178,20.8,18.7,0,0.00,1004.2,990.2
2024-10-08T23:00,12.6,0.00,91,11.2,11.6,0.00,0.00,0.00,3,100,100,2,0,9.1,200,188,21.7,19.8,0,0.00,1004.1,990.1
2024-10-09T00:00,12.5,0.00,91,11.1,11.6,0.00,0.00,0.00,3,100,100,0,0,8.8,208,192,21.3,19.1,0,0.00,1003.9,989.9
2024-10-09T01:00,12.3,0.00,91,10.9,11.4,0.00,0.00,0.00,0,0,0,0,0,7.7,200,177,20.1,19.1,0,0.00,1003.2,989.1
2024-10-09T02:00,12.4,0.00,94,11.5,11.7,0.00,0.00,0.00,0,0,0,0,0,8.1,207,184,20.4,18.4,0,0.00,1003.2,989.2
2024-10-09T03:00,12.2,0.00,93,11.1,11.2,0.00,0.00,0.00,0,1,0,0,0,8.9,190,162,20.7,18.7,0,0.00,1002.6,988.6
2024-10-09T04:00,11.9,0.00,92,10.6,10.7,0.00,0.00,0.00,0,1,0,1,0,9.1,172,139,19.7,18.7,0,0.00,1001.8,987.7
2024-10-09T05:00,11.4,0.00,90,9.8,10.0,0.00,0.00,0.00,3,100,100,16,16,9.7,156,124,20.9,19.4,0,0.00,1001.2,987.1
2024-10-09T06:00,11.9,0.00,87,9.8,10.3,0.00,0.00,0.00,3,100,100,24,5,10.3,154,126,22.5,21.2,0,0.00,1000.3,986.3
2024-10-09T07:00,11.7,0.00,87,9.5,10.0,0.00,0.00,0.00,3,100,99,38,0,10.4,153,126,22.1,20.5,1,0.00,999.9,985.9
2024-10-09T08:00,12.8,0.00,84,10.1,11.2,0.00,0.00,0.00,3,96,89,83,0,11.0,147,125,21.0,22.0,1,1366.78,999.5,985.5
2024-10-09T09:00,14.1,0.00,85,11.6,12.9,0.00,0.00,0.00,3,100,95,98,0,11.4,142,116,22.3,21.6,1,1974.41,998.6,984.7
2024-10-09T10:00,15.5,0.00,79,12.0,14.8,0.00,0.00,0.00,3,100,95,100,0,9.4,155,120,24.7,21.6,1,282.49,997.6,983.8
2024-10-09T11:00,16.1,0.00,78,12.2,15.2,0.00,0.00,0.00,3,100,87,100,0,10.6,158,145,20.4,21.6,1,0.00,996.7,982.9
2024-10-09T12:00,16.6,0.10,72,11.6,15.0,0.10,0.00,0.00,51,100,100,100,1,14.4,147,138,26.2,29.2,1,0.00,995.5,981.8
2024-10-09T13:00,16.4,0.60,73,11.4,14.5,0.60,0.00,0.00,53,100,100,100,0,15.7,143,135,29.1,31.3,1,0.00,994.1,980.4
2024-10-09T14:00,15.8,0.60,82,12.8,14.0,0.60,0.00,0.00,53,100,100,100,20,18.2,141,131,33.0,39.2,1,0.00,993.6,979.9
2024-10-09T15:00,17.0,0.00,76,12.7,15.3,0.00,0.00,0.00,3,100,100,100,25,17.3,151,141,31.9,38.5,1,0.00,992.9,979.2
2024-10-09T16:00,17.0,0.40,77,12.9,15.8,0.40,0.00,0.00,51,100,100,100,13,14.8,162,153,27.4,34.6,1,0.00,992.2,978.5
2024-10-09T17:00,16.3,0.10,82,13.2,15.5,0.10,0.00,0.00,51,99,96,81,7,12.6,152,133,24.2,31.3,1,0.00,990.7,977.0
2024-10-09T18:00,16.3,0.00,78,12.5,14.9,0.00,0.00,0.00,3,100,100,75,0,14.4,132,120,29.8,27.7,0,0.00,989.1,975.4
2024-10-09T19:00,16.5,0.00,74,12.0,14.6,0.00,0.00,0.00,3,100,100,28,0,17.4,135,122,33.9,34.2,0,0.00,988.3,974.7
2024-10-09T20:00,16.2,0.00,73,11.4,14.2,0.00,0.00,0.00,3,100,100,49,0,16.1,147,132,31.7,34.2,0,0.00,987.6,974.0
2024-10-09T21:00,15.6,0.00,74,11.1,13.8,0.00,0.00,0.00,3,100,100,85,0,14.9,149,124,27.3,31.0,0,0.00,987.2,973.5
2024-10-09T22:00,16.6,0.00,67,10.4,14.4,0.00,0.00,0.00,3,100,100,100,0,16.1,159,139,30.8,31.7,0,0.00,986.5,972.9
2024-10-09T23:00,16.3,0.80,77,12.2,15.0,0.80,0.00,0.00,53,100,100,100,5,13.2,167,143,24.4,31.7,0,0.00,986.6,973.0
2024-10-10T00:00,14.9,3.80,85,12.5,13.3,3.80,0.00,0.00,63,100,99,100,94,16.3,158,147,31.4,32.8,0,0.00,986.8,973.1
2024-10-10T01:00,15.9,0.50,82,12.9,14.5,0.50,0.00,0.00,53,100,3,100,40,16.3,170,162,30.3,36.4,0,0.00,986.3,972.7
2024-10-10T02:00,18.7,0.10,75,14.3,15.3,0.10,0.00,0.00,51,97,85,79,6,33.2,210,209,55.7,68.8,0,0.00,985.6,972.1
2024-10-10T03:00,19.4,0.00,67,13.2,15.7,0.00,0.00,0.00,2,53,14,40,20,31.9,211,209,53.1,68.0,0,0.00,985.8,972.3
2024-10-10T04:00,18.0,0.10,75,13.5,14.3,0.10,0.00,0.00,51,99,14,66,98,33.0,219,218,53.9,66.2,0,0.00,986.7,973.2
2024-10-10T05:00,15.6,0.30,77,11.7,11.4,0.30,0.00,0.00,51,100,14,100,44,32.5,275,274,52.6,74.5,0,0.00,991.4,977.7
2024-10-10T06:00,14.5,0.00,77,10.5,11.1,0.00,0.00,0.00,3,98,6,97,24,24.1,258,254,39.4,66.2,0,0.00,994.6,980.8
2024-10-10T07:00,13.7,0.30,82,10.7,11.1,0.30,0.00,0.00,51,67,4,41,43,19.3,241,238,32.6,49.3,1,0.00,996.6,982.7
2024-10-10T08:00,13.7,0.10,84,11.1,11.1,0.10,0.00,0.00,51,96,86,8,72,20.1,242,241,33.1,42.8,1,1548.45,998.0,984.1
2024-10-10T09:00,14.2,0.20,83,11.3,11.2,0.20,0.00,0.00,51,91,88,5,25,22.7,252,252,35.3,45.0,1,1600.08,998.8,984.9
2024-10-10T10:00,15.1,0.30,77,11.1,11.9,0.30,0.00,0.00,51,87,81,12,27,24.2,260,261,36.0,50.0,1,3600.00,999.1,985.2
2024-10-10T11:00,16.0,0.00,72,10.9,13.4,0.00,0.00,0.00,1,43,13,13,29,19.3,253,252,28.4,52.2,1,3600.00,1000.1,986.3
2024-10-10T12:00,16.7,0.00,67,10.6,14.1,0.00,0.00,0.00,1,32,0,14,30,18.9,252,251,27.5,47.5,1,3600.00,1000.7,986.9
2024-10-10T13:00,17.0,0.00,66,10.5,14.3,0.00,0.00,0.00,3,100,0,69,99,19.4,257,257,28.2,46.1,1,3600.00,1001.0,987.2
2024-10-10T14:00,14.6,2.90,84,12.0,13.0,2.90,0.00,0.00,63,96,6,88,80,15.1,232,232,24.4,40.7,1,352.84,1002.2,988.3
2024-10-10T15:00,13.7,4.50,83,10.8,11.5,4.50,0.00,0.00,63,99,13,93,90,17.2,255,255,27.5,37.1,1,1137.72,1003.1,989.1
2024-10-10T16:00,13.3,3.90,91,11.8,12.4,3.90,0.00,0.00,63,100,11,100,85,10.4,277,272,18.3,33.8,1,0.00,1004.0,990.0
2024-10-10T17:00,13.2,0.60,92,11.9,12.4,0.60,0.00,0.00,53,93,22,87,40,9.8,248,240,17.1,21.2,1,0.00,1004.8,990.8
2024-10-10T18:00,12.7,0.60,95,11.9,12.7,0.60,0.00,0.00,53,66,12,45,36,4.0,259,265,12.1,20.9,0,0.00,1005.5,991.4
2024-10-10T19:00,11.9,4.30,95,11.1,11.5,4.30,0.00,0.00,63,89,26,63,69,5.1,286,287,11.4,12.6,0,0.00,1006.4,992.3
2024-10-10T20:00,11.9,0.30,93,10.8,11.8,0.30,0.00,0.00,51,100,100,41,68,2.5,254,210,6.7,10.1,0,0.00,1007.1,993.0
2024-10-10T21:00,11.6,0.10,95,10.8,10.8,0.10,0.00,0.00,51,100,83,65,100,6.8,222,209,13.1,12.6,0,0.00,1007.8,993.7
2024-10-10T22:00,11.4,0.20,96,10.8,10.5,0.20,0.00,0.00,51,100,33,89,100,8.0,228,230,15.3,15.8,0,0.00,1008.4,994.2
2024-10-10T23:00,11.1,0.90,96,10.5,9.6,0.90,0.00,0.00,53,100,42,94,97,11.5,231,229,21.1,23.0,0,0.00,1008.9,994.7
2024-10-11T00:00,11.1,0.60,97,10.6,9.2,0.60,0.00,0.00,53,98,1,97,59,14.1,226,222,24.6,28.4,0,0.00,1009.0,994.8
2024-10-11T01:00,11.0,1.10,96,10.4,9.3,1.10,0.00,0.00,55,100,14,99,75,12.9,227,224,23.2,29.9,0,0.00,1009.1,994.9
2024-10-11T02:00,11.2,0.40,95,10.5,9.5,0.40,0.00,0.00,51,85,10,43,76,12.6,238,239,22.5,31.0,0,0.00,1009.7,995.5
2024-10-11T03:00,11.0,0.90,94,10.1,8.9,0.90,0.00,0.00,53,100,0,31,100,14.3,247,246,23.9,28.8,0,0.00,1010.1,995.9
2024-10-11T04:00,10.6,0.90,93,9.5,8.8,0.90,0.00,0.00,53,100,0,43,100,11.7,279,272,21.2,27.7,0,0.00,1010.7,996.5
2024-10-11T05:00,10.3,0.40,93,9.2,7.2,0.40,0.00,0.00,51,100,0,100,100,19.6,324,321,31.9,38.5,0,0.00,1012.0,997.7
2024-10-11T06:00,9.4,0.50,87,7.4,6.8,0.50,0.00,0.00,53,100,0,100,100,12.6,333,327,21.8,39.6,0,0.00,1013.0,998.7
2024-10-11T07:00,9.1,0.00,89,7.4,7.0,0.00,0.00,0.00,1,48,0,47,18,9.7,322,315,18.2,25.2,1,0.00,1014.0,999.6
2024-10-11T08:00,9.5,0.00,90,7.9,7.9,0.00,0.00,0.00,1,20,0,19,13,7.0,307,293,14.5,19.4,1,2853.50,1015.4,1001.0
2024-10-11T09:00,10.4,0.00,84,7.8,8.6,0.00,0.00,0.00,2,58,0,42,51,8.6,313,311,12.2,19.4,1,3600.00,1016.3,1002.0
2024-10-11T10:00,11.3,0.00,80,8.1,9.7,0.00,0.00,0.00,3,91,0,87,82,7.4,319,317,10.0,20.5,1,3600.00,1017.0,1002.7
2024-10-11T11:00,11.8,0.00,76,7.7,10.1,0.00,0.00,0.00,3,88,0,73,86,7.1,321,319,9.1,19.8,1,3600.00,1017.5,1003.2
2024-10-11T12:00,12.4,0.00,73,7.8,10.8,0.00,0.00,0.00,0,17,0,14,4,6.8,311,310,8.8,19.1,1,3600.00,1017.7,1003.5
2024-10-11T13:00,12.6,0.00,70,7.4,10.8,0.00,0.00,0.00,1,41,0,32,32,7.5,306,305,9.8,20.2,1,3600.00,1017.7,1003.5
2024-10-11T14:00,12.4,0.00,66,6.2,10.7,0.00,0.00,0.00,1,47,0,30,32,5.0,297,296,6.3,14.8,1,3600.00,1018.4,1004.1
2024-10-11T15:00,12.3,0.00,65,5.9,10.5,0.00,0.00,0.00,2,55,0,30,36,5.4,286,285,7.1,15.8,1,3600.00,1018.6,1004.3
2024-10-11T16:00,12.3,0.00,64,5.8,10.7,0.00,0.00,0.00,1,28,0,24,23,3.7,302,305,4.7,14.4,1,3600.00,1018.9,1004.6
2024-10-11T17:00,11.6,0.00,77,7.8,10.7,0.00,0.00,0.00,1,22,0,20,15,2.0,8,10,4.0,10.1,1,3600.00,1019.1,1004.8
2024-10-11T18:00,10.6,0.00,72,5.8,9.0,0.00,0.00,0.00,0,19,0,15,13,3.7,70,67,3.6,5.0,0,47.48,1019.3,1004.9
2024-10-11T19:00,8.2,0.00,84,5.6,6.3,0.00,0.00,0.00,0,13,0,2,11,5.2,95,74,6.0,7.9,0,0.00,1019.4,1004.9
2024-10-11T20:00,7.6,0.00,85,5.3,5.8,0.00,0.00,0.00,0,0,0,0,0,4.3,93,66,8.1,8.6,0,0.00,1019.3,1004.8
2024-10-11T21:00,6.9,0.00,89,5.2,5.0,0.00,0.00,0.00,0,0,0,0,0,5.1,91,72,9.5,10.1,0,0.00,1019.4,1004.9
2024-10-11T22:00,6.2,0.00,91,4.9,3.8,0.00,0.00,0.00,0,0,0,0,0,7.4,98,84,14.4,13.7,0,0.00,1019.4,1004.8
2024-10-11T23:00,6.7,0.00,86,4.4,4.0,0.00,0.00,0.00,0,1,0,0,1,9.0,97,91,20.9,17.3,0,0.00,1019.4,1004.8
2024-10-12T00:00,6.8,0.00,83,4.1,4.1,0.00,0.00,0.00,0,2,0,0,2,9.2,100,96,22.1,18.0,0,0.00,1019.1,1004.6
2024-10-12T01:00,6.8,0.00,82,4.0,3.9,0.00,0.00,0.00,0,6,0,0,5,10.1,102,95,23.3,19.4,0,0.00,1018.9,1004.4
2024-10-12T02:00,6.7,0.00,84,4.2,3.6,0.00,0.00,0.00,0,11,10,0,1,11.7,106,103,26.0,22.7,0,0.00,1018.7,1004.1
2024-10-12T03:00,6.6,0.00,85,4.2,3.4,0.00,0.00,0.00,1,40,40,0,0,12.9,105,102,27.7,25.6,0,0.00,1017.8,1003.3
2024-10-12T04:00,6.6,0.00,85,4.2,3.4,0.00,0.00,0.00,1,27,27,0,0,12.8,105,104,27.2,25.6,0,0.00,1017.5,1003.0
2024-10-12T05:00,6.4,0.00,86,4.3,3.1,0.00,0.00,0.00,0,6,6,0,0,12.8,106,105,27.4,25.2,0,0.00,1017.5,1003.0
2024-10-12T06:00,6.4,0.00,87,4.4,3.2,0.00,0.00,0.00,3,84,84,0,0,13.1,106,105,28.2,27.4,0,0.00,1016.8,1002.3
2024-10-12T07:00,6.4,0.00,88,4.5,3.1,0.00,0.00,0.00,3,100,100,27,0,13.5,105,104,28.7,27.0,1,0.00,1016.5,1002.0
2024-10-12T08:00,7.8,0.00,83,5.1,4.6,0.00,0.00,0.00,3,100,100,20,0,13.7,106,103,29.8,29.9,1,1716.94,1016.4,1001.9
2024-10-12T09:00,9.4,0.00,79,5.9,6.2,0.00,0.00,0.00,3,100,100,17,0,15.3,107,107,29.4,31.0,1,3600.00,1015.8,1001.4
2024-10-12T10:00,11.3,0.00,73,6.6,8.0,0.00,0.00,0.00,3,100,100,61,0,16.4,115,114,24.9,35.6,1,3600.00,1015.1,1000.8
2024-10-12T11:00,12.3,0.00,71,7.2,9.5,0.00,0.00,0.00,3,100,100,85,0,14.7,122,121,22.1,34.9,1,638.93,1014.3,1000.1
2024-10-12T12:00,13.2,0.00,70,7.9,10.8,0.00,0.00,0.00,3,100,100,98,0,12.6,129,128,18.7,32.0,1,120.25,1013.8,999.6
2024-10-12T13:00,14.4,0.00,67,8.3,12.3,0.00,0.00,0.00,3,100,100,88,0,10.8,149,148,15.7,27.4,1,2092.40,1013.1,999.0
2024-10-12T14:00,13.7,0.40,76,9.5,12.3,0.40,0.00,0.00,51,100,100,91,36,8.4,144,145,12.2,21.6,1,699.34,1013.4,999.3
2024-10-12T15:00,14.1,0.00,74,9.6,12.9,0.00,0.00,0.00,3,100,89,100,100,7.9,136,133,12.0,18.4,1,0.00,1012.6,998.5
2024-10-12T16:00,14.5,0.00,74,10.0,13.3,0.00,0.00,0.00,3,99,99,16,10,8.0,153,153,13.0,18.0,1,0.00,1012.0,997.9
2024-10-12T17:00,13.7,0.00,79,10.2,12.5,0.00,0.00,0.00,3,99,99,21,15,8.6,170,164,18.1,18.7,1,3600.00,1011.7,997.6
2024-10-12T18:00,12.7,0.00,83,10.0,11.2,0.00,0.00,0.00,3,100,100,35,6,10.2,173,150,22.5,20.9,0,0.00,1010.9,996.8
2024-10-12T19:00,13.2,0.00,79,9.7,11.6,0.00,0.00,0.00,3,100,100,61,48,10.6,181,161,23.2,22.0,0,0.00,1010.5,996.4
2024-10-12T20:00,13.8,0.00,76,9.6,11.9,0.00,0.00,0.00,3,100,100,64,7,12.1,190,175,25.2,25.2,0,0.00,1010.1,996.0
2024-10-12T21:00,13.9,0.40,79,10.2,11.4,0.40,0.00,0.00,51,91,4,86,53,17.8,215,210,33.0,42.8,0,0.00,1009.8,995.7
2024-10-12T22:00,14.5,0.10,75,10.2,11.4,0.10,0.00,0.00,51,99,98,47,34,21.2,215,214,37.5,45.0,0,0.00,1009.6,995.6
2024-10-12T23:00,13.7,4.40,83,10.8,10.8,4.40,0.00,0.00,63,79,3,78,5,21.3,222,221,37.5,50.8,0,0.00,1009.8,995.7
2024-10-13T00:00,13.2,1.70,87,11.0,10.5,1.70,0.00,0.00,61,85,0,67,58,20.7,232,231,36.7,46.8,0,0.00,1009.9,995.8
2024-10-13T01:00,13.3,1.00,89,11.4,10.9,1.00,0.00,0.00,55,100,0,90,100,19.5,229,227,34.8,42.8,0,0.00,1009.9,995.8
2024-10-13T02:00,13.6,0.60,92,12.3,11.3,0.60,0.00,0.00,53,100,64,69,100,20.7,223,221,37.1,42.5,0,0.00,1009.0,994.9
2024-10-13T03:00,14.0,2.70,94,13.0,11.3,2.70,0.00,0.00,63,100,100,100,100,24.8,241,242,41.7,55.4,0,0.00,1009.5,995.4
2024-10-13T04:00,13.9,1.90,94,13.0,12.6,1.90,0.00,0.00,61,100,100,100,39,15.2,263,259,27.0,50.4,0,0.00,1010.4,996.3
2024-10-13T05:00,13.9,0.50,88,11.9,12.0,0.50,0.00,0.00,53,100,100,83,100,16.8,265,260,28.9,33.8,0,0.00,1011.2,997.1
2024-10-13T06:00,12.8,0.40,87,10.8,10.5,0.40,0.00,0.00,51,100,100,100,56,17.7,271,268,30.6,36.7,0,0.00,1012.4,998.2
2024-10-13T07:00,12.0,0.00,83,9.1,9.3,0.00,0.00,0.00,3,100,100,12,1,16.4,277,274,28.5,36.7,1,0.00,1013.7,999.5
2024-10-13T08:00,11.3,0.00,81,8.1,8.5,0.00,0.00,0.00,3,100,100,0,2,15.3,282,279,26.5,33.5,1,0.00,1015.4,1001.1
2024-10-13T09:00,11.6,0.00,74,7.1,8.4,0.00,0.00,0.00,3,100,100,0,0,16.6,277,276,25.4,34.6,1,3600.00,1016.4,1002.1
2024-10-13T10:00,11.9,0.00,67,5.9,8.5,0.00,0.00,0.00,3,100,100,0,0,16.0,274,273,23.3,35.6,1,3600.00,1017.4,1003.1
2024-10-13T11:00,12.4,0.00,60,4.7,8.9,0.00,0.00,0.00,3,100,100,0,0,15.3,271,271,21.8,34.9,1,3600.00,1018.1,1003.8
2024-10-13T12:00,12.8,0.00,54,3.8,9.1,0.00,0.00,0.00,3,98,98,0,1,15.5,272,272,22.0,34.6,1,3600.00,1018.4,1004.2
2024-10-13T13:00,13.5,0.00,50,3.3,9.5,0.00,0.00,0.00,3,100,100,0,2,16.8,280,279,23.9,37.1,1,3600.00,1018.9,1004.7
2024-10-13T14:00,13.3,0.00,53,4.0,9.7,0.00,0.00,0.00,3,98,98,0,10,14.6,275,275,21.0,33.8,1,3600.00,1019.7,1005.5
2024-10-13T15:00,13.3,0.00,54,4.1,9.9,0.00,0.00,0.00,2,74,68,11,16,13.1,283,283,19.0,32.4,1,3600.00,1020.1,1005.9
2024-10-13T16:00,12.9,0.00,55,4.1,9.8,0.00,0.00,0.00,3,100,100,0,24,11.6,286,285,18.0,28.8,1,3600.00,1020.5,1006.2
2024-10-13T17:00,11.9,0.00,61,4.7,9.7,0.00,0.00,0.00,3,100,100,1,18,6.6,283,281,14.2,24.8,1,0.00,1020.9,1006.6
2024-10-13T18:00,10.6,0.00,71,5.6,8.9,0.00,0.00,0.00,3,100,100,26,5,4.1,278,270,11.8,14.0,0,0.00,1021.0,1006.6
2024-10-13T19:00,9.1,0.00,79,5.6,7.1,0.00,0.00,0.00,3,88,88,1,0,5.8,260,234,11.3,10.1,0,0.00,1021.4,1006.9
2024-10-13T20:00,8.6,0.00,78,5.0,6.5,0.00,0.00,0.00,2,50,50,0,0,6.1,256,210,9.6,11.2,0,0.00,1021.3,1006.8
2024-10-13T21:00,7.3,0.00,86,5.0,5.0,0.00,0.00,0.00,3,100,100,0,0,6.9,262,247,13.8,11.2,0,0.00,1021.9,1007.3
2024-10-13T22:00,8.4,0.00,81,5.3,6.6,0.00,0.00,0.00,3,100,100,0,0,4.4,330,12,11.6,11.5,0,0.00,1021.9,1007.4
2024-10-13T23:00,8.2,0.00,81,5.1,6.4,0.00,0.00,0.00,3,100,100,0,0,4.5,25,56,11.8,10.8,0,0.00,1022.0,1007.5
2024-10-14T00:00,7.8,0.00,84,5.3,6.0,0.00,0.00,0.00,3,100,100,58,0,4.8,62,103,6.5,8.3,0,0.00,1022.0,1007.5
2024-10-14T01:00,6.9,0.00,86,4.8,5.0,0.00,0.00,0.00,3,100,100,0,0,4.2,84,85,9.0,8.3,0,0.00,1021.3,1006.7
2024-10-14T02:00,5.3,0.00,89,3.6,2.9,0.00,0.00,0.00,2,72,72,0,0,5.8,110,95,12.2,10.4,0,0.00,1021.6,1006.9
2024-10-14T03:00,4.5,0.00,91,3.2,1.8,0.00,0.00,0.00,0,6,6,0,0,7.6,100,94,17.4,14.8,0,0.00,1020.9,1006.2
2024-10-14T04:00,4.0,0.00,92,2.8,1.1,0.00,0.00,0.00,2,57,15,50,11,8.9,107,98,20.1,16.2,0,0.00,1020.6,1005.9
2024-10-14T05:00,5.0,0.00,86,2.8,1.9,0.00,0.00,0.00,3,100,98,99,100,9.4,107,101,21.9,19.8,0,0.00,1020.1,1005.4
2024-10-14T06:00,7.4,0.00,73,2.8,4.0,0.00,0.00,0.00,3,100,100,100,100,11.5,108,98,24.8,22.3,0,0.00,1019.0,1004.5
2024-10-14T07:00,8.3,0.00,66,2.4,4.9,0.00,0.00,0.00,3,100,100,99,100,11.5,117,104,26.2,24.1,1,0.00,1018.3,1003.8
2024-10-14T08:00,9.2,0.00,64,2.7,6.1,0.00,0.00,0.00,3,100,100,100,75,9.4,114,103,20.3,22.7,1,0.00,1018.2,1003.8
2024-10-14T09:00,9.7,0.00,68,4.1,7.0,0.00,0.00,0.00,3,100,20,100,0,8.8,115,102,20.3,18.4,1,0.00,1017.5,1003.1
2024-10-14T10:00,10.0,0.70,73,5.4,8.1,0.70,0.00,0.00,53,100,95,100,3,5.5,128,113,17.3,15.8,1,0.00,1017.5,1003.1
2024-10-14T11:00,9.7,2.00,87,7.7,8.2,2.00,0.00,0.00,61,90,9,89,0,5.6,122,107,12.7,13.3,1,0.00,1017.3,1002.9
2024-10-14T12:00,11.5,0.10,85,9.1,11.0,0.10,0.00,0.00,51,69,0,69,7,1.5,127,126,3.9,13.0,1,2984.25,1017.2,1002.9
2024-10-14T13:00,12.8,0.00,84,10.1,12.5,0.00,0.00,0.00,1,45,0,38,12,2.4,229,234,3.3,12.6,1,3600.00,1017.1,1002.9
2024-10-14T14:00,11.6,0.40,89,9.8,11.0,0.40,0.00,0.00,51,100,1,31,100,3.6,158,153,4.8,14.8,1,0.00,1016.8,1002.5
2024-10-14T15:00,12.0,0.00,88,10.1,11.4,0.00,0.00,0.00,3,100,68,92,98,4.3,180,180,6.1,14.0,1,0.00,1016.5,1002.3
2024-10-14T16:00,12.2,0.20,89,10.4,11.8,0.20,0.00,0.00,51,100,12,100,7,3.6,135,117,5.1,12.2,1,0.00,1016.0,1001.8
2024-10-14T17:00,11.3,8.10,95,10.5,10.7,8.10,0.00,0.00,65,97,0,96,41,4.8,5,34,4.0,21.2,1,0.00,1016.1,1001.8
2024-10-14T18:00,10.9,6.80,94,10.0,10.1,6.80,0.00,0.00,63,74,0,66,38,5.4,354,26,6.9,21.2,0,0.00,1016.3,1002.0
2024-10-14T19:00,10.8,0.10,94,9.8,10.2,0.10,0.00,0.00,51,35,0,0,35,3.8,345,11,8.4,13.0,0,0.00,1016.7,1002.4
2024-10-14T20:00,10.3,0.00,95,9.5,9.4,0.00,0.00,0.00,1,43,0,0,43,4.9,345,358,12.9,14.4,0,0.00,1017.5,1003.1
2024-10-14T21:00,9.6,0.00,98,9.3,8.9,0.00,0.00,0.00,2,59,0,0,59,3.7,344,325,10.5,11.2,0,0.00,1018.5,1004.1
2024-10-14T22:00,9.0,0.00,99,8.9,8.2,0.00,0.00,0.00,1,31,0,1,31,3.7,346,299,6.7,8.6,0,0.00,1019.2,1004.8
2024-10-14T23:00,8.7,0.00,99,8.6,7.8,0.00,0.00,0.00,3,100,0,6,100,3.4,328,276,4.4,7.9,0,0.00,1019.9,1005.4
2024-10-15T00:00,9.4,0.00,100,9.3,8.8,0.00,0.00,0.00,3,100,56,5,99,2.3,326,328,5.8,6.8,0,0.00,1020.1,1005.7
2024-10-15T01:00,9.4,0.00,99,9.3,8.7,0.00,0.00,0.00,3,100,100,10,77,3.5,1,9,7.6,6.8,0,0.00,1020.3,1005.9
2024-10-15T02:00,9.8,0.00,97,9.4,9.3,0.00,0.00,0.00,3,100,100,0,100,2.2,68,24,3.3,5.0,0,0.00,1020.6,1006.2
2024-10-15T03:00,9.4,0.00,98,9.1,8.9,0.00,0.00,0.00,3,100,100,79,100,1.8,45,360,2.8,4.7,0,0.00,1020.7,1006.3
2024-10-15T04:00,9.3,0.00,99,9.2,8.7,0.00,0.00,0.00,3,100,100,88,95,3.0,67,52,4.7,5.8,0,0.00,1020.9,1006.5
2024-10-15T05:00,9.6,0.00,98,9.3,9.1,0.00,0.00,0.00,3,100,100,17,49,2.4,126,126,7.7,5.0,0,0.00,1021.0,1006.6
2024-10-15T06:00,9.4,0.00,98,9.1,8.5,0.00,0.00,0.00,3,100,100,1,100,4.3,126,118,9.3,6.8,0,0.00,1021.3,1006.8
2024-10-15T07:00,10.1,0.00,95,9.4,8.8,0.00,0.00,0.00,3,100,100,0,7,7.7,77,54,15.2,14.0,1,0.00,1020.6,1006.2
2024-10-15T08:00,10.6,0.00,93,9.5,9.6,0.00,0.00,0.00,3,100,100,0,11,6.0,83,69,14.0,15.5,1,0.00,1021.0,1006.6
2024-10-15T09:00,12.0,0.00,89,10.3,11.5,0.00,0.00,0.00,3,100,100,1,60,4.4,84,71,9.8,11.5,1,1558.27,1021.2,1006.9
2024-10-15T10:00,13.6,0.00,86,11.2,13.2,0.00,0.00,0.00,3,100,100,3,100,5.3,74,66,7.9,14.4,1,3575.72,1021.1,1006.9
2024-10-15T11:00,14.8,0.00,83,11.9,14.3,0.00,0.00,0.00,3,100,100,1,100,7.0,76,72,10.2,17.3,1,1236.89,1020.8,1006.6
2024-10-15T12:00,15.8,0.00,78,12.0,15.0,0.00,0.00,0.00,3,100,100,0,87,9.2,86,84,13.4,21.6,1,1403.14,1020.3,1006.2
2024-10-15T13:00,16.6,0.00,74,12.0,15.4,0.00,0.00,0.00,3,90,88,0,19,12.7,104,106,18.2,27.0,1,3592.84,1019.8,1005.7
2024-10-15T14:00,15.1,0.00,79,11.4,13.8,0.00,0.00,0.00,3,100,100,0,63,11.4,106,106,16.6,26.6,1,0.00,1020.3,1006.1
2024-10-15T15:00,15.5,0.00,79,11.8,14.2,0.00,0.00,0.00,3,100,100,0,69,12.6,110,110,19.0,26.3,1,0.00,1019.7,1005.6
2024-10-15T16:00,15.7,0.00,79,12.0,14.7,0.00,0.00,0.00,3,100,100,1,26,11.1,99,97,18.4,27.0,1,0.00,1019.5,1005.4
2024-10-15T17:00,14.9,0.00,81,11.6,13.7,0.00,0.00,0.00,3,100,100,2,83,12.0,86,78,23.3,23.8,1,119.35,1018.9,1004.8
2024-10-15T18:00,14.9,0.00,79,11.3,12.9,0.00,0.00,0.00,3,100,100,15,15,16.2,92,87,30.3,31.3,0,0.00,1018.5,1004.4
2024-10-15T19:00,14.9,0.00,78,11.1,12.5,0.00,0.00,0.00,3,100,100,44,3,18.8,96,96,34.1,37.1,0,0.00,1018.3,1004.2
2024-10-15T20:00,14.5,0.00,79,10.9,11.7,0.00,0.00,0.00,3,100,100,95,3,21.2,100,99,38.0,41.4,0,0.00,1018.3,1004.1
2024-10-15T21:00,14.0,0.00,81,10.8,11.1,0.00,0.00,0.00,3,100,100,13,0,21.8,102,101,38.8,43.6,0,0.00,1018.0,1003.8
2024-10-15T22:00,13.6,0.00,83,10.7,10.6,0.00,0.00,0.00,3,100,100,17,0,21.6,100,98,39.0,43.2,0,0.00,1017.7,1003.5
2024-10-15T23:00,13.5,0.00,82,10.6,10.7,0.00,0.00,0.00,3,100,100,91,0,20.5,101,100,37.2,42.8,0,0.00,1017.3,1003.1
2024-10-16T00:00,13.5,0.00,83,10.6,10.4,0.00,0.00,0.00,3,100,100,8,0,22.5,100,97,39.6,44.3,0,0.00,1016.8,1002.6
2024-10-16T01:00,13.5,0.00,84,10.8,10.5,0.00,0.00,0.00,3,100,100,46,0,22.0,101,101,39.3,46.1,0,0.00,1016.2,1002.0
2024-10-16T02:00,12.6,0.00,89,10.9,9.8,0.00,0.00,0.00,3,100,100,15,3,21.2,101,100,38.1,41.8,0,0.00,1016.8,1002.6
2024-10-16T03:00,12.7,0.00,86,10.5,9.6,0.00,0.00,0.00,3,100,100,18,0,22.4,104,103,39.6,44.3,0,0.00,1015.9,1001.7
2024-10-16T04:00,12.6,0.00,83,9.9,9.5,0.00,0.00,0.00,3,92,92,4,1,21.3,107,106,37.9,44.3,0,0.00,1015.6,1001.4
2024-10-16T05:00,12.1,0.00,82,9.2,9.0,0.00,0.00,0.00,3,95,88,57,0,20.2,103,103,36.9,42.5,0,0.00,1015.4,1001.2
2024-10-16T06:00,12.1,0.00,80,8.8,9.5,0.00,0.00,0.00,2,60,55,11,0,15.0,103,104,29.5,39.2,0,0.00,1015.7,1001.5
2024-10-16T07:00,11.6,0.00,81,8.4,9.0,0.00,0.00,0.00,1,39,39,0,0,14.7,104,104,29.1,30.2,1,0.00,1015.6,1001.3
2024-10-16T08:00,12.3,0.00,78,8.6,9.8,0.00,0.00,0.00,3,92,92,0,0,14.7,101,98,28.1,29.9,1,2362.83,1016.0,1001.8
2024-10-16T09:00,13.7,0.00,74,9.0,11.2,0.00,0.00,0.00,3,100,100,0,0,15.0,95,95,23.7,31.0,1,3600.00,1015.4,1001.2
2024-10-16T10:00,14.9,0.00,70,9.5,12.7,0.00,0.00,0.00,3,99,99,0,0,13.7,102,103,20.6,31.7,1,3600.00,1015.1,1001.0
2024-10-16T11:00,16.1,0.00,68,10.1,14.3,0.00,0.00,0.00,3,90,90,0,0,12.6,102,103,18.8,29.5,1,3600.00,1014.9,1000.9
2024-10-16T12:00,17.4,0.00,65,10.8,15.7,0.00,0.00,0.00,3,98,98,1,0,13.0,105,104,18.8,29.2,1,3600.00,1014.4,1000.4
2024-10-16T13:00,18.4,0.00,63,11.3,17.0,0.00,0.00,0.00,3,95,89,63,0,12.1,105,105,17.5,29.5,1,3600.00,1013.7,999.8
2024-10-16T14:00,17.3,0.00,71,12.0,16.6,0.00,0.00,0.00,3,100,92,100,1,9.0,89,89,13.3,23.0,1,0.00,1014.4,1000.4
2024-10-16T15:00,17.5,0.00,72,12.4,17.3,0.00,0.00,0.00,3,83,69,44,0,6.5,80,82,10.6,19.8,1,498.74,1013.8,999.9
2024-10-16T16:00,17.8,0.00,72,12.6,17.3,0.00,0.00,0.00,3,100,100,10,0,8.4,104,106,13.9,18.0,1,3600.00,1013.2,999.3
2024-10-16T17:00,16.2,0.00,82,13.2,16.4,0.00,0.00,0.00,3,98,98,13,0,5.4,107,105,13.2,18.4,1,588.38,1013.2,999.2
2024-10-16T18:00,14.4,0.00,85,12.0,14.0,0.00,0.00,0.00,2,77,76,2,0,7.0,103,77,12.0,11.2,0,0.00,1013.2,999.1
2024-10-16T19:00,14.7,0.00,84,12.0,14.2,0.00,0.00,0.00,2,50,29,29,0,7.9,104,86,20.7,14.4,0,0.00,1013.3,999.2
2024-10-16T20:00,14.8,0.00,83,11.9,13.5,0.00,0.00,0.00,0,3,2,1,0,12.8,108,100,26.8,24.1,0,0.00,1012.9,998.8
2024-10-16T21:00,14.6,0.00,81,11.4,13.0,0.00,0.00,0.00,1,26,17,11,0,13.7,114,111,28.3,27.0,0,0.00,1012.7,998.6
2024-10-16T22:00,14.2,0.00,81,11.0,12.4,0.00,0.00,0.00,0,0,0,0,0,14.5,111,109,29.7,28.4,0,0.00,1012.5,998.4
2024-10-16T23:00,14.0,0.00,82,10.9,12.1,0.00,0.00,0.00,2,74,74,0,0,15.0,110,107,31.0,30.2,0,0.00,1012.3,998.2
2024-10-17T00:00,13.7,0.00,84,11.0,11.9,0.00,0.00,0.00,3,99,98,25,0,14.3,115,114,29.6,29.5,0,0.00,1012.5,998.4
2024-10-17T01:00,13.5,0.00,86,11.2,12.0,0.00,0.00,0.00,3,99,98,61,0,12.6,113,107,26.4,28.4,0,0.00,1012.7,998.6
2024-10-17T02:00,12.1,0.00,91,10.7,10.8,0.00,0.00,0.00,3,99,99,54,0,10.4,121,113,22.7,20.9,0,0.00,1014.1,999.9
2024-10-17T03:00,12.0,0.00,92,10.7,10.9,0.00,0.00,0.00,3,100,99,100,0,8.7,118,104,18.9,19.8,0,0.00,1014.1,999.9
2024-10-17T04:00,12.7,0.20,89,10.9,11.7,0.20,0.00,0.00,51,98,94,74,0,8.6,114,112,17.5,19.4,0,0.00,1013.6,999.4
2024-10-17T05:00,12.5,0.00,90,10.9,11.1,0.00,0.00,0.00,2,74,72,13,0,11.4,130,125,22.0,22.0,0,0.00,1014.0,999.8
2024-10-17T06:00,11.9,0.00,93,10.9,10.8,0.00,0.00,0.00,1,38,37,2,0,9.2,116,113,21.0,22.7,0,0.00,1013.9,999.7
2024-10-17T07:00,11.6,0.00,95,10.8,10.8,0.00,0.00,0.00,0,12,0,8,4,7.4,114,112,18.4,18.4,1,0.00,1014.6,1000.4
2024-10-17T08:00,12.6,0.00,92,11.3,11.7,0.00,0.00,0.00,0,11,0,1,10,8.7,120,108,17.2,15.5,1,2263.71,1015.4,1001.2
2024-10-17T09:00,14.8,0.00,86,12.5,14.6,0.00,0.00,0.00,0,15,0,2,14,6.7,119,109,17.7,16.6,1,3600.00,1015.4,1001.3
2024-10-17T10:00,17.2,0.00,79,13.5,17.4,0.00,0.00,0.00,1,35,27,9,3,6.2,115,116,11.0,16.9,1,3600.00,1015.0,1001.0
2024-10-17T11:00,19.2,0.00,73,14.2,20.0,0.00,0.00,0.00,3,88,85,23,2,3.9,130,137,5.6,15.8,1,3600.00,1014.8,1000.9
2024-10-17T12:00,20.8,0.00,68,14.7,22.0,0.00,0.00,0.00,2,77,75,7,1,2.1,150,160,2.9,12.6,1,3600.00,1014.6,1000.8
2024-10-17T13:00,21.6,0.00,66,14.9,23.1,0.00,0.00,0.00,3,100,100,13,1,1.3,310,304,1.4,10.1,1,3600.00,1014.4,1000.6
2024-10-17T14:00,21.9,0.00,65,15.1,22.9,0.00,0.00,0.00,3,95,93,38,0,4.7,90,92,6.5,14.0,1,3600.00,1014.1,1000.4
2024-10-17T15:00,22.1,0.00,64,15.0,23.3,0.00,0.00,0.00,3,98,96,53,7,2.8,52,45,4.1,13.0,1,3600.00,1014.0,1000.3
2024-10-17T16:00,21.4,0.00,72,16.1,23.1,0.00,0.00,0.00,2,71,62,41,0,3.1,66,54,7.5,8.6,1,3600.00,1013.5,999.7
2024-10-17T17:00,18.9,0.00,81,15.6,19.9,0.00,0.00,0.00,3,99,98,73,0,5.6,80,63,11.3,8.6,1,3491.55,1013.6,999.7
2024-10-17T18:00,18.2,0.00,76,13.9,18.3,0.00,0.00,0.00,3,99,98,57,0,7.4,88,76,17.8,14.0,0,0.00,1013.9,1000.0
2024-10-17T19:00,17.3,0.00,77,13.2,17.2,0.00,0.00,0.00,3,100,100,30,0,7.7,94,87,19.7,16.2,0,0.00,1014.1,1000.1
2024-10-17T20:00,16.8,0.00,78,12.9,16.4,0.00,0.00,0.00,3,100,100,5,0,9.4,90,89,22.3,18.4,0,0.00,1014.1,1000.1
2024-10-17T21:00,16.4,0.00,79,12.7,15.6,0.00,0.00,0.00,3,100,100,15,0,10.8,91,88,24.7,21.2,0,0.00,1013.9,999.9
2024-10-17T22:00,16.1,0.00,79,12.5,15.2,0.00,0.00,0.00,3,97,97,11,0,11.3,99,99,25.7,23.0,0,0.00,1013.6,999.6
2024-10-17T23:00,15.5,0.00,82,12.3,15.0,0.00,0.00,0.00,3,99,99,25,0,8.3,96,91,22.5,22.7,0,0.00,1013.7,999.7
2024-10-18T00:00,15.1,0.00,83,12.2,14.8,0.00,0.00,0.00,3,100,100,94,0,6.7,95,81,19.1,16.9,0,0.00,1013.6,999.5
2024-10-18T01:00,14.8,0.00,84,12.2,14.6,0.00,0.00,0.00,3,90,88,14,0,6.0,89,65,16.7,14.0,0,0.00,1013.3,999.2
2024-10-18T02:00,13.0,0.00,92,11.7,12.9,0.00,0.00,0.00,3,90,85,30,0,4.4,83,52,13.8,14.4,0,0.00,1013.2,999.0
2024-10-18T03:00,12.6,0.00,93,11.6,12.2,0.00,0.00,0.00,3,100,100,15,0,5.9,55,45,11.2,11.2,0,0.00,1012.9,998.7
2024-10-18T04:00,12.7,0.00,93,11.5,12.1,0.00,0.00,0.00,3,100,100,2,0,7.1,58,52,16.6,14.4,0,0.00,1012.6,998.4
2024-10-18T05:00,12.0,0.00,94,11.0,11.6,0.00,0.00,0.00,3,100,100,13,0,4.9,87,92,14.6,14.0,0,0.00,1012.7,998.5
2024-10-18T06:00,12.2,0.00,92,10.9,11.5,0.00,0.00,0.00,3,100,100,28,0,6.7,86,71,18.4,13.3,0,0.00,1013.2,999.0
2024-10-18T07:00,12.2,0.00,91,10.7,11.8,0.00,0.00,0.00,3,100,100,91,0,4.2,83,50,14.1,14.0,1,0.00,1013.0,998.8
2024-10-18T08:00,13.2,0.00,87,11.1,13.0,0.00,0.00,0.00,3,100,100,99,0,3.3,99,68,9.3,9.0,1,0.00,1014.1,999.9
2024-10-18T09:00,13.6,0.00,87,11.4,13.7,0.00,0.00,0.00,3,100,100,93,1,2.6,53,326,2.7,6.8,1,0.00,1014.1,1000.0
2024-10-18T10:00,14.2,0.00,84,11.5,14.0,0.00,0.00,0.00,3,100,100,100,4,4.1,34,13,6.7,10.1,1,0.00,1014.1,1000.0
2024-10-18T11:00,14.1,0.10,85,11.7,14.0,0.10,0.00,0.00,51,100,100,100,0,4.3,2,343,5.8,9.4,1,0.00,1013.9,999.8
2024-10-18T12:00,14.0,0.70,91,12.5,14.3,0.70,0.00,0.00,53,100,98,100,0,3.2,11,333,5.9,10.4,1,0.00,1013.6,999.5
2024-10-18T13:00,14.3,0.30,92,13.0,14.8,0.30,0.00,0.00,51,100,100,100,0,2.5,274,262,2.5,7.2,1,0.00,1013.5,999.4
2024-10-18T14:00,14.5,0.40,87,12.4,14.8,0.40,0.00,0.00,51,100,100,99,100,3.0,149,155,3.8,10.4,1,0.00,1014.0,999.9
2024-10-18T15:00,14.4,0.10,89,12.7,14.1,0.10,0.00,0.00,51,100,100,82,100,8.0,172,174,12.2,17.3,1,0.00,1014.4,1000.3
2024-10-18T16:00,14.4,0.00,90,12.8,14.6,0.00,0.00,0.00,3,100,100,40,71,5.0,194,195,8.0,16.9,1,0.00,1014.2,1000.1
2024-10-18T17:00,14.2,0.00,94,13.2,15.0,0.00,0.00,0.00,3,100,100,38,81,1.6,125,96,3.5,10.1,1,0.00,1014.2,1000.1
2024-10-18T18:00,13.9,0.00,94,12.9,14.4,0.00,0.00,0.00,3,100,100,19,97,2.9,97,86,6.3,4.7,0,0.00,1014.3,1000.2
2024-10-18T19:00,14.0,0.00,93,13.0,14.2,0.00,0.00,0.00,3,100,100,27,100,5.0,144,139,9.1,9.0,0,0.00,1014.4,1000.3
2024-10-18T20:00,14.0,0.00,93,12.9,13.9,0.00,0.00,0.00,3,100,100,32,99,6.3,148,127,11.6,12.2,0,0.00,1014.4,1000.3
2024-10-18T21:00,13.9,0.00,93,12.9,13.9,0.00,0.00,0.00,3,100,100,39,100,6.2,162,134,11.9,11.9,0,0.00,1014.6,1000.5
2024-10-18T22:00,14.2,0.10,93,13.1,14.1,0.10,0.00,0.00,51,100,57,53,100,7.6,169,142,14.5,14.4,0,0.00,1014.6,1000.5
2024-10-18T23:00,14.6,0.00,93,13.5,14.4,0.00,0.00,0.00,3,100,100,38,100,8.7,189,163,17.0,16.9,0,0.00,1014.8,1000.7
2024-10-19T00:00,14.7,0.10,94,13.8,14.5,0.10,0.00,0.00,51,100,98,85,100,9.9,207,189,19.6,19.8,0,0.00,1014.9,1000.8
2024-10-19T01:00,14.6,0.30,95,13.8,14.4,0.30,0.00,0.00,51,100,100,100,99,10.0,206,193,20.2,21.2,0,0.00,1015.1,1001.0
2024-10-19T02:00,14.6,0.10,95,13.8,14.3,0.10,0.00,0.00,51,100,0,100,71,10.0,199,186,19.5,20.2,0,0.00,1015.4,1001.3
2024-10-19T03:00,14.4,0.10,95,13.7,13.9,0.10,0.00,0.00,51,81,0,76,28,11.5,196,184,21.8,22.7,0,0.00,1015.5,1001.4
2024-10-19T04:00,14.1,0.00,94,13.1,13.7,0.00,0.00,0.00,1,23,5,0,19,9.3,209,202,20.5,24.1,0,0.00,1015.8,1001.7
2024-10-19T05:00,13.3,0.00,94,12.4,12.7,0.00,0.00,0.00,1,36,14,1,25,9.4,214,203,21.2,19.4,0,0.00,1016.2,1002.0
2024-10-19T06:00,12.8,0.00,94,11.9,12.0,0.00,0.00,0.00,1,43,0,0,43,9.4,206,191,20.6,19.8,0,0.00,1016.5,1002.3
2024-10-19T07:00,12.6,0.10,95,11.8,11.7,0.10,0.00,0.00,51,100,60,1,100,10.4,196,178,21.2,20.9,1,0.00,1017.0,1002.8
2024-10-19T08:00,13.4,0.10,94,12.5,12.6,0.10,0.00,0.00,51,100,97,0,90,10.8,205,191,20.4,22.3,1,0.00,1017.7,1003.5
2024-10-19T09:00,14.4,0.00,92,13.1,13.8,0.00,0.00,0.00,3,100,100,0,39,10.7,216,213,16.7,24.5,1,1310.07,1018.1,1003.9
2024-10-19T10:00,15.3,0.00,90,13.6,14.7,0.00,0.00,0.00,3,100,100,0,60,11.4,218,217,16.0,24.1,1,1501.44,1018.3,1004.2
2024-10-19T11:00,16.0,0.00,86,13.6,15.5,0.00,0.00,0.00,3,100,100,0,41,11.2,211,212,15.6,25.6,1,1714.00,1018.5,1004.4
2024-10-19T12:00,16.8,0.10,80,13.4,16.4,0.10,0.00,0.00,51,100,100,0,81,10.5,207,207,14.7,25.2,1,2511.44,1018.7,1004.7
2024-10-19T13:00,17.4,0.10,76,13.1,16.7,0.10,0.00,0.00,51,100,100,0,66,11.2,207,208,15.6,24.8,1,1790.98,1018.6,1004.6
2024-10-19T14:00,17.6,0.00,75,13.2,17.1,0.00,0.00,0.00,3,100,100,6,12,10.5,213,213,15.0,25.9,1,586.58,1018.8,1004.8
2024-10-19T15:00,17.6,0.00,75,13.0,17.4,0.00,0.00,0.00,3,100,100,26,24,7.9,224,223,11.5,23.0,1,442.12,1019.0,1005.0
2024-10-19T16:00,17.1,0.00,79,13.5,17.6,0.00,0.00,0.00,3,100,100,10,19,4.3,213,208,9.0,17.6,1,0.00,1019.3,1005.3
2024-10-19T17:00,15.6,0.00,87,13.5,16.2,0.00,0.00,0.00,3,100,100,50,8,3.9,180,146,7.4,9.4,1,0.00,1019.6,1005.5
2024-10-19T18:00,14.7,0.00,89,12.9,15.0,0.00,0.00,0.00,3,100,100,100,28,4.2,154,115,8.8,7.9,0,0.00,1019.9,1005.7
2024-10-19T19:00,14.2,0.00,92,12.9,14.4,0.00,0.00,0.00,3,98,96,15,52,4.8,158,105,7.2,8.3,0,0.00,1020.1,1005.9
2024-10-19T20:00,13.4,0.00,93,12.3,13.7,0.00,0.00,0.00,3,100,88,98,43,3.1,173,80,3.1,7.6,0,0.00,1020.3,1006.1
2024-10-19T21:00,13.6,0.00,93,12.6,14.1,0.00,0.00,0.00,3,100,100,100,20,2.4,117,81,2.0,5.4,0,0.00,1020.5,1006.3
2024-10-19T22:00,13.3,0.00,94,12.4,13.6,0.00,0.00,0.00,1,44,1,1,43,3.2,97,90,4.4,6.5,0,0.00,1020.8,1006.6
2024-10-19T23:00,12.3,0.00,96,11.7,12.2,0.00,0.00,0.00,0,5,2,3,1,4.1,100,92,7.3,8.6,0,0.00,1020.9,1006.6
2024-10-20T00:00,10.9,0.00,97,10.5,10.5,0.00,0.00,0.00,0,10,0,0,10,3.8,90,82,5.2,8.3,0,0.00,1021.2,1006.8
2024-10-20T01:00,10.4,0.00,97,10.0,9.8,0.00,0.00,0.00,0,0,0,0,0,3.8,95,87,6.0,7.2,0,0.00,1021.4,1007.0
2024-10-20T02:00,9.8,0.00,98,9.4,9.0,0.00,0.00,0.00,0,1,0,1,0,3.9,69,77,4.6,7.9,0,0.00,1021.3,1006.9
2024-10-20T03:00,9.2,0.00,97,8.8,8.3,0.00,0.00,0.00,0,0,0,0,0,4.0,104,98,3.0,6.5,0,0.00,1021.4,1006.9
2024-10-20T04:00,9.0,0.00,97,8.6,7.9,0.00,0.00,0.00,0,0,0,0,0,4.5,104,97,4.5,6.8,0,0.00,1021.4,1006.9
2024-10-20T05:00,9.1,0.00,97,8.7,8.2,0.00,0.00,0.00,0,8,0,8,0,3.8,101,98,7.5,7.2,0,0.00,1021.7,1007.2
2024-10-20T06:00,9.6,0.00,97,9.1,8.7,0.00,0.00,0.00,3,94,94,4,0,4.9,113,107,12.1,9.7,0,0.00,1021.6,1007.2
2024-10-20T07:00,9.0,0.00,98,8.7,7.8,0.00,0.00,0.00,3,100,100,0,0,6.0,122,115,10.4,9.7,1,0.00,1021.9,1007.4
2024-10-20T08:00,10.9,0.00,96,10.3,10.1,0.00,0.00,0.00,3,100,100,0,54,6.5,127,120,12.1,12.6,1,725.76,1022.7,1008.3
2024-10-20T09:00,12.3,0.00,95,11.6,11.8,0.00,0.00,0.00,3,100,100,0,100,6.5,140,141,8.4,19.8,1,712.61,1022.4,1008.1
2024-10-20T10:00,12.9,0.00,95,12.0,12.8,0.00,0.00,0.00,3,100,100,0,100,4.5,180,187,5.2,15.5,1,259.95,1022.9,1008.6
2024-10-20T11:00,13.5,0.00,92,12.3,13.6,0.00,0.00,0.00,3,100,100,0,100,4.7,180,184,5.6,14.0,1,0.00,1023.4,1009.1
2024-10-20T12:00,14.6,0.00,88,12.7,14.3,0.00,0.00,0.00,3,100,100,0,100,7.5,163,163,9.6,19.1,1,0.00,1022.9,1008.7
2024-10-20T13:00,15.2,0.00,86,12.9,14.9,0.00,0.00,0.00,3,100,100,0,100,7.8,187,189,10.2,19.8,1,256.86,1022.7,1008.5
2024-10-20T14:00,15.1,0.00,86,12.7,14.7,0.00,0.00,0.00,3,100,100,0,97,8.6,187,188,11.6,22.0,1,0.00,1023.2,1009.0
2024-10-20T15:00,15.9,0.00,82,12.8,15.6,0.00,0.00,0.00,3,100,100,1,14,7.7,181,183,10.6,19.4,1,0.00,1022.9,1008.8
2024-10-20T16:00,15.7,0.00,83,12.8,15.4,0.00,0.00,0.00,3,100,100,12,16,7.9,196,197,12.4,18.7,1,756.70,1023.0,1008.8
2024-10-20T17:00,14.6,0.00,89,12.7,14.5,0.00,0.00,0.00,3,100,99,83,1,6.0,185,175,13.9,17.3,1,0.00,1023.0,1008.8
2024-10-20T18:00,13.8,0.00,93,12.7,13.6,0.00,0.00,0.00,3,100,100,4,0,7.2,175,161,15.9,15.1,0,0.00,1023.4,1009.1
2024-10-20T19:00,13.2,0.00,94,12.3,12.9,0.00,0.00,0.00,3,100,100,28,0,6.8,181,153,16.6,14.4,0,0.00,1023.6,1009.3
2024-10-20T20:00,13.1,0.00,94,12.1,12.6,0.00,0.00,0.00,3,100,100,12,0,8.2,183,148,17.9,16.2,0,0.00,1023.9,1009.6
2024-10-20T21:00,13.1,0.00,93,12.0,12.7,0.00,0.00,0.00,3,100,99,41,0,6.5,196,161,17.2,16.9,0,0.00,1024.0,1009.7
2024-10-20T22:00,13.5,0.00,91,12.1,13.0,0.00,0.00,0.00,3,100,100,73,0,7.6,206,176,18.4,15.1,0,0.00,1024.6,1010.3
2024-10-20T23:00,13.6,0.00,90,12.1,12.9,0.00,0.00,0.00,3,100,90,95,0,9.4,196,173,21.0,19.1,0,0.00,1024.5,1010.2
2024-10-21T00:00,13.6,0.00,90,12.0,12.9,0.00,0.00,0.00,3,100,100,5,0,9.0,200,179,20.6,19.1,0,0.00,1025.0,1010.7
2024-10-21T01:00,13.0,0.00,91,11.6,12.3,0.00,0.00,0.00,3,100,100,18,0,8.1,204,177,20.1,18.7,0,0.00,1024.9,1010.6
2024-10-21T02:00,12.8,0.00,92,11.6,12.1,0.00,0.00,0.00,3,100,100,2,6,8.0,200,172,19.3,18.0,0,0.00,1025.7,1011.4
2024-10-21T03:00,12.8,0.00,91,11.3,12.1,0.00,0.00,0.00,3,100,100,5,0,7.6,202,172,18.8,16.6,0,0.00,1025.5,1011.2
2024-10-21T04:00,12.7,0.00,90,11.1,12.1,0.00,0.00,0.00,3,100,100,17,0,6.8,205,169,17.1,15.8,0,0.00,1025.7,1011.4
2024-10-21T05:00,12.9,0.00,88,10.9,11.9,0.00,0.00,0.00,3,100,100,100,0,8.3,191,153,17.6,16.6,0,0.00,1026.0,1011.7
2024-10-21T06:00,13.0,0.10,87,10.9,12.2,0.10,0.00,0.00,51,100,97,91,3,7.5,185,147,15.5,16.9,0,0.00,1026.1,1011.8
2024-10-21T07:00,12.9,0.10,88,10.9,12.1,0.10,0.00,0.00,51,99,46,98,9,7.7,179,139,15.7,15.1,1,0.00,1026.2,1011.9
2024-10-21T08:00,13.3,0.00,87,11.1,12.5,0.00,0.00,0.00,3,89,15,87,3,7.9,171,133,14.8,15.1,1,0.00,1026.7,1012.4
2024-10-21T09:00,15.0,0.00,83,12.1,14.4,0.00,0.00,0.00,2,51,5,48,0,8.2,167,130,14.8,15.8,1,3600.00,1026.6,1012.4
2024-10-21T10:00,16.5,0.00,76,12.2,16.1,0.00,0.00,0.00,0,15,0,15,0,7.3,155,147,11.4,17.6,1,3600.00,1026.5,1012.3
2024-10-21T11:00,18.0,0.00,71,12.6,17.9,0.00,0.00,0.00,0,13,2,11,0,6.6,148,145,9.1,18.0,1,3600.00,1026.3,1012.2
2024-10-21T12:00,19.5,0.00,67,13.1,19.6,0.00,0.00,0.00,2,64,0,64,0,5.7,140,139,8.0,16.9,1,3600.00,1026.0,1012.0
2024-10-21T13:00,20.2,0.00,64,13.2,20.5,0.00,0.00,0.00,3,87,0,87,0,4.7,121,122,6.3,15.8,1,3600.00,1025.5,1011.5
2024-10-21T14:00,21.4,0.00,62,13.9,21.8,0.00,0.00,0.00,1,49,33,25,0,5.7,105,103,7.8,15.8,1,3600.00,1024.8,1010.9
2024-10-21T15:00,21.3,0.00,64,14.1,21.5,0.00,0.00,0.00,3,94,92,25,0,7.6,113,112,11.1,16.9,1,3600.00,1024.4,1010.5
2024-10-21T16:00,20.1,0.00,69,14.2,20.3,0.00,0.00,0.00,3,87,76,46,0,8.4,119,118,16.7,18.4,1,3600.00,1023.7,1009.7
2024-10-21T17:00,18.2,0.00,75,13.6,18.1,0.00,0.00,0.00,2,76,69,23,0,8.6,116,112,20.6,18.0,1,3012.81,1023.5,1009.5
2024-10-21T18:00,17.1,0.00,77,13.1,16.6,0.00,0.00,0.00,3,93,85,55,0,10.1,118,112,23.8,19.8,0,0.00,1023.7,1009.6
2024-10-21T19:00,17.2,0.00,77,13.1,16.6,0.00,0.00,0.00,3,93,56,84,0,10.9,122,114,24.0,21.2,0,0.00,1023.4,1009.3
2024-10-21T20:00,17.1,0.00,78,13.2,16.5,0.00,0.00,0.00,0,5,0,5,0,11.3,130,121,24.0,22.3,0,0.00,1023.6,1009.5
2024-10-21T21:00,15.2,0.00,85,12.7,14.6,0.00,0.00,0.00,0,14,14,0,0,10.1,139,121,22.1,22.3,0,0.00,1023.5,1009.3
2024-10-21T22:00,14.2,0.00,87,12.1,13.5,0.00,0.00,0.00,1,42,37,8,0,9.4,144,113,18.4,19.4,0,0.00,1023.5,1009.3
2024-10-21T23:00,13.6,0.00,88,11.6,12.8,0.00,0.00,0.00,3,84,83,2,0,8.7,150,111,16.7,18.0,0,0.00,1023.4,1009.1
2024-10-22T00:00,13.1,0.00,89,11.3,12.4,0.00,0.00,0.00,3,100,100,0,0,7.6,166,118,15.8,16.6,0,0.00,1023.3,1009.0
2024-10-22T01:00,13.0,0.00,88,11.1,12.2,0.00,0.00,0.00,2,73,67,3,18,8.0,173,124,16.7,16.2,0,0.00,1023.6,1009.3
2024-10-22T02:00,13.4,0.00,86,11.2,12.5,0.00,0.00,0.00,1,31,11,21,5,8.5,198,153,20.7,18.0,0,0.00,1023.7,1009.4
2024-10-22T03:00,14.1,0.00,84,11.4,13.0,0.00,0.00,0.00,2,68,12,56,22,10.0,220,194,24.4,22.0,0,0.00,1023.8,1009.5
2024-10-22T04:00,14.7,0.60,87,12.6,14.0,0.60,0.00,0.00,53,45,0,37,20,10.5,224,207,25.3,22.3,0,0.00,1024.0,1009.8
2024-10-22T05:00,15.0,0.00,88,12.9,14.0,0.00,0.00,0.00,3,84,0,82,22,12.9,221,210,27.5,25.9,0,0.00,1024.4,1010.2
2024-10-22T06:00,15.3,0.10,88,13.2,14.2,0.10,0.00,0.00,51,83,0,79,32,14.1,227,222,28.5,28.8,0,0.00,1024.9,1010.7
2024-10-22T07:00,15.3,0.00,89,13.5,14.5,0.00,0.00,0.00,3,100,0,100,70,13.1,232,227,26.5,28.4,1,0.00,1025.1,1010.9
2024-10-22T08:00,15.4,0.20,92,14.1,14.8,0.20,0.00,0.00,51,100,0,100,97,13.4,229,224,25.8,26.3,1,0.00,1026.0,1011.8
2024-10-22T09:00,15.2,0.50,96,14.6,14.7,0.50,0.00,0.00,53,100,0,68,100,13.8,312,310,22.7,27.0,1,0.00,1027.1,1012.9
2024-10-22T10:00,13.5,0.00,90,12.0,12.5,0.00,0.00,0.00,3,100,0,10,100,11.4,330,329,18.1,33.1,1,0.00,1028.2,1013.9
2024-10-22T11:00,14.3,0.00,85,11.9,13.1,0.00,0.00,0.00,1,33,0,10,32,12.0,334,332,17.1,26.3,1,1419.05,1028.8,1014.5
2024-10-22T12:00,15.2,0.00,78,11.3,13.9,0.00,0.00,0.00,0,16,1,6,14,11.6,326,324,16.2,28.1,1,3600.00,1029.1,1014.8
2024-10-22T13:00,16.1,0.00,72,11.0,14.6,0.00,0.00,0.00,0,19,7,4,10,12.6,325,323,17.5,29.2,1,3600.00,1029.2,1015.0
2024-10-22T14:00,16.5,0.00,70,11.0,15.0,0.00,0.00,0.00,2,58,14,42,36,12.3,332,330,17.1,27.7,1,3600.00,1029.3,1015.1
2024-10-22T15:00,16.1,0.00,70,10.6,14.4,0.00,0.00,0.00,2,78,74,8,7,12.7,334,333,18.0,28.1,1,3600.00,1029.7,1015.5
2024-10-22T16:00,15.4,0.00,70,9.9,13.7,0.00,0.00,0.00,3,88,88,1,2,11.4,340,337,18.1,27.7,1,3600.00,1030.0,1015.7
2024-10-22T17:00,14.2,0.00,74,9.7,12.8,0.00,0.00,0.00,3,95,95,0,1,8.9,340,336,18.6,23.8,1,2893.79,1030.4,1016.1
2024-10-22T18:00,13.1,0.00,76,9.0,11.4,0.00,0.00,0.00,3,100,100,0,5,9.8,347,346,22.4,19.4,0,0.00,1031.2,1016.8
2024-10-22T19:00,12.6,0.00,76,8.4,10.8,0.00,0.00,0.00,3,100,100,0,0,9.6,354,355,21.7,19.8,0,0.00,1031.6,1017.2
2024-10-22T20:00,11.5,0.00,80,8.2,9.9,0.00,0.00,0.00,3,90,90,0,0,7.4,6,6,18.1,18.7,0,0.00,1032.4,1017.9
2024-10-22T21:00,10.5,0.00,87,8.3,9.0,0.00,0.00,0.00,2,78,78,0,0,6.7,18,19,16.8,14.4,0,0.00,1033.0,1018.4
2024-10-22T22:00,10.0,0.00,88,8.0,8.4,0.00,0.00,0.00,3,85,85,0,0,7.3,26,30,18.4,14.0,0,0.00,1033.3,1018.7
2024-10-22T23:00,9.4,0.00,87,7.4,7.8,0.00,0.00,0.00,2,65,65,0,0,6.2,32,36,16.6,14.0,0,0.00,1033.7,1019.1
2024-10-23T00:00,8.7,0.00,88,6.9,7.0,0.00,0.00,0.00,2,65,65,0,0,5.8,31,30,15.7,11.9,0,0.00,1033.9,1019.2
2024-10-23T01:00,8.1,0.00,89,6.5,6.4,0.00,0.00,0.00,2,72,72,0,0,5.7,35,35,15.8,11.2,0,0.00,1034.1,1019.4
2024-10-23T02:00,7.5,0.00,91,6.1,5.7,0.00,0.00,0.00,0,6,6,0,0,5.3,46,45,14.3,12.2,0,0.00,1034.5,1019.8
2024-10-23T03:00,6.3,0.00,93,5.3,4.2,0.00,0.00,0.00,0,0,0,0,0,6.9,44,49,10.4,10.1,0,0.00,1034.7,1019.9
2024-10-23T04:00,5.9,0.00,94,5.0,3.8,0.00,0.00,0.00,0,5,5,0,0,6.0,32,44,7.8,10.1,0,0.00,1034.7,1019.9
2024-10-23T05:00,5.6,0.00,95,4.9,3.6,0.00,0.00,0.00,1,34,34,0,0,5.3,53,72,6.9,9.0,0,0.00,1034.6,1019.8
2024-10-23T06:00,5.5,0.00,95,4.7,3.5,0.00,0.00,0.00,1,32,32,0,0,4.9,77,90,6.6,8.3,0,0.00,1034.7,1019.9
2024-10-23T07:00,5.4,0.00,94,4.6,3.5,0.00,0.00,0.00,0,5,5,0,0,4.0,94,100,4.9,8.3,1,0.00,1034.9,1020.1
2024-10-23T08:00,7.3,0.00,91,5.9,5.9,0.00,0.00,0.00,0,0,0,0,0,2.3,120,122,4.0,6.8,1,1658.36,1035.5,1020.7
2024-10-23T09:00,9.6,0.00,86,7.3,8.7,0.00,0.00,0.00,0,0,0,0,0,1.4,74,293,3.4,6.8,1,3600.00,1035.7,1021.1
2024-10-23T10:00,11.9,0.00,79,8.4,10.9,0.00,0.00,0.00,0,0,0,0,0,3.9,350,326,4.9,12.2,1,3600.00,1035.3,1020.8
2024-10-23T11:00,13.9,0.00,73,9.2,13.1,0.00,0.00,0.00,0,0,0,0,0,4.3,12,358,5.9,14.0,1,3600.00,1035.0,1020.6
2024-10-23T12:00,15.3,0.00,66,8.9,14.3,0.00,0.00,0.00,0,16,0,0,16,4.4,34,27,6.1,14.0,1,3600.00,1034.6,1020.3
2024-10-23T13:00,16.0,0.00,59,7.9,14.7,0.00,0.00,0.00,0,9,0,0,9,5.1,52,45,7.1,14.8,1,3600.00,1033.8,1019.5
2024-10-23T14:00,15.9,0.00,59,7.9,14.2,0.00,0.00,0.00,0,8,0,0,8,7.3,66,65,10.1,18.0,1,3600.00,1033.7,1019.4
2024-10-23T15:00,15.5,0.00,61,8.1,13.8,0.00,0.00,0.00,0,4,0,0,4,8.3,63,63,11.7,18.7,1,3600.00,1033.1,1018.8
2024-10-23T16:00,14.7,0.00,66,8.4,13.2,0.00,0.00,0.00,0,7,0,0,7,7.1,68,66,13.2,18.7,1,3600.00,1033.1,1018.8
2024-10-23T17:00,12.6,0.00,74,8.0,11.1,0.00,0.00,0.00,0,3,0,0,3,6.7,74,70,16.9,15.5,1,2775.11,1032.9,1018.4
2024-10-23T18:00,10.8,0.00,80,7.4,9.1,0.00,0.00,0.00,0,0,0,0,0,7.5,68,53,18.5,14.8,0,0.00,1032.8,1018.3
2024-10-23T19:00,10.1,0.00,81,7.1,8.2,0.00,0.00,0.00,0,0,0,0,0,8.2,70,54,20.6,16.6,0,0.00,1032.6,1018.0
2024-10-23T20:00,9.3,0.00,85,7.0,7.6,0.00,0.00,0.00,0,4,0,0,4,6.7,87,71,18.9,16.6,0,0.00,1032.4,1017.8
2024-10-23T21:00,8.7,0.00,88,6.8,6.9,0.00,0.00,0.00,0,0,0,0,0,6.2,86,60,16.6,13.7,0,0.00,1032.2,1017.6
2024-10-23T22:00,8.4,0.00,89,6.7,6.6,0.00,0.00,0.00,0,2,0,0,2,6.5,81,62,17.8,13.3,0,0.00,1031.9,1017.3
2024-10-23T23:00,8.7,0.00,88,6.9,6.8,0.00,0.00,0.00,0,16,16,0,1,7.5,86,75,20.0,14.8,0,0.00,1031.6,1017.0
2024-10-24T00:00,9.3,0.00,86,7.1,7.3,0.00,0.00,0.00,0,1,1,0,1,8.5,93,89,22.4,16.9,0,0.00,1031.1,1016.5
2024-10-24T01:00,9.6,0.00,85,7.1,7.5,0.00,0.00,0.00,1,30,1,29,2,8.8,93,86,22.7,19.1,0,0.00,1030.6,1016.0
2024-10-24T02:00,10.6,0.00,82,7.7,8.9,0.00,0.00,0.00,2,64,0,62,4,7.4,97,87,18.3,18.4,0,0.00,1030.4,1015.9
2024-10-24T03:00,9.5,0.00,88,7.6,7.9,0.00,0.00,0.00,0,18,0,4,15,7.1,97,83,18.9,15.1,0,0.00,1030.0,1015.4
2024-10-24T04:00,9.1,0.00,90,7.6,7.6,0.00,0.00,0.00,0,1,0,0,1,6.0,95,80,17.2,14.4,0,0.00,1029.1,1014.5
2024-10-24T05:00,8.5,0.00,92,7.2,6.9,0.00,0.00,0.00,1,30,8,21,4,5.6,99,84,17.0,12.2,0,0.00,1028.6,1014.0
2024-10-24T06:00,8.9,0.00,92,7.6,7.2,0.00,0.00,0.00,3,98,1,98,8,7.2,99,89,19.7,14.0,0,0.00,1028.3,1013.7
2024-10-24T07:00,9.9,0.00,89,8.1,8.1,0.00,0.00,0.00,3,94,11,94,5,8.8,102,99,21.0,18.0,0,0.00,1027.8,1013.3
2024-10-24T08:00,10.8,0.00,87,8.6,9.0,0.00,0.00,0.00,3,92,45,90,6,9.6,107,106,19.6,19.1,1,0.00,1027.8,1013.3
2024-10-24T09:00,11.8,0.10,85,9.3,10.4,0.10,0.00,0.00,51,96,4,95,12,8.2,105,100,18.4,19.1,1,506.36,1027.8,1013.4
2024-10-24T10:00,12.8,0.00,83,9.9,11.5,0.00,0.00,0.00,3,92,0,50,86,8.4,104,100,14.6,19.4,1,2473.74,1027.6,1013.2
2024-10-24T11:00,14.0,0.00,80,10.6,12.8,0.00,0.00,0.00,3,100,0,0,100,9.0,113,112,12.9,20.9,1,1139.07,1027.5,1013.2
2024-10-24T12:00,15.0,0.00,76,10.9,13.8,0.00,0.00,0.00,3,100,0,0,100,10.2,131,132,14.2,23.4,1,1149.92,1026.5,1012.3
2024-10-24T13:00,15.4,0.00,75,11.0,14.0,0.00,0.00,0.00,3,100,0,0,100,11.5,139,139,16.2,25.2,1,1361.36,1025.7,1011.5
2024-10-24T14:00,15.5,0.00,74,10.9,14.0,0.00,0.00,0.00,3,100,0,0,100,12.2,148,149,17.5,25.6,1,0.00,1025.5,1011.3
2024-10-24T15:00,15.7,0.00,73,10.9,14.3,0.00,0.00,0.00,3,100,0,0,100,11.1,151,150,16.3,27.0,1,277.63,1025.0,1010.8
2024-10-24T16:00,15.5,0.00,75,11.1,14.7,0.00,0.00,0.00,0,15,0,0,15,7.4,139,135,13.3,24.5,1,251.92,1024.4,1010.2
2024-10-24T17:00,13.4,0.00,84,10.7,12.5,0.00,0.00,0.00,0,0,0,0,0,7.7,116,102,17.4,15.1,1,2656.88,1023.9,1009.6
2024-10-24T18:00,12.2,0.00,88,10.3,11.0,0.00,0.00,0.00,0,0,0,0,0,8.7,115,104,21.3,17.6,0,0.00,1023.8,1009.5
2024-10-24T19:00,11.8,0.00,88,10.0,10.5,0.00,0.00,0.00,3,95,46,95,0,9.2,116,106,22.7,18.0,0,0.00,1023.7,1009.3
2024-10-24T20:00,11.9,0.00,88,10.0,10.5,0.00,0.00,0.00,0,6,6,0,0,9.7,113,102,23.2,19.1,0,0.00,1023.4,1009.0
2024-10-24T21:00,11.5,0.00,90,9.9,10.1,0.00,0.00,0.00,0,0,0,0,0,9.5,113,105,23.1,19.1,0,0.00,1023.0,1008.6
2024-10-24T22:00,11.4,0.00,91,10.0,9.6,0.00,0.00,0.00,0,0,0,0,0,12.3,115,104,25.9,23.4,0,0.00,1022.5,1008.1
2024-10-24T23:00,11.2,0.00,92,9.9,9.5,0.00,0.00,0.00,0,4,0,4,0,11.4,125,111,24.3,23.8,0,0.00,1022.3,1007.9
2024-10-25T00:00,10.9,0.00,93,9.7,9.2,0.00,0.00,0.00,0,12,0,12,0,10.8,126,111,23.3,22.0,0,0.00,1022.0,1007.6
2024-10-25T01:00,10.7,0.00,93,9.6,8.9,0.00,0.00,0.00,0,9,0,9,0,11.0,125,109,23.5,21.2,0,0.00,1021.7,1007.3
2024-10-25T02:00,10.8,0.00,93,9.6,9.2,0.00,0.00,0.00,1,26,0,23,3,10.0,124,107,20.2,21.2,0,0.00,1022.0,1007.6
2024-10-25T03:00,10.4,0.00,94,9.4,8.9,0.00,0.00,0.00,0,12,0,8,4,9.5,128,105,18.6,19.1,0,0.00,1021.6,1007.2
2024-10-25T04:00,10.2,0.00,94,9.2,8.5,0.00,0.00,0.00,3,97,0,97,9,10.1,124,100,19.2,19.1,0,0.00,1021.5,1007.1
2024-10-25T05:00,10.6,0.00,91,9.3,9.1,0.00,0.00,0.00,0,2,0,2,1,9.3,118,99,17.6,19.8,0,0.00,1021.0,1006.6
2024-10-25T06:00,9.6,0.00,95,8.8,7.9,0.00,0.00,0.00,1,31,0,31,1,9.8,121,107,19.9,18.4,0,0.00,1020.9,1006.5
2024-10-25T07:00,9.7,0.00,94,8.8,7.9,0.00,0.00,0.00,3,100,0,100,0,10.0,112,99,21.2,20.2,0,0.00,1020.9,1006.5
2024-10-25T08:00,11.0,0.00,88,9.2,9.3,0.00,0.00,0.00,0,13,0,13,0,10.0,110,99,20.7,19.8,1,0.00,1021.1,1006.7
2024-10-25T09:00,13.1,0.00,83,10.3,12.0,0.00,0.00,0.00,0,3,0,3,0,8.1,116,107,18.7,19.1,1,3600.00,1021.2,1006.9
2024-10-25T10:00,15.5,0.00,75,11.1,14.6,0.00,0.00,0.00,0,2,0,2,0,8.3,119,114,15.6,19.4,1,3600.00,1021.2,1007.1
2024-10-25T11:00,17.4,0.00,69,11.7,16.7,0.00,0.00,0.00,0,5,0,5,0,8.4,125,124,12.5,20.5,1,3600.00,1021.0,1006.9
2024-10-25T12:00,18.8,0.00,66,12.3,18.4,0.00,0.00,0.00,0,8,0,8,0,7.5,128,127,10.8,20.5,1,3600.00,1020.6,1006.6
2024-10-25T13:00,19.9,0.00,63,12.6,19.5,0.00,0.00,0.00,0,0,0,0,0,7.7,124,123,11.0,18.7,1,3600.00,1019.9,1006.0
2024-10-25T14:00,20.1,0.00,64,13.1,19.7,0.00,0.00,0.00,0,2,0,2,1,9.0,123,123,12.9,20.5,1,3600.00,1019.9,1006.0
2024-10-25T15:00,19.9,0.00,66,13.4,19.6,0.00,0.00,0.00,1,29,28,1,0,9.3,112,112,14.6,21.2,1,3600.00,1019.6,1005.7
2024-10-25T16:00,19.1,0.00,72,13.8,19.1,0.00,0.00,0.00,2,66,66,0,0,8.1,105,103,17.1,20.5,1,3600.00,1019.4,1005.5
2024-10-25T17:00,17.3,0.00,78,13.4,17.0,0.00,0.00,0.00,0,1,1,0,0,9.5,103,100,22.0,18.4,1,2539.23,1019.2,1005.2
2024-10-25T18:00,16.2,0.00,82,13.2,15.5,0.00,0.00,0.00,3,80,80,1,0,11.8,107,106,26.4,22.7,0,0.00,1019.5,1005.4
2024-10-25T19:00,15.4,0.00,86,13.1,14.4,0.00,0.00,0.00,1,34,33,1,0,13.2,109,107,28.1,26.3,0,0.00,1019.9,1005.8
2024-10-25T20:00,14.3,0.00,88,12.4,13.2,0.00,0.00,0.00,1,30,28,4,0,12.7,110,106,27.2,25.9,0,0.00,1020.0,1005.8
2024-10-25T21:00,13.6,0.00,88,11.6,12.2,0.00,0.00,0.00,2,71,69,6,0,12.7,110,105,27.4,25.6,0,0.00,1020.2,1006.0
2024-10-25T22:00,12.9,0.00,87,10.9,11.4,0.00,0.00,0.00,1,40,35,8,0,12.3,109,104,26.5,25.2,0,0.00,1020.4,1006.1
2024-10-25T23:00,12.2,0.00,89,10.4,10.7,0.00,0.00,0.00,3,89,87,21,0,10.8,108,105,24.5,24.5,0,0.00,1020.5,1006.2
2024-10-26T00:00,11.5,0.00,91,10.0,10.2,0.00,0.00,0.00,3,100,100,0,0,9.3,105,98,21.8,21.6,0,0.00,1020.5,1006.2
2024-10-26T01:00,10.9,0.00,93,9.8,9.5,0.00,0.00,0.00,1,24,24,0,0,9.4,99,87,21.3,18.7,0,0.00,1020.4,1006.0
2024-10-26T02:00,9.8,0.00,93,8.8,8.6,0.00,0.00,0.00,0,6,2,4,0,6.2,94,75,17.0,22.0,0,0.00,1020.6,1006.2
2024-10-26T03:00,9.2,0.00,94,8.3,7.8,0.00,0.00,0.00,0,18,8,11,0,6.4,89,80,15.1,12.6,0,0.00,1020.5,1006.1
2024-10-26T04:00,8.9,0.00,95,8.1,7.4,0.00,0.00,0.00,1,38,38,0,0,6.7,91,84,16.2,13.3,0,0.00,1020.3,1005.8
2024-10-26T05:00,8.7,0.00,95,7.9,7.2,0.00,0.00,0.00,2,59,59,0,0,6.4,89,79,17.1,14.0,0,0.00,1020.0,1005.5
2024-10-26T06:00,8.3,0.00,95,7.5,7.0,0.00,0.00,0.00,2,62,62,0,0,4.9,90,73,15.1,13.3,0,0.00,1019.8,1005.3
2024-10-26T07:00,8.3,0.00,94,7.4,6.8,0.00,0.00,0.00,3,80,80,0,0,5.6,84,65,15.7,11.9,0,0.00,1019.7,1005.2
2024-10-26T08:00,9.6,0.00,91,8.2,8.3,0.00,0.00,0.00,3,93,93,0,0,6.0,90,61,15.7,11.9,1,769.78,1019.9,1005.5
2024-10-26T09:00,11.6,0.00,86,9.3,10.7,0.00,0.00,0.00,1,43,40,0,4,5.3,84,52,13.0,13.0,1,3600.00,1019.9,1005.6
2024-10-26T10:00,13.4,0.00,82,10.4,12.5,0.00,0.00,0.00,1,37,21,0,20,6.9,78,75,10.5,17.6,1,3600.00,1019.4,1005.2
2024-10-26T11:00,14.9,0.00,79,11.3,14.2,0.00,0.00,0.00,2,52,36,0,25,7.9,101,103,11.4,20.5,1,3600.00,1018.9,1004.8
2024-10-26T12:00,16.2,0.00,75,11.9,15.6,0.00,0.00,0.00,1,33,30,0,5,8.1,97,96,11.6,20.5,1,3600.00,1018.4,1004.3
2024-10-26T13:00,17.4,0.00,72,12.3,16.9,0.00,0.00,0.00,1,25,24,0,1,8.3,88,86,12.1,20.5,1,3600.00,1017.4,1003.4
2024-10-26T14:00,16.9,0.00,72,11.8,16.1,0.00,0.00,0.00,2,73,70,4,7,9.3,105,105,13.6,28.1,1,3600.00,1017.4,1003.4
2024-10-26T15:00,17.4,0.00,71,12.0,16.6,0.00,0.00,0.00,3,97,97,1,1,9.6,97,98,14.3,21.6,1,3600.00,1016.9,1002.9
2024-10-26T16:00,16.8,0.00,73,12.0,16.1,0.00,0.00,0.00,3,100,100,0,1,8.6,98,98,16.7,21.2,1,3600.00,1016.6,1002.6
2024-10-26T17:00,15.3,0.00,76,11.1,14.1,0.00,0.00,0.00,3,97,97,0,1,10.5,111,112,21.8,20.9,1,2422.29,1016.3,1002.2
2024-10-26T18:00,14.0,0.00,80,10.7,12.6,0.00,0.00,0.00,2,61,61,0,0,11.4,117,119,23.5,22.7,0,0.00,1016.6,1002.4
2024-10-26T19:00,13.0,0.00,83,10.2,11.2,0.00,0.00,0.00,1,27,27,0,0,12.6,118,118,25.6,24.8,0,0.00,1016.8,1002.6
2024-10-26T20:00,12.1,0.00,86,9.8,9.9,0.00,0.00,0.00,0,5,1,4,0,14.2,113,108,28.3,28.4,0,0.00,1016.6,1002.4
2024-10-26T21:00,11.4,0.00,88,9.5,9.7,0.00,0.00,0.00,0,14,13,1,0,10.3,111,102,22.3,27.7,0,0.00,1016.7,1002.4
2024-10-26T22:00,10.8,0.00,91,9.4,9.4,0.00,0.00,0.00,2,63,63,0,0,8.2,114,109,20.1,20.2,0,0.00,1016.8,1002.5
2024-10-26T23:00,10.3,0.00,93,9.2,9.0,0.00,0.00,0.00,3,100,100,0,0,7.2,113,104,18.0,16.2,0,0.00,1016.7,1002.4
2024-10-27T00:00,9.8,0.00,94,8.8,8.6,0.00,0.00,0.00,3,99,98,0,0,5.9,116,110,15.6,14.0,0,0.00,1016.7,1002.3
2024-10-27T01:00,9.2,0.00,95,8.4,8.0,0.00,0.00,0.00,3,97,97,0,0,5.2,125,110,14.2,11.5,0,0.00,1017.0,1002.6
2024-10-27T02:00,8.8,0.00,96,8.3,7.8,0.00,0.00,0.00,3,100,98,0,100,3.8,127,131,11.6,11.9,0,0.00,1017.7,1003.3
2024-10-27T03:00,8.5,0.00,97,8.1,7.5,0.00,0.00,0.00,3,100,100,24,100,3.7,150,119,10.6,8.6,0,0.00,1017.9,1003.5
2024-10-27T04:00,9.1,0.00,95,8.4,8.1,0.00,0.00,0.00,3,100,96,5,100,3.9,167,118,8.1,7.6,0,0.00,1017.8,1003.4
2024-10-27T05:00,9.9,0.00,93,8.8,8.9,0.00,0.00,0.00,3,100,94,63,100,4.5,195,182,9.1,10.1,0,0.00,1018.9,1004.5
2024-10-27T06:00,10.2,0.00,96,9.7,9.5,0.00,0.00,0.00,3,100,45,83,100,4.7,209,196,7.8,10.1,0,0.00,1019.6,1005.2
2024-10-27T07:00,10.5,0.00,98,10.1,9.4,0.00,0.00,0.00,3,100,2,99,100,7.4,208,203,13.2,15.5,0,0.00,1020.3,1005.9
2024-10-27T08:00,10.7,0.00,97,10.3,9.8,0.00,0.00,0.00,3,100,7,98,96,6.8,222,215,11.2,15.5,1,0.00,1021.3,1006.9
2024-10-27T09:00,11.3,0.20,95,10.5,10.6,0.20,0.00,0.00,51,94,43,65,70,5.8,182,176,6.8,14.4,1,0.00,1021.8,1007.4
2024-10-27T10:00,13.2,0.10,87,11.1,12.4,0.10,0.00,0.00,51,90,9,81,45,7.6,182,184,9.9,19.4,1,3600.00,1022.4,1008.1
2024-10-27T11:00,14.2,0.00,84,11.6,13.9,0.00,0.00,0.00,3,99,78,97,15,5.6,172,176,7.6,18.4,1,3600.00,1022.5,1008.3
2024-10-27T12:00,14.7,0.00,84,11.9,14.3,0.00,0.00,0.00,1,46,30,19,3,6.5,182,182,9.2,16.6,1,1782.92,1022.8,1008.6
2024-10-27T13:00,16.6,0.00,78,12.7,16.7,0.00,0.00,0.00,1,32,26,8,0,4.7,183,182,6.5,17.6,1,3600.00,1022.7,1008.6
2024-10-27T14:00,16.4,0.00,76,12.2,16.7,0.00,0.00,0.00,0,1,0,0,1,2.6,161,164,3.2,14.0,1,3600.00,1023.3,1009.2
2024-10-27T15:00,16.6,0.00,75,12.2,16.9,0.00,0.00,0.00,1,31,23,5,9,2.9,135,137,3.8,10.8,1,3600.00,1023.5,1009.4
2024-10-27T16:00,16.2,0.00,78,12.4,16.3,0.00,0.00,0.00,1,21,1,18,17,4.3,148,147,8.1,10.1,1,3600.00,1023.9,1009.8
2024-10-27T17:00,14.4,0.00,85,12.0,14.1,0.00,0.00,0.00,0,3,0,1,2,6.0,159,153,14.3,11.2,1,2306.17,1024.1,1009.9
2024-10-27T18:00,13.1,0.00,90,11.5,12.5,0.00,0.00,0.00,0,2,0,2,1,7.0,148,122,16.3,13.3,0,0.00,1024.5,1010.2
2024-10-27T19:00,12.4,0.00,91,11.0,11.8,0.00,0.00,0.00,0,1,0,1,0,6.0,136,99,14.3,13.0,0,0.00,1024.9,1010.5
2024-10-27T20:00,11.6,0.00,93,10.6,10.8,0.00,0.00,0.00,0,0,0,0,0,6.9,133,96,12.5,12.2,0,0.00,1025.4,1011.0
2024-10-27T21:00,11.3,0.00,94,10.4,10.2,0.00,0.00,0.00,0,0,0,0,0,8.5,135,107,16.7,15.8,0,0.00,1025.3,1010.9
2024-10-27T22:00,11.0,0.00,94,10.1,10.0,0.00,0.00,0.00,0,0,0,0,0,7.0,128,100,15.7,15.8,0,0.00,1025.7,1011.3
2024-10-27T23:00,10.3,0.00,95,9.5,9.3,0.00,0.00,0.00,0,1,0,0,1,5.8,123,97,14.0,12.6,0,0.00,1026.0,1011.5
2024-10-28T00:00,9.9,0.00,96,9.2,8.8,0.00,0.00,0.00,0,0,0,0,0,6.1,123,95,13.7,11.2,0,0.00,1026.0,1011.5
2024-10-28T01:00,9.8,0.00,96,9.2,8.6,0.00,0.00,0.00,0,0,0,0,0,6.8,127,101,14.1,12.2,0,0.00,1026.0,1011.5
2024-10-28T02:00,8.8,0.00,96,8.3,7.5,0.00,0.00,0.00,0,1,0,0,1,5.8,138,110,13.0,10.4,0,0.00,1026.6,1012.0
2024-10-28T03:00,8.7,0.00,97,8.3,7.4,0.00,0.00,0.00,0,1,0,0,1,5.9,143,108,12.3,9.7,0,0.00,1026.5,1011.9
2024-10-28T04:00,9.1,0.00,97,8.6,7.8,0.00,0.00,0.00,0,2,0,0,2,6.1,158,120,11.9,10.8,0,0.00,1026.3,1011.8
2024-10-28T05:00,9.2,0.00,97,8.7,7.8,0.00,0.00,0.00,0,3,0,0,3,7.3,163,130,13.4,14.0,0,0.00,1026.2,1011.7
2024-10-28T06:00,8.9,0.00,98,8.5,7.5,0.00,0.00,0.00,1,46,0,0,46,6.5,172,136,14.7,13.7,0,0.00,1026.2,1011.7
2024-10-28T07:00,9.2,0.00,99,9.1,8.0,0.00,0.00,0.00,3,100,0,0,100,6.4,179,135,14.2,13.3,0,0.00,1026.3,1011.8
2024-10-28T08:00,10.0,0.00,100,10.0,9.0,0.00,0.00,0.00,3,100,0,2,100,6.8,185,145,11.7,13.3,1,20.95,1026.7,1012.2
2024-10-28T09:00,11.2,0.00,98,10.9,10.6,0.00,0.00,0.00,3,100,0,1,100,6.2,193,168,8.1,14.8,1,893.21,1027.3,1012.9
2024-10-28T10:00,12.4,0.00,94,11.4,11.9,0.00,0.00,0.00,3,100,0,0,100,6.3,184,182,7.6,15.8,1,1196.87,1027.4,1013.0
2024-10-28T11:00,14.2,0.00,89,12.4,13.9,0.00,0.00,0.00,1,42,0,0,42,6.7,187,186,8.5,17.6,1,3600.00,1027.0,1012.7
2024-10-28T12:00,16.0,0.00,83,13.2,16.2,0.00,0.00,0.00,0,16,0,0,16,5.0,196,195,6.7,18.0,1,3600.00,1026.4,1012.2
2024-10-28T13:00,17.0,0.00,80,13.6,17.5,0.00,0.00,0.00,0,6,0,0,6,4.6,234,239,6.2,15.8,1,3600.00,1025.9,1011.8
2024-10-28T14:00,17.7,0.00,78,13.7,18.4,0.00,0.00,0.00,0,11,0,4,8,3.4,243,245,4.4,13.7,1,3600.00,1025.8,1011.7
2024-10-28T15:00,17.9,0.00,77,13.8,18.7,0.00,0.00,0.00,0,18,0,4,17,2.7,246,250,3.5,11.9,1,3600.00,1025.6,1011.5
2024-10-28T16:00,17.6,0.00,81,14.3,18.9,0.00,0.00,0.00,0,8,0,1,8,0.7,239,270,1.0,9.0,1,3600.00,1025.2,1011.1
2024-10-28T17:00,17.1,0.00,80,13.6,17.9,0.00,0.00,0.00,2,75,74,0,3,2.7,127,98,2.7,4.3,1,2191.02,1025.1,1011.0
2024-10-28T18:00,13.3,0.00,92,12.0,13.1,0.00,0.00,0.00,1,31,31,0,0,6.0,125,97,5.7,8.3,0,0.00,1025.4,1011.1
2024-10-28T19:00,12.3,0.00,94,11.4,11.9,0.00,0.00,0.00,3,80,77,7,7,5.8,133,94,4.5,9.0,0,0.00,1025.9,1011.5
2024-10-28T20:00,12.1,0.00,95,11.3,11.7,0.00,0.00,0.00,3,91,90,8,5,5.1,168,108,5.9,8.3,0,0.00,1026.0,1011.6
2024-10-28T21:00,11.8,0.00,95,11.1,11.3,0.00,0.00,0.00,3,98,97,13,14,5.6,179,111,7.6,8.3,0,0.00,1026.3,1011.9
2024-10-28T22:00,12.1,0.00,94,11.1,11.7,0.00,0.00,0.00,3,88,84,9,20,5.2,175,117,8.7,8.6,0,0.00,1026.3,1011.9
2024-10-28T23:00,12.1,0.00,94,11.1,11.6,0.00,0.00,0.00,1,29,14,5,16,5.6,172,130,11.3,9.7,0,0.00,1026.2,1011.8
2024-10-29T00:00,11.2,0.00,95,10.5,10.5,0.00,0.00,0.00,2,51,37,12,21,5.4,174,127,12.1,10.1,0,0.00,1026.3,1011.9
2024-10-29T01:00,10.6,0.00,96,10.0,9.9,0.00,0.00,0.00,1,38,4,12,26,4.8,180,112,8.8,9.0,0,0.00,1026.2,1011.7
2024-10-29T02:00,11.3,0.00,94,10.4,10.7,0.00,0.00,0.00,2,68,4,60,18,4.6,190,126,10.2,9.4,0,0.00,1026.4,1012.0
2024-10-29T03:00,11.2,0.00,95,10.4,10.4,0.00,0.00,0.00,0,15,0,9,7,6.7,195,149,14.3,12.2,0,0.00,1026.2,1011.8
2024-10-29T04:00,10.9,0.00,94,10.1,10.1,0.00,0.00,0.00,1,45,0,38,13,5.9,202,162,14.4,12.6,0,0.00,1026.5,1012.1
2024-10-29T05:00,10.5,0.00,96,9.9,9.7,0.00,0.00,0.00,1,31,3,28,4,5.0,203,167,13.1,11.9,0,0.00,1026.8,1012.3
2024-10-29T06:00,9.3,0.00,98,9.0,8.2,0.00,0.00,0.00,0,19,1,4,16,5.5,206,161,9.0,9.7,0,0.00,1027.1,1012.6
2024-10-29T07:00,8.7,0.00,99,8.6,7.5,0.00,0.00,0.00,2,65,1,1,64,5.6,214,173,5.2,9.4,0,0.00,1027.5,1012.9
2024-10-29T08:00,10.7,0.00,98,10.3,10.4,0.00,0.00,0.00,3,100,0,0,100,2.5,235,180,2.8,9.0,1,0.00,1027.8,1013.3
2024-10-29T09:00,11.6,0.00,97,11.1,11.7,0.00,0.00,0.00,3,100,0,0,100,1.5,248,210,1.0,7.9,1,0.00,1028.1,1013.7
2024-10-29T10:00,12.6,0.00,95,11.8,12.8,0.00,0.00,0.00,3,100,0,0,100,2.6,228,219,2.4,9.4,1,0.00,1028.2,1013.8
2024-10-29T11:00,13.1,0.00,94,12.2,13.0,0.00,0.00,0.00,3,100,0,0,100,5.1,231,231,6.5,14.0,1,0.00,1028.1,1013.7
2024-10-29T12:00,14.2,0.00,88,12.2,13.9,0.00,0.00,0.00,3,100,0,0,100,6.8,237,238,9.0,17.3,1,440.71,1027.7,1013.4
2024-10-29T13:00,15.3,0.00,82,12.2,14.9,0.00,0.00,0.00,3,91,0,0,91,7.5,249,249,10.0,18.7,1,3600.00,1027.2,1013.0
2024-10-29T14:00,16.7,0.00,78,12.8,16.2,0.00,0.00,0.00,1,47,0,0,47,9.4,251,250,13.0,23.4,1,3600.00,1026.4,1012.2
2024-10-29T15:00,17.0,0.00,75,12.6,16.5,0.00,0.00,0.00,1,32,0,0,32,8.6,251,250,12.4,21.6,1,3600.00,1026.1,1012.0
2024-10-29T16:00,16.5,0.00,79,12.8,16.7,0.00,0.00,0.00,0,9,0,0,9,4.3,246,242,9.8,19.1,1,3600.00,1025.9,1011.7
2024-10-29T17:00,12.8,0.00,90,11.2,12.0,0.00,0.00,0.00,0,3,0,0,3,7.4,227,202,9.8,10.8,1,2076.97,1025.7,1011.4
2024-10-29T18:00,11.4,0.00,93,10.3,10.3,0.00,0.00,0.00,0,1,0,0,1,8.3,226,185,11.8,12.2,0,0.00,1026.1,1011.7
2024-10-29T19:00,11.9,0.00,92,10.6,11.0,0.00,0.00,0.00,0,1,0,0,1,7.0,239,193,11.5,12.2,0,0.00,1026.2,1011.8
2024-10-29T20:00,13.3,0.00,89,11.6,13.2,0.00,0.00,0.00,0,2,0,0,2,4.2,275,239,9.0,10.8,0,0.00,1026.5,1012.2
2024-10-29T21:00,12.7,0.00,92,11.5,12.4,0.00,0.00,0.00,0,4,3,0,1,5.6,319,6,10.0,8.6,0,0.00,1026.7,1012.3
2024-10-29T22:00,10.6,0.00,94,9.7,9.6,0.00,0.00,0.00,0,0,0,0,0,6.5,325,19,10.7,10.1,0,0.00,1026.8,1012.3
2024-10-29T23:00,12.4,0.00,88,10.5,11.9,0.00,0.00,0.00,0,0,0,0,0,4.5,317,37,8.4,10.1,0,0.00,1026.9,1012.5
2024-10-30T00:00,12.1,0.00,88,10.2,11.6,0.00,0.00,0.00,0,0,0,0,0,3.3,321,54,6.0,7.6,0,0.00,1026.7,1012.3
2024-10-30T01:00,11.7,0.00,89,10.0,11.3,0.00,0.00,0.00,0,3,0,0,3,2.8,319,40,6.0,6.5,0,0.00,1026.9,1012.5
2024-10-30T02:00,9.4,0.00,99,9.3,9.1,0.00,0.00,0.00,3,99,0,0,99,0.5,335,90,3.4,2.9,0,0.00,1027.0,1012.5
2024-10-30T03:00,8.1,0.00,99,7.9,7.2,0.00,0.00,0.00,3,100,0,7,100,1.9,342,68,5.7,4.0,0,0.00,1027.1,1012.5
2024-10-30T04:00,8.7,0.00,96,8.1,7.9,0.00,0.00,0.00,3,100,0,13,100,2.1,335,75,6.0,5.0,0,0.00,1027.3,1012.7
2024-10-30T05:00,9.6,0.00,95,8.9,9.1,0.00,0.00,0.00,3,100,0,7,100,1.0,313,68,4.5,5.0,0,0.00,1027.6,1013.1
2024-10-30T06:00,9.9,0.00,96,9.3,9.7,0.00,0.00,0.00,3,100,0,5,100,0.3,304,135,3.2,3.6,0,0.00,1027.7,1013.2
2024-10-30T07:00,10.1,0.00,95,9.3,9.7,0.00,0.00,0.00,3,100,0,3,100,1.0,261,149,2.2,2.9,0,0.00,1027.9,1013.4
2024-10-30T08:00,10.6,0.00,94,9.7,10.3,0.00,0.00,0.00,3,100,0,0,100,1.8,217,135,1.8,4.7,1,0.00,1028.1,1013.6
2024-10-30T09:00,11.7,0.00,91,10.4,11.6,0.00,0.00,0.00,3,100,0,0,100,1.6,266,276,2.7,6.5,1,532.55,1028.5,1014.1
2024-10-30T10:00,12.0,0.00,92,10.7,11.7,0.00,0.00,0.00,3,100,0,0,100,3.5,308,309,4.4,10.1,1,0.00,1028.7,1014.3
2024-10-30T11:00,12.6,0.00,90,10.9,12.1,0.00,0.00,0.00,3,100,0,0,100,4.8,317,318,6.1,13.3,1,0.00,1028.9,1014.5
2024-10-30T12:00,12.9,0.00,88,10.9,12.5,0.00,0.00,0.00,2,79,0,0,79,4.3,314,315,5.2,13.3,1,0.00,1028.8,1014.4
2024-10-30T13:00,13.4,0.00,84,10.8,13.0,0.00,0.00,0.00,3,95,0,0,95,4.6,324,321,5.8,13.3,1,1179.90,1028.5,1014.2
2024-10-30T14:00,14.9,0.00,79,11.2,14.5,0.00,0.00,0.00,3,98,0,0,98,4.6,331,321,5.6,15.1,1,3600.00,1027.9,1013.6
2024-10-30T15:00,15.1,0.00,77,11.0,14.7,0.00,0.00,0.00,2,70,0,0,70,4.3,324,315,5.5,13.0,1,3600.00,1027.7,1013.4
2024-10-30T16:00,14.6,0.00,80,11.1,14.2,0.00,0.00,0.00,2,53,0,0,53,5.0,307,300,7.5,11.9,1,3600.00,1027.5,1013.2
2024-10-30T17:00,12.9,0.00,91,11.4,12.2,0.00,0.00,0.00,2,50,0,0,50,7.3,327,314,15.4,14.0,1,902.87,1027.6,1013.2
2024-10-30T18:00,12.0,0.00,95,11.2,11.5,0.00,0.00,0.00,2,60,0,0,60,6.3,10,358,14.3,14.0,0,0.00,1027.7,1013.3
2024-10-30T19:00,11.7,0.00,94,10.8,11.0,0.00,0.00,0.00,3,99,0,0,99,6.6,35,17,14.2,12.6,0,0.00,1028.0,1013.6
2024-10-30T20:00,11.4,0.00,93,10.3,10.8,0.00,0.00,0.00,3,100,0,0,100,4.6,58,42,12.7,12.6,0,0.00,1028.0,1013.6
2024-10-30T21:00,10.8,0.00,94,9.9,10.2,0.00,0.00,0.00,3,94,0,0,94,3.9,77,74,10.7,9.0,0,0.00,1028.3,1013.8
2024-10-30T22:00,10.0,0.00,96,9.4,9.4,0.00,0.00,0.00,2,58,0,0,58,3.2,101,87,7.5,7.9,0,0.00,1028.6,1014.1
2024-10-30T23:00,8.7,0.00,98,8.4,7.7,0.00,0.00,0.00,0,12,0,0,12,4.2,130,100,7.5,7.6,0,0.00,1028.6,1014.0
2024-10-31T00:00,7.8,0.00,98,7.5,6.6,0.00,0.00,0.00,0,14,0,0,14,3.7,92,67,6.1,8.3,0,0.00,1028.5,1013.9
2024-10-31T01:00,7.0,0.00,98,6.8,5.6,0.00,0.00,0.00,0,16,0,0,16,3.9,95,77,4.3,7.2,0,0.00,1028.2,1013.5
2024-10-31T02:00,7.6,0.00,99,7.4,6.4,0.00,0.00,0.00,0,4,0,0,4,3.6,90,72,4.3,7.2,0,0.00,1028.8,1014.2
2024-10-31T03:00,7.7,0.00,98,7.5,6.4,0.00,0.00,0.00,1,38,0,0,38,4.4,53,52,6.3,9.0,0,0.00,1028.6,1014.0
2024-10-31T04:00,7.2,0.00,99,7.0,6.0,0.00,0.00,0.00,2,54,0,0,54,3.2,66,71,5.7,9.4,0,0.00,1028.4,1013.7
2024-10-31T05:00,6.8,0.00,98,6.5,5.3,0.00,0.00,0.00,2,65,0,0,65,3.8,84,79,5.2,6.8,0,0.00,1028.6,1013.9
2024-10-31T06:00,6.5,0.00,99,6.3,5.0,0.00,0.00,0.00,2,78,0,0,78,3.5,74,78,5.2,6.8,0,0.00,1028.7,1014.0
2024-10-31T07:00,6.8,0.00,100,6.8,5.5,0.00,0.00,0.00,3,100,0,0,100,3.2,92,87,4.3,7.2,0,0.00,1028.9,1014.2
2024-10-31T08:00,7.3,0.00,99,7.1,5.8,0.00,0.00,0.00,3,100,0,0,100,4.6,103,101,6.5,11.5,1,0.00,1029.4,1014.7
2024-10-31T09:00,8.4,0.00,95,7.7,7.0,0.00,0.00,0.00,3,100,0,0,100,5.3,107,108,6.8,13.7,1,0.00,1029.6,1015.0
2024-10-31T10:00,9.9,0.00,93,8.8,8.7,0.00,0.00,0.00,3,100,0,0,100,6.0,87,81,7.4,15.1,1,0.00,1029.6,1015.1
2024-10-31T11:00,10.9,0.00,92,9.6,10.0,0.00,0.00,0.00,3,100,0,0,100,5.9,105,102,7.5,15.5,1,0.00,1029.2,1014.7
2024-10-31T12:00,12.0,0.00,89,10.2,11.4,0.00,0.00,0.00,3,100,0,0,100,4.6,130,129,6.1,15.1,1,0.00,1028.7,1014.3
2024-10-31T13:00,13.3,0.00,85,10.7,13.1,0.00,0.00,0.00,3,100,0,0,100,2.8,148,153,4.0,13.7,1,2379.38,1028.1,1013.8
2024-10-31T14:00,11.5,0.00,87,9.3,10.4,0.00,0.00,0.00,3,100,0,0,100,6.2,127,126,8.4,18.0,1,0.00,1028.4,1014.0
2024-10-31T15:00,12.0,0.00,85,9.5,11.1,0.00,0.00,0.00,3,100,0,0,100,5.1,121,117,6.7,15.5,1,0.00,1028.1,1013.7
2024-10-31T16:00,12.1,0.00,85,9.6,11.5,0.00,0.00,0.00,3,100,0,0,100,3.9,113,112,5.5,12.6,1,0.00,1027.9,1013.5
2024-10-31T17:00,11.7,0.00,91,10.2,11.4,0.00,0.00,0.00,3,100,0,0,100,2.5,87,45,4.0,9.0,1,0.00,1027.8,1013.4
2024-10-31T18:00,11.3,0.00,93,10.2,11.0,0.00,0.00,0.00,3,100,0,0,100,2.5,68,360,2.9,3.6,0,0.00,1027.8,1013.4
2024-10-31T19:00,10.8,0.00,94,9.9,10.3,0.00,0.00,0.00,3,100,0,0,100,3.3,22,351,2.9,5.0,0,0.00,1027.8,1013.3
2024-10-31T20:00,10.4,0.00,95,9.6,9.7,0.00,0.00,0.00,3,100,0,0,100,3.8,15,11,5.4,6.8,0,0.00,1027.8,1013.3
2024-10-31T21:00,10.1,0.00,96,9.5,9.3,0.00,0.00,0.00,3,100,0,0,100,4.9,18,24,6.8,9.0,0,0.00,1027.7,1013.2
2024-10-31T22:00,9.9,0.00,97,9.4,9.2,0.00,0.00,0.00,3,99,0,0,99,4.2,18,25,5.9,9.0,0,0.00,1027.4,1012.9
2024-10-31T23:00,9.8,0.00,97,9.4,9.1,0.00,0.00,0.00,3,90,0,0,90,3.4,347,43,4.6,7.9,0,0.00,1027.1,1012.6
2024-11-01T00:00,9.0,0.00,98,8.7,8.3,0.00,0.00,0.00,3,100,0,0,100,1.8,341,79,3.2,6.5,0,0.00,1026.7,1012.2
2024-11-01T01:00,8.4,0.00,97,8.0,7.4,0.00,0.00,0.00,3,100,0,0,100,3.2,357,74,3.2,4.7,0,0.00,1026.6,1012.0
2024-11-01T02:00,10.4,0.00,92,9.1,9.8,0.00,0.00,0.00,3,100,0,0,100,2.0,331,27,4.1,6.1,0,0.00,1026.8,1012.3
2024-11-01T03:00,10.4,0.00,92,9.2,10.1,0.00,0.00,0.00,3,100,0,0,100,1.0,360,31,2.7,3.6,0,0.00,1026.7,1012.2
2024-11-01T04:00,10.4,0.00,90,8.9,9.7,0.00,0.00,0.00,3,100,0,0,100,2.2,137,132,2.9,4.7,0,0.00,1026.5,1012.0
2024-11-01T05:00,10.1,0.00,92,8.8,9.1,0.00,0.00,0.00,3,100,0,0,100,4.5,151,140,7.0,9.4,0,0.00,1026.4,1011.9
2024-11-01T06:00,10.1,0.00,92,8.8,9.0,0.00,0.00,0.00,3,100,0,0,100,5.6,164,155,9.2,11.5,0,0.00,1026.3,1011.8
2024-11-01T07:00,9.9,0.00,93,8.9,9.0,0.00,0.00,0.00,3,100,0,0,100,4.5,175,166,7.6,11.5,0,0.00,1026.4,1011.9
2024-11-01T08:00,10.1,0.00,94,9.1,9.1,0.00,0.00,0.00,3,100,0,0,100,5.4,192,188,7.9,12.2,1,0.00,1026.4,1011.9
2024-11-01T09:00,10.5,0.10,91,9.2,9.0,0.10,0.00,0.00,51,100,0,0,100,8.7,217,214,12.1,18.4,1,0.00,1026.7,1012.2
2024-11-01T10:00,10.8,0.10,89,9.1,9.2,0.10,0.00,0.00,51,100,0,0,100,9.6,222,221,13.3,21.2,1,0.00,1026.4,1012.0
2024-11-01T11:00,11.3,0.00,87,9.1,9.8,0.00,0.00,0.00,3,100,0,0,100,8.7,227,227,11.8,22.0,1,0.00,1026.4,1012.0
2024-11-01T12:00,11.8,0.00,84,9.2,10.4,0.00,0.00,0.00,3,100,0,0,100,8.0,227,228,10.8,19.8,1,0.00,1026.0,1011.6
2024-11-01T13:00,12.3,0.00,82,9.3,10.8,0.00,0.00,0.00,3,100,0,0,100,8.8,227,227,11.7,20.5,1,0.00,1025.4,1011.0
2024-11-01T14:00,11.7,0.00,84,9.1,10.3,0.00,0.00,0.00,3,100,0,0,100,8.4,235,235,11.5,19.8,1,0.00,1025.3,1010.9
2024-11-01T15:00,12.0,0.00,82,9.0,10.5,0.00,0.00,0.00,3,100,0,0,100,8.4,245,245,11.8,19.8,1,0.00,1025.0,1010.6
2024-11-01T16:00,12.2,0.00,79,8.8,10.8,0.00,0.00,0.00,3,100,0,0,100,7.4,250,248,10.9,19.1,1,215.86,1024.8,1010.4
2024-11-01T17:00,11.6,0.00,86,9.3,11.0,0.00,0.00,0.00,3,97,0,0,97,3.0,230,194,7.5,16.2,1,0.00,1024.6,1010.2
2024-11-01T18:00,10.4,0.00,91,9.0,9.3,0.00,0.00,0.00,3,96,0,0,96,5.6,229,205,9.3,8.6,0,0.00,1025.2,1010.7
2024-11-01T19:00,10.6,0.00,91,9.2,9.6,0.00,0.00,0.00,3,100,0,0,100,4.9,266,260,8.8,9.0,0,0.00,1025.7,1011.2
2024-11-01T20:00,10.0,0.00,93,8.9,8.9,0.00,0.00,0.00,1,38,0,0,38,5.4,281,255,9.2,8.3,0,0.00,1026.0,1011.5
2024-11-01T21:00,8.5,0.00,95,7.7,6.9,0.00,0.00,0.00,1,31,0,0,31,7.2,287,283,11.7,10.8,0,0.00,1026.5,1011.9
2024-11-01T22:00,7.6,0.00,95,6.9,5.6,0.00,0.00,0.00,1,23,0,0,23,7.8,303,308,11.6,11.5,0,0.00,1026.8,1012.2
2024-11-01T23:00,8.7,0.00,92,7.5,7.2,0.00,0.00,0.00,0,11,0,0,11,5.8,314,330,9.0,11.2,0,0.00,1027.2,1012.6
2024-11-02T00:00,7.1,0.00,95,6.4,5.3,0.00,0.00,0.00,2,62,0,0,62,6.3,331,360,9.0,9.4,0,0.00,1027.5,1012.8
2024-11-02T01:00,8.0,0.00,94,7.1,6.6,0.00,0.00,0.00,3,99,0,0,99,4.5,342,2,10.2,9.4,0,0.00,1027.6,1013.0
2024-11-02T02:00,8.3,0.00,92,7.2,7.0,0.00,0.00,0.00,2,71,0,0,71,3.8,346,341,10.2,9.7,0,0.00,1028.0,1013.4
2024-11-02T03:00,8.3,0.00,93,7.3,7.2,0.00,0.00,0.00,2,77,0,0,77,3.1,351,339,9.5,8.6,0,0.00,1027.9,1013.3
2024-11-02T04:00,8.2,0.00,94,7.4,7.0,0.00,0.00,0.00,3,100,0,0,100,3.5,359,345,10.3,6.8,0,0.00,1028.1,1013.5
2024-11-02T05:00,8.8,0.00,92,7.5,7.4,0.00,0.00,0.00,3,98,0,0,98,5.2,16,2,12.2,10.1,0,0.00,1028.4,1013.8
2024-11-02T06:00,9.0,0.00,90,7.5,7.5,0.00,0.00,0.00,2,51,0,0,51,5.7,37,28,14.0,11.5,0,0.00,1028.7,1014.1
2024-11-02T07:00,8.3,0.00,92,7.0,6.8,0.00,0.00,0.00,1,47,0,0,47,5.1,59,54,14.5,11.5,0,0.00,1028.9,1014.3
2024-11-02T08:00,8.7,0.00,89,7.0,7.1,0.00,0.00,0.00,3,86,0,0,86,5.5,77,73,14.2,11.5,1,0.00,1029.6,1015.0
2024-11-02T09:00,10.2,0.00,83,7.4,8.8,0.00,0.00,0.00,3,100,0,0,100,4.3,90,85,11.0,12.2,1,1988.54,1030.2,1015.7
2024-11-02T10:00,10.7,0.00,80,7.3,9.2,0.00,0.00,0.00,3,100,0,0,100,5.3,82,82,8.2,12.6,1,0.00,1030.5,1016.0
2024-11-02T11:00,11.5,0.00,77,7.5,9.6,0.00,0.00,0.00,3,100,0,0,100,8.2,80,81,11.7,18.0,1,0.00,1030.6,1016.1
2024-11-02T12:00,12.3,0.00,75,7.9,10.5,0.00,0.00,0.00,3,100,80,0,100,8.4,78,80,11.8,19.8,1,0.00,1030.4,1016.0
2024-11-02T13:00,13.0,0.00,73,8.2,11.0,0.00,0.00,0.00,3,100,0,0,100,10.0,76,77,14.1,21.6,1,163.37,1030.0,1015.6
2024-11-02T14:00,12.3,0.00,74,7.8,10.4,0.00,0.00,0.00,3,100,0,0,100,9.3,76,77,13.2,20.5,1,39.30,1029.9,1015.5
2024-11-02T15:00,12.4,0.00,75,8.0,10.7,0.00,0.00,0.00,3,100,0,0,100,8.4,78,79,12.5,20.2,1,0.00,1029.5,1015.1
2024-11-02T16:00,12.5,0.00,75,8.1,10.8,0.00,0.00,0.00,3,100,0,0,100,8.2,79,80,13.7,18.7,1,0.00,1029.5,1015.1
2024-11-02T17:00,12.0,0.00,77,8.1,10.6,0.00,0.00,0.00,3,100,0,0,100,6.2,73,69,13.9,16.9,1,0.00,1029.9,1015.5
2024-11-02T18:00,11.9,0.00,78,8.1,10.3,0.00,0.00,0.00,3,81,0,0,81,7.6,72,68,16.1,15.5,0,0.00,1030.2,1015.8
2024-11-02T19:00,11.5,0.00,79,8.0,10.0,0.00,0.00,0.00,1,46,0,0,46,6.2,89,80,15.1,15.8,0,0.00,1030.4,1015.9
2024-11-02T20:00,9.8,0.00,87,7.8,8.5,0.00,0.00,0.00,2,56,28,0,39,4.6,86,69,13.0,13.0,0,0.00,1030.6,1016.0
2024-11-02T21:00,9.2,0.00,90,7.7,7.8,0.00,0.00,0.00,3,91,85,0,35,5.7,80,66,15.2,11.5,0,0.00,1030.8,1016.2
2024-11-02T22:00,9.0,0.00,91,7.6,7.2,0.00,0.00,0.00,3,98,97,0,43,7.9,69,49,18.4,14.8,0,0.00,1030.9,1016.3
2024-11-02T23:00,9.8,0.00,87,7.8,7.9,0.00,0.00,0.00,3,98,87,0,85,8.9,70,58,21.1,18.0,0,0.00,1031.0,1016.4
2024-11-03T00:00,10.6,0.00,84,8.0,8.9,0.00,0.00,0.00,3,98,4,0,98,7.9,80,74,18.6,18.4,0,0.00,1030.8,1016.3
2024-11-03T01:00,9.7,0.00,87,7.7,8.1,0.00,0.00,0.00,2,76,0,0,76,7.2,88,86,18.4,16.2,0,0.00,1030.8,1016.2
2024-11-03T02:00,10.7,0.00,80,7.3,8.7,0.00,0.00,0.00,3,89,0,0,89,9.1,99,98,18.6,19.4,0,0.00,1031.2,1016.7
2024-11-03T03:00,10.0,0.00,81,7.0,8.2,0.00,0.00,0.00,2,57,0,0,57,6.9,102,99,16.9,18.7,0,0.00,1030.8,1016.2
2024-11-03T04:00,9.0,0.00,85,6.6,7.2,0.00,0.00,0.00,3,84,0,0,84,6.8,95,90,17.5,14.4,0,0.00,1030.6,1016.0
2024-11-03T05:00,9.3,0.00,82,6.4,7.2,0.00,0.00,0.00,2,64,0,0,64,7.9,95,93,19.0,15.8,0,0.00,1030.2,1015.6
2024-11-03T06:00,8.8,0.00,84,6.2,6.6,0.00,0.00,0.00,1,32,0,0,32,8.5,96,92,20.1,16.9,0,0.00,1030.2,1015.6
2024-11-03T07:00,8.2,0.00,87,6.1,6.0,0.00,0.00,0.00,0,8,0,0,8,8.5,97,92,20.3,16.9,0,0.00,1030.4,1015.8
2024-11-03T08:00,8.1,0.00,88,6.2,5.8,0.00,0.00,0.00,1,45,41,0,7,9.4,97,93,21.2,18.4,1,101.62,1030.8,1016.2
2024-11-03T09:00,10.0,0.00,83,7.2,7.8,0.00,0.00,0.00,1,39,30,0,13,10.1,100,96,23.9,20.5,1,3600.00,1030.8,1016.2
2024-11-03T10:00,11.6,0.00,77,7.7,9.5,0.00,0.00,0.00,0,18,7,0,12,10.4,105,104,16.0,23.4,1,3600.00,1030.6,1016.1
2024-11-03T11:00,12.7,0.00,72,7.7,10.2,0.00,0.00,0.00,2,60,20,0,50,13.1,119,119,18.5,28.1,1,3600.00,1030.5,1016.1
2024-11-03T12:00,13.3,0.00,68,7.6,11.1,0.00,0.00,0.00,2,65,1,0,65,11.0,114,114,15.4,28.8,1,3600.00,1030.1,1015.7
2024-11-03T13:00,13.7,0.00,66,7.4,11.7,0.00,0.00,0.00,3,85,0,0,85,9.3,105,106,12.9,24.8,1,3600.00,1029.4,1015.1
2024-11-03T14:00,13.2,0.00,67,7.2,11.1,0.00,0.00,0.00,3,81,0,0,81,9.6,116,116,13.4,24.1,1,3600.00,1029.6,1015.2
2024-11-03T15:00,13.1,0.00,67,7.1,11.1,0.00,0.00,0.00,2,59,0,0,59,8.5,116,117,12.0,21.6,1,3600.00,1029.2,1014.8
2024-11-03T16:00,12.4,0.00,71,7.3,10.8,0.00,0.00,0.00,2,60,0,0,60,6.5,115,113,12.3,18.4,1,3600.00,1029.1,1014.7
2024-11-03T17:00,10.7,0.00,77,6.9,9.1,0.00,0.00,0.00,1,20,0,0,20,5.8,102,90,14.4,13.7,1,466.94,1029.0,1014.5
2024-11-03T18:00,9.3,0.00,83,6.6,7.5,0.00,0.00,0.00,0,14,0,0,14,6.4,99,80,16.0,12.2,0,0.00,1029.2,1014.6
2024-11-03T19:00,8.3,0.00,86,6.2,6.4,0.00,0.00,0.00,0,11,0,0,11,6.4,104,80,15.9,12.6,0,0.00,1029.3,1014.7
2024-11-03T20:00,7.5,0.00,89,5.8,5.4,0.00,0.00,0.00,0,4,0,0,4,7.0,102,80,16.4,13.3,0,0.00,1029.4,1014.7
2024-11-03T21:00,6.8,0.00,90,5.4,4.6,0.00,0.00,0.00,0,0,0,0,0,7.3,99,79,17.1,14.4,0,0.00,1029.4,1014.7
2024-11-03T22:00,6.3,0.00,92,5.0,4.0,0.00,0.00,0.00,0,0,0,0,0,7.3,97,80,17.0,14.8,0,0.00,1029.3,1014.6
2024-11-03T23:00,5.7,0.00,92,4.6,3.3,0.00,0.00,0.00,0,0,0,0,0,7.6,92,83,17.6,14.8,0,0.00,1029.5,1014.7
2024-11-04T00:00,5.5,0.00,92,4.3,3.1,0.00,0.00,0.00,0,0,0,0,0,7.0,92,86,17.8,14.8,0,0.00,1029.4,1014.6
2024-11-04T01:00,5.3,0.00,92,4.1,2.9,0.00,0.00,0.00,0,0,0,0,0,6.5,92,84,17.5,13.7,0,0.00,1029.4,1014.6
2024-11-04T02:00,5.3,0.00,93,4.3,2.9,0.00,0.00,0.00,0,0,0,0,0,6.8,95,87,18.8,14.4,0,0.00,1029.6,1014.8
2024-11-04T03:00,5.1,0.00,93,4.1,2.7,0.00,0.00,0.00,0,0,0,0,0,6.5,93,82,18.6,14.0,0,0.00,1029.5,1014.7
2024-11-04T04:00,4.9,0.00,94,4.0,2.5,0.00,0.00,0.00,0,0,0,0,0,6.1,97,85,17.8,13.7,0,0.00,1029.2,1014.4
2024-11-04T05:00,4.5,0.00,95,3.8,2.2,0.00,0.00,0.00,0,0,0,0,0,5.2,96,78,16.1,13.0,0,0.00,1029.2,1014.4
2024-11-04T06:00,3.7,0.00,97,3.3,1.5,0.00,0.00,0.00,0,0,0,0,0,4.4,93,71,13.3,10.8,0,0.00,1029.2,1014.3
2024-11-04T07:00,3.3,0.00,97,2.9,0.9,0.00,0.00,0.00,0,0,0,0,0,4.7,90,72,13.7,9.7,0,0.00,1029.2,1014.3
2024-11-04T08:00,4.2,0.00,96,3.6,2.1,0.00,0.00,0.00,0,1,0,0,1,3.9,93,77,14.8,10.4,1,47.02,1029.4,1014.6
2024-11-04T09:00,6.7,0.00,89,5.0,4.5,0.00,0.00,0.00,1,22,0,0,22,7.1,98,97,13.6,15.8,1,3600.00,1029.5,1014.8
2024-11-04T10:00,8.6,0.00,83,5.9,6.5,0.00,0.00,0.00,0,13,0,0,13,7.7,98,102,11.3,19.4,1,3600.00,1029.4,1014.8
2024-11-04T11:00,9.8,0.00,80,6.5,7.7,0.00,0.00,0.00,1,29,0,0,29,7.8,101,105,11.0,19.8,1,3600.00,1029.3,1014.8
2024-11-04T12:00,10.8,0.00,76,6.8,8.9,0.00,0.00,0.00,1,24,0,0,24,7.4,100,103,10.2,20.2,1,3600.00,1028.9,1014.4
2024-11-04T13:00,11.8,0.00,72,6.9,10.0,0.00,0.00,0.00,0,15,0,0,15,7.1,93,96,9.9,19.1,1,3600.00,1028.1,1013.7
2024-11-04T14:00,11.7,0.00,73,7.0,9.9,0.00,0.00,0.00,0,16,0,0,16,7.0,97,100,9.8,23.4,1,3600.00,1027.9,1013.5
2024-11-04T15:00,12.3,0.00,71,7.2,10.6,0.00,0.00,0.00,0,1,0,0,1,6.7,94,96,9.9,17.6,1,3600.00,1027.3,1012.9
2024-11-04T16:00,11.5,0.00,79,8.0,10.4,0.00,0.00,0.00,0,0,0,0,0,4.0,100,98,11.3,15.8,1,3600.00,1026.8,1012.4
2024-11-04T17:00,11.0,0.00,74,6.5,9.3,0.00,0.00,0.00,0,0,0,0,0,5.6,97,69,10.0,11.5,0,1423.76,1026.8,1012.4
2024-11-04T18:00,6.5,0.00,90,4.9,4.4,0.00,0.00,0.00,0,0,0,0,0,6.1,82,40,9.3,10.1,0,0.00,1027.2,1012.5
2024-11-04T19:00,6.7,0.00,90,5.1,4.7,0.00,0.00,0.00,0,0,0,0,0,5.5,89,58,15.1,11.2,0,0.00,1027.3,1012.6
2024-11-04T20:00,6.9,0.00,88,5.1,4.4,0.00,0.00,0.00,0,0,0,0,0,8.6,101,88,22.7,16.6,0,0.00,1027.0,1012.3
2024-11-04T21:00,7.3,0.00,87,5.2,4.4,0.00,0.00,0.00,0,0,0,0,0,11.5,106,104,26.6,22.3,0,0.00,1026.6,1012.0
2024-11-04T22:00,7.1,0.00,85,4.8,4.0,0.00,0.00,0.00,0,0,0,0,0,12.9,108,110,28.1,25.6,0,0.00,1026.4,1011.8
2024-11-04T23:00,6.7,0.00,85,4.3,3.5,0.00,0.00,0.00,0,0,0,0,0,12.1,109,110,26.4,25.9,0,0.00,1026.3,1011.6
2024-11-05T00:00,6.2,0.00,85,3.9,3.4,0.00,0.00,0.00,0,0,0,0,0,9.7,109,108,23.6,23.8,0,0.00,1026.1,1011.4
2024-11-05T01:00,5.7,0.00,86,3.6,3.0,0.00,0.00,0.00,0,0,0,0,0,8.5,107,102,22.6,19.4,0,0.00,1025.7,1011.0
2024-11-05T02:00,5.0,0.00,87,3.0,1.8,0.00,0.00,0.00,0,0,0,0,0,10.3,110,113,24.8,22.0,0,0.00,1025.8,1011.1
2024-11-05T03:00,4.6,0.00,88,2.8,1.6,0.00,0.00,0.00,0,1,0,0,1,8.9,122,130,22.1,20.9,0,0.00,1026.1,1011.3
2024-11-05T04:00,4.2,0.00,89,2.5,1.0,0.00,0.00,0.00,0,2,0,0,2,10.4,118,118,23.8,20.5,0,0.00,1026.1,1011.3
2024-11-05T05:00,4.0,0.00,89,2.3,0.9,0.00,0.00,0.00,0,8,5,0,3,9.2,121,129,21.1,20.9,0,0.00,1026.2,1011.4
2024-11-05T06:00,3.6,0.00,91,2.2,0.5,0.00,0.00,0.00,1,39,32,0,10,8.9,122,126,20.5,18.4,0,0.00,1026.4,1011.6
2024-11-05T07:00,3.2,0.00,93,2.2,0.2,0.00,0.00,0.00,2,71,62,0,24,8.4,119,121,18.9,18.0,0,0.00,1026.5,1011.7
2024-11-05T08:00,3.5,0.00,92,2.3,0.5,0.00,0.00,0.00,3,86,83,0,15,8.5,120,122,16.8,16.9,1,0.00,1026.7,1011.9
2024-11-05T09:00,5.1,0.00,86,2.9,2.4,0.00,0.00,0.00,3,92,89,0,25,7.2,123,125,12.2,18.4,1,3600.00,1026.8,1012.1
2024-11-05T10:00,6.7,0.00,82,3.8,4.4,0.00,0.00,0.00,3,99,99,0,3,5.5,132,136,7.8,16.9,1,3600.00,1026.8,1012.1
2024-11-05T11:00,8.3,0.00,79,4.8,6.3,0.00,0.00,0.00,3,100,100,0,8,4.5,136,143,6.2,15.1,1,3600.00,1026.7,1012.1
2024-11-05T12:00,9.9,0.00,76,5.8,8.3,0.00,0.00,0.00,2,69,61,0,20,3.6,163,171,4.9,14.0,1,3600.00,1026.2,1011.7
2024-11-05T13:00,11.0,0.00,75,6.6,9.7,0.00,0.00,0.00,1,25,0,0,25,3.0,186,194,3.6,13.3,1,3600.00,1025.5,1011.1
2024-11-05T14:00,9.7,0.00,78,6.1,8.3,0.00,0.00,0.00,3,98,97,0,34,2.8,214,225,3.2,13.0,1,3600.00,1025.9,1011.4
2024-11-05T15:00,10.1,0.00,78,6.5,9.1,0.00,0.00,0.00,3,94,92,0,26,0.6,198,252,0.6,11.2,1,3600.00,1025.5,1011.0
2024-11-05T16:00,10.0,0.00,78,6.4,8.9,0.00,0.00,0.00,3,100,100,0,16,1.3,119,124,2.3,6.8,1,3600.00,1025.5,1011.0
2024-11-05T17:00,9.9,0.00,78,6.3,8.8,0.00,0.00,0.00,3,96,96,0,13,1.1,111,9,3.1,4.7,0,117.43,1025.5,1011.0
2024-11-05T18:00,9.3,0.00,81,6.2,8.2,0.00,0.00,0.00,3,80,78,0,6,1.3,129,16,2.6,4.3,0,0.00,1025.8,1011.3
2024-11-05T19:00,6.8,0.00,91,5.5,5.2,0.00,0.00,0.00,3,100,96,0,95,3.2,90,19,0.2,5.8,0,0.00,1026.0,1011.4
2024-11-05T20:00,7.2,0.00,92,6.0,5.7,0.00,0.00,0.00,3,100,44,0,100,2.9,360,43,0.5,6.1,0,0.00,1026.2,1011.6
2024-11-05T21:00,8.4,0.00,91,7.0,7.5,0.00,0.00,0.00,3,100,35,0,100,1.3,196,90,1.3,5.8,0,0.00,1026.3,1011.7
2024-11-05T22:00,8.8,0.00,91,7.3,7.8,0.00,0.00,0.00,3,100,43,0,100,1.8,209,135,1.9,4.0,0,0.00,1026.6,1012.0
2024-11-05T23:00,8.8,0.00,90,7.3,7.8,0.00,0.00,0.00,3,100,6,0,100,2.0,214,153,1.3,4.3,0,0.00,1026.8,1012.2
2024-11-06T00:00,9.0,0.00,90,7.4,8.0,0.00,0.00,0.00,3,100,0,0,100,2.1,187,149,1.5,4.3,0,0.00,1027.0,1012.4
2024-11-06T01:00,9.4,0.00,83,6.6,8.4,0.00,0.00,0.00,3,100,8,0,100,1.3,207,164,1.2,4.3,0,0.00,1027.2,1012.7
2024-11-06T02:00,7.9,0.00,87,5.9,6.6,0.00,0.00,0.00,3,100,14,0,100,1.9,338,326,1.9,4.3,0,0.00,1027.4,1012.8
2024-11-06T03:00,7.5,0.00,91,6.1,6.2,0.00,0.00,0.00,3,100,15,0,100,2.6,350,335,3.1,5.4,0,0.00,1027.6,1013.0
2024-11-06T04:00,7.6,0.00,91,6.3,6.4,0.00,0.00,0.00,3,100,1,0,100,1.6,341,297,3.2,5.4,0,0.00,1027.8,1013.2
2024-11-06T05:00,7.6,0.00,91,6.1,6.1,0.00,0.00,0.00,3,100,0,0,100,3.6,348,333,7.0,7.9,0,0.00,1028.1,1013.5
2024-11-06T06:00,7.4,0.00,92,6.2,5.7,0.00,0.00,0.00,3,100,0,0,100,5.4,346,339,9.1,11.2,0,0.00,1028.4,1013.7
2024-11-06T07:00,7.1,0.00,94,6.2,5.3,0.00,0.00,0.00,3,100,0,0,100,5.6,343,338,8.1,12.2,0,0.00,1028.9,1014.2
2024-11-06T08:00,6.7,0.00,95,6.0,4.7,0.00,0.00,0.00,3,96,0,0,96,6.9,342,329,9.3,15.1,1,0.00,1029.7,1015.0
2024-11-06T09:00,6.8,0.00,96,6.1,4.9,0.00,0.00,0.00,3,100,0,0,100,6.1,345,332,8.4,15.8,1,2645.74,1030.5,1015.8
2024-11-06T10:00,7.4,0.00,93,6.3,5.7,0.00,0.00,0.00,3,99,0,0,99,5.4,353,340,6.2,15.5,1,2233.23,1030.8,1016.1
2024-11-06T11:00,9.0,0.00,86,6.8,7.4,0.00,0.00,0.00,3,98,0,0,98,5.2,342,333,6.4,15.8,1,3600.00,1031.1,1016.5
2024-11-06T12:00,9.9,0.00,83,7.2,8.2,0.00,0.00,0.00,2,68,1,0,67,6.6,324,319,8.5,18.4,1,3600.00,1031.3,1016.7
2024-11-06T13:00,9.9,0.00,84,7.3,8.0,0.00,0.00,0.00,2,75,4,0,74,7.7,322,319,9.9,19.8,1,3600.00,1031.1,1016.5
2024-11-06T14:00,9.5,0.00,82,6.6,7.7,0.00,0.00,0.00,3,86,0,0,86,6.6,324,317,8.5,17.6,1,3600.00,1031.0,1016.4
2024-11-06T15:00,9.2,0.00,82,6.3,7.1,0.00,0.00,0.00,2,54,4,0,52,8.0,321,314,10.4,18.7,1,3600.00,1031.0,1016.4
2024-11-06T16:00,8.3,0.00,85,5.8,5.9,0.00,0.00,0.00,0,14,4,0,10,9.2,324,318,13.4,19.4,1,3600.00,1031.2,1016.6
2024-11-06T17:00,6.5,0.00,92,5.4,4.2,0.00,0.00,0.00,0,7,0,0,7,8.0,334,322,16.6,19.1,0,754.03,1031.3,1016.6
2024-11-06T18:00,5.8,0.00,95,5.0,3.5,0.00,0.00,0.00,0,4,0,0,4,7.6,356,345,17.0,15.5,0,0.00,1031.5,1016.7
2024-11-06T19:00,5.4,0.00,94,4.6,3.1,0.00,0.00,0.00,0,9,0,0,9,6.9,23,9,15.1,14.4,0,0.00,1031.9,1017.1
2024-11-06T20:00,4.6,0.00,95,3.9,2.5,0.00,0.00,0.00,1,31,0,0,31,4.9,43,28,10.8,13.3,0,0.00,1032.1,1017.2
2024-11-06T21:00,3.8,0.00,97,3.3,1.5,0.00,0.00,0.00,2,71,0,0,71,4.5,69,43,7.9,9.4,0,0.00,1032.5,1017.6
2024-11-06T22:00,3.6,0.00,97,3.2,1.4,0.00,0.00,0.00,3,97,0,0,97,4.5,83,50,6.2,7.6,0,0.00,1032.7,1017.8
2024-11-06T23:00,3.8,0.00,97,3.3,1.6,0.00,0.00,0.00,3,81,0,0,80,3.9,63,34,5.1,7.2,0,0.00,1032.9,1018.0
2024-11-07T00:00,3.1,0.00,97,2.7,0.7,0.00,0.00,0.00,2,57,0,0,57,5.0,45,30,6.6,7.6,0,0.00,1033.0,1018.1
2024-11-07T01:00,2.4,0.00,97,2.0,-0.3,0.00,0.00,0.00,3,97,0,0,97,5.6,53,45,7.8,9.0,0,0.00,1033.0,1018.0
2024-11-07T02:00,3.4,0.00,97,2.9,1.1,0.00,0.00,0.00,1,36,0,0,36,4.2,62,40,8.5,7.6,0,0.00,1033.2,1018.3
2024-11-07T03:00,2.8,0.00,95,2.1,0.3,0.00,0.00,0.00,0,8,0,0,8,5.0,74,64,11.1,9.0,0,0.00,1033.2,1018.2
2024-11-07T04:00,2.4,0.00,94,1.5,-0.2,0.00,0.00,0.00,1,25,0,0,25,5.3,79,62,11.2,9.4,0,0.00,1032.9,1017.9
2024-11-07T05:00,3.1,0.00,92,1.9,0.7,0.00,0.00,0.00,3,83,0,0,83,3.7,74,39,10.7,9.4,0,0.00,1032.9,1018.0
2024-11-07T06:00,3.6,0.00,90,2.2,1.2,0.00,0.00,0.00,3,86,0,0,86,4.3,68,22,11.3,8.6,0,0.00,1032.4,1017.5
2024-11-07T07:00,4.5,0.00,87,2.5,2.1,0.00,0.00,0.00,3,100,0,0,100,4.9,69,28,11.8,10.4,0,0.00,1032.3,1017.4
2024-11-07T08:00,5.0,0.00,86,2.9,2.5,0.00,0.00,0.00,3,100,0,0,100,6.1,59,32,12.3,11.5,1,0.00,1032.6,1017.8
2024-11-07T09:00,6.1,0.00,83,3.4,3.4,0.00,0.00,0.00,3,100,0,0,100,7.4,58,49,11.1,16.6,1,0.00,1032.9,1018.1
2024-11-07T10:00,6.8,0.00,81,3.9,4.3,0.00,0.00,0.00,3,100,0,0,100,7.2,71,68,9.9,17.3,1,137.02,1032.9,1018.2
2024-11-07T11:00,7.7,0.00,77,4.0,5.1,0.00,0.00,0.00,3,100,0,0,100,8.0,83,82,10.9,18.7,1,1201.34,1032.9,1018.2
2024-11-07T12:00,8.4,0.00,76,4.5,5.9,0.00,0.00,0.00,3,100,0,0,100,8.3,96,95,11.4,19.4,1,0.00,1032.6,1017.9
2024-11-07T13:00,9.1,0.00,74,4.8,6.7,0.00,0.00,0.00,3,100,1,0,100,8.1,101,102,11.0,19.8,1,649.89,1032.2,1017.6
2024-11-07T14:00,8.3,0.00,79,4.9,6.0,0.00,0.00,0.00,3,100,22,0,100,7.1,107,106,9.6,18.4,1,971.00,1032.2,1017.5
2024-11-07T15:00,8.5,0.00,78,4.9,6.3,0.00,0.00,0.00,3,100,84,0,100,6.9,101,99,9.7,16.6,1,0.00,1031.8,1017.2
2024-11-07T16:00,8.4,0.00,78,4.7,6.1,0.00,0.00,0.00,3,100,70,0,100,6.8,92,90,9.9,15.8,1,0.00,1031.6,1017.0
2024-11-07T17:00,7.8,0.00,82,4.9,6.0,0.00,0.00,0.00,3,98,1,0,98,4.0,79,63,10.1,14.4,0,0.00,1031.5,1016.8
2024-11-07T18:00,7.7,0.00,81,4.7,5.7,0.00,0.00,0.00,3,99,4,0,99,5.3,69,52,11.7,10.1,0,0.00,1031.6,1016.9
2024-11-07T19:00,7.6,0.00,80,4.5,5.1,0.00,0.00,0.00,3,99,0,0,99,8.0,66,54,15.6,15.1,0,0.00,1031.5,1016.8
2024-11-07T20:00,7.5,0.00,80,4.3,4.7,0.00,0.00,0.00,3,100,49,0,100,9.9,72,63,18.6,19.4,0,0.00,1031.4,1016.7
2024-11-07T21:00,7.7,0.00,80,4.4,5.1,0.00,0.00,0.00,3,100,93,0,100,9.1,78,69,17.8,19.4,0,0.00,1031.3,1016.6
2024-11-07T22:00,7.9,0.00,80,4.6,5.3,0.00,0.00,0.00,3,100,99,0,100,8.9,75,65,18.3,17.6,0,0.00,1031.3,1016.6
2024-11-07T23:00,8.2,0.00,79,4.8,5.6,0.00,0.00,0.00,3,100,91,0,100,9.3,85,77,18.8,18.4,0,0.00,1031.2,1016.5
2024-11-08T00:00,8.3,0.00,80,5.0,5.9,0.00,0.00,0.00,3,100,66,0,100,8.6,91,82,17.8,18.4,0,0.00,1030.9,1016.3
2024-11-08T01:00,8.3,0.00,81,5.2,6.0,0.00,0.00,0.00,3,100,100,0,100,7.7,98,91,16.9,16.9,0,0.00,1030.4,1015.8
2024-11-08T02:00,7.6,0.00,81,4.5,5.3,0.00,0.00,0.00,3,100,100,0,100,6.1,100,93,14.1,14.8,0,0.00,1030.5,1015.8
2024-11-08T03:00,7.7,0.00,80,4.5,5.4,0.00,0.00,0.00,3,100,99,0,100,6.5,99,88,13.1,13.3,0,0.00,1030.0,1015.3
2024-11-08T04:00,7.6,0.00,81,4.6,5.4,0.00,0.00,0.00,3,100,100,0,100,6.0,95,83,13.4,13.0,0,0.00,1029.4,1014.7
2024-11-08T05:00,7.5,0.00,82,4.6,5.2,0.00,0.00,0.00,3,100,100,0,100,7.1,91,81,15.1,13.7,0,0.00,1029.2,1014.5
2024-11-08T06:00,7.6,0.00,82,4.7,5.1,0.00,0.00,0.00,3,100,91,0,100,8.3,89,84,16.7,16.6,0,0.00,1028.9,1014.2
2024-11-08T07:00,7.6,0.00,83,4.8,5.1,0.00,0.00,0.00,3,100,73,0,100,8.3,94,88,17.1,16.9,0,0.00,1028.6,1014.0
2024-11-08T08:00,7.8,0.00,83,5.1,5.5,0.00,0.00,0.00,3,100,44,0,99,7.9,94,89,16.2,16.6,1,0.00,1028.5,1013.9
2024-11-08T09:00,8.7,0.00,81,5.5,6.1,0.00,0.00,0.00,3,100,15,0,100,10.3,103,102,16.2,21.6,1,0.00,1028.4,1013.8
2024-11-08T10:00,9.1,0.00,80,5.8,6.2,0.00,0.00,0.00,3,100,7,0,100,12.9,114,113,18.9,27.0,1,0.00,1028.1,1013.5
2024-11-08T11:00,9.7,0.00,77,5.9,6.7,0.00,0.00,0.00,3,100,5,0,100,13.3,115,115,18.7,29.2,1,0.00,1028.0,1013.5
2024-11-08T12:00,10.1,0.00,76,6.0,7.3,0.00,0.00,0.00,3,100,2,0,100,11.8,110,110,16.5,28.1,1,0.00,1027.5,1013.0
2024-11-08T13:00,10.2,0.00,75,6.1,7.5,0.00,0.00,0.00,3,100,6,0,100,11.8,114,113,16.6,25.6,1,0.00,1027.0,1012.5
2024-11-08T14:00,9.3,0.00,76,5.2,6.3,0.00,0.00,0.00,3,100,19,0,100,12.0,115,114,16.9,27.0,1,97.03,1026.9,1012.4
2024-11-08T15:00,9.1,0.00,75,4.8,6.1,0.00,0.00,0.00,3,100,22,0,100,11.5,115,113,16.7,26.3,1,0.00,1026.6,1012.1
2024-11-08T16:00,9.0,0.00,73,4.5,6.1,0.00,0.00,0.00,3,88,2,0,87,11.2,113,111,16.5,24.8,1,0.00,1026.5,1012.0
2024-11-08T17:00,8.4,0.00,75,4.2,5.7,0.00,0.00,0.00,2,62,0,0,62,8.9,101,96,16.5,23.8,0,0.00,1026.6,1012.0
2024-11-08T18:00,7.2,0.00,80,4.0,4.3,0.00,0.00,0.00,2,60,3,0,59,9.9,96,89,20.8,19.1,0,0.00,1026.7,1012.1
2024-11-08T19:00,7.0,0.00,80,3.8,3.8,0.00,0.00,0.00,2,56,2,0,54,12.3,99,94,24.3,23.8,0,0.00,1026.7,1012.1
2024-11-08T20:00,6.7,0.00,81,3.6,3.3,0.00,0.00,0.00,3,82,0,0,82,12.9,103,99,25.5,25.2,0,0.00,1026.6,1011.9
2024-11-08T21:00,6.7,0.00,80,3.5,3.3,0.00,0.00,0.00,2,69,1,0,69,12.5,103,98,24.8,25.6,0,0.00,1026.6,1011.9
2024-11-08T22:00,6.6,0.00,81,3.6,3.6,0.00,0.00,0.00,3,82,31,0,74,10.6,104,100,21.3,24.5,0,0.00,1026.6,1011.9
2024-11-08T23:00,6.7,0.00,82,3.8,3.7,0.00,0.00,0.00,3,94,86,0,60,10.0,102,98,20.3,20.9,0,0.00,1026.6,1011.9
2024-11-09T00:00,6.2,0.00,86,3.9,3.3,0.00,0.00,0.00,3,100,100,0,46,9.7,105,101,20.9,19.8,0,0.00,1026.5,1011.8
2024-11-09T01:00,5.7,0.00,89,4.0,2.9,0.00,0.00,0.00,1,37,12,1,27,9.1,107,100,20.7,19.1,0,0.00,1026.5,1011.8
2024-11-09T02:00,5.4,0.00,91,4.0,2.7,0.00,0.00,0.00,0,15,0,10,5,8.9,109,103,19.6,21.6,0,0.00,1026.7,1012.0
2024-11-09T03:00,4.9,0.00,94,3.9,2.2,0.00,0.00,0.00,0,5,4,1,1,8.1,109,103,18.8,17.6,0,0.00,1026.7,1011.9
2024-11-09T04:00,4.2,0.00,95,3.5,1.5,0.00,0.00,0.00,1,33,33,0,0,8.1,113,107,18.6,15.8,0,0.00,1026.7,1011.9
2024-11-09T05:00,3.9,0.00,96,3.2,0.9,0.00,0.00,0.00,1,48,48,0,0,9.8,110,104,21.4,19.1,0,0.00,1026.5,1011.7
2024-11-09T06:00,3.7,0.00,95,3.0,0.9,0.00,0.00,0.00,3,89,89,0,0,7.9,111,107,18.8,19.1,0,0.00,1026.4,1011.6
2024-11-09T07:00,3.5,0.00,95,2.8,0.7,0.00,0.00,0.00,2,77,77,0,2,7.4,111,104,17.3,15.5,0,0.00,1026.4,1011.6
2024-11-09T08:00,3.5,0.00,95,2.8,0.7,0.00,0.00,0.00,0,18,3,0,15,8.3,106,101,17.3,15.8,1,0.00,1026.9,1012.1
2024-11-09T09:00,5.6,0.00,88,3.7,2.9,0.00,0.00,0.00,0,17,2,2,13,8.1,103,102,13.1,18.7,1,3461.80,1027.3,1012.6
2024-11-09T10:00,7.6,0.00,83,4.9,5.7,0.00,0.00,0.00,0,15,4,8,3,4.8,98,101,7.5,17.3,1,3600.00,1027.2,1012.6
2024-11-09T11:00,9.4,0.00,79,6.0,8.0,0.00,0.00,0.00,0,13,4,9,0,2.8,118,125,4.3,13.3,1,3600.00,1027.0,1012.5
2024-11-09T12:00,11.0,0.00,76,6.9,9.9,0.00,0.00,0.00,0,0,0,0,0,2.4,126,138,3.3,11.5,1,3600.00,1026.5,1012.1
2024-11-09T13:00,12.2,0.00,73,7.6,11.2,0.00,0.00,0.00,0,0,0,0,0,2.0,120,135,2.9,11.2,1,3600.00,1026.0,1011.6
2024-11-09T14:00,11.2,0.00,77,7.3,10.1,0.00,0.00,0.00,0,8,0,0,8,3.1,124,135,4.1,12.2,1,3600.00,1026.2,1011.8
2024-11-09T15:00,11.3,0.00,77,7.5,10.5,0.00,0.00,0.00,0,3,0,0,3,1.1,95,99,2.0,10.8,1,3600.00,1026.1,1011.7
2024-11-09T16:00,10.4,0.00,83,7.7,9.4,0.00,0.00,0.00,0,1,0,0,1,2.9,360,317,2.9,5.4,1,3600.00,1026.1,1011.6
2024-11-09T17:00,7.4,0.00,92,6.2,5.6,0.00,0.00,0.00,0,0,0,0,0,5.7,13,332,4.6,6.8,0,474.12,1026.2,1011.6
2024-11-09T18:00,5.9,0.00,96,5.3,3.9,0.00,0.00,0.00,0,0,0,0,0,5.7,41,9,4.1,7.6,0,0.00,1026.4,1011.7
2024-11-09T19:00,5.0,0.00,99,4.8,3.0,0.00,0.00,0.00,0,0,0,0,0,4.8,68,48,5.2,7.9,0,0.00,1026.7,1011.9
2024-11-09T20:00,4.2,0.00,99,4.1,2.1,0.00,0.00,0.00,0,0,0,0,0,4.6,61,51,6.0,8.3,0,0.00,1026.5,1011.7
2024-11-09T21:00,3.3,0.00,100,3.2,1.0,0.00,0.00,0.00,0,0,0,0,0,4.6,34,51,4.1,7.6,0,0.00,1026.7,1011.9
2024-11-09T22:00,3.2,0.00,99,3.0,1.2,0.00,0.00,0.00,0,0,0,0,0,3.1,39,62,4.0,7.2,0,0.00,1027.0,1012.1
2024-11-09T23:00,2.9,0.00,98,2.6,0.8,0.00,0.00,0.00,0,0,0,0,0,2.9,57,68,3.0,6.1,0,0.00,1027.0,1012.1
2024-11-10T00:00,2.8,0.00,97,2.4,0.7,0.00,0.00,0.00,0,2,0,0,2,2.9,354,43,3.6,5.4,0,0.00,1027.2,1012.3
2024-11-10T01:00,2.5,0.00,98,2.2,0.0,0.00,0.00,0.00,1,22,0,0,22,5.1,337,17,6.1,6.5,0,0.00,1027.2,1012.3
2024-11-10T02:00,3.1,0.00,94,2.3,1.1,0.00,0.00,0.00,0,10,0,0,10,1.7,45,77,0.3,2.9,0,0.00,1028.0,1013.1
2024-11-10T03:00,3.1,0.00,94,2.3,0.9,0.00,0.00,0.00,0,7,0,0,7,3.1,126,103,2.4,4.7,0,0.00,1027.9,1013.0
2024-11-10T04:00,3.6,0.00,92,2.5,1.7,0.00,0.00,0.00,0,0,0,0,0,1.3,90,45,2.0,4.7,0,0.00,1027.9,1013.1
2024-11-10T05:00,3.6,0.00,93,2.5,1.7,0.00,0.00,0.00,0,1,0,0,1,0.7,101,14,0.9,2.2,0,0.00,1028.3,1013.4
2024-11-10T06:00,3.4,0.00,94,2.5,1.6,0.00,0.00,0.00,0,1,0,0,1,0.9,114,53,1.8,2.2,0,0.00,1028.4,1013.5
2024-11-10T07:00,3.1,0.00,95,2.4,1.0,0.00,0.00,0.00,0,12,0,0,12,2.6,99,51,2.4,4.0,0,0.00,1028.4,1013.5
2024-11-10T08:00,3.0,0.00,97,2.5,0.9,0.00,0.00,0.00,1,30,0,0,30,2.2,35,24,2.8,4.7,1,0.00,1028.8,1013.9
2024-11-10T09:00,3.5,0.00,98,3.2,1.5,0.00,0.00,0.00,3,100,0,0,100,3.2,13,16,3.9,10.1,1,1408.62,1029.2,1014.3
2024-11-10T10:00,4.5,0.00,95,3.7,2.6,0.00,0.00,0.00,3,100,0,0,100,2.9,27,30,2.8,10.8,1,479.23,1029.2,1014.4
2024-11-10T11:00,5.9,0.00,88,4.1,4.2,0.00,0.00,0.00,3,100,0,0,100,2.3,35,32,2.8,11.2,1,3461.39,1029.1,1014.4
2024-11-10T12:00,7.1,0.00,85,4.8,5.6,0.00,0.00,0.00,3,81,0,0,81,2.0,13,355,2.4,10.8,1,3600.00,1028.7,1014.0
2024-11-10T13:00,8.4,0.00,81,5.4,6.9,0.00,0.00,0.00,2,74,0,0,74,1.9,329,311,2.1,10.8,1,3600.00,1028.3,1013.7
2024-11-10T14:00,7.9,0.00,78,4.3,6.3,0.00,0.00,0.00,0,0,0,0,0,1.7,193,221,1.7,10.4,1,3600.00,1028.7,1014.1
2024-11-10T15:00,7.9,0.00,79,4.5,6.3,0.00,0.00,0.00,0,1,0,0,1,2.2,284,279,2.2,9.4,1,3600.00,1028.6,1014.0
2024-11-10T16:00,7.1,0.00,85,4.8,5.4,0.00,0.00,0.00,0,1,0,0,1,3.1,304,301,5.2,8.6,1,3600.00,1028.8,1014.1
2024-11-10T17:00,5.1,0.00,95,4.3,3.1,0.00,0.00,0.00,0,1,0,0,1,4.3,322,315,9.1,7.9,0,208.88,1029.0,1014.2
2024-11-10T18:00,4.5,0.00,98,4.2,2.3,0.00,0.00,0.00,0,7,0,0,7,5.2,346,335,11.3,9.4,0,0.00,1029.1,1014.3
2024-11-10T19:00,4.1,0.00,98,3.9,1.9,0.00,0.00,0.00,0,1,0,0,1,5.2,357,344,12.3,10.1,0,0.00,1029.3,1014.5
2024-11-10T20:00,3.8,0.00,99,3.6,1.7,0.00,0.00,0.00,0,4,0,0,4,4.5,359,355,11.5,9.7,0,0.00,1029.5,1014.6
2024-11-10T21:00,3.3,0.00,100,3.3,1.2,0.00,0.00,0.00,1,31,0,0,31,3.9,1,13,9.9,8.6,0,0.00,1029.8,1014.9
2024-11-10T22:00,2.9,0.00,100,2.8,0.7,0.00,0.00,0.00,3,100,0,0,100,3.3,359,22,8.6,7.2,0,0.00,1030.1,1015.2
2024-11-10T23:00,2.8,0.00,99,2.7,0.5,0.00,0.00,0.00,3,100,0,0,100,3.8,352,19,9.3,7.2,0,0.00,1030.5,1015.6
2024-11-11T00:00,2.5,0.00,99,2.4,0.3,0.00,0.00,0.00,3,100,0,0,100,3.6,353,30,8.9,7.6,0,0.00,1030.5,1015.6
2024-11-11T01:00,3.0,0.00,99,2.8,1.0,0.00,0.00,0.00,3,100,0,1,100,1.8,349,53,6.4,5.8,0,0.00,1030.3,1015.4
2024-11-11T02:00,3.5,0.00,91,2.2,1.6,0.00,0.00,0.00,3,100,0,0,100,1.1,40,108,1.4,5.8,0,0.00,1031.2,1016.3
2024-11-11T03:00,4.1,0.00,88,2.4,2.0,0.00,0.00,0.00,3,100,0,10,100,2.6,131,164,3.8,7.2,0,0.00,1030.7,1015.8
2024-11-11T04:00,4.3,0.00,88,2.5,2.2,0.00,0.00,0.00,3,100,0,31,100,2.7,150,184,5.0,7.6,0,0.00,1030.6,1015.8
2024-11-11T05:00,4.5,0.00,87,2.6,2.5,0.00,0.00,0.00,3,100,0,35,100,2.4,211,253,2.1,7.6,0,0.00,1030.8,1016.0
2024-11-11T06:00,4.7,0.00,88,2.8,2.8,0.00,0.00,0.00,3,100,3,2,100,1.7,190,193,2.0,7.9,0,0.00,1030.8,1016.0
2024-11-11T07:00,4.7,0.00,87,2.7,2.3,0.00,0.00,0.00,3,100,78,0,100,4.8,150,153,7.1,11.2,0,0.00,1030.7,1015.9
2024-11-11T08:00,4.6,0.00,87,2.6,2.1,0.00,0.00,0.00,3,100,0,20,100,5.7,156,162,7.9,12.6,1,0.00,1030.9,1016.1
2024-11-11T09:00,4.7,0.00,87,2.7,2.2,0.00,0.00,0.00,3,100,0,15,100,5.2,160,166,7.5,14.4,1,0.00,1031.1,1016.3
2024-11-11T10:00,5.0,0.00,88,3.2,2.7,0.00,0.00,0.00,3,100,5,13,100,4.8,192,193,6.2,12.6,1,0.00,1030.9,1016.1
2024-11-11T11:00,5.5,0.00,87,3.5,2.9,0.00,0.00,0.00,3,100,26,1,100,6.9,202,203,9.0,15.5,1,0.00,1030.6,1015.8
2024-11-11T12:00,5.9,0.00,87,3.9,3.3,0.00,0.00,0.00,3,100,21,0,100,7.3,212,211,9.9,17.3,1,0.00,1030.0,1015.2
2024-11-11T13:00,6.5,0.00,86,4.3,3.9,0.00,0.00,0.00,3,100,36,98,96,8.1,193,193,11.3,19.8,1,0.00,1028.8,1014.1
2024-11-11T14:00,5.2,0.00,91,3.8,2.3,0.00,0.00,0.00,3,100,89,100,100,9.4,184,185,12.5,21.6,1,0.00,1028.6,1013.8
2024-11-11T15:00,5.1,0.20,93,4.1,3.0,0.20,0.00,0.00,51,100,92,100,100,5.1,215,216,6.6,20.2,1,0.00,1028.7,1013.9
2024-11-11T16:00,5.0,2.20,97,4.5,3.3,2.20,0.00,0.00,61,100,1,100,100,2.4,148,138,2.7,12.2,1,0.00,1028.6,1013.8
2024-11-11T17:00,4.9,0.60,99,4.7,2.8,0.60,0.00,0.00,53,99,15,98,44,5.9,190,153,9.7,18.0,0,0.00,1028.2,1013.4
2024-11-11T18:00,5.2,0.60,98,4.9,3.2,0.60,0.00,0.00,53,100,55,93,100,5.1,204,144,10.5,18.0,0,0.00,1028.3,1013.5
2024-11-11T19:00,5.7,0.60,97,5.2,4.2,0.60,0.00,0.00,53,100,98,100,87,2.0,220,135,6.8,9.7,0,0.00,1028.2,1013.5
2024-11-11T20:00,5.9,0.00,96,5.3,4.5,0.00,0.00,0.00,3,96,51,90,58,1.3,289,34,4.4,5.0,0,0.00,1028.2,1013.5
2024-11-11T21:00,5.0,0.00,97,4.6,3.2,0.00,0.00,0.00,2,69,44,18,34,3.2,292,223,6.4,6.1,0,0.00,1028.0,1013.2
2024-11-11T22:00,5.5,0.00,98,5.2,3.6,0.00,0.00,0.00,3,98,97,1,27,4.8,317,295,9.3,8.3,0,0.00,1027.9,1013.2
2024-11-11T23:00,3.8,0.00,100,3.8,1.5,0.00,0.00,0.00,3,100,100,0,100,5.4,333,15,10.1,9.7,0,0.00,1027.4,1012.6
2024-11-12T00:00,3.8,0.00,99,3.7,2.1,0.00,0.00,0.00,3,100,22,0,100,1.7,352,122,3.8,9.0,0,0.00,1027.2,1012.4
2024-11-12T01:00,3.5,0.00,99,3.4,1.4,0.00,0.00,0.00,3,100,0,0,100,3.2,153,109,0.8,9.0,0,0.00,1026.8,1012.0
2024-11-12T02:00,5.4,0.00,99,5.2,3.5,0.00,0.00,0.00,3,100,62,0,100,4.3,131,107,5.0,9.7,0,0.00,1026.7,1012.0
2024-11-12T03:00,5.3,0.00,99,5.1,3.3,0.00,0.00,0.00,3,100,54,1,100,5.2,111,96,8.5,11.2,0,0.00,1026.9,1012.2
2024-11-12T04:00,5.3,0.00,100,5.3,3.5,0.00,0.00,0.00,3,100,0,1,100,4.7,97,94,9.1,10.8,0,0.00,1026.9,1012.2
2024-11-12T05:00,5.5,0.00,99,5.3,3.5,0.00,0.00,0.00,3,100,1,46,100,5.5,110,103,12.6,10.8,0,0.00,1027.2,1012.5
2024-11-12T06:00,5.7,0.00,98,5.4,4.0,0.00,0.00,0.00,3,100,46,100,74,3.8,104,87,9.6,10.8,0,0.00,1027.2,1012.5
2024-11-12T07:00,5.8,0.00,97,5.4,4.3,0.00,0.00,0.00,3,100,83,100,21,2.9,78,60,7.7,8.3,0,0.00,1027.5,1012.8
2024-11-12T08:00,5.9,0.00,97,5.4,3.9,0.00,0.00,0.00,3,100,81,100,91,5.9,42,20,12.6,11.5,1,0.00,1028.0,1013.3
2024-11-12T09:00,6.7,0.00,93,5.6,4.6,0.00,0.00,0.00,3,95,0,94,69,7.1,51,34,14.5,14.4,1,0.00,1028.2,1013.5
2024-11-12T10:00,7.5,0.00,88,5.7,5.1,0.00,0.00,0.00,1,32,2,3,30,9.5,69,65,15.8,19.1,1,0.00,1028.3,1013.7
2024-11-12T11:00,8.8,0.00,79,5.3,5.4,0.00,0.00,0.00,3,94,79,17,73,15.2,81,80,22.3,32.0,1,3600.00,1028.7,1014.1
2024-11-12T12:00,9.0,0.00,76,5.0,5.7,0.00,0.00,0.00,3,97,63,9,91,14.2,76,74,20.4,32.0,1,595.96,1028.8,1014.2
2024-11-12T13:00,9.7,0.00,71,4.8,6.4,0.00,0.00,0.00,3,90,42,1,82,14.2,75,75,20.3,31.0,1,3600.00,1028.6,1014.1
2024-11-12T14:00,9.3,0.00,74,4.8,6.2,0.00,0.00,0.00,1,28,0,4,27,12.3,61,61,18.8,28.1,1,16.47,1028.7,1014.1
2024-11-12T15:00,9.2,0.00,72,4.4,5.8,0.00,0.00,0.00,3,95,0,0,95,13.8,63,62,21.3,32.4,1,3600.00,1028.9,1014.3
2024-11-12T16:00,8.6,0.00,73,4.1,5.5,0.00,0.00,0.00,3,100,0,0,100,11.5,63,61,19.9,32.8,1,0.00,1029.3,1014.7
2024-11-12T17:00,8.0,0.00,75,3.8,5.5,0.00,0.00,0.00,2,75,0,0,75,6.8,62,55,15.5,24.5,0,0.00,1029.5,1014.9
2024-11-12T18:00,6.9,0.00,80,3.7,4.7,0.00,0.00,0.00,2,76,0,0,76,5.1,62,51,13.7,15.1,0,0.00,1029.6,1014.9
2024-11-12T19:00,6.4,0.00,84,3.9,4.2,0.00,0.00,0.00,2,70,0,0,70,5.4,57,50,12.6,11.5,0,0.00,1030.0,1015.3
2024-11-12T20:00,6.2,0.00,86,4.0,3.7,0.00,0.00,0.00,3,86,0,0,86,7.4,62,58,17.4,15.1,0,0.00,1030.5,1015.8
2024-11-12T21:00,6.5,0.00,84,4.0,3.9,0.00,0.00,0.00,1,37,0,0,37,7.5,82,79,16.2,16.6,0,0.00,1030.6,1015.9
2024-11-12T22:00,5.2,0.00,85,2.9,2.5,0.00,0.00,0.00,0,9,0,0,9,7.2,80,77,16.1,16.2,0,0.00,1030.9,1016.1
2024-11-12T23:00,4.2,0.00,83,1.5,1.2,0.00,0.00,0.00,2,67,0,0,67,7.4,69,64,16.8,15.5,0,0.00,1031.2,1016.3
2024-11-13T00:00,4.4,0.00,79,1.0,1.3,0.00,0.00,0.00,3,93,53,0,84,7.3,68,73,16.1,16.6,0,0.00,1031.5,1016.6
2024-11-13T01:00,4.2,0.00,77,0.5,1.3,0.00,0.00,0.00,1,24,2,0,22,6.2,83,83,14.5,15.8,0,0.00,1031.3,1016.4
2024-11-13T02:00,4.5,0.00,81,1.4,1.7,0.00,0.00,0.00,0,18,6,0,13,5.6,84,86,14.3,16.6,0,0.00,1031.1,1016.3
2024-11-13T03:00,3.7,0.00,85,1.3,1.0,0.00,0.00,0.00,3,100,99,0,65,4.8,71,68,13.0,11.5,0,0.00,1031.4,1016.5
2024-11-13T04:00,3.9,0.00,86,1.7,1.6,0.00,0.00,0.00,3,100,100,0,100,3.1,79,97,10.1,11.2,0,0.00,1031.3,1016.4
2024-11-13T05:00,4.4,0.00,83,1.8,2.1,0.00,0.00,0.00,3,100,100,0,100,3.3,93,126,7.7,7.6,0,0.00,1031.2,1016.4
2024-11-13T06:00,4.3,0.00,83,1.7,1.9,0.00,0.00,0.00,3,100,100,99,100,4.2,121,155,8.4,9.4,0,0.00,1031.3,1016.4
2024-11-13T07:00,4.2,0.00,83,1.6,1.7,0.00,0.00,0.00,3,100,99,94,100,3.7,137,166,7.1,9.0,0,0.00,1031.5,1016.6
2024-11-13T08:00,4.0,0.00,84,1.5,1.7,0.00,0.00,0.00,3,100,100,71,100,3.1,147,170,5.3,7.6,1,0.00,1031.7,1016.8
2024-11-13T09:00,4.5,0.00,79,1.1,2.5,0.00,0.00,0.00,3,100,98,36,99,0.3,90,135,0.9,7.6,1,0.00,1032.1,1017.2
2024-11-13T10:00,5.2,0.00,78,1.7,3.1,0.00,0.00,0.00,3,100,98,57,99,1.5,351,339,2.4,7.2,1,0.00,1032.0,1017.2
2024-11-13T11:00,5.8,0.00,79,2.4,3.5,0.00,0.00,0.00,3,100,98,84,100,4.2,21,18,6.0,10.8,1,0.00,1032.3,1017.5
2024-11-13T12:00,6.6,0.10,74,2.4,3.9,0.10,0.00,0.00,51,100,75,44,100,6.9,36,33,10.3,16.2,1,0.00,1031.9,1017.2
2024-11-13T13:00,7.3,0.00,70,2.2,4.4,0.00,0.00,0.00,3,100,74,100,98,7.8,41,40,11.4,18.0,1,0.00,1031.4,1016.7
2024-11-13T14:00,7.0,0.10,74,2.7,4.7,0.10,0.00,0.00,51,100,100,100,100,4.1,22,15,6.4,17.3,1,0.00,1031.1,1016.4
2024-11-13T15:00,7.0,0.10,77,3.3,4.8,0.10,0.00,0.00,51,100,100,100,97,4.1,348,345,5.9,10.1,1,0.00,1030.8,1016.1
2024-11-13T16:00,6.6,0.20,83,4.0,4.4,0.20,0.00,0.00,51,100,100,100,100,5.2,331,314,9.3,10.4,1,0.00,1030.9,1016.2
2024-11-13T17:00,6.0,0.00,89,4.3,4.1,0.00,0.00,0.00,3,100,92,100,46,3.7,345,321,9.3,10.4,0,0.00,1031.0,1016.2
2024-11-13T18:00,5.8,0.00,90,4.3,3.9,0.00,0.00,0.00,3,100,29,100,54,3.4,345,313,8.4,7.9,0,0.00,1031.0,1016.2
2024-11-13T19:00,5.6,0.10,93,4.5,3.9,0.10,0.00,0.00,51,100,64,100,8,2.4,328,287,6.4,7.6,0,0.00,1031.0,1016.2
2024-11-13T20:00,5.2,0.30,95,4.4,3.4,0.30,0.00,0.00,51,100,83,100,37,2.7,311,274,6.6,5.4,0,0.00,1031.2,1016.4
2024-11-13T21:00,5.4,0.30,97,4.9,3.9,0.30,0.00,0.00,51,100,40,100,76,1.9,297,236,4.8,5.8,0,0.00,1031.2,1016.4
2024-11-13T22:00,5.3,0.30,98,5.0,3.6,0.30,0.00,0.00,51,100,10,100,36,2.8,241,198,4.1,4.3,0,0.00,1031.0,1016.2
2024-11-13T23:00,5.1,0.30,99,5.0,3.1,0.30,0.00,0.00,51,100,7,100,88,4.8,219,193,7.7,8.6,0,0.00,1031.0,1016.2
2024-11-14T00:00,4.9,0.10,99,4.8,2.8,0.10,0.00,0.00,51,100,3,100,100,6.0,207,189,10.9,11.5,0,0.00,1030.6,1015.8
2024-11-14T01:00,4.8,0.00,99,4.6,2.6,0.00,0.00,0.00,3,100,0,100,100,6.0,205,190,12.2,12.2,0,0.00,1030.2,1015.4
2024-11-14T02:00,4.6,0.00,98,4.3,2.3,0.00,0.00,0.00,3,100,6,100,100,6.8,201,183,12.7,13.3,0,0.00,1030.4,1015.6
2024-11-14T03:00,4.6,0.10,98,4.3,2.0,0.10,0.00,0.00,51,100,0,100,100,8.1,195,179,15.5,15.8,0,0.00,1029.8,1015.0
2024-11-14T04:00,4.5,0.30,98,4.2,1.9,0.30,0.00,0.00,51,100,0,100,100,8.1,198,184,16.7,16.9,0,0.00,1029.2,1014.4
2024-11-14T05:00,4.4,0.20,98,4.1,1.9,0.20,0.00,0.00,51,100,5,100,100,7.7,198,177,16.3,16.2,0,0.00,1029.0,1014.2
2024-11-14T06:00,4.5,0.10,97,4.0,1.9,0.10,0.00,0.00,51,100,1,100,100,8.5,196,178,16.1,16.6,0,0.00,1028.8,1014.0
2024-11-14T07:00,4.6,0.00,97,4.2,1.9,0.00,0.00,0.00,3,100,2,100,100,9.0,203,190,16.0,17.3,0,0.00,1028.5,1013.7
2024-11-14T08:00,4.6,0.20,99,4.5,2.1,0.20,0.00,0.00,51,100,100,100,100,8.4,204,187,15.3,17.6,1,0.00,1028.6,1013.8
2024-11-14T09:00,4.8,0.10,97,4.3,2.0,0.10,0.00,0.00,51,100,62,100,100,10.2,202,190,16.7,18.7,1,0.00,1028.5,1013.7
2024-11-14T10:00,5.1,0.10,97,4.6,2.3,0.10,0.00,0.00,51,100,78,100,100,9.8,208,200,16.7,20.5,1,0.00,1028.4,1013.6
2024-11-14T11:00,5.4,0.10,96,4.9,2.9,0.10,0.00,0.00,51,100,21,36,100,8.6,209,203,13.4,19.4,1,0.00,1028.5,1013.7
2024-11-14T12:00,5.7,0.10,96,5.2,3.4,0.10,0.00,0.00,51,100,0,77,100,8.0,206,205,11.0,18.0,1,0.00,1028.4,1013.7
2024-11-14T13:00,6.0,0.20,96,5.4,3.7,0.20,0.00,0.00,51,100,0,90,100,7.8,210,206,11.2,16.9,1,0.00,1028.0,1013.3
2024-11-14T14:00,5.9,0.20,99,5.7,3.7,0.20,0.00,0.00,51,100,0,13,100,7.6,214,205,12.3,17.3,1,0.00,1028.1,1013.4
2024-11-14T15:00,5.9,0.00,98,5.7,3.7,0.00,0.00,0.00,3,100,0,0,100,7.7,205,196,12.6,17.3,1,0.00,1027.8,1013.1
2024-11-14T16:00,6.2,0.00,97,5.7,4.0,0.00,0.00,0.00,3,100,0,0,100,7.4,208,194,12.8,16.2,1,0.00,1027.8,1013.1
2024-11-14T17:00,6.0,0.00,98,5.8,4.0,0.00,0.00,0.00,3,100,0,0,100,6.4,218,202,13.5,14.8,0,0.00,1028.0,1013.3
2024-11-14T18:00,6.0,0.00,98,5.7,4.1,0.00,0.00,0.00,3,100,0,1,100,5.5,218,191,12.2,12.2,0,0.00,1028.1,1013.4
2024-11-14T19:00,6.1,0.00,98,5.8,4.2,0.00,0.00,0.00,3,100,27,0,100,5.6,218,187,11.2,11.5,0,0.00,1028.3,1013.6
2024-11-14T20:00,6.3,0.00,98,6.0,4.6,0.00,0.00,0.00,3,100,8,0,100,4.6,219,189,9.1,10.8,0,0.00,1028.4,1013.7
2024-11-14T21:00,6.3,0.00,98,6.0,4.9,0.00,0.00,0.00,3,100,48,0,100,2.7,247,212,6.5,8.3,0,0.00,1028.7,1014.0
2024-11-14T22:00,6.2,0.00,99,6.1,5.0,0.00,0.00,0.00,3,100,56,0,100,1.3,303,196,5.3,5.8,0,0.00,1028.9,1014.2
2024-11-14T23:00,5.9,0.00,99,5.8,4.8,0.00,0.00,0.00,2,52,1,0,52,0.8,327,207,5.6,4.0,0,0.00,1028.9,1014.2
2024-11-15T00:00,5.3,0.00,100,5.3,4.0,0.00,0.00,0.00,3,100,18,0,100,0.9,330,307,6.5,3.2,0,0.00,1028.7,1013.9
2024-11-15T01:00,4.6,0.00,100,4.6,2.8,0.00,0.00,0.00,3,100,3,0,100,3.3,342,6,8.7,5.8,0,0.00,1028.7,1013.9
2024-11-15T02:00,5.8,0.00,100,5.8,4.6,0.00,0.00,0.00,3,100,5,0,100,0.8,330,315,5.0,2.5,0,0.00,1028.7,1014.0
2024-11-15T03:00,6.1,0.00,99,6.0,4.9,0.00,0.00,0.00,3,100,15,0,100,1.0,342,22,4.2,3.2,0,0.00,1028.5,1013.8
2024-11-15T04:00,6.3,0.00,99,6.2,5.2,0.00,0.00,0.00,3,100,1,0,100,0.8,342,27,4.0,3.6,0,0.00,1028.4,1013.7
2024-11-15T05:00,6.2,0.00,99,6.1,5.1,0.00,0.00,0.00,3,100,0,0,100,0.3,327,135,3.0,3.2,0,0.00,1028.2,1013.5
2024-11-15T06:00,6.1,0.00,99,6.0,4.9,0.00,0.00,0.00,3,100,0,0,100,1.0,6,121,1.6,2.5,0,0.00,1028.1,1013.4
2024-11-15T07:00,6.1,0.00,99,6.0,5.1,0.00,0.00,0.00,3,100,24,0,100,0.4,323,180,0.9,2.5,0,0.00,1028.1,1013.4
2024-11-15T08:00,5.4,0.00,100,5.4,3.9,0.00,0.00,0.00,3,100,97,0,100,2.6,229,219,3.3,4.0,1,0.00,1028.2,1013.4
2024-11-15T09:00,6.3,0.00,99,6.1,5.0,0.00,0.00,0.00,3,100,68,0,100,2.2,170,175,2.0,8.3,1,0.00,1028.6,1013.9
2024-11-15T10:00,6.9,0.00,95,6.2,5.6,0.00,0.00,0.00,3,100,0,0,100,1.8,166,174,1.5,8.3,1,0.00,1028.4,1013.7
2024-11-15T11:00,7.7,0.00,92,6.5,6.7,0.00,0.00,0.00,3,100,0,0,100,0.8,207,207,0.4,8.6,1,0.00,1028.3,1013.7
2024-11-15T12:00,8.2,0.00,89,6.6,7.2,0.00,0.00,0.00,3,100,0,0,100,0.8,50,63,1.4,7.9,1,0.00,1028.1,1013.5
2024-11-15T13:00,8.9,0.00,85,6.5,8.0,0.00,0.00,0.00,3,94,0,0,94,0.4,34,27,0.6,7.6,1,228.53,1027.6,1013.0
2024-11-15T14:00,8.0,0.00,88,6.1,7.0,0.00,0.00,0.00,3,100,0,0,100,0.5,63,90,0.8,6.1,1,0.00,1027.7,1013.1
2024-11-15T15:00,8.1,0.00,87,6.0,6.9,0.00,0.00,0.00,3,100,0,0,100,1.1,90,90,1.3,5.0,1,0.00,1027.5,1012.9
2024-11-15T16:00,8.0,0.00,87,6.0,6.8,0.00,0.00,0.00,3,100,0,0,100,1.3,90,90,1.6,4.7,1,0.00,1027.2,1012.6
2024-11-15T17:00,7.5,0.00,92,6.2,6.3,0.00,0.00,0.00,3,100,0,0,100,1.6,94,84,2.9,2.9,0,0.00,1027.0,1012.4
2024-11-15T18:00,7.2,0.00,93,6.2,6.0,0.00,0.00,0.00,3,100,0,0,100,2.0,123,100,3.6,4.0,0,0.00,1026.9,1012.3
2024-11-15T19:00,6.8,0.00,94,6.0,5.5,0.00,0.00,0.00,3,87,0,0,87,2.4,132,103,4.3,4.7,0,0.00,1027.0,1012.3
2024-11-15T20:00,6.5,0.00,94,5.7,5.0,0.00,0.00,0.00,2,66,0,0,66,3.1,122,83,4.4,5.8,0,0.00,1026.7,1012.0
2024-11-15T21:00,6.1,0.00,94,5.2,4.3,0.00,0.00,0.00,2,54,0,0,54,4.5,108,83,6.3,8.6,0,0.00,1026.6,1011.9
2024-11-15T22:00,5.3,0.00,94,4.4,3.4,0.00,0.00,0.00,1,40,0,0,40,3.8,111,87,7.5,9.0,0,0.00,1026.2,1011.5
2024-11-15T23:00,4.4,0.00,95,3.7,2.4,0.00,0.00,0.00,1,21,0,0,21,3.4,110,87,7.3,7.2,0,0.00,1026.0,1011.2
2024-11-16T00:00,3.6,0.00,96,2.9,1.4,0.00,0.00,0.00,0,11,0,0,11,3.4,108,87,7.7,6.8,0,0.00,1025.7,1010.9
2024-11-16T01:00,2.3,0.00,95,1.7,-0.1,0.00,0.00,0.00,0,16,0,0,16,3.6,107,84,8.7,6.8,0,0.00,1025.1,1010.2
2024-11-16T02:00,4.5,0.00,92,3.3,2.1,0.00,0.00,0.00,0,14,0,0,14,6.1,123,102,14.7,12.6,0,0.00,1024.6,1009.9
2024-11-16T03:00,3.9,0.00,94,2.9,1.4,0.00,0.00,0.00,0,6,0,0,6,5.9,129,104,15.0,11.5,0,0.00,1024.1,1009.3
2024-11-16T04:00,3.2,0.00,94,2.3,0.7,0.00,0.00,0.00,0,1,0,0,1,4.9,137,107,13.8,11.5,0,0.00,1023.5,1008.7
2024-11-16T05:00,1.7,0.00,96,1.1,-0.8,0.00,0.00,0.00,0,1,0,0,1,4.1,154,119,11.2,9.0,0,0.00,1023.5,1008.6
2024-11-16T06:00,1.2,0.00,97,0.8,-1.4,0.00,0.00,0.00,0,2,0,0,2,4.1,167,128,9.3,7.6,0,0.00,1023.4,1008.5
2024-11-16T07:00,0.9,0.00,97,0.5,-1.8,0.00,0.00,0.00,0,14,0,0,14,3.9,181,133,7.0,7.6,0,0.00,1023.4,1008.5
2024-11-16T08:00,0.9,0.00,99,0.7,-1.7,0.00,0.00,0.00,2,70,0,0,70,3.9,194,143,7.2,7.9,1,0.00,1023.6,1008.7
2024-11-16T09:00,2.6,0.00,99,2.4,0.3,0.00,0.00,0.00,3,100,0,0,100,4.2,189,160,5.8,11.5,1,2153.72,1023.7,1008.9
2024-11-16T10:00,3.4,0.00,99,3.2,1.1,0.00,0.00,0.00,3,100,0,0,100,4.9,185,176,6.3,14.0,1,1007.54,1023.5,1008.7
2024-11-16T11:00,4.1,0.00,97,3.6,1.8,0.00,0.00,0.00,3,100,0,0,100,5.4,187,186,7.1,15.8,1,1098.47,1023.2,1008.4
2024-11-16T12:00,5.3,0.00,93,4.2,3.0,0.00,0.00,0.00,3,100,0,0,100,6.4,190,191,8.0,17.3,1,2716.18,1022.5,1007.8
2024-11-16T13:00,6.6,0.00,86,4.4,4.3,0.00,0.00,0.00,2,59,0,0,59,6.4,199,198,8.8,18.4,1,3600.00,1021.7,1007.1
2024-11-16T14:00,5.1,0.00,90,3.6,2.5,0.00,0.00,0.00,3,100,0,0,100,7.0,222,220,9.7,19.1,1,374.98,1021.6,1006.9
2024-11-16T15:00,5.6,0.00,87,3.5,2.8,0.00,0.00,0.00,3,97,0,0,97,8.8,212,211,12.8,20.5,1,2868.51,1020.8,1006.2
2024-11-16T16:00,5.6,0.00,86,3.5,3.1,0.00,0.00,0.00,1,24,0,0,24,7.1,193,189,12.7,20.9,1,1628.31,1020.1,1005.5
2024-11-16T17:00,4.5,0.00,91,3.1,1.8,0.00,0.00,0.00,1,25,0,0,25,7.4,201,181,16.8,15.1,0,0.00,1019.8,1005.1
2024-11-16T18:00,4.0,0.00,92,2.7,1.2,0.00,0.00,0.00,2,58,32,0,38,7.7,229,217,18.5,16.2,0,0.00,1019.7,1005.0
2024-11-16T19:00,3.8,0.00,93,2.7,1.2,0.00,0.00,0.00,2,62,0,0,62,6.4,249,241,16.4,15.8,0,0.00,1019.6,1004.9
2024-11-16T20:00,4.1,0.00,93,3.0,1.5,0.00,0.00,0.00,3,97,86,0,76,6.4,254,245,16.1,14.0,0,0.00,1019.3,1004.6
2024-11-16T21:00,4.1,0.00,92,2.8,1.4,0.00,0.00,0.00,3,100,100,0,92,7.2,258,243,17.5,15.5,0,0.00,1019.3,1004.6
2024-11-16T22:00,4.5,0.00,90,2.9,1.7,0.00,0.00,0.00,3,100,99,0,93,7.7,248,234,16.6,17.3,0,0.00,1019.1,1004.4
2024-11-16T23:00,4.5,0.00,90,3.0,1.4,0.00,0.00,0.00,3,95,90,0,50,10.0,225,218,19.6,20.5,0,0.00,1018.9,1004.2
2024-11-17T00:00,3.4,0.00,94,2.6,-0.1,0.00,0.00,0.00,3,94,88,0,47,12.3,221,215,24.7,24.8,0,0.00,1018.7,1004.0
2024-11-17T01:00,3.5,0.00,93,2.4,-0.1,0.00,0.00,0.00,3,99,56,0,98,12.7,226,219,25.1,26.3,0,0.00,1018.2,1003.5
2024-11-17T02:00,4.4,0.00,88,2.6,0.8,0.00,0.00,0.00,3,93,65,0,81,13.1,231,227,23.4,27.7,0,0.00,1018.1,1003.4
2024-11-17T03:00,4.1,0.00,87,2.0,0.3,0.00,0.00,0.00,2,61,0,0,61,13.6,233,228,25.2,28.4,0,0.00,1017.8,1003.1
2024-11-17T04:00,3.9,0.00,87,2.0,0.0,0.00,0.00,0.00,3,100,0,0,100,14.0,229,224,26.4,29.5,0,0.00,1017.3,1002.6
2024-11-17T05:00,4.4,0.00,87,2.5,0.5,0.00,0.00,0.00,3,92,0,1,92,14.9,225,221,26.7,31.7,0,0.00,1016.7,1002.1
2024-11-17T06:00,4.4,0.00,88,2.6,0.6,0.00,0.00,0.00,3,100,94,5,100,14.9,226,225,27.2,32.8,0,0.00,1016.1,1001.5
2024-11-17T07:00,4.5,0.00,88,2.7,0.6,0.00,0.00,0.00,3,100,91,35,100,14.8,224,221,26.7,31.7,0,0.00,1015.8,1001.2
2024-11-17T08:00,4.4,0.00,90,2.9,0.8,0.00,0.00,0.00,3,100,9,81,100,13.5,226,224,24.3,32.0,1,0.00,1015.6,1001.0
2024-11-17T09:00,4.6,0.00,90,3.1,0.9,0.00,0.00,0.00,3,100,100,100,100,14.4,223,221,23.6,31.7,1,139.76,1015.9,1001.3
2024-11-17T10:00,5.1,0.00,87,3.1,1.2,0.00,0.00,0.00,3,100,99,100,100,15.8,222,222,25.9,34.6,1,0.00,1015.8,1001.2
2024-11-17T11:00,5.2,0.20,88,3.4,1.4,0.20,0.00,0.00,51,100,99,100,100,15.0,230,225,26.4,34.2,1,0.00,1015.8,1001.2
2024-11-17T12:00,5.4,0.20,87,3.4,1.5,0.20,0.00,0.00,51,100,77,100,100,15.6,232,229,26.8,34.2,1,0.00,1015.5,1000.9
2024-11-17T13:00,5.1,0.60,94,4.1,1.6,0.60,0.00,0.00,53,100,30,100,100,14.5,239,235,26.2,33.5,1,0.00,1015.1,1000.5
2024-11-17T14:00,5.1,0.30,89,3.4,1.3,0.30,0.00,0.00,51,100,31,100,100,15.5,242,239,26.6,32.8,1,0.00,1015.2,1000.6
2024-11-17T15:00,5.2,0.20,90,3.8,1.6,0.20,0.00,0.00,51,100,13,100,84,14.7,244,242,25.6,32.4,1,0.00,1014.9,1000.3
2024-11-17T16:00,5.4,0.00,90,3.9,1.9,0.00,0.00,0.00,3,100,27,100,74,14.2,245,244,25.1,31.0,1,0.00,1014.7,1000.1
2024-11-17T17:00,5.4,0.00,90,4.0,2.0,0.00,0.00,0.00,3,100,0,100,51,13.7,246,245,24.7,30.2,0,0.00,1014.7,1000.1
2024-11-17T18:00,5.5,0.00,90,4.1,2.2,0.00,0.00,0.00,3,100,1,100,56,13.1,249,247,24.0,29.2,0,0.00,1015.0,1000.4
2024-11-17T19:00,5.6,0.10,90,4.2,2.3,0.10,0.00,0.00,51,100,0,100,63,13.0,248,245,23.8,28.4,0,0.00,1015.1,1000.5
2024-11-17T20:00,5.7,0.10,91,4.4,2.5,0.10,0.00,0.00,51,100,0,100,100,12.7,250,247,23.7,27.4,0,0.00,1015.3,1000.7
2024-11-17T21:00,5.9,0.10,91,4.6,2.7,0.10,0.00,0.00,51,97,0,90,75,13.3,250,247,24.0,27.7,0,0.00,1015.4,1000.9
2024-11-17T22:00,6.0,0.00,91,4.7,2.7,0.00,0.00,0.00,3,88,0,35,85,13.7,253,249,25.1,29.2,0,0.00,1015.4,1000.9
2024-11-17T23:00,5.9,0.00,91,4.6,2.6,0.00,0.00,0.00,3,97,11,0,96,13.1,247,243,24.3,29.2,0,0.00,1015.4,1000.9
2024-11-18T00:00,5.8,0.00,92,4.5,2.4,0.00,0.00,0.00,3,100,0,0,100,14.2,243,240,25.8,29.9,0,0.00,1015.3,1000.8
2024-11-18T01:00,5.6,0.10,93,4.6,2.4,0.10,0.00,0.00,51,100,10,38,100,13.2,235,231,24.1,30.2,0,0.00,1014.9,1000.3
2024-11-18T02:00,6.0,0.00,89,4.4,2.3,0.00,0.00,0.00,3,100,82,28,100,16.1,227,221,28.4,33.8,0,0.00,1013.8,999.3
2024-11-18T03:00,5.8,0.00,91,4.5,1.8,0.00,0.00,0.00,3,100,95,22,100,18.3,227,223,31.6,40.0,0,0.00,1013.3,998.8
2024-11-18T04:00,5.4,1.80,93,4.3,0.7,1.40,0.00,0.28,73,100,91,77,93,22.9,233,230,37.4,55.4,0,0.00,1012.8,998.3
2024-11-18T05:00,4.6,3.20,96,4.0,0.2,2.70,0.00,0.35,73,97,68,42,89,20.4,238,236,34.1,54.0,0,0.00,1013.1,998.5
2024-11-18T06:00,5.8,0.00,94,4.8,1.5,0.00,0.00,0.00,3,100,39,100,100,20.5,237,234,36.1,42.5,0,0.00,1012.6,998.1
2024-11-18T07:00,6.3,0.00,91,4.9,1.9,0.00,0.00,0.00,3,100,75,94,100,21.9,235,231,37.7,46.1,0,0.00,1012.4,997.9
2024-11-18T08:00,6.4,0.10,89,4.7,2.0,0.10,0.00,0.00,51,100,40,100,100,21.1,232,230,36.0,45.7,1,0.00,1012.6,998.1
2024-11-18T09:00,5.8,1.30,97,5.3,1.7,1.30,0.00,0.00,61,100,49,100,100,19.9,232,229,34.5,46.4,1,0.00,1013.2,998.7
2024-11-18T10:00,5.9,1.40,97,5.5,2.4,1.40,0.00,0.00,61,100,39,100,100,16.2,238,234,29.2,41.0,1,0.00,1013.3,998.8
2024-11-18T11:00,6.1,1.30,97,5.7,3.1,1.30,0.00,0.00,61,100,55,100,100,13.2,241,239,23.8,33.8,1,0.00,1013.4,998.9
2024-11-18T12:00,6.4,1.50,98,6.1,3.7,1.50,0.00,0.00,61,100,14,100,100,11.7,236,232,21.4,27.4,1,0.00,1013.0,998.5
2024-11-18T13:00,6.6,1.50,98,6.4,3.7,1.50,0.00,0.00,61,100,27,100,100,13.7,235,235,24.7,28.1,1,0.00,1012.4,997.9
2024-11-18T14:00,7.0,1.10,98,6.8,4.8,1.10,0.00,0.00,55,100,30,100,100,9.3,257,257,17.6,29.9,1,0.00,1012.6,998.2
2024-11-18T15:00,7.1,1.30,99,6.9,5.4,1.30,0.00,0.00,61,100,53,100,100,6.1,283,300,10.5,19.4,1,0.00,1012.5,998.1
2024-11-18T16:00,6.7,1.80,98,6.4,5.1,1.80,0.00,0.00,61,100,98,100,100,4.5,330,353,8.7,13.0,1,0.00,1012.5,998.0
2024-11-18T17:00,6.4,1.50,97,5.9,4.8,1.50,0.00,0.00,61,100,99,100,100,3.4,346,25,5.9,9.4,0,0.00,1012.5,998.0
2024-11-18T18:00,6.2,1.90,97,5.7,4.5,1.90,0.00,0.00,61,100,100,100,100,3.7,2,43,5.0,6.8,0,0.00,1012.4,997.9
2024-11-18T19:00,6.1,1.90,97,5.7,4.6,1.90,0.00,0.00,61,100,98,100,100,3.1,45,69,2.5,6.5,0,0.00,1012.2,997.7
2024-11-18T20:00,6.2,1.90,98,5.9,4.9,1.90,0.00,0.00,61,100,95,100,100,1.8,174,101,3.3,6.1,0,0.00,1012.0,997.5
2024-11-18T21:00,6.6,1.80,96,5.9,5.3,1.80,0.00,0.00,61,100,89,100,100,1.9,223,202,9.7,7.6,0,0.00,1011.6,997.1
2024-11-18T22:00,6.7,1.40,97,6.3,5.1,1.40,0.00,0.00,61,100,100,100,100,5.0,236,229,16.1,12.2,0,0.00,1011.0,996.6
2024-11-18T23:00,7.3,0.90,97,6.9,4.7,0.90,0.00,0.00,53,100,70,100,100,11.8,230,220,23.5,24.1,0,0.00,1010.5,996.1
2024-11-19T00:00,7.4,0.70,96,6.9,4.4,0.70,0.00,0.00,53,100,100,100,100,14.9,222,216,27.9,31.0,0,0.00,1009.9,995.5
2024-11-19T01:00,7.7,0.10,94,6.8,4.1,0.10,0.00,0.00,51,100,100,100,100,18.7,220,215,33.2,38.5,0,0.00,1008.7,994.3
2024-11-19T02:00,7.4,0.80,97,6.9,4.3,0.80,0.00,0.00,53,100,100,100,100,15.9,215,209,29.3,32.8,0,0.00,1008.2,993.8
2024-11-19T03:00,7.9,0.90,95,7.1,4.2,0.90,0.00,0.00,53,100,100,100,100,20.0,218,213,35.4,41.0,0,0.00,1007.1,992.8
2024-11-19T04:00,8.0,0.30,96,7.5,4.3,0.30,0.00,0.00,51,100,100,100,96,21.1,223,219,37.3,43.2,0,0.00,1006.0,991.7
2024-11-19T05:00,8.4,0.20,94,7.5,4.3,0.20,0.00,0.00,51,100,100,98,100,23.3,222,219,40.2,49.0,0,0.00,1005.1,990.8
2024-11-19T06:00,8.5,0.20,93,7.5,4.5,0.20,0.00,0.00,51,100,100,100,88,22.6,219,216,39.0,48.2,0,0.00,1004.0,989.7
2024-11-19T07:00,8.6,0.10,91,7.2,4.6,0.10,0.00,0.00,51,100,100,100,100,22.2,221,218,38.8,48.2,0,0.00,1003.3,989.1
2024-11-19T08:00,8.8,0.70,90,7.3,4.5,0.70,0.00,0.00,53,100,100,96,100,24.5,222,219,42.3,50.4,1,0.00,1002.8,988.6
2024-11-19T09:00,9.2,0.10,87,7.2,4.8,0.10,0.00,0.00,51,100,91,97,100,25.2,224,222,43.4,54.0,1,0.00,1002.5,988.3
2024-11-19T10:00,9.5,0.10,85,7.1,5.1,0.10,0.00,0.00,51,100,98,100,100,24.6,224,222,42.0,54.0,1,0.00,1002.3,988.1
2024-11-19T11:00,9.8,0.10,84,7.2,5.5,0.10,0.00,0.00,51,100,71,100,100,24.1,221,219,40.6,53.6,1,0.00,1001.4,987.3
2024-11-19T12:00,10.0,0.20,84,7.5,6.1,0.20,0.00,0.00,51,100,100,99,100,22.2,223,222,37.8,51.5,1,0.00,1000.7,986.6
2024-11-19T13:00,10.0,0.30,86,7.8,6.0,0.30,0.00,0.00,51,100,100,100,100,23.3,217,215,39.8,49.7,1,0.00,999.0,984.9
2024-11-19T14:00,11.0,0.10,81,7.9,6.9,0.10,0.00,0.00,51,100,100,100,100,24.2,215,212,41.0,53.3,1,0.00,997.9,983.9
2024-11-19T15:00,10.8,0.30,83,8.0,6.5,0.30,0.00,0.00,51,100,100,99,100,25.3,213,210,44.6,54.0,1,0.00,996.3,982.3
2024-11-19T16:00,10.3,0.80,89,8.5,5.8,0.80,0.00,0.00,53,100,99,100,100,27.5,221,218,47.1,59.4,1,0.00,995.4,981.4
2024-11-19T17:00,9.6,1.80,94,8.8,5.0,1.80,0.00,0.00,61,100,100,100,99,29.4,222,220,50.3,63.7,0,0.00,994.5,980.4
2024-11-19T18:00,9.3,2.70,95,8.6,5.2,2.70,0.00,0.00,63,100,100,100,100,25.8,221,220,43.2,67.0,0,0.00,993.7,979.6
2024-11-19T19:00,9.4,2.60,95,8.7,4.3,2.60,0.00,0.00,63,100,100,100,100,33.0,232,232,55.3,73.1,0,0.00,993.2,979.1
2024-11-19T20:00,9.3,2.30,95,8.5,6.0,2.30,0.00,0.00,61,100,100,100,100,19.7,254,255,33.6,70.6,0,0.00,993.2,979.1
2024-11-19T21:00,8.2,2.00,94,7.3,5.3,2.00,0.00,0.00,61,100,100,100,73,14.9,282,283,27.0,43.2,0,0.00,993.5,979.4
2024-11-19T22:00,7.2,1.90,96,6.5,4.4,1.90,0.00,0.00,61,100,100,100,100,12.8,301,299,22.8,30.6,0,0.00,993.5,979.3
2024-11-19T23:00,5.0,2.50,96,4.5,1.0,2.50,0.00,0.00,63,100,100,100,100,18.2,339,339,28.1,37.4,0,0.00,993.9,979.6
2024-11-20T00:00,3.4,1.40,98,3.2,0.1,1.40,0.00,0.00,61,100,100,100,100,12.1,330,325,20.1,37.4,0,0.00,995.0,980.6
2024-11-20T01:00,3.3,0.60,95,2.6,-0.6,0.60,0.00,0.00,53,100,0,99,92,14.9,326,324,24.4,32.4,0,0.00,995.9,981.5
2024-11-20T02:00,3.5,0.30,95,2.8,-0.5,0.30,0.00,0.00,51,99,0,97,49,16.3,329,327,27.0,33.8,0,0.00,997.2,982.8
2024-11-20T03:00,3.0,0.00,93,2.1,-0.9,0.00,0.00,0.00,2,73,0,59,34,14.8,326,324,25.3,34.2,0,0.00,998.9,984.4
2024-11-20T04:00,2.6,0.00,93,1.6,-0.9,0.00,0.00,0.00,2,58,0,42,27,10.7,321,316,20.5,30.6,0,0.00,1000.2,985.7
2024-11-20T05:00,1.5,0.00,95,0.8,-1.3,0.00,0.00,0.00,0,19,5,6,9,5.5,299,281,14.8,22.7,0,0.00,1001.5,986.9
2024-11-20T06:00,1.3,0.00,95,0.7,-1.9,0.00,0.00,0.00,1,44,2,37,14,8.0,252,243,19.1,16.6,0,0.00,1002.7,988.1
2024-11-20T07:00,1.4,0.00,94,0.6,-2.0,0.00,0.00,0.00,3,100,85,100,81,9.4,250,241,21.5,19.8,0,0.00,1003.1,988.5
2024-11-20T08:00,2.2,0.00,90,0.7,-1.7,0.00,0.00,0.00,3,100,85,100,49,12.7,255,249,24.6,26.3,1,0.00,1003.6,989.0
2024-11-20T09:00,3.2,0.00,87,1.3,-0.9,0.00,0.00,0.00,2,66,0,0,66,14.7,237,231,25.5,31.7,1,528.84,1004.1,989.6
2024-11-20T10:00,4.3,0.00,82,1.5,0.4,0.00,0.00,0.00,1,36,0,0,35,13.5,224,223,21.4,32.0,1,3600.00,1004.0,989.5
2024-11-20T11:00,5.1,0.10,72,0.5,0.4,0.10,0.00,0.00,51,34,9,9,26,18.4,255,255,27.9,40.3,1,3600.00,1004.4,990.0
2024-11-20T12:00,5.4,0.00,65,-0.6,0.4,0.00,0.00,0.00,1,43,0,6,41,18.9,257,256,28.5,52.6,1,3600.00,1004.2,989.8
2024-11-20T13:00,5.4,0.10,63,-1.0,0.2,0.10,0.00,0.00,51,97,3,24,97,19.9,266,265,30.1,47.2,1,3600.00,1004.2,989.8
2024-11-20T14:00,5.2,0.10,61,-1.7,-0.0,0.10,0.00,0.00,51,98,83,56,87,19.1,265,265,29.1,52.6,1,3600.00,1005.1,990.7
2024-11-20T15:00,5.0,0.20,62,-1.6,-0.1,0.20,0.00,0.00,51,98,90,48,82,18.6,269,268,28.6,46.1,1,3600.00,1005.3,990.9
2024-11-20T16:00,4.5,0.00,63,-1.9,-0.2,0.00,0.00,0.00,1,48,4,4,44,15.3,262,262,26.1,39.6,1,2816.12,1005.5,991.0
2024-11-20T17:00,3.7,0.00,65,-2.3,-0.9,0.00,0.00,0.00,1,38,0,0,38,14.9,261,258,27.0,33.1,0,0.00,1006.1,991.6
2024-11-20T18:00,3.0,0.00,68,-2.4,-1.5,0.00,0.00,0.00,2,76,15,56,44,13.7,258,253,25.6,32.8,0,0.00,1006.3,991.7
2024-11-20T19:00,2.6,0.00,69,-2.6,-1.7,0.00,0.00,0.00,3,97,33,95,15,11.8,249,242,22.6,30.2,0,0.00,1006.4,991.8
2024-11-20T20:00,2.2,0.00,71,-2.6,-2.0,0.00,0.00,0.00,3,98,66,96,0,11.6,233,224,22.6,25.9,0,0.00,1006.4,991.8
2024-11-20T21:00,1.6,0.00,73,-2.8,-2.6,0.00,0.00,0.00,2,64,47,50,15,11.3,228,216,22.4,25.6,0,0.00,1006.5,991.9
2024-11-20T22:00,0.5,0.00,72,-3.9,-3.6,0.00,0.00,0.00,0,10,0,1,10,10.1,208,192,21.3,24.5,0,0.00,1006.5,991.8
2024-11-20T23:00,0.7,0.00,79,-2.5,-3.6,0.00,0.00,0.00,3,100,100,99,90,11.9,221,210,24.4,24.5,0,0.00,1006.9,992.2
2024-11-21T00:00,1.5,0.00,78,-1.9,-2.9,0.00,0.00,0.00,3,100,100,99,27,13.3,225,218,24.6,28.8,0,0.00,1006.7,992.1
2024-11-21T01:00,1.4,0.00,79,-1.8,-3.3,0.00,0.00,0.00,3,100,1,100,100,15.8,232,229,28.2,34.2,0,0.00,1006.8,992.1
2024-11-21T02:00,1.5,1.30,79,-1.7,-3.4,0.10,0.00,0.84,75,100,84,90,94,17.3,230,225,29.4,37.4,0,0.00,1006.1,991.5
2024-11-21T03:00,2.1,0.00,80,-1.0,-2.9,0.00,0.01,0.00,3,100,0,82,100,19.1,252,248,32.6,40.7,0,0.00,1006.3,991.7
2024-11-21T04:00,2.3,0.00,81,-0.6,-2.8,0.00,0.01,0.00,3,97,41,33,93,19.8,257,257,33.4,45.0,0,0.00,1006.7,992.1
2024-11-21T05:00,2.1,0.10,82,-0.6,-2.6,0.00,0.01,0.07,71,100,100,79,100,17.3,249,248,30.0,42.1,0,0.00,1006.9,992.3
2024-11-21T06:00,1.9,0.30,84,-0.6,-2.8,0.10,0.01,0.14,71,100,100,85,97,17.4,238,237,30.1,37.4,0,0.00,1007.0,992.4
2024-11-21T07:00,1.6,0.20,87,-0.3,-3.1,0.00,0.01,0.14,71,100,100,97,100,17.6,231,228,30.8,37.8,0,0.00,1007.0,992.4
2024-11-21T08:00,1.8,0.00,83,-0.7,-3.4,0.00,0.01,0.00,3,100,100,3,20,20.2,238,236,34.6,43.6,1,0.00,1006.8,992.2
2024-11-21T09:00,1.4,0.00,83,-1.3,-3.5,0.00,0.01,0.00,3,100,100,0,59,17.6,245,244,29.6,43.6,1,0.00,1006.3,991.7
2024-11-21T10:00,1.6,0.00,79,-1.6,-3.5,0.00,0.01,0.00,3,100,100,63,38,18.7,245,244,29.0,40.7,1,107.90,1005.9,991.3
2024-11-21T11:00,2.1,0.00,74,-2.0,-2.7,0.00,0.01,0.00,3,100,100,29,33,16.2,236,235,24.4,41.4,1,3258.87,1004.9,990.3
2024-11-21T12:00,2.5,0.00,70,-2.4,-1.8,0.00,0.01,0.00,3,100,100,100,24,12.6,223,222,18.6,35.3,1,1118.65,1003.5,988.9
2024-11-21T13:00,2.8,0.00,66,-2.9,-1.2,0.00,0.01,0.00,3,100,100,100,8,10.4,215,214,15.4,28.4,1,707.53,1001.7,987.2
2024-11-21T14:00,2.7,0.00,66,-3.0,-0.5,0.00,0.01,0.00,3,100,100,100,0,4.8,206,207,7.0,24.1,1,0.00,1000.0,985.5
2024-11-21T15:00,2.5,0.00,66,-3.2,-0.5,0.00,0.01,0.00,3,100,100,100,0,2.6,144,141,3.3,12.6,1,0.00,997.9,983.4
2024-11-21T16:00,2.0,0.00,71,-2.7,-1.3,0.00,0.01,0.00,3,100,100,100,0,5.1,113,107,9.4,10.1,1,0.00,996.0,981.5
2024-11-21T17:00,1.4,0.00,74,-2.6,-2.0,0.00,0.01,0.00,3,100,100,100,0,6.1,98,90,13.6,12.2,0,0.00,994.6,980.1
2024-11-21T18:00,1.3,0.00,77,-2.4,-2.1,0.00,0.01,0.00,3,100,100,100,0,6.0,82,63,13.8,12.2,0,0.00,994.2,979.7
2024-11-21T19:00,1.1,0.00,79,-2.2,-2.0,0.00,0.01,0.00,3,100,100,100,0,4.5,72,37,10.8,12.6,0,0.00,994.2,979.7
2024-11-21T20:00,0.6,0.00,81,-2.2,-2.8,0.00,0.01,0.00,3,100,100,100,0,6.9,41,14,11.7,13.3,0,0.00,993.8,979.3
2024-11-21T21:00,0.2,0.00,81,-2.6,-3.5,0.00,0.01,0.00,3,100,100,100,0,8.5,10,360,16.5,16.9,0,0.00,994.2,979.7
2024-11-21T22:00,0.0,0.00,81,-2.9,-3.7,0.00,0.01,0.00,3,100,100,100,0,8.1,1,359,17.5,17.3,0,0.00,994.9,980.3
2024-11-21T23:00,-0.1,0.00,82,-2.9,-3.9,0.00,0.01,0.00,3,100,100,100,0,8.1,2,357,17.6,16.6,0,0.00,995.0,980.4
2024-11-22T00:00,-0.4,0.00,81,-3.2,-4.1,0.00,0.01,0.00,3,100,100,100,0,7.4,352,338,16.4,16.6,0,0.00,996.2,981.6
2024-11-22T01:00,-0.6,0.00,83,-3.1,-4.2,0.00,0.01,0.00,3,100,100,93,0,7.3,334,318,16.7,16.6,0,0.00,997.6,983.0
2024-11-22T02:00,-0.8,0.00,86,-2.8,-4.2,0.00,0.01,0.00,2,50,22,48,0,6.0,306,291,14.9,16.6,0,0.00,999.3,984.6
2024-11-22T03:00,-1.3,0.00,86,-3.4,-4.6,0.00,0.01,0.00,0,0,0,0,0,4.6,279,252,13.8,13.0,0,0.00,1000.9,986.2
2024-11-22T04:00,-1.2,0.00,84,-3.6,-4.7,0.00,0.01,0.00,0,0,0,0,0,6.0,248,217,14.6,12.6,0,0.00,1002.4,987.7
2024-11-22T05:00,-1.5,0.00,84,-3.9,-5.4,0.00,0.01,0.00,0,0,0,0,0,8.6,229,211,18.8,16.9,0,0.00,1003.5,988.7
2024-11-22T06:00,-1.9,0.00,86,-4.0,-6.0,0.00,0.01,0.00,0,8,2,6,0,9.7,235,219,21.1,20.2,0,0.00,1004.1,989.3
2024-11-22T07:00,-2.1,0.00,87,-4.0,-6.1,0.00,0.01,0.00,0,0,0,0,0,9.2,237,219,20.3,20.9,0,0.00,1004.7,989.9
2024-11-22T08:00,-2.1,0.00,88,-3.8,-6.4,0.00,0.01,0.00,0,0,0,0,0,11.2,230,215,22.6,23.0,1,0.00,1005.7,990.9
2024-11-22T09:00,-1.2,0.00,88,-2.9,-5.7,0.00,0.01,0.00,0,2,0,1,1,13.1,229,222,27.4,28.4,1,2103.28,1006.5,991.7
2024-11-22T10:00,0.0,0.00,82,-2.6,-5.4,0.00,0.01,0.00,1,46,0,40,28,19.7,231,232,31.4,42.5,1,3600.00,1007.1,992.4
2024-11-22T11:00,0.9,0.00,77,-2.7,-5.3,0.00,0.01,0.00,3,100,0,10,100,25.3,234,235,38.5,55.1,1,3600.00,1007.4,992.7
2024-11-22T12:00,1.4,0.00,76,-2.3,-4.8,0.00,0.01,0.00,3,100,0,48,100,26.0,237,238,39.5,56.5,1,0.00,1007.8,993.1
2024-11-22T13:00,1.8,0.00,75,-2.2,-4.4,0.00,0.01,0.00,3,99,0,48,99,25.8,238,238,39.6,55.8,1,0.00,1007.7,993.1
2024-11-22T14:00,2.5,0.00,70,-2.5,-2.8,0.00,0.01,0.00,3,84,6,4,83,19.3,235,233,30.2,48.2,1,3037.26,1008.8,994.2
2024-11-22T15:00,2.7,0.00,66,-3.0,-2.6,0.00,0.01,0.00,3,99,21,65,98,18.8,231,231,30.9,48.2,1,3600.00,1009.0,994.4
2024-11-22T16:00,2.1,0.60,78,-1.3,-2.9,0.00,0.01,0.42,73,100,98,98,46,18.6,237,238,31.6,41.0,1,872.85,1010.0,995.3
2024-11-22T17:00,1.6,0.10,81,-1.3,-3.3,0.00,0.01,0.07,71,100,95,100,100,17.2,229,226,30.0,40.7,0,0.00,1010.8,996.1
2024-11-22T18:00,1.9,0.00,80,-1.1,-2.9,0.00,0.02,0.00,3,100,0,70,100,17.6,229,226,30.6,38.5,0,0.00,1011.5,996.8
2024-11-22T19:00,2.3,0.00,80,-0.8,-2.8,0.00,0.02,0.00,3,100,1,5,100,19.4,233,232,33.2,41.8,0,0.00,1011.8,997.1
2024-11-22T20:00,2.7,0.20,79,-0.6,-2.8,0.00,0.02,0.14,71,100,99,99,99,22.0,246,245,37.4,47.9,0,0.00,1012.9,998.2
2024-11-22T21:00,2.4,0.40,79,-0.8,-2.9,0.10,0.02,0.21,73,100,97,100,100,20.8,237,235,35.3,47.9,0,0.00,1014.3,999.6
2024-11-22T22:00,2.4,0.10,83,-0.2,-2.7,0.10,0.02,0.00,51,100,0,100,100,19.9,248,246,34.2,45.0,0,0.00,1015.6,1000.9
2024-11-22T23:00,2.6,0.10,84,0.2,-2.2,0.10,0.02,0.00,51,100,0,100,100,18.9,255,252,32.8,42.8,0,0.00,1017.2,1002.5
2024-11-23T00:00,2.6,0.10,84,0.2,-2.0,0.10,0.02,0.00,51,96,5,76,95,16.8,250,247,29.4,40.7,0,0.00,1018.7,1003.9
2024-11-23T01:00,2.2,0.10,87,0.3,-2.1,0.10,0.02,0.00,51,99,6,27,99,15.2,242,239,27.4,35.3,0,0.00,1019.9,1005.1
2024-11-23T02:00,1.3,1.20,93,0.3,-2.6,0.20,0.02,0.70,73,68,23,21,54,12.8,238,231,26.0,25.2,0,0.00,1020.8,1005.9
2024-11-23T03:00,1.3,0.30,95,0.5,-3.0,0.10,0.02,0.14,71,91,74,31,62,14.9,232,228,28.2,30.2,0,0.00,1022.0,1007.1
2024-11-23T04:00,1.7,0.10,95,1.0,-2.5,0.10,0.02,0.00,51,99,73,85,97,15.2,232,229,27.8,31.7,0,0.00,1022.6,1007.7
2024-11-23T05:00,2.1,0.00,92,1.0,-1.8,0.00,0.02,0.00,3,100,100,0,100,13.3,234,232,24.4,31.0,0,0.00,1023.1,1008.2
2024-11-23T06:00,2.2,0.00,91,0.9,-1.8,0.00,0.02,0.00,3,100,81,0,100,13.2,229,226,24.1,27.4,0,0.00,1023.5,1008.6
2024-11-23T07:00,2.3,0.00,89,0.7,-1.5,0.00,0.02,0.00,3,100,34,0,100,11.9,226,222,22.4,27.4,0,0.00,1023.6,1008.7
2024-11-23T08:00,2.5,0.00,86,0.4,-1.4,0.00,0.02,0.00,3,100,100,2,100,12.6,222,217,23.3,26.3,1,0.00,1024.0,1009.2
2024-11-23T09:00,2.6,0.00,84,0.1,-1.4,0.00,0.02,0.00,3,100,100,20,67,13.3,219,215,23.4,28.4,1,0.00,1024.4,1009.6
2024-11-23T10:00,2.9,0.00,80,-0.2,-0.7,0.00,0.02,0.00,3,100,100,96,4,9.9,214,207,17.2,28.4,1,1094.15,1024.3,1009.5
2024-11-23T11:00,3.5,0.00,77,-0.2,0.3,0.00,0.02,0.00,2,75,68,23,0,7.1,194,187,11.0,22.3,1,954.28,1023.9,1009.1
2024-11-23T12:00,4.7,0.00,72,-0.0,1.5,0.00,0.02,0.00,3,100,76,100,0,7.4,185,180,10.5,19.4,1,3600.00,1023.8,1009.1
2024-11-23T13:00,5.3,0.00,68,-0.2,1.8,0.00,0.01,0.00,3,100,100,100,0,9.0,161,158,12.8,20.9,1,3403.51,1022.8,1008.1
2024-11-23T14:00,6.1,0.00,68,0.6,2.2,0.00,0.01,0.00,3,100,100,98,0,13.2,143,142,19.8,29.2,1,3600.00,1022.1,1007.5
2024-11-23T15:00,5.8,0.00,70,0.7,2.2,0.00,0.01,0.00,3,100,100,48,0,10.7,146,145,18.8,29.9,1,372.24,1021.3,1006.7
2024-11-23T16:00,5.3,0.00,73,0.8,2.1,0.00,0.01,0.00,3,100,100,100,0,8.6,155,143,18.5,23.0,1,0.00,1021.0,1006.3
2024-11-23T17:00,5.1,0.00,70,0.1,1.3,0.00,0.01,0.00,3,100,100,100,0,11.5,155,141,23.1,23.0,0,0.00,1020.1,1005.4
2024-11-23T18:00,5.0,0.00,65,-0.9,0.9,0.00,0.01,0.00,3,100,100,84,0,12.9,152,143,25.8,26.6,0,0.00,1019.7,1005.0
2024-11-23T19:00,4.8,0.00,61,-2.0,0.5,0.00,0.01,0.00,3,99,99,46,0,12.5,155,143,25.4,27.0,0,0.00,1019.1,1004.4
2024-11-23T20:00,3.6,0.00,62,-2.9,-0.6,0.00,0.01,0.00,3,100,100,88,0,11.5,162,139,24.6,26.3,0,0.00,1018.8,1004.1
2024-11-23T21:00,4.3,0.00,59,-3.0,0.3,0.00,0.01,0.00,3,100,100,94,36,9.4,176,149,21.5,24.1,0,0.00,1018.7,1004.0
2024-11-23T22:00,4.2,0.00,59,-3.1,0.3,0.00,0.01,0.00,3,100,100,99,82,9.3,184,152,21.1,21.2,0,0.00,1018.5,1003.8
2024-11-23T23:00,5.3,0.00,55,-3.1,1.2,0.00,0.01,0.00,3,100,100,100,6,10.1,197,174,22.9,24.1,0,0.00,1018.3,1003.7
2024-11-24T00:00,6.2,0.00,51,-3.3,1.7,0.00,0.01,0.00,3,100,100,100,7,13.1,206,192,27.5,29.2,0,0.00,1018.2,1003.6
2024-11-24T01:00,7.0,0.00,51,-2.4,2.7,0.00,0.01,0.00,3,100,100,100,0,12.6,210,200,26.9,31.3,0,0.00,1017.8,1003.3
2024-11-24T02:00,7.1,0.00,62,0.4,2.9,0.00,0.01,0.00,3,100,100,89,3,14.6,218,213,30.3,32.8,0,0.00,1017.3,1002.8
2024-11-24T03:00,7.9,0.00,64,1.5,3.7,0.00,0.01,0.00,3,100,100,100,53,16.0,221,219,32.3,34.9,0,0.00,1017.4,1002.9
2024-11-24T04:00,8.9,0.00,65,2.7,4.6,0.00,0.01,0.00,3,100,100,99,7,18.0,222,222,34.5,39.2,0,0.00,1017.3,1002.9
2024-11-24T05:00,8.9,0.00,68,3.3,4.9,0.00,0.01,0.00,3,100,100,96,1,16.6,222,221,32.5,39.6,0,0.00,1017.5,1003.1
2024-11-24T06:00,9.1,0.00,68,3.4,5.2,0.00,0.01,0.00,3,100,100,17,6,15.9,220,218,32.1,36.7,0,0.00,1017.3,1002.9
2024-11-24T07:00,9.1,0.00,69,3.7,5.3,0.00,0.01,0.00,3,100,100,19,3,15.9,217,212,32.4,36.4,0,0.00,1017.4,1003.0
2024-11-24T08:00,9.2,0.00,71,4.3,6.0,0.00,0.01,0.00,3,100,100,8,0,13.0,213,204,28.7,35.3,1,0.00,1017.6,1003.2
2024-11-24T09:00,10.0,0.00,70,4.8,7.0,0.00,0.01,0.00,3,100,100,6,0,11.5,210,197,25.6,29.5,1,1135.27,1018.2,1003.8
2024-11-24T10:00,11.0,0.00,68,5.4,8.6,0.00,0.01,0.00,3,100,100,12,0,8.6,204,182,20.5,26.3,1,2078.92,1018.5,1004.2
2024-11-24T11:00,12.5,0.00,66,6.2,10.5,0.00,0.01,0.00,3,100,100,4,0,7.0,201,170,17.5,20.5,1,3600.00,1018.7,1004.4
2024-11-24T12:00,13.8,0.00,66,7.5,12.1,0.00,0.01,0.00,3,100,100,2,0,7.1,199,161,19.2,18.4,1,3600.00,1018.1,1003.9
2024-11-24T13:00,14.9,0.00,66,8.6,13.1,0.00,0.00,0.00,3,100,100,1,0,9.8,210,194,25.6,22.3,1,3600.00,1017.3,1003.2
2024-11-24T14:00,14.9,0.00,63,7.9,12.4,0.00,0.00,0.00,3,98,98,0,0,13.5,208,199,27.9,31.0,1,0.00,1017.2,1003.1
2024-11-24T15:00,15.8,0.00,60,8.1,13.2,0.00,0.00,0.00,3,100,100,0,0,14.1,205,197,28.3,31.7,1,3600.00,1016.9,1002.8
2024-11-24T16:00,14.9,0.00,62,7.7,12.3,0.00,0.00,0.00,3,100,100,1,0,13.8,203,192,28.6,31.3,1,3349.35,1016.7,1002.6
2024-11-24T17:00,13.9,0.00,64,7.1,11.5,0.00,0.00,0.00,3,100,100,0,0,11.2,201,186,25.7,29.9,0,0.00,1016.7,1002.5
2024-11-24T18:00,13.0,0.00,66,6.8,10.8,0.00,0.00,0.00,3,100,100,0,0,9.5,187,161,22.3,24.8,0,0.00,1017.0,1002.8
2024-11-24T19:00,12.1,0.00,71,7.0,9.7,0.00,0.00,0.00,3,100,100,0,0,10.8,180,150,23.8,22.3,0,0.00,1017.1,1002.8
2024-11-24T20:00,11.7,0.00,71,6.7,9.2,0.00,0.00,0.00,3,100,100,0,0,11.7,189,162,26.2,24.5,0,0.00,1017.1,1002.8
2024-11-24T21:00,11.6,0.00,70,6.3,9.0,0.00,0.00,0.00,3,99,99,0,0,11.3,192,167,26.3,24.8,0,0.00,1017.2,1002.9
2024-11-24T22:00,11.2,0.00,71,6.1,8.7,0.00,0.00,0.00,3,99,99,0,0,10.7,194,168,25.4,24.1,0,0.00,1016.7,1002.4
2024-11-24T23:00,10.4,0.00,73,5.8,7.7,0.00,0.00,0.00,3,95,95,0,0,11.7,178,149,25.4,24.8,0,0.00,1016.5,1002.2
2024-11-25T00:00,9.6,0.00,75,5.3,6.6,0.00,0.00,0.00,3,98,98,0,0,12.2,166,134,25.4,25.2,0,0.00,1016.1,1001.7
2024-11-25T01:00,8.7,0.00,75,4.6,5.8,0.00,0.00,0.00,3,90,90,0,0,11.4,153,117,23.3,25.9,0,0.00,1015.7,1001.3
2024-11-25T02:00,8.7,0.00,73,4.2,5.6,0.00,0.00,0.00,3,95,95,0,0,11.5,152,119,22.2,24.1,0,0.00,1015.0,1000.6
2024-11-25T03:00,8.7,0.00,72,3.9,5.5,0.00,0.00,0.00,3,88,88,0,0,12.0,154,122,23.0,24.1,0,0.00,1014.6,1000.2
2024-11-25T04:00,8.4,0.00,72,3.7,5.2,0.00,0.00,0.00,3,99,88,88,0,12.2,154,119,23.0,24.8,0,0.00,1014.1,999.7
2024-11-25T05:00,8.9,0.00,69,3.6,5.6,0.00,0.00,0.00,2,71,14,67,0,12.6,154,121,24.1,25.9,0,0.00,1013.6,999.2
2024-11-25T06:00,8.6,0.00,68,3.1,5.1,0.00,0.00,0.00,3,100,3,100,0,12.5,147,117,24.1,26.3,0,0.00,1013.1,998.7
2024-11-25T07:00,9.5,0.00,64,3.1,6.0,0.00,0.00,0.00,3,100,24,100,0,12.5,141,117,25.2,26.3,0,0.00,1012.3,998.0
2024-11-25T08:00,10.0,0.00,61,2.9,6.7,0.00,0.00,0.00,3,85,77,33,0,11.5,144,122,24.6,25.9,1,0.00,1011.9,997.6
2024-11-25T09:00,10.1,0.00,61,2.9,6.7,0.00,0.00,0.00,1,32,8,26,0,11.9,144,121,23.7,25.2,1,1812.09,1011.9,997.6
2024-11-25T10:00,11.7,0.00,58,3.8,8.4,0.00,0.00,0.00,3,100,5,100,0,12.1,141,118,23.3,26.3,1,3600.00,1011.5,997.3
2024-11-25T11:00,12.8,0.00,57,4.5,9.8,0.00,0.00,0.00,2,70,1,70,0,11.5,140,120,21.6,25.9,1,480.83,1010.8,996.7
2024-11-25T12:00,14.8,0.00,61,7.5,12.6,0.00,0.00,0.00,3,100,11,100,0,10.9,153,119,20.7,24.5,1,3600.00,1010.0,996.0
2024-11-25T13:00,13.7,0.00,61,6.4,11.8,0.00,0.00,0.00,3,100,5,100,0,7.1,172,126,16.2,22.0,1,0.00,1009.7,995.6
2024-11-25T14:00,14.0,0.00,67,8.0,12.4,0.00,0.00,0.00,3,100,3,100,0,7.1,166,117,14.5,16.6,1,0.00,1009.2,995.1
2024-11-25T15:00,13.8,0.00,69,8.3,12.5,0.00,0.00,0.00,3,100,1,100,0,5.9,178,117,13.3,15.5,1,0.00,1008.9,994.8
2024-11-25T16:00,13.4,0.00,70,8.0,11.9,0.00,0.00,0.00,3,100,3,100,0,6.5,176,120,14.6,14.8,1,0.00,1008.9,994.8
2024-11-25T17:00,12.6,0.00,73,7.9,11.5,0.00,0.00,0.00,3,100,4,100,0,4.1,201,128,13.5,14.4,0,0.00,1009.6,995.5
2024-11-25T18:00,13.8,0.00,65,7.3,12.2,0.00,0.00,0.00,3,89,0,89,2,6.1,219,178,17.3,15.5,0,0.00,1010.1,996.0
2024-11-25T19:00,14.3,0.00,62,7.0,11.5,0.00,0.00,0.00,3,100,17,100,13,14.3,223,213,30.4,31.7,0,0.00,1010.2,996.2
2024-11-25T20:00,14.4,0.10,68,8.6,11.2,0.10,0.00,0.00,51,100,25,100,7,19.2,224,220,35.6,41.0,0,0.00,1010.8,996.7
2024-11-25T21:00,12.2,0.80,91,10.8,9.9,0.80,0.00,0.00,53,100,74,100,67,16.9,232,230,33.1,41.8,0,0.00,1012.1,997.9
2024-11-25T22:00,11.7,1.10,96,11.1,10.2,1.10,0.00,0.00,55,100,97,100,100,12.8,233,228,26.5,34.2,0,0.00,1013.2,999.0
2024-11-25T23:00,11.3,1.30,97,10.8,10.1,1.30,0.00,0.00,61,100,100,100,34,9.8,228,218,21.7,30.6,0,0.00,1014.0,999.7
2024-11-26T00:00,10.9,0.90,97,10.5,9.6,0.90,0.00,0.00,53,100,100,100,14,9.9,238,228,21.3,20.2,0,0.00,1014.7,1000.4
2024-11-26T01:00,10.5,0.30,97,10.0,8.8,0.30,0.00,0.00,51,100,100,100,25,11.8,257,253,23.8,25.2,0,0.00,1015.5,1001.2
2024-11-26T02:00,10.2,0.10,97,9.7,8.5,0.10,0.00,0.00,51,100,100,100,20,11.6,258,255,22.8,27.4,0,0.00,1016.0,1001.7
2024-11-26T03:00,9.5,0.10,97,9.0,8.0,0.10,0.00,0.00,51,100,100,100,31,8.8,255,244,18.4,24.1,0,0.00,1017.2,1002.8
2024-11-26T04:00,9.2,0.20,97,8.8,7.9,0.20,0.00,0.00,51,100,99,100,53,6.8,238,222,15.8,18.4,0,0.00,1017.8,1003.4
2024-11-26T05:00,8.8,0.10,98,8.5,7.2,0.10,0.00,0.00,51,100,55,100,60,7.9,238,231,17.5,19.1,0,0.00,1018.4,1004.0
2024-11-26T06:00,8.5,0.60,97,8.1,6.4,0.60,0.00,0.00,53,99,89,82,71,10.7,239,234,21.1,24.1,0,0.00,1019.1,1004.6
2024-11-26T07:00,8.4,0.90,97,8.0,6.5,0.90,0.00,0.00,53,83,0,63,72,9.6,224,217,19.5,25.2,0,0.00,1019.7,1005.2
2024-11-26T08:00,8.0,1.40,95,7.2,5.5,1.40,0.00,0.00,61,65,0,41,59,12.1,221,215,22.5,24.8,1,0.00,1020.2,1005.7
2024-11-26T09:00,8.5,0.00,95,7.8,6.0,0.00,0.00,0.00,3,100,0,13,100,12.7,220,213,22.4,25.9,1,0.00,1020.8,1006.3
2024-11-26T10:00,9.0,0.00,91,7.7,6.6,0.00,0.00,0.00,3,100,0,8,100,12.4,224,219,20.9,28.8,1,935.22,1021.1,1006.6
2024-11-26T11:00,9.4,0.00,89,7.6,7.0,0.00,0.00,0.00,3,99,0,7,99,11.7,226,223,19.0,31.0,1,0.00,1021.3,1006.8
2024-11-26T12:00,10.0,0.00,82,7.1,7.2,0.00,0.00,0.00,2,73,0,9,73,14.0,230,229,21.7,30.6,1,1273.23,1021.1,1006.7
2024-11-26T13:00,10.6,0.00,76,6.5,7.5,0.00,0.00,0.00,2,50,0,22,45,14.7,235,233,22.6,33.1,1,3600.00,1020.9,1006.5
2024-11-26T14:00,10.5,0.50,83,7.7,8.5,0.50,0.00,0.00,53,28,0,9,21,9.8,227,223,15.4,33.5,1,3600.00,1021.6,1007.2
2024-11-26T15:00,10.6,0.10,79,7.2,8.3,0.10,0.00,0.00,51,31,0,12,26,10.7,227,224,17.7,27.0,1,3600.00,1021.6,1007.2
2024-11-26T16:00,9.9,0.00,80,6.6,7.6,0.00,0.00,0.00,1,26,0,9,23,9.4,221,210,19.0,22.7,1,3233.84,1022.0,1007.6
2024-11-26T17:00,8.7,0.00,85,6.3,6.3,0.00,0.00,0.00,1,25,3,9,21,9.9,208,192,21.3,19.8,0,0.00,1022.4,1007.9
2024-11-26T18:00,8.0,0.00,90,6.5,5.6,0.00,0.00,0.00,1,26,8,7,19,10.3,211,196,22.1,20.9,0,0.00,1022.8,1008.3
2024-11-26T19:00,7.5,0.00,92,6.3,5.4,0.00,0.00,0.00,2,74,70,0,15,8.3,216,196,19.4,20.9,0,0.00,1022.9,1008.3
2024-11-26T20:00,7.1,0.00,92,5.9,5.0,0.00,0.00,0.00,3,94,93,0,12,7.2,214,186,17.5,16.6,0,0.00,1023.3,1008.7
2024-11-26T21:00,6.9,0.00,92,5.8,4.8,0.00,0.00,0.00,3,100,100,0,8,7.0,212,181,16.7,14.8,0,0.00,1023.6,1009.0
2024-11-26T22:00,6.2,0.00,94,5.3,4.1,0.00,0.00,0.00,3,99,99,0,8,6.5,209,178,17.1,14.4,0,0.00,1023.7,1009.1
2024-11-26T23:00,5.9,0.00,94,5.0,3.8,0.00,0.00,0.00,3,100,100,0,19,5.6,209,173,15.6,13.7,0,0.00,1023.9,1009.2
2024-11-27T00:00,5.1,0.00,95,4.4,3.1,0.00,0.00,0.00,3,100,100,0,32,4.3,212,163,12.8,11.9,0,0.00,1023.7,1009.0
2024-11-27T01:00,5.5,0.00,94,4.6,3.9,0.00,0.00,0.00,3,88,79,0,43,2.2,231,156,9.1,9.4,0,0.00,1023.5,1008.8
2024-11-27T02:00,5.1,0.00,92,4.0,3.0,0.00,0.00,0.00,1,37,0,3,35,4.4,208,153,10.0,9.0,0,0.00,1023.4,1008.7
2024-11-27T03:00,5.4,0.10,94,4.5,3.0,0.10,0.00,0.00,51,74,46,4,50,6.9,186,147,12.9,12.6,0,0.00,1023.4,1008.7
2024-11-27T04:00,5.2,0.10,97,4.7,2.8,0.10,0.00,0.00,51,100,100,2,51,7.1,177,142,15.7,14.0,0,0.00,1023.3,1008.6
2024-11-27T05:00,5.3,0.00,96,4.7,3.0,0.00,0.00,0.00,3,100,99,4,83,6.8,182,148,16.2,13.7,0,0.00,1023.3,1008.6
2024-11-27T06:00,5.9,0.00,95,5.1,3.5,0.00,0.00,0.00,3,100,100,45,100,7.9,179,147,16.2,15.5,0,0.00,1023.2,1008.5
2024-11-27T07:00,6.2,0.00,95,5.4,3.8,0.00,0.00,0.00,3,100,88,4,100,8.2,171,139,15.5,15.8,0,0.00,1022.8,1008.2
2024-11-27T08:00,6.0,0.00,95,5.2,3.9,0.00,0.00,0.00,3,100,98,12,94,6.8,176,138,13.7,15.1,1,0.00,1023.0,1008.4
2024-11-27T09:00,6.5,0.00,93,5.5,4.1,0.00,0.00,0.00,3,100,94,99,1,8.9,168,140,15.3,17.3,1,0.00,1022.7,1008.1
2024-11-27T10:00,7.0,0.00,93,6.0,4.7,0.00,0.00,0.00,2,61,38,41,0,8.7,152,127,15.5,17.6,1,0.00,1022.6,1008.0
2024-11-27T11:00,8.5,0.00,88,6.5,6.5,0.00,0.00,0.00,3,82,77,37,0,7.1,144,133,17.0,19.1,1,3600.00,1022.3,1007.8
2024-11-27T12:00,9.5,0.00,84,6.9,7.7,0.00,0.00,0.00,0,2,0,2,0,7.0,151,138,12.8,19.1,1,3600.00,1021.5,1007.1
2024-11-27T13:00,10.8,0.00,77,6.8,8.6,0.00,0.00,0.00,3,97,0,97,0,9.0,171,160,14.0,22.0,1,3600.00,1020.7,1006.3
2024-11-27T14:00,11.1,0.00,77,7.3,8.9,0.00,0.00,0.00,0,7,5,2,0,10.2,167,157,16.1,24.1,1,3600.00,1019.9,1005.6
2024-11-27T15:00,11.4,0.00,77,7.4,9.2,0.00,0.00,0.00,1,47,38,15,0,10.4,174,160,19.4,23.8,1,3600.00,1018.9,1004.6
2024-11-27T16:00,10.7,0.00,77,6.9,8.2,0.00,0.00,0.00,2,73,9,69,10,11.4,177,164,23.1,25.2,1,3181.12,1018.5,1004.2
2024-11-27T17:00,10.5,0.00,75,6.3,7.7,0.00,0.00,0.00,3,100,100,77,5,12.5,182,165,25.4,27.0,0,0.00,1018.0,1003.7
2024-11-27T18:00,11.0,0.00,66,4.9,7.6,0.00,0.00,0.00,3,100,100,100,100,14.3,200,192,28.5,31.0,0,0.00,1017.6,1003.3
2024-11-27T19:00,10.4,1.20,73,5.7,6.6,1.20,0.00,0.00,55,100,100,100,60,18.5,213,209,33.4,38.5,0,0.00,1017.6,1003.3
2024-11-27T20:00,10.0,0.10,76,6.1,6.5,0.10,0.00,0.00,51,100,100,96,100,17.0,216,210,32.5,40.0,0,0.00,1017.6,1003.2
2024-11-27T21:00,10.7,0.00,72,5.9,6.6,0.00,0.00,0.00,3,100,100,71,100,21.2,216,212,37.8,45.4,0,0.00,1016.9,1002.6
2024-11-27T22:00,10.8,0.00,73,6.2,6.7,0.00,0.00,0.00,3,100,100,96,94,21.1,224,220,37.4,47.9,0,0.00,1017.1,1002.8
2024-11-27T23:00,10.2,1.00,84,7.5,6.2,1.00,0.00,0.00,55,100,100,100,80,22.9,222,220,40.0,47.9,0,0.00,1016.9,1002.6
2024-11-28T00:00,10.2,0.10,87,8.1,6.9,0.10,0.00,0.00,51,100,100,100,100,19.2,228,223,34.4,47.9,0,0.00,1017.2,1002.9
2024-11-28T01:00,9.8,1.10,95,9.0,7.2,1.10,0.00,0.00,55,100,99,100,100,16.4,239,238,31.1,41.0,0,0.00,1017.4,1003.0
2024-11-28T02:00,10.3,0.40,96,9.7,7.8,0.40,0.00,0.00,51,100,51,99,100,16.6,265,264,29.3,37.1,0,0.00,1017.7,1003.3
2024-11-28T03:00,9.0,0.00,91,7.6,5.9,0.00,0.00,0.00,3,100,41,100,1,16.6,309,310,28.1,37.4,0,0.00,1018.9,1004.5
2024-11-28T04:00,7.6,0.00,86,5.4,4.6,0.00,0.00,0.00,3,100,62,100,0,12.8,293,290,22.7,34.2,0,0.00,1019.8,1005.3
2024-11-28T05:00,7.3,0.00,84,4.8,4.5,0.00,0.00,0.00,3,84,0,83,5,10.5,280,273,19.2,27.0,0,0.00,1020.7,1006.2
2024-11-28T06:00,6.7,0.00,82,3.8,3.6,0.00,0.00,0.00,1,43,36,0,12,10.8,293,288,20.1,23.0,0,0.00,1021.6,1007.0
2024-11-28T07:00,5.3,0.00,85,2.9,2.2,0.00,0.00,0.00,2,59,0,0,59,10.0,282,277,20.3,23.4,0,0.00,1022.6,1007.9
2024-11-28T08:00,5.2,0.00,85,2.8,2.0,0.00,0.00,0.00,2,73,0,0,73,10.4,273,268,20.7,22.0,1,0.00,1023.4,1008.7
2024-11-28T09:00,5.6,0.00,84,3.1,2.3,0.00,0.00,0.00,2,74,0,0,74,11.6,269,265,20.9,24.5,1,389.40,1024.4,1009.7
2024-11-28T10:00,6.3,0.00,80,3.1,3.1,0.00,0.00,0.00,2,57,0,0,57,11.2,269,266,18.5,28.8,1,2700.27,1025.1,1010.4
2024-11-28T11:00,7.4,0.00,76,3.4,4.3,0.00,0.00,0.00,1,33,0,0,33,10.6,268,266,16.2,25.2,1,3600.00,1025.7,1011.1
2024-11-28T12:00,8.4,0.00,68,2.8,4.3,0.00,0.00,0.00,2,74,0,0,74,16.7,295,296,25.1,36.4,1,3600.00,1025.7,1011.1
2024-11-28T13:00,8.7,0.00,65,2.5,4.4,0.00,0.00,0.00,2,72,0,0,72,17.3,303,303,26.4,38.2,1,3600.00,1025.6,1011.1
2024-11-28T14:00,8.9,0.00,63,2.2,4.8,0.00,0.00,0.00,0,5,0,0,5,16.3,303,303,25.0,38.2,1,3600.00,1026.0,1011.5
2024-11-28T15:00,8.8,0.00,63,2.2,5.2,0.00,0.00,0.00,0,12,0,1,11,12.2,303,301,20.8,37.8,1,3600.00,1026.5,1011.9
2024-11-28T16:00,7.7,0.00,68,2.2,4.7,0.00,0.00,0.00,0,19,0,0,19,8.3,306,303,17.9,26.6,1,3131.86,1027.3,1012.7
2024-11-28T17:00,6.3,0.00,75,2.2,3.6,0.00,0.00,0.00,0,18,0,0,18,6.6,294,286,17.2,18.0,0,0.00,1028.0,1013.3
2024-11-28T18:00,5.7,0.00,77,2.0,3.0,0.00,0.00,0.00,0,18,0,0,18,6.2,287,277,16.7,14.0,0,0.00,1028.7,1014.0
2024-11-28T19:00,5.1,0.00,78,1.7,2.5,0.00,0.00,0.00,0,15,0,1,15,5.5,290,281,15.7,13.0,0,0.00,1029.3,1014.5
2024-11-28T20:00,4.6,0.00,79,1.3,1.9,0.00,0.00,0.00,0,9,0,0,9,5.5,294,289,15.6,11.9,0,0.00,1030.3,1015.5
2024-11-28T21:00,4.2,0.00,80,1.0,1.4,0.00,0.00,0.00,0,4,0,0,4,5.6,299,297,15.9,11.9,0,0.00,1030.7,1015.8
2024-11-28T22:00,3.8,0.00,81,0.9,0.9,0.00,0.00,0.00,0,5,0,0,5,6.2,311,308,16.5,13.0,0,0.00,1031.3,1016.4
2024-11-28T23:00,3.5,0.00,83,0.9,0.7,0.00,0.00,0.00,0,6,0,0,6,5.6,321,312,16.4,13.0,0,0.00,1031.5,1016.6
2024-11-29T00:00,2.5,0.00,88,0.7,-0.1,0.00,0.00,0.00,0,8,0,0,8,4.2,322,295,13.2,11.9,0,0.00,1031.9,1016.9
2024-11-29T01:00,2.5,0.00,88,0.7,0.3,0.00,0.00,0.00,1,29,0,0,29,0.9,328,270,8.1,8.6,0,0.00,1032.4,1017.4
2024-11-29T02:00,2.5,0.00,87,0.5,0.2,0.00,0.00,0.00,0,5,0,5,1,1.9,306,241,7.1,5.0,0,0.00,1032.3,1017.3
2024-11-29T03:00,2.1,0.00,89,0.5,-0.2,0.00,0.00,0.00,0,3,0,3,1,1.5,303,284,7.5,5.0,0,0.00,1032.6,1017.6
2024-11-29T04:00,1.9,0.00,90,0.5,-0.4,0.00,0.00,0.00,0,2,0,0,2,1.1,314,18,7.0,4.3,0,0.00,1032.5,1017.5
2024-11-29T05:00,1.4,0.00,91,0.2,-1.0,0.00,0.00,0.00,0,2,0,0,2,2.2,348,55,5.9,5.0,0,0.00,1032.7,1017.7
2024-11-29T06:00,1.2,0.00,91,-0.1,-1.4,0.00,0.00,0.00,0,0,0,0,0,3.1,26,59,7.0,6.8,0,0.00,1032.7,1017.7
2024-11-29T07:00,0.9,0.00,92,-0.3,-1.9,0.00,0.00,0.00,0,0,0,0,0,4.1,46,67,10.1,8.6,0,0.00,1032.6,1017.5
2024-11-29T08:00,0.5,0.00,92,-0.6,-2.4,0.00,0.00,0.00,0,0,0,0,0,4.7,75,86,10.6,9.4,1,0.00,1032.9,1017.8
2024-11-29T09:00,1.3,0.00,92,0.2,-1.8,0.00,0.00,0.00,0,0,0,0,0,6.5,108,109,12.3,12.2,1,1451.84,1033.4,1018.4
2024-11-29T10:00,3.2,0.00,90,1.7,0.7,0.00,0.00,0.00,0,7,0,0,7,4.4,115,111,11.5,13.7,1,3600.00,1033.8,1018.8
2024-11-29T11:00,5.0,0.00,84,2.6,2.8,0.00,0.00,0.00,1,21,0,0,21,3.7,107,104,6.9,11.2,1,3600.00,1033.9,1019.0
2024-11-29T12:00,6.2,0.00,79,2.9,3.4,0.00,0.00,0.00,2,65,0,0,65,7.7,117,118,11.1,18.4,1,3600.00,1033.4,1018.6
2024-11-29T13:00,6.8,0.00,74,2.5,3.9,0.00,0.00,0.00,3,87,0,0,87,7.9,110,110,11.1,20.9,1,3600.00,1033.0,1018.2
2024-11-29T14:00,7.0,0.00,73,2.4,4.2,0.00,0.00,0.00,2,55,0,0,55,7.5,98,98,10.9,18.7,1,3600.00,1033.1,1018.4
2024-11-29T15:00,6.8,0.00,73,2.3,3.9,0.00,0.00,0.00,0,8,0,0,8,7.8,93,95,12.8,18.0,1,3600.00,1032.8,1018.1
2024-11-29T16:00,5.6,0.00,78,2.1,2.8,0.00,0.00,0.00,0,4,0,0,4,7.3,102,107,16.8,17.3,1,3085.70,1032.7,1017.9
2024-11-29T17:00,4.3,0.00,81,1.4,1.4,0.00,0.00,0.00,0,0,0,0,0,6.7,103,98,17.8,15.1,0,0.00,1032.9,1018.0
2024-11-29T18:00,3.7,0.00,83,1.0,0.5,0.00,0.00,0.00,0,8,0,0,8,8.5,99,86,20.2,16.6,0,0.00,1032.9,1018.0
2024-11-29T19:00,3.3,0.00,83,0.7,-0.2,0.00,0.00,0.00,0,0,0,0,0,10.1,102,90,23.4,19.8,0,0.00,1033.0,1018.1
2024-11-29T20:00,3.0,0.00,83,0.4,-0.8,0.00,0.00,0.00,0,0,0,0,0,12.3,106,100,26.8,24.1,0,0.00,1033.2,1018.2
2024-11-29T21:00,2.6,0.00,83,0.1,-1.4,0.00,0.00,0.00,0,0,0,0,0,12.9,110,105,28.3,27.0,0,0.00,1033.4,1018.4
2024-11-29T22:00,2.2,0.00,85,-0.1,-1.7,0.00,0.00,0.00,0,0,0,0,0,12.2,108,104,27.1,26.6,0,0.00,1033.3,1018.3
2024-11-29T23:00,1.9,0.00,86,-0.2,-2.2,0.00,0.00,0.00,0,0,0,0,0,12.9,109,105,27.7,26.3,0,0.00,1033.1,1018.1
2024-11-30T00:00,1.6,0.00,87,-0.4,-2.6,0.00,0.00,0.00,0,0,0,0,0,13.7,112,108,29.2,28.4,0,0.00,1032.9,1017.9
2024-11-30T01:00,1.4,0.00,86,-0.7,-2.8,0.00,0.00,0.00,0,0,0,0,0,13.8,111,107,29.6,29.2,0,0.00,1032.3,1017.3
2024-11-30T02:00,0.8,0.00,89,-0.8,-3.5,0.00,0.00,0.00,0,7,7,0,0,13.8,111,106,29.5,28.8,0,0.00,1032.5,1017.4
2024-11-30T03:00,0.7,0.00,89,-0.9,-3.7,0.00,0.00,0.00,0,4,4,0,0,14.5,112,109,30.0,29.2,0,0.00,1032.4,1017.3
2024-11-30T04:00,0.6,0.00,89,-1.0,-3.7,0.00,0.00,0.00,0,0,0,0,0,14.2,113,110,29.6,29.5,0,0.00,1032.1,1017.0
2024-11-30T05:00,0.5,0.00,89,-1.1,-3.7,0.00,0.00,0.00,0,0,0,0,0,13.4,110,108,28.6,28.8,0,0.00,1032.0,1016.9
2024-11-30T06:00,0.4,0.00,88,-1.3,-3.8,0.00,0.00,0.00,0,0,0,0,0,13.0,109,108,27.8,27.4,0,0.00,1031.7,1016.6
2024-11-30T07:00,0.4,0.00,87,-1.5,-3.9,0.00,0.00,0.00,0,16,16,0,0,13.3,109,106,28.3,27.0,0,0.00,1031.6,1016.5
2024-11-30T08:00,0.4,0.00,86,-1.6,-3.4,0.00,0.00,0.00,0,15,15,0,0,9.4,104,102,23.8,27.0,1,0.00,1031.8,1016.7
2024-11-30T09:00,0.8,0.00,86,-1.3,-2.7,0.00,0.00,0.00,0,3,3,0,0,8.5,99,88,19.9,19.4,1,1365.30,1032.4,1017.3
2024-11-30T10:00,2.7,0.00,82,-0.0,-1.0,0.00,0.00,0.00,0,4,4,0,0,10.6,105,100,25.7,20.2,1,3600.00,1032.0,1017.0
2024-11-30T11:00,4.5,0.00,74,0.4,1.1,0.00,0.00,0.00,1,40,40,0,0,9.1,108,107,20.1,21.6,1,3600.00,1031.6,1016.8
2024-11-30T12:00,5.8,0.00,69,0.5,2.2,0.00,0.00,0.00,1,43,43,0,0,10.7,110,110,16.9,24.8,1,3600.00,1031.2,1016.4
2024-11-30T13:00,6.7,0.00,65,0.7,3.1,0.00,0.00,0.00,0,10,10,0,0,11.2,112,111,17.3,26.6,1,3600.00,1030.5,1015.8
2024-11-30T14:00,5.9,0.00,71,1.1,2.5,0.00,0.00,0.00,1,23,23,0,0,9.8,115,114,16.1,24.5,1,3600.00,1030.9,1016.1
2024-11-30T15:00,5.4,0.00,74,1.2,2.2,0.00,0.00,0.00,0,2,2,0,0,9.0,118,113,19.3,21.2,1,3600.00,1030.2,1015.4
2024-11-30T16:00,3.8,0.00,80,0.7,0.8,0.00,0.00,0.00,1,40,40,0,0,7.0,118,116,18.7,19.1,1,3042.64,1030.0,1015.1
2024-11-30T17:00,1.6,0.00,85,-0.6,-1.4,0.00,0.00,0.00,1,38,38,0,0,5.3,119,114,15.9,14.0,0,0.00,1030.1,1015.1
2024-11-30T18:00,0.8,0.00,86,-1.2,-2.3,0.00,0.00,0.00,0,6,6,0,0,4.8,118,105,14.5,10.8,0,0.00,1030.1,1015.1
2024-11-30T19:00,0.5,0.00,86,-1.6,-2.6,0.00,0.00,0.00,0,3,3,0,0,5.2,118,106,14.4,10.4,0,0.00,1030.1,1015.1
2024-11-30T20:00,0.1,0.00,87,-1.8,-3.5,0.00,0.00,0.00,0,15,15,0,0,7.9,116,110,18.7,15.1,0,0.00,1030.0,1014.9
2024-11-30T21:00,-0.2,0.00,87,-2.1,-3.9,0.00,0.00,0.00,0,7,7,0,0,9.0,111,106,21.9,17.6,0,0.00,1029.7,1014.6
2024-11-30T22:00,-0.3,0.00,87,-2.2,-4.0,0.00,0.00,0.00,1,42,42,0,0,8.4,109,105,21.7,17.6,0,0.00,1029.6,1014.5
2024-11-30T23:00,-0.7,0.00,89,-2.3,-4.1,0.00,0.00,0.00,3,94,94,0,0,6.3,102,92,17.1,16.6,0,0.00,1029.5,1014.4
2024-12-01T00:00,-1.1,0.00,91,-2.5,-4.5,0.00,0.00,0.00,3,91,91,0,0,6.0,94,73,14.4,12.6,0,0.00,1029.6,1014.5
2024-12-01T01:00,-1.4,0.00,91,-2.6,-4.7,0.00,0.00,0.00,0,12,12,0,0,5.7,97,81,13.8,11.9,0,0.00,1029.2,1014.1
2024-12-01T02:00,-1.9,0.00,94,-2.7,-5.1,0.00,0.00,0.00,0,7,7,0,0,5.1,116,113,14.8,11.2,0,0.00,1029.1,1013.9
2024-12-01T03:00,-1.8,0.00,95,-2.5,-5.1,0.00,0.00,0.00,1,37,37,0,0,5.4,126,127,17.0,12.2,0,0.00,1029.0,1013.8
2024-12-01T04:00,-2.2,0.00,95,-2.9,-5.4,0.00,0.00,0.00,2,56,56,0,0,4.6,134,132,14.5,12.2,0,0.00,1028.6,1013.4
2024-12-01T05:00,-2.6,0.00,96,-3.2,-5.8,0.00,0.00,0.00,0,13,13,0,0,4.2,148,155,12.1,10.1,0,0.00,1028.5,1013.3
2024-12-01T06:00,-2.9,0.00,96,-3.4,-6.0,0.00,0.00,0.00,1,48,0,0,48,3.2,154,161,9.8,9.0,0,0.00,1028.4,1013.2
2024-12-01T07:00,-3.0,0.00,96,-3.5,-6.1,0.00,0.00,0.00,2,78,0,0,78,3.5,144,145,9.8,7.6,0,0.00,1028.3,1013.1
2024-12-01T08:00,-2.7,0.00,96,-3.3,-5.9,0.00,0.00,0.00,2,66,0,0,66,4.1,141,135,11.1,9.0,0,0.00,1028.1,1012.9
2024-12-01T09:00,-1.4,0.00,95,-2.0,-4.7,0.00,0.00,0.00,3,84,9,0,83,6.1,151,148,10.1,13.0,1,934.20,1028.2,1013.1
2024-12-01T10:00,-0.4,0.00,94,-1.2,-3.6,0.00,0.00,0.00,3,99,22,2,99,6.3,143,145,7.8,16.6,1,3600.00,1027.8,1012.7
2024-12-01T11:00,0.4,0.00,92,-0.8,-2.7,0.00,0.00,0.00,3,99,28,2,99,6.1,144,148,7.7,16.6,1,3600.00,1027.6,1012.6
2024-12-01T12:00,1.1,0.00,89,-0.4,-1.9,0.00,0.00,0.00,3,100,12,6,100,5.7,160,162,7.3,16.6,1,3600.00,1027.0,1012.0
2024-12-01T13:00,1.8,0.00,87,-0.2,-1.0,0.00,0.00,0.00,2,77,0,5,76,4.4,168,171,6.1,15.8,1,3600.00,1026.4,1011.5
2024-12-01T14:00,0.8,0.00,81,-2.1,-2.6,0.00,0.00,0.00,2,55,0,0,55,6.5,145,146,9.0,18.4,1,2491.47,1026.9,1011.9
2024-12-01T15:00,1.2,0.00,77,-2.3,-2.1,0.00,0.00,0.00,0,19,0,0,19,5.7,142,139,9.0,16.9,1,3600.00,1026.3,1011.4
2024-12-01T16:00,0.1,0.00,83,-2.4,-3.2,0.00,0.00,0.00,0,6,0,0,6,5.6,125,121,13.0,13.3,1,3002.70,1025.9,1010.9
2024-12-01T17:00,-1.1,0.00,87,-3.0,-4.6,0.00,0.00,0.00,0,2,0,0,2,6.2,130,107,14.4,11.5,0,0.00,1025.6,1010.5
2024-12-01T18:00,-1.3,0.00,88,-3.1,-5.0,0.00,0.00,0.00,1,36,35,1,1,7.6,135,104,15.8,14.0,0,0.00,1025.1,1010.0
2024-12-01T19:00,-0.9,0.00,86,-3.0,-4.7,0.00,0.00,0.00,3,100,100,13,1,8.6,138,106,16.7,15.8,0,0.00,1024.5,1009.5
2024-12-01T20:00,-0.2,0.00,82,-2.8,-4.0,0.00,0.00,0.00,2,78,74,29,0,8.5,138,108,17.7,16.9,0,0.00,1023.9,1008.9
2024-12-01T21:00,-0.2,0.00,82,-2.9,-3.9,0.00,0.00,0.00,1,31,0,31,0,8.4,143,109,16.6,16.2,0,0.00,1023.5,1008.5
2024-12-01T22:00,0.4,0.00,78,-3.0,-3.5,0.00,0.00,0.00,1,26,0,26,3,9.4,149,113,16.1,17.3,0,0.00,1023.2,1008.3
2024-12-01T23:00,0.6,0.00,75,-3.3,-3.3,0.00,0.00,0.00,1,29,0,28,10,9.0,156,113,16.4,17.6,0,0.00,1022.7,1007.8
2024-12-02T00:00,0.8,0.00,73,-3.6,-2.9,0.00,0.00,0.00,1,47,0,47,6,7.2,171,117,14.4,16.9,0,0.00,1022.5,1007.6
2024-12-02T01:00,1.3,0.00,68,-3.9,-2.5,0.00,0.00,0.00,1,26,1,20,12,7.5,177,123,15.3,14.8,0,0.00,1022.2,1007.3
2024-12-02T02:00,0.7,0.00,80,-2.4,-3.0,0.00,0.00,0.00,1,29,19,20,8,8.0,175,128,16.6,15.8,0,0.00,1022.7,1007.8
2024-12-02T03:00,1.1,0.00,77,-2.5,-2.6,0.00,0.00,0.00,3,100,0,8,100,8.4,173,125,16.0,15.8,0,0.00,1022.2,1007.3
2024-12-02T04:00,2.6,0.00,70,-2.4,-1.2,0.00,0.00,0.00,3,100,12,26,100,8.6,166,129,16.5,17.6,0,0.00,1021.6,1006.8
2024-12-02T05:00,3.1,0.00,68,-2.2,-0.6,0.00,0.00,0.00,3,100,4,17,100,8.5,162,126,16.5,16.9,0,0.00,1021.2,1006.4
2024-12-02T06:00,3.3,0.00,67,-2.2,-0.4,0.00,0.00,0.00,3,100,2,28,100,8.1,160,125,16.1,16.9,0,0.00,1020.6,1005.8
2024-12-02T07:00,3.3,0.00,68,-2.1,-0.4,0.00,0.00,0.00,2,77,23,42,54,8.5,164,126,16.9,16.9,0,0.00,1020.3,1005.5
2024-12-02T08:00,3.1,0.00,69,-2.0,-0.6,0.00,0.00,0.00,3,98,22,34,96,8.7,169,130,17.8,17.3,0,0.00,1020.2,1005.4
2024-12-02T09:00,3.8,0.00,70,-1.2,0.3,0.00,0.00,0.00,3,100,64,36,100,8.1,181,137,16.7,17.6,1,0.00,1020.3,1005.6
2024-12-02T10:00,4.2,0.10,77,0.5,1.0,0.10,0.00,0.00,51,100,49,14,100,8.1,184,141,16.4,16.2,1,0.00,1020.1,1005.4
2024-12-02T11:00,4.9,0.10,81,1.9,1.6,0.10,0.00,0.00,51,100,74,2,100,9.7,182,146,17.1,18.0,1,0.00,1019.7,1005.0
2024-12-02T12:00,5.4,0.00,85,3.0,2.3,0.00,0.00,0.00,3,89,40,0,82,9.8,184,148,17.1,19.1,1,0.00,1019.0,1004.4
2024-12-02T13:00,6.4,0.00,84,3.9,3.7,0.00,0.00,0.00,2,60,5,0,57,8.8,197,149,16.4,19.4,1,292.75,1018.3,1003.7
2024-12-02T14:00,4.5,0.00,93,3.4,1.5,0.00,0.00,0.00,3,100,77,22,100,9.6,175,133,15.9,18.4,1,0.00,1018.3,1003.6
2024-12-02T15:00,5.0,0.00,91,3.7,2.3,0.00,0.00,0.00,3,100,49,31,100,8.1,186,125,13.0,17.3,1,0.00,1017.6,1003.0
2024-12-02T16:00,4.7,0.00,92,3.6,2.0,0.00,0.00,0.00,3,100,48,59,100,8.0,180,118,13.3,14.8,1,0.00,1017.2,1002.6
2024-12-02T17:00,4.8,0.00,92,3.6,2.0,0.00,0.00,0.00,3,100,83,98,95,8.4,184,130,16.1,15.8,0,0.00,1016.9,1002.3
2024-12-02T18:00,4.4,0.10,94,3.5,1.9,0.10,0.00,0.00,51,100,94,100,100,6.5,195,146,16.8,15.8,0,0.00,1016.5,1001.9
2024-12-02T19:00,4.4,0.50,96,3.8,1.8,0.50,0.00,0.00,53,100,96,100,53,8.2,199,166,20.3,16.6,0,0.00,1016.3,1001.7
2024-12-02T20:00,3.9,0.40,97,3.5,1.3,0.40,0.00,0.00,51,100,99,99,53,7.6,207,172,20.6,16.6,0,0.00,1016.4,1001.7
2024-12-02T21:00,3.9,0.10,99,3.7,1.1,0.10,0.00,0.00,51,100,100,98,89,8.7,220,197,23.3,17.3,0,0.00,1016.8,1002.1
2024-12-02T22:00,3.9,0.00,99,3.8,1.3,0.00,0.00,0.00,3,97,69,50,89,7.9,222,201,21.9,18.0,0,0.00,1016.8,1002.1
2024-12-02T23:00,3.7,0.00,100,3.7,0.9,0.00,0.00,0.00,3,100,0,31,100,9.1,217,201,22.1,17.6,0,0.00,1016.9,1002.2
2024-12-03T00:00,3.5,0.00,100,3.5,0.5,0.00,0.00,0.00,3,100,0,22,100,9.5,221,207,22.7,19.1,0,0.00,1017.3,1002.6
2024-12-03T01:00,3.4,0.00,100,3.4,0.6,0.00,0.00,0.00,3,100,0,23,100,8.3,221,207,20.7,19.1,0,0.00,1017.4,1002.7
2024-12-03T02:00,4.8,0.00,99,4.6,2.4,0.00,0.00,0.00,0,4,0,3,1,8.0,240,218,21.2,16.2,0,0.00,1017.1,1002.5
2024-12-03T03:00,4.3,0.00,99,4.1,1.5,0.00,0.00,0.00,1,23,0,19,8,9.0,231,211,22.8,18.7,0,0.00,1017.3,1002.6
2024-12-03T04:00,4.1,0.00,99,4.0,1.2,0.00,0.00,0.00,1,38,0,6,35,10.0,233,221,24.0,20.5,0,0.00,1017.6,1002.9
2024-12-03T05:00,4.5,0.00,99,4.4,1.7,0.00,0.00,0.00,3,100,0,0,100,10.2,238,226,22.2,21.6,0,0.00,1017.8,1003.2
2024-12-03T06:00,5.0,0.00,99,4.9,2.3,0.00,0.00,0.00,3,100,0,0,100,10.3,237,229,20.3,21.6,0,0.00,1018.0,1003.4
2024-12-03T07:00,5.1,0.00,98,4.7,2.1,0.00,0.00,0.00,3,83,0,0,83,11.4,240,232,21.3,22.3,0,0.00,1018.3,1003.7
2024-12-03T08:00,4.7,0.00,98,4.4,1.8,0.00,0.00,0.00,3,100,0,82,100,10.9,235,232,21.5,23.0,0,0.00,1018.9,1004.2
2024-12-03T09:00,4.8,0.20,98,4.5,1.4,0.20,0.00,0.00,51,100,0,99,100,13.7,217,213,25.1,27.4,1,0.00,1019.2,1004.5
2024-12-03T10:00,5.2,0.10,98,5.0,1.8,0.10,0.00,0.00,51,100,0,95,100,14.8,226,221,27.2,30.6,1,0.00,1019.4,1004.8
2024-12-03T11:00,5.5,0.20,99,5.3,2.1,0.20,0.00,0.00,51,100,0,100,100,14.8,234,229,26.6,30.6,1,0.00,1019.6,1005.0
2024-12-03T12:00,5.6,0.40,98,5.4,2.6,0.40,0.00,0.00,51,100,0,100,100,13.2,235,230,23.7,29.9,1,0.00,1019.8,1005.2
2024-12-03T13:00,5.8,0.20,98,5.5,3.0,0.20,0.00,0.00,51,100,0,100,100,11.4,241,235,20.8,26.6,1,0.00,1019.8,1005.2
2024-12-03T14:00,6.4,0.10,97,6.0,3.9,0.10,0.00,0.00,51,73,0,46,60,10.5,260,254,20.4,28.8,1,428.75,1020.1,1005.5
2024-12-03T15:00,6.9,0.00,96,6.2,4.8,0.00,0.00,0.00,3,95,0,94,29,7.3,268,253,11.9,20.9,1,3600.00,1020.2,1005.6
2024-12-03T16:00,6.0,0.00,97,5.6,4.3,0.00,0.00,0.00,3,93,0,91,26,4.0,258,234,9.7,15.1,1,548.03,1020.6,1006.0
2024-12-03T17:00,4.8,0.00,98,4.5,2.9,0.00,0.00,0.00,3,100,1,100,9,3.7,246,209,8.7,7.9,0,0.00,1021.1,1006.4
2024-12-03T18:00,4.2,0.10,98,3.9,2.2,0.10,0.00,0.00,51,100,2,100,4,3.6,248,200,8.2,7.2,0,0.00,1021.5,1006.8
2024-12-03T19:00,4.2,0.00,99,4.0,2.4,0.00,0.00,0.00,3,100,0,100,16,2.5,259,172,5.5,6.8,0,0.00,1021.7,1007.0
2024-12-03T20:00,4.2,0.00,98,4.0,2.7,0.00,0.00,0.00,3,82,3,77,29,0.5,305,135,3.7,5.0,0,0.00,1022.0,1007.3
2024-12-03T21:00,3.8,0.00,99,3.6,2.1,0.00,0.00,0.00,2,53,15,30,21,0.7,343,76,5.6,3.2,0,0.00,1022.4,1007.6
2024-12-03T22:00,2.7,0.00,100,2.7,0.6,0.00,0.00,0.00,3,98,22,5,98,2.6,355,25,9.9,5.4,0,0.00,1023.0,1008.2
2024-12-03T23:00,1.3,0.00,99,1.2,-1.3,0.00,0.00,0.00,3,84,31,0,77,4.7,360,32,13.0,9.0,0,0.00,1023.2,1008.3
2024-12-04T00:00,0.5,0.00,99,0.4,-2.4,0.00,0.00,0.00,2,72,35,2,55,5.8,358,39,13.7,11.2,0,0.00,1023.6,1008.7
2024-12-04T01:00,0.0,0.00,99,-0.1,-2.8,0.00,0.00,0.00,3,99,83,14,96,4.7,349,32,13.0,11.2,0,0.00,1023.8,1008.8
2024-12-04T02:00,1.9,0.00,98,1.7,-0.9,0.00,0.00,0.00,3,100,56,100,54,6.8,348,17,15.8,13.0,0,0.00,1023.8,1008.9
2024-12-04T03:00,2.4,0.00,97,2.0,-0.3,0.00,0.00,0.00,3,90,86,25,8,6.3,355,18,15.4,13.7,0,0.00,1024.0,1009.1
2024-12-04T04:00,1.3,0.00,96,0.8,-1.5,0.00,0.00,0.00,3,99,99,1,3,5.4,351,8,14.8,12.2,0,0.00,1024.2,1009.3
2024-12-04T05:00,1.2,0.00,95,0.5,-1.2,0.00,0.00,0.00,3,98,98,0,0,2.7,342,352,11.2,9.7,0,0.00,1024.3,1009.4
2024-12-04T06:00,1.0,0.00,95,0.2,-1.3,0.00,0.00,0.00,3,92,92,0,0,1.4,332,293,8.4,6.1,0,0.00,1024.7,1009.8
2024-12-04T07:00,0.3,0.00,99,0.1,-2.2,0.00,0.00,0.00,3,98,97,3,5,2.3,313,270,7.6,5.4,0,0.00,1025.4,1010.4
2024-12-04T08:00,-0.2,0.00,99,-0.3,-2.8,0.00,0.00,0.00,3,100,85,21,100,2.6,315,304,9.2,6.1,0,0.00,1026.3,1011.3
2024-12-04T09:00,0.5,0.00,99,0.4,-2.1,0.00,0.00,0.00,3,100,100,0,100,3.6,332,360,9.3,7.9,1,0.00,1026.8,1011.8
2024-12-04T10:00,1.4,0.00,98,1.1,-1.0,0.00,0.00,0.00,3,100,1,0,100,2.6,342,16,6.3,9.7,1,2267.29,1027.1,1012.1
2024-12-04T11:00,2.3,0.00,96,1.8,0.0,0.00,0.00,0.00,3,100,0,4,100,3.2,324,317,5.1,11.5,1,3600.00,1027.5,1012.6
2024-12-04T12:00,3.3,0.00,91,2.0,1.0,0.00,0.00,0.00,3,100,0,28,100,3.7,288,284,4.7,13.7,1,3600.00,1027.3,1012.4
2024-12-04T13:00,3.8,0.00,89,2.1,1.5,0.00,0.00,0.00,3,97,0,18,97,3.5,286,279,4.7,13.3,1,3600.00,1027.2,1012.4
2024-12-04T14:00,4.9,0.10,86,2.7,2.4,0.10,0.00,0.00,51,26,0,14,15,6.1,250,247,8.6,19.1,1,3600.00,1027.7,1012.9
2024-12-04T15:00,4.7,0.00,87,2.8,2.4,0.00,0.00,0.00,1,35,0,29,8,4.4,236,232,6.5,15.8,1,3600.00,1027.9,1013.1
2024-12-04T16:00,3.7,0.00,92,2.5,1.5,0.00,0.00,0.00,3,99,0,99,2,2.9,220,202,6.8,10.4,1,2901.79,1028.2,1013.4
2024-12-04T17:00,2.6,0.00,93,1.6,0.4,0.00,0.00,0.00,3,97,0,97,4,2.4,221,197,7.9,5.4,0,0.00,1028.7,1013.8
2024-12-04T18:00,2.2,0.00,93,1.2,0.1,0.00,0.00,0.00,1,39,0,6,39,1.3,225,164,7.6,5.0,0,0.00,1029.2,1014.3
2024-12-04T19:00,1.6,0.00,93,0.7,-0.6,0.00,0.00,0.00,1,29,0,1,28,1.6,238,153,5.7,3.6,0,0.00,1029.4,1014.4
2024-12-04T20:00,1.4,0.00,93,0.3,-1.0,0.00,0.00,0.00,0,3,0,0,3,2.0,260,170,6.0,4.0,0,0.00,1029.5,1014.5
2024-12-04T21:00,0.8,0.00,92,-0.3,-1.7,0.00,0.00,0.00,0,2,0,0,2,2.0,264,175,6.5,4.0,0,0.00,1029.7,1014.7
2024-12-04T22:00,0.4,0.00,93,-0.6,-2.3,0.00,0.00,0.00,0,2,0,0,2,3.4,228,155,5.4,6.1,0,0.00,1029.9,1014.9
2024-12-04T23:00,0.2,0.00,93,-0.8,-3.0,0.00,0.00,0.00,0,2,0,0,2,6.9,192,155,12.3,12.2,0,0.00,1029.8,1014.7
2024-12-05T00:00,-0.5,0.00,96,-1.1,-3.7,0.00,0.00,0.00,0,14,1,0,13,6.5,200,172,17.3,14.0,0,0.00,1030.1,1015.0
2024-12-05T01:00,-0.4,0.00,96,-0.9,-3.6,0.00,0.00,0.00,2,51,10,0,46,6.3,203,177,16.8,13.3,0,0.00,1029.8,1014.7
2024-12-05T02:00,-0.3,0.00,98,-0.5,-3.3,0.00,0.00,0.00,3,98,0,0,98,5.8,203,171,15.1,12.2,0,0.00,1030.3,1015.2
2024-12-05T03:00,0.1,0.00,98,-0.1,-3.0,0.00,0.00,0.00,3,100,29,0,100,6.4,202,172,15.2,13.3,0,0.00,1030.1,1015.0
2024-12-05T04:00,0.4,0.00,99,0.3,-2.8,0.00,0.00,0.00,3,100,85,0,100,7.6,194,168,14.8,15.5,0,0.00,1029.4,1014.4
2024-12-05T05:00,0.3,0.00,99,0.2,-2.8,0.00,0.00,0.00,3,100,78,0,100,6.8,188,163,13.3,15.5,0,0.00,1029.1,1014.1
2024-12-05T06:00,0.2,0.00,100,0.1,-3.1,0.00,0.00,0.00,3,100,53,0,100,7.9,160,145,13.4,17.3,0,0.00,1028.6,1013.6
2024-12-05T07:00,-0.1,0.00,99,-0.3,-3.4,0.00,0.00,0.00,2,70,48,2,40,7.6,142,133,15.3,17.3,0,0.00,1027.9,1012.9
2024-12-05T08:00,-0.8,0.00,97,-1.2,-3.9,0.00,0.00,0.00,2,74,72,13,2,5.6,142,123,14.0,15.5,0,0.00,1027.6,1012.5
2024-12-05T09:00,-0.4,0.00,95,-1.1,-3.5,0.00,0.00,0.00,2,50,36,19,5,5.5,144,128,12.5,11.9,1,326.40,1027.6,1012.5
2024-12-05T10:00,0.8,0.00,92,-0.3,-2.4,0.00,0.00,0.00,3,100,100,15,0,7.0,142,130,12.6,15.1,1,3600.00,1027.2,1012.2
2024-12-05T11:00,2.0,0.00,87,-0.0,-1.0,0.00,0.00,0.00,3,100,100,0,0,5.5,136,131,9.8,17.3,1,3600.00,1026.2,1011.3
2024-12-05T12:00,3.1,0.00,82,0.2,0.3,0.00,0.00,0.00,3,100,99,38,1,4.6,160,159,7.3,15.8,1,3600.00,1025.4,1010.6
2024-12-05T13:00,3.7,0.00,77,0.0,0.7,0.00,0.00,0.00,3,100,100,85,1,6.2,178,172,9.0,16.2,1,3600.00,1024.8,1010.0
2024-12-05T14:00,2.7,0.00,74,-1.4,-1.0,0.00,0.00,0.00,3,100,100,24,0,9.6,166,154,17.4,21.2,1,0.00,1023.4,1008.6
2024-12-05T15:00,2.7,0.40,73,-1.6,-1.1,0.10,0.00,0.21,73,100,72,100,0,9.4,176,167,18.2,21.6,1,0.00,1022.6,1007.8
2024-12-05T16:00,2.3,0.40,76,-1.5,-1.2,0.10,0.00,0.21,73,100,100,100,12,7.9,173,145,17.0,20.5,1,0.00,1021.6,1006.8
2024-12-05T17:00,2.3,0.10,77,-1.4,-1.3,0.10,0.00,0.00,51,100,100,100,100,8.6,174,144,17.9,17.3,0,0.00,1020.8,1006.0
2024-12-05T18:00,2.6,0.00,75,-1.4,-1.2,0.00,0.00,0.00,3,100,98,100,100,10.1,180,156,21.2,22.0,0,0.00,1019.6,1004.8
2024-12-05T19:00,2.9,0.10,74,-1.3,-1.4,0.10,0.00,0.00,51,100,93,100,100,13.2,194,178,25.4,27.4,0,0.00,1018.6,1003.9
2024-12-05T20:00,2.5,0.50,85,0.2,-1.4,0.30,0.00,0.14,71,100,100,78,100,12.2,198,180,23.9,27.4,0,0.00,1017.7,1002.9
2024-12-05T21:00,2.9,0.00,85,0.7,-0.8,0.00,0.00,0.00,3,100,100,95,100,11.6,206,192,23.8,25.6,0,0.00,1016.4,1001.7
2024-12-05T22:00,3.4,0.00,83,0.7,-0.5,0.00,0.00,0.00,3,100,100,100,100,12.4,209,197,25.2,25.6,0,0.00,1015.4,1000.7
2024-12-05T23:00,3.8,0.00,82,1.0,0.1,0.00,0.00,0.00,3,100,100,100,100,12.2,209,197,25.2,26.6,0,0.00,1014.1,999.5
2024-12-06T00:00,4.2,0.50,86,2.0,0.0,0.50,0.00,0.00,53,100,100,55,45,16.0,204,192,31.0,32.0,0,0.00,1011.9,997.3
2024-12-06T01:00,4.4,0.10,90,2.9,0.2,0.10,0.00,0.00,51,100,99,100,100,17.5,205,194,34.0,35.6,0,0.00,1009.6,995.1
2024-12-06T02:00,5.6,1.10,97,5.1,1.8,1.10,0.00,0.00,55,100,100,100,100,17.3,204,194,33.1,37.4,0,0.00,1007.4,993.0
2024-12-06T03:00,6.6,1.80,96,6.1,2.4,1.80,0.00,0.00,61,100,56,100,100,22.1,218,215,40.0,56.2,0,0.00,1005.6,991.2
2024-12-06T04:00,7.3,3.10,97,6.8,2.6,3.10,0.00,0.00,63,100,6,100,58,26.6,228,227,46.4,61.9,0,0.00,1004.0,989.7
2024-12-06T05:00,8.0,1.40,96,7.4,3.8,1.40,0.00,0.00,61,95,0,69,85,24.6,239,237,42.7,65.5,0,0.00,1004.3,990.0
2024-12-06T06:00,8.4,0.50,93,7.3,4.5,0.50,0.00,0.00,53,45,0,15,36,21.8,272,269,37.6,56.2,0,0.00,1005.5,991.2
2024-12-06T07:00,7.3,1.70,88,5.4,3.2,1.70,0.00,0.00,61,35,0,0,34,20.3,283,280,36.0,54.4,0,0.00,1007.4,993.0
2024-12-06T08:00,6.6,0.20,84,4.1,2.3,0.20,0.00,0.00,51,63,0,5,63,20.1,278,276,35.6,42.1,0,0.00,1009.2,994.8
2024-12-06T09:00,6.9,0.10,80,3.7,2.8,0.10,0.00,0.00,51,82,0,13,82,17.7,262,258,31.6,42.1,1,0.00,1010.4,996.0
2024-12-06T10:00,7.4,0.30,77,3.6,3.3,0.30,0.00,0.00,51,84,0,72,82,17.2,262,256,29.6,37.8,1,1258.04,1011.4,997.0
2024-12-06T11:00,7.9,0.20,73,3.4,3.6,0.20,0.00,0.00,51,37,0,11,36,18.5,268,264,32.1,39.2,1,2368.73,1012.5,998.1
2024-12-06T12:00,8.8,0.10,66,2.9,4.5,0.10,0.00,0.00,51,59,0,12,55,18.4,264,262,30.4,43.6,1,3600.00,1013.2,998.8
2024-12-06T13:00,9.1,0.00,61,2.0,4.1,0.00,0.00,0.00,1,24,0,20,5,21.4,258,257,33.5,52.9,1,3600.00,1013.0,998.7
2024-12-06T14:00,8.8,0.20,63,2.2,3.5,0.20,0.00,0.00,51,91,0,37,91,23.7,257,256,38.1,55.1,1,3600.00,1014.8,1000.4
2024-12-06T15:00,8.3,0.10,66,2.3,3.4,0.10,0.00,0.00,51,93,0,92,56,21.6,255,253,36.3,50.4,1,3600.00,1015.4,1001.0
2024-12-06T16:00,7.9,0.00,67,2.1,2.8,0.00,0.00,0.00,3,98,0,97,92,22.7,256,254,38.7,50.0,1,364.55,1016.2,1001.7
2024-12-06T17:00,7.4,0.00,68,2.0,2.4,0.00,0.00,0.00,3,100,35,100,95,22.4,257,255,38.2,49.7,0,0.00,1017.3,1002.8
2024-12-06T18:00,7.0,0.00,69,1.6,1.9,0.00,0.00,0.00,3,100,99,100,100,21.6,258,257,37.4,48.6,0,0.00,1018.0,1003.5
2024-12-06T19:00,6.6,0.00,69,1.3,1.5,0.00,0.00,0.00,3,100,91,100,100,21.7,263,261,37.6,48.6,0,0.00,1018.6,1004.0
2024-12-06T20:00,6.3,0.00,70,1.2,1.8,0.00,0.00,0.00,3,100,100,33,78,17.5,262,258,31.4,47.5,0,0.00,1019.5,1004.9
2024-12-06T21:00,5.7,0.00,74,1.4,1.8,0.00,0.00,0.00,3,100,100,24,67,13.5,248,240,25.3,37.8,0,0.00,1020.3,1005.7
2024-12-06T22:00,5.0,0.00,78,1.4,1.4,0.00,0.00,0.00,3,100,100,5,65,11.6,242,235,22.9,29.2,0,0.00,1020.5,1005.8
2024-12-06T23:00,4.6,0.00,80,1.5,1.4,0.00,0.00,0.00,3,100,99,1,22,9.4,230,216,19.4,24.8,0,0.00,1020.4,1005.7
2024-12-07T00:00,3.6,0.00,86,1.5,0.0,0.00,0.00,0.00,3,100,100,0,6,11.5,209,197,23.8,23.0,0,0.00,1020.2,1005.5
2024-12-07T01:00,3.1,0.00,90,1.6,-0.4,0.00,0.00,0.00,3,100,100,0,8,11.3,213,200,24.5,25.2,0,0.00,1019.1,1004.4
2024-12-07T02:00,4.1,0.00,86,2.0,0.8,0.00,0.00,0.00,3,100,100,11,0,10.3,222,209,23.2,24.1,0,0.00,1018.1,1003.4
2024-12-07T03:00,3.6,0.00,88,1.8,0.5,0.00,0.00,0.00,3,100,100,7,5,8.8,211,192,20.9,21.6,0,0.00,1016.8,1002.1
2024-12-07T04:00,3.9,0.00,86,1.7,0.7,0.00,0.00,0.00,3,100,100,42,0,9.2,205,187,21.5,19.8,0,0.00,1015.4,1000.8
2024-12-07T05:00,4.3,0.00,83,1.8,1.2,0.00,0.00,0.00,3,100,100,100,0,9.0,192,165,19.2,20.5,0,0.00,1013.6,999.0
2024-12-07T06:00,4.7,0.00,80,1.5,1.2,0.00,0.00,0.00,3,100,100,100,0,10.9,170,142,20.5,22.3,0,0.00,1011.8,997.2
2024-12-07T07:00,4.8,0.00,74,0.6,1.0,0.00,0.00,0.00,3,100,100,100,52,12.0,151,133,23.0,25.2,0,0.00,1010.2,995.7
2024-12-07T08:00,4.7,0.00,71,-0.2,0.8,0.00,0.00,0.00,3,100,100,97,100,11.6,143,126,22.9,25.6,0,0.00,1008.6,994.1
2024-12-07T09:00,5.1,0.00,67,-0.5,1.3,0.00,0.00,0.00,3,100,100,100,50,11.2,166,138,21.9,24.1,1,0.00,1007.1,992.6
2024-12-07T10:00,5.5,0.10,68,0.0,1.7,0.10,0.00,0.00,51,100,100,100,91,11.5,158,134,22.2,26.3,1,0.00,1005.2,990.8
2024-12-07T11:00,4.7,1.40,88,2.8,1.2,1.40,0.00,0.00,61,100,100,100,100,12.7,162,134,25.0,25.2,1,0.00,1003.7,989.3
2024-12-07T12:00,5.1,1.20,90,3.7,2.0,1.20,0.00,0.00,55,100,99,100,100,11.1,177,150,24.0,25.9,1,0.00,1002.5,988.1
2024-12-07T13:00,5.7,1.30,92,4.5,2.9,1.30,0.00,0.00,61,100,100,100,100,9.6,201,176,21.2,23.0,1,0.00,1001.5,987.1
2024-12-07T14:00,6.4,0.60,96,5.8,3.0,0.60,0.00,0.00,53,100,100,100,63,16.1,227,221,30.2,32.4,1,0.00,1001.6,987.3
2024-12-07T15:00,7.0,0.40,97,6.5,3.6,0.40,0.00,0.00,51,100,100,100,14,16.9,225,220,31.3,35.6,1,0.00,1001.7,987.4
2024-12-07T16:00,7.2,0.20,97,6.7,4.0,0.20,0.00,0.00,51,100,100,94,13,15.9,216,209,30.0,34.9,1,0.00,1001.8,987.5
2024-12-07T17:00,7.1,0.00,96,6.5,3.9,0.00,0.00,0.00,3,100,100,97,19,15.8,220,215,29.4,33.1,0,0.00,1002.1,987.8
2024-12-07T18:00,6.9,0.00,95,6.2,3.4,0.00,0.00,0.00,3,100,100,82,13,17.8,220,215,32.2,36.4,0,0.00,1002.0,987.7
2024-12-07T19:00,6.4,0.00,95,5.7,2.8,0.00,0.00,0.00,3,100,100,8,20,17.3,217,211,31.6,36.7,0,0.00,1001.5,987.2
2024-12-07T20:00,6.1,0.00,94,5.2,2.7,0.00,0.00,0.00,3,100,100,1,19,15.3,217,211,28.7,35.6,0,0.00,1001.3,987.0
2024-12-07T21:00,5.6,0.00,94,4.8,2.3,0.00,0.00,0.00,3,98,93,40,72,13.8,209,201,26.7,31.7,0,0.00,1001.2,986.8
2024-12-07T22:00,5.5,0.00,93,4.5,2.3,0.00,0.00,0.00,1,39,3,0,37,13.0,208,199,25.1,28.8,0,0.00,1001.3,986.9
2024-12-07T23:00,5.0,0.00,93,3.9,1.6,0.00,0.00,0.00,3,100,1,0,100,13.1,204,195,25.7,27.7,0,0.00,1001.7,987.3
2024-12-08T00:00,5.2,0.00,90,3.6,1.6,0.00,0.00,0.00,2,78,18,0,73,13.8,198,189,26.0,28.8,0,0.00,1001.6,987.2
2024-12-08T01:00,5.1,0.00,86,3.0,1.4,0.00,0.00,0.00,2,55,1,0,55,13.7,195,185,26.2,29.2,0,0.00,1001.4,987.0
2024-12-08T02:00,5.9,0.00,83,3.2,2.6,0.00,0.00,0.00,2,76,4,4,75,11.9,185,174,23.0,26.6,0,0.00,1001.9,987.6
2024-12-08T03:00,5.1,0.00,84,2.5,1.6,0.00,0.00,0.00,3,100,2,93,99,11.8,166,155,23.2,25.6,0,0.00,1002.3,987.9
2024-12-08T04:00,5.0,0.00,84,2.5,1.7,0.00,0.00,0.00,2,72,9,2,68,10.9,165,151,21.1,24.8,0,0.00,1002.4,988.0
2024-12-08T05:00,4.2,0.00,87,2.1,1.0,0.00,0.00,0.00,2,70,1,1,69,9.7,165,141,18.6,22.7,0,0.00,1002.5,988.1
2024-12-08T06:00,3.8,0.00,87,1.8,0.4,0.00,0.00,0.00,3,96,24,1,95,10.5,148,125,19.7,21.6,0,0.00,1003.0,988.5
2024-12-08T07:00,4.1,0.00,85,1.8,0.8,0.00,0.00,0.00,3,100,8,27,100,10.1,139,123,19.6,22.0,0,0.00,1003.4,988.9
2024-12-08T08:00,4.1,0.00,85,1.8,1.0,0.00,0.00,0.00,3,100,44,0,100,8.9,145,126,17.7,20.9,0,0.00,1004.1,989.6
2024-12-08T09:00,4.1,0.00,85,1.8,1.0,0.00,0.00,0.00,3,100,100,0,100,8.7,128,108,15.9,18.7,1,0.00,1004.9,990.4
2024-12-08T10:00,4.7,0.00,83,2.0,1.7,0.00,0.00,0.00,3,100,69,2,100,8.2,116,104,19.9,18.4,1,0.00,1005.7,991.2
2024-12-08T11:00,5.4,0.00,81,2.3,2.7,0.00,0.00,0.00,3,100,100,5,90,6.6,110,103,12.8,18.4,1,0.00,1006.4,992.0
2024-12-08T12:00,6.4,0.00,77,2.6,3.7,0.00,0.00,0.00,3,97,97,10,10,6.5,94,95,9.9,16.2,1,3600.00,1006.9,992.5
2024-12-08T13:00,7.1,0.00,73,2.5,4.4,0.00,0.00,0.00,0,12,0,8,4,6.7,76,74,9.8,17.3,1,3600.00,1007.1,992.7
2024-12-08T14:00,7.6,0.00,68,2.2,4.8,0.00,0.00,0.00,3,88,87,9,10,7.1,75,80,10.6,16.9,1,3600.00,1008.0,993.6
2024-12-08T15:00,7.4,0.00,71,2.4,4.8,0.00,0.00,0.00,3,100,100,0,4,5.8,88,94,11.5,17.3,1,3600.00,1008.7,994.3
2024-12-08T16:00,6.2,0.00,77,2.4,3.7,0.00,0.00,0.00,3,100,100,14,1,5.4,73,70,13.7,12.6,1,175.81,1009.3,994.9
2024-12-08T17:00,5.4,0.00,78,1.9,1.8,0.00,0.00,0.00,3,100,100,1,0,12.0,51,46,24.2,23.0,0,0.00,1010.3,995.8
2024-12-08T18:00,4.9,0.00,82,2.1,1.5,0.00,0.00,0.00,3,100,97,100,0,10.6,53,46,23.0,26.6,0,0.00,1011.0,996.5
2024-12-08T19:00,4.6,0.00,87,2.7,1.6,0.00,0.00,0.00,3,98,17,97,17,9.0,48,37,20.0,21.6,0,0.00,1011.5,996.9
2024-12-08T20:00,5.1,0.00,88,3.2,2.0,0.00,0.00,0.00,3,94,0,93,10,10.2,34,24,21.1,21.2,0,0.00,1012.4,997.9
2024-12-08T21:00,5.1,0.00,88,3.2,1.8,0.00,0.00,0.00,2,66,0,66,0,11.2,30,19,23.0,23.4,0,0.00,1012.8,998.3
2024-12-08T22:00,4.3,0.00,88,2.5,0.9,0.00,0.00,0.00,3,98,66,94,12,11.8,30,20,24.4,24.5,0,0.00,1013.5,998.9
2024-12-08T23:00,4.7,0.00,85,2.4,1.2,0.00,0.00,0.00,3,100,88,92,72,11.9,34,22,23.8,25.2,0,0.00,1014.3,999.7
2024-12-09T00:00,4.9,0.00,86,2.7,1.4,0.00,0.00,0.00,3,99,0,53,99,12.8,22,11,23.9,27.4,0,0.00,1014.9,1000.3
2024-12-09T01:00,4.9,0.00,88,3.1,1.4,0.00,0.00,0.00,3,100,2,64,100,12.9,14,6,23.4,28.1,0,0.00,1015.1,1000.5
2024-12-09T02:00,5.9,0.00,85,3.6,2.3,0.00,0.00,0.00,3,100,0,100,100,14.4,16,10,25.8,32.8,0,0.00,1015.2,1000.7
2024-12-09T03:00,5.9,0.00,82,3.1,2.3,0.00,0.00,0.00,3,100,0,88,100,13.8,29,22,24.7,31.3,0,0.00,1015.6,1001.1
2024-12-09T04:00,5.7,0.00,80,2.6,2.0,0.00,0.00,0.00,3,100,0,51,100,13.7,35,30,24.3,29.9,0,0.00,1016.0,1001.4
2024-12-09T05:00,5.5,0.00,79,2.1,1.8,0.00,0.00,0.00,3,100,0,57,100,13.2,35,30,23.4,29.9,0,0.00,1016.5,1001.9
2024-12-09T06:00,5.1,0.00,80,1.8,1.2,0.00,0.00,0.00,3,100,0,95,100,13.8,37,32,24.2,29.9,0,0.00,1016.9,1002.3
2024-12-09T07:00,4.6,0.10,82,1.8,0.7,0.10,0.00,0.00,51,100,0,91,100,13.8,36,32,24.1,30.2,0,0.00,1017.8,1003.2
2024-12-09T08:00,4.3,0.10,84,1.8,0.4,0.10,0.00,0.00,51,100,0,49,100,13.6,35,31,24.2,29.5,0,0.00,1018.5,1003.8
2024-12-09T09:00,4.2,0.00,82,1.4,0.2,0.00,0.00,0.00,3,95,15,79,82,14.2,29,24,24.9,30.6,1,0.00,1018.8,1004.1
2024-12-09T10:00,4.4,0.00,80,1.3,0.4,0.00,0.00,0.00,3,100,2,100,99,14.1,23,19,23.2,31.0,1,0.00,1019.0,1004.3
2024-12-09T11:00,5.0,0.00,74,0.8,0.5,0.00,0.00,0.00,3,99,0,32,98,17.1,38,36,26.4,37.4,1,343.01,1019.3,1004.7
2024-12-09T12:00,5.3,0.00,71,0.4,0.9,0.00,0.00,0.00,3,100,0,44,100,15.8,43,41,24.1,37.4,1,0.00,1019.4,1004.8
2024-12-09T13:00,5.6,0.00,68,0.1,1.4,0.00,0.00,0.00,3,100,0,73,100,14.2,52,51,21.9,34.6,1,0.00,1019.3,1004.7
2024-12-09T14:00,5.2,0.00,73,0.7,1.1,0.00,0.00,0.00,3,100,4,20,100,14.1,47,44,21.8,33.8,1,0.00,1019.9,1005.3
2024-12-09T15:00,5.0,0.00,74,0.7,1.1,0.00,0.00,0.00,3,100,86,13,100,13.2,54,51,21.0,32.8,1,0.00,1020.3,1005.6
2024-12-09T16:00,4.8,0.00,72,0.3,0.9,0.00,0.00,0.00,3,100,100,5,100,12.7,57,54,22.3,28.4,1,0.00,1020.8,1006.1
2024-12-09T17:00,4.6,0.00,72,-0.0,0.7,0.00,0.00,0.00,3,100,100,49,73,12.1,54,49,21.7,27.7,0,0.00,1021.7,1007.0
2024-12-09T18:00,3.9,0.00,76,0.1,-0.1,0.00,0.00,0.00,3,100,6,31,100,13.0,44,38,23.8,27.4,0,0.00,1022.4,1007.6
2024-12-09T19:00,3.9,0.00,76,0.0,-0.2,0.00,0.00,0.00,3,100,7,46,100,13.0,48,44,23.2,29.2,0,0.00,1022.8,1008.0
2024-12-09T20:00,3.9,0.00,76,0.0,0.1,0.00,0.00,0.00,3,100,53,34,100,11.5,50,44,20.6,28.1,0,0.00,1023.4,1008.6
2024-12-09T21:00,3.9,0.00,77,0.1,0.1,0.00,0.00,0.00,3,100,91,47,100,11.3,49,42,20.5,24.8,0,0.00,1023.9,1009.1
2024-12-09T22:00,3.9,0.00,78,0.5,0.3,0.00,0.00,0.00,3,100,87,16,100,10.4,38,28,19.4,24.5,0,0.00,1024.0,1009.2
2024-12-09T23:00,3.8,0.00,80,0.6,0.1,0.00,0.00,0.00,3,98,93,31,56,11.7,35,27,21.8,24.8,0,0.00,1024.1,1009.3
2024-12-10T00:00,3.7,0.00,80,0.7,0.1,0.00,0.00,0.00,3,100,58,78,100,11.2,40,33,21.6,25.6,0,0.00,1024.3,1009.5
2024-12-10T01:00,3.8,0.00,80,0.7,0.3,0.00,0.00,0.00,3,100,16,97,100,10.2,41,32,19.9,24.1,0,0.00,1024.3,1009.5
2024-12-10T02:00,4.1,0.00,79,0.8,0.7,0.00,0.00,0.00,3,100,6,100,100,9.4,44,35,18.3,22.3,0,0.00,1024.3,1009.5
2024-12-10T03:00,4.2,0.00,80,1.0,0.9,0.00,0.00,0.00,3,100,18,100,81,9.3,46,37,18.3,20.5,0,0.00,1024.3,1009.5
2024-12-10T04:00,4.1,0.00,82,1.3,0.6,0.00,0.00,0.00,3,100,1,100,12,10.5,48,38,20.0,22.7,0,0.00,1023.8,1009.0
2024-12-10T05:00,3.9,0.00,85,1.6,0.4,0.00,0.00,0.00,3,87,12,75,55,10.6,49,42,20.3,23.4,0,0.00,1023.9,1009.1
2024-12-10T06:00,3.6,0.00,87,1.6,0.2,0.00,0.00,0.00,3,100,77,69,100,10.6,52,44,21.0,23.0,0,0.00,1023.9,1009.1
2024-12-10T07:00,3.9,0.00,85,1.6,0.5,0.00,0.00,0.00,3,100,95,54,100,10.3,55,47,20.5,22.7,0,0.00,1024.3,1009.5
2024-12-10T08:00,4.1,0.00,83,1.6,0.7,0.00,0.00,0.00,3,100,82,42,98,10.7,57,50,20.4,23.4,0,0.00,1024.6,1009.8
2024-12-10T09:00,4.2,0.00,82,1.4,0.8,0.00,0.00,0.00,3,99,11,99,98,10.7,56,49,20.0,23.4,1,0.00,1024.7,1009.9
2024-12-10T10:00,4.6,0.00,80,1.4,0.9,0.00,0.00,0.00,3,100,66,100,100,11.7,48,43,19.9,25.2,1,0.00,1025.0,1010.2
2024-12-10T11:00,4.7,0.00,78,1.2,1.1,0.00,0.00,0.00,3,100,85,99,91,11.8,50,47,19.4,26.3,1,0.00,1025.1,1010.4
2024-12-10T12:00,5.4,0.00,74,1.2,1.3,0.00,0.00,0.00,3,99,59,95,66,14.7,60,59,22.6,31.7,1,0.00,1025.1,1010.4
2024-12-10T13:00,5.9,0.00,71,1.1,1.8,0.00,0.00,0.00,3,100,77,98,56,14.8,61,60,22.1,33.8,1,2490.38,1024.9,1010.2
2024-12-10T14:00,4.9,0.00,78,1.5,1.2,0.00,0.00,0.00,3,100,18,100,48,12.6,57,56,19.7,28.1,1,0.00,1025.5,1010.8
2024-12-10T15:00,5.1,0.00,76,1.3,1.4,0.00,0.00,0.00,3,84,1,55,65,12.0,63,62,19.7,29.5,1,0.00,1025.5,1010.8
2024-12-10T16:00,4.7,0.00,79,1.3,1.4,0.00,0.00,0.00,3,97,9,28,96,9.6,66,62,17.8,25.9,1,0.00,1026.0,1011.2
2024-12-10T17:00,4.5,0.00,81,1.5,1.3,0.00,0.00,0.00,3,100,9,20,100,9.2,62,55,17.3,20.9,0,0.00,1026.5,1011.7
2024-12-10T18:00,4.4,0.00,82,1.6,1.0,0.00,0.00,0.00,3,100,17,22,100,10.2,58,51,18.7,22.3,0,0.00,1026.7,1011.9
2024-12-10T19:00,4.3,0.00,82,1.4,0.9,0.00,0.00,0.00,3,100,1,28,100,10.4,58,51,18.9,22.3,0,0.00,1027.0,1012.2
2024-12-10T20:00,4.2,0.00,81,1.2,0.9,0.00,0.00,0.00,3,100,0,0,100,9.8,59,52,18.2,22.3,0,0.00,1027.3,1012.5
2024-12-10T21:00,4.0,0.00,81,1.1,0.7,0.00,0.00,0.00,3,100,2,0,100,9.3,63,56,17.8,20.9,0,0.00,1027.5,1012.7
2024-12-10T22:00,3.9,0.00,81,1.0,0.6,0.00,0.00,0.00,3,100,0,0,100,8.9,65,56,17.2,20.2,0,0.00,1027.6,1012.8
2024-12-10T23:00,3.8,0.00,81,0.9,0.4,0.00,0.00,0.00,3,100,0,0,100,9.3,59,49,17.6,19.8,0,0.00,1027.9,1013.1
2024-12-11T00:00,3.7,0.00,81,0.8,0.2,0.00,0.00,0.00,3,93,0,0,93,9.7,58,50,18.0,20.5,0,0.00,1028.1,1013.3
2024-12-11T01:00,3.3,0.00,82,0.6,-0.2,0.00,0.00,0.00,2,76,0,0,76,10.1,55,46,19.2,20.9,0,0.00,1028.2,1013.3
2024-12-11T02:00,3.5,0.00,84,1.0,0.2,0.00,0.00,0.00,3,96,0,0,96,9.4,54,43,18.4,19.8,0,0.00,1028.1,1013.2
2024-12-11T03:00,3.3,0.00,84,0.9,-0.2,0.00,0.00,0.00,3,94,0,0,94,10.2,52,44,20.0,20.9,0,0.00,1028.2,1013.3
2024-12-11T04:00,3.4,0.00,84,0.9,-0.2,0.00,0.00,0.00,3,100,0,0,100,11.1,49,43,21.3,22.7,0,0.00,1028.2,1013.3
2024-12-11T05:00,3.4,0.00,83,0.8,-0.3,0.00,0.00,0.00,3,97,0,0,97,11.8,51,47,22.2,24.8,0,0.00,1028.3,1013.4
2024-12-11T06:00,3.3,0.00,83,0.7,-0.3,0.00,0.00,0.00,3,98,49,0,95,10.8,55,52,20.8,24.8,0,0.00,1028.4,1013.5
2024-12-11T07:00,3.2,0.00,84,0.7,-0.2,0.00,0.00,0.00,3,84,9,0,82,9.3,64,62,18.8,22.3,0,0.00,1028.5,1013.6
2024-12-11T08:00,2.8,0.00,86,0.6,-0.4,0.00,0.00,0.00,2,56,0,3,55,7.7,67,62,16.8,19.4,0,0.00,1028.8,1013.9
2024-12-11T09:00,2.9,0.00,85,0.6,-0.5,0.00,0.00,0.00,3,93,24,5,90,8.9,67,65,18.4,18.4,1,0.00,1029.3,1014.4
2024-12-11T10:00,3.9,0.00,80,0.8,0.6,0.00,0.00,0.00,3,100,0,91,99,8.7,68,66,14.2,19.4,1,470.19,1029.8,1014.9
2024-12-11T11:00,4.5,0.00,77,0.8,1.2,0.00,0.00,0.00,3,100,0,100,99,8.5,63,61,13.1,19.4,1,0.00,1030.1,1015.3
2024-12-11T12:00,4.8,0.00,75,0.8,1.5,0.00,0.00,0.00,3,100,0,95,99,8.4,62,59,12.4,20.5,1,84.20,1029.7,1014.9
2024-12-11T13:00,4.8,0.00,75,0.8,1.6,0.00,0.00,0.00,3,100,0,3,100,8.5,62,61,12.4,19.8,1,0.00,1029.3,1014.5
2024-12-11T14:00,4.5,0.00,77,0.7,1.6,0.00,0.00,0.00,3,100,0,0,100,6.0,52,49,8.9,16.6,1,0.00,1029.9,1015.1
2024-12-11T15:00,4.4,0.00,77,0.7,1.7,0.00,0.00,0.00,3,100,0,0,100,4.5,53,47,6.6,13.7,1,0.00,1029.7,1014.9
2024-12-11T16:00,4.1,0.00,81,1.1,1.7,0.00,0.00,0.00,3,100,55,0,100,2.9,35,30,6.8,10.1,1,0.00,1029.9,1015.1
2024-12-11T17:00,3.7,0.00,83,1.1,1.3,0.00,0.00,0.00,3,100,2,0,100,2.9,32,22,7.2,6.1,0,0.00,1030.2,1015.3
2024-12-11T18:00,3.6,0.00,84,1.1,1.0,0.00,0.00,0.00,3,100,0,3,100,4.3,35,24,9.8,8.6,0,0.00,1030.6,1015.7
2024-12-11T19:00,3.3,0.00,84,0.9,0.6,0.00,0.00,0.00,3,100,0,2,100,5.1,45,42,10.9,10.1,0,0.00,1031.2,1016.3
2024-12-11T20:00,3.0,0.00,84,0.6,0.2,0.00,0.00,0.00,3,100,0,5,100,5.5,56,54,11.3,11.2,0,0.00,1031.3,1016.4
2024-12-11T21:00,2.4,0.00,85,0.1,-0.7,0.00,0.00,0.00,3,100,0,0,100,6.7,55,52,13.2,13.0,0,0.00,1031.6,1016.6
2024-12-11T22:00,1.9,0.00,84,-0.5,-1.2,0.00,0.00,0.00,3,100,0,0,100,6.1,67,66,12.3,13.7,0,0.00,1031.7,1016.7
2024-12-11T23:00,1.5,0.00,84,-0.9,-1.5,0.00,0.00,0.00,3,82,0,0,82,5.0,78,71,10.5,12.6,0,0.00,1031.9,1016.9
2024-12-12T00:00,1.0,0.00,86,-1.0,-1.8,0.00,0.00,0.00,2,65,0,0,65,3.8,80,65,8.4,10.1,0,0.00,1031.9,1016.9
2024-12-12T01:00,0.4,0.00,89,-1.1,-2.4,0.00,0.00,0.00,1,47,0,0,47,3.5,78,55,6.8,7.6,0,0.00,1031.5,1016.4
2024-12-12T02:00,1.4,0.00,90,-0.1,-1.4,0.00,0.00,0.00,1,39,0,0,39,4.0,93,72,7.2,9.4,0,0.00,1031.8,1016.8
2024-12-12T03:00,0.7,0.00,92,-0.4,-2.0,0.00,0.00,0.00,1,21,0,0,21,3.0,102,65,6.2,7.9,0,0.00,1031.8,1016.7
2024-12-12T04:00,0.2,0.00,93,-0.8,-2.6,0.00,0.00,0.00,1,28,0,0,28,3.5,92,51,5.4,6.8,0,0.00,1031.8,1016.7
2024-12-12T05:00,0.2,0.00,93,-0.8,-2.8,0.00,0.00,0.00,2,68,29,0,55,4.5,46,34,5.5,8.6,0,0.00,1031.7,1016.6
2024-12-12T06:00,-0.0,0.00,93,-1.0,-3.1,0.00,0.00,0.00,3,100,100,0,98,5.2,23,31,8.2,10.1,0,0.00,1031.9,1016.8
2024-12-12T07:00,0.0,0.00,93,-1.0,-2.9,0.00,0.00,0.00,3,100,100,0,100,4.3,35,33,8.1,10.1,0,0.00,1031.8,1016.7
2024-12-12T08:00,0.3,0.00,93,-0.7,-2.5,0.00,0.00,0.00,3,100,100,0,96,4.1,34,15,6.7,9.0,0,0.00,1031.6,1016.5
2024-12-12T09:00,0.6,0.00,92,-0.5,-2.4,0.00,0.00,0.00,3,100,77,0,99,5.1,27,8,8.0,10.1,1,0.00,1031.9,1016.8
2024-12-12T10:00,1.8,0.00,87,-0.1,-0.8,0.00,0.00,0.00,3,100,93,9,97,3.1,36,357,6.7,10.8,1,711.08,1032.0,1017.0
2024-12-12T11:00,2.9,0.00,84,0.5,0.6,0.00,0.00,0.00,3,86,37,20,76,1.7,23,347,2.7,9.7,1,3600.00,1031.7,1016.8
2024-12-12T12:00,3.8,0.00,81,0.8,1.5,0.00,0.00,0.00,3,91,7,26,88,1.8,14,349,2.2,8.6,1,3600.00,1031.2,1016.3
2024-12-12T13:00,4.5,0.00,77,0.8,2.1,0.00,0.00,0.00,2,74,0,0,74,2.6,59,51,3.8,9.4,1,3600.00,1030.5,1015.7
2024-12-12T14:00,4.1,0.00,77,0.4,1.6,0.00,0.00,0.00,3,100,59,42,100,3.1,92,87,4.7,9.7,1,0.00,1031.0,1016.1
2024-12-12T15:00,4.0,0.00,77,0.4,1.4,0.00,0.00,0.00,3,97,6,2,97,4.0,92,87,5.8,10.1,1,0.00,1030.7,1015.8
2024-12-12T16:00,3.6,0.00,81,0.7,1.1,0.00,0.00,0.00,3,81,10,13,77,2.8,78,72,6.2,10.4,1,0.00,1030.6,1015.7
2024-12-12T17:00,3.1,0.00,84,0.7,0.6,0.00,0.00,0.00,2,79,0,30,70,3.0,80,65,7.1,6.1,0,0.00,1030.7,1015.8
2024-12-12T18:00,2.3,0.00,89,0.6,-0.1,0.00,0.00,0.00,2,75,0,32,63,2.5,78,60,7.2,6.5,0,0.00,1030.6,1015.6
2024-12-12T19:00,2.0,0.00,89,0.3,-0.5,0.00,0.00,0.00,2,56,0,1,56,3.3,76,49,9.5,6.8,0,0.00,1030.6,1015.6
2024-12-12T20:00,1.6,0.00,87,-0.3,-1.4,0.00,0.00,0.00,1,47,0,2,46,6.0,76,53,13.9,11.5,0,0.00,1030.6,1015.6
2024-12-12T21:00,1.3,0.00,85,-1.0,-2.2,0.00,0.00,0.00,1,48,0,14,40,8.0,81,65,17.5,15.8,0,0.00,1030.7,1015.7
2024-12-12T22:00,0.9,0.00,86,-1.3,-2.5,0.00,0.00,0.00,1,23,0,20,4,7.3,89,73,17.3,15.8,0,0.00,1030.6,1015.6
2024-12-12T23:00,0.5,0.00,86,-1.6,-3.0,0.00,0.00,0.00,0,1,0,0,1,7.9,89,70,17.8,15.5,0,0.00,1030.7,1015.6
2024-12-13T00:00,0.2,0.00,86,-1.8,-3.5,0.00,0.00,0.00,0,2,0,1,2,8.4,90,75,19.1,16.6,0,0.00,1030.8,1015.7
2024-12-13T01:00,-0.0,0.00,87,-2.0,-3.7,0.00,0.00,0.00,0,1,0,1,0,8.4,95,83,19.7,16.9,0,0.00,1030.3,1015.2
2024-12-13T02:00,1.1,0.00,86,-1.0,-2.6,0.00,0.00,0.00,2,63,0,0,63,9.2,97,88,19.6,18.4,0,0.00,1030.6,1015.6
2024-12-13T03:00,1.3,0.00,85,-1.0,-2.5,0.00,0.00,0.00,3,92,0,0,92,10.1,100,92,20.6,20.9,0,0.00,1030.5,1015.5
2024-12-13T04:00,1.7,0.00,83,-0.8,-2.1,0.00,0.00,0.00,3,100,0,0,100,10.5,100,95,20.3,22.0,0,0.00,1030.2,1015.2
2024-12-13T05:00,1.9,0.00,83,-0.7,-1.8,0.00,0.00,0.00,3,100,0,3,100,10.4,103,98,19.6,22.0,0,0.00,1029.9,1014.9
2024-12-13T06:00,1.9,0.00,83,-0.8,-1.9,0.00,0.00,0.00,3,100,0,0,100,10.6,104,99,19.9,22.3,0,0.00,1029.6,1014.6
2024-12-13T07:00,1.9,0.00,83,-0.8,-1.9,0.00,0.00,0.00,3,100,0,0,100,10.4,104,100,19.5,22.3,0,0.00,1029.5,1014.5
2024-12-13T08:00,1.7,0.00,83,-0.8,-2.0,0.00,0.00,0.00,3,100,0,0,100,9.7,107,102,18.8,22.0,0,0.00,1029.6,1014.6
2024-12-13T09:00,2.0,0.00,82,-0.7,-1.7,0.00,0.00,0.00,3,100,0,0,100,9.9,110,105,18.0,20.9,1,0.00,1029.6,1014.6
2024-12-13T10:00,2.6,0.00,79,-0.7,-1.2,0.00,0.00,0.00,2,70,0,0,70,10.5,113,110,17.3,24.8,1,108.33,1029.3,1014.4
2024-12-13T11:00,3.4,0.00,75,-0.5,-0.8,0.00,0.00,0.00,3,82,0,0,82,13.8,117,117,20.4,31.3,1,3600.00,1029.0,1014.1
2024-12-13T12:00,4.0,0.00,74,-0.3,-0.0,0.00,0.00,0.00,3,91,0,0,91,12.5,119,118,18.4,30.6,1,2641.10,1028.6,1013.8
2024-12-13T13:00,4.3,0.00,73,-0.1,0.4,0.00,0.00,0.00,2,76,0,0,76,11.5,119,119,16.7,28.4,1,3600.00,1027.8,1013.0
2024-12-13T14:00,3.1,0.00,75,-0.9,-0.8,0.00,0.00,0.00,3,100,0,0,100,11.3,123,123,16.7,27.4,1,0.00,1028.4,1013.5
2024-12-13T15:00,3.1,0.00,76,-0.8,-0.5,0.00,0.00,0.00,3,84,0,0,84,9.1,123,122,13.9,25.2,1,0.00,1027.7,1012.8
2024-12-13T16:00,2.9,0.00,78,-0.5,-0.1,0.00,0.00,0.00,2,78,0,0,78,5.2,125,119,9.8,20.2,1,0.00,1027.4,1012.5
2024-12-13T17:00,2.0,0.00,84,-0.4,-0.7,0.00,0.00,0.00,3,96,89,0,63,3.8,115,93,10.1,10.4,0,0.00,1027.2,1012.3
2024-12-13T18:00,1.0,0.00,88,-0.8,-1.8,0.00,0.00,0.00,2,58,4,0,57,3.4,122,93,9.9,7.9,0,0.00,1026.8,1011.8
2024-12-13T19:00,0.2,0.00,89,-1.4,-2.6,0.00,0.00,0.00,3,89,85,0,31,3.2,137,87,8.1,6.5,0,0.00,1026.5,1011.5
2024-12-13T20:00,-0.5,0.00,91,-1.8,-3.4,0.00,0.00,0.00,3,89,88,0,9,3.7,126,79,8.0,7.2,0,0.00,1026.2,1011.2
2024-12-13T21:00,-1.1,0.00,92,-2.2,-4.1,0.00,0.00,0.00,2,66,65,0,3,3.8,129,93,9.7,7.2,0,0.00,1025.8,1010.7
2024-12-13T22:00,-1.4,0.00,93,-2.4,-4.5,0.00,0.00,0.00,0,17,14,0,4,4.3,149,112,10.7,7.2,0,0.00,1025.8,1010.7
2024-12-13T23:00,-1.3,0.00,93,-2.3,-4.7,0.00,0.00,0.00,0,13,8,0,5,6.2,142,105,10.9,10.4,0,0.00,1025.4,1010.3
2024-12-14T00:00,-1.6,0.00,94,-2.5,-4.9,0.00,0.00,0.00,0,12,7,5,1,5.4,166,124,10.6,10.4,0,0.00,1025.3,1010.2
2024-12-14T01:00,-1.7,0.00,94,-2.5,-5.0,0.00,0.00,0.00,1,20,19,0,0,5.9,177,125,9.4,10.8,0,0.00,1024.8,1009.7
2024-12-14T02:00,-1.2,0.00,98,-1.5,-4.3,0.00,0.00,0.00,3,100,62,0,100,4.8,192,146,9.6,11.5,0,0.00,1024.5,1009.4
2024-12-14T03:00,-1.0,0.00,99,-1.1,-4.2,0.00,0.00,0.00,3,100,97,1,100,5.6,190,153,10.8,12.6,0,0.00,1024.3,1009.3
2024-12-14T04:00,-0.9,0.00,98,-1.1,-4.1,0.00,0.00,0.00,3,100,92,1,100,6.4,191,153,12.6,13.7,0,0.00,1023.7,1008.7
2024-12-14T05:00,-1.0,0.00,97,-1.3,-4.5,0.00,0.00,0.00,3,100,94,2,97,8.1,192,163,16.0,16.6,0,0.00,1023.2,1008.2
2024-12-14T06:00,-0.9,0.00,96,-1.4,-4.4,0.00,0.00,0.00,3,98,95,0,51,8.0,204,174,16.7,16.6,0,0.00,1022.8,1007.8
2024-12-14T07:00,-1.0,0.00,96,-1.5,-4.6,0.00,0.00,0.00,3,99,99,0,32,8.1,210,184,18.2,17.6,0,0.00,1022.5,1007.5
2024-12-14T08:00,-1.2,0.00,95,-1.9,-4.7,0.00,0.00,0.00,3,95,94,0,8,7.9,213,192,18.4,17.3,0,0.00,1022.7,1007.7
2024-12-14T09:00,-0.8,0.00,95,-1.6,-4.4,0.00,0.00,0.00,3,99,98,4,8,8.1,216,198,18.3,16.9,1,10.59,1022.9,1007.9
2024-12-14T10:00,0.6,0.00,91,-0.7,-2.6,0.00,0.00,0.00,3,100,100,35,12,6.9,224,219,14.1,18.0,1,3600.00,1022.9,1008.0
2024-12-14T11:00,1.7,0.00,88,-0.1,-1.3,0.00,0.00,0.00,3,100,99,52,84,5.7,237,235,11.2,16.6,1,3600.00,1023.1,1008.2
2024-12-14T12:00,2.7,0.00,83,0.1,-0.6,0.00,0.00,0.00,3,100,95,8,100,8.5,251,252,12.6,19.4,1,3600.00,1022.6,1007.8
2024-12-14T13:00,3.1,0.00,82,0.2,-1.0,0.00,0.00,0.00,3,100,100,0,100,13.2,264,264,19.7,29.5,1,0.00,1022.1,1007.3
2024-12-14T14:00,2.1,0.00,84,-0.3,-1.8,0.00,0.00,0.00,3,100,95,0,100,12.1,263,263,18.7,29.5,1,0.00,1022.3,1007.5
2024-12-14T15:00,1.9,0.00,84,-0.5,-1.8,0.00,0.00,0.00,3,100,47,0,100,10.2,263,262,17.1,27.4,1,0.00,1022.2,1007.3
2024-12-14T16:00,1.6,0.00,84,-0.8,-2.1,0.00,0.00,0.00,3,85,0,0,85,9.8,261,262,18.2,22.3,1,0.00,1022.6,1007.7
2024-12-14T17:00,1.2,0.00,84,-1.2,-2.7,0.00,0.00,0.00,3,99,0,0,99,10.8,258,255,20.8,23.0,0,0.00,1023.3,1008.4
2024-12-14T18:00,1.1,0.00,83,-1.4,-2.8,0.00,0.00,0.00,3,96,3,0,96,11.0,246,240,20.7,24.1,0,0.00,1023.6,1008.7
2024-12-14T19:00,1.0,0.00,85,-1.2,-2.9,0.00,0.00,0.00,3,100,0,11,100,11.1,232,228,21.6,23.4,0,0.00,1024.1,1009.2
2024-12-14T20:00,1.0,0.00,86,-1.0,-3.0,0.00,0.00,0.00,3,100,0,45,100,12.0,244,238,23.1,26.3,0,0.00,1024.6,1009.7
2024-12-14T21:00,1.2,0.00,87,-0.7,-2.8,0.00,0.00,0.00,3,100,70,45,100,12.0,244,238,22.8,26.6,0,0.00,1024.7,1009.8
2024-12-14T22:00,1.2,0.00,89,-0.4,-2.5,0.00,0.00,0.00,3,100,100,59,88,10.4,236,228,20.5,25.6,0,0.00,1024.8,1009.9
2024-12-14T23:00,1.3,0.00,89,-0.2,-2.3,0.00,0.00,0.00,3,100,28,100,100,9.9,235,225,19.7,22.3,0,0.00,1024.9,1010.0
2024-12-15T00:00,1.5,0.20,91,0.1,-2.0,0.20,0.00,0.00,51,100,0,100,100,9.4,242,230,19.3,21.2,0,0.00,1025.4,1010.5
2024-12-15T01:00,1.5,0.10,93,0.5,-1.9,0.10,0.00,0.00,51,100,0,92,98,9.2,240,225,18.9,20.2,0,0.00,1025.6,1010.7
2024-12-15T02:00,2.2,0.10,93,1.2,-1.2,0.10,0.00,0.00,51,100,0,100,100,10.1,248,237,19.2,21.2,0,0.00,1025.8,1010.9
2024-12-15T03:00,2.1,0.20,96,1.6,-1.2,0.20,0.01,0.00,51,100,0,100,100,9.3,239,223,18.4,20.5,0,0.00,1026.3,1011.4
2024-12-15T04:00,2.3,0.10,96,1.7,-1.0,0.10,0.01,0.00,51,100,0,100,84,9.8,242,227,18.9,20.5,0,0.00,1026.8,1011.9
2024-12-15T05:00,2.3,0.00,95,1.6,-1.2,0.00,0.01,0.00,3,100,0,65,100,11.6,243,233,20.8,23.0,0,0.00,1027.4,1012.5
2024-12-15T06:00,2.2,0.00,94,1.4,-1.5,0.00,0.01,0.00,3,100,0,0,100,11.8,246,237,21.2,24.1,0,0.00,1028.2,1013.3
2024-12-15T07:00,2.2,0.00,94,1.4,-1.4,0.00,0.01,0.00,3,100,0,0,100,11.5,240,230,21.0,24.1,0,0.00,1029.0,1014.1
2024-12-15T08:00,2.2,0.00,95,1.5,-1.5,0.00,0.01,0.00,3,100,0,8,100,12.6,230,222,23.1,25.6,0,0.00,1029.6,1014.7
2024-12-15T09:00,2.3,0.00,94,1.4,-1.6,0.00,0.01,0.00,3,99,0,32,99,13.7,228,220,24.3,28.1,1,0.00,1030.5,1015.5
2024-12-15T10:00,2.7,0.00,92,1.5,-1.3,0.00,0.01,0.00,3,100,0,60,100,14.5,224,218,24.6,30.2,1,0.00,1030.9,1016.0
2024-12-15T11:00,3.1,0.10,92,1.9,-0.7,0.10,0.01,0.00,51,100,0,100,100,13.5,222,218,22.3,30.6,1,0.00,1031.5,1016.6
2024-12-15T12:00,3.2,0.30,93,2.2,-0.7,0.30,0.01,0.00,51,100,0,100,100,14.7,227,222,25.3,30.2,1,0.00,1031.7,1016.8
2024-12-15T13:00,3.6,0.20,92,2.5,-0.5,0.20,0.01,0.00,51,100,1,100,100,16.6,235,231,28.3,34.2,1,0.00,1031.7,1016.8
2024-12-15T14:00,4.9,0.00,88,3.0,0.9,0.00,0.00,0.00,3,100,44,88,100,16.3,234,234,26.4,37.4,1,0.00,1032.1,1017.3
2024-12-15T15:00,5.0,0.00,87,2.9,1.2,0.00,0.00,0.00,3,100,5,97,100,14.3,236,234,24.5,34.6,1,0.00,1032.2,1017.4
2024-12-15T16:00,5.1,0.00,86,2.9,1.1,0.00,0.00,0.00,3,100,98,93,100,15.9,235,232,28.2,34.2,1,0.00,1032.5,1017.7
2024-12-15T17:00,5.3,0.00,85,2.9,1.2,0.00,0.00,0.00,3,100,56,85,100,16.5,232,230,29.5,35.6,0,0.00,1032.9,1018.1
2024-12-15T18:00,5.5,0.00,83,2.8,1.3,0.00,0.00,0.00,3,100,42,100,100,17.5,232,230,31.2,38.2,0,0.00,1033.1,1018.3
2024-12-15T19:00,5.4,0.00,82,2.7,1.1,0.00,0.00,0.00,3,100,67,100,100,17.8,234,231,31.5,38.9,0,0.00,1033.7,1018.9
2024-12-15T20:00,5.3,0.00,83,2.6,1.0,0.00,0.00,0.00,3,100,91,25,100,17.7,231,228,31.8,38.2,0,0.00,1034.0,1019.2
2024-12-15T21:00,5.3,0.00,82,2.6,1.1,0.00,0.00,0.00,3,100,100,79,100,17.3,231,228,31.1,38.2,0,0.00,1034.4,1019.6
2024-12-15T22:00,5.4,0.00,83,2.7,1.1,0.00,0.00,0.00,3,100,100,73,100,17.7,234,231,31.9,38.5,0,0.00,1034.7,1019.9
2024-12-15T23:00,5.4,0.00,83,2.7,1.2,0.00,0.00,0.00,3,100,99,97,100,17.7,235,232,31.9,38.9,0,0.00,1034.9,1020.1
2024-12-16T00:00,5.6,0.00,82,2.8,1.4,0.00,0.00,0.00,3,100,100,62,100,17.4,237,235,31.7,38.5,0,0.00,1035.1,1020.3
2024-12-16T01:00,5.6,0.00,83,3.0,1.4,0.00,0.00,0.00,3,100,82,15,100,17.6,237,234,31.9,38.5,0,0.00,1035.1,1020.3
2024-12-16T02:00,5.9,0.00,86,3.7,1.7,0.00,0.00,0.00,3,100,100,29,100,18.1,238,236,32.6,41.0,0,0.00,1035.1,1020.3
2024-12-16T03:00,6.0,0.00,86,3.9,1.8,0.00,0.00,0.00,3,100,62,23,100,18.7,238,235,33.5,40.3,0,0.00,1035.1,1020.3
2024-12-16T04:00,6.2,0.00,87,4.1,2.0,0.00,0.00,0.00,3,100,50,9,100,19.0,236,233,34.1,41.4,0,0.00,1034.9,1020.1
2024-12-16T05:00,6.4,0.00,87,4.4,2.3,0.00,0.00,0.00,3,100,48,3,100,18.7,238,236,33.6,41.4,0,0.00,1034.8,1020.0
2024-12-16T06:00,6.5,0.00,88,4.7,2.4,0.00,0.00,0.00,3,100,14,5,100,19.0,241,240,34.1,41.0,0,0.00,1035.0,1020.2
2024-12-16T07:00,6.6,0.00,89,4.8,2.5,0.00,0.00,0.00,3,100,2,1,100,19.5,241,240,34.9,42.1,0,0.00,1035.3,1020.5
2024-12-16T08:00,6.6,0.00,89,4.9,2.5,0.00,0.00,0.00,3,100,2,0,100,19.2,240,238,34.5,42.5,0,0.00,1035.5,1020.7
2024-12-16T09:00,6.7,0.00,89,4.9,2.7,0.00,0.00,0.00,3,100,7,0,100,18.9,238,236,33.8,41.8,1,0.00,1036.2,1021.4
2024-12-16T10:00,6.9,0.00,88,5.1,3.0,0.00,0.00,0.00,3,100,0,1,100,18.9,236,235,33.2,41.0,1,0.00,1036.4,1021.6
2024-12-16T11:00,7.2,0.00,87,5.3,3.2,0.00,0.00,0.00,3,100,12,0,100,19.3,235,233,32.9,41.4,1,0.00,1036.8,1022.0
2024-12-16T12:00,7.6,0.00,87,5.6,3.7,0.00,0.00,0.00,3,100,18,0,100,19.5,233,232,32.5,44.6,1,0.00,1036.3,1021.5
2024-12-16T13:00,7.4,0.00,88,5.6,3.8,0.00,0.00,0.00,3,100,22,0,100,17.3,230,228,30.5,43.6,1,0.00,1035.7,1020.9
2024-12-16T14:00,8.0,0.00,87,5.9,4.8,0.00,0.00,0.00,3,100,9,0,100,14.8,234,232,26.2,34.9,1,0.00,1035.6,1020.9
2024-12-16T15:00,8.1,0.00,87,6.0,4.7,0.00,0.00,0.00,3,100,0,0,100,16.6,236,233,29.3,40.3,1,0.00,1035.2,1020.5
2024-12-16T16:00,7.9,0.00,88,6.0,4.6,0.00,0.00,0.00,3,100,0,0,100,16.0,233,230,28.4,36.0,1,0.00,1034.8,1020.1
2024-12-16T17:00,7.7,0.00,89,6.0,4.5,0.00,0.00,0.00,3,100,0,0,100,15.0,235,231,27.4,34.2,0,0.00,1034.6,1019.9
2024-12-16T18:00,7.6,0.00,89,6.0,4.5,0.00,0.00,0.00,3,100,0,0,100,14.5,238,235,26.7,32.0,0,0.00,1034.8,1020.1
2024-12-16T19:00,7.6,0.00,90,6.0,4.7,0.00,0.00,0.00,3,100,0,0,100,13.1,236,232,24.8,31.0,0,0.00,1034.8,1020.1
2024-12-16T20:00,7.6,0.00,90,6.0,4.8,0.00,0.00,0.00,3,100,0,0,100,12.5,239,235,23.8,28.1,0,0.00,1034.7,1020.0
2024-12-16T21:00,7.5,0.00,90,6.0,4.7,0.00,0.00,0.00,3,100,11,0,100,12.5,237,233,23.4,27.0,0,0.00,1034.3,1019.6
2024-12-16T22:00,7.4,0.00,91,6.0,4.7,0.00,0.00,0.00,3,100,93,0,100,11.8,243,241,22.8,26.3,0,0.00,1034.1,1019.4
2024-12-16T23:00,7.4,0.00,91,6.0,4.8,0.00,0.00,0.00,3,100,87,0,100,11.0,246,240,21.4,25.2,0,0.00,1034.1,1019.4
2024-12-17T00:00,7.3,0.00,91,6.0,4.7,0.00,0.00,0.00,3,100,61,4,100,10.8,243,238,21.3,23.4,0,0.00,1033.9,1019.2
2024-12-17T01:00,7.3,0.00,91,6.0,4.7,0.00,0.00,0.00,3,100,87,57,100,11.0,246,240,21.0,23.8,0,0.00,1033.6,1018.9
2024-12-17T02:00,6.8,0.00,91,5.5,4.4,0.00,0.00,0.00,3,100,100,75,100,8.6,246,234,17.6,20.9,0,0.00,1033.1,1018.4
2024-12-17T03:00,6.7,0.00,93,5.6,4.3,0.00,0.00,0.00,3,100,29,97,100,8.8,228,215,18.0,18.4,0,0.00,1033.0,1018.2
2024-12-17T04:00,6.6,0.00,93,5.6,4.1,0.00,0.00,0.00,3,100,0,90,96,9.7,222,215,19.5,20.2,0,0.00,1032.6,1017.8
2024-12-17T05:00,6.4,0.00,95,5.6,3.8,0.00,0.00,0.00,3,88,0,1,88,10.7,229,224,20.7,21.6,0,0.00,1032.6,1017.8
2024-12-17T06:00,6.3,0.00,96,5.6,3.6,0.00,0.00,0.00,3,100,0,3,100,10.6,234,228,20.6,23.0,0,0.00,1032.8,1018.0
2024-12-17T07:00,6.4,0.00,95,5.7,3.8,0.00,0.00,0.00,3,100,0,15,100,10.5,229,221,20.2,22.0,0,0.00,1032.7,1017.9
2024-12-17T08:00,6.4,0.00,95,5.6,3.8,0.00,0.00,0.00,3,100,0,22,100,10.0,224,214,19.6,22.0,0,0.00,1032.8,1018.0
2024-12-17T09:00,6.3,0.00,95,5.6,3.9,0.00,0.00,0.00,3,100,0,11,100,9.2,222,213,18.0,20.5,1,0.00,1033.0,1018.2
2024-12-17T10:00,6.8,0.00,93,5.7,4.4,0.00,0.00,0.00,3,100,0,0,100,9.3,232,229,15.4,21.2,1,0.00,1033.0,1018.3
2024-12-17T11:00,7.0,0.00,92,5.8,4.8,0.00,0.00,0.00,3,100,1,0,100,7.8,231,230,12.3,20.5,1,0.00,1032.6,1017.9
2024-12-17T12:00,7.5,0.00,90,5.9,5.3,0.00,0.00,0.00,3,100,99,0,100,7.9,241,240,11.8,18.4,1,0.00,1032.2,1017.5
2024-12-17T13:00,7.9,0.00,88,6.1,5.9,0.00,0.00,0.00,3,100,81,0,100,6.9,243,240,10.1,18.4,1,0.00,1031.5,1016.8
2024-12-17T14:00,7.1,0.00,87,5.1,4.9,0.00,0.00,0.00,3,100,100,0,100,6.7,213,211,9.2,19.1,1,883.35,1031.1,1016.4
2024-12-17T15:00,6.9,0.00,88,5.0,4.6,0.00,0.00,0.00,3,100,100,0,100,7.0,193,190,10.2,17.6,1,0.00,1030.6,1015.9
2024-12-17T16:00,6.6,0.00,89,4.9,4.5,0.00,0.00,0.00,3,100,100,0,100,5.7,172,169,8.9,16.6,1,0.00,1030.3,1015.6
2024-12-17T17:00,6.4,0.00,91,5.0,4.4,0.00,0.00,0.00,3,100,100,0,100,5.4,169,159,10.8,13.0,0,0.00,1030.1,1015.4
2024-12-17T18:00,6.3,0.00,91,5.0,4.2,0.00,0.00,0.00,3,100,100,0,59,5.9,163,142,11.3,12.2,0,0.00,1029.4,1014.7
2024-12-17T19:00,5.8,0.00,94,4.9,3.7,0.00,0.00,0.00,3,100,100,3,61,5.7,158,139,12.3,12.2,0,0.00,1028.9,1014.2
2024-12-17T20:00,5.2,0.00,95,4.4,3.1,0.00,0.00,0.00,3,100,100,25,20,4.9,134,114,12.1,11.5,0,0.00,1028.4,1013.6
2024-12-17T21:00,4.7,0.00,95,4.0,2.4,0.00,0.00,0.00,3,100,100,45,2,5.6,134,121,14.4,10.4,0,0.00,1027.6,1012.8
2024-12-17T22:00,4.8,0.00,95,4.1,2.4,0.00,0.00,0.00,3,100,100,98,0,6.8,151,140,15.9,13.0,0,0.00,1027.1,1012.3
2024-12-17T23:00,4.9,0.00,95,4.2,2.5,0.00,0.00,0.00,3,100,30,100,0,6.9,161,141,14.5,13.7,0,0.00,1026.6,1011.8
2024-12-18T00:00,5.0,0.00,96,4.3,2.4,0.00,0.00,0.00,3,98,13,97,0,8.2,177,151,15.9,16.2,0,0.00,1026.1,1011.4
2024-12-18T01:00,4.9,0.00,95,4.2,2.4,0.00,0.00,0.00,2,66,65,0,0,7.7,186,156,16.1,16.2,0,0.00,1025.3,1010.6
2024-12-18T02:00,4.2,0.00,97,3.8,1.6,0.00,0.00,0.00,3,98,92,72,5,7.6,197,166,18.1,16.2,0,0.00,1025.3,1010.5
2024-12-18T03:00,4.1,0.00,95,3.3,1.2,0.00,0.00,0.00,3,100,99,100,1,9.1,192,159,19.5,18.4,0,0.00,1024.6,1009.8
2024-12-18T04:00,4.4,0.00,93,3.3,1.5,0.00,0.00,0.00,3,100,100,98,3,8.9,199,174,20.0,19.8,0,0.00,1024.2,1009.4
2024-12-18T05:00,4.7,0.00,89,3.0,1.5,0.00,0.00,0.00,3,100,99,100,10,10.3,208,186,22.1,21.2,0,0.00,1023.8,1009.1
2024-12-18T06:00,5.3,0.00,84,2.8,2.0,0.00,0.00,0.00,3,93,51,83,15,11.3,209,188,23.8,24.1,0,0.00,1023.1,1008.4
2024-12-18T07:00,4.8,0.00,84,2.4,1.4,0.00,0.00,0.00,3,99,86,92,11,11.3,212,187,24.7,23.8,0,0.00,1023.0,1008.3
2024-12-18T08:00,5.1,0.00,82,2.3,1.7,0.00,0.00,0.00,2,76,43,57,2,10.8,216,195,24.1,23.8,0,0.00,1022.8,1008.1
2024-12-18T09:00,5.1,0.00,81,2.1,1.9,0.00,0.00,0.00,2,54,2,53,0,9.6,219,194,21.9,23.0,1,0.00,1023.2,1008.5
2024-12-18T10:00,6.3,0.00,75,2.1,2.7,0.00,0.00,0.00,1,33,18,17,1,12.0,204,188,24.3,26.6,1,3600.00,1022.3,1007.7
2024-12-18T11:00,7.7,0.00,72,2.9,4.9,0.00,0.00,0.00,1,28,2,14,22,8.1,212,174,25.2,26.3,1,3600.00,1021.9,1007.4
2024-12-18T12:00,8.8,0.00,68,3.2,6.1,0.00,0.00,0.00,3,100,37,100,8,7.6,222,185,31.2,20.5,1,3600.00,1021.2,1006.7
2024-12-18T13:00,9.4,0.00,63,2.7,5.8,0.00,0.00,0.00,3,86,8,85,0,12.7,223,218,25.9,29.9,1,0.00,1020.1,1005.7
2024-12-18T14:00,10.2,0.00,72,5.4,7.8,0.00,0.00,0.00,1,25,24,1,0,8.7,207,176,25.4,25.6,1,3600.00,1019.5,1005.1
2024-12-18T15:00,11.0,0.00,64,4.4,7.4,0.00,0.00,0.00,3,96,96,0,0,15.6,220,215,29.7,36.0,1,3600.00,1018.8,1004.5
2024-12-18T16:00,10.7,0.00,63,4.1,7.2,0.00,0.00,0.00,3,100,100,9,100,14.7,229,223,29.7,34.6,1,2823.61,1018.8,1004.5
2024-12-18T17:00,11.1,0.00,67,5.3,7.7,0.00,0.00,0.00,3,100,99,0,52,15.6,234,231,30.4,35.6,0,0.00,1018.7,1004.4
2024-12-18T18:00,10.3,0.00,75,6.2,7.5,0.00,0.00,0.00,3,100,96,0,100,12.9,230,223,26.8,34.6,0,0.00,1018.7,1004.3
2024-12-18T19:00,10.5,0.10,79,7.0,8.0,0.10,0.00,0.00,51,100,98,0,100,12.1,228,221,24.6,27.7,0,0.00,1018.8,1004.4
2024-12-18T20:00,10.5,0.10,80,7.2,7.5,0.10,0.00,0.00,51,100,99,0,100,15.2,228,224,28.7,31.7,0,0.00,1018.4,1004.0
2024-12-18T21:00,10.5,0.10,81,7.3,7.5,0.10,0.00,0.00,51,100,44,0,100,15.3,230,226,28.9,33.1,0,0.00,1018.1,1003.8
2024-12-18T22:00,10.4,0.10,80,7.1,7.5,0.10,0.00,0.00,51,100,100,0,100,14.7,226,221,28.0,32.8,0,0.00,1017.2,1002.9
2024-12-18T23:00,10.5,0.00,78,6.7,7.5,0.00,0.00,0.00,3,100,98,0,100,14.7,221,213,28.1,32.8,0,0.00,1015.9,1001.6
2024-12-19T00:00,10.4,0.00,76,6.3,7.4,0.00,0.00,0.00,3,100,99,1,83,14.2,215,210,27.9,32.0,0,0.00,1014.7,1000.4
2024-12-19T01:00,10.3,0.00,76,6.3,7.3,0.00,0.00,0.00,3,100,99,53,29,14.1,213,210,28.2,31.0,0,0.00,1013.5,999.2
2024-12-19T02:00,11.8,0.00,75,7.4,9.0,0.00,0.00,0.00,3,100,100,12,100,14.6,217,214,28.9,34.6,0,0.00,1012.1,997.9
2024-12-19T03:00,12.2,0.00,77,8.2,9.5,0.00,0.00,0.00,3,97,91,28,66,15.4,212,207,29.8,33.8,0,0.00,1011.0,996.8
2024-12-19T04:00,11.7,0.00,82,8.7,9.3,0.00,0.00,0.00,3,86,86,6,5,14.1,208,203,28.7,34.2,0,0.00,1009.2,995.0
2024-12-19T05:00,11.2,0.20,85,8.8,9.0,0.20,0.00,0.00,51,100,100,63,10,13.2,211,208,28.4,31.3,0,0.00,1007.8,993.6
2024-12-19T06:00,11.5,0.00,84,8.8,8.9,0.00,0.00,0.00,3,100,100,100,20,15.3,219,218,30.1,32.4,0,0.00,1006.7,992.6
2024-12-19T07:00,10.2,1.10,94,9.3,7.5,1.10,0.00,0.00,55,100,100,100,39,17.3,221,216,32.8,36.4,0,0.00,1006.3,992.1
2024-12-19T08:00,9.9,1.00,95,9.1,7.2,1.00,0.00,0.00,55,100,100,100,3,16.7,208,201,31.7,37.1,0,0.00,1005.2,991.0
2024-12-19T09:00,9.5,0.70,95,8.8,6.8,0.70,0.00,0.00,53,100,100,100,64,16.3,214,208,31.5,35.6,1,0.00,1004.7,990.5
2024-12-19T10:00,9.9,0.20,93,8.7,7.0,0.20,0.00,0.00,51,99,74,93,70,17.3,219,214,31.1,37.1,1,0.00,1004.1,989.9
2024-12-19T11:00,10.7,0.10,87,8.7,7.8,0.10,0.00,0.00,51,100,100,92,97,17.5,223,219,30.9,38.5,1,0.00,1003.4,989.3
2024-12-19T12:00,11.4,0.20,83,8.6,8.6,0.20,0.00,0.00,51,100,11,34,100,16.8,220,215,29.0,37.4,1,0.00,1002.3,988.2
2024-12-19T13:00,11.8,0.20,81,8.6,8.1,0.20,0.00,0.00,51,84,30,2,77,22.5,229,227,38.0,46.4,1,754.71,1001.2,987.2
2024-12-19T14:00,12.4,0.20,79,8.9,9.1,0.20,0.00,0.00,51,86,6,82,29,20.6,223,219,35.3,52.6,1,1218.67,1000.1,986.1
2024-12-19T15:00,11.5,0.80,83,8.7,7.8,0.80,0.00,0.00,53,100,99,100,93,22.9,234,234,37.8,54.4,1,2899.87,999.2,985.2
2024-12-19T16:00,9.1,0.80,89,7.4,4.4,0.80,0.00,0.00,53,100,57,100,67,27.3,303,302,44.7,55.1,1,0.00,1000.7,986.5
2024-12-19T17:00,7.4,0.40,90,5.9,3.7,0.40,0.00,0.00,51,100,100,100,80,18.7,298,293,31.2,54.7,0,0.00,1003.0,988.7
2024-12-19T18:00,6.6,0.40,90,5.0,2.3,0.40,0.00,0.00,51,100,100,100,43,20.6,286,284,34.3,41.8,0,0.00,1004.8,990.4
2024-12-19T19:00,6.1,0.50,91,4.8,1.9,0.50,0.00,0.00,53,100,95,95,41,20.4,280,278,34.6,43.6,0,0.00,1006.1,991.7
2024-12-19T20:00,5.6,0.10,87,3.6,1.2,0.10,0.00,0.00,51,100,100,96,77,19.8,290,287,33.9,42.1,0,0.00,1008.0,993.5
2024-12-19T21:00,5.3,0.10,83,2.7,1.3,0.10,0.00,0.00,51,78,13,55,47,15.7,294,290,27.5,41.4,0,0.00,1010.6,996.1
2024-12-19T22:00,4.6,0.20,88,2.7,1.0,0.20,0.00,0.00,51,93,0,66,79,13.3,283,279,24.2,33.5,0,0.00,1011.7,997.1
2024-12-19T23:00,4.5,0.00,87,2.6,1.1,0.00,0.00,0.00,3,83,0,70,42,11.9,276,267,21.2,28.4,0,0.00,1012.4,997.8
2024-12-20T00:00,3.9,0.00,88,2.0,0.5,0.00,0.00,0.00,1,40,0,0,39,10.6,267,255,19.6,25.6,0,0.00,1013.2,998.6
2024-12-20T01:00,3.2,0.00,89,1.6,-0.4,0.00,0.00,0.00,3,84,0,4,84,11.7,262,255,22.0,24.5,0,0.00,1014.7,1000.0
2024-12-20T02:00,3.0,0.00,95,2.2,-0.1,0.00,0.00,0.00,2,57,0,36,33,8.8,250,242,19.5,19.1,0,0.00,1015.9,1001.2
2024-12-20T03:00,2.7,0.00,95,2.1,-0.7,0.00,0.00,0.00,2,62,0,30,47,11.4,243,241,23.3,23.0,0,0.00,1017.1,1002.4
2024-12-20T04:00,2.5,0.00,96,1.9,-1.2,0.00,0.00,0.00,3,100,0,98,100,12.5,248,245,24.4,25.6,0,0.00,1017.8,1003.0
2024-12-20T05:00,3.2,0.00,92,2.0,-0.5,0.00,0.00,0.00,3,89,0,19,88,12.5,259,255,22.4,27.0,0,0.00,1018.4,1003.7
2024-12-20T06:00,2.9,0.00,90,1.5,-0.6,0.00,0.00,0.00,2,70,0,4,70,10.9,271,264,20.7,25.9,0,0.00,1018.8,1004.1
2024-12-20T07:00,2.8,0.00,89,1.1,-0.7,0.00,0.00,0.00,2,69,0,0,69,10.6,279,270,21.2,22.7,0,0.00,1019.5,1004.7
2024-12-20T08:00,2.5,0.00,89,0.8,-1.1,0.00,0.00,0.00,3,100,0,0,100,11.0,276,266,22.2,22.7,0,0.00,1020.5,1005.7
2024-12-20T09:00,3.0,0.00,86,1.0,-0.5,0.00,0.00,0.00,3,100,0,0,100,10.6,268,260,20.5,23.4,1,0.00,1021.5,1006.7
2024-12-20T10:00,3.7,0.00,83,1.0,0.0,0.00,0.00,0.00,3,95,0,0,95,11.8,268,263,19.4,25.9,1,1156.77,1022.2,1007.4
2024-12-20T11:00,4.3,0.00,80,1.1,0.8,0.00,0.00,0.00,3,100,0,0,100,10.7,261,257,16.8,26.3,1,2106.07,1022.6,1007.9
2024-12-20T12:00,5.2,0.00,74,0.9,1.1,0.00,0.00,0.00,3,100,0,0,100,14.6,274,275,22.2,32.0,1,2303.17,1022.5,1007.8
2024-12-20T13:00,5.4,0.10,72,0.8,1.3,0.10,0.00,0.00,51,100,0,3,100,14.2,273,271,21.8,32.4,1,0.00,1022.4,1007.7
2024-12-20T14:00,4.8,0.10,81,1.9,1.2,0.10,0.00,0.00,51,81,2,72,54,12.0,263,261,19.0,26.6,1,0.00,1023.3,1008.6
2024-12-20T15:00,4.7,0.00,78,1.3,0.9,0.00,0.00,0.00,2,52,12,3,45,13.3,255,252,22.9,32.4,1,3600.00,1023.4,1008.7
2024-12-20T16:00,4.4,0.00,75,0.4,0.7,0.00,0.00,0.00,3,100,99,2,37,10.8,247,242,19.7,30.6,1,2607.42,1023.7,1009.0
2024-12-20T17:00,3.0,0.00,79,-0.3,-0.6,0.00,0.00,0.00,3,100,100,0,8,9.8,233,224,20.8,22.7,0,0.00,1024.0,1009.2
2024-12-20T18:00,2.5,0.00,79,-0.7,-1.4,0.00,0.00,0.00,3,100,100,0,12,11.1,234,226,22.8,23.0,0,0.00,1024.3,1009.4
2024-12-20T19:00,2.2,0.00,81,-0.7,-1.5,0.00,0.00,0.00,3,100,100,0,9,10.2,232,221,21.1,23.4,0,0.00,1024.3,1009.4
2024-12-20T20:00,2.0,0.00,82,-0.7,-1.6,0.00,0.00,0.00,2,59,59,4,0,9.2,228,215,19.8,21.2,0,0.00,1024.4,1009.5
2024-12-20T21:00,1.5,0.00,85,-0.7,-2.1,0.00,0.00,0.00,3,86,85,15,6,9.7,220,204,20.7,19.1,0,0.00,1024.5,1009.6
2024-12-20T22:00,1.4,0.00,86,-0.7,-2.4,0.00,0.00,0.00,1,40,5,0,37,11.0,221,210,22.7,22.7,0,0.00,1024.8,1009.9
2024-12-20T23:00,1.5,0.00,86,-0.6,-2.3,0.00,0.00,0.00,2,65,16,0,59,11.3,217,207,22.8,23.8,0,0.00,1024.8,1009.9
2024-12-21T00:00,1.5,0.00,86,-0.5,-2.6,0.00,0.00,0.00,3,99,79,21,94,12.9,211,200,25.2,27.0,0,0.00,1024.4,1009.5
2024-12-21T01:00,2.0,0.00,83,-0.6,-2.3,0.00,0.00,0.00,3,100,100,100,100,14.0,212,204,26.1,30.6,0,0.00,1024.0,1009.1
2024-12-21T02:00,3.0,0.00,80,-0.0,-1.0,0.00,0.00,0.00,3,100,100,93,67,13.2,216,210,24.6,29.2,0,0.00,1023.8,1009.0
2024-12-21T03:00,3.2,0.00,80,0.2,-0.8,0.00,0.00,0.00,3,100,90,100,100,13.4,218,212,25.5,29.5,0,0.00,1023.5,1008.7
2024-12-21T04:00,3.5,0.00,81,0.6,-0.7,0.00,0.00,0.00,3,100,80,89,95,14.9,218,214,27.4,32.4,0,0.00,1023.2,1008.4
2024-12-21T05:00,3.7,0.00,81,0.8,-0.4,0.00,0.00,0.00,3,100,3,95,100,14.7,220,216,27.1,33.1,0,0.00,1022.9,1008.1
2024-12-21T06:00,3.9,0.00,81,1.0,-0.2,0.00,0.00,0.00,3,100,0,99,100,14.1,218,212,25.9,32.4,0,0.00,1022.5,1007.7
2024-12-21T07:00,4.0,0.00,80,0.8,-0.1,0.00,0.00,0.00,3,100,0,90,100,14.1,217,211,26.1,31.3,0,0.00,1022.1,1007.4
2024-12-21T08:00,4.0,0.00,78,0.6,0.0,0.00,0.00,0.00,3,97,0,92,76,13.4,218,212,24.8,31.3,0,0.00,1022.0,1007.3
2024-12-21T09:00,3.8,0.10,81,0.8,-0.5,0.10,0.00,0.00,51,100,0,94,100,16.2,215,210,28.9,34.9,1,0.00,1021.6,1006.9
2024-12-21T10:00,3.9,0.00,84,1.4,-0.3,0.00,0.00,0.00,3,100,2,55,100,15.7,223,219,28.3,35.3,1,0.00,1021.4,1006.7
2024-12-21T11:00,4.7,0.00,82,1.9,0.3,0.00,0.00,0.00,3,100,54,88,100,17.2,226,224,29.2,38.5,1,0.00,1021.2,1006.5
2024-12-21T12:00,5.6,0.00,81,2.6,1.8,0.00,0.00,0.00,3,100,87,99,100,14.8,224,220,26.1,47.9,1,0.00,1020.1,1005.5
2024-12-21T13:00,5.5,0.00,83,2.9,1.9,0.00,0.00,0.00,3,100,82,97,100,13.8,218,213,23.8,32.8,1,0.00,1019.6,1005.0
2024-12-21T14:00,5.7,0.00,85,3.4,1.7,0.00,0.00,0.00,3,100,99,80,100,16.3,227,225,28.7,40.7,1,0.00,1019.8,1005.2
2024-12-21T15:00,6.2,0.00,84,3.7,2.4,0.00,0.00,0.00,3,100,91,97,100,15.7,229,226,28.1,36.4,1,0.00,1019.1,1004.5
2024-12-21T16:00,6.4,0.00,83,3.7,2.4,0.00,0.00,0.00,3,100,99,100,100,17.1,228,225,30.3,37.4,1,0.00,1018.6,1004.0
2024-12-21T17:00,6.5,0.00,81,3.5,2.4,0.00,0.00,0.00,3,100,100,100,100,17.4,226,223,30.9,38.5,0,0.00,1018.1,1003.5
2024-12-21T18:00,6.3,0.10,84,3.8,2.1,0.10,0.00,0.00,51,100,100,100,100,18.9,225,223,32.6,40.3,0,0.00,1017.6,1003.0
2024-12-21T19:00,5.7,0.50,91,4.4,1.2,0.50,0.00,0.00,53,100,100,100,66,21.8,227,224,37.4,44.6,0,0.00,1016.9,1002.3
2024-12-21T20:00,5.3,0.80,96,4.7,0.6,0.80,0.00,0.00,53,100,96,100,100,23.5,220,217,40.5,48.6,0,0.00,1016.0,1001.4
2024-12-21T21:00,5.3,0.50,94,4.4,0.4,0.50,0.00,0.00,53,100,97,100,100,24.4,224,222,41.3,50.8,0,0.00,1015.3,1000.7
2024-12-21T22:00,5.4,0.10,93,4.4,0.8,0.10,0.00,0.00,51,100,98,100,100,22.3,225,221,38.7,50.4,0,0.00,1014.0,999.5
2024-12-21T23:00,5.6,0.30,92,4.4,0.6,0.30,0.00,0.00,51,100,100,100,100,25.2,227,225,43.3,53.3,0,0.00,1012.8,998.3
2024-12-22T00:00,5.8,0.20,91,4.4,0.5,0.20,0.00,0.00,51,100,97,59,100,26.6,227,225,44.8,56.5,0,0.00,1011.9,997.4
2024-12-22T01:00,6.0,0.00,90,4.5,1.1,0.00,0.00,0.00,3,100,100,95,100,24.6,224,221,42.4,56.2,0,0.00,1010.5,996.0
2024-12-22T02:00,6.5,0.30,94,5.5,1.7,0.30,0.00,0.00,51,100,100,100,100,25.2,220,217,43.0,53.3,0,0.00,1008.7,994.3
2024-12-22T03:00,6.8,0.40,93,5.8,1.9,0.40,0.00,0.00,51,100,79,100,100,26.2,222,219,45.0,55.4,0,0.00,1007.2,992.8
2024-12-22T04:00,6.7,1.30,96,6.1,2.1,1.30,0.00,0.00,61,100,77,100,100,24.5,223,222,42.3,61.9,0,0.00,1005.9,991.5
2024-12-22T05:00,6.8,1.00,96,6.3,1.9,1.00,0.00,0.00,55,100,100,100,100,27.0,229,227,46.3,60.8,0,0.00,1004.4,990.1
2024-12-22T06:00,7.0,1.50,96,6.4,2.2,1.50,0.00,0.00,61,100,100,100,100,26.5,231,228,45.1,59.8,0,0.00,1003.4,989.1
2024-12-22T07:00,6.9,1.50,96,6.3,2.9,1.50,0.00,0.00,61,100,69,94,100,21.0,228,225,36.8,55.1,0,0.00,1002.6,988.3
2024-12-22T08:00,7.1,1.40,95,6.4,3.1,1.40,0.00,0.00,61,84,72,18,30,21.5,240,238,36.6,43.9,0,0.00,1001.4,987.1
2024-12-22T09:00,6.4,0.00,97,5.9,3.1,0.00,0.00,0.00,2,60,0,9,57,15.8,242,243,28.4,45.7,1,0.00,1001.8,987.5
2024-12-22T10:00,6.7,0.30,86,4.6,2.8,0.30,0.00,0.00,51,100,75,100,28,18.2,251,254,30.5,40.3,1,964.92,1001.7,987.4
2024-12-22T11:00,6.5,0.10,87,4.5,2.4,0.10,0.00,0.00,51,100,100,97,46,18.5,255,254,30.4,42.5,1,0.00,1001.5,987.2
2024-12-22T12:00,6.6,0.20,84,4.1,2.3,0.20,0.00,0.00,51,100,100,99,39,19.8,259,257,31.0,45.4,1,0.00,1001.5,987.2
2024-12-22T13:00,5.5,0.10,79,2.2,0.4,0.10,0.00,0.00,51,100,100,100,21,22.9,267,269,37.7,56.5,1,1571.74,1001.8,987.4
2024-12-22T14:00,5.0,1.50,86,2.9,0.2,1.30,0.00,0.14,71,99,82,95,32,21.5,278,279,34.7,55.4,1,761.56,1002.8,988.4
2024-12-22T15:00,4.3,0.60,86,2.1,0.0,0.50,0.00,0.07,71,100,100,100,36,17.1,274,273,28.0,47.2,1,236.66,1003.8,989.3
2024-12-22T16:00,4.1,0.10,79,0.8,0.2,0.10,0.00,0.00,51,4,0,2,2,13.1,264,258,23.9,38.9,1,173.09,1004.2,989.7
2024-12-22T17:00,2.9,0.00,79,-0.3,-1.0,0.00,0.00,0.00,3,95,92,82,3,12.0,250,244,24.3,27.7,0,0.00,1005.0,990.5
2024-12-22T18:00,1.9,0.70,86,-0.2,-1.9,0.10,0.00,0.42,73,99,98,96,34,11.4,248,247,23.7,28.4,0,0.00,1005.4,990.8
2024-12-22T19:00,2.4,0.10,86,0.3,-1.4,0.00,0.00,0.07,71,85,81,82,0,11.6,243,237,22.5,27.7,0,0.00,1005.7,991.1
2024-12-22T20:00,1.7,0.00,88,-0.1,-1.7,0.00,0.00,0.00,2,65,49,57,9,8.6,255,247,19.6,23.8,0,0.00,1006.4,991.8
2024-12-22T21:00,1.2,0.00,89,-0.5,-2.3,0.00,0.00,0.00,1,21,3,0,18,8.7,257,243,19.6,18.0,0,0.00,1007.0,992.3
2024-12-22T22:00,0.8,0.00,90,-0.6,-2.7,0.00,0.00,0.00,0,16,0,11,6,8.6,253,241,19.5,18.4,0,0.00,1007.5,992.8
2024-12-22T23:00,0.4,0.00,90,-1.0,-3.1,0.00,0.00,0.00,0,1,0,1,0,8.6,253,240,19.6,17.6,0,0.00,1007.8,993.1
2024-12-23T00:00,0.0,0.00,91,-1.3,-3.6,0.00,0.00,0.00,0,0,0,0,0,9.2,242,228,20.6,18.4,0,0.00,1008.4,993.6
2024-12-23T01:00,-0.4,0.00,93,-1.5,-4.1,0.00,0.00,0.00,0,6,0,1,5,8.8,232,213,21.1,18.7,0,0.00,1008.6,993.8
2024-12-23T02:00,0.4,0.00,94,-0.4,-3.6,0.00,0.00,0.00,0,3,0,0,3,12.3,235,226,26.7,25.9,0,0.00,1009.3,994.6
2024-12-23T03:00,0.1,0.00,93,-0.8,-3.6,0.00,0.00,0.00,1,26,1,12,16,9.8,228,212,22.7,25.9,0,0.00,1009.4,994.6
2024-12-23T04:00,0.1,0.00,96,-0.5,-3.5,0.00,0.00,0.00,3,80,0,66,45,10.0,216,200,22.3,20.5,0,0.00,1009.4,994.6
2024-12-23T05:00,0.6,0.00,96,0.1,-3.1,0.00,0.00,0.00,3,85,0,3,85,11.1,215,203,23.3,22.7,0,0.00,1009.2,994.5
2024-12-23T06:00,1.2,0.00,96,0.7,-2.7,0.00,0.00,0.00,3,100,0,0,100,12.3,217,209,23.3,26.3,0,0.00,1009.0,994.3
2024-12-23T07:00,1.3,0.00,96,0.8,-2.3,0.00,0.00,0.00,3,100,0,0,100,10.9,219,214,21.0,25.6,0,0.00,1009.2,994.5
2024-12-23T08:00,1.4,0.00,98,1.0,-1.9,0.00,0.00,0.00,3,100,0,31,100,9.1,225,219,18.6,22.3,0,0.00,1010.1,995.4
2024-12-23T09:00,1.7,0.00,98,1.3,-1.3,0.00,0.00,0.00,3,100,2,48,100,7.3,235,228,14.0,18.4,1,0.00,1011.2,996.5
2024-12-23T10:00,1.9,0.00,96,1.4,-0.7,0.00,0.00,0.00,3,100,0,100,100,5.1,257,238,9.0,14.4,1,0.00,1012.3,997.6
2024-12-23T11:00,2.7,0.10,94,1.8,-0.2,0.10,0.00,0.00,51,100,0,78,100,7.2,292,282,12.0,16.2,1,0.00,1013.1,998.4
2024-12-23T12:00,3.3,0.10,91,2.0,0.2,0.10,0.00,0.00,51,100,0,13,100,8.9,311,310,12.4,20.5,1,0.00,1013.6,998.9
2024-12-23T13:00,4.0,0.00,91,2.7,0.9,0.00,0.00,0.00,3,98,0,51,97,9.7,318,317,13.4,21.6,1,0.00,1013.9,999.3
2024-12-23T14:00,5.5,0.10,83,2.9,2.0,0.10,0.00,0.00,51,51,0,1,51,12.7,316,314,19.7,30.6,1,3600.00,1014.9,1000.3
2024-12-23T15:00,5.3,0.10,82,2.5,1.5,0.10,0.00,0.00,51,21,0,2,20,14.1,318,314,25.1,31.7,1,3600.00,1015.4,1000.8
2024-12-23T16:00,4.6,0.00,81,1.6,0.8,0.00,0.00,0.00,1,47,0,16,38,13.5,316,313,25.3,30.2,1,2968.58,1016.4,1001.8
2024-12-23T17:00,4.1,0.00,84,1.6,0.3,0.00,0.00,0.00,1,43,0,21,30,13.0,311,309,25.1,28.4,0,0.00,1017.3,1002.6
2024-12-23T18:00,2.9,0.30,89,1.2,-0.7,0.30,0.00,0.00,51,45,0,23,32,11.0,303,302,23.7,27.4,0,0.00,1018.4,1003.7
2024-12-23T19:00,3.1,0.00,88,1.3,-0.6,0.00,0.00,0.00,1,49,0,18,41,12.2,300,295,24.8,26.3,0,0.00,1019.3,1004.6
2024-12-23T20:00,2.5,0.20,89,0.9,-1.0,0.20,0.00,0.00,51,63,0,18,59,9.9,297,291,22.5,25.6,0,0.00,1020.1,1005.3
2024-12-23T21:00,2.0,0.10,93,1.0,-1.2,0.10,0.00,0.00,51,100,0,13,100,8.9,298,294,21.5,20.9,0,0.00,1021.0,1006.2
2024-12-23T22:00,2.5,0.00,92,1.4,-0.8,0.00,0.00,0.00,3,100,0,39,100,9.2,297,290,20.6,19.8,0,0.00,1021.7,1006.9
2024-12-23T23:00,2.6,0.10,92,1.4,-0.7,0.10,0.00,0.00,51,85,0,67,76,9.2,292,287,20.4,19.1,0,0.00,1022.3,1007.5
2024-12-24T00:00,2.5,0.10,92,1.4,-0.8,0.10,0.00,0.00,51,98,0,6,98,9.6,297,291,21.6,19.4,0,0.00,1022.8,1008.0
2024-12-24T01:00,2.7,0.00,91,1.4,-0.8,0.00,0.00,0.00,3,98,0,1,98,10.8,288,280,22.8,21.6,0,0.00,1023.2,1008.4
2024-12-24T02:00,1.1,0.00,95,0.5,-1.9,0.00,0.00,0.00,1,44,0,29,29,6.3,291,288,18.8,14.0,0,0.00,1024.1,1009.2
2024-12-24T03:00,0.7,0.00,95,0.1,-2.3,0.00,0.00,0.00,1,43,0,13,41,5.9,300,297,17.4,13.3,0,0.00,1024.8,1009.8
2024-12-24T04:00,0.7,0.00,95,0.1,-2.2,0.00,0.00,0.00,1,35,0,3,34,5.7,313,311,16.9,13.0,0,0.00,1025.2,1010.2
2024-12-24T05:00,0.7,0.00,95,-0.0,-2.4,0.00,0.00,0.00,2,52,0,1,52,6.1,317,315,17.6,13.0,0,0.00,1025.8,1010.8
2024-12-24T06:00,0.8,0.00,95,0.2,-2.0,0.00,0.00,0.00,3,80,4,0,80,5.1,316,306,15.2,13.3,0,0.00,1026.0,1011.0
2024-12-24T07:00,1.1,0.00,95,0.4,-1.4,0.00,0.00,0.00,3,89,14,0,87,2.8,302,255,10.2,10.8,0,0.00,1026.9,1011.9
2024-12-24T08:00,0.7,0.00,97,0.3,-1.8,0.00,0.00,0.00,3,100,86,0,100,3.3,250,193,6.9,7.2,0,0.00,1027.4,1012.4
2024-12-24T09:00,1.2,0.00,98,1.0,-1.7,0.00,0.00,0.00,3,100,39,26,100,6.3,208,175,8.4,10.8,1,0.00,1028.2,1013.2
2024-12-24T10:00,1.8,0.00,97,1.4,-0.8,0.00,0.00,0.00,3,100,83,58,100,4.7,210,196,7.5,12.6,1,0.00,1028.8,1013.8
2024-12-24T11:00,2.7,0.00,94,1.9,0.4,0.00,0.00,0.00,3,100,100,100,100,3.6,227,217,4.2,11.2,1,0.00,1029.5,1014.6
2024-12-24T12:00,3.0,0.00,95,2.3,0.6,0.00,0.00,0.00,3,100,0,100,100,4.6,194,191,5.4,11.2,1,0.00,1029.5,1014.6
2024-12-24T13:00,3.1,0.00,96,2.5,0.5,0.00,0.00,0.00,3,100,0,100,100,6.3,201,200,8.5,14.0,1,0.00,1029.3,1014.4
2024-12-24T14:00,5.1,0.00,86,3.0,2.5,0.00,0.00,0.00,3,100,3,100,55,6.6,222,221,8.9,16.9,1,3600.00,1029.7,1014.9
2024-12-24T15:00,4.8,0.00,88,3.1,2.3,0.00,0.00,0.00,3,100,0,100,60,6.2,213,210,8.8,16.2,1,0.00,1030.1,1015.3
2024-12-24T16:00,4.6,0.00,90,3.2,2.1,0.00,0.00,0.00,3,100,33,100,47,6.2,211,201,11.8,14.0,1,0.00,1030.4,1015.6
2024-12-24T17:00,4.3,0.00,91,2.9,1.7,0.00,0.00,0.00,3,100,8,100,41,6.4,215,196,13.0,12.6,0,0.00,1031.1,1016.2
2024-12-24T18:00,4.1,0.00,90,2.6,1.4,0.00,0.00,0.00,3,100,4,100,15,7.0,209,193,14.4,13.7,0,0.00,1031.5,1016.6
2024-12-24T19:00,4.0,0.00,88,2.2,1.2,0.00,0.00,0.00,3,100,32,100,7,7.4,219,209,15.9,15.5,0,0.00,1032.0,1017.1
2024-12-24T20:00,3.9,0.00,88,2.0,1.1,0.00,0.00,0.00,3,100,51,100,8,6.4,223,207,14.3,15.1,0,0.00,1032.5,1017.6
2024-12-24T21:00,3.8,0.00,88,2.0,1.1,0.00,0.00,0.00,3,100,7,100,10,6.3,207,185,13.4,13.0,0,0.00,1032.9,1018.0
2024-12-24T22:00,3.7,0.00,88,1.9,1.0,0.00,0.00,0.00,3,100,1,100,15,5.8,206,182,12.8,13.0,0,0.00,1033.2,1018.3
2024-12-24T23:00,3.7,0.00,88,1.9,1.2,0.00,0.00,0.00,3,100,0,100,36,4.7,205,171,10.7,11.2,0,0.00,1033.8,1018.9
2024-12-25T00:00,3.6,0.00,89,1.9,1.1,0.00,0.00,0.00,3,100,0,100,87,4.2,204,168,9.8,9.4,0,0.00,1034.0,1019.1
2024-12-25T01:00,3.6,0.00,88,1.8,1.0,0.00,0.00,0.00,3,100,2,100,96,5.5,193,157,10.7,10.4,0,0.00,1034.0,1019.1
2024-12-25T02:00,3.6,0.00,90,2.2,0.8,0.00,0.00,0.00,3,100,0,100,22,7.0,180,151,13.5,13.3,0,0.00,1034.5,1019.6
2024-12-25T03:00,3.6,0.00,90,2.0,0.6,0.00,0.00,0.00,3,100,0,100,89,8.3,168,147,16.0,16.6,0,0.00,1034.9,1020.0
2024-12-25T04:00,3.5,0.00,88,1.6,0.4,0.00,0.00,0.00,3,100,10,100,97,7.9,168,150,16.0,16.6,0,0.00,1034.9,1019.9
2024-12-25T05:00,3.5,0.00,86,1.3,0.7,0.00,0.00,0.00,3,100,0,100,100,6.2,178,154,13.7,15.8,0,0.00,1035.0,1020.0
2024-12-25T06:00,3.6,0.00,84,1.2,0.9,0.00,0.00,0.00,3,100,0,100,100,4.8,180,143,10.4,12.2,0,0.00,1035.3,1020.3
2024-12-25T07:00,3.5,0.00,83,1.0,0.7,0.00,0.00,0.00,3,100,0,79,100,5.9,175,137,11.2,11.5,0,0.00,1035.4,1020.4
2024-12-25T08:00,3.5,0.00,83,0.9,0.7,0.00,0.00,0.00,3,100,0,10,100,5.8,169,129,10.4,11.9,0,0.00,1035.6,1020.6
2024-12-25T09:00,3.6,0.00,83,1.0,0.8,0.00,0.00,0.00,2,77,9,13,71,5.6,158,117,8.7,11.2,1,0.00,1036.1,1021.1
2024-12-25T10:00,4.4,0.00,82,1.7,1.7,0.00,0.00,0.00,3,100,1,36,100,5.6,147,117,8.8,11.2,1,62.99,1036.4,1021.5
2024-12-25T11:00,5.1,0.00,79,1.7,2.6,0.00,0.00,0.00,3,99,6,57,98,4.5,141,130,8.3,11.5,1,0.00,1036.7,1021.8
2024-12-25T12:00,5.8,0.00,73,1.3,3.2,0.00,0.00,0.00,3,99,98,2,65,4.4,145,145,6.3,12.2,1,0.00,1036.5,1021.6
2024-12-25T13:00,6.5,0.00,69,1.2,4.0,0.00,0.00,0.00,3,83,26,7,77,4.0,142,144,5.5,12.6,1,3600.00,1036.5,1021.7
2024-12-25T14:00,6.3,0.00,71,1.4,3.5,0.00,0.00,0.00,3,100,0,13,100,5.7,153,152,7.9,14.4,1,519.78,1036.8,1022.0
2024-12-25T15:00,6.4,0.00,69,1.2,3.8,0.00,0.00,0.00,3,96,0,6,96,4.5,137,137,6.4,14.0,1,779.38,1036.8,1022.0
2024-12-25T16:00,5.7,0.00,77,1.9,3.4,0.00,0.00,0.00,3,100,0,1,100,3.2,119,124,7.4,10.4,1,0.00,1037.0,1022.1
2024-12-25T17:00,5.3,0.00,79,2.0,2.8,0.00,0.00,0.00,3,100,0,0,100,4.7,106,108,10.3,9.7,0,0.00,1037.2,1022.3
2024-12-25T18:00,5.0,0.00,81,2.1,2.5,0.00,0.00,0.00,3,100,0,0,100,5.2,101,102,11.4,11.2,0,0.00,1037.2,1022.3
2024-12-25T19:00,4.8,0.00,83,2.1,2.2,0.00,0.00,0.00,3,100,0,0,100,5.3,101,100,11.9,11.2,0,0.00,1037.3,1022.4
2024-12-25T20:00,4.8,0.00,81,1.9,2.2,0.00,0.00,0.00,3,100,0,0,100,5.4,100,94,12.3,11.5,0,0.00,1037.2,1022.3
2024-12-25T21:00,4.9,0.00,80,1.7,2.3,0.00,0.00,0.00,3,99,0,0,99,5.1,95,86,11.6,11.5,0,0.00,1037.1,1022.2
2024-12-25T22:00,4.9,0.00,79,1.6,2.3,0.00,0.00,0.00,3,96,0,0,96,4.8,88,75,11.5,11.2,0,0.00,1037.2,1022.3
2024-12-25T23:00,4.8,0.00,80,1.6,2.3,0.00,0.00,0.00,3,97,0,0,97,4.4,80,60,10.6,10.4,0,0.00,1037.3,1022.4
2024-12-26T00:00,4.8,0.00,80,1.6,2.3,0.00,0.00,0.00,3,97,0,0,97,4.4,75,60,10.8,9.7,0,0.00,1037.3,1022.4
2024-12-26T01:00,4.7,0.00,79,1.4,2.1,0.00,0.00,0.00,3,88,0,0,88,4.5,80,67,12.1,10.1,0,0.00,1037.1,1022.2
2024-12-26T02:00,2.9,0.00,82,0.2,0.2,0.00,0.00,0.00,1,48,0,0,48,4.0,79,72,10.8,8.6,0,0.00,1037.4,1022.4
2024-12-26T03:00,2.1,0.00,82,-0.7,-0.9,0.00,0.00,0.00,1,27,0,0,27,5.4,94,96,14.4,11.5,0,0.00,1037.5,1022.4
2024-12-26T04:00,1.5,0.00,80,-1.6,-1.7,0.00,0.00,0.00,1,21,0,0,21,5.8,96,94,16.1,12.2,0,0.00,1037.4,1022.3
2024-12-26T05:00,1.2,0.00,79,-2.0,-2.1,0.00,0.00,0.00,0,15,0,0,15,6.0,91,85,16.2,12.6,0,0.00,1037.5,1022.4
2024-12-26T06:00,0.9,0.00,80,-2.2,-2.6,0.00,0.00,0.00,0,11,0,0,11,7.2,92,87,18.0,15.1,0,0.00,1037.2,1022.1
2024-12-26T07:00,0.5,0.00,82,-2.3,-2.9,0.00,0.00,0.00,0,3,0,0,3,6.4,86,80,16.8,15.1,0,0.00,1037.2,1022.1
2024-12-26T08:00,-0.0,0.00,84,-2.5,-3.4,0.00,0.00,0.00,0,0,0,0,0,5.7,84,77,15.2,13.7,0,0.00,1037.5,1022.3
2024-12-26T09:00,0.1,0.00,83,-2.4,-3.3,0.00,0.00,0.00,0,0,0,0,0,6.3,81,72,15.3,13.0,1,2.72,1037.8,1022.6
2024-12-26T10:00,1.9,0.00,77,-1.7,-1.5,0.00,0.00,0.00,0,0,0,0,0,6.7,81,63,15.3,14.0,1,3564.67,1038.1,1023.0
2024-12-26T11:00,4.1,0.00,70,-0.9,1.2,0.00,0.00,0.00,0,0,0,0,0,4.4,82,58,14.7,14.4,1,3600.00,1037.9,1022.9
2024-12-26T12:00,6.0,0.00,60,-1.1,3.0,0.00,0.00,0.00,0,0,0,0,0,4.5,85,83,9.8,13.0,1,3600.00,1037.2,1022.3
2024-12-26T13:00,7.1,0.00,56,-1.1,3.9,0.00,0.00,0.00,0,0,0,0,0,6.1,88,88,9.5,15.5,1,3600.00,1036.5,1021.7
2024-12-26T14:00,6.2,0.00,57,-1.7,3.3,0.00,0.00,0.00,0,0,0,0,0,4.0,74,72,7.3,12.6,1,3600.00,1036.6,1021.8
2024-12-26T15:00,5.0,0.00,65,-0.9,2.3,0.00,0.00,0.00,0,0,0,0,0,3.2,68,34,9.9,10.4,1,3600.00,1036.3,1021.4
2024-12-26T16:00,2.7,0.00,67,-2.9,-0.4,0.00,0.00,0.00,0,0,0,0,0,3.7,75,39,11.2,8.3,1,3100.49,1036.3,1021.3
2024-12-26T17:00,1.2,0.00,71,-3.5,-2.1,0.00,0.00,0.00,0,0,0,0,0,4.9,85,62,13.9,10.4,0,0.00,1036.3,1021.2
2024-12-26T18:00,0.3,0.00,76,-3.5,-3.2,0.00,0.00,0.00,0,0,0,0,0,6.1,84,67,15.9,13.0,0,0.00,1036.4,1021.3
2024-12-26T19:00,-0.3,0.00,79,-3.6,-4.0,0.00,0.00,0.00,0,0,0,0,0,6.9,85,70,17.7,14.4,0,0.00,1036.7,1021.5
2024-12-26T20:00,-0.5,0.00,80,-3.6,-4.2,0.00,0.00,0.00,0,0,0,0,0,7.0,87,72,17.8,15.1,0,0.00,1037.0,1021.8
2024-12-26T21:00,-0.6,0.00,80,-3.6,-4.3,0.00,0.00,0.00,0,0,0,0,0,7.1,89,75,18.4,15.1,0,0.00,1036.7,1021.5
2024-12-26T22:00,-0.7,0.00,80,-3.6,-4.3,0.00,0.00,0.00,0,0,0,0,0,7.1,91,75,19.1,15.5,0,0.00,1036.6,1021.4
2024-12-26T23:00,-0.8,0.00,81,-3.7,-4.3,0.00,0.00,0.00,0,0,0,0,0,5.9,89,67,17.3,15.1,0,0.00,1036.4,1021.2
2024-12-27T00:00,-1.1,0.00,82,-3.8,-4.5,0.00,0.00,0.00,0,0,0,0,0,5.2,85,59,15.4,13.3,0,0.00,1036.2,1021.0
2024-12-27T01:00,-1.4,0.00,81,-4.2,-4.8,0.00,0.00,0.00,0,0,0,0,0,5.1,83,54,14.2,12.2,0,0.00,1035.9,1020.7
2024-12-27T02:00,-0.6,0.00,81,-3.4,-3.9,0.00,0.00,0.00,0,0,0,0,0,4.6,83,54,14.0,11.2,0,0.00,1035.7,1020.5
2024-12-27T03:00,-0.8,0.00,81,-3.7,-4.2,0.00,0.00,0.00,0,0,0,0,0,4.8,88,63,14.6,11.2,0,0.00,1035.7,1020.5
2024-12-27T04:00,-0.9,0.00,81,-3.8,-4.4,0.00,0.00,0.00,0,0,0,0,0,5.8,89,64,16.6,12.6,0,0.00,1035.3,1020.1
2024-12-27T05:00,-0.8,0.00,80,-3.9,-4.4,0.00,0.00,0.00,0,0,0,0,0,6.1,91,66,17.6,13.3,0,0.00,1035.3,1020.1
2024-12-27T06:00,-0.8,0.00,78,-4.1,-4.4,0.00,0.00,0.00,0,13,13,0,0,5.8,92,64,17.3,13.7,0,0.00,1035.3,1020.1
2024-12-27T07:00,-0.9,0.00,78,-4.3,-4.4,0.00,0.00,0.00,0,9,9,0,0,5.4,89,53,15.5,12.6,0,0.00,1035.4,1020.2
2024-12-27T08:00,-1.1,0.00,79,-4.4,-4.5,0.00,0.00,0.00,0,15,15,0,0,4.6,89,54,14.4,11.5,0,0.00,1035.6,1020.4
2024-12-27T09:00,-0.9,0.00,78,-4.2,-4.2,0.00,0.00,0.00,0,1,1,0,0,4.1,97,75,14.2,10.1,1,3.66,1035.6,1020.4
2024-12-27T10:00,1.0,0.00,72,-3.5,-2.3,0.00,0.00,0.00,0,2,2,0,0,5.1,102,86,13.5,11.5,1,3553.63,1035.6,1020.5
2024-12-27T11:00,2.9,0.00,66,-2.7,0.1,0.00,0.00,0.00,0,9,9,0,0,2.3,98,67,11.3,11.2,1,3600.00,1035.4,1020.4
2024-12-27T12:00,4.3,0.00,61,-2.5,1.4,0.00,0.00,0.00,0,12,12,0,0,2.3,79,51,4.8,8.6,1,3600.00,1034.9,1020.0
2024-12-27T13:00,5.0,0.00,60,-2.1,2.3,0.00,0.00,0.00,0,13,13,0,0,1.8,30,6,2.9,8.3,1,3600.00,1034.2,1019.3
2024-12-27T14:00,5.0,0.00,54,-3.5,2.4,0.00,0.00,0.00,1,31,31,0,0,0.2,56,270,0.6,6.5,1,3600.00,1034.0,1019.1
2024-12-27T15:00,3.9,0.00,60,-3.1,1.2,0.00,0.00,0.00,1,44,44,0,0,0.7,166,256,1.5,4.0,1,3600.00,1033.8,1018.9
2024-12-27T16:00,1.7,0.00,73,-2.6,-1.0,0.00,0.00,0.00,3,96,96,0,0,1.5,211,284,3.1,3.6,1,3151.16,1033.8,1018.8
2024-12-27T17:00,0.3,0.00,81,-2.6,-2.4,0.00,0.00,0.00,3,95,95,0,0,1.5,247,300,5.9,3.2,0,0.00,1034.1,1019.0
2024-12-27T18:00,0.0,0.00,84,-2.4,-2.6,0.00,0.00,0.00,3,97,97,0,0,1.0,252,202,5.9,3.2,0,0.00,1034.2,1019.1
2024-12-27T19:00,-0.6,0.00,87,-2.6,-3.4,0.00,0.00,0.00,3,96,96,0,0,1.6,232,153,4.4,4.0,0,0.00,1034.2,1019.0
2024-12-27T20:00,-1.3,0.00,87,-3.2,-4.1,0.00,0.00,0.00,3,82,82,0,0,1.6,196,117,1.3,4.0,0,0.00,1034.3,1019.1
2024-12-27T21:00,-1.6,0.00,86,-3.7,-4.6,0.00,0.00,0.00,1,48,48,0,0,2.2,108,99,2.8,4.7,0,0.00,1034.1,1018.9
2024-12-27T22:00,-1.9,0.00,85,-4.1,-4.9,0.00,0.00,0.00,0,15,15,0,0,2.3,111,90,4.4,5.0,0,0.00,1033.9,1018.7
2024-12-27T23:00,-2.1,0.00,84,-4.5,-5.2,0.00,0.00,0.00,0,0,0,0,0,2.7,120,90,5.4,5.8,0,0.00,1033.7,1018.5
2024-12-28T00:00,-2.3,0.00,84,-4.6,-5.5,0.00,0.00,0.00,0,0,0,0,0,2.7,121,86,4.6,6.1,0,0.00,1033.6,1018.3
2024-12-28T01:00,-2.7,0.00,85,-4.8,-5.8,0.00,0.00,0.00,0,0,0,0,0,2.3,107,86,3.8,5.4,0,0.00,1033.2,1017.9
2024-12-28T02:00,-2.2,0.00,90,-3.6,-5.3,0.00,0.00,0.00,0,0,0,0,0,3.2,135,117,5.9,6.1,0,0.00,1033.5,1018.3
2024-12-28T03:00,-2.3,0.00,89,-3.9,-5.4,0.00,0.00,0.00,0,0,0,0,0,2.8,127,101,5.7,5.8,0,0.00,1033.4,1018.2
2024-12-28T04:00,-2.4,0.00,89,-4.0,-5.5,0.00,0.00,0.00,0,0,0,0,0,3.0,124,104,7.1,5.4,0,0.00,1033.3,1018.0
2024-12-28T05:00,-2.6,0.00,89,-4.1,-5.6,0.00,0.00,0.00,0,0,0,0,0,2.3,131,122,6.9,5.4,0,0.00,1032.9,1017.6
2024-12-28T06:00,-2.8,0.00,90,-4.2,-5.9,0.00,0.00,0.00,0,0,0,0,0,2.7,134,132,7.8,5.0,0,0.00,1032.7,1017.4
2024-12-28T07:00,-3.2,0.00,91,-4.4,-6.3,0.00,0.00,0.00,0,0,0,0,0,3.0,140,147,8.0,5.4,0,0.00,1032.7,1017.4
2024-12-28T08:00,-3.4,0.00,92,-4.5,-6.5,0.00,0.00,0.00,0,0,0,0,0,2.9,143,137,7.8,5.4,0,0.00,1032.9,1017.6
2024-12-28T09:00,-2.9,0.00,92,-4.1,-6.0,0.00,0.00,0.00,0,1,0,0,1,2.9,144,133,7.7,5.4,1,0.00,1033.1,1017.8
2024-12-28T10:00,-1.1,0.00,83,-3.6,-4.3,0.00,0.00,0.00,0,2,0,0,2,3.7,148,141,8.1,9.4,1,3545.95,1033.0,1017.8
2024-12-28T11:00,0.7,0.00,75,-3.2,-2.3,0.00,0.00,0.00,0,3,0,0,3,2.7,153,172,5.9,10.1,1,3600.00,1032.8,1017.7
2024-12-28T12:00,2.0,0.00,70,-2.9,-0.8,0.00,0.00,0.00,0,2,0,0,2,2.2,197,215,3.0,10.8,1,3600.00,1032.3,1017.3
2024-12-28T13:00,2.7,0.00,67,-2.8,-0.1,0.00,0.00,0.00,0,2,0,0,2,2.1,228,239,2.4,10.8,1,3600.00,1031.4,1016.5
2024-12-28T14:00,0.9,0.00,78,-2.5,-1.9,0.00,0.00,0.00,1,48,0,0,48,2.2,205,215,3.0,11.2,1,3600.00,1031.9,1016.9
2024-12-28T15:00,0.9,0.00,78,-2.4,-1.8,0.00,0.00,0.00,1,44,0,0,44,1.9,184,202,2.5,9.4,1,3600.00,1031.8,1016.8
2024-12-28T16:00,-0.4,0.00,87,-2.3,-3.2,0.00,0.00,0.00,1,34,0,0,34,2.3,166,209,5.4,7.2,1,3204.95,1031.9,1016.8
2024-12-28T17:00,-1.2,0.00,89,-2.9,-3.9,0.00,0.00,0.00,0,7,0,0,7,1.1,156,171,6.7,4.3,0,0.00,1031.6,1016.4
2024-12-28T18:00,-1.4,0.00,89,-3.0,-4.3,0.00,0.00,0.00,0,3,0,0,3,1.9,169,146,8.3,4.0,0,0.00,1031.3,1016.1
2024-12-28T19:00,-1.5,0.00,88,-3.2,-4.4,0.00,0.00,0.00,0,4,0,0,4,1.8,181,127,7.2,4.7,0,0.00,1031.5,1016.3
2024-12-28T20:00,-1.7,0.00,88,-3.4,-4.7,0.00,0.00,0.00,0,2,0,0,2,3.1,182,111,6.7,5.4,0,0.00,1031.4,1016.2
2024-12-28T21:00,-1.8,0.00,87,-3.6,-5.0,0.00,0.00,0.00,0,1,0,0,1,3.9,171,112,7.3,6.5,0,0.00,1031.3,1016.1
2024-12-28T22:00,-1.9,0.00,87,-3.8,-5.1,0.00,0.00,0.00,0,0,0,0,0,3.8,172,115,7.6,6.5,0,0.00,1031.0,1015.8
2024-12-28T23:00,-2.0,0.00,87,-4.0,-5.3,0.00,0.00,0.00,0,0,0,0,0,4.2,167,115,8.5,7.2,0,0.00,1030.7,1015.5
2024-12-29T00:00,-2.2,0.00,86,-4.2,-5.4,0.00,0.00,0.00,0,0,0,0,0,3.3,170,112,7.5,7.2,0,0.00,1030.8,1015.6
2024-12-29T01:00,-2.3,0.00,86,-4.3,-5.3,0.00,0.00,0.00,0,0,0,0,0,1.9,187,119,6.2,5.8,0,0.00,1030.6,1015.4
2024-12-29T02:00,-2.4,0.00,92,-3.6,-5.9,0.00,0.00,0.00,0,8,0,0,8,5.5,190,144,12.1,11.5,0,0.00,1031.1,1015.9
2024-12-29T03:00,-2.4,0.00,93,-3.4,-6.0,0.00,0.00,0.00,1,32,0,0,32,6.9,188,152,13.6,13.0,0,0.00,1031.1,1015.9
2024-12-29T04:00,-2.8,0.00,95,-3.5,-6.3,0.00,0.00,0.00,2,72,0,0,72,5.9,197,166,14.3,13.3,0,0.00,1031.1,1015.9
2024-12-29T05:00,-2.9,0.00,96,-3.5,-6.2,0.00,0.00,0.00,3,80,0,0,80,4.7,209,176,13.0,12.6,0,0.00,1031.0,1015.8
2024-12-29T06:00,-3.1,0.00,96,-3.6,-6.3,0.00,0.00,0.00,3,89,0,0,89,4.2,218,185,11.9,10.4,0,0.00,1030.9,1015.6
2024-12-29T07:00,-2.8,0.00,95,-3.5,-6.0,0.00,0.00,0.00,3,100,0,0,100,3.6,224,177,10.6,9.4,0,0.00,1031.1,1015.9
2024-12-29T08:00,-1.1,0.00,95,-1.8,-4.1,0.00,0.00,0.00,3,100,0,0,100,4.3,224,180,10.7,10.1,0,0.00,1031.6,1016.4
2024-12-29T09:00,-0.5,0.00,96,-1.0,-3.7,0.00,0.00,0.00,3,98,0,0,98,6.3,216,195,13.4,13.0,1,0.00,1031.8,1016.7
2024-12-29T10:00,0.2,0.00,94,-0.6,-3.2,0.00,0.00,0.00,3,91,0,0,91,8.3,227,219,14.5,18.0,1,0.00,1032.4,1017.3
2024-12-29T11:00,0.7,0.00,87,-1.2,-3.0,0.00,0.00,0.00,3,100,0,0,100,9.0,242,241,12.8,20.9,1,504.94,1032.5,1017.4
2024-12-29T12:00,0.9,0.00,86,-1.2,-2.7,0.00,0.00,0.00,3,100,0,0,100,8.9,239,238,12.7,21.2,1,0.00,1032.3,1017.2
2024-12-29T13:00,1.1,0.00,83,-1.4,-2.6,0.00,0.00,0.00,3,100,0,0,100,9.3,236,234,13.6,22.0,1,0.00,1031.7,1016.7
2024-12-29T14:00,0.5,0.00,93,-0.5,-2.8,0.00,0.00,0.00,3,100,0,0,100,7.5,239,237,11.5,17.3,1,0.00,1032.1,1017.0
2024-12-29T15:00,0.9,0.00,89,-0.7,-2.5,0.00,0.00,0.00,3,100,0,0,100,8.2,247,248,12.7,19.4,1,0.00,1032.1,1017.1
2024-12-29T16:00,0.9,0.00,88,-0.8,-2.2,0.00,0.00,0.00,3,100,0,0,100,6.2,239,234,12.6,17.6,1,0.00,1032.5,1017.4
2024-12-29T17:00,0.6,0.00,90,-0.8,-2.7,0.00,0.00,0.00,3,100,0,0,100,7.0,238,226,14.1,14.4,0,0.00,1032.7,1017.6
2024-12-29T18:00,0.4,0.00,91,-0.8,-2.7,0.00,0.00,0.00,3,100,0,0,100,6.1,250,238,13.4,15.5,0,0.00,1032.6,1017.5
2024-12-29T19:00,0.3,0.00,93,-0.8,-2.7,0.00,0.00,0.00,3,100,0,0,100,4.8,255,255,12.1,13.7,0,0.00,1032.7,1017.6
2024-12-29T20:00,-0.0,0.00,95,-0.8,-2.9,0.00,0.00,0.00,3,100,0,0,100,4.3,249,255,11.4,10.8,0,0.00,1033.2,1018.1
2024-12-29T21:00,-0.1,0.00,95,-0.8,-3.0,0.00,0.00,0.00,3,100,0,0,100,4.6,252,252,10.8,10.1,0,0.00,1033.4,1018.3
2024-12-29T22:00,-0.1,0.00,95,-0.8,-3.0,0.00,0.00,0.00,3,100,0,0,100,4.5,258,256,10.1,9.4,0,0.00,1033.4,1018.3
2024-12-29T23:00,-0.3,0.00,96,-0.9,-3.1,0.00,0.00,0.00,3,100,0,0,100,3.6,265,279,8.8,9.0,0,0.00,1033.8,1018.7
2024-12-30T00:00,-0.4,0.00,96,-0.9,-3.1,0.00,0.00,0.00,3,100,0,0,100,2.9,257,263,8.1,7.6,0,0.00,1033.9,1018.8
2024-12-30T01:00,-0.4,0.00,96,-1.0,-3.1,0.00,0.00,0.00,3,100,0,0,100,2.8,266,288,7.9,6.5,0,0.00,1033.7,1018.6
2024-12-30T02:00,-0.9,0.00,92,-2.0,-3.8,0.00,0.00,0.00,3,100,0,0,100,3.3,309,338,4.9,8.3,0,0.00,1034.1,1018.9
2024-12-30T03:00,-0.9,0.00,91,-2.2,-3.8,0.00,0.00,0.00,3,100,0,0,100,3.3,331,347,4.5,8.3,0,0.00,1034.1,1018.9
2024-12-30T04:00,-1.0,0.00,91,-2.3,-3.9,0.00,0.00,0.00,3,100,0,0,100,3.1,360,10,3.6,7.9,0,0.00,1034.0,1018.8
2024-12-30T05:00,-1.0,0.00,91,-2.3,-3.8,0.00,0.00,0.00,3,100,0,0,100,2.3,149,51,1.0,7.2,0,0.00,1033.8,1018.6
2024-12-30T06:00,-0.7,0.00,90,-2.2,-3.3,0.00,0.00,0.00,3,100,0,0,100,1.1,204,81,3.9,5.4,0,0.00,1033.7,1018.5
2024-12-30T07:00,-0.5,0.00,90,-2.0,-3.3,0.00,0.00,0.00,3,100,0,0,100,2.6,211,155,8.0,5.4,0,0.00,1033.7,1018.5
2024-12-30T08:00,-0.4,0.00,93,-1.3,-3.1,0.00,0.00,0.00,3,100,0,0,100,2.9,221,176,8.6,6.1,0,0.00,1034.0,1018.9
2024-12-30T09:00,-0.1,0.00,95,-0.8,-3.1,0.00,0.00,0.00,3,100,0,0,100,5.2,222,205,9.4,9.7,1,0.00,1034.3,1019.2
2024-12-30T10:00,0.2,0.00,91,-1.1,-3.2,0.00,0.00,0.00,3,100,0,0,100,7.6,217,214,11.4,16.9,1,0.00,1034.5,1019.4
2024-12-30T11:00,0.6,0.00,88,-1.1,-2.9,0.00,0.00,0.00,3,100,0,0,100,8.1,212,211,11.5,19.8,1,0.00,1034.5,1019.4
2024-12-30T12:00,1.1,0.00,85,-1.2,-2.3,0.00,0.00,0.00,3,100,0,0,100,7.9,208,207,10.8,20.9,1,1091.21,1034.0,1018.9
2024-12-30T13:00,1.2,0.00,85,-1.1,-2.0,0.00,0.00,0.00,3,100,0,0,100,6.5,205,204,8.9,19.8,1,906.66,1033.2,1018.2
2024-12-30T14:00,0.1,0.00,89,-1.4,-3.2,0.00,0.00,0.00,3,100,0,0,100,6.4,206,205,9.0,18.0,1,36.49,1033.5,1018.4
2024-12-30T15:00,0.2,0.00,89,-1.5,-3.0,0.00,0.00,0.00,3,100,0,0,100,5.7,202,198,8.3,15.8,1,0.00,1033.1,1018.0
2024-12-30T16:00,-0.0,0.00,90,-1.5,-3.2,0.00,0.00,0.00,3,100,7,0,100,5.6,198,195,8.1,14.4,1,0.00,1033.0,1017.9
2024-12-30T17:00,-0.3,0.00,91,-1.5,-3.4,0.00,0.00,0.00,3,100,84,0,100,5.1,185,174,9.6,12.6,0,0.00,1033.2,1018.1
2024-12-30T18:00,-0.4,0.00,91,-1.6,-3.6,0.00,0.00,0.00,3,99,0,0,99,5.9,188,180,10.7,13.0,0,0.00,1033.1,1018.0
2024-12-30T19:00,-0.4,0.00,90,-1.8,-3.6,0.00,0.00,0.00,3,97,0,0,97,5.6,196,184,11.1,12.6,0,0.00,1033.1,1018.0
2024-12-30T20:00,-0.6,0.00,91,-1.9,-3.9,0.00,0.00,0.00,3,98,0,0,98,6.1,198,182,12.3,11.9,0,0.00,1033.0,1017.9
2024-12-30T21:00,-0.6,0.00,91,-1.9,-4.0,0.00,0.00,0.00,3,100,0,0,100,6.8,197,180,13.4,14.0,0,0.00,1033.0,1017.9
2024-12-30T22:00,-0.8,0.00,92,-1.9,-4.3,0.00,0.00,0.00,3,100,0,0,100,7.4,197,183,13.9,15.1,0,0.00,1033.1,1017.9
2024-12-30T23:00,-0.9,0.00,93,-1.9,-4.4,0.00,0.00,0.00,3,100,0,0,100,7.6,190,176,13.5,15.5,0,0.00,1033.2,1018.0
2024-12-31T00:00,-1.1,0.00,94,-1.9,-4.6,0.00,0.00,0.00,3,100,0,0,100,7.8,185,172,13.7,15.8,0,0.00,1033.2,1018.0
2024-12-31T01:00,-1.1,0.00,94,-1.9,-4.7,0.00,0.00,0.00,3,100,0,0,100,7.6,187,175,13.4,16.6,0,0.00,1032.8,1017.6
2024-12-31T02:00,-0.9,0.00,96,-1.4,-4.3,0.00,0.00,0.00,3,100,0,0,100,7.6,185,162,15.9,18.0,0,0.00,1032.9,1017.7
2024-12-31T03:00,-0.9,0.00,97,-1.3,-4.4,0.00,0.00,0.00,3,100,0,0,100,7.5,185,153,15.7,16.6,0,0.00,1032.8,1017.6
2024-12-31T04:00,-0.9,0.00,97,-1.3,-4.3,0.00,0.00,0.00,3,100,0,0,100,7.2,187,152,14.7,15.8,0,0.00,1032.7,1017.5
2024-12-31T05:00,-0.9,0.00,97,-1.3,-4.3,0.00,0.00,0.00,3,100,0,0,100,7.2,192,161,14.2,15.5,0,0.00,1032.4,1017.2
2024-12-31T06:00,-1.0,0.00,98,-1.3,-4.5,0.00,0.00,0.00,3,100,0,0,100,7.9,189,168,15.3,16.6,0,0.00,1032.2,1017.0
2024-12-31T07:00,-1.0,0.00,97,-1.4,-4.6,0.00,0.00,0.00,3,100,0,0,100,8.5,188,167,16.5,18.0,0,0.00,1032.0,1016.8
2024-12-31T08:00,-1.1,0.00,97,-1.5,-4.7,0.00,0.00,0.00,3,100,0,0,100,8.6,181,160,15.8,18.4,0,0.00,1032.0,1016.8
2024-12-31T09:00,-1.2,0.00,97,-1.6,-4.8,0.00,0.00,0.00,3,100,0,0,100,8.6,185,168,15.5,18.7,1,0.00,1032.2,1017.0
2024-12-31T10:00,-0.6,0.00,91,-1.9,-4.4,0.00,0.00,0.00,3,96,0,0,96,9.4,192,185,13.8,22.3,1,517.59,1032.3,1017.2
2024-12-31T11:00,0.2,0.00,85,-2.0,-3.7,0.00,0.00,0.00,2,68,0,0,68,9.6,199,197,13.9,23.4,1,2789.40,1032.4,1017.3
2024-12-31T12:00,1.3,0.00,78,-2.2,-2.4,0.00,0.00,0.00,1,43,27,0,22,8.5,199,198,12.4,24.5,1,3600.00,1031.7,1016.7
2024-12-31T13:00,2.1,0.00,74,-2.1,-1.4,0.00,0.00,0.00,1,28,19,0,11,7.6,197,194,10.9,22.0,1,3600.00,1030.7,1015.7
2024-12-31T14:00,1.6,0.00,79,-1.7,-2.2,0.00,0.00,0.00,1,48,16,0,38,9.5,212,212,13.7,24.1,1,3600.00,1030.8,1015.8
2024-12-31T15:00,2.0,0.00,76,-1.8,-1.4,0.00,0.00,0.00,2,70,69,0,2,6.7,192,189,10.1,22.3,1,3600.00,1029.9,1014.9
2024-12-31T16:00,1.0,0.00,81,-1.9,-2.4,0.00,0.00,0.00,3,97,97,0,4,6.7,211,189,15.9,16.6,1,3383.58,1029.7,1014.7
2024-12-31T17:00,0.0,0.00,84,-2.4,-3.6,0.00,0.00,0.00,1,27,25,0,2,7.5,237,222,18.7,16.6,0,0.00,1030.2,1015.1
2024-12-31T18:00,-0.2,0.00,85,-2.3,-3.9,0.00,0.00,0.00,2,64,52,0,24,8.5,269,268,19.4,19.4,0,0.00,1030.8,1015.7
2024-12-31T19:00,-0.8,0.00,88,-2.6,-4.0,0.00,0.00,0.00,2,76,71,0,16,4.6,253,234,13.7,18.4,0,0.00,1030.6,1015.5
2024-12-31T20:00,-1.0,0.00,89,-2.6,-4.3,0.00,0.00,0.00,2,52,39,0,22,5.6,235,211,15.2,14.0,0,0.00,1030.6,1015.5
2024-12-31T21:00,-1.1,0.00,89,-2.6,-4.8,0.00,0.00,0.00,3,84,44,0,72,8.6,234,216,20.1,18.7,0,0.00,1030.6,1015.5
2024-12-31T22:00,-0.5,0.00,89,-2.0,-4.5,0.00,0.00,0.00,3,83,78,0,23,10.8,245,240,23.2,23.0,0,0.00,1030.3,1015.2
2024-12-31T23:00,-0.5,0.00,89,-2.1,-4.5,0.00,0.00,0.00,3,85,73,0,45,10.5,237,229,23.4,23.4,0,0.00,1030.2,1015.1
2025-01-01T00:00,-0.3,0.00,90,-1.8,-4.2,0.00,0.00,0.00,3,100,16,0,100,10.2,225,217,23.0,22.7,0,0.00,1029.9,1014.8
2025-01-01T01:00,0.6,0.00,87,-1.3,-3.3,0.00,0.00,0.00,3,100,70,0,100,10.7,221,209,22.7,23.0,0,0.00,1029.2,1014.2
2025-01-01T02:00,0.6,0.00,89,-1.1,-3.5,0.00,0.00,0.00,3,100,81,0,100,12.2,223,211,23.7,25.9,0,0.00,1029.1,1014.1
2025-01-01T03:00,0.9,0.00,86,-1.2,-3.2,0.00,0.00,0.00,3,100,99,0,100,12.3,216,203,24.1,26.3,0,0.00,1028.8,1013.8
2025-01-01T04:00,0.9,0.00,85,-1.4,-3.5,0.00,0.00,0.00,3,100,100,0,96,14.1,210,199,26.6,29.9,0,0.00,1028.1,1013.1
2025-01-01T05:00,0.7,0.00,86,-1.3,-3.6,0.00,0.00,0.00,3,100,100,0,59,13.6,214,203,27.0,30.2,0,0.00,1027.5,1012.5
2025-01-01T06:00,0.0,0.00,89,-1.5,-4.0,0.00,0.00,0.00,3,100,100,0,0,11.4,210,193,24.6,29.5,0,0.00,1026.7,1011.7
2025-01-01T07:00,-0.7,0.00,89,-2.3,-4.3,0.00,0.00,0.00,3,98,98,0,0,7.7,211,189,20.6,24.8,0,0.00,1026.2,1011.1
2025-01-01T08:00,-0.6,0.00,86,-2.6,-4.3,0.00,0.00,0.00,3,89,89,0,0,8.5,214,192,21.8,19.4,0,0.00,1025.9,1010.9
2025-01-01T09:00,-0.1,0.00,84,-2.5,-4.2,0.00,0.00,0.00,3,91,91,0,0,10.7,212,192,24.6,23.4,1,0.00,1025.4,1010.4
2025-01-01T10:00,1.6,0.00,74,-2.6,-2.6,0.00,0.00,0.00,3,93,93,0,0,11.6,218,204,24.4,25.9,1,3549.59,1025.1,1010.2
2025-01-01T11:00,3.5,0.00,64,-2.7,-0.8,0.00,0.00,0.00,3,84,84,0,0,12.4,222,167,31.7,26.6,1,3600.00,1024.4,1009.6
2025-01-01T12:00,5.5,0.00,53,-3.5,1.3,0.00,0.00,0.00,2,50,50,0,0,10.6,226,208,41.4,27.4,1,3600.00,1023.1,1008.4
2025-01-01T13:00,7.1,0.00,45,-4.0,2.6,0.00,0.00,0.00,0,9,9,0,0,12.6,226,217,43.5,28.8,1,3600.00,1021.6,1007.0
2025-01-01T14:00,7.4,0.00,52,-1.7,2.5,0.00,0.00,0.00,1,39,39,0,0,17.4,230,230,30.1,43.2,1,3600.00,1021.0,1006.5
2025-01-01T15:00,8.0,0.00,48,-2.4,2.9,0.00,0.00,0.00,3,95,95,0,0,18.3,236,237,33.5,41.4,1,3600.00,1020.1,1005.6
2025-01-01T16:00,7.4,0.00,48,-2.9,2.0,0.00,0.00,0.00,3,99,99,0,0,19.3,230,228,36.8,41.8,1,3448.38,1019.6,1005.1
2025-01-01T17:00,6.4,0.00,52,-2.8,1.0,0.00,0.00,0.00,3,99,99,0,0,19.4,226,223,37.2,42.8,0,0.00,1019.1,1004.5
2025-01-01T18:00,5.4,0.00,56,-2.7,0.2,0.00,0.00,0.00,3,100,100,0,0,18.2,225,223,35.8,42.5,0,0.00,1019.1,1004.5
2025-01-01T19:00,4.7,0.00,58,-2.9,-0.3,0.00,0.00,0.00,3,99,99,0,0,16.7,228,223,34.0,40.0,0,0.00,1018.9,1004.2
2025-01-01T20:00,4.6,0.00,57,-3.1,-0.4,0.00,0.00,0.00,3,100,100,0,0,17.1,229,225,34.8,37.8,0,0.00,1018.7,1004.0
2025-01-01T21:00,5.2,0.00,56,-3.0,-0.2,0.00,0.00,0.00,3,100,100,0,0,19.1,229,225,37.4,42.1,0,0.00,1018.2,1003.6
2025-01-01T22:00,5.5,0.00,55,-2.8,0.2,0.00,0.00,0.00,3,100,100,43,0,18.6,227,223,36.2,43.2,0,0.00,1017.7,1003.1
2025-01-01T23:00,5.6,0.00,55,-2.6,0.5,0.00,0.00,0.00,3,100,100,100,0,18.1,221,217,35.1,41.8,0,0.00,1017.1,1002.5
2025-01-02T00:00,5.9,0.00,55,-2.4,0.8,0.00,0.00,0.00,3,100,100,95,0,17.9,222,216,34.8,40.3,0,0.00,1016.6,1002.0
2025-01-02T01:00,6.5,0.00,54,-2.2,1.3,0.00,0.00,0.00,3,100,100,82,0,18.7,229,225,36.4,41.8,0,0.00,1015.5,1001.0
2025-01-02T02:00,7.5,0.00,61,0.4,2.9,0.00,0.00,0.00,3,100,100,87,0,17.7,231,227,33.8,40.7,0,0.00,1014.1,999.7
2025-01-02T03:00,7.7,0.00,58,0.1,2.9,0.00,0.00,0.00,3,100,100,97,0,18.7,234,232,35.2,41.0,0,0.00,1013.7,999.3
2025-01-02T04:00,7.8,0.00,57,-0.3,2.6,0.00,0.00,0.00,3,100,100,93,0,21.2,236,235,38.7,46.4,0,0.00,1013.3,998.9
2025-01-02T05:00,7.8,0.00,56,-0.6,2.5,0.00,0.00,0.00,3,100,100,100,0,21.1,238,238,38.6,47.9,0,0.00,1012.8,998.4
2025-01-02T06:00,7.7,0.00,57,-0.4,2.6,0.00,0.00,0.00,3,100,100,100,39,19.9,244,245,36.4,46.4,0,0.00,1012.9,998.5
2025-01-02T07:00,7.1,0.20,64,0.8,2.3,0.20,0.00,0.00,51,100,100,100,100,19.0,252,255,34.5,43.9,0,0.00,1013.0,998.6
2025-01-02T08:00,5.0,1.30,89,3.4,0.6,1.30,0.00,0.00,61,100,100,100,97,19.7,256,260,37.2,40.7,0,0.00,1013.3,998.7
2025-01-02T09:00,4.5,1.70,94,3.6,-0.3,1.70,0.00,0.00,61,100,100,100,98,22.5,246,246,39.8,46.8,1,0.00,1013.6,999.0
2025-01-02T10:00,4.4,1.40,95,3.7,-0.4,1.40,0.00,0.00,61,100,100,100,100,22.7,242,242,39.8,48.2,1,0.00,1013.7,999.1
2025-01-02T11:00,4.2,1.40,96,3.6,-0.4,1.40,0.00,0.00,61,100,100,100,100,21.1,244,243,37.2,47.9,1,0.00,1013.8,999.2
2025-01-02T12:00,3.9,1.70,97,3.4,-0.3,1.70,0.00,0.00,61,100,100,100,100,18.0,246,244,31.7,43.9,1,0.00,1013.7,999.1
2025-01-02T13:00,3.2,1.80,99,3.0,-0.5,1.80,0.00,0.00,61,100,100,100,100,14.4,258,257,25.0,37.8,1,0.00,1013.3,998.6
2025-01-02T14:00,2.2,1.10,100,2.1,-0.9,1.00,0.00,0.07,71,100,100,100,100,9.0,314,313,14.3,21.6,1,0.00,1013.9,999.2
2025-01-02T15:00,1.5,0.80,100,1.5,-1.6,0.40,0.01,0.28,73,100,100,100,100,8.2,336,327,15.0,19.4,1,0.00,1014.0,999.2
2025-01-02T16:00,1.2,0.90,100,1.2,-1.7,0.30,0.01,0.42,73,100,93,100,100,6.9,332,317,12.0,17.6,1,0.00,1014.5,999.7
2025-01-02T17:00,1.0,0.50,100,1.0,-2.1,0.20,0.01,0.21,73,100,2,84,100,7.5,332,316,13.2,15.8,0,0.00,1015.3,1000.5
2025-01-02T18:00,1.1,0.00,100,1.0,-2.0,0.00,0.01,0.00,3,100,0,0,100,7.5,340,327,15.3,15.1,0,0.00,1015.8,1001.0
2025-01-02T19:00,1.2,0.00,99,1.1,-1.9,0.00,0.01,0.00,3,96,0,0,96,7.6,340,333,17.0,16.6,0,0.00,1016.6,1001.8
2025-01-02T20:00,1.1,0.00,99,0.9,-1.6,0.00,0.01,0.00,3,100,0,1,100,4.3,335,336,12.9,15.8,0,0.00,1017.5,1002.7
2025-01-02T21:00,1.0,0.00,99,0.8,-1.3,0.00,0.01,0.00,3,99,0,0,99,2.1,291,218,7.9,9.7,0,0.00,1018.1,1003.3
2025-01-02T22:00,0.9,0.00,99,0.7,-1.8,0.00,0.01,0.00,3,100,0,0,100,4.2,259,220,10.8,8.6,0,0.00,1018.7,1003.8
2025-01-02T23:00,0.8,0.00,98,0.5,-2.1,0.00,0.01,0.00,3,100,0,0,100,5.4,271,249,14.0,11.2,0,0.00,1019.4,1004.5
2025-01-03T00:00,0.4,0.00,96,-0.1,-2.4,0.00,0.01,0.00,3,100,0,2,100,5.0,273,251,14.1,11.2,0,0.00,1020.1,1005.2
2025-01-03T01:00,0.3,0.00,96,-0.3,-2.7,0.00,0.01,0.00,3,99,0,3,99,5.6,272,255,14.9,11.9,0,0.00,1020.5,1005.6
2025-01-03T02:00,-0.3,0.60,96,-0.8,-3.2,0.00,0.01,0.42,73,34,0,0,34,4.8,263,236,15.0,14.0,0,0.00,1020.4,1005.5
2025-01-03T03:00,-0.3,0.00,97,-0.7,-3.3,0.00,0.01,0.00,1,42,0,10,40,5.2,252,221,15.1,10.8,0,0.00,1020.8,1005.8
2025-01-03T04:00,-0.4,0.30,96,-0.9,-3.7,0.00,0.01,0.21,73,58,0,47,33,6.9,234,205,17.4,14.0,0,0.00,1020.8,1005.8
2025-01-03T05:00,-0.4,0.70,92,-1.6,-3.6,0.00,0.01,0.49,73,54,0,29,50,5.8,255,240,16.4,14.0,0,0.00,1021.0,1006.0
2025-01-03T06:00,-0.1,0.00,96,-0.7,-3.5,0.00,0.01,0.00,3,82,0,4,82,8.0,258,242,18.4,16.2,0,0.00,1021.2,1006.3
2025-01-03T07:00,0.3,0.00,97,-0.1,-3.3,0.00,0.01,0.00,3,85,0,3,85,9.6,253,244,19.0,20.2,0,0.00,1021.4,1006.5
2025-01-03T08:00,0.2,0.00,97,-0.2,-3.3,0.00,0.01,0.00,2,57,0,0,57,8.8,249,239,18.2,19.8,0,0.00,1021.7,1006.8
2025-01-03T09:00,0.2,0.00,97,-0.2,-3.3,0.00,0.01,0.00,2,72,0,0,72,9.3,237,229,18.0,19.4,1,0.00,1021.9,1007.0
2025-01-03T10:00,0.8,0.00,95,0.1,-3.0,0.00,0.01,0.00,3,82,0,0,82,11.0,248,245,18.0,22.3,1,2566.27,1022.5,1007.6
2025-01-03T11:00,1.0,0.00,87,-0.9,-3.1,0.00,0.01,0.00,1,45,0,0,45,13.0,261,260,19.5,30.2,1,2206.16,1022.7,1007.8
2025-01-03T12:00,1.0,0.00,83,-1.6,-3.3,0.00,0.01,0.00,1,36,0,0,36,12.8,257,256,20.3,28.8,1,3600.00,1022.5,1007.6
2025-01-03T13:00,1.3,0.00,75,-2.7,-3.1,0.00,0.01,0.00,2,60,0,0,60,12.8,258,256,21.0,29.5,1,3600.00,1021.9,1007.0
2025-01-03T14:00,2.0,0.00,71,-2.8,-2.9,0.00,0.01,0.00,3,100,0,1,100,16.6,275,275,25.1,37.8,1,3600.00,1021.8,1007.0
2025-01-03T15:00,1.5,0.00,72,-3.0,-3.5,0.00,0.01,0.00,3,100,0,1,100,16.6,268,268,25.6,37.4,1,0.00,1021.7,1006.8
2025-01-03T16:00,1.1,0.00,74,-3.0,-3.4,0.00,0.01,0.00,3,100,0,0,100,13.5,267,267,22.5,38.5,1,0.00,1022.1,1007.2
2025-01-03T17:00,0.9,0.00,73,-3.5,-3.6,0.00,0.01,0.00,1,36,0,0,36,12.4,263,261,22.1,29.5,0,0.00,1022.5,1007.6
2025-01-03T18:00,-0.1,0.00,76,-3.9,-4.4,0.00,0.01,0.00,0,2,0,0,2,11.4,249,246,22.1,27.4,0,0.00,1023.1,1008.1
2025-01-03T19:00,-1.1,0.00,81,-4.0,-5.1,0.00,0.01,0.00,0,6,0,3,6,9.1,243,234,19.6,24.8,0,0.00,1023.7,1008.7
2025-01-03T20:00,-1.6,0.00,83,-4.1,-5.6,0.00,0.01,0.00,1,26,0,0,26,9.0,225,206,19.3,19.1,0,0.00,1024.0,1008.9
2025-01-03T21:00,-1.8,0.00,86,-3.9,-5.9,0.00,0.01,0.00,1,44,0,19,42,10.2,212,197,21.0,20.2,0,0.00,1024.4,1009.3
2025-01-03T22:00,-1.7,0.00,87,-3.6,-6.0,0.00,0.01,0.00,3,99,0,15,99,11.6,211,204,23.5,23.4,0,0.00,1024.6,1009.5
2025-01-03T23:00,-1.1,0.00,85,-3.4,-5.6,0.00,0.01,0.00,3,100,0,53,100,12.7,215,211,23.9,26.3,0,0.00,1024.8,1009.7
2025-01-04T00:00,-0.9,0.00,84,-3.3,-5.3,0.00,0.01,0.00,3,100,0,16,100,12.3,219,212,24.4,27.0,0,0.00,1025.0,1010.0
2025-01-04T01:00,-0.9,0.00,83,-3.3,-5.3,0.00,0.01,0.00,3,100,0,1,100,12.3,220,215,22.5,27.0,0,0.00,1024.8,1009.8
2025-01-04T02:00,-0.6,0.00,85,-2.8,-4.9,0.00,0.01,0.00,3,99,0,0,99,12.0,221,213,23.0,25.9,0,0.00,1024.6,1009.6
2025-01-04T03:00,-0.4,0.00,84,-2.7,-4.5,0.00,0.01,0.00,3,100,0,1,100,10.5,226,219,20.6,24.8,0,0.00,1024.9,1009.9
2025-01-04T04:00,-0.2,0.00,84,-2.5,-3.9,0.00,0.01,0.00,3,100,0,0,100,8.6,228,221,17.1,21.6,0,0.00,1024.8,1009.8
2025-01-04T05:00,-0.2,0.00,86,-2.3,-3.7,0.00,0.01,0.00,3,100,6,0,100,7.1,222,210,14.0,17.6,0,0.00,1024.6,1009.6
2025-01-04T06:00,-0.4,0.00,87,-2.2,-3.7,0.00,0.02,0.00,3,100,100,0,100,6.2,218,202,13.0,14.0,0,0.00,1024.2,1009.2
2025-01-04T07:00,-0.4,0.00,88,-2.2,-3.8,0.00,0.02,0.00,3,100,100,0,64,6.0,213,201,12.5,12.6,0,0.00,1023.9,1008.9
2025-01-04T08:00,-1.1,0.00,91,-2.5,-4.5,0.00,0.02,0.00,3,100,100,0,70,6.0,194,170,12.6,12.6,0,0.00,1023.6,1008.6
2025-01-04T09:00,-1.1,0.00,90,-2.6,-4.4,0.00,0.02,0.00,3,100,100,0,95,5.4,196,160,10.9,11.9,1,0.00,1023.8,1008.8
2025-01-04T10:00,-0.1,0.00,85,-2.4,-3.0,0.00,0.02,0.00,3,100,100,0,4,3.0,171,123,4.6,11.5,1,728.16,1023.2,1008.2
2025-01-04T11:00,0.5,0.00,82,-2.3,-2.7,0.00,0.02,0.00,3,100,100,1,9,4.9,140,141,7.0,13.3,1,3600.00,1022.8,1007.9
2025-01-04T12:00,1.0,0.00,78,-2.3,-2.3,0.00,0.01,0.00,3,100,100,32,51,6.2,158,159,8.7,16.6,1,3600.00,1022.1,1007.2
2025-01-04T13:00,1.6,0.00,75,-2.4,-1.7,0.00,0.01,0.00,3,100,100,96,1,5.6,154,155,7.8,16.6,1,3600.00,1021.0,1006.1
2025-01-04T14:00,1.8,0.00,73,-2.6,-1.3,0.00,0.01,0.00,3,100,100,96,15,4.5,132,130,6.5,16.9,1,0.00,1020.6,1005.8
2025-01-04T15:00,1.8,0.00,73,-2.6,-1.7,0.00,0.01,0.00,3,100,100,100,0,6.4,117,115,9.9,14.0,1,708.80,1019.7,1004.9
2025-01-04T16:00,1.1,0.00,75,-2.9,-2.5,0.00,0.01,0.00,3,100,100,100,0,7.2,114,104,15.3,14.8,1,0.00,1019.1,1004.3
2025-01-04T17:00,0.3,0.00,75,-3.6,-3.6,0.00,0.01,0.00,3,100,100,100,0,8.2,112,100,18.4,16.6,0,0.00,1018.9,1004.0
2025-01-04T18:00,0.1,0.00,74,-3.9,-3.9,0.00,0.01,0.00,3,100,100,100,0,9.3,116,105,20.8,18.4,0,0.00,1018.3,1003.4
2025-01-04T19:00,0.1,0.00,74,-4.0,-4.2,0.00,0.01,0.00,3,100,100,83,0,11.0,117,109,23.1,22.0,0,0.00,1017.6,1002.7
2025-01-04T20:00,-0.1,0.00,75,-4.0,-4.2,0.00,0.01,0.00,3,100,100,100,0,10.1,114,106,21.7,22.7,0,0.00,1017.0,1002.1
2025-01-04T21:00,-0.3,0.00,75,-4.2,-4.5,0.00,0.01,0.00,3,100,100,100,0,10.4,109,100,21.7,21.2,0,0.00,1016.4,1001.5
2025-01-04T22:00,-0.2,0.00,73,-4.4,-4.6,0.00,0.01,0.00,3,100,100,100,0,11.5,109,104,23.4,23.8,0,0.00,1015.3,1000.4
2025-01-04T23:00,0.0,0.00,71,-4.6,-4.4,0.00,0.01,0.00,3,100,100,100,0,11.6,114,109,22.9,23.8,0,0.00,1014.7,999.9
2025-01-05T00:00,0.1,0.00,69,-4.9,-4.4,0.00,0.01,0.00,3,100,100,100,0,12.1,117,113,23.7,25.9,0,0.00,1013.5,998.7
2025-01-05T01:00,0.2,0.10,69,-4.8,-4.4,0.00,0.02,0.07,71,100,100,100,42,12.6,115,112,23.8,26.3,0,0.00,1012.5,997.7
2025-01-05T02:00,-0.1,0.60,83,-2.6,-4.5,0.00,0.02,0.42,73,100,100,100,100,13.0,122,114,26.1,29.2,0,0.00,1011.6,996.8
2025-01-05T03:00,-0.0,0.60,87,-2.0,-4.3,0.00,0.02,0.42,73,100,100,100,100,12.9,119,111,25.9,29.2,0,0.00,1010.2,995.4
2025-01-05T04:00,0.0,1.70,92,-1.1,-4.3,0.00,0.03,1.19,75,100,100,100,100,13.9,119,115,26.7,31.7,0,0.00,1008.8,994.0
2025-01-05T05:00,0.5,1.60,94,-0.4,-3.8,0.00,0.04,1.12,75,100,100,100,100,14.9,121,118,27.9,32.0,0,0.00,1007.6,992.9
2025-01-05T06:00,0.9,1.20,95,0.2,-3.2,0.70,0.04,0.35,73,100,100,100,100,14.0,124,121,26.4,29.9,0,0.00,1006.3,991.6
2025-01-05T07:00,1.2,1.40,95,0.5,-2.5,1.40,0.04,0.00,61,100,100,100,100,10.8,141,122,20.5,38.5,0,0.00,1005.6,991.0
2025-01-05T08:00,1.4,1.40,96,0.8,-2.0,1.40,0.04,0.00,61,100,100,100,100,9.9,167,128,19.2,21.6,0,0.00,1004.6,990.0
2025-01-05T09:00,2.3,0.80,95,1.6,-0.7,0.80,0.04,0.00,53,100,100,100,100,8.1,198,155,20.2,20.5,1,0.00,1004.0,989.4
2025-01-05T10:00,3.1,0.50,96,2.6,0.3,0.50,0.04,0.00,53,100,100,100,100,7.6,216,177,22.8,19.8,1,0.00,1003.6,989.1
2025-01-05T11:00,5.1,0.20,97,4.7,1.7,0.20,0.04,0.00,51,100,100,100,100,14.3,230,222,31.4,29.9,1,0.00,1003.4,989.0
2025-01-05T12:00,6.5,0.10,95,5.8,2.8,0.10,0.04,0.00,51,100,100,100,100,17.6,231,228,34.9,37.8,1,0.00,1003.1,988.8
2025-01-05T13:00,7.3,0.10,95,6.6,3.6,0.10,0.03,0.00,51,100,100,100,68,19.4,231,230,37.3,40.7,1,0.00,1002.3,988.0
2025-01-05T14:00,7.2,0.90,97,6.7,4.0,0.90,0.03,0.00,53,100,100,100,100,16.2,229,225,33.5,35.6,1,0.00,1001.6,987.3
2025-01-05T15:00,7.3,0.80,97,6.9,4.3,0.80,0.03,0.00,53,100,100,100,99,14.9,228,222,32.1,35.3,1,0.00,1001.3,987.0
2025-01-05T16:00,6.9,0.20,98,6.5,4.0,0.20,0.02,0.00,51,100,100,100,100,13.3,217,203,30.1,32.0,1,0.00,1001.1,986.8
2025-01-05T17:00,6.4,0.30,98,6.0,3.6,0.30,0.02,0.00,51,100,100,100,35,12.0,209,194,29.7,29.2,0,0.00,1000.8,986.5
2025-01-05T18:00,6.3,0.10,97,5.9,3.6,0.10,0.02,0.00,51,100,99,100,12,11.2,213,202,29.5,26.6,0,0.00,1000.6,986.3
2025-01-05T19:00,5.9,0.10,97,5.5,3.1,0.10,0.02,0.00,51,100,99,73,17,11.5,212,194,29.1,25.2,0,0.00,1000.6,986.3
2025-01-05T20:00,5.8,0.00,97,5.3,3.0,0.00,0.02,0.00,3,100,100,53,3,10.9,211,193,28.7,26.3,0,0.00,1000.5,986.2
2025-01-05T21:00,5.7,0.00,96,5.0,2.7,0.00,0.02,0.00,3,100,99,77,0,11.8,207,189,29.8,25.2,0,0.00,1000.0,985.7
2025-01-05T22:00,5.7,0.00,94,4.7,2.8,0.00,0.02,0.00,3,97,94,39,0,11.1,209,192,29.6,25.6,0,0.00,999.7,985.4
2025-01-05T23:00,5.1,0.00,92,3.9,2.1,0.00,0.01,0.00,3,100,100,26,3,10.4,209,188,28.6,24.1,0,0.00,999.3,984.9
2025-01-06T00:00,4.8,0.00,90,3.3,1.8,0.00,0.01,0.00,3,99,98,32,4,9.9,208,181,27.6,23.0,0,0.00,999.0,984.6
2025-01-06T01:00,5.6,0.00,85,3.2,2.2,0.00,0.01,0.00,3,97,93,66,6,12.6,208,184,29.1,24.1,0,0.00,998.7,984.4
2025-01-06T02:00,6.3,0.00,88,4.4,3.2,0.00,0.01,0.00,3,100,97,93,3,11.5,202,181,27.0,25.2,0,0.00,997.6,983.3
2025-01-06T03:00,6.2,0.00,84,3.8,3.2,0.00,0.01,0.00,3,100,100,100,11,10.6,201,179,25.9,23.4,0,0.00,997.5,983.2
2025-01-06T04:00,6.4,0.00,81,3.3,3.2,0.00,0.01,0.00,3,99,96,78,10,11.0,201,175,25.6,23.0,0,0.00,997.3,983.0
2025-01-06T05:00,6.7,0.00,78,3.1,3.4,0.00,0.01,0.00,3,100,92,98,8,11.5,198,172,26.2,24.1,0,0.00,997.1,982.9
2025-01-06T06:00,7.0,0.00,76,3.1,3.6,0.00,0.01,0.00,3,100,99,94,0,12.6,193,166,27.3,26.3,0,0.00,996.5,982.3
2025-01-06T07:00,7.4,0.00,73,3.0,4.3,0.00,0.01,0.00,3,96,73,86,0,10.5,193,160,23.8,26.3,0,0.00,996.0,981.8
2025-01-06T08:00,7.6,0.00,72,2.8,4.2,0.00,0.01,0.00,3,100,75,100,1,11.8,185,152,24.2,25.2,0,0.00,995.6,981.4
2025-01-06T09:00,7.2,0.00,72,2.5,3.7,0.00,0.01,0.00,3,100,76,99,3,12.0,176,143,24.0,24.8,1,0.00,995.6,981.4
2025-01-06T10:00,7.8,0.00,69,2.5,4.3,0.00,0.01,0.00,3,92,79,62,0,11.8,176,146,24.4,24.8,1,0.00,995.4,981.2
2025-01-06T11:00,9.7,0.00,62,2.8,6.0,0.00,0.01,0.00,3,100,99,100,7,14.1,176,159,27.4,31.0,1,3600.00,994.9,980.8
2025-01-06T12:00,10.7,0.00,57,2.6,6.8,0.00,0.01,0.00,3,90,37,84,2,14.6,188,179,28.7,32.4,1,0.00,994.5,980.5
2025-01-06T13:00,11.8,0.00,55,3.0,7.9,0.00,0.01,0.00,1,25,0,25,5,15.3,198,188,29.7,34.2,1,1775.92,993.8,979.9
2025-01-06T14:00,15.3,0.00,53,5.7,10.1,0.00,0.01,0.00,2,53,23,37,20,28.0,212,211,47.7,60.8,1,3600.00,992.2,978.4
2025-01-06T15:00,14.8,0.00,54,5.6,9.4,0.00,0.01,0.00,1,27,10,18,2,29.4,221,220,49.7,65.5,1,3600.00,992.4,978.6
2025-01-06T16:00,13.6,0.00,60,6.0,8.2,0.00,0.01,0.00,2,78,29,68,15,30.2,227,225,51.3,65.9,1,3600.00,993.1,979.3
2025-01-06T17:00,12.2,0.00,67,6.2,7.2,0.00,0.00,0.00,3,100,100,96,4,27.7,229,229,47.6,66.6,0,0.00,994.7,980.8
2025-01-06T18:00,10.7,0.10,76,6.6,6.5,0.10,0.00,0.00,51,100,100,100,60,22.7,237,237,39.3,60.1,0,0.00,996.9,982.9
2025-01-06T19:00,9.7,0.10,80,6.4,5.8,0.10,0.00,0.00,51,100,98,98,14,20.5,234,231,35.4,49.0,0,0.00,998.1,984.0
2025-01-06T20:00,8.8,0.00,83,6.0,5.2,0.00,0.00,0.00,3,100,99,93,6,17.8,234,231,31.6,44.6,0,0.00,999.2,985.0
2025-01-06T21:00,8.1,0.10,84,5.5,4.5,0.10,0.00,0.00,51,100,100,99,4,17.1,236,233,31.2,38.9,0,0.00,1000.2,986.0
2025-01-06T22:00,7.7,0.10,83,5.0,4.0,0.10,0.00,0.00,51,100,100,72,10,16.8,235,232,30.4,37.8,0,0.00,1001.1,986.9
2025-01-06T23:00,7.1,0.00,82,4.2,3.4,0.00,0.00,0.00,3,100,100,100,5,15.9,235,231,29.5,36.4,0,0.00,1001.6,987.3
2025-01-07T00:00,6.7,0.00,81,3.7,3.0,0.00,0.00,0.00,3,100,100,100,1,15.3,227,219,28.5,34.6,0,0.00,1002.0,987.7
2025-01-07T01:00,6.6,0.00,79,3.1,2.5,0.00,0.00,0.00,3,100,100,100,4,16.7,223,218,30.6,36.4,0,0.00,1002.3,988.0
2025-01-07T02:00,6.9,0.00,75,2.7,2.9,0.00,0.00,0.00,3,91,89,23,2,15.5,212,205,29.2,33.8,0,0.00,1002.4,988.1
2025-01-07T03:00,7.0,0.00,73,2.5,2.2,0.00,0.00,0.00,1,37,0,4,34,21.2,220,218,37.3,45.0,0,0.00,1002.7,988.4
2025-01-07T04:00,6.4,0.10,77,2.6,1.4,0.10,0.00,0.00,51,29,0,5,27,22.4,225,223,38.7,49.7,0,0.00,1002.9,988.6
2025-01-07T05:00,5.8,0.00,79,2.5,1.1,0.00,0.00,0.00,1,27,0,11,18,20.2,226,223,35.8,48.6,0,0.00,1003.1,988.7
2025-01-07T06:00,5.4,0.00,79,2.0,0.9,0.00,0.00,0.00,1,36,0,21,19,18.5,227,223,33.5,44.3,0,0.00,1003.3,988.9
2025-01-07T07:00,4.9,0.00,82,2.0,0.2,0.00,0.00,0.00,1,42,0,25,22,19.3,229,225,34.6,42.5,0,0.00,1003.5,989.1
2025-01-07T08:00,4.8,0.00,81,1.9,0.2,0.00,0.00,0.00,0,19,0,4,18,18.6,228,226,33.3,42.1,0,0.00,1004.0,989.6
2025-01-07T09:00,4.6,0.00,82,1.8,0.1,0.00,0.00,0.00,1,33,0,19,17,18.0,231,228,32.4,46.4,1,0.00,1004.8,990.3
2025-01-07T10:00,5.0,0.20,81,2.1,0.4,0.20,0.00,0.00,51,39,0,11,32,19.4,230,228,33.2,48.6,1,3600.00,1004.9,990.5
2025-01-07T11:00,5.6,0.00,77,1.8,1.0,0.00,0.00,0.00,2,73,0,59,44,18.8,232,232,31.4,54.7,1,3600.00,1005.0,990.6
2025-01-07T12:00,5.8,0.10,73,1.4,0.6,0.10,0.00,0.00,51,22,0,2,21,22.9,240,239,36.4,57.6,1,3600.00,1004.9,990.5
2025-01-07T13:00,6.3,0.00,66,0.4,0.6,0.00,0.00,0.00,0,14,0,6,11,24.6,247,246,38.4,53.6,1,3600.00,1005.0,990.6
2025-01-07T14:00,6.4,0.00,64,-0.0,1.4,0.00,0.00,0.00,0,8,0,3,5,19.5,248,248,30.8,52.9,1,3600.00,1005.5,991.1
2025-01-07T15:00,6.2,0.00,62,-0.6,1.6,0.00,0.00,0.00,0,16,0,15,3,16.5,239,238,27.0,42.8,1,3600.00,1005.7,991.3
2025-01-07T16:00,5.5,0.00,65,-0.6,1.1,0.00,0.00,0.00,0,3,0,2,2,14.8,237,233,26.8,36.7,1,3600.00,1006.2,991.8
2025-01-07T17:00,4.6,0.00,67,-0.9,0.1,0.00,0.00,0.00,0,0,0,0,0,15.3,223,218,29.0,32.8,0,71.75,1006.2,991.7
2025-01-07T18:00,4.3,0.00,69,-0.8,-0.2,0.00,0.00,0.00,0,4,0,0,4,15.8,220,215,30.1,34.6,0,0.00,1006.3,991.8
2025-01-07T19:00,4.2,0.00,70,-0.8,-0.4,0.00,0.00,0.00,1,27,22,1,5,15.9,221,217,30.2,35.3,0,0.00,1006.8,992.3
2025-01-07T20:00,4.1,0.00,71,-0.7,-0.6,0.00,0.00,0.00,2,70,61,0,25,17.2,223,218,31.7,37.1,0,0.00,1007.1,992.6
2025-01-07T21:00,4.0,0.00,73,-0.4,-0.7,0.00,0.00,0.00,1,46,37,0,14,17.0,226,221,31.4,38.5,0,0.00,1007.2,992.7
2025-01-07T22:00,3.5,0.00,77,-0.2,-0.9,0.00,0.00,0.00,1,41,26,0,21,15.3,223,216,29.3,37.1,0,0.00,1007.3,992.7
2025-01-07T23:00,3.3,0.00,79,0.0,-0.9,0.00,0.00,0.00,0,15,0,0,15,14.1,220,212,27.5,33.1,0,0.00,1007.2,992.6
2025-01-08T00:00,2.7,0.00,84,0.2,-1.1,0.00,0.00,0.00,1,42,0,37,7,11.4,217,207,24.2,30.6,0,0.00,1007.0,992.4
2025-01-08T01:00,2.6,0.20,88,0.8,-1.1,0.20,0.00,0.00,51,100,7,100,6,11.9,216,205,24.6,26.6,0,0.00,1006.5,991.9
2025-01-08T02:00,3.7,0.60,95,3.0,-0.1,0.60,0.00,0.00,53,100,79,100,32,15.1,220,212,27.6,33.8,0,0.00,1006.3,991.8
2025-01-08T03:00,3.5,0.60,97,3.0,0.1,0.60,0.00,0.00,53,100,94,100,34,12.2,224,214,22.1,31.0,0,0.00,1006.2,991.7
2025-01-08T04:00,3.2,0.30,97,2.8,-0.1,0.30,0.00,0.00,51,100,100,100,15,11.1,215,202,19.5,25.2,0,0.00,1006.1,991.5
2025-01-08T05:00,3.0,0.20,98,2.6,-0.4,0.20,0.00,0.00,51,100,98,100,17,11.4,205,195,20.7,23.0,0,0.00,1006.6,992.0
2025-01-08T06:00,2.8,0.20,98,2.5,-0.7,0.20,0.00,0.00,51,100,100,100,30,11.9,204,194,21.5,23.8,0,0.00,1006.8,992.2
2025-01-08T07:00,2.7,0.30,98,2.4,-1.0,0.30,0.00,0.00,51,100,58,100,85,12.9,209,203,23.0,27.4,0,0.00,1007.0,992.4
2025-01-08T08:00,2.6,0.20,99,2.4,-1.0,0.20,0.00,0.00,51,100,43,100,92,12.9,215,208,23.0,26.3,0,0.00,1007.4,992.8
2025-01-08T09:00,2.6,0.20,99,2.5,-0.8,0.20,0.00,0.00,51,100,77,100,76,11.7,216,209,21.2,25.9,1,0.00,1008.2,993.6
2025-01-08T10:00,2.7,0.20,99,2.5,-0.5,0.20,0.00,0.00,51,100,100,100,77,10.1,210,200,18.7,23.4,1,0.00,1008.5,993.9
2025-01-08T11:00,2.9,0.20,98,2.6,-0.2,0.20,0.00,0.00,51,100,100,100,49,9.3,205,198,15.5,20.2,1,0.00,1008.4,993.8
2025-01-08T12:00,2.9,0.40,98,2.7,0.2,0.40,0.00,0.00,51,100,100,100,97,7.4,192,184,12.5,18.7,1,0.00,1008.3,993.7
2025-01-08T13:00,2.7,0.60,99,2.6,-0.4,0.60,0.00,0.00,53,100,100,100,100,9.9,181,177,14.4,20.5,1,0.00,1007.6,993.0
2025-01-08T14:00,2.7,0.80,100,2.6,-0.3,0.80,0.00,0.00,53,100,93,100,100,8.6,181,179,13.1,24.1,1,0.00,1007.4,992.8
2025-01-08T15:00,2.2,1.10,100,2.1,-0.8,0.90,0.00,0.14,71,100,100,100,100,7.9,140,141,12.3,19.1,1,0.00,1006.9,992.3
2025-01-08T16:00,1.7,1.60,100,1.7,-1.7,0.60,0.00,0.70,73,100,100,100,100,10.5,114,119,14.8,19.1,1,0.00,1006.6,992.0
2025-01-08T17:00,1.4,2.20,99,1.3,-2.0,0.40,0.01,1.26,75,100,100,100,100,10.0,104,97,18.9,20.2,0,0.00,1006.1,991.5
2025-01-08T18:00,1.6,1.90,98,1.3,-2.2,1.20,0.01,0.49,73,100,100,100,100,12.5,94,85,24.0,22.7,0,0.00,1005.2,990.6
2025-01-08T19:00,2.3,1.20,94,1.4,-1.9,1.20,0.02,0.00,55,100,100,100,100,15.5,103,103,29.9,29.9,0,0.00,1003.5,988.9
2025-01-08T20:00,2.7,0.10,92,1.5,-1.3,0.10,0.02,0.00,51,100,73,100,100,14.6,116,117,27.5,30.2,0,0.00,1002.5,988.0
2025-01-08T21:00,2.6,0.20,96,2.0,-1.1,0.20,0.02,0.00,51,100,100,100,96,12.5,133,122,25.5,27.7,0,0.00,1001.6,987.1
2025-01-08T22:00,3.3,0.30,96,2.7,-0.6,0.30,0.02,0.00,51,100,100,99,62,15.3,153,134,29.2,29.5,0,0.00,1000.3,985.8
2025-01-08T23:00,4.5,0.20,95,3.7,1.0,0.20,0.02,0.00,51,100,100,100,76,13.7,177,158,28.8,30.6,0,0.00,1000.3,985.9
2025-01-09T00:00,5.3,0.40,96,4.7,2.0,0.40,0.01,0.00,51,100,100,100,43,13.3,201,180,29.1,29.9,0,0.00,1000.3,985.9
2025-01-09T01:00,6.8,0.30,96,6.2,3.8,0.30,0.01,0.00,51,100,99,91,57,13.9,216,203,30.4,28.8,0,0.00,1000.6,986.3
2025-01-09T02:00,6.6,1.50,97,6.1,3.5,1.50,0.01,0.00,61,100,100,49,28,14.8,222,214,31.7,29.2,0,0.00,1000.4,986.1
2025-01-09T03:00,8.3,0.10,95,7.6,5.0,0.10,0.01,0.00,51,98,95,31,39,18.4,231,228,35.8,39.6,0,0.00,1000.5,986.3
2025-01-09T04:00,8.4,0.30,95,7.7,5.4,0.30,0.01,0.00,51,100,100,63,100,16.6,221,217,32.7,39.6,0,0.00,1000.5,986.3
2025-01-09T05:00,9.0,0.30,92,7.7,6.2,0.30,0.01,0.00,51,100,96,82,100,14.8,218,210,28.2,34.6,0,0.00,1000.0,985.8
2025-01-09T06:00,9.3,0.10,88,7.4,6.3,0.10,0.01,0.00,51,100,75,100,100,15.3,212,202,28.9,31.0,0,0.00,999.7,985.6
2025-01-09T07:00,8.9,1.00,89,7.3,6.3,1.00,0.01,0.00,55,100,100,92,45,12.9,209,195,24.7,31.7,0,0.00,999.4,985.2
2025-01-09T08:00,8.1,0.10,93,7.1,5.3,0.10,0.01,0.00,51,100,81,100,100,13.4,177,160,25.4,26.3,0,0.00,999.0,984.8
2025-01-09T09:00,8.5,0.00,88,6.7,5.1,0.00,0.01,0.00,3,100,92,100,100,17.3,190,181,31.8,34.9,1,0.00,998.6,984.4
2025-01-09T10:00,9.3,0.00,83,6.6,5.9,0.00,0.01,0.00,3,100,100,98,100,16.8,206,199,31.1,36.4,1,0.00,998.0,983.9
2025-01-09T11:00,10.0,0.40,80,6.8,6.3,0.40,0.00,0.00,51,100,100,100,100,20.1,215,212,34.7,42.8,1,0.00,997.7,983.6
2025-01-09T12:00,8.8,1.60,94,7.9,5.2,1.60,0.00,0.00,61,100,31,100,100,20.6,210,207,37.4,48.6,1,0.00,996.9,982.8
2025-01-09T13:00,8.9,1.60,94,8.0,4.8,1.60,0.00,0.00,61,100,0,100,100,24.4,213,210,42.5,50.8,1,0.00,996.0,981.9
2025-01-09T14:00,10.5,2.00,89,8.7,6.4,2.00,0.00,0.00,61,96,24,87,83,25.4,220,220,43.7,56.2,1,0.00,994.5,980.5
2025-01-09T15:00,10.4,3.00,95,9.7,6.1,3.00,0.00,0.00,63,100,16,100,100,29.0,253,259,47.8,65.9,1,0.00,995.3,981.3
2025-01-09T16:00,2.1,3.40,99,2.0,-2.7,2.10,0.00,0.91,75,100,21,100,99,20.7,320,319,39.2,71.3,1,0.00,1000.5,986.0
2025-01-09T17:00,2.0,0.50,91,0.7,-3.4,0.20,0.00,0.21,73,98,0,97,74,23.2,320,316,40.0,47.5,0,0.00,1004.1,989.5
2025-01-09T18:00,2.0,0.00,85,-0.3,-3.1,0.00,0.00,0.00,3,97,0,95,49,20.1,310,307,34.1,48.6,0,0.00,1007.4,992.8
2025-01-09T19:00,2.2,0.00,83,-0.4,-2.9,0.00,0.00,0.00,3,100,0,81,100,20.0,304,302,34.2,43.2,0,0.00,1009.8,995.1
2025-01-09T20:00,2.5,0.00,79,-0.7,-2.0,0.00,0.00,0.00,3,87,0,81,34,15.6,289,287,27.1,43.2,0,0.00,1011.8,997.1
2025-01-09T21:00,2.2,0.00,79,-1.0,-2.2,0.00,0.00,0.00,2,78,0,63,41,14.2,272,268,26.1,33.8,0,0.00,1013.7,999.0
2025-01-09T22:00,2.0,0.00,80,-1.1,-2.1,0.00,0.00,0.00,2,70,0,53,35,11.9,259,252,22.6,31.0,0,0.00,1015.5,1000.7
2025-01-09T23:00,1.6,0.00,81,-1.3,-2.3,0.00,0.00,0.00,3,94,0,84,63,11.2,247,237,21.4,25.9,0,0.00,1017.1,1002.3
2025-01-10T00:00,1.6,0.00,81,-1.3,-2.2,0.00,0.00,0.00,2,55,0,40,26,10.3,234,220,19.4,24.1,0,0.00,1018.0,1003.2
2025-01-10T01:00,1.2,0.00,82,-1.5,-2.7,0.00,0.00,0.00,0,17,0,2,15,10.8,228,216,20.8,23.4,0,0.00,1018.2,1003.4
2025-01-10T02:00,0.9,0.00,83,-1.7,-3.1,0.00,0.00,0.00,1,40,0,27,19,11.1,239,231,22.0,25.6,0,0.00,1018.7,1003.8
2025-01-10T03:00,0.7,0.10,86,-1.4,-3.3,0.00,0.00,0.07,71,42,0,1,42,11.5,229,219,22.5,24.5,0,0.00,1018.9,1004.0
2025-01-10T04:00,0.5,0.00,88,-1.2,-3.4,0.00,0.00,0.00,1,44,0,0,44,11.3,223,211,22.3,24.5,0,0.00,1018.8,1003.9
2025-01-10T05:00,0.4,0.00,89,-1.1,-3.5,0.00,0.00,0.00,2,62,0,0,62,11.4,221,211,22.3,23.4,0,0.00,1019.2,1004.3
2025-01-10T06:00,0.5,0.00,89,-1.1,-3.5,0.00,0.00,0.00,1,42,0,0,42,11.4,227,219,22.3,24.5,0,0.00,1019.2,1004.3
2025-01-10T07:00,0.1,0.00,91,-1.1,-3.9,0.00,0.00,0.00,1,49,0,0,49,11.9,234,231,23.7,24.8,0,0.00,1019.8,1004.9
2025-01-10T08:00,0.3,0.00,91,-1.1,-4.0,0.00,0.00,0.00,0,16,0,0,16,13.3,236,232,25.7,28.8,0,0.00,1020.1,1005.2
2025-01-10T09:00,0.4,0.00,90,-1.0,-3.7,0.00,0.00,0.00,2,77,0,56,59,12.4,249,248,23.5,28.4,1,8.47,1020.8,1005.9
2025-01-10T10:00,1.4,0.00,85,-0.8,-2.6,0.00,0.00,0.00,3,99,0,79,99,12.4,258,257,20.1,29.9,1,3600.00,1020.9,1006.0
2025-01-10T11:00,2.2,0.00,79,-1.1,-2.3,0.00,0.00,0.00,2,73,0,0,73,14.7,259,259,22.2,34.2,1,1395.12,1020.8,1006.0
2025-01-10T12:00,2.8,0.00,74,-1.3,-1.4,0.00,0.00,0.00,1,49,0,0,49,13.0,264,264,19.2,32.0,1,3600.00,1020.6,1005.8
2025-01-10T13:00,3.5,0.00,70,-1.6,-0.7,0.00,0.00,0.00,1,35,0,0,35,12.2,259,261,17.6,29.5,1,3600.00,1020.3,1005.6
2025-01-10T14:00,4.2,0.00,66,-1.5,0.2,0.00,0.00,0.00,1,23,0,2,23,11.4,272,273,16.6,30.6,1,3600.00,1020.1,1005.4
2025-01-10T15:00,4.3,0.00,63,-2.1,0.5,0.00,0.00,0.00,0,18,0,0,18,9.4,271,273,14.2,25.9,1,3600.00,1019.9,1005.2
2025-01-10T16:00,3.4,0.00,70,-1.6,0.3,0.00,0.00,0.00,0,6,0,0,6,5.0,270,270,11.7,20.9,1,3600.00,1020.0,1005.3
2025-01-10T17:00,1.3,0.00,77,-2.2,-1.8,0.00,0.00,0.00,0,8,0,0,8,4.3,270,272,11.5,10.8,0,275.90,1020.2,1005.3
2025-01-10T18:00,0.8,0.00,79,-2.5,-2.4,0.00,0.00,0.00,0,2,0,0,2,4.7,284,288,12.8,8.6,0,0.00,1020.3,1005.4
2025-01-10T19:00,0.6,0.00,80,-2.5,-2.7,0.00,0.00,0.00,0,1,0,0,1,5.5,287,289,15.6,10.8,0,0.00,1020.7,1005.8
2025-01-10T20:00,0.2,0.00,82,-2.5,-3.1,0.00,0.00,0.00,0,1,0,0,1,5.5,289,297,16.0,11.5,0,0.00,1021.2,1006.3
2025-01-10T21:00,-0.3,0.00,85,-2.5,-3.6,0.00,0.00,0.00,0,0,0,0,0,5.0,309,325,14.1,11.2,0,0.00,1021.4,1006.4
2025-01-10T22:00,-1.2,0.00,88,-2.9,-4.3,0.00,0.00,0.00,0,0,0,0,0,3.6,312,333,10.7,10.1,0,0.00,1021.5,1006.5
2025-01-10T23:00,-1.5,0.00,89,-3.0,-4.5,0.00,0.00,0.00,0,0,0,0,0,2.9,315,330,9.4,7.6,0,0.00,1021.6,1006.6
2025-01-11T00:00,-1.6,0.00,90,-3.0,-4.4,0.00,0.00,0.00,0,0,0,0,0,1.7,316,319,8.8,6.5,0,0.00,1021.9,1006.9
2025-01-11T01:00,-1.9,0.00,91,-3.2,-4.8,0.00,0.00,0.00,0,0,0,0,0,2.4,322,318,9.1,5.8,0,0.00,1022.2,1007.1
2025-01-11T02:00,-1.8,0.00,90,-3.1,-4.9,0.00,0.00,0.00,0,0,0,0,0,4.0,321,324,12.4,9.7,0,0.00,1022.3,1007.2
2025-01-11T03:00,-2.1,0.00,91,-3.3,-5.2,0.00,0.00,0.00,0,0,0,0,0,3.3,327,331,10.5,8.3,0,0.00,1022.6,1007.5
2025-01-11T04:00,-1.8,0.00,91,-3.1,-5.0,0.00,0.00,0.00,0,10,0,0,10,4.3,334,332,12.8,9.0,0,0.00,1023.0,1007.9
2025-01-11T05:00,-1.9,0.00,90,-3.3,-5.1,0.00,0.00,0.00,0,8,0,0,8,4.2,335,317,13.0,10.1,0,0.00,1023.4,1008.3
2025-01-11T06:00,-2.0,0.00,91,-3.3,-5.1,0.00,0.00,0.00,2,50,0,0,50,3.2,319,270,10.0,9.4,0,0.00,1024.0,1008.9
2025-01-11T07:00,-2.7,0.00,94,-3.6,-5.9,0.00,0.00,0.00,2,73,0,12,70,3.5,276,231,8.7,7.9,0,0.00,1024.5,1009.4
2025-01-11T08:00,-1.8,0.00,95,-2.4,-4.5,0.00,0.00,0.00,3,100,0,0,100,1.8,285,217,7.1,7.6,0,0.00,1025.2,1010.1
2025-01-11T09:00,-0.9,0.00,93,-1.8,-3.5,0.00,0.00,0.00,3,100,0,0,100,1.4,333,90,7.9,5.8,1,0.00,1025.5,1010.4
2025-01-11T10:00,0.5,0.00,87,-1.5,-2.7,0.00,0.00,0.00,3,90,0,0,90,5.3,345,342,9.9,13.0,1,357.59,1025.9,1010.9
2025-01-11T11:00,1.4,0.00,80,-1.7,-2.0,0.00,0.00,0.00,3,99,0,0,99,7.0,348,347,10.3,17.3,1,988.26,1026.3,1011.4
2025-01-11T12:00,1.7,0.00,75,-2.2,-1.7,0.00,0.00,0.00,3,90,0,0,90,6.7,347,344,9.4,17.3,1,0.00,1026.6,1011.7
2025-01-11T13:00,2.2,0.00,72,-2.4,-1.3,0.00,0.00,0.00,1,38,0,0,38,6.6,331,331,9.0,17.3,1,3600.00,1026.4,1011.5
2025-01-11T14:00,1.8,0.00,77,-1.8,-1.6,0.00,0.00,0.00,3,85,0,0,85,6.7,329,326,9.4,18.4,1,273.65,1026.9,1012.0
2025-01-11T15:00,1.9,0.00,75,-2.2,-1.5,0.00,0.00,0.00,1,20,0,0,20,6.1,318,315,8.5,16.9,1,3600.00,1027.4,1012.5
2025-01-11T16:00,1.0,0.00,81,-1.9,-1.9,0.00,0.00,0.00,0,3,0,0,3,3.6,295,279,9.3,14.4,1,3600.00,1028.0,1013.0
2025-01-11T17:00,-0.7,0.00,84,-3.1,-3.9,0.00,0.00,0.00,0,11,0,0,11,4.2,288,260,11.0,8.3,0,371.77,1028.5,1013.4
2025-01-11T18:00,-0.3,0.00,82,-2.9,-3.8,0.00,0.00,0.00,1,29,0,0,29,6.5,310,300,17.0,12.6,0,0.00,1029.3,1014.2
2025-01-11T19:00,-0.5,0.00,84,-3.0,-4.3,0.00,0.00,0.00,0,6,0,0,6,8.5,318,312,20.1,18.4,0,0.00,1030.1,1015.0
2025-01-11T20:00,-1.2,0.00,86,-3.3,-4.6,0.00,0.00,0.00,0,3,0,0,3,5.5,314,306,15.7,17.3,0,0.00,1030.8,1015.7
2025-01-11T21:00,-1.7,0.00,87,-3.6,-4.9,0.00,0.00,0.00,0,11,0,0,11,4.1,292,268,12.6,11.9,0,0.00,1031.1,1015.9
2025-01-11T22:00,-1.9,0.00,87,-3.7,-5.1,0.00,0.00,0.00,3,97,0,17,97,3.9,262,227,11.1,9.0,0,0.00,1031.4,1016.2
2025-01-11T23:00,-0.7,0.00,86,-2.8,-3.5,0.00,0.00,0.00,3,100,0,61,100,2.2,275,246,8.1,9.4,0,0.00,1032.1,1017.0
2025-01-12T00:00,-0.5,0.00,86,-2.6,-3.5,0.00,0.00,0.00,2,56,0,0,56,2.9,287,227,7.5,7.6,0,0.00,1032.4,1017.3
2025-01-12T01:00,-1.5,0.00,89,-3.1,-4.6,0.00,0.00,0.00,3,99,0,15,99,3.7,281,223,9.5,7.9,0,0.00,1032.3,1017.1
2025-01-12T02:00,-0.3,0.00,85,-2.4,-3.6,0.00,0.00,0.00,3,100,0,8,100,6.0,303,291,14.6,12.6,0,0.00,1032.7,1017.6
2025-01-12T03:00,0.3,0.00,87,-1.7,-3.3,0.00,0.00,0.00,3,89,0,0,89,7.9,319,309,16.3,16.6,0,0.00,1033.3,1018.2
2025-01-12T04:00,0.1,0.00,91,-1.2,-3.4,0.00,0.00,0.00,0,19,0,0,19,8.0,332,324,16.3,17.3,0,0.00,1033.7,1018.6
2025-01-12T05:00,-1.2,0.00,93,-2.2,-4.5,0.00,0.00,0.00,0,11,0,0,11,6.0,340,335,15.5,16.9,0,0.00,1034.3,1019.1
2025-01-12T06:00,-1.8,0.00,93,-2.8,-5.0,0.00,0.00,0.00,3,99,0,0,99,4.5,340,344,13.8,12.6,0,0.00,1034.7,1019.5
2025-01-12T07:00,-1.1,0.00,92,-2.2,-4.0,0.00,0.00,0.00,1,22,0,0,22,3.1,330,306,10.6,10.4,0,0.00,1035.4,1020.2
2025-01-12T08:00,-1.9,0.00,94,-2.8,-5.0,0.00,0.00,0.00,3,80,0,0,80,3.6,313,290,10.8,8.3,0,0.00,1036.2,1020.9
2025-01-12T09:00,-0.7,0.00,92,-1.8,-4.0,0.00,0.00,0.00,1,22,0,0,22,6.2,323,308,13.1,12.2,1,0.00,1037.1,1021.9
2025-01-12T10:00,0.1,0.00,86,-1.9,-3.7,0.00,0.00,0.00,3,88,0,0,88,9.3,331,326,15.9,20.2,1,3600.00,1037.8,1022.6
2025-01-12T11:00,1.1,0.00,82,-1.6,-2.7,0.00,0.00,0.00,3,87,0,0,87,9.5,335,335,13.7,24.5,1,3600.00,1038.2,1023.1
2025-01-12T12:00,1.5,0.00,78,-1.8,-2.1,0.00,0.00,0.00,2,74,0,0,74,8.5,349,347,12.3,22.3,1,3600.00,1038.1,1023.0
2025-01-12T13:00,1.9,0.00,71,-2.7,-2.0,0.00,0.00,0.00,3,100,0,0,100,9.6,354,351,13.8,22.3,1,3600.00,1037.7,1022.6
2025-01-12T14:00,2.7,0.00,64,-3.5,-1.5,0.00,0.00,0.00,3,92,0,0,92,10.9,349,347,16.1,24.8,1,1622.84,1038.2,1023.2
2025-01-12T15:00,2.5,0.00,65,-3.5,-1.5,0.00,0.00,0.00,3,87,0,0,87,9.4,347,343,15.0,25.2,1,3600.00,1038.3,1023.2
2025-01-12T16:00,1.9,0.00,70,-2.9,-1.5,0.00,0.00,0.00,3,97,0,0,97,6.0,329,319,13.0,20.2,1,3227.17,1038.4,1023.3
2025-01-12T17:00,0.7,0.00,77,-2.9,-2.5,0.00,0.00,0.00,3,83,0,0,83,4.9,322,303,13.1,12.6,0,61.51,1038.7,1023.5
2025-01-12T18:00,0.2,0.00,79,-3.0,-3.0,0.00,0.00,0.00,2,68,0,0,68,4.7,341,344,13.5,10.1,0,0.00,1039.3,1024.1
2025-01-12T19:00,-0.3,0.00,79,-3.4,-3.7,0.00,0.00,0.00,1,24,0,0,24,5.9,24,38,14.3,11.9,0,0.00,1039.9,1024.7
2025-01-12T20:00,-1.1,0.00,79,-4.3,-4.6,0.00,0.00,0.00,0,0,0,0,0,5.5,35,52,14.6,12.2,0,0.00,1040.5,1025.2
2025-01-12T21:00,-1.6,0.00,79,-4.8,-5.1,0.00,0.00,0.00,0,0,0,0,0,5.0,15,30,14.0,11.2,0,0.00,1041.1,1025.8
2025-01-12T22:00,-1.7,0.00,79,-4.8,-5.2,0.00,0.00,0.00,0,0,0,0,0,5.1,3,18,14.4,11.2,0,0.00,1041.7,1026.4
2025-01-12T23:00,-2.0,0.00,80,-5.0,-5.4,0.00,0.00,0.00,0,0,0,0,0,4.1,27,56,11.7,10.8,0,0.00,1041.5,1026.2
2025-01-13T00:00,-2.3,0.00,82,-5.0,-5.8,0.00,0.00,0.00,0,0,0,0,0,4.8,35,42,12.7,10.1,0,0.00,1041.7,1026.3
2025-01-13T01:00,-2.5,0.00,83,-4.9,-6.2,0.00,0.00,0.00,0,0,0,0,0,6.4,34,38,14.5,12.6,0,0.00,1041.9,1026.5
2025-01-13T02:00,-2.1,0.00,82,-4.7,-6.0,0.00,0.00,0.00,0,0,0,0,0,7.6,47,45,17.8,17.3,0,0.00,1042.0,1026.6
2025-01-13T03:00,-2.5,0.00,84,-4.9,-6.2,0.00,0.00,0.00,0,0,0,0,0,6.7,60,56,16.5,15.5,0,0.00,1042.0,1026.6
2025-01-13T04:00,-2.7,0.00,83,-5.1,-6.3,0.00,0.00,0.00,0,0,0,0,0,5.5,81,73,14.8,13.7,0,0.00,1042.0,1026.6
2025-01-13T05:00,-3.0,0.00,84,-5.3,-6.6,0.00,0.00,0.00,0,0,0,0,0,5.4,75,53,13.6,11.9,0,0.00,1042.5,1027.1
2025-01-13T06:00,-3.2,0.00,85,-5.4,-6.8,0.00,0.00,0.00,0,0,0,0,0,4.7,81,67,13.3,11.9,0,0.00,1042.0,1026.6
2025-01-13T07:00,-3.5,0.00,86,-5.5,-7.0,0.00,0.00,0.00,0,0,0,0,0,4.8,73,53,11.7,10.4,0,0.00,1041.8,1026.4
2025-01-13T08:00,-3.7,0.00,86,-5.7,-7.4,0.00,0.00,0.00,0,0,0,0,0,5.8,66,56,13.4,12.2,0,0.00,1042.3,1026.8
2025-01-13T09:00,-3.3,0.00,85,-5.5,-7.2,0.00,0.00,0.00,0,0,0,0,0,7.0,85,78,15.4,13.7,1,106.13,1042.6,1027.2
2025-01-13T10:00,-1.5,0.00,77,-4.9,-5.3,0.00,0.00,0.00,0,0,0,0,0,6.9,88,75,19.3,16.6,1,3600.00,1043.0,1027.7
2025-01-13T11:00,-0.1,0.00,66,-5.6,-4.3,0.00,0.00,0.00,0,0,0,0,0,9.4,89,87,14.0,22.3,1,3600.00,1042.9,1027.6
2025-01-13T12:00,0.7,0.00,62,-5.8,-3.6,0.00,0.00,0.00,1,22,0,0,22,9.3,80,80,13.5,23.4,1,3600.00,1042.5,1027.3
2025-01-13T13:00,1.3,0.00,59,-5.9,-2.9,0.00,0.00,0.00,1,20,0,0,20,9.1,81,81,13.1,23.0,1,3600.00,1041.8,1026.6
2025-01-13T14:00,0.4,0.00,57,-7.1,-4.0,0.00,0.00,0.00,1,29,0,0,29,9.7,91,90,14.2,28.1,1,3600.00,1042.4,1027.2
2025-01-13T15:00,0.6,0.00,55,-7.3,-3.8,0.00,0.00,0.00,0,9,0,0,9,9.4,85,86,13.9,23.8,1,3600.00,1042.3,1027.1
2025-01-13T16:00,-0.0,0.00,57,-7.5,-4.1,0.00,0.00,0.00,0,7,0,0,7,6.8,91,90,13.9,22.0,1,3600.00,1042.2,1027.0
2025-01-13T17:00,-1.8,0.00,64,-7.7,-5.7,0.00,0.00,0.00,0,2,2,0,0,5.7,89,79,15.3,14.8,0,602.55,1042.1,1026.8
2025-01-13T18:00,-2.3,0.00,67,-7.6,-6.2,0.00,0.00,0.00,1,22,22,0,0,6.2,84,64,16.5,13.0,0,0.00,1041.6,1026.2
2025-01-13T19:00,-2.4,0.00,67,-7.6,-6.6,0.00,0.00,0.00,1,33,33,0,0,7.8,105,99,20.1,16.6,0,0.00,1041.0,1025.6
2025-01-13T20:00,-2.5,0.00,68,-7.6,-6.6,0.00,0.00,0.00,0,9,9,0,0,7.6,114,108,20.2,16.9,0,0.00,1040.5,1025.1
2025-01-13T21:00,-2.7,0.00,69,-7.6,-6.9,0.00,0.00,0.00,1,21,21,0,0,7.6,107,95,19.9,16.2,0,0.00,1039.9,1024.5
2025-01-13T22:00,-2.9,0.00,70,-7.6,-6.9,0.00,0.00,0.00,2,58,58,0,0,6.8,84,55,17.6,15.8,0,0.00,1040.1,1024.7
2025-01-13T23:00,-3.1,0.00,71,-7.6,-7.2,0.00,0.00,0.00,2,57,57,0,0,7.0,77,58,17.9,14.8,0,0.00,1040.3,1024.9
2025-01-14T00:00,-2.9,0.00,69,-7.7,-7.0,0.00,0.00,0.00,3,84,84,0,0,6.7,89,70,18.7,15.1,0,0.00,1040.1,1024.7
2025-01-14T01:00,-3.0,0.00,69,-7.8,-7.1,0.00,0.00,0.00,3,99,99,0,0,6.5,92,76,18.4,14.0,0,0.00,1039.5,1024.1
2025-01-14T02:00,-2.7,0.00,75,-6.5,-6.7,0.00,0.00,0.00,3,100,100,5,0,7.0,101,91,18.7,14.4,0,0.00,1039.3,1023.9
2025-01-14T03:00,-2.6,0.00,75,-6.5,-6.7,0.00,0.00,0.00,3,100,100,0,0,8.1,103,95,19.4,16.2,0,0.00,1038.9,1023.6
2025-01-14T04:00,-3.0,0.00,77,-6.5,-6.9,0.00,0.00,0.00,3,86,86,4,0,6.4,95,74,17.0,16.2,0,0.00,1038.8,1023.4
2025-01-14T05:00,-3.6,0.00,80,-6.6,-7.4,0.00,0.00,0.00,1,26,26,0,0,5.8,78,54,13.8,13.0,0,0.00,1038.8,1023.4
2025-01-14T06:00,-4.4,0.00,83,-6.9,-8.1,0.00,0.00,0.00,0,0,0,0,0,5.0,89,69,14.0,11.9,0,0.00,1038.1,1022.7
2025-01-14T07:00,-5.0,0.00,84,-7.3,-8.7,0.00,0.00,0.00,0,0,0,0,0,4.5,83,61,11.3,10.4,0,0.00,1038.0,1022.5
2025-01-14T08:00,-5.2,0.00,84,-7.5,-9.0,0.00,0.00,0.00,0,0,0,0,0,4.9,98,82,13.4,10.8,0,0.00,1037.3,1021.8
2025-01-14T09:00,-4.9,0.00,82,-7.5,-8.7,0.00,0.00,0.00,0,0,0,0,0,5.2,79,59,10.4,10.1,1,157.57,1037.7,1022.2
2025-01-14T10:00,-2.4,0.00,70,-7.2,-6.1,0.00,0.00,0.00,0,0,0,0,0,4.3,85,66,9.8,12.2,1,3600.00,1037.6,1022.3
2025-01-14T11:00,0.0,0.00,58,-7.3,-3.4,0.00,0.00,0.00,0,3,0,3,0,2.6,43,16,4.5,10.8,1,3600.00,1037.5,1022.3
2025-01-14T12:00,1.7,0.00,50,-7.7,-1.7,0.00,0.00,0.00,0,0,0,0,0,2.2,25,9,3.0,10.8,1,3600.00,1036.6,1021.5
2025-01-14T13:00,2.9,0.00,45,-8.0,-0.4,0.00,0.00,0.00,0,2,2,0,0,1.1,18,342,1.7,10.8,1,3600.00,1035.7,1020.7
2025-01-14T14:00,2.7,0.00,52,-6.3,-0.7,0.00,0.00,0.00,0,0,0,0,0,3.2,355,344,4.0,11.2,1,3600.00,1035.6,1020.6
2025-01-14T15:00,2.4,0.00,53,-6.2,-1.2,0.00,0.00,0.00,0,0,0,0,0,4.5,332,323,6.1,12.2,1,3600.00,1035.1,1020.1
2025-01-14T16:00,0.6,0.00,62,-5.8,-2.7,0.00,0.00,0.00,0,0,0,0,0,3.1,305,283,3.5,11.9,1,3600.00,1034.9,1019.8
2025-01-14T17:00,-1.8,0.00,77,-5.4,-5.1,0.00,0.00,0.00,0,0,0,0,0,3.1,284,306,2.2,6.1,0,821.28,1034.8,1019.6
2025-01-14T18:00,-2.2,0.00,79,-5.3,-5.2,0.00,0.00,0.00,0,3,0,3,0,1.3,240,8,1.5,5.8,0,0.00,1035.0,1019.7
2025-01-14T19:00,-2.4,0.00,79,-5.5,-5.6,0.00,0.00,0.00,1,32,23,11,3,2.5,308,21,3.2,5.8,0,0.00,1035.3,1020.0
2025-01-14T20:00,-2.1,0.00,76,-5.7,-5.4,0.00,0.00,0.00,0,15,11,5,0,3.1,329,24,5.9,6.5,0,0.00,1035.0,1019.7
2025-01-14T21:00,-2.2,0.00,76,-5.9,-5.5,0.00,0.00,0.00,1,36,14,25,2,2.7,207,132,6.4,6.5,0,0.00,1034.4,1019.1
2025-01-14T22:00,-2.1,0.00,75,-5.9,-5.2,0.00,0.00,0.00,1,24,2,22,0,1.3,238,172,5.7,4.0,0,0.00,1034.4,1019.2
2025-01-14T23:00,-2.3,0.00,77,-5.7,-5.8,0.00,0.00,0.00,3,100,0,100,64,4.5,205,175,11.4,7.6,0,0.00,1034.2,1018.9
2025-01-15T00:00,-1.1,0.00,73,-5.4,-4.8,0.00,0.00,0.00,2,66,0,16,60,6.0,199,159,13.1,12.6,0,0.00,1033.9,1018.7
2025-01-15T01:00,-1.6,0.00,77,-5.1,-5.0,0.00,0.00,0.00,3,100,0,16,100,4.2,200,175,9.6,10.4,0,0.00,1033.6,1018.4
2025-01-15T02:00,-1.0,0.00,83,-3.4,-4.2,0.00,0.00,0.00,3,100,19,100,100,4.3,193,175,6.6,10.8,0,0.00,1033.7,1018.5
2025-01-15T03:00,-0.8,0.10,84,-3.1,-3.9,0.10,0.00,0.00,51,100,3,84,100,3.8,217,183,8.4,11.2,0,0.00,1033.3,1018.1
2025-01-15T04:00,-0.6,0.00,85,-2.9,-3.6,0.00,0.00,0.00,3,100,6,0,100,3.1,235,193,7.9,8.3,0,0.00,1033.0,1017.9
2025-01-15T05:00,-0.4,0.00,85,-2.6,-3.2,0.00,0.00,0.00,3,100,7,0,100,2.0,244,190,5.8,7.6,0,0.00,1032.8,1017.7
2025-01-15T06:00,-0.1,0.00,84,-2.6,-2.9,0.00,0.00,0.00,3,100,16,18,100,1.9,254,151,2.6,5.8,0,0.00,1032.8,1017.7
2025-01-15T07:00,0.0,0.00,84,-2.3,-2.6,0.00,0.00,0.00,3,100,0,0,100,1.3,315,146,1.3,5.0,0,0.00,1033.1,1018.0
2025-01-15T08:00,0.1,0.00,85,-2.1,-2.5,0.00,0.00,0.00,3,100,0,0,100,1.0,338,239,3.9,4.7,0,0.00,1033.4,1018.3
2025-01-15T09:00,0.2,0.00,85,-2.0,-2.9,0.00,0.00,0.00,3,100,5,0,100,4.9,307,260,8.6,9.4,1,0.00,1033.5,1018.4
2025-01-15T10:00,1.0,0.00,81,-1.9,-1.5,0.00,0.00,0.00,3,100,31,0,100,1.1,337,270,6.9,9.7,1,0.00,1034.1,1019.0
2025-01-15T11:00,1.8,0.00,79,-1.5,-0.6,0.00,0.00,0.00,3,100,91,4,100,0.0,22,270,6.8,6.1,1,0.00,1034.4,1019.4
2025-01-15T12:00,2.5,0.00,78,-1.0,-0.0,0.00,0.00,0.00,3,100,94,0,100,1.6,19,270,4.4,5.4,1,0.00,1034.0,1019.0
2025-01-15T13:00,3.0,0.00,78,-0.4,0.3,0.00,0.00,0.00,3,100,5,0,100,2.9,331,259,3.7,7.9,1,0.00,1033.5,1018.5
2025-01-15T14:00,2.0,0.00,86,-0.0,-0.4,0.00,0.00,0.00,3,100,18,16,100,2.2,306,261,4.0,7.2,1,0.00,1033.8,1018.8
2025-01-15T15:00,1.7,0.00,89,0.0,-0.8,0.00,0.00,0.00,3,100,0,0,100,2.0,305,243,3.5,6.5,1,0.00,1033.5,1018.5
2025-01-15T16:00,1.3,0.00,92,0.1,-1.1,0.00,0.00,0.00,3,100,0,0,100,1.8,322,270,5.3,4.3,1,0.00,1033.5,1018.5
2025-01-15T17:00,1.1,0.00,93,0.1,-1.4,0.00,0.00,0.00,3,100,0,0,100,2.6,355,321,7.8,5.4,0,0.00,1033.9,1018.8
2025-01-15T18:00,1.3,0.00,93,0.3,-1.3,0.00,0.00,0.00,3,100,0,0,100,3.5,14,348,10.0,7.2,0,0.00,1034.2,1019.1
2025-01-15T19:00,1.3,0.00,94,0.5,-1.2,0.00,0.00,0.00,3,86,0,0,86,2.9,28,7,9.3,7.2,0,0.00,1034.5,1019.4
2025-01-15T20:00,0.9,0.00,96,0.3,-1.6,0.00,0.00,0.00,2,67,0,0,67,2.9,31,7,8.8,6.5,0,0.00,1035.0,1019.9
2025-01-15T21:00,-0.2,0.00,97,-0.6,-3.0,0.00,0.00,0.00,3,98,0,0,98,4.0,37,32,11.1,8.3,0,0.00,1035.1,1019.9
2025-01-15T22:00,0.1,0.00,96,-0.5,-2.7,0.00,0.00,0.00,3,100,0,0,100,4.4,58,71,12.8,9.4,0,0.00,1035.3,1020.2
2025-01-15T23:00,1.3,0.00,95,0.6,-1.6,0.00,0.00,0.00,3,100,0,0,100,5.9,70,79,15.5,11.9,0,0.00,1035.6,1020.5
2025-01-16T00:00,1.6,0.00,95,0.9,-1.3,0.00,0.00,0.00,3,93,0,0,93,6.6,69,69,16.2,13.0,0,0.00,1035.3,1020.2
2025-01-16T01:00,1.1,0.00,94,0.3,-1.9,0.00,0.00,0.00,3,92,0,0,92,6.1,67,56,15.8,13.3,0,0.00,1035.0,1019.9
2025-01-16T02:00,0.5,0.00,95,-0.2,-2.6,0.00,0.00,0.00,2,66,0,0,66,6.7,74,70,17.4,13.7,0,0.00,1035.6,1020.5
2025-01-16T03:00,1.7,0.00,95,1.1,-1.3,0.00,0.00,0.00,3,87,0,0,87,7.2,81,72,17.3,15.8,0,0.00,1035.7,1020.6
2025-01-16T04:00,1.5,0.00,95,0.8,-1.5,0.00,0.00,0.00,3,92,0,0,92,6.2,89,78,16.6,14.4,0,0.00,1035.8,1020.7
2025-01-16T05:00,1.7,0.00,94,0.9,-1.2,0.00,0.00,0.00,3,100,0,0,100,5.8,91,74,16.4,13.3,0,0.00,1035.7,1020.6
2025-01-16T06:00,1.9,0.00,94,1.0,-1.1,0.00,0.00,0.00,3,82,0,0,82,6.9,86,60,17.1,14.0,0,0.00,1035.8,1020.8
2025-01-16T07:00,2.0,0.00,94,1.2,-1.0,0.00,0.00,0.00,3,82,0,0,82,7.3,79,50,16.9,15.1,0,0.00,1036.0,1021.0
2025-01-16T08:00,1.0,0.00,95,0.3,-2.1,0.00,0.00,0.00,0,0,0,0,0,7.0,70,42,15.9,14.8,0,0.00,1036.2,1021.1
2025-01-16T09:00,0.5,0.00,95,-0.2,-2.8,0.00,0.00,0.00,0,0,0,0,0,7.9,80,60,18.3,15.8,1,101.37,1036.8,1021.7
2025-01-16T10:00,2.3,0.00,91,1.0,-1.0,0.00,0.00,0.00,0,0,0,0,0,8.7,88,73,19.1,18.4,1,3600.00,1037.3,1022.2
2025-01-16T11:00,3.9,0.00,87,1.9,1.1,0.00,0.00,0.00,0,0,0,0,0,6.6,87,81,12.4,17.6,1,3600.00,1037.5,1022.5
2025-01-16T12:00,5.1,0.00,84,2.6,2.5,0.00,0.00,0.00,0,1,0,0,1,6.2,87,83,9.6,17.6,1,3600.00,1037.1,1022.2
2025-01-16T13:00,6.0,0.00,78,2.4,2.9,0.00,0.00,0.00,1,26,0,0,26,9.3,99,98,13.3,22.0,1,3600.00,1036.3,1021.5
2025-01-16T14:00,6.1,0.00,73,1.5,2.9,0.00,0.00,0.00,1,26,0,0,26,9.0,102,103,13.2,23.0,1,3600.00,1036.7,1021.9
2025-01-16T15:00,6.0,0.00,73,1.5,3.0,0.00,0.00,0.00,0,9,0,0,9,7.8,96,98,11.9,21.6,1,3600.00,1036.5,1021.7
2025-01-16T16:00,5.2,0.00,78,1.6,2.5,0.00,0.00,0.00,0,6,0,0,6,5.4,103,104,12.4,18.0,1,3600.00,1036.6,1021.7
2025-01-16T17:00,3.1,0.00,83,0.6,0.4,0.00,0.00,0.00,0,9,0,0,9,4.9,93,73,13.0,11.5,0,938.44,1036.8,1021.8
2025-01-16T18:00,2.0,0.00,87,0.1,-1.2,0.00,0.00,0.00,0,8,0,0,8,7.4,78,56,16.7,14.8,0,0.00,1037.1,1022.0
2025-01-16T19:00,1.6,0.00,88,-0.2,-1.8,0.00,0.00,0.00,0,0,0,0,0,8.5,82,62,20.2,17.3,0,0.00,1037.6,1022.5
2025-01-16T20:00,1.6,0.00,87,-0.4,-1.9,0.00,0.00,0.00,0,0,0,0,0,8.7,96,85,21.9,17.6,0,0.00,1037.6,1022.5
2025-01-16T21:00,1.4,0.00,87,-0.6,-2.0,0.00,0.00,0.00,0,0,0,0,0,8.3,103,95,21.6,17.6,0,0.00,1037.6,1022.5
2025-01-16T22:00,1.0,0.00,87,-0.9,-2.3,0.00,0.00,0.00,0,0,0,0,0,6.9,98,84,18.9,17.3,0,0.00,1037.7,1022.6
2025-01-16T23:00,-0.4,0.00,90,-1.9,-3.7,0.00,0.00,0.00,0,0,0,0,0,5.6,89,69,16.9,14.4,0,0.00,1038.0,1022.8
2025-01-17T00:00,-0.7,0.00,90,-2.2,-4.0,0.00,0.00,0.00,0,0,0,0,0,5.8,89,70,16.9,12.6,0,0.00,1037.9,1022.7
2025-01-17T01:00,-0.9,0.00,90,-2.4,-4.2,0.00,0.00,0.00,0,0,0,0,0,5.7,89,72,17.3,12.6,0,0.00,1037.7,1022.5
2025-01-17T02:00,-0.6,0.00,91,-1.9,-3.9,0.00,0.00,0.00,0,0,0,0,0,6.0,93,74,18.2,13.0,0,0.00,1037.9,1022.7
2025-01-17T03:00,-0.6,0.00,91,-2.0,-4.0,0.00,0.00,0.00,0,0,0,0,0,6.3,94,77,18.8,13.3,0,0.00,1037.8,1022.6
2025-01-17T04:00,-0.2,0.00,91,-1.6,-3.7,0.00,0.00,0.00,1,32,0,0,32,7.4,98,89,20.3,15.5,0,0.00,1037.7,1022.5
2025-01-17T05:00,0.2,0.00,92,-0.9,-3.2,0.00,0.00,0.00,3,92,0,0,92,8.2,102,98,20.8,17.3,0,0.00,1037.7,1022.5
2025-01-17T06:00,0.8,0.00,93,-0.2,-2.5,0.00,0.00,0.00,3,100,0,0,100,7.6,102,94,18.4,18.0,0,0.00,1037.8,1022.7
2025-01-17T07:00,1.1,0.00,92,0.0,-2.0,0.00,0.00,0.00,3,100,0,0,100,6.9,98,81,16.2,16.2,0,0.00,1037.9,1022.8
2025-01-17T08:00,1.1,0.00,93,0.1,-2.1,0.00,0.00,0.00,3,100,0,0,100,7.3,97,79,16.7,15.1,0,0.00,1038.2,1023.1
2025-01-17T09:00,1.3,0.00,92,0.1,-2.1,0.00,0.00,0.00,3,99,0,0,99,8.8,99,85,18.1,17.6,1,0.00,1038.5,1023.4
2025-01-17T10:00,2.3,0.00,86,0.1,-1.6,0.00,0.00,0.00,3,100,0,0,100,11.8,108,106,18.0,25.6,1,773.79,1038.5,1023.4
2025-01-17T11:00,2.8,0.00,83,0.2,-0.9,0.00,0.00,0.00,3,87,0,0,87,10.8,105,105,16.2,27.0,1,2022.95,1038.5,1023.5
2025-01-17T12:00,3.3,0.00,80,0.2,-0.3,0.00,0.00,0.00,3,85,0,0,85,10.0,102,103,14.4,24.5,1,2861.08,1038.3,1023.3
2025-01-17T13:00,4.0,0.00,77,0.3,0.5,0.00,0.00,0.00,2,73,0,0,73,9.4,101,102,13.4,23.8,1,3600.00,1037.4,1022.4
2025-01-17T14:00,3.1,0.00,76,-0.6,-0.5,0.00,0.00,0.00,2,75,0,0,75,9.6,96,96,13.8,23.0,1,2470.64,1037.4,1022.4
2025-01-17T15:00,3.6,0.00,74,-0.6,0.1,0.00,0.00,0.00,3,80,0,0,80,8.3,92,92,12.2,22.3,1,3600.00,1037.1,1022.1
2025-01-17T16:00,3.5,0.00,77,-0.2,0.7,0.00,0.00,0.00,1,41,0,0,41,4.2,83,78,10.2,19.1,1,3236.29,1036.8,1021.8
2025-01-17T17:00,1.8,0.00,81,-1.0,-1.1,0.00,0.00,0.00,0,3,0,0,3,4.6,50,26,10.3,9.7,0,885.42,1036.7,1021.6
2025-01-17T18:00,0.5,0.00,85,-1.8,-2.8,0.00,0.00,0.00,0,5,0,0,5,6.3,51,37,14.3,12.6,0,0.00,1036.8,1021.7
2025-01-17T19:00,-0.6,0.00,87,-2.4,-4.1,0.00,0.00,0.00,0,1,0,0,1,7.4,70,51,17.2,15.1,0,0.00,1036.8,1021.6
2025-01-17T20:00,-0.8,0.00,88,-2.5,-4.5,0.00,0.00,0.00,0,0,0,0,0,7.8,81,64,19.1,16.9,0,0.00,1036.7,1021.5
2025-01-17T21:00,-0.8,0.00,88,-2.6,-4.3,0.00,0.00,0.00,0,0,0,0,0,6.9,85,67,18.1,16.2,0,0.00,1036.2,1021.0
2025-01-17T22:00,-0.9,0.00,88,-2.6,-4.3,0.00,0.00,0.00,0,0,0,0,0,5.9,89,72,17.6,14.4,0,0.00,1035.9,1020.7
2025-01-17T23:00,-1.1,0.00,89,-2.7,-4.3,0.00,0.00,0.00,0,0,0,0,0,4.9,93,66,16.0,13.0,0,0.00,1035.8,1020.6
2025-01-18T00:00,-1.4,0.00,89,-2.9,-4.5,0.00,0.00,0.00,0,0,0,0,0,4.0,89,54,13.7,11.5,0,0.00,1035.3,1020.1
2025-01-18T01:00,-1.7,0.00,90,-3.1,-4.8,0.00,0.00,0.00,0,0,0,0,0,3.8,78,41,11.4,10.4,0,0.00,1034.8,1019.6
2025-01-18T02:00,1.5,0.00,89,-0.1,-1.6,0.00,0.00,0.00,3,94,0,0,94,6.7,80,52,14.6,15.8,0,0.00,1034.7,1019.6
2025-01-18T03:00,1.4,0.00,90,-0.1,-1.9,0.00,0.00,0.00,3,84,0,0,84,7.3,82,62,15.6,15.8,0,0.00,1034.3,1019.2
2025-01-18T04:00,1.2,0.00,90,-0.3,-2.1,0.00,0.00,0.00,1,30,0,0,30,7.8,83,64,16.5,17.3,0,0.00,1034.0,1018.9
2025-01-18T05:00,0.3,0.00,91,-1.0,-3.0,0.00,0.00,0.00,0,1,0,0,1,6.5,82,56,16.7,17.3,0,0.00,1033.5,1018.4
2025-01-18T06:00,-0.3,0.00,90,-1.7,-3.5,0.00,0.00,0.00,0,0,0,0,0,5.2,93,65,16.2,15.1,0,0.00,1033.0,1017.9
2025-01-18T07:00,-0.5,0.00,89,-2.1,-3.7,0.00,0.00,0.00,0,0,0,0,0,5.4,101,76,16.9,13.3,0,0.00,1032.6,1017.5
2025-01-18T08:00,-0.5,0.00,88,-2.2,-3.9,0.00,0.00,0.00,0,0,0,0,0,6.3,100,75,17.7,14.4,0,0.00,1032.5,1017.4
2025-01-18T09:00,-0.2,0.00,89,-1.9,-3.6,0.00,0.00,0.00,0,4,0,0,4,6.9,96,70,16.5,14.8,1,291.08,1032.6,1017.5
2025-01-18T10:00,1.4,0.00,83,-1.1,-2.1,0.00,0.00,0.00,0,18,0,0,18,8.7,103,94,17.6,18.7,1,3600.00,1032.5,1017.5
2025-01-18T11:00,2.8,0.00,74,-1.3,-0.8,0.00,0.00,0.00,0,12,0,0,12,8.9,104,103,13.7,22.0,1,3600.00,1032.3,1017.4
2025-01-18T12:00,3.9,0.00,69,-1.2,0.3,0.00,0.00,0.00,0,6,0,0,6,8.3,100,101,12.1,22.0,1,3600.00,1031.8,1016.9
2025-01-18T13:00,4.9,0.00,66,-0.9,1.6,0.00,0.00,0.00,0,7,0,0,7,7.0,101,103,10.3,20.9,1,3600.00,1030.9,1016.1
2025-01-18T14:00,3.2,0.00,71,-1.5,-0.4,0.00,0.00,0.00,1,44,0,0,44,8.4,121,124,12.2,25.9,1,3600.00,1031.2,1016.3
2025-01-18T15:00,3.5,0.00,72,-1.2,0.4,0.00,0.00,0.00,0,17,0,0,17,5.5,129,128,8.1,20.5,1,3600.00,1030.4,1015.5
2025-01-18T16:00,3.0,0.00,76,-0.7,0.1,0.00,0.00,0.00,0,11,0,0,11,4.3,85,73,8.7,14.0,1,3600.00,1030.3,1015.4
2025-01-18T17:00,1.4,0.00,82,-1.4,-1.6,0.00,0.00,0.00,0,3,0,0,3,4.6,88,77,13.0,10.8,0,1266.66,1030.3,1015.3
2025-01-18T18:00,0.4,0.00,83,-2.2,-2.7,0.00,0.00,0.00,0,4,0,0,4,4.3,89,57,12.6,10.4,0,0.00,1030.1,1015.1
2025-01-18T19:00,-0.3,0.00,84,-2.7,-3.5,0.00,0.00,0.00,0,1,0,0,1,4.6,91,51,11.9,10.4,0,0.00,1029.6,1014.5
2025-01-18T20:00,-0.6,0.00,83,-3.1,-4.2,0.00,0.00,0.00,0,0,0,0,0,6.6,94,69,16.4,13.7,0,0.00,1029.4,1014.3
2025-01-18T21:00,-0.6,0.00,82,-3.2,-4.1,0.00,0.00,0.00,0,0,0,0,0,6.7,103,85,18.1,14.8,0,0.00,1029.0,1013.9
2025-01-18T22:00,-0.6,0.00,82,-3.3,-4.1,0.00,0.00,0.00,0,0,0,0,0,6.3,105,92,17.9,14.4,0,0.00,1028.6,1013.5
2025-01-18T23:00,-0.9,0.00,83,-3.4,-4.3,0.00,0.00,0.00,0,0,0,0,0,5.4,103,86,16.8,14.0,0,0.00,1028.2,1013.1
2025-01-19T00:00,-1.1,0.00,84,-3.5,-4.5,0.00,0.00,0.00,0,0,0,0,0,5.3,97,72,15.8,12.6,0,0.00,1027.8,1012.7
2025-01-19T01:00,-1.2,0.00,83,-3.7,-4.6,0.00,0.00,0.00,0,0,0,0,0,5.2,93,68,15.9,12.6,0,0.00,1027.3,1012.2
2025-01-19T02:00,-1.8,0.00,88,-3.5,-5.4,0.00,0.00,0.00,0,0,0,0,0,6.2,100,80,19.0,13.7,0,0.00,1026.7,1011.6
2025-01-19T03:00,-2.3,0.00,89,-3.9,-5.7,0.00,0.00,0.00,0,0,0,0,0,4.5,105,85,16.2,13.7,0,0.00,1026.2,1011.1
2025-01-19T04:00,-3.1,0.00,90,-4.5,-6.3,0.00,0.00,0.00,0,0,0,0,0,3.6,99,63,14.2,10.8,0,0.00,1025.6,1010.4
2025-01-19T05:00,-3.3,0.00,89,-4.8,-6.4,0.00,0.00,0.00,0,0,0,0,0,2.3,94,39,9.7,9.0,0,0.00,1025.3,1010.1
2025-01-19T06:00,-3.8,0.00,90,-5.2,-7.0,0.00,0.00,0.00,0,0,0,0,0,2.5,86,30,8.5,6.8,0,0.00,1025.0,1009.8
2025-01-19T07:00,-3.9,0.00,90,-5.3,-7.0,0.00,0.00,0.00,0,0,0,0,0,1.7,92,32,8.6,6.8,0,0.00,1024.8,1009.6
2025-01-19T08:00,-3.9,0.00,90,-5.3,-6.9,0.00,0.00,0.00,0,0,0,0,0,1.2,108,51,9.7,6.1,0,0.00,1024.5,1009.3
2025-01-19T09:00,-3.1,0.00,90,-4.5,-6.2,0.00,0.00,0.00,0,0,0,0,0,2.3,118,113,12.0,6.8,1,250.18,1024.5,1009.3
2025-01-19T10:00,-0.7,0.00,83,-3.2,-3.9,0.00,0.00,0.00,0,0,0,0,0,3.8,113,121,11.8,10.4,1,3600.00,1024.1,1009.1
2025-01-19T11:00,1.5,0.00,74,-2.7,-1.3,0.00,0.00,0.00,0,1,0,0,1,1.7,116,139,5.8,10.8,1,3600.00,1023.7,1008.8
2025-01-19T12:00,3.2,0.00,64,-3.0,0.4,0.00,0.00,0.00,0,2,0,0,2,1.9,131,158,3.3,10.8,1,3600.00,1023.1,1008.3
2025-01-19T13:00,4.3,0.00,58,-3.3,1.5,0.00,0.00,0.00,0,2,0,0,2,1.7,159,198,2.5,10.8,1,3600.00,1022.2,1007.5
2025-01-19T14:00,4.1,0.00,62,-2.5,1.3,0.00,0.00,0.00,0,10,0,0,10,2.0,150,180,2.9,14.8,1,3600.00,1021.7,1007.0
2025-01-19T15:00,3.5,0.00,65,-2.5,0.1,0.00,0.00,0.00,0,1,0,0,1,5.8,209,216,7.8,16.6,1,3600.00,1021.7,1006.9
2025-01-19T16:00,1.8,0.00,74,-2.4,-1.3,0.00,0.00,0.00,0,1,0,0,1,3.9,251,257,7.2,14.8,1,3600.00,1021.6,1006.7
2025-01-19T17:00,-0.9,0.00,87,-2.8,-4.0,0.00,0.00,0.00,0,2,0,0,2,4.4,234,235,11.3,8.6,1,1405.80,1022.1,1007.1
2025-01-19T18:00,-1.7,0.00,90,-3.1,-4.8,0.00,0.00,0.00,0,8,0,0,8,3.7,220,219,10.1,9.0,0,0.00,1022.3,1007.2
2025-01-19T19:00,-1.9,0.00,91,-3.2,-4.7,0.00,0.00,0.00,0,15,0,0,15,1.5,196,159,5.8,6.8,0,0.00,1022.2,1007.1
2025-01-19T20:00,-1.8,0.00,91,-3.1,-5.0,0.00,0.00,0.00,0,18,0,0,18,4.2,181,168,9.0,7.9,0,0.00,1022.4,1007.3
2025-01-19T21:00,-2.2,0.00,93,-3.2,-5.3,0.00,0.00,0.00,0,17,0,0,17,3.5,193,165,8.1,8.6,0,0.00,1022.2,1007.1
2025-01-19T22:00,-2.5,0.00,95,-3.2,-6.1,0.00,0.00,0.00,2,59,0,0,59,6.8,188,163,12.2,12.6,0,0.00,1022.2,1007.1
2025-01-19T23:00,-2.8,0.00,97,-3.2,-6.4,0.00,0.00,0.00,3,99,0,0,99,6.7,174,146,13.0,14.8,0,0.00,1022.3,1007.2
2025-01-20T00:00,-2.8,0.00,98,-3.1,-6.3,0.00,0.00,0.00,3,100,6,1,100,5.9,174,137,11.4,13.0,0,0.00,1022.3,1007.2
2025-01-20T01:00,-2.9,0.00,99,-3.1,-6.2,0.00,0.00,0.00,3,100,5,41,100,4.8,190,151,10.6,11.5,0,0.00,1022.3,1007.2
2025-01-20T02:00,-1.7,0.00,99,-1.8,-4.9,0.00,0.00,0.00,3,100,0,42,100,5.5,171,144,7.7,14.0,0,0.00,1021.6,1006.6
2025-01-20T03:00,-1.8,0.00,99,-2.0,-5.1,0.00,0.00,0.00,3,100,0,11,100,6.1,160,130,10.0,12.6,0,0.00,1021.5,1006.5
2025-01-20T04:00,-1.9,0.00,98,-2.2,-5.3,0.00,0.00,0.00,3,96,12,13,94,6.4,169,137,12.8,13.7,0,0.00,1021.4,1006.4
2025-01-20T05:00,-2.2,0.00,97,-2.6,-5.5,0.00,0.00,0.00,3,89,0,0,89,5.1,173,132,11.1,13.7,0,0.00,1021.3,1006.2
2025-01-20T06:00,-2.2,0.00,98,-2.5,-5.7,0.00,0.00,0.00,3,93,0,0,93,6.4,173,140,13.8,14.0,0,0.00,1021.4,1006.3
2025-01-20T07:00,-2.2,0.00,97,-2.6,-5.6,0.00,0.00,0.00,3,100,0,0,100,6.2,172,142,14.7,14.4,0,0.00,1021.6,1006.5
2025-01-20T08:00,-2.1,0.00,98,-2.4,-5.5,0.00,0.00,0.00,3,100,2,0,100,5.9,174,149,13.8,14.0,0,0.00,1021.7,1006.6
2025-01-20T09:00,-1.8,0.00,97,-2.2,-5.2,0.00,0.00,0.00,3,100,1,0,100,6.0,184,159,10.8,14.4,1,0.00,1021.9,1006.8
2025-01-20T10:00,-0.8,0.00,94,-1.7,-3.9,0.00,0.00,0.00,3,100,3,0,100,5.4,177,160,7.7,14.8,1,459.86,1022.2,1007.2
2025-01-20T11:00,0.4,0.00,89,-1.2,-2.7,0.00,0.00,0.00,3,99,0,0,99,4.9,177,172,6.1,15.5,1,3164.89,1022.3,1007.4
2025-01-20T12:00,1.8,0.00,81,-1.1,-1.1,0.00,0.00,0.00,2,63,0,0,63,4.2,172,175,5.4,14.8,1,3600.00,1022.1,1007.2
2025-01-20T13:00,2.9,0.00,76,-0.9,0.3,0.00,0.00,0.00,1,45,0,0,45,2.3,173,184,3.1,14.0,1,3600.00,1021.3,1006.5
2025-01-20T14:00,0.6,0.00,83,-2.0,-2.1,0.00,0.00,0.00,3,100,1,0,100,2.2,222,222,2.7,13.7,1,1971.54,1021.7,1006.8
2025-01-20T15:00,1.0,0.00,79,-2.1,-1.6,0.00,0.00,0.00,2,78,8,0,76,1.5,135,135,2.0,10.1,1,3600.00,1021.3,1006.4
2025-01-20T16:00,0.7,0.00,81,-2.2,-2.1,0.00,0.00,0.00,1,40,19,0,27,2.3,122,122,4.7,9.0,1,3600.00,1021.0,1006.1
2025-01-20T17:00,-0.8,0.00,86,-2.8,-3.7,0.00,0.00,0.00,0,12,0,0,12,2.3,130,122,6.1,4.3,1,1509.44,1020.8,1005.8
2025-01-20T18:00,-1.4,0.00,88,-3.2,-4.4,0.00,0.00,0.00,0,18,14,0,4,2.8,134,101,6.5,5.0,0,0.00,1020.9,1005.9
2025-01-20T19:00,-1.9,0.00,88,-3.6,-5.1,0.00,0.00,0.00,3,100,100,0,2,4.0,124,90,8.4,7.2,0,0.00,1020.8,1005.8
2025-01-20T20:00,-2.3,0.00,89,-3.9,-5.4,0.00,0.00,0.00,3,100,100,0,2,3.1,127,83,6.8,7.6,0,0.00,1020.7,1005.6
2025-01-20T21:00,-2.5,0.00,89,-4.1,-5.6,0.00,0.00,0.00,3,100,100,21,2,2.7,128,70,4.1,5.8,0,0.00,1020.6,1005.5
2025-01-20T22:00,-2.7,0.00,88,-4.3,-5.8,0.00,0.00,0.00,3,99,99,16,1,2.8,39,55,2.3,5.4,0,0.00,1020.5,1005.4
2025-01-20T23:00,-3.0,0.00,87,-4.8,-6.1,0.00,0.00,0.00,1,43,43,0,0,2.1,22,59,3.9,5.4,0,0.00,1020.4,1005.3
2025-01-21T00:00,-3.3,0.00,88,-5.1,-6.4,0.00,0.00,0.00,2,51,50,0,0,1.6,86,96,2.9,3.6,0,0.00,1020.5,1005.4
2025-01-21T01:00,-3.8,0.00,89,-5.4,-6.8,0.00,0.00,0.00,1,21,21,0,0,1.1,113,99,2.3,3.6,0,0.00,1020.2,1005.1
2025-01-21T02:00,-2.3,0.00,93,-3.3,-5.0,0.00,0.00,0.00,0,7,3,5,0,0.6,66,18,1.8,3.2,0,0.00,1020.0,1005.0
2025-01-21T03:00,-2.4,0.00,95,-3.2,-5.5,0.00,0.00,0.00,1,24,0,5,19,3.3,315,324,4.3,5.8,0,0.00,1020.2,1005.1
2025-01-21T04:00,-2.6,0.00,95,-3.2,-5.5,0.00,0.00,0.00,2,58,0,27,43,2.4,328,312,4.7,6.1,0,0.00,1020.5,1005.4
2025-01-21T05:00,-2.6,0.00,96,-3.1,-5.3,0.00,0.00,0.00,2,66,0,31,51,1.2,346,219,0.7,4.0,0,0.00,1020.6,1005.5
2025-01-21T06:00,-2.5,0.00,98,-2.8,-5.2,0.00,0.00,0.00,2,57,0,0,57,1.1,127,198,1.8,4.3,0,0.00,1020.2,1005.1
2025-01-21T07:00,-2.7,0.00,99,-2.9,-5.5,0.00,0.00,0.00,2,74,0,0,74,2.2,128,145,4.1,4.7,0,0.00,1020.0,1004.9
2025-01-21T08:00,-2.7,0.00,98,-3.0,-5.7,0.00,0.00,0.00,2,63,1,0,63,2.8,129,145,6.5,6.5,0,0.00,1020.0,1004.9
2025-01-21T09:00,-2.5,0.00,96,-3.0,-5.5,0.00,0.00,0.00,2,68,0,0,68,3.2,148,177,5.5,8.6,1,281.89,1020.3,1005.2
2025-01-21T10:00,-1.4,0.00,92,-2.6,-4.2,0.00,0.00,0.00,1,21,0,0,21,2.0,152,175,3.1,9.7,1,3600.00,1020.5,1005.5
2025-01-21T11:00,0.3,0.00,85,-2.0,-2.3,0.00,0.00,0.00,0,0,0,0,0,1.5,156,194,1.8,9.4,1,3600.00,1020.5,1005.6
2025-01-21T12:00,2.0,0.00,78,-1.4,-0.7,0.00,0.00,0.00,0,0,0,0,0,2.3,164,180,3.2,11.2,1,3600.00,1019.9,1005.1
2025-01-21T13:00,2.9,0.00,76,-0.9,0.3,0.00,0.00,0.00,0,0,0,0,0,2.3,197,212,3.0,11.9,1,3600.00,1019.2,1004.4
2025-01-21T14:00,0.4,0.00,77,-3.2,-2.4,0.00,0.00,0.00,0,0,0,0,0,1.7,204,221,1.8,13.0,1,3600.00,1019.7,1004.8
2025-01-21T15:00,1.0,0.00,74,-3.2,-1.8,0.00,0.00,0.00,0,0,0,0,0,1.3,270,270,0.9,10.1,1,3600.00,1018.9,1004.0
2025-01-21T16:00,0.5,0.00,77,-3.2,-2.4,0.00,0.00,0.00,0,0,0,0,0,2.0,270,275,1.1,8.3,1,3600.00,1018.5,1003.6
2025-01-21T17:00,-1.5,0.00,87,-3.5,-4.2,0.00,0.00,0.00,0,0,0,0,0,0.6,140,288,3.1,5.0,1,1613.78,1018.3,1003.3
2025-01-21T18:00,-1.9,0.00,88,-3.6,-4.6,0.00,0.00,0.00,0,0,0,0,0,0.5,135,45,5.3,2.9,0,0.00,1018.3,1003.3
2025-01-21T19:00,-2.2,0.00,88,-3.9,-5.3,0.00,0.00,0.00,0,1,1,0,0,2.9,115,68,8.5,6.8,0,0.00,1017.9,1002.9
2025-01-21T20:00,-2.8,0.00,89,-4.4,-5.8,0.00,0.00,0.00,0,0,0,0,0,1.7,115,41,6.0,7.2,0,0.00,1017.5,1002.5
2025-01-21T21:00,-3.1,0.00,89,-4.6,-6.2,0.00,0.00,0.00,0,0,0,0,0,2.5,87,30,3.8,5.4,0,0.00,1017.0,1002.0
2025-01-21T22:00,-3.3,0.00,88,-5.0,-6.4,0.00,0.00,0.00,0,0,0,0,0,2.6,65,39,3.4,5.8,0,0.00,1016.8,1001.7
2025-01-21T23:00,-3.3,0.00,87,-5.2,-6.5,0.00,0.00,0.00,1,29,29,0,0,2.6,92,74,5.8,6.1,0,0.00,1016.4,1001.3
2025-01-22T00:00,-2.9,0.00,85,-5.0,-6.3,0.00,0.00,0.00,0,0,0,0,0,4.3,99,75,10.9,8.6,0,0.00,1016.0,1001.0
2025-01-22T01:00,-2.7,0.00,86,-4.7,-6.2,0.00,0.00,0.00,2,53,53,0,0,4.7,100,74,14.1,11.2,0,0.00,1015.0,1000.0
2025-01-22T02:00,-2.9,0.00,90,-4.3,-6.2,0.00,0.00,0.00,3,99,99,0,0,4.2,100,70,13.0,10.1,0,0.00,1015.3,1000.3
2025-01-22T03:00,-2.7,0.00,90,-4.1,-6.2,0.00,0.00,0.00,3,100,100,0,0,5.6,108,88,15.9,11.9,0,0.00,1014.9,999.9
2025-01-22T04:00,-2.7,0.00,91,-4.0,-6.1,0.00,0.00,0.00,3,100,100,0,0,4.8,122,112,16.2,12.2,0,0.00,1014.4,999.4
2025-01-22T05:00,-2.1,0.00,91,-3.4,-5.7,0.00,0.00,0.00,3,100,100,0,2,6.7,123,110,17.3,13.3,0,0.00,1014.1,999.1
2025-01-22T06:00,-2.1,0.00,91,-3.3,-5.9,0.00,0.00,0.00,3,100,100,0,4,7.8,126,122,18.6,15.5,0,0.00,1013.3,998.4
2025-01-22T07:00,-1.6,0.00,91,-2.9,-5.5,0.00,0.00,0.00,3,100,100,0,6,9.1,118,111,20.8,19.1,0,0.00,1012.8,997.9
2025-01-22T08:00,-1.3,0.00,90,-2.7,-5.1,0.00,0.00,0.00,3,100,100,16,3,8.6,117,110,20.0,18.4,0,0.00,1012.7,997.8
2025-01-22T09:00,-0.5,0.00,87,-2.4,-4.4,0.00,0.00,0.00,3,100,100,1,3,9.9,112,100,21.6,19.4,1,0.00,1012.0,997.2
2025-01-22T10:00,1.0,0.00,82,-1.8,-2.8,0.00,0.00,0.00,3,99,99,44,2,9.5,114,109,21.7,21.2,1,0.00,1011.5,996.8
2025-01-22T11:00,3.2,0.00,71,-1.5,0.1,0.00,0.00,0.00,3,95,93,30,2,5.5,116,122,16.0,17.6,1,3600.00,1011.2,996.6
2025-01-22T12:00,5.0,0.00,63,-1.5,1.4,0.00,0.00,0.00,3,93,8,92,75,8.1,125,125,12.8,20.2,1,3600.00,1010.6,996.1
2025-01-22T13:00,5.7,0.00,60,-1.5,2.5,0.00,0.00,0.00,3,100,100,88,100,5.8,142,144,9.0,20.5,1,3600.00,1009.7,995.2
2025-01-22T14:00,2.1,0.00,75,-2.0,-1.1,0.00,0.00,0.00,3,100,95,100,8,5.5,137,134,10.8,16.2,1,0.00,1010.1,995.4
2025-01-22T15:00,3.0,0.00,71,-1.8,-0.3,0.00,0.00,0.00,3,100,99,100,100,6.2,131,128,12.2,14.8,1,0.00,1009.3,994.7
2025-01-22T16:00,2.7,0.00,74,-1.5,-0.6,0.00,0.00,0.00,3,100,100,100,89,6.4,123,117,14.8,14.4,1,0.00,1008.6,994.0
2025-01-22T17:00,2.7,0.00,75,-1.3,-0.8,0.00,0.00,0.00,3,100,100,100,3,7.8,117,105,17.5,15.1,1,0.00,1007.9,993.3
2025-01-22T18:00,2.6,0.00,77,-1.0,-0.9,0.00,0.00,0.00,3,100,100,43,17,8.4,127,109,18.6,16.2,0,0.00,1007.4,992.8
2025-01-22T19:00,2.7,0.00,79,-0.6,-0.9,0.00,0.00,0.00,3,100,100,53,1,9.4,131,108,20.3,18.4,0,0.00,1006.9,992.3
2025-01-22T20:00,2.6,0.00,82,-0.2,-0.9,0.00,0.00,0.00,3,100,100,13,2,9.6,131,107,20.8,18.7,0,0.00,1006.5,991.9
2025-01-22T21:00,2.2,0.00,85,-0.1,-1.5,0.00,0.00,0.00,3,100,100,26,14,10.1,131,106,21.3,19.4,0,0.00,1005.9,991.3
2025-01-22T22:00,2.6,0.00,84,0.3,-1.0,0.00,0.00,0.00,3,100,100,13,16,10.5,132,110,22.4,20.9,0,0.00,1005.3,990.7
2025-01-22T23:00,2.9,0.00,83,0.3,-1.0,0.00,0.00,0.00,3,100,100,40,7,12.2,129,109,25.2,23.8,0,0.00,1004.4,989.9
2025-01-23T00:00,3.0,0.00,82,0.3,-0.7,0.00,0.00,0.00,3,100,100,86,11,11.4,133,114,24.8,24.1,0,0.00,1004.0,989.5
2025-01-23T01:00,3.4,0.00,79,0.0,-0.3,0.00,0.00,0.00,3,100,100,100,58,10.7,142,121,23.2,22.7,0,0.00,1003.7,989.2
2025-01-23T02:00,3.0,0.30,91,1.7,-0.7,0.30,0.00,0.00,51,100,100,92,57,12.6,142,117,24.1,24.5,0,0.00,1002.5,988.0
2025-01-23T03:00,3.0,0.40,94,2.2,-0.3,0.40,0.00,0.00,51,100,100,55,100,10.7,146,126,25.9,32.4,0,0.00,1001.9,987.4
2025-01-23T04:00,3.0,0.70,95,2.2,-0.1,0.70,0.00,0.00,53,100,100,100,100,9.2,157,123,22.3,29.2,0,0.00,1000.9,986.4
2025-01-23T05:00,3.4,0.50,97,2.9,0.3,0.50,0.00,0.00,53,100,100,100,100,10.0,162,123,20.8,27.7,0,0.00,1000.5,986.0
2025-01-23T06:00,3.8,0.50,96,3.3,1.2,0.50,0.00,0.00,53,100,91,100,100,7.5,205,172,22.9,22.0,0,0.00,1000.4,986.0
2025-01-23T07:00,5.4,0.60,97,5.0,1.4,0.60,0.00,0.00,53,100,63,100,100,18.8,241,240,36.1,38.5,0,0.00,1002.0,987.6
2025-01-23T08:00,4.5,0.40,96,4.0,0.4,0.40,0.00,0.00,51,100,32,100,83,18.5,294,288,34.2,38.2,0,0.00,1004.9,990.4
2025-01-23T09:00,3.2,0.00,95,2.4,-0.8,0.00,0.00,0.00,3,82,0,65,61,15.5,279,275,28.8,38.2,1,0.00,1008.0,993.4
2025-01-23T10:00,3.4,0.00,93,2.4,-0.6,0.00,0.00,0.00,3,100,0,1,100,15.2,262,254,27.1,31.3,1,0.00,1010.2,995.6
2025-01-23T11:00,3.8,0.10,94,2.9,0.1,0.10,0.00,0.00,51,100,0,0,100,13.6,237,229,23.9,30.6,1,0.00,1011.7,997.1
2025-01-23T12:00,4.1,0.10,95,3.4,0.6,0.10,0.00,0.00,51,100,69,0,100,13.6,221,215,22.6,28.4,1,0.00,1012.6,998.0
2025-01-23T13:00,4.5,0.10,94,3.6,1.0,0.10,0.00,0.00,51,100,95,0,99,13.4,215,206,22.1,29.2,1,0.00,1012.7,998.1
2025-01-23T14:00,5.7,0.10,75,1.5,1.7,0.10,0.00,0.00,51,100,98,97,100,14.6,241,240,23.0,36.4,1,195.93,1012.8,998.3
2025-01-23T15:00,5.6,0.00,75,1.4,1.8,0.00,0.00,0.00,3,100,0,0,100,12.7,241,238,21.4,31.7,1,0.00,1012.7,998.2
2025-01-23T16:00,5.2,0.10,78,1.7,2.2,0.10,0.00,0.00,51,100,98,1,100,7.8,235,228,15.4,27.4,1,0.00,1013.1,998.6
2025-01-23T17:00,4.7,0.10,82,1.9,1.7,0.10,0.00,0.00,51,100,99,2,87,7.6,223,211,16.6,16.9,1,0.00,1013.6,999.0
2025-01-23T18:00,3.7,0.10,87,1.8,0.7,0.10,0.00,0.00,51,100,100,0,38,7.6,222,195,17.7,16.2,0,0.00,1013.9,999.3
2025-01-23T19:00,2.9,0.00,91,1.6,-0.4,0.00,0.00,0.00,3,100,100,24,49,10.1,211,186,21.5,20.2,0,0.00,1014.1,999.4
2025-01-23T20:00,2.5,0.00,93,1.5,-0.9,0.00,0.00,0.00,3,100,99,99,46,10.5,193,172,22.9,21.6,0,0.00,1013.6,998.9
2025-01-23T21:00,2.5,0.10,93,1.6,-0.8,0.10,0.00,0.00,51,47,0,0,47,9.7,210,192,22.1,22.0,0,0.00,1013.8,999.1
2025-01-23T22:00,2.3,0.00,92,1.1,-1.0,0.00,0.00,0.00,3,89,10,85,20,9.1,209,187,22.3,20.9,0,0.00,1013.5,998.8
2025-01-23T23:00,2.1,0.00,91,0.8,-1.5,0.00,0.00,0.00,3,96,0,96,8,10.6,201,177,23.6,22.0,0,0.00,1013.1,998.4
2025-01-24T00:00,2.0,5.40,90,0.6,-0.8,1.00,0.00,3.08,75,100,0,100,72,5.2,213,184,18.3,24.1,0,0.00,1013.3,998.6
2025-01-24T01:00,2.9,0.20,91,1.6,-0.9,0.20,0.00,0.00,51,100,0,51,100,13.5,218,211,28.7,26.6,0,0.00,1013.3,998.6
2025-01-24T02:00,4.8,0.10,86,2.7,0.7,0.10,0.00,0.00,51,100,0,97,100,16.9,225,220,30.8,36.7,0,0.00,1013.4,998.8
2025-01-24T03:00,5.1,0.00,86,3.0,1.0,0.00,0.00,0.00,3,100,6,39,100,16.8,230,227,30.8,36.4,0,0.00,1013.7,999.1
2025-01-24T04:00,5.4,0.10,86,3.2,1.8,0.10,0.00,0.00,51,100,3,95,100,13.2,232,227,25.7,36.4,0,0.00,1013.9,999.4
2025-01-24T05:00,5.2,0.10,85,2.9,1.9,0.10,0.00,0.00,51,94,3,69,79,11.0,221,206,22.5,28.1,0,0.00,1014.1,999.5
2025-01-24T06:00,5.1,0.00,84,2.5,1.8,0.00,0.00,0.00,3,100,53,96,100,11.0,213,198,22.6,24.8,0,0.00,1014.0,999.4
2025-01-24T07:00,4.9,0.00,84,2.4,1.9,0.00,0.00,0.00,3,100,100,89,93,9.1,209,187,19.5,23.4,0,0.00,1013.7,999.1
2025-01-24T08:00,4.7,0.00,84,2.3,1.4,0.00,0.00,0.00,3,100,89,94,63,10.9,187,168,22.1,22.3,0,0.00,1013.4,998.8
2025-01-24T09:00,4.8,0.00,84,2.2,1.7,0.00,0.00,0.00,3,100,100,98,6,8.9,176,156,19.1,22.7,1,0.00,1013.1,998.5
2025-01-24T10:00,5.4,0.00,82,2.6,2.1,0.00,0.00,0.00,3,100,100,100,0,10.4,157,138,20.7,21.2,1,0.00,1012.2,997.7
2025-01-24T11:00,6.3,0.00,79,2.9,3.3,0.00,0.00,0.00,3,100,100,100,0,8.9,160,159,18.4,22.3,1,0.00,1012.4,997.9
2025-01-24T12:00,5.8,0.00,79,2.5,2.3,0.00,0.00,0.00,3,100,100,98,0,12.1,169,145,21.8,24.5,1,0.00,1011.7,997.2
2025-01-24T13:00,6.5,0.00,69,1.3,2.9,0.00,0.00,0.00,3,100,100,100,0,11.3,188,166,23.4,27.0,1,0.00,1010.4,996.0
2025-01-24T14:00,8.2,0.00,65,2.0,4.9,0.00,0.00,0.00,3,100,100,100,0,10.2,192,173,21.7,23.0,1,0.00,1010.1,995.7
2025-01-24T15:00,8.3,0.00,63,1.6,4.7,0.00,0.00,0.00,3,100,100,100,0,11.5,204,191,24.4,25.9,1,0.00,1009.4,995.1
2025-01-24T16:00,8.2,0.00,63,1.6,5.2,0.00,0.00,0.00,3,100,100,99,0,8.1,213,201,21.3,26.6,1,0.00,1009.5,995.2
2025-01-24T17:00,7.9,0.00,64,1.4,4.7,0.00,0.00,0.00,3,100,100,99,0,8.8,217,197,22.8,20.2,1,0.00,1010.1,995.7
2025-01-24T18:00,8.2,0.00,62,1.3,4.6,0.00,0.00,0.00,3,100,100,100,0,11.5,206,188,26.2,25.2,0,0.00,1010.2,995.8
2025-01-24T19:00,8.1,0.00,60,0.9,4.4,0.00,0.00,0.00,3,100,99,100,3,11.8,206,189,26.6,26.3,0,0.00,1010.4,996.0
2025-01-24T20:00,8.1,0.00,61,1.0,4.7,0.00,0.00,0.00,3,100,85,100,10,9.3,196,170,22.5,25.9,0,0.00,1010.6,996.2
2025-01-24T21:00,8.1,0.00,60,0.9,4.8,0.00,0.00,0.00,3,100,98,100,0,8.9,188,155,21.1,20.9,0,0.00,1010.0,995.6
2025-01-24T22:00,8.4,0.00,59,0.9,5.3,0.00,0.00,0.00,3,100,78,100,0,7.8,197,165,21.1,20.2,0,0.00,1009.7,995.4
2025-01-24T23:00,8.4,0.00,59,0.9,5.4,0.00,0.00,0.00,3,96,54,91,0,6.7,209,172,20.3,18.7,0,0.00,1009.7,995.4
2025-01-25T00:00,8.5,0.00,56,0.2,5.1,0.00,0.00,0.00,3,92,83,84,0,9.0,211,192,24.1,20.5,0,0.00,1009.3,995.0
2025-01-25T01:00,7.7,0.00,55,-0.7,4.0,0.00,0.00,0.00,3,100,36,100,0,10.0,213,201,26.3,22.7,0,0.00,1009.3,994.9
2025-01-25T02:00,8.3,0.00,59,0.7,5.1,0.00,0.00,0.00,3,100,100,92,0,8.2,210,194,23.0,20.2,0,0.00,1008.7,994.4
2025-01-25T03:00,8.2,0.00,59,0.5,4.9,0.00,0.00,0.00,3,100,51,100,0,8.6,216,200,24.0,19.1,0,0.00,1008.8,994.5
2025-01-25T04:00,8.6,0.00,58,0.9,5.3,0.00,0.00,0.00,3,100,73,100,0,8.8,211,189,23.1,19.8,0,0.00,1008.7,994.4
2025-01-25T05:00,8.3,0.00,60,1.0,5.1,0.00,0.00,0.00,3,100,100,100,0,8.5,198,168,21.5,20.5,0,0.00,1008.9,994.6
2025-01-25T06:00,8.3,0.00,60,1.0,5.0,0.00,0.00,0.00,3,100,100,100,0,9.2,176,140,20.4,19.1,0,0.00,1008.0,993.7
2025-01-25T07:00,8.6,0.00,59,1.1,5.2,0.00,0.00,0.00,3,100,100,100,0,9.3,191,164,23.1,21.2,0,0.00,1008.2,993.9
2025-01-25T08:00,8.5,0.00,60,1.2,5.4,0.00,0.00,0.00,3,100,94,100,0,7.9,181,139,20.0,20.9,0,0.00,1008.0,993.7
2025-01-25T09:00,8.6,0.00,62,1.6,5.8,0.00,0.00,0.00,3,100,99,100,0,6.2,196,154,18.0,17.6,1,0.00,1008.1,993.8
2025-01-25T10:00,9.3,0.00,59,1.8,6.2,0.00,0.00,0.00,3,100,91,100,0,8.6,212,188,22.2,20.2,1,0.00,1008.9,994.6
2025-01-25T11:00,9.8,0.00,62,2.8,6.8,0.00,0.00,0.00,3,100,90,100,0,9.0,194,170,21.0,22.3,1,371.75,1008.9,994.6
2025-01-25T12:00,10.8,0.00,63,4.1,8.3,0.00,0.00,0.00,3,91,64,75,0,7.9,200,169,19.5,20.2,1,1701.19,1009.3,995.1
2025-01-25T13:00,12.8,0.00,61,5.4,10.4,0.00,0.00,0.00,3,92,87,40,1,8.6,209,188,23.8,22.0,1,3600.00,1008.9,994.8
2025-01-25T14:00,15.0,0.00,59,7.0,13.1,0.00,0.00,0.00,3,91,90,8,9,7.5,217,188,24.3,19.8,1,3600.00,1008.0,994.0
2025-01-25T15:00,14.9,0.00,61,7.3,12.4,0.00,0.00,0.00,3,96,96,27,0,12.0,225,219,23.5,25.9,1,3600.00,1007.7,993.7
2025-01-25T16:00,13.8,0.00,67,7.8,11.9,0.00,0.00,0.00,2,58,46,18,16,8.5,217,208,19.9,26.6,1,3600.00,1007.9,993.9
2025-01-25T17:00,12.1,0.00,73,7.4,10.5,0.00,0.00,0.00,3,99,92,94,0,6.0,203,173,16.5,18.4,1,1590.51,1007.6,993.5
2025-01-25T18:00,11.5,0.00,75,7.2,9.7,0.00,0.00,0.00,3,100,100,100,8,7.0,178,136,14.2,14.4,0,0.00,1007.5,993.3
2025-01-25T19:00,10.1,0.30,82,7.2,8.2,0.30,0.00,0.00,51,100,99,100,93,7.5,220,217,19.3,14.0,0,0.00,1008.1,993.9
2025-01-25T20:00,9.0,5.80,93,7.9,7.5,5.80,0.00,0.00,63,100,100,100,5,6.9,194,157,15.9,16.9,0,0.00,1008.0,993.7
2025-01-25T21:00,8.5,0.60,95,7.7,7.0,0.60,0.00,0.00,53,100,100,100,4,6.0,176,139,17.0,19.4,0,0.00,1007.4,993.1
2025-01-25T22:00,8.7,4.40,93,7.6,6.3,4.40,0.00,0.00,63,100,100,100,6,11.7,209,194,27.8,24.8,0,0.00,1007.6,993.3
2025-01-25T23:00,9.3,1.60,96,8.6,7.1,1.60,0.00,0.00,61,100,100,100,1,12.1,205,191,26.6,27.0,0,0.00,1007.4,993.1
2025-01-26T00:00,9.4,1.00,96,8.8,6.9,1.00,0.00,0.00,55,100,100,100,7,15.1,208,200,29.9,32.8,0,0.00,1007.3,993.1
2025-01-26T01:00,9.0,1.20,95,8.3,6.1,1.20,0.00,0.00,55,100,99,100,11,16.5,220,215,31.7,34.6,0,0.00,1007.8,993.5
2025-01-26T02:00,9.5,0.40,95,8.7,6.1,0.40,0.00,0.00,51,100,92,100,36,20.4,224,221,37.0,41.8,0,0.00,1008.1,993.8
2025-01-26T03:00,8.9,0.20,92,7.7,5.7,0.20,0.00,0.00,51,100,85,100,5,17.5,224,220,31.6,43.2,0,0.00,1008.6,994.3
2025-01-26T04:00,8.4,0.00,95,7.6,5.7,0.00,0.00,0.00,3,100,60,100,15,13.8,219,212,26.6,35.3,0,0.00,1008.3,994.0
2025-01-26T05:00,8.0,0.00,93,6.9,4.9,0.00,0.00,0.00,3,100,98,100,10,15.4,213,206,28.2,32.0,0,0.00,1008.5,994.2
2025-01-26T06:00,7.6,0.00,91,6.1,4.1,0.00,0.00,0.00,3,100,100,100,75,17.1,210,205,31.0,36.0,0,0.00,1009.0,994.6
2025-01-26T07:00,7.3,0.20,88,5.5,3.3,0.20,0.00,0.00,51,100,100,100,99,19.6,228,225,34.3,46.1,0,0.00,1009.4,995.0
2025-01-26T08:00,6.9,0.10,79,3.6,2.4,0.10,0.00,0.00,51,96,68,51,84,20.9,229,227,36.0,46.4,0,0.00,1010.5,996.1
2025-01-26T09:00,6.5,0.10,78,2.9,2.1,0.10,0.00,0.00,51,100,26,77,100,19.2,223,220,33.1,44.6,1,0.00,1011.2,996.7
2025-01-26T10:00,6.4,0.10,77,2.7,1.9,0.10,0.00,0.00,51,100,6,1,100,19.1,219,216,32.1,40.3,1,0.00,1011.8,997.3
2025-01-26T11:00,6.1,0.10,78,2.6,1.6,0.10,0.00,0.00,51,100,0,17,100,19.3,226,224,32.0,42.1,1,0.00,1012.0,997.5
2025-01-26T12:00,6.1,0.10,74,1.9,1.3,0.10,0.00,0.00,51,100,0,4,100,20.2,234,233,32.5,46.8,1,0.00,1012.4,997.9
2025-01-26T13:00,6.0,0.00,73,1.6,1.6,0.00,0.00,0.00,3,100,0,0,100,17.7,237,235,27.8,47.2,1,0.00,1012.0,997.5
2025-01-26T14:00,6.2,0.00,70,1.2,1.5,0.00,0.00,0.00,3,100,13,0,100,18.4,234,233,28.2,41.0,1,0.00,1011.5,997.0
2025-01-26T15:00,6.2,0.00,69,0.9,2.6,0.00,0.00,0.00,2,79,78,0,4,10.9,230,230,17.5,41.8,1,0.00,1010.6,996.1
2025-01-26T16:00,6.4,0.00,69,1.2,3.8,0.00,0.00,0.00,3,99,99,0,0,4.7,207,196,9.7,25.2,1,3600.00,1010.3,995.9
2025-01-26T17:00,4.7,0.00,77,1.0,2.3,0.00,0.00,0.00,3,94,94,1,0,3.1,145,93,5.9,10.4,1,671.23,1009.9,995.4
2025-01-26T18:00,4.0,0.00,79,0.8,0.7,0.00,0.00,0.00,3,99,99,3,0,9.0,122,100,18.7,16.9,0,0.00,1008.9,994.4
2025-01-26T19:00,3.7,0.00,80,0.6,-0.0,0.00,0.00,0.00,3,100,100,100,0,11.5,128,113,24.6,22.3,0,0.00,1008.3,993.7
2025-01-26T20:00,5.4,0.00,71,0.5,1.2,0.00,0.00,0.00,3,100,100,100,0,14.7,128,118,30.5,30.6,0,0.00,1007.3,992.8
2025-01-26T21:00,5.7,0.00,65,-0.4,1.3,0.00,0.00,0.00,3,100,100,100,54,15.0,142,127,30.0,32.0,0,0.00,1006.1,991.7
2025-01-26T22:00,6.8,0.00,60,-0.5,2.6,0.00,0.00,0.00,3,100,93,98,35,13.5,155,137,27.7,31.7,0,0.00,1005.1,990.8
2025-01-26T23:00,7.2,0.00,61,0.2,3.0,0.00,0.00,0.00,3,100,100,62,26,14.4,147,136,29.8,30.2,0,0.00,1004.0,989.7
2025-01-27T00:00,7.2,0.00,64,0.7,3.1,0.00,0.00,0.00,3,100,100,89,15,13.9,152,138,28.8,30.2,0,0.00,1003.3,989.0
2025-01-27T01:00,7.0,0.10,69,1.6,3.2,0.10,0.00,0.00,51,100,100,100,14,12.7,149,133,26.6,29.2,0,0.00,1002.4,988.1
2025-01-27T02:00,7.5,0.00,72,2.9,3.8,0.00,0.00,0.00,3,100,100,96,22,14.5,158,143,29.8,30.2,0,0.00,1001.4,987.1
2025-01-27T03:00,6.6,0.80,91,5.2,3.3,0.80,0.00,0.00,53,100,100,100,6,14.8,153,137,30.4,31.3,0,0.00,1000.7,986.4
2025-01-27T04:00,7.0,1.30,95,6.2,3.4,1.30,0.00,0.00,61,100,100,100,99,17.6,156,142,33.8,36.0,0,0.00,999.8,985.5
2025-01-27T05:00,7.4,0.50,93,6.4,3.9,0.50,0.00,0.00,53,100,100,100,21,18.0,150,140,33.0,47.9,0,0.00,998.9,984.7
2025-01-27T06:00,7.6,0.00,92,6.4,4.5,0.00,0.00,0.00,3,100,100,100,21,15.0,154,137,28.3,36.0,0,0.00,998.7,984.5
2025-01-27T07:00,8.0,0.00,91,6.7,5.2,0.00,0.00,0.00,3,100,100,100,24,13.5,157,131,25.0,30.2,0,0.00,998.3,984.1
2025-01-27T08:00,8.3,0.00,89,6.7,5.6,0.00,0.00,0.00,3,100,100,97,44,12.5,153,123,23.2,27.7,0,0.00,998.1,983.9
2025-01-27T09:00,9.6,0.00,82,6.7,6.8,0.00,0.00,0.00,3,97,20,97,19,13.4,172,149,26.3,27.4,1,0.00,998.1,984.0
2025-01-27T10:00,10.6,0.20,79,7.1,7.7,0.20,0.00,0.00,51,100,100,100,22,14.8,200,186,28.1,31.0,1,0.00,998.4,984.3
2025-01-27T11:00,11.5,0.00,74,6.9,8.1,0.00,0.00,0.00,3,100,7,100,42,17.6,214,208,32.5,37.4,1,0.00,998.9,984.9
2025-01-27T12:00,11.6,0.10,76,7.5,8.4,0.10,0.00,0.00,51,100,35,100,25,17.7,217,215,31.8,39.6,1,0.00,998.9,984.9
2025-01-27T13:00,11.6,0.10,75,7.4,8.5,0.10,0.00,0.00,51,100,28,100,2,16.1,223,220,29.0,38.5,1,0.00,998.6,984.6
2025-01-27T14:00,11.2,0.20,91,9.9,8.3,0.20,0.00,0.00,51,100,85,100,14,19.5,215,214,33.5,40.0,1,0.00,998.5,984.5
2025-01-27T15:00,11.5,0.00,86,9.3,8.7,0.00,0.00,0.00,3,100,100,100,6,17.9,221,220,31.3,40.7,1,0.00,998.2,984.2
2025-01-27T16:00,11.2,0.10,84,8.6,8.7,0.10,0.00,0.00,51,100,100,98,17,14.9,218,216,26.8,39.2,1,0.00,998.3,984.3
2025-01-27T17:00,10.5,0.10,79,7.0,7.6,0.10,0.00,0.00,51,100,100,99,7,14.9,206,205,28.1,31.7,1,0.00,999.0,984.9
2025-01-27T18:00,9.7,0.40,82,6.7,6.2,0.40,0.00,0.00,51,100,46,100,7,17.7,219,217,32.4,36.0,0,0.00,999.5,985.4
2025-01-27T19:00,8.9,0.20,89,7.2,5.9,0.20,0.00,0.00,51,97,89,95,22,15.0,215,210,28.6,37.1,0,0.00,999.8,985.6
2025-01-27T20:00,8.5,0.00,91,7.0,5.9,0.00,0.00,0.00,3,100,100,38,16,12.6,204,193,25.7,31.3,0,0.00,999.7,985.5
2025-01-27T21:00,8.5,0.00,86,6.3,5.7,0.00,0.00,0.00,2,74,69,7,15,12.7,199,187,25.7,28.4,0,0.00,999.8,985.6
2025-01-27T22:00,7.9,0.00,83,5.2,5.1,0.00,0.00,0.00,3,93,89,66,24,11.5,203,188,24.9,27.0,0,0.00,1000.0,985.8
2025-01-27T23:00,8.4,0.00,77,4.6,5.2,0.00,0.00,0.00,3,100,100,92,17,12.6,204,189,25.9,27.4,0,0.00,999.9,985.7
2025-01-28T00:00,8.1,0.00,77,4.2,5.3,0.00,0.00,0.00,3,100,100,4,6,9.4,193,175,21.4,27.0,0,0.00,999.5,985.3
2025-01-28T01:00,7.7,0.00,77,4.0,5.0,0.00,0.00,0.00,3,100,100,50,25,8.5,200,181,20.2,20.2,0,0.00,999.7,985.5
2025-01-28T02:00,7.4,0.00,80,4.2,4.5,0.00,0.00,0.00,3,100,100,22,23,10.3,145,125,22.5,21.6,0,0.00,998.8,984.6
2025-01-28T03:00,6.7,0.00,83,4.1,4.0,0.00,0.00,0.00,3,100,100,95,55,9.1,152,129,20.6,20.5,0,0.00,998.8,984.5
2025-01-28T04:00,7.3,0.00,82,4.4,3.9,0.00,0.00,0.00,3,100,100,99,2,13.8,160,144,27.9,28.1,0,0.00,997.9,983.7
2025-01-28T05:00,7.4,0.00,82,4.5,4.5,0.00,0.00,0.00,3,100,100,97,6,10.4,183,170,23.3,28.4,0,0.00,997.9,983.7
2025-01-28T06:00,6.9,0.00,83,4.3,4.3,0.00,0.00,0.00,3,100,100,89,13,8.2,215,199,20.6,21.6,0,0.00,998.1,983.9
2025-01-28T07:00,6.6,0.10,89,4.9,3.6,0.10,0.00,0.00,51,100,100,100,27,12.2,214,204,25.0,25.9,0,0.00,998.5,984.2
2025-01-28T08:00,6.3,0.00,91,5.0,3.3,0.00,0.00,0.00,3,100,100,100,1,11.6,211,202,23.3,25.6,0,0.00,998.7,984.4
2025-01-28T09:00,6.1,0.00,92,4.9,3.3,0.00,0.00,0.00,3,100,100,100,3,10.6,211,203,21.7,24.8,1,0.00,998.7,984.4
2025-01-28T10:00,6.8,0.00,91,5.4,3.9,0.00,0.00,0.00,3,100,100,100,9,11.8,215,208,22.0,25.6,1,0.00,998.5,984.2
2025-01-28T11:00,7.8,0.00,85,5.4,4.9,0.00,0.00,0.00,3,100,100,94,30,11.7,206,203,19.5,35.6,1,0.00,998.7,984.5
2025-01-28T12:00,8.1,0.00,83,5.4,5.3,0.00,0.00,0.00,3,100,100,79,22,11.4,199,192,18.5,26.6,1,0.00,998.3,984.1
2025-01-28T13:00,8.7,0.00,77,4.9,5.2,0.00,0.00,0.00,3,100,100,52,33,15.7,207,208,24.4,34.2,1,166.72,998.0,983.8
2025-01-28T14:00,9.1,0.20,74,4.8,5.4,0.20,0.00,0.00,51,100,100,18,28,16.7,211,212,25.9,42.1,1,3441.66,998.9,984.8
2025-01-28T15:00,9.4,0.00,66,3.3,5.6,0.00,0.00,0.00,3,88,83,4,31,15.5,220,219,24.2,37.8,1,714.03,998.6,984.5
2025-01-28T16:00,9.1,0.00,67,3.3,5.8,0.00,0.00,0.00,3,100,100,0,10,11.8,210,205,21.5,34.2,1,3600.00,998.6,984.5
2025-01-28T17:00,8.2,0.00,68,2.6,4.9,0.00,0.00,0.00,1,40,2,32,10,10.8,214,206,22.7,25.9,1,2174.59,999.1,984.9
2025-01-28T18:00,7.4,0.00,68,2.0,3.9,0.00,0.00,0.00,3,90,0,89,10,11.6,201,188,24.8,24.5,0,0.00,999.1,984.9
2025-01-28T19:00,8.0,0.00,63,1.4,3.7,0.00,0.00,0.00,3,95,0,95,52,16.8,208,205,32.1,35.6,0,0.00,999.5,985.3
2025-01-28T20:00,7.6,0.10,70,2.5,3.5,0.10,0.00,0.00,51,100,11,100,100,16.1,213,211,30.0,37.1,0,0.00,1000.1,985.9
2025-01-28T21:00,7.2,0.40,81,4.1,3.4,0.40,0.00,0.00,51,100,88,50,100,16.2,210,206,29.3,35.6,0,0.00,1000.5,986.2
2025-01-28T22:00,7.3,0.10,82,4.4,3.5,0.10,0.00,0.00,51,99,15,56,98,17.0,215,211,30.9,36.7,0,0.00,1000.9,986.6
2025-01-28T23:00,7.5,0.00,79,4.0,3.5,0.00,0.00,0.00,3,100,79,54,100,17.5,210,206,31.3,38.2,0,0.00,1001.4,987.1
2025-01-29T00:00,7.4,0.00,76,3.5,3.4,0.00,0.00,0.00,3,100,83,71,100,16.9,207,204,30.4,38.2,0,0.00,1001.4,987.1
2025-01-29T01:00,5.9,0.70,92,4.7,2.3,0.70,0.00,0.00,53,100,22,100,100,15.8,206,201,29.1,38.9,0,0.00,1001.8,987.4
2025-01-29T02:00,7.4,2.10,86,5.2,3.5,2.10,0.00,0.00,61,100,100,9,29,18.8,214,209,34.2,38.5,0,0.00,1001.2,986.9
2025-01-29T03:00,6.7,0.50,86,4.6,2.3,0.50,0.00,0.00,53,100,100,89,72,21.4,217,214,37.4,45.7,0,0.00,1001.9,987.6
2025-01-29T04:00,6.5,0.70,92,5.3,2.1,0.70,0.00,0.00,53,100,94,68,100,21.9,222,219,38.0,45.7,0,0.00,1002.3,988.0
2025-01-29T05:00,6.8,0.10,93,5.7,2.3,0.10,0.00,0.00,51,100,78,98,100,23.5,226,225,40.4,49.7,0,0.00,1002.9,988.6
2025-01-29T06:00,6.8,0.10,92,5.6,2.5,0.10,0.00,0.00,51,96,32,88,68,21.8,236,235,37.3,49.7,0,0.00,1004.1,989.8
2025-01-29T07:00,6.9,0.30,90,5.5,2.8,0.30,0.00,0.00,51,99,96,83,71,20.5,239,238,35.3,46.1,0,0.00,1004.9,990.6
2025-01-29T08:00,6.8,0.20,90,5.3,2.5,0.20,0.00,0.00,51,100,74,99,68,21.5,244,242,36.9,45.0,0,0.00,1006.3,991.9
2025-01-29T09:00,6.9,0.00,87,4.9,2.8,0.00,0.00,0.00,2,69,14,39,54,19.7,244,241,34.4,45.4,1,0.00,1007.6,993.2
2025-01-29T10:00,7.5,0.00,82,4.7,3.1,0.00,0.00,0.00,3,85,0,33,78,21.7,245,243,35.9,47.9,1,3600.00,1008.4,994.0
2025-01-29T11:00,8.1,0.10,81,4.9,3.8,0.10,0.00,0.00,51,30,0,16,27,20.5,238,238,32.8,45.0,1,3600.00,1009.3,995.0
2025-01-29T12:00,8.8,0.00,75,4.6,4.0,0.00,0.00,0.00,2,59,0,30,52,23.7,239,238,37.1,52.9,1,3600.00,1009.8,995.5
2025-01-29T13:00,8.9,0.60,72,4.2,4.1,0.60,0.00,0.00,53,44,0,3,42,22.8,247,246,35.3,55.4,1,3600.00,1009.7,995.4
2025-01-29T14:00,9.6,0.00,65,3.4,4.7,0.00,0.00,0.00,3,84,74,17,33,22.8,244,243,35.3,54.4,1,3600.00,1010.2,995.9
2025-01-29T15:00,9.9,0.00,62,2.8,5.8,0.00,0.00,0.00,3,100,100,0,3,16.3,239,237,25.7,49.3,1,3600.00,1010.0,995.7
2025-01-29T16:00,9.2,0.00,63,2.6,5.8,0.00,0.00,0.00,3,100,100,0,18,11.6,228,223,21.0,35.6,1,3600.00,1010.0,995.7
2025-01-29T17:00,7.7,0.00,69,2.4,4.6,0.00,0.00,0.00,3,100,100,4,22,9.2,212,201,20.2,25.6,1,2380.49,1010.3,995.9
2025-01-29T18:00,6.6,0.00,74,2.3,3.6,0.00,0.00,0.00,3,100,100,30,12,8.2,191,165,18.7,19.4,0,0.00,1011.0,996.6
2025-01-29T19:00,6.1,0.00,76,2.2,3.2,0.00,0.00,0.00,3,99,98,70,9,7.9,178,150,18.7,16.9,0,0.00,1011.2,996.7
2025-01-29T20:00,5.7,0.00,77,2.0,3.0,0.00,0.00,0.00,3,100,100,99,0,6.3,182,145,16.6,15.8,0,0.00,1011.7,997.2
2025-01-29T21:00,5.9,0.00,77,2.1,3.2,0.00,0.00,0.00,3,100,72,100,0,6.1,166,124,14.3,13.3,0,0.00,1011.6,997.1
2025-01-29T22:00,5.3,0.00,78,1.9,2.4,0.00,0.00,0.00,3,99,3,99,0,7.2,151,118,16.1,13.7,0,0.00,1011.9,997.4
2025-01-29T23:00,5.3,0.00,79,1.9,2.1,0.00,0.00,0.00,3,100,2,100,0,9.1,130,105,18.8,17.6,0,0.00,1011.6,997.1
2025-01-30T00:00,5.2,0.00,79,1.9,1.9,0.00,0.00,0.00,3,100,16,100,0,10.3,124,106,22.1,20.9,0,0.00,1011.6,997.1
2025-01-30T01:00,5.4,0.00,77,1.7,2.0,0.00,0.00,0.00,3,91,58,83,0,10.2,122,108,22.8,21.6,0,0.00,1011.9,997.4
2025-01-30T02:00,4.4,0.00,82,1.7,1.0,0.00,0.00,0.00,3,100,100,100,0,11.0,125,108,22.8,21.6,0,0.00,1012.0,997.4
2025-01-30T03:00,4.2,0.00,82,1.4,0.8,0.00,0.00,0.00,3,100,100,97,0,9.9,127,105,19.9,22.7,0,0.00,1012.2,997.6
2025-01-30T04:00,3.8,0.00,83,1.1,0.6,0.00,0.00,0.00,3,100,100,83,0,8.4,135,110,16.9,19.8,0,0.00,1012.4,997.8
2025-01-30T05:00,3.7,0.00,81,0.8,0.2,0.00,0.00,0.00,3,100,100,100,0,10.2,127,103,19.5,20.5,0,0.00,1012.8,998.2
2025-01-30T06:00,4.0,0.00,80,0.9,0.8,0.00,0.00,0.00,3,100,100,100,1,8.0,126,110,17.8,20.2,0,0.00,1013.0,998.4
2025-01-30T07:00,3.5,0.00,83,0.8,0.4,0.00,0.00,0.00,3,100,100,97,17,7.6,146,115,16.6,16.2,0,0.00,1013.7,999.1
2025-01-30T08:00,3.9,0.00,81,0.9,1.0,0.00,0.00,0.00,3,100,75,100,2,6.1,181,130,14.8,15.1,1,0.00,1014.4,999.8
2025-01-30T09:00,5.1,0.00,76,1.2,2.3,0.00,0.00,0.00,3,100,100,100,8,6.3,202,156,14.8,13.7,1,0.00,1015.0,1000.4
2025-01-30T10:00,6.0,0.00,75,1.8,3.1,0.00,0.00,0.00,3,100,83,100,5,6.9,203,166,14.7,15.1,1,0.00,1015.8,1001.3
2025-01-30T11:00,7.4,0.10,74,3.1,5.0,0.10,0.00,0.00,51,100,98,93,2,5.8,192,160,12.5,16.2,1,334.73,1015.9,1001.4
2025-01-30T12:00,8.4,0.00,71,3.4,6.0,0.00,0.00,0.00,3,98,97,34,3,5.6,167,159,9.0,14.8,1,2914.75,1016.1,1001.7
2025-01-30T13:00,9.7,0.00,63,3.1,7.0,0.00,0.00,0.00,3,100,100,26,0,7.3,191,187,10.6,18.4,1,3600.00,1016.0,1001.6
2025-01-30T14:00,9.9,0.00,71,5.0,7.5,0.00,0.00,0.00,1,30,0,21,14,8.4,207,203,12.6,21.6,1,3600.00,1016.4,1002.0
2025-01-30T15:00,10.3,0.00,71,5.3,8.1,0.00,0.00,0.00,1,22,0,13,19,7.4,211,206,11.5,21.6,1,3600.00,1016.3,1002.0
2025-01-30T16:00,10.1,0.00,74,5.7,8.1,0.00,0.00,0.00,1,46,3,43,9,6.1,218,208,12.7,18.4,1,3600.00,1016.4,1002.1
2025-01-30T17:00,8.9,0.00,78,5.2,6.5,0.00,0.00,0.00,3,100,3,100,62,8.6,222,213,19.5,16.6,1,2568.60,1016.9,1002.5
2025-01-30T18:00,8.7,0.10,81,5.6,6.0,0.10,0.00,0.00,51,100,57,100,100,11.3,229,226,22.6,24.5,0,0.00,1017.7,1003.3
2025-01-30T19:00,7.6,0.80,94,6.7,5.2,0.80,0.00,0.00,53,100,17,98,100,10.7,233,229,23.0,23.8,0,0.00,1018.4,1003.9
2025-01-30T20:00,7.2,0.20,95,6.5,4.7,0.20,0.00,0.00,51,82,45,44,63,11.1,244,241,22.5,22.3,0,0.00,1019.0,1004.5
2025-01-30T21:00,6.8,0.10,91,5.4,4.0,0.10,0.00,0.00,51,92,0,48,88,11.1,255,254,22.1,23.4,0,0.00,1020.0,1005.4
2025-01-30T22:00,6.1,0.20,97,5.6,3.2,0.20,0.00,0.00,51,100,0,72,100,12.4,304,298,24.1,23.8,0,0.00,1021.2,1006.6
2025-01-30T23:00,4.9,0.80,96,4.3,1.4,0.80,0.00,0.00,53,100,0,93,100,14.6,326,322,25.8,34.2,0,0.00,1022.2,1007.5
2025-01-31T00:00,4.7,0.20,95,3.9,1.5,0.20,0.00,0.00,51,100,0,100,97,12.2,323,317,21.3,29.9,0,0.00,1023.2,1008.5
2025-01-31T01:00,4.3,0.00,95,3.6,1.0,0.00,0.00,0.00,3,99,0,99,32,12.1,327,322,21.1,25.6,0,0.00,1024.1,1009.3
2025-01-31T02:00,4.2,0.00,95,3.4,0.9,0.00,0.00,0.00,1,34,0,4,32,12.4,327,321,22.5,29.5,0,0.00,1024.7,1009.9
2025-01-31T03:00,3.0,0.00,97,2.5,0.0,0.00,0.00,0.00,1,31,0,0,31,8.8,323,314,19.0,25.6,0,0.00,1025.5,1010.7
2025-01-31T04:00,2.3,0.00,98,2.0,-0.3,0.00,0.00,0.00,0,14,0,0,14,5.6,318,303,14.9,18.0,0,0.00,1026.1,1011.2
2025-01-31T05:00,1.7,0.00,98,1.4,-1.1,0.00,0.00,0.00,1,39,0,0,39,6.1,322,313,16.5,13.0,0,0.00,1026.7,1011.8
2025-01-31T06:00,1.8,0.00,98,1.5,-1.1,0.00,0.00,0.00,3,100,0,0,100,7.0,327,318,17.0,14.8,0,0.00,1027.6,1012.7
2025-01-31T07:00,1.8,0.00,98,1.5,-1.0,0.00,0.00,0.00,3,99,0,0,99,6.3,326,323,15.3,15.1,0,0.00,1028.4,1013.5
2025-01-31T08:00,1.6,0.00,98,1.3,-0.8,0.00,0.00,0.00,3,100,18,62,100,3.7,323,317,11.4,13.3,1,0.00,1029.3,1014.3
2025-01-31T09:00,2.2,0.00,95,1.5,-0.3,0.00,0.00,0.00,3,100,2,75,100,3.7,321,309,6.5,7.9,1,0.00,1030.0,1015.0
2025-01-31T10:00,2.7,0.00,88,1.0,0.3,0.00,0.00,0.00,3,100,3,25,99,3.1,332,324,4.3,10.8,1,499.01,1030.2,1015.3
2025-01-31T11:00,3.1,0.00,85,0.9,1.0,0.00,0.00,0.00,3,100,88,100,100,0.8,360,333,1.1,10.4,1,2410.67,1030.4,1015.5
2025-01-31T12:00,3.9,0.00,80,0.7,1.8,0.00,0.00,0.00,3,100,59,100,94,0.4,297,270,0.4,7.6,1,979.21,1030.4,1015.5
2025-01-31T13:00,4.5,0.00,74,0.2,2.0,0.00,0.00,0.00,2,78,0,54,52,2.7,201,203,3.5,11.5,1,2078.92,1030.0,1015.2
2025-01-31T14:00,5.7,0.00,66,-0.1,3.2,0.00,0.00,0.00,2,72,0,50,45,2.4,281,279,2.8,12.2,1,3600.00,1030.0,1015.2
2025-01-31T15:00,5.9,0.00,63,-0.5,3.4,0.00,0.00,0.00,2,71,25,9,58,2.0,274,270,2.3,11.2,1,3600.00,1030.0,1015.2
2025-01-31T16:00,5.6,0.00,64,-0.7,3.0,0.00,0.00,0.00,2,76,68,20,4,2.5,262,262,2.7,9.4,1,3600.00,1030.0,1015.2
2025-01-31T17:00,4.1,0.00,76,0.2,1.4,0.00,0.00,0.00,2,72,52,40,0,4.0,279,280,8.2,7.9,1,2678.04,1030.2,1015.4
2025-01-31T18:00,2.4,0.00,81,-0.6,-0.4,0.00,0.00,0.00,2,78,78,0,1,3.4,309,328,7.9,7.6,0,0.00,1030.6,1015.7
2025-01-31T19:00,1.9,0.00,82,-0.9,-0.9,0.00,0.00,0.00,3,100,100,9,9,3.7,349,35,7.9,6.8,0,0.00,1031.1,1016.1
2025-01-31T20:00,1.3,0.00,84,-1.1,-1.6,0.00,0.00,0.00,3,100,100,3,1,4.1,27,67,8.3,8.3,0,0.00,1031.5,1016.5
2025-01-31T21:00,0.3,0.00,86,-1.7,-2.7,0.00,0.00,0.00,3,100,100,4,0,4.7,63,74,7.6,9.4,0,0.00,1031.7,1016.6
2025-01-31T22:00,-0.6,0.00,88,-2.3,-3.9,0.00,0.00,0.00,0,4,3,2,0,6.0,86,73,9.9,11.5,0,0.00,1031.7,1016.6
2025-01-31T23:00,-1.1,0.00,88,-2.8,-4.6,0.00,0.00,0.00,0,6,6,0,0,6.8,87,73,13.7,13.3,0,0.00,1032.0,1016.8
2025-02-01T00:00,-1.2,0.00,87,-3.0,-4.7,0.00,0.00,0.00,0,0,0,0,0,6.9,83,75,15.2,13.3,0,0.00,1032.4,1017.2
2025-02-01T01:00,-0.8,0.00,86,-2.9,-4.5,0.00,0.00,0.00,0,0,0,0,0,8.0,81,74,18.2,15.5,0,0.00,1032.1,1017.0
2025-02-01T02:00,0.3,0.00,81,-2.5,-3.4,0.00,0.00,0.00,0,0,0,0,0,7.9,76,70,19.7,15.5,0,0.00,1032.2,1017.1
2025-02-01T03:00,0.4,0.00,81,-2.5,-3.3,0.00,0.00,0.00,0,0,0,0,0,8.3,79,76,20.7,16.9,0,0.00,1032.3,1017.2
2025-02-01T04:00,0.1,0.00,81,-2.7,-3.5,0.00,0.00,0.00,0,0,0,0,0,7.6,84,83,19.6,16.6,0,0.00,1032.2,1017.1
2025-02-01T05:00,-0.1,0.00,81,-3.0,-3.9,0.00,0.00,0.00,0,0,0,0,0,8.5,78,73,20.8,16.9,0,0.00,1032.0,1016.9
2025-02-01T06:00,-0.2,0.00,81,-3.0,-4.1,0.00,0.00,0.00,0,0,0,0,0,9.1,78,69,21.9,18.4,0,0.00,1031.6,1016.5
2025-02-01T07:00,-0.5,0.00,82,-3.1,-4.2,0.00,0.00,0.00,0,0,0,0,0,7.6,79,68,19.8,18.4,0,0.00,1031.5,1016.4
2025-02-01T08:00,-0.7,0.00,82,-3.3,-4.5,0.00,0.00,0.00,0,0,0,0,0,8.2,67,49,19.6,16.2,1,0.00,1032.0,1016.9
2025-02-01T09:00,0.1,0.00,81,-2.8,-3.9,0.00,0.00,0.00,0,0,0,0,0,10.1,56,40,21.4,20.2,1,1686.21,1032.3,1017.2
2025-02-01T10:00,2.0,0.00,75,-2.0,-1.6,0.00,0.00,0.00,0,0,0,0,0,7.9,66,45,23.1,21.2,1,3600.00,1032.0,1017.0
2025-02-01T11:00,3.7,0.00,66,-2.0,0.2,0.00,0.00,0.00,0,0,0,0,0,7.7,76,72,12.4,19.8,1,3600.00,1031.5,1016.6
2025-02-01T12:00,5.1,0.00,59,-2.2,1.2,0.00,0.00,0.00,0,0,0,0,0,9.4,80,77,14.1,22.7,1,3600.00,1030.9,1016.1
2025-02-01T13:00,6.2,0.00,56,-2.0,2.3,0.00,0.00,0.00,0,0,0,0,0,9.7,84,80,14.5,23.8,1,3600.00,1030.0,1015.3
2025-02-01T14:00,6.1,0.00,56,-2.1,2.5,0.00,0.00,0.00,0,0,0,0,0,8.5,64,61,12.4,22.0,1,3600.00,1029.7,1015.0
2025-02-01T15:00,6.1,0.00,55,-2.3,2.4,0.00,0.00,0.00,0,0,0,0,0,8.1,68,65,12.8,20.2,1,3600.00,1029.3,1014.6
2025-02-01T16:00,5.1,0.00,60,-2.0,1.8,0.00,0.00,0.00,0,0,0,0,0,6.4,69,58,14.2,18.4,1,3600.00,1029.1,1014.3
2025-02-01T17:00,2.8,0.00,66,-2.9,-1.0,0.00,0.00,0.00,0,0,0,0,0,8.2,52,38,19.0,15.8,1,2788.15,1029.0,1014.1
2025-02-01T18:00,1.4,0.00,68,-3.9,-2.8,0.00,0.00,0.00,0,0,0,0,0,10.6,55,46,24.3,20.9,0,0.00,1029.3,1014.3
2025-02-01T19:00,1.1,0.00,67,-4.3,-3.2,0.00,0.00,0.00,0,0,0,0,0,10.9,66,57,25.7,22.0,0,0.00,1029.3,1014.3
2025-02-01T20:00,1.1,0.00,67,-4.4,-3.2,0.00,0.00,0.00,0,0,0,0,0,10.5,76,70,25.3,22.3,0,0.00,1029.1,1014.1
2025-02-01T21:00,1.0,0.00,67,-4.4,-3.0,0.00,0.00,0.00,0,0,0,0,0,8.9,83,77,23.0,21.2,0,0.00,1028.7,1013.7
2025-02-01T22:00,0.5,0.00,70,-4.3,-3.2,0.00,0.00,0.00,0,0,0,0,0,6.7,85,76,19.5,18.0,0,0.00,1028.4,1013.4
2025-02-01T23:00,-0.2,0.00,73,-4.4,-3.7,0.00,0.00,0.00,0,0,0,0,0,5.5,88,77,17.7,14.0,0,0.00,1028.1,1013.0
2025-02-02T00:00,-0.7,0.00,76,-4.4,-4.2,0.00,0.00,0.00,0,0,0,0,0,4.9,90,80,16.4,11.9,0,0.00,1028.2,1013.1
2025-02-02T01:00,-1.1,0.00,78,-4.5,-4.6,0.00,0.00,0.00,0,0,0,0,0,4.8,86,75,15.5,10.8,0,0.00,1027.8,1012.7
2025-02-02T02:00,-0.4,0.00,78,-3.7,-4.2,0.00,0.00,0.00,0,0,0,0,0,7.7,91,91,19.8,15.5,0,0.00,1027.3,1012.2
2025-02-02T03:00,-0.7,0.00,80,-3.7,-4.6,0.00,0.00,0.00,0,0,0,0,0,8.4,99,101,20.6,17.3,0,0.00,1026.7,1011.6
2025-02-02T04:00,-1.0,0.00,82,-3.8,-4.8,0.00,0.00,0.00,0,0,0,0,0,7.8,98,95,19.1,17.6,0,0.00,1026.2,1011.1
2025-02-02T05:00,-1.5,0.00,84,-3.9,-5.1,0.00,0.00,0.00,0,0,0,0,0,6.2,94,78,16.4,16.2,0,0.00,1025.9,1010.8
2025-02-02T06:00,-1.9,0.00,86,-4.0,-5.4,0.00,0.00,0.00,0,0,0,0,0,5.8,89,70,14.8,13.0,0,0.00,1025.9,1010.8
2025-02-02T07:00,-2.1,0.00,86,-4.1,-5.6,0.00,0.00,0.00,0,0,0,0,0,5.4,76,50,12.6,12.2,0,0.00,1025.8,1010.7
2025-02-02T08:00,-2.3,0.00,87,-4.1,-5.6,0.00,0.00,0.00,0,0,0,0,0,4.2,86,65,12.5,11.2,1,0.00,1025.8,1010.7
2025-02-02T09:00,-1.3,0.00,85,-3.5,-4.7,0.00,0.00,0.00,0,0,0,0,0,5.4,85,53,11.9,11.5,1,1782.59,1026.0,1010.9
2025-02-02T10:00,1.0,0.00,78,-2.5,-2.0,0.00,0.00,0.00,0,0,0,0,0,3.0,91,65,12.1,11.5,1,3600.00,1025.7,1010.7
2025-02-02T11:00,3.0,0.00,69,-2.1,-0.2,0.00,0.00,0.00,1,36,36,0,0,5.2,91,90,8.5,14.8,1,3600.00,1025.5,1010.7
2025-02-02T12:00,4.5,0.00,64,-1.8,1.2,0.00,0.00,0.00,1,35,35,0,0,5.8,95,95,8.5,16.6,1,3600.00,1025.0,1010.2
2025-02-02T13:00,5.5,0.00,62,-1.2,2.5,0.00,0.00,0.00,1,23,23,0,0,4.9,89,88,7.2,16.6,1,3600.00,1024.6,1009.9
2025-02-02T14:00,5.6,0.00,57,-2.3,2.4,0.00,0.00,0.00,0,15,13,0,1,5.5,97,101,7.8,17.3,1,3600.00,1025.0,1010.3
2025-02-02T15:00,5.9,0.00,55,-2.4,2.6,0.00,0.00,0.00,0,1,1,0,0,5.5,96,101,8.0,16.2,1,3600.00,1024.9,1010.2
2025-02-02T16:00,4.9,0.00,68,-0.6,2.4,0.00,0.00,0.00,0,3,3,0,0,1.8,103,114,7.0,14.4,1,3600.00,1025.0,1010.3
2025-02-02T17:00,3.0,0.00,67,-2.5,0.4,0.00,0.00,0.00,0,2,2,0,0,0.6,94,56,4.7,4.0,1,2898.79,1025.1,1010.3
2025-02-02T18:00,1.0,0.00,74,-3.2,-1.9,0.00,0.00,0.00,0,0,0,0,0,1.9,62,29,6.9,4.3,0,0.00,1025.3,1010.4
2025-02-02T19:00,-0.5,0.00,80,-3.5,-3.6,0.00,0.00,0.00,0,6,6,0,0,3.6,63,41,7.5,7.2,0,0.00,1025.6,1010.6
2025-02-02T20:00,-1.1,0.00,82,-3.8,-4.3,0.00,0.00,0.00,0,3,3,0,0,3.9,68,56,7.6,8.3,0,0.00,1026.0,1010.9
2025-02-02T21:00,-1.8,0.00,84,-4.1,-5.2,0.00,0.00,0.00,0,0,0,0,0,5.0,94,88,11.7,10.4,0,0.00,1026.2,1011.1
2025-02-02T22:00,-2.2,0.00,86,-4.2,-5.8,0.00,0.00,0.00,1,38,38,0,0,5.7,112,101,14.5,11.5,0,0.00,1026.5,1011.4
2025-02-02T23:00,-2.6,0.00,87,-4.4,-6.0,0.00,0.00,0.00,1,26,26,0,0,4.6,103,81,11.1,11.5,0,0.00,1026.8,1011.6
2025-02-03T00:00,-2.9,0.00,88,-4.6,-6.3,0.00,0.00,0.00,0,4,4,0,0,3.9,82,74,7.6,9.4,0,0.00,1027.2,1012.0
2025-02-03T01:00,-3.3,0.00,89,-4.8,-6.6,0.00,0.00,0.00,0,4,4,0,0,3.2,46,74,6.0,8.3,0,0.00,1027.5,1012.3
2025-02-03T02:00,-3.0,0.00,92,-4.1,-6.1,0.00,0.00,0.00,0,0,0,0,0,2.7,69,82,6.6,8.3,0,0.00,1028.2,1013.0
2025-02-03T03:00,-3.2,0.00,92,-4.3,-6.3,0.00,0.00,0.00,3,85,85,0,0,2.2,83,95,4.2,6.1,0,0.00,1028.4,1013.2
2025-02-03T04:00,-3.1,0.00,91,-4.3,-6.3,0.00,0.00,0.00,2,61,61,0,0,3.5,113,111,6.5,7.2,0,0.00,1028.3,1013.1
2025-02-03T05:00,-3.0,0.00,90,-4.3,-6.3,0.00,0.00,0.00,3,100,100,0,0,4.5,109,104,10.3,8.6,0,0.00,1028.1,1012.9
2025-02-03T06:00,-2.9,0.00,90,-4.2,-6.2,0.00,0.00,0.00,3,92,92,0,0,4.2,106,100,12.4,9.0,0,0.00,1028.2,1013.0
2025-02-03T07:00,-2.9,0.00,91,-4.2,-6.2,0.00,0.00,0.00,0,2,2,0,0,4.1,88,67,11.3,8.6,0,0.00,1028.5,1013.3
2025-02-03T08:00,-3.0,0.00,91,-4.3,-6.4,0.00,0.00,0.00,0,0,0,0,0,4.7,71,58,10.6,9.4,1,0.00,1029.2,1014.0
2025-02-03T09:00,-1.7,0.00,87,-3.6,-5.1,0.00,0.00,0.00,0,1,1,0,0,4.9,90,90,9.7,10.1,1,1880.96,1029.4,1014.2
2025-02-03T10:00,0.5,0.00,80,-2.6,-2.7,0.00,0.00,0.00,0,16,0,0,16,4.8,112,115,7.6,13.0,1,3600.00,1029.4,1014.4
2025-02-03T11:00,1.9,0.00,75,-2.1,-0.8,0.00,0.00,0.00,1,44,0,0,44,2.1,99,110,3.3,13.3,1,3600.00,1029.6,1014.6
2025-02-03T12:00,2.9,0.00,72,-1.6,0.1,0.00,0.00,0.00,1,34,0,0,34,3.1,149,156,4.2,12.6,1,3600.00,1029.4,1014.5
2025-02-03T13:00,3.7,0.00,72,-0.9,1.0,0.00,0.00,0.00,1,25,0,0,25,2.7,137,143,3.7,15.8,1,3600.00,1028.7,1013.8
2025-02-03T14:00,1.0,0.00,75,-3.0,-2.5,0.00,0.00,0.00,2,74,0,0,74,6.5,125,129,8.8,18.0,1,2542.73,1030.0,1015.0
2025-02-03T15:00,1.7,0.00,69,-3.4,-1.5,0.00,0.00,0.00,1,27,0,0,27,3.6,127,139,4.8,18.0,1,3600.00,1029.7,1014.7
2025-02-03T16:00,1.6,0.00,69,-3.5,-1.7,0.00,0.00,0.00,0,3,3,0,0,4.2,161,170,5.5,12.2,1,3600.00,1029.5,1014.5
2025-02-03T17:00,-0.4,0.00,80,-3.4,-3.2,0.00,0.00,0.00,2,56,56,0,0,1.5,213,249,5.3,11.2,1,3009.82,1029.5,1014.4
2025-02-03T18:00,-1.8,0.00,85,-3.9,-4.7,0.00,0.00,0.00,3,90,89,0,3,2.0,313,360,2.9,3.6,0,0.00,1029.7,1014.5
2025-02-03T19:00,-2.2,0.00,88,-4.0,-5.4,0.00,0.00,0.00,1,22,21,0,1,3.6,14,30,3.7,6.5,0,0.00,1030.0,1014.8
2025-02-03T20:00,-2.8,0.00,88,-4.5,-6.0,0.00,0.00,0.00,0,0,0,0,0,2.8,68,50,2.9,6.5,0,0.00,1030.1,1014.9
2025-02-03T21:00,-3.2,0.00,88,-4.9,-6.4,0.00,0.00,0.00,1,28,28,0,0,2.5,110,69,4.2,5.8,0,0.00,1030.2,1014.9
2025-02-03T22:00,-3.7,0.00,88,-5.4,-6.8,0.00,0.00,0.00,0,3,2,0,0,2.0,122,80,4.0,5.4,0,0.00,1030.3,1015.0
2025-02-03T23:00,-4.0,0.00,88,-5.7,-7.0,0.00,0.00,0.00,0,2,1,0,1,1.3,156,82,3.5,4.7,0,0.00,1030.2,1014.9
2025-02-04T00:00,-4.3,0.00,88,-5.9,-7.4,0.00,0.00,0.00,0,2,0,0,1,1.4,164,90,2.6,3.2,0,0.00,1030.3,1015.0
2025-02-04T01:00,-4.6,0.00,89,-6.2,-7.8,0.00,0.00,0.00,0,4,2,0,2,1.8,156,96,3.1,4.0,0,0.00,1030.2,1014.9
2025-02-04T02:00,-1.4,0.00,96,-2.0,-4.5,0.00,0.00,0.00,3,100,0,0,100,4.7,187,187,6.2,11.9,0,0.00,1031.2,1016.0
2025-02-04T03:00,-1.7,0.00,98,-1.9,-4.8,0.00,0.00,0.00,3,100,63,0,100,5.0,191,193,6.4,12.2,0,0.00,1031.2,1016.0
2025-02-04T04:00,-1.8,0.00,98,-2.0,-4.9,0.00,0.00,0.00,3,100,95,0,100,4.7,201,198,6.6,12.6,0,0.00,1031.1,1015.9
2025-02-04T05:00,-1.9,0.00,97,-2.2,-4.9,0.00,0.00,0.00,3,100,100,0,100,4.0,189,183,5.5,12.2,0,0.00,1031.3,1016.1
2025-02-04T06:00,-2.0,0.00,98,-2.2,-5.1,0.00,0.00,0.00,3,100,85,0,100,4.6,177,169,6.5,11.5,0,0.00,1031.3,1016.1
2025-02-04T07:00,-1.9,0.00,99,-2.1,-5.1,0.00,0.00,0.00,3,100,61,0,100,5.5,176,169,7.6,14.0,0,0.00,1031.2,1016.0
2025-02-04T08:00,-1.7,0.00,97,-2.1,-5.0,0.00,0.00,0.00,3,100,53,0,100,5.9,168,160,8.1,14.4,1,0.00,1031.6,1016.4
2025-02-04T09:00,-1.3,0.00,94,-2.1,-4.7,0.00,0.00,0.00,3,100,10,0,100,6.5,170,166,9.0,16.2,1,0.00,1032.1,1016.9
2025-02-04T10:00,-0.6,0.00,89,-2.2,-4.1,0.00,0.00,0.00,3,100,0,0,100,6.7,174,175,8.9,16.9,1,0.00,1032.0,1016.9
2025-02-04T11:00,0.2,0.00,84,-2.2,-3.1,0.00,0.00,0.00,3,100,0,0,100,5.6,184,187,7.4,17.3,1,0.00,1031.9,1016.8
2025-02-04T12:00,1.0,0.00,79,-2.1,-2.1,0.00,0.00,0.00,3,100,0,0,100,4.3,191,197,5.7,15.8,1,1003.48,1031.6,1016.6
2025-02-04T13:00,2.0,0.00,75,-1.9,-1.0,0.00,0.00,0.00,3,90,0,0,90,3.9,186,193,5.1,14.8,1,3600.00,1031.0,1016.0
2025-02-04T14:00,1.0,0.00,76,-2.7,-2.1,0.00,0.00,0.00,3,95,0,0,95,3.7,184,194,4.9,16.6,1,3600.00,1031.7,1016.7
2025-02-04T15:00,1.4,0.00,75,-2.5,-1.7,0.00,0.00,0.00,3,90,0,0,90,3.7,200,209,4.8,14.0,1,3600.00,1031.4,1016.4
2025-02-04T16:00,1.3,0.00,76,-2.4,-1.7,0.00,0.00,0.00,1,49,0,0,49,3.8,213,221,4.9,13.0,1,3600.00,1031.4,1016.4
2025-02-04T17:00,0.5,0.00,84,-2.0,-2.3,0.00,0.00,0.00,1,24,0,0,24,2.6,240,254,5.0,11.9,1,3121.12,1031.5,1016.4
2025-02-04T18:00,-0.7,0.00,87,-2.6,-3.4,0.00,0.00,0.00,0,17,0,0,17,1.5,246,277,3.9,5.8,0,0.00,1031.8,1016.7
2025-02-04T19:00,-1.1,0.00,88,-2.8,-3.8,0.00,0.00,0.00,1,21,0,0,21,0.9,173,127,4.5,3.2,0,0.00,1032.1,1016.9
2025-02-04T20:00,-1.5,0.00,89,-3.1,-4.6,0.00,0.00,0.00,1,21,0,0,21,4.0,158,126,8.7,7.2,0,0.00,1032.4,1017.2
2025-02-04T21:00,-1.6,0.00,87,-3.5,-5.1,0.00,0.00,0.00,1,20,0,0,20,5.7,164,118,9.7,10.4,0,0.00,1032.7,1017.5
2025-02-04T22:00,-1.8,0.00,86,-3.8,-5.3,0.00,0.00,0.00,1,28,0,0,28,6.0,167,111,9.6,11.2,0,0.00,1033.1,1017.9
2025-02-04T23:00,-1.8,0.00,85,-3.9,-5.3,0.00,0.00,0.00,1,29,0,0,29,5.7,175,118,9.4,10.8,0,0.00,1033.3,1018.1
2025-02-05T00:00,-1.8,0.00,86,-3.8,-5.3,0.00,0.00,0.00,0,18,0,0,18,6.2,179,128,11.0,11.2,0,0.00,1033.7,1018.5
2025-02-05T01:00,-1.8,0.00,87,-3.7,-5.2,0.00,0.00,0.00,0,3,0,0,3,5.6,187,130,11.1,11.5,0,0.00,1034.2,1019.0
2025-02-05T02:00,-3.0,0.00,90,-4.3,-6.3,0.00,0.00,0.00,0,0,0,0,0,4.2,200,133,10.5,10.4,0,0.00,1035.6,1020.3
2025-02-05T03:00,-2.9,0.00,90,-4.3,-6.2,0.00,0.00,0.00,0,5,0,0,5,3.9,214,158,10.4,8.6,0,0.00,1036.1,1020.8
2025-02-05T04:00,-3.0,0.00,91,-4.3,-6.3,0.00,0.00,0.00,0,17,0,0,17,3.7,207,166,8.5,7.9,0,0.00,1036.4,1021.1
2025-02-05T05:00,-3.1,0.00,92,-4.3,-6.5,0.00,0.00,0.00,0,13,0,0,13,4.6,201,167,9.6,8.3,0,0.00,1036.5,1021.2
2025-02-05T06:00,-3.3,0.00,92,-4.4,-6.7,0.00,0.00,0.00,0,18,0,0,18,5.0,201,165,11.4,10.4,0,0.00,1036.7,1021.4
2025-02-05T07:00,-3.2,0.00,93,-4.1,-6.4,0.00,0.00,0.00,3,96,0,0,96,3.6,213,177,9.5,9.7,0,0.00,1037.4,1022.0
2025-02-05T08:00,-2.3,0.00,95,-3.0,-5.4,0.00,0.00,0.00,3,100,0,0,100,3.6,202,160,7.8,8.3,1,0.00,1038.2,1022.9
2025-02-05T09:00,-1.3,0.00,94,-2.2,-4.6,0.00,0.00,0.00,3,100,0,0,100,5.5,179,161,7.9,12.6,1,0.00,1038.7,1023.4
2025-02-05T10:00,-0.3,0.00,92,-1.5,-3.5,0.00,0.00,0.00,3,100,0,0,100,5.6,177,176,6.7,16.2,1,691.37,1039.2,1024.0
2025-02-05T11:00,0.5,0.00,88,-1.2,-2.3,0.00,0.00,0.00,3,100,0,0,100,3.7,189,191,4.4,15.1,1,1747.51,1039.9,1024.7
2025-02-05T12:00,1.2,0.00,85,-1.1,-1.8,0.00,0.00,0.00,3,100,0,0,100,4.4,173,173,5.6,13.3,1,0.00,1040.0,1024.8
2025-02-05T13:00,1.6,0.00,83,-0.9,-1.1,0.00,0.00,0.00,3,100,0,0,100,3.0,193,194,4.1,13.7,1,0.00,1039.8,1024.7
2025-02-05T14:00,0.9,0.00,91,-0.4,-1.7,0.00,0.00,0.00,3,100,0,2,100,2.7,156,157,3.5,12.6,1,0.00,1040.0,1024.8
2025-02-05T15:00,1.3,0.00,89,-0.4,-1.0,0.00,0.00,0.00,3,100,0,11,100,0.8,338,315,1.0,9.4,1,0.00,1040.1,1025.0
2025-02-05T16:00,1.4,0.00,88,-0.4,-1.0,0.00,0.00,0.00,3,100,0,19,100,1.3,17,352,1.9,6.1,1,0.00,1040.2,1025.1
2025-02-05T17:00,1.1,0.00,89,-0.4,-1.4,0.00,0.00,0.00,3,100,0,6,100,1.9,354,319,3.4,4.3,1,0.00,1040.5,1025.3
2025-02-05T18:00,0.8,0.00,92,-0.4,-2.2,0.00,0.00,0.00,3,100,0,0,100,5.4,351,330,9.3,10.1,0,0.00,1040.9,1025.7
2025-02-05T19:00,0.8,0.00,92,-0.4,-2.2,0.00,0.00,0.00,3,100,63,0,100,5.2,2,340,10.8,10.8,0,0.00,1041.2,1026.0
2025-02-05T20:00,0.9,0.00,91,-0.5,-2.2,0.00,0.00,0.00,3,100,90,0,100,5.6,5,343,11.4,11.2,0,0.00,1041.5,1026.3
2025-02-05T21:00,0.9,0.00,90,-0.6,-2.0,0.00,0.00,0.00,3,100,81,0,100,5.1,14,356,11.9,11.2,0,0.00,1041.6,1026.4
2025-02-05T22:00,1.1,0.00,89,-0.5,-1.8,0.00,0.00,0.00,3,100,94,0,100,4.7,35,16,12.0,10.1,0,0.00,1041.6,1026.4
2025-02-05T23:00,1.2,0.00,89,-0.3,-1.5,0.00,0.00,0.00,3,100,85,0,100,3.9,51,24,11.1,9.4,0,0.00,1041.5,1026.3
2025-02-06T00:00,1.1,0.00,92,-0.1,-1.7,0.00,0.00,0.00,3,100,0,0,100,4.1,37,2,9.5,7.9,0,0.00,1041.4,1026.2
2025-02-06T01:00,1.0,0.00,93,0.1,-1.8,0.00,0.00,0.00,3,100,85,0,100,4.5,36,360,9.8,8.6,0,0.00,1040.9,1025.7
2025-02-06T02:00,2.0,0.00,94,1.2,-0.7,0.00,0.00,0.00,3,100,82,0,100,5.2,30,360,11.2,10.4,0,0.00,1040.9,1025.8
2025-02-06T03:00,2.1,0.00,94,1.2,-0.6,0.00,0.00,0.00,3,100,84,0,100,5.2,32,4,11.7,10.4,0,0.00,1040.7,1025.6
2025-02-06T04:00,2.0,0.00,92,0.9,-0.8,0.00,0.00,0.00,3,100,97,0,100,5.4,42,20,12.4,10.4,0,0.00,1040.4,1025.3
2025-02-06T05:00,1.8,0.00,90,0.4,-1.0,0.00,0.00,0.00,3,100,100,0,100,4.9,56,39,12.4,10.4,0,0.00,1040.3,1025.2
2025-02-06T06:00,1.6,0.00,89,0.0,-1.4,0.00,0.00,0.00,3,100,100,0,100,5.8,58,39,12.3,10.8,0,0.00,1040.2,1025.1
2025-02-06T07:00,1.4,0.00,89,-0.1,-1.7,0.00,0.00,0.00,3,100,100,0,100,6.6,47,29,13.5,13.0,0,0.00,1040.4,1025.3
2025-02-06T08:00,1.2,0.00,91,-0.1,-2.1,0.00,0.00,0.00,3,100,100,0,100,7.7,42,28,14.5,15.5,1,0.00,1040.5,1025.3
2025-02-06T09:00,1.5,0.00,89,-0.1,-1.8,0.00,0.00,0.00,3,100,100,0,81,7.8,51,37,14.8,16.6,1,0.00,1040.3,1025.2
2025-02-06T10:00,2.3,0.00,82,-0.4,-1.6,0.00,0.00,0.00,3,100,100,5,100,11.7,60,58,18.2,24.5,1,0.00,1040.2,1025.1
2025-02-06T11:00,3.3,0.00,75,-0.7,-0.9,0.00,0.00,0.00,3,100,100,28,78,13.5,67,65,20.0,29.9,1,0.00,1039.7,1024.7
2025-02-06T12:00,3.9,0.00,72,-0.7,-0.2,0.00,0.00,0.00,3,100,100,51,67,12.6,65,65,18.6,29.5,1,0.00,1039.1,1024.1
2025-02-06T13:00,4.5,0.00,68,-0.9,0.4,0.00,0.00,0.00,3,100,100,71,55,12.1,59,58,17.8,28.1,1,0.00,1038.3,1023.4
2025-02-06T14:00,4.0,0.00,69,-1.3,-0.2,0.00,0.00,0.00,3,100,100,68,78,12.3,62,61,18.1,29.5,1,109.68,1038.7,1023.7
2025-02-06T15:00,3.9,0.00,68,-1.6,-0.2,0.00,0.00,0.00,3,100,100,83,70,12.0,64,62,18.2,28.1,1,0.00,1038.0,1023.0
2025-02-06T16:00,3.8,0.00,67,-1.9,-0.4,0.00,0.00,0.00,3,100,100,79,74,12.2,64,62,19.5,29.9,1,0.00,1037.6,1022.6
2025-02-06T17:00,3.4,0.00,69,-1.8,-0.6,0.00,0.00,0.00,3,100,100,86,63,10.8,61,57,19.9,26.6,1,0.00,1037.1,1022.1
2025-02-06T18:00,2.7,0.00,71,-2.0,-1.3,0.00,0.00,0.00,3,100,100,90,43,11.0,63,56,21.7,24.1,0,0.00,1036.8,1021.8
2025-02-06T19:00,2.5,0.00,72,-2.0,-1.3,0.00,0.00,0.00,3,100,100,60,95,9.4,66,58,20.1,23.8,0,0.00,1036.4,1021.4
2025-02-06T20:00,2.6,0.00,72,-1.9,-1.3,0.00,0.00,0.00,3,100,100,51,85,9.9,58,48,20.9,20.9,0,0.00,1035.9,1020.9
2025-02-06T21:00,2.7,0.00,75,-1.2,-1.5,0.00,0.00,0.00,3,100,100,96,83,12.7,68,60,24.9,26.6,0,0.00,1035.1,1020.1
2025-02-06T22:00,3.0,0.00,76,-0.7,-1.3,0.00,0.00,0.00,3,100,100,97,5,14.3,77,72,26.8,31.0,0,0.00,1034.7,1019.7
2025-02-06T23:00,2.6,0.00,79,-0.7,-1.9,0.00,0.00,0.00,3,100,100,99,10,15.5,80,77,28.7,33.5,0,0.00,1034.2,1019.2
2025-02-07T00:00,2.3,0.00,78,-1.1,-2.2,0.00,0.00,0.00,3,100,100,100,0,15.5,84,80,28.8,34.2,0,0.00,1033.5,1018.5
2025-02-07T01:00,2.3,0.00,79,-1.0,-2.1,0.00,0.00,0.00,3,100,100,99,26,14.9,81,77,27.8,33.5,0,0.00,1032.6,1017.6
2025-02-07T02:00,3.5,0.00,76,-0.4,-1.1,0.00,0.00,0.00,3,100,100,99,94,16.0,82,78,28.9,34.9,0,0.00,1031.4,1016.5
2025-02-07T03:00,3.4,0.00,74,-0.8,-1.0,0.00,0.00,0.00,3,100,100,89,94,14.9,86,81,27.4,34.6,0,0.00,1030.5,1015.6
2025-02-07T04:00,3.4,0.00,75,-0.6,-1.0,0.00,0.00,0.00,3,100,100,78,100,14.7,84,79,26.8,32.4,0,0.00,1030.0,1015.1
2025-02-07T05:00,3.2,0.00,79,-0.1,-1.1,0.00,0.00,0.00,3,100,100,97,100,14.9,80,75,26.7,32.4,0,0.00,1029.5,1014.6
2025-02-07T06:00,3.4,0.00,77,-0.2,-1.1,0.00,0.00,0.00,3,100,100,100,100,16.5,86,84,29.2,35.6,0,0.00,1028.8,1013.9
2025-02-07T07:00,3.4,0.00,75,-0.7,-1.6,0.00,0.00,0.00,3,100,100,100,100,18.6,89,87,32.2,40.0,0,0.00,1028.4,1013.5
2025-02-07T08:00,3.3,0.00,73,-1.1,-1.7,0.00,0.00,0.00,3,100,100,100,76,18.5,93,91,32.4,41.4,1,0.00,1028.4,1013.5
2025-02-07T09:00,3.3,0.00,72,-1.2,-1.6,0.00,0.00,0.00,3,100,100,100,42,17.5,97,95,30.5,40.0,1,0.00,1028.6,1013.7
2025-02-07T10:00,3.6,0.00,72,-1.0,-1.0,0.00,0.00,0.00,3,100,100,100,3,15.9,96,94,27.0,38.2,1,0.00,1028.0,1013.2
2025-02-07T11:00,4.5,0.00,66,-1.2,-1.0,0.00,0.00,0.00,3,100,100,90,66,21.9,106,106,34.2,47.2,1,13.84,1027.4,1012.6
2025-02-07T12:00,5.2,0.00,64,-1.0,-0.1,0.00,0.00,0.00,3,100,100,99,83,20.2,108,107,30.8,47.5,1,601.64,1026.9,1012.2
2025-02-07T13:00,5.8,0.00,62,-1.0,0.9,0.00,0.00,0.00,3,100,100,100,75,17.7,102,102,26.9,43.9,1,583.65,1026.3,1011.6
2025-02-07T14:00,5.9,0.00,62,-0.7,1.6,0.00,0.00,0.00,3,100,100,100,1,14.3,102,101,21.9,38.9,1,1465.28,1025.5,1010.8
2025-02-07T15:00,6.2,0.00,61,-0.7,1.8,0.00,0.00,0.00,3,100,100,100,1,14.3,98,96,22.2,32.0,1,1978.38,1024.8,1010.1
2025-02-07T16:00,6.0,0.00,63,-0.5,2.0,0.00,0.00,0.00,3,100,100,16,1,11.9,95,93,21.0,31.7,1,706.52,1024.2,1009.5
2025-02-07T17:00,5.1,0.00,67,-0.6,1.1,0.00,0.00,0.00,3,93,93,0,0,12.6,90,86,24.7,26.6,1,1136.31,1023.7,1009.0
2025-02-07T18:00,3.9,0.00,71,-0.9,-0.3,0.00,0.00,0.00,2,66,66,1,0,13.7,93,88,27.6,28.4,0,0.00,1023.7,1008.9
2025-02-07T19:00,3.4,0.00,72,-1.1,-1.0,0.00,0.00,0.00,1,28,12,18,0,14.2,100,99,28.7,30.2,0,0.00,1023.5,1008.7
2025-02-07T20:00,2.7,0.00,75,-1.3,-1.6,0.00,0.00,0.00,3,92,92,16,0,13.5,103,102,27.9,29.9,0,0.00,1023.4,1008.6
2025-02-07T21:00,2.2,0.00,77,-1.4,-2.0,0.00,0.00,0.00,3,100,100,2,0,12.6,101,101,27.0,28.1,0,0.00,1023.7,1008.8
2025-02-07T22:00,1.9,0.00,78,-1.5,-2.1,0.00,0.00,0.00,3,100,100,21,0,11.4,99,95,25.7,26.3,0,0.00,1023.7,1008.8
2025-02-07T23:00,1.8,0.00,78,-1.7,-2.3,0.00,0.00,0.00,3,100,100,10,0,11.3,100,97,25.2,24.1,0,0.00,1023.7,1008.8
2025-02-08T00:00,1.8,0.00,77,-1.9,-2.4,0.00,0.00,0.00,3,100,100,4,0,12.1,99,93,25.7,24.5,0,0.00,1023.8,1008.9
2025-02-08T01:00,1.6,0.00,77,-2.0,-2.5,0.00,0.00,0.00,3,100,100,0,0,11.5,102,100,25.2,24.8,0,0.00,1023.8,1008.9
2025-02-08T02:00,1.1,0.00,80,-1.9,-2.8,0.00,0.00,0.00,3,100,100,0,0,9.9,98,93,22.4,19.4,0,0.00,1024.0,1009.1
2025-02-08T03:00,0.9,0.00,80,-2.1,-3.2,0.00,0.00,0.00,3,99,99,0,0,11.4,97,93,24.6,23.0,0,0.00,1023.8,1008.9
2025-02-08T04:00,0.7,0.00,79,-2.5,-3.5,0.00,0.00,0.00,3,95,94,9,0,12.1,97,96,26.3,24.1,0,0.00,1023.6,1008.7
2025-02-08T05:00,0.7,0.00,78,-2.8,-3.7,0.00,0.00,0.00,3,93,93,12,0,12.5,101,102,27.1,26.6,0,0.00,1023.8,1008.9
2025-02-08T06:00,0.5,0.00,78,-3.0,-4.4,0.00,0.00,0.00,3,94,93,10,0,15.6,98,97,31.4,31.7,0,0.00,1023.3,1008.4
2025-02-08T07:00,0.6,0.00,77,-3.0,-4.6,0.00,0.00,0.00,3,97,97,10,0,18.3,99,100,35.9,38.5,0,0.00,1022.7,1007.8
2025-02-08T08:00,0.4,0.00,78,-3.0,-3.9,0.00,0.00,0.00,1,20,19,1,0,12.1,103,108,27.0,37.8,1,0.00,1023.2,1008.3
2025-02-08T09:00,1.3,0.00,76,-2.5,-2.8,0.00,0.00,0.00,0,5,5,1,0,10.9,101,99,24.4,25.6,1,2397.50,1023.6,1008.7
2025-02-08T10:00,3.1,0.00,72,-1.6,-0.4,0.00,0.00,0.00,0,9,0,9,0,7.8,92,83,15.8,24.1,1,3600.00,1023.5,1008.7
2025-02-08T11:00,5.0,0.00,66,-0.8,1.6,0.00,0.00,0.00,0,0,0,0,0,7.9,92,87,12.2,20.2,1,3600.00,1023.3,1008.6
2025-02-08T12:00,6.9,0.00,61,-0.1,3.5,0.00,0.00,0.00,0,0,0,0,0,8.6,92,90,13.0,22.3,1,3600.00,1023.0,1008.4
2025-02-08T13:00,8.6,0.00,57,0.6,5.4,0.00,0.00,0.00,0,0,0,0,0,7.8,87,86,11.5,22.0,1,3600.00,1022.3,1007.8
2025-02-08T14:00,8.5,0.00,55,0.1,5.5,0.00,0.00,0.00,0,6,0,6,0,6.0,75,73,9.0,20.2,1,3600.00,1022.5,1008.0
2025-02-08T15:00,9.3,0.00,54,0.4,6.6,0.00,0.00,0.00,0,6,0,6,0,3.8,81,82,6.0,16.2,1,3600.00,1022.3,1007.8
2025-02-08T16:00,9.0,0.00,59,1.4,6.7,0.00,0.00,0.00,0,10,0,10,0,2.6,77,65,5.5,11.2,1,3600.00,1022.4,1007.9
2025-02-08T17:00,6.7,0.00,69,1.5,4.3,0.00,0.00,0.00,1,20,0,20,0,3.7,59,29,10.1,7.2,1,3566.73,1022.5,1007.9
2025-02-08T18:00,5.3,0.00,68,-0.1,2.1,0.00,0.00,0.00,0,14,0,14,0,7.2,78,58,18.8,14.0,0,0.00,1022.9,1008.2
2025-02-08T19:00,4.5,0.00,65,-1.5,0.8,0.00,0.00,0.00,0,0,0,0,0,9.2,91,83,23.6,19.1,0,0.00,1023.1,1008.4
2025-02-08T20:00,4.2,0.00,64,-2.0,0.1,0.00,0.00,0.00,0,0,0,0,0,11.7,92,86,27.7,24.1,0,0.00,1023.3,1008.6
2025-02-08T21:00,3.8,0.00,65,-2.1,-0.0,0.00,0.00,0.00,0,0,0,0,0,9.7,97,91,25.6,24.5,0,0.00,1023.7,1008.9
2025-02-08T22:00,3.0,0.00,69,-2.2,-0.5,0.00,0.00,0.00,0,0,0,0,0,6.7,97,81,21.0,20.5,0,0.00,1024.1,1009.3
2025-02-08T23:00,1.4,0.00,74,-2.7,-1.7,0.00,0.00,0.00,1,31,31,0,0,4.3,95,62,13.7,14.0,0,0.00,1024.4,1009.5
2025-02-09T00:00,0.6,0.00,77,-3.0,-2.3,0.00,0.00,0.00,3,98,98,0,0,2.3,90,51,8.5,8.6,0,0.00,1024.9,1009.9
2025-02-09T01:00,-0.0,0.00,81,-3.0,-2.9,0.00,0.00,0.00,3,86,86,0,0,2.1,118,110,6.1,5.4,0,0.00,1025.1,1010.1
2025-02-09T02:00,0.3,0.00,84,-2.1,-2.4,0.00,0.00,0.00,1,20,18,3,0,1.8,133,135,6.4,5.4,0,0.00,1025.6,1010.6
2025-02-09T03:00,-0.5,0.00,87,-2.5,-3.5,0.00,0.00,0.00,0,10,10,0,0,3.1,127,114,8.1,6.1,0,0.00,1026.2,1011.2
2025-02-09T04:00,-1.1,0.00,89,-2.7,-4.1,0.00,0.00,0.00,3,100,100,0,0,3.7,101,76,8.8,7.2,0,0.00,1026.1,1011.0
2025-02-09T05:00,-1.2,0.00,90,-2.7,-4.3,0.00,0.00,0.00,3,98,98,0,0,3.4,113,96,7.3,7.2,0,0.00,1026.5,1011.4
2025-02-09T06:00,-1.2,0.00,89,-2.7,-4.4,0.00,0.00,0.00,3,100,100,1,0,5.1,134,117,8.5,9.7,0,0.00,1026.9,1011.8
2025-02-09T07:00,-1.3,0.00,90,-2.7,-4.6,0.00,0.00,0.00,3,100,100,67,1,5.7,150,127,10.2,11.5,0,0.00,1027.4,1012.3
2025-02-09T08:00,-1.2,0.00,90,-2.6,-4.4,0.00,0.00,0.00,3,100,100,100,0,4.8,158,117,7.8,10.8,1,0.00,1028.0,1012.9
2025-02-09T09:00,0.3,0.00,87,-1.6,-2.7,0.00,0.00,0.00,3,98,94,78,0,4.7,156,99,5.3,10.8,1,0.00,1028.4,1013.4
2025-02-09T10:00,2.0,0.00,83,-0.5,-0.6,0.00,0.00,0.00,2,57,29,54,0,3.1,148,126,5.5,10.4,1,1389.51,1028.5,1013.6
2025-02-09T11:00,3.4,0.00,79,0.2,1.1,0.00,0.00,0.00,1,27,20,8,0,1.5,185,187,2.2,10.1,1,3600.00,1028.6,1013.7
2025-02-09T12:00,4.8,0.00,75,0.8,2.6,0.00,0.00,0.00,2,60,60,0,0,0.9,252,259,1.1,9.4,1,3600.00,1028.6,1013.8
2025-02-09T13:00,6.0,0.00,71,1.2,3.7,0.00,0.00,0.00,2,63,62,15,0,2.1,234,239,2.4,11.2,1,3600.00,1028.3,1013.6
2025-02-09T14:00,6.1,0.00,68,0.5,3.7,0.00,0.00,0.00,3,92,0,92,0,2.4,324,318,3.1,11.5,1,3600.00,1028.3,1013.6
2025-02-09T15:00,5.9,0.00,68,0.5,3.3,0.00,0.00,0.00,3,98,0,98,0,4.1,325,322,5.3,11.9,1,3600.00,1028.1,1013.4
2025-02-09T16:00,5.1,0.00,73,0.7,2.6,0.00,0.00,0.00,3,93,5,92,0,3.7,316,313,6.7,11.5,1,3600.00,1028.5,1013.7
2025-02-09T17:00,2.9,0.00,82,0.2,0.2,0.00,0.00,0.00,3,100,94,99,0,4.2,350,353,8.4,8.6,1,3600.00,1028.7,1013.8
2025-02-09T18:00,1.7,0.00,85,-0.6,-1.2,0.00,0.00,0.00,3,100,6,100,0,4.6,4,21,9.2,9.0,0,0.00,1028.8,1013.8
2025-02-09T19:00,1.3,0.00,85,-0.9,-1.8,0.00,0.00,0.00,3,100,0,100,0,5.8,3,20,12.1,10.4,0,0.00,1028.7,1013.7
2025-02-09T20:00,0.8,0.00,86,-1.3,-2.2,0.00,0.00,0.00,3,99,0,99,0,4.9,20,36,11.3,10.4,0,0.00,1028.6,1013.6
2025-02-09T21:00,0.1,0.00,89,-1.5,-2.7,0.00,0.00,0.00,3,100,0,100,0,3.1,54,69,5.8,9.0,0,0.00,1028.5,1013.5
2025-02-09T22:00,-0.1,0.00,90,-1.5,-2.9,0.00,0.00,0.00,3,97,0,97,0,3.2,100,87,6.2,6.5,0,0.00,1028.6,1013.5
2025-02-09T23:00,-0.3,0.00,91,-1.6,-3.1,0.00,0.00,0.00,3,86,0,86,0,3.3,104,84,7.2,7.2,0,0.00,1028.2,1013.1
2025-02-10T00:00,-0.9,0.00,92,-2.1,-3.8,0.00,0.00,0.00,1,33,0,33,0,2.7,108,86,7.0,6.8,0,0.00,1028.0,1012.9
2025-02-10T01:00,-1.4,0.00,92,-2.5,-4.2,0.00,0.00,0.00,3,94,92,22,0,2.5,88,69,5.0,6.1,0,0.00,1027.7,1012.6
2025-02-10T02:00,-0.9,0.00,93,-1.9,-3.9,0.00,0.00,0.00,1,22,6,17,0,3.8,89,73,8.5,7.6,0,0.00,1027.2,1012.1
2025-02-10T03:00,-1.5,0.00,93,-2.5,-4.6,0.00,0.00,0.00,3,100,100,6,0,4.2,75,65,9.0,8.3,0,0.00,1026.8,1011.7
2025-02-10T04:00,-0.9,0.00,93,-2.0,-4.0,0.00,0.00,0.00,3,99,99,64,0,4.4,71,58,10.3,9.0,0,0.00,1026.4,1011.3
2025-02-10T05:00,-0.8,0.00,92,-2.0,-3.7,0.00,0.00,0.00,3,100,100,97,0,3.2,68,52,7.8,9.0,0,0.00,1026.5,1011.4
2025-02-10T06:00,-0.7,0.00,92,-1.8,-3.6,0.00,0.00,0.00,3,100,100,100,1,3.7,76,67,8.2,7.2,0,0.00,1026.3,1011.2
2025-02-10T07:00,-0.2,0.00,92,-1.4,-3.1,0.00,0.00,0.00,3,100,100,100,0,3.8,93,90,11.0,7.6,0,0.00,1026.1,1011.1
2025-02-10T08:00,0.1,0.00,91,-1.2,-2.9,0.00,0.00,0.00,3,100,100,100,0,4.4,96,83,15.0,9.4,1,0.00,1025.8,1010.8
2025-02-10T09:00,1.5,0.00,85,-0.7,-1.3,0.00,0.00,0.00,3,100,98,100,0,3.3,93,45,10.1,9.7,1,0.00,1026.0,1011.1
2025-02-10T10:00,2.5,0.00,85,0.2,0.2,0.00,0.00,0.00,3,100,100,100,0,1.6,91,6,9.0,7.6,1,0.00,1026.0,1011.1
2025-02-10T11:00,3.8,0.00,82,0.9,1.2,0.00,0.00,0.00,3,100,99,100,0,3.7,93,76,9.6,10.1,1,0.00,1025.6,1010.8
2025-02-10T12:00,4.6,0.00,77,1.0,1.7,0.00,0.00,0.00,3,100,0,100,0,6.2,92,78,13.9,14.4,1,0.00,1024.8,1010.1
2025-02-10T13:00,6.0,0.00,72,1.3,3.0,0.00,0.00,0.00,2,76,0,76,0,7.6,93,90,12.1,17.6,1,772.63,1024.0,1009.3
2025-02-10T14:00,7.4,0.00,68,1.9,4.0,0.00,0.00,0.00,3,100,100,98,0,10.3,99,96,15.3,24.1,1,3600.00,1023.2,1008.6
2025-02-10T15:00,7.3,0.00,70,2.1,4.2,0.00,0.00,0.00,3,100,100,100,0,8.8,102,99,15.1,24.5,1,0.00,1022.8,1008.2
2025-02-10T16:00,7.5,0.00,70,2.3,4.4,0.00,0.00,0.00,3,100,100,98,0,9.2,91,86,16.2,20.2,1,0.00,1022.4,1007.8
2025-02-10T17:00,7.0,0.00,73,2.5,4.1,0.00,0.00,0.00,3,100,100,100,9,8.0,106,104,18.3,19.8,1,0.00,1022.2,1007.6
2025-02-10T18:00,6.4,1.00,79,3.0,2.9,1.00,0.00,0.00,55,100,100,100,0,13.1,108,106,26.1,24.5,0,0.00,1022.2,1007.6
2025-02-10T19:00,5.3,1.50,92,4.1,1.2,1.50,0.00,0.00,61,100,98,96,0,18.1,105,101,35.4,34.9,0,0.00,1021.8,1007.1
2025-02-10T20:00,4.9,1.20,93,3.9,0.7,1.20,0.00,0.00,55,100,68,100,32,18.6,100,95,36.0,37.4,0,0.00,1021.6,1006.9
2025-02-10T21:00,5.1,0.10,91,3.7,0.7,0.10,0.00,0.00,51,100,65,100,100,19.9,106,103,36.4,39.6,0,0.00,1021.2,1006.5
2025-02-10T22:00,5.3,0.10,90,3.7,1.0,0.10,0.00,0.00,51,100,87,95,100,19.2,113,109,35.1,40.0,0,0.00,1020.8,1006.1
2025-02-10T23:00,5.4,0.00,88,3.6,1.2,0.00,0.00,0.00,3,100,99,100,100,18.5,126,123,33.7,39.2,0,0.00,1021.2,1006.5
2025-02-11T00:00,4.9,1.50,94,4.0,1.2,1.50,0.00,0.00,61,100,94,100,100,15.1,120,113,29.8,38.9,0,0.00,1021.5,1006.8
2025-02-11T01:00,4.7,1.40,96,4.1,0.8,1.40,0.00,0.00,61,100,98,100,100,16.9,123,112,32.0,33.8,0,0.00,1021.2,1006.5
2025-02-11T02:00,5.1,2.00,96,4.5,1.2,2.00,0.00,0.00,61,100,94,100,100,17.7,124,119,33.9,39.2,0,0.00,1020.7,1006.0
2025-02-11T03:00,5.3,0.10,94,4.4,1.7,0.10,0.00,0.00,51,97,67,64,88,15.4,126,119,28.8,35.3,0,0.00,1020.9,1006.2
2025-02-11T04:00,5.1,0.00,94,4.2,1.8,0.00,0.00,0.00,3,100,96,99,100,12.7,125,111,24.7,29.9,0,0.00,1020.7,1006.0
2025-02-11T05:00,5.2,0.30,94,4.2,2.4,0.30,0.00,0.00,51,100,86,93,100,9.6,125,106,18.7,24.8,0,0.00,1020.8,1006.1
2025-02-11T06:00,5.1,0.20,95,4.4,2.6,0.20,0.00,0.00,51,100,77,66,100,8.2,135,105,14.5,18.0,0,0.00,1021.0,1006.3
2025-02-11T07:00,5.1,0.00,96,4.4,2.5,0.00,0.00,0.00,3,100,52,38,100,8.1,130,102,14.2,15.8,0,0.00,1021.1,1006.4
2025-02-11T08:00,4.9,0.00,96,4.3,2.3,0.00,0.00,0.00,3,100,0,18,100,8.4,129,105,15.1,16.6,1,0.00,1021.3,1006.6
2025-02-11T09:00,5.3,0.00,94,4.3,2.9,0.00,0.00,0.00,3,100,0,3,100,6.9,134,115,12.6,15.8,1,0.00,1021.8,1007.1
2025-02-11T10:00,5.9,0.00,93,4.9,3.7,0.00,0.00,0.00,3,100,0,10,100,6.0,135,119,12.7,13.7,1,0.00,1022.0,1007.4
2025-02-11T11:00,6.3,0.00,93,5.2,4.2,0.00,0.00,0.00,3,100,0,9,100,5.9,146,149,8.7,14.0,1,0.00,1022.0,1007.4
2025-02-11T12:00,7.3,0.00,89,5.6,5.4,0.00,0.00,0.00,3,100,0,95,95,4.9,157,156,6.9,16.9,1,986.78,1021.8,1007.2
2025-02-11T13:00,8.3,0.00,84,5.8,6.3,0.00,0.00,0.00,3,93,0,88,39,6.2,164,168,8.4,16.6,1,0.00,1021.2,1006.7
2025-02-11T14:00,10.4,0.00,72,5.6,8.3,0.00,0.00,0.00,2,75,0,12,72,7.1,159,165,10.2,18.0,1,3600.00,1020.3,1005.9
2025-02-11T15:00,10.5,0.00,74,6.1,8.3,0.00,0.00,0.00,2,67,0,12,63,8.3,163,169,11.8,20.5,1,3600.00,1019.7,1005.3
2025-02-11T16:00,10.2,0.00,78,6.6,8.3,0.00,0.00,0.00,1,46,0,25,30,6.9,150,152,10.7,19.8,1,3600.00,1019.6,1005.2
2025-02-11T17:00,8.7,0.00,87,6.7,7.3,0.00,0.00,0.00,2,69,0,62,38,3.8,135,135,10.2,16.2,1,3600.00,1019.6,1005.1
2025-02-11T18:00,7.7,0.00,90,6.1,5.7,0.00,0.00,0.00,3,100,0,99,86,7.1,121,109,15.3,13.0,0,0.00,1019.8,1005.3
2025-02-11T19:00,7.6,0.10,91,6.2,5.4,0.10,0.00,0.00,51,100,12,100,100,8.1,123,108,16.5,15.8,0,0.00,1019.8,1005.3
2025-02-11T20:00,7.2,0.30,95,6.4,4.9,0.30,0.00,0.00,51,100,0,100,100,9.1,122,108,17.5,16.9,0,0.00,1019.8,1005.3
2025-02-11T21:00,6.8,0.20,98,6.4,4.6,0.20,0.00,0.00,51,100,0,95,100,8.7,120,107,18.2,18.0,0,0.00,1019.7,1005.1
2025-02-11T22:00,6.7,0.00,97,6.2,4.3,0.00,0.00,0.00,3,100,0,73,100,9.5,119,104,18.3,17.6,0,0.00,1019.4,1004.8
2025-02-11T23:00,6.5,0.00,97,6.0,4.1,0.00,0.00,0.00,3,100,0,100,8,9.6,118,104,18.5,18.4,0,0.00,1019.2,1004.6
2025-02-12T00:00,6.1,0.10,98,5.7,3.8,0.10,0.00,0.00,51,100,0,100,100,8.0,124,108,17.6,18.4,0,0.00,1019.0,1004.4
2025-02-12T01:00,6.2,0.40,98,5.9,4.0,0.40,0.00,0.00,51,100,1,100,90,7.8,126,105,16.5,15.5,0,0.00,1018.8,1004.2
2025-02-12T02:00,6.2,0.10,97,5.7,3.9,0.10,0.00,0.00,51,100,9,100,100,8.3,122,101,15.9,16.9,0,0.00,1018.4,1003.8
2025-02-12T03:00,6.1,0.00,98,5.8,4.0,0.00,0.00,0.00,3,100,60,100,100,7.4,131,103,13.9,15.8,0,0.00,1018.1,1003.5
2025-02-12T04:00,6.2,0.20,98,5.9,4.0,0.20,0.00,0.00,51,100,87,100,100,7.4,139,104,12.9,14.0,0,0.00,1017.7,1003.1
2025-02-12T05:00,6.2,0.50,98,5.9,4.1,0.50,0.00,0.00,53,100,85,100,100,7.3,141,110,12.5,14.0,0,0.00,1017.5,1002.9
2025-02-12T06:00,6.3,0.70,98,5.9,4.3,0.70,0.00,0.00,53,100,99,100,100,6.7,152,126,13.3,13.7,0,0.00,1017.1,1002.6
2025-02-12T07:00,6.2,0.60,98,5.9,4.5,0.60,0.00,0.00,53,100,100,97,100,5.0,167,134,11.4,13.0,0,0.00,1017.1,1002.5
2025-02-12T08:00,6.2,0.60,98,5.9,4.3,0.60,0.00,0.00,53,100,100,100,100,6.0,176,134,11.4,11.2,1,0.00,1017.1,1002.5
2025-02-12T09:00,6.5,0.20,98,6.3,4.6,0.20,0.00,0.00,51,100,100,100,100,6.7,178,149,13.0,13.3,1,0.00,1017.2,1002.7
2025-02-12T10:00,6.9,0.50,99,6.7,5.1,0.50,0.00,0.00,53,100,100,100,100,6.5,191,178,10.8,13.0,1,0.00,1017.2,1002.7
2025-02-12T11:00,7.1,0.30,99,6.9,5.5,0.30,0.00,0.00,51,100,100,100,100,5.5,222,221,8.3,13.3,1,0.00,1017.4,1002.9
2025-02-12T12:00,7.2,0.30,99,7.0,5.7,0.30,0.00,0.00,51,100,100,100,100,4.6,257,261,6.5,12.6,1,0.00,1017.5,1003.0
2025-02-12T13:00,7.4,0.10,96,6.8,6.0,0.10,0.00,0.00,51,100,94,100,100,3.9,290,294,4.8,13.0,1,0.00,1017.3,1002.8
2025-02-12T14:00,6.9,0.10,96,6.3,5.3,0.10,0.00,0.00,51,100,32,100,100,4.4,302,305,5.5,12.6,1,0.00,1017.0,1002.5
2025-02-12T15:00,6.8,0.20,97,6.4,5.2,0.20,0.00,0.00,51,100,32,100,100,5.1,314,315,7.0,13.3,1,0.00,1016.8,1002.3
2025-02-12T16:00,6.8,0.50,98,6.5,5.2,0.50,0.00,0.00,53,100,4,100,100,4.2,331,324,6.6,12.6,1,0.00,1016.6,1002.1
2025-02-12T17:00,6.5,0.70,99,6.3,5.0,0.70,0.00,0.00,53,100,0,100,98,3.4,1,354,7.2,10.1,1,0.00,1016.6,1002.1
2025-02-12T18:00,6.0,0.30,99,5.9,4.6,0.30,0.00,0.00,51,100,0,100,100,2.7,16,360,6.4,6.8,0,0.00,1016.7,1002.1
2025-02-12T19:00,5.8,0.10,99,5.7,4.3,0.10,0.00,0.00,51,100,0,100,100,3.2,348,341,6.2,6.8,0,0.00,1017.1,1002.5
2025-02-12T20:00,5.8,0.20,99,5.6,4.3,0.20,0.00,0.00,51,100,0,100,97,2.3,333,328,5.2,6.8,0,0.00,1017.1,1002.5
2025-02-12T21:00,5.6,0.10,99,5.5,3.7,0.10,0.00,0.00,51,100,4,98,100,5.4,328,320,10.6,10.8,0,0.00,1017.4,1002.8
2025-02-12T22:00,5.4,0.00,99,5.3,3.3,0.00,0.00,0.00,3,100,0,100,100,6.2,336,324,12.0,12.2,0,0.00,1017.4,1002.8
2025-02-12T23:00,5.2,0.00,99,5.1,2.8,0.00,0.00,0.00,3,100,1,100,100,8.1,339,325,14.8,15.8,0,0.00,1017.5,1002.9
2025-02-13T00:00,4.8,0.10,98,4.5,2.3,0.10,0.00,0.00,51,100,0,100,100,8.3,341,330,15.3,16.9,0,0.00,1017.8,1003.2
2025-02-13T01:00,4.3,0.00,96,3.7,1.7,0.00,0.00,0.00,3,100,11,100,99,8.0,338,326,14.0,16.9,0,0.00,1017.9,1003.2
2025-02-13T02:00,4.5,0.00,96,3.9,2.0,0.00,0.00,0.00,3,100,9,100,100,7.2,341,323,12.9,17.3,0,0.00,1017.7,1003.0
2025-02-13T03:00,4.1,0.10,95,3.4,1.4,0.10,0.00,0.00,51,100,76,99,57,8.3,335,326,15.1,16.6,0,0.00,1017.4,1002.7
2025-02-13T04:00,3.6,0.10,94,2.7,0.8,0.10,0.00,0.00,51,100,95,100,13,8.0,332,322,14.7,16.9,0,0.00,1017.5,1002.8
2025-02-13T05:00,3.0,0.10,94,2.1,0.3,0.10,0.00,0.00,51,100,100,100,1,5.8,334,326,12.4,15.8,0,0.00,1017.6,1002.9
2025-02-13T06:00,2.6,0.30,96,2.1,0.1,0.30,0.00,0.00,51,100,100,100,0,5.2,316,304,9.0,12.2,0,0.00,1017.8,1003.1
2025-02-13T07:00,2.0,0.40,97,1.6,-0.4,0.40,0.00,0.00,51,100,98,100,0,4.0,308,297,7.8,10.4,0,0.00,1017.7,1002.9
2025-02-13T08:00,1.7,0.30,99,1.5,-0.7,0.30,0.00,0.00,51,100,100,100,23,3.5,295,285,6.8,9.4,1,0.00,1017.9,1003.1
2025-02-13T09:00,1.7,0.20,97,1.3,-0.6,0.20,0.00,0.00,51,100,100,100,55,3.1,286,270,5.2,9.0,1,0.00,1018.2,1003.4
2025-02-13T10:00,1.9,0.20,96,1.3,-0.7,0.20,0.00,0.00,51,96,0,80,83,4.7,294,286,6.7,11.9,1,0.00,1018.3,1003.5
2025-02-13T11:00,3.5,0.00,86,1.4,0.5,0.00,0.00,0.00,3,97,0,29,97,7.1,306,306,9.8,18.4,1,3275.84,1018.6,1003.9
2025-02-13T12:00,4.5,0.10,81,1.5,1.5,0.10,0.00,0.00,51,94,0,91,61,8.0,307,306,10.8,19.8,1,2594.02,1018.4,1003.7
2025-02-13T13:00,5.0,0.10,77,1.3,1.7,0.10,0.00,0.00,51,68,0,43,49,8.9,305,304,12.8,22.7,1,3433.03,1018.2,1003.6
2025-02-13T14:00,5.4,0.00,75,1.4,2.4,0.00,0.00,0.00,1,44,0,13,36,7.6,300,298,10.7,24.5,1,3600.00,1018.0,1003.4
2025-02-13T15:00,5.8,0.00,71,0.9,2.6,0.00,0.00,0.00,3,98,0,54,97,8.0,280,278,11.3,25.2,1,3600.00,1017.7,1003.1
2025-02-13T16:00,4.2,0.70,81,1.2,0.5,0.50,0.00,0.14,71,100,0,97,97,12.4,314,311,19.5,25.6,1,1171.84,1018.1,1003.4
2025-02-13T17:00,2.8,0.50,91,1.4,0.2,0.50,0.00,0.00,53,91,0,90,43,4.8,324,307,8.0,26.3,1,0.00,1018.7,1003.9
2025-02-13T18:00,2.5,0.00,97,2.0,-0.0,0.00,0.00,0.00,3,99,0,99,53,4.8,314,301,11.3,10.8,0,0.00,1019.1,1004.3
2025-02-13T19:00,2.3,0.30,95,1.7,-0.9,0.30,0.00,0.00,51,100,0,100,98,9.2,339,334,17.3,18.4,0,0.00,1019.5,1004.7
2025-02-13T20:00,1.8,0.30,98,1.5,-1.4,0.30,0.00,0.00,51,100,0,98,100,9.3,352,342,16.0,19.4,0,0.00,1020.0,1005.2
2025-02-13T21:00,1.5,0.10,94,0.7,-1.7,0.10,0.00,0.00,51,100,0,100,80,7.9,360,347,15.8,18.4,0,0.00,1020.2,1005.4
2025-02-13T22:00,0.9,0.00,92,-0.3,-2.7,0.00,0.01,0.00,3,100,0,100,100,9.4,6,356,17.0,18.4,0,0.00,1020.7,1005.8
2025-02-13T23:00,0.4,0.00,88,-1.3,-3.6,0.00,0.01,0.00,3,100,0,70,100,11.1,17,9,19.4,23.0,0,0.00,1021.4,1006.5
2025-02-14T00:00,-0.1,0.00,86,-2.1,-4.1,0.00,0.01,0.00,2,70,0,67,9,10.3,13,7,18.5,23.0,0,0.00,1021.6,1006.6
2025-02-14T01:00,-1.2,0.00,88,-2.9,-5.0,0.00,0.01,0.00,2,74,0,73,6,9.0,10,360,17.7,21.6,0,0.00,1022.0,1007.0
2025-02-14T02:00,-1.1,0.00,86,-3.2,-5.2,0.00,0.01,0.00,3,95,0,0,95,10.3,14,7,18.8,22.0,0,0.00,1022.3,1007.3
2025-02-14T03:00,-1.6,0.00,86,-3.7,-5.6,0.00,0.01,0.00,3,100,0,0,100,9.6,2,355,17.5,21.2,0,0.00,1022.8,1007.8
2025-02-14T04:00,-1.3,0.00,82,-4.0,-5.6,0.00,0.01,0.00,3,100,0,0,100,11.2,2,360,16.9,26.3,0,0.00,1023.3,1008.3
2025-02-14T05:00,-1.3,0.00,80,-4.4,-5.3,0.00,0.01,0.00,3,100,0,0,100,8.5,5,4,13.2,25.6,0,0.00,1023.8,1008.7
2025-02-14T06:00,-1.2,0.00,80,-4.2,-4.5,0.00,0.01,0.00,3,100,0,0,100,4.0,350,324,8.0,19.8,0,0.00,1024.3,1009.2
2025-02-14T07:00,-1.2,0.00,83,-3.8,-4.7,0.00,0.01,0.00,3,100,0,0,100,5.7,316,298,10.3,12.2,0,0.00,1024.7,1009.6
2025-02-14T08:00,-0.8,0.00,81,-3.7,-4.1,0.00,0.01,0.00,3,100,0,0,100,4.2,313,306,6.9,14.0,1,0.00,1025.1,1010.1
2025-02-14T09:00,-0.5,0.00,81,-3.3,-3.7,0.00,0.01,0.00,3,100,0,49,100,4.6,315,312,6.9,11.9,1,0.00,1025.5,1010.5
2025-02-14T10:00,-0.2,0.00,83,-2.7,-3.5,0.00,0.01,0.00,3,100,0,6,100,5.6,321,318,8.3,14.0,1,0.00,1025.7,1010.7
2025-02-14T11:00,0.9,0.00,81,-2.1,-2.9,0.00,0.01,0.00,3,100,0,0,100,9.3,342,342,13.0,21.6,1,0.00,1025.8,1010.8
2025-02-14T12:00,2.2,0.10,75,-1.8,-1.9,0.00,0.01,0.07,71,100,0,0,100,11.4,8,6,16.2,26.6,1,1439.05,1026.1,1011.2
2025-02-14T13:00,2.9,0.00,69,-2.3,-1.1,0.00,0.01,0.00,3,100,0,4,100,10.3,13,11,15.0,27.0,1,657.80,1025.9,1011.0
2025-02-14T14:00,2.7,0.00,66,-3.0,-1.0,0.00,0.01,0.00,3,100,0,4,100,7.8,27,23,11.4,19.1,1,0.00,1026.5,1011.6
2025-02-14T15:00,2.8,0.00,65,-3.2,-0.9,0.00,0.01,0.00,3,100,0,0,100,7.9,26,21,11.6,18.4,1,0.00,1026.4,1011.5
2025-02-14T16:00,2.9,0.00,64,-3.2,-0.8,0.00,0.01,0.00,3,100,0,0,100,7.5,30,27,11.0,18.4,1,0.00,1026.6,1011.7
2025-02-14T17:00,2.5,0.00,68,-2.8,-0.8,0.00,0.01,0.00,3,100,0,0,100,5.2,34,27,10.6,17.3,1,0.00,1026.8,1011.9
2025-02-14T18:00,1.9,0.00,71,-2.8,-1.4,0.00,0.01,0.00,3,100,0,0,100,5.4,43,42,11.7,11.2,0,0.00,1027.0,1012.1
2025-02-14T19:00,1.4,0.00,73,-2.9,-1.9,0.00,0.01,0.00,3,100,0,0,100,5.1,52,58,11.7,11.2,0,0.00,1027.5,1012.5
2025-02-14T20:00,0.9,0.00,75,-3.1,-2.4,0.00,0.01,0.00,3,98,0,0,98,4.6,66,69,11.2,10.4,0,0.00,1027.8,1012.8
2025-02-14T21:00,0.5,0.00,76,-3.2,-2.8,0.00,0.01,0.00,3,82,0,0,82,4.7,78,72,11.8,9.7,0,0.00,1028.1,1013.1
2025-02-14T22:00,-0.1,0.00,77,-3.6,-3.5,0.00,0.01,0.00,3,96,0,0,96,4.9,84,73,12.5,10.1,0,0.00,1028.2,1013.2
2025-02-14T23:00,0.3,0.00,75,-3.6,-3.3,0.00,0.01,0.00,3,100,0,0,100,6.8,87,78,15.3,13.7,0,0.00,1028.4,1013.4
2025-02-15T00:00,0.2,0.00,75,-3.7,-3.6,0.00,0.01,0.00,3,86,0,0,86,7.9,80,70,16.5,15.5,0,0.00,1028.4,1013.4
2025-02-15T01:00,-0.2,0.00,75,-4.1,-4.1,0.00,0.01,0.00,0,19,0,0,19,8.0,77,67,17.0,15.8,0,0.00,1028.1,1013.0
2025-02-15T02:00,-0.0,0.00,79,-3.2,-3.6,0.00,0.01,0.00,3,100,0,0,100,6.8,70,61,15.7,16.9,0,0.00,1027.7,1012.7
2025-02-15T03:00,0.2,0.00,78,-3.2,-3.3,0.00,0.01,0.00,3,100,0,0,100,6.3,86,87,15.0,13.7,0,0.00,1027.3,1012.3
2025-02-15T04:00,0.1,0.00,75,-3.8,-3.7,0.00,0.01,0.00,3,84,0,0,84,7.7,92,91,16.9,15.8,0,0.00,1026.5,1011.5
2025-02-15T05:00,-0.8,0.00,74,-4.8,-4.9,0.00,0.01,0.00,1,47,0,0,47,9.0,94,91,19.7,18.0,0,0.00,1026.0,1010.9
2025-02-15T06:00,-1.3,0.00,73,-5.5,-5.6,0.00,0.01,0.00,1,21,0,0,21,10.3,93,86,22.0,20.5,0,0.00,1025.8,1010.7
2025-02-15T07:00,-1.5,0.00,74,-5.5,-5.7,0.00,0.01,0.00,0,6,0,0,6,9.1,89,83,20.2,20.5,0,0.00,1025.7,1010.6
2025-02-15T08:00,-1.6,0.00,76,-5.4,-5.8,0.00,0.01,0.00,0,9,0,0,9,9.1,87,83,19.3,18.0,1,0.00,1025.7,1010.6
2025-02-15T09:00,-0.2,0.00,70,-5.1,-4.5,0.00,0.01,0.00,0,16,0,0,16,10.0,87,83,20.4,22.3,1,3165.76,1025.8,1010.8
2025-02-15T10:00,1.3,0.00,65,-4.6,-2.9,0.00,0.01,0.00,1,20,0,0,20,10.0,84,82,15.2,23.8,1,3600.00,1025.1,1010.2
2025-02-15T11:00,2.1,0.00,61,-4.6,-2.1,0.00,0.01,0.00,2,73,0,0,73,10.1,101,101,14.5,24.5,1,3600.00,1024.8,1009.9
2025-02-15T12:00,2.5,0.00,61,-4.4,-1.7,0.00,0.01,0.00,3,100,0,0,100,9.7,106,106,13.5,24.5,1,3600.00,1024.3,1009.4
2025-02-15T13:00,2.9,0.00,58,-4.5,-1.2,0.00,0.01,0.00,2,77,0,0,77,9.4,100,101,13.0,24.5,1,3600.00,1023.5,1008.7
2025-02-15T14:00,2.4,0.00,54,-6.1,-1.8,0.00,0.01,0.00,2,77,0,0,77,8.9,106,108,12.4,23.0,1,3600.00,1023.4,1008.6
2025-02-15T15:00,2.7,0.00,52,-6.2,-1.3,0.00,0.01,0.00,3,97,50,0,93,7.0,110,111,9.6,23.4,1,3600.00,1022.8,1008.0
2025-02-15T16:00,2.4,0.00,55,-5.8,-1.7,0.00,0.01,0.00,3,100,100,0,77,8.4,109,110,12.0,20.2,1,3600.00,1022.2,1007.4
2025-02-15T17:00,1.2,0.00,62,-5.4,-2.6,0.00,0.01,0.00,3,100,100,6,48,6.7,103,98,14.0,19.8,1,1784.44,1022.0,1007.1
2025-02-15T18:00,-0.2,0.00,68,-5.5,-4.3,0.00,0.01,0.00,3,100,100,13,31,8.2,92,82,18.4,15.5,0,0.00,1021.7,1006.7
2025-02-15T19:00,-0.6,0.00,69,-5.6,-4.8,0.00,0.01,0.00,3,100,100,92,18,8.8,85,75,19.9,17.3,0,0.00,1021.7,1006.7
2025-02-15T20:00,-0.7,0.00,68,-5.8,-4.8,0.00,0.01,0.00,3,100,100,99,16,8.5,78,66,19.3,18.0,0,0.00,1021.4,1006.4
2025-02-15T21:00,-0.5,0.00,67,-5.9,-4.7,0.00,0.01,0.00,3,100,100,100,15,9.4,74,64,20.1,19.1,0,0.00,1021.2,1006.2
2025-02-15T22:00,-0.3,0.00,67,-5.8,-4.7,0.00,0.01,0.00,3,100,100,100,10,10.0,79,72,20.7,20.2,0,0.00,1020.9,1005.9
2025-02-15T23:00,-0.2,0.00,66,-5.8,-4.6,0.00,0.01,0.00,3,100,100,100,8,10.3,77,68,20.7,21.2,0,0.00,1020.8,1005.9
2025-02-16T00:00,-0.2,0.00,64,-6.1,-4.7,0.00,0.01,0.00,3,100,100,98,3,10.8,83,79,21.7,22.3,0,0.00,1020.5,1005.6
2025-02-16T01:00,-0.1,0.00,63,-6.3,-4.6,0.00,0.01,0.00,3,100,100,99,0,10.8,91,88,21.8,23.4,0,0.00,1020.1,1005.2
2025-02-16T02:00,0.3,0.00,73,-3.9,-4.0,0.00,0.01,0.00,3,100,100,100,2,11.2,94,90,21.1,23.4,0,0.00,1020.1,1005.2
2025-02-16T03:00,0.2,0.00,73,-4.1,-4.3,0.00,0.01,0.00,3,100,100,100,1,12.6,92,88,23.1,26.3,0,0.00,1019.5,1004.6
2025-02-16T04:00,-0.0,0.00,73,-4.4,-4.5,0.00,0.01,0.00,3,100,100,100,0,11.7,86,81,22.0,26.6,0,0.00,1019.3,1004.4
2025-02-16T05:00,0.0,0.00,72,-4.4,-4.4,0.00,0.01,0.00,3,100,69,100,0,11.4,89,85,21.4,24.8,0,0.00,1019.3,1004.4
2025-02-16T06:00,0.0,0.10,73,-4.3,-4.3,0.00,0.01,0.07,71,100,95,100,0,11.2,86,80,20.8,23.8,0,0.00,1019.4,1004.5
2025-02-16T07:00,-0.1,0.10,74,-4.2,-4.6,0.00,0.01,0.07,71,100,75,100,0,12.2,81,76,22.6,25.6,0,0.00,1019.4,1004.5
2025-02-16T08:00,-0.2,0.10,76,-4.0,-4.5,0.00,0.01,0.07,71,100,88,100,0,11.6,83,78,21.4,25.9,1,0.00,1019.5,1004.6
2025-02-16T09:00,-0.0,0.00,76,-3.7,-4.1,0.00,0.02,0.00,3,100,20,100,1,9.7,77,71,17.0,25.2,1,0.00,1019.9,1005.0
2025-02-16T10:00,0.3,0.00,75,-3.6,-4.0,0.00,0.02,0.00,3,99,0,99,6,11.4,76,72,18.6,24.8,1,0.00,1019.7,1004.8
2025-02-16T11:00,1.7,0.00,70,-3.2,-2.8,0.00,0.02,0.00,1,36,0,30,13,13.2,86,84,19.9,29.9,1,1631.53,1019.8,1005.0
2025-02-16T12:00,3.1,0.00,63,-3.3,-1.5,0.00,0.02,0.00,2,58,0,42,27,13.9,94,94,20.4,33.1,1,3600.00,1019.6,1004.8
2025-02-16T13:00,3.8,0.00,60,-3.2,-0.9,0.00,0.02,0.00,2,71,0,34,57,14.0,92,91,20.2,33.5,1,3600.00,1019.3,1004.6
2025-02-16T14:00,2.6,0.00,63,-3.7,-2.0,0.00,0.02,0.00,3,100,10,99,100,13.6,82,82,20.0,32.0,1,0.00,1019.9,1005.1
2025-02-16T15:00,2.4,0.00,64,-3.8,-2.1,0.00,0.02,0.00,3,100,91,93,100,12.3,75,75,18.6,31.0,1,0.00,1020.0,1005.2
2025-02-16T16:00,2.3,0.00,65,-3.7,-2.1,0.00,0.02,0.00,3,100,100,91,100,12.1,75,72,18.6,27.7,1,0.00,1020.3,1005.5
2025-02-16T17:00,1.8,0.00,66,-3.8,-2.4,0.00,0.02,0.00,3,100,0,98,100,10.6,73,69,18.7,26.3,1,0.00,1020.8,1006.0
2025-02-16T18:00,1.2,0.00,65,-4.6,-3.1,0.00,0.02,0.00,3,100,0,100,98,10.1,74,68,19.7,22.7,0,0.00,1021.3,1006.4
2025-02-16T19:00,0.9,0.00,63,-5.3,-3.3,0.00,0.02,0.00,3,94,0,92,93,9.3,73,66,19.0,21.6,0,0.00,1021.8,1006.9
2025-02-16T20:00,0.4,0.00,64,-5.7,-3.5,0.00,0.02,0.00,3,96,0,53,96,7.0,78,64,16.8,19.8,0,0.00,1022.1,1007.2
2025-02-16T21:00,0.1,0.00,65,-5.8,-3.8,0.00,0.02,0.00,3,88,0,0,88,6.5,77,56,16.1,14.8,0,0.00,1022.1,1007.2
2025-02-16T22:00,-0.6,0.00,65,-6.4,-4.7,0.00,0.02,0.00,1,39,0,0,39,8.3,66,56,18.5,16.9,0,0.00,1022.5,1007.5
2025-02-16T23:00,-1.4,0.00,63,-7.5,-6.1,0.00,0.02,0.00,0,0,0,0,0,11.2,77,68,23.8,22.3,0,0.00,1022.6,1007.6
2025-02-17T00:00,-2.0,0.00,64,-7.9,-6.9,0.00,0.02,0.00,0,0,0,0,0,12.8,84,79,26.8,26.6,0,0.00,1022.8,1007.7
2025-02-17T01:00,-2.4,0.00,67,-7.7,-7.4,0.00,0.02,0.00,0,0,0,0,0,13.1,85,81,26.7,27.0,0,0.00,1023.0,1007.9
2025-02-17T02:00,-2.5,0.00,73,-6.6,-7.4,0.00,0.02,0.00,0,0,0,0,0,13.4,88,85,26.6,28.1,0,0.00,1023.0,1007.9
2025-02-17T03:00,-2.8,0.00,75,-6.7,-7.6,0.00,0.02,0.00,0,0,0,0,0,12.6,90,88,25.6,27.7,0,0.00,1023.1,1008.0
2025-02-17T04:00,-3.0,0.00,75,-6.7,-7.7,0.00,0.02,0.00,0,0,0,0,0,11.7,91,87,24.3,25.9,0,0.00,1023.2,1008.1
2025-02-17T05:00,-3.0,0.00,76,-6.7,-7.6,0.00,0.02,0.00,0,0,0,0,0,11.2,91,85,23.8,24.1,0,0.00,1023.4,1008.3
2025-02-17T06:00,-3.1,0.00,76,-6.7,-7.7,0.00,0.02,0.00,0,0,0,0,0,11.3,89,83,23.6,23.4,0,0.00,1023.6,1008.5
2025-02-17T07:00,-3.2,0.00,77,-6.7,-7.8,0.00,0.02,0.00,0,0,0,0,0,11.2,90,84,23.6,23.4,0,0.00,1023.6,1008.5
2025-02-17T08:00,-3.1,0.00,76,-6.7,-7.8,0.00,0.02,0.00,0,0,0,0,0,11.7,92,87,24.0,24.5,1,0.00,1024.0,1008.8
2025-02-17T09:00,-1.7,0.00,72,-6.1,-6.1,0.00,0.02,0.00,0,0,0,0,0,10.3,91,84,21.6,25.6,1,3391.55,1024.1,1009.0
2025-02-17T10:00,-0.1,0.00,65,-5.8,-4.6,0.00,0.02,0.00,0,0,0,0,0,11.3,94,92,17.7,27.4,1,3600.00,1023.7,1008.7
2025-02-17T11:00,1.5,0.00,60,-5.5,-3.1,0.00,0.02,0.00,0,0,0,0,0,11.6,104,103,17.1,28.1,1,3600.00,1023.6,1008.7
2025-02-17T12:00,2.4,0.00,54,-5.9,-2.1,0.00,0.02,0.00,0,0,0,0,0,11.1,99,97,15.9,28.4,1,3600.00,1023.2,1008.4
2025-02-17T13:00,3.2,0.00,51,-5.9,-1.2,0.00,0.02,0.00,0,0,0,0,0,10.1,91,90,14.2,27.4,1,3600.00,1023.0,1008.2
2025-02-17T14:00,3.3,0.00,47,-7.0,-1.1,0.00,0.02,0.00,0,3,0,0,3,9.8,96,95,13.8,26.3,1,3600.00,1023.2,1008.4
2025-02-17T15:00,3.4,0.00,47,-6.9,-1.0,0.00,0.02,0.00,0,3,0,0,3,9.7,94,92,13.9,25.6,1,3600.00,1022.8,1008.0
2025-02-17T16:00,2.9,0.00,49,-6.8,-1.6,0.00,0.02,0.00,0,3,0,0,3,10.3,93,92,15.1,24.1,1,3600.00,1022.7,1007.9
2025-02-17T17:00,1.6,0.00,55,-6.4,-2.6,0.00,0.02,0.00,0,0,0,0,0,8.7,90,86,17.3,23.4,1,3600.00,1022.9,1008.0
2025-02-17T18:00,-0.4,0.00,62,-6.8,-4.6,0.00,0.02,0.00,0,0,0,0,0,8.3,90,79,20.0,18.4,0,630.87,1023.2,1008.2
2025-02-17T19:00,-1.0,0.00,64,-6.9,-5.2,0.00,0.02,0.00,0,0,0,0,0,8.6,92,78,20.7,17.3,0,0.00,1023.8,1008.8
2025-02-17T20:00,-1.5,0.00,66,-7.1,-5.9,0.00,0.02,0.00,0,0,0,0,0,9.0,91,77,20.9,18.0,0,0.00,1023.9,1008.8
2025-02-17T21:00,-1.9,0.00,66,-7.4,-6.4,0.00,0.02,0.00,0,0,0,0,0,9.6,82,73,21.6,19.1,0,0.00,1023.9,1008.8
2025-02-17T22:00,-2.1,0.00,62,-8.5,-6.7,0.00,0.02,0.00,0,0,0,0,0,9.9,87,81,22.4,19.8,0,0.00,1024.2,1009.1
2025-02-17T23:00,-2.3,0.00,59,-9.2,-6.9,0.00,0.02,0.00,0,0,0,0,0,9.2,90,84,21.4,19.8,0,0.00,1024.5,1009.4
2025-02-18T00:00,-2.5,0.00,59,-9.5,-7.1,0.00,0.02,0.00,0,0,0,0,0,9.6,89,84,21.8,19.4,0,0.00,1024.8,1009.7
2025-02-18T01:00,-2.7,0.00,59,-9.6,-7.4,0.00,0.02,0.00,0,0,0,0,0,10.4,87,82,22.7,20.5,0,0.00,1025.1,1010.0
2025-02-18T02:00,-2.7,0.00,69,-7.6,-7.4,0.00,0.02,0.00,0,0,0,0,0,11.1,88,83,23.8,22.3,0,0.00,1025.1,1010.0
2025-02-18T03:00,-2.9,0.00,69,-7.7,-7.7,0.00,0.02,0.00,0,0,0,0,0,11.8,88,84,24.9,23.8,0,0.00,1024.9,1009.7
2025-02-18T04:00,-3.1,0.00,70,-7.8,-7.8,0.00,0.02,0.00,0,0,0,0,0,10.8,87,86,23.6,24.1,0,0.00,1025.3,1010.1
2025-02-18T05:00,-3.4,0.00,72,-7.8,-8.1,0.00,0.02,0.00,0,0,0,0,0,11.6,87,86,23.8,23.4,0,0.00,1025.9,1010.7
2025-02-18T06:00,-3.6,0.00,72,-7.9,-8.6,0.00,0.02,0.00,0,0,0,0,0,12.9,86,84,25.8,26.3,0,0.00,1026.0,1010.8
2025-02-18T07:00,-3.7,0.00,71,-8.2,-8.8,0.00,0.02,0.00,0,0,0,0,0,13.2,88,87,26.7,27.4,0,0.00,1025.7,1010.5
2025-02-18T08:00,-3.5,0.00,69,-8.4,-8.5,0.00,0.02,0.00,0,1,1,0,0,13.0,91,92,25.9,27.0,1,0.00,1026.1,1010.9
2025-02-18T09:00,-2.3,0.00,63,-8.3,-7.0,0.00,0.02,0.00,0,14,14,0,0,11.2,92,92,22.2,27.0,1,3507.15,1026.5,1011.4
2025-02-18T10:00,-0.6,0.00,57,-8.1,-5.5,0.00,0.02,0.00,1,48,48,0,0,12.5,95,95,19.5,29.5,1,3600.00,1026.3,1011.3
2025-02-18T11:00,1.1,0.00,53,-7.4,-3.9,0.00,0.02,0.00,0,15,15,0,0,13.2,98,96,20.0,31.7,1,3600.00,1026.1,1011.1
2025-02-18T12:00,2.4,0.00,50,-7.0,-2.6,0.00,0.02,0.00,1,20,20,0,0,13.7,97,95,20.3,33.1,1,3600.00,1026.0,1011.1
2025-02-18T13:00,3.4,0.00,47,-6.8,-1.6,0.00,0.02,0.00,0,0,0,0,0,13.5,95,94,19.9,33.1,1,3600.00,1025.6,1010.8
2025-02-18T14:00,3.3,0.00,43,-8.1,-1.9,0.00,0.02,0.00,1,41,41,0,0,14.5,96,96,21.0,34.6,1,3600.00,1026.1,1011.3
2025-02-18T15:00,3.4,0.00,44,-7.8,-1.9,0.00,0.02,0.00,0,0,0,0,0,15.6,96,96,23.0,36.0,1,3600.00,1025.7,1010.9
2025-02-18T16:00,3.1,0.00,46,-7.5,-2.3,0.00,0.02,0.00,0,0,0,0,0,15.6,98,97,24.0,35.6,1,3600.00,1025.5,1010.7
2025-02-18T17:00,2.1,0.00,50,-7.3,-3.0,0.00,0.02,0.00,0,11,11,0,0,14.2,101,99,25.5,34.6,1,3600.00,1025.8,1010.9
2025-02-18T18:00,0.5,0.00,55,-7.5,-4.7,0.00,0.02,0.00,2,66,66,0,0,14.7,102,98,28.8,30.6,0,855.63,1026.1,1011.1
2025-02-18T19:00,0.2,0.00,53,-8.3,-5.4,0.00,0.02,0.00,3,100,100,0,0,16.9,101,99,32.5,35.6,0,0.00,1026.3,1011.3
2025-02-18T20:00,0.1,0.00,51,-8.9,-5.7,0.00,0.02,0.00,3,86,86,0,0,18.3,102,100,34.2,38.5,0,0.00,1026.3,1011.3
2025-02-18T21:00,-0.2,0.00,50,-9.4,-6.3,0.00,0.02,0.00,0,1,1,0,0,19.7,103,102,36.4,41.8,0,0.00,1026.1,1011.1
2025-02-18T22:00,-0.7,0.00,50,-9.8,-6.7,0.00,0.02,0.00,1,36,36,3,0,18.8,105,104,35.0,42.1,0,0.00,1026.2,1011.1
2025-02-18T23:00,-1.2,0.00,52,-9.8,-7.1,0.00,0.02,0.00,2,67,67,0,0,17.9,106,105,33.5,39.6,0,0.00,1026.6,1011.5
2025-02-19T00:00,-1.5,0.00,53,-9.9,-7.5,0.00,0.02,0.00,2,54,53,10,0,19.0,105,103,35.0,40.0,0,0.00,1026.3,1011.2
2025-02-19T01:00,-1.8,0.00,53,-10.2,-8.0,0.00,0.02,0.00,0,0,0,0,0,20.0,103,101,36.5,42.5,0,0.00,1026.2,1011.1
2025-02-19T02:00,-1.7,0.00,63,-7.8,-7.5,0.00,0.02,0.00,0,0,0,0,0,18.3,103,103,34.4,42.1,0,0.00,1026.1,1011.0
2025-02-19T03:00,-2.1,0.00,64,-8.0,-8.1,0.00,0.02,0.00,0,0,0,0,0,19.7,103,102,36.5,41.8,0,0.00,1025.6,1010.5
2025-02-19T04:00,-2.4,0.00,64,-8.3,-8.4,0.00,0.02,0.00,0,0,0,0,0,19.3,105,106,35.9,42.8,0,0.00,1025.5,1010.4
2025-02-19T05:00,-2.7,0.00,64,-8.6,-8.5,0.00,0.02,0.00,0,2,1,1,0,18.2,108,107,33.6,41.0,0,0.00,1025.9,1010.7
2025-02-19T06:00,-3.0,0.00,64,-8.9,-8.9,0.00,0.02,0.00,0,0,0,0,0,19.0,106,105,34.8,40.3,0,0.00,1025.8,1010.6
2025-02-19T07:00,-3.1,0.00,63,-9.3,-9.2,0.00,0.02,0.00,3,97,97,0,0,20.0,104,103,36.4,42.1,0,0.00,1025.7,1010.5
2025-02-19T08:00,-3.1,0.00,61,-9.5,-9.2,0.00,0.02,0.00,3,97,97,0,0,19.6,105,105,35.6,42.1,1,0.00,1025.9,1010.7
2025-02-19T09:00,-2.1,0.00,59,-9.1,-7.7,0.00,0.02,0.00,3,100,100,6,0,16.7,105,107,29.1,41.4,1,3600.00,1026.2,1011.1
2025-02-19T10:00,-0.8,0.00,53,-9.1,-6.6,0.00,0.02,0.00,3,98,98,4,0,17.9,106,105,28.4,40.0,1,3600.00,1026.3,1011.2
2025-02-19T11:00,0.8,0.00,50,-8.4,-4.7,0.00,0.02,0.00,3,100,100,0,0,16.7,104,104,25.5,40.0,1,3600.00,1026.1,1011.1
2025-02-19T12:00,2.3,0.00,47,-7.8,-2.9,0.00,0.01,0.00,3,99,99,1,0,15.0,106,106,22.7,37.8,1,3600.00,1025.8,1010.9
2025-02-19T13:00,3.8,0.00,45,-7.1,-1.2,0.00,0.01,0.00,3,88,78,50,0,13.4,107,107,20.0,34.9,1,3600.00,1025.3,1010.5
2025-02-19T14:00,3.9,0.00,40,-8.6,-1.0,0.00,0.01,0.00,3,100,93,100,0,12.5,115,115,17.9,32.0,1,3600.00,1025.6,1010.8
2025-02-19T15:00,4.4,0.00,38,-8.7,-0.7,0.00,0.01,0.00,3,95,90,55,0,12.9,111,111,18.9,30.2,1,3600.00,1025.1,1010.3
2025-02-19T16:00,4.3,0.00,39,-8.5,-0.7,0.00,0.01,0.00,3,95,94,21,0,12.7,113,113,19.5,30.6,1,3600.00,1025.1,1010.3
2025-02-19T17:00,3.2,0.00,45,-7.6,-1.5,0.00,0.01,0.00,3,91,83,51,0,10.8,107,105,21.3,28.1,1,3600.00,1025.1,1010.3
2025-02-19T18:00,1.6,0.00,51,-7.4,-3.3,0.00,0.01,0.00,2,79,72,35,5,12.5,105,102,27.1,25.2,0,13.27,1025.0,1010.1
2025-02-19T19:00,1.2,0.00,53,-7.3,-3.9,0.00,0.01,0.00,3,96,93,52,2,14.4,105,102,30.0,29.2,0,0.00,1025.1,1010.2
2025-02-19T20:00,1.1,0.00,53,-7.4,-3.9,0.00,0.01,0.00,3,95,47,92,0,13.9,105,101,29.1,29.2,0,0.00,1025.1,1010.2
2025-02-19T21:00,0.9,0.00,53,-7.5,-4.1,0.00,0.01,0.00,3,93,52,86,0,13.2,106,102,27.5,28.1,0,0.00,1025.1,1010.2
2025-02-19T22:00,0.4,0.00,55,-7.6,-4.3,0.00,0.01,0.00,3,100,100,98,0,11.7,109,104,25.4,26.6,0,0.00,1025.5,1010.5
2025-02-19T23:00,0.1,0.00,57,-7.5,-4.6,0.00,0.01,0.00,3,100,100,67,0,10.9,111,106,24.3,23.4,0,0.00,1025.5,1010.5
2025-02-20T00:00,-0.3,0.00,59,-7.4,-4.7,0.00,0.01,0.00,1,42,40,1,4,9.4,113,108,21.9,21.6,0,0.00,1025.8,1010.8
2025-02-20T01:00,-0.6,0.00,61,-7.3,-5.1,0.00,0.01,0.00,1,26,24,0,3,9.7,113,106,21.6,19.4,0,0.00,1026.0,1011.0
2025-02-20T02:00,-0.2,0.00,74,-4.3,-4.2,0.00,0.01,0.00,3,100,100,4,10,8.5,123,115,18.9,17.3,0,0.00,1026.3,1011.3
2025-02-20T03:00,-0.3,0.00,76,-4.0,-4.2,0.00,0.01,0.00,3,100,100,22,7,8.4,126,110,17.9,16.9,0,0.00,1026.1,1011.1
2025-02-20T04:00,-0.1,0.00,78,-3.5,-4.0,0.00,0.01,0.00,3,100,100,0,5,8.3,130,110,16.6,16.9,0,0.00,1025.9,1010.9
2025-02-20T05:00,-0.3,0.00,80,-3.2,-4.0,0.00,0.01,0.00,3,82,82,0,0,7.8,139,113,15.3,16.2,0,0.00,1026.0,1011.0
2025-02-20T06:00,-0.5,0.00,83,-3.1,-4.3,0.00,0.01,0.00,0,1,0,1,0,8.9,142,108,15.5,16.6,0,0.00,1025.8,1010.8
2025-02-20T07:00,-0.3,0.00,83,-2.8,-4.2,0.00,0.01,0.00,1,46,0,44,4,9.4,139,110,17.7,18.0,0,0.00,1025.6,1010.6
2025-02-20T08:00,0.3,0.00,83,-2.3,-3.4,0.00,0.01,0.00,2,50,0,38,22,8.2,137,112,16.4,18.7,1,0.00,1025.7,1010.7
2025-02-20T09:00,2.2,0.00,79,-1.1,-1.4,0.00,0.01,0.00,3,99,0,6,99,9.2,138,116,15.8,17.6,1,3600.00,1026.2,1011.3
2025-02-20T10:00,4.3,0.00,75,0.2,1.1,0.00,0.01,0.00,2,79,48,0,60,7.5,141,114,17.0,17.6,1,0.00,1026.2,1011.4
2025-02-20T11:00,6.6,0.00,71,1.7,3.9,0.00,0.01,0.00,3,81,54,0,58,5.9,153,133,12.7,16.2,1,3600.00,1026.2,1011.5
2025-02-20T12:00,8.5,0.00,69,3.1,5.9,0.00,0.01,0.00,3,100,99,13,100,6.7,178,172,9.7,18.4,1,3600.00,1026.2,1011.6
2025-02-20T13:00,8.6,0.00,72,3.8,6.1,0.00,0.01,0.00,3,100,100,17,5,7.2,168,158,10.7,18.4,1,1225.74,1025.8,1011.2
2025-02-20T14:00,7.2,0.00,76,3.3,4.7,0.00,0.01,0.00,3,83,82,7,3,6.8,148,132,10.6,18.7,1,820.88,1026.4,1011.8
2025-02-20T15:00,9.3,0.00,74,4.9,7.0,0.00,0.01,0.00,3,98,83,96,3,6.8,160,151,10.0,18.4,1,3600.00,1025.8,1011.3
2025-02-20T16:00,9.6,0.00,76,5.6,7.5,0.00,0.01,0.00,3,100,100,100,0,7.0,143,136,10.5,18.0,1,3600.00,1025.6,1011.1
2025-02-20T17:00,8.8,0.00,81,5.8,6.8,0.00,0.01,0.00,3,99,99,6,0,6.1,157,124,12.5,15.8,1,3600.00,1025.6,1011.1
2025-02-20T18:00,6.4,0.00,88,4.5,4.2,0.00,0.01,0.00,3,100,100,15,0,6.1,165,113,12.7,12.2,0,315.64,1025.8,1011.1
2025-02-20T19:00,5.9,0.00,88,4.1,3.4,0.00,0.01,0.00,3,100,100,96,54,7.1,163,106,12.2,13.0,0,0.00,1026.3,1011.6
2025-02-20T20:00,6.5,0.00,87,4.5,4.0,0.00,0.01,0.00,3,100,100,97,100,8.3,164,117,14.6,15.5,0,0.00,1026.2,1011.5
2025-02-20T21:00,7.2,0.00,84,4.7,4.6,0.00,0.01,0.00,3,100,100,100,100,9.1,162,122,17.0,17.3,0,0.00,1026.2,1011.6
2025-02-20T22:00,7.2,0.00,84,4.8,4.7,0.00,0.01,0.00,3,100,100,54,100,8.6,161,126,16.8,17.3,0,0.00,1026.1,1011.5
2025-02-20T23:00,7.2,0.00,86,4.9,4.7,0.00,0.01,0.00,3,100,80,100,100,8.3,167,132,16.6,16.6,0,0.00,1026.0,1011.4
2025-02-21T00:00,7.1,0.00,87,5.1,4.8,0.00,0.01,0.00,3,100,100,28,95,7.3,171,128,15.3,16.2,0,0.00,1026.2,1011.6
2025-02-21T01:00,6.9,0.00,89,5.1,4.7,0.00,0.01,0.00,3,100,39,97,99,6.4,182,126,13.3,14.4,0,0.00,1026.5,1011.8
2025-02-21T02:00,6.4,0.00,88,4.6,4.2,0.00,0.01,0.00,3,100,46,100,37,6.4,191,122,12.8,12.6,0,0.00,1026.8,1012.1
2025-02-21T03:00,7.0,0.00,90,5.4,4.9,0.00,0.01,0.00,3,100,88,100,25,6.2,192,126,11.1,12.2,0,0.00,1026.8,1012.1
2025-02-21T04:00,6.8,0.20,93,5.8,4.5,0.20,0.01,0.00,51,100,93,100,100,8.2,171,123,13.7,14.8,0,0.00,1026.3,1011.6
2025-02-21T05:00,6.9,0.10,94,6.1,4.6,0.10,0.01,0.00,51,100,97,100,5,9.2,166,130,15.4,15.8,0,0.00,1026.1,1011.5
2025-02-21T06:00,6.4,0.00,96,5.9,3.9,0.00,0.01,0.00,3,100,97,98,2,10.2,152,126,18.8,18.7,0,0.00,1025.7,1011.0
2025-02-21T07:00,5.9,0.00,97,5.4,3.3,0.00,0.01,0.00,3,100,100,40,0,10.0,131,108,19.5,19.4,0,0.00,1025.3,1010.6
2025-02-21T08:00,5.7,0.00,96,5.1,3.0,0.00,0.01,0.00,3,100,100,8,1,10.4,131,110,20.7,19.1,1,0.00,1025.4,1010.7
2025-02-21T09:00,6.9,0.00,93,5.8,4.3,0.00,0.01,0.00,3,100,100,4,0,10.7,129,113,20.2,21.2,1,3079.54,1025.3,1010.7
2025-02-21T10:00,9.1,0.00,89,7.3,7.2,0.00,0.01,0.00,3,100,100,71,0,7.9,124,111,20.7,21.2,1,3600.00,1025.3,1010.8
2025-02-21T11:00,11.1,0.00,80,7.9,9.5,0.00,0.01,0.00,3,100,100,28,0,7.1,121,114,12.2,19.1,1,3600.00,1024.6,1010.2
2025-02-21T12:00,13.3,0.00,72,8.4,12.0,0.00,0.00,0.00,3,100,100,28,0,5.9,132,133,8.7,18.7,1,3600.00,1023.9,1009.6
2025-02-21T13:00,14.4,0.00,69,8.7,13.3,0.00,0.00,0.00,3,100,100,95,0,5.0,126,128,7.1,16.9,1,3600.00,1022.8,1008.6
2025-02-21T14:00,14.8,0.00,67,8.7,13.1,0.00,0.00,0.00,3,100,100,65,0,8.9,119,119,13.0,21.6,1,3600.00,1022.0,1007.8
2025-02-21T15:00,15.1,0.00,67,9.0,13.8,0.00,0.00,0.00,2,51,27,49,0,7.6,129,128,11.3,21.6,1,3600.00,1021.3,1007.1
2025-02-21T16:00,15.2,0.00,67,9.2,13.9,0.00,0.00,0.00,3,94,21,94,0,7.6,110,109,12.2,18.0,1,3600.00,1020.6,1006.5
2025-02-21T17:00,13.9,0.00,74,9.4,12.8,0.00,0.00,0.00,1,32,22,12,0,6.4,105,101,16.0,17.3,1,3600.00,1020.2,1006.0
2025-02-21T18:00,11.7,0.00,80,8.3,9.9,0.00,0.00,0.00,1,27,26,1,0,9.4,105,93,22.0,17.6,0,1099.76,1020.1,1005.8
2025-02-21T19:00,10.7,0.00,82,7.7,8.2,0.00,0.00,0.00,2,50,50,0,0,12.8,111,101,27.8,25.2,0,0.00,1020.1,1005.7
2025-02-21T20:00,9.8,0.00,83,7.1,7.0,0.00,0.00,0.00,3,96,96,0,0,13.8,114,105,29.6,28.1,0,0.00,1020.2,1005.8
2025-02-21T21:00,9.2,0.00,83,6.4,6.3,0.00,0.00,0.00,3,100,100,0,0,13.8,115,103,29.3,28.1,0,0.00,1020.2,1005.8
2025-02-21T22:00,8.7,0.00,83,6.0,5.6,0.00,0.00,0.00,3,100,100,2,0,14.7,113,102,30.5,29.9,0,0.00,1020.2,1005.7
2025-02-21T23:00,8.3,0.00,83,5.6,5.1,0.00,0.00,0.00,3,100,100,66,0,14.0,112,102,29.4,30.2,0,0.00,1020.0,1005.5
2025-02-22T00:00,7.7,0.00,84,5.1,4.6,0.00,0.00,0.00,3,100,55,100,0,13.5,112,102,28.1,28.8,0,0.00,1019.5,1005.0
2025-02-22T01:00,7.1,0.00,85,4.8,4.4,0.00,0.00,0.00,3,100,100,78,0,10.2,118,114,23.3,27.0,0,0.00,1019.4,1004.9
2025-02-22T02:00,7.8,0.00,83,5.2,5.1,0.00,0.00,0.00,3,100,100,11,0,10.7,122,110,23.5,22.3,0,0.00,1018.7,1004.2
2025-02-22T03:00,7.3,0.00,85,4.9,4.8,0.00,0.00,0.00,3,99,99,46,0,8.2,133,119,19.1,20.9,0,0.00,1018.8,1004.3
2025-02-22T04:00,6.4,0.00,88,4.6,4.1,0.00,0.00,0.00,3,100,100,27,0,7.1,146,109,13.2,15.8,0,0.00,1018.8,1004.2
2025-02-22T05:00,5.5,0.00,91,4.1,3.2,0.00,0.00,0.00,3,100,100,11,0,6.4,156,98,7.7,13.0,0,0.00,1018.8,1004.2
2025-02-22T06:00,5.2,0.00,91,3.9,2.4,0.00,0.00,0.00,3,100,100,69,0,8.9,135,108,12.5,16.6,0,0.00,1019.0,1004.4
2025-02-22T07:00,4.6,0.00,93,3.6,1.7,0.00,0.00,0.00,3,100,100,81,0,9.5,124,109,15.8,18.0,0,0.00,1019.1,1004.4
2025-02-22T08:00,5.1,0.00,92,3.8,2.0,0.00,0.00,0.00,3,100,100,94,0,11.0,128,113,20.3,20.9,1,0.00,1019.7,1005.1
2025-02-22T09:00,6.3,0.00,87,4.4,3.3,0.00,0.00,0.00,3,100,100,7,0,11.1,119,115,20.5,21.6,1,0.00,1019.9,1005.3
2025-02-22T10:00,8.1,0.00,81,5.1,5.7,0.00,0.00,0.00,3,100,100,27,0,8.3,117,112,23.1,20.9,1,1581.04,1020.2,1005.7
2025-02-22T11:00,10.2,0.00,75,6.0,8.1,0.00,0.00,0.00,3,100,100,81,0,7.3,122,118,19.3,19.8,1,2826.82,1020.1,1005.7
2025-02-22T12:00,12.1,0.00,69,6.6,10.2,0.00,0.00,0.00,3,100,100,62,0,6.8,127,130,11.4,20.9,1,3529.89,1020.1,1005.8
2025-02-22T13:00,13.7,0.00,64,7.1,11.7,0.00,0.00,0.00,3,100,100,7,14,8.4,147,146,12.4,22.0,1,3600.00,1020.0,1005.8
2025-02-22T14:00,14.0,0.00,66,7.7,12.3,0.00,0.00,0.00,3,100,100,65,51,7.9,167,164,11.4,21.6,1,2594.21,1020.0,1005.8
2025-02-22T15:00,14.0,0.00,68,8.1,12.4,0.00,0.00,0.00,3,100,100,100,91,7.9,185,177,13.0,19.8,1,0.00,1020.2,1006.0
2025-02-22T16:00,13.9,0.00,66,7.7,12.3,0.00,0.00,0.00,3,100,100,86,1,6.8,214,202,14.8,18.7,1,0.00,1020.1,1005.9
2025-02-22T17:00,13.3,0.00,71,8.1,11.9,0.00,0.00,0.00,3,100,100,94,0,5.6,196,174,13.8,15.5,1,0.00,1020.2,1006.0
2025-02-22T18:00,12.0,0.00,75,7.7,10.1,0.00,0.00,0.00,3,100,100,89,17,8.8,199,179,20.4,17.3,0,0.00,1020.9,1006.6
2025-02-22T19:00,11.2,0.00,78,7.4,9.3,0.00,0.00,0.00,3,100,100,77,40,8.1,200,179,20.5,19.1,0,0.00,1021.7,1007.3
2025-02-22T20:00,11.0,0.00,78,7.3,8.8,0.00,0.00,0.00,3,100,99,62,40,9.8,210,197,23.0,19.8,0,0.00,1022.3,1007.9
2025-02-22T21:00,10.3,0.00,81,7.3,8.2,0.00,0.00,0.00,3,100,99,95,22,9.9,225,215,23.0,22.0,0,0.00,1023.4,1009.0
2025-02-22T22:00,9.8,0.00,86,7.5,7.7,0.00,0.00,0.00,3,100,100,91,48,10.2,230,224,23.1,20.9,0,0.00,1024.3,1009.8
2025-02-22T23:00,9.3,0.10,90,7.7,7.3,0.10,0.00,0.00,51,100,100,20,31,9.9,233,225,22.5,22.0,0,0.00,1025.0,1010.5
2025-02-23T00:00,8.7,0.00,93,7.6,6.7,0.00,0.00,0.00,3,96,95,6,22,9.4,226,210,20.5,20.5,0,0.00,1025.7,1011.2
2025-02-23T01:00,7.8,0.00,96,7.2,6.0,0.00,0.00,0.00,2,52,27,3,33,7.6,229,211,19.0,18.7,0,0.00,1026.3,1011.7
2025-02-23T02:00,9.2,0.00,89,7.6,7.0,0.00,0.00,0.00,3,95,92,14,41,10.7,251,243,23.4,22.0,0,0.00,1026.7,1012.2
2025-02-23T03:00,8.8,0.00,91,7.4,7.0,0.00,0.00,0.00,1,38,1,16,36,8.1,258,246,19.0,21.6,0,0.00,1027.3,1012.7
2025-02-23T04:00,7.9,0.00,93,6.8,6.2,0.00,0.00,0.00,1,25,0,2,24,5.7,266,252,15.7,16.6,0,0.00,1027.7,1013.1
2025-02-23T05:00,6.9,0.00,94,6.1,5.3,0.00,0.00,0.00,1,36,2,5,32,4.3,275,253,13.2,11.5,0,0.00,1028.4,1013.7
2025-02-23T06:00,6.1,0.00,97,5.6,4.6,0.00,0.00,0.00,1,49,23,30,21,2.7,279,222,8.8,9.0,0,0.00,1029.0,1014.3
2025-02-23T07:00,5.4,0.00,99,5.2,4.0,0.00,0.00,0.00,3,98,84,93,39,1.9,280,197,6.4,5.8,0,0.00,1029.5,1014.7
2025-02-23T08:00,5.7,0.00,100,5.7,4.1,0.00,0.00,0.00,3,100,99,31,96,3.1,253,173,4.9,5.0,1,0.00,1030.2,1015.4
2025-02-23T09:00,6.8,0.00,98,6.5,5.3,0.00,0.00,0.00,3,99,87,69,85,4.1,219,180,6.5,10.8,1,3600.00,1030.6,1015.9
2025-02-23T10:00,8.3,0.00,92,7.1,7.0,0.00,0.00,0.00,3,100,7,91,97,3.8,218,211,6.2,11.9,1,2593.32,1030.9,1016.3
2025-02-23T11:00,9.4,0.00,85,7.1,8.0,0.00,0.00,0.00,3,100,0,100,99,4.8,223,222,6.1,15.5,1,2329.12,1031.2,1016.6
2025-02-23T12:00,10.5,0.00,79,7.1,9.0,0.00,0.00,0.00,3,97,11,58,93,4.9,213,213,6.6,15.8,1,3600.00,1031.4,1016.9
2025-02-23T13:00,11.6,0.00,72,6.8,10.1,0.00,0.00,0.00,1,27,0,0,27,4.9,212,213,6.5,16.6,1,3600.00,1030.7,1016.2
2025-02-23T14:00,12.9,0.00,67,6.8,11.1,0.00,0.00,0.00,0,9,0,1,8,6.3,219,219,8.3,18.7,1,3600.00,1030.2,1015.8
2025-02-23T15:00,13.1,0.00,66,6.8,11.4,0.00,0.00,0.00,0,3,0,0,3,5.7,227,226,7.6,18.4,1,3600.00,1029.8,1015.4
2025-02-23T16:00,12.9,0.00,66,6.7,11.3,0.00,0.00,0.00,0,6,0,3,3,5.0,217,215,6.8,16.6,1,3600.00,1029.5,1015.1
2025-02-23T17:00,12.2,0.00,73,7.6,11.0,0.00,0.00,0.00,0,7,0,5,6,3.5,175,156,7.8,13.3,1,3600.00,1029.2,1014.8
2025-02-23T18:00,10.3,0.00,79,6.9,8.3,0.00,0.00,0.00,0,2,0,2,2,8.1,143,122,14.1,14.8,0,1545.46,1028.9,1014.4
2025-02-23T19:00,8.9,0.00,83,6.2,7.1,0.00,0.00,0.00,0,2,0,2,1,6.2,152,120,15.1,15.5,0,0.00,1029.4,1014.8
2025-02-23T20:00,8.2,0.00,84,5.6,6.2,0.00,0.00,0.00,0,0,0,0,0,6.5,159,118,14.6,12.6,0,0.00,1029.4,1014.8
2025-02-23T21:00,7.5,0.00,85,5.1,5.3,0.00,0.00,0.00,0,2,0,0,2,6.9,163,123,15.1,13.0,0,0.00,1029.7,1015.0
2025-02-23T22:00,6.7,0.00,86,4.6,4.5,0.00,0.00,0.00,0,0,0,0,0,6.2,167,123,15.5,14.4,0,0.00,1029.7,1015.0
2025-02-23T23:00,6.2,0.00,85,3.9,3.9,0.00,0.00,0.00,0,3,2,0,0,5.3,175,118,13.0,12.2,0,0.00,1030.0,1015.3
2025-02-24T00:00,6.0,0.00,86,3.8,3.4,0.00,0.00,0.00,2,78,78,0,0,7.4,178,124,14.1,14.0,0,0.00,1029.5,1014.8
2025-02-24T01:00,5.7,0.00,88,3.8,3.1,0.00,0.00,0.00,3,100,100,0,0,7.6,178,128,16.6,15.1,0,0.00,1028.5,1013.8
2025-02-24T02:00,6.0,0.00,83,3.4,3.6,0.00,0.00,0.00,3,100,100,0,0,5.8,199,158,16.2,13.3,0,0.00,1028.8,1014.1
2025-02-24T03:00,5.8,0.00,86,3.7,3.2,0.00,0.00,0.00,3,100,100,3,0,7.7,181,139,16.2,14.8,0,0.00,1028.6,1013.9
2025-02-24T04:00,5.1,0.00,88,3.3,2.2,0.00,0.00,0.00,1,37,36,13,0,8.8,166,129,17.6,16.6,0,0.00,1027.8,1013.0
2025-02-24T05:00,4.1,0.00,91,2.7,1.1,0.00,0.00,0.00,3,95,93,85,0,8.8,156,118,17.4,16.9,0,0.00,1027.1,1012.3
2025-02-24T06:00,3.8,0.00,93,2.7,1.0,0.00,0.00,0.00,3,100,100,100,0,8.0,152,108,14.5,17.3,0,0.00,1026.7,1011.9
2025-02-24T07:00,3.8,0.00,94,2.9,0.8,0.00,0.00,0.00,3,100,98,81,0,9.3,148,114,15.7,18.0,0,0.00,1026.2,1011.4
2025-02-24T08:00,3.8,0.00,94,2.8,0.7,0.00,0.00,0.00,3,100,100,100,0,9.6,136,110,17.4,18.7,1,0.00,1026.0,1011.2
2025-02-24T09:00,5.0,0.00,91,3.6,2.2,0.00,0.00,0.00,3,100,100,61,0,8.8,134,110,15.3,18.4,1,0.00,1026.0,1011.3
2025-02-24T10:00,7.2,0.00,84,4.8,4.7,0.00,0.00,0.00,3,100,100,74,0,8.3,146,120,17.9,20.2,1,2034.59,1025.1,1010.5
2025-02-24T11:00,9.8,0.00,75,5.5,7.6,0.00,0.00,0.00,3,100,100,24,0,6.8,159,153,11.0,18.7,1,3600.00,1024.9,1010.4
2025-02-24T12:00,10.9,0.00,70,5.7,8.6,0.00,0.00,0.00,3,100,100,100,0,8.7,165,159,12.7,22.3,1,3600.00,1024.4,1010.0
2025-02-24T13:00,11.5,0.00,70,6.1,9.2,0.00,0.00,0.00,3,100,100,100,0,8.7,172,167,13.1,22.3,1,169.48,1023.2,1008.8
2025-02-24T14:00,10.7,0.00,76,6.5,8.7,0.00,0.00,0.00,3,100,100,84,0,7.3,157,138,13.5,17.6,1,0.00,1023.0,1008.6
2025-02-24T15:00,11.9,0.00,71,6.9,9.7,0.00,0.00,0.00,3,100,100,100,0,9.4,152,145,14.7,22.0,1,225.15,1022.0,1007.7
2025-02-24T16:00,11.5,0.00,75,7.3,9.6,0.00,0.00,0.00,3,100,100,100,0,8.0,162,152,16.3,22.3,1,0.00,1021.3,1007.0
2025-02-24T17:00,10.8,0.00,80,7.5,9.0,0.00,0.00,0.00,3,100,100,100,0,7.9,152,133,17.3,17.6,1,0.00,1020.6,1006.2
2025-02-24T18:00,10.4,0.00,82,7.5,8.5,0.00,0.00,0.00,3,100,100,100,0,8.0,176,152,18.6,16.6,0,0.00,1020.4,1006.0
2025-02-24T19:00,10.5,0.00,79,7.1,8.5,0.00,0.00,0.00,3,100,100,100,0,8.6,210,191,21.4,18.4,0,0.00,1020.4,1006.0
2025-02-24T20:00,10.4,0.10,79,7.0,8.4,0.10,0.00,0.00,51,100,100,100,5,8.0,215,200,19.9,18.7,0,0.00,1020.4,1006.0
2025-02-24T21:00,10.1,0.10,81,7.0,7.9,0.10,0.00,0.00,51,100,100,100,16,9.7,202,182,21.8,19.4,0,0.00,1019.9,1005.5
2025-02-24T22:00,9.8,0.10,82,7.0,7.5,0.10,0.00,0.00,51,100,88,100,56,10.3,216,205,22.8,21.6,0,0.00,1020.1,1005.7
2025-02-24T23:00,9.1,0.40,89,7.3,7.1,0.40,0.00,0.00,51,100,93,100,16,8.8,211,181,19.0,21.6,0,0.00,1019.8,1005.4
2025-02-25T00:00,8.7,0.10,93,7.6,6.5,0.10,0.00,0.00,51,100,97,100,61,10.6,198,176,21.4,20.9,0,0.00,1019.3,1004.8
2025-02-25T01:00,8.3,0.30,96,7.8,6.2,0.30,0.00,0.00,51,100,99,100,17,10.2,205,187,22.4,22.0,0,0.00,1018.8,1004.3
2025-02-25T02:00,8.9,0.60,97,8.5,6.9,0.60,0.00,0.00,53,100,98,100,100,10.5,215,204,22.9,25.9,0,0.00,1018.7,1004.3
2025-02-25T03:00,8.7,0.40,97,8.3,6.9,0.40,0.00,0.00,51,100,5,100,100,9.3,223,216,21.1,21.6,0,0.00,1018.4,1004.0
2025-02-25T04:00,8.3,0.20,98,8.0,6.8,0.20,0.00,0.00,51,100,35,94,100,6.7,225,214,17.2,19.4,0,0.00,1018.1,1003.6
2025-02-25T05:00,8.1,0.10,99,7.9,7.0,0.10,0.00,0.00,51,97,0,24,97,4.0,240,216,12.3,14.0,0,0.00,1017.9,1003.4
2025-02-25T06:00,7.8,0.00,100,7.7,6.8,0.00,0.00,0.00,3,92,53,15,84,2.4,249,171,7.0,8.3,0,0.00,1017.4,1002.9
2025-02-25T07:00,7.4,0.00,100,7.4,6.2,0.00,0.00,0.00,3,100,52,11,100,3.8,185,131,4.3,7.6,0,0.00,1017.1,1002.6
2025-02-25T08:00,7.7,0.00,100,7.7,6.6,0.00,0.00,0.00,3,100,100,2,100,3.3,178,112,4.3,9.0,1,0.00,1017.0,1002.5
2025-02-25T09:00,8.6,0.00,97,8.2,7.6,0.00,0.00,0.00,3,100,100,0,100,3.4,98,84,4.0,10.1,1,0.00,1016.4,1002.0
2025-02-25T10:00,9.3,0.00,94,8.4,8.3,0.00,0.00,0.00,3,100,100,0,99,4.4,123,120,5.6,12.2,1,0.00,1016.2,1001.8
2025-02-25T11:00,10.6,0.00,85,8.1,9.1,0.00,0.00,0.00,3,100,100,5,100,6.6,130,131,8.9,17.3,1,0.00,1015.3,1001.0
2025-02-25T12:00,11.5,0.00,80,8.1,9.9,0.00,0.00,0.00,3,100,100,99,100,7.7,140,139,10.6,18.7,1,0.00,1014.5,1000.3
2025-02-25T13:00,12.1,0.10,75,7.8,10.3,0.10,0.00,0.00,51,100,100,100,60,8.2,142,144,11.8,19.8,1,0.00,1013.5,999.3
2025-02-25T14:00,11.3,0.50,80,8.0,9.2,0.50,0.00,0.00,53,100,100,100,100,10.4,153,152,16.4,24.1,1,0.00,1013.5,999.3
2025-02-25T15:00,9.8,1.70,94,8.9,7.9,1.70,0.00,0.00,61,100,100,99,5,11.0,191,179,21.3,26.3,1,0.00,1013.2,998.9
2025-02-25T16:00,9.8,0.60,94,8.9,8.9,0.60,0.00,0.00,53,100,97,100,32,4.4,184,150,9.2,22.7,1,0.00,1012.6,998.3
2025-02-25T17:00,9.1,0.20,96,8.5,7.6,0.20,0.00,0.00,51,100,100,100,100,7.4,124,108,14.4,13.3,1,0.00,1012.0,997.7
2025-02-25T18:00,9.3,0.20,93,8.2,6.7,0.20,0.00,0.00,51,100,100,55,0,14.0,133,119,26.5,26.3,1,0.00,1011.6,997.3
2025-02-25T19:00,8.7,0.00,94,7.8,6.2,0.00,0.00,0.00,1,29,2,14,23,12.7,140,125,25.6,27.7,0,0.00,1011.7,997.4
2025-02-25T20:00,8.0,0.00,94,7.1,5.7,0.00,0.00,0.00,2,63,0,58,19,10.4,153,135,22.1,24.5,0,0.00,1011.9,997.5
2025-02-25T21:00,7.2,0.00,94,6.3,4.8,0.00,0.00,0.00,1,46,0,22,36,9.6,171,146,21.0,20.2,0,0.00,1012.1,997.7
2025-02-25T22:00,6.8,0.00,93,5.7,4.4,0.00,0.00,0.00,0,9,0,2,8,9.0,190,164,20.1,19.1,0,0.00,1012.3,997.8
2025-02-25T23:00,5.8,0.00,94,4.9,3.2,0.00,0.00,0.00,2,52,36,13,19,9.6,181,154,21.2,19.4,0,0.00,1012.7,998.2
2025-02-26T00:00,5.4,0.00,93,4.3,2.9,0.00,0.00,0.00,3,92,7,42,89,7.6,189,158,18.0,19.4,0,0.00,1012.8,998.3
2025-02-26T01:00,5.9,0.00,90,4.4,3.4,0.00,0.00,0.00,3,100,95,100,96,7.9,196,169,16.8,16.6,0,0.00,1012.7,998.2
2025-02-26T02:00,6.5,0.00,85,4.2,3.9,0.00,0.00,0.00,3,100,2,100,100,8.5,201,182,18.0,16.9,0,0.00,1012.9,998.4
2025-02-26T03:00,6.5,0.20,89,4.9,3.7,0.20,0.00,0.00,51,100,0,100,100,11.0,213,204,20.3,21.2,0,0.00,1012.9,998.4
2025-02-26T04:00,6.1,0.20,95,5.3,2.9,0.20,0.00,0.00,51,100,1,100,98,13.6,216,210,24.6,27.4,0,0.00,1012.9,998.4
2025-02-26T05:00,5.8,0.00,96,5.2,2.6,0.00,0.00,0.00,3,100,100,100,100,13.6,220,216,24.5,28.1,0,0.00,1013.3,998.8
2025-02-26T06:00,5.7,0.10,96,5.1,2.6,0.10,0.00,0.00,51,100,99,100,100,13.0,223,219,23.6,27.7,0,0.00,1013.6,999.1
2025-02-26T07:00,5.4,0.60,99,5.2,2.2,0.60,0.00,0.00,53,100,30,97,100,14.2,224,219,25.6,28.4,0,0.00,1014.0,999.5
2025-02-26T08:00,5.6,0.70,99,5.5,2.7,0.70,0.00,0.00,53,100,55,96,100,12.4,246,236,20.9,28.4,1,0.00,1014.8,1000.3
2025-02-26T09:00,6.5,0.40,98,6.2,3.7,0.40,0.00,0.00,51,100,0,97,100,12.1,287,275,22.8,23.4,1,0.00,1015.5,1001.0
2025-02-26T10:00,7.3,0.20,93,6.3,4.0,0.20,0.00,0.00,51,100,1,50,100,16.5,302,299,30.4,37.4,1,0.00,1016.5,1002.0
2025-02-26T11:00,7.6,0.00,86,5.4,4.1,0.00,0.00,0.00,3,100,1,22,100,16.5,299,298,24.8,38.5,1,0.00,1017.6,1003.1
2025-02-26T12:00,8.3,0.00,75,4.2,4.8,0.00,0.00,0.00,3,100,3,21,100,14.8,298,296,22.8,37.4,1,0.00,1018.3,1003.8
2025-02-26T13:00,9.3,0.00,68,3.7,5.5,0.00,0.00,0.00,3,100,0,48,100,15.4,292,291,22.5,36.7,1,3416.23,1018.4,1004.0
2025-02-26T14:00,7.5,0.00,73,2.9,3.5,0.00,0.00,0.00,3,100,0,100,100,16.0,295,295,24.6,35.6,1,0.00,1019.6,1005.1
2025-02-26T15:00,7.7,0.00,70,2.6,4.3,0.00,0.00,0.00,3,99,0,98,92,11.6,298,298,18.1,35.3,1,0.00,1019.6,1005.1
2025-02-26T16:00,8.2,0.00,67,2.5,5.6,0.00,0.00,0.00,2,77,0,37,76,5.9,282,281,9.9,24.8,1,0.00,1019.4,1004.9
2025-02-26T17:00,8.4,0.00,68,2.8,6.1,0.00,0.00,0.00,2,78,0,74,64,4.6,242,228,10.4,14.8,1,3442.98,1019.2,1004.7
2025-02-26T18:00,7.4,0.00,73,2.8,4.9,0.00,0.00,0.00,3,97,0,58,96,5.5,220,193,13.3,11.2,1,707.40,1019.2,1004.7
2025-02-26T19:00,6.8,0.00,73,2.3,3.7,0.00,0.00,0.00,2,67,0,24,59,9.7,222,207,21.3,18.7,0,0.00,1019.5,1004.9
2025-02-26T20:00,6.2,0.00,70,1.2,2.6,0.00,0.00,0.00,0,19,13,1,6,11.0,235,228,24.2,23.8,0,0.00,1019.8,1005.2
2025-02-26T21:00,4.8,0.00,76,0.8,1.7,0.00,0.00,0.00,1,35,34,1,1,7.6,225,207,19.5,22.7,0,0.00,1019.8,1005.1
2025-02-26T22:00,3.9,0.00,81,1.0,0.6,0.00,0.00,0.00,1,30,4,0,27,9.2,202,180,20.8,18.4,0,0.00,1020.2,1005.5
2025-02-26T23:00,3.8,0.00,84,1.3,0.4,0.00,0.00,0.00,3,100,100,0,0,10.4,182,159,22.5,21.2,0,0.00,1019.9,1005.2
2025-02-27T00:00,3.3,0.00,83,0.7,0.0,0.00,0.00,0.00,3,96,96,0,0,8.9,180,159,20.9,21.2,0,0.00,1019.4,1004.7
2025-02-27T01:00,3.0,0.00,81,0.1,-0.6,0.00,0.00,0.00,3,100,100,27,5,10.0,179,157,22.1,20.2,0,0.00,1018.8,1004.1
2025-02-27T02:00,4.3,0.00,74,0.1,0.7,0.00,0.00,0.00,3,99,99,74,22,10.3,187,177,23.4,24.5,0,0.00,1018.3,1003.6
2025-02-27T03:00,4.3,0.10,75,0.3,0.7,0.10,0.00,0.00,51,100,98,100,95,10.4,202,190,22.0,22.3,0,0.00,1017.9,1003.2
2025-02-27T04:00,4.2,0.40,84,1.7,0.7,0.40,0.00,0.00,51,100,97,100,91,11.8,202,191,22.4,24.5,0,0.00,1017.4,1002.7
2025-02-27T05:00,4.0,0.50,94,3.2,0.7,0.50,0.00,0.00,53,100,53,100,97,12.0,208,198,24.1,24.8,0,0.00,1017.1,1002.4
2025-02-27T06:00,4.1,0.50,96,3.4,0.6,0.50,0.00,0.00,53,100,0,100,100,13.2,215,209,25.4,27.0,0,0.00,1017.0,1002.3
2025-02-27T07:00,4.0,0.90,96,3.4,0.8,0.90,0.00,0.00,53,100,0,100,99,11.7,229,227,22.5,28.1,0,0.00,1017.0,1002.3
2025-02-27T08:00,4.0,1.00,97,3.5,1.0,1.00,0.00,0.00,55,100,0,100,31,10.2,226,221,20.6,24.5,1,0.00,1017.4,1002.7
2025-02-27T09:00,4.3,0.30,98,4.0,1.1,0.30,0.00,0.00,51,100,0,100,28,11.6,224,217,22.5,23.0,1,0.00,1017.8,1003.1
2025-02-27T10:00,5.1,0.10,96,4.4,2.0,0.10,0.00,0.00,51,53,0,28,36,11.7,233,227,22.0,23.4,1,0.00,1018.3,1003.7
2025-02-27T11:00,7.0,0.00,86,4.8,4.1,0.00,0.00,0.00,2,54,0,11,51,11.5,243,241,17.0,28.4,1,3600.00,1018.4,1003.9
2025-02-27T12:00,8.0,0.10,73,3.5,4.7,0.10,0.00,0.00,51,99,0,6,99,12.3,253,252,17.5,32.0,1,3600.00,1018.5,1004.0
2025-02-27T13:00,8.6,0.10,65,2.5,5.0,0.10,0.00,0.00,51,99,0,12,99,12.7,256,254,18.0,32.8,1,3600.00,1018.3,1003.9
2025-02-27T14:00,7.2,1.10,74,2.8,3.5,0.60,0.00,0.35,73,93,38,85,48,13.9,247,247,19.6,33.8,1,3600.00,1018.8,1004.3
2025-02-27T15:00,5.8,1.40,86,3.7,3.4,1.10,0.00,0.21,73,58,13,37,39,6.1,233,230,10.2,34.2,1,1849.92,1018.9,1004.3
2025-02-27T16:00,7.6,0.10,75,3.4,5.0,0.10,0.00,0.00,51,100,6,15,100,6.7,238,236,10.2,19.4,1,3600.00,1018.7,1004.2
2025-02-27T17:00,7.5,0.10,74,3.2,4.7,0.10,0.00,0.00,51,49,3,9,46,8.3,240,236,14.5,22.7,1,2691.93,1018.9,1004.4
2025-02-27T18:00,5.7,0.40,83,3.0,3.0,0.40,0.00,0.00,51,23,11,4,13,7.2,216,198,17.4,20.9,1,995.14,1019.0,1004.4
2025-02-27T19:00,4.4,0.00,85,2.1,1.4,0.00,0.00,0.00,0,13,3,0,10,8.5,213,197,21.6,16.9,0,0.00,1019.7,1005.0
2025-02-27T20:00,3.2,0.60,90,1.8,0.1,0.40,0.00,0.14,71,100,84,100,26,8.9,226,223,22.2,19.8,0,0.00,1020.6,1005.8
2025-02-27T21:00,3.1,0.20,95,2.4,0.2,0.20,0.00,0.00,51,26,0,25,4,8.0,227,203,18.2,19.8,0,0.00,1020.9,1006.1
2025-02-27T22:00,2.4,0.20,93,1.4,-0.8,0.20,0.00,0.00,51,23,0,0,23,8.9,230,214,21.7,17.3,0,0.00,1021.1,1006.3
2025-02-27T23:00,2.1,0.00,95,1.4,-1.2,0.00,0.00,0.00,1,37,0,17,35,9.4,233,222,22.5,20.2,0,0.00,1021.6,1006.8
2025-02-28T00:00,1.8,0.00,97,1.4,-1.2,0.00,0.00,0.00,1,47,0,29,45,6.9,239,219,17.9,19.1,0,0.00,1021.9,1007.0
2025-02-28T01:00,1.6,0.00,98,1.4,-1.4,0.00,0.00,0.00,1,45,0,29,41,7.4,222,193,16.2,14.8,0,0.00,1021.9,1007.0
2025-02-28T02:00,3.1,0.00,99,3.0,0.0,0.00,0.00,0.00,3,91,0,85,44,9.9,237,226,20.3,20.2,0,0.00,1021.8,1007.0
2025-02-28T03:00,2.1,2.20,98,1.8,-1.1,0.60,0.00,1.12,75,100,0,100,100,9.7,212,204,19.2,20.9,0,0.00,1021.9,1007.1
2025-02-28T04:00,2.0,0.80,99,1.8,-1.3,0.10,0.00,0.49,73,100,0,53,100,10.0,214,200,20.8,21.6,0,0.00,1021.7,1006.9
2025-02-28T05:00,2.6,0.00,97,2.2,-0.8,0.00,0.00,0.00,3,100,0,98,94,11.0,234,218,21.4,22.0,0,0.00,1021.7,1006.9
2025-02-28T06:00,2.7,0.10,98,2.3,-0.7,0.10,0.00,0.00,51,99,0,97,93,11.0,232,221,22.3,22.7,0,0.00,1022.0,1007.2
2025-02-28T07:00,2.6,0.10,98,2.4,-0.6,0.10,0.00,0.00,51,100,0,48,100,10.4,232,224,22.1,22.0,0,0.00,1022.0,1007.2
2025-02-28T08:00,3.0,0.40,96,2.4,-0.3,0.40,0.00,0.00,51,100,0,80,100,10.8,242,234,21.5,21.6,1,0.00,1022.3,1007.5
2025-02-28T09:00,3.4,0.10,95,2.7,0.3,0.10,0.00,0.00,51,99,0,51,99,10.1,257,248,19.0,21.6,1,0.00,1022.8,1008.0
2025-02-28T10:00,4.2,0.10,90,2.8,1.1,0.10,0.00,0.00,51,100,0,17,100,10.2,285,278,16.2,23.0,1,0.00,1023.2,1008.5
2025-02-28T11:00,4.2,0.20,88,2.4,0.8,0.20,0.00,0.00,51,100,0,4,100,11.5,312,311,16.8,24.8,1,0.00,1023.7,1008.9
2025-02-28T12:00,4.6,0.10,85,2.4,1.0,0.10,0.00,0.00,51,100,0,3,100,13.2,323,322,18.8,28.8,1,541.08,1024.1,1009.4
2025-02-28T13:00,5.6,0.20,79,2.2,1.8,0.20,0.00,0.00,51,99,0,8,99,13.9,332,330,19.8,31.3,1,3600.00,1023.8,1009.1
2025-02-28T14:00,7.0,0.10,65,0.9,3.4,0.10,0.00,0.00,51,60,0,45,34,10.9,348,347,15.3,26.6,1,3600.00,1023.9,1009.3
2025-02-28T15:00,7.1,0.10,65,1.1,3.9,0.10,0.00,0.00,51,27,0,14,19,8.6,345,340,12.1,27.4,1,3600.00,1023.8,1009.2
2025-02-28T16:00,7.1,0.00,63,0.5,3.6,0.00,0.00,0.00,2,59,6,52,20,9.8,356,354,14.1,23.8,1,3600.00,1023.8,1009.2
2025-02-28T17:00,6.9,0.00,63,0.4,3.6,0.00,0.00,0.00,2,63,10,51,25,8.8,348,345,14.3,23.0,1,3600.00,1024.1,1009.5
2025-02-28T18:00,4.8,0.00,78,1.2,1.8,0.00,0.00,0.00,0,4,0,4,0,7.2,343,335,14.9,19.4,1,1738.57,1024.7,1010.0
2025-02-28T19:00,3.3,0.00,88,1.4,0.2,0.00,0.00,0.00,0,9,0,7,7,8.1,353,347,17.4,16.6,0,0.00,1025.4,1010.6
2025-02-28T20:00,2.6,0.00,90,1.1,-0.3,0.00,0.00,0.00,0,3,0,0,3,6.1,23,14,15.2,15.8,0,0.00,1025.7,1010.8
2025-02-28T21:00,1.8,0.00,91,0.5,-1.1,0.00,0.00,0.00,0,4,0,0,4,5.6,16,7,14.1,11.9,0,0.00,1026.0,1011.1
2025-02-28T22:00,1.4,0.00,91,0.1,-1.6,0.00,0.00,0.00,1,28,0,1,28,6.3,27,27,15.8,12.6,0,0.00,1026.6,1011.7
2025-02-28T23:00,1.4,0.00,90,0.0,-1.6,0.00,0.00,0.00,1,48,0,2,48,5.9,38,38,15.6,12.6,0,0.00,1026.9,1012.0
2025-03-01T00:00,1.5,0.00,91,0.2,-1.5,0.00,0.00,0.00,1,37,0,1,37,5.7,37,32,15.3,12.2,0,0.00,1027.0,1012.1
2025-03-01T01:00,1.1,0.00,92,-0.1,-1.9,0.00,0.00,0.00,1,25,0,1,25,6.0,38,27,15.7,11.9,0,0.00,1027.1,1012.1
2025-03-01T02:00,1.2,0.00,95,0.6,-1.9,0.00,0.00,0.00,1,30,0,0,30,7.3,43,33,18.6,15.8,0,0.00,1027.4,1012.4
2025-03-01T03:00,0.7,0.00,95,-0.0,-2.5,0.00,0.00,0.00,0,1,0,0,1,6.8,41,27,18.0,14.8,0,0.00,1027.4,1012.4
2025-03-01T04:00,0.2,0.00,95,-0.5,-3.0,0.00,0.00,0.00,0,0,0,0,0,7.0,38,26,18.8,14.4,0,0.00,1027.5,1012.5
2025-03-01T05:00,-0.0,0.00,94,-0.8,-3.3,0.00,0.00,0.00,0,1,0,0,1,6.8,41,32,19.4,14.4,0,0.00,1027.8,1012.8
2025-03-01T06:00,-0.8,0.00,94,-1.7,-4.0,0.00,0.00,0.00,0,0,0,0,0,5.5,53,44,16.3,13.7,0,0.00,1028.2,1013.1
2025-03-01T07:00,-0.9,0.00,94,-1.8,-3.6,0.00,0.00,0.00,0,0,0,0,0,2.4,68,48,12.2,10.4,0,0.00,1028.6,1013.5
2025-03-01T08:00,0.1,0.00,93,-0.8,-2.5,0.00,0.00,0.00,0,1,0,0,1,2.2,69,5,8.7,6.8,1,824.71,1029.6,1014.5
2025-03-01T09:00,2.5,0.00,91,1.2,0.2,0.00,0.00,0.00,0,15,0,0,15,2.6,50,12,7.0,9.0,1,3600.00,1030.2,1015.3
2025-03-01T10:00,4.5,0.00,82,1.7,1.5,0.00,0.00,0.00,3,97,0,0,97,7.9,62,60,11.2,19.4,1,3600.00,1030.7,1015.9
2025-03-01T11:00,6.0,0.00,73,1.5,2.9,0.00,0.00,0.00,1,40,0,0,40,8.6,63,61,12.2,20.9,1,3600.00,1030.9,1016.1
2025-03-01T12:00,7.5,0.00,63,0.8,4.0,0.00,0.00,0.00,3,92,0,0,92,10.7,58,57,15.1,25.6,1,3600.00,1030.7,1016.0
2025-03-01T13:00,7.7,0.10,62,0.8,3.7,0.10,0.00,0.00,51,84,0,1,84,13.2,59,58,18.7,29.5,1,3600.00,1030.5,1015.8
2025-03-01T14:00,7.5,0.00,61,0.5,3.3,0.00,0.00,0.00,3,95,0,0,95,14.1,59,59,20.5,32.0,1,3600.00,1030.8,1016.1
2025-03-01T15:00,7.5,0.00,60,0.2,3.4,0.00,0.00,0.00,3,94,0,0,94,13.4,58,57,19.8,32.0,1,1194.67,1030.8,1016.1
2025-03-01T16:00,7.5,0.00,59,0.0,3.5,0.00,0.00,0.00,3,97,0,0,97,13.1,55,54,19.9,29.9,1,1094.04,1031.1,1016.4
2025-03-01T17:00,7.2,0.00,62,0.4,3.6,0.00,0.00,0.00,2,72,0,0,72,10.6,59,56,18.5,28.4,1,787.49,1031.3,1016.6
2025-03-01T18:00,6.0,0.00,69,0.7,2.9,0.00,0.00,0.00,2,71,0,1,71,7.4,61,56,16.4,23.0,1,556.90,1031.6,1016.8
2025-03-01T19:00,5.3,0.00,73,0.9,2.3,0.00,0.00,0.00,1,42,0,0,42,6.9,63,53,16.3,15.5,0,0.00,1032.1,1017.3
2025-03-01T20:00,4.2,0.00,77,0.6,0.9,0.00,0.00,0.00,1,22,0,0,22,8.7,63,53,20.0,17.3,0,0.00,1032.7,1017.8
2025-03-01T21:00,3.5,0.00,80,0.4,-0.3,0.00,0.00,0.00,1,46,0,0,46,11.4,66,63,24.3,23.4,0,0.00,1033.3,1018.4
2025-03-01T22:00,3.5,0.00,80,0.4,0.1,0.00,0.00,0.00,3,100,0,0,100,9.3,67,63,20.4,23.8,0,0.00,1033.9,1019.0
2025-03-01T23:00,3.1,0.00,82,0.3,-0.1,0.00,0.00,0.00,1,26,0,0,26,7.6,64,56,18.0,19.4,0,0.00,1034.0,1019.0
2025-03-02T00:00,2.1,0.00,85,-0.2,-1.3,0.00,0.00,0.00,0,0,0,0,0,8.0,69,56,19.3,16.2,0,0.00,1034.0,1019.0
2025-03-02T01:00,1.6,0.00,85,-0.7,-1.8,0.00,0.00,0.00,0,0,0,0,0,8.0,70,56,19.9,16.9,0,0.00,1034.1,1019.1
2025-03-02T02:00,1.8,0.00,83,-0.9,-1.7,0.00,0.00,0.00,0,0,0,0,0,8.0,74,63,20.2,18.7,0,0.00,1034.3,1019.3
2025-03-02T03:00,1.4,0.00,81,-1.5,-2.2,0.00,0.00,0.00,0,0,0,0,0,8.3,73,60,20.4,16.9,0,0.00,1034.1,1019.0
2025-03-02T04:00,1.0,0.00,81,-1.8,-2.6,0.00,0.00,0.00,0,0,0,0,0,8.2,74,64,20.2,16.9,0,0.00,1033.7,1018.6
2025-03-02T05:00,0.5,0.00,82,-2.2,-2.9,0.00,0.00,0.00,1,29,29,0,0,6.6,82,74,18.4,16.6,0,0.00,1033.6,1018.5
2025-03-02T06:00,0.1,0.00,83,-2.4,-3.4,0.00,0.00,0.00,2,65,65,0,0,6.9,67,47,18.2,14.0,0,0.00,1033.8,1018.7
2025-03-02T07:00,0.2,0.00,83,-2.3,-3.7,0.00,0.00,0.00,3,82,81,0,1,9.7,59,48,22.7,19.1,0,0.00,1034.4,1019.3
2025-03-02T08:00,1.2,0.00,80,-1.8,-2.7,0.00,0.00,0.00,2,59,59,0,0,10.2,74,69,22.6,20.9,1,530.17,1034.8,1019.7
2025-03-02T09:00,3.2,0.00,75,-0.8,-0.2,0.00,0.00,0.00,1,28,28,0,0,7.4,79,67,22.4,20.9,1,3600.00,1035.3,1020.3
2025-03-02T10:00,5.2,0.00,67,-0.4,1.8,0.00,0.00,0.00,1,21,21,0,0,8.1,99,102,12.8,20.5,1,3600.00,1034.7,1019.8
2025-03-02T11:00,6.7,0.00,59,-0.6,3.1,0.00,0.00,0.00,2,73,73,0,0,9.9,99,99,14.4,25.2,1,3600.00,1034.5,1019.7
2025-03-02T12:00,8.0,0.00,54,-0.9,4.4,0.00,0.00,0.00,0,0,0,0,0,8.8,86,86,12.6,25.2,1,3600.00,1033.9,1019.2
2025-03-02T13:00,9.0,0.00,50,-0.8,5.6,0.00,0.00,0.00,0,0,0,0,0,8.3,77,77,11.7,23.4,1,3600.00,1033.2,1018.6
2025-03-02T14:00,9.4,0.00,50,-0.4,6.0,0.00,0.00,0.00,0,0,0,0,0,8.0,80,82,11.3,22.7,1,3600.00,1032.6,1018.0
2025-03-02T15:00,9.7,0.00,49,-0.6,6.2,0.00,0.00,0.00,0,0,0,0,0,8.4,80,81,11.7,22.0,1,3600.00,1031.9,1017.3
2025-03-02T16:00,9.4,0.00,49,-0.7,5.8,0.00,0.00,0.00,0,0,0,0,0,9.2,77,78,13.3,22.0,1,3600.00,1031.5,1016.9
2025-03-02T17:00,8.5,0.00,54,-0.2,5.2,0.00,0.00,0.00,0,0,0,0,0,8.1,73,73,15.2,22.0,1,3600.00,1031.4,1016.8
2025-03-02T18:00,6.2,0.00,64,-0.0,3.0,0.00,0.00,0.00,0,0,0,0,0,7.3,70,67,17.5,17.3,1,2311.16,1031.5,1016.7
2025-03-02T19:00,4.7,0.00,70,-0.3,1.3,0.00,0.00,0.00,0,0,0,0,0,8.3,67,60,19.9,16.9,0,0.00,1031.8,1017.0
2025-03-02T20:00,3.7,0.00,74,-0.5,0.3,0.00,0.00,0.00,0,0,0,0,0,8.2,71,58,20.5,16.6,0,0.00,1032.1,1017.2
2025-03-02T21:00,3.1,0.00,75,-0.9,-0.3,0.00,0.00,0.00,0,0,0,0,0,8.2,77,64,20.9,16.6,0,0.00,1031.9,1017.0
2025-03-02T22:00,2.8,0.00,74,-1.3,-0.7,0.00,0.00,0.00,0,0,0,0,0,8.1,82,72,21.3,16.6,0,0.00,1031.9,1017.0
2025-03-02T23:00,2.3,0.00,75,-1.7,-1.1,0.00,0.00,0.00,0,0,0,0,0,7.2,87,78,20.2,16.6,0,0.00,1031.9,1016.9
2025-03-03T00:00,1.5,0.00,77,-2.2,-1.8,0.00,0.00,0.00,0,0,0,0,0,5.8,95,92,18.1,14.8,0,0.00,1031.6,1016.6
2025-03-03T01:00,0.5,0.00,79,-2.6,-2.7,0.00,0.00,0.00,0,0,0,0,0,4.9,95,90,16.3,12.6,0,0.00,1031.2,1016.1
2025-03-03T02:00,0.8,0.00,80,-2.2,-2.4,0.00,0.00,0.00,0,0,0,0,0,5.1,104,107,16.5,13.0,0,0.00,1030.8,1015.8
2025-03-03T03:00,0.0,0.00,83,-2.5,-3.1,0.00,0.00,0.00,0,0,0,0,0,4.3,111,105,13.3,10.4,0,0.00,1030.3,1015.2
2025-03-03T04:00,-0.4,0.00,85,-2.6,-3.5,0.00,0.00,0.00,0,0,0,0,0,4.4,91,69,11.7,9.0,0,0.00,1030.0,1014.9
2025-03-03T05:00,-0.6,0.00,86,-2.7,-3.9,0.00,0.00,0.00,0,0,0,0,0,5.4,69,60,11.0,10.8,0,0.00,1030.2,1015.1
2025-03-03T06:00,-0.9,0.00,86,-2.9,-4.2,0.00,0.00,0.00,0,3,3,0,0,5.3,71,72,11.4,10.8,0,0.00,1030.2,1015.1
2025-03-03T07:00,-1.2,0.00,87,-3.1,-4.4,0.00,0.00,0.00,0,13,13,0,0,4.7,81,81,11.8,10.8,0,0.00,1030.1,1015.0
2025-03-03T08:00,-0.2,0.00,85,-2.3,-3.3,0.00,0.00,0.00,1,37,37,0,0,4.7,90,83,10.6,9.7,1,1507.25,1030.6,1015.5
2025-03-03T09:00,2.4,0.00,80,-0.7,-0.0,0.00,0.00,0.00,2,56,56,0,0,1.0,105,239,7.6,10.1,1,3600.00,1031.3,1016.3
2025-03-03T10:00,4.9,0.00,73,0.5,2.8,0.00,0.00,0.00,3,91,91,0,0,0.4,108,270,1.7,7.6,1,3600.00,1031.4,1016.6
2025-03-03T11:00,7.1,0.00,65,1.0,4.7,0.00,0.00,0.00,3,96,96,0,0,3.1,121,130,4.8,12.2,1,3600.00,1030.8,1016.1
2025-03-03T12:00,9.1,0.00,55,0.6,6.2,0.00,0.00,0.00,3,95,95,0,0,6.4,126,130,9.1,18.4,1,3600.00,1030.0,1015.4
2025-03-03T13:00,10.6,0.00,47,-0.3,7.5,0.00,0.00,0.00,3,94,94,0,0,6.3,115,117,8.9,19.1,1,3600.00,1029.3,1014.8
2025-03-03T14:00,11.4,0.00,46,0.0,8.6,0.00,0.00,0.00,3,82,82,0,0,4.5,90,92,6.5,16.6,1,3600.00,1028.9,1014.4
2025-03-03T15:00,12.0,0.00,42,-0.5,9.3,0.00,0.00,0.00,2,59,59,0,0,3.5,98,105,5.3,14.0,1,3600.00,1028.1,1013.7
2025-03-03T16:00,12.0,0.00,41,-0.8,9.5,0.00,0.00,0.00,2,62,62,0,0,2.0,87,85,3.2,11.5,1,3600.00,1027.5,1013.1
2025-03-03T17:00,10.6,0.00,59,2.9,8.5,0.00,0.00,0.00,2,61,61,0,0,2.7,343,328,6.0,6.1,1,3600.00,1027.4,1012.9
2025-03-03T18:00,7.4,0.00,73,3.0,5.1,0.00,0.00,0.00,2,56,56,0,0,5.0,342,339,10.8,8.6,1,2412.57,1027.4,1012.8
2025-03-03T19:00,5.2,0.00,82,2.4,2.8,0.00,0.00,0.00,2,60,60,0,0,4.3,40,33,9.4,8.6,0,0.00,1027.8,1013.0
2025-03-03T20:00,3.8,0.00,82,1.1,1.1,0.00,0.00,0.00,2,53,53,0,0,5.4,80,60,12.8,10.8,0,0.00,1027.9,1013.1
2025-03-03T21:00,2.3,0.00,82,-0.5,-0.9,0.00,0.00,0.00,2,68,68,0,0,6.2,85,68,12.3,12.6,0,0.00,1028.2,1013.3
2025-03-03T22:00,1.5,0.00,80,-1.7,-1.7,0.00,0.00,0.00,3,100,100,0,0,5.5,91,81,12.4,12.6,0,0.00,1028.3,1013.3
2025-03-03T23:00,0.9,0.00,78,-2.4,-2.3,0.00,0.00,0.00,3,99,99,0,0,5.0,93,75,13.2,11.5,0,0.00,1028.2,1013.2
2025-03-04T00:00,0.6,0.00,78,-2.8,-2.6,0.00,0.00,0.00,3,100,100,0,0,4.6,88,77,12.6,10.8,0,0.00,1028.3,1013.3
2025-03-04T01:00,0.3,0.00,77,-3.3,-3.0,0.00,0.00,0.00,3,100,100,0,0,5.1,98,86,14.7,10.8,0,0.00,1027.9,1012.9
2025-03-04T02:00,1.6,0.00,72,-2.9,-1.9,0.00,0.00,0.00,3,100,100,0,0,6.6,106,103,19.5,13.7,0,0.00,1027.1,1012.2
2025-03-04T03:00,1.3,0.00,74,-2.9,-2.1,0.00,0.00,0.00,3,100,100,0,0,5.9,113,104,18.1,13.3,0,0.00,1026.8,1011.8
2025-03-04T04:00,0.6,0.00,77,-2.9,-2.6,0.00,0.00,0.00,3,100,100,0,0,5.0,89,64,12.2,12.2,0,0.00,1027.0,1012.0
2025-03-04T05:00,0.2,0.00,80,-2.9,-3.1,0.00,0.00,0.00,3,100,100,0,0,5.3,57,55,9.2,10.4,0,0.00,1027.1,1012.1
2025-03-04T06:00,-0.5,0.00,83,-3.0,-3.6,0.00,0.00,0.00,3,100,100,0,0,4.2,40,59,8.9,10.4,0,0.00,1026.9,1011.9
2025-03-04T07:00,-0.8,0.00,85,-3.0,-3.7,0.00,0.00,0.00,3,100,100,0,0,2.3,51,94,4.9,8.3,0,0.00,1027.3,1012.2
2025-03-04T08:00,0.3,0.00,82,-2.4,-2.7,0.00,0.00,0.00,3,100,100,0,0,3.2,110,137,3.6,5.8,1,0.00,1027.9,1012.9
2025-03-04T09:00,2.7,0.00,76,-1.1,-0.1,0.00,0.00,0.00,3,100,100,0,0,3.1,134,173,6.5,9.7,1,3600.00,1028.3,1013.4
2025-03-04T10:00,5.2,0.00,69,0.1,2.8,0.00,0.00,0.00,3,100,100,0,0,1.9,129,197,5.1,9.4,1,3600.00,1028.1,1013.3
2025-03-04T11:00,7.8,0.00,63,1.1,5.6,0.00,0.00,0.00,3,100,100,0,0,1.5,144,194,2.4,10.1,1,3600.00,1027.7,1013.1
2025-03-04T12:00,10.0,0.00,57,1.9,7.9,0.00,0.00,0.00,3,100,100,0,0,1.9,135,163,3.1,11.2,1,3600.00,1027.4,1012.9
2025-03-04T13:00,11.2,0.00,52,1.7,9.1,0.00,0.00,0.00,3,100,100,0,0,2.1,137,165,3.2,11.2,1,3600.00,1026.9,1012.5
2025-03-04T14:00,11.9,0.00,48,1.1,9.7,0.00,0.00,0.00,3,84,84,0,0,1.8,123,143,3.0,10.8,1,3600.00,1026.3,1011.9
2025-03-04T15:00,12.4,0.00,45,0.8,10.2,0.00,0.00,0.00,1,28,28,0,0,1.1,95,99,2.0,9.7,1,3600.00,1025.9,1011.5
2025-03-04T16:00,12.4,0.00,44,0.6,10.3,0.00,0.00,0.00,0,3,3,0,0,0.3,81,315,1.1,6.8,1,3600.00,1025.6,1011.2
2025-03-04T17:00,10.8,0.00,63,4.1,9.1,0.00,0.00,0.00,0,0,0,0,0,2.1,342,308,3.4,3.6,1,3600.00,1025.5,1011.1
2025-03-04T18:00,7.4,0.00,75,3.3,5.0,0.00,0.00,0.00,0,0,0,0,0,5.2,356,335,8.7,8.6,1,2513.32,1025.9,1011.3
2025-03-04T19:00,5.5,0.00,85,3.2,3.1,0.00,0.00,0.00,0,0,0,0,0,5.2,21,20,9.6,9.7,0,0.00,1026.3,1011.6
2025-03-04T20:00,4.0,0.00,84,1.6,1.6,0.00,0.00,0.00,0,0,0,0,0,3.5,63,62,5.9,9.0,0,0.00,1026.5,1011.7
2025-03-04T21:00,2.3,0.00,86,0.3,-0.2,0.00,0.00,0.00,0,0,0,0,0,3.1,104,80,5.9,7.6,0,0.00,1026.5,1011.6
2025-03-04T22:00,1.0,0.00,88,-0.8,-1.7,0.00,0.00,0.00,0,0,0,0,0,3.1,106,87,6.6,7.6,0,0.00,1026.5,1011.5
2025-03-04T23:00,0.1,0.00,88,-1.6,-2.9,0.00,0.00,0.00,0,0,0,0,0,4.2,114,97,9.3,9.0,0,0.00,1026.6,1011.6
2025-03-05T00:00,-0.0,0.00,84,-2.3,-3.4,0.00,0.00,0.00,0,0,0,0,0,6.1,111,85,13.9,11.9,0,0.00,1026.4,1011.4
2025-03-05T01:00,-0.0,0.00,82,-2.7,-3.5,0.00,0.00,0.00,0,0,0,0,0,6.6,110,77,14.3,13.3,0,0.00,1026.1,1011.1
2025-03-05T02:00,0.4,0.00,83,-2.1,-2.8,0.00,0.00,0.00,0,0,0,0,0,5.5,101,77,12.5,11.5,0,0.00,1026.1,1011.1
2025-03-05T03:00,0.1,0.00,84,-2.3,-3.1,0.00,0.00,0.00,0,0,0,0,0,4.8,71,63,10.3,10.8,0,0.00,1026.3,1011.3
2025-03-05T04:00,-0.5,0.00,85,-2.7,-3.5,0.00,0.00,0.00,0,0,0,0,0,2.9,49,83,7.9,9.7,0,0.00,1026.4,1011.4
2025-03-05T05:00,-0.7,0.00,85,-2.9,-3.7,0.00,0.00,0.00,0,0,0,0,0,3.2,109,128,5.5,6.1,0,0.00,1026.5,1011.4
2025-03-05T06:00,-0.7,0.00,85,-3.0,-4.0,0.00,0.00,0.00,0,0,0,0,0,4.6,118,121,11.8,8.6,0,0.00,1026.5,1011.4
2025-03-05T07:00,-0.6,0.00,85,-2.9,-4.1,0.00,0.00,0.00,0,0,0,0,0,6.1,116,113,16.3,11.5,1,0.00,1026.5,1011.4
2025-03-05T08:00,0.6,0.00,83,-1.9,-3.0,0.00,0.00,0.00,0,0,0,0,0,7.7,117,111,16.3,14.0,1,1760.05,1027.0,1012.0
2025-03-05T09:00,3.5,0.00,78,0.0,0.4,0.00,0.00,0.00,0,0,0,0,0,6.5,121,118,14.8,16.6,1,3600.00,1027.4,1012.6
2025-03-05T10:00,6.3,0.00,70,1.2,3.9,0.00,0.00,0.00,0,0,0,0,0,2.9,123,133,6.0,14.8,1,3600.00,1027.5,1012.8
2025-03-05T11:00,8.5,0.00,63,1.9,6.3,0.00,0.00,0.00,0,0,0,0,0,2.3,144,162,3.3,11.2,1,3600.00,1027.3,1012.7
2025-03-05T12:00,10.3,0.00,60,2.8,8.4,0.00,0.00,0.00,0,0,0,0,0,2.1,172,195,2.7,11.9,1,3600.00,1027.0,1012.5
2025-03-05T13:00,11.9,0.00,56,3.3,10.2,0.00,0.00,0.00,0,0,0,0,0,1.9,221,236,1.9,11.9,1,3600.00,1026.2,1011.8
2025-03-05T14:00,12.8,0.00,52,3.0,11.0,0.00,0.00,0.00,0,0,0,0,0,1.4,236,247,1.3,9.4,1,3600.00,1025.4,1011.1
2025-03-05T15:00,13.3,0.00,51,3.4,11.4,0.00,0.00,0.00,0,0,0,0,0,2.0,203,225,2.3,9.7,1,3600.00,1024.7,1010.4
2025-03-05T16:00,13.2,0.00,53,3.8,11.3,0.00,0.00,0.00,0,0,0,0,0,3.1,192,204,4.2,9.7,1,3600.00,1024.3,1010.0
2025-03-05T17:00,11.9,0.00,68,6.1,10.5,0.00,0.00,0.00,0,0,0,0,0,2.6,173,196,6.9,9.0,1,3600.00,1024.0,1009.6
2025-03-05T18:00,9.2,0.00,67,3.4,7.4,0.00,0.00,0.00,0,0,0,0,0,1.5,161,144,7.6,4.7,1,2613.38,1024.1,1009.6
2025-03-05T19:00,7.0,0.00,73,2.5,4.9,0.00,0.00,0.00,0,0,0,0,0,2.2,148,90,6.1,4.7,0,0.00,1024.4,1009.8
2025-03-05T20:00,5.4,0.00,77,1.7,3.2,0.00,0.00,0.00,0,0,0,0,0,2.8,137,75,4.5,6.5,0,0.00,1024.4,1009.7
2025-03-05T21:00,4.6,0.00,76,0.7,2.2,0.00,0.00,0.00,0,0,0,0,0,2.3,139,72,3.8,5.8,0,0.00,1024.3,1009.6
2025-03-05T22:00,3.8,0.00,76,-0.1,1.3,0.00,0.00,0.00,0,0,0,0,0,2.4,127,73,3.6,5.4,0,0.00,1024.3,1009.5
2025-03-05T23:00,3.2,0.00,75,-0.8,0.6,0.00,0.00,0.00,0,0,0,0,0,2.2,123,85,4.3,5.0,0,0.00,1024.3,1009.5
2025-03-06T00:00,2.3,0.00,77,-1.4,-0.6,0.00,0.00,0.00,0,0,0,0,0,3.5,126,102,7.1,6.1,0,0.00,1024.3,1009.4
2025-03-06T01:00,1.3,0.00,81,-1.5,-1.7,0.00,0.00,0.00,0,0,0,0,0,4.6,125,103,9.9,7.9,0,0.00,1024.1,1009.2
2025-03-06T02:00,1.1,0.00,84,-1.3,-2.0,0.00,0.00,0.00,0,0,0,0,0,5.3,135,100,13.2,9.7,0,0.00,1023.6,1008.7
2025-03-06T03:00,0.8,0.00,86,-1.2,-2.3,0.00,0.00,0.00,0,0,0,0,0,5.8,142,112,14.2,10.4,0,0.00,1023.4,1008.5
2025-03-06T04:00,1.2,0.00,87,-0.7,-2.3,0.00,0.00,0.00,0,0,0,0,0,8.1,148,115,14.6,14.4,0,0.00,1023.3,1008.4
2025-03-06T05:00,1.1,0.00,87,-0.8,-2.3,0.00,0.00,0.00,0,0,0,0,0,7.7,160,115,13.2,15.1,0,0.00,1023.3,1008.4
2025-03-06T06:00,1.0,0.00,87,-0.9,-2.2,0.00,0.00,0.00,0,0,0,0,0,6.6,173,116,12.5,14.0,0,0.00,1023.1,1008.2
2025-03-06T07:00,1.2,0.00,86,-0.9,-2.1,0.00,0.00,0.00,0,0,0,0,0,6.8,177,122,13.3,12.2,1,0.00,1023.1,1008.2
2025-03-06T08:00,2.6,0.00,85,0.3,-0.8,0.00,0.00,0.00,0,0,0,0,0,8.8,173,129,15.4,15.8,1,1886.00,1023.4,1008.6
2025-03-06T09:00,5.6,0.00,78,2.0,2.4,0.00,0.00,0.00,0,0,0,0,0,9.1,172,141,16.5,17.6,1,3600.00,1023.9,1009.2
2025-03-06T10:00,8.0,0.00,68,2.6,5.3,0.00,0.00,0.00,0,0,0,0,0,6.9,173,163,11.4,18.0,1,3600.00,1023.8,1009.2
2025-03-06T11:00,10.0,0.00,62,3.0,7.5,0.00,0.00,0.00,0,0,0,0,0,5.9,174,169,8.3,17.6,1,3600.00,1023.5,1009.0
2025-03-06T12:00,11.8,0.00,57,3.5,9.4,0.00,0.00,0.00,0,0,0,0,0,6.0,174,170,8.1,18.0,1,3600.00,1023.2,1008.8
2025-03-06T13:00,13.5,0.00,51,3.5,11.2,0.00,0.00,0.00,0,0,0,0,0,6.4,173,170,8.5,18.7,1,3600.00,1022.6,1008.3
2025-03-06T14:00,14.8,0.00,45,2.9,12.5,0.00,0.00,0.00,0,2,2,0,0,5.5,154,153,7.4,15.8,1,3600.00,1021.4,1007.2
2025-03-06T15:00,15.3,0.00,44,3.0,12.9,0.00,0.00,0.00,1,28,28,0,0,5.8,151,150,8.1,15.1,1,3600.00,1020.9,1006.8
2025-03-06T16:00,15.1,0.00,46,3.7,12.9,0.00,0.00,0.00,2,58,58,0,0,5.1,140,141,8.9,14.8,1,3600.00,1020.3,1006.1
2025-03-06T17:00,13.4,0.00,60,5.8,11.6,0.00,0.00,0.00,1,47,47,0,0,5.0,138,134,12.8,11.5,1,3600.00,1020.0,1005.8
2025-03-06T18:00,10.4,0.00,68,4.9,8.2,0.00,0.00,0.00,3,81,81,0,0,6.6,136,123,16.3,12.6,1,2712.71,1020.3,1005.9
2025-03-06T19:00,8.6,0.00,73,4.1,6.0,0.00,0.00,0.00,0,1,1,0,0,8.3,124,101,18.1,15.5,0,0.00,1020.7,1006.2
2025-03-06T20:00,7.2,0.00,75,3.1,4.5,0.00,0.00,0.00,0,12,11,1,0,7.9,118,90,17.5,15.8,0,0.00,1020.7,1006.1
2025-03-06T21:00,5.6,0.00,79,2.3,2.8,0.00,0.00,0.00,0,7,7,0,0,7.7,115,99,18.6,15.1,0,0.00,1020.7,1006.1
2025-03-06T22:00,4.7,0.00,80,1.5,1.6,0.00,0.00,0.00,0,14,13,0,0,8.4,115,99,19.4,15.8,0,0.00,1020.8,1006.1
2025-03-06T23:00,4.1,0.00,79,0.8,0.8,0.00,0.00,0.00,1,24,24,0,0,8.6,116,101,19.9,16.6,0,0.00,1020.7,1006.0
2025-03-07T00:00,3.8,0.00,78,0.3,0.4,0.00,0.00,0.00,3,92,92,0,0,8.8,118,101,20.0,16.9,0,0.00,1020.6,1005.9
2025-03-07T01:00,3.4,0.00,79,0.1,0.3,0.00,0.00,0.00,3,100,100,0,0,6.7,120,104,19.0,17.3,0,0.00,1020.6,1005.8
2025-03-07T02:00,3.9,0.00,78,0.3,0.9,0.00,0.00,0.00,3,100,100,0,0,6.0,131,117,17.2,14.8,0,0.00,1020.3,1005.6
2025-03-07T03:00,3.3,0.00,80,0.1,0.3,0.00,0.00,0.00,3,100,100,0,0,5.9,136,102,14.8,11.2,0,0.00,1020.6,1005.8
2025-03-07T04:00,3.0,0.00,79,-0.2,-0.1,0.00,0.00,0.00,3,100,100,0,0,6.3,134,103,12.7,11.5,0,0.00,1020.5,1005.7
2025-03-07T05:00,2.3,0.00,82,-0.5,-0.8,0.00,0.00,0.00,2,60,60,0,0,6.1,150,118,12.1,11.9,0,0.00,1020.7,1005.9
2025-03-07T06:00,1.9,0.00,82,-0.8,-1.3,0.00,0.00,0.00,2,70,70,0,0,6.6,150,116,12.0,11.9,0,0.00,1020.8,1006.0
2025-03-07T07:00,1.9,0.00,82,-0.9,-1.3,0.00,0.00,0.00,3,99,99,0,0,6.5,153,113,11.7,13.0,1,0.00,1020.8,1006.0
2025-03-07T08:00,3.4,0.00,78,-0.0,0.4,0.00,0.00,0.00,3,99,99,0,0,6.0,162,115,10.2,11.9,1,693.67,1021.1,1006.3
2025-03-07T09:00,6.3,0.00,74,2.1,3.7,0.00,0.00,0.00,3,99,99,0,0,5.3,166,123,8.3,11.9,1,3600.00,1021.2,1006.6
2025-03-07T10:00,9.7,0.00,65,3.5,7.8,0.00,0.00,0.00,0,8,8,0,0,3.0,158,163,6.2,11.5,1,3600.00,1021.1,1006.7
2025-03-07T11:00,11.8,0.00,60,4.3,10.1,0.00,0.00,0.00,0,6,6,0,0,2.7,198,208,3.4,11.9,1,3600.00,1021.1,1006.8
2025-03-07T12:00,13.3,0.00,56,4.8,11.7,0.00,0.00,0.00,0,4,4,0,0,2.4,230,228,2.8,12.6,1,3600.00,1020.6,1006.4
2025-03-07T13:00,14.6,0.00,52,4.9,13.3,0.00,0.00,0.00,0,9,9,0,0,2.2,282,270,2.6,12.2,1,3600.00,1019.8,1005.6
2025-03-07T14:00,15.4,0.00,49,4.8,13.4,0.00,0.00,0.00,0,12,12,0,0,5.9,288,284,7.6,16.9,1,3600.00,1018.3,1004.2
2025-03-07T15:00,15.5,0.00,50,5.1,13.4,0.00,0.00,0.00,1,38,38,0,0,6.2,296,292,8.2,16.9,1,3600.00,1017.6,1003.5
2025-03-07T16:00,15.0,0.00,53,5.6,13.1,0.00,0.00,0.00,1,46,46,0,0,5.7,311,305,8.2,16.6,1,3600.00,1017.1,1003.0
2025-03-07T17:00,13.7,0.00,67,7.7,12.6,0.00,0.00,0.00,1,24,24,0,0,3.3,329,311,8.6,13.7,1,3600.00,1016.7,1002.5
2025-03-07T18:00,11.2,0.00,70,6.0,9.7,0.00,0.00,0.00,0,0,0,0,0,2.9,350,330,9.1,6.1,1,2811.30,1016.8,1002.5
2025-03-07T19:00,9.3,0.00,76,5.3,7.5,0.00,0.00,0.00,0,0,0,0,0,3.9,11,24,7.7,6.8,0,0.00,1017.0,1002.6
2025-03-07T20:00,7.9,0.00,82,5.0,6.2,0.00,0.00,0.00,0,0,0,0,0,3.1,77,59,6.3,7.9,0,0.00,1016.8,1002.3
2025-03-07T21:00,5.6,0.00,89,3.9,3.5,0.00,0.00,0.00,0,0,0,0,0,4.9,94,73,9.7,11.2,0,0.00,1016.8,1002.2
2025-03-07T22:00,4.3,0.00,90,2.8,1.9,0.00,0.00,0.00,0,0,0,0,0,5.0,105,90,11.9,11.5,0,0.00,1017.1,1002.4
2025-03-07T23:00,3.7,0.00,88,1.9,1.2,0.00,0.00,0.00,0,0,0,0,0,4.9,104,90,13.0,11.2,0,0.00,1017.1,1002.4
2025-03-08T00:00,3.5,0.00,85,1.3,0.6,0.00,0.00,0.00,0,0,0,0,0,6.6,97,77,16.7,13.3,0,0.00,1016.8,1002.1
2025-03-08T01:00,3.1,0.00,85,0.8,0.3,0.00,0.00,0.00,0,0,0,0,0,5.7,97,79,16.0,14.0,0,0.00,1016.6,1001.9
2025-03-08T02:00,3.7,0.00,80,0.7,1.1,0.00,0.00,0.00,0,0,0,0,0,4.3,93,75,11.9,10.1,0,0.00,1016.1,1001.4
2025-03-08T03:00,2.8,0.00,84,0.4,0.1,0.00,0.00,0.00,0,0,0,0,0,4.2,92,80,10.8,9.4,0,0.00,1015.7,1001.0
2025-03-08T04:00,1.8,0.00,88,-0.1,-0.8,0.00,0.00,0.00,0,16,16,0,0,2.6,92,106,5.8,9.0,0,0.00,1015.6,1000.8
2025-03-08T05:00,1.1,0.00,90,-0.4,-1.5,0.00,0.00,0.00,3,98,98,0,0,2.9,90,94,4.3,5.4,0,0.00,1015.8,1001.0
2025-03-08T06:00,1.3,0.00,90,-0.2,-1.4,0.00,0.00,0.00,3,99,99,0,0,3.6,87,84,6.3,7.6,0,0.00,1015.8,1001.0
2025-03-08T07:00,1.0,0.00,89,-0.5,-1.7,0.00,0.00,0.00,3,99,99,0,0,3.6,100,93,6.2,7.6,1,0.00,1015.7,1000.9
2025-03-08T08:00,2.7,0.00,85,0.5,-0.2,0.00,0.00,0.00,1,41,41,0,0,5.8,98,95,7.5,10.4,1,1720.61,1015.9,1001.2
2025-03-08T09:00,6.0,0.00,78,2.5,3.8,0.00,0.00,0.00,2,68,68,0,0,3.7,94,101,7.8,11.9,1,3600.00,1016.0,1001.5
2025-03-08T10:00,9.1,0.00,69,3.8,7.6,0.00,0.00,0.00,3,99,99,0,0,0.3,84,315,3.3,9.7,1,3600.00,1015.9,1001.5
2025-03-08T11:00,11.7,0.00,63,4.9,10.3,0.00,0.00,0.00,2,70,70,0,0,0.6,50,326,1.4,8.6,1,3600.00,1015.4,1001.1
2025-03-08T12:00,13.8,0.00,59,6.0,12.7,0.00,0.00,0.00,1,22,22,0,0,0.8,40,333,1.4,9.4,1,3600.00,1014.7,1000.6
2025-03-08T13:00,15.3,0.00,56,6.5,14.6,0.00,0.00,0.00,1,41,41,0,0,1.0,23,338,1.4,9.7,1,3600.00,1013.8,999.7
2025-03-08T14:00,17.1,0.00,46,5.3,15.9,0.00,0.00,0.00,2,55,55,0,0,1.3,49,8,1.9,9.0,1,3600.00,1012.3,998.4
2025-03-08T15:00,17.4,0.00,42,4.2,15.6,0.00,0.00,0.00,2,61,61,3,0,2.6,55,39,3.7,9.4,1,3600.00,1011.4,997.5
2025-03-08T16:00,17.2,0.00,41,3.8,15.3,0.00,0.00,0.00,1,38,37,7,0,3.0,67,52,4.5,9.4,1,3600.00,1010.8,996.9
2025-03-08T17:00,15.9,0.00,59,7.9,15.2,0.00,0.00,0.00,0,9,9,0,0,1.1,60,9,4.4,7.6,1,3600.00,1010.6,996.6
2025-03-08T18:00,12.7,0.00,69,7.1,11.4,0.00,0.00,0.00,0,0,0,0,0,3.8,41,5,6.9,6.1,1,2909.26,1010.7,996.6
2025-03-08T19:00,11.2,0.00,77,7.3,9.5,0.00,0.00,0.00,0,0,0,0,0,6.9,60,45,15.4,13.3,0,0.00,1010.6,996.4
2025-03-08T20:00,10.3,0.00,74,5.8,7.9,0.00,0.00,0.00,0,0,0,0,0,9.0,86,77,21.6,17.6,0,0.00,1010.2,996.0
2025-03-08T21:00,9.5,0.00,73,4.9,6.8,0.00,0.00,0.00,0,0,0,0,0,10.1,93,88,23.6,19.8,0,0.00,1010.2,995.9
2025-03-08T22:00,8.6,0.00,76,4.5,5.8,0.00,0.00,0.00,0,0,0,0,0,10.0,98,98,23.8,20.2,0,0.00,1010.1,995.8
2025-03-08T23:00,7.4,0.00,80,4.1,4.7,0.00,0.00,0.00,0,0,0,0,0,8.5,98,92,20.3,19.8,0,0.00,1010.0,995.6
2025-03-09T00:00,6.0,0.00,85,3.6,3.5,0.00,0.00,0.00,0,0,0,0,0,7.2,97,89,17.8,16.9,0,0.00,1009.8,995.3
2025-03-09T01:00,4.8,0.00,87,2.9,2.3,0.00,0.00,0.00,0,0,0,0,0,5.8,95,76,15.5,14.4,0,0.00,1009.5,995.0
2025-03-09T02:00,6.3,0.00,76,2.3,3.3,0.00,0.00,0.00,1,44,44,0,0,8.1,99,89,20.8,19.8,0,0.00,1008.3,993.9
2025-03-09T03:00,4.8,0.00,82,2.0,2.2,0.00,0.00,0.00,3,80,80,0,0,5.2,92,74,14.6,15.8,0,0.00,1007.9,993.4
2025-03-09T04:00,3.6,0.00,87,1.6,1.1,0.00,0.00,0.00,0,18,18,0,0,4.2,78,72,8.8,10.8,0,0.00,1007.6,993.1
2025-03-09T05:00,2.9,0.00,89,1.3,0.4,0.00,0.00,0.00,0,13,13,0,0,3.6,81,81,6.6,8.6,0,0.00,1007.7,993.1
2025-03-09T06:00,2.3,0.00,90,0.8,-0.2,0.00,0.00,0.00,2,72,72,0,0,3.2,98,87,5.3,7.9,0,0.00,1007.5,992.9
2025-03-09T07:00,2.0,0.00,90,0.5,-0.6,0.00,0.00,0.00,3,98,98,0,0,3.4,101,90,7.3,7.6,1,0.00,1007.5,992.9
2025-03-09T08:00,3.5,0.00,86,1.3,0.9,0.00,0.00,0.00,3,85,85,0,0,4.6,94,81,7.9,9.0,1,2262.17,1007.7,993.1
2025-03-09T09:00,6.8,0.00,76,2.9,4.9,0.00,0.00,0.00,2,58,58,0,0,2.1,79,20,7.9,9.4,1,3600.00,1007.6,993.2
2025-03-09T10:00,9.9,0.00,68,4.3,8.3,0.00,0.00,0.00,1,43,43,0,0,1.6,32,297,1.7,9.4,1,3600.00,1007.0,992.8
2025-03-09T11:00,12.1,0.00,64,5.4,10.6,0.00,0.00,0.00,2,63,63,1,0,2.4,312,297,2.7,12.2,1,3600.00,1006.7,992.6
2025-03-09T12:00,14.1,0.00,61,6.6,12.7,0.00,0.00,0.00,0,17,17,0,0,3.4,343,328,4.3,13.7,1,3600.00,1005.8,991.8
2025-03-09T13:00,15.6,0.00,60,7.8,14.6,0.00,0.00,0.00,0,15,15,0,0,4.6,342,329,5.9,15.8,1,3600.00,1004.9,991.0
2025-03-09T14:00,17.0,0.00,57,8.5,15.7,0.00,0.00,0.00,3,100,100,0,0,6.3,329,323,8.1,18.4,1,3600.00,1004.0,990.2
2025-03-09T15:00,17.3,0.00,59,9.1,16.0,0.00,0.00,0.00,3,94,94,0,0,7.1,329,322,9.7,18.7,1,3600.00,1003.3,989.5
2025-03-09T16:00,17.3,0.00,58,9.0,16.1,0.00,0.00,0.00,1,44,44,0,0,6.4,323,315,9.0,18.7,1,3600.00,1002.7,988.9
2025-03-09T17:00,16.4,0.00,66,9.9,15.8,0.00,0.00,0.00,0,1,1,0,0,3.7,324,299,8.2,15.5,1,3600.00,1002.4,988.6
2025-03-09T18:00,13.6,0.00,72,8.6,12.7,0.00,0.00,0.00,0,0,0,0,0,3.4,38,16,8.9,7.6,1,3006.91,1002.2,988.2
2025-03-09T19:00,12.0,0.00,64,5.5,9.8,0.00,0.00,0.00,0,0,0,0,0,7.8,72,56,19.0,14.4,0,0.00,1002.5,988.4
2025-03-09T20:00,10.3,0.00,66,4.2,7.8,0.00,0.00,0.00,0,10,0,10,0,7.6,75,62,19.0,15.8,0,0.00,1002.4,988.3
2025-03-09T21:00,8.8,0.00,71,3.9,6.2,0.00,0.00,0.00,0,1,1,0,0,8.0,78,65,19.2,15.8,0,0.00,1002.2,988.0
2025-03-09T22:00,7.8,0.00,76,3.7,5.3,0.00,0.00,0.00,0,2,2,0,0,6.4,80,63,17.7,15.8,0,0.00,1001.8,987.5
2025-03-09T23:00,6.7,0.00,79,3.4,4.5,0.00,0.00,0.00,2,59,59,0,0,4.7,83,62,13.8,13.0,0,0.00,1001.6,987.3
2025-03-10T00:00,5.9,0.00,82,3.0,3.8,0.00,0.00,0.00,1,24,24,0,0,3.5,95,78,9.4,9.4,0,0.00,1001.2,986.9
2025-03-10T01:00,5.3,0.00,83,2.6,3.2,0.00,0.00,0.00,1,29,29,0,0,2.7,90,53,5.9,7.2,0,0.00,1001.0,986.6
2025-03-10T02:00,5.5,0.00,82,2.6,3.2,0.00,0.00,0.00,3,85,85,0,0,4.0,67,54,7.8,9.4,0,0.00,1000.4,986.1
2025-03-10T03:00,5.4,0.00,83,2.7,3.1,0.00,0.00,0.00,3,100,100,0,0,4.1,51,52,7.4,8.3,0,0.00,999.7,985.4
2025-03-10T04:00,5.0,0.00,84,2.6,2.9,0.00,0.00,0.00,3,99,98,14,0,3.2,63,74,6.0,8.6,0,0.00,999.3,984.9
2025-03-10T05:00,4.6,0.00,84,2.2,2.7,0.00,0.00,0.00,3,94,94,7,0,1.4,129,113,3.7,6.1,0,0.00,999.7,985.3
2025-03-10T06:00,4.0,0.00,85,1.8,1.7,0.00,0.00,0.00,2,67,67,0,0,3.4,27,25,6.0,6.8,0,0.00,999.5,985.1
2025-03-10T07:00,3.7,0.00,84,1.3,1.8,0.00,0.00,0.00,2,76,70,18,0,0.2,24,90,2.2,7.6,1,0.00,999.6,985.2
2025-03-10T08:00,4.8,0.00,85,2.4,2.5,0.00,0.00,0.00,3,100,100,6,0,3.9,187,167,4.2,7.6,1,2388.99,1000.5,986.1
2025-03-10T09:00,7.4,0.00,78,3.8,5.5,0.00,0.00,0.00,3,100,99,12,0,2.9,237,248,4.9,9.4,1,3600.00,1000.8,986.5
2025-03-10T10:00,8.2,0.00,75,4.0,5.7,0.00,0.00,0.00,3,100,99,38,0,7.4,221,227,11.5,22.0,1,3600.00,1001.7,987.5
2025-03-10T11:00,10.3,0.00,67,4.4,8.4,0.00,0.00,0.00,3,95,93,25,0,3.2,225,232,4.6,19.8,1,3600.00,1001.5,987.4
2025-03-10T12:00,12.2,0.00,62,5.1,10.1,0.00,0.00,0.00,3,100,94,95,0,6.4,223,223,8.4,19.1,1,3600.00,1001.4,987.4
2025-03-10T13:00,13.1,0.00,62,6.1,10.5,0.00,0.00,0.00,3,100,100,98,0,10.9,217,216,15.9,27.4,1,3600.00,1001.6,987.6
2025-03-10T14:00,13.0,0.00,63,6.1,9.6,0.00,0.00,0.00,3,100,100,100,0,16.0,229,227,25.1,34.9,1,0.00,1002.0,988.0
2025-03-10T15:00,12.2,0.00,68,6.4,9.2,0.00,0.00,0.00,3,100,100,100,0,13.9,232,231,23.1,36.0,1,0.00,1002.4,988.4
2025-03-10T16:00,11.7,0.00,77,7.8,9.4,0.00,0.00,0.00,3,100,100,100,8,11.5,224,220,20.5,31.0,1,0.00,1002.6,988.5
2025-03-10T17:00,10.8,0.10,87,8.8,8.7,0.10,0.00,0.00,51,100,100,100,12,11.6,221,215,21.2,25.2,1,0.00,1002.7,988.6
2025-03-10T18:00,9.9,0.10,92,8.7,7.9,0.10,0.00,0.00,51,100,100,100,5,11.2,222,213,21.7,25.2,1,0.00,1003.0,988.8
2025-03-10T19:00,9.1,0.10,96,8.4,7.1,0.10,0.00,0.00,51,100,100,100,6,10.6,212,199,21.7,23.0,0,0.00,1003.8,989.6
2025-03-10T20:00,8.7,0.20,97,8.3,6.5,0.20,0.00,0.00,51,100,100,100,1,12.1,212,203,24.0,23.8,0,0.00,1004.2,990.0
2025-03-10T21:00,8.5,0.10,97,8.1,6.3,0.10,0.00,0.00,51,100,100,100,1,11.3,217,207,23.1,24.5,0,0.00,1004.4,990.1
2025-03-10T22:00,7.9,0.00,98,7.6,5.9,0.00,0.00,0.00,3,100,100,100,1,9.1,216,202,21.3,22.3,0,0.00,1004.5,990.2
2025-03-10T23:00,8.0,0.00,98,7.7,6.2,0.00,0.00,0.00,3,100,100,100,1,8.1,219,201,19.3,18.7,0,0.00,1004.4,990.1
2025-03-11T00:00,7.8,0.00,98,7.4,6.1,0.00,0.00,0.00,3,100,100,99,2,7.1,214,189,17.0,16.2,0,0.00,1004.3,990.0
2025-03-11T01:00,7.6,0.00,98,7.3,6.1,0.00,0.00,0.00,3,100,100,100,4,5.9,209,178,14.7,14.0,0,0.00,1004.2,989.9
2025-03-11T02:00,7.5,0.00,97,7.0,6.2,0.00,0.00,0.00,3,100,100,100,8,3.4,231,183,9.1,10.4,0,0.00,1004.4,990.1
2025-03-11T03:00,7.6,0.00,98,7.3,5.9,0.00,0.00,0.00,3,100,100,68,9,6.9,209,174,12.6,13.0,0,0.00,1003.8,989.5
2025-03-11T04:00,6.9,0.00,99,6.7,4.9,0.00,0.00,0.00,3,100,100,37,15,7.7,203,177,17.2,15.1,0,0.00,1003.3,989.0
2025-03-11T05:00,6.2,0.00,98,5.9,4.4,0.00,0.00,0.00,3,100,100,6,26,5.0,217,182,14.5,14.8,0,0.00,1003.1,988.7
2025-03-11T06:00,5.7,0.00,99,5.5,3.8,0.00,0.00,0.00,3,100,100,20,30,5.3,213,170,12.7,9.7,0,0.00,1003.2,988.8
2025-03-11T07:00,5.7,0.00,99,5.5,3.7,0.00,0.00,0.00,3,100,100,8,30,6.1,203,168,13.9,11.9,1,0.00,1003.4,989.0
2025-03-11T08:00,6.3,0.00,98,6.0,4.2,0.00,0.00,0.00,3,97,94,11,58,7.8,198,167,14.7,14.8,1,512.84,1003.6,989.2
2025-03-11T09:00,7.4,0.00,95,6.6,5.2,0.00,0.00,0.00,3,97,52,0,93,8.7,189,184,11.7,20.5,1,3600.00,1003.7,989.4
2025-03-11T10:00,9.4,0.00,89,7.6,7.5,0.00,0.00,0.00,2,57,0,13,51,8.6,195,192,11.6,22.3,1,3600.00,1003.5,989.3
2025-03-11T11:00,11.2,0.20,80,7.9,9.2,0.20,0.00,0.00,51,55,0,12,50,9.5,216,216,13.1,23.8,1,3600.00,1003.3,989.2
2025-03-11T12:00,12.4,0.00,77,8.5,10.7,0.00,0.00,0.00,1,42,0,7,38,8.4,227,227,11.8,28.4,1,3600.00,1002.6,988.6
2025-03-11T13:00,13.2,0.00,73,8.4,11.6,0.00,0.00,0.00,0,16,0,10,7,8.0,236,234,11.1,27.0,1,3600.00,1001.9,987.9
2025-03-11T14:00,13.8,0.00,70,8.5,12.5,0.00,0.00,0.00,0,12,0,6,6,6.0,232,231,8.5,24.5,1,3600.00,1001.3,987.3
2025-03-11T15:00,14.2,0.00,65,7.6,12.4,0.00,0.00,0.00,1,32,7,26,3,7.6,224,223,10.7,24.1,1,3600.00,1000.5,986.6
2025-03-11T16:00,14.1,0.20,63,7.1,11.4,0.20,0.00,0.00,51,90,83,37,18,13.0,225,225,18.2,27.7,1,3600.00,1000.2,986.3
2025-03-11T17:00,11.0,0.40,83,8.2,9.9,0.40,0.00,0.00,51,86,84,9,10,4.0,241,231,10.1,31.7,1,3600.00,1000.6,986.5
2025-03-11T18:00,9.8,0.00,88,7.9,8.6,0.00,0.00,0.00,3,99,99,17,3,4.0,200,170,10.9,9.7,1,3201.34,1000.7,986.6
2025-03-11T19:00,8.5,0.20,89,6.8,7.0,0.20,0.00,0.00,51,100,100,52,26,4.8,222,207,14.4,10.1,0,0.00,1001.1,986.9
2025-03-11T20:00,9.0,0.10,87,6.9,8.0,0.10,0.00,0.00,51,46,10,35,12,1.2,288,333,6.8,9.7,0,0.00,1000.9,986.7
2025-03-11T21:00,7.3,0.00,92,6.1,5.8,0.00,0.00,0.00,2,58,2,37,43,3.8,250,225,8.0,6.8,0,0.00,1001.2,986.9
2025-03-11T22:00,7.2,0.00,95,6.5,5.2,0.00,0.00,0.00,2,75,51,39,21,7.1,328,311,15.8,12.2,0,0.00,1001.3,987.0
2025-03-11T23:00,6.1,0.00,97,5.6,3.7,0.00,0.00,0.00,3,100,100,47,15,8.5,338,324,17.0,17.6,0,0.00,1001.3,987.0
2025-03-12T00:00,5.4,0.00,97,4.9,2.8,0.00,0.00,0.00,3,100,100,21,24,9.4,343,334,17.9,18.0,0,0.00,1001.1,986.7
2025-03-12T01:00,4.9,0.00,97,4.5,2.2,0.00,0.00,0.00,3,100,100,50,100,9.3,350,341,18.5,18.7,0,0.00,1000.9,986.5
2025-03-12T02:00,5.6,0.00,97,5.2,3.2,0.00,0.00,0.00,3,100,36,96,100,8.3,359,349,17.1,18.4,0,0.00,1000.7,986.4
2025-03-12T03:00,5.9,0.00,96,5.2,3.3,0.00,0.00,0.00,3,100,73,100,100,9.3,360,347,17.6,17.6,0,0.00,1000.1,985.8
2025-03-12T04:00,6.0,0.00,94,5.1,3.2,0.00,0.00,0.00,3,100,28,100,100,10.7,355,346,19.0,20.5,0,0.00,999.7,985.4
2025-03-12T05:00,5.7,0.00,94,4.8,2.7,0.00,0.00,0.00,3,100,45,100,100,12.2,360,352,21.1,24.5,0,0.00,999.3,985.0
2025-03-12T06:00,5.6,0.00,93,4.5,2.6,0.00,0.00,0.00,3,100,94,100,98,11.2,1,354,20.0,24.5,0,0.00,999.3,985.0
2025-03-12T07:00,5.5,0.10,92,4.3,2.5,0.10,0.00,0.00,51,100,100,100,100,11.1,357,346,19.6,22.3,1,0.00,999.5,985.2
2025-03-12T08:00,5.6,0.20,92,4.4,2.7,0.20,0.00,0.00,51,100,100,100,100,10.6,358,350,17.8,22.7,1,0.00,999.7,985.4
2025-03-12T09:00,5.8,0.30,93,4.7,3.2,0.30,0.00,0.00,51,100,100,100,100,8.9,1,354,14.2,21.6,1,0.00,1000.1,985.8
2025-03-12T10:00,6.0,0.50,95,5.2,3.3,0.50,0.00,0.00,53,100,86,100,100,10.5,11,6,15.6,20.9,1,0.00,999.8,985.5
2025-03-12T11:00,7.5,0.30,82,4.7,4.6,0.30,0.00,0.00,51,100,100,100,100,11.3,3,360,16.0,27.0,1,0.00,999.6,985.4
2025-03-12T12:00,7.2,0.40,83,4.6,4.5,0.40,0.00,0.00,51,100,100,100,100,9.4,3,359,13.5,25.9,1,0.00,999.5,985.3
2025-03-12T13:00,6.8,0.60,91,5.5,4.5,0.60,0.00,0.00,53,100,100,100,100,8.0,350,346,12.1,20.9,1,0.00,999.4,985.1
2025-03-12T14:00,6.3,0.50,87,4.3,3.7,0.50,0.00,0.00,53,100,87,99,100,8.7,344,342,11.8,20.9,1,0.00,999.8,985.5
2025-03-12T15:00,6.4,0.10,86,4.2,3.8,0.10,0.00,0.00,51,100,99,100,100,8.6,348,345,12.1,21.2,1,0.00,999.7,985.4
2025-03-12T16:00,6.8,0.00,80,3.6,4.1,0.00,0.00,0.00,3,100,100,100,100,7.7,351,348,10.9,21.2,1,0.00,999.5,985.2
2025-03-12T17:00,6.5,0.00,78,3.0,3.8,0.00,0.00,0.00,3,100,100,100,100,7.4,339,334,11.0,18.0,1,0.00,999.4,985.1
2025-03-12T18:00,6.2,0.00,81,3.3,3.7,0.00,0.00,0.00,3,100,100,100,100,6.3,333,325,11.8,16.6,1,0.00,999.2,984.9
2025-03-12T19:00,5.6,0.10,85,3.3,3.1,0.10,0.00,0.00,51,100,43,100,100,6.1,327,315,12.5,13.3,0,0.00,999.6,985.3
2025-03-12T20:00,5.3,0.10,87,3.3,2.9,0.10,0.00,0.00,51,100,47,100,85,5.9,342,340,12.1,12.2,0,0.00,999.6,985.3
2025-03-12T21:00,5.0,0.00,88,3.2,2.5,0.00,0.00,0.00,3,100,1,100,38,6.0,353,350,12.3,11.9,0,0.00,999.5,985.1
2025-03-12T22:00,4.6,0.00,89,3.0,2.3,0.00,0.00,0.00,3,93,4,91,22,5.0,344,341,11.1,11.5,0,0.00,999.5,985.1
2025-03-12T23:00,4.3,0.00,89,2.7,1.8,0.00,0.00,0.00,1,47,1,20,33,5.5,343,351,12.1,10.1,0,0.00,999.2,984.8
2025-03-13T00:00,4.0,0.00,89,2.4,1.5,0.00,0.00,0.00,2,63,3,2,62,5.3,1,12,11.9,10.1,0,0.00,998.7,984.3
2025-03-13T01:00,3.6,0.00,90,2.0,1.0,0.00,0.00,0.00,3,99,31,1,99,5.2,16,25,11.8,9.7,0,0.00,998.0,983.6
2025-03-13T02:00,2.4,0.00,91,1.1,-0.1,0.00,0.00,0.00,3,99,56,43,97,3.9,37,28,10.2,11.2,0,0.00,998.1,983.6
2025-03-13T03:00,2.7,0.00,92,1.5,0.0,0.00,0.00,0.00,3,100,99,45,98,5.4,17,15,10.0,9.7,0,0.00,997.5,983.0
2025-03-13T04:00,2.7,0.00,92,1.5,-0.2,0.00,0.00,0.00,3,100,99,80,73,6.7,16,20,12.9,12.6,0,0.00,996.9,982.5
2025-03-13T05:00,2.8,0.00,91,1.5,0.1,0.00,0.00,0.00,3,100,100,86,33,5.6,37,40,13.0,12.6,0,0.00,996.8,982.4
2025-03-13T06:00,3.0,0.00,91,1.7,0.4,0.00,0.00,0.00,3,100,100,96,85,5.4,55,50,13.4,10.8,0,0.00,996.6,982.2
2025-03-13T07:00,3.1,0.00,91,1.8,0.8,0.00,0.00,0.00,3,100,100,100,100,3.4,63,47,11.3,10.4,1,0.00,996.6,982.2
2025-03-13T08:00,4.0,0.00,88,2.1,1.6,0.00,0.00,0.00,3,100,100,100,100,4.0,64,32,9.8,8.6,1,0.00,996.8,982.4
2025-03-13T09:00,4.7,0.00,84,2.2,2.5,0.00,0.00,0.00,3,100,100,99,86,3.2,57,19,10.9,8.6,1,0.00,996.8,982.5
2025-03-13T10:00,6.0,0.00,74,1.7,4.0,0.00,0.00,0.00,3,100,99,89,33,1.1,81,90,2.2,10.1,1,0.00,996.9,982.6
2025-03-13T11:00,7.0,0.00,69,1.7,5.1,0.00,0.00,0.00,3,100,100,100,29,0.4,37,333,0.9,7.9,1,53.25,996.9,982.7
2025-03-13T12:00,7.6,0.00,63,1.1,5.5,0.00,0.00,0.00,3,100,100,100,39,1.1,95,108,2.0,8.6,1,0.00,996.8,982.6
2025-03-13T13:00,7.5,0.10,64,1.1,5.2,0.10,0.00,0.00,51,100,100,100,89,2.7,135,143,3.6,10.1,1,0.00,997.0,982.8
2025-03-13T14:00,5.3,0.40,84,2.8,2.7,0.40,0.00,0.00,51,100,29,100,100,6.4,98,100,8.7,15.1,1,0.00,998.0,983.7
2025-03-13T15:00,5.6,0.20,83,2.9,3.1,0.20,0.00,0.00,51,100,73,97,100,5.7,80,77,8.4,16.2,1,0.00,998.0,983.7
2025-03-13T16:00,5.9,0.20,81,2.9,3.3,0.20,0.00,0.00,51,100,11,98,100,6.4,59,58,9.2,15.1,1,0.00,998.1,983.8
2025-03-13T17:00,5.9,0.20,83,3.1,3.6,0.20,0.00,0.00,51,100,0,6,100,4.6,53,39,7.8,14.4,1,0.00,998.5,984.2
2025-03-13T18:00,5.6,0.00,87,3.6,3.2,0.00,0.00,0.00,3,89,0,36,83,5.8,21,358,9.2,10.1,1,0.00,998.9,984.6
2025-03-13T19:00,4.3,0.00,96,3.7,1.8,0.00,0.00,0.00,3,100,0,100,97,7.1,2,344,13.5,13.7,0,0.00,999.4,985.0
2025-03-13T20:00,4.2,0.00,96,3.6,1.8,0.00,0.00,0.00,3,96,0,87,75,6.0,11,350,12.7,13.7,0,0.00,999.8,985.4
2025-03-13T21:00,3.9,0.00,96,3.4,1.6,0.00,0.00,0.00,3,97,82,69,57,5.4,357,330,11.5,11.5,0,0.00,1000.1,985.7
2025-03-13T22:00,2.6,0.00,98,2.3,0.1,0.00,0.00,0.00,3,90,0,83,58,4.6,350,329,11.2,10.8,0,0.00,1000.8,986.3
2025-03-13T23:00,3.0,0.20,98,2.6,0.9,0.20,0.00,0.00,51,100,0,99,100,2.5,14,352,8.3,8.6,0,0.00,1000.9,986.4
2025-03-14T00:00,3.5,0.30,97,3.1,1.8,0.30,0.00,0.00,51,100,0,89,100,0.8,349,225,1.8,4.3,0,0.00,1001.4,986.9
2025-03-14T01:00,3.5,0.30,99,3.4,1.3,0.30,0.00,0.00,51,100,0,80,100,4.3,275,255,7.8,8.3,0,0.00,1001.6,987.1
2025-03-14T02:00,3.7,0.70,99,3.6,1.0,0.70,0.00,0.00,53,100,0,100,100,8.3,279,264,13.3,17.3,0,0.00,1002.5,988.0
2025-03-14T03:00,3.2,0.70,99,3.0,0.2,0.70,0.00,0.00,53,100,0,61,100,9.2,295,281,13.9,18.7,0,0.00,1002.8,988.3
2025-03-14T04:00,2.7,0.30,99,2.5,-0.6,0.30,0.00,0.00,51,100,0,88,100,10.3,307,301,15.0,21.2,0,0.00,1003.0,988.5
2025-03-14T05:00,2.4,0.10,98,2.1,-0.8,0.10,0.00,0.00,51,100,0,0,100,9.2,324,315,13.6,21.2,0,0.00,1003.5,988.9
2025-03-14T06:00,2.2,0.00,98,2.0,-0.9,0.00,0.00,0.00,3,100,0,0,100,9.0,320,314,12.9,18.4,0,0.00,1003.8,989.2
2025-03-14T07:00,2.1,0.00,97,1.7,-1.1,0.00,0.00,0.00,3,100,0,0,100,9.1,329,324,14.1,20.2,1,0.00,1004.1,989.5
2025-03-14T08:00,2.4,0.00,95,1.8,-0.6,0.00,0.00,0.00,3,100,0,8,100,8.3,340,333,11.9,19.1,1,0.00,1005.0,990.4
2025-03-14T09:00,3.0,0.00,93,2.0,0.1,0.00,0.00,0.00,3,100,0,30,100,7.7,356,351,10.6,18.7,1,0.00,1005.8,991.2
2025-03-14T10:00,4.2,0.00,87,2.3,1.2,0.00,0.00,0.00,3,100,0,14,100,8.0,355,352,11.0,19.8,1,0.00,1006.0,991.5
2025-03-14T11:00,5.9,0.10,75,1.9,2.6,0.10,0.00,0.00,51,100,11,0,100,9.9,2,360,13.7,23.8,1,0.00,1005.9,991.5
2025-03-14T12:00,7.3,0.20,64,0.9,3.9,0.20,0.00,0.00,51,100,8,0,100,9.5,10,9,13.3,24.1,1,3600.00,1005.7,991.4
2025-03-14T13:00,7.6,0.10,63,1.1,4.4,0.10,0.00,0.00,51,100,80,34,100,8.9,9,7,12.4,23.4,1,1309.07,1006.1,991.8
2025-03-14T14:00,7.3,0.00,63,0.6,4.2,0.00,0.00,0.00,3,100,27,0,100,7.2,17,14,10.2,20.9,1,0.00,1007.4,993.0
2025-03-14T15:00,7.9,0.00,57,-0.0,4.5,0.00,0.00,0.00,3,100,4,0,100,8.8,13,12,12.4,20.9,1,1660.83,1007.1,992.8
2025-03-14T16:00,8.1,0.10,57,0.1,4.6,0.10,0.00,0.00,51,100,67,14,100,9.6,8,6,14.0,22.7,1,1768.09,1007.2,992.9
2025-03-14T17:00,7.8,0.00,61,0.7,4.4,0.00,0.00,0.00,3,100,100,63,85,9.4,9,5,14.6,22.3,1,461.54,1007.8,993.5
2025-03-14T18:00,6.9,0.00,68,1.5,3.9,0.00,0.00,0.00,3,100,100,79,77,8.0,357,351,15.9,20.9,1,0.00,1008.2,993.8
2025-03-14T19:00,6.4,0.00,70,1.3,3.1,0.00,0.00,0.00,3,100,100,100,100,9.3,11,9,19.1,18.7,0,0.00,1008.8,994.4
2025-03-14T20:00,5.9,0.00,71,1.0,2.4,0.00,0.00,0.00,3,100,100,100,100,10.1,33,33,20.8,21.6,0,0.00,1009.4,994.9
2025-03-14T21:00,5.8,0.00,72,1.1,2.3,0.00,0.00,0.00,3,94,34,87,84,10.2,44,44,21.0,21.6,0,0.00,1009.8,995.3
2025-03-14T22:00,5.4,0.00,73,0.9,1.9,0.00,0.00,0.00,0,16,0,14,14,10.1,48,43,21.4,21.6,0,0.00,1009.9,995.4
2025-03-14T23:00,4.3,0.00,76,0.5,0.9,0.00,0.00,0.00,0,17,7,11,7,9.5,52,46,21.1,21.2,0,0.00,1010.6,996.0
2025-03-15T00:00,3.6,0.00,79,0.2,-0.1,0.00,0.00,0.00,2,68,60,0,21,11.0,61,55,23.9,22.7,0,0.00,1011.2,996.6
2025-03-15T01:00,3.9,0.00,78,0.5,-0.0,0.00,0.00,0.00,1,46,27,26,5,12.7,59,54,26.1,26.6,0,0.00,1011.3,996.7
2025-03-15T02:00,3.3,0.00,80,0.3,-0.7,0.00,0.00,0.00,3,83,77,78,3,13.0,60,53,27.3,27.0,0,0.00,1011.5,996.9
2025-03-15T03:00,3.1,0.00,80,0.0,-1.1,0.00,0.00,0.00,3,92,58,90,0,14.0,52,45,28.0,29.2,0,0.00,1011.4,996.8
2025-03-15T04:00,3.1,0.00,79,-0.3,-1.1,0.00,0.00,0.00,1,43,30,19,0,13.6,51,43,27.2,30.6,0,0.00,1011.5,996.9
2025-03-15T05:00,2.7,0.00,78,-0.7,-1.3,0.00,0.00,0.00,3,80,58,48,9,12.5,50,39,25.8,28.8,0,0.00,1012.1,997.4
2025-03-15T06:00,2.7,0.00,77,-0.9,-1.6,0.00,0.00,0.00,3,99,85,94,4,14.3,49,40,28.5,29.9,0,0.00,1012.3,997.6
2025-03-15T07:00,3.0,0.00,74,-1.1,-1.5,0.00,0.00,0.00,3,100,100,99,8,14.8,52,46,29.0,32.4,1,0.00,1012.7,998.0
2025-03-15T08:00,4.1,0.00,70,-0.8,-0.5,0.00,0.00,0.00,3,100,95,100,59,16.3,50,44,28.3,34.2,1,967.01,1013.1,998.5
2025-03-15T09:00,5.5,0.00,68,0.0,1.4,0.00,0.00,0.00,3,100,100,100,99,13.7,49,45,22.7,38.2,1,0.00,1013.0,998.5
2025-03-15T10:00,6.3,0.00,67,0.5,2.1,0.00,0.00,0.00,3,100,100,99,100,14.8,54,50,23.3,33.1,1,0.00,1013.2,998.7
2025-03-15T11:00,7.8,0.00,62,1.0,3.6,0.00,0.00,0.00,2,63,31,40,14,15.0,59,57,23.0,34.6,1,1428.50,1013.1,998.7
2025-03-15T12:00,9.4,0.00,56,1.0,4.9,0.00,0.00,0.00,3,100,100,98,11,16.8,62,61,24.9,37.8,1,3600.00,1012.9,998.6
2025-03-15T13:00,9.5,0.00,55,0.8,4.7,0.00,0.00,0.00,3,100,100,51,12,19.2,58,58,28.6,42.8,1,3600.00,1012.7,998.4
2025-03-15T14:00,9.5,0.00,55,0.9,4.6,0.00,0.00,0.00,3,96,93,23,36,19.8,56,55,29.5,45.0,1,3600.00,1013.1,998.8
2025-03-15T15:00,9.3,0.00,55,0.7,4.5,0.00,0.00,0.00,3,100,98,29,84,19.1,60,59,28.6,44.6,1,3600.00,1013.1,998.8
2025-03-15T16:00,8.8,0.00,57,0.6,4.2,0.00,0.00,0.00,3,100,87,15,99,17.7,59,57,27.3,42.8,1,1797.12,1013.3,998.9
2025-03-15T17:00,8.1,0.00,58,0.3,3.6,0.00,0.00,0.00,3,100,89,3,100,16.5,54,51,26.5,42.1,1,0.00,1013.5,999.1
2025-03-15T18:00,7.6,0.00,60,0.4,3.6,0.00,0.00,0.00,3,100,99,10,95,13.4,44,39,23.7,35.6,1,328.10,1014.0,999.6
2025-03-15T19:00,6.8,0.00,63,0.3,2.9,0.00,0.00,0.00,3,94,91,19,18,12.1,43,33,23.3,29.2,0,0.00,1014.5,1000.0
2025-03-15T20:00,5.7,0.00,67,0.1,1.9,0.00,0.00,0.00,3,100,100,11,11,11.9,32,23,24.4,25.9,0,0.00,1014.8,1000.3
2025-03-15T21:00,5.2,0.00,68,-0.2,1.3,0.00,0.00,0.00,3,98,97,10,9,12.0,36,26,25.0,25.6,0,0.00,1015.0,1000.4
2025-03-15T22:00,4.9,0.00,69,-0.4,0.9,0.00,0.00,0.00,3,98,98,9,1,12.8,45,35,26.2,26.6,0,0.00,1015.3,1000.7
2025-03-15T23:00,4.7,0.00,68,-0.8,0.5,0.00,0.00,0.00,3,100,100,3,2,12.8,49,39,26.3,27.7,0,0.00,1015.4,1000.8
2025-03-16T00:00,4.3,0.00,67,-1.3,0.1,0.00,0.00,0.00,3,98,98,4,3,12.8,52,42,26.1,27.7,0,0.00,1015.3,1000.7
2025-03-16T01:00,3.7,0.00,68,-1.6,-0.5,0.00,0.00,0.00,3,87,86,7,3,12.9,53,43,26.4,27.4,0,0.00,1015.4,1000.7
2025-03-16T02:00,4.3,0.00,69,-0.9,0.2,0.00,0.00,0.00,2,67,63,10,1,12.3,51,40,25.4,25.9,0,0.00,1015.4,1000.8
2025-03-16T03:00,3.8,0.00,70,-1.2,-0.3,0.00,0.00,0.00,1,44,15,34,0,12.1,55,44,25.2,26.3,0,0.00,1015.4,1000.7
2025-03-16T04:00,3.2,0.00,72,-1.3,-0.7,0.00,0.00,0.00,1,43,0,43,0,10.6,56,44,22.8,25.9,0,0.00,1015.6,1000.9
2025-03-16T05:00,2.7,0.00,74,-1.4,-1.1,0.00,0.00,0.00,1,28,0,28,0,10.0,55,39,21.8,22.7,0,0.00,1016.2,1001.5
2025-03-16T06:00,2.1,0.00,77,-1.6,-1.8,0.00,0.00,0.00,1,33,7,27,1,10.6,47,30,22.3,22.3,0,0.00,1016.7,1001.9
2025-03-16T07:00,1.7,0.00,78,-1.7,-2.2,0.00,0.00,0.00,1,34,0,31,4,10.3,42,27,21.9,22.3,1,0.00,1017.1,1002.3
2025-03-16T08:00,2.8,0.00,75,-1.1,-0.7,0.00,0.00,0.00,1,41,0,34,12,8.3,46,20,21.6,22.0,1,3165.61,1017.7,1003.0
2025-03-16T09:00,4.5,0.00,69,-0.8,0.8,0.00,0.00,0.00,3,87,2,86,7,9.4,38,31,14.6,22.7,1,3600.00,1017.8,1003.1
2025-03-16T10:00,5.8,0.00,63,-0.8,2.2,0.00,0.00,0.00,3,91,17,88,11,9.2,47,42,13.9,23.4,1,3600.00,1017.9,1003.3
2025-03-16T11:00,7.4,0.00,57,-0.6,3.9,0.00,0.00,0.00,3,86,10,83,11,8.9,52,48,13.1,23.0,1,3600.00,1017.9,1003.4
2025-03-16T12:00,8.7,0.00,53,-0.5,5.1,0.00,0.00,0.00,0,11,0,0,11,9.7,58,59,14.0,24.5,1,3600.00,1017.6,1003.2
2025-03-16T13:00,10.4,0.00,48,-0.2,6.8,0.00,0.00,0.00,1,47,0,3,47,11.7,57,56,16.8,29.2,1,3600.00,1017.4,1003.1
2025-03-16T14:00,10.7,0.00,45,-0.7,6.9,0.00,0.00,0.00,1,31,0,7,30,10.9,45,44,15.5,28.8,1,3600.00,1017.5,1003.2
2025-03-16T15:00,11.0,0.00,44,-0.9,7.4,0.00,0.00,0.00,0,5,0,0,5,9.5,37,36,13.4,27.0,1,3600.00,1017.3,1003.0
2025-03-16T16:00,10.8,0.00,41,-2.0,7.0,0.00,0.00,0.00,0,3,0,0,3,9.5,31,27,13.6,24.1,1,3600.00,1017.3,1003.0
2025-03-16T17:00,10.3,0.00,41,-2.5,6.7,0.00,0.00,0.00,0,0,0,0,0,7.8,35,32,13.2,22.7,1,3600.00,1017.5,1003.2
2025-03-16T18:00,8.3,0.00,56,0.1,5.5,0.00,0.00,0.00,0,4,0,1,4,4.9,23,17,12.7,16.9,1,3600.00,1018.3,1003.8
2025-03-16T19:00,6.6,0.00,61,-0.4,3.1,0.00,0.00,0.00,1,33,0,13,32,9.1,18,14,19.9,16.9,0,0.00,1019.5,1004.9
2025-03-16T20:00,5.7,0.00,63,-0.8,1.9,0.00,0.00,0.00,1,24,0,6,24,10.9,30,27,23.8,22.0,0,0.00,1020.3,1005.7
2025-03-16T21:00,4.9,0.00,64,-1.3,1.1,0.00,0.00,0.00,1,48,0,7,48,10.2,42,34,23.2,22.0,0,0.00,1021.1,1006.4
2025-03-16T22:00,4.3,0.00,67,-1.3,0.6,0.00,0.00,0.00,0,5,0,0,5,9.3,52,43,22.1,20.9,0,0.00,1021.8,1007.1
2025-03-16T23:00,3.6,0.00,70,-1.5,0.1,0.00,0.00,0.00,0,6,0,0,6,8.0,48,36,19.8,18.7,0,0.00,1022.2,1007.4
2025-03-17T00:00,2.6,0.00,74,-1.5,-0.8,0.00,0.00,0.00,0,4,0,0,4,7.2,35,25,18.2,16.2,0,0.00,1022.7,1007.9
2025-03-17T01:00,2.0,0.00,76,-1.7,-1.4,0.00,0.00,0.00,0,0,0,0,0,7.4,39,32,19.3,15.1,0,0.00,1023.1,1008.2
2025-03-17T02:00,2.5,0.00,69,-2.7,-1.4,0.00,0.00,0.00,0,0,0,0,0,9.4,40,36,22.0,18.7,0,0.00,1023.4,1008.6
2025-03-17T03:00,1.9,0.00,68,-3.3,-1.9,0.00,0.00,0.00,0,0,0,0,0,8.6,43,39,20.6,18.7,0,0.00,1023.6,1008.7
2025-03-17T04:00,0.7,0.00,74,-3.4,-2.6,0.00,0.00,0.00,0,0,0,0,0,4.8,41,25,13.8,16.9,0,0.00,1023.7,1008.8
2025-03-17T05:00,-0.2,0.00,77,-3.7,-3.2,0.00,0.00,0.00,0,0,0,0,0,2.7,27,8,8.3,9.0,0,0.00,1023.9,1008.9
2025-03-17T06:00,-0.7,0.00,80,-3.7,-3.9,0.00,0.00,0.00,0,2,2,0,0,3.7,44,39,9.9,7.6,0,0.00,1024.6,1009.6
2025-03-17T07:00,-0.7,0.00,81,-3.5,-3.8,0.00,0.00,0.00,0,0,0,0,0,3.2,59,52,9.8,7.6,1,0.00,1025.1,1010.1
2025-03-17T08:00,1.4,0.00,77,-2.3,-1.6,0.00,0.00,0.00,0,10,0,0,10,3.4,57,43,8.8,9.0,1,3296.44,1025.4,1010.5
2025-03-17T09:00,4.2,0.00,69,-1.0,1.7,0.00,0.00,0.00,1,32,0,23,30,1.0,43,315,4.7,8.6,1,3600.00,1025.9,1011.1
2025-03-17T10:00,6.4,0.00,65,0.2,3.9,0.00,0.00,0.00,1,38,0,11,37,2.6,8,348,3.8,11.2,1,3600.00,1025.9,1011.2
2025-03-17T11:00,7.3,0.10,61,0.2,3.7,0.10,0.00,0.00,51,99,0,76,99,10.3,55,55,14.7,23.0,1,3600.00,1026.2,1011.6
2025-03-17T12:00,7.0,0.00,62,0.3,2.9,0.00,0.00,0.00,3,97,0,36,96,13.6,68,68,20.2,31.0,1,515.94,1026.5,1011.9
2025-03-17T13:00,7.6,0.00,57,-0.4,3.3,0.00,0.00,0.00,2,71,0,21,71,14.7,67,66,21.4,33.8,1,2223.27,1026.7,1012.1
2025-03-17T14:00,8.2,0.00,48,-2.1,3.6,0.00,0.00,0.00,3,99,0,25,99,14.9,72,71,22.2,34.9,1,1128.91,1026.7,1012.1
2025-03-17T15:00,8.6,0.00,45,-2.8,4.0,0.00,0.00,0.00,1,37,0,14,36,14.1,73,74,20.7,33.8,1,3522.24,1026.6,1012.0
2025-03-17T16:00,8.5,0.00,43,-3.5,3.8,0.00,0.00,0.00,0,15,0,5,15,13.8,72,72,20.4,32.4,1,3600.00,1026.6,1012.0
2025-03-17T17:00,7.2,0.00,41,-5.3,2.1,0.00,0.00,0.00,0,0,0,0,0,15.1,73,72,23.6,33.5,1,3600.00,1026.9,1012.3
2025-03-17T18:00,5.5,0.00,46,-5.1,0.9,0.00,0.00,0.00,0,0,0,0,0,12.8,71,68,23.9,33.1,1,3600.00,1027.8,1013.1
2025-03-17T19:00,3.7,0.00,51,-5.4,-0.9,0.00,0.00,0.00,0,0,0,0,0,12.6,69,65,25.6,27.7,0,0.00,1028.8,1013.9
2025-03-17T20:00,2.8,0.00,54,-5.7,-2.1,0.00,0.00,0.00,0,0,0,0,0,13.9,69,65,28.3,29.2,0,0.00,1029.1,1014.2
2025-03-17T21:00,2.3,0.00,53,-6.4,-3.0,0.00,0.00,0.00,0,0,0,0,0,15.7,75,72,31.2,33.1,0,0.00,1029.4,1014.5
2025-03-17T22:00,1.9,0.00,52,-6.9,-3.4,0.00,0.00,0.00,0,0,0,0,0,15.8,79,76,31.4,33.8,0,0.00,1029.7,1014.7
2025-03-17T23:00,1.5,0.00,52,-7.2,-4.0,0.00,0.00,0.00,0,0,0,0,0,16.8,86,84,32.8,35.6,0,0.00,1029.8,1014.8
2025-03-18T00:00,1.1,0.00,54,-7.3,-4.5,0.00,0.00,0.00,0,0,0,0,0,17.1,95,92,32.9,37.1,0,0.00,1029.9,1014.9
2025-03-18T01:00,0.6,0.00,55,-7.4,-4.8,0.00,0.00,0.00,0,0,0,0,0,16.6,95,91,32.3,36.7,0,0.00,1030.0,1015.0
2025-03-18T02:00,1.0,0.00,52,-7.8,-4.4,0.00,0.00,0.00,0,0,0,0,0,15.9,97,93,31.2,34.2,0,0.00,1029.8,1014.8
2025-03-18T03:00,0.6,0.00,52,-8.2,-4.9,0.00,0.00,0.00,0,0,0,0,0,16.4,98,95,32.3,35.3,0,0.00,1029.5,1014.5
2025-03-18T04:00,0.3,0.00,53,-8.3,-5.3,0.00,0.00,0.00,0,0,0,0,0,16.7,99,97,32.5,35.6,0,0.00,1029.0,1014.0
2025-03-18T05:00,0.0,0.00,54,-8.3,-5.5,0.00,0.00,0.00,0,0,0,0,0,16.3,99,97,32.1,35.6,0,0.00,1028.9,1013.8
2025-03-18T06:00,-0.2,0.00,55,-8.2,-5.6,0.00,0.00,0.00,0,0,0,0,0,15.8,99,97,31.2,34.9,0,0.00,1028.7,1013.6
2025-03-18T07:00,-0.1,0.00,55,-8.1,-5.6,0.00,0.00,0.00,0,0,0,0,0,16.1,97,94,31.4,34.6,1,0.00,1028.8,1013.7
2025-03-18T08:00,1.1,0.00,54,-7.1,-4.2,0.00,0.00,0.00,0,0,0,0,0,15.2,98,95,30.5,38.2,1,3427.32,1029.2,1014.2
2025-03-18T09:00,2.6,0.00,51,-6.5,-3.0,0.00,0.00,0.00,0,0,0,0,0,18.6,100,99,29.8,40.3,1,3600.00,1029.3,1014.4
2025-03-18T10:00,4.3,0.00,46,-6.3,-1.2,0.00,0.00,0.00,0,0,0,0,0,17.4,99,98,27.0,43.2,1,3600.00,1029.2,1014.4
2025-03-18T11:00,6.0,0.00,45,-5.1,1.0,0.00,0.00,0.00,0,0,0,0,0,15.6,98,97,23.4,39.2,1,3600.00,1028.9,1014.2
2025-03-18T12:00,7.6,0.00,42,-4.5,3.2,0.00,0.00,0.00,0,0,0,0,0,14.9,98,97,22.0,36.7,1,3600.00,1028.4,1013.8
2025-03-18T13:00,8.9,0.00,40,-4.1,4.8,0.00,0.00,0.00,0,0,0,0,0,14.3,98,97,21.1,36.0,1,3600.00,1027.9,1013.3
2025-03-18T14:00,9.4,0.00,37,-4.7,5.2,0.00,0.00,0.00,0,0,0,0,0,13.8,98,98,20.2,34.2,1,3600.00,1027.6,1013.1
2025-03-18T15:00,10.0,0.00,35,-4.6,5.4,0.00,0.00,0.00,0,0,0,0,0,13.6,98,98,20.2,33.5,1,3600.00,1027.1,1012.6
2025-03-18T16:00,9.9,0.00,35,-4.8,5.2,0.00,0.00,0.00,0,0,0,0,0,13.5,100,99,20.5,32.4,1,3600.00,1026.6,1012.1
2025-03-18T17:00,9.4,0.00,39,-4.0,5.0,0.00,0.00,0.00,0,0,0,0,0,11.8,103,101,20.5,31.0,1,3600.00,1026.3,1011.8
2025-03-18T18:00,7.8,0.00,44,-3.6,3.6,0.00,0.00,0.00,0,0,0,0,0,10.5,102,98,22.4,25.6,1,3600.00,1026.5,1011.9
2025-03-18T19:00,5.9,0.00,48,-4.2,1.5,0.00,0.00,0.00,0,0,0,0,0,11.5,101,93,26.6,23.8,0,7.33,1026.6,1011.9
2025-03-18T20:00,5.0,0.00,49,-4.9,0.4,0.00,0.00,0.00,0,0,0,0,0,12.3,102,95,28.2,25.6,0,0.00,1026.9,1012.1
2025-03-18T21:00,4.3,0.00,50,-5.3,-0.6,0.00,0.00,0.00,0,0,0,0,0,13.8,107,102,30.3,28.4,0,0.00,1027.2,1012.4
2025-03-18T22:00,3.5,0.00,52,-5.4,-1.5,0.00,0.00,0.00,0,0,0,0,0,14.8,106,103,31.6,31.0,0,0.00,1027.3,1012.5
2025-03-18T23:00,2.8,0.00,54,-5.7,-2.3,0.00,0.00,0.00,0,0,0,0,0,15.0,106,104,32.1,31.3,0,0.00,1027.4,1012.5
2025-03-19T00:00,2.0,0.00,56,-5.9,-3.1,0.00,0.00,0.00,0,0,0,0,0,15.2,107,104,32.1,32.0,0,0.00,1027.4,1012.5
2025-03-19T01:00,1.5,0.00,57,-6.2,-3.6,0.00,0.00,0.00,0,0,0,0,0,15.0,107,104,31.7,31.7,0,0.00,1027.5,1012.5
2025-03-19T02:00,1.6,0.00,55,-6.5,-3.5,0.00,0.00,0.00,0,0,0,0,0,14.2,110,103,30.2,31.0,0,0.00,1027.3,1012.4
2025-03-19T03:00,0.9,0.00,59,-6.3,-3.8,0.00,0.00,0.00,0,0,0,0,0,12.0,109,104,26.8,29.2,0,0.00,1027.3,1012.3
2025-03-19T04:00,0.3,0.00,62,-6.1,-4.2,0.00,0.00,0.00,0,0,0,0,0,11.4,108,105,25.6,24.5,0,0.00,1027.4,1012.4
2025-03-19T05:00,-0.0,0.00,64,-6.1,-4.5,0.00,0.00,0.00,0,0,0,0,0,10.7,105,103,25.0,23.8,0,0.00,1027.5,1012.5
2025-03-19T06:00,-0.7,0.00,68,-5.9,-4.6,0.00,0.00,0.00,0,0,0,0,0,7.4,106,104,19.1,21.6,0,0.00,1027.8,1012.7
2025-03-19T07:00,-1.0,0.00,72,-5.5,-5.1,0.00,0.00,0.00,0,0,0,0,0,8.3,105,96,18.8,16.2,1,0.00,1028.3,1013.2
2025-03-19T08:00,0.9,0.00,71,-3.7,-3.0,0.00,0.00,0.00,0,0,0,0,0,8.2,107,100,18.6,18.7,1,3558.13,1028.8,1013.8
2025-03-19T09:00,3.7,0.00,63,-2.6,0.4,0.00,0.00,0.00,0,0,0,0,0,5.2,108,112,9.8,16.6,1,3600.00,1029.1,1014.2
2025-03-19T10:00,6.3,0.00,58,-1.2,3.4,0.00,0.00,0.00,0,0,0,0,0,4.3,119,123,6.4,15.5,1,3600.00,1028.9,1014.2
2025-03-19T11:00,8.5,0.00,54,-0.3,5.9,0.00,0.00,0.00,0,0,0,0,0,3.2,147,153,4.3,15.1,1,3600.00,1028.6,1014.0
2025-03-19T12:00,10.1,0.00,52,0.8,8.4,0.00,0.00,0.00,0,0,0,0,0,2.4,183,193,3.1,14.0,1,3600.00,1028.3,1013.8
2025-03-19T13:00,11.4,0.00,51,1.7,10.0,0.00,0.00,0.00,0,0,0,0,0,2.3,210,219,2.9,13.3,1,3600.00,1027.6,1013.2
2025-03-19T14:00,12.3,0.00,48,1.6,10.7,0.00,0.00,0.00,0,0,0,0,0,2.1,192,211,2.6,12.6,1,3600.00,1026.6,1012.2
2025-03-19T15:00,12.9,0.00,45,1.4,10.8,0.00,0.00,0.00,0,0,0,0,0,2.1,196,211,2.6,12.2,1,3600.00,1026.0,1011.7
2025-03-19T16:00,13.1,0.00,46,1.6,10.9,0.00,0.00,0.00,0,0,0,0,0,2.3,187,198,2.9,11.2,1,3600.00,1025.6,1011.3
2025-03-19T17:00,12.7,0.00,50,2.6,10.6,0.00,0.00,0.00,0,0,0,0,0,2.3,168,176,3.5,9.4,1,3600.00,1025.3,1011.0
2025-03-19T18:00,10.7,0.00,61,3.5,9.0,0.00,0.00,0.00,0,0,0,0,0,1.0,151,112,4.8,5.8,1,3600.00,1025.5,1011.1
2025-03-19T19:00,7.8,0.00,68,2.2,5.6,0.00,0.00,0.00,0,0,0,0,0,3.1,132,87,6.8,5.0,0,4.54,1025.8,1011.2
2025-03-19T20:00,6.2,0.00,73,1.7,3.7,0.00,0.00,0.00,0,0,0,0,0,4.7,120,83,9.6,9.0,0,0.00,1026.0,1011.3
2025-03-19T21:00,5.0,0.00,76,1.1,2.3,0.00,0.00,0.00,0,0,0,0,0,4.9,121,84,10.1,10.1,0,0.00,1026.1,1011.4
2025-03-19T22:00,4.2,0.00,77,0.5,1.3,0.00,0.00,0.00,0,0,0,0,0,5.7,127,81,10.8,11.2,0,0.00,1026.2,1011.4
2025-03-19T23:00,3.5,0.00,78,0.0,0.5,0.00,0.00,0.00,0,0,0,0,0,5.9,128,90,13.2,11.2,0,0.00,1026.4,1011.6
2025-03-20T00:00,3.3,0.00,78,-0.1,0.1,0.00,0.00,0.00,0,0,0,0,0,7.4,120,93,15.8,14.0,0,0.00,1026.3,1011.5
2025-03-20T01:00,3.1,0.00,80,-0.1,-0.0,0.00,0.00,0.00,0,0,0,0,0,6.7,116,87,15.8,14.0,0,0.00,1026.2,1011.4
2025-03-20T02:00,3.5,0.00,79,0.2,0.4,0.00,0.00,0.00,0,0,0,0,0,6.5,120,93,16.9,14.4,0,0.00,1025.6,1010.8
2025-03-20T03:00,2.6,0.00,82,-0.1,-0.4,0.00,0.00,0.00,0,1,0,1,0,5.6,124,96,15.4,12.2,0,0.00,1025.4,1010.5
2025-03-20T04:00,2.4,0.00,84,-0.0,-0.7,0.00,0.00,0.00,0,4,0,4,0,6.8,135,117,17.4,12.2,0,0.00,1025.7,1010.8
2025-03-20T05:00,2.2,0.00,86,0.1,-1.2,0.00,0.00,0.00,0,15,0,15,2,8.6,138,112,17.0,15.8,0,0.00,1025.8,1010.9
2025-03-20T06:00,2.1,0.00,86,0.1,-1.2,0.00,0.00,0.00,3,83,0,83,18,7.9,144,111,14.3,16.2,0,0.00,1025.7,1010.8
2025-03-20T07:00,3.0,0.00,84,0.6,-0.0,0.00,0.00,0.00,1,33,0,31,18,6.6,157,123,13.1,15.1,1,0.00,1026.2,1011.3
2025-03-20T08:00,5.1,0.00,78,1.6,2.1,0.00,0.00,0.00,1,31,21,9,12,7.7,155,120,13.5,14.8,1,3600.00,1026.4,1011.7
2025-03-20T09:00,8.5,0.00,70,3.3,6.0,0.00,0.00,0.00,3,95,94,3,5,6.2,156,136,13.4,15.5,1,3600.00,1026.5,1011.9
2025-03-20T10:00,11.0,0.00,60,3.6,8.6,0.00,0.00,0.00,3,99,99,3,5,5.8,156,158,8.1,16.9,1,3600.00,1026.3,1011.9
2025-03-20T11:00,12.8,0.00,56,4.2,10.6,0.00,0.00,0.00,3,100,100,1,2,5.3,168,168,7.2,16.9,1,3600.00,1026.1,1011.8
2025-03-20T12:00,14.3,0.00,53,4.8,12.5,0.00,0.00,0.00,1,48,48,0,0,5.3,169,168,7.3,17.3,1,3600.00,1025.3,1011.0
2025-03-20T13:00,15.9,0.00,49,5.2,14.4,0.00,0.00,0.00,0,4,4,0,0,6.1,182,180,8.5,18.7,1,3600.00,1024.7,1010.5
2025-03-20T14:00,17.3,0.00,42,4.2,15.3,0.00,0.00,0.00,0,9,0,9,0,7.5,149,150,10.3,20.2,1,3600.00,1023.1,1009.0
2025-03-20T15:00,17.7,0.00,42,4.6,15.3,0.00,0.00,0.00,0,5,0,5,0,7.3,152,150,10.0,20.5,1,3600.00,1022.4,1008.3
2025-03-20T16:00,17.7,0.00,44,5.2,15.5,0.00,0.00,0.00,0,14,0,14,0,7.1,160,156,10.0,18.7,1,3600.00,1021.9,1007.9
2025-03-20T17:00,17.1,0.00,53,7.6,15.9,0.00,0.00,0.00,0,18,0,18,0,4.2,143,137,9.0,16.6,1,3600.00,1021.5,1007.4
2025-03-20T18:00,14.8,0.00,62,7.6,13.2,0.00,0.00,0.00,0,2,0,2,0,6.9,122,105,14.6,12.6,1,3600.00,1021.6,1007.4
2025-03-20T19:00,12.5,0.00,67,6.5,10.5,0.00,0.00,0.00,0,0,0,0,0,7.2,129,96,15.6,14.0,0,0.00,1021.7,1007.4
2025-03-20T20:00,11.4,0.00,68,5.8,9.3,0.00,0.00,0.00,0,0,0,0,0,6.7,135,98,14.8,13.7,0,0.00,1022.0,1007.6
2025-03-20T21:00,10.6,0.00,69,5.0,8.3,0.00,0.00,0.00,0,0,0,0,0,7.2,136,96,14.3,13.3,0,0.00,1021.7,1007.3
2025-03-20T22:00,10.1,0.00,68,4.4,7.5,0.00,0.00,0.00,0,1,0,1,0,8.2,128,98,16.2,15.5,0,0.00,1021.7,1007.3
2025-03-20T23:00,9.5,0.00,67,3.7,6.7,0.00,0.00,0.00,0,0,0,0,0,8.5,114,97,19.3,16.2,0,0.00,1021.5,1007.1
2025-03-21T00:00,8.2,0.00,70,3.1,5.6,0.00,0.00,0.00,0,0,0,0,0,6.8,110,108,19.2,16.2,0,0.00,1021.5,1007.0
2025-03-21T01:00,7.3,0.00,73,2.8,4.4,0.00,0.00,0.00,0,1,1,0,0,8.8,102,95,20.1,16.6,0,0.00,1021.0,1006.4
2025-03-21T02:00,7.8,0.00,68,2.3,4.9,0.00,0.00,0.00,0,0,0,0,0,8.3,93,88,18.8,16.2,0,0.00,1020.0,1005.5
2025-03-21T03:00,7.1,0.00,71,2.3,4.0,0.00,0.00,0.00,0,0,0,0,0,9.4,98,92,21.8,18.7,0,0.00,1019.4,1004.9
2025-03-21T04:00,6.6,0.00,75,2.4,3.5,0.00,0.00,0.00,0,0,0,0,0,9.3,110,100,21.3,18.7,0,0.00,1019.2,1004.6
2025-03-21T05:00,6.0,0.00,77,2.3,2.9,0.00,0.00,0.00,0,0,0,0,0,9.2,111,96,21.0,18.0,0,0.00,1019.2,1004.6
2025-03-21T06:00,5.8,0.00,77,2.1,2.6,0.00,0.00,0.00,0,0,0,0,0,9.6,108,98,22.0,19.1,0,0.00,1018.7,1004.1
2025-03-21T07:00,5.9,0.00,77,2.2,2.6,0.00,0.00,0.00,0,0,0,0,0,10.5,107,103,22.7,20.5,1,0.00,1018.5,1003.9
2025-03-21T08:00,8.5,0.00,71,3.5,5.3,0.00,0.00,0.00,1,30,30,0,0,11.2,107,100,24.9,23.0,1,3600.00,1018.5,1004.0
2025-03-21T09:00,12.0,0.00,68,6.3,9.4,0.00,0.00,0.00,0,13,13,0,0,11.5,100,92,29.2,24.5,1,3600.00,1018.0,1003.7
2025-03-21T10:00,15.2,0.00,58,6.9,13.0,0.00,0.00,0.00,3,98,98,0,0,9.5,102,104,19.7,24.1,1,3600.00,1017.4,1003.3
2025-03-21T11:00,17.3,0.00,51,7.0,14.9,0.00,0.00,0.00,3,100,100,0,0,11.2,110,112,17.5,27.0,1,3600.00,1016.9,1002.9
2025-03-21T12:00,18.8,0.00,45,6.7,16.5,0.00,0.00,0.00,3,100,100,0,0,12.6,116,114,19.2,29.5,1,3600.00,1016.1,1002.2
2025-03-21T13:00,19.9,0.00,46,7.8,17.7,0.00,0.00,0.00,3,99,99,0,0,13.6,116,114,20.7,31.3,1,3600.00,1015.2,1001.3
2025-03-21T14:00,20.6,0.00,43,7.5,18.2,0.00,0.00,0.00,2,76,76,0,0,14.1,117,115,21.3,32.0,1,3600.00,1014.1,1000.3
2025-03-21T15:00,21.1,0.00,36,5.6,17.9,0.00,0.00,0.00,1,46,46,0,0,14.7,117,115,22.8,32.4,1,3600.00,1013.1,999.3
2025-03-21T16:00,20.7,0.00,39,6.1,17.8,0.00,0.00,0.00,3,90,89,16,0,13.0,117,115,22.8,32.4,1,3600.00,1012.5,998.7
2025-03-21T17:00,19.1,0.00,45,6.8,16.2,0.00,0.00,0.00,3,100,100,89,0,14.5,103,101,27.5,31.0,1,3600.00,1011.8,998.0
2025-03-21T18:00,17.4,0.00,47,6.0,13.9,0.00,0.00,0.00,3,100,100,98,0,16.9,101,98,33.2,35.6,1,514.40,1011.6,997.7
2025-03-21T19:00,16.2,0.00,48,5.2,12.4,0.00,0.00,0.00,3,100,100,99,0,17.8,104,102,35.6,37.8,0,0.00,1011.3,997.3
2025-03-21T20:00,15.5,0.00,53,6.0,11.8,0.00,0.00,0.00,3,100,100,2,0,18.2,105,104,35.9,38.9,0,0.00,1011.1,997.1
2025-03-21T21:00,14.2,0.00,58,6.1,10.3,0.00,0.00,0.00,3,100,100,1,0,19.6,102,101,38.5,41.4,0,0.00,1010.4,996.3
2025-03-21T22:00,13.5,0.00,58,5.3,9.4,0.00,0.00,0.00,3,100,100,0,0,20.3,103,103,39.6,43.2,0,0.00,1009.9,995.8
2025-03-21T23:00,12.8,0.00,58,4.7,8.6,0.00,0.00,0.00,3,100,100,0,0,20.0,103,103,39.0,43.6,0,0.00,1009.3,995.2
2025-03-22T00:00,12.4,0.00,59,4.6,8.1,0.00,0.00,0.00,3,100,100,11,0,20.4,101,101,39.3,43.2,0,0.00,1008.5,994.4
2025-03-22T01:00,12.0,0.00,58,4.0,7.6,0.00,0.00,0.00,3,100,100,41,0,20.5,102,103,39.4,43.6,0,0.00,1007.6,993.5
2025-03-22T02:00,13.8,0.00,51,3.7,9.6,0.00,0.00,0.00,3,100,100,97,0,18.4,102,102,35.3,39.6,0,0.00,1006.9,992.9
2025-03-22T03:00,12.9,0.00,53,3.6,8.9,0.00,0.00,0.00,3,100,100,99,0,17.1,100,101,33.3,38.9,0,0.00,1006.4,992.3
2025-03-22T04:00,12.1,0.00,56,3.7,8.3,0.00,0.00,0.00,3,100,100,98,0,15.8,103,104,31.2,36.0,0,0.00,1006.1,992.0
2025-03-22T05:00,11.4,0.00,59,3.8,8.4,0.00,0.00,0.00,3,100,100,70,0,10.7,98,97,25.1,32.8,0,0.00,1005.9,991.8
2025-03-22T06:00,10.2,0.00,68,4.5,8.4,0.00,0.00,0.00,3,100,100,38,0,3.1,105,100,12.3,22.3,0,0.00,1006.4,992.2
2025-03-22T07:00,10.1,0.00,67,4.2,8.0,0.00,0.00,0.00,3,100,100,97,0,4.4,87,60,10.6,6.8,1,0.00,1006.8,992.6
2025-03-22T08:00,10.0,0.00,71,5.0,7.9,0.00,0.00,0.00,3,100,100,100,0,6.3,191,200,9.4,10.8,1,0.00,1007.7,993.5
2025-03-22T09:00,10.4,0.10,74,6.1,9.0,0.10,0.00,0.00,51,100,100,100,3,3.1,245,220,8.1,15.5,1,0.00,1008.3,994.1
2025-03-22T10:00,11.1,0.10,76,7.1,10.0,0.10,0.00,0.00,51,96,93,57,0,2.5,51,98,1.2,9.4,1,0.00,1008.3,994.1
2025-03-22T11:00,13.6,0.10,69,8.1,12.6,0.10,0.00,0.00,51,100,2,100,0,3.7,113,113,4.7,14.0,1,3600.00,1008.0,993.9
2025-03-22T12:00,13.7,0.10,70,8.2,12.7,0.10,0.00,0.00,51,4,0,4,0,3.4,69,74,4.4,13.7,1,2583.93,1007.1,993.1
2025-03-22T13:00,16.2,0.00,63,9.1,15.9,0.00,0.00,0.00,0,3,0,1,2,4.4,141,145,5.8,16.2,1,3600.00,1006.4,992.5
2025-03-22T14:00,18.6,0.00,50,8.0,17.4,0.00,0.00,0.00,0,13,7,8,2,6.1,153,156,8.3,18.0,1,3600.00,1005.2,991.4
2025-03-22T15:00,18.6,0.20,46,6.8,16.5,0.20,0.00,0.00,51,59,13,51,31,8.8,173,175,12.0,21.6,1,3600.00,1004.8,991.0
2025-03-22T16:00,17.4,0.00,56,8.5,15.8,0.00,0.00,0.00,1,20,6,15,0,8.5,162,163,12.7,23.0,1,3600.00,1004.2,990.4
2025-03-22T17:00,17.3,0.00,58,8.9,16.2,0.00,0.00,0.00,1,26,23,4,0,5.6,139,140,9.1,19.1,1,3600.00,1003.6,989.8
2025-03-22T18:00,15.8,0.00,71,10.5,15.4,0.00,0.00,0.00,3,96,95,23,0,3.3,116,99,9.2,12.2,1,3600.00,1003.4,989.5
2025-03-22T19:00,14.4,0.00,68,8.7,12.8,0.00,0.00,0.00,3,99,98,17,0,8.8,84,75,20.3,15.8,0,0.00,1003.3,989.4
2025-03-22T20:00,13.2,0.00,69,7.6,11.0,0.00,0.00,0.00,3,100,100,37,0,10.7,86,76,24.7,21.6,0,0.00,1003.2,989.2
2025-03-22T21:00,12.2,0.00,75,7.8,10.9,0.00,0.00,0.00,3,100,100,74,0,5.2,91,94,18.2,22.3,0,0.00,1002.9,988.9
2025-03-22T22:00,12.0,0.00,73,7.4,10.2,0.00,0.00,0.00,3,100,100,85,0,7.8,67,38,16.5,13.7,0,0.00,1002.6,988.5
2025-03-22T23:00,11.9,0.00,74,7.4,9.6,0.00,0.00,0.00,3,100,100,76,0,11.1,88,83,24.5,22.0,0,0.00,1002.0,987.9
2025-03-23T00:00,11.3,0.20,78,7.6,9.1,0.20,0.00,0.00,51,100,100,79,1,10.3,90,77,23.0,22.3,0,0.00,1002.0,987.9
2025-03-23T01:00,10.3,0.10,82,7.4,8.4,0.10,0.00,0.00,51,68,53,49,5,8.2,73,57,19.4,20.5,0,0.00,1001.9,987.8
2025-03-23T02:00,11.5,0.00,76,7.4,9.7,0.00,0.00,0.00,3,100,100,98,0,7.5,357,349,11.7,13.0,0,0.00,1001.4,987.3
2025-03-23T03:00,11.5,0.00,75,7.3,8.9,0.00,0.00,0.00,3,98,97,81,0,12.7,48,46,25.6,25.9,0,0.00,1000.4,986.3
2025-03-23T04:00,10.3,0.00,81,7.2,8.3,0.00,0.00,0.00,3,100,99,87,0,8.7,314,302,14.8,25.6,0,0.00,1001.3,987.2
2025-03-23T05:00,9.7,0.00,88,7.8,8.0,0.00,0.00,0.00,3,99,94,97,0,7.6,9,8,15.3,18.0,0,0.00,1001.4,987.2
2025-03-23T06:00,8.9,0.00,88,7.1,7.2,0.00,0.00,0.00,2,74,70,14,0,6.5,4,354,13.0,14.4,0,0.00,1002.0,987.8
2025-03-23T07:00,8.2,0.00,88,6.3,6.8,0.00,0.00,0.00,2,67,66,1,0,3.1,43,31,9.0,12.6,1,0.00,1002.6,988.4
2025-03-23T08:00,9.6,0.60,84,7.1,8.2,0.60,0.00,0.00,53,72,66,28,0,4.7,193,198,7.8,12.6,1,3600.00,1003.4,989.2
2025-03-23T09:00,10.9,0.20,83,8.1,10.0,0.20,0.00,0.00,51,100,100,84,55,2.6,288,304,3.4,12.2,1,3600.00,1004.0,989.9
2025-03-23T10:00,11.1,1.00,88,9.2,10.3,1.00,0.00,0.00,55,100,100,100,62,4.1,261,270,6.9,12.6,1,0.00,1004.7,990.6
2025-03-23T11:00,12.0,1.00,84,9.5,10.9,1.00,0.00,0.00,55,100,100,100,50,6.7,269,273,11.0,16.2,1,24.46,1005.4,991.3
2025-03-23T12:00,12.8,0.20,77,8.9,10.7,0.20,0.00,0.00,51,100,100,97,38,11.8,260,261,17.3,25.9,1,0.00,1005.6,991.5
2025-03-23T13:00,13.4,0.00,65,7.0,11.3,0.00,0.00,0.00,1,35,0,12,28,9.1,257,256,13.3,29.2,1,679.53,1005.4,991.4
2025-03-23T14:00,15.1,0.10,64,8.2,13.0,0.10,0.00,0.00,51,89,0,39,87,10.7,273,275,15.1,29.9,1,3600.00,1005.7,991.7
2025-03-23T15:00,15.2,0.00,60,7.5,13.1,0.00,0.00,0.00,2,77,0,51,63,9.8,274,275,13.9,26.6,1,3600.00,1006.0,992.1
2025-03-23T16:00,15.2,0.00,60,7.4,13.1,0.00,0.00,0.00,1,44,0,39,15,10.1,264,265,15.0,25.2,1,3600.00,1005.9,992.0
2025-03-23T17:00,15.2,0.00,60,7.4,13.5,0.00,0.00,0.00,2,65,0,65,5,6.8,266,267,11.4,23.8,1,3600.00,1006.2,992.2
2025-03-23T18:00,14.1,0.00,72,9.1,13.4,0.00,0.00,0.00,1,40,24,20,1,2.7,309,337,6.9,15.1,1,3600.00,1006.4,992.4
2025-03-23T19:00,12.2,0.00,75,7.9,10.7,0.00,0.00,0.00,3,95,91,28,19,6.4,11,32,12.1,11.2,0,40.65,1007.2,993.1
2025-03-23T20:00,11.1,0.00,81,8.0,9.8,0.00,0.00,0.00,2,69,28,44,24,4.8,25,77,9.3,12.6,0,0.00,1007.7,993.5
2025-03-23T21:00,10.0,0.00,87,7.9,9.1,0.00,0.00,0.00,1,23,3,12,10,2.4,30,103,4.0,9.4,0,0.00,1008.4,994.2
2025-03-23T22:00,9.3,0.00,89,7.5,8.0,0.00,0.00,0.00,1,44,26,22,3,4.2,171,126,4.7,8.3,0,0.00,1008.9,994.6
2025-03-23T23:00,8.6,0.00,89,6.9,7.4,0.00,0.00,0.00,3,98,98,5,10,2.6,191,102,2.8,8.6,0,0.00,1009.4,995.1
2025-03-24T00:00,8.2,0.00,88,6.4,7.0,0.00,0.00,0.00,2,61,60,1,1,1.5,326,83,2.6,5.4,0,0.00,1009.7,995.4
2025-03-24T01:00,8.2,0.00,87,6.1,7.2,0.00,0.00,0.00,1,42,38,5,0,0.4,302,90,4.0,3.2,0,0.00,1009.7,995.4
2025-03-24T02:00,7.6,0.00,92,6.4,6.5,0.00,0.00,0.00,3,82,80,11,0,1.3,236,82,0.6,5.4,0,0.00,1010.0,995.6
2025-03-24T03:00,6.6,0.00,95,5.8,5.2,0.00,0.00,0.00,3,99,98,14,5,2.8,52,72,3.0,5.8,0,0.00,1010.3,995.9
2025-03-24T04:00,6.2,0.00,95,5.5,4.6,0.00,0.00,0.00,3,88,85,6,20,3.3,135,112,4.8,6.1,0,0.00,1010.2,995.7
2025-03-24T05:00,5.6,0.00,97,5.1,4.0,0.00,0.00,0.00,2,71,47,32,25,2.5,154,86,4.6,6.5,0,0.00,1010.6,996.1
2025-03-24T06:00,5.5,0.00,96,4.9,4.2,0.00,0.00,0.00,3,93,80,63,10,0.7,190,76,2.0,5.0,0,0.00,1011.2,996.7
2025-03-24T07:00,5.9,0.00,96,5.3,4.6,0.00,0.00,0.00,2,64,60,9,1,1.4,336,67,2.2,4.3,1,0.00,1011.7,997.2
2025-03-24T08:00,9.1,0.00,90,7.5,8.0,0.00,0.00,0.00,1,36,26,5,10,2.9,346,43,5.2,8.6,1,3600.00,1012.3,998.0
2025-03-24T09:00,11.5,0.00,84,8.9,10.9,0.00,0.00,0.00,3,93,93,30,0,2.1,323,290,3.9,9.4,1,3600.00,1012.8,998.6
2025-03-24T10:00,13.0,0.00,80,9.5,12.2,0.00,0.00,0.00,3,99,98,56,4,4.3,304,298,5.4,14.8,1,3600.00,1013.2,999.0
2025-03-24T11:00,13.9,0.00,75,9.6,13.1,0.00,0.00,0.00,3,100,100,52,1,4.7,298,293,6.1,20.2,1,3600.00,1013.6,999.5
2025-03-24T12:00,15.0,0.00,70,9.6,14.3,0.00,0.00,0.00,3,90,87,40,2,4.3,305,298,5.7,20.2,1,3600.00,1013.5,999.4
2025-03-24T13:00,15.9,0.00,66,9.6,15.0,0.00,0.00,0.00,2,74,67,22,0,5.5,320,314,7.3,19.8,1,3600.00,1013.3,999.3
2025-03-24T14:00,16.6,0.00,53,6.8,14.8,0.00,0.00,0.00,1,24,15,8,6,8.4,319,315,11.5,22.7,1,3600.00,1013.4,999.4
2025-03-24T15:00,16.6,0.00,51,6.6,14.4,0.00,0.00,0.00,2,55,46,13,8,9.1,321,319,12.4,24.1,1,3600.00,1013.4,999.4
2025-03-24T16:00,16.4,0.00,52,6.4,14.1,0.00,0.00,0.00,2,60,55,11,3,9.2,327,325,13.3,23.0,1,3600.00,1013.5,999.5
2025-03-24T17:00,16.1,0.00,54,6.8,14.2,0.00,0.00,0.00,2,54,51,6,0,7.5,330,325,13.1,22.0,1,3600.00,1013.7,999.7
2025-03-24T18:00,14.8,0.00,65,8.2,13.6,0.00,0.00,0.00,1,48,43,9,0,4.8,341,331,12.8,16.2,1,3600.00,1014.1,1000.0
2025-03-24T19:00,13.3,0.00,65,7.0,11.6,0.00,0.00,0.00,2,77,74,8,7,6.5,27,39,15.7,11.2,0,34.77,1014.7,1000.5
2025-03-24T20:00,11.6,0.00,76,7.4,9.6,0.00,0.00,0.00,1,20,0,15,6,8.8,58,64,19.7,22.0,0,0.00,1015.8,1001.5
2025-03-24T21:00,10.4,0.00,82,7.5,9.0,0.00,0.00,0.00,0,11,0,9,2,5.2,56,78,13.7,17.3,0,0.00,1016.3,1002.0
2025-03-24T22:00,9.1,0.00,86,6.9,8.0,0.00,0.00,0.00,0,7,0,6,1,2.4,23,36,8.4,10.1,0,0.00,1017.0,1002.6
2025-03-24T23:00,8.4,0.00,88,6.5,6.9,0.00,0.00,0.00,0,3,2,1,0,3.8,339,357,9.9,7.2,0,0.00,1017.6,1003.2
2025-03-25T00:00,8.1,0.00,88,6.3,6.5,0.00,0.00,0.00,0,7,1,6,0,4.6,353,11,12.5,9.0,0,0.00,1017.8,1003.3
2025-03-25T01:00,7.9,0.00,89,6.2,6.1,0.00,0.00,0.00,0,17,0,17,1,5.5,356,9,13.9,10.8,0,0.00,1018.0,1003.5
2025-03-25T02:00,9.0,0.00,88,7.2,7.6,0.00,0.00,0.00,1,32,0,32,0,5.0,349,2,13.6,9.7,0,0.00,1017.9,1003.5
2025-03-25T03:00,8.9,0.00,90,7.4,7.3,0.00,0.00,0.00,0,2,0,1,2,6.3,351,355,15.5,11.9,0,0.00,1017.8,1003.4
2025-03-25T04:00,8.2,0.00,92,7.0,6.6,0.00,0.00,0.00,0,2,0,0,2,5.6,354,354,14.8,12.2,0,0.00,1017.9,1003.4
2025-03-25T05:00,7.7,0.00,93,6.7,6.0,0.00,0.00,0.00,0,8,0,7,3,5.8,354,351,14.7,11.2,0,0.00,1018.2,1003.7
2025-03-25T06:00,7.1,0.00,95,6.3,5.5,0.00,0.00,0.00,1,21,0,20,8,4.9,353,356,13.4,11.2,0,0.00,1018.6,1004.1
2025-03-25T07:00,7.4,0.00,94,6.6,5.8,0.00,0.00,0.00,1,37,0,34,14,5.4,354,4,13.0,9.7,1,0.00,1019.2,1004.7
2025-03-25T08:00,9.3,0.00,92,8.0,8.0,0.00,0.00,0.00,1,37,4,31,19,5.2,348,316,12.7,11.9,1,3600.00,1019.5,1005.1
2025-03-25T09:00,11.1,0.00,87,9.0,9.7,0.00,0.00,0.00,3,82,36,67,55,7.8,339,334,11.4,18.4,1,3600.00,1019.8,1005.5
2025-03-25T10:00,12.4,0.00,82,9.3,10.9,0.00,0.00,0.00,3,94,29,79,70,8.8,340,337,11.9,22.7,1,3600.00,1019.9,1005.6
2025-03-25T11:00,13.3,0.00,78,9.6,11.9,0.00,0.00,0.00,3,81,3,58,55,8.9,327,322,11.8,24.5,1,3600.00,1020.1,1005.9
2025-03-25T12:00,14.3,0.00,73,9.6,13.3,0.00,0.00,0.00,1,23,0,7,17,7.8,314,310,10.2,24.8,1,3600.00,1019.8,1005.6
2025-03-25T13:00,14.9,0.00,67,8.7,13.8,0.00,0.00,0.00,0,13,0,8,5,7.0,307,302,9.5,23.8,1,3600.00,1019.3,1005.2
2025-03-25T14:00,15.7,0.00,58,7.4,14.2,0.00,0.00,0.00,0,19,0,17,8,8.1,301,299,10.9,22.0,1,3600.00,1018.7,1004.6
2025-03-25T15:00,15.7,0.00,56,7.0,13.7,0.00,0.00,0.00,1,38,0,38,3,8.2,310,308,11.5,23.4,1,3600.00,1018.4,1004.3
2025-03-25T16:00,15.5,0.00,56,6.8,13.5,0.00,0.00,0.00,3,89,0,89,7,8.3,328,326,11.7,22.0,1,3600.00,1018.1,1004.0
2025-03-25T17:00,15.0,0.00,60,7.4,13.3,0.00,0.00,0.00,3,95,0,95,6,6.8,342,342,11.0,20.5,1,3187.42,1017.8,1003.7
2025-03-25T18:00,14.1,0.00,67,8.1,12.7,0.00,0.00,0.00,3,100,100,99,6,5.9,360,360,13.3,14.8,1,763.50,1018.1,1003.9
2025-03-25T19:00,12.6,0.00,72,7.6,11.1,0.00,0.00,0.00,3,100,89,100,15,6.3,6,2,14.8,12.2,0,0.00,1018.5,1004.3
2025-03-25T20:00,11.4,0.00,70,6.2,9.1,0.00,0.00,0.00,3,99,89,90,29,9.2,2,359,19.8,17.3,0,0.00,1019.6,1005.3
2025-03-25T21:00,10.2,0.00,71,5.2,7.3,0.00,0.00,0.00,3,100,69,99,11,11.3,346,343,23.0,23.4,0,0.00,1020.3,1005.9
2025-03-25T22:00,9.1,0.00,77,5.3,6.4,0.00,0.00,0.00,3,91,44,87,4,10.7,348,343,21.5,24.5,0,0.00,1020.6,1006.1
2025-03-25T23:00,8.1,0.00,82,5.2,5.6,0.00,0.00,0.00,3,100,99,53,0,8.8,344,341,18.7,21.6,0,0.00,1020.7,1006.2
2025-03-26T00:00,7.4,0.00,86,5.2,5.0,0.00,0.00,0.00,3,100,100,61,0,8.5,354,348,18.1,18.4,0,0.00,1020.7,1006.2
2025-03-26T01:00,7.1,0.00,87,5.0,4.9,0.00,0.00,0.00,2,76,10,75,0,6.7,2,352,15.3,16.9,0,0.00,1020.7,1006.1
2025-03-26T02:00,8.4,0.00,79,5.1,6.4,0.00,0.00,0.00,3,100,97,98,0,5.4,2,6,14.8,17.3,0,0.00,1020.1,1005.6
2025-03-26T03:00,8.1,0.00,81,5.1,6.3,0.00,0.00,0.00,3,100,100,100,0,4.0,9,27,11.7,11.2,0,0.00,1020.0,1005.5
2025-03-26T04:00,8.0,0.00,82,5.2,6.4,0.00,0.00,0.00,3,100,100,100,0,2.7,7,32,8.5,8.3,0,0.00,1020.0,1005.5
2025-03-26T05:00,8.0,0.00,83,5.2,6.4,0.00,0.00,0.00,3,100,100,100,4,2.5,321,291,7.4,5.8,0,0.00,1020.2,1005.7
2025-03-26T06:00,7.6,0.00,85,5.3,5.9,0.00,0.00,0.00,3,100,100,100,8,3.3,310,283,9.8,6.5,0,0.00,1020.3,1005.8
2025-03-26T07:00,7.9,0.00,85,5.5,5.7,0.00,0.00,0.00,3,100,95,100,100,7.5,331,323,16.0,14.0,1,0.00,1020.8,1006.3
2025-03-26T08:00,8.3,0.20,87,6.3,6.2,0.20,0.00,0.00,51,100,76,100,100,7.9,342,330,16.1,16.6,1,0.00,1020.9,1006.4
2025-03-26T09:00,8.3,0.30,91,7.0,6.5,0.30,0.00,0.00,51,100,71,100,100,7.4,351,342,13.3,16.9,1,0.00,1021.4,1006.9
2025-03-26T10:00,8.9,0.10,89,7.2,7.1,0.10,0.00,0.00,51,100,2,100,100,7.2,353,346,10.7,16.2,1,0.00,1021.6,1007.1
2025-03-26T11:00,9.6,0.10,85,7.3,7.6,0.10,0.00,0.00,51,100,5,100,100,9.2,356,354,13.0,20.5,1,0.00,1021.8,1007.4
2025-03-26T12:00,10.0,0.00,84,7.4,8.0,0.00,0.00,0.00,3,100,3,100,100,8.6,2,359,12.8,20.5,1,0.00,1021.6,1007.2
2025-03-26T13:00,10.6,0.00,80,7.3,8.6,0.00,0.00,0.00,3,100,0,53,100,8.5,1,358,12.2,19.8,1,0.00,1021.4,1007.0
2025-03-26T14:00,10.3,0.00,81,7.1,7.8,0.00,0.00,0.00,3,100,11,27,100,12.1,5,2,17.9,27.4,1,0.00,1021.5,1007.1
2025-03-26T15:00,10.5,0.00,75,6.2,7.7,0.00,0.00,0.00,3,100,0,9,100,12.6,6,3,18.8,28.1,1,0.00,1021.5,1007.1
2025-03-26T16:00,10.4,0.00,71,5.4,7.4,0.00,0.00,0.00,3,100,0,1,100,12.7,358,354,19.3,28.8,1,0.00,1021.5,1007.1
2025-03-26T17:00,10.3,0.00,67,4.4,7.1,0.00,0.00,0.00,2,68,0,0,68,12.7,355,353,18.6,30.6,1,37.20,1021.5,1007.1
2025-03-26T18:00,9.8,0.00,69,4.4,7.1,0.00,0.00,0.00,0,17,0,0,17,8.8,5,2,16.6,29.9,1,3600.00,1021.8,1007.4
2025-03-26T19:00,7.9,0.00,76,4.0,5.6,0.00,0.00,0.00,0,0,0,0,0,5.5,23,23,14.5,18.7,0,281.01,1022.0,1007.5
2025-03-26T20:00,6.7,0.00,80,3.5,4.6,0.00,0.00,0.00,0,0,0,0,0,4.1,28,45,11.4,11.2,0,0.00,1022.4,1007.8
2025-03-26T21:00,6.6,0.00,79,3.2,4.1,0.00,0.00,0.00,0,0,0,0,0,6.5,29,42,16.6,13.3,0,0.00,1022.3,1007.7
2025-03-26T22:00,6.4,0.00,79,3.0,3.8,0.00,0.00,0.00,0,0,0,0,0,7.1,34,38,17.9,14.4,0,0.00,1022.6,1008.0
2025-03-26T23:00,6.0,0.00,81,2.9,3.2,0.00,0.00,0.00,0,0,0,0,0,8.2,39,38,20.0,16.2,0,0.00,1023.0,1008.4
2025-03-27T00:00,5.6,0.00,82,2.8,2.7,0.00,0.00,0.00,0,2,0,0,2,8.4,41,35,19.9,17.3,0,0.00,1022.9,1008.2
2025-03-27T01:00,4.9,0.00,85,2.6,2.0,0.00,0.00,0.00,0,0,0,0,0,8.1,40,32,18.9,16.9,0,0.00,1022.8,1008.1
2025-03-27T02:00,5.7,0.00,84,3.3,3.2,0.00,0.00,0.00,0,12,0,0,12,6.7,45,38,15.1,15.8,0,0.00,1022.7,1008.0
2025-03-27T03:00,5.1,0.00,87,3.0,2.4,0.00,0.00,0.00,2,51,0,0,51,7.2,39,35,15.7,14.0,0,0.00,1022.4,1007.7
2025-03-27T04:00,5.4,0.00,86,3.2,2.7,0.00,0.00,0.00,2,67,0,0,67,7.7,44,39,17.2,15.5,0,0.00,1022.4,1007.7
2025-03-27T05:00,5.8,0.00,84,3.2,3.1,0.00,0.00,0.00,1,22,0,0,22,7.4,57,47,17.1,15.8,0,0.00,1022.3,1007.7
2025-03-27T06:00,4.7,0.00,87,2.8,2.1,0.00,0.00,0.00,0,11,0,0,11,6.2,64,49,14.2,15.1,0,0.00,1022.2,1007.5
2025-03-27T07:00,4.7,0.00,88,2.9,2.0,0.00,0.00,0.00,1,35,0,0,35,7.0,54,42,13.5,14.4,1,106.98,1022.3,1007.6
2025-03-27T08:00,6.5,0.00,85,4.1,4.2,0.00,0.00,0.00,1,41,0,0,41,5.6,49,21,15.2,14.4,1,3600.00,1022.5,1007.9
2025-03-27T09:00,9.2,0.00,74,4.8,7.4,0.00,0.00,0.00,0,11,0,0,11,4.0,44,30,7.0,13.3,1,3600.00,1022.5,1008.0
2025-03-27T10:00,11.0,0.00,60,3.6,8.2,0.00,0.00,0.00,2,69,0,0,69,9.2,73,73,13.2,23.4,1,3600.00,1022.1,1007.7
2025-03-27T11:00,12.3,0.00,53,3.0,9.1,0.00,0.00,0.00,1,30,0,0,30,10.9,76,77,15.2,25.9,1,3600.00,1021.5,1007.2
2025-03-27T12:00,13.3,0.00,50,3.2,10.5,0.00,0.00,0.00,1,23,0,0,23,11.4,74,75,15.7,28.4,1,3600.00,1020.9,1006.7
2025-03-27T13:00,14.1,0.00,47,3.1,11.4,0.00,0.00,0.00,1,22,0,0,22,10.8,73,72,15.3,28.4,1,3600.00,1020.2,1006.0
2025-03-27T14:00,14.2,0.00,48,3.3,12.0,0.00,0.00,0.00,0,6,0,0,6,9.1,80,82,12.8,25.9,1,3600.00,1019.7,1005.5
2025-03-27T15:00,14.5,0.00,48,3.6,11.9,0.00,0.00,0.00,0,8,0,1,8,9.0,83,84,12.9,24.1,1,3600.00,1019.0,1004.8
2025-03-27T16:00,14.4,0.00,48,3.7,11.6,0.00,0.00,0.00,0,6,0,0,6,9.2,87,89,13.2,23.4,1,3600.00,1018.5,1004.3
2025-03-27T17:00,13.9,0.00,51,3.9,11.1,0.00,0.00,0.00,0,4,0,0,4,8.9,94,97,13.5,22.3,1,3600.00,1018.3,1004.1
2025-03-27T18:00,12.4,0.00,63,5.5,10.5,0.00,0.00,0.00,0,0,0,0,0,5.3,106,114,13.1,19.8,1,3600.00,1018.2,1003.9
2025-03-27T19:00,9.9,0.00,72,5.0,8.0,0.00,0.00,0.00,0,0,0,0,0,4.7,96,90,12.9,11.2,0,474.47,1018.2,1003.8
2025-03-27T20:00,8.8,0.00,74,4.5,6.6,0.00,0.00,0.00,0,0,0,0,0,5.9,75,59,14.7,11.9,0,0.00,1018.3,1003.9
2025-03-27T21:00,8.2,0.00,74,3.9,5.5,0.00,0.00,0.00,0,0,0,0,0,8.1,69,53,17.9,15.5,0,0.00,1018.1,1003.6
2025-03-27T22:00,7.2,0.00,78,3.6,4.6,0.00,0.00,0.00,0,0,0,0,0,7.5,95,98,17.9,15.8,0,0.00,1018.2,1003.7
2025-03-27T23:00,6.0,0.00,83,3.3,3.5,0.00,0.00,0.00,0,0,0,0,0,6.9,108,95,17.1,15.5,0,0.00,1018.2,1003.6
2025-03-28T00:00,5.5,0.00,84,3.0,2.8,0.00,0.00,0.00,0,0,0,0,0,7.2,107,90,15.8,14.4,0,0.00,1017.8,1003.2
2025-03-28T01:00,4.5,0.00,88,2.6,1.9,0.00,0.00,0.00,0,0,0,0,0,5.9,107,92,12.1,14.4,0,0.00,1017.4,1002.8
2025-03-28T02:00,4.0,0.00,88,2.1,1.4,0.00,0.00,0.00,0,0,0,0,0,5.6,106,84,10.9,12.6,0,0.00,1016.9,1002.2
2025-03-28T03:00,3.1,0.00,90,1.6,0.5,0.00,0.00,0.00,0,0,0,0,0,5.1,88,73,9.2,11.5,0,0.00,1016.2,1001.5
2025-03-28T04:00,2.4,0.00,91,1.1,-0.2,0.00,0.00,0.00,0,0,0,0,0,4.2,73,70,7.3,10.8,0,0.00,1015.8,1001.1
2025-03-28T05:00,2.0,0.00,92,0.8,-0.6,0.00,0.00,0.00,0,0,0,0,0,3.7,71,67,6.7,9.7,0,0.00,1015.4,1000.7
2025-03-28T06:00,1.7,0.00,92,0.6,-0.8,0.00,0.00,0.00,0,0,0,0,0,3.4,85,87,8.0,9.4,0,0.00,1015.1,1000.3
2025-03-28T07:00,2.5,0.00,90,1.1,-0.1,0.00,0.00,0.00,0,0,0,0,0,4.8,108,110,9.4,9.7,1,474.00,1014.9,1000.2
2025-03-28T08:00,5.7,0.00,82,2.9,3.5,0.00,0.00,0.00,0,0,0,0,0,3.6,109,127,11.6,11.5,1,3600.00,1015.0,1000.5
2025-03-28T09:00,8.5,0.00,73,4.0,6.8,0.00,0.00,0.00,0,0,0,0,0,1.9,105,119,4.8,10.4,1,3600.00,1015.1,1000.7
2025-03-28T10:00,10.6,0.00,68,4.9,9.1,0.00,0.00,0.00,0,0,0,0,0,2.1,115,128,3.4,11.9,1,3600.00,1014.5,1000.2
2025-03-28T11:00,12.4,0.00,60,4.9,11.1,0.00,0.00,0.00,0,0,0,0,0,2.6,125,141,3.7,13.3,1,3600.00,1013.8,999.6
2025-03-28T12:00,13.5,0.00,54,4.5,12.6,0.00,0.00,0.00,0,0,0,0,0,2.7,127,138,3.9,14.0,1,3600.00,1012.7,998.6
2025-03-28T13:00,14.5,0.00,51,4.4,13.8,0.00,0.00,0.00,0,0,0,0,0,2.8,127,140,3.9,14.0,1,3600.00,1011.7,997.6
2025-03-28T14:00,15.5,0.00,51,5.3,14.9,0.00,0.00,0.00,0,0,0,0,0,2.1,222,232,2.2,12.6,1,3600.00,1010.8,996.8
2025-03-28T15:00,15.7,0.00,50,5.4,14.4,0.00,0.00,0.00,0,1,0,0,1,3.7,240,241,4.4,14.4,1,3600.00,1009.9,995.9
2025-03-28T16:00,15.5,0.00,52,5.6,13.7,0.00,0.00,0.00,1,34,31,0,5,4.6,263,259,5.8,15.5,1,3600.00,1009.2,995.2
2025-03-28T17:00,14.9,0.00,55,6.0,13.1,0.00,0.00,0.00,3,100,100,0,7,4.9,283,278,6.6,15.1,1,3600.00,1009.0,995.0
2025-03-28T18:00,13.6,0.00,70,8.3,12.6,0.00,0.00,0.00,3,97,97,0,1,3.6,308,307,8.9,13.0,1,3600.00,1009.2,995.1
2025-03-28T19:00,11.6,0.00,76,7.4,10.2,0.00,0.00,0.00,2,65,47,38,0,5.0,332,345,10.8,9.0,0,0.00,1009.3,995.1
2025-03-28T20:00,10.6,0.00,77,6.7,9.1,0.00,0.00,0.00,3,81,22,76,0,4.8,7,42,8.4,9.4,0,0.00,1009.6,995.4
2025-03-28T21:00,9.8,0.00,80,6.5,8.3,0.00,0.00,0.00,3,100,4,100,0,4.2,5,54,5.8,9.7,0,0.00,1009.5,995.2
2025-03-28T22:00,9.7,0.00,80,6.4,8.3,0.00,0.00,0.00,3,100,15,100,0,3.6,339,41,7.0,7.9,0,0.00,1009.4,995.1
2025-03-28T23:00,10.2,0.00,76,6.1,9.1,0.00,0.00,0.00,3,100,25,100,0,0.9,322,79,6.2,6.5,0,0.00,1009.2,995.0
2025-03-29T00:00,9.7,0.00,78,6.1,8.6,0.00,0.00,0.00,3,100,6,100,0,1.2,268,207,4.5,2.9,0,0.00,1009.4,995.1
2025-03-29T01:00,8.9,0.00,83,6.1,7.3,0.00,0.00,0.00,3,100,47,100,2,3.9,305,294,10.1,7.2,0,0.00,1009.6,995.3
2025-03-29T02:00,9.1,0.00,76,5.2,6.8,0.00,0.00,0.00,3,100,100,100,0,7.7,342,319,18.4,14.4,0,0.00,1009.1,994.8
2025-03-29T03:00,9.2,0.00,74,4.9,6.4,0.00,0.00,0.00,3,100,85,100,0,11.0,351,339,23.2,22.7,0,0.00,1009.2,994.9
2025-03-29T04:00,8.8,0.00,78,5.1,5.8,0.00,0.00,0.00,3,100,97,100,0,12.7,345,339,25.3,26.6,0,0.00,1009.7,995.4
2025-03-29T05:00,8.5,0.00,81,5.4,5.2,0.00,0.00,0.00,3,100,79,100,0,14.6,344,339,27.5,31.0,0,0.00,1010.4,996.1
2025-03-29T06:00,8.0,0.00,83,5.3,4.5,0.00,0.00,0.00,3,100,100,100,0,15.9,349,344,29.0,33.5,0,0.00,1011.4,997.0
2025-03-29T07:00,8.1,0.00,82,5.2,4.4,0.00,0.00,0.00,3,100,100,89,2,17.0,352,347,30.5,36.4,1,0.00,1012.3,997.9
2025-03-29T08:00,8.9,0.00,78,5.3,5.3,0.00,0.00,0.00,3,100,100,100,17,16.8,351,347,27.9,40.7,1,0.00,1013.5,999.1
2025-03-29T09:00,9.5,0.10,77,5.7,5.4,0.10,0.00,0.00,51,100,100,99,44,20.4,356,355,32.3,42.8,1,0.00,1014.4,1000.1
2025-03-29T10:00,10.3,0.00,74,6.0,6.1,0.00,0.00,0.00,3,100,97,99,56,22.0,0,359,33.7,48.2,1,0.00,1015.2,1000.9
2025-03-29T11:00,11.4,0.10,71,6.3,7.6,0.10,0.00,0.00,51,100,100,82,36,20.0,360,358,29.7,48.2,1,1999.86,1015.7,1001.4
2025-03-29T12:00,13.1,0.00,63,6.2,9.6,0.00,0.00,0.00,3,100,98,73,61,17.5,359,357,25.6,44.6,1,3600.00,1016.1,1001.9
2025-03-29T13:00,13.6,0.00,59,5.8,10.1,0.00,0.00,0.00,1,21,0,1,21,16.7,354,352,24.4,40.3,1,3600.00,1016.2,1002.0
2025-03-29T14:00,12.5,0.00,61,5.1,9.0,0.00,0.00,0.00,2,66,48,8,30,15.5,349,347,23.3,37.4,1,0.00,1017.2,1003.0
2025-03-29T15:00,13.5,0.00,56,5.0,9.8,0.00,0.00,0.00,3,100,1,0,100,16.8,344,343,24.3,38.5,1,3600.00,1017.2,1003.0
2025-03-29T16:00,13.0,0.00,58,4.9,9.4,0.00,0.00,0.00,2,73,0,0,73,16.1,342,340,24.0,38.9,1,3600.00,1017.5,1003.3
2025-03-29T17:00,12.5,0.00,58,4.4,9.1,0.00,0.00,0.00,1,49,0,0,49,14.0,345,344,21.2,36.7,1,3600.00,1017.8,1003.6
2025-03-29T18:00,11.9,0.00,63,5.1,9.5,0.00,0.00,0.00,3,91,0,0,91,7.7,341,335,15.8,31.0,1,2921.58,1018.2,1003.9
2025-03-29T19:00,10.4,0.00,70,5.3,8.4,0.00,0.00,0.00,2,79,0,38,79,5.8,339,334,15.4,16.9,0,85.27,1018.8,1004.4
2025-03-29T20:00,9.5,0.00,76,5.5,7.8,0.00,0.00,0.00,0,3,0,0,3,4.2,348,348,12.3,12.2,0,0.00,1019.4,1005.0
2025-03-29T21:00,8.4,0.00,77,4.6,5.9,0.00,0.00,0.00,0,14,0,0,14,7.9,336,336,17.9,14.8,0,0.00,1020.2,1005.7
2025-03-29T22:00,7.6,0.00,78,4.0,5.1,0.00,0.00,0.00,0,0,0,0,0,7.5,353,349,18.0,17.3,0,0.00,1020.6,1006.1
2025-03-29T23:00,6.4,0.00,81,3.4,4.1,0.00,0.00,0.00,0,0,0,0,0,4.9,356,350,13.4,14.8,0,0.00,1020.4,1005.8
2025-03-30T00:00,5.7,0.00,82,2.9,3.2,0.00,0.00,0.00,0,0,0,0,0,5.4,333,334,14.3,10.4,0,0.00,1020.6,1006.0
2025-03-30T01:00,5.2,0.00,83,2.5,2.6,0.00,0.00,0.00,1,26,26,0,0,6.1,333,341,16.3,12.2,0,0.00,1020.8,1006.1
2025-03-30T02:00,5.0,0.00,80,1.7,2.3,0.00,0.00,0.00,3,96,96,0,0,5.4,337,345,14.1,11.5,0,0.00,1020.5,1005.8
2025-03-30T03:00,4.9,0.00,79,1.6,2.2,0.00,0.00,0.00,0,12,12,0,0,5.5,338,349,14.1,11.9,0,0.00,1020.5,1005.8
2025-03-30T04:00,3.9,0.00,81,1.0,1.6,0.00,0.00,0.00,3,99,99,0,0,2.6,298,245,8.4,10.8,0,0.00,1020.4,1005.7
2025-03-30T05:00,3.7,0.00,84,1.3,1.1,0.00,0.00,0.00,3,95,95,0,0,4.5,236,194,9.7,9.0,0,0.00,1020.1,1005.4
2025-03-30T06:00,3.6,0.00,83,0.9,0.6,0.00,0.00,0.00,3,92,91,16,0,6.9,211,185,17.6,14.0,0,0.00,1019.8,1005.1
2025-03-30T07:00,4.0,0.00,82,1.1,0.6,0.00,0.00,0.00,3,100,99,10,0,9.4,218,198,19.8,19.1,1,402.25,1020.1,1005.4
2025-03-30T08:00,5.2,0.00,80,2.0,1.9,0.00,0.00,0.00,3,98,98,0,0,10.2,222,198,27.5,22.7,1,3600.00,1019.8,1005.2
2025-03-30T09:00,7.0,0.00,73,2.5,3.5,0.00,0.00,0.00,3,87,86,9,0,12.6,219,213,20.7,29.2,1,3600.00,1019.5,1005.0
2025-03-30T10:00,9.2,0.00,65,2.9,5.2,0.00,0.00,0.00,3,100,100,85,100,16.1,220,216,24.8,37.4,1,3600.00,1018.6,1004.2
2025-03-30T11:00,10.2,0.00,60,2.8,5.8,0.00,0.00,0.00,3,100,84,95,100,18.4,232,231,28.3,41.0,1,1673.74,1017.9,1003.5
2025-03-30T12:00,10.8,0.00,56,2.2,6.2,0.00,0.00,0.00,3,100,2,100,100,19.4,249,248,30.6,42.5,1,0.00,1017.7,1003.4
2025-03-30T13:00,9.7,0.40,68,4.0,5.9,0.40,0.00,0.00,51,100,1,100,100,16.3,256,254,27.3,42.8,1,0.00,1017.6,1003.2
2025-03-30T14:00,9.7,0.40,76,5.7,6.4,0.40,0.00,0.00,51,100,16,100,99,15.5,269,269,25.7,35.6,1,0.00,1018.3,1003.9
2025-03-30T15:00,9.9,0.00,74,5.5,6.5,0.00,0.00,0.00,2,72,1,17,71,15.8,274,272,25.6,36.0,1,0.00,1018.2,1003.8
2025-03-30T16:00,10.7,0.00,68,5.0,6.8,0.00,0.00,0.00,2,58,0,29,47,18.2,261,261,27.5,39.6,1,1667.93,1017.4,1003.1
2025-03-30T17:00,11.1,0.00,64,4.6,7.0,0.00,0.00,0.00,3,99,0,27,98,19.3,268,267,30.3,44.3,1,3600.00,1017.0,1002.7
2025-03-30T18:00,10.5,0.00,69,5.0,6.8,0.00,0.00,0.00,2,77,0,34,69,17.0,258,257,29.4,42.1,1,1877.52,1017.0,1002.7
2025-03-30T19:00,9.5,0.50,79,6.1,6.3,0.50,0.00,0.00,53,58,0,49,21,15.5,264,265,27.9,37.4,0,0.00,1017.7,1003.3
2025-03-30T20:00,8.5,0.30,87,6.4,5.6,0.30,0.00,0.00,51,22,0,6,18,13.3,276,272,26.6,32.4,0,0.00,1018.8,1004.3
2025-03-30T21:00,8.1,0.00,81,5.1,5.2,0.00,0.00,0.00,1,43,0,29,38,11.9,293,285,25.8,27.4,0,0.00,1019.0,1004.5
2025-03-30T22:00,7.7,0.00,76,3.7,4.9,0.00,0.00,0.00,2,54,0,18,54,9.2,294,286,21.7,24.8,0,0.00,1019.3,1004.8
2025-03-30T23:00,7.2,0.00,78,3.6,4.4,0.00,0.00,0.00,1,48,0,19,47,8.6,293,278,20.5,19.4,0,0.00,1019.9,1005.4
2025-03-31T00:00,6.8,0.00,80,3.6,3.9,0.00,0.00,0.00,3,100,0,100,100,9.4,290,277,21.2,19.8,0,0.00,1020.3,1005.7
2025-03-31T01:00,7.0,0.00,80,3.8,4.0,0.00,0.00,0.00,3,91,0,60,90,10.5,284,276,21.5,22.3,0,0.00,1020.5,1005.9
2025-03-31T02:00,7.4,0.00,72,2.7,3.8,0.00,0.00,0.00,1,27,0,5,26,13.0,321,319,26.3,27.0,0,0.00,1020.4,1005.9
2025-03-31T03:00,7.3,0.00,70,2.1,3.6,0.00,0.00,0.00,3,100,0,2,100,13.0,317,315,25.9,29.2,0,0.00,1020.3,1005.8
2025-03-31T04:00,7.6,0.00,69,2.3,3.8,0.00,0.00,0.00,3,100,0,7,100,13.6,310,307,25.5,29.5,0,0.00,1020.5,1006.0
2025-03-31T05:00,7.4,0.00,71,2.5,3.7,0.00,0.00,0.00,3,100,0,43,100,13.7,307,305,25.6,29.9,0,0.00,1020.8,1006.3
2025-03-31T06:00,7.1,0.00,76,3.1,3.3,0.00,0.00,0.00,3,96,0,18,96,14.6,316,314,26.2,31.7,0,0.00,1021.3,1006.7
2025-03-31T07:00,6.7,0.00,80,3.4,3.0,0.00,0.00,0.00,2,54,0,5,53,14.9,330,328,26.0,32.4,1,0.00,1022.2,1007.6
2025-03-31T08:00,7.1,0.00,76,3.1,3.3,0.00,0.00,0.00,1,28,0,0,28,14.7,329,327,23.4,32.8,1,3600.00,1023.1,1008.5
2025-03-31T09:00,7.8,0.00,73,3.2,3.6,0.00,0.00,0.00,2,77,0,5,77,17.7,338,339,26.2,40.3,1,3600.00,1023.8,1009.2
2025-03-31T10:00,8.3,0.00,69,2.8,4.2,0.00,0.00,0.00,3,92,0,0,92,16.3,341,342,24.3,39.2,1,2621.88,1024.2,1009.7
2025-03-31T11:00,9.1,0.10,65,2.9,5.1,0.10,0.00,0.00,51,75,0,0,75,15.7,339,338,22.7,36.4,1,2323.50,1024.4,1009.9
2025-03-31T12:00,10.0,0.10,59,2.4,6.0,0.10,0.00,0.00,51,93,0,7,93,15.8,342,341,22.8,36.4,1,3600.00,1024.3,1009.8
2025-03-31T13:00,10.5,0.10,54,1.6,6.3,0.10,0.00,0.00,51,100,0,32,100,15.8,344,343,22.8,36.4,1,1520.12,1024.3,1009.9
2025-03-31T14:00,10.8,0.20,54,1.8,6.8,0.20,0.00,0.00,51,89,0,82,66,14.9,341,340,21.7,34.2,1,3600.00,1025.0,1010.6
2025-03-31T15:00,10.7,0.00,52,1.3,6.6,0.00,0.00,0.00,3,95,0,92,60,14.7,343,342,22.3,34.6,1,0.00,1025.0,1010.6
2025-03-31T16:00,11.1,0.00,51,1.3,6.9,0.00,0.00,0.00,2,76,0,60,51,15.4,347,346,23.1,34.9,1,3600.00,1025.0,1010.6
2025-03-31T17:00,11.2,0.00,50,1.0,7.4,0.00,0.00,0.00,3,98,0,97,58,12.5,355,353,19.7,33.8,1,3600.00,1025.0,1010.6
2025-03-31T18:00,10.5,0.00,54,1.7,7.3,0.00,0.00,0.00,1,42,0,39,32,9.2,11,7,17.6,26.3,1,1140.27,1025.1,1010.7
2025-03-31T19:00,8.9,0.00,60,1.5,5.9,0.00,0.00,0.00,0,14,0,12,13,7.8,25,22,18.2,20.2,0,292.67,1025.8,1011.3
2025-03-31T20:00,7.4,0.00,65,1.4,4.3,0.00,0.00,0.00,0,4,0,4,2,8.0,27,28,19.3,16.6,0,0.00,1026.4,1011.8
2025-03-31T21:00,6.6,0.00,69,1.4,3.5,0.00,0.00,0.00,0,5,0,5,0,7.7,36,41,18.8,16.9,0,0.00,1026.6,1011.9
2025-03-31T22:00,5.8,0.00,73,1.4,2.8,0.00,0.00,0.00,0,7,0,7,1,7.5,44,44,18.2,15.8,0,0.00,1026.8,1012.1
2025-03-31T23:00,5.2,0.00,76,1.4,2.3,0.00,0.00,0.00,0,14,0,14,0,6.6,45,43,16.7,15.1,0,0.00,1026.8,1012.1
2025-04-01T00:00,5.0,0.00,77,1.4,2.0,0.00,0.00,0.00,0,0,0,0,0,7.6,45,43,18.5,15.1,0,0.00,1026.6,1011.8
2025-04-01T01:00,4.7,0.00,78,1.2,1.5,0.00,0.00,0.00,0,1,0,1,1,8.3,47,42,20.4,16.9,0,0.00,1026.3,1011.5
2025-04-01T02:00,7.6,0.00,66,1.6,4.5,0.00,0.00,0.00,2,68,0,67,11,8.5,43,36,19.4,17.6,0,0.00,1026.0,1011.4
2025-04-01T03:00,7.1,0.00,68,1.5,3.8,0.00,0.00,0.00,2,73,0,71,63,9.6,49,43,21.3,19.4,0,0.00,1025.7,1011.1
2025-04-01T04:00,6.4,0.00,70,1.3,3.1,0.00,0.00,0.00,0,6,0,6,0,9.5,60,54,21.8,20.2,0,0.00,1025.3,1010.6
2025-04-01T05:00,5.3,0.00,74,1.0,1.9,0.00,0.00,0.00,1,29,0,14,27,9.4,59,54,21.5,19.8,0,0.00,1025.3,1010.6
2025-04-01T06:00,5.5,0.00,74,1.1,1.9,0.00,0.00,0.00,3,81,0,45,80,11.2,58,55,24.7,23.0,0,0.00,1025.3,1010.6
2025-04-01T07:00,6.3,0.00,72,1.7,2.7,0.00,0.00,0.00,0,1,0,1,1,12.1,59,53,23.6,25.6,1,0.00,1025.2,1010.5
2025-04-01T08:00,7.2,0.00,71,2.3,3.5,0.00,0.00,0.00,0,0,0,0,0,13.1,54,52,21.0,27.7,1,3600.00,1025.5,1010.9
2025-04-01T09:00,8.3,0.00,63,1.6,3.8,0.00,0.00,0.00,1,37,0,3,37,18.3,67,66,27.4,40.3,1,3600.00,1025.3,1010.7
2025-04-01T10:00,9.0,0.00,59,1.4,4.3,0.00,0.00,0.00,2,50,0,20,38,18.8,73,73,27.9,41.8,1,3600.00,1025.1,1010.6
2025-04-01T11:00,9.2,0.10,58,1.3,4.5,0.10,0.00,0.00,51,69,0,64,33,18.9,77,77,27.9,43.2,1,3600.00,1024.9,1010.4
2025-04-01T12:00,10.3,0.10,52,1.0,5.7,0.10,0.00,0.00,51,43,0,37,25,18.4,81,81,27.3,42.1,1,3600.00,1024.3,1009.9
2025-04-01T13:00,11.0,0.00,51,1.2,6.2,0.00,0.00,0.00,2,52,0,0,52,19.6,81,80,29.0,45.4,1,3600.00,1024.0,1009.6
2025-04-01T14:00,12.2,0.00,45,0.6,7.3,0.00,0.00,0.00,2,77,0,65,67,20.8,81,80,30.7,46.4,1,3600.00,1023.6,1009.3
2025-04-01T15:00,12.1,0.00,45,0.6,6.9,0.00,0.00,0.00,2,55,1,36,52,21.8,77,77,33.3,47.2,1,3070.96,1023.0,1008.7
2025-04-01T16:00,12.2,0.00,48,1.5,6.9,0.00,0.00,0.00,2,71,0,68,65,23.2,76,76,36.3,52.6,1,3600.00,1022.7,1008.4
2025-04-01T17:00,11.9,0.00,51,2.1,7.2,0.00,0.00,0.00,3,81,0,73,78,20.4,70,69,33.4,50.4,1,2488.55,1022.5,1008.2
2025-04-01T18:00,11.2,0.00,57,2.9,6.9,0.00,0.00,0.00,1,27,0,26,2,18.0,66,63,31.2,44.6,1,3600.00,1022.5,1008.1
2025-04-01T19:00,10.3,0.00,59,2.6,6.3,0.00,0.00,0.00,0,2,0,2,1,15.8,58,54,29.6,38.9,0,527.24,1022.6,1008.2
2025-04-01T20:00,9.4,0.00,58,1.4,5.0,0.00,0.00,0.00,0,0,0,0,0,17.2,60,56,32.4,37.1,0,0.00,1022.8,1008.3
2025-04-01T21:00,8.4,0.00,59,0.8,3.8,0.00,0.00,0.00,0,2,0,0,2,18.1,63,59,34.1,39.2,0,0.00,1023.0,1008.5
2025-04-01T22:00,7.9,0.00,61,0.8,3.2,0.00,0.00,0.00,1,30,30,0,0,18.1,69,65,34.0,39.6,0,0.00,1022.9,1008.4
2025-04-01T23:00,7.5,0.00,63,0.9,2.9,0.00,0.00,0.00,1,40,40,0,0,18.1,73,69,33.8,39.2,0,0.00,1023.0,1008.4
2025-04-02T00:00,7.3,0.00,63,0.8,2.6,0.00,0.00,0.00,1,49,49,0,0,18.3,77,74,34.6,39.6,0,0.00,1022.8,1008.2
2025-04-02T01:00,7.3,0.00,63,0.8,2.5,0.00,0.00,0.00,2,61,61,0,0,19.0,79,77,35.4,41.4,0,0.00,1022.4,1007.8
2025-04-02T02:00,7.8,0.00,62,0.9,3.0,0.00,0.00,0.00,0,3,0,0,3,19.2,78,75,35.3,41.4,0,0.00,1021.9,1007.4
2025-04-02T03:00,7.6,0.00,64,1.2,2.7,0.00,0.00,0.00,0,0,0,0,0,20.1,77,73,36.8,43.6,0,0.00,1021.1,1006.6
2025-04-02T04:00,7.5,0.00,67,1.7,2.9,0.00,0.00,0.00,0,0,0,0,0,18.9,81,79,35.1,43.6,0,0.00,1021.0,1006.5
2025-04-02T05:00,7.4,0.00,69,2.0,2.7,0.00,0.00,0.00,0,0,0,0,0,19.6,83,79,36.1,42.5,0,0.00,1021.1,1006.6
2025-04-02T06:00,7.3,0.00,70,2.2,2.5,0.00,0.00,0.00,0,0,0,0,0,20.9,84,82,38.2,45.4,1,0.00,1021.0,1006.4
2025-04-02T07:00,7.9,0.00,70,2.8,3.1,0.00,0.00,0.00,0,0,0,0,0,21.3,86,85,37.9,46.4,1,1551.66,1021.1,1006.6
2025-04-02T08:00,9.3,0.00,68,3.6,4.9,0.00,0.00,0.00,0,0,0,0,0,20.0,87,86,34.6,50.0,1,3600.00,1021.2,1006.7
2025-04-02T09:00,10.7,0.00,64,4.2,6.3,0.00,0.00,0.00,0,0,0,0,0,20.8,85,84,33.1,46.1,1,3600.00,1021.3,1006.9
2025-04-02T10:00,12.7,0.00,58,4.7,8.3,0.00,0.00,0.00,0,0,0,0,0,21.3,83,81,33.0,47.5,1,3600.00,1020.8,1006.5
2025-04-02T11:00,14.0,0.00,54,4.8,9.8,0.00,0.00,0.00,0,1,0,0,1,22.1,85,84,33.4,50.0,1,3600.00,1020.4,1006.2
2025-04-02T12:00,15.2,0.00,48,4.4,10.6,0.00,0.00,0.00,2,53,0,0,53,26.9,95,95,40.8,60.1,1,3600.00,1020.0,1005.9
2025-04-02T13:00,15.9,0.00,45,4.0,10.8,0.00,0.00,0.00,2,58,0,22,57,25.9,93,92,39.7,60.1,1,3600.00,1019.6,1005.5
2025-04-02T14:00,17.5,0.00,37,2.6,12.6,0.00,0.00,0.00,1,27,0,27,0,23.4,93,91,36.4,56.5,1,3600.00,1018.6,1004.6
2025-04-02T15:00,17.4,0.00,41,3.8,12.5,0.00,0.00,0.00,0,16,1,15,0,24.5,89,88,38.0,54.7,1,3600.00,1018.3,1004.3
2025-04-02T16:00,16.9,0.00,43,4.2,12.0,0.00,0.00,0.00,2,68,28,55,10,23.9,92,91,37.6,54.0,1,3600.00,1018.2,1004.2
2025-04-02T17:00,15.9,0.00,49,5.1,11.5,0.00,0.00,0.00,3,84,83,1,2,22.1,98,97,36.9,52.2,1,3600.00,1018.3,1004.2
2025-04-02T18:00,15.0,0.00,53,5.6,11.2,0.00,0.00,0.00,1,39,38,0,1,18.5,93,91,33.0,47.9,1,3600.00,1018.5,1004.4
2025-04-02T19:00,13.8,0.00,55,5.0,10.1,0.00,0.00,0.00,3,99,99,0,0,16.8,90,86,32.2,40.3,0,1148.15,1018.9,1004.7
2025-04-02T20:00,12.9,0.00,59,5.0,9.4,0.00,0.00,0.00,2,76,76,0,0,15.3,92,87,30.1,36.4,0,0.00,1019.5,1005.3
2025-04-02T21:00,12.4,0.00,59,4.7,8.6,0.00,0.00,0.00,2,72,72,0,0,17.1,90,86,33.1,36.7,0,0.00,1019.9,1005.6
2025-04-02T22:00,12.1,0.00,58,4.2,8.0,0.00,0.00,0.00,3,99,99,0,0,19.0,96,94,35.8,41.0,0,0.00,1020.3,1006.0
2025-04-02T23:00,11.7,0.00,59,3.9,7.7,0.00,0.00,0.00,3,99,99,0,0,17.4,97,96,33.2,41.0,0,0.00,1020.8,1006.5
2025-04-03T00:00,11.2,0.00,61,3.8,7.5,0.00,0.00,0.00,3,87,87,3,0,14.9,94,90,29.6,37.4,0,0.00,1021.3,1006.9
2025-04-03T01:00,10.7,0.00,62,3.8,7.1,0.00,0.00,0.00,2,74,73,22,0,14.4,96,91,28.8,32.4,0,0.00,1021.5,1007.1
2025-04-03T02:00,10.9,0.00,60,3.6,7.0,0.00,0.00,0.00,1,40,39,6,0,16.5,100,97,32.0,36.0,0,0.00,1021.0,1006.6
2025-04-03T03:00,10.5,0.00,62,3.6,6.6,0.00,0.00,0.00,2,54,52,24,0,16.3,99,97,31.9,36.0,0,0.00,1020.9,1006.5
2025-04-03T04:00,10.1,0.00,63,3.4,6.1,0.00,0.00,0.00,1,26,23,16,0,16.7,99,97,32.6,35.6,0,0.00,1021.1,1006.7
2025-04-03T05:00,9.8,0.00,64,3.3,5.5,0.00,0.00,0.00,1,47,30,44,0,18.6,94,93,34.8,39.2,0,0.00,1021.3,1006.9
2025-04-03T06:00,9.6,0.00,65,3.3,5.2,0.00,0.00,0.00,2,52,12,51,0,19.3,94,94,35.9,41.4,1,0.00,1021.7,1007.3
2025-04-03T07:00,9.6,0.00,66,3.6,5.4,0.00,0.00,0.00,1,33,7,32,0,18.7,97,98,34.5,41.0,1,1598.68,1022.6,1008.1
2025-04-03T08:00,10.7,0.00,66,4.6,7.3,0.00,0.00,0.00,1,47,33,31,0,14.2,98,99,30.2,40.7,1,3600.00,1023.0,1008.6
2025-04-03T09:00,12.1,0.00,62,5.0,8.5,0.00,0.00,0.00,1,39,33,10,0,15.8,101,101,25.1,35.3,1,3600.00,1023.6,1009.3
2025-04-03T10:00,13.8,0.00,57,5.3,10.4,0.00,0.00,0.00,0,5,5,0,0,15.0,105,104,22.7,36.4,1,3600.00,1023.6,1009.3
2025-04-03T11:00,15.4,0.00,55,6.3,12.8,0.00,0.00,0.00,0,6,6,0,0,14.0,105,105,20.5,34.9,1,3600.00,1023.4,1009.2
2025-04-03T12:00,16.8,0.00,52,6.9,14.7,0.00,0.00,0.00,0,5,5,0,0,14.5,104,104,21.3,34.9,1,3600.00,1023.2,1009.1
2025-04-03T13:00,17.9,0.00,49,7.1,15.9,0.00,0.00,0.00,0,0,0,0,0,14.8,103,103,21.6,35.6,1,3600.00,1022.7,1008.6
2025-04-03T14:00,19.1,0.00,44,6.4,16.8,0.00,0.00,0.00,0,0,0,0,0,15.0,104,104,22.1,35.3,1,3600.00,1021.8,1007.8
2025-04-03T15:00,19.3,0.00,43,6.3,16.6,0.00,0.00,0.00,0,0,0,0,0,15.0,102,101,22.2,35.3,1,3600.00,1021.4,1007.4
2025-04-03T16:00,19.0,0.00,42,5.9,15.8,0.00,0.00,0.00,0,0,0,0,0,14.7,99,98,22.4,34.6,1,3600.00,1021.1,1007.1
2025-04-03T17:00,18.4,0.00,45,6.4,15.8,0.00,0.00,0.00,0,0,0,0,0,11.5,101,101,20.2,32.8,1,3600.00,1021.1,1007.1
2025-04-03T18:00,16.9,0.00,53,7.3,15.1,0.00,0.00,0.00,0,0,0,0,0,7.2,104,102,17.2,24.8,1,3600.00,1021.5,1007.4
2025-04-03T19:00,14.5,0.00,63,7.5,13.0,0.00,0.00,0.00,0,0,0,0,0,5.8,91,74,15.5,15.1,0,1739.73,1021.7,1007.5
2025-04-03T20:00,12.8,0.00,69,7.2,11.0,0.00,0.00,0.00,0,0,0,0,0,7.7,76,62,17.6,15.5,0,0.00,1022.2,1007.9
2025-04-03T21:00,12.0,0.00,69,6.4,9.8,0.00,0.00,0.00,0,0,0,0,0,8.5,82,69,20.5,16.9,0,0.00,1022.4,1008.1
2025-04-03T22:00,11.5,0.00,65,5.3,9.0,0.00,0.00,0.00,0,0,0,0,0,9.0,90,80,22.1,18.0,0,0.00,1022.5,1008.1
2025-04-03T23:00,11.0,0.00,66,4.9,8.3,0.00,0.00,0.00,0,0,0,0,0,9.8,93,84,23.8,19.4,0,0.00,1022.6,1008.2
2025-04-04T00:00,10.6,0.00,68,4.9,7.8,0.00,0.00,0.00,0,0,0,0,0,10.3,96,89,24.6,20.9,0,0.00,1022.5,1008.1
2025-04-04T01:00,10.1,0.00,70,4.9,7.2,0.00,0.00,0.00,0,0,0,0,0,11.0,94,92,25.6,22.3,0,0.00,1022.3,1007.9
2025-04-04T02:00,10.4,0.00,59,2.6,6.9,0.00,0.00,0.00,0,0,0,0,0,12.1,91,87,28.1,24.5,0,0.00,1021.2,1006.8
2025-04-04T03:00,9.9,0.00,60,2.5,6.6,0.00,0.00,0.00,0,0,0,0,0,11.3,93,89,26.3,24.5,0,0.00,1021.0,1006.6
2025-04-04T04:00,8.8,0.00,65,2.7,5.8,0.00,0.00,0.00,0,0,0,0,0,9.3,96,99,23.0,22.7,0,0.00,1020.9,1006.4
2025-04-04T05:00,7.6,0.00,71,2.7,4.8,0.00,0.00,0.00,0,0,0,0,0,7.6,99,98,20.0,19.1,0,0.00,1021.2,1006.7
2025-04-04T06:00,6.8,0.00,75,2.7,4.0,0.00,0.00,0.00,0,0,0,0,0,7.6,96,87,19.4,15.8,1,0.00,1021.4,1006.8
2025-04-04T07:00,7.4,0.00,76,3.4,4.6,0.00,0.00,0.00,0,0,0,0,0,8.7,92,77,19.1,17.3,1,1982.42,1021.4,1006.8
2025-04-04T08:00,10.4,0.00,70,5.2,8.1,0.00,0.00,0.00,0,0,0,0,0,7.9,90,78,19.1,18.4,1,3600.00,1021.3,1006.9
2025-04-04T09:00,13.5,0.00,62,6.3,11.6,0.00,0.00,0.00,0,0,0,0,0,6.9,88,85,13.2,18.0,1,3600.00,1021.1,1006.9
2025-04-04T10:00,15.8,0.00,56,7.0,13.9,0.00,0.00,0.00,0,0,0,0,0,7.4,90,91,11.2,20.2,1,3600.00,1020.9,1006.8
2025-04-04T11:00,17.7,0.00,51,7.4,16.4,0.00,0.00,0.00,0,0,0,0,0,7.7,90,90,11.3,21.2,1,3600.00,1020.3,1006.3
2025-04-04T12:00,19.0,0.00,44,6.3,17.5,0.00,0.00,0.00,0,0,0,0,0,10.3,96,96,14.8,25.9,1,3600.00,1019.5,1005.5
2025-04-04T13:00,19.7,0.00,41,6.1,18.1,0.00,0.00,0.00,0,0,0,0,0,11.1,97,97,15.8,27.7,1,3600.00,1018.9,1005.0
2025-04-04T14:00,20.7,0.00,38,6.0,19.2,0.00,0.00,0.00,0,0,0,0,0,9.5,98,100,13.4,24.5,1,3600.00,1017.8,1003.9
2025-04-04T15:00,20.8,0.00,40,6.7,19.1,0.00,0.00,0.00,0,0,0,0,0,9.0,98,102,12.7,24.1,1,3600.00,1016.9,1003.1
2025-04-04T16:00,20.7,0.00,41,7.1,18.5,0.00,0.00,0.00,0,0,0,0,0,9.4,98,102,13.4,22.7,1,3600.00,1016.2,1002.4
2025-04-04T17:00,20.1,0.00,47,8.4,18.5,0.00,0.00,0.00,0,0,0,0,0,8.0,101,104,14.1,22.0,1,3600.00,1015.8,1001.9
2025-04-04T18:00,18.3,0.00,59,10.1,17.5,0.00,0.00,0.00,0,0,0,0,0,5.6,86,86,14.4,16.9,1,3600.00,1016.0,1002.1
2025-04-04T19:00,15.9,0.00,62,8.6,14.1,0.00,0.00,0.00,0,0,0,0,0,9.3,62,58,21.6,17.3,1,1829.32,1016.0,1001.9
2025-04-04T20:00,14.6,0.00,61,7.1,12.3,0.00,0.00,0.00,0,0,0,0,0,10.2,64,58,23.9,20.9,0,0.00,1016.2,1002.1
2025-04-04T21:00,13.4,0.00,65,7.0,11.2,0.00,0.00,0.00,0,0,0,0,0,10.0,68,62,23.9,20.5,0,0.00,1016.0,1001.8
2025-04-04T22:00,12.4,0.00,68,6.8,10.3,0.00,0.00,0.00,0,0,0,0,0,8.6,81,74,21.0,20.2,0,0.00,1015.9,1001.7
2025-04-04T23:00,11.3,0.00,73,6.6,9.1,0.00,0.00,0.00,0,0,0,0,0,9.2,84,79,20.6,18.4,0,0.00,1015.8,1001.5
2025-04-05T00:00,10.6,0.00,74,6.2,8.4,0.00,0.00,0.00,0,0,0,0,0,8.3,89,86,20.2,18.4,0,0.00,1015.7,1001.4
2025-04-05T01:00,9.6,0.00,78,6.0,7.8,0.00,0.00,0.00,0,0,0,0,0,5.6,97,94,16.7,16.6,0,0.00,1015.5,1001.1
2025-04-05T02:00,8.5,0.00,78,4.9,6.6,0.00,0.00,0.00,0,0,0,0,0,4.5,86,74,12.6,17.6,0,0.00,1014.9,1000.5
2025-04-05T03:00,7.8,0.00,80,4.5,6.3,0.00,0.00,0.00,0,0,0,0,0,1.1,79,81,1.8,9.0,0,0.00,1014.8,1000.4
2025-04-05T04:00,7.2,0.00,82,4.3,5.5,0.00,0.00,0.00,0,0,0,0,0,2.3,335,58,4.2,5.0,0,0.00,1014.9,1000.4
2025-04-05T05:00,6.6,0.00,83,4.0,4.9,0.00,0.00,0.00,2,55,55,0,0,1.8,343,90,1.9,5.4,0,0.00,1015.0,1000.5
2025-04-05T06:00,6.0,0.00,87,4.0,4.2,0.00,0.00,0.00,0,0,0,0,0,2.6,128,102,2.1,5.4,1,0.00,1015.1,1000.6
2025-04-05T07:00,7.2,0.00,84,4.8,5.6,0.00,0.00,0.00,0,0,0,0,0,2.2,207,90,1.6,5.4,1,2107.35,1015.5,1001.0
2025-04-05T08:00,10.0,0.00,80,6.8,9.1,0.00,0.00,0.00,0,1,1,0,0,0.5,352,270,1.3,6.1,1,3600.00,1015.8,1001.5
2025-04-05T09:00,12.7,0.00,71,7.6,11.7,0.00,0.00,0.00,0,0,0,0,0,2.4,270,257,2.5,11.5,1,3600.00,1015.7,1001.5
2025-04-05T10:00,15.0,0.00,66,8.6,14.0,0.00,0.00,0.00,0,0,0,0,0,4.3,276,270,5.1,15.1,1,3600.00,1015.5,1001.4
2025-04-05T11:00,16.7,0.00,64,9.8,16.3,0.00,0.00,0.00,0,0,0,0,0,6.4,286,280,8.0,19.4,1,3600.00,1015.2,1001.2
2025-04-05T12:00,18.2,0.00,62,10.8,18.3,0.00,0.00,0.00,0,7,6,0,1,8.0,292,286,10.5,22.7,1,3600.00,1014.7,1000.8
2025-04-05T13:00,19.6,0.00,55,10.3,19.4,0.00,0.00,0.00,0,17,15,0,3,8.9,308,299,11.8,24.1,1,3600.00,1014.2,1000.3
2025-04-05T14:00,20.7,0.00,41,6.8,18.7,0.00,0.00,0.00,2,78,77,0,1,13.2,337,332,18.8,31.0,1,3600.00,1013.5,999.7
2025-04-05T15:00,20.2,0.00,41,6.4,17.1,0.00,0.00,0.00,3,92,92,0,0,15.7,350,347,22.8,35.3,1,3600.00,1013.1,999.3
2025-04-05T16:00,19.5,0.00,41,6.0,16.1,0.00,0.00,0.00,3,99,99,1,0,16.2,355,352,24.8,35.6,1,3600.00,1012.9,999.1
2025-04-05T17:00,18.5,0.00,48,7.2,15.6,0.00,0.00,0.00,3,99,99,32,0,15.0,0,357,24.8,36.0,1,3600.00,1013.1,999.2
2025-04-05T18:00,16.7,0.00,55,7.7,14.1,0.00,0.00,0.00,3,100,100,83,0,13.5,27,25,24.9,32.0,1,1625.06,1013.8,999.8
2025-04-05T19:00,14.4,0.00,50,4.0,10.8,0.00,0.00,0.00,3,94,35,91,0,14.4,46,43,27.6,31.3,1,0.00,1014.7,1000.6
2025-04-05T20:00,12.3,0.00,49,2.0,8.2,0.00,0.00,0.00,2,72,0,72,0,15.9,60,58,30.2,33.8,0,0.00,1016.4,1002.2
2025-04-05T21:00,10.9,0.00,50,0.8,6.8,0.00,0.00,0.00,1,21,0,21,0,14.2,62,60,27.8,34.6,0,0.00,1017.2,1002.9
2025-04-05T22:00,9.5,0.00,55,0.8,5.5,0.00,0.00,0.00,0,0,0,0,0,13.2,66,62,26.4,31.0,0,0.00,1018.2,1003.8
2025-04-05T23:00,8.4,0.00,58,0.7,4.5,0.00,0.00,0.00,0,0,0,0,0,12.5,69,65,25.7,28.4,0,0.00,1019.2,1004.7
2025-04-06T00:00,7.6,0.00,59,0.1,3.7,0.00,0.00,0.00,0,0,0,0,0,12.7,73,69,25.9,27.4,0,0.00,1019.8,1005.3
2025-04-06T01:00,7.0,0.00,60,-0.3,2.8,0.00,0.00,0.00,0,0,0,0,0,13.6,72,67,27.0,29.2,0,0.00,1020.6,1006.0
2025-04-06T02:00,7.3,0.00,54,-1.4,2.7,0.00,0.00,0.00,0,0,0,0,0,15.2,76,74,28.9,32.8,0,0.00,1020.3,1005.8
2025-04-06T03:00,6.2,0.00,55,-2.2,1.3,0.00,0.00,0.00,0,8,8,0,0,16.6,77,75,31.0,35.6,0,0.00,1020.8,1006.2
2025-04-06T04:00,4.9,0.00,56,-3.1,-0.0,0.00,0.00,0.00,0,8,8,0,0,16.3,74,71,30.5,36.7,0,0.00,1021.2,1006.5
2025-04-06T05:00,3.8,0.00,57,-3.8,-1.2,0.00,0.00,0.00,0,2,2,0,0,15.9,73,70,29.9,35.3,0,0.00,1021.9,1007.2
2025-04-06T06:00,2.8,0.00,54,-5.7,-2.4,0.00,0.00,0.00,0,2,2,0,0,16.3,74,71,30.7,35.3,1,0.00,1022.8,1008.0
2025-04-06T07:00,2.9,0.00,50,-6.5,-2.4,0.00,0.00,0.00,0,0,0,0,0,16.1,79,76,29.2,36.0,1,2231.87,1023.6,1008.8
2025-04-06T08:00,3.9,0.00,48,-6.2,-1.3,0.00,0.00,0.00,0,0,0,0,0,16.1,78,76,25.8,36.0,1,3600.00,1024.2,1009.4
2025-04-06T09:00,5.3,0.00,43,-6.3,-0.1,0.00,0.00,0.00,0,0,0,0,0,16.8,80,80,25.7,38.5,1,3600.00,1024.5,1009.8
2025-04-06T10:00,6.5,0.00,38,-6.9,1.0,0.00,0.00,0.00,0,0,0,0,0,17.5,82,82,26.0,41.0,1,3600.00,1024.6,1010.0
2025-04-06T11:00,7.5,0.00,38,-6.0,3.0,0.00,0.00,0.00,0,0,0,0,0,15.4,84,84,22.4,40.7,1,3600.00,1024.5,1009.9
2025-04-06T12:00,8.5,0.00,37,-5.4,4.6,0.00,0.00,0.00,0,0,0,0,0,14.1,83,83,20.1,37.1,1,3600.00,1024.2,1009.7
2025-04-06T13:00,9.4,0.00,38,-4.3,6.0,0.00,0.00,0.00,0,0,0,0,0,12.9,81,81,18.4,34.9,1,3600.00,1024.0,1009.5
2025-04-06T14:00,10.0,0.00,35,-4.8,6.7,0.00,0.00,0.00,0,0,0,0,0,11.3,80,82,15.9,30.6,1,3600.00,1023.6,1009.2
2025-04-06T15:00,10.3,0.00,35,-4.6,6.4,0.00,0.00,0.00,0,0,0,0,0,11.7,75,77,16.4,29.5,1,3600.00,1023.1,1008.7
2025-04-06T16:00,10.2,0.00,35,-4.5,5.6,0.00,0.00,0.00,0,0,0,0,0,12.5,71,72,18.0,29.9,1,3600.00,1022.7,1008.3
2025-04-06T17:00,9.5,0.00,37,-4.6,4.8,0.00,0.00,0.00,0,0,0,0,0,13.5,70,71,20.3,30.6,1,3600.00,1022.5,1008.0
2025-04-06T18:00,8.4,0.00,42,-3.7,4.1,0.00,0.00,0.00,0,0,0,0,0,11.5,73,73,20.2,30.6,1,3600.00,1022.9,1008.4
2025-04-06T19:00,6.6,0.00,49,-3.4,2.7,0.00,0.00,0.00,0,0,0,0,0,9.0,75,75,19.7,24.5,1,2007.94,1023.2,1008.6
2025-04-06T20:00,5.3,0.00,55,-3.0,1.6,0.00,0.00,0.00,0,0,0,0,0,7.8,75,68,19.2,18.7,0,0.00,1023.9,1009.2
2025-04-06T21:00,4.7,0.00,58,-2.9,0.9,0.00,0.00,0.00,0,0,0,0,0,8.6,75,67,20.9,18.0,0,0.00,1024.4,1009.7
2025-04-06T22:00,4.1,0.00,60,-2.9,0.1,0.00,0.00,0.00,0,0,0,0,0,10.2,79,73,22.7,20.9,0,0.00,1024.7,1009.9
2025-04-06T23:00,3.6,0.00,60,-3.3,-0.7,0.00,0.00,0.00,0,0,0,0,0,12.0,83,78,25.2,25.2,0,0.00,1025.0,1010.2
2025-04-07T00:00,3.0,0.00,61,-3.9,-1.6,0.00,0.00,0.00,0,0,0,0,0,13.1,81,78,26.6,27.0,0,0.00,1025.0,1010.2
2025-04-07T01:00,2.4,0.00,62,-4.2,-2.2,0.00,0.00,0.00,0,0,0,0,0,13.0,81,80,27.0,27.4,0,0.00,1025.0,1010.1
2025-04-07T02:00,2.6,0.00,53,-5.9,-2.1,0.00,0.00,0.00,0,0,0,0,0,12.5,83,82,27.0,28.8,0,0.00,1024.4,1009.6
2025-04-07T03:00,2.2,0.00,55,-5.9,-2.5,0.00,0.00,0.00,0,0,0,0,0,12.3,85,85,26.6,25.9,0,0.00,1024.2,1009.3
2025-04-07T04:00,1.9,0.00,56,-5.9,-2.7,0.00,0.00,0.00,0,0,0,0,0,11.4,88,87,25.4,25.6,0,0.00,1024.0,1009.1
2025-04-07T05:00,1.6,0.00,58,-5.8,-2.7,0.00,0.00,0.00,0,0,0,0,0,9.7,87,86,23.2,23.8,0,0.00,1024.0,1009.1
2025-04-07T06:00,1.4,0.00,59,-5.7,-2.9,0.00,0.00,0.00,0,0,0,0,0,9.9,86,81,23.3,20.9,1,0.00,1024.4,1009.5
2025-04-07T07:00,2.4,0.00,59,-4.8,-2.1,0.00,0.00,0.00,0,0,0,0,0,11.4,86,83,23.3,24.1,1,2355.87,1025.1,1010.2
2025-04-07T08:00,4.1,0.00,58,-3.4,-0.0,0.00,0.00,0.00,0,0,0,0,0,10.4,91,91,18.0,24.8,1,3600.00,1025.4,1010.6
2025-04-07T09:00,6.0,0.00,51,-3.4,1.3,0.00,0.00,0.00,0,0,0,0,0,13.9,96,96,21.2,32.4,1,3600.00,1025.7,1011.0
2025-04-07T10:00,7.4,0.00,46,-3.6,2.7,0.00,0.00,0.00,0,0,0,0,0,14.5,101,101,21.3,34.6,1,3600.00,1026.0,1011.4
2025-04-07T11:00,8.7,0.00,43,-3.1,4.9,0.00,0.00,0.00,0,0,0,0,0,12.7,98,98,18.2,34.6,1,3600.00,1025.9,1011.3
2025-04-07T12:00,9.9,0.00,43,-2.2,6.9,0.00,0.00,0.00,0,0,0,0,0,11.6,93,94,16.2,31.7,1,3600.00,1025.4,1010.9
2025-04-07T13:00,11.0,0.00,42,-1.6,8.2,0.00,0.00,0.00,0,0,0,0,0,11.1,95,97,15.5,29.9,1,3600.00,1025.1,1010.7
2025-04-07T14:00,11.7,0.00,39,-1.8,8.8,0.00,0.00,0.00,0,0,0,0,0,10.4,103,105,14.8,28.1,1,3600.00,1024.5,1010.1
2025-04-07T15:00,12.0,0.00,40,-1.3,8.7,0.00,0.00,0.00,0,0,0,0,0,10.8,98,100,15.1,27.7,1,3600.00,1024.2,1009.8
2025-04-07T16:00,12.0,0.00,40,-1.1,8.2,0.00,0.00,0.00,0,0,0,0,0,10.5,96,97,15.0,27.4,1,3600.00,1023.9,1009.5
2025-04-07T17:00,11.8,0.00,42,-0.8,8.0,0.00,0.00,0.00,0,0,0,0,0,10.1,88,89,14.8,25.6,1,3600.00,1023.9,1009.5
2025-04-07T18:00,10.8,0.00,49,0.4,7.5,0.00,0.00,0.00,0,0,0,0,0,8.9,84,83,16.7,23.0,1,3600.00,1024.3,1009.9
2025-04-07T19:00,8.7,0.00,56,0.3,5.0,0.00,0.00,0.00,0,0,0,0,0,10.6,71,67,22.6,21.2,1,2096.93,1025.0,1010.5
2025-04-07T20:00,7.4,0.00,57,-0.6,3.7,0.00,0.00,0.00,0,0,0,0,0,10.5,69,65,24.0,23.8,0,0.00,1025.8,1011.2
2025-04-07T21:00,6.5,0.00,60,-0.6,3.0,0.00,0.00,0.00,0,1,1,0,0,8.6,75,70,21.6,21.6,0,0.00,1026.2,1011.5
2025-04-07T22:00,5.9,0.00,62,-0.8,2.4,0.00,0.00,0.00,0,4,4,0,0,8.1,86,78,21.3,17.6,0,0.00,1026.3,1011.6
2025-04-07T23:00,5.6,0.00,61,-1.3,1.8,0.00,0.00,0.00,0,6,6,0,0,10.2,102,97,24.5,20.5,0,0.00,1026.6,1011.9
2025-04-08T00:00,5.0,0.00,63,-1.4,1.3,0.00,0.00,0.00,0,9,9,0,0,9.5,100,89,22.6,20.9,0,0.00,1026.6,1011.8
2025-04-08T01:00,4.4,0.00,66,-1.4,0.8,0.00,0.00,0.00,0,11,11,0,0,8.5,91,85,20.9,19.4,0,0.00,1026.7,1011.9
2025-04-08T02:00,4.2,0.00,63,-2.1,0.5,0.00,0.00,0.00,0,0,0,0,0,8.7,96,84,20.3,17.3,0,0.00,1026.4,1011.6
2025-04-08T03:00,3.6,0.00,66,-2.1,-0.0,0.00,0.00,0.00,0,5,5,0,0,8.3,97,90,20.1,17.3,0,0.00,1026.4,1011.6
2025-04-08T04:00,3.1,0.00,69,-2.0,-0.5,0.00,0.00,0.00,0,4,4,0,0,7.9,97,93,19.8,16.9,0,0.00,1026.3,1011.5
2025-04-08T05:00,2.6,0.00,72,-2.0,-0.9,0.00,0.00,0.00,0,3,3,0,0,7.2,97,91,18.7,15.8,0,0.00,1026.4,1011.5
2025-04-08T06:00,2.2,0.00,74,-2.0,-1.1,0.00,0.00,0.00,0,1,1,0,0,6.1,94,90,17.3,14.4,1,0.00,1026.7,1011.8
2025-04-08T07:00,3.7,0.00,72,-0.9,0.4,0.00,0.00,0.00,0,9,9,0,0,6.9,91,84,16.4,13.7,1,2479.23,1027.2,1012.4
2025-04-08T08:00,7.1,0.00,65,1.1,4.5,0.00,0.00,0.00,1,21,21,0,0,4.4,89,78,14.0,14.0,1,3600.00,1027.5,1012.8
2025-04-08T09:00,9.8,0.00,54,1.0,7.2,0.00,0.00,0.00,1,34,34,0,0,4.2,102,110,7.0,13.3,1,3600.00,1027.8,1013.3
2025-04-08T10:00,11.4,0.00,48,0.7,8.1,0.00,0.00,0.00,2,53,53,0,0,8.5,111,115,12.3,22.3,1,3600.00,1028.0,1013.6
2025-04-08T11:00,12.3,0.00,43,0.2,9.0,0.00,0.00,0.00,3,90,90,0,0,12.2,109,112,17.3,29.9,1,3600.00,1027.8,1013.4
2025-04-08T12:00,12.9,0.00,44,1.1,10.2,0.00,0.00,0.00,3,86,86,0,1,12.3,108,111,17.4,31.7,1,3600.00,1027.2,1012.8
2025-04-08T13:00,14.2,0.00,42,1.4,12.1,0.00,0.00,0.00,2,60,56,0,8,9.5,111,115,13.3,31.0,1,3600.00,1026.6,1012.3
2025-04-08T14:00,14.7,0.00,41,1.7,12.4,0.00,0.00,0.00,1,30,30,0,0,10.2,109,113,14.1,27.4,1,3600.00,1025.6,1011.4
2025-04-08T15:00,15.0,0.00,42,2.1,12.3,0.00,0.00,0.00,1,43,43,0,0,10.1,110,114,14.0,26.3,1,3600.00,1024.9,1010.7
2025-04-08T16:00,15.0,0.00,43,2.4,11.8,0.00,0.00,0.00,3,81,81,1,2,10.0,106,110,14.1,25.6,1,3600.00,1024.2,1010.0
2025-04-08T17:00,14.5,0.00,44,2.4,11.4,0.00,0.00,0.00,3,100,100,1,1,9.0,103,105,13.3,24.1,1,3600.00,1023.8,1009.6
2025-04-08T18:00,13.3,0.00,56,4.8,11.4,0.00,0.00,0.00,3,100,100,9,1,4.5,94,92,11.0,19.8,1,3600.00,1023.9,1009.6
2025-04-08T19:00,11.2,0.00,62,4.1,8.9,0.00,0.00,0.00,3,100,100,0,0,6.2,58,52,15.3,11.5,1,965.06,1023.9,1009.5
2025-04-08T20:00,9.9,0.00,56,1.5,6.6,0.00,0.00,0.00,3,100,100,0,0,9.4,62,59,22.5,19.4,0,0.00,1024.3,1009.8
2025-04-08T21:00,8.7,0.00,58,1.0,5.6,0.00,0.00,0.00,3,99,99,0,0,7.8,70,64,20.4,18.7,0,0.00,1024.1,1009.6
2025-04-08T22:00,8.1,0.00,58,0.4,4.8,0.00,0.00,0.00,3,100,100,0,0,8.6,85,80,22.2,16.9,0,0.00,1023.8,1009.3
2025-04-08T23:00,7.4,0.00,60,0.2,4.0,0.00,0.00,0.00,3,86,86,0,0,9.0,91,85,22.3,18.0,0,0.00,1023.7,1009.1
2025-04-09T00:00,6.9,0.00,62,0.2,3.5,0.00,0.00,0.00,2,53,53,0,0,9.2,95,90,22.4,18.4,0,0.00,1023.5,1008.9
2025-04-09T01:00,6.1,0.00,66,0.3,2.9,0.00,0.00,0.00,1,43,42,3,0,7.6,101,98,20.2,18.4,0,0.00,1023.4,1008.8
2025-04-09T02:00,6.5,0.00,61,-0.5,3.1,0.00,0.00,0.00,1,42,40,12,0,8.5,101,94,22.2,20.9,0,0.00,1022.5,1007.9
2025-04-09T03:00,5.2,0.00,68,-0.1,2.3,0.00,0.00,0.00,1,46,45,8,0,5.4,96,82,16.8,17.3,0,0.00,1022.5,1007.8
2025-04-09T04:00,4.0,0.00,75,0.0,1.3,0.00,0.00,0.00,2,63,63,5,0,3.9,88,66,10.4,11.2,0,0.00,1022.5,1007.8
2025-04-09T05:00,3.2,0.00,80,0.1,0.4,0.00,0.00,0.00,3,84,84,32,0,4.5,66,67,6.7,9.4,0,0.00,1022.5,1007.7
2025-04-09T06:00,2.6,0.00,83,0.1,-0.2,0.00,0.00,0.00,2,55,52,37,0,5.1,76,80,6.9,10.4,1,0.00,1022.3,1007.5
2025-04-09T07:00,4.1,0.00,81,1.2,1.4,0.00,0.00,0.00,1,47,44,34,0,5.3,79,82,5.9,10.8,1,2601.82,1022.6,1007.9
2025-04-09T08:00,7.8,0.00,73,3.3,5.9,0.00,0.00,0.00,1,32,29,20,0,2.4,90,107,4.9,10.4,1,3600.00,1022.9,1008.3
2025-04-09T09:00,10.6,0.00,60,3.1,8.9,0.00,0.00,0.00,0,6,6,0,0,0.4,108,207,1.1,9.0,1,3600.00,1023.2,1008.8
2025-04-09T10:00,12.4,0.00,55,3.7,10.6,0.00,0.00,0.00,1,47,31,43,0,2.0,270,265,2.2,11.9,1,3600.00,1023.2,1008.9
2025-04-09T11:00,13.8,0.00,52,4.0,12.2,0.00,0.00,0.00,0,11,8,2,2,4.0,289,280,5.0,15.8,1,3600.00,1023.2,1008.9
2025-04-09T12:00,14.9,0.00,47,3.7,13.1,0.00,0.00,0.00,1,30,0,30,0,7.5,284,278,9.5,21.6,1,3600.00,1022.8,1008.6
2025-04-09T13:00,15.1,0.00,44,3.1,12.0,0.00,0.00,0.00,2,55,0,55,0,10.6,294,289,14.3,27.4,1,3600.00,1022.7,1008.5
2025-04-09T14:00,15.5,0.00,41,2.4,12.4,0.00,0.00,0.00,3,94,0,94,14,9.1,294,285,12.6,24.1,1,3600.00,1022.4,1008.2
2025-04-09T15:00,16.3,0.00,40,2.7,13.8,0.00,0.00,0.00,3,91,0,91,1,5.5,323,314,8.1,23.0,1,3600.00,1021.8,1007.7
2025-04-09T16:00,16.2,0.00,39,2.3,13.9,0.00,0.00,0.00,1,48,0,48,0,3.7,25,39,6.0,15.8,1,3600.00,1021.6,1007.5
2025-04-09T17:00,16.1,0.00,39,2.2,13.3,0.00,0.00,0.00,1,30,0,30,0,6.8,9,11,10.7,15.5,1,3600.00,1021.7,1007.6
2025-04-09T18:00,14.6,0.00,54,5.4,12.7,0.00,0.00,0.00,0,0,0,0,0,4.9,360,354,11.7,15.8,1,3600.00,1022.4,1008.2
2025-04-09T19:00,12.2,0.00,60,4.7,10.1,0.00,0.00,0.00,0,4,0,4,0,5.9,11,11,14.7,11.9,1,2274.23,1022.9,1008.6
2025-04-09T20:00,10.5,0.00,69,5.1,8.3,0.00,0.00,0.00,1,38,30,11,1,6.7,59,66,13.2,13.3,0,0.00,1023.5,1009.1
2025-04-09T21:00,8.9,0.00,82,6.0,6.9,0.00,0.00,0.00,3,98,98,0,1,6.7,111,90,13.1,13.3,0,0.00,1023.9,1009.4
2025-04-09T22:00,7.5,0.00,88,5.6,5.9,0.00,0.00,0.00,3,99,99,1,3,3.2,129,74,8.1,13.0,0,0.00,1024.3,1009.7
2025-04-09T23:00,7.0,0.00,86,4.9,5.2,0.00,0.00,0.00,3,99,99,0,8,3.3,325,36,6.8,7.2,0,0.00,1024.9,1010.3
2025-04-10T00:00,7.1,0.00,78,3.5,4.5,0.00,0.00,0.00,3,100,100,0,0,7.3,354,16,17.6,13.0,0,0.00,1025.1,1010.5
2025-04-10T01:00,7.4,0.00,74,3.0,4.2,0.00,0.00,0.00,3,100,100,0,0,10.8,15,11,24.2,20.9,0,0.00,1025.6,1011.0
2025-04-10T02:00,8.0,0.00,69,2.6,5.2,0.00,0.00,0.00,3,100,100,0,0,7.8,11,8,20.7,20.5,0,0.00,1025.0,1010.4
2025-04-10T03:00,7.8,0.00,71,2.8,5.1,0.00,0.00,0.00,3,99,98,4,0,7.4,2,353,19.1,16.2,0,0.00,1025.3,1010.7
2025-04-10T04:00,7.2,0.00,75,3.0,4.3,0.00,0.00,0.00,3,98,98,1,0,8.5,345,339,19.9,16.9,0,0.00,1025.6,1011.0
2025-04-10T05:00,6.4,0.00,79,3.0,3.4,0.00,0.00,0.00,3,86,86,0,0,9.1,358,350,20.5,18.4,0,0.00,1026.0,1011.3
2025-04-10T06:00,5.5,0.00,84,2.9,2.5,0.00,0.00,0.00,2,66,66,0,0,9.0,3,357,19.6,18.4,1,0.00,1026.7,1012.0
2025-04-10T07:00,6.0,0.00,83,3.4,3.2,0.00,0.00,0.00,1,28,28,0,0,8.5,5,355,18.1,18.4,1,2723.52,1027.6,1012.9
2025-04-10T08:00,7.3,0.00,77,3.6,4.5,0.00,0.00,0.00,0,8,7,0,1,9.0,356,350,13.4,21.6,1,3600.00,1027.7,1013.1
2025-04-10T09:00,8.7,0.00,69,3.3,5.5,0.00,0.00,0.00,2,65,2,0,65,11.0,360,357,15.5,27.0,1,3600.00,1028.1,1013.5
2025-04-10T10:00,9.7,0.00,64,3.3,6.6,0.00,0.00,0.00,2,67,16,0,61,10.2,357,353,13.9,27.4,1,3600.00,1028.2,1013.7
2025-04-10T11:00,10.5,0.00,61,3.4,7.7,0.00,0.00,0.00,3,85,35,0,77,8.6,348,345,11.6,26.3,1,3600.00,1028.0,1013.5
2025-04-10T12:00,11.3,0.00,58,3.4,8.9,0.00,0.00,0.00,3,92,74,0,69,8.5,330,325,11.5,24.5,1,3600.00,1027.6,1013.2
2025-04-10T13:00,11.5,0.00,58,3.5,8.8,0.00,0.00,0.00,1,39,4,0,37,9.9,331,328,13.6,27.0,1,3600.00,1027.5,1013.1
2025-04-10T14:00,11.7,0.00,56,3.3,9.2,0.00,0.00,0.00,0,5,0,0,5,11.0,335,332,15.1,29.2,1,3600.00,1027.0,1012.6
2025-04-10T15:00,11.9,0.00,56,3.5,9.1,0.00,0.00,0.00,0,6,0,0,6,12.0,340,338,16.6,30.6,1,3600.00,1026.5,1012.1
2025-04-10T16:00,11.9,0.00,57,3.6,8.7,0.00,0.00,0.00,0,1,0,0,1,11.6,345,342,16.2,30.2,1,3600.00,1026.1,1011.7
2025-04-10T17:00,11.7,0.00,58,3.7,8.7,0.00,0.00,0.00,0,3,0,0,3,9.8,346,342,13.9,28.1,1,3600.00,1025.8,1011.4
2025-04-10T18:00,11.1,0.00,62,4.0,8.4,0.00,0.00,0.00,0,5,0,0,5,8.2,344,337,13.3,23.4,1,3600.00,1025.8,1011.4
2025-04-10T19:00,9.6,0.00,71,4.6,7.5,0.00,0.00,0.00,0,4,0,0,4,5.5,345,337,13.4,17.6,1,2362.49,1025.6,1011.1
2025-04-10T20:00,8.2,0.00,77,4.4,6.2,0.00,0.00,0.00,0,2,0,0,2,4.5,13,16,11.3,10.8,0,0.00,1026.1,1011.5
2025-04-10T21:00,7.1,0.00,81,4.0,5.1,0.00,0.00,0.00,0,1,0,0,1,3.6,28,57,7.7,8.6,0,0.00,1026.0,1011.4
2025-04-10T22:00,6.1,0.00,84,3.6,4.3,0.00,0.00,0.00,0,0,0,0,0,1.9,343,73,4.3,6.5,0,0.00,1025.9,1011.2
2025-04-10T23:00,5.8,0.00,83,3.1,3.9,0.00,0.00,0.00,0,0,0,0,0,1.6,309,27,7.9,4.0,0,0.00,1026.0,1011.3
2025-04-11T00:00,5.6,0.00,82,2.8,3.6,0.00,0.00,0.00,0,0,0,0,0,1.8,332,6,7.6,4.3,0,0.00,1025.8,1011.1
2025-04-11T01:00,5.3,0.00,83,2.6,3.3,0.00,0.00,0.00,0,0,0,0,0,1.8,346,360,7.6,4.3,0,0.00,1025.5,1010.8
2025-04-11T02:00,4.5,0.00,82,1.7,2.4,0.00,0.00,0.00,0,0,0,0,0,1.8,344,24,7.9,5.4,0,0.00,1024.7,1009.9
2025-04-11T03:00,4.4,0.00,81,1.5,2.4,0.00,0.00,0.00,0,0,0,0,0,0.9,333,37,6.0,4.3,0,0.00,1024.2,1009.5
2025-04-11T04:00,4.3,0.00,82,1.5,2.3,0.00,0.00,0.00,0,0,0,0,0,0.6,330,56,5.8,3.2,0,0.00,1023.9,1009.1
2025-04-11T05:00,4.0,0.00,83,1.3,1.9,0.00,0.00,0.00,0,0,0,0,0,1.3,337,45,6.5,3.6,0,0.00,1023.7,1008.9
2025-04-11T06:00,3.8,0.00,82,1.1,1.7,0.00,0.00,0.00,0,0,0,0,0,1.3,333,45,7.2,4.7,1,0.00,1023.7,1008.9
2025-04-11T07:00,5.5,0.00,80,2.2,3.5,0.00,0.00,0.00,0,0,0,0,0,1.3,306,188,4.9,4.0,1,2844.23,1023.8,1009.1
2025-04-11T08:00,7.3,0.00,78,3.8,5.6,0.00,0.00,0.00,0,0,0,0,0,1.9,293,248,4.5,9.4,1,3600.00,1023.8,1009.2
2025-04-11T09:00,9.4,0.00,72,4.6,7.6,0.00,0.00,0.00,0,0,0,0,0,3.6,280,273,4.9,13.7,1,3600.00,1023.7,1009.2
2025-04-11T10:00,11.3,0.00,67,5.4,9.4,0.00,0.00,0.00,1,23,23,0,0,5.4,274,272,7.2,18.0,1,3600.00,1023.3,1008.9
2025-04-11T11:00,13.1,0.00,62,5.9,11.9,0.00,0.00,0.00,0,5,5,0,0,5.9,273,270,8.1,19.8,1,3600.00,1022.7,1008.4
2025-04-11T12:00,14.6,0.00,56,6.0,14.0,0.00,0.00,0.00,0,0,0,0,0,6.0,299,297,8.1,20.2,1,3600.00,1022.3,1008.1
2025-04-11T13:00,16.0,0.00,50,5.6,15.3,0.00,0.00,0.00,0,0,0,0,0,6.4,305,302,8.8,20.5,1,3600.00,1021.7,1007.6
2025-04-11T14:00,17.4,0.00,41,3.9,16.1,0.00,0.00,0.00,0,2,2,0,0,6.9,310,307,9.6,20.9,1,3600.00,1020.4,1006.4
2025-04-11T15:00,17.9,0.00,39,3.6,16.0,0.00,0.00,0.00,0,12,12,0,0,7.6,316,315,10.6,20.9,1,3600.00,1019.7,1005.7
2025-04-11T16:00,18.0,0.00,39,3.9,15.3,0.00,0.00,0.00,1,21,21,0,0,8.3,328,327,11.7,21.2,1,3600.00,1019.1,1005.1
2025-04-11T17:00,17.4,0.00,45,5.2,15.0,0.00,0.00,0.00,0,9,9,0,0,8.4,336,337,12.4,20.9,1,3600.00,1018.7,1004.7
2025-04-11T18:00,16.3,0.00,57,7.8,15.0,0.00,0.00,0.00,1,33,33,0,0,4.9,345,343,11.6,18.7,1,3600.00,1018.8,1004.7
2025-04-11T19:00,13.8,0.00,64,7.2,12.5,0.00,0.00,0.00,3,100,100,0,0,3.9,336,347,11.6,10.1,1,2450.49,1018.5,1004.3
2025-04-11T20:00,12.6,0.00,63,5.8,10.8,0.00,0.00,0.00,3,96,96,0,0,5.2,340,360,13.9,9.7,0,0.00,1018.9,1004.6
2025-04-11T21:00,11.8,0.00,66,5.7,9.9,0.00,0.00,0.00,3,100,100,0,0,5.4,359,15,14.4,10.4,0,0.00,1018.9,1004.6
2025-04-11T22:00,10.7,0.00,71,5.6,8.8,0.00,0.00,0.00,3,100,100,0,0,5.5,14,38,13.9,11.2,0,0.00,1018.8,1004.5
2025-04-11T23:00,9.3,0.00,76,5.2,7.4,0.00,0.00,0.00,3,96,96,0,0,5.4,34,53,12.8,11.2,0,0.00,1018.5,1004.1
2025-04-12T00:00,8.0,0.00,81,4.9,6.1,0.00,0.00,0.00,3,99,99,0,0,4.1,57,61,9.2,10.4,0,0.00,1018.0,1003.5
2025-04-12T01:00,7.0,0.00,85,4.6,4.8,0.00,0.00,0.00,3,98,98,0,0,6.0,87,83,10.3,11.9,0,0.00,1017.8,1003.3
2025-04-12T02:00,8.3,0.00,75,4.1,5.8,0.00,0.00,0.00,2,71,71,0,0,7.4,92,94,18.5,15.1,0,0.00,1016.8,1002.4
2025-04-12T03:00,8.0,0.00,75,3.9,5.4,0.00,0.00,0.00,1,25,25,0,0,8.3,94,91,21.3,16.6,0,0.00,1016.3,1001.9
2025-04-12T04:00,8.0,0.00,72,3.4,5.2,0.00,0.00,0.00,0,11,11,0,0,8.5,97,90,22.3,17.3,0,0.00,1015.8,1001.4
2025-04-12T05:00,7.9,0.00,71,3.0,5.2,0.00,0.00,0.00,0,1,1,0,0,7.6,96,87,21.7,16.9,0,0.00,1015.4,1001.0
2025-04-12T06:00,7.6,0.00,72,2.8,4.9,0.00,0.00,0.00,0,0,0,0,0,6.7,96,88,20.3,15.5,1,0.00,1015.2,1000.7
2025-04-12T07:00,9.4,0.00,68,3.7,6.8,0.00,0.00,0.00,0,0,0,0,0,7.7,98,91,20.9,15.5,1,2963.81,1015.0,1000.6
2025-04-12T08:00,12.5,0.00,62,5.4,10.2,0.00,0.00,0.00,0,0,0,0,0,8.0,100,108,20.1,17.3,1,3600.00,1014.7,1000.5
2025-04-12T09:00,15.0,0.00,54,5.7,12.9,0.00,0.00,0.00,0,0,0,0,0,6.8,104,108,12.4,18.0,1,3600.00,1014.4,1000.3
2025-04-12T10:00,16.9,0.00,48,5.9,14.5,0.00,0.00,0.00,0,18,18,0,0,9.8,107,108,14.9,24.5,1,3600.00,1014.0,1000.0
2025-04-12T11:00,18.5,0.00,43,5.7,16.5,0.00,0.00,0.00,1,41,41,0,0,11.3,108,108,16.5,27.7,1,3600.00,1013.3,999.4
2025-04-12T12:00,19.7,0.00,39,5.3,17.9,0.00,0.00,0.00,2,66,66,0,0,12.1,107,108,17.4,29.9,1,3600.00,1012.5,998.7
2025-04-12T13:00,20.6,0.00,39,6.2,19.0,0.00,0.00,0.00,3,97,97,0,0,12.6,103,103,17.9,30.6,1,3600.00,1011.8,998.0
2025-04-12T14:00,21.8,0.00,35,5.6,20.2,0.00,0.00,0.00,3,90,90,0,0,11.1,106,107,15.7,27.7,1,3600.00,1010.6,996.9
2025-04-12T15:00,21.9,0.00,37,6.5,20.0,0.00,0.00,0.00,3,80,80,0,0,11.1,116,117,15.9,28.1,1,3600.00,1009.9,996.2
2025-04-12T16:00,21.7,0.00,39,7.1,19.3,0.00,0.00,0.00,3,81,81,0,0,11.7,112,110,16.9,27.0,1,3600.00,1009.1,995.4
2025-04-12T17:00,21.2,0.00,43,8.2,19.0,0.00,0.00,0.00,3,86,86,0,0,11.6,100,97,18.8,28.1,1,3600.00,1007.9,994.2
2025-04-12T18:00,19.6,0.00,53,9.7,18.3,0.00,0.00,0.00,2,50,50,0,0,8.8,95,88,19.0,24.5,1,3600.00,1007.6,993.8
2025-04-12T19:00,17.2,0.00,59,9.1,15.6,0.00,0.00,0.00,1,42,42,0,0,9.5,99,89,23.5,19.1,1,2538.18,1007.1,993.2
2025-04-12T20:00,16.1,0.00,58,8.0,13.8,0.00,0.00,0.00,1,28,16,24,0,12.4,103,93,29.0,25.2,0,0.00,1007.1,993.2
2025-04-12T21:00,15.3,0.00,62,8.0,12.9,0.00,0.00,0.00,0,8,7,2,0,12.2,113,104,28.7,25.6,0,0.00,1007.1,993.1
2025-04-12T22:00,14.3,0.00,66,8.1,11.9,0.00,0.00,0.00,3,100,100,19,0,13.1,121,109,28.4,26.6,0,0.00,1007.3,993.3
2025-04-12T23:00,13.8,0.00,68,8.0,11.3,0.00,0.00,0.00,3,87,74,52,0,13.1,124,111,28.6,28.1,0,0.00,1006.9,992.9
2025-04-13T00:00,12.6,0.00,73,8.0,10.6,0.00,0.00,0.00,2,63,41,38,0,10.1,137,117,22.9,27.0,0,0.00,1007.2,993.1
2025-04-13T01:00,11.8,0.00,78,8.0,10.2,0.00,0.00,0.00,3,100,99,100,0,7.0,162,116,14.2,19.8,0,0.00,1007.3,993.2
2025-04-13T02:00,13.3,0.00,73,8.5,12.2,0.00,0.00,0.00,3,100,100,90,0,4.4,229,201,15.2,17.3,0,0.00,1006.7,992.6
2025-04-13T03:00,13.8,0.00,70,8.5,13.2,0.00,0.00,0.00,3,100,100,78,1,1.5,261,249,12.2,11.5,0,0.00,1006.5,992.5
2025-04-13T04:00,13.6,0.00,71,8.4,12.3,0.00,0.00,0.00,3,96,93,57,2,5.9,195,140,12.7,11.9,0,0.00,1006.1,992.1
2025-04-13T05:00,12.7,0.00,73,8.1,11.0,0.00,0.00,0.00,3,92,56,84,0,8.6,202,172,22.0,18.4,0,0.00,1006.5,992.4
2025-04-13T06:00,13.5,0.00,66,7.3,10.8,0.00,0.00,0.00,2,65,51,36,2,13.6,222,219,29.1,28.4,1,0.00,1007.2,993.2
2025-04-13T07:00,13.9,0.00,69,8.4,11.2,0.00,0.00,0.00,3,100,97,100,2,15.0,225,222,28.6,32.4,1,2722.46,1007.9,993.9
2025-04-13T08:00,14.0,0.10,75,9.6,11.6,0.10,0.00,0.00,51,99,90,94,2,15.7,233,230,27.9,34.6,1,0.00,1008.4,994.4
2025-04-13T09:00,14.7,0.10,76,10.4,12.8,0.10,0.00,0.00,51,100,99,92,5,13.5,224,222,21.6,34.2,1,2383.98,1009.1,995.1
2025-04-13T10:00,15.2,0.00,73,10.5,13.4,0.00,0.00,0.00,3,88,87,12,3,13.8,214,209,21.0,32.0,1,259.21,1008.9,994.9
2025-04-13T11:00,17.3,0.00,62,9.9,14.5,0.00,0.00,0.00,3,98,94,17,57,20.2,232,231,29.2,45.7,1,3600.00,1008.6,994.7
2025-04-13T12:00,17.7,0.00,59,9.6,15.0,0.00,0.00,0.00,3,99,94,51,76,17.6,230,230,25.8,45.7,1,3600.00,1008.8,994.9
2025-04-13T13:00,18.0,0.00,57,9.4,15.4,0.00,0.00,0.00,3,96,70,53,72,16.5,230,229,24.5,40.0,1,1032.44,1008.6,994.8
2025-04-13T14:00,18.2,0.10,56,9.2,15.9,0.10,0.00,0.00,51,81,75,17,15,16.9,227,227,24.2,38.9,1,3600.00,1008.7,994.9
2025-04-13T15:00,18.9,0.10,51,8.5,16.1,0.10,0.00,0.00,51,91,88,18,9,17.4,228,229,25.2,40.7,1,3600.00,1008.4,994.6
2025-04-13T16:00,18.8,0.00,50,8.1,15.9,0.00,0.00,0.00,3,89,86,15,12,16.3,229,228,24.2,40.0,1,3600.00,1008.1,994.3
2025-04-13T17:00,19.0,0.00,48,7.9,16.2,0.00,0.00,0.00,3,100,100,11,30,15.7,233,232,23.8,36.7,1,3600.00,1007.8,994.0
2025-04-13T18:00,18.2,0.00,53,8.4,16.0,0.00,0.00,0.00,3,85,83,0,8,11.8,238,237,20.1,34.6,1,3600.00,1007.7,993.9
2025-04-13T19:00,16.4,0.00,62,9.0,15.0,0.00,0.00,0.00,0,19,12,1,7,7.8,250,244,17.8,24.8,1,811.27,1008.2,994.3
2025-04-13T20:00,14.9,0.00,69,9.3,13.6,0.00,0.00,0.00,3,93,90,7,25,7.5,258,250,18.0,15.8,0,0.00,1009.3,995.3
2025-04-13T21:00,13.7,0.00,77,9.7,13.0,0.00,0.00,0.00,3,96,92,25,52,4.2,256,239,12.3,15.1,0,0.00,1010.0,995.9
2025-04-13T22:00,13.6,0.00,76,9.5,13.3,0.00,0.00,0.00,3,95,45,70,90,1.5,267,240,7.6,8.6,0,0.00,1010.2,996.1
2025-04-13T23:00,13.2,0.00,78,9.4,12.8,0.00,0.00,0.00,3,98,64,95,57,1.8,262,217,6.5,4.7,0,0.00,1010.5,996.4
2025-04-14T00:00,12.6,0.00,81,9.3,12.0,0.00,0.00,0.00,3,99,96,69,56,2.6,238,192,7.4,5.4,0,0.00,1010.5,996.4
2025-04-14T01:00,12.2,0.00,82,9.1,11.7,0.00,0.00,0.00,1,46,46,0,0,1.4,240,180,7.1,5.4,0,0.00,1010.5,996.3
2025-04-14T02:00,11.3,0.00,76,7.1,10.4,0.00,0.00,0.00,3,100,100,7,17,0.9,284,127,0.7,3.2,0,0.00,1010.2,996.0
2025-04-14T03:00,10.2,0.00,83,7.4,8.9,0.00,0.00,0.00,3,100,100,25,36,4.2,198,168,6.8,7.6,0,0.00,1010.5,996.2
2025-04-14T04:00,10.3,0.00,84,7.8,8.9,0.00,0.00,0.00,3,100,100,79,100,5.1,191,148,10.1,9.7,0,0.00,1010.9,996.6
2025-04-14T05:00,10.5,0.00,85,8.0,9.0,0.00,0.00,0.00,3,100,100,30,75,7.0,178,138,14.1,13.7,0,0.00,1011.0,996.8
2025-04-14T06:00,10.6,0.00,85,8.2,9.1,0.00,0.00,0.00,3,98,98,2,18,6.8,175,143,15.2,14.0,1,0.00,1011.0,996.8
2025-04-14T07:00,11.4,0.00,84,8.9,10.2,0.00,0.00,0.00,3,83,29,28,67,5.9,181,145,12.1,13.3,1,2022.00,1011.6,997.4
2025-04-14T08:00,12.9,0.00,79,9.4,11.9,0.00,0.00,0.00,1,38,0,11,34,5.7,162,139,9.7,14.8,1,3600.00,1011.8,997.7
2025-04-14T09:00,15.0,0.00,69,9.5,14.2,0.00,0.00,0.00,0,5,0,0,5,4.8,157,151,6.5,16.6,1,3600.00,1011.8,997.8
2025-04-14T10:00,16.7,0.00,61,9.1,15.9,0.00,0.00,0.00,0,0,0,0,0,4.3,159,158,5.6,16.6,1,3600.00,1011.3,997.4
2025-04-14T11:00,18.0,0.00,55,8.9,17.6,0.00,0.00,0.00,1,29,0,22,17,5.0,159,159,6.6,18.4,1,3600.00,1010.8,996.9
2025-04-14T12:00,18.8,0.00,50,8.2,18.2,0.00,0.00,0.00,1,38,0,9,35,4.9,143,141,6.3,18.7,1,3600.00,1010.2,996.4
2025-04-14T13:00,19.8,0.00,46,7.7,19.1,0.00,0.00,0.00,2,66,0,32,65,6.4,123,122,8.3,20.5,1,3600.00,1009.5,995.7
2025-04-14T14:00,20.0,0.00,43,6.9,18.6,0.00,0.00,0.00,1,26,0,25,1,9.1,127,128,12.1,25.2,1,3600.00,1009.0,995.2
2025-04-14T15:00,19.8,0.00,42,6.7,17.4,0.00,0.00,0.00,1,31,0,31,0,11.7,124,124,16.0,29.5,1,3600.00,1008.2,994.4
2025-04-14T16:00,19.5,0.00,43,6.6,16.9,0.00,0.00,0.00,1,35,0,34,1,11.6,121,120,16.1,29.9,1,3600.00,1007.4,993.6
2025-04-14T17:00,19.2,0.00,47,7.7,16.9,0.00,0.00,0.00,0,7,0,7,0,11.1,116,115,16.3,27.7,1,3600.00,1006.8,993.0
2025-04-14T18:00,18.2,0.00,55,9.1,16.4,0.00,0.00,0.00,1,33,27,9,4,10.9,116,114,17.8,27.0,1,3600.00,1006.4,992.6
2025-04-14T19:00,16.7,0.00,63,9.6,15.4,0.00,0.00,0.00,3,93,92,1,4,8.1,101,93,18.5,22.7,1,2712.60,1005.9,992.0
2025-04-14T20:00,15.5,0.00,67,9.5,14.1,0.00,0.00,0.00,3,98,98,3,1,8.8,86,73,20.6,18.0,0,0.00,1006.0,992.1
2025-04-14T21:00,14.9,0.00,69,9.3,13.2,0.00,0.00,0.00,3,97,97,4,0,10.5,80,70,24.0,20.9,0,0.00,1005.5,991.5
2025-04-14T22:00,14.5,0.00,70,9.1,12.4,0.00,0.00,0.00,3,92,92,1,0,12.5,86,82,27.4,26.3,0,0.00,1004.7,990.7
2025-04-14T23:00,14.0,0.00,73,9.2,12.2,0.00,0.00,0.00,2,68,68,0,0,10.5,89,85,24.7,25.9,0,0.00,1004.1,990.1
2025-04-15T00:00,13.6,0.00,74,9.2,11.9,0.00,0.00,0.00,2,73,73,0,0,10.1,87,85,24.0,22.0,0,0.00,1003.3,989.3
2025-04-15T01:00,12.9,0.00,78,9.2,11.8,0.00,0.00,0.00,1,26,26,0,0,5.8,91,88,18.5,20.5,0,0.00,1002.6,988.6
2025-04-15T02:00,12.7,0.00,77,8.7,11.6,0.00,0.00,0.00,3,83,68,46,5,5.2,89,90,17.5,19.8,0,0.00,1001.4,987.4
2025-04-15T03:00,12.2,0.00,80,8.9,11.6,0.00,0.00,0.00,0,9,4,5,0,1.9,86,68,9.7,10.8,0,0.00,1000.6,986.6
2025-04-15T04:00,11.2,0.00,84,8.5,10.5,0.00,0.00,0.00,3,98,97,27,0,2.0,75,45,5.6,5.8,0,0.00,1000.1,986.0
2025-04-15T05:00,10.8,0.00,87,8.7,10.0,0.00,0.00,0.00,3,100,98,82,0,3.2,75,56,6.9,7.6,0,0.00,999.8,985.7
2025-04-15T06:00,10.6,0.00,89,8.8,9.9,0.00,0.00,0.00,3,93,92,14,0,2.6,83,56,7.3,7.2,1,0.00,999.5,985.4
2025-04-15T07:00,11.8,0.00,84,9.2,11.4,0.00,0.00,0.00,1,36,30,9,0,0.9,104,37,4.5,5.8,1,3314.60,999.5,985.5
2025-04-15T08:00,14.2,0.00,75,9.9,14.1,0.00,0.00,0.00,2,50,50,1,0,0.4,93,297,3.1,7.9,1,3600.00,999.3,985.4
2025-04-15T09:00,16.0,0.00,68,10.0,15.3,0.00,0.00,0.00,3,100,100,0,0,4.5,215,220,5.7,16.2,1,3600.00,999.5,985.7
2025-04-15T10:00,17.4,0.00,63,10.2,16.5,0.00,0.00,0.00,3,100,100,0,0,6.5,246,247,8.5,20.9,1,3600.00,999.6,985.8
2025-04-15T11:00,18.4,0.00,60,10.4,17.8,0.00,0.00,0.00,3,100,100,7,11,7.1,249,246,9.5,22.7,1,3600.00,999.9,986.2
2025-04-15T12:00,20.4,0.00,54,10.6,19.6,0.00,0.00,0.00,3,100,100,63,100,10.8,260,259,14.8,28.4,1,3600.00,999.8,986.2
2025-04-15T13:00,19.1,0.20,58,10.7,16.8,0.20,0.00,0.00,51,100,100,100,97,17.0,249,248,24.3,38.5,1,3600.00,1000.3,986.6
2025-04-15T14:00,16.1,0.80,84,13.4,15.4,0.80,0.00,0.00,53,100,99,100,77,12.7,253,252,18.8,36.7,1,0.00,1001.5,987.7
2025-04-15T15:00,15.2,2.10,89,13.4,14.8,2.10,0.00,0.00,61,93,53,81,43,10.0,245,244,17.1,29.9,1,0.00,1001.6,987.7
2025-04-15T16:00,16.2,0.10,83,13.4,16.5,0.10,0.00,0.00,51,17,11,5,5,5.7,223,217,8.1,23.4,1,3108.77,1001.5,987.7
2025-04-15T17:00,17.1,0.00,75,12.6,17.1,0.00,0.00,0.00,2,56,51,1,10,5.2,210,207,7.3,17.3,1,3600.00,1001.3,987.5
2025-04-15T18:00,16.9,0.00,75,12.4,16.7,0.00,0.00,0.00,0,17,9,6,7,6.2,189,187,8.8,17.3,1,3600.00,1001.9,988.1
2025-04-15T19:00,15.5,0.00,83,12.6,15.8,0.00,0.00,0.00,1,23,17,3,6,3.9,169,146,9.2,14.4,1,2799.29,1002.4,988.5
2025-04-15T20:00,14.5,0.00,87,12.3,14.5,0.00,0.00,0.00,3,85,85,1,1,4.7,155,108,9.9,9.0,0,0.00,1003.4,989.5
2025-04-15T21:00,13.9,0.00,88,12.0,13.5,0.00,0.00,0.00,1,37,37,1,0,6.8,141,102,13.7,12.6,0,0.00,1003.9,989.9
2025-04-15T22:00,13.2,0.00,90,11.7,12.6,0.00,0.00,0.00,1,23,22,0,0,7.7,141,102,15.0,14.0,0,0.00,1004.4,990.4
2025-04-15T23:00,12.9,0.00,91,11.5,12.0,0.00,0.00,0.00,3,99,99,2,0,8.8,138,107,17.7,16.2,0,0.00,1004.5,990.5
2025-04-16T00:00,12.7,0.00,91,11.2,11.9,0.00,0.00,0.00,1,26,25,1,0,8.5,151,117,17.6,16.6,0,0.00,1004.8,990.7
2025-04-16T01:00,12.3,0.00,90,10.7,11.5,0.00,0.00,0.00,2,69,69,1,0,7.3,169,123,15.6,16.2,0,0.00,1004.9,990.8
2025-04-16T02:00,12.2,0.00,91,10.8,11.6,0.00,0.00,0.00,2,63,60,7,0,5.8,211,160,14.4,13.0,0,0.00,1005.7,991.6
2025-04-16T03:00,11.4,0.00,91,9.9,11.1,0.00,0.00,0.00,2,66,65,5,0,1.5,242,111,6.5,11.5,0,0.00,1005.8,991.7
2025-04-16T04:00,10.5,0.00,93,9.4,9.9,0.00,0.00,0.00,1,35,29,7,7,2.7,81,82,1.1,6.1,0,0.00,1005.5,991.3
2025-04-16T05:00,9.9,0.00,94,9.0,9.3,0.00,0.00,0.00,3,100,99,27,8,2.0,23,80,1.4,5.8,0,0.00,1005.9,991.7
2025-04-16T06:00,10.3,0.00,92,9.0,9.7,0.00,0.00,0.00,3,100,99,96,46,2.8,32,79,4.0,6.5,1,0.00,1005.9,991.7
2025-04-16T07:00,12.2,0.00,86,9.9,11.7,0.00,0.00,0.00,3,92,87,34,16,3.3,31,41,5.6,7.9,1,0.00,1006.0,991.9
2025-04-16T08:00,15.1,0.00,79,11.5,14.4,0.00,0.00,0.00,1,43,35,2,11,8.0,348,332,14.3,16.6,1,3600.00,1005.7,991.7
2025-04-16T09:00,17.2,0.00,67,11.1,16.6,0.00,0.00,0.00,2,77,77,0,0,6.7,340,333,9.4,19.1,1,3600.00,1005.6,991.8
2025-04-16T10:00,19.0,0.00,62,11.6,18.4,0.00,0.00,0.00,2,69,69,0,0,6.8,343,333,9.2,21.6,1,3600.00,1005.3,991.5
2025-04-16T11:00,20.6,0.00,57,11.8,21.0,0.00,0.00,0.00,2,74,74,0,0,6.1,322,313,7.8,20.9,1,3600.00,1004.8,991.1
2025-04-16T12:00,21.7,0.00,53,11.6,22.5,0.00,0.00,0.00,3,89,82,3,33,6.2,259,253,7.9,21.2,1,3600.00,1005.0,991.4
2025-04-16T13:00,21.5,0.00,54,11.8,21.3,0.00,0.00,0.00,3,92,87,20,30,12.9,282,282,17.5,33.5,1,3600.00,1005.5,991.9
2025-04-16T14:00,19.4,0.40,62,11.8,17.7,0.40,0.00,0.00,51,96,90,39,31,15.6,294,293,22.4,37.1,1,3600.00,1006.6,992.8
2025-04-16T15:00,18.4,0.10,64,11.5,16.0,0.10,0.00,0.00,51,100,90,9,100,19.6,298,296,28.6,45.4,1,3600.00,1006.8,993.0
2025-04-16T16:00,17.2,0.00,61,9.7,14.6,0.00,0.00,0.00,3,100,67,100,100,17.5,294,292,25.7,45.7,1,3600.00,1008.0,994.1
2025-04-16T17:00,15.4,0.00,65,8.9,12.4,0.00,0.00,0.00,3,100,71,84,100,18.4,290,288,28.1,40.7,1,0.00,1008.3,994.3
2025-04-16T18:00,14.3,0.00,69,8.7,11.5,0.00,0.00,0.00,3,98,79,59,76,17.0,294,292,25.9,41.4,1,0.00,1008.7,994.7
2025-04-16T19:00,13.6,0.00,69,8.1,10.8,0.00,0.00,0.00,3,100,100,59,76,15.5,301,298,23.7,38.5,1,0.00,1008.7,994.6
2025-04-16T20:00,13.0,0.00,71,7.9,10.5,0.00,0.00,0.00,3,100,45,100,32,13.1,308,302,21.4,33.8,0,0.00,1009.4,995.3
2025-04-16T21:00,12.2,0.00,75,7.9,10.0,0.00,0.00,0.00,3,99,98,63,65,11.4,302,296,19.6,28.4,0,0.00,1009.9,995.8
2025-04-16T22:00,11.8,0.00,77,7.9,9.7,0.00,0.00,0.00,3,100,76,40,100,11.1,305,302,18.7,24.1,0,0.00,1010.0,995.8
2025-04-16T23:00,11.4,0.00,74,7.0,8.7,0.00,0.00,0.00,3,97,0,24,96,13.5,316,314,21.1,29.2,0,0.00,1009.3,995.1
2025-04-17T00:00,10.6,0.00,76,6.6,8.1,0.00,0.00,0.00,3,100,38,40,100,11.2,314,310,19.9,29.2,0,0.00,1009.2,995.0
2025-04-17T01:00,10.6,0.00,76,6.5,8.0,0.00,0.00,0.00,3,100,91,46,100,11.2,318,315,18.4,24.1,0,0.00,1008.8,994.6
2025-04-17T02:00,10.0,0.00,81,6.8,7.4,0.00,0.00,0.00,3,100,92,6,100,11.8,322,320,18.9,26.3,0,0.00,1008.6,994.4
2025-04-17T03:00,9.9,0.00,81,6.9,7.9,0.00,0.00,0.00,3,100,98,66,100,8.5,316,308,13.6,25.2,0,0.00,1008.7,994.5
2025-04-17T04:00,9.9,0.00,83,7.1,7.8,0.00,0.00,0.00,3,100,100,36,100,8.7,309,302,13.8,19.4,0,0.00,1008.2,994.0
2025-04-17T05:00,9.6,0.70,87,7.6,7.5,0.70,0.00,0.00,53,100,100,34,100,10.0,318,311,16.8,19.8,0,0.00,1007.8,993.6
2025-04-17T06:00,9.4,0.90,91,8.0,7.2,0.90,0.00,0.00,53,100,100,6,100,11.4,328,319,19.6,22.7,1,0.00,1007.2,992.9
2025-04-17T07:00,9.8,0.00,89,8.1,8.1,0.00,0.00,0.00,3,100,98,5,100,8.2,328,320,13.6,23.0,1,0.00,1007.5,993.3
2025-04-17T08:00,10.0,0.50,90,8.4,8.1,0.50,0.00,0.00,53,100,100,43,100,10.3,325,324,15.5,21.6,1,0.00,1007.6,993.4
2025-04-17T09:00,10.1,0.10,90,8.6,7.8,0.10,0.00,0.00,51,100,23,45,100,13.4,339,338,20.5,27.7,1,0.00,1007.5,993.3
2025-04-17T10:00,11.2,0.20,85,8.7,8.8,0.20,0.00,0.00,51,100,73,72,100,14.2,352,351,20.9,30.2,1,0.00,1007.4,993.2
2025-04-17T11:00,12.0,0.00,79,8.5,9.6,0.00,0.00,0.00,3,100,58,70,100,13.4,357,355,19.8,31.7,1,0.00,1006.8,992.7
2025-04-17T12:00,13.1,0.00,74,8.5,10.7,0.00,0.00,0.00,3,100,73,64,100,13.3,359,357,19.3,30.2,1,0.00,1006.5,992.4
2025-04-17T13:00,13.8,0.00,72,8.7,12.0,0.00,0.00,0.00,3,100,2,94,100,10.1,1,358,14.2,29.9,1,0.00,1006.9,992.9
2025-04-17T14:00,12.2,0.00,72,7.3,9.6,0.00,0.00,0.00,3,100,24,74,100,13.4,346,343,19.3,31.7,1,0.00,1007.6,993.5
2025-04-17T15:00,12.3,0.00,71,7.1,9.7,0.00,0.00,0.00,3,100,4,25,100,12.3,344,342,17.8,31.0,1,0.00,1007.6,993.5
2025-04-17T16:00,12.3,0.00,70,7.1,9.8,0.00,0.00,0.00,3,100,1,100,100,11.8,335,332,17.3,28.1,1,0.00,1008.0,993.9
2025-04-17T17:00,11.6,0.20,76,7.5,9.4,0.20,0.00,0.00,51,100,81,69,100,11.0,313,305,18.1,29.5,1,0.00,1008.0,993.8
2025-04-17T18:00,10.5,1.40,91,9.2,8.8,1.40,0.00,0.00,61,100,99,100,100,10.1,283,276,18.1,23.4,1,0.00,1008.5,994.3
2025-04-17T19:00,9.7,2.70,94,8.9,7.9,2.70,0.00,0.00,63,100,67,100,100,10.6,294,285,19.5,21.2,1,0.00,1009.2,994.9
2025-04-17T20:00,9.3,1.40,96,8.7,7.6,1.40,0.00,0.00,61,100,10,100,100,9.3,278,262,16.9,21.6,0,0.00,1010.1,995.8
2025-04-17T21:00,9.1,1.00,96,8.5,7.3,1.00,0.00,0.00,55,100,6,96,100,9.6,276,265,17.0,19.8,0,0.00,1010.6,996.3
2025-04-17T22:00,8.9,0.50,97,8.5,7.2,0.50,0.00,0.00,53,100,53,99,100,8.7,267,256,15.9,19.4,0,0.00,1011.2,996.9
2025-04-17T23:00,8.8,0.30,97,8.4,7.1,0.30,0.00,0.00,51,100,82,97,100,8.7,269,257,15.3,18.0,0,0.00,1011.4,997.1
2025-04-18T00:00,8.6,0.20,96,8.1,6.8,0.20,0.00,0.00,51,100,7,94,100,9.0,267,257,15.5,18.7,0,0.00,1011.8,997.4
2025-04-18T01:00,8.4,0.10,97,7.9,6.4,0.10,0.00,0.00,51,100,0,100,100,9.7,259,251,16.1,19.8,0,0.00,1012.2,997.8
2025-04-18T02:00,8.4,0.00,95,7.7,6.5,0.00,0.00,0.00,3,100,0,57,100,8.9,269,263,14.6,17.6,0,0.00,1012.8,998.4
2025-04-18T03:00,8.2,0.00,95,7.4,6.3,0.00,0.00,0.00,3,100,0,81,100,8.7,271,265,14.8,18.0,0,0.00,1013.1,998.7
2025-04-18T04:00,8.2,0.00,94,7.2,6.5,0.00,0.00,0.00,3,100,0,23,100,6.7,271,261,11.7,18.4,0,0.00,1013.4,999.0
2025-04-18T05:00,8.1,0.00,94,7.2,6.2,0.00,0.00,0.00,3,100,0,8,100,8.1,262,253,13.3,16.6,0,0.00,1013.5,999.1
2025-04-18T06:00,8.0,0.10,94,7.2,5.8,0.10,0.00,0.00,51,100,0,6,100,10.1,272,264,16.8,20.5,1,0.00,1013.9,999.5
2025-04-18T07:00,8.0,0.10,92,6.8,5.6,0.10,0.00,0.00,51,100,0,7,100,10.9,293,287,17.7,23.0,1,0.00,1014.3,999.9
2025-04-18T08:00,8.2,0.00,88,6.3,5.8,0.00,0.00,0.00,3,100,0,100,100,10.1,307,303,14.9,25.6,1,0.00,1015.0,1000.6
2025-04-18T09:00,8.4,0.10,84,5.8,5.8,0.10,0.00,0.00,51,100,0,100,100,10.9,317,314,16.3,25.6,1,0.00,1015.2,1000.8
2025-04-18T10:00,8.9,0.00,78,5.3,6.3,0.00,0.00,0.00,3,100,0,76,100,10.0,329,327,14.5,25.2,1,0.00,1015.7,1001.3
2025-04-18T11:00,9.9,0.00,73,5.3,7.3,0.00,0.00,0.00,3,100,1,0,100,10.1,310,310,13.9,25.2,1,928.51,1015.4,1001.1
2025-04-18T12:00,10.7,0.10,69,5.2,7.7,0.10,0.00,0.00,51,94,0,2,94,12.0,294,294,16.8,29.5,1,0.00,1015.1,1000.8
2025-04-18T13:00,11.1,0.10,67,5.1,8.3,0.10,0.00,0.00,51,100,0,9,100,11.0,295,295,15.3,29.5,1,310.22,1014.9,1000.6
2025-04-18T14:00,10.8,0.10,65,4.4,7.9,0.10,0.00,0.00,51,100,42,1,100,10.2,283,283,13.8,25.9,1,2681.19,1015.0,1000.7
2025-04-18T15:00,10.9,0.10,64,4.3,8.0,0.10,0.00,0.00,51,100,0,19,100,10.3,293,293,14.5,25.9,1,897.97,1014.7,1000.4
2025-04-18T16:00,11.0,0.10,64,4.4,8.2,0.10,0.00,0.00,51,100,0,36,100,9.8,292,290,13.7,25.2,1,558.03,1014.4,1000.1
2025-04-18T17:00,10.9,0.00,65,4.6,8.4,0.00,0.00,0.00,3,100,0,100,100,8.1,292,291,11.5,23.0,1,0.00,1014.3,1000.0
2025-04-18T18:00,10.6,0.00,66,4.5,8.3,0.00,0.00,0.00,3,100,0,100,100,7.0,291,291,9.9,18.7,1,0.00,1014.2,999.9
2025-04-18T19:00,10.1,0.00,73,5.5,8.5,0.00,0.00,0.00,3,100,0,94,100,3.7,295,293,8.4,15.5,1,0.00,1014.0,999.7
2025-04-18T20:00,9.6,0.00,81,6.5,8.5,0.00,0.00,0.00,3,100,0,68,100,1.8,310,307,5.4,7.6,0,0.00,1014.1,999.8
2025-04-18T21:00,9.1,0.00,80,5.8,7.9,0.00,0.00,0.00,3,100,0,74,100,0.6,340,34,2.7,4.0,0,0.00,1014.0,999.6
2025-04-18T22:00,9.0,0.00,80,5.8,7.4,0.00,0.00,0.00,2,62,0,1,62,3.6,37,53,5.4,6.5,0,0.00,1013.8,999.4
2025-04-18T23:00,7.6,0.00,86,5.4,6.0,0.00,0.00,0.00,0,8,0,4,8,3.6,69,84,5.6,7.2,0,0.00,1013.6,999.2
2025-04-19T00:00,6.6,0.00,88,4.7,4.7,0.00,0.00,0.00,0,0,0,0,0,4.3,126,105,7.3,8.3,0,0.00,1013.4,998.9
2025-04-19T01:00,6.0,0.00,89,4.3,4.0,0.00,0.00,0.00,0,1,0,1,0,4.5,138,95,8.5,8.3,0,0.00,1013.1,998.6
2025-04-19T02:00,6.1,0.00,90,4.6,4.0,0.00,0.00,0.00,0,0,0,0,0,5.4,130,94,10.3,11.9,0,0.00,1012.5,998.0
2025-04-19T03:00,5.5,0.00,92,4.3,3.3,0.00,0.00,0.00,0,1,0,0,1,5.6,118,90,11.4,10.8,0,0.00,1012.2,997.7
2025-04-19T04:00,5.0,0.00,93,3.9,2.7,0.00,0.00,0.00,0,1,0,0,1,6.0,110,85,12.6,11.2,0,0.00,1012.0,997.5
2025-04-19T05:00,4.7,0.00,93,3.7,2.3,0.00,0.00,0.00,0,18,18,0,0,6.5,103,85,14.2,12.6,0,0.00,1011.7,997.1
2025-04-19T06:00,4.7,0.00,93,3.7,2.1,0.00,0.00,0.00,3,82,82,0,0,7.2,105,90,14.9,13.3,1,0.00,1011.6,997.0
2025-04-19T07:00,6.8,0.00,89,5.0,4.4,0.00,0.00,0.00,3,93,93,0,0,7.8,103,85,15.7,16.2,1,3600.00,1011.4,997.0
2025-04-19T08:00,9.4,0.00,79,6.0,7.4,0.00,0.00,0.00,3,93,93,0,0,6.8,98,93,12.2,17.6,1,3600.00,1011.2,996.9
2025-04-19T09:00,11.3,0.00,68,5.6,8.9,0.00,0.00,0.00,3,94,94,0,0,8.7,111,111,12.5,22.3,1,3600.00,1010.8,996.6
2025-04-19T10:00,12.7,0.00,62,5.5,10.4,0.00,0.00,0.00,1,27,27,0,0,8.6,115,113,12.1,23.8,1,3600.00,1010.3,996.2
2025-04-19T11:00,14.2,0.00,57,5.9,13.0,0.00,0.00,0.00,2,64,64,0,0,7.6,114,115,10.5,23.8,1,3600.00,1009.9,995.9
2025-04-19T12:00,15.5,0.00,54,6.4,14.9,0.00,0.00,0.00,3,97,97,0,0,6.9,122,123,9.3,22.3,1,3600.00,1009.4,995.4
2025-04-19T13:00,16.6,0.00,53,6.9,16.3,0.00,0.00,0.00,3,100,100,0,0,6.1,119,118,8.2,21.6,1,3600.00,1008.7,994.8
2025-04-19T14:00,17.3,0.00,52,7.3,17.1,0.00,0.00,0.00,3,100,100,0,1,3.9,124,124,5.2,17.3,1,3600.00,1008.1,994.2
2025-04-19T15:00,17.8,0.00,52,7.7,17.0,0.00,0.00,0.00,3,100,100,4,0,3.8,94,93,5.1,15.8,1,3600.00,1007.3,993.5
2025-04-19T16:00,17.8,0.00,52,8.0,16.7,0.00,0.00,0.00,3,100,100,7,0,4.2,101,100,5.7,14.4,1,3600.00,1006.9,993.1
2025-04-19T17:00,17.8,0.00,54,8.5,16.4,0.00,0.00,0.00,3,100,100,10,1,6.5,110,109,8.8,16.2,1,3600.00,1006.5,992.7
2025-04-19T18:00,17.1,0.00,62,9.7,16.2,0.00,0.00,0.00,2,72,72,0,0,5.6,107,105,10.0,16.2,1,3600.00,1006.3,992.4
2025-04-19T19:00,15.3,0.00,73,10.5,14.8,0.00,0.00,0.00,1,32,32,1,0,4.4,96,81,10.9,11.5,1,3143.93,1006.2,992.3
2025-04-19T20:00,13.5,0.00,78,9.8,12.7,0.00,0.00,0.00,0,0,0,0,0,4.7,97,81,11.1,9.4,0,0.00,1006.3,992.3
2025-04-19T21:00,12.0,0.00,83,9.2,10.9,0.00,0.00,0.00,0,1,0,0,0,6.2,94,78,14.1,11.5,0,0.00,1006.2,992.1
2025-04-19T22:00,11.1,0.00,84,8.4,9.5,0.00,0.00,0.00,0,1,0,1,0,7.9,101,89,18.3,15.1,0,0.00,1006.4,992.2
2025-04-19T23:00,10.4,0.00,83,7.7,8.5,0.00,0.00,0.00,0,0,0,0,0,8.7,99,85,18.6,16.9,0,0.00,1006.1,991.9
2025-04-20T00:00,9.6,0.00,85,7.1,7.7,0.00,0.00,0.00,0,0,0,0,0,7.6,91,78,16.4,17.3,0,0.00,1005.7,991.5
2025-04-20T01:00,8.8,0.00,87,6.7,7.2,0.00,0.00,0.00,0,0,0,0,0,4.7,95,83,13.0,15.1,0,0.00,1005.6,991.3
2025-04-20T02:00,8.8,0.00,85,6.4,7.0,0.00,0.00,0.00,0,0,0,0,0,5.6,93,73,14.4,13.0,0,0.00,1004.9,990.7
2025-04-20T03:00,8.3,0.00,87,6.2,6.5,0.00,0.00,0.00,0,0,0,0,0,6.1,79,66,13.6,13.3,0,0.00,1004.6,990.3
2025-04-20T04:00,7.5,0.00,89,5.9,6.0,0.00,0.00,0.00,0,0,0,0,0,3.5,86,78,8.5,12.6,0,0.00,1004.5,990.2
2025-04-20T05:00,7.4,0.00,89,5.7,5.7,0.00,0.00,0.00,0,7,7,0,0,3.9,75,62,9.0,8.3,0,0.00,1004.3,990.0
2025-04-20T06:00,7.7,0.00,88,5.8,6.1,0.00,0.00,0.00,2,59,58,2,0,4.0,85,69,10.5,9.0,1,0.00,1004.7,990.4
2025-04-20T07:00,10.0,0.00,82,7.1,8.5,0.00,0.00,0.00,2,69,69,0,0,4.8,85,59,11.4,11.2,1,3600.00,1004.9,990.7
2025-04-20T08:00,13.0,0.00,77,9.0,12.6,0.00,0.00,0.00,1,41,40,1,0,1.0,81,301,6.7,11.2,1,3600.00,1004.8,990.8
2025-04-20T09:00,15.6,0.00,70,10.0,15.3,0.00,0.00,0.00,0,14,14,0,0,1.7,214,252,1.3,11.2,1,3600.00,1004.9,991.0
2025-04-20T10:00,17.4,0.00,64,10.6,16.9,0.00,0.00,0.00,0,13,13,0,0,5.6,202,209,7.2,18.0,1,3600.00,1005.3,991.5
2025-04-20T11:00,18.1,0.00,60,10.2,17.5,0.00,0.00,0.00,0,2,2,0,0,10.3,221,221,13.9,27.4,1,3600.00,1005.9,992.1
2025-04-20T12:00,18.7,0.00,60,10.7,18.4,0.00,0.00,0.00,0,6,5,0,1,11.5,236,236,16.2,31.0,1,3600.00,1006.3,992.5
2025-04-20T13:00,20.1,0.00,51,9.7,18.1,0.00,0.00,0.00,2,71,57,19,20,20.5,246,245,29.7,46.8,1,3600.00,1006.6,992.9
2025-04-20T14:00,18.8,0.00,43,5.8,15.3,0.00,0.00,0.00,1,27,7,26,1,20.6,251,249,30.5,51.1,1,3600.00,1007.9,994.1
2025-04-20T15:00,17.7,0.00,43,4.8,13.2,0.00,0.00,0.00,2,76,20,70,41,25.4,236,235,37.9,56.2,1,3600.00,1008.3,994.4
2025-04-20T16:00,15.3,0.00,49,4.6,11.1,0.00,0.00,0.00,2,68,30,55,8,19.7,238,237,29.9,58.7,1,3600.00,1009.0,995.0
2025-04-20T17:00,13.5,1.40,69,7.9,11.4,1.40,0.00,0.00,61,100,13,100,0,10.7,213,209,17.6,43.6,1,3600.00,1009.4,995.3
2025-04-20T18:00,12.9,0.00,69,7.5,11.0,0.00,0.00,0.00,2,63,16,56,0,8.4,213,205,13.7,25.9,1,0.00,1009.0,994.9
2025-04-20T19:00,11.7,0.00,71,6.7,9.7,0.00,0.00,0.00,0,1,0,1,0,8.3,214,210,16.5,23.8,1,3230.12,1009.7,995.5
2025-04-20T20:00,10.1,0.00,78,6.4,8.7,0.00,0.00,0.00,0,0,0,0,0,2.9,214,169,9.6,16.9,0,0.00,1010.2,995.9
2025-04-20T21:00,9.4,0.00,77,5.7,7.9,0.00,0.00,0.00,0,0,0,0,0,2.8,190,117,6.0,6.5,0,0.00,1010.3,996.0
2025-04-20T22:00,8.7,0.00,78,5.1,7.1,0.00,0.00,0.00,0,1,1,0,0,2.4,198,117,5.1,5.8,0,0.00,1010.1,995.8
2025-04-20T23:00,8.0,0.00,80,4.8,6.0,0.00,0.00,0.00,0,8,8,0,0,4.8,153,117,8.5,8.6,0,0.00,1010.1,995.7
2025-04-21T00:00,7.3,0.00,84,4.7,5.1,0.00,0.00,0.00,0,2,2,0,0,6.3,121,103,13.0,11.2,0,0.00,1010.0,995.6
2025-04-21T01:00,6.5,0.00,90,5.0,4.2,0.00,0.00,0.00,0,3,3,0,0,6.9,126,118,14.7,13.0,0,0.00,1010.3,995.9
2025-04-21T02:00,5.7,0.00,95,5.0,3.4,0.00,0.00,0.00,1,35,12,26,0,7.6,130,102,14.4,14.0,0,0.00,1010.3,995.8
2025-04-21T03:00,6.0,0.00,94,5.1,3.7,0.00,0.00,0.00,0,15,12,3,0,7.5,122,98,16.6,16.6,0,0.00,1010.3,995.8
2025-04-21T04:00,5.3,0.00,95,4.5,3.0,0.00,0.00,0.00,0,17,11,7,0,6.2,146,116,15.0,14.4,0,0.00,1010.7,996.2
2025-04-21T05:00,5.3,0.00,93,4.3,3.1,0.00,0.00,0.00,0,1,1,0,0,6.1,154,104,12.8,13.3,0,0.00,1010.5,996.0
2025-04-21T06:00,5.7,0.00,92,4.4,3.5,0.00,0.00,0.00,0,2,0,2,0,6.0,169,119,13.6,11.9,1,0.00,1010.9,996.4
2025-04-21T07:00,8.1,0.00,85,5.7,5.8,0.00,0.00,0.00,1,29,10,22,0,7.9,169,125,13.6,16.2,1,3600.00,1011.5,997.1
2025-04-21T08:00,10.8,0.00,78,7.1,9.2,0.00,0.00,0.00,2,78,66,37,0,5.6,173,135,11.4,16.2,1,3600.00,1011.8,997.6
2025-04-21T09:00,13.1,0.00,69,7.5,11.8,0.00,0.00,0.00,1,41,0,41,0,4.4,207,201,6.7,15.5,1,3600.00,1011.8,997.7
2025-04-21T10:00,14.8,0.00,59,6.8,12.7,0.00,0.00,0.00,3,94,84,62,0,9.2,231,228,13.0,24.5,1,3600.00,1012.2,998.1
2025-04-21T11:00,15.3,0.00,59,7.4,13.4,0.00,0.00,0.00,3,100,98,89,0,10.2,239,239,14.4,28.8,1,3600.00,1012.4,998.4
2025-04-21T12:00,14.5,0.00,62,7.4,12.1,0.00,0.00,0.00,3,100,100,94,2,11.7,238,238,16.4,27.4,1,405.49,1012.7,998.6
2025-04-21T13:00,13.5,0.20,68,7.8,11.1,0.20,0.00,0.00,51,100,92,100,8,12.5,214,213,18.6,32.4,1,1227.10,1013.3,999.2
2025-04-21T14:00,13.6,0.30,72,8.6,11.6,0.30,0.00,0.00,51,100,79,100,8,11.5,239,241,17.3,36.0,1,3557.99,1013.1,999.0
2025-04-21T15:00,13.6,0.50,75,9.3,12.6,0.50,0.00,0.00,53,99,96,89,17,5.6,186,180,8.0,27.0,1,0.00,1012.8,998.7
2025-04-21T16:00,12.2,0.80,81,9.1,9.8,0.80,0.00,0.00,53,99,88,98,21,14.7,202,199,22.3,33.1,1,2732.53,1013.4,999.2
2025-04-21T17:00,11.8,0.10,85,9.3,10.6,0.10,0.00,0.00,51,96,73,88,8,6.9,177,165,11.2,31.7,1,0.00,1013.5,999.3
2025-04-21T18:00,12.1,0.00,83,9.3,11.0,0.00,0.00,0.00,1,32,16,18,11,6.5,191,185,10.1,18.0,1,3600.00,1013.5,999.3
2025-04-21T19:00,11.5,0.00,86,9.3,10.3,0.00,0.00,0.00,1,49,31,21,22,6.5,196,174,14.1,15.1,1,3316.28,1013.9,999.7
2025-04-21T20:00,10.9,0.00,87,8.9,9.5,0.00,0.00,0.00,1,39,8,25,25,7.4,195,167,15.8,14.0,0,0.00,1014.6,1000.3
2025-04-21T21:00,10.5,0.00,87,8.5,8.7,0.00,0.00,0.00,1,23,0,16,21,9.7,214,196,20.5,19.8,0,0.00,1015.1,1000.8
2025-04-21T22:00,9.6,0.00,88,7.8,7.8,0.00,0.00,0.00,1,31,0,24,26,8.2,221,202,18.2,20.2,0,0.00,1015.6,1001.2
2025-04-21T23:00,9.1,0.00,90,7.6,7.2,0.00,0.00,0.00,1,38,0,20,34,8.7,217,201,19.5,17.6,0,0.00,1016.2,1001.8
2025-04-22T00:00,9.0,0.10,93,7.9,7.1,0.10,0.00,0.00,51,37,0,15,29,9.3,219,202,20.5,18.7,0,0.00,1016.5,1002.1
2025-04-22T01:00,8.7,0.00,94,7.8,6.7,0.00,0.00,0.00,1,38,0,6,37,9.8,222,208,21.4,19.8,0,0.00,1016.8,1002.4
2025-04-22T02:00,9.1,2.50,88,7.1,7.0,2.50,0.00,0.00,63,55,0,42,22,9.1,224,210,21.1,21.2,0,0.00,1016.9,1002.5
2025-04-22T03:00,8.9,0.00,97,8.5,7.2,0.00,0.00,0.00,0,2,0,0,2,9.0,225,211,20.2,19.1,0,0.00,1016.9,1002.5
2025-04-22T04:00,8.1,0.00,98,7.8,6.7,0.00,0.00,0.00,2,53,45,0,14,5.6,224,197,15.8,18.0,0,0.00,1017.2,1002.7
2025-04-22T05:00,7.7,0.00,98,7.5,6.2,0.00,0.00,0.00,3,100,100,0,38,5.7,207,171,13.5,11.5,0,0.00,1017.5,1003.0
2025-04-22T06:00,8.0,0.00,98,7.7,6.3,0.00,0.00,0.00,1,47,10,0,42,7.8,200,172,15.5,13.7,1,0.00,1017.9,1003.4
2025-04-22T07:00,9.1,0.00,96,8.4,7.1,0.00,0.00,0.00,3,100,100,0,58,10.5,203,196,15.1,20.9,1,3600.00,1018.5,1004.1
2025-04-22T08:00,10.2,0.00,92,9.0,8.5,0.00,0.00,0.00,3,100,100,0,87,10.0,213,213,13.7,23.0,1,3549.40,1018.9,1004.5
2025-04-22T09:00,11.8,0.00,86,9.5,10.3,0.00,0.00,0.00,3,100,97,1,100,8.9,221,220,12.4,23.0,1,3600.00,1019.1,1004.8
2025-04-22T10:00,13.2,0.00,77,9.3,12.0,0.00,0.00,0.00,1,47,6,3,43,7.1,232,232,9.8,22.3,1,2249.68,1019.3,1005.1
2025-04-22T11:00,14.9,0.10,67,8.8,13.7,0.10,0.00,0.00,51,24,0,7,22,7.6,242,242,10.2,21.6,1,3600.00,1018.7,1004.6
2025-04-22T12:00,16.1,0.10,60,8.3,15.5,0.10,0.00,0.00,51,34,0,22,17,6.8,247,248,9.4,22.3,1,3600.00,1018.4,1004.3
2025-04-22T13:00,16.7,0.10,56,7.8,15.7,0.10,0.00,0.00,51,27,0,21,16,5.2,249,250,7.0,20.9,1,3600.00,1018.1,1004.1
2025-04-22T14:00,17.3,0.10,55,8.2,16.8,0.10,0.00,0.00,51,36,0,32,7,4.9,267,266,6.3,18.0,1,3600.00,1018.4,1004.4
2025-04-22T15:00,17.1,0.00,53,7.6,16.1,0.00,0.00,0.00,1,26,0,23,6,2.9,273,270,4.0,16.9,1,3600.00,1018.1,1004.1
2025-04-22T16:00,17.5,0.00,51,7.3,16.5,0.00,0.00,0.00,2,57,2,55,5,1.6,162,174,2.3,13.0,1,3600.00,1017.7,1003.7
2025-04-22T17:00,16.7,0.00,55,7.6,15.2,0.00,0.00,0.00,3,94,16,93,9,6.1,265,265,8.3,15.8,1,3600.00,1018.0,1004.0
2025-04-22T18:00,15.9,0.00,63,8.9,15.1,0.00,0.00,0.00,3,100,91,100,0,3.8,292,295,5.2,16.2,1,3600.00,1017.9,1003.8
2025-04-22T19:00,14.7,0.00,75,10.4,14.3,0.00,0.00,0.00,2,79,75,16,0,3.7,325,317,7.9,8.3,1,1115.01,1018.1,1004.0
2025-04-22T20:00,12.5,0.00,83,9.7,11.9,0.00,0.00,0.00,3,100,100,3,0,3.4,360,18,6.5,7.2,0,0.00,1018.6,1004.3
2025-04-22T21:00,12.0,0.00,84,9.4,11.1,0.00,0.00,0.00,1,45,41,7,0,5.2,30,49,9.4,9.7,0,0.00,1018.8,1004.5
2025-04-22T22:00,10.9,0.00,87,8.7,9.8,0.00,0.00,0.00,0,7,4,4,0,4.8,47,56,9.8,10.1,0,0.00,1019.1,1004.8
2025-04-22T23:00,9.8,0.00,89,8.1,8.6,0.00,0.00,0.00,1,24,23,1,0,4.2,75,80,8.2,9.0,0,0.00,1019.0,1004.6
2025-04-23T00:00,8.5,0.00,92,7.3,7.3,0.00,0.00,0.00,1,23,23,0,0,3.5,121,105,6.3,8.6,0,0.00,1019.0,1004.5
2025-04-23T01:00,7.7,0.00,93,6.6,6.1,0.00,0.00,0.00,2,78,78,0,0,5.3,131,102,9.1,10.4,0,0.00,1018.9,1004.4
2025-04-23T02:00,8.3,0.00,88,6.5,6.3,0.00,0.00,0.00,3,100,100,17,0,7.6,119,90,15.4,15.5,0,0.00,1018.4,1003.9
2025-04-23T03:00,8.6,0.00,87,6.6,6.5,0.00,0.00,0.00,3,100,100,20,0,8.2,121,98,16.2,15.1,0,0.00,1018.0,1003.6
2025-04-23T04:00,8.8,0.00,86,6.7,6.8,0.00,0.00,0.00,3,100,100,25,0,7.9,122,103,17.5,15.5,0,0.00,1017.6,1003.2
2025-04-23T05:00,8.8,0.00,86,6.5,6.4,0.00,0.00,0.00,3,100,100,3,0,9.9,122,105,21.3,19.1,0,0.00,1017.2,1002.8
2025-04-23T06:00,9.2,0.00,83,6.5,6.9,0.00,0.00,0.00,3,100,100,1,0,9.5,121,104,20.2,19.1,1,0.00,1016.9,1002.5
2025-04-23T07:00,10.6,0.00,80,7.3,8.7,0.00,0.00,0.00,3,100,100,40,0,8.0,121,106,17.3,18.4,1,1311.25,1016.7,1002.4
2025-04-23T08:00,12.6,0.00,76,8.6,11.5,0.00,0.00,0.00,2,72,62,24,1,5.3,135,145,13.5,16.2,1,3600.00,1016.5,1002.3
2025-04-23T09:00,14.1,0.00,69,8.6,12.7,0.00,0.00,0.00,0,7,0,6,3,7.1,163,164,10.0,19.4,1,3600.00,1016.5,1002.4
2025-04-23T10:00,15.8,0.00,64,9.0,15.0,0.00,0.00,0.00,0,0,0,0,0,5.9,164,162,8.0,20.5,1,3600.00,1015.7,1001.6
2025-04-23T11:00,17.3,0.00,58,9.1,17.2,0.00,0.00,0.00,0,2,0,2,0,6.3,175,175,8.5,20.5,1,3600.00,1014.8,1000.8
2025-04-23T12:00,17.7,0.00,57,9.1,17.4,0.00,0.00,0.00,1,32,0,31,1,8.6,201,203,11.6,27.4,1,3600.00,1014.1,1000.2
2025-04-23T13:00,18.0,0.00,60,10.2,18.4,0.00,0.00,0.00,2,71,60,30,5,4.4,270,277,5.8,28.1,1,3600.00,1013.5,999.6
2025-04-23T14:00,17.5,0.00,62,10.3,18.1,0.00,0.00,0.00,3,93,90,49,9,3.6,192,198,5.2,26.3,1,3600.00,1013.1,999.2
2025-04-23T15:00,16.7,0.30,66,10.4,15.4,0.30,0.00,0.00,51,100,100,44,10,9.8,222,221,13.3,26.6,1,3600.00,1012.4,998.4
2025-04-23T16:00,15.7,0.00,71,10.4,14.9,0.00,0.00,0.00,3,100,100,100,20,6.8,290,287,8.8,25.6,1,839.04,1012.3,998.3
2025-04-23T17:00,14.7,0.50,80,11.2,14.0,0.50,0.00,0.00,53,100,100,38,0,7.2,283,284,10.5,21.2,1,0.00,1012.3,998.2
2025-04-23T18:00,13.3,2.50,84,10.7,12.1,2.50,0.00,0.00,63,100,100,100,34,9.2,278,274,15.1,18.7,1,0.00,1013.0,998.9
2025-04-23T19:00,12.0,1.00,94,11.1,10.5,1.00,0.00,0.00,55,100,100,100,66,12.1,271,267,22.0,25.2,1,0.00,1013.5,999.3
2025-04-23T20:00,11.4,0.60,94,10.5,10.6,0.60,0.00,0.00,53,100,100,100,100,6.5,275,270,14.5,24.5,0,0.00,1014.3,1000.0
2025-04-23T21:00,11.1,1.10,95,10.3,10.4,1.10,0.00,0.00,55,100,100,100,100,5.2,266,254,11.7,13.3,0,0.00,1014.8,1000.5
2025-04-23T22:00,10.7,1.40,95,10.0,9.8,1.40,0.00,0.00,61,100,100,100,100,6.2,245,229,11.7,12.6,0,0.00,1015.1,1000.8
2025-04-23T23:00,10.1,1.20,96,9.5,9.1,1.20,0.00,0.00,55,100,100,100,31,6.0,231,213,11.6,14.0,0,0.00,1015.0,1000.7
2025-04-24T00:00,9.3,0.70,96,8.7,8.0,0.70,0.00,0.00,53,100,100,100,0,6.5,217,199,13.4,13.0,0,0.00,1015.1,1000.7
2025-04-24T01:00,8.9,0.10,94,7.9,7.2,0.10,0.00,0.00,51,100,94,100,1,7.7,222,208,16.2,15.1,0,0.00,1015.0,1000.6
2025-04-24T02:00,9.0,0.10,96,8.4,7.2,0.10,0.00,0.00,51,91,79,61,2,9.3,236,229,19.6,19.1,0,0.00,1015.1,1000.7
2025-04-24T03:00,7.8,0.00,96,7.2,6.5,0.00,0.00,0.00,3,99,99,35,7,4.1,246,232,12.8,18.7,0,0.00,1015.2,1000.8
2025-04-24T04:00,7.3,0.00,96,6.7,5.9,0.00,0.00,0.00,3,100,99,80,25,3.8,261,239,11.5,9.4,0,0.00,1015.3,1000.8
2025-04-24T05:00,8.1,0.00,95,7.4,6.9,0.00,0.00,0.00,3,100,100,98,35,3.8,265,239,11.2,9.4,0,0.00,1015.6,1001.2
2025-04-24T06:00,8.5,0.00,94,7.5,6.9,0.00,0.00,0.00,3,100,100,94,33,6.0,262,237,12.7,11.9,1,0.00,1015.8,1001.4
2025-04-24T07:00,9.0,0.00,93,8.0,7.5,0.00,0.00,0.00,3,86,73,31,31,6.5,242,212,14.0,15.1,1,0.00,1016.1,1001.7
2025-04-24T08:00,10.0,0.00,87,7.9,8.0,0.00,0.00,0.00,3,100,89,95,28,9.3,224,221,13.5,22.0,1,3600.00,1016.3,1002.0
2025-04-24T09:00,11.2,0.00,78,7.5,9.0,0.00,0.00,0.00,3,89,77,26,41,10.5,232,232,14.8,25.9,1,3600.00,1016.5,1002.2
2025-04-24T10:00,12.6,0.00,70,7.3,10.1,0.00,0.00,0.00,2,59,13,14,45,12.1,243,243,17.0,29.5,1,3600.00,1016.4,1002.2
2025-04-24T11:00,13.5,0.10,66,7.3,11.0,0.10,0.00,0.00,51,71,0,42,50,12.4,242,242,17.3,30.6,1,3600.00,1016.2,1002.0
2025-04-24T12:00,13.7,0.10,64,6.9,11.1,0.10,0.00,0.00,51,61,0,43,38,12.6,236,236,17.6,30.6,1,3600.00,1016.1,1001.9
2025-04-24T13:00,13.7,0.20,67,7.6,11.1,0.20,0.00,0.00,51,81,0,76,42,13.4,242,242,19.2,32.8,1,3600.00,1016.2,1002.0
2025-04-24T14:00,14.8,0.10,60,7.0,12.8,0.10,0.00,0.00,51,58,0,55,19,9.8,247,247,13.5,26.6,1,3600.00,1016.3,1002.2
2025-04-24T15:00,15.2,0.00,60,7.4,13.2,0.00,0.00,0.00,1,36,0,32,9,9.3,239,236,12.8,25.6,1,3600.00,1015.9,1001.8
2025-04-24T16:00,13.8,0.10,65,7.3,11.2,0.10,0.00,0.00,51,65,0,58,33,13.2,262,265,19.1,32.0,1,3600.00,1016.0,1001.8
2025-04-24T17:00,13.1,0.00,72,8.2,11.6,0.00,0.00,0.00,2,75,0,73,36,7.0,298,299,10.0,31.0,1,3600.00,1016.3,1002.1
2025-04-24T18:00,12.8,0.00,74,8.2,11.5,0.00,0.00,0.00,3,99,0,99,16,5.6,283,277,7.9,17.6,1,3292.41,1016.0,1001.8
2025-04-24T19:00,12.0,0.00,80,8.7,10.7,0.00,0.00,0.00,3,97,0,96,21,6.7,239,232,11.4,13.7,1,715.99,1016.2,1002.0
2025-04-24T20:00,11.1,0.00,87,9.0,10.1,0.00,0.00,0.00,3,100,0,100,21,4.9,220,208,9.7,13.7,0,0.00,1016.7,1002.4
2025-04-24T21:00,10.6,0.00,90,8.9,9.3,0.00,0.00,0.00,3,92,0,90,31,6.5,213,203,13.1,13.0,0,0.00,1017.1,1002.8
2025-04-24T22:00,10.0,0.00,92,8.7,8.6,0.00,0.00,0.00,1,49,0,34,36,7.0,213,193,15.2,13.7,0,0.00,1017.2,1002.8
2025-04-24T23:00,9.4,0.00,95,8.6,8.0,0.00,0.00,0.00,1,48,0,32,38,7.4,218,206,15.9,15.1,0,0.00,1017.3,1002.9
2025-04-25T00:00,8.9,0.00,97,8.4,7.6,0.00,0.00,0.00,2,50,0,45,24,5.7,215,191,13.4,14.4,0,0.00,1017.4,1003.0
2025-04-25T01:00,8.6,0.00,98,8.2,7.5,0.00,0.00,0.00,2,73,0,39,62,4.2,216,187,11.6,11.2,0,0.00,1017.4,1003.0
2025-04-25T02:00,8.8,0.00,93,7.8,7.8,0.00,0.00,0.00,1,37,11,2,29,2.5,186,111,4.9,5.0,0,0.00,1017.0,1002.6
2025-04-25T03:00,8.3,0.00,96,7.7,7.1,0.00,0.00,0.00,1,29,4,8,19,4.4,167,122,8.3,8.6,0,0.00,1017.0,1002.6
2025-04-25T04:00,7.6,0.00,97,7.1,6.3,0.00,0.00,0.00,1,26,0,15,14,3.6,168,108,7.2,8.6,0,0.00,1017.0,1002.5
2025-04-25T05:00,7.5,0.00,97,7.0,6.3,0.00,0.00,0.00,1,34,0,7,30,2.6,176,106,5.2,5.8,0,0.00,1017.2,1002.7
2025-04-25T06:00,7.7,0.00,97,7.3,6.7,0.00,0.00,0.00,3,99,10,3,99,2.0,169,90,2.8,4.7,1,0.00,1017.7,1003.2
2025-04-25T07:00,9.4,0.00,96,8.8,8.9,0.00,0.00,0.00,3,90,21,47,78,1.2,317,39,3.4,6.5,1,0.00,1018.3,1003.9
2025-04-25T08:00,10.6,0.00,91,9.3,9.4,0.00,0.00,0.00,3,100,96,100,95,7.1,337,333,9.4,17.6,1,3600.00,1018.3,1004.0
2025-04-25T09:00,10.8,0.30,92,9.6,9.6,0.30,0.00,0.00,51,100,100,100,66,7.1,335,333,9.3,17.6,1,0.00,1018.7,1004.4
2025-04-25T10:00,11.9,0.30,89,10.2,11.2,0.30,0.00,0.00,51,100,100,100,21,5.6,341,338,7.8,19.1,1,0.00,1019.0,1004.7
2025-04-25T11:00,12.4,0.20,86,10.2,11.5,0.20,0.00,0.00,51,100,100,100,97,6.5,342,337,8.9,18.7,1,0.00,1019.1,1004.8
2025-04-25T12:00,12.2,0.10,86,9.9,10.7,0.10,0.00,0.00,51,100,92,100,100,10.4,354,350,14.7,24.8,1,0.00,1019.1,1004.8
2025-04-25T13:00,11.9,0.70,88,9.9,10.1,0.70,0.00,0.00,53,100,73,100,83,12.0,9,8,18.2,27.4,1,0.00,1019.4,1005.1
2025-04-25T14:00,12.1,0.30,87,10.0,10.5,0.30,0.00,0.00,51,100,29,100,99,11.3,24,22,18.4,24.1,1,0.00,1019.3,1005.0
2025-04-25T15:00,12.6,0.20,83,9.7,10.9,0.20,0.00,0.00,51,100,73,97,100,11.4,27,26,18.0,25.2,1,0.00,1019.3,1005.0
2025-04-25T16:00,13.4,0.20,75,9.1,11.6,0.20,0.00,0.00,51,100,81,100,100,10.7,34,35,16.0,26.3,1,170.02,1019.4,1005.2
2025-04-25T17:00,13.6,0.00,76,9.5,12.8,0.00,0.00,0.00,3,100,44,100,100,4.3,54,68,7.3,23.0,1,0.00,1019.3,1005.1
2025-04-25T18:00,13.0,0.00,83,10.2,12.3,0.00,0.00,0.00,3,100,6,100,100,4.8,110,138,8.6,10.1,1,0.00,1019.2,1005.0
2025-04-25T19:00,12.3,0.00,87,10.3,11.8,0.00,0.00,0.00,3,100,10,100,100,4.2,105,121,10.3,10.4,1,0.00,1019.5,1005.2
2025-04-25T20:00,11.7,0.00,87,9.6,10.5,0.00,0.00,0.00,3,100,25,58,100,7.4,72,68,16.7,14.0,0,0.00,1019.9,1005.6
2025-04-25T21:00,11.3,0.00,85,8.9,9.5,0.00,0.00,0.00,3,100,65,100,93,10.5,78,77,21.5,21.2,0,0.00,1020.4,1006.1
2025-04-25T22:00,10.9,0.00,85,8.4,8.9,0.00,0.00,0.00,3,100,57,100,89,10.6,88,87,21.6,22.7,0,0.00,1020.6,1006.2
2025-04-25T23:00,10.5,0.00,84,7.9,8.7,0.00,0.00,0.00,3,100,29,100,92,8.9,86,84,19.1,22.3,0,0.00,1020.7,1006.3
2025-04-26T00:00,10.2,0.00,83,7.4,8.4,0.00,0.00,0.00,3,97,29,95,95,7.8,86,82,18.0,18.7,0,0.00,1020.8,1006.4
2025-04-26T01:00,9.7,0.00,84,7.2,8.3,0.00,0.00,0.00,3,100,24,100,92,4.8,82,63,14.5,16.6,0,0.00,1020.7,1006.3
2025-04-26T02:00,9.0,0.00,88,7.1,7.6,0.00,0.00,0.00,2,78,67,34,3,3.9,63,34,10.9,10.1,0,0.00,1020.8,1006.3
2025-04-26T03:00,8.1,0.00,90,6.6,6.6,0.00,0.00,0.00,2,73,70,7,4,4.7,62,43,12.6,10.1,0,0.00,1020.5,1006.0
2025-04-26T04:00,7.6,0.00,90,6.1,5.8,0.00,0.00,0.00,2,65,65,0,0,5.9,70,59,16.6,12.6,0,0.00,1020.4,1005.9
2025-04-26T05:00,7.6,0.00,89,6.0,5.5,0.00,0.00,0.00,1,42,39,5,0,7.3,77,74,19.8,15.1,0,0.00,1020.4,1005.9
2025-04-26T06:00,8.2,0.00,87,6.2,6.0,0.00,0.00,0.00,3,90,81,45,0,9.0,78,75,21.4,18.4,1,0.00,1020.7,1006.2
2025-04-26T07:00,9.4,0.00,85,7.0,7.5,0.00,0.00,0.00,3,84,79,30,0,7.9,78,73,21.0,19.4,1,2457.08,1020.7,1006.3
2025-04-26T08:00,10.8,0.20,83,8.1,9.2,0.20,0.00,0.00,51,100,100,16,0,7.3,76,74,13.2,19.1,1,3600.00,1020.7,1006.3
2025-04-26T09:00,12.1,0.00,79,8.7,10.5,0.00,0.00,0.00,3,100,100,10,1,8.4,61,56,13.2,21.2,1,2549.04,1020.3,1006.0
2025-04-26T10:00,14.4,0.00,66,8.1,12.1,0.00,0.00,0.00,3,100,100,8,3,12.3,80,78,18.4,28.8,1,3600.00,1020.0,1005.8
2025-04-26T11:00,15.9,0.00,58,7.6,13.0,0.00,0.00,0.00,3,100,100,8,100,18.5,88,89,27.2,41.8,1,3600.00,1019.6,1005.5
2025-04-26T12:00,16.0,0.00,59,7.9,12.8,0.00,0.00,0.00,3,100,100,22,100,18.2,88,88,27.2,42.1,1,2133.18,1019.3,1005.2
2025-04-26T13:00,16.1,0.00,60,8.4,12.9,0.00,0.00,0.00,3,100,100,81,100,18.7,91,91,28.1,42.1,1,718.57,1019.4,1005.3
2025-04-26T14:00,15.7,0.70,72,10.6,14.4,0.70,0.00,0.00,53,100,100,100,33,9.8,98,96,14.0,31.7,1,2793.31,1019.9,1005.8
2025-04-26T15:00,15.0,1.40,82,11.9,15.4,1.40,0.00,0.00,61,100,100,76,98,1.7,127,198,3.9,23.4,1,0.00,1019.6,1005.5
2025-04-26T16:00,15.7,0.10,82,12.7,16.5,0.10,0.00,0.00,51,100,100,84,9,0.4,68,243,1.0,9.4,1,0.00,1019.4,1005.3
2025-04-26T17:00,15.6,0.00,83,12.6,16.0,0.00,0.00,0.00,3,100,100,72,1,2.8,71,63,6.1,9.0,1,329.53,1019.3,1005.2
2025-04-26T18:00,15.7,0.00,72,10.7,15.0,0.00,0.00,0.00,3,100,100,92,5,6.5,62,51,14.4,13.3,1,321.62,1019.4,1005.3
2025-04-26T19:00,14.8,0.00,60,7.1,12.7,0.00,0.00,0.00,3,98,96,65,0,8.9,70,56,20.3,18.7,1,0.00,1019.5,1005.3
2025-04-26T20:00,13.8,0.00,63,6.9,11.8,0.00,0.00,0.00,3,100,100,91,0,8.3,80,66,19.5,18.4,0,0.00,1019.9,1005.7
2025-04-26T21:00,12.9,0.00,67,6.9,10.9,0.00,0.00,0.00,3,85,82,16,0,7.6,70,45,17.6,16.9,0,0.00,1020.0,1005.7
2025-04-26T22:00,11.8,0.00,68,6.0,9.4,0.00,0.00,0.00,0,3,1,2,0,9.3,77,58,22.0,18.7,0,0.00,1020.6,1006.3
2025-04-26T23:00,11.5,0.00,65,5.2,8.4,0.00,0.00,0.00,0,9,2,7,0,13.1,67,60,28.5,26.3,0,0.00,1020.8,1006.5
2025-04-27T00:00,11.4,0.00,68,5.6,8.1,0.00,0.00,0.00,0,19,0,19,0,14.9,74,70,30.9,30.6,0,0.00,1021.0,1006.7
2025-04-27T01:00,11.1,0.00,68,5.4,7.6,0.00,0.00,0.00,0,12,0,12,0,15.8,78,75,31.5,32.8,0,0.00,1021.2,1006.8
2025-04-27T02:00,11.4,0.00,66,5.2,8.0,0.00,0.00,0.00,3,96,8,96,0,14.9,76,72,30.3,31.3,0,0.00,1021.1,1006.8
2025-04-27T03:00,11.1,0.00,66,5.1,7.7,0.00,0.00,0.00,1,34,5,33,0,15.4,76,73,30.7,32.4,0,0.00,1021.2,1006.8
2025-04-27T04:00,10.2,0.00,68,4.6,6.6,0.00,0.00,0.00,1,22,20,3,0,15.8,75,73,32.2,32.8,0,0.00,1021.3,1006.9
2025-04-27T05:00,9.6,0.00,69,4.1,5.9,0.00,0.00,0.00,3,89,89,3,0,15.5,77,77,32.0,32.8,0,0.00,1021.6,1007.2
2025-04-27T06:00,9.6,0.00,69,4.2,6.2,0.00,0.00,0.00,2,78,78,0,0,13.7,82,80,28.6,32.0,1,110.85,1022.2,1007.7
2025-04-27T07:00,10.7,0.00,69,5.2,8.1,0.00,0.00,0.00,3,98,98,0,0,9.2,86,79,21.3,28.1,1,3600.00,1022.9,1008.5
2025-04-27T08:00,12.1,0.00,68,6.4,10.5,0.00,0.00,0.00,3,98,98,0,0,4.9,86,84,8.7,18.7,1,3600.00,1023.4,1009.1
2025-04-27T09:00,13.6,0.00,63,6.8,11.7,0.00,0.00,0.00,3,100,100,0,0,7.2,86,84,10.5,19.8,1,3600.00,1023.6,1009.3
2025-04-27T10:00,15.2,0.00,57,6.7,13.4,0.00,0.00,0.00,3,100,100,0,0,8.0,80,80,11.7,22.3,1,3600.00,1023.7,1009.5
2025-04-27T11:00,16.7,0.00,52,6.9,15.8,0.00,0.00,0.00,3,81,81,0,0,7.3,74,74,10.7,22.0,1,3600.00,1023.7,1009.6
2025-04-27T12:00,18.0,0.00,47,6.6,17.5,0.00,0.00,0.00,3,97,97,0,0,7.6,71,72,10.9,22.0,1,3600.00,1023.3,1009.2
2025-04-27T13:00,18.8,0.00,43,5.9,18.1,0.00,0.00,0.00,3,96,96,0,0,8.1,72,73,11.3,22.3,1,3600.00,1023.2,1009.2
2025-04-27T14:00,19.6,0.00,38,4.9,18.3,0.00,0.00,0.00,2,71,71,0,0,8.2,67,67,11.4,22.3,1,3600.00,1023.2,1009.2
2025-04-27T15:00,19.6,0.00,38,4.8,17.9,0.00,0.00,0.00,3,83,83,0,0,8.5,67,69,11.7,22.7,1,3600.00,1023.0,1009.0
2025-04-27T16:00,19.4,0.00,38,4.9,17.1,0.00,0.00,0.00,1,26,26,0,0,8.7,67,69,12.1,22.0,1,3600.00,1022.9,1008.9
2025-04-27T17:00,18.8,0.00,41,5.4,16.3,0.00,0.00,0.00,0,18,18,0,0,9.2,66,67,13.4,21.2,1,3600.00,1023.0,1009.0
2025-04-27T18:00,17.7,0.00,53,8.1,16.1,0.00,0.00,0.00,3,94,94,0,0,7.3,74,73,13.8,20.5,1,3600.00,1023.5,1009.4
2025-04-27T19:00,15.7,0.00,63,8.7,14.4,0.00,0.00,0.00,3,92,92,0,0,6.5,77,77,15.5,15.1,1,3600.00,1023.8,1009.6
2025-04-27T20:00,13.8,0.00,66,7.5,12.2,0.00,0.00,0.00,3,100,100,0,0,6.4,69,65,16.6,13.3,0,0.00,1024.5,1010.2
2025-04-27T21:00,12.7,0.00,65,6.3,10.7,0.00,0.00,0.00,2,73,73,0,0,7.7,57,51,18.4,14.4,0,0.00,1024.6,1010.3
2025-04-27T22:00,12.0,0.00,65,5.5,9.7,0.00,0.00,0.00,0,0,0,0,0,8.1,65,58,19.4,15.5,0,0.00,1024.7,1010.3
2025-04-27T23:00,11.0,0.00,68,5.3,8.8,0.00,0.00,0.00,0,0,0,0,0,7.1,63,56,17.2,15.5,0,0.00,1024.8,1010.4
2025-04-28T00:00,9.9,0.00,73,5.2,7.9,0.00,0.00,0.00,0,0,0,0,0,5.6,55,50,14.3,13.7,0,0.00,1024.9,1010.4
2025-04-28T01:00,8.9,0.00,77,5.0,7.2,0.00,0.00,0.00,0,0,0,0,0,3.1,38,50,9.0,10.8,0,0.00,1025.0,1010.5
2025-04-28T02:00,7.9,0.00,76,4.0,6.2,0.00,0.00,0.00,0,0,0,0,0,2.0,41,100,3.8,6.1,0,0.00,1024.9,1010.3
2025-04-28T03:00,7.4,0.00,77,3.6,5.5,0.00,0.00,0.00,0,0,0,0,0,2.5,57,82,3.6,5.8,0,0.00,1024.9,1010.3
2025-04-28T04:00,6.9,0.00,78,3.3,4.8,0.00,0.00,0.00,0,0,0,0,0,3.3,78,81,3.5,6.8,0,0.00,1025.0,1010.4
2025-04-28T05:00,6.2,0.00,81,3.2,4.2,0.00,0.00,0.00,0,0,0,0,0,2.9,90,79,2.5,6.8,0,0.00,1025.3,1010.6
2025-04-28T06:00,6.9,0.00,81,3.9,5.1,0.00,0.00,0.00,0,0,0,0,0,2.7,113,90,2.3,6.1,1,392.55,1025.5,1010.9
2025-04-28T07:00,9.2,0.00,77,5.3,7.7,0.00,0.00,0.00,0,2,2,0,0,2.2,125,76,2.2,7.9,1,3600.00,1025.9,1011.4
2025-04-28T08:00,11.9,0.00,72,6.9,11.0,0.00,0.00,0.00,0,6,6,0,0,0.4,82,270,1.3,7.6,1,3600.00,1026.2,1011.8
2025-04-28T09:00,14.2,0.00,66,7.9,13.4,0.00,0.00,0.00,1,25,25,0,0,1.8,307,294,1.8,11.2,1,3600.00,1026.1,1011.8
2025-04-28T10:00,16.3,0.00,61,8.9,16.1,0.00,0.00,0.00,1,49,49,0,0,2.8,304,297,3.2,13.7,1,3600.00,1026.0,1011.8
2025-04-28T11:00,18.0,0.00,58,9.5,18.4,0.00,0.00,0.00,2,53,53,0,0,4.7,308,302,5.9,17.3,1,3600.00,1025.8,1011.7
2025-04-28T12:00,19.2,0.00,52,9.1,19.4,0.00,0.00,0.00,2,79,79,0,0,7.6,310,304,9.8,22.3,1,3600.00,1025.7,1011.7
2025-04-28T13:00,20.0,0.00,51,9.4,20.1,0.00,0.00,0.00,2,70,69,0,4,9.1,319,311,12.0,24.8,1,3600.00,1025.2,1011.2
2025-04-28T14:00,21.2,0.00,42,7.9,20.6,0.00,0.00,0.00,3,82,82,0,2,9.4,324,318,12.7,24.8,1,3600.00,1024.6,1010.7
2025-04-28T15:00,21.4,0.00,38,6.5,19.8,0.00,0.00,0.00,2,79,79,0,1,10.8,337,330,14.9,26.6,1,3600.00,1024.2,1010.3
2025-04-28T16:00,21.2,0.00,35,5.3,18.5,0.00,0.00,0.00,2,64,64,0,0,12.1,348,342,17.1,28.4,1,3600.00,1023.7,1009.8
2025-04-28T17:00,20.7,0.00,38,5.9,18.0,0.00,0.00,0.00,0,0,0,0,0,11.5,356,350,18.0,28.1,1,3600.00,1023.6,1009.7
2025-04-28T18:00,19.4,0.00,47,7.8,17.5,0.00,0.00,0.00,0,0,0,0,0,8.8,3,355,17.1,24.8,1,3600.00,1023.8,1009.8
2025-04-28T19:00,17.2,0.00,57,8.6,15.9,0.00,0.00,0.00,0,0,0,0,0,6.2,21,17,15.4,18.0,1,3600.00,1024.1,1010.0
2025-04-28T20:00,15.0,0.00,64,8.2,13.6,0.00,0.00,0.00,0,0,0,0,0,6.0,44,44,14.0,12.2,0,0.00,1024.8,1010.6
2025-04-28T21:00,13.4,0.00,69,7.8,11.9,0.00,0.00,0.00,0,0,0,0,0,5.9,55,55,14.0,12.2,0,0.00,1025.2,1010.9
2025-04-28T22:00,12.3,0.00,70,7.0,10.5,0.00,0.00,0.00,0,0,0,0,0,6.5,41,48,14.9,12.6,0,0.00,1025.5,1011.1
2025-04-28T23:00,11.8,0.00,72,6.9,10.1,0.00,0.00,0.00,0,0,0,0,0,6.4,36,47,15.7,13.0,0,0.00,1025.5,1011.1
2025-04-29T00:00,11.0,0.00,77,7.2,9.5,0.00,0.00,0.00,0,0,0,0,0,5.2,51,61,12.7,12.2,0,0.00,1025.3,1010.9
2025-04-29T01:00,10.0,0.00,82,7.1,8.7,0.00,0.00,0.00,0,0,0,0,0,4.1,60,75,12.3,10.1,0,0.00,1025.2,1010.7
2025-04-29T02:00,9.1,0.00,79,5.7,7.5,0.00,0.00,0.00,0,0,0,0,0,4.0,68,82,10.9,9.7,0,0.00,1024.5,1010.0
2025-04-29T03:00,8.6,0.00,81,5.4,7.0,0.00,0.00,0.00,0,0,0,0,0,3.1,76,90,6.9,8.3,0,0.00,1024.6,1010.1
2025-04-29T04:00,8.3,0.00,80,5.0,6.9,0.00,0.00,0.00,0,0,0,0,0,0.9,63,79,2.4,6.1,0,0.00,1025.1,1010.5
2025-04-29T05:00,7.8,0.00,80,4.7,6.3,0.00,0.00,0.00,0,0,0,0,0,1.3,66,82,2.2,3.6,0,0.00,1025.3,1010.7
2025-04-29T06:00,8.3,0.00,82,5.4,6.9,0.00,0.00,0.00,0,0,0,0,0,2.0,82,80,2.5,4.3,1,506.59,1025.6,1011.0
2025-04-29T07:00,10.8,0.00,78,7.1,9.7,0.00,0.00,0.00,0,0,0,0,0,1.9,70,49,2.7,6.8,1,3600.00,1025.9,1011.5
2025-04-29T08:00,13.3,0.00,69,7.7,12.4,0.00,0.00,0.00,0,0,0,0,0,2.0,348,297,2.6,9.4,1,3600.00,1026.1,1011.8
2025-04-29T09:00,15.7,0.00,64,8.9,15.0,0.00,0.00,0.00,0,0,0,0,0,2.8,303,285,3.0,12.6,1,3600.00,1025.8,1011.6
2025-04-29T10:00,18.1,0.00,61,10.5,18.3,0.00,0.00,0.00,0,0,0,0,0,3.6,326,311,4.5,14.8,1,3600.00,1025.5,1011.4
2025-04-29T11:00,20.2,0.00,58,11.8,21.3,0.00,0.00,0.00,0,0,0,0,0,4.4,340,328,5.9,16.9,1,3600.00,1025.1,1011.1
2025-04-29T12:00,21.8,0.00,51,11.2,23.4,0.00,0.00,0.00,0,0,0,0,0,3.0,2,346,4.1,16.6,1,3600.00,1024.6,1010.7
2025-04-29T13:00,22.9,0.00,44,9.9,24.4,0.00,0.00,0.00,0,0,0,0,0,2.4,55,48,3.7,14.0,1,3600.00,1024.1,1010.3
2025-04-29T14:00,24.2,0.00,38,9.0,25.4,0.00,0.00,0.00,0,14,14,0,0,1.2,49,39,1.9,12.2,1,3600.00,1023.4,1009.6
2025-04-29T15:00,24.3,0.00,37,8.8,24.7,0.00,0.00,0.00,1,49,49,0,0,2.2,76,81,3.0,11.5,1,3600.00,1022.8,1009.1
2025-04-29T16:00,24.1,0.00,38,8.9,23.4,0.00,0.00,0.00,1,48,48,0,0,4.2,75,78,5.6,13.7,1,3600.00,1022.2,1008.4
2025-04-29T17:00,23.6,0.00,40,9.1,22.4,0.00,0.00,0.00,0,6,6,0,0,6.5,78,77,9.0,15.5,1,3600.00,1022.1,1008.3
2025-04-29T18:00,22.3,0.00,52,12.0,22.0,0.00,0.00,0.00,0,12,12,0,0,5.9,84,78,11.0,15.5,1,3600.00,1022.3,1008.5
2025-04-29T19:00,19.9,0.00,65,13.2,20.2,0.00,0.00,0.00,0,1,1,0,0,4.8,77,63,12.9,11.5,1,3600.00,1022.3,1008.4
2025-04-29T20:00,17.8,0.00,67,11.6,17.2,0.00,0.00,0.00,1,21,21,0,0,7.4,63,49,17.4,14.4,0,0.00,1023.0,1008.9
2025-04-29T21:00,16.1,0.00,68,10.1,15.1,0.00,0.00,0.00,0,0,0,0,0,7.5,53,44,17.5,15.1,0,0.00,1023.3,1009.2
2025-04-29T22:00,14.6,0.00,73,9.8,13.6,0.00,0.00,0.00,0,0,0,0,0,6.4,64,54,15.1,14.8,0,0.00,1023.5,1009.3
2025-04-29T23:00,13.3,0.00,78,9.6,12.2,0.00,0.00,0.00,0,4,4,0,0,7.1,66,56,14.7,14.0,0,0.00,1023.6,1009.3
2025-04-30T00:00,12.8,0.00,78,9.1,11.5,0.00,0.00,0.00,0,4,4,0,0,6.8,60,63,18.3,14.8,0,0.00,1023.7,1009.4
2025-04-30T01:00,11.9,0.00,79,8.3,10.8,0.00,0.00,0.00,0,0,0,0,0,4.4,78,97,13.6,13.7,0,0.00,1023.6,1009.2
2025-04-30T02:00,11.8,0.00,70,6.5,10.1,0.00,0.00,0.00,0,3,3,0,0,5.4,88,96,17.3,12.2,0,0.00,1022.8,1008.5
2025-04-30T03:00,10.9,0.00,72,6.1,9.3,0.00,0.00,0.00,1,27,26,6,0,4.4,87,83,14.8,11.2,0,0.00,1022.8,1008.4
2025-04-30T04:00,10.2,0.00,74,5.7,8.7,0.00,0.00,0.00,0,9,2,8,0,3.0,84,65,8.9,9.4,0,0.00,1022.8,1008.4
2025-04-30T05:00,9.5,0.00,75,5.4,7.9,0.00,0.00,0.00,0,0,0,0,0,3.1,78,62,5.9,6.8,0,0.00,1023.0,1008.5
2025-04-30T06:00,10.2,0.00,75,6.0,8.7,0.00,0.00,0.00,0,0,0,0,0,3.2,54,52,5.8,6.8,1,629.79,1023.2,1008.8
2025-04-30T07:00,12.3,0.00,74,7.7,11.3,0.00,0.00,0.00,0,0,0,0,0,3.0,65,65,5.2,8.3,1,3600.00,1023.4,1009.1
2025-04-30T08:00,15.1,0.00,64,8.3,14.6,0.00,0.00,0.00,0,0,0,0,0,0.6,62,326,3.5,7.9,1,3600.00,1023.6,1009.4
2025-04-30T09:00,17.6,0.00,58,9.2,17.2,0.00,0.00,0.00,1,22,22,0,0,1.4,342,310,1.7,10.8,1,3600.00,1023.4,1009.3
2025-04-30T10:00,19.9,0.00,54,10.3,20.3,0.00,0.00,0.00,0,1,1,0,0,1.5,338,306,1.9,12.2,1,3600.00,1023.2,1009.2
2025-04-30T11:00,21.8,0.00,52,11.5,23.3,0.00,0.00,0.00,0,0,0,0,0,1.5,338,306,1.9,13.0,1,3600.00,1022.9,1009.0
2025-04-30T12:00,23.4,0.00,49,12.0,25.5,0.00,0.00,0.00,1,20,17,4,1,1.7,333,302,2.0,13.7,1,3600.00,1022.6,1008.8
2025-04-30T13:00,24.6,0.00,39,9.5,26.0,0.00,0.00,0.00,1,41,27,11,12,0.2,27,270,0.4,13.7,1,3600.00,1022.2,1008.5
2025-04-30T14:00,26.3,0.00,27,6.0,26.4,0.00,0.00,0.00,1,43,42,2,0,1.3,243,236,1.6,14.4,1,3600.00,1021.3,1007.7
2025-04-30T15:00,26.4,0.00,28,6.2,26.3,0.00,0.00,0.00,0,19,12,7,0,1.5,270,256,1.8,14.4,1,3600.00,1020.7,1007.1
2025-04-30T16:00,26.1,0.00,28,6.4,25.1,0.00,0.00,0.00,0,12,1,11,0,2.3,319,315,3.3,14.0,1,3600.00,1020.1,1006.5
2025-04-30T17:00,25.6,0.00,29,6.5,24.2,0.00,0.00,0.00,1,33,0,33,0,3.0,340,343,4.2,14.0,1,3600.00,1019.9,1006.2
2025-04-30T18:00,24.8,0.00,31,6.6,23.4,0.00,0.00,0.00,0,14,0,14,0,3.4,88,72,5.0,13.0,1,3600.00,1020.1,1006.4
2025-04-30T19:00,22.9,0.00,40,8.5,21.5,0.00,0.00,0.00,0,5,0,5,0,6.3,99,87,13.3,12.6,1,3600.00,1020.2,1006.4
2025-04-30T20:00,20.6,0.00,49,9.6,19.5,0.00,0.00,0.00,0,2,0,2,0,7.2,91,77,17.1,14.0,0,0.00,1020.7,1006.8
2025-04-30T21:00,18.6,0.00,57,10.0,17.7,0.00,0.00,0.00,0,0,0,0,0,6.1,87,71,13.7,14.0,0,0.00,1020.9,1006.9
2025-04-30T22:00,16.5,0.00,68,10.5,15.7,0.00,0.00,0.00,0,0,0,0,0,6.4,88,74,12.2,12.6,0,0.00,1020.7,1006.6
2025-04-30T23:00,14.8,0.00,75,10.5,14.2,0.00,0.00,0.00,0,0,0,0,0,5.4,99,86,10.9,12.6,0,0.00,1020.7,1006.5
2025-05-01T00:00,13.6,0.00,80,10.2,13.0,0.00,0.00,0.00,0,0,0,0,0,4.5,105,90,9.9,11.2,0,0.00,1020.9,1006.7
2025-05-01T01:00,12.6,0.00,83,9.8,12.0,0.00,0.00,0.00,0,0,0,0,0,3.6,79,70,6.8,9.4,0,0.00,1020.6,1006.3
2025-05-01T02:00,10.8,0.00,76,6.7,9.5,0.00,0.00,0.00,0,0,0,0,0,3.3,99,84,5.8,7.2,0,0.00,1020.4,1006.0
2025-05-01T03:00,10.1,0.00,79,6.6,8.5,0.00,0.00,0.00,0,0,0,0,0,4.5,58,67,6.4,9.7,0,0.00,1020.5,1006.1
2025-05-01T04:00,9.2,0.00,82,6.2,7.5,0.00,0.00,0.00,0,0,0,0,0,4.6,56,81,5.2,10.1,0,0.00,1020.4,1006.0
2025-05-01T05:00,8.7,0.00,83,6.0,7.0,0.00,0.00,0.00,0,0,0,0,0,4.7,65,86,5.2,10.4,0,0.00,1020.6,1006.1
2025-05-01T06:00,9.3,0.00,81,6.2,7.4,0.00,0.00,0.00,0,0,0,0,0,6.5,95,96,6.3,12.2,1,761.45,1020.7,1006.3
2025-05-01T07:00,12.8,0.00,70,7.4,11.3,0.00,0.00,0.00,0,0,0,0,0,5.2,102,96,7.7,13.3,1,3600.00,1020.9,1006.6
2025-05-01T08:00,16.4,0.00,60,8.5,15.7,0.00,0.00,0.00,0,0,0,0,0,2.1,99,128,7.3,13.0,1,3600.00,1020.9,1006.8
2025-05-01T09:00,19.2,0.00,51,8.9,18.7,0.00,0.00,0.00,0,0,0,0,0,1.3,115,146,2.6,11.9,1,3600.00,1021.2,1007.2
2025-05-01T10:00,21.8,0.00,45,9.3,21.9,0.00,0.00,0.00,0,0,0,0,0,2.2,118,132,3.5,14.4,1,3600.00,1020.8,1007.0
2025-05-01T11:00,24.2,0.00,39,9.3,24.7,0.00,0.00,0.00,0,0,0,0,0,3.7,131,133,5.2,17.3,1,3600.00,1020.4,1006.7
2025-05-01T12:00,26.0,0.00,32,7.8,26.3,0.00,0.00,0.00,0,0,0,0,0,5.4,144,146,7.3,20.2,1,3600.00,1019.9,1006.3
2025-05-01T13:00,26.9,0.00,26,5.8,26.4,0.00,0.00,0.00,0,0,0,0,0,7.7,152,150,10.2,24.1,1,3600.00,1019.5,1005.9
2025-05-01T14:00,27.7,0.00,25,5.6,26.9,0.00,0.00,0.00,0,2,0,2,0,8.4,146,145,11.3,25.6,1,3600.00,1018.6,1005.1
2025-05-01T15:00,27.7,0.00,25,5.7,26.4,0.00,0.00,0.00,0,2,0,2,0,8.3,140,138,11.0,25.6,1,3600.00,1018.0,1004.5
2025-05-01T16:00,27.5,0.00,24,5.4,25.5,0.00,0.00,0.00,0,1,0,1,0,7.6,145,142,10.1,24.5,1,3600.00,1017.5,1004.0
2025-05-01T17:00,27.0,0.00,25,5.3,24.6,0.00,0.00,0.00,1,20,20,1,0,8.3,151,147,11.1,22.3,1,3600.00,1017.3,1003.7
2025-05-01T18:00,26.1,0.00,27,5.6,23.9,0.00,0.00,0.00,0,12,12,0,0,7.8,154,148,11.6,22.0,1,3600.00,1017.1,1003.5
2025-05-01T19:00,24.5,0.00,34,7.8,23.0,0.00,0.00,0.00,0,0,0,0,0,6.2,156,134,12.8,16.6,1,3600.00,1016.9,1003.2
2025-05-01T20:00,22.0,0.00,45,9.5,20.6,0.00,0.00,0.00,0,0,0,0,0,8.5,141,119,17.7,15.5,0,0.00,1017.1,1003.3
2025-05-01T21:00,20.3,0.00,54,10.6,18.9,0.00,0.00,0.00,0,1,0,1,0,10.5,136,117,21.6,19.8,0,0.00,1017.5,1003.6
2025-05-01T22:00,19.3,0.00,56,10.2,18.3,0.00,0.00,0.00,0,0,0,0,0,7.2,138,108,18.6,19.8,0,0.00,1017.8,1003.9
2025-05-01T23:00,17.7,0.00,61,10.1,17.4,0.00,0.00,0.00,0,1,0,1,0,2.0,144,90,10.0,13.7,0,0.00,1018.0,1004.0
2025-05-02T00:00,16.5,0.00,65,9.8,16.0,0.00,0.00,0.00,0,3,2,0,0,3.5,136,78,9.5,6.8,0,0.00,1017.9,1003.9
2025-05-02T01:00,16.4,0.00,63,9.3,15.0,0.00,0.00,0.00,0,8,8,0,0,7.9,138,87,15.0,15.1,0,0.00,1017.5,1003.4
2025-05-02T02:00,14.1,0.00,68,8.3,12.4,0.00,0.00,0.00,0,2,1,1,0,8.1,143,91,11.6,14.0,0,0.00,1017.2,1003.0
2025-05-02T03:00,12.8,0.00,74,8.3,11.3,0.00,0.00,0.00,0,9,7,2,0,7.2,155,108,11.7,16.9,0,0.00,1017.2,1003.0
2025-05-02T04:00,11.9,0.00,78,8.1,10.2,0.00,0.00,0.00,0,2,1,1,0,8.1,158,103,11.3,14.8,0,0.00,1017.2,1002.9
2025-05-02T05:00,11.7,0.00,78,7.9,10.0,0.00,0.00,0.00,0,0,0,0,0,7.8,166,113,13.8,15.1,0,0.00,1017.3,1003.0
2025-05-02T06:00,12.8,0.00,72,7.9,10.8,0.00,0.00,0.00,0,0,0,0,0,9.7,173,124,17.0,17.6,1,900.95,1017.5,1003.3
2025-05-02T07:00,15.8,0.00,62,8.6,14.0,0.00,0.00,0.00,0,0,0,0,0,9.4,186,145,17.9,19.1,1,3600.00,1017.8,1003.7
2025-05-02T08:00,18.4,0.00,56,9.4,17.1,0.00,0.00,0.00,0,0,0,0,0,7.8,192,167,15.1,20.9,1,3600.00,1017.9,1003.9
2025-05-02T09:00,21.0,0.00,50,10.2,20.0,0.00,0.00,0.00,0,0,0,0,0,6.9,194,186,10.2,20.5,1,3600.00,1017.9,1004.1
2025-05-02T10:00,23.3,0.00,44,10.4,22.9,0.00,0.00,0.00,0,0,0,0,0,6.9,199,194,9.5,22.0,1,3600.00,1017.5,1003.8
2025-05-02T11:00,25.1,0.00,39,10.0,24.9,0.00,0.00,0.00,0,0,0,0,0,8.4,198,195,11.3,25.2,1,3600.00,1017.1,1003.5
2025-05-02T12:00,26.5,0.00,35,9.6,26.4,0.00,0.00,0.00,0,17,17,0,0,9.9,207,205,13.5,28.4,1,3600.00,1016.9,1003.3
2025-05-02T13:00,27.6,0.00,30,8.6,27.1,0.00,0.00,0.00,2,59,59,0,0,11.2,216,213,15.5,30.6,1,3600.00,1016.2,1002.7
2025-05-02T14:00,29.1,0.00,26,7.5,27.7,0.00,0.00,0.00,0,3,3,1,0,12.9,227,227,18.0,34.6,1,3600.00,1014.9,1001.5
2025-05-02T15:00,29.4,0.00,24,6.6,27.6,0.00,0.00,0.00,1,25,24,2,0,12.2,229,229,17.1,34.6,1,3600.00,1014.0,1000.6
2025-05-02T16:00,29.3,0.00,24,6.4,27.0,0.00,0.00,0.00,3,94,94,1,0,10.7,237,237,14.7,32.4,1,3600.00,1013.4,1000.0
2025-05-02T17:00,28.7,0.00,25,6.7,26.4,0.00,0.00,0.00,3,97,97,0,0,9.7,246,245,13.8,27.7,1,3600.00,1013.3,999.9
2025-05-02T18:00,28.1,0.00,27,7.6,26.1,0.00,0.00,0.00,1,29,18,14,0,9.2,246,247,13.9,24.5,1,3600.00,1013.3,999.8
2025-05-02T19:00,26.3,0.00,34,9.3,24.9,0.00,0.00,0.00,1,45,15,38,0,8.8,254,255,16.9,19.8,1,3600.00,1013.6,1000.1
2025-05-02T20:00,23.8,0.00,40,9.4,23.0,0.00,0.00,0.00,1,46,26,34,0,4.6,281,288,13.4,17.6,0,0.00,1013.8,1000.1
2025-05-02T21:00,22.6,0.00,43,9.3,21.8,0.00,0.00,0.00,2,75,55,45,0,3.8,270,267,11.2,9.4,0,0.00,1014.0,1000.3
2025-05-02T22:00,21.5,0.00,46,9.3,21.0,0.00,0.00,0.00,3,100,100,6,0,2.4,254,216,9.7,8.3,0,0.00,1013.8,1000.0
2025-05-02T23:00,20.5,0.00,48,9.3,19.6,0.00,0.00,0.00,3,86,86,3,0,5.0,224,180,11.5,10.1,0,0.00,1013.7,999.9
2025-05-03T00:00,19.0,0.00,54,9.4,17.8,0.00,0.00,0.00,1,36,36,0,0,6.6,232,189,16.8,15.1,0,0.00,1013.8,999.9
2025-05-03T01:00,18.7,0.00,53,8.9,17.3,0.00,0.00,0.00,0,4,4,0,0,7.6,251,218,19.6,16.2,0,0.00,1013.8,999.9
2025-05-03T02:00,18.7,0.00,47,7.3,16.3,0.00,0.00,0.00,3,90,90,3,0,11.7,227,214,26.7,23.8,0,0.00,1013.2,999.3
2025-05-03T03:00,18.1,0.00,50,7.5,15.4,0.00,0.00,0.00,2,74,72,8,0,14.3,234,224,29.8,29.9,0,0.00,1013.3,999.4
2025-05-03T04:00,17.5,0.00,52,7.4,15.0,0.00,0.00,0.00,3,96,95,18,0,12.0,236,229,26.4,29.9,0,0.00,1013.2,999.3
2025-05-03T05:00,16.9,0.00,54,7.4,14.3,0.00,0.00,0.00,3,100,100,2,0,13.0,233,225,27.3,27.0,1,0.00,1013.1,999.1
2025-05-03T06:00,17.6,0.00,54,8.1,14.8,0.00,0.00,0.00,3,100,100,21,0,15.3,235,230,28.9,32.4,1,0.00,1013.2,999.3
2025-05-03T07:00,18.5,0.00,53,8.7,15.9,0.00,0.00,0.00,3,100,100,99,0,15.6,236,233,27.4,33.8,1,0.00,1013.2,999.3
2025-05-03T08:00,19.4,0.00,53,9.6,17.6,0.00,0.00,0.00,3,100,82,100,0,11.7,231,226,18.3,33.1,1,3600.00,1012.7,998.9
2025-05-03T09:00,17.9,0.60,71,12.5,16.2,0.60,0.00,0.00,53,100,100,97,0,17.3,215,213,27.4,38.2,1,1551.35,1013.2,999.3
2025-05-03T10:00,17.9,0.20,69,12.1,16.8,0.20,0.00,0.00,51,100,100,100,0,11.7,194,189,18.2,37.4,1,0.00,1012.6,998.7
2025-05-03T11:00,19.5,0.00,61,11.8,18.3,0.00,0.00,0.00,3,99,35,99,3,11.7,191,185,17.6,28.4,1,732.71,1011.6,997.8
2025-05-03T12:00,22.3,0.00,50,11.3,20.3,0.00,0.00,0.00,3,100,47,100,3,17.7,225,225,25.7,46.4,1,3600.00,1011.1,997.4
2025-05-03T13:00,22.6,0.00,47,10.6,20.2,0.00,0.00,0.00,3,91,90,6,4,17.4,225,224,25.7,42.5,1,0.00,1010.0,996.3
2025-05-03T14:00,23.0,0.00,50,12.1,21.0,0.00,0.00,0.00,3,86,81,21,19,19.3,219,219,28.3,49.3,1,3600.00,1009.5,995.9
2025-05-03T15:00,23.9,0.00,46,11.7,21.5,0.00,0.00,0.00,1,32,15,11,17,20.4,227,227,29.8,49.3,1,3600.00,1008.2,994.6
2025-05-03T16:00,25.1,0.00,42,11.1,22.4,0.00,0.00,0.00,2,75,24,66,26,20.5,239,238,30.0,49.3,1,3600.00,1007.3,993.8
2025-05-03T17:00,21.4,1.10,61,13.5,20.4,1.10,0.00,0.00,55,75,73,9,0,14.4,268,267,23.4,54.4,1,3600.00,1007.5,993.8
2025-05-03T18:00,21.8,0.00,59,13.5,20.5,0.00,0.00,0.00,3,97,96,36,5,15.9,246,245,25.5,34.9,1,3600.00,1007.0,993.3
2025-05-03T19:00,20.2,0.00,63,12.9,18.6,0.00,0.00,0.00,2,72,50,43,0,17.7,254,251,29.2,42.1,1,0.00,1007.4,993.7
2025-05-03T20:00,17.7,1.50,79,14.1,16.8,1.50,0.00,0.00,61,73,44,48,16,15.3,252,253,26.1,41.0,0,0.00,1008.2,994.3
2025-05-03T21:00,15.6,3.70,95,14.8,15.7,3.70,0.00,0.00,63,95,63,35,78,10.1,294,295,19.3,36.4,0,0.00,1008.7,994.7
2025-05-03T22:00,15.3,2.60,93,14.1,15.3,2.60,0.00,0.00,63,97,6,28,95,9.5,295,281,17.1,23.0,0,0.00,1008.8,994.8
2025-05-03T23:00,14.8,1.90,90,13.2,13.8,1.90,0.00,0.00,61,99,46,81,98,13.6,332,330,24.3,25.6,0,0.00,1009.3,995.3
2025-05-04T00:00,13.9,0.20,90,12.3,12.7,0.20,0.00,0.00,51,100,8,38,99,13.2,336,332,22.3,28.4,0,0.00,1009.6,995.5
2025-05-04T01:00,13.3,2.00,90,11.7,12.0,2.00,0.00,0.00,61,97,6,90,69,12.7,339,333,22.4,26.3,0,0.00,1009.7,995.6
2025-05-04T02:00,12.8,0.00,91,11.4,11.8,0.00,0.00,0.00,3,100,10,100,73,9.5,338,331,17.9,21.6,0,0.00,1010.2,996.1
2025-05-04T03:00,12.7,0.20,91,11.3,11.6,0.20,0.00,0.00,51,100,93,100,0,10.6,341,337,19.2,22.0,0,0.00,1010.5,996.4
2025-05-04T04:00,12.4,0.10,93,11.2,10.9,0.10,0.00,0.00,51,67,2,63,9,12.6,331,326,22.4,24.5,0,0.00,1010.7,996.5
2025-05-04T05:00,10.9,0.00,90,9.3,8.5,0.00,0.00,0.00,3,89,58,73,1,15.1,346,340,26.2,31.7,1,0.00,1011.2,997.0
2025-05-04T06:00,10.5,0.00,90,9.0,8.5,0.00,0.00,0.00,3,82,80,7,2,12.3,355,349,20.8,31.0,1,0.00,1011.5,997.2
2025-05-04T07:00,10.8,0.00,87,8.7,8.8,0.00,0.00,0.00,3,89,79,39,16,11.4,352,349,16.7,26.3,1,3600.00,1011.9,997.7
2025-05-04T08:00,11.4,0.00,80,8.2,9.2,0.00,0.00,0.00,3,89,70,17,57,11.8,354,352,17.4,28.1,1,3600.00,1012.1,997.9
2025-05-04T09:00,12.4,0.00,72,7.4,10.0,0.00,0.00,0.00,3,100,95,4,100,11.7,357,356,16.2,29.2,1,3600.00,1012.2,998.0
2025-05-04T10:00,12.5,0.00,66,6.4,10.0,0.00,0.00,0.00,3,85,59,10,59,10.6,1,359,14.8,28.8,1,3600.00,1012.5,998.3
2025-05-04T11:00,13.5,0.00,60,5.9,11.7,0.00,0.00,0.00,1,21,4,5,14,9.0,1,358,12.4,27.4,1,3600.00,1012.2,998.1
2025-05-04T12:00,14.9,0.00,50,4.6,13.9,0.00,0.00,0.00,2,53,0,12,47,8.2,354,351,11.2,24.8,1,3600.00,1011.6,997.6
2025-05-04T13:00,15.3,0.00,48,4.2,13.6,0.00,0.00,0.00,2,53,0,36,26,9.1,351,346,12.2,24.8,1,3600.00,1011.2,997.2
2025-05-04T14:00,15.3,0.00,46,3.6,13.8,0.00,0.00,0.00,2,73,13,31,67,8.3,3,359,11.4,23.8,1,3600.00,1011.6,997.6
2025-05-04T15:00,15.6,0.00,45,3.6,13.2,0.00,0.00,0.00,3,100,100,96,0,10.1,1,358,13.7,25.9,1,3600.00,1011.3,997.3
2025-05-04T16:00,14.5,0.00,47,3.4,11.1,0.00,0.00,0.00,3,99,98,54,2,12.3,6,3,17.6,29.9,1,1356.75,1011.0,996.9
2025-05-04T17:00,14.1,0.00,49,3.5,10.7,0.00,0.00,0.00,3,100,100,28,3,12.3,14,12,18.2,28.4,1,3600.00,1011.1,997.0
2025-05-04T18:00,13.6,0.00,52,4.1,10.5,0.00,0.00,0.00,3,99,99,14,6,11.7,15,13,18.3,29.2,1,3600.00,1010.7,996.6
2025-05-04T19:00,12.7,0.00,58,4.6,10.2,0.00,0.00,0.00,3,97,89,73,19,8.1,27,25,16.5,25.2,1,3560.62,1011.1,997.0
2025-05-04T20:00,11.7,0.00,60,4.3,9.1,0.00,0.00,0.00,3,91,52,82,22,8.9,38,38,19.2,18.4,0,0.00,1011.2,997.0
2025-05-04T21:00,10.6,0.00,65,4.4,8.0,0.00,0.00,0.00,3,100,100,91,4,8.1,45,45,19.5,18.7,0,0.00,1011.8,997.5
2025-05-04T22:00,10.2,0.00,68,4.7,7.6,0.00,0.00,0.00,3,99,98,63,7,8.9,43,40,20.5,18.4,0,0.00,1012.0,997.7
2025-05-04T23:00,10.0,0.00,70,4.7,7.2,0.00,0.00,0.00,3,100,100,22,1,10.7,42,36,23.1,22.0,0,0.00,1012.0,997.7
2025-05-05T00:00,9.4,0.00,71,4.5,6.4,0.00,0.00,0.00,3,100,100,2,9,11.5,42,35,24.1,23.8,0,0.00,1011.8,997.5
2025-05-05T01:00,9.0,0.00,72,4.2,5.9,0.00,0.00,0.00,3,92,87,22,34,11.7,45,38,23.8,24.5,0,0.00,1011.7,997.4
2025-05-05T02:00,8.5,0.00,72,3.7,5.3,0.00,0.00,0.00,3,100,100,8,12,11.9,43,32,24.6,27.4,0,0.00,1011.7,997.3
2025-05-05T03:00,8.3,0.00,71,3.4,5.0,0.00,0.00,0.00,3,100,100,35,12,12.3,45,35,24.9,26.3,0,0.00,1011.6,997.2
2025-05-05T04:00,8.2,0.00,71,3.3,4.8,0.00,0.00,0.00,3,96,71,84,6,12.2,49,38,24.5,26.3,0,0.00,1011.7,997.3
2025-05-05T05:00,8.4,0.00,70,3.2,4.8,0.00,0.00,0.00,3,83,58,58,4,13.7,55,46,26.6,29.5,1,0.00,1011.7,997.3
2025-05-05T06:00,8.4,0.00,69,3.1,4.6,0.00,0.00,0.00,1,39,17,26,0,15.0,56,48,28.3,32.4,1,429.25,1011.8,997.4
2025-05-05T07:00,9.3,0.00,69,4.0,6.1,0.00,0.00,0.00,2,56,37,31,0,12.1,48,40,21.0,32.8,1,3600.00,1012.1,997.8
2025-05-05T08:00,10.4,0.00,67,4.4,7.0,0.00,0.00,0.00,3,100,100,96,0,13.5,44,41,20.9,31.3,1,3600.00,1012.3,998.0
2025-05-05T09:00,11.4,0.00,60,4.0,8.0,0.00,0.00,0.00,3,100,100,96,0,13.1,50,47,20.1,31.7,1,3495.44,1012.6,998.4
2025-05-05T10:00,12.7,0.00,53,3.3,9.0,0.00,0.00,0.00,3,100,100,100,0,14.6,53,51,21.6,33.8,1,3600.00,1012.7,998.5
2025-05-05T11:00,13.6,0.00,46,2.3,9.2,0.00,0.00,0.00,3,100,100,100,81,17.9,57,56,26.3,39.6,1,3600.00,1012.8,998.7
2025-05-05T12:00,13.7,0.00,47,2.6,9.5,0.00,0.00,0.00,3,100,100,100,91,16.9,59,59,25.5,40.0,1,538.40,1012.7,998.6
2025-05-05T13:00,14.4,0.00,48,3.6,10.4,0.00,0.00,0.00,3,100,100,99,67,16.8,60,59,24.9,39.2,1,2538.05,1013.0,998.9
2025-05-05T14:00,14.3,0.00,49,3.7,10.4,0.00,0.00,0.00,3,100,100,100,91,16.3,52,52,23.9,40.7,1,1014.55,1013.2,999.1
2025-05-05T15:00,13.9,0.00,52,4.1,10.1,0.00,0.00,0.00,3,100,97,95,27,16.2,53,51,24.7,37.1,1,0.00,1013.3,999.2
2025-05-05T16:00,14.3,0.00,50,4.0,10.5,0.00,0.00,0.00,3,96,45,87,57,15.9,54,53,23.8,38.5,1,3600.00,1013.3,999.2
2025-05-05T17:00,14.5,0.00,48,3.7,10.9,0.00,0.00,0.00,3,100,100,89,20,14.5,54,54,21.5,34.9,1,3600.00,1013.2,999.1
2025-05-05T18:00,14.0,0.00,53,4.5,10.8,0.00,0.00,0.00,3,100,100,84,38,12.9,57,57,22.0,34.6,1,3600.00,1013.4,999.3
2025-05-05T19:00,12.7,0.00,60,5.2,10.1,0.00,0.00,0.00,3,100,100,65,13,10.0,61,60,19.9,27.7,1,1608.03,1013.9,999.7
2025-05-05T20:00,12.3,0.00,61,4.9,9.4,0.00,0.00,0.00,3,100,100,99,61,11.2,48,44,22.2,23.8,0,0.00,1014.4,1000.2
2025-05-05T21:00,11.9,0.00,58,4.0,8.4,0.00,0.00,0.00,3,100,100,45,4,14.0,45,38,26.1,29.9,0,0.00,1014.7,1000.5
2025-05-05T22:00,11.3,0.00,59,3.6,7.8,0.00,0.00,0.00,3,100,100,0,0,13.4,58,54,25.8,30.6,0,0.00,1015.0,1000.7
2025-05-05T23:00,10.4,0.00,63,3.6,7.1,0.00,0.00,0.00,3,97,97,5,2,11.9,63,59,24.1,28.8,0,0.00,1015.4,1001.1
2025-05-06T00:00,9.6,0.00,66,3.5,6.3,0.00,0.00,0.00,3,99,99,16,1,12.2,68,64,25.1,26.3,0,0.00,1015.6,1001.2
2025-05-06T01:00,9.1,0.00,68,3.5,5.9,0.00,0.00,0.00,3,99,98,15,1,11.5,69,63,24.1,26.3,0,0.00,1015.7,1001.3
2025-05-06T02:00,9.2,0.00,69,3.8,6.1,0.00,0.00,0.00,3,100,100,25,0,10.7,69,61,23.2,26.3,0,0.00,1015.6,1001.2
2025-05-06T03:00,8.7,0.00,72,3.9,5.9,0.00,0.00,0.00,3,100,100,52,1,9.3,58,43,20.5,22.7,0,0.00,1015.9,1001.5
2025-05-06T04:00,8.1,0.00,73,3.6,5.0,0.00,0.00,0.00,3,99,94,82,5,10.7,49,40,22.7,22.0,0,0.00,1016.3,1001.9
2025-05-06T05:00,8.1,0.00,71,3.2,4.8,0.00,0.00,0.00,3,99,99,68,2,11.5,53,45,24.0,24.1,1,0.00,1016.6,1002.2
2025-05-06T06:00,8.3,0.00,70,3.1,5.0,0.00,0.00,0.00,3,100,100,6,0,12.1,52,46,24.5,25.6,1,0.00,1016.8,1002.4
2025-05-06T07:00,9.4,0.00,68,3.8,6.3,0.00,0.00,0.00,3,89,89,3,0,11.3,48,42,21.3,27.0,1,3600.00,1017.0,1002.6
2025-05-06T08:00,11.0,0.00,62,4.0,7.7,0.00,0.00,0.00,2,58,58,0,0,12.6,47,44,19.6,29.2,1,3600.00,1017.1,1002.8
2025-05-06T09:00,12.5,0.00,51,2.6,8.6,0.00,0.00,0.00,1,42,42,0,0,14.9,58,56,22.2,34.2,1,3600.00,1017.2,1003.0
2025-05-06T10:00,13.6,0.00,46,2.1,9.9,0.00,0.00,0.00,2,60,42,30,23,16.5,62,62,24.1,38.2,1,3600.00,1017.3,1003.1
2025-05-06T11:00,14.1,0.00,43,1.6,10.4,0.00,0.00,0.00,2,71,52,40,10,16.1,57,56,23.3,38.5,1,3600.00,1017.2,1003.0
2025-05-06T12:00,14.9,0.00,40,1.4,11.7,0.00,0.00,0.00,2,58,14,52,0,15.1,51,51,21.5,37.4,1,3600.00,1017.1,1003.0
2025-05-06T13:00,15.8,0.00,38,1.4,12.9,0.00,0.00,0.00,3,88,0,88,0,14.0,53,52,19.9,35.6,1,3600.00,1016.6,1002.5
2025-05-06T14:00,16.1,0.00,36,0.9,12.8,0.00,0.00,0.00,2,69,0,69,0,13.9,41,40,19.9,33.8,1,3600.00,1016.2,1002.2
2025-05-06T15:00,16.3,0.00,38,1.8,13.0,0.00,0.00,0.00,2,66,0,66,0,14.3,39,37,20.4,33.8,1,3600.00,1015.9,1001.9
2025-05-06T16:00,16.2,0.00,38,1.8,12.4,0.00,0.00,0.00,2,70,0,70,0,13.5,37,36,19.4,33.8,1,3600.00,1015.7,1001.7
2025-05-06T17:00,16.2,0.00,38,1.9,12.5,0.00,0.00,0.00,2,55,0,55,0,12.8,42,40,19.0,31.0,1,3600.00,1015.8,1001.8
2025-05-06T18:00,15.4,0.00,45,3.7,12.7,0.00,0.00,0.00,2,72,0,72,0,8.4,47,45,15.4,27.7,1,3600.00,1016.0,1001.9
2025-05-06T19:00,14.5,0.00,58,6.4,13.0,0.00,0.00,0.00,3,82,0,82,0,4.0,35,30,9.9,17.3,1,1702.66,1016.3,1002.2
2025-05-06T20:00,13.2,0.00,60,5.7,11.1,0.00,0.00,0.00,2,62,0,62,4,6.9,42,39,16.1,13.3,0,0.00,1016.8,1002.6
2025-05-06T21:00,11.9,0.00,57,3.6,8.8,0.00,0.00,0.00,0,3,0,3,0,10.8,47,43,23.9,22.0,0,0.00,1017.3,1003.0
2025-05-06T22:00,10.5,0.00,58,2.6,7.0,0.00,0.00,0.00,0,0,0,0,0,11.9,39,35,26.1,24.5,0,0.00,1017.8,1003.5
2025-05-06T23:00,9.8,0.00,62,2.8,6.3,0.00,0.00,0.00,0,7,0,7,0,12.7,36,33,27.7,26.3,0,0.00,1017.9,1003.5
2025-05-07T00:00,9.5,0.00,66,3.5,6.0,0.00,0.00,0.00,0,0,0,0,0,14.0,47,45,29.5,29.2,0,0.00,1017.9,1003.5
2025-05-07T01:00,9.1,0.00,70,3.9,5.9,0.00,0.00,0.00,0,0,0,0,0,12.0,60,54,26.3,29.2,0,0.00,1017.7,1003.3
2025-05-07T02:00,8.8,0.00,69,3.4,5.5,0.00,0.00,0.00,0,0,0,0,0,12.0,58,51,26.8,27.7,0,0.00,1017.5,1003.1
2025-05-07T03:00,8.4,0.00,71,3.5,5.2,0.00,0.00,0.00,0,0,0,0,0,11.4,60,53,25.9,24.8,0,0.00,1017.4,1003.0
2025-05-07T04:00,8.2,0.00,72,3.4,5.1,0.00,0.00,0.00,0,0,0,0,0,10.7,62,53,24.9,23.8,0,0.00,1017.3,1002.8
2025-05-07T05:00,8.0,0.00,70,2.9,4.9,0.00,0.00,0.00,0,5,5,0,0,9.9,63,53,23.6,22.3,1,0.00,1017.2,1002.7
2025-05-07T06:00,8.3,0.00,70,3.2,5.5,0.00,0.00,0.00,0,2,2,0,0,8.7,63,50,20.4,20.5,1,1838.65,1017.4,1003.0
2025-05-07T07:00,10.0,0.00,69,4.6,7.8,0.00,0.00,0.00,0,0,0,0,0,6.4,64,47,20.4,18.4,1,3600.00,1017.6,1003.2
2025-05-07T08:00,12.2,0.00,65,5.7,10.1,0.00,0.00,0.00,0,1,1,0,0,7.0,53,48,11.2,18.7,1,3600.00,1017.6,1003.3
2025-05-07T09:00,14.0,0.00,54,4.8,11.2,0.00,0.00,0.00,0,2,0,1,0,10.8,59,57,15.6,26.3,1,3600.00,1017.2,1003.0
2025-05-07T10:00,15.2,0.00,48,4.2,11.8,0.00,0.00,0.00,3,99,0,69,99,16.9,70,70,24.1,38.9,1,3600.00,1016.9,1002.8
2025-05-07T11:00,15.3,0.00,49,4.5,11.6,0.00,0.00,0.00,3,100,0,100,100,16.6,64,63,24.1,39.2,1,3600.00,1016.7,1002.6
2025-05-07T12:00,15.2,0.00,49,4.7,11.7,0.00,0.00,0.00,3,100,0,100,98,15.3,60,60,22.5,37.8,1,0.00,1016.5,1002.4
2025-05-07T13:00,15.5,0.00,49,4.8,12.1,0.00,0.00,0.00,3,100,0,100,87,14.6,60,60,21.4,34.6,1,266.67,1016.2,1002.1
2025-05-07T14:00,15.8,0.00,47,4.4,12.4,0.00,0.00,0.00,3,100,0,100,87,14.5,53,53,21.2,33.5,1,2321.64,1016.0,1001.9
2025-05-07T15:00,15.3,0.00,47,3.9,11.7,0.00,0.00,0.00,3,99,0,99,94,14.3,50,51,20.6,34.9,1,0.00,1015.8,1001.7
2025-05-07T16:00,15.1,0.00,47,4.0,11.9,0.00,0.00,0.00,3,88,0,88,44,12.4,55,56,18.7,34.6,1,0.00,1015.5,1001.4
2025-05-07T17:00,15.8,0.00,45,3.7,12.4,0.00,0.00,0.00,0,12,7,4,1,12.9,51,51,19.3,29.5,1,3600.00,1015.2,1001.2
2025-05-07T18:00,15.1,0.00,49,4.5,12.0,0.00,0.00,0.00,3,99,99,40,8,12.0,51,50,19.3,28.8,1,3600.00,1015.3,1001.2
2025-05-07T19:00,14.2,0.00,53,4.8,11.4,0.00,0.00,0.00,3,95,86,68,1,10.2,46,41,19.0,25.2,1,297.04,1015.5,1001.4
2025-05-07T20:00,13.0,0.00,58,5.0,10.6,0.00,0.00,0.00,3,100,3,100,1,8.1,38,29,17.8,21.2,0,0.00,1015.7,1001.5
2025-05-07T21:00,12.3,0.00,62,5.2,9.9,0.00,0.00,0.00,3,100,18,100,5,8.4,42,34,18.6,18.0,0,0.00,1016.2,1002.0
2025-05-07T22:00,12.0,0.00,65,5.6,9.7,0.00,0.00,0.00,3,100,88,99,5,8.1,43,31,18.1,18.0,0,0.00,1016.0,1001.8
2025-05-07T23:00,11.2,0.00,68,5.5,8.9,0.00,0.00,0.00,3,99,5,99,3,8.4,45,31,18.6,17.6,0,0.00,1016.0,1001.7
2025-05-08T00:00,10.9,0.00,70,5.5,8.8,0.00,0.00,0.00,3,100,10,100,8,6.8,55,40,16.5,17.6,0,0.00,1015.8,1001.5
2025-05-08T01:00,10.6,0.00,70,5.4,8.5,0.00,0.00,0.00,3,88,1,88,23,6.0,56,33,15.2,14.4,0,0.00,1015.7,1001.4
2025-05-08T02:00,11.1,0.00,66,4.9,8.6,0.00,0.00,0.00,3,90,0,90,16,8.2,61,49,18.4,16.9,0,0.00,1015.1,1000.8
2025-05-08T03:00,11.0,0.00,66,4.8,8.3,0.00,0.00,0.00,3,100,5,100,4,9.5,55,44,19.6,19.8,0,0.00,1015.0,1000.7
2025-05-08T04:00,10.6,0.00,65,4.4,7.8,0.00,0.00,0.00,3,100,59,100,4,10.1,48,40,20.3,20.9,0,0.00,1014.9,1000.6
2025-05-08T05:00,10.2,0.00,62,3.4,7.1,0.00,0.00,0.00,3,100,92,100,6,10.8,52,46,21.8,22.7,1,0.00,1014.9,1000.6
2025-05-08T06:00,10.2,0.00,59,2.6,6.9,0.00,0.00,0.00,3,99,50,98,7,10.7,59,55,21.5,22.7,1,0.00,1015.2,1000.9
2025-05-08T07:00,10.6,0.00,59,2.9,7.4,0.00,0.00,0.00,3,100,0,100,20,10.6,64,60,18.8,23.4,1,0.00,1015.4,1001.1
2025-05-08T08:00,11.2,0.00,60,3.8,8.1,0.00,0.00,0.00,3,100,0,100,61,11.2,66,62,17.8,24.8,1,1082.84,1015.4,1001.1
2025-05-08T09:00,11.8,0.00,59,4.1,8.9,0.00,0.00,0.00,3,95,0,95,9,10.5,68,65,16.1,25.6,1,3242.91,1015.6,1001.4
2025-05-08T10:00,13.0,0.00,56,4.5,10.2,0.00,0.00,0.00,3,100,0,100,0,9.6,65,62,13.9,25.2,1,3600.00,1015.7,1001.5
2025-05-08T11:00,14.0,0.00,53,4.6,11.3,0.00,0.00,0.00,3,83,0,83,6,9.4,61,59,13.5,24.1,1,2045.97,1015.5,1001.4
2025-05-08T12:00,15.7,0.00,43,3.0,13.1,0.00,0.00,0.00,2,62,0,59,25,10.6,66,67,15.0,27.7,1,3600.00,1015.2,1001.1
2025-05-08T13:00,16.2,0.00,41,2.9,13.4,0.00,0.00,0.00,2,52,9,47,2,11.8,56,57,16.6,29.2,1,3600.00,1015.0,1001.0
2025-05-08T14:00,16.8,0.10,38,2.5,13.8,0.10,0.00,0.00,51,66,0,66,4,11.7,58,58,16.3,29.5,1,3600.00,1014.7,1000.7
2025-05-08T15:00,16.8,0.00,38,2.3,13.5,0.00,0.00,0.00,2,77,2,76,0,10.1,58,59,14.4,29.5,1,3600.00,1014.4,1000.4
2025-05-08T16:00,16.7,0.00,36,1.5,13.4,0.00,0.00,0.00,3,80,2,80,0,9.6,63,64,13.3,25.6,1,2971.01,1014.2,1000.2
2025-05-08T17:00,16.2,0.00,35,0.8,12.3,0.00,0.00,0.00,3,94,17,93,0,12.9,73,74,18.8,30.6,1,1688.60,1014.4,1000.4
2025-05-08T18:00,15.0,0.00,43,2.4,11.2,0.00,0.00,0.00,3,100,13,100,1,13.8,76,76,22.3,31.3,1,0.00,1014.8,1000.7
2025-05-08T19:00,13.9,0.00,47,2.8,10.3,0.00,0.00,0.00,3,100,9,100,0,12.7,77,77,22.7,29.9,1,3600.00,1015.3,1001.2
2025-05-08T20:00,12.5,0.00,53,3.1,9.4,0.00,0.00,0.00,1,29,1,28,0,10.7,71,68,21.5,26.6,0,0.00,1015.8,1001.6
2025-05-08T21:00,11.2,0.00,57,2.9,7.9,0.00,0.00,0.00,0,6,0,6,0,11.2,64,62,23.4,23.0,0,0.00,1016.6,1002.3
2025-05-08T22:00,10.6,0.00,55,1.8,6.8,0.00,0.00,0.00,0,12,5,7,0,13.0,74,70,26.7,27.4,0,0.00,1016.8,1002.5
2025-05-08T23:00,10.3,0.00,55,1.5,6.4,0.00,0.00,0.00,0,6,0,6,0,13.6,73,68,27.4,28.4,0,0.00,1017.1,1002.8
2025-05-09T00:00,9.9,0.00,55,1.2,5.8,0.00,0.00,0.00,1,38,0,38,0,14.4,69,64,29.0,30.2,0,0.00,1016.9,1002.5
2025-05-09T01:00,9.6,0.00,55,0.9,5.6,0.00,0.00,0.00,2,51,0,51,0,13.5,71,69,28.3,30.2,0,0.00,1016.8,1002.4
2025-05-09T02:00,9.8,0.00,52,0.5,5.5,0.00,0.00,0.00,2,78,1,78,0,15.5,73,72,31.4,33.8,0,0.00,1016.7,1002.3
2025-05-09T03:00,10.1,0.00,52,0.6,5.9,0.00,0.00,0.00,3,98,0,98,0,15.2,78,76,30.2,32.4,0,0.00,1016.8,1002.5
2025-05-09T04:00,9.9,0.00,51,0.4,5.7,0.00,0.00,0.00,1,40,18,27,0,14.5,77,76,28.6,32.0,0,0.00,1017.1,1002.7
2025-05-09T05:00,8.9,0.00,54,0.0,4.6,0.00,0.00,0.00,1,22,12,11,0,14.7,77,75,29.4,30.6,1,0.00,1017.5,1003.1
2025-05-09T06:00,8.7,0.00,56,0.4,4.4,0.00,0.00,0.00,0,8,0,8,0,14.8,76,74,28.9,31.0,1,1905.31,1018.1,1003.7
2025-05-09T07:00,9.8,0.00,57,1.6,6.1,0.00,0.00,0.00,0,2,2,0,0,12.4,77,77,26.3,31.0,1,3600.00,1018.7,1004.3
2025-05-09T08:00,11.5,0.00,54,2.4,7.9,0.00,0.00,0.00,0,6,6,0,0,12.9,82,83,20.5,30.2,1,3600.00,1019.2,1004.9
2025-05-09T09:00,13.1,0.00,46,1.7,9.0,0.00,0.00,0.00,0,6,6,0,0,15.3,87,87,22.9,35.6,1,3600.00,1019.3,1005.1
2025-05-09T10:00,14.3,0.00,38,0.3,10.3,0.00,0.00,0.00,0,0,0,0,0,17.3,90,90,25.2,40.7,1,3600.00,1019.4,1005.2
2025-05-09T11:00,15.1,0.00,36,0.3,11.7,0.00,0.00,0.00,0,0,0,0,0,17.1,88,89,24.7,41.8,1,3600.00,1019.3,1005.2
2025-05-09T12:00,17.0,0.00,30,-0.8,13.9,0.00,0.00,0.00,3,91,0,68,91,16.6,86,86,23.8,41.4,1,3600.00,1019.1,1005.1
2025-05-09T13:00,17.3,0.00,30,-0.4,12.9,0.00,0.00,0.00,1,31,0,30,18,19.1,85,85,27.6,44.3,1,3600.00,1018.9,1004.9
2025-05-09T14:00,17.6,0.00,31,0.0,13.7,0.00,0.00,0.00,0,10,0,10,0,17.8,79,78,25.1,42.1,1,3600.00,1018.9,1004.9
2025-05-09T15:00,17.6,0.00,30,-0.3,13.9,0.00,0.00,0.00,0,2,0,2,0,15.9,91,94,23.0,42.1,1,3600.00,1018.6,1004.6
2025-05-09T16:00,18.5,0.00,26,-1.1,14.2,0.00,0.00,0.00,2,67,0,67,0,16.0,92,92,22.7,37.8,1,3600.00,1018.1,1004.1
2025-05-09T17:00,17.8,0.00,31,0.4,13.4,0.00,0.00,0.00,1,41,0,41,0,15.8,83,83,23.2,37.8,1,3600.00,1018.2,1004.2
2025-05-09T18:00,17.3,0.00,33,1.0,13.5,0.00,0.00,0.00,1,31,0,31,0,12.1,88,88,18.9,36.0,1,3600.00,1018.2,1004.2
2025-05-09T19:00,16.1,0.00,43,3.4,13.3,0.00,0.00,0.00,0,5,0,5,0,8.0,76,70,15.4,25.9,1,3600.00,1018.6,1004.5
2025-05-09T20:00,14.1,0.00,50,3.7,11.4,0.00,0.00,0.00,0,0,0,0,0,7.9,69,60,18.4,16.2,0,410.94,1018.9,1004.7
2025-05-09T21:00,12.7,0.00,50,2.6,9.7,0.00,0.00,0.00,0,2,0,2,0,8.8,76,70,21.2,18.0,0,0.00,1019.8,1005.5
2025-05-09T22:00,11.6,0.00,48,0.9,8.1,0.00,0.00,0.00,0,2,0,2,0,10.3,90,91,23.6,21.2,0,0.00,1020.1,1005.8
2025-05-09T23:00,11.2,0.00,45,-0.4,7.2,0.00,0.00,0.00,0,0,0,0,0,12.6,93,89,27.6,25.9,0,0.00,1020.4,1006.1
2025-05-10T00:00,10.6,0.00,47,-0.2,6.4,0.00,0.00,0.00,0,0,0,0,0,13.5,98,92,28.6,27.7,0,0.00,1020.9,1006.5
2025-05-10T01:00,9.9,0.00,50,0.0,5.8,0.00,0.00,0.00,0,0,0,0,0,13.3,96,89,28.4,28.1,0,0.00,1020.9,1006.5
2025-05-10T02:00,9.5,0.00,50,-0.3,5.6,0.00,0.00,0.00,0,0,0,0,0,11.5,96,88,26.1,26.6,0,0.00,1020.6,1006.2
2025-05-10T03:00,8.7,0.00,52,-0.6,4.9,0.00,0.00,0.00,0,0,0,0,0,10.8,96,91,25.1,23.4,0,0.00,1020.7,1006.2
2025-05-10T04:00,8.0,0.00,55,-0.6,4.4,0.00,0.00,0.00,0,0,0,0,0,9.0,94,92,21.8,22.0,0,0.00,1020.8,1006.3
2025-05-10T05:00,6.9,0.00,60,-0.3,3.5,0.00,0.00,0.00,0,1,1,0,0,8.2,97,100,20.9,18.0,1,0.00,1021.0,1006.4
2025-05-10T06:00,7.6,0.00,60,0.4,4.2,0.00,0.00,0.00,1,33,33,0,0,9.0,92,84,21.3,18.7,1,2231.77,1021.4,1006.9
2025-05-10T07:00,9.8,0.00,59,2.2,7.1,0.00,0.00,0.00,1,32,32,0,0,6.6,93,79,18.0,18.7,1,3600.00,1021.6,1007.2
2025-05-10T08:00,12.3,0.00,52,2.7,9.6,0.00,0.00,0.00,1,32,32,0,0,6.9,99,99,11.3,18.7,1,3600.00,1021.6,1007.3
2025-05-10T09:00,14.3,0.00,46,2.8,11.4,0.00,0.00,0.00,1,41,41,0,0,8.5,107,107,12.2,23.8,1,3600.00,1021.4,1007.2
2025-05-10T10:00,16.1,0.00,38,1.8,13.5,0.00,0.00,0.00,2,58,58,0,0,9.6,106,106,13.5,25.9,1,3600.00,1021.2,1007.1
2025-05-10T11:00,17.3,0.00,35,1.7,14.9,0.00,0.00,0.00,1,22,22,0,0,12.1,100,101,17.0,31.7,1,3600.00,1020.8,1006.7
2025-05-10T12:00,18.1,0.00,35,2.4,16.3,0.00,0.00,0.00,0,11,11,0,0,12.0,99,99,16.8,32.4,1,3600.00,1020.2,1006.2
2025-05-10T13:00,18.8,0.00,34,2.7,17.3,0.00,0.00,0.00,0,0,0,0,0,11.3,99,99,15.7,32.0,1,3600.00,1019.7,1005.7
2025-05-10T14:00,19.7,0.00,30,1.4,17.8,0.00,0.00,0.00,0,0,0,0,0,11.4,100,101,15.7,31.3,1,3600.00,1018.9,1005.0
2025-05-10T15:00,20.0,0.00,29,1.3,17.6,0.00,0.00,0.00,0,0,0,0,0,11.1,98,99,15.5,31.3,1,3600.00,1018.2,1004.3
2025-05-10T16:00,20.1,0.00,29,1.4,17.0,0.00,0.00,0.00,0,0,0,0,0,11.6,96,96,15.9,30.2,1,3600.00,1017.7,1003.8
2025-05-10T17:00,19.6,0.00,29,1.3,16.0,0.00,0.00,0.00,0,0,0,0,0,11.8,96,96,16.6,29.9,1,3600.00,1017.3,1003.4
2025-05-10T18:00,19.0,0.00,31,1.5,15.5,0.00,0.00,0.00,0,0,0,0,0,11.3,98,98,16.5,28.8,1,3600.00,1017.1,1003.2
2025-05-10T19:00,17.9,0.00,37,2.9,15.0,0.00,0.00,0.00,0,0,0,0,0,8.6,87,82,15.3,25.9,1,3600.00,1017.1,1003.1
2025-05-10T20:00,16.1,0.00,42,3.2,13.3,0.00,0.00,0.00,0,0,0,0,0,7.9,64,47,17.0,16.9,0,526.26,1017.0,1002.9
2025-05-10T21:00,14.9,0.00,44,2.8,11.9,0.00,0.00,0.00,0,0,0,0,0,9.1,67,52,19.8,18.0,0,0.00,1017.2,1003.1
2025-05-10T22:00,13.8,0.00,46,2.5,10.9,0.00,0.00,0.00,0,0,0,0,0,8.1,83,72,19.4,18.0,0,0.00,1017.3,1003.1
2025-05-10T23:00,13.0,0.00,48,2.2,9.9,0.00,0.00,0.00,0,0,0,0,0,9.0,102,89,21.0,18.0,0,0.00,1017.4,1003.2
2025-05-11T00:00,11.9,0.00,53,2.5,9.0,0.00,0.00,0.00,0,0,0,0,0,7.7,110,87,17.3,17.6,0,0.00,1017.4,1003.1
2025-05-11T01:00,10.6,0.00,59,2.9,7.8,0.00,0.00,0.00,0,0,0,0,0,7.8,99,86,16.8,15.5,0,0.00,1017.1,1002.8
2025-05-11T02:00,8.0,0.00,68,2.3,5.2,0.00,0.00,0.00,0,0,0,0,0,6.7,105,98,15.6,13.7,0,0.00,1016.9,1002.4
2025-05-11T03:00,7.2,0.00,71,2.2,4.3,0.00,0.00,0.00,0,0,0,0,0,7.6,98,82,17.3,15.5,0,0.00,1016.7,1002.2
2025-05-11T04:00,7.0,0.00,69,1.7,3.8,0.00,0.00,0.00,0,0,0,0,0,9.0,91,84,20.3,18.0,0,0.00,1016.4,1001.9
2025-05-11T05:00,7.4,0.00,65,1.1,4.1,0.00,0.00,0.00,0,0,0,0,0,8.8,87,78,20.4,18.4,1,0.00,1016.1,1001.6
2025-05-11T06:00,8.7,0.00,62,1.9,5.6,0.00,0.00,0.00,0,0,0,0,0,8.7,86,77,20.2,18.7,1,2312.91,1016.1,1001.7
2025-05-11T07:00,11.7,0.00,58,3.7,9.3,0.00,0.00,0.00,0,0,0,0,0,6.3,93,90,18.0,17.6,1,3600.00,1016.1,1001.8
2025-05-11T08:00,14.8,0.00,51,4.7,12.7,0.00,0.00,0.00,0,0,0,0,0,5.7,103,108,10.7,16.6,1,3600.00,1016.0,1001.9
2025-05-11T09:00,17.0,0.00,45,5.0,14.4,0.00,0.00,0.00,0,0,0,0,0,9.2,107,110,13.6,24.5,1,3600.00,1015.8,1001.8
2025-05-11T10:00,19.0,0.00,39,4.8,17.1,0.00,0.00,0.00,0,0,0,0,0,9.1,107,107,12.8,25.6,1,3600.00,1015.6,1001.7
2025-05-11T11:00,20.6,0.00,34,4.1,19.1,0.00,0.00,0.00,0,0,0,0,0,9.8,113,113,13.5,27.0,1,3600.00,1015.2,1001.4
2025-05-11T12:00,21.8,0.00,32,4.3,20.3,0.00,0.00,0.00,0,0,0,0,0,12.1,108,108,16.8,31.3,1,3600.00,1014.7,1000.9
2025-05-11T13:00,22.4,0.00,33,5.1,20.9,0.00,0.00,0.00,0,0,0,0,0,13.5,104,104,18.9,34.6,1,3600.00,1014.0,1000.3
2025-05-11T14:00,23.3,0.00,28,4.0,21.3,0.00,0.00,0.00,0,0,0,0,0,14.4,95,94,20.2,36.7,1,3600.00,1013.2,999.5
2025-05-11T15:00,23.2,0.00,27,3.1,20.4,0.00,0.00,0.00,0,1,0,1,0,14.9,91,91,21.1,37.8,1,3600.00,1012.6,998.9
2025-05-11T16:00,24.0,0.00,23,1.5,20.4,0.00,0.00,0.00,0,0,0,0,0,14.8,93,93,21.3,37.1,1,3600.00,1011.7,998.1
2025-05-11T17:00,23.7,0.00,24,1.9,19.6,0.00,0.00,0.00,0,5,0,5,0,15.4,95,95,22.0,36.7,1,3600.00,1011.2,997.6
2025-05-11T18:00,22.6,0.00,28,3.4,18.8,0.00,0.00,0.00,0,0,0,0,0,15.4,80,79,23.2,35.3,1,3600.00,1011.1,997.4
2025-05-11T19:00,20.6,0.00,34,4.0,17.0,0.00,0.00,0.00,0,0,0,0,0,14.7,84,83,25.9,34.9,1,3600.00,1011.2,997.4
2025-05-11T20:00,18.9,0.00,36,3.6,15.9,0.00,0.00,0.00,0,3,0,3,0,10.0,90,84,22.1,30.6,0,538.22,1011.2,997.4
2025-05-11T21:00,17.7,0.00,41,4.4,14.6,0.00,0.00,0.00,1,24,0,24,0,12.3,85,79,26.4,23.4,0,0.00,1011.7,997.8
2025-05-11T22:00,17.2,0.00,39,2.9,13.2,0.00,0.00,0.00,0,0,0,0,0,16.3,99,97,31.8,33.8,0,0.00,1011.9,998.0
2025-05-11T23:00,16.3,0.00,42,3.2,12.7,0.00,0.00,0.00,0,0,0,0,0,13.8,107,104,28.2,34.2,0,0.00,1012.4,998.4
2025-05-12T00:00,14.9,0.00,46,3.4,11.5,0.00,0.00,0.00,0,0,0,0,0,12.5,104,101,26.7,28.8,0,0.00,1012.6,998.5
2025-05-12T01:00,14.0,0.00,48,3.2,10.6,0.00,0.00,0.00,0,0,0,0,0,12.6,98,95,27.1,26.3,0,0.00,1012.6,998.5
2025-05-12T02:00,13.9,0.00,49,3.4,10.4,0.00,0.00,0.00,0,0,0,0,0,13.3,94,91,28.9,27.4,0,0.00,1012.3,998.2
2025-05-12T03:00,13.3,0.00,50,3.2,9.7,0.00,0.00,0.00,0,0,0,0,0,13.7,95,94,29.4,28.4,0,0.00,1012.4,998.3
2025-05-12T04:00,12.6,0.00,53,3.2,9.0,0.00,0.00,0.00,0,0,0,0,0,14.0,97,98,29.2,28.4,0,0.00,1012.5,998.3
2025-05-12T05:00,12.2,0.00,54,3.1,8.7,0.00,0.00,0.00,0,0,0,0,0,12.9,98,98,27.6,28.8,1,0.00,1012.7,998.5
2025-05-12T06:00,12.5,0.00,55,3.6,9.5,0.00,0.00,0.00,0,7,7,0,0,9.7,99,101,21.7,26.3,1,2392.49,1013.1,998.9
2025-05-12T07:00,13.8,0.00,52,4.2,11.3,0.00,0.00,0.00,0,0,0,0,0,7.6,94,91,16.1,20.2,1,3600.00,1013.5,999.4
2025-05-12T08:00,15.5,0.00,48,4.4,12.5,0.00,0.00,0.00,0,0,0,0,0,11.4,95,95,17.4,27.4,1,3600.00,1013.5,999.5
2025-05-12T09:00,17.4,0.00,42,4.3,14.2,0.00,0.00,0.00,0,0,0,0,0,12.7,98,98,18.6,31.3,1,3600.00,1013.6,999.7
2025-05-12T10:00,19.3,0.00,36,4.0,16.6,0.00,0.00,0.00,0,0,0,0,0,13.0,101,101,18.5,32.8,1,3600.00,1013.5,999.6
2025-05-12T11:00,20.5,0.00,32,3.5,18.5,0.00,0.00,0.00,0,0,0,0,0,12.2,103,104,17.0,33.1,1,3600.00,1013.3,999.5
2025-05-12T12:00,21.3,0.00,31,3.6,19.9,0.00,0.00,0.00,0,0,0,0,0,10.4,98,100,14.0,32.4,1,3600.00,1013.0,999.2
2025-05-12T13:00,21.9,0.00,31,4.0,21.0,0.00,0.00,0.00,0,0,0,0,0,9.2,92,96,12.4,29.2,1,3600.00,1012.7,999.0
2025-05-12T14:00,22.7,0.00,29,3.8,21.0,0.00,0.00,0.00,0,8,0,8,0,10.9,103,106,14.6,30.2,1,3600.00,1012.5,998.8
2025-05-12T15:00,22.9,0.00,27,3.2,20.3,0.00,0.00,0.00,2,60,35,38,0,13.0,106,110,17.6,33.8,1,3600.00,1012.0,998.3
2025-05-12T16:00,22.6,0.00,29,3.7,19.4,0.00,0.00,0.00,3,84,65,54,0,13.8,103,106,19.0,34.9,1,3600.00,1011.7,998.0
2025-05-12T17:00,21.6,0.00,31,3.7,18.0,0.00,0.00,0.00,0,6,6,0,0,14.5,84,85,20.5,34.9,1,3600.00,1011.8,998.1
2025-05-12T18:00,20.9,0.00,30,2.6,17.2,0.00,0.00,0.00,0,0,0,0,0,13.5,66,67,19.9,34.2,1,3600.00,1012.1,998.3
2025-05-12T19:00,19.7,0.00,34,3.2,16.7,0.00,0.00,0.00,0,0,0,0,0,9.6,62,62,15.9,30.2,1,3600.00,1012.6,998.8
2025-05-12T20:00,17.7,0.00,39,3.5,15.2,0.00,0.00,0.00,0,0,0,0,0,6.9,49,45,15.6,18.7,0,779.80,1013.2,999.3
2025-05-12T21:00,16.5,0.00,37,1.6,12.9,0.00,0.00,0.00,0,0,0,0,0,11.5,51,48,23.7,22.3,0,0.00,1013.7,999.7
2025-05-12T22:00,15.7,0.00,35,0.4,12.0,0.00,0.00,0.00,0,0,0,0,0,11.0,62,55,24.2,22.7,0,0.00,1013.7,999.7
2025-05-12T23:00,15.2,0.00,38,0.8,11.5,0.00,0.00,0.00,0,0,0,0,0,11.7,67,63,25.3,23.4,0,0.00,1014.0,999.9
2025-05-13T00:00,14.5,0.00,43,2.0,10.5,0.00,0.00,0.00,0,0,0,0,0,14.8,69,67,29.7,30.2,0,0.00,1014.2,1000.1
2025-05-13T01:00,13.9,0.00,45,2.2,10.0,0.00,0.00,0.00,0,0,0,0,0,14.3,79,79,29.2,31.0,0,0.00,1014.3,1000.2
2025-05-13T02:00,12.9,0.00,48,2.1,10.0,0.00,0.00,0.00,0,0,0,0,0,7.7,89,90,21.8,28.1,0,0.00,1015.0,1000.8
2025-05-13T03:00,11.6,0.00,53,2.4,9.5,0.00,0.00,0.00,0,0,0,0,0,2.9,101,112,12.8,16.2,0,0.00,1015.5,1001.2
2025-05-13T04:00,10.9,0.00,56,2.4,8.7,0.00,0.00,0.00,0,1,0,1,0,3.0,99,76,10.6,7.6,0,0.00,1015.9,1001.6
2025-05-13T05:00,10.4,0.00,58,2.4,8.0,0.00,0.00,0.00,0,0,0,0,0,4.6,79,54,12.8,9.4,1,0.00,1016.1,1001.8
2025-05-13T06:00,11.2,0.00,57,2.9,8.8,0.00,0.00,0.00,0,0,0,0,0,5.6,86,75,12.1,10.1,1,2470.48,1016.5,1002.2
2025-05-13T07:00,13.0,0.00,53,3.6,10.9,0.00,0.00,0.00,0,0,0,0,0,4.1,93,88,10.1,12.2,1,3600.00,1017.0,1002.8
2025-05-13T08:00,14.9,0.00,49,4.1,12.6,0.00,0.00,0.00,0,0,0,0,0,5.7,100,101,8.4,17.6,1,3600.00,1017.3,1003.2
2025-05-13T09:00,16.9,0.00,45,4.9,14.9,0.00,0.00,0.00,0,0,0,0,0,5.1,100,100,7.3,18.7,1,3600.00,1017.2,1003.2
2025-05-13T10:00,18.9,0.00,41,5.3,17.9,0.00,0.00,0.00,0,2,0,2,0,4.2,94,95,5.8,18.4,1,3600.00,1017.1,1003.2
2025-05-13T11:00,20.7,0.00,36,5.2,20.3,0.00,0.00,0.00,0,3,0,3,0,4.6,100,103,6.4,19.4,1,3600.00,1016.9,1003.1
2025-05-13T12:00,21.9,0.00,31,4.0,21.3,0.00,0.00,0.00,1,23,0,23,0,6.7,116,121,9.0,23.0,1,3600.00,1016.7,1002.9
2025-05-13T13:00,22.8,0.00,27,2.9,21.7,0.00,0.00,0.00,1,41,0,41,0,7.6,122,126,9.8,24.8,1,3600.00,1016.2,1002.5
2025-05-13T14:00,23.3,0.00,25,2.3,21.5,0.00,0.00,0.00,1,35,0,35,0,8.6,127,131,11.1,26.6,1,3600.00,1016.2,1002.5
2025-05-13T15:00,23.6,0.00,25,2.2,20.9,0.00,0.00,0.00,1,29,0,29,0,12.0,135,137,15.7,32.0,1,3600.00,1015.6,1001.9
2025-05-13T16:00,23.0,0.00,25,2.1,19.1,0.00,0.00,0.00,1,45,0,45,0,15.4,130,133,20.9,37.8,1,3600.00,1015.3,1001.6
2025-05-13T17:00,22.3,0.00,25,1.5,18.1,0.00,0.00,0.00,1,20,0,20,0,16.0,111,114,22.6,38.2,1,3600.00,1015.3,1001.6
2025-05-13T18:00,21.2,0.00,27,1.5,17.4,0.00,0.00,0.00,0,3,0,3,0,13.5,87,88,19.8,37.4,1,3600.00,1015.4,1001.6
2025-05-13T19:00,20.3,0.00,31,2.7,17.1,0.00,0.00,0.00,0,0,0,0,0,10.2,80,80,17.2,30.2,1,3600.00,1015.6,1001.8
2025-05-13T20:00,18.4,0.00,36,3.2,15.5,0.00,0.00,0.00,0,0,0,0,0,8.6,71,68,18.0,20.5,0,917.27,1016.0,1002.1
2025-05-13T21:00,16.9,0.00,39,2.9,14.2,0.00,0.00,0.00,0,0,0,0,0,6.9,60,51,15.7,16.9,0,0.00,1016.4,1002.4
2025-05-13T22:00,15.5,0.00,42,2.8,12.9,0.00,0.00,0.00,0,0,0,0,0,6.3,68,63,15.2,13.3,0,0.00,1016.5,1002.4
2025-05-13T23:00,14.3,0.00,46,2.8,11.6,0.00,0.00,0.00,0,0,0,0,0,7.0,77,64,15.7,14.0,0,0.00,1016.7,1002.6
2025-05-14T00:00,13.2,0.00,49,2.6,10.7,0.00,0.00,0.00,0,0,0,0,0,5.4,86,82,14.4,14.0,0,0.00,1016.9,1002.7
2025-05-14T01:00,12.2,0.00,51,2.5,9.9,0.00,0.00,0.00,0,0,0,0,0,4.0,98,90,11.6,11.5,0,0.00,1017.0,1002.8
2025-05-14T02:00,10.9,0.00,59,3.3,9.3,0.00,0.00,0.00,0,0,0,0,0,0.3,158,45,1.0,5.0,0,0.00,1017.3,1003.0
2025-05-14T03:00,10.0,0.00,61,2.9,7.8,0.00,0.00,0.00,0,0,0,0,0,3.7,96,79,5.6,7.9,0,0.00,1017.3,1002.9
2025-05-14T04:00,9.0,0.00,66,3.0,6.8,0.00,0.00,0.00,0,0,0,0,0,4.2,91,78,7.2,8.6,0,0.00,1017.5,1003.1
2025-05-14T05:00,8.3,0.00,70,3.2,6.1,0.00,0.00,0.00,0,0,0,0,0,4.1,76,77,5.9,8.6,1,0.00,1017.6,1003.1
2025-05-14T06:00,9.4,0.00,67,3.6,7.0,0.00,0.00,0.00,0,0,0,0,0,6.0,79,87,5.9,11.5,1,2546.81,1017.7,1003.3
2025-05-14T07:00,12.5,0.00,60,5.0,10.7,0.00,0.00,0.00,0,0,0,0,0,3.5,98,111,5.3,12.2,1,3600.00,1017.8,1003.6
2025-05-14T08:00,15.6,0.00,48,4.5,14.2,0.00,0.00,0.00,0,0,0,0,0,0.6,104,146,1.5,11.2,1,3600.00,1017.9,1003.8
2025-05-14T09:00,18.0,0.00,40,4.1,16.4,0.00,0.00,0.00,0,5,5,0,0,1.3,300,286,1.5,12.6,1,3600.00,1017.8,1003.8
2025-05-14T10:00,20.3,0.00,35,4.4,19.3,0.00,0.00,0.00,0,10,10,0,0,2.9,303,292,3.6,15.8,1,3600.00,1017.5,1003.6
2025-05-14T11:00,22.1,0.00,28,2.8,21.2,0.00,0.00,0.00,1,30,30,0,0,5.0,313,308,6.6,20.2,1,3600.00,1017.1,1003.3
2025-05-14T12:00,23.1,0.00,24,1.5,22.2,0.00,0.00,0.00,1,29,29,0,0,6.2,304,303,8.3,22.7,1,3600.00,1016.7,1003.0
2025-05-14T13:00,23.8,0.00,22,0.7,22.8,0.00,0.00,0.00,1,34,34,0,0,6.3,306,307,8.5,23.0,1,3600.00,1016.2,1002.5
2025-05-14T14:00,24.1,0.00,21,0.7,22.9,0.00,0.00,0.00,2,68,68,0,0,6.6,309,311,8.8,23.4,1,3600.00,1015.8,1002.1
2025-05-14T15:00,24.4,0.00,21,0.5,22.6,0.00,0.00,0.00,2,63,63,0,0,6.9,317,319,9.0,23.4,1,3600.00,1015.4,1001.8
2025-05-14T16:00,24.4,0.00,19,-0.4,21.4,0.00,0.00,0.00,2,54,54,1,0,8.9,328,328,11.9,25.2,1,3600.00,1015.0,1001.4
2025-05-14T17:00,24.0,0.00,20,-0.3,20.2,0.00,0.00,0.00,1,20,19,2,0,10.7,339,338,14.9,27.0,1,3600.00,1014.5,1000.8
2025-05-14T18:00,23.4,0.00,24,1.8,20.3,0.00,0.00,0.00,0,4,4,0,0,8.9,342,341,12.9,27.0,1,3600.00,1014.1,1000.4
2025-05-14T19:00,22.7,0.00,28,3.3,20.6,0.00,0.00,0.00,0,2,2,0,0,3.6,322,323,8.0,20.9,1,3600.00,1013.9,1000.2
2025-05-14T20:00,20.6,0.00,33,3.8,18.5,0.00,0.00,0.00,1,49,49,0,0,3.9,318,298,11.2,7.2,1,937.36,1013.8,1000.0
2025-05-14T21:00,20.3,0.00,32,3.1,17.0,0.00,0.00,0.00,1,35,35,0,0,11.5,341,333,22.9,22.7,0,0.00,1014.4,1000.6
2025-05-14T22:00,18.5,0.00,37,3.6,15.5,0.00,0.00,0.00,0,9,9,0,0,10.5,341,341,22.7,23.0,0,0.00,1014.4,1000.5
2025-05-14T23:00,17.4,0.00,41,3.9,14.3,0.00,0.00,0.00,3,93,93,0,0,11.7,338,340,24.4,23.4,0,0.00,1014.5,1000.5
2025-05-15T00:00,16.5,0.00,44,4.1,13.3,0.00,0.00,0.00,0,11,11,0,0,11.8,337,336,24.0,24.1,0,0.00,1014.4,1000.4
2025-05-15T01:00,15.4,0.00,48,4.5,12.4,0.00,0.00,0.00,3,96,96,0,0,11.5,336,333,23.8,23.8,0,0.00,1014.5,1000.4
2025-05-15T02:00,13.9,0.00,56,5.3,11.2,0.00,0.00,0.00,3,99,99,0,0,11.0,336,335,24.3,22.0,0,0.00,1014.4,1000.3
2025-05-15T03:00,13.0,0.00,62,5.9,10.3,0.00,0.00,0.00,3,99,99,0,0,11.9,337,338,25.3,23.8,0,0.00,1014.3,1000.1
2025-05-15T04:00,12.3,0.00,67,6.3,9.5,0.00,0.00,0.00,3,100,100,0,0,12.2,333,334,25.2,24.8,0,0.00,1014.3,1000.1
2025-05-15T05:00,11.9,0.00,67,6.0,8.9,0.00,0.00,0.00,3,100,100,0,0,13.5,334,333,25.7,27.7,1,0.00,1014.7,1000.5
2025-05-15T06:00,11.8,0.00,66,5.7,8.7,0.00,0.00,0.00,3,99,99,1,0,13.4,338,336,23.3,29.2,1,0.00,1015.0,1000.8
2025-05-15T07:00,12.3,0.00,64,5.7,9.5,0.00,0.00,0.00,1,48,48,0,0,12.2,339,336,18.9,28.1,1,2224.79,1015.5,1001.3
2025-05-15T08:00,13.5,0.00,56,5.0,10.5,0.00,0.00,0.00,2,79,78,3,0,12.3,350,348,17.7,30.6,1,3600.00,1015.7,1001.5
2025-05-15T09:00,14.8,0.00,53,5.3,11.9,0.00,0.00,0.00,0,0,0,0,0,11.9,347,345,16.6,31.0,1,3600.00,1015.9,1001.8
2025-05-15T10:00,16.2,0.00,50,5.9,14.1,0.00,0.00,0.00,0,2,0,0,2,12.1,346,343,16.5,32.0,1,3600.00,1015.7,1001.7
2025-05-15T11:00,17.6,0.00,44,5.2,15.8,0.00,0.00,0.00,0,1,0,0,1,13.0,349,346,18.2,34.6,1,3600.00,1015.7,1001.7
2025-05-15T12:00,18.9,0.00,37,3.8,16.8,0.00,0.00,0.00,0,2,0,0,2,15.0,358,356,20.9,38.2,1,3600.00,1015.7,1001.8
2025-05-15T13:00,19.5,0.00,30,1.7,16.8,0.00,0.00,0.00,0,0,0,0,0,16.7,360,358,23.6,41.8,1,3600.00,1015.7,1001.8
2025-05-15T14:00,19.4,0.00,28,0.2,16.2,0.00,0.00,0.00,0,0,0,0,0,17.8,3,3,25.1,43.2,1,3600.00,1015.8,1001.9
2025-05-15T15:00,19.5,0.00,25,-1.0,15.8,0.00,0.00,0.00,0,1,0,1,0,17.2,8,7,24.5,43.9,1,3600.00,1015.9,1002.0
2025-05-15T16:00,19.6,0.00,23,-2.4,15.0,0.00,0.00,0.00,0,5,0,5,0,16.6,6,3,23.9,41.8,1,3600.00,1015.9,1002.0
2025-05-15T17:00,19.6,0.00,22,-2.8,14.5,0.00,0.00,0.00,2,72,0,72,0,17.9,11,9,26.1,41.8,1,3600.00,1015.8,1001.9
2025-05-15T18:00,18.0,0.00,25,-2.5,13.0,0.00,0.00,0.00,0,10,0,10,0,17.3,33,33,25.8,41.0,1,3600.00,1016.4,1002.4
2025-05-15T19:00,16.8,0.00,27,-2.5,12.1,0.00,0.00,0.00,0,1,0,1,0,15.4,34,33,25.3,38.9,1,3600.00,1017.0,1003.0
2025-05-15T20:00,15.6,0.00,28,-2.8,11.6,0.00,0.00,0.00,0,2,0,2,0,10.1,51,47,20.2,32.8,1,1083.78,1017.6,1003.5
2025-05-15T21:00,14.4,0.00,32,-2.2,10.8,0.00,0.00,0.00,0,8,0,8,0,7.8,52,46,18.2,20.5,0,0.00,1018.1,1003.9
2025-05-15T22:00,13.4,0.00,35,-1.9,9.8,0.00,0.00,0.00,0,1,0,1,0,7.7,51,41,17.3,16.2,0,0.00,1018.5,1004.3
2025-05-15T23:00,12.1,0.00,39,-1.6,8.6,0.00,0.00,0.00,0,1,0,1,0,7.7,32,33,17.5,15.8,0,0.00,1019.0,1004.7
2025-05-16T00:00,11.6,0.00,39,-1.8,7.8,0.00,0.00,0.00,0,0,0,0,0,9.7,47,50,22.2,19.4,0,0.00,1019.3,1005.0
2025-05-16T01:00,11.1,0.00,41,-1.7,7.6,0.00,0.00,0.00,0,0,0,0,0,8.0,56,62,19.5,19.4,0,0.00,1019.5,1005.2
2025-05-16T02:00,9.0,0.00,51,-0.6,6.1,0.00,0.00,0.00,1,28,0,28,0,4.4,70,63,12.9,11.5,0,0.00,1019.7,1005.3
2025-05-16T03:00,8.1,0.00,56,-0.1,5.6,0.00,0.00,0.00,1,35,0,35,0,2.8,64,55,8.8,9.0,0,0.00,1019.7,1005.2
2025-05-16T04:00,7.8,0.00,59,0.2,5.6,0.00,0.00,0.00,1,24,0,24,0,0.9,82,101,3.8,6.1,0,0.00,1019.6,1005.1
2025-05-16T05:00,7.4,0.00,61,0.4,5.3,0.00,0.00,0.00,0,17,0,17,0,0.6,180,108,1.1,3.2,1,0.00,1019.8,1005.3
2025-05-16T06:00,8.3,0.00,59,0.8,6.2,0.00,0.00,0.00,0,1,0,1,1,1.1,243,90,2.4,4.3,1,2694.22,1019.6,1005.1
2025-05-16T07:00,10.6,0.00,53,1.4,8.6,0.00,0.00,0.00,0,1,0,1,1,0.5,263,180,1.5,7.2,1,3600.00,1019.6,1005.2
2025-05-16T08:00,12.9,0.00,46,1.6,10.8,0.00,0.00,0.00,0,0,0,0,0,1.8,255,246,2.1,11.9,1,3600.00,1019.5,1005.3
2025-05-16T09:00,14.9,0.00,41,1.8,12.5,0.00,0.00,0.00,0,0,0,0,0,4.0,276,270,5.1,16.9,1,3600.00,1019.4,1005.3
2025-05-16T10:00,16.5,0.00,35,1.1,14.3,0.00,0.00,0.00,2,57,0,56,18,6.4,317,315,8.7,22.0,1,3600.00,1019.0,1004.9
2025-05-16T11:00,17.4,0.00,32,0.6,14.1,0.00,0.00,0.00,3,100,0,100,1,10.4,339,339,14.1,28.4,1,3600.00,1018.6,1004.6
2025-05-16T12:00,17.7,0.00,32,0.6,14.2,0.00,0.00,0.00,3,96,0,96,0,11.7,340,340,15.9,31.3,1,3600.00,1018.4,1004.4
2025-05-16T13:00,17.9,0.00,31,0.6,14.2,0.00,0.00,0.00,2,51,8,47,0,11.4,338,339,15.7,31.3,1,3600.00,1018.0,1004.0
2025-05-16T14:00,18.3,0.00,30,0.2,14.4,0.00,0.00,0.00,2,53,0,53,0,12.0,340,341,16.6,32.8,1,3600.00,1017.9,1003.9
2025-05-16T15:00,18.7,0.00,28,-0.1,14.7,0.00,0.00,0.00,3,100,0,100,0,13.1,339,339,18.2,32.4,1,3600.00,1017.3,1003.4
2025-05-16T16:00,18.1,0.00,30,0.3,14.0,0.00,0.00,0.00,3,96,49,91,0,13.7,339,338,19.9,32.8,1,0.00,1016.9,1002.9
2025-05-16T17:00,18.1,0.00,31,0.5,14.1,0.00,0.00,0.00,3,100,50,100,0,13.8,343,343,19.8,32.4,1,1604.55,1016.6,1002.6
2025-05-16T18:00,18.0,0.00,30,0.2,14.3,0.00,0.00,0.00,3,100,0,100,0,11.4,336,335,17.0,31.7,1,2378.12,1016.0,1002.0
2025-05-16T19:00,17.6,0.00,32,0.6,14.2,0.00,0.00,0.00,1,24,0,24,0,9.4,303,299,15.5,25.9,1,37.14,1015.7,1001.7
2025-05-16T20:00,16.6,0.00,34,0.6,13.6,0.00,0.00,0.00,0,11,0,11,0,6.3,286,277,14.6,19.8,1,180.77,1015.6,1001.6
2025-05-16T21:00,15.3,0.00,38,0.9,12.8,0.00,0.00,0.00,1,49,0,49,0,3.8,299,311,11.4,12.6,0,0.00,1015.9,1001.8
2025-05-16T22:00,14.3,0.00,44,2.1,12.4,0.00,0.00,0.00,2,65,0,65,0,0.7,309,360,4.9,7.9,0,0.00,1016.0,1001.9
2025-05-16T23:00,13.9,0.00,42,1.4,11.4,0.00,0.00,0.00,3,93,0,93,2,4.5,330,2,10.2,7.2,0,0.00,1016.2,1002.0
2025-05-17T00:00,13.4,0.00,55,4.5,9.3,0.00,0.00,0.00,2,79,0,79,0,19.0,8,7,31.5,41.8,0,0.00,1017.2,1003.0
2025-05-17T01:00,10.9,0.50,76,6.7,8.4,0.50,0.00,0.00,53,100,0,100,0,11.1,32,31,20.1,40.3,0,0.00,1017.4,1003.1
2025-05-17T02:00,10.4,0.20,85,7.9,7.3,0.20,0.00,0.00,51,97,0,97,3,16.9,345,345,29.8,33.8,0,0.00,1017.5,1003.2
2025-05-17T03:00,10.3,0.10,82,7.4,7.9,0.10,0.00,0.00,51,93,0,93,2,12.2,21,24,23.1,34.2,0,0.00,1016.8,1002.5
2025-05-17T04:00,10.3,0.00,84,7.7,8.3,0.00,0.00,0.00,1,24,0,24,0,9.6,359,355,18.9,24.1,0,0.00,1016.5,1002.2
2025-05-17T05:00,9.3,0.00,91,7.9,7.9,0.00,0.00,0.00,0,0,0,0,0,5.3,350,350,14.1,18.7,1,0.00,1016.8,1002.4
2025-05-17T06:00,9.9,0.00,90,8.4,8.8,0.00,0.00,0.00,0,4,0,0,4,4.0,342,339,9.4,10.8,1,2765.17,1017.1,1002.7
2025-05-17T07:00,11.3,0.00,84,8.8,10.1,0.00,0.00,0.00,0,17,0,0,17,5.8,343,338,8.8,14.8,1,3600.00,1017.3,1003.0
2025-05-17T08:00,12.8,0.00,74,8.3,10.9,0.00,0.00,0.00,2,51,0,0,51,10.4,352,351,14.2,25.6,1,3600.00,1017.4,1003.2
2025-05-17T09:00,13.9,0.00,68,8.1,12.0,0.00,0.00,0.00,0,19,0,3,19,9.6,341,339,13.1,26.6,1,3600.00,1017.5,1003.3
2025-05-17T10:00,15.1,0.10,60,7.4,13.1,0.10,0.00,0.00,51,26,0,14,19,10.3,329,327,14.0,27.7,1,3600.00,1017.1,1003.0
2025-05-17T11:00,16.3,0.00,53,6.7,14.5,0.00,0.00,0.00,1,22,0,17,11,11.3,323,321,15.3,29.9,1,3600.00,1016.9,1002.9
2025-05-17T12:00,17.2,0.00,48,6.0,15.3,0.00,0.00,0.00,2,53,0,17,44,11.6,326,327,15.7,31.0,1,3600.00,1016.7,1002.7
2025-05-17T13:00,17.5,0.00,46,5.6,15.0,0.00,0.00,0.00,3,98,0,50,98,10.9,327,326,14.7,30.6,1,3600.00,1016.4,1002.4
2025-05-17T14:00,18.3,0.00,42,5.1,15.8,0.00,0.00,0.00,2,60,0,58,38,11.8,326,327,16.2,30.6,1,3600.00,1016.0,1002.1
2025-05-17T15:00,18.4,0.00,40,4.7,15.4,0.00,0.00,0.00,1,34,0,34,5,11.6,326,327,16.2,30.6,1,3600.00,1015.5,1001.6
2025-05-17T16:00,18.8,0.00,38,4.0,15.5,0.00,0.00,0.00,2,60,0,60,13,13.2,328,330,18.6,31.7,1,3600.00,1015.1,1001.2
2025-05-17T17:00,17.8,0.00,43,5.0,14.3,0.00,0.00,0.00,1,31,0,31,0,15.9,337,337,22.9,36.0,1,3600.00,1015.1,1001.2
2025-05-17T18:00,17.3,0.00,43,4.7,13.9,0.00,0.00,0.00,1,49,0,49,14,14.6,331,331,22.3,36.4,1,3600.00,1015.0,1001.0
2025-05-17T19:00,16.6,0.00,47,5.2,13.7,0.00,0.00,0.00,1,44,0,44,0,11.4,327,327,19.8,32.4,1,3600.00,1015.1,1001.1
2025-05-17T20:00,15.7,0.00,50,5.2,13.4,0.00,0.00,0.00,1,30,0,30,0,7.3,314,308,17.2,24.1,1,580.61,1015.2,1001.1
2025-05-17T21:00,15.3,0.00,49,4.6,12.7,0.00,0.00,0.00,0,9,0,8,1,8.9,320,313,20.3,18.7,0,0.00,1015.6,1001.5
2025-05-17T22:00,14.0,0.00,52,4.4,11.5,0.00,0.00,0.00,0,1,0,1,0,7.6,327,322,19.8,19.1,0,0.00,1015.7,1001.6
2025-05-17T23:00,13.0,0.00,57,4.6,10.8,0.00,0.00,0.00,0,5,0,5,0,6.4,308,306,18.2,15.5,0,0.00,1016.1,1001.9
2025-05-18T00:00,12.6,0.00,58,4.6,10.2,0.00,0.00,0.00,0,9,0,8,6,7.5,308,303,19.5,16.2,0,0.00,1016.3,1002.1
2025-05-18T01:00,11.6,0.00,63,4.9,9.5,0.00,0.00,0.00,0,12,0,12,0,5.7,323,319,16.3,15.5,0,0.00,1016.3,1002.0
2025-05-18T02:00,10.7,0.00,69,5.3,8.7,0.00,0.00,0.00,0,5,0,5,0,6.2,332,334,17.0,13.0,0,0.00,1016.0,1001.7
2025-05-18T03:00,10.5,0.00,71,5.5,8.4,0.00,0.00,0.00,0,13,0,13,0,6.7,329,329,17.3,13.7,0,0.00,1016.0,1001.7
2025-05-18T04:00,10.2,0.00,74,5.7,8.2,0.00,0.00,0.00,1,28,0,28,0,6.4,328,328,17.1,14.0,0,0.00,1016.0,1001.7
2025-05-18T05:00,10.0,0.00,76,6.0,8.1,0.00,0.00,0.00,0,19,0,19,2,6.0,328,319,16.4,13.3,1,0.00,1016.4,1002.0
2025-05-18T06:00,10.8,0.00,76,6.7,9.1,0.00,0.00,0.00,0,10,0,10,4,6.0,322,299,13.5,12.2,1,2834.20,1016.8,1002.5
2025-05-18T07:00,11.9,0.00,73,7.2,10.2,0.00,0.00,0.00,0,4,0,0,4,6.9,308,300,10.3,17.3,1,3600.00,1017.2,1002.9
2025-05-18T08:00,13.0,0.00,69,7.4,11.4,0.00,0.00,0.00,0,18,17,1,1,6.2,293,292,8.4,18.7,1,3600.00,1017.2,1003.0
2025-05-18T09:00,14.4,0.00,64,7.6,12.9,0.00,0.00,0.00,0,2,2,0,0,5.9,282,282,8.1,19.4,1,3600.00,1017.1,1003.0
2025-05-18T10:00,15.8,0.00,58,7.6,14.4,0.00,0.00,0.00,1,22,0,6,20,9.5,280,281,13.0,25.6,1,3600.00,1016.8,1002.7
2025-05-18T11:00,17.6,0.10,47,6.1,15.8,0.10,0.00,0.00,51,43,0,42,11,11.9,280,281,16.6,31.0,1,3600.00,1016.3,1002.3
2025-05-18T12:00,18.3,0.00,45,6.0,15.9,0.00,0.00,0.00,1,26,0,24,3,13.6,310,311,18.9,33.1,1,3600.00,1015.7,1001.8
2025-05-18T13:00,19.0,0.00,40,5.2,16.4,0.00,0.00,0.00,0,15,0,14,7,13.5,314,316,19.1,36.0,1,3600.00,1015.5,1001.6
2025-05-18T14:00,18.6,0.00,44,6.0,16.2,0.00,0.00,0.00,1,40,0,39,16,13.4,313,313,18.9,34.9,1,3600.00,1015.5,1001.6
2025-05-18T15:00,19.6,0.00,39,5.1,16.7,0.00,0.00,0.00,1,47,2,46,4,15.2,306,305,21.5,35.6,1,3600.00,1015.1,1001.2
2025-05-18T16:00,18.3,0.00,42,5.2,14.4,0.00,0.00,0.00,0,14,6,8,0,18.4,341,342,26.4,42.1,1,3600.00,1014.9,1001.0
2025-05-18T17:00,17.5,0.00,47,6.0,14.1,0.00,0.00,0.00,0,2,0,2,0,16.3,352,352,23.8,42.8,1,3600.00,1015.4,1001.4
2025-05-18T18:00,16.4,0.00,49,5.8,13.1,0.00,0.00,0.00,0,0,0,0,0,15.2,354,353,23.0,37.4,1,3600.00,1015.9,1001.9
2025-05-18T19:00,15.8,0.00,53,6.3,13.3,0.00,0.00,0.00,0,0,0,0,0,11.1,353,352,19.0,33.5,1,3600.00,1016.1,1002.0
2025-05-18T20:00,14.0,0.00,61,6.5,12.0,0.00,0.00,0.00,0,0,0,0,0,7.0,1,4,16.2,23.8,1,1419.13,1017.0,1002.8
2025-05-18T21:00,12.6,0.00,71,7.4,11.4,0.00,0.00,0.00,0,0,0,0,0,3.8,343,349,10.7,14.0,0,0.00,1017.5,1003.3
2025-05-18T22:00,11.7,0.00,75,7.4,10.5,0.00,0.00,0.00,0,1,1,0,0,3.3,9,36,8.9,7.6,0,0.00,1017.8,1003.5
2025-05-18T23:00,10.7,0.00,80,7.4,9.5,0.00,0.00,0.00,0,1,0,1,0,3.4,13,58,9.0,7.2,0,0.00,1018.0,1003.7
2025-05-19T00:00,10.1,0.00,82,7.1,8.8,0.00,0.00,0.00,0,1,0,1,0,3.9,12,56,9.9,7.9,0,0.00,1018.2,1003.8
2025-05-19T01:00,9.5,0.00,83,6.7,8.1,0.00,0.00,0.00,0,0,0,0,0,3.6,18,63,8.9,8.3,0,0.00,1018.4,1004.0
2025-05-19T02:00,8.5,0.00,83,5.9,6.9,0.00,0.00,0.00,0,0,0,0,0,4.2,36,54,9.8,9.0,0,0.00,1018.1,1003.7
2025-05-19T03:00,7.8,0.00,85,5.4,6.1,0.00,0.00,0.00,0,0,0,0,0,3.8,92,85,6.8,8.3,0,0.00,1018.2,1003.7
2025-05-19T04:00,7.3,0.00,86,5.0,5.3,0.00,0.00,0.00,0,0,0,0,0,5.4,115,96,9.3,11.2,0,0.00,1018.4,1003.9
2025-05-19T05:00,6.9,0.00,86,4.8,5.0,0.00,0.00,0.00,0,0,0,0,0,4.4,106,83,8.0,11.2,1,0.00,1018.5,1004.0
2025-05-19T06:00,8.3,0.00,84,5.7,6.6,0.00,0.00,0.00,0,0,0,0,0,4.3,86,73,5.1,9.4,1,2901.23,1019.1,1004.6
2025-05-19T07:00,11.3,0.00,76,7.2,10.4,0.00,0.00,0.00,0,0,0,0,0,1.3,95,146,4.3,9.4,1,3600.00,1019.6,1005.3
2025-05-19T08:00,13.9,0.00,66,7.5,13.1,0.00,0.00,0.00,0,0,0,0,0,1.1,124,171,1.9,9.4,1,3600.00,1019.9,1005.7
2025-05-19T09:00,16.0,0.00,57,7.5,14.9,0.00,0.00,0.00,0,0,0,0,0,3.4,90,90,5.0,13.7,1,3600.00,1019.8,1005.7
2025-05-19T10:00,17.7,0.00,50,7.2,17.1,0.00,0.00,0.00,0,5,0,0,5,4.9,90,92,6.8,17.3,1,3600.00,1019.6,1005.6
2025-05-19T11:00,19.0,0.00,44,6.4,18.8,0.00,0.00,0.00,1,27,0,2,27,4.8,101,110,6.6,18.0,1,3600.00,1019.1,1005.2
2025-05-19T12:00,20.4,0.00,38,5.5,20.5,0.00,0.00,0.00,1,35,0,33,18,4.3,152,165,5.3,18.0,1,3600.00,1018.6,1004.7
2025-05-19T13:00,21.2,0.00,34,4.9,20.7,0.00,0.00,0.00,0,3,0,3,0,4.5,167,175,5.7,18.0,1,3600.00,1018.0,1004.2
2025-05-19T14:00,21.4,0.00,37,6.2,21.3,0.00,0.00,0.00,0,2,0,1,1,6.2,133,139,8.1,20.9,1,3600.00,1017.4,1003.6
2025-05-19T15:00,21.8,0.00,37,6.3,21.0,0.00,0.00,0.00,0,8,0,3,7,7.8,132,138,10.2,22.7,1,3600.00,1017.0,1003.2
2025-05-19T16:00,21.9,0.00,37,6.5,19.9,0.00,0.00,0.00,2,76,49,53,1,11.1,126,130,14.9,27.7,1,3600.00,1016.6,1002.8
2025-05-19T17:00,20.9,0.00,37,5.8,17.7,0.00,0.00,0.00,0,12,9,2,1,14.1,109,112,20.0,32.8,1,3600.00,1016.5,1002.7
2025-05-19T18:00,20.0,0.00,38,5.3,16.9,0.00,0.00,0.00,0,3,3,0,0,13.1,97,99,20.1,33.1,1,3600.00,1016.5,1002.6
2025-05-19T19:00,18.7,0.00,46,6.8,16.4,0.00,0.00,0.00,0,14,14,0,0,10.1,93,92,19.6,28.4,1,3600.00,1016.5,1002.6
2025-05-19T20:00,16.6,0.00,52,6.6,14.5,0.00,0.00,0.00,0,3,3,0,0,8.7,91,84,21.1,21.2,1,1584.61,1016.8,1002.8
2025-05-19T21:00,15.5,0.00,55,6.5,13.2,0.00,0.00,0.00,1,21,21,0,0,9.7,77,72,23.6,19.8,0,0.00,1017.3,1003.2
2025-05-19T22:00,14.8,0.00,57,6.4,12.5,0.00,0.00,0.00,1,23,23,0,0,9.9,75,69,23.9,20.9,0,0.00,1017.5,1003.4
2025-05-19T23:00,14.3,0.00,58,6.0,11.6,0.00,0.00,0.00,2,55,55,0,0,11.1,74,70,25.9,22.7,0,0.00,1017.5,1003.3
2025-05-20T00:00,14.0,0.00,60,6.4,11.2,0.00,0.00,0.00,2,67,67,0,0,12.8,73,71,28.8,25.9,0,0.00,1017.2,1003.0
2025-05-20T01:00,13.8,0.00,63,7.0,11.2,0.00,0.00,0.00,1,29,29,0,0,12.9,84,84,28.6,26.6,0,0.00,1017.1,1002.9
2025-05-20T02:00,14.0,0.00,63,7.0,11.2,0.00,0.00,0.00,1,46,46,0,0,13.7,87,85,29.2,28.8,0,0.00,1017.0,1002.8
2025-05-20T03:00,13.3,0.00,65,6.9,10.7,0.00,0.00,0.00,0,3,3,0,0,12.4,89,89,27.5,28.4,0,0.00,1016.6,1002.4
2025-05-20T04:00,12.7,0.00,68,6.9,10.3,0.00,0.00,0.00,2,63,63,0,0,10.8,91,90,25.0,25.6,0,0.00,1016.5,1002.3
2025-05-20T05:00,12.2,0.00,71,7.0,10.2,0.00,0.00,0.00,3,84,84,2,0,7.8,97,97,20.9,22.3,1,0.00,1017.1,1002.8
2025-05-20T06:00,12.8,0.00,70,7.4,10.8,0.00,0.00,0.00,2,79,79,0,0,8.7,91,77,19.6,17.3,1,2966.20,1017.1,1002.9
2025-05-20T07:00,14.8,0.00,64,8.1,13.2,0.00,0.00,0.00,0,2,2,0,0,7.9,82,66,19.1,19.4,1,3600.00,1017.0,1002.9
2025-05-20T08:00,17.1,0.00,58,8.7,15.8,0.00,0.00,0.00,0,11,11,0,0,6.7,84,84,10.9,19.4,1,3600.00,1016.9,1002.9
2025-05-20T09:00,19.2,0.00,51,8.7,17.8,0.00,0.00,0.00,0,7,0,7,0,7.0,100,102,10.4,20.5,1,3600.00,1016.8,1002.9
2025-05-20T10:00,20.8,0.00,42,7.3,19.7,0.00,0.00,0.00,0,6,0,6,0,8.0,99,100,11.3,23.4,1,3600.00,1016.4,1002.6
2025-05-20T11:00,22.0,0.00,37,6.7,21.8,0.00,0.00,0.00,0,4,4,0,0,6.0,94,97,8.1,23.4,1,3600.00,1016.0,1002.2
2025-05-20T12:00,23.0,0.00,36,7.0,23.9,0.00,0.00,0.00,2,59,52,13,0,2.6,96,115,3.4,20.5,1,3600.00,1015.6,1001.9
2025-05-20T13:00,24.2,0.00,33,6.8,24.8,0.00,0.00,0.00,1,31,15,20,0,3.2,283,270,3.9,16.2,1,3600.00,1014.8,1001.2
2025-05-20T14:00,24.9,0.00,27,4.8,23.9,0.00,0.00,0.00,3,86,6,86,0,5.9,313,308,7.6,19.4,1,3600.00,1014.4,1000.8
2025-05-20T15:00,23.5,0.00,33,6.4,20.5,0.00,0.00,0.00,1,40,0,40,0,14.3,344,341,19.8,34.2,1,3600.00,1014.2,1000.5
2025-05-20T16:00,23.3,0.00,31,5.4,20.0,0.00,0.00,0.00,1,23,0,23,0,14.5,347,345,20.7,37.4,1,3600.00,1014.0,1000.3
2025-05-20T17:00,23.5,0.00,30,5.1,20.6,0.00,0.00,0.00,0,18,1,17,0,11.3,351,352,15.9,33.8,1,3600.00,1013.6,999.9
2025-05-20T18:00,23.1,0.00,31,5.1,20.6,0.00,0.00,0.00,0,7,0,7,0,8.6,357,358,12.3,26.3,1,3600.00,1013.5,999.8
2025-05-20T19:00,22.0,0.00,36,6.2,19.8,0.00,0.00,0.00,0,2,0,2,0,8.8,10,9,15.5,19.4,1,3600.00,1013.7,1000.0
2025-05-20T20:00,19.9,0.00,39,5.6,17.0,0.00,0.00,0.00,0,6,0,6,0,12.2,25,27,24.3,24.5,1,1609.03,1014.1,1000.3
2025-05-20T21:00,18.3,0.00,44,5.8,15.8,0.00,0.00,0.00,1,29,7,24,0,9.6,47,57,21.8,24.5,0,0.00,1014.6,1000.7
2025-05-20T22:00,17.4,0.00,49,6.5,15.4,0.00,0.00,0.00,1,28,4,25,0,7.3,58,65,18.2,19.1,0,0.00,1014.6,1000.6
2025-05-20T23:00,16.2,0.00,55,7.1,14.7,0.00,0.00,0.00,2,78,77,5,0,5.0,51,52,14.7,14.4,0,0.00,1014.6,1000.6
2025-05-21T00:00,14.9,0.00,62,7.8,13.7,0.00,0.00,0.00,2,70,70,0,0,3.6,16,9,10.1,10.1,0,0.00,1014.6,1000.5
2025-05-21T01:00,14.1,0.00,66,7.9,13.0,0.00,0.00,0.00,1,25,24,1,0,4.0,337,352,10.6,7.6,0,0.00,1014.5,1000.4
2025-05-21T02:00,13.6,0.00,68,7.8,12.8,0.00,0.00,0.00,2,51,14,43,0,1.4,353,67,6.3,11.2,0,0.00,1014.4,1000.3
2025-05-21T03:00,12.9,0.00,70,7.7,11.9,0.00,0.00,0.00,1,39,14,29,0,3.1,76,93,3.7,6.5,0,0.00,1014.2,1000.0
2025-05-21T04:00,11.9,0.00,78,8.1,11.3,0.00,0.00,0.00,3,88,82,34,0,0.7,197,104,2.4,6.5,0,0.00,1014.1,999.9
2025-05-21T05:00,11.8,0.00,79,8.3,11.1,0.00,0.00,0.00,3,100,100,39,1,1.5,288,30,4.7,2.9,1,0.00,1014.1,999.9
2025-05-21T06:00,12.7,0.00,75,8.5,11.8,0.00,0.00,0.00,3,96,94,31,0,3.2,336,19,6.1,6.5,1,0.00,1014.2,1000.0
2025-05-21T07:00,15.1,0.00,68,9.2,14.6,0.00,0.00,0.00,2,68,66,5,0,1.7,308,257,3.2,8.3,1,3600.00,1014.4,1000.3
2025-05-21T08:00,17.0,0.00,60,9.2,16.5,0.00,0.00,0.00,3,100,100,22,0,1.9,333,304,2.8,11.2,1,3600.00,1014.1,1000.1
2025-05-21T09:00,16.7,1.60,70,11.3,15.8,1.60,0.00,0.00,61,100,100,70,12,8.8,323,319,11.6,23.0,1,3600.00,1014.6,1000.6
2025-05-21T10:00,17.7,0.10,65,11.0,17.3,0.10,0.00,0.00,51,100,100,37,1,4.8,77,79,6.6,22.7,1,3600.00,1013.8,999.9
2025-05-21T11:00,19.2,0.00,60,11.2,19.3,0.00,0.00,0.00,3,100,100,53,5,1.4,243,247,1.6,16.6,1,3600.00,1013.6,999.7
2025-05-21T12:00,19.4,0.00,57,10.7,18.9,0.00,0.00,0.00,3,88,87,23,0,4.6,151,149,6.0,20.5,1,3600.00,1013.2,999.4
2025-05-21T13:00,20.3,0.00,53,10.3,20.0,0.00,0.00,0.00,3,89,75,79,1,2.9,149,150,3.8,20.9,1,3600.00,1012.4,998.6
2025-05-21T14:00,16.4,2.90,80,12.9,16.6,2.90,0.00,0.00,63,71,60,26,2,4.7,75,74,5.6,23.0,1,1286.46,1013.2,999.2
2025-05-21T15:00,19.1,0.00,60,11.2,19.9,0.00,0.00,0.00,3,100,100,24,3,2.1,230,239,2.8,19.4,1,3600.00,1012.3,998.5
2025-05-21T16:00,19.2,0.00,56,10.3,18.9,0.00,0.00,0.00,3,92,69,89,1,2.5,351,356,3.3,17.6,1,3600.00,1011.9,998.1
2025-05-21T17:00,18.9,0.00,56,9.9,18.5,0.00,0.00,0.00,3,100,100,41,1,2.2,183,180,3.1,11.5,1,1802.85,1011.1,997.3
2025-05-21T18:00,18.7,0.00,56,9.8,17.8,0.00,0.00,0.00,3,100,100,100,2,6.1,238,242,8.5,15.1,1,3600.00,1010.9,997.1
2025-05-21T19:00,17.7,0.00,64,10.8,16.7,0.00,0.00,0.00,3,100,100,100,1,8.4,266,280,14.1,16.6,1,0.00,1010.8,996.9
2025-05-21T20:00,15.4,0.50,78,11.7,15.2,0.50,0.00,0.00,53,100,100,100,4,5.2,261,258,11.8,19.4,1,0.00,1011.5,997.5
2025-05-21T21:00,14.1,0.20,85,11.7,13.1,0.20,0.00,0.00,51,100,100,100,22,10.3,225,209,17.2,21.2,0,0.00,1012.3,998.2
2025-05-21T22:00,13.7,0.40,89,12.0,13.4,0.40,0.00,0.00,51,100,100,100,2,6.1,189,166,11.7,21.2,0,0.00,1012.2,998.1
2025-05-21T23:00,13.6,0.40,92,12.3,13.3,0.40,0.00,0.00,51,100,100,100,0,6.9,203,186,15.0,13.0,0,0.00,1011.8,997.7
2025-05-22T00:00,13.3,0.50,94,12.4,12.4,0.50,0.00,0.00,53,100,13,100,0,11.0,215,208,20.5,20.5,0,0.00,1011.6,997.5
2025-05-22T01:00,12.6,0.40,96,12.1,12.1,0.40,0.00,0.00,51,100,1,100,6,8.1,232,225,16.4,21.2,0,0.00,1011.2,997.1
2025-05-22T02:00,11.8,0.70,96,11.2,11.3,0.70,0.00,0.00,53,100,0,100,13,6.0,241,231,13.9,18.4,0,0.00,1011.2,997.0
2025-05-22T03:00,11.8,0.40,98,11.4,11.9,0.40,0.00,0.00,51,100,1,100,96,2.2,247,204,6.9,11.9,0,0.00,1010.7,996.5
2025-05-22T04:00,11.8,0.10,98,11.4,11.5,0.10,0.00,0.00,51,100,1,100,59,5.1,218,190,8.2,9.4,0,0.00,1010.6,996.4
2025-05-22T05:00,11.9,0.20,96,11.2,11.7,0.20,0.00,0.00,51,100,0,100,26,3.7,308,293,8.7,10.4,1,0.00,1010.7,996.5
2025-05-22T06:00,11.7,0.40,95,11.0,10.4,0.40,0.00,0.00,51,100,1,100,0,11.2,339,332,20.6,22.0,1,0.00,1011.2,997.0
2025-05-22T07:00,11.4,0.30,93,10.4,9.5,0.30,0.00,0.00,51,100,0,100,4,14.0,340,334,23.1,28.4,1,0.00,1011.6,997.4
2025-05-22T08:00,11.3,0.10,91,9.9,9.4,0.10,0.00,0.00,51,100,9,100,16,12.4,335,330,18.9,28.4,1,0.00,1012.2,998.0
2025-05-22T09:00,11.8,0.00,84,9.3,9.8,0.00,0.00,0.00,2,54,5,23,37,12.6,337,335,17.8,29.9,1,599.97,1012.6,998.4
2025-05-22T10:00,13.9,0.00,69,8.2,12.0,0.00,0.00,0.00,0,14,0,1,13,12.3,337,335,17.3,32.0,1,3600.00,1012.7,998.6
2025-05-22T11:00,15.0,0.00,60,7.2,13.7,0.00,0.00,0.00,0,4,0,0,4,11.6,330,327,16.2,31.0,1,3600.00,1012.6,998.5
2025-05-22T12:00,16.2,0.00,50,5.7,14.6,0.00,0.00,0.00,1,33,0,0,33,14.9,329,328,20.9,36.0,1,3600.00,1012.5,998.5
2025-05-22T13:00,16.9,0.00,46,5.1,15.0,0.00,0.00,0.00,1,44,0,44,1,14.8,324,322,21.1,38.5,1,3600.00,1012.5,998.5
2025-05-22T14:00,16.0,0.00,48,4.9,12.6,0.00,0.00,0.00,3,100,77,100,71,17.0,320,319,24.7,39.6,1,3600.00,1013.3,999.3
2025-05-22T15:00,15.3,0.00,48,4.4,11.5,0.00,0.00,0.00,2,75,62,34,2,17.2,324,323,25.5,40.0,1,2843.71,1013.5,999.5
2025-05-22T16:00,16.1,0.00,45,4.1,12.2,0.00,0.00,0.00,3,90,83,37,19,17.4,322,321,25.5,41.4,1,3600.00,1013.5,999.5
2025-05-22T17:00,15.4,0.00,45,3.6,11.5,0.00,0.00,0.00,2,56,38,28,5,15.9,327,328,24.0,41.8,1,3600.00,1014.1,1000.0
2025-05-22T18:00,14.7,0.00,49,4.0,11.1,0.00,0.00,0.00,1,28,8,20,10,14.8,326,324,23.6,34.9,1,3600.00,1014.4,1000.3
2025-05-22T19:00,13.8,0.00,54,4.7,11.1,0.00,0.00,0.00,0,13,0,12,5,9.3,317,313,17.8,32.0,1,3600.00,1014.6,1000.5
2025-05-22T20:00,12.5,0.00,60,5.0,10.2,0.00,0.00,0.00,0,8,0,8,0,7.2,316,309,17.6,19.8,1,1652.82,1015.0,1000.8
2025-05-22T21:00,11.6,0.00,63,4.8,9.4,0.00,0.00,0.00,0,3,0,3,0,6.7,317,314,18.1,14.8,0,0.00,1015.6,1001.3
2025-05-22T22:00,11.0,0.00,64,4.5,8.7,0.00,0.00,0.00,0,2,0,2,0,7.0,306,302,18.7,14.4,0,0.00,1015.9,1001.6
2025-05-22T23:00,10.5,0.00,65,4.3,7.7,0.00,0.00,0.00,0,0,0,0,0,9.6,314,308,22.1,18.7,0,0.00,1016.1,1001.8
2025-05-23T00:00,9.5,0.00,63,2.9,6.5,0.00,0.00,0.00,0,0,0,0,0,9.6,347,340,22.5,21.2,0,0.00,1016.1,1001.7
2025-05-23T01:00,8.7,0.00,66,2.6,5.9,0.00,0.00,0.00,0,0,0,0,0,7.2,359,1,18.7,19.8,0,0.00,1016.1,1001.7
2025-05-23T02:00,7.2,0.00,71,2.4,4.5,0.00,0.00,0.00,0,0,0,0,0,6.8,341,342,17.5,15.1,0,0.00,1016.2,1001.7
2025-05-23T03:00,6.8,0.00,72,2.0,4.0,0.00,0.00,0.00,0,0,0,0,0,6.7,345,360,17.1,13.7,0,0.00,1016.1,1001.6
2025-05-23T04:00,6.4,0.00,73,1.8,3.5,0.00,0.00,0.00,0,0,0,0,0,6.9,343,355,17.7,14.0,0,0.00,1016.2,1001.7
2025-05-23T05:00,6.3,0.00,74,2.0,3.5,0.00,0.00,0.00,0,3,0,0,3,6.7,340,344,18.1,13.3,1,0.00,1016.6,1002.1
2025-05-23T06:00,7.2,0.00,75,3.0,4.4,0.00,0.00,0.00,1,33,0,31,27,8.0,341,335,17.9,16.2,1,3148.02,1017.1,1002.6
2025-05-23T07:00,8.5,0.00,72,3.7,5.7,0.00,0.00,0.00,2,62,0,56,32,8.7,338,333,14.2,20.5,1,3600.00,1017.5,1003.1
2025-05-23T08:00,9.5,0.00,69,4.0,6.8,0.00,0.00,0.00,2,59,0,49,33,8.7,338,333,12.8,22.0,1,3600.00,1017.7,1003.3
2025-05-23T09:00,10.6,0.00,65,4.3,7.9,0.00,0.00,0.00,1,29,0,16,20,9.2,332,327,12.9,24.1,1,3600.00,1017.9,1003.6
2025-05-23T10:00,11.7,0.00,59,3.8,8.8,0.00,0.00,0.00,1,42,0,4,41,10.9,315,310,14.9,27.7,1,3600.00,1017.8,1003.5
2025-05-23T11:00,12.5,0.10,56,4.0,10.0,0.10,0.00,0.00,51,24,0,20,14,12.6,299,298,17.7,31.7,1,3600.00,1017.7,1003.5
2025-05-23T12:00,13.7,0.00,48,3.0,11.5,0.00,0.00,0.00,0,19,0,17,11,12.6,301,301,17.4,32.0,1,3600.00,1017.4,1003.2
2025-05-23T13:00,14.4,0.00,44,2.2,12.2,0.00,0.00,0.00,0,9,0,8,1,11.9,303,302,16.7,32.0,1,3600.00,1017.3,1003.2
2025-05-23T14:00,14.9,0.00,40,1.5,12.4,0.00,0.00,0.00,1,45,0,45,0,11.6,299,298,16.2,30.6,1,3600.00,1017.4,1003.3
2025-05-23T15:00,15.2,0.00,38,1.0,11.8,0.00,0.00,0.00,3,100,0,100,0,12.8,303,302,18.1,31.3,1,3600.00,1017.1,1003.0
2025-05-23T16:00,14.7,0.00,40,1.1,10.7,0.00,0.00,0.00,3,98,0,98,0,13.9,310,309,19.8,32.4,1,3600.00,1017.2,1003.1
2025-05-23T17:00,14.3,0.00,40,0.9,10.4,0.00,0.00,0.00,2,70,0,70,0,12.9,324,325,19.4,32.4,1,3181.98,1017.3,1003.2
2025-05-23T18:00,14.2,0.00,43,1.8,10.6,0.00,0.00,0.00,2,78,2,78,0,12.1,318,317,19.2,29.2,1,3600.00,1017.3,1003.1
2025-05-23T19:00,13.2,0.00,51,3.1,10.4,0.00,0.00,0.00,3,96,70,96,0,8.3,316,316,16.4,26.3,1,3600.00,1017.9,1003.7
2025-05-23T20:00,12.0,0.00,57,3.6,9.5,0.00,0.00,0.00,3,94,71,87,0,6.7,313,314,17.2,17.6,1,0.00,1018.1,1003.8
2025-05-23T21:00,11.3,0.00,60,3.9,8.9,0.00,0.00,0.00,3,100,98,99,0,6.4,311,315,17.6,14.4,0,0.00,1018.9,1004.6
2025-05-23T22:00,11.4,0.00,60,4.0,8.9,0.00,0.00,0.00,3,81,10,80,0,7.1,313,317,18.3,14.8,0,0.00,1019.2,1004.9
2025-05-23T23:00,10.8,0.00,65,4.5,8.6,0.00,0.00,0.00,0,2,0,2,0,5.7,325,328,15.6,14.8,0,0.00,1019.2,1004.9
2025-05-24T00:00,9.6,0.00,69,4.2,8.0,0.00,0.00,0.00,0,11,0,10,7,1.3,319,304,8.3,11.5,0,0.00,1019.2,1004.8
2025-05-24T01:00,8.9,0.00,73,4.3,7.2,0.00,0.00,0.00,2,53,0,51,19,1.8,255,191,4.8,4.0,0,0.00,1019.4,1005.0
2025-05-24T02:00,7.2,0.00,75,3.1,5.4,0.00,0.00,0.00,0,2,0,2,0,1.5,286,201,5.2,4.3,0,0.00,1019.7,1005.2
2025-05-24T03:00,6.8,0.00,78,3.1,4.9,0.00,0.00,0.00,0,0,0,0,0,1.7,277,212,5.6,4.3,0,0.00,1019.5,1004.9
2025-05-24T04:00,6.8,0.00,79,3.3,5.1,0.00,0.00,0.00,1,46,46,0,0,1.0,289,248,6.5,4.3,0,0.00,1019.7,1005.1
2025-05-24T05:00,6.7,0.00,80,3.5,5.1,0.00,0.00,0.00,3,90,90,0,0,0.7,277,194,4.5,4.0,1,0.00,1019.9,1005.3
2025-05-24T06:00,7.8,0.00,82,5.0,6.4,0.00,0.00,0.00,3,91,91,0,0,1.3,260,180,4.2,3.6,1,3204.01,1020.0,1005.5
2025-05-24T07:00,9.5,0.00,76,5.4,8.2,0.00,0.00,0.00,1,46,46,0,0,1.1,254,180,3.2,6.8,1,3600.00,1020.1,1005.7
2025-05-24T08:00,11.3,0.00,63,4.5,9.6,0.00,0.00,0.00,3,87,87,0,0,2.9,234,227,4.0,11.9,1,3600.00,1020.0,1005.7
2025-05-24T09:00,12.8,0.00,54,3.8,10.6,0.00,0.00,0.00,3,100,100,0,0,4.8,233,228,6.6,16.6,1,3600.00,1020.2,1005.9
2025-05-24T10:00,14.0,0.00,47,2.9,12.0,0.00,0.00,0.00,3,100,100,0,0,5.5,233,229,7.5,18.7,1,3600.00,1020.0,1005.8
2025-05-24T11:00,14.9,0.00,43,2.6,13.2,0.00,0.00,0.00,3,100,100,2,0,6.2,234,232,8.2,19.8,1,3600.00,1019.5,1005.4
2025-05-24T12:00,15.9,0.00,40,2.4,14.4,0.00,0.00,0.00,3,100,100,61,2,6.1,244,247,8.2,20.5,1,3600.00,1019.0,1004.9
2025-05-24T13:00,16.9,0.00,38,2.5,15.0,0.00,0.00,0.00,3,100,100,99,0,7.0,242,241,9.6,20.5,1,3600.00,1018.3,1004.3
2025-05-24T14:00,18.3,0.00,33,1.6,16.2,0.00,0.00,0.00,3,100,97,100,0,9.3,216,216,12.7,24.8,1,3600.00,1017.8,1003.8
2025-05-24T15:00,17.3,0.00,34,1.5,13.4,0.00,0.00,0.00,3,100,100,100,0,14.8,200,196,20.4,35.6,1,3600.00,1017.7,1003.7
2025-05-24T16:00,17.7,0.00,34,1.7,14.1,0.00,0.00,0.00,3,100,100,100,0,11.7,190,184,16.8,35.3,1,3600.00,1017.2,1003.2
2025-05-24T17:00,17.7,0.00,36,2.4,14.0,0.00,0.00,0.00,3,100,100,100,0,13.6,217,217,20.3,29.5,1,573.59,1017.0,1003.0
2025-05-24T18:00,16.0,0.00,44,3.6,12.8,0.00,0.00,0.00,3,100,100,100,3,11.6,213,210,20.9,30.6,1,0.00,1017.3,1003.2
2025-05-24T19:00,15.0,0.00,47,3.9,12.0,0.00,0.00,0.00,3,100,98,100,14,11.1,226,224,21.0,25.2,1,0.00,1017.6,1003.5
2025-05-24T20:00,13.5,0.00,55,4.6,10.3,0.00,0.00,0.00,3,100,100,100,2,13.4,247,246,24.0,32.8,1,0.00,1018.4,1004.2
2025-05-24T21:00,12.0,0.80,65,5.6,10.0,0.80,0.00,0.00,53,100,99,100,30,6.5,196,152,12.9,28.4,0,0.00,1018.3,1004.0
2025-05-24T22:00,11.4,0.20,71,6.4,9.0,0.20,0.00,0.00,51,100,100,100,23,10.3,160,147,19.9,22.0,0,0.00,1018.1,1003.8
2025-05-24T23:00,11.0,0.50,78,7.3,8.6,0.50,0.00,0.00,53,100,100,100,100,11.5,179,166,21.6,22.3,0,0.00,1017.8,1003.5
2025-05-25T00:00,10.3,1.20,91,8.9,8.4,1.20,0.00,0.00,55,100,99,100,100,10.5,177,163,22.5,23.8,0,0.00,1017.4,1003.1
2025-05-25T01:00,10.6,0.90,90,8.9,8.7,0.90,0.00,0.00,53,100,96,98,100,10.7,194,175,20.4,21.2,0,0.00,1017.2,1002.9
2025-05-25T02:00,10.9,0.20,92,9.7,9.2,0.20,0.00,0.00,51,100,97,100,100,11.3,211,197,21.6,22.3,0,0.00,1016.9,1002.6
2025-05-25T03:00,10.7,1.90,95,9.9,9.1,1.90,0.00,0.00,61,100,95,100,71,11.1,216,203,23.2,25.9,0,0.00,1016.3,1002.0
2025-05-25T04:00,10.9,1.70,95,10.1,9.6,1.70,0.00,0.00,61,100,99,100,28,9.0,224,211,21.4,23.4,0,0.00,1015.9,1001.6
2025-05-25T05:00,11.0,3.00,92,9.8,9.9,3.00,0.00,0.00,63,100,99,99,18,7.2,226,205,19.2,19.4,1,0.00,1015.8,1001.5
2025-05-25T06:00,11.5,0.50,90,10.0,10.0,0.50,0.00,0.00,53,100,86,100,68,10.2,228,214,20.6,19.1,1,0.00,1015.7,1001.4
2025-05-25T07:00,11.7,0.70,94,10.8,10.0,0.70,0.00,0.00,53,100,100,100,25,13.2,226,219,25.6,27.4,1,0.00,1015.5,1001.2
2025-05-25T08:00,12.5,0.50,94,11.6,11.0,0.50,0.00,0.00,53,100,100,100,28,13.5,224,218,25.2,28.4,1,0.00,1015.6,1001.4
2025-05-25T09:00,12.7,1.00,94,11.8,11.4,1.00,0.00,0.00,55,100,100,100,23,12.9,223,216,24.0,28.4,1,0.00,1015.7,1001.5
2025-05-25T10:00,13.8,0.40,90,12.3,12.5,0.40,0.00,0.00,51,100,99,91,68,13.5,218,213,22.8,29.5,1,0.00,1015.4,1001.3
2025-05-25T11:00,16.3,0.00,77,12.4,15.0,0.00,0.00,0.00,3,100,75,100,40,15.1,211,208,23.2,37.8,1,3600.00,1014.6,1000.6
2025-05-25T12:00,18.1,0.10,67,11.9,16.2,0.10,0.00,0.00,51,100,8,94,100,19.7,238,238,29.4,46.1,1,3600.00,1014.1,1000.2
2025-05-25T13:00,18.0,0.00,66,11.6,15.9,0.00,0.00,0.00,3,100,0,100,100,17.8,240,238,28.1,44.3,1,0.00,1013.9,1000.0
2025-05-25T14:00,17.3,0.20,71,12.0,15.5,0.20,0.00,0.00,51,100,0,100,16,16.4,244,243,25.9,38.2,1,135.92,1014.5,1000.5
2025-05-25T15:00,16.6,2.30,81,13.4,16.4,2.30,0.00,0.00,61,76,0,75,21,9.1,227,219,15.4,34.9,1,0.00,1014.1,1000.1
2025-05-25T16:00,17.7,0.00,79,14.0,17.6,0.00,0.00,0.00,1,30,0,13,24,9.0,191,181,13.2,22.0,1,3600.00,1013.6,999.7
2025-05-25T17:00,19.9,0.00,67,13.7,19.4,0.00,0.00,0.00,1,38,1,27,28,11.1,229,226,16.7,29.5,1,3600.00,1013.1,999.3
2025-05-25T18:00,17.9,0.50,77,13.9,17.5,0.50,0.00,0.00,53,96,4,94,43,11.8,251,251,21.9,31.0,1,3600.00,1013.3,999.4
2025-05-25T19:00,15.8,0.90,90,14.2,15.4,0.90,0.00,0.00,53,77,4,74,31,11.6,207,186,19.9,27.7,1,927.28,1013.9,999.9
2025-05-25T20:00,15.3,0.00,91,13.8,15.2,0.00,0.00,0.00,3,84,0,83,16,8.9,235,216,19.2,23.0,1,0.00,1014.1,1000.0
2025-05-25T21:00,14.7,0.20,91,13.3,13.8,0.20,0.00,0.00,51,100,33,100,65,13.0,234,226,25.1,27.7,0,0.00,1015.0,1000.9
2025-05-25T22:00,14.6,0.20,91,13.2,13.6,0.20,0.00,0.00,51,100,100,41,24,13.4,237,231,25.4,27.7,0,0.00,1014.9,1000.8
2025-05-25T23:00,13.9,0.00,95,13.2,13.4,0.00,0.00,0.00,3,100,100,53,33,10.2,241,236,21.8,26.6,0,0.00,1015.2,1001.1
2025-05-26T00:00,13.7,0.00,96,13.1,13.2,0.00,0.00,0.00,3,100,100,56,24,10.1,235,226,21.3,20.9,0,0.00,1015.5,1001.3
2025-05-26T01:00,13.3,0.00,96,12.8,12.8,0.00,0.00,0.00,3,80,36,49,43,9.8,240,234,20.8,20.5,0,0.00,1015.8,1001.6
2025-05-26T02:00,13.5,0.50,95,12.7,12.6,0.50,0.00,0.00,53,60,2,43,29,11.8,248,247,23.2,24.1,0,0.00,1015.9,1001.7
2025-05-26T03:00,13.2,0.20,97,12.7,12.4,0.20,0.00,0.00,51,18,0,7,12,10.7,255,248,21.6,24.1,0,0.00,1016.2,1002.0
2025-05-26T04:00,12.3,0.00,95,11.6,11.1,0.00,0.00,0.00,1,49,0,49,1,11.8,262,258,24.0,23.4,0,0.00,1016.7,1002.5
2025-05-26T05:00,11.3,0.00,95,10.4,9.8,0.00,0.00,0.00,1,34,0,34,0,11.1,261,256,23.1,23.8,1,0.00,1017.4,1003.1
2025-05-26T06:00,11.4,0.00,92,10.2,9.8,0.00,0.00,0.00,0,7,0,7,0,11.6,255,249,20.9,22.7,1,3308.62,1018.0,1003.7
2025-05-26T07:00,12.3,0.00,88,10.4,10.9,0.00,0.00,0.00,0,0,0,0,0,10.5,251,246,17.4,23.4,1,3600.00,1018.5,1004.2
2025-05-26T08:00,13.5,0.00,80,10.2,11.8,0.00,0.00,0.00,0,2,0,1,1,12.0,253,252,17.5,28.4,1,3600.00,1018.7,1004.5
2025-05-26T09:00,15.0,0.00,72,10.1,13.1,0.00,0.00,0.00,0,7,0,3,5,13.6,255,255,19.3,32.0,1,3600.00,1018.9,1004.8
2025-05-26T10:00,16.3,0.00,62,8.9,14.2,0.00,0.00,0.00,0,19,11,0,9,15.9,261,260,23.0,37.8,1,3600.00,1018.9,1004.8
2025-05-26T11:00,17.1,0.00,56,8.1,15.3,0.00,0.00,0.00,2,50,38,9,20,15.5,268,267,22.2,38.2,1,3600.00,1019.0,1005.0
2025-05-26T12:00,17.7,0.00,51,7.5,16.0,0.00,0.00,0.00,2,63,18,53,19,15.7,273,273,22.5,37.8,1,3600.00,1019.1,1005.1
2025-05-26T13:00,18.1,0.00,48,6.8,15.6,0.00,0.00,0.00,3,89,22,86,19,15.5,278,278,22.4,37.8,1,3600.00,1018.9,1004.9
2025-05-26T14:00,18.0,0.00,48,6.7,15.0,0.00,0.00,0.00,3,100,100,28,12,15.1,278,278,22.0,37.8,1,3600.00,1019.4,1005.4
2025-05-26T15:00,18.6,0.00,43,5.9,15.3,0.00,0.00,0.00,3,85,67,53,7,17.3,272,271,25.2,38.9,1,3600.00,1019.1,1005.1
2025-05-26T16:00,17.9,0.00,45,5.9,14.3,0.00,0.00,0.00,2,71,12,66,5,17.5,271,271,25.6,43.2,1,3600.00,1019.5,1005.5
2025-05-26T17:00,17.5,0.00,48,6.4,14.5,0.00,0.00,0.00,1,47,0,45,9,14.1,276,275,21.7,42.1,1,3600.00,1019.5,1005.5
2025-05-26T18:00,17.2,0.00,51,7.1,14.8,0.00,0.00,0.00,2,74,7,71,14,11.2,278,276,18.9,30.6,1,3600.00,1019.3,1005.3
2025-05-26T19:00,16.4,0.00,58,8.0,14.7,0.00,0.00,0.00,2,62,23,50,20,7.6,288,285,15.9,24.5,1,2311.77,1019.7,1005.6
2025-05-26T20:00,15.2,0.00,65,8.7,14.1,0.00,0.00,0.00,2,70,64,18,4,4.7,299,298,13.9,16.6,1,1069.56,1020.0,1005.9
2025-05-26T21:00,14.3,0.00,69,8.6,13.3,0.00,0.00,0.00,3,97,96,29,4,4.2,295,288,12.2,10.1,0,0.00,1020.6,1006.4
2025-05-26T22:00,13.5,0.00,71,8.3,12.5,0.00,0.00,0.00,3,100,100,96,19,3.6,269,233,10.8,8.6,0,0.00,1020.9,1006.7
2025-05-26T23:00,13.5,0.00,72,8.5,12.5,0.00,0.00,0.00,3,100,100,96,24,4.3,239,197,11.3,9.0,0,0.00,1021.1,1006.9
2025-05-27T00:00,13.0,0.00,74,8.4,11.7,0.00,0.00,0.00,3,100,100,100,17,5.8,219,180,12.9,11.2,0,0.00,1020.8,1006.5
2025-05-27T01:00,12.4,0.00,76,8.2,11.1,0.00,0.00,0.00,3,100,100,40,14,6.0,211,175,13.6,11.9,0,0.00,1020.7,1006.4
2025-05-27T02:00,12.0,0.00,75,7.8,10.5,0.00,0.00,0.00,2,73,59,32,11,6.5,215,180,14.6,13.0,0,0.00,1020.5,1006.2
2025-05-27T03:00,11.2,0.00,78,7.5,9.5,0.00,0.00,0.00,2,79,7,77,10,7.6,210,183,17.7,14.4,0,0.00,1020.4,1006.1
2025-05-27T04:00,11.1,0.00,78,7.4,9.2,0.00,0.00,0.00,2,52,28,32,9,8.5,210,185,20.1,16.9,0,0.00,1020.6,1006.2
2025-05-27T05:00,10.8,0.00,79,7.3,8.9,0.00,0.00,0.00,3,98,98,1,1,8.1,210,186,19.6,16.9,1,0.00,1020.4,1006.0
2025-05-27T06:00,11.6,0.00,78,7.9,9.8,0.00,0.00,0.00,3,100,100,30,11,8.4,219,199,18.2,17.3,1,3357.10,1020.8,1006.5
2025-05-27T07:00,13.0,0.00,75,8.7,11.5,0.00,0.00,0.00,2,53,37,28,9,7.5,208,188,16.3,17.6,1,3600.00,1020.9,1006.6
2025-05-27T08:00,14.7,0.00,69,9.1,13.1,0.00,0.00,0.00,3,100,91,100,12,9.3,212,207,14.2,23.0,1,3600.00,1021.3,1007.1
2025-05-27T09:00,16.0,0.00,64,9.2,14.1,0.00,0.00,0.00,1,49,0,47,14,11.6,214,212,17.1,28.1,1,3600.00,1021.4,1007.3
2025-05-27T10:00,17.2,0.10,60,9.3,15.0,0.10,0.00,0.00,51,49,13,36,16,15.4,227,228,22.2,35.6,1,3600.00,1021.1,1007.0
2025-05-27T11:00,18.2,0.00,53,8.5,15.5,0.00,0.00,0.00,3,96,90,48,23,15.7,239,239,22.9,36.4,1,3600.00,1020.7,1006.7
2025-05-27T12:00,19.2,0.00,48,7.9,16.5,0.00,0.00,0.00,3,100,86,100,96,15.8,241,240,23.3,37.1,1,3600.00,1020.5,1006.5
2025-05-27T13:00,19.4,0.00,47,7.9,16.6,0.00,0.00,0.00,3,100,99,100,3,15.5,238,237,23.3,36.4,1,856.41,1020.2,1006.3
2025-05-27T14:00,19.7,0.00,45,7.5,16.4,0.00,0.00,0.00,3,100,100,100,66,17.9,240,240,27.2,43.6,1,1181.52,1020.0,1006.1
2025-05-27T15:00,19.9,0.00,46,7.8,17.1,0.00,0.00,0.00,3,99,89,93,16,15.4,238,236,24.3,43.9,1,0.00,1019.7,1005.8
2025-05-27T16:00,20.0,0.00,47,8.3,17.2,0.00,0.00,0.00,3,99,94,86,21,16.2,227,225,26.0,35.6,1,546.99,1019.4,1005.5
2025-05-27T17:00,20.3,0.00,47,8.7,17.8,0.00,0.00,0.00,3,100,47,100,4,14.8,235,233,24.7,37.1,1,3270.24,1019.2,1005.3
2025-05-27T18:00,19.6,0.00,52,9.3,17.4,0.00,0.00,0.00,3,100,81,100,7,13.8,237,234,24.8,32.8,1,0.00,1019.1,1005.2
2025-05-27T19:00,18.9,0.00,55,9.6,16.9,0.00,0.00,0.00,3,100,100,15,1,12.7,239,235,24.3,29.9,1,0.00,1019.0,1005.0
2025-05-27T20:00,17.4,0.00,61,9.7,16.0,0.00,0.00,0.00,3,100,100,100,1,9.5,236,231,21.9,27.4,1,0.00,1018.8,1004.8
2025-05-27T21:00,17.2,0.00,62,9.9,15.7,0.00,0.00,0.00,3,100,99,100,2,10.4,234,228,22.8,21.6,0,0.00,1019.4,1005.4
2025-05-27T22:00,16.8,0.00,66,10.3,15.3,0.00,0.00,0.00,3,100,100,89,15,11.1,238,234,23.1,27.4,0,0.00,1019.2,1005.1
2025-05-27T23:00,16.4,0.00,68,10.4,15.0,0.00,0.00,0.00,3,100,100,100,26,10.5,227,219,21.9,24.8,0,0.00,1019.2,1005.1
2025-05-28T00:00,16.1,0.00,69,10.5,14.5,0.00,0.00,0.00,3,100,100,100,20,12.4,224,214,24.2,26.6,0,0.00,1019.1,1005.0
2025-05-28T01:00,15.7,0.00,72,10.7,14.2,0.00,0.00,0.00,3,100,99,96,22,11.9,223,215,23.7,27.7,0,0.00,1018.5,1004.4
2025-05-28T02:00,16.1,0.00,74,11.5,14.6,0.00,0.00,0.00,3,100,100,100,43,13.6,226,221,26.0,29.2,0,0.00,1017.8,1003.7
2025-05-28T03:00,15.4,0.40,81,12.2,13.7,0.40,0.00,0.00,51,100,100,100,67,16.2,230,225,28.9,34.2,0,0.00,1017.7,1003.6
2025-05-28T04:00,14.8,0.80,88,12.8,13.2,0.80,0.00,0.00,53,100,100,100,76,16.4,225,219,29.8,34.2,0,0.00,1017.2,1003.1
2025-05-28T05:00,14.7,0.60,90,13.0,13.2,0.60,0.00,0.00,53,100,92,100,31,17.1,229,224,31.0,38.2,1,0.00,1017.0,1002.9
2025-05-28T06:00,14.5,0.80,92,13.2,13.2,0.80,0.00,0.00,53,100,98,100,30,15.6,226,220,29.1,34.9,1,0.00,1016.9,1002.8
2025-05-28T07:00,14.9,0.40,91,13.4,13.4,0.40,0.00,0.00,51,100,82,100,100,17.8,229,224,31.3,36.4,1,0.00,1017.0,1002.9
2025-05-28T08:00,15.3,0.20,90,13.7,14.0,0.20,0.00,0.00,51,100,100,100,100,17.2,230,228,28.9,37.1,1,0.00,1017.4,1003.3
2025-05-28T09:00,15.3,0.40,91,13.8,13.8,0.40,0.00,0.00,51,100,100,100,100,18.9,232,230,31.2,39.6,1,0.00,1017.4,1003.3
2025-05-28T10:00,14.9,0.90,92,13.6,12.6,0.90,0.00,0.00,53,100,86,100,73,23.2,232,231,37.0,45.0,1,0.00,1017.3,1003.2
2025-05-28T11:00,14.8,0.60,93,13.7,12.7,0.60,0.00,0.00,53,99,33,97,64,22.7,232,232,36.4,47.5,1,0.00,1017.6,1003.5
2025-05-28T12:00,15.1,0.30,92,13.8,13.4,0.30,0.00,0.00,51,99,16,97,49,19.7,234,233,31.9,45.4,1,0.00,1017.5,1003.4
2025-05-28T13:00,17.2,0.10,78,13.3,15.0,0.10,0.00,0.00,51,100,6,90,100,22.3,251,249,33.2,52.2,1,3600.00,1017.1,1003.1
2025-05-28T14:00,16.2,0.20,81,12.9,14.1,0.20,0.00,0.00,51,91,40,25,84,20.7,243,243,33.1,49.0,1,0.00,1017.7,1003.6
2025-05-28T15:00,17.7,0.20,74,13.0,15.3,0.20,0.00,0.00,51,69,38,36,29,22.9,243,243,34.6,53.6,1,3600.00,1017.3,1003.3
2025-05-28T16:00,17.4,0.50,78,13.5,15.4,0.50,0.00,0.00,53,72,20,39,45,21.3,252,253,32.8,53.3,1,3600.00,1017.2,1003.2
2025-05-28T17:00,17.2,0.90,80,13.7,16.0,0.90,0.00,0.00,53,63,52,22,9,16.1,247,245,26.8,48.2,1,2614.88,1017.0,1003.0
2025-05-28T18:00,14.8,2.50,88,12.8,11.9,2.50,0.00,0.00,63,100,64,41,100,25.7,243,245,41.5,51.8,1,3600.00,1017.9,1003.8
2025-05-28T19:00,14.9,1.50,90,13.3,13.9,1.50,0.00,0.00,61,62,11,39,34,13.6,264,262,23.7,51.8,1,508.39,1018.5,1004.4
2025-05-28T20:00,14.6,0.00,91,13.2,13.9,0.00,0.00,0.00,1,24,0,19,9,11.5,265,262,22.4,30.2,1,573.55,1018.7,1004.5
2025-05-28T21:00,13.8,0.00,93,12.8,13.1,0.00,0.00,0.00,2,72,0,63,36,10.7,285,290,22.5,23.8,0,0.00,1019.8,1005.6
2025-05-28T22:00,13.3,0.30,93,12.2,13.2,0.30,0.00,0.00,51,23,0,17,7,5.0,286,268,15.6,22.7,0,0.00,1020.2,1006.0
2025-05-28T23:00,12.2,0.20,94,11.2,11.8,0.20,0.00,0.00,51,14,0,3,13,5.1,273,247,15.1,11.5,0,0.00,1020.8,1006.5
2025-05-29T00:00,11.7,0.00,95,10.9,11.2,0.00,0.00,0.00,1,36,8,0,30,5.4,273,250,15.5,11.2,0,0.00,1021.3,1007.0
2025-05-29T01:00,11.6,0.00,94,10.7,11.0,0.00,0.00,0.00,3,98,96,0,35,5.6,288,277,16.7,11.9,0,0.00,1021.7,1007.4
2025-05-29T02:00,12.7,0.10,89,11.0,12.1,0.10,0.00,0.00,51,100,100,17,20,6.0,294,287,16.8,14.0,0,0.00,1022.0,1007.7
2025-05-29T03:00,12.0,0.00,91,10.6,11.5,0.00,0.00,0.00,3,96,93,15,30,4.7,297,288,14.1,13.0,0,0.00,1022.3,1008.0
2025-05-29T04:00,11.4,0.00,91,10.0,10.8,0.00,0.00,0.00,3,100,100,21,20,4.4,305,291,12.9,10.4,0,0.00,1022.8,1008.4
2025-05-29T05:00,11.2,0.00,91,9.9,10.7,0.00,0.00,0.00,3,99,98,17,36,3.5,296,258,10.2,9.7,1,0.00,1023.3,1008.9
2025-05-29T06:00,12.4,0.00,91,11.0,12.0,0.00,0.00,0.00,3,100,100,25,39,4.6,276,234,8.1,9.0,1,2614.06,1024.2,1009.9
2025-05-29T07:00,13.2,0.00,90,11.6,12.8,0.00,0.00,0.00,3,100,100,26,27,6.4,220,216,9.2,16.2,1,3600.00,1024.5,1010.2
2025-05-29T08:00,13.9,0.00,86,11.6,13.5,0.00,0.00,0.00,3,100,100,93,55,6.5,235,238,9.0,18.0,1,1168.98,1024.5,1010.2
2025-05-29T09:00,15.0,0.10,79,11.3,14.4,0.10,0.00,0.00,51,99,85,86,52,6.9,237,237,9.5,18.4,1,1158.52,1024.5,1010.3
2025-05-29T10:00,16.1,0.20,77,12.2,15.5,0.20,0.00,0.00,51,100,99,82,44,9.1,243,243,12.6,27.0,1,3600.00,1024.4,1010.2
2025-05-29T11:00,17.2,0.00,74,12.5,16.5,0.00,0.00,0.00,3,100,100,91,12,9.7,254,255,13.7,28.8,1,3600.00,1024.3,1010.2
2025-05-29T12:00,18.4,0.10,67,12.2,17.8,0.10,0.00,0.00,51,100,95,100,2,10.8,268,268,15.1,29.9,1,3600.00,1024.3,1010.3
2025-05-29T13:00,18.2,0.00,64,11.3,17.2,0.00,0.00,0.00,3,100,100,100,14,9.4,270,269,13.5,27.7,1,0.00,1024.1,1010.0
2025-05-29T14:00,19.4,0.00,60,11.5,18.9,0.00,0.00,0.00,3,100,98,100,14,6.5,267,267,9.0,19.4,1,3600.00,1023.9,1009.9
2025-05-29T15:00,19.9,0.00,54,10.4,18.8,0.00,0.00,0.00,3,100,62,100,13,8.3,266,266,11.5,20.9,1,0.00,1023.4,1009.4
2025-05-29T16:00,19.8,0.00,54,10.2,18.2,0.00,0.00,0.00,3,100,93,67,93,11.4,241,239,17.7,24.8,1,0.00,1023.1,1009.1
2025-05-29T17:00,19.9,0.00,55,10.6,17.9,0.00,0.00,0.00,3,99,83,91,86,15.0,241,240,23.4,33.5,1,3600.00,1022.8,1008.8
2025-05-29T18:00,19.3,0.00,60,11.5,18.5,0.00,0.00,0.00,3,100,14,100,83,8.6,237,231,17.2,32.0,1,2570.80,1022.3,1008.3
2025-05-29T19:00,18.7,0.00,67,12.6,18.8,0.00,0.00,0.00,3,100,2,100,78,4.8,230,222,13.6,18.0,1,0.00,1022.1,1008.1
2025-05-29T20:00,18.2,0.00,74,13.4,18.9,0.00,0.00,0.00,3,100,21,100,100,2.7,286,298,9.0,10.4,1,0.00,1022.4,1008.4
2025-05-29T21:00,18.4,0.00,69,12.7,19.2,0.00,0.00,0.00,3,100,13,100,83,0.8,293,225,7.3,6.8,0,0.00,1022.7,1008.7
2025-05-29T22:00,17.7,0.00,73,12.8,18.1,0.00,0.00,0.00,3,100,4,100,81,3.1,253,204,8.5,7.2,0,0.00,1023.1,1009.0
2025-05-29T23:00,16.9,0.00,77,12.9,17.0,0.00,0.00,0.00,2,51,3,30,32,4.9,228,190,11.9,10.1,0,0.00,1023.1,1009.0
2025-05-30T00:00,15.6,0.00,81,12.4,15.4,0.00,0.00,0.00,1,23,0,3,22,6.0,230,187,14.1,11.9,0,0.00,1023.1,1008.9
2025-05-30T01:00,14.7,0.00,84,12.1,14.5,0.00,0.00,0.00,0,4,1,1,3,5.6,221,173,12.6,11.9,0,0.00,1023.2,1009.0
2025-05-30T02:00,15.5,0.00,82,12.3,15.5,0.00,0.00,0.00,1,26,0,1,26,4.4,252,187,11.9,9.7,0,0.00,1023.0,1008.8
2025-05-30T03:00,14.7,0.00,85,12.2,14.3,0.00,0.00,0.00,0,6,0,1,5,7.6,220,168,13.4,14.0,0,0.00,1022.9,1008.7
2025-05-30T04:00,13.9,0.00,88,12.0,13.3,0.00,0.00,0.00,1,42,34,4,12,8.5,206,167,16.7,16.6,0,0.00,1022.9,1008.7
2025-05-30T05:00,13.8,0.00,88,11.9,13.4,0.00,0.00,0.00,3,85,81,4,23,6.9,207,171,16.5,16.2,1,0.00,1023.2,1008.9
2025-05-30T06:00,14.9,0.00,85,12.4,14.5,0.00,0.00,0.00,2,73,66,0,20,7.4,208,179,15.5,14.4,1,3487.92,1023.1,1008.9
2025-05-30T07:00,16.4,0.00,81,13.1,16.5,0.00,0.00,0.00,2,64,52,0,25,6.0,215,187,16.0,15.5,1,3600.00,1023.1,1009.0
2025-05-30T08:00,18.4,0.00,75,13.8,18.8,0.00,0.00,0.00,1,39,17,0,27,5.6,212,202,9.5,16.6,1,3600.00,1023.1,1009.1
2025-05-30T09:00,20.5,0.00,66,13.9,20.8,0.00,0.00,0.00,1,22,0,0,22,6.5,223,219,9.7,18.7,1,3600.00,1022.8,1008.9
2025-05-30T10:00,22.1,0.00,59,13.6,22.4,0.00,0.00,0.00,0,17,0,0,17,10.1,230,227,14.2,25.6,1,3600.00,1022.5,1008.7
2025-05-30T11:00,23.8,0.00,51,13.1,24.0,0.00,0.00,0.00,1,31,0,0,31,12.6,249,248,17.8,30.2,1,3600.00,1021.8,1008.0
2025-05-30T12:00,25.6,0.00,43,12.3,25.6,0.00,0.00,0.00,3,83,0,5,82,12.3,272,274,17.3,30.2,1,3600.00,1021.1,1007.4
2025-05-30T13:00,26.1,0.00,44,12.8,25.8,0.00,0.00,0.00,1,28,0,27,9,12.4,280,280,17.5,29.5,1,3600.00,1020.8,1007.2
2025-05-30T14:00,26.9,0.00,43,13.3,28.2,0.00,0.00,0.00,0,8,0,7,3,9.1,257,255,12.4,24.8,1,3600.00,1020.5,1006.9
2025-05-30T15:00,26.9,0.00,45,14.0,28.1,0.00,0.00,0.00,0,10,0,1,10,7.5,257,255,10.2,24.1,1,3600.00,1020.3,1006.7
2025-05-30T16:00,27.3,0.00,44,14.0,28.0,0.00,0.00,0.00,1,40,0,39,10,7.2,276,276,9.8,20.5,1,3600.00,1020.0,1006.4
2025-05-30T17:00,26.9,0.00,46,14.3,27.5,0.00,0.00,0.00,0,16,0,13,9,5.7,309,311,7.7,18.4,1,3600.00,1019.7,1006.1
2025-05-30T18:00,26.2,0.00,51,15.4,27.4,0.00,0.00,0.00,0,5,0,4,1,4.3,346,345,6.7,14.4,1,3600.00,1019.6,1006.0
2025-05-30T19:00,24.8,0.00,69,18.6,27.6,0.00,0.00,0.00,0,5,0,5,0,2.3,42,45,4.3,10.1,1,3600.00,1019.7,1006.0
2025-05-30T20:00,22.4,0.00,76,17.9,24.7,0.00,0.00,0.00,0,1,0,1,0,3.9,169,137,9.7,7.2,1,2665.88,1019.6,1005.8
2025-05-30T21:00,21.1,0.00,75,16.4,22.6,0.00,0.00,0.00,0,6,0,6,0,4.8,187,143,12.7,9.7,0,0.00,1019.9,1006.0
2025-05-30T22:00,19.9,0.00,76,15.6,21.3,0.00,0.00,0.00,0,0,0,0,0,3.9,188,127,9.8,9.4,0,0.00,1019.9,1006.0
2025-05-30T23:00,19.3,0.00,76,15.0,20.2,0.00,0.00,0.00,0,1,0,1,0,4.8,185,119,8.8,9.0,0,0.00,1019.9,1006.0
2025-05-31T00:00,18.6,0.00,79,14.8,19.5,0.00,0.00,0.00,0,4,0,4,0,4.8,197,119,8.8,10.1,0,0.00,1019.7,1005.7
2025-05-31T01:00,18.1,0.00,80,14.6,18.8,0.00,0.00,0.00,1,28,26,3,0,5.1,192,122,8.5,9.4,0,0.00,1019.7,1005.7
2025-05-31T02:00,17.7,0.00,79,14.1,18.3,0.00,0.00,0.00,0,3,0,3,0,4.9,186,118,7.1,8.6,0,0.00,1019.4,1005.4
2025-05-31T03:00,16.8,0.00,82,13.8,17.3,0.00,0.00,0.00,0,4,2,2,0,5.1,175,108,6.7,10.1,0,0.00,1019.4,1005.3
2025-05-31T04:00,16.0,0.00,85,13.5,16.1,0.00,0.00,0.00,0,9,9,0,0,6.5,163,113,8.7,11.5,0,0.00,1019.4,1005.3
2025-05-31T05:00,15.6,0.00,86,13.3,15.6,0.00,0.00,0.00,1,21,21,0,0,7.3,158,115,11.6,13.3,1,0.00,1019.4,1005.3
2025-05-31T06:00,17.0,0.00,82,14.0,17.2,0.00,0.00,0.00,1,41,41,0,0,7.2,155,117,11.9,13.3,1,3526.75,1019.5,1005.5
2025-05-31T07:00,19.7,0.00,75,15.2,20.7,0.00,0.00,0.00,0,0,0,0,0,4.9,158,129,9.7,13.0,1,3600.00,1019.7,1005.8
2025-05-31T08:00,21.9,0.00,66,15.2,23.0,0.00,0.00,0.00,0,6,6,0,0,4.2,161,160,6.1,13.3,1,3600.00,1019.8,1006.0
2025-05-31T09:00,24.0,0.00,61,15.9,25.5,0.00,0.00,0.00,0,4,2,1,0,3.9,168,167,5.2,14.4,1,3600.00,1019.6,1005.9
2025-05-31T10:00,25.8,0.00,56,16.3,28.2,0.00,0.00,0.00,1,31,29,3,0,3.7,195,194,5.0,15.1,1,3600.00,1019.4,1005.8
2025-05-31T11:00,27.3,0.00,50,15.8,30.0,0.00,0.00,0.00,0,19,13,7,2,3.9,205,202,5.2,18.7,1,3600.00,1019.0,1005.4
2025-05-31T12:00,28.2,0.00,45,15.1,30.9,0.00,0.00,0.00,0,10,5,6,1,3.6,200,198,4.8,18.7,1,3600.00,1018.3,1004.8
2025-05-31T13:00,28.8,0.00,43,14.9,31.8,0.00,0.00,0.00,1,28,18,12,0,2.9,194,184,3.7,17.6,1,3600.00,1017.9,1004.4
2025-05-31T14:00,30.1,0.00,37,13.9,31.9,0.00,0.00,0.00,3,83,80,18,3,3.8,207,205,5.1,15.5,1,3600.00,1017.2,1003.8
2025-05-31T15:00,27.1,0.60,51,16.0,27.7,0.60,0.00,0.00,53,80,70,32,1,9.5,260,260,13.0,24.8,1,3600.00,1017.9,1004.3
2025-05-31T16:00,20.2,0.70,83,17.3,19.4,0.70,0.00,0.00,53,100,100,87,5,22.8,352,355,38.9,59.0,1,3600.00,1020.0,1006.1
2025-05-31T17:00,20.9,0.00,77,16.8,22.4,0.00,0.00,0.00,3,100,100,98,0,5.6,66,84,11.2,48.2,1,0.00,1018.7,1004.8
2025-05-31T18:00,20.6,0.10,84,17.8,23.3,0.10,0.00,0.00,51,100,100,89,0,0.8,241,315,3.3,11.9,1,0.00,1018.1,1004.2
2025-05-31T19:00,20.9,0.00,86,18.4,23.6,0.00,0.00,0.00,2,68,66,6,0,2.7,180,160,2.9,10.1,1,0.00,1017.9,1004.1
2025-05-31T20:00,19.9,0.00,91,18.3,22.2,0.00,0.00,0.00,3,100,99,44,0,5.0,167,154,12.6,15.8,1,1784.98,1018.0,1004.1
2025-05-31T21:00,19.5,0.00,91,18.0,21.7,0.00,0.00,0.00,3,100,100,37,0,4.2,169,140,12.3,10.4,0,0.00,1017.9,1004.0
2025-05-31T22:00,18.7,0.00,92,17.3,20.9,0.00,0.00,0.00,3,100,100,22,0,2.2,175,99,6.7,7.6,0,0.00,1017.8,1003.9
2025-05-31T23:00,18.7,0.00,90,17.1,20.4,0.00,0.00,0.00,3,100,100,47,0,5.4,128,86,9.1,10.4,0,0.00,1017.3,1003.4
2025-06-01T00:00,18.1,0.00,90,16.5,19.5,0.00,0.00,0.00,3,100,100,24,0,6.0,127,87,12.1,11.5,0,0.00,1016.8,1002.8
2025-06-01T01:00,17.8,0.00,90,16.1,19.1,0.00,0.00,0.00,3,100,100,3,0,6.0,120,85,12.0,11.2,0,0.00,1016.0,1002.0
2025-06-01T02:00,17.4,0.00,90,15.7,17.6,0.00,0.00,0.00,3,100,100,50,0,12.2,150,137,26.1,27.0,0,0.00,1016.6,1002.6
2025-06-01T03:00,17.2,0.40,87,15.0,18.4,0.40,0.00,0.00,51,100,100,100,0,2.7,224,222,10.8,24.8,0,0.00,1017.0,1003.0
2025-06-01T04:00,17.1,0.20,88,15.1,18.4,0.20,0.00,0.00,51,100,96,95,0,3.0,13,73,3.1,7.9,0,0.00,1016.5,1002.5
2025-06-01T05:00,17.0,0.00,91,15.4,17.8,0.00,0.00,0.00,3,100,100,100,0,7.0,159,125,9.9,12.6,1,0.00,1016.1,1002.1
2025-06-01T06:00,17.8,0.00,88,15.8,18.5,0.00,0.00,0.00,3,100,100,41,0,9.0,181,151,17.1,17.3,1,0.00,1016.3,1002.3
2025-06-01T07:00,19.5,0.00,85,17.0,20.8,0.00,0.00,0.00,3,95,94,2,0,8.1,200,181,15.5,19.1,1,3600.00,1016.3,1002.4
2025-06-01T08:00,21.1,0.00,79,17.3,22.4,0.00,0.00,0.00,3,94,94,1,0,8.5,203,197,12.5,21.2,1,3600.00,1016.3,1002.5
2025-06-01T09:00,22.5,0.00,72,17.1,23.3,0.00,0.00,0.00,1,25,7,1,19,11.7,211,211,16.9,27.7,1,3600.00,1015.9,1002.2
2025-06-01T10:00,24.2,0.00,65,17.2,25.2,0.00,0.00,0.00,3,100,100,5,37,14.0,233,232,19.9,37.4,1,3600.00,1015.5,1001.8
2025-06-01T11:00,24.5,0.00,65,17.6,25.4,0.00,0.00,0.00,3,100,100,17,55,13.1,223,221,18.7,37.1,1,3600.00,1015.2,1001.6
2025-06-01T12:00,25.4,0.00,61,17.3,25.9,0.00,0.00,0.00,3,100,100,16,10,15.7,226,225,22.5,40.0,1,3600.00,1014.4,1000.8
2025-06-01T13:00,26.2,0.00,57,17.0,26.7,0.00,0.00,0.00,3,99,95,25,69,17.4,232,233,25.0,42.5,1,3600.00,1013.7,1000.2
2025-06-01T14:00,22.7,0.40,74,17.7,25.6,0.40,0.00,0.00,51,100,99,13,6,3.6,268,273,5.0,23.4,1,3600.00,1015.0,1001.3
2025-06-01T15:00,23.3,0.40,75,18.5,26.7,0.40,0.00,0.00,51,100,100,2,14,3.4,250,252,4.8,27.0,1,3600.00,1014.6,1000.9
2025-06-01T16:00,23.6,0.00,74,18.6,26.4,0.00,0.00,0.00,3,100,99,5,64,3.0,247,245,4.5,26.3,1,3600.00,1014.2,1000.5
2025-06-01T17:00,24.3,0.00,68,18.1,26.6,0.00,0.00,0.00,3,100,100,7,33,4.7,268,272,6.5,23.0,1,3600.00,1013.7,1000.1
2025-06-01T18:00,21.4,1.30,82,18.2,23.8,1.30,0.00,0.00,61,100,100,12,14,3.6,293,290,7.0,26.6,1,3600.00,1013.9,1000.1
2025-06-01T19:00,20.7,0.10,85,18.1,22.8,0.10,0.00,0.00,51,97,94,23,38,5.6,127,132,8.1,15.5,1,0.00,1014.2,1000.4
2025-06-01T20:00,18.5,2.40,96,17.8,20.8,2.40,0.00,0.00,61,100,100,32,24,3.3,254,229,6.7,15.5,1,0.00,1015.0,1001.1
2025-06-01T21:00,18.1,0.00,98,17.8,19.9,0.00,0.00,0.00,3,100,100,22,36,7.0,161,151,10.1,11.5,0,0.00,1015.0,1001.1
2025-06-01T22:00,17.2,0.10,97,16.6,17.8,0.10,0.00,0.00,51,100,99,56,54,11.3,178,179,20.5,23.8,0,0.00,1015.8,1001.8
2025-06-01T23:00,16.5,0.20,97,16.0,17.1,0.20,0.00,0.00,51,100,100,75,60,9.7,193,177,17.8,23.4,0,0.00,1016.0,1002.0
2025-06-02T00:00,16.8,0.10,97,16.4,18.1,0.10,0.00,0.00,51,100,100,79,26,6.4,207,190,12.9,21.6,0,0.00,1015.8,1001.8
2025-06-02T01:00,16.6,0.10,100,16.6,17.7,0.10,0.00,0.00,51,100,93,74,86,8.5,225,222,16.5,20.5,0,0.00,1016.1,1002.1
2025-06-02T02:00,16.1,0.00,96,15.4,17.3,0.00,0.00,0.00,3,100,100,1,5,3.6,280,276,10.2,11.9,0,0.00,1015.4,1001.4
2025-06-02T03:00,15.9,0.00,93,14.7,17.1,0.00,0.00,0.00,3,100,100,1,1,2.0,302,265,7.2,8.6,0,0.00,1015.5,1001.5
2025-06-02T04:00,15.4,0.00,95,14.6,16.6,0.00,0.00,0.00,3,100,100,3,3,1.6,220,180,1.4,4.7,0,0.00,1015.8,1001.7
2025-06-02T05:00,15.4,0.00,97,14.9,16.9,0.00,0.00,0.00,3,100,100,0,7,0.5,117,135,1.2,4.0,1,0.00,1015.9,1001.8
2025-06-02T06:00,16.1,0.00,98,15.7,17.9,0.00,0.00,0.00,3,100,100,0,36,1.0,129,202,1.2,5.4,1,0.00,1016.3,1002.3
2025-06-02T07:00,16.6,0.00,96,16.0,18.3,0.00,0.00,0.00,3,100,100,17,32,2.7,162,160,3.4,9.0,1,0.00,1016.7,1002.7
2025-06-02T08:00,18.0,0.00,90,16.4,19.6,0.00,0.00,0.00,3,100,100,20,17,3.8,158,163,5.2,12.2,1,1204.37,1017.0,1003.0
2025-06-02T09:00,19.2,0.00,83,16.1,20.7,0.00,0.00,0.00,3,100,100,59,6,3.8,195,197,5.0,19.1,1,2780.93,1017.4,1003.5
2025-06-02T10:00,19.9,0.00,76,15.6,21.4,0.00,0.00,0.00,3,97,92,62,3,2.4,213,216,3.0,19.4,1,2052.71,1017.2,1003.3
2025-06-02T11:00,21.2,0.00,67,14.8,22.3,0.00,0.00,0.00,2,71,57,34,1,3.8,182,185,4.9,17.3,1,3600.00,1016.6,1002.8
2025-06-02T12:00,21.9,0.00,64,14.8,23.2,0.00,0.00,0.00,3,99,97,57,4,5.6,212,211,7.4,20.2,1,3600.00,1016.7,1002.9
2025-06-02T13:00,21.9,0.10,63,14.6,22.4,0.10,0.00,0.00,51,100,100,24,7,7.3,223,222,9.8,22.7,1,2896.36,1016.0,1002.2
2025-06-02T14:00,20.9,0.10,63,13.5,20.7,0.10,0.00,0.00,51,100,100,57,1,9.1,221,219,12.6,24.8,1,1537.11,1016.3,1002.5
2025-06-02T15:00,21.1,0.00,60,13.1,20.7,0.00,0.00,0.00,3,100,100,99,3,9.6,222,221,13.5,24.5,1,2180.43,1016.1,1002.3
2025-06-02T16:00,20.3,0.40,63,13.1,19.7,0.40,0.00,0.00,51,100,100,73,59,10.3,276,277,14.8,25.9,1,0.00,1016.3,1002.5
2025-06-02T17:00,17.8,0.50,83,14.9,18.5,0.50,0.00,0.00,53,100,100,46,15,6.8,356,357,10.8,28.1,1,137.45,1016.4,1002.4
2025-06-02T18:00,18.9,0.00,76,14.7,20.3,0.00,0.00,0.00,3,99,99,11,2,1.1,83,108,1.5,15.5,1,2350.56,1016.1,1002.2
2025-06-02T19:00,18.5,0.00,80,15.1,19.6,0.00,0.00,0.00,3,100,100,14,8,3.9,206,204,6.2,9.4,1,0.00,1016.4,1002.5
2025-06-02T20:00,17.6,0.00,87,15.5,18.8,0.00,0.00,0.00,3,100,100,15,13,4.5,218,217,10.5,9.7,1,194.81,1016.7,1002.7
2025-06-02T21:00,16.7,0.00,91,15.3,17.8,0.00,0.00,0.00,3,100,100,2,3,4.5,214,196,10.6,9.4,0,0.00,1017.3,1003.3
2025-06-02T22:00,16.1,0.00,94,15.1,17.1,0.00,0.00,0.00,3,100,100,9,10,4.2,211,187,11.1,9.4,0,0.00,1017.3,1003.2
2025-06-02T23:00,15.6,0.00,96,14.9,16.6,0.00,0.00,0.00,3,99,99,9,7,3.8,210,183,10.4,7.9,0,0.00,1017.1,1003.0
2025-06-03T00:00,15.0,0.00,97,14.5,15.8,0.00,0.00,0.00,3,97,96,5,14,4.4,207,168,10.7,8.6,0,0.00,1017.1,1003.0
2025-06-03T01:00,14.5,0.00,98,14.2,15.4,0.00,0.00,0.00,3,100,98,90,67,3.2,217,153,7.7,8.3,0,0.00,1016.9,1002.8
2025-06-03T02:00,13.7,0.00,95,13.0,13.9,0.00,0.00,0.00,3,92,91,0,9,5.3,220,188,12.9,12.6,0,0.00,1016.9,1002.7
2025-06-03T03:00,12.8,0.00,95,11.9,12.7,0.00,0.00,0.00,0,1,0,0,1,4.4,217,173,10.7,11.2,0,0.00,1016.6,1002.4
2025-06-03T04:00,12.2,0.00,95,11.3,12.1,0.00,0.00,0.00,0,4,2,2,0,3.5,209,145,7.4,8.6,0,0.00,1016.4,1002.2
2025-06-03T05:00,12.4,0.00,95,11.5,12.3,0.00,0.00,0.00,2,75,0,74,43,3.9,184,127,5.6,7.6,1,0.00,1016.4,1002.2
2025-06-03T06:00,14.1,0.00,92,12.7,14.0,0.00,0.00,0.00,1,44,0,42,33,6.4,158,122,8.2,12.2,1,3600.00,1016.2,1002.1
2025-06-03T07:00,16.0,0.00,84,13.3,16.3,0.00,0.00,0.00,1,29,0,25,26,4.8,149,138,8.6,13.7,1,3600.00,1015.9,1001.9
2025-06-03T08:00,17.3,0.00,77,13.2,17.5,0.00,0.00,0.00,1,28,0,18,14,5.3,162,162,7.6,15.8,1,3600.00,1015.9,1001.9
2025-06-03T09:00,19.0,0.00,65,12.3,19.0,0.00,0.00,0.00,1,29,0,21,23,4.7,167,164,6.5,16.6,1,3600.00,1015.7,1001.8
2025-06-03T10:00,20.4,0.00,55,11.0,20.7,0.00,0.00,0.00,0,15,0,14,10,3.8,178,177,5.2,16.2,1,3600.00,1015.3,1001.5
2025-06-03T11:00,21.4,0.00,53,11.4,22.5,0.00,0.00,0.00,0,5,0,5,0,5.4,181,182,7.2,18.4,1,3600.00,1014.9,1001.1
2025-06-03T12:00,22.5,0.00,52,12.2,23.6,0.00,0.00,0.00,0,17,0,12,6,7.5,204,207,10.2,22.0,1,3600.00,1014.3,1000.6
2025-06-03T13:00,23.1,0.00,50,12.3,23.7,0.00,0.00,0.00,0,16,0,15,1,8.3,213,214,11.2,24.1,1,3600.00,1013.6,999.9
2025-06-03T14:00,22.9,0.00,51,12.3,22.9,0.00,0.00,0.00,1,40,18,26,8,10.1,206,207,14.0,25.9,1,3600.00,1013.4,999.7
2025-06-03T15:00,23.3,0.10,51,12.5,22.9,0.10,0.00,0.00,51,48,0,43,22,12.0,223,223,16.8,30.2,1,3600.00,1012.9,999.2
2025-06-03T16:00,22.9,0.00,56,13.5,22.2,0.00,0.00,0.00,1,27,1,21,9,12.1,223,222,17.6,31.0,1,3600.00,1012.4,998.7
2025-06-03T17:00,21.9,0.00,67,15.6,22.0,0.00,0.00,0.00,1,24,4,21,1,12.3,214,214,17.9,30.2,1,3600.00,1012.2,998.5
2025-06-03T18:00,21.9,0.00,68,15.7,22.5,0.00,0.00,0.00,1,24,9,17,0,9.3,197,193,13.8,28.4,1,3600.00,1011.9,998.2
2025-06-03T19:00,21.2,0.00,74,16.3,22.3,0.00,0.00,0.00,1,21,11,10,1,7.6,189,180,14.0,21.2,1,3600.00,1011.5,997.8
2025-06-03T20:00,20.1,0.00,79,16.3,21.1,0.00,0.00,0.00,1,37,27,5,9,8.0,200,189,17.8,16.9,1,2715.94,1011.8,998.0
2025-06-03T21:00,19.4,0.00,77,15.2,19.6,0.00,0.00,0.00,1,21,2,15,12,11.0,213,205,23.3,22.7,0,0.00,1012.3,998.5
2025-06-03T22:00,18.5,0.00,75,14.0,18.2,0.00,0.00,0.00,0,10,0,5,5,10.4,218,210,22.6,23.8,0,0.00,1012.4,998.5
2025-06-03T23:00,17.6,0.00,82,14.4,17.9,0.00,0.00,0.00,0,4,0,0,4,7.6,216,194,18.4,22.0,0,0.00,1012.4,998.5
2025-06-04T00:00,17.1,0.00,86,14.6,17.6,0.00,0.00,0.00,0,3,0,0,3,6.9,207,175,16.2,16.2,0,0.00,1012.3,998.4
2025-06-04T01:00,16.7,0.00,87,14.6,17.3,0.00,0.00,0.00,3,80,79,3,0,5.8,201,160,14.1,14.8,0,0.00,1012.1,998.1
2025-06-04T02:00,17.0,0.00,87,14.7,17.4,0.00,0.00,0.00,3,93,92,6,6,7.4,196,166,17.0,19.1,0,0.00,1011.4,997.5
2025-06-04T03:00,16.0,3.80,91,14.6,16.1,3.80,0.00,0.00,63,100,100,93,19,10.0,218,201,22.9,20.5,0,0.00,1011.4,997.4
2025-06-04T04:00,15.9,0.20,95,15.1,17.2,0.20,0.00,0.00,51,100,100,99,4,3.2,218,153,10.8,21.6,0,0.00,1011.5,997.5
2025-06-04T05:00,15.7,0.10,96,15.0,16.9,0.10,0.00,0.00,51,100,100,99,19,3.1,192,103,7.0,9.0,1,0.00,1011.3,997.3
2025-06-04T06:00,16.3,0.20,94,15.3,16.9,0.20,0.00,0.00,51,100,100,74,7,8.1,158,121,12.2,14.4,1,0.00,1011.2,997.2
2025-06-04T07:00,17.0,0.00,93,15.8,17.7,0.00,0.00,0.00,3,100,100,43,4,8.8,153,125,14.7,16.9,1,0.00,1010.8,996.9
2025-06-04T08:00,18.9,0.00,85,16.3,20.0,0.00,0.00,0.00,3,100,100,85,6,7.3,159,147,11.7,19.4,1,3599.96,1010.9,997.1
2025-06-04T09:00,19.1,0.20,82,16.0,19.6,0.20,0.00,0.00,51,100,100,99,4,10.6,185,179,16.8,25.2,1,0.00,1011.2,997.4
2025-06-04T10:00,19.6,0.50,79,15.9,19.9,0.50,0.00,0.00,53,100,96,96,5,12.1,184,183,17.7,29.2,1,101.54,1010.8,997.0
2025-06-04T11:00,19.9,0.50,81,16.5,20.7,0.50,0.00,0.00,53,100,100,87,9,10.1,195,191,14.7,34.2,1,2969.79,1010.6,996.8
2025-06-04T12:00,21.1,0.20,78,17.1,22.0,0.20,0.00,0.00,51,98,96,49,9,11.4,205,205,16.1,37.4,1,3179.27,1010.0,996.3
2025-06-04T13:00,21.4,0.30,77,17.2,22.4,0.30,0.00,0.00,51,100,99,28,16,12.0,224,230,16.5,38.2,1,3600.00,1009.7,996.0
2025-06-04T14:00,20.3,0.30,80,16.8,21.0,0.30,0.00,0.00,51,100,96,99,20,11.0,206,208,15.5,25.6,1,3600.00,1010.3,996.5
2025-06-04T15:00,20.4,0.10,78,16.5,20.9,0.10,0.00,0.00,51,100,100,98,23,12.2,226,225,17.8,33.1,1,1606.35,1009.9,996.1
2025-06-04T16:00,19.7,0.20,82,16.5,20.4,0.20,0.00,0.00,51,100,100,96,12,10.6,230,230,15.7,32.8,1,0.00,1009.4,995.6
2025-06-04T17:00,19.5,0.90,82,16.4,20.0,0.90,0.00,0.00,53,100,100,100,12,11.9,240,240,18.2,28.8,1,0.00,1009.8,996.0
2025-06-04T18:00,18.0,3.00,96,17.3,19.7,3.00,0.00,0.00,63,100,100,100,16,5.9,246,243,13.0,30.6,1,0.00,1009.7,995.8
2025-06-04T19:00,16.8,1.80,94,15.9,16.8,1.80,0.00,0.00,61,100,99,100,12,14.3,214,209,26.1,33.1,1,0.00,1010.4,996.5
2025-06-04T20:00,16.6,0.10,94,15.6,16.7,0.10,0.00,0.00,51,100,100,100,9,12.3,218,211,22.3,28.8,1,0.00,1010.7,996.8
2025-06-04T21:00,16.3,0.00,93,15.1,16.2,0.00,0.00,0.00,3,100,100,96,4,12.2,222,214,23.1,25.2,0,0.00,1011.5,997.5
2025-06-04T22:00,15.8,0.00,94,14.8,15.8,0.00,0.00,0.00,2,77,72,13,6,11.0,233,228,22.0,25.6,0,0.00,1012.0,998.0
2025-06-04T23:00,15.3,0.00,95,14.5,15.4,0.00,0.00,0.00,1,44,38,2,9,9.5,232,226,20.6,23.0,0,0.00,1012.3,998.3
2025-06-05T00:00,15.0,0.00,96,14.4,15.2,0.00,0.00,0.00,3,80,77,11,4,8.4,223,211,19.4,20.2,0,0.00,1012.4,998.4
2025-06-05T01:00,14.8,0.00,96,14.2,14.8,0.00,0.00,0.00,2,71,50,35,31,9.6,217,206,20.8,20.2,0,0.00,1012.8,998.7
2025-06-05T02:00,15.4,0.00,96,14.7,15.0,0.00,0.00,0.00,3,94,93,4,17,12.9,224,220,24.8,26.6,0,0.00,1012.6,998.6
2025-06-05T03:00,15.0,0.00,96,14.3,14.4,0.00,0.00,0.00,3,89,84,24,14,13.6,228,224,25.8,28.1,0,0.00,1013.0,998.9
2025-06-05T04:00,14.6,0.00,95,13.8,13.9,0.00,0.00,0.00,3,96,94,27,9,13.4,233,229,25.3,29.2,0,0.00,1013.3,999.2
2025-06-05T05:00,14.3,0.00,94,13.4,13.7,0.00,0.00,0.00,2,58,51,17,0,12.0,231,226,22.9,28.1,1,0.00,1013.4,999.3
2025-06-05T06:00,14.7,0.00,93,13.6,14.0,0.00,0.00,0.00,2,52,10,47,0,13.0,225,221,23.3,27.4,1,3600.00,1013.9,999.8
2025-06-05T07:00,15.7,0.00,89,14.0,15.0,0.00,0.00,0.00,1,45,33,9,11,13.5,228,227,20.5,28.1,1,3600.00,1013.6,999.6
2025-06-05T08:00,16.3,0.20,84,13.5,15.0,0.20,0.00,0.00,51,31,17,6,14,17.0,230,230,25.4,37.1,1,3600.00,1013.7,999.7
2025-06-05T09:00,17.7,0.20,71,12.3,15.9,0.20,0.00,0.00,51,53,1,51,7,16.8,228,228,24.8,38.5,1,3600.00,1013.9,1000.0
2025-06-05T10:00,18.3,0.10,65,11.6,16.3,0.10,0.00,0.00,51,22,0,17,9,17.1,221,222,25.0,42.1,1,3600.00,1013.7,999.8
2025-06-05T11:00,19.2,0.10,59,11.0,17.8,0.10,0.00,0.00,51,23,3,20,2,16.2,225,225,23.4,43.6,1,3600.00,1013.3,999.4
2025-06-05T12:00,20.0,0.00,54,10.4,18.2,0.00,0.00,0.00,3,96,94,29,8,19.2,234,235,28.2,43.6,1,3600.00,1012.9,999.1
2025-06-05T13:00,20.1,0.30,55,10.8,18.0,0.30,0.00,0.00,51,100,100,25,3,20.6,234,235,30.3,45.7,1,3600.00,1012.7,998.9
2025-06-05T14:00,19.6,0.10,57,11.0,17.1,0.10,0.00,0.00,51,100,100,54,14,19.2,234,235,28.6,46.1,1,3600.00,1013.2,999.4
2025-06-05T15:00,19.9,0.00,55,10.7,17.7,0.00,0.00,0.00,3,100,100,54,1,16.7,238,238,25.3,43.2,1,2834.72,1013.0,999.2
2025-06-05T16:00,20.1,0.00,53,10.2,17.6,0.00,0.00,0.00,1,30,0,24,12,17.4,233,233,26.4,38.9,1,2928.66,1012.8,999.0
2025-06-05T17:00,20.0,0.00,53,10.2,17.7,0.00,0.00,0.00,1,35,23,3,13,16.6,223,222,25.1,41.0,1,3600.00,1012.3,998.5
2025-06-05T18:00,19.6,0.00,56,10.6,17.5,0.00,0.00,0.00,3,100,100,11,23,15.6,222,221,25.4,43.2,1,3600.00,1012.2,998.4
2025-06-05T19:00,18.8,0.00,63,11.5,17.9,0.00,0.00,0.00,3,100,100,1,8,9.7,206,198,19.0,33.5,1,1675.29,1012.2,998.3
2025-06-05T20:00,17.8,0.00,70,12.1,17.2,0.00,0.00,0.00,3,100,100,0,6,8.1,196,181,18.7,20.9,1,0.00,1012.1,998.2
2025-06-05T21:00,17.2,0.00,72,12.1,16.5,0.00,0.00,0.00,3,100,100,86,0,9.4,196,179,21.0,19.4,0,0.00,1012.3,998.4
2025-06-05T22:00,17.1,0.00,72,12.1,15.9,0.00,0.00,0.00,3,100,100,100,0,12.0,201,189,25.4,25.2,0,0.00,1012.1,998.2
2025-06-05T23:00,16.9,0.10,74,12.2,16.0,0.10,0.00,0.00,51,100,100,100,0,10.9,209,202,22.6,27.0,0,0.00,1011.7,997.8
2025-06-06T00:00,16.4,0.20,79,12.8,15.7,0.20,0.00,0.00,51,100,99,100,4,11.1,205,194,22.9,24.8,0,0.00,1011.6,997.6
2025-06-06T01:00,16.6,0.00,80,13.2,16.0,0.00,0.00,0.00,3,100,78,100,1,11.2,201,192,22.9,24.5,0,0.00,1010.8,996.9
2025-06-06T02:00,16.7,0.00,83,13.8,16.3,0.00,0.00,0.00,3,100,19,100,23,10.8,191,182,22.2,23.0,0,0.00,1010.5,996.6
2025-06-06T03:00,16.4,1.10,85,13.8,15.3,1.10,0.00,0.00,55,100,27,94,100,16.2,204,197,29.2,32.4,0,0.00,1010.1,996.2
2025-06-06T04:00,16.2,0.10,88,14.1,15.2,0.10,0.00,0.00,51,68,0,42,49,15.7,208,202,28.8,34.2,0,0.00,1010.2,996.2
2025-06-06T05:00,16.4,0.40,88,14.5,15.2,0.40,0.00,0.00,51,100,1,23,100,18.3,215,210,33.1,37.8,1,0.00,1010.4,996.4
2025-06-06T06:00,17.1,0.10,85,14.5,15.6,0.10,0.00,0.00,51,100,0,52,100,20.0,218,214,34.9,42.1,1,0.00,1010.7,996.8
2025-06-06T07:00,17.6,0.30,83,14.6,16.2,0.30,0.00,0.00,51,100,12,54,100,19.8,222,220,34.1,43.2,1,0.00,1011.2,997.3
2025-06-06T08:00,18.3,0.10,80,14.7,16.7,0.10,0.00,0.00,51,94,16,89,80,21.2,227,228,35.2,47.9,1,340.27,1011.7,997.8
2025-06-06T09:00,18.4,0.10,79,14.7,16.8,0.10,0.00,0.00,51,100,13,99,48,21.5,230,230,34.9,50.8,1,33.37,1012.3,998.4
2025-06-06T10:00,17.9,0.20,81,14.7,16.5,0.20,0.00,0.00,51,100,18,100,15,20.4,232,233,32.7,47.5,1,0.00,1012.8,998.9
2025-06-06T11:00,18.2,0.20,79,14.4,17.0,0.20,0.00,0.00,51,100,27,100,6,18.0,240,239,28.4,43.9,1,0.00,1013.4,999.5
2025-06-06T12:00,17.6,0.60,83,14.6,17.1,0.60,0.00,0.00,53,100,17,100,11,14.0,238,235,22.5,39.2,1,0.00,1013.8,999.9
2025-06-06T13:00,17.4,2.90,88,15.5,17.6,2.90,0.00,0.00,63,98,27,98,2,11.1,226,222,18.1,29.5,1,0.00,1013.8,999.9
2025-06-06T14:00,17.9,0.30,78,14.0,17.4,0.30,0.00,0.00,51,100,64,100,2,11.9,221,219,18.3,32.8,1,0.00,1014.4,1000.5
2025-06-06T15:00,17.5,0.20,82,14.4,17.3,0.20,0.00,0.00,51,100,89,100,9,11.2,205,199,17.2,27.4,1,0.00,1014.2,1000.2
2025-06-06T16:00,18.0,0.00,82,14.8,17.9,0.00,0.00,0.00,2,78,71,18,10,11.6,199,196,17.4,28.4,1,0.00,1014.1,1000.2
2025-06-06T17:00,19.1,0.00,77,14.9,18.8,0.00,0.00,0.00,3,100,100,78,17,13.0,211,213,19.0,29.2,1,3600.00,1013.7,999.8
2025-06-06T18:00,19.0,0.10,75,14.5,18.3,0.10,0.00,0.00,51,96,73,79,32,14.8,221,222,22.7,34.9,1,3600.00,1013.8,999.9
2025-06-06T19:00,18.5,0.00,81,15.2,18.9,0.00,0.00,0.00,2,79,70,15,19,9.7,206,202,17.2,36.4,1,1545.28,1013.8,999.9
2025-06-06T20:00,17.9,0.00,84,15.2,18.2,0.00,0.00,0.00,3,84,68,39,19,9.4,210,200,18.8,20.9,1,1089.98,1013.6,999.7
2025-06-06T21:00,17.3,0.00,88,15.2,17.6,0.00,0.00,0.00,3,93,19,92,10,9.9,228,222,20.4,21.6,0,0.00,1014.1,1000.1
2025-06-06T22:00,17.0,0.20,91,15.5,17.3,0.20,0.00,0.00,51,36,0,17,29,10.5,224,217,20.9,22.3,0,0.00,1014.3,1000.3
2025-06-06T23:00,16.1,0.20,93,15.1,16.2,0.20,0.00,0.00,51,34,0,20,21,11.4,216,207,22.9,26.3,0,0.00,1014.3,1000.3
2025-06-07T00:00,15.7,0.00,96,15.1,15.8,0.00,0.00,0.00,1,36,0,26,22,11.2,206,195,22.2,24.5,0,0.00,1014.1,1000.1
2025-06-07T01:00,15.3,0.00,97,14.8,15.3,0.00,0.00,0.00,2,69,0,64,23,10.7,204,194,21.8,23.4,0,0.00,1014.0,999.9
2025-06-07T02:00,15.2,0.00,96,14.6,15.1,0.00,0.00,0.00,0,4,0,2,3,10.6,194,177,22.1,23.0,0,0.00,1013.4,999.3
2025-06-07T03:00,14.8,0.00,96,14.1,14.9,0.00,0.00,0.00,0,14,0,12,1,8.9,206,189,21.1,21.6,0,0.00,1012.9,998.8
2025-06-07T04:00,14.7,0.00,96,14.0,14.6,0.00,0.00,0.00,0,17,0,12,9,9.1,209,194,20.3,19.1,0,0.00,1012.6,998.5
2025-06-07T05:00,14.5,0.20,96,13.9,14.3,0.20,0.00,0.00,51,29,0,17,27,9.5,209,194,20.4,19.8,1,0.00,1012.7,998.6
2025-06-07T06:00,15.0,0.10,96,14.4,14.7,0.10,0.00,0.00,51,97,93,16,60,11.7,204,191,21.0,22.0,1,3600.00,1012.8,998.7
2025-06-07T07:00,15.6,0.00,92,14.4,15.5,0.00,0.00,0.00,3,94,91,86,5,10.4,201,189,18.9,31.0,1,920.37,1012.6,998.6
2025-06-07T08:00,17.4,0.10,86,14.9,16.8,0.10,0.00,0.00,51,100,53,100,8,14.9,217,215,23.4,32.4,1,3600.00,1012.2,998.3
2025-06-07T09:00,17.5,0.00,80,14.0,16.4,0.00,0.00,0.00,3,100,100,93,22,16.2,215,215,25.4,36.4,1,31.73,1012.1,998.2
2025-06-07T10:00,18.0,0.00,76,13.8,16.5,0.00,0.00,0.00,3,95,89,50,11,18.2,220,219,26.9,48.2,1,2282.20,1012.0,998.1
2025-06-07T11:00,18.9,0.20,69,13.1,17.7,0.20,0.00,0.00,51,89,68,72,22,20.5,242,243,30.3,53.3,1,3600.00,1011.9,998.0
2025-06-07T12:00,18.8,0.10,63,11.7,16.7,0.10,0.00,0.00,51,90,38,87,10,18.3,249,248,27.1,47.2,1,3600.00,1011.9,998.0
2025-06-07T13:00,19.6,0.10,59,11.3,17.4,0.10,0.00,0.00,51,59,11,51,6,21.3,247,246,31.4,47.5,1,3600.00,1011.9,998.1
2025-06-07T14:00,19.6,0.00,61,11.8,17.6,0.00,0.00,0.00,1,35,0,25,15,17.4,235,235,25.9,50.8,1,3245.16,1011.8,998.0
2025-06-07T15:00,20.2,0.10,58,11.8,18.6,0.10,0.00,0.00,51,99,0,99,18,19.3,238,237,28.4,47.5,1,3600.00,1012.0,998.2
2025-06-07T16:00,18.5,0.20,65,11.8,16.2,0.20,0.00,0.00,51,76,0,71,21,19.5,243,245,28.8,45.7,1,3335.87,1012.5,998.6
2025-06-07T17:00,18.8,0.10,63,11.6,16.7,0.10,0.00,0.00,51,65,1,62,7,17.8,231,231,27.7,42.1,1,3600.00,1012.2,998.3
2025-06-07T18:00,18.2,0.10,68,12.3,16.8,0.10,0.00,0.00,51,28,1,24,11,14.5,227,226,23.7,42.5,1,3600.00,1012.2,998.3
2025-06-07T19:00,17.7,0.00,73,12.8,16.7,0.00,0.00,0.00,1,48,10,35,13,12.8,221,218,22.6,31.7,1,3600.00,1012.6,998.7
2025-06-07T20:00,16.9,0.00,77,12.8,15.6,0.00,0.00,0.00,3,99,5,99,32,14.5,222,218,26.1,30.2,1,2026.67,1012.7,998.7
2025-06-07T21:00,16.0,0.00,82,12.9,15.3,0.00,0.00,0.00,3,98,98,12,11,11.2,219,213,21.4,32.8,0,0.00,1012.9,998.9
2025-06-07T22:00,15.2,0.00,85,12.7,14.7,0.00,0.00,0.00,3,100,100,24,15,9.0,217,203,19.3,24.5,0,0.00,1012.8,998.8
2025-06-07T23:00,15.0,0.00,86,12.7,14.5,0.00,0.00,0.00,3,99,97,71,24,9.3,212,202,20.0,19.4,0,0.00,1012.5,998.5
2025-06-08T00:00,14.5,0.20,89,12.7,13.6,0.20,0.00,0.00,51,85,77,34,13,12.4,201,190,23.7,29.2,0,0.00,1012.2,998.1
2025-06-08T01:00,14.1,0.90,92,12.8,12.9,0.90,0.00,0.00,53,90,72,38,51,14.1,206,197,26.3,33.1,0,0.00,1011.9,997.8
2025-06-08T02:00,14.5,0.10,93,13.4,13.6,0.10,0.00,0.00,51,30,1,19,25,13.9,213,210,26.5,29.2,0,0.00,1011.3,997.2
2025-06-08T03:00,14.3,0.00,92,13.1,13.1,0.00,0.00,0.00,1,41,9,27,19,15.0,220,212,27.9,33.8,0,0.00,1011.3,997.2
2025-06-08T04:00,14.1,0.10,91,12.6,12.5,0.10,0.00,0.00,51,64,0,51,35,16.4,223,220,30.2,37.4,0,0.00,1011.3,997.2
2025-06-08T05:00,13.9,2.10,92,12.6,12.1,2.10,0.00,0.00,61,68,0,57,31,18.0,233,230,32.3,42.1,1,0.00,1011.7,997.6
2025-06-08T06:00,14.3,0.20,88,12.4,12.0,0.20,0.00,0.00,51,72,0,61,33,20.8,235,235,35.1,45.0,1,1120.03,1012.0,997.9
2025-06-08T07:00,14.6,1.30,86,12.3,12.1,1.30,0.00,0.00,61,69,2,63,23,21.4,243,243,34.6,46.8,1,3600.00,1012.4,998.3
2025-06-08T08:00,15.2,0.50,86,12.8,13.2,0.50,0.00,0.00,53,69,1,68,15,19.5,243,242,30.8,46.4,1,3600.00,1012.7,998.7
2025-06-08T09:00,15.3,1.20,83,12.4,13.3,1.20,0.00,0.00,55,27,0,21,10,18.4,256,256,28.3,50.0,1,3600.00,1013.2,999.2
2025-06-08T10:00,16.6,0.20,72,11.5,14.4,0.20,0.00,0.00,51,23,0,3,21,20.1,266,265,29.8,49.3,1,3600.00,1013.7,999.7
2025-06-08T11:00,17.5,0.00,60,9.6,15.4,0.00,0.00,0.00,1,39,0,33,13,20.2,268,267,29.9,53.3,1,3600.00,1014.1,1000.1
2025-06-08T12:00,18.1,0.00,59,9.9,15.9,0.00,0.00,0.00,1,49,0,45,12,22.0,262,261,32.4,55.4,1,3600.00,1014.9,1001.0
2025-06-08T13:00,18.1,0.40,59,10.0,15.5,0.40,0.00,0.00,51,40,0,22,23,22.1,264,263,33.0,58.7,1,3600.00,1015.5,1001.6
2025-06-08T14:00,17.8,0.10,56,9.0,15.3,0.10,0.00,0.00,51,86,0,34,83,19.1,269,268,28.1,46.4,1,3600.00,1016.7,1002.7
2025-06-08T15:00,17.2,0.20,56,8.4,13.9,0.20,0.00,0.00,51,35,0,29,17,19.3,267,266,29.4,52.2,1,3600.00,1017.3,1003.3
2025-06-08T16:00,17.0,0.10,57,8.5,13.6,0.10,0.00,0.00,51,12,0,10,3,22.2,269,268,32.9,54.4,1,3600.00,1017.9,1003.9
2025-06-08T17:00,17.1,0.00,52,7.1,13.2,0.00,0.00,0.00,1,33,0,30,6,21.1,278,277,31.3,58.3,1,3600.00,1018.4,1004.4
2025-06-08T18:00,16.4,0.00,57,7.8,13.1,0.00,0.00,0.00,0,16,0,14,6,18.6,276,275,29.3,50.0,1,3600.00,1019.3,1005.2
2025-06-08T19:00,15.4,0.40,62,8.2,12.6,0.40,0.00,0.00,51,7,0,5,5,15.8,283,281,27.3,45.0,1,3600.00,1020.5,1006.4
2025-06-08T20:00,14.4,0.00,61,7.1,11.6,0.00,0.00,0.00,0,18,0,9,16,14.3,283,282,26.6,33.8,1,3111.42,1021.5,1007.3
2025-06-08T21:00,13.5,0.00,65,7.0,11.3,0.00,0.00,0.00,0,11,0,0,11,10.0,287,284,21.3,30.6,0,0.00,1022.8,1008.5
2025-06-08T22:00,12.6,0.00,71,7.5,11.0,0.00,0.00,0.00,0,0,0,0,0,6.5,279,270,17.0,21.6,0,0.00,1023.4,1009.1
2025-06-08T23:00,11.9,0.00,75,7.7,10.5,0.00,0.00,0.00,0,3,3,0,0,5.2,269,256,15.3,14.0,0,0.00,1023.8,1009.4
2025-06-09T00:00,11.3,0.00,78,7.6,10.0,0.00,0.00,0.00,0,0,0,0,0,4.6,273,252,13.7,11.5,0,0.00,1024.1,1009.7
2025-06-09T01:00,10.6,0.00,81,7.5,9.4,0.00,0.00,0.00,0,0,0,0,0,3.6,273,229,10.1,10.1,0,0.00,1024.1,1009.7
2025-06-09T02:00,9.7,0.00,80,6.4,8.3,0.00,0.00,0.00,0,0,0,0,0,2.8,234,162,4.6,6.1,0,0.00,1024.2,1009.7
2025-06-09T03:00,9.5,0.00,82,6.5,7.7,0.00,0.00,0.00,0,0,0,0,0,5.7,188,152,9.6,10.1,0,0.00,1024.4,1009.9
2025-06-09T04:00,8.9,0.00,84,6.3,7.0,0.00,0.00,0.00,0,0,0,0,0,6.4,190,153,14.1,12.2,0,0.00,1024.6,1010.1
2025-06-09T05:00,8.9,0.00,85,6.5,7.0,0.00,0.00,0.00,0,0,0,0,0,7.2,194,161,16.1,13.7,1,0.00,1025.0,1010.5
2025-06-09T06:00,10.2,0.00,83,7.5,8.4,0.00,0.00,0.00,0,0,0,0,0,7.8,204,176,16.5,15.5,1,3600.00,1025.3,1010.8
2025-06-09T07:00,11.9,0.00,80,8.5,10.7,0.00,0.00,0.00,0,4,0,0,4,5.7,214,189,13.6,15.5,1,3600.00,1025.3,1010.9
2025-06-09T08:00,13.9,0.00,74,9.4,13.0,0.00,0.00,0.00,0,16,0,0,16,5.2,220,214,8.2,16.2,1,3600.00,1025.3,1011.0
2025-06-09T09:00,15.8,0.00,62,8.6,14.3,0.00,0.00,0.00,1,25,0,23,19,7.2,240,238,10.2,20.2,1,3600.00,1025.3,1011.1
2025-06-09T10:00,16.8,0.00,56,7.9,15.1,0.00,0.00,0.00,3,100,0,73,100,10.2,250,252,14.3,25.6,1,3600.00,1025.1,1011.0
2025-06-09T11:00,17.3,0.00,53,7.5,15.1,0.00,0.00,0.00,3,100,0,87,100,10.5,252,253,14.9,26.3,1,3600.00,1024.9,1010.8
2025-06-09T12:00,17.7,0.00,51,7.5,15.6,0.00,0.00,0.00,3,87,0,73,86,9.6,246,247,13.6,25.6,1,765.80,1024.6,1010.5
2025-06-09T13:00,18.4,0.00,50,7.9,16.6,0.00,0.00,0.00,3,91,0,74,90,8.2,245,244,11.7,23.4,1,2093.77,1024.4,1010.3
2025-06-09T14:00,19.1,0.00,48,7.9,17.7,0.00,0.00,0.00,3,92,64,41,75,7.9,238,237,11.0,22.3,1,3600.00,1024.2,1010.2
2025-06-09T15:00,19.6,0.00,47,7.9,18.3,0.00,0.00,0.00,3,99,98,51,7,7.3,246,245,10.2,22.0,1,3600.00,1023.8,1009.8
2025-06-09T16:00,20.1,0.00,43,7.2,18.7,0.00,0.00,0.00,2,74,69,15,0,4.1,223,209,5.9,20.2,1,3600.00,1023.3,1009.3
2025-06-09T17:00,21.3,0.00,39,6.9,20.2,0.00,0.00,0.00,2,55,50,11,1,2.0,205,180,3.0,12.6,1,3600.00,1022.5,1008.6
2025-06-09T18:00,20.7,0.00,46,8.6,19.7,0.00,0.00,0.00,1,45,40,8,0,4.6,328,324,7.0,10.1,1,3600.00,1022.3,1008.4
2025-06-09T19:00,18.5,0.00,62,11.1,17.3,0.00,0.00,0.00,1,43,22,27,0,10.4,5,1,18.8,20.9,1,3600.00,1022.7,1008.7
2025-06-09T20:00,16.4,0.00,60,8.6,14.5,0.00,0.00,0.00,1,24,24,1,0,10.8,33,36,22.4,24.5,1,3151.67,1022.7,1008.6
2025-06-09T21:00,15.0,0.00,68,9.1,13.6,0.00,0.00,0.00,0,3,2,1,0,7.6,85,95,15.2,20.9,0,0.00,1022.7,1008.5
2025-06-09T22:00,14.5,0.00,70,9.1,12.8,0.00,0.00,0.00,1,23,23,0,0,10.0,118,111,24.4,20.2,0,0.00,1022.6,1008.4
2025-06-09T23:00,13.8,0.00,72,8.8,12.4,0.00,0.00,0.00,2,71,71,0,0,7.6,123,108,19.4,19.8,0,0.00,1022.3,1008.1
2025-06-10T00:00,12.9,0.00,77,9.0,11.4,0.00,0.00,0.00,0,0,0,0,0,8.3,135,112,18.2,15.8,0,0.00,1022.2,1007.9
2025-06-10T01:00,12.3,0.00,80,8.9,10.8,0.00,0.00,0.00,0,0,0,0,0,8.3,143,114,18.5,16.9,0,0.00,1021.8,1007.5
2025-06-10T02:00,11.0,0.00,84,8.4,9.4,0.00,0.00,0.00,0,2,2,0,0,8.3,136,108,19.6,16.2,0,0.00,1021.4,1007.0
2025-06-10T03:00,10.6,0.00,85,8.2,8.8,0.00,0.00,0.00,0,4,4,0,0,9.4,137,107,20.0,17.6,0,0.00,1020.8,1006.4
2025-06-10T04:00,10.4,0.00,85,7.9,8.6,0.00,0.00,0.00,1,21,21,0,0,9.0,139,113,19.4,18.7,0,0.00,1020.3,1005.9
2025-06-10T05:00,10.3,0.00,85,7.9,8.6,0.00,0.00,0.00,2,73,73,0,0,7.7,148,118,16.2,16.9,1,0.00,1020.3,1005.9
2025-06-10T06:00,11.6,0.00,83,8.8,10.2,0.00,0.00,0.00,3,100,100,0,0,7.2,162,118,11.4,14.4,1,3600.00,1020.4,1006.1
2025-06-10T07:00,13.6,0.00,80,10.1,12.6,0.00,0.00,0.00,3,100,100,0,0,7.3,175,138,12.3,16.2,1,3600.00,1020.4,1006.2
2025-06-10T08:00,15.7,0.00,74,11.0,15.0,0.00,0.00,0.00,3,100,100,0,0,7.0,174,162,10.9,18.7,1,3600.00,1020.1,1006.0
2025-06-10T09:00,17.7,0.00,70,12.2,17.2,0.00,0.00,0.00,3,100,100,0,0,8.3,196,191,11.8,22.3,1,3600.00,1019.8,1005.8
2025-06-10T10:00,19.2,0.00,67,12.8,18.7,0.00,0.00,0.00,3,98,98,0,0,9.3,202,198,13.4,24.5,1,3600.00,1019.2,1005.3
2025-06-10T11:00,21.0,0.00,59,12.7,21.2,0.00,0.00,0.00,3,100,100,37,0,11.9,212,209,17.0,29.9,1,3600.00,1018.4,1004.6
2025-06-10T12:00,22.2,0.00,53,12.2,21.8,0.00,0.00,0.00,3,100,100,73,35,14.9,238,240,21.2,34.6,1,3600.00,1018.0,1004.2
2025-06-10T13:00,22.7,0.00,50,11.8,21.3,0.00,0.00,0.00,3,100,100,2,3,14.6,235,232,21.4,35.6,1,3600.00,1017.3,1003.5
2025-06-10T14:00,23.5,0.00,47,11.5,23.0,0.00,0.00,0.00,3,100,100,1,6,14.9,241,239,21.7,36.0,1,3600.00,1016.6,1002.9
2025-06-10T15:00,24.1,0.00,44,11.1,22.6,0.00,0.00,0.00,3,98,96,48,5,18.7,252,254,27.4,41.0,1,3600.00,1016.0,1002.3
2025-06-10T16:00,24.2,0.00,44,11.3,21.9,0.00,0.00,0.00,3,100,100,42,9,19.7,254,256,29.5,43.9,1,3600.00,1015.6,1001.9
2025-06-10T17:00,23.6,0.00,49,12.3,21.9,0.00,0.00,0.00,3,100,100,30,11,16.1,256,254,26.2,43.2,1,3600.00,1015.6,1001.9
2025-06-10T18:00,22.9,0.00,53,12.7,21.9,0.00,0.00,0.00,3,98,97,11,9,12.3,265,263,22.6,34.6,1,3117.55,1015.7,1002.0
2025-06-10T19:00,21.9,0.00,57,13.0,21.0,0.00,0.00,0.00,3,99,99,15,18,12.5,297,298,23.8,27.0,1,3600.00,1016.2,1002.4
2025-06-10T20:00,20.4,0.00,61,12.6,19.1,0.00,0.00,0.00,3,99,99,12,10,14.3,298,298,27.6,30.6,1,1086.90,1016.9,1003.0
2025-06-10T21:00,19.2,0.00,66,12.8,18.3,0.00,0.00,0.00,3,97,97,22,17,11.7,294,291,24.3,30.6,0,0.00,1017.7,1003.8
2025-06-10T22:00,17.9,0.00,75,13.4,17.7,0.00,0.00,0.00,2,76,66,20,30,8.7,318,313,19.6,25.2,0,0.00,1018.6,1004.6
2025-06-10T23:00,16.6,0.00,83,13.7,17.0,0.00,0.00,0.00,2,78,69,12,29,5.5,336,333,14.6,18.0,0,0.00,1019.1,1005.0
2025-06-11T00:00,15.8,0.00,87,13.6,16.2,0.00,0.00,0.00,2,51,20,9,37,5.1,337,337,13.6,11.9,0,0.00,1019.6,1005.5
2025-06-11T01:00,15.3,0.00,88,13.4,15.5,0.00,0.00,0.00,1,38,1,7,37,6.2,350,345,15.0,12.2,0,0.00,1020.1,1006.0
2025-06-11T02:00,16.2,0.00,74,11.5,15.0,0.00,0.00,0.00,1,30,7,10,24,11.2,351,349,23.1,24.5,0,0.00,1020.1,1006.0
2025-06-11T03:00,15.0,0.00,79,11.3,14.0,0.00,0.00,0.00,0,11,8,0,3,9.6,345,340,21.0,23.8,0,0.00,1020.5,1006.3
2025-06-11T04:00,14.3,0.00,82,11.3,13.4,0.00,0.00,0.00,0,0,0,0,0,8.5,346,342,19.7,19.4,0,0.00,1020.7,1006.5
2025-06-11T05:00,13.8,0.00,85,11.3,13.3,0.00,0.00,0.00,0,3,0,0,3,5.9,348,346,15.8,17.6,1,0.00,1021.3,1007.1
2025-06-11T06:00,14.6,0.00,83,11.7,14.5,0.00,0.00,0.00,0,13,0,0,13,4.0,359,355,10.4,12.6,1,3600.00,1021.9,1007.7
2025-06-11T07:00,15.4,0.00,78,11.6,15.2,0.00,0.00,0.00,0,10,0,0,10,4.5,2,355,6.7,13.3,1,3600.00,1022.2,1008.0
2025-06-11T08:00,16.6,0.00,72,11.5,16.4,0.00,0.00,0.00,0,0,0,0,0,4.3,14,5,5.9,15.1,1,3600.00,1022.1,1008.0
2025-06-11T09:00,17.8,0.00,63,10.7,17.6,0.00,0.00,0.00,1,28,28,0,0,2.8,357,345,3.8,14.8,1,3600.00,1022.1,1008.1
2025-06-11T10:00,18.9,0.00,56,10.1,19.4,0.00,0.00,0.00,2,58,58,0,0,3.5,341,332,4.4,15.1,1,3600.00,1022.0,1008.0
2025-06-11T11:00,20.0,0.00,51,9.4,20.7,0.00,0.00,0.00,3,100,100,0,0,4.4,336,328,5.7,17.6,1,3600.00,1021.8,1007.9
2025-06-11T12:00,20.8,0.00,47,9.1,21.8,0.00,0.00,0.00,2,60,60,0,0,4.7,326,320,5.8,18.0,1,3600.00,1021.4,1007.5
2025-06-11T13:00,21.5,0.00,44,8.7,22.6,0.00,0.00,0.00,2,59,59,0,0,5.0,322,316,6.2,18.7,1,3600.00,1021.3,1007.4
2025-06-11T14:00,22.6,0.00,42,8.9,23.5,0.00,0.00,0.00,0,0,0,0,0,5.2,321,314,6.5,18.7,1,3600.00,1020.8,1007.0
2025-06-11T15:00,23.0,0.00,43,9.7,23.5,0.00,0.00,0.00,0,0,0,0,0,6.1,333,326,7.6,19.4,1,3600.00,1020.2,1006.4
2025-06-11T16:00,23.1,0.00,43,10.0,22.9,0.00,0.00,0.00,0,0,0,0,0,6.9,354,346,9.0,19.8,1,3600.00,1019.6,1005.8
2025-06-11T17:00,23.3,0.00,43,9.9,22.2,0.00,0.00,0.00,0,0,0,0,0,7.3,15,7,9.9,19.8,1,3600.00,1019.0,1005.3
2025-06-11T18:00,23.0,0.00,44,9.9,21.9,0.00,0.00,0.00,0,0,0,0,0,7.2,36,32,10.7,19.1,1,3600.00,1019.0,1005.2
2025-06-11T19:00,21.5,0.00,58,12.8,21.5,0.00,0.00,0.00,0,0,0,0,0,6.0,79,73,12.1,16.6,1,3600.00,1018.9,1005.1
2025-06-11T20:00,19.4,0.00,67,13.1,19.6,0.00,0.00,0.00,0,0,0,0,0,5.8,98,85,15.1,12.6,1,3225.39,1019.5,1005.6
2025-06-11T21:00,17.9,0.00,67,11.6,17.4,0.00,0.00,0.00,0,0,0,0,0,6.9,87,70,18.0,14.0,0,0.00,1020.0,1006.0
2025-06-11T22:00,17.0,0.00,64,10.2,15.8,0.00,0.00,0.00,0,0,0,0,0,8.9,77,69,21.7,17.6,0,0.00,1020.1,1006.0
2025-06-11T23:00,16.3,0.00,60,8.6,14.3,0.00,0.00,0.00,0,0,0,0,0,10.6,78,76,25.0,21.6,0,0.00,1020.0,1005.9
2025-06-12T00:00,15.8,0.00,57,7.4,13.2,0.00,0.00,0.00,0,0,0,0,0,13.4,81,79,29.9,27.4,0,0.00,1019.5,1005.4
2025-06-12T01:00,15.4,0.00,59,7.5,12.9,0.00,0.00,0.00,0,0,0,0,0,12.7,86,84,28.5,28.4,0,0.00,1019.1,1005.0
2025-06-12T02:00,15.3,0.00,61,7.8,12.9,0.00,0.00,0.00,0,0,0,0,0,12.3,85,85,27.8,26.6,0,0.00,1019.0,1004.9
2025-06-12T03:00,15.1,0.00,62,7.9,12.6,0.00,0.00,0.00,0,0,0,0,0,13.1,89,89,29.5,27.4,0,0.00,1018.6,1004.5
2025-06-12T04:00,14.8,0.00,63,7.7,12.1,0.00,0.00,0.00,0,0,0,0,0,14.3,93,96,30.5,29.5,0,0.00,1018.3,1004.2
2025-06-12T05:00,14.5,0.00,64,7.8,11.8,0.00,0.00,0.00,0,0,0,0,0,14.7,94,96,30.3,30.2,1,0.00,1018.5,1004.3
2025-06-12T06:00,15.2,0.00,64,8.5,12.6,0.00,0.00,0.00,0,0,0,0,0,14.6,96,99,29.0,30.6,1,3600.00,1018.7,1004.6
2025-06-12T07:00,16.5,0.00,64,9.7,14.5,0.00,0.00,0.00,0,0,0,0,0,13.1,96,97,26.0,31.0,1,3600.00,1018.8,1004.7
2025-06-12T08:00,18.2,0.00,59,10.1,16.2,0.00,0.00,0.00,0,0,0,0,0,14.0,98,99,22.2,33.1,1,3600.00,1018.9,1004.9
2025-06-12T09:00,20.1,0.00,55,10.8,18.6,0.00,0.00,0.00,0,0,0,0,0,12.3,97,97,18.7,32.8,1,3600.00,1018.8,1004.9
2025-06-12T10:00,22.2,0.00,50,11.4,21.7,0.00,0.00,0.00,0,0,0,0,0,12.0,99,99,17.5,30.2,1,3600.00,1018.7,1004.9
2025-06-12T11:00,23.9,0.00,43,10.6,23.5,0.00,0.00,0.00,0,0,0,0,0,13.6,103,102,19.7,33.5,1,3600.00,1018.4,1004.7
2025-06-12T12:00,25.1,0.00,40,10.5,25.0,0.00,0.00,0.00,0,5,5,0,0,13.6,105,105,19.3,34.2,1,3600.00,1018.1,1004.4
2025-06-12T13:00,25.9,0.00,41,11.5,26.1,0.00,0.00,0.00,2,68,68,0,0,13.8,103,103,19.6,34.2,1,3600.00,1017.8,1004.2
2025-06-12T14:00,26.7,0.00,37,10.8,26.8,0.00,0.00,0.00,3,100,100,0,0,12.7,107,106,17.9,34.6,1,3600.00,1017.7,1004.1
2025-06-12T15:00,27.2,0.00,37,11.1,26.5,0.00,0.00,0.00,1,44,44,0,0,14.9,102,101,21.4,36.0,1,3600.00,1017.1,1003.6
2025-06-12T16:00,27.4,0.00,36,11.2,26.5,0.00,0.00,0.00,1,36,36,0,0,13.2,108,107,19.0,35.6,1,3600.00,1017.0,1003.5
2025-06-12T17:00,27.2,0.00,37,11.5,25.5,0.00,0.00,0.00,3,82,82,0,0,14.5,103,101,21.4,33.5,1,3600.00,1016.6,1003.1
2025-06-12T18:00,26.6,0.00,40,11.8,25.3,0.00,0.00,0.00,0,14,14,0,0,13.0,97,95,20.7,33.1,1,3600.00,1016.8,1003.2
2025-06-12T19:00,25.2,0.00,46,12.6,24.2,0.00,0.00,0.00,3,96,96,0,0,12.3,93,87,23.6,28.1,1,3600.00,1017.1,1003.5
2025-06-12T20:00,23.6,0.00,48,12.0,22.2,0.00,0.00,0.00,3,90,90,0,0,13.5,95,91,28.6,27.4,1,3258.64,1017.4,1003.7
2025-06-12T21:00,22.5,0.00,49,11.4,21.1,0.00,0.00,0.00,3,88,88,0,0,13.0,97,92,29.0,27.4,0,0.00,1018.0,1004.2
2025-06-12T22:00,21.8,0.00,50,11.0,19.9,0.00,0.00,0.00,1,36,36,0,0,14.5,102,97,31.1,29.5,0,0.00,1018.4,1004.6
2025-06-12T23:00,20.9,0.00,52,10.6,19.0,0.00,0.00,0.00,0,6,6,0,0,14.2,105,99,30.7,30.2,0,0.00,1018.6,1004.7
2025-06-13T00:00,20.1,0.00,53,10.3,18.0,0.00,0.00,0.00,3,84,84,0,0,14.9,103,98,31.5,31.0,0,0.00,1018.6,1004.7
2025-06-13T01:00,19.5,0.00,55,10.1,17.4,0.00,0.00,0.00,1,38,38,0,0,14.7,102,98,31.3,31.0,0,0.00,1018.7,1004.8
2025-06-13T02:00,18.3,0.00,59,10.1,16.3,0.00,0.00,0.00,0,6,6,0,0,14.2,103,99,30.4,29.2,0,0.00,1018.7,1004.7
2025-06-13T03:00,17.8,0.00,60,10.1,16.1,0.00,0.00,0.00,1,24,24,0,0,12.3,99,94,27.3,28.8,0,0.00,1018.9,1004.9
2025-06-13T04:00,17.1,0.00,64,10.2,15.7,0.00,0.00,0.00,1,23,17,7,0,10.5,95,86,24.4,25.2,0,0.00,1019.3,1005.3
2025-06-13T05:00,16.7,0.00,67,10.6,15.5,0.00,0.00,0.00,1,47,42,9,0,9.6,93,81,22.2,21.6,1,0.00,1019.7,1005.6
2025-06-13T06:00,17.9,0.00,65,11.3,16.8,0.00,0.00,0.00,1,36,36,0,0,10.1,97,88,21.9,20.9,1,3600.00,1020.0,1006.0
2025-06-13T07:00,19.9,0.00,61,12.2,19.5,0.00,0.00,0.00,1,28,28,0,0,7.8,94,86,19.9,20.9,1,3600.00,1020.3,1006.4
2025-06-13T08:00,22.0,0.00,56,12.9,21.6,0.00,0.00,0.00,0,6,6,0,0,9.0,94,92,14.2,23.0,1,3600.00,1020.5,1006.7
2025-06-13T09:00,24.2,0.00,51,13.6,24.1,0.00,0.00,0.00,0,0,0,0,0,8.8,95,94,13.2,24.5,1,3600.00,1020.7,1007.0
2025-06-13T10:00,26.5,0.00,46,14.0,27.4,0.00,0.00,0.00,0,10,10,0,0,8.0,95,95,11.6,24.1,1,3600.00,1020.6,1007.0
2025-06-13T11:00,28.6,0.00,41,14.0,29.8,0.00,0.00,0.00,2,50,50,0,0,10.0,103,103,13.8,27.0,1,3600.00,1020.3,1006.8
2025-06-13T12:00,30.1,0.00,36,13.5,31.3,0.00,0.00,0.00,1,29,29,0,0,10.9,106,106,15.2,29.5,1,3600.00,1020.0,1006.5
2025-06-13T13:00,31.1,0.00,34,13.2,32.1,0.00,0.00,0.00,2,61,61,0,0,11.3,100,100,15.7,29.9,1,3600.00,1019.7,1006.3
2025-06-13T14:00,31.2,0.00,32,12.5,31.6,0.00,0.00,0.00,1,24,24,0,0,12.7,98,97,17.8,33.1,1,3600.00,1019.5,1006.1
2025-06-13T15:00,31.7,0.00,30,11.8,31.5,0.00,0.00,0.00,2,60,60,1,0,12.9,97,97,18.3,32.8,1,3600.00,1019.2,1005.8
2025-06-13T16:00,31.7,0.00,29,11.5,30.6,0.00,0.00,0.00,2,53,53,1,0,14.0,97,97,19.8,33.8,1,3600.00,1018.9,1005.5
2025-06-13T17:00,31.2,0.00,30,11.6,29.6,0.00,0.00,0.00,0,0,0,0,0,14.2,94,94,20.6,34.2,1,3600.00,1018.5,1005.1
2025-06-13T18:00,30.4,0.00,31,11.5,28.8,0.00,0.00,0.00,0,6,6,0,0,14.1,94,94,21.8,33.5,1,3600.00,1018.3,1004.9
2025-06-13T19:00,29.1,0.00,35,12.0,27.7,0.00,0.00,0.00,0,2,1,2,0,13.7,93,88,24.3,31.7,1,3600.00,1018.3,1004.8
2025-06-13T20:00,27.4,0.00,36,10.9,25.6,0.00,0.00,0.00,0,0,0,0,0,14.4,94,89,28.7,29.2,1,3289.37,1018.2,1004.7
2025-06-13T21:00,26.3,0.00,35,9.5,23.8,0.00,0.00,0.00,0,0,0,0,0,16.2,100,94,32.9,33.1,0,0.00,1018.5,1004.9
2025-06-13T22:00,25.1,0.00,38,9.9,22.6,0.00,0.00,0.00,0,0,0,0,0,16.9,106,102,33.8,35.6,0,0.00,1018.8,1005.1
2025-06-13T23:00,24.0,0.00,41,10.0,21.5,0.00,0.00,0.00,0,0,0,0,0,16.7,108,104,33.1,35.3,0,0.00,1018.9,1005.2
2025-06-14T00:00,23.0,0.00,43,9.9,20.5,0.00,0.00,0.00,0,4,4,0,0,16.9,110,106,33.6,34.9,0,0.00,1018.7,1004.9
2025-06-14T01:00,22.4,0.00,44,9.6,19.7,0.00,0.00,0.00,2,73,73,0,0,17.4,111,106,34.7,35.6,0,0.00,1018.5,1004.7
2025-06-14T02:00,21.0,0.00,51,10.6,18.8,0.00,0.00,0.00,0,1,1,0,0,16.3,111,106,34.0,33.5,0,0.00,1018.0,1004.2
2025-06-14T03:00,20.7,0.00,51,10.3,18.2,0.00,0.00,0.00,1,28,28,0,0,17.9,113,107,35.7,36.7,0,0.00,1017.9,1004.0
2025-06-14T04:00,20.4,0.00,52,10.2,17.9,0.00,0.00,0.00,0,0,0,0,0,17.1,111,107,34.2,36.7,0,0.00,1017.9,1004.0
2025-06-14T05:00,20.0,0.00,53,10.3,17.8,0.00,0.00,0.00,0,6,0,6,0,15.8,109,107,31.9,34.9,1,0.00,1018.3,1004.4
2025-06-14T06:00,20.6,0.00,54,10.8,19.0,0.00,0.00,0.00,0,0,0,0,0,12.4,113,112,24.8,32.4,1,3600.00,1018.4,1004.5
2025-06-14T07:00,22.1,0.00,53,11.9,21.2,0.00,0.00,0.00,0,0,0,0,0,10.1,113,110,26.0,25.9,1,3600.00,1018.5,1004.7
2025-06-14T08:00,24.1,0.00,48,12.4,23.4,0.00,0.00,0.00,0,0,0,0,0,9.7,119,119,15.4,24.1,1,3600.00,1018.7,1005.0
2025-06-14T09:00,26.4,0.00,44,13.3,26.3,0.00,0.00,0.00,0,0,0,0,0,8.3,126,124,11.8,23.8,1,3600.00,1018.6,1005.0
2025-06-14T10:00,28.7,0.00,41,14.0,30.0,0.00,0.00,0.00,0,0,0,0,0,5.7,136,136,7.5,23.0,1,3600.00,1018.4,1004.9
2025-06-14T11:00,30.3,0.00,38,14.3,32.3,0.00,0.00,0.00,0,0,0,0,0,6.3,169,165,8.3,21.2,1,3600.00,1018.2,1004.8
2025-06-14T12:00,31.8,0.00,35,14.4,33.7,0.00,0.00,0.00,0,0,0,0,0,9.0,177,174,12.3,25.9,1,3600.00,1018.1,1004.7
2025-06-14T13:00,33.2,0.00,30,13.2,34.0,0.00,0.00,0.00,0,13,13,2,0,12.9,199,195,18.0,33.1,1,3600.00,1017.5,1004.2
2025-06-14T14:00,33.6,0.00,31,14.2,34.3,0.00,0.00,0.00,2,56,55,2,0,14.4,218,218,20.0,36.0,1,3600.00,1016.7,1003.4
2025-06-14T15:00,32.1,0.00,35,14.6,32.7,0.00,0.00,0.00,3,99,98,12,0,10.1,258,260,14.4,42.8,1,3600.00,1017.7,1004.4
2025-06-14T16:00,31.4,0.00,39,15.8,31.2,0.00,0.00,0.00,3,97,97,7,1,14.9,263,262,20.9,34.9,1,3600.00,1017.6,1004.2
2025-06-14T17:00,30.4,0.00,45,17.0,31.4,0.00,0.00,0.00,2,70,69,5,0,10.2,260,260,14.8,35.3,1,3600.00,1017.6,1004.2
2025-06-14T18:00,30.0,0.00,45,16.8,31.1,0.00,0.00,0.00,0,10,3,6,0,8.9,255,257,12.7,25.6,1,3600.00,1017.8,1004.4
2025-06-14T19:00,29.4,0.00,48,17.1,31.1,0.00,0.00,0.00,0,8,6,2,0,5.4,268,278,9.2,20.9,1,3600.00,1017.6,1004.1
2025-06-14T20:00,27.8,0.00,53,17.4,29.2,0.00,0.00,0.00,0,4,3,0,0,7.8,304,307,16.3,14.4,1,3317.45,1017.9,1004.4
2025-06-14T21:00,25.8,0.00,61,17.7,27.2,0.00,0.00,0.00,1,21,19,3,0,9.2,322,325,19.6,19.1,0,0.00,1018.7,1005.1
2025-06-14T22:00,24.4,0.00,69,18.3,26.4,0.00,0.00,0.00,0,17,17,0,0,7.2,339,348,16.3,18.0,0,0.00,1018.9,1005.2
2025-06-14T23:00,23.3,0.00,74,18.4,25.6,0.00,0.00,0.00,0,6,6,0,0,5.6,357,25,13.3,13.7,0,0.00,1018.6,1004.9
2025-06-15T00:00,22.5,0.00,77,18.3,24.8,0.00,0.00,0.00,0,11,10,0,0,5.3,13,45,11.3,10.4,0,0.00,1018.4,1004.6
2025-06-15T01:00,21.7,0.00,80,18.1,23.8,0.00,0.00,0.00,1,28,28,0,0,5.9,23,45,11.4,10.8,0,0.00,1018.1,1004.3
2025-06-15T02:00,20.2,0.00,81,16.8,21.7,0.00,0.00,0.00,3,95,95,0,0,6.4,43,58,13.1,11.9,0,0.00,1017.7,1003.8
2025-06-15T03:00,19.6,0.00,84,16.8,21.3,0.00,0.00,0.00,3,100,100,2,0,4.6,37,59,11.4,13.3,0,0.00,1017.3,1003.4
2025-06-15T04:00,19.5,0.00,85,17.0,19.6,0.00,0.00,0.00,3,100,100,40,0,16.1,261,254,34.1,33.5,0,0.00,1019.9,1006.0
2025-06-15T05:00,19.5,0.70,86,17.1,20.3,0.70,0.00,0.00,53,100,100,9,0,11.8,39,59,20.5,33.1,1,0.00,1018.2,1004.3
2025-06-15T06:00,19.7,0.10,87,17.6,22.0,0.10,0.00,0.00,51,99,99,7,0,2.7,69,132,6.6,22.3,1,0.00,1018.3,1004.4
2025-06-15T07:00,20.7,0.00,86,18.3,22.6,0.00,0.00,0.00,3,97,97,0,0,7.7,296,295,14.2,19.1,1,1862.76,1019.1,1005.2
2025-06-15T08:00,22.1,0.00,78,18.2,24.7,0.00,0.00,0.00,3,100,100,8,0,2.4,9,13,3.6,18.4,1,3600.00,1018.9,1005.1
2025-06-15T09:00,23.4,0.00,75,18.7,26.4,0.00,0.00,0.00,3,99,99,25,4,1.4,294,270,1.8,11.5,1,2938.44,1019.2,1005.5
2025-06-15T10:00,25.0,0.00,68,18.8,27.9,0.00,0.00,0.00,3,100,100,49,0,2.7,270,262,3.2,14.4,1,3600.00,1019.1,1005.4
2025-06-15T11:00,26.0,0.00,64,18.7,28.2,0.00,0.00,0.00,2,74,66,50,0,8.1,249,252,10.6,23.0,1,3600.00,1019.0,1005.4
2025-06-15T12:00,26.7,0.00,62,18.8,29.9,0.00,0.00,0.00,1,23,3,14,7,8.8,268,270,11.9,27.7,1,3600.00,1018.4,1004.8
2025-06-15T13:00,27.7,0.00,59,18.9,31.2,0.00,0.00,0.00,3,83,75,18,22,10.0,286,287,13.3,30.2,1,3600.00,1017.8,1004.3
2025-06-15T14:00,22.8,0.10,76,18.5,24.7,0.10,0.00,0.00,51,33,7,23,6,10.2,309,309,14.2,32.0,1,3600.00,1019.6,1005.8
2025-06-15T15:00,24.0,0.00,72,18.5,26.2,0.00,0.00,0.00,3,90,82,41,7,10.7,300,300,14.9,29.9,1,3600.00,1019.7,1006.0
2025-06-15T16:00,23.6,0.10,68,17.2,23.8,0.10,0.00,0.00,51,100,99,67,51,15.7,319,319,22.6,36.0,1,3600.00,1019.3,1005.6
2025-06-15T17:00,21.5,0.20,77,17.3,21.5,0.20,0.00,0.00,51,100,100,62,9,18.0,343,341,27.4,40.0,1,0.00,1019.6,1005.8
2025-06-15T18:00,20.0,0.30,79,16.1,20.0,0.30,0.00,0.00,51,100,100,100,0,14.1,342,338,22.5,39.6,1,0.00,1020.2,1006.3
2025-06-15T19:00,18.8,0.60,78,14.9,18.4,0.60,0.00,0.00,53,100,100,100,0,13.9,335,331,23.2,30.6,1,0.00,1021.1,1007.1
2025-06-15T20:00,17.2,1.20,84,14.5,16.3,1.20,0.00,0.00,55,100,93,100,0,16.2,334,325,27.6,32.0,1,0.00,1022.3,1008.2
2025-06-15T21:00,16.3,0.90,92,15.0,16.1,0.90,0.00,0.00,53,100,99,100,0,12.3,357,352,25.1,32.0,0,0.00,1022.7,1008.6
2025-06-15T22:00,16.4,0.60,90,14.7,16.6,0.60,0.00,0.00,53,98,91,77,0,9.0,2,350,18.4,25.6,0,0.00,1023.2,1009.1
2025-06-15T23:00,16.0,0.00,94,15.1,16.7,0.00,0.00,0.00,3,100,6,100,0,7.3,290,261,12.5,18.0,0,0.00,1023.8,1009.6
2025-06-16T00:00,16.1,0.00,95,15.3,17.1,0.00,0.00,0.00,3,85,4,85,2,5.4,284,268,12.4,15.8,0,0.00,1024.4,1010.2
2025-06-16T01:00,16.1,0.00,95,15.3,17.3,0.00,0.00,0.00,0,4,0,2,2,4.2,272,245,9.9,11.2,0,0.00,1024.3,1010.1
2025-06-16T02:00,15.6,0.00,97,15.1,16.4,0.00,0.00,0.00,3,90,0,83,49,5.9,226,211,13.5,11.9,0,0.00,1025.2,1011.0
2025-06-16T03:00,15.5,0.00,98,15.1,16.2,0.00,0.00,0.00,3,99,0,99,53,6.4,228,216,13.9,13.7,0,0.00,1025.3,1011.1
2025-06-16T04:00,15.6,0.00,98,15.3,16.7,0.00,0.00,0.00,2,67,24,65,6,4.6,248,222,9.9,13.0,0,0.00,1025.6,1011.4
2025-06-16T05:00,15.2,0.00,98,14.9,16.4,0.00,0.00,0.00,2,70,67,24,0,3.0,292,253,9.1,9.4,1,0.00,1026.1,1011.9
2025-06-16T06:00,16.1,0.00,96,15.4,17.1,0.00,0.00,0.00,0,1,1,0,0,6.0,325,307,12.8,13.3,1,3600.00,1026.4,1012.2
2025-06-16T07:00,16.5,0.00,87,14.3,16.7,0.00,0.00,0.00,0,1,1,0,0,8.4,336,332,12.6,19.8,1,3600.00,1026.7,1012.5
2025-06-16T08:00,17.4,0.00,80,13.9,17.4,0.00,0.00,0.00,0,0,0,0,0,8.3,345,342,12.1,22.0,1,3600.00,1027.2,1013.1
2025-06-16T09:00,18.7,0.00,72,13.4,18.5,0.00,0.00,0.00,0,0,0,0,0,8.7,347,343,12.0,23.0,1,3600.00,1027.3,1013.2
2025-06-16T10:00,19.8,0.00,65,13.1,20.4,0.00,0.00,0.00,0,1,0,0,1,8.3,341,338,11.4,23.4,1,3600.00,1027.2,1013.2
2025-06-16T11:00,20.9,0.00,60,12.9,22.0,0.00,0.00,0.00,0,8,0,3,6,8.4,335,332,11.3,23.8,1,3600.00,1027.2,1013.2
2025-06-16T12:00,21.6,0.00,57,12.7,22.6,0.00,0.00,0.00,0,17,0,12,7,9.4,338,336,12.8,25.6,1,3600.00,1027.1,1013.2
2025-06-16T13:00,22.1,0.00,55,12.6,22.6,0.00,0.00,0.00,1,38,0,16,27,11.0,338,336,15.1,28.4,1,3600.00,1026.9,1013.0
2025-06-16T14:00,22.4,0.00,51,11.9,22.1,0.00,0.00,0.00,2,72,0,15,67,11.2,339,338,15.6,28.4,1,3600.00,1026.9,1013.0
2025-06-16T15:00,22.4,0.00,51,11.7,21.4,0.00,0.00,0.00,2,69,0,49,67,10.0,345,343,13.8,28.4,1,3600.00,1026.8,1012.9
2025-06-16T16:00,22.7,0.00,49,11.4,21.8,0.00,0.00,0.00,3,100,0,100,41,9.0,342,338,12.5,24.8,1,3600.00,1026.5,1012.6
2025-06-16T17:00,22.3,0.00,50,11.5,21.6,0.00,0.00,0.00,0,9,0,9,0,7.9,345,343,11.7,22.7,1,3332.83,1026.2,1012.3
2025-06-16T18:00,22.3,0.00,51,11.8,21.8,0.00,0.00,0.00,0,3,0,1,1,7.2,3,1,11.4,18.7,1,3600.00,1026.0,1012.1
2025-06-16T19:00,21.6,0.00,62,13.9,22.2,0.00,0.00,0.00,1,25,0,14,14,4.0,12,10,9.4,15.5,1,3600.00,1026.3,1012.4
2025-06-16T20:00,20.3,0.00,72,15.0,21.6,0.00,0.00,0.00,1,34,0,24,22,2.9,23,30,7.8,8.3,1,3365.62,1026.5,1012.5
2025-06-16T21:00,18.7,0.00,75,14.2,19.5,0.00,0.00,0.00,0,5,0,5,0,3.4,53,72,7.8,6.8,0,0.00,1026.7,1012.6
2025-06-16T22:00,17.2,0.00,82,14.1,18.0,0.00,0.00,0.00,0,2,0,2,0,3.4,74,74,7.9,7.6,0,0.00,1027.0,1012.9
2025-06-16T23:00,15.9,0.00,87,13.8,16.7,0.00,0.00,0.00,0,1,0,1,0,3.0,73,73,6.2,7.2,0,0.00,1027.0,1012.8
2025-06-17T00:00,14.8,0.00,90,13.2,15.3,0.00,0.00,0.00,0,0,0,0,0,3.5,66,69,4.9,8.3,0,0.00,1027.0,1012.7
2025-06-17T01:00,14.0,0.00,91,12.6,14.2,0.00,0.00,0.00,0,4,0,0,4,4.0,54,72,5.1,8.6,0,0.00,1026.8,1012.5
2025-06-17T02:00,13.2,0.00,87,11.1,12.9,0.00,0.00,0.00,0,3,0,0,3,4.2,71,80,8.8,10.1,0,0.00,1026.7,1012.4
2025-06-17T03:00,12.6,0.00,88,10.6,12.3,0.00,0.00,0.00,0,0,0,0,0,3.4,82,96,7.6,8.6,0,0.00,1026.4,1012.0
2025-06-17T04:00,12.2,0.00,88,10.3,11.8,0.00,0.00,0.00,0,0,0,0,0,3.1,108,103,6.8,7.6,0,0.00,1026.3,1011.9
2025-06-17T05:00,12.3,0.00,88,10.4,12.0,0.00,0.00,0.00,0,0,0,0,0,2.9,104,94,5.9,7.2,1,0.00,1026.5,1012.1
2025-06-17T06:00,14.0,0.00,86,11.7,14.0,0.00,0.00,0.00,0,0,0,0,0,3.5,82,81,5.4,8.3,1,3600.00,1026.5,1012.2
2025-06-17T07:00,16.8,0.00,77,12.7,17.4,0.00,0.00,0.00,0,0,0,0,0,1.4,72,40,4.7,8.6,1,3600.00,1026.5,1012.3
2025-06-17T08:00,19.2,0.00,68,13.1,19.9,0.00,0.00,0.00,0,0,0,0,0,1.9,7,338,2.9,10.1,1,3600.00,1026.8,1012.8
2025-06-17T09:00,21.1,0.00,61,13.4,21.9,0.00,0.00,0.00,0,0,0,0,0,2.2,11,351,2.9,11.5,1,3600.00,1026.7,1012.7
2025-06-17T10:00,22.7,0.00,53,12.7,24.1,0.00,0.00,0.00,0,8,0,0,8,2.3,43,23,3.4,12.2,1,3600.00,1026.5,1012.6
2025-06-17T11:00,24.0,0.00,48,12.3,25.7,0.00,0.00,0.00,2,79,1,23,78,2.5,51,45,4.0,13.0,1,3600.00,1025.9,1012.1
2025-06-17T12:00,24.8,0.00,44,11.6,26.3,0.00,0.00,0.00,0,3,0,3,0,1.1,73,81,1.9,12.6,1,3600.00,1025.6,1011.8
2025-06-17T13:00,25.5,0.00,42,11.8,27.9,0.00,0.00,0.00,0,12,0,3,12,1.7,141,162,2.3,11.9,1,3600.00,1025.0,1011.3
2025-06-17T14:00,25.5,0.00,43,11.9,26.3,0.00,0.00,0.00,0,8,0,0,8,7.4,128,135,9.8,21.6,1,3600.00,1024.7,1011.0
2025-06-17T15:00,25.8,0.00,43,12.3,26.9,0.00,0.00,0.00,0,9,5,0,5,7.3,128,134,9.6,21.6,1,3600.00,1024.4,1010.7
2025-06-17T16:00,25.9,0.00,44,12.7,26.3,0.00,0.00,0.00,1,42,41,0,2,7.6,121,126,10.1,20.9,1,3600.00,1023.9,1010.2
2025-06-17T17:00,25.6,0.00,45,12.8,25.3,0.00,0.00,0.00,2,57,54,0,7,7.7,124,129,10.4,20.5,1,3600.00,1023.4,1009.7
2025-06-17T18:00,24.9,0.00,47,12.9,24.5,0.00,0.00,0.00,2,79,76,0,11,8.8,133,136,13.0,20.2,1,3600.00,1023.1,1009.4
2025-06-17T19:00,23.6,0.00,55,14.1,23.7,0.00,0.00,0.00,0,10,5,0,5,8.2,135,142,16.2,20.2,1,3600.00,1023.2,1009.4
2025-06-17T20:00,21.6,0.00,68,15.3,22.7,0.00,0.00,0.00,1,25,22,0,4,4.2,124,126,13.6,16.9,1,3386.46,1023.2,1009.3
2025-06-17T21:00,20.0,0.00,71,14.6,21.1,0.00,0.00,0.00,2,62,60,0,4,2.9,97,47,8.5,8.3,0,0.00,1023.3,1009.3
2025-06-17T22:00,18.8,0.00,76,14.5,19.7,0.00,0.00,0.00,3,82,81,0,0,4.0,81,58,6.9,8.3,0,0.00,1023.3,1009.3
2025-06-17T23:00,17.3,0.00,84,14.5,18.3,0.00,0.00,0.00,1,24,24,0,0,3.4,83,74,4.7,8.6,0,0.00,1023.2,1009.1
2025-06-18T00:00,16.3,0.00,88,14.3,17.2,0.00,0.00,0.00,0,11,11,0,0,3.5,47,66,3.7,7.9,0,0.00,1023.2,1009.1
2025-06-18T01:00,15.4,0.00,90,13.9,16.2,0.00,0.00,0.00,0,15,15,0,0,2.9,83,90,2.9,8.3,0,0.00,1023.1,1008.9
2025-06-18T02:00,14.8,0.00,90,13.2,15.2,0.00,0.00,0.00,1,46,46,0,0,4.4,143,120,6.9,8.3,0,0.00,1022.9,1008.7
2025-06-18T03:00,14.8,0.00,87,12.6,14.8,0.00,0.00,0.00,2,78,78,0,0,5.0,138,90,7.0,10.1,0,0.00,1022.6,1008.4
2025-06-18T04:00,14.8,0.00,84,12.2,14.9,0.00,0.00,0.00,1,27,27,0,0,3.9,104,74,5.4,10.4,0,0.00,1022.7,1008.5
2025-06-18T05:00,14.9,0.00,84,12.2,15.2,0.00,0.00,0.00,1,21,21,0,0,2.5,55,60,2.8,7.6,1,0.00,1023.1,1008.9
2025-06-18T06:00,16.8,0.00,78,12.9,17.1,0.00,0.00,0.00,0,0,0,0,0,4.0,53,69,3.9,7.2,1,3600.00,1023.2,1009.1
2025-06-18T07:00,19.3,0.00,70,13.8,20.2,0.00,0.00,0.00,0,12,12,0,0,2.1,90,121,3.6,8.6,1,3600.00,1023.2,1009.2
2025-06-18T08:00,21.5,0.00,63,14.1,22.9,0.00,0.00,0.00,0,18,18,0,0,0.0,56,270,0.6,7.9,1,3600.00,1023.4,1009.5
2025-06-18T09:00,23.3,0.00,58,14.6,24.6,0.00,0.00,0.00,1,34,34,0,0,1.3,293,278,1.4,10.4,1,3600.00,1023.5,1009.7
2025-06-18T10:00,24.9,0.00,53,14.6,26.9,0.00,0.00,0.00,1,35,35,0,0,2.4,295,287,3.0,13.3,1,3600.00,1023.2,1009.5
2025-06-18T11:00,26.1,0.00,47,13.9,28.2,0.00,0.00,0.00,1,40,39,0,1,4.5,309,304,5.8,17.3,1,3600.00,1023.1,1009.4
2025-06-18T12:00,27.1,0.00,42,13.2,29.0,0.00,0.00,0.00,2,66,20,58,5,6.9,310,303,8.9,21.6,1,3600.00,1022.8,1009.2
2025-06-18T13:00,27.3,0.00,41,13.0,28.3,0.00,0.00,0.00,3,99,98,66,22,10.0,313,309,13.1,26.6,1,3600.00,1022.5,1008.9
2025-06-18T14:00,27.4,0.00,40,12.5,27.9,0.00,0.00,0.00,3,95,95,1,2,11.9,328,326,16.1,30.6,1,3600.00,1022.5,1008.9
2025-06-18T15:00,27.5,0.00,38,12.0,27.9,0.00,0.00,0.00,3,84,84,1,0,9.8,337,337,13.6,30.6,1,3600.00,1022.2,1008.6
2025-06-18T16:00,28.0,0.00,36,11.6,27.9,0.00,0.00,0.00,2,54,54,0,0,8.1,341,343,11.2,25.9,1,3600.00,1021.8,1008.2
2025-06-18T17:00,27.7,0.00,36,11.2,26.9,0.00,0.00,0.00,0,18,17,1,0,8.2,350,350,11.0,22.0,1,3600.00,1021.5,1007.9
2025-06-18T18:00,27.4,0.00,37,11.3,27.0,0.00,0.00,0.00,0,6,6,0,0,5.1,360,356,6.7,20.2,1,3600.00,1021.4,1007.8
2025-06-18T19:00,26.2,0.00,47,14.1,26.9,0.00,0.00,0.00,0,2,2,0,0,4.1,1,358,8.6,12.2,1,3600.00,1021.3,1007.7
2025-06-18T20:00,24.1,0.00,60,15.8,25.4,0.00,0.00,0.00,0,0,0,0,0,4.2,15,18,10.6,8.3,1,3405.27,1021.3,1007.6
2025-06-18T21:00,22.5,0.00,60,14.4,23.3,0.00,0.00,0.00,0,0,0,0,0,4.1,27,52,10.1,7.9,0,0.00,1021.6,1007.8
2025-06-18T22:00,21.0,0.00,64,14.1,21.5,0.00,0.00,0.00,0,0,0,0,0,5.5,28,23,13.2,11.2,0,0.00,1022.0,1008.1
2025-06-18T23:00,19.7,0.00,69,13.8,20.0,0.00,0.00,0.00,0,0,0,0,0,6.2,25,26,15.1,11.9,0,0.00,1022.3,1008.3
2025-06-19T00:00,19.5,0.00,63,12.4,19.1,0.00,0.00,0.00,0,0,0,0,0,8.1,28,31,20.8,16.2,0,0.00,1022.5,1008.5
2025-06-19T01:00,19.5,0.00,61,11.9,18.9,0.00,0.00,0.00,0,0,0,0,0,7.7,27,24,19.6,16.2,0,0.00,1022.3,1008.3
2025-06-19T02:00,17.7,0.00,73,12.9,17.9,0.00,0.00,0.00,0,0,0,0,0,4.5,14,34,13.0,12.6,0,0.00,1022.5,1008.4
2025-06-19T03:00,17.3,0.00,74,12.6,17.4,0.00,0.00,0.00,0,4,0,4,3,4.6,1,21,14.2,9.0,0,0.00,1022.7,1008.6
2025-06-19T04:00,17.0,0.00,74,12.4,17.0,0.00,0.00,0.00,0,1,0,0,1,5.0,12,21,15.5,10.1,0,0.00,1022.9,1008.8
2025-06-19T05:00,17.0,0.00,75,12.5,17.1,0.00,0.00,0.00,0,0,0,0,0,4.7,26,32,14.7,10.1,1,0.00,1023.3,1009.2
2025-06-19T06:00,18.5,0.00,71,13.1,18.8,0.00,0.00,0.00,0,2,0,0,2,4.4,33,19,10.7,9.4,1,3600.00,1023.4,1009.4
2025-06-19T07:00,20.2,0.00,67,13.9,21.1,0.00,0.00,0.00,0,0,0,0,0,2.7,353,298,4.7,9.4,1,3600.00,1023.6,1009.6
2025-06-19T08:00,21.9,0.00,65,14.9,22.8,0.00,0.00,0.00,0,0,0,0,0,4.5,314,304,6.0,14.8,1,3600.00,1023.8,1009.9
2025-06-19T09:00,23.6,0.00,62,15.9,24.6,0.00,0.00,0.00,0,0,0,0,0,6.7,330,322,9.0,19.8,1,3600.00,1023.8,1010.0
2025-06-19T10:00,25.1,0.00,54,15.3,26.3,0.00,0.00,0.00,0,0,0,0,0,9.1,345,338,12.3,25.2,1,3600.00,1023.7,1010.0
2025-06-19T11:00,26.1,0.00,48,14.2,27.2,0.00,0.00,0.00,0,0,0,0,0,10.8,349,345,14.5,28.8,1,3600.00,1023.5,1009.8
2025-06-19T12:00,26.7,0.00,44,13.6,27.9,0.00,0.00,0.00,0,0,0,0,0,11.5,349,346,15.4,31.0,1,3600.00,1023.5,1009.9
2025-06-19T13:00,27.3,0.00,40,12.5,28.1,0.00,0.00,0.00,0,0,0,0,0,11.7,352,349,15.8,31.3,1,3600.00,1023.2,1009.6
2025-06-19T14:00,27.7,0.00,40,12.9,28.6,0.00,0.00,0.00,0,0,0,0,0,11.3,353,350,15.4,31.7,1,3600.00,1023.0,1009.4
2025-06-19T15:00,28.1,0.00,37,12.0,28.3,0.00,0.00,0.00,0,0,0,0,0,11.5,359,356,16.0,31.0,1,3600.00,1022.7,1009.1
2025-06-19T16:00,28.0,0.00,37,12.0,27.5,0.00,0.00,0.00,0,0,0,0,0,12.1,4,2,16.8,30.6,1,3600.00,1022.4,1008.8
2025-06-19T17:00,27.3,0.00,38,11.9,25.9,0.00,0.00,0.00,0,0,0,0,0,13.8,17,16,19.4,33.1,1,3600.00,1022.3,1008.7
2025-06-19T18:00,26.8,0.00,39,11.6,25.5,0.00,0.00,0.00,0,0,0,0,0,11.9,21,20,17.4,32.8,1,3600.00,1022.2,1008.6
2025-06-19T19:00,26.1,0.00,43,12.5,25.7,0.00,0.00,0.00,0,1,0,0,1,8.2,20,22,13.4,27.4,1,3600.00,1022.2,1008.5
2025-06-19T20:00,24.1,0.00,49,12.7,23.0,0.00,0.00,0.00,0,0,0,0,0,13.1,18,13,24.1,25.9,1,3422.02,1022.5,1008.7
2025-06-19T21:00,22.2,0.00,52,11.8,21.0,0.00,0.00,0.00,0,0,0,0,0,12.2,27,26,24.7,29.2,0,0.00,1023.2,1009.3
2025-06-19T22:00,20.9,0.00,53,11.1,19.6,0.00,0.00,0.00,0,0,0,0,0,11.6,35,33,23.8,25.2,0,0.00,1023.8,1009.9
2025-06-19T23:00,19.8,0.00,56,10.8,18.5,0.00,0.00,0.00,0,0,0,0,0,10.4,42,36,21.9,24.1,0,0.00,1024.2,1010.2
2025-06-20T00:00,18.8,0.00,59,10.6,17.7,0.00,0.00,0.00,0,0,0,0,0,9.3,42,29,20.4,21.2,0,0.00,1024.5,1010.5
2025-06-20T01:00,18.0,0.00,61,10.3,16.8,0.00,0.00,0.00,0,0,0,0,0,8.8,49,33,20.0,18.7,0,0.00,1024.6,1010.5
2025-06-20T02:00,17.1,0.00,65,10.4,15.8,0.00,0.00,0.00,0,0,0,0,0,9.3,55,43,21.9,20.5,0,0.00,1024.7,1010.6
2025-06-20T03:00,16.6,0.00,64,9.8,15.2,0.00,0.00,0.00,0,0,0,0,0,8.9,62,48,21.6,19.1,0,0.00,1024.7,1010.6
2025-06-20T04:00,15.9,0.00,66,9.5,14.7,0.00,0.00,0.00,0,0,0,0,0,7.1,64,47,18.8,18.4,0,0.00,1024.7,1010.5
2025-06-20T05:00,15.6,0.00,67,9.5,14.7,0.00,0.00,0.00,0,0,0,0,0,5.6,67,45,16.4,14.8,1,0.00,1024.9,1010.7
2025-06-20T06:00,16.7,0.00,64,9.8,15.8,0.00,0.00,0.00,0,0,0,0,0,5.3,71,45,13.7,11.9,1,3600.00,1025.1,1011.0
2025-06-20T07:00,18.1,0.00,59,10.0,17.5,0.00,0.00,0.00,0,0,0,0,0,4.5,68,56,7.8,13.3,1,3600.00,1024.9,1010.8
2025-06-20T08:00,19.9,0.00,54,10.3,19.1,0.00,0.00,0.00,0,0,0,0,0,6.2,69,64,9.2,18.0,1,3600.00,1024.9,1010.9
2025-06-20T09:00,21.8,0.00,47,10.1,20.8,0.00,0.00,0.00,0,0,0,0,0,6.7,73,70,9.6,20.2,1,3600.00,1024.8,1010.9
2025-06-20T10:00,23.4,0.00,42,9.9,23.2,0.00,0.00,0.00,0,0,0,0,0,6.7,71,70,9.5,21.2,1,3600.00,1024.5,1010.7
2025-06-20T11:00,24.7,0.00,39,9.8,25.2,0.00,0.00,0.00,0,0,0,0,0,6.8,70,68,9.4,22.3,1,3600.00,1024.2,1010.4
2025-06-20T12:00,25.7,0.00,36,9.7,26.7,0.00,0.00,0.00,0,0,0,0,0,6.3,71,70,8.8,22.3,1,3600.00,1023.7,1010.0
2025-06-20T13:00,26.8,0.00,33,9.4,27.9,0.00,0.00,0.00,0,0,0,0,0,5.8,69,68,7.9,22.0,1,3600.00,1023.3,1009.7
2025-06-20T14:00,27.5,0.00,32,9.4,28.4,0.00,0.00,0.00,0,0,0,0,0,6.1,67,67,8.4,21.2,1,3600.00,1023.1,1009.5
2025-06-20T15:00,28.1,0.00,27,7.6,27.9,0.00,0.00,0.00,0,0,0,0,0,7.0,64,64,9.6,22.0,1,3600.00,1022.5,1008.9
2025-06-20T16:00,28.4,0.00,23,5.5,26.8,0.00,0.00,0.00,0,0,0,0,0,8.5,66,66,11.6,23.8,1,3600.00,1022.2,1008.6
2025-06-20T17:00,28.2,0.00,21,3.5,25.3,0.00,0.00,0.00,0,0,0,0,0,9.3,73,75,13.0,24.1,1,3600.00,1021.9,1008.3
2025-06-20T18:00,27.5,0.00,21,3.1,24.5,0.00,0.00,0.00,0,0,0,0,0,9.8,82,84,14.2,24.1,1,3600.00,1021.6,1008.0
2025-06-20T19:00,26.1,0.00,25,4.8,23.5,0.00,0.00,0.00,0,0,0,0,0,9.4,101,102,15.8,23.4,1,3600.00,1021.7,1008.0
2025-06-20T20:00,23.8,0.00,35,7.3,22.1,0.00,0.00,0.00,0,0,0,0,0,6.8,105,101,16.2,19.1,1,3436.64,1021.9,1008.1
2025-06-20T21:00,21.6,0.00,42,8.3,20.2,0.00,0.00,0.00,0,0,0,0,0,5.9,88,72,16.0,14.0,0,0.00,1022.6,1008.7
2025-06-20T22:00,20.3,0.00,45,7.9,18.6,0.00,0.00,0.00,0,13,13,0,0,8.2,71,54,19.4,15.8,0,0.00,1022.6,1008.7
2025-06-20T23:00,20.1,0.00,39,5.9,17.5,0.00,0.00,0.00,1,36,36,0,0,10.7,71,60,24.7,20.9,0,0.00,1022.5,1008.6
2025-06-21T00:00,19.7,0.00,40,5.8,16.9,0.00,0.00,0.00,2,64,64,0,0,12.3,69,63,27.1,24.5,0,0.00,1022.1,1008.1
2025-06-21T01:00,19.1,0.00,44,6.5,16.3,0.00,0.00,0.00,3,92,92,0,0,12.9,83,82,28.1,26.3,0,0.00,1021.9,1007.9
2025-06-21T02:00,18.1,0.00,51,7.8,16.1,0.00,0.00,0.00,0,19,19,0,0,9.8,92,98,25.2,22.0,0,0.00,1021.9,1007.9
2025-06-21T03:00,17.5,0.00,51,7.3,15.4,0.00,0.00,0.00,1,22,22,0,0,9.5,92,90,24.7,21.2,0,0.00,1021.6,1007.5
2025-06-21T04:00,16.8,0.00,54,7.4,15.0,0.00,0.00,0.00,2,56,56,0,0,7.6,92,83,22.0,20.5,0,0.00,1021.6,1007.5
2025-06-21T05:00,16.5,0.00,56,7.6,14.7,0.00,0.00,0.00,3,99,99,0,0,8.1,91,78,21.2,16.9,1,0.00,1021.8,1007.7
2025-06-21T06:00,17.4,0.00,55,8.1,15.6,0.00,0.00,0.00,3,100,100,0,0,8.8,96,88,20.6,18.7,1,522.43,1022.2,1008.1
2025-06-21T07:00,18.7,0.00,52,8.6,17.4,0.00,0.00,0.00,3,100,100,0,0,6.1,97,88,18.5,19.8,1,1981.79,1022.0,1008.0
2025-06-21T08:00,20.4,0.00,48,9.0,19.1,0.00,0.00,0.00,3,100,100,0,0,7.4,93,89,12.3,19.1,1,3600.00,1022.1,1008.2
2025-06-21T09:00,22.6,0.00,42,9.2,21.3,0.00,0.00,0.00,3,94,94,0,0,7.0,90,90,10.6,20.9,1,3600.00,1022.2,1008.4
2025-06-21T10:00,25.1,0.00,37,9.4,25.0,0.00,0.00,0.00,3,90,90,0,0,5.1,96,94,7.4,20.2,1,3600.00,1021.8,1008.1
2025-06-21T11:00,27.0,0.00,30,8.1,26.8,0.00,0.00,0.00,3,100,100,0,0,6.9,112,113,9.5,21.2,1,3600.00,1021.5,1007.9
2025-06-21T12:00,28.2,0.00,25,6.3,27.3,0.00,0.00,0.00,3,100,100,0,0,9.3,113,115,12.9,26.6,1,3600.00,1021.0,1007.4
2025-06-21T13:00,29.0,0.00,22,5.2,27.8,0.00,0.00,0.00,3,100,100,0,0,10.0,106,108,13.7,27.7,1,3600.00,1020.7,1007.2
2025-06-21T14:00,29.8,0.00,21,4.8,29.0,0.00,0.00,0.00,1,31,31,0,0,9.7,99,102,13.3,28.1,1,3600.00,1020.2,1006.7
2025-06-21T15:00,30.2,0.00,20,5.1,29.0,0.00,0.00,0.00,0,10,10,0,0,9.5,99,101,12.9,27.4,1,3600.00,1019.6,1006.2
2025-06-21T16:00,30.3,0.00,20,4.8,28.5,0.00,0.00,0.00,0,0,0,0,0,9.6,99,102,13.3,26.6,1,3600.00,1019.2,1005.8
2025-06-21T17:00,30.0,0.00,21,5.1,27.3,0.00,0.00,0.00,0,0,0,0,0,10.7,107,110,14.9,27.0,1,3600.00,1018.9,1005.5
2025-06-21T18:00,29.3,0.00,22,5.3,26.6,0.00,0.00,0.00,0,0,0,0,0,10.5,117,119,15.1,26.6,1,3600.00,1018.9,1005.4
2025-06-21T19:00,28.4,0.00,27,7.4,26.7,0.00,0.00,0.00,0,0,0,0,0,6.8,113,108,11.7,24.1,1,3600.00,1019.1,1005.6
2025-06-21T20:00,26.1,0.00,38,10.9,25.8,0.00,0.00,0.00,0,0,0,0,0,3.9,91,68,10.3,13.3,1,3449.09,1019.0,1005.4
2025-06-21T21:00,24.1,0.00,43,10.9,23.5,0.00,0.00,0.00,0,0,0,0,0,6.0,76,57,12.6,11.2,0,0.00,1019.4,1005.7
2025-06-21T22:00,22.6,0.00,47,10.8,21.5,0.00,0.00,0.00,0,0,0,0,0,8.9,81,72,18.9,16.9,0,0.00,1019.6,1005.8
2025-06-21T23:00,21.8,0.00,45,9.3,20.0,0.00,0.00,0.00,0,0,0,0,0,11.3,101,98,25.0,21.6,0,0.00,1019.4,1005.6
2025-06-22T00:00,21.1,0.00,46,8.9,19.2,0.00,0.00,0.00,0,0,0,0,0,10.8,121,105,23.4,22.7,0,0.00,1019.4,1005.5
2025-06-22T01:00,20.3,0.00,50,9.7,18.5,0.00,0.00,0.00,0,0,0,0,0,11.5,121,104,24.6,22.7,0,0.00,1019.4,1005.5
2025-06-22T02:00,18.5,0.00,61,10.9,17.0,0.00,0.00,0.00,0,0,0,0,0,12.4,117,100,26.3,24.8,0,0.00,1019.6,1005.6
2025-06-22T03:00,17.9,0.00,62,10.5,16.4,0.00,0.00,0.00,0,1,1,0,0,11.8,115,101,25.7,24.8,0,0.00,1019.3,1005.3
2025-06-22T04:00,17.5,0.00,62,10.1,15.7,0.00,0.00,0.00,0,0,0,0,0,12.1,114,102,26.5,24.5,0,0.00,1018.9,1004.9
2025-06-22T05:00,17.5,0.00,61,9.8,15.6,0.00,0.00,0.00,0,0,0,0,0,12.7,114,105,27.3,25.6,1,0.00,1018.6,1004.6
2025-06-22T06:00,18.6,0.00,58,10.1,16.9,0.00,0.00,0.00,0,0,0,0,0,11.7,117,113,24.5,25.6,1,3600.00,1018.6,1004.6
2025-06-22T07:00,20.4,0.00,55,11.0,19.3,0.00,0.00,0.00,0,0,0,0,0,10.1,124,119,24.4,24.1,1,3600.00,1018.6,1004.7
2025-06-22T08:00,22.6,0.00,49,11.4,21.7,0.00,0.00,0.00,1,31,31,0,0,9.1,130,128,14.6,23.4,1,3600.00,1018.6,1004.8
2025-06-22T09:00,25.0,0.00,45,12.1,24.7,0.00,0.00,0.00,2,76,76,0,0,6.9,141,141,9.7,23.0,1,3600.00,1018.6,1004.9
2025-06-22T10:00,27.2,0.00,41,12.9,28.2,0.00,0.00,0.00,0,6,6,0,0,5.2,168,166,7.0,20.2,1,3600.00,1018.3,1004.7
2025-06-22T11:00,29.2,0.00,38,13.4,30.8,0.00,0.00,0.00,1,37,37,0,0,7.2,185,183,9.8,22.3,1,3600.00,1017.8,1004.3
2025-06-22T12:00,30.9,0.00,35,13.5,32.6,0.00,0.00,0.00,0,0,0,0,0,8.3,196,194,11.4,25.2,1,3600.00,1017.0,1003.6
2025-06-22T13:00,32.2,0.00,31,12.7,33.7,0.00,0.00,0.00,0,0,0,0,0,9.2,207,206,12.6,26.6,1,3600.00,1016.4,1003.1
2025-06-22T14:00,33.3,0.00,26,11.3,33.9,0.00,0.00,0.00,0,0,0,0,0,10.4,211,210,14.3,28.4,1,3600.00,1015.8,1002.5
2025-06-22T15:00,33.9,0.00,22,9.3,33.4,0.00,0.00,0.00,0,1,1,0,0,11.1,211,211,15.3,29.5,1,3600.00,1014.9,1001.7
2025-06-22T16:00,34.0,0.00,20,8.2,32.6,0.00,0.00,0.00,0,3,2,1,0,11.5,214,214,16.0,29.5,1,3600.00,1014.2,1001.0
2025-06-22T17:00,33.8,0.00,22,9.3,31.9,0.00,0.00,0.00,2,57,54,7,0,11.7,214,214,16.3,29.5,1,3600.00,1013.6,1000.4
2025-06-22T18:00,32.9,0.00,27,11.2,31.4,0.00,0.00,0.00,3,97,97,7,0,12.2,208,208,18.3,28.1,1,3600.00,1013.1,999.9
2025-06-22T19:00,31.3,0.00,34,13.3,30.6,0.00,0.00,0.00,3,100,100,1,0,11.8,202,200,21.2,28.4,1,3600.00,1012.6,999.3
2025-06-22T20:00,29.7,0.00,37,13.5,28.8,0.00,0.00,0.00,3,100,100,1,0,13.4,214,213,26.6,27.7,1,3459.33,1012.7,999.3
2025-06-22T21:00,28.5,0.00,40,13.7,28.0,0.00,0.00,0.00,3,98,98,1,0,11.3,221,219,25.1,27.7,0,0.00,1013.1,999.7
2025-06-22T22:00,27.3,0.00,45,14.3,27.1,0.00,0.00,0.00,3,88,84,39,0,10.7,223,217,24.1,23.0,0,0.00,1013.3,999.8
2025-06-22T23:00,26.4,0.00,50,15.1,26.8,0.00,0.00,0.00,0,13,9,4,0,8.8,248,237,20.9,22.3,0,0.00,1013.6,1000.1
2025-06-23T00:00,25.4,0.00,57,16.2,26.8,0.00,0.00,0.00,0,9,0,9,0,5.0,288,285,15.4,18.4,0,0.00,1013.9,1000.3
2025-06-23T01:00,24.7,0.00,62,16.9,26.3,0.00,0.00,0.00,1,29,0,18,16,5.1,303,306,13.7,11.9,0,0.00,1014.0,1000.4
2025-06-23T02:00,22.2,0.00,76,17.8,24.0,0.00,0.00,0.00,3,90,88,16,0,6.9,326,354,12.6,14.4,0,0.00,1014.2,1000.5
2025-06-23T03:00,21.8,0.00,77,17.6,23.3,0.00,0.00,0.00,1,47,34,17,4,8.4,249,220,13.3,15.5,0,0.00,1014.7,1000.9
2025-06-23T04:00,21.2,0.00,82,18.0,22.7,0.00,0.00,0.00,1,24,14,4,7,9.4,243,232,19.2,19.8,0,0.00,1014.2,1000.4
2025-06-23T05:00,20.6,0.00,88,18.5,22.5,0.00,0.00,0.00,2,65,61,9,2,8.3,217,184,15.0,19.4,1,0.00,1014.1,1000.3
2025-06-23T06:00,20.9,0.30,88,18.8,22.7,0.30,0.00,0.00,51,46,17,29,12,10.1,194,177,18.7,22.0,1,3600.00,1014.1,1000.3
2025-06-23T07:00,21.7,0.00,80,18.2,23.2,0.00,0.00,0.00,2,61,25,46,9,10.0,204,197,15.6,25.2,1,3600.00,1013.9,1000.2
2025-06-23T08:00,23.2,0.00,73,18.1,24.4,0.00,0.00,0.00,1,31,25,6,5,11.8,213,209,17.6,29.2,1,3600.00,1013.5,999.8
2025-06-23T09:00,25.8,0.00,64,18.5,26.4,0.00,0.00,0.00,2,76,73,10,1,16.7,225,224,24.3,43.9,1,3600.00,1012.8,999.2
2025-06-23T10:00,27.1,0.10,52,16.5,26.3,0.10,0.00,0.00,51,100,100,25,3,24.5,238,239,35.7,54.7,1,3600.00,1012.4,998.9
2025-06-23T11:00,28.2,0.00,41,13.7,26.1,0.00,0.00,0.00,1,47,38,13,14,26.9,246,245,39.7,60.8,1,3600.00,1012.2,998.8
2025-06-23T12:00,29.1,0.00,28,8.7,25.9,0.00,0.00,0.00,2,66,21,57,0,25.8,255,255,38.0,61.2,1,3600.00,1012.0,998.6
2025-06-23T13:00,28.7,0.00,31,9.9,26.5,0.00,0.00,0.00,3,99,95,85,2,23.0,263,263,33.6,59.4,1,3600.00,1012.1,998.7
2025-06-23T14:00,25.9,0.80,45,13.2,24.8,0.80,0.00,0.00,53,100,100,89,5,19.7,290,293,28.8,59.8,1,3600.00,1013.3,999.7
2025-06-23T15:00,26.3,0.00,40,11.8,23.3,0.00,0.00,0.00,3,100,100,100,100,24.3,270,271,36.2,55.4,1,962.89,1013.0,999.5
2025-06-23T16:00,24.8,0.00,45,12.0,21.9,0.00,0.00,0.00,3,100,99,100,100,23.9,279,279,36.1,54.7,1,0.00,1013.5,999.9
2025-06-23T17:00,24.2,0.00,45,11.6,21.6,0.00,0.00,0.00,3,96,96,20,1,20.9,275,274,31.6,52.9,1,0.00,1013.8,1000.2
2025-06-23T18:00,24.6,0.00,42,10.7,21.9,0.00,0.00,0.00,3,84,80,18,0,19.6,271,269,29.5,47.2,1,3600.00,1013.9,1000.3
2025-06-23T19:00,24.4,0.00,40,9.9,21.5,0.00,0.00,0.00,3,97,96,30,8,20.0,272,272,30.1,43.9,1,3600.00,1013.9,1000.3
2025-06-23T20:00,23.4,0.00,44,10.6,21.2,0.00,0.00,0.00,2,79,74,8,20,16.3,282,281,26.7,45.7,1,269.01,1014.7,1001.0
2025-06-23T21:00,21.9,0.00,52,11.6,20.5,0.00,0.00,0.00,1,20,16,4,4,13.0,293,294,22.9,35.6,0,0.00,1015.7,1001.9
2025-06-23T22:00,20.8,0.00,57,11.9,20.2,0.00,0.00,0.00,0,0,0,0,0,8.3,290,290,17.0,27.7,0,0.00,1016.0,1002.2
2025-06-23T23:00,20.2,0.00,59,12.0,19.6,0.00,0.00,0.00,0,0,0,0,0,8.3,269,270,18.4,17.3,0,0.00,1016.2,1002.3
2025-06-24T00:00,19.5,0.00,62,12.1,18.8,0.00,0.00,0.00,0,0,0,0,0,9.0,302,301,19.1,18.4,0,0.00,1016.6,1002.7
2025-06-24T01:00,18.8,0.00,59,10.6,17.6,0.00,0.00,0.00,1,21,16,1,5,9.4,301,296,19.4,20.9,0,0.00,1016.9,1003.0
2025-06-24T02:00,17.8,0.00,71,12.4,17.9,0.00,0.00,0.00,0,12,0,0,12,4.4,276,258,12.3,10.4,0,0.00,1016.2,1002.2
2025-06-24T03:00,17.3,0.00,74,12.6,17.4,0.00,0.00,0.00,1,30,3,0,28,4.4,278,261,12.5,10.8,0,0.00,1016.3,1002.3
2025-06-24T04:00,17.1,0.00,75,12.5,16.8,0.00,0.00,0.00,1,24,1,1,23,7.3,269,253,16.4,15.1,0,0.00,1016.3,1002.3
2025-06-24T05:00,16.8,0.00,73,11.9,16.3,0.00,0.00,0.00,1,33,1,1,32,7.8,254,244,16.3,16.9,1,0.00,1016.6,1002.6
2025-06-24T06:00,17.5,0.00,67,11.3,16.5,0.00,0.00,0.00,1,29,2,8,23,9.9,246,241,18.1,22.0,1,3600.00,1016.8,1002.8
2025-06-24T07:00,18.1,0.00,55,8.9,16.0,0.00,0.00,0.00,0,17,0,17,1,12.4,250,249,18.2,29.5,1,3600.00,1016.8,1002.8
2025-06-24T08:00,19.2,0.00,48,8.1,16.9,0.00,0.00,0.00,0,4,0,4,0,12.2,246,245,17.4,30.6,1,3600.00,1017.0,1003.1
2025-06-24T09:00,20.7,0.00,43,7.7,18.0,0.00,0.00,0.00,0,0,0,0,0,14.3,247,246,20.6,35.6,1,3600.00,1016.7,1002.9
2025-06-24T10:00,22.3,0.00,38,7.4,20.1,0.00,0.00,0.00,0,0,0,0,0,15.8,252,251,22.5,39.6,1,3600.00,1016.5,1002.7
2025-06-24T11:00,23.9,0.00,34,7.3,22.1,0.00,0.00,0.00,0,0,0,0,0,16.5,249,250,23.5,41.4,1,3600.00,1016.2,1002.5
2025-06-24T12:00,25.4,0.00,33,7.8,23.9,0.00,0.00,0.00,0,0,0,0,0,17.4,251,251,24.6,43.2,1,3600.00,1015.9,1002.3
2025-06-24T13:00,26.7,0.00,30,7.9,25.3,0.00,0.00,0.00,0,0,0,0,0,17.8,251,250,25.3,43.9,1,3600.00,1015.4,1001.9
2025-06-24T14:00,27.9,0.00,26,6.8,26.0,0.00,0.00,0.00,0,9,0,9,0,17.8,250,250,25.3,45.0,1,3600.00,1014.9,1001.4
2025-06-24T15:00,28.6,0.00,26,7.2,26.4,0.00,0.00,0.00,0,1,0,1,0,17.8,252,252,25.4,43.9,1,3600.00,1014.4,1001.0
2025-06-24T16:00,28.9,0.00,26,7.5,26.1,0.00,0.00,0.00,0,0,0,0,0,18.2,254,253,26.3,43.6,1,3600.00,1014.0,1000.6
2025-06-24T17:00,28.8,0.00,27,7.9,25.5,0.00,0.00,0.00,0,0,0,0,0,18.3,254,254,26.8,43.6,1,3600.00,1013.7,1000.3
2025-06-24T18:00,28.3,0.00,28,8.1,25.2,0.00,0.00,0.00,0,0,0,0,0,17.4,255,254,25.7,42.5,1,3600.00,1013.6,1000.2
2025-06-24T19:00,27.5,0.00,31,8.7,25.0,0.00,0.00,0.00,0,0,0,0,0,14.8,258,256,23.4,39.2,1,3600.00,1013.7,1000.2
2025-06-24T20:00,26.2,0.00,35,9.6,24.6,0.00,0.00,0.00,0,0,0,0,0,10.3,266,263,18.6,31.7,1,3472.95,1013.9,1000.4
2025-06-24T21:00,24.5,0.00,40,10.2,23.5,0.00,0.00,0.00,0,0,0,0,0,6.9,282,279,16.2,20.9,0,0.00,1014.2,1000.6
2025-06-24T22:00,23.6,0.00,44,10.6,22.8,0.00,0.00,0.00,0,0,0,0,0,6.7,269,261,16.4,14.4,0,0.00,1014.5,1000.8
2025-06-24T23:00,22.9,0.00,47,10.8,22.0,0.00,0.00,0.00,0,0,0,0,0,7.7,252,239,18.6,15.8,0,0.00,1014.7,1001.0
2025-06-25T00:00,22.3,0.00,49,11.2,21.5,0.00,0.00,0.00,0,0,0,0,0,8.1,254,242,19.5,17.3,0,0.00,1014.7,1001.0
2025-06-25T01:00,21.5,0.00,53,11.6,21.2,0.00,0.00,0.00,0,0,0,0,0,5.4,253,233,15.4,16.9,0,0.00,1014.7,1000.9
2025-06-25T02:00,19.8,0.00,66,13.4,19.8,0.00,0.00,0.00,0,0,0,0,0,7.4,222,198,17.8,15.1,0,0.00,1014.4,1000.6
2025-06-25T03:00,19.1,0.00,71,13.7,19.2,0.00,0.00,0.00,0,0,0,0,0,7.4,223,203,18.9,15.5,0,0.00,1014.4,1000.5
2025-06-25T04:00,18.7,0.00,74,13.9,19.0,0.00,0.00,0.00,0,0,0,0,0,6.9,228,205,18.1,15.1,0,0.00,1014.4,1000.5
2025-06-25T05:00,18.6,0.00,75,14.1,19.1,0.00,0.00,0.00,0,0,0,0,0,5.8,230,196,15.7,14.4,1,0.00,1014.7,1000.8
2025-06-25T06:00,19.8,0.00,72,14.6,20.4,0.00,0.00,0.00,0,0,0,0,0,6.2,223,173,12.5,12.2,1,3600.00,1014.8,1000.9
2025-06-25T07:00,21.5,0.00,67,15.0,22.3,0.00,0.00,0.00,0,0,0,0,0,6.1,206,183,12.6,15.8,1,3600.00,1014.7,1000.9
2025-06-25T08:00,23.5,0.00,60,15.3,24.3,0.00,0.00,0.00,0,3,3,0,0,6.8,213,209,10.0,19.1,1,3600.00,1015.0,1001.3
2025-06-25T09:00,25.6,0.00,52,15.0,26.0,0.00,0.00,0.00,0,0,0,0,0,8.2,232,230,11.7,23.0,1,3600.00,1015.2,1001.6
2025-06-25T10:00,27.5,0.00,44,14.0,28.3,0.00,0.00,0.00,0,0,0,0,0,8.9,228,227,12.4,25.6,1,3600.00,1015.0,1001.5
2025-06-25T11:00,29.1,0.00,39,13.5,30.0,0.00,0.00,0.00,0,0,0,0,0,10.7,224,222,14.8,29.2,1,3600.00,1014.7,1001.3
2025-06-25T12:00,30.3,0.00,36,13.6,31.5,0.00,0.00,0.00,0,0,0,0,0,10.8,227,226,15.0,30.2,1,3600.00,1014.1,1000.7
2025-06-25T13:00,31.4,0.00,34,13.8,32.8,0.00,0.00,0.00,2,71,70,5,0,11.1,230,228,15.2,30.6,1,3600.00,1013.6,1000.3
2025-06-25T14:00,32.7,0.00,29,12.2,33.3,0.00,0.00,0.00,2,63,35,44,0,10.4,236,233,14.4,31.7,1,3600.00,1013.6,1000.3
2025-06-25T15:00,33.3,0.00,27,11.5,32.7,0.00,0.00,0.00,3,83,79,23,0,10.0,238,236,13.7,29.5,1,3600.00,1013.2,1000.0
2025-06-25T16:00,34.2,0.00,24,10.6,33.5,0.00,0.00,0.00,0,1,0,1,0,9.5,255,255,13.1,28.1,1,3600.00,1012.5,999.3
2025-06-25T17:00,34.2,0.00,23,10.2,32.8,0.00,0.00,0.00,0,0,0,0,0,9.7,269,270,13.5,26.3,1,3600.00,1012.1,998.9
2025-06-25T18:00,33.8,0.00,24,10.1,32.7,0.00,0.00,0.00,0,0,0,0,0,7.6,261,262,10.7,25.2,1,3600.00,1011.5,998.3
2025-06-25T19:00,33.3,0.00,25,10.4,32.7,0.00,0.00,0.00,0,0,0,0,0,5.2,254,258,8.4,19.4,1,3600.00,1011.3,998.1
2025-06-25T20:00,30.7,0.00,32,12.3,30.9,0.00,0.00,0.00,0,0,0,0,0,2.9,207,210,7.5,10.8,1,3476.24,1011.7,998.4
2025-06-25T21:00,29.0,0.00,43,15.1,30.7,0.00,0.00,0.00,1,31,31,0,0,0.2,215,360,2.2,6.1,0,0.00,1012.1,998.7
2025-06-25T22:00,27.4,0.00,40,12.6,27.6,0.00,0.00,0.00,1,27,27,0,0,3.7,35,51,5.7,6.8,0,0.00,1011.9,998.4
2025-06-25T23:00,25.4,0.00,47,13.3,25.5,0.00,0.00,0.00,0,1,1,0,0,6.5,86,85,8.3,11.9,0,0.00,1011.3,997.8
2025-06-26T00:00,24.2,0.00,52,13.7,24.1,0.00,0.00,0.00,0,16,16,0,0,8.3,103,90,13.5,15.8,0,0.00,1010.9,997.3
2025-06-26T01:00,23.7,0.00,54,13.8,23.5,0.00,0.00,0.00,3,100,100,0,0,9.2,114,96,17.6,17.3,0,0.00,1010.7,997.1
2025-06-26T02:00,22.5,0.00,65,15.6,22.7,0.00,0.00,0.00,3,99,99,0,0,11.6,121,102,24.4,22.7,0,0.00,1010.3,996.6
2025-06-26T03:00,21.3,0.70,72,16.0,21.4,0.70,0.00,0.00,53,100,100,96,0,13.5,250,258,28.0,25.9,0,0.00,1013.4,999.6
2025-06-26T04:00,21.5,0.00,74,16.6,22.3,0.00,0.00,0.00,3,100,100,9,0,10.1,21,41,19.3,29.2,0,0.00,1012.3,998.6
2025-06-26T05:00,20.8,0.00,79,16.9,21.9,0.00,0.00,0.00,3,99,99,42,0,8.9,203,194,13.7,26.3,1,0.00,1012.9,999.1
2025-06-26T06:00,21.1,0.00,76,16.8,21.9,0.00,0.00,0.00,2,61,58,6,0,10.8,200,190,21.4,22.3,1,187.47,1013.1,999.3
2025-06-26T07:00,22.5,0.00,74,17.5,23.5,0.00,0.00,0.00,1,37,37,1,0,11.4,225,221,18.1,27.0,1,3600.00,1013.8,1000.1
2025-06-26T08:00,24.1,0.00,69,17.9,25.8,0.00,0.00,0.00,0,18,18,0,0,7.7,245,245,11.8,26.3,1,3600.00,1013.8,1000.2
2025-06-26T09:00,25.9,0.00,60,17.5,27.0,0.00,0.00,0.00,0,6,3,3,0,11.0,225,222,15.8,27.7,1,3600.00,1013.8,1000.2
2025-06-26T10:00,27.5,0.00,51,16.5,28.3,0.00,0.00,0.00,0,13,0,13,0,14.4,230,228,20.6,34.6,1,3600.00,1013.3,999.8
2025-06-26T11:00,28.1,0.10,46,15.4,28.1,0.10,0.00,0.00,51,36,28,8,4,18.9,232,230,27.8,49.7,1,3600.00,1013.3,999.8
2025-06-26T12:00,28.1,0.00,46,15.5,27.9,0.00,0.00,0.00,1,45,36,13,5,19.4,236,236,28.5,52.9,1,3600.00,1013.4,999.9
2025-06-26T13:00,29.4,0.00,37,13.4,28.1,0.00,0.00,0.00,1,37,21,17,4,23.7,250,250,34.8,54.7,1,3600.00,1013.6,1000.2
2025-06-26T14:00,25.1,0.30,63,17.5,25.7,0.30,0.00,0.00,51,34,10,22,12,16.4,267,267,23.8,50.0,1,3600.00,1015.6,1002.0
2025-06-26T15:00,26.5,0.10,51,15.5,26.2,0.10,0.00,0.00,51,32,15,16,6,17.2,255,257,25.0,50.8,1,3600.00,1015.3,1001.7
2025-06-26T16:00,26.8,0.20,48,14.9,25.5,0.20,0.00,0.00,51,14,0,10,5,21.7,275,275,31.6,48.6,1,3600.00,1015.2,1001.7
2025-06-26T17:00,26.6,0.00,48,14.7,25.2,0.00,0.00,0.00,0,17,11,5,3,20.3,286,287,30.3,52.6,1,3600.00,1015.7,1002.1
2025-06-26T18:00,25.9,0.00,49,14.5,24.7,0.00,0.00,0.00,1,22,3,13,7,18.4,294,295,27.7,49.7,1,3600.00,1016.6,1003.0
2025-06-26T19:00,25.0,0.00,54,15.0,24.7,0.00,0.00,0.00,0,3,0,3,0,13.7,287,287,21.9,40.7,1,3600.00,1017.4,1003.8
2025-06-26T20:00,24.0,0.00,59,15.4,24.4,0.00,0.00,0.00,0,5,0,5,0,10.1,279,276,18.6,29.5,1,3477.13,1018.1,1004.4
2025-06-26T21:00,22.8,0.00,64,15.8,23.8,0.00,0.00,0.00,0,17,0,7,12,6.7,274,272,15.5,22.0,0,0.00,1019.2,1005.4
2025-06-26T22:00,22.3,0.00,68,16.0,23.4,0.00,0.00,0.00,0,18,4,13,3,6.5,252,246,15.9,14.0,0,0.00,1019.9,1006.1
2025-06-26T23:00,21.8,0.00,69,15.8,22.6,0.00,0.00,0.00,2,69,58,26,6,8.2,256,251,18.3,17.3,0,0.00,1020.3,1006.5
2025-06-27T00:00,21.4,0.00,70,15.8,22.3,0.00,0.00,0.00,2,67,38,45,20,7.7,259,252,17.4,17.6,0,0.00,1020.6,1006.7
2025-06-27T01:00,21.0,0.00,73,15.9,21.9,0.00,0.00,0.00,1,44,0,42,15,7.6,253,245,17.1,16.6,0,0.00,1020.7,1006.8
2025-06-27T02:00,19.1,0.00,95,18.4,20.6,0.00,0.00,0.00,1,27,0,27,3,11.0,202,186,25.8,22.7,0,0.00,1020.8,1006.8
2025-06-27T03:00,19.1,0.00,95,18.2,20.6,0.00,0.00,0.00,2,57,13,49,14,10.1,223,215,20.5,23.4,0,0.00,1021.0,1007.0
2025-06-27T04:00,19.1,0.00,94,18.1,20.9,0.00,0.00,0.00,3,96,93,39,8,7.8,231,214,16.4,20.2,0,0.00,1021.2,1007.2
2025-06-27T05:00,19.1,0.00,93,17.9,20.6,0.00,0.00,0.00,3,100,100,69,9,9.2,223,203,17.6,17.6,1,0.00,1021.3,1007.3
2025-06-27T06:00,19.8,0.00,89,18.0,21.6,0.00,0.00,0.00,3,100,100,97,17,7.5,229,207,19.1,19.4,1,0.00,1021.5,1007.6
2025-06-27T07:00,20.8,0.10,84,17.9,22.6,0.10,0.00,0.00,51,100,70,97,79,7.4,231,227,13.0,18.7,1,171.97,1022.0,1008.1
2025-06-27T08:00,20.5,0.90,86,18.0,21.8,0.90,0.00,0.00,53,100,100,100,100,10.8,236,234,16.9,23.0,1,0.00,1022.5,1008.6
2025-06-27T09:00,19.8,1.70,95,19.0,22.0,1.70,0.00,0.00,61,100,100,100,100,7.9,241,227,15.1,25.2,1,0.00,1022.6,1008.6
2025-06-27T10:00,20.0,2.90,96,19.3,22.2,2.90,0.00,0.00,63,100,100,100,100,8.9,258,251,15.8,20.5,1,0.00,1022.7,1008.8
2025-06-27T11:00,20.2,1.00,93,19.0,22.0,1.00,0.00,0.00,55,100,4,100,14,10.8,270,268,17.8,27.7,1,0.00,1023.2,1009.3
2025-06-27T12:00,20.8,0.00,87,18.6,22.9,0.00,0.00,0.00,3,100,0,100,15,6.9,288,284,10.0,26.3,1,0.00,1023.5,1009.6
2025-06-27T13:00,21.9,0.00,79,18.1,23.8,0.00,0.00,0.00,3,100,49,100,21,6.7,265,261,9.6,27.7,1,0.00,1023.5,1009.6
2025-06-27T14:00,22.8,0.00,69,16.9,24.1,0.00,0.00,0.00,3,84,9,24,77,7.5,301,300,10.1,23.8,1,3600.00,1023.8,1010.0
2025-06-27T15:00,23.5,0.00,67,17.0,25.3,0.00,0.00,0.00,3,100,0,100,6,4.7,275,277,6.5,21.6,1,3600.00,1023.6,1009.8
2025-06-27T16:00,23.5,0.00,66,16.8,25.2,0.00,0.00,0.00,1,23,5,6,17,4.9,267,268,7.0,16.6,1,0.00,1023.6,1009.8
2025-06-27T17:00,24.9,0.00,61,16.7,26.0,0.00,0.00,0.00,2,58,29,33,25,8.3,290,292,11.5,24.5,1,3600.00,1023.4,1009.7
2025-06-27T18:00,24.2,0.10,64,16.9,25.5,0.10,0.00,0.00,51,56,29,32,32,7.9,298,300,11.4,22.0,1,3600.00,1023.0,1009.2
2025-06-27T19:00,23.7,0.00,68,17.5,25.6,0.00,0.00,0.00,1,36,6,0,31,5.1,320,324,7.8,18.7,1,3600.00,1023.3,1009.5
2025-06-27T20:00,22.6,0.00,80,19.0,25.6,0.00,0.00,0.00,0,18,0,6,17,2.4,7,27,5.8,11.9,1,3475.58,1023.6,1009.8
2025-06-27T21:00,21.5,0.00,83,18.5,24.1,0.00,0.00,0.00,1,30,5,4,25,4.0,7,27,10.0,7.9,0,0.00,1024.3,1010.4
2025-06-27T22:00,21.0,0.00,85,18.3,23.6,0.00,0.00,0.00,3,98,98,2,3,2.7,36,98,5.1,7.9,0,0.00,1024.6,1010.7
2025-06-27T23:00,20.2,0.00,89,18.3,22.8,0.00,0.00,0.00,3,91,90,1,10,2.7,117,110,2.0,6.8,0,0.00,1024.7,1010.7
2025-06-28T00:00,19.7,0.00,90,17.9,22.2,0.00,0.00,0.00,1,24,0,1,24,2.3,188,113,2.7,3.6,0,0.00,1024.9,1010.9
2025-06-28T01:00,19.6,0.00,89,17.7,21.9,0.00,0.00,0.00,0,14,0,0,14,3.0,180,115,5.0,5.0,0,0.00,1025.0,1011.0
2025-06-28T02:00,18.0,0.00,92,16.6,19.8,0.00,0.00,0.00,0,5,0,0,5,3.1,180,126,6.7,5.0,0,0.00,1025.2,1011.1
2025-06-28T03:00,18.3,0.00,88,16.4,19.8,0.00,0.00,0.00,0,3,0,0,3,4.8,174,121,10.1,9.0,0,0.00,1025.5,1011.4
2025-06-28T04:00,18.4,0.00,88,16.4,19.8,0.00,0.00,0.00,0,1,0,0,1,5.2,187,131,9.4,10.1,0,0.00,1025.6,1011.5
2025-06-28T05:00,18.4,0.00,89,16.6,20.1,0.00,0.00,0.00,0,1,0,0,1,4.3,203,138,8.0,9.4,1,0.00,1025.9,1011.8
2025-06-28T06:00,19.4,0.00,88,17.4,21.3,0.00,0.00,0.00,0,1,0,0,1,4.6,203,144,7.4,10.1,1,3600.00,1025.9,1011.9
2025-06-28T07:00,20.9,0.00,83,17.9,23.4,0.00,0.00,0.00,0,0,0,0,0,2.8,195,162,5.0,10.4,1,3600.00,1025.9,1012.0
2025-06-28T08:00,22.8,0.00,76,18.4,25.5,0.00,0.00,0.00,0,0,0,0,0,2.7,215,208,3.7,11.9,1,3600.00,1026.2,1012.3
2025-06-28T09:00,24.4,0.00,68,18.0,26.7,0.00,0.00,0.00,0,0,0,0,0,4.3,247,246,5.9,15.5,1,3600.00,1026.2,1012.4
2025-06-28T10:00,25.8,0.00,59,17.3,27.8,0.00,0.00,0.00,1,38,0,0,38,7.4,269,270,10.1,21.2,1,3600.00,1026.0,1012.3
2025-06-28T11:00,26.8,0.00,54,16.7,28.8,0.00,0.00,0.00,3,92,0,0,92,7.6,274,274,10.3,22.0,1,3600.00,1025.9,1012.2
2025-06-28T12:00,27.7,0.00,50,16.3,29.0,0.00,0.00,0.00,2,53,0,16,53,6.7,272,272,9.4,22.0,1,3600.00,1025.6,1012.0
2025-06-28T13:00,28.8,0.00,46,16.0,30.4,0.00,0.00,0.00,2,63,0,50,61,6.7,278,279,9.4,19.4,1,3600.00,1025.0,1011.4
2025-06-28T14:00,29.6,0.00,46,16.7,31.9,0.00,0.00,0.00,0,18,0,8,18,7.7,240,237,10.4,24.1,1,3600.00,1024.5,1011.0
2025-06-28T15:00,30.6,0.00,42,16.1,32.7,0.00,0.00,0.00,0,13,0,12,0,7.0,248,244,9.5,21.6,1,3600.00,1024.0,1010.5
2025-06-28T16:00,31.1,0.00,38,15.2,32.2,0.00,0.00,0.00,1,30,0,30,0,6.5,278,275,8.9,20.2,1,3600.00,1023.5,1010.0
2025-06-28T17:00,30.0,0.00,42,15.6,29.8,0.00,0.00,0.00,0,12,0,12,1,14.2,332,330,20.4,31.3,1,3600.00,1023.3,1009.8
2025-06-28T18:00,28.4,0.00,46,15.6,28.8,0.00,0.00,0.00,0,13,0,13,0,10.0,351,353,16.0,34.6,1,3600.00,1023.4,1009.8
2025-06-28T19:00,28.0,0.00,55,18.2,30.7,0.00,0.00,0.00,0,6,0,6,0,2.2,274,175,5.6,20.2,1,3600.00,1022.9,1009.3
2025-06-28T20:00,26.6,0.00,61,18.6,29.0,0.00,0.00,0.00,0,0,0,0,0,5.2,7,25,12.7,9.0,1,3471.53,1022.8,1009.2
2025-06-28T21:00,24.8,0.00,66,18.1,26.8,0.00,0.00,0.00,0,0,0,0,0,6.0,26,49,13.6,14.4,0,0.00,1023.3,1009.6
2025-06-28T22:00,23.9,0.00,69,17.9,25.9,0.00,0.00,0.00,0,2,2,0,0,5.8,325,344,16.4,11.2,0,0.00,1023.7,1009.9
2025-06-28T23:00,23.7,0.00,67,17.1,25.1,0.00,0.00,0.00,0,1,1,0,0,7.5,334,333,18.8,16.6,0,0.00,1024.0,1010.2
2025-06-29T00:00,22.5,0.00,73,17.4,24.2,0.00,0.00,0.00,0,1,1,0,0,6.0,356,355,15.2,15.1,0,0.00,1024.2,1010.3
2025-06-29T01:00,21.5,0.00,76,17.2,23.2,0.00,0.00,0.00,0,2,2,0,0,6.2,19,15,15.7,11.9,0,0.00,1024.2,1010.3
2025-06-29T02:00,19.7,0.00,83,16.7,21.4,0.00,0.00,0.00,0,5,1,0,4,4.3,11,15,10.6,8.3,0,0.00,1024.1,1010.1
2025-06-29T03:00,19.1,0.00,84,16.4,20.7,0.00,0.00,0.00,0,7,0,0,7,3.9,7,28,10.0,7.9,0,0.00,1024.1,1010.1
2025-06-29T04:00,19.0,0.00,83,16.0,20.3,0.00,0.00,0.00,0,0,0,0,0,5.0,6,30,12.3,9.7,0,0.00,1024.1,1010.1
2025-06-29T05:00,19.0,0.00,82,15.8,20.2,0.00,0.00,0.00,0,0,0,0,0,5.2,8,27,13.6,10.1,1,0.00,1024.1,1010.1
2025-06-29T06:00,20.3,0.00,79,16.4,21.6,0.00,0.00,0.00,0,1,0,0,1,6.2,6,7,13.2,10.8,1,3600.00,1024.1,1010.1
2025-06-29T07:00,22.3,0.00,74,17.4,24.4,0.00,0.00,0.00,0,0,0,0,0,3.3,4,324,11.0,11.9,1,3600.00,1024.1,1010.2
2025-06-29T08:00,24.2,0.00,68,17.9,26.4,0.00,0.00,0.00,0,0,0,0,0,4.2,333,320,6.0,14.0,1,3600.00,1024.1,1010.3
2025-06-29T09:00,25.8,0.00,63,18.1,27.9,0.00,0.00,0.00,0,0,0,0,0,5.8,332,324,7.7,18.4,1,3600.00,1024.2,1010.5
2025-06-29T10:00,27.1,0.00,57,17.9,29.9,0.00,0.00,0.00,0,2,2,0,0,5.9,323,315,7.5,19.4,1,3600.00,1024.0,1010.4
2025-06-29T11:00,28.2,0.00,53,17.6,31.5,0.00,0.00,0.00,0,0,0,0,0,5.9,312,308,7.5,20.2,1,3600.00,1024.0,1010.4
2025-06-29T12:00,29.1,0.00,49,17.3,32.5,0.00,0.00,0.00,0,7,6,0,1,6.6,314,311,8.8,22.0,1,3600.00,1023.6,1010.1
2025-06-29T13:00,29.8,0.00,47,17.2,32.9,0.00,0.00,0.00,1,23,23,0,0,7.8,323,320,10.2,23.8,1,3600.00,1023.0,1009.5
2025-06-29T14:00,31.1,0.00,43,17.2,33.8,0.00,0.00,0.00,0,9,8,0,0,10.5,336,333,14.2,29.2,1,3600.00,1022.3,1008.9
2025-06-29T15:00,31.6,0.00,41,16.9,33.8,0.00,0.00,0.00,1,41,41,0,0,10.6,344,342,14.4,29.2,1,3600.00,1021.9,1008.5
2025-06-29T16:00,31.9,0.00,39,16.3,33.2,0.00,0.00,0.00,1,22,22,0,0,10.4,346,342,14.5,28.8,1,3600.00,1021.3,1007.9
2025-06-29T17:00,31.8,0.00,37,15.4,32.0,0.00,0.00,0.00,1,46,46,0,0,10.9,346,343,15.0,27.7,1,3600.00,1020.8,1007.4
2025-06-29T18:00,31.4,0.00,38,15.4,31.7,0.00,0.00,0.00,0,2,2,1,0,10.0,345,340,14.1,27.4,1,3600.00,1020.6,1007.2
2025-06-29T19:00,30.3,0.00,43,16.3,31.1,0.00,0.00,0.00,0,5,0,5,0,9.5,332,327,15.5,23.4,1,3600.00,1020.2,1006.8
2025-06-29T20:00,28.6,0.00,45,15.5,28.8,0.00,0.00,0.00,0,5,0,5,0,11.2,334,334,21.1,21.6,1,3464.96,1020.3,1006.8
2025-06-29T21:00,26.8,0.00,51,15.7,27.1,0.00,0.00,0.00,0,6,0,6,0,11.2,360,359,21.8,22.0,0,0.00,1020.7,1007.1
2025-06-29T22:00,25.3,0.00,58,16.6,26.0,0.00,0.00,0.00,0,6,0,6,0,11.1,10,7,22.3,22.0,0,0.00,1020.9,1007.2
2025-06-29T23:00,24.7,0.00,58,15.8,24.9,0.00,0.00,0.00,0,2,0,1,0,12.2,26,19,25.4,24.1,0,0.00,1021.0,1007.3
2025-06-30T00:00,24.1,0.00,59,15.6,24.2,0.00,0.00,0.00,0,0,0,0,0,12.2,44,34,25.5,25.2,0,0.00,1021.0,1007.3
2025-06-30T01:00,23.4,0.00,63,15.9,23.7,0.00,0.00,0.00,2,51,51,0,0,11.9,57,48,25.4,24.5,0,0.00,1021.0,1007.2
2025-06-30T02:00,22.6,0.00,67,16.1,23.2,0.00,0.00,0.00,1,27,27,0,0,10.1,55,46,23.8,22.3,0,0.00,1020.8,1007.0
2025-06-30T03:00,22.2,0.00,69,16.3,23.2,0.00,0.00,0.00,1,23,23,0,0,8.2,63,58,21.7,20.5,0,0.00,1020.6,1006.8
2025-06-30T04:00,21.2,0.00,76,16.7,22.8,0.00,0.00,0.00,2,78,78,0,0,4.8,74,75,16.5,16.9,0,0.00,1020.5,1006.6
2025-06-30T05:00,21.0,0.00,77,16.8,22.8,0.00,0.00,0.00,1,27,27,0,0,4.1,76,56,14.3,10.4,1,0.00,1020.6,1006.7
2025-06-30T06:00,22.2,0.00,71,16.8,23.6,0.00,0.00,0.00,0,0,0,0,0,6.8,73,53,15.8,13.7,1,3571.65,1020.7,1006.9
2025-06-30T07:00,23.6,0.00,67,17.1,25.3,0.00,0.00,0.00,0,0,0,0,0,5.3,79,72,9.7,14.0,1,3600.00,1020.6,1006.8
2025-06-30T08:00,25.2,0.00,62,17.3,26.8,0.00,0.00,0.00,0,0,0,0,0,6.8,77,73,10.3,18.7,1,3600.00,1020.4,1006.7
2025-06-30T09:00,27.2,0.00,54,17.1,28.6,0.00,0.00,0.00,0,0,0,0,0,7.8,84,82,11.2,21.2,1,3600.00,1020.0,1006.4
2025-06-30T10:00,28.9,0.00,48,16.7,30.7,0.00,0.00,0.00,0,0,0,0,0,8.2,96,98,11.6,23.4,1,3600.00,1019.8,1006.3
2025-06-30T11:00,30.1,0.00,44,16.6,32.6,0.00,0.00,0.00,0,0,0,0,0,7.6,96,98,10.5,23.8,1,3600.00,1019.5,1006.1
2025-06-30T12:00,31.2,0.00,41,16.4,34.2,0.00,0.00,0.00,0,0,0,0,0,6.3,91,93,8.6,23.0,1,3600.00,1018.9,1005.5
2025-06-30T13:00,32.1,0.00,38,16.1,35.3,0.00,0.00,0.00,0,1,0,0,1,5.4,90,94,7.4,21.2,1,3600.00,1018.0,1004.7
2025-06-30T14:00,33.3,0.00,33,14.8,35.9,0.00,0.00,0.00,2,70,65,17,0,4.3,95,105,5.8,20.2,1,3600.00,1017.5,1004.2
2025-06-30T15:00,32.6,0.00,34,14.7,33.1,0.00,0.00,0.00,2,64,60,11,1,6.9,133,139,9.0,19.8,1,3600.00,1017.2,1003.9
2025-06-30T16:00,31.5,0.00,34,14.0,32.2,0.00,0.00,0.00,3,95,85,29,51,4.2,144,144,5.8,21.2,1,3600.00,1017.6,1004.2
2025-06-30T17:00,31.1,0.00,34,13.6,31.3,0.00,0.00,0.00,3,95,95,1,1,6.4,57,47,8.8,16.9,1,3600.00,1016.5,1003.1
2025-06-30T18:00,31.4,0.00,32,13.0,31.9,0.00,0.00,0.00,3,85,85,2,0,3.1,64,54,4.6,17.6,1,3600.00,1016.5,1003.2
2025-06-30T19:00,31.1,0.00,35,14.0,32.0,0.00,0.00,0.00,1,27,24,3,0,2.5,127,135,4.5,10.1,1,3600.00,1016.3,1002.9
2025-06-30T20:00,29.1,0.00,54,18.9,32.3,0.00,0.00,0.00,0,18,10,8,0,0.7,97,14,3.1,6.1,1,3455.82,1016.3,1002.9
2025-06-30T21:00,27.1,0.00,51,16.1,28.7,0.00,0.00,0.00,0,14,7,8,0,2.9,59,47,5.2,6.1,0,0.00,1016.5,1003.0
2025-06-30T22:00,25.9,0.00,55,16.2,27.4,0.00,0.00,0.00,0,0,0,0,0,4.4,50,58,5.4,8.6,0,0.00,1016.6,1003.0
2025-06-30T23:00,24.3,0.00,61,16.3,25.6,0.00,0.00,0.00,0,0,0,0,0,6.4,64,68,9.0,12.2,0,0.00,1016.4,1002.7
2025-07-01T00:00,23.6,0.00,63,16.2,24.6,0.00,0.00,0.00,0,1,0,1,0,7.2,79,76,13.2,13.3,0,0.00,1016.4,1002.7
2025-07-01T01:00,23.3,0.00,60,15.1,24.0,0.00,0.00,0.00,0,0,0,0,0,7.2,91,90,17.6,14.8,0,0.00,1016.4,1002.7
2025-07-01T02:00,23.3,0.00,45,10.6,22.7,0.00,0.00,0.00,2,74,56,43,0,5.4,91,90,16.9,16.9,0,0.00,1016.2,1002.5
2025-07-01T03:00,22.8,0.00,46,10.7,22.3,0.00,0.00,0.00,1,49,38,19,0,4.5,71,56,13.1,10.4,0,0.00,1016.2,1002.5
2025-07-01T04:00,21.7,0.00,50,10.7,21.3,0.00,0.00,0.00,0,11,3,9,0,4.0,73,63,10.0,9.4,0,0.00,1016.2,1002.4
2025-07-01T05:00,21.1,0.00,50,10.2,20.3,0.00,0.00,0.00,0,6,0,6,0,6.0,78,73,12.9,12.6,1,0.00,1016.3,1002.5
2025-07-01T06:00,22.0,0.00,49,10.9,21.7,0.00,0.00,0.00,0,1,0,1,0,4.0,60,39,7.9,11.9,1,3537.32,1016.6,1002.8
2025-07-01T07:00,23.7,0.00,46,11.6,24.0,0.00,0.00,0.00,0,0,0,0,0,1.6,41,6,3.8,9.4,1,3600.00,1016.6,1002.9
2025-07-01T08:00,25.8,0.00,43,12.3,26.3,0.00,0.00,0.00,0,0,0,0,0,1.3,15,344,2.1,10.8,1,3600.00,1016.9,1003.3
2025-07-01T09:00,28.0,0.00,41,13.5,29.1,0.00,0.00,0.00,0,0,0,0,0,0.2,68,360,1.0,11.2,1,3600.00,1016.9,1003.4
2025-07-01T10:00,29.8,0.00,39,14.5,31.9,0.00,0.00,0.00,0,0,0,0,0,1.7,323,311,1.8,13.7,1,3600.00,1016.8,1003.4
2025-07-01T11:00,31.6,0.00,36,14.9,34.1,0.00,0.00,0.00,0,0,0,0,0,3.6,308,303,4.4,17.6,1,3600.00,1016.6,1003.3
2025-07-01T12:00,33.0,0.00,33,14.7,35.8,0.00,0.00,0.00,0,0,0,0,0,4.3,301,298,5.2,19.4,1,3600.00,1016.3,1003.0
2025-07-01T13:00,33.9,0.00,31,14.2,36.1,0.00,0.00,0.00,0,7,0,7,0,4.3,298,294,5.3,19.4,1,3600.00,1016.1,1002.9
2025-07-01T14:00,33.8,0.00,30,14.0,33.8,0.00,0.00,0.00,1,21,9,13,0,10.5,174,174,13.8,28.1,1,3600.00,1016.1,1002.9
2025-07-01T15:00,33.8,0.00,30,14.0,34.0,0.00,0.00,0.00,1,46,32,22,0,9.0,197,196,11.8,29.2,1,3600.00,1015.9,1002.7
2025-07-01T16:00,33.9,0.00,29,13.3,34.1,0.00,0.00,0.00,1,27,11,18,0,6.2,171,172,8.2,24.8,1,3600.00,1015.4,1002.2
2025-07-01T17:00,34.2,0.00,27,12.4,34.4,0.00,0.00,0.00,0,9,0,8,0,3.9,160,164,5.2,19.1,1,3600.00,1015.0,1001.8
2025-07-01T18:00,33.9,0.00,26,11.8,34.0,0.00,0.00,0.00,0,6,0,6,0,3.1,151,152,4.1,15.1,1,3600.00,1014.9,1001.7
2025-07-01T19:00,33.4,0.00,27,11.7,33.2,0.00,0.00,0.00,0,2,0,2,0,5.0,139,145,7.1,11.9,1,3600.00,1015.0,1001.8
2025-07-01T20:00,31.5,0.00,33,13.4,31.9,0.00,0.00,0.00,0,0,0,0,0,4.6,135,121,10.4,10.4,1,3444.07,1014.9,1001.6
2025-07-01T21:00,29.4,0.00,41,14.9,29.9,0.00,0.00,0.00,0,0,0,0,0,7.9,143,123,16.7,14.8,0,0.00,1015.5,1002.1
2025-07-01T22:00,28.0,0.00,45,14.9,28.4,0.00,0.00,0.00,0,0,0,0,0,8.3,143,117,19.0,16.6,0,0.00,1015.7,1002.2
2025-07-01T23:00,26.9,0.00,47,14.5,27.4,0.00,0.00,0.00,0,0,0,0,0,6.2,144,105,16.3,15.8,0,0.00,1015.9,1002.4
2025-07-02T00:00,25.7,0.00,50,14.5,26.4,0.00,0.00,0.00,0,0,0,0,0,5.8,139,95,13.4,11.9,0,0.00,1015.8,1002.2
2025-07-02T01:00,24.5,0.00,55,14.8,25.1,0.00,0.00,0.00,0,0,0,0,0,6.7,125,87,12.8,13.0,0,0.00,1015.8,1002.2
2025-07-02T02:00,22.8,0.00,68,16.7,24.1,0.00,0.00,0.00,0,0,0,0,0,7.4,111,90,14.8,14.4,0,0.00,1015.6,1001.9
2025-07-02T03:00,21.9,0.00,73,16.8,23.1,0.00,0.00,0.00,0,0,0,0,0,8.1,107,95,15.8,15.5,0,0.00,1015.5,1001.7
2025-07-02T04:00,21.4,0.00,76,16.9,22.8,0.00,0.00,0.00,0,0,0,0,0,6.9,104,85,14.8,15.8,0,0.00,1015.6,1001.8
2025-07-02T05:00,21.1,0.00,77,17.0,22.6,0.00,0.00,0.00,0,0,0,0,0,6.5,98,85,13.3,13.3,1,0.00,1015.7,1001.9
2025-07-02T06:00,22.5,0.00,73,17.5,24.2,0.00,0.00,0.00,0,0,0,0,0,6.3,99,93,12.0,13.3,1,3501.29,1015.9,1002.2
2025-07-02T07:00,25.0,0.00,65,17.9,27.1,0.00,0.00,0.00,0,0,0,0,0,5.0,109,109,11.4,13.7,1,3600.00,1015.7,1002.1
2025-07-02T08:00,27.8,0.00,54,17.6,29.8,0.00,0.00,0.00,0,0,0,0,0,5.1,107,107,7.9,16.2,1,3600.00,1015.7,1002.2
2025-07-02T09:00,30.5,0.00,44,17.1,32.2,0.00,0.00,0.00,0,0,0,0,0,5.7,114,114,8.3,18.7,1,3600.00,1015.6,1002.2
2025-07-02T10:00,32.7,0.00,37,16.1,34.7,0.00,0.00,0.00,0,0,0,0,0,5.9,131,133,8.2,20.2,1,3600.00,1015.2,1001.9
2025-07-02T11:00,34.5,0.00,32,15.2,36.8,0.00,0.00,0.00,0,5,0,5,0,5.4,142,143,7.6,20.5,1,3600.00,1015.0,1001.8
2025-07-02T12:00,35.6,0.00,27,13.9,37.3,0.00,0.00,0.00,0,9,1,8,0,6.6,151,151,8.9,22.7,1,3600.00,1014.5,1001.4
2025-07-02T13:00,36.2,0.00,25,12.9,37.7,0.00,0.00,0.00,1,21,1,20,0,5.9,153,153,8.0,23.4,1,3600.00,1013.9,1000.8
2025-07-02T14:00,36.7,0.00,22,11.4,37.5,0.00,0.00,0.00,1,30,0,30,0,4.8,136,132,6.5,19.8,1,3600.00,1013.3,1000.2
2025-07-02T15:00,37.1,0.00,22,11.8,37.6,0.00,0.00,0.00,1,24,1,24,0,6.0,136,134,7.8,20.2,1,3600.00,1012.9,999.8
2025-07-02T16:00,37.0,0.00,22,12.0,36.9,0.00,0.00,0.00,0,17,1,17,0,6.2,130,128,8.0,20.9,1,3600.00,1012.1,999.0
2025-07-02T17:00,36.6,0.00,23,12.2,36.1,0.00,0.00,0.00,0,10,2,9,0,8.2,149,147,10.9,22.0,1,3600.00,1011.8,998.7
2025-07-02T18:00,36.1,0.00,23,11.6,35.2,0.00,0.00,0.00,2,62,16,56,0,9.1,168,171,12.5,23.4,1,3600.00,1012.0,998.9
2025-07-02T19:00,34.4,0.00,27,12.8,33.9,0.00,0.00,0.00,1,32,10,26,0,9.6,212,214,15.7,22.0,1,3600.00,1012.4,999.2
2025-07-02T20:00,32.7,0.00,31,13.6,32.7,0.00,0.00,0.00,1,34,18,22,0,7.6,207,205,15.3,19.4,1,3429.67,1012.7,999.5
2025-07-02T21:00,31.1,0.00,37,14.6,32.1,0.00,0.00,0.00,2,59,23,48,0,3.1,215,183,9.8,14.4,0,0.00,1013.2,999.9
2025-07-02T22:00,30.5,0.00,40,15.4,32.1,0.00,0.00,0.00,1,25,6,23,0,0.8,259,333,6.6,6.1,0,0.00,1013.3,1000.0
2025-07-02T23:00,29.2,0.00,39,13.7,29.7,0.00,0.00,0.00,0,2,0,2,0,4.3,231,197,11.5,7.6,0,0.00,1013.4,1000.0
2025-07-03T00:00,28.3,0.00,42,14.0,27.7,0.00,0.00,0.00,0,5,0,5,0,12.9,327,318,24.8,23.0,0,0.00,1014.1,1000.6
2025-07-03T01:00,26.1,0.00,55,16.3,26.4,0.00,0.00,0.00,0,5,0,5,0,13.0,342,336,23.9,30.2,0,0.00,1014.6,1001.0
2025-07-03T02:00,23.2,0.10,73,18.0,24.1,0.10,0.00,0.00,51,86,82,67,0,13.9,276,271,23.5,27.7,0,0.00,1017.6,1003.9
2025-07-03T03:00,22.5,0.00,76,18.1,23.7,0.00,0.00,0.00,1,42,6,37,3,12.2,320,317,20.8,29.2,0,0.00,1018.1,1004.3
2025-07-03T04:00,21.8,0.00,76,17.3,22.2,0.00,0.00,0.00,1,26,0,15,13,15.3,333,330,25.8,32.0,0,0.00,1018.8,1005.0
2025-07-03T05:00,21.0,0.00,71,15.6,20.6,0.00,0.00,0.00,1,32,2,29,3,15.5,332,329,25.4,33.8,1,0.00,1019.7,1005.8
2025-07-03T06:00,20.8,0.00,71,15.4,20.4,0.00,0.00,0.00,3,93,0,93,0,15.4,335,333,24.2,33.8,1,3453.67,1020.4,1006.5
2025-07-03T07:00,20.3,0.20,73,15.4,19.7,0.20,0.00,0.00,51,85,0,85,0,16.3,336,335,24.8,36.0,1,0.00,1021.0,1007.1
2025-07-03T08:00,20.9,0.00,67,14.6,20.4,0.00,0.00,0.00,1,44,0,43,2,13.3,341,339,19.6,36.0,1,1524.23,1021.9,1008.0
2025-07-03T09:00,22.5,0.00,58,14.0,21.9,0.00,0.00,0.00,1,25,1,19,9,12.9,338,335,18.1,32.4,1,3600.00,1022.3,1008.5
2025-07-03T10:00,23.8,0.00,53,13.7,23.5,0.00,0.00,0.00,3,93,81,69,0,12.5,330,327,17.3,32.8,1,3600.00,1022.9,1009.1
2025-07-03T11:00,22.7,0.50,58,14.1,22.3,0.50,0.00,0.00,53,100,100,98,12,12.0,316,310,16.5,34.2,1,3600.00,1023.8,1010.0
2025-07-03T12:00,20.5,0.80,71,15.1,20.4,0.80,0.00,0.00,53,92,85,86,0,12.1,319,316,18.7,30.2,1,0.00,1024.2,1010.3
2025-07-03T13:00,23.1,0.00,55,13.6,22.7,0.00,0.00,0.00,0,11,0,11,0,10.6,333,332,14.9,29.2,1,3337.70,1023.9,1010.1
2025-07-03T14:00,25.1,0.00,52,14.7,26.3,0.00,0.00,0.00,1,32,0,15,19,8.6,324,321,11.6,27.0,1,3600.00,1024.3,1010.6
2025-07-03T15:00,25.7,0.00,47,13.4,26.3,0.00,0.00,0.00,1,21,0,15,7,9.9,330,327,13.5,27.4,1,3600.00,1024.1,1010.4
2025-07-03T16:00,26.0,0.00,41,11.7,25.5,0.00,0.00,0.00,0,8,0,8,0,10.2,333,332,14.1,27.4,1,3600.00,1023.7,1010.0
2025-07-03T17:00,26.1,0.00,37,10.2,24.7,0.00,0.00,0.00,0,6,0,6,0,10.0,337,334,13.7,27.4,1,3600.00,1023.4,1009.7
2025-07-03T18:00,25.6,0.00,34,8.5,23.7,0.00,0.00,0.00,0,1,0,1,0,10.5,338,336,14.7,25.6,1,3600.00,1023.2,1009.5
2025-07-03T19:00,24.8,0.00,35,8.4,22.8,0.00,0.00,0.00,0,0,0,0,0,10.7,335,333,16.7,24.5,1,3600.00,1023.4,1009.7
2025-07-03T20:00,23.3,0.00,38,8.2,21.3,0.00,0.00,0.00,0,0,0,0,0,10.1,333,333,20.0,23.0,1,3412.58,1023.5,1009.7
2025-07-03T21:00,21.8,0.00,41,8.0,19.8,0.00,0.00,0.00,0,0,0,0,0,10.0,336,339,22.0,21.2,0,0.00,1024.1,1010.2
2025-07-03T22:00,21.0,0.00,45,8.5,19.0,0.00,0.00,0.00,0,3,0,0,3,11.0,342,342,23.5,22.0,0,0.00,1024.3,1010.4
2025-07-03T23:00,20.3,0.00,50,9.5,18.7,0.00,0.00,0.00,0,8,0,0,8,9.6,348,348,21.3,22.3,0,0.00,1024.3,1010.3
2025-07-04T00:00,19.4,0.00,57,10.5,18.4,0.00,0.00,0.00,0,13,0,2,11,7.8,15,5,17.2,19.4,0,0.00,1024.4,1010.4
2025-07-04T01:00,18.7,0.00,59,10.6,17.8,0.00,0.00,0.00,0,17,0,11,16,7.7,18,1,17.2,15.5,0,0.00,1024.5,1010.5
2025-07-04T02:00,17.8,0.00,57,9.1,16.6,0.00,0.00,0.00,0,3,0,3,0,6.9,2,343,13.7,14.4,0,0.00,1024.5,1010.4
2025-07-04T03:00,16.9,0.00,61,9.3,15.4,0.00,0.00,0.00,0,1,0,1,0,9.4,359,349,17.6,17.6,0,0.00,1024.4,1010.3
2025-07-04T04:00,16.2,0.00,63,9.2,14.6,0.00,0.00,0.00,0,0,0,0,0,9.4,5,356,18.8,19.4,0,0.00,1024.6,1010.4
2025-07-04T05:00,15.9,0.00,64,9.1,14.5,0.00,0.00,0.00,0,3,0,3,0,8.3,6,354,16.5,18.4,1,0.00,1025.2,1011.0
2025-07-04T06:00,16.7,0.00,62,9.5,15.8,0.00,0.00,0.00,0,0,0,0,0,5.5,13,337,11.4,16.2,1,3424.53,1025.7,1011.6
2025-07-04T07:00,18.4,0.00,56,9.6,17.5,0.00,0.00,0.00,0,0,0,0,0,5.8,341,330,8.4,16.2,1,3600.00,1026.0,1011.9
2025-07-04T08:00,20.2,0.00,51,9.8,19.1,0.00,0.00,0.00,0,0,0,0,0,7.0,341,337,9.5,20.5,1,3600.00,1026.2,1012.2
2025-07-04T09:00,22.1,0.00,47,10.1,21.0,0.00,0.00,0.00,0,0,0,0,0,7.4,344,338,9.7,22.3,1,3600.00,1026.2,1012.3
2025-07-04T10:00,23.8,0.00,42,10.2,23.5,0.00,0.00,0.00,0,0,0,0,0,8.3,340,336,11.3,25.6,1,3600.00,1025.9,1012.1
2025-07-04T11:00,25.3,0.00,37,9.4,25.4,0.00,0.00,0.00,1,44,44,0,0,8.2,342,337,10.8,26.3,1,3600.00,1025.6,1011.9
2025-07-04T12:00,26.2,0.00,32,8.4,26.6,0.00,0.00,0.00,0,0,0,0,0,7.4,331,328,9.7,25.9,1,3600.00,1025.4,1011.7
2025-07-04T13:00,26.9,0.00,30,7.7,27.1,0.00,0.00,0.00,0,0,0,0,0,7.9,325,321,10.3,25.9,1,3600.00,1024.9,1011.2
2025-07-04T14:00,27.3,0.00,26,6.0,26.8,0.00,0.00,0.00,0,0,0,0,0,9.1,329,328,11.9,28.1,1,3600.00,1024.9,1011.3
2025-07-04T15:00,27.6,0.00,24,5.2,26.4,0.00,0.00,0.00,0,5,5,0,0,9.6,341,340,12.8,28.4,1,3600.00,1024.3,1010.7
2025-07-04T16:00,27.6,0.00,24,5.0,26.0,0.00,0.00,0.00,3,81,80,1,0,8.1,344,342,10.7,28.4,1,3600.00,1023.7,1010.1
2025-07-04T17:00,27.4,0.00,23,4.7,24.9,0.00,0.00,0.00,1,29,29,0,0,8.2,340,338,10.7,24.5,1,3600.00,1023.1,1009.5
2025-07-04T18:00,26.9,0.00,24,4.5,24.4,0.00,0.00,0.00,1,20,20,0,0,8.3,338,336,11.2,23.4,1,3600.00,1022.5,1008.9
2025-07-04T19:00,26.3,0.00,25,4.5,23.9,0.00,0.00,0.00,0,0,0,0,0,7.8,337,334,11.0,22.0,1,3600.00,1022.3,1008.6
2025-07-04T20:00,25.1,0.00,28,5.5,23.0,0.00,0.00,0.00,0,19,19,0,0,6.6,333,334,12.7,18.4,1,3392.77,1021.9,1008.2
2025-07-04T21:00,23.6,0.00,32,6.0,21.5,0.00,0.00,0.00,2,71,71,0,0,7.4,348,357,15.3,13.0,0,0.00,1022.2,1008.4
2025-07-04T22:00,22.0,0.00,39,7.4,19.9,0.00,0.00,0.00,3,86,86,0,0,9.8,4,14,18.6,18.7,0,0.00,1022.3,1008.4
2025-07-04T23:00,21.0,0.00,44,8.2,19.4,0.00,0.00,0.00,3,89,89,0,0,7.7,6,25,15.0,18.4,0,0.00,1022.0,1008.1
2025-07-05T00:00,19.9,0.00,49,8.8,18.6,0.00,0.00,0.00,3,88,88,0,0,6.5,21,39,11.4,14.4,0,0.00,1021.5,1007.6
2025-07-05T01:00,18.8,0.00,53,9.0,17.9,0.00,0.00,0.00,3,96,96,0,0,4.5,41,61,7.7,12.2,0,0.00,1021.2,1007.2
2025-07-05T02:00,16.7,0.00,58,8.3,16.2,0.00,0.00,0.00,3,86,86,0,0,0.7,59,76,2.1,5.8,0,0.00,1020.9,1006.8
2025-07-05T03:00,16.4,0.00,57,7.9,15.2,0.00,0.00,0.00,1,40,40,0,0,4.4,182,148,8.6,8.3,0,0.00,1020.7,1006.6
2025-07-05T04:00,15.4,0.00,62,8.1,14.4,0.00,0.00,0.00,0,18,18,0,0,3.1,156,103,6.5,9.0,0,0.00,1020.2,1006.1
2025-07-05T05:00,14.9,0.00,65,8.4,14.1,0.00,0.00,0.00,0,12,12,0,0,2.6,118,74,3.1,6.5,1,0.00,1019.7,1005.5
2025-07-05T06:00,16.3,0.00,63,9.3,15.6,0.00,0.00,0.00,2,65,65,0,0,3.6,3,33,3.2,8.3,1,3383.96,1019.3,1005.2
2025-07-05T07:00,19.1,0.00,54,9.7,18.8,0.00,0.00,0.00,3,93,93,0,0,1.7,327,302,4.3,9.0,1,3600.00,1019.4,1005.5
2025-07-05T08:00,21.2,0.00,47,9.5,20.7,0.00,0.00,0.00,3,89,89,0,0,2.6,291,286,3.5,13.0,1,3600.00,1019.2,1005.4
2025-07-05T09:00,23.2,0.00,41,9.3,22.4,0.00,0.00,0.00,3,98,98,0,0,4.1,285,283,5.4,16.9,1,3600.00,1018.9,1005.1
2025-07-05T10:00,24.7,0.00,37,8.8,23.8,0.00,0.00,0.00,3,98,98,0,0,4.9,289,287,6.5,18.7,1,3600.00,1018.4,1004.7
2025-07-05T11:00,26.5,0.00,31,7.9,26.2,0.00,0.00,0.00,3,100,100,0,0,6.2,297,296,8.5,22.0,1,3600.00,1017.8,1004.2
2025-07-05T12:00,27.3,0.00,29,7.5,26.9,0.00,0.00,0.00,3,100,100,0,0,6.2,285,285,8.2,22.3,1,3600.00,1017.2,1003.7
2025-07-05T13:00,28.1,0.00,27,7.4,27.8,0.00,0.00,0.00,2,51,51,1,0,5.2,257,258,7.0,22.0,1,3600.00,1016.6,1003.1
2025-07-05T14:00,29.9,0.00,22,6.0,29.1,0.00,0.00,0.00,1,31,30,13,0,10.3,232,230,14.2,29.9,1,3600.00,1015.8,1002.4
2025-07-05T15:00,30.5,0.00,19,4.5,28.8,0.00,0.00,0.00,0,10,0,10,0,11.8,250,249,16.3,31.7,1,3600.00,1014.9,1001.5
2025-07-05T16:00,30.4,0.00,18,3.3,27.7,0.00,0.00,0.00,2,57,48,21,0,12.8,272,272,17.8,32.8,1,3600.00,1014.4,1001.0
2025-07-05T17:00,29.7,0.00,19,3.3,26.1,0.00,0.00,0.00,3,99,93,96,0,14.1,289,289,19.8,34.2,1,3600.00,1014.1,1000.7
2025-07-05T18:00,28.3,0.00,20,3.2,24.6,0.00,0.00,0.00,3,99,99,44,0,14.8,302,304,21.7,34.2,1,2684.35,1014.1,1000.6
2025-07-05T19:00,27.0,0.00,22,3.2,23.4,0.00,0.00,0.00,3,100,100,0,0,13.8,308,310,21.8,33.8,1,3600.00,1014.2,1000.7
2025-07-05T20:00,25.7,0.00,26,4.9,22.8,0.00,0.00,0.00,3,100,100,0,0,10.8,292,296,19.5,29.5,1,279.20,1014.2,1000.6
2025-07-05T21:00,24.9,0.00,30,5.9,22.5,0.00,0.00,0.00,3,100,100,0,0,9.7,274,272,19.1,22.3,0,0.00,1014.4,1000.8
2025-07-05T22:00,24.2,0.00,31,6.2,21.9,0.00,0.00,0.00,3,100,100,0,0,9.2,268,264,18.7,19.8,0,0.00,1014.4,1000.8
2025-07-05T23:00,23.6,0.00,31,5.7,21.0,0.00,0.00,0.00,3,100,100,8,0,10.1,282,280,19.9,21.6,0,0.00,1014.4,1000.7
2025-07-06T00:00,22.7,0.00,33,5.5,20.5,0.00,0.00,0.00,3,99,98,96,0,7.6,276,271,16.5,20.5,0,0.00,1014.1,1000.4
2025-07-06T01:00,22.2,0.00,34,5.7,20.3,0.00,0.00,0.00,3,100,99,59,0,5.8,274,268,14.1,15.5,0,0.00,1014.0,1000.3
2025-07-06T02:00,20.0,0.00,40,6.1,18.4,0.00,0.00,0.00,3,93,80,63,0,4.2,221,187,10.1,9.0,0,0.00,1013.7,999.9
2025-07-06T03:00,18.8,0.00,48,7.4,17.5,0.00,0.00,0.00,2,77,76,3,0,3.8,228,199,11.0,8.6,0,0.00,1013.4,999.5
2025-07-06T04:00,18.4,0.00,52,8.4,17.5,0.00,0.00,0.00,3,99,99,5,0,3.6,228,177,10.2,8.3,0,0.00,1013.0,999.1
2025-07-06T05:00,18.1,0.00,53,8.5,17.2,0.00,0.00,0.00,2,78,71,55,0,3.2,226,153,8.0,7.9,1,0.00,1012.5,998.6
2025-07-06T06:00,19.2,0.00,51,8.8,18.1,0.00,0.00,0.00,3,99,99,9,0,5.4,215,159,7.9,10.1,1,3342.05,1012.1,998.3
2025-07-06T07:00,20.6,0.00,48,9.3,19.8,0.00,0.00,0.00,3,100,100,8,0,4.2,200,173,7.5,12.6,1,3600.00,1011.9,998.1
2025-07-06T08:00,22.4,0.00,43,9.1,21.5,0.00,0.00,0.00,3,92,77,71,0,4.1,198,193,5.7,14.4,1,3600.00,1011.5,997.8
2025-07-06T09:00,23.7,0.00,38,8.6,22.3,0.00,0.00,0.00,3,100,100,100,0,7.5,217,215,10.4,21.2,1,3600.00,1011.3,997.7
2025-07-06T10:00,23.3,0.00,40,9.0,21.7,0.00,0.00,0.00,3,100,100,100,0,9.2,235,235,13.3,22.3,1,0.00,1011.0,997.4
2025-07-06T11:00,23.1,0.00,35,6.9,20.3,0.00,0.00,0.00,3,100,100,100,0,13.3,284,283,19.1,30.6,1,0.00,1010.9,997.3
2025-07-06T12:00,22.4,0.00,35,6.4,20.5,0.00,0.00,0.00,3,100,100,100,0,6.5,288,289,9.1,30.2,1,0.00,1010.5,996.8
2025-07-06T13:00,22.1,0.00,37,6.7,20.3,0.00,0.00,0.00,3,100,100,100,0,6.6,258,259,9.4,18.0,1,0.00,1010.1,996.4
2025-07-06T14:00,22.0,0.00,44,9.3,20.5,0.00,0.00,0.00,3,100,100,100,0,8.9,203,204,12.5,24.1,1,0.00,1009.6,995.9
2025-07-06T15:00,22.3,0.00,44,9.5,21.1,0.00,0.00,0.00,3,100,99,100,0,7.1,246,251,9.7,22.3,1,0.00,1009.0,995.3
2025-07-06T16:00,21.9,0.00,46,9.9,20.7,0.00,0.00,0.00,3,100,97,100,9,8.0,257,256,11.3,20.2,1,0.00,1008.4,994.7
2025-07-06T17:00,22.4,0.00,46,10.2,21.4,0.00,0.00,0.00,3,100,72,100,6,7.0,247,247,9.8,20.5,1,0.00,1007.9,994.3
2025-07-06T18:00,21.9,0.00,49,10.7,20.3,0.00,0.00,0.00,3,100,71,100,3,12.5,256,254,18.6,27.7,1,0.00,1007.5,993.8
2025-07-06T19:00,19.5,0.40,62,12.1,18.4,0.40,0.00,0.00,51,100,100,100,0,12.2,252,250,19.1,29.2,1,0.00,1008.0,994.2
2025-07-06T20:00,17.6,0.70,74,13.0,16.7,0.70,0.00,0.00,53,100,100,88,0,12.8,235,231,21.3,28.1,1,0.00,1008.2,994.3
2025-07-06T21:00,16.7,0.20,80,13.3,16.0,0.20,0.00,0.00,51,100,100,4,11,12.1,227,222,21.0,27.0,0,0.00,1008.3,994.4
2025-07-06T22:00,16.5,0.00,81,13.2,15.6,0.00,0.00,0.00,3,100,100,40,37,13.4,232,230,24.1,28.1,0,0.00,1008.3,994.4
2025-07-06T23:00,16.7,0.00,79,13.0,15.6,0.00,0.00,0.00,3,100,100,96,83,14.0,238,237,24.3,30.6,0,0.00,1008.0,994.1
2025-07-07T00:00,16.8,0.00,78,13.0,15.9,0.00,0.00,0.00,3,100,80,83,100,12.5,228,226,21.5,29.9,0,0.00,1007.7,993.8
2025-07-07T01:00,16.6,0.00,80,13.1,15.9,0.00,0.00,0.00,3,100,1,40,100,11.6,221,217,19.6,27.0,0,0.00,1007.2,993.3
2025-07-07T02:00,15.4,0.10,94,14.5,15.6,0.10,0.00,0.00,51,100,4,84,100,8.6,227,221,15.8,19.8,0,0.00,1007.5,993.5
2025-07-07T03:00,15.6,0.10,94,14.6,15.6,0.10,0.00,0.00,51,100,0,87,100,10.0,214,206,17.3,20.2,0,0.00,1006.9,993.0
2025-07-07T04:00,15.7,0.10,92,14.4,15.4,0.10,0.00,0.00,51,78,5,53,61,11.6,208,202,20.5,23.8,0,0.00,1006.3,992.4
2025-07-07T05:00,15.4,0.20,90,13.8,14.9,0.20,0.00,0.00,51,100,67,89,97,11.4,218,215,20.8,24.1,1,0.00,1006.2,992.3
2025-07-07T06:00,15.5,0.50,91,14.1,15.0,0.50,0.00,0.00,53,95,0,19,94,12.4,217,213,20.8,24.5,1,0.00,1006.0,992.1
2025-07-07T07:00,15.9,0.10,91,14.4,15.4,0.10,0.00,0.00,51,90,0,7,90,13.1,224,222,20.8,29.5,1,0.00,1005.8,991.9
2025-07-07T08:00,17.0,0.10,84,14.3,16.5,0.10,0.00,0.00,51,99,12,21,99,13.1,234,232,18.7,32.4,1,624.43,1005.9,992.0
2025-07-07T09:00,18.2,0.10,77,14.1,17.7,0.10,0.00,0.00,51,100,100,24,100,12.6,236,234,18.3,34.2,1,1504.67,1005.4,991.6
2025-07-07T10:00,20.0,0.10,64,13.0,18.8,0.10,0.00,0.00,51,100,100,6,100,14.9,238,236,21.4,36.7,1,3600.00,1004.8,991.1
2025-07-07T11:00,18.6,0.40,71,13.1,17.3,0.40,0.00,0.00,51,100,99,65,38,15.5,230,231,23.0,37.4,1,52.49,1004.9,991.1
2025-07-07T12:00,20.7,0.10,65,14.0,20.3,0.10,0.00,0.00,51,59,36,6,32,14.4,241,240,20.4,37.4,1,3600.00,1004.6,990.9
2025-07-07T13:00,22.0,0.10,56,12.9,21.7,0.10,0.00,0.00,51,100,49,6,100,15.5,255,257,21.8,39.2,1,3600.00,1004.2,990.6
2025-07-07T14:00,17.9,3.90,74,13.3,16.8,3.90,0.00,0.00,63,95,76,77,21,17.8,245,247,26.8,45.0,1,3600.00,1005.5,991.7
2025-07-07T15:00,19.4,0.30,73,14.5,19.1,0.30,0.00,0.00,51,45,25,18,12,11.8,273,276,17.1,38.5,1,3600.00,1005.3,991.6
2025-07-07T16:00,20.4,0.10,65,13.5,19.7,0.10,0.00,0.00,51,99,80,69,91,12.7,264,263,18.3,34.6,1,3600.00,1005.0,991.3
2025-07-07T17:00,17.6,6.20,79,13.9,17.0,6.20,0.00,0.00,63,100,92,88,95,12.5,281,281,20.0,32.8,1,940.02,1006.0,992.2
2025-07-07T18:00,16.2,1.70,93,15.1,16.8,1.70,0.00,0.00,61,100,100,83,0,7.9,295,286,14.5,26.6,1,0.00,1006.2,992.3
2025-07-07T19:00,16.2,0.70,88,14.3,16.2,0.70,0.00,0.00,53,97,96,21,12,9.5,269,261,16.0,20.9,1,0.00,1006.9,993.0
2025-07-07T20:00,15.7,0.40,94,14.7,15.9,0.40,0.00,0.00,51,100,100,87,17,9.5,292,285,17.6,19.4,1,1065.66,1007.3,993.4
2025-07-07T21:00,15.2,0.40,94,14.3,15.2,0.40,0.00,0.00,51,94,0,93,26,10.1,305,297,19.3,20.2,0,0.00,1008.3,994.3
2025-07-07T22:00,15.1,0.10,91,13.7,14.5,0.10,0.00,0.00,51,100,0,100,36,12.1,320,318,21.6,24.1,0,0.00,1009.0,995.0
2025-07-07T23:00,15.0,0.00,90,13.3,13.9,0.00,0.00,0.00,3,94,0,91,77,14.7,322,318,25.5,28.8,0,0.00,1009.3,995.3
2025-07-08T00:00,14.6,0.10,89,12.7,13.4,0.10,0.00,0.00,51,100,0,100,28,14.0,322,319,25.0,29.9,0,0.00,1009.9,995.9
2025-07-08T01:00,14.4,0.00,87,12.3,13.1,0.00,0.00,0.00,3,81,0,77,15,13.6,319,313,24.1,28.8,0,0.00,1010.1,996.1
2025-07-08T02:00,13.7,0.00,89,11.9,12.9,0.00,0.00,0.00,0,17,0,17,0,9.9,311,305,21.0,24.8,0,0.00,1010.7,996.6
2025-07-08T03:00,13.5,0.00,88,11.6,12.7,0.00,0.00,0.00,1,49,0,49,2,9.0,320,314,19.2,20.5,0,0.00,1011.1,997.0
2025-07-08T04:00,13.5,0.00,86,11.3,12.5,0.00,0.00,0.00,1,48,0,48,5,9.5,321,316,18.7,20.2,0,0.00,1011.5,997.4
2025-07-08T05:00,13.1,0.00,87,11.0,12.0,0.00,0.00,0.00,1,44,0,41,11,9.9,321,316,18.9,21.2,1,0.00,1011.9,997.8
2025-07-08T06:00,13.2,0.00,86,10.9,12.0,0.00,0.00,0.00,2,56,46,8,13,10.4,317,314,17.2,20.9,1,3251.89,1012.1,998.0
2025-07-08T07:00,13.7,0.00,80,10.3,12.2,0.00,0.00,0.00,3,100,100,69,5,10.8,310,308,16.1,25.2,1,3600.00,1012.3,998.2
2025-07-08T08:00,14.3,0.10,76,10.2,12.6,0.10,0.00,0.00,51,100,100,69,9,11.6,312,311,16.8,27.7,1,3600.00,1012.6,998.5
2025-07-08T09:00,14.7,0.10,73,9.9,13.0,0.10,0.00,0.00,51,100,100,94,12,11.1,310,309,16.1,28.1,1,2685.05,1012.8,998.7
2025-07-08T10:00,15.7,0.10,66,9.4,13.9,0.10,0.00,0.00,51,100,100,100,5,11.1,305,304,16.2,28.4,1,3600.00,1013.0,999.0
2025-07-08T11:00,16.6,0.10,59,8.6,14.7,0.10,0.00,0.00,51,98,97,28,16,10.9,301,301,15.2,27.7,1,3600.00,1013.2,999.2
2025-07-08T12:00,17.9,0.10,53,8.2,16.9,0.10,0.00,0.00,51,100,100,50,12,11.8,291,290,16.6,30.6,1,3600.00,1013.4,999.5
2025-07-08T13:00,18.8,0.00,47,7.3,17.8,0.00,0.00,0.00,3,100,100,38,10,11.2,283,281,15.5,31.0,1,3600.00,1013.3,999.4
2025-07-08T14:00,17.4,0.00,53,7.7,15.4,0.00,0.00,0.00,3,100,100,92,14,9.4,268,266,13.1,27.0,1,3600.00,1014.9,1000.9
2025-07-08T15:00,18.0,0.00,51,7.8,16.1,0.00,0.00,0.00,3,100,100,32,20,8.5,279,277,11.8,26.3,1,3600.00,1015.0,1001.1
2025-07-08T16:00,18.2,0.10,52,8.2,16.3,0.10,0.00,0.00,51,100,100,36,18,9.6,286,287,13.5,25.9,1,3600.00,1015.1,1001.2
2025-07-08T17:00,18.5,0.00,53,8.7,16.9,0.00,0.00,0.00,1,46,0,42,8,8.2,289,289,11.8,24.8,1,3600.00,1015.2,1001.3
2025-07-08T18:00,17.1,0.20,60,9.2,15.5,0.20,0.00,0.00,51,47,0,40,22,9.5,276,269,14.5,24.8,1,3600.00,1015.6,1001.6
2025-07-08T19:00,16.8,0.00,65,10.2,16.0,0.00,0.00,0.00,1,47,0,42,15,5.9,262,252,10.0,21.6,1,3600.00,1015.9,1001.9
2025-07-08T20:00,16.0,0.00,72,11.1,15.5,0.00,0.00,0.00,2,55,0,52,9,5.8,271,261,12.6,12.6,1,3286.48,1016.5,1002.4
2025-07-08T21:00,14.9,0.00,76,10.7,14.0,0.00,0.00,0.00,1,27,0,25,11,7.5,269,255,15.5,18.4,0,0.00,1017.7,1003.6
2025-07-08T22:00,14.1,0.00,83,11.2,13.7,0.00,0.00,0.00,0,18,0,17,1,4.8,250,233,12.2,15.1,0,0.00,1018.3,1004.1
2025-07-08T23:00,13.6,0.00,87,11.4,13.3,0.00,0.00,0.00,0,3,0,1,3,5.1,249,234,13.5,10.4,0,0.00,1018.9,1004.7
2025-07-09T00:00,13.2,0.00,90,11.5,13.0,0.00,0.00,0.00,1,20,0,11,10,4.5,254,230,12.9,10.4,0,0.00,1019.3,1005.1
2025-07-09T01:00,13.0,0.00,92,11.7,12.8,0.00,0.00,0.00,1,22,0,7,16,4.3,251,222,12.2,9.0,0,0.00,1019.5,1005.3
2025-07-09T02:00,13.1,0.10,88,11.2,12.6,0.10,0.00,0.00,51,24,0,18,9,6.4,259,241,15.4,15.5,0,0.00,1019.8,1005.6
2025-07-09T03:00,12.7,0.00,90,11.1,12.2,0.00,0.00,0.00,1,45,0,36,23,6.2,260,240,14.8,12.6,0,0.00,1020.0,1005.7
2025-07-09T04:00,12.4,0.00,92,11.2,12.1,0.00,0.00,0.00,1,26,0,13,21,4.5,259,227,11.2,12.2,0,0.00,1020.2,1005.9
2025-07-09T05:00,12.1,0.00,94,11.2,11.9,0.00,0.00,0.00,1,21,0,10,20,3.8,261,225,10.0,9.0,1,0.00,1020.4,1006.1
2025-07-09T06:00,13.0,0.00,93,12.0,13.0,0.00,0.00,0.00,0,12,0,4,12,4.5,271,241,10.3,10.4,1,3203.51,1020.9,1006.6
2025-07-09T07:00,14.3,0.00,85,11.9,14.2,0.00,0.00,0.00,0,0,0,0,0,4.7,271,263,7.6,13.7,1,3600.00,1021.1,1006.9
2025-07-09T08:00,15.5,0.00,77,11.5,14.9,0.00,0.00,0.00,0,4,0,3,1,6.8,290,287,9.4,19.1,1,3600.00,1021.5,1007.4
2025-07-09T09:00,16.8,0.00,69,11.1,16.1,0.00,0.00,0.00,0,6,0,0,6,7.1,295,294,9.9,20.9,1,3600.00,1021.4,1007.3
2025-07-09T10:00,18.2,0.00,59,10.1,17.3,0.00,0.00,0.00,0,16,0,0,16,10.1,286,286,14.0,26.6,1,3600.00,1021.2,1007.2
2025-07-09T11:00,19.5,0.00,51,9.1,18.7,0.00,0.00,0.00,1,37,0,2,36,10.5,288,289,14.4,27.7,1,3600.00,1021.1,1007.1
2025-07-09T12:00,20.1,0.00,48,8.8,18.6,0.00,0.00,0.00,2,73,0,53,70,9.9,294,295,13.8,27.7,1,3600.00,1021.0,1007.1
2025-07-09T13:00,20.7,0.00,46,8.7,18.9,0.00,0.00,0.00,3,100,0,78,100,10.8,300,300,15.0,27.0,1,3600.00,1020.8,1006.9
2025-07-09T14:00,20.9,0.00,46,8.8,19.2,0.00,0.00,0.00,3,99,0,97,99,9.3,304,304,12.8,24.5,1,3600.00,1021.5,1007.6
2025-07-09T15:00,20.6,0.00,47,9.0,18.9,0.00,0.00,0.00,1,28,0,19,11,9.7,311,312,13.5,24.5,1,0.00,1021.5,1007.6
2025-07-09T16:00,21.0,0.00,46,8.8,19.2,0.00,0.00,0.00,3,94,0,66,94,10.3,312,311,14.7,25.2,1,3600.00,1021.5,1007.6
2025-07-09T17:00,20.7,0.00,48,9.3,19.1,0.00,0.00,0.00,0,16,0,16,0,9.5,319,321,14.0,25.2,1,2373.06,1021.5,1007.6
2025-07-09T18:00,20.7,0.00,49,9.7,19.5,0.00,0.00,0.00,1,30,0,29,2,7.6,318,322,11.3,22.3,1,3600.00,1021.4,1007.5
2025-07-09T19:00,20.3,0.00,58,11.8,20.4,0.00,0.00,0.00,1,25,0,24,5,3.3,314,315,7.5,17.3,1,3600.00,1021.1,1007.2
2025-07-09T20:00,19.5,0.00,65,12.7,20.2,0.00,0.00,0.00,1,22,0,21,2,0.5,306,270,4.2,6.8,1,3253.47,1021.1,1007.1
2025-07-09T21:00,18.2,0.00,66,11.8,18.7,0.00,0.00,0.00,1,31,4,17,14,0.5,297,180,4.0,2.5,0,0.00,1021.3,1007.3
2025-07-09T22:00,17.7,0.00,67,11.5,18.1,0.00,0.00,0.00,1,38,0,17,32,0.3,304,135,3.9,2.5,0,0.00,1021.9,1007.9
2025-07-09T23:00,17.0,0.00,70,11.5,17.4,0.00,0.00,0.00,0,18,0,6,15,0.6,353,56,6.0,2.9,0,0.00,1022.1,1008.0
2025-07-10T00:00,15.8,0.00,74,11.2,15.9,0.00,0.00,0.00,0,8,0,0,7,1.8,39,84,7.7,4.0,0,0.00,1022.1,1008.0
2025-07-10T01:00,14.7,0.00,78,10.9,14.7,0.00,0.00,0.00,0,5,0,0,5,1.8,24,37,6.3,4.0,0,0.00,1022.1,1007.9
2025-07-10T02:00,13.4,0.00,83,10.6,13.4,0.00,0.00,0.00,0,0,0,0,0,0.8,294,117,1.8,1.8,0,0.00,1022.2,1007.9
2025-07-10T03:00,12.6,0.00,85,10.2,12.4,0.00,0.00,0.00,0,0,0,0,0,1.7,346,108,0.7,3.2,0,0.00,1022.1,1007.8
2025-07-10T04:00,12.1,0.00,86,9.8,11.7,0.00,0.00,0.00,0,0,0,0,0,2.2,59,104,1.0,5.0,0,0.00,1022.1,1007.8
2025-07-10T05:00,12.0,0.00,85,9.5,11.5,0.00,0.00,0.00,0,5,5,0,0,2.1,108,105,0.6,5.0,1,0.00,1022.2,1007.9
2025-07-10T06:00,13.0,0.00,84,10.4,12.6,0.00,0.00,0.00,0,3,3,0,0,3.1,196,118,1.3,6.5,1,3153.07,1022.1,1007.8
2025-07-10T07:00,15.2,0.00,78,11.4,15.5,0.00,0.00,0.00,0,17,17,0,0,1.0,180,135,0.4,7.6,1,3600.00,1022.2,1008.0
2025-07-10T08:00,17.3,0.00,72,12.3,17.8,0.00,0.00,0.00,0,1,1,0,0,1.3,299,278,1.9,9.4,1,3600.00,1022.5,1008.4
2025-07-10T09:00,19.3,0.00,65,12.5,19.6,0.00,0.00,0.00,0,2,2,0,0,3.1,300,291,4.0,13.7,1,3600.00,1022.4,1008.4
2025-07-10T10:00,21.0,0.00,56,12.0,21.7,0.00,0.00,0.00,1,31,0,0,31,4.3,324,318,5.5,16.2,1,3600.00,1022.2,1008.3
2025-07-10T11:00,21.9,0.00,50,11.1,21.7,0.00,0.00,0.00,2,69,0,28,68,7.1,330,330,9.4,20.9,1,3600.00,1021.9,1008.1
2025-07-10T12:00,22.2,0.00,49,11.1,21.4,0.00,0.00,0.00,2,51,0,0,51,7.6,326,326,10.2,22.3,1,3600.00,1021.7,1007.9
2025-07-10T13:00,23.0,0.00,46,10.9,23.2,0.00,0.00,0.00,1,24,19,0,6,7.3,317,314,9.7,22.3,1,3600.00,1021.3,1007.5
2025-07-10T14:00,23.9,0.00,41,9.8,23.6,0.00,0.00,0.00,0,8,7,1,0,8.4,316,315,11.3,24.1,1,3600.00,1020.9,1007.2
2025-07-10T15:00,24.5,0.00,36,8.3,24.0,0.00,0.00,0.00,0,8,7,0,0,8.1,323,321,11.1,24.5,1,3600.00,1020.6,1006.9
2025-07-10T16:00,24.7,0.00,35,8.4,23.7,0.00,0.00,0.00,0,0,0,0,0,9.1,338,339,12.8,24.1,1,3600.00,1020.1,1006.4
2025-07-10T17:00,24.4,0.00,35,7.8,22.2,0.00,0.00,0.00,0,2,1,1,0,11.1,341,340,15.8,27.4,1,3600.00,1019.8,1006.1
2025-07-10T18:00,24.6,0.00,34,7.5,23.5,0.00,0.00,0.00,2,56,1,56,0,2.6,232,205,3.0,26.3,1,3600.00,1019.1,1005.4
2025-07-10T19:00,23.4,0.00,47,11.6,23.4,0.00,0.00,0.00,1,46,27,26,0,3.7,161,157,6.5,10.4,1,3600.00,1019.0,1005.3
2025-07-10T20:00,21.8,0.00,60,13.7,22.5,0.00,0.00,0.00,2,62,54,18,4,3.1,1,7,8.6,7.2,1,3217.98,1019.2,1005.4
2025-07-10T21:00,20.2,0.00,61,12.5,19.7,0.00,0.00,0.00,2,51,26,18,21,8.1,352,356,18.6,15.8,0,0.00,1019.7,1005.8
2025-07-10T22:00,18.9,0.00,67,12.6,18.7,0.00,0.00,0.00,1,41,30,16,2,6.9,16,23,15.9,16.9,0,0.00,1019.8,1005.8
2025-07-10T23:00,17.7,0.00,72,12.6,17.7,0.00,0.00,0.00,2,71,62,24,9,5.7,41,41,15.4,13.7,0,0.00,1019.7,1005.7
2025-07-11T00:00,17.2,0.00,75,12.7,17.3,0.00,0.00,0.00,2,58,48,18,13,4.7,40,40,14.1,11.5,0,0.00,1019.5,1005.5
2025-07-11T01:00,16.6,0.00,77,12.6,16.8,0.00,0.00,0.00,1,39,30,6,9,4.3,49,62,12.2,9.7,0,0.00,1019.3,1005.2
2025-07-11T02:00,15.6,0.00,78,11.8,15.4,0.00,0.00,0.00,1,21,0,21,0,4.8,30,48,11.2,10.1,0,0.00,1019.1,1005.0
2025-07-11T03:00,15.0,0.00,81,11.7,14.9,0.00,0.00,0.00,1,28,0,22,7,4.6,13,42,9.6,9.7,0,0.00,1018.9,1004.8
2025-07-11T04:00,15.0,0.00,80,11.6,14.6,0.00,0.00,0.00,1,29,0,27,3,5.8,9,34,12.0,11.5,0,0.00,1018.7,1004.6
2025-07-11T05:00,15.1,0.00,80,11.6,14.7,0.00,0.00,0.00,2,73,0,73,0,5.5,11,32,12.5,11.5,1,0.00,1018.6,1004.5
2025-07-11T06:00,16.5,0.00,75,12.0,16.1,0.00,0.00,0.00,1,22,1,21,2,6.5,8,19,13.1,11.9,1,1636.44,1018.4,1004.3
2025-07-11T07:00,18.5,0.00,69,12.7,18.7,0.00,0.00,0.00,1,26,0,24,7,4.4,7,339,13.1,13.0,1,3600.00,1018.5,1004.5
2025-07-11T08:00,20.0,0.10,65,13.2,20.1,0.10,0.00,0.00,51,47,0,36,34,6.5,344,337,9.3,17.6,1,3600.00,1018.7,1004.8
2025-07-11T09:00,20.9,0.10,62,13.3,20.3,0.10,0.00,0.00,51,42,0,19,33,10.7,333,331,14.9,26.3,1,3600.00,1018.3,1004.5
2025-07-11T10:00,20.7,0.00,63,13.3,19.9,0.00,0.00,0.00,2,50,0,44,34,13.0,335,334,18.4,32.0,1,3600.00,1018.3,1004.4
2025-07-11T11:00,21.4,0.00,61,13.6,20.6,0.00,0.00,0.00,0,9,0,0,9,13.6,338,337,19.0,33.8,1,3600.00,1017.9,1004.1
2025-07-11T12:00,22.9,0.00,54,13.2,23.1,0.00,0.00,0.00,0,11,0,8,4,12.4,340,338,17.3,35.3,1,3600.00,1017.3,1003.6
2025-07-11T13:00,23.9,0.00,50,12.8,24.1,0.00,0.00,0.00,2,61,55,9,7,13.3,337,335,18.4,34.2,1,3600.00,1016.8,1003.1
2025-07-11T14:00,24.1,0.00,49,12.7,24.5,0.00,0.00,0.00,3,100,100,8,3,13.1,341,339,18.3,34.2,1,3600.00,1016.9,1003.2
2025-07-11T15:00,24.2,0.00,47,12.2,23.5,0.00,0.00,0.00,1,39,28,9,6,14.7,345,343,20.5,36.7,1,3600.00,1016.6,1002.9
2025-07-11T16:00,24.7,0.00,43,11.4,23.5,0.00,0.00,0.00,0,8,0,5,5,13.7,352,351,19.4,36.4,1,3600.00,1016.1,1002.5
2025-07-11T17:00,24.6,0.00,42,10.9,22.7,0.00,0.00,0.00,0,5,0,3,2,14.6,357,356,21.1,34.9,1,3600.00,1016.0,1002.4
2025-07-11T18:00,24.4,0.00,39,9.6,22.5,0.00,0.00,0.00,0,5,0,4,1,11.9,356,357,17.7,34.6,1,3600.00,1015.6,1001.9
2025-07-11T19:00,23.4,0.00,41,9.5,21.8,0.00,0.00,0.00,0,7,3,0,4,10.4,34,36,16.6,27.4,1,3600.00,1015.5,1001.8
2025-07-11T20:00,21.1,0.00,49,10.1,19.7,0.00,0.00,0.00,0,13,0,13,8,10.2,50,49,19.4,22.3,1,3180.04,1015.6,1001.8
2025-07-11T21:00,19.6,0.00,54,10.1,18.5,0.00,0.00,0.00,1,46,45,0,3,7.6,49,47,17.7,20.5,0,0.00,1016.1,1002.2
2025-07-11T22:00,18.6,0.00,58,10.2,17.6,0.00,0.00,0.00,1,21,0,0,21,7.0,45,50,16.7,15.5,0,0.00,1016.3,1002.4
2025-07-11T23:00,18.0,0.00,61,10.3,17.2,0.00,0.00,0.00,3,100,100,0,0,5.7,35,44,15.1,14.4,0,0.00,1016.2,1002.2
2025-07-12T00:00,16.9,0.00,68,10.8,16.5,0.00,0.00,0.00,3,99,99,0,3,4.0,38,54,11.0,11.9,0,0.00,1016.0,1002.0
2025-07-12T01:00,15.9,0.00,74,11.3,15.9,0.00,0.00,0.00,3,100,100,0,1,2.7,2,37,6.5,8.6,0,0.00,1015.8,1001.8
2025-07-12T02:00,15.6,0.00,77,11.5,15.5,0.00,0.00,0.00,3,98,98,15,2,3.6,338,30,9.3,7.6,0,0.00,1015.5,1001.4
2025-07-12T03:00,15.1,0.00,78,11.3,14.9,0.00,0.00,0.00,3,100,100,18,4,3.6,356,30,9.6,7.6,0,0.00,1015.3,1001.2
2025-07-12T04:00,15.1,0.00,78,11.3,14.9,0.00,0.00,0.00,3,100,100,92,7,3.8,345,352,10.8,7.6,0,0.00,1015.1,1001.0
2025-07-12T05:00,15.5,0.00,79,11.8,15.5,0.00,0.00,0.00,3,99,98,29,28,3.8,348,360,11.1,9.7,1,0.00,1014.9,1000.8
2025-07-12T06:00,16.1,0.00,78,12.2,16.0,0.00,0.00,0.00,3,97,95,43,5,4.9,349,6,10.6,9.4,1,0.00,1014.8,1000.8
2025-07-12T07:00,17.6,0.00,73,12.8,17.9,0.00,0.00,0.00,1,43,39,4,2,3.9,339,323,9.2,11.5,1,2365.63,1014.6,1000.6
2025-07-12T08:00,19.5,0.00,67,13.3,19.7,0.00,0.00,0.00,3,100,100,1,7,6.2,336,330,8.9,18.4,1,3600.00,1014.6,1000.7
2025-07-12T09:00,20.7,0.00,64,13.6,21.0,0.00,0.00,0.00,0,3,0,0,3,5.9,305,301,7.9,18.7,1,3600.00,1014.1,1000.3
2025-07-12T10:00,22.0,0.00,57,13.1,22.2,0.00,0.00,0.00,1,30,7,15,18,8.4,301,301,11.3,24.5,1,3600.00,1013.8,1000.1
2025-07-12T11:00,22.9,0.00,52,12.4,23.0,0.00,0.00,0.00,1,22,9,7,11,8.2,303,303,11.2,24.8,1,3600.00,1013.5,999.8
2025-07-12T12:00,24.0,0.00,43,10.6,24.2,0.00,0.00,0.00,0,19,16,1,2,8.6,312,311,11.6,25.9,1,3600.00,1013.0,999.4
2025-07-12T13:00,25.4,0.00,35,8.6,25.6,0.00,0.00,0.00,3,99,99,6,0,8.7,311,312,11.7,25.9,1,3600.00,1012.6,999.0
2025-07-12T14:00,25.8,0.00,34,8.9,24.7,0.00,0.00,0.00,3,100,100,100,3,10.8,312,313,14.9,29.2,1,3600.00,1012.3,998.8
2025-07-12T15:00,24.9,0.00,39,9.8,22.9,0.00,0.00,0.00,3,100,99,48,1,13.4,345,345,18.6,32.4,1,917.58,1012.1,998.5
2025-07-12T16:00,25.1,0.00,37,9.4,23.5,0.00,0.00,0.00,3,100,100,33,0,9.5,337,338,13.7,32.8,1,1703.86,1011.9,998.3
2025-07-12T17:00,25.9,0.00,35,9.3,24.4,0.00,0.00,0.00,3,100,100,31,0,8.9,311,312,12.9,23.8,1,3600.00,1011.3,997.8
2025-07-12T18:00,25.4,0.00,36,9.3,23.8,0.00,0.00,0.00,3,99,92,87,1,10.1,334,333,14.7,23.0,1,3600.00,1010.8,997.3
2025-07-12T19:00,24.4,0.00,40,9.8,22.9,0.00,0.00,0.00,0,14,7,8,0,9.6,339,340,16.7,23.8,1,2300.95,1010.7,997.1
2025-07-12T20:00,22.6,0.00,46,10.4,21.3,0.00,0.00,0.00,0,8,0,8,1,9.8,356,355,20.0,19.8,1,3139.71,1010.7,997.0
2025-07-12T21:00,20.7,0.00,57,11.8,20.4,0.00,0.00,0.00,0,2,0,2,0,5.7,6,13,15.0,19.8,0,0.00,1011.2,997.4
2025-07-12T22:00,19.6,0.00,68,13.5,20.2,0.00,0.00,0.00,0,5,0,5,0,3.3,351,9,10.2,11.2,0,0.00,1011.6,997.8
2025-07-12T23:00,19.3,0.00,68,13.3,20.2,0.00,0.00,0.00,1,21,0,21,0,1.4,312,293,6.8,6.5,0,0.00,1011.8,998.0
2025-07-13T00:00,19.0,0.00,69,13.2,19.9,0.00,0.00,0.00,1,22,0,21,1,1.1,297,342,6.0,3.6,0,0.00,1011.7,997.9
2025-07-13T01:00,18.5,0.00,70,12.9,19.1,0.00,0.00,0.00,0,13,6,7,0,1.9,299,343,8.6,4.3,0,0.00,1011.3,997.4
2025-07-13T02:00,17.6,0.00,70,12.0,17.9,0.00,0.00,0.00,3,91,87,37,0,2.2,234,114,1.5,5.4,0,0.00,1011.3,997.4
2025-07-13T03:00,17.0,0.00,75,12.4,17.6,0.00,0.00,0.00,3,85,14,82,0,0.9,280,90,2.0,5.4,0,0.00,1011.2,997.3
2025-07-13T04:00,17.2,0.00,74,12.4,17.8,0.00,0.00,0.00,2,58,31,43,0,0.8,319,45,3.8,2.5,0,0.00,1011.0,997.1
2025-07-13T05:00,16.5,0.00,75,12.2,17.1,0.00,0.00,0.00,2,70,6,69,0,0.7,341,76,3.2,4.0,1,0.00,1011.1,997.1
2025-07-13T06:00,17.4,0.00,72,12.2,17.4,0.00,0.00,0.00,1,43,9,37,0,4.6,216,162,4.9,7.6,1,340.77,1011.4,997.5
2025-07-13T07:00,19.1,0.00,66,12.7,19.4,0.00,0.00,0.00,1,41,26,21,0,3.7,191,157,6.4,11.5,1,3600.00,1011.5,997.7
2025-07-13T08:00,21.2,0.00,58,12.6,21.8,0.00,0.00,0.00,3,80,76,19,0,1.5,228,225,2.2,11.5,1,3600.00,1011.5,997.8
2025-07-13T09:00,23.0,0.00,51,12.3,23.2,0.00,0.00,0.00,3,92,90,20,0,3.3,258,257,4.4,14.8,1,3600.00,1011.5,997.8
2025-07-13T10:00,24.7,0.00,44,11.7,24.6,0.00,0.00,0.00,2,79,78,4,0,6.6,245,244,8.9,21.2,1,3600.00,1011.3,997.7
2025-07-13T11:00,26.0,0.00,39,11.0,26.1,0.00,0.00,0.00,1,47,42,8,1,8.6,250,250,11.8,26.3,1,3600.00,1011.4,997.9
2025-07-13T12:00,27.4,0.00,35,10.7,28.2,0.00,0.00,0.00,0,9,2,7,1,6.7,255,256,9.5,29.5,1,3600.00,1010.8,997.3
2025-07-13T13:00,28.6,0.00,32,10.2,29.0,0.00,0.00,0.00,1,42,0,41,3,8.3,269,271,11.2,26.6,1,3600.00,1010.4,997.0
2025-07-13T14:00,28.3,0.00,34,10.9,28.6,0.00,0.00,0.00,1,46,6,42,0,6.9,302,307,9.3,22.0,1,3600.00,1010.3,996.9
2025-07-13T15:00,28.7,0.00,30,9.3,28.1,0.00,0.00,0.00,2,67,54,28,0,7.3,327,335,9.9,24.5,1,3600.00,1010.1,996.7
2025-07-13T16:00,29.5,0.00,26,8.3,28.1,0.00,0.00,0.00,1,42,25,23,0,7.4,339,347,9.6,22.7,1,3600.00,1009.7,996.4
2025-07-13T17:00,29.9,0.00,25,7.9,28.2,0.00,0.00,0.00,1,21,0,21,0,7.7,326,330,10.4,21.6,1,3600.00,1009.2,995.9
2025-07-13T18:00,29.5,0.00,25,7.4,27.7,0.00,0.00,0.00,3,81,0,81,0,8.0,292,293,11.5,21.2,1,3600.00,1009.2,995.9
2025-07-13T19:00,28.2,0.00,34,10.8,28.0,0.00,0.00,0.00,1,35,0,35,0,3.1,254,249,7.9,19.1,1,3600.00,1009.6,996.2
2025-07-13T20:00,26.6,0.00,37,10.9,25.9,0.00,0.00,0.00,1,34,0,34,0,6.9,240,237,16.0,14.4,1,3097.02,1010.3,996.8
2025-07-13T21:00,24.3,0.00,45,11.5,24.1,0.00,0.00,0.00,0,4,0,4,0,4.4,320,322,10.1,14.4,0,0.00,1011.2,997.6
2025-07-13T22:00,22.7,0.00,55,13.2,23.2,0.00,0.00,0.00,0,6,0,6,0,3.2,51,74,8.8,8.6,0,0.00,1011.8,998.1
2025-07-13T23:00,21.8,0.00,54,12.0,21.7,0.00,0.00,0.00,0,15,0,15,0,4.4,157,117,8.0,9.0,0,0.00,1012.0,998.3
2025-07-14T00:00,20.7,0.00,61,12.8,20.9,0.00,0.00,0.00,0,2,0,2,0,4.8,201,155,14.8,9.4,0,0.00,1012.4,998.6
2025-07-14T01:00,21.0,0.00,67,14.6,21.3,0.00,0.00,0.00,0,0,0,0,0,7.9,222,201,19.7,15.5,0,0.00,1012.5,998.7
2025-07-14T02:00,18.8,0.00,72,13.6,18.9,0.00,0.00,0.00,0,9,0,9,0,7.2,222,199,18.1,15.1,0,0.00,1012.7,998.8
2025-07-14T03:00,18.1,0.00,77,14.1,18.7,0.00,0.00,0.00,1,33,33,0,0,5.4,232,222,15.8,14.4,0,0.00,1012.9,999.0
2025-07-14T04:00,17.0,0.00,83,14.0,17.8,0.00,0.00,0.00,1,22,22,0,0,3.5,239,204,11.4,11.5,0,0.00,1013.1,999.1
2025-07-14T05:00,17.2,0.00,81,13.9,17.8,0.00,0.00,0.00,3,92,91,11,0,4.9,223,172,11.3,9.7,1,0.00,1013.9,999.9
2025-07-14T06:00,18.4,0.00,75,13.8,18.4,0.00,0.00,0.00,3,97,96,16,0,7.7,207,177,16.5,15.8,1,0.00,1014.4,1000.5
2025-07-14T07:00,20.3,0.00,71,14.8,20.3,0.00,0.00,0.00,3,99,99,19,0,10.8,215,195,27.2,22.0,1,1671.02,1014.9,1001.1
2025-07-14T08:00,22.1,0.00,69,16.0,22.3,0.00,0.00,0.00,3,100,100,48,0,12.8,217,211,22.8,29.5,1,1388.73,1015.4,1001.6
2025-07-14T09:00,23.1,0.00,64,15.9,22.2,0.00,0.00,0.00,3,100,100,76,1,19.9,229,228,30.1,42.5,1,1829.73,1015.7,1002.0
2025-07-14T10:00,22.3,0.20,72,17.0,22.9,0.20,0.00,0.00,51,98,95,56,10,12.7,226,223,19.3,46.4,1,2461.48,1016.3,1002.5
2025-07-14T11:00,25.0,0.00,58,16.3,24.7,0.00,0.00,0.00,3,100,98,5,71,16.9,242,241,24.9,42.1,1,3600.00,1016.1,1002.5
2025-07-14T12:00,26.5,0.00,52,16.0,26.5,0.00,0.00,0.00,3,100,56,90,100,19.5,249,247,28.0,46.8,1,3600.00,1015.8,1002.2
2025-07-14T13:00,22.1,1.70,77,17.9,22.2,1.70,0.00,0.00,61,98,92,57,41,18.8,232,229,30.1,47.2,1,884.42,1016.5,1002.7
2025-07-14T14:00,19.9,2.10,94,18.9,21.0,2.10,0.00,0.00,61,100,99,85,38,15.3,237,238,25.5,31.3,1,0.00,1018.1,1004.2
2025-07-14T15:00,21.3,1.10,91,19.8,23.4,1.10,0.00,0.00,55,100,100,85,5,11.1,247,247,17.6,34.9,1,0.00,1017.8,1004.0
2025-07-14T16:00,22.2,0.30,84,19.3,24.8,0.30,0.00,0.00,51,31,19,20,4,5.9,248,247,9.3,25.2,1,0.00,1017.7,1003.9
2025-07-14T17:00,23.9,0.00,72,18.6,25.9,0.00,0.00,0.00,0,15,9,6,1,8.0,250,252,11.7,24.1,1,3600.00,1017.2,1003.5
2025-07-14T18:00,22.0,0.50,80,18.4,22.9,0.50,0.00,0.00,53,97,88,70,12,15.2,276,280,24.2,30.6,1,3600.00,1017.7,1003.9
2025-07-14T19:00,20.2,0.10,88,18.1,22.8,0.10,0.00,0.00,51,11,9,2,0,2.5,294,352,8.9,32.8,1,751.68,1017.6,1003.7
2025-07-14T20:00,19.6,0.00,95,18.7,22.4,0.00,0.00,0.00,0,6,2,5,0,2.8,216,105,4.0,7.2,1,3052.02,1017.7,1003.8
2025-07-14T21:00,19.2,0.00,90,17.6,21.4,0.00,0.00,0.00,0,18,0,17,4,3.5,213,118,9.2,7.6,0,0.00,1018.0,1004.1
2025-07-14T22:00,19.8,0.00,84,17.1,21.4,0.00,0.00,0.00,1,21,0,14,11,6.0,200,151,13.2,11.2,0,0.00,1018.4,1004.5
2025-07-14T23:00,19.3,0.40,87,17.0,20.9,0.40,0.00,0.00,51,90,87,11,12,5.6,217,184,15.7,15.1,0,0.00,1018.5,1004.6
2025-07-15T00:00,18.9,0.00,89,17.0,20.7,0.00,0.00,0.00,0,11,0,8,7,5.0,218,182,14.5,13.7,0,0.00,1018.3,1004.4
2025-07-15T01:00,18.7,0.00,90,17.0,20.4,0.00,0.00,0.00,0,11,0,9,8,5.4,219,184,15.6,11.2,0,0.00,1018.2,1004.3
2025-07-15T02:00,18.6,0.10,89,16.8,20.7,0.10,0.00,0.00,51,49,1,44,9,2.2,269,305,9.7,13.0,0,0.00,1018.7,1004.7
2025-07-15T03:00,18.5,0.10,89,16.6,20.5,0.10,0.00,0.00,51,34,26,9,8,2.2,214,114,4.8,6.1,0,0.00,1018.3,1004.3
2025-07-15T04:00,17.9,0.00,91,16.3,19.1,0.00,0.00,0.00,0,19,10,2,10,6.2,189,144,12.6,11.9,0,0.00,1018.0,1004.0
2025-07-15T05:00,17.4,0.00,93,16.2,18.2,0.00,0.00,0.00,2,70,65,60,0,9.4,197,169,19.2,18.0,1,0.00,1018.1,1004.1
2025-07-15T06:00,17.9,0.00,90,16.3,18.7,0.00,0.00,0.00,3,81,17,81,0,9.8,210,194,19.3,20.2,1,2868.83,1018.1,1004.1
2025-07-15T07:00,19.0,0.00,87,16.8,20.3,0.00,0.00,0.00,0,19,0,18,8,6.9,226,208,16.8,19.8,1,3600.00,1018.4,1004.5
2025-07-15T08:00,20.5,0.10,79,16.6,21.8,0.10,0.00,0.00,51,21,1,20,2,6.5,264,262,9.6,17.6,1,3600.00,1018.5,1004.6
2025-07-15T09:00,21.4,0.00,75,16.7,22.8,0.00,0.00,0.00,1,20,2,15,10,6.7,307,304,9.6,19.4,1,3600.00,1018.7,1004.9
2025-07-15T10:00,22.5,0.00,70,16.9,24.3,0.00,0.00,0.00,1,24,4,19,2,5.9,282,282,8.1,27.0,1,3600.00,1018.5,1004.7
2025-07-15T11:00,23.4,0.20,67,17.0,25.5,0.20,0.00,0.00,51,100,23,100,100,7.9,263,266,11.1,27.7,1,3600.00,1018.1,1004.4
2025-07-15T12:00,21.0,0.30,75,16.3,20.9,0.30,0.00,0.00,51,55,31,32,12,15.2,264,260,22.8,35.6,1,3600.00,1018.3,1004.5
2025-07-15T13:00,23.0,0.00,62,15.4,23.7,0.00,0.00,0.00,3,100,100,11,84,12.4,303,306,17.8,36.0,1,3600.00,1017.7,1004.0
2025-07-15T14:00,22.6,0.10,67,16.3,24.3,0.10,0.00,0.00,51,100,100,38,53,6.9,329,332,9.7,27.7,1,3600.00,1018.3,1004.5
2025-07-15T15:00,23.4,0.10,56,14.0,22.9,0.10,0.00,0.00,51,100,100,24,28,11.8,292,293,16.7,30.2,1,3600.00,1017.8,1004.1
2025-07-15T16:00,23.2,0.00,51,12.7,22.6,0.00,0.00,0.00,3,100,100,12,11,10.2,307,309,14.9,31.7,1,2358.76,1017.7,1004.0
2025-07-15T17:00,23.2,0.00,50,12.3,22.5,0.00,0.00,0.00,3,100,100,21,8,9.9,317,318,14.7,23.8,1,3248.99,1017.3,1003.6
2025-07-15T18:00,22.5,0.00,55,13.1,22.3,0.00,0.00,0.00,3,100,99,26,9,8.0,316,314,14.1,22.0,1,3600.00,1017.5,1003.7
2025-07-15T19:00,21.7,0.00,60,13.7,22.1,0.00,0.00,0.00,3,100,100,12,5,5.6,303,301,13.4,17.3,1,1088.13,1017.6,1003.8
2025-07-15T20:00,20.7,0.00,63,13.4,20.8,0.00,0.00,0.00,3,96,96,18,8,6.3,294,288,16.4,13.3,1,884.23,1017.8,1003.9
2025-07-15T21:00,19.7,0.00,65,12.9,19.6,0.00,0.00,0.00,3,100,100,38,12,6.8,287,282,18.2,14.4,0,0.00,1018.4,1004.5
2025-07-15T22:00,19.5,0.00,64,12.5,19.1,0.00,0.00,0.00,3,100,100,76,6,7.9,291,287,19.3,16.9,0,0.00,1018.7,1004.8
2025-07-15T23:00,18.7,0.00,66,12.3,18.5,0.00,0.00,0.00,3,100,100,100,1,5.8,299,296,16.3,17.3,0,0.00,1019.1,1005.1
2025-07-16T00:00,18.3,0.00,71,12.9,18.7,0.00,0.00,0.00,3,100,99,100,0,3.5,301,294,11.1,12.6,0,0.00,1018.9,1004.9
2025-07-16T01:00,18.1,0.00,72,12.9,18.7,0.00,0.00,0.00,3,100,94,97,0,1.9,273,214,6.7,7.9,0,0.00,1018.5,1004.5
2025-07-16T02:00,17.3,0.00,72,12.3,17.3,0.00,0.00,0.00,3,95,93,30,9,4.7,241,203,12.3,10.1,0,0.00,1018.2,1004.2
2025-07-16T03:00,16.5,0.00,74,11.9,16.1,0.00,0.00,0.00,3,100,100,55,9,6.4,219,190,15.2,13.0,0,0.00,1017.9,1003.8
2025-07-16T04:00,16.3,0.00,75,11.8,15.9,0.00,0.00,0.00,3,100,100,69,7,6.8,208,178,16.9,14.0,0,0.00,1017.2,1003.2
2025-07-16T05:00,16.5,0.00,76,12.2,15.9,0.00,0.00,0.00,3,100,93,94,6,8.6,209,195,19.3,17.6,1,0.00,1017.1,1003.1
2025-07-16T06:00,16.9,0.00,75,12.3,16.4,0.00,0.00,0.00,3,100,100,98,8,8.3,219,204,18.4,19.4,1,0.00,1016.7,1002.7
2025-07-16T07:00,17.2,0.10,71,12.0,16.1,0.10,0.00,0.00,51,100,95,100,0,11.8,227,220,22.0,25.2,1,0.00,1016.8,1002.8
2025-07-16T08:00,16.7,0.30,77,12.5,15.7,0.30,0.00,0.00,51,99,86,90,4,12.2,242,236,22.1,26.3,1,0.00,1017.0,1003.0
2025-07-16T09:00,17.8,0.00,73,12.9,16.8,0.00,0.00,0.00,1,44,2,24,29,13.0,229,226,19.8,29.9,1,2375.74,1016.9,1002.9
2025-07-16T10:00,19.9,0.20,66,13.3,18.8,0.20,0.00,0.00,51,47,0,42,14,16.5,234,234,24.4,36.7,1,3600.00,1016.3,1002.4
2025-07-16T11:00,20.4,0.00,62,12.8,18.4,0.00,0.00,0.00,2,71,0,65,43,19.3,241,242,28.8,47.2,1,3600.00,1015.8,1002.0
2025-07-16T12:00,21.2,0.00,61,13.5,19.7,0.00,0.00,0.00,1,39,0,27,21,18.4,242,242,27.2,47.5,1,3600.00,1015.2,1001.4
2025-07-16T13:00,19.8,1.40,70,14.2,18.3,1.40,0.00,0.00,61,83,10,77,20,24.1,243,244,35.5,52.6,1,3600.00,1014.8,1000.9
2025-07-16T14:00,18.6,0.60,76,14.3,17.5,0.60,0.00,0.00,53,92,0,86,44,17.4,233,232,26.9,40.0,1,2348.64,1015.0,1001.1
2025-07-16T15:00,19.3,0.10,79,15.5,19.5,0.10,0.00,0.00,51,23,0,16,9,11.2,261,259,16.8,40.0,1,2694.61,1014.2,1000.3
2025-07-16T16:00,20.0,0.10,76,15.7,19.7,0.10,0.00,0.00,51,50,0,22,39,15.2,255,253,22.7,38.5,1,3600.00,1013.8,1000.0
2025-07-16T17:00,21.4,0.10,70,15.6,20.9,0.10,0.00,0.00,51,100,2,56,100,16.3,257,256,23.8,43.2,1,3600.00,1013.2,999.4
2025-07-16T18:00,17.8,9.10,85,15.3,17.6,9.10,0.00,0.00,65,40,0,38,7,13.5,253,247,24.5,44.6,1,3600.00,1013.7,999.8
2025-07-16T19:00,18.6,0.30,81,15.3,18.5,0.30,0.00,0.00,51,50,0,49,11,12.6,266,256,22.5,30.2,1,3600.00,1014.2,1000.3
2025-07-16T20:00,17.9,0.00,74,13.1,17.1,0.00,0.00,0.00,1,28,0,23,13,12.2,345,340,24.3,24.5,1,1976.51,1014.7,1000.8
2025-07-16T21:00,16.7,0.00,76,12.3,16.1,0.00,0.00,0.00,3,100,0,100,8,8.6,336,329,18.9,25.6,0,0.00,1015.7,1001.7
2025-07-16T22:00,16.6,0.00,79,12.9,16.6,0.00,0.00,0.00,1,41,0,40,6,6.0,313,297,14.5,18.0,0,0.00,1016.1,1002.1
2025-07-16T23:00,15.9,0.00,83,13.0,16.2,0.00,0.00,0.00,1,40,0,35,18,4.1,307,283,11.3,13.3,0,0.00,1016.4,1002.3
2025-07-17T00:00,15.5,0.00,86,13.1,16.0,0.00,0.00,0.00,1,46,0,28,34,3.2,281,251,8.8,9.0,0,0.00,1016.7,1002.6
2025-07-17T01:00,15.3,0.00,88,13.3,15.9,0.00,0.00,0.00,1,21,0,10,17,3.0,279,253,8.8,7.6,0,0.00,1016.8,1002.7
2025-07-17T02:00,13.9,0.00,91,12.5,14.1,0.00,0.00,0.00,1,42,0,22,27,4.3,262,253,12.9,9.7,0,0.00,1017.3,1003.1
2025-07-17T03:00,14.1,0.10,91,12.7,14.4,0.10,0.00,0.00,51,46,0,35,20,4.1,303,311,12.6,9.0,0,0.00,1017.4,1003.2
2025-07-17T04:00,14.4,0.00,89,12.6,14.5,0.00,0.00,0.00,1,30,0,0,30,4.9,303,298,14.0,10.4,0,0.00,1017.3,1003.2
2025-07-17T05:00,14.1,0.00,88,12.1,13.8,0.00,0.00,0.00,0,3,0,0,3,5.9,307,305,15.9,12.6,1,0.00,1017.7,1003.5
2025-07-17T06:00,14.7,0.00,87,12.6,14.6,0.00,0.00,0.00,0,2,0,0,2,6.0,301,291,13.5,12.2,1,2751.82,1017.8,1003.7
2025-07-17T07:00,15.8,0.00,85,13.2,16.1,0.00,0.00,0.00,1,25,0,0,25,5.0,298,289,8.4,13.3,1,3600.00,1018.3,1004.2
2025-07-17T08:00,16.9,0.00,80,13.4,16.8,0.00,0.00,0.00,2,66,0,0,66,8.4,304,304,11.8,20.5,1,3600.00,1018.7,1004.7
2025-07-17T09:00,17.8,0.10,75,13.3,17.7,0.10,0.00,0.00,51,90,0,0,90,7.7,293,294,10.6,21.6,1,3600.00,1018.7,1004.7
2025-07-17T10:00,18.9,0.10,69,13.1,18.6,0.10,0.00,0.00,51,78,0,0,78,8.9,284,283,12.2,23.0,1,3600.00,1018.8,1004.9
2025-07-17T11:00,19.5,0.00,66,13.0,19.2,0.00,0.00,0.00,2,58,0,0,58,8.7,279,278,12.0,23.4,1,3600.00,1018.7,1004.8
2025-07-17T12:00,21.0,0.00,58,12.5,20.9,0.00,0.00,0.00,2,55,0,0,55,9.1,279,278,12.8,24.1,1,3600.00,1018.1,1004.3
2025-07-17T13:00,22.0,0.00,53,12.0,21.7,0.00,0.00,0.00,2,78,0,39,78,8.4,297,298,11.8,24.1,1,3600.00,1017.6,1003.8
2025-07-17T14:00,22.4,0.00,53,12.3,22.3,0.00,0.00,0.00,2,51,0,31,49,8.5,282,282,12.0,23.0,1,3600.00,1017.6,1003.8
2025-07-17T15:00,23.0,0.00,49,11.8,22.5,0.00,0.00,0.00,3,89,0,88,88,7.4,291,293,10.4,22.3,1,3600.00,1017.1,1003.4
2025-07-17T16:00,23.3,0.00,48,11.8,22.7,0.00,0.00,0.00,3,86,0,86,16,7.7,301,303,10.7,18.7,1,3600.00,1016.7,1003.0
2025-07-17T17:00,23.2,0.00,50,12.4,23.1,0.00,0.00,0.00,1,47,0,46,4,6.0,325,335,8.8,19.1,1,3534.61,1016.5,1002.8
2025-07-17T18:00,23.5,0.00,52,13.1,23.8,0.00,0.00,0.00,0,5,0,4,3,4.1,346,360,6.1,14.0,1,3600.00,1016.1,1002.4
2025-07-17T19:00,22.4,0.00,64,15.3,23.5,0.00,0.00,0.00,0,10,0,9,4,4.3,56,73,7.6,9.4,1,3600.00,1016.1,1002.4
2025-07-17T20:00,20.4,0.00,76,16.0,21.8,0.00,0.00,0.00,1,27,0,26,8,4.3,137,118,7.6,8.6,1,2903.56,1015.9,1002.1
2025-07-17T21:00,19.2,0.00,76,15.0,20.1,0.00,0.00,0.00,0,11,0,9,10,5.5,195,163,13.1,9.7,0,0.00,1016.1,1002.2
2025-07-17T22:00,18.5,0.00,72,13.5,18.8,0.00,0.00,0.00,1,24,0,22,21,5.8,230,200,17.2,13.3,0,0.00,1016.2,1002.3
2025-07-17T23:00,18.1,0.00,72,13.1,19.1,0.00,0.00,0.00,0,7,0,0,7,0.2,300,90,3.6,11.2,0,0.00,1016.4,1002.4
2025-07-18T00:00,16.8,0.00,79,13.0,17.2,0.00,0.00,0.00,0,13,0,13,4,3.7,63,76,9.9,6.8,0,0.00,1016.3,1002.3
2025-07-18T01:00,15.7,0.00,83,12.9,16.1,0.00,0.00,0.00,0,0,0,0,0,3.5,81,102,8.4,7.6,0,0.00,1016.2,1002.1
2025-07-18T02:00,15.0,0.00,86,12.6,15.1,0.00,0.00,0.00,0,2,2,0,0,4.9,168,152,7.0,9.0,0,0.00,1016.2,1002.1
2025-07-18T03:00,14.1,0.00,89,12.3,14.3,0.00,0.00,0.00,0,4,4,0,0,3.4,182,115,6.8,8.6,0,0.00,1015.9,1001.8
2025-07-18T04:00,14.1,0.00,88,12.2,14.0,0.00,0.00,0.00,0,5,5,0,0,5.4,156,110,8.1,9.7,0,0.00,1015.6,1001.5
2025-07-18T05:00,13.6,0.00,89,11.9,13.5,0.00,0.00,0.00,0,10,10,0,0,4.6,148,103,7.8,10.8,1,0.00,1015.7,1001.5
2025-07-18T06:00,14.4,0.00,88,12.5,14.3,0.00,0.00,0.00,0,2,2,0,0,5.9,155,102,6.4,10.4,1,2688.93,1015.7,1001.6
2025-07-18T07:00,17.0,0.00,82,13.9,17.7,0.00,0.00,0.00,0,0,0,0,0,4.0,136,108,5.2,11.5,1,3600.00,1015.9,1001.9
2025-07-18T08:00,19.2,0.00,74,14.4,20.3,0.00,0.00,0.00,3,98,98,0,0,1.7,144,148,2.4,10.4,1,3600.00,1015.9,1002.0
2025-07-18T09:00,21.1,0.00,67,14.7,22.5,0.00,0.00,0.00,3,100,100,0,0,0.6,194,214,0.7,9.4,1,3600.00,1015.7,1001.9
2025-07-18T10:00,22.5,0.00,59,14.1,24.1,0.00,0.00,0.00,3,100,100,0,0,1.3,257,254,1.7,10.8,1,3600.00,1015.6,1001.9
2025-07-18T11:00,23.6,0.00,52,13.1,25.2,0.00,0.00,0.00,3,100,100,0,0,2.3,295,288,3.0,12.2,1,3600.00,1015.3,1001.6
2025-07-18T12:00,24.2,0.00,49,12.7,25.7,0.00,0.00,0.00,3,100,100,0,0,3.7,301,299,4.8,14.8,1,3600.00,1015.1,1001.4
2025-07-18T13:00,24.5,0.00,47,12.3,25.3,0.00,0.00,0.00,3,100,100,0,0,3.7,300,299,5.0,14.8,1,3600.00,1014.8,1001.2
2025-07-18T14:00,24.9,0.00,46,12.6,25.6,0.00,0.00,0.00,3,85,85,0,2,5.0,323,325,6.9,16.6,1,3600.00,1014.5,1000.9
2025-07-18T15:00,25.3,0.00,45,12.6,26.7,0.00,0.00,0.00,3,89,89,0,2,4.7,324,328,6.4,18.0,1,3600.00,1014.3,1000.7
2025-07-18T16:00,25.6,0.00,43,12.2,26.5,0.00,0.00,0.00,3,94,94,2,0,1.7,53,77,1.8,15.8,1,3600.00,1013.8,1000.2
2025-07-18T17:00,25.6,0.00,44,12.3,25.7,0.00,0.00,0.00,2,74,73,5,0,3.7,17,23,5.1,11.5,1,3600.00,1013.1,999.5
2025-07-18T18:00,25.4,0.00,45,12.6,25.7,0.00,0.00,0.00,1,40,40,0,0,3.6,39,49,5.1,11.5,1,3600.00,1012.6,999.0
2025-07-18T19:00,24.2,0.00,60,15.8,25.7,0.00,0.00,0.00,0,0,0,0,0,2.9,93,97,6.8,8.6,1,3600.00,1012.5,998.9
2025-07-18T20:00,21.9,0.00,69,16.0,23.5,0.00,0.00,0.00,0,0,0,0,0,2.7,104,98,5.8,5.8,1,2849.72,1012.4,998.7
2025-07-18T21:00,20.0,0.00,74,15.3,21.2,0.00,0.00,0.00,0,0,0,0,0,4.3,114,95,8.5,9.0,0,0.00,1012.6,998.8
2025-07-18T22:00,18.8,0.00,79,15.0,19.6,0.00,0.00,0.00,0,0,0,0,0,5.6,120,88,11.9,11.2,0,0.00,1012.8,998.9
2025-07-18T23:00,18.1,0.00,77,14.1,18.3,0.00,0.00,0.00,0,0,0,0,0,7.3,111,83,15.2,14.0,0,0.00,1012.7,998.8
2025-07-19T00:00,17.6,0.00,74,13.0,17.2,0.00,0.00,0.00,0,6,6,0,0,9.2,102,90,20.8,17.6,0,0.00,1012.4,998.5
2025-07-19T01:00,17.6,0.00,71,12.4,16.9,0.00,0.00,0.00,0,0,0,0,0,10.0,102,98,24.1,19.4,0,0.00,1012.2,998.3
2025-07-19T02:00,15.6,0.00,85,13.1,15.3,0.00,0.00,0.00,0,0,0,0,0,9.0,103,95,21.0,17.6,0,0.00,1012.1,998.1
2025-07-19T03:00,15.6,0.00,85,13.1,15.1,0.00,0.00,0.00,0,0,0,0,0,10.2,103,97,23.7,20.2,0,0.00,1011.7,997.7
2025-07-19T04:00,15.7,0.00,84,13.1,15.2,0.00,0.00,0.00,0,18,18,0,0,10.3,104,97,24.0,20.9,0,0.00,1011.4,997.4
2025-07-19T05:00,15.8,0.00,83,12.9,15.2,0.00,0.00,0.00,0,2,2,0,0,10.2,103,97,23.5,20.9,1,0.00,1011.2,997.2
2025-07-19T06:00,16.9,0.00,79,13.3,16.4,0.00,0.00,0.00,0,0,0,0,0,10.4,105,99,23.1,21.2,1,2624.98,1011.0,997.1
2025-07-19T07:00,19.3,0.00,74,14.5,19.3,0.00,0.00,0.00,0,8,2,8,0,10.1,103,90,24.2,21.2,1,3600.00,1010.5,996.7
2025-07-19T08:00,21.8,0.00,64,14.7,22.0,0.00,0.00,0.00,0,3,1,2,0,8.9,104,103,16.7,21.6,1,3600.00,1010.4,996.7
2025-07-19T09:00,24.0,0.00,57,14.8,23.9,0.00,0.00,0.00,0,18,8,11,0,11.6,104,103,17.6,27.4,1,3600.00,1009.7,996.1
2025-07-19T10:00,26.1,0.00,48,14.3,26.0,0.00,0.00,0.00,2,53,53,0,0,13.5,108,106,20.0,31.7,1,3600.00,1008.6,995.1
2025-07-19T11:00,27.7,0.00,44,14.2,28.5,0.00,0.00,0.00,3,88,88,1,0,12.1,117,117,17.6,32.0,1,3600.00,1008.5,995.1
2025-07-19T12:00,28.7,0.00,43,14.8,30.1,0.00,0.00,0.00,2,57,34,35,0,10.6,127,125,15.0,29.5,1,3600.00,1008.2,994.8
2025-07-19T13:00,29.2,0.00,41,14.5,30.1,0.00,0.00,0.00,1,33,21,15,0,7.7,131,127,10.7,26.6,1,3600.00,1008.0,994.7
2025-07-19T14:00,30.4,0.00,36,13.5,31.6,0.00,0.00,0.00,3,100,100,2,0,8.5,180,181,11.7,22.7,1,3600.00,1007.5,994.2
2025-07-19T15:00,30.7,0.00,36,13.8,30.9,0.00,0.00,0.00,3,100,100,9,0,10.1,208,209,14.4,27.0,1,3600.00,1007.4,994.1
2025-07-19T16:00,28.7,0.00,45,15.4,27.8,0.00,0.00,0.00,3,100,100,21,0,18.5,233,233,28.5,41.4,1,3464.29,1007.8,994.4
2025-07-19T17:00,27.7,0.00,49,15.9,26.9,0.00,0.00,0.00,3,100,100,23,3,18.9,231,230,29.3,41.8,1,3600.00,1008.1,994.7
2025-07-19T18:00,26.1,0.00,57,16.8,26.4,0.00,0.00,0.00,3,99,94,98,0,14.4,240,240,23.1,41.0,1,1550.59,1008.3,994.8
2025-07-19T19:00,24.2,0.10,68,17.8,25.1,0.10,0.00,0.00,51,98,96,45,1,12.9,243,242,20.9,31.7,1,1060.50,1008.7,995.1
2025-07-19T20:00,22.5,0.20,78,18.5,24.5,0.20,0.00,0.00,51,100,100,32,3,7.7,229,221,15.3,27.0,1,537.40,1009.3,995.6
2025-07-19T21:00,21.6,0.00,82,18.5,23.5,0.00,0.00,0.00,3,100,100,7,4,8.3,215,204,17.7,16.9,0,0.00,1009.8,996.1
2025-07-19T22:00,20.7,0.00,85,18.0,22.8,0.00,0.00,0.00,3,94,94,0,3,5.7,230,215,14.6,16.9,0,0.00,1010.1,996.4
2025-07-19T23:00,20.1,0.00,86,17.7,22.2,0.00,0.00,0.00,3,87,87,0,0,4.3,217,180,11.2,11.5,0,0.00,1009.6,995.8
2025-07-20T00:00,19.4,0.00,88,17.3,21.3,0.00,0.00,0.00,0,7,6,0,0,5.1,204,163,12.2,10.4,0,0.00,1009.5,995.7
2025-07-20T01:00,18.8,0.00,89,17.0,20.6,0.00,0.00,0.00,0,5,0,5,3,4.7,186,130,10.3,10.4,0,0.00,1009.2,995.4
2025-07-20T02:00,18.0,0.00,87,15.8,19.3,0.00,0.00,0.00,0,2,0,2,0,4.6,140,99,7.3,9.7,0,0.00,1008.8,994.9
2025-07-20T03:00,17.2,0.00,90,15.5,18.5,0.00,0.00,0.00,0,2,0,1,1,3.5,148,105,7.8,9.0,0,0.00,1008.6,994.7
2025-07-20T04:00,17.0,0.00,90,15.4,18.1,0.00,0.00,0.00,0,2,2,0,0,4.7,135,99,10.4,9.0,0,0.00,1008.5,994.6
2025-07-20T05:00,16.7,0.00,92,15.4,17.7,0.00,0.00,0.00,3,98,97,7,0,5.4,124,90,10.6,10.1,1,0.00,1008.2,994.3
2025-07-20T06:00,17.7,0.00,91,16.1,18.8,0.00,0.00,0.00,3,100,100,8,0,6.5,118,93,9.7,11.5,1,1399.61,1007.8,993.9
2025-07-20T07:00,19.9,0.00,84,17.0,21.6,0.00,0.00,0.00,3,95,95,0,0,4.8,116,105,11.0,12.2,1,3600.00,1007.9,994.1
2025-07-20T08:00,22.3,0.00,72,17.1,24.2,0.00,0.00,0.00,3,84,84,0,0,4.5,121,124,6.9,13.7,1,3600.00,1007.7,994.1
2025-07-20T09:00,24.2,0.00,64,16.9,26.0,0.00,0.00,0.00,3,81,81,0,0,4.5,133,137,6.1,15.1,1,3600.00,1007.4,993.9
2025-07-20T10:00,25.8,0.00,57,16.6,27.9,0.00,0.00,0.00,2,65,65,0,0,4.6,141,144,6.5,16.6,1,3600.00,1007.0,993.5
2025-07-20T11:00,27.1,0.00,53,16.7,29.8,0.00,0.00,0.00,3,100,100,5,0,5.2,157,160,7.0,18.0,1,3600.00,1006.4,993.0
2025-07-20T12:00,28.1,0.00,50,16.7,30.9,0.00,0.00,0.00,3,100,100,13,2,6.9,148,149,9.5,25.2,1,3600.00,1005.8,992.4
2025-07-20T13:00,29.0,0.00,46,16.1,31.4,0.00,0.00,0.00,3,100,100,15,2,6.6,151,151,9.3,25.6,1,3600.00,1005.1,991.8
2025-07-20T14:00,28.4,0.00,50,16.8,29.4,0.00,0.00,0.00,3,96,96,6,0,9.6,142,139,13.9,23.4,1,1604.99,1004.5,991.2
2025-07-20T15:00,30.4,0.00,42,16.1,31.4,0.00,0.00,0.00,3,100,100,62,0,13.0,164,162,18.7,33.5,1,3600.00,1003.7,990.5
2025-07-20T16:00,28.5,0.00,43,14.6,27.6,0.00,0.00,0.00,3,99,99,38,0,16.7,208,207,25.0,37.1,1,2361.52,1003.9,990.6
2025-07-20T17:00,23.9,3.50,67,17.4,25.3,3.50,0.00,0.00,63,100,99,72,2,8.4,208,173,15.1,36.0,1,0.00,1005.3,991.8
2025-07-20T18:00,21.3,1.20,92,20.0,24.2,1.20,0.00,0.00,55,78,76,5,2,6.5,193,166,11.1,27.7,1,0.00,1005.9,992.2
2025-07-20T19:00,21.4,0.10,91,19.9,24.0,0.10,0.00,0.00,51,98,96,42,0,8.6,163,139,13.6,19.4,1,3600.00,1006.0,992.3
2025-07-20T20:00,21.1,0.00,93,19.9,23.9,0.00,0.00,0.00,3,100,100,24,0,6.8,185,155,13.7,18.0,1,0.00,1005.9,992.2
2025-07-20T21:00,20.6,0.00,94,19.7,23.5,0.00,0.00,0.00,3,100,100,100,1,5.3,207,170,14.1,14.0,0,0.00,1006.5,992.8
2025-07-20T22:00,20.7,0.00,93,19.4,23.6,0.00,0.00,0.00,3,100,100,100,0,4.4,213,171,12.1,11.5,0,0.00,1006.3,992.6
2025-07-20T23:00,20.8,0.00,91,19.3,23.7,0.00,0.00,0.00,3,100,100,93,0,4.4,214,171,11.9,10.4,0,0.00,1006.5,992.8
2025-07-21T00:00,20.4,0.00,93,19.2,23.3,0.00,0.00,0.00,3,100,100,85,0,4.0,215,159,10.7,10.1,0,0.00,1006.6,992.9
2025-07-21T01:00,20.2,0.00,94,19.2,23.1,0.00,0.00,0.00,3,100,100,100,0,4.1,220,167,10.9,9.7,0,0.00,1006.4,992.7
2025-07-21T02:00,19.3,0.00,91,17.8,21.1,0.00,0.00,0.00,3,100,100,96,27,6.8,202,177,14.7,13.3,0,0.00,1007.9,994.1
2025-07-21T03:00,19.2,0.10,91,17.7,20.7,0.10,0.00,0.00,51,100,100,44,23,8.1,213,201,17.7,16.9,0,0.00,1007.6,993.8
2025-07-21T04:00,18.8,0.00,92,17.6,20.2,0.00,0.00,0.00,3,100,100,93,11,9.4,212,204,19.5,20.2,0,0.00,1007.6,993.8
2025-07-21T05:00,18.6,0.20,91,17.1,19.9,0.20,0.00,0.00,51,100,100,100,0,8.1,211,198,17.3,19.4,1,0.00,1007.5,993.7
2025-07-21T06:00,18.3,0.40,92,17.0,19.4,0.40,0.00,0.00,51,100,100,100,14,9.5,214,205,18.7,19.4,1,0.00,1007.6,993.8
2025-07-21T07:00,18.7,0.00,91,17.3,19.8,0.00,0.00,0.00,3,99,99,62,4,10.3,219,213,17.9,20.9,1,0.00,1007.3,993.5
2025-07-21T08:00,19.1,0.00,89,17.3,20.3,0.00,0.00,0.00,3,100,100,98,8,9.5,228,224,15.5,23.0,1,0.00,1007.1,993.3
2025-07-21T09:00,19.0,0.10,90,17.3,20.3,0.10,0.00,0.00,51,100,100,82,4,8.8,219,215,13.9,22.3,1,0.00,1007.4,993.6
2025-07-21T10:00,19.5,0.00,85,17.0,20.5,0.00,0.00,0.00,3,100,100,73,7,9.7,215,211,14.5,24.5,1,0.00,1007.3,993.5
2025-07-21T11:00,20.2,0.00,79,16.4,20.8,0.00,0.00,0.00,3,100,100,3,8,11.0,208,206,16.3,26.6,1,0.00,1007.5,993.8
2025-07-21T12:00,20.8,0.00,75,16.2,21.5,0.00,0.00,0.00,3,100,100,0,1,9.8,201,198,14.3,25.9,1,0.00,1007.1,993.4
2025-07-21T13:00,22.0,0.00,66,15.3,22.5,0.00,0.00,0.00,3,100,100,2,1,8.9,197,194,12.6,31.0,1,0.00,1006.7,993.1
2025-07-21T14:00,23.5,0.00,54,13.7,23.8,0.00,0.00,0.00,3,97,97,14,3,10.4,197,197,14.5,33.1,1,3600.00,1006.7,993.1
2025-07-21T15:00,24.3,0.00,48,12.5,23.6,0.00,0.00,0.00,3,97,96,12,2,13.5,204,205,19.3,36.0,1,3600.00,1006.3,992.8
2025-07-21T16:00,24.2,0.00,46,12.0,22.3,0.00,0.00,0.00,2,74,56,40,10,17.4,220,224,24.9,39.2,1,3600.00,1006.3,992.8
2025-07-21T17:00,21.4,0.40,67,15.0,20.8,0.40,0.00,0.00,51,100,100,65,1,15.4,233,234,23.4,41.8,1,3600.00,1007.2,993.5
2025-07-21T18:00,20.1,0.20,74,15.3,20.6,0.20,0.00,0.00,51,57,55,4,2,8.7,209,207,14.0,34.6,1,0.00,1007.3,993.6
2025-07-21T19:00,20.6,0.00,69,14.8,20.3,0.00,0.00,0.00,2,70,64,16,2,12.7,211,207,21.4,28.1,1,3600.00,1007.3,993.6
2025-07-21T20:00,19.7,0.00,72,14.4,19.3,0.00,0.00,0.00,3,99,99,7,0,12.3,216,212,23.0,29.5,1,2089.48,1007.6,993.8
2025-07-21T21:00,18.6,0.00,77,14.5,18.5,0.00,0.00,0.00,3,100,100,16,1,10.8,202,195,21.7,26.3,0,0.00,1008.1,994.3
2025-07-21T22:00,18.5,0.00,77,14.4,18.1,0.00,0.00,0.00,1,26,4,19,6,12.3,212,210,24.3,27.0,0,0.00,1008.3,994.5
2025-07-21T23:00,18.2,0.00,77,14.1,17.5,0.00,0.00,0.00,1,26,5,2,21,14.3,224,221,26.7,30.6,0,0.00,1008.5,994.7
2025-07-22T00:00,17.6,0.00,82,14.5,16.8,0.00,0.00,0.00,1,46,4,15,38,15.4,226,222,27.8,33.5,0,0.00,1009.0,995.1
2025-07-22T01:00,17.2,0.10,85,14.6,16.4,0.10,0.00,0.00,51,86,1,17,83,15.8,227,225,28.2,34.6,0,0.00,1009.3,995.4
2025-07-22T02:00,17.2,0.00,90,15.6,16.9,0.00,0.00,0.00,3,87,18,82,15,15.0,230,228,27.2,34.2,0,0.00,1009.3,995.4
2025-07-22T03:00,17.1,0.00,90,15.5,16.8,0.00,0.00,0.00,3,99,97,98,5,15.1,240,237,26.7,34.9,0,0.00,1009.5,995.6
2025-07-22T04:00,16.7,0.10,89,14.9,16.5,0.10,0.00,0.00,51,100,99,100,3,12.5,248,243,23.1,32.0,0,0.00,1010.1,996.2
2025-07-22T05:00,16.4,0.50,89,14.5,16.2,0.50,0.00,0.00,53,100,100,100,39,11.1,230,226,20.8,28.8,1,0.00,1010.5,996.5
2025-07-22T06:00,16.1,1.90,94,15.2,16.2,1.90,0.00,0.00,61,100,10,100,91,10.7,239,240,20.7,26.3,1,0.00,1010.8,996.8
2025-07-22T07:00,15.7,10.00,97,15.2,15.6,10.00,0.00,0.00,65,100,3,100,100,12.4,223,219,22.0,26.6,1,0.00,1010.7,996.7
2025-07-22T08:00,16.7,0.30,94,15.8,16.0,0.30,0.00,0.00,51,100,5,100,27,18.0,232,227,30.1,38.5,1,0.00,1011.3,997.3
2025-07-22T09:00,17.4,0.20,90,15.8,17.0,0.20,0.00,0.00,51,98,6,98,37,16.7,238,234,27.5,41.4,1,0.00,1011.7,997.8
2025-07-22T10:00,18.4,0.10,84,15.7,18.0,0.10,0.00,0.00,51,100,1,28,100,15.8,254,253,23.6,43.9,1,0.00,1012.1,998.2
2025-07-22T11:00,19.7,0.20,73,14.6,18.8,0.20,0.00,0.00,51,86,0,35,81,16.2,257,255,23.5,45.4,1,3600.00,1012.4,998.6
2025-07-22T12:00,21.0,0.20,67,14.7,19.8,0.20,0.00,0.00,51,100,2,57,100,19.1,249,245,28.2,44.6,1,3600.00,1012.3,998.5
2025-07-22T13:00,18.7,1.50,82,15.6,18.6,1.50,0.00,0.00,61,64,0,60,23,13.9,267,274,22.7,46.1,1,955.86,1012.9,999.0
2025-07-22T14:00,21.7,0.20,68,15.5,21.8,0.20,0.00,0.00,51,86,3,21,84,18.0,255,256,26.3,45.4,1,3600.00,1012.9,999.2
2025-07-22T15:00,20.2,2.40,75,15.5,19.3,2.40,0.00,0.00,61,59,0,45,26,18.6,244,243,28.3,45.4,1,3600.00,1012.9,999.1
2025-07-22T16:00,21.2,1.00,70,15.5,21.2,1.00,0.00,0.00,55,30,0,21,19,13.1,248,247,19.8,40.7,1,3600.00,1013.0,999.2
2025-07-22T17:00,22.1,0.00,60,14.0,20.9,0.00,0.00,0.00,2,77,0,47,68,17.0,253,252,24.7,42.8,1,3600.00,1012.8,999.1
2025-07-22T18:00,20.7,0.30,68,14.6,20.4,0.30,0.00,0.00,51,21,0,16,14,12.4,249,246,21.7,44.3,1,1316.50,1013.3,999.5
2025-07-22T19:00,20.2,0.00,68,14.2,19.7,0.00,0.00,0.00,1,42,0,34,33,12.7,256,255,22.7,33.1,1,3600.00,1013.7,999.9
2025-07-22T20:00,19.4,0.00,72,14.2,19.3,0.00,0.00,0.00,1,32,0,28,19,10.1,248,245,20.6,27.0,1,1565.59,1014.1,1000.2
2025-07-22T21:00,18.6,0.00,75,14.1,18.4,0.00,0.00,0.00,1,36,3,29,26,10.2,239,233,21.5,22.0,0,0.00,1014.7,1000.8
2025-07-22T22:00,18.0,0.00,77,13.9,17.4,0.00,0.00,0.00,2,62,33,38,33,12.5,231,225,24.9,25.9,0,0.00,1015.1,1001.2
2025-07-22T23:00,17.5,0.00,79,13.8,17.0,0.00,0.00,0.00,2,53,16,29,27,11.6,234,231,23.7,26.3,0,0.00,1015.3,1001.3
2025-07-23T00:00,17.0,0.00,82,13.9,16.6,0.00,0.00,0.00,1,31,0,24,24,10.9,236,231,22.9,24.5,0,0.00,1015.1,1001.1
2025-07-23T01:00,16.3,0.00,85,13.8,16.1,0.00,0.00,0.00,1,25,0,13,21,9.9,235,228,21.5,23.0,0,0.00,1014.9,1000.9
2025-07-23T02:00,16.5,0.00,83,13.6,16.4,0.00,0.00,0.00,1,28,0,22,18,8.4,236,227,19.9,23.0,0,0.00,1014.8,1000.8
2025-07-23T03:00,16.1,0.00,85,13.5,16.0,0.00,0.00,0.00,1,43,0,36,31,8.4,227,214,19.2,17.3,0,0.00,1014.7,1000.7
2025-07-23T04:00,15.8,0.00,86,13.5,15.7,0.00,0.00,0.00,2,61,0,29,48,8.0,232,220,19.0,17.6,0,0.00,1014.7,1000.7
2025-07-23T05:00,15.6,0.00,87,13.4,15.7,0.00,0.00,0.00,1,35,0,10,31,6.4,230,212,16.4,16.6,1,0.00,1014.7,1000.6
2025-07-23T06:00,16.0,0.00,86,13.7,16.1,0.00,0.00,0.00,3,95,93,6,25,6.9,222,200,14.8,14.0,1,1688.20,1014.8,1000.8
2025-07-23T07:00,17.1,0.00,83,14.1,17.6,0.00,0.00,0.00,1,25,4,3,22,5.7,210,191,11.1,14.8,1,3600.00,1014.7,1000.7
2025-07-23T08:00,18.5,0.00,78,14.7,19.1,0.00,0.00,0.00,0,19,0,9,18,6.7,213,207,9.9,18.0,1,3600.00,1014.8,1000.9
2025-07-23T09:00,20.1,0.00,72,14.8,20.3,0.00,0.00,0.00,0,15,3,11,3,9.3,224,223,13.4,23.8,1,3600.00,1014.5,1000.7
2025-07-23T10:00,21.1,0.00,63,13.9,20.7,0.00,0.00,0.00,1,35,3,33,1,11.6,233,233,16.3,28.4,1,3600.00,1014.4,1000.6
2025-07-23T11:00,22.3,0.00,57,13.3,22.1,0.00,0.00,0.00,1,46,12,26,26,12.1,237,238,17.1,29.9,1,3600.00,1014.1,1000.4
2025-07-23T12:00,23.0,0.00,53,12.9,22.7,0.00,0.00,0.00,1,42,5,39,10,12.8,238,238,18.0,31.3,1,3600.00,1013.7,1000.0
2025-07-23T13:00,23.7,0.00,49,12.3,23.5,0.00,0.00,0.00,2,52,18,33,34,11.4,241,241,16.0,31.3,1,3600.00,1013.4,999.7
2025-07-23T14:00,24.2,0.00,46,11.9,24.1,0.00,0.00,0.00,2,63,7,60,1,9.6,241,242,13.1,24.5,1,3600.00,1013.1,999.5
2025-07-23T15:00,23.9,0.00,45,11.2,23.0,0.00,0.00,0.00,3,100,2,100,3,9.1,254,255,12.7,24.8,1,3600.00,1012.7,999.1
2025-07-23T16:00,23.6,0.00,47,11.6,22.9,0.00,0.00,0.00,3,100,100,100,9,7.8,262,263,12.2,22.0,1,0.00,1012.7,999.1
2025-07-23T17:00,23.4,0.00,50,12.4,23.3,0.00,0.00,0.00,3,100,100,54,7,5.9,281,282,9.7,18.0,1,0.00,1012.3,998.6
2025-07-23T18:00,22.8,0.00,57,14.0,23.5,0.00,0.00,0.00,3,100,100,40,3,4.4,303,305,8.2,13.3,1,549.86,1011.9,998.2
2025-07-23T19:00,21.6,0.00,70,15.9,23.2,0.00,0.00,0.00,3,97,96,6,1,2.9,343,338,6.8,9.4,1,0.00,1012.1,998.4
2025-07-23T20:00,20.1,0.00,75,15.5,21.1,0.00,0.00,0.00,3,99,99,7,0,5.7,11,11,12.3,10.4,1,389.73,1012.3,998.5
2025-07-23T21:00,18.6,0.00,77,14.4,19.1,0.00,0.00,0.00,3,100,100,2,0,6.4,16,29,14.0,12.6,0,0.00,1012.5,998.6
2025-07-23T22:00,18.1,0.00,77,14.0,18.8,0.00,0.00,0.00,3,100,100,11,0,3.8,9,65,8.4,11.9,0,0.00,1012.7,998.8
2025-07-23T23:00,17.8,0.00,78,14.0,18.5,0.00,0.00,0.00,3,100,100,0,0,3.8,18,71,7.2,7.9,0,0.00,1012.6,998.7
2025-07-24T00:00,17.3,0.00,82,14.2,18.2,0.00,0.00,0.00,3,100,100,14,0,2.9,38,86,5.3,7.6,0,0.00,1012.4,998.5
2025-07-24T01:00,16.6,0.00,87,14.3,17.5,0.00,0.00,0.00,3,98,98,13,0,3.4,84,93,5.6,7.6,0,0.00,1012.3,998.3
2025-07-24T02:00,15.7,0.00,89,13.9,16.9,0.00,0.00,0.00,1,36,32,6,0,0.7,270,76,1.3,3.6,0,0.00,1012.3,998.3
2025-07-24T03:00,15.1,0.00,88,13.1,15.8,0.00,0.00,0.00,1,28,15,16,0,2.0,193,100,3.9,3.6,0,0.00,1012.4,998.4
2025-07-24T04:00,14.9,0.00,86,12.6,15.1,0.00,0.00,0.00,1,20,19,2,0,4.1,119,90,5.6,8.3,0,0.00,1012.0,998.0
2025-07-24T05:00,14.6,0.00,85,12.1,14.6,0.00,0.00,0.00,0,1,0,0,0,4.0,113,93,6.1,8.3,1,0.00,1012.0,997.9
2025-07-24T06:00,15.6,0.00,83,12.7,15.6,0.00,0.00,0.00,0,14,14,1,0,5.3,124,102,9.1,10.1,1,2292.92,1012.3,998.3
2025-07-24T07:00,17.9,0.00,78,14.1,18.6,0.00,0.00,0.00,1,29,28,1,0,4.5,101,76,7.3,11.2,1,3600.00,1012.4,998.5
2025-07-24T08:00,20.3,0.00,69,14.4,21.4,0.00,0.00,0.00,3,100,99,6,0,2.2,104,99,3.7,10.4,1,3600.00,1012.6,998.8
2025-07-24T09:00,21.4,0.00,63,13.9,22.5,0.00,0.00,0.00,3,98,98,2,0,0.9,333,323,0.8,9.7,1,3600.00,1012.9,999.1
2025-07-24T10:00,22.4,0.00,58,13.8,23.4,0.00,0.00,0.00,1,40,8,28,10,1.4,320,310,1.4,10.1,1,3600.00,1013.0,999.3
2025-07-24T11:00,23.1,0.00,56,13.9,24.6,0.00,0.00,0.00,1,47,25,30,1,2.4,255,257,2.8,13.0,1,3600.00,1013.2,999.5
2025-07-24T12:00,23.6,0.00,55,14.0,24.8,0.00,0.00,0.00,2,79,71,28,4,3.5,294,294,4.3,14.0,1,3600.00,1012.9,999.2
2025-07-24T13:00,23.9,0.00,56,14.5,24.8,0.00,0.00,0.00,3,100,100,20,16,4.5,296,293,5.8,16.6,1,3600.00,1013.0,999.4
2025-07-24T14:00,21.5,0.30,71,16.1,23.1,0.30,0.00,0.00,51,100,100,4,12,3.4,281,276,4.6,14.0,1,2623.35,1013.6,999.8
2025-07-24T15:00,20.9,2.80,75,16.4,22.4,2.80,0.00,0.00,63,99,99,14,36,4.7,142,140,5.5,14.8,1,332.28,1013.8,1000.0
2025-07-24T16:00,19.3,5.70,82,16.1,21.4,5.70,0.00,0.00,63,100,100,45,100,0.4,166,270,0.7,19.8,1,2059.71,1014.5,1000.6
2025-07-24T17:00,19.5,1.30,77,15.5,20.9,1.30,0.00,0.00,61,100,100,97,14,2.8,67,55,4.1,13.3,1,0.00,1014.4,1000.5
2025-07-24T18:00,19.2,0.00,83,16.1,20.6,0.00,0.00,0.00,1,45,37,7,6,4.3,337,338,6.1,16.6,1,419.77,1014.0,1000.1
2025-07-24T19:00,19.4,0.00,83,16.4,21.4,0.00,0.00,0.00,1,25,20,4,4,1.5,229,240,1.9,10.1,1,3600.00,1014.1,1000.2
2025-07-24T20:00,18.1,0.00,91,16.6,20.1,0.00,0.00,0.00,1,20,13,3,5,2.1,340,340,2.7,5.4,1,2362.25,1014.6,1000.7
2025-07-24T21:00,17.4,0.00,94,16.4,19.1,0.00,0.00,0.00,3,93,92,5,4,3.5,19,12,4.4,7.2,0,0.00,1015.3,1001.3
2025-07-24T22:00,16.6,0.00,96,16.0,18.3,0.00,0.00,0.00,3,93,93,5,2,2.3,75,51,2.1,6.1,0,0.00,1015.5,1001.5
2025-07-24T23:00,15.9,0.00,98,15.6,17.6,0.00,0.00,0.00,3,97,97,2,0,1.5,79,60,0.9,4.0,0,0.00,1015.7,1001.7
2025-07-25T00:00,15.4,0.00,98,15.2,16.9,0.00,0.00,0.00,0,7,7,0,0,1.8,11,45,2.8,4.0,0,0.00,1015.5,1001.4
2025-07-25T01:00,15.2,0.00,97,14.7,16.6,0.00,0.00,0.00,0,4,4,0,0,0.9,8,79,1.3,4.0,0,0.00,1015.3,1001.2
2025-07-25T02:00,16.3,0.00,95,15.5,17.4,0.00,0.00,0.00,1,35,28,5,7,5.0,6,30,12.8,9.7,0,0.00,1015.6,1001.6
2025-07-25T03:00,15.5,0.00,95,14.7,16.6,0.00,0.00,0.00,1,48,48,1,0,2.8,48,72,8.4,10.1,0,0.00,1015.2,1001.1
2025-07-25T04:00,14.6,0.30,96,14.0,15.4,0.30,0.00,0.00,51,51,0,45,39,3.3,354,354,6.9,5.0,0,0.00,1015.5,1001.4
2025-07-25T05:00,14.6,0.00,96,13.9,15.4,0.00,0.00,0.00,1,49,1,34,37,2.7,99,118,4.4,9.7,1,0.00,1015.6,1001.5
2025-07-25T06:00,15.7,0.00,93,14.6,17.1,0.00,0.00,0.00,3,87,80,32,16,1.1,153,9,0.8,6.5,1,1344.67,1015.8,1001.7
2025-07-25T07:00,16.8,0.00,92,15.5,18.4,0.00,0.00,0.00,3,98,97,7,11,2.0,38,27,2.1,8.3,1,3600.00,1016.0,1002.0
2025-07-25T08:00,18.3,0.00,87,16.1,20.1,0.00,0.00,0.00,3,100,100,2,7,2.1,254,255,2.6,10.8,1,3600.00,1016.2,1002.3
2025-07-25T09:00,19.6,0.00,82,16.4,21.5,0.00,0.00,0.00,3,100,100,11,0,2.2,270,270,2.5,12.2,1,3600.00,1016.4,1002.5
2025-07-25T10:00,21.2,0.00,74,16.5,23.1,0.00,0.00,0.00,3,89,89,0,4,2.6,289,286,3.2,14.0,1,3600.00,1016.2,1002.4
2025-07-25T11:00,22.4,0.00,70,16.8,25.0,0.00,0.00,0.00,1,24,15,4,8,3.8,295,289,4.8,16.2,1,3600.00,1016.0,1002.3
2025-07-25T12:00,23.4,0.10,67,17.0,26.9,0.10,0.00,0.00,51,38,27,6,11,3.1,298,291,3.9,16.6,1,3600.00,1015.9,1002.2
2025-07-25T13:00,24.0,0.20,63,16.6,27.2,0.20,0.00,0.00,51,74,33,19,58,3.1,305,298,3.7,15.8,1,3600.00,1015.3,1001.6
2025-07-25T14:00,23.8,0.10,65,16.9,26.4,0.10,0.00,0.00,51,64,56,4,16,5.0,299,300,6.4,17.3,1,3600.00,1015.4,1001.7
2025-07-25T15:00,21.8,0.50,75,17.1,23.5,0.50,0.00,0.00,53,31,5,29,0,9.7,332,332,13.6,30.2,1,3600.00,1015.7,1001.9
2025-07-25T16:00,23.1,0.00,65,16.2,24.3,0.00,0.00,0.00,2,60,11,55,1,5.8,297,296,7.9,24.5,1,3600.00,1015.7,1002.0
2025-07-25T17:00,23.3,0.10,65,16.2,24.6,0.10,0.00,0.00,51,35,12,25,2,5.7,317,314,7.6,17.3,1,3600.00,1015.2,1001.5
2025-07-25T18:00,23.1,0.20,63,15.6,24.1,0.20,0.00,0.00,51,51,20,27,22,5.9,329,329,8.8,18.7,1,3600.00,1014.8,1001.1
2025-07-25T19:00,22.5,0.00,73,17.3,24.5,0.00,0.00,0.00,1,46,38,11,1,4.0,333,330,8.0,13.0,1,3600.00,1015.2,1001.5
2025-07-25T20:00,21.0,0.00,80,17.5,23.2,0.00,0.00,0.00,0,17,12,5,0,3.6,317,307,8.7,7.9,1,1852.44,1015.6,1001.8
2025-07-25T21:00,19.9,0.00,83,17.0,22.0,0.00,0.00,0.00,0,6,0,6,0,2.5,335,4,6.8,6.8,0,0.00,1016.1,1002.2
2025-07-25T22:00,19.1,0.00,86,16.6,21.2,0.00,0.00,0.00,0,14,0,9,9,1.1,336,81,3.9,5.4,0,0.00,1016.3,1002.4
2025-07-25T23:00,18.7,0.00,86,16.4,20.9,0.00,0.00,0.00,0,16,5,10,7,0.4,270,117,4.5,3.2,0,0.00,1016.4,1002.5
2025-07-26T00:00,18.7,0.00,85,16.1,20.6,0.00,0.00,0.00,0,16,0,8,14,1.0,271,225,7.4,3.2,0,0.00,1016.5,1002.6
2025-07-26T01:00,17.9,0.00,88,15.9,19.5,0.00,0.00,0.00,0,8,0,8,0,2.9,324,338,8.0,5.4,0,0.00,1016.3,1002.3
2025-07-26T02:00,16.9,0.10,95,16.0,18.7,0.10,0.00,0.00,51,1,0,1,0,1.4,321,67,4.0,4.7,0,0.00,1016.2,1002.2
2025-07-26T03:00,16.5,0.00,95,15.7,18.2,0.00,0.00,0.00,0,6,0,3,3,1.5,305,21,7.5,3.6,0,0.00,1016.1,1002.1
2025-07-26T04:00,16.1,0.00,95,15.3,17.6,0.00,0.00,0.00,0,10,0,8,3,2.3,334,18,8.2,5.0,0,0.00,1016.0,1002.0
2025-07-26T05:00,15.5,0.00,96,14.9,16.5,0.00,0.00,0.00,0,2,0,0,2,4.3,4,17,11.7,8.3,1,0.00,1015.8,1001.7
2025-07-26T06:00,16.5,0.00,94,15.5,17.6,0.00,0.00,0.00,0,11,0,0,11,5.2,4,335,10.6,8.6,1,1631.86,1015.8,1001.8
2025-07-26T07:00,17.5,0.00,93,16.3,19.0,0.00,0.00,0.00,3,96,0,2,96,4.9,10,8,6.0,13.0,1,3600.00,1015.9,1001.9
2025-07-26T08:00,18.5,0.20,90,16.9,20.3,0.20,0.00,0.00,51,100,0,48,100,4.4,20,12,5.9,13.7,1,3600.00,1016.1,1002.2
2025-07-26T09:00,19.4,0.10,87,17.1,21.6,0.10,0.00,0.00,51,38,1,14,27,2.5,16,4,3.4,15.1,1,1182.24,1016.3,1002.4
2025-07-26T10:00,20.7,0.10,82,17.6,22.9,0.10,0.00,0.00,51,89,3,2,89,4.0,347,333,5.5,15.8,1,3600.00,1016.1,1002.3
2025-07-26T11:00,22.5,0.10,72,17.1,24.3,0.10,0.00,0.00,51,100,3,3,100,6.1,310,300,8.0,19.8,1,3600.00,1015.6,1001.9
2025-07-26T12:00,22.2,0.30,70,16.5,23.0,0.30,0.00,0.00,51,100,43,7,100,9.8,318,316,13.4,23.4,1,552.95,1015.3,1001.6
2025-07-26T13:00,20.8,1.40,80,17.3,22.3,1.40,0.00,0.00,61,68,49,34,5,7.3,2,17,11.3,23.8,1,0.00,1015.0,1001.2
2025-07-26T14:00,21.6,1.40,81,18.1,23.0,1.40,0.00,0.00,61,73,72,1,2,10.2,356,352,14.4,28.1,1,3600.00,1014.9,1001.1
2025-07-26T15:00,23.2,0.20,72,17.9,25.5,0.20,0.00,0.00,51,28,28,2,0,6.0,8,10,8.9,27.4,1,3600.00,1014.5,1000.8
2025-07-26T16:00,24.0,0.10,68,17.7,25.8,0.10,0.00,0.00,51,37,3,8,29,6.5,338,332,9.1,20.9,1,3600.00,1014.1,1000.5
2025-07-26T17:00,23.9,0.00,64,16.6,25.3,0.00,0.00,0.00,3,100,22,13,99,5.6,330,329,7.9,22.0,1,3600.00,1013.9,1000.2
2025-07-26T18:00,20.7,0.50,77,16.6,21.3,0.50,0.00,0.00,53,63,0,53,35,11.5,103,110,17.0,27.7,1,1388.31,1014.4,1000.6
2025-07-26T19:00,18.5,0.10,94,17.4,19.8,0.10,0.00,0.00,51,69,1,41,50,8.9,217,220,15.0,28.8,1,3600.00,1015.1,1001.2
2025-07-26T20:00,18.1,0.10,94,17.0,19.0,0.10,0.00,0.00,51,18,0,7,12,10.8,134,134,18.2,22.0,1,408.92,1015.3,1001.4
2025-07-26T21:00,17.5,0.00,95,16.7,18.5,0.00,0.00,0.00,1,21,0,20,1,9.0,204,202,17.6,22.3,0,0.00,1015.7,1001.7
2025-07-26T22:00,17.3,0.00,96,16.7,18.5,0.00,0.00,0.00,1,44,0,38,11,7.7,207,192,16.8,18.0,0,0.00,1016.1,1002.1
2025-07-26T23:00,17.2,0.00,96,16.6,18.5,0.00,0.00,0.00,1,25,0,24,2,6.4,224,205,14.5,15.1,0,0.00,1015.6,1001.6
2025-07-27T00:00,16.9,0.00,97,16.4,18.0,0.00,0.00,0.00,1,48,30,20,10,7.4,207,177,14.7,14.8,0,0.00,1015.3,1001.3
2025-07-27T01:00,16.6,0.00,97,16.1,17.6,0.00,0.00,0.00,3,89,83,28,6,7.0,210,183,15.0,14.8,0,0.00,1015.0,1001.0
2025-07-27T02:00,17.5,0.00,97,17.0,18.0,0.00,0.00,0.00,3,100,96,67,80,13.4,242,237,24.6,25.2,0,0.00,1015.1,1001.1
2025-07-27T03:00,16.8,0.20,93,15.7,18.0,0.20,0.00,0.00,51,100,100,97,5,4.8,228,202,10.8,31.7,0,0.00,1014.5,1000.5
2025-07-27T04:00,16.5,0.10,95,15.8,17.4,0.10,0.00,0.00,51,95,79,81,1,7.4,199,180,14.7,14.4,0,0.00,1014.4,1000.4
2025-07-27T05:00,16.5,0.00,97,16.1,17.5,0.00,0.00,0.00,3,100,100,17,75,7.1,217,201,15.0,16.9,1,0.00,1014.3,1000.3
2025-07-27T06:00,16.6,0.00,98,16.3,17.1,0.00,0.00,0.00,3,98,44,48,93,11.9,228,221,22.7,24.1,1,0.00,1014.4,1000.4
2025-07-27T07:00,17.0,0.00,96,16.4,17.9,0.00,0.00,0.00,3,96,38,37,89,9.1,246,245,13.9,26.3,1,0.00,1014.2,1000.2
2025-07-27T08:00,17.5,2.30,93,16.3,18.6,2.30,0.00,0.00,61,95,68,77,33,7.8,256,248,11.9,22.7,1,2521.58,1014.5,1000.5
2025-07-27T09:00,18.1,0.10,88,16.0,19.3,0.10,0.00,0.00,51,88,20,11,83,5.5,256,251,7.2,19.1,1,1630.50,1014.2,1000.3
2025-07-27T10:00,19.8,0.20,79,16.0,20.8,0.20,0.00,0.00,51,60,3,1,59,7.3,241,239,10.1,21.2,1,3600.00,1013.6,999.8
2025-07-27T11:00,21.2,0.10,73,16.2,22.3,0.10,0.00,0.00,51,100,100,5,100,6.7,249,250,9.6,23.4,1,3600.00,1012.9,999.1
2025-07-27T12:00,18.2,3.70,83,15.4,17.3,3.70,0.00,0.00,63,100,100,22,63,18.5,229,229,29.7,37.1,1,0.00,1012.9,999.0
2025-07-27T13:00,19.7,0.20,85,17.2,20.6,0.20,0.00,0.00,51,100,100,1,15,11.7,242,239,17.0,38.5,1,0.00,1012.4,998.6
2025-07-27T14:00,19.6,0.20,81,16.2,20.5,0.20,0.00,0.00,51,100,100,8,5,8.3,251,248,11.8,25.6,1,480.31,1012.6,998.8
2025-07-27T15:00,20.6,0.20,76,16.3,21.4,0.20,0.00,0.00,51,99,98,11,17,9.0,269,269,12.4,25.2,1,1576.62,1011.6,997.8
2025-07-27T16:00,21.0,0.40,76,16.5,22.0,0.40,0.00,0.00,51,100,100,5,28,8.4,299,298,11.7,26.3,1,3600.00,1011.7,997.9
2025-07-27T17:00,20.4,0.20,77,16.2,21.9,0.20,0.00,0.00,51,100,100,12,7,4.2,303,301,6.0,24.5,1,0.00,1011.5,997.7
2025-07-27T18:00,20.0,0.10,75,15.5,21.2,0.10,0.00,0.00,51,100,100,19,18,4.5,317,317,6.6,14.4,1,1262.86,1011.1,997.3
2025-07-27T19:00,18.8,0.10,82,15.7,19.8,0.10,0.00,0.00,51,100,100,77,16,6.5,234,222,10.7,13.7,1,0.00,1011.8,997.9
2025-07-27T20:00,17.0,0.40,91,15.6,17.9,0.40,0.00,0.00,51,100,99,97,20,7.3,314,320,12.5,15.1,1,0.00,1012.2,998.3
2025-07-27T21:00,16.4,0.30,94,15.4,18.0,0.30,0.00,0.00,51,98,97,19,7,1.8,306,276,4.9,15.1,0,0.00,1012.1,998.1
2025-07-27T22:00,15.7,0.90,97,15.1,16.5,0.90,0.00,0.00,53,100,100,99,25,6.1,295,294,13.5,12.6,0,0.00,1012.5,998.5
2025-07-27T23:00,15.5,0.40,98,15.2,16.1,0.40,0.00,0.00,51,100,100,90,68,8.1,326,329,15.4,16.9,0,0.00,1012.5,998.5
2025-07-28T00:00,15.6,0.60,97,15.2,16.0,0.60,0.00,0.00,53,100,99,100,90,8.7,325,322,16.8,16.9,0,0.00,1012.4,998.4
2025-07-28T01:00,15.4,1.30,98,15.0,15.5,1.30,0.00,0.00,61,100,100,100,100,10.4,348,340,18.4,22.0,0,0.00,1012.1,998.1
2025-07-28T02:00,15.0,6.60,97,14.5,15.1,6.60,0.00,0.00,63,100,100,75,89,9.1,339,330,17.5,19.8,0,0.00,1012.4,998.4
2025-07-28T03:00,15.1,1.40,98,14.7,15.2,1.40,0.00,0.00,61,100,96,92,29,9.5,336,328,17.8,19.8,0,0.00,1012.2,998.2
2025-07-28T04:00,15.1,0.70,98,14.8,15.1,0.70,0.00,0.00,53,100,78,97,44,11.0,337,332,20.3,22.0,0,0.00,1012.2,998.2
2025-07-28T05:00,15.0,0.30,98,14.7,14.8,0.30,0.00,0.00,51,100,65,100,42,12.2,343,338,22.8,25.6,1,0.00,1012.7,998.7
2025-07-28T06:00,15.0,0.10,96,14.4,14.4,0.10,0.00,0.00,51,99,64,96,21,14.0,335,331,24.0,27.7,1,0.00,1013.2,999.1
2025-07-28T07:00,15.5,0.10,93,14.4,14.8,0.10,0.00,0.00,51,100,99,85,6,14.6,345,342,24.2,31.3,1,191.22,1013.6,999.6
2025-07-28T08:00,15.9,0.20,91,14.4,15.2,0.20,0.00,0.00,51,100,97,100,15,15.0,342,341,23.6,30.6,1,0.00,1014.2,1000.2
2025-07-28T09:00,16.2,0.20,89,14.4,15.5,0.20,0.00,0.00,51,99,80,94,30,14.6,338,336,22.6,32.0,1,168.82,1014.5,1000.5
2025-07-28T10:00,17.2,0.10,82,14.1,16.5,0.10,0.00,0.00,51,88,74,43,25,13.4,330,328,20.0,33.5,1,1969.71,1014.6,1000.6
2025-07-28T11:00,18.9,0.10,68,12.9,17.8,0.10,0.00,0.00,51,38,7,23,14,14.6,335,334,20.9,34.2,1,3600.00,1014.9,1001.0
2025-07-28T12:00,19.9,0.10,66,13.4,19.9,0.10,0.00,0.00,51,40,20,18,9,13.9,327,326,19.9,36.0,1,3600.00,1015.1,1001.3
2025-07-28T13:00,20.5,0.00,64,13.5,20.1,0.00,0.00,0.00,1,43,13,18,20,14.5,322,321,20.7,36.0,1,3600.00,1015.2,1001.4
2025-07-28T14:00,20.0,0.10,61,12.2,18.7,0.10,0.00,0.00,51,65,45,34,2,13.3,322,322,19.4,33.5,1,3600.00,1015.9,1002.0
2025-07-28T15:00,20.3,0.10,62,12.9,19.4,0.10,0.00,0.00,51,32,5,23,12,13.2,323,322,19.0,34.2,1,3600.00,1015.8,1002.0
2025-07-28T16:00,20.5,0.10,60,12.5,19.3,0.10,0.00,0.00,51,27,2,20,10,13.5,322,322,19.5,33.1,1,3600.00,1015.9,1002.1
2025-07-28T17:00,20.4,0.00,58,11.8,19.0,0.00,0.00,0.00,1,24,0,21,9,13.1,324,323,19.7,33.1,1,3600.00,1016.1,1002.3
2025-07-28T18:00,20.0,0.00,61,12.2,19.2,0.00,0.00,0.00,1,23,0,23,0,10.5,321,319,17.1,31.3,1,3600.00,1016.1,1002.2
2025-07-28T19:00,19.2,0.00,65,12.5,18.5,0.00,0.00,0.00,1,42,0,39,5,10.5,323,321,19.4,22.7,1,3600.00,1016.5,1002.6
2025-07-28T20:00,17.9,0.00,72,12.8,17.5,0.00,0.00,0.00,1,43,0,40,13,8.7,318,313,18.6,22.3,1,1331.41,1017.3,1003.3
2025-07-28T21:00,16.6,0.10,79,13.0,16.5,0.10,0.00,0.00,51,55,0,55,0,7.1,7,10,15.8,22.7,0,0.00,1018.1,1004.1
2025-07-28T22:00,16.1,0.00,84,13.4,16.9,0.00,0.00,0.00,0,18,0,16,2,1.7,313,252,6.9,14.4,0,0.00,1018.4,1004.3
2025-07-28T23:00,15.2,0.00,87,13.1,15.7,0.00,0.00,0.00,0,14,0,5,12,3.6,254,210,8.6,6.8,0,0.00,1018.8,1004.7
2025-07-29T00:00,15.0,0.00,90,13.3,15.4,0.00,0.00,0.00,1,22,0,3,21,4.3,275,246,12.3,9.0,0,0.00,1018.7,1004.6
2025-07-29T01:00,14.9,0.00,90,13.2,15.1,0.00,0.00,0.00,0,18,0,1,18,5.5,298,281,14.5,11.2,0,0.00,1018.8,1004.7
2025-07-29T02:00,14.0,0.00,95,13.2,14.1,0.00,0.00,0.00,1,33,0,28,9,6.1,264,242,14.3,13.0,0,0.00,1019.1,1004.9
2025-07-29T03:00,13.6,0.00,97,13.2,13.6,0.00,0.00,0.00,2,59,0,27,46,6.8,245,230,15.1,14.8,0,0.00,1019.3,1005.1
2025-07-29T04:00,13.2,1.00,100,13.1,13.1,1.00,0.00,0.00,55,100,0,66,99,7.0,252,241,13.8,15.1,0,0.00,1019.4,1005.2
2025-07-29T05:00,13.3,0.60,100,13.2,13.4,0.60,0.00,0.00,53,100,0,61,99,6.0,259,243,10.8,14.8,1,0.00,1019.6,1005.4
2025-07-29T06:00,13.6,0.10,97,13.2,14.0,0.10,0.00,0.00,51,96,0,15,95,4.0,276,252,6.9,11.9,1,0.00,1019.5,1005.3
2025-07-29T07:00,14.7,0.00,93,13.5,15.0,0.00,0.00,0.00,2,77,0,8,76,5.5,259,247,7.3,14.4,1,3600.00,1019.6,1005.4
2025-07-29T08:00,15.9,0.00,89,14.0,16.3,0.00,0.00,0.00,3,95,0,3,95,5.8,267,265,7.7,21.2,1,3600.00,1019.8,1005.7
2025-07-29T09:00,16.5,0.10,87,14.2,17.2,0.10,0.00,0.00,51,96,0,11,96,4.7,270,268,6.3,21.2,1,3600.00,1019.8,1005.7
2025-07-29T10:00,17.6,0.10,81,14.2,18.2,0.10,0.00,0.00,51,67,0,15,61,5.0,253,251,6.6,20.5,1,3600.00,1019.5,1005.5
2025-07-29T11:00,18.9,0.10,73,13.9,19.5,0.10,0.00,0.00,51,28,0,15,15,6.2,248,244,8.6,22.7,1,3600.00,1019.1,1005.1
2025-07-29T12:00,20.1,0.10,65,13.3,21.0,0.10,0.00,0.00,51,35,0,21,24,6.5,267,265,9.2,23.4,1,3600.00,1018.6,1004.7
2025-07-29T13:00,21.3,0.00,56,12.0,21.5,0.00,0.00,0.00,3,100,0,98,100,8.8,272,270,12.4,24.8,1,3600.00,1018.0,1004.2
2025-07-29T14:00,19.0,0.90,69,13.2,18.8,0.90,0.00,0.00,53,11,0,10,1,8.7,205,201,11.7,31.3,1,3600.00,1018.4,1004.5
2025-07-29T15:00,20.1,0.00,65,13.3,21.1,0.00,0.00,0.00,1,40,0,27,18,4.8,242,239,6.5,24.1,1,3600.00,1017.8,1003.9
2025-07-29T16:00,20.6,0.00,59,12.4,20.6,0.00,0.00,0.00,1,42,21,26,1,5.2,270,266,7.4,20.9,1,3600.00,1017.4,1003.6
2025-07-29T17:00,21.1,0.00,55,11.7,20.6,0.00,0.00,0.00,3,80,77,13,2,6.9,278,279,10.0,17.6,1,3600.00,1017.1,1003.3
2025-07-29T18:00,21.3,0.00,53,11.3,20.6,0.00,0.00,0.00,3,93,92,14,2,7.0,268,269,11.0,17.6,1,3600.00,1016.7,1002.9
2025-07-29T19:00,19.6,0.00,62,12.0,18.8,0.00,0.00,0.00,3,99,98,49,10,10.0,283,288,18.5,20.2,1,3600.00,1016.9,1003.0
2025-07-29T20:00,16.0,0.40,85,13.5,16.1,0.40,0.00,0.00,51,100,100,33,11,7.4,359,45,11.0,26.3,1,573.11,1017.3,1003.2
2025-07-29T21:00,15.2,0.00,93,14.1,16.2,0.00,0.00,0.00,2,57,5,52,17,2.2,254,104,7.7,13.7,0,0.00,1017.4,1003.3
2025-07-29T22:00,15.9,0.00,88,13.8,16.7,0.00,0.00,0.00,3,99,98,19,2,2.6,239,129,8.6,6.1,0,0.00,1017.5,1003.4
2025-07-29T23:00,16.0,0.00,84,13.3,16.4,0.00,0.00,0.00,3,97,95,28,9,3.8,227,172,10.3,7.6,0,0.00,1017.4,1003.3
2025-07-30T00:00,15.9,0.00,85,13.4,16.3,0.00,0.00,0.00,1,33,13,27,9,4.7,247,208,12.7,9.4,0,0.00,1017.1,1003.0
2025-07-30T01:00,15.7,0.00,86,13.3,16.0,0.00,0.00,0.00,3,96,59,95,14,5.2,252,221,14.2,10.8,0,0.00,1017.2,1003.1
2025-07-30T02:00,15.6,0.00,92,14.3,16.1,0.00,0.00,0.00,3,100,50,100,0,6.2,199,170,13.7,13.3,0,0.00,1017.0,1002.9
2025-07-30T03:00,15.3,0.00,93,14.2,15.9,0.00,0.00,0.00,3,100,77,99,0,5.2,206,174,13.6,11.9,0,0.00,1016.4,1002.3
2025-07-30T04:00,15.2,0.00,93,14.0,16.0,0.00,0.00,0.00,3,100,44,100,8,3.3,226,202,10.9,10.8,0,0.00,1016.4,1002.3
2025-07-30T05:00,15.4,0.50,92,14.0,16.0,0.50,0.00,0.00,53,97,4,96,9,4.7,235,196,9.7,9.4,1,0.00,1016.5,1002.4
2025-07-30T06:00,15.2,0.40,95,14.3,15.9,0.40,0.00,0.00,51,100,14,100,42,4.7,298,288,10.2,13.7,1,0.00,1017.1,1003.0
2025-07-30T07:00,15.2,1.20,97,14.8,16.1,1.20,0.00,0.00,55,100,91,100,14,5.1,223,190,6.6,15.1,1,0.00,1017.2,1003.1
2025-07-30T08:00,15.5,1.10,96,14.8,16.2,1.10,0.00,0.00,55,100,99,100,100,5.9,223,211,10.6,16.6,1,0.00,1017.4,1003.3
2025-07-30T09:00,16.0,0.30,91,14.6,16.4,0.30,0.00,0.00,51,56,0,48,15,8.1,221,215,13.3,21.6,1,0.00,1017.6,1003.5
2025-07-30T10:00,17.6,0.10,86,15.2,18.0,0.10,0.00,0.00,51,34,3,19,17,8.9,245,241,12.5,26.6,1,3600.00,1017.5,1003.5
2025-07-30T11:00,19.5,0.10,72,14.4,20.1,0.10,0.00,0.00,51,100,9,14,100,9.6,268,264,13.3,28.1,1,3600.00,1017.1,1003.2
2025-07-30T12:00,19.3,0.10,67,13.1,18.9,0.10,0.00,0.00,51,72,24,22,52,9.8,288,288,13.8,27.7,1,2304.59,1017.0,1003.1
2025-07-30T13:00,19.6,0.20,68,13.5,19.3,0.20,0.00,0.00,51,73,68,5,15,9.8,290,288,13.6,24.8,1,3600.00,1016.9,1003.0
2025-07-30T14:00,20.8,0.10,57,12.0,21.1,0.10,0.00,0.00,51,56,51,8,4,8.8,277,275,12.3,26.6,1,3600.00,1017.2,1003.4
2025-07-30T15:00,21.2,0.00,53,11.3,21.0,0.00,0.00,0.00,1,40,27,16,5,8.8,283,282,12.4,24.1,1,3600.00,1017.0,1003.2
2025-07-30T16:00,21.7,0.00,50,10.7,20.6,0.00,0.00,0.00,1,33,8,27,9,9.5,286,284,13.7,23.8,1,3600.00,1016.9,1003.1
2025-07-30T17:00,21.7,0.00,48,10.3,20.5,0.00,0.00,0.00,1,30,0,29,7,9.2,279,277,13.8,23.4,1,3600.00,1016.7,1002.9
2025-07-30T18:00,21.3,0.00,53,11.3,20.7,0.00,0.00,0.00,1,34,1,34,7,7.1,282,277,12.5,20.9,1,3600.00,1016.5,1002.7
2025-07-30T19:00,20.4,0.00,61,12.6,20.5,0.00,0.00,0.00,2,75,61,32,6,4.5,272,256,11.5,15.1,1,3600.00,1016.7,1002.8
2025-07-30T20:00,18.5,0.00,69,12.8,18.7,0.00,0.00,0.00,3,84,77,31,19,4.6,255,239,12.9,9.7,1,1298.36,1016.9,1003.0
2025-07-30T21:00,17.7,0.00,74,13.0,17.8,0.00,0.00,0.00,2,56,13,42,17,5.9,235,227,16.8,13.0,0,0.00,1017.2,1003.2
2025-07-30T22:00,16.6,0.00,81,13.3,17.2,0.00,0.00,0.00,3,96,89,59,25,3.2,313,16,4.7,12.2,0,0.00,1017.9,1003.9
2025-07-30T23:00,16.6,0.00,82,13.5,17.5,0.00,0.00,0.00,2,66,26,43,31,1.3,229,135,6.9,7.2,0,0.00,1017.9,1003.9
2025-07-31T00:00,16.5,0.00,85,13.9,16.7,0.00,0.00,0.00,1,41,7,21,28,7.8,220,202,17.0,14.8,0,0.00,1017.6,1003.6
2025-07-31T01:00,15.8,0.00,89,14.1,15.9,0.00,0.00,0.00,1,28,0,21,17,8.2,226,212,18.1,16.6,0,0.00,1017.6,1003.5
2025-07-31T02:00,15.2,0.10,91,13.8,15.6,0.10,0.00,0.00,51,32,0,19,16,5.4,223,186,10.8,20.2,0,0.00,1017.8,1003.7
2025-07-31T03:00,14.7,0.00,94,13.8,14.6,0.00,0.00,0.00,2,58,0,33,38,8.9,211,188,16.5,17.3,0,0.00,1017.9,1003.8
2025-07-31T04:00,14.5,0.00,97,14.0,14.6,0.00,0.00,0.00,2,61,35,22,26,8.4,213,199,17.7,17.6,0,0.00,1017.6,1003.5
2025-07-31T05:00,14.4,0.00,98,14.1,14.6,0.00,0.00,0.00,2,77,22,43,51,8.0,223,208,16.0,18.0,1,0.00,1017.8,1003.7
2025-07-31T06:00,14.7,0.50,98,14.4,15.0,0.50,0.00,0.00,53,92,26,28,86,7.3,222,210,14.1,15.5,1,0.00,1017.8,1003.7
2025-07-31T07:00,15.2,0.50,96,14.5,15.3,0.50,0.00,0.00,53,86,49,28,69,9.4,219,216,13.0,20.2,1,911.64,1017.8,1003.7
2025-07-31T08:00,16.5,0.00,88,14.5,16.3,0.00,0.00,0.00,3,100,26,12,100,11.1,229,228,16.0,24.8,1,3600.00,1017.8,1003.7
2025-07-31T09:00,17.6,0.20,80,14.1,17.3,0.20,0.00,0.00,51,93,75,21,65,11.5,241,240,16.5,27.0,1,3600.00,1017.7,1003.7
2025-07-31T10:00,19.2,0.00,71,13.8,19.0,0.00,0.00,0.00,1,36,21,19,5,9.7,240,239,13.7,27.4,1,3600.00,1017.4,1003.5
2025-07-31T11:00,20.9,0.00,59,12.7,20.7,0.00,0.00,0.00,1,32,0,19,24,11.5,257,259,16.2,28.1,1,3600.00,1017.2,1003.4
2025-07-31T12:00,21.8,0.00,54,12.2,20.8,0.00,0.00,0.00,2,50,1,46,19,14.7,265,264,21.0,34.2,1,3600.00,1016.8,1003.0
2025-07-31T13:00,22.6,0.10,51,12.0,21.6,0.10,0.00,0.00,51,77,39,60,31,14.7,258,259,21.1,34.2,1,3600.00,1016.1,1002.4
2025-07-31T14:00,22.7,0.30,52,12.3,22.0,0.30,0.00,0.00,51,93,88,42,18,15.7,253,253,22.6,36.0,1,3600.00,1016.4,1002.7
2025-07-31T15:00,23.3,0.00,49,12.0,21.9,0.00,0.00,0.00,3,100,99,41,15,15.3,256,258,22.2,36.0,1,3600.00,1015.9,1002.2
2025-07-31T16:00,23.6,0.10,48,11.9,22.2,0.10,0.00,0.00,51,100,100,86,11,13.1,264,263,19.9,34.2,1,3600.00,1015.4,1001.7
2025-07-31T17:00,22.7,0.00,55,13.2,21.9,0.00,0.00,0.00,3,98,97,41,14,12.2,263,262,20.7,28.8,1,3507.63,1015.2,1001.5
2025-07-31T18:00,22.1,0.00,61,14.2,21.8,0.00,0.00,0.00,3,84,58,61,11,11.2,276,275,19.9,28.1,1,3600.00,1015.0,1001.3
2025-07-31T19:00,21.1,0.00,66,14.6,21.4,0.00,0.00,0.00,3,84,51,66,17,8.0,283,288,17.0,24.5,1,3600.00,1015.1,1001.3
2025-07-31T20:00,18.7,0.10,80,15.2,18.6,0.10,0.00,0.00,51,92,70,75,7,12.6,343,351,22.7,26.3,1,0.00,1015.6,1001.7
2025-07-31T21:00,17.8,0.00,87,15.5,19.2,0.00,0.00,0.00,3,100,100,46,11,2.9,300,349,11.2,24.8,0,0.00,1015.5,1001.5
2025-07-31T22:00,17.5,0.90,85,15.0,17.6,0.90,0.00,0.00,53,100,97,100,30,10.2,249,240,20.3,19.4,0,0.00,1015.7,1001.7
2025-07-31T23:00,16.5,8.20,95,15.7,17.4,8.20,0.00,0.00,65,99,91,95,39,7.0,230,198,16.2,21.6,0,0.00,1015.2,1001.2
2025-08-01T00:00,16.3,2.30,95,15.6,16.9,2.30,0.00,0.00,61,100,87,98,12,8.8,203,179,18.6,18.0,0,0.00,1014.9,1000.9
2025-08-01T01:00,16.1,0.90,96,15.5,16.2,0.90,0.00,0.00,53,100,99,98,42,11.9,222,212,22.8,24.5,0,0.00,1014.8,1000.8
2025-08-01T02:00,16.4,0.90,96,15.7,17.1,0.90,0.00,0.00,53,100,100,99,36,8.8,228,211,17.2,25.9,0,0.00,1014.2,1000.2
2025-08-01T03:00,16.0,1.40,96,15.3,16.5,1.40,0.00,0.00,61,100,100,99,1,8.9,236,223,19.5,28.4,0,0.00,1013.9,999.9
2025-08-01T04:00,15.6,1.70,97,15.2,15.8,1.70,0.00,0.00,61,98,98,28,4,11.0,219,210,21.9,29.9,0,0.00,1013.4,999.4
2025-08-01T05:00,15.3,0.10,97,14.8,15.9,0.10,0.00,0.00,51,38,1,6,34,6.6,224,213,16.9,21.6,1,0.00,1013.2,999.2
2025-08-01T06:00,15.7,0.10,97,15.2,15.8,0.10,0.00,0.00,51,100,0,6,100,11.3,223,219,21.4,22.3,1,308.07,1013.2,999.2
2025-08-01T07:00,16.1,0.10,97,15.5,16.0,0.10,0.00,0.00,51,100,16,4,100,13.0,248,245,24.1,23.8,1,0.00,1013.0,999.0
2025-08-01T08:00,16.8,0.20,93,15.6,16.8,0.20,0.00,0.00,51,100,9,22,100,12.9,253,252,20.3,31.7,1,0.00,1013.1,999.1
2025-08-01T09:00,18.7,0.20,85,16.2,19.1,0.20,0.00,0.00,51,90,27,3,86,11.3,247,245,16.0,27.7,1,3600.00,1013.1,999.2
2025-08-01T10:00,19.9,0.20,75,15.3,19.8,0.20,0.00,0.00,51,100,72,6,100,12.5,253,252,17.7,30.6,1,3600.00,1012.9,999.1
2025-08-01T11:00,20.1,0.10,70,14.4,19.8,0.10,0.00,0.00,51,100,13,8,100,11.4,258,258,16.0,30.2,1,628.21,1012.3,998.5
2025-08-01T12:00,20.3,0.00,73,15.2,20.5,0.00,0.00,0.00,2,60,3,4,57,10.5,289,290,15.2,29.2,1,1349.52,1012.2,998.4
2025-08-01T13:00,21.7,0.10,65,14.8,22.2,0.10,0.00,0.00,51,100,14,5,100,10.8,269,268,15.3,28.4,1,3600.00,1011.8,998.1
2025-08-01T14:00,21.5,0.20,71,16.0,22.8,0.20,0.00,0.00,51,93,80,7,66,11.3,231,233,15.7,29.5,1,3600.00,1011.7,998.0
2025-08-01T15:00,21.1,0.80,68,15.0,20.6,0.80,0.00,0.00,53,85,63,9,55,14.5,241,238,20.6,33.8,1,3600.00,1011.4,997.7
2025-08-01T16:00,19.8,0.20,81,16.4,20.6,0.20,0.00,0.00,51,55,41,17,9,9.7,240,236,14.2,32.8,1,3600.00,1011.5,997.7
2025-08-01T17:00,19.8,0.10,78,15.9,20.8,0.10,0.00,0.00,51,96,95,4,13,7.0,314,318,9.8,25.6,1,3600.00,1011.7,997.9
2025-08-01T18:00,19.8,0.00,76,15.4,21.4,0.00,0.00,0.00,3,96,96,4,0,1.4,270,270,2.0,22.0,1,3600.00,1011.0,997.2
2025-08-01T19:00,19.4,0.00,81,16.0,21.0,0.00,0.00,0.00,0,16,0,15,1,3.5,217,235,7.7,10.1,1,3600.00,1011.0,997.2
2025-08-01T20:00,15.7,1.00,96,15.0,16.9,1.00,0.00,0.00,55,72,48,46,2,3.2,328,313,10.8,24.5,1,1120.31,1012.1,998.1
2025-08-01T21:00,15.6,0.00,97,15.0,17.0,0.00,0.00,0.00,1,37,35,2,1,1.8,208,169,4.3,5.8,0,0.00,1012.3,998.3
2025-08-01T22:00,14.6,0.00,98,14.3,15.5,0.00,0.00,0.00,3,98,98,8,1,3.9,221,196,10.1,7.6,0,0.00,1012.5,998.4
2025-08-01T23:00,14.5,0.00,99,14.3,15.3,0.00,0.00,0.00,3,100,100,4,0,3.6,222,198,9.4,8.6,0,0.00,1012.4,998.3
2025-08-02T00:00,14.4,0.00,99,14.3,15.4,0.00,0.00,0.00,3,99,99,1,25,3.2,230,207,8.2,6.5,0,0.00,1012.4,998.3
2025-08-02T01:00,14.8,0.00,99,14.7,16.0,0.00,0.00,0.00,3,100,99,47,96,2.4,277,261,6.2,6.1,0,0.00,1012.4,998.3
2025-08-02T02:00,14.9,0.00,100,14.9,16.1,0.00,0.00,0.00,3,100,100,2,100,2.9,338,338,8.7,5.8,0,0.00,1011.9,997.9
2025-08-02T03:00,14.9,0.00,100,14.9,15.5,0.00,0.00,0.00,3,100,100,20,98,6.6,343,338,13.9,11.9,0,0.00,1011.8,997.8
2025-08-02T04:00,14.6,0.00,99,14.5,15.5,0.00,0.00,0.00,3,100,100,2,68,4.2,354,353,12.9,13.7,0,0.00,1011.9,997.8
2025-08-02T05:00,14.2,0.00,99,14.1,15.1,0.00,0.00,0.00,3,100,100,42,22,3.1,347,332,10.2,9.0,1,0.00,1012.4,998.3
2025-08-02T06:00,14.4,0.00,98,14.1,15.0,0.00,0.00,0.00,3,100,100,70,11,5.3,345,336,12.1,10.8,1,0.00,1012.6,998.5
2025-08-02T07:00,14.9,0.00,94,14.0,15.2,0.00,0.00,0.00,3,100,100,83,25,6.9,315,300,11.2,15.1,1,0.00,1013.0,998.9
2025-08-02T08:00,15.7,0.00,88,13.7,15.5,0.00,0.00,0.00,3,100,99,3,52,9.3,332,331,12.8,22.0,1,1927.16,1013.1,999.1
2025-08-02T09:00,16.7,0.00,83,13.8,16.9,0.00,0.00,0.00,3,96,95,2,29,6.7,325,322,9.0,22.0,1,3600.00,1013.3,999.3
2025-08-02T10:00,18.2,0.00,77,14.1,18.7,0.00,0.00,0.00,3,92,90,4,21,6.6,298,296,8.8,22.7,1,3600.00,1013.2,999.3
2025-08-02T11:00,19.1,0.00,72,14.0,19.8,0.00,0.00,0.00,2,78,71,8,18,8.1,288,288,10.8,24.5,1,3600.00,1013.3,999.4
2025-08-02T12:00,19.7,0.00,69,13.9,20.6,0.00,0.00,0.00,2,53,37,17,14,8.4,279,279,11.5,25.6,1,3600.00,1013.3,999.5
2025-08-02T13:00,20.7,0.00,64,13.6,21.9,0.00,0.00,0.00,1,38,23,15,5,8.0,279,278,10.9,25.6,1,3600.00,1013.2,999.4
2025-08-02T14:00,20.4,0.00,62,12.9,20.7,0.00,0.00,0.00,2,53,42,17,8,8.6,281,281,11.7,25.9,1,3600.00,1013.8,1000.0
2025-08-02T15:00,20.8,0.00,61,13.1,21.1,0.00,0.00,0.00,1,37,9,25,9,9.6,275,278,13.2,28.1,1,3600.00,1013.7,999.9
2025-08-02T16:00,20.8,0.00,60,12.7,20.0,0.00,0.00,0.00,1,26,4,18,6,11.4,265,265,15.7,28.1,1,3600.00,1013.8,1000.0
2025-08-02T17:00,20.6,0.10,59,12.4,19.8,0.10,0.00,0.00,51,27,4,22,4,10.4,261,259,14.9,31.0,1,3600.00,1014.0,1000.2
2025-08-02T18:00,20.2,0.10,60,12.1,19.4,0.10,0.00,0.00,51,46,0,37,18,9.7,282,282,16.0,24.1,1,3600.00,1013.9,1000.1
2025-08-02T19:00,19.0,0.00,66,12.4,18.2,0.00,0.00,0.00,1,24,0,20,6,10.5,310,309,19.2,23.0,1,3600.00,1014.3,1000.4
2025-08-02T20:00,16.8,0.10,80,13.4,16.5,0.10,0.00,0.00,51,57,19,47,0,8.9,312,310,16.8,27.7,1,568.22,1015.3,1001.3
2025-08-02T21:00,16.0,0.00,87,13.8,16.3,0.00,0.00,0.00,3,91,89,8,17,6.1,289,275,13.5,18.0,0,0.00,1016.2,1002.1
2025-08-02T22:00,15.5,0.00,90,13.9,15.9,0.00,0.00,0.00,2,70,66,2,10,5.6,285,266,13.6,12.6,0,0.00,1016.6,1002.5
2025-08-02T23:00,15.1,0.00,92,13.8,15.5,0.00,0.00,0.00,3,82,74,18,16,5.4,291,268,13.7,11.5,0,0.00,1017.0,1002.9
2025-08-03T00:00,15.0,0.00,92,13.7,15.1,0.00,0.00,0.00,1,40,18,7,22,7.1,304,286,16.0,14.0,0,0.00,1017.5,1003.4
2025-08-03T01:00,14.7,0.00,92,13.4,14.7,0.00,0.00,0.00,1,48,0,27,32,7.2,318,305,15.8,16.2,0,0.00,1017.9,1003.8
2025-08-03T02:00,14.5,0.00,95,13.8,15.1,0.00,0.00,0.00,1,33,1,32,0,4.4,311,297,13.0,15.1,0,0.00,1017.9,1003.8
2025-08-03T03:00,14.2,0.00,95,13.4,14.6,0.00,0.00,0.00,1,32,0,28,5,4.2,300,280,11.6,9.4,0,0.00,1018.1,1003.9
2025-08-03T04:00,13.7,0.00,95,12.8,13.9,0.00,0.00,0.00,0,14,0,9,7,4.6,298,281,13.0,9.7,0,0.00,1018.3,1004.1
2025-08-03T05:00,13.6,0.00,94,12.7,13.6,0.00,0.00,0.00,3,100,100,13,34,5.8,305,296,15.8,12.2,0,0.00,1018.6,1004.4
2025-08-03T06:00,14.2,0.00,94,13.2,14.2,0.00,0.00,0.00,3,100,100,16,30,6.5,310,302,14.1,13.0,1,0.00,1019.0,1004.8
2025-08-03T07:00,14.6,0.10,86,12.3,14.1,0.10,0.00,0.00,51,100,100,43,31,8.8,315,311,14.0,21.2,1,216.46,1019.3,1005.1
2025-08-03T08:00,15.1,0.10,84,12.5,14.7,0.10,0.00,0.00,51,100,100,100,18,8.4,311,307,12.2,19.4,1,155.80,1019.5,1005.4
2025-08-03T09:00,15.2,0.20,84,12.5,14.4,0.20,0.00,0.00,51,100,100,100,22,10.8,310,308,15.2,24.5,1,0.00,1020.0,1005.9
2025-08-03T10:00,15.0,0.20,85,12.6,14.4,0.20,0.00,0.00,51,100,100,100,9,9.8,309,308,14.3,25.2,1,0.00,1020.4,1006.2
2025-08-03T11:00,15.6,0.10,80,12.1,15.0,0.10,0.00,0.00,51,100,84,100,1,8.9,308,306,13.0,24.1,1,0.00,1020.6,1006.5
2025-08-03T12:00,16.2,0.10,73,11.4,15.8,0.10,0.00,0.00,51,100,71,100,3,5.8,297,296,8.7,21.2,1,0.00,1020.7,1006.6
2025-08-03T13:00,17.3,0.00,65,10.8,16.8,0.00,0.00,0.00,3,98,71,88,45,5.2,299,299,7.4,16.2,1,0.00,1020.6,1006.6
2025-08-03T14:00,18.2,0.00,67,11.9,17.8,0.00,0.00,0.00,3,100,95,100,29,7.0,261,260,9.5,19.4,1,3600.00,1020.8,1006.8
2025-08-03T15:00,18.6,0.00,63,11.5,17.7,0.00,0.00,0.00,2,77,49,44,29,8.7,256,256,12.0,22.0,1,3338.42,1020.7,1006.7
2025-08-03T16:00,19.5,0.00,58,10.9,18.3,0.00,0.00,0.00,3,84,61,43,48,9.9,264,265,13.9,24.1,1,3600.00,1020.4,1006.5
2025-08-03T17:00,19.4,0.00,57,10.6,18.2,0.00,0.00,0.00,3,99,98,54,38,9.2,268,267,13.7,25.6,1,3095.62,1020.4,1006.5
2025-08-03T18:00,19.4,0.00,59,11.3,18.9,0.00,0.00,0.00,3,100,100,50,22,6.1,262,256,11.1,20.2,1,3600.00,1020.2,1006.3
2025-08-03T19:00,18.8,0.00,67,12.4,18.8,0.00,0.00,0.00,3,100,100,8,17,4.8,220,202,10.7,13.0,1,1857.72,1020.3,1006.3
2025-08-03T20:00,17.1,0.00,72,12.0,16.5,0.00,0.00,0.00,3,100,100,1,23,8.3,212,198,19.1,16.2,1,0.00,1020.5,1006.4
2025-08-03T21:00,16.5,0.00,74,11.8,15.7,0.00,0.00,0.00,2,61,46,22,25,8.7,227,212,20.5,17.6,0,0.00,1021.3,1007.2
2025-08-03T22:00,15.6,0.00,78,11.8,14.9,0.00,0.00,0.00,0,12,1,2,9,8.9,216,201,21.0,18.4,0,0.00,1021.1,1007.0
2025-08-03T23:00,15.1,0.00,81,11.8,14.4,0.00,0.00,0.00,3,81,80,4,1,8.3,219,198,19.8,18.0,0,0.00,1021.1,1006.9
2025-08-04T00:00,14.6,0.00,82,11.6,13.8,0.00,0.00,0.00,2,78,68,55,1,9.2,211,192,20.9,18.7,0,0.00,1020.9,1006.7
2025-08-04T01:00,14.4,0.40,83,11.6,13.6,0.40,0.00,0.00,51,100,100,87,65,8.6,213,196,20.4,20.5,0,0.00,1021.0,1006.8
2025-08-04T02:00,14.3,0.50,85,11.8,13.4,0.50,0.00,0.00,53,100,100,86,21,9.6,223,210,22.4,21.2,0,0.00,1020.9,1006.7
2025-08-04T03:00,14.2,0.10,88,12.2,13.6,0.10,0.00,0.00,51,100,100,96,12,8.9,219,201,20.9,19.8,0,0.00,1020.4,1006.2
2025-08-04T04:00,14.4,0.10,88,12.4,13.9,0.10,0.00,0.00,51,100,100,100,24,8.9,215,194,20.4,19.8,0,0.00,1020.2,1006.0
2025-08-04T05:00,14.1,1.70,94,13.1,13.4,1.70,0.00,0.00,61,100,99,100,100,11.1,221,211,24.8,22.7,0,0.00,1020.2,1006.0
2025-08-04T06:00,14.0,2.80,94,13.1,12.8,2.80,0.00,0.00,63,100,96,100,99,15.3,218,214,30.0,31.7,1,0.00,1020.2,1006.0
2025-08-04T07:00,13.9,4.50,95,13.2,12.7,4.50,0.00,0.00,63,100,100,100,100,15.4,217,212,28.7,31.7,1,0.00,1020.4,1006.2
2025-08-04T08:00,13.9,2.80,96,13.3,12.9,2.80,0.00,0.00,63,100,100,100,100,14.0,217,210,26.0,31.3,1,0.00,1020.7,1006.5
2025-08-04T09:00,14.7,0.50,95,13.9,14.1,0.50,0.00,0.00,53,99,88,68,75,12.3,216,207,23.2,27.7,1,0.00,1020.7,1006.5
2025-08-04T10:00,16.1,0.30,92,14.8,15.8,0.30,0.00,0.00,51,98,80,79,69,12.7,204,198,18.9,29.2,1,2249.13,1020.9,1006.8
2025-08-04T11:00,17.5,0.00,86,15.1,17.0,0.00,0.00,0.00,3,99,0,14,99,14.7,212,213,21.2,31.3,1,928.42,1020.6,1006.6
2025-08-04T12:00,19.3,0.50,80,15.8,19.1,0.50,0.00,0.00,53,97,13,69,91,15.0,235,235,21.9,33.8,1,756.35,1020.4,1006.4
2025-08-04T13:00,20.3,0.30,77,16.2,20.4,0.30,0.00,0.00,51,100,17,100,22,13.9,240,240,20.6,32.4,1,1045.24,1020.3,1006.4
2025-08-04T14:00,19.6,0.40,82,16.4,20.0,0.40,0.00,0.00,51,62,23,40,35,11.9,230,229,18.6,32.4,1,0.00,1020.6,1006.7
2025-08-04T15:00,21.3,0.00,73,16.2,21.2,0.00,0.00,0.00,2,59,15,9,48,15.2,229,228,22.1,33.1,1,3600.00,1019.9,1006.0
2025-08-04T16:00,21.6,0.00,73,16.5,22.1,0.00,0.00,0.00,3,96,93,13,40,12.5,214,212,18.6,34.2,1,3600.00,1019.7,1005.9
2025-08-04T17:00,22.4,0.00,70,16.8,23.2,0.00,0.00,0.00,2,71,56,45,1,11.1,202,197,16.6,28.4,1,3600.00,1019.1,1005.3
2025-08-04T18:00,22.8,0.00,68,16.6,23.4,0.00,0.00,0.00,2,68,46,39,8,11.6,207,201,19.9,25.9,1,3600.00,1018.9,1005.1
2025-08-04T19:00,21.6,0.00,74,16.8,22.4,0.00,0.00,0.00,3,83,79,33,7,10.5,201,192,20.8,24.8,1,3600.00,1018.8,1005.0
2025-08-04T20:00,20.1,0.00,81,16.7,21.1,0.00,0.00,0.00,3,100,75,100,2,9.4,198,181,20.8,22.0,1,185.19,1018.8,1004.9
2025-08-04T21:00,19.9,0.00,81,16.5,20.8,0.00,0.00,0.00,0,11,0,0,10,9.2,201,180,20.4,19.1,0,0.00,1019.0,1005.1
2025-08-04T22:00,19.0,0.00,82,15.9,19.7,0.00,0.00,0.00,1,27,17,19,6,9.4,204,187,22.1,19.8,0,0.00,1018.9,1005.0
2025-08-04T23:00,18.6,0.00,83,15.7,19.3,0.00,0.00,0.00,1,26,9,24,0,8.3,212,193,20.1,19.1,0,0.00,1018.8,1004.8
2025-08-05T00:00,18.3,0.00,85,15.7,18.9,0.00,0.00,0.00,1,34,0,33,0,8.7,202,176,19.6,17.3,0,0.00,1018.6,1004.6
2025-08-05T01:00,18.1,0.00,86,15.7,18.8,0.00,0.00,0.00,0,11,0,10,2,8.5,206,184,19.9,16.9,0,0.00,1018.3,1004.3
2025-08-05T02:00,18.2,0.00,85,15.7,18.8,0.00,0.00,0.00,0,19,0,17,16,9.0,216,196,21.6,19.1,0,0.00,1017.6,1003.6
2025-08-05T03:00,17.9,0.00,86,15.6,18.5,0.00,0.00,0.00,1,25,0,19,21,8.6,209,182,20.3,18.7,0,0.00,1017.4,1003.4
2025-08-05T04:00,17.6,0.00,87,15.3,18.3,0.00,0.00,0.00,1,22,0,11,21,7.5,203,170,18.2,17.6,0,0.00,1017.0,1003.0
2025-08-05T05:00,17.5,0.00,86,15.2,17.9,0.00,0.00,0.00,1,24,1,21,16,9.2,207,180,21.1,19.1,0,0.00,1016.8,1002.8
2025-08-05T06:00,17.9,0.00,84,15.1,18.1,0.00,0.00,0.00,3,91,0,90,22,10.2,210,188,22.5,21.2,1,312.72,1016.7,1002.7
2025-08-05T07:00,19.0,0.00,80,15.5,19.4,0.00,0.00,0.00,1,33,11,17,13,9.5,218,209,20.3,22.0,1,2073.83,1016.6,1002.7
2025-08-05T08:00,20.3,0.00,78,16.3,21.1,0.00,0.00,0.00,3,85,81,7,11,9.3,215,205,16.4,22.0,1,3600.00,1016.7,1002.8
2025-08-05T09:00,21.9,0.00,73,16.9,22.8,0.00,0.00,0.00,3,95,69,86,13,9.8,220,215,15.7,24.8,1,3600.00,1016.7,1002.9
2025-08-05T10:00,22.3,0.00,74,17.4,23.4,0.00,0.00,0.00,2,54,35,33,10,10.2,231,229,15.2,25.2,1,3498.62,1016.9,1003.1
2025-08-05T11:00,23.7,0.00,72,18.3,24.9,0.00,0.00,0.00,3,100,1,100,62,13.0,269,271,18.2,37.4,1,3600.00,1017.3,1003.6
2025-08-05T12:00,20.4,1.50,84,17.6,21.8,1.50,0.00,0.00,61,100,4,100,40,9.2,303,305,14.7,39.6,1,0.00,1018.4,1004.5
2025-08-05T13:00,20.1,0.20,85,17.5,20.9,0.20,0.00,0.00,51,86,2,84,26,12.6,320,319,18.6,33.5,1,0.00,1018.8,1004.9
2025-08-05T14:00,19.8,1.40,84,17.0,21.0,1.40,0.00,0.00,61,33,0,12,32,8.7,313,308,12.9,28.8,1,0.00,1019.3,1005.4
2025-08-05T15:00,21.7,0.00,71,16.2,22.7,0.00,0.00,0.00,0,18,0,13,6,9.0,320,316,12.5,24.1,1,3600.00,1019.2,1005.4
2025-08-05T16:00,22.1,0.00,65,15.2,22.3,0.00,0.00,0.00,1,27,0,21,11,11.2,308,307,16.2,27.0,1,3600.00,1019.5,1005.7
2025-08-05T17:00,22.2,0.00,62,14.5,22.0,0.00,0.00,0.00,1,23,0,18,9,11.5,302,301,17.0,27.0,1,3600.00,1019.8,1006.0
2025-08-05T18:00,22.0,0.00,59,13.7,21.5,0.00,0.00,0.00,1,22,0,21,11,11.5,303,301,20.0,27.4,1,3600.00,1020.3,1006.5
2025-08-05T19:00,20.8,0.00,61,13.1,20.0,0.00,0.00,0.00,1,23,0,18,10,12.3,311,308,24.0,26.3,1,3600.00,1020.9,1007.0
2025-08-05T20:00,19.3,0.00,62,11.9,18.0,0.00,0.00,0.00,0,1,0,0,0,12.8,313,312,26.4,28.8,0,669.14,1021.9,1007.9
2025-08-05T21:00,17.8,0.00,70,12.2,17.1,0.00,0.00,0.00,0,17,0,8,17,9.3,324,323,21.4,27.0,0,0.00,1023.1,1009.0
2025-08-05T22:00,16.8,0.00,75,12.3,16.2,0.00,0.00,0.00,1,33,0,20,32,8.8,350,348,20.3,19.1,0,0.00,1024.1,1010.0
2025-08-05T23:00,16.1,0.00,71,10.9,15.0,0.00,0.00,0.00,0,10,0,0,10,9.1,351,350,21.0,19.8,0,0.00,1025.0,1010.8
2025-08-06T00:00,15.1,0.00,74,10.4,14.2,0.00,0.00,0.00,0,0,0,0,0,6.9,353,353,18.0,19.4,0,0.00,1025.4,1011.2
2025-08-06T01:00,14.2,0.00,76,10.1,13.5,0.00,0.00,0.00,0,0,0,0,0,5.4,355,356,15.2,14.4,0,0.00,1025.9,1011.6
2025-08-06T02:00,13.8,0.00,75,9.5,12.6,0.00,0.00,0.00,0,0,0,0,0,7.3,349,349,18.7,18.4,0,0.00,1025.9,1011.6
2025-08-06T03:00,12.6,0.00,81,9.4,11.8,0.00,0.00,0.00,0,0,0,0,0,4.2,346,355,13.0,15.1,0,0.00,1026.0,1011.6
2025-08-06T04:00,12.5,0.00,78,8.9,12.1,0.00,0.00,0.00,0,0,0,0,0,0.9,352,101,6.7,8.6,0,0.00,1026.2,1011.8
2025-08-06T05:00,11.9,0.00,80,8.6,11.4,0.00,0.00,0.00,0,0,0,0,0,1.0,21,121,3.1,3.6,0,0.00,1026.4,1012.0
2025-08-06T06:00,12.3,0.00,81,9.1,11.8,0.00,0.00,0.00,0,0,0,0,0,1.5,35,104,2.2,4.0,1,747.08,1026.4,1012.0
2025-08-06T07:00,14.1,0.00,82,11.1,14.0,0.00,0.00,0.00,1,20,20,0,0,3.1,101,118,2.8,8.3,1,3600.00,1026.6,1012.3
2025-08-06T08:00,16.1,0.00,69,10.4,15.8,0.00,0.00,0.00,1,26,26,0,0,2.7,146,157,4.1,10.8,1,3600.00,1026.5,1012.3
2025-08-06T09:00,17.6,0.00,63,10.5,17.4,0.00,0.00,0.00,3,100,100,0,0,2.8,145,153,3.7,12.2,1,3600.00,1026.4,1012.3
2025-08-06T10:00,18.9,0.00,56,9.9,18.9,0.00,0.00,0.00,3,100,100,0,0,1.9,117,124,2.8,12.2,1,3600.00,1026.2,1012.1
2025-08-06T11:00,19.8,0.00,50,9.2,20.3,0.00,0.00,0.00,3,100,100,0,0,1.8,82,90,2.7,12.2,1,3600.00,1025.8,1011.8
2025-08-06T12:00,20.5,0.00,49,9.6,21.6,0.00,0.00,0.00,3,100,100,0,0,0.3,90,135,0.9,12.2,1,3600.00,1025.3,1011.3
2025-08-06T13:00,21.2,0.00,49,10.1,22.6,0.00,0.00,0.00,3,100,100,0,0,0.0,63,270,0.4,10.4,1,3600.00,1024.6,1010.7
2025-08-06T14:00,21.9,0.00,49,10.6,23.0,0.00,0.00,0.00,3,100,100,0,0,1.8,86,101,2.7,11.9,1,3600.00,1024.0,1010.1
2025-08-06T15:00,22.4,0.00,49,11.1,23.5,0.00,0.00,0.00,3,100,100,0,0,0.7,108,166,1.1,11.5,1,3600.00,1023.3,1009.5
2025-08-06T16:00,22.5,0.00,49,11.3,23.0,0.00,0.00,0.00,3,100,100,0,6,0.5,315,270,0.5,9.7,1,3600.00,1022.8,1009.0
2025-08-06T17:00,22.2,0.00,50,11.3,22.4,0.00,0.00,0.00,3,98,98,0,8,1.2,198,219,1.1,8.6,1,3600.00,1022.3,1008.5
2025-08-06T18:00,21.7,0.00,51,11.2,21.6,0.00,0.00,0.00,1,33,27,0,9,2.9,173,187,4.2,7.9,1,3600.00,1022.0,1008.1
2025-08-06T19:00,20.2,0.00,73,15.3,21.9,0.00,0.00,0.00,0,9,2,0,8,0.7,270,270,1.8,7.6,1,3600.00,1021.9,1008.0
2025-08-06T20:00,18.2,0.00,77,14.1,19.3,0.00,0.00,0.00,0,0,0,0,0,1.5,5,14,4.5,2.9,0,768.42,1021.6,1007.6
2025-08-06T21:00,16.7,0.00,81,13.5,17.3,0.00,0.00,0.00,0,4,4,0,0,3.7,62,43,9.2,7.6,0,0.00,1021.7,1007.6
2025-08-06T22:00,15.8,0.00,82,12.7,15.8,0.00,0.00,0.00,3,99,99,0,0,5.3,69,62,12.1,10.1,0,0.00,1021.6,1007.5
2025-08-06T23:00,14.9,0.00,79,11.2,14.2,0.00,0.00,0.00,3,100,100,0,0,6.8,97,93,18.0,14.8,0,0.00,1021.0,1006.8
2025-08-07T00:00,14.6,0.00,74,10.0,13.7,0.00,0.00,0.00,1,20,20,0,0,6.7,99,93,18.2,14.0,0,0.00,1020.9,1006.7
2025-08-07T01:00,13.9,0.00,72,9.0,12.7,0.00,0.00,0.00,3,97,97,0,0,6.3,98,90,18.7,14.0,0,0.00,1020.7,1006.5
2025-08-07T02:00,13.2,0.00,72,8.2,11.8,0.00,0.00,0.00,3,92,92,0,0,5.9,102,102,18.2,14.8,0,0.00,1020.7,1006.4
2025-08-07T03:00,12.8,0.00,75,8.4,11.3,0.00,0.00,0.00,3,99,99,0,0,7.5,106,98,19.7,14.8,0,0.00,1020.3,1006.0
2025-08-07T04:00,12.6,0.00,76,8.5,10.7,0.00,0.00,0.00,3,100,100,0,0,10.2,107,97,23.3,20.2,0,0.00,1019.8,1005.5
2025-08-07T05:00,12.7,0.00,76,8.6,10.9,0.00,0.00,0.00,2,78,78,1,0,9.7,109,100,22.1,20.5,0,0.00,1019.7,1005.4
2025-08-07T06:00,12.8,0.00,77,8.9,11.1,0.00,0.00,0.00,0,5,3,4,0,9.6,109,99,21.3,19.4,1,308.31,1019.6,1005.3
2025-08-07T07:00,14.8,0.00,74,10.2,13.5,0.00,0.00,0.00,0,2,0,2,0,9.2,117,113,20.3,19.4,1,3600.00,1019.6,1005.4
2025-08-07T08:00,17.0,0.00,71,11.6,16.4,0.00,0.00,0.00,1,44,0,44,0,7.7,122,118,16.6,19.1,1,3600.00,1019.7,1005.6
2025-08-07T09:00,19.0,0.00,67,12.7,18.8,0.00,0.00,0.00,2,64,0,64,0,7.0,136,136,10.6,19.8,1,3600.00,1019.8,1005.8
2025-08-07T10:00,20.3,0.00,65,13.4,20.5,0.00,0.00,0.00,0,9,9,0,0,6.2,158,159,8.6,18.7,1,3600.00,1019.4,1005.5
2025-08-07T11:00,22.1,0.00,60,13.9,23.9,0.00,0.00,0.00,0,5,0,5,0,4.6,201,201,6.2,19.1,1,3600.00,1019.4,1005.6
2025-08-07T12:00,23.3,0.00,54,13.4,25.1,0.00,0.00,0.00,0,11,11,0,0,5.9,199,198,7.8,19.1,1,3600.00,1019.0,1005.3
2025-08-07T13:00,24.2,0.00,50,13.2,25.9,0.00,0.00,0.00,0,11,11,0,0,6.7,197,194,8.8,20.2,1,3600.00,1018.6,1004.9
2025-08-07T14:00,25.0,0.00,46,12.7,26.2,0.00,0.00,0.00,0,4,1,0,3,8.1,211,209,10.9,22.3,1,3600.00,1018.3,1004.6
2025-08-07T15:00,25.3,0.00,48,13.5,26.2,0.00,0.00,0.00,1,37,35,0,3,8.1,219,217,11.1,22.3,1,3600.00,1018.1,1004.5
2025-08-07T16:00,25.4,0.00,48,13.5,25.6,0.00,0.00,0.00,0,7,6,2,0,8.8,205,203,12.3,22.0,1,3600.00,1017.6,1004.0
2025-08-07T17:00,25.1,0.00,50,13.9,25.0,0.00,0.00,0.00,1,20,11,13,0,9.6,210,208,13.9,22.3,1,3600.00,1017.5,1003.9
2025-08-07T18:00,24.3,0.00,58,15.5,25.0,0.00,0.00,0.00,3,89,59,87,0,8.3,198,193,15.0,21.6,1,3600.00,1017.3,1003.6
2025-08-07T19:00,22.7,0.00,66,16.0,23.4,0.00,0.00,0.00,1,46,0,46,0,9.0,196,183,20.2,18.4,1,3600.00,1017.3,1003.5
2025-08-07T20:00,21.0,0.00,70,15.4,21.5,0.00,0.00,0.00,0,10,0,10,0,9.1,208,195,22.1,18.7,0,309.96,1017.6,1003.8
2025-08-07T21:00,19.9,0.00,74,15.0,20.5,0.00,0.00,0.00,0,13,0,13,0,7.2,217,202,20.4,18.4,0,0.00,1017.9,1004.0
2025-08-07T22:00,19.0,0.00,77,14.9,20.0,0.00,0.00,0.00,0,10,0,10,0,4.2,224,187,13.7,14.4,0,0.00,1018.1,1004.2
2025-08-07T23:00,18.6,0.00,77,14.4,19.6,0.00,0.00,0.00,1,23,0,23,0,3.1,216,135,9.5,8.3,0,0.00,1018.1,1004.1
2025-08-08T00:00,18.4,0.00,77,14.2,19.3,0.00,0.00,0.00,1,30,0,30,0,3.0,206,123,7.0,6.5,0,0.00,1018.1,1004.1
2025-08-08T01:00,18.1,0.00,76,13.8,18.8,0.00,0.00,0.00,1,28,4,25,0,3.1,194,114,5.8,6.1,0,0.00,1018.3,1004.3
2025-08-08T02:00,16.6,0.00,81,13.3,16.7,0.00,0.00,0.00,0,11,4,7,0,6.4,152,112,9.3,11.5,0,0.00,1018.4,1004.3
2025-08-08T03:00,16.0,0.00,82,13.0,15.9,0.00,0.00,0.00,0,5,5,0,0,6.9,144,107,11.1,12.2,0,0.00,1018.1,1004.0
2025-08-08T04:00,15.6,0.00,83,12.7,15.3,0.00,0.00,0.00,0,4,4,0,0,8.1,145,114,14.6,14.8,0,0.00,1018.1,1004.0
2025-08-08T05:00,15.0,0.00,85,12.5,14.6,0.00,0.00,0.00,0,4,4,0,0,7.6,155,118,14.7,15.1,0,0.00,1018.5,1004.4
2025-08-08T06:00,15.2,0.00,85,12.7,14.8,0.00,0.00,0.00,0,15,0,15,0,8.2,166,119,13.9,15.1,1,403.58,1018.6,1004.5
2025-08-08T07:00,17.5,0.00,79,13.8,17.7,0.00,0.00,0.00,0,0,0,0,0,7.3,173,126,12.5,15.1,1,3600.00,1018.9,1004.9
2025-08-08T08:00,20.2,0.00,72,15.0,20.9,0.00,0.00,0.00,0,10,0,9,0,6.3,172,149,11.6,15.5,1,3600.00,1019.2,1005.3
2025-08-08T09:00,22.0,0.00,66,15.3,22.9,0.00,0.00,0.00,1,29,0,29,0,6.1,171,166,8.9,16.9,1,3600.00,1019.3,1005.5
2025-08-08T10:00,23.6,0.00,61,15.6,24.6,0.00,0.00,0.00,0,9,0,9,0,5.6,179,174,7.6,16.9,1,3600.00,1019.4,1005.7
2025-08-08T11:00,25.6,0.00,53,15.4,27.6,0.00,0.00,0.00,0,0,0,0,0,4.9,192,190,6.8,17.3,1,3600.00,1019.3,1005.7
2025-08-08T12:00,27.1,0.00,48,15.1,29.6,0.00,0.00,0.00,0,0,0,0,0,5.1,208,203,6.9,17.3,1,3600.00,1018.9,1005.3
2025-08-08T13:00,28.2,0.00,43,14.4,30.3,0.00,0.00,0.00,0,0,0,0,0,6.2,221,218,8.3,18.7,1,3600.00,1018.8,1005.3
2025-08-08T14:00,28.9,0.00,35,12.1,30.2,0.00,0.00,0.00,0,0,0,0,0,6.0,239,237,8.1,18.4,1,3600.00,1018.8,1005.3
2025-08-08T15:00,29.2,0.00,35,12.3,30.3,0.00,0.00,0.00,0,0,0,0,0,4.1,230,229,5.6,17.6,1,3600.00,1018.6,1005.1
2025-08-08T16:00,29.5,0.00,34,12.2,30.2,0.00,0.00,0.00,0,0,0,0,0,1.8,200,186,2.7,13.3,1,3600.00,1018.2,1004.7
2025-08-08T17:00,29.5,0.00,35,12.5,29.9,0.00,0.00,0.00,0,18,18,0,0,2.3,81,72,2.4,8.3,1,3600.00,1018.2,1004.7
2025-08-08T18:00,28.2,0.00,47,16.0,29.6,0.00,0.00,0.00,0,17,16,1,0,4.5,50,40,8.0,10.4,1,3600.00,1018.2,1004.7
2025-08-08T19:00,25.9,0.00,67,19.4,29.0,0.00,0.00,0.00,0,1,0,1,0,3.2,49,47,7.1,9.4,1,3600.00,1018.5,1004.9
2025-08-08T20:00,23.9,0.00,73,18.8,26.5,0.00,0.00,0.00,0,0,0,0,0,4.0,67,69,6.9,7.9,0,513.21,1018.8,1005.1
2025-08-08T21:00,22.0,0.00,83,19.0,24.7,0.00,0.00,0.00,0,0,0,0,0,4.2,94,80,5.1,10.1,0,0.00,1019.3,1005.5
2025-08-08T22:00,20.6,0.00,87,18.5,23.2,0.00,0.00,0.00,1,30,30,0,0,3.8,111,90,4.6,9.0,0,0.00,1019.5,1005.6
2025-08-08T23:00,20.2,0.00,83,17.3,22.0,0.00,0.00,0.00,2,71,71,0,0,5.4,122,96,7.8,11.2,0,0.00,1019.5,1005.6
2025-08-09T00:00,19.6,0.00,80,16.0,21.3,0.00,0.00,0.00,1,39,39,0,0,1.9,90,41,3.6,10.4,0,0.00,1019.6,1005.7
2025-08-09T01:00,19.5,0.00,75,15.1,21.1,0.00,0.00,0.00,3,89,89,0,0,0.8,40,27,2.8,3.2,0,0.00,1019.6,1005.7
2025-08-09T02:00,19.2,0.00,74,14.4,20.7,0.00,0.00,0.00,2,74,74,0,0,0.0,360,270,0.2,2.2,0,0.00,1019.5,1005.6
2025-08-09T03:00,18.2,0.00,76,14.0,19.4,0.00,0.00,0.00,1,34,34,0,0,0.5,110,90,2.7,1.8,0,0.00,1019.4,1005.4
2025-08-09T04:00,17.3,0.00,78,13.4,18.3,0.00,0.00,0.00,3,88,88,0,0,0.6,96,56,1.6,1.8,0,0.00,1019.3,1005.3
2025-08-09T05:00,16.9,0.00,78,13.0,17.6,0.00,0.00,0.00,3,100,100,12,0,1.2,84,63,1.8,2.2,0,0.00,1019.4,1005.3
2025-08-09T06:00,17.3,0.00,76,13.0,17.8,0.00,0.00,0.00,3,100,100,32,0,3.3,134,119,6.0,5.8,1,0.00,1019.5,1005.5
2025-08-09T07:00,18.5,0.00,74,13.7,19.0,0.00,0.00,0.00,3,94,94,4,0,5.1,142,135,9.4,10.8,1,1291.61,1019.7,1005.7
2025-08-09T08:00,20.6,0.00,70,14.9,22.1,0.00,0.00,0.00,3,86,85,5,0,1.3,120,146,5.0,10.4,1,3600.00,1019.8,1005.9
2025-08-09T09:00,23.0,0.00,64,15.8,24.9,0.00,0.00,0.00,3,99,99,1,0,0.2,90,270,0.2,8.3,1,3600.00,1020.1,1006.3
2025-08-09T10:00,24.9,0.00,59,16.4,26.9,0.00,0.00,0.00,3,100,100,0,0,1.5,277,277,1.5,10.8,1,3600.00,1020.0,1006.3
2025-08-09T11:00,26.5,0.00,56,16.9,28.9,0.00,0.00,0.00,3,100,100,1,0,4.0,301,297,4.8,15.1,1,3600.00,1020.0,1006.4
2025-08-09T12:00,27.3,0.00,51,16.3,29.3,0.00,0.00,0.00,3,100,100,3,0,2.9,302,300,3.4,15.1,1,3600.00,1019.6,1006.0
2025-08-09T13:00,28.6,0.00,45,15.6,31.0,0.00,0.00,0.00,0,0,0,0,0,2.4,288,283,2.8,13.0,1,3600.00,1019.2,1005.7
2025-08-09T14:00,30.0,0.00,41,15.2,32.8,0.00,0.00,0.00,0,0,0,0,0,3.1,275,270,4.0,15.1,1,3600.00,1019.0,1005.6
2025-08-09T15:00,30.7,0.00,40,15.6,33.1,0.00,0.00,0.00,0,0,0,0,0,3.4,261,254,4.6,14.0,1,3600.00,1018.6,1005.2
2025-08-09T16:00,31.0,0.00,41,16.1,32.8,0.00,0.00,0.00,0,6,6,1,0,3.6,266,261,5.1,13.7,1,3600.00,1018.2,1004.8
2025-08-09T17:00,30.7,0.00,43,16.6,32.6,0.00,0.00,0.00,0,1,1,0,0,2.9,328,330,4.0,13.0,1,3600.00,1018.0,1004.6
2025-08-09T18:00,29.9,0.00,48,17.5,31.7,0.00,0.00,0.00,0,0,0,0,0,5.6,3,360,10.1,11.5,1,3600.00,1018.1,1004.7
2025-08-09T19:00,28.0,0.00,54,17.9,29.9,0.00,0.00,0.00,0,0,0,0,0,6.1,5,3,14.3,11.9,1,3600.00,1018.5,1005.0
2025-08-09T20:00,26.0,0.00,58,17.0,27.5,0.00,0.00,0.00,0,0,0,0,0,6.6,324,338,16.1,13.3,0,301.23,1019.1,1005.5
2025-08-09T21:00,25.1,0.00,59,16.5,26.4,0.00,0.00,0.00,0,0,0,0,0,6.9,306,303,19.1,14.4,0,0.00,1019.8,1006.1
2025-08-09T22:00,24.4,0.00,60,16.2,25.3,0.00,0.00,0.00,0,0,0,0,0,8.5,311,308,21.3,16.9,0,0.00,1020.4,1006.7
2025-08-09T23:00,23.1,0.00,63,15.6,23.0,0.00,0.00,0.00,0,0,0,0,0,13.9,335,329,27.9,28.1,0,0.00,1021.4,1007.6
2025-08-10T00:00,21.8,0.00,64,14.7,21.4,0.00,0.00,0.00,0,0,0,0,0,13.0,340,336,26.4,29.2,0,0.00,1022.0,1008.1
2025-08-10T01:00,20.6,0.00,65,13.9,20.3,0.00,0.00,0.00,0,0,0,0,0,10.5,339,335,23.5,27.0,0,0.00,1022.7,1008.8
2025-08-10T02:00,19.6,0.00,74,14.8,19.8,0.00,0.00,0.00,0,0,0,0,0,9.2,340,337,21.2,19.4,0,0.00,1022.6,1008.6
2025-08-10T03:00,18.9,0.00,73,13.8,18.5,0.00,0.00,0.00,0,2,2,0,0,10.7,340,338,23.7,21.2,0,0.00,1023.2,1009.2
2025-08-10T04:00,18.2,0.00,69,12.4,17.2,0.00,0.00,0.00,0,0,0,0,0,12.0,350,343,25.4,24.5,0,0.00,1023.9,1009.8
2025-08-10T05:00,17.5,0.00,70,11.9,16.5,0.00,0.00,0.00,0,0,0,0,0,10.4,360,350,23.0,24.8,0,0.00,1024.5,1010.4
2025-08-10T06:00,17.1,0.00,74,12.5,16.4,0.00,0.00,0.00,0,0,0,0,0,10.2,358,346,21.1,21.6,1,291.22,1025.2,1011.1
2025-08-10T07:00,18.2,0.00,74,13.4,18.2,0.00,0.00,0.00,0,0,0,0,0,7.3,360,340,15.5,20.9,1,3600.00,1025.6,1011.5
2025-08-10T08:00,19.7,0.00,70,14.0,20.0,0.00,0.00,0.00,0,0,0,0,0,6.9,344,335,9.9,18.7,1,3600.00,1026.1,1012.1
2025-08-10T09:00,21.2,0.00,65,14.4,21.4,0.00,0.00,0.00,0,0,0,0,0,8.6,347,340,11.8,23.0,1,3600.00,1026.2,1012.3
2025-08-10T10:00,22.8,0.00,58,14.2,23.0,0.00,0.00,0.00,0,0,0,0,0,9.6,351,346,13.3,25.9,1,3600.00,1026.7,1012.8
2025-08-10T11:00,24.2,0.00,51,13.3,24.8,0.00,0.00,0.00,0,0,0,0,0,9.4,348,343,12.9,26.3,1,3600.00,1026.6,1012.8
2025-08-10T12:00,25.2,0.00,44,12.3,26.0,0.00,0.00,0.00,0,0,0,0,0,8.9,344,341,12.0,26.3,1,3600.00,1026.2,1012.4
2025-08-10T13:00,26.2,0.00,38,10.7,26.7,0.00,0.00,0.00,0,0,0,0,0,8.9,342,339,11.9,25.6,1,3600.00,1026.1,1012.4
2025-08-10T14:00,26.4,0.00,35,9.9,26.2,0.00,0.00,0.00,0,0,0,0,0,11.0,344,341,15.2,29.2,1,3600.00,1026.2,1012.5
2025-08-10T15:00,27.0,0.00,31,8.6,26.1,0.00,0.00,0.00,0,0,0,0,0,10.4,354,351,14.3,29.2,1,3600.00,1025.8,1012.1
2025-08-10T16:00,27.2,0.00,32,9.2,25.9,0.00,0.00,0.00,0,0,0,0,0,9.9,4,1,13.9,27.0,1,3600.00,1025.4,1011.7
2025-08-10T17:00,27.0,0.00,32,8.9,25.2,0.00,0.00,0.00,0,0,0,0,0,10.0,16,13,14.1,25.2,1,3600.00,1025.0,1011.3
2025-08-10T18:00,26.4,0.00,34,9.2,24.8,0.00,0.00,0.00,0,0,0,0,0,9.1,20,15,14.0,23.4,1,3600.00,1024.8,1011.1
2025-08-10T19:00,24.6,0.00,41,10.3,23.3,0.00,0.00,0.00,0,0,0,0,0,9.1,19,15,18.3,19.1,1,3600.00,1024.7,1010.9
2025-08-10T20:00,22.5,0.00,47,10.6,21.1,0.00,0.00,0.00,0,0,0,0,0,10.8,22,18,23.0,21.2,0,384.59,1025.0,1011.1
2025-08-10T21:00,21.4,0.00,49,10.3,19.7,0.00,0.00,0.00,0,0,0,0,0,11.9,27,25,25.6,24.1,0,0.00,1025.5,1011.6
2025-08-10T22:00,20.4,0.00,52,10.1,18.8,0.00,0.00,0.00,0,0,0,0,0,11.0,45,38,24.8,24.1,0,0.00,1025.7,1011.7
2025-08-10T23:00,19.7,0.00,52,9.7,18.2,0.00,0.00,0.00,0,0,0,0,0,10.2,62,56,24.6,22.3,0,0.00,1025.4,1011.4
2025-08-11T00:00,19.7,0.00,50,8.9,17.6,0.00,0.00,0.00,0,0,0,0,0,12.2,72,68,27.8,24.8,0,0.00,1025.3,1011.3
2025-08-11T01:00,19.6,0.00,50,9.0,17.4,0.00,0.00,0.00,0,0,0,0,0,12.7,82,79,28.6,26.6,0,0.00,1025.0,1011.0
2025-08-11T02:00,18.4,0.00,58,10.0,16.7,0.00,0.00,0.00,0,0,0,0,0,11.5,86,81,27.6,27.7,0,0.00,1025.0,1010.9
2025-08-11T03:00,17.8,0.00,61,10.2,16.4,0.00,0.00,0.00,0,0,0,0,0,10.3,88,83,25.9,24.5,0,0.00,1024.7,1010.6
2025-08-11T04:00,17.3,0.00,62,10.0,16.0,0.00,0.00,0.00,0,0,0,0,0,8.9,89,83,24.1,22.0,0,0.00,1024.6,1010.5
2025-08-11T05:00,16.8,0.00,63,9.8,15.5,0.00,0.00,0.00,0,0,0,0,0,8.5,89,84,23.2,19.4,0,0.00,1024.5,1010.4
2025-08-11T06:00,16.8,0.00,65,10.1,15.7,0.00,0.00,0.00,0,0,0,0,0,7.6,88,82,21.3,18.4,1,198.45,1024.5,1010.4
2025-08-11T07:00,18.2,0.00,63,10.9,17.2,0.00,0.00,0.00,0,0,0,0,0,8.4,87,81,18.2,17.3,1,3600.00,1024.5,1010.4
2025-08-11T08:00,19.9,0.00,61,12.0,19.6,0.00,0.00,0.00,0,0,0,0,0,6.0,87,85,10.8,16.9,1,3600.00,1024.3,1010.3
2025-08-11T09:00,21.7,0.00,56,12.7,21.4,0.00,0.00,0.00,0,0,0,0,0,7.6,89,89,11.5,20.9,1,3600.00,1023.9,1010.0
2025-08-11T10:00,23.9,0.00,50,12.7,23.9,0.00,0.00,0.00,0,0,0,0,0,7.8,85,85,11.6,21.6,1,3600.00,1023.5,1009.7
2025-08-11T11:00,25.7,0.00,42,11.8,25.9,0.00,0.00,0.00,0,0,0,0,0,9.2,91,91,13.1,24.5,1,3600.00,1022.9,1009.2
2025-08-11T12:00,27.0,0.00,37,11.1,27.3,0.00,0.00,0.00,0,0,0,0,0,9.9,91,92,14.0,26.3,1,3600.00,1022.3,1008.7
2025-08-11T13:00,27.9,0.00,34,10.4,28.3,0.00,0.00,0.00,0,0,0,0,0,9.4,85,86,13.2,26.3,1,3600.00,1021.7,1008.1
2025-08-11T14:00,28.2,0.00,33,10.2,28.5,0.00,0.00,0.00,0,0,0,0,0,8.5,82,84,11.8,23.4,1,3600.00,1021.5,1007.9
2025-08-11T15:00,28.6,0.00,31,9.8,28.4,0.00,0.00,0.00,0,0,0,0,0,8.5,83,85,12.0,23.0,1,3600.00,1020.9,1007.4
2025-08-11T16:00,28.7,0.00,30,9.3,27.6,0.00,0.00,0.00,0,0,0,0,0,9.2,84,88,13.0,22.7,1,3600.00,1020.3,1006.8
2025-08-11T17:00,28.3,0.00,31,9.7,26.7,0.00,0.00,0.00,0,0,0,0,0,10.1,86,89,14.8,23.0,1,3600.00,1019.8,1006.3
2025-08-11T18:00,27.1,0.00,38,11.5,26.3,0.00,0.00,0.00,0,0,0,0,0,9.0,87,89,16.8,22.3,1,3600.00,1019.6,1006.0
2025-08-11T19:00,25.0,0.00,45,12.4,24.6,0.00,0.00,0.00,0,0,0,0,0,7.9,76,74,19.3,18.7,1,3600.00,1019.4,1005.7
2025-08-11T20:00,23.1,0.00,50,12.1,22.4,0.00,0.00,0.00,0,0,0,0,0,9.6,64,56,23.2,19.1,0,283.17,1019.4,1005.6
2025-08-11T21:00,22.4,0.00,49,11.2,21.1,0.00,0.00,0.00,0,0,0,0,0,11.2,69,62,26.8,23.0,0,0.00,1019.4,1005.6
2025-08-11T22:00,22.1,0.00,47,10.3,20.5,0.00,0.00,0.00,0,0,0,0,0,11.5,78,76,27.8,24.1,0,0.00,1019.3,1005.5
2025-08-11T23:00,21.5,0.00,49,10.4,20.0,0.00,0.00,0.00,0,0,0,0,0,11.4,90,94,27.2,23.8,0,0.00,1019.3,1005.5
2025-08-12T00:00,21.0,0.00,51,10.4,19.3,0.00,0.00,0.00,0,0,0,0,0,12.2,96,98,28.4,25.2,0,0.00,1019.1,1005.2
2025-08-12T01:00,20.4,0.00,52,10.3,18.6,0.00,0.00,0.00,0,0,0,0,0,13.0,100,101,29.0,26.6,0,0.00,1018.9,1005.0
2025-08-12T02:00,19.2,0.00,58,10.7,17.5,0.00,0.00,0.00,0,0,0,0,0,13.0,103,104,29.4,28.4,0,0.00,1018.8,1004.9
2025-08-12T03:00,18.7,0.00,61,11.1,17.2,0.00,0.00,0.00,0,0,0,0,0,12.5,103,102,28.1,26.6,0,0.00,1018.6,1004.6
2025-08-12T04:00,18.0,0.00,66,11.5,16.8,0.00,0.00,0.00,0,0,0,0,0,10.8,103,100,25.3,25.6,0,0.00,1018.4,1004.4
2025-08-12T05:00,17.3,0.00,69,11.7,16.3,0.00,0.00,0.00,0,0,0,0,0,10.5,102,96,24.1,22.3,0,0.00,1018.3,1004.3
2025-08-12T06:00,17.2,0.00,72,12.1,16.4,0.00,0.00,0.00,0,0,0,0,0,10.3,100,91,23.4,21.2,1,193.38,1018.4,1004.4
2025-08-12T07:00,19.0,0.00,69,13.2,18.6,0.00,0.00,0.00,0,0,0,0,0,9.7,99,90,21.2,21.2,1,3600.00,1018.4,1004.5
2025-08-12T08:00,21.6,0.00,65,14.8,22.0,0.00,0.00,0.00,0,0,0,0,0,7.6,97,86,22.1,19.1,1,3600.00,1018.4,1004.6
2025-08-12T09:00,23.7,0.00,57,14.7,23.5,0.00,0.00,0.00,0,0,0,0,0,11.5,101,100,17.8,27.0,1,3600.00,1018.3,1004.6
2025-08-12T10:00,25.5,0.00,52,14.9,25.6,0.00,0.00,0.00,0,0,0,0,0,11.8,107,107,17.5,29.5,1,3600.00,1018.0,1004.4
2025-08-12T11:00,27.1,0.00,50,15.7,28.5,0.00,0.00,0.00,0,0,0,0,0,10.3,115,115,14.7,28.8,1,3600.00,1017.8,1004.2
2025-08-12T12:00,28.5,0.00,47,16.0,30.5,0.00,0.00,0.00,0,0,0,0,0,9.7,117,117,13.5,26.3,1,3600.00,1017.1,1003.6
2025-08-12T13:00,29.8,0.00,43,15.7,32.0,0.00,0.00,0.00,0,0,0,0,0,8.5,122,122,11.6,25.6,1,3600.00,1016.8,1003.4
2025-08-12T14:00,30.5,0.00,41,15.6,33.0,0.00,0.00,0.00,0,0,0,0,0,5.5,125,126,7.5,19.4,1,3600.00,1016.4,1003.0
2025-08-12T15:00,30.9,0.00,40,15.7,32.9,0.00,0.00,0.00,0,0,0,0,0,5.9,129,130,7.9,18.4,1,3600.00,1015.7,1002.3
2025-08-12T16:00,31.1,0.00,40,15.9,32.5,0.00,0.00,0.00,0,0,0,0,0,5.5,137,136,7.6,17.6,1,3600.00,1015.1,1001.8
2025-08-12T17:00,30.9,0.00,41,16.1,32.3,0.00,0.00,0.00,0,0,0,0,0,4.6,132,129,6.5,15.8,1,3600.00,1014.7,1001.4
2025-08-12T18:00,30.2,0.00,49,18.2,32.7,0.00,0.00,0.00,0,0,0,0,0,3.8,102,98,7.6,11.9,1,3600.00,1014.4,1001.0
2025-08-12T19:00,28.1,0.00,58,19.2,30.8,0.00,0.00,0.00,0,1,1,0,0,4.9,81,66,12.4,9.0,1,3600.00,1014.2,1000.7
2025-08-12T20:00,25.6,0.00,64,18.2,27.6,0.00,0.00,0.00,0,2,1,2,0,6.7,91,74,15.7,12.6,0,192.46,1014.4,1000.8
2025-08-12T21:00,24.0,0.00,67,17.5,25.4,0.00,0.00,0.00,0,0,0,0,0,8.5,102,86,19.5,15.8,0,0.00,1014.5,1000.8
2025-08-12T22:00,23.3,0.00,66,16.6,24.3,0.00,0.00,0.00,0,0,0,0,0,8.6,110,91,19.4,16.9,0,0.00,1014.5,1000.8
2025-08-12T23:00,22.5,0.00,68,16.3,23.5,0.00,0.00,0.00,0,0,0,0,0,8.1,113,95,18.7,16.6,0,0.00,1014.2,1000.5
2025-08-13T00:00,21.3,0.00,75,16.7,22.9,0.00,0.00,0.00,0,0,0,0,0,4.8,127,117,13.9,15.5,0,0.00,1014.3,1000.5
2025-08-13T01:00,20.3,0.00,79,16.6,22.0,0.00,0.00,0.00,0,0,0,0,0,4.2,151,115,13.2,9.0,0,0.00,1014.7,1000.9
2025-08-13T02:00,19.0,0.00,84,16.2,20.1,0.00,0.00,0.00,0,0,0,0,0,7.2,158,117,16.1,13.7,0,0.00,1014.8,1000.9
2025-08-13T03:00,19.4,0.00,83,16.4,20.7,0.00,0.00,0.00,0,0,0,0,0,6.3,191,129,13.8,13.3,0,0.00,1015.0,1001.1
2025-08-13T04:00,19.6,0.00,85,17.0,21.3,0.00,0.00,0.00,0,1,0,0,1,5.0,212,165,14.0,11.9,0,0.00,1015.1,1001.2
2025-08-13T05:00,18.9,0.00,88,16.9,20.7,0.00,0.00,0.00,0,1,0,0,1,4.1,219,167,11.3,10.1,0,0.00,1015.2,1001.3
2025-08-13T06:00,19.4,0.00,87,17.2,21.4,0.00,0.00,0.00,0,0,0,0,0,3.6,224,171,10.2,7.9,1,114.17,1015.7,1001.8
2025-08-13T07:00,20.7,0.00,83,17.7,23.0,0.00,0.00,0.00,0,0,0,0,0,3.6,217,150,5.4,8.6,1,3600.00,1015.8,1002.0
2025-08-13T08:00,22.7,0.00,77,18.5,25.4,0.00,0.00,0.00,0,0,0,0,0,3.0,188,147,3.8,10.4,1,3600.00,1016.1,1002.4
2025-08-13T09:00,25.0,0.00,70,19.0,28.1,0.00,0.00,0.00,0,0,0,0,0,2.0,184,180,2.3,11.2,1,3600.00,1016.4,1002.8
2025-08-13T10:00,27.2,0.00,61,19.1,30.6,0.00,0.00,0.00,0,0,0,0,0,1.7,236,221,1.9,11.2,1,3600.00,1016.8,1003.3
2025-08-13T11:00,29.0,0.00,53,18.5,32.8,0.00,0.00,0.00,0,0,0,0,0,2.3,257,247,3.1,13.0,1,3600.00,1016.9,1003.4
2025-08-13T12:00,30.5,0.00,47,17.9,34.2,0.00,0.00,0.00,0,0,0,0,0,4.0,274,267,5.4,15.5,1,3600.00,1016.7,1003.3
2025-08-13T13:00,31.6,0.00,41,16.7,34.9,0.00,0.00,0.00,0,0,0,0,0,4.4,281,277,5.9,16.2,1,3600.00,1016.5,1003.2
2025-08-13T14:00,32.3,0.00,37,15.8,35.2,0.00,0.00,0.00,0,0,0,0,0,3.5,286,279,4.7,15.8,1,3600.00,1016.3,1003.0
2025-08-13T15:00,32.7,0.00,35,15.4,35.2,0.00,0.00,0.00,0,0,0,0,0,2.3,297,288,3.2,14.0,1,3600.00,1015.9,1002.6
2025-08-13T16:00,32.8,0.00,35,15.3,34.5,0.00,0.00,0.00,0,0,0,0,0,2.3,308,299,3.0,11.2,1,3600.00,1015.5,1002.2
2025-08-13T17:00,32.6,0.00,36,15.6,34.0,0.00,0.00,0.00,0,0,0,0,0,2.8,332,325,3.9,9.7,1,3600.00,1015.3,1002.0
2025-08-13T18:00,31.6,0.00,47,18.8,34.6,0.00,0.00,0.00,0,0,0,0,0,1.8,357,360,3.2,8.3,1,3600.00,1015.2,1001.9
2025-08-13T19:00,29.1,0.00,68,22.6,34.2,0.00,0.00,0.00,0,0,0,0,0,1.0,66,112,1.8,4.7,1,3600.00,1015.1,1001.7
2025-08-13T20:00,26.6,0.00,72,21.1,30.7,0.00,0.00,0.00,0,7,7,0,0,2.2,108,95,2.8,5.0,0,113.36,1015.5,1002.0
2025-08-13T21:00,25.8,0.00,70,20.0,29.4,0.00,0.00,0.00,0,1,1,0,0,2.0,82,80,1.3,4.7,0,0.00,1016.2,1002.6
2025-08-13T22:00,25.3,0.00,67,18.7,28.2,0.00,0.00,0.00,0,1,1,0,0,2.3,4,61,2.7,4.7,0,0.00,1016.6,1003.0
2025-08-13T23:00,24.2,0.00,66,17.5,26.3,0.00,0.00,0.00,1,49,49,0,0,3.6,41,70,5.0,8.3,0,0.00,1016.5,1002.8
2025-08-14T00:00,22.2,0.00,75,17.6,24.1,0.00,0.00,0.00,3,84,84,0,0,5.1,53,73,6.8,10.8,0,0.00,1016.5,1002.7
2025-08-14T01:00,20.5,0.00,85,17.8,22.5,0.00,0.00,0.00,3,92,92,0,0,5.2,89,94,7.6,11.2,0,0.00,1016.4,1002.6
2025-08-14T02:00,19.0,0.00,89,17.1,21.1,0.00,0.00,0.00,3,93,93,0,0,2.3,108,108,3.4,9.7,0,0.00,1016.3,1002.4
2025-08-14T03:00,19.4,0.00,85,16.8,21.7,0.00,0.00,0.00,1,29,29,0,0,0.6,264,72,3.4,5.0,0,0.00,1016.9,1003.0
2025-08-14T04:00,19.3,0.00,84,16.5,21.2,0.00,0.00,0.00,0,14,14,0,0,2.6,353,65,2.9,5.0,0,0.00,1017.3,1003.4
2025-08-14T05:00,19.7,0.00,80,16.2,21.0,0.00,0.00,0.00,2,50,50,0,0,5.6,117,96,5.6,10.8,0,0.00,1017.3,1003.4
2025-08-14T06:00,19.8,0.00,80,16.3,21.3,0.00,0.00,0.00,0,7,7,0,0,4.2,125,110,12.0,14.8,1,0.00,1017.5,1003.6
2025-08-14T07:00,21.3,0.00,78,17.3,23.5,0.00,0.00,0.00,0,0,0,0,0,2.3,133,151,4.7,7.6,1,3600.00,1018.0,1004.2
2025-08-14T08:00,23.2,0.00,73,18.0,25.5,0.00,0.00,0.00,0,0,0,0,0,4.3,132,152,9.2,12.6,1,3600.00,1018.0,1004.3
2025-08-14T09:00,25.2,0.00,68,18.9,27.8,0.00,0.00,0.00,0,0,0,0,0,4.9,147,152,7.3,15.1,1,3600.00,1018.0,1004.4
2025-08-14T10:00,27.4,0.00,61,19.2,30.3,0.00,0.00,0.00,0,0,0,0,0,4.8,146,153,6.7,16.6,1,3600.00,1018.0,1004.5
2025-08-14T11:00,29.2,0.00,56,19.6,33.2,0.00,0.00,0.00,0,0,0,0,0,3.4,192,205,4.2,15.8,1,3600.00,1018.1,1004.6
2025-08-14T12:00,30.4,0.00,53,19.9,35.1,0.00,0.00,0.00,0,0,0,0,0,3.7,246,247,4.3,15.1,1,3600.00,1017.9,1004.5
2025-08-14T13:00,31.6,0.00,50,20.0,36.5,0.00,0.00,0.00,0,0,0,0,0,3.3,231,234,4.0,15.1,1,3600.00,1017.3,1003.9
2025-08-14T14:00,32.1,0.00,47,19.2,36.4,0.00,0.00,0.00,0,4,4,0,0,3.7,212,219,4.4,16.2,1,3600.00,1017.5,1004.2
2025-08-14T15:00,32.7,0.00,44,18.9,36.4,0.00,0.00,0.00,0,16,16,0,0,2.9,189,202,3.5,14.4,1,3600.00,1017.2,1003.9
2025-08-14T16:00,33.2,0.00,41,18.0,35.8,0.00,0.00,0.00,1,22,22,1,0,2.7,196,212,3.2,12.2,1,3600.00,1017.0,1003.7
2025-08-14T17:00,33.1,0.00,40,17.7,35.5,0.00,0.00,0.00,0,15,13,1,0,2.5,215,225,2.8,10.8,1,3600.00,1016.7,1003.4
2025-08-14T18:00,31.8,0.00,52,20.7,35.5,0.00,0.00,0.00,1,21,19,3,0,3.6,295,297,6.4,9.0,1,3600.00,1017.0,1003.7
2025-08-14T19:00,29.4,0.00,64,22.0,33.7,0.00,0.00,0.00,3,97,97,3,0,4.5,324,326,11.8,8.6,1,3600.00,1017.1,1003.7
2025-08-14T20:00,27.9,0.00,70,21.8,32.1,0.00,0.00,0.00,3,100,100,2,0,3.8,353,19,8.9,8.3,0,0.00,1017.8,1004.3
2025-08-14T21:00,27.0,0.00,72,21.6,31.0,0.00,0.00,0.00,3,92,92,2,0,4.6,355,31,9.9,8.6,0,0.00,1018.4,1004.8
2025-08-14T22:00,26.3,0.00,73,21.1,30.0,0.00,0.00,0.00,1,40,39,2,0,5.1,14,36,10.2,9.7,0,0.00,1018.5,1004.9
2025-08-14T23:00,25.7,0.00,70,19.9,28.3,0.00,0.00,0.00,0,10,8,2,0,8.6,18,30,17.4,15.5,0,0.00,1018.7,1005.1
2025-08-15T00:00,25.6,0.00,66,18.9,27.8,0.00,0.00,0.00,0,2,0,2,0,7.5,19,37,17.5,16.6,0,0.00,1018.6,1005.0
2025-08-15T01:00,24.1,0.00,73,19.0,26.8,0.00,0.00,0.00,0,3,1,2,0,4.0,356,355,12.6,14.0,0,0.00,1018.7,1005.0
2025-08-15T02:00,22.8,0.00,76,18.3,25.7,0.00,0.00,0.00,0,1,0,1,0,0.5,315,90,6.4,5.4,0,0.00,1018.9,1005.1
2025-08-15T03:00,21.7,0.00,80,18.2,24.3,0.00,0.00,0.00,0,1,0,1,0,3.1,149,140,2.1,5.4,0,0.00,1018.9,1005.1
2025-08-15T04:00,21.5,0.00,82,18.2,24.3,0.00,0.00,0.00,0,1,0,1,0,0.9,275,307,6.3,5.4,0,0.00,1019.2,1005.4
2025-08-15T05:00,21.1,0.00,83,18.2,23.5,0.00,0.00,0.00,0,1,0,1,0,4.3,333,5,11.5,7.9,0,0.00,1019.4,1005.5
2025-08-15T06:00,21.3,0.00,82,18.2,23.5,0.00,0.00,0.00,0,0,0,0,0,5.7,1,11,15.3,13.0,1,0.00,1019.7,1005.9
2025-08-15T07:00,23.2,0.00,78,19.1,25.5,0.00,0.00,0.00,0,0,0,0,0,7.6,348,322,16.6,14.0,1,3600.00,1019.9,1006.1
2025-08-15T08:00,24.7,0.00,75,20.0,27.5,0.00,0.00,0.00,0,0,0,0,0,7.3,327,312,12.9,18.0,1,3600.00,1020.1,1006.4
2025-08-15T09:00,26.1,0.00,71,20.4,29.0,0.00,0.00,0.00,0,0,0,0,0,7.8,322,314,11.2,20.9,1,3600.00,1020.2,1006.6
2025-08-15T10:00,27.7,0.00,66,20.8,31.0,0.00,0.00,0.00,0,0,0,0,0,7.4,321,315,10.2,21.2,1,3600.00,1020.4,1006.8
2025-08-15T11:00,29.4,0.00,61,21.2,33.5,0.00,0.00,0.00,0,0,0,0,0,7.4,321,315,10.0,21.6,1,3600.00,1020.3,1006.8
2025-08-15T12:00,30.9,0.00,57,21.3,35.5,0.00,0.00,0.00,0,0,0,0,0,7.5,322,316,10.0,22.0,1,3600.00,1020.0,1006.6
2025-08-15T13:00,31.8,0.00,53,21.1,36.5,0.00,0.00,0.00,0,14,14,0,0,7.3,329,322,9.7,22.0,1,3600.00,1019.7,1006.3
2025-08-15T14:00,30.5,3.70,55,20.4,33.3,3.70,0.00,0.00,63,94,93,20,5,13.2,350,343,18.1,29.2,1,3600.00,1019.8,1006.4
2025-08-15T15:00,30.1,0.00,55,20.2,32.9,0.00,0.00,0.00,3,80,80,2,1,7.5,330,325,11.0,30.2,1,3600.00,1019.9,1006.4
2025-08-15T16:00,29.8,0.00,55,19.7,32.2,0.00,0.00,0.00,3,96,96,3,0,8.8,314,309,13.5,20.5,1,3600.00,1019.5,1006.0
2025-08-15T17:00,29.4,0.00,57,19.9,32.4,0.00,0.00,0.00,3,94,94,0,0,5.7,334,328,9.6,20.9,1,3038.16,1019.6,1006.1
2025-08-15T18:00,28.8,0.00,61,20.5,31.9,0.00,0.00,0.00,3,95,95,0,0,6.4,321,313,12.5,14.8,1,3600.00,1019.7,1006.2
2025-08-15T19:00,27.5,0.00,68,21.1,31.1,0.00,0.00,0.00,2,77,77,0,0,5.0,333,316,12.6,13.7,1,3600.00,1019.7,1006.1
2025-08-15T20:00,26.1,0.00,71,20.5,29.4,0.00,0.00,0.00,0,2,2,0,0,5.0,359,2,13.9,10.4,0,0.00,1020.1,1006.5
2025-08-15T21:00,25.4,0.00,72,20.0,28.6,0.00,0.00,0.00,0,1,1,0,0,4.5,5,23,12.3,10.1,0,0.00,1020.3,1006.6
2025-08-15T22:00,24.5,0.00,74,19.6,27.4,0.00,0.00,0.00,0,1,0,0,0,5.4,8,8,14.7,11.2,0,0.00,1020.4,1006.7
2025-08-15T23:00,23.8,0.00,76,19.2,26.2,0.00,0.00,0.00,0,2,0,0,2,7.4,7,356,17.4,14.0,0,0.00,1020.7,1007.0
2025-08-16T00:00,23.2,0.00,73,18.1,24.7,0.00,0.00,0.00,0,1,0,1,0,9.9,14,3,22.2,20.2,0,0.00,1020.7,1006.9
2025-08-16T01:00,22.3,0.00,71,16.8,23.3,0.00,0.00,0.00,0,0,0,0,0,8.9,19,8,20.8,20.2,0,0.00,1020.7,1006.9
2025-08-16T02:00,21.6,0.00,68,15.5,22.0,0.00,0.00,0.00,1,22,0,19,8,9.4,36,30,21.4,21.2,0,0.00,1020.7,1006.9
2025-08-16T03:00,20.9,0.00,72,15.8,22.0,0.00,0.00,0.00,0,1,0,1,0,6.1,39,23,15.2,19.1,0,0.00,1020.3,1006.4
2025-08-16T04:00,20.1,0.00,77,16.0,21.5,0.00,0.00,0.00,0,0,0,0,0,4.3,25,355,11.3,12.2,0,0.00,1020.6,1006.7
2025-08-16T05:00,19.7,0.00,79,15.9,21.1,0.00,0.00,0.00,0,0,0,0,0,4.2,6,350,8.9,8.3,0,0.00,1020.7,1006.8
2025-08-16T06:00,19.6,0.00,79,15.9,20.7,0.00,0.00,0.00,0,3,0,3,0,6.1,20,3,13.8,13.0,1,0.00,1020.7,1006.8
2025-08-16T07:00,20.8,0.00,76,16.4,22.4,0.00,0.00,0.00,1,27,0,26,4,4.4,22,353,10.7,11.9,1,3600.00,1021.0,1007.1
2025-08-16T08:00,22.1,0.00,72,16.8,23.9,0.00,0.00,0.00,1,23,0,19,5,3.8,346,329,5.2,12.2,1,3600.00,1021.4,1007.6
2025-08-16T09:00,23.4,0.00,68,17.1,25.1,0.00,0.00,0.00,0,2,0,2,0,5.5,327,319,7.3,16.9,1,3600.00,1021.3,1007.5
2025-08-16T10:00,24.9,0.00,63,17.4,26.8,0.00,0.00,0.00,0,3,0,3,0,5.9,326,317,7.8,18.7,1,3600.00,1021.2,1007.5
2025-08-16T11:00,26.4,0.00,56,17.1,28.6,0.00,0.00,0.00,0,6,0,6,0,7.0,343,334,9.4,20.9,1,3600.00,1020.9,1007.3
2025-08-16T12:00,27.8,0.00,48,15.9,29.4,0.00,0.00,0.00,0,10,0,9,4,10.1,346,341,13.8,26.6,1,3600.00,1020.4,1006.8
2025-08-16T13:00,28.2,0.00,46,15.4,29.2,0.00,0.00,0.00,0,5,0,5,0,12.0,347,343,16.8,30.6,1,3600.00,1019.9,1006.4
2025-08-16T14:00,27.8,0.00,49,16.2,28.4,0.00,0.00,0.00,1,22,0,15,9,16.3,351,349,22.9,38.9,1,3600.00,1019.8,1006.2
2025-08-16T15:00,27.4,0.00,48,15.6,27.5,0.00,0.00,0.00,0,6,0,3,4,14.8,357,355,21.1,40.0,1,3600.00,1019.6,1006.0
2025-08-16T16:00,27.5,0.00,45,14.7,26.9,0.00,0.00,0.00,0,0,0,0,0,14.6,357,355,20.9,35.3,1,3600.00,1019.1,1005.5
2025-08-16T17:00,26.4,0.00,47,14.2,25.4,0.00,0.00,0.00,0,0,0,0,0,16.2,6,4,23.5,36.7,1,3600.00,1019.0,1005.4
2025-08-16T18:00,25.1,0.00,50,13.9,24.1,0.00,0.00,0.00,0,4,0,4,2,15.4,12,10,23.4,37.1,1,3600.00,1019.3,1005.6
2025-08-16T19:00,23.6,0.00,55,14.2,23.1,0.00,0.00,0.00,0,7,0,6,6,13.0,8,4,22.9,33.1,1,3600.00,1019.4,1005.7
2025-08-16T20:00,22.3,0.00,60,14.1,22.1,0.00,0.00,0.00,0,6,0,6,2,10.3,15,13,21.4,27.7,0,0.00,1019.7,1005.9
2025-08-16T21:00,21.4,0.00,63,14.0,21.0,0.00,0.00,0.00,0,2,0,2,0,11.4,19,16,23.6,23.4,0,0.00,1020.1,1006.3
2025-08-16T22:00,20.5,0.00,66,13.9,19.9,0.00,0.00,0.00,0,0,0,0,0,13.1,13,8,25.5,27.7,0,0.00,1020.2,1006.3
2025-08-16T23:00,19.6,0.00,71,14.2,19.1,0.00,0.00,0.00,0,0,0,0,0,12.3,12,6,23.5,27.7,0,0.00,1020.7,1006.8
2025-08-17T00:00,18.8,0.00,75,14.2,18.5,0.00,0.00,0.00,0,0,0,0,0,10.9,13,8,21.6,25.6,0,0.00,1020.9,1006.9
2025-08-17T01:00,18.1,0.00,77,14.0,17.9,0.00,0.00,0.00,0,4,0,0,4,10.7,11,5,21.3,22.7,0,0.00,1021.0,1007.0
2025-08-17T02:00,17.1,0.00,79,13.5,16.6,0.00,0.00,0.00,0,7,0,0,7,11.3,4,360,22.0,25.2,0,0.00,1020.8,1006.7
2025-08-17T03:00,16.8,0.00,80,13.4,16.2,0.00,0.00,0.00,0,15,0,0,15,11.0,9,3,21.7,23.4,0,0.00,1020.6,1006.5
2025-08-17T04:00,16.4,0.00,80,13.0,15.7,0.00,0.00,0.00,0,17,0,0,17,11.2,9,4,22.1,23.4,0,0.00,1020.3,1006.2
2025-08-17T05:00,15.8,0.00,82,12.7,15.2,0.00,0.00,0.00,1,24,0,0,24,9.6,15,6,19.3,23.0,0,0.00,1020.5,1006.4
2025-08-17T06:00,15.5,0.00,82,12.4,14.9,0.00,0.00,0.00,1,25,0,0,25,9.0,12,1,17.5,19.8,1,0.00,1020.5,1006.4
2025-08-17T07:00,16.1,0.00,78,12.2,15.5,0.00,0.00,0.00,1,30,0,0,30,8.3,2,355,13.0,19.8,1,3600.00,1020.6,1006.5
2025-08-17T08:00,17.3,0.00,72,12.1,16.8,0.00,0.00,0.00,1,31,0,0,31,7.7,355,349,11.0,20.5,1,3600.00,1020.7,1006.6
2025-08-17T09:00,18.7,0.00,66,12.2,18.3,0.00,0.00,0.00,0,4,0,0,4,7.1,347,341,9.6,20.5,1,3600.00,1020.6,1006.6
2025-08-17T10:00,20.2,0.00,60,12.2,19.8,0.00,0.00,0.00,0,1,0,0,1,8.5,339,333,11.4,24.1,1,3600.00,1020.4,1006.5
2025-08-17T11:00,21.5,0.00,54,11.7,21.2,0.00,0.00,0.00,0,0,0,0,0,10.7,338,335,14.5,28.8,1,3600.00,1020.3,1006.5
2025-08-17T12:00,22.2,0.00,48,10.7,21.9,0.00,0.00,0.00,0,0,0,0,0,11.8,342,339,16.1,31.3,1,3600.00,1020.0,1006.2
2025-08-17T13:00,23.1,0.00,41,9.3,22.5,0.00,0.00,0.00,0,0,0,0,0,12.1,348,345,16.8,31.3,1,3600.00,1019.6,1005.8
2025-08-17T14:00,23.6,0.00,35,7.3,22.5,0.00,0.00,0.00,0,0,0,0,0,11.2,345,342,15.5,30.6,1,3600.00,1019.5,1005.8
2025-08-17T15:00,23.8,0.00,32,6.1,21.7,0.00,0.00,0.00,0,0,0,0,0,13.0,349,346,17.8,32.4,1,3600.00,1019.0,1005.3
2025-08-17T16:00,23.6,0.00,32,6.2,21.1,0.00,0.00,0.00,0,0,0,0,0,11.9,355,354,17.0,32.4,1,3600.00,1018.6,1004.9
2025-08-17T17:00,23.7,0.00,35,7.5,22.1,0.00,0.00,0.00,0,0,0,0,0,6.9,18,20,9.8,29.2,1,3600.00,1018.3,1004.6
2025-08-17T18:00,23.4,0.00,40,9.2,22.4,0.00,0.00,0.00,0,2,2,0,0,5.7,36,37,8.6,18.0,1,3600.00,1018.2,1004.5
2025-08-17T19:00,22.0,0.00,52,11.7,21.7,0.00,0.00,0.00,1,42,42,0,0,5.8,28,26,13.0,12.6,1,3600.00,1018.5,1004.7
2025-08-17T20:00,20.4,0.00,58,11.8,19.1,0.00,0.00,0.00,3,98,98,0,0,12.3,26,22,23.8,24.1,0,0.00,1019.0,1005.1
2025-08-17T21:00,19.1,0.00,63,11.8,17.7,0.00,0.00,0.00,3,88,88,0,0,13.0,26,24,24.6,27.7,0,0.00,1019.7,1005.7
2025-08-17T22:00,18.0,0.00,67,11.7,16.9,0.00,0.00,0.00,1,38,38,0,0,11.6,36,33,22.8,27.0,0,0.00,1020.0,1006.0
2025-08-17T23:00,17.3,0.00,69,11.6,16.4,0.00,0.00,0.00,1,30,30,0,1,9.0,51,47,19.3,24.1,0,0.00,1020.1,1006.1
2025-08-18T00:00,16.7,0.00,72,11.5,16.1,0.00,0.00,0.00,3,95,95,0,4,6.8,54,40,16.2,18.4,0,0.00,1020.0,1005.9
2025-08-18T01:00,16.1,0.00,74,11.5,15.8,0.00,0.00,0.00,3,93,93,0,1,5.5,48,27,14.0,13.7,0,0.00,1019.9,1005.8
2025-08-18T02:00,15.0,0.00,78,11.1,14.4,0.00,0.00,0.00,2,59,59,0,0,6.4,37,22,15.2,12.6,0,0.00,1020.1,1005.9
2025-08-18T03:00,14.5,0.00,79,10.9,13.8,0.00,0.00,0.00,1,37,36,0,1,6.5,46,32,15.8,13.3,0,0.00,1019.9,1005.7
2025-08-18T04:00,14.1,0.00,81,10.8,13.4,0.00,0.00,0.00,2,68,68,0,0,6.0,57,41,15.5,13.3,0,0.00,1019.7,1005.5
2025-08-18T05:00,13.8,0.00,81,10.7,13.3,0.00,0.00,0.00,2,62,62,0,0,4.8,65,45,14.3,12.2,0,0.00,1019.6,1005.4
2025-08-18T06:00,14.0,0.00,81,10.8,13.6,0.00,0.00,0.00,1,25,25,0,0,3.9,70,47,12.6,10.1,1,0.00,1019.5,1005.3
2025-08-18T07:00,15.5,0.00,76,11.3,15.4,0.00,0.00,0.00,0,5,5,0,0,3.3,74,22,11.4,9.7,1,3600.00,1019.4,1005.3
2025-08-18T08:00,17.4,0.00,68,11.4,17.2,0.00,0.00,0.00,0,0,0,0,0,3.9,63,56,6.3,12.6,1,3600.00,1019.4,1005.4
2025-08-18T09:00,19.4,0.00,60,11.4,19.0,0.00,0.00,0.00,0,0,0,0,0,5.6,69,68,8.5,17.3,1,3600.00,1019.5,1005.6
2025-08-18T10:00,21.2,0.00,52,10.9,20.7,0.00,0.00,0.00,0,0,0,0,0,6.2,73,73,8.8,19.4,1,3600.00,1019.2,1005.4
2025-08-18T11:00,22.6,0.00,47,10.8,22.8,0.00,0.00,0.00,0,0,0,0,0,6.1,77,76,8.5,20.2,1,3600.00,1019.0,1005.2
2025-08-18T12:00,23.7,0.00,45,11.0,24.4,0.00,0.00,0.00,0,1,0,0,1,6.3,83,85,8.7,20.5,1,3600.00,1018.6,1004.9
2025-08-18T13:00,24.6,0.00,43,11.1,25.5,0.00,0.00,0.00,0,0,0,0,0,6.3,91,93,8.6,20.9,1,3600.00,1018.1,1004.4
2025-08-18T14:00,25.3,0.00,42,11.6,26.4,0.00,0.00,0.00,0,1,0,0,1,5.2,100,104,7.1,18.7,1,3600.00,1018.0,1004.4
2025-08-18T15:00,25.7,0.00,41,11.5,26.3,0.00,0.00,0.00,0,0,0,0,0,5.4,99,104,7.3,18.7,1,3600.00,1017.4,1003.8
2025-08-18T16:00,25.9,0.00,40,11.4,25.6,0.00,0.00,0.00,0,1,0,0,1,6.0,94,97,7.9,18.4,1,3600.00,1016.8,1003.2
2025-08-18T17:00,25.8,0.00,41,11.4,25.3,0.00,0.00,0.00,0,0,0,0,0,6.3,94,97,8.7,18.0,1,3600.00,1016.5,1002.9
2025-08-18T18:00,25.2,0.00,44,12.0,24.9,0.00,0.00,0.00,0,0,0,0,0,6.0,93,97,9.2,16.9,1,3600.00,1016.2,1002.6
2025-08-18T19:00,23.6,0.00,55,13.9,24.1,0.00,0.00,0.00,0,0,0,0,0,5.1,88,86,12.4,12.2,1,3600.00,1016.1,1002.4
2025-08-18T20:00,21.8,0.00,59,13.4,21.9,0.00,0.00,0.00,0,0,0,0,0,6.7,72,66,16.5,13.0,0,0.00,1016.3,1002.5
2025-08-18T21:00,20.5,0.00,60,12.5,20.0,0.00,0.00,0.00,0,0,0,0,0,8.3,63,57,20.0,16.6,0,0.00,1016.5,1002.7
2025-08-18T22:00,19.7,0.00,60,11.6,19.0,0.00,0.00,0.00,0,0,0,0,0,7.8,69,61,19.8,16.9,0,0.00,1016.2,1002.3
2025-08-18T23:00,19.0,0.00,61,11.3,18.3,0.00,0.00,0.00,0,0,0,0,0,7.5,80,73,20.3,15.8,0,0.00,1015.9,1002.0
2025-08-19T00:00,18.9,0.00,60,10.8,17.7,0.00,0.00,0.00,0,0,0,0,0,9.5,97,90,23.8,19.4,0,0.00,1015.7,1001.8
2025-08-19T01:00,18.3,0.00,62,10.8,17.4,0.00,0.00,0.00,0,0,0,0,0,7.9,106,102,20.8,19.4,0,0.00,1015.6,1001.7
2025-08-19T02:00,17.1,0.00,65,10.5,16.3,0.00,0.00,0.00,0,0,0,0,0,7.0,103,100,20.0,17.3,0,0.00,1015.6,1001.6
2025-08-19T03:00,16.5,0.00,67,10.4,15.5,0.00,0.00,0.00,0,0,0,0,0,7.4,100,89,19.9,15.1,0,0.00,1015.3,1001.3
2025-08-19T04:00,15.9,0.00,69,10.3,14.9,0.00,0.00,0.00,0,0,0,0,0,7.6,99,86,19.9,15.8,0,0.00,1015.1,1001.1
2025-08-19T05:00,15.2,0.00,72,10.3,14.3,0.00,0.00,0.00,0,0,0,0,0,6.5,99,82,17.3,15.5,0,0.00,1015.1,1001.0
2025-08-19T06:00,15.0,0.00,74,10.4,14.1,0.00,0.00,0.00,0,0,0,0,0,6.5,98,82,16.7,13.7,1,0.00,1014.9,1000.8
2025-08-19T07:00,16.7,0.00,71,11.4,16.2,0.00,0.00,0.00,0,0,0,0,0,6.5,100,87,15.7,14.4,1,3600.00,1014.8,1000.8
2025-08-19T08:00,19.5,0.00,65,12.7,19.9,0.00,0.00,0.00,0,0,0,0,0,3.3,96,81,12.8,13.3,1,3600.00,1014.8,1000.9
2025-08-19T09:00,22.2,0.00,57,13.1,22.4,0.00,0.00,0.00,0,0,0,0,0,5.1,98,96,8.2,15.5,1,3600.00,1014.8,1001.1
2025-08-19T10:00,24.5,0.00,49,13.0,24.5,0.00,0.00,0.00,0,0,0,0,0,7.3,109,110,10.6,20.5,1,3600.00,1014.3,1000.7
2025-08-19T11:00,26.1,0.00,40,11.5,26.1,0.00,0.00,0.00,0,0,0,0,0,8.9,119,122,12.6,23.8,1,3600.00,1013.9,1000.3
2025-08-19T12:00,27.0,0.00,37,11.0,27.3,0.00,0.00,0.00,0,0,0,0,0,8.4,116,118,11.4,24.5,1,3600.00,1013.3,999.8
2025-08-19T13:00,27.7,0.00,36,11.2,28.6,0.00,0.00,0.00,0,0,0,0,0,5.9,114,117,7.9,23.4,1,3600.00,1012.8,999.3
2025-08-19T14:00,28.2,0.00,36,11.7,29.7,0.00,0.00,0.00,0,0,0,0,0,2.7,118,122,3.9,18.0,1,3600.00,1012.3,998.9
2025-08-19T15:00,28.6,0.00,35,11.7,29.9,0.00,0.00,0.00,0,0,0,0,0,0.6,342,304,0.6,13.7,1,3600.00,1011.7,998.3
2025-08-19T16:00,28.6,0.00,34,11.4,28.7,0.00,0.00,0.00,0,0,0,0,0,3.0,301,295,3.8,12.6,1,3600.00,1011.2,997.8
2025-08-19T17:00,28.3,0.00,35,11.2,27.9,0.00,0.00,0.00,0,1,0,1,0,5.2,294,292,6.5,14.4,1,3600.00,1010.8,997.4
2025-08-19T18:00,27.5,0.00,41,13.2,27.8,0.00,0.00,0.00,0,0,0,0,0,4.5,291,284,7.7,14.4,1,3600.00,1010.7,997.3
2025-08-19T19:00,25.8,0.00,58,16.9,27.9,0.00,0.00,0.00,0,0,0,0,0,2.0,330,333,5.4,9.0,1,3600.00,1010.5,997.0
2025-08-19T20:00,24.1,0.00,53,14.0,24.6,0.00,0.00,0.00,0,7,7,0,0,5.1,11,23,10.8,9.4,0,0.00,1010.5,996.9
2025-08-19T21:00,22.6,0.00,57,13.7,22.8,0.00,0.00,0.00,0,19,16,3,0,6.3,40,51,15.1,12.6,0,0.00,1010.5,996.8
2025-08-19T22:00,21.0,0.00,65,14.2,21.7,0.00,0.00,0.00,3,84,84,0,0,4.5,77,88,10.3,11.9,0,0.00,1010.2,996.5
2025-08-19T23:00,19.6,0.00,73,14.6,20.4,0.00,0.00,0.00,3,100,100,0,0,4.5,123,90,7.9,9.0,0,0.00,1010.0,996.2
2025-08-20T00:00,18.9,0.00,74,14.1,19.3,0.00,0.00,0.00,3,100,100,0,0,6.0,103,87,12.9,11.9,0,0.00,1009.8,996.0
2025-08-20T01:00,18.3,0.00,74,13.6,18.8,0.00,0.00,0.00,2,76,76,0,0,4.6,113,116,13.6,11.9,0,0.00,1009.9,996.0
2025-08-20T02:00,16.3,0.00,79,12.6,16.4,0.00,0.00,0.00,0,5,5,0,0,5.0,112,90,10.5,9.7,0,0.00,1009.7,995.8
2025-08-20T03:00,15.6,0.00,81,12.4,15.6,0.00,0.00,0.00,0,3,2,1,0,4.9,98,86,8.9,10.8,0,0.00,1009.5,995.5
2025-08-20T04:00,15.0,0.00,82,12.0,14.7,0.00,0.00,0.00,0,13,0,13,0,6.3,170,129,13.7,11.5,0,0.00,1009.9,995.9
2025-08-20T05:00,15.3,0.00,79,11.7,14.9,0.00,0.00,0.00,2,67,67,0,0,5.8,146,88,9.7,13.0,0,0.00,1009.4,995.4
2025-08-20T06:00,15.5,0.00,80,12.0,15.2,0.00,0.00,0.00,1,34,33,1,0,6.0,181,129,14.2,11.2,1,0.00,1009.9,995.9
2025-08-20T07:00,17.6,0.00,79,14.0,18.1,0.00,0.00,0.00,0,8,8,0,0,5.2,187,134,10.2,11.5,1,3600.00,1009.9,996.0
2025-08-20T08:00,19.4,0.00,77,15.2,20.5,0.00,0.00,0.00,0,19,19,0,0,4.3,185,175,6.7,14.0,1,3600.00,1009.9,996.1
2025-08-20T09:00,21.1,0.00,70,15.5,22.6,0.00,0.00,0.00,3,100,100,0,0,2.6,229,231,3.6,14.0,1,3600.00,1009.9,996.2
2025-08-20T10:00,22.8,0.00,64,15.6,24.2,0.00,0.00,0.00,3,100,100,0,0,3.5,258,255,4.4,15.1,1,3600.00,1009.8,996.2
2025-08-20T11:00,24.2,0.00,58,15.4,25.8,0.00,0.00,0.00,3,100,100,0,0,3.8,272,267,4.7,16.2,1,3600.00,1009.6,996.0
2025-08-20T12:00,25.6,0.00,52,15.0,27.6,0.00,0.00,0.00,3,100,100,4,0,3.5,288,282,4.6,16.6,1,3600.00,1009.0,995.5
2025-08-20T13:00,26.0,0.00,50,14.7,27.0,0.00,0.00,0.00,3,100,100,0,0,3.4,280,270,4.2,16.2,1,3600.00,1008.6,995.1
2025-08-20T14:00,26.0,0.00,48,14.2,26.4,0.00,0.00,0.00,3,100,100,16,0,6.5,277,273,8.5,20.2,1,3600.00,1009.1,995.6
2025-08-20T15:00,26.6,0.00,46,14.2,27.3,0.00,0.00,0.00,3,100,100,14,0,4.7,286,279,6.0,20.2,1,3600.00,1008.5,995.0
2025-08-20T16:00,26.9,0.00,45,14.0,27.5,0.00,0.00,0.00,3,100,100,16,2,4.2,300,290,5.4,16.6,1,3600.00,1008.0,994.6
2025-08-20T17:00,26.6,0.00,45,13.7,27.1,0.00,0.00,0.00,3,100,100,35,5,4.8,291,283,6.2,14.8,1,3600.00,1007.5,994.1
2025-08-20T18:00,25.9,0.00,48,14.0,26.6,0.00,0.00,0.00,3,100,100,99,0,4.4,275,263,6.1,14.4,1,0.00,1007.4,993.9
2025-08-20T19:00,24.7,0.00,58,15.8,26.0,0.00,0.00,0.00,3,100,100,72,0,4.2,283,280,10.0,9.4,1,0.00,1007.4,993.9
2025-08-20T20:00,23.5,0.00,65,16.4,25.1,0.00,0.00,0.00,3,100,97,99,0,3.8,283,275,10.2,8.6,0,0.00,1007.9,994.3
2025-08-20T21:00,22.8,0.00,74,18.0,25.3,0.00,0.00,0.00,3,100,96,100,0,2.2,316,275,6.0,7.6,0,0.00,1008.2,994.6
2025-08-20T22:00,22.4,0.00,76,18.0,25.0,0.00,0.00,0.00,3,100,98,93,11,1.9,16,29,7.3,4.7,0,0.00,1007.9,994.3
2025-08-20T23:00,21.3,0.00,72,16.1,22.9,0.00,0.00,0.00,3,100,100,26,3,3.3,30,22,11.0,7.9,0,0.00,1007.8,994.1
2025-08-21T00:00,20.7,0.00,66,14.1,21.3,0.00,0.00,0.00,3,100,100,54,3,4.5,37,16,12.6,9.4,0,0.00,1007.9,994.2
2025-08-21T01:00,20.2,0.00,64,13.2,20.2,0.00,0.00,0.00,3,96,96,15,1,6.9,30,6,15.0,13.7,0,0.00,1007.7,994.0
2025-08-21T02:00,19.6,0.00,70,13.9,19.9,0.00,0.00,0.00,3,100,100,37,3,6.7,26,3,14.7,15.5,0,0.00,1007.5,993.7
2025-08-21T03:00,18.9,0.00,74,14.2,19.8,0.00,0.00,0.00,3,100,100,29,3,3.3,32,354,9.3,13.3,0,0.00,1007.3,993.5
2025-08-21T04:00,18.5,0.00,75,13.9,19.3,0.00,0.00,0.00,3,100,100,19,1,3.6,10,330,6.4,7.2,0,0.00,1007.2,993.4
2025-08-21T05:00,17.8,0.00,76,13.5,18.0,0.00,0.00,0.00,3,98,97,29,3,6.2,355,339,11.0,11.9,0,0.00,1007.0,993.2
2025-08-21T06:00,17.6,0.00,76,13.4,17.8,0.00,0.00,0.00,3,84,80,20,3,6.0,5,350,11.0,11.5,1,0.00,1007.1,993.3
2025-08-21T07:00,18.4,0.00,73,13.5,18.5,0.00,0.00,0.00,3,100,100,15,3,7.1,2,336,13.3,14.8,1,1344.20,1007.3,993.5
2025-08-21T08:00,19.6,0.00,66,13.2,19.5,0.00,0.00,0.00,3,100,100,12,1,7.3,352,343,10.9,18.4,1,2154.20,1007.4,993.6
2025-08-21T09:00,20.9,0.00,61,13.2,20.9,0.00,0.00,0.00,3,100,100,8,0,6.9,349,340,9.5,19.1,1,3600.00,1007.5,993.8
2025-08-21T10:00,22.5,0.00,56,13.3,22.5,0.00,0.00,0.00,3,100,100,11,0,6.8,342,333,9.3,20.2,1,3600.00,1007.7,994.1
2025-08-21T11:00,24.0,0.00,52,13.4,24.0,0.00,0.00,0.00,3,100,100,8,0,7.0,339,331,9.5,21.2,1,3600.00,1007.6,994.0
2025-08-21T12:00,25.4,0.00,46,13.1,25.5,0.00,0.00,0.00,3,100,100,20,5,8.9,339,332,12.1,25.6,1,3600.00,1007.4,993.9
2025-08-21T13:00,26.1,0.00,43,12.5,25.4,0.00,0.00,0.00,3,100,100,9,1,10.5,344,340,14.6,27.7,1,3600.00,1007.2,993.7
2025-08-21T14:00,26.2,0.00,44,12.8,25.7,0.00,0.00,0.00,3,99,98,29,4,11.7,335,331,16.0,29.5,1,3600.00,1007.8,994.3
2025-08-21T15:00,25.6,0.00,44,12.3,24.6,0.00,0.00,0.00,3,83,78,19,11,11.4,337,337,16.4,30.6,1,3600.00,1007.9,994.4
2025-08-21T16:00,25.8,0.00,43,12.2,24.4,0.00,0.00,0.00,3,94,91,26,17,14.0,340,340,20.3,32.4,1,3600.00,1007.7,994.2
2025-08-21T17:00,25.7,0.00,40,11.1,23.9,0.00,0.00,0.00,3,98,98,18,0,14.4,349,347,21.5,34.2,1,3600.00,1007.8,994.3
2025-08-21T18:00,25.1,0.00,39,10.2,23.4,0.00,0.00,0.00,3,90,89,8,0,12.4,352,347,20.7,32.4,1,3600.00,1008.2,994.7
2025-08-21T19:00,23.5,0.00,41,9.7,22.2,0.00,0.00,0.00,2,58,27,43,0,8.5,8,5,17.4,26.3,1,3505.71,1009.1,995.5
2025-08-21T20:00,22.4,0.00,42,8.8,20.7,0.00,0.00,0.00,3,93,0,93,0,9.7,13,10,20.7,19.1,0,0.00,1010.1,996.4
2025-08-21T21:00,22.0,0.00,43,8.8,19.4,0.00,0.00,0.00,1,20,0,20,0,15.3,8,4,28.3,31.7,0,0.00,1011.1,997.4
2025-08-21T22:00,20.7,0.00,49,9.6,18.6,0.00,0.00,0.00,0,7,0,7,0,13.7,6,3,25.7,32.0,0,0.00,1011.7,997.9
2025-08-21T23:00,19.6,0.00,53,9.7,17.8,0.00,0.00,0.00,0,2,0,2,0,11.7,6,3,23.5,28.4,0,0.00,1012.4,998.6
2025-08-22T00:00,18.6,0.00,57,9.9,17.2,0.00,0.00,0.00,1,27,0,27,0,9.2,6,2,20.1,24.1,0,0.00,1013.3,999.4
2025-08-22T01:00,18.0,0.00,59,9.9,16.4,0.00,0.00,0.00,3,100,0,100,1,10.3,360,355,21.1,20.5,0,0.00,1013.8,999.9
2025-08-22T02:00,17.7,0.00,57,9.1,15.8,0.00,0.00,0.00,2,74,0,74,6,11.2,4,357,21.3,27.7,0,0.00,1014.5,1000.6
2025-08-22T03:00,17.1,0.00,60,9.2,15.3,0.00,0.00,0.00,2,53,0,53,9,10.7,354,347,20.1,23.0,0,0.00,1015.0,1001.0
2025-08-22T04:00,16.4,0.00,62,9.2,14.5,0.00,0.00,0.00,3,82,0,82,11,11.9,355,350,21.9,24.8,0,0.00,1015.4,1001.4
2025-08-22T05:00,16.0,0.00,62,8.8,13.9,0.00,0.00,0.00,3,87,0,86,14,12.1,360,354,21.4,26.3,0,0.00,1015.9,1001.9
2025-08-22T06:00,15.7,0.00,62,8.5,13.8,0.00,0.00,0.00,3,100,0,100,14,10.5,360,354,18.2,25.6,1,0.00,1016.5,1002.4
2025-08-22T07:00,15.9,0.00,59,8.0,13.9,0.00,0.00,0.00,3,100,0,100,14,10.5,359,354,15.7,23.4,1,0.00,1017.1,1003.0
2025-08-22T08:00,16.3,0.00,58,8.0,14.2,0.00,0.00,0.00,3,100,0,100,21,10.5,358,354,14.9,24.8,1,709.62,1017.4,1003.3
2025-08-22T09:00,17.3,0.00,54,7.9,15.2,0.00,0.00,0.00,3,86,0,85,36,10.7,356,352,15.0,27.0,1,3600.00,1017.5,1003.5
2025-08-22T10:00,18.5,0.00,49,7.6,16.4,0.00,0.00,0.00,2,51,0,49,23,10.1,352,348,14.0,27.7,1,3600.00,1017.7,1003.7
2025-08-22T11:00,19.7,0.00,45,7.5,18.0,0.00,0.00,0.00,2,59,0,57,20,9.9,340,338,13.4,27.7,1,3600.00,1017.8,1003.9
2025-08-22T12:00,20.7,0.00,42,7.2,19.2,0.00,0.00,0.00,1,24,0,11,14,11.0,322,319,14.9,30.2,1,3600.00,1017.6,1003.8
2025-08-22T13:00,21.4,0.00,40,7.2,19.8,0.00,0.00,0.00,1,22,0,14,21,11.7,315,313,16.2,32.8,1,3600.00,1017.4,1003.6
2025-08-22T14:00,20.8,0.00,40,6.6,18.8,0.00,0.00,0.00,3,82,0,20,82,11.7,328,328,16.2,33.1,1,3600.00,1018.1,1004.3
2025-08-22T15:00,21.0,0.00,36,5.4,18.4,0.00,0.00,0.00,0,16,0,15,9,10.4,322,321,14.5,31.7,1,3600.00,1017.7,1003.9
2025-08-22T16:00,21.3,0.00,33,4.3,18.2,0.00,0.00,0.00,0,13,0,13,7,11.7,335,335,16.3,29.9,1,3600.00,1017.4,1003.6
2025-08-22T17:00,20.8,0.00,33,4.0,17.6,0.00,0.00,0.00,0,8,0,8,3,12.1,339,340,16.9,31.0,1,3600.00,1017.2,1003.4
2025-08-22T18:00,20.0,0.00,36,4.3,16.6,0.00,0.00,0.00,3,97,97,7,6,13.5,342,341,19.6,30.2,1,3600.00,1017.2,1003.3
2025-08-22T19:00,18.6,0.00,40,4.6,15.7,0.00,0.00,0.00,3,100,100,2,1,10.8,346,345,18.6,31.0,1,3392.07,1017.5,1003.6
2025-08-22T20:00,17.5,0.00,42,4.5,14.5,0.00,0.00,0.00,2,79,77,7,3,11.1,354,353,21.2,22.7,0,0.00,1018.0,1004.0
2025-08-22T21:00,16.7,0.00,45,4.8,13.9,0.00,0.00,0.00,3,97,97,1,0,10.5,352,353,20.7,24.1,0,0.00,1018.4,1004.4
2025-08-22T22:00,16.0,0.00,48,5.1,13.4,0.00,0.00,0.00,3,95,95,0,0,9.6,353,356,20.3,21.2,0,0.00,1018.6,1004.5
2025-08-22T23:00,15.5,0.00,52,5.8,13.4,0.00,0.00,0.00,3,100,100,0,0,7.6,359,359,17.6,19.4,0,0.00,1018.6,1004.5
2025-08-23T00:00,15.0,0.00,60,7.2,13.7,0.00,0.00,0.00,1,43,41,20,0,3.8,358,352,11.5,14.8,0,0.00,1018.6,1004.5
2025-08-23T01:00,14.3,0.00,66,8.1,13.5,0.00,0.00,0.00,2,60,9,60,4,1.9,336,331,7.5,7.9,0,0.00,1018.6,1004.4
2025-08-23T02:00,13.7,0.00,67,7.7,12.9,0.00,0.00,0.00,1,49,20,36,6,1.1,243,162,3.6,4.0,0,0.00,1018.8,1004.6
2025-08-23T03:00,13.7,0.00,68,7.8,12.9,0.00,0.00,0.00,1,29,0,29,6,1.0,300,329,6.5,3.6,0,0.00,1018.6,1004.4
2025-08-23T04:00,13.0,0.00,72,8.1,12.2,0.00,0.00,0.00,1,21,0,20,7,2.3,307,302,8.7,5.4,0,0.00,1018.6,1004.4
2025-08-23T05:00,12.6,0.00,75,8.2,11.6,0.00,0.00,0.00,2,52,0,45,26,3.1,317,315,9.0,6.5,0,0.00,1018.5,1004.2
2025-08-23T06:00,13.0,0.00,73,8.2,12.0,0.00,0.00,0.00,2,65,2,47,39,3.6,325,323,9.7,7.6,1,0.00,1018.7,1004.5
2025-08-23T07:00,14.2,0.00,67,8.2,13.1,0.00,0.00,0.00,2,62,1,54,17,4.2,328,324,9.1,10.8,1,2621.20,1019.0,1004.8
2025-08-23T08:00,15.6,0.00,64,8.8,14.7,0.00,0.00,0.00,3,95,0,95,0,4.1,317,311,6.1,13.7,1,3600.00,1019.1,1005.0
2025-08-23T09:00,16.7,0.00,59,8.8,15.7,0.00,0.00,0.00,3,84,0,84,0,5.0,295,291,6.8,16.6,1,3600.00,1019.3,1005.2
2025-08-23T10:00,18.0,0.00,52,8.1,16.6,0.00,0.00,0.00,2,60,0,60,0,6.6,285,281,9.0,20.9,1,3600.00,1019.3,1005.3
2025-08-23T11:00,19.8,0.00,44,7.1,17.9,0.00,0.00,0.00,1,45,0,9,43,10.4,295,296,14.1,27.7,1,3600.00,1019.1,1005.2
2025-08-23T12:00,20.5,0.00,41,6.9,18.0,0.00,0.00,0.00,3,99,0,60,99,11.0,294,294,15.2,29.2,1,3600.00,1018.5,1004.6
2025-08-23T13:00,20.9,0.00,39,6.6,18.3,0.00,0.00,0.00,3,100,0,100,30,12.1,303,302,16.9,30.6,1,3600.00,1018.4,1004.6
2025-08-23T14:00,19.8,0.00,45,7.6,17.5,0.00,0.00,0.00,3,94,0,93,54,11.4,321,321,15.9,30.2,1,0.00,1018.8,1004.9
2025-08-23T15:00,19.3,0.00,49,8.4,16.9,0.00,0.00,0.00,2,78,0,76,17,13.1,336,337,18.1,32.0,1,1302.25,1018.7,1004.8
2025-08-23T16:00,19.1,0.00,51,8.6,17.2,0.00,0.00,0.00,1,33,0,28,7,10.3,346,349,14.5,32.8,1,3600.00,1018.8,1004.9
2025-08-23T17:00,19.9,0.00,48,8.4,17.8,0.00,0.00,0.00,3,100,0,100,82,11.0,327,326,15.6,26.3,1,3600.00,1018.5,1004.6
2025-08-23T18:00,19.0,0.00,50,8.4,16.8,0.00,0.00,0.00,3,98,0,97,93,12.2,337,336,18.1,27.7,1,0.00,1018.4,1004.5
2025-08-23T19:00,18.3,0.00,54,8.7,16.3,0.00,0.00,0.00,3,100,0,100,100,10.9,347,348,17.3,27.7,1,0.00,1018.8,1004.8
2025-08-23T20:00,17.7,0.00,57,9.0,16.1,0.00,0.00,0.00,3,100,0,100,92,9.4,357,357,15.9,23.4,0,0.00,1019.4,1005.4
2025-08-23T21:00,17.1,0.00,60,9.3,15.9,0.00,0.00,0.00,1,41,0,40,14,6.5,358,355,12.4,19.8,0,0.00,1019.8,1005.8
2025-08-23T22:00,16.5,0.00,65,9.9,16.0,0.00,0.00,0.00,1,20,0,20,0,3.5,348,348,9.6,13.0,0,0.00,1019.9,1005.8
2025-08-23T23:00,15.7,0.00,72,10.8,15.9,0.00,0.00,0.00,2,76,0,76,10,0.4,337,27,4.7,7.2,0,0.00,1020.1,1006.0
2025-08-24T00:00,15.6,0.00,74,10.9,15.9,0.00,0.00,0.00,3,99,0,99,19,0.3,291,135,1.5,2.5,0,0.00,1020.0,1005.9
2025-08-24T01:00,15.3,0.00,72,10.4,15.1,0.00,0.00,0.00,0,16,0,16,1,2.2,329,360,4.8,4.7,0,0.00,1020.2,1006.1
2025-08-24T02:00,13.7,0.00,73,9.0,12.6,0.00,0.00,0.00,3,97,0,97,9,5.5,7,351,12.0,11.2,0,0.00,1020.3,1006.1
2025-08-24T03:00,13.2,0.00,74,8.6,12.0,0.00,0.00,0.00,2,61,0,60,6,5.1,24,8,11.2,10.8,0,0.00,1020.1,1005.9
2025-08-24T04:00,12.2,0.00,79,8.7,11.5,0.00,0.00,0.00,0,18,0,16,14,2.8,38,11,7.3,10.1,0,0.00,1020.2,1005.9
2025-08-24T05:00,11.5,0.00,81,8.3,10.7,0.00,0.00,0.00,3,96,0,96,24,2.3,37,4,4.5,5.8,0,0.00,1020.3,1006.0
2025-08-24T06:00,11.6,0.00,79,8.0,10.6,0.00,0.00,0.00,2,79,0,78,26,3.1,47,31,5.9,6.8,1,0.00,1020.3,1006.0
2025-08-24T07:00,12.9,0.00,72,8.0,11.9,0.00,0.00,0.00,1,23,0,2,22,3.1,75,50,5.4,9.0,1,3493.06,1020.5,1006.2
2025-08-24T08:00,15.2,0.00,62,7.9,14.5,0.00,0.00,0.00,0,12,0,0,12,1.3,34,326,1.9,8.6,1,3600.00,1020.5,1006.4
2025-08-24T09:00,17.4,0.00,52,7.6,16.5,0.00,0.00,0.00,0,0,0,0,0,1.8,5,336,2.2,11.9,1,3600.00,1020.5,1006.5
2025-08-24T10:00,19.2,0.00,45,7.0,18.2,0.00,0.00,0.00,0,4,0,0,4,2.2,36,14,3.1,13.3,1,3600.00,1020.3,1006.3
2025-08-24T11:00,20.6,0.00,38,5.7,19.4,0.00,0.00,0.00,2,59,0,58,4,4.3,346,338,5.4,17.3,1,3600.00,1020.2,1006.3
2025-08-24T12:00,21.3,0.00,35,5.1,19.5,0.00,0.00,0.00,2,56,0,56,2,6.4,329,324,8.4,21.2,1,3600.00,1019.8,1006.0
2025-08-24T13:00,22.3,0.00,31,4.3,20.6,0.00,0.00,0.00,2,50,0,50,0,8.0,322,318,10.3,24.5,1,3600.00,1019.5,1005.7
2025-08-24T14:00,22.0,0.00,33,5.1,20.0,0.00,0.00,0.00,1,37,0,36,5,9.8,314,311,13.0,28.1,1,3600.00,1019.6,1005.8
2025-08-24T15:00,21.8,0.00,33,4.8,19.1,0.00,0.00,0.00,0,11,0,1,11,11.9,313,311,15.8,31.3,1,3600.00,1019.3,1005.5
2025-08-24T16:00,21.4,0.00,33,4.6,18.5,0.00,0.00,0.00,0,6,0,4,2,11.3,319,317,15.6,31.3,1,3600.00,1019.3,1005.5
2025-08-24T17:00,21.3,0.00,33,4.4,18.7,0.00,0.00,0.00,0,3,0,3,0,8.6,333,331,11.9,29.2,1,3600.00,1019.1,1005.3
2025-08-24T18:00,20.9,0.00,32,3.6,18.2,0.00,0.00,0.00,0,0,0,0,0,8.4,343,341,11.7,22.7,1,3600.00,1019.0,1005.1
2025-08-24T19:00,19.6,0.00,36,4.2,17.2,0.00,0.00,0.00,0,0,0,0,0,6.3,345,340,13.6,19.1,1,3161.37,1018.7,1004.8
2025-08-24T20:00,17.9,0.00,43,5.0,15.8,0.00,0.00,0.00,0,0,0,0,0,5.9,28,27,14.7,12.6,0,0.00,1019.5,1005.5
2025-08-24T21:00,16.5,0.00,49,5.7,14.3,0.00,0.00,0.00,0,0,0,0,0,8.1,72,78,18.2,15.5,0,0.00,1019.9,1005.8
2025-08-24T22:00,15.1,0.00,53,5.6,13.1,0.00,0.00,0.00,0,0,0,0,0,6.5,73,77,15.1,15.8,0,0.00,1019.8,1005.7
2025-08-24T23:00,14.0,0.00,57,5.6,12.1,0.00,0.00,0.00,0,0,0,0,0,5.3,74,80,13.3,12.6,0,0.00,1020.0,1005.8
2025-08-25T00:00,12.9,0.00,64,6.2,11.4,0.00,0.00,0.00,0,0,0,0,0,3.6,86,84,10.3,10.4,0,0.00,1020.1,1005.8
2025-08-25T01:00,12.1,0.00,70,6.7,10.9,0.00,0.00,0.00,0,0,0,0,0,2.3,92,61,4.9,7.2,0,0.00,1020.1,1005.8
2025-08-25T02:00,10.7,0.00,69,5.3,9.5,0.00,0.00,0.00,0,0,0,0,0,0.4,272,63,4.3,1.8,0,0.00,1020.5,1006.1
2025-08-25T03:00,9.9,0.00,73,5.3,8.4,0.00,0.00,0.00,0,0,0,0,0,1.8,230,101,1.4,3.6,0,0.00,1020.4,1006.0
2025-08-25T04:00,9.4,0.00,75,5.2,7.7,0.00,0.00,0.00,0,0,0,0,0,3.1,165,114,4.1,6.1,0,0.00,1020.4,1006.0
2025-08-25T05:00,9.1,0.00,76,5.1,7.6,0.00,0.00,0.00,0,1,1,0,0,2.2,135,76,3.1,5.8,0,0.00,1020.4,1005.9
2025-08-25T06:00,9.1,0.00,77,5.3,7.6,0.00,0.00,0.00,0,18,18,0,0,2.2,103,66,3.1,4.7,1,0.00,1020.4,1005.9
2025-08-25T07:00,11.2,0.00,71,6.1,9.7,0.00,0.00,0.00,3,97,97,0,0,3.1,108,66,3.4,7.6,1,3410.37,1020.3,1006.0
2025-08-25T08:00,14.7,0.00,55,5.9,13.6,0.00,0.00,0.00,3,97,97,0,0,0.5,90,315,2.3,7.9,1,3600.00,1020.1,1005.9
2025-08-25T09:00,17.2,0.00,46,5.6,15.9,0.00,0.00,0.00,2,74,74,0,0,1.6,283,276,1.7,11.2,1,3600.00,1020.2,1006.2
2025-08-25T10:00,19.4,0.00,41,5.8,18.0,0.00,0.00,0.00,3,99,99,0,0,2.7,306,298,3.1,14.4,1,3600.00,1020.3,1006.4
2025-08-25T11:00,21.1,0.00,36,5.3,20.2,0.00,0.00,0.00,3,90,90,0,0,3.1,308,301,4.1,16.2,1,3600.00,1020.1,1006.2
2025-08-25T12:00,22.2,0.00,33,5.1,21.6,0.00,0.00,0.00,1,39,39,0,0,4.1,311,308,5.2,18.4,1,3600.00,1019.4,1005.6
2025-08-25T13:00,23.1,0.00,30,4.6,22.7,0.00,0.00,0.00,1,25,25,0,0,4.0,325,321,5.3,18.7,1,3600.00,1018.8,1005.0
2025-08-25T14:00,24.0,0.00,26,3.1,23.1,0.00,0.00,0.00,3,93,93,0,0,4.2,328,324,5.5,19.8,1,3600.00,1018.1,1004.4
2025-08-25T15:00,24.3,0.00,24,2.2,22.7,0.00,0.00,0.00,1,24,24,0,0,4.2,334,329,5.4,18.4,1,3600.00,1017.2,1003.5
2025-08-25T16:00,24.4,0.00,22,1.4,21.9,0.00,0.00,0.00,0,0,0,0,0,4.2,333,329,5.2,17.3,1,3600.00,1016.5,1002.8
2025-08-25T17:00,24.0,0.00,22,0.7,21.3,0.00,0.00,0.00,0,0,0,0,0,4.8,330,326,6.2,16.2,1,3600.00,1016.0,1002.3
2025-08-25T18:00,23.2,0.00,23,0.9,20.3,0.00,0.00,0.00,0,0,0,0,0,6.0,336,333,8.5,15.5,1,3600.00,1015.8,1002.1
2025-08-25T19:00,21.3,0.00,30,2.9,18.7,0.00,0.00,0.00,0,0,0,0,0,6.8,339,338,14.6,13.3,1,3044.53,1015.6,1001.8
2025-08-25T20:00,19.6,0.00,33,3.1,17.1,0.00,0.00,0.00,0,0,0,0,0,6.0,359,10,14.6,13.3,0,0.00,1016.2,1002.3
2025-08-25T21:00,18.4,0.00,36,3.2,15.9,0.00,0.00,0.00,0,0,0,0,0,6.1,13,50,11.7,11.5,0,0.00,1016.1,1002.2
2025-08-25T22:00,17.0,0.00,41,3.8,14.5,0.00,0.00,0.00,0,0,0,0,0,7.4,51,68,13.8,14.0,0,0.00,1016.0,1002.0
2025-08-25T23:00,15.6,0.00,48,4.6,13.1,0.00,0.00,0.00,0,0,0,0,0,7.6,76,75,13.9,14.8,0,0.00,1015.8,1001.7
2025-08-26T00:00,14.5,0.00,52,4.9,12.2,0.00,0.00,0.00,0,0,0,0,0,7.6,79,78,13.9,15.1,0,0.00,1015.7,1001.6
2025-08-26T01:00,13.9,0.00,53,4.6,11.7,0.00,0.00,0.00,0,0,0,0,0,5.8,92,92,12.2,14.8,0,0.00,1015.6,1001.5
2025-08-26T02:00,10.9,0.00,67,5.1,9.1,0.00,0.00,0.00,0,5,5,0,0,4.3,109,92,10.9,10.4,0,0.00,1015.4,1001.1
2025-08-26T03:00,10.3,0.00,69,4.9,8.4,0.00,0.00,0.00,1,24,24,0,0,4.4,100,83,9.5,9.0,0,0.00,1015.3,1001.0
2025-08-26T04:00,9.7,0.00,72,4.9,7.7,0.00,0.00,0.00,0,15,15,0,0,5.4,95,84,10.8,10.8,0,0.00,1015.2,1000.9
2025-08-26T05:00,9.5,0.00,74,5.0,7.4,0.00,0.00,0.00,2,62,62,0,0,6.1,96,85,11.9,12.2,0,0.00,1014.9,1000.5
2025-08-26T06:00,9.8,0.00,74,5.3,7.7,0.00,0.00,0.00,1,29,29,0,0,6.5,107,93,13.2,12.6,1,0.00,1015.0,1000.7
2025-08-26T07:00,11.9,0.00,69,6.5,10.0,0.00,0.00,0.00,0,1,1,0,0,7.2,116,96,14.8,14.4,1,3327.51,1014.9,1000.7
2025-08-26T08:00,15.6,0.00,59,7.6,14.1,0.00,0.00,0.00,0,0,0,0,0,5.7,125,114,16.3,15.1,1,3600.00,1014.6,1000.6
2025-08-26T09:00,18.8,0.00,50,8.2,17.4,0.00,0.00,0.00,0,6,6,0,0,6.3,139,141,10.2,18.0,1,3600.00,1014.5,1000.6
2025-08-26T10:00,21.3,0.00,44,8.6,20.1,0.00,0.00,0.00,1,38,38,0,0,6.0,162,163,8.3,19.1,1,3600.00,1014.3,1000.5
2025-08-26T11:00,23.4,0.00,41,9.2,23.1,0.00,0.00,0.00,1,23,23,0,0,5.8,175,175,8.0,19.4,1,3600.00,1013.8,1000.1
2025-08-26T12:00,25.1,0.00,37,9.3,25.1,0.00,0.00,0.00,3,87,87,0,0,6.3,184,183,8.5,20.5,1,3600.00,1013.2,999.6
2025-08-26T13:00,26.3,0.00,32,8.2,26.0,0.00,0.00,0.00,3,100,100,0,0,7.2,194,193,9.8,22.0,1,3600.00,1012.6,999.1
2025-08-26T14:00,27.9,0.00,27,7.3,27.0,0.00,0.00,0.00,3,99,99,0,0,8.0,191,189,11.0,24.1,1,3600.00,1012.0,998.6
2025-08-26T15:00,28.5,0.00,26,7.1,26.9,0.00,0.00,0.00,3,92,92,0,0,7.9,192,191,10.9,24.1,1,3600.00,1011.3,997.9
2025-08-26T16:00,29.0,0.00,25,6.8,27.0,0.00,0.00,0.00,3,100,100,0,0,7.9,203,201,11.0,22.7,1,3600.00,1010.6,997.2
2025-08-26T17:00,28.6,0.00,27,7.8,26.7,0.00,0.00,0.00,3,100,100,1,0,9.1,212,210,12.9,22.0,1,3600.00,1010.2,996.8
2025-08-26T18:00,27.6,0.00,33,9.8,26.3,0.00,0.00,0.00,3,100,100,0,0,8.7,210,202,14.2,21.6,1,2736.41,1010.2,996.8
2025-08-26T19:00,25.9,0.00,39,11.0,25.3,0.00,0.00,0.00,3,100,100,13,0,6.1,205,178,14.3,17.3,1,2926.83,1010.0,996.5
2025-08-26T20:00,24.7,0.00,42,11.1,24.1,0.00,0.00,0.00,3,100,100,12,0,6.8,178,138,14.4,13.3,0,0.00,1010.1,996.5
2025-08-26T21:00,23.7,0.00,45,11.1,22.9,0.00,0.00,0.00,3,100,100,34,0,7.6,165,135,16.4,15.1,0,0.00,1010.1,996.5
2025-08-26T22:00,23.4,0.00,49,12.0,21.6,0.00,0.00,0.00,3,100,100,24,0,16.7,213,202,32.4,33.1,0,0.00,1011.1,997.5
2025-08-26T23:00,22.6,0.00,59,14.3,22.0,0.00,0.00,0.00,3,100,100,49,0,14.2,217,210,26.7,37.4,0,0.00,1011.3,997.6
2025-08-27T00:00,21.7,0.00,66,15.1,21.1,0.00,0.00,0.00,3,100,100,22,0,15.8,212,206,28.2,33.5,0,0.00,1011.3,997.6
2025-08-27T01:00,20.4,0.00,76,16.0,20.4,0.00,0.00,0.00,3,100,100,28,16,13.9,208,203,25.4,33.1,0,0.00,1011.6,997.8
2025-08-27T02:00,20.9,0.00,73,15.9,21.6,0.00,0.00,0.00,3,100,100,14,9,9.2,229,219,18.9,27.0,0,0.00,1011.7,997.9
2025-08-27T03:00,20.3,0.00,79,16.5,21.2,0.00,0.00,0.00,2,50,9,43,10,9.4,210,197,19.1,20.2,0,0.00,1011.8,998.0
2025-08-27T04:00,19.5,0.00,85,16.9,20.4,0.00,0.00,0.00,1,37,0,24,17,10.4,207,195,21.0,20.9,0,0.00,1011.8,998.0
2025-08-27T05:00,19.2,0.00,87,17.1,20.5,0.00,0.00,0.00,0,18,1,3,15,8.5,215,205,18.3,22.0,0,0.00,1011.6,997.8
2025-08-27T06:00,18.7,0.00,89,16.9,20.0,0.00,0.00,0.00,1,30,6,9,19,8.0,214,203,17.6,17.3,1,0.00,1012.1,998.2
2025-08-27T07:00,19.7,0.00,83,16.8,21.3,0.00,0.00,0.00,2,50,40,5,13,5.2,209,176,14.0,16.2,1,3244.50,1011.9,998.1
2025-08-27T08:00,21.3,0.00,75,16.6,22.7,0.00,0.00,0.00,2,52,1,43,18,6.2,199,195,9.3,16.9,1,3600.00,1012.0,998.3
2025-08-27T09:00,22.3,0.10,67,15.8,22.7,0.10,0.00,0.00,51,100,0,100,90,10.7,192,192,15.1,27.0,1,3600.00,1012.2,998.5
2025-08-27T10:00,22.1,0.40,68,15.8,23.0,0.40,0.00,0.00,51,28,26,3,0,7.1,161,153,9.9,29.9,1,0.00,1012.2,998.5
2025-08-27T11:00,24.8,0.00,58,15.8,25.8,0.00,0.00,0.00,3,86,86,2,0,8.7,189,186,12.2,25.2,1,3600.00,1011.6,998.0
2025-08-27T12:00,26.5,0.00,51,15.6,27.4,0.00,0.00,0.00,3,95,92,3,34,12.6,194,193,17.6,34.2,1,3600.00,1010.7,997.2
2025-08-27T13:00,27.3,0.10,50,15.8,27.9,0.10,0.00,0.00,51,81,73,16,25,12.6,209,209,17.3,34.2,1,3600.00,1009.9,996.5
2025-08-27T14:00,25.7,0.00,60,17.3,26.9,0.00,0.00,0.00,3,90,90,0,1,9.6,201,200,13.3,27.7,1,2105.14,1010.0,996.5
2025-08-27T15:00,26.1,0.00,57,16.8,26.2,0.00,0.00,0.00,3,100,100,20,45,15.5,218,220,21.7,36.4,1,3600.00,1010.1,996.6
2025-08-27T16:00,24.3,0.00,66,17.6,25.9,0.00,0.00,0.00,3,99,99,1,1,7.8,209,209,11.9,36.7,1,0.00,1009.4,995.8
2025-08-27T17:00,25.0,0.00,64,17.8,26.2,0.00,0.00,0.00,3,90,88,5,13,11.4,209,209,16.7,26.6,1,3600.00,1009.3,995.8
2025-08-27T18:00,24.3,0.00,71,18.6,26.3,0.00,0.00,0.00,3,99,99,5,5,8.2,208,206,12.8,26.6,1,3449.54,1009.0,995.4
2025-08-27T19:00,23.3,0.00,77,19.0,25.8,0.00,0.00,0.00,3,99,99,1,13,5.9,210,203,13.5,18.7,1,799.18,1008.8,995.2
2025-08-27T20:00,22.5,0.00,80,18.9,24.8,0.00,0.00,0.00,3,100,100,11,19,7.3,232,222,16.4,14.8,0,0.00,1009.5,995.8
2025-08-27T21:00,22.1,0.20,81,18.7,24.4,0.20,0.00,0.00,51,100,100,6,2,6.4,224,209,14.4,15.1,0,0.00,1008.9,995.2
2025-08-27T22:00,21.4,0.00,85,18.7,23.7,0.00,0.00,0.00,3,100,100,0,4,6.2,235,229,14.6,14.4,0,0.00,1008.8,995.1
2025-08-27T23:00,20.3,0.00,91,18.7,23.2,0.00,0.00,0.00,3,100,100,0,8,1.8,226,135,5.0,12.6,0,0.00,1008.5,994.8
2025-08-28T00:00,20.0,0.00,92,18.6,22.8,0.00,0.00,0.00,3,100,100,0,10,2.3,196,129,3.2,5.0,0,0.00,1008.0,994.2
2025-08-28T01:00,19.5,0.00,94,18.4,22.2,0.00,0.00,0.00,3,100,100,0,8,2.7,152,113,4.3,6.8,0,0.00,1007.6,993.8
2025-08-28T02:00,19.8,0.90,93,18.6,22.6,0.90,0.00,0.00,53,100,100,100,5,2.7,160,152,2.1,5.0,0,0.00,1007.2,993.5
2025-08-28T03:00,19.0,7.10,99,18.8,21.5,7.10,0.00,0.00,63,100,100,100,99,5.4,247,249,10.6,22.0,0,0.00,1007.8,994.0
2025-08-28T04:00,18.7,6.00,99,18.5,21.3,6.00,0.00,0.00,63,100,100,98,100,3.2,347,47,4.6,17.3,0,0.00,1007.2,993.4
2025-08-28T05:00,18.4,1.30,99,18.3,20.5,1.30,0.00,0.00,61,100,93,80,100,5.9,111,113,7.5,11.5,0,0.00,1006.9,993.1
2025-08-28T06:00,18.3,2.10,99,18.1,20.5,2.10,0.00,0.00,61,100,100,100,100,5.0,197,215,10.0,14.8,1,0.00,1007.4,993.6
2025-08-28T07:00,18.4,3.10,100,18.4,20.5,3.10,0.00,0.00,63,100,100,100,100,7.0,205,184,15.9,18.4,1,0.00,1007.3,993.5
2025-08-28T08:00,18.4,0.70,98,18.2,20.3,0.70,0.00,0.00,53,100,100,100,36,7.8,206,188,13.4,16.6,1,0.00,1007.2,993.4
2025-08-28T09:00,18.4,0.60,99,18.2,20.1,0.60,0.00,0.00,53,100,100,100,27,8.8,197,189,14.5,17.6,1,0.00,1007.1,993.3
2025-08-28T10:00,18.8,1.00,96,18.1,20.2,1.00,0.00,0.00,55,100,100,90,46,10.7,216,215,15.6,22.3,1,0.00,1007.1,993.3
2025-08-28T11:00,20.2,0.40,92,18.8,22.2,0.40,0.00,0.00,51,100,100,98,56,8.7,221,220,12.5,25.9,1,0.00,1007.1,993.4
2025-08-28T12:00,20.9,0.00,84,18.1,22.3,0.00,0.00,0.00,3,100,100,100,47,10.6,227,224,15.0,27.0,1,0.00,1006.5,992.8
2025-08-28T13:00,19.0,0.80,89,17.1,19.6,0.80,0.00,0.00,53,100,100,100,54,13.2,222,224,20.3,32.0,1,0.00,1006.9,993.1
2025-08-28T14:00,21.5,0.10,76,17.0,22.2,0.10,0.00,0.00,51,100,100,93,22,12.3,220,219,17.9,28.8,1,1358.09,1006.8,993.1
2025-08-28T15:00,21.2,0.20,75,16.6,21.6,0.20,0.00,0.00,51,100,100,54,39,13.1,234,236,19.7,30.6,1,0.00,1006.5,992.8
2025-08-28T16:00,21.1,0.40,75,16.6,21.9,0.40,0.00,0.00,51,100,100,35,38,10.6,237,236,15.7,29.9,1,0.00,1006.3,992.6
2025-08-28T17:00,21.0,0.20,79,17.1,22.0,0.20,0.00,0.00,51,100,100,22,26,10.5,230,231,15.3,24.5,1,0.00,1006.0,992.3
2025-08-28T18:00,18.5,0.50,90,16.8,19.3,0.50,0.00,0.00,53,100,100,40,47,10.7,242,241,18.8,29.5,1,0.00,1006.5,992.7
2025-08-28T19:00,18.5,0.00,91,17.0,19.9,0.00,0.00,0.00,3,100,100,13,0,6.8,198,182,13.6,22.3,1,0.00,1005.8,992.0
2025-08-28T20:00,17.6,0.00,94,16.7,18.9,0.00,0.00,0.00,2,70,63,19,1,7.5,211,195,16.6,16.2,0,0.00,1006.6,992.8
2025-08-28T21:00,17.1,0.00,95,16.4,18.4,0.00,0.00,0.00,3,98,98,13,5,6.5,223,208,16.6,15.5,0,0.00,1006.7,992.8
2025-08-28T22:00,17.0,0.00,97,16.4,18.2,0.00,0.00,0.00,3,100,100,19,28,6.8,214,197,16.0,14.4,0,0.00,1006.5,992.6
2025-08-28T23:00,16.8,0.00,97,16.3,17.8,0.00,0.00,0.00,3,100,100,84,36,8.1,228,219,18.0,16.6,0,0.00,1006.4,992.5
2025-08-29T00:00,16.7,0.10,96,16.1,17.6,0.10,0.00,0.00,51,100,100,12,25,8.5,224,212,17.8,16.9,0,0.00,1006.1,992.2
2025-08-29T01:00,16.6,0.10,97,16.1,17.4,0.10,0.00,0.00,51,100,100,89,26,8.9,228,222,19.1,19.4,0,0.00,1006.1,992.2
2025-08-29T02:00,16.8,1.10,94,15.9,16.9,1.10,0.00,0.00,55,100,100,98,22,12.9,218,215,23.9,26.3,0,0.00,1005.9,992.0
2025-08-29T03:00,16.5,1.20,98,16.2,17.2,1.20,0.00,0.00,55,100,100,100,0,9.3,240,238,18.7,25.6,0,0.00,1005.7,991.8
2025-08-29T04:00,16.3,1.40,98,16.0,16.7,1.40,0.00,0.00,61,100,100,100,20,11.6,229,223,22.3,23.8,0,0.00,1005.9,992.0
2025-08-29T05:00,15.7,0.30,97,15.3,15.8,0.30,0.00,0.00,51,100,100,94,12,11.9,219,210,22.4,23.8,0,0.00,1006.4,992.5
2025-08-29T06:00,15.1,0.00,94,14.2,14.6,0.00,0.00,0.00,3,91,89,23,1,12.3,224,218,23.2,24.5,1,0.00,1006.3,992.3
2025-08-29T07:00,15.3,0.00,93,14.2,14.8,0.00,0.00,0.00,0,0,0,0,0,12.4,227,222,22.7,25.6,1,1656.84,1006.2,992.3
2025-08-29T08:00,16.5,0.00,89,14.7,16.6,0.00,0.00,0.00,0,0,0,0,0,9.7,218,214,15.6,25.6,1,3600.00,1006.1,992.2
2025-08-29T09:00,17.8,0.00,82,14.7,18.1,0.00,0.00,0.00,0,2,0,0,2,8.3,217,214,12.3,23.8,1,3600.00,1005.6,991.8
2025-08-29T10:00,19.4,0.00,72,14.2,19.5,0.00,0.00,0.00,0,3,2,0,0,8.8,216,215,12.5,23.8,1,3600.00,1005.3,991.6
2025-08-29T11:00,20.7,0.00,62,13.3,20.8,0.00,0.00,0.00,1,39,26,14,8,10.7,217,216,15.3,27.4,1,3600.00,1005.0,991.3
2025-08-29T12:00,21.6,0.00,55,12.2,21.5,0.00,0.00,0.00,1,27,20,7,3,11.2,210,210,15.8,29.5,1,3600.00,1004.3,990.7
2025-08-29T13:00,22.5,0.00,51,12.0,22.6,0.00,0.00,0.00,2,57,54,6,1,10.6,203,203,14.8,28.4,1,3600.00,1003.6,990.0
2025-08-29T14:00,23.0,0.00,45,10.3,22.1,0.00,0.00,0.00,1,37,25,16,3,11.1,193,192,15.9,27.7,1,3600.00,1003.9,990.3
2025-08-29T15:00,23.2,0.00,44,10.3,22.0,0.00,0.00,0.00,1,23,1,22,0,11.2,210,210,16.1,27.4,1,3600.00,1003.6,990.1
2025-08-29T16:00,22.9,0.00,46,10.6,21.7,0.00,0.00,0.00,1,26,4,23,0,9.3,215,216,13.4,27.0,1,3600.00,1003.3,989.7
2025-08-29T17:00,22.5,0.00,50,11.5,21.6,0.00,0.00,0.00,1,22,0,22,0,9.2,224,225,14.6,22.0,1,3600.00,1003.2,989.6
2025-08-29T18:00,20.5,0.00,59,12.2,19.3,0.00,0.00,0.00,2,50,0,50,3,12.8,253,256,22.8,29.2,1,3600.00,1003.8,990.1
2025-08-29T19:00,18.3,0.00,74,13.7,18.5,0.00,0.00,0.00,2,63,0,63,0,6.7,246,243,15.4,27.4,1,1943.51,1003.8,990.0
2025-08-29T20:00,17.6,0.00,77,13.5,17.7,0.00,0.00,0.00,3,100,4,100,0,7.2,209,186,16.3,14.8,0,0.00,1004.8,991.0
2025-08-29T21:00,17.6,0.00,77,13.5,17.6,0.00,0.00,0.00,3,100,1,100,0,7.5,203,191,17.0,18.4,0,0.00,1005.1,991.3
2025-08-29T22:00,17.3,0.00,80,13.7,17.1,0.00,0.00,0.00,3,100,5,100,3,9.0,215,209,18.6,19.1,0,0.00,1005.5,991.7
2025-08-29T23:00,17.1,0.00,81,13.8,17.2,0.00,0.00,0.00,2,62,4,54,17,7.9,216,207,16.3,19.8,0,0.00,1005.8,991.9
2025-08-30T00:00,16.3,0.00,84,13.6,16.1,0.00,0.00,0.00,1,29,2,19,15,8.6,214,203,18.5,18.4,0,0.00,1006.0,992.1
2025-08-30T01:00,15.7,0.00,86,13.5,15.5,0.00,0.00,0.00,1,30,19,11,8,9.2,225,215,19.1,19.1,0,0.00,1006.0,992.1
2025-08-30T02:00,15.2,0.00,88,13.3,14.9,0.00,0.00,0.00,3,100,100,15,11,9.7,226,219,21.6,20.2,0,0.00,1006.7,992.7
2025-08-30T03:00,14.5,0.20,92,13.2,13.8,0.20,0.00,0.00,51,100,100,59,86,11.5,243,245,22.0,23.8,0,0.00,1007.7,993.7
2025-08-30T04:00,14.0,1.50,94,13.1,14.0,1.50,0.00,0.00,61,100,100,91,18,6.6,229,215,15.1,25.2,0,0.00,1008.0,994.0
2025-08-30T05:00,14.1,0.00,96,13.4,13.5,0.00,0.00,0.00,3,100,100,21,30,11.3,225,219,21.3,23.0,0,0.00,1007.9,993.9
2025-08-30T06:00,13.9,0.00,97,13.5,13.5,0.00,0.00,0.00,3,100,100,3,79,10.3,231,226,20.9,23.0,1,0.00,1008.6,994.6
2025-08-30T07:00,14.8,0.00,94,13.9,14.3,0.00,0.00,0.00,3,99,88,2,90,12.0,231,227,19.5,24.1,1,0.00,1008.9,994.9
2025-08-30T08:00,15.5,0.10,92,14.2,15.3,0.10,0.00,0.00,51,92,40,2,86,10.8,228,224,16.8,29.2,1,0.00,1009.7,995.7
2025-08-30T09:00,16.6,0.00,84,13.9,16.1,0.00,0.00,0.00,2,78,10,6,75,11.6,237,233,17.0,28.1,1,1151.20,1010.3,996.4
2025-08-30T10:00,17.8,0.10,76,13.5,17.0,0.10,0.00,0.00,51,100,0,8,100,12.5,240,238,18.2,31.3,1,3600.00,1010.5,996.6
2025-08-30T11:00,18.6,0.10,71,13.2,17.6,0.10,0.00,0.00,51,100,0,6,100,13.6,235,233,19.7,32.4,1,1609.47,1010.9,997.0
2025-08-30T12:00,19.0,0.00,70,13.5,18.1,0.00,0.00,0.00,3,93,0,12,92,13.7,236,235,19.6,34.9,1,3600.00,1011.1,997.3
2025-08-30T13:00,19.7,0.00,68,13.6,18.9,0.00,0.00,0.00,2,67,0,8,65,14.3,230,229,20.4,35.6,1,3600.00,1011.1,997.3
2025-08-30T14:00,20.5,0.00,63,13.2,20.4,0.00,0.00,0.00,1,32,3,19,15,12.0,243,242,16.7,29.2,1,3600.00,1011.5,997.7
2025-08-30T15:00,20.7,0.20,61,12.9,19.6,0.20,0.00,0.00,51,34,0,26,13,13.8,241,242,20.0,32.8,1,3600.00,1011.4,997.6
2025-08-30T16:00,20.8,0.20,59,12.6,19.8,0.20,0.00,0.00,51,12,0,10,4,12.3,242,241,18.0,32.4,1,3600.00,1011.6,997.8
2025-08-30T17:00,20.6,0.00,60,12.5,19.8,0.00,0.00,0.00,0,7,0,4,5,10.6,236,235,15.8,28.4,1,3600.00,1011.6,997.8
2025-08-30T18:00,20.0,0.00,65,13.1,19.8,0.00,0.00,0.00,0,9,0,4,5,8.1,218,212,15.1,23.8,1,3600.00,1011.5,997.7
2025-08-30T19:00,18.5,0.00,72,13.4,18.4,0.00,0.00,0.00,0,3,0,2,1,7.5,206,191,17.5,17.6,1,2449.68,1011.8,997.9
2025-08-30T20:00,17.5,0.00,76,13.3,17.1,0.00,0.00,0.00,0,3,0,2,2,9.8,207,193,21.7,19.4,0,0.00,1012.7,998.8
2025-08-30T21:00,16.8,0.00,80,13.2,16.5,0.00,0.00,0.00,0,1,0,0,0,8.8,207,192,20.6,19.8,0,0.00,1013.1,999.1
2025-08-30T22:00,16.3,0.00,81,13.0,16.0,0.00,0.00,0.00,0,1,0,0,1,8.1,209,193,20.1,17.6,0,0.00,1013.4,999.4
2025-08-30T23:00,15.9,0.00,82,12.8,15.7,0.00,0.00,0.00,0,0,0,0,0,7.5,208,188,18.7,16.6,0,0.00,1013.4,999.4
2025-08-31T00:00,15.5,0.00,84,12.8,15.4,0.00,0.00,0.00,0,0,0,0,0,7.0,205,180,17.6,15.1,0,0.00,1013.3,999.3
2025-08-31T01:00,15.2,0.00,86,12.8,15.1,0.00,0.00,0.00,0,1,0,1,1,6.3,203,175,16.4,14.4,0,0.00,1013.1,999.1
2025-08-31T02:00,14.5,0.00,85,12.1,14.2,0.00,0.00,0.00,0,4,0,4,0,6.4,188,142,13.6,13.0,0,0.00,1013.4,999.3
2025-08-31T03:00,14.0,0.00,87,11.8,13.6,0.00,0.00,0.00,0,2,0,1,0,6.8,169,125,13.6,13.7,0,0.00,1013.2,999.1
2025-08-31T04:00,13.5,0.00,87,11.5,13.0,0.00,0.00,0.00,0,7,0,4,3,6.8,167,122,13.1,13.7,0,0.00,1013.2,999.1
2025-08-31T05:00,13.2,0.00,89,11.4,12.5,0.00,0.00,0.00,0,0,0,0,0,8.0,155,117,13.9,15.5,0,0.00,1013.2,999.1
2025-08-31T06:00,12.9,0.00,90,11.4,12.2,0.00,0.00,0.00,0,3,0,2,3,7.8,151,116,14.0,15.8,1,0.00,1013.2,999.0
2025-08-31T07:00,14.1,0.00,87,12.1,13.6,0.00,0.00,0.00,0,1,0,1,0,7.8,151,113,13.0,15.8,1,2911.47,1013.2,999.1
2025-08-31T08:00,16.6,0.00,81,13.3,16.6,0.00,0.00,0.00,2,72,0,71,29,7.4,144,116,14.7,17.6,1,3600.00,1013.2,999.2
2025-08-31T09:00,18.4,0.00,72,13.4,18.4,0.00,0.00,0.00,3,97,0,97,81,7.1,141,135,10.5,18.7,1,3600.00,1013.3,999.4
2025-08-31T10:00,19.3,0.00,69,13.6,19.5,0.00,0.00,0.00,1,45,0,41,7,6.8,144,140,9.8,18.7,1,3213.46,1013.2,999.3
2025-08-31T11:00,21.3,0.00,63,13.9,21.5,0.00,0.00,0.00,1,42,0,6,38,7.2,167,162,10.2,20.2,1,3600.00,1012.9,999.1
2025-08-31T12:00,22.7,0.00,59,14.3,23.4,0.00,0.00,0.00,1,36,0,5,33,7.9,184,181,10.8,22.3,1,3600.00,1012.3,998.6
2025-08-31T13:00,23.8,0.00,56,14.5,24.4,0.00,0.00,0.00,2,51,10,0,45,8.8,190,189,11.9,22.7,1,3600.00,1011.7,998.1
2025-08-31T14:00,23.8,0.00,57,14.6,24.0,0.00,0.00,0.00,3,99,0,6,99,8.7,188,187,12.2,23.0,1,2320.95,1011.6,998.0
2025-08-31T15:00,24.1,0.00,56,14.8,24.5,0.00,0.00,0.00,3,91,0,7,91,8.0,174,171,11.2,23.0,1,3600.00,1011.0,997.4
2025-08-31T16:00,24.1,0.00,56,14.8,24.5,0.00,0.00,0.00,1,30,0,24,28,8.0,131,126,11.7,19.4,1,3327.40,1010.7,997.1
2025-08-31T17:00,23.9,0.00,57,14.9,23.9,0.00,0.00,0.00,0,9,0,0,9,10.9,119,117,16.9,24.1,1,3600.00,1010.0,996.4
2025-08-31T18:00,22.9,0.00,62,15.4,23.4,0.00,0.00,0.00,0,2,0,2,0,9.4,105,101,18.6,24.8,1,3600.00,1009.4,995.8
2025-08-31T19:00,21.1,0.00,69,15.2,21.5,0.00,0.00,0.00,0,3,0,1,1,9.0,107,95,20.7,20.2,1,2329.33,1009.3,995.6
2025-08-31T20:00,20.2,0.00,71,14.8,20.4,0.00,0.00,0.00,0,1,1,0,0,9.6,111,95,22.1,19.1,0,0.00,1009.5,995.7
2025-08-31T21:00,19.6,0.00,72,14.4,19.6,0.00,0.00,0.00,0,1,0,1,0,10.1,109,96,23.7,20.5,0,0.00,1009.2,995.4
2025-08-31T22:00,19.3,0.00,71,13.9,18.9,0.00,0.00,0.00,1,37,37,0,0,11.1,107,99,25.8,22.3,0,0.00,1008.8,995.0
2025-08-31T23:00,18.8,0.00,72,13.5,18.3,0.00,0.00,0.00,0,15,11,1,3,11.1,114,107,25.3,23.0,0,0.00,1008.8,995.0
2025-09-01T00:00,18.1,0.00,74,13.4,17.6,0.00,0.00,0.00,2,56,55,0,2,10.9,123,112,24.6,23.8,0,0.00,1008.3,994.5
2025-09-01T01:00,17.5,0.00,76,13.2,16.7,0.00,0.00,0.00,0,16,14,2,0,12.0,121,108,25.6,24.8,0,0.00,1008.1,994.2
2025-09-01T02:00,17.2,0.00,73,12.4,16.2,0.00,0.00,0.00,1,45,41,0,6,11.7,126,115,25.7,24.8,0,0.00,1007.9,994.0
2025-09-01T03:00,16.5,0.00,76,12.2,15.6,0.00,0.00,0.00,3,100,100,6,0,10.4,143,120,21.7,24.5,0,0.00,1008.0,994.1
2025-09-01T04:00,15.9,0.00,81,12.6,15.6,0.00,0.00,0.00,3,99,98,68,0,7.2,158,127,15.5,20.5,0,0.00,1007.7,993.8
2025-09-01T05:00,15.9,0.00,88,13.9,16.2,0.00,0.00,0.00,3,100,100,98,1,6.7,199,166,16.2,14.4,0,0.00,1008.0,994.1
2025-09-01T06:00,16.3,0.10,95,15.5,16.6,0.10,0.00,0.00,51,100,100,100,11,10.2,222,208,20.9,19.4,1,0.00,1008.5,994.6
2025-09-01T07:00,17.0,0.40,94,15.9,17.4,0.40,0.00,0.00,51,100,84,100,16,10.7,235,226,19.9,24.8,1,0.00,1009.0,995.1
2025-09-01T08:00,17.3,0.60,93,16.2,18.1,0.60,0.00,0.00,53,100,79,100,28,9.2,237,231,15.9,22.0,1,0.00,1009.3,995.4
2025-09-01T09:00,17.4,0.30,94,16.4,18.1,0.30,0.00,0.00,51,100,9,100,5,10.3,246,243,16.8,22.7,1,0.00,1010.2,996.3
2025-09-01T10:00,17.5,0.20,92,16.1,18.6,0.20,0.00,0.00,51,100,9,100,0,7.0,243,235,10.7,22.0,1,0.00,1010.4,996.5
2025-09-01T11:00,17.7,0.20,88,15.8,18.7,0.20,0.00,0.00,51,99,87,91,2,6.9,236,233,9.6,16.2,1,0.00,1010.6,996.7
2025-09-01T12:00,19.3,0.00,76,15.0,19.5,0.00,0.00,0.00,2,50,11,19,30,10.4,234,233,14.5,26.6,1,3600.00,1010.9,997.1
2025-09-01T13:00,21.0,0.00,69,15.1,22.2,0.00,0.00,0.00,2,50,41,19,2,6.7,231,232,9.1,29.5,1,3600.00,1010.4,996.7
2025-09-01T14:00,20.9,0.10,66,14.3,21.5,0.10,0.00,0.00,51,68,39,29,28,9.2,224,225,12.7,24.5,1,3600.00,1011.2,997.5
2025-09-01T15:00,21.0,0.20,65,14.1,21.0,0.20,0.00,0.00,51,100,100,20,15,9.3,232,234,13.0,24.8,1,3600.00,1010.8,997.1
2025-09-01T16:00,20.8,0.00,67,14.3,21.3,0.00,0.00,0.00,3,100,100,17,9,5.7,217,215,8.1,22.7,1,0.00,1010.5,996.8
2025-09-01T17:00,20.6,0.00,68,14.5,21.4,0.00,0.00,0.00,3,100,100,11,6,4.5,188,185,6.7,14.4,1,0.00,1010.3,996.5
2025-09-01T18:00,19.9,0.00,75,15.3,21.1,0.00,0.00,0.00,3,100,100,13,4,4.1,185,178,8.8,10.4,1,0.00,1010.1,996.3
2025-09-01T19:00,18.7,0.00,80,15.3,20.0,0.00,0.00,0.00,3,100,100,10,0,3.6,174,153,8.9,8.6,1,0.00,1009.9,996.1
2025-09-01T20:00,17.6,0.00,83,14.7,18.6,0.00,0.00,0.00,3,100,100,30,0,3.6,178,150,9.4,7.9,0,0.00,1010.2,996.3
2025-09-01T21:00,17.3,0.00,83,14.4,18.3,0.00,0.00,0.00,3,100,100,50,0,2.9,193,137,7.8,6.8,0,0.00,1010.6,996.7
2025-09-01T22:00,16.8,0.00,84,14.2,17.6,0.00,0.00,0.00,3,100,100,65,2,4.0,201,153,9.5,7.9,0,0.00,1010.9,997.0
2025-09-01T23:00,16.9,0.30,86,14.5,17.3,0.30,0.00,0.00,51,100,100,100,40,7.0,209,181,13.6,11.9,0,0.00,1011.2,997.3
2025-09-02T00:00,15.4,1.50,97,15.0,15.8,1.50,0.00,0.00,61,100,100,71,4,8.0,203,190,17.3,25.2,0,0.00,1011.5,997.5
2025-09-02T01:00,15.4,0.80,98,15.1,15.7,0.80,0.00,0.00,53,100,100,90,27,9.8,207,194,20.1,18.7,0,0.00,1011.5,997.5
2025-09-02T02:00,15.5,0.00,96,14.8,16.2,0.00,0.00,0.00,1,46,0,32,22,6.5,226,214,15.8,18.4,0,0.00,1011.9,997.9
2025-09-02T03:00,14.8,0.00,96,14.2,15.4,0.00,0.00,0.00,1,27,0,11,19,5.5,218,197,15.1,14.0,0,0.00,1011.9,997.9
2025-09-02T04:00,14.4,0.00,97,13.9,14.6,0.00,0.00,0.00,0,11,0,3,10,7.4,224,214,18.1,15.1,0,0.00,1011.8,997.7
2025-09-02T05:00,14.2,0.00,98,13.9,14.3,0.00,0.00,0.00,0,16,0,0,16,7.9,234,227,19.5,16.9,0,0.00,1011.7,997.6
2025-09-02T06:00,14.0,0.00,99,13.8,14.0,0.00,0.00,0.00,1,32,0,0,32,7.9,228,215,18.2,16.6,1,0.00,1012.1,998.0
2025-09-02T07:00,14.8,0.00,97,14.2,14.5,0.00,0.00,0.00,2,75,0,0,75,11.0,228,221,19.0,22.3,1,965.98,1012.4,998.3
2025-09-02T08:00,15.3,0.10,93,14.1,14.7,0.10,0.00,0.00,51,40,0,4,38,13.2,234,232,20.4,28.4,1,3600.00,1012.6,998.6
2025-09-02T09:00,16.4,0.20,84,13.8,15.7,0.20,0.00,0.00,51,37,0,8,31,13.5,238,239,19.7,30.2,1,3600.00,1012.4,998.4
2025-09-02T10:00,17.9,0.10,74,13.3,16.9,0.10,0.00,0.00,51,25,0,13,19,13.5,237,237,19.3,31.7,1,3600.00,1012.4,998.5
2025-09-02T11:00,18.9,0.20,69,13.1,17.9,0.20,0.00,0.00,51,30,0,15,19,13.8,233,231,19.8,35.6,1,3600.00,1012.5,998.6
2025-09-02T12:00,19.7,0.00,65,13.0,19.2,0.00,0.00,0.00,0,19,0,16,5,12.1,226,224,17.1,34.9,1,3600.00,1012.2,998.4
2025-09-02T13:00,20.2,0.10,63,13.0,19.8,0.10,0.00,0.00,51,33,0,19,19,12.9,227,227,18.1,34.6,1,3600.00,1012.0,998.2
2025-09-02T14:00,20.7,0.10,54,11.0,19.6,0.10,0.00,0.00,51,19,0,18,2,11.6,238,237,16.4,29.9,1,3600.00,1011.9,998.1
2025-09-02T15:00,21.0,0.00,51,10.5,19.7,0.00,0.00,0.00,0,10,0,9,2,10.9,226,225,15.3,28.8,1,3600.00,1011.3,997.6
2025-09-02T16:00,20.9,0.00,52,10.6,19.6,0.00,0.00,0.00,0,6,0,6,0,10.1,216,215,14.2,27.0,1,3600.00,1011.1,997.3
2025-09-02T17:00,20.6,0.00,53,10.5,19.0,0.00,0.00,0.00,0,8,1,6,1,11.5,221,220,17.0,25.9,1,3600.00,1011.7,997.9
2025-09-02T18:00,19.7,0.00,59,11.5,18.9,0.00,0.00,0.00,2,53,48,9,0,8.1,214,208,15.6,25.9,1,3600.00,1011.8,998.0
2025-09-02T19:00,17.9,0.00,69,12.2,17.7,0.00,0.00,0.00,3,100,100,5,0,6.1,198,178,14.8,17.6,1,1817.58,1011.7,997.8
2025-09-02T20:00,17.3,0.00,72,12.3,16.9,0.00,0.00,0.00,3,99,99,23,0,7.2,199,177,16.9,14.0,0,0.00,1012.2,998.3
2025-09-02T21:00,16.9,0.00,74,12.2,16.7,0.00,0.00,0.00,3,98,13,98,0,5.9,196,160,14.8,15.1,0,0.00,1012.7,998.7
2025-09-02T22:00,16.3,0.00,74,11.7,15.8,0.00,0.00,0.00,1,49,0,49,0,7.2,177,141,15.9,14.0,0,0.00,1012.6,998.6
2025-09-02T23:00,15.9,0.00,74,11.2,14.8,0.00,0.00,0.00,2,73,0,73,0,9.7,171,152,22.1,19.8,0,0.00,1012.5,998.5
2025-09-03T00:00,16.0,0.00,74,11.3,15.1,0.00,0.00,0.00,3,100,0,100,0,9.1,177,155,20.4,20.5,0,0.00,1012.8,998.8
2025-09-03T01:00,15.8,0.20,76,11.6,15.2,0.20,0.00,0.00,51,100,47,100,58,7.8,195,171,18.1,19.8,0,0.00,1012.5,998.5
2025-09-03T02:00,16.0,0.00,74,11.3,15.1,0.00,0.00,0.00,2,53,42,14,15,8.5,175,151,19.3,19.4,0,0.00,1012.4,998.4
2025-09-03T03:00,15.4,0.00,75,10.9,14.4,0.00,0.00,0.00,2,56,20,25,29,8.8,172,145,19.7,18.4,0,0.00,1012.3,998.3
2025-09-03T04:00,15.3,0.00,76,11.0,14.4,0.00,0.00,0.00,1,47,18,24,17,8.1,193,159,19.2,18.4,0,0.00,1012.3,998.3
2025-09-03T05:00,15.6,0.00,77,11.5,14.7,0.00,0.00,0.00,3,97,96,1,16,9.4,202,179,21.7,20.2,0,0.00,1012.4,998.4
2025-09-03T06:00,15.7,0.00,79,12.1,14.8,0.00,0.00,0.00,3,100,100,6,22,10.6,204,189,23.0,22.3,1,0.00,1012.7,998.7
2025-09-03T07:00,16.4,0.00,78,12.6,15.5,0.00,0.00,0.00,3,100,100,18,19,11.8,204,193,23.3,25.6,1,311.67,1012.8,998.8
2025-09-03T08:00,17.7,0.00,75,13.1,17.0,0.00,0.00,0.00,3,84,80,0,21,11.2,205,202,18.9,27.7,1,3600.00,1013.0,999.1
2025-09-03T09:00,18.8,0.00,71,13.5,18.0,0.00,0.00,0.00,3,91,72,43,47,13.2,206,202,20.0,30.6,1,3600.00,1012.9,999.0
2025-09-03T10:00,19.6,0.00,68,13.6,18.0,0.00,0.00,0.00,3,97,95,24,33,19.1,222,221,28.4,43.6,1,3600.00,1013.4,999.6
2025-09-03T11:00,20.5,0.10,63,13.2,18.7,0.10,0.00,0.00,51,100,85,28,100,19.7,227,228,29.4,44.6,1,3600.00,1013.4,999.6
2025-09-03T12:00,21.1,0.00,62,13.7,20.0,0.00,0.00,0.00,3,100,58,4,100,15.5,225,224,23.5,43.9,1,3600.00,1013.1,999.3
2025-09-03T13:00,22.0,0.00,60,13.8,21.2,0.00,0.00,0.00,3,100,35,0,100,13.5,225,224,20.4,35.6,1,1561.96,1012.7,999.0
2025-09-03T14:00,21.7,0.00,64,14.6,21.7,0.00,0.00,0.00,3,100,0,0,100,10.0,209,206,14.8,31.0,1,299.00,1012.8,999.1
2025-09-03T15:00,22.7,0.00,60,14.6,22.5,0.00,0.00,0.00,3,93,0,0,93,11.7,198,197,17.4,28.1,1,1680.34,1012.1,998.4
2025-09-03T16:00,24.0,0.00,54,14.1,23.4,0.00,0.00,0.00,1,30,0,0,30,13.2,207,206,19.6,30.6,1,3600.00,1011.3,997.7
2025-09-03T17:00,23.9,0.00,56,14.7,24.0,0.00,0.00,0.00,0,1,0,0,1,9.7,205,202,15.5,29.5,1,3600.00,1011.0,997.4
2025-09-03T18:00,23.1,0.00,64,15.9,24.3,0.00,0.00,0.00,0,2,1,1,0,5.1,198,184,12.5,21.2,1,3600.00,1010.8,997.2
2025-09-03T19:00,21.6,0.00,69,15.6,22.6,0.00,0.00,0.00,0,12,12,0,0,5.8,211,184,15.1,12.2,1,1967.39,1010.8,997.1
2025-09-03T20:00,20.4,0.00,72,15.2,21.1,0.00,0.00,0.00,0,6,6,1,0,7.1,191,159,16.5,14.4,0,0.00,1011.2,997.4
2025-09-03T21:00,19.5,0.00,74,14.7,19.7,0.00,0.00,0.00,0,11,8,3,0,9.6,151,128,21.2,18.7,0,0.00,1011.2,997.4
2025-09-03T22:00,19.0,0.00,76,14.6,19.2,0.00,0.00,0.00,0,3,3,0,0,8.7,162,132,20.2,19.1,0,0.00,1011.6,997.8
2025-09-03T23:00,18.4,0.00,79,14.6,18.7,0.00,0.00,0.00,0,12,11,2,0,8.3,170,131,18.1,17.3,0,0.00,1011.6,997.7
2025-09-04T00:00,18.1,0.00,80,14.5,18.4,0.00,0.00,0.00,3,93,90,30,16,8.5,188,156,19.8,17.6,0,0.00,1012.4,998.5
2025-09-04T01:00,18.5,0.00,79,14.7,18.7,0.00,0.00,0.00,3,84,82,10,4,9.6,202,175,22.2,20.2,0,0.00,1012.6,998.7
2025-09-04T02:00,17.6,0.60,83,14.8,18.1,0.60,0.00,0.00,53,68,62,14,3,7.7,186,131,15.9,18.7,0,0.00,1012.7,998.8
2025-09-04T03:00,16.8,0.00,85,14.3,17.3,0.00,0.00,0.00,2,51,47,3,4,6.5,201,161,18.2,16.2,0,0.00,1013.1,999.1
2025-09-04T04:00,16.4,0.00,87,14.3,17.0,0.00,0.00,0.00,3,100,100,0,3,5.8,212,171,18.0,14.4,0,0.00,1013.2,999.2
2025-09-04T05:00,17.1,0.00,88,15.0,17.5,0.00,0.00,0.00,3,99,99,0,2,8.5,221,207,21.7,16.9,0,0.00,1013.5,999.5
2025-09-04T06:00,16.7,0.00,92,15.5,17.4,0.00,0.00,0.00,3,100,100,0,4,8.2,228,216,20.9,19.1,1,0.00,1013.9,999.9
2025-09-04T07:00,17.2,0.00,91,15.8,18.3,0.00,0.00,0.00,3,100,100,1,1,5.8,216,173,12.5,16.9,1,0.00,1014.1,1000.1
2025-09-04T08:00,18.7,0.00,88,16.8,20.3,0.00,0.00,0.00,3,91,91,0,4,5.5,200,167,11.8,14.8,1,3600.00,1014.2,1000.3
2025-09-04T09:00,20.2,0.00,82,17.1,21.9,0.00,0.00,0.00,3,100,100,1,1,5.4,192,184,7.7,16.2,1,3600.00,1014.4,1000.6
2025-09-04T10:00,21.4,0.00,74,16.7,22.9,0.00,0.00,0.00,3,100,100,2,0,5.9,198,192,8.1,17.6,1,3600.00,1014.4,1000.6
2025-09-04T11:00,22.8,0.00,69,16.7,24.1,0.00,0.00,0.00,3,98,98,11,3,7.5,219,217,10.4,20.9,1,3600.00,1014.4,1000.7
2025-09-04T12:00,23.8,0.10,64,16.6,24.9,0.10,0.00,0.00,51,99,99,17,16,10.8,231,232,14.8,33.1,1,3600.00,1014.1,1000.4
2025-09-04T13:00,23.6,0.10,61,15.6,23.7,0.10,0.00,0.00,51,100,100,47,55,12.9,247,247,18.4,32.8,1,3600.00,1014.1,1000.4
2025-09-04T14:00,22.2,0.90,68,16.0,22.8,0.90,0.00,0.00,53,81,18,77,7,9.7,226,225,13.6,24.5,1,3523.26,1014.5,1000.8
2025-09-04T15:00,22.2,0.10,68,15.9,23.3,0.10,0.00,0.00,51,55,35,29,2,5.9,217,215,8.4,24.5,1,3342.68,1014.1,1000.4
2025-09-04T16:00,22.9,0.00,65,15.9,24.0,0.00,0.00,0.00,3,86,83,14,7,6.7,215,214,9.4,27.4,1,3600.00,1013.8,1000.1
2025-09-04T17:00,22.8,0.00,63,15.3,23.4,0.00,0.00,0.00,3,100,99,61,10,8.0,212,214,11.7,26.6,1,3600.00,1013.6,999.9
2025-09-04T18:00,21.8,0.00,66,15.1,21.9,0.00,0.00,0.00,3,100,100,26,0,11.1,237,239,20.2,23.8,1,0.00,1013.8,1000.1
2025-09-04T19:00,20.1,0.00,76,15.7,21.3,0.00,0.00,0.00,3,100,100,96,0,4.7,262,272,12.2,24.5,1,0.00,1013.9,1000.1
2025-09-04T20:00,19.3,0.10,80,15.9,20.9,0.10,0.00,0.00,51,100,100,93,35,3.2,275,286,8.7,9.7,0,0.00,1014.9,1001.0
2025-09-04T21:00,19.0,0.00,82,15.9,20.7,0.00,0.00,0.00,3,100,100,41,9,2.2,216,180,6.7,10.1,0,0.00,1015.2,1001.3
2025-09-04T22:00,18.4,0.10,84,15.7,19.8,0.10,0.00,0.00,51,100,100,90,11,4.0,213,183,10.5,8.3,0,0.00,1015.3,1001.4
2025-09-04T23:00,16.0,1.40,95,15.2,15.8,1.40,0.00,0.00,61,100,100,87,26,13.1,218,209,23.0,29.2,0,0.00,1016.3,1002.2
2025-09-05T00:00,15.6,0.40,96,14.9,15.6,0.40,0.00,0.00,51,100,100,64,27,10.7,206,194,20.0,26.3,0,0.00,1016.3,1002.2
2025-09-05T01:00,15.6,0.00,96,15.0,15.7,0.00,0.00,0.00,3,100,100,49,29,10.6,218,210,20.9,21.2,0,0.00,1016.5,1002.4
2025-09-05T02:00,15.7,1.90,97,15.3,15.6,1.90,0.00,0.00,61,52,1,31,40,12.9,224,221,23.3,28.1,0,0.00,1016.8,1002.7
2025-09-05T03:00,15.5,0.10,97,15.1,15.4,0.10,0.00,0.00,51,76,1,13,72,12.4,228,223,23.2,25.9,0,0.00,1017.0,1002.9
2025-09-05T04:00,15.4,0.10,97,14.9,15.3,0.10,0.00,0.00,51,78,0,11,75,12.3,236,235,21.8,25.2,0,0.00,1017.2,1003.1
2025-09-05T05:00,14.8,0.70,97,14.4,14.5,0.70,0.00,0.00,53,70,2,22,60,12.2,248,246,21.7,25.9,0,0.00,1017.7,1003.6
2025-09-05T06:00,14.9,0.10,97,14.4,14.9,0.10,0.00,0.00,51,16,2,4,12,9.4,243,235,18.8,24.1,1,0.00,1018.3,1004.2
2025-09-05T07:00,14.8,0.10,94,13.9,14.3,0.10,0.00,0.00,51,74,63,1,29,11.8,235,234,20.3,22.3,1,2238.21,1019.1,1005.0
2025-09-05T08:00,15.3,0.80,86,12.9,14.6,0.80,0.00,0.00,53,75,16,16,65,11.3,247,248,18.0,26.6,1,3600.00,1019.8,1005.7
2025-09-05T09:00,16.2,0.10,86,13.9,15.9,0.10,0.00,0.00,51,100,3,2,100,10.7,260,258,15.2,25.9,1,3600.00,1020.4,1006.3
2025-09-05T10:00,17.1,0.10,79,13.3,16.9,0.10,0.00,0.00,51,100,100,3,100,8.3,261,257,11.7,26.3,1,2141.62,1021.0,1006.9
2025-09-05T11:00,18.0,0.10,70,12.6,17.6,0.10,0.00,0.00,51,100,100,3,100,8.5,271,270,11.7,21.6,1,1409.03,1021.4,1007.4
2025-09-05T12:00,18.7,0.00,64,11.7,17.9,0.00,0.00,0.00,3,98,65,3,95,8.9,283,283,12.4,22.3,1,1516.66,1021.5,1007.5
2025-09-05T13:00,20.0,0.00,57,11.3,19.2,0.00,0.00,0.00,3,100,100,8,82,7.9,277,273,10.7,23.4,1,3600.00,1021.6,1007.7
2025-09-05T14:00,18.7,0.10,75,14.1,18.8,0.10,0.00,0.00,51,99,99,7,9,8.4,248,247,11.6,24.1,1,3600.00,1022.7,1008.7
2025-09-05T15:00,19.5,0.10,68,13.4,19.4,0.10,0.00,0.00,51,40,32,3,9,7.7,248,246,10.7,24.1,1,3600.00,1022.5,1008.5
2025-09-05T16:00,20.0,0.00,60,12.1,19.6,0.00,0.00,0.00,3,87,4,7,86,7.3,248,247,10.3,23.8,1,3600.00,1022.4,1008.5
2025-09-05T17:00,19.9,0.00,59,11.5,19.3,0.00,0.00,0.00,1,46,2,18,33,7.0,260,258,10.2,21.6,1,3600.00,1022.4,1008.4
2025-09-05T18:00,18.6,0.10,68,12.6,18.7,0.10,0.00,0.00,51,59,21,44,21,5.0,288,296,10.6,19.8,1,3600.00,1022.8,1008.8
2025-09-05T19:00,17.3,0.00,77,13.2,17.9,0.00,0.00,0.00,1,20,0,20,1,3.1,336,360,7.7,10.8,1,534.36,1023.2,1009.1
2025-09-05T20:00,16.5,0.00,79,12.8,17.0,0.00,0.00,0.00,1,22,0,11,14,2.2,29,90,3.7,5.8,0,0.00,1024.1,1010.0
2025-09-05T21:00,15.7,0.00,83,12.7,16.0,0.00,0.00,0.00,1,26,0,19,12,3.7,171,125,4.7,6.8,0,0.00,1024.4,1010.2
2025-09-05T22:00,15.2,0.00,85,12.6,15.4,0.00,0.00,0.00,1,20,0,11,11,3.9,200,143,7.3,7.9,0,0.00,1024.7,1010.5
2025-09-05T23:00,14.6,0.00,86,12.3,14.8,0.00,0.00,0.00,0,9,0,9,0,3.6,205,150,6.0,7.6,0,0.00,1024.9,1010.7
2025-09-06T00:00,14.2,0.00,87,12.1,14.2,0.00,0.00,0.00,0,9,0,9,0,4.1,191,146,5.9,7.9,0,0.00,1024.9,1010.6
2025-09-06T01:00,13.7,0.00,89,11.9,13.7,0.00,0.00,0.00,0,8,0,8,0,4.1,173,131,6.0,7.9,0,0.00,1025.1,1010.8
2025-09-06T02:00,11.4,0.00,93,10.3,10.9,0.00,0.00,0.00,0,0,0,0,0,4.1,187,135,7.8,7.6,0,0.00,1025.2,1010.8
2025-09-06T03:00,11.0,0.00,94,10.1,10.4,0.00,0.00,0.00,0,0,0,0,0,4.0,164,117,6.4,7.2,0,0.00,1025.1,1010.7
2025-09-06T04:00,10.8,0.00,95,10.0,10.1,0.00,0.00,0.00,0,0,0,0,0,4.5,133,106,8.1,9.0,0,0.00,1024.9,1010.5
2025-09-06T05:00,10.2,0.00,96,9.6,9.4,0.00,0.00,0.00,0,0,0,0,0,4.7,123,97,9.5,9.4,0,0.00,1024.8,1010.3
2025-09-06T06:00,10.2,0.00,95,9.5,9.3,0.00,0.00,0.00,1,41,10,0,34,5.1,115,96,11.5,10.4,1,0.00,1024.9,1010.4
2025-09-06T07:00,11.5,0.00,95,10.8,10.8,0.00,0.00,0.00,2,61,1,0,60,6.7,105,88,11.6,14.0,1,2058.00,1024.9,1010.5
2025-09-06T08:00,13.7,0.00,93,12.5,13.8,0.00,0.00,0.00,1,24,1,0,24,4.2,82,65,8.9,14.0,1,3600.00,1025.2,1010.9
2025-09-06T09:00,15.9,0.00,85,13.3,16.5,0.00,0.00,0.00,0,9,4,0,5,2.9,77,68,4.8,13.3,1,3600.00,1025.0,1010.8
2025-09-06T10:00,18.0,0.00,76,13.8,18.5,0.00,0.00,0.00,0,19,19,0,0,4.3,97,95,6.2,15.1,1,3600.00,1024.7,1010.6
2025-09-06T11:00,19.8,0.00,64,12.9,20.2,0.00,0.00,0.00,1,33,33,0,0,6.2,107,107,8.8,19.1,1,3600.00,1024.1,1010.1
2025-09-06T12:00,21.1,0.00,56,11.9,21.4,0.00,0.00,0.00,2,50,50,0,0,7.5,107,110,10.4,21.2,1,3600.00,1023.4,1009.5
2025-09-06T13:00,22.0,0.00,51,11.3,22.0,0.00,0.00,0.00,0,5,5,0,0,9.2,105,106,12.8,24.1,1,3600.00,1022.9,1009.0
2025-09-06T14:00,22.6,0.00,49,11.2,22.0,0.00,0.00,0.00,1,40,39,0,0,11.1,106,107,15.7,27.7,1,3600.00,1022.7,1008.9
2025-09-06T15:00,22.7,0.00,47,10.7,21.4,0.00,0.00,0.00,0,3,2,0,0,12.0,105,106,17.2,28.8,1,3600.00,1022.0,1008.2
2025-09-06T16:00,22.5,0.00,46,10.3,20.8,0.00,0.00,0.00,3,95,95,0,0,12.0,107,107,18.1,28.8,1,3600.00,1021.5,1007.7
2025-09-06T17:00,22.0,0.00,49,10.8,20.7,0.00,0.00,0.00,0,16,16,0,0,10.9,101,99,18.4,27.4,1,3600.00,1021.3,1007.5
2025-09-06T18:00,20.7,0.00,55,11.4,19.7,0.00,0.00,0.00,3,99,99,0,0,9.9,94,89,21.1,23.4,1,3600.00,1021.2,1007.3
2025-09-06T19:00,19.4,0.00,57,10.7,18.0,0.00,0.00,0.00,3,100,100,0,0,11.0,103,96,25.6,23.0,0,0.00,1021.1,1007.1
2025-09-06T20:00,18.5,0.00,61,10.9,17.4,0.00,0.00,0.00,3,99,99,0,0,9.1,108,99,22.9,23.0,0,0.00,1021.0,1007.0
2025-09-06T21:00,17.4,0.00,67,11.2,16.4,0.00,0.00,0.00,3,82,82,0,0,9.4,106,98,23.1,19.4,0,0.00,1021.1,1007.0
2025-09-06T22:00,16.5,0.00,71,11.2,15.3,0.00,0.00,0.00,3,97,97,0,0,10.7,107,97,24.8,22.0,0,0.00,1020.8,1006.7
2025-09-06T23:00,16.0,0.00,72,11.1,14.7,0.00,0.00,0.00,3,100,100,0,0,11.1,107,99,25.8,23.4,0,0.00,1020.7,1006.6
2025-09-07T00:00,15.6,0.00,73,10.7,14.2,0.00,0.00,0.00,3,100,100,0,0,11.1,106,98,25.6,23.8,0,0.00,1020.5,1006.4
2025-09-07T01:00,15.0,0.00,74,10.4,13.5,0.00,0.00,0.00,3,99,99,0,0,11.5,105,101,26.3,24.1,0,0.00,1020.3,1006.1
2025-09-07T02:00,14.6,0.00,75,10.3,12.8,0.00,0.00,0.00,3,100,100,0,0,12.9,108,103,28.4,27.4,0,0.00,1019.9,1005.7
2025-09-07T03:00,14.1,0.00,78,10.3,12.2,0.00,0.00,0.00,3,99,99,0,0,13.2,105,101,28.5,27.0,0,0.00,1019.7,1005.5
2025-09-07T04:00,13.8,0.00,79,10.3,11.8,0.00,0.00,0.00,3,87,87,0,0,14.8,104,100,31.2,30.2,0,0.00,1019.5,1005.3
2025-09-07T05:00,13.7,0.00,80,10.4,11.6,0.00,0.00,0.00,3,100,100,0,0,15.2,104,101,31.3,31.3,0,0.00,1019.2,1005.0
2025-09-07T06:00,13.5,0.00,82,10.4,11.4,0.00,0.00,0.00,3,100,100,0,0,15.0,105,104,31.1,31.3,1,0.00,1019.3,1005.1
2025-09-07T07:00,14.1,0.00,80,10.7,12.1,0.00,0.00,0.00,3,100,100,0,0,15.6,106,104,30.4,32.0,1,1425.28,1019.3,1005.1
2025-09-07T08:00,15.5,0.00,77,11.5,13.9,0.00,0.00,0.00,3,100,100,0,0,13.9,104,104,29.5,32.8,1,3600.00,1019.2,1005.1
2025-09-07T09:00,17.2,0.00,71,11.8,15.6,0.00,0.00,0.00,3,100,100,0,0,15.1,109,107,23.7,34.6,1,3600.00,1018.9,1004.9
2025-09-07T10:00,18.9,0.00,66,12.5,17.7,0.00,0.00,0.00,3,100,100,0,0,13.4,108,107,20.0,34.2,1,3600.00,1018.5,1004.6
2025-09-07T11:00,20.8,0.00,61,13.1,20.4,0.00,0.00,0.00,3,97,97,0,0,11.8,112,111,17.4,31.3,1,3600.00,1018.4,1004.5
2025-09-07T12:00,22.4,0.00,57,13.6,22.6,0.00,0.00,0.00,3,100,100,0,0,11.4,113,113,16.3,29.2,1,3600.00,1017.8,1004.0
2025-09-07T13:00,23.5,0.00,54,13.6,23.9,0.00,0.00,0.00,3,99,99,0,0,11.2,111,111,15.8,28.4,1,3600.00,1017.3,1003.6
2025-09-07T14:00,24.4,0.00,50,13.4,24.6,0.00,0.00,0.00,3,97,97,0,0,11.2,112,112,15.9,28.4,1,3600.00,1016.7,1003.0
2025-09-07T15:00,24.7,0.00,49,13.4,24.4,0.00,0.00,0.00,3,91,91,0,0,11.3,113,112,16.2,27.7,1,3600.00,1016.0,1002.4
2025-09-07T16:00,24.6,0.00,51,13.7,24.1,0.00,0.00,0.00,3,89,89,0,0,11.1,112,112,16.1,27.4,1,3600.00,1015.5,1001.9
2025-09-07T17:00,24.1,0.00,54,14.2,23.9,0.00,0.00,0.00,3,81,81,0,0,10.2,105,103,16.8,25.6,1,3600.00,1015.2,1001.5
2025-09-07T18:00,22.5,0.00,62,14.9,22.8,0.00,0.00,0.00,1,49,49,0,0,9.6,98,93,20.2,22.0,1,3600.00,1015.3,1001.6
2025-09-07T19:00,20.6,0.00,67,14.2,20.2,0.00,0.00,0.00,0,0,0,0,0,11.5,98,94,25.7,23.0,0,1094.19,1015.3,1001.5
2025-09-07T20:00,19.7,0.00,69,13.8,19.2,0.00,0.00,0.00,0,0,0,0,0,12.2,104,98,27.3,25.2,0,0.00,1015.8,1001.9
2025-09-07T21:00,18.9,0.00,73,14.0,18.5,0.00,0.00,0.00,0,0,0,0,0,11.5,108,100,25.6,24.8,0,0.00,1015.8,1001.9
2025-09-07T22:00,18.1,0.00,78,14.1,17.7,0.00,0.00,0.00,0,5,5,0,0,11.8,108,99,25.6,23.4,0,0.00,1015.8,1001.9
2025-09-07T23:00,17.4,0.00,81,14.1,17.0,0.00,0.00,0.00,0,0,0,0,0,11.7,107,99,25.2,24.5,0,0.00,1015.7,1001.7
2025-09-08T00:00,16.7,0.00,84,14.0,16.2,0.00,0.00,0.00,0,0,0,0,0,11.8,107,101,25.3,24.1,0,0.00,1015.5,1001.5
2025-09-08T01:00,16.1,0.00,86,13.8,15.9,0.00,0.00,0.00,0,0,0,0,0,9.6,106,103,22.3,23.8,0,0.00,1015.6,1001.6
2025-09-08T02:00,14.6,0.00,90,12.9,14.2,0.00,0.00,0.00,0,8,8,0,0,8.9,106,97,20.1,20.2,0,0.00,1015.9,1001.8
2025-09-08T03:00,14.0,0.00,91,12.5,13.5,0.00,0.00,0.00,3,98,98,0,0,8.6,106,101,18.9,18.0,0,0.00,1015.6,1001.5
2025-09-08T04:00,13.5,0.00,92,12.3,13.0,0.00,0.00,0.00,3,100,100,0,0,8.1,109,102,17.5,16.9,0,0.00,1015.4,1001.2
2025-09-08T05:00,13.2,0.00,93,12.2,13.1,0.00,0.00,0.00,3,99,99,6,0,5.5,115,103,12.6,15.8,0,0.00,1015.6,1001.4
2025-09-08T06:00,12.8,0.00,95,11.9,12.5,0.00,0.00,0.00,2,74,72,5,0,6.1,108,90,11.6,11.9,1,0.00,1015.6,1001.4
2025-09-08T07:00,13.8,0.00,91,12.4,13.7,0.00,0.00,0.00,1,24,14,12,0,6.1,115,95,10.5,13.0,1,2157.74,1015.6,1001.5
2025-09-08T08:00,16.4,0.00,83,13.5,16.8,0.00,0.00,0.00,1,28,18,14,0,4.7,118,106,11.2,13.0,1,3600.00,1015.7,1001.7
2025-09-08T09:00,18.7,0.00,76,14.3,19.8,0.00,0.00,0.00,2,75,60,37,0,2.3,126,129,4.0,13.0,1,3600.00,1016.1,1002.2
2025-09-08T10:00,20.0,0.00,73,15.0,21.0,0.00,0.00,0.00,3,83,49,67,0,4.0,190,190,5.3,14.4,1,3600.00,1016.3,1002.4
2025-09-08T11:00,21.2,0.00,70,15.5,22.7,0.00,0.00,0.00,3,100,75,100,0,2.3,173,180,2.9,14.8,1,3600.00,1015.8,1002.0
2025-09-08T12:00,21.3,0.00,71,15.8,22.4,0.00,0.00,0.00,3,99,41,98,0,5.9,232,232,8.0,16.9,1,508.34,1016.0,1002.2
2025-09-08T13:00,21.8,0.00,69,15.9,22.8,0.00,0.00,0.00,3,100,72,100,3,6.7,270,272,9.2,19.4,1,705.15,1016.2,1002.4
2025-09-08T14:00,20.1,1.40,82,17.0,21.4,1.40,0.00,0.00,61,99,67,96,85,7.7,311,319,10.7,19.8,1,1021.17,1017.1,1003.2
2025-09-08T15:00,19.5,0.90,85,16.9,20.6,0.90,0.00,0.00,53,100,100,83,65,8.8,8,9,12.7,26.3,1,0.00,1017.1,1003.2
2025-09-08T16:00,19.6,0.00,86,17.2,21.3,0.00,0.00,0.00,3,100,100,28,0,5.5,353,349,8.4,20.9,1,0.00,1016.6,1002.7
2025-09-08T17:00,19.7,0.00,85,17.2,21.8,0.00,0.00,0.00,3,100,100,33,2,3.0,338,327,4.3,14.4,1,27.49,1016.4,1002.5
2025-09-08T18:00,19.2,0.00,88,17.2,21.3,0.00,0.00,0.00,3,100,100,23,3,3.6,12,6,5.9,9.4,1,932.78,1016.2,1002.3
2025-09-08T19:00,18.1,0.00,93,17.0,20.0,0.00,0.00,0.00,3,100,100,13,3,3.2,10,357,7.0,7.9,0,0.00,1016.2,1002.2
2025-09-08T20:00,17.5,0.00,95,16.6,19.3,0.00,0.00,0.00,3,100,100,8,5,3.2,8,357,6.7,6.5,0,0.00,1016.6,1002.6
2025-09-08T21:00,17.0,0.00,96,16.4,18.7,0.00,0.00,0.00,1,41,33,6,6,3.5,7,21,6.9,6.1,0,0.00,1016.7,1002.7
2025-09-08T22:00,16.6,0.00,96,16.0,17.8,0.00,0.00,0.00,1,37,31,5,4,5.7,29,41,9.5,10.4,0,0.00,1016.4,1002.4
2025-09-08T23:00,16.2,0.00,96,15.5,17.1,0.00,0.00,0.00,3,100,100,3,4,6.5,58,56,13.1,12.6,0,0.00,1015.7,1001.7
2025-09-09T00:00,15.7,0.00,95,15.0,16.8,0.00,0.00,0.00,3,100,100,6,29,3.7,78,61,10.3,12.6,0,0.00,1015.4,1001.3
2025-09-09T01:00,15.4,0.00,95,14.6,16.3,0.00,0.00,0.00,3,100,100,0,35,4.2,74,65,8.3,8.3,0,0.00,1014.9,1000.8
2025-09-09T02:00,15.6,0.00,93,14.5,16.5,0.00,0.00,0.00,2,67,62,6,12,3.5,76,69,11.0,13.0,0,0.00,1014.3,1000.3
2025-09-09T03:00,15.1,0.00,94,14.2,16.1,0.00,0.00,0.00,3,81,71,31,28,2.7,86,70,8.3,7.6,0,0.00,1013.7,999.6
2025-09-09T04:00,15.3,0.00,93,14.2,15.9,0.00,0.00,0.00,3,100,100,11,4,4.8,85,68,10.8,9.7,0,0.00,1013.1,999.1
2025-09-09T05:00,15.4,0.00,93,14.2,16.0,0.00,0.00,0.00,3,100,100,21,4,5.1,68,39,13.6,11.9,0,0.00,1012.6,998.6
2025-09-09T06:00,15.1,0.00,93,13.9,15.8,0.00,0.00,0.00,3,100,100,24,6,3.4,90,93,12.2,10.4,1,0.00,1012.1,998.1
2025-09-09T07:00,15.7,0.10,91,14.3,16.4,0.10,0.00,0.00,51,100,100,64,24,4.5,149,185,8.8,9.4,1,0.00,1012.4,998.4
2025-09-09T08:00,16.3,1.80,91,14.8,17.5,1.80,0.00,0.00,61,100,100,94,14,2.7,131,176,8.3,10.1,1,0.00,1012.8,998.8
2025-09-09T09:00,16.1,1.40,95,15.4,17.5,1.40,0.00,0.00,61,100,100,100,25,2.9,63,11,5.5,7.9,1,0.00,1012.8,998.8
2025-09-09T10:00,16.2,2.40,96,15.6,17.3,2.40,0.00,0.00,61,100,100,100,67,5.3,52,38,8.9,14.4,1,0.00,1013.0,999.0
2025-09-09T11:00,16.3,3.10,96,15.6,17.5,3.10,0.00,0.00,63,100,100,97,100,4.5,115,119,9.1,14.0,1,0.00,1012.8,998.8
2025-09-09T12:00,16.5,1.50,93,15.4,17.4,1.50,0.00,0.00,61,100,100,85,100,6.3,152,145,9.2,14.0,1,0.00,1012.7,998.7
2025-09-09T13:00,17.2,0.20,91,15.7,18.1,0.20,0.00,0.00,51,100,11,16,100,7.0,269,269,9.7,15.8,1,0.00,1012.7,998.8
2025-09-09T14:00,17.5,0.00,81,14.2,17.6,0.00,0.00,0.00,2,69,9,32,50,9.0,272,273,13.0,25.6,1,0.00,1014.5,1000.5
2025-09-09T15:00,18.8,0.00,74,14.1,18.3,0.00,0.00,0.00,2,65,0,2,64,11.9,280,280,16.6,27.4,1,3600.00,1014.4,1000.5
2025-09-09T16:00,19.0,0.10,72,13.9,18.6,0.10,0.00,0.00,51,47,0,13,46,11.7,292,291,16.9,28.4,1,3600.00,1014.5,1000.6
2025-09-09T17:00,18.7,0.00,73,13.7,18.4,0.00,0.00,0.00,1,43,0,6,42,10.1,297,297,15.2,27.0,1,3600.00,1014.5,1000.6
2025-09-09T18:00,18.0,0.00,78,14.1,18.3,0.00,0.00,0.00,1,20,0,0,20,6.9,312,309,13.3,22.3,1,3600.00,1014.4,1000.5
2025-09-09T19:00,16.4,0.00,85,13.9,17.1,0.00,0.00,0.00,0,5,0,0,5,3.3,322,324,9.9,14.8,0,392.82,1014.5,1000.5
2025-09-09T20:00,15.9,0.00,85,13.4,16.7,0.00,0.00,0.00,0,4,0,0,4,1.7,330,342,7.3,6.8,0,0.00,1015.0,1001.0
2025-09-09T21:00,15.4,0.00,88,13.4,15.3,0.00,0.00,0.00,0,1,0,1,0,8.3,357,360,16.2,14.8,0,0.00,1015.0,1000.9
2025-09-09T22:00,14.4,0.00,90,12.9,14.3,0.00,0.00,0.00,0,0,0,0,0,7.1,357,354,15.5,16.6,0,0.00,1014.9,1000.8
2025-09-09T23:00,13.7,0.00,92,12.5,13.5,0.00,0.00,0.00,0,0,0,0,0,7.0,350,357,15.7,13.3,0,0.00,1014.6,1000.5
2025-09-10T00:00,13.1,0.00,94,12.1,13.0,0.00,0.00,0.00,0,0,0,0,0,4.7,359,360,12.8,13.3,0,0.00,1014.5,1000.3
2025-09-10T01:00,12.2,0.00,96,11.6,12.1,0.00,0.00,0.00,0,1,0,1,0,3.6,14,33,9.6,8.6,0,0.00,1014.2,1000.0
2025-09-10T02:00,11.4,0.00,97,11.0,11.2,0.00,0.00,0.00,3,88,83,0,29,3.4,105,90,6.3,6.8,0,0.00,1014.1,999.9
2025-09-10T03:00,10.8,0.00,97,10.3,10.3,0.00,0.00,0.00,3,100,100,0,51,3.6,94,72,4.9,7.9,0,0.00,1013.5,999.2
2025-09-10T04:00,10.4,0.00,97,9.9,9.9,0.00,0.00,0.00,3,100,100,0,65,2.8,52,50,3.0,7.6,0,0.00,1013.2,998.9
2025-09-10T05:00,10.0,0.00,97,9.5,9.4,0.00,0.00,0.00,3,96,81,0,76,3.3,34,68,4.8,6.8,0,0.00,1012.9,998.6
2025-09-10T06:00,9.9,0.00,96,9.3,9.2,0.00,0.00,0.00,3,99,96,0,81,3.9,53,68,6.0,8.3,1,0.00,1012.5,998.2
2025-09-10T07:00,11.1,0.00,95,10.4,10.9,0.00,0.00,0.00,3,95,77,0,78,2.3,61,29,4.1,8.3,1,0.00,1012.3,998.1
2025-09-10T08:00,13.6,0.00,91,12.1,14.0,0.00,0.00,0.00,3,98,97,10,14,1.3,122,135,3.4,7.2,1,3600.00,1012.7,998.6
2025-09-10T09:00,15.1,0.00,86,12.9,15.5,0.00,0.00,0.00,3,100,100,25,6,3.4,92,90,5.2,11.9,1,1455.64,1012.5,998.5
2025-09-10T10:00,16.1,0.00,84,13.3,16.5,0.00,0.00,0.00,3,100,100,6,9,4.0,92,90,5.8,12.2,1,0.00,1011.7,997.7
2025-09-10T11:00,17.3,0.00,80,13.8,17.9,0.00,0.00,0.00,3,100,100,20,5,4.5,104,104,6.5,14.0,1,1891.88,1011.3,997.4
2025-09-10T12:00,18.3,0.00,75,13.8,18.5,0.00,0.00,0.00,3,100,100,79,2,6.9,112,113,9.5,18.7,1,3264.96,1010.7,996.8
2025-09-10T13:00,18.3,0.00,75,13.7,18.1,0.00,0.00,0.00,3,100,100,88,1,9.1,122,122,12.9,22.7,1,0.00,1010.1,996.2
2025-09-10T14:00,18.7,0.20,74,14.0,18.7,0.20,0.00,0.00,51,88,62,36,51,9.1,146,148,12.6,26.3,1,3219.52,1009.9,996.1
2025-09-10T15:00,18.9,0.20,74,14.1,19.1,0.20,0.00,0.00,51,50,9,7,42,7.8,125,124,11.0,25.2,1,3107.80,1009.2,995.4
2025-09-10T16:00,19.6,0.00,70,14.0,19.7,0.00,0.00,0.00,1,30,0,8,24,7.5,124,123,10.6,23.0,1,3600.00,1008.6,994.8
2025-09-10T17:00,19.5,0.00,69,13.7,19.6,0.00,0.00,0.00,0,13,0,10,3,7.8,127,127,11.3,20.9,1,3600.00,1008.4,994.6
2025-09-10T18:00,18.5,0.00,74,13.8,18.6,0.00,0.00,0.00,1,31,1,24,9,7.5,141,138,15.0,19.4,1,3600.00,1007.9,994.1
2025-09-10T19:00,17.0,0.00,82,13.9,17.5,0.00,0.00,0.00,1,28,0,25,5,5.1,149,148,13.9,15.8,0,101.30,1008.0,994.1
2025-09-10T20:00,16.1,0.00,86,13.8,16.4,0.00,0.00,0.00,0,3,0,3,0,6.3,131,114,15.4,12.2,0,0.00,1008.4,994.5
2025-09-10T21:00,15.3,0.00,89,13.5,15.3,0.00,0.00,0.00,0,0,0,0,0,7.7,129,114,17.8,15.1,0,0.00,1008.3,994.3
2025-09-10T22:00,14.7,0.00,90,13.2,14.5,0.00,0.00,0.00,0,1,0,1,0,8.0,142,117,17.7,15.5,0,0.00,1008.3,994.3
2025-09-10T23:00,14.3,0.00,91,12.9,14.1,0.00,0.00,0.00,0,2,0,2,0,7.6,151,118,15.4,15.5,0,0.00,1008.1,994.1
2025-09-11T00:00,13.9,0.00,92,12.6,13.6,0.00,0.00,0.00,0,0,0,0,0,7.3,162,118,14.2,14.8,0,0.00,1008.0,994.0
2025-09-11T01:00,13.8,0.00,91,12.4,13.6,0.00,0.00,0.00,0,17,15,3,0,6.7,187,134,14.9,14.0,0,0.00,1008.0,994.0
2025-09-11T02:00,13.4,0.00,94,12.4,12.9,0.00,0.00,0.00,0,18,0,17,6,8.6,164,119,16.5,19.1,0,0.00,1008.0,993.9
2025-09-11T03:00,13.7,0.00,92,12.4,13.3,0.00,0.00,0.00,0,17,0,14,6,7.3,184,130,15.3,16.9,0,0.00,1007.8,993.8
2025-09-11T04:00,13.9,0.00,90,12.3,13.5,0.00,0.00,0.00,0,17,0,12,8,7.4,186,139,16.1,15.1,0,0.00,1007.7,993.7
2025-09-11T05:00,14.1,0.00,90,12.4,13.6,0.00,0.00,0.00,3,100,0,100,100,8.4,195,161,18.9,17.3,0,0.00,1007.8,993.8
2025-09-11T06:00,15.0,0.20,87,12.9,14.2,0.20,0.00,0.00,51,73,0,54,48,11.6,210,195,23.6,23.4,1,0.00,1008.3,994.3
2025-09-11T07:00,15.3,0.30,90,13.6,13.9,0.30,0.00,0.00,51,87,0,32,81,17.1,214,209,30.5,34.2,1,0.00,1008.5,994.5
2025-09-11T08:00,15.9,0.00,89,14.0,14.6,0.00,0.00,0.00,3,100,0,82,100,17.5,212,208,30.5,37.8,1,15.41,1009.1,995.1
2025-09-11T09:00,16.8,0.00,84,14.2,15.5,0.00,0.00,0.00,3,100,0,36,100,18.2,218,216,30.8,41.4,1,0.00,1009.7,995.8
2025-09-11T10:00,17.4,0.00,78,13.5,15.5,0.00,0.00,0.00,1,48,0,41,22,20.8,230,229,33.2,45.7,1,0.00,1010.4,996.5
2025-09-11T11:00,17.9,0.00,74,13.1,16.0,0.00,0.00,0.00,3,100,0,100,10,19.7,242,241,29.9,46.8,1,3600.00,1011.1,997.2
2025-09-11T12:00,17.2,0.00,72,12.2,15.4,0.00,0.00,0.00,3,94,0,94,12,16.7,230,229,25.7,44.3,1,0.00,1011.6,997.7
2025-09-11T13:00,17.7,0.10,67,11.4,15.5,0.10,0.00,0.00,51,27,0,22,8,18.1,229,229,27.7,41.0,1,2671.47,1011.8,997.9
2025-09-11T14:00,18.7,0.10,57,10.0,15.6,0.10,0.00,0.00,51,53,0,36,27,21.4,239,239,32.4,47.2,1,3600.00,1012.1,998.2
2025-09-11T15:00,18.8,0.10,58,10.3,16.1,0.10,0.00,0.00,51,28,0,23,13,18.7,233,232,28.3,47.2,1,3600.00,1012.1,998.2
2025-09-11T16:00,19.0,0.00,54,9.5,15.9,0.00,0.00,0.00,1,26,0,16,18,20.1,238,238,31.1,43.9,1,3600.00,1012.3,998.4
2025-09-11T17:00,18.6,0.00,57,9.9,16.0,0.00,0.00,0.00,1,33,0,32,4,17.3,236,234,28.8,44.3,1,3600.00,1012.5,998.6
2025-09-11T18:00,17.5,0.00,62,10.3,15.7,0.00,0.00,0.00,1,39,0,38,2,13.0,230,227,24.4,37.8,1,3600.00,1012.7,998.8
2025-09-11T19:00,16.7,0.00,66,10.2,14.9,0.00,0.00,0.00,2,50,0,48,12,12.4,222,216,25.1,28.4,0,23.24,1013.2,999.2
2025-09-11T20:00,15.7,0.50,70,10.1,14.3,0.50,0.00,0.00,53,34,0,19,18,9.4,209,198,20.7,27.0,0,0.00,1013.6,999.6
2025-09-11T21:00,14.8,0.80,77,10.9,13.6,0.80,0.00,0.00,53,14,1,9,7,9.7,207,190,22.4,19.8,0,0.00,1013.9,999.8
2025-09-11T22:00,14.5,0.00,83,11.7,13.3,0.00,0.00,0.00,1,22,1,16,6,11.6,207,195,25.6,23.0,0,0.00,1014.0,999.9
2025-09-11T23:00,14.3,0.00,84,11.7,13.3,0.00,0.00,0.00,3,84,1,83,3,10.7,212,202,24.4,24.1,0,0.00,1013.9,999.8
2025-09-12T00:00,14.2,0.00,86,11.9,13.2,0.00,0.00,0.00,3,99,7,99,28,10.6,227,226,22.8,30.2,0,0.00,1014.2,1000.1
2025-09-12T01:00,14.3,0.00,85,11.9,13.1,0.00,0.00,0.00,1,43,0,22,28,12.1,215,208,24.1,24.8,0,0.00,1014.2,1000.1
2025-09-12T02:00,13.3,4.70,93,12.2,12.6,4.70,0.00,0.00,63,20,0,4,17,9.4,215,209,21.4,37.4,0,0.00,1014.1,999.9
2025-09-12T03:00,13.1,0.10,95,12.3,12.0,0.10,0.00,0.00,51,54,0,33,31,12.3,204,195,25.6,24.5,0,0.00,1014.4,1000.2
2025-09-12T04:00,13.2,0.00,95,12.4,12.0,0.00,0.00,0.00,2,52,2,37,23,13.5,216,211,27.2,27.4,0,0.00,1014.8,1000.6
2025-09-12T05:00,13.0,0.00,97,12.5,12.1,0.00,0.00,0.00,1,37,0,8,31,11.8,227,226,23.6,27.4,0,0.00,1015.3,1001.1
2025-09-12T06:00,12.7,0.20,97,12.2,11.9,0.20,0.00,0.00,51,28,0,16,15,9.8,233,226,21.3,24.1,1,0.00,1016.0,1001.8
2025-09-12T07:00,13.1,0.00,96,12.5,12.2,0.00,0.00,0.00,1,47,0,26,31,11.5,234,229,20.4,22.0,1,803.85,1016.8,1002.6
2025-09-12T08:00,14.2,0.10,92,13.0,13.5,0.10,0.00,0.00,51,15,0,2,13,11.7,227,223,19.0,28.8,1,3600.00,1017.4,1003.2
2025-09-12T09:00,15.2,0.10,84,12.6,13.8,0.10,0.00,0.00,51,49,0,27,33,15.1,229,225,22.3,36.4,1,3600.00,1018.3,1004.2
2025-09-12T10:00,15.8,0.00,78,11.9,14.2,0.00,0.00,0.00,1,33,0,15,24,15.3,229,227,22.7,38.9,1,3600.00,1018.8,1004.7
2025-09-12T11:00,17.1,0.00,71,11.7,15.3,0.00,0.00,0.00,1,35,0,15,28,15.8,239,238,23.0,41.8,1,3600.00,1019.0,1005.0
2025-09-12T12:00,17.5,0.00,67,11.3,15.7,0.00,0.00,0.00,1,22,0,10,17,16.1,239,238,23.1,42.5,1,3600.00,1019.1,1005.1
2025-09-12T13:00,18.2,0.00,62,10.8,16.4,0.00,0.00,0.00,0,7,0,2,5,16.5,238,237,24.0,42.5,1,3600.00,1019.2,1005.2
2025-09-12T14:00,18.4,0.10,53,8.7,15.7,0.10,0.00,0.00,51,26,0,21,9,16.5,239,239,24.4,40.0,1,3600.00,1019.7,1005.7
2025-09-12T15:00,18.6,0.00,56,9.5,16.4,0.00,0.00,0.00,0,9,0,9,0,14.2,243,243,20.7,41.0,1,3600.00,1019.7,1005.7
2025-09-12T16:00,18.7,0.00,54,9.1,16.4,0.00,0.00,0.00,0,10,0,10,1,14.4,235,234,21.5,37.1,1,3600.00,1019.5,1005.5
2025-09-12T17:00,18.2,0.10,57,9.5,16.3,0.10,0.00,0.00,51,23,11,10,8,12.0,230,229,19.4,34.9,1,3600.00,1019.6,1005.6
2025-09-12T18:00,17.1,0.00,64,10.2,15.9,0.00,0.00,0.00,3,86,80,19,20,8.9,218,212,18.0,25.6,1,3600.00,1019.9,1005.9
2025-09-12T19:00,15.6,0.00,70,10.1,14.6,0.00,0.00,0.00,2,74,71,8,9,7.3,214,196,17.9,18.7,0,0.00,1020.2,1006.1
2025-09-12T20:00,15.1,0.00,72,10.1,14.1,0.00,0.00,0.00,2,54,46,45,3,6.7,213,188,17.1,15.1,0,0.00,1020.7,1006.5
2025-09-12T21:00,14.7,0.00,73,10.0,13.7,0.00,0.00,0.00,1,25,0,25,0,6.7,203,172,16.9,14.0,0,0.00,1020.5,1006.3
2025-09-12T22:00,14.1,0.00,75,9.8,13.0,0.00,0.00,0.00,1,33,0,33,0,7.0,198,167,17.0,14.4,0,0.00,1020.7,1006.5
2025-09-12T23:00,13.6,0.00,77,9.7,12.6,0.00,0.00,0.00,2,78,60,44,0,6.2,203,168,16.0,14.0,0,0.00,1020.5,1006.3
2025-09-13T00:00,13.1,0.00,79,9.5,12.0,0.00,0.00,0.00,2,79,60,46,4,6.6,176,135,13.9,13.0,0,0.00,1020.4,1006.1
2025-09-13T01:00,12.8,0.00,78,9.1,11.4,0.00,0.00,0.00,3,100,100,92,7,7.9,140,110,18.1,15.5,0,0.00,1019.9,1005.6
2025-09-13T02:00,12.7,0.00,82,9.7,11.8,0.00,0.00,0.00,3,100,100,74,2,5.7,159,127,12.0,10.8,0,0.00,1020.0,1005.7
2025-09-13T03:00,12.4,0.00,83,9.6,11.1,0.00,0.00,0.00,3,100,99,88,9,8.1,158,119,13.7,16.2,0,0.00,1019.8,1005.5
2025-09-13T04:00,12.4,0.00,84,9.7,11.3,0.00,0.00,0.00,3,93,70,78,7,7.1,163,124,14.3,16.6,0,0.00,1019.7,1005.4
2025-09-13T05:00,12.2,0.00,84,9.6,11.0,0.00,0.00,0.00,2,77,31,68,0,7.4,162,122,15.4,15.1,0,0.00,1019.4,1005.1
2025-09-13T06:00,12.2,0.00,84,9.5,11.0,0.00,0.00,0.00,3,86,55,77,0,7.0,164,122,15.2,15.1,1,0.00,1019.0,1004.7
2025-09-13T07:00,12.6,0.00,83,9.8,11.8,0.00,0.00,0.00,3,100,100,71,3,5.2,183,119,11.7,14.4,1,10.07,1019.2,1004.9
2025-09-13T08:00,14.7,0.00,77,10.7,14.3,0.00,0.00,0.00,3,97,22,97,0,4.5,184,127,9.2,11.9,1,3600.00,1019.2,1005.0
2025-09-13T09:00,16.0,0.00,71,10.8,15.4,0.00,0.00,0.00,3,99,19,98,1,5.5,166,157,8.3,15.5,1,3600.00,1018.9,1004.8
2025-09-13T10:00,17.3,0.00,67,11.1,16.6,0.00,0.00,0.00,3,100,100,86,4,6.8,183,180,9.9,18.7,1,3600.00,1018.7,1004.7
2025-09-13T11:00,18.7,0.00,63,11.4,18.0,0.00,0.00,0.00,3,100,100,84,4,7.5,210,213,10.7,20.9,1,3600.00,1018.3,1004.3
2025-09-13T12:00,18.6,0.00,63,11.5,17.9,0.00,0.00,0.00,3,98,93,85,0,7.4,220,219,10.9,21.6,1,893.60,1017.9,1003.9
2025-09-13T13:00,19.5,0.00,61,11.8,18.5,0.00,0.00,0.00,3,97,94,55,11,10.9,220,220,15.8,26.6,1,3600.00,1017.5,1003.6
2025-09-13T14:00,20.3,0.00,53,10.5,18.1,0.00,0.00,0.00,3,90,85,34,3,15.9,219,219,24.0,37.4,1,3600.00,1017.1,1003.2
2025-09-13T15:00,20.4,0.00,54,10.9,18.3,0.00,0.00,0.00,3,93,88,37,8,16.1,221,220,24.0,37.8,1,3600.00,1017.0,1003.1
2025-09-13T16:00,20.3,0.00,54,10.6,18.3,0.00,0.00,0.00,3,81,79,8,4,15.1,219,218,22.9,36.4,1,3600.00,1016.4,1002.6
2025-09-13T17:00,19.9,0.00,56,10.9,18.4,0.00,0.00,0.00,3,83,70,43,1,11.7,212,211,20.5,33.8,1,3600.00,1015.9,1002.0
2025-09-13T18:00,18.7,0.00,63,11.4,17.6,0.00,0.00,0.00,3,100,90,98,5,10.1,212,207,20.5,25.9,1,3600.00,1015.8,1001.9
2025-09-13T19:00,17.5,0.00,69,11.7,16.9,0.00,0.00,0.00,3,100,100,92,12,7.4,212,198,18.3,22.0,0,0.00,1015.7,1001.7
2025-09-13T20:00,17.4,0.00,69,11.7,16.7,0.00,0.00,0.00,3,100,100,65,13,8.2,221,206,19.6,18.4,0,0.00,1015.9,1001.9
2025-09-13T21:00,16.8,0.00,72,11.8,16.1,0.00,0.00,0.00,3,100,100,97,6,8.3,206,186,19.6,17.6,0,0.00,1015.7,1001.7
2025-09-13T22:00,15.8,0.10,78,11.9,14.9,0.10,0.00,0.00,51,100,100,92,12,10.1,197,176,20.3,19.4,0,0.00,1015.8,1001.7
2025-09-13T23:00,14.0,0.80,90,12.5,12.9,0.80,0.00,0.00,53,100,100,100,31,13.2,191,176,24.0,31.7,0,0.00,1016.6,1002.4
2025-09-14T00:00,13.9,1.40,96,13.3,12.9,1.40,0.00,0.00,61,100,100,100,18,13.5,207,196,26.4,26.3,0,0.00,1016.0,1001.8
2025-09-14T01:00,13.9,0.70,96,13.3,13.0,0.70,0.00,0.00,53,100,100,100,84,13.0,219,215,24.8,27.7,0,0.00,1016.1,1001.9
2025-09-14T02:00,13.8,0.20,96,13.2,13.6,0.20,0.00,0.00,51,100,100,49,12,8.0,212,196,17.6,16.2,0,0.00,1015.3,1001.2
2025-09-14T03:00,13.6,0.20,98,13.3,13.2,0.20,0.00,0.00,51,100,100,95,13,9.4,203,188,19.4,22.7,0,0.00,1015.0,1000.8
2025-09-14T04:00,13.7,0.40,97,13.3,13.3,0.40,0.00,0.00,51,99,98,36,20,9.5,214,207,20.1,22.7,0,0.00,1015.0,1000.9
2025-09-14T05:00,12.9,1.20,98,12.6,12.1,1.20,0.00,0.00,55,100,14,99,82,11.5,231,229,21.2,25.6,0,0.00,1015.3,1001.1
2025-09-14T06:00,13.4,2.40,95,12.6,12.3,2.40,0.00,0.00,61,99,33,94,91,13.0,228,226,22.7,24.1,0,0.00,1015.5,1001.3
2025-09-14T07:00,13.5,0.30,95,12.7,11.8,0.30,0.00,0.00,51,100,26,100,99,17.3,233,234,27.3,34.6,1,0.00,1016.2,1002.0
2025-09-14T08:00,13.7,0.70,95,12.9,12.9,0.70,0.00,0.00,53,95,2,67,92,11.7,256,256,18.2,34.9,1,362.71,1016.7,1002.5
2025-09-14T09:00,14.6,0.10,92,13.3,14.3,0.10,0.00,0.00,51,84,0,16,83,9.2,259,258,13.6,28.4,1,1822.32,1017.4,1003.3
2025-09-14T10:00,15.7,0.10,84,13.0,15.2,0.10,0.00,0.00,51,47,0,17,43,9.7,262,259,13.6,31.3,1,3600.00,1017.7,1003.6
2025-09-14T11:00,17.0,0.00,76,12.8,16.2,0.00,0.00,0.00,3,93,0,16,91,11.0,260,259,15.5,33.1,1,3600.00,1017.7,1003.7
2025-09-14T12:00,17.7,0.10,69,11.9,16.2,0.10,0.00,0.00,51,93,91,19,11,14.3,254,253,20.7,34.9,1,3600.00,1017.5,1003.5
2025-09-14T13:00,18.4,0.10,63,11.3,16.8,0.10,0.00,0.00,51,99,99,8,4,13.5,257,256,19.4,34.6,1,3600.00,1017.4,1003.4
2025-09-14T14:00,19.4,0.00,57,10.5,18.0,0.00,0.00,0.00,2,59,34,23,28,11.8,255,254,16.9,29.2,1,3600.00,1017.3,1003.4
2025-09-14T15:00,19.7,0.00,54,10.1,17.7,0.00,0.00,0.00,2,79,33,32,64,13.5,243,240,19.6,32.0,1,3600.00,1016.7,1002.8
2025-09-14T16:00,19.2,0.00,62,11.8,18.1,0.00,0.00,0.00,2,55,22,6,40,11.6,212,208,17.0,31.3,1,3600.00,1016.7,1002.8
2025-09-14T17:00,18.7,0.00,67,12.5,18.2,0.00,0.00,0.00,3,87,80,33,15,9.0,207,203,14.5,27.4,1,3600.00,1016.6,1002.7
2025-09-14T18:00,17.8,0.00,74,13.2,17.7,0.00,0.00,0.00,3,100,17,100,34,7.1,189,173,14.6,19.8,1,3600.00,1016.5,1002.5
2025-09-14T19:00,17.3,0.00,78,13.4,17.4,0.00,0.00,0.00,3,100,99,100,7,7.0,185,162,15.5,14.8,0,0.00,1016.2,1002.2
2025-09-14T20:00,16.9,0.00,80,13.4,16.6,0.00,0.00,0.00,3,100,97,100,97,9.0,164,150,18.5,18.7,0,0.00,1016.1,1002.1
2025-09-14T21:00,16.9,0.00,79,13.3,16.5,0.00,0.00,0.00,3,100,82,96,100,10.3,151,136,21.6,21.2,0,0.00,1015.6,1001.6
2025-09-14T22:00,17.0,0.00,77,13.0,16.1,0.00,0.00,0.00,3,100,62,100,100,12.8,155,146,25.8,26.3,0,0.00,1015.0,1001.0
2025-09-14T23:00,17.4,0.00,77,13.4,16.7,0.00,0.00,0.00,3,100,37,24,100,12.1,202,192,24.4,29.5,0,0.00,1014.7,1000.7
2025-09-15T00:00,17.8,0.00,78,14.0,17.0,0.00,0.00,0.00,3,97,46,60,94,14.3,214,209,27.4,31.0,0,0.00,1014.2,1000.3
2025-09-15T01:00,17.8,0.00,82,14.7,17.1,0.00,0.00,0.00,3,100,43,45,100,15.1,222,219,28.3,32.8,0,0.00,1014.1,1000.2
2025-09-15T02:00,18.1,0.00,88,16.0,17.9,0.00,0.00,0.00,3,100,66,25,100,14.8,219,216,27.8,32.0,0,0.00,1013.7,999.8
2025-09-15T03:00,18.4,0.00,87,16.2,18.5,0.00,0.00,0.00,3,100,33,48,100,14.3,222,216,26.9,31.7,0,0.00,1013.2,999.3
2025-09-15T04:00,18.6,0.00,86,16.3,18.4,0.00,0.00,0.00,3,100,99,55,100,16.1,221,216,29.7,34.6,0,0.00,1012.8,998.9
2025-09-15T05:00,18.7,0.20,87,16.5,18.5,0.20,0.00,0.00,51,100,99,51,100,16.4,221,218,29.9,44.3,0,0.00,1012.6,998.7
2025-09-15T06:00,18.4,0.30,90,16.7,18.3,0.30,0.00,0.00,51,100,98,100,100,16.6,223,217,29.8,44.6,0,0.00,1012.2,998.3
2025-09-15T07:00,18.5,0.20,90,16.9,17.9,0.20,0.00,0.00,51,99,82,48,96,21.2,220,216,36.8,44.3,1,0.00,1012.4,998.5
2025-09-15T08:00,18.8,0.20,90,17.2,18.7,0.20,0.00,0.00,51,100,31,25,100,18.6,223,219,31.8,54.0,1,0.00,1012.6,998.7
2025-09-15T09:00,19.1,0.00,90,17.5,18.8,0.00,0.00,0.00,3,87,53,30,61,20.2,228,226,33.5,50.4,1,0.00,1013.1,999.2
2025-09-15T10:00,19.9,0.10,85,17.2,19.2,0.10,0.00,0.00,51,67,0,47,38,22.4,232,231,36.4,60.5,1,1754.45,1013.1,999.3
2025-09-15T11:00,20.1,0.70,83,17.1,19.0,0.70,0.00,0.00,53,70,5,59,39,24.9,237,238,38.7,54.7,1,3600.00,1013.2,999.4
2025-09-15T12:00,20.9,0.10,79,17.0,20.3,0.10,0.00,0.00,51,79,25,58,43,20.8,242,241,31.5,53.3,1,3600.00,1013.4,999.6
2025-09-15T13:00,21.5,0.10,71,16.1,20.7,0.10,0.00,0.00,51,85,69,41,19,19.8,237,237,29.9,57.6,1,3600.00,1013.8,1000.0
2025-09-15T14:00,22.0,0.00,70,16.3,21.3,0.00,0.00,0.00,3,100,96,100,16,19.7,223,223,29.8,58.0,1,3600.00,1013.3,999.6
2025-09-15T15:00,21.5,0.00,65,14.5,19.7,0.00,0.00,0.00,3,100,100,12,28,22.5,237,237,32.5,62.3,1,2667.22,1013.3,999.5
2025-09-15T16:00,21.0,0.00,63,13.7,19.2,0.00,0.00,0.00,3,100,0,7,100,20.7,247,247,31.1,54.0,1,3600.00,1013.4,999.6
2025-09-15T17:00,20.5,0.00,66,13.8,19.3,0.00,0.00,0.00,3,85,0,43,84,16.3,252,252,27.0,45.7,1,1763.45,1013.6,999.8
2025-09-15T18:00,19.5,0.00,67,13.2,18.2,0.00,0.00,0.00,2,62,0,3,62,16.2,256,256,28.5,36.0,1,1917.27,1014.3,1000.4
2025-09-15T19:00,18.1,0.00,67,11.8,16.3,0.00,0.00,0.00,0,4,0,3,2,16.1,254,254,29.4,35.6,0,0.00,1014.7,1000.8
2025-09-15T20:00,17.3,0.00,68,11.4,15.5,0.00,0.00,0.00,1,33,16,8,20,15.1,246,245,28.7,34.9,0,0.00,1015.9,1001.9
2025-09-15T21:00,16.8,0.00,68,11.0,14.7,0.00,0.00,0.00,0,7,0,0,6,16.6,246,244,30.9,36.0,0,0.00,1016.3,1002.3
2025-09-15T22:00,16.3,0.00,69,10.5,14.0,0.00,0.00,0.00,0,1,0,1,0,16.3,246,245,30.5,37.1,0,0.00,1017.0,1003.0
2025-09-15T23:00,15.7,0.00,70,10.2,13.5,0.00,0.00,0.00,1,21,14,7,1,15.6,243,240,29.8,35.6,0,0.00,1017.3,1003.2
2025-09-16T00:00,15.4,0.00,71,10.1,13.2,0.00,0.00,0.00,1,47,35,14,7,15.7,241,239,30.0,34.9,0,0.00,1017.5,1003.4
2025-09-16T01:00,15.2,0.00,73,10.4,13.0,0.00,0.00,0.00,1,34,28,0,8,15.5,239,238,29.2,34.6,0,0.00,1017.7,1003.6
2025-09-16T02:00,15.2,0.00,69,9.6,12.9,0.00,0.00,0.00,1,35,0,28,11,14.9,252,251,28.0,35.6,0,0.00,1018.3,1004.2
2025-09-16T03:00,14.7,0.00,72,9.7,12.3,0.00,0.00,0.00,1,27,0,8,21,16.2,249,247,29.5,35.3,0,0.00,1018.8,1004.7
2025-09-16T04:00,14.2,0.00,75,9.8,11.8,0.00,0.00,0.00,1,20,0,0,20,16.0,244,241,29.3,36.0,0,0.00,1018.9,1004.7
2025-09-16T05:00,13.7,0.00,78,9.8,11.2,0.00,0.00,0.00,1,25,0,0,25,16.7,243,241,30.1,36.4,0,0.00,1019.1,1004.9
2025-09-16T06:00,13.2,0.00,79,9.7,10.7,0.00,0.00,0.00,1,45,0,0,45,16.5,240,238,29.6,36.4,0,0.00,1019.7,1005.5
2025-09-16T07:00,13.4,0.00,80,10.0,10.9,0.00,0.00,0.00,3,86,0,1,86,16.9,237,235,29.3,36.4,1,408.75,1020.4,1006.2
2025-09-16T08:00,14.0,0.00,78,10.3,11.5,0.00,0.00,0.00,1,43,18,0,30,18.2,235,232,29.6,40.7,1,3600.00,1020.5,1006.3
2025-09-16T09:00,14.7,0.10,74,10.1,11.2,0.10,0.00,0.00,51,99,96,0,76,24.1,244,245,36.8,51.1,1,3600.00,1020.8,1006.6
2025-09-16T10:00,15.4,0.00,69,9.8,11.8,0.00,0.00,0.00,3,99,98,23,32,23.8,248,248,36.0,54.4,1,2783.18,1021.0,1006.9
2025-09-16T11:00,16.0,0.10,66,9.5,12.4,0.10,0.00,0.00,51,85,68,36,40,23.7,250,250,35.8,52.6,1,3600.00,1020.7,1006.6
2025-09-16T12:00,16.8,0.10,60,8.9,13.0,0.10,0.00,0.00,51,56,0,32,36,23.7,250,250,35.8,54.0,1,3600.00,1020.6,1006.5
2025-09-16T13:00,17.1,0.10,57,8.6,13.2,0.10,0.00,0.00,51,48,0,34,23,24.0,247,247,36.5,54.4,1,3600.00,1020.6,1006.5
2025-09-16T14:00,17.5,0.10,52,7.6,13.3,0.10,0.00,0.00,51,34,0,32,16,24.1,252,253,36.5,52.2,1,3600.00,1021.2,1007.2
2025-09-16T15:00,17.5,0.20,53,7.8,13.6,0.20,0.00,0.00,51,15,0,14,6,22.6,251,251,34.7,53.6,1,3600.00,1021.1,1007.1
2025-09-16T16:00,17.7,0.00,50,7.2,13.7,0.00,0.00,0.00,1,40,0,39,11,22.2,256,256,34.8,49.7,1,3600.00,1020.7,1006.7
2025-09-16T17:00,17.2,0.00,55,8.2,14.1,0.00,0.00,0.00,1,33,0,32,12,18.3,253,253,30.8,47.9,1,3600.00,1020.6,1006.5
2025-09-16T18:00,16.3,0.00,60,8.4,13.6,0.00,0.00,0.00,1,33,0,33,5,15.9,255,254,28.9,40.0,1,3600.00,1021.1,1007.0
2025-09-16T19:00,15.6,0.00,63,8.6,13.1,0.00,0.00,0.00,1,26,0,24,8,14.0,259,258,27.4,34.6,0,0.00,1021.4,1007.3
2025-09-16T20:00,15.1,0.00,66,8.8,12.6,0.00,0.00,0.00,0,19,0,18,2,15.0,256,254,28.5,32.8,0,0.00,1022.2,1008.0
2025-09-16T21:00,14.5,0.00,70,9.1,12.3,0.00,0.00,0.00,2,56,45,19,6,13.4,256,253,26.2,32.4,0,0.00,1022.7,1008.5
2025-09-16T22:00,13.9,0.00,74,9.3,12.2,0.00,0.00,0.00,3,100,100,15,13,10.8,249,244,23.1,28.8,0,0.00,1022.7,1008.5
2025-09-16T23:00,13.3,0.00,78,9.5,11.7,0.00,0.00,0.00,3,100,100,23,14,10.1,240,231,22.3,23.4,0,0.00,1022.8,1008.5
2025-09-17T00:00,12.9,0.00,80,9.4,11.3,0.00,0.00,0.00,3,100,100,11,13,9.8,236,227,22.1,21.6,0,0.00,1022.9,1008.6
2025-09-17T01:00,12.5,0.00,82,9.5,10.9,0.00,0.00,0.00,3,100,100,0,10,9.8,237,226,21.8,20.9,0,0.00,1023.2,1008.9
2025-09-17T02:00,11.8,0.00,86,9.6,10.6,0.00,0.00,0.00,3,94,92,16,23,7.8,236,220,18.8,19.8,0,0.00,1023.5,1009.1
2025-09-17T03:00,11.3,0.00,89,9.6,10.1,0.00,0.00,0.00,2,73,59,19,31,7.7,228,205,17.8,16.2,0,0.00,1023.3,1008.9
2025-09-17T04:00,11.0,0.00,91,9.5,9.7,0.00,0.00,0.00,1,38,6,11,33,7.9,222,201,18.0,15.8,0,0.00,1023.3,1008.9
2025-09-17T05:00,10.8,0.00,92,9.5,9.4,0.00,0.00,0.00,1,43,14,6,33,8.4,216,199,18.8,16.2,0,0.00,1023.4,1009.0
2025-09-17T06:00,10.7,0.10,92,9.5,9.5,0.10,0.00,0.00,51,58,9,27,43,7.6,223,208,18.3,17.3,0,0.00,1023.8,1009.4
2025-09-17T07:00,11.2,0.10,91,9.8,9.9,0.10,0.00,0.00,51,69,30,39,38,8.1,227,212,17.3,16.2,1,178.92,1024.0,1009.6
2025-09-17T08:00,12.5,0.00,88,10.5,11.6,0.00,0.00,0.00,3,90,3,89,16,6.8,231,222,14.7,16.9,1,3600.00,1024.3,1010.0
2025-09-17T09:00,13.9,0.00,83,11.1,13.1,0.00,0.00,0.00,3,99,2,99,14,7.6,235,232,11.6,20.2,1,3600.00,1024.7,1010.4
2025-09-17T10:00,14.6,0.00,80,11.2,13.8,0.00,0.00,0.00,3,100,31,100,13,7.7,236,233,11.5,20.5,1,0.00,1025.1,1010.9
2025-09-17T11:00,15.0,0.00,78,11.3,14.3,0.00,0.00,0.00,3,100,3,100,13,7.5,229,226,11.4,19.8,1,0.00,1025.1,1010.9
2025-09-17T12:00,15.6,0.00,76,11.3,14.5,0.00,0.00,0.00,3,100,0,100,18,9.8,239,239,14.5,22.3,1,0.00,1025.1,1010.9
2025-09-17T13:00,15.9,0.00,74,11.3,14.8,0.00,0.00,0.00,3,94,0,93,5,10.0,231,229,15.1,23.4,1,0.00,1024.8,1010.6
2025-09-17T14:00,18.4,0.00,61,10.8,16.6,0.00,0.00,0.00,2,66,0,20,61,14.0,252,252,20.8,33.1,1,2850.01,1023.9,1009.9
2025-09-17T15:00,18.6,0.00,59,10.4,16.8,0.00,0.00,0.00,3,80,0,33,74,13.2,249,248,19.7,32.4,1,3600.00,1023.6,1009.6
2025-09-17T16:00,18.9,0.00,58,10.4,17.2,0.00,0.00,0.00,3,90,0,23,90,12.3,236,235,19.3,29.9,1,3600.00,1023.0,1009.0
2025-09-17T17:00,18.7,0.00,61,11.0,17.9,0.00,0.00,0.00,2,54,0,17,49,7.8,227,220,14.9,26.6,1,3600.00,1022.9,1008.9
2025-09-17T18:00,17.8,0.00,69,12.0,17.6,0.00,0.00,0.00,3,100,0,100,19,5.5,207,191,13.4,17.3,1,3280.91,1022.9,1008.8
2025-09-17T19:00,16.8,0.00,74,12.1,16.5,0.00,0.00,0.00,1,21,0,20,8,6.0,196,163,13.7,11.5,0,0.00,1023.0,1008.9
2025-09-17T20:00,16.0,0.00,75,11.5,15.1,0.00,0.00,0.00,0,13,0,12,7,8.8,199,176,20.2,17.3,0,0.00,1023.3,1009.1
2025-09-17T21:00,15.6,0.00,75,11.2,14.6,0.00,0.00,0.00,0,8,0,7,6,9.5,206,189,22.3,19.4,0,0.00,1023.6,1009.4
2025-09-17T22:00,15.0,0.00,79,11.3,14.2,0.00,0.00,0.00,0,2,0,1,2,8.6,210,191,21.1,19.4,0,0.00,1023.6,1009.4
2025-09-17T23:00,14.7,0.00,81,11.4,14.0,0.00,0.00,0.00,0,12,0,9,11,7.8,210,189,19.7,18.0,0,0.00,1023.7,1009.5
2025-09-18T00:00,14.5,0.00,82,11.4,13.8,0.00,0.00,0.00,0,11,0,8,10,7.7,213,191,19.1,16.2,0,0.00,1023.6,1009.4
2025-09-18T01:00,14.2,0.00,83,11.4,13.6,0.00,0.00,0.00,0,9,0,8,7,7.3,216,190,18.3,15.8,0,0.00,1024.0,1009.8
2025-09-18T02:00,14.9,0.00,82,11.9,14.3,0.00,0.00,0.00,0,14,0,14,4,8.5,215,192,19.4,17.6,0,0.00,1024.0,1009.8
2025-09-18T03:00,14.1,0.00,85,11.6,13.3,0.00,0.00,0.00,0,0,0,0,0,8.6,209,182,19.9,18.0,0,0.00,1023.8,1009.5
2025-09-18T04:00,13.6,0.00,87,11.4,12.9,0.00,0.00,0.00,0,0,0,0,0,7.2,207,176,17.8,17.6,0,0.00,1023.7,1009.4
2025-09-18T05:00,13.1,0.00,87,11.1,12.5,0.00,0.00,0.00,0,0,0,0,0,6.2,216,187,16.5,14.8,0,0.00,1023.8,1009.5
2025-09-18T06:00,13.0,0.00,87,10.9,12.2,0.00,0.00,0.00,0,0,0,0,0,6.9,210,174,15.6,13.3,0,0.00,1023.9,1009.6
2025-09-18T07:00,13.4,0.00,87,11.2,12.6,0.00,0.00,0.00,0,0,0,0,0,8.4,202,170,16.5,16.2,1,842.65,1024.1,1009.8
2025-09-18T08:00,15.1,0.00,83,12.2,14.7,0.00,0.00,0.00,0,0,0,0,0,7.4,208,176,18.3,16.9,1,3600.00,1024.3,1010.1
2025-09-18T09:00,16.9,0.00,76,12.6,16.8,0.00,0.00,0.00,0,0,0,0,0,6.4,205,198,10.5,18.0,1,3600.00,1024.7,1010.6
2025-09-18T10:00,18.8,0.00,69,13.0,18.7,0.00,0.00,0.00,0,0,0,0,0,7.0,213,209,10.0,19.8,1,3600.00,1024.6,1010.6
2025-09-18T11:00,20.4,0.00,64,13.4,20.5,0.00,0.00,0.00,0,0,0,0,0,7.5,213,210,10.5,21.2,1,3600.00,1024.5,1010.5
2025-09-18T12:00,21.6,0.00,62,13.9,22.0,0.00,0.00,0.00,0,0,0,0,0,8.7,214,212,12.2,23.8,1,3600.00,1024.1,1010.2
2025-09-18T13:00,22.5,0.00,59,14.1,23.0,0.00,0.00,0.00,0,0,0,0,0,9.5,221,219,13.5,25.2,1,3600.00,1024.0,1010.2
2025-09-18T14:00,23.8,0.00,55,14.2,24.0,0.00,0.00,0.00,0,0,0,0,0,10.3,225,223,14.8,26.6,1,3600.00,1023.6,1009.8
2025-09-18T15:00,24.3,0.00,53,14.2,24.1,0.00,0.00,0.00,0,0,0,0,0,10.3,227,226,14.9,25.9,1,3600.00,1023.5,1009.7
2025-09-18T16:00,24.2,0.00,53,14.0,24.0,0.00,0.00,0.00,0,0,0,0,0,10.1,233,230,15.3,24.8,1,3600.00,1023.3,1009.5
2025-09-18T17:00,23.4,0.00,58,14.7,23.9,0.00,0.00,0.00,0,0,0,0,0,7.4,228,223,14.7,22.7,1,3600.00,1023.3,1009.5
2025-09-18T18:00,21.4,0.00,67,15.0,22.2,0.00,0.00,0.00,0,0,0,0,0,6.0,238,226,15.9,15.8,1,3600.00,1023.6,1009.7
2025-09-18T19:00,19.5,0.00,72,14.4,20.1,0.00,0.00,0.00,0,0,0,0,0,5.7,249,233,16.2,12.6,0,0.00,1024.4,1010.4
2025-09-18T20:00,18.2,0.00,76,14.0,18.9,0.00,0.00,0.00,0,0,0,0,0,4.4,246,207,12.8,11.5,0,0.00,1024.8,1010.7
2025-09-18T21:00,17.5,0.00,78,13.7,18.2,0.00,0.00,0.00,0,0,0,0,0,3.8,238,172,10.4,9.0,0,0.00,1025.2,1011.1
2025-09-18T22:00,17.1,0.00,80,13.6,17.7,0.00,0.00,0.00,0,0,0,0,0,4.0,226,153,10.1,7.9,0,0.00,1025.4,1011.3
2025-09-18T23:00,16.9,0.00,81,13.5,17.3,0.00,0.00,0.00,0,0,0,0,0,4.8,221,158,11.4,9.4,0,0.00,1025.6,1011.5
2025-09-19T00:00,16.3,0.00,83,13.4,16.5,0.00,0.00,0.00,0,0,0,0,0,6.0,211,164,13.2,11.5,0,0.00,1025.8,1011.6
2025-09-19T01:00,15.4,0.00,86,13.0,15.7,0.00,0.00,0.00,0,9,9,0,0,4.8,208,153,12.5,11.2,0,0.00,1025.8,1011.6
2025-09-19T02:00,14.5,0.00,85,12.0,14.3,0.00,0.00,0.00,1,41,41,0,0,6.0,184,136,14.6,11.2,0,0.00,1026.0,1011.7
2025-09-19T03:00,13.9,0.00,85,11.4,13.3,0.00,0.00,0.00,1,45,45,0,0,6.7,172,126,14.9,12.6,0,0.00,1025.8,1011.5
2025-09-19T04:00,13.3,0.00,86,10.9,12.5,0.00,0.00,0.00,0,5,5,0,0,7.0,160,113,13.2,13.0,0,0.00,1025.8,1011.5
2025-09-19T05:00,12.8,0.00,86,10.6,11.9,0.00,0.00,0.00,0,0,0,0,0,7.5,150,111,13.9,14.0,0,0.00,1025.6,1011.3
2025-09-19T06:00,12.5,0.00,87,10.4,11.6,0.00,0.00,0.00,0,0,0,0,0,7.3,140,106,13.9,14.0,0,0.00,1025.5,1011.1
2025-09-19T07:00,12.9,0.00,86,10.7,11.9,0.00,0.00,0.00,0,2,2,0,0,8.5,128,103,14.8,15.8,1,818.27,1025.7,1011.4
2025-09-19T08:00,15.3,0.00,79,11.7,14.6,0.00,0.00,0.00,0,7,7,0,0,7.9,113,106,14.9,16.9,1,3600.00,1025.6,1011.4
2025-09-19T09:00,18.2,0.00,73,13.2,18.4,0.00,0.00,0.00,0,2,2,0,0,5.4,106,110,14.6,15.5,1,3600.00,1025.5,1011.4
2025-09-19T10:00,20.7,0.00,63,13.5,21.1,0.00,0.00,0.00,0,10,10,0,0,5.0,103,105,8.3,15.5,1,3600.00,1025.4,1011.4
2025-09-19T11:00,22.8,0.00,53,12.8,23.0,0.00,0.00,0.00,1,49,49,0,0,6.0,107,107,9.1,17.3,1,3600.00,1025.1,1011.2
2025-09-19T12:00,24.5,0.00,46,12.1,24.7,0.00,0.00,0.00,1,32,32,0,0,6.9,110,110,10.0,18.7,1,3600.00,1024.4,1010.6
2025-09-19T13:00,25.7,0.00,42,11.7,25.9,0.00,0.00,0.00,1,46,46,0,0,6.8,116,117,9.8,19.1,1,3600.00,1023.9,1010.2
2025-09-19T14:00,26.8,0.00,39,11.5,26.7,0.00,0.00,0.00,0,0,0,0,0,6.9,121,121,10.1,19.8,1,3600.00,1023.3,1009.7
2025-09-19T15:00,27.1,0.00,40,12.4,27.0,0.00,0.00,0.00,0,0,0,0,0,5.9,129,130,8.6,18.4,1,3600.00,1022.8,1009.2
2025-09-19T16:00,26.9,0.00,45,13.8,27.3,0.00,0.00,0.00,0,0,0,0,0,5.5,136,136,8.5,15.1,1,3600.00,1022.4,1008.8
2025-09-19T17:00,25.7,0.00,60,17.3,27.8,0.00,0.00,0.00,0,0,0,0,0,3.5,133,129,9.6,12.6,1,3600.00,1022.2,1008.5
2025-09-19T18:00,23.2,0.00,69,17.1,25.1,0.00,0.00,0.00,0,0,0,0,0,4.1,145,131,10.1,7.6,1,3528.58,1022.1,1008.3
2025-09-19T19:00,21.1,0.00,74,16.3,22.4,0.00,0.00,0.00,0,0,0,0,0,5.9,131,101,13.8,11.5,0,0.00,1022.0,1008.1
2025-09-19T20:00,19.7,0.00,78,15.8,20.7,0.00,0.00,0.00,0,7,7,0,0,6.2,140,105,14.8,11.9,0,0.00,1022.3,1008.3
2025-09-19T21:00,19.1,0.00,79,15.3,19.6,0.00,0.00,0.00,1,42,41,1,0,8.6,139,113,18.8,16.6,0,0.00,1022.1,1008.1
2025-09-19T22:00,18.4,0.00,82,15.2,18.9,0.00,0.00,0.00,0,15,15,2,0,8.5,139,114,19.1,16.9,0,0.00,1022.0,1008.0
2025-09-19T23:00,17.6,0.00,84,14.9,18.2,0.00,0.00,0.00,2,65,65,6,0,7.0,139,103,16.1,16.2,0,0.00,1021.8,1007.7
2025-09-20T00:00,17.0,0.00,86,14.6,17.4,0.00,0.00,0.00,1,29,29,6,0,7.6,141,104,14.2,14.4,0,0.00,1021.5,1007.4
2025-09-20T01:00,16.4,0.00,87,14.2,16.6,0.00,0.00,0.00,2,71,70,22,0,8.3,143,101,13.1,15.5,0,0.00,1021.2,1007.1
2025-09-20T02:00,14.9,0.00,88,12.9,14.5,0.00,0.00,0.00,3,93,92,37,0,9.4,139,108,16.6,18.0,0,0.00,1021.0,1006.8
2025-09-20T03:00,14.7,0.00,88,12.8,14.3,0.00,0.00,0.00,2,73,70,57,0,8.7,150,108,14.9,17.6,0,0.00,1020.6,1006.4
2025-09-20T04:00,14.6,0.00,88,12.6,14.2,0.00,0.00,0.00,3,98,97,87,0,8.7,156,111,14.8,16.6,0,0.00,1020.2,1006.0
2025-09-20T05:00,14.8,0.00,87,12.6,14.3,0.00,0.00,0.00,3,100,87,99,0,8.4,166,118,14.8,16.6,0,0.00,1019.9,1005.7
2025-09-20T06:00,14.6,0.00,86,12.3,14.2,0.00,0.00,0.00,1,20,0,19,0,8.0,172,121,15.5,16.2,0,0.00,1019.7,1005.5
2025-09-20T07:00,15.1,0.00,83,12.2,14.7,0.00,0.00,0.00,0,1,0,1,0,7.7,178,126,15.7,15.5,1,691.38,1019.6,1005.5
2025-09-20T08:00,17.5,0.00,76,13.2,17.3,0.00,0.00,0.00,0,1,1,0,0,7.9,178,129,14.8,16.2,1,3600.00,1019.5,1005.5
2025-09-20T09:00,20.1,0.00,69,14.2,20.5,0.00,0.00,0.00,1,27,27,0,0,6.5,174,141,13.6,16.6,1,3600.00,1019.4,1005.5
2025-09-20T10:00,22.2,0.00,62,14.6,22.7,0.00,0.00,0.00,0,5,5,0,0,6.9,157,150,10.2,18.7,1,3600.00,1019.0,1005.2
2025-09-20T11:00,24.2,0.00,56,15.0,24.8,0.00,0.00,0.00,0,17,17,0,0,7.5,156,153,10.8,20.5,1,3600.00,1018.4,1004.7
2025-09-20T12:00,26.2,0.00,52,15.6,27.3,0.00,0.00,0.00,2,77,77,0,0,8.1,162,159,11.4,21.6,1,3600.00,1017.6,1004.0
2025-09-20T13:00,27.9,0.00,47,15.6,28.6,0.00,0.00,0.00,0,14,14,0,0,11.0,184,181,16.1,27.0,1,3600.00,1016.6,1003.1
2025-09-20T14:00,29.5,0.00,43,15.5,29.8,0.00,0.00,0.00,3,100,100,0,0,12.3,190,188,18.1,28.4,1,3600.00,1015.8,1002.4
2025-09-20T15:00,29.9,0.00,36,13.2,28.6,0.00,0.00,0.00,3,99,99,0,0,15.9,219,219,25.5,37.4,1,3600.00,1015.2,1001.8
2025-09-20T16:00,29.2,0.00,44,15.8,29.4,0.00,0.00,0.00,3,87,87,0,0,12.3,226,224,21.3,35.3,1,3600.00,1014.8,1001.4
2025-09-20T17:00,27.9,0.00,49,16.3,28.3,0.00,0.00,0.00,0,19,18,2,0,11.7,243,243,22.5,27.0,1,3600.00,1015.0,1001.5
2025-09-20T18:00,25.1,0.00,55,15.5,25.7,0.00,0.00,0.00,0,4,1,3,0,8.3,266,266,20.8,25.6,1,3398.58,1015.1,1001.5
2025-09-20T19:00,23.2,0.00,62,15.5,24.8,0.00,0.00,0.00,0,4,3,1,0,1.9,254,229,11.6,17.3,0,0.00,1014.9,1001.2
2025-09-20T20:00,22.1,0.00,63,14.8,23.1,0.00,0.00,0.00,0,17,6,17,0,3.6,213,147,9.9,8.3,0,0.00,1015.0,1001.3
2025-09-20T21:00,21.2,0.00,66,14.6,21.7,0.00,0.00,0.00,1,33,2,32,0,7.2,185,143,15.9,14.4,0,0.00,1015.0,1001.2
2025-09-20T22:00,20.4,0.00,71,15.0,21.1,0.00,0.00,0.00,3,82,47,77,0,6.6,189,139,15.7,14.4,0,0.00,1015.1,1001.3
2025-09-20T23:00,20.0,0.00,74,15.3,20.7,0.00,0.00,0.00,3,92,91,43,0,7.2,183,145,18.2,15.1,0,0.00,1014.8,1001.0
2025-09-21T00:00,20.0,0.00,74,15.3,20.5,0.00,0.00,0.00,3,91,87,30,0,8.6,210,188,21.7,18.0,0,0.00,1014.7,1000.9
2025-09-21T01:00,19.6,0.00,74,14.9,20.0,0.00,0.00,0.00,3,90,88,11,0,8.8,210,185,21.9,19.4,0,0.00,1014.1,1000.3
2025-09-21T02:00,18.1,0.00,83,15.1,19.0,0.00,0.00,0.00,1,27,23,6,0,5.7,193,136,14.6,12.2,0,0.00,1013.9,1000.0
2025-09-21T03:00,18.1,0.00,82,14.9,18.8,0.00,0.00,0.00,2,75,75,0,0,6.4,176,115,11.7,13.3,0,0.00,1013.3,999.4
2025-09-21T04:00,17.7,0.00,82,14.5,18.2,0.00,0.00,0.00,3,98,98,9,0,6.6,173,119,12.9,12.6,0,0.00,1012.8,998.9
2025-09-21T05:00,17.3,0.00,83,14.3,17.7,0.00,0.00,0.00,3,98,96,53,5,6.5,217,193,17.6,14.0,0,0.00,1013.4,999.4
2025-09-21T06:00,17.6,0.00,82,14.6,17.8,0.00,0.00,0.00,3,94,91,48,0,8.9,181,144,16.7,17.6,0,0.00,1012.5,998.6
2025-09-21T07:00,17.6,0.00,86,15.2,17.7,0.00,0.00,0.00,3,100,100,93,0,11.0,213,195,22.9,22.0,1,100.25,1013.4,999.5
2025-09-21T08:00,18.3,0.00,84,15.6,18.9,0.00,0.00,0.00,3,100,100,99,0,8.6,221,206,17.9,23.0,1,0.00,1013.5,999.6
2025-09-21T09:00,18.6,0.10,85,15.9,19.5,0.10,0.00,0.00,51,100,100,100,3,7.7,218,205,15.3,18.7,1,0.00,1014.0,1000.1
2025-09-21T10:00,19.1,0.10,84,16.4,20.6,0.10,0.00,0.00,51,100,99,99,4,4.7,199,180,7.6,17.3,1,0.00,1013.9,1000.0
2025-09-21T11:00,20.3,0.00,80,16.8,21.7,0.00,0.00,0.00,3,100,100,68,63,6.7,262,264,9.1,15.5,1,0.00,1013.7,999.9
2025-09-21T12:00,21.9,0.10,73,16.8,22.6,0.10,0.00,0.00,51,100,100,65,32,11.2,260,260,15.4,26.3,1,3600.00,1013.5,999.8
2025-09-21T13:00,21.3,0.20,75,16.6,21.9,0.20,0.00,0.00,51,100,100,100,100,11.8,279,277,17.3,32.0,1,0.00,1013.4,999.6
2025-09-21T14:00,20.4,0.40,71,15.0,20.1,0.40,0.00,0.00,51,100,100,100,39,13.3,312,312,18.6,30.6,1,3600.00,1015.1,1001.3
2025-09-21T15:00,17.9,0.30,81,14.6,17.5,0.30,0.00,0.00,51,100,100,100,3,13.3,331,332,21.1,30.6,1,0.00,1014.9,1001.0
2025-09-21T16:00,17.3,0.30,83,14.3,17.3,0.30,0.00,0.00,51,100,98,100,0,9.9,326,323,16.1,28.8,1,0.00,1014.8,1000.8
2025-09-21T17:00,16.3,2.50,95,15.4,16.2,2.50,0.00,0.00,63,100,100,100,17,13.3,338,332,22.8,27.0,1,0.00,1014.9,1000.9
2025-09-21T18:00,14.9,1.20,97,14.3,14.3,1.20,0.00,0.00,55,100,100,100,10,13.8,341,336,23.0,27.4,1,0.00,1015.7,1001.6
2025-09-21T19:00,14.1,1.40,96,13.5,13.1,1.40,0.00,0.00,61,100,100,100,8,14.4,338,332,25.6,29.2,0,0.00,1015.9,1001.8
2025-09-21T20:00,14.1,1.40,97,13.6,13.6,1.40,0.00,0.00,61,100,100,100,19,11.6,346,339,21.3,29.2,0,0.00,1016.7,1002.6
2025-09-21T21:00,13.9,2.80,96,13.3,13.2,2.80,0.00,0.00,63,100,100,100,0,11.3,3,359,21.3,24.1,0,0.00,1016.7,1002.5
2025-09-21T22:00,13.4,2.40,95,12.7,12.9,2.40,0.00,0.00,61,100,100,73,6,9.2,14,4,19.1,23.0,0,0.00,1016.6,1002.4
2025-09-21T23:00,13.2,0.30,95,12.4,12.6,0.30,0.00,0.00,51,100,100,69,26,9.1,353,342,17.2,18.4,0,0.00,1017.0,1002.8
2025-09-22T00:00,13.0,0.00,96,12.3,12.4,0.00,0.00,0.00,3,100,100,62,24,9.2,3,354,17.8,18.4,0,0.00,1016.9,1002.7
2025-09-22T01:00,13.0,0.00,96,12.4,12.3,0.00,0.00,0.00,3,98,79,90,23,9.9,359,350,18.7,19.4,0,0.00,1016.6,1002.4
2025-09-22T02:00,12.9,0.30,97,12.4,12.4,0.30,0.00,0.00,51,100,100,100,5,8.0,5,351,15.4,18.7,0,0.00,1016.3,1002.1
2025-09-22T03:00,12.8,0.30,97,12.4,12.2,0.30,0.00,0.00,51,100,100,100,28,9.6,4,355,18.0,19.4,0,0.00,1015.7,1001.5
2025-09-22T04:00,12.7,0.70,97,12.2,11.8,0.70,0.00,0.00,53,100,100,100,48,10.8,12,2,19.9,22.0,0,0.00,1015.6,1001.4
2025-09-22T05:00,12.5,1.10,96,11.9,11.4,1.10,0.00,0.00,55,100,100,100,57,11.7,10,359,21.8,23.8,0,0.00,1015.7,1001.5
2025-09-22T06:00,12.1,2.10,96,11.5,10.7,2.10,0.00,0.00,61,100,100,100,11,12.6,10,359,22.8,24.8,0,0.00,1016.1,1001.9
2025-09-22T07:00,11.6,3.00,96,10.9,9.6,3.00,0.00,0.00,63,100,100,100,10,15.5,13,5,27.8,31.7,1,0.00,1016.0,1001.7
2025-09-22T08:00,11.4,2.80,95,10.7,9.4,2.80,0.00,0.00,63,100,100,100,17,15.2,14,7,27.1,31.7,1,0.00,1016.1,1001.8
2025-09-22T09:00,11.3,2.00,95,10.5,9.3,2.00,0.00,0.00,61,100,100,100,11,15.0,24,17,27.6,31.7,1,0.00,1016.6,1002.3
2025-09-22T10:00,11.5,1.30,94,10.6,9.5,1.30,0.00,0.00,61,100,100,100,6,14.6,28,19,26.8,33.1,1,0.00,1016.4,1002.1
2025-09-22T11:00,12.0,0.80,95,11.2,10.6,0.80,0.00,0.00,53,100,100,100,23,11.9,19,11,20.0,30.6,1,0.00,1016.8,1002.5
2025-09-22T12:00,11.8,1.00,94,10.8,10.4,1.00,0.00,0.00,55,100,92,100,19,11.3,19,9,20.0,24.8,1,0.00,1016.8,1002.5
2025-09-22T13:00,11.6,0.70,93,10.6,9.9,0.70,0.00,0.00,53,100,32,100,21,12.9,18,9,22.1,27.7,1,0.00,1016.8,1002.5
2025-09-22T14:00,12.6,0.30,86,10.2,10.6,0.30,0.00,0.00,51,100,2,100,47,13.9,16,13,20.4,32.4,1,0.00,1017.8,1003.6
2025-09-22T15:00,12.5,0.10,83,9.7,10.5,0.10,0.00,0.00,51,100,15,100,40,12.7,25,21,19.2,33.5,1,0.00,1018.0,1003.8
2025-09-22T16:00,12.7,0.30,81,9.5,11.3,0.30,0.00,0.00,51,100,23,100,38,8.8,39,31,14.3,28.8,1,0.00,1018.0,1003.8
2025-09-22T17:00,12.8,0.20,81,9.5,11.1,0.20,0.00,0.00,51,100,17,100,25,10.9,35,27,18.3,23.0,1,0.00,1018.1,1003.9
2025-09-22T18:00,12.4,0.00,81,9.3,10.7,0.00,0.00,0.00,3,100,9,100,23,10.5,36,31,19.4,24.8,1,0.00,1018.4,1004.1
2025-09-22T19:00,12.3,0.00,81,9.2,10.7,0.00,0.00,0.00,3,100,19,100,23,9.6,31,23,18.3,22.3,0,0.00,1019.3,1005.0
2025-09-22T20:00,12.3,0.00,80,9.0,10.6,0.00,0.00,0.00,3,100,0,100,18,9.8,35,30,18.9,21.6,0,0.00,1019.8,1005.5
2025-09-22T21:00,12.3,0.10,78,8.6,10.6,0.10,0.00,0.00,51,100,0,100,29,9.1,45,38,18.2,22.7,0,0.00,1020.2,1005.9
2025-09-22T22:00,12.2,0.00,77,8.2,10.4,0.00,0.00,0.00,3,100,0,100,93,9.0,38,29,17.9,19.4,0,0.00,1020.4,1006.1
2025-09-22T23:00,12.0,0.10,76,7.9,9.9,0.10,0.00,0.00,51,100,0,100,100,10.1,46,41,19.5,20.9,0,0.00,1020.5,1006.2
2025-09-23T00:00,11.8,0.00,75,7.5,9.5,0.00,0.00,0.00,3,98,1,84,94,11.4,57,53,22.1,27.4,0,0.00,1020.1,1005.8
2025-09-23T01:00,11.3,0.00,78,7.7,9.9,0.00,0.00,0.00,3,100,0,100,100,5.8,52,34,14.5,24.1,0,0.00,1020.5,1006.2
2025-09-23T02:00,11.5,0.00,82,8.6,10.5,0.00,0.00,0.00,3,100,5,100,100,4.2,41,7,9.6,13.3,0,0.00,1020.6,1006.3
2025-09-23T03:00,11.4,0.00,85,9.1,10.4,0.00,0.00,0.00,3,100,34,100,100,5.6,36,15,11.1,11.2,0,0.00,1020.8,1006.5
2025-09-23T04:00,11.4,0.00,84,8.8,9.8,0.00,0.00,0.00,3,100,9,100,100,8.7,35,21,16.7,18.0,0,0.00,1020.7,1006.4
2025-09-23T05:00,11.3,0.00,82,8.4,9.4,0.00,0.00,0.00,3,100,1,100,100,10.0,36,26,18.7,20.9,0,0.00,1020.6,1006.3
2025-09-23T06:00,11.2,0.00,81,8.0,9.2,0.00,0.00,0.00,3,100,50,63,100,10.2,45,36,19.5,22.7,0,0.00,1020.7,1006.3
2025-09-23T07:00,11.3,0.00,79,7.8,9.2,0.00,0.00,0.00,3,100,72,84,100,10.1,48,39,19.0,22.7,1,0.00,1020.7,1006.4
2025-09-23T08:00,11.5,0.70,79,7.9,9.3,0.70,0.00,0.00,53,100,72,100,100,11.6,55,42,20.0,22.7,1,0.00,1021.0,1006.7
2025-09-23T09:00,11.7,0.00,78,7.9,9.6,0.00,0.00,0.00,3,100,8,100,100,11.0,37,23,19.4,26.3,1,0.00,1021.0,1006.7
2025-09-23T10:00,12.9,0.00,71,7.8,10.8,0.00,0.00,0.00,3,99,85,81,93,10.5,39,33,15.9,24.5,1,1138.77,1020.8,1006.5
2025-09-23T11:00,13.9,0.00,64,7.1,11.2,0.00,0.00,0.00,3,100,21,100,100,13.2,49,46,19.9,29.2,1,754.84,1020.5,1006.3
2025-09-23T12:00,13.7,0.00,65,7.2,10.8,0.00,0.00,0.00,3,100,5,100,100,14.4,45,42,22.1,31.7,1,0.00,1020.0,1005.8
2025-09-23T13:00,13.7,0.00,67,7.6,10.9,0.00,0.00,0.00,3,100,1,100,100,15.1,47,45,24.3,33.5,1,0.00,1019.5,1005.3
2025-09-23T14:00,15.1,0.00,61,7.8,12.0,0.00,0.00,0.00,3,100,2,68,100,17.4,58,56,28.3,40.3,1,0.00,1019.2,1005.1
2025-09-23T15:00,16.1,0.00,59,8.1,12.9,0.00,0.00,0.00,3,100,3,100,100,18.5,62,60,29.6,42.8,1,146.19,1018.5,1004.4
2025-09-23T16:00,15.6,0.00,61,8.0,12.9,0.00,0.00,0.00,3,100,27,100,100,14.9,61,59,25.6,40.0,1,0.00,1018.0,1003.9
2025-09-23T17:00,15.2,0.00,61,7.7,12.7,0.00,0.00,0.00,3,100,10,100,100,12.8,60,55,23.7,32.4,1,0.00,1018.5,1004.4
2025-09-23T18:00,14.8,0.00,59,6.7,11.7,0.00,0.00,0.00,3,100,0,100,100,15.2,58,54,28.3,33.5,1,0.00,1018.2,1004.1
2025-09-23T19:00,14.6,0.00,57,6.2,11.6,0.00,0.00,0.00,3,100,96,100,100,14.0,57,53,27.1,33.8,0,0.00,1018.6,1004.4
2025-09-23T20:00,14.2,0.00,59,6.4,11.9,0.00,0.00,0.00,3,100,100,100,100,9.6,63,56,20.9,31.0,0,0.00,1019.6,1005.4
2025-09-23T21:00,13.4,0.30,62,6.2,10.6,0.30,0.00,0.00,51,100,97,100,100,12.3,63,51,22.9,24.8,0,0.00,1019.9,1005.7
2025-09-23T22:00,12.6,0.30,68,6.8,10.0,0.30,0.00,0.00,51,100,100,100,100,12.2,62,46,22.7,25.6,0,0.00,1020.1,1005.8
2025-09-23T23:00,12.3,0.10,69,6.8,9.9,0.10,0.00,0.00,51,100,97,100,100,10.8,65,52,22.3,25.2,0,0.00,1020.0,1005.7
2025-09-24T00:00,12.2,0.20,68,6.4,9.8,0.20,0.00,0.00,51,100,99,100,100,10.2,63,48,21.1,23.4,0,0.00,1019.6,1005.3
2025-09-24T01:00,12.0,0.40,68,6.3,9.5,0.40,0.00,0.00,51,100,100,100,100,11.1,63,48,21.5,22.7,0,0.00,1019.6,1005.3
2025-09-24T02:00,10.5,2.00,93,9.4,8.6,2.00,0.00,0.00,61,100,99,100,100,12.0,49,37,24.4,24.8,0,0.00,1019.9,1005.5
2025-09-24T03:00,10.4,2.40,92,9.1,8.3,2.40,0.00,0.00,61,100,99,100,97,12.8,64,55,26.5,27.0,0,0.00,1019.5,1005.1
2025-09-24T04:00,10.2,0.60,92,8.9,7.7,0.60,0.00,0.00,53,100,100,100,95,15.4,66,60,30.2,31.3,0,0.00,1019.5,1005.1
2025-09-24T05:00,10.1,1.20,91,8.7,7.3,1.20,0.00,0.00,55,100,100,100,100,16.5,68,65,32.3,34.6,0,0.00,1019.1,1004.7
2025-09-24T06:00,10.2,0.90,86,8.0,6.9,0.90,0.00,0.00,53,100,100,100,2,19.3,69,63,34.6,38.5,0,0.00,1018.5,1004.1
2025-09-24T07:00,9.7,2.10,92,8.4,6.9,2.10,0.00,0.00,61,100,100,100,28,16.1,64,58,31.2,38.5,1,0.00,1018.5,1004.1
2025-09-24T08:00,9.6,3.10,92,8.3,7.2,3.10,0.00,0.00,63,100,100,100,74,13.4,65,58,27.3,33.5,1,0.00,1019.0,1004.6
2025-09-24T09:00,9.6,3.20,92,8.4,7.6,3.20,0.00,0.00,63,100,100,100,100,11.2,67,58,23.4,28.1,1,0.00,1019.5,1005.1
2025-09-24T10:00,9.7,4.00,93,8.5,7.7,4.00,0.00,0.00,63,100,100,100,100,10.4,61,46,21.7,23.8,1,0.00,1019.9,1005.5
2025-09-24T11:00,9.9,4.00,93,8.8,8.1,4.00,0.00,0.00,63,100,100,100,100,10.1,55,40,20.7,22.3,1,0.00,1019.7,1005.3
2025-09-24T12:00,10.3,3.10,93,9.2,8.4,3.10,0.00,0.00,63,100,100,100,100,11.2,55,42,21.7,23.0,1,0.00,1019.4,1005.0
2025-09-24T13:00,10.4,3.30,94,9.4,8.3,3.30,0.00,0.00,63,100,100,100,100,13.8,52,43,25.4,28.1,1,0.00,1019.1,1004.7
2025-09-24T14:00,10.3,0.70,94,9.4,8.6,0.70,0.00,0.00,53,100,100,100,97,10.9,51,38,21.0,24.1,1,0.00,1019.4,1005.0
2025-09-24T15:00,10.9,1.60,94,9.9,9.8,1.60,0.00,0.00,61,100,100,100,100,7.7,49,33,17.0,23.0,1,0.00,1018.9,1004.6
2025-09-24T16:00,10.9,2.40,94,10.1,10.0,2.40,0.00,0.00,61,100,100,100,100,6.3,31,360,13.9,16.6,1,0.00,1019.0,1004.7
2025-09-24T17:00,10.9,2.00,95,10.2,10.1,2.00,0.00,0.00,61,100,100,100,100,6.0,30,3,14.8,13.3,1,0.00,1018.9,1004.6
2025-09-24T18:00,10.8,1.80,94,10.0,9.5,1.80,0.00,0.00,61,100,100,100,100,8.8,40,23,19.5,17.6,1,0.00,1019.0,1004.7
2025-09-24T19:00,10.8,1.00,94,9.8,9.1,1.00,0.00,0.00,55,100,100,100,100,11.2,40,28,23.4,23.4,0,0.00,1018.6,1004.3
2025-09-24T20:00,10.7,1.20,94,9.8,9.1,1.20,0.00,0.00,55,100,100,100,100,11.0,40,30,23.1,23.8,0,0.00,1018.5,1004.2
2025-09-24T21:00,10.7,1.50,94,9.9,9.1,1.50,0.00,0.00,61,100,100,100,100,10.8,44,32,22.8,22.7,0,0.00,1018.3,1004.0
2025-09-24T22:00,10.7,2.00,94,9.8,8.9,2.00,0.00,0.00,61,100,100,100,100,12.0,45,35,24.6,24.8,0,0.00,1018.2,1003.9
2025-09-24T23:00,10.6,1.80,94,9.8,8.7,1.80,0.00,0.00,61,100,100,100,100,13.0,47,41,26.0,26.6,0,0.00,1018.1,1003.8
2025-09-25T00:00,10.6,1.00,94,9.7,8.6,1.00,0.00,0.00,55,100,100,100,100,13.2,52,46,26.4,27.7,0,0.00,1017.8,1003.5
2025-09-25T01:00,10.4,0.90,94,9.6,8.4,0.90,0.00,0.00,53,100,100,100,100,12.9,54,47,25.7,27.4,0,0.00,1017.7,1003.4
2025-09-25T02:00,10.0,1.40,95,9.3,8.7,1.40,0.00,0.00,61,100,72,100,100,7.8,55,42,18.0,22.7,0,0.00,1017.8,1003.4
2025-09-25T03:00,10.2,0.80,93,9.2,8.6,0.80,0.00,0.00,53,100,88,100,99,9.5,50,37,18.7,18.4,0,0.00,1017.5,1003.1
2025-09-25T04:00,10.2,0.10,94,9.2,8.9,0.10,0.00,0.00,51,100,92,100,47,7.5,40,15,15.2,18.4,0,0.00,1017.2,1002.8
2025-09-25T05:00,10.2,0.10,93,9.1,8.9,0.10,0.00,0.00,51,100,100,100,100,7.2,48,27,15.7,15.1,0,0.00,1017.3,1002.9
2025-09-25T06:00,10.4,0.10,92,9.1,9.6,0.10,0.00,0.00,51,100,100,100,100,3.3,60,22,10.4,14.4,0,0.00,1017.3,1003.0
2025-09-25T07:00,10.3,0.20,96,9.7,9.7,0.20,0.00,0.00,51,100,100,100,100,3.8,34,355,10.0,8.6,1,0.00,1017.6,1003.3
2025-09-25T08:00,10.4,0.60,97,9.9,9.9,0.60,0.00,0.00,53,100,64,100,100,3.5,28,336,8.0,7.6,1,0.00,1017.8,1003.5
2025-09-25T09:00,11.0,0.50,94,10.1,10.2,0.50,0.00,0.00,53,100,96,100,100,5.4,29,20,8.2,10.8,1,0.00,1018.1,1003.8
2025-09-25T10:00,11.0,0.50,95,10.2,10.1,0.50,0.00,0.00,53,100,100,100,100,6.1,28,14,10.0,12.2,1,0.00,1018.1,1003.8
2025-09-25T11:00,11.0,1.40,94,10.2,10.2,1.40,0.00,0.00,61,100,0,100,100,6.1,41,23,10.2,15.1,1,0.00,1018.1,1003.8
2025-09-25T12:00,11.6,0.30,88,9.6,10.4,0.30,0.00,0.00,51,100,28,100,100,7.7,50,49,10.7,17.3,1,0.00,1018.1,1003.8
2025-09-25T13:00,11.6,0.40,91,10.1,10.8,0.40,0.00,0.00,51,100,0,100,100,5.8,30,14,8.3,16.9,1,0.00,1018.0,1003.7
2025-09-25T14:00,11.2,0.80,95,10.4,10.4,0.80,0.00,0.00,53,100,40,100,100,6.5,12,357,10.1,13.0,1,0.00,1018.6,1004.3
2025-09-25T15:00,11.2,1.10,95,10.4,10.2,1.10,0.00,0.00,55,100,98,100,100,7.6,8,1,11.1,16.2,1,0.00,1018.7,1004.4
2025-09-25T16:00,10.8,1.50,98,10.4,9.9,1.50,0.00,0.00,61,100,63,100,100,7.1,4,353,11.6,15.5,1,0.00,1019.1,1004.8
2025-09-25T17:00,11.0,1.10,96,10.5,10.3,1.10,0.00,0.00,55,100,0,100,100,6.1,14,357,10.2,15.1,1,0.00,1019.3,1005.0
2025-09-25T18:00,10.8,0.50,97,10.4,10.1,0.50,0.00,0.00,53,100,91,100,100,5.3,1,336,9.7,11.5,1,0.00,1019.5,1005.1
2025-09-25T19:00,10.6,0.20,98,10.3,10.1,0.20,0.00,0.00,51,100,100,100,100,4.6,10,342,8.6,10.4,0,0.00,1019.9,1005.5
2025-09-25T20:00,10.6,0.10,98,10.3,10.3,0.10,0.00,0.00,51,100,99,78,100,2.8,25,349,6.8,8.3,0,0.00,1019.9,1005.5
2025-09-25T21:00,10.3,0.00,98,10.0,10.1,0.00,0.00,0.00,2,77,55,26,35,1.1,120,162,3.6,4.3,0,0.00,1020.3,1005.9
2025-09-25T22:00,9.5,0.00,99,9.4,8.8,0.00,0.00,0.00,3,100,47,0,100,3.7,159,157,9.9,7.2,0,0.00,1021.0,1006.6
2025-09-25T23:00,9.8,0.00,99,9.6,9.2,0.00,0.00,0.00,3,100,43,1,100,3.5,157,129,8.0,9.4,0,0.00,1021.2,1006.8
2025-09-26T00:00,9.5,0.00,99,9.4,8.5,0.00,0.00,0.00,3,100,49,4,100,5.5,108,99,9.1,10.4,0,0.00,1021.1,1006.7
2025-09-26T01:00,9.2,0.00,100,9.1,8.0,0.00,0.00,0.00,3,100,89,1,100,6.5,97,87,14.2,13.0,0,0.00,1021.6,1007.1
2025-09-26T02:00,9.2,0.00,99,9.1,8.2,0.00,0.00,0.00,3,100,100,18,55,5.2,66,44,11.0,13.7,0,0.00,1021.3,1006.8
2025-09-26T03:00,8.8,0.00,99,8.7,7.9,0.00,0.00,0.00,3,83,74,7,32,3.8,53,41,9.0,10.4,0,0.00,1021.3,1006.8
2025-09-26T04:00,7.6,0.00,99,7.4,6.6,0.00,0.00,0.00,3,99,97,6,49,2.7,60,42,6.5,8.3,0,0.00,1021.4,1006.9
2025-09-26T05:00,7.4,0.00,98,7.0,6.2,0.00,0.00,0.00,3,82,78,1,19,2.7,62,37,7.6,6.1,0,0.00,1021.4,1006.8
2025-09-26T06:00,7.5,0.00,96,6.9,6.4,0.00,0.00,0.00,3,97,96,0,15,1.9,68,22,8.6,6.5,0,0.00,1021.4,1006.9
2025-09-26T07:00,8.7,0.00,94,7.8,7.8,0.00,0.00,0.00,3,99,99,0,50,2.3,82,45,10.5,5.8,1,0.00,1021.5,1007.0
2025-09-26T08:00,10.2,0.00,92,8.9,8.4,0.00,0.00,0.00,3,100,98,0,100,10.6,82,80,14.9,22.3,1,2233.94,1021.7,1007.3
2025-09-26T09:00,11.1,0.00,90,9.5,9.6,0.00,0.00,0.00,3,100,92,7,100,9.7,75,75,13.2,24.1,1,417.42,1021.5,1007.1
2025-09-26T10:00,12.2,0.00,86,9.9,11.1,0.00,0.00,0.00,3,100,61,20,100,7.3,60,59,10.4,22.0,1,516.46,1021.5,1007.2
2025-09-26T11:00,13.5,0.00,80,10.1,12.8,0.00,0.00,0.00,3,100,25,3,100,5.5,55,54,7.9,18.0,1,391.82,1021.2,1007.0
2025-09-26T12:00,14.4,0.20,76,10.2,13.5,0.20,0.00,0.00,51,100,100,11,100,7.1,70,71,10.0,18.0,1,973.33,1020.8,1006.6
2025-09-26T13:00,14.6,0.20,75,10.2,13.4,0.20,0.00,0.00,51,100,98,15,100,8.6,62,60,12.1,19.8,1,0.00,1020.5,1006.3
2025-09-26T14:00,13.7,0.10,76,9.5,12.4,0.10,0.00,0.00,51,100,100,17,93,8.2,59,57,12.2,20.2,1,0.00,1020.5,1006.3
2025-09-26T15:00,14.3,0.00,73,9.6,12.9,0.00,0.00,0.00,3,100,100,24,100,8.9,57,54,13.1,20.9,1,266.98,1020.0,1005.8
2025-09-26T16:00,14.0,0.00,75,9.7,12.7,0.00,0.00,0.00,3,100,100,83,100,8.0,65,65,12.9,20.9,1,0.00,1020.0,1005.8
2025-09-26T17:00,13.6,0.10,81,10.4,13.3,0.10,0.00,0.00,51,100,100,89,100,2.8,58,45,7.0,16.9,1,0.00,1020.2,1006.0
2025-09-26T18:00,13.0,0.20,85,10.5,12.4,0.20,0.00,0.00,51,100,100,63,98,4.8,5,335,8.5,7.9,1,0.00,1020.0,1005.7
2025-09-26T19:00,12.1,0.00,90,10.4,11.1,0.00,0.00,0.00,2,70,53,6,31,7.7,13,1,15.7,15.1,0,0.00,1020.1,1005.8
2025-09-26T20:00,11.3,0.10,94,10.3,10.8,0.10,0.00,0.00,51,100,100,53,77,3.6,35,6,9.9,14.8,0,0.00,1020.1,1005.8
2025-09-26T21:00,11.1,0.10,95,10.3,10.5,0.10,0.00,0.00,51,100,100,19,29,4.9,360,336,8.1,9.4,0,0.00,1020.3,1006.0
2025-09-26T22:00,10.5,0.00,97,10.0,9.8,0.00,0.00,0.00,3,99,99,8,9,4.6,356,347,8.8,9.7,0,0.00,1020.3,1005.9
2025-09-26T23:00,10.0,0.00,97,9.6,9.3,0.00,0.00,0.00,3,86,82,25,5,4.0,31,27,8.0,9.4,0,0.00,1020.0,1005.6
2025-09-27T00:00,9.5,0.00,97,9.0,9.1,0.00,0.00,0.00,3,98,98,1,3,0.9,53,53,1.8,7.6,0,0.00,1019.9,1005.5
2025-09-27T01:00,9.2,0.00,97,8.7,8.7,0.00,0.00,0.00,3,85,79,29,12,1.0,338,31,3.3,2.2,0,0.00,1020.2,1005.8
2025-09-27T02:00,10.4,0.10,97,10.0,10.3,0.10,0.00,0.00,51,98,0,97,49,0.6,286,252,1.3,3.2,0,0.00,1020.4,1006.0
2025-09-27T03:00,10.9,0.10,97,10.4,10.9,0.10,0.00,0.00,51,100,61,99,59,0.4,249,207,1.5,1.8,0,0.00,1020.4,1006.0
2025-09-27T04:00,10.9,0.40,98,10.6,10.6,0.40,0.00,0.00,51,100,41,100,100,3.6,236,217,6.7,7.6,0,0.00,1020.6,1006.2
2025-09-27T05:00,10.7,0.20,99,10.6,10.3,0.20,0.00,0.00,51,100,0,100,99,3.8,261,267,8.8,10.8,0,0.00,1020.7,1006.3
2025-09-27T06:00,10.8,0.10,99,10.6,10.6,0.10,0.00,0.00,51,100,0,100,99,2.7,309,307,6.9,9.7,0,0.00,1020.8,1006.4
2025-09-27T07:00,10.9,0.00,98,10.6,10.6,0.00,0.00,0.00,3,100,0,98,99,3.5,295,282,6.4,7.9,1,0.00,1021.3,1006.9
2025-09-27T08:00,11.2,0.00,97,10.7,10.9,0.00,0.00,0.00,3,100,0,100,99,3.5,307,305,5.4,9.4,1,0.00,1021.9,1007.5
2025-09-27T09:00,11.9,0.00,93,10.8,11.4,0.00,0.00,0.00,3,100,0,100,100,4.8,311,307,6.0,12.6,1,0.00,1022.2,1007.9
2025-09-27T10:00,13.3,0.00,85,10.7,12.7,0.00,0.00,0.00,3,100,0,3,100,5.1,287,288,6.8,15.5,1,2749.08,1022.2,1007.9
2025-09-27T11:00,14.0,0.10,80,10.6,13.5,0.10,0.00,0.00,51,100,0,0,100,4.3,297,298,5.6,16.2,1,464.74,1022.2,1008.0
2025-09-27T12:00,14.8,0.10,76,10.6,14.5,0.10,0.00,0.00,51,50,0,0,50,3.7,315,313,4.8,14.0,1,3351.09,1022.1,1007.9
2025-09-27T13:00,15.6,0.10,71,10.4,15.2,0.10,0.00,0.00,51,88,0,2,88,3.6,317,315,4.7,14.4,1,3600.00,1022.0,1007.8
2025-09-27T14:00,16.1,0.00,69,10.5,15.7,0.00,0.00,0.00,2,77,0,4,76,3.6,299,297,4.8,13.7,1,3600.00,1022.2,1008.1
2025-09-27T15:00,16.1,0.00,69,10.4,15.9,0.00,0.00,0.00,2,67,0,13,62,2.5,304,300,3.2,13.7,1,3600.00,1022.1,1008.0
2025-09-27T16:00,16.2,0.00,67,10.2,16.1,0.00,0.00,0.00,2,74,0,0,74,1.1,339,342,1.5,10.1,1,3600.00,1021.8,1007.7
2025-09-27T17:00,15.9,0.00,70,10.4,15.6,0.00,0.00,0.00,2,53,0,0,53,2.4,35,36,3.5,6.8,1,3600.00,1021.8,1007.7
2025-09-27T18:00,14.5,0.00,81,11.2,14.5,0.00,0.00,0.00,0,10,0,0,10,2.6,34,39,5.8,5.4,1,2103.12,1021.9,1007.7
2025-09-27T19:00,13.1,0.00,83,10.3,12.9,0.00,0.00,0.00,0,8,0,0,8,2.2,7,24,6.2,4.7,0,0.00,1022.3,1008.0
2025-09-27T20:00,12.3,0.00,86,10.1,11.8,0.00,0.00,0.00,0,6,0,0,6,4.0,359,27,9.5,7.2,0,0.00,1022.4,1008.1
2025-09-27T21:00,11.9,0.00,87,9.8,11.0,0.00,0.00,0.00,0,4,0,4,0,5.3,10,38,12.1,9.7,0,0.00,1022.6,1008.3
2025-09-27T22:00,11.0,0.00,89,9.2,10.1,0.00,0.00,0.00,1,29,0,8,27,4.5,16,43,11.1,9.7,0,0.00,1023.1,1008.7
2025-09-27T23:00,11.0,0.00,89,9.2,10.1,0.00,0.00,0.00,0,2,0,0,2,4.3,30,66,10.2,7.9,0,0.00,1022.8,1008.4
2025-09-28T00:00,10.6,0.00,90,9.0,9.4,0.00,0.00,0.00,0,0,0,0,0,6.3,62,75,13.0,12.2,0,0.00,1022.4,1008.0
2025-09-28T01:00,9.6,0.00,93,8.5,8.7,0.00,0.00,0.00,0,6,0,0,6,3.4,67,65,9.4,12.6,0,0.00,1022.5,1008.0
2025-09-28T02:00,10.3,0.00,95,9.5,9.8,0.00,0.00,0.00,1,28,0,9,21,2.3,45,72,3.1,5.0,0,0.00,1022.5,1008.1
2025-09-28T03:00,9.8,0.00,97,9.4,9.2,0.00,0.00,0.00,1,21,0,0,21,2.7,74,86,3.4,5.4,0,0.00,1022.4,1008.0
2025-09-28T04:00,9.2,0.00,99,9.0,8.6,0.00,0.00,0.00,1,47,0,0,47,2.0,139,85,1.9,5.4,0,0.00,1022.6,1008.1
2025-09-28T05:00,9.3,0.00,98,9.1,8.8,0.00,0.00,0.00,3,100,0,0,100,1.6,321,63,1.2,4.3,0,0.00,1022.7,1008.2
2025-09-28T06:00,10.3,0.00,99,10.1,10.0,0.00,0.00,0.00,3,100,0,0,100,2.3,344,67,1.3,5.4,0,0.00,1022.7,1008.3
2025-09-28T07:00,10.7,0.00,99,10.5,10.4,0.00,0.00,0.00,3,100,0,0,100,3.2,87,74,3.2,7.6,1,0.00,1022.8,1008.4
2025-09-28T08:00,11.8,0.00,97,11.3,11.6,0.00,0.00,0.00,3,97,0,0,97,4.3,84,73,5.4,11.2,1,0.00,1022.6,1008.3
2025-09-28T09:00,13.6,0.00,90,12.0,13.3,0.00,0.00,0.00,3,96,0,0,96,6.0,85,81,8.3,15.5,1,1661.04,1022.4,1008.1
2025-09-28T10:00,15.2,0.00,81,12.0,15.0,0.00,0.00,0.00,1,33,0,0,33,5.6,95,97,8.0,16.9,1,3600.00,1022.6,1008.4
2025-09-28T11:00,16.7,0.00,71,11.5,16.6,0.00,0.00,0.00,3,100,0,0,100,3.8,96,98,5.6,15.5,1,3600.00,1022.3,1008.2
2025-09-28T12:00,17.5,0.00,67,11.3,17.6,0.00,0.00,0.00,2,54,0,0,54,2.0,101,100,2.9,13.3,1,3600.00,1021.8,1007.7
2025-09-28T13:00,18.5,0.00,61,10.9,18.4,0.00,0.00,0.00,3,100,0,0,100,2.7,30,28,3.6,11.2,1,3600.00,1021.3,1007.3
2025-09-28T14:00,17.3,0.00,68,11.3,17.1,0.00,0.00,0.00,3,81,0,0,81,3.5,308,305,4.4,13.3,1,3600.00,1021.4,1007.3
2025-09-28T15:00,17.3,0.00,69,11.6,17.3,0.00,0.00,0.00,1,48,0,0,48,3.2,313,313,4.2,14.0,1,3600.00,1021.0,1006.9
2025-09-28T16:00,17.3,0.10,69,11.6,17.4,0.10,0.00,0.00,51,57,0,0,57,2.3,313,309,2.9,12.2,1,3600.00,1020.9,1006.8
2025-09-28T17:00,16.9,0.00,75,12.5,17.3,0.00,0.00,0.00,2,65,0,0,65,2.2,266,256,2.5,9.0,1,3600.00,1021.0,1006.9
2025-09-28T18:00,15.1,0.00,84,12.5,15.7,0.00,0.00,0.00,3,89,0,0,89,1.2,253,231,2.4,5.4,1,2364.12,1021.0,1006.8
2025-09-28T19:00,14.3,0.00,87,12.1,14.8,0.00,0.00,0.00,2,75,0,0,75,0.7,84,90,3.4,2.2,0,0.00,1021.3,1007.1
2025-09-28T20:00,12.6,0.00,91,11.1,12.6,0.00,0.00,0.00,0,1,0,0,1,2.6,93,78,7.2,5.8,0,0.00,1021.5,1007.2
2025-09-28T21:00,11.4,0.00,93,10.3,11.1,0.00,0.00,0.00,0,0,0,0,0,2.5,99,69,4.7,5.8,0,0.00,1021.6,1007.2
2025-09-28T22:00,10.5,0.00,93,9.4,9.7,0.00,0.00,0.00,0,0,0,0,0,4.4,45,52,4.8,9.0,0,0.00,1021.6,1007.2
2025-09-28T23:00,9.7,0.00,93,8.7,8.7,0.00,0.00,0.00,0,0,0,0,0,4.3,40,68,5.6,9.4,0,0.00,1021.5,1007.1
2025-09-29T00:00,9.0,0.00,94,8.1,8.1,0.00,0.00,0.00,0,5,0,0,5,2.8,125,108,3.7,9.0,0,0.00,1021.6,1007.1
2025-09-29T01:00,8.5,0.00,95,7.7,7.6,0.00,0.00,0.00,0,14,0,0,14,2.1,193,121,5.0,6.5,0,0.00,1021.8,1007.3
2025-09-29T02:00,8.1,0.00,96,7.5,7.2,0.00,0.00,0.00,0,11,0,0,11,1.7,153,103,1.6,5.8,0,0.00,1022.2,1007.7
2025-09-29T03:00,8.3,0.00,95,7.5,7.4,0.00,0.00,0.00,0,16,0,0,16,1.8,130,96,1.4,4.3,0,0.00,1022.0,1007.5
2025-09-29T04:00,8.3,0.00,94,7.4,7.4,0.00,0.00,0.00,1,28,0,0,28,1.5,270,69,0.0,4.3,0,0.00,1021.9,1007.4
2025-09-29T05:00,8.7,0.00,92,7.5,7.9,0.00,0.00,0.00,3,100,0,0,100,1.0,310,45,3.1,3.6,0,0.00,1021.8,1007.3
2025-09-29T06:00,9.4,0.00,91,8.1,8.8,0.00,0.00,0.00,3,100,0,0,100,0.6,315,18,3.1,2.9,0,0.00,1021.8,1007.3
2025-09-29T07:00,9.9,0.00,92,8.6,9.2,0.00,0.00,0.00,3,100,0,0,100,2.6,280,236,3.1,5.4,1,0.00,1022.2,1007.8
2025-09-29T08:00,10.4,0.00,93,9.4,10.0,0.00,0.00,0.00,3,100,0,10,100,1.5,290,216,2.1,7.2,1,0.00,1022.4,1008.0
2025-09-29T09:00,11.6,0.00,92,10.3,11.4,0.00,0.00,0.00,3,98,0,17,98,2.0,238,225,1.7,9.0,1,0.00,1022.6,1008.2
2025-09-29T10:00,12.8,0.00,89,11.1,12.7,0.00,0.00,0.00,3,93,0,15,93,3.0,252,245,3.4,11.9,1,1516.13,1022.6,1008.3
2025-09-29T11:00,15.0,0.00,82,12.0,15.1,0.00,0.00,0.00,3,91,0,2,91,3.3,309,306,4.6,13.7,1,3600.00,1022.4,1008.2
2025-09-29T12:00,16.4,0.10,76,12.2,16.4,0.10,0.00,0.00,51,40,3,12,31,4.5,321,320,6.0,15.5,1,3600.00,1022.0,1007.9
2025-09-29T13:00,17.0,0.30,72,12.0,17.0,0.30,0.00,0.00,51,41,0,18,36,4.4,349,348,5.9,15.5,1,3600.00,1021.5,1007.4
2025-09-29T14:00,16.9,0.00,78,13.0,16.8,0.00,0.00,0.00,3,99,0,92,99,7.2,19,22,9.9,22.7,1,3600.00,1021.6,1007.5
2025-09-29T15:00,17.1,0.00,77,13.0,17.6,0.00,0.00,0.00,1,30,0,25,19,3.0,59,65,4.2,18.7,1,3600.00,1021.3,1007.2
2025-09-29T16:00,17.3,0.00,76,13.1,17.8,0.00,0.00,0.00,3,100,0,22,100,3.6,77,84,5.0,12.2,1,3600.00,1021.2,1007.1
2025-09-29T17:00,16.5,0.30,76,12.3,16.9,0.30,0.00,0.00,51,86,0,66,59,1.7,90,103,2.0,11.9,1,3600.00,1021.5,1007.4
2025-09-29T18:00,15.0,0.60,79,11.4,15.2,0.60,0.00,0.00,53,97,0,96,21,0.9,324,281,4.2,4.3,1,982.28,1021.9,1007.7
2025-09-29T19:00,14.7,0.10,79,11.1,14.9,0.10,0.00,0.00,51,32,0,31,7,0.6,315,236,2.8,2.5,0,0.00,1021.8,1007.6
2025-09-29T20:00,13.7,0.00,82,10.6,13.8,0.00,0.00,0.00,3,98,98,21,11,0.4,287,153,2.4,2.2,0,0.00,1022.0,1007.8
2025-09-29T21:00,12.7,0.00,89,10.8,12.6,0.00,0.00,0.00,3,100,100,25,5,2.1,172,121,2.5,3.6,0,0.00,1022.1,1007.8
2025-09-29T22:00,12.0,0.20,89,10.2,11.9,0.20,0.00,0.00,51,100,100,37,25,0.7,225,76,1.3,3.6,0,0.00,1022.2,1007.9
2025-09-29T23:00,12.7,0.00,87,10.6,12.7,0.00,0.00,0.00,3,100,100,15,0,0.6,237,124,3.6,2.2,0,0.00,1022.0,1007.7
2025-09-30T00:00,12.3,0.00,88,10.4,12.2,0.00,0.00,0.00,3,100,100,9,0,1.1,288,279,7.0,3.6,0,0.00,1021.9,1007.6
2025-09-30T01:00,11.2,0.00,92,10.0,10.7,0.00,0.00,0.00,3,100,100,21,7,3.6,324,315,10.2,6.5,0,0.00,1022.0,1007.6
2025-09-30T02:00,11.5,0.00,92,10.3,11.5,0.00,0.00,0.00,3,100,100,77,2,1.1,321,351,6.5,3.6,0,0.00,1022.0,1007.6
2025-09-30T03:00,11.2,0.00,95,10.5,10.6,0.00,0.00,0.00,3,100,100,67,2,5.3,330,322,13.5,10.4,0,0.00,1021.8,1007.4
2025-09-30T04:00,11.1,0.00,95,10.4,10.5,0.00,0.00,0.00,3,100,100,66,1,4.9,333,321,13.7,11.2,0,0.00,1021.6,1007.2
2025-09-30T05:00,10.7,0.00,96,10.1,10.1,0.00,0.00,0.00,3,100,100,98,1,4.0,345,328,12.3,10.1,0,0.00,1021.6,1007.2
2025-09-30T06:00,10.7,0.00,96,10.2,10.2,0.00,0.00,0.00,3,100,96,100,1,3.9,335,313,11.9,8.3,0,0.00,1022.1,1007.7
2025-09-30T07:00,10.9,0.00,97,10.4,10.5,0.00,0.00,0.00,3,100,87,100,1,3.6,338,319,11.1,9.0,1,0.00,1022.5,1008.1
2025-09-30T08:00,12.0,0.00,94,11.1,11.8,0.00,0.00,0.00,0,4,3,0,1,4.0,342,321,8.9,10.4,1,0.00,1022.9,1008.6
2025-09-30T09:00,13.5,0.00,87,11.3,12.6,0.00,0.00,0.00,3,100,1,18,100,8.7,347,346,12.0,20.5,1,3600.00,1023.4,1009.1
2025-09-30T10:00,14.5,0.00,82,11.5,13.8,0.00,0.00,0.00,2,68,7,17,59,7.4,356,353,10.5,21.6,1,3600.00,1023.4,1009.2
2025-09-30T11:00,15.2,0.00,78,11.4,14.6,0.00,0.00,0.00,3,100,84,70,100,7.2,351,347,10.0,22.3,1,3600.00,1023.4,1009.2
2025-09-30T12:00,15.6,0.00,74,11.1,14.8,0.00,0.00,0.00,3,100,84,11,100,7.8,342,338,10.6,23.8,1,2427.67,1023.4,1009.2
2025-09-30T13:00,16.0,0.10,71,10.8,14.9,0.10,0.00,0.00,51,100,99,14,100,8.7,330,326,12.0,24.8,1,2054.08,1023.3,1009.1
2025-09-30T14:00,16.2,0.00,69,10.5,14.8,0.00,0.00,0.00,3,99,98,24,16,10.4,337,334,14.7,27.0,1,3600.00,1023.1,1009.0
2025-09-30T15:00,16.0,0.10,68,10.2,14.5,0.10,0.00,0.00,51,100,100,20,5,10.7,336,333,15.4,27.0,1,3600.00,1023.2,1009.1
2025-09-30T16:00,16.2,0.00,66,9.8,14.7,0.00,0.00,0.00,2,73,70,6,7,10.0,340,340,14.7,25.9,1,3600.00,1023.2,1009.1
2025-09-30T17:00,14.8,0.20,77,10.9,14.2,0.20,0.00,0.00,51,55,13,41,17,6.2,44,54,11.3,22.7,1,3600.00,1023.9,1009.7
2025-09-30T18:00,13.6,0.00,83,10.8,13.2,0.00,0.00,0.00,1,41,2,38,16,3.8,66,71,9.8,12.6,1,1553.70,1024.3,1010.0
2025-09-30T19:00,12.7,0.00,85,10.3,12.1,0.00,0.00,0.00,1,44,3,39,20,4.2,64,70,10.8,8.3,0,0.00,1024.8,1010.5
2025-09-30T20:00,11.9,0.00,87,9.8,11.1,0.00,0.00,0.00,1,48,10,27,26,5.2,70,68,13.2,10.4,0,0.00,1025.1,1010.7
2025-09-30T21:00,11.2,0.00,88,9.3,10.2,0.00,0.00,0.00,1,38,15,17,18,5.5,77,73,14.6,11.2,0,0.00,1025.2,1010.8
2025-09-30T22:00,10.7,0.00,88,8.8,9.5,0.00,0.00,0.00,1,30,13,16,10,5.6,85,73,15.2,11.9,0,0.00,1025.5,1011.1
2025-09-30T23:00,10.2,0.00,89,8.4,9.1,0.00,0.00,0.00,3,80,1,80,9,5.0,89,69,13.9,11.2,0,0.00,1025.8,1011.3
2025-10-01T00:00,10.1,0.00,89,8.4,9.0,0.00,0.00,0.00,3,100,0,100,12,4.5,91,67,12.8,10.1,0,0.00,1025.8,1011.3
2025-10-01T01:00,10.6,0.00,87,8.5,9.6,0.00,0.00,0.00,2,69,0,68,2,4.4,89,78,13.7,9.7,0,0.00,1026.6,1012.1
2025-10-01T02:00,10.3,0.00,86,8.1,9.1,0.00,0.00,0.00,3,98,0,98,0,4.5,87,74,13.5,9.7,0,0.00,1026.5,1012.0
2025-10-01T03:00,10.6,0.00,85,8.1,9.4,0.00,0.00,0.00,3,90,0,90,0,4.3,78,62,12.5,9.7,0,0.00,1026.5,1012.0
2025-10-01T04:00,10.3,0.00,85,8.0,9.2,0.00,0.00,0.00,2,73,5,72,0,4.0,76,60,12.0,9.0,0,0.00,1026.6,1012.1
2025-10-01T05:00,9.1,0.00,88,7.2,7.8,0.00,0.00,0.00,1,23,0,23,0,4.0,72,54,11.7,8.3,0,0.00,1027.1,1012.6
2025-10-01T06:00,8.0,0.00,89,6.4,6.5,0.00,0.00,0.00,0,8,0,8,1,4.0,79,69,11.7,8.6,0,0.00,1027.7,1013.1
2025-10-01T07:00,7.4,0.00,92,6.2,5.8,0.00,0.00,0.00,0,4,0,1,4,3.9,80,68,11.0,9.0,1,0.00,1028.3,1013.6
2025-10-01T08:00,8.8,0.00,88,6.9,7.6,0.00,0.00,0.00,1,20,0,15,20,3.0,75,38,9.7,10.4,1,3600.00,1028.9,1014.3
2025-10-01T09:00,10.8,0.00,78,7.1,9.6,0.00,0.00,0.00,1,26,0,20,24,2.6,56,39,4.5,10.1,1,3600.00,1029.2,1014.7
2025-10-01T10:00,12.6,0.00,71,7.5,11.3,0.00,0.00,0.00,0,12,0,8,11,4.4,81,81,6.6,14.0,1,3600.00,1029.1,1014.7
2025-10-01T11:00,14.1,0.00,59,6.3,11.9,0.00,0.00,0.00,0,1,0,0,1,8.5,96,96,12.3,22.0,1,3600.00,1028.7,1014.4
2025-10-01T12:00,15.0,0.00,52,5.1,12.6,0.00,0.00,0.00,0,4,0,0,4,9.4,96,97,13.4,24.8,1,3600.00,1028.7,1014.4
2025-10-01T13:00,15.5,0.00,50,5.1,13.1,0.00,0.00,0.00,1,33,0,28,30,9.4,93,95,13.2,24.1,1,3600.00,1028.6,1014.4
2025-10-01T14:00,15.8,0.00,47,4.4,13.0,0.00,0.00,0.00,1,47,0,45,3,9.7,86,88,13.9,23.8,1,3600.00,1028.4,1014.2
2025-10-01T15:00,15.8,0.00,43,3.4,12.9,0.00,0.00,0.00,1,42,0,40,5,9.1,82,83,12.7,23.4,1,3600.00,1028.4,1014.2
2025-10-01T16:00,15.2,0.00,47,4.0,12.5,0.00,0.00,0.00,2,73,3,71,17,9.0,78,78,13.8,22.7,1,3600.00,1028.3,1014.0
2025-10-01T17:00,14.1,0.00,54,5.1,11.6,0.00,0.00,0.00,1,34,4,29,16,8.7,81,82,16.8,19.8,1,3600.00,1028.5,1014.2
2025-10-01T18:00,11.9,0.00,64,5.2,9.5,0.00,0.00,0.00,0,7,1,2,5,7.8,77,75,19.0,19.1,1,1969.39,1028.9,1014.5
2025-10-01T19:00,11.0,0.00,66,5.0,8.5,0.00,0.00,0.00,0,2,0,0,2,8.8,63,59,21.1,16.9,0,0.00,1029.4,1014.9
2025-10-01T20:00,10.1,0.00,69,4.6,7.4,0.00,0.00,0.00,0,1,0,0,1,9.0,67,64,22.1,19.1,0,0.00,1029.7,1015.2
2025-10-01T21:00,9.6,0.00,71,4.5,7.0,0.00,0.00,0.00,0,2,0,1,2,8.7,74,69,21.9,18.0,0,0.00,1029.7,1015.1
2025-10-01T22:00,9.1,0.00,72,4.4,6.5,0.00,0.00,0.00,0,2,0,2,1,9.0,85,80,21.9,18.0,0,0.00,1029.8,1015.2
2025-10-01T23:00,8.7,0.00,74,4.3,5.9,0.00,0.00,0.00,0,0,0,0,0,9.7,92,88,23.1,19.4,0,0.00,1029.7,1015.1
2025-10-02T00:00,8.4,0.00,75,4.2,5.5,0.00,0.00,0.00,0,0,0,0,0,10.4,92,88,24.0,20.9,0,0.00,1029.6,1015.0
2025-10-02T01:00,7.5,0.00,76,3.6,4.5,0.00,0.00,0.00,0,0,0,0,0,10.1,90,91,23.8,22.0,0,0.00,1029.8,1015.1
2025-10-02T02:00,7.1,0.00,78,3.5,4.2,0.00,0.00,0.00,0,0,0,0,0,9.6,93,95,23.4,20.5,0,0.00,1029.7,1015.0
2025-10-02T03:00,6.8,0.00,80,3.6,3.9,0.00,0.00,0.00,0,0,0,0,0,9.4,96,98,22.6,20.2,0,0.00,1029.5,1014.8
2025-10-02T04:00,6.4,0.00,82,3.6,3.7,0.00,0.00,0.00,0,0,0,0,0,8.5,95,95,21.2,19.4,0,0.00,1029.6,1014.9
2025-10-02T05:00,6.1,0.00,84,3.5,3.6,0.00,0.00,0.00,0,0,0,0,0,6.7,92,87,18.7,17.3,0,0.00,1029.7,1015.0
2025-10-02T06:00,5.6,0.00,85,3.3,3.2,0.00,0.00,0.00,0,0,0,0,0,5.7,88,81,17.1,14.0,0,0.00,1029.8,1015.0
2025-10-02T07:00,5.1,0.00,89,3.4,2.8,0.00,0.00,0.00,0,0,0,0,0,4.7,91,81,15.8,11.9,1,0.00,1030.3,1015.5
2025-10-02T08:00,7.1,0.00,84,4.7,4.6,0.00,0.00,0.00,0,0,0,0,0,8.1,98,96,20.0,15.8,1,3600.00,1030.4,1015.7
2025-10-02T09:00,9.2,0.00,77,5.4,6.7,0.00,0.00,0.00,0,0,0,0,0,9.2,99,102,15.5,22.3,1,3600.00,1030.5,1015.9
2025-10-02T10:00,10.9,0.00,72,6.0,8.7,0.00,0.00,0.00,0,0,0,0,0,8.3,102,104,12.5,22.7,1,3600.00,1030.7,1016.2
2025-10-02T11:00,12.4,0.00,65,5.9,10.1,0.00,0.00,0.00,0,0,0,0,0,8.2,107,109,11.8,22.3,1,3600.00,1030.1,1015.7
2025-10-02T12:00,13.4,0.00,59,5.5,11.2,0.00,0.00,0.00,0,0,0,0,0,8.6,107,110,12.2,23.0,1,3600.00,1029.5,1015.1
2025-10-02T13:00,14.3,0.00,54,5.1,12.2,0.00,0.00,0.00,0,8,0,0,8,8.2,109,112,11.2,23.8,1,3600.00,1028.6,1014.3
2025-10-02T14:00,15.0,0.00,50,4.7,12.2,0.00,0.00,0.00,2,55,0,0,55,10.7,113,115,14.9,25.9,1,3600.00,1028.2,1013.9
2025-10-02T15:00,14.9,0.00,50,4.7,12.0,0.00,0.00,0.00,3,91,5,0,91,11.3,113,115,16.3,26.3,1,3600.00,1027.6,1013.3
2025-10-02T16:00,14.6,0.00,53,5.0,11.8,0.00,0.00,0.00,3,84,23,0,79,10.2,113,114,15.2,25.9,1,3600.00,1027.4,1013.1
2025-10-02T17:00,13.6,0.00,61,6.2,11.8,0.00,0.00,0.00,0,13,13,0,0,6.1,109,109,13.5,22.3,1,3600.00,1027.1,1012.8
2025-10-02T18:00,11.9,0.00,64,5.4,9.6,0.00,0.00,0.00,0,0,0,0,0,8.2,93,80,20.0,15.5,1,1837.51,1026.9,1012.5
2025-10-02T19:00,11.1,0.00,66,4.9,8.4,0.00,0.00,0.00,0,0,0,0,0,9.9,90,85,23.4,20.2,0,0.00,1026.9,1012.5
2025-10-02T20:00,10.3,0.00,68,4.7,7.5,0.00,0.00,0.00,0,0,0,0,0,10.3,91,83,24.5,20.9,0,0.00,1027.0,1012.5
2025-10-02T21:00,9.7,0.00,70,4.5,6.7,0.00,0.00,0.00,0,0,0,0,0,11.0,100,94,25.6,22.3,0,0.00,1027.0,1012.5
2025-10-02T22:00,9.2,0.00,72,4.3,6.2,0.00,0.00,0.00,0,0,0,0,0,10.9,104,99,25.6,23.8,0,0.00,1026.8,1012.3
2025-10-02T23:00,8.5,0.00,75,4.2,5.6,0.00,0.00,0.00,0,0,0,0,0,10.3,109,102,24.3,22.7,0,0.00,1026.4,1011.8
2025-10-03T00:00,7.9,0.00,77,4.1,4.9,0.00,0.00,0.00,0,0,0,0,0,10.4,110,101,24.1,21.6,0,0.00,1025.9,1011.3
2025-10-03T01:00,7.2,0.00,78,3.6,4.0,0.00,0.00,0.00,0,0,0,0,0,11.7,109,101,25.7,23.0,0,0.00,1025.6,1011.0
2025-10-03T02:00,6.6,0.00,79,3.3,3.4,0.00,0.00,0.00,0,16,16,0,0,11.1,108,103,25.8,24.1,0,0.00,1025.3,1010.7
2025-10-03T03:00,6.1,0.00,81,3.1,2.9,0.00,0.00,0.00,1,27,27,0,0,11.1,112,106,25.4,23.0,0,0.00,1025.1,1010.4
2025-10-03T04:00,5.8,0.00,82,2.9,2.5,0.00,0.00,0.00,3,100,100,0,0,10.9,111,106,24.7,23.4,0,0.00,1025.0,1010.3
2025-10-03T05:00,5.5,0.00,83,2.8,2.2,0.00,0.00,0.00,3,100,100,0,0,11.2,112,106,25.0,22.3,0,0.00,1024.7,1010.0
2025-10-03T06:00,5.5,0.00,82,2.7,2.0,0.00,0.00,0.00,3,100,100,4,0,12.4,111,106,27.4,26.3,0,0.00,1024.1,1009.4
2025-10-03T07:00,5.8,0.00,83,3.1,2.3,0.00,0.00,0.00,3,100,100,54,0,13.1,112,108,27.4,26.6,1,0.00,1024.5,1009.8
2025-10-03T08:00,6.9,0.00,80,3.6,3.7,0.00,0.00,0.00,3,100,100,100,0,11.8,115,111,26.7,27.0,1,2248.47,1024.8,1010.2
2025-10-03T09:00,8.0,0.00,79,4.5,4.9,0.00,0.00,0.00,3,100,100,20,0,12.0,118,109,35.4,26.6,1,0.00,1024.1,1009.5
2025-10-03T10:00,9.2,0.00,73,4.7,6.2,0.00,0.00,0.00,3,100,100,98,0,11.8,115,113,20.9,26.3,1,0.00,1024.0,1009.5
2025-10-03T11:00,10.8,0.00,66,4.8,7.6,0.00,0.00,0.00,3,100,100,100,0,13.0,118,114,20.8,30.6,1,79.68,1023.2,1008.8
2025-10-03T12:00,11.4,0.00,66,5.3,8.5,0.00,0.00,0.00,3,100,100,100,0,11.9,121,120,18.5,29.9,1,0.00,1022.7,1008.3
2025-10-03T13:00,13.7,0.00,60,6.1,11.0,0.00,0.00,0.00,3,100,100,100,0,11.6,130,129,17.1,27.4,1,0.00,1021.8,1007.6
2025-10-03T14:00,13.6,0.00,61,6.3,11.2,0.00,0.00,0.00,3,100,100,100,0,10.3,131,131,16.3,25.6,1,0.00,1021.2,1007.0
2025-10-03T15:00,13.3,0.00,66,7.1,11.7,0.00,0.00,0.00,3,100,100,89,0,5.6,143,147,12.9,22.7,1,0.00,1020.8,1006.6
2025-10-03T16:00,14.2,0.00,60,6.6,12.3,0.00,0.00,0.00,3,100,100,86,0,7.1,148,150,11.2,16.2,1,1691.71,1020.0,1005.8
2025-10-03T17:00,13.3,0.00,71,8.0,12.2,0.00,0.00,0.00,3,100,100,100,0,3.6,153,160,9.9,15.5,1,958.50,1019.7,1005.5
2025-10-03T18:00,12.1,0.00,75,7.8,11.0,0.00,0.00,0.00,3,100,100,85,0,4.0,156,150,10.8,7.9,1,0.00,1019.2,1004.9
2025-10-03T19:00,12.4,0.00,72,7.5,10.3,0.00,0.00,0.00,3,100,100,99,0,10.0,135,126,20.7,15.5,0,0.00,1018.9,1004.6
2025-10-03T20:00,11.7,0.00,75,7.5,9.6,0.00,0.00,0.00,3,100,100,67,0,9.4,141,138,21.6,20.5,0,0.00,1018.4,1004.1
2025-10-03T21:00,11.2,0.00,77,7.3,9.4,0.00,0.00,0.00,3,100,100,83,0,7.3,146,142,18.3,19.8,0,0.00,1018.1,1003.8
2025-10-03T22:00,10.9,0.00,78,7.2,9.0,0.00,0.00,0.00,3,100,100,89,0,7.7,163,150,17.9,15.5,0,0.00,1017.6,1003.3
2025-10-03T23:00,10.6,0.00,80,7.3,8.8,0.00,0.00,0.00,3,100,100,88,0,7.2,178,152,15.3,16.6,0,0.00,1016.6,1002.3
2025-10-04T00:00,10.3,0.00,81,7.2,8.6,0.00,0.00,0.00,3,100,100,100,0,7.0,189,148,15.3,15.1,0,0.00,1016.3,1002.0
2025-10-04T01:00,10.6,0.10,83,7.8,8.6,0.10,0.00,0.00,51,100,100,100,0,9.7,181,152,18.7,18.4,0,0.00,1015.3,1001.0
2025-10-04T02:00,10.6,0.30,83,7.9,8.6,0.30,0.00,0.00,51,100,100,100,18,10.1,182,155,20.0,20.5,0,0.00,1014.2,999.9
2025-10-04T03:00,10.6,0.30,85,8.1,8.3,0.30,0.00,0.00,51,100,100,100,100,12.6,174,152,23.7,24.8,0,0.00,1012.8,998.5
2025-10-04T04:00,10.6,0.30,85,8.1,8.3,0.30,0.00,0.00,51,100,59,100,100,12.7,169,148,24.0,25.6,0,0.00,1011.8,997.5
2025-10-04T05:00,10.6,0.20,87,8.5,8.4,0.20,0.00,0.00,51,100,99,39,100,12.1,176,150,22.7,25.2,0,0.00,1010.6,996.4
2025-10-04T06:00,11.4,0.00,87,9.4,9.2,0.00,0.00,0.00,3,100,77,61,100,13.8,192,172,26.8,28.4,0,0.00,1009.2,995.0
2025-10-04T07:00,11.8,0.00,89,10.1,9.8,0.00,0.00,0.00,3,100,5,100,100,13.8,201,187,27.6,32.0,1,0.00,1008.3,994.2
2025-10-04T08:00,13.5,0.00,87,11.4,11.5,0.00,0.00,0.00,3,100,0,5,100,16.7,208,201,32.0,35.3,1,0.00,1006.9,992.9
2025-10-04T09:00,15.0,1.50,83,12.1,12.4,1.50,0.00,0.00,61,100,66,49,100,22.4,214,213,39.4,46.8,1,0.00,1005.4,991.5
2025-10-04T10:00,15.9,0.70,82,12.7,13.4,0.70,0.00,0.00,53,100,90,27,100,22.6,211,208,39.4,50.0,1,0.00,1003.8,989.9
2025-10-04T11:00,17.1,0.00,78,13.2,14.4,0.00,0.00,0.00,3,100,63,44,100,24.9,215,213,42.1,54.4,1,0.00,1002.5,988.7
2025-10-04T12:00,17.4,0.70,80,14.0,15.1,0.70,0.00,0.00,53,100,100,100,100,25.0,220,219,42.2,64.4,1,0.00,1001.4,987.6
2025-10-04T13:00,15.2,3.10,93,14.1,13.0,3.10,0.00,0.00,63,100,22,100,100,24.1,260,260,40.8,64.4,1,0.00,1002.5,988.6
2025-10-04T14:00,13.8,2.40,94,12.9,12.6,2.40,0.00,0.00,61,100,2,100,13,14.6,290,286,26.4,49.0,1,0.00,1003.9,989.9
2025-10-04T15:00,13.1,0.90,88,11.2,11.0,0.90,0.00,0.00,53,100,0,100,2,16.8,260,255,27.6,34.2,1,0.00,1005.0,991.0
2025-10-04T16:00,12.3,0.40,88,10.4,10.2,0.40,0.00,0.00,51,71,0,66,35,15.3,236,228,26.4,34.2,1,0.00,1005.2,991.1
2025-10-04T17:00,11.7,0.40,89,9.9,8.7,0.40,0.00,0.00,51,66,0,55,27,20.6,245,247,34.8,44.6,1,3600.00,1006.1,992.0
2025-10-04T18:00,11.7,0.60,80,8.4,8.3,0.60,0.00,0.00,53,15,0,3,13,20.0,256,253,35.2,50.8,0,178.71,1007.1,993.0
2025-10-04T19:00,11.2,0.00,70,6.0,7.0,0.00,0.00,0.00,0,5,0,0,5,21.8,259,257,38.9,47.9,0,0.00,1008.3,994.1
2025-10-04T20:00,10.8,0.00,69,5.4,7.4,0.00,0.00,0.00,0,15,0,1,14,15.4,242,238,29.3,47.2,0,0.00,1009.6,995.4
2025-10-04T21:00,10.5,0.10,70,5.3,6.9,0.10,0.00,0.00,51,19,0,9,13,16.8,231,228,31.2,34.9,0,0.00,1010.7,996.5
2025-10-04T22:00,10.4,0.00,73,5.7,6.3,0.00,0.00,0.00,2,53,27,14,34,20.8,234,233,36.7,44.6,0,0.00,1011.1,996.8
2025-10-04T23:00,10.0,0.00,77,6.1,5.8,0.00,0.00,0.00,2,74,54,53,8,22.3,236,234,38.8,48.6,0,0.00,1011.2,996.9
2025-10-05T00:00,9.7,0.00,79,6.3,5.8,0.00,0.00,0.00,2,61,0,22,51,20.7,240,237,36.6,49.0,0,0.00,1011.5,997.2
2025-10-05T01:00,9.6,0.10,82,6.7,6.0,0.10,0.00,0.00,51,79,2,65,41,19.3,239,235,34.2,45.0,0,0.00,1012.3,998.0
2025-10-05T02:00,9.5,0.10,81,6.5,5.8,0.10,0.00,0.00,51,99,98,96,61,19.2,242,238,33.8,42.5,0,0.00,1012.5,998.2
2025-10-05T03:00,9.7,0.00,80,6.4,6.1,0.00,0.00,0.00,3,80,52,44,49,18.2,238,235,32.2,41.8,0,0.00,1012.2,997.9
2025-10-05T04:00,9.5,0.00,81,6.4,6.1,0.00,0.00,0.00,3,93,84,5,56,16.6,234,230,29.9,40.0,0,0.00,1012.3,998.0
2025-10-05T05:00,9.4,0.10,82,6.5,6.1,0.10,0.00,0.00,51,100,8,5,100,16.4,229,225,29.5,35.6,0,0.00,1012.4,998.1
2025-10-05T06:00,9.8,0.20,81,6.7,6.4,0.20,0.00,0.00,51,100,34,31,100,17.3,229,225,30.2,37.4,0,0.00,1012.5,998.2
2025-10-05T07:00,9.2,0.30,90,7.6,6.1,0.30,0.00,0.00,51,93,61,43,77,17.0,221,217,30.4,37.8,1,0.00,1013.0,998.7
2025-10-05T08:00,9.9,0.00,86,7.7,6.5,0.00,0.00,0.00,3,91,66,45,64,19.3,223,222,32.2,40.3,1,0.00,1013.6,999.3
2025-10-05T09:00,10.3,0.10,86,8.0,6.9,0.10,0.00,0.00,51,77,13,55,57,19.2,224,225,31.7,42.1,1,3138.65,1014.1,999.8
2025-10-05T10:00,11.1,0.10,84,8.5,8.0,0.10,0.00,0.00,51,100,2,52,100,18.3,228,227,29.0,42.5,1,3600.00,1014.5,1000.2
2025-10-05T11:00,11.4,0.30,86,9.2,8.3,0.30,0.00,0.00,51,48,0,18,43,19.9,238,237,30.6,43.9,1,348.73,1014.2,1000.0
2025-10-05T12:00,13.0,0.10,71,7.9,9.2,0.10,0.00,0.00,51,31,0,22,14,22.0,257,256,33.8,54.0,1,3600.00,1014.1,999.9
2025-10-05T13:00,13.2,0.10,67,7.2,9.7,0.10,0.00,0.00,51,98,0,98,52,19.0,257,255,28.9,52.9,1,3600.00,1014.6,1000.4
2025-10-05T14:00,11.8,2.60,81,8.6,9.1,2.60,0.00,0.00,63,88,0,86,29,15.7,254,252,25.1,49.3,1,344.94,1015.2,1001.0
2025-10-05T15:00,12.8,0.00,68,7.0,9.7,0.00,0.00,0.00,1,33,0,29,25,16.3,264,263,25.5,40.3,1,3600.00,1015.5,1001.3
2025-10-05T16:00,13.4,0.00,61,6.0,10.0,0.00,0.00,0.00,2,64,0,55,40,16.4,270,269,25.7,41.0,1,3600.00,1015.7,1001.5
2025-10-05T17:00,12.5,0.00,65,6.1,9.6,0.00,0.00,0.00,3,95,71,82,19,13.4,275,274,24.6,38.9,1,3600.00,1016.5,1002.3
2025-10-05T18:00,11.6,0.00,68,6.0,8.7,0.00,0.00,0.00,3,100,99,100,20,13.0,273,271,25.2,29.2,0,0.00,1017.4,1003.1
2025-10-05T19:00,11.3,0.00,76,7.1,8.6,0.00,0.00,0.00,3,100,98,100,1,12.9,268,263,24.1,31.3,0,0.00,1018.4,1004.1
2025-10-05T20:00,11.1,0.00,76,7.0,8.3,0.00,0.00,0.00,3,91,23,88,9,13.6,268,265,25.9,29.2,0,0.00,1019.1,1004.8
2025-10-05T21:00,10.5,0.00,78,6.8,7.8,0.00,0.00,0.00,2,75,1,74,8,13.0,270,268,25.0,29.5,0,0.00,1019.9,1005.5
2025-10-05T22:00,10.3,0.00,78,6.6,7.6,0.00,0.00,0.00,3,100,0,100,19,12.1,273,268,24.0,27.7,0,0.00,1020.5,1006.1
2025-10-05T23:00,10.6,0.00,76,6.6,8.1,0.00,0.00,0.00,3,100,0,100,19,11.2,265,259,22.2,25.9,0,0.00,1020.8,1006.4
2025-10-06T00:00,10.4,0.00,77,6.6,8.0,0.00,0.00,0.00,3,99,0,99,22,10.6,256,249,21.1,24.5,0,0.00,1021.2,1006.8
2025-10-06T01:00,10.1,0.00,81,6.9,7.7,0.00,0.00,0.00,2,52,21,30,16,11.0,274,270,22.7,23.0,0,0.00,1021.6,1007.2
2025-10-06T02:00,9.4,0.20,86,7.1,7.5,0.20,0.00,0.00,51,95,86,61,11,7.8,268,261,19.5,23.0,0,0.00,1021.8,1007.3
2025-10-06T03:00,8.7,0.20,89,7.0,7.1,0.20,0.00,0.00,51,100,100,27,31,5.5,261,243,17.0,17.3,0,0.00,1022.0,1007.5
2025-10-06T04:00,8.8,0.00,90,7.3,7.0,0.00,0.00,0.00,3,100,100,100,99,7.2,241,219,18.4,15.1,0,0.00,1022.2,1007.7
2025-10-06T05:00,9.4,0.20,90,7.9,7.3,0.20,0.00,0.00,51,100,93,99,73,10.1,231,215,20.4,20.2,0,0.00,1022.7,1008.2
2025-10-06T06:00,9.1,0.30,92,7.8,7.1,0.30,0.00,0.00,51,96,41,95,23,9.7,239,225,19.4,20.9,0,0.00,1023.4,1008.9
2025-10-06T07:00,9.4,0.10,93,8.4,7.8,0.10,0.00,0.00,51,100,80,100,22,8.2,244,221,16.8,19.8,1,0.00,1024.0,1009.5
2025-10-06T08:00,10.0,0.00,92,8.7,8.3,0.00,0.00,0.00,3,100,34,100,25,9.3,238,224,17.2,18.7,1,0.00,1024.3,1009.8
2025-10-06T09:00,10.6,0.00,90,9.0,8.8,0.00,0.00,0.00,3,100,68,100,30,9.9,239,228,17.7,20.5,1,0.00,1024.9,1010.5
2025-10-06T10:00,10.9,0.10,90,9.3,9.0,0.10,0.00,0.00,51,100,56,100,23,11.2,239,233,19.8,23.0,1,0.00,1025.4,1011.0
2025-10-06T11:00,12.0,0.00,87,10.0,10.1,0.00,0.00,0.00,3,100,63,100,16,13.1,235,234,20.3,29.2,1,0.00,1025.4,1011.0
2025-10-06T12:00,12.6,0.10,81,9.5,10.1,0.10,0.00,0.00,51,99,91,88,39,16.3,250,252,24.9,34.9,1,0.00,1025.3,1011.0
2025-10-06T13:00,13.8,0.30,73,9.1,11.1,0.30,0.00,0.00,51,100,95,100,72,17.3,268,268,25.8,38.9,1,3600.00,1025.0,1010.7
2025-10-06T14:00,13.8,0.10,72,8.8,11.3,0.10,0.00,0.00,51,100,91,100,44,15.1,272,273,23.4,37.4,1,0.00,1025.2,1010.9
2025-10-06T15:00,13.0,0.30,77,9.1,11.1,0.30,0.00,0.00,51,100,93,100,100,11.2,265,265,19.7,33.1,1,0.00,1025.0,1010.7
2025-10-06T16:00,11.9,1.10,93,10.8,10.8,1.10,0.00,0.00,55,100,88,100,100,8.7,257,256,18.5,23.4,1,0.00,1025.1,1010.7
2025-10-06T17:00,11.6,0.80,96,11.0,10.8,0.80,0.00,0.00,53,100,17,100,100,7.7,247,237,16.9,18.0,1,0.00,1025.3,1010.9
2025-10-06T18:00,11.3,0.50,96,10.8,10.5,0.50,0.00,0.00,53,100,4,100,100,6.9,246,233,16.7,15.8,0,0.00,1025.5,1011.1
2025-10-06T19:00,11.0,0.10,96,10.4,9.7,0.10,0.00,0.00,51,100,0,100,100,9.7,246,239,19.2,15.5,0,0.00,1026.3,1011.9
2025-10-06T20:00,10.9,0.10,97,10.4,9.9,0.10,0.00,0.00,51,100,0,100,100,7.3,245,234,16.9,19.1,0,0.00,1026.6,1012.2
2025-10-06T21:00,10.8,0.40,98,10.5,10.0,0.40,0.00,0.00,51,100,0,100,100,6.5,240,222,15.2,15.1,0,0.00,1026.9,1012.4
2025-10-06T22:00,10.7,0.10,98,10.5,9.9,0.10,0.00,0.00,51,100,0,100,58,6.5,233,212,14.8,13.7,0,0.00,1026.9,1012.4
2025-10-06T23:00,10.7,0.00,98,10.4,9.9,0.00,0.00,0.00,3,100,0,80,100,6.3,227,198,13.4,13.3,0,0.00,1026.7,1012.2
2025-10-07T00:00,10.7,0.00,98,10.5,10.0,0.00,0.00,0.00,3,100,0,98,100,6.1,217,185,12.1,12.2,0,0.00,1026.5,1012.0
2025-10-07T01:00,10.8,0.00,98,10.6,10.1,0.00,0.00,0.00,3,100,0,100,100,6.0,210,183,11.9,11.5,0,0.00,1026.6,1012.1
2025-10-07T02:00,10.8,0.00,98,10.6,10.1,0.00,0.00,0.00,3,100,0,100,100,6.0,211,187,12.2,11.5,0,0.00,1026.4,1012.0
2025-10-07T03:00,10.8,0.00,99,10.6,10.2,0.00,0.00,0.00,3,100,0,100,100,4.9,218,186,10.3,11.5,0,0.00,1026.1,1011.7
2025-10-07T04:00,10.9,0.00,99,10.7,10.5,0.00,0.00,0.00,3,100,0,100,100,4.0,217,175,7.8,9.0,0,0.00,1026.2,1011.8
2025-10-07T05:00,10.9,0.00,98,10.7,10.5,0.00,0.00,0.00,3,100,0,100,100,4.4,211,171,8.0,8.3,0,0.00,1026.0,1011.6
2025-10-07T06:00,11.0,0.00,99,10.8,10.5,0.00,0.00,0.00,3,100,0,80,100,4.5,210,178,9.0,8.6,0,0.00,1026.1,1011.7
2025-10-07T07:00,11.2,0.00,99,11.0,10.5,0.00,0.00,0.00,3,100,0,6,100,6.6,214,196,12.6,9.4,1,0.00,1026.7,1012.3
2025-10-07T08:00,11.5,0.00,97,11.1,10.8,0.00,0.00,0.00,3,100,0,0,100,6.8,211,207,9.4,14.4,1,0.00,1027.0,1012.6
2025-10-07T09:00,12.2,0.00,96,11.5,11.8,0.00,0.00,0.00,3,100,0,0,100,5.7,213,212,7.3,14.8,1,0.00,1027.4,1013.0
2025-10-07T10:00,12.8,0.00,94,11.8,12.5,0.00,0.00,0.00,3,100,0,2,100,5.5,209,207,6.6,14.4,1,0.00,1027.5,1013.1
2025-10-07T11:00,13.7,0.00,89,11.9,13.5,0.00,0.00,0.00,3,100,95,1,100,5.2,223,221,6.9,14.8,1,0.00,1027.4,1013.1
2025-10-07T12:00,14.6,0.00,83,11.7,14.5,0.00,0.00,0.00,3,100,100,2,100,4.7,237,238,6.2,14.8,1,0.00,1027.3,1013.0
2025-10-07T13:00,14.7,0.00,83,11.8,14.6,0.00,0.00,0.00,3,100,100,3,100,4.2,229,227,5.7,13.7,1,0.00,1026.9,1012.6
2025-10-07T14:00,15.0,0.00,82,11.9,14.8,0.00,0.00,0.00,3,100,100,2,100,5.1,239,238,6.9,13.3,1,0.00,1026.5,1012.3
2025-10-07T15:00,15.0,0.00,82,11.9,15.0,0.00,0.00,0.00,3,100,82,0,100,4.0,243,240,5.6,13.3,1,0.00,1026.3,1012.1
2025-10-07T16:00,15.0,0.00,82,11.9,15.2,0.00,0.00,0.00,3,100,0,0,100,2.4,217,207,3.6,10.4,1,0.00,1025.6,1011.4
2025-10-07T17:00,14.9,0.00,84,12.2,15.2,0.00,0.00,0.00,0,14,0,9,6,2.3,162,148,4.2,6.8,1,0.00,1025.5,1011.3
2025-10-07T18:00,12.9,0.00,90,11.3,12.8,0.00,0.00,0.00,1,27,4,5,23,3.6,153,120,6.7,6.1,0,299.55,1025.4,1011.1
2025-10-07T19:00,12.0,0.00,94,11.0,11.7,0.00,0.00,0.00,1,34,3,0,32,3.9,145,112,6.6,7.9,0,0.00,1025.9,1011.5
2025-10-07T20:00,12.3,0.00,93,11.2,12.0,0.00,0.00,0.00,1,37,2,0,36,4.3,145,107,7.9,8.6,0,0.00,1025.8,1011.4
2025-10-07T21:00,11.8,0.00,95,10.9,11.5,0.00,0.00,0.00,3,96,94,0,34,4.0,139,100,7.4,8.3,0,0.00,1025.6,1011.2
2025-10-07T22:00,11.6,0.00,95,10.7,11.1,0.00,0.00,0.00,3,95,94,0,7,4.6,112,77,7.2,9.0,0,0.00,1025.3,1010.9
2025-10-07T23:00,10.9,0.00,95,10.2,10.1,0.00,0.00,0.00,2,76,74,7,0,5.8,95,76,8.8,10.8,0,0.00,1024.9,1010.5
2025-10-08T00:00,10.4,0.00,96,9.8,9.5,0.00,0.00,0.00,3,99,99,1,1,5.8,102,86,10.7,11.5,0,0.00,1024.5,1010.1
2025-10-08T01:00,10.1,0.00,95,9.4,9.3,0.00,0.00,0.00,3,100,100,2,5,4.5,106,74,10.7,10.8,0,0.00,1024.6,1010.1
2025-10-08T02:00,10.1,0.00,96,9.5,9.2,0.00,0.00,0.00,3,100,100,5,7,5.2,80,61,9.1,10.4,0,0.00,1024.5,1010.0
2025-10-08T03:00,9.6,0.00,97,9.2,8.6,0.00,0.00,0.00,3,100,100,4,3,5.2,74,74,8.6,10.1,0,0.00,1024.0,1009.5
2025-10-08T04:00,9.2,0.00,98,9.0,8.1,0.00,0.00,0.00,3,100,100,5,6,5.9,95,90,11.0,11.9,0,0.00,1023.3,1008.8
2025-10-08T05:00,9.2,0.00,98,8.9,8.2,0.00,0.00,0.00,3,100,100,22,2,5.2,105,90,12.8,13.0,0,0.00,1022.6,1008.1
2025-10-08T06:00,8.5,0.00,98,8.2,7.5,0.00,0.00,0.00,3,100,99,18,4,3.6,93,72,9.0,10.4,0,0.00,1022.7,1008.2
2025-10-08T07:00,8.5,0.00,98,8.2,7.5,0.00,0.00,0.00,3,100,100,62,9,3.5,76,69,7.6,7.6,1,0.00,1022.8,1008.3
2025-10-08T08:00,10.4,0.00,95,9.6,9.6,0.00,0.00,0.00,3,100,100,96,1,4.8,67,75,7.8,10.8,1,1544.01,1022.9,1008.5
2025-10-08T09:00,12.6,0.00,90,11.1,12.6,0.00,0.00,0.00,3,100,99,88,0,2.5,77,90,8.7,11.2,1,1476.81,1022.7,1008.4
2025-10-08T10:00,14.6,0.00,83,11.7,14.9,0.00,0.00,0.00,3,100,99,91,2,1.6,43,27,2.9,9.4,1,3600.00,1022.8,1008.6
2025-10-08T11:00,16.0,0.00,77,12.0,16.4,0.00,0.00,0.00,3,97,5,97,2,1.6,355,333,2.2,10.4,1,3600.00,1022.4,1008.3
2025-10-08T12:00,16.9,0.00,74,12.3,17.4,0.00,0.00,0.00,3,95,85,61,0,1.8,333,315,2.0,11.2,1,3600.00,1021.9,1007.8
2025-10-08T13:00,17.4,0.00,69,11.7,17.5,0.00,0.00,0.00,3,100,100,2,24,2.5,308,291,3.0,12.6,1,3600.00,1021.4,1007.3
2025-10-08T14:00,17.8,0.00,70,12.2,17.8,0.00,0.00,0.00,3,96,95,2,9,5.0,292,283,6.2,15.8,1,3600.00,1021.0,1007.0
2025-10-08T15:00,17.6,0.00,72,12.4,17.2,0.00,0.00,0.00,3,86,81,11,15,8.0,306,301,10.8,20.5,1,3600.00,1020.9,1006.9
2025-10-08T16:00,16.6,0.00,76,12.4,15.9,0.00,0.00,0.00,1,45,27,18,6,9.7,318,313,13.8,22.3,1,3600.00,1020.9,1006.8
2025-10-08T17:00,15.5,0.00,82,12.4,15.1,0.00,0.00,0.00,2,62,39,38,1,7.9,334,330,14.8,22.3,1,3600.00,1021.0,1006.9
2025-10-08T18:00,14.2,0.00,87,12.0,13.6,0.00,0.00,0.00,2,79,54,48,12,8.3,347,347,18.1,16.6,0,200.49,1021.3,1007.1
2025-10-08T19:00,13.5,0.00,91,12.0,12.6,0.00,0.00,0.00,3,95,83,48,36,9.9,347,345,19.9,18.0,0,0.00,1021.8,1007.5
2025-10-08T20:00,13.5,0.00,91,12.0,12.9,0.00,0.00,0.00,3,95,77,57,51,8.3,1,355,17.5,19.1,0,0.00,1022.2,1007.9
2025-10-08T21:00,13.6,0.00,91,12.1,13.4,0.00,0.00,0.00,3,100,100,47,25,5.7,360,347,13.5,16.2,0,0.00,1022.4,1008.1
2025-10-08T22:00,13.5,0.00,92,12.2,13.5,0.00,0.00,0.00,3,100,100,22,16,4.7,351,332,10.9,11.5,0,0.00,1022.6,1008.3
2025-10-08T23:00,12.9,0.00,94,12.0,12.9,0.00,0.00,0.00,3,92,83,12,51,4.4,345,341,11.4,9.4,0,0.00,1022.8,1008.5
2025-10-09T00:00,13.1,0.00,93,12.1,12.9,0.00,0.00,0.00,3,100,39,4,100,6.1,345,341,13.6,11.9,0,0.00,1022.4,1008.1
2025-10-09T01:00,12.8,0.00,96,12.2,12.2,0.00,0.00,0.00,3,100,0,5,100,8.5,350,343,17.3,15.5,0,0.00,1022.9,1008.6
2025-10-09T02:00,13.0,0.10,96,12.4,12.6,0.10,0.00,0.00,51,100,0,0,100,7.9,1,349,16.0,16.6,0,0.00,1022.8,1008.5
2025-10-09T03:00,12.8,0.00,97,12.3,12.2,0.00,0.00,0.00,3,100,23,0,100,8.5,348,335,16.6,16.2,0,0.00,1022.8,1008.5
2025-10-09T04:00,12.4,0.00,97,12.0,11.8,0.00,0.00,0.00,3,100,0,0,100,8.4,346,332,16.3,17.3,0,0.00,1022.8,1008.5
2025-10-09T05:00,11.9,0.00,97,11.5,11.2,0.00,0.00,0.00,0,13,0,1,13,7.4,346,328,14.7,16.6,0,0.00,1022.9,1008.6
2025-10-09T06:00,11.1,0.00,98,10.7,10.4,0.00,0.00,0.00,0,17,0,1,17,6.0,351,333,14.4,14.8,0,0.00,1023.2,1008.8
2025-10-09T07:00,10.2,0.00,100,10.1,9.7,0.00,0.00,0.00,0,5,0,0,5,3.2,4,341,8.7,12.2,1,0.00,1023.7,1009.3
2025-10-09T08:00,11.3,0.00,97,10.8,10.8,0.00,0.00,0.00,0,12,0,0,12,4.8,1,347,9.7,12.2,1,3067.63,1024.4,1010.0
2025-10-09T09:00,12.9,0.00,92,11.6,12.8,0.00,0.00,0.00,3,95,0,8,95,4.4,351,341,6.0,13.3,1,3600.00,1024.9,1010.6
2025-10-09T10:00,13.9,0.00,86,11.6,13.4,0.00,0.00,0.00,3,100,0,17,100,6.8,344,342,9.3,17.6,1,3600.00,1025.2,1010.9
2025-10-09T11:00,14.3,0.00,84,11.7,13.8,0.00,0.00,0.00,3,100,0,13,100,7.0,344,342,9.7,17.6,1,0.00,1025.4,1011.1
2025-10-09T12:00,14.6,0.00,84,11.9,14.3,0.00,0.00,0.00,3,100,0,39,100,6.0,352,351,8.2,18.0,1,388.08,1025.4,1011.2
2025-10-09T13:00,15.9,0.00,76,11.7,15.6,0.00,0.00,0.00,3,99,0,44,98,5.6,356,353,7.6,16.2,1,2290.45,1025.2,1011.0
2025-10-09T14:00,16.5,0.00,72,11.4,16.0,0.00,0.00,0.00,2,60,0,30,47,6.1,333,330,8.3,15.8,1,3600.00,1025.1,1010.9
2025-10-09T15:00,16.7,0.00,70,11.3,15.9,0.00,0.00,0.00,2,63,0,9,60,7.9,332,330,11.0,19.4,1,3600.00,1024.9,1010.8
2025-10-09T16:00,16.3,0.00,73,11.4,15.5,0.00,0.00,0.00,2,53,0,2,52,8.6,333,330,12.6,20.5,1,3600.00,1025.3,1011.1
2025-10-09T17:00,15.4,0.00,79,11.8,14.9,0.00,0.00,0.00,1,20,0,1,19,7.1,329,324,13.8,19.4,1,3600.00,1025.9,1011.7
2025-10-09T18:00,13.8,0.00,85,11.3,13.4,0.00,0.00,0.00,1,25,0,2,25,5.6,338,335,13.8,14.8,0,196.17,1026.2,1011.9
2025-10-09T19:00,13.3,0.00,89,11.6,13.0,0.00,0.00,0.00,0,2,0,2,1,5.4,348,360,14.7,10.8,0,0.00,1027.0,1012.7
2025-10-09T20:00,13.0,0.00,88,11.0,12.2,0.00,0.00,0.00,0,0,0,0,0,7.2,358,360,17.5,14.4,0,0.00,1027.6,1013.2
2025-10-09T21:00,11.9,0.00,88,9.9,11.2,0.00,0.00,0.00,0,0,0,0,0,4.8,14,13,13.2,14.0,0,0.00,1027.9,1013.5
2025-10-09T22:00,11.3,0.00,88,9.3,9.8,0.00,0.00,0.00,0,5,0,0,5,9.0,356,354,20.0,17.3,0,0.00,1028.9,1014.4
2025-10-09T23:00,10.6,0.00,88,8.7,9.3,0.00,0.00,0.00,0,0,0,0,0,6.8,5,2,17.4,18.0,0,0.00,1029.5,1015.0
2025-10-10T00:00,9.7,0.00,89,7.9,8.5,0.00,0.00,0.00,1,38,38,0,0,4.5,359,355,13.7,13.7,0,0.00,1029.4,1014.9
2025-10-10T01:00,9.1,0.00,89,7.3,7.8,0.00,0.00,0.00,0,0,0,0,0,4.4,349,341,12.8,9.4,0,0.00,1029.6,1015.0
2025-10-10T02:00,8.7,0.00,89,7.0,7.4,0.00,0.00,0.00,0,0,0,0,0,3.8,349,360,11.0,8.6,0,0.00,1029.9,1015.3
2025-10-10T03:00,8.6,0.00,88,6.7,7.6,0.00,0.00,0.00,0,16,16,0,0,1.0,347,59,6.3,7.6,0,0.00,1030.0,1015.4
2025-10-10T04:00,8.2,0.00,88,6.4,7.1,0.00,0.00,0.00,0,14,14,0,0,1.5,340,45,6.7,4.3,0,0.00,1030.5,1015.9
2025-10-10T05:00,7.9,0.00,89,6.2,6.6,0.00,0.00,0.00,3,88,88,0,0,2.3,343,39,8.5,6.1,0,0.00,1030.8,1016.1
2025-10-10T06:00,8.0,0.00,88,6.2,6.9,0.00,0.00,0.00,0,0,0,0,0,0.6,332,72,6.1,5.8,0,0.00,1030.8,1016.1
2025-10-10T07:00,7.7,0.00,91,6.3,6.6,0.00,0.00,0.00,2,60,60,0,1,0.7,338,76,5.2,3.6,1,0.00,1031.6,1016.9
2025-10-10T08:00,9.4,0.00,88,7.5,8.5,0.00,0.00,0.00,3,94,94,0,2,1.4,322,220,5.0,4.3,1,2971.82,1032.1,1017.5
2025-10-10T09:00,11.2,0.00,86,9.0,10.7,0.00,0.00,0.00,3,98,98,0,20,1.6,321,276,3.5,8.6,1,3600.00,1032.9,1018.4
2025-10-10T10:00,12.7,0.00,83,9.9,12.2,0.00,0.00,0.00,3,100,53,0,100,3.3,292,283,4.3,12.2,1,3600.00,1033.2,1018.8
2025-10-10T11:00,13.6,0.00,78,9.8,12.9,0.00,0.00,0.00,3,100,25,0,100,4.5,307,304,6.0,14.8,1,3147.69,1033.2,1018.8
2025-10-10T12:00,14.0,0.00,77,10.0,13.1,0.00,0.00,0.00,3,100,99,0,100,5.7,324,323,7.3,15.8,1,0.00,1033.2,1018.8
2025-10-10T13:00,13.7,0.00,76,9.5,12.8,0.00,0.00,0.00,3,100,100,0,100,5.4,6,360,7.2,16.6,1,0.00,1033.5,1019.1
2025-10-10T14:00,14.0,0.00,74,9.5,13.1,0.00,0.00,0.00,3,100,97,0,100,4.8,358,349,6.3,14.8,1,0.00,1033.5,1019.1
2025-10-10T15:00,14.3,0.00,73,9.6,13.6,0.00,0.00,0.00,3,100,95,0,100,4.1,354,347,5.6,13.3,1,0.00,1033.5,1019.1
2025-10-10T16:00,14.6,0.00,72,9.6,13.8,0.00,0.00,0.00,3,100,87,0,100,4.2,333,324,5.6,11.5,1,946.51,1033.5,1019.1
2025-10-10T17:00,14.0,0.00,79,10.4,13.5,0.00,0.00,0.00,3,87,0,0,87,4.6,309,296,8.3,10.8,1,0.00,1033.5,1019.1
2025-10-10T18:00,12.8,0.00,86,10.5,12.5,0.00,0.00,0.00,1,34,0,0,34,3.4,306,288,8.6,9.7,0,0.00,1033.4,1019.0
2025-10-10T19:00,12.8,0.00,88,10.8,12.5,0.00,0.00,0.00,3,100,0,0,100,3.9,333,332,8.3,6.8,0,0.00,1034.0,1019.5
2025-10-10T20:00,12.1,0.00,91,10.7,11.8,0.00,0.00,0.00,3,96,0,0,96,3.5,359,12,9.0,7.9,0,0.00,1034.2,1019.7
2025-10-10T21:00,11.5,0.00,93,10.4,11.2,0.00,0.00,0.00,1,26,0,0,26,2.8,22,55,6.6,7.2,0,0.00,1034.4,1019.9
2025-10-10T22:00,10.4,0.00,95,9.6,9.8,0.00,0.00,0.00,0,3,0,0,3,3.1,64,77,5.8,6.8,0,0.00,1034.4,1019.8
2025-10-10T23:00,9.6,0.00,95,8.8,8.7,0.00,0.00,0.00,0,3,0,0,3,3.8,112,87,6.4,7.9,0,0.00,1034.2,1019.6
2025-10-11T00:00,9.0,0.00,95,8.2,7.9,0.00,0.00,0.00,0,6,0,0,6,4.4,135,83,8.4,9.0,0,0.00,1034.1,1019.5
2025-10-11T01:00,9.6,0.00,95,8.9,8.9,0.00,0.00,0.00,3,100,0,0,100,2.9,159,97,6.0,10.1,0,0.00,1034.4,1019.8
2025-10-11T02:00,10.3,0.00,94,9.4,9.8,0.00,0.00,0.00,3,95,0,0,95,1.8,166,45,2.2,6.8,0,0.00,1034.5,1019.9
2025-10-11T03:00,10.0,0.00,95,9.2,9.4,0.00,0.00,0.00,3,87,0,0,87,2.7,339,48,3.1,6.5,0,0.00,1034.2,1019.6
2025-10-11T04:00,10.1,0.00,94,9.2,9.6,0.00,0.00,0.00,3,100,0,0,100,2.1,349,70,2.8,6.8,0,0.00,1034.1,1019.5
2025-10-11T05:00,10.5,0.00,94,9.6,10.2,0.00,0.00,0.00,3,100,0,0,100,1.4,337,67,2.7,5.8,0,0.00,1034.1,1019.5
2025-10-11T06:00,10.6,0.00,94,9.7,10.4,0.00,0.00,0.00,3,99,0,0,99,0.6,318,72,2.4,4.0,0,0.00,1033.8,1019.2
2025-10-11T07:00,9.4,0.00,94,8.6,9.0,0.00,0.00,0.00,1,48,0,0,48,0.2,256,90,0.7,2.2,1,0.00,1034.1,1019.5
2025-10-11T08:00,10.3,0.00,93,9.1,9.8,0.00,0.00,0.00,1,34,0,0,34,1.8,198,143,2.3,5.0,1,1548.03,1034.4,1019.8
2025-10-11T09:00,12.0,0.00,88,10.0,11.8,0.00,0.00,0.00,0,12,0,0,12,1.0,207,211,2.0,6.8,1,3600.00,1034.5,1020.0
2025-10-11T10:00,13.8,0.00,82,10.7,13.8,0.00,0.00,0.00,0,2,0,0,2,1.3,270,262,1.3,9.4,1,3600.00,1034.6,1020.2
2025-10-11T11:00,15.3,0.00,76,11.1,15.5,0.00,0.00,0.00,2,63,0,0,63,1.0,352,315,1.3,10.1,1,3600.00,1034.1,1019.8
2025-10-11T12:00,16.3,0.00,72,11.1,16.4,0.00,0.00,0.00,2,73,0,0,73,1.5,15,7,2.1,10.1,1,3600.00,1033.7,1019.4
2025-10-11T13:00,16.1,0.10,75,11.7,15.8,0.10,0.00,0.00,51,100,0,0,100,5.2,348,348,6.8,11.9,1,3600.00,1033.2,1018.9
2025-10-11T14:00,15.6,0.20,80,12.2,15.3,0.20,0.00,0.00,51,100,0,0,100,6.8,350,348,9.9,16.2,1,0.00,1032.8,1018.5
2025-10-11T15:00,15.8,0.10,79,12.2,15.8,0.10,0.00,0.00,51,100,0,0,100,5.1,7,8,7.6,16.2,1,892.07,1032.5,1018.2
2025-10-11T16:00,15.9,0.00,79,12.2,16.2,0.00,0.00,0.00,3,100,0,0,100,2.8,24,27,4.9,11.9,1,0.00,1032.1,1017.8
2025-10-11T17:00,15.5,0.00,85,13.0,16.2,0.00,0.00,0.00,3,97,0,0,97,1.8,354,336,5.1,6.5,1,0.00,1032.0,1017.7
2025-10-11T18:00,14.3,0.00,85,11.9,14.2,0.00,0.00,0.00,3,98,0,0,98,4.7,354,351,11.2,8.6,0,0.00,1031.8,1017.5
2025-10-11T19:00,14.2,0.00,87,12.1,13.6,0.00,0.00,0.00,3,100,0,0,100,7.9,21,17,15.6,13.7,0,0.00,1032.1,1017.7
2025-10-11T20:00,14.1,0.00,86,11.8,13.3,0.00,0.00,0.00,3,100,0,0,100,9.1,41,34,18.9,18.0,0,0.00,1032.2,1017.8
2025-10-11T21:00,13.8,0.00,86,11.4,13.0,0.00,0.00,0.00,3,100,20,0,100,8.4,52,50,18.0,18.4,0,0.00,1032.2,1017.8
2025-10-11T22:00,13.4,0.00,88,11.4,12.8,0.00,0.00,0.00,3,100,7,0,100,6.9,59,51,15.9,16.9,0,0.00,1032.3,1017.9
2025-10-11T23:00,13.0,0.00,89,11.3,12.5,0.00,0.00,0.00,3,100,2,0,100,6.3,54,35,14.5,13.7,0,0.00,1032.1,1017.7
2025-10-12T00:00,12.8,0.00,89,11.1,12.2,0.00,0.00,0.00,3,100,0,0,100,6.1,51,32,14.5,12.6,0,0.00,1031.9,1017.5
2025-10-12T01:00,12.4,0.00,91,10.9,11.7,0.00,0.00,0.00,3,96,0,0,96,7.1,45,30,15.4,12.2,0,0.00,1031.8,1017.4
2025-10-12T02:00,12.5,0.00,88,10.5,11.7,0.00,0.00,0.00,3,98,0,0,98,6.7,52,36,15.3,14.4,0,0.00,1031.2,1016.8
2025-10-12T03:00,12.6,0.00,84,10.0,11.6,0.00,0.00,0.00,3,96,17,0,95,6.6,54,37,15.3,13.7,0,0.00,1030.6,1016.2
2025-10-12T04:00,11.9,0.00,86,9.5,10.6,0.00,0.00,0.00,2,66,0,0,66,7.9,47,33,17.2,15.5,0,0.00,1030.3,1015.8
2025-10-12T05:00,10.9,0.00,90,9.3,9.8,0.00,0.00,0.00,1,44,0,0,44,6.7,50,38,15.7,15.5,0,0.00,1030.1,1015.6
2025-10-12T06:00,10.3,0.00,92,9.1,9.4,0.00,0.00,0.00,1,27,0,0,27,4.8,54,42,13.4,13.0,0,0.00,1029.9,1015.4
2025-10-12T07:00,10.7,0.00,93,9.6,9.7,0.00,0.00,0.00,2,52,0,0,52,5.9,48,31,13.8,9.4,1,0.00,1030.1,1015.6
2025-10-12T08:00,12.0,0.00,90,10.4,11.3,0.00,0.00,0.00,3,100,0,0,100,5.9,54,43,12.6,12.2,1,1891.11,1030.1,1015.7
2025-10-12T09:00,13.8,0.00,83,11.0,13.7,0.00,0.00,0.00,3,97,0,0,97,2.7,31,4,5.2,10.8,1,3600.00,1030.1,1015.7
2025-10-12T10:00,15.0,0.00,75,10.7,14.5,0.00,0.00,0.00,2,77,0,0,77,4.4,2,353,5.9,13.0,1,3600.00,1030.1,1015.8
2025-10-12T11:00,15.7,0.00,68,9.8,14.8,0.00,0.00,0.00,3,100,0,0,100,5.5,357,351,7.4,15.8,1,3600.00,1029.5,1015.2
2025-10-12T12:00,16.1,0.00,65,9.5,15.2,0.00,0.00,0.00,1,27,0,0,27,5.5,351,343,7.3,15.8,1,3600.00,1029.2,1015.0
2025-10-12T13:00,15.5,0.00,66,9.3,14.4,0.00,0.00,0.00,3,92,0,0,92,6.0,349,344,7.9,17.6,1,3600.00,1029.2,1014.9
2025-10-12T14:00,15.7,0.00,65,9.3,14.5,0.00,0.00,0.00,2,52,0,0,52,7.1,345,339,9.5,18.7,1,3600.00,1028.7,1014.5
2025-10-12T15:00,15.6,0.00,66,9.3,14.0,0.00,0.00,0.00,2,66,0,0,66,9.2,349,343,12.7,22.3,1,3600.00,1028.4,1014.2
2025-10-12T16:00,14.8,0.00,68,9.0,13.0,0.00,0.00,0.00,3,98,0,0,98,10.4,351,346,14.9,25.6,1,3600.00,1028.4,1014.1
2025-10-12T17:00,14.0,0.00,73,9.1,12.4,0.00,0.00,0.00,0,0,0,0,0,9.3,346,338,16.9,23.4,1,600.92,1028.3,1014.0
2025-10-12T18:00,12.4,0.00,79,8.8,10.7,0.00,0.00,0.00,0,5,0,0,5,9.2,5,359,19.3,19.8,0,0.00,1028.2,1013.8
2025-10-12T19:00,11.7,0.00,82,8.7,10.3,0.00,0.00,0.00,0,8,0,5,3,7.0,28,23,15.5,18.4,0,0.00,1028.5,1014.1
2025-10-12T20:00,10.8,0.00,85,8.3,9.1,0.00,0.00,0.00,1,21,3,0,18,8.6,38,36,18.6,17.3,0,0.00,1028.7,1014.2
2025-10-12T21:00,10.4,0.00,86,8.2,8.9,0.00,0.00,0.00,0,7,5,2,2,6.9,48,51,16.8,16.6,0,0.00,1028.8,1014.3
2025-10-12T22:00,9.8,0.00,88,7.9,8.5,0.00,0.00,0.00,0,4,0,2,2,4.8,63,65,13.3,14.0,0,0.00,1028.7,1014.2
2025-10-12T23:00,8.9,0.00,91,7.6,7.8,0.00,0.00,0.00,0,4,0,0,4,3.6,71,63,8.9,10.1,0,0.00,1028.3,1013.7
2025-10-13T00:00,8.6,0.00,92,7.4,7.4,0.00,0.00,0.00,3,89,0,1,89,3.6,68,63,6.6,7.9,0,0.00,1028.1,1013.5
2025-10-13T01:00,9.5,0.00,90,8.0,8.5,0.00,0.00,0.00,2,66,0,0,66,3.5,75,66,9.9,9.4,0,0.00,1027.8,1013.3
2025-10-13T02:00,9.9,0.00,89,8.2,8.9,0.00,0.00,0.00,0,14,0,0,14,3.4,79,65,9.4,7.9,0,0.00,1027.5,1013.0
2025-10-13T03:00,9.4,0.00,90,7.9,8.3,0.00,0.00,0.00,2,63,0,0,63,3.7,63,55,9.3,7.6,0,0.00,1027.2,1012.7
2025-10-13T04:00,9.6,0.00,90,8.0,8.5,0.00,0.00,0.00,3,100,0,1,100,4.4,58,60,10.4,9.0,0,0.00,1027.1,1012.6
2025-10-13T05:00,10.5,0.00,87,8.5,9.5,0.00,0.00,0.00,3,100,91,17,100,4.0,61,58,10.5,10.1,0,0.00,1026.9,1012.4
2025-10-13T06:00,10.7,0.00,87,8.6,9.9,0.00,0.00,0.00,3,100,98,19,100,3.2,68,56,9.1,8.6,0,0.00,1026.8,1012.3
2025-10-13T07:00,10.9,0.00,88,8.9,10.2,0.00,0.00,0.00,3,100,100,8,100,2.8,82,50,8.7,7.2,1,0.00,1027.0,1012.5
2025-10-13T08:00,11.4,0.00,85,9.1,10.7,0.00,0.00,0.00,3,100,100,2,100,3.3,75,36,7.6,7.2,1,0.00,1027.0,1012.6
2025-10-13T09:00,12.1,0.00,83,9.3,11.5,0.00,0.00,0.00,3,100,95,1,100,2.7,70,23,5.9,7.6,1,0.00,1027.0,1012.6
2025-10-13T10:00,13.1,0.00,78,9.4,12.5,0.00,0.00,0.00,3,100,37,0,100,2.9,45,30,4.6,9.7,1,0.00,1027.3,1013.0
2025-10-13T11:00,14.2,0.00,76,9.9,13.7,0.00,0.00,0.00,3,100,0,0,100,2.9,13,356,4.1,10.4,1,0.00,1027.2,1012.9
2025-10-13T12:00,15.3,0.00,73,10.4,15.0,0.00,0.00,0.00,3,100,0,0,100,2.4,27,9,3.6,11.2,1,589.94,1027.0,1012.8
2025-10-13T13:00,16.0,0.00,67,9.9,15.1,0.00,0.00,0.00,3,100,0,0,100,5.9,72,72,8.5,9.0,1,3600.00,1026.4,1012.2
2025-10-13T14:00,16.1,0.00,66,9.8,15.0,0.00,0.00,0.00,3,100,0,0,100,6.9,61,59,10.5,15.1,1,0.00,1026.1,1011.9
2025-10-13T15:00,16.2,0.00,66,9.8,15.2,0.00,0.00,0.00,3,100,0,0,100,6.9,74,73,10.7,18.0,1,0.00,1025.9,1011.7
2025-10-13T16:00,16.1,0.00,67,10.0,15.2,0.00,0.00,0.00,3,94,0,0,94,6.5,91,90,10.8,19.1,1,1775.50,1025.6,1011.4
2025-10-13T17:00,15.3,0.00,77,11.3,15.3,0.00,0.00,0.00,3,100,0,0,100,2.8,105,101,7.6,14.0,1,326.56,1025.7,1011.5
2025-10-13T18:00,14.5,0.00,79,10.9,14.6,0.00,0.00,0.00,3,86,0,0,86,1.0,105,68,4.3,5.4,0,0.00,1025.8,1011.5
2025-10-13T19:00,13.4,0.00,85,10.9,13.2,0.00,0.00,0.00,2,63,0,0,63,3.1,47,31,6.4,4.7,0,0.00,1026.0,1011.7
2025-10-13T20:00,12.6,0.00,88,10.7,12.1,0.00,0.00,0.00,0,7,0,0,7,4.9,52,39,10.8,9.4,0,0.00,1026.0,1011.6
2025-10-13T21:00,11.9,0.00,89,10.2,11.2,0.00,0.00,0.00,1,39,0,0,39,5.3,49,52,12.6,10.8,0,0.00,1026.0,1011.6
2025-10-13T22:00,11.9,0.00,90,10.3,11.4,0.00,0.00,0.00,2,51,0,0,51,4.0,58,69,10.6,10.8,0,0.00,1025.9,1011.5
2025-10-13T23:00,10.9,0.00,92,9.7,10.3,0.00,0.00,0.00,0,14,0,0,14,3.5,67,66,8.4,8.3,0,0.00,1025.7,1011.3
2025-10-14T00:00,10.1,0.00,94,9.1,9.2,0.00,0.00,0.00,0,3,0,0,3,4.5,69,61,10.2,9.0,0,0.00,1025.7,1011.2
2025-10-14T01:00,11.0,0.00,93,9.9,10.1,0.00,0.00,0.00,3,90,0,0,90,6.0,72,57,12.5,10.8,0,0.00,1025.6,1011.2
2025-10-14T02:00,11.3,0.00,91,9.8,10.2,0.00,0.00,0.00,1,38,0,0,38,6.8,70,58,16.3,13.3,0,0.00,1025.5,1011.1
2025-10-14T03:00,10.6,0.00,91,9.2,9.5,0.00,0.00,0.00,0,12,0,0,12,5.9,70,63,15.9,13.7,0,0.00,1025.2,1010.8
2025-10-14T04:00,9.7,0.00,93,8.6,8.7,0.00,0.00,0.00,0,7,0,0,7,4.1,80,75,11.9,11.5,0,0.00,1025.2,1010.7
2025-10-14T05:00,8.9,0.00,94,8.0,7.9,0.00,0.00,0.00,1,25,0,0,25,3.1,90,80,7.9,8.3,0,0.00,1025.3,1010.8
2025-10-14T06:00,8.4,0.00,95,7.6,7.3,0.00,0.00,0.00,1,30,0,0,30,2.9,81,60,5.8,6.5,0,0.00,1025.2,1010.6
2025-10-14T07:00,8.6,0.00,98,8.3,7.6,0.00,0.00,0.00,1,44,0,0,44,3.7,49,61,3.3,6.8,1,0.00,1025.3,1010.8
2025-10-14T08:00,10.2,0.00,94,9.2,9.2,0.00,0.00,0.00,1,48,0,0,48,5.3,54,66,6.4,11.9,1,2585.18,1025.7,1011.2
2025-10-14T09:00,12.3,0.00,87,10.3,12.0,0.00,0.00,0.00,1,41,0,0,41,2.6,73,74,6.9,11.9,1,3600.00,1025.7,1011.3
2025-10-14T10:00,14.1,0.00,81,10.8,14.3,0.00,0.00,0.00,1,30,0,0,30,0.4,67,27,1.4,9.4,1,3600.00,1025.9,1011.6
2025-10-14T11:00,15.4,0.00,71,10.1,15.0,0.00,0.00,0.00,1,49,0,0,49,3.1,28,21,4.3,11.5,1,3600.00,1025.5,1011.3
2025-10-14T12:00,16.2,0.00,65,9.6,15.5,0.00,0.00,0.00,3,96,0,0,96,4.5,21,14,6.2,14.0,1,3600.00,1025.2,1011.0
2025-10-14T13:00,16.5,0.00,61,9.1,15.6,0.00,0.00,0.00,3,93,0,0,93,4.5,5,2,6.0,16.2,1,3600.00,1024.9,1010.8
2025-10-14T14:00,16.8,0.00,60,9.1,15.5,0.00,0.00,0.00,3,88,0,0,88,7.1,345,339,9.5,18.0,1,3600.00,1024.6,1010.5
2025-10-14T15:00,16.6,0.00,60,8.8,14.9,0.00,0.00,0.00,2,56,0,0,56,9.8,345,340,13.6,23.8,1,3600.00,1024.4,1010.3
2025-10-14T16:00,16.0,0.00,62,8.7,14.2,0.00,0.00,0.00,0,14,0,0,14,10.4,350,345,16.2,24.8,1,3600.00,1024.2,1010.0
2025-10-14T17:00,14.5,0.00,70,9.1,12.7,0.00,0.00,0.00,0,5,0,0,5,10.3,359,354,20.0,22.3,1,3600.00,1024.3,1010.1
2025-10-14T18:00,12.7,0.00,77,8.7,11.1,0.00,0.00,0.00,0,1,0,0,1,8.8,12,9,19.7,21.6,0,0.00,1024.5,1010.2
2025-10-14T19:00,12.0,0.00,80,8.6,10.4,0.00,0.00,0.00,0,13,0,0,13,8.3,26,27,19.5,17.6,0,0.00,1024.9,1010.5
2025-10-14T20:00,11.4,0.00,82,8.4,9.8,0.00,0.00,0.00,0,15,0,0,15,7.9,39,45,18.4,16.2,0,0.00,1025.1,1010.7
2025-10-14T21:00,11.0,0.00,83,8.2,9.6,0.00,0.00,0.00,0,18,0,0,18,6.6,54,57,17.1,15.5,0,0.00,1025.4,1011.0
2025-10-14T22:00,10.3,0.00,85,8.0,9.1,0.00,0.00,0.00,0,17,0,0,17,4.6,58,48,13.8,13.3,0,0.00,1025.6,1011.1
2025-10-14T23:00,9.5,0.00,89,7.8,8.5,0.00,0.00,0.00,3,92,0,0,92,3.1,45,24,9.2,9.4,0,0.00,1025.8,1011.3
2025-10-15T00:00,10.3,0.00,88,8.4,9.7,0.00,0.00,0.00,3,100,0,0,100,1.1,37,9,5.4,6.8,0,0.00,1025.9,1011.4
2025-10-15T01:00,10.8,0.10,85,8.3,10.2,0.10,0.00,0.00,51,100,0,0,100,1.2,47,51,5.9,4.0,0,0.00,1025.9,1011.5
2025-10-15T02:00,11.4,0.00,86,9.1,11.0,0.00,0.00,0.00,3,100,0,0,100,1.0,45,68,4.1,3.6,0,0.00,1026.0,1011.6
2025-10-15T03:00,11.1,0.00,86,8.8,10.5,0.00,0.00,0.00,3,98,0,1,98,1.8,31,24,4.8,4.0,0,0.00,1025.8,1011.4
2025-10-15T04:00,10.9,0.00,87,8.8,10.1,0.00,0.00,0.00,2,66,7,0,63,3.2,28,16,6.5,6.1,0,0.00,1025.7,1011.3
2025-10-15T05:00,10.1,0.00,90,8.6,9.1,0.00,0.00,0.00,1,27,0,0,27,4.2,32,31,8.1,7.9,0,0.00,1025.7,1011.2
2025-10-15T06:00,8.8,0.00,93,7.8,7.7,0.00,0.00,0.00,0,14,0,0,14,3.5,46,51,6.7,8.3,0,0.00,1025.6,1011.1
2025-10-15T07:00,9.2,0.00,94,8.3,8.1,0.00,0.00,0.00,3,98,0,0,98,4.8,28,42,9.3,8.6,1,0.00,1025.7,1011.2
2025-10-15T08:00,11.0,0.00,90,9.5,10.2,0.00,0.00,0.00,3,90,0,1,90,4.6,45,54,9.7,12.6,1,59.96,1026.1,1011.7
2025-10-15T09:00,12.6,0.00,86,10.4,12.5,0.00,0.00,0.00,1,46,0,0,46,1.4,67,50,5.1,9.7,1,3600.00,1026.2,1011.8
2025-10-15T10:00,14.2,0.00,79,10.7,13.9,0.00,0.00,0.00,1,49,0,0,49,3.1,67,69,4.5,10.4,1,3600.00,1026.3,1012.0
2025-10-15T11:00,15.1,0.20,74,10.6,14.8,0.20,0.00,0.00,51,93,0,4,93,3.6,72,72,5.3,12.2,1,3600.00,1026.0,1011.8
2025-10-15T12:00,15.8,0.00,70,10.2,15.4,0.00,0.00,0.00,2,56,0,17,55,3.2,72,74,4.7,12.2,1,3600.00,1025.7,1011.5
2025-10-15T13:00,15.8,0.00,66,9.4,14.9,0.00,0.00,0.00,1,48,0,3,48,4.9,57,54,6.9,11.9,1,3600.00,1025.4,1011.2
2025-10-15T14:00,16.4,0.00,62,9.0,15.4,0.00,0.00,0.00,1,42,0,0,42,5.3,42,38,7.3,14.4,1,3600.00,1024.9,1010.7
2025-10-15T15:00,16.5,0.00,59,8.5,15.3,0.00,0.00,0.00,3,93,0,0,93,5.6,33,29,7.7,15.1,1,3600.00,1024.6,1010.5
2025-10-15T16:00,16.1,0.00,63,9.0,15.1,0.00,0.00,0.00,3,96,0,1,96,5.2,23,20,8.6,14.8,1,3600.00,1024.4,1010.2
2025-10-15T17:00,15.2,0.00,70,9.7,14.2,0.00,0.00,0.00,3,91,0,0,91,6.3,10,360,13.0,12.6,1,1045.62,1024.5,1010.3
2025-10-15T18:00,13.4,0.00,78,9.7,12.0,0.00,0.00,0.00,1,45,0,0,45,9.6,19,12,19.2,19.1,0,0.00,1024.8,1010.5
2025-10-15T19:00,12.1,0.00,85,9.6,10.6,0.00,0.00,0.00,0,0,0,0,0,9.4,26,20,19.9,19.4,0,0.00,1025.1,1010.7
2025-10-15T20:00,11.3,0.00,87,9.2,9.7,0.00,0.00,0.00,0,1,0,0,1,9.3,27,19,20.6,18.7,0,0.00,1025.2,1010.8
2025-10-15T21:00,10.8,0.00,88,8.9,9.3,0.00,0.00,0.00,0,5,0,0,5,8.0,32,23,18.4,18.4,0,0.00,1025.3,1010.9
2025-10-15T22:00,10.1,0.00,89,8.4,9.0,0.00,0.00,0.00,1,25,0,0,25,4.5,42,37,13.9,15.5,0,0.00,1025.5,1011.0
2025-10-15T23:00,9.2,0.00,92,7.9,8.3,0.00,0.00,0.00,1,47,0,0,47,2.7,72,90,8.3,8.6,0,0.00,1025.5,1011.0
2025-10-16T00:00,8.8,0.00,93,7.7,8.0,0.00,0.00,0.00,3,97,0,0,97,1.8,107,96,4.9,5.4,0,0.00,1025.5,1011.0
2025-10-16T01:00,8.2,0.00,93,7.2,7.0,0.00,0.00,0.00,1,29,0,0,29,3.5,47,51,7.4,4.7,0,0.00,1025.2,1010.6
2025-10-16T02:00,7.8,0.00,93,6.8,6.6,0.00,0.00,0.00,1,32,0,0,32,2.7,39,62,4.9,6.5,0,0.00,1025.0,1010.4
2025-10-16T03:00,7.3,0.00,94,6.4,6.0,0.00,0.00,0.00,1,39,0,0,39,2.8,28,63,4.9,5.4,0,0.00,1024.8,1010.2
2025-10-16T04:00,7.1,0.00,94,6.2,5.7,0.00,0.00,0.00,3,85,0,0,85,3.2,38,71,6.2,6.5,0,0.00,1024.6,1010.0
2025-10-16T05:00,7.3,0.00,93,6.2,5.8,0.00,0.00,0.00,3,90,0,0,90,3.8,48,71,8.0,7.6,0,0.00,1024.5,1009.9
2025-10-16T06:00,7.7,0.00,92,6.5,6.2,0.00,0.00,0.00,3,90,0,0,90,4.1,54,75,10.3,8.6,0,0.00,1024.4,1009.8
2025-10-16T07:00,8.7,0.00,92,7.6,7.7,0.00,0.00,0.00,3,100,0,0,100,2.4,65,107,7.6,8.3,1,0.00,1024.5,1010.0
2025-10-16T08:00,9.8,0.00,89,8.0,9.0,0.00,0.00,0.00,3,100,0,0,100,1.8,65,180,5.6,6.1,1,0.00,1024.8,1010.3
2025-10-16T09:00,10.8,0.00,87,8.7,10.4,0.00,0.00,0.00,3,100,0,0,100,0.7,36,284,3.1,5.8,1,145.60,1025.0,1010.6
2025-10-16T10:00,11.6,0.00,84,9.0,11.1,0.00,0.00,0.00,3,100,0,0,100,1.5,315,277,1.5,7.2,1,0.00,1025.0,1010.6
2025-10-16T11:00,12.7,0.00,79,9.1,12.0,0.00,0.00,0.00,3,100,0,0,100,2.9,321,313,4.0,10.8,1,0.00,1024.8,1010.5
2025-10-16T12:00,13.2,0.10,73,8.6,12.2,0.10,0.00,0.00,51,100,0,0,100,4.5,3,360,6.3,13.0,1,0.00,1024.4,1010.1
2025-10-16T13:00,13.0,0.10,75,8.6,11.7,0.10,0.00,0.00,51,100,0,0,100,6.4,22,16,9.0,13.3,1,2476.58,1024.2,1009.9
2025-10-16T14:00,13.6,0.00,72,8.5,12.3,0.00,0.00,0.00,3,100,0,0,100,5.8,25,20,8.0,16.2,1,496.72,1023.8,1009.5
2025-10-16T15:00,13.8,0.00,70,8.3,12.6,0.00,0.00,0.00,3,100,0,0,100,5.2,25,22,7.3,14.8,1,1152.92,1023.5,1009.2
2025-10-16T16:00,13.8,0.00,69,8.2,12.7,0.00,0.00,0.00,3,100,0,0,100,4.0,15,10,6.2,13.0,1,1265.61,1023.4,1009.1
2025-10-16T17:00,13.4,0.00,74,9.0,12.7,0.00,0.00,0.00,3,99,0,1,99,2.9,348,330,6.8,10.1,1,1149.24,1023.4,1009.1
2025-10-16T18:00,12.3,0.00,81,9.1,11.6,0.00,0.00,0.00,1,22,0,5,19,3.4,343,328,8.5,6.5,0,0.00,1023.4,1009.1
2025-10-16T19:00,10.7,0.00,86,8.5,9.6,0.00,0.00,0.00,1,33,0,2,33,4.8,3,15,11.9,11.2,0,0.00,1023.8,1009.4
2025-10-16T20:00,10.3,0.00,87,8.1,8.8,0.00,0.00,0.00,1,39,0,2,38,6.5,29,39,14.4,12.6,0,0.00,1024.0,1009.6
2025-10-16T21:00,9.5,0.00,88,7.6,8.0,0.00,0.00,0.00,0,12,0,4,9,5.5,40,54,12.7,12.6,0,0.00,1024.1,1009.6
2025-10-16T22:00,8.8,0.00,90,7.2,7.4,0.00,0.00,0.00,3,85,0,7,85,4.8,39,65,10.1,10.8,0,0.00,1024.1,1009.6
2025-10-16T23:00,8.6,0.00,91,7.3,7.4,0.00,0.00,0.00,1,40,0,1,40,3.6,32,70,7.4,9.7,0,0.00,1024.0,1009.5
2025-10-17T00:00,8.5,0.00,92,7.2,7.3,0.00,0.00,0.00,2,70,0,8,70,3.6,11,53,7.7,7.9,0,0.00,1023.7,1009.2
2025-10-17T01:00,9.8,0.00,89,8.1,8.7,0.00,0.00,0.00,1,34,0,20,22,3.6,19,57,9.7,7.2,0,0.00,1023.6,1009.1
2025-10-17T02:00,9.3,0.00,91,7.9,8.3,0.00,0.00,0.00,1,34,0,0,34,2.7,53,94,6.8,7.2,0,0.00,1023.4,1008.9
2025-10-17T03:00,8.7,0.00,93,7.6,7.9,0.00,0.00,0.00,2,64,0,16,64,1.1,66,81,3.1,5.8,0,0.00,1023.1,1008.6
2025-10-17T04:00,8.8,0.00,93,7.8,7.9,0.00,0.00,0.00,3,98,0,19,98,1.7,18,49,3.4,3.6,0,0.00,1023.0,1008.5
2025-10-17T05:00,9.3,0.00,92,8.1,8.4,0.00,0.00,0.00,3,100,0,100,99,2.4,356,13,4.7,4.3,0,0.00,1023.0,1008.5
2025-10-17T06:00,9.4,0.10,92,8.2,8.5,0.10,0.00,0.00,51,100,0,100,38,3.2,355,360,7.8,6.8,0,0.00,1023.0,1008.5
2025-10-17T07:00,9.5,0.20,94,8.6,8.3,0.20,0.00,0.00,51,52,0,43,19,5.1,13,17,12.6,6.5,1,0.00,1023.2,1008.7
2025-10-17T08:00,10.6,0.10,93,9.4,9.6,0.10,0.00,0.00,51,98,0,98,30,5.4,37,37,10.8,10.8,1,100.74,1023.5,1009.1
2025-10-17T09:00,11.8,0.00,91,10.3,11.3,0.00,0.00,0.00,1,46,0,41,9,3.8,25,8,8.4,10.8,1,1794.65,1023.8,1009.4
2025-10-17T10:00,13.2,0.10,83,10.3,12.7,0.10,0.00,0.00,51,40,0,36,6,3.8,23,17,5.5,13.3,1,3600.00,1023.8,1009.5
2025-10-17T11:00,13.9,0.30,77,9.8,13.3,0.30,0.00,0.00,51,63,0,63,2,3.9,35,34,5.7,13.7,1,3600.00,1023.8,1009.5
2025-10-17T12:00,14.5,0.00,70,9.1,13.9,0.00,0.00,0.00,2,71,0,54,37,2.6,32,34,4.0,13.3,1,3600.00,1023.4,1009.2
2025-10-17T13:00,14.4,0.10,70,9.0,13.3,0.10,0.00,0.00,51,79,0,70,61,5.4,349,346,7.5,14.4,1,3600.00,1023.5,1009.3
2025-10-17T14:00,14.7,0.00,66,8.4,13.2,0.00,0.00,0.00,2,74,0,64,66,6.9,341,335,9.9,17.6,1,3600.00,1023.3,1009.1
2025-10-17T15:00,14.7,0.00,61,7.3,12.9,0.00,0.00,0.00,1,37,0,20,22,7.5,338,333,10.7,19.1,1,3600.00,1022.9,1008.7
2025-10-17T16:00,14.3,0.00,65,7.7,12.7,0.00,0.00,0.00,1,21,0,9,13,7.2,332,323,12.2,18.7,1,3600.00,1022.9,1008.7
2025-10-17T17:00,13.0,0.00,73,8.2,11.4,0.00,0.00,0.00,0,16,0,11,9,7.7,331,319,16.2,16.2,1,3532.06,1023.1,1008.8
2025-10-17T18:00,11.5,0.00,79,7.9,9.9,0.00,0.00,0.00,1,23,0,17,8,7.1,348,344,16.2,15.5,0,0.00,1023.4,1009.0
2025-10-17T19:00,11.4,0.00,79,7.9,9.7,0.00,0.00,0.00,1,26,0,16,13,7.6,359,12,17.5,13.7,0,0.00,1023.8,1009.4
2025-10-17T20:00,10.8,0.00,81,7.6,9.3,0.00,0.00,0.00,1,27,0,8,26,5.7,3,24,14.6,14.8,0,0.00,1023.9,1009.5
2025-10-17T21:00,10.2,0.00,82,7.2,8.6,0.00,0.00,0.00,3,93,0,1,93,6.0,356,7,15.5,11.5,0,0.00,1024.3,1009.8
2025-10-17T22:00,10.1,0.00,83,7.3,8.3,0.00,0.00,0.00,0,2,1,0,0,7.1,8,6,17.4,13.7,0,0.00,1024.6,1010.1
2025-10-17T23:00,9.6,0.00,84,7.0,7.8,0.00,0.00,0.00,0,3,0,0,3,6.6,12,16,17.5,13.7,0,0.00,1024.5,1010.0
2025-10-18T00:00,8.9,0.00,86,6.7,7.4,0.00,0.00,0.00,1,32,0,1,32,4.9,14,24,14.8,12.6,0,0.00,1024.5,1010.0
2025-10-18T01:00,10.9,0.00,87,8.8,9.7,0.00,0.00,0.00,1,49,0,30,46,6.4,13,22,15.0,9.4,0,0.00,1024.9,1010.5
2025-10-18T02:00,10.7,0.00,87,8.5,9.5,0.00,0.00,0.00,2,59,0,6,59,5.6,23,33,14.5,12.6,0,0.00,1024.9,1010.5
2025-10-18T03:00,10.0,0.00,87,7.9,8.9,0.00,0.00,0.00,1,24,0,23,5,4.0,23,39,11.5,11.2,0,0.00,1024.7,1010.2
2025-10-18T04:00,8.7,0.00,88,6.8,7.3,0.00,0.00,0.00,1,38,0,37,19,4.0,12,30,10.3,7.6,0,0.00,1024.8,1010.3
2025-10-18T05:00,8.7,0.00,87,6.7,7.1,0.00,0.00,0.00,1,33,0,32,20,4.6,19,36,12.6,8.6,0,0.00,1025.1,1010.6
2025-10-18T06:00,8.9,0.00,86,6.7,7.1,0.00,0.00,0.00,3,100,0,44,100,6.6,34,43,16.5,12.6,0,0.00,1025.6,1011.1
2025-10-18T07:00,9.7,0.00,86,7.6,8.2,0.00,0.00,0.00,3,100,0,79,100,5.7,36,44,14.9,13.7,1,0.00,1025.6,1011.1
2025-10-18T08:00,10.6,0.00,87,8.4,9.3,0.00,0.00,0.00,3,96,0,41,96,5.5,45,49,12.0,12.2,1,0.00,1026.1,1011.6
2025-10-18T09:00,11.7,0.00,83,8.8,10.9,0.00,0.00,0.00,3,88,0,17,88,3.4,65,65,6.4,10.8,1,3600.00,1026.5,1012.1
2025-10-18T10:00,12.8,0.00,77,8.8,11.7,0.00,0.00,0.00,3,88,0,19,88,5.2,90,90,7.6,13.7,1,3600.00,1026.7,1012.3
2025-10-18T11:00,13.7,0.00,68,8.0,12.1,0.00,0.00,0.00,1,32,0,0,32,7.2,94,96,10.5,19.1,1,3600.00,1026.4,1012.1
2025-10-18T12:00,14.6,0.00,59,6.6,12.6,0.00,0.00,0.00,2,61,0,0,61,7.3,96,99,10.1,20.2,1,3600.00,1026.1,1011.8
2025-10-18T13:00,14.3,0.00,58,6.1,12.1,0.00,0.00,0.00,3,100,0,0,100,8.2,107,109,11.3,19.8,1,3600.00,1025.7,1011.4
2025-10-18T14:00,14.3,0.00,57,6.0,12.0,0.00,0.00,0.00,3,100,0,3,100,8.3,107,110,11.7,20.5,1,3600.00,1025.3,1011.0
2025-10-18T15:00,14.0,0.00,56,5.5,11.6,0.00,0.00,0.00,2,67,0,0,67,8.7,106,107,12.0,20.9,1,781.31,1025.0,1010.7
2025-10-18T16:00,13.5,0.00,60,5.9,11.4,0.00,0.00,0.00,1,34,0,0,34,7.6,103,105,13.5,21.2,1,643.50,1024.7,1010.4
2025-10-18T17:00,12.2,0.00,66,6.1,10.2,0.00,0.00,0.00,0,14,14,0,0,6.8,93,92,16.0,16.6,1,3408.92,1024.7,1010.3
2025-10-18T18:00,10.5,0.00,68,4.9,7.7,0.00,0.00,0.00,2,69,69,0,0,11.1,82,78,24.2,21.2,0,0.00,1024.7,1010.3
2025-10-18T19:00,9.8,0.00,69,4.3,6.4,0.00,0.00,0.00,3,99,99,0,0,13.8,74,72,28.3,24.8,0,0.00,1024.7,1010.2
2025-10-18T20:00,8.9,0.00,72,4.1,5.4,0.00,0.00,0.00,3,100,100,0,0,14.3,85,86,29.6,29.2,0,0.00,1024.6,1010.1
2025-10-18T21:00,8.5,0.00,72,3.6,4.7,0.00,0.00,0.00,3,100,100,0,0,15.7,93,91,31.4,32.8,0,0.00,1024.4,1009.9
2025-10-18T22:00,8.0,0.00,71,3.0,3.9,0.00,0.00,0.00,3,100,100,0,0,17.2,98,97,33.3,35.6,0,0.00,1024.3,1009.7
2025-10-18T23:00,7.6,0.00,71,2.7,3.5,0.00,0.00,0.00,3,100,100,0,0,16.6,101,100,32.7,36.7,0,0.00,1023.8,1009.2
2025-10-19T00:00,7.5,0.00,72,2.7,3.4,0.00,0.00,0.00,3,100,100,0,0,16.6,104,102,32.2,35.3,0,0.00,1023.3,1008.7
2025-10-19T01:00,7.4,0.00,73,2.9,3.4,0.00,0.00,0.00,3,100,100,1,0,16.2,109,107,31.2,34.9,0,0.00,1023.0,1008.4
2025-10-19T02:00,7.2,0.00,75,3.1,3.2,0.00,0.00,0.00,3,100,100,5,0,16.0,112,109,30.8,34.2,0,0.00,1022.4,1007.8
2025-10-19T03:00,7.0,0.00,75,3.0,3.1,0.00,0.00,0.00,3,100,100,12,0,15.9,111,108,30.9,33.8,0,0.00,1021.5,1006.9
2025-10-19T04:00,6.9,0.00,75,2.8,3.0,0.00,0.00,0.00,3,100,100,1,0,15.6,112,109,30.4,33.8,0,0.00,1021.0,1006.4
2025-10-19T05:00,6.8,0.00,75,2.6,2.9,0.00,0.00,0.00,3,100,100,0,0,15.4,110,107,30.3,32.8,0,0.00,1020.6,1006.0
2025-10-19T06:00,6.7,0.00,75,2.5,2.8,0.00,0.00,0.00,3,100,100,2,0,14.8,112,108,29.1,32.4,0,0.00,1020.2,1005.6
2025-10-19T07:00,6.2,0.00,80,3.0,2.4,0.00,0.00,0.00,3,100,100,61,0,15.3,112,109,28.8,31.3,1,0.00,1020.0,1005.4
2025-10-19T08:00,6.6,0.00,80,3.4,3.0,0.00,0.00,0.00,3,100,100,66,0,14.4,114,110,27.3,31.3,1,0.00,1019.9,1005.3
2025-10-19T09:00,7.4,0.00,80,4.2,4.2,0.00,0.00,0.00,3,100,100,80,0,12.7,115,111,29.4,30.2,1,0.00,1019.5,1005.0
2025-10-19T10:00,8.8,0.00,77,4.9,5.7,0.00,0.00,0.00,3,100,100,58,0,12.3,115,113,20.6,28.4,1,0.00,1019.1,1004.7
2025-10-19T11:00,10.3,0.00,73,5.7,7.5,0.00,0.00,0.00,3,100,100,90,0,11.3,119,119,17.3,28.4,1,1906.05,1018.4,1004.0
2025-10-19T12:00,11.9,0.00,70,6.5,9.6,0.00,0.00,0.00,3,98,97,93,0,9.9,126,127,14.5,26.3,1,3600.00,1017.5,1003.2
2025-10-19T13:00,12.5,0.00,70,7.2,10.4,0.00,0.00,0.00,3,95,22,93,0,9.1,128,128,13.3,24.8,1,3600.00,1016.4,1002.2
2025-10-19T14:00,13.8,0.00,67,7.7,11.9,0.00,0.00,0.00,3,97,78,88,0,8.9,129,128,12.9,23.4,1,3600.00,1015.5,1001.4
2025-10-19T15:00,14.2,0.00,67,8.2,12.3,0.00,0.00,0.00,3,100,93,98,0,9.5,127,126,14.1,22.3,1,3600.00,1014.5,1000.4
2025-10-19T16:00,13.9,0.00,71,8.8,12.1,0.00,0.00,0.00,3,100,100,100,0,9.9,126,125,17.6,22.3,1,3600.00,1013.8,999.7
2025-10-19T17:00,12.8,0.00,76,8.6,11.0,0.00,0.00,0.00,3,100,99,100,0,9.5,123,117,20.6,20.9,1,83.17,1013.2,999.0
2025-10-19T18:00,11.8,0.00,78,8.1,9.9,0.00,0.00,0.00,3,100,98,99,0,9.6,121,106,21.5,19.4,0,0.00,1012.8,998.6
2025-10-19T19:00,11.4,0.00,78,7.7,9.2,0.00,0.00,0.00,3,100,100,100,0,11.4,112,102,24.7,20.2,0,0.00,1012.7,998.5
2025-10-19T20:00,11.7,0.00,77,7.8,9.4,0.00,0.00,0.00,3,100,87,100,0,11.3,121,108,24.9,23.4,0,0.00,1012.2,998.0
2025-10-19T21:00,11.8,0.00,78,8.1,9.7,0.00,0.00,0.00,3,100,93,100,0,10.5,127,107,22.0,23.4,0,0.00,1011.8,997.6
2025-10-19T22:00,11.7,0.00,80,8.4,9.8,0.00,0.00,0.00,3,100,100,100,0,10.0,127,104,20.2,21.2,0,0.00,1011.4,997.2
2025-10-19T23:00,11.6,0.10,82,8.7,9.6,0.10,0.00,0.00,51,100,94,100,0,11.5,122,104,22.3,22.7,0,0.00,1010.6,996.4
2025-10-20T00:00,11.6,0.00,83,8.8,9.6,0.00,0.00,0.00,3,98,95,58,0,11.6,116,103,23.5,24.5,0,0.00,1009.7,995.5
2025-10-20T01:00,11.6,0.00,83,8.8,9.5,0.00,0.00,0.00,3,100,100,70,0,12.0,114,109,24.3,23.4,0,0.00,1009.6,995.4
2025-10-20T02:00,11.0,0.00,83,8.2,8.9,0.00,0.00,0.00,3,100,100,9,11,11.1,119,112,24.2,24.5,0,0.00,1009.1,994.9
2025-10-20T03:00,10.5,0.00,84,7.8,8.2,0.00,0.00,0.00,3,100,97,100,0,11.3,124,107,23.4,22.7,0,0.00,1008.6,994.4
2025-10-20T04:00,10.7,0.00,83,7.9,8.7,0.00,0.00,0.00,3,100,91,100,0,10.4,124,104,20.9,22.7,0,0.00,1007.5,993.3
2025-10-20T05:00,10.8,0.00,83,8.0,8.9,0.00,0.00,0.00,3,100,94,100,0,9.7,123,105,20.2,20.9,0,0.00,1006.9,992.7
2025-10-20T06:00,11.0,0.00,82,8.1,8.7,0.00,0.00,0.00,3,100,95,99,5,11.8,113,101,23.9,23.8,0,0.00,1006.0,991.8
2025-10-20T07:00,10.6,0.00,86,8.4,8.7,0.00,0.00,0.00,3,100,16,100,4,10.5,118,112,22.4,26.3,1,0.00,1005.8,991.6
2025-10-20T08:00,11.5,0.10,84,8.9,9.7,0.10,0.00,0.00,51,100,91,100,33,10.3,125,109,21.9,22.7,1,0.00,1005.8,991.7
2025-10-20T09:00,11.7,0.80,88,9.7,9.5,0.80,0.00,0.00,53,100,98,100,0,14.2,128,112,25.1,26.3,1,0.00,1005.5,991.4
2025-10-20T10:00,11.4,0.70,94,10.5,9.8,0.70,0.00,0.00,53,100,100,100,0,12.5,126,110,25.0,27.0,1,0.00,1004.9,990.8
2025-10-20T11:00,12.1,0.40,95,11.4,10.8,0.40,0.00,0.00,51,100,100,100,100,11.6,147,134,23.9,25.2,1,0.00,1004.8,990.7
2025-10-20T12:00,12.8,0.50,96,12.1,12.1,0.50,0.00,0.00,53,100,100,100,39,9.7,174,149,20.1,23.4,1,0.00,1004.6,990.6
2025-10-20T13:00,13.3,0.30,95,12.5,12.7,0.30,0.00,0.00,51,100,100,100,17,9.6,168,147,18.4,24.5,1,0.00,1004.2,990.2
2025-10-20T14:00,13.7,0.70,96,13.1,13.5,0.70,0.00,0.00,53,100,100,100,8,8.0,171,144,16.4,19.4,1,0.00,1003.6,989.6
2025-10-20T15:00,14.3,0.10,93,13.2,13.9,0.10,0.00,0.00,51,100,100,24,3,9.4,173,142,16.9,18.4,1,0.00,1002.8,988.9
2025-10-20T16:00,15.3,0.00,90,13.7,15.1,0.00,0.00,0.00,3,100,100,34,0,9.4,191,169,17.8,19.8,1,1407.06,1002.4,988.5
2025-10-20T17:00,14.2,0.00,94,13.3,14.0,0.00,0.00,0.00,3,100,100,92,6,8.7,159,140,17.7,19.4,1,0.00,1002.0,988.1
2025-10-20T18:00,13.5,0.00,95,12.7,13.1,0.00,0.00,0.00,3,100,100,55,4,8.6,160,131,18.6,18.4,0,0.00,1001.7,987.7
2025-10-20T19:00,13.3,0.00,96,12.7,12.6,0.00,0.00,0.00,2,77,74,13,1,10.5,155,129,21.1,17.6,0,0.00,1001.6,987.6
2025-10-20T20:00,12.7,0.00,95,12.0,11.8,0.00,0.00,0.00,3,92,87,34,17,10.8,162,142,23.3,20.9,0,0.00,1001.4,987.4
2025-10-20T21:00,12.7,0.00,94,11.8,11.6,0.00,0.00,0.00,2,56,51,6,9,11.7,163,135,23.2,23.0,0,0.00,1001.1,987.1
2025-10-20T22:00,12.3,0.00,92,11.1,10.9,0.00,0.00,0.00,3,90,88,4,9,11.8,173,147,24.3,23.4,0,0.00,1001.2,987.2
2025-10-20T23:00,11.6,0.00,93,10.6,10.1,0.00,0.00,0.00,3,91,86,57,4,11.7,168,142,23.7,24.1,0,0.00,1000.6,986.6
2025-10-21T00:00,11.5,0.00,93,10.4,10.0,0.00,0.00,0.00,3,100,100,5,8,11.0,182,154,24.0,24.1,0,0.00,1000.6,986.5
2025-10-21T01:00,12.3,0.20,92,11.0,10.6,0.20,0.00,0.00,51,99,98,86,10,13.6,211,200,28.1,28.1,0,0.00,1000.6,986.6
2025-10-21T02:00,12.3,0.40,93,11.1,10.6,0.40,0.00,0.00,51,88,77,41,23,13.6,214,208,27.3,31.7,0,0.00,1000.0,986.0
2025-10-21T03:00,12.0,0.40,95,11.3,10.3,0.40,0.00,0.00,51,88,73,41,37,14.3,219,214,27.9,33.8,0,0.00,1000.1,986.1
2025-10-21T04:00,11.7,2.50,96,11.0,9.6,2.50,0.00,0.00,63,41,0,15,32,16.2,213,212,30.6,35.6,0,0.00,999.9,985.9
2025-10-21T05:00,11.6,0.10,96,11.1,9.6,0.10,0.00,0.00,51,55,0,17,49,16.3,217,213,30.0,36.7,0,0.00,1000.2,986.2
2025-10-21T06:00,11.7,0.10,94,10.8,9.6,0.10,0.00,0.00,51,100,0,21,100,16.0,220,216,29.5,34.6,0,0.00,1000.3,986.3
2025-10-21T07:00,12.1,0.00,95,11.4,10.3,0.00,0.00,0.00,1,38,0,26,20,15.0,214,207,28.2,33.5,1,0.00,1000.6,986.6
2025-10-21T08:00,12.0,0.50,95,11.2,10.3,0.50,0.00,0.00,53,27,0,11,20,14.4,220,213,26.2,36.0,1,1416.34,1001.1,987.1
2025-10-21T09:00,13.0,0.00,91,11.5,11.1,0.00,0.00,0.00,0,16,5,2,10,16.4,216,211,27.2,33.8,1,3600.00,1001.2,987.2
2025-10-21T10:00,14.3,0.00,82,11.3,12.3,0.00,0.00,0.00,3,97,95,11,15,16.1,217,214,25.8,44.3,1,3600.00,1001.3,987.4
2025-10-21T11:00,15.3,0.00,74,10.7,12.8,0.00,0.00,0.00,3,100,100,6,19,18.2,223,221,28.3,45.7,1,3600.00,1001.4,987.5
2025-10-21T12:00,15.8,0.00,70,10.3,12.9,0.00,0.00,0.00,3,99,99,19,25,20.5,225,224,31.2,46.8,1,3600.00,1001.3,987.4
2025-10-21T13:00,15.0,0.30,72,9.9,12.3,0.30,0.00,0.00,51,74,20,55,31,18.7,222,222,28.4,50.8,1,3600.00,1001.7,987.8
2025-10-21T14:00,15.4,0.10,74,10.8,13.7,0.10,0.00,0.00,51,53,27,27,28,13.4,211,209,20.4,40.0,1,3600.00,1001.2,987.3
2025-10-21T15:00,15.4,0.00,76,11.2,14.1,0.00,0.00,0.00,3,89,5,87,22,11.8,209,207,17.9,37.8,1,3600.00,1001.1,987.2
2025-10-21T16:00,14.8,0.10,84,12.1,13.7,0.10,0.00,0.00,51,99,69,50,95,11.6,207,206,18.9,33.5,1,3600.00,1001.0,987.1
2025-10-21T17:00,13.6,0.10,91,12.2,12.4,0.10,0.00,0.00,51,95,74,79,13,13.1,215,205,23.6,33.1,1,327.68,1001.4,987.4
2025-10-21T18:00,13.3,0.00,93,12.1,12.7,0.00,0.00,0.00,3,84,73,37,14,8.6,213,200,18.3,27.4,0,0.00,1001.6,987.6
2025-10-21T19:00,12.8,0.00,94,11.8,12.1,0.00,0.00,0.00,3,98,96,45,9,8.2,199,171,18.3,18.7,0,0.00,1001.4,987.4
2025-10-21T20:00,12.4,0.30,94,11.5,11.6,0.30,0.00,0.00,51,100,93,100,31,8.7,189,163,19.0,21.6,0,0.00,1001.5,987.5
2025-10-21T21:00,13.0,0.00,92,11.7,11.9,0.00,0.00,0.00,3,100,100,100,9,11.0,188,162,22.2,21.6,0,0.00,1001.3,987.3
2025-10-21T22:00,13.0,0.00,91,11.6,11.9,0.00,0.00,0.00,3,100,70,100,2,10.6,191,170,20.9,22.0,0,0.00,1001.2,987.2
2025-10-21T23:00,12.8,0.00,92,11.5,11.9,0.00,0.00,0.00,3,100,88,100,9,8.9,188,159,17.8,20.9,0,0.00,1001.0,987.0
2025-10-22T00:00,12.4,0.70,96,11.8,11.5,0.70,0.00,0.00,53,100,84,100,90,9.9,187,168,21.4,20.9,0,0.00,1000.8,986.8
2025-10-22T01:00,12.7,1.80,95,11.9,11.9,1.80,0.00,0.00,61,100,100,86,38,9.4,184,156,18.4,20.9,0,0.00,1000.7,986.7
2025-10-22T02:00,12.6,0.00,96,12.0,11.9,0.00,0.00,0.00,3,100,100,28,37,8.9,197,174,18.7,18.4,0,0.00,1000.6,986.6
2025-10-22T03:00,12.4,0.00,97,11.9,11.8,0.00,0.00,0.00,3,100,100,59,36,8.5,198,176,18.2,17.3,0,0.00,1000.3,986.3
2025-10-22T04:00,12.2,0.30,98,11.8,11.4,0.30,0.00,0.00,51,100,100,100,79,8.9,206,189,20.0,18.0,0,0.00,1000.2,986.2
2025-10-22T05:00,12.4,0.20,99,12.2,11.8,0.20,0.00,0.00,51,100,98,100,85,8.3,202,184,16.9,19.1,0,0.00,1000.2,986.2
2025-10-22T06:00,12.3,0.20,99,12.1,11.9,0.20,0.00,0.00,51,100,100,100,83,6.7,207,185,14.5,16.2,0,0.00,1000.3,986.3
2025-10-22T07:00,12.5,0.20,99,12.3,12.5,0.20,0.00,0.00,51,100,100,100,73,4.8,218,205,13.0,13.7,1,0.00,1000.2,986.2
2025-10-22T08:00,12.7,0.00,98,12.5,12.7,0.00,0.00,0.00,3,100,100,100,34,5.2,219,196,12.3,11.9,1,0.00,1001.0,987.0
2025-10-22T09:00,13.3,0.00,96,12.8,13.1,0.00,0.00,0.00,3,80,63,27,38,7.4,217,206,13.1,15.1,1,534.66,1001.7,987.7
2025-10-22T10:00,14.6,0.00,91,13.2,14.5,0.00,0.00,0.00,3,88,83,23,16,7.6,219,214,11.5,24.5,1,3600.00,1002.1,988.2
2025-10-22T11:00,15.4,0.00,89,13.6,15.3,0.00,0.00,0.00,3,99,85,93,23,8.0,221,218,11.6,23.8,1,3600.00,1002.4,988.5
2025-10-22T12:00,15.3,0.00,82,12.3,14.4,0.00,0.00,0.00,3,100,100,100,53,11.2,219,218,16.2,25.6,1,1829.49,1002.4,988.5
2025-10-22T13:00,14.6,0.10,89,12.8,14.2,0.10,0.00,0.00,51,100,98,100,41,8.7,205,197,15.5,26.6,1,0.00,1002.3,988.4
2025-10-22T14:00,14.7,0.20,89,12.9,14.5,0.20,0.00,0.00,51,100,94,100,100,7.6,198,185,13.4,20.2,1,0.00,1001.9,988.0
2025-10-22T15:00,14.9,0.10,90,13.3,15.2,0.10,0.00,0.00,51,100,88,100,100,4.9,190,170,8.4,16.9,1,0.00,1001.4,987.5
2025-10-22T16:00,14.7,0.50,93,13.6,14.9,0.50,0.00,0.00,53,100,100,100,100,6.6,162,139,10.6,12.6,1,0.00,1001.3,987.4
2025-10-22T17:00,14.2,0.40,95,13.4,13.9,0.40,0.00,0.00,51,100,100,100,84,9.0,135,116,15.9,16.2,1,0.00,1000.5,986.6
2025-10-22T18:00,14.0,0.00,95,13.1,13.6,0.00,0.00,0.00,3,100,100,20,74,9.6,130,118,19.0,17.6,0,0.00,1000.1,986.2
2025-10-22T19:00,13.9,0.10,96,13.3,13.5,0.10,0.00,0.00,51,98,90,25,66,9.5,128,119,20.0,20.2,0,0.00,999.8,985.9
2025-10-22T20:00,13.8,0.40,97,13.4,13.4,0.40,0.00,0.00,51,100,100,59,11,9.7,154,125,19.5,21.2,0,0.00,998.9,985.0
2025-10-22T21:00,13.4,6.20,97,13.0,13.5,6.20,0.00,0.00,63,100,80,100,100,5.7,176,134,15.0,20.2,0,0.00,998.4,984.5
2025-10-22T22:00,14.4,0.50,97,13.9,13.1,0.50,0.00,0.00,53,99,95,25,78,17.6,216,209,31.7,34.6,0,0.00,998.7,984.8
2025-10-22T23:00,14.3,0.00,98,14.0,13.5,0.00,0.00,0.00,3,99,95,27,79,14.1,215,208,26.2,35.6,0,0.00,998.5,984.6
2025-10-23T00:00,14.2,0.30,98,13.9,13.6,0.30,0.00,0.00,51,99,98,11,41,13.1,206,198,24.2,28.8,0,0.00,997.9,984.0
2025-10-23T01:00,14.2,0.00,98,14.0,14.0,0.00,0.00,0.00,3,100,100,54,9,10.3,193,175,22.0,27.0,0,0.00,996.4,982.5
2025-10-23T02:00,14.0,0.10,98,13.7,13.5,0.10,0.00,0.00,51,100,100,100,20,11.1,170,155,22.1,22.7,0,0.00,995.3,981.4
2025-10-23T03:00,14.0,0.50,96,13.5,13.4,0.50,0.00,0.00,53,100,100,85,13,11.8,183,163,23.6,33.1,0,0.00,994.0,980.2
2025-10-23T04:00,14.7,0.80,93,13.5,13.1,0.80,0.00,0.00,53,100,100,74,63,18.7,188,178,33.6,37.4,0,0.00,992.6,978.8
2025-10-23T05:00,14.6,0.70,90,13.1,13.0,0.70,0.00,0.00,53,100,100,59,45,17.9,186,176,32.1,38.5,0,0.00,991.0,977.2
2025-10-23T06:00,13.9,0.40,95,13.1,12.8,0.40,0.00,0.00,51,100,100,100,44,13.9,161,147,27.7,42.8,0,0.00,989.3,975.5
2025-10-23T07:00,14.5,2.10,92,13.2,13.5,2.10,0.00,0.00,61,100,95,100,80,13.7,186,175,26.0,41.4,1,0.00,988.6,974.9
2025-10-23T08:00,14.6,2.10,96,13.9,12.1,2.10,0.00,0.00,61,100,100,71,58,25.8,202,196,45.1,49.7,1,0.00,988.1,974.4
2025-10-23T09:00,14.4,2.10,97,13.9,13.0,2.10,0.00,0.00,61,100,100,100,7,18.5,218,212,33.1,60.8,1,0.00,989.3,975.5
2025-10-23T10:00,14.4,0.40,92,13.1,13.2,0.40,0.00,0.00,51,95,78,70,16,15.1,202,195,25.9,44.6,1,0.00,988.9,975.2
2025-10-23T11:00,14.2,0.50,89,12.5,11.7,0.50,0.00,0.00,53,100,100,98,2,22.3,219,214,36.1,54.7,1,1308.79,989.6,975.8
2025-10-23T12:00,12.7,0.50,90,11.2,10.3,0.50,0.00,0.00,53,99,87,94,17,18.8,220,218,32.5,51.5,1,0.00,990.6,976.7
2025-10-23T13:00,14.7,1.70,70,9.3,11.1,1.70,0.00,0.00,61,97,58,95,16,23.2,211,209,36.0,56.2,1,2566.89,990.8,977.0
2025-10-23T14:00,13.1,0.90,74,8.6,9.6,0.90,0.00,0.00,53,28,4,21,14,20.8,214,213,33.9,61.9,1,3600.00,990.8,977.0
2025-10-23T15:00,13.2,0.10,66,6.9,8.6,0.10,0.00,0.00,51,27,12,15,13,26.0,225,226,41.9,61.9,1,3600.00,991.0,977.2
2025-10-23T16:00,13.1,0.00,64,6.3,8.0,0.00,0.00,0.00,2,55,0,35,37,28.0,225,225,45.9,61.9,1,3600.00,991.2,977.4
2025-10-23T17:00,11.9,0.00,67,6.0,6.7,0.00,0.00,0.00,3,100,4,38,100,28.3,236,235,46.9,62.6,1,2146.18,992.1,978.2
2025-10-23T18:00,10.8,0.20,77,7.0,6.1,0.20,0.00,0.00,51,100,99,100,100,27.3,237,238,45.3,61.9,0,0.00,992.5,978.5
2025-10-23T19:00,11.0,0.30,84,8.4,6.7,0.30,0.00,0.00,51,100,3,100,86,26.2,239,238,43.8,59.0,0,0.00,994.1,980.1
2025-10-23T20:00,11.3,0.10,81,8.1,7.0,0.10,0.00,0.00,51,86,0,80,60,25.8,247,245,43.1,64.4,0,0.00,994.9,980.9
2025-10-23T21:00,11.2,0.10,79,7.7,7.0,0.10,0.00,0.00,51,100,13,100,87,24.6,249,247,41.1,56.5,0,0.00,995.9,981.9
2025-10-23T22:00,10.4,1.60,82,7.4,6.3,1.60,0.00,0.00,61,74,0,63,62,23.6,245,244,39.1,54.0,0,0.00,997.6,983.5
2025-10-23T23:00,9.8,1.50,82,6.9,6.0,1.50,0.00,0.00,61,98,0,91,90,20.5,240,238,35.3,54.0,0,0.00,998.6,984.5
2025-10-24T00:00,9.4,0.40,79,5.9,5.4,0.40,0.00,0.00,51,99,0,85,97,20.2,244,244,33.6,49.0,0,0.00,999.1,985.0
2025-10-24T01:00,8.7,0.30,92,7.5,5.2,0.30,0.00,0.00,51,87,45,68,59,19.8,233,231,33.9,49.3,0,0.00,999.5,985.3
2025-10-24T02:00,8.5,2.10,89,6.8,4.2,2.10,0.00,0.00,61,74,2,54,51,23.7,239,239,39.1,52.6,0,0.00,999.9,985.7
2025-10-24T03:00,8.2,0.30,86,6.1,3.4,0.30,0.00,0.00,51,92,23,80,63,25.9,239,237,43.1,54.4,0,0.00,1000.7,986.5
2025-10-24T04:00,7.8,0.60,83,5.0,2.7,0.60,0.00,0.00,53,100,91,96,90,26.3,243,244,43.5,62.3,0,0.00,1001.7,987.4
2025-10-24T05:00,7.5,0.30,84,5.0,2.9,0.30,0.00,0.00,51,100,96,100,98,23.4,239,239,38.6,62.3,0,0.00,1002.6,988.3
2025-10-24T06:00,7.5,0.10,83,4.8,2.9,0.10,0.00,0.00,51,100,97,100,98,22.4,243,240,37.7,55.1,0,0.00,1003.6,989.3
2025-10-24T07:00,7.2,0.20,87,5.1,2.8,0.20,0.00,0.00,51,100,100,100,47,21.4,246,245,36.2,53.6,0,0.00,1004.4,990.1
2025-10-24T08:00,7.4,0.00,80,4.2,2.9,0.00,0.00,0.00,3,100,99,100,10,21.7,247,246,36.6,47.5,1,0.00,1005.3,991.0
2025-10-24T09:00,7.8,0.00,78,4.3,3.8,0.00,0.00,0.00,3,100,100,85,13,18.4,245,244,31.3,48.2,1,0.00,1005.9,991.6
2025-10-24T10:00,8.7,0.00,72,4.0,3.5,0.00,0.00,0.00,1,45,0,37,16,25.9,246,247,39.9,56.9,1,3600.00,1006.7,992.4
2025-10-24T11:00,9.2,0.30,69,3.9,4.2,0.30,0.00,0.00,51,40,0,13,38,24.4,246,246,37.4,55.1,1,3600.00,1007.4,993.1
2025-10-24T12:00,10.1,0.40,63,3.4,4.8,0.40,0.00,0.00,51,45,0,7,42,25.5,250,250,38.9,55.1,1,3600.00,1007.6,993.4
2025-10-24T13:00,10.2,0.00,64,3.6,5.3,0.00,0.00,0.00,2,53,0,50,39,23.1,251,250,35.3,57.2,1,3600.00,1008.4,994.2
2025-10-24T14:00,10.7,0.00,59,3.0,5.6,0.00,0.00,0.00,3,95,0,95,7,23.5,245,246,36.4,52.9,1,3600.00,1008.2,994.0
2025-10-24T15:00,10.8,0.00,57,2.7,6.2,0.00,0.00,0.00,2,52,0,48,13,20.1,237,236,32.6,51.1,1,3600.00,1008.1,993.9
2025-10-24T16:00,10.6,0.00,59,2.9,6.0,0.00,0.00,0.00,1,44,0,40,13,20.3,234,233,34.0,46.8,1,3600.00,1008.0,993.8
2025-10-24T17:00,9.5,0.00,66,3.5,5.3,0.00,0.00,0.00,0,18,0,16,5,18.2,238,237,32.0,47.5,1,2679.33,1008.2,993.9
2025-10-24T18:00,9.3,0.00,65,3.2,5.3,0.00,0.00,0.00,0,5,0,4,2,17.0,230,228,31.6,39.6,0,0.00,1007.9,993.6
2025-10-24T19:00,9.0,0.00,65,2.8,4.8,0.00,0.00,0.00,1,25,16,12,0,17.7,231,229,32.9,38.5,0,0.00,1008.0,993.7
2025-10-24T20:00,8.8,0.00,65,2.6,4.5,0.00,0.00,0.00,3,100,100,87,8,17.3,230,228,32.3,39.2,0,0.00,1007.9,993.6
2025-10-24T21:00,9.0,0.00,65,2.7,4.6,0.00,0.00,0.00,3,100,100,9,10,18.2,229,227,32.9,40.0,0,0.00,1007.7,993.4
2025-10-24T22:00,8.7,0.00,67,2.9,4.6,0.00,0.00,0.00,3,100,100,55,6,16.9,227,224,31.3,40.0,0,0.00,1007.6,993.3
2025-10-24T23:00,8.7,0.00,70,3.4,4.7,0.00,0.00,0.00,3,100,100,98,14,16.9,228,225,31.1,37.4,0,0.00,1007.4,993.1
2025-10-25T00:00,8.5,0.00,75,4.4,4.6,0.00,0.00,0.00,3,100,100,100,9,17.1,221,216,30.5,38.5,0,0.00,1007.2,992.9
2025-10-25T01:00,8.3,0.00,88,6.5,4.8,0.00,0.00,0.00,3,100,72,100,21,17.4,214,208,31.4,37.4,0,0.00,1006.5,992.2
2025-10-25T02:00,8.1,0.50,91,6.7,4.8,0.50,0.00,0.00,53,100,91,100,77,16.5,215,209,29.1,37.4,0,0.00,1006.1,991.8
2025-10-25T03:00,8.1,0.30,94,7.2,4.7,0.30,0.00,0.00,51,97,0,46,95,18.7,221,218,32.6,38.5,0,0.00,1005.7,991.4
2025-10-25T04:00,8.2,0.00,94,7.3,4.9,0.00,0.00,0.00,2,55,0,30,41,17.8,225,223,31.2,41.8,0,0.00,1005.4,991.1
2025-10-25T05:00,7.9,0.00,93,6.9,4.9,0.00,0.00,0.00,3,84,0,59,68,15.6,224,220,28.3,37.1,0,0.00,1005.1,990.8
2025-10-25T06:00,7.9,0.30,93,6.8,4.7,0.30,0.00,0.00,51,100,0,100,100,16.3,226,223,29.3,34.2,0,0.00,1004.7,990.4
2025-10-25T07:00,7.8,0.20,96,7.2,4.9,0.20,0.00,0.00,51,86,14,55,72,14.9,220,218,27.5,41.4,0,0.00,1004.2,989.9
2025-10-25T08:00,8.2,0.90,93,7.2,5.0,0.90,0.00,0.00,53,91,64,84,38,16.8,217,211,29.2,34.2,1,90.88,1003.9,989.6
2025-10-25T09:00,9.0,0.50,93,8.0,6.1,0.50,0.00,0.00,53,83,51,45,38,16.4,220,216,28.4,35.6,1,2017.80,1003.9,989.7
2025-10-25T10:00,10.1,0.10,89,8.4,7.0,0.10,0.00,0.00,51,98,93,52,39,18.3,222,220,30.1,47.9,1,3600.00,1003.4,989.2
2025-10-25T11:00,10.6,0.90,87,8.5,7.7,0.90,0.00,0.00,53,64,15,48,50,17.0,221,220,29.1,52.6,1,2109.69,1003.1,989.0
2025-10-25T12:00,11.9,0.30,78,8.2,8.2,0.30,0.00,0.00,51,61,2,52,42,21.5,238,238,33.3,64.1,1,3600.00,1003.0,988.9
2025-10-25T13:00,11.9,0.10,72,7.0,7.8,0.10,0.00,0.00,51,99,78,96,17,23.0,243,245,35.2,57.2,1,3600.00,1002.8,988.7
2025-10-25T14:00,11.1,0.10,78,7.3,7.3,0.10,0.00,0.00,51,97,80,87,24,21.3,250,251,34.6,54.7,1,3600.00,1003.0,988.9
2025-10-25T15:00,11.3,0.80,78,7.6,8.1,0.80,0.00,0.00,53,92,74,77,21,18.0,246,244,31.2,43.6,1,50.64,1003.0,988.9
2025-10-25T16:00,11.8,0.00,71,6.7,8.3,0.00,0.00,0.00,2,66,11,56,24,18.0,246,244,31.4,40.3,1,2253.08,1003.3,989.2
2025-10-25T17:00,11.6,0.00,70,6.3,8.0,0.00,0.00,0.00,3,98,96,48,61,17.9,257,255,31.8,41.4,1,2560.49,1003.6,989.5
2025-10-25T18:00,10.9,0.00,73,6.3,7.8,0.00,0.00,0.00,2,62,6,54,45,14.2,255,252,26.6,39.2,0,0.00,1004.2,990.1
2025-10-25T19:00,10.1,0.00,81,7.0,7.5,0.00,0.00,0.00,2,76,34,63,41,12.1,244,242,24.2,30.6,0,0.00,1004.9,990.7
2025-10-25T20:00,8.7,3.80,92,7.5,6.9,3.80,0.00,0.00,63,77,17,65,38,8.3,249,250,18.9,28.4,0,0.00,1005.3,991.0
2025-10-25T21:00,8.7,1.10,93,7.6,6.6,1.10,0.00,0.00,55,90,19,88,27,10.0,229,216,21.6,20.5,0,0.00,1005.2,990.9
2025-10-25T22:00,8.4,0.30,92,7.2,6.0,0.30,0.00,0.00,51,97,0,96,41,11.1,228,217,22.6,22.0,0,0.00,1005.5,991.2
2025-10-25T23:00,8.4,0.00,92,7.3,5.9,0.00,0.00,0.00,3,99,0,99,31,12.5,219,212,23.7,24.8,0,0.00,1005.3,991.0
2025-10-26T00:00,8.3,0.30,93,7.2,5.4,0.30,0.00,0.00,51,97,0,96,45,14.9,219,214,27.0,30.2,0,0.00,1005.4,991.1
2025-10-26T01:00,7.9,0.30,94,7.0,4.9,0.30,0.00,0.00,51,79,0,71,45,14.8,225,219,26.9,31.0,0,0.00,1005.2,990.9
2025-10-26T02:00,7.8,0.00,94,6.9,4.7,0.00,0.00,0.00,3,85,0,52,71,15.3,228,223,27.5,31.3,0,0.00,1005.2,990.9
2025-10-26T03:00,8.2,0.10,93,7.1,5.1,0.10,0.00,0.00,51,98,0,61,95,16.1,243,239,28.6,37.8,0,0.00,1005.0,990.7
2025-10-26T04:00,7.7,0.30,92,6.4,4.4,0.30,0.00,0.00,51,84,0,82,21,16.4,260,257,28.7,38.2,0,0.00,1005.0,990.7
2025-10-26T05:00,7.3,0.00,89,5.7,4.0,0.00,0.00,0.00,1,36,0,27,34,15.2,265,260,27.1,33.1,0,0.00,1005.6,991.3
2025-10-26T06:00,6.5,0.00,89,4.8,3.0,0.00,0.00,0.00,0,4,0,0,4,15.7,261,257,28.3,33.1,0,0.00,1006.3,991.9
2025-10-26T07:00,5.8,0.00,88,3.9,2.2,0.00,0.00,0.00,1,32,0,29,5,14.3,259,256,26.4,33.5,0,0.00,1007.0,992.6
2025-10-26T08:00,5.9,0.00,86,3.7,2.1,0.00,0.00,0.00,0,13,0,0,13,15.7,247,243,27.4,33.5,1,999.11,1008.0,993.6
2025-10-26T09:00,6.8,0.00,81,3.7,2.7,0.00,0.00,0.00,0,17,0,0,17,18.2,246,244,29.5,39.2,1,3600.00,1008.3,993.9
2025-10-26T10:00,8.1,0.20,72,3.4,2.7,0.20,0.00,0.00,51,100,100,100,13,26.3,256,257,40.3,58.3,1,3600.00,1008.4,994.1
2025-10-26T11:00,9.1,0.00,67,3.3,4.1,0.00,0.00,0.00,3,100,8,100,31,23.1,259,259,35.2,55.8,1,3600.00,1008.7,994.4
2025-10-26T12:00,9.0,0.00,67,3.1,4.1,0.00,0.00,0.00,3,100,0,100,54,22.9,252,251,35.6,52.9,1,0.00,1008.8,994.5
2025-10-26T13:00,9.3,0.00,64,2.9,4.6,0.00,0.00,0.00,3,93,84,21,46,21.5,260,259,33.1,51.1,1,0.00,1009.4,995.1
2025-10-26T14:00,9.9,0.00,59,2.2,5.2,0.00,0.00,0.00,3,93,80,2,64,19.5,261,260,30.2,47.5,1,3600.00,1009.4,995.1
2025-10-26T15:00,9.8,0.00,53,0.7,4.8,0.00,0.00,0.00,3,100,79,9,98,20.7,264,263,30.6,50.4,1,3600.00,1009.4,995.1
2025-10-26T16:00,9.5,0.00,58,1.6,5.3,0.00,0.00,0.00,3,90,1,17,89,15.6,260,259,26.5,46.1,1,1086.61,1009.7,995.4
2025-10-26T17:00,8.8,0.00,62,1.8,4.8,0.00,0.00,0.00,3,97,0,46,97,14.7,253,252,26.5,34.2,1,1250.85,1010.0,995.7
2025-10-26T18:00,8.3,0.00,64,1.8,4.6,0.00,0.00,0.00,1,47,0,23,45,12.4,253,251,23.3,32.4,0,0.00,1010.2,995.9
2025-10-26T19:00,7.7,0.00,67,1.9,4.0,0.00,0.00,0.00,1,46,23,5,30,12.6,248,246,24.0,27.4,0,0.00,1010.7,996.3
2025-10-26T20:00,7.1,0.00,69,1.8,3.2,0.00,0.00,0.00,3,85,77,13,34,14.2,248,244,26.6,30.2,0,0.00,1010.6,996.2
2025-10-26T21:00,6.8,0.10,73,2.4,3.0,0.10,0.00,0.00,51,100,100,100,49,14.1,244,239,26.5,31.3,0,0.00,1010.5,996.1
2025-10-26T22:00,7.2,0.00,71,2.3,3.0,0.00,0.00,0.00,3,100,97,100,15,16.9,251,248,29.9,36.4,0,0.00,1010.3,995.9
2025-10-26T23:00,7.2,0.10,73,2.7,2.8,0.10,0.00,0.00,51,100,3,100,6,19.0,242,240,33.1,40.7,0,0.00,1009.4,995.0
2025-10-27T00:00,6.9,0.20,78,3.4,2.4,0.20,0.00,0.00,51,100,65,100,15,20.5,238,236,35.6,44.6,0,0.00,1009.1,994.7
2025-10-27T01:00,6.7,0.30,83,4.0,2.2,0.30,0.00,0.00,51,100,100,100,100,21.3,231,229,36.6,45.0,0,0.00,1008.5,994.1
2025-10-27T02:00,7.1,0.20,83,4.4,2.8,0.20,0.00,0.00,51,100,100,100,100,20.4,229,228,34.8,46.4,0,0.00,1007.7,993.3
2025-10-27T03:00,7.3,0.30,86,5.0,2.8,0.30,0.00,0.00,51,100,99,100,100,22.4,227,225,38.0,46.8,0,0.00,1006.3,992.0
2025-10-27T04:00,6.6,1.00,95,5.8,1.7,1.00,0.00,0.00,55,100,99,100,100,26.0,228,225,43.7,54.0,0,0.00,1005.3,990.9
2025-10-27T05:00,6.6,1.70,94,5.6,1.8,1.70,0.00,0.00,61,100,100,100,100,25.4,222,220,41.9,54.7,0,0.00,1004.4,990.0
2025-10-27T06:00,6.7,1.60,96,6.1,1.8,1.60,0.00,0.00,61,100,100,100,100,26.6,228,226,44.4,54.4,0,0.00,1003.9,989.6
2025-10-27T07:00,6.7,1.00,95,6.0,1.9,1.00,0.00,0.00,55,100,100,100,100,26.2,227,224,42.8,58.0,0,0.00,1003.1,988.8
2025-10-27T08:00,7.1,1.10,96,6.6,2.5,1.10,0.00,0.00,55,100,100,100,100,25.4,231,229,42.2,54.0,1,0.00,1002.4,988.1
2025-10-27T09:00,7.7,2.30,96,7.0,3.1,2.30,0.00,0.00,61,100,53,98,100,25.7,230,228,42.7,54.7,1,0.00,1002.3,988.0
2025-10-27T10:00,8.1,2.40,97,7.7,4.5,2.40,0.00,0.00,61,100,12,93,100,20.8,235,232,35.8,55.4,1,0.00,1002.6,988.4
2025-10-27T11:00,8.9,0.90,94,8.1,5.2,0.90,0.00,0.00,53,98,0,98,27,21.7,236,233,35.9,52.2,1,0.00,1002.3,988.1
2025-10-27T12:00,11.1,0.10,87,9.1,8.5,0.10,0.00,0.00,51,37,1,32,22,16.1,234,230,26.3,51.8,1,3600.00,1002.3,988.2
2025-10-27T13:00,11.3,0.20,72,6.4,7.3,0.20,0.00,0.00,51,50,10,38,30,20.9,257,257,33.2,48.6,1,3600.00,1002.6,988.5
2025-10-27T14:00,10.9,1.90,77,7.1,7.3,1.90,0.00,0.00,61,57,38,35,16,19.9,263,263,32.5,55.8,1,3600.00,1002.5,988.4
2025-10-27T15:00,10.5,0.70,77,6.5,7.1,0.70,0.00,0.00,53,54,22,42,13,16.9,271,268,28.6,56.5,1,3600.00,1003.4,989.3
2025-10-27T16:00,11.2,0.00,69,5.8,7.7,0.00,0.00,0.00,1,48,13,38,27,17.2,282,280,29.6,46.1,1,3600.00,1004.2,990.1
2025-10-27T17:00,9.8,0.60,72,5.0,6.0,0.60,0.00,0.00,53,88,10,48,83,18.2,279,277,33.0,46.8,1,2326.42,1005.4,991.2
2025-10-27T18:00,9.6,1.60,70,4.3,5.6,1.60,0.00,0.00,61,56,0,44,45,17.9,284,282,32.1,39.6,0,0.00,1006.8,992.6
2025-10-27T19:00,9.1,0.10,78,5.5,6.2,0.10,0.00,0.00,51,52,1,45,29,12.1,269,267,23.2,37.1,0,0.00,1008.5,994.2
2025-10-27T20:00,8.1,0.50,87,6.1,5.3,0.50,0.00,0.00,53,69,0,48,57,12.4,273,271,24.2,32.0,0,0.00,1009.8,995.4
2025-10-27T21:00,8.2,0.20,89,6.5,5.2,0.20,0.00,0.00,51,55,0,37,43,13.9,274,274,26.5,30.2,0,0.00,1010.7,996.3
2025-10-27T22:00,7.7,0.40,90,6.2,4.8,0.40,0.00,0.00,51,49,0,30,43,13.6,261,259,27.0,28.8,0,0.00,1011.7,997.3
2025-10-27T23:00,7.6,0.30,89,6.0,4.4,0.30,0.00,0.00,51,44,0,31,34,15.3,257,254,29.0,31.3,0,0.00,1012.5,998.1
2025-10-28T00:00,7.4,0.00,89,5.8,4.2,0.00,0.00,0.00,0,17,0,1,16,14.7,255,253,28.3,31.3,0,0.00,1013.1,998.7
2025-10-28T01:00,8.2,0.00,84,5.7,5.1,0.00,0.00,0.00,2,60,5,57,13,13.4,254,250,26.6,30.2,0,0.00,1013.1,998.7
2025-10-28T02:00,8.2,0.20,85,5.8,5.0,0.20,0.00,0.00,51,62,0,57,23,15.0,253,252,28.4,31.7,0,0.00,1013.5,999.1
2025-10-28T03:00,8.3,0.00,87,6.2,5.2,0.00,0.00,0.00,1,46,34,15,9,15.2,250,246,28.4,32.4,0,0.00,1013.5,999.1
2025-10-28T04:00,7.9,0.00,89,6.1,4.7,0.00,0.00,0.00,2,54,41,15,7,15.1,239,235,28.9,32.4,0,0.00,1013.5,999.1
2025-10-28T05:00,7.9,0.00,90,6.3,4.8,0.00,0.00,0.00,3,100,96,100,77,14.8,237,233,28.5,32.8,0,0.00,1013.5,999.1
2025-10-28T06:00,8.9,0.10,87,6.8,5.9,0.10,0.00,0.00,51,100,92,100,21,14.8,232,229,27.4,32.4,0,0.00,1013.4,999.0
2025-10-28T07:00,9.6,0.50,85,7.1,6.7,0.50,0.00,0.00,53,100,96,100,100,14.8,224,219,27.1,32.0,0,0.00,1012.8,998.5
2025-10-28T08:00,9.5,0.50,89,7.8,5.8,0.50,0.00,0.00,53,100,95,100,100,21.1,226,224,36.7,44.3,1,0.00,1012.3,998.0
2025-10-28T09:00,10.0,0.00,87,7.9,6.3,0.00,0.00,0.00,3,100,73,100,100,21.8,228,227,37.7,46.8,1,0.00,1012.4,998.1
2025-10-28T10:00,10.9,0.00,83,8.1,7.3,0.00,0.00,0.00,3,100,75,100,100,20.8,230,228,35.4,47.5,1,0.00,1012.4,998.2
2025-10-28T11:00,11.3,0.10,83,8.5,7.7,0.10,0.00,0.00,51,100,75,100,100,21.9,236,236,36.8,45.7,1,0.00,1012.5,998.3
2025-10-28T12:00,11.3,0.50,88,9.4,7.8,0.50,0.00,0.00,53,100,23,100,55,22.8,239,239,37.6,47.5,1,0.00,1012.7,998.5
2025-10-28T13:00,12.3,0.00,83,9.6,8.4,0.00,0.00,0.00,3,95,91,55,36,26.2,237,238,41.9,51.8,1,973.44,1011.6,997.4
2025-10-28T14:00,13.1,0.00,79,9.4,9.8,0.00,0.00,0.00,3,98,50,94,85,21.3,235,233,34.9,55.4,1,3600.00,1011.2,997.1
2025-10-28T15:00,13.4,0.00,75,9.1,10.1,0.00,0.00,0.00,3,100,52,97,100,20.9,239,238,34.7,47.2,1,2160.30,1011.1,997.0
2025-10-28T16:00,13.1,0.00,73,8.3,9.5,0.00,0.00,0.00,3,100,21,100,100,21.0,244,244,35.6,48.2,1,0.00,1011.5,997.4
2025-10-28T17:00,12.8,0.00,74,8.3,9.3,0.00,0.00,0.00,3,99,1,73,99,21.0,244,243,36.3,46.1,1,0.00,1011.7,997.6
2025-10-28T18:00,12.8,0.00,75,8.4,9.2,0.00,0.00,0.00,2,55,0,43,51,21.3,237,236,37.1,47.2,0,0.00,1011.8,997.7
2025-10-28T19:00,12.6,0.00,74,8.0,8.9,0.00,0.00,0.00,3,100,2,100,75,21.3,235,234,37.1,46.8,0,0.00,1012.5,998.3
2025-10-28T20:00,12.5,0.00,76,8.3,9.0,0.00,0.00,0.00,1,42,16,21,23,20.7,241,240,36.3,46.8,0,0.00,1012.7,998.5
2025-10-28T21:00,11.8,0.00,79,8.4,9.0,0.00,0.00,0.00,1,42,7,20,31,16.6,247,246,31.0,45.0,0,0.00,1013.1,998.9
2025-10-28T22:00,11.4,0.00,83,8.6,8.8,0.00,0.00,0.00,1,45,0,40,23,15.5,238,235,29.7,36.0,0,0.00,1013.4,999.2
2025-10-28T23:00,11.4,0.00,85,8.9,8.7,0.00,0.00,0.00,3,80,16,72,38,16.1,238,235,30.0,34.6,0,0.00,1013.4,999.2
2025-10-29T00:00,11.4,0.00,86,9.1,9.0,0.00,0.00,0.00,3,95,88,34,49,14.4,240,237,27.2,34.6,0,0.00,1013.6,999.4
2025-10-29T01:00,11.2,0.00,86,8.9,9.2,0.00,0.00,0.00,2,54,47,2,13,11.7,232,226,23.7,31.3,0,0.00,1013.3,999.1
2025-10-29T02:00,10.5,0.00,90,8.8,8.5,0.00,0.00,0.00,0,3,0,1,2,11.2,228,220,23.8,24.8,0,0.00,1013.2,998.9
2025-10-29T03:00,9.7,0.00,93,8.5,7.9,0.00,0.00,0.00,1,30,2,0,29,9.5,219,205,21.6,23.8,0,0.00,1012.9,998.6
2025-10-29T04:00,9.6,0.00,93,8.5,8.1,0.00,0.00,0.00,3,100,0,8,100,7.7,218,201,18.6,19.8,0,0.00,1012.8,998.5
2025-10-29T05:00,10.1,0.10,92,8.9,8.8,0.10,0.00,0.00,51,54,0,0,53,6.9,214,189,16.2,16.2,0,0.00,1012.7,998.4
2025-10-29T06:00,9.3,0.00,93,8.3,7.9,0.00,0.00,0.00,1,46,23,0,30,6.5,211,185,16.5,14.4,0,0.00,1012.5,998.2
2025-10-29T07:00,9.6,0.00,92,8.4,8.4,0.00,0.00,0.00,3,98,4,0,98,4.9,205,170,12.9,13.7,0,0.00,1012.0,997.7
2025-10-29T08:00,10.7,0.00,90,9.0,9.5,0.00,0.00,0.00,3,95,65,0,87,6.0,193,155,11.7,11.5,1,0.00,1011.9,997.6
2025-10-29T09:00,11.6,0.00,87,9.5,10.4,0.00,0.00,0.00,3,93,48,0,87,7.0,160,134,13.6,15.5,1,3600.00,1011.4,997.2
2025-10-29T10:00,12.6,0.00,83,9.8,11.7,0.00,0.00,0.00,1,28,19,0,12,5.7,144,136,10.3,15.8,1,3600.00,1010.8,996.7
2025-10-29T11:00,14.5,0.00,76,10.4,13.8,0.00,0.00,0.00,1,48,48,0,0,6.0,146,141,9.1,16.6,1,3600.00,1010.0,996.0
2025-10-29T12:00,16.0,0.00,66,9.6,14.6,0.00,0.00,0.00,3,100,100,0,0,8.9,166,167,12.8,22.3,1,3600.00,1009.4,995.4
2025-10-29T13:00,15.8,0.00,66,9.4,14.4,0.00,0.00,0.00,3,100,100,0,0,8.6,154,154,12.2,22.7,1,3600.00,1008.4,994.4
2025-10-29T14:00,16.1,0.00,67,9.9,14.9,0.00,0.00,0.00,3,100,100,0,0,8.1,153,151,11.5,20.5,1,3600.00,1007.6,993.7
2025-10-29T15:00,15.5,0.00,71,10.3,14.2,0.00,0.00,0.00,3,100,100,0,0,9.7,126,124,16.5,20.5,1,0.00,1006.4,992.5
2025-10-29T16:00,14.8,0.00,76,10.5,13.5,0.00,0.00,0.00,3,100,100,1,0,9.8,125,121,19.7,22.0,1,1952.72,1005.8,991.8
2025-10-29T17:00,13.7,0.00,78,10.0,12.0,0.00,0.00,0.00,3,100,100,14,8,11.4,129,121,24.7,23.4,1,0.00,1005.0,991.0
2025-10-29T18:00,13.3,0.00,78,9.5,11.5,0.00,0.00,0.00,3,100,100,30,0,11.8,143,129,26.5,24.1,0,0.00,1004.4,990.4
2025-10-29T19:00,13.6,0.00,79,9.9,11.7,0.00,0.00,0.00,3,100,100,87,19,12.7,155,140,26.3,25.6,0,0.00,1004.1,990.1
2025-10-29T20:00,13.5,0.00,77,9.6,11.8,0.00,0.00,0.00,3,100,100,93,16,10.7,180,167,23.9,25.6,0,0.00,1003.8,989.8
2025-10-29T21:00,13.2,0.00,78,9.4,11.5,0.00,0.00,0.00,3,100,100,100,3,10.3,197,181,23.0,22.7,0,0.00,1003.7,989.7
2025-10-29T22:00,12.9,0.20,78,9.2,11.1,0.20,0.00,0.00,51,100,99,100,2,10.5,199,185,23.1,23.8,0,0.00,1003.7,989.7
2025-10-29T23:00,12.3,0.40,80,9.0,10.5,0.40,0.00,0.00,51,100,100,100,4,10.4,183,157,20.7,22.7,0,0.00,1002.8,988.8
2025-10-30T00:00,11.7,0.60,86,9.5,9.7,0.60,0.00,0.00,53,100,100,100,89,12.7,160,149,24.8,25.2,0,0.00,1001.7,987.6
2025-10-30T01:00,11.6,0.30,91,10.1,9.2,0.30,0.00,0.00,51,100,100,100,100,16.1,166,158,30.6,27.4,0,0.00,1001.7,987.6
2025-10-30T02:00,11.9,0.40,93,10.8,9.5,0.40,0.00,0.00,51,98,79,95,36,18.5,196,186,35.0,38.9,0,0.00,1001.0,987.0
2025-10-30T03:00,12.2,0.90,95,11.4,9.3,0.90,0.00,0.00,53,100,100,100,100,22.4,220,220,40.0,46.8,0,0.00,1001.4,987.4
2025-10-30T04:00,12.1,0.90,96,11.6,9.6,0.90,0.00,0.00,53,100,98,99,40,20.5,232,232,36.4,47.5,0,0.00,1002.3,988.3
2025-10-30T05:00,12.2,0.10,95,11.5,10.2,0.10,0.00,0.00,51,95,70,69,55,17.1,250,246,30.1,43.2,0,0.00,1004.2,990.1
2025-10-30T06:00,11.6,0.10,93,10.5,9.4,0.10,0.00,0.00,51,79,0,66,41,16.5,256,252,28.8,38.5,0,0.00,1006.1,992.0
2025-10-30T07:00,10.6,0.10,91,9.1,7.8,0.10,0.00,0.00,51,38,0,25,27,17.1,260,258,30.9,35.3,0,0.00,1007.8,993.6
2025-10-30T08:00,10.5,0.10,91,9.1,8.0,0.10,0.00,0.00,51,11,0,4,11,15.6,256,255,28.1,38.9,1,210.05,1009.3,995.1
2025-10-30T09:00,11.2,0.00,86,8.9,8.6,0.00,0.00,0.00,0,0,0,0,0,16.1,261,260,26.8,35.6,1,3600.00,1010.8,996.6
2025-10-30T10:00,11.7,0.00,75,7.4,8.7,0.00,0.00,0.00,0,7,5,0,2,16.4,270,269,25.0,37.4,1,3600.00,1012.2,998.0
2025-10-30T11:00,12.2,0.00,68,6.4,9.2,0.00,0.00,0.00,0,8,2,0,5,14.1,267,266,20.9,37.1,1,3600.00,1013.2,999.0
2025-10-30T12:00,12.8,0.00,65,6.4,10.0,0.00,0.00,0.00,0,1,0,0,1,12.7,256,254,18.4,32.8,1,3600.00,1013.6,999.4
2025-10-30T13:00,13.0,0.00,61,5.8,10.4,0.00,0.00,0.00,0,2,0,0,2,10.7,240,240,14.9,30.6,1,3600.00,1014.2,1000.0
2025-10-30T14:00,13.4,0.00,59,5.6,10.5,0.00,0.00,0.00,1,27,0,0,27,11.9,243,243,17.4,28.1,1,3600.00,1014.6,1000.4
2025-10-30T15:00,13.4,0.00,57,4.9,10.4,0.00,0.00,0.00,1,46,6,0,43,11.7,243,243,17.3,28.4,1,3600.00,1014.7,1000.5
2025-10-30T16:00,12.8,0.00,62,5.7,10.7,0.00,0.00,0.00,0,11,5,0,6,7.4,235,231,14.6,25.9,1,3600.00,1014.9,1000.7
2025-10-30T17:00,10.9,0.00,72,6.0,9.1,0.00,0.00,0.00,0,1,0,0,0,5.1,232,216,14.5,16.2,1,1986.53,1015.1,1000.8
2025-10-30T18:00,9.8,0.00,74,5.4,8.0,0.00,0.00,0.00,0,17,17,0,0,4.4,258,243,13.5,10.4,0,0.00,1015.2,1000.9
2025-10-30T19:00,9.3,0.00,73,4.8,8.0,0.00,0.00,0.00,3,100,100,0,0,0.6,263,108,4.4,8.6,0,0.00,1015.7,1001.3
2025-10-30T20:00,8.1,0.00,78,4.4,6.3,0.00,0.00,0.00,3,100,100,0,0,2.6,358,74,4.5,5.0,0,0.00,1015.7,1001.3
2025-10-30T21:00,7.8,0.00,80,4.7,5.9,0.00,0.00,0.00,3,100,100,0,0,4.3,68,90,6.4,8.3,0,0.00,1015.7,1001.3
2025-10-30T22:00,6.8,0.00,85,4.5,4.3,0.00,0.00,0.00,3,100,100,0,0,7.9,113,106,13.9,14.4,0,0.00,1016.0,1001.5
2025-10-30T23:00,6.5,0.00,86,4.3,3.7,0.00,0.00,0.00,3,100,100,0,0,9.7,112,102,20.6,18.4,0,0.00,1016.0,1001.5
2025-10-31T00:00,6.4,0.00,85,4.1,3.6,0.00,0.00,0.00,3,100,100,0,0,9.6,107,96,21.7,19.1,0,0.00,1015.8,1001.3
2025-10-31T01:00,6.2,0.00,85,3.8,3.2,0.00,0.00,0.00,3,100,100,0,0,10.2,104,99,23.8,19.1,0,0.00,1015.9,1001.4
2025-10-31T02:00,6.0,0.00,84,3.5,2.9,0.00,0.00,0.00,3,100,100,0,0,10.5,108,106,24.2,21.2,0,0.00,1016.0,1001.5
2025-10-31T03:00,5.9,0.00,83,3.3,2.6,0.00,0.00,0.00,3,100,100,0,0,11.4,113,106,25.8,23.0,0,0.00,1015.9,1001.3
2025-10-31T04:00,6.0,0.00,81,3.1,2.5,0.00,0.00,0.00,3,99,99,0,0,13.4,118,112,28.8,27.0,0,0.00,1015.5,1001.0
2025-10-31T05:00,5.9,0.00,81,3.0,2.5,0.00,0.00,0.00,3,99,99,0,0,12.5,122,118,27.4,28.1,0,0.00,1015.4,1000.9
2025-10-31T06:00,5.2,0.00,85,2.9,2.1,0.00,0.00,0.00,3,100,100,0,0,9.8,125,120,22.6,25.6,0,0.00,1015.7,1001.1
2025-10-31T07:00,4.5,0.00,87,2.5,1.2,0.00,0.00,0.00,3,99,99,0,0,10.9,123,117,24.1,20.9,0,0.00,1016.0,1001.4
2025-10-31T08:00,4.8,0.00,86,2.7,1.5,0.00,0.00,0.00,3,100,100,0,0,10.6,119,111,22.7,22.0,1,279.80,1016.5,1001.9
2025-10-31T09:00,6.6,0.00,81,3.7,3.7,0.00,0.00,0.00,3,100,100,0,1,9.4,116,108,18.8,21.2,1,3600.00,1016.7,1002.2
2025-10-31T10:00,8.4,0.00,78,4.9,5.9,0.00,0.00,0.00,3,100,100,0,1,8.6,116,120,15.0,22.0,1,3600.00,1016.5,1002.1
2025-10-31T11:00,9.7,0.00,77,5.8,7.7,0.00,0.00,0.00,3,100,100,0,1,6.8,122,125,11.0,20.5,1,3600.00,1016.3,1001.9
2025-10-31T12:00,11.0,0.00,76,6.8,9.2,0.00,0.00,0.00,3,100,100,0,0,6.5,128,129,9.8,18.0,1,3600.00,1016.0,1001.7
2025-10-31T13:00,11.9,0.00,77,8.0,10.5,0.00,0.00,0.00,3,100,100,0,0,5.9,140,145,8.7,17.3,1,3325.28,1015.5,1001.3
2025-10-31T14:00,12.3,0.00,77,8.4,10.9,0.00,0.00,0.00,3,100,100,0,0,6.3,138,141,9.4,15.8,1,361.36,1015.0,1000.8
2025-10-31T15:00,12.7,0.00,77,8.8,11.4,0.00,0.00,0.00,3,100,100,2,0,6.8,136,138,10.7,16.6,1,225.53,1014.7,1000.5
2025-10-31T16:00,12.3,0.00,81,9.2,11.0,0.00,0.00,0.00,3,100,100,7,0,7.0,137,134,14.4,15.8,1,3600.00,1014.6,1000.4
2025-10-31T17:00,10.8,0.00,87,8.6,9.2,0.00,0.00,0.00,3,100,100,9,0,8.4,131,115,18.0,16.6,1,0.00,1014.7,1000.4
2025-10-31T18:00,10.3,0.00,87,8.2,8.5,0.00,0.00,0.00,3,100,100,7,0,8.5,136,111,17.7,16.9,0,0.00,1014.9,1000.6
2025-10-31T19:00,9.8,0.00,90,8.3,8.1,0.00,0.00,0.00,3,100,100,32,0,8.7,123,104,18.6,16.6,0,0.00,1015.2,1000.9
2025-10-31T20:00,9.9,0.00,89,8.2,8.1,0.00,0.00,0.00,3,100,100,99,0,9.0,139,110,19.1,16.9,0,0.00,1015.3,1001.0
2025-10-31T21:00,10.6,0.00,87,8.5,8.9,0.00,0.00,0.00,3,98,74,97,0,9.2,151,113,18.9,18.4,0,0.00,1015.1,1000.8
2025-10-31T22:00,11.1,0.00,86,8.8,9.7,0.00,0.00,0.00,3,88,0,88,0,7.8,158,116,16.9,17.6,0,0.00,1015.3,1001.0
2025-10-31T23:00,11.0,0.00,87,8.8,9.5,0.00,0.00,0.00,0,15,11,5,0,7.6,162,121,15.9,14.8,0,0.00,1015.3,1001.0
2025-11-01T00:00,10.3,0.00,88,8.3,8.6,0.00,0.00,0.00,0,3,0,3,0,8.6,157,120,17.0,16.2,0,0.00,1015.2,1000.9
2025-11-01T01:00,9.0,0.00,89,7.4,7.1,0.00,0.00,0.00,0,0,0,0,0,8.7,135,104,16.4,16.9,0,0.00,1015.0,1000.6
2025-11-01T02:00,8.4,0.00,92,7.1,6.2,0.00,0.00,0.00,0,5,0,5,0,10.0,126,97,17.8,18.7,0,0.00,1014.9,1000.5
2025-11-01T03:00,8.3,0.00,93,7.3,6.1,0.00,0.00,0.00,0,6,0,6,0,10.4,119,100,20.2,19.8,0,0.00,1014.7,1000.3
2025-11-01T04:00,8.2,0.00,94,7.3,6.1,0.00,0.00,0.00,1,49,47,4,0,9.6,120,106,21.5,20.2,0,0.00,1014.0,999.6
2025-11-01T05:00,8.1,0.00,95,7.3,5.9,0.00,0.00,0.00,3,99,99,2,0,9.7,119,106,23.1,19.1,0,0.00,1013.9,999.5
2025-11-01T06:00,8.3,0.00,94,7.4,6.1,0.00,0.00,0.00,3,98,98,21,1,10.4,122,104,23.6,20.9,0,0.00,1013.6,999.2
2025-11-01T07:00,8.4,0.00,93,7.3,6.4,0.00,0.00,0.00,3,99,98,52,0,9.2,130,111,20.4,20.2,0,0.00,1013.3,998.9
2025-11-01T08:00,9.1,0.00,90,7.6,6.8,0.00,0.00,0.00,3,100,100,100,5,11.2,125,111,23.6,22.0,1,0.00,1013.4,999.0
2025-11-01T09:00,10.5,0.00,86,8.2,8.7,0.00,0.00,0.00,3,100,99,100,1,9.0,133,110,18.5,22.0,1,0.00,1013.7,999.4
2025-11-01T10:00,12.3,0.00,81,9.2,10.7,0.00,0.00,0.00,3,99,99,17,0,9.2,139,123,18.6,19.8,1,0.00,1013.0,998.8
2025-11-01T11:00,15.2,0.00,75,10.8,14.6,0.00,0.00,0.00,3,100,100,100,2,5.6,150,153,11.6,20.2,1,3600.00,1013.0,999.0
2025-11-01T12:00,15.7,0.00,74,11.0,15.1,0.00,0.00,0.00,3,100,100,100,3,6.0,149,147,11.1,16.2,1,583.98,1012.7,998.7
2025-11-01T13:00,16.2,0.00,74,11.6,15.8,0.00,0.00,0.00,3,100,100,100,4,5.8,181,144,13.9,15.8,1,0.00,1012.2,998.2
2025-11-01T14:00,16.0,0.00,73,11.2,15.3,0.00,0.00,0.00,3,100,100,100,6,7.3,205,190,16.8,17.3,1,0.00,1012.0,998.0
2025-11-01T15:00,15.5,0.20,77,11.4,14.7,0.20,0.00,0.00,51,100,100,100,1,8.5,201,186,19.9,18.7,1,0.00,1011.9,997.9
2025-11-01T16:00,15.3,0.00,79,11.8,14.7,0.00,0.00,0.00,3,100,100,100,11,8.0,207,190,19.7,18.7,1,0.00,1012.1,998.1
2025-11-01T17:00,14.9,0.10,81,11.7,13.8,0.10,0.00,0.00,51,100,100,100,45,11.2,222,220,23.2,22.3,1,0.00,1012.3,998.3
2025-11-01T18:00,14.0,0.50,89,12.2,12.7,0.50,0.00,0.00,53,100,100,100,100,13.4,220,215,26.3,31.3,0,0.00,1013.1,999.0
2025-11-01T19:00,13.1,0.80,94,12.2,12.5,0.80,0.00,0.00,53,100,100,99,84,8.2,237,221,18.3,27.0,0,0.00,1014.0,999.8
2025-11-01T20:00,12.6,0.10,97,12.2,12.2,0.10,0.00,0.00,51,100,99,100,100,7.3,231,211,17.5,16.6,0,0.00,1014.4,1000.2
2025-11-01T21:00,12.5,0.20,97,12.1,12.0,0.20,0.00,0.00,51,100,98,100,27,7.9,212,192,18.0,15.1,0,0.00,1014.6,1000.4
2025-11-01T22:00,12.5,0.10,96,11.9,11.8,0.10,0.00,0.00,51,100,100,100,20,9.0,214,203,19.3,17.6,0,0.00,1014.7,1000.5
2025-11-01T23:00,12.2,0.00,96,11.6,11.2,0.00,0.00,0.00,3,100,100,100,83,10.2,235,233,22.0,20.5,0,0.00,1014.7,1000.5
2025-11-02T00:00,11.9,0.10,97,11.4,11.3,0.10,0.00,0.00,51,100,100,100,1,7.0,237,230,18.6,20.9,0,0.00,1014.9,1000.7
2025-11-02T01:00,11.5,0.70,98,11.1,10.6,0.70,0.00,0.00,53,100,100,100,0,8.5,221,209,19.0,16.2,0,0.00,1014.9,1000.6
2025-11-02T02:00,11.5,0.20,98,11.2,10.6,0.20,0.00,0.00,51,100,100,100,9,8.4,229,220,19.1,20.9,0,0.00,1015.1,1000.8
2025-11-02T03:00,11.4,0.00,98,11.1,10.2,0.00,0.00,0.00,3,100,100,40,0,10.0,227,218,21.3,20.5,0,0.00,1014.9,1000.6
2025-11-02T04:00,11.0,0.00,98,10.7,10.0,0.00,0.00,0.00,3,100,100,100,2,8.4,222,211,20.0,20.9,0,0.00,1014.5,1000.2
2025-11-02T05:00,10.9,0.00,98,10.6,9.8,0.00,0.00,0.00,3,100,100,80,0,8.6,226,216,20.4,18.4,0,0.00,1014.2,999.9
2025-11-02T06:00,10.6,0.00,98,10.3,9.4,0.00,0.00,0.00,3,100,100,100,0,8.4,224,211,20.0,18.7,0,0.00,1014.4,1000.1
2025-11-02T07:00,10.4,0.10,98,10.1,9.1,0.10,0.00,0.00,51,100,100,87,2,9.0,218,203,20.8,17.6,0,0.00,1014.3,1000.0
2025-11-02T08:00,10.5,0.00,97,10.1,9.0,0.00,0.00,0.00,3,100,100,66,9,10.0,218,203,20.9,20.9,1,0.00,1014.9,1000.6
2025-11-02T09:00,10.8,0.10,96,10.3,9.3,0.10,0.00,0.00,51,100,100,98,18,10.9,210,193,20.6,22.0,1,0.00,1014.9,1000.6
2025-11-02T10:00,11.3,0.00,96,10.7,10.2,0.00,0.00,0.00,3,100,97,98,10,9.1,211,197,17.2,21.6,1,0.00,1014.3,1000.0
2025-11-02T11:00,12.3,0.00,92,11.1,11.2,0.00,0.00,0.00,3,100,100,13,38,10.3,216,213,14.8,23.8,1,2603.72,1014.1,999.9
2025-11-02T12:00,13.3,0.10,89,11.6,12.2,0.10,0.00,0.00,51,100,100,74,23,10.3,216,213,15.3,25.6,1,3600.00,1013.8,999.6
2025-11-02T13:00,13.0,1.20,87,10.9,11.6,1.20,0.00,0.00,55,100,100,87,16,11.0,209,208,16.4,29.9,1,0.00,1013.6,999.4
2025-11-02T14:00,12.5,0.70,84,9.9,10.7,0.70,0.00,0.00,53,100,100,63,39,12.2,214,213,20.1,28.4,1,0.00,1013.2,999.0
2025-11-02T15:00,11.3,0.60,94,10.4,9.2,0.60,0.00,0.00,53,100,100,62,66,14.7,218,213,24.5,29.9,1,0.00,1013.4,999.2
2025-11-02T16:00,10.7,1.10,92,9.4,8.7,1.10,0.00,0.00,55,100,100,95,45,12.5,212,205,22.1,30.6,1,0.00,1013.6,999.3
2025-11-02T17:00,9.9,0.50,98,9.6,8.0,0.50,0.00,0.00,53,100,100,100,75,12.4,203,193,22.9,28.1,1,0.00,1013.9,999.6
2025-11-02T18:00,10.2,0.40,94,9.4,8.0,0.40,0.00,0.00,51,100,100,100,62,13.9,224,222,24.8,31.3,0,0.00,1014.3,1000.0
2025-11-02T19:00,10.4,0.40,95,9.6,8.4,0.40,0.00,0.00,51,100,93,94,37,13.1,234,234,24.4,33.5,0,0.00,1014.7,1000.4
2025-11-02T20:00,10.0,0.20,95,9.3,7.7,0.20,0.00,0.00,51,74,71,7,8,14.7,237,233,26.7,32.0,0,0.00,1015.1,1000.8
2025-11-02T21:00,9.1,0.00,95,8.4,6.7,0.00,0.00,0.00,1,23,2,2,21,13.6,238,236,26.3,31.0,0,0.00,1016.0,1001.6
2025-11-02T22:00,8.6,0.20,95,7.8,5.9,0.20,0.00,0.00,51,38,0,16,33,14.2,246,246,26.6,29.9,0,0.00,1016.8,1002.4
2025-11-02T23:00,8.2,0.50,94,7.2,5.5,0.50,0.00,0.00,53,53,0,28,45,13.5,248,249,26.2,29.2,0,0.00,1017.6,1003.1
2025-11-03T00:00,8.1,0.00,96,7.4,5.6,0.00,0.00,0.00,2,66,0,31,62,12.4,247,244,24.0,27.7,0,0.00,1018.1,1003.6
2025-11-03T01:00,7.9,0.00,96,7.3,5.5,0.00,0.00,0.00,0,18,0,10,11,11.3,245,237,23.3,25.9,0,0.00,1018.9,1004.4
2025-11-03T02:00,7.6,0.00,98,7.3,5.4,0.00,0.00,0.00,0,19,0,7,16,10.2,250,242,22.0,23.4,0,0.00,1019.5,1005.0
2025-11-03T03:00,7.2,0.00,97,6.8,5.1,0.00,0.00,0.00,0,17,0,2,15,8.9,252,241,19.9,21.6,0,0.00,1020.0,1005.5
2025-11-03T04:00,6.7,0.00,98,6.4,4.7,0.00,0.00,0.00,0,19,0,6,15,7.0,236,215,17.6,18.7,0,0.00,1020.2,1005.6
2025-11-03T05:00,6.4,0.00,98,6.1,4.1,0.00,0.00,0.00,0,9,0,0,9,8.8,230,213,20.1,18.0,0,0.00,1020.8,1006.2
2025-11-03T06:00,6.2,0.00,98,5.9,3.8,0.00,0.00,0.00,0,9,0,0,9,9.2,229,219,20.9,19.4,0,0.00,1021.5,1006.9
2025-11-03T07:00,6.1,0.00,97,5.7,3.7,0.00,0.00,0.00,0,3,0,0,3,8.7,230,217,18.9,19.4,0,0.00,1022.1,1007.5
2025-11-03T08:00,6.1,0.00,97,5.7,3.7,0.00,0.00,0.00,1,26,7,6,20,9.1,230,218,20.3,19.4,1,0.00,1022.9,1008.3
2025-11-03T09:00,7.6,0.00,93,6.6,4.9,0.00,0.00,0.00,2,50,23,6,36,12.4,233,229,20.2,27.0,1,3600.00,1023.7,1009.1
2025-11-03T10:00,8.8,0.00,88,7.0,6.0,0.00,0.00,0.00,2,72,0,5,71,13.9,235,233,20.5,30.6,1,3600.00,1024.0,1009.5
2025-11-03T11:00,10.1,0.00,82,7.1,6.8,0.00,0.00,0.00,3,100,12,0,100,17.3,240,240,26.0,37.4,1,3552.05,1023.8,1009.3
2025-11-03T12:00,11.2,0.10,75,6.9,8.0,0.10,0.00,0.00,51,100,68,0,100,16.9,237,236,25.5,37.1,1,3600.00,1023.8,1009.4
2025-11-03T13:00,11.1,0.00,80,7.8,8.1,0.00,0.00,0.00,3,93,48,9,84,16.1,237,236,25.1,36.7,1,2583.03,1023.8,1009.4
2025-11-03T14:00,12.2,0.00,69,6.7,9.0,0.00,0.00,0.00,3,81,53,0,60,16.1,240,239,24.8,36.0,1,3600.00,1023.3,1009.0
2025-11-03T15:00,12.3,0.00,69,6.8,9.7,0.00,0.00,0.00,3,98,95,0,70,11.8,234,231,19.7,38.2,1,3600.00,1023.4,1009.1
2025-11-03T16:00,12.0,0.00,71,6.9,9.9,0.00,0.00,0.00,1,48,21,0,34,8.9,229,222,17.5,25.9,1,3600.00,1023.4,1009.1
2025-11-03T17:00,10.7,0.00,76,6.7,8.8,0.00,0.00,0.00,1,35,25,1,13,7.0,238,228,18.1,19.1,1,1092.85,1023.5,1009.1
2025-11-03T18:00,10.1,0.00,78,6.5,8.2,0.00,0.00,0.00,1,23,0,12,13,6.9,238,221,18.0,15.1,0,0.00,1024.0,1009.5
2025-11-03T19:00,10.3,0.00,81,7.2,8.6,0.00,0.00,0.00,0,14,0,1,14,6.5,230,203,16.9,14.8,0,0.00,1024.5,1010.1
2025-11-03T20:00,9.4,0.00,84,6.9,7.6,0.00,0.00,0.00,1,20,2,9,13,6.7,223,196,17.7,14.8,0,0.00,1024.7,1010.2
2025-11-03T21:00,9.1,0.00,86,6.9,7.2,0.00,0.00,0.00,1,27,0,1,27,7.4,217,187,18.1,15.1,0,0.00,1024.9,1010.4
2025-11-03T22:00,8.8,0.00,88,6.9,6.8,0.00,0.00,0.00,3,88,0,0,88,8.6,204,179,19.7,17.3,0,0.00,1025.2,1010.7
2025-11-03T23:00,9.2,0.00,86,7.0,7.0,0.00,0.00,0.00,2,73,19,0,68,9.7,201,182,21.7,19.8,0,0.00,1024.8,1010.3
2025-11-04T00:00,9.2,0.00,86,7.0,7.1,0.00,0.00,0.00,1,49,0,1,49,8.6,207,191,19.9,19.8,0,0.00,1025.0,1010.5
2025-11-04T01:00,9.4,0.10,87,7.4,7.6,0.10,0.00,0.00,51,86,0,0,86,8.1,206,186,19.2,17.6,0,0.00,1025.1,1010.6
2025-11-04T02:00,9.4,0.00,87,7.3,7.8,0.00,0.00,0.00,2,51,0,0,51,6.6,214,197,17.1,16.2,0,0.00,1025.1,1010.6
2025-11-04T03:00,9.0,0.00,88,7.0,7.4,0.00,0.00,0.00,2,75,0,0,75,5.8,205,173,14.9,14.0,0,0.00,1024.9,1010.4
2025-11-04T04:00,8.2,0.00,89,6.5,6.3,0.00,0.00,0.00,0,3,0,0,3,6.4,191,151,14.5,12.6,0,0.00,1024.8,1010.2
2025-11-04T05:00,7.4,0.00,91,5.9,5.4,0.00,0.00,0.00,0,4,0,0,4,6.2,178,134,13.0,13.0,0,0.00,1024.7,1010.1
2025-11-04T06:00,6.7,0.00,92,5.5,4.6,0.00,0.00,0.00,2,66,66,0,1,6.8,158,119,12.6,13.0,0,0.00,1024.5,1009.9
2025-11-04T07:00,6.0,0.00,94,5.1,3.5,0.00,0.00,0.00,2,63,59,0,9,8.3,134,114,15.7,14.8,0,0.00,1024.7,1010.0
2025-11-04T08:00,5.8,0.00,94,4.9,3.2,0.00,0.00,0.00,1,25,20,0,6,8.8,120,105,15.3,16.2,1,5.32,1025.1,1010.4
2025-11-04T09:00,7.5,0.00,91,6.1,5.2,0.00,0.00,0.00,1,44,44,0,0,9.1,112,107,18.3,19.1,1,3600.00,1025.1,1010.5
2025-11-04T10:00,9.7,0.00,83,6.9,7.9,0.00,0.00,0.00,3,100,100,0,0,7.3,113,110,17.8,18.7,1,3600.00,1025.1,1010.6
2025-11-04T11:00,11.5,0.00,76,7.4,9.9,0.00,0.00,0.00,3,98,98,0,0,6.1,114,113,9.8,18.4,1,3600.00,1024.8,1010.4
2025-11-04T12:00,13.0,0.00,71,7.8,11.4,0.00,0.00,0.00,2,72,72,0,0,7.0,124,122,10.6,18.7,1,3600.00,1024.5,1010.2
2025-11-04T13:00,14.5,0.00,65,8.0,12.6,0.00,0.00,0.00,3,97,97,0,0,9.3,130,130,13.9,19.4,1,3600.00,1023.4,1009.2
2025-11-04T14:00,15.1,0.00,64,8.3,13.4,0.00,0.00,0.00,3,88,88,0,0,8.5,145,145,12.5,23.0,1,3600.00,1023.0,1008.8
2025-11-04T15:00,15.0,0.00,66,8.8,13.6,0.00,0.00,0.00,3,98,98,0,0,7.7,146,144,12.2,20.2,1,3600.00,1022.7,1008.5
2025-11-04T16:00,13.8,0.00,74,9.3,12.7,0.00,0.00,0.00,3,95,95,0,0,6.0,130,123,14.4,17.3,1,3600.00,1022.3,1008.1
2025-11-04T17:00,11.9,0.00,79,8.4,10.4,0.00,0.00,0.00,3,100,100,0,0,7.2,130,112,17.5,13.7,0,1297.02,1022.1,1007.8
2025-11-04T18:00,10.9,0.00,80,7.6,8.9,0.00,0.00,0.00,3,85,85,0,0,8.9,135,108,20.1,16.9,0,0.00,1022.2,1007.8
2025-11-04T19:00,10.6,0.00,80,7.3,8.5,0.00,0.00,0.00,3,95,95,0,0,9.8,132,110,22.6,18.0,0,0.00,1022.0,1007.6
2025-11-04T20:00,9.8,0.00,81,6.8,7.6,0.00,0.00,0.00,3,100,100,0,0,9.3,132,112,21.9,19.1,0,0.00,1021.9,1007.5
2025-11-04T21:00,9.0,0.00,83,6.2,6.6,0.00,0.00,0.00,3,84,84,0,0,9.7,133,109,21.9,18.7,0,0.00,1022.0,1007.5
2025-11-04T22:00,8.4,0.00,83,5.7,5.8,0.00,0.00,0.00,3,96,96,0,0,10.8,125,105,22.8,20.9,0,0.00,1021.9,1007.4
2025-11-04T23:00,7.7,0.00,85,5.3,5.1,0.00,0.00,0.00,3,100,100,0,0,9.6,121,104,21.4,20.9,0,0.00,1021.7,1007.2
2025-11-05T00:00,7.1,0.00,86,4.9,4.6,0.00,0.00,0.00,3,82,82,0,0,8.4,121,101,18.1,19.1,0,0.00,1022.0,1007.4
2025-11-05T01:00,5.8,0.00,89,4.2,3.3,0.00,0.00,0.00,0,3,3,0,0,7.6,129,108,14.3,15.8,0,0.00,1022.5,1007.9
2025-11-05T02:00,5.3,0.00,90,3.8,2.6,0.00,0.00,0.00,2,61,61,0,0,8.5,132,108,15.0,15.8,0,0.00,1022.4,1007.7
2025-11-05T03:00,5.1,0.00,91,3.7,2.3,0.00,0.00,0.00,3,100,100,0,0,8.9,132,117,17.1,16.9,0,0.00,1022.2,1007.5
2025-11-05T04:00,4.8,0.00,92,3.5,2.0,0.00,0.00,0.00,3,98,98,0,0,8.2,125,116,17.7,16.9,0,0.00,1022.0,1007.3
2025-11-05T05:00,4.4,0.00,92,3.2,1.8,0.00,0.00,0.00,3,98,98,0,0,6.6,116,111,16.3,16.2,0,0.00,1021.9,1007.2
2025-11-05T06:00,3.7,0.00,94,2.8,1.3,0.00,0.00,0.00,3,98,98,0,0,5.1,110,107,13.9,13.0,0,0.00,1022.1,1007.3
2025-11-05T07:00,3.4,0.00,94,2.6,0.6,0.00,0.00,0.00,3,98,98,0,0,7.3,109,100,15.4,11.9,0,0.00,1022.1,1007.3
2025-11-05T08:00,3.5,0.00,93,2.5,0.7,0.00,0.00,0.00,3,100,100,0,0,6.9,116,107,14.7,13.7,1,8.47,1022.0,1007.2
2025-11-05T09:00,5.9,0.00,87,3.9,3.5,0.00,0.00,0.00,3,100,100,0,0,6.2,119,105,13.6,14.0,1,3600.00,1021.9,1007.3
2025-11-05T10:00,8.5,0.00,80,5.3,7.2,0.00,0.00,0.00,3,99,99,0,0,1.3,127,196,7.2,12.6,1,3600.00,1021.9,1007.4
2025-11-05T11:00,9.9,0.00,78,6.2,8.6,0.00,0.00,0.00,3,100,100,0,0,2.5,168,180,4.2,10.4,1,3600.00,1021.7,1007.3
2025-11-05T12:00,11.5,0.00,74,7.0,10.0,0.00,0.00,0.00,3,100,100,0,0,5.0,140,145,7.5,14.8,1,3600.00,1021.0,1006.7
2025-11-05T13:00,13.7,0.00,67,7.8,12.2,0.00,0.00,0.00,3,100,100,0,0,6.5,128,134,9.6,15.8,1,3600.00,1019.6,1005.4
2025-11-05T14:00,14.6,0.00,65,8.0,13.3,0.00,0.00,0.00,3,100,100,0,0,4.8,128,138,7.6,17.3,1,3600.00,1018.7,1004.5
2025-11-05T15:00,14.6,0.00,67,8.6,13.9,0.00,0.00,0.00,3,100,100,0,0,2.6,124,141,4.5,12.6,1,3600.00,1018.3,1004.2
2025-11-05T16:00,13.4,0.00,74,8.8,13.0,0.00,0.00,0.00,3,99,99,0,0,0.6,94,72,5.1,6.1,1,546.91,1018.0,1003.8
2025-11-05T17:00,11.0,0.00,80,7.8,10.0,0.00,0.00,0.00,0,0,0,0,0,3.1,82,66,8.7,5.8,0,114.65,1017.8,1003.5
2025-11-05T18:00,9.6,0.00,86,7.3,8.2,0.00,0.00,0.00,0,0,0,0,0,5.2,87,63,13.9,10.1,0,0.00,1017.6,1003.2
2025-11-05T19:00,9.2,0.00,83,6.5,7.1,0.00,0.00,0.00,0,0,0,0,0,8.4,93,81,21.8,14.4,0,0.00,1016.9,1002.5
2025-11-05T20:00,9.1,0.00,83,6.3,6.9,0.00,0.00,0.00,0,0,0,0,0,9.1,100,98,23.1,18.7,0,0.00,1016.7,1002.3
2025-11-05T21:00,8.4,0.00,85,6.1,6.0,0.00,0.00,0.00,0,0,0,0,0,9.5,103,99,22.5,18.4,0,0.00,1016.4,1002.0
2025-11-05T22:00,7.6,0.00,87,5.6,5.0,0.00,0.00,0.00,0,0,0,0,0,10.3,101,92,23.3,20.5,0,0.00,1016.1,1001.6
2025-11-05T23:00,6.6,0.00,89,4.9,4.2,0.00,0.00,0.00,0,2,2,0,0,7.4,102,91,18.4,20.2,0,0.00,1015.9,1001.4
2025-11-06T00:00,5.8,0.00,90,4.3,3.3,0.00,0.00,0.00,0,2,2,0,0,7.2,100,87,16.8,14.8,0,0.00,1015.7,1001.1
2025-11-06T01:00,5.0,0.00,93,3.9,2.4,0.00,0.00,0.00,0,0,0,0,0,7.9,104,93,18.9,14.4,0,0.00,1015.5,1000.9
2025-11-06T02:00,3.6,0.00,95,2.9,1.2,0.00,0.00,0.00,0,0,0,0,0,5.4,107,98,16.3,15.5,0,0.00,1015.1,1000.4
2025-11-06T03:00,3.2,0.00,96,2.6,0.7,0.00,0.00,0.00,0,0,0,0,0,5.2,104,92,15.2,11.5,0,0.00,1014.8,1000.1
2025-11-06T04:00,2.7,0.00,96,2.2,0.3,0.00,0.00,0.00,0,0,0,0,0,4.7,96,83,13.2,10.8,0,0.00,1014.5,999.8
2025-11-06T05:00,2.4,0.00,97,1.9,0.1,0.00,0.00,0.00,1,32,32,0,0,2.9,93,83,9.0,9.7,0,0.00,1014.3,999.6
2025-11-06T06:00,2.3,0.00,97,1.9,0.3,0.00,0.00,0.00,3,90,90,0,0,1.1,95,90,4.5,5.8,0,0.00,1014.6,999.9
2025-11-06T07:00,2.2,0.00,96,1.7,0.1,0.00,0.00,0.00,2,78,78,0,0,1.6,101,117,5.7,3.2,0,0.00,1014.5,999.8
2025-11-06T08:00,2.1,0.00,96,1.6,-0.3,0.00,0.00,0.00,2,53,53,0,0,3.4,92,96,8.8,6.5,1,0.00,1014.7,1000.0
2025-11-06T09:00,4.4,0.00,91,3.0,2.3,0.00,0.00,0.00,1,20,20,0,0,3.1,110,130,7.5,9.7,1,3600.00,1014.7,1000.1
2025-11-06T10:00,6.1,0.00,87,4.2,4.3,0.00,0.00,0.00,0,2,2,0,0,2.6,127,129,4.5,10.1,1,3600.00,1014.6,1000.1
2025-11-06T11:00,7.6,0.00,84,5.0,6.0,0.00,0.00,0.00,0,7,6,0,1,2.8,140,145,4.2,11.5,1,3600.00,1014.2,999.8
2025-11-06T12:00,8.9,0.00,80,5.7,7.4,0.00,0.00,0.00,0,9,9,0,0,2.9,149,158,4.2,12.6,1,3600.00,1013.9,999.5
2025-11-06T13:00,10.2,0.00,80,6.8,8.7,0.00,0.00,0.00,3,93,92,0,2,4.5,141,146,6.0,13.0,1,3600.00,1013.2,998.9
2025-11-06T14:00,10.8,0.00,79,7.3,9.4,0.00,0.00,0.00,3,80,80,0,1,4.7,148,152,6.4,14.4,1,3600.00,1012.8,998.5
2025-11-06T15:00,10.9,0.00,79,7.4,9.5,0.00,0.00,0.00,2,75,75,0,0,4.9,147,152,6.9,14.0,1,3600.00,1012.6,998.3
2025-11-06T16:00,10.0,0.00,84,7.5,8.8,0.00,0.00,0.00,3,84,84,0,0,4.1,133,142,9.6,13.0,1,3600.00,1012.3,998.0
2025-11-06T17:00,8.1,0.00,89,6.4,6.5,0.00,0.00,0.00,1,38,38,0,0,5.1,125,132,13.2,9.7,0,550.71,1012.2,997.8
2025-11-06T18:00,7.2,0.00,91,5.7,5.1,0.00,0.00,0.00,0,0,0,0,0,6.6,110,107,15.0,12.6,0,0.00,1012.2,997.8
2025-11-06T19:00,5.7,0.00,94,4.8,3.4,0.00,0.00,0.00,0,0,0,0,0,7.1,100,97,16.2,13.7,0,0.00,1012.5,998.0
2025-11-06T20:00,4.8,0.00,94,3.9,2.4,0.00,0.00,0.00,0,1,0,0,1,6.6,90,79,13.7,14.4,0,0.00,1012.7,998.1
2025-11-06T21:00,4.1,0.00,94,3.2,1.4,0.00,0.00,0.00,0,5,0,0,5,7.7,88,81,13.9,14.8,0,0.00,1012.5,997.9
2025-11-06T22:00,3.7,0.00,94,2.8,1.0,0.00,0.00,0.00,0,4,0,0,4,7.2,94,87,14.1,15.1,0,0.00,1012.5,997.9
2025-11-06T23:00,3.2,0.00,96,2.6,0.7,0.00,0.00,0.00,0,1,0,0,1,5.1,93,80,10.8,14.0,0,0.00,1012.1,997.5
2025-11-07T00:00,2.8,0.00,97,2.3,0.4,0.00,0.00,0.00,0,1,0,0,1,4.3,74,66,8.0,10.1,0,0.00,1012.1,997.4
2025-11-07T01:00,2.4,0.00,95,1.7,0.2,0.00,0.00,0.00,1,44,44,0,0,2.6,67,65,6.9,8.3,0,0.00,1012.8,998.1
2025-11-07T02:00,2.0,0.00,95,1.3,-0.5,0.00,0.00,0.00,3,91,88,0,16,3.5,50,75,7.3,6.8,0,0.00,1012.8,998.1
2025-11-07T03:00,2.5,0.00,96,1.9,0.2,0.00,0.00,0.00,3,95,92,0,35,3.4,75,96,7.1,7.2,0,0.00,1012.9,998.2
2025-11-07T04:00,3.0,0.00,97,2.5,0.8,0.00,0.00,0.00,3,100,84,0,100,3.1,90,100,7.4,6.8,0,0.00,1012.6,997.9
2025-11-07T05:00,3.1,0.00,99,3.0,0.9,0.00,0.00,0.00,3,100,95,0,100,4.0,108,126,7.2,9.4,0,0.00,1012.7,998.0
2025-11-07T06:00,3.0,0.00,98,2.6,0.5,0.00,0.00,0.00,3,100,31,0,100,5.0,111,125,7.0,11.5,0,0.00,1012.9,998.2
2025-11-07T07:00,2.7,0.00,97,2.2,0.2,0.00,0.00,0.00,3,100,10,0,100,5.1,135,144,7.6,11.5,0,0.00,1013.3,998.6
2025-11-07T08:00,2.7,0.00,98,2.4,0.1,0.00,0.00,0.00,3,100,17,0,100,5.8,119,129,8.1,13.7,1,0.00,1013.8,999.1
2025-11-07T09:00,3.1,0.00,97,2.6,0.4,0.00,0.00,0.00,3,100,32,0,100,6.5,116,120,9.2,15.8,1,0.00,1014.2,999.5
2025-11-07T10:00,4.0,0.00,94,3.1,1.6,0.00,0.00,0.00,3,100,97,0,100,5.8,104,112,7.2,17.3,1,581.13,1014.0,999.4
2025-11-07T11:00,5.3,0.00,88,3.5,3.1,0.00,0.00,0.00,3,100,92,0,98,4.6,110,116,5.8,15.5,1,2044.08,1013.8,999.2
2025-11-07T12:00,6.3,0.00,84,3.8,4.3,0.00,0.00,0.00,3,99,81,0,98,3.9,111,118,5.4,14.0,1,2032.09,1013.5,999.0
2025-11-07T13:00,4.9,0.00,83,2.2,2.3,0.00,0.00,0.00,3,94,89,0,43,5.2,147,153,6.6,13.7,1,3600.00,1014.0,999.4
2025-11-07T14:00,5.6,0.00,81,2.6,3.2,0.00,0.00,0.00,2,77,77,0,5,4.8,129,132,6.5,15.8,1,3600.00,1013.6,999.1
2025-11-07T15:00,5.8,0.00,81,2.9,3.6,0.00,0.00,0.00,0,10,5,0,5,4.0,143,150,5.4,14.8,1,3600.00,1013.4,998.9
2025-11-07T16:00,5.6,0.00,84,3.1,3.4,0.00,0.00,0.00,0,0,0,0,0,4.3,156,165,6.1,12.2,1,3600.00,1013.5,999.0
2025-11-07T17:00,3.9,0.00,91,2.6,1.8,0.00,0.00,0.00,0,1,0,0,1,2.7,168,180,7.0,9.7,0,631.61,1013.6,999.0
2025-11-07T18:00,3.2,0.00,92,2.1,1.1,0.00,0.00,0.00,0,1,0,0,1,2.1,135,110,5.3,5.0,0,0.00,1013.7,999.0
2025-11-07T19:00,3.9,0.00,95,3.1,1.9,0.00,0.00,0.00,3,98,0,0,98,2.9,136,133,8.5,5.0,0,0.00,1014.3,999.7
2025-11-07T20:00,3.8,0.00,93,2.8,1.7,0.00,0.00,0.00,1,47,0,0,47,3.4,125,122,9.2,6.8,0,0.00,1014.5,999.9
2025-11-07T21:00,3.4,0.00,94,2.5,1.3,0.00,0.00,0.00,1,45,0,0,45,3.1,117,111,9.5,6.8,0,0.00,1014.6,999.9
2025-11-07T22:00,3.6,0.00,94,2.6,1.5,0.00,0.00,0.00,2,69,0,0,69,2.4,114,103,7.9,6.1,0,0.00,1014.8,1000.1
2025-11-07T23:00,4.0,0.00,93,3.0,2.0,0.00,0.00,0.00,3,80,0,0,80,2.9,118,97,8.4,5.4,0,0.00,1014.5,999.9
2025-11-08T00:00,3.7,0.00,94,2.8,1.5,0.00,0.00,0.00,2,69,0,0,69,3.6,119,87,9.3,7.2,0,0.00,1014.5,999.9
2025-11-08T01:00,2.9,0.00,96,2.4,0.9,0.00,0.00,0.00,3,100,0,0,100,1.6,115,84,4.2,7.2,0,0.00,1014.8,1000.1
2025-11-08T02:00,3.4,0.00,95,2.7,1.6,0.00,0.00,0.00,3,100,0,0,100,1.2,119,39,2.3,5.4,0,0.00,1014.9,1000.2
2025-11-08T03:00,3.7,0.00,95,2.9,1.7,0.00,0.00,0.00,3,100,0,0,100,2.0,144,135,3.3,5.0,0,0.00,1014.8,1000.1
2025-11-08T04:00,3.7,0.00,97,3.2,1.7,0.00,0.00,0.00,3,100,0,0,100,3.3,147,151,4.9,7.9,0,0.00,1014.7,1000.1
2025-11-08T05:00,3.7,0.00,98,3.4,1.5,0.00,0.00,0.00,3,100,0,0,100,4.5,159,164,6.0,10.1,0,0.00,1014.9,1000.3
2025-11-08T06:00,3.6,0.00,99,3.5,1.3,0.00,0.00,0.00,3,100,0,0,100,5.3,157,162,6.9,12.2,0,0.00,1014.9,1000.2
2025-11-08T07:00,3.8,0.00,99,3.7,1.4,0.00,0.00,0.00,3,100,0,0,100,5.8,174,178,8.0,12.2,0,0.00,1015.1,1000.4
2025-11-08T08:00,3.7,0.00,99,3.5,1.4,0.00,0.00,0.00,3,100,0,0,100,5.0,175,182,6.9,13.7,1,0.00,1015.5,1000.8
2025-11-08T09:00,3.7,0.00,99,3.6,1.7,0.00,0.00,0.00,3,100,0,0,100,3.8,170,175,5.3,12.6,1,0.00,1016.1,1001.4
2025-11-08T10:00,4.2,0.00,96,3.6,2.2,0.00,0.00,0.00,3,100,0,0,100,3.7,161,169,4.4,11.9,1,0.00,1016.2,1001.6
2025-11-08T11:00,5.0,0.00,92,3.8,3.0,0.00,0.00,0.00,3,100,0,0,100,3.6,156,162,4.3,11.9,1,0.00,1016.2,1001.6
2025-11-08T12:00,5.8,0.00,89,4.1,3.9,0.00,0.00,0.00,3,100,0,0,100,3.8,176,183,4.7,12.6,1,0.00,1016.2,1001.6
2025-11-08T13:00,5.5,0.00,87,3.5,3.4,0.00,0.00,0.00,3,100,0,0,100,4.0,234,234,4.9,12.6,1,0.00,1016.3,1001.7
2025-11-08T14:00,5.9,0.00,86,3.8,4.0,0.00,0.00,0.00,3,100,0,0,100,3.1,211,216,3.8,13.0,1,0.00,1016.1,1001.5
2025-11-08T15:00,6.2,0.00,86,4.0,4.2,0.00,0.00,0.00,3,100,0,0,100,3.9,231,233,4.9,12.2,1,999.12,1016.1,1001.6
2025-11-08T16:00,6.0,0.00,87,4.1,4.1,0.00,0.00,0.00,3,100,0,0,100,3.1,245,246,4.2,12.2,1,544.53,1016.4,1001.8
2025-11-08T17:00,5.4,0.00,91,4.1,3.8,0.00,0.00,0.00,3,100,0,0,100,0.9,243,233,2.0,8.6,0,0.00,1016.7,1002.1
2025-11-08T18:00,5.3,0.00,91,4.0,3.5,0.00,0.00,0.00,3,94,0,0,94,2.9,164,169,4.7,4.3,0,0.00,1017.0,1002.4
2025-11-08T19:00,5.4,0.00,94,4.4,3.5,0.00,0.00,0.00,3,97,0,0,97,3.6,197,180,6.9,7.9,0,0.00,1017.4,1002.8
2025-11-08T20:00,5.3,0.00,95,4.5,3.3,0.00,0.00,0.00,3,96,0,0,96,4.5,210,180,10.0,8.6,0,0.00,1017.7,1003.1
2025-11-08T21:00,5.6,0.00,94,4.7,3.5,0.00,0.00,0.00,3,99,0,0,99,5.6,194,174,11.5,10.4,0,0.00,1018.0,1003.4
2025-11-08T22:00,5.7,0.00,94,4.9,3.4,0.00,0.00,0.00,3,100,0,3,100,7.0,194,179,13.8,14.0,0,0.00,1018.3,1003.7
2025-11-08T23:00,5.8,0.00,95,5.1,3.5,0.00,0.00,0.00,3,100,0,17,100,7.6,197,184,13.9,16.6,0,0.00,1018.0,1003.4
2025-11-09T00:00,5.8,0.10,97,5.3,3.7,0.10,0.00,0.00,51,100,0,98,100,6.1,206,194,11.8,16.2,0,0.00,1018.1,1003.5
2025-11-09T01:00,6.2,0.40,98,6.0,4.2,0.40,0.00,0.00,51,100,0,54,100,6.6,214,202,13.7,13.0,0,0.00,1017.9,1003.3
2025-11-09T02:00,6.2,0.10,99,6.1,4.2,0.10,0.00,0.00,51,100,0,50,100,6.8,214,198,14.5,13.7,0,0.00,1017.9,1003.3
2025-11-09T03:00,6.4,0.40,99,6.2,4.4,0.40,0.00,0.00,51,100,0,41,100,7.1,210,190,14.4,15.1,0,0.00,1017.6,1003.0
2025-11-09T04:00,6.3,0.20,99,6.2,4.6,0.20,0.00,0.00,51,99,0,74,97,5.2,231,221,13.7,15.1,0,0.00,1017.7,1003.1
2025-11-09T05:00,6.4,0.40,99,6.3,4.6,0.40,0.00,0.00,51,100,0,93,99,5.9,219,203,13.4,12.2,0,0.00,1017.8,1003.2
2025-11-09T06:00,6.4,0.50,99,6.3,4.7,0.50,0.00,0.00,53,100,0,45,100,5.6,224,211,12.3,11.9,0,0.00,1017.7,1003.2
2025-11-09T07:00,7.0,0.00,99,6.9,5.2,0.00,0.00,0.00,3,100,2,100,100,7.0,231,222,14.1,11.9,0,0.00,1017.6,1003.1
2025-11-09T08:00,7.2,0.00,99,7.0,5.5,0.00,0.00,0.00,3,100,14,100,100,6.5,227,214,14.0,13.7,1,0.00,1018.1,1003.6
2025-11-09T09:00,7.3,0.50,99,7.2,5.6,0.50,0.00,0.00,53,100,1,100,100,6.6,223,206,14.5,13.0,1,0.00,1018.4,1003.9
2025-11-09T10:00,7.7,0.40,99,7.6,6.1,0.40,0.00,0.00,51,100,0,100,100,7.1,225,216,15.4,15.1,1,0.00,1018.7,1004.2
2025-11-09T11:00,7.8,0.50,100,7.7,6.1,0.50,0.00,0.00,53,100,0,100,100,7.4,230,219,15.2,15.1,1,0.00,1018.8,1004.3
2025-11-09T12:00,7.9,0.50,99,7.8,6.2,0.50,0.00,0.00,53,100,0,100,100,8.0,233,222,12.3,15.8,1,0.00,1018.7,1004.2
2025-11-09T13:00,8.2,0.10,99,8.0,7.2,0.10,0.00,0.00,51,100,0,100,100,3.1,245,204,5.6,15.5,1,0.00,1018.7,1004.2
2025-11-09T14:00,8.6,0.40,98,8.4,7.6,0.40,0.00,0.00,51,100,0,100,100,4.1,236,218,5.8,9.0,1,0.00,1018.6,1004.2
2025-11-09T15:00,8.8,0.30,99,8.6,7.6,0.30,0.00,0.00,51,100,41,100,99,5.6,222,205,9.2,10.8,1,0.00,1018.4,1004.0
2025-11-09T16:00,9.0,0.10,99,8.9,8.0,0.10,0.00,0.00,51,100,100,100,100,4.7,221,203,9.8,11.9,1,0.00,1018.4,1004.0
2025-11-09T17:00,8.8,0.10,99,8.7,7.7,0.10,0.00,0.00,51,100,100,100,99,4.9,228,208,11.0,9.4,0,0.00,1018.5,1004.1
2025-11-09T18:00,8.6,0.10,99,8.4,7.7,0.10,0.00,0.00,51,100,7,100,49,3.3,223,186,8.9,9.4,0,0.00,1018.8,1004.3
2025-11-09T19:00,8.9,0.20,90,7.3,7.4,0.20,0.00,0.00,51,100,0,100,44,5.0,234,201,7.6,7.6,0,0.00,1019.1,1004.7
2025-11-09T20:00,8.8,0.10,98,8.5,7.8,0.10,0.00,0.00,51,100,0,100,14,4.1,221,193,10.1,10.8,0,0.00,1019.2,1004.7
2025-11-09T21:00,8.4,0.00,99,8.2,7.4,0.00,0.00,0.00,3,98,52,96,33,3.4,222,186,9.4,7.2,0,0.00,1019.3,1004.8
2025-11-09T22:00,7.9,0.00,99,7.8,6.8,0.00,0.00,0.00,3,100,91,98,63,3.5,211,165,7.7,6.1,0,0.00,1019.4,1004.9
2025-11-09T23:00,7.7,0.00,99,7.6,6.5,0.00,0.00,0.00,3,95,82,68,38,3.8,207,161,7.5,7.2,0,0.00,1019.0,1004.5
2025-11-10T00:00,7.1,0.00,99,7.0,5.7,0.00,0.00,0.00,3,95,37,14,90,4.6,198,159,9.3,8.3,0,0.00,1018.7,1004.2
2025-11-10T01:00,7.1,0.00,100,7.0,5.6,0.00,0.00,0.00,3,100,94,17,98,4.9,199,163,11.4,9.7,0,0.00,1018.6,1004.1
2025-11-10T02:00,7.2,0.00,100,7.1,5.8,0.00,0.00,0.00,3,100,85,11,100,4.6,202,171,11.1,11.9,0,0.00,1018.5,1004.0
2025-11-10T03:00,6.8,0.00,99,6.7,5.4,0.00,0.00,0.00,3,100,4,7,100,4.0,196,159,9.6,9.0,0,0.00,1018.2,1003.7
2025-11-10T04:00,6.8,0.00,100,6.8,5.2,0.00,0.00,0.00,3,100,0,2,100,5.1,178,138,9.9,10.1,0,0.00,1017.9,1003.4
2025-11-10T05:00,6.6,0.00,100,6.6,5.2,0.00,0.00,0.00,3,100,0,0,100,3.7,177,145,7.7,10.8,0,0.00,1017.9,1003.4
2025-11-10T06:00,6.4,0.00,100,6.4,4.9,0.00,0.00,0.00,3,100,0,0,100,4.0,165,150,6.3,9.4,0,0.00,1018.0,1003.4
2025-11-10T07:00,6.5,0.00,100,6.5,4.8,0.00,0.00,0.00,3,100,0,0,100,5.1,132,135,7.5,13.3,0,0.00,1017.9,1003.4
2025-11-10T08:00,6.5,0.00,100,6.4,4.5,0.00,0.00,0.00,3,100,0,0,100,7.5,128,127,11.7,16.9,1,0.00,1017.7,1003.2
2025-11-10T09:00,6.6,0.00,98,6.4,4.9,0.00,0.00,0.00,3,100,0,0,100,5.1,166,170,7.2,17.3,1,0.00,1018.0,1003.5
2025-11-10T10:00,6.9,0.00,98,6.5,5.3,0.00,0.00,0.00,3,100,0,0,100,4.6,162,171,6.3,13.7,1,0.00,1018.0,1003.5
2025-11-10T11:00,7.4,0.00,98,7.0,5.8,0.00,0.00,0.00,3,100,16,0,100,5.5,143,144,7.7,15.5,1,0.00,1017.5,1003.0
2025-11-10T12:00,8.7,0.00,92,7.4,7.3,0.00,0.00,0.00,3,100,91,0,100,4.7,155,162,6.0,16.2,1,0.00,1017.0,1002.6
2025-11-10T13:00,9.9,0.00,89,8.1,8.8,0.00,0.00,0.00,3,100,100,0,100,4.3,180,195,5.8,14.4,1,0.00,1016.2,1001.8
2025-11-10T14:00,10.1,0.00,88,8.2,9.0,0.00,0.00,0.00,3,100,100,0,67,4.0,244,252,4.6,12.2,1,0.00,1015.7,1001.4
2025-11-10T15:00,9.7,0.00,91,8.4,8.5,0.00,0.00,0.00,3,99,98,55,46,5.1,278,276,6.2,13.3,1,2044.53,1015.2,1000.9
2025-11-10T16:00,8.9,0.00,95,8.1,7.6,0.00,0.00,0.00,3,99,9,22,99,5.4,266,268,7.0,13.7,1,2232.17,1015.1,1000.7
2025-11-10T17:00,7.0,0.00,100,7.0,6.0,0.00,0.00,0.00,3,100,87,3,98,1.1,233,288,1.8,12.2,0,50.12,1014.9,1000.4
2025-11-10T18:00,6.0,0.00,100,6.0,4.5,0.00,0.00,0.00,3,100,100,21,91,3.2,223,254,7.6,6.1,0,0.00,1015.3,1000.8
2025-11-10T19:00,6.2,0.00,100,6.1,4.7,0.00,0.00,0.00,3,100,98,46,100,3.6,211,189,9.8,6.8,0,0.00,1015.3,1000.8
2025-11-10T20:00,6.7,0.00,98,6.4,4.9,0.00,0.00,0.00,3,100,100,5,100,5.6,186,158,11.6,11.9,0,0.00,1015.0,1000.5
2025-11-10T21:00,6.4,0.00,99,6.2,4.5,0.00,0.00,0.00,3,100,100,26,100,6.0,174,143,12.7,13.3,0,0.00,1014.8,1000.3
2025-11-10T22:00,6.3,0.00,100,6.2,4.3,0.00,0.00,0.00,3,100,100,2,100,6.8,164,132,11.8,14.0,0,0.00,1015.1,1000.6
2025-11-10T23:00,6.5,0.00,100,6.4,4.6,0.00,0.00,0.00,3,100,48,54,100,6.3,182,145,14.2,15.8,0,0.00,1015.3,1000.8
2025-11-11T00:00,6.4,0.00,100,6.4,4.3,0.00,0.00,0.00,3,100,85,100,100,8.0,196,155,16.6,16.9,0,0.00,1015.6,1001.1
2025-11-11T01:00,6.1,0.00,100,6.1,3.8,0.00,0.00,0.00,3,100,89,84,100,9.1,195,128,20.5,18.4,0,0.00,1015.7,1001.2
2025-11-11T02:00,6.8,0.00,97,6.4,4.6,0.00,0.00,0.00,3,100,84,72,100,8.8,203,168,18.6,19.4,0,0.00,1015.9,1001.4
2025-11-11T03:00,7.5,0.00,94,6.6,5.4,0.00,0.00,0.00,3,98,93,13,82,8.7,215,193,19.4,18.7,0,0.00,1015.8,1001.3
2025-11-11T04:00,7.7,0.00,94,6.8,5.4,0.00,0.00,0.00,3,98,98,3,33,10.4,225,212,23.3,21.6,0,0.00,1015.8,1001.3
2025-11-11T05:00,7.4,0.00,95,6.7,5.1,0.00,0.00,0.00,3,98,98,0,19,10.3,222,209,23.7,22.0,0,0.00,1015.9,1001.4
2025-11-11T06:00,7.4,0.00,95,6.6,5.2,0.00,0.00,0.00,3,100,100,0,36,8.8,220,206,21.7,21.6,0,0.00,1016.0,1001.5
2025-11-11T07:00,7.1,0.10,96,6.5,5.4,0.10,0.00,0.00,51,100,99,13,100,5.6,213,182,16.0,18.4,0,0.00,1016.6,1002.1
2025-11-11T08:00,7.9,0.10,95,7.2,6.0,0.10,0.00,0.00,51,100,69,5,99,8.0,200,170,16.1,15.1,1,0.00,1017.0,1002.5
2025-11-11T09:00,8.3,0.00,94,7.4,6.3,0.00,0.00,0.00,3,97,95,0,30,8.8,208,185,16.8,16.6,1,194.00,1017.6,1003.1
2025-11-11T10:00,9.7,0.00,91,8.3,7.9,0.00,0.00,0.00,3,97,95,0,30,8.7,215,197,19.4,19.1,1,3600.00,1018.0,1003.6
2025-11-11T11:00,11.0,0.00,87,9.0,9.5,0.00,0.00,0.00,3,100,100,0,39,7.9,219,210,14.7,20.5,1,3600.00,1018.2,1003.9
2025-11-11T12:00,12.0,0.00,78,8.3,9.8,0.00,0.00,0.00,3,98,95,0,46,12.0,232,231,17.4,26.3,1,3600.00,1018.0,1003.7
2025-11-11T13:00,12.7,0.00,73,8.0,10.6,0.00,0.00,0.00,3,98,97,0,28,10.6,235,236,15.4,28.4,1,3600.00,1017.4,1003.2
2025-11-11T14:00,13.2,0.00,70,7.9,11.4,0.00,0.00,0.00,3,100,100,0,18,8.5,244,243,12.4,24.8,1,3600.00,1017.0,1002.8
2025-11-11T15:00,13.3,0.00,70,7.9,11.7,0.00,0.00,0.00,3,96,94,0,29,7.3,224,220,11.3,19.8,1,3600.00,1016.8,1002.6
2025-11-11T16:00,12.3,0.00,76,8.3,10.9,0.00,0.00,0.00,3,100,100,0,2,6.5,171,152,12.6,16.6,1,3600.00,1016.9,1002.7
2025-11-11T17:00,10.4,0.00,84,7.7,8.7,0.00,0.00,0.00,3,90,90,0,0,7.5,145,117,13.4,13.7,0,201.04,1016.9,1002.6
2025-11-11T18:00,9.5,0.00,86,7.3,7.6,0.00,0.00,0.00,0,2,2,0,0,7.9,137,101,13.8,14.8,0,0.00,1017.1,1002.7
2025-11-11T19:00,8.9,0.00,87,6.9,6.9,0.00,0.00,0.00,0,1,1,0,0,8.7,117,96,15.7,15.1,0,0.00,1017.2,1002.8
2025-11-11T20:00,8.4,0.00,89,6.6,6.1,0.00,0.00,0.00,0,3,3,0,0,9.4,114,98,20.1,17.6,0,0.00,1016.9,1002.5
2025-11-11T21:00,8.2,0.00,89,6.5,5.9,0.00,0.00,0.00,0,17,17,0,0,9.8,111,97,22.3,18.7,0,0.00,1016.9,1002.5
2025-11-11T22:00,8.0,0.00,90,6.4,5.4,0.00,0.00,0.00,0,2,2,0,0,11.9,108,100,25.7,22.0,0,0.00,1017.0,1002.5
2025-11-11T23:00,7.8,0.00,90,6.3,5.1,0.00,0.00,0.00,3,80,80,0,0,11.7,113,105,24.9,23.0,0,0.00,1016.7,1002.2
2025-11-12T00:00,7.1,0.00,91,5.8,4.6,0.00,0.00,0.00,2,76,76,0,0,9.9,118,105,21.5,22.7,0,0.00,1017.2,1002.7
2025-11-12T01:00,6.4,0.00,92,5.1,3.5,0.00,0.00,0.00,2,73,73,0,0,11.5,116,104,23.3,19.8,0,0.00,1017.0,1002.5
2025-11-12T02:00,5.9,0.00,92,4.7,2.9,0.00,0.00,0.00,3,95,95,0,0,11.3,116,104,23.2,22.7,0,0.00,1016.8,1002.2
2025-11-12T03:00,5.5,0.00,93,4.5,2.6,0.00,0.00,0.00,3,98,98,0,0,11.1,116,104,23.0,22.0,0,0.00,1016.5,1001.9
2025-11-12T04:00,5.0,0.00,95,4.2,2.3,0.00,0.00,0.00,3,94,94,0,0,9.5,117,104,21.3,21.2,0,0.00,1016.5,1001.9
2025-11-12T05:00,4.8,0.00,95,4.0,1.9,0.00,0.00,0.00,1,49,49,0,0,9.7,113,102,21.5,19.4,0,0.00,1016.4,1001.8
2025-11-12T06:00,4.5,0.00,95,3.7,1.7,0.00,0.00,0.00,2,62,62,0,0,9.0,118,113,20.9,19.1,0,0.00,1016.2,1001.6
2025-11-12T07:00,4.0,0.00,95,3.3,1.1,0.00,0.00,0.00,3,95,95,0,0,8.8,123,113,19.0,18.0,0,0.00,1016.5,1001.8
2025-11-12T08:00,3.6,0.00,96,2.9,0.8,0.00,0.00,0.00,3,99,99,0,0,7.5,125,114,17.8,16.6,1,0.00,1016.9,1002.2
2025-11-12T09:00,5.3,0.00,91,4.0,2.7,0.00,0.00,0.00,3,97,97,0,0,8.3,130,114,17.1,16.2,1,3163.48,1017.2,1002.6
2025-11-12T10:00,7.6,0.00,88,5.7,5.5,0.00,0.00,0.00,2,65,65,0,0,6.5,133,129,16.8,16.2,1,3600.00,1017.2,1002.7
2025-11-12T11:00,9.9,0.00,81,6.8,8.2,0.00,0.00,0.00,3,100,100,0,1,5.6,132,138,12.9,15.8,1,3600.00,1017.0,1002.6
2025-11-12T12:00,11.5,0.00,75,7.3,10.4,0.00,0.00,0.00,3,100,100,0,2,3.0,141,155,4.9,15.8,1,3600.00,1016.8,1002.5
2025-11-12T13:00,13.0,0.00,71,7.9,11.7,0.00,0.00,0.00,3,99,99,0,1,5.0,128,136,7.3,11.9,1,3600.00,1016.2,1002.0
2025-11-12T14:00,13.7,0.00,70,8.3,12.5,0.00,0.00,0.00,3,100,100,0,0,4.7,127,137,7.2,13.7,1,3600.00,1015.8,1001.6
2025-11-12T15:00,13.4,0.00,74,8.8,12.4,0.00,0.00,0.00,3,100,100,0,0,5.0,126,128,10.2,12.6,1,3600.00,1015.3,1001.1
2025-11-12T16:00,11.8,0.00,82,8.7,10.8,0.00,0.00,0.00,3,100,100,0,0,4.3,127,132,12.3,11.5,1,3600.00,1015.2,1001.0
2025-11-12T17:00,9.7,0.00,87,7.6,8.3,0.00,0.00,0.00,3,100,100,0,0,5.4,137,130,14.9,10.8,0,0.00,1015.1,1000.8
2025-11-12T18:00,9.2,0.00,86,6.9,7.4,0.00,0.00,0.00,3,100,100,0,0,6.7,135,104,15.7,12.6,0,0.00,1015.5,1001.1
2025-11-12T19:00,8.9,0.00,85,6.5,6.7,0.00,0.00,0.00,3,100,100,0,0,8.8,123,99,19.9,14.0,0,0.00,1015.1,1000.7
2025-11-12T20:00,8.3,0.00,86,6.1,6.0,0.00,0.00,0.00,3,100,100,0,0,9.2,131,106,20.4,16.2,0,0.00,1015.2,1000.8
2025-11-12T21:00,8.5,0.00,88,6.6,6.1,0.00,0.00,0.00,3,100,100,0,0,10.5,135,107,21.4,19.8,0,0.00,1015.1,1000.7
2025-11-12T22:00,8.1,0.00,88,6.3,5.8,0.00,0.00,0.00,3,100,100,0,0,9.5,146,111,19.6,19.8,0,0.00,1015.3,1000.9
2025-11-12T23:00,7.4,0.00,89,5.6,5.0,0.00,0.00,0.00,3,100,100,0,0,8.9,153,114,17.8,18.0,0,0.00,1015.2,1000.7
2025-11-13T00:00,7.1,0.00,88,5.3,4.6,0.00,0.00,0.00,3,98,98,0,0,9.0,151,113,18.0,18.4,0,0.00,1015.0,1000.5
2025-11-13T01:00,6.2,0.00,91,4.8,3.7,0.00,0.00,0.00,3,84,84,0,0,8.8,142,105,16.5,17.3,0,0.00,1015.1,1000.6
2025-11-13T02:00,5.5,0.00,90,4.0,2.8,0.00,0.00,0.00,3,100,100,0,0,8.8,150,109,17.9,16.6,0,0.00,1014.8,1000.2
2025-11-13T03:00,5.7,0.00,88,3.9,3.0,0.00,0.00,0.00,3,84,84,0,0,8.5,151,114,18.4,16.9,0,0.00,1014.4,999.9
2025-11-13T04:00,5.6,0.00,88,3.8,3.0,0.00,0.00,0.00,3,98,98,0,0,8.0,152,113,17.6,16.2,0,0.00,1014.3,999.8
2025-11-13T05:00,5.3,0.00,88,3.5,2.8,0.00,0.00,0.00,3,98,98,0,0,6.5,146,104,14.9,15.1,0,0.00,1014.1,999.5
2025-11-13T06:00,5.1,0.00,86,2.9,3.3,0.00,0.00,0.00,3,92,91,8,0,0.6,204,56,4.3,12.6,0,0.00,1014.9,1000.3
2025-11-13T07:00,4.6,0.00,92,3.3,1.9,0.00,0.00,0.00,3,99,99,0,0,7.9,162,117,13.3,10.1,0,0.00,1015.0,1000.4
2025-11-13T08:00,5.5,0.00,85,3.2,2.6,0.00,0.00,0.00,3,100,100,0,0,9.4,186,138,19.9,18.4,1,0.00,1015.6,1001.0
2025-11-13T09:00,7.6,0.00,80,4.4,4.9,0.00,0.00,0.00,3,100,100,0,0,9.1,181,141,18.7,18.4,1,831.06,1016.3,1001.8
2025-11-13T10:00,9.9,0.00,75,5.7,7.5,0.00,0.00,0.00,3,99,99,0,0,8.8,183,136,17.1,18.0,1,3600.00,1016.3,1001.9
2025-11-13T11:00,12.0,0.00,71,7.0,10.0,0.00,0.00,0.00,3,96,96,0,0,8.4,169,145,17.6,18.7,1,3600.00,1016.6,1002.3
2025-11-13T12:00,13.8,0.00,65,7.4,11.9,0.00,0.00,0.00,3,93,93,0,0,8.7,168,159,15.1,20.2,1,3600.00,1016.7,1002.5
2025-11-13T13:00,15.7,0.00,60,7.9,14.0,0.00,0.00,0.00,3,99,99,0,0,7.4,158,148,14.4,21.2,1,3600.00,1015.5,1001.4
2025-11-13T14:00,16.1,0.00,61,8.6,14.7,0.00,0.00,0.00,3,98,98,0,0,6.9,172,141,16.3,17.3,1,3600.00,1015.1,1001.1
2025-11-13T15:00,15.8,0.00,62,8.5,14.4,0.00,0.00,0.00,3,99,99,0,0,6.7,179,149,15.3,15.8,1,3600.00,1014.6,1000.6
2025-11-13T16:00,14.2,0.00,67,8.2,12.9,0.00,0.00,0.00,3,98,98,0,0,5.9,179,130,14.0,14.8,1,3600.00,1014.4,1000.3
2025-11-13T17:00,13.0,0.00,68,7.3,11.5,0.00,0.00,0.00,3,100,100,0,0,5.3,188,128,12.9,12.2,0,55.98,1014.8,1000.6
2025-11-13T18:00,13.3,0.00,67,7.2,11.5,0.00,0.00,0.00,3,98,98,0,0,7.5,178,134,17.1,15.1,0,0.00,1014.9,1000.7
2025-11-13T19:00,12.5,0.00,70,7.1,10.7,0.00,0.00,0.00,3,100,100,1,0,7.0,171,119,16.6,15.5,0,0.00,1014.6,1000.4
2025-11-13T20:00,11.6,0.00,72,6.8,9.9,0.00,0.00,0.00,3,100,100,31,0,6.3,172,121,15.1,13.7,0,0.00,1014.4,1000.2
2025-11-13T21:00,10.7,0.00,74,6.3,8.8,0.00,0.00,0.00,3,98,98,23,0,6.3,156,103,13.6,12.6,0,0.00,1014.2,999.9
2025-11-13T22:00,10.0,0.00,77,6.1,8.1,0.00,0.00,0.00,3,99,99,39,0,6.6,150,107,14.0,12.6,0,0.00,1014.2,999.9
2025-11-13T23:00,9.9,0.00,80,6.7,7.7,0.00,0.00,0.00,3,80,79,3,0,9.3,153,114,17.0,17.3,0,0.00,1014.0,999.7
2025-11-14T00:00,10.1,0.00,79,6.5,7.7,0.00,0.00,0.00,3,100,100,13,0,10.1,161,123,20.0,19.8,0,0.00,1013.6,999.3
2025-11-14T01:00,8.7,0.00,85,6.4,6.4,0.00,0.00,0.00,3,100,100,10,0,9.7,135,106,15.5,19.4,0,0.00,1013.2,998.8
2025-11-14T02:00,8.0,0.00,87,6.0,5.6,0.00,0.00,0.00,3,100,100,0,0,9.6,128,98,16.3,18.4,0,0.00,1012.4,998.0
2025-11-14T03:00,8.5,0.00,84,5.9,5.8,0.00,0.00,0.00,3,100,100,0,0,11.0,127,105,22.6,20.5,0,0.00,1011.6,997.2
2025-11-14T04:00,9.1,0.00,78,5.4,6.3,0.00,0.00,0.00,3,100,100,73,0,11.4,122,101,23.7,22.3,0,0.00,1010.7,996.4
2025-11-14T05:00,8.8,0.00,77,5.0,6.4,0.00,0.00,0.00,3,100,100,39,0,8.0,119,106,21.3,22.0,0,0.00,1010.5,996.2
2025-11-14T06:00,8.9,0.00,76,4.9,6.4,0.00,0.00,0.00,3,99,99,2,0,8.5,115,85,18.4,15.8,0,0.00,1010.4,996.1
2025-11-14T07:00,7.2,0.00,87,5.1,5.0,0.00,0.00,0.00,3,100,100,0,0,6.4,92,74,11.3,15.8,0,0.00,1010.3,995.9
2025-11-14T08:00,6.9,0.00,86,4.8,4.3,0.00,0.00,0.00,3,99,99,0,0,8.8,123,99,12.4,15.8,1,0.00,1010.4,996.0
2025-11-14T09:00,8.5,0.00,81,5.4,6.2,0.00,0.00,0.00,3,100,100,0,0,7.8,144,112,14.5,17.6,1,69.68,1010.3,996.0
2025-11-14T10:00,11.2,0.00,74,6.7,9.5,0.00,0.00,0.00,3,87,87,0,0,5.9,169,137,13.4,14.4,1,3600.00,1010.5,996.3
2025-11-14T11:00,13.0,0.00,68,7.3,11.6,0.00,0.00,0.00,3,99,99,12,0,5.1,178,174,12.6,13.7,1,3600.00,1010.9,996.8
2025-11-14T12:00,14.5,0.00,65,7.9,13.2,0.00,0.00,0.00,3,100,100,28,0,5.0,138,142,8.0,16.2,1,3600.00,1010.5,996.5
2025-11-14T13:00,15.4,0.00,61,8.0,14.2,0.00,0.00,0.00,3,100,98,100,0,4.3,117,114,7.5,14.0,1,3600.00,1010.0,996.0
2025-11-14T14:00,14.4,0.00,71,9.1,13.5,0.00,0.00,0.00,3,100,100,4,0,4.3,112,114,10.7,10.4,1,0.00,1009.4,995.4
2025-11-14T15:00,14.7,0.00,72,9.8,14.2,0.00,0.00,0.00,3,100,100,3,0,3.3,111,119,9.1,10.4,1,3600.00,1009.0,995.0
2025-11-14T16:00,12.8,0.00,78,9.1,11.9,0.00,0.00,0.00,3,89,80,48,0,4.4,136,125,10.6,10.1,1,2618.21,1008.9,994.8
2025-11-14T17:00,10.9,0.00,83,8.2,9.6,0.00,0.00,0.00,3,100,44,100,0,5.5,148,107,10.6,10.8,0,2.99,1008.9,994.7
2025-11-14T18:00,11.2,0.00,79,7.8,9.7,0.00,0.00,0.00,3,100,93,100,0,6.7,153,110,12.1,12.6,0,0.00,1009.2,995.0
2025-11-14T19:00,11.8,0.00,76,7.6,10.2,0.00,0.00,0.00,3,100,98,99,0,6.6,141,101,10.0,14.4,0,0.00,1009.0,994.8
2025-11-14T20:00,11.7,0.00,73,7.0,9.6,0.00,0.00,0.00,3,100,99,100,0,9.3,143,109,17.2,18.4,0,0.00,1009.0,994.8
2025-11-14T21:00,11.4,0.00,74,7.0,10.0,0.00,0.00,0.00,3,97,96,67,0,4.7,161,106,9.7,16.9,0,0.00,1009.2,995.0
2025-11-14T22:00,11.2,0.00,72,6.3,9.0,0.00,0.00,0.00,3,99,97,85,0,8.7,145,117,16.3,15.8,0,0.00,1009.6,995.4
2025-11-14T23:00,11.6,0.00,71,6.5,9.6,0.00,0.00,0.00,3,100,79,100,0,7.5,126,100,15.3,17.3,0,0.00,1009.4,995.2
2025-11-15T00:00,11.1,0.00,76,7.0,9.9,0.00,0.00,0.00,3,100,45,100,0,3.0,92,25,4.3,13.0,0,0.00,1009.2,995.0
2025-11-15T01:00,10.6,0.00,83,7.9,9.5,0.00,0.00,0.00,3,98,79,94,0,3.8,23,65,1.4,7.9,0,0.00,1009.3,995.1
2025-11-15T02:00,10.1,0.00,84,7.6,9.1,0.00,0.00,0.00,3,100,94,99,0,2.6,199,106,4.4,6.5,0,0.00,1009.6,995.4
2025-11-15T03:00,11.1,0.00,78,7.5,9.1,0.00,0.00,0.00,3,100,84,100,0,8.7,171,140,18.1,16.2,0,0.00,1010.0,995.8
2025-11-15T04:00,11.3,0.10,80,8.1,9.7,0.10,0.00,0.00,51,100,45,100,0,7.3,184,147,17.3,16.9,0,0.00,1010.1,995.9
2025-11-15T05:00,11.6,0.10,79,8.1,10.1,0.10,0.00,0.00,51,100,41,100,0,6.9,160,115,11.9,14.0,0,0.00,1010.2,996.0
2025-11-15T06:00,11.5,0.00,80,8.2,10.3,0.00,0.00,0.00,3,100,52,100,0,4.8,173,110,11.1,13.0,0,0.00,1010.5,996.3
2025-11-15T07:00,12.9,0.00,75,8.7,12.4,0.00,0.00,0.00,3,100,94,100,0,1.3,219,74,4.0,8.6,0,0.00,1009.6,995.5
2025-11-15T08:00,12.9,0.00,78,9.1,11.9,0.00,0.00,0.00,3,100,100,100,0,5.0,132,105,9.4,10.8,1,0.00,1009.9,995.8
2025-11-15T09:00,12.8,0.00,82,9.8,12.6,0.00,0.00,0.00,3,100,100,100,0,1.2,186,129,4.9,9.7,1,0.00,1010.7,996.6
2025-11-15T10:00,12.8,0.00,82,9.8,11.9,0.00,0.00,0.00,3,100,99,100,0,6.0,120,87,5.8,11.2,1,0.00,1010.8,996.7
2025-11-15T11:00,13.7,0.00,82,10.6,13.3,0.00,0.00,0.00,3,100,100,100,0,3.5,90,75,1.1,10.8,1,0.00,1010.9,996.8
2025-11-15T12:00,14.8,0.00,81,11.6,14.8,0.00,0.00,0.00,3,100,100,100,0,2.8,312,35,5.1,7.6,1,0.00,1010.5,996.5
2025-11-15T13:00,13.9,0.00,87,11.8,14.2,0.00,0.00,0.00,3,100,35,100,0,2.1,68,70,1.9,6.1,1,0.00,1010.1,996.0
2025-11-15T14:00,13.7,0.30,88,11.8,13.2,0.30,0.00,0.00,51,100,20,100,0,7.5,27,37,9.3,11.2,1,0.00,1009.9,995.8
2025-11-15T15:00,13.9,0.00,89,12.1,13.1,0.00,0.00,0.00,1,39,7,34,0,10.3,50,52,16.4,18.4,1,0.00,1009.1,995.0
2025-11-15T16:00,13.8,0.00,87,11.6,13.4,0.00,0.00,0.00,1,25,23,2,0,5.8,60,60,13.9,18.0,1,3600.00,1008.9,994.8
2025-11-15T17:00,11.1,0.00,91,9.7,10.5,0.00,0.00,0.00,3,100,100,2,0,3.6,105,127,7.6,10.4,0,50.13,1009.1,994.9
2025-11-15T18:00,10.4,0.00,93,9.3,9.3,0.00,0.00,0.00,3,100,100,42,0,6.2,145,131,13.8,11.2,0,0.00,1009.8,995.6
2025-11-15T19:00,11.5,0.00,95,10.7,10.9,0.00,0.00,0.00,3,100,100,28,3,5.2,186,131,12.3,19.1,0,0.00,1010.1,995.9
2025-11-15T20:00,12.0,0.20,92,10.7,10.8,0.20,0.00,0.00,51,100,100,69,11,9.8,160,131,19.9,19.4,0,0.00,1010.0,995.8
2025-11-15T21:00,11.1,0.00,93,10.1,10.5,0.00,0.00,0.00,3,100,100,8,28,4.3,213,165,13.5,18.4,0,0.00,1010.5,996.3
2025-11-15T22:00,11.5,0.00,94,10.5,10.1,0.00,0.00,0.00,3,100,100,39,5,10.3,213,196,22.0,19.8,0,0.00,1010.7,996.5
2025-11-15T23:00,10.5,0.00,96,9.9,9.2,0.00,0.00,0.00,3,100,100,100,0,8.6,218,206,22.0,20.5,0,0.00,1010.5,996.3
2025-11-16T00:00,10.4,0.00,95,9.6,9.1,0.00,0.00,0.00,3,99,99,8,0,8.0,228,220,20.0,19.1,0,0.00,1010.3,996.1
2025-11-16T01:00,9.7,0.00,94,8.8,8.5,0.00,0.00,0.00,3,100,100,4,0,5.7,210,171,15.7,16.6,0,0.00,1010.1,995.8
2025-11-16T02:00,9.3,0.00,95,8.6,8.1,0.00,0.00,0.00,2,55,55,0,0,5.9,223,191,15.9,12.6,0,0.00,1010.1,995.8
2025-11-16T03:00,8.4,0.00,95,7.7,6.8,0.00,0.00,0.00,0,0,0,0,0,6.3,216,178,16.0,12.6,0,0.00,1009.7,995.4
2025-11-16T04:00,7.9,0.00,96,7.4,6.1,0.00,0.00,0.00,0,6,0,0,6,7.6,204,172,18.9,15.1,0,0.00,1009.6,995.2
2025-11-16T05:00,7.7,0.00,96,7.0,5.9,0.00,0.00,0.00,0,5,0,0,5,6.6,207,167,17.5,15.5,0,0.00,1009.7,995.3
2025-11-16T06:00,7.2,0.00,96,6.6,5.6,0.00,0.00,0.00,1,33,32,0,1,5.5,202,148,14.4,13.3,0,0.00,1009.5,995.1
2025-11-16T07:00,6.9,0.00,95,6.2,5.1,0.00,0.00,0.00,3,98,98,0,0,6.1,180,124,12.1,11.2,0,0.00,1009.1,994.7
2025-11-16T08:00,6.3,0.00,97,5.8,4.3,0.00,0.00,0.00,3,100,100,0,0,6.3,164,114,12.4,11.5,1,0.00,1009.0,994.6
2025-11-16T09:00,7.8,0.00,95,7.0,5.7,0.00,0.00,0.00,3,100,100,0,2,8.6,153,110,13.4,14.8,1,1971.60,1009.0,994.6
2025-11-16T10:00,9.7,0.00,93,8.5,8.3,0.00,0.00,0.00,3,100,100,0,1,6.6,140,106,11.5,15.5,1,3600.00,1008.5,994.2
2025-11-16T11:00,11.3,0.00,87,9.2,10.5,0.00,0.00,0.00,3,100,100,0,2,4.5,146,143,9.6,14.0,1,3600.00,1008.3,994.1
2025-11-16T12:00,12.5,0.00,81,9.2,11.9,0.00,0.00,0.00,3,100,100,0,0,2.3,156,157,3.1,13.3,1,3600.00,1007.7,993.6
2025-11-16T13:00,12.4,0.00,81,9.2,12.1,0.00,0.00,0.00,3,100,100,0,0,0.5,127,135,0.9,10.1,1,3600.00,1006.8,992.7
2025-11-16T14:00,12.6,0.00,81,9.3,12.0,0.00,0.00,0.00,3,100,100,1,0,2.6,208,214,3.5,8.6,1,1908.52,1006.5,992.4
2025-11-16T15:00,12.1,0.00,84,9.4,11.5,0.00,0.00,0.00,3,100,100,0,0,2.6,253,254,3.8,9.4,1,0.00,1006.4,992.3
2025-11-16T16:00,11.1,0.00,90,9.5,10.4,0.00,0.00,0.00,3,100,100,13,11,3.7,218,219,9.0,9.0,1,0.00,1006.8,992.6
2025-11-16T17:00,9.6,0.00,94,8.6,8.7,0.00,0.00,0.00,3,100,100,59,5,3.1,214,193,8.3,7.9,0,0.00,1006.8,992.6
2025-11-16T18:00,10.0,0.00,93,9.0,9.1,0.00,0.00,0.00,3,100,100,100,13,4.3,205,178,11.5,9.7,0,0.00,1007.1,992.9
2025-11-16T19:00,10.0,0.00,93,8.9,9.3,0.00,0.00,0.00,3,100,66,100,30,2.9,223,180,9.4,9.0,0,0.00,1007.2,993.0
2025-11-16T20:00,10.1,0.00,92,8.8,9.2,0.00,0.00,0.00,3,100,9,100,22,3.8,218,175,9.0,7.6,0,0.00,1007.0,992.8
2025-11-16T21:00,9.9,0.00,93,8.8,8.9,0.00,0.00,0.00,1,28,0,18,13,5.1,216,176,10.0,9.7,0,0.00,1007.0,992.8
2025-11-16T22:00,9.0,0.00,95,8.3,7.9,0.00,0.00,0.00,2,66,0,54,26,4.3,224,195,10.1,9.7,0,0.00,1007.0,992.7
2025-11-16T23:00,7.9,0.00,98,7.6,6.7,0.00,0.00,0.00,3,100,0,93,100,3.3,261,257,9.6,8.3,0,0.00,1007.1,992.8
2025-11-17T00:00,8.8,0.00,97,8.4,7.1,0.00,0.00,0.00,3,100,0,92,100,8.7,333,323,17.5,16.9,0,0.00,1007.0,992.7
2025-11-17T01:00,9.1,0.00,96,8.5,7.1,0.00,0.00,0.00,3,100,0,73,100,11.0,343,335,19.4,19.8,0,0.00,1007.3,993.0
2025-11-17T02:00,8.7,0.00,92,7.5,6.4,0.00,0.00,0.00,3,100,0,68,100,11.2,343,338,20.7,23.4,0,0.00,1006.8,992.5
2025-11-17T03:00,8.2,0.00,91,6.8,5.5,0.00,0.00,0.00,3,100,0,10,100,12.4,335,332,22.0,26.3,0,0.00,1006.6,992.3
2025-11-17T04:00,7.7,0.00,91,6.3,4.9,0.00,0.00,0.00,3,100,0,62,100,12.6,335,333,22.1,26.3,0,0.00,1006.9,992.6
2025-11-17T05:00,7.6,0.00,91,6.2,4.7,0.00,0.00,0.00,3,100,0,100,100,13.3,339,333,22.6,28.8,0,0.00,1006.6,992.3
2025-11-17T06:00,7.2,0.40,93,6.1,4.1,0.40,0.00,0.00,51,100,0,100,100,14.5,347,341,24.1,29.9,0,0.00,1006.9,992.5
2025-11-17T07:00,5.9,0.90,96,5.3,2.5,0.90,0.00,0.00,53,100,35,100,98,15.2,356,354,25.6,32.8,0,0.00,1007.6,993.2
2025-11-17T08:00,5.6,0.70,96,5.0,2.6,0.70,0.00,0.00,53,100,64,100,91,12.4,346,343,22.8,31.3,1,0.00,1008.5,994.0
2025-11-17T09:00,5.3,0.10,91,4.0,2.1,0.10,0.00,0.00,51,98,93,98,12,12.4,330,326,21.1,25.2,1,0.00,1009.7,995.2
2025-11-17T10:00,5.2,0.00,80,2.1,1.7,0.00,0.00,0.00,3,100,0,4,100,12.0,322,320,18.5,27.7,1,1729.95,1010.5,996.0
2025-11-17T11:00,5.7,0.00,75,1.6,2.0,0.00,0.00,0.00,3,100,0,100,100,12.6,319,318,18.8,29.2,1,3600.00,1010.8,996.3
2025-11-17T12:00,5.8,0.00,76,1.9,2.2,0.00,0.00,0.00,3,100,0,5,100,12.6,314,313,19.2,29.2,1,0.00,1010.9,996.4
2025-11-17T13:00,6.5,0.10,75,2.5,2.7,0.10,0.00,0.00,51,100,0,41,100,14.5,317,316,22.3,32.4,1,0.00,1011.2,996.7
2025-11-17T14:00,7.1,0.00,69,1.7,2.8,0.00,0.00,0.00,3,86,0,40,78,16.7,319,318,25.9,39.2,1,0.00,1011.6,997.2
2025-11-17T15:00,6.2,0.10,74,1.9,2.9,0.10,0.00,0.00,51,41,0,8,37,10.2,303,298,17.1,39.2,1,1269.53,1012.7,998.2
2025-11-17T16:00,5.5,0.60,77,1.8,1.3,0.60,0.00,0.00,53,81,0,71,41,15.8,319,318,26.9,33.8,1,3600.00,1014.3,999.7
2025-11-17T17:00,4.7,0.00,80,1.6,0.9,0.00,0.00,0.00,0,10,0,8,2,13.1,324,322,24.3,32.8,0,0.00,1015.9,1001.3
2025-11-17T18:00,4.0,0.00,82,1.2,-0.0,0.00,0.00,0.00,0,0,0,0,0,14.0,325,322,26.2,30.2,0,0.00,1017.1,1002.4
2025-11-17T19:00,3.0,0.00,87,1.0,-0.7,0.00,0.00,0.00,0,2,0,0,2,12.3,322,320,25.3,29.5,0,0.00,1018.7,1004.0
2025-11-17T20:00,2.9,0.00,86,0.9,-0.8,0.00,0.00,0.00,0,8,0,0,8,11.6,325,324,23.4,25.6,0,0.00,1019.9,1005.1
2025-11-17T21:00,2.5,0.00,89,0.8,-1.1,0.00,0.00,0.00,0,3,0,0,3,10.9,325,322,22.2,23.8,0,0.00,1020.7,1005.9
2025-11-17T22:00,2.1,0.00,90,0.7,-1.2,0.00,0.00,0.00,0,0,0,0,0,8.7,328,323,19.6,22.3,0,0.00,1021.2,1006.4
2025-11-17T23:00,1.6,0.00,91,0.4,-1.3,0.00,0.00,0.00,0,0,0,0,0,5.8,333,326,16.1,18.0,0,0.00,1021.6,1006.7
2025-11-18T00:00,0.8,0.00,93,-0.2,-2.0,0.00,0.00,0.00,0,0,0,0,0,4.1,338,322,12.8,12.2,0,0.00,1022.2,1007.3
2025-11-18T01:00,0.7,0.00,91,-0.6,-1.7,0.00,0.00,0.00,0,0,0,0,0,1.3,323,270,7.2,8.6,0,0.00,1022.8,1007.9
2025-11-18T02:00,0.2,0.00,93,-0.8,-2.4,0.00,0.00,0.00,0,0,0,0,0,2.2,302,261,6.5,5.4,0,0.00,1023.0,1008.0
2025-11-18T03:00,0.1,0.00,94,-0.7,-2.4,0.00,0.00,0.00,0,13,13,0,0,1.4,290,247,5.8,4.7,0,0.00,1023.2,1008.2
2025-11-18T04:00,-0.0,0.00,95,-0.7,-2.4,0.00,0.00,0.00,1,41,41,0,0,0.6,285,214,4.3,3.6,0,0.00,1023.1,1008.1
2025-11-18T05:00,-0.5,0.00,95,-1.2,-3.0,0.00,0.00,0.00,3,99,99,0,16,1.2,229,117,1.7,2.9,0,0.00,1022.6,1007.6
2025-11-18T06:00,-0.4,0.00,96,-1.0,-3.2,0.00,0.00,0.00,3,100,100,0,28,3.5,207,141,5.5,5.8,0,0.00,1023.0,1008.0
2025-11-18T07:00,-1.0,0.00,96,-1.5,-4.1,0.00,0.00,0.00,3,99,98,20,62,5.2,198,146,11.2,10.8,0,0.00,1023.5,1008.5
2025-11-18T08:00,-1.2,0.00,97,-1.5,-4.5,0.00,0.00,0.00,3,100,99,0,98,6.3,193,141,12.7,11.9,1,0.00,1023.7,1008.7
2025-11-18T09:00,-0.6,0.00,97,-1.0,-3.7,0.00,0.00,0.00,3,100,100,4,100,5.5,197,161,12.4,13.7,1,510.79,1023.7,1008.7
2025-11-18T10:00,1.1,0.00,91,-0.1,-1.8,0.00,0.00,0.00,3,88,86,5,14,5.4,188,172,10.0,14.8,1,3600.00,1023.7,1008.8
2025-11-18T11:00,2.8,0.00,85,0.5,-0.0,0.00,0.00,0.00,0,2,0,0,2,5.5,167,161,8.3,16.2,1,3600.00,1023.2,1008.4
2025-11-18T12:00,4.2,0.00,78,0.7,1.4,0.00,0.00,0.00,0,0,0,0,0,5.6,180,176,7.9,16.9,1,3600.00,1022.4,1007.7
2025-11-18T13:00,4.5,0.00,76,0.6,1.7,0.00,0.00,0.00,1,45,0,27,24,5.6,177,174,7.6,17.3,1,3600.00,1021.5,1006.8
2025-11-18T14:00,5.0,0.00,72,0.4,2.2,0.00,0.00,0.00,0,12,0,1,11,4.8,167,165,6.6,16.2,1,3600.00,1020.7,1006.0
2025-11-18T15:00,5.0,0.00,71,0.1,2.1,0.00,0.00,0.00,0,4,0,0,4,5.5,161,157,7.6,14.8,1,3600.00,1019.8,1005.1
2025-11-18T16:00,4.1,0.00,76,0.3,1.0,0.00,0.00,0.00,0,2,2,0,0,6.6,156,147,13.0,15.5,1,3600.00,1019.0,1004.3
2025-11-18T17:00,2.6,0.00,82,-0.2,-0.6,0.00,0.00,0.00,0,0,0,0,0,7.1,160,144,15.5,14.0,0,27.73,1018.4,1003.6
2025-11-18T18:00,1.9,0.00,83,-0.6,-1.4,0.00,0.00,0.00,0,0,0,0,0,7.2,179,153,17.1,14.0,0,0.00,1018.2,1003.4
2025-11-18T19:00,1.6,0.00,86,-0.5,-1.9,0.00,0.00,0.00,0,0,0,0,0,8.6,192,172,19.7,16.9,0,0.00,1018.2,1003.4
2025-11-18T20:00,1.4,0.00,88,-0.4,-2.2,0.00,0.00,0.00,0,2,0,2,0,9.7,206,190,21.5,19.4,0,0.00,1018.2,1003.4
2025-11-18T21:00,1.0,0.00,92,-0.2,-2.7,0.00,0.00,0.00,0,12,0,12,0,10.0,212,198,21.8,20.5,0,0.00,1017.7,1002.9
2025-11-18T22:00,0.5,0.00,94,-0.4,-3.2,0.00,0.00,0.00,0,1,0,0,1,10.3,212,195,22.5,21.6,0,0.00,1017.3,1002.4
2025-11-18T23:00,0.1,0.00,94,-0.7,-3.5,0.00,0.00,0.00,0,1,0,0,1,9.3,208,190,21.2,21.2,0,0.00,1016.4,1001.5
2025-11-19T00:00,-0.4,0.00,95,-1.2,-3.8,0.00,0.00,0.00,0,11,0,3,8,7.5,213,195,19.6,19.4,0,0.00,1016.1,1001.2
2025-11-19T01:00,-0.5,0.00,95,-1.2,-3.9,0.00,0.00,0.00,3,99,0,95,98,7.8,222,206,20.0,17.3,0,0.00,1016.1,1001.2
2025-11-19T02:00,0.2,0.00,94,-0.6,-3.5,0.00,0.00,0.00,3,100,0,90,100,10.1,221,209,21.2,22.0,0,0.00,1015.6,1000.8
2025-11-19T03:00,0.8,0.00,91,-0.5,-3.0,0.00,0.00,0.00,3,100,0,86,100,11.3,218,207,21.8,24.1,0,0.00,1015.2,1000.4
2025-11-19T04:00,0.8,0.00,89,-0.8,-3.2,0.00,0.00,0.00,3,90,0,80,59,11.6,215,206,22.1,25.2,0,0.00,1014.4,999.6
2025-11-19T05:00,0.6,0.00,89,-1.0,-3.2,0.00,0.00,0.00,3,100,0,100,9,10.5,205,193,20.6,24.8,0,0.00,1013.6,998.8
2025-11-19T06:00,0.7,0.00,88,-1.0,-3.1,0.00,0.00,0.00,3,90,0,88,11,10.3,193,177,20.1,22.3,0,0.00,1012.9,998.1
2025-11-19T07:00,0.7,0.00,87,-1.2,-3.1,0.00,0.00,0.00,2,54,0,38,33,10.2,175,154,19.5,24.1,0,0.00,1012.5,997.7
2025-11-19T08:00,0.9,0.00,82,-1.8,-2.9,0.00,0.00,0.00,3,100,0,100,24,9.7,166,152,19.5,22.0,1,0.00,1011.8,997.0
2025-11-19T09:00,1.4,0.50,78,-2.1,-2.3,0.00,0.00,0.35,73,98,1,97,34,8.7,166,143,18.2,21.6,1,0.00,1011.5,996.8
2025-11-19T10:00,2.4,0.00,73,-1.9,-1.1,0.00,0.00,0.00,3,99,0,92,89,7.2,188,180,11.8,19.4,1,0.00,1011.2,996.5
2025-11-19T11:00,3.0,0.00,74,-1.1,-0.6,0.00,0.00,0.00,3,98,0,93,84,9.2,184,179,13.7,22.7,1,1008.60,1010.2,995.6
2025-11-19T12:00,3.5,0.00,75,-0.4,-0.1,0.00,0.00,0.00,3,99,0,95,93,10.0,193,187,15.2,24.5,1,0.00,1009.2,994.6
2025-11-19T13:00,3.8,0.00,76,-0.1,0.5,0.00,0.00,0.00,3,100,0,23,100,8.2,165,161,11.9,24.1,1,0.00,1008.6,994.0
2025-11-19T14:00,4.5,0.00,74,0.3,1.2,0.00,0.00,0.00,3,97,0,85,79,7.9,163,159,11.8,19.4,1,0.00,1007.6,993.1
2025-11-19T15:00,4.8,0.80,74,0.6,1.7,0.30,0.00,0.35,73,96,0,80,84,7.3,168,155,12.5,20.5,1,0.00,1006.5,992.0
2025-11-19T16:00,4.8,0.00,77,1.1,1.7,0.00,0.00,0.00,3,100,0,91,100,7.7,191,177,16.7,17.6,1,0.00,1006.0,991.5
2025-11-19T17:00,4.6,0.10,79,1.2,1.4,0.10,0.00,0.00,51,100,0,93,100,8.2,204,189,17.8,18.7,0,0.00,1005.5,991.0
2025-11-19T18:00,4.7,0.10,79,1.4,1.4,0.10,0.00,0.00,51,100,5,100,100,9.5,213,205,20.4,19.4,0,0.00,1005.0,990.5
2025-11-19T19:00,4.1,0.60,87,2.1,0.4,0.60,0.00,0.00,53,100,0,100,96,13.6,213,210,26.4,32.4,0,0.00,1005.1,990.6
2025-11-19T20:00,3.6,0.80,94,2.6,-0.3,0.80,0.00,0.00,53,100,0,100,95,15.2,213,210,27.7,31.7,0,0.00,1005.1,990.6
2025-11-19T21:00,3.4,0.40,95,2.7,-0.2,0.40,0.00,0.00,51,100,0,100,100,13.3,207,201,25.6,31.7,0,0.00,1004.8,990.3
2025-11-19T22:00,3.8,0.10,92,2.6,0.0,0.10,0.00,0.00,51,100,0,90,100,14.2,213,207,25.8,29.5,0,0.00,1004.5,990.0
2025-11-19T23:00,3.8,0.00,93,2.7,0.0,0.00,0.00,0.00,3,100,0,24,100,14.4,218,214,26.0,30.6,0,0.00,1004.0,989.5
2025-11-20T00:00,3.9,0.10,92,2.7,0.1,0.10,0.00,0.00,51,100,0,21,100,14.0,222,218,25.2,30.2,0,0.00,1004.1,989.6
2025-11-20T01:00,2.8,0.10,95,2.1,-1.0,0.10,0.01,0.00,51,100,6,39,100,14.2,212,206,27.4,29.9,0,0.00,1004.1,989.6
2025-11-20T02:00,3.3,0.00,93,2.3,-0.6,0.00,0.01,0.00,3,95,0,45,95,14.3,216,209,26.5,30.2,0,0.00,1003.8,989.3
2025-11-20T03:00,3.1,0.30,93,2.1,-1.0,0.30,0.00,0.00,51,59,5,36,46,15.8,223,222,28.7,32.8,0,0.00,1003.9,989.4
2025-11-20T04:00,2.9,0.30,94,2.0,-1.2,0.30,0.00,0.00,51,84,2,36,79,16.2,228,225,29.4,32.8,0,0.00,1004.0,989.5
2025-11-20T05:00,2.8,0.10,95,2.1,-1.3,0.10,0.00,0.00,51,100,0,87,100,15.6,237,235,27.4,34.6,0,0.00,1004.2,989.7
2025-11-20T06:00,2.8,0.30,96,2.2,-1.6,0.30,0.00,0.00,51,100,35,96,100,18.0,289,284,31.2,36.4,0,0.00,1004.9,990.3
2025-11-20T07:00,2.4,0.20,95,1.7,-1.9,0.20,0.00,0.00,51,100,45,76,100,17.2,284,280,29.3,38.9,0,0.00,1006.4,991.8
2025-11-20T08:00,2.4,0.20,93,1.5,-1.8,0.20,0.00,0.00,51,97,27,90,66,16.2,285,282,28.1,38.5,1,0.00,1007.8,993.2
2025-11-20T09:00,2.7,0.00,91,1.4,-1.2,0.00,0.00,0.00,2,78,21,10,71,13.5,287,283,23.1,32.8,1,0.00,1009.0,994.4
2025-11-20T10:00,3.6,0.10,84,1.2,-0.1,0.10,0.00,0.00,51,83,68,13,45,11.7,293,291,18.6,32.0,1,925.86,1009.9,995.3
2025-11-20T11:00,4.0,0.00,77,0.4,0.3,0.00,0.00,0.00,3,88,0,17,88,11.0,293,294,16.3,28.8,1,3600.00,1010.9,996.3
2025-11-20T12:00,4.3,0.10,73,-0.1,0.7,0.10,0.00,0.00,51,14,1,7,12,9.4,298,299,13.6,27.0,1,3600.00,1011.1,996.5
2025-11-20T13:00,4.7,0.00,67,-0.9,1.0,0.00,0.00,0.00,1,38,16,26,12,9.6,310,310,13.9,22.7,1,3600.00,1011.0,996.5
2025-11-20T14:00,4.7,0.00,64,-1.5,0.9,0.00,0.00,0.00,2,69,27,18,55,9.4,306,305,13.5,24.1,1,3600.00,1011.3,996.8
2025-11-20T15:00,4.7,0.00,62,-1.9,1.1,0.00,0.00,0.00,3,80,27,28,70,7.8,319,320,11.2,22.3,1,3600.00,1011.5,996.9
2025-11-20T16:00,4.4,0.00,68,-1.0,1.7,0.00,0.00,0.00,1,29,21,13,3,2.8,326,325,7.1,18.4,1,2141.56,1011.9,997.3
2025-11-20T17:00,2.5,0.00,71,-2.2,-0.0,0.00,0.00,0.00,1,49,32,23,18,0.7,294,180,2.2,6.1,0,0.00,1012.6,997.9
2025-11-20T18:00,1.7,0.00,79,-1.5,-1.6,0.00,0.00,0.00,2,67,27,35,46,6.0,193,170,12.7,10.4,0,0.00,1013.2,998.5
2025-11-20T19:00,1.3,0.00,88,-0.4,-1.9,0.00,0.00,0.00,1,39,13,33,3,7.3,195,169,14.5,18.7,0,0.00,1014.2,999.4
2025-11-20T20:00,0.4,0.00,94,-0.4,-2.4,0.00,0.00,0.00,1,41,13,33,7,4.2,200,162,9.6,14.8,0,0.00,1014.5,999.7
2025-11-20T21:00,-0.9,0.00,96,-1.5,-3.8,0.00,0.00,0.00,1,28,6,23,8,3.9,196,158,10.3,7.9,0,0.00,1014.9,1000.0
2025-11-20T22:00,-1.1,0.00,96,-1.6,-3.9,0.00,0.00,0.00,0,10,0,2,9,3.0,191,142,7.3,7.2,0,0.00,1015.4,1000.5
2025-11-20T23:00,-1.7,0.00,97,-2.1,-4.6,0.00,0.00,0.00,1,48,0,0,48,3.4,162,122,6.4,6.5,0,0.00,1015.5,1000.6
2025-11-21T00:00,-2.3,0.00,97,-2.6,-5.4,0.00,0.00,0.00,2,60,0,0,60,4.1,136,105,7.8,8.6,0,0.00,1015.7,1000.7
2025-11-21T01:00,0.3,0.00,97,-0.1,-2.7,0.00,0.00,0.00,2,66,30,23,46,5.7,109,101,12.4,9.0,0,0.00,1016.0,1001.2
2025-11-21T02:00,-0.3,0.00,98,-0.6,-3.1,0.00,0.00,0.00,1,46,16,34,15,3.5,104,81,10.4,11.2,0,0.00,1016.2,1001.3
2025-11-21T03:00,-1.2,0.00,97,-1.6,-4.1,0.00,0.00,0.00,0,18,0,7,12,3.9,88,74,8.8,7.9,0,0.00,1016.6,1001.7
2025-11-21T04:00,-1.4,0.00,96,-2.0,-4.3,0.00,0.00,0.00,1,34,0,1,33,3.4,83,84,7.8,7.9,0,0.00,1016.8,1001.8
2025-11-21T05:00,-1.8,0.00,96,-2.3,-4.8,0.00,0.00,0.00,1,35,9,0,28,3.6,85,87,7.6,7.9,0,0.00,1017.5,1002.5
2025-11-21T06:00,-2.3,0.00,95,-3.0,-5.1,0.00,0.00,0.00,0,14,8,0,7,1.9,46,56,5.0,7.9,0,0.00,1018.3,1003.3
2025-11-21T07:00,-0.6,0.00,98,-0.9,-3.4,0.00,0.00,0.00,3,86,0,2,86,3.1,73,66,8.5,5.4,0,0.00,1018.8,1003.9
2025-11-21T08:00,-1.6,0.00,98,-1.9,-4.5,0.00,0.00,0.00,1,49,1,0,48,3.2,52,43,9.1,7.9,1,0.00,1019.4,1004.4
2025-11-21T09:00,-0.5,0.00,96,-1.1,-3.3,0.00,0.00,0.00,1,22,0,0,22,3.9,63,53,9.1,9.4,1,2228.25,1020.3,1005.3
2025-11-21T10:00,1.0,0.00,88,-0.7,-1.5,0.00,0.00,0.00,0,0,0,0,0,1.8,57,11,5.3,9.4,1,3600.00,1020.9,1006.0
2025-11-21T11:00,2.3,0.00,78,-1.2,-0.5,0.00,0.00,0.00,0,0,0,0,0,3.6,20,6,5.4,12.2,1,3600.00,1021.2,1006.4
2025-11-21T12:00,3.2,0.00,65,-2.8,-0.3,0.00,0.00,0.00,1,30,27,0,5,7.0,25,23,9.9,18.7,1,3600.00,1021.3,1006.5
2025-11-21T13:00,3.8,0.00,56,-4.1,0.0,0.00,0.00,0.00,1,36,32,0,6,7.7,36,33,10.8,18.7,1,3600.00,1021.7,1007.0
2025-11-21T14:00,3.8,0.00,52,-5.1,-0.2,0.00,0.00,0.00,3,94,94,0,6,8.7,27,24,12.6,20.9,1,3600.00,1021.8,1007.1
2025-11-21T15:00,3.4,0.00,55,-4.9,-0.7,0.00,0.00,0.00,3,100,100,5,2,9.3,23,19,14.3,21.6,1,3600.00,1022.1,1007.3
2025-11-21T16:00,2.3,0.00,63,-3.9,-1.6,0.00,0.00,0.00,3,96,96,9,0,8.5,12,5,16.9,20.5,1,3559.52,1022.9,1008.1
2025-11-21T17:00,0.6,0.00,74,-3.5,-3.6,0.00,0.00,0.00,3,100,100,28,0,10.6,5,2,21.7,21.2,0,0.00,1024.1,1009.1
2025-11-21T18:00,-0.5,0.00,80,-3.6,-4.6,0.00,0.00,0.00,2,79,78,27,0,9.9,15,10,21.0,21.2,0,0.00,1025.2,1010.2
2025-11-21T19:00,-1.1,0.00,83,-3.6,-5.2,0.00,0.00,0.00,0,2,2,0,0,10.2,23,17,21.9,19.8,0,0.00,1026.1,1011.0
2025-11-21T20:00,-1.5,0.00,82,-4.2,-5.3,0.00,0.00,0.00,0,0,0,0,0,7.3,39,31,17.4,20.5,0,0.00,1026.8,1011.7
2025-11-21T21:00,-2.0,0.00,83,-4.6,-5.6,0.00,0.00,0.00,0,0,0,0,0,5.4,42,21,13.8,14.8,0,0.00,1027.4,1012.3
2025-11-21T22:00,-2.4,0.00,84,-4.8,-5.9,0.00,0.00,0.00,0,0,0,0,0,5.0,43,26,12.5,11.2,0,0.00,1028.1,1012.9
2025-11-21T23:00,-2.7,0.00,84,-5.0,-6.2,0.00,0.00,0.00,0,0,0,0,0,5.0,46,26,11.5,10.4,0,0.00,1028.3,1013.1
2025-11-22T00:00,-2.9,0.00,85,-5.1,-6.3,0.00,0.00,0.00,0,0,0,0,0,4.3,51,33,11.3,10.1,0,0.00,1028.4,1013.2
2025-11-22T01:00,-3.9,0.00,84,-6.3,-7.5,0.00,0.00,0.00,0,0,0,0,0,4.1,48,29,11.0,9.0,0,0.00,1028.8,1013.5
2025-11-22T02:00,-4.0,0.00,85,-6.2,-7.4,0.00,0.00,0.00,0,0,0,0,0,3.0,49,33,8.6,8.3,0,0.00,1028.9,1013.6
2025-11-22T03:00,-4.2,0.00,86,-6.2,-7.4,0.00,0.00,0.00,0,0,0,0,0,2.1,64,52,5.8,6.5,0,0.00,1029.2,1013.9
2025-11-22T04:00,-4.2,0.00,86,-6.2,-7.3,0.00,0.00,0.00,0,0,0,0,0,1.1,99,81,3.5,4.7,0,0.00,1029.4,1014.1
2025-11-22T05:00,-4.3,0.00,87,-6.2,-7.5,0.00,0.00,0.00,0,0,0,0,0,1.8,125,114,4.4,4.3,0,0.00,1029.7,1014.4
2025-11-22T06:00,-4.4,0.00,87,-6.2,-7.7,0.00,0.00,0.00,0,0,0,0,0,2.3,132,122,5.1,5.0,0,0.00,1029.8,1014.5
2025-11-22T07:00,-5.1,0.00,86,-7.1,-8.4,0.00,0.00,0.00,0,0,0,0,0,2.1,104,105,5.4,5.8,0,0.00,1030.4,1015.0
2025-11-22T08:00,-5.4,0.00,87,-7.2,-8.8,0.00,0.00,0.00,0,0,0,0,0,2.3,117,135,5.1,5.4,1,0.00,1030.7,1015.3
2025-11-22T09:00,-4.2,0.00,81,-7.0,-7.5,0.00,0.00,0.00,0,0,0,0,0,2.0,111,153,4.0,7.2,1,2130.70,1030.9,1015.6
2025-11-22T10:00,-2.8,0.00,73,-7.0,-6.0,0.00,0.00,0.00,0,0,0,0,0,1.8,112,135,2.9,9.4,1,3600.00,1030.8,1015.6
2025-11-22T11:00,-1.3,0.00,65,-7.0,-4.6,0.00,0.00,0.00,0,0,0,0,0,2.3,118,129,3.5,11.5,1,3600.00,1030.4,1015.3
2025-11-22T12:00,-0.2,0.00,59,-7.3,-3.6,0.00,0.00,0.00,0,0,0,0,0,2.6,151,164,3.3,12.2,1,3600.00,1029.7,1014.6
2025-11-22T13:00,-0.1,0.00,66,-5.6,-3.8,0.00,0.00,0.00,0,6,0,0,6,5.4,154,159,7.0,14.4,1,3600.00,1029.4,1014.3
2025-11-22T14:00,0.2,0.00,63,-6.1,-3.6,0.00,0.00,0.00,0,9,0,0,9,6.4,141,142,8.8,18.0,1,3600.00,1028.7,1013.7
2025-11-22T15:00,0.1,0.00,62,-6.3,-3.7,0.00,0.00,0.00,0,0,0,0,0,5.9,133,135,8.4,17.6,1,3600.00,1028.1,1013.1
2025-11-22T16:00,-1.2,0.00,69,-6.2,-4.7,0.00,0.00,0.00,0,0,0,0,0,3.6,120,120,8.7,14.8,1,3492.69,1027.8,1012.7
2025-11-22T17:00,-2.9,0.00,77,-6.3,-6.2,0.00,0.00,0.00,0,3,3,0,0,2.5,104,94,5.9,7.2,0,0.00,1027.5,1012.3
2025-11-22T18:00,-3.2,0.00,79,-6.3,-6.8,0.00,0.00,0.00,0,13,13,0,0,4.7,114,106,8.7,8.6,0,0.00,1027.0,1011.8
2025-11-22T19:00,-3.6,0.00,86,-5.6,-7.6,0.00,0.00,0.00,0,0,0,0,0,7.9,129,117,17.3,13.3,0,0.00,1027.2,1012.0
2025-11-22T20:00,-3.7,0.00,87,-5.6,-7.8,0.00,0.00,0.00,0,0,0,0,0,8.2,126,113,17.9,16.2,0,0.00,1026.9,1011.7
2025-11-22T21:00,-4.0,0.00,87,-5.9,-8.0,0.00,0.00,0.00,0,1,1,0,0,7.2,124,109,17.0,16.2,0,0.00,1026.1,1010.9
2025-11-22T22:00,-4.4,0.00,87,-6.2,-8.3,0.00,0.00,0.00,0,1,1,0,0,6.8,128,115,16.4,14.0,0,0.00,1025.6,1010.4
2025-11-22T23:00,-4.7,0.00,88,-6.4,-8.7,0.00,0.00,0.00,0,5,5,0,0,7.3,129,118,17.3,14.0,0,0.00,1024.6,1009.3
2025-11-23T00:00,-5.0,0.00,89,-6.5,-9.1,0.00,0.00,0.00,0,0,0,0,0,8.1,129,118,18.2,15.5,0,0.00,1024.1,1008.8
2025-11-23T01:00,-5.5,0.00,90,-7.0,-9.8,0.00,0.00,0.00,0,0,0,0,0,8.8,130,123,19.2,17.6,0,0.00,1024.1,1008.8
2025-11-23T02:00,-5.6,0.00,88,-7.3,-9.6,0.00,0.00,0.00,0,0,0,0,0,6.4,134,128,14.5,17.3,0,0.00,1023.8,1008.5
2025-11-23T03:00,-5.9,0.00,88,-7.5,-10.0,0.00,0.00,0.00,0,0,0,0,0,7.0,125,113,14.6,13.3,0,0.00,1023.1,1007.8
2025-11-23T04:00,-6.0,0.00,87,-7.8,-10.2,0.00,0.00,0.00,0,0,0,0,0,8.1,122,111,17.4,16.2,0,0.00,1022.1,1006.8
2025-11-23T05:00,-6.1,0.00,86,-8.1,-10.3,0.00,0.00,0.00,0,15,15,0,0,7.7,122,121,18.0,16.6,0,0.00,1021.4,1006.1
2025-11-23T06:00,-6.2,0.00,85,-8.3,-10.3,0.00,0.00,0.00,3,84,84,0,0,6.2,124,123,16.3,15.8,0,0.00,1021.0,1005.7
2025-11-23T07:00,-6.6,0.00,90,-8.0,-10.9,0.00,0.00,0.00,2,61,59,0,4,8.5,122,118,16.1,15.1,0,0.00,1020.8,1005.5
2025-11-23T08:00,-6.7,0.00,87,-8.5,-11.1,0.00,0.00,0.00,1,43,36,12,0,8.5,120,118,18.6,19.4,1,0.00,1020.2,1004.9
2025-11-23T09:00,-5.6,0.00,79,-8.7,-10.1,0.00,0.00,0.00,3,100,100,76,1,9.3,125,117,22.1,20.9,1,2034.95,1019.4,1004.2
2025-11-23T10:00,-3.7,0.00,69,-8.7,-7.9,0.00,0.00,0.00,2,63,54,29,0,7.3,128,130,14.1,20.5,1,3600.00,1018.6,1003.5
2025-11-23T11:00,-1.6,0.00,56,-9.3,-6.0,0.00,0.00,0.00,2,56,32,34,1,8.2,130,130,12.3,21.6,1,3600.00,1017.4,1002.4
2025-11-23T12:00,0.2,0.00,46,-10.1,-4.1,0.00,0.00,0.00,2,50,0,49,1,7.3,141,140,10.5,21.6,1,3600.00,1016.1,1001.2
2025-11-23T13:00,0.3,0.00,57,-7.3,-4.1,0.00,0.00,0.00,3,100,6,100,0,9.5,144,144,13.8,20.5,1,3600.00,1014.8,1000.0
2025-11-23T14:00,1.4,0.00,51,-7.7,-3.0,0.00,0.00,0.00,3,100,30,100,20,8.6,144,143,12.7,23.8,1,3600.00,1013.3,998.5
2025-11-23T15:00,1.5,0.00,50,-7.7,-2.7,0.00,0.00,0.00,3,100,100,99,98,7.9,126,125,12.7,21.2,1,0.00,1012.0,997.3
2025-11-23T16:00,1.4,0.00,53,-7.2,-3.2,0.00,0.00,0.00,3,100,100,100,100,10.4,127,122,20.8,21.2,1,0.00,1010.8,996.1
2025-11-23T17:00,1.7,0.00,50,-7.5,-3.0,0.00,0.00,0.00,3,100,100,100,100,11.8,137,130,24.0,25.6,0,0.00,1009.5,994.8
2025-11-23T18:00,2.3,0.00,44,-8.6,-2.6,0.00,0.00,0.00,3,100,100,95,100,12.3,158,148,24.9,25.9,0,0.00,1008.1,993.5
2025-11-23T19:00,1.4,0.50,66,-4.3,-2.8,0.00,0.00,0.35,73,100,100,100,100,10.2,155,138,21.0,25.9,0,0.00,1007.5,992.8
2025-11-23T20:00,1.5,0.10,66,-4.2,-2.6,0.00,0.00,0.07,71,100,100,100,100,9.6,158,131,18.8,20.9,0,0.00,1006.5,991.9
2025-11-23T21:00,1.4,0.30,71,-3.3,-2.5,0.30,0.00,0.00,51,100,100,100,100,8.8,175,136,17.2,20.2,0,0.00,1005.6,991.0
2025-11-23T22:00,0.9,0.70,89,-0.7,-2.4,0.60,0.00,0.07,71,100,100,100,100,6.8,204,163,18.5,18.4,0,0.00,1005.2,990.5
2025-11-23T23:00,1.1,1.50,94,0.3,-1.9,1.10,0.00,0.28,73,100,100,100,100,6.7,198,153,17.2,16.6,0,0.00,1004.3,989.7
2025-11-24T00:00,1.6,1.20,95,0.9,-1.5,1.20,0.00,0.00,55,100,100,100,100,7.6,197,161,18.1,16.6,0,0.00,1003.4,988.8
2025-11-24T01:00,1.2,0.90,98,0.9,-1.4,0.90,0.01,0.00,53,100,100,100,100,4.4,189,145,13.5,20.2,0,0.00,1002.8,988.2
2025-11-24T02:00,1.2,0.40,98,0.9,-1.5,0.40,0.01,0.00,51,100,100,98,100,4.8,211,155,13.8,10.8,0,0.00,1002.5,987.9
2025-11-24T03:00,1.7,0.00,98,1.4,-1.2,0.00,0.01,0.00,3,100,100,98,93,7.0,218,184,18.7,15.5,0,0.00,1002.3,987.7
2025-11-24T04:00,1.6,0.00,98,1.3,-1.3,0.00,0.01,0.00,3,100,100,100,26,6.9,230,208,19.9,15.5,0,0.00,1001.9,987.3
2025-11-24T05:00,1.5,0.00,99,1.3,-1.5,0.00,0.01,0.00,3,100,100,100,56,7.3,224,196,19.7,15.1,0,0.00,1001.5,986.9
2025-11-24T06:00,1.7,0.00,99,1.6,-1.3,0.00,0.01,0.00,3,100,100,100,98,7.6,212,187,19.3,16.6,0,0.00,1001.3,986.7
2025-11-24T07:00,2.1,0.00,100,2.0,-0.6,0.00,0.00,0.00,3,100,100,100,100,6.2,207,173,16.9,16.6,0,0.00,1001.0,986.5
2025-11-24T08:00,2.1,0.00,100,2.1,-0.6,0.00,0.00,0.00,3,100,100,100,100,6.0,199,163,16.2,13.3,1,0.00,1000.6,986.1
2025-11-24T09:00,2.6,0.00,99,2.5,0.0,0.00,0.00,0.00,3,100,100,100,94,6.2,189,144,14.4,12.6,1,0.00,1000.5,986.0
2025-11-24T10:00,3.3,0.10,98,3.0,0.6,0.10,0.00,0.00,51,100,100,100,38,7.0,184,148,17.0,14.4,1,0.00,1000.1,985.6
2025-11-24T11:00,3.6,0.20,98,3.3,0.9,0.20,0.00,0.00,51,100,100,100,33,7.8,185,157,18.2,16.2,1,0.00,999.9,985.5
2025-11-24T12:00,4.2,0.20,98,3.9,1.5,0.20,0.00,0.00,51,100,100,100,48,8.9,184,159,19.5,18.4,1,0.00,999.1,984.7
2025-11-24T13:00,5.3,0.10,97,4.9,2.5,0.10,0.00,0.00,51,77,0,23,73,10.7,190,172,20.1,22.0,1,0.00,999.0,984.7
2025-11-24T14:00,5.9,0.00,94,5.0,3.0,0.00,0.00,0.00,2,76,0,31,66,11.6,199,185,21.1,23.0,1,3600.00,998.5,984.2
2025-11-24T15:00,6.0,0.00,93,4.9,3.2,0.00,0.00,0.00,1,23,0,18,18,10.3,197,187,19.8,23.4,1,3600.00,998.1,983.8
2025-11-24T16:00,4.5,0.00,95,3.7,2.1,0.00,0.00,0.00,2,71,55,27,27,6.5,184,152,16.1,19.8,1,3368.02,997.9,983.5
2025-11-24T17:00,2.5,0.00,96,2.0,-0.4,0.00,0.00,0.00,3,100,99,24,43,7.3,171,130,16.6,13.7,0,0.00,998.0,983.5
2025-11-24T18:00,2.3,0.10,96,1.7,-0.5,0.10,0.00,0.00,51,100,99,9,63,6.5,180,134,16.6,14.0,0,0.00,998.2,983.7
2025-11-24T19:00,3.4,0.10,93,2.4,0.3,0.10,0.00,0.00,51,98,95,36,48,9.0,187,150,20.5,13.3,0,0.00,998.7,984.3
2025-11-24T20:00,3.1,0.00,95,2.5,0.6,0.00,0.00,0.00,3,98,96,61,44,5.5,187,148,16.0,16.6,0,0.00,998.8,984.4
2025-11-24T21:00,2.8,0.10,95,2.1,0.4,0.10,0.00,0.00,51,100,98,100,21,3.9,187,118,10.0,11.2,0,0.00,998.9,984.4
2025-11-24T22:00,2.5,0.10,97,2.1,-0.5,0.10,0.00,0.00,51,99,57,92,91,8.7,184,143,18.2,16.6,0,0.00,999.2,984.7
2025-11-24T23:00,3.5,0.10,88,1.7,0.3,0.10,0.00,0.00,51,78,3,73,23,9.4,201,181,22.2,22.0,0,0.00,998.8,984.4
2025-11-25T00:00,3.2,0.00,91,1.9,0.0,0.00,0.00,0.00,1,38,4,7,31,9.2,202,176,19.9,18.4,0,0.00,999.0,984.6
2025-11-25T01:00,1.2,0.00,99,1.0,-1.8,0.00,0.00,0.00,3,97,45,50,91,7.2,194,152,18.3,18.0,0,0.00,999.9,985.3
2025-11-25T02:00,2.5,0.00,99,2.3,-0.5,0.00,0.00,0.00,3,87,75,13,40,8.5,189,148,18.2,16.6,0,0.00,999.7,985.2
2025-11-25T03:00,1.8,0.10,98,1.5,-1.1,0.10,0.00,0.00,51,99,99,7,40,6.9,183,129,15.1,16.9,0,0.00,999.7,985.2
2025-11-25T04:00,0.8,0.00,99,0.6,-1.9,0.00,0.00,0.00,3,99,98,2,68,5.0,181,105,11.9,13.7,0,0.00,999.5,984.9
2025-11-25T05:00,0.1,0.00,99,-0.1,-2.7,0.00,0.00,0.00,3,96,73,2,85,4.2,204,126,12.6,10.4,0,0.00,999.8,985.2
2025-11-25T06:00,0.0,0.00,99,-0.1,-3.1,0.00,0.00,0.00,3,98,44,11,96,6.6,187,127,13.6,12.6,0,0.00,1000.3,985.7
2025-11-25T07:00,1.4,0.00,99,1.3,-1.9,0.00,0.00,0.00,3,100,11,38,100,9.3,137,99,15.4,15.8,0,0.00,1000.4,985.8
2025-11-25T08:00,1.6,0.60,100,1.6,-1.6,0.60,0.00,0.00,53,100,82,84,100,9.4,127,108,16.1,18.0,1,0.00,1001.0,986.4
2025-11-25T09:00,2.3,0.00,99,2.1,-0.7,0.00,0.00,0.00,3,100,100,98,100,8.6,134,98,16.0,18.4,1,0.00,1001.9,987.4
2025-11-25T10:00,3.2,0.00,98,2.9,0.6,0.00,0.00,0.00,3,100,100,91,100,6.5,133,103,12.2,15.1,1,0.00,1002.4,987.9
2025-11-25T11:00,3.9,0.40,97,3.5,1.6,0.40,0.00,0.00,51,100,99,94,100,5.6,133,105,10.8,12.2,1,0.00,1003.1,988.6
2025-11-25T12:00,4.4,0.20,96,3.7,2.4,0.20,0.00,0.00,51,100,99,70,100,3.6,139,108,7.4,11.5,1,0.00,1003.3,988.9
2025-11-25T13:00,5.2,0.10,98,4.9,3.6,0.10,0.00,0.00,51,100,97,98,100,2.7,131,148,3.8,9.7,1,0.00,1003.8,989.4
2025-11-25T14:00,5.1,0.40,98,4.8,3.0,0.40,0.00,0.00,51,100,100,98,100,5.9,187,192,8.9,13.7,1,0.00,1004.2,989.8
2025-11-25T15:00,4.9,0.40,98,4.7,3.1,0.40,0.00,0.00,51,100,100,95,100,3.8,218,211,5.9,13.3,1,0.00,1004.6,990.2
2025-11-25T16:00,4.6,0.30,99,4.4,3.1,0.30,0.00,0.00,51,100,100,99,100,1.4,279,230,3.3,8.3,1,0.00,1005.4,990.9
2025-11-25T17:00,4.4,0.00,98,4.2,2.7,0.00,0.00,0.00,3,100,16,48,100,2.2,304,275,5.8,3.6,0,0.00,1006.2,991.7
2025-11-25T18:00,4.2,0.20,99,4.0,2.3,0.20,0.00,0.00,51,100,77,56,100,3.5,350,348,9.5,6.8,0,0.00,1007.1,992.6
2025-11-25T19:00,3.5,0.10,97,3.0,1.2,0.10,0.00,0.00,51,98,90,9,80,4.4,16,32,9.6,10.1,0,0.00,1007.8,993.2
2025-11-25T20:00,3.5,1.00,93,2.5,1.3,1.00,0.00,0.00,55,99,50,78,92,3.1,38,45,8.9,9.7,0,0.00,1008.5,993.9
2025-11-25T21:00,3.4,0.00,93,2.3,1.0,0.00,0.00,0.00,2,54,1,42,21,3.9,63,68,7.9,7.6,0,0.00,1009.1,994.5
2025-11-25T22:00,1.7,0.10,98,1.3,-0.8,0.10,0.00,0.00,51,93,23,85,36,3.8,15,19,8.4,7.9,0,0.00,1009.9,995.2
2025-11-25T23:00,1.5,0.00,99,1.4,-1.0,0.00,0.00,0.00,3,100,17,95,99,4.1,338,337,12.2,8.6,0,0.00,1010.6,995.9
2025-11-26T00:00,1.4,0.20,99,1.2,-1.2,0.20,0.00,0.00,51,100,84,96,77,5.0,344,334,14.2,9.7,0,0.00,1011.3,996.6
2025-11-26T01:00,3.9,0.30,98,3.6,1.4,0.30,0.00,0.00,51,74,7,68,27,7.1,358,351,15.1,13.0,0,0.00,1011.7,997.1
2025-11-26T02:00,3.4,0.00,98,3.1,0.7,0.00,0.00,0.00,1,47,5,41,5,7.4,7,357,16.5,14.8,0,0.00,1011.9,997.3
2025-11-26T03:00,2.3,0.00,98,2.0,-0.6,0.00,0.00,0.00,2,66,0,59,27,7.6,359,348,17.6,14.8,0,0.00,1012.5,997.8
2025-11-26T04:00,2.0,0.00,98,1.7,-1.0,0.00,0.00,0.00,1,25,0,23,4,7.7,350,342,18.6,16.6,0,0.00,1013.0,998.3
2025-11-26T05:00,1.4,0.00,98,1.1,-1.7,0.00,0.00,0.00,1,23,0,8,20,8.1,3,355,19.1,15.8,0,0.00,1013.6,998.8
2025-11-26T06:00,1.2,0.00,98,0.9,-2.1,0.00,0.00,0.00,3,100,0,9,100,9.4,9,1,21.3,19.1,0,0.00,1014.8,1000.0
2025-11-26T07:00,2.4,0.00,98,2.1,-0.9,0.00,0.00,0.00,3,100,1,5,100,10.8,7,2,22.1,20.5,0,0.00,1015.2,1000.5
2025-11-26T08:00,3.2,0.00,97,2.8,0.2,0.00,0.00,0.00,3,100,2,0,100,8.8,358,348,17.5,21.2,1,0.00,1016.2,1001.5
2025-11-26T09:00,3.5,0.00,97,3.1,0.7,0.00,0.00,0.00,3,100,6,2,100,8.5,345,331,14.9,18.4,1,0.00,1017.2,1002.5
2025-11-26T10:00,3.8,0.00,94,2.9,0.4,0.00,0.00,0.00,3,100,8,0,100,12.0,349,343,20.2,26.6,1,0.00,1018.0,1003.3
2025-11-26T11:00,4.2,0.00,88,2.4,0.7,0.00,0.00,0.00,3,100,13,0,100,11.9,358,355,17.7,27.7,1,3345.22,1018.6,1003.9
2025-11-26T12:00,3.8,0.00,88,2.0,0.4,0.00,0.00,0.00,3,100,0,0,100,10.6,2,358,15.5,27.0,1,0.00,1019.1,1004.4
2025-11-26T13:00,4.6,0.00,85,2.2,1.2,0.00,0.00,0.00,3,100,0,56,100,10.9,350,348,16.2,24.8,1,0.00,1019.1,1004.4
2025-11-26T14:00,4.8,0.00,80,1.7,1.4,0.00,0.00,0.00,2,69,0,10,65,10.7,350,348,15.9,25.9,1,905.81,1019.6,1004.9
2025-11-26T15:00,4.7,0.00,78,1.2,1.3,0.00,0.00,0.00,3,83,0,0,83,9.5,351,350,14.4,24.1,1,1754.26,1020.0,1005.3
2025-11-26T16:00,4.3,0.00,79,1.0,1.3,0.00,0.00,0.00,1,23,0,0,23,7.0,11,12,12.7,21.2,1,0.00,1020.8,1006.1
2025-11-26T17:00,3.5,0.00,83,0.8,0.7,0.00,0.00,0.00,1,29,0,0,29,5.4,39,50,12.5,15.1,0,0.00,1021.5,1006.7
2025-11-26T18:00,2.9,0.00,85,0.6,0.1,0.00,0.00,0.00,1,29,0,0,29,4.8,59,79,12.4,10.8,0,0.00,1022.0,1007.2
2025-11-26T19:00,1.8,0.00,89,0.3,-1.0,0.00,0.00,0.00,1,45,0,0,45,4.7,65,86,11.9,9.7,0,0.00,1022.6,1007.7
2025-11-26T20:00,1.4,0.00,91,0.2,-1.2,0.00,0.00,0.00,2,66,0,0,66,3.4,80,106,8.0,8.3,0,0.00,1023.2,1008.3
2025-11-26T21:00,1.1,0.00,93,0.1,-1.2,0.00,0.00,0.00,3,100,0,0,100,1.1,76,99,3.0,5.8,0,0.00,1023.8,1008.9
2025-11-26T22:00,1.9,0.00,92,0.8,-0.4,0.00,0.00,0.00,3,100,0,0,100,2.0,83,85,1.5,4.3,0,0.00,1024.3,1009.4
2025-11-26T23:00,2.1,0.00,92,0.9,-0.4,0.00,0.00,0.00,3,100,0,0,100,3.9,113,112,4.5,7.6,0,0.00,1024.2,1009.3
2025-11-27T00:00,2.2,0.00,90,0.8,-0.4,0.00,0.00,0.00,3,94,0,0,94,4.5,128,124,8.0,8.6,0,0.00,1024.3,1009.4
2025-11-27T01:00,3.0,0.00,91,1.6,0.5,0.00,0.00,0.00,3,100,0,0,100,4.2,153,133,6.7,8.6,0,0.00,1024.5,1009.7
2025-11-27T02:00,2.8,0.00,91,1.5,0.2,0.00,0.00,0.00,3,100,0,0,100,5.2,166,153,9.5,9.7,0,0.00,1024.4,1009.6
2025-11-27T03:00,2.5,0.00,92,1.4,-0.1,0.00,0.00,0.00,3,99,30,0,99,4.7,195,187,10.4,10.1,0,0.00,1024.4,1009.5
2025-11-27T04:00,2.4,0.00,91,1.2,-0.2,0.00,0.00,0.00,3,100,98,0,86,4.5,205,187,11.0,9.4,0,0.00,1024.2,1009.3
2025-11-27T05:00,2.1,0.00,90,0.6,-0.7,0.00,0.00,0.00,3,82,7,0,81,5.4,194,174,13.2,10.8,0,0.00,1024.2,1009.3
2025-11-27T06:00,1.4,0.00,86,-0.6,-1.7,0.00,0.00,0.00,2,78,44,0,62,5.8,201,176,14.8,11.2,0,0.00,1024.5,1009.6
2025-11-27T07:00,2.4,0.00,92,1.2,-0.5,0.00,0.00,0.00,3,99,23,0,99,6.4,231,205,15.0,11.5,0,0.00,1025.0,1010.1
2025-11-27T08:00,2.5,0.00,90,1.0,-0.5,0.00,0.00,0.00,3,96,0,0,96,7.0,217,193,15.6,14.0,1,0.00,1025.1,1010.2
2025-11-27T09:00,2.8,0.00,88,1.0,-0.6,0.00,0.00,0.00,2,70,0,0,70,9.3,210,196,18.6,18.7,1,528.02,1025.2,1010.4
2025-11-27T10:00,3.6,0.00,86,1.5,0.6,0.00,0.00,0.00,2,59,0,0,59,7.6,203,188,16.4,19.1,1,3600.00,1025.6,1010.8
2025-11-27T11:00,4.5,0.00,78,0.9,1.0,0.00,0.00,0.00,3,83,13,0,80,10.0,201,197,15.3,23.4,1,3600.00,1025.4,1010.6
2025-11-27T12:00,5.1,0.00,67,-0.6,1.0,0.00,0.00,0.00,3,100,100,0,58,12.7,221,220,18.7,28.8,1,3600.00,1024.9,1010.2
2025-11-27T13:00,5.2,0.00,65,-0.7,1.0,0.00,0.00,0.00,3,100,100,1,68,13.6,220,219,19.7,29.9,1,3600.00,1024.6,1009.9
2025-11-27T14:00,5.3,0.00,65,-0.6,1.1,0.00,0.00,0.00,3,100,98,2,99,13.4,219,217,19.7,31.0,1,3600.00,1024.3,1009.6
2025-11-27T15:00,5.1,0.00,67,-0.6,1.0,0.00,0.00,0.00,3,100,100,9,90,12.3,218,217,18.7,30.6,1,2988.27,1024.0,1009.3
2025-11-27T16:00,4.7,0.00,71,-0.1,1.2,0.00,0.00,0.00,3,100,99,43,44,9.3,207,199,17.2,27.7,1,1126.38,1024.1,1009.4
2025-11-27T17:00,3.7,0.00,76,-0.2,0.1,0.00,0.00,0.00,3,100,100,95,2,9.7,202,190,19.8,19.8,0,0.00,1024.1,1009.3
2025-11-27T18:00,3.3,0.00,78,-0.2,-0.2,0.00,0.00,0.00,3,100,80,99,0,9.4,204,192,20.1,19.8,0,0.00,1024.2,1009.4
2025-11-27T19:00,3.6,0.00,80,0.4,0.0,0.00,0.00,0.00,3,100,98,100,9,10.2,204,190,20.2,19.4,0,0.00,1024.7,1009.9
2025-11-27T20:00,3.6,0.00,80,0.5,0.1,0.00,0.00,0.00,3,100,26,100,95,10.0,205,195,19.9,21.6,0,0.00,1024.9,1010.1
2025-11-27T21:00,3.6,0.10,81,0.7,0.2,0.10,0.00,0.00,51,100,18,100,100,9.7,203,191,18.8,21.6,0,0.00,1025.0,1010.2
2025-11-27T22:00,3.6,0.00,83,1.1,0.2,0.00,0.00,0.00,3,100,2,100,100,9.7,207,196,19.2,20.5,0,0.00,1024.8,1010.0
2025-11-27T23:00,3.7,0.00,85,1.4,0.4,0.00,0.00,0.00,3,100,16,100,100,9.7,207,196,18.9,20.9,0,0.00,1024.6,1009.8
2025-11-28T00:00,3.7,0.00,84,1.3,0.4,0.00,0.00,0.00,3,100,0,100,100,9.6,208,201,19.2,20.9,0,0.00,1024.4,1009.6
2025-11-28T01:00,3.9,0.00,84,1.5,0.5,0.00,0.00,0.00,3,100,1,100,100,10.1,214,204,19.2,20.5,0,0.00,1024.3,1009.5
2025-11-28T02:00,3.7,0.10,85,1.5,0.5,0.10,0.00,0.00,51,100,2,100,100,9.3,211,199,17.9,21.2,0,0.00,1023.9,1009.1
2025-11-28T03:00,3.6,0.10,87,1.6,0.3,0.10,0.00,0.00,51,100,32,100,100,9.7,205,192,18.5,20.2,0,0.00,1023.7,1008.9
2025-11-28T04:00,3.5,0.00,87,1.6,0.1,0.00,0.00,0.00,3,100,1,99,100,10.1,206,196,19.1,20.9,0,0.00,1023.3,1008.5
2025-11-28T05:00,3.5,0.00,87,1.5,0.2,0.00,0.00,0.00,3,100,0,100,100,9.3,210,198,18.6,20.5,0,0.00,1023.0,1008.2
2025-11-28T06:00,3.6,0.00,85,1.3,0.4,0.00,0.00,0.00,3,100,0,98,100,8.5,210,197,17.8,19.4,0,0.00,1022.7,1007.9
2025-11-28T07:00,3.4,0.00,88,1.7,0.2,0.00,0.00,0.00,3,100,1,90,100,9.6,210,200,18.6,18.0,0,0.00,1022.7,1007.9
2025-11-28T08:00,3.5,0.00,87,1.6,0.3,0.00,0.00,0.00,3,100,0,38,100,9.4,206,192,18.6,20.2,1,0.00,1022.5,1007.7
2025-11-28T09:00,3.9,0.00,86,1.8,0.7,0.00,0.00,0.00,3,100,0,23,100,9.4,206,193,18.4,19.8,1,0.00,1022.5,1007.7
2025-11-28T10:00,4.1,0.00,86,1.9,1.1,0.00,0.00,0.00,3,100,0,36,100,8.1,197,183,16.6,19.8,1,0.00,1022.5,1007.8
2025-11-28T11:00,4.6,0.00,83,1.9,1.5,0.00,0.00,0.00,3,100,13,63,100,8.5,192,185,13.6,20.9,1,0.00,1022.2,1007.5
2025-11-28T12:00,5.0,0.00,82,2.1,2.0,0.00,0.00,0.00,3,100,99,93,100,8.2,194,188,13.2,19.8,1,0.00,1021.4,1006.7
2025-11-28T13:00,5.3,0.00,78,1.9,2.2,0.00,0.00,0.00,3,100,89,100,100,9.1,178,172,13.9,20.2,1,0.00,1020.7,1006.1
2025-11-28T14:00,5.6,0.00,80,2.4,2.7,0.00,0.00,0.00,3,100,100,95,100,8.3,177,166,13.9,20.5,1,0.00,1019.9,1005.3
2025-11-28T15:00,5.7,0.00,81,2.8,2.8,0.00,0.00,0.00,3,100,99,69,99,8.9,185,173,16.1,20.9,1,0.00,1019.2,1004.6
2025-11-28T16:00,5.7,0.00,83,3.1,2.9,0.00,0.00,0.00,3,100,92,18,100,8.0,185,164,16.6,19.8,1,0.00,1019.0,1004.4
2025-11-28T17:00,5.6,0.00,85,3.3,2.8,0.00,0.00,0.00,3,100,93,39,100,8.5,189,163,17.1,17.3,0,0.00,1019.0,1004.4
2025-11-28T18:00,5.9,0.00,85,3.6,3.1,0.00,0.00,0.00,3,100,100,91,100,9.3,187,165,18.7,19.4,0,0.00,1018.6,1004.0
2025-11-28T19:00,6.0,0.00,89,4.4,3.3,0.00,0.00,0.00,3,100,100,99,100,9.2,185,163,17.7,19.4,0,0.00,1018.7,1004.1
2025-11-28T20:00,5.7,0.50,95,4.9,3.2,0.50,0.00,0.00,53,100,100,100,100,8.3,193,169,18.5,18.7,0,0.00,1018.6,1004.0
2025-11-28T21:00,5.8,1.80,96,5.2,3.4,1.80,0.00,0.00,61,100,100,100,100,8.8,200,178,19.6,18.0,0,0.00,1018.3,1003.7
2025-11-28T22:00,6.0,0.80,97,5.6,3.6,0.80,0.00,0.00,53,100,100,100,100,8.9,204,187,19.9,20.2,0,0.00,1017.9,1003.3
2025-11-28T23:00,6.1,1.00,98,5.8,3.9,1.00,0.00,0.00,55,100,100,100,100,8.0,214,194,18.2,18.4,0,0.00,1017.5,1002.9
2025-11-29T00:00,6.2,0.50,98,5.9,3.8,0.50,0.00,0.00,53,100,100,100,100,8.9,211,193,19.4,18.4,0,0.00,1017.0,1002.4
2025-11-29T01:00,5.9,0.20,99,5.7,3.5,0.20,0.00,0.00,51,100,100,81,100,9.3,218,204,19.9,18.4,0,0.00,1016.8,1002.2
2025-11-29T02:00,6.1,0.10,98,5.8,3.7,0.10,0.00,0.00,51,100,100,100,100,9.3,227,216,20.0,19.1,0,0.00,1016.8,1002.2
2025-11-29T03:00,6.2,0.20,99,6.0,3.8,0.20,0.00,0.00,51,100,99,100,100,9.5,226,213,20.5,19.1,0,0.00,1016.5,1002.0
2025-11-29T04:00,6.3,0.30,98,6.1,4.1,0.30,0.00,0.00,51,100,46,100,100,8.6,225,210,19.2,19.4,0,0.00,1015.9,1001.4
2025-11-29T05:00,6.4,0.30,98,6.1,4.3,0.30,0.00,0.00,51,100,0,100,100,7.5,220,201,17.2,17.3,0,0.00,1015.6,1001.1
2025-11-29T06:00,6.4,0.20,98,6.1,4.4,0.20,0.00,0.00,51,100,0,100,100,6.7,226,207,16.0,15.5,0,0.00,1015.6,1001.1
2025-11-29T07:00,6.6,0.10,99,6.4,4.7,0.10,0.00,0.00,51,100,4,15,100,6.7,217,188,13.9,14.0,0,0.00,1015.8,1001.3
2025-11-29T08:00,6.7,0.10,99,6.6,4.8,0.10,0.00,0.00,51,100,0,65,100,6.9,209,185,15.2,14.0,1,0.00,1015.7,1001.2
2025-11-29T09:00,6.9,0.30,99,6.8,5.0,0.30,0.00,0.00,51,100,0,100,100,7.7,213,198,17.1,16.2,1,0.00,1015.8,1001.3
2025-11-29T10:00,7.3,0.20,99,7.1,5.2,0.20,0.00,0.00,51,100,0,51,100,8.8,200,180,17.5,17.6,1,0.00,1015.3,1000.8
2025-11-29T11:00,8.0,0.00,96,7.4,5.9,0.00,0.00,0.00,3,99,0,29,99,9.6,199,185,18.7,20.9,1,0.00,1015.0,1000.6
2025-11-29T12:00,8.3,0.00,95,7.6,6.3,0.00,0.00,0.00,3,100,30,72,100,9.6,203,196,16.0,21.2,1,0.00,1014.3,999.9
2025-11-29T13:00,8.4,0.30,95,7.7,6.5,0.30,0.00,0.00,51,96,57,1,91,8.9,184,167,16.8,20.9,1,0.00,1013.9,999.5
2025-11-29T14:00,9.4,0.00,90,7.8,7.2,0.00,0.00,0.00,3,91,28,16,87,11.2,172,175,16.5,24.8,1,1182.07,1013.2,998.9
2025-11-29T15:00,9.3,0.00,90,7.8,7.7,0.00,0.00,0.00,3,98,95,22,46,7.3,149,144,11.8,23.8,1,3600.00,1012.5,998.2
2025-11-29T16:00,8.4,0.00,94,7.5,6.7,0.00,0.00,0.00,3,100,100,1,27,7.1,140,120,14.3,15.5,1,3103.15,1012.2,997.8
2025-11-29T17:00,7.3,0.00,95,6.6,5.1,0.00,0.00,0.00,3,100,100,2,16,8.9,128,108,17.8,16.9,0,0.00,1011.8,997.4
2025-11-29T18:00,6.6,0.00,96,6.0,4.6,0.00,0.00,0.00,3,100,100,6,60,7.3,136,106,16.8,16.9,0,0.00,1011.6,997.1
2025-11-29T19:00,7.3,0.00,97,6.9,5.3,0.00,0.00,0.00,3,100,100,5,97,8.5,139,103,15.6,16.2,0,0.00,1011.4,997.0
2025-11-29T20:00,7.9,0.00,96,7.3,5.8,0.00,0.00,0.00,3,100,100,0,36,9.1,142,111,15.7,17.6,0,0.00,1011.3,996.9
2025-11-29T21:00,7.1,0.00,97,6.6,5.1,0.00,0.00,0.00,3,100,100,0,16,8.2,159,119,15.3,17.6,0,0.00,1011.1,996.7
2025-11-29T22:00,6.4,0.00,97,6.0,4.3,0.00,0.00,0.00,3,96,95,0,5,7.5,152,114,14.3,16.2,0,0.00,1010.9,996.4
2025-11-29T23:00,5.2,0.00,98,4.9,2.9,0.00,0.00,0.00,3,98,98,0,9,7.3,149,106,12.8,14.8,0,0.00,1010.8,996.3
2025-11-30T00:00,4.8,0.00,98,4.4,2.3,0.00,0.00,0.00,3,99,99,1,2,7.8,147,113,14.6,15.5,0,0.00,1010.7,996.2
2025-11-30T01:00,4.4,0.00,99,4.2,1.7,0.00,0.00,0.00,3,99,99,19,28,8.9,125,103,14.9,15.5,0,0.00,1011.0,996.4
2025-11-30T02:00,4.9,0.00,98,4.6,2.4,0.00,0.00,0.00,3,100,100,15,30,8.7,129,111,15.7,16.6,0,0.00,1010.7,996.2
2025-11-30T03:00,4.9,0.00,97,4.4,2.2,0.00,0.00,0.00,3,100,100,13,2,9.0,135,116,17.4,17.6,0,0.00,1010.7,996.2
2025-11-30T04:00,4.3,0.00,97,3.9,1.7,0.00,0.00,0.00,3,100,100,3,3,7.8,143,113,14.5,17.3,0,0.00,1010.7,996.1
2025-11-30T05:00,3.9,0.00,97,3.4,1.3,0.00,0.00,0.00,3,100,100,4,9,7.1,158,117,14.4,15.1,0,0.00,1010.9,996.3
2025-11-30T06:00,3.9,0.00,97,3.4,1.2,0.00,0.00,0.00,3,98,98,5,8,7.5,170,123,15.2,14.4,0,0.00,1011.2,996.6
2025-11-30T07:00,4.0,0.00,98,3.7,1.3,0.00,0.00,0.00,3,100,100,72,29,8.3,160,123,16.9,15.1,0,0.00,1011.0,996.4
2025-11-30T08:00,5.0,0.10,97,4.6,2.4,0.10,0.00,0.00,51,100,46,100,66,8.9,167,133,18.3,18.4,1,0.00,1011.4,996.9
2025-11-30T09:00,5.9,0.20,97,5.4,3.6,0.20,0.00,0.00,51,100,48,100,95,7.7,178,141,15.8,17.6,1,0.00,1012.0,997.5
2025-11-30T10:00,6.3,0.50,97,5.8,4.0,0.50,0.00,0.00,53,100,56,100,100,8.1,194,168,16.3,15.8,1,0.00,1012.5,998.0
2025-11-30T11:00,6.7,1.20,97,6.3,4.5,1.20,0.00,0.00,55,100,88,100,100,9.0,206,183,18.2,20.9,1,0.00,1012.8,998.3
2025-11-30T12:00,7.2,0.70,98,6.9,5.3,0.70,0.00,0.00,53,100,100,99,100,7.5,215,190,14.7,18.4,1,0.00,1012.9,998.5
2025-11-30T13:00,6.6,0.10,98,6.2,4.8,0.10,0.00,0.00,51,100,100,100,100,5.8,217,200,11.2,15.5,1,0.00,1013.1,998.6
2025-11-30T14:00,6.9,0.40,98,6.6,5.2,0.40,0.00,0.00,51,100,99,100,100,5.4,238,228,8.9,11.9,1,0.00,1013.4,998.9
2025-11-30T15:00,7.0,0.20,99,6.9,5.8,0.20,0.00,0.00,51,100,100,100,100,3.2,276,254,6.7,11.2,1,0.00,1013.7,999.2
2025-11-30T16:00,6.8,0.20,100,6.7,5.6,0.20,0.00,0.00,51,100,100,100,99,2.3,274,225,7.6,7.6,1,0.00,1014.3,999.8
2025-11-30T17:00,6.7,0.30,99,6.6,4.7,0.30,0.00,0.00,51,100,100,100,63,7.3,244,220,15.9,13.7,0,0.00,1015.0,1000.5
2025-11-30T18:00,6.6,0.10,97,6.1,4.3,0.10,0.00,0.00,51,100,100,100,13,9.2,239,230,21.1,18.4,0,0.00,1015.6,1001.1
2025-11-30T19:00,6.2,0.10,95,5.4,3.4,0.10,0.00,0.00,51,100,100,71,100,11.5,219,211,22.8,22.0,0,0.00,1016.5,1002.0
2025-11-30T20:00,5.9,0.30,98,5.6,3.2,0.30,0.00,0.00,51,100,100,100,100,11.2,223,218,22.3,22.3,0,0.00,1017.1,1002.5
2025-11-30T21:00,5.9,0.10,98,5.7,3.3,0.10,0.00,0.00,51,100,78,83,100,10.9,238,230,20.8,22.7,0,0.00,1017.7,1003.1
2025-11-30T22:00,5.7,0.00,94,4.8,2.9,0.00,0.00,0.00,3,100,25,13,100,10.5,262,253,19.8,21.6,0,0.00,1018.5,1003.9
2025-11-30T23:00,5.4,0.00,97,4.9,2.7,0.00,0.00,0.00,3,100,0,1,100,10.3,297,289,18.8,20.2,0,0.00,1019.1,1004.5
